ply
format ascii 1.0
comment File generated
element vertex 43119
property float x
property float y
property float z
end_header
1801.45 1573.75 3953
1794.71 1573.75 3953
1787.97 1573.75 3953
1781.23 1573.75 3953
1783.02 1581.31 3972
1784.75 1588.87 3991
1777.95 1588.87 3991
1771.14 1588.87 3991
1751.96 1577.73 3963
1724.51 1559.02 3916
1726.17 1566.58 3935
1719.46 1566.58 3935
1712.75 1566.58 3935
1706.04 1566.58 3935
1699.33 1566.58 3935
1692.63 1566.58 3935
1666.21 1548.27 3889
1648.06 1537.52 3862
1680.15 1573.75 3953
1673.41 1573.75 3953
1666.67 1573.75 3953
1664.13 1577.73 3963
1657.38 1577.73 3963
1650.62 1577.73 3963
1647.6 1581.31 3972
1640.83 1581.31 3972
1638.17 1585.29 3982
1631.38 1585.29 3982
1628.27 1588.87 3991
1629.18 1596.44 4010
1622.35 1596.44 4010
1615.51 1596.44 4010
1597.44 1585.29 3982
1583.06 1577.73 3963
1576.31 1577.73 3963
1562.03 1570.16 3944
1551.75 1566.58 3935
1516.38 1537.52 3862
1509.8 1537.52 3862
1503.21 1537.52 3862
1493.14 1533.93 3853
1486.57 1533.93 3853
1480.01 1533.93 3853
1473.44 1533.93 3853
1450.12 1516.42 3809
1437.18 1509.65 3792
1430.72 1509.65 3792
1414.49 1499.3 3766
1408.07 1499.3 3766
1401.65 1499.3 3766
1395.23 1499.3 3766
1373.32 1482.58 3724
1366.97 1482.58 3724
1360.62 1482.58 3724
1354.27 1482.58 3724
1338.88 1472.62 3699
1329.69 1469.44 3691
1320.53 1466.25 3683
1314.25 1466.25 3683
1307.97 1466.25 3683
1301.69 1466.25 3683
1298.23 1469.44 3691
1294.74 1472.62 3699
1288.43 1472.62 3699
1290.79 1482.58 3724
1284.44 1482.58 3724
1278.09 1482.58 3724
1271.74 1482.58 3724
1265.39 1482.58 3724
1256.34 1479.39 3716
1250.01 1479.39 3716
1240.66 1475.81 3707
1229.01 1469.44 3691
1222.72 1469.44 3691
1216.43 1469.44 3691
1199.32 1456.3 3658
1187.86 1449.93 3642
1184.25 1453.12 3650
1183.51 1459.88 3667
1177.26 1459.88 3667
1173.57 1463.07 3675
1174.92 1472.62 3699
1184.41 1492.53 3749
1178.02 1492.53 3749
1171.63 1492.53 3749
1165.24 1492.53 3749
1161.32 1495.71 3757
1154.92 1495.71 3757
1148.51 1495.71 3757
1142.11 1495.71 3757
1135.7 1495.71 3757
1126.89 1492.53 3749
1120.5 1492.53 3749
1114.11 1492.53 3749
1107.72 1492.53 3749
1098.69 1488.95 3740
1092.31 1488.95 3740
1085.93 1488.95 3740
1079.56 1488.95 3740
1073.18 1488.95 3740
1066.81 1488.95 3740
1058.16 1485.76 3732
1051.8 1485.76 3732
1045.44 1485.76 3732
1034.62 1479.39 3716
1023.58 1472.62 3699
1017.28 1472.62 3699
1008.78 1469.44 3691
1002.49 1469.44 3691
991.882 1463.07 3675
985.617 1463.07 3675
977.22 1459.88 3667
970.969 1459.88 3667
964.718 1459.88 3667
958.466 1459.88 3667
952.215 1459.88 3667
948.027 1463.07 3675
941.763 1463.07 3675
935.498 1463.07 3675
929.233 1463.07 3675
922.968 1463.07 3675
918.698 1466.25 3683
912.42 1466.25 3683
906.141 1466.25 3683
899.862 1466.25 3683
891.643 1463.07 3675
883.451 1459.88 3667
877.199 1459.88 3667
866.91 1453.12 3650
860.688 1453.12 3650
854.466 1453.12 3650
848.243 1453.12 3650
840.175 1449.93 3642
833.967 1449.93 3642
826.167 1447.14 3635
819.97 1447.14 3635
810.192 1440.78 3619
800.468 1434.41 3603
792.562 1431.22 3595
786.433 1431.22 3595
780.305 1431.22 3595
774.176 1431.22 3595
768.047 1431.22 3595
761.919 1431.22 3595
754.319 1428.43 3588
746.534 1425.25 3580
738.776 1422.06 3572
732.687 1422.06 3572
721.919 1412.91 3549
715.869 1412.91 3549
708.419 1410.12 3542
702.38 1410.12 3542
696.342 1410.12 3542
690.304 1410.12 3542
684.266 1410.12 3542
678.227 1410.12 3542
672.189 1410.12 3542
667.468 1412.91 3549
662.908 1416.09 3557
656.845 1416.09 3557
650.781 1416.09 3557
644.717 1416.09 3557
637.217 1412.91 3549
631.167 1412.91 3549
623.883 1410.12 3542
617.845 1410.12 3542
611.807 1410.12 3542
605.769 1410.12 3542
598.376 1406.94 3534
593.692 1410.12 3542
587.654 1410.12 3542
581.616 1410.12 3542
574.278 1406.94 3534
567.128 1404.15 3527
561.115 1404.15 3527
555.102 1404.15 3527
548 1401.36 3520
541.999 1401.36 3520
535.998 1401.36 3520
529.998 1401.36 3520
523.997 1401.36 3520
515.789 1395.39 3505
508.65 1392.21 3497
502.689 1392.21 3497
495.733 1389.42 3490
489.783 1389.42 3490
482.863 1386.63 3483
476.926 1386.63 3483
470.988 1386.63 3483
463.048 1380.66 3468
457.136 1380.66 3468
451.223 1380.66 3468
444.413 1377.87 3461
437.626 1375.09 3454
430.862 1372.3 3447
424.986 1372.3 3447
417.408 1366.73 3433
409.038 1358.37 3412
401.567 1352.79 3398
395.774 1352.79 3398
387.571 1344.43 3377
380.231 1338.86 3363
371.603 1328.51 3337
370.3 1344.43 3377
364.543 1344.43 3377
363.992 1363.94 3426
358.152 1363.94 3426
352.311 1363.94 3426
346.471 1363.94 3426
-11.8932 177.161 445
-12.6518 177.161 445
-13.4104 177.161 445
-14.169 177.161 445
-14.827 175.966 442
-15.5452 175.568 441
-16.297 175.568 441
-18.5103 175.17 440
-19.2604 175.17 440
-20.0105 175.17 440
-20.7606 175.17 440
-21.4618 174.772 439
-22.2102 174.772 439
-22.9063 174.374 438
-23.4909 173.18 435
-24.1211 172.383 433
-24.8018 171.985 432
-25.5383 171.985 432
-26.0923 170.791 429
-26.6986 169.995 427
-27.3623 169.597 426
-28.0885 169.597 426
-28.7471 169.199 425
-29.4022 168.8 424
-30.054 168.402 423
-30.6296 167.606 421
-31.3473 167.606 421
-31.9888 167.208 420
-32.627 166.81 419
-33.3413 166.81 419
-34.0555 166.81 419
-34.6868 166.412 418
-35.3147 166.014 417
-35.8528 165.217 415
-36.4722 164.819 414
-37.178 164.819 414
-37.7922 164.421 413
-38.4963 164.421 413
-39.1054 164.023 412
-39.8078 164.023 412
-40.4118 163.625 411
-41.0125 163.227 410
-41.7114 163.227 410
-42.4103 163.227 410
-43.0041 162.829 409
-43.4877 162.032 407
-44.1815 162.032 407
-44.8754 162.032 407
-45.5692 162.032 407
-46.1494 161.634 406
-46.8415 161.634 406
-47.4165 161.236 405
-48.107 161.236 405
-48.7974 161.236 405
-49.4878 161.236 405
-50.0543 160.838 404
-50.743 160.838 404
-51.4318 160.838 404
-51.9915 160.44 403
-52.5478 160.042 402
-53.2331 160.042 402
-53.9184 160.042 402
-54.6037 160.042 402
-62.9204 156.857 394
-63.5921 156.857 394
-64.2638 156.857 394
-64.9354 156.857 394
-65.6071 156.857 394
-66.2788 156.857 394
-66.9505 156.857 394
-67.6221 156.857 394
-68.2938 156.857 394
-68.9655 156.857 394
-69.6371 156.857 394
-70.3088 156.857 394
-70.9805 156.857 394
-71.6522 156.857 394
-72.3238 156.857 394
-72.9955 156.857 394
-73.6672 156.857 394
-74.3388 156.857 394
-75.0105 156.857 394
-75.6822 156.857 394
-76.3539 156.857 394
-77.221 157.255 395
-77.8944 157.255 395
-78.7667 157.653 396
-79.843 158.449 398
-80.5215 158.449 398
-81.2 158.449 398
-82.0842 158.848 399
-82.7644 158.848 399
-83.4446 158.848 399
-84.1248 158.848 399
-85.0175 159.246 400
-85.6994 159.246 400
-86.3813 159.246 400
-87.0632 159.246 400
-87.7451 159.246 400
-88.6481 159.644 401
-89.3317 159.644 401
-90.0153 159.644 401
-90.6989 159.644 401
-91.3825 159.644 401
-92.0661 159.644 401
-92.7497 159.644 401
-93.4333 159.644 401
-94.1169 159.644 401
-94.8005 159.644 401
-106.043 169.995 427
-106.771 169.995 427
-107.498 169.995 427
-108.226 169.995 427
-108.954 169.995 427
-109.939 170.393 428
-110.669 170.393 428
-111.398 170.393 428
-112.39 170.791 429
-113.121 170.791 429
-113.853 170.791 429
-114.851 171.189 430
-115.853 171.587 431
-116.588 171.587 431
-117.595 171.985 432
-118.605 172.383 433
-119.343 172.383 433
-120.081 172.383 433
-120.82 172.383 433
-121.838 172.782 434
-123.143 173.578 436
-123.886 173.578 436
-125.487 174.772 439
-126.236 174.772 439
-126.984 174.772 439
-128.023 175.17 440
-129.066 175.568 441
-129.818 175.568 441
-130.57 175.568 441
-131.619 175.966 442
-132.373 175.966 442
-133.126 175.966 442
-133.88 175.966 442
-134.633 175.966 442
-156.021 199.455 501
-156.875 199.455 501
-157.729 199.455 501
-158.583 199.455 501
-159.437 199.455 501
-160.291 199.455 501
-161.467 199.853 502
-162.323 199.853 502
-163.504 200.251 503
-164.361 200.251 503
-165.219 200.251 503
-166.076 200.251 503
-166.934 200.251 503
-167.791 200.251 503
-168.313 199.853 502
-169.169 199.853 502
-170.025 199.853 502
-170.881 199.853 502
-171.736 199.853 502
-881.651 928.8 2333
-885.628 928.8 2333
-889.605 928.8 2333
-893.582 928.8 2333
-897.559 928.8 2333
-899.218 926.412 2327
-898.139 921.236 2314
-898.186 917.255 2304
-902.113 917.255 2304
-904.861 916.061 2301
-907.599 914.866 2298
-906.36 909.691 2285
-910.255 909.691 2285
-912.951 908.496 2282
-916.841 908.496 2282
-918.31 906.108 2276
-922.19 906.108 2276
-926.07 906.108 2276
-927.499 903.719 2270
-931.368 903.719 2270
-935.238 903.719 2270
-937.867 902.525 2267
-939.239 900.136 2261
-943.094 900.136 2261
-946.948 900.136 2261
-949.12 898.544 2257
-946.635 892.572 2242
-944.098 886.6 2227
-947.894 886.6 2227
-950.409 885.406 2224
-951.626 883.017 2218
-949.376 877.444 2204
-953.133 877.444 2204
-954.286 875.055 2198
-955.418 872.666 2192
-955.654 869.481 2184
-959.377 869.481 2184
-960.454 867.093 2178
-962.839 865.898 2175
-963.881 863.51 2169
-967.578 863.51 2169
-969.037 861.519 2164
-971.377 860.325 2161
-971.452 857.14 2153
-975.122 857.14 2153
-978.792 857.14 2153
-981.094 855.945 2150
-982.011 853.557 2144
-985.666 853.557 2144
-989.321 853.557 2144
-990.66 851.566 2139
-994.306 851.566 2139
-997.953 851.566 2139
-997.853 848.381 2131
-1000.08 847.187 2128
-1002.29 845.993 2125
-1004.49 844.798 2122
-1008.11 844.798 2122
-1010.77 844.002 2120
-1012.95 842.808 2117
-1016.56 842.808 2117
-1020.17 842.808 2117
-1023.78 842.808 2117
-1025.93 841.613 2114
-1029.54 841.613 2114
-1033.14 841.613 2114
-1035.76 840.817 2112
-1036.41 838.428 2106
-1037.53 836.438 2101
-1041.11 836.438 2101
-1042.21 834.447 2096
-1045.78 834.447 2096
-1049.35 834.447 2096
-1052.93 834.447 2096
-1049.95 829.272 2083
-1050.97 827.281 2078
-1054.51 827.281 2078
-1058.05 827.281 2078
-1061.6 827.281 2078
-1061.04 824.096 2070
-1062 822.106 2065
1801.45 1567 3953
1794.71 1567 3953
1787.97 1567 3953
1781.23 1567 3953
1783.02 1574.53 3972
1784.75 1582.06 3991
1777.95 1582.06 3991
1771.14 1582.06 3991
1751.96 1570.97 3963
1724.51 1552.33 3916
1726.17 1559.87 3935
1719.46 1559.87 3935
1712.75 1559.87 3935
1706.04 1559.87 3935
1699.33 1559.87 3935
1692.63 1559.87 3935
1666.21 1541.63 3889
1671.1 1552.33 3916
1684.4 1570.97 3963
1677.65 1570.97 3963
1670.89 1570.97 3963
1664.13 1570.97 3963
1657.38 1570.97 3963
1650.62 1570.97 3963
1655.48 1582.06 3991
1648.68 1582.06 3991
1645.99 1586.03 4001
1639.17 1586.03 4001
1640.1 1593.56 4020
1633.24 1593.56 4020
1626.39 1593.56 4020
1615.51 1589.6 4010
1608.67 1589.6 4010
1590.65 1578.5 3982
1583.86 1578.5 3982
1565.59 1567 3953
1555.3 1563.43 3944
1545.05 1559.87 3935
1538.34 1559.87 3935
1531.63 1559.87 3935
1517.56 1552.33 3916
1500.46 1541.63 3889
1493.83 1541.63 3889
1483.76 1538.06 3880
1460.02 1520.22 3835
1453.48 1520.22 3835
1446.94 1520.22 3835
1440.4 1520.22 3835
1424.15 1509.92 3809
1417.65 1509.92 3809
1411.16 1509.92 3809
1404.66 1509.92 3809
1398.17 1509.92 3809
1391.68 1509.92 3809
1385.18 1509.92 3809
1378.69 1509.92 3809
1372.2 1509.92 3809
1371.8 1516.66 3826
1368.49 1520.22 3835
1361.95 1520.22 3835
1355.41 1520.22 3835
1348.88 1520.22 3835
1348.64 1527.36 3853
1342.07 1527.36 3853
1341.74 1534.5 3871
1341.35 1541.63 3889
1334.72 1541.63 3889
1328.09 1541.63 3889
1315.34 1534.5 3871
1278.99 1499.61 3783
1272.54 1499.61 3783
1263.08 1496.04 3774
1242.66 1479.39 3732
1236.3 1479.39 3732
1229.94 1479.39 3732
1210.14 1463.14 3691
1196.02 1453.63 3667
1192.36 1456.8 3675
1188.68 1459.97 3683
1182.4 1459.97 3683
1183.78 1469.48 3707
1182.86 1476.22 3724
1184.41 1486.13 3749
1178.02 1486.13 3749
1171.63 1486.13 3749
1165.24 1486.13 3749
1161.32 1489.31 3757
1154.92 1489.31 3757
1148.51 1489.31 3757
1142.11 1489.31 3757
1135.7 1489.31 3757
1126.89 1486.13 3749
1120.5 1486.13 3749
1114.11 1486.13 3749
1107.72 1486.13 3749
1098.69 1482.57 3740
1092.31 1482.57 3740
1085.93 1482.57 3740
1079.56 1482.57 3740
1073.18 1482.57 3740
1066.81 1482.57 3740
1058.16 1479.39 3732
1051.8 1479.39 3732
1045.44 1479.39 3732
1034.62 1473.05 3716
1023.58 1466.31 3699
1017.28 1466.31 3699
1008.78 1463.14 3691
1002.49 1463.14 3691
994.041 1459.97 3683
987.763 1459.97 3683
979.352 1456.8 3675
973.087 1456.8 3675
966.822 1456.8 3675
960.557 1456.8 3675
954.292 1456.8 3675
948.027 1456.8 3675
941.763 1456.8 3675
937.534 1459.97 3683
931.255 1459.97 3683
924.977 1459.97 3683
920.694 1463.14 3691
914.402 1463.14 3691
908.109 1463.14 3691
901.817 1463.14 3691
893.584 1459.97 3683
887.305 1459.97 3683
879.113 1456.8 3675
872.848 1456.8 3675
866.583 1456.8 3675
860.318 1456.8 3675
852.194 1453.63 3667
845.943 1453.63 3667
835.799 1446.89 3650
829.576 1446.89 3650
823.354 1446.89 3650
813.774 1440.94 3635
805.8 1437.77 3627
799.616 1437.77 3627
793.433 1437.77 3627
787.25 1437.77 3627
781.067 1437.77 3627
773.175 1434.6 3619
767.005 1434.6 3619
760.836 1434.6 3619
749.662 1425.09 3595
742.085 1422.31 3588
735.969 1422.31 3588
726.597 1415.97 3572
720.508 1415.97 3572
714.419 1415.97 3572
708.329 1415.97 3572
702.24 1415.97 3572
696.151 1415.97 3572
690.061 1415.97 3572
683.972 1415.97 3572
676.554 1413.19 3565
670.477 1413.19 3565
664.399 1413.19 3565
658.322 1413.19 3565
652.244 1413.19 3565
646.167 1413.19 3565
640.09 1413.19 3565
634.012 1413.19 3565
626.526 1410.02 3557
620.462 1410.02 3557
614.398 1410.02 3557
608.334 1410.02 3557
600.916 1406.85 3549
594.866 1406.85 3549
588.816 1406.85 3549
582.765 1406.85 3549
576.715 1406.85 3549
569.54 1404.08 3542
562.229 1400.91 3534
556.204 1400.91 3534
549.09 1398.13 3527
543.077 1398.13 3527
537.064 1398.13 3527
531.052 1398.13 3527
525.039 1398.13 3527
517.996 1395.36 3520
508.65 1386.24 3497
502.689 1386.24 3497
495.733 1383.46 3490
489.783 1383.46 3490
482.863 1380.69 3483
476.926 1380.69 3483
470.988 1380.69 3483
463.048 1374.74 3468
457.136 1374.74 3468
451.223 1374.74 3468
444.413 1371.97 3461
437.626 1369.19 3454
430.862 1366.42 3447
424.986 1366.42 3447
417.408 1360.87 3433
409.038 1352.54 3412
401.567 1346.99 3398
395.774 1346.99 3398
387.571 1338.67 3377
380.231 1333.12 3363
371.603 1322.81 3337
370.3 1338.67 3377
364.543 1338.67 3377
369.305 1377.91 3476
365.574 1386.24 3497
359.613 1386.24 3497
353.651 1386.24 3497
-11.8932 176.402 445
-12.6518 176.402 445
-13.4104 176.402 445
-14.169 176.402 445
-14.827 175.212 442
-15.5452 174.816 441
-16.297 174.816 441
-18.5103 174.42 440
-19.2604 174.42 440
-20.0105 174.42 440
-20.7606 174.42 440
-21.4618 174.023 439
-22.2102 174.023 439
-22.9063 173.627 438
-23.4909 172.438 435
-24.1211 171.645 433
-24.8018 171.248 432
-25.5383 171.248 432
-26.0923 170.059 429
-26.6986 169.266 427
-27.3623 168.87 426
-28.0885 168.87 426
-28.7471 168.473 425
-29.4022 168.077 424
-30.054 167.681 423
-30.6296 166.888 421
-31.3473 166.888 421
-31.9888 166.491 420
-32.627 166.095 419
-33.3413 166.095 419
-34.0555 166.095 419
-34.6868 165.699 418
-35.3147 165.302 417
-35.8528 164.509 415
-36.4722 164.113 414
-37.178 164.113 414
-37.7922 163.717 413
-38.4963 163.717 413
-39.1054 163.32 412
-39.8078 163.32 412
-40.4118 162.924 411
-41.0125 162.527 410
-41.7114 162.527 410
-42.4103 162.527 410
-43.0041 162.131 409
-43.4877 161.338 407
-44.1815 161.338 407
-44.8754 161.338 407
-45.5692 161.338 407
-46.1494 160.942 406
-46.8415 160.942 406
-47.4165 160.545 405
-48.107 160.545 405
-48.7974 160.545 405
-49.4878 160.545 405
-50.0543 160.149 404
-50.743 160.149 404
-51.4318 160.149 404
-51.9915 159.752 403
-52.5478 159.356 402
-53.2331 159.356 402
-53.9184 159.356 402
-54.6037 159.356 402
-62.9204 156.185 394
-63.5921 156.185 394
-64.2638 156.185 394
-64.9354 156.185 394
-65.6071 156.185 394
-66.2788 156.185 394
-66.9505 156.185 394
-67.6221 156.185 394
-68.2938 156.185 394
-68.9655 156.185 394
-69.6371 156.185 394
-70.3088 156.185 394
-70.9805 156.185 394
-71.6522 156.185 394
-72.3238 156.185 394
-72.9955 156.185 394
-73.6672 156.185 394
-74.3388 156.185 394
-75.0105 156.185 394
-75.6822 156.185 394
-76.3539 156.185 394
-77.221 156.581 395
-77.8944 156.581 395
-78.7667 156.978 396
-79.843 157.77 398
-80.5215 157.77 398
-81.2 157.77 398
-82.0842 158.167 399
-82.7644 158.167 399
-83.4446 158.167 399
-84.1248 158.167 399
-85.0175 158.563 400
-85.6994 158.563 400
-86.3813 158.563 400
-87.0632 158.563 400
-87.7451 158.563 400
-88.6481 158.96 401
-89.3317 158.96 401
-90.0153 158.96 401
-90.6989 158.96 401
-91.3825 158.96 401
-92.0661 158.96 401
-92.7497 158.96 401
-93.4333 158.96 401
-94.1169 158.96 401
-94.8005 158.96 401
-106.043 169.266 427
-106.771 169.266 427
-107.498 169.266 427
-108.226 169.266 427
-108.954 169.266 427
-109.939 169.663 428
-110.669 169.663 428
-111.398 169.663 428
-112.39 170.059 429
-113.121 170.059 429
-113.853 170.059 429
-114.851 170.455 430
-115.853 170.852 431
-116.588 170.852 431
-117.595 171.248 432
-118.605 171.645 433
-119.343 171.645 433
-120.081 171.645 433
-120.82 171.645 433
-121.838 172.041 434
-123.143 172.834 436
-123.886 172.834 436
-125.487 174.023 439
-126.236 174.023 439
-126.984 174.023 439
-128.023 174.42 440
-129.066 174.816 441
-129.818 174.816 441
-130.57 174.816 441
-131.619 175.212 442
-132.373 175.212 442
-133.126 175.212 442
-133.88 175.212 442
-134.633 175.212 442
-156.021 198.6 501
-156.875 198.6 501
-157.729 198.6 501
-158.583 198.6 501
-159.437 198.6 501
-160.291 198.6 501
-161.467 198.997 502
-162.646 199.393 503
-163.504 199.393 503
-164.361 199.393 503
-165.219 199.393 503
-166.076 199.393 503
-166.934 199.393 503
-167.791 199.393 503
-168.313 198.997 502
-169.169 198.997 502
-170.025 198.997 502
-170.881 198.997 502
-171.736 198.997 502
-881.651 924.82 2333
-885.628 924.82 2333
-889.605 924.82 2333
-893.582 924.82 2333
-897.559 924.82 2333
-899.218 922.442 2327
-898.139 917.288 2314
-898.186 913.324 2304
-902.113 913.324 2304
-904.861 912.135 2301
-907.599 910.946 2298
-906.36 905.792 2285
-910.255 905.792 2285
-912.951 904.603 2282
-916.841 904.603 2282
-918.31 902.225 2276
-922.19 902.225 2276
-926.07 902.225 2276
-927.499 899.846 2270
-931.368 899.846 2270
-935.238 899.846 2270
-937.867 898.657 2267
-939.239 896.279 2261
-943.094 896.279 2261
-946.948 896.279 2261
-949.12 894.693 2257
-946.635 888.747 2242
-944.098 882.801 2227
-947.894 882.801 2227
-950.409 881.611 2224
-951.626 879.233 2218
-949.376 873.683 2204
-953.133 873.683 2204
-954.286 871.305 2198
-956.725 870.116 2195
-955.654 865.755 2184
-959.377 865.755 2184
-961.777 864.566 2181
-962.839 862.188 2175
-965.214 860.998 2172
-968.917 860.998 2172
-969.037 857.827 2164
-971.377 856.638 2161
-971.452 853.466 2153
-975.122 853.466 2153
-978.792 853.466 2153
-981.094 852.277 2150
-982.011 849.899 2144
-985.666 849.899 2144
-989.321 849.899 2144
-990.66 847.917 2139
-994.306 847.917 2139
-997.953 847.917 2139
-997.853 844.746 2131
-1000.08 843.556 2128
-1002.29 842.367 2125
-1005.91 842.367 2125
-1008.11 841.178 2122
-1010.77 840.385 2120
-1014.39 840.385 2120
-1018 840.385 2120
-1020.17 839.196 2117
-1023.78 839.196 2117
-1025.93 838.007 2114
-1029.54 838.007 2114
-1033.14 838.007 2114
-1035.76 837.214 2112
-1036.41 834.835 2106
-1040 834.835 2106
-1041.11 832.853 2101
-1043.2 831.664 2098
-1045.78 830.871 2096
-1049.35 830.871 2096
-1052.93 830.871 2096
-1049.95 825.718 2083
-1050.97 823.736 2078
-1054.51 823.736 2078
-1058.05 823.736 2078
-1061.6 823.736 2078
-1061.04 820.565 2070
-1062 818.583 2065
1806.01 1564.2 3963
1799.25 1564.2 3963
1792.5 1564.2 3963
1781.23 1560.26 3953
1778.98 1564.2 3963
1772.23 1564.2 3963
1765.47 1564.2 3963
1758.72 1564.2 3963
1731.18 1545.65 3916
1724.51 1545.65 3916
1717.83 1545.65 3916
1711.16 1545.65 3916
1704.48 1545.65 3916
1686.1 1535 3889
1679.47 1535 3889
1672.84 1535 3889
1666.21 1535 3889
1671.1 1545.65 3916
1684.4 1564.2 3963
1677.65 1564.2 3963
1670.89 1564.2 3963
1664.13 1564.2 3963
1657.38 1564.2 3963
1650.62 1564.2 3963
1655.48 1575.26 3991
1648.68 1575.26 3991
1645.99 1579.2 4001
1639.17 1579.2 4001
1640.1 1586.7 4020
1633.24 1586.7 4020
1626.39 1586.7 4020
1615.51 1582.75 4010
1608.67 1582.75 4010
1594.25 1575.26 3991
1587.44 1575.26 3991
1565.59 1560.26 3953
1555.3 1556.7 3944
1545.05 1553.15 3935
1538.34 1553.15 3935
1531.63 1553.15 3935
1517.56 1545.65 3916
1503.94 1538.55 3898
1497.29 1538.55 3898
1487.21 1535 3889
1473.72 1527.89 3871
1484.18 1545.65 3916
1477.5 1545.65 3916
1470.83 1545.65 3916
1464.15 1545.65 3916
1437.38 1524.34 3862
1430.79 1524.34 3862
1414.25 1513.68 3835
1407.72 1513.68 3835
1401.18 1513.68 3835
1401.19 1520.79 3853
1394.62 1520.79 3853
1397.78 1531.44 3880
1400.84 1542.1 3907
1400.6 1549.21 3925
1393.91 1549.21 3925
1387.22 1549.21 3925
1380.53 1549.21 3925
1373.84 1549.21 3925
1367.15 1549.21 3925
1376.75 1567.76 3972
1373.43 1571.7 3982
1366.64 1571.7 3982
1359.85 1571.7 3982
1333.69 1549.21 3925
1314.83 1535 3889
1308.2 1535 3889
1289.52 1520.79 3853
1259.65 1493.16 3783
1250.22 1489.61 3774
1243.78 1489.61 3774
1223.58 1473.03 3732
1206.45 1460 3699
1197.55 1456.84 3691
1196.42 1463.16 3707
1190.1 1463.16 3707
1189.21 1469.87 3724
1193.35 1482.9 3757
1186.94 1482.9 3757
1180.54 1482.9 3757
1176.94 1486.45 3766
1170.52 1486.45 3766
1166.58 1489.61 3774
1160.14 1489.61 3774
1153.71 1489.61 3774
1147.28 1489.61 3774
1140.84 1489.61 3774
1132 1486.45 3766
1125.58 1486.45 3766
1116.49 1482.9 3757
1110.08 1482.9 3757
1101.33 1479.74 3749
1097.28 1482.9 3757
1090.87 1482.9 3757
1084.47 1482.9 3757
1078.06 1482.9 3757
1071.66 1482.9 3757
1062.98 1479.74 3749
1056.59 1479.74 3749
1050.2 1479.74 3749
1039.08 1473.03 3732
1028.29 1466.71 3716
1021.95 1466.71 3716
1013.16 1463.16 3707
1002.49 1456.84 3691
994.041 1453.69 3683
987.763 1453.69 3683
979.352 1450.53 3675
973.087 1450.53 3675
966.822 1450.53 3675
960.557 1450.53 3675
954.292 1450.53 3675
948.027 1450.53 3675
941.763 1450.53 3675
937.534 1453.69 3683
931.255 1453.69 3683
924.977 1453.69 3683
920.694 1456.84 3691
914.402 1456.84 3691
908.109 1456.84 3691
901.817 1456.84 3691
893.584 1453.69 3683
887.305 1453.69 3683
879.113 1450.53 3675
872.848 1450.53 3675
866.583 1450.53 3675
860.318 1450.53 3675
854.053 1450.53 3675
847.788 1450.53 3675
839.691 1447.37 3667
833.44 1447.37 3667
825.159 1443.82 3658
817.132 1440.66 3650
807.577 1434.74 3635
801.38 1434.74 3635
795.183 1434.74 3635
788.987 1434.74 3635
782.79 1434.74 3635
774.884 1431.58 3627
768.701 1431.58 3627
762.518 1431.58 3627
754.666 1428.43 3619
746.842 1425.27 3611
740.686 1425.27 3611
731.276 1418.95 3595
723.735 1416.19 3588
716.019 1413.03 3580
711.502 1416.19 3588
705.385 1416.19 3588
699.269 1416.19 3588
693.152 1416.19 3588
687.036 1416.19 3588
679.401 1413.03 3580
673.298 1413.03 3580
667.195 1413.03 3580
661.092 1413.03 3580
653.525 1409.88 3572
647.436 1409.88 3572
641.346 1409.88 3572
635.257 1409.88 3572
629.168 1409.88 3572
623.078 1409.88 3572
615.78 1407.11 3565
609.702 1407.11 3565
602.27 1403.95 3557
596.207 1403.95 3557
590.143 1403.95 3557
584.079 1403.95 3557
578.015 1403.95 3557
569.54 1398.03 3542
562.229 1394.88 3534
556.204 1394.88 3534
550.18 1394.88 3534
543.077 1392.11 3527
537.064 1392.11 3527
531.052 1392.11 3527
525.039 1392.11 3527
517.996 1389.35 3520
509.814 1383.43 3505
503.839 1383.43 3505
496.727 1380.27 3497
490.766 1380.27 3497
484.804 1380.27 3497
478.843 1380.27 3497
470.988 1374.75 3483
464.116 1371.98 3476
458.19 1371.98 3476
452.264 1371.98 3476
445.311 1368.83 3468
438.512 1366.06 3461
432.612 1366.06 3461
426.712 1366.06 3461
419.11 1360.54 3447
413.234 1360.54 3447
405.703 1355.01 3433
399.85 1355.01 3433
393.195 1352.25 3426
385.771 1346.72 3412
376.837 1335.67 3384
377.208 1357.77 3440
371.344 1357.77 3440
369.305 1371.98 3476
365.574 1380.27 3497
359.613 1380.27 3497
353.651 1380.27 3497
-11.1346 175.642 445
-11.8932 175.642 445
-12.6518 175.642 445
-13.4104 175.642 445
-14.169 175.642 445
-14.827 174.458 442
-15.5452 174.064 441
-16.297 174.064 441
-18.5103 173.669 440
-19.2604 173.669 440
-20.0105 173.669 440
-20.7606 173.669 440
-21.4618 173.274 439
-22.2102 173.274 439
-22.9063 172.879 438
-23.4909 171.695 435
-24.1211 170.906 433
-24.8018 170.511 432
-25.5383 170.511 432
-26.0923 169.327 429
-26.6986 168.538 427
-27.3623 168.143 426
-28.0885 168.143 426
-28.7471 167.748 425
-29.4022 167.354 424
-29.983 166.564 422
-30.5569 165.775 420
-31.2728 165.775 420
-31.9127 165.38 419
-32.627 165.38 419
-33.2617 164.985 418
-33.9743 164.985 418
-34.6868 164.985 418
-35.3147 164.591 417
-35.8528 163.801 415
-36.4722 163.407 414
-37.178 163.407 414
-37.7922 163.012 413
-38.4031 162.617 412
-39.1054 162.617 412
-39.8078 162.617 412
-40.4118 162.222 411
-41.0125 161.828 410
-41.7114 161.828 410
-42.4103 161.828 410
-43.0041 161.433 409
-43.4877 160.644 407
-44.1815 160.644 407
-44.8754 160.644 407
-45.5692 160.644 407
-46.1494 160.249 406
-46.8415 160.249 406
-47.4165 159.854 405
-48.107 159.854 405
-48.7974 159.854 405
-49.4878 159.854 405
-50.1782 159.854 405
-50.8686 159.854 405
-51.4318 159.46 404
-52.1205 159.46 404
-52.5478 158.67 402
-53.2331 158.67 402
-53.9184 158.67 402
-54.6037 158.67 402
-62.9204 155.513 394
-63.5921 155.513 394
-64.2638 155.513 394
-64.9354 155.513 394
-65.6071 155.513 394
-66.2788 155.513 394
-66.9505 155.513 394
-67.6221 155.513 394
-68.2938 155.513 394
-68.9655 155.513 394
-69.6371 155.513 394
-70.3088 155.513 394
-70.9805 155.513 394
-71.6522 155.513 394
-72.3238 155.513 394
-73.1808 155.907 395
-73.8541 155.907 395
-74.5275 155.907 395
-75.2009 155.907 395
-75.6822 155.513 394
-76.5476 155.907 395
-77.4165 156.302 396
-78.0916 156.302 396
-78.9656 156.697 397
-79.843 157.091 398
-80.5215 157.091 398
-81.404 157.486 399
-82.0842 157.486 399
-82.7644 157.486 399
-83.4446 157.486 399
-84.3356 157.881 400
-85.0175 157.881 400
-85.6994 157.881 400
-86.3813 157.881 400
-87.0632 157.881 400
-87.7451 157.881 400
-88.6481 158.275 401
-89.3317 158.275 401
-90.0153 158.275 401
-90.6989 158.275 401
-91.3825 158.275 401
-92.0661 158.275 401
-92.7497 158.275 401
-93.4333 158.275 401
-94.1169 158.275 401
-94.8005 158.275 401
-106.043 168.538 427
-106.771 168.538 427
-107.498 168.538 427
-108.226 168.538 427
-108.954 168.538 427
-109.939 168.932 428
-110.669 168.932 428
-111.398 168.932 428
-112.39 169.327 429
-113.121 169.327 429
-113.853 169.327 429
-114.851 169.722 430
-115.853 170.117 431
-116.588 170.117 431
-117.595 170.511 432
-118.605 170.906 433
-119.343 170.906 433
-120.081 170.906 433
-121.099 171.301 434
-121.838 171.301 434
-123.143 172.09 436
-123.886 172.09 436
-125.487 173.274 439
-126.523 173.669 440
-127.273 173.669 440
-128.023 173.669 440
-129.066 174.064 441
-129.818 174.064 441
-130.57 174.064 441
-131.619 174.458 442
-132.373 174.458 442
-133.427 174.853 443
-134.183 174.853 443
-134.938 174.853 443
-156.021 197.746 501
-156.875 197.746 501
-157.729 197.746 501
-158.583 197.746 501
-159.437 197.746 501
-160.291 197.746 501
-161.467 198.14 502
-162.646 198.535 503
-163.504 198.535 503
-164.361 198.535 503
-165.219 198.535 503
-166.076 198.535 503
-166.934 198.535 503
-167.791 198.535 503
-168.313 198.14 502
-169.169 198.14 502
-170.025 198.14 502
-170.881 198.14 502
-171.736 198.14 502
-888.461 919.656 2330
-892.433 919.656 2330
-896.405 919.656 2330
-894.194 913.34 2314
-894.258 909.393 2304
-895.847 907.025 2298
-899.764 907.025 2298
-903.682 907.025 2298
-901.28 900.71 2282
-903.98 899.526 2279
-907.865 899.526 2279
-910.55 898.342 2276
-914.43 898.342 2276
-915.889 895.973 2270
-919.759 895.973 2270
-923.629 895.973 2270
-926.273 894.789 2267
-930.138 894.789 2267
-934.002 894.789 2267
-936.626 893.605 2264
-939.239 892.421 2261
-941.425 890.842 2257
-945.273 890.842 2257
-946.597 888.474 2251
-945.368 883.738 2239
-942.826 877.817 2224
-946.617 877.817 2224
-950.409 877.817 2224
-950.338 874.265 2215
-949.376 869.923 2204
-953.133 869.923 2204
-954.286 867.555 2198
-956.725 866.371 2195
-955.654 862.029 2184
-959.377 862.029 2184
-961.777 860.845 2181
-962.839 858.477 2175
-965.214 857.293 2172
-968.917 857.293 2172
-969.037 854.135 2164
-971.377 852.951 2161
-971.452 849.793 2153
-975.122 849.793 2153
-978.792 849.793 2153
-981.094 848.609 2150
-982.011 846.241 2144
-985.666 846.241 2144
-989.321 846.241 2144
-990.66 844.267 2139
-994.306 844.267 2139
-997.953 844.267 2139
-997.853 841.11 2131
-1000.08 839.926 2128
-1002.29 838.742 2125
-1005.91 838.742 2125
-1008.11 837.558 2122
-1011.73 837.558 2122
-1014.39 836.768 2120
-1018 836.768 2120
-1020.17 835.584 2117
-1023.78 835.584 2117
-1025.93 834.4 2114
-1029.54 834.4 2114
-1033.14 834.4 2114
-1035.76 833.611 2112
-1036.41 831.242 2106
-1040 831.242 2106
-1041.11 829.269 2101
-1043.2 828.085 2098
-1045.78 827.295 2096
-1049.35 827.295 2096
-1052.93 827.295 2096
-1049.95 822.164 2083
-1050.97 820.191 2078
-1054.51 820.191 2078
-1058.05 820.191 2078
-1060.06 819.007 2075
-1061.04 817.033 2070
-1062 815.06 2065
1806.01 1557.44 3963
1799.25 1557.44 3963
1792.5 1557.44 3963
1781.23 1553.51 3953
1774.5 1553.51 3953
1704.69 1521.29 3871
1717.83 1538.97 3916
1743.93 1568.45 3991
1745.39 1575.91 4010
1742.89 1579.84 4020
1736.04 1579.84 4020
1729.19 1579.84 4020
1722.33 1579.84 4020
1715.48 1579.84 4020
1696.3 1568.45 3991
1689.5 1568.45 3991
1682.7 1568.45 3991
1680.09 1572.38 4001
1673.27 1572.38 4001
1666.45 1572.38 4001
1659.63 1572.38 4001
1652.81 1572.38 4001
1653.8 1579.84 4020
1646.95 1579.84 4020
1647.85 1587.31 4039
1640.96 1587.31 4039
1634.08 1587.31 4039
1627.19 1587.31 4039
1608.67 1575.91 4010
1594.25 1568.45 3991
1587.44 1568.45 3991
1565.59 1553.51 3953
1555.3 1549.98 3944
1545.05 1546.44 3935
1538.34 1546.44 3935
1531.63 1546.44 3935
1517.56 1538.97 3916
1503.94 1531.9 3898
1497.29 1531.9 3898
1487.21 1528.36 3889
1473.72 1521.29 3871
1484.18 1538.97 3916
1477.5 1538.97 3916
1470.83 1538.97 3916
1464.15 1538.97 3916
1437.38 1517.75 3862
1430.79 1517.75 3862
1414.25 1507.14 3835
1407.72 1507.14 3835
1401.18 1507.14 3835
1401.19 1514.21 3853
1394.62 1514.21 3853
1397.78 1524.82 3880
1410.88 1546.44 3935
1410.6 1553.51 3953
1403.86 1553.51 3953
1397.12 1553.51 3953
1400.58 1564.91 3982
1400.44 1572.38 4001
1393.62 1572.38 4001
1393.39 1579.84 4020
1386.53 1579.84 4020
1379.68 1579.84 4020
1372.83 1579.84 4020
1362.58 1575.91 4010
1346.27 1564.91 3982
1339.49 1564.91 3982
1301.57 1528.36 3889
1282.95 1514.21 3853
1258.83 1493.38 3800
1252.35 1493.38 3800
1231.78 1476.49 3757
1209.06 1456.84 3707
1202.74 1456.84 3707
1201.91 1463.52 3724
1195.56 1463.52 3724
1191.77 1466.66 3732
1196.21 1480.02 3766
1189.79 1480.02 3766
1183.36 1480.02 3766
1176.94 1480.02 3766
1173.01 1483.17 3774
1169.36 1486.7 3783
1162.91 1486.7 3783
1156.46 1486.7 3783
1147.28 1483.17 3774
1140.84 1483.17 3774
1134.41 1483.17 3774
1125.58 1480.02 3766
1119.16 1480.02 3766
1112.74 1480.02 3766
1103.68 1476.49 3757
1097.28 1476.49 3757
1093.48 1480.02 3766
1087.06 1480.02 3766
1080.64 1480.02 3766
1074.22 1480.02 3766
1065.25 1476.49 3757
1058.85 1476.49 3757
1052.44 1476.49 3757
1043.81 1473.34 3749
1030.5 1463.52 3724
1024.15 1463.52 3724
1015.62 1460.37 3716
1006.84 1456.84 3707
996.2 1450.55 3691
989.908 1450.55 3691
981.484 1447.4 3683
975.206 1447.4 3683
968.927 1447.4 3683
964.739 1450.55 3691
958.447 1450.55 3691
952.155 1450.55 3691
945.863 1450.55 3691
941.607 1453.69 3699
935.301 1453.69 3699
928.995 1453.69 3699
922.689 1453.69 3699
916.384 1453.69 3699
910.078 1453.69 3699
903.772 1453.69 3699
895.525 1450.55 3691
889.233 1450.55 3691
881.027 1447.4 3683
872.848 1444.26 3675
866.583 1444.26 3675
860.318 1444.26 3675
854.053 1444.26 3675
847.788 1444.26 3675
839.691 1441.12 3667
833.44 1441.12 3667
825.159 1437.58 3658
817.132 1434.43 3650
807.577 1428.54 3635
801.38 1428.54 3635
795.183 1428.54 3635
788.987 1428.54 3635
782.79 1428.54 3635
774.884 1425.4 3627
768.701 1425.4 3627
762.518 1425.4 3627
754.666 1422.25 3619
746.842 1419.11 3611
740.686 1419.11 3611
731.276 1412.82 3595
723.735 1410.07 3588
716.019 1406.93 3580
711.502 1410.07 3588
705.385 1410.07 3588
699.269 1410.07 3588
693.152 1410.07 3588
689.908 1415.96 3603
683.766 1415.96 3603
679.128 1419.11 3611
672.972 1419.11 3611
666.816 1419.11 3611
660.66 1419.11 3611
654.505 1419.11 3611
645.476 1412.82 3595
639.347 1412.82 3595
633.219 1412.82 3595
627.09 1412.82 3595
618.371 1406.93 3580
612.268 1406.93 3580
604.81 1403.78 3572
598.721 1403.78 3572
591.47 1401.03 3565
585.393 1401.03 3565
579.315 1401.03 3565
570.665 1394.74 3549
563.501 1391.99 3542
557.463 1391.99 3542
550.18 1388.85 3534
544.155 1388.85 3534
537.064 1386.1 3527
531.052 1386.1 3527
525.039 1386.1 3527
517.996 1383.35 3520
509.814 1377.45 3505
503.839 1377.45 3505
497.864 1377.45 3505
491.888 1377.45 3505
484.804 1374.31 3497
478.843 1374.31 3497
471.935 1371.56 3490
464.116 1366.05 3476
458.19 1366.05 3476
452.264 1366.05 3476
446.339 1366.05 3476
439.399 1362.91 3468
432.612 1360.16 3461
426.712 1360.16 3461
420.812 1360.16 3461
413.234 1354.66 3447
407.357 1354.66 3447
401.481 1354.66 3447
394.801 1351.91 3440
388.146 1349.15 3433
383.073 1351.91 3440
381.156 1366.05 3476
375.23 1366.05 3476
371.536 1374.31 3497
366.41 1377.45 3505
360.435 1377.45 3505
354.46 1377.45 3505
-8.89853 175.669 447
-9.66055 175.669 447
-10.4226 175.669 447
-11.1846 175.669 447
-11.9199 175.276 446
-12.6802 175.276 446
-13.4104 174.883 445
-14.169 174.883 445
-14.9276 174.883 445
-15.6862 174.883 445
-16.297 173.311 441
-18.5103 172.918 440
-19.2604 172.918 440
-20.0105 172.918 440
-20.7606 172.918 440
-21.4618 172.525 439
-22.2102 172.525 439
-22.9063 172.132 438
-23.4909 170.953 435
-24.1211 170.167 433
-24.8018 169.774 432
-25.5383 169.774 432
-26.0923 168.595 429
-26.636 167.416 426
-27.298 167.023 425
-28.0226 167.023 425
-28.7471 167.023 425
-29.4022 166.63 424
-29.983 165.844 422
-30.5569 165.058 420
-31.2728 165.058 420
-31.9127 164.665 419
-32.627 164.665 419
-33.2617 164.272 418
-33.9743 164.272 418
-34.6868 164.272 418
-35.3147 163.879 417
-35.8528 163.093 415
-36.4722 162.7 414
-37.178 162.7 414
-37.7922 162.307 413
-38.4031 161.914 412
-39.1054 161.914 412
-39.8078 161.914 412
-40.4118 161.521 411
-41.0125 161.128 410
-41.7114 161.128 410
-42.4103 161.128 410
-43.0041 160.735 409
-43.4877 159.949 407
-44.1815 159.949 407
-44.8754 159.949 407
-45.5692 159.949 407
-46.1494 159.556 406
-46.8415 159.556 406
-47.4165 159.163 405
-48.107 159.163 405
-48.7974 159.163 405
-49.4878 159.163 405
-50.1782 159.163 405
-50.8686 159.163 405
-51.4318 158.77 404
-52.1205 158.77 404
-52.417 157.591 401
-53.1007 157.591 401
-62.9204 154.84 394
-63.5921 154.84 394
-64.2638 154.84 394
-64.9354 154.84 394
-65.6071 154.84 394
-66.2788 154.84 394
-66.9505 154.84 394
-67.6221 154.84 394
-68.2938 154.84 394
-68.9655 154.84 394
-69.6371 154.84 394
-70.3088 154.84 394
-70.9805 154.84 394
-71.834 155.233 395
-72.5074 155.233 395
-73.1808 155.233 395
-73.8541 155.233 395
-74.5275 155.233 395
-75.2009 155.233 395
-75.8743 155.233 395
-76.5476 155.233 395
-77.4165 155.626 396
-78.0916 155.626 396
-78.9656 156.019 397
-79.843 156.412 398
-80.5215 156.412 398
-81.404 156.805 399
-82.0842 156.805 399
-82.9718 157.198 400
-83.6537 157.198 400
-84.3356 157.198 400
-85.0175 157.198 400
-85.6994 157.198 400
-86.3813 157.198 400
-87.0632 157.198 400
-87.7451 157.198 400
-88.6481 157.591 401
-89.3317 157.591 401
-90.0153 157.591 401
-90.6989 157.591 401
-91.3825 157.591 401
-92.0661 157.591 401
-92.7497 157.591 401
-93.4333 157.591 401
-94.1169 157.591 401
-94.8005 157.591 401
-104.821 167.023 425
-105.794 167.416 426
-106.771 167.809 427
-107.498 167.809 427
-108.226 167.809 427
-108.954 167.809 427
-109.682 167.809 427
-110.669 168.202 428
-111.398 168.202 428
-112.39 168.595 429
-113.121 168.595 429
-113.853 168.595 429
-114.851 168.988 430
-115.853 169.381 431
-116.588 169.381 431
-117.595 169.774 432
-118.605 170.167 433
-119.343 170.167 433
-120.081 170.167 433
-121.099 170.56 434
-121.838 170.56 434
-122.578 170.56 434
-123.886 171.346 436
-125.487 172.525 439
-126.523 172.918 440
-127.273 172.918 440
-128.023 172.918 440
-129.066 173.311 441
-129.818 173.311 441
-130.57 173.311 441
-131.619 173.704 442
-132.373 173.704 442
-133.427 174.097 443
-134.183 174.097 443
-134.938 174.097 443
-156.021 196.891 501
-156.875 196.891 501
-157.729 196.891 501
-158.583 196.891 501
-159.437 196.891 501
-160.291 196.891 501
-161.467 197.284 502
-162.646 197.677 503
-163.504 197.677 503
-164.361 197.677 503
-165.219 197.677 503
-166.076 197.677 503
-166.934 197.677 503
-167.791 197.677 503
-168.313 197.284 502
-169.169 197.284 502
-170.025 197.284 502
-170.881 197.284 502
-171.736 197.284 502
-882.475 905.462 2304
-886.402 905.462 2304
-890.33 905.462 2304
-894.258 905.462 2304
-895.847 903.104 2298
-899.764 903.104 2298
-902.502 901.925 2295
-900.095 895.637 2279
-901.6 893.28 2273
-905.475 893.28 2273
-909.35 893.28 2273
-913.225 893.28 2273
-915.889 892.101 2270
-919.759 892.101 2270
-923.629 892.101 2270
-926.273 890.922 2267
-928.907 889.743 2264
-932.766 889.743 2264
-935.385 888.564 2261
-936.331 885.813 2254
-938.922 884.634 2251
-942.76 884.634 2251
-945.336 883.455 2248
-941.568 876.381 2230
-942.826 874.023 2224
-946.617 874.023 2224
-947.844 871.665 2218
-949.48 869.7 2213
-949.376 866.163 2204
-953.133 866.163 2204
-954.286 863.805 2198
-956.725 862.626 2195
-955.654 858.303 2184
-959.377 858.303 2184
-961.777 857.124 2181
-962.839 854.766 2175
-965.214 853.587 2172
-968.917 853.587 2172
-969.037 850.443 2164
-971.377 849.264 2161
-971.452 846.12 2153
-975.122 846.12 2153
-978.792 846.12 2153
-981.094 844.941 2150
-982.011 842.583 2144
-985.666 842.583 2144
-989.321 842.583 2144
-990.66 840.618 2139
-994.306 840.618 2139
-997.953 840.618 2139
-997.853 837.474 2131
-1000.08 836.295 2128
-1002.29 835.116 2125
-1005.91 835.116 2125
-1008.11 833.937 2122
-1011.73 833.937 2122
-1014.39 833.151 2120
-1018 833.151 2120
-1018.72 830.793 2114
-1022.33 830.793 2114
-1025.93 830.793 2114
-1029.54 830.793 2114
-1033.14 830.793 2114
-1035.76 830.007 2112
-1036.41 827.649 2106
-1040 827.649 2106
-1042.6 826.863 2104
-1043.2 824.505 2098
-1045.78 823.719 2096
-1049.35 823.719 2096
-1052.93 823.719 2096
-1049.95 818.61 2083
-1050.97 816.645 2078
-1054.51 816.645 2078
-1058.05 816.645 2078
-1060.06 815.466 2075
-1061.04 813.501 2070
-1062 811.536 2065
1806.01 1550.68 3963
1799.25 1550.68 3963
1792.5 1550.68 3963
1781.23 1546.77 3953
1774.5 1546.77 3953
1757.54 1561.64 3991
1750.73 1561.64 3991
1752.23 1569.07 4010
1745.39 1569.07 4010
1742.89 1572.98 4020
1736.04 1572.98 4020
1729.19 1572.98 4020
1722.33 1572.98 4020
1715.48 1572.98 4020
1708.63 1572.98 4020
1689.5 1561.64 3991
1682.7 1561.64 3991
1680.09 1565.55 4001
1673.27 1565.55 4001
1666.45 1565.55 4001
1659.63 1565.55 4001
1652.81 1565.55 4001
1653.8 1572.98 4020
1646.95 1572.98 4020
1651.93 1584.33 4049
1645.03 1584.33 4049
1638.12 1584.33 4049
1631.22 1584.33 4049
1608.67 1569.07 4010
1594.25 1561.64 3991
1587.44 1561.64 3991
1565.59 1546.77 3953
1551.75 1539.73 3935
1545.05 1539.73 3935
1538.34 1539.73 3935
1531.63 1539.73 3935
1517.56 1532.29 3916
1510.88 1532.29 3916
1504.21 1532.29 3916
1490.65 1525.25 3898
1498.09 1539.73 3935
1494.79 1543.25 3944
1488.07 1543.25 3944
1481.34 1543.25 3944
1474.62 1543.25 3944
1464.55 1539.73 3935
1457.84 1539.73 3935
1434.17 1521.73 3889
1427.54 1521.73 3889
1420.91 1521.73 3889
1424.1 1532.29 3916
1417.42 1532.29 3916
1413.99 1535.81 3925
1410.88 1539.73 3935
1410.6 1546.77 3953
1403.86 1546.77 3953
1397.12 1546.77 3953
1400.58 1558.12 3982
1400.44 1565.55 4001
1393.62 1565.55 4001
1393.39 1572.98 4020
1386.53 1572.98 4020
1379.68 1572.98 4020
1372.83 1572.98 4020
1362.58 1569.07 4010
1346.27 1558.12 3982
1339.49 1558.12 3982
1301.57 1521.73 3889
1282.95 1507.64 3853
1258.83 1486.9 3800
1252.35 1486.9 3800
1231.78 1470.08 3757
1209.06 1450.51 3707
1202.74 1450.51 3707
1201.91 1457.16 3724
1195.56 1457.16 3724
1191.77 1460.29 3732
1198.75 1476.73 3774
1192.31 1476.73 3774
1185.88 1476.73 3774
1182.26 1480.25 3783
1181.09 1486.9 3800
1177.4 1490.42 3809
1170.9 1490.42 3809
1164.41 1490.42 3809
1157.92 1490.42 3809
1151.42 1490.42 3809
1139.82 1483.77 3792
1130.67 1480.25 3783
1124.22 1480.25 3783
1117.77 1480.25 3783
1108.67 1476.73 3774
1102.24 1476.73 3774
1095.81 1476.73 3774
1089.37 1476.73 3774
1082.94 1476.73 3774
1076.51 1476.73 3774
1070.07 1476.73 3774
1063.64 1476.73 3774
1054.96 1473.6 3766
1046.04 1470.08 3757
1034.93 1463.42 3740
1028.55 1463.42 3740
1017.8 1457.16 3724
1009.28 1454.03 3716
998.36 1447.38 3699
992.054 1447.38 3699
983.616 1444.25 3691
977.324 1444.25 3691
971.032 1444.25 3691
966.83 1447.38 3699
960.525 1447.38 3699
954.219 1447.38 3699
947.913 1447.38 3699
943.643 1450.51 3707
937.324 1450.51 3707
931.004 1450.51 3707
928.925 1457.16 3724
922.577 1457.16 3724
916.229 1457.16 3724
909.88 1457.16 3724
899.407 1450.51 3707
893.087 1450.51 3707
886.768 1450.51 3707
878.548 1447.38 3699
872.242 1447.38 3699
865.937 1447.38 3699
855.912 1441.12 3683
849.634 1441.12 3683
841.523 1437.99 3675
835.258 1437.99 3675
828.993 1437.99 3675
817.132 1428.21 3650
809.132 1425.08 3642
802.923 1425.08 3642
795.183 1422.34 3635
788.987 1422.34 3635
782.79 1422.34 3635
776.593 1422.34 3635
770.396 1422.34 3635
764.2 1422.34 3635
756.335 1419.21 3627
748.497 1416.08 3619
742.327 1416.08 3619
734.531 1412.95 3611
728.375 1412.95 3611
722.219 1412.95 3611
717.649 1416.08 3619
711.48 1416.08 3619
705.31 1416.08 3619
696.05 1409.82 3603
689.908 1409.82 3603
683.766 1409.82 3603
679.128 1412.95 3611
672.972 1412.95 3611
666.816 1412.95 3611
660.66 1412.95 3611
654.505 1412.95 3611
645.476 1406.69 3595
639.347 1406.69 3595
633.219 1406.69 3595
627.09 1406.69 3595
618.371 1400.82 3580
612.268 1400.82 3580
604.81 1397.69 3572
598.721 1397.69 3572
591.47 1394.95 3565
585.393 1394.95 3565
579.315 1394.95 3565
570.665 1388.69 3549
563.501 1385.95 3542
557.463 1385.95 3542
550.18 1382.82 3534
544.155 1382.82 3534
537.064 1380.08 3527
531.052 1380.08 3527
525.039 1380.08 3527
517.996 1377.34 3520
509.814 1371.47 3505
503.839 1371.47 3505
497.864 1371.47 3505
491.888 1371.47 3505
485.913 1371.47 3505
479.938 1371.47 3505
472.881 1368.34 3497
465.985 1365.6 3490
459.113 1362.86 3483
453.175 1362.86 3483
446.339 1360.12 3476
440.413 1360.12 3476
434.487 1360.12 3476
428.562 1360.12 3476
420.812 1354.25 3461
413.234 1348.78 3447
407.357 1348.78 3447
401.481 1348.78 3447
395.605 1348.78 3447
388.937 1346.04 3440
383.073 1346.04 3440
381.923 1362.86 3483
375.986 1362.86 3483
371.536 1368.34 3497
366.41 1371.47 3505
360.435 1371.47 3505
354.46 1371.47 3505
-8.13651 174.907 447
-8.89853 174.907 447
-9.66055 174.907 447
-10.4226 174.907 447
-11.1846 174.907 447
-11.9466 174.907 447
-12.7086 174.907 447
-13.4104 174.124 445
-14.169 174.124 445
-14.9276 174.124 445
-15.6862 174.124 445
-16.297 172.559 441
-18.5103 172.167 440
-19.2604 172.167 440
-20.0105 172.167 440
-20.7606 172.167 440
-21.5107 172.167 440
-22.2608 172.167 440
-22.9063 171.385 438
-23.4909 170.211 435
-24.1211 169.428 433
-24.8593 169.428 433
-25.5383 169.037 432
-26.0923 167.863 429
-26.636 166.689 426
-27.298 166.298 425
-28.0226 166.298 425
-28.7471 166.298 425
-29.3329 165.516 423
-29.983 165.124 422
-30.5569 164.342 420
-31.2728 164.342 420
-31.9127 163.95 419
-32.627 163.95 419
-33.2617 163.559 418
-33.9743 163.559 418
-34.6868 163.559 418
-35.3147 163.168 417
-35.8528 162.385 415
-36.4722 161.994 414
-37.178 161.994 414
-37.7922 161.603 413
-38.4031 161.211 412
-39.1054 161.211 412
-39.8078 161.211 412
-40.4118 160.82 411
-41.0125 160.429 410
-41.7114 160.429 410
-42.4103 160.429 410
-42.899 159.646 408
-43.4877 159.255 407
-44.1815 159.255 407
-44.7651 158.864 406
-45.4572 158.864 406
-46.1494 158.864 406
-46.8415 158.864 406
-47.4165 158.472 405
-48.107 158.472 405
-48.7974 158.472 405
-49.4878 158.472 405
-50.1782 158.472 405
-50.8686 158.472 405
-51.4318 158.081 404
-52.1205 158.081 404
-62.9204 154.168 394
-63.5921 154.168 394
-64.2638 154.168 394
-64.9354 154.168 394
-65.6071 154.168 394
-66.2788 154.168 394
-66.9505 154.168 394
-67.6221 154.168 394
-68.2938 154.168 394
-68.9655 154.168 394
-69.6371 154.168 394
-70.3088 154.168 394
-70.9805 154.168 394
-71.834 154.559 395
-72.5074 154.559 395
-73.1808 154.559 395
-74.0411 154.951 396
-74.7162 154.951 396
-75.3913 154.951 396
-75.8743 154.559 395
-76.7414 154.951 396
-77.4165 154.951 396
-78.2888 155.342 397
-79.3634 156.125 399
-80.0436 156.125 399
-80.7238 156.125 399
-81.404 156.125 399
-82.2899 156.516 400
-82.9718 156.516 400
-83.6537 156.516 400
-84.3356 156.516 400
-85.0175 156.516 400
-85.6994 156.516 400
-86.3813 156.516 400
-87.2808 156.907 401
-87.9645 156.907 401
-88.6481 156.907 401
-89.3317 156.907 401
-90.0153 156.907 401
-90.925 157.298 402
-91.6104 157.298 402
-92.2957 157.298 402
-92.981 157.298 402
-93.4333 156.907 401
-94.1169 156.907 401
-104.821 166.298 425
-105.794 166.689 426
-106.521 166.689 426
-107.247 166.689 426
-108.226 167.081 427
-108.954 167.081 427
-109.682 167.081 427
-110.669 167.472 428
-111.398 167.472 428
-112.39 167.863 429
-113.121 167.863 429
-113.853 167.863 429
-115.118 168.646 431
-116.122 169.037 432
-116.858 169.037 432
-117.867 169.428 433
-118.605 169.428 433
-119.619 169.82 434
-120.359 169.82 434
-121.099 169.82 434
-122.119 170.211 435
-122.861 170.211 435
-124.455 171.385 438
-125.487 171.776 439
-126.523 172.167 440
-127.273 172.167 440
-128.023 172.167 440
-129.066 172.559 441
-129.818 172.559 441
-130.57 172.559 441
-131.619 172.95 442
-132.672 173.341 443
-133.427 173.341 443
-134.183 173.341 443
-134.938 173.341 443
-135.693 173.341 443
-136.448 173.341 443
-157.729 196.036 501
-158.583 196.036 501
-159.437 196.036 501
-160.291 196.036 501
-161.467 196.427 502
-162.646 196.819 503
-163.504 196.819 503
-164.361 196.819 503
-165.219 196.819 503
-166.076 196.819 503
-166.934 196.819 503
-167.791 196.819 503
-168.313 196.427 502
-169.169 196.427 502
-170.025 196.427 502
-170.881 196.427 502
-881.216 904.271 2311
-885.156 904.271 2311
-889.095 904.271 2311
-890.33 901.531 2304
-894.258 901.531 2304
-895.847 899.184 2298
-899.764 899.184 2298
-902.502 898.01 2295
-901.28 892.923 2282
-901.6 889.402 2273
-905.475 889.402 2273
-909.35 889.402 2273
-910.814 887.054 2267
-913.469 885.88 2264
-917.328 885.88 2264
-921.188 885.88 2264
-923.821 884.706 2261
-927.676 884.706 2261
-931.53 884.706 2261
-932.489 881.967 2254
-933.839 879.619 2248
-937.671 879.619 2248
-941.503 879.619 2248
-941.551 876.098 2239
-941.568 872.576 2230
-940.282 867.881 2218
-944.063 867.881 2218
-945.708 865.924 2213
-946.906 863.576 2207
-948.084 861.229 2201
-951.836 861.229 2201
-952.983 858.881 2195
-954.11 856.533 2189
-955.654 854.577 2184
-959.377 854.577 2184
-960.454 852.229 2178
-962.839 851.055 2175
-963.881 848.707 2169
-967.578 848.707 2169
-967.693 845.577 2161
-970.029 844.403 2158
-971.452 842.447 2153
-975.122 842.447 2153
-977.429 841.273 2150
-979.725 840.099 2147
-982.011 838.925 2144
-985.666 838.925 2144
-988.398 838.143 2142
-990.66 836.969 2139
-992.912 835.795 2136
-996.553 835.795 2136
-997.853 833.838 2131
-1000.08 832.665 2128
-1002.29 831.491 2125
-1005.91 831.491 2125
-1008.11 830.317 2122
-1011.73 830.317 2122
-1014.39 829.534 2120
-1018 829.534 2120
-1020.17 828.36 2117
-1023.78 828.36 2117
-1025.93 827.187 2114
-1029.54 827.187 2114
-1033.14 827.187 2114
-1035.76 826.404 2112
-1036.41 824.056 2106
-1040 824.056 2106
-1042.6 823.274 2104
-1043.2 820.926 2098
-1044.28 818.969 2093
-1047.85 818.969 2093
-1051.42 818.969 2093
-1048.44 813.883 2080
-1050.97 813.1 2078
-1054.51 813.1 2078
-1056.53 811.926 2075
-1057.51 809.97 2070
-1058.48 808.013 2065
-1062 808.013 2065
1757.54 1554.83 3991
1750.73 1554.83 3991
1756.6 1566.13 4020
1749.75 1566.13 4020
1742.89 1566.13 4020
1736.04 1566.13 4020
1729.19 1566.13 4020
1722.33 1566.13 4020
1715.48 1566.13 4020
1708.63 1566.13 4020
1701.78 1566.13 4020
1694.92 1566.13 4020
1688.07 1566.13 4020
1673.27 1558.72 4001
1666.45 1558.72 4001
1659.63 1558.72 4001
1652.81 1558.72 4001
1653.8 1566.13 4020
1646.95 1566.13 4020
1651.93 1577.42 4049
1645.03 1577.42 4049
1638.12 1577.42 4049
1631.22 1577.42 4049
1608.67 1562.23 4010
1586.66 1547.43 3972
1579.89 1547.43 3972
1565.59 1540.02 3953
1551.75 1533.01 3935
1541.12 1529.12 3925
1534.43 1529.12 3925
1527.74 1529.12 3925
1517.56 1525.61 3916
1510.88 1525.61 3916
1504.21 1525.61 3916
1490.65 1518.6 3898
1498.09 1533.01 3935
1494.79 1536.52 3944
1488.07 1536.52 3944
1481.34 1536.52 3944
1477.99 1540.02 3953
1471.25 1540.02 3953
1468.21 1543.92 3963
1461.46 1543.92 3963
1454.7 1543.92 3963
1447.94 1543.92 3963
1444.46 1547.43 3972
1437.69 1547.43 3972
1430.92 1547.43 3972
1437.77 1562.23 4010
1430.94 1562.23 4010
1424.1 1562.23 4010
1397.12 1540.02 3953
1400.58 1551.32 3982
1400.44 1558.72 4001
1393.62 1558.72 4001
1393.39 1566.13 4020
1406.88 1589.11 4079
1399.93 1589.11 4079
1392.98 1589.11 4079
1369.37 1570.02 4030
1355.74 1562.23 4010
1348.9 1562.23 4010
1332.7 1551.32 3982
1297.94 1518.6 3898
1279.37 1504.57 3862
1272.78 1504.57 3862
1240.3 1473.79 3783
1222.76 1460.55 3749
1208.26 1450.81 3724
1204.49 1453.93 3732
1198.13 1453.93 3732
1194.32 1457.04 3740
1198.75 1470.29 3774
1192.31 1470.29 3774
1185.88 1470.29 3774
1182.26 1473.79 3783
1181.09 1480.42 3800
1177.4 1483.92 3809
1170.9 1483.92 3809
1164.41 1483.92 3809
1157.92 1483.92 3809
1151.42 1483.92 3809
1139.82 1477.3 3792
1130.67 1473.79 3783
1124.22 1473.79 3783
1117.77 1473.79 3783
1108.67 1470.29 3774
1102.24 1470.29 3774
1095.81 1470.29 3774
1089.37 1470.29 3774
1082.94 1470.29 3774
1076.51 1470.29 3774
1070.07 1470.29 3774
1063.64 1470.29 3774
1054.96 1467.17 3766
1046.04 1463.67 3757
1034.93 1457.04 3740
1028.55 1457.04 3740
1017.8 1450.81 3724
1011.46 1450.81 3724
1000.52 1444.19 3707
994.199 1444.19 3707
985.748 1441.07 3699
979.442 1441.07 3699
975.241 1444.19 3707
968.921 1444.19 3707
962.602 1444.19 3707
956.282 1444.19 3707
949.963 1444.19 3707
945.934 1447.69 3716
939.6 1447.69 3716
935.274 1450.81 3724
930.921 1453.93 3732
924.559 1453.93 3732
918.197 1453.93 3732
911.835 1453.93 3732
903.532 1450.81 3724
897.183 1450.81 3724
890.835 1450.81 3724
884.486 1450.81 3724
878.138 1450.81 3724
871.789 1450.81 3724
861.49 1444.19 3707
855.17 1444.19 3707
847.019 1441.07 3699
840.713 1441.07 3699
830.798 1434.84 3683
822.729 1431.72 3675
812.687 1425.1 3658
806.451 1425.1 3658
798.465 1421.98 3650
792.242 1421.98 3650
786.02 1421.98 3650
779.798 1421.98 3650
771.88 1418.86 3642
765.671 1418.86 3642
758.003 1416.14 3635
751.806 1416.14 3635
745.609 1416.14 3635
737.785 1413.02 3627
731.602 1413.02 3627
725.419 1413.02 3627
719.236 1413.02 3627
713.053 1413.02 3627
706.87 1413.02 3627
700.686 1413.02 3627
692.972 1409.9 3619
686.802 1409.9 3619
680.633 1409.9 3619
674.463 1409.9 3619
668.294 1409.9 3619
662.124 1409.9 3619
655.955 1409.9 3619
648.349 1406.79 3611
642.193 1406.79 3611
636.037 1406.79 3611
627.09 1400.55 3595
620.962 1400.55 3595
614.833 1400.55 3595
606.165 1394.71 3580
600.062 1394.71 3580
592.632 1391.59 3572
586.542 1391.59 3572
579.315 1388.87 3565
571.951 1385.75 3557
564.615 1382.63 3549
558.565 1382.63 3549
551.425 1379.91 3542
544.155 1376.79 3534
538.13 1376.79 3534
532.106 1376.79 3534
526.081 1376.79 3534
517.996 1371.33 3520
509.814 1365.49 3505
503.839 1365.49 3505
497.864 1365.49 3505
491.888 1365.49 3505
485.913 1365.49 3505
479.938 1365.49 3505
472.881 1362.37 3497
465.985 1359.65 3490
459.113 1356.92 3483
453.175 1356.92 3483
446.339 1354.19 3476
440.413 1354.19 3476
434.487 1354.19 3476
428.562 1354.19 3476
420.812 1348.35 3461
413.234 1342.89 3447
407.357 1342.89 3447
401.481 1342.89 3447
395.605 1342.89 3447
388.937 1340.17 3440
383.073 1340.17 3440
381.923 1356.92 3483
375.986 1356.92 3483
372.386 1365.49 3505
366.41 1365.49 3505
360.435 1365.49 3505
354.46 1365.49 3505
-8.13651 174.144 447
-8.89853 174.144 447
-9.66055 174.144 447
-10.4226 174.144 447
-11.1846 174.144 447
-11.9466 174.144 447
-12.7086 174.144 447
-13.4104 173.365 445
-14.169 173.365 445
-14.9276 173.365 445
-15.6862 173.365 445
-18.5103 171.417 440
-19.2604 171.417 440
-20.0105 171.417 440
-20.7606 171.417 440
-21.5107 171.417 440
-22.2608 171.417 440
-22.9063 170.638 438
-23.4909 169.469 435
-24.1211 168.69 433
-24.8593 168.69 433
-25.5383 168.3 432
-26.0923 167.131 429
-26.636 165.963 426
-27.298 165.573 425
-28.0226 165.573 425
-28.7471 165.573 425
-29.3329 164.794 423
-29.983 164.404 422
-30.5569 163.625 420
-31.2728 163.625 420
-31.9127 163.236 419
-32.627 163.236 419
-33.2617 162.846 418
-33.9743 162.846 418
-34.6868 162.846 418
-35.3147 162.456 417
-35.8528 161.677 415
-36.5603 161.677 415
-37.178 161.288 414
-37.7922 160.898 413
-38.4031 160.508 412
-39.1054 160.508 412
-39.8078 160.508 412
-40.4118 160.119 411
-41.0125 159.729 410
-41.7114 159.729 410
-42.4103 159.729 410
-43.0041 159.34 409
-43.4877 158.561 407
-44.073 158.171 406
-44.7651 158.171 406
-45.4572 158.171 406
-46.1494 158.171 406
-46.7261 157.781 405
-47.4165 157.781 405
-48.107 157.781 405
-48.7974 157.781 405
-49.4878 157.781 405
-50.1782 157.781 405
-50.8686 157.781 405
-51.4318 157.392 404
-63.5921 153.496 394
-64.2638 153.496 394
-64.9354 153.496 394
-65.6071 153.496 394
-66.2788 153.496 394
-66.9505 153.496 394
-67.6221 153.496 394
-68.2938 153.496 394
-68.9655 153.496 394
-69.6371 153.496 394
-70.3088 153.496 394
-70.9805 153.496 394
-71.834 153.886 395
-72.5074 153.886 395
-73.366 154.275 396
-74.0411 154.275 396
-74.7162 154.275 396
-75.3913 154.275 396
-75.8743 153.886 395
-76.7414 154.275 396
-77.4165 154.275 396
-78.2888 154.665 397
-79.3634 155.444 399
-80.0436 155.444 399
-80.7238 155.444 399
-81.404 155.444 399
-82.2899 155.833 400
-82.9718 155.833 400
-83.6537 155.833 400
-84.3356 155.833 400
-85.0175 155.833 400
-85.6994 155.833 400
-86.3813 155.833 400
-87.2808 156.223 401
-87.9645 156.223 401
-88.6481 156.223 401
-89.3317 156.223 401
-90.0153 156.223 401
-90.925 156.613 402
-91.6104 156.613 402
-92.2957 156.613 402
-92.981 156.613 402
-93.4333 156.223 401
-94.1169 156.223 401
-104.821 165.573 425
-105.794 165.963 426
-106.521 165.963 426
-107.247 165.963 426
-108.226 166.352 427
-108.954 166.352 427
-109.682 166.352 427
-110.669 166.742 428
-111.398 166.742 428
-112.39 167.131 429
-113.121 167.131 429
-114.118 167.521 430
-115.385 168.3 432
-116.391 168.69 433
-117.129 168.69 433
-117.867 168.69 433
-118.879 169.079 434
-119.619 169.079 434
-120.359 169.079 434
-121.378 169.469 435
-122.4 169.858 436
-123.143 169.858 436
-124.455 170.638 438
-125.487 171.027 439
-126.523 171.417 440
-127.273 171.417 440
-128.023 171.417 440
-129.066 171.806 441
-129.818 171.806 441
-130.57 171.806 441
-131.917 172.586 443
-132.672 172.586 443
-133.427 172.586 443
-134.486 172.975 444
-135.242 172.975 444
-135.999 172.975 444
-136.756 172.975 444
-158.583 195.181 501
-159.437 195.181 501
-160.291 195.181 501
-161.467 195.571 502
-162.646 195.961 503
-163.504 195.961 503
-164.361 195.961 503
-165.219 195.961 503
-166.076 195.961 503
-166.934 195.961 503
-167.791 195.961 503
-168.313 195.571 502
-169.169 195.571 502
-170.025 195.571 502
-170.881 195.571 502
-881.216 900.328 2311
-885.156 900.328 2311
-889.095 900.328 2311
-890.33 897.601 2304
-893.093 896.432 2301
-893.508 892.926 2292
-897.415 892.926 2292
-901.322 892.926 2292
-901.28 889.03 2282
-901.6 885.524 2273
-905.475 885.524 2273
-906.95 883.186 2267
-910.814 883.186 2267
-913.469 882.017 2264
-917.328 882.017 2264
-921.188 882.017 2264
-923.821 880.849 2261
-927.676 880.849 2261
-931.53 880.849 2261
-932.489 878.121 2254
-933.839 875.784 2248
-937.671 875.784 2248
-941.503 875.784 2248
-941.551 872.278 2239
-941.568 868.771 2230
-940.282 864.096 2218
-944.063 864.096 2218
-945.708 862.149 2213
-946.906 859.811 2207
-948.084 857.474 2201
-951.836 857.474 2201
-952.983 855.136 2195
-954.11 852.799 2189
-955.654 850.851 2184
-959.377 850.851 2184
-960.454 848.513 2178
-962.839 847.344 2175
-962.992 844.228 2167
-966.686 844.228 2167
-967.693 841.89 2161
-970.029 840.721 2158
-971.452 838.774 2153
-975.122 838.774 2153
-976.065 836.436 2147
-978.356 835.267 2144
-982.011 835.267 2144
-985.666 835.267 2144
-988.398 834.488 2142
-990.66 833.319 2139
-992.912 832.151 2136
-996.553 832.151 2136
-997.853 830.203 2131
-1000.08 829.034 2128
-1002.29 827.865 2125
-1005.91 827.865 2125
-1008.11 826.696 2122
-1011.73 826.696 2122
-1014.39 825.917 2120
-1018 825.917 2120
-1020.17 824.749 2117
-1023.78 824.749 2117
-1025.93 823.58 2114
-1029.54 823.58 2114
-1032.16 822.801 2112
-1034.29 821.632 2109
-1036.41 820.463 2106
-1040 820.463 2106
-1042.6 819.684 2104
-1043.2 817.346 2098
-1044.28 815.399 2093
-1047.85 815.399 2093
-1050.42 814.619 2091
-1047.43 809.555 2078
-1049.45 808.386 2075
-1052.99 808.386 2075
-1055 807.217 2072
-1057.51 806.438 2070
-1056.94 803.321 2062
-1060.45 803.321 2062
1757.54 1548.02 3991
1750.73 1548.02 3991
1756.6 1559.27 4020
1749.75 1559.27 4020
1742.89 1559.27 4020
1736.04 1559.27 4020
1729.19 1559.27 4020
1722.33 1559.27 4020
1715.48 1559.27 4020
1708.63 1559.27 4020
1701.78 1559.27 4020
1694.92 1559.27 4020
1688.07 1559.27 4020
1669.09 1548.02 3991
1662.28 1548.02 3991
1659.63 1551.9 4001
1652.81 1551.9 4001
1645.99 1551.9 4001
1646.95 1559.27 4020
1651.93 1570.52 4049
1645.03 1570.52 4049
1638.12 1570.52 4049
1631.22 1570.52 4049
1608.67 1555.39 4010
1586.66 1540.65 3972
1579.89 1540.65 3972
1565.59 1533.28 3953
1551.75 1526.3 3935
1541.12 1522.42 3925
1534.43 1522.42 3925
1527.74 1522.42 3925
1521.05 1522.42 3925
1518.21 1526.3 3935
1511.5 1526.3 3935
1504.8 1526.3 3935
1508.75 1537.16 3963
1512.6 1548.02 3991
1505.8 1548.02 3991
1499 1548.02 3991
1492.19 1548.02 3991
1485.39 1548.02 3991
1478.59 1548.02 3991
1471.78 1548.02 3991
1464.98 1548.02 3991
1458.17 1548.02 3991
1458.28 1555.39 4010
1451.44 1555.39 4010
1465.86 1578.27 4069
1462.51 1582.15 4079
1455.56 1582.15 4079
1448.6 1582.15 4079
1406.88 1582.15 4079
1399.93 1582.15 4079
1392.98 1582.15 4079
1386.02 1582.15 4079
1362.5 1563.15 4030
1355.63 1563.15 4030
1339.06 1551.9 4001
1325.91 1544.53 3982
1291.29 1511.95 3898
1284.65 1511.95 3898
1251.77 1480.92 3818
1230.91 1463.85 3774
1216.37 1454.15 3749
1209.98 1454.15 3749
1203.59 1454.15 3749
1202.63 1460.75 3766
1198.75 1463.85 3774
1195.16 1467.34 3783
1188.71 1467.34 3783
1187.57 1473.93 3800
1186.69 1480.92 3818
1185.43 1487.51 3835
1178.9 1487.51 3835
1172.36 1487.51 3835
1163.08 1484.02 3826
1156.56 1484.02 3826
1147.63 1480.92 3818
1141.13 1480.92 3818
1131.94 1477.43 3809
1125.45 1477.43 3809
1113.96 1470.83 3792
1107.5 1470.83 3792
1101.03 1470.83 3792
1094.57 1470.83 3792
1088.1 1470.83 3792
1081.64 1470.83 3792
1072.62 1467.34 3783
1066.17 1467.34 3783
1057.2 1463.85 3774
1048.54 1460.75 3766
1034.93 1450.66 3740
1028.55 1450.66 3740
1019.99 1447.56 3732
1011.46 1444.46 3724
1000.52 1437.86 3707
994.199 1437.86 3707
985.748 1434.76 3699
979.442 1434.76 3699
975.241 1437.86 3707
968.921 1437.86 3707
962.602 1437.86 3707
956.282 1437.86 3707
949.963 1437.86 3707
945.934 1441.35 3716
939.6 1441.35 3716
935.274 1444.46 3724
930.921 1447.56 3732
924.559 1447.56 3732
918.197 1447.56 3732
911.835 1447.56 3732
903.532 1444.46 3724
897.183 1444.46 3724
890.835 1444.46 3724
884.486 1444.46 3724
878.138 1444.46 3724
877.642 1454.15 3749
871.25 1454.15 3749
864.859 1454.15 3749
852.744 1444.46 3724
846.395 1444.46 3724
836.212 1437.86 3707
826.31 1431.66 3691
818.241 1428.55 3683
811.962 1428.55 3683
803.934 1425.45 3675
797.669 1425.45 3675
791.404 1425.45 3675
785.139 1425.45 3675
775.271 1418.86 3658
769.035 1418.86 3658
759.463 1412.65 3642
753.254 1412.65 3642
747.045 1412.65 3642
739.413 1409.93 3635
733.216 1409.93 3635
727.019 1409.93 3635
720.822 1409.93 3635
714.626 1409.93 3635
708.429 1409.93 3635
702.232 1409.93 3635
696.035 1409.93 3635
688.32 1406.83 3627
682.137 1406.83 3627
675.954 1406.83 3627
669.771 1406.83 3627
663.588 1406.83 3627
657.405 1406.83 3627
651.222 1406.83 3627
645.038 1406.83 3627
637.446 1403.73 3619
629.881 1400.63 3611
622.344 1397.52 3603
616.201 1397.52 3603
608.705 1394.42 3595
602.576 1394.42 3595
593.959 1388.6 3580
587.856 1388.6 3580
580.453 1385.5 3572
573.238 1382.78 3565
565.888 1379.68 3557
559.824 1379.68 3557
552.515 1376.58 3549
545.387 1373.86 3542
538.13 1370.76 3534
532.106 1370.76 3534
526.081 1370.76 3534
517.996 1365.33 3520
511.996 1365.33 3520
505.995 1365.33 3520
498.858 1362.23 3512
492.871 1362.23 3512
486.884 1362.23 3512
480.897 1362.23 3512
473.963 1359.51 3505
466.92 1356.41 3497
460.035 1353.69 3490
454.086 1353.69 3490
447.237 1350.98 3483
440.413 1348.26 3476
434.487 1348.26 3476
428.562 1348.26 3476
421.663 1345.16 3468
414.912 1342.44 3461
407.357 1337.01 3447
401.481 1337.01 3447
395.605 1337.01 3447
388.937 1334.3 3440
383.852 1337.01 3447
381.923 1350.98 3483
375.986 1350.98 3483
372.386 1359.51 3505
366.41 1359.51 3505
360.435 1359.51 3505
354.46 1359.51 3505
-8.13651 173.381 447
-8.89853 173.381 447
-9.66055 173.381 447
-10.4226 173.381 447
-11.1846 173.381 447
-11.9466 173.381 447
-12.7086 173.381 447
-13.4104 172.605 445
-14.169 172.605 445
-19.2604 170.666 440
-20.0105 170.666 440
-20.7606 170.666 440
-21.5107 170.666 440
-22.2608 170.666 440
-22.9063 169.89 438
-23.4909 168.727 435
-24.1211 167.951 433
-24.8593 167.951 433
-25.5383 167.563 432
-26.0923 166.399 429
-26.6986 165.624 427
-27.298 164.848 425
-28.0226 164.848 425
-28.7471 164.848 425
-29.3329 164.072 423
-29.9119 163.296 421
-30.5569 162.909 420
-31.2728 162.909 420
-31.9127 162.521 419
-32.627 162.521 419
-33.2617 162.133 418
-33.9743 162.133 418
-34.6868 162.133 418
-35.3147 161.745 417
-35.8528 160.969 415
-36.5603 160.969 415
-37.178 160.581 414
-37.7922 160.193 413
-38.4031 159.806 412
-39.1054 159.806 412
-39.8078 159.806 412
-40.4118 159.418 411
-41.0125 159.03 410
-41.7114 159.03 410
-42.4103 159.03 410
-43.0041 158.642 409
-43.4877 157.866 407
-44.1815 157.866 407
-44.8754 157.866 407
-45.4572 157.478 406
-46.1494 157.478 406
-46.7261 157.09 405
-47.4165 157.09 405
-48.107 157.09 405
-48.7974 157.09 405
-49.4878 157.09 405
-50.1782 157.09 405
-50.8686 157.09 405
-51.5591 157.09 405
-64.9354 152.824 394
-65.6071 152.824 394
-66.2788 152.824 394
-66.9505 152.824 394
-67.6221 152.824 394
-68.2938 152.824 394
-68.9655 152.824 394
-69.6371 152.824 394
-70.3088 152.824 394
-71.1606 153.212 395
-72.0159 153.6 396
-72.6909 153.6 396
-73.366 153.6 396
-74.0411 153.6 396
-74.7162 153.6 396
-75.3913 153.6 396
-76.0664 153.6 396
-76.9352 153.987 397
-77.612 153.987 397
-78.486 154.375 398
-79.3634 154.763 399
-80.0436 154.763 399
-80.7238 154.763 399
-81.404 154.763 399
-82.2899 155.151 400
-82.9718 155.151 400
-83.6537 155.151 400
-84.3356 155.151 400
-85.0175 155.151 400
-85.9136 155.539 401
-86.5972 155.539 401
-87.2808 155.539 401
-87.9645 155.539 401
-88.6481 155.539 401
-89.3317 155.539 401
-90.2397 155.927 402
-90.925 155.927 402
-91.6104 155.927 402
-92.2957 155.927 402
-92.981 155.927 402
-104.821 164.848 425
-105.546 164.848 425
-106.521 165.236 426
-107.247 165.236 426
-107.973 165.236 426
-108.954 165.624 427
-109.682 165.624 427
-110.669 166.012 428
-111.398 166.012 428
-112.128 166.012 428
-112.858 166.012 428
-114.118 166.787 430
-115.385 167.563 432
-116.391 167.951 433
-117.129 167.951 433
-117.867 167.951 433
-118.879 168.339 434
-119.619 168.339 434
-120.359 168.339 434
-121.378 168.727 435
-122.4 169.115 436
-123.143 169.115 436
-124.455 169.89 438
-125.487 170.278 439
-126.523 170.666 440
-127.273 170.666 440
-128.023 170.666 440
-129.066 171.054 441
-129.818 171.054 441
-130.57 171.054 441
-131.917 171.83 443
-132.672 171.83 443
-133.427 171.83 443
-134.486 172.218 444
-135.242 172.218 444
-135.999 172.218 444
-136.756 172.218 444
-158.583 194.327 501
-159.437 194.327 501
-160.291 194.327 501
-161.789 195.102 503
-162.97 195.49 504
-163.829 195.49 504
-164.688 195.49 504
-165.547 195.49 504
-166.406 195.49 504
-167.266 195.49 504
-168.125 195.49 504
-168.649 195.102 503
-169.169 194.715 502
-170.025 194.715 502
-881.216 896.385 2311
-885.156 896.385 2311
-889.095 896.385 2311
-890.33 893.67 2304
-893.093 892.506 2301
-893.508 889.015 2292
-897.415 889.015 2292
-901.322 889.015 2292
-901.28 885.136 2282
-901.6 881.646 2273
-905.475 881.646 2273
-906.95 879.318 2267
-910.814 879.318 2267
-912.258 876.991 2261
-916.112 876.991 2261
-919.967 876.991 2261
-920.961 874.276 2254
-924.804 874.276 2254
-928.646 874.276 2254
-930.006 871.949 2248
-931.346 869.621 2242
-933.917 868.458 2239
-937.734 868.458 2239
-937.766 864.967 2230
-939.034 862.64 2224
-938.163 858.373 2213
-941.935 858.373 2213
-943.144 856.046 2207
-944.332 853.718 2201
-945.499 851.391 2195
-949.241 851.391 2195
-950.378 849.064 2189
-951.931 847.125 2184
-954.341 845.961 2181
-958.059 845.961 2181
-957.808 842.47 2172
-961.511 842.47 2172
-962.992 840.531 2167
-966.686 840.531 2167
-967.693 838.203 2161
-970.029 837.04 2158
-971.452 835.1 2153
-975.122 835.1 2153
-976.065 832.773 2147
-978.356 831.609 2144
-982.011 831.609 2144
-985.666 831.609 2144
-988.398 830.834 2142
-990.66 829.67 2139
-992.912 828.506 2136
-996.553 828.506 2136
-997.853 826.567 2131
-1000.08 825.403 2128
-1003.7 825.403 2128
-1007.33 825.403 2128
-1008.11 823.076 2122
-1011.73 823.076 2122
-1014.39 822.3 2120
-1018 822.3 2120
-1020.17 821.137 2117
-1023.78 821.137 2117
-1024.96 819.197 2112
-1028.56 819.197 2112
-1030.7 818.034 2109
-1032.82 816.87 2106
-1036.41 816.87 2106
-1040 816.87 2106
-1042.6 816.094 2104
-1043.2 813.767 2098
-1044.28 811.828 2093
-1047.85 811.828 2093
-1048.91 809.888 2088
-1047.43 806.009 2078
-1047.94 803.682 2072
-1051.47 803.682 2072
-1053.98 802.906 2070
-1055.98 801.743 2067
-1055.91 799.028 2060
-1059.43 799.028 2060
1757.54 1541.21 3991
1750.73 1541.21 3991
1756.6 1552.41 4020
1749.75 1552.41 4020
1742.89 1552.41 4020
1736.04 1552.41 4020
1729.19 1552.41 4020
1722.33 1552.41 4020
1715.48 1552.41 4020
1708.63 1552.41 4020
1701.78 1552.41 4020
1694.92 1552.41 4020
1688.07 1552.41 4020
1669.09 1541.21 3991
1646.46 1526.54 3953
1639.72 1526.54 3953
1640.83 1533.87 3972
1634.06 1533.87 3972
1642.85 1548.55 4010
1647.85 1559.75 4039
1640.96 1559.75 4039
1634.08 1559.75 4039
1627.19 1559.75 4039
1601.05 1541.21 3991
1583.06 1530.4 3963
1576.31 1530.4 3963
1547.37 1508.77 3907
1540.71 1508.77 3907
1534.05 1508.77 3907
1534.43 1515.72 3925
1527.74 1515.72 3925
1521.05 1515.72 3925
1518.21 1519.58 3935
1511.5 1519.58 3935
1504.8 1519.58 3935
1508.75 1530.4 3963
1512.6 1541.21 3991
1505.8 1541.21 3991
1499 1541.21 3991
1492.19 1541.21 3991
1485.39 1541.21 3991
1478.59 1541.21 3991
1471.78 1541.21 3991
1464.98 1541.21 3991
1458.17 1541.21 3991
1458.28 1548.55 4010
1451.44 1548.55 4010
1469.47 1575.19 4079
1466.1 1579.05 4089
1459.13 1579.05 4089
1452.16 1579.05 4089
1406.88 1575.19 4079
1399.93 1575.19 4079
1396.39 1579.05 4089
1389.42 1579.05 4089
1382.45 1579.05 4089
1358.66 1559.75 4039
1339.06 1545.07 4001
1328.91 1541.21 3991
1294.28 1508.77 3907
1287.61 1508.77 3907
1257.35 1480.97 3835
1230.91 1457.41 3774
1218.97 1450.85 3757
1212.56 1450.85 3757
1206.16 1450.85 3757
1202.63 1454.32 3766
1201.6 1460.89 3783
1198 1464.36 3792
1191.53 1464.36 3792
1187.57 1467.45 3800
1197.57 1487.92 3853
1191 1487.92 3853
1184.43 1487.92 3853
1177.86 1487.92 3853
1165.82 1480.97 3835
1159.28 1480.97 3835
1150.04 1477.49 3826
1143.52 1477.49 3826
1134.62 1474.4 3818
1128.11 1474.4 3818
1121.6 1474.4 3818
1112.46 1470.93 3809
1103.36 1467.45 3800
1096.88 1467.45 3800
1090.4 1467.45 3800
1083.92 1467.45 3800
1075.18 1464.36 3792
1068.71 1464.36 3792
1059.73 1460.89 3783
1050.77 1457.41 3774
1037.42 1447.76 3749
1031.03 1447.76 3749
1022.18 1444.28 3740
1013.63 1441.19 3732
1000.52 1431.54 3707
994.199 1431.54 3707
987.88 1431.54 3707
983.943 1435.01 3716
977.609 1435.01 3716
971.274 1435.01 3716
964.939 1435.01 3716
960.668 1438.1 3724
954.319 1438.1 3724
950.007 1441.19 3732
943.645 1441.19 3732
939.292 1444.28 3740
932.917 1444.28 3740
928.77 1447.76 3749
922.379 1447.76 3749
917.943 1450.85 3757
913.722 1454.32 3766
907.302 1454.32 3766
900.882 1454.32 3766
894.461 1454.32 3766
888.041 1454.32 3766
881.621 1454.32 3766
875.201 1454.32 3766
864.859 1447.76 3749
852.744 1438.1 3724
846.395 1438.1 3724
836.212 1431.54 3707
826.31 1425.36 3691
818.241 1422.27 3683
811.962 1422.27 3683
803.934 1419.18 3675
797.669 1419.18 3675
791.404 1419.18 3675
785.139 1419.18 3675
775.271 1412.61 3658
769.035 1412.61 3658
759.463 1406.44 3642
753.254 1406.44 3642
747.045 1406.44 3642
739.413 1403.73 3635
733.216 1403.73 3635
727.019 1403.73 3635
720.822 1403.73 3635
714.626 1403.73 3635
708.429 1403.73 3635
703.584 1406.44 3642
697.376 1406.44 3642
691.167 1406.44 3642
684.958 1406.44 3642
678.75 1406.44 3642
672.541 1406.44 3642
666.332 1406.44 3642
660.123 1406.44 3642
653.915 1406.44 3642
646.461 1403.73 3635
638.855 1400.64 3627
632.672 1400.64 3627
626.489 1400.64 3627
618.938 1397.55 3619
610.059 1391.38 3603
602.576 1388.29 3595
596.447 1388.29 3595
590.319 1388.29 3595
584.19 1388.29 3595
574.363 1379.4 3572
567.16 1376.7 3565
561.083 1376.7 3565
553.76 1373.61 3557
546.465 1370.52 3549
540.414 1370.52 3549
534.364 1370.52 3549
527.272 1367.82 3542
520.057 1364.73 3534
511.996 1359.32 3520
507.001 1362.03 3527
500.988 1362.03 3527
494.976 1362.03 3527
488.963 1362.03 3527
482.951 1362.03 3527
475.991 1359.32 3520
468.923 1356.23 3512
460.958 1350.44 3497
454.997 1350.44 3497
448.136 1347.74 3490
442.187 1347.74 3490
436.237 1347.74 3490
430.288 1347.74 3490
422.636 1342.33 3476
416.71 1342.33 3476
409.012 1336.54 3461
403.112 1336.54 3461
396.408 1333.84 3454
389.729 1331.13 3447
387.861 1345.04 3483
384.336 1353.53 3505
378.361 1353.53 3505
372.386 1353.53 3505
366.41 1353.53 3505
360.435 1353.53 3505
354.46 1353.53 3505
-8.13651 172.619 447
-8.89853 172.619 447
-9.66055 172.619 447
-10.4226 172.619 447
-11.1846 172.619 447
-11.9199 172.232 446
-12.6802 172.232 446
-13.4104 171.846 445
-14.1372 171.46 444
-19.2604 169.915 440
-20.0105 169.915 440
-20.7606 169.915 440
-21.5107 169.915 440
-22.2608 169.915 440
-22.854 168.757 437
-23.4369 167.598 434
-24.1211 167.212 433
-24.8593 167.212 433
-25.5383 166.826 432
-26.0923 165.668 429
-26.6986 164.895 427
-27.3623 164.509 426
-28.0885 164.509 426
-28.7471 164.123 425
-29.3329 163.351 423
-29.9119 162.578 421
-30.5569 162.192 420
-31.2728 162.192 420
-31.9127 161.806 419
-32.627 161.806 419
-33.2617 161.42 418
-33.9743 161.42 418
-34.6868 161.42 418
-35.2301 160.647 416
-35.8528 160.261 415
-36.5603 160.261 415
-37.178 159.875 414
-37.7922 159.489 413
-38.4963 159.489 413
-39.1054 159.103 412
-39.8078 159.103 412
-40.4118 158.716 411
-41.0125 158.33 410
-41.7114 158.33 410
-42.4103 158.33 410
-43.0041 157.944 409
-43.4877 157.172 407
-44.1815 157.172 407
-44.8754 157.172 407
-45.4572 156.786 406
-46.1494 156.786 406
-46.7261 156.399 405
-47.4165 156.399 405
-48.107 156.399 405
-48.7974 156.399 405
-49.3656 156.013 404
-50.1782 156.399 405
-50.8686 156.399 405
-51.5591 156.399 405
-64.9354 152.152 394
-65.6071 152.152 394
-66.2788 152.152 394
-66.9505 152.152 394
-67.6221 152.152 394
-68.2938 152.152 394
-68.9655 152.152 394
-69.6371 152.152 394
-70.4873 152.538 395
-71.1606 152.538 395
-72.0159 152.924 396
-72.8745 153.31 397
-73.5513 153.31 397
-74.2281 153.31 397
-74.9049 153.31 397
-75.3913 152.924 396
-76.2584 153.31 397
-77.129 153.696 398
-77.8075 153.696 398
-78.6832 154.082 399
-79.3634 154.082 399
-80.0436 154.082 399
-80.7238 154.082 399
-81.404 154.082 399
-82.2899 154.469 400
-82.9718 154.469 400
-83.6537 154.469 400
-84.3356 154.469 400
-85.0175 154.469 400
-85.9136 154.855 401
-86.5972 154.855 401
-87.2808 154.855 401
-87.9645 154.855 401
-88.6481 154.855 401
-89.3317 154.855 401
-90.2397 155.241 402
-90.925 155.241 402
-91.6104 155.241 402
-92.2957 155.241 402
-92.981 155.241 402
-104.575 163.737 424
-105.546 164.123 425
-106.521 164.509 426
-107.247 164.509 426
-107.973 164.509 426
-108.954 164.895 427
-109.682 164.895 427
-110.669 165.281 428
-111.398 165.281 428
-112.39 165.668 429
-113.121 165.668 429
-114.383 166.44 431
-115.385 166.826 432
-116.391 167.212 433
-117.129 167.212 433
-117.867 167.212 433
-118.879 167.598 434
-119.619 167.598 434
-120.359 167.598 434
-121.378 167.985 435
-122.4 168.371 436
-123.143 168.371 436
-124.455 169.143 438
-125.487 169.529 439
-126.523 169.915 440
-127.273 169.915 440
-128.023 169.915 440
-129.066 170.302 441
-129.818 170.302 441
-130.57 170.302 441
-131.917 171.074 443
-132.672 171.074 443
-133.427 171.074 443
-134.486 171.46 444
-135.242 171.46 444
-135.999 171.46 444
-136.756 171.46 444
-158.583 193.472 501
-159.437 193.472 501
-160.291 193.472 501
-161.789 194.244 503
-162.97 194.63 504
-163.829 194.63 504
-164.688 194.63 504
-165.876 195.017 505
-166.737 195.017 505
-167.597 195.017 505
-168.458 195.017 505
-168.649 194.244 503
-169.169 193.858 502
-170.025 193.858 502
-879.691 890.897 2307
-883.624 890.897 2307
-887.557 890.897 2307
-884.147 883.56 2288
-888.048 883.56 2288
-890.779 882.402 2285
-894.674 882.402 2285
-897.39 881.243 2282
-897.725 877.768 2273
-899.22 875.451 2267
-903.085 875.451 2267
-906.95 875.451 2267
-908.404 873.134 2261
-912.258 873.134 2261
-916.112 873.134 2261
-917.119 870.43 2254
-919.735 869.272 2251
-921.111 866.955 2245
-924.938 866.955 2245
-927.524 865.796 2242
-928.854 863.479 2236
-930.163 861.162 2230
-933.965 861.162 2230
-935.243 858.845 2224
-934.39 854.597 2213
-935.619 852.28 2207
-939.381 852.28 2207
-940.58 849.963 2201
-941.758 847.646 2195
-942.915 845.329 2189
-946.647 845.329 2189
-948.207 843.398 2184
-950.623 842.24 2181
-950.403 838.764 2172
-954.106 838.764 2172
-957.808 838.764 2172
-960.183 837.606 2169
-962.992 836.833 2167
-966.686 836.833 2167
-967.693 834.516 2161
-968.68 832.199 2155
-971.452 831.427 2153
-975.122 831.427 2153
-976.065 829.11 2147
-978.356 827.952 2144
-981.095 827.179 2142
-984.746 827.179 2142
-988.398 827.179 2142
-989.271 824.862 2136
-991.517 823.704 2133
-995.154 823.704 2133
-997.853 822.931 2131
-1000.08 821.773 2128
-1003.7 821.773 2128
-1007.33 821.773 2128
-1008.11 819.456 2122
-1010.77 818.683 2120
-1014.39 818.683 2120
-1018 818.683 2120
-1018.72 816.366 2114
-1022.33 816.366 2114
-1024.96 815.594 2112
-1028.56 815.594 2112
-1030.7 814.435 2109
-1032.82 813.277 2106
-1036.41 813.277 2106
-1040 813.277 2106
-1042.6 812.505 2104
-1043.2 810.188 2098
-1044.28 808.257 2093
-1047.85 808.257 2093
-1048.91 806.326 2088
-1047.43 802.464 2078
-1047.94 800.147 2072
-1051.47 800.147 2072
-1053.98 799.375 2070
-1055.98 798.216 2067
-1055.91 795.513 2060
-1059.43 795.513 2060
1757.54 1534.4 3991
1750.73 1534.4 3991
1743.93 1534.4 3991
1737.12 1534.4 3991
1742.89 1545.55 4020
1736.04 1545.55 4020
1729.19 1545.55 4020
1722.33 1545.55 4020
1715.48 1545.55 4020
1708.63 1545.55 4020
1701.78 1545.55 4020
1678.9 1530.94 3982
1672.11 1530.94 3982
1653.2 1519.79 3953
1634.79 1509.03 3925
1635.98 1516.33 3944
1632.98 1519.79 3953
1626.24 1519.79 3953
1623.6 1523.64 3963
1628.27 1534.4 3991
1621.46 1534.4 3991
1614.66 1534.4 3991
1607.85 1534.4 3991
1589.82 1523.64 3963
1579.07 1519.79 3953
1550.45 1498.65 3898
1536.68 1491.73 3880
1537.16 1498.65 3898
1534.05 1502.11 3907
1538.34 1512.87 3935
1531.63 1512.87 3935
1524.92 1512.87 3935
1521.68 1516.33 3944
1522.26 1523.64 3963
1515.5 1523.64 3963
1512.17 1527.1 3972
1516.39 1538.25 4001
1509.57 1538.25 4001
1502.75 1538.25 4001
1492.19 1534.4 3991
1485.39 1534.4 3991
1478.59 1534.4 3991
1489.48 1552.86 4039
1489.94 1560.54 4059
1483.02 1560.54 4059
1476.1 1560.54 4059
1469.18 1560.54 4059
1469.47 1568.23 4079
1466.1 1572.08 4089
1459.13 1572.08 4089
1452.16 1572.08 4089
1399.93 1568.23 4079
1396.39 1572.08 4089
1389.42 1572.08 4089
1382.45 1572.08 4089
1358.66 1552.86 4039
1339.06 1538.25 4001
1328.91 1534.4 3991
1294.28 1502.11 3907
1287.61 1502.11 3907
1257.35 1474.42 3835
1230.91 1450.97 3774
1218.97 1444.44 3757
1212.56 1444.44 3757
1206.16 1444.44 3757
1202.63 1447.9 3766
1204.46 1457.89 3792
1200.53 1460.97 3800
1194.05 1460.97 3800
1193.2 1467.89 3818
1197.57 1481.34 3853
1191 1481.34 3853
1184.43 1481.34 3853
1177.86 1481.34 3853
1168.56 1477.88 3844
1162 1477.88 3844
1150.04 1470.96 3826
1143.52 1470.96 3826
1136.99 1470.96 3826
1130.47 1470.96 3826
1121.6 1467.89 3818
1115.09 1467.89 3818
1108.58 1467.89 3818
1102.07 1467.89 3818
1092.98 1464.43 3809
1086.49 1464.43 3809
1077.44 1460.97 3800
1070.97 1460.97 3800
1062.25 1457.89 3792
1050.77 1450.97 3774
1039.63 1444.44 3757
1033.23 1444.44 3757
1024.64 1441.36 3749
1015.8 1437.9 3740
1005.11 1431.75 3724
998.759 1431.75 3724
990.278 1428.67 3716
986.062 1431.75 3724
979.713 1431.75 3724
973.365 1431.75 3724
967.016 1431.75 3724
962.732 1434.82 3732
956.369 1434.82 3732
952.044 1437.9 3740
945.668 1437.9 3740
939.292 1437.9 3740
937.157 1444.44 3757
930.752 1444.44 3757
924.348 1444.44 3757
922.096 1450.97 3774
915.663 1450.97 3774
911.397 1454.43 3783
904.948 1454.43 3783
898.499 1454.43 3783
889.928 1450.97 3774
883.494 1450.97 3774
877.06 1450.97 3774
868.781 1447.9 3766
858.468 1441.36 3749
852.077 1441.36 3749
840.047 1431.75 3724
829.892 1425.21 3707
821.796 1422.14 3699
815.49 1422.14 3699
805.684 1415.99 3683
799.405 1415.99 3683
793.127 1415.99 3683
786.848 1415.99 3683
780.569 1415.99 3683
772.609 1412.91 3675
762.799 1406.37 3658
756.563 1406.37 3658
750.327 1406.37 3658
740.836 1400.22 3642
734.628 1400.22 3642
728.419 1400.22 3642
722.21 1400.22 3642
716.002 1400.22 3642
709.793 1400.22 3642
703.584 1400.22 3642
697.376 1400.22 3642
691.167 1400.22 3642
684.958 1400.22 3642
678.75 1400.22 3642
672.541 1400.22 3642
666.332 1400.22 3642
660.123 1400.22 3642
653.915 1400.22 3642
646.461 1397.53 3635
638.855 1394.46 3627
632.672 1394.46 3627
626.489 1394.46 3627
618.938 1391.38 3619
610.059 1385.23 3603
602.576 1382.15 3595
596.447 1382.15 3595
590.319 1382.15 3595
584.19 1382.15 3595
574.363 1373.31 3572
567.16 1370.62 3565
561.083 1370.62 3565
553.76 1367.54 3557
546.465 1364.47 3549
540.414 1364.47 3549
534.364 1364.47 3549
528.314 1364.47 3549
522.264 1364.47 3549
516.214 1364.47 3549
510.164 1364.47 3549
504.113 1364.47 3549
498.063 1364.47 3549
492.013 1364.47 3549
485.963 1364.47 3549
479.913 1364.47 3549
471.86 1358.7 3534
465.835 1358.7 3534
459.811 1358.7 3534
453.786 1358.7 3534
446.875 1356.01 3527
440.862 1356.01 3527
434.849 1356.01 3527
427.013 1350.24 3512
421.026 1350.24 3512
413.266 1344.48 3497
407.305 1344.48 3497
399.736 1339.09 3483
393.799 1339.09 3483
390.311 1347.55 3505
387.516 1358.7 3534
381.491 1358.7 3534
376.317 1361.78 3542
370.278 1361.78 3542
364.24 1361.78 3542
-8.13651 171.856 447
-8.89853 171.856 447
-9.66055 171.856 447
-10.4226 171.856 447
-11.1846 171.856 447
-11.9199 171.472 446
-12.6802 171.472 446
-13.4104 171.087 445
-14.1372 170.703 444
-19.2604 169.165 440
-20.0105 169.165 440
-20.7606 169.165 440
-21.5107 169.165 440
-22.2608 169.165 440
-22.854 168.011 437
-23.4369 166.858 434
-24.1211 166.473 433
-24.8593 166.473 433
-25.5383 166.089 432
-26.0923 164.936 429
-26.6986 164.167 427
-27.3623 163.782 426
-28.0885 163.782 426
-28.7471 163.398 425
-29.3329 162.629 423
-29.9119 161.86 421
-30.5569 161.475 420
-31.2728 161.475 420
-31.9888 161.475 420
-32.627 161.091 419
-33.2617 160.706 418
-33.9743 160.706 418
-34.6868 160.706 418
-35.2301 159.938 416
-35.8528 159.553 415
-36.5603 159.553 415
-37.178 159.169 414
-37.7922 158.784 413
-38.4963 158.784 413
-39.1054 158.4 412
-39.8078 158.4 412
-40.4118 158.015 411
-41.0125 157.631 410
-41.7114 157.631 410
-42.4103 157.631 410
-43.0041 157.246 409
-43.4877 156.477 407
-44.1815 156.477 407
-44.8754 156.477 407
-45.4572 156.093 406
-46.1494 156.093 406
-46.7261 155.708 405
-47.4165 155.708 405
-48.107 155.708 405
-48.7974 155.708 405
-49.3656 155.324 404
-50.1782 155.708 405
-50.8686 155.708 405
-51.5591 155.708 405
-65.6071 151.479 394
-66.2788 151.479 394
-66.9505 151.479 394
-67.6221 151.479 394
-68.2938 151.479 394
-68.9655 151.479 394
-69.6371 151.479 394
-70.4873 151.864 395
-71.1606 151.864 395
-72.0159 152.248 396
-72.8745 152.633 397
-73.5513 152.633 397
-74.2281 152.633 397
-74.9049 152.633 397
-75.5817 152.633 397
-76.2584 152.633 397
-77.3228 153.402 399
-78.003 153.402 399
-78.6832 153.402 399
-79.3634 153.402 399
-80.0436 153.402 399
-80.7238 153.402 399
-81.404 153.402 399
-82.2899 153.786 400
-82.9718 153.786 400
-83.6537 153.786 400
-84.3356 153.786 400
-85.23 154.171 401
-85.9136 154.171 401
-86.5972 154.171 401
-87.2808 154.171 401
-87.9645 154.171 401
-88.8691 154.555 402
-89.5544 154.555 402
-90.2397 154.555 402
-90.925 154.555 402
-91.6104 154.555 402
-92.2957 154.555 402
-92.981 154.555 402
-93.6663 154.555 402
-104.575 163.013 424
-105.546 163.398 425
-106.521 163.782 426
-107.247 163.782 426
-107.973 163.782 426
-108.954 164.167 427
-109.682 164.167 427
-110.669 164.551 428
-111.398 164.551 428
-112.39 164.936 429
-113.121 164.936 429
-114.383 165.705 431
-115.385 166.089 432
-116.391 166.473 433
-117.129 166.473 433
-117.867 166.473 433
-118.879 166.858 434
-119.619 166.858 434
-120.359 166.858 434
-121.378 167.242 435
-122.4 167.627 436
-123.143 167.627 436
-124.455 168.396 438
-125.487 168.78 439
-126.523 169.165 440
-127.273 169.165 440
-128.023 169.165 440
-129.066 169.549 441
-129.818 169.549 441
-130.57 169.549 441
-131.917 170.318 443
-132.672 170.318 443
-133.427 170.318 443
-134.486 170.703 444
-135.242 170.703 444
-135.999 170.703 444
-136.756 170.703 444
-137.513 170.703 444
-158.583 192.617 501
-159.437 192.617 501
-160.291 192.617 501
-161.789 193.386 503
-162.97 193.771 504
-163.829 193.771 504
-164.688 193.771 504
-165.876 194.155 505
-166.737 194.155 505
-167.597 194.155 505
-168.458 194.155 505
-168.649 193.386 503
-879.691 886.961 2307
-883.624 886.961 2307
-887.557 886.961 2307
-884.147 879.657 2288
-888.048 879.657 2288
-890.779 878.503 2285
-894.674 878.503 2285
-897.39 877.35 2282
-897.725 873.89 2273
-899.22 871.583 2267
-903.085 871.583 2267
-906.95 871.583 2267
-908.404 869.276 2261
-909.434 866.585 2254
-913.276 866.585 2254
-915.898 865.431 2251
-917.284 863.125 2245
-918.649 860.818 2239
-922.466 860.818 2239
-925.042 859.664 2236
-926.361 857.358 2230
-928.912 856.204 2227
-932.708 856.204 2227
-932.72 852.744 2218
-931.857 848.515 2207
-933.075 846.208 2201
-936.828 846.208 2201
-939.298 845.055 2198
-939.183 841.595 2189
-940.761 839.672 2184
-944.484 839.672 2184
-946.905 838.519 2181
-949.315 837.365 2178
-949.09 833.905 2169
-952.788 833.905 2169
-956.485 833.905 2169
-959.298 833.136 2167
-961.659 831.983 2164
-965.348 831.983 2164
-967.693 830.83 2161
-968.68 828.523 2155
-971.452 827.754 2153
-975.122 827.754 2153
-976.065 825.447 2147
-978.356 824.294 2144
-981.095 823.525 2142
-984.746 823.525 2142
-987.013 822.371 2139
-989.271 821.218 2136
-991.517 820.065 2133
-995.154 820.065 2133
-997.853 819.296 2131
-1000.08 818.142 2128
-1003.7 818.142 2128
-1007.33 818.142 2128
-1008.11 815.835 2122
-1010.77 815.066 2120
-1012.95 813.913 2117
-1016.56 813.913 2117
-1018.72 812.76 2114
-1022.33 812.76 2114
-1024.96 811.991 2112
-1028.56 811.991 2112
-1030.7 810.837 2109
-1032.82 809.684 2106
-1035.43 808.915 2104
-1039.01 808.915 2104
-1042.6 808.915 2104
-1043.2 806.608 2098
-1044.28 804.686 2093
-1047.85 804.686 2093
-1048.91 802.764 2088
-1047.43 798.919 2078
-1047.94 796.612 2072
-1051.47 796.612 2072
-1053.98 795.843 2070
-1054.96 793.921 2065
-1054.38 790.845 2057
-1057.88 790.845 2057
1757.54 1527.59 3991
1750.73 1527.59 3991
1743.93 1527.59 3991
1737.12 1527.59 3991
1742.89 1538.69 4020
1736.04 1538.69 4020
1729.19 1538.69 4020
1722.33 1538.69 4020
1715.48 1538.69 4020
1708.63 1538.69 4020
1701.78 1538.69 4020
1678.9 1524.15 3982
1672.11 1524.15 3982
1653.2 1513.05 3953
1642.71 1509.6 3944
1651.75 1524.15 3982
1644.96 1524.15 3982
1638.17 1524.15 3982
1631.38 1524.15 3982
1628.27 1527.59 3991
1621.46 1527.59 3991
1614.66 1527.59 3991
1607.85 1527.59 3991
1593.43 1520.32 3972
1586.66 1520.32 3972
1579.89 1520.32 3972
1577.08 1524.15 3982
1570.29 1524.15 3982
1570.96 1531.42 4001
1564.14 1531.42 4001
1560.82 1534.86 4010
1561.74 1542.52 4030
1554.87 1542.52 4030
1548 1542.52 4030
1541.13 1542.52 4030
1534.26 1542.52 4030
1527.39 1542.52 4030
1520.51 1542.52 4030
1509.89 1538.69 4020
1499.3 1534.86 4010
1503.25 1545.96 4039
1496.37 1545.96 4039
1493.17 1549.79 4049
1489.94 1553.62 4059
1483.02 1553.62 4059
1476.1 1553.62 4059
1472.8 1557.45 4069
1469.47 1561.27 4079
1466.1 1565.1 4089
1459.13 1565.1 4089
1452.16 1565.1 4089
1396.39 1565.1 4089
1389.42 1565.1 4089
1382.45 1565.1 4089
1358.66 1545.96 4039
1339.06 1531.42 4001
1328.91 1527.59 3991
1294.28 1495.44 3907
1287.61 1495.44 3907
1257.35 1467.88 3835
1233.85 1447.98 3783
1224.48 1444.53 3774
1218.05 1444.53 3774
1206.16 1438.03 3757
1205.18 1444.53 3774
1204.46 1451.42 3792
1200.53 1454.48 3800
1194.05 1454.48 3800
1193.2 1461.37 3818
1197.57 1474.77 3853
1191 1474.77 3853
1184.43 1474.77 3853
1177.86 1474.77 3853
1168.56 1471.33 3844
1162 1471.33 3844
1150.04 1464.44 3826
1143.52 1464.44 3826
1136.99 1464.44 3826
1130.47 1464.44 3826
1121.6 1461.37 3818
1115.09 1461.37 3818
1108.58 1461.37 3818
1102.07 1461.37 3818
1092.98 1457.93 3809
1086.49 1457.93 3809
1077.44 1454.48 3800
1070.97 1454.48 3800
1062.25 1451.42 3792
1050.77 1444.53 3774
1039.63 1438.03 3757
1033.23 1438.03 3757
1026.82 1438.03 3757
1018.25 1434.96 3749
1005.11 1425.4 3724
998.759 1425.4 3724
992.41 1425.4 3724
988.18 1428.46 3732
981.818 1428.46 3732
975.456 1428.46 3732
969.094 1428.46 3732
962.732 1428.46 3732
958.42 1431.52 3740
954.335 1434.96 3749
947.944 1434.96 3749
943.562 1438.03 3757
939.402 1441.47 3766
934.964 1444.53 3774
928.53 1444.53 3774
926.494 1451.42 3792
920.03 1451.42 3792
913.565 1451.42 3792
907.101 1451.42 3792
900.637 1451.42 3792
892.05 1447.98 3783
885.601 1447.98 3783
879.152 1447.98 3783
870.627 1444.53 3774
860.3 1438.03 3757
853.895 1438.03 3757
845.686 1434.96 3749
833.698 1425.4 3724
823.573 1418.89 3707
817.253 1418.89 3707
810.934 1418.89 3707
804.614 1418.89 3707
798.295 1418.89 3707
791.975 1418.89 3707
783.96 1415.83 3699
775.973 1412.76 3691
768.012 1409.7 3683
761.734 1409.7 3683
752.173 1403.58 3667
745.922 1403.58 3667
737.855 1400.13 3658
731.619 1400.13 3658
725.383 1400.13 3658
720.917 1403.58 3667
714.665 1403.58 3667
708.414 1403.58 3667
702.163 1403.58 3667
695.911 1403.58 3667
689.66 1403.58 3667
683.409 1403.58 3667
675.495 1400.13 3658
669.259 1400.13 3658
661.573 1397.07 3650
655.351 1397.07 3650
647.706 1394.01 3642
640.264 1391.33 3635
634.068 1391.33 3635
627.871 1391.33 3635
620.306 1388.27 3627
612.768 1385.21 3619
606.599 1385.21 3619
600.429 1385.21 3619
592.946 1382.14 3611
585.49 1379.08 3603
579.348 1379.08 3603
573.206 1379.08 3603
564.703 1373.34 3588
557.341 1370.28 3580
550.006 1367.22 3572
543.917 1367.22 3572
536.773 1364.54 3565
529.505 1361.47 3557
522.264 1358.41 3549
516.214 1358.41 3549
510.164 1358.41 3549
504.113 1358.41 3549
498.063 1358.41 3549
492.013 1358.41 3549
485.963 1358.41 3549
479.913 1358.41 3549
471.86 1352.67 3534
465.835 1352.67 3534
459.811 1352.67 3534
453.786 1352.67 3534
446.875 1349.99 3527
440.862 1349.99 3527
434.849 1349.99 3527
427.013 1344.25 3512
421.026 1344.25 3512
413.266 1338.51 3497
407.305 1338.51 3497
399.736 1333.15 3483
393.799 1333.15 3483
390.311 1341.57 3505
388.393 1355.73 3542
382.355 1355.73 3542
377.06 1358.41 3549
371.01 1358.41 3549
364.96 1358.41 3549
-8.13651 171.093 447
-8.89853 171.093 447
-9.66055 171.093 447
-10.4226 171.093 447
-11.1846 171.093 447
-11.9199 170.711 446
-12.6802 170.711 446
-13.3803 169.945 444
-14.1372 169.945 444
-19.2167 168.031 439
-19.965 168.031 439
-20.7134 168.031 439
-21.4618 168.031 439
-22.2102 168.031 439
-22.8017 166.883 436
-23.4369 166.118 434
-24.1211 165.735 433
-24.8593 165.735 433
-25.5383 165.352 432
-26.0923 164.204 429
-26.6986 163.438 427
-27.3623 163.055 426
-28.0885 163.055 426
-28.7471 162.673 425
-29.3329 161.907 423
-29.9119 161.142 421
-30.5569 160.759 420
-31.2728 160.759 420
-31.9888 160.759 420
-32.627 160.376 419
-33.2617 159.993 418
-33.9743 159.993 418
-34.6868 159.993 418
-35.2301 159.228 416
-35.8528 158.845 415
-36.5603 158.845 415
-37.178 158.462 414
-37.7922 158.08 413
-38.4963 158.08 413
-39.1054 157.697 412
-39.8078 157.697 412
-40.4118 157.314 411
-41.0125 156.931 410
-41.7114 156.931 410
-42.4103 156.931 410
-43.0041 156.549 409
-43.4877 155.783 407
-44.1815 155.783 407
-44.8754 155.783 407
-45.4572 155.4 406
-46.1494 155.4 406
-46.7261 155.017 405
-47.4165 155.017 405
-48.107 155.017 405
-48.7974 155.017 405
-49.3656 154.635 404
-50.0543 154.635 404
-50.743 154.635 404
-51.4318 154.635 404
-66.2788 150.807 394
-66.9505 150.807 394
-67.6221 150.807 394
-68.2938 150.807 394
-69.1405 151.19 395
-69.8139 151.19 395
-70.4873 151.19 395
-71.1606 151.19 395
-71.834 151.19 395
-73.0581 152.338 398
-73.7366 152.338 398
-74.4151 152.338 398
-75.0935 152.338 398
-75.5817 151.955 397
-76.2584 151.955 397
-77.3228 152.721 399
-78.003 152.721 399
-78.6832 152.721 399
-79.3634 152.721 399
-80.0436 152.721 399
-80.7238 152.721 399
-81.404 152.721 399
-82.2899 153.104 400
-82.9718 153.104 400
-83.6537 153.104 400
-84.3356 153.104 400
-85.23 153.486 401
-85.9136 153.486 401
-86.5972 153.486 401
-87.2808 153.486 401
-87.9645 153.486 401
-88.8691 153.869 402
-89.5544 153.869 402
-90.2397 153.869 402
-90.925 153.869 402
-91.6104 153.869 402
-92.2957 153.869 402
-92.981 153.869 402
-93.6663 153.869 402
-102.886 161.907 423
-103.607 161.907 423
-104.575 162.29 424
-105.546 162.673 425
-106.521 163.055 426
-107.247 163.055 426
-107.973 163.055 426
-108.954 163.438 427
-109.682 163.438 427
-110.669 163.821 428
-111.398 163.821 428
-112.39 164.204 429
-113.121 164.204 429
-114.383 164.969 431
-115.385 165.352 432
-116.391 165.735 433
-117.129 165.735 433
-117.867 165.735 433
-118.879 166.118 434
-119.619 166.118 434
-120.359 166.118 434
-121.378 166.5 435
-122.4 166.883 436
-123.143 166.883 436
-124.455 167.649 438
-125.487 168.031 439
-126.523 168.414 440
-127.273 168.414 440
-128.023 168.414 440
-129.066 168.797 441
-129.818 168.797 441
-130.866 169.18 442
-131.917 169.562 443
-132.672 169.562 443
-133.427 169.562 443
-134.486 169.945 444
-135.242 169.945 444
-135.999 169.945 444
-136.756 169.945 444
-137.513 169.945 444
-158.583 191.762 501
-159.437 191.762 501
-160.291 191.762 501
-161.789 192.528 503
-162.97 192.911 504
-163.829 192.911 504
-164.688 192.911 504
-165.876 193.293 505
-166.737 193.293 505
-167.597 193.293 505
-168.458 193.293 505
-873.971 877.284 2292
-877.878 877.284 2292
-881.786 877.284 2292
-879.51 871.16 2276
-883.39 871.16 2276
-888.44 872.308 2279
-892.325 872.308 2279
-896.21 872.308 2279
-895.356 867.715 2267
-899.22 867.715 2267
-903.085 867.715 2267
-905.749 866.567 2264
-908.404 865.419 2261
-909.434 862.739 2254
-913.276 862.739 2254
-915.898 861.591 2251
-917.284 859.294 2245
-919.88 858.146 2242
-923.702 858.146 2242
-926.283 856.998 2239
-926.361 853.553 2230
-928.912 852.405 2227
-932.708 852.405 2227
-932.72 848.96 2218
-931.857 844.75 2207
-933.075 842.453 2201
-936.828 842.453 2201
-939.298 841.305 2198
-939.183 837.86 2189
-940.761 835.946 2184
-944.484 835.946 2184
-946.905 834.798 2181
-949.315 833.65 2178
-949.09 830.205 2169
-952.788 830.205 2169
-956.485 830.205 2169
-959.298 829.439 2167
-960.326 827.143 2161
-964.01 827.143 2161
-966.35 825.994 2158
-968.68 824.846 2155
-971.452 824.081 2153
-975.122 824.081 2153
-974.701 820.636 2144
-977.443 819.87 2142
-981.095 819.87 2142
-984.746 819.87 2142
-987.013 818.722 2139
-987.881 816.425 2133
-991.517 816.425 2133
-995.154 816.425 2133
-997.853 815.66 2131
-1000.08 814.512 2128
-1002.29 813.363 2125
-1005.91 813.363 2125
-1008.11 812.215 2122
-1010.77 811.45 2120
-1012.95 810.301 2117
-1016.56 810.301 2117
-1018.72 809.153 2114
-1021.36 808.387 2112
-1024.96 808.387 2112
-1028.56 808.387 2112
-1029.23 806.091 2106
-1031.84 805.325 2104
-1035.43 805.325 2104
-1039.01 805.325 2104
-1041.11 804.177 2101
-1042.21 802.263 2096
-1043.29 800.349 2091
-1046.85 800.349 2091
-1047.4 798.053 2085
-1045.92 794.225 2075
-1046.92 792.312 2070
-1050.45 792.312 2070
-1051.44 790.398 2065
-1054.96 790.398 2065
-1054.38 787.336 2057
-1057.88 787.336 2057
1724.51 1492.2 3916
1717.83 1492.2 3916
1711.16 1492.2 3916
1700.56 1488.77 3907
1693.9 1488.77 3907
1687.24 1488.77 3907
1700.37 1506.3 3953
1701.77 1513.54 3972
1699.27 1517.35 3982
1692.48 1517.35 3982
1685.69 1517.35 3982
1674.68 1513.54 3972
1667.91 1513.54 3972
1649.43 1502.87 3944
1642.71 1502.87 3944
1651.75 1517.35 3982
1644.96 1517.35 3982
1638.17 1517.35 3982
1631.38 1517.35 3982
1628.27 1520.78 3991
1621.46 1520.78 3991
1614.66 1520.78 3991
1607.85 1520.78 3991
1593.43 1513.54 3972
1586.66 1513.54 3972
1579.89 1513.54 3972
1577.08 1517.35 3982
1570.29 1517.35 3982
1574.49 1528.02 4010
1567.66 1528.02 4010
1568.61 1535.64 4030
1561.74 1535.64 4030
1558.34 1539.07 4039
1551.45 1539.07 4039
1544.57 1539.07 4039
1537.68 1539.07 4039
1530.8 1539.07 4039
1523.91 1539.07 4039
1513.64 1535.64 4030
1506.77 1535.64 4030
1503.25 1539.07 4039
1496.37 1539.07 4039
1496.86 1546.69 4059
1493.61 1550.51 4069
1486.67 1550.51 4069
1479.74 1550.51 4069
1472.8 1550.51 4069
1473.07 1558.13 4089
1466.1 1558.13 4089
1459.13 1558.13 4089
1452.16 1558.13 4089
1389.56 1550.51 4069
1382.62 1550.51 4069
1375.69 1550.51 4069
1358.66 1539.07 4039
1339.06 1524.59 4001
1319.58 1510.11 3963
1297.26 1492.2 3916
1290.58 1492.2 3916
1266.2 1471.63 3862
1250.81 1461.34 3835
1227.4 1441.52 3783
1220.95 1441.52 3783
1211.61 1438.09 3774
1213.48 1448 3800
1209.86 1451.43 3809
1206.21 1454.86 3818
1199.7 1454.86 3818
1204.13 1468.2 3853
1203.16 1475.06 3871
1196.56 1475.06 3871
1189.96 1475.06 3871
1183.36 1475.06 3871
1171.29 1468.2 3853
1164.72 1468.2 3853
1155.45 1464.77 3844
1148.9 1464.77 3844
1139.67 1461.34 3835
1133.13 1461.34 3835
1123.95 1457.91 3826
1117.43 1457.91 3826
1110.91 1457.91 3826
1104.38 1457.91 3826
1097.86 1457.91 3826
1091.34 1457.91 3826
1080 1451.43 3809
1073.5 1451.43 3809
1064.49 1448 3800
1050.77 1438.09 3774
1039.63 1431.62 3757
1033.23 1431.62 3757
1026.82 1431.62 3757
1018.25 1428.57 3749
1005.11 1419.04 3724
998.759 1419.04 3724
992.41 1419.04 3724
988.18 1422.09 3732
981.818 1422.09 3732
975.456 1422.09 3732
969.094 1422.09 3732
962.732 1422.09 3732
958.42 1425.14 3740
954.335 1428.57 3749
947.944 1428.57 3749
943.562 1431.62 3757
939.402 1435.05 3766
934.964 1438.09 3774
928.53 1438.09 3774
926.494 1444.95 3792
920.03 1444.95 3792
913.565 1444.95 3792
907.101 1444.95 3792
900.637 1444.95 3792
892.05 1441.52 3783
885.601 1441.52 3783
879.152 1441.52 3783
870.627 1438.09 3774
864.193 1438.09 3774
857.759 1438.09 3774
845.686 1428.57 3749
837.28 1425.14 3740
829.127 1422.09 3732
824.529 1425.14 3740
818.153 1425.14 3740
811.777 1425.14 3740
805.401 1425.14 3740
799.026 1425.14 3740
789.259 1419.04 3724
781.229 1415.99 3716
774.894 1415.99 3716
768.559 1415.99 3716
760.378 1412.56 3707
752.431 1409.52 3699
746.125 1409.52 3699
739.819 1409.52 3699
733.513 1409.52 3699
727.208 1409.52 3699
720.902 1409.52 3699
714.596 1409.52 3699
708.29 1409.52 3699
701.984 1409.52 3699
694.174 1406.47 3691
687.882 1406.47 3691
681.589 1406.47 3691
672.37 1400.37 3675
666.105 1400.37 3675
659.84 1400.37 3675
650.552 1393.89 3658
642.906 1390.84 3650
635.289 1387.8 3642
629.08 1387.8 3642
622.871 1387.8 3642
615.477 1385.13 3635
607.94 1382.08 3627
601.757 1382.08 3627
594.26 1379.03 3619
588.09 1379.03 3619
579.348 1372.93 3603
573.206 1372.93 3603
567.064 1372.93 3603
559.676 1369.89 3595
552.47 1367.22 3588
546.353 1367.22 3588
539.032 1364.17 3580
532.929 1364.17 3580
525.649 1361.12 3572
520.723 1364.17 3580
514.62 1364.17 3580
508.517 1364.17 3580
502.414 1364.17 3580
496.311 1364.17 3580
490.208 1364.17 3580
483.023 1361.12 3572
474.931 1355.41 3557
468.867 1355.41 3557
462.803 1355.41 3557
455.712 1352.36 3549
447.762 1346.64 3534
441.737 1346.64 3534
435.712 1346.64 3534
428.837 1343.97 3527
422.824 1343.97 3527
415.039 1338.26 3512
409.052 1338.26 3512
401.343 1332.54 3497
395.382 1332.54 3497
391.981 1341.31 3520
388.393 1349.69 3542
382.355 1349.69 3542
377.06 1352.36 3549
371.01 1352.36 3549
364.96 1352.36 3549
-8.89853 170.331 447
-9.66055 170.331 447
-10.4226 170.331 447
-11.1596 169.95 446
-11.9199 169.95 446
-12.6802 169.95 446
-13.3803 169.188 444
-14.1053 168.807 443
-14.8605 168.807 443
-15.6157 168.807 443
-19.2167 167.282 439
-19.965 167.282 439
-20.7134 167.282 439
-21.4618 167.282 439
-22.2102 167.282 439
-22.854 166.52 437
-23.4909 165.758 435
-24.1768 165.377 434
-24.9167 165.377 434
-25.5974 164.996 433
-26.0923 163.472 429
-26.6986 162.71 427
-27.3623 162.329 426
-28.0885 162.329 426
-28.7471 161.948 425
-29.3329 161.185 423
-29.9119 160.423 421
-30.5569 160.042 420
-31.2728 160.042 420
-31.9888 160.042 420
-32.627 159.661 419
-33.2617 159.28 418
-33.9743 159.28 418
-34.6868 159.28 418
-35.2301 158.518 416
-35.8528 158.137 415
-36.5603 158.137 415
-37.178 157.756 414
-37.7922 157.375 413
-38.4963 157.375 413
-39.1054 156.994 412
-39.8078 156.994 412
-40.4118 156.613 411
-41.0125 156.232 410
-41.7114 156.232 410
-42.4103 156.232 410
-43.0041 155.851 409
-43.4877 155.089 407
-44.1815 155.089 407
-44.8754 155.089 407
-45.4572 154.708 406
-46.1494 154.708 406
-46.7261 154.327 405
-47.4165 154.327 405
-48.107 154.327 405
-48.7974 154.327 405
-49.3656 153.945 404
-50.0543 153.945 404
-50.743 153.945 404
-51.4318 153.945 404
-67.6221 150.135 394
-68.4671 150.516 395
-69.1405 150.516 395
-69.8139 150.516 395
-70.4873 150.516 395
-71.3408 150.897 396
-72.0159 150.897 396
-73.0581 151.659 398
-73.7366 151.659 398
-74.4151 151.659 398
-75.0935 151.659 398
-75.5817 151.278 397
-76.4505 151.659 398
-77.3228 152.04 399
-78.003 152.04 399
-78.6832 152.04 399
-79.3634 152.04 399
-80.0436 152.04 399
-80.7238 152.04 399
-81.608 152.421 400
-82.2899 152.421 400
-82.9718 152.421 400
-83.6537 152.421 400
-84.3356 152.421 400
-85.23 152.802 401
-85.9136 152.802 401
-86.5972 152.802 401
-87.2808 152.802 401
-88.1838 153.183 402
-88.8691 153.183 402
-89.5544 153.183 402
-90.2397 153.183 402
-91.1512 153.564 403
-91.8382 153.564 403
-92.5253 153.564 403
-92.981 153.183 402
-93.6663 153.183 402
-102.886 161.185 423
-103.607 161.185 423
-104.575 161.567 424
-105.546 161.948 425
-106.27 161.948 425
-107.247 162.329 426
-107.973 162.329 426
-108.954 162.71 427
-109.682 162.71 427
-110.41 162.71 427
-111.398 163.091 428
-112.39 163.472 429
-113.121 163.472 429
-114.383 164.234 431
-115.385 164.615 432
-116.391 164.996 433
-117.129 164.996 433
-117.867 164.996 433
-118.879 165.377 434
-119.619 165.377 434
-120.636 165.758 435
-121.378 165.758 435
-122.681 166.52 437
-123.426 166.52 437
-124.455 166.901 438
-125.487 167.282 439
-126.523 167.663 440
-127.273 167.663 440
-128.023 167.663 440
-129.066 168.044 441
-129.818 168.044 441
-130.866 168.425 442
-131.917 168.807 443
-132.672 168.807 443
-133.427 168.807 443
-134.486 169.188 444
-135.242 169.188 444
-135.999 169.188 444
-136.756 169.188 444
-137.513 169.188 444
-159.437 190.908 501
-160.291 190.908 501
-161.145 190.908 501
-162.97 192.051 504
-163.829 192.051 504
-164.688 192.051 504
-165.876 192.432 505
-166.737 192.432 505
-167.597 192.432 505
-168.458 192.432 505
-867.87 867.277 2276
-871.75 867.277 2276
-875.63 867.277 2276
-874.873 862.704 2264
-878.733 862.704 2264
-882.592 862.704 2264
-886.452 862.704 2264
-890.311 862.704 2264
-892.986 861.561 2261
-895.254 860.037 2257
-899.101 860.037 2257
-901.749 858.894 2254
-905.591 858.894 2254
-908.223 857.751 2251
-912.061 857.751 2251
-913.457 855.464 2245
-917.284 855.464 2245
-919.88 854.321 2242
-923.702 854.321 2242
-926.283 853.178 2239
-926.361 849.748 2230
-928.912 848.605 2227
-932.708 848.605 2227
-931.458 844.033 2215
-930.59 839.841 2204
-933.075 838.698 2201
-936.828 838.698 2201
-938.016 836.412 2195
-937.038 832.22 2184
-940.761 832.22 2184
-944.484 832.22 2184
-945.602 829.934 2178
-948.008 828.791 2175
-949.09 826.504 2169
-952.788 826.504 2169
-955.604 825.742 2167
-957.97 824.599 2164
-960.326 823.456 2161
-964.01 823.456 2161
-966.35 822.313 2158
-968.68 821.169 2155
-971.452 820.407 2153
-975.122 820.407 2153
-974.701 816.978 2144
-977.443 816.216 2142
-981.095 816.216 2142
-984.746 816.216 2142
-987.013 815.073 2139
-987.881 812.786 2133
-991.517 812.786 2133
-995.154 812.786 2133
-997.853 812.024 2131
-1000.08 810.881 2128
-1002.29 809.738 2125
-1005.91 809.738 2125
-1008.11 808.595 2122
-1010.77 807.833 2120
-1012.95 806.689 2117
-1016.56 806.689 2117
-1018.72 805.546 2114
-1021.36 804.784 2112
-1023.5 803.641 2109
-1027.1 803.641 2109
-1028.25 801.736 2104
-1030.37 800.593 2101
-1033.95 800.593 2101
-1037.53 800.593 2101
-1038.63 798.687 2096
-1040.72 797.544 2093
-1041.79 795.639 2088
-1045.35 795.639 2088
-1046.4 793.734 2083
-1045.92 790.685 2075
-1046.92 788.78 2070
-1050.45 788.78 2070
-1051.44 786.875 2065
-1054.96 786.875 2065
-1054.38 783.826 2057
-1057.88 783.826 2057
1801.32 1539.77 4059
1794.4 1539.77 4059
1787.48 1539.77 4059
1776.17 1535.98 4049
1735.63 1506.77 3972
1700.56 1482.11 3907
1693.9 1482.11 3907
1683.35 1478.69 3898
1692.63 1492.73 3935
1693.63 1499.56 3953
1686.89 1499.56 3953
1680.15 1499.56 3953
1665.79 1492.73 3935
1659.08 1492.73 3935
1652.38 1492.73 3935
1637.72 1485.52 3916
1642.71 1496.14 3944
1651.75 1510.56 3982
1644.96 1510.56 3982
1638.17 1510.56 3982
1631.38 1510.56 3982
1628.27 1513.97 3991
1621.46 1513.97 3991
1614.66 1513.97 3991
1607.85 1513.97 3991
1593.43 1506.77 3972
1586.66 1506.77 3972
1579.89 1506.77 3972
1577.08 1510.56 3982
1570.29 1510.56 3982
1574.49 1521.18 4010
1567.66 1521.18 4010
1568.61 1528.77 4030
1561.74 1528.77 4030
1558.34 1532.18 4039
1551.45 1532.18 4039
1544.57 1532.18 4039
1537.68 1532.18 4039
1530.8 1532.18 4039
1523.91 1532.18 4039
1513.64 1528.77 4030
1506.77 1528.77 4030
1503.25 1532.18 4039
1496.37 1532.18 4039
1496.86 1539.77 4059
1493.61 1543.56 4069
1486.67 1543.56 4069
1479.74 1543.56 4069
1472.8 1543.56 4069
1473.07 1551.15 4089
1466.1 1551.15 4089
1459.13 1551.15 4089
1452.16 1551.15 4089
1389.56 1543.56 4069
1382.62 1543.56 4069
1375.69 1543.56 4069
1358.66 1532.18 4039
1339.06 1517.77 4001
1319.58 1503.35 3963
1306.53 1496.14 3944
1299.81 1496.14 3944
1280.95 1482.11 3907
1256.68 1461.62 3853
1244.27 1454.8 3835
1237.73 1454.8 3835
1231.2 1454.8 3835
1224.66 1454.8 3835
1218.12 1454.8 3835
1217.27 1461.62 3853
1210.7 1461.62 3853
1212.57 1471.87 3880
1205.96 1471.87 3880
1199.34 1471.87 3880
1192.73 1471.87 3880
1186.11 1471.87 3880
1176.76 1468.45 3871
1170.16 1468.45 3871
1163.57 1468.45 3871
1156.97 1468.45 3871
1150.37 1468.45 3871
1143.77 1468.45 3871
1137.17 1468.45 3871
1127.94 1465.04 3862
1121.36 1465.04 3862
1114.77 1465.04 3862
1100.44 1454.8 3835
1093.91 1454.8 3835
1084.82 1451.38 3826
1078.29 1451.38 3826
1067.01 1444.93 3809
1058.01 1441.52 3800
1044.34 1431.66 3774
1037.9 1431.66 3774
1026.82 1425.21 3757
1020.42 1425.21 3757
1011.85 1422.17 3749
1005.46 1422.17 3749
994.542 1415.72 3732
988.18 1415.72 3732
981.818 1415.72 3732
975.456 1415.72 3732
969.094 1415.72 3732
967.117 1422.17 3749
960.726 1422.17 3749
958.662 1428.62 3766
952.242 1428.62 3766
945.822 1428.62 3766
941.398 1431.66 3774
937.193 1435.07 3783
930.744 1435.07 3783
926.494 1438.48 3792
920.03 1438.48 3792
913.565 1438.48 3792
907.101 1438.48 3792
900.637 1438.48 3792
892.05 1435.07 3783
885.601 1435.07 3783
879.152 1435.07 3783
870.627 1431.66 3774
864.193 1431.66 3774
857.759 1431.66 3774
845.686 1422.17 3749
837.28 1418.76 3740
829.127 1415.72 3732
824.529 1418.76 3740
818.153 1418.76 3740
811.777 1418.76 3740
805.401 1418.76 3740
799.026 1418.76 3740
789.259 1412.69 3724
781.229 1409.65 3716
774.894 1409.65 3716
768.559 1409.65 3716
760.378 1406.24 3707
752.431 1403.2 3699
746.125 1403.2 3699
739.819 1403.2 3699
733.513 1403.2 3699
727.208 1403.2 3699
720.902 1403.2 3699
719.426 1412.69 3724
713.077 1412.69 3724
706.729 1412.69 3724
698.876 1409.65 3716
692.541 1409.65 3716
683.067 1403.2 3699
676.761 1403.2 3699
667.555 1397.14 3683
661.276 1397.14 3683
653.575 1394.1 3675
645.901 1391.07 3667
639.65 1391.07 3667
633.398 1391.07 3667
625.608 1387.65 3658
618.017 1384.62 3650
610.454 1381.58 3642
604.245 1381.58 3642
595.573 1375.89 3627
589.39 1375.89 3627
581.921 1372.86 3619
575.751 1372.86 3619
568.323 1369.82 3611
560.922 1366.79 3603
554.779 1366.79 3603
548.637 1366.79 3603
542.495 1366.79 3603
535.162 1363.75 3595
528.003 1361.1 3588
521.886 1361.1 3588
515.77 1361.1 3588
509.653 1361.1 3588
503.537 1361.1 3588
497.42 1361.1 3588
491.303 1361.1 3588
484.105 1358.06 3580
476.934 1355.03 3572
470.844 1355.03 3572
463.844 1352.37 3565
456.74 1349.34 3557
449.662 1346.3 3549
443.612 1346.3 3549
437.562 1346.3 3549
430.661 1343.65 3542
424.622 1343.65 3542
418.584 1343.65 3542
409.984 1335.3 3520
401.343 1326.58 3497
395.382 1326.58 3497
391.981 1335.3 3520
388.393 1343.65 3542
382.355 1343.65 3542
377.06 1346.3 3549
371.01 1346.3 3549
364.96 1346.3 3549
-9.63894 169.189 446
-10.3993 169.189 446
-11.1596 169.189 446
-11.8664 168.43 444
-12.6233 168.43 444
-13.3803 168.43 444
-14.1053 168.051 443
-14.8605 168.051 443
-15.6157 168.051 443
-16.297 167.292 441
-18.4683 166.533 439
-19.2167 166.533 439
-19.965 166.533 439
-20.7134 166.533 439
-21.4129 166.154 438
-22.1596 166.154 438
-22.854 165.775 437
-23.4909 165.016 435
-24.1768 164.637 434
-24.9167 164.637 434
-25.5974 164.257 433
-26.0923 162.74 429
-27.7588 159.705 421
-28.4765 159.705 421
-29.1942 159.705 421
-29.8409 159.326 420
-30.5569 159.326 420
-31.2728 159.326 420
-31.9127 158.946 419
-32.627 158.946 419
-33.2617 158.567 418
-33.9743 158.567 418
-34.6868 158.567 418
-35.2301 157.808 416
-35.8528 157.429 415
-36.5603 157.429 415
-37.178 157.05 414
-37.7922 156.67 413
-38.4963 156.67 413
-39.1054 156.291 412
-39.8078 156.291 412
-40.4118 155.912 411
-41.0125 155.532 410
-41.7114 155.532 410
-42.4103 155.532 410
-43.0041 155.153 409
-43.4877 154.394 407
-44.1815 154.394 407
-44.8754 154.394 407
-45.4572 154.015 406
-46.1494 154.015 406
-46.7261 153.636 405
-47.4165 153.636 405
-48.107 153.636 405
-48.7974 153.636 405
-49.3656 153.256 404
-50.0543 153.256 404
-50.743 153.256 404
-51.4318 153.256 404
-67.6221 149.463 394
-68.4671 149.842 395
-69.1405 149.842 395
-69.8139 149.842 395
-70.6657 150.221 396
-71.521 150.601 397
-72.1977 150.601 397
-73.0581 150.98 398
-73.7366 150.98 398
-74.4151 150.98 398
-75.0935 150.98 398
-75.772 150.98 398
-76.4505 150.98 398
-77.3228 151.359 399
-78.003 151.359 399
-78.6832 151.359 399
-79.5623 151.739 400
-80.2442 151.739 400
-80.9261 151.739 400
-81.608 151.739 400
-82.2899 151.739 400
-82.9718 151.739 400
-83.6537 151.739 400
-84.3356 151.739 400
-85.23 152.118 401
-85.9136 152.118 401
-86.5972 152.118 401
-87.2808 152.118 401
-88.1838 152.497 402
-88.8691 152.497 402
-89.5544 152.497 402
-90.4642 152.877 403
-91.1512 152.877 403
-91.8382 152.877 403
-92.5253 152.877 403
-102.886 160.464 423
-103.607 160.464 423
-104.575 160.843 424
-105.298 160.843 424
-106.27 161.222 425
-106.995 161.222 425
-107.973 161.602 426
-108.699 161.602 426
-109.425 161.602 426
-110.41 161.981 427
-111.398 162.361 428
-112.39 162.74 429
-113.121 162.74 429
-114.383 163.499 431
-115.385 163.878 432
-116.391 164.257 433
-117.129 164.257 433
-117.867 164.257 433
-118.879 164.637 434
-119.619 164.637 434
-120.636 165.016 435
-121.378 165.016 435
-122.681 165.775 437
-123.426 165.775 437
-124.455 166.154 438
-125.487 166.533 439
-126.523 166.913 440
-127.273 166.913 440
-128.023 166.913 440
-129.066 167.292 441
-129.818 167.292 441
-130.866 167.671 442
-131.917 168.051 443
-132.672 168.051 443
-133.427 168.051 443
-134.486 168.43 444
-135.242 168.43 444
-135.999 168.43 444
-136.756 168.43 444
-137.513 168.43 444
-159.437 190.053 501
-160.291 190.053 501
-161.145 190.053 501
-162.97 191.191 504
-163.829 191.191 504
-164.688 191.191 504
-165.876 191.57 505
-166.737 191.57 505
-167.597 191.57 505
-168.458 191.57 505
-859.481 855.048 2254
-863.324 855.048 2254
-867.166 855.048 2254
-871.009 855.048 2254
-874.851 855.048 2254
-881.423 857.704 2261
-885.277 857.704 2261
-889.131 857.704 2261
-887.852 852.772 2248
-891.684 852.772 2248
-895.516 852.772 2248
-899.348 852.772 2248
-903.181 852.772 2248
-907.013 852.772 2248
-910.845 852.772 2248
-913.457 851.634 2245
-917.284 851.634 2245
-919.88 850.496 2242
-923.702 850.496 2242
-927.524 850.496 2242
-926.361 845.944 2230
-930.163 845.944 2230
-933.965 845.944 2230
-932.72 841.392 2218
-931.857 837.219 2207
-933.075 834.943 2201
-936.828 834.943 2201
-938.016 832.667 2195
-937.896 829.253 2186
-940.761 828.494 2184
-944.484 828.494 2184
-946.905 827.356 2181
-949.315 826.218 2178
-949.09 822.804 2169
-952.788 822.804 2169
-955.604 822.045 2167
-957.97 820.907 2164
-960.326 819.769 2161
-964.01 819.769 2161
-966.35 818.631 2158
-968.68 817.493 2155
-970.098 815.596 2150
-973.763 815.596 2150
-974.701 813.32 2144
-977.443 812.561 2142
-981.095 812.561 2142
-984.746 812.561 2142
-987.013 811.423 2139
-987.881 809.147 2133
-991.517 809.147 2133
-995.154 809.147 2133
-997.853 808.388 2131
-1000.08 807.25 2128
-1002.29 806.112 2125
-1005.91 806.112 2125
-1008.11 804.974 2122
-1010.77 804.216 2120
-1011.52 801.94 2114
-1015.12 801.94 2114
-1017.76 801.181 2112
-1021.36 801.181 2112
-1023.5 800.043 2109
-1027.1 800.043 2109
-1028.25 798.146 2104
-1030.37 797.008 2101
-1033.95 797.008 2101
-1037.53 797.008 2101
-1038.63 795.111 2096
-1040.72 793.973 2093
-1041.79 792.077 2088
-1045.35 792.077 2088
-1046.4 790.18 2083
-1045.92 787.145 2075
-1046.92 785.248 2070
-1050.45 785.248 2070
-1051.44 783.352 2065
-1054.96 783.352 2065
-1054.38 780.317 2057
-1057.88 780.317 2057
1801.32 1532.84 4059
1794.4 1532.84 4059
1787.48 1532.84 4059
1776.17 1529.07 4049
1735.63 1499.99 3972
1677.06 1455.05 3853
1678.29 1461.85 3871
1671.69 1461.85 3871
1672.84 1468.65 3889
1666.21 1468.65 3889
1659.58 1468.65 3889
1652.95 1468.65 3889
1642.51 1465.25 3880
1635.9 1465.25 3880
1640.62 1475.44 3907
1633.96 1475.44 3907
1631.05 1478.84 3916
1651.75 1503.77 3982
1644.96 1503.77 3982
1638.17 1503.77 3982
1631.38 1503.77 3982
1628.27 1507.16 3991
1621.46 1507.16 3991
1614.66 1507.16 3991
1607.85 1507.16 3991
1593.43 1499.99 3972
1586.66 1499.99 3972
1579.89 1499.99 3972
1577.08 1503.77 3982
1570.29 1503.77 3982
1574.49 1514.34 4010
1567.66 1514.34 4010
1572.11 1525.29 4039
1565.22 1525.29 4039
1562.2 1529.07 4049
1555.29 1529.07 4049
1548.39 1529.07 4049
1545.3 1532.84 4059
1538.38 1532.84 4059
1531.46 1532.84 4059
1517.03 1525.29 4039
1510.14 1525.29 4039
1510.7 1532.84 4059
1503.78 1532.84 4059
1504.23 1540.4 4079
1497.28 1540.4 4079
1490.33 1540.4 4079
1479.74 1536.62 4069
1472.8 1536.62 4069
1473.07 1544.17 4089
1466.1 1544.17 4089
1459.13 1544.17 4089
1389.56 1536.62 4069
1382.62 1536.62 4069
1375.69 1536.62 4069
1355.63 1521.89 4030
1335.71 1507.16 3991
1319.58 1496.59 3963
1306.53 1489.42 3944
1299.81 1489.42 3944
1280.95 1475.44 3907
1256.68 1455.05 3853
1244.27 1448.25 3835
1237.73 1448.25 3835
1231.2 1448.25 3835
1236.16 1461.85 3871
1232.42 1465.25 3880
1228.64 1468.65 3889
1222.01 1468.65 3889
1218.2 1472.04 3898
1211.55 1472.04 3898
1204.91 1472.04 3898
1198.26 1472.04 3898
1191.62 1472.04 3898
1182.24 1468.65 3889
1175.61 1468.65 3889
1168.98 1468.65 3889
1162.35 1468.65 3889
1155.72 1468.65 3889
1149.09 1468.65 3889
1139.81 1465.25 3880
1133.2 1465.25 3880
1126.58 1465.25 3880
1119.97 1465.25 3880
1110.77 1461.85 3871
1101.61 1458.45 3862
1089.92 1451.65 3844
1083.37 1451.65 3844
1071.77 1444.85 3826
1060.52 1438.43 3809
1051.53 1435.04 3800
1045.05 1435.04 3800
1036.39 1432.01 3792
1022.86 1422.2 3766
1014.01 1418.8 3757
1007.61 1418.8 3757
1001.2 1418.8 3757
997.183 1422.2 3766
990.763 1422.2 3766
984.343 1422.2 3766
977.922 1422.2 3766
971.502 1422.2 3766
965.082 1422.2 3766
960.699 1425.22 3774
954.265 1425.22 3774
947.831 1425.22 3774
941.398 1425.22 3774
937.193 1428.62 3783
930.744 1428.62 3783
926.494 1432.01 3792
920.03 1432.01 3792
913.565 1432.01 3792
907.101 1432.01 3792
900.637 1432.01 3792
892.05 1428.62 3783
885.601 1428.62 3783
879.152 1428.62 3783
870.627 1425.22 3774
864.193 1425.22 3774
857.759 1425.22 3774
847.491 1418.8 3757
839.295 1415.78 3749
830.904 1412.38 3740
824.529 1412.38 3740
818.153 1412.38 3740
813.731 1415.78 3749
807.339 1415.78 3749
800.948 1415.78 3749
790.954 1409.36 3732
782.91 1406.33 3724
774.894 1403.31 3716
768.559 1403.31 3716
762.224 1403.31 3716
757.516 1406.33 3724
752.782 1409.36 3732
746.42 1409.36 3732
740.057 1409.36 3732
733.695 1409.36 3732
727.333 1409.36 3732
720.971 1409.36 3732
714.609 1409.36 3732
706.729 1406.33 3724
698.876 1403.31 3716
692.541 1403.31 3716
683.067 1396.89 3699
676.761 1396.89 3699
667.555 1390.85 3683
661.276 1390.85 3683
653.575 1387.83 3675
645.901 1384.81 3667
639.65 1384.81 3667
633.398 1384.81 3667
625.608 1381.41 3658
618.017 1378.39 3650
610.454 1375.37 3642
604.245 1375.37 3642
595.573 1369.7 3627
589.39 1369.7 3627
581.921 1366.68 3619
575.751 1366.68 3619
568.323 1363.66 3611
560.922 1360.64 3603
554.779 1360.64 3603
548.637 1360.64 3603
542.495 1360.64 3603
536.353 1360.64 3603
529.033 1357.62 3595
522.905 1357.62 3595
516.776 1357.62 3595
511.784 1360.64 3603
505.642 1360.64 3603
499.499 1360.64 3603
492.262 1357.62 3595
486.133 1357.62 3595
478.002 1351.95 3580
471.899 1351.95 3580
465.796 1351.95 3580
457.767 1346.29 3565
450.676 1343.27 3557
444.612 1343.27 3557
438.548 1343.27 3557
431.512 1340.25 3549
425.462 1340.25 3549
419.411 1340.25 3549
411.614 1334.58 3534
403.065 1326.27 3512
397.078 1326.27 3512
393.54 1334.58 3534
387.516 1334.58 3534
383.111 1340.25 3549
377.06 1340.25 3549
371.01 1340.25 3549
364.96 1340.25 3549
-9.63894 168.428 446
-10.3993 168.428 446
-11.1596 168.428 446
-11.8664 167.673 444
-12.6233 167.673 444
-13.3803 167.673 444
-14.1053 167.295 443
-14.8605 167.295 443
-15.6157 167.295 443
-16.297 166.54 441
-18.4683 165.784 439
-19.2167 165.784 439
-19.965 165.784 439
-20.7134 165.784 439
-21.4129 165.407 438
-22.1596 165.407 438
-22.854 165.029 437
-23.4909 164.274 435
-24.1768 163.896 434
-24.9167 163.896 434
-25.5974 163.519 433
-26.0923 162.008 429
-28.4089 158.609 420
-29.1249 158.609 420
-29.8409 158.609 420
-30.5569 158.609 420
-31.2728 158.609 420
-31.9127 158.232 419
-32.627 158.232 419
-33.2617 157.854 418
-33.9743 157.854 418
-34.6039 157.476 417
-35.1454 156.721 415
-35.7664 156.343 414
-36.4722 156.343 414
-37.0882 155.966 413
-37.7922 155.966 413
-38.4031 155.588 412
-39.1054 155.588 412
-39.8078 155.588 412
-40.4118 155.21 411
-41.0125 154.833 410
-41.7114 154.833 410
-42.4103 154.833 410
-43.0041 154.455 409
-43.4877 153.7 407
-44.1815 153.7 407
-44.8754 153.7 407
-45.4572 153.322 406
-46.1494 153.322 406
-46.7261 152.945 405
-47.4165 152.945 405
-48.107 152.945 405
-48.7974 152.945 405
-49.3656 152.567 404
-50.0543 152.567 404
-50.743 152.567 404
-51.3045 152.189 403
-67.6221 148.791 394
-68.4671 149.168 395
-69.1405 149.168 395
-69.8139 149.168 395
-70.6657 149.546 396
-71.521 149.923 397
-72.1977 149.923 397
-73.0581 150.301 398
-73.7366 150.301 398
-74.4151 150.301 398
-75.0935 150.301 398
-75.772 150.301 398
-76.4505 150.301 398
-77.3228 150.679 399
-78.003 150.679 399
-78.6832 150.679 399
-79.5623 151.056 400
-80.2442 151.056 400
-80.9261 151.056 400
-81.608 151.056 400
-82.2899 151.056 400
-82.9718 151.056 400
-83.6537 151.056 400
-84.3356 151.056 400
-85.23 151.434 401
-85.9136 151.434 401
-86.5972 151.434 401
-87.4985 151.812 402
-88.1838 151.812 402
-88.8691 151.812 402
-89.7772 152.189 403
-90.4642 152.189 403
-91.3774 152.567 404
-92.0661 152.567 404
-92.7548 152.567 404
-102.643 159.364 422
-103.362 159.364 422
-104.328 159.742 423
-105.298 160.12 424
-106.02 160.12 424
-106.995 160.497 425
-107.973 160.875 426
-108.699 160.875 426
-109.425 160.875 426
-110.41 161.253 427
-111.398 161.63 428
-112.652 162.386 430
-113.385 162.386 430
-114.383 162.763 431
-115.652 163.519 433
-116.391 163.519 433
-117.129 163.519 433
-118.139 163.896 434
-119.153 164.274 435
-119.894 164.274 435
-120.636 164.274 435
-121.657 164.651 436
-122.961 165.407 438
-123.708 165.407 438
-124.739 165.784 439
-125.487 165.784 439
-126.523 166.162 440
-127.273 166.162 440
-128.023 166.162 440
-129.066 166.54 441
-129.818 166.54 441
-130.866 166.917 442
-131.917 167.295 443
-132.672 167.295 443
-133.427 167.295 443
-134.183 167.295 443
-135.242 167.673 444
-135.999 167.673 444
-136.756 167.673 444
-137.203 167.295 443
-859.481 851.203 2254
-863.324 851.203 2254
-867.166 851.203 2254
-871.009 851.203 2254
-874.851 851.203 2254
-881.423 853.846 2261
-885.277 853.846 2261
-889.131 853.846 2261
-887.852 848.937 2248
-891.684 848.937 2248
-895.516 848.937 2248
-899.348 848.937 2248
-903.181 848.937 2248
-905.802 847.804 2245
-909.63 847.804 2245
-913.457 847.804 2245
-917.284 847.804 2245
-921.111 847.804 2245
-924.938 847.804 2245
-927.524 846.671 2242
-927.608 843.272 2233
-930.163 842.139 2230
-933.965 842.139 2230
-932.72 837.608 2218
-933.123 834.586 2210
-934.347 832.321 2204
-938.104 832.321 2204
-939.298 830.055 2198
-937.896 825.523 2186
-941.623 825.523 2186
-945.349 825.523 2186
-948.207 824.768 2184
-949.315 822.502 2178
-949.09 819.103 2169
-952.788 819.103 2169
-956.485 819.103 2169
-959.298 818.348 2167
-960.326 816.082 2161
-964.01 816.082 2161
-966.35 814.949 2158
-968.68 813.816 2155
-970.098 811.928 2150
-973.763 811.928 2150
-974.701 809.662 2144
-978.356 809.662 2144
-981.095 808.907 2142
-984.746 808.907 2142
-987.013 807.774 2139
-987.881 805.508 2133
-991.517 805.508 2133
-995.154 805.508 2133
-996.448 803.62 2128
-1000.08 803.62 2128
-1002.29 802.487 2125
-1005.91 802.487 2125
-1008.11 801.354 2122
-1010.77 800.599 2120
-1012.95 799.466 2117
-1016.56 799.466 2117
-1017.76 797.578 2112
-1019.91 796.445 2109
-1021.08 794.556 2104
-1024.67 794.556 2104
-1026.79 793.424 2101
-1028.9 792.291 2098
-1032.47 792.291 2098
-1036.05 792.291 2098
-1038.63 791.535 2096
-1040.72 790.402 2093
-1040.29 787.381 2085
-1043.85 787.381 2085
-1044.89 785.493 2080
-1045.92 783.605 2075
-1046.92 781.717 2070
-1050.45 781.717 2070
-1051.44 779.828 2065
-1053.42 778.695 2062
-1054.38 776.807 2057
-1057.88 776.807 2057
1805.76 1529.68 4069
1798.82 1529.68 4069
1791.88 1529.68 4069
1780.56 1525.92 4059
1740 1496.97 3982
1677.06 1448.48 3853
1686.1 1462.01 3889
1679.47 1462.01 3889
1672.84 1462.01 3889
1666.21 1462.01 3889
1659.58 1462.01 3889
1652.95 1462.01 3889
1642.51 1458.63 3880
1635.9 1458.63 3880
1640.62 1468.78 3907
1633.96 1468.78 3907
1631.05 1472.16 3916
1651.75 1496.97 3982
1644.96 1496.97 3982
1638.17 1496.97 3982
1631.38 1496.97 3982
1628.27 1500.36 3991
1621.46 1500.36 3991
1614.66 1500.36 3991
1607.85 1500.36 3991
1589.82 1489.83 3963
1583.06 1489.83 3963
1568.75 1482.69 3944
1562.03 1482.69 3944
1555.3 1482.69 3944
1574.49 1507.5 4010
1567.66 1507.5 4010
1579.89 1525.92 4059
1572.97 1525.92 4059
1566.05 1525.92 4059
1559.13 1525.92 4059
1548.39 1522.16 4049
1545.3 1525.92 4059
1538.38 1525.92 4059
1531.46 1525.92 4059
1517.03 1518.4 4039
1517.62 1525.92 4059
1521.86 1537.2 4089
1514.89 1537.2 4089
1507.92 1537.2 4089
1497.28 1533.44 4079
1490.33 1533.44 4079
1389.56 1529.68 4069
1382.62 1529.68 4069
1375.69 1529.68 4069
1362.02 1522.16 4049
1348.76 1515.02 4030
1328.91 1500.36 3991
1322.1 1500.36 3991
1315.3 1500.36 3991
1293.09 1482.69 3944
1274.29 1468.78 3907
1253.03 1451.86 3862
1246.45 1451.86 3862
1236.98 1448.48 3853
1236.16 1455.24 3871
1232.42 1458.63 3880
1228.64 1462.01 3889
1222.01 1462.01 3889
1218.2 1465.39 3898
1211.55 1465.39 3898
1204.91 1465.39 3898
1198.26 1465.39 3898
1191.62 1465.39 3898
1182.24 1462.01 3889
1175.61 1462.01 3889
1168.98 1462.01 3889
1162.35 1462.01 3889
1155.72 1462.01 3889
1149.09 1462.01 3889
1139.81 1458.63 3880
1133.2 1458.63 3880
1126.58 1458.63 3880
1119.97 1458.63 3880
1110.77 1455.24 3871
1101.61 1451.86 3862
1089.92 1445.09 3844
1083.37 1445.09 3844
1071.77 1438.33 3826
1060.52 1431.94 3809
1054.02 1431.94 3809
1047.53 1431.94 3809
1041.04 1431.94 3809
1029.92 1425.54 3792
1021.03 1422.16 3783
1014.58 1422.16 3783
1003.6 1415.77 3766
999.301 1418.78 3774
992.867 1418.78 3774
986.434 1418.78 3774
980 1418.78 3774
973.566 1418.78 3774
967.133 1418.78 3774
960.699 1418.78 3774
954.265 1418.78 3774
947.831 1418.78 3774
943.643 1422.16 3783
937.193 1422.16 3783
930.744 1422.16 3783
926.494 1425.54 3792
920.03 1425.54 3792
913.565 1425.54 3792
907.101 1425.54 3792
900.637 1425.54 3792
892.05 1422.16 3783
885.601 1422.16 3783
879.152 1422.16 3783
870.627 1418.78 3774
862.361 1415.77 3766
855.941 1415.77 3766
847.491 1412.39 3757
839.295 1409.38 3749
830.904 1406 3740
824.529 1406 3740
818.153 1406 3740
813.731 1409.38 3749
807.339 1409.38 3749
800.948 1409.38 3749
790.954 1402.99 3732
782.91 1399.98 3724
774.894 1396.97 3716
770.213 1399.98 3724
763.865 1399.98 3724
759.144 1402.99 3732
754.395 1406 3740
748.02 1406 3740
741.644 1406 3740
735.268 1406 3740
728.892 1406 3740
722.517 1406 3740
716.141 1406 3740
708.247 1402.99 3732
700.38 1399.98 3724
694.032 1399.98 3724
686.206 1396.97 3716
678.224 1393.59 3707
670.455 1390.58 3699
664.149 1390.58 3699
654.998 1384.57 3683
647.31 1381.56 3675
639.65 1378.55 3667
633.398 1378.55 3667
627.147 1378.55 3667
620.896 1378.55 3667
613.136 1375.17 3658
606.9 1375.17 3658
598.037 1369.15 3642
591.828 1369.15 3642
583.207 1363.52 3627
577.024 1363.52 3627
569.582 1360.51 3619
563.412 1360.51 3619
556.011 1357.5 3611
549.855 1357.5 3611
542.495 1354.49 3603
536.353 1354.49 3603
529.033 1351.49 3595
522.905 1351.49 3595
516.776 1351.49 3595
511.784 1354.49 3603
505.642 1354.49 3603
499.499 1354.49 3603
492.262 1351.49 3595
486.133 1351.49 3595
478.002 1345.85 3580
471.899 1345.85 3580
465.796 1345.85 3580
457.767 1340.21 3565
450.676 1337.2 3557
444.612 1337.2 3557
438.548 1337.2 3557
431.512 1334.19 3549
425.462 1334.19 3549
419.411 1334.19 3549
411.614 1328.55 3534
403.065 1320.28 3512
397.078 1320.28 3512
393.54 1328.55 3534
387.516 1328.55 3534
383.974 1337.2 3557
377.91 1337.2 3557
371.846 1337.2 3557
365.783 1337.2 3557
-11.1095 166.915 444
-11.8664 166.915 444
-12.6233 166.915 444
-13.3803 166.915 444
-14.1053 166.539 443
-14.7934 165.787 441
-15.5452 165.787 441
-16.297 165.787 441
-18.4683 165.035 439
-19.2167 165.035 439
-19.965 165.035 439
-20.7134 165.035 439
-21.4129 164.659 438
-22.1596 164.659 438
-22.854 164.284 437
-23.4909 163.532 435
-24.1768 163.156 434
-24.9167 163.156 434
-28.4089 157.893 420
-29.1249 157.893 420
-29.8409 157.893 420
-30.5569 157.893 420
-31.2728 157.893 420
-31.9888 157.893 420
-32.627 157.517 419
-33.2617 157.141 418
-33.9743 157.141 418
-34.6039 156.765 417
-35.2301 156.389 416
-35.7664 155.637 414
-36.4722 155.637 414
-37.0882 155.261 413
-37.7922 155.261 413
-38.4031 154.885 412
-39.1054 154.885 412
-39.8078 154.885 412
-40.4118 154.509 411
-41.0125 154.133 410
-41.7114 154.133 410
-42.4103 154.133 410
-42.899 153.381 408
-43.4877 153.005 407
-44.1815 153.005 407
-44.8754 153.005 407
-45.4572 152.63 406
-46.1494 152.63 406
-46.7261 152.254 405
-47.4165 152.254 405
-48.107 152.254 405
-48.7974 152.254 405
-49.3656 151.878 404
-50.0543 151.878 404
-50.6174 151.502 403
-51.3045 151.502 403
-68.4671 148.494 395
-69.1405 148.494 395
-69.8139 148.494 395
-70.6657 148.87 396
-71.7011 149.622 398
-72.3796 149.622 398
-73.0581 149.622 398
-73.7366 149.622 398
-74.4151 149.622 398
-75.0935 149.622 398
-75.772 149.622 398
-76.4505 149.622 398
-77.3228 149.998 399
-78.003 149.998 399
-78.6832 149.998 399
-79.5623 150.374 400
-80.2442 150.374 400
-80.9261 150.374 400
-81.608 150.374 400
-82.2899 150.374 400
-82.9718 150.374 400
-83.6537 150.374 400
-84.3356 150.374 400
-85.23 150.75 401
-85.9136 150.75 401
-86.5972 150.75 401
-87.4985 151.126 402
-88.1838 151.126 402
-88.8691 151.126 402
-89.7772 151.502 403
-90.4642 151.502 403
-91.3774 151.878 404
-92.0661 151.878 404
-92.7548 151.878 404
-102.643 158.644 422
-103.362 158.644 422
-104.328 159.02 423
-105.298 159.396 424
-106.02 159.396 424
-106.995 159.772 425
-107.973 160.148 426
-108.699 160.148 426
-109.425 160.148 426
-110.41 160.524 427
-111.398 160.9 428
-112.652 161.652 430
-113.385 161.652 430
-114.649 162.404 432
-115.652 162.78 433
-116.391 162.78 433
-117.399 163.156 434
-118.139 163.156 434
-119.153 163.532 435
-119.894 163.532 435
-120.636 163.532 435
-121.657 163.908 436
-122.961 164.659 438
-123.708 164.659 438
-124.739 165.035 439
-125.487 165.035 439
-126.523 165.411 440
-127.273 165.411 440
-128.023 165.411 440
-129.066 165.787 441
-129.818 165.787 441
-130.866 166.163 442
-131.619 166.163 442
-132.672 166.539 443
-133.427 166.539 443
-134.183 166.539 443
-134.938 166.539 443
-135.693 166.539 443
-136.448 166.539 443
-137.203 166.539 443
-857.578 841.718 2239
-867.166 847.357 2254
-871.009 847.357 2254
-874.851 847.357 2254
-875.185 843.974 2245
-879.012 843.974 2245
-882.839 843.974 2245
-884.297 841.718 2239
-889.304 842.846 2242
-895.516 845.101 2248
-899.348 845.101 2248
-903.181 845.101 2248
-905.802 843.974 2245
-909.63 843.974 2245
-913.457 843.974 2245
-917.284 843.974 2245
-921.111 843.974 2245
-924.938 843.974 2245
-927.524 842.846 2242
-927.608 839.462 2233
-930.163 838.335 2230
-933.965 838.335 2230
-932.72 833.823 2218
-934.39 831.944 2213
-935.619 829.688 2207
-939.381 829.688 2207
-939.298 826.305 2198
-939.183 822.921 2189
-941.623 821.793 2186
-945.349 821.793 2186
-948.207 821.042 2184
-950.623 819.914 2181
-950.403 816.53 2172
-954.106 816.53 2172
-956.485 815.403 2169
-959.298 814.651 2167
-961.659 813.523 2164
-965.348 813.523 2164
-966.35 811.267 2158
-968.68 810.139 2155
-971.452 809.388 2153
-975.122 809.388 2153
-974.701 806.004 2144
-978.356 806.004 2144
-981.095 805.252 2142
-984.746 805.252 2142
-987.013 804.125 2139
-989.271 802.997 2136
-991.517 801.869 2133
-995.154 801.869 2133
-997.853 801.117 2131
-1000.08 799.989 2128
-1003.7 799.989 2128
-1007.33 799.989 2128
-1009.53 798.861 2125
-1011.73 797.734 2122
-1014.39 796.982 2120
-1018 796.982 2120
-1018.72 794.726 2114
-1022.33 794.726 2114
-1023.5 792.846 2109
-1027.1 792.846 2109
-1028.25 790.967 2104
-1030.37 789.839 2101
-1032.47 788.711 2098
-1036.05 788.711 2098
-1038.63 787.959 2096
-1040.72 786.832 2093
-1043.29 786.08 2091
-1046.85 786.08 2091
-1046.4 783.072 2083
-1047.43 781.193 2078
-1047.94 778.937 2072
-1051.47 778.937 2072
-1051.44 776.305 2065
-1053.42 775.178 2062
-1051.81 771.418 2052
-1055.31 771.418 2052
1805.76 1522.74 4069
1798.82 1522.74 4069
1791.88 1522.74 4069
1780.56 1518.99 4059
1740 1490.18 3982
1673.14 1438.54 3844
1686.1 1455.38 3889
1679.47 1455.38 3889
1672.84 1455.38 3889
1666.21 1455.38 3889
1659.58 1455.38 3889
1645.3 1448.64 3871
1627.27 1438.54 3844
1602.17 1422.07 3800
1603.25 1428.81 3818
1596.74 1428.81 3818
1593.56 1431.8 3826
1587.04 1431.8 3826
1580.52 1431.8 3826
1573.99 1431.8 3826
1615.81 1475.96 3944
1624.59 1490.18 3982
1617.81 1490.18 3982
1611.02 1490.18 3982
1604.23 1490.18 3982
1589.82 1483.07 3963
1583.06 1483.07 3963
1568.75 1475.96 3944
1562.03 1475.96 3944
1562.8 1483.07 3963
1585.88 1511.51 4039
1578.99 1511.51 4039
1583.79 1522.74 4069
1576.85 1522.74 4069
1573.77 1526.48 4079
1566.82 1526.48 4079
1559.86 1526.48 4079
1545.3 1518.99 4059
1538.38 1518.99 4059
1531.46 1518.99 4059
1517.03 1511.51 4039
1517.62 1518.99 4059
1521.86 1530.22 4089
1514.89 1530.22 4089
1507.92 1530.22 4089
1497.28 1526.48 4079
1490.33 1526.48 4079
1375.83 1515.25 4049
1375.69 1522.74 4069
1368.75 1522.74 4069
1361.81 1522.74 4069
1344.89 1511.51 4039
1338 1511.51 4039
1328.15 1508.14 4030
1318 1504.4 4020
1304.95 1497.29 4001
1298.13 1497.29 4001
1270.01 1472.59 3935
1263.3 1472.59 3935
1247.65 1462.11 3907
1240.99 1462.11 3907
1234.33 1462.11 3907
1227.67 1462.11 3907
1218.2 1458.74 3898
1211.55 1458.74 3898
1204.91 1458.74 3898
1198.26 1458.74 3898
1191.62 1458.74 3898
1182.24 1455.38 3889
1175.61 1455.38 3889
1168.98 1455.38 3889
1162.35 1455.38 3889
1155.72 1455.38 3889
1154.41 1462.11 3907
1147.75 1462.11 3907
1141.08 1462.11 3907
1134.42 1462.11 3907
1127.76 1462.11 3907
1118.52 1458.74 3898
1109.31 1455.38 3889
1100.13 1452.01 3880
1093.51 1452.01 3880
1079.33 1441.9 3853
1065.25 1431.8 3826
1056.51 1428.81 3818
1050 1428.81 3818
1041.04 1425.44 3809
1029.92 1419.08 3792
1021.03 1415.71 3783
1014.58 1415.71 3783
1003.6 1409.35 3766
999.301 1412.34 3774
992.867 1412.34 3774
986.434 1412.34 3774
980 1412.34 3774
973.566 1412.34 3774
967.133 1412.34 3774
960.699 1412.34 3774
954.265 1412.34 3774
947.831 1412.34 3774
943.643 1415.71 3783
937.193 1415.71 3783
930.744 1415.71 3783
926.494 1419.08 3792
920.03 1419.08 3792
913.565 1419.08 3792
904.948 1415.71 3783
898.499 1415.71 3783
889.928 1412.34 3774
883.494 1412.34 3774
877.06 1412.34 3774
870.627 1412.34 3774
862.361 1409.35 3766
855.941 1409.35 3766
849.521 1409.35 3766
839.295 1402.98 3749
830.904 1399.62 3740
824.529 1399.62 3740
818.153 1399.62 3740
813.731 1402.98 3749
807.339 1402.98 3749
800.948 1402.98 3749
792.65 1399.62 3740
784.592 1396.62 3732
776.562 1393.63 3724
773.523 1399.62 3740
767.147 1399.62 3740
762.602 1402.98 3749
756.211 1402.98 3749
751.42 1405.98 3757
745.015 1405.98 3757
738.61 1405.98 3757
732.205 1405.98 3757
725.801 1405.98 3757
719.396 1405.98 3757
711.473 1402.98 3749
701.885 1396.62 3732
695.523 1396.62 3732
687.683 1393.63 3724
679.871 1390.63 3716
671.905 1387.27 3707
665.585 1387.27 3707
657.843 1384.27 3699
648.719 1378.28 3683
642.44 1378.28 3683
636.162 1378.28 3683
629.883 1378.28 3683
622.25 1375.29 3675
614.644 1372.3 3667
608.393 1372.3 3667
599.35 1365.93 3650
593.128 1365.93 3650
585.619 1362.94 3642
579.41 1362.94 3642
570.841 1357.33 3627
564.658 1357.33 3627
557.243 1354.33 3619
551.073 1354.33 3619
543.699 1351.34 3611
537.544 1351.34 3611
530.211 1348.35 3603
524.068 1348.35 3603
517.926 1348.35 3603
511.784 1348.35 3603
505.642 1348.35 3603
499.499 1348.35 3603
493.357 1348.35 3603
487.215 1348.35 3603
480.005 1345.35 3595
473.876 1345.35 3595
467.748 1345.35 3595
459.693 1339.74 3580
452.576 1336.74 3572
446.487 1336.74 3572
439.535 1334.13 3565
433.457 1334.13 3565
427.38 1334.13 3565
421.302 1334.13 3565
413.361 1328.14 3549
405.59 1322.52 3534
399.565 1322.52 3534
395.211 1328.14 3549
389.161 1328.14 3549
383.974 1331.13 3557
377.91 1331.13 3557
371.846 1331.13 3557
365.783 1331.13 3557
-11.8397 165.783 443
-12.5949 165.783 443
-13.3501 165.783 443
-14.1053 165.783 443
-14.7934 165.035 441
-15.5452 165.035 441
-16.297 165.035 441
-18.4262 163.912 438
-19.1729 163.912 438
-19.9196 163.912 438
-20.6662 163.912 438
-21.364 163.538 437
-22.109 163.538 437
-22.7494 162.789 435
-23.4369 162.415 434
-28.4089 157.176 420
-29.1249 157.176 420
-29.8409 157.176 420
-30.5569 157.176 420
-31.2728 157.176 420
-31.9888 157.176 420
-32.627 156.802 419
-33.2617 156.428 418
-33.9743 156.428 418
-34.6039 156.053 417
-35.2301 155.679 416
-35.7664 154.931 414
-36.4722 154.931 414
-37.0882 154.556 413
-37.7922 154.556 413
-38.4031 154.182 412
-39.1054 154.182 412
-39.8078 154.182 412
-40.4118 153.808 411
-41.0125 153.434 410
-41.7114 153.434 410
-42.4103 153.434 410
-43.0041 153.06 409
-43.5945 152.685 408
-44.1815 152.311 407
-44.8754 152.311 407
-45.4572 151.937 406
-46.1494 151.937 406
-46.7261 151.563 405
-47.4165 151.563 405
-48.107 151.563 405
-48.7974 151.563 405
-49.3656 151.188 404
-50.0543 151.188 404
-50.6174 150.814 403
-51.3045 150.814 403
-68.4671 147.82 395
-69.1405 147.82 395
-69.9906 148.195 396
-70.6657 148.195 396
-71.7011 148.943 398
-72.3796 148.943 398
-73.0581 148.943 398
-73.7366 148.943 398
-74.4151 148.943 398
-75.0935 148.943 398
-75.772 148.943 398
-76.4505 148.943 398
-77.3228 149.317 399
-78.003 149.317 399
-78.6832 149.317 399
-79.5623 149.691 400
-80.2442 149.691 400
-80.9261 149.691 400
-81.608 149.691 400
-82.2899 149.691 400
-82.9718 149.691 400
-83.6537 149.691 400
-84.3356 149.691 400
-85.23 150.066 401
-85.9136 150.066 401
-86.5972 150.066 401
-87.4985 150.44 402
-88.1838 150.44 402
-88.8691 150.44 402
-89.7772 150.814 403
-90.6887 151.188 404
-91.3774 151.188 404
-92.0661 151.188 404
-92.7548 151.188 404
-102.643 157.925 422
-103.362 157.925 422
-104.082 157.925 422
-105.298 158.673 424
-106.02 158.673 424
-106.995 159.047 425
-107.973 159.421 426
-108.699 159.421 426
-109.425 159.421 426
-110.41 159.796 427
-111.398 160.17 428
-112.652 160.918 430
-113.385 160.918 430
-114.649 161.667 432
-115.652 162.041 433
-116.391 162.041 433
-117.399 162.415 434
-118.139 162.415 434
-119.153 162.789 435
-119.894 162.789 435
-120.636 162.789 435
-121.657 163.164 436
-122.961 163.912 438
-123.708 163.912 438
-124.739 164.286 439
-125.487 164.286 439
-126.523 164.661 440
-127.273 164.661 440
-128.023 164.661 440
-129.066 165.035 441
-129.818 165.035 441
-130.866 165.409 442
-131.619 165.409 442
-132.672 165.783 443
-133.427 165.783 443
-134.183 165.783 443
-134.938 165.783 443
-135.693 165.783 443
-136.448 165.783 443
-137.203 165.783 443
-845.754 830.039 2218
-857.578 837.898 2239
-867.166 843.511 2254
-871.009 843.511 2254
-874.851 843.511 2254
-872.846 837.898 2239
-876.663 837.898 2239
-880.48 837.898 2239
-883.112 836.775 2236
-888.114 837.898 2239
-893.126 839.021 2242
-896.948 839.021 2242
-900.77 839.021 2242
-905.802 840.143 2245
-909.63 840.143 2245
-913.457 840.143 2245
-917.284 840.143 2245
-921.111 840.143 2245
-924.938 840.143 2245
-927.524 839.021 2242
-927.608 835.653 2233
-930.163 834.53 2230
-933.965 834.53 2230
-932.72 830.039 2218
-934.39 828.168 2213
-935.619 825.923 2207
-939.381 825.923 2207
-939.298 822.555 2198
-939.183 819.187 2189
-941.623 818.064 2186
-945.349 818.064 2186
-948.207 817.315 2184
-950.623 816.193 2181
-950.403 812.825 2172
-954.106 812.825 2172
-956.485 811.702 2169
-959.298 810.954 2167
-961.659 809.831 2164
-965.348 809.831 2164
-966.35 807.586 2158
-968.68 806.463 2155
-971.452 805.714 2153
-975.122 805.714 2153
-974.701 802.346 2144
-978.356 802.346 2144
-981.095 801.598 2142
-984.746 801.598 2142
-987.013 800.475 2139
-989.271 799.352 2136
-991.517 798.23 2133
-995.154 798.23 2133
-997.853 797.481 2131
-1000.08 796.359 2128
-1003.7 796.359 2128
-1007.33 796.359 2128
-1009.53 795.236 2125
-1013.16 795.236 2125
-1015.34 794.113 2122
-1018.96 794.113 2122
-1021.62 793.365 2120
-1023.78 792.242 2117
-1025.93 791.119 2114
-1029.54 791.119 2114
-1029.23 788.126 2106
-1031.84 787.377 2104
-1033.95 786.254 2101
-1037.53 786.254 2101
-1039.63 785.132 2098
-1042.21 784.383 2096
-1043.29 782.512 2091
-1046.85 782.512 2091
-1046.4 779.518 2083
-1047.43 777.647 2078
-1049.45 776.525 2075
-1052.99 776.525 2075
-1051.44 772.782 2065
-1053.42 771.66 2062
-1047.71 764.923 2044
-1051.2 764.923 2044
1805.76 1515.79 4069
1798.82 1515.79 4069
1791.88 1515.79 4069
1784.95 1515.79 4069
1740 1483.38 3982
1692.73 1448.74 3889
1706.04 1465.88 3935
1699.33 1465.88 3935
1696.5 1469.23 3944
1689.77 1469.23 3944
1683.05 1469.23 3944
1660.6 1455.45 3907
1608.64 1415.59 3800
1598.79 1412.61 3792
1592.33 1412.61 3792
1582.1 1409.25 3783
1575.65 1409.25 3783
1583.72 1422.29 3818
1580.52 1425.27 3826
1573.99 1425.27 3826
1578.53 1435.33 3853
1620.51 1479.66 3972
1613.74 1479.66 3972
1606.97 1479.66 3972
1600.2 1479.66 3972
1589.82 1476.31 3963
1583.06 1476.31 3963
1561.19 1462.15 3925
1562.03 1469.23 3944
1562.8 1476.31 3963
1585.88 1504.62 4039
1578.99 1504.62 4039
1583.79 1515.79 4069
1576.85 1515.79 4069
1573.77 1519.52 4079
1566.82 1519.52 4079
1559.86 1519.52 4079
1541.49 1508.34 4049
1534.59 1508.34 4049
1520.51 1501.27 4030
1513.64 1501.27 4030
1517.62 1512.07 4059
1521.86 1523.24 4089
1514.89 1523.24 4089
1507.92 1523.24 4089
1375.83 1508.34 4049
1375.69 1515.79 4069
1368.75 1515.79 4069
1361.81 1515.79 4069
1344.89 1504.62 4039
1338 1504.62 4039
1328.15 1501.27 4030
1318 1497.54 4020
1304.95 1490.46 4001
1298.13 1490.46 4001
1291.31 1490.46 4001
1266.19 1469.23 3944
1259.47 1469.23 3944
1252.74 1469.23 3944
1246.02 1469.23 3944
1236.47 1465.88 3935
1229.76 1465.88 3935
1223.05 1465.88 3935
1216.34 1465.88 3935
1201.03 1455.45 3907
1191.62 1452.09 3898
1176.76 1442.03 3871
1170.16 1442.03 3871
1163.57 1442.03 3871
1159.66 1445.39 3880
1155.72 1448.74 3889
1157.06 1458.8 3916
1150.39 1458.8 3916
1143.71 1458.8 3916
1137.04 1458.8 3916
1130.36 1458.8 3916
1123.69 1458.8 3916
1111.88 1452.09 3898
1102.68 1448.74 3889
1096.05 1448.74 3889
1086.9 1445.39 3880
1070.26 1431.98 3844
1058.73 1425.27 3826
1052.2 1425.27 3826
1043.5 1422.29 3818
1032.1 1415.59 3800
1023.46 1412.61 3792
1019.14 1415.59 3800
1012.66 1415.59 3800
1008.57 1418.94 3809
1004.44 1422.29 3818
997.934 1422.29 3818
991.425 1422.29 3818
982.595 1418.94 3809
971.745 1412.61 3792
965.281 1412.61 3792
956.541 1409.25 3783
950.092 1409.25 3783
945.888 1412.61 3792
939.423 1412.61 3792
932.959 1412.61 3792
926.494 1412.61 3792
917.846 1409.25 3783
911.397 1409.25 3783
904.948 1409.25 3783
898.499 1409.25 3783
889.928 1405.9 3774
883.494 1405.9 3774
877.06 1405.9 3774
868.781 1402.92 3766
862.361 1402.92 3766
855.941 1402.92 3766
849.521 1402.92 3766
839.295 1396.59 3749
830.904 1393.23 3740
824.529 1393.23 3740
818.153 1393.23 3740
813.731 1396.59 3749
807.339 1396.59 3749
800.948 1396.59 3749
792.65 1393.23 3740
784.592 1390.25 3732
776.562 1387.27 3724
773.523 1393.23 3740
767.147 1393.23 3740
762.602 1396.59 3749
756.211 1396.59 3749
751.42 1399.57 3757
745.015 1399.57 3757
738.61 1399.57 3757
732.205 1399.57 3757
725.801 1399.57 3757
719.396 1399.57 3757
712.991 1399.57 3757
703.389 1393.23 3740
697.013 1393.23 3740
689.16 1390.25 3732
681.335 1387.27 3724
673.536 1384.29 3716
667.201 1384.29 3716
659.266 1380.94 3707
651.537 1377.96 3699
645.231 1377.96 3699
638.926 1377.96 3699
631.252 1374.98 3691
623.605 1372 3683
615.985 1369.02 3675
609.72 1369.02 3675
602.142 1366.04 3667
593.128 1359.71 3650
586.906 1359.71 3650
580.683 1359.71 3650
573.202 1356.73 3642
565.903 1354.12 3635
558.475 1351.14 3627
552.292 1351.14 3627
546.108 1351.14 3627
539.925 1351.14 3627
533.742 1351.14 3627
527.559 1351.14 3627
521.376 1351.14 3627
515.193 1351.14 3627
509.01 1351.14 3627
502.827 1351.14 3627
495.548 1348.16 3619
489.379 1348.16 3619
481.073 1342.2 3603
474.931 1342.2 3603
467.748 1339.22 3595
459.693 1333.63 3580
453.59 1333.63 3580
447.487 1333.63 3580
441.384 1333.63 3580
434.308 1330.65 3572
428.219 1330.65 3572
422.129 1330.65 3572
414.293 1325.06 3557
405.59 1316.49 3534
399.565 1316.49 3534
395.211 1322.08 3549
389.161 1322.08 3549
383.974 1325.06 3557
377.91 1325.06 3557
371.846 1325.06 3557
365.783 1325.06 3557
-11.8664 165.4 444
-12.6233 165.4 444
-13.3803 165.4 444
-14.1053 165.027 443
-14.827 164.655 442
-15.5805 164.655 442
-16.297 164.282 441
-18.4262 163.165 438
-19.1729 163.165 438
-19.9196 163.165 438
-20.6662 163.165 438
-21.4129 163.165 438
-22.1596 163.165 438
-22.6971 161.675 434
-23.4369 161.675 434
-28.4089 156.459 420
-29.1249 156.459 420
-29.8409 156.459 420
-30.5569 156.459 420
-31.2728 156.459 420
-31.9888 156.459 420
-32.627 156.087 419
-33.2617 155.714 418
-33.9743 155.714 418
-34.6039 155.342 417
-35.2301 154.969 416
-35.7664 154.224 414
-36.4722 154.224 414
-37.0882 153.852 413
-37.7922 153.852 413
-38.4031 153.479 412
-39.1054 153.479 412
-39.8078 153.479 412
-40.4118 153.107 411
-41.0125 152.734 410
-41.7114 152.734 410
-42.4103 152.734 410
-43.0041 152.362 409
-43.5945 151.989 408
-44.1815 151.617 407
-44.8754 151.617 407
-45.4572 151.244 406
-46.1494 151.244 406
-46.7261 150.872 405
-47.4165 150.872 405
-48.107 150.872 405
-48.7974 150.872 405
-49.2434 150.127 403
-49.9304 150.127 403
-50.6174 150.127 403
-51.3045 150.127 403
-68.4671 147.146 395
-69.1405 147.146 395
-69.9906 147.519 396
-70.6657 147.519 396
-71.8813 148.637 399
-72.5614 148.637 399
-73.2416 148.637 399
-73.9218 148.637 399
-74.602 148.637 399
-75.0935 148.264 398
-75.772 148.264 398
-76.6426 148.637 399
-77.3228 148.637 399
-78.003 148.637 399
-78.8804 149.009 400
-79.5623 149.009 400
-80.2442 149.009 400
-80.9261 149.009 400
-81.608 149.009 400
-82.2899 149.009 400
-82.9718 149.009 400
-83.6537 149.009 400
-84.5464 149.382 401
-85.23 149.382 401
-85.9136 149.382 401
-86.8132 149.754 402
-87.4985 149.754 402
-88.4032 150.127 403
-89.0902 150.127 403
-89.7772 150.127 403
-90.6887 150.499 404
-91.3774 150.499 404
-92.0661 150.499 404
-92.7548 150.499 404
-101.682 156.832 421
-102.643 157.205 422
-103.362 157.205 422
-104.328 157.577 423
-105.298 157.95 424
-106.02 157.95 424
-107.247 158.695 426
-107.973 158.695 426
-108.954 159.067 427
-109.682 159.067 427
-110.669 159.44 428
-111.398 159.44 428
-112.914 160.557 431
-113.649 160.557 431
-114.649 160.93 432
-115.652 161.302 433
-116.391 161.302 433
-117.399 161.675 434
-118.139 161.675 434
-119.153 162.047 435
-119.894 162.047 435
-120.636 162.047 435
-121.657 162.42 436
-122.961 163.165 438
-123.708 163.165 438
-124.739 163.537 439
-125.487 163.537 439
-126.523 163.91 440
-127.273 163.91 440
-128.023 163.91 440
-128.773 163.91 440
-129.524 163.91 440
-130.57 164.282 441
-131.619 164.655 442
-132.373 164.655 442
-133.126 164.655 442
-133.88 164.655 442
-134.633 164.655 442
-135.387 164.655 442
-136.14 164.655 442
-136.894 164.655 442
-845.754 826.255 2218
-850.684 827.373 2221
-862.549 835.196 2242
-866.372 835.196 2242
-870.194 835.196 2242
-871.677 832.961 2236
-875.488 832.961 2236
-879.3 832.961 2236
-881.927 831.843 2233
-886.924 832.961 2236
-891.931 834.078 2239
-895.748 834.078 2239
-900.77 835.196 2242
-904.592 835.196 2242
-909.63 836.313 2245
-913.457 836.313 2245
-917.284 836.313 2245
-919.88 835.196 2242
-923.702 835.196 2242
-926.283 834.078 2239
-926.361 830.725 2230
-930.163 830.725 2230
-933.965 830.725 2230
-931.458 825.138 2215
-935.234 825.138 2215
-938.163 824.392 2213
-941.935 824.392 2213
-940.58 819.922 2201
-939.183 815.452 2189
-941.623 814.334 2186
-945.349 814.334 2186
-949.076 814.334 2186
-951.931 813.589 2184
-950.403 809.119 2172
-954.106 809.119 2172
-956.485 808.002 2169
-959.298 807.256 2167
-961.659 806.139 2164
-965.348 806.139 2164
-966.35 803.904 2158
-968.68 802.786 2155
-971.452 802.041 2153
-975.122 802.041 2153
-974.701 798.688 2144
-978.356 798.688 2144
-981.095 797.943 2142
-984.746 797.943 2142
-987.013 796.826 2139
-989.271 795.708 2136
-991.517 794.591 2133
-995.154 794.591 2133
-997.853 793.846 2131
-1000.08 792.728 2128
-1003.7 792.728 2128
-1007.33 792.728 2128
-1009.53 791.61 2125
-1013.16 791.61 2125
-1015.34 790.493 2122
-1018.96 790.493 2122
-1021.62 789.748 2120
-1023.78 788.63 2117
-1025.93 787.513 2114
-1029.54 787.513 2114
-1030.7 785.65 2109
-1032.82 784.533 2106
-1035.43 783.788 2104
-1039.01 783.788 2104
-1039.63 781.552 2098
-1042.21 780.807 2096
-1043.29 778.945 2091
-1046.85 778.945 2091
-1046.4 775.965 2083
-1047.43 774.102 2078
-1049.45 772.984 2075
-1052.99 772.984 2075
-1051.44 769.259 2065
-1053.42 768.142 2062
-1047.71 761.436 2044
-1051.2 761.436 2044
1798.82 1508.85 4069
1791.88 1508.85 4069
1784.95 1508.85 4069
1740 1476.59 3982
1700.56 1448.78 3907
1718.18 1469.55 3963
1711.43 1469.55 3963
1704.67 1469.55 3963
1697.91 1469.55 3963
1691.16 1469.55 3963
1672.5 1459.16 3935
1653.94 1448.78 3907
1628.31 1432.09 3862
1621.72 1432.09 3862
1585.86 1406.14 3792
1575.65 1402.8 3783
1569.2 1402.8 3783
1573.49 1412.44 3809
1567 1412.44 3809
1567.47 1418.74 3826
1620.51 1472.88 3972
1613.74 1472.88 3972
1606.97 1472.88 3972
1600.2 1472.88 3972
1589.82 1469.55 3963
1583.06 1469.55 3963
1561.19 1455.45 3925
1562.03 1462.5 3944
1562.8 1469.55 3963
1585.88 1497.73 4039
1578.99 1497.73 4039
1583.79 1508.85 4069
1576.85 1508.85 4069
1573.77 1512.56 4079
1566.82 1512.56 4079
1559.86 1512.56 4079
1541.49 1501.44 4049
1534.59 1501.44 4049
1375.69 1508.85 4069
1368.75 1508.85 4069
1361.81 1508.85 4069
1344.89 1497.73 4039
1338 1497.73 4039
1328.15 1494.39 4030
1318 1490.68 4020
1304.95 1483.64 4001
1298.13 1483.64 4001
1291.31 1483.64 4001
1266.19 1462.5 3944
1259.47 1462.5 3944
1252.74 1462.5 3944
1246.02 1462.5 3944
1239.3 1462.5 3944
1232.57 1462.5 3944
1225.85 1462.5 3944
1216.34 1459.16 3935
1203.8 1452.12 3916
1191.62 1445.44 3898
1176.76 1435.43 3871
1170.16 1435.43 3871
1163.57 1435.43 3871
1159.66 1438.77 3880
1155.72 1442.11 3889
1157.06 1452.12 3916
1150.39 1452.12 3916
1143.71 1452.12 3916
1137.04 1452.12 3916
1130.36 1452.12 3916
1123.69 1452.12 3916
1114.44 1448.78 3907
1105.23 1445.44 3898
1098.59 1445.44 3898
1086.9 1438.77 3880
1072.77 1428.76 3853
1063.71 1425.42 3844
1057.15 1425.42 3844
1043.5 1415.78 3818
1034.54 1412.44 3809
1025.62 1409.1 3800
1021.56 1412.44 3809
1015.06 1412.44 3809
1010.95 1415.78 3818
1008.92 1422.08 3835
1002.38 1422.08 3835
995.84 1422.08 3835
986.98 1418.74 3826
978.408 1415.78 3818
971.899 1415.78 3818
963.115 1412.44 3809
954.361 1409.1 3800
950.128 1412.44 3809
943.635 1412.44 3809
937.141 1412.44 3809
930.648 1412.44 3809
924.155 1412.44 3809
919.829 1415.78 3818
913.321 1415.78 3818
906.812 1415.78 3818
896.059 1409.1 3800
889.581 1409.1 3800
883.103 1409.1 3800
876.625 1409.1 3800
870.147 1409.1 3800
863.669 1409.1 3800
853.356 1402.8 3783
843.101 1396.49 3766
832.904 1390.19 3749
828.277 1393.16 3757
821.872 1393.16 3757
815.467 1393.16 3757
809.062 1393.16 3757
802.658 1393.16 3757
794.557 1390.19 3749
786.274 1386.85 3740
779.898 1386.85 3740
775.384 1390.19 3749
768.993 1390.19 3749
767.687 1399.46 3774
761.253 1399.46 3774
754.82 1399.46 3774
748.386 1399.46 3774
741.952 1399.46 3774
735.519 1399.46 3774
729.085 1399.46 3774
721.119 1396.49 3766
712.991 1393.16 3757
703.389 1386.85 3740
697.013 1386.85 3740
689.16 1383.89 3732
681.335 1380.92 3724
673.536 1377.95 3716
667.201 1377.95 3716
659.266 1374.62 3707
651.537 1371.65 3699
645.231 1371.65 3699
638.926 1371.65 3699
631.252 1368.68 3691
623.605 1365.72 3683
615.985 1362.75 3675
609.72 1362.75 3675
602.142 1359.78 3667
593.128 1353.48 3650
586.906 1353.48 3650
580.683 1353.48 3650
573.202 1350.51 3642
565.903 1347.92 3635
558.475 1344.95 3627
552.292 1344.95 3627
546.108 1344.95 3627
539.925 1344.95 3627
533.742 1344.95 3627
527.559 1344.95 3627
521.376 1344.95 3627
515.193 1344.95 3627
509.01 1344.95 3627
502.827 1344.95 3627
496.644 1344.95 3627
490.46 1344.95 3627
483.209 1341.98 3619
477.04 1341.98 3619
468.788 1336.05 3603
461.619 1333.09 3595
453.59 1327.52 3580
447.487 1327.52 3580
441.384 1327.52 3580
435.281 1327.52 3580
429.178 1327.52 3580
423.075 1327.52 3580
416.04 1324.56 3572
406.508 1313.43 3542
400.469 1313.43 3542
395.211 1316.03 3549
389.161 1316.03 3549
383.974 1318.99 3557
377.91 1318.99 3557
371.846 1318.99 3557
364.96 1316.03 3549
-11.8664 164.643 444
-12.6233 164.643 444
-13.3803 164.643 444
-14.1372 164.643 444
-14.827 163.901 442
-15.5805 163.901 442
-16.334 163.901 442
-18.4262 162.418 438
-19.1729 162.418 438
-19.9196 162.418 438
-20.6662 162.418 438
-21.4129 162.418 438
-22.1596 162.418 438
-22.6971 160.934 434
-23.4369 160.934 434
-28.4089 155.743 420
-29.1249 155.743 420
-29.8409 155.743 420
-30.5569 155.743 420
-31.2728 155.743 420
-31.9127 155.372 419
-32.627 155.372 419
-33.2617 155.001 418
-33.9743 155.001 418
-34.6039 154.63 417
-35.2301 154.26 416
-35.7664 153.518 414
-36.4722 153.518 414
-37.0882 153.147 413
-37.7922 153.147 413
-38.4031 152.776 412
-39.1054 152.776 412
-39.8078 152.776 412
-40.4118 152.406 411
-41.0125 152.035 410
-41.7114 152.035 410
-42.4103 152.035 410
-43.0041 151.664 409
-43.5945 151.293 408
-44.1815 150.922 407
-44.8754 150.922 407
-45.4572 150.551 406
-46.1494 150.551 406
-46.7261 150.181 405
-47.4165 150.181 405
-48.107 150.181 405
-48.6769 149.81 404
-49.2434 149.439 403
-49.8065 149.068 402
-50.4918 149.068 402
-51.1771 149.068 402
-51.7334 148.697 401
-68.4671 146.473 395
-69.1405 146.473 395
-69.9906 146.843 396
-70.6657 146.843 396
-71.8813 147.956 399
-72.5614 147.956 399
-73.2416 147.956 399
-73.9218 147.956 399
-74.602 147.956 399
-75.0935 147.585 398
-75.9624 147.956 399
-76.6426 147.956 399
-77.5166 148.327 400
-78.1985 148.327 400
-78.8804 148.327 400
-79.5623 148.327 400
-80.2442 148.327 400
-80.9261 148.327 400
-81.608 148.327 400
-82.2899 148.327 400
-82.9718 148.327 400
-83.6537 148.327 400
-84.5464 148.697 401
-85.23 148.697 401
-85.9136 148.697 401
-86.8132 149.068 402
-87.4985 149.068 402
-88.4032 149.439 403
-89.0902 149.439 403
-89.7772 149.439 403
-90.6887 149.81 404
-91.3774 149.81 404
-92.0661 149.81 404
-92.7548 149.81 404
-101.444 156.855 423
-102.165 156.855 423
-102.886 156.855 423
-103.607 156.855 423
-104.328 156.855 423
-105.546 157.597 425
-106.27 157.597 425
-107.247 157.968 426
-108.226 158.339 427
-108.954 158.339 427
-109.682 158.339 427
-110.669 158.709 428
-111.659 159.08 429
-112.914 159.822 431
-113.649 159.822 431
-114.649 160.193 432
-115.652 160.564 433
-116.391 160.564 433
-117.399 160.934 434
-118.139 160.934 434
-119.153 161.305 435
-119.894 161.305 435
-120.636 161.305 435
-121.657 161.676 436
-122.961 162.418 438
-123.708 162.418 438
-124.739 162.788 439
-125.487 162.788 439
-126.236 162.788 439
-127.273 163.159 440
-128.023 163.159 440
-128.773 163.159 440
-129.524 163.159 440
-130.57 163.53 441
-131.619 163.901 442
-132.373 163.901 442
-133.126 163.901 442
-133.88 163.901 442
-134.633 163.901 442
-135.387 163.901 442
-136.14 163.901 442
-136.894 163.901 442
-838.192 822.471 2218
-841.973 822.471 2218
-845.754 822.471 2218
-850.684 823.583 2221
-862.549 831.371 2242
-866.372 831.371 2242
-870.194 831.371 2242
-871.677 829.146 2236
-875.488 829.146 2236
-879.3 829.146 2236
-881.927 828.033 2233
-886.924 829.146 2236
-891.931 830.258 2239
-895.748 830.258 2239
-900.77 831.371 2242
-904.592 831.371 2242
-909.63 832.483 2245
-913.457 832.483 2245
-917.284 832.483 2245
-919.88 831.371 2242
-923.702 831.371 2242
-926.283 830.258 2239
-926.361 826.921 2230
-928.912 825.808 2227
-932.708 825.808 2227
-931.458 821.359 2215
-935.234 821.359 2215
-938.163 820.617 2213
-941.935 820.617 2213
-940.58 816.167 2201
-939.183 811.717 2189
-941.623 810.605 2186
-945.349 810.605 2186
-949.076 810.605 2186
-951.931 809.863 2184
-950.403 805.413 2172
-954.106 805.413 2172
-956.485 804.301 2169
-959.298 803.559 2167
-961.659 802.447 2164
-965.348 802.447 2164
-966.35 800.222 2158
-968.68 799.109 2155
-971.452 798.368 2153
-975.122 798.368 2153
-974.701 795.031 2144
-978.356 795.031 2144
-981.095 794.289 2142
-984.746 794.289 2142
-987.013 793.176 2139
-989.271 792.064 2136
-991.517 790.952 2133
-995.154 790.952 2133
-997.853 790.21 2131
-1001.49 790.21 2131
-1003.7 789.097 2128
-1007.33 789.097 2128
-1010.96 789.097 2128
-1013.16 787.985 2125
-1015.34 786.873 2122
-1018.96 786.873 2122
-1022.58 786.873 2122
-1023.78 785.018 2117
-1025.93 783.906 2114
-1029.54 783.906 2114
-1030.7 782.052 2109
-1032.82 780.94 2106
-1035.43 780.198 2104
-1039.01 780.198 2104
-1039.63 777.973 2098
-1042.21 777.231 2096
-1043.29 775.377 2091
-1046.85 775.377 2091
-1046.4 772.411 2083
-1047.43 770.557 2078
-1049.45 769.444 2075
-1052.99 769.444 2075
-1051.44 765.736 2065
-1052.4 763.882 2060
-1047.71 757.949 2044
-1051.2 757.949 2044
1798.82 1501.91 4069
1791.88 1501.91 4069
1784.95 1501.91 4069
1748.3 1476.81 4001
1704.48 1445.44 3916
1722.08 1466.11 3972
1715.31 1466.11 3972
1708.54 1466.11 3972
1701.77 1466.11 3972
1695 1466.11 3972
1680.15 1459.09 3953
1665.79 1452.45 3935
1647.28 1442.11 3907
1640.62 1442.11 3907
1615.14 1425.5 3862
1586.48 1405.94 3809
1572.93 1399.67 3792
1573.49 1405.94 3809
1567 1405.94 3809
1571.16 1415.54 3835
1620.51 1466.11 3972
1613.74 1466.11 3972
1606.97 1466.11 3972
1600.2 1466.11 3972
1585.81 1459.09 3953
1579.07 1459.09 3953
1554.03 1442.11 3907
1554.5 1448.76 3925
1562.8 1462.78 3963
1585.88 1490.84 4039
1578.99 1490.84 4039
1579.89 1498.22 4059
1572.97 1498.22 4059
1569.91 1501.91 4069
1562.98 1501.91 4069
1556.04 1501.91 4069
1304.95 1476.81 4001
1298.13 1476.81 4001
1291.31 1476.81 4001
1275.18 1466.11 3972
1259.47 1455.77 3944
1252.74 1455.77 3944
1246.02 1455.77 3944
1239.3 1455.77 3944
1232.57 1455.77 3944
1225.85 1455.77 3944
1216.34 1452.45 3935
1203.8 1445.44 3916
1191.62 1438.79 3898
1176.76 1428.83 3871
1170.16 1428.83 3871
1163.57 1428.83 3871
1159.66 1432.15 3880
1155.72 1435.47 3889
1157.06 1445.44 3916
1150.39 1445.44 3916
1143.71 1445.44 3916
1137.04 1445.44 3916
1130.36 1445.44 3916
1123.69 1445.44 3916
1114.44 1442.11 3907
1105.23 1438.79 3898
1098.59 1438.79 3898
1086.9 1432.15 3880
1072.77 1422.18 3853
1063.71 1418.86 3844
1057.15 1418.86 3844
1045.68 1412.22 3826
1036.99 1409.26 3818
1028.05 1405.94 3809
1026.11 1412.22 3826
1019.59 1412.22 3826
1017.84 1418.86 3844
1013.65 1422.18 3853
1007.08 1422.18 3853
1000.51 1422.18 3853
993.945 1422.18 3853
982.764 1415.54 3835
976.227 1415.54 3835
967.413 1412.22 3826
960.891 1412.22 3826
954.369 1412.22 3826
947.846 1412.22 3826
941.324 1412.22 3826
934.802 1412.22 3826
928.279 1412.22 3826
923.925 1415.54 3835
917.387 1415.54 3835
912.987 1418.86 3844
908.556 1422.18 3853
901.988 1422.18 3853
895.42 1422.18 3853
888.851 1422.18 3853
882.283 1422.18 3853
875.714 1422.18 3853
863.055 1412.22 3826
852.727 1405.94 3809
842.457 1399.67 3792
839.741 1405.94 3809
833.247 1405.94 3809
826.754 1405.94 3809
820.26 1405.94 3809
813.767 1405.94 3809
801.763 1396.34 3783
791.74 1390.07 3766
788.865 1396.34 3783
784.277 1399.67 3792
777.813 1399.67 3792
772.976 1402.62 3800
766.498 1402.62 3800
760.02 1402.62 3800
753.542 1402.62 3800
747.064 1402.62 3800
739.027 1399.67 3792
732.562 1399.67 3792
724.375 1396.34 3783
716.217 1393.02 3774
706.586 1386.75 3757
700.182 1386.75 3757
692.3 1383.79 3749
684.262 1380.47 3740
674.986 1374.57 3724
668.638 1374.57 3724
660.867 1371.61 3716
652.946 1368.29 3707
645.231 1365.34 3699
638.926 1365.34 3699
632.62 1365.34 3699
624.959 1362.39 3691
618.667 1362.39 3691
612.375 1362.39 3691
603.455 1356.48 3675
597.19 1356.48 3675
586.906 1347.25 3650
580.683 1347.25 3650
574.461 1347.25 3650
566.993 1344.3 3642
559.707 1341.72 3635
553.51 1341.72 3635
547.313 1341.72 3635
539.925 1338.76 3627
533.742 1338.76 3627
527.559 1338.76 3627
521.376 1338.76 3627
515.193 1338.76 3627
509.01 1338.76 3627
502.827 1338.76 3627
496.644 1338.76 3627
490.46 1338.76 3627
483.209 1335.81 3619
477.04 1335.81 3619
468.788 1329.9 3603
461.619 1326.95 3595
453.59 1321.42 3580
447.487 1321.42 3580
441.384 1321.42 3580
435.281 1321.42 3580
429.178 1321.42 3580
423.075 1321.42 3580
416.04 1318.46 3572
406.508 1307.39 3542
400.469 1307.39 3542
394.431 1307.39 3542
388.393 1307.39 3542
383.974 1312.93 3557
377.91 1312.93 3557
371.846 1312.93 3557
364.96 1309.97 3549
-11.8664 163.885 444
-12.6233 163.885 444
-13.3803 163.885 444
-14.1372 163.885 444
-14.827 163.147 442
-15.5805 163.147 442
-16.334 163.147 442
-18.4262 161.67 438
-19.1729 161.67 438
-19.9196 161.67 438
-20.6662 161.67 438
-21.4129 161.67 438
-22.1596 161.67 438
-22.6971 160.194 434
-23.4369 160.194 434
-28.4089 155.026 420
-29.1249 155.026 420
-29.8409 155.026 420
-30.5569 155.026 420
-31.2728 155.026 420
-31.9127 154.657 419
-32.627 154.657 419
-33.2617 154.288 418
-33.9743 154.288 418
-34.6039 153.919 417
-35.2301 153.55 416
-35.7664 152.812 414
-36.4722 152.812 414
-37.0882 152.443 413
-37.7922 152.443 413
-38.4031 152.073 412
-39.1054 152.073 412
-39.8078 152.073 412
-40.4118 151.704 411
-41.0125 151.335 410
-41.7114 151.335 410
-42.4103 151.335 410
-43.0041 150.966 409
-43.5945 150.597 408
-44.073 149.859 406
-44.7651 149.859 406
-45.4572 149.859 406
-46.1494 149.859 406
-46.7261 149.49 405
-47.4165 149.49 405
-47.9882 149.121 404
-48.6769 149.121 404
-49.1212 148.382 402
-49.8065 148.382 402
-50.4918 148.382 402
-51.1771 148.382 402
-51.7334 148.013 401
-52.1556 147.275 399
-52.8358 147.275 399
-53.516 147.275 399
-54.0604 146.906 398
-54.7389 146.906 398
-55.4173 146.906 398
-55.9549 146.537 397
-56.6317 146.537 397
-57.3085 146.537 397
-57.9852 146.537 397
-68.4671 145.799 395
-69.1405 145.799 395
-69.9906 146.168 396
-70.6657 146.168 396
-71.8813 147.275 399
-72.5614 147.275 399
-73.2416 147.275 399
-73.9218 147.275 399
-74.602 147.275 399
-75.0935 146.906 398
-75.9624 147.275 399
-76.6426 147.275 399
-77.5166 147.644 400
-78.1985 147.644 400
-78.8804 147.644 400
-79.5623 147.644 400
-80.2442 147.644 400
-80.9261 147.644 400
-81.608 147.644 400
-82.2899 147.644 400
-82.9718 147.644 400
-83.6537 147.644 400
-84.5464 148.013 401
-85.23 148.013 401
-85.9136 148.013 401
-86.8132 148.382 402
-87.4985 148.382 402
-88.4032 148.751 403
-89.0902 148.751 403
-89.7772 148.751 403
-90.6887 149.121 404
-91.3774 149.121 404
-92.0661 149.121 404
-92.7548 149.121 404
-101.444 156.134 423
-102.165 156.134 423
-102.886 156.134 423
-103.607 156.134 423
-104.575 156.503 424
-105.794 157.241 426
-106.521 157.241 426
-107.247 157.241 426
-108.226 157.61 427
-108.954 157.61 427
-109.682 157.61 427
-110.927 158.348 429
-111.919 158.717 430
-112.914 159.087 431
-113.649 159.087 431
-114.649 159.456 432
-115.652 159.825 433
-116.391 159.825 433
-117.399 160.194 434
-118.139 160.194 434
-119.153 160.563 435
-119.894 160.563 435
-120.913 160.932 436
-121.936 161.301 437
-122.961 161.67 438
-123.708 161.67 438
-124.739 162.039 439
-125.487 162.039 439
-126.236 162.039 439
-127.273 162.409 440
-128.023 162.409 440
-128.773 162.409 440
-129.524 162.409 440
-130.57 162.778 441
-131.619 163.147 442
-132.373 163.147 442
-133.126 163.147 442
-134.183 163.516 443
-134.938 163.516 443
-135.693 163.516 443
-136.14 163.147 442
-838.192 818.687 2218
-841.973 818.687 2218
-845.754 818.687 2218
-849.535 818.687 2218
-854.47 819.794 2221
-858.257 819.794 2221
-866.7 824.223 2233
-871.677 825.331 2236
-875.488 825.331 2236
-879.3 825.331 2236
-881.927 824.223 2233
-886.924 825.331 2236
-891.931 826.438 2239
-895.748 826.438 2239
-900.77 827.545 2242
-904.592 827.545 2242
-909.63 828.653 2245
-913.457 828.653 2245
-917.284 828.653 2245
-919.88 827.545 2242
-923.702 827.545 2242
-926.283 826.438 2239
-926.361 823.116 2230
-928.912 822.009 2227
-932.708 822.009 2227
-931.458 817.579 2215
-935.234 817.579 2215
-938.163 816.841 2213
-941.935 816.841 2213
-940.58 812.412 2201
-939.183 807.983 2189
-941.623 806.875 2186
-945.349 806.875 2186
-949.076 806.875 2186
-951.931 806.137 2184
-950.403 801.708 2172
-954.106 801.708 2172
-956.485 800.6 2169
-957.97 798.755 2164
-958.992 796.54 2158
-962.671 796.54 2158
-965.007 795.433 2155
-967.781 794.695 2153
-970.098 793.587 2150
-973.763 793.587 2150
-974.701 791.373 2144
-977.443 790.634 2142
-979.721 789.527 2139
-983.367 789.527 2139
-987.013 789.527 2139
-989.271 788.42 2136
-991.517 787.312 2133
-995.154 787.312 2133
-997.853 786.574 2131
-1001.49 786.574 2131
-1005.12 786.574 2131
-1008.75 786.574 2131
-1010.96 785.467 2128
-1013.16 784.36 2125
-1015.34 783.252 2122
-1018.96 783.252 2122
-1022.58 783.252 2122
-1023.78 781.407 2117
-1027.39 781.407 2117
-1031 781.407 2117
-1030.7 778.454 2109
-1032.82 777.346 2106
-1035.43 776.608 2104
-1039.01 776.608 2104
-1039.63 774.394 2098
-1040.72 772.548 2093
-1043.29 771.81 2091
-1046.85 771.81 2091
-1044.89 767.75 2080
-1045.92 765.904 2075
-1046.92 764.058 2070
-1050.45 764.058 2070
-1049.91 761.106 2062
-1048.31 757.414 2052
-1046.69 753.723 2042
-1050.17 753.723 2042
1798.82 1494.97 4069
1791.88 1494.97 4069
1784.95 1494.97 4069
1748.3 1469.98 4001
1704.48 1438.76 3916
1722.08 1459.33 3972
1715.31 1459.33 3972
1708.54 1459.33 3972
1701.77 1459.33 3972
1695 1459.33 3972
1680.15 1452.35 3953
1665.79 1445.74 3935
1647.28 1435.45 3907
1640.62 1435.45 3907
1615.14 1418.92 3862
1586.48 1399.44 3809
1572.93 1393.2 3792
1566.47 1393.2 3792
1560.01 1393.2 3792
1571.16 1409 3835
1594 1435.45 3907
1621.46 1466.31 3991
1614.66 1466.31 3991
1619.54 1476.97 4020
1616.7 1480.64 4030
1609.83 1480.64 4030
1602.96 1480.64 4030
1588.17 1473.29 4010
1581.33 1473.29 4010
1585.88 1483.95 4039
1578.99 1483.95 4039
1579.89 1491.29 4059
1572.97 1491.29 4059
1569.91 1494.97 4069
1562.98 1494.97 4069
1556.04 1494.97 4069
1304.95 1469.98 4001
1301.05 1473.29 4010
1294.22 1473.29 4010
1287.38 1473.29 4010
1268.41 1459.33 3972
1261.64 1459.33 3972
1254.87 1459.33 3972
1242.12 1452.35 3953
1235.39 1452.35 3953
1228.65 1452.35 3953
1216.34 1445.74 3935
1203.8 1438.76 3916
1180.61 1418.92 3862
1168.56 1412.3 3844
1162 1412.3 3844
1155.45 1412.3 3844
1154.28 1418.92 3862
1150.37 1422.22 3871
1154.41 1435.45 3907
1147.75 1435.45 3907
1143.71 1438.76 3916
1137.04 1438.76 3916
1130.36 1438.76 3916
1123.69 1438.76 3916
1114.44 1435.45 3907
1105.23 1432.14 3898
1098.59 1432.14 3898
1089.42 1428.84 3889
1075.27 1418.92 3862
1063.71 1412.3 3844
1057.15 1412.3 3844
1045.68 1405.69 3826
1036.99 1402.75 3818
1028.05 1399.44 3809
1026.11 1405.69 3826
1019.59 1405.69 3826
1017.84 1412.3 3844
1013.65 1415.61 3853
1007.08 1415.61 3853
1000.51 1415.61 3853
993.945 1415.61 3853
982.764 1409 3835
976.227 1409 3835
967.413 1405.69 3826
960.891 1405.69 3826
954.369 1405.69 3826
947.846 1405.69 3826
941.324 1405.69 3826
934.802 1405.69 3826
928.279 1405.69 3826
923.925 1409 3835
917.387 1409 3835
912.987 1412.3 3844
921.29 1435.45 3907
914.629 1435.45 3907
907.969 1435.45 3907
901.309 1435.45 3907
888.465 1425.53 3880
881.851 1425.53 3880
871.176 1418.92 3862
856.533 1405.69 3826
848.233 1402.75 3818
841.725 1402.75 3818
835.216 1402.75 3818
828.707 1402.75 3818
820.26 1399.44 3809
813.767 1399.44 3809
805.366 1396.14 3800
797.206 1393.2 3792
790.742 1393.2 3792
784.277 1393.2 3792
777.813 1393.2 3792
772.976 1396.14 3800
766.498 1396.14 3800
760.02 1396.14 3800
753.542 1396.14 3800
747.064 1396.14 3800
739.027 1393.2 3792
732.562 1393.2 3792
724.375 1389.89 3783
716.217 1386.58 3774
706.586 1380.34 3757
700.182 1380.34 3757
692.3 1377.4 3749
684.262 1374.09 3740
674.986 1368.21 3724
668.638 1368.21 3724
660.867 1365.27 3716
652.946 1361.97 3707
646.627 1361.97 3707
640.307 1361.97 3707
633.988 1361.97 3707
626.314 1359.03 3699
618.667 1356.09 3691
612.375 1356.09 3691
604.769 1353.15 3683
597.19 1350.21 3675
589.639 1347.27 3667
583.388 1347.27 3667
575.72 1343.96 3658
569.484 1343.96 3658
562.016 1341.03 3650
555.794 1341.03 3650
549.572 1341.03 3650
543.349 1341.03 3650
535.95 1338.09 3642
529.741 1338.09 3642
523.532 1338.09 3642
518.46 1341.03 3650
512.238 1341.03 3650
506.015 1341.03 3650
498.697 1338.09 3642
491.542 1335.51 3635
483.209 1329.64 3619
477.04 1329.64 3619
469.829 1326.7 3611
462.646 1323.76 3603
455.49 1320.82 3595
449.362 1320.82 3595
442.37 1318.25 3588
436.254 1318.25 3588
430.137 1318.25 3588
424.02 1318.25 3588
416.972 1315.31 3580
409.147 1309.8 3565
400.469 1301.35 3542
394.431 1301.35 3542
388.393 1301.35 3542
382.355 1301.35 3542
376.317 1301.35 3542
370.278 1301.35 3542
363.418 1298.41 3534
-11.8932 163.495 445
-12.6518 163.495 445
-13.4104 163.495 445
-14.169 163.495 445
-14.8605 162.76 443
-15.6157 162.76 443
-16.334 162.393 442
-17.0875 162.393 442
-18.4683 161.29 439
-19.2167 161.29 439
-19.965 161.29 439
-20.6662 160.923 438
-21.4129 160.923 438
-22.1596 160.923 438
-22.6971 159.453 434
-29.1249 154.31 420
-29.8409 154.31 420
-30.5569 154.31 420
-31.2728 154.31 420
-31.9127 153.942 419
-32.5491 153.575 418
-33.2617 153.575 418
-33.9743 153.575 418
-34.6039 153.208 417
-35.2301 152.84 416
-35.7664 152.105 414
-36.4722 152.105 414
-37.0882 151.738 413
-37.7922 151.738 413
-38.4031 151.371 412
-39.1054 151.371 412
-39.8078 151.371 412
-40.4118 151.003 411
-41.0125 150.636 410
-41.7114 150.636 410
-42.4103 150.636 410
-43.0041 150.268 409
-43.5945 149.901 408
-44.073 149.166 406
-44.7651 149.166 406
-45.4572 149.166 406
-46.1494 149.166 406
-46.7261 148.799 405
-47.4165 148.799 405
-47.9882 148.431 404
-48.6769 148.431 404
-49.1212 147.697 402
-49.8065 147.697 402
-50.4918 147.697 402
-51.1771 147.697 402
-51.7334 147.329 401
-52.1556 146.594 399
-52.8358 146.594 399
-53.516 146.594 399
-54.0604 146.227 398
-54.7389 146.227 398
-55.4173 146.227 398
-55.9549 145.859 397
-56.6317 145.859 397
-57.3085 145.859 397
-57.9852 145.859 397
-68.4671 145.125 395
-69.1405 145.125 395
-69.9906 145.492 396
-70.6657 145.492 396
-71.8813 146.594 399
-72.5614 146.594 399
-73.2416 146.594 399
-73.9218 146.594 399
-74.602 146.594 399
-75.2822 146.594 399
-75.9624 146.594 399
-76.6426 146.594 399
-77.5166 146.962 400
-78.1985 146.962 400
-78.8804 146.962 400
-79.5623 146.962 400
-80.2442 146.962 400
-80.9261 146.962 400
-81.608 146.962 400
-82.2899 146.962 400
-82.9718 146.962 400
-83.8628 147.329 401
-84.5464 147.329 401
-85.4426 147.697 402
-86.1279 147.697 402
-86.8132 147.697 402
-87.7162 148.064 403
-88.4032 148.064 403
-89.0902 148.064 403
-90 148.431 404
-90.6887 148.431 404
-91.3774 148.431 404
-92.0661 148.431 404
-92.7548 148.431 404
-101.444 155.412 423
-102.165 155.412 423
-102.886 155.412 423
-103.607 155.412 423
-104.575 155.779 424
-105.794 156.514 426
-106.521 156.514 426
-107.247 156.514 426
-108.226 156.882 427
-108.954 156.882 427
-109.682 156.882 427
-110.927 157.616 429
-111.919 157.984 430
-112.914 158.351 431
-113.649 158.351 431
-114.649 158.719 432
-115.652 159.086 433
-116.391 159.086 433
-117.399 159.453 434
-118.139 159.453 434
-119.153 159.821 435
-119.894 159.821 435
-120.913 160.188 436
-121.936 160.556 437
-122.961 160.923 438
-123.708 160.923 438
-124.739 161.29 439
-125.487 161.29 439
-126.236 161.29 439
-127.273 161.658 440
-128.023 161.658 440
-129.066 162.025 441
-129.818 162.025 441
-130.866 162.393 442
-131.619 162.393 442
-132.672 162.76 443
-133.427 162.76 443
-134.183 162.76 443
-134.938 162.76 443
-135.693 162.76 443
-136.14 162.393 442
-836.668 817.107 2224
-840.459 817.107 2224
-844.25 817.107 2224
-848.042 817.107 2224
-849.535 814.903 2218
-853.316 814.903 2218
-857.097 814.903 2218
-864.372 818.209 2227
-870.507 820.414 2233
-874.314 820.414 2233
-878.121 820.414 2233
-880.742 819.312 2230
-884.544 819.312 2230
-890.736 821.516 2236
-894.548 821.516 2236
-899.565 822.618 2239
-904.592 823.72 2242
-908.414 823.72 2242
-912.236 823.72 2242
-916.058 823.72 2242
-918.649 822.618 2239
-922.466 822.618 2239
-926.283 822.618 2239
-926.361 819.312 2230
-927.66 817.107 2224
-931.452 817.107 2224
-931.458 813.8 2215
-934.39 813.066 2213
-934.347 809.759 2204
-938.104 809.759 2204
-940.58 808.657 2201
-939.183 804.248 2189
-941.623 803.146 2186
-945.349 803.146 2186
-948.207 802.411 2184
-950.623 801.309 2181
-950.403 798.002 2172
-954.106 798.002 2172
-956.485 796.9 2169
-957.97 795.063 2164
-958.992 792.858 2158
-962.671 792.858 2158
-965.007 791.756 2155
-967.781 791.021 2153
-970.098 789.919 2150
-973.763 789.919 2150
-974.701 787.715 2144
-977.443 786.98 2142
-979.721 785.878 2139
-983.367 785.878 2139
-987.013 785.878 2139
-989.271 784.776 2136
-991.517 783.673 2133
-995.154 783.673 2133
-997.853 782.939 2131
-1001.49 782.939 2131
-1005.12 782.939 2131
-1008.75 782.939 2131
-1010.96 781.836 2128
-1013.16 780.734 2125
-1015.34 779.632 2122
-1018.96 779.632 2122
-1022.58 779.632 2122
-1023.78 777.795 2117
-1027.39 777.795 2117
-1031 777.795 2117
-1030.7 774.856 2109
-1032.82 773.753 2106
-1035.43 773.019 2104
-1039.01 773.019 2104
-1039.63 770.814 2098
-1040.72 768.977 2093
-1043.29 768.242 2091
-1046.85 768.242 2091
-1044.89 764.201 2080
-1044.4 761.262 2072
-1046.92 760.527 2070
-1050.45 760.527 2070
-1048.89 756.853 2060
-1048.31 753.914 2052
-1044.12 748.403 2037
-1047.6 748.403 2037
1803.24 1491.68 4079
1796.29 1491.68 4079
1789.33 1491.68 4079
1769.27 1480.71 4049
1728.85 1452.55 3972
1722.08 1452.55 3972
1715.31 1452.55 3972
1708.54 1452.55 3972
1701.77 1452.55 3972
1695 1452.55 3972
1688.23 1452.55 3972
1669.6 1442.31 3944
1651.07 1432.07 3916
1644.4 1432.07 3916
1633.96 1428.78 3907
1604.81 1409.04 3853
1598.24 1409.04 3853
1591.67 1409.04 3853
1585.1 1409.04 3853
1578.53 1409.04 3853
1601.34 1435.37 3925
1621.46 1459.5 3991
1614.66 1459.5 3991
1619.54 1470.11 4020
1616.7 1473.76 4030
1609.83 1473.76 4030
1602.96 1473.76 4030
1588.17 1466.45 4010
1581.33 1466.45 4010
1578.42 1470.11 4020
1571.57 1470.11 4020
1576 1480.71 4049
1569.1 1480.71 4049
1562.2 1480.71 4049
1555.29 1480.71 4049
1304.95 1463.16 4001
1301.05 1466.45 4010
1294.22 1466.45 4010
1287.38 1466.45 4010
1268.41 1452.55 3972
1261.64 1452.55 3972
1254.87 1452.55 3972
1242.12 1445.6 3953
1235.39 1445.6 3953
1228.65 1445.6 3953
1219.13 1442.31 3944
1203.8 1432.07 3916
1183.36 1415.62 3871
1176.76 1415.62 3871
1159.28 1402.45 3835
1152.74 1402.45 3835
1148.9 1405.74 3844
1147.69 1412.33 3862
1146.43 1418.91 3880
1145.1 1425.49 3898
1141.08 1428.78 3907
1137.04 1432.07 3916
1130.36 1432.07 3916
1123.69 1432.07 3916
1114.44 1428.78 3907
1107.78 1428.78 3907
1098.59 1425.49 3898
1091.94 1425.49 3898
1082.79 1422.2 3889
1068.69 1412.33 3862
1062.1 1412.33 3862
1050.6 1405.74 3844
1039.16 1399.16 3826
1032.64 1399.16 3826
1030.94 1405.74 3844
1024.39 1405.74 3844
1027.37 1418.91 3880
1025.49 1425.49 3898
1018.84 1425.49 3898
1012.2 1425.49 3898
1000.91 1418.91 3880
994.296 1418.91 3880
987.682 1418.91 3880
974.24 1409.04 3853
967.672 1409.04 3853
970.083 1422.2 3889
963.454 1422.2 3889
956.824 1422.2 3889
950.194 1422.2 3889
943.564 1422.2 3889
936.935 1422.2 3889
923.846 1412.33 3862
917.262 1412.33 3862
921.29 1428.78 3907
914.629 1428.78 3907
907.969 1428.78 3907
901.309 1428.78 3907
888.465 1418.91 3880
881.851 1418.91 3880
871.176 1412.33 3862
856.533 1399.16 3826
848.233 1396.24 3818
841.725 1396.24 3818
835.216 1396.24 3818
828.707 1396.24 3818
820.26 1392.94 3809
813.767 1392.94 3809
805.366 1389.65 3800
797.206 1386.73 3792
790.742 1386.73 3792
784.277 1386.73 3792
777.813 1386.73 3792
772.976 1389.65 3800
766.498 1389.65 3800
760.02 1389.65 3800
753.542 1389.65 3800
747.064 1389.65 3800
739.027 1386.73 3792
732.562 1386.73 3792
724.375 1383.44 3783
716.217 1380.14 3774
706.586 1373.93 3757
700.182 1373.93 3757
692.3 1371 3749
684.262 1367.71 3740
674.986 1361.86 3724
668.638 1361.86 3724
660.867 1358.93 3716
652.946 1355.64 3707
646.627 1355.64 3707
640.307 1355.64 3707
633.988 1355.64 3707
626.314 1352.72 3699
618.667 1349.79 3691
612.375 1349.79 3691
604.769 1346.87 3683
597.19 1343.94 3675
589.639 1341.02 3667
583.388 1341.02 3667
577.136 1341.02 3667
570.885 1341.02 3667
563.248 1337.72 3658
557.012 1337.72 3658
549.572 1334.8 3650
543.349 1334.8 3650
537.127 1334.8 3650
530.905 1334.8 3650
524.682 1334.8 3650
519.596 1337.72 3658
513.36 1337.72 3658
507.124 1337.72 3658
500.888 1337.72 3658
493.571 1334.8 3650
485.345 1329.31 3635
479.149 1329.31 3635
471.911 1326.39 3627
464.701 1323.46 3619
457.518 1320.54 3611
451.362 1320.54 3611
444.22 1317.61 3603
437.105 1314.68 3595
430.976 1314.68 3595
424.848 1314.68 3595
417.904 1312.13 3588
409.951 1306.27 3572
403.07 1303.71 3565
396.993 1303.71 3565
390.915 1303.71 3565
384.838 1303.71 3565
378.76 1303.71 3565
372.683 1303.71 3565
366.605 1303.71 3565
-11.8932 162.736 445
-12.6518 162.736 445
-13.4104 162.736 445
-14.169 162.736 445
-14.8941 162.37 444
-15.651 162.37 444
-16.334 161.639 442
-17.0875 161.639 442
-17.7199 160.542 439
-18.4683 160.542 439
-19.2167 160.542 439
-19.965 160.542 439
-20.6662 160.176 438
-21.4129 160.176 438
-22.1596 160.176 438
-22.6971 158.713 434
-29.1942 153.959 421
-29.9119 153.959 421
-30.6296 153.959 421
-31.2728 153.593 420
-31.9888 153.593 420
-32.5491 152.862 418
-33.2617 152.862 418
-33.9743 152.862 418
-34.6039 152.496 417
-35.1454 151.765 415
-35.7664 151.399 414
-36.4722 151.399 414
-37.0882 151.033 413
-37.7922 151.033 413
-38.4031 150.668 412
-39.1054 150.668 412
-39.8078 150.668 412
-40.4118 150.302 411
-41.0125 149.936 410
-41.7114 149.936 410
-42.4103 149.936 410
-42.899 149.205 408
-43.4877 148.839 407
-44.073 148.473 406
-44.7651 148.473 406
-45.4572 148.473 406
-46.0357 148.108 405
-46.7261 148.108 405
-47.4165 148.108 405
-47.9882 147.742 404
-48.5564 147.376 403
-49.1212 147.011 402
-49.6826 146.645 401
-50.3662 146.645 401
-51.0498 146.645 401
-51.4754 145.914 399
-52.1556 145.914 399
-52.8358 145.914 399
-53.516 145.914 399
-54.0604 145.548 398
-54.7389 145.548 398
-55.4173 145.548 398
-55.9549 145.182 397
-56.6317 145.182 397
-57.3085 145.182 397
-57.9852 145.182 397
-68.4671 144.451 395
-69.1405 144.451 395
-69.9906 144.816 396
-70.8442 145.182 397
-71.8813 145.914 399
-72.5614 145.914 399
-73.2416 145.914 399
-73.9218 145.914 399
-74.602 145.914 399
-75.2822 145.914 399
-75.9624 145.914 399
-76.6426 145.914 399
-77.3228 145.914 399
-78.1985 146.279 400
-78.8804 146.279 400
-79.5623 146.279 400
-80.2442 146.279 400
-80.9261 146.279 400
-81.608 146.279 400
-82.4956 146.645 401
-83.1792 146.645 401
-83.8628 146.645 401
-84.5464 146.645 401
-85.4426 147.011 402
-86.1279 147.011 402
-87.0291 147.376 403
-87.7162 147.376 403
-88.6225 147.742 404
-89.3113 147.742 404
-90 147.742 404
-90.9132 148.108 405
-91.6036 148.108 405
-92.294 148.108 405
-92.9844 148.108 405
-99.5287 153.959 421
-100.246 153.959 421
-101.444 154.69 423
-102.165 154.69 423
-102.886 154.69 423
-103.607 154.69 423
-104.575 155.056 424
-105.794 155.787 426
-106.521 155.787 426
-107.247 155.787 426
-108.226 156.153 427
-108.954 156.153 427
-109.682 156.153 427
-110.927 156.885 429
-111.919 157.25 430
-112.652 157.25 430
-113.649 157.616 431
-114.649 157.982 432
-115.652 158.347 433
-116.391 158.347 433
-117.399 158.713 434
-118.139 158.713 434
-119.153 159.079 435
-119.894 159.079 435
-120.913 159.444 436
-121.936 159.81 437
-122.961 160.176 438
-123.708 160.176 438
-124.739 160.542 439
-125.487 160.542 439
-126.236 160.542 439
-127.273 160.907 440
-128.023 160.907 440
-129.066 161.273 441
-129.818 161.273 441
-130.866 161.639 442
-131.619 161.639 442
-132.672 162.004 443
-133.427 162.004 443
-134.183 162.004 443
-134.938 162.004 443
-135.693 162.004 443
-779.473 775.28 2120
-783.087 775.28 2120
-786.701 775.28 2120
-790.315 775.28 2120
-795.801 777.109 2125
-836.668 813.313 2224
-840.459 813.313 2224
-844.25 813.313 2224
-848.042 813.313 2224
-851.833 813.313 2224
-855.625 813.313 2224
-857.097 811.119 2218
-864.372 814.41 2227
-868.168 814.41 2227
-871.965 814.41 2227
-875.761 814.41 2227
-879.557 814.41 2227
-884.544 815.507 2230
-889.541 816.604 2233
-893.347 816.604 2233
-899.565 818.798 2239
-903.382 818.798 2239
-907.199 818.798 2239
-911.016 818.798 2239
-914.832 818.798 2239
-918.649 818.798 2239
-921.23 817.701 2236
-922.56 815.507 2230
-923.869 813.313 2224
-926.409 812.216 2221
-930.195 812.216 2221
-930.617 809.29 2213
-930.59 805.999 2204
-933.075 804.902 2201
-936.828 804.902 2201
-938.016 802.707 2195
-937.896 799.416 2186
-940.761 798.685 2184
-944.484 798.685 2184
-948.207 798.685 2184
-950.623 797.588 2181
-949.09 793.199 2169
-952.788 793.199 2169
-955.604 792.468 2167
-956.642 790.274 2161
-957.659 788.08 2155
-961.333 788.08 2155
-965.007 788.08 2155
-967.781 787.348 2153
-970.098 786.251 2150
-973.763 786.251 2150
-974.701 784.057 2144
-977.443 783.326 2142
-979.721 782.228 2139
-983.367 782.228 2139
-985.629 781.131 2136
-987.881 780.034 2133
-991.517 780.034 2133
-995.154 780.034 2133
-997.853 779.303 2131
-1001.49 779.303 2131
-1005.12 779.303 2131
-1008.75 779.303 2131
-1010.96 778.206 2128
-1013.16 777.109 2125
-1015.34 776.012 2122
-1018.96 776.012 2122
-1022.58 776.012 2122
-1023.78 774.183 2117
-1027.39 774.183 2117
-1031 774.183 2117
-1030.7 771.257 2109
-1032.82 770.16 2106
-1035.43 769.429 2104
-1039.01 769.429 2104
-1039.63 767.235 2098
-1040.72 765.406 2093
-1043.29 764.675 2091
-1046.85 764.675 2091
-1044.89 760.652 2080
-1044.4 757.727 2072
-1046.92 756.995 2070
-1050.45 756.995 2070
-1048.89 753.338 2060
-1048.31 750.413 2052
-1044.12 744.927 2037
-1047.6 744.927 2037
1803.24 1484.72 4079
1796.29 1484.72 4079
1789.33 1484.72 4079
1778.01 1481.08 4069
1766.72 1477.44 4059
1759.8 1477.44 4059
1744.25 1470.16 4039
1721.01 1456.33 4001
1706.05 1449.42 3982
1699.27 1449.42 3982
1692.48 1449.42 3982
1681.46 1445.78 3972
1662.88 1435.58 3944
1656.16 1435.58 3944
1645.67 1432.31 3935
1627.3 1422.12 3907
1620.64 1422.12 3907
1613.98 1422.12 3907
1596.21 1412.29 3880
1604.34 1425.39 3916
1628.27 1452.69 3991
1640.96 1470.16 4039
1634.08 1470.16 4039
1627.19 1470.16 4039
1620.31 1470.16 4039
1613.42 1470.16 4039
1606.54 1470.16 4039
1596.09 1466.89 4030
1589.22 1466.89 4030
1582.35 1466.89 4030
1571.57 1463.25 4020
1564.71 1463.25 4020
1301.05 1459.61 4010
1294.22 1459.61 4010
1287.38 1459.61 4010
1268.41 1445.78 3972
1261.64 1445.78 3972
1254.87 1445.78 3972
1248.1 1445.78 3972
1241.32 1445.78 3972
1234.55 1445.78 3972
1227.78 1445.78 3972
1209.64 1432.31 3935
1188.87 1415.57 3889
1182.24 1415.57 3889
1164.72 1402.46 3853
1158.16 1402.46 3853
1154.28 1405.74 3862
1147.69 1405.74 3862
1146.43 1412.29 3880
1147.75 1422.12 3907
1143.71 1425.39 3916
1139.65 1428.67 3925
1132.96 1428.67 3925
1126.27 1428.67 3925
1117.01 1425.39 3916
1110.33 1425.39 3916
1103.66 1425.39 3916
1094.46 1422.12 3907
1085.3 1418.84 3898
1078.65 1418.84 3898
1067.05 1412.29 3880
1053.06 1402.46 3853
1044.05 1399.19 3844
1037.5 1399.19 3844
1030.94 1399.19 3844
1033.98 1412.29 3880
1029.75 1415.57 3889
1025.49 1418.84 3898
1018.84 1418.84 3898
1012.2 1418.84 3898
1005.55 1418.84 3898
998.909 1418.84 3898
992.264 1418.84 3898
983.343 1415.57 3889
976.713 1415.57 3889
970.083 1415.57 3889
963.454 1415.57 3889
956.824 1415.57 3889
952.393 1418.84 3898
945.748 1418.84 3898
939.103 1418.84 3898
936.764 1425.39 3916
932.226 1428.67 3925
925.534 1428.67 3925
918.843 1428.67 3925
914.476 1432.31 3935
907.768 1432.31 3935
901.06 1432.31 3935
887.988 1422.12 3907
873.206 1409.01 3871
864.593 1405.74 3862
850.011 1392.63 3826
845.473 1395.91 3835
838.935 1395.91 3835
832.397 1395.91 3835
825.859 1395.91 3835
819.322 1395.91 3835
807.274 1386.45 3809
797.206 1380.26 3792
790.742 1380.26 3792
785.932 1383.17 3800
779.454 1383.17 3800
772.976 1383.17 3800
766.498 1383.17 3800
760.02 1383.17 3800
753.542 1383.17 3800
747.064 1383.17 3800
739.027 1380.26 3792
732.562 1380.26 3792
722.651 1373.71 3774
716.217 1373.71 3774
706.586 1367.52 3757
700.182 1367.52 3757
692.3 1364.61 3749
684.262 1361.33 3740
674.986 1355.51 3724
668.638 1355.51 3724
660.867 1352.59 3716
652.946 1349.32 3707
646.627 1349.32 3707
640.307 1349.32 3707
633.988 1349.32 3707
626.314 1346.41 3699
618.667 1343.49 3691
612.375 1343.49 3691
604.769 1340.58 3683
597.19 1337.67 3675
589.639 1334.76 3667
583.388 1334.76 3667
577.136 1334.76 3667
570.885 1334.76 3667
563.248 1331.48 3658
557.012 1331.48 3658
550.776 1331.48 3658
544.54 1331.48 3658
538.304 1331.48 3658
533.377 1334.76 3667
527.126 1334.76 3667
520.875 1334.76 3667
514.623 1334.76 3667
508.372 1334.76 3667
502.121 1334.76 3667
494.652 1331.48 3658
487.348 1328.57 3650
481.126 1328.57 3650
473.863 1325.66 3642
465.728 1320.2 3627
459.545 1320.2 3627
453.362 1320.2 3627
446.192 1317.29 3619
438.077 1311.46 3603
431.935 1311.46 3603
425.793 1311.46 3603
419.651 1311.46 3603
413.509 1311.46 3603
403.861 1300.18 3572
397.772 1300.18 3572
391.683 1300.18 3572
384.838 1297.63 3565
379.504 1300.18 3572
373.415 1300.18 3572
367.325 1300.18 3572
361.236 1300.18 3572
-11.9199 162.34 446
-12.6802 162.34 446
-13.4405 162.34 446
-14.169 161.976 445
-14.9276 161.976 445
-15.6862 161.976 445
-16.3709 161.248 443
-17.0875 160.884 442
-17.7199 159.793 439
-18.4683 159.793 439
-19.2167 159.793 439
-19.965 159.793 439
-20.6662 159.429 438
-21.4129 159.429 438
-22.1596 159.429 438
-22.6971 157.973 434
-29.1942 153.241 421
-29.9119 153.241 421
-30.6296 153.241 421
-31.3473 153.241 421
-31.9888 152.877 420
-32.5491 152.149 418
-33.2617 152.149 418
-33.9743 152.149 418
-34.6039 151.785 417
-35.1454 151.057 415
-35.7664 150.693 414
-36.4722 150.693 414
-37.0882 150.329 413
-37.7922 150.329 413
-38.4031 149.965 412
-39.1054 149.965 412
-39.8078 149.965 412
-40.4118 149.601 411
-41.0125 149.237 410
-41.6097 148.873 409
-42.3069 148.873 409
-42.7939 148.145 407
-43.4877 148.145 407
-44.073 147.781 406
-44.7651 147.781 406
-45.3453 147.417 405
-46.0357 147.417 405
-46.6107 147.053 404
-47.2995 147.053 404
-47.8694 146.689 403
-48.4359 146.325 402
-48.999 145.961 401
-49.6826 145.961 401
-50.3662 145.961 401
-50.9225 145.597 400
-51.4754 145.233 399
-52.1556 145.233 399
-52.8358 145.233 399
-53.516 145.233 399
-54.0604 144.869 398
-54.7389 144.869 398
-55.4173 144.869 398
-55.9549 144.505 397
-56.6317 144.505 397
-57.3085 144.505 397
-57.9852 144.505 397
-68.4671 143.777 395
-69.1405 143.777 395
-69.9906 144.141 396
-70.8442 144.505 397
-71.8813 145.233 399
-72.5614 145.233 399
-73.2416 145.233 399
-73.9218 145.233 399
-74.602 145.233 399
-75.2822 145.233 399
-75.9624 145.233 399
-76.6426 145.233 399
-77.3228 145.233 399
-78.1985 145.597 400
-78.8804 145.597 400
-79.5623 145.597 400
-80.2442 145.597 400
-80.9261 145.597 400
-81.608 145.597 400
-82.4956 145.961 401
-83.1792 145.961 401
-83.8628 145.961 401
-84.5464 145.961 401
-85.4426 146.325 402
-86.1279 146.325 402
-87.0291 146.689 403
-87.9338 147.053 404
-88.6225 147.053 404
-89.3113 147.053 404
-90.2227 147.417 405
-90.9132 147.417 405
-91.6036 147.417 405
-92.5219 147.781 406
-93.214 147.781 406
-93.9062 147.781 406
-94.5983 147.781 406
-98.5763 152.877 420
-99.5287 153.241 421
-100.246 153.241 421
-101.444 153.969 423
-102.165 153.969 423
-102.886 153.969 423
-103.607 153.969 423
-104.821 154.697 425
-105.794 155.061 426
-106.521 155.061 426
-107.247 155.061 426
-108.226 155.425 427
-109.21 155.789 428
-109.939 155.789 428
-110.927 156.153 429
-111.919 156.517 430
-112.652 156.517 430
-113.649 156.881 431
-114.914 157.609 433
-115.652 157.609 433
-116.391 157.609 433
-117.399 157.973 434
-118.139 157.973 434
-119.153 158.337 435
-119.894 158.337 435
-120.913 158.701 436
-121.936 159.065 437
-122.961 159.429 438
-123.708 159.429 438
-124.739 159.793 439
-125.487 159.793 439
-126.236 159.793 439
-127.273 160.157 440
-128.314 160.521 441
-129.066 160.521 441
-129.818 160.521 441
-130.866 160.884 442
-131.619 160.884 442
-132.672 161.248 443
-133.427 161.248 443
-134.183 161.248 443
-772.973 772.391 2122
-776.591 772.391 2122
-780.208 772.391 2122
-783.087 771.663 2120
-786.701 771.663 2120
-790.315 771.663 2120
-798.048 775.667 2131
-836.668 809.518 2224
-842.727 811.702 2230
-846.528 811.702 2230
-850.33 811.702 2230
-854.131 811.702 2230
-857.933 811.702 2230
-859.416 809.518 2224
-867.865 813.886 2236
-871.677 813.886 2236
-875.488 813.886 2236
-879.3 813.886 2236
-879.557 810.61 2227
-885.734 812.794 2233
-889.541 812.794 2233
-894.548 813.886 2236
-900.77 816.07 2242
-904.592 816.07 2242
-908.414 816.07 2242
-911.016 814.978 2239
-914.832 814.978 2239
-918.649 814.978 2239
-919.994 812.794 2233
-921.319 810.61 2227
-923.869 809.518 2224
-927.66 809.518 2224
-930.195 808.426 2221
-926.833 802.239 2204
-929.323 801.147 2201
-933.075 801.147 2201
-936.828 801.147 2201
-936.734 797.871 2192
-937.038 794.959 2184
-939.469 793.867 2181
-943.187 793.867 2181
-946.905 793.867 2181
-949.315 792.775 2178
-949.09 789.499 2169
-952.788 789.499 2169
-955.604 788.771 2167
-956.642 786.587 2161
-957.659 784.403 2155
-961.333 784.403 2155
-964.111 783.675 2153
-967.781 783.675 2153
-968.744 781.491 2147
-972.405 781.491 2147
-973.792 779.671 2142
-977.443 779.671 2142
-979.721 778.579 2139
-983.367 778.579 2139
-985.629 777.487 2136
-987.881 776.395 2133
-991.517 776.395 2133
-995.154 776.395 2133
-997.853 775.667 2131
-1001.49 775.667 2131
-1005.12 775.667 2131
-1008.75 775.667 2131
-1010.96 774.575 2128
-1013.16 773.483 2125
-1015.34 772.391 2122
-1018.96 772.391 2122
-1021.62 771.663 2120
-1023.78 770.571 2117
-1025.93 769.479 2114
-1029.54 769.479 2114
-1030.7 767.659 2109
-1032.82 766.567 2106
-1032.47 763.655 2098
-1036.05 763.655 2098
-1039.63 763.655 2098
-1040.72 761.835 2093
-1041.79 760.015 2088
-1045.35 760.015 2088
-1043.89 756.375 2078
-1043.4 753.464 2070
-1044.4 751.644 2065
-1047.92 751.644 2065
-1044.82 746.912 2052
-1046.78 745.82 2049
-1041.56 739.632 2032
-1045.03 739.632 2032
1803.24 1477.76 4079
1796.29 1477.76 4079
1789.33 1477.76 4079
1778.01 1474.14 4069
1771.07 1474.14 4069
1764.14 1474.14 4069
1757.2 1474.14 4069
1750.26 1474.14 4069
1747.61 1477.76 4079
1740.66 1477.76 4079
1733.71 1477.76 4079
1718.29 1470.52 4059
1707.15 1466.9 4049
1700.25 1466.9 4049
1689.16 1463.27 4039
1670.2 1452.77 4010
1659.63 1449.51 4001
1652.81 1449.51 4001
1614.72 1421.97 3925
1608.03 1421.97 3925
1628.27 1445.88 3991
1640.96 1463.27 4039
1634.08 1463.27 4039
1631.22 1466.9 4049
1636.35 1477.76 4079
1629.4 1477.76 4079
1622.45 1477.76 4079
1607.57 1470.52 4059
1600.65 1470.52 4059
1593.73 1470.52 4059
1586.81 1470.52 4059
1260.09 1421.97 3925
1262.34 1432.12 3953
1255.6 1432.12 3953
1248.86 1432.12 3953
1248.1 1439 3972
1241.32 1439 3972
1234.55 1439 3972
1227.78 1439 3972
1209.64 1425.6 3935
1188.87 1408.93 3889
1182.24 1408.93 3889
1164.72 1395.89 3853
1158.16 1395.89 3853
1154.28 1399.15 3862
1147.69 1399.15 3862
1141.11 1399.15 3862
1147.75 1415.45 3907
1143.71 1418.71 3916
1139.65 1421.97 3925
1132.96 1421.97 3925
1126.27 1421.97 3925
1117.01 1418.71 3916
1110.33 1418.71 3916
1103.66 1418.71 3916
1094.46 1415.45 3907
1087.8 1415.45 3907
1081.14 1415.45 3907
1074.48 1415.45 3907
1065.36 1412.19 3898
1046.49 1395.89 3853
1044.78 1402.41 3871
1038.18 1402.41 3871
1036.38 1408.93 3889
1032.13 1412.19 3898
1027.86 1415.45 3907
1021.2 1415.45 3907
1014.54 1415.45 3907
1007.88 1415.45 3907
1001.22 1415.45 3907
994.555 1415.45 3907
987.894 1415.45 3907
981.234 1415.45 3907
974.573 1415.45 3907
967.913 1415.45 3907
961.253 1415.45 3907
954.592 1415.45 3907
947.932 1415.45 3907
941.271 1415.45 3907
938.917 1421.97 3925
932.226 1421.97 3925
925.534 1421.97 3925
918.843 1421.97 3925
914.476 1425.6 3935
907.768 1425.6 3935
901.06 1425.6 3935
890.033 1418.71 3916
873.206 1402.41 3871
864.593 1399.15 3862
854.01 1392.63 3844
847.457 1392.63 3844
838.935 1389.37 3835
832.397 1389.37 3835
825.859 1389.37 3835
819.322 1389.37 3835
812.784 1389.37 3835
800.78 1379.95 3809
794.287 1379.95 3809
787.793 1379.95 3809
779.454 1376.69 3800
772.976 1376.69 3800
766.498 1376.69 3800
760.02 1376.69 3800
753.542 1376.69 3800
745.491 1373.79 3792
735.519 1367.27 3774
729.085 1367.27 3774
721.119 1364.37 3766
714.699 1364.37 3766
706.586 1361.11 3757
700.182 1361.11 3757
692.3 1358.21 3749
682.798 1352.05 3732
674.986 1349.15 3724
668.638 1349.15 3724
659.266 1342.99 3707
652.946 1342.99 3707
646.627 1342.99 3707
640.307 1342.99 3707
633.988 1342.99 3707
624.959 1337.2 3691
618.667 1337.2 3691
612.375 1337.2 3691
604.769 1334.3 3683
597.19 1331.4 3675
589.639 1328.5 3667
583.388 1328.5 3667
577.136 1328.5 3667
570.885 1328.5 3667
564.634 1328.5 3667
558.383 1328.5 3667
552.131 1328.5 3667
544.54 1325.24 3658
538.304 1325.24 3658
533.377 1328.5 3667
527.126 1328.5 3667
520.875 1328.5 3667
514.623 1328.5 3667
508.372 1328.5 3667
502.121 1328.5 3667
494.652 1325.24 3658
487.348 1322.34 3650
481.126 1322.34 3650
473.863 1319.45 3642
465.728 1314.01 3627
459.545 1314.01 3627
453.362 1314.01 3627
446.192 1311.11 3619
438.077 1305.32 3603
431.935 1305.32 3603
425.793 1305.32 3603
419.651 1305.32 3603
413.509 1305.32 3603
403.861 1294.09 3572
402.115 1308.21 3611
395.959 1308.21 3611
389.803 1308.21 3611
383.647 1308.21 3611
377.492 1308.21 3611
368.148 1296.98 3580
362.045 1296.98 3580
355.147 1294.09 3572
349.057 1294.09 3572
-11.9199 161.58 446
-12.6802 161.58 446
-13.4405 161.58 446
-14.169 161.217 445
-14.9276 161.217 445
-15.6862 161.217 445
-16.3709 160.493 443
-17.0488 159.768 441
-17.7199 159.044 439
-18.4683 159.044 439
-19.2167 159.044 439
-19.9196 158.681 438
-20.6662 158.681 438
-21.4129 158.681 438
-22.0584 157.957 436
-22.6971 157.232 434
-29.1942 152.522 421
-29.9119 152.522 421
-30.6296 152.522 421
-31.3473 152.522 421
-31.9888 152.16 420
-32.5491 151.436 418
-33.2617 151.436 418
-33.9743 151.436 418
-34.6039 151.073 417
-35.1454 150.349 415
-35.7664 149.986 414
-36.4722 149.986 414
-37.0882 149.624 413
-37.7922 149.624 413
-38.4031 149.262 412
-39.1054 149.262 412
-39.8078 149.262 412
-40.4118 148.9 411
-41.0125 148.537 410
-41.6097 148.175 409
-42.3069 148.175 409
-42.7939 147.45 407
-43.3808 147.088 406
-44.073 147.088 406
-44.7651 147.088 406
-45.3453 146.726 405
-45.922 146.364 404
-46.4954 146.001 403
-47.1824 146.001 403
-47.7506 145.639 402
-48.4359 145.639 402
-48.999 145.277 401
-49.5587 144.914 400
-50.2406 144.914 400
-50.9225 144.914 400
-51.4754 144.552 399
-52.1556 144.552 399
-52.8358 144.552 399
-53.516 144.552 399
-54.0604 144.19 398
-54.7389 144.19 398
-55.4173 144.19 398
-55.9549 143.828 397
-56.6317 143.828 397
-57.3085 143.828 397
-57.9852 143.828 397
-58.5143 143.465 396
-68.6405 143.465 396
-69.3156 143.465 396
-70.1674 143.828 397
-71.2011 144.552 399
-71.8813 144.552 399
-72.5614 144.552 399
-73.2416 144.552 399
-73.9218 144.552 399
-74.602 144.552 399
-75.2822 144.552 399
-75.9624 144.552 399
-76.6426 144.552 399
-77.3228 144.552 399
-78.1985 144.914 400
-78.8804 144.914 400
-79.5623 144.914 400
-80.2442 144.914 400
-80.9261 144.914 400
-81.608 144.914 400
-82.4956 145.277 401
-83.1792 145.277 401
-83.8628 145.277 401
-84.5464 145.277 401
-85.4426 145.639 402
-86.1279 145.639 402
-87.0291 146.001 403
-87.9338 146.364 404
-88.6225 146.364 404
-89.3113 146.364 404
-90.2227 146.726 405
-90.9132 146.726 405
-91.6036 146.726 405
-92.5219 147.088 406
-93.4436 147.45 407
-95.2939 149.262 412
-95.9963 149.262 412
-98.5763 152.16 420
-99.5287 152.522 421
-100.246 152.522 421
-101.444 153.247 423
-102.165 153.247 423
-102.886 153.247 423
-103.852 153.609 424
-104.821 153.972 425
-105.794 154.334 426
-106.521 154.334 426
-107.498 154.696 427
-108.48 155.058 428
-109.21 155.058 428
-109.939 155.058 428
-111.186 155.783 430
-112.179 156.145 431
-112.914 156.145 431
-113.912 156.508 432
-114.914 156.87 433
-115.92 157.232 434
-116.659 157.232 434
-117.399 157.232 434
-118.411 157.594 435
-119.427 157.957 436
-120.17 157.957 436
-120.913 157.957 436
-122.215 158.681 438
-122.961 158.681 438
-123.708 158.681 438
-124.739 159.044 439
-125.773 159.406 440
-126.523 159.406 440
-127.563 159.768 441
-128.314 159.768 441
-129.066 159.768 441
-129.818 159.768 441
-130.866 160.13 442
-131.619 160.13 442
-132.373 160.13 442
-133.126 160.13 442
-772.973 768.771 2122
-776.591 768.771 2122
-780.208 768.771 2122
-783.087 768.046 2120
-786.701 768.046 2120
-790.315 768.046 2120
-798.048 772.031 2131
-819.362 789.059 2178
-842.727 807.898 2230
-846.528 807.898 2230
-850.33 807.898 2230
-854.131 807.898 2230
-857.933 807.898 2230
-859.416 805.724 2224
-867.865 810.071 2236
-871.677 810.071 2236
-875.488 810.071 2236
-879.3 810.071 2236
-879.557 806.811 2227
-885.734 808.985 2233
-889.541 808.985 2233
-895.748 811.158 2239
-901.975 813.332 2245
-905.802 813.332 2245
-909.63 813.332 2245
-913.457 813.332 2245
-917.284 813.332 2245
-921.111 813.332 2245
-921.23 810.071 2236
-921.319 806.811 2227
-923.869 805.724 2224
-927.66 805.724 2224
-930.195 804.637 2221
-926.833 798.478 2204
-929.323 797.391 2201
-933.075 797.391 2201
-936.828 797.391 2201
-936.734 794.131 2192
-937.038 791.233 2184
-939.469 790.146 2181
-943.187 790.146 2181
-946.905 790.146 2181
-949.315 789.059 2178
-949.09 785.798 2169
-952.788 785.798 2169
-955.604 785.074 2167
-956.642 782.9 2161
-957.659 780.726 2155
-961.333 780.726 2155
-964.111 780.002 2153
-966.433 778.915 2150
-968.744 777.828 2147
-972.405 777.828 2147
-973.792 776.017 2142
-976.074 774.93 2139
-978.347 773.843 2136
-981.988 773.843 2136
-985.629 773.843 2136
-987.881 772.756 2133
-990.588 772.031 2131
-994.221 772.031 2131
-997.853 772.031 2131
-1000.08 770.945 2128
-1003.7 770.945 2128
-1007.33 770.945 2128
-1009.53 769.858 2125
-1011.73 768.771 2122
-1015.34 768.771 2122
-1018.96 768.771 2122
-1020.17 766.959 2117
-1023.78 766.959 2117
-1024.96 765.148 2112
-1028.56 765.148 2112
-1029.23 762.974 2106
-1031.84 762.25 2104
-1031.49 759.351 2096
-1035.06 759.351 2096
-1038.63 759.351 2096
-1038.23 756.453 2088
-1039.29 754.642 2083
-1042.85 754.642 2083
-1043.89 752.83 2078
-1040.87 748.121 2065
-1041.87 746.309 2060
-1045.38 746.309 2060
-1044.82 743.411 2052
-1044.23 740.513 2044
-1041.56 736.165 2032
-1045.03 736.165 2032
1791.88 1467.2 4069
1784.95 1467.2 4069
1778.01 1467.2 4069
1771.07 1467.2 4069
1764.14 1467.2 4069
1757.2 1467.2 4069
1750.26 1467.2 4069
1747.61 1470.81 4079
1740.66 1470.81 4079
1733.71 1470.81 4079
1718.29 1463.59 4059
1707.15 1459.99 4049
1700.25 1459.99 4049
1689.16 1456.38 4039
1670.2 1445.93 4010
1659.63 1442.68 4001
1652.81 1442.68 4001
1614.72 1415.28 3925
1608.03 1415.28 3925
1628.27 1439.07 3991
1640.96 1456.38 4039
1634.08 1456.38 4039
1643.31 1470.81 4079
1636.35 1470.81 4079
1633.39 1474.41 4089
1626.42 1474.41 4089
1619.45 1474.41 4089
1600.65 1463.59 4059
1593.73 1463.59 4059
1586.81 1463.59 4059
1255.6 1425.37 3953
1248.86 1425.37 3953
1251.24 1435.83 3982
1244.45 1435.83 3982
1237.66 1435.83 3982
1227.78 1432.22 3972
1215.17 1425.37 3953
1188.87 1402.3 3889
1182.24 1402.3 3889
1167.44 1392.56 3862
1160.86 1392.56 3862
1165.04 1405.54 3898
1158.39 1405.54 3898
1151.75 1405.54 3898
1155.97 1418.88 3935
1149.26 1418.88 3935
1142.55 1418.88 3935
1135.85 1418.88 3935
1129.14 1418.88 3935
1119.58 1415.28 3925
1112.89 1415.28 3925
1106.2 1415.28 3925
1099.5 1415.28 3925
1092.81 1415.28 3925
1086.12 1415.28 3925
1074.48 1408.79 3907
1065.36 1405.54 3898
1046.49 1389.31 3853
1044.78 1395.8 3871
1038.18 1395.8 3871
1036.38 1402.3 3889
1032.13 1405.54 3898
1027.86 1408.79 3907
1021.2 1408.79 3907
1014.54 1408.79 3907
1007.88 1408.79 3907
1001.22 1408.79 3907
994.555 1408.79 3907
987.894 1408.79 3907
981.234 1408.79 3907
974.573 1408.79 3907
967.913 1408.79 3907
961.253 1408.79 3907
954.592 1408.79 3907
947.932 1408.79 3907
941.271 1408.79 3907
938.917 1415.28 3925
932.226 1415.28 3925
927.892 1418.88 3935
921.184 1418.88 3935
914.476 1418.88 3935
907.768 1418.88 3935
901.06 1418.88 3935
892.079 1415.28 3925
883.357 1412.03 3916
866.607 1395.8 3871
860.008 1395.8 3871
853.409 1395.8 3871
844.841 1392.56 3862
838.258 1392.56 3862
831.674 1392.56 3862
825.09 1392.56 3862
812.784 1382.82 3835
806.246 1382.82 3835
797.832 1379.58 3826
791.31 1379.58 3826
784.787 1379.58 3826
778.265 1379.58 3826
771.742 1379.58 3826
765.22 1379.58 3826
753.542 1370.2 3800
747.064 1370.2 3800
737.273 1364.07 3783
730.824 1364.07 3783
722.651 1360.83 3774
716.217 1360.83 3774
708.279 1357.94 3766
701.859 1357.94 3766
693.777 1354.7 3757
685.909 1351.81 3749
677.886 1348.57 3740
671.51 1348.57 3740
662.289 1342.8 3724
652.946 1336.67 3707
646.627 1336.67 3707
640.307 1336.67 3707
632.62 1333.78 3699
626.314 1333.78 3699
618.667 1330.9 3691
612.375 1330.9 3691
604.769 1328.02 3683
598.49 1328.02 3683
590.925 1325.13 3675
584.661 1325.13 3675
578.396 1325.13 3675
570.885 1322.25 3667
565.866 1325.13 3675
559.601 1325.13 3675
553.336 1325.13 3675
545.88 1322.25 3667
539.629 1322.25 3667
534.541 1325.13 3675
528.276 1325.13 3675
522.011 1325.13 3675
515.746 1325.13 3675
509.481 1325.13 3675
503.216 1325.13 3675
495.869 1322.25 3667
488.416 1319 3658
482.18 1319 3658
474.904 1316.12 3650
466.755 1310.71 3635
460.558 1310.71 3635
454.362 1310.71 3635
447.179 1307.82 3627
440.023 1304.94 3619
433.853 1304.94 3619
427.684 1304.94 3619
420.583 1302.05 3611
414.427 1302.05 3611
408.271 1302.05 3611
402.115 1302.05 3611
395.959 1302.05 3611
389.803 1302.05 3611
383.647 1302.05 3611
377.492 1302.05 3611
368.148 1290.88 3580
362.045 1290.88 3580
355.147 1287.99 3572
349.057 1287.99 3572
-11.1846 161.179 447
-11.9466 161.179 447
-12.7086 161.179 447
-13.4707 161.179 447
-14.2008 160.819 446
-14.9612 160.819 446
-15.6862 160.458 445
-16.4079 160.097 444
-17.0488 159.016 441
-17.7199 158.295 439
-18.4683 158.295 439
-19.2167 158.295 439
-19.9196 157.934 438
-20.6662 157.934 438
-21.4129 157.934 438
-22.0584 157.213 436
-22.6971 156.492 434
-29.1942 151.804 421
-29.9119 151.804 421
-30.6296 151.804 421
-31.3473 151.804 421
-31.9888 151.444 420
-32.5491 150.722 418
-33.2617 150.722 418
-33.9743 150.722 418
-34.6039 150.362 417
-35.1454 149.641 415
-35.7664 149.28 414
-36.4722 149.28 414
-37.0882 148.919 413
-37.7922 148.919 413
-38.4031 148.559 412
-39.1054 148.559 412
-39.8078 148.559 412
-40.4118 148.198 411
-40.9124 147.477 409
-41.5079 147.117 408
-42.2035 147.117 408
-42.7939 146.756 407
-43.3808 146.395 406
-44.073 146.395 406
-44.7651 146.395 406
-45.3453 146.035 405
-45.922 145.674 404
-46.4954 145.314 403
-47.1824 145.314 403
-47.7506 144.953 402
-48.4359 144.953 402
-48.999 144.593 401
-49.5587 144.232 400
-50.2406 144.232 400
-50.9225 144.232 400
-51.4754 143.871 399
-52.1556 143.871 399
-52.8358 143.871 399
-53.516 143.871 399
-54.0604 143.511 398
-54.7389 143.511 398
-55.4173 143.511 398
-55.9549 143.15 397
-56.6317 143.15 397
-57.3085 143.15 397
-57.9852 143.15 397
-58.5143 142.79 396
-59.0399 142.429 395
-59.5621 142.068 394
-60.2338 142.068 394
-68.6405 142.79 396
-69.3156 142.79 396
-70.3441 143.511 398
-71.2011 143.871 399
-71.8813 143.871 399
-72.7433 144.232 400
-73.4252 144.232 400
-74.1071 144.232 400
-74.789 144.232 400
-75.2822 143.871 399
-75.9624 143.871 399
-76.8347 144.232 400
-77.5166 144.232 400
-78.1985 144.232 400
-78.8804 144.232 400
-79.5623 144.232 400
-80.2442 144.232 400
-80.9261 144.232 400
-81.608 144.232 400
-82.4956 144.593 401
-83.1792 144.593 401
-83.8628 144.593 401
-84.7573 144.953 402
-85.4426 144.953 402
-86.1279 144.953 402
-87.0291 145.314 403
-87.9338 145.674 404
-88.8419 146.035 405
-89.5323 146.035 405
-90.4455 146.395 406
-91.1376 146.395 406
-91.8298 146.395 406
-92.5219 146.395 406
-93.4436 146.756 407
-95.2939 148.559 412
-95.9963 148.559 412
-98.5763 151.444 420
-99.2923 151.444 420
-100.008 151.444 420
-100.964 151.804 421
-102.165 152.525 423
-102.886 152.525 423
-103.852 152.886 424
-104.821 153.246 425
-105.794 153.607 426
-106.521 153.607 426
-107.498 153.968 427
-108.48 154.328 428
-109.21 154.328 428
-109.939 154.328 428
-111.186 155.049 430
-112.179 155.41 431
-112.914 155.41 431
-113.912 155.771 432
-114.914 156.131 433
-115.92 156.492 434
-116.659 156.492 434
-117.399 156.492 434
-118.411 156.852 435
-119.427 157.213 436
-120.17 157.213 436
-121.191 157.573 437
-122.215 157.934 438
-122.961 157.934 438
-123.99 158.295 439
-124.739 158.295 439
-125.773 158.655 440
-126.523 158.655 440
-127.563 159.016 441
-128.314 159.016 441
-129.066 159.016 441
-129.818 159.016 441
-130.866 159.376 442
-131.917 159.737 443
-132.672 159.737 443
-133.427 159.737 443
-775.159 767.314 2128
-778.786 767.314 2128
-782.414 767.314 2128
-783.825 765.151 2122
-788.556 766.232 2125
-792.179 766.232 2125
-798.797 769.117 2133
-820.491 786.425 2181
-842.727 804.093 2230
-851.083 808.42 2242
-854.905 808.42 2242
-858.727 808.42 2242
-862.549 808.42 2242
-859.416 801.93 2224
-870.194 808.42 2242
-874.016 808.42 2242
-877.838 808.42 2242
-881.66 808.42 2242
-881.927 805.175 2233
-885.734 805.175 2233
-889.541 805.175 2233
-895.748 807.338 2239
-901.975 809.502 2245
-905.802 809.502 2245
-909.63 809.502 2245
-913.457 809.502 2245
-917.284 809.502 2245
-921.111 809.502 2245
-921.23 806.257 2236
-921.319 803.011 2227
-923.869 801.93 2224
-927.66 801.93 2224
-930.195 800.848 2221
-925.571 793.636 2201
-929.323 793.636 2201
-931.804 792.555 2198
-934.274 791.473 2195
-935.451 789.309 2189
-937.038 787.506 2184
-939.469 786.425 2181
-943.187 786.425 2181
-945.602 785.343 2178
-949.315 785.343 2178
-949.09 782.098 2169
-952.788 782.098 2169
-954.281 780.295 2164
-956.642 779.213 2161
-957.659 777.05 2155
-961.333 777.05 2155
-964.111 776.328 2153
-966.433 775.247 2150
-968.744 774.165 2147
-972.405 774.165 2147
-973.792 772.362 2142
-976.074 771.28 2139
-978.347 770.199 2136
-981.988 770.199 2136
-985.629 770.199 2136
-987.881 769.117 2133
-990.588 768.396 2131
-994.221 768.396 2131
-997.853 768.396 2131
-1000.08 767.314 2128
-1003.7 767.314 2128
-1007.33 767.314 2128
-1009.53 766.232 2125
-1011.73 765.151 2122
-1015.34 765.151 2122
-1018.96 765.151 2122
-1020.17 763.348 2117
-1023.78 763.348 2117
-1024.96 761.545 2112
-1028.56 761.545 2112
-1028.25 758.66 2104
-1027.92 755.775 2096
-1027.55 752.891 2088
-1031.11 752.891 2088
-1034.67 752.891 2088
-1035.74 751.088 2083
-1036.8 749.285 2078
-1040.34 749.285 2078
-1037.35 744.597 2065
-1038.35 742.794 2060
-1037.82 739.91 2052
-1041.32 739.91 2052
-1042.27 738.107 2047
-1040.65 734.501 2037
-1040.54 731.977 2030
-1044 731.977 2030
1778.01 1460.26 4069
1771.07 1460.26 4069
1764.14 1460.26 4069
1757.2 1460.26 4069
1750.26 1460.26 4069
1747.61 1463.85 4079
1744.93 1467.43 4089
1737.96 1467.43 4089
1730.98 1467.43 4089
1724.01 1467.43 4089
1717.04 1467.43 4089
1705.89 1463.85 4079
1682.28 1449.49 4039
1663.36 1439.08 4010
1656.53 1439.08 4010
1645.99 1435.85 4001
1615.81 1415.4 3944
1624.59 1429.04 3982
1640.96 1449.49 4039
1634.08 1449.49 4039
1643.31 1463.85 4079
1636.35 1463.85 4079
1633.39 1467.43 4089
1626.42 1467.43 4089
1619.45 1467.43 4089
1600.65 1456.67 4059
1593.73 1456.67 4059
1586.81 1456.67 4059
1254.07 1432.27 3991
1247.26 1432.27 3991
1240.46 1432.27 3991
1233.65 1432.27 3991
1215.17 1418.63 3953
1194.37 1402.12 3907
1187.71 1402.12 3907
1178.33 1398.89 3898
1171.68 1398.89 3898
1167.73 1402.12 3907
1169.39 1412.17 3935
1162.68 1412.17 3935
1164.2 1422.22 3963
1162.99 1429.04 3982
1156.2 1429.04 3982
1149.41 1429.04 3982
1139.75 1425.45 3972
1127.56 1418.63 3953
1120.83 1418.63 3953
1114.09 1418.63 3953
1104.83 1415.4 3944
1098.1 1415.4 3944
1091.38 1415.4 3944
1082.18 1412.17 3935
1067.82 1402.12 3907
1058.71 1398.89 3898
1052.07 1398.89 3898
1043.01 1395.66 3889
1045.97 1408.58 3925
1041.93 1412.17 3935
1037.59 1415.4 3944
1030.87 1415.4 3944
1024.14 1415.4 3944
1015.1 1412.17 3935
1008.39 1412.17 3935
999.137 1408.58 3925
990.17 1405.35 3916
983.494 1405.35 3916
976.818 1405.35 3916
970.143 1405.35 3916
965.681 1408.58 3925
958.99 1408.58 3925
952.299 1408.58 3925
945.608 1408.58 3925
938.917 1408.58 3925
932.226 1408.58 3925
927.892 1412.17 3935
921.184 1412.17 3935
914.476 1412.17 3935
907.768 1412.17 3935
901.06 1412.17 3935
892.079 1408.58 3925
883.357 1405.35 3916
866.607 1389.2 3871
860.008 1389.2 3871
853.409 1389.2 3871
844.841 1385.97 3862
838.258 1385.97 3862
831.674 1385.97 3862
825.09 1385.97 3862
812.784 1376.28 3835
806.246 1376.28 3835
797.832 1373.05 3826
791.31 1373.05 3826
784.787 1373.05 3826
778.265 1373.05 3826
771.742 1373.05 3826
765.22 1373.05 3826
753.542 1363.72 3800
747.064 1363.72 3800
737.273 1357.62 3783
730.824 1357.62 3783
724.375 1357.62 3783
717.925 1357.62 3783
709.784 1354.39 3774
703.35 1354.39 3774
696.916 1354.39 3774
689.019 1351.52 3766
682.599 1351.52 3766
676.179 1351.52 3766
665.135 1342.19 3740
658.759 1342.19 3740
650.988 1339.32 3732
644.626 1339.32 3732
636.895 1336.45 3724
630.547 1336.45 3724
622.857 1333.57 3716
616.523 1333.57 3716
608.71 1330.34 3707
601.09 1327.47 3699
594.785 1327.47 3699
588.479 1327.47 3699
580.914 1324.6 3691
574.622 1324.6 3691
567.097 1321.73 3683
560.819 1321.73 3683
554.54 1321.73 3683
548.262 1321.73 3683
540.806 1318.86 3675
535.705 1321.73 3683
529.426 1321.73 3683
523.147 1321.73 3683
516.869 1321.73 3683
510.59 1321.73 3683
503.216 1318.86 3675
496.951 1318.86 3675
490.686 1318.86 3675
484.421 1318.86 3675
475.944 1312.76 3658
468.681 1309.89 3650
462.459 1309.89 3650
456.237 1309.89 3650
449.028 1307.02 3642
442.819 1307.02 3642
434.812 1301.64 3627
428.629 1301.64 3627
422.446 1301.64 3627
416.263 1301.64 3627
408.271 1295.89 3611
402.115 1295.89 3611
395.959 1295.89 3611
389.803 1295.89 3611
383.647 1295.89 3611
377.492 1295.89 3611
371.336 1295.89 3611
362.854 1287.64 3588
355.942 1284.77 3580
349.839 1284.77 3580
343.736 1284.77 3580
-10.4692 161.134 449
-11.2346 161.134 449
-12.0001 161.134 449
-12.7371 160.775 448
-13.4707 160.417 447
-14.2327 160.417 447
-14.9947 160.417 447
-15.7215 160.058 446
-16.4079 159.34 444
-17.0488 158.263 441
-17.7199 157.546 439
-18.4683 157.546 439
-19.2167 157.546 439
-19.9196 157.187 438
-20.6662 157.187 438
-21.4129 157.187 438
-22.0584 156.469 436
-22.6971 155.751 434
-29.1942 151.086 421
-29.9119 151.086 421
-30.6296 151.086 421
-31.3473 151.086 421
-31.9888 150.727 420
-32.5491 150.009 418
-33.2617 150.009 418
-33.9743 150.009 418
-34.6039 149.65 417
-35.1454 148.933 415
-35.7664 148.574 414
-36.4722 148.574 414
-37.0882 148.215 413
-37.7922 148.215 413
-38.4031 147.856 412
-39.1054 147.856 412
-39.8078 147.856 412
-40.4118 147.497 411
-40.9124 146.779 409
-41.6097 146.779 409
-42.2035 146.421 408
-42.7939 146.062 407
-43.3808 145.703 406
-44.073 145.703 406
-44.7651 145.703 406
-45.3453 145.344 405
-45.922 144.985 404
-46.4954 144.626 403
-47.1824 144.626 403
-47.7506 144.267 402
-48.3154 143.908 401
-48.8768 143.55 400
-49.5587 143.55 400
-50.2406 143.55 400
-50.9225 143.55 400
-51.4754 143.191 399
-52.1556 143.191 399
-52.8358 143.191 399
-53.516 143.191 399
-54.0604 142.832 398
-54.7389 142.832 398
-55.4173 142.832 398
-55.9549 142.473 397
-56.6317 142.473 397
-57.1641 142.114 396
-57.8392 142.114 396
-58.5143 142.114 396
-59.0399 141.755 395
-59.5621 141.396 394
-60.2338 141.396 394
-68.6405 142.114 396
-69.3156 142.114 396
-70.3441 142.832 398
-71.2011 143.191 399
-71.8813 143.191 399
-72.7433 143.55 400
-73.4252 143.55 400
-74.1071 143.55 400
-74.789 143.55 400
-75.2822 143.191 399
-75.9624 143.191 399
-76.8347 143.55 400
-77.5166 143.55 400
-78.1985 143.55 400
-78.8804 143.55 400
-79.5623 143.55 400
-80.2442 143.55 400
-80.9261 143.55 400
-81.608 143.55 400
-82.4956 143.908 401
-83.1792 143.908 401
-84.072 144.267 402
-84.7573 144.267 402
-85.6551 144.626 403
-86.3421 144.626 403
-87.2451 144.985 404
-88.1515 145.344 405
-88.8419 145.344 405
-89.7534 145.703 406
-90.4455 145.703 406
-91.3621 146.062 407
-92.056 146.062 407
-92.7498 146.062 407
-93.6732 146.421 408
-95.2939 147.856 412
-96.2293 148.215 413
-98.5763 150.727 420
-99.2923 150.727 420
-100.008 150.727 420
-100.964 151.086 421
-102.406 152.162 424
-103.129 152.162 424
-103.852 152.162 424
-105.068 152.88 426
-105.794 152.88 426
-106.521 152.88 426
-107.498 153.239 427
-108.48 153.598 428
-109.21 153.598 428
-109.939 153.598 428
-111.444 154.675 431
-112.179 154.675 431
-112.914 154.675 431
-113.912 155.033 432
-114.914 155.392 433
-115.92 155.751 434
-116.659 155.751 434
-117.399 155.751 434
-118.411 156.11 435
-119.427 156.469 436
-120.17 156.469 436
-121.191 156.828 437
-122.215 157.187 438
-122.961 157.187 438
-123.99 157.546 439
-124.739 157.546 439
-125.773 157.904 440
-126.523 157.904 440
-127.563 158.263 441
-128.314 158.263 441
-129.066 158.263 441
-129.818 158.263 441
-130.866 158.622 442
-131.917 158.981 443
-132.672 158.981 443
-133.427 158.981 443
-772.619 764.76 2131
-776.251 764.76 2131
-779.884 764.76 2131
-783.517 764.76 2131
-784.934 762.607 2125
-790.783 764.76 2131
-794.415 764.76 2131
-804.04 770.502 2147
-832.529 794.188 2213
-836.302 794.188 2213
-851.083 804.595 2242
-862.15 811.414 2261
-866.005 811.414 2261
-869.859 811.414 2261
-872.168 809.978 2257
-876.016 809.978 2257
-879.863 809.978 2257
-882.536 808.901 2254
-884.019 806.748 2248
-884.297 803.518 2239
-888.114 803.518 2239
-890.736 802.442 2236
-895.748 803.518 2239
-901.975 805.672 2245
-905.802 805.672 2245
-909.63 805.672 2245
-913.457 805.672 2245
-917.284 805.672 2245
-921.111 805.672 2245
-921.23 802.442 2236
-921.319 799.212 2227
-923.869 798.135 2224
-927.66 798.135 2224
-930.195 797.059 2221
-925.571 789.881 2201
-928.056 788.805 2198
-931.804 788.805 2198
-934.274 787.728 2195
-935.451 785.575 2189
-935.751 782.704 2181
-938.177 781.627 2178
-941.89 781.627 2178
-945.602 781.627 2178
-946.7 779.474 2172
-950.403 779.474 2172
-952.788 778.397 2169
-952.958 775.526 2161
-955.313 774.45 2158
-956.77 772.655 2153
-960.441 772.655 2153
-962.768 771.579 2150
-965.084 770.502 2147
-966.488 768.708 2142
-970.14 768.708 2142
-973.792 768.708 2142
-974.705 766.554 2136
-978.347 766.554 2136
-981.988 766.554 2136
-984.245 765.478 2133
-986.955 764.76 2131
-990.588 764.76 2131
-994.221 764.76 2131
-996.448 763.683 2128
-1000.08 763.683 2128
-1002.29 762.607 2125
-1005.91 762.607 2125
-1009.53 762.607 2125
-1011.73 761.53 2122
-1014.39 760.812 2120
-1018 760.812 2120
-1020.17 759.736 2117
-1021.36 757.941 2112
-1024.96 757.941 2112
-1028.56 757.941 2112
-1028.25 755.07 2104
-1027.92 752.199 2096
-1027.55 749.328 2088
-1031.11 749.328 2088
-1034.67 749.328 2088
-1035.74 747.534 2083
-1036.8 745.74 2078
-1040.34 745.74 2078
-1037.35 741.074 2065
-1038.35 739.28 2060
-1037.82 736.409 2052
-1041.32 736.409 2052
-1042.27 734.615 2047
-1040.65 731.026 2037
-1040.54 728.514 2030
-1044 728.514 2030
1771.07 1453.32 4069
1764.14 1453.32 4069
1757.2 1453.32 4069
1744.93 1460.46 4089
1737.96 1460.46 4089
1730.98 1460.46 4089
1724.01 1460.46 4089
1717.04 1460.46 4089
1705.89 1456.89 4079
1698.94 1456.89 4079
1679.54 1446.17 4049
1672.64 1446.17 4049
1645.99 1429.03 4001
1631.38 1422.24 3982
1636.02 1432.24 4010
1645.03 1446.17 4049
1638.12 1446.17 4049
1647.34 1460.46 4089
1640.37 1460.46 4089
1633.39 1460.46 4089
1626.42 1460.46 4089
1619.45 1460.46 4089
1254.07 1425.46 3991
1247.26 1425.46 3991
1240.46 1425.46 3991
1233.65 1425.46 3991
1221.01 1418.67 3972
1197.12 1398.67 3916
1193.18 1401.88 3925
1186.49 1401.88 3925
1185.51 1408.67 3944
1181.47 1411.88 3953
1180.38 1418.67 3972
1173.61 1418.67 3972
1175.36 1429.03 4001
1171.17 1432.24 4010
1164.33 1432.24 4010
1157.49 1432.24 4010
1145.21 1425.46 3991
1135.84 1422.24 3982
1129.05 1422.24 3982
1119.44 1418.67 3972
1107.35 1411.88 3953
1100.61 1411.88 3953
1093.87 1411.88 3953
1084.66 1408.67 3944
1077.93 1408.67 3944
1066.05 1401.88 3925
1059.36 1401.88 3925
1052.67 1401.88 3925
1056.1 1415.46 3963
1049.35 1415.46 3963
1042.59 1415.46 3963
1035.83 1415.46 3963
1029.08 1415.46 3963
1019.74 1411.88 3953
1013 1411.88 3953
1003.97 1408.67 3944
994.974 1405.45 3935
990.526 1408.67 3944
983.803 1408.67 3944
977.079 1408.67 3944
972.57 1411.88 3953
968.275 1415.46 3963
961.519 1415.46 3963
954.763 1415.46 3963
948.007 1415.46 3963
943.388 1418.67 3972
936.617 1418.67 3972
929.846 1418.67 3972
923.075 1418.67 3972
916.303 1418.67 3972
909.532 1418.67 3972
902.761 1418.67 3972
887.643 1405.45 3935
876.682 1398.67 3916
870.006 1398.67 3916
861.346 1395.45 3907
858.623 1401.88 3925
851.932 1401.88 3925
845.241 1401.88 3925
838.55 1401.88 3925
826.136 1392.24 3898
815.707 1385.81 3880
809.092 1385.81 3880
800.617 1382.6 3871
794.018 1382.6 3871
780.096 1369.74 3835
773.558 1369.74 3835
767.02 1369.74 3835
760.482 1369.74 3835
753.945 1369.74 3835
740.586 1357.24 3800
734.108 1357.24 3800
724.375 1351.17 3783
717.925 1351.17 3783
709.784 1347.95 3774
703.35 1347.95 3774
696.916 1347.95 3774
689.019 1345.09 3766
682.599 1345.09 3766
676.179 1345.09 3766
665.135 1335.81 3740
658.759 1335.81 3740
650.988 1332.95 3732
644.626 1332.95 3732
636.895 1330.09 3724
630.547 1330.09 3724
622.857 1327.23 3716
616.523 1327.23 3716
608.71 1324.02 3707
601.09 1321.16 3699
594.785 1321.16 3699
588.479 1321.16 3699
580.914 1318.31 3691
574.622 1318.31 3691
568.329 1318.31 3691
562.037 1318.31 3691
555.745 1318.31 3691
549.453 1318.31 3691
543.16 1318.31 3691
536.868 1318.31 3691
530.576 1318.31 3691
524.284 1318.31 3691
517.992 1318.31 3691
511.699 1318.31 3691
505.407 1318.31 3691
499.115 1318.31 3691
491.754 1315.45 3683
485.476 1315.45 3683
479.197 1315.45 3683
471.891 1312.59 3675
465.626 1312.59 3675
459.362 1312.59 3675
452.11 1309.73 3667
443.792 1303.66 3650
437.57 1303.66 3650
431.347 1303.66 3650
425.125 1303.66 3650
417.181 1298.3 3635
410.984 1298.3 3635
404.788 1298.3 3635
398.591 1298.3 3635
392.394 1298.3 3635
385.347 1295.45 3627
379.164 1295.45 3627
371.336 1289.73 3611
365.18 1289.73 3611
356.737 1281.52 3588
350.621 1281.52 3588
343.736 1278.66 3580
332.634 1259.73 3527
323.844 1249.02 3497
317.882 1249.02 3497
-10.4692 160.368 449
-11.2346 160.368 449
-12.0001 160.368 449
-12.7371 160.011 448
-13.5008 160.011 448
-14.2327 159.654 447
-14.9947 159.654 447
-15.7215 159.297 446
-16.4079 158.582 444
-17.0488 157.511 441
-17.7199 156.797 439
-18.4683 156.797 439
-19.2167 156.797 439
-19.9196 156.439 438
-20.6662 156.439 438
-21.4129 156.439 438
-22.0584 155.725 436
-22.6971 155.011 434
-30.4841 149.653 419
-31.1984 149.653 419
-31.9127 149.653 419
-32.627 149.653 419
-33.3413 149.653 419
-33.9743 149.296 418
-34.6039 148.939 417
-35.1454 148.225 415
-35.7664 147.867 414
-36.4722 147.867 414
-37.0882 147.51 413
-37.7922 147.51 413
-38.4031 147.153 412
-39.1054 147.153 412
-39.8078 147.153 412
-40.3135 146.439 410
-40.9124 146.082 409
-41.6097 146.082 409
-42.2035 145.724 408
-42.7939 145.367 407
-43.3808 145.01 406
-43.9644 144.653 405
-44.6548 144.653 405
-45.2333 144.296 404
-45.8083 143.939 403
-46.38 143.581 402
-47.0653 143.581 402
-47.6318 143.224 401
-48.3154 143.224 401
-48.8768 142.867 400
-49.5587 142.867 400
-50.2406 142.867 400
-50.9225 142.867 400
-51.4754 142.51 399
-52.1556 142.51 399
-52.8358 142.51 399
-53.516 142.51 399
-54.0604 142.153 398
-54.7389 142.153 398
-55.4173 142.153 398
-55.9549 141.796 397
-56.6317 141.796 397
-57.1641 141.438 396
-57.8392 141.438 396
-58.5143 141.438 396
-59.0399 141.081 395
-59.5621 140.724 394
-60.2338 140.724 394
-68.6405 141.438 396
-69.3156 141.438 396
-70.3441 142.153 398
-71.2011 142.51 399
-71.8813 142.51 399
-72.7433 142.867 400
-73.4252 142.867 400
-74.1071 142.867 400
-74.789 142.867 400
-75.2822 142.51 399
-75.9624 142.51 399
-76.8347 142.867 400
-77.5166 142.867 400
-78.1985 142.867 400
-78.8804 142.867 400
-79.5623 142.867 400
-80.2442 142.867 400
-80.9261 142.867 400
-81.812 143.224 401
-82.7013 143.581 402
-83.3867 143.581 402
-84.072 143.581 402
-84.9681 143.939 403
-85.8677 144.296 404
-86.5564 144.296 404
-87.4611 144.653 405
-88.3691 145.01 406
-89.0613 145.01 406
-89.7534 145.01 406
-90.6683 145.367 407
-91.3621 145.367 407
-92.056 145.367 407
-92.9777 145.724 408
-93.9028 146.082 409
-94.6 146.082 409
-96.2293 147.51 413
-98.5763 150.01 420
-99.2923 150.01 420
-100.008 150.01 420
-100.964 150.368 421
-102.406 151.439 424
-103.129 151.439 424
-103.852 151.439 424
-105.068 152.153 426
-105.794 152.153 426
-106.521 152.153 426
-107.498 152.511 427
-108.48 152.868 428
-109.21 152.868 428
-109.939 152.868 428
-111.444 153.939 431
-112.44 154.296 432
-113.176 154.296 432
-113.912 154.296 432
-114.914 154.654 433
-115.92 155.011 434
-116.659 155.011 434
-117.67 155.368 435
-118.411 155.368 435
-119.427 155.725 436
-120.17 155.725 436
-121.191 156.082 437
-122.215 156.439 438
-122.961 156.439 438
-123.99 156.797 439
-124.739 156.797 439
-125.773 157.154 440
-126.523 157.154 440
-127.563 157.511 441
-128.314 157.511 441
-129.359 157.868 442
-130.112 157.868 442
-130.866 157.868 442
-131.917 158.225 443
-132.672 158.225 443
-133.427 158.225 443
-773.344 761.839 2133
-776.98 761.839 2133
-780.616 761.839 2133
-783.517 761.124 2131
-787.15 761.124 2131
-791.525 761.839 2133
-795.161 761.839 2133
-808.16 770.768 2158
-832.529 790.412 2213
-836.302 790.412 2213
-851.083 800.77 2242
-862.15 807.556 2261
-866.005 807.556 2261
-869.859 807.556 2261
-872.168 806.127 2257
-876.016 806.127 2257
-879.863 806.127 2257
-882.536 805.056 2254
-884.019 802.913 2248
-884.297 799.698 2239
-888.114 799.698 2239
-890.736 798.627 2236
-895.748 799.698 2239
-900.77 800.77 2242
-904.592 800.77 2242
-908.414 800.77 2242
-912.236 800.77 2242
-916.058 800.77 2242
-919.88 800.77 2242
-921.23 798.627 2236
-920.078 794.341 2224
-922.623 793.269 2221
-926.409 793.269 2221
-926.845 790.412 2213
-924.309 785.055 2198
-926.79 783.983 2195
-930.532 783.983 2195
-932.997 782.911 2192
-933.315 780.054 2184
-934.464 777.911 2178
-938.177 777.911 2178
-940.592 776.84 2175
-942.997 775.768 2172
-946.7 775.768 2172
-950.403 775.768 2172
-950.591 772.911 2164
-952.958 771.839 2161
-953.985 769.696 2155
-957.659 769.696 2155
-960.441 768.982 2153
-962.768 767.91 2150
-965.084 766.839 2147
-968.744 766.839 2147
-972.405 766.839 2147
-973.792 765.053 2142
-977.443 765.053 2142
-981.095 765.053 2142
-981.988 762.91 2136
-984.245 761.839 2133
-987.881 761.839 2133
-991.517 761.839 2133
-994.221 761.124 2131
-996.448 760.053 2128
-1000.08 760.053 2128
-1003.7 760.053 2128
-1005.91 758.981 2125
-1008.11 757.91 2122
-1011.73 757.91 2122
-1014.39 757.195 2120
-1018 757.195 2120
-1020.17 756.124 2117
-1021.36 754.338 2112
-1023.5 753.267 2109
-1025.64 752.195 2106
-1026.79 750.409 2101
-1026.44 747.552 2093
-1026.08 744.695 2085
-1029.63 744.695 2085
-1029.72 742.194 2078
-1033.26 742.194 2078
-1028.82 736.48 2062
-1032.33 736.48 2062
-1033.34 734.694 2057
-1032.81 731.837 2049
-1033.77 730.051 2044
-1037.26 730.051 2044
-1035.65 726.479 2034
-1035.54 723.979 2027
-1035.41 721.479 2020
-1038.85 721.479 2020
1771.07 1446.37 4069
1764.14 1446.37 4069
1757.2 1446.37 4069
1744.93 1453.48 4089
1737.96 1453.48 4089
1730.98 1453.48 4089
1724.01 1453.48 4089
1717.04 1453.48 4089
1705.89 1449.93 4079
1703.1 1453.48 4089
1696.13 1453.48 4089
1689.16 1453.48 4089
1665.73 1439.26 4049
1642.85 1425.4 4010
1651.93 1439.26 4049
1645.03 1439.26 4049
1638.12 1439.26 4049
1647.34 1453.48 4089
1640.37 1453.48 4089
1633.39 1453.48 4089
1254.07 1418.65 3991
1247.26 1418.65 3991
1240.46 1418.65 3991
1233.65 1418.65 3991
1221.01 1411.89 3972
1197.12 1391.99 3916
1193.18 1395.19 3925
1186.49 1395.19 3925
1185.51 1401.94 3944
1181.47 1405.14 3953
1180.38 1411.89 3972
1173.61 1411.89 3972
1175.36 1422.2 4001
1171.17 1425.4 4010
1164.33 1425.4 4010
1157.49 1425.4 4010
1145.21 1418.65 3991
1135.84 1415.45 3982
1129.05 1415.45 3982
1119.44 1411.89 3972
1112.67 1411.89 3972
1105.9 1411.89 3972
1099.13 1411.89 3972
1089.88 1408.69 3963
1083.13 1408.69 3963
1073.65 1405.14 3953
1069.61 1408.69 3963
1062.86 1408.69 3963
1063.56 1418.65 3991
1059.41 1422.2 4001
1052.59 1422.2 4001
1045.77 1422.2 4001
1036.35 1418.65 3991
1029.54 1418.65 3991
1022.74 1418.65 3991
1011.1 1411.89 3972
1004.33 1411.89 3972
1000.07 1415.45 3982
993.282 1415.45 3982
986.493 1415.45 3982
979.705 1415.45 3982
972.917 1415.45 3982
966.128 1415.45 3982
959.34 1415.45 3982
950.16 1411.89 3972
943.388 1411.89 3972
945.578 1425.4 4010
938.742 1425.4 4010
934.23 1428.96 4020
927.377 1428.96 4020
920.523 1428.96 4020
913.67 1428.96 4020
902.531 1422.2 4001
891.457 1415.45 3982
884.669 1415.45 3982
875.676 1411.89 3972
871.092 1415.45 3982
864.304 1415.45 3982
857.516 1415.45 3982
850.727 1415.45 3982
839.912 1408.69 3963
831.054 1405.14 3953
824.315 1405.14 3953
817.576 1405.14 3953
805.094 1395.19 3925
791.08 1382.39 3889
784.45 1382.39 3889
777.82 1382.39 3889
767.621 1375.99 3871
757.483 1369.59 3853
750.915 1369.59 3853
742.608 1366.39 3844
734.332 1363.2 3835
727.794 1363.2 3835
721.256 1363.2 3835
711.55 1357.15 3818
703.379 1353.95 3809
696.886 1353.95 3809
685.68 1344.71 3783
679.231 1344.71 3783
671.181 1341.51 3774
661.753 1335.47 3757
653.953 1332.63 3749
647.562 1332.63 3749
641.171 1332.63 3749
633.256 1329.43 3740
625.539 1326.58 3732
619.177 1326.58 3732
611.501 1323.74 3724
603.853 1320.9 3716
597.518 1320.9 3716
591.183 1320.9 3716
583.432 1317.7 3707
577.112 1317.7 3707
570.793 1317.7 3707
564.473 1317.7 3707
555.745 1312.01 3691
549.453 1312.01 3691
543.16 1312.01 3691
536.868 1312.01 3691
530.576 1312.01 3691
524.284 1312.01 3691
517.992 1312.01 3691
511.699 1312.01 3691
505.407 1312.01 3691
499.115 1312.01 3691
491.754 1309.16 3683
485.476 1309.16 3683
479.197 1309.16 3683
471.891 1306.32 3675
465.626 1306.32 3675
459.362 1306.32 3675
452.11 1303.48 3667
443.792 1297.43 3650
437.57 1297.43 3650
431.347 1297.43 3650
425.125 1297.43 3650
417.181 1292.1 3635
410.984 1292.1 3635
407.349 1300.28 3658
401.113 1300.28 3658
394.877 1300.28 3658
387.791 1297.43 3650
381.569 1297.43 3650
373.804 1292.1 3635
365.989 1286.42 3619
357.433 1277.88 3595
351.305 1277.88 3595
344.504 1275.4 3588
334.049 1259.04 3542
324.584 1245.89 3505
318.609 1245.89 3505
-10.4692 159.602 449
-11.2346 159.602 449
-12.0001 159.602 449
-12.7371 159.247 448
-13.5008 159.247 448
-14.2327 158.891 447
-14.9947 158.891 447
-15.7215 158.536 446
-16.4079 157.825 444
-17.0102 156.403 440
-17.7199 156.048 439
-18.4683 156.048 439
-19.2167 156.048 439
-19.9196 155.692 438
-20.6662 155.692 438
-21.4129 155.692 438
-22.0584 154.981 436
-22.6971 154.27 434
-30.4841 148.938 419
-31.1984 148.938 419
-31.9127 148.938 419
-32.627 148.938 419
-33.3413 148.938 419
-34.0555 148.938 419
-34.6039 148.227 417
-35.1454 147.517 415
-35.7664 147.161 414
-36.4722 147.161 414
-37.0882 146.806 413
-37.7922 146.806 413
-38.4031 146.45 412
-39.1054 146.45 412
-39.8078 146.45 412
-40.3135 145.739 410
-40.9124 145.384 409
-41.6097 145.384 409
-42.2035 145.028 408
-42.6887 144.317 406
-43.3808 144.317 406
-43.9644 143.962 405
-44.6548 143.962 405
-45.2333 143.606 404
-45.8083 143.251 403
-46.38 142.896 402
-47.0653 142.896 402
-47.6318 142.54 401
-48.3154 142.54 401
-48.8768 142.185 400
-49.5587 142.185 400
-50.2406 142.185 400
-50.9225 142.185 400
-51.4754 141.829 399
-52.1556 141.829 399
-52.8358 141.829 399
-53.516 141.829 399
-54.0604 141.474 398
-54.7389 141.474 398
-55.4173 141.474 398
-55.9549 141.118 397
-56.6317 141.118 397
-57.1641 140.763 396
-57.8392 140.763 396
-58.5143 140.763 396
-59.0399 140.407 395
-59.7133 140.407 395
-60.3866 140.407 395
-60.9054 140.052 394
-68.6405 140.763 396
-69.3156 140.763 396
-70.3441 141.474 398
-71.2011 141.829 399
-71.8813 141.829 399
-72.7433 142.185 400
-73.4252 142.185 400
-74.1071 142.185 400
-74.789 142.185 400
-75.2822 141.829 399
-75.9624 141.829 399
-76.8347 142.185 400
-77.5166 142.185 400
-78.1985 142.185 400
-78.8804 142.185 400
-79.5623 142.185 400
-80.2442 142.185 400
-80.9261 142.185 400
-81.812 142.54 401
-82.7013 142.896 402
-83.3867 142.896 402
-84.072 142.896 402
-84.9681 143.251 403
-85.8677 143.606 404
-86.5564 143.606 404
-87.4611 143.962 405
-88.3691 144.317 406
-89.0613 144.317 406
-89.7534 144.317 406
-90.6683 144.673 407
-91.3621 144.673 407
-92.056 144.673 407
-92.9777 145.028 408
-94.362 146.095 411
-95.0626 146.095 411
-96.4623 147.161 414
-98.5763 149.294 420
-99.2923 149.294 420
-100.008 149.294 420
-100.964 149.649 421
-102.406 150.716 424
-103.129 150.716 424
-103.852 150.716 424
-105.068 151.427 426
-105.794 151.427 426
-106.521 151.427 426
-107.498 151.782 427
-108.48 152.138 428
-109.21 152.138 428
-109.939 152.138 428
-111.444 153.204 431
-112.44 153.559 432
-113.176 153.559 432
-114.176 153.915 433
-114.914 153.915 433
-115.92 154.27 434
-116.659 154.27 434
-117.67 154.626 435
-118.411 154.626 435
-119.427 154.981 436
-120.17 154.981 436
-121.191 155.337 437
-122.215 155.692 438
-122.961 155.692 438
-123.99 156.048 439
-124.739 156.048 439
-125.773 156.403 440
-126.523 156.403 440
-127.563 156.759 441
-128.605 157.114 442
-129.359 157.114 442
-130.112 157.114 442
-131.162 157.469 443
-131.917 157.469 443
-132.672 157.469 443
-133.427 157.469 443
-773.344 758.2 2133
-776.98 758.2 2133
-780.616 758.2 2133
-783.517 757.489 2131
-787.15 757.489 2131
-791.525 758.2 2133
-795.161 758.2 2133
-808.16 767.086 2158
-832.529 786.636 2213
-836.302 786.636 2213
-851.083 796.945 2242
-862.15 803.699 2261
-866.005 803.699 2261
-869.859 803.699 2261
-872.168 802.277 2257
-876.016 802.277 2257
-879.863 802.277 2257
-882.536 801.21 2254
-884.019 799.078 2248
-884.297 795.878 2239
-888.114 795.878 2239
-890.736 794.812 2236
-895.748 795.878 2239
-900.77 796.945 2242
-904.592 796.945 2242
-908.414 796.945 2242
-912.236 796.945 2242
-916.058 796.945 2242
-919.88 796.945 2242
-921.23 794.812 2236
-920.078 790.547 2224
-922.623 789.48 2221
-926.409 789.48 2221
-926.845 786.636 2213
-924.309 781.305 2198
-926.79 780.238 2195
-930.532 780.238 2195
-932.997 779.172 2192
-933.315 776.328 2184
-934.464 774.195 2178
-938.177 774.195 2178
-940.592 773.129 2175
-942.997 772.062 2172
-946.7 772.062 2172
-950.403 772.062 2172
-951.909 770.285 2167
-952.958 768.152 2161
-955.313 767.086 2158
-958.992 767.086 2158
-961.333 766.02 2155
-964.111 765.309 2153
-967.781 765.309 2153
-971.452 765.309 2153
-972.405 763.176 2147
-976.065 763.176 2147
-978.356 762.11 2144
-982.011 762.11 2144
-984.746 761.399 2142
-987.013 760.332 2139
-987.881 758.2 2133
-991.517 758.2 2133
-994.221 757.489 2131
-997.853 757.489 2131
-1000.08 756.422 2128
-1003.7 756.422 2128
-1005.91 755.356 2125
-1008.11 754.289 2122
-1010.77 753.578 2120
-1014.39 753.578 2120
-1016.56 752.512 2117
-1018.72 751.446 2114
-1019.91 749.668 2109
-1023.5 749.668 2109
-1023.2 746.825 2101
-1024.34 745.047 2096
-1023.99 742.204 2088
-1025.09 740.426 2083
-1026.17 738.649 2078
-1026.74 736.516 2072
-1026.79 734.028 2065
-1027.82 732.251 2060
-1031.33 732.251 2060
-1029.32 728.341 2049
-1027.77 724.786 2039
-1028.72 723.009 2034
-1032.18 723.009 2034
-1033.61 721.587 2030
-1031.97 718.032 2020
-1032.85 716.255 2015
-1036.28 716.255 2015
1712.84 1442.97 4079
1705.89 1442.97 4079
1703.1 1446.51 4089
1696.13 1446.51 4089
1689.16 1446.51 4089
1665.73 1432.36 4049
1642.85 1418.56 4010
1651.93 1432.36 4049
1645.03 1432.36 4049
1638.12 1432.36 4049
1647.34 1446.51 4089
1640.37 1446.51 4089
1633.39 1446.51 4089
1234.55 1405.12 3972
1227.78 1405.12 3972
1221.01 1405.12 3972
1214.24 1405.12 3972
1207.47 1405.12 3972
1197.98 1401.93 3963
1193.93 1405.12 3972
1190.14 1408.65 3982
1189 1415.38 4001
1182.18 1415.38 4001
1180.94 1422.1 4020
1177.01 1425.63 4030
1170.14 1425.63 4030
1163.27 1425.63 4030
1153.53 1422.1 4020
1138.4 1411.84 3991
1131.6 1411.84 3991
1122.26 1408.65 3982
1112.67 1405.12 3972
1105.9 1405.12 3972
1099.13 1405.12 3972
1089.88 1401.93 3963
1083.13 1401.93 3963
1073.65 1398.4 3953
1069.61 1401.93 3963
1062.86 1401.93 3963
1063.56 1411.84 3991
1059.41 1415.38 4001
1052.59 1415.38 4001
1045.77 1415.38 4001
1036.35 1411.84 3991
1029.54 1411.84 3991
1022.74 1411.84 3991
1011.1 1405.12 3972
1004.33 1405.12 3972
1000.07 1408.65 3982
993.282 1408.65 3982
986.493 1408.65 3982
979.705 1408.65 3982
972.917 1408.65 3982
966.128 1408.65 3982
959.34 1408.65 3982
950.16 1405.12 3972
952.414 1418.56 4010
947.936 1422.1 4020
941.083 1422.1 4020
934.23 1422.1 4020
927.377 1422.1 4020
920.523 1422.1 4020
913.67 1422.1 4020
906.817 1422.1 4020
897.726 1418.56 4010
890.89 1418.56 4010
882.069 1415.38 4001
875.249 1415.38 4001
868.428 1415.38 4001
861.607 1415.38 4001
854.786 1415.38 4001
845.846 1411.84 3991
839.043 1411.84 3991
832.239 1411.84 3991
825.435 1411.84 3991
812.888 1401.93 3963
798.403 1388.49 3925
791.712 1388.49 3925
785.021 1388.49 3925
776.545 1385.31 3916
768.1 1382.12 3907
761.439 1382.12 3907
747.824 1369.39 3871
739.502 1366.2 3862
731.21 1363.02 3853
724.641 1363.02 3853
716.396 1359.84 3844
709.843 1359.84 3844
698.533 1350.64 3818
692.024 1350.64 3818
685.515 1350.64 3818
677.406 1347.45 3809
664.748 1335.07 3774
656.919 1332.24 3766
650.498 1332.24 3766
642.539 1329.06 3757
634.78 1326.23 3749
628.389 1326.23 3749
621.998 1326.23 3749
615.607 1326.23 3749
606.453 1320.22 3732
598.804 1317.39 3724
592.456 1317.39 3724
586.107 1317.39 3724
579.759 1317.39 3724
573.411 1317.39 3724
567.062 1317.39 3724
558.154 1311.37 3707
551.834 1311.37 3707
545.515 1311.37 3707
539.195 1311.37 3707
532.876 1311.37 3707
526.556 1311.37 3707
520.237 1311.37 3707
513.917 1311.37 3707
507.598 1311.37 3707
500.197 1308.54 3699
493.891 1308.54 3699
487.585 1308.54 3699
480.238 1305.71 3691
472.919 1302.88 3683
466.64 1302.88 3683
460.361 1302.88 3683
453.097 1300.05 3675
446.832 1300.05 3675
440.567 1300.05 3675
434.302 1300.05 3675
427.105 1297.22 3667
420.854 1297.22 3667
413.585 1294.04 3658
407.349 1294.04 3658
401.113 1294.04 3658
394.877 1294.04 3658
387.791 1291.21 3650
381.569 1291.21 3650
373.804 1285.9 3635
365.989 1280.24 3619
357.433 1271.75 3595
351.305 1271.75 3595
344.504 1269.27 3588
334.049 1253 3542
324.584 1239.91 3505
318.609 1239.91 3505
-10.4692 158.836 449
-11.2346 158.836 449
-12.0001 158.836 449
-12.7655 158.836 449
-13.5008 158.482 448
-14.2327 158.129 447
-14.9947 158.129 447
-15.7215 157.775 446
-16.4079 157.067 444
-17.0102 155.652 440
-17.7199 155.299 439
-18.4683 155.299 439
-19.2167 155.299 439
-19.9196 154.945 438
-20.6191 154.591 437
-21.364 154.591 437
-22.0584 154.237 436
-22.6971 153.53 434
-23.4369 153.53 434
-31.9127 148.224 419
-32.627 148.224 419
-33.3413 148.224 419
-34.0555 148.224 419
-34.6039 147.516 417
-35.1454 146.809 415
-35.7664 146.455 414
-36.4722 146.455 414
-37.0882 146.101 413
-37.7922 146.101 413
-38.4031 145.747 412
-39.1054 145.747 412
-39.7112 145.393 411
-40.2152 144.686 409
-40.8124 144.332 408
-41.4062 143.978 407
-42.1 143.978 407
-42.6887 143.625 406
-43.3808 143.625 406
-43.9644 143.271 405
-44.6548 143.271 405
-45.2333 142.917 404
-45.8083 142.563 403
-46.38 142.21 402
-47.0653 142.21 402
-47.6318 141.856 401
-48.3154 141.856 401
-48.8768 141.502 400
-49.5587 141.502 400
-50.2406 141.502 400
-50.9225 141.502 400
-51.4754 141.148 399
-52.1556 141.148 399
-52.8358 141.148 399
-53.516 141.148 399
-54.0604 140.795 398
-54.7389 140.795 398
-55.4173 140.795 398
-55.9549 140.441 397
-56.6317 140.441 397
-57.1641 140.087 396
-57.8392 140.087 396
-58.5143 140.087 396
-59.0399 139.733 395
-60.0156 140.441 397
-60.8453 140.795 398
-61.5238 140.795 398
-62.2022 140.795 398
-62.5648 140.087 396
-63.2398 140.087 396
-68.6405 140.087 396
-69.3156 140.087 396
-70.3441 140.795 398
-71.2011 141.148 399
-71.8813 141.148 399
-72.5614 141.148 399
-73.2416 141.148 399
-73.9218 141.148 399
-74.602 141.148 399
-75.2822 141.148 399
-75.9624 141.148 399
-76.8347 141.502 400
-77.5166 141.502 400
-78.1985 141.502 400
-78.8804 141.502 400
-79.5623 141.502 400
-80.2442 141.502 400
-81.1284 141.856 401
-81.812 141.856 401
-82.7013 142.21 402
-83.3867 142.21 402
-84.072 142.21 402
-85.1789 142.917 404
-85.8677 142.917 404
-86.7706 143.271 405
-87.4611 143.271 405
-88.3691 143.625 406
-89.0613 143.625 406
-89.9745 143.978 407
-90.6683 143.978 407
-91.5866 144.332 408
-92.2821 144.332 408
-93.2056 144.686 409
-94.362 145.393 411
-95.0626 145.393 411
-96.4623 146.455 414
-98.3416 148.224 419
-99.2923 148.577 420
-100.008 148.577 420
-100.964 148.931 421
-102.406 149.992 424
-103.129 149.992 424
-103.852 149.992 424
-105.068 150.7 426
-105.794 150.7 426
-106.521 150.7 426
-107.498 151.054 427
-108.48 151.407 428
-109.21 151.407 428
-109.939 151.407 428
-111.444 152.469 431
-112.44 152.822 432
-113.176 152.822 432
-114.176 153.176 433
-114.914 153.176 433
-115.92 153.53 434
-116.659 153.53 434
-117.67 153.884 435
-118.411 153.884 435
-119.427 154.237 436
-120.17 154.237 436
-121.191 154.591 437
-122.494 155.299 439
-123.242 155.299 439
-123.99 155.299 439
-125.023 155.652 440
-125.773 155.652 440
-126.523 155.652 440
-127.852 156.36 442
-128.896 156.714 443
-129.651 156.714 443
-130.407 156.714 443
-131.162 156.714 443
-131.917 156.714 443
-132.672 156.714 443
-133.427 156.714 443
-773.344 754.56 2133
-776.98 754.56 2133
-780.616 754.56 2133
-784.252 754.56 2133
-787.889 754.56 2133
-796.72 759.513 2147
-800.38 759.513 2147
-816.773 771.541 2181
-840.054 789.936 2233
-843.86 789.936 2233
-853.361 795.242 2248
-862.15 799.841 2261
-867.154 800.902 2264
-871.013 800.902 2264
-874.873 800.902 2264
-878.733 800.902 2264
-882.592 800.902 2264
-883.711 798.426 2257
-886.379 797.365 2254
-884.297 792.058 2239
-888.114 792.058 2239
-890.736 790.997 2236
-894.548 790.997 2236
-899.565 792.058 2239
-903.382 792.058 2239
-907.199 792.058 2239
-909.795 790.997 2236
-913.607 790.997 2236
-917.418 790.997 2236
-917.522 787.813 2227
-918.836 785.691 2221
-920.13 783.568 2215
-923.906 783.568 2215
-924.332 780.738 2207
-923.048 776.493 2195
-925.523 775.432 2192
-929.26 775.432 2192
-932.997 775.432 2192
-933.315 772.602 2184
-933.177 769.418 2175
-936.884 769.418 2175
-940.592 769.418 2175
-942.997 768.357 2172
-946.7 768.357 2172
-950.403 768.357 2172
-951.909 766.588 2167
-952.958 764.466 2161
-955.313 763.404 2158
-958.992 763.404 2158
-961.333 762.343 2155
-964.111 761.635 2153
-967.781 761.635 2153
-971.452 761.635 2153
-972.405 759.513 2147
-976.065 759.513 2147
-979.725 759.513 2147
-983.385 759.513 2147
-985.666 758.452 2144
-987.013 756.683 2139
-990.66 756.683 2139
-994.306 756.683 2139
-994.221 753.853 2131
-997.853 753.853 2131
-1000.08 752.792 2128
-1003.7 752.792 2128
-1005.91 751.73 2125
-1009.53 751.73 2125
-1010.77 749.962 2120
-1014.39 749.962 2120
-1016.56 748.9 2117
-1018.72 747.839 2114
-1019.91 746.07 2109
-1023.5 746.07 2109
-1023.2 743.24 2101
-1024.34 741.471 2096
-1021.54 736.873 2083
-1025.09 736.873 2083
-1026.17 735.104 2078
-1024.26 731.213 2067
-1025.3 729.444 2062
-1027.82 728.736 2060
-1031.33 728.736 2060
-1025.8 722.369 2042
-1026.76 720.6 2037
-1027.71 718.831 2032
-1031.17 718.831 2032
-1031.07 716.355 2025
-1031.97 714.586 2020
-1030.28 711.048 2010
-1033.71 711.048 2010
1703.1 1439.53 4089
1696.13 1439.53 4089
1689.16 1439.53 4089
1665.73 1425.45 4049
1642.85 1411.72 4010
1651.93 1425.45 4049
1645.03 1425.45 4049
1638.12 1425.45 4049
1221.01 1398.34 3972
1214.24 1398.34 3972
1210.51 1401.86 3982
1203.72 1401.86 3982
1196.93 1401.86 3982
1201.5 1415.24 4020
1197.62 1418.76 4030
1190.75 1418.76 4030
1183.88 1418.76 4030
1179.64 1421.93 4039
1172.75 1421.93 4039
1165.87 1421.93 4039
1158.98 1421.93 4039
1152.09 1421.93 4039
1145.21 1421.93 4039
1124.8 1405.03 3991
1117.99 1405.03 3991
1111.19 1405.03 3991
1104.39 1405.03 3991
1095.11 1401.86 3982
1088.32 1401.86 3982
1078.81 1398.34 3972
1079.87 1408.55 4001
1073.05 1408.55 4001
1068.63 1411.72 4010
1061.79 1411.72 4010
1054.95 1411.72 4010
1048.12 1411.72 4010
1041.28 1411.72 4010
1034.45 1411.72 4010
1027.61 1411.72 4010
1018.48 1408.55 4001
1009.13 1405.03 3991
1004.84 1408.55 4001
998.021 1408.55 4001
991.2 1408.55 4001
986.594 1411.72 4010
982.201 1415.24 4020
975.348 1415.24 4020
968.495 1415.24 4020
961.642 1415.24 4020
952.414 1411.72 4010
947.936 1415.24 4020
941.083 1415.24 4020
934.23 1415.24 4020
927.377 1415.24 4020
920.523 1415.24 4020
913.67 1415.24 4020
906.817 1415.24 4020
897.726 1411.72 4010
890.89 1411.72 4010
882.069 1408.55 4001
875.249 1408.55 4001
868.428 1408.55 4001
861.607 1408.55 4001
854.786 1408.55 4001
845.846 1405.03 3991
839.043 1405.03 3991
832.239 1405.03 3991
825.435 1405.03 3991
812.888 1395.17 3963
798.403 1381.79 3925
791.712 1381.79 3925
785.021 1381.79 3925
776.545 1378.63 3916
768.1 1375.46 3907
761.439 1375.46 3907
754.779 1375.46 3907
748.118 1375.46 3907
739.75 1372.29 3898
733.105 1372.29 3898
723.105 1365.95 3880
714.829 1362.78 3871
706.583 1359.61 3862
699.999 1359.61 3862
693.415 1359.61 3862
680.429 1346.94 3826
670.913 1340.96 3809
664.419 1340.96 3809
654.989 1334.97 3792
646.986 1331.8 3783
640.537 1331.8 3783
634.088 1331.8 3783
627.639 1331.8 3783
619.712 1328.63 3774
610.515 1322.65 3757
602.824 1319.83 3749
596.433 1319.83 3749
587.367 1313.85 3732
581.004 1313.85 3732
574.642 1313.85 3732
568.28 1313.85 3732
560.714 1311.03 3724
553.174 1308.22 3716
546.839 1308.22 3716
540.505 1308.22 3716
534.17 1308.22 3716
527.835 1308.22 3716
521.5 1308.22 3716
515.165 1308.22 3716
508.83 1308.22 3716
501.278 1305.05 3707
494.959 1305.05 3707
488.639 1305.05 3707
481.279 1302.23 3699
473.946 1299.41 3691
467.654 1299.41 3691
461.361 1299.41 3691
455.069 1299.41 3691
448.777 1299.41 3691
441.526 1296.6 3683
435.247 1296.6 3683
428.969 1296.6 3683
421.772 1293.78 3675
415.507 1293.78 3675
409.242 1293.78 3675
402.1 1290.96 3667
394.877 1287.8 3658
388.641 1287.8 3658
382.405 1287.8 3658
375.346 1284.98 3650
365.989 1274.07 3619
359.024 1271.25 3611
352.868 1271.25 3611
344.504 1263.15 3588
334.049 1246.96 3542
324.584 1233.93 3505
318.609 1233.93 3505
-10.4692 158.07 449
-11.2346 158.07 449
-12.0001 158.07 449
-12.7655 158.07 449
-13.5309 158.07 449
-14.2645 157.718 448
-15.0283 157.718 448
-15.7567 157.366 447
-16.4079 156.31 444
-17.0102 154.902 440
-17.7199 154.55 439
-18.4683 154.55 439
-19.2167 154.55 439
-19.8741 153.846 437
-20.6191 153.846 437
-21.364 153.846 437
-22.0584 153.494 436
-22.6971 152.789 434
-23.4369 152.789 434
-24.1768 152.789 434
-31.9127 147.509 419
-32.627 147.509 419
-33.3413 147.509 419
-34.0555 147.509 419
-34.6039 146.805 417
-35.2301 146.453 416
-35.8528 146.1 415
-36.5603 146.1 415
-37.0882 145.396 413
-37.7922 145.396 413
-38.4031 145.044 412
-39.1054 145.044 412
-39.7112 144.692 411
-40.3135 144.34 410
-40.8124 143.636 408
-41.5079 143.636 408
-42.1 143.284 407
-42.6887 142.932 406
-43.3808 142.932 406
-43.9644 142.58 405
-44.6548 142.58 405
-45.2333 142.228 404
-45.8083 141.876 403
-46.2646 141.172 401
-46.9482 141.172 401
-47.6318 141.172 401
-48.1949 140.82 400
-48.8768 140.82 400
-49.5587 140.82 400
-50.2406 140.82 400
-50.7952 140.468 399
-51.4754 140.468 399
-52.1556 140.468 399
-52.8358 140.468 399
-53.3819 140.116 398
-54.0604 140.116 398
-54.7389 140.116 398
-55.4173 140.116 398
-55.9549 139.764 397
-56.6317 139.764 397
-57.1641 139.412 396
-57.8392 139.412 396
-58.5143 139.412 396
-59.0399 139.059 395
-60.0156 139.764 397
-60.8453 140.116 398
-61.5238 140.116 398
-62.2022 140.116 398
-62.5648 139.412 396
-63.2398 139.412 396
-63.7535 139.059 395
-64.2638 138.707 394
-64.9354 138.707 394
-65.6071 138.707 394
-66.2788 138.707 394
-66.9505 138.707 394
-67.9654 139.412 396
-68.6405 139.412 396
-69.3156 139.412 396
-70.3441 140.116 398
-71.2011 140.468 399
-71.8813 140.468 399
-72.5614 140.468 399
-73.2416 140.468 399
-73.9218 140.468 399
-74.602 140.468 399
-75.2822 140.468 399
-75.9624 140.468 399
-76.6426 140.468 399
-77.3228 140.468 399
-78.1985 140.82 400
-78.8804 140.82 400
-79.5623 140.82 400
-80.2442 140.82 400
-81.1284 141.172 401
-81.812 141.172 401
-82.7013 141.524 402
-83.3867 141.524 402
-84.2811 141.876 403
-85.1789 142.228 404
-85.8677 142.228 404
-86.7706 142.58 405
-87.677 142.932 406
-88.5868 143.284 407
-89.2806 143.284 407
-89.9745 143.284 407
-91.1138 143.988 409
-92.0356 144.34 410
-92.7345 144.34 410
-93.6613 144.692 411
-94.8212 145.396 413
-95.5252 145.396 413
-96.6953 146.1 415
-98.1069 147.157 418
-99.0559 147.509 419
-99.7702 147.509 419
-100.964 148.213 421
-102.165 148.917 423
-102.886 148.917 423
-103.852 149.269 424
-105.068 149.973 426
-105.794 149.973 426
-106.521 149.973 426
-107.498 150.325 427
-108.48 150.677 428
-109.21 150.677 428
-110.196 151.029 429
-111.444 151.733 431
-112.44 152.085 432
-113.176 152.085 432
-114.176 152.437 433
-114.914 152.437 433
-115.92 152.789 434
-116.659 152.789 434
-117.67 153.141 435
-118.411 153.141 435
-119.427 153.494 436
-120.17 153.494 436
-121.191 153.846 437
-122.494 154.55 439
-123.242 154.55 439
-123.99 154.55 439
-125.023 154.902 440
-125.773 154.902 440
-126.523 154.902 440
-127.852 155.606 442
-128.896 155.958 443
-129.651 155.958 443
-130.407 155.958 443
-131.162 155.958 443
-131.917 155.958 443
-132.672 155.958 443
-772.955 754.09 2142
-776.607 754.09 2142
-780.258 754.09 2142
-783.91 754.09 2142
-787.562 754.09 2142
-791.952 754.794 2144
-808.224 766.763 2178
-811.937 766.763 2178
-836.247 786.126 2233
-845.696 791.407 2248
-849.529 791.407 2248
-855.639 793.519 2254
-865.582 799.152 2270
-869.452 799.152 2270
-873.322 799.152 2270
-877.192 799.152 2270
-881.061 799.152 2270
-884.931 799.152 2270
-885.277 795.984 2261
-886.379 793.519 2254
-884.297 788.238 2239
-888.114 788.238 2239
-890.736 787.182 2236
-892.147 785.07 2230
-897.154 786.126 2233
-900.961 786.126 2233
-904.767 786.126 2233
-908.574 786.126 2233
-912.381 786.126 2233
-916.188 786.126 2233
-917.522 784.014 2227
-916.354 779.789 2215
-918.053 778.029 2210
-921.821 778.029 2210
-924.332 776.973 2207
-921.786 771.692 2192
-925.523 771.692 2192
-929.26 771.692 2192
-931.72 770.636 2189
-933.315 768.876 2184
-933.177 765.707 2175
-936.884 765.707 2175
-940.592 765.707 2175
-942.997 764.651 2172
-946.7 764.651 2172
-950.403 764.651 2172
-951.909 762.891 2167
-954.281 761.835 2164
-955.313 759.722 2158
-958.992 759.722 2158
-961.333 758.666 2155
-964.111 757.962 2153
-967.781 757.962 2153
-971.452 757.962 2153
-972.405 755.85 2147
-976.065 755.85 2147
-979.725 755.85 2147
-983.385 755.85 2147
-985.666 754.794 2144
-987.013 753.034 2139
-990.66 753.034 2139
-994.306 753.034 2139
-994.221 750.217 2131
-997.853 750.217 2131
-1000.08 749.161 2128
-1003.7 749.161 2128
-1005.91 748.105 2125
-1009.53 748.105 2125
-1010.77 746.345 2120
-1014.39 746.345 2120
-1016.56 745.288 2117
-1018.72 744.232 2114
-1018.46 741.416 2106
-1022.05 741.416 2106
-1023.2 739.656 2101
-1024.34 737.895 2096
-1021.54 733.319 2083
-1025.09 733.319 2083
-1026.17 731.559 2078
-1024.26 727.686 2067
-1025.3 725.926 2062
-1027.82 725.222 2060
-1031.33 725.222 2060
-1025.8 718.885 2042
-1026.76 717.125 2037
-1027.71 715.364 2032
-1031.17 715.364 2032
-1031.07 712.9 2025
-1031.97 711.14 2020
-1030.28 707.619 2010
-1033.71 707.619 2010
1221.01 1391.56 3972
1217.3 1395.07 3982
1233.92 1422.04 4059
1227 1422.04 4059
1220.08 1422.04 4059
1213.16 1422.04 4059
1206.24 1422.04 4059
1199.32 1422.04 4059
1201.21 1432.55 4089
1194.24 1432.55 4089
1187.27 1432.55 4089
1180.3 1432.55 4089
1173.33 1432.55 4089
1160.65 1425.55 4069
1153.72 1425.55 4069
1141.14 1418.54 4049
1131.44 1415.04 4039
1124.55 1415.04 4039
1117.67 1415.04 4039
1110.78 1415.04 4039
1103.9 1415.04 4039
1091.85 1408.38 4020
1090.13 1415.04 4039
1083.24 1415.04 4039
1076.35 1415.04 4039
1069.47 1415.04 4039
1062.58 1415.04 4039
1055.7 1415.04 4039
1046.48 1411.88 4030
1039.61 1411.88 4030
1032.74 1411.88 4030
1023.32 1408.38 4020
1013.94 1404.88 4010
1009.61 1408.38 4020
1002.76 1408.38 4020
995.907 1408.38 4020
991.515 1411.88 4030
984.645 1411.88 4030
977.774 1411.88 4030
970.904 1411.88 4030
964.034 1411.88 4030
957.164 1411.88 4030
952.416 1415.04 4039
945.531 1415.04 4039
938.645 1415.04 4039
934.067 1418.54 4049
927.164 1418.54 4049
920.262 1418.54 4049
911.103 1415.04 4039
902.203 1411.88 4030
895.333 1411.88 4030
886.258 1408.38 4020
879.405 1408.38 4020
870.381 1404.88 4010
863.545 1404.88 4010
856.709 1404.88 4010
847.966 1401.72 4001
841.145 1401.72 4001
834.324 1401.72 4001
827.504 1401.72 4001
818.632 1398.22 3991
809.997 1395.07 3982
803.209 1395.07 3982
787.021 1378.6 3935
780.312 1378.6 3935
773.604 1378.6 3935
766.896 1378.6 3935
754.779 1368.79 3907
748.118 1368.79 3907
739.75 1365.64 3898
733.105 1365.64 3898
723.105 1359.33 3880
714.829 1356.18 3871
706.583 1353.03 3862
699.999 1353.03 3862
693.415 1353.03 3862
680.429 1340.41 3826
670.913 1334.46 3809
664.419 1334.46 3809
654.989 1328.5 3792
646.986 1325.35 3783
640.537 1325.35 3783
634.088 1325.35 3783
627.639 1325.35 3783
619.712 1322.2 3774
610.515 1316.24 3757
602.824 1313.44 3749
596.433 1313.44 3749
587.367 1307.48 3732
581.004 1307.48 3732
575.874 1310.28 3740
569.498 1310.28 3740
563.123 1310.28 3740
556.747 1310.28 3740
549.194 1307.48 3732
542.832 1307.48 3732
536.47 1307.48 3732
530.107 1307.48 3732
523.745 1307.48 3732
517.383 1307.48 3732
511.021 1307.48 3732
503.577 1304.68 3724
496.161 1301.88 3716
489.826 1301.88 3716
482.32 1298.72 3707
474.973 1295.92 3699
468.667 1295.92 3699
462.361 1295.92 3699
456.056 1295.92 3699
449.75 1295.92 3699
442.485 1293.12 3691
436.193 1293.12 3691
429.9 1293.12 3691
422.69 1290.31 3683
415.507 1287.51 3675
409.242 1287.51 3675
402.977 1287.51 3675
395.848 1284.71 3667
388.641 1281.56 3658
382.405 1281.56 3658
375.346 1278.75 3650
366.798 1270.69 3627
359.819 1267.89 3619
353.65 1267.89 3619
346.712 1265.09 3611
334.049 1240.92 3542
324.584 1227.95 3505
318.609 1227.95 3505
-10.4692 157.304 449
-11.2346 157.304 449
-12.0535 158.005 451
-12.8224 158.005 451
-13.5912 158.005 451
-14.36 158.005 451
-15.1289 158.005 451
-15.7567 156.603 447
-16.4079 155.552 444
-17.0102 154.151 440
-17.7199 153.801 439
-18.4683 153.801 439
-19.2167 153.801 439
-19.8741 153.1 437
-20.6191 153.1 437
-21.364 153.1 437
-22.0584 152.75 436
-22.6971 152.049 434
-23.4369 152.049 434
-24.1768 152.049 434
-31.9127 146.794 419
-32.627 146.794 419
-33.3413 146.794 419
-34.0555 146.794 419
-34.6039 146.093 417
-35.2301 145.743 416
-35.9392 145.743 416
-36.6484 145.743 416
-37.178 145.042 414
-37.7922 144.692 413
-38.4031 144.341 412
-39.1054 144.341 412
-39.7112 143.991 411
-40.3135 143.641 410
-40.8124 142.94 408
-41.5079 142.94 408
-42.1 142.59 407
-42.6887 142.239 406
-43.3808 142.239 406
-43.9644 141.889 405
-44.6548 141.889 405
-45.1213 141.188 403
-45.6947 140.838 402
-46.2646 140.488 401
-46.9482 140.488 401
-47.513 140.137 400
-48.1949 140.137 400
-48.8768 140.137 400
-49.5587 140.137 400
-50.115 139.787 399
-50.7952 139.787 399
-51.4754 139.787 399
-52.0249 139.437 398
-52.7034 139.437 398
-53.3819 139.437 398
-54.0604 139.437 398
-54.7389 139.437 398
-55.4173 139.437 398
-55.9549 139.086 397
-56.6317 139.086 397
-57.3085 139.086 397
-57.9852 139.086 397
-58.5143 138.736 396
-59.0399 138.386 395
-60.0156 139.086 397
-60.8453 139.437 398
-61.5238 139.437 398
-62.2022 139.437 398
-62.5648 138.736 396
-63.2398 138.736 396
-63.7535 138.386 395
-64.2638 138.035 394
-64.9354 138.035 394
-65.6071 138.035 394
-66.2788 138.035 394
-66.9505 138.035 394
-67.9654 138.736 396
-68.6405 138.736 396
-69.3156 138.736 396
-70.1674 139.086 397
-71.0226 139.437 398
-71.7011 139.437 398
-72.5614 139.787 399
-73.2416 139.787 399
-73.9218 139.787 399
-74.602 139.787 399
-75.2822 139.787 399
-75.9624 139.787 399
-76.8347 140.137 400
-77.5166 140.137 400
-78.1985 140.137 400
-78.8804 140.137 400
-79.5623 140.137 400
-80.2442 140.137 400
-81.1284 140.488 401
-81.812 140.488 401
-82.7013 140.838 402
-83.3867 140.838 402
-84.2811 141.188 403
-85.3898 141.889 405
-86.0802 141.889 405
-86.9849 142.239 406
-87.677 142.239 406
-88.5868 142.59 407
-89.2806 142.59 407
-90.4166 143.29 409
-91.3366 143.641 410
-92.0356 143.641 410
-93.1869 144.341 412
-94.1171 144.692 413
-95.2803 145.392 415
-95.9878 145.392 415
-96.9283 145.743 416
-98.1069 146.443 418
-99.0559 146.794 419
-99.7702 146.794 419
-100.724 147.144 420
-102.165 148.195 423
-102.886 148.195 423
-103.852 148.546 424
-105.068 149.246 426
-105.794 149.246 426
-106.521 149.246 426
-107.498 149.597 427
-108.48 149.947 428
-109.21 149.947 428
-110.196 150.297 429
-111.444 150.998 431
-112.44 151.348 432
-113.176 151.348 432
-114.176 151.699 433
-114.914 151.699 433
-115.92 152.049 434
-116.659 152.049 434
-117.67 152.399 435
-118.411 152.399 435
-119.153 152.399 435
-120.17 152.75 436
-121.191 153.1 437
-122.494 153.801 439
-123.242 153.801 439
-124.273 154.151 440
-125.023 154.151 440
-126.059 154.501 441
-126.811 154.501 441
-128.141 155.202 443
-128.896 155.202 443
-129.651 155.202 443
-130.407 155.202 443
-131.162 155.202 443
-779.812 757.092 2161
-783.495 757.092 2161
-787.179 757.092 2161
-788.668 754.99 2155
-796.753 759.194 2167
-804.511 763.048 2178
-808.224 763.048 2178
-823.866 774.259 2210
-844.111 789.674 2254
-851.716 793.177 2264
-855.575 793.177 2264
-861.712 795.279 2270
-865.582 795.279 2270
-870.601 796.33 2273
-874.476 796.33 2273
-878.351 796.33 2273
-882.226 796.33 2273
-886.101 796.33 2273
-886.452 793.177 2264
-886.379 789.674 2254
-885.482 785.47 2242
-889.304 785.47 2242
-890.736 783.367 2236
-892.147 781.265 2230
-895.949 781.265 2230
-899.75 781.265 2230
-903.552 781.265 2230
-908.574 782.316 2233
-912.381 782.316 2233
-916.188 782.316 2233
-917.522 780.214 2227
-916.354 776.01 2215
-916.807 773.208 2207
-920.569 773.208 2207
-923.075 772.156 2204
-921.786 767.952 2192
-924.256 766.901 2189
-927.988 766.901 2189
-930.443 765.85 2186
-933.315 765.15 2184
-933.177 761.997 2175
-936.884 761.997 2175
-939.295 760.946 2172
-942.997 760.946 2172
-945.393 759.895 2169
-949.09 759.895 2169
-951.909 759.194 2167
-954.281 758.143 2164
-955.313 756.041 2158
-958.992 756.041 2158
-961.333 754.99 2155
-964.111 754.289 2153
-967.781 754.289 2153
-971.452 754.289 2153
-972.405 752.187 2147
-976.065 752.187 2147
-979.725 752.187 2147
-983.385 752.187 2147
-985.666 751.136 2144
-987.013 749.384 2139
-990.66 749.384 2139
-994.306 749.384 2139
-995.154 747.282 2133
-997.853 746.581 2131
-1000.08 745.53 2128
-1003.7 745.53 2128
-1005.91 744.479 2125
-1009.53 744.479 2125
-1010.77 742.728 2120
-1014.39 742.728 2120
-1016.56 741.677 2117
-1018.72 740.626 2114
-1019.91 738.874 2109
-1023.5 738.874 2109
-1023.2 736.071 2101
-1024.34 734.319 2096
-1021.54 729.765 2083
-1025.09 729.765 2083
-1026.17 728.013 2078
-1024.26 724.159 2067
-1025.3 722.408 2062
-1027.82 721.707 2060
-1031.33 721.707 2060
-1025.8 715.401 2042
-1026.76 713.649 2037
-1027.71 711.897 2032
-1031.17 711.897 2032
-1031.07 709.445 2025
-1031.97 707.693 2020
-1030.28 704.19 2010
-1033.71 704.19 2010
1221.01 1384.79 3972
1217.3 1388.27 3982
1233.92 1415.12 4059
1227 1415.12 4059
1220.08 1415.12 4059
1213.16 1415.12 4059
1206.24 1415.12 4059
1199.32 1415.12 4059
1201.21 1425.58 4089
1194.24 1425.58 4089
1187.27 1425.58 4089
1180.3 1425.58 4089
1173.33 1425.58 4089
1160.65 1418.6 4069
1153.72 1418.6 4069
1141.14 1411.63 4049
1145.44 1425.58 4089
1138.47 1425.58 4089
1131.5 1425.58 4089
1124.53 1425.58 4089
1117.56 1425.58 4089
1105.16 1418.6 4069
1098.22 1418.6 4069
1091.29 1418.6 4069
1089.68 1425.58 4089
1082.71 1425.58 4089
1075.74 1425.58 4089
1066.15 1422.09 4079
1059.2 1422.09 4079
1052.25 1422.09 4079
1045.29 1422.09 4079
1038.34 1422.09 4079
1026.33 1415.12 4059
1019.41 1415.12 4059
1014.98 1418.6 4069
1008.05 1418.6 4069
1001.11 1418.6 4069
994.173 1418.6 4069
987.237 1418.6 4069
977.891 1415.12 4059
968.579 1411.63 4049
959.302 1408.15 4039
954.774 1411.63 4049
947.872 1411.63 4049
943.293 1415.12 4059
936.374 1415.12 4059
929.454 1415.12 4059
922.534 1415.12 4059
915.615 1415.12 4059
906.456 1411.63 4049
899.554 1411.63 4049
890.447 1408.15 4039
883.561 1408.15 4039
874.722 1405.01 4030
867.852 1405.01 4030
860.982 1405.01 4030
854.112 1405.01 4030
845.14 1401.52 4020
838.286 1401.52 4020
831.433 1401.52 4020
818.632 1391.41 3991
811.828 1391.41 3991
805.025 1391.41 3991
798.221 1391.41 3991
791.417 1391.41 3991
782.844 1388.27 3982
776.056 1388.27 3982
769.268 1388.27 3982
755.203 1375.02 3944
748.479 1375.02 3944
741.756 1375.02 3944
731.491 1368.4 3925
724.8 1368.4 3925
718.109 1368.4 3925
711.418 1368.4 3925
703.111 1365.26 3916
690.033 1352.71 3880
678.663 1343.3 3853
672.094 1343.3 3853
660.862 1333.89 3826
654.34 1333.89 3826
646.463 1331.1 3818
639.954 1331.1 3818
631.952 1327.96 3809
623.981 1324.82 3800
614.74 1318.89 3783
608.291 1318.89 3783
600.411 1315.76 3774
592.718 1312.97 3766
583.651 1307.04 3749
575.874 1303.9 3740
569.498 1303.9 3740
563.123 1303.9 3740
556.747 1303.9 3740
549.194 1301.11 3732
542.832 1301.11 3732
536.47 1301.11 3732
530.107 1301.11 3732
523.745 1301.11 3732
517.383 1301.11 3732
511.021 1301.11 3732
503.577 1298.32 3724
496.161 1295.54 3716
489.826 1295.54 3716
482.32 1292.4 3707
474.973 1289.61 3699
468.667 1289.61 3699
462.361 1289.61 3699
456.056 1289.61 3699
449.75 1289.61 3699
442.485 1286.82 3691
436.193 1286.82 3691
429.9 1286.82 3691
422.69 1284.03 3683
415.507 1281.24 3675
409.242 1281.24 3675
402.977 1281.24 3675
395.848 1278.45 3667
389.597 1278.45 3667
383.346 1278.45 3667
375.346 1272.53 3650
369.124 1272.53 3650
359.819 1261.72 3619
353.65 1261.72 3619
346.712 1258.93 3611
334.049 1234.87 3542
324.584 1221.97 3505
318.609 1221.97 3505
-11.2346 156.538 449
-12.0535 157.235 451
-12.8224 157.235 451
-13.5912 157.235 451
-14.36 157.235 451
-15.1289 157.235 451
-15.7567 155.841 447
-17.6392 152.354 437
-18.3841 152.354 437
-19.1291 152.354 437
-19.8741 152.354 437
-20.5719 152.006 436
-21.3151 152.006 436
-22.0078 151.657 435
-22.6971 151.309 434
-23.4369 151.309 434
-24.1768 151.309 434
-31.9127 146.079 419
-32.627 146.079 419
-33.3413 146.079 419
-34.0555 146.079 419
-34.6039 145.382 417
-35.3147 145.382 417
-36.0256 145.382 417
-36.6484 145.033 416
-37.178 144.336 414
-37.7922 143.987 413
-38.4031 143.639 412
-39.1054 143.639 412
-39.7112 143.29 411
-40.3135 142.941 410
-40.8124 142.244 408
-41.5079 142.244 408
-42.1 141.895 407
-42.6887 141.547 406
-43.274 141.198 405
-43.8559 140.849 404
-44.5446 140.849 404
-45.0094 140.152 402
-45.581 139.803 401
-46.2646 139.803 401
-46.9482 139.803 401
-47.513 139.455 400
-48.1949 139.455 400
-48.7546 139.106 399
-49.4348 139.106 399
-50.115 139.106 399
-50.7952 139.106 399
-51.3464 138.758 398
-52.0249 138.758 398
-52.7034 138.758 398
-53.3819 138.758 398
-54.0604 138.758 398
-54.7389 138.758 398
-55.4173 138.758 398
-55.9549 138.409 397
-56.6317 138.409 397
-57.3085 138.409 397
-57.9852 138.409 397
-58.5143 138.06 396
-59.0399 137.712 395
-60.0156 138.409 397
-60.6924 138.409 397
-61.3692 138.409 397
-62.046 138.409 397
-62.5648 138.06 396
-63.2398 138.06 396
-63.7535 137.712 395
-64.4269 137.712 395
-65.1003 137.712 395
-65.9401 138.06 396
-66.6152 138.06 396
-67.2903 138.06 396
-68.137 138.409 397
-68.8138 138.409 397
-69.4906 138.409 397
-70.3441 138.758 398
-71.0226 138.758 398
-71.7011 138.758 398
-72.5614 139.106 399
-73.2416 139.106 399
-73.9218 139.106 399
-74.602 139.106 399
-75.2822 139.106 399
-75.9624 139.106 399
-76.8347 139.455 400
-77.5166 139.455 400
-78.1985 139.455 400
-78.8804 139.455 400
-79.5623 139.455 400
-80.2442 139.455 400
-81.1284 139.803 401
-81.812 139.803 401
-82.7013 140.152 402
-83.3867 140.152 402
-84.2811 140.501 403
-85.3898 141.198 405
-86.0802 141.198 405
-86.9849 141.547 406
-87.677 141.547 406
-88.5868 141.895 407
-89.2806 141.895 407
-90.4166 142.593 409
-91.3366 142.941 410
-92.0356 142.941 410
-93.1869 143.639 412
-94.1171 143.987 413
-95.5099 145.033 416
-96.2191 145.033 416
-97.3943 145.73 418
-98.3416 146.079 419
-99.0559 146.079 419
-100.008 146.428 420
-100.964 146.776 421
-102.165 147.474 423
-102.886 147.474 423
-103.852 147.822 424
-105.068 148.519 426
-105.794 148.519 426
-106.521 148.519 426
-107.498 148.868 427
-108.48 149.217 428
-109.21 149.217 428
-110.196 149.565 429
-111.444 150.263 431
-112.44 150.611 432
-113.176 150.611 432
-114.176 150.96 433
-114.914 150.96 433
-115.92 151.309 434
-116.659 151.309 434
-117.67 151.657 435
-118.684 152.006 436
-119.427 152.006 436
-120.446 152.354 437
-121.468 152.703 438
-122.773 153.4 440
-123.523 153.4 440
-124.273 153.4 440
-125.307 153.749 441
-126.345 154.098 442
-127.098 154.098 442
-128.141 154.446 443
-129.187 154.795 444
-129.944 154.795 444
-130.701 154.795 444
-131.458 154.795 444
-132.215 154.795 444
-779.812 753.405 2161
-783.495 753.405 2161
-787.179 753.405 2161
-788.668 751.313 2155
-796.753 755.497 2167
-804.511 759.332 2178
-808.224 759.332 2178
-823.866 770.488 2210
-844.111 785.828 2254
-851.716 789.314 2264
-855.575 789.314 2264
-861.712 791.406 2270
-865.582 791.406 2270
-870.601 792.452 2273
-874.476 792.452 2273
-878.351 792.452 2273
-882.226 792.452 2273
-886.101 792.452 2273
-886.452 789.314 2264
-886.379 785.828 2254
-885.482 781.644 2242
-889.304 781.644 2242
-889.541 778.507 2233
-892.147 777.461 2230
-895.949 777.461 2230
-899.75 777.461 2230
-903.552 777.461 2230
-908.574 778.507 2233
-912.381 778.507 2233
-916.188 778.507 2233
-917.522 776.415 2227
-916.354 772.231 2215
-916.807 769.442 2207
-920.569 769.442 2207
-923.075 768.396 2204
-921.786 764.213 2192
-924.256 763.167 2189
-927.988 763.167 2189
-930.443 762.121 2186
-933.315 761.424 2184
-933.177 758.286 2175
-936.884 758.286 2175
-939.295 757.24 2172
-942.997 757.24 2172
-945.393 756.194 2169
-949.09 756.194 2169
-951.909 755.497 2167
-954.281 754.451 2164
-953.985 751.313 2155
-957.659 751.313 2155
-960.441 750.616 2153
-964.111 750.616 2153
-967.781 750.616 2153
-971.452 750.616 2153
-972.405 748.524 2147
-976.065 748.524 2147
-978.356 747.478 2144
-982.011 747.478 2144
-985.666 747.478 2144
-987.013 745.735 2139
-990.66 745.735 2139
-994.306 745.735 2139
-995.154 743.643 2133
-997.853 742.946 2131
-1000.08 741.9 2128
-1003.7 741.9 2128
-1005.91 740.854 2125
-1008.11 739.808 2122
-1009.34 738.065 2117
-1012.95 738.065 2117
-1016.56 738.065 2117
-1018.72 737.019 2114
-1019.91 735.276 2109
-1023.5 735.276 2109
-1021.74 731.441 2098
-1024.34 730.743 2096
-1020.07 725.165 2080
-1023.61 725.165 2080
-1023.21 722.376 2072
-1024.26 720.633 2067
-1024.31 718.193 2060
-1027.82 718.193 2060
-1024.82 713.66 2047
-1025.8 711.917 2042
-1025.25 709.128 2034
-1027.71 708.431 2032
-1031.17 708.431 2032
-1031.07 705.99 2025
-1031.97 704.247 2020
-1029.26 700.063 2008
-1032.68 700.063 2008
1217.3 1381.48 3982
1236.96 1411.66 4069
1230.02 1411.66 4069
1223.08 1411.66 4069
1219.13 1415.13 4079
1215.15 1418.6 4089
1208.18 1418.6 4089
1201.21 1418.6 4089
1194.24 1418.6 4089
1187.27 1418.6 4089
1180.3 1418.6 4089
1173.33 1418.6 4089
1166.36 1418.6 4089
1159.39 1418.6 4089
1152.42 1418.6 4089
1145.44 1418.6 4089
1138.47 1418.6 4089
1131.5 1418.6 4089
1124.53 1418.6 4089
1117.56 1418.6 4089
1105.16 1411.66 4069
1098.22 1411.66 4069
1091.29 1411.66 4069
1089.68 1418.6 4089
1082.71 1418.6 4089
1075.74 1418.6 4089
1066.15 1415.13 4079
1059.2 1415.13 4079
1052.25 1415.13 4079
1045.29 1415.13 4079
1038.34 1415.13 4079
1026.33 1408.19 4059
1019.41 1408.19 4059
1014.98 1411.66 4069
1008.05 1411.66 4069
1001.11 1411.66 4069
994.173 1411.66 4069
987.237 1411.66 4069
977.891 1408.19 4059
970.971 1408.19 4059
964.052 1408.19 4059
961.848 1415.13 4079
954.895 1415.13 4079
950.265 1418.6 4089
943.294 1418.6 4089
936.324 1418.6 4089
929.353 1418.6 4089
922.382 1418.6 4089
913.173 1415.13 4079
906.219 1415.13 4079
892.651 1404.72 4049
885.749 1404.72 4049
878.846 1404.72 4049
871.944 1404.72 4049
862.905 1401.25 4039
856.019 1401.25 4039
847.242 1398.13 4030
840.372 1398.13 4030
833.502 1398.13 4030
822.529 1391.19 4010
811.828 1384.6 3991
805.025 1384.6 3991
798.221 1384.6 3991
791.417 1384.6 3991
784.614 1384.6 3991
777.81 1384.6 3991
769.268 1381.48 3982
762.479 1381.48 3982
752.085 1374.89 3963
745.329 1374.89 3963
736.71 1371.42 3953
729.971 1371.42 3953
719.939 1365.17 3935
713.231 1365.17 3935
706.522 1365.17 3935
696.435 1358.58 3916
683.418 1346.09 3880
676.804 1346.09 3880
665.526 1336.73 3853
657.418 1333.6 3844
649.341 1330.48 3835
642.804 1330.48 3835
636.266 1330.48 3835
626.937 1324.58 3818
618.965 1321.46 3809
612.472 1321.46 3809
603.274 1315.56 3792
595.393 1312.44 3783
587.543 1309.32 3774
581.109 1309.32 3774
573.457 1306.54 3766
564.478 1300.64 3749
558.087 1300.64 3749
551.696 1300.64 3749
545.304 1300.64 3749
538.913 1300.64 3749
531.244 1297.52 3740
524.868 1297.52 3740
518.492 1297.52 3740
512.117 1297.52 3740
505.741 1297.52 3740
499.365 1297.52 3740
491.935 1294.75 3732
484.532 1291.97 3724
477.156 1289.2 3716
469.681 1286.07 3707
463.361 1286.07 3707
456.056 1283.3 3699
449.75 1283.3 3699
443.444 1283.3 3699
437.138 1283.3 3699
430.832 1283.3 3699
424.526 1283.3 3699
416.411 1277.75 3683
410.133 1277.75 3683
402.977 1274.97 3675
395.848 1272.2 3667
389.597 1272.2 3667
383.346 1272.2 3667
375.346 1266.3 3650
369.124 1266.3 3650
359.819 1255.54 3619
353.65 1255.54 3619
346.712 1252.77 3611
-12.0535 156.466 451
-12.8224 156.466 451
-13.5912 156.466 451
-14.36 156.466 451
-15.1289 156.466 451
-18.3841 151.609 437
-19.1291 151.609 437
-19.8741 151.609 437
-20.5719 151.262 436
-21.3151 151.262 436
-22.0584 151.262 436
-22.7494 150.915 435
-23.4369 150.568 434
-24.1768 150.568 434
-32.5491 145.017 418
-33.2617 145.017 418
-33.9743 145.017 418
-34.6039 144.67 417
-35.3147 144.67 417
-36.0256 144.67 417
-36.6484 144.323 416
-37.178 143.629 414
-37.7922 143.283 413
-38.4031 142.936 412
-39.1054 142.936 412
-39.7112 142.589 411
-40.3135 142.242 410
-40.8124 141.548 408
-41.5079 141.548 408
-42.1 141.201 407
-42.6887 140.854 406
-43.274 140.507 405
-43.8559 140.16 404
-44.5446 140.16 404
-45.0094 139.466 402
-45.581 139.119 401
-46.2646 139.119 401
-46.9482 139.119 401
-47.513 138.772 400
-48.1949 138.772 400
-48.7546 138.425 399
-49.4348 138.425 399
-50.115 138.425 399
-50.7952 138.425 399
-51.3464 138.079 398
-52.0249 138.079 398
-52.7034 138.079 398
-53.3819 138.079 398
-54.0604 138.079 398
-54.7389 138.079 398
-55.4173 138.079 398
-55.9549 137.732 397
-56.6317 137.732 397
-57.3085 137.732 397
-57.9852 137.732 397
-58.662 137.732 397
-59.0399 137.038 395
-60.0156 137.732 397
-60.6924 137.732 397
-61.3692 137.732 397
-62.046 137.732 397
-62.5648 137.385 396
-63.2398 137.385 396
-63.7535 137.038 395
-64.59 137.385 396
-65.2651 137.385 396
-65.9401 137.385 396
-66.6152 137.385 396
-67.4602 137.732 397
-68.137 137.732 397
-68.8138 137.732 397
-69.4906 137.732 397
-70.3441 138.079 398
-71.0226 138.079 398
-71.7011 138.079 398
-72.5614 138.425 399
-73.2416 138.425 399
-73.9218 138.425 399
-74.602 138.425 399
-75.2822 138.425 399
-75.9624 138.425 399
-76.8347 138.772 400
-77.5166 138.772 400
-78.1985 138.772 400
-78.8804 138.772 400
-79.5623 138.772 400
-80.2442 138.772 400
-81.1284 139.119 401
-82.016 139.466 402
-82.9071 139.813 403
-83.5941 139.813 403
-84.2811 139.813 403
-85.6006 140.854 406
-86.2928 140.854 406
-86.9849 140.854 406
-87.893 141.201 407
-88.8045 141.548 408
-89.5 141.548 408
-90.6377 142.242 410
-91.7822 142.936 412
-92.4845 142.936 412
-93.413 143.283 413
-94.345 143.629 414
-95.5099 144.323 416
-96.2191 144.323 416
-97.3943 145.017 418
-98.3416 145.364 419
-99.0559 145.364 419
-100.008 145.711 420
-100.964 146.058 421
-101.923 146.405 422
-102.643 146.405 422
-103.852 147.099 424
-105.068 147.793 426
-105.794 147.793 426
-106.521 147.793 426
-107.498 148.14 427
-108.48 148.486 428
-109.21 148.486 428
-110.196 148.833 429
-111.444 149.527 431
-112.44 149.874 432
-113.176 149.874 432
-113.912 149.874 432
-114.914 150.221 433
-115.92 150.568 434
-116.659 150.568 434
-117.67 150.915 435
-118.956 151.609 437
-119.701 151.609 437
-120.721 151.956 438
-121.745 152.303 439
-122.773 152.65 440
-123.523 152.65 440
-124.273 152.65 440
-125.307 152.997 441
-126.345 153.344 442
-127.098 153.344 442
-128.43 154.037 444
-129.187 154.037 444
-129.944 154.037 444
-130.701 154.037 444
-131.458 154.037 444
-132.215 154.037 444
-781.156 754.575 2175
-784.863 754.575 2175
-788.571 754.575 2175
-787.179 749.718 2161
-793.791 752.493 2169
-798.592 753.534 2172
-804.511 755.616 2178
-808.224 755.616 2178
-826.848 769.493 2218
-846.733 784.411 2261
-853.973 787.533 2270
-857.843 787.533 2270
-861.712 787.533 2270
-865.582 787.533 2270
-870.601 788.574 2273
-874.476 788.574 2273
-878.351 788.574 2273
-882.226 788.574 2273
-886.101 788.574 2273
-886.452 785.452 2264
-886.379 781.983 2254
-885.482 777.819 2242
-889.304 777.819 2242
-889.541 774.697 2233
-890.947 772.615 2227
-895.949 773.656 2230
-899.75 773.656 2230
-903.552 773.656 2230
-908.574 774.697 2233
-912.381 774.697 2233
-916.188 774.697 2233
-916.286 771.575 2224
-916.354 768.452 2215
-916.807 765.677 2207
-920.569 765.677 2207
-921.819 763.595 2201
-921.786 760.473 2192
-922.99 758.391 2186
-926.716 758.391 2186
-930.443 758.391 2186
-932.033 756.657 2181
-931.889 753.534 2172
-935.592 753.534 2172
-937.997 752.493 2169
-941.695 752.493 2169
-945.393 752.493 2169
-949.09 752.493 2169
-951.909 751.8 2167
-954.281 750.759 2164
-955.313 748.677 2158
-958.992 748.677 2158
-960.441 746.943 2153
-964.111 746.943 2153
-967.781 746.943 2153
-971.452 746.943 2153
-972.405 744.861 2147
-976.065 744.861 2147
-978.356 743.82 2144
-982.011 743.82 2144
-985.666 743.82 2144
-987.013 742.085 2139
-990.66 742.085 2139
-994.306 742.085 2139
-995.154 740.004 2133
-997.853 739.31 2131
-1000.08 738.269 2128
-1003.7 738.269 2128
-1005.91 737.228 2125
-1008.11 736.188 2122
-1009.34 734.453 2117
-1012.95 734.453 2117
-1016.56 734.453 2117
-1018.72 733.412 2114
-1019.91 731.678 2109
-1023.5 731.678 2109
-1020.77 727.167 2096
-1022.88 726.127 2093
-1020.07 721.617 2080
-1023.61 721.617 2080
-1023.21 718.841 2072
-1020.8 714.678 2060
-1020.33 711.902 2052
-1023.83 711.902 2052
-1022.32 708.433 2042
-1023.29 706.699 2037
-1023.23 704.27 2030
-1025.18 703.229 2027
-1027.62 702.535 2025
-1029.54 701.495 2022
-1030.43 699.76 2017
-1033.87 699.76 2017
-1031.14 695.597 2005
1239.99 1408.17 4079
1233.04 1408.17 4079
1226.09 1408.17 4079
1219.13 1408.17 4079
1215.15 1411.62 4089
1208.18 1411.62 4089
1201.21 1411.62 4089
1166.36 1411.62 4089
1159.39 1411.62 4089
1152.42 1411.62 4089
1145.44 1411.62 4089
1138.47 1411.62 4089
1131.5 1411.62 4089
1124.53 1411.62 4089
1117.56 1411.62 4089
1110.59 1411.62 4089
1103.62 1411.62 4089
1096.65 1411.62 4089
1089.68 1411.62 4089
1082.71 1411.62 4089
1075.74 1411.62 4089
1068.77 1411.62 4089
1061.8 1411.62 4089
1052.25 1408.17 4079
1045.29 1408.17 4079
1038.34 1408.17 4079
1031.39 1408.17 4079
1021.92 1404.72 4069
1014.98 1404.72 4069
1008.05 1404.72 4069
1003.57 1408.17 4079
996.617 1408.17 4079
989.663 1408.17 4079
980.3 1404.72 4069
973.364 1404.72 4069
964.052 1401.27 4059
961.848 1408.17 4079
954.895 1408.17 4079
950.265 1411.62 4089
943.294 1411.62 4089
936.324 1411.62 4089
929.353 1411.62 4089
922.382 1411.62 4089
913.173 1408.17 4079
906.219 1408.17 4079
892.651 1397.82 4049
885.749 1397.82 4049
878.846 1397.82 4049
871.944 1397.82 4049
862.905 1394.36 4039
856.019 1394.36 4039
847.242 1391.26 4030
840.372 1391.26 4030
833.502 1391.26 4030
822.529 1384.35 4010
811.828 1377.79 3991
805.025 1377.79 3991
798.221 1377.79 3991
791.417 1377.79 3991
784.614 1377.79 3991
777.81 1377.79 3991
771.006 1377.79 3991
764.203 1377.79 3991
753.793 1371.23 3972
747.022 1371.23 3972
738.573 1368.13 3963
731.818 1368.13 3963
723.232 1364.67 3953
716.493 1364.67 3953
709.754 1364.67 3953
699.814 1358.46 3935
688.174 1348.79 3907
681.514 1348.79 3907
670.19 1339.47 3880
662.036 1336.37 3871
652.389 1330.15 3853
645.821 1330.15 3853
639.252 1330.15 3853
629.728 1323.94 3835
621.728 1320.83 3826
615.206 1320.83 3826
605.979 1314.96 3809
599.485 1314.96 3809
588.944 1305.99 3783
582.495 1305.99 3783
576.046 1305.99 3783
568.242 1302.88 3774
561.808 1302.88 3774
555.375 1302.88 3774
545.304 1294.25 3749
538.913 1294.25 3749
532.522 1294.25 3749
526.131 1294.25 3749
519.74 1294.25 3749
514.444 1297.01 3757
508.04 1297.01 3757
501.635 1297.01 3757
494.176 1294.25 3749
486.614 1291.14 3740
479.211 1288.38 3732
472.848 1288.38 3732
466.486 1288.38 3732
460.124 1288.38 3732
451.817 1282.86 3716
445.482 1282.86 3716
439.147 1282.86 3716
432.812 1282.86 3716
424.526 1276.99 3699
418.22 1276.99 3699
411.915 1276.99 3699
403.854 1271.46 3683
397.576 1271.46 3683
391.297 1271.46 3683
385.018 1271.46 3683
377.917 1268.7 3675
371.652 1268.7 3675
364.592 1265.94 3667
358.341 1265.94 3667
-12.0535 155.696 451
-12.8508 156.042 452
-13.6213 156.042 452
-14.3919 156.042 452
-15.1289 155.696 451
-18.3421 150.518 436
-19.0853 150.518 436
-19.9196 151.209 438
-20.6662 151.209 438
-21.4129 151.209 438
-22.109 150.863 437
-22.7494 150.173 435
-33.1821 143.959 417
-33.893 143.959 417
-34.6039 143.959 417
-35.3147 143.959 417
-36.0256 143.959 417
-36.6484 143.614 416
-37.178 142.923 414
-37.7922 142.578 413
-38.4031 142.233 412
-39.1054 142.233 412
-39.7112 141.887 411
-40.2152 141.197 409
-40.8124 140.852 408
-41.5079 140.852 408
-41.9966 140.161 406
-42.5836 139.816 405
-43.274 139.816 405
-43.7473 139.126 403
-44.4343 139.126 403
-44.8974 138.435 401
-45.581 138.435 401
-46.1492 138.09 400
-46.8311 138.09 400
-47.513 138.09 400
-48.1949 138.09 400
-48.7546 137.745 399
-49.4348 137.745 399
-50.115 137.745 399
-50.7952 137.745 399
-51.3464 137.4 398
-52.0249 137.4 398
-52.7034 137.4 398
-53.3819 137.4 398
-54.0604 137.4 398
-54.7389 137.4 398
-55.4173 137.4 398
-55.9549 137.054 397
-56.6317 137.054 397
-57.3085 137.054 397
-57.9852 137.054 397
-58.662 137.054 397
-59.1894 136.709 396
-60.0156 137.054 397
-60.6924 137.054 397
-61.3692 137.054 397
-62.046 137.054 397
-62.5648 136.709 396
-63.2398 136.709 396
-63.9149 136.709 396
-64.59 136.709 396
-65.2651 136.709 396
-65.9401 136.709 396
-66.6152 136.709 396
-67.4602 137.054 397
-68.137 137.054 397
-68.8138 137.054 397
-69.4906 137.054 397
-70.3441 137.4 398
-71.0226 137.4 398
-71.7011 137.4 398
-72.5614 137.745 399
-73.2416 137.745 399
-73.9218 137.745 399
-74.602 137.745 399
-75.2822 137.745 399
-76.1528 138.09 400
-76.8347 138.09 400
-77.5166 138.09 400
-78.1985 138.09 400
-78.8804 138.09 400
-79.5623 138.09 400
-80.2442 138.09 400
-81.1284 138.435 401
-82.016 138.78 402
-82.9071 139.126 403
-83.5941 139.126 403
-84.2811 139.126 403
-85.6006 140.161 406
-86.2928 140.161 406
-86.9849 140.161 406
-87.893 140.507 407
-89.2398 141.542 410
-89.9387 141.542 410
-90.8587 141.887 411
-92.0049 142.578 413
-92.709 142.578 413
-93.413 142.578 413
-94.8008 143.614 416
-95.7395 143.959 417
-96.4504 143.959 417
-97.3943 144.304 418
-98.3416 144.649 419
-99.0559 144.649 419
-100.246 145.34 421
-101.204 145.685 422
-102.406 146.375 424
-103.129 146.375 424
-104.097 146.721 425
-105.068 147.066 426
-105.794 147.066 426
-106.771 147.411 427
-107.498 147.411 427
-108.48 147.756 428
-109.21 147.756 428
-110.196 148.102 429
-111.444 148.792 431
-112.44 149.137 432
-113.176 149.137 432
-114.176 149.482 433
-114.914 149.482 433
-115.92 149.828 434
-116.928 150.173 435
-118.211 150.863 437
-118.956 150.863 437
-119.701 150.863 437
-120.721 151.209 438
-121.745 151.554 439
-122.773 151.899 440
-123.523 151.899 440
-124.273 151.899 440
-125.307 152.244 441
-126.345 152.589 442
-127.098 152.589 442
-128.43 153.28 444
-129.187 153.28 444
-129.944 153.28 444
-130.701 153.28 444
-131.458 153.28 444
-132.215 153.28 444
-781.156 750.864 2175
-784.863 750.864 2175
-788.571 750.864 2175
-791.186 749.829 2172
-793.791 748.793 2169
-798.592 749.829 2172
-813.007 759.84 2201
-816.759 759.84 2201
-826.848 765.709 2218
-847.856 781.589 2264
-853.973 783.661 2270
-857.843 783.661 2270
-861.712 783.661 2270
-865.582 783.661 2270
-870.601 784.696 2273
-874.476 784.696 2273
-878.351 784.696 2273
-882.226 784.696 2273
-886.101 784.696 2273
-886.452 781.589 2264
-885.199 777.101 2251
-885.482 773.994 2242
-889.304 773.994 2242
-889.541 770.887 2233
-890.947 768.816 2227
-894.743 768.816 2227
-898.54 768.816 2227
-902.336 768.816 2227
-906.133 768.816 2227
-909.929 768.816 2227
-913.726 768.816 2227
-913.814 765.709 2218
-915.527 763.983 2213
-914.315 759.84 2201
-918.067 759.84 2201
-919.306 757.769 2195
-919.263 754.662 2186
-922.99 754.662 2186
-926.716 754.662 2186
-928.315 752.936 2181
-929.469 750.864 2175
-930.602 748.793 2169
-934.3 748.793 2169
-937.997 748.793 2169
-941.695 748.793 2169
-945.393 748.793 2169
-949.09 748.793 2169
-951.909 748.102 2167
-954.281 747.067 2164
-955.313 744.995 2158
-958.992 744.995 2158
-960.441 743.269 2153
-964.111 743.269 2153
-966.433 742.234 2150
-970.098 742.234 2150
-972.405 741.198 2147
-976.065 741.198 2147
-978.356 740.162 2144
-982.011 740.162 2144
-985.666 740.162 2144
-987.013 738.436 2139
-989.271 737.4 2136
-992.912 737.4 2136
-994.221 735.674 2131
-997.853 735.674 2131
-1000.08 734.639 2128
-1003.7 734.639 2128
-1005.91 733.603 2125
-1008.11 732.567 2122
-1009.34 730.841 2117
-1012.95 730.841 2117
-1015.12 729.805 2114
-1017.76 729.115 2112
-1018.46 727.044 2106
-1022.05 727.044 2106
-1020.77 723.591 2096
-1022.88 722.556 2093
-1021.54 719.104 2083
-1025.09 719.104 2083
-1024.69 716.342 2075
-1020.8 711.163 2060
-1020.33 708.402 2052
-1023.83 708.402 2052
-1022.32 704.949 2042
-1023.29 703.223 2037
-1023.23 700.807 2030
-1025.18 699.771 2027
-1027.62 699.081 2025
-1029.54 698.045 2022
-1030.43 696.319 2017
-1033.87 696.319 2017
-1031.14 692.176 2005
1243.03 1404.65 4089
1236.06 1404.65 4089
1229.09 1404.65 4089
1222.12 1404.65 4089
1215.15 1404.65 4089
1208.18 1404.65 4089
1201.21 1404.65 4089
1166.36 1404.65 4089
1159.39 1404.65 4089
1152.42 1404.65 4089
1145.44 1404.65 4089
1138.47 1404.65 4089
1131.5 1404.65 4089
1117.56 1404.65 4089
1110.59 1404.65 4089
1103.62 1404.65 4089
1096.65 1404.65 4089
1089.68 1404.65 4089
1082.71 1404.65 4089
1075.74 1404.65 4089
1068.77 1404.65 4089
1061.8 1404.65 4089
1054.83 1404.65 4089
1047.85 1404.65 4089
1040.88 1404.65 4089
1031.39 1401.21 4079
1024.43 1401.21 4079
1017.48 1401.21 4079
1010.52 1401.21 4079
1006.03 1404.65 4089
999.06 1404.65 4089
992.089 1404.65 4089
982.709 1401.21 4079
975.756 1401.21 4079
968.802 1401.21 4079
961.848 1401.21 4079
954.895 1401.21 4079
950.265 1404.65 4089
943.294 1404.65 4089
936.324 1404.65 4089
929.353 1404.65 4089
922.382 1404.65 4089
915.411 1404.65 4089
908.441 1404.65 4089
899.265 1401.21 4079
890.124 1397.78 4069
881.017 1394.34 4059
874.097 1394.34 4059
867.178 1394.34 4059
856.019 1387.47 4039
849.134 1387.47 4039
842.249 1387.47 4039
835.363 1387.47 4039
824.58 1380.95 4020
817.727 1380.95 4020
810.874 1380.95 4020
802.021 1377.51 4010
791.417 1370.98 3991
784.614 1370.98 3991
777.81 1370.98 3991
771.006 1370.98 3991
764.203 1370.98 3991
753.793 1364.46 3972
747.022 1364.46 3972
738.573 1361.37 3963
731.818 1361.37 3963
723.232 1357.93 3953
716.493 1357.93 3953
709.754 1357.93 3953
699.814 1351.75 3935
688.174 1342.13 3907
681.514 1342.13 3907
670.19 1332.85 3880
662.036 1329.76 3871
652.389 1323.58 3853
645.821 1323.58 3853
639.252 1323.58 3853
629.728 1317.39 3835
621.728 1314.3 3826
615.206 1314.3 3826
605.979 1308.46 3809
599.485 1308.46 3809
588.944 1299.53 3783
582.495 1299.53 3783
576.046 1299.53 3783
569.597 1299.53 3783
563.148 1299.53 3783
556.699 1299.53 3783
548.941 1296.44 3774
541.357 1293.69 3766
532.522 1287.85 3749
528.517 1293.69 3766
522.097 1293.69 3766
516.772 1296.44 3774
510.338 1296.44 3774
503.905 1296.44 3774
495.23 1290.6 3757
487.785 1287.85 3749
480.238 1284.76 3740
473.862 1284.76 3740
467.486 1284.76 3740
461.111 1284.76 3740
454.735 1284.76 3740
448.359 1284.76 3740
441.038 1282.01 3732
433.744 1279.26 3724
427.395 1279.26 3724
421.047 1279.26 3724
411.915 1270.68 3699
405.609 1270.68 3699
398.439 1267.93 3691
392.147 1267.93 3691
385.855 1267.93 3691
379.563 1267.93 3691
372.461 1265.18 3683
366.183 1265.18 3683
359.122 1262.43 3675
-11.3347 155.614 453
-12.107 155.614 453
-12.8792 155.614 453
-13.6515 155.614 453
-14.4237 155.614 453
-15.1624 155.271 452
-18.3421 149.774 436
-19.0853 149.774 436
-19.9196 150.461 438
-20.6662 150.461 438
-21.4129 150.461 438
-22.109 150.118 437
-22.7494 149.431 435
-34.5209 142.904 416
-35.2301 142.904 416
-35.9392 142.904 416
-36.6484 142.904 416
-37.178 142.217 414
-37.7922 141.873 413
-38.4031 141.53 412
-39.1054 141.53 412
-39.7112 141.186 411
-40.2152 140.499 409
-40.7124 139.812 407
-41.4062 139.812 407
-41.9966 139.469 406
-42.6887 139.469 406
-43.274 139.125 405
-43.8559 138.782 404
-44.5446 138.782 404
-45.0094 138.095 402
-45.581 137.751 401
-46.1492 137.408 400
-46.8311 137.408 400
-47.513 137.408 400
-48.1949 137.408 400
-48.7546 137.064 399
-49.4348 137.064 399
-50.115 137.064 399
-50.7952 137.064 399
-51.4754 137.064 399
-52.1556 137.064 399
-52.7034 136.72 398
-53.3819 136.72 398
-54.0604 136.72 398
-54.7389 136.72 398
-55.4173 136.72 398
-55.9549 136.377 397
-56.6317 136.377 397
-57.3085 136.377 397
-57.9852 136.377 397
-58.662 136.377 397
-59.1894 136.033 396
-60.0156 136.377 397
-60.6924 136.377 397
-61.3692 136.377 397
-62.046 136.377 397
-62.5648 136.033 396
-63.2398 136.033 396
-63.9149 136.033 396
-64.59 136.033 396
-65.2651 136.033 396
-65.9401 136.033 396
-66.6152 136.033 396
-67.4602 136.377 397
-68.137 136.377 397
-68.8138 136.377 397
-69.4906 136.377 397
-70.3441 136.72 398
-71.0226 136.72 398
-71.7011 136.72 398
-72.5614 137.064 399
-73.2416 137.064 399
-73.9218 137.064 399
-74.602 137.064 399
-75.2822 137.064 399
-76.1528 137.408 400
-76.8347 137.408 400
-77.5166 137.408 400
-78.1985 137.408 400
-78.8804 137.408 400
-79.5623 137.408 400
-80.2442 137.408 400
-81.1284 137.751 401
-82.016 138.095 402
-82.9071 138.438 403
-83.5941 138.438 403
-84.2811 138.438 403
-85.6006 139.469 406
-86.2928 139.469 406
-86.9849 139.469 406
-87.893 139.812 407
-89.2398 140.843 410
-89.9387 140.843 410
-91.0798 141.53 412
-92.0049 141.873 413
-92.709 141.873 413
-93.413 141.873 413
-95.0287 143.247 417
-95.7395 143.247 417
-96.6817 143.591 418
-97.3943 143.591 418
-98.811 144.621 421
-99.5287 144.621 421
-100.485 144.965 422
-101.444 145.308 423
-102.648 145.995 425
-103.372 145.995 425
-104.342 146.339 426
-105.068 146.339 426
-105.794 146.339 426
-106.771 146.683 427
-107.75 147.026 428
-108.733 147.37 429
-109.465 147.37 429
-110.71 148.057 431
-111.703 148.4 432
-112.44 148.4 432
-113.176 148.4 432
-114.176 148.744 433
-114.914 148.744 433
-115.652 148.744 433
-117.466 150.118 437
-118.211 150.118 437
-119.228 150.461 438
-119.975 150.461 438
-120.997 150.805 439
-122.023 151.148 440
-122.773 151.148 440
-123.523 151.148 440
-124.555 151.492 441
-125.591 151.835 442
-126.345 151.835 442
-127.673 152.522 444
-128.72 152.866 445
-129.769 153.209 446
-130.529 153.209 446
-131.29 153.209 446
-132.05 153.209 446
-132.81 153.209 446
-780.855 754.024 2195
-784.597 754.024 2195
-788.339 754.024 2195
-788.833 750.932 2186
-792.56 750.932 2186
-794.465 749.215 2181
-795.987 747.153 2175
-799.695 747.153 2175
-815.223 758.146 2207
-818.985 758.146 2207
-839.15 773.261 2251
-847.856 777.727 2264
-856.23 781.849 2276
-860.11 781.849 2276
-865.129 782.879 2279
-869.014 782.879 2279
-872.899 782.879 2279
-874.476 780.818 2273
-878.351 780.818 2273
-882.226 780.818 2273
-886.101 780.818 2273
-886.452 777.727 2264
-885.199 773.261 2251
-885.482 770.169 2242
-889.304 770.169 2242
-889.541 767.078 2233
-890.947 765.016 2227
-892.333 762.955 2221
-896.119 762.955 2221
-899.905 762.955 2221
-902.471 761.925 2218
-905.026 760.894 2215
-908.802 760.894 2215
-911.754 760.207 2213
-910.562 756.085 2201
-911.822 754.024 2195
-915.564 754.024 2195
-915.537 750.932 2186
-918.422 750.245 2184
-920.879 749.215 2181
-924.597 749.215 2181
-928.315 749.215 2181
-929.469 747.153 2175
-930.602 745.092 2169
-934.3 745.092 2169
-937.997 745.092 2169
-940.827 744.405 2167
-944.521 744.405 2167
-948.215 744.405 2167
-950.591 743.375 2164
-954.281 743.375 2164
-955.313 741.314 2158
-958.992 741.314 2158
-960.441 739.596 2153
-964.111 739.596 2153
-966.433 738.565 2150
-970.098 738.565 2150
-972.405 737.535 2147
-976.065 737.535 2147
-978.356 736.504 2144
-982.011 736.504 2144
-984.746 735.817 2142
-987.013 734.787 2139
-989.271 733.756 2136
-992.912 733.756 2136
-994.221 732.039 2131
-997.853 732.039 2131
-1000.08 731.008 2128
-1003.7 731.008 2128
-1004.49 728.947 2122
-1008.11 728.947 2122
-1009.34 727.229 2117
-1012.95 727.229 2117
-1015.12 726.199 2114
-1017.76 725.512 2112
-1018.46 723.451 2106
-1022.05 723.451 2106
-1020.77 720.015 2096
-1022.88 718.985 2093
-1021.54 715.55 2083
-1025.09 715.55 2083
-1024.69 712.802 2075
-1019.31 706.618 2057
-1017.84 703.183 2047
-1021.33 703.183 2047
-1022.32 701.465 2042
-1020.78 698.03 2032
-1021.72 696.313 2027
-1025.18 696.313 2027
-1027.62 695.626 2025
-1029.54 694.595 2022
-1030.43 692.878 2017
-1033.87 692.878 2017
-1031.14 688.755 2005
1243.03 1397.67 4089
1236.06 1397.67 4089
1229.09 1397.67 4089
1222.12 1397.67 4089
1215.15 1397.67 4089
1208.18 1397.67 4089
1159.39 1397.67 4089
1152.42 1397.67 4089
1145.44 1397.67 4089
1138.47 1397.67 4089
1131.5 1397.67 4089
1117.56 1397.67 4089
1110.59 1397.67 4089
1103.62 1397.67 4089
1096.65 1397.67 4089
1089.68 1397.67 4089
1082.71 1397.67 4089
1075.74 1397.67 4089
1068.77 1397.67 4089
1061.8 1397.67 4089
1054.83 1397.67 4089
1047.85 1397.67 4089
1040.88 1397.67 4089
1033.91 1397.67 4089
1026.94 1397.67 4089
1019.97 1397.67 4089
1013 1397.67 4089
1006.03 1397.67 4089
999.06 1397.67 4089
992.089 1397.67 4089
985.119 1397.67 4089
978.148 1397.67 4089
971.177 1397.67 4089
964.206 1397.67 4089
957.236 1397.67 4089
922.382 1397.67 4089
915.411 1397.67 4089
908.441 1397.67 4089
901.47 1397.67 4089
894.499 1397.67 4089
883.187 1390.84 4069
876.251 1390.84 4069
869.314 1390.84 4069
862.378 1390.84 4069
851.236 1384 4049
844.334 1384 4049
837.431 1384 4049
828.478 1380.58 4039
821.592 1380.58 4039
814.707 1380.58 4039
806.021 1377.51 4030
799.151 1377.51 4030
786.58 1367.59 4001
779.759 1367.59 4001
772.938 1367.59 4001
766.117 1367.59 4001
757.399 1364.17 3991
750.595 1364.17 3991
743.792 1364.17 3991
736.988 1364.17 3991
725.062 1354.6 3963
718.306 1354.6 3963
711.55 1354.6 3963
703.015 1351.19 3953
693.106 1345.03 3935
686.398 1345.03 3935
674.853 1335.46 3907
663.575 1326.23 3880
656.961 1326.23 3880
650.346 1326.23 3880
642.239 1323.16 3871
634.162 1320.08 3862
626.115 1317 3853
619.547 1317 3853
608.683 1307.78 3826
600.902 1305.04 3818
592.992 1301.96 3809
586.499 1301.96 3809
577.417 1296.15 3792
569.597 1293.08 3783
563.148 1293.08 3783
556.699 1293.08 3783
548.941 1290 3774
541.357 1287.27 3766
532.522 1281.46 3749
528.517 1287.27 3766
522.097 1287.27 3766
516.772 1290 3774
510.338 1290 3774
503.905 1290 3774
495.23 1284.19 3757
487.785 1281.46 3749
480.238 1278.38 3740
473.862 1278.38 3740
467.486 1278.38 3740
461.111 1278.38 3740
454.735 1278.38 3740
448.359 1278.38 3740
441.038 1275.65 3732
433.744 1272.91 3724
427.395 1272.91 3724
421.047 1272.91 3724
411.915 1264.37 3699
405.609 1264.37 3699
400.166 1267.1 3707
393.847 1267.1 3707
387.527 1267.1 3707
380.385 1264.37 3699
373.27 1261.63 3691
366.978 1261.63 3691
359.904 1258.9 3683
-11.3347 154.841 453
-12.107 154.841 453
-12.8792 154.841 453
-13.6515 154.841 453
-14.4237 154.841 453
-15.1624 154.499 452
-19.9196 149.714 438
-20.6662 149.714 438
-21.4129 149.714 438
-22.109 149.372 437
-22.7494 148.689 435
-34.5209 142.194 416
-35.2301 142.194 416
-35.9392 142.194 416
-36.6484 142.194 416
-37.178 141.51 414
-37.7922 141.169 413
-38.4031 140.827 412
-39.1054 140.827 412
-39.7112 140.485 411
-40.2152 139.801 409
-40.7124 139.118 407
-41.4062 139.118 407
-41.9966 138.776 406
-42.6887 138.776 406
-43.274 138.434 405
-43.8559 138.092 404
-44.5446 138.092 404
-45.0094 137.409 402
-45.581 137.067 401
-46.1492 136.725 400
-46.8311 136.725 400
-47.513 136.725 400
-48.1949 136.725 400
-48.7546 136.383 399
-49.4348 136.383 399
-50.115 136.383 399
-50.7952 136.383 399
-51.4754 136.383 399
-52.1556 136.383 399
-52.8358 136.383 399
-53.3819 136.041 398
-54.0604 136.041 398
-54.7389 136.041 398
-55.4173 136.041 398
-55.9549 135.7 397
-56.6317 135.7 397
-57.3085 135.7 397
-57.9852 135.7 397
-58.662 135.7 397
-59.1894 135.358 396
-59.8644 135.358 396
-60.5395 135.358 396
-61.2146 135.358 396
-61.8897 135.358 396
-62.5648 135.358 396
-63.2398 135.358 396
-63.9149 135.358 396
-64.59 135.358 396
-65.2651 135.358 396
-65.9401 135.358 396
-66.6152 135.358 396
-67.4602 135.7 397
-68.137 135.7 397
-68.8138 135.7 397
-69.4906 135.7 397
-70.3441 136.041 398
-71.0226 136.041 398
-71.7011 136.041 398
-72.5614 136.383 399
-73.2416 136.383 399
-73.9218 136.383 399
-74.602 136.383 399
-75.2822 136.383 399
-76.1528 136.725 400
-76.8347 136.725 400
-77.5166 136.725 400
-78.1985 136.725 400
-78.8804 136.725 400
-79.5623 136.725 400
-80.2442 136.725 400
-81.1284 137.067 401
-82.016 137.409 402
-82.9071 137.751 403
-83.5941 137.751 403
-84.2811 137.751 403
-85.6006 138.776 406
-86.2928 138.776 406
-86.9849 138.776 406
-87.893 139.118 407
-89.2398 140.143 410
-89.9387 140.143 410
-91.0798 140.827 412
-92.0049 141.169 413
-92.709 141.169 413
-93.413 141.169 413
-95.0287 142.536 417
-95.7395 142.536 417
-96.6817 142.878 418
-97.3943 142.878 418
-98.811 143.903 421
-99.5287 143.903 421
-100.723 144.587 423
-101.684 144.929 424
-102.648 145.27 425
-103.372 145.27 425
-104.342 145.612 426
-105.315 145.954 427
-106.043 145.954 427
-107.021 146.296 428
-108.002 146.638 429
-108.987 146.979 430
-109.72 146.979 430
-110.71 147.321 431
-111.703 147.663 432
-112.44 147.663 432
-113.176 147.663 432
-114.176 148.005 433
-115.18 148.347 434
-115.92 148.347 434
-117.466 149.372 437
-118.481 149.714 438
-119.228 149.714 438
-119.975 149.714 438
-120.997 150.056 439
-122.023 150.398 440
-123.052 150.739 441
-123.804 150.739 441
-124.838 151.081 442
-126.16 151.765 444
-126.916 151.765 444
-128.248 152.448 446
-129.009 152.448 446
-130.06 152.79 447
-130.822 152.79 447
-131.584 152.79 447
-132.346 152.79 447
-133.108 152.79 447
-780.855 750.279 2195
-784.597 750.279 2195
-788.339 750.279 2195
-788.833 747.203 2186
-792.56 747.203 2186
-794.465 745.494 2181
-795.987 743.443 2175
-799.695 743.443 2175
-815.223 754.381 2207
-818.985 754.381 2207
-839.15 769.42 2251
-847.856 773.864 2264
-856.23 777.966 2276
-860.11 777.966 2276
-865.129 778.991 2279
-869.014 778.991 2279
-872.899 778.991 2279
-874.476 776.94 2273
-878.351 776.94 2273
-881.061 775.915 2270
-884.931 775.915 2270
-882.536 770.446 2254
-882.839 767.37 2245
-881.927 763.268 2233
-885.734 763.268 2233
-887.15 761.217 2227
-888.547 759.166 2221
-892.333 759.166 2221
-896.119 759.166 2221
-899.905 759.166 2221
-902.471 758.141 2218
-905.026 757.115 2215
-908.802 757.115 2215
-911.754 756.432 2213
-910.562 752.33 2201
-911.822 750.279 2195
-915.564 750.279 2195
-915.537 747.203 2186
-918.422 746.519 2184
-920.879 745.494 2181
-924.597 745.494 2181
-928.315 745.494 2181
-929.469 743.443 2175
-930.602 741.392 2169
-934.3 741.392 2169
-937.997 741.392 2169
-940.827 740.708 2167
-944.521 740.708 2167
-948.215 740.708 2167
-950.591 739.683 2164
-954.281 739.683 2164
-955.313 737.632 2158
-958.992 737.632 2158
-960.441 735.923 2153
-964.111 735.923 2153
-966.433 734.897 2150
-970.098 734.897 2150
-972.405 733.872 2147
-974.701 732.846 2144
-978.356 732.846 2144
-982.011 732.846 2144
-984.746 732.163 2142
-985.629 730.112 2136
-989.271 730.112 2136
-992.912 730.112 2136
-994.221 728.403 2131
-997.853 728.403 2131
-1000.08 727.377 2128
-1003.7 727.377 2128
-1004.49 725.327 2122
-1008.11 725.327 2122
-1009.34 723.618 2117
-1012.95 723.618 2117
-1015.12 722.592 2114
-1017.76 721.909 2112
-1018.46 719.858 2106
-1022.05 719.858 2106
-1020.77 716.439 2096
-1022.88 715.414 2093
-1021.54 711.996 2083
-1025.09 711.996 2083
-1024.69 709.261 2075
-1019.31 703.109 2057
-1017.84 699.691 2047
-1021.33 699.691 2047
-1023.32 698.665 2044
-1020.78 694.563 2032
-1023.23 693.88 2030
-1026.69 693.88 2030
-1026.09 691.145 2022
-1028.52 690.462 2020
-1029.41 688.753 2015
-1032.85 688.753 2015
-1031.14 685.335 2005
1243.03 1390.7 4089
1236.06 1390.7 4089
1229.09 1390.7 4089
1222.12 1390.7 4089
1215.15 1390.7 4089
1208.18 1390.7 4089
1117.56 1390.7 4089
1110.59 1390.7 4089
1103.62 1390.7 4089
1096.65 1390.7 4089
1089.68 1390.7 4089
1082.71 1390.7 4089
1075.74 1390.7 4089
1068.77 1390.7 4089
1061.8 1390.7 4089
1054.83 1390.7 4089
1047.85 1390.7 4089
1040.88 1390.7 4089
1033.91 1390.7 4089
1026.94 1390.7 4089
1019.97 1390.7 4089
1013 1390.7 4089
1006.03 1390.7 4089
999.06 1390.7 4089
992.089 1390.7 4089
985.119 1390.7 4089
978.148 1390.7 4089
971.177 1390.7 4089
964.206 1390.7 4089
957.236 1390.7 4089
922.382 1390.7 4089
915.411 1390.7 4089
908.441 1390.7 4089
901.47 1390.7 4089
894.499 1390.7 4089
883.187 1383.89 4069
876.251 1383.89 4069
869.314 1383.89 4069
866.616 1390.7 4089
859.646 1390.7 4089
852.675 1390.7 4089
845.704 1390.7 4089
838.734 1390.7 4089
829.729 1387.29 4079
822.775 1387.29 4079
815.821 1387.29 4079
804.902 1380.49 4059
797.982 1380.49 4059
791.062 1380.49 4059
782.211 1377.09 4049
773.394 1373.69 4039
764.8 1370.63 4030
757.93 1370.63 4030
751.06 1370.63 4030
744.19 1370.63 4030
733.661 1363.83 4010
726.825 1363.83 4010
718.373 1360.77 4001
708.173 1354.3 3982
698.038 1347.84 3963
691.282 1347.84 3963
679.69 1338.32 3935
671.271 1334.92 3925
664.58 1334.92 3925
657.889 1334.92 3925
648.211 1328.8 3907
640.073 1325.74 3898
627.578 1313.49 3862
620.994 1313.49 3862
614.411 1313.49 3862
603.577 1304.31 3835
592.992 1295.47 3809
586.499 1295.47 3809
578.635 1292.41 3800
570.952 1289.68 3792
563.148 1286.62 3783
556.699 1286.62 3783
548.941 1283.56 3774
541.357 1280.84 3766
533.659 1277.78 3757
528.517 1280.84 3766
522.097 1280.84 3766
516.772 1283.56 3774
510.338 1283.56 3774
503.905 1283.56 3774
496.417 1280.84 3766
488.825 1277.78 3757
481.393 1275.06 3749
475.002 1275.06 3749
467.486 1272 3740
461.111 1272 3740
454.735 1272 3740
448.359 1272 3740
441.038 1269.28 3732
433.744 1266.56 3724
427.395 1266.56 3724
421.047 1266.56 3724
413.808 1263.84 3716
405.609 1258.05 3699
400.166 1260.78 3707
393.847 1260.78 3707
387.527 1260.78 3707
380.385 1258.05 3699
373.27 1255.33 3691
366.978 1255.33 3691
359.904 1252.61 3683
-11.3597 154.408 454
-12.1337 154.408 454
-12.9077 154.408 454
-13.6816 154.408 454
-14.4556 154.408 454
-15.1624 153.728 452
-15.933 153.728 452
-20.6191 148.627 437
-21.364 148.627 437
-22.109 148.627 437
-34.5209 141.484 416
-35.2301 141.484 416
-35.9392 141.484 416
-36.5603 141.144 415
-37.178 140.804 414
-37.7922 140.464 413
-38.4031 140.124 412
-39.1054 140.124 412
-39.7112 139.784 411
-40.2152 139.104 409
-40.7124 138.423 407
-41.4062 138.423 407
-41.9966 138.083 406
-42.6887 138.083 406
-43.274 137.743 405
-43.8559 137.403 404
-44.5446 137.403 404
-45.0094 136.723 402
-45.581 136.383 401
-46.1492 136.043 400
-46.8311 136.043 400
-47.513 136.043 400
-48.1949 136.043 400
-48.7546 135.703 399
-49.4348 135.703 399
-50.115 135.703 399
-50.7952 135.703 399
-51.4754 135.703 399
-52.1556 135.703 399
-52.8358 135.703 399
-53.3819 135.362 398
-54.0604 135.362 398
-54.7389 135.362 398
-55.4173 135.362 398
-55.9549 135.022 397
-56.6317 135.022 397
-57.3085 135.022 397
-57.9852 135.022 397
-58.662 135.022 397
-59.3388 135.022 397
-60.0156 135.022 397
-60.6924 135.022 397
-61.2146 134.682 396
-61.8897 134.682 396
-62.5648 134.682 396
-63.2398 134.682 396
-63.9149 134.682 396
-64.59 134.682 396
-65.2651 134.682 396
-65.9401 134.682 396
-66.6152 134.682 396
-67.4602 135.022 397
-68.137 135.022 397
-68.8138 135.022 397
-69.6656 135.362 398
-70.3441 135.362 398
-71.0226 135.362 398
-71.7011 135.362 398
-72.5614 135.703 399
-73.2416 135.703 399
-73.9218 135.703 399
-74.602 135.703 399
-75.2822 135.703 399
-76.1528 136.043 400
-76.8347 136.043 400
-77.5166 136.043 400
-78.1985 136.043 400
-78.8804 136.043 400
-79.7612 136.383 401
-80.4448 136.383 401
-81.1284 136.383 401
-82.016 136.723 402
-82.7013 136.723 402
-83.5941 137.063 403
-84.4902 137.403 404
-85.6006 138.083 406
-86.2928 138.083 406
-87.1991 138.423 407
-88.1089 138.764 408
-89.2398 139.444 410
-90.1581 139.784 411
-91.0798 140.124 412
-92.0049 140.464 413
-92.709 140.464 413
-93.6392 140.804 414
-95.0287 141.824 417
-95.7395 141.824 417
-96.6817 142.165 418
-97.3943 142.165 418
-98.811 143.185 421
-99.5287 143.185 421
-100.723 143.865 423
-101.684 144.205 424
-102.648 144.545 425
-103.372 144.545 425
-104.342 144.885 426
-105.315 145.226 427
-106.043 145.226 427
-107.021 145.566 428
-108.002 145.906 429
-108.987 146.246 430
-109.72 146.246 430
-110.71 146.586 431
-111.703 146.926 432
-112.44 146.926 432
-113.176 146.926 432
-114.176 147.266 433
-115.18 147.606 434
-115.92 147.606 434
-117.466 148.627 437
-118.481 148.967 438
-119.228 148.967 438
-119.975 148.967 438
-120.997 149.307 439
-122.023 149.647 440
-123.052 149.987 441
-124.084 150.327 442
-125.12 150.667 443
-126.444 151.347 445
-127.202 151.347 445
-128.248 151.688 446
-129.298 152.028 447
-130.351 152.368 448
-131.115 152.368 448
-131.878 152.368 448
-132.642 152.368 448
-133.406 152.368 448
-793.306 758.438 2230
-797.107 758.438 2230
-800.909 758.438 2230
-797.493 751.636 2210
-801.261 751.636 2210
-799.564 746.534 2195
-805.502 748.575 2201
-810.357 749.595 2204
-828.151 762.519 2242
-831.973 762.519 2242
-843.997 770.001 2264
-853.474 775.103 2279
-858.487 776.123 2282
-862.378 776.123 2282
-866.268 776.123 2282
-869.014 775.103 2279
-872.899 775.103 2279
-875.63 774.083 2276
-879.51 774.083 2276
-881.061 772.042 2270
-884.931 772.042 2270
-880.187 764.56 2248
-879.3 760.478 2236
-878.373 756.397 2224
-882.164 756.397 2224
-883.565 754.357 2218
-885.346 752.656 2213
-887.913 751.636 2210
-891.681 751.636 2210
-895.448 751.636 2210
-897.995 750.615 2207
-901.758 750.615 2207
-905.52 750.615 2207
-905.574 747.554 2198
-908.08 746.534 2195
-908.083 743.473 2186
-911.81 743.473 2186
-913.443 741.773 2181
-917.161 741.773 2181
-919.612 740.752 2178
-923.325 740.752 2178
-925.761 739.732 2175
-926.905 737.691 2169
-930.602 737.691 2169
-934.3 737.691 2169
-937.133 737.011 2167
-940.827 737.011 2167
-944.521 737.011 2167
-948.215 737.011 2167
-950.591 735.991 2164
-952.958 734.97 2161
-955.313 733.95 2158
-958.992 733.95 2158
-960.441 732.25 2153
-964.111 732.25 2153
-966.433 731.229 2150
-970.098 731.229 2150
-972.405 730.209 2147
-974.701 729.189 2144
-978.356 729.189 2144
-982.011 729.189 2144
-984.746 728.508 2142
-985.629 726.468 2136
-989.271 726.468 2136
-992.912 726.468 2136
-994.221 724.767 2131
-997.853 724.767 2131
-1000.08 723.747 2128
-1003.7 723.747 2128
-1004.49 721.706 2122
-1008.11 721.706 2122
-1009.34 720.006 2117
-1012.95 720.006 2117
-1015.12 718.985 2114
-1017.76 718.305 2112
-1018.46 716.265 2106
-1022.05 716.265 2106
-1020.77 712.863 2096
-1022.88 711.843 2093
-1021.54 708.442 2083
-1025.09 708.442 2083
-1024.69 705.721 2075
-1019.31 699.599 2057
-1017.84 696.198 2047
-1021.33 696.198 2047
-1023.32 695.178 2044
-1020.78 691.097 2032
-1023.23 690.416 2030
-1026.69 690.416 2030
-1026.09 687.696 2022
-1027 685.995 2017
-1029.41 685.315 2015
-1032.85 685.315 2015
-1031.14 681.914 2005
1082.71 1383.72 4089
1075.74 1383.72 4089
1068.77 1383.72 4089
1061.8 1383.72 4089
1047.85 1383.72 4089
1040.88 1383.72 4089
1033.91 1383.72 4089
1026.94 1383.72 4089
1019.97 1383.72 4089
1013 1383.72 4089
1006.03 1383.72 4089
999.06 1383.72 4089
992.089 1383.72 4089
985.119 1383.72 4089
978.148 1383.72 4089
971.177 1383.72 4089
964.206 1383.72 4089
957.236 1383.72 4089
915.411 1383.72 4089
908.441 1383.72 4089
901.47 1383.72 4089
894.499 1383.72 4089
883.187 1376.95 4069
876.251 1376.95 4069
869.314 1376.95 4069
866.616 1383.72 4089
859.646 1383.72 4089
852.675 1383.72 4089
845.704 1383.72 4089
838.734 1383.72 4089
829.729 1380.34 4079
822.775 1380.34 4079
815.821 1380.34 4079
804.902 1373.57 4059
801.914 1380.34 4079
794.96 1380.34 4079
788.007 1380.34 4079
781.053 1380.34 4079
772.202 1376.95 4069
765.265 1376.95 4069
756.465 1373.57 4059
749.545 1373.57 4059
738.966 1366.8 4039
732.081 1366.8 4039
725.195 1366.8 4039
711.552 1353.94 4001
701.385 1347.51 3982
694.596 1347.51 3982
684.526 1341.08 3963
676.06 1337.7 3953
667.797 1334.65 3944
661.074 1334.65 3944
651.198 1328.22 3925
641.551 1322.13 3907
633.428 1319.09 3898
626.783 1319.09 3898
620.138 1319.09 3898
607.827 1306.9 3862
597.04 1297.77 3835
590.502 1297.77 3835
580.005 1288.97 3809
572.157 1285.92 3800
564.488 1283.21 3792
558.023 1283.21 3792
550.25 1280.17 3783
541.357 1274.42 3766
533.659 1271.37 3757
529.64 1277.12 3774
523.206 1277.12 3774
516.772 1277.12 3774
510.338 1277.12 3774
503.905 1277.12 3774
497.471 1277.12 3774
488.825 1271.37 3757
482.421 1271.37 3757
476.016 1271.37 3757
468.611 1268.66 3749
461.111 1265.62 3740
454.735 1265.62 3740
448.359 1265.62 3740
441.038 1262.91 3732
434.676 1262.91 3732
428.314 1262.91 3732
421.952 1262.91 3732
414.698 1260.2 3724
406.486 1254.45 3707
400.166 1254.45 3707
394.803 1257.5 3716
388.468 1257.5 3716
382.133 1257.5 3716
374.888 1254.45 3707
368.569 1254.45 3707
360.686 1249.04 3691
-11.3597 153.634 454
-12.1337 153.634 454
-12.9077 153.634 454
-13.6816 153.634 454
-14.4556 153.634 454
-15.1624 152.957 452
-15.933 152.957 452
-16.6666 152.619 451
-17.4354 152.619 451
-34.5209 140.775 416
-35.2301 140.775 416
-35.9392 140.775 416
-36.5603 140.436 415
-37.178 140.098 414
-37.7922 139.759 413
-38.4031 139.421 412
-39.1054 139.421 412
-39.7112 139.083 411
-40.2152 138.406 409
-40.7124 137.729 407
-41.4062 137.729 407
-41.9966 137.391 406
-42.6887 137.391 406
-43.274 137.052 405
-43.8559 136.714 404
-44.5446 136.714 404
-45.0094 136.037 402
-45.581 135.699 401
-46.1492 135.36 400
-46.8311 135.36 400
-47.513 135.36 400
-48.1949 135.36 400
-48.7546 135.022 399
-49.4348 135.022 399
-50.115 135.022 399
-50.7952 135.022 399
-51.4754 135.022 399
-52.1556 135.022 399
-52.8358 135.022 399
-53.3819 134.683 398
-54.0604 134.683 398
-54.7389 134.683 398
-55.4173 134.683 398
-55.9549 134.345 397
-56.6317 134.345 397
-57.3085 134.345 397
-57.9852 134.345 397
-58.662 134.345 397
-59.3388 134.345 397
-60.0156 134.345 397
-60.6924 134.345 397
-61.3692 134.345 397
-62.046 134.345 397
-62.7227 134.345 397
-63.2398 134.007 396
-63.9149 134.007 396
-64.59 134.007 396
-65.2651 134.007 396
-65.9401 134.007 396
-66.6152 134.007 396
-67.4602 134.345 397
-68.137 134.345 397
-68.8138 134.345 397
-69.6656 134.683 398
-70.3441 134.683 398
-71.0226 134.683 398
-71.7011 134.683 398
-72.5614 135.022 399
-73.2416 135.022 399
-73.9218 135.022 399
-74.602 135.022 399
-75.2822 135.022 399
-76.1528 135.36 400
-76.8347 135.36 400
-77.5166 135.36 400
-78.1985 135.36 400
-79.0776 135.699 401
-79.7612 135.699 401
-80.4448 135.699 401
-81.3307 136.037 402
-82.2201 136.375 403
-82.9071 136.375 403
-83.8015 136.714 404
-84.4902 136.714 404
-85.6006 137.391 406
-86.2928 137.391 406
-87.1991 137.729 407
-88.1089 138.067 408
-88.8045 138.067 408
-90.1581 139.083 411
-91.0798 139.421 412
-92.0049 139.759 413
-92.709 139.759 413
-93.6392 140.098 414
-95.0287 141.113 417
-95.7395 141.113 417
-96.6817 141.451 418
-97.6273 141.79 419
-98.811 142.467 421
-99.5287 142.467 421
-100.961 143.482 424
-101.923 143.82 425
-102.648 143.82 425
-103.616 144.159 426
-104.587 144.497 427
-105.315 144.497 427
-106.043 144.497 427
-107.021 144.835 428
-108.254 145.512 430
-109.24 145.851 431
-109.975 145.851 431
-110.967 146.189 432
-111.703 146.189 432
-112.7 146.527 433
-113.438 146.527 433
-114.176 146.527 433
-115.18 146.866 434
-115.92 146.866 434
-117.466 147.881 437
-118.481 148.219 438
-119.228 148.219 438
-119.975 148.219 438
-120.997 148.558 439
-122.023 148.896 440
-123.052 149.235 441
-124.084 149.573 442
-125.12 149.911 443
-126.444 150.588 445
-127.202 150.588 445
-128.248 150.927 446
-129.298 151.265 447
-130.351 151.603 448
-131.115 151.603 448
-131.878 151.603 448
-132.642 151.603 448
-133.406 151.603 448
-804.334 765.124 2261
-808.188 765.124 2261
-812.043 765.124 2261
-804.711 754.633 2230
-808.512 754.633 2230
-806.85 749.557 2215
-808.796 747.865 2210
-812.563 747.865 2210
-828.151 758.694 2242
-831.973 758.694 2242
-845.115 767.154 2267
-853.474 771.215 2279
-858.487 772.23 2282
-862.378 772.23 2282
-866.268 772.23 2282
-869.014 771.215 2279
-872.899 771.215 2279
-875.63 770.2 2276
-879.51 770.2 2276
-881.061 768.169 2270
-884.931 768.169 2270
-880.187 760.724 2248
-878.121 755.648 2233
-878.373 752.603 2224
-882.164 752.603 2224
-882.37 749.557 2215
-884.146 747.865 2210
-886.708 746.85 2207
-890.47 746.85 2207
-893.017 745.835 2204
-896.774 745.835 2204
-898.08 743.804 2198
-901.827 743.804 2198
-904.338 742.789 2195
-904.357 739.744 2186
-906.006 738.052 2181
-909.724 738.052 2181
-912.186 737.036 2178
-913.376 735.006 2172
-917.079 735.006 2172
-920.781 735.006 2172
-924.484 735.006 2172
-926.905 733.991 2169
-928.457 732.299 2164
-932.146 732.299 2164
-935.835 732.299 2164
-939.524 732.299 2164
-941.906 731.284 2161
-945.59 731.284 2161
-949.274 731.284 2161
-951.635 730.268 2158
-953.1 728.576 2153
-956.77 728.576 2153
-960.441 728.576 2153
-962.768 727.561 2150
-966.433 727.561 2150
-970.098 727.561 2150
-972.405 726.546 2147
-974.701 725.531 2144
-978.356 725.531 2144
-982.011 725.531 2144
-984.746 724.854 2142
-985.629 722.823 2136
-989.271 722.823 2136
-992.912 722.823 2136
-994.221 721.132 2131
-997.853 721.132 2131
-1000.08 720.116 2128
-1003.7 720.116 2128
-1004.49 718.086 2122
-1008.11 718.086 2122
-1009.34 716.394 2117
-1012.95 716.394 2117
-1015.12 715.379 2114
-1017.76 714.702 2112
-1018.46 712.672 2106
-1022.05 712.672 2106
-1020.77 709.287 2096
-1022.88 708.272 2093
-1021.54 704.888 2083
-1025.09 704.888 2083
-1024.69 702.181 2075
-1019.31 696.09 2057
-1017.84 692.706 2047
-1021.33 692.706 2047
-1023.32 691.691 2044
-1020.78 687.63 2032
-1023.23 686.953 2030
-1026.69 686.953 2030
-1026.09 684.246 2022
-1027 682.554 2017
-1029.41 681.877 2015
-1032.85 681.877 2015
-1031.14 678.493 2005
866.616 1376.74 4089
859.646 1376.74 4089
852.675 1376.74 4089
845.704 1376.74 4089
838.734 1376.74 4089
829.729 1373.38 4079
824.792 1376.74 4089
817.821 1376.74 4089
810.851 1376.74 4089
803.88 1376.74 4089
796.909 1376.74 4089
788.007 1373.38 4079
781.053 1373.38 4079
772.202 1370.01 4069
765.265 1370.01 4069
756.465 1366.64 4059
749.545 1366.64 4059
738.966 1359.91 4039
732.081 1359.91 4039
725.195 1359.91 4039
711.552 1347.11 4001
701.385 1340.72 3982
694.596 1340.72 3982
684.526 1334.32 3963
676.06 1330.95 3953
667.797 1327.92 3944
661.074 1327.92 3944
651.198 1321.53 3925
641.551 1315.47 3907
633.428 1312.43 3898
626.783 1312.43 3898
620.138 1312.43 3898
607.827 1300.31 3862
597.04 1291.22 3835
590.502 1291.22 3835
581.376 1285.5 3818
573.512 1282.47 3809
564.488 1276.75 3792
558.023 1276.75 3792
550.25 1273.71 3783
541.357 1267.99 3766
533.659 1264.96 3757
529.64 1270.68 3774
523.206 1270.68 3774
518.005 1273.71 3783
511.555 1273.71 3783
505.106 1273.71 3783
497.471 1270.68 3774
489.996 1267.99 3766
482.421 1264.96 3757
476.016 1264.96 3757
468.611 1262.27 3749
461.111 1259.24 3740
454.735 1259.24 3740
448.359 1259.24 3740
441.038 1256.54 3732
434.676 1256.54 3732
428.314 1256.54 3732
421.952 1256.54 3732
414.698 1253.85 3724
406.486 1248.13 3707
401.138 1251.16 3716
394.803 1251.16 3716
388.468 1251.16 3716
382.133 1251.16 3716
375.799 1251.16 3716
369.464 1251.16 3716
362.249 1248.13 3707
-10.6324 153.533 456
-11.4098 153.533 456
-12.1872 153.533 456
-12.9361 153.196 455
-13.7118 153.196 455
-14.4874 153.196 455
-15.2295 152.859 454
-15.933 152.186 452
-16.6666 151.849 451
-17.4354 151.849 451
-17.9621 149.829 445
-34.5209 140.065 416
-35.2301 140.065 416
-35.9392 140.065 416
-36.5603 139.728 415
-37.178 139.391 414
-37.7922 139.055 413
-38.4031 138.718 412
-39.1054 138.718 412
-39.6146 138.045 410
-40.1169 137.371 408
-40.7124 137.035 407
-41.4062 137.035 407
-41.9966 136.698 406
-42.5836 136.361 405
-43.274 136.361 405
-43.7473 135.688 403
-44.4343 135.688 403
-44.8974 135.014 401
-45.581 135.014 401
-46.1492 134.678 400
-46.8311 134.678 400
-47.513 134.678 400
-48.0744 134.341 399
-48.7546 134.341 399
-49.4348 134.341 399
-50.115 134.341 399
-50.7952 134.341 399
-51.4754 134.341 399
-52.1556 134.341 399
-52.8358 134.341 399
-53.3819 134.004 398
-54.0604 134.004 398
-54.7389 134.004 398
-55.4173 134.004 398
-56.0958 134.004 398
-56.6317 133.668 397
-57.3085 133.668 397
-57.9852 133.668 397
-58.662 133.668 397
-59.3388 133.668 397
-60.0156 133.668 397
-60.6924 133.668 397
-61.3692 133.668 397
-62.046 133.668 397
-62.7227 133.668 397
-63.2398 133.331 396
-63.9149 133.331 396
-64.59 133.331 396
-65.2651 133.331 396
-65.9401 133.331 396
-66.6152 133.331 396
-67.4602 133.668 397
-68.137 133.668 397
-68.8138 133.668 397
-69.6656 134.004 398
-70.3441 134.004 398
-71.0226 134.004 398
-71.7011 134.004 398
-72.5614 134.341 399
-73.2416 134.341 399
-73.9218 134.341 399
-74.602 134.341 399
-75.2822 134.341 399
-76.1528 134.678 400
-76.8347 134.678 400
-77.5166 134.678 400
-78.394 135.014 401
-79.0776 135.014 401
-79.7612 135.014 401
-80.6454 135.351 402
-81.3307 135.351 402
-82.4241 136.025 404
-83.1128 136.025 404
-83.8015 136.025 404
-84.6994 136.361 405
-85.6006 136.698 406
-86.2928 136.698 406
-87.1991 137.035 407
-88.3249 137.708 409
-89.0221 137.708 409
-90.1581 138.381 411
-91.0798 138.718 412
-92.0049 139.055 413
-92.709 139.055 413
-93.6392 139.391 414
-95.0287 140.402 417
-95.7395 140.402 417
-96.6817 140.738 418
-97.6273 141.075 419
-99.0457 142.085 422
-99.7651 142.085 422
-101.199 143.095 425
-102.163 143.432 426
-102.889 143.432 426
-103.616 143.432 426
-104.587 143.769 427
-105.561 144.105 428
-106.291 144.105 428
-107.271 144.442 429
-108.506 145.115 431
-109.494 145.452 432
-110.23 145.452 432
-110.967 145.452 432
-111.962 145.789 433
-112.7 145.789 433
-113.438 145.789 433
-114.176 145.789 433
-115.18 146.125 434
-115.92 146.125 434
-117.466 147.135 437
-118.481 147.472 438
-119.228 147.472 438
-119.975 147.472 438
-120.997 147.809 439
-122.023 148.146 440
-122.773 148.146 440
-124.084 148.819 442
-125.403 149.492 444
-126.728 150.166 446
-127.488 150.166 446
-128.536 150.502 447
-129.298 150.502 447
-130.642 151.176 449
-131.407 151.176 449
-132.173 151.176 449
-132.938 151.176 449
-133.704 151.176 449
-805.401 762.276 2264
-809.261 762.276 2264
-813.12 762.276 2264
-815.897 761.266 2261
-819.752 761.266 2261
-810.128 748.808 2224
-813.92 748.808 2224
-819.917 750.829 2230
-828.151 754.869 2242
-831.973 754.869 2242
-845.115 763.286 2267
-853.474 767.327 2279
-858.487 768.337 2282
-862.378 768.337 2282
-866.268 768.337 2282
-869.014 767.327 2279
-872.899 767.327 2279
-875.63 766.317 2276
-879.51 766.317 2276
-881.061 764.296 2270
-884.931 764.296 2270
-880.187 756.889 2248
-878.121 751.839 2233
-878.373 748.808 2224
-882.164 748.808 2224
-882.37 745.778 2215
-884.146 744.095 2210
-884.297 741.064 2201
-888.049 741.064 2201
-891.802 741.064 2201
-894.333 740.054 2198
-895.629 738.034 2192
-899.365 738.034 2192
-900.63 736.014 2186
-902.288 734.331 2181
-904.76 733.32 2178
-908.473 733.32 2178
-909.673 731.3 2172
-913.376 731.3 2172
-915.812 730.29 2169
-919.51 730.29 2169
-922.356 729.617 2167
-924.768 728.607 2164
-928.457 728.607 2164
-932.146 728.607 2164
-934.538 727.597 2161
-938.222 727.597 2161
-941.906 727.597 2161
-945.59 727.597 2161
-947.956 726.587 2158
-949.43 724.903 2153
-953.1 724.903 2153
-956.77 724.903 2153
-959.102 723.893 2150
-962.768 723.893 2150
-965.084 722.883 2147
-968.744 722.883 2147
-971.046 721.873 2144
-974.701 721.873 2144
-977.443 721.199 2142
-981.095 721.199 2142
-983.367 720.189 2139
-985.629 719.179 2136
-987.881 718.169 2133
-991.517 718.169 2133
-994.221 717.496 2131
-997.853 717.496 2131
-1000.08 716.486 2128
-1003.7 716.486 2128
-1004.49 714.466 2122
-1007.16 713.792 2120
-1009.34 712.782 2117
-1012.95 712.782 2117
-1015.12 711.772 2114
-1017.76 711.099 2112
-1018.46 709.078 2106
-1022.05 709.078 2106
-1020.77 705.711 2096
-1021.9 704.028 2091
-1021.54 701.334 2083
-1025.09 701.334 2083
-1023.21 697.631 2072
-1018.32 691.907 2055
-1016.35 688.203 2044
-1019.84 688.203 2044
-1017.31 684.163 2032
-1019.77 683.49 2030
-1018.19 680.123 2020
-1021.64 680.123 2020
-1023.56 679.113 2017
-1025.98 678.439 2015
-1026.86 676.756 2010
-1030.28 676.756 2010
-1030.11 674.399 2003
824.792 1369.77 4089
817.821 1369.77 4089
810.851 1369.77 4089
803.88 1369.77 4089
796.909 1369.77 4089
789.939 1369.77 4089
782.968 1369.77 4089
774.099 1366.42 4079
769.026 1369.77 4089
762.056 1369.77 4089
755.085 1369.77 4089
748.114 1369.77 4089
741.144 1369.77 4089
728.786 1359.72 4059
718.31 1353.02 4039
704.731 1340.29 4001
697.911 1340.29 4001
689.362 1336.94 3991
679.309 1330.57 3972
671.014 1327.56 3963
664.258 1327.56 3963
654.35 1321.19 3944
646.149 1318.18 3935
636.353 1311.81 3916
629.677 1311.81 3916
623.002 1311.81 3916
613.493 1305.78 3898
601.243 1293.72 3862
594.659 1293.72 3862
581.376 1278.99 3818
573.512 1275.97 3809
564.488 1270.28 3792
558.023 1270.28 3792
550.25 1267.26 3783
541.357 1261.57 3766
533.659 1258.55 3757
529.64 1264.25 3774
523.206 1264.25 3774
518.005 1267.26 3783
511.555 1267.26 3783
505.106 1267.26 3783
497.471 1264.25 3774
489.996 1261.57 3766
482.421 1258.55 3757
476.016 1258.55 3757
468.611 1255.87 3749
461.111 1252.86 3740
454.735 1252.86 3740
448.359 1252.86 3740
441.038 1250.18 3732
434.676 1250.18 3732
428.314 1250.18 3732
421.952 1250.18 3732
414.698 1247.5 3724
407.473 1244.82 3716
402.002 1247.5 3724
396.503 1250.18 3732
390.141 1250.18 3732
383.779 1250.18 3732
375.799 1244.82 3716
369.464 1244.82 3716
363.129 1244.82 3716
355.93 1241.8 3707
-10.6324 152.755 456
-11.4098 152.755 456
-12.1872 152.755 456
-12.9361 152.42 455
-13.7118 152.42 455
-14.4874 152.42 455
-15.2295 152.085 454
-15.933 151.415 452
-16.6666 151.08 451
-17.4354 151.08 451
-17.9621 149.07 445
-34.5209 139.355 416
-35.2301 139.355 416
-35.9392 139.355 416
-36.5603 139.02 415
-37.178 138.685 414
-37.7922 138.35 413
-38.4031 138.015 412
-39.1054 138.015 412
-39.6146 137.345 410
-40.1169 136.675 408
-40.7124 136.34 407
-41.4062 136.34 407
-41.9966 136.005 406
-42.5836 135.67 405
-43.1671 135.335 404
-43.6388 134.665 402
-44.3241 134.665 402
-44.8974 134.33 401
-45.581 134.33 401
-46.1492 133.995 400
-46.8311 133.995 400
-47.513 133.995 400
-48.0744 133.66 399
-48.7546 133.66 399
-49.4348 133.66 399
-50.115 133.66 399
-50.7952 133.66 399
-51.4754 133.66 399
-52.1556 133.66 399
-52.8358 133.66 399
-53.3819 133.325 398
-54.0604 133.325 398
-54.7389 133.325 398
-55.4173 133.325 398
-56.0958 133.325 398
-56.7743 133.325 398
-57.4528 133.325 398
-57.9852 132.99 397
-58.662 132.99 397
-59.3388 132.99 397
-60.0156 132.99 397
-60.6924 132.99 397
-61.3692 132.99 397
-62.046 132.99 397
-62.7227 132.99 397
-63.3995 132.99 397
-64.0763 132.99 397
-64.7531 132.99 397
-65.4299 132.99 397
-66.1067 132.99 397
-66.7835 132.99 397
-67.4602 132.99 397
-68.137 132.99 397
-68.8138 132.99 397
-69.6656 133.325 398
-70.3441 133.325 398
-71.0226 133.325 398
-71.7011 133.325 398
-72.5614 133.66 399
-73.2416 133.66 399
-73.9218 133.66 399
-74.602 133.66 399
-75.2822 133.66 399
-76.1528 133.995 400
-76.8347 133.995 400
-77.5166 133.995 400
-78.394 134.33 401
-79.0776 134.33 401
-79.7612 134.33 401
-80.6454 134.665 402
-81.3307 134.665 402
-82.4241 135.335 404
-83.1128 135.335 404
-83.8015 135.335 404
-84.6994 135.67 405
-85.6006 136.005 406
-86.2928 136.005 406
-87.1991 136.34 407
-88.3249 137.01 409
-89.0221 137.01 409
-90.1581 137.68 411
-91.0798 138.015 412
-92.0049 138.35 413
-92.709 138.35 413
-93.6392 138.685 414
-95.0287 139.69 417
-95.7395 139.69 417
-96.6817 140.025 418
-97.6273 140.36 419
-99.5151 142.035 424
-100.238 142.035 424
-101.437 142.705 426
-102.163 142.705 426
-102.889 142.705 426
-103.616 142.705 426
-104.587 143.04 427
-105.561 143.375 428
-106.291 143.375 428
-107.271 143.71 429
-108.506 144.38 431
-109.494 144.715 432
-110.23 144.715 432
-110.967 144.715 432
-111.962 145.05 433
-112.7 145.05 433
-113.438 145.05 433
-114.44 145.385 434
-115.445 145.72 435
-116.187 145.72 435
-117.735 146.725 438
-118.752 147.06 439
-119.5 147.06 439
-120.249 147.06 439
-121.273 147.395 440
-122.577 148.065 442
-123.331 148.065 442
-124.646 148.735 444
-125.685 149.07 445
-127.012 149.74 447
-127.774 149.74 447
-128.536 149.74 447
-129.587 150.075 448
-130.642 150.41 449
-131.407 150.41 449
-132.467 150.745 450
-133.234 150.745 450
-134.001 150.745 450
-805.401 758.414 2264
-809.261 758.414 2264
-813.12 758.414 2264
-815.897 757.409 2261
-819.752 757.409 2261
-810.128 745.014 2224
-813.92 745.014 2224
-819.917 747.024 2230
-828.151 751.044 2242
-831.973 751.044 2242
-845.115 759.419 2267
-853.474 763.438 2279
-857.359 763.438 2279
-861.244 763.438 2279
-865.129 763.438 2279
-869.014 763.438 2279
-872.899 763.438 2279
-874.476 761.428 2273
-878.351 761.428 2273
-881.061 760.423 2270
-884.931 760.423 2270
-879.012 752.049 2245
-876.941 747.024 2230
-876.003 743.004 2218
-879.784 743.004 2218
-880.378 740.324 2210
-881.745 738.314 2204
-884.297 737.309 2201
-888.049 737.309 2201
-891.802 737.309 2201
-894.333 736.304 2198
-895.629 734.294 2192
-899.365 734.294 2192
-900.63 732.284 2186
-902.288 730.609 2181
-904.76 729.604 2178
-908.473 729.604 2178
-909.673 727.595 2172
-913.376 727.595 2172
-915.812 726.59 2169
-919.51 726.59 2169
-922.356 725.92 2167
-924.768 724.915 2164
-928.457 724.915 2164
-932.146 724.915 2164
-934.538 723.91 2161
-938.222 723.91 2161
-941.906 723.91 2161
-945.59 723.91 2161
-947.956 722.905 2158
-949.43 721.23 2153
-951.772 720.225 2150
-955.437 720.225 2150
-956.426 718.215 2144
-960.081 718.215 2144
-963.736 718.215 2144
-967.391 718.215 2144
-970.14 717.545 2142
-972.428 716.54 2139
-974.705 715.535 2136
-978.347 715.535 2136
-981.988 715.535 2136
-984.245 714.53 2133
-986.955 713.86 2131
-990.588 713.86 2131
-992.821 712.855 2128
-996.448 712.855 2128
-998.666 711.85 2125
-1002.29 711.85 2125
-1004.49 710.845 2122
-1007.16 710.175 2120
-1007.91 708.165 2114
-1011.52 708.165 2114
-1014.16 707.495 2112
-1016.31 706.49 2109
-1016.04 703.81 2101
-1019.62 703.81 2101
-1020.77 702.135 2096
-1020.43 699.456 2088
-1019.09 696.106 2078
-1022.63 696.106 2078
-1017.28 690.076 2060
-1011.88 684.046 2042
-1013.87 683.041 2039
-1017.34 683.041 2039
-1016.31 680.026 2030
-1017.26 678.351 2025
-1016.68 675.671 2017
-1020.12 675.671 2017
-1023.56 675.671 2017
-1023.43 673.326 2010
-1025.84 672.657 2008
-1029.26 672.657 2008
-1030.11 670.982 2003
824.792 1362.79 4089
817.821 1362.79 4089
810.851 1362.79 4089
803.88 1362.79 4089
796.909 1362.79 4089
789.939 1362.79 4089
782.968 1362.79 4089
774.099 1359.46 4079
769.026 1362.79 4089
762.056 1362.79 4089
755.085 1362.79 4089
748.114 1362.79 4089
741.144 1362.79 4089
734.173 1362.79 4089
721.867 1352.79 4059
709.839 1343.13 4030
702.969 1343.13 4030
691.09 1333.46 4001
682.559 1330.13 3991
674.231 1327.13 3982
667.443 1327.13 3982
657.502 1320.8 3963
647.627 1314.46 3944
639.441 1311.47 3935
632.732 1311.47 3935
626.024 1311.47 3935
617.742 1308.13 3925
605.446 1296.13 3889
598.817 1296.13 3889
585.335 1281.14 3844
574.867 1272.47 3818
567.018 1269.47 3809
560.525 1269.47 3809
551.559 1263.81 3792
542.507 1257.81 3774
536.073 1257.81 3774
530.903 1260.81 3783
524.454 1260.81 3783
519.237 1263.81 3792
512.773 1263.81 3792
506.308 1263.81 3792
499.844 1263.81 3792
492.208 1260.81 3783
483.576 1255.14 3766
477.156 1255.14 3766
470.736 1255.14 3766
462.22 1249.47 3749
454.735 1246.48 3740
448.359 1246.48 3740
441.038 1243.81 3732
434.676 1243.81 3732
428.314 1243.81 3732
421.952 1243.81 3732
413.808 1238.48 3716
407.473 1238.48 3716
402.002 1241.14 3724
396.503 1243.81 3732
390.141 1243.81 3732
383.779 1243.81 3732
375.799 1238.48 3716
369.464 1238.48 3716
363.129 1238.48 3716
355.93 1235.48 3707
-6.81957 153.643 461
-7.60545 153.643 461
-8.39134 153.643 461
-9.15732 153.31 460
-9.9199 152.977 459
-10.6791 152.643 458
-11.4598 152.643 458
-12.2139 152.31 457
-12.9645 151.977 456
-13.7118 151.643 455
-14.4874 151.643 455
-15.2631 151.643 455
-16.0035 151.31 454
-16.5557 149.31 448
-17.2035 148.311 445
-17.9621 148.311 445
-18.7207 148.311 445
-34.5209 138.645 416
-35.2301 138.645 416
-35.9392 138.645 416
-36.5603 138.312 415
-37.178 137.979 414
-37.7007 137.312 412
-38.4031 137.312 412
-39.1054 137.312 412
-39.6146 136.646 410
-40.0185 135.646 407
-40.6123 135.313 406
-41.3045 135.313 406
-41.9966 135.313 406
-42.5836 134.979 405
-43.1671 134.646 404
-43.6388 133.979 402
-44.3241 133.979 402
-45.0094 133.979 402
-45.581 133.646 401
-46.1492 133.313 400
-46.8311 133.313 400
-47.513 133.313 400
-48.0744 132.98 399
-48.7546 132.98 399
-49.4348 132.98 399
-50.115 132.98 399
-50.7952 132.98 399
-51.4754 132.98 399
-52.1556 132.98 399
-52.8358 132.98 399
-53.3819 132.646 398
-54.0604 132.646 398
-54.7389 132.646 398
-55.4173 132.646 398
-56.0958 132.646 398
-56.7743 132.646 398
-57.4528 132.646 398
-58.1313 132.646 398
-58.8098 132.646 398
-59.4883 132.646 398
-60.1668 132.646 398
-60.8453 132.646 398
-61.3692 132.313 397
-62.046 132.313 397
-62.7227 132.313 397
-63.3995 132.313 397
-64.0763 132.313 397
-64.7531 132.313 397
-65.4299 132.313 397
-66.1067 132.313 397
-66.7835 132.313 397
-67.4602 132.313 397
-68.137 132.313 397
-68.8138 132.313 397
-69.6656 132.646 398
-70.3441 132.646 398
-71.0226 132.646 398
-71.7011 132.646 398
-72.3796 132.646 398
-73.2416 132.98 399
-73.9218 132.98 399
-74.602 132.98 399
-75.2822 132.98 399
-76.1528 133.313 400
-76.8347 133.313 400
-77.5166 133.313 400
-78.394 133.646 401
-79.0776 133.646 401
-79.7612 133.646 401
-80.6454 133.979 402
-81.533 134.313 403
-82.4241 134.646 404
-83.1128 134.646 404
-83.8015 134.646 404
-84.6994 134.979 405
-85.6006 135.313 406
-86.2928 135.313 406
-87.1991 135.646 407
-88.3249 136.312 409
-89.0221 136.312 409
-90.1581 136.979 411
-91.0798 137.312 412
-92.2277 137.979 414
-92.9335 137.979 414
-93.6392 137.979 414
-95.0287 138.979 417
-95.7395 138.979 417
-96.6817 139.312 418
-97.6273 139.645 419
-99.5151 141.312 424
-100.238 141.312 424
-101.437 141.978 426
-102.163 141.978 426
-102.889 141.978 426
-103.616 141.978 426
-104.587 142.312 427
-105.561 142.645 428
-106.291 142.645 428
-107.271 142.978 429
-108.506 143.645 431
-109.494 143.978 432
-110.23 143.978 432
-110.967 143.978 432
-111.962 144.311 433
-112.7 144.311 433
-113.438 144.311 433
-114.44 144.644 434
-115.445 144.978 435
-116.187 144.978 435
-117.735 145.978 438
-118.752 146.311 439
-119.772 146.644 440
-120.522 146.644 440
-121.548 146.977 441
-123.132 147.977 444
-123.889 147.977 444
-125.488 148.977 447
-126.25 148.977 447
-127.012 148.977 447
-127.774 148.977 447
-128.824 149.31 448
-129.877 149.644 449
-130.642 149.644 449
-131.7 149.977 450
-132.467 149.977 450
-133.234 149.977 450
-134.001 149.977 450
-805.401 754.551 2264
-809.261 754.551 2264
-813.12 754.551 2264
-815.897 753.551 2261
-819.752 753.551 2261
-812.314 743.219 2230
-816.115 743.219 2230
-819.917 743.219 2230
-828.151 747.219 2242
-831.973 747.219 2242
-845.115 755.551 2267
-852.35 758.55 2276
-856.23 758.55 2276
-860.11 758.55 2276
-863.99 758.55 2276
-867.87 758.55 2276
-871.75 758.55 2276
-873.322 756.551 2270
-877.192 756.551 2270
-877.568 753.551 2261
-881.423 753.551 2261
-877.838 747.219 2242
-876.941 743.219 2230
-876.003 739.22 2218
-879.784 739.22 2218
-880.378 736.554 2210
-881.745 734.554 2204
-883.092 732.554 2198
-886.839 732.554 2198
-888.155 730.555 2192
-889.451 728.555 2186
-893.177 728.555 2186
-896.904 728.555 2186
-898.57 726.888 2181
-901.047 725.889 2178
-902.268 723.889 2172
-905.97 723.889 2172
-908.417 722.889 2169
-910.012 721.223 2164
-913.701 721.223 2164
-917.39 721.223 2164
-921.079 721.223 2164
-923.486 720.223 2161
-925.883 719.223 2158
-929.562 719.223 2158
-933.24 719.223 2158
-934.748 717.557 2153
-938.419 717.557 2153
-942.089 717.557 2153
-945.759 717.557 2153
-949.43 717.557 2153
-951.772 716.557 2150
-955.437 716.557 2150
-956.426 714.557 2144
-960.081 714.557 2144
-963.736 714.557 2144
-967.391 714.557 2144
-970.14 713.891 2142
-972.428 712.891 2139
-974.705 711.891 2136
-978.347 711.891 2136
-981.988 711.891 2136
-984.245 710.891 2133
-986.955 710.224 2131
-990.588 710.224 2131
-992.821 709.224 2128
-996.448 709.224 2128
-998.666 708.225 2125
-1002.29 708.225 2125
-1004.49 707.225 2122
-1007.16 706.558 2120
-1007.91 704.559 2114
-1011.52 704.559 2114
-1014.16 703.892 2112
-1016.31 702.892 2109
-1016.04 700.226 2101
-1019.62 700.226 2101
-1018.33 696.893 2091
-1017.99 694.227 2083
-1016.15 690.561 2072
-1019.68 690.561 2072
-1017.28 686.561 2060
-1011.88 680.562 2042
-1010.38 677.229 2032
-1013.85 677.229 2032
-1014.81 675.563 2027
-1014.75 673.23 2020
-1016.68 672.23 2017
-1020.12 672.23 2017
-1020 669.897 2010
-1023.43 669.897 2010
-1025.84 669.231 2008
-1029.26 669.231 2008
-1030.11 667.564 2003
803.88 1355.81 4089
796.909 1355.81 4089
789.939 1355.81 4089
782.968 1355.81 4089
774.099 1352.5 4079
769.026 1355.81 4089
762.056 1355.81 4089
755.085 1355.81 4089
748.114 1355.81 4089
741.144 1355.81 4089
734.173 1355.81 4089
721.867 1345.87 4059
711.424 1339.24 4039
704.539 1339.24 4039
691.09 1326.64 4001
682.559 1323.32 3991
675.755 1323.32 3991
668.952 1323.32 3991
662.148 1323.32 3991
653.866 1320.34 3982
645.453 1317.02 3972
638.682 1317.02 3972
630.479 1314.04 3963
619.316 1304.75 3935
609.65 1298.45 3916
602.974 1298.45 3916
585.335 1274.58 3844
576.071 1268.61 3826
567.018 1262.97 3809
560.525 1262.97 3809
551.559 1257.34 3792
543.801 1254.35 3783
536.073 1251.37 3774
532.166 1257.34 3792
525.701 1257.34 3792
519.237 1257.34 3792
512.773 1257.34 3792
506.308 1257.34 3792
499.844 1257.34 3792
493.379 1257.34 3792
483.576 1248.72 3766
477.156 1248.72 3766
470.736 1248.72 3766
463.206 1245.73 3757
456.802 1245.73 3757
450.397 1245.73 3757
441.983 1240.09 3740
435.608 1240.09 3740
428.314 1237.44 3732
421.952 1237.44 3732
413.808 1232.14 3716
407.473 1232.14 3716
402.865 1237.44 3732
396.503 1237.44 3732
390.141 1237.44 3732
383.779 1237.44 3732
377.417 1237.44 3732
371.055 1237.44 3732
363.129 1232.14 3716
355.93 1229.15 3707
-6.05985 153.52 463
-6.84915 153.52 463
-7.63845 153.52 463
-8.42775 153.52 463
-9.17723 152.857 461
-9.94151 152.525 460
-10.7257 152.525 460
-11.4598 151.862 458
-12.2406 151.862 458
-12.993 151.53 457
-13.7419 151.199 456
-14.5192 151.199 456
-15.2631 150.867 455
-16.0035 150.536 454
-16.4448 147.551 445
-17.2035 147.551 445
-17.9621 147.551 445
-18.7207 147.551 445
-35.5937 136.609 412
-36.296 136.609 412
-36.9984 136.609 412
-37.7007 136.609 412
-38.4031 136.609 412
-39.1054 136.609 412
-39.4213 135.283 408
-39.9202 134.62 406
-40.6123 134.62 406
-41.3045 134.62 406
-41.8931 134.288 405
-42.4784 133.957 404
-43.0603 133.625 403
-43.6388 133.294 402
-44.3241 133.294 402
-45.0094 133.294 402
-45.581 132.962 401
-46.1492 132.63 400
-46.8311 132.63 400
-47.513 132.63 400
-48.0744 132.299 399
-48.7546 132.299 399
-49.4348 132.299 399
-50.115 132.299 399
-50.7952 132.299 399
-51.4754 132.299 399
-52.1556 132.299 399
-52.8358 132.299 399
-53.3819 131.967 398
-54.0604 131.967 398
-54.7389 131.967 398
-55.4173 131.967 398
-56.0958 131.967 398
-56.7743 131.967 398
-57.4528 131.967 398
-58.1313 131.967 398
-58.8098 131.967 398
-59.4883 131.967 398
-60.1668 131.967 398
-60.8453 131.967 398
-61.5238 131.967 398
-62.2022 131.967 398
-62.8807 131.967 398
-63.5592 131.967 398
-64.0763 131.636 397
-64.7531 131.636 397
-65.5947 131.967 398
-66.2732 131.967 398
-66.9517 131.967 398
-67.6302 131.967 398
-68.3086 131.967 398
-68.9871 131.967 398
-69.6656 131.967 398
-70.3441 131.967 398
-71.0226 131.967 398
-71.7011 131.967 398
-72.5614 132.299 399
-73.2416 132.299 399
-73.9218 132.299 399
-74.602 132.299 399
-75.4709 132.63 400
-76.1528 132.63 400
-77.0268 132.962 401
-77.7104 132.962 401
-78.394 132.962 401
-79.0776 132.962 401
-79.7612 132.962 401
-80.6454 133.294 402
-81.533 133.625 403
-82.4241 133.957 404
-83.1128 133.957 404
-84.0089 134.288 405
-84.6994 134.288 405
-85.6006 134.62 406
-86.2928 134.62 406
-87.4134 135.283 408
-88.5408 135.946 410
-89.2398 135.946 410
-90.1581 136.278 411
-91.0798 136.609 412
-92.2277 137.273 414
-92.9335 137.273 414
-93.8654 137.604 415
-95.2565 138.599 418
-95.9691 138.599 418
-96.913 138.93 419
-97.8603 139.262 420
-99.5151 140.588 424
-100.711 141.251 426
-101.437 141.251 426
-102.163 141.251 426
-102.889 141.251 426
-103.859 141.583 427
-104.832 141.915 428
-105.808 142.246 429
-106.539 142.246 429
-107.271 142.246 429
-108.506 142.909 431
-109.494 143.241 432
-110.23 143.241 432
-110.967 143.241 432
-111.962 143.572 433
-112.7 143.572 433
-113.438 143.572 433
-114.703 144.236 435
-115.976 144.899 437
-116.721 144.899 437
-118.003 145.562 439
-119.022 145.893 440
-119.772 145.893 440
-120.522 145.893 440
-121.548 146.225 441
-123.132 147.22 444
-123.889 147.22 444
-125.488 148.215 447
-126.25 148.215 447
-127.012 148.215 447
-127.774 148.215 447
-128.824 148.546 448
-129.877 148.878 449
-130.642 148.878 449
-131.7 149.209 450
-132.467 149.209 450
-133.234 149.209 450
-134.001 149.209 450
-804.334 749.694 2261
-808.188 749.694 2261
-812.043 749.694 2261
-815.897 749.694 2261
-819.752 749.694 2261
-813.407 740.409 2233
-816.115 739.415 2230
-819.917 739.415 2230
-824.827 740.409 2233
-828.633 740.409 2233
-836.914 744.388 2245
-848.98 751.683 2267
-853.973 752.678 2270
-857.843 752.678 2270
-861.712 752.678 2270
-865.582 752.678 2270
-869.452 752.678 2270
-871.013 750.688 2264
-874.873 750.688 2264
-876.016 748.367 2257
-879.863 748.367 2257
-873.139 739.415 2230
-872.222 735.436 2218
-874.818 734.441 2215
-878.594 734.441 2215
-877.988 730.794 2204
-878.145 727.81 2195
-878.271 724.825 2186
-881.997 724.825 2186
-884.914 724.162 2184
-887.416 723.167 2181
-891.134 723.167 2181
-894.852 723.167 2181
-897.334 722.173 2178
-898.565 720.183 2172
-901.022 719.189 2169
-904.719 719.189 2169
-906.323 717.531 2164
-910.012 717.531 2164
-912.434 716.536 2161
-916.118 716.536 2161
-918.525 715.541 2158
-920.922 714.547 2155
-923.737 713.883 2153
-927.408 713.883 2153
-931.078 713.883 2153
-934.748 713.883 2153
-937.111 712.889 2150
-940.776 712.889 2150
-943.124 711.894 2147
-945.461 710.899 2144
-949.116 710.899 2144
-952.771 710.899 2144
-955.534 710.236 2142
-959.185 710.236 2142
-961.488 709.241 2139
-965.135 709.241 2139
-967.422 708.247 2136
-969.7 707.252 2133
-972.424 706.589 2131
-976.056 706.589 2131
-979.689 706.589 2131
-983.322 706.589 2131
-985.565 705.594 2128
-989.193 705.594 2128
-992.821 705.594 2128
-993.639 703.604 2122
-997.256 703.604 2122
-1000.87 703.604 2122
-1003.54 702.941 2120
-1004.31 700.952 2114
-1006.96 700.289 2112
-1010.56 700.289 2112
-1014.16 700.289 2112
-1014.87 698.299 2106
-1014.59 695.647 2098
-1018.17 695.647 2098
-1018.33 693.326 2091
-1017.99 690.673 2083
-1016.15 687.026 2072
-1019.68 687.026 2072
-1017.28 683.047 2060
-1011.88 677.078 2042
-1010.38 673.763 2032
-1013.85 673.763 2032
-1014.81 672.105 2027
-1014.75 669.784 2020
-1016.68 668.789 2017
-1020.12 668.789 2017
-1020 666.468 2010
-1023.43 666.468 2010
-1025.84 665.805 2008
-1029.26 665.805 2008
-1030.11 664.147 2003
748.114 1348.84 4089
741.144 1348.84 4089
734.173 1348.84 4089
721.867 1338.94 4059
711.424 1332.34 4039
704.539 1332.34 4039
691.09 1319.81 4001
682.559 1316.51 3991
675.755 1316.51 3991
668.952 1316.51 3991
662.148 1316.51 3991
653.866 1313.54 3982
645.453 1310.24 3972
638.682 1310.24 3972
630.479 1307.27 3963
619.316 1298.04 3935
609.65 1291.77 3916
602.974 1291.77 3916
590.817 1279.9 3880
578.782 1268.02 3844
568.358 1259.44 3818
561.849 1259.44 3818
554.032 1256.47 3809
545.095 1250.87 3792
538.63 1250.87 3792
532.166 1250.87 3792
525.701 1250.87 3792
521.565 1256.47 3809
515.071 1256.47 3809
508.578 1256.47 3809
502.085 1256.47 3809
493.379 1250.87 3792
484.604 1244.93 3774
478.17 1244.93 3774
471.736 1244.93 3774
463.206 1239.32 3757
456.802 1239.32 3757
450.397 1239.32 3757
441.983 1233.71 3740
435.608 1233.71 3740
428.314 1231.07 3732
421.952 1231.07 3732
413.808 1225.8 3716
407.473 1225.8 3716
402.865 1231.07 3732
396.503 1231.07 3732
390.141 1231.07 3732
383.779 1231.07 3732
377.417 1231.07 3732
371.055 1231.07 3732
363.129 1225.8 3716
355.93 1222.83 3707
-6.05985 152.73 463
-6.84915 152.73 463
-7.63845 152.73 463
-8.42775 152.73 463
-9.17723 152.07 461
-9.96312 152.07 461
-10.749 152.07 461
-11.4849 151.41 459
-12.2406 151.08 458
-12.993 150.751 457
-13.7419 150.421 456
-14.5192 150.421 456
-15.2631 150.091 455
-16.0035 149.761 454
-16.4448 146.792 445
-17.2035 146.792 445
-17.9621 146.792 445
-18.7207 146.792 445
-36.2079 135.577 411
-36.9086 135.577 411
-37.6092 135.577 411
-38.3099 135.577 411
-39.0105 135.577 411
-39.4213 134.587 408
-39.9202 133.927 406
-40.6123 133.927 406
-41.3045 133.927 406
-41.8931 133.597 405
-42.5836 133.597 405
-43.1671 133.267 404
-43.8559 133.267 404
-44.4343 132.938 403
-45.0094 132.608 402
-45.581 132.278 401
-46.1492 131.948 400
-46.8311 131.948 400
-47.513 131.948 400
-48.1949 131.948 400
-48.7546 131.618 399
-49.4348 131.618 399
-50.115 131.618 399
-50.7952 131.618 399
-51.4754 131.618 399
-52.1556 131.618 399
-52.8358 131.618 399
-53.516 131.618 399
-54.0604 131.288 398
-54.7389 131.288 398
-55.4173 131.288 398
-56.0958 131.288 398
-56.7743 131.288 398
-57.4528 131.288 398
-58.1313 131.288 398
-58.8098 131.288 398
-59.4883 131.288 398
-60.1668 131.288 398
-60.8453 131.288 398
-61.5238 131.288 398
-62.2022 131.288 398
-62.8807 131.288 398
-63.5592 131.288 398
-64.0763 130.958 397
-64.7531 130.958 397
-65.5947 131.288 398
-66.2732 131.288 398
-66.9517 131.288 398
-67.6302 131.288 398
-68.3086 131.288 398
-68.9871 131.288 398
-69.6656 131.288 398
-70.3441 131.288 398
-71.0226 131.288 398
-71.7011 131.288 398
-72.5614 131.618 399
-73.2416 131.618 399
-73.9218 131.618 399
-74.602 131.618 399
-75.4709 131.948 400
-76.1528 131.948 400
-77.0268 132.278 401
-77.7104 132.278 401
-78.394 132.278 401
-79.2748 132.608 402
-79.9601 132.608 402
-80.846 132.938 403
-81.7354 133.267 404
-82.6281 133.597 405
-83.3185 133.597 405
-84.0089 133.597 405
-84.9085 133.927 406
-85.8115 134.257 407
-86.5053 134.257 407
-87.6276 134.917 409
-88.5408 135.247 410
-89.2398 135.247 410
-90.3774 135.906 412
-91.5219 136.566 414
-92.4505 136.896 415
-93.1579 136.896 415
-94.3178 137.556 417
-95.4844 138.216 419
-96.1987 138.216 419
-97.1443 138.545 420
-98.5593 139.535 423
-99.2804 139.535 423
-100.711 140.525 426
-101.437 140.525 426
-102.403 140.854 427
-103.131 140.854 427
-103.859 140.854 427
-104.832 141.184 428
-105.808 141.514 429
-106.539 141.514 429
-107.271 141.514 429
-108.506 142.174 431
-109.24 142.174 431
-110.23 142.504 432
-110.967 142.504 432
-111.962 142.834 433
-112.7 142.834 433
-113.438 142.834 433
-114.703 143.493 435
-116.507 144.813 439
-117.255 144.813 439
-118.272 145.143 440
-119.293 145.473 441
-120.045 145.473 441
-121.07 145.803 442
-122.375 146.462 444
-123.964 147.452 447
-124.726 147.452 447
-125.769 147.782 448
-126.532 147.782 448
-127.296 147.782 448
-128.06 147.782 448
-128.824 147.782 448
-129.877 148.112 449
-130.642 148.112 449
-131.7 148.441 450
-132.467 148.441 450
-133.234 148.441 450
-134.001 148.441 450
-809.67 750.784 2276
-813.55 750.784 2276
-817.43 750.784 2276
-815.897 745.836 2261
-819.752 745.836 2261
-816.685 739.569 2242
-817.213 736.6 2233
-821.02 736.6 2233
-825.935 737.589 2236
-829.747 737.589 2236
-840.269 743.527 2254
-848.98 747.815 2267
-853.973 748.805 2270
-857.843 748.805 2270
-861.712 748.805 2270
-865.582 748.805 2270
-869.452 748.805 2270
-872.168 747.815 2267
-876.032 747.815 2267
-876.016 744.517 2257
-879.863 744.517 2257
-873.139 735.61 2230
-873.402 732.641 2221
-874.818 730.662 2215
-878.594 730.662 2215
-879.183 728.023 2207
-880.545 726.044 2201
-880.681 723.075 2192
-884.418 723.075 2192
-885.724 721.096 2186
-887.416 719.446 2181
-891.134 719.446 2181
-894.852 719.446 2181
-897.334 718.457 2178
-898.565 716.478 2172
-901.022 715.488 2169
-904.719 715.488 2169
-906.323 713.839 2164
-908.75 712.849 2161
-911.167 711.859 2158
-914.846 711.859 2158
-917.248 710.87 2155
-920.922 710.87 2155
-923.737 710.21 2153
-927.408 710.21 2153
-929.781 709.221 2150
-932.143 708.231 2147
-935.804 708.231 2147
-939.464 708.231 2147
-941.806 707.241 2144
-945.461 707.241 2144
-948.231 706.582 2142
-951.882 706.582 2142
-955.534 706.582 2142
-957.842 705.592 2139
-960.14 704.602 2136
-963.781 704.602 2136
-966.064 703.613 2133
-968.791 702.953 2131
-972.424 702.953 2131
-976.056 702.953 2131
-979.689 702.953 2131
-981.938 701.963 2128
-984.176 700.974 2125
-987.799 700.974 2125
-990.021 699.984 2122
-993.639 699.984 2122
-996.317 699.324 2120
-999.931 699.324 2120
-1000.7 697.345 2114
-1003.36 696.685 2112
-1006.96 696.685 2112
-1010.56 696.685 2112
-1011.28 694.706 2106
-1011.01 692.067 2098
-1013.62 691.408 2096
-1017.2 691.408 2096
-1015.41 687.779 2085
-1017.99 687.119 2083
-1016.15 683.491 2072
-1019.68 683.491 2072
-1017.28 679.532 2060
-1011.88 673.595 2042
-1010.38 670.296 2032
-1013.85 670.296 2032
-1014.81 668.646 2027
-1014.75 666.337 2020
-1016.68 665.348 2017
-1020.12 665.348 2017
-1020 663.039 2010
-1023.43 663.039 2010
-1025.84 662.379 2008
-1029.26 662.379 2008
-1030.11 660.73 2003
748.114 1341.86 4089
741.144 1341.86 4089
734.173 1341.86 4089
723.645 1335.3 4069
713.186 1328.74 4049
706.283 1328.74 4049
692.644 1315.94 4010
685.808 1315.94 4010
678.972 1315.94 4010
672.136 1315.94 4010
663.807 1312.98 4001
656.986 1312.98 4001
647.078 1306.75 3982
640.29 1306.75 3982
633.502 1306.75 3982
623.723 1300.51 3963
612.608 1291.32 3935
605.9 1291.32 3935
590.817 1273.28 3880
578.782 1261.46 3844
568.358 1252.93 3818
561.849 1252.93 3818
554.032 1249.98 3809
545.095 1244.4 3792
538.63 1244.4 3792
532.166 1244.4 3792
525.701 1244.4 3792
521.565 1249.98 3809
515.071 1249.98 3809
508.578 1249.98 3809
502.085 1249.98 3809
493.379 1244.4 3792
484.604 1238.49 3774
478.17 1238.49 3774
471.736 1238.49 3774
463.206 1232.91 3757
456.802 1232.91 3757
450.397 1232.91 3757
441.983 1227.33 3740
435.608 1227.33 3740
428.314 1224.71 3732
421.952 1224.71 3732
414.698 1222.08 3724
409.227 1224.71 3732
402.865 1224.71 3732
398.309 1230.29 3749
391.918 1230.29 3749
385.527 1230.29 3749
377.417 1224.71 3732
371.055 1224.71 3732
363.129 1219.46 3716
355.93 1216.5 3707
-6.05985 151.94 463
-6.84915 151.94 463
-7.63845 151.94 463
-8.42775 151.94 463
-9.17723 151.284 461
-9.96312 151.284 461
-10.749 151.284 461
-11.4849 150.627 459
-12.2406 150.299 458
-12.993 149.971 457
-13.7419 149.643 456
-14.5192 149.643 456
-15.2631 149.315 455
-36.2079 134.875 411
-36.9086 134.875 411
-37.6092 134.875 411
-38.3099 134.875 411
-39.0105 134.875 411
-39.4213 133.891 408
-39.9202 133.235 406
-40.6123 133.235 406
-41.3045 133.235 406
-41.8931 132.906 405
-42.5836 132.906 405
-43.1671 132.578 404
-43.8559 132.578 404
-44.4343 132.25 403
-45.0094 131.922 402
-45.581 131.594 401
-46.2646 131.594 401
-46.9482 131.594 401
-47.513 131.266 400
-48.1949 131.266 400
-48.8768 131.266 400
-49.5587 131.266 400
-50.115 130.937 399
-50.7952 130.937 399
-51.4754 130.937 399
-52.1556 130.937 399
-52.8358 130.937 399
-53.516 130.937 399
-54.1962 130.937 399
-54.8764 130.937 399
-55.4173 130.609 398
-56.0958 130.609 398
-56.7743 130.609 398
-57.4528 130.609 398
-58.1313 130.609 398
-58.8098 130.609 398
-59.4883 130.609 398
-60.1668 130.609 398
-60.8453 130.609 398
-61.5238 130.609 398
-62.2022 130.609 398
-62.8807 130.609 398
-63.5592 130.609 398
-64.2377 130.609 398
-64.9162 130.609 398
-65.5947 130.609 398
-66.2732 130.609 398
-66.9517 130.609 398
-67.6302 130.609 398
-68.3086 130.609 398
-68.9871 130.609 398
-69.6656 130.609 398
-70.3441 130.609 398
-71.2011 130.937 399
-71.8813 130.937 399
-72.5614 130.937 399
-73.2416 130.937 399
-74.1071 131.266 400
-74.789 131.266 400
-75.4709 131.266 400
-76.1528 131.266 400
-77.0268 131.594 401
-77.7104 131.594 401
-78.394 131.594 401
-79.2748 131.922 402
-79.9601 131.922 402
-80.846 132.25 403
-81.7354 132.578 404
-82.6281 132.906 405
-83.3185 132.906 405
-84.0089 132.906 405
-84.9085 133.235 406
-85.8115 133.563 407
-86.5053 133.563 407
-87.6276 134.219 409
-88.5408 134.547 410
-89.2398 134.547 410
-90.3774 135.204 412
-91.5219 135.86 414
-92.4505 136.188 415
-93.1579 136.188 415
-94.3178 136.844 417
-95.4844 137.501 419
-96.1987 137.501 419
-97.6069 138.485 422
-99.2583 139.798 426
-99.9845 139.798 426
-100.711 139.798 426
-101.675 140.126 427
-102.403 140.126 427
-103.131 140.126 427
-103.859 140.126 427
-104.832 140.454 428
-105.808 140.782 429
-106.539 140.782 429
-107.521 141.11 430
-108.757 141.767 432
-109.494 141.767 432
-110.23 141.767 432
-110.967 141.767 432
-111.962 142.095 433
-112.7 142.095 433
-113.7 142.423 434
-114.967 143.079 436
-116.507 144.064 439
-117.522 144.392 440
-118.541 144.72 441
-119.563 145.048 442
-120.317 145.048 442
-121.618 145.705 444
-122.651 146.033 445
-124.241 147.017 448
-125.005 147.017 448
-125.769 147.017 448
-126.532 147.017 448
-127.296 147.017 448
-128.06 147.017 448
-129.111 147.346 449
-129.877 147.346 449
-130.642 147.346 449
-131.7 147.674 450
-132.467 147.674 450
-133.234 147.674 450
-134.001 147.674 450
-809.67 746.901 2276
-813.55 746.901 2276
-817.43 746.901 2276
-813.371 739.681 2254
-817.214 739.681 2254
-816.685 735.743 2242
-817.213 732.79 2233
-821.02 732.79 2233
-825.935 733.774 2236
-829.747 733.774 2236
-840.269 739.681 2254
-848.98 743.948 2267
-852.844 743.948 2267
-856.709 743.948 2267
-860.574 743.948 2267
-864.438 743.948 2267
-868.303 743.948 2267
-872.168 743.948 2267
-876.032 743.948 2267
-874.851 739.681 2254
-878.694 739.681 2254
-873.139 731.805 2230
-873.402 728.852 2221
-874.818 726.883 2215
-878.594 726.883 2215
-879.183 724.258 2207
-880.545 722.289 2201
-884.297 722.289 2201
-888.049 722.289 2201
-888.155 719.335 2192
-889.451 717.366 2186
-893.177 717.366 2186
-896.904 717.366 2186
-898.57 715.725 2181
-901.047 714.741 2178
-902.268 712.772 2172
-905.97 712.772 2172
-907.579 711.131 2167
-910.012 710.147 2164
-912.434 709.162 2161
-916.118 709.162 2161
-918.525 708.178 2158
-920.922 707.193 2155
-923.737 706.537 2153
-927.408 706.537 2153
-929.781 705.552 2150
-933.446 705.552 2150
-937.111 705.552 2150
-940.776 705.552 2150
-943.124 704.568 2147
-945.461 703.583 2144
-948.231 702.927 2142
-951.882 702.927 2142
-954.195 701.943 2139
-957.842 701.943 2139
-960.14 700.958 2136
-963.781 700.958 2136
-966.064 699.974 2133
-968.791 699.317 2131
-971.055 698.333 2128
-974.682 698.333 2128
-978.31 698.333 2128
-980.553 697.348 2125
-982.787 696.364 2122
-986.404 696.364 2122
-990.021 696.364 2122
-992.703 695.707 2120
-994.907 694.723 2117
-998.516 694.723 2117
-1000.7 693.738 2114
-1003.36 693.082 2112
-1004.1 691.113 2106
-1007.69 691.113 2106
-1010.32 690.457 2104
-1011.01 688.488 2098
-1012.17 686.847 2093
-1015.74 686.847 2093
-1014.44 683.565 2083
-1015.55 681.925 2078
-1016.15 679.956 2072
-1019.68 679.956 2072
-1017.28 676.018 2060
-1011.88 670.111 2042
-1010.38 666.829 2032
-1013.85 666.829 2032
-1013.81 664.532 2025
-1014.75 662.891 2020
-1015.67 661.25 2015
-1019.11 661.25 2015
-1020 659.609 2010
-1023.43 659.609 2010
-1024.3 657.969 2005
-1027.72 657.969 2005
-1030.11 657.312 2003
748.114 1334.89 4089
741.144 1334.89 4089
734.173 1334.89 4089
725.424 1331.62 4079
714.947 1325.09 4059
708.028 1325.09 4059
697.654 1318.56 4039
687.519 1312.36 4020
680.666 1312.36 4020
673.812 1312.36 4020
666.959 1312.36 4020
658.464 1309.1 4010
650.166 1306.16 4001
643.345 1306.16 4001
636.524 1306.16 4001
626.713 1299.95 3982
615.41 1290.49 3953
608.671 1290.49 3953
592.187 1269.59 3889
580.137 1257.84 3853
572.229 1254.9 3844
565.676 1254.9 3844
555.341 1246.42 3818
547.538 1243.48 3809
538.63 1237.93 3792
535.815 1246.42 3818
529.306 1246.42 3818
525.125 1251.97 3835
518.587 1251.97 3835
512.049 1251.97 3835
504.325 1249.03 3826
493.379 1237.93 3792
484.604 1232.05 3774
478.17 1232.05 3774
471.736 1232.05 3774
463.206 1226.5 3757
456.802 1226.5 3757
450.397 1226.5 3757
443.992 1226.5 3757
435.608 1220.95 3740
428.314 1218.34 3732
421.952 1218.34 3732
415.589 1218.34 3732
409.227 1218.34 3732
402.865 1218.34 3732
398.309 1223.89 3749
391.918 1223.89 3749
385.527 1223.89 3749
377.417 1218.34 3732
371.055 1218.34 3732
363.129 1213.12 3716
355.93 1210.18 3707
-4.50061 151.803 465
-5.29332 151.803 465
-6.08603 151.803 465
-6.87874 151.803 465
-7.67145 151.803 465
-8.42775 151.15 463
-9.17723 150.497 461
-9.96312 150.497 461
-10.749 150.497 461
-11.5099 150.171 460
-12.2406 149.518 458
-12.993 149.191 457
-13.7419 148.865 456
-14.5192 148.865 456
-15.2966 148.865 456
-36.2079 134.174 411
-36.9086 134.174 411
-37.6092 134.174 411
-38.3099 134.174 411
-39.0105 134.174 411
-39.4213 133.195 408
-39.9202 132.542 406
-40.6123 132.542 406
-41.3045 132.542 406
-41.8931 132.215 405
-42.5836 132.215 405
-43.1671 131.889 404
-43.8559 131.889 404
-44.5446 131.889 404
-45.1213 131.562 403
-45.6947 131.236 402
-46.2646 130.91 401
-46.9482 130.91 401
-47.513 130.583 400
-48.1949 130.583 400
-48.8768 130.583 400
-49.5587 130.583 400
-50.2406 130.583 400
-50.7952 130.257 399
-51.4754 130.257 399
-52.1556 130.257 399
-52.8358 130.257 399
-53.516 130.257 399
-54.1962 130.257 399
-54.8764 130.257 399
-55.5566 130.257 399
-56.2368 130.257 399
-56.917 130.257 399
-57.5972 130.257 399
-58.2774 130.257 399
-58.8098 129.93 398
-59.4883 129.93 398
-60.1668 129.93 398
-60.8453 129.93 398
-61.5238 129.93 398
-62.2022 129.93 398
-62.8807 129.93 398
-63.5592 129.93 398
-64.2377 129.93 398
-64.9162 129.93 398
-65.5947 129.93 398
-66.2732 129.93 398
-66.9517 129.93 398
-67.6302 129.93 398
-68.3086 129.93 398
-68.9871 129.93 398
-69.6656 129.93 398
-70.5209 130.257 399
-71.2011 130.257 399
-71.8813 130.257 399
-72.5614 130.257 399
-73.2416 130.257 399
-74.1071 130.583 400
-74.789 130.583 400
-75.4709 130.583 400
-76.3432 130.91 401
-77.0268 130.91 401
-77.7104 130.91 401
-78.394 130.91 401
-79.2748 131.236 402
-79.9601 131.236 402
-80.846 131.562 403
-81.9377 132.215 405
-82.6281 132.215 405
-83.3185 132.215 405
-84.0089 132.215 405
-84.9085 132.542 406
-85.8115 132.868 407
-86.5053 132.868 407
-87.6276 133.521 409
-88.7568 134.174 411
-89.4574 134.174 411
-90.3774 134.501 412
-91.743 135.48 415
-92.4505 135.48 415
-93.6069 136.133 417
-94.7701 136.786 419
-95.7123 137.112 420
-96.4283 137.112 420
-97.6069 137.765 422
-99.2583 139.071 426
-99.9845 139.071 426
-100.711 139.071 426
-101.675 139.397 427
-102.403 139.397 427
-103.131 139.397 427
-103.859 139.397 427
-104.832 139.724 428
-105.808 140.05 429
-106.539 140.05 429
-107.521 140.377 430
-108.757 141.03 432
-109.494 141.03 432
-110.23 141.03 432
-110.967 141.03 432
-111.962 141.356 433
-112.7 141.356 433
-113.7 141.683 434
-114.967 142.336 436
-116.507 143.315 439
-117.522 143.641 440
-118.541 143.968 441
-119.563 144.294 442
-120.317 144.294 442
-121.892 145.274 445
-122.926 145.6 446
-124.241 146.253 448
-125.005 146.253 448
-125.769 146.253 448
-126.815 146.58 449
-127.58 146.58 449
-128.346 146.58 449
-129.111 146.58 449
-129.877 146.58 449
-130.642 146.58 449
-131.7 146.906 450
-132.467 146.906 450
-133.234 146.906 450
-134.001 146.906 450
-812.872 745.956 2285
-816.767 745.956 2285
-820.662 745.956 2285
-821.31 743.018 2276
-825.19 743.018 2276
-821.056 735.836 2254
-820.507 731.918 2242
-823.226 730.939 2239
-827.043 730.939 2239
-830.86 730.939 2239
-840.269 735.836 2254
-850.103 741.059 2270
-853.973 741.059 2270
-858.976 742.039 2273
-862.851 742.039 2273
-866.726 742.039 2273
-870.601 742.039 2273
-872.168 740.08 2267
-876.032 740.08 2267
-879.897 740.08 2267
-878.694 735.836 2254
-873.139 728.001 2230
-874.581 726.042 2224
-874.818 723.104 2215
-878.594 723.104 2215
-879.183 720.492 2207
-880.545 718.534 2201
-884.297 718.534 2201
-888.049 718.534 2201
-888.155 715.595 2192
-889.451 713.637 2186
-893.177 713.637 2186
-896.904 713.637 2186
-898.57 712.004 2181
-901.047 711.025 2178
-902.268 709.066 2172
-905.97 709.066 2172
-907.579 707.434 2167
-910.012 706.455 2164
-912.434 705.475 2161
-916.118 705.475 2161
-918.525 704.496 2158
-920.922 703.517 2155
-923.737 702.864 2153
-927.408 702.864 2153
-929.781 701.884 2150
-933.446 701.884 2150
-937.111 701.884 2150
-940.776 701.884 2150
-943.124 700.905 2147
-945.461 699.925 2144
-948.231 699.273 2142
-951.882 699.273 2142
-955.534 699.273 2142
-957.842 698.293 2139
-960.14 697.314 2136
-963.781 697.314 2136
-966.064 696.334 2133
-968.791 695.682 2131
-971.055 694.702 2128
-974.682 694.702 2128
-978.31 694.702 2128
-980.553 693.723 2125
-982.787 692.743 2122
-986.404 692.743 2122
-990.021 692.743 2122
-992.703 692.091 2120
-994.907 691.111 2117
-998.516 691.111 2117
-1000.7 690.132 2114
-1003.36 689.479 2112
-1004.1 687.52 2106
-1007.69 687.52 2106
-1010.32 686.867 2104
-1011.01 684.908 2098
-1012.17 683.276 2093
-1015.74 683.276 2093
-1012.98 679.032 2080
-1012.61 676.421 2072
-1012.71 674.135 2065
-1016.23 674.135 2065
-1011.85 668.912 2049
-1010.39 665.647 2039
-1010.38 663.362 2032
-1013.85 663.362 2032
-1012.31 660.098 2022
-1013.24 658.465 2017
-1013.15 656.18 2010
-1016.58 656.18 2010
-1020 656.18 2010
-1020.89 654.548 2005
-1023.28 653.895 2003
-1026.7 653.895 2003
-1027.54 652.263 1998
748.114 1327.91 4089
741.144 1327.91 4089
734.173 1327.91 4089
727.202 1327.91 4089
720.231 1327.91 4089
713.261 1327.91 4089
702.835 1321.41 4069
695.899 1321.41 4069
688.962 1321.41 4069
682.026 1321.41 4069
673.43 1318.17 4059
663.226 1311.67 4039
653.253 1305.5 4020
646.4 1305.5 4020
639.547 1305.5 4020
629.704 1299.33 4001
619.925 1293.16 3982
613.137 1293.16 3982
594.928 1268.8 3907
585.557 1262.96 3889
576.248 1257.11 3871
569.649 1257.11 3871
559.123 1248.35 3844
551.276 1245.42 3835
542.323 1239.9 3818
540.726 1251.27 3853
534.158 1251.27 3853
527.59 1251.27 3853
521.021 1251.27 3853
514.453 1251.27 3853
504.325 1242.5 3826
493.379 1231.46 3792
484.604 1225.61 3774
478.17 1225.61 3774
471.736 1225.61 3774
463.206 1220.09 3757
456.802 1220.09 3757
450.397 1220.09 3757
443.992 1220.09 3757
437.588 1220.09 3757
431.183 1220.09 3757
424.778 1220.09 3757
415.589 1211.97 3732
409.227 1211.97 3732
402.865 1211.97 3732
398.309 1217.49 3749
391.918 1217.49 3749
385.527 1217.49 3749
377.417 1211.97 3732
371.055 1211.97 3732
363.129 1206.78 3716
355.93 1203.85 3707
-4.50061 151.01 465
-5.29332 151.01 465
-6.08603 151.01 465
-6.87874 151.01 465
-7.67145 151.01 465
-8.42775 150.36 463
-9.19714 150.035 462
-9.96312 149.711 461
-10.749 149.711 461
-11.5349 149.711 461
-12.2941 149.386 460
-13.0214 148.736 458
-13.8022 148.736 458
-14.5511 148.412 457
-15.2966 148.087 456
-36.2079 133.473 411
-36.9086 133.473 411
-37.6092 133.473 411
-38.3099 133.473 411
-39.0105 133.473 411
-39.4213 132.499 408
-39.9202 131.849 406
-40.6123 131.849 406
-41.3045 131.849 406
-41.8931 131.524 405
-42.5836 131.524 405
-43.1671 131.2 404
-43.8559 131.2 404
-44.5446 131.2 404
-45.1213 130.875 403
-45.6947 130.55 402
-46.2646 130.225 401
-46.9482 130.225 401
-47.513 129.901 400
-48.1949 129.901 400
-48.8768 129.901 400
-49.5587 129.901 400
-50.2406 129.901 400
-50.7952 129.576 399
-51.4754 129.576 399
-52.1556 129.576 399
-52.8358 129.576 399
-53.516 129.576 399
-54.1962 129.576 399
-54.8764 129.576 399
-55.5566 129.576 399
-56.2368 129.576 399
-56.917 129.576 399
-57.5972 129.576 399
-58.2774 129.576 399
-58.9576 129.576 399
-59.4883 129.251 398
-60.1668 129.251 398
-60.8453 129.251 398
-61.5238 129.251 398
-62.2022 129.251 398
-62.8807 129.251 398
-63.5592 129.251 398
-64.2377 129.251 398
-64.9162 129.251 398
-65.5947 129.251 398
-66.2732 129.251 398
-66.9517 129.251 398
-67.6302 129.251 398
-68.3086 129.251 398
-68.9871 129.251 398
-69.6656 129.251 398
-70.5209 129.576 399
-71.2011 129.576 399
-71.8813 129.576 399
-72.5614 129.576 399
-73.4252 129.901 400
-74.1071 129.901 400
-74.789 129.901 400
-75.4709 129.901 400
-76.3432 130.225 401
-77.0268 130.225 401
-77.7104 130.225 401
-78.394 130.225 401
-79.2748 130.55 402
-79.9601 130.55 402
-81.0466 131.2 404
-81.9377 131.524 405
-82.6281 131.524 405
-83.3185 131.524 405
-84.2164 131.849 406
-84.9085 131.849 406
-85.8115 132.174 407
-86.5053 132.174 407
-87.8419 133.148 410
-88.7568 133.473 411
-89.4574 133.473 411
-90.3774 133.798 412
-91.9641 135.097 416
-92.6732 135.097 416
-93.6069 135.421 417
-94.7701 136.071 419
-95.9402 136.72 421
-96.6579 136.72 421
-98.0695 137.695 424
-99.2583 138.344 426
-99.9845 138.344 426
-100.947 138.669 427
-101.675 138.669 427
-102.403 138.669 427
-103.131 138.669 427
-104.102 138.994 428
-105.077 139.318 429
-106.055 139.643 430
-106.788 139.643 430
-107.521 139.643 430
-108.757 140.293 432
-109.494 140.293 432
-110.23 140.293 432
-111.223 140.617 433
-112.22 140.942 434
-112.96 140.942 434
-113.962 141.267 435
-115.758 142.566 439
-116.507 142.566 439
-117.789 143.215 441
-119.079 143.865 443
-120.375 144.514 445
-121.133 144.514 445
-121.892 144.514 445
-122.926 144.839 446
-124.241 145.489 448
-125.005 145.489 448
-125.769 145.489 448
-126.815 145.814 449
-127.58 145.814 449
-128.346 145.814 449
-129.111 145.814 449
-129.877 145.814 449
-130.642 145.814 449
-131.7 146.138 450
-132.467 146.138 450
-133.234 146.138 450
-835.529 766.414 2360
-839.552 766.414 2360
-843.576 766.414 2360
-830 750.501 2311
-833.94 750.501 2311
-828.453 742.058 2285
-823.606 734.264 2261
-821.605 729.068 2245
-825.432 729.068 2245
-832.584 731.99 2254
-836.426 731.99 2254
-841.387 732.965 2257
-851.227 738.161 2273
-855.102 738.161 2273
-860.11 739.135 2276
-863.99 739.135 2276
-867.87 739.135 2276
-870.601 738.161 2273
-873.322 737.186 2270
-876.032 736.212 2267
-879.897 736.212 2267
-879.863 732.965 2257
-874.314 725.171 2233
-876.941 724.196 2230
-878.373 722.248 2224
-882.164 722.248 2224
-881.573 718.675 2213
-881.745 715.753 2204
-884.297 714.778 2201
-888.049 714.778 2201
-890.586 713.804 2198
-890.671 710.881 2189
-893.177 709.907 2186
-896.904 709.907 2186
-898.57 708.283 2181
-901.047 707.309 2178
-903.514 706.335 2175
-907.222 706.335 2175
-907.579 703.737 2167
-910.012 702.763 2164
-912.434 701.788 2161
-916.118 701.788 2161
-918.525 700.814 2158
-920.922 699.84 2155
-923.737 699.19 2153
-927.408 699.19 2153
-929.781 698.216 2150
-933.446 698.216 2150
-937.111 698.216 2150
-940.776 698.216 2150
-944.442 698.216 2150
-946.784 697.242 2147
-949.116 696.268 2144
-952.771 696.268 2144
-955.534 695.618 2142
-957.842 694.644 2139
-960.14 693.67 2136
-963.781 693.67 2136
-966.064 692.695 2133
-968.791 692.046 2131
-971.055 691.072 2128
-974.682 691.072 2128
-978.31 691.072 2128
-980.553 690.097 2125
-982.787 689.123 2122
-986.404 689.123 2122
-989.089 688.474 2120
-991.298 687.499 2117
-994.907 687.499 2117
-998.516 687.499 2117
-999.758 685.876 2112
-1001.93 684.901 2109
-1004.1 683.927 2106
-1007.69 683.927 2106
-1010.32 683.278 2104
-1010.05 680.68 2096
-1009.75 678.082 2088
-1013.31 678.082 2088
-1012.98 675.484 2080
-1012.61 672.885 2072
-1012.71 670.612 2065
-1016.23 670.612 2065
-1011.85 665.416 2049
-1010.39 662.169 2039
-1010.38 659.895 2032
-1013.85 659.895 2032
-1012.31 656.648 2022
-1013.24 655.024 2017
-1013.15 652.751 2010
-1016.58 652.751 2010
-1020 652.751 2010
-1020.89 651.127 2005
-1023.28 650.478 2003
-1026.7 650.478 2003
-1027.54 648.854 1998
739.331 1317.7 4079
732.377 1317.7 4079
727.202 1320.93 4089
720.231 1320.93 4089
713.261 1320.93 4089
702.835 1314.47 4069
695.899 1314.47 4069
688.962 1314.47 4069
682.026 1314.47 4069
673.43 1311.24 4059
663.226 1304.78 4039
653.253 1298.64 4020
646.4 1298.64 4020
639.547 1298.64 4020
629.704 1292.51 4001
619.925 1286.37 3982
613.137 1286.37 3982
596.298 1265.05 3916
585.557 1256.32 3889
577.588 1253.42 3880
570.973 1253.42 3880
560.432 1244.69 3853
552.569 1241.79 3844
543.46 1235.97 3826
541.989 1247.6 3862
535.406 1247.6 3862
530.054 1250.51 3871
523.455 1250.51 3871
516.856 1250.51 3871
506.698 1241.79 3844
493.379 1224.99 3792
485.759 1222.08 3783
479.31 1222.08 3783
472.861 1222.08 3783
465.302 1219.17 3774
458.869 1219.17 3774
452.435 1219.17 3774
446.001 1219.17 3774
439.568 1219.17 3774
432.216 1216.59 3766
425.796 1216.59 3766
415.589 1205.61 3732
407.473 1200.44 3716
402.865 1205.61 3732
396.503 1205.61 3732
390.141 1205.61 3732
383.779 1205.61 3732
377.417 1205.61 3732
371.055 1205.61 3732
363.129 1200.44 3716
355.93 1197.53 3707
-4.50061 150.216 465
-5.29332 150.216 465
-6.08603 150.216 465
-6.87874 150.216 465
-7.67145 150.216 465
-8.42775 149.57 463
-9.21705 149.57 463
-9.98473 149.247 462
-10.7723 149.247 462
-11.5599 149.247 462
-12.3208 148.924 461
-13.0498 148.278 459
-13.8323 148.278 459
-14.5829 147.955 458
-15.3302 147.632 457
-16.074 147.309 456
-36.9086 132.772 411
-37.6092 132.772 411
-38.3099 132.772 411
-39.0105 132.772 411
-39.4213 131.803 408
-39.9202 131.157 406
-40.6123 131.157 406
-41.3045 131.157 406
-41.8931 130.833 405
-42.5836 130.833 405
-43.1671 130.51 404
-43.8559 130.51 404
-44.5446 130.51 404
-45.1213 130.187 403
-45.6947 129.864 402
-46.2646 129.541 401
-46.9482 129.541 401
-47.513 129.218 400
-48.1949 129.218 400
-48.8768 129.218 400
-49.5587 129.218 400
-50.2406 129.218 400
-50.7952 128.895 399
-51.4754 128.895 399
-52.1556 128.895 399
-52.8358 128.895 399
-53.516 128.895 399
-54.1962 128.895 399
-54.8764 128.895 399
-55.5566 128.895 399
-56.2368 128.895 399
-56.917 128.895 399
-57.5972 128.895 399
-58.2774 128.895 399
-58.9576 128.895 399
-59.4883 128.572 398
-60.1668 128.572 398
-60.8453 128.572 398
-61.5238 128.572 398
-62.2022 128.572 398
-62.8807 128.572 398
-63.5592 128.572 398
-64.2377 128.572 398
-64.9162 128.572 398
-65.5947 128.572 398
-66.2732 128.572 398
-66.9517 128.572 398
-67.6302 128.572 398
-68.3086 128.572 398
-68.9871 128.572 398
-69.6656 128.572 398
-70.5209 128.895 399
-71.2011 128.895 399
-71.8813 128.895 399
-72.5614 128.895 399
-73.4252 129.218 400
-74.1071 129.218 400
-74.789 129.218 400
-75.4709 129.218 400
-76.3432 129.541 401
-77.0268 129.541 401
-77.7104 129.541 401
-78.394 129.541 401
-79.472 130.187 403
-80.159 130.187 403
-81.0466 130.51 404
-81.9377 130.833 405
-82.8321 131.157 406
-83.5242 131.157 406
-84.2164 131.157 406
-85.1176 131.48 407
-85.8115 131.48 407
-86.7178 131.803 408
-87.8419 132.449 410
-88.7568 132.772 411
-89.4574 132.772 411
-90.5968 133.418 413
-92.1851 134.71 417
-92.896 134.71 417
-93.8314 135.033 418
-94.9963 135.679 420
-95.9402 136.002 421
-97.1171 136.648 423
-98.5321 137.617 426
-99.4913 137.94 427
-100.219 137.94 427
-100.947 137.94 427
-101.675 137.94 427
-102.643 138.264 428
-103.372 138.264 428
-104.102 138.264 428
-105.322 138.91 430
-106.055 138.91 430
-106.788 138.91 430
-107.771 139.233 431
-108.757 139.556 432
-109.494 139.556 432
-110.485 139.879 433
-111.223 139.879 433
-112.22 140.202 434
-112.96 140.202 434
-114.486 141.171 437
-116.022 142.14 440
-116.772 142.14 440
-118.323 143.109 443
-119.347 143.432 444
-120.375 143.755 445
-121.133 143.755 445
-121.892 143.755 445
-123.202 144.401 447
-123.964 144.401 447
-125.284 145.047 449
-126.049 145.047 449
-127.097 145.371 450
-127.864 145.371 450
-128.632 145.371 450
-129.399 145.371 450
-130.166 145.371 450
-130.933 145.371 450
-131.407 145.047 449
-835.529 762.388 2360
-839.552 762.388 2360
-843.576 762.388 2360
-841.493 756.896 2343
-845.487 756.896 2343
-835.342 744.297 2304
-831.256 737.19 2282
-827.461 730.406 2261
-831.315 730.406 2261
-833.692 729.114 2257
-837.539 729.114 2257
-846.233 733.313 2270
-851.227 734.283 2273
-855.102 734.283 2273
-860.11 735.252 2276
-863.99 735.252 2276
-867.87 735.252 2276
-870.601 734.283 2273
-873.322 733.313 2270
-876.032 732.344 2267
-879.897 732.344 2267
-879.863 729.114 2257
-875.488 722.33 2236
-876.941 720.392 2230
-880.742 720.392 2230
-882.164 718.453 2224
-882.37 715.546 2215
-882.946 712.962 2207
-886.708 712.962 2207
-890.47 712.962 2207
-890.586 710.054 2198
-891.892 708.116 2192
-893.177 706.178 2186
-896.904 706.178 2186
-898.57 704.562 2181
-901.047 703.593 2178
-903.514 702.624 2175
-907.222 702.624 2175
-907.579 700.04 2167
-910.012 699.071 2164
-912.434 698.102 2161
-916.118 698.102 2161
-918.525 697.132 2158
-920.922 696.163 2155
-923.737 695.517 2153
-927.408 695.517 2153
-931.078 695.517 2153
-933.446 694.548 2150
-937.111 694.548 2150
-940.776 694.548 2150
-944.442 694.548 2150
-946.784 693.579 2147
-949.116 692.61 2144
-952.771 692.61 2144
-955.534 691.964 2142
-957.842 690.995 2139
-961.488 690.995 2139
-965.135 690.995 2139
-967.422 690.025 2136
-968.791 688.41 2131
-971.055 687.441 2128
-974.682 687.441 2128
-976.931 686.472 2125
-979.169 685.503 2122
-982.787 685.503 2122
-986.404 685.503 2122
-989.089 684.857 2120
-991.298 683.888 2117
-993.497 682.918 2114
-997.101 682.918 2114
-998.338 681.303 2109
-1000.51 680.334 2106
-1003.14 679.688 2104
-1006.73 679.688 2104
-1008.88 678.719 2101
-1010.05 677.104 2096
-1009.75 674.519 2088
-1013.31 674.519 2088
-1010.54 670.32 2075
-1012.61 669.35 2072
-1012.71 667.089 2065
-1016.23 667.089 2065
-1011.85 661.92 2049
-1010.39 658.69 2039
-1007.9 654.813 2027
-1011.35 654.813 2027
-1012.31 653.198 2022
-1012.24 650.937 2015
-1013.15 649.322 2010
-1016.58 649.322 2010
-1017.47 647.706 2005
-1019.87 647.06 2003
-1021.75 646.091 2000
-1025.16 646.091 2000
-1027.54 645.445 1998
727.202 1313.96 4089
720.231 1313.96 4089
713.261 1313.96 4089
706.29 1313.96 4089
699.319 1313.96 4089
692.349 1313.96 4089
685.378 1313.96 4089
676.748 1310.74 4079
666.51 1304.32 4059
657.966 1301.1 4049
651.063 1301.1 4049
642.57 1297.89 4039
632.694 1291.78 4020
621.326 1282.47 3991
614.522 1282.47 3991
596.298 1258.37 3916
585.557 1249.69 3889
577.588 1246.8 3880
570.973 1246.8 3880
560.432 1238.12 3853
552.569 1235.23 3844
543.46 1229.44 3826
541.989 1241.01 3862
535.406 1241.01 3862
530.054 1243.91 3871
523.455 1243.91 3871
516.856 1243.91 3871
506.698 1235.23 3844
493.379 1218.52 3792
485.759 1215.63 3783
479.31 1215.63 3783
472.861 1215.63 3783
465.302 1212.74 3774
458.869 1212.74 3774
452.435 1212.74 3774
446.001 1212.74 3774
439.568 1212.74 3774
432.216 1210.16 3766
425.796 1210.16 3766
415.589 1199.24 3732
407.473 1194.1 3716
402.865 1199.24 3732
396.503 1199.24 3732
390.141 1199.24 3732
383.779 1199.24 3732
377.417 1199.24 3732
371.055 1199.24 3732
363.129 1194.1 3716
355.93 1191.21 3707
-6.08603 149.423 465
-6.87874 149.423 465
-7.67145 149.423 465
-8.44595 149.102 464
-9.21705 148.78 463
-9.98473 148.459 462
-10.7723 148.459 462
-11.5599 148.459 462
-12.3208 148.137 461
-13.0498 147.495 459
-13.8323 147.495 459
-14.5829 147.173 458
-15.3302 146.852 457
-16.074 146.531 456
-36.9086 132.071 411
-37.6092 132.071 411
-38.3099 132.071 411
-39.0105 132.071 411
-39.4213 131.107 408
-39.9202 130.464 406
-40.6123 130.464 406
-41.3045 130.464 406
-41.8931 130.142 405
-42.5836 130.142 405
-43.1671 129.821 404
-43.8559 129.821 404
-44.5446 129.821 404
-45.1213 129.5 403
-45.6947 129.178 402
-46.38 129.178 402
-46.9482 128.857 401
-47.6318 128.857 401
-48.1949 128.536 400
-48.8768 128.536 400
-49.5587 128.536 400
-50.2406 128.536 400
-50.9225 128.536 400
-51.4754 128.214 399
-52.1556 128.214 399
-52.8358 128.214 399
-53.516 128.214 399
-54.1962 128.214 399
-54.8764 128.214 399
-55.5566 128.214 399
-56.2368 128.214 399
-56.917 128.214 399
-57.5972 128.214 399
-58.2774 128.214 399
-58.9576 128.214 399
-59.4883 127.893 398
-60.1668 127.893 398
-60.8453 127.893 398
-61.5238 127.893 398
-62.2022 127.893 398
-62.8807 127.893 398
-63.5592 127.893 398
-64.2377 127.893 398
-64.9162 127.893 398
-65.5947 127.893 398
-66.2732 127.893 398
-66.9517 127.893 398
-67.6302 127.893 398
-68.3086 127.893 398
-68.9871 127.893 398
-69.8407 128.214 399
-70.5209 128.214 399
-71.2011 128.214 399
-71.8813 128.214 399
-72.5614 128.214 399
-73.4252 128.536 400
-74.1071 128.536 400
-74.789 128.536 400
-75.4709 128.536 400
-76.3432 128.857 401
-77.0268 128.857 401
-77.7104 128.857 401
-78.394 128.857 401
-79.472 129.5 403
-80.159 129.5 403
-81.0466 129.821 404
-81.9377 130.142 405
-82.8321 130.464 406
-83.5242 130.464 406
-84.2164 130.464 406
-85.1176 130.785 407
-85.8115 130.785 407
-86.7178 131.107 408
-87.8419 131.749 410
-88.7568 132.071 411
-89.4574 132.071 411
-90.5968 132.713 413
-92.1851 133.999 417
-92.896 133.999 417
-93.8314 134.32 418
-94.9963 134.963 420
-95.9402 135.284 421
-97.1171 135.927 423
-98.5321 136.891 426
-99.4913 137.212 427
-100.219 137.212 427
-100.947 137.212 427
-101.913 137.533 428
-102.883 137.855 429
-103.614 137.855 429
-104.589 138.176 430
-105.322 138.176 430
-106.055 138.176 430
-107.036 138.497 431
-108.021 138.819 432
-109.009 139.14 433
-109.747 139.14 433
-110.485 139.14 433
-111.48 139.461 434
-112.479 139.783 435
-113.22 139.783 435
-114.748 140.747 438
-116.022 141.389 440
-116.772 141.389 440
-118.323 142.353 443
-119.347 142.675 444
-120.375 142.996 445
-121.133 142.996 445
-122.166 143.317 446
-123.202 143.639 447
-123.964 143.639 447
-125.563 144.603 450
-126.33 144.603 450
-127.097 144.603 450
-127.864 144.603 450
-128.632 144.603 450
-129.399 144.603 450
-130.166 144.603 450
-130.933 144.603 450
-835.529 758.361 2360
-839.552 758.361 2360
-843.576 758.361 2360
-841.493 752.898 2343
-845.487 752.898 2343
-835.342 740.366 2304
-831.256 733.297 2282
-827.461 726.549 2261
-831.315 726.549 2261
-833.692 725.263 2257
-837.539 725.263 2257
-846.233 729.441 2270
-851.227 730.405 2273
-855.102 730.405 2273
-860.11 731.369 2276
-863.99 731.369 2276
-867.87 731.369 2276
-870.601 730.405 2273
-873.322 729.441 2270
-876.032 728.477 2267
-879.897 728.477 2267
-879.863 725.263 2257
-875.488 718.515 2236
-876.941 716.587 2230
-880.742 716.587 2230
-882.164 714.659 2224
-882.37 711.767 2215
-884.146 710.16 2210
-887.913 710.16 2210
-891.681 710.16 2210
-893.017 708.232 2204
-893.112 705.34 2195
-893.177 702.448 2186
-896.904 702.448 2186
-898.57 700.841 2181
-901.047 699.877 2178
-903.514 698.913 2175
-907.222 698.913 2175
-907.579 696.343 2167
-910.012 695.379 2164
-912.434 694.415 2161
-916.118 694.415 2161
-918.525 693.451 2158
-920.922 692.487 2155
-923.737 691.844 2153
-927.408 691.844 2153
-931.078 691.844 2153
-933.446 690.88 2150
-937.111 690.88 2150
-940.776 690.88 2150
-944.442 690.88 2150
-946.784 689.916 2147
-949.116 688.952 2144
-952.771 688.952 2144
-955.534 688.309 2142
-957.842 687.345 2139
-961.488 687.345 2139
-965.135 687.345 2139
-967.422 686.381 2136
-968.791 684.774 2131
-971.055 683.81 2128
-974.682 683.81 2128
-976.931 682.846 2125
-979.169 681.882 2122
-982.787 681.882 2122
-986.404 681.882 2122
-987.689 680.276 2117
-991.298 680.276 2117
-993.497 679.312 2114
-997.101 679.312 2114
-998.338 677.705 2109
-1000.51 676.741 2106
-1003.14 676.098 2104
-1006.73 676.098 2104
-1007.44 674.17 2098
-1010.05 673.528 2096
-1008.3 669.993 2085
-1011.86 669.993 2085
-1010.54 666.779 2075
-1011.64 665.173 2070
-1012.71 663.566 2065
-1016.23 663.566 2065
-1011.85 658.425 2049
-1010.39 655.211 2039
-1007.9 651.355 2027
-1011.35 651.355 2027
-1011.31 649.106 2020
-1012.24 647.499 2015
-1012.14 645.25 2008
-1015.57 645.25 2008
-1017.47 644.286 2005
-1019.87 643.643 2003
-1020.73 642.036 1998
-1024.13 642.036 1998
-1026.51 641.394 1996
706.29 1306.98 4089
699.319 1306.98 4089
692.349 1306.98 4089
685.378 1306.98 4089
678.407 1306.98 4089
669.794 1303.78 4079
662.841 1303.78 4079
654.279 1300.59 4069
644.161 1294.2 4049
635.684 1291 4039
628.799 1291 4039
614.522 1275.66 3991
597.669 1254.56 3925
588.267 1248.81 3907
578.927 1243.05 3889
572.298 1243.05 3889
563.05 1237.3 3871
553.863 1231.55 3853
547.295 1231.55 3853
543.253 1237.3 3871
536.653 1237.3 3871
534.984 1248.81 3907
528.323 1248.81 3907
521.663 1248.81 3907
510.257 1237.3 3871
494.42 1214.61 3800
485.759 1209.17 3783
479.31 1209.17 3783
472.861 1209.17 3783
466.412 1209.17 3783
459.963 1209.17 3783
456.631 1217.48 3809
450.137 1217.48 3809
443.644 1217.48 3809
432.216 1203.74 3766
425.796 1203.74 3766
-6.08603 148.63 465
-6.87874 148.63 465
-7.67145 148.63 465
-8.44595 148.31 464
-9.21705 147.99 463
-9.98473 147.671 462
-10.7723 147.671 462
-11.5599 147.671 462
-12.3208 147.351 461
-13.0782 147.031 460
-13.8624 147.031 460
-14.6148 146.712 459
-15.3302 146.072 457
-16.074 145.753 456
-16.8513 145.753 456
-17.5514 145.114 454
-18.2446 144.474 452
-18.931 143.835 450
-19.6544 143.515 449
-20.4198 143.515 449
-21.1381 143.196 448
-36.9086 131.369 411
-37.6092 131.369 411
-38.3099 131.369 411
-38.8207 130.73 409
-39.4213 130.41 408
-39.9202 129.771 406
-40.6123 129.771 406
-41.3045 129.771 406
-41.8931 129.452 405
-42.5836 129.452 405
-43.274 129.452 405
-43.9644 129.452 405
-44.5446 129.132 404
-45.2333 129.132 404
-45.8083 128.812 403
-46.4954 128.812 403
-47.0653 128.493 402
-47.6318 128.173 401
-48.3154 128.173 401
-48.8768 127.853 400
-49.5587 127.853 400
-50.2406 127.853 400
-50.9225 127.853 400
-51.6044 127.853 400
-52.2863 127.853 400
-52.9682 127.853 400
-53.516 127.534 399
-54.1962 127.534 399
-54.8764 127.534 399
-55.5566 127.534 399
-56.2368 127.534 399
-56.917 127.534 399
-57.5972 127.534 399
-58.2774 127.534 399
-58.9576 127.534 399
-59.4883 127.214 398
-60.1668 127.214 398
-60.8453 127.214 398
-61.5238 127.214 398
-62.2022 127.214 398
-62.8807 127.214 398
-63.5592 127.214 398
-64.2377 127.214 398
-64.9162 127.214 398
-65.5947 127.214 398
-66.2732 127.214 398
-66.9517 127.214 398
-67.6302 127.214 398
-68.4803 127.534 399
-69.1605 127.534 399
-69.8407 127.534 399
-70.5209 127.534 399
-71.2011 127.534 399
-71.8813 127.534 399
-72.5614 127.534 399
-73.4252 127.853 400
-74.1071 127.853 400
-74.789 127.853 400
-75.4709 127.853 400
-76.3432 128.173 401
-77.0268 128.173 401
-77.7104 128.173 401
-78.5895 128.493 402
-79.472 128.812 403
-80.159 128.812 403
-81.0466 129.132 404
-81.9377 129.452 405
-82.8321 129.771 406
-83.5242 129.771 406
-84.4238 130.091 407
-85.3268 130.41 408
-86.0223 130.41 408
-87.1429 131.05 410
-88.0561 131.369 411
-88.9727 131.689 412
-89.6751 131.689 412
-90.8162 132.328 414
-92.4062 133.607 418
-93.1188 133.607 418
-94.0558 133.926 419
-95.4487 134.885 422
-96.1681 134.885 422
-97.5763 135.844 425
-98.5321 136.164 426
-99.4913 136.483 427
-100.219 136.483 427
-100.947 136.483 427
-101.913 136.803 428
-102.883 137.123 429
-103.614 137.123 429
-104.589 137.442 430
-105.322 137.442 430
-106.055 137.442 430
-107.036 137.762 431
-108.021 138.082 432
-109.009 138.401 433
-109.747 138.401 433
-110.485 138.401 433
-111.48 138.721 434
-112.479 139.041 435
-113.22 139.041 435
-114.748 139.999 438
-116.022 140.639 440
-116.772 140.639 440
-118.323 141.598 443
-119.347 141.917 444
-120.375 142.237 445
-121.133 142.237 445
-122.166 142.556 446
-123.202 142.876 447
-123.964 142.876 447
-125.563 143.835 450
-126.33 143.835 450
-127.097 143.835 450
-127.864 143.835 450
-128.632 143.835 450
-129.399 143.835 450
-130.166 143.835 450
-130.933 143.835 450
-835.529 754.335 2360
-839.552 754.335 2360
-843.576 754.335 2360
-847.599 754.335 2360
-851.622 754.335 2360
-835.342 736.435 2304
-831.256 729.403 2282
-827.461 722.691 2261
-831.315 722.691 2261
-835.169 722.691 2261
-839.024 722.691 2261
-846.233 725.568 2270
-852.35 727.486 2276
-856.23 727.486 2276
-862.378 729.403 2282
-866.268 729.403 2282
-870.158 729.403 2282
-871.75 727.486 2276
-875.63 727.486 2276
-876.032 724.609 2267
-879.897 724.609 2267
-881.423 722.691 2261
-876.663 715.659 2239
-879.3 714.7 2236
-883.112 714.7 2236
-884.544 712.782 2230
-884.76 709.906 2221
-886.146 707.988 2215
-889.922 707.988 2215
-891.681 706.39 2210
-893.017 704.472 2204
-893.112 701.595 2195
-892.36 698.079 2184
-896.083 698.079 2184
-898.57 697.12 2181
-901.047 696.161 2178
-903.514 695.203 2175
-907.222 695.203 2175
-907.579 692.646 2167
-910.012 691.687 2164
-912.434 690.728 2161
-916.118 690.728 2161
-918.525 689.769 2158
-920.922 688.81 2155
-923.737 688.171 2153
-927.408 688.171 2153
-931.078 688.171 2153
-933.446 687.212 2150
-937.111 687.212 2150
-940.776 687.212 2150
-944.442 687.212 2150
-946.784 686.253 2147
-949.116 685.294 2144
-952.771 685.294 2144
-955.534 684.655 2142
-957.842 683.696 2139
-961.488 683.696 2139
-965.135 683.696 2139
-967.422 682.737 2136
-968.791 681.139 2131
-971.055 680.18 2128
-974.682 680.18 2128
-976.931 679.221 2125
-979.169 678.262 2122
-982.787 678.262 2122
-986.404 678.262 2122
-987.689 676.664 2117
-991.298 676.664 2117
-993.497 675.705 2114
-997.101 675.705 2114
-998.338 674.107 2109
-1000.51 673.148 2106
-1003.14 672.509 2104
-1006.73 672.509 2104
-1007.44 670.591 2098
-1010.05 669.952 2096
-1008.3 666.436 2085
-1011.86 666.436 2085
-1009.08 662.28 2072
-1009.19 660.043 2065
-1008.79 657.486 2057
-1012.3 657.486 2057
-1011.85 654.929 2049
-1009.4 651.093 2037
-1007.9 647.897 2027
-1011.35 647.897 2027
-1011.31 645.659 2020
-1010.73 643.102 2012
-1012.14 641.824 2008
-1015.57 641.824 2008
-1017.47 640.865 2005
-1019.87 640.226 2003
-1020.73 638.628 1998
-1024.13 638.628 1998
-1026.51 637.988 1996
706.29 1300 4089
699.319 1300 4089
692.349 1300 4089
685.378 1300 4089
678.407 1300 4089
669.794 1296.83 4079
662.841 1296.83 4079
655.887 1296.83 4079
647.342 1293.65 4069
635.684 1284.11 4039
628.799 1284.11 4039
617.448 1274.89 4010
600.562 1253.91 3944
588.267 1242.14 3907
581.607 1242.14 3907
574.947 1242.14 3907
564.359 1233.56 3880
556.451 1230.7 3871
548.573 1227.84 3862
552.234 1251.04 3935
545.526 1251.04 3935
540.05 1253.91 3944
533.327 1253.91 3944
526.603 1253.91 3944
517.375 1247.86 3925
497.803 1216.39 3826
487.942 1208.12 3800
481.464 1208.12 3800
473.986 1205.58 3792
467.522 1205.58 3792
462.03 1208.12 3800
456.631 1210.98 3809
450.137 1210.98 3809
443.644 1210.98 3809
-6.08603 147.836 465
-6.87874 147.836 465
-7.67145 147.836 465
-8.44595 147.518 464
-9.21705 147.2 463
-9.98473 146.882 462
-10.7723 146.882 462
-11.5599 146.882 462
-12.3208 146.564 461
-13.1067 146.564 461
-13.8926 146.564 461
-14.6148 145.929 459
-15.3302 145.293 457
-16.074 144.975 456
-16.8513 144.975 456
-17.5514 144.339 454
-18.285 144.021 453
-18.9731 143.385 451
-19.6544 142.749 449
-20.4198 142.749 449
-21.1853 142.749 449
-21.9018 142.431 448
-22.6149 142.113 447
-23.377 142.113 447
-24.085 141.796 446
-35.6801 131.304 413
-36.3841 131.304 413
-37.0882 131.304 413
-37.7007 130.986 412
-38.4031 130.986 412
-39.0105 130.668 411
-39.5179 130.032 409
-40.0185 129.396 407
-40.6123 129.078 406
-41.3045 129.078 406
-41.9966 129.078 406
-42.5836 128.761 405
-43.274 128.761 405
-43.9644 128.761 405
-44.5446 128.443 404
-45.2333 128.443 404
-45.8083 128.125 403
-46.4954 128.125 403
-47.0653 127.807 402
-47.6318 127.489 401
-48.3154 127.489 401
-48.8768 127.171 400
-49.5587 127.171 400
-50.2406 127.171 400
-50.9225 127.171 400
-51.6044 127.171 400
-52.2863 127.171 400
-52.9682 127.171 400
-53.516 126.853 399
-54.1962 126.853 399
-54.8764 126.853 399
-55.5566 126.853 399
-56.2368 126.853 399
-56.917 126.853 399
-57.5972 126.853 399
-58.2774 126.853 399
-58.9576 126.853 399
-59.6378 126.853 399
-60.318 126.853 399
-60.8453 126.535 398
-61.5238 126.535 398
-62.2022 126.535 398
-62.8807 126.535 398
-63.5592 126.535 398
-64.2377 126.535 398
-64.9162 126.535 398
-65.5947 126.535 398
-66.2732 126.535 398
-67.1199 126.853 399
-67.8001 126.853 399
-68.4803 126.853 399
-69.1605 126.853 399
-69.8407 126.853 399
-70.5209 126.853 399
-71.2011 126.853 399
-71.8813 126.853 399
-72.7433 127.171 400
-73.4252 127.171 400
-74.1071 127.171 400
-74.789 127.171 400
-75.6596 127.489 401
-76.3432 127.489 401
-77.0268 127.489 401
-77.9042 127.807 402
-78.785 128.125 403
-79.6692 128.443 404
-80.3579 128.443 404
-81.2472 128.761 405
-82.14 129.078 406
-82.8321 129.078 406
-83.5242 129.078 406
-84.4238 129.396 407
-85.5359 130.032 409
-86.2331 130.032 409
-87.1429 130.35 410
-88.0561 130.668 411
-89.1887 131.304 413
-89.8927 131.304 413
-91.2549 132.258 416
-92.6273 133.212 419
-93.3416 133.212 419
-94.2803 133.529 420
-95.901 134.801 424
-96.6239 134.801 424
-97.8059 135.437 426
-98.7634 135.755 427
-99.4913 135.755 427
-100.219 135.755 427
-101.184 136.073 428
-102.151 136.391 429
-102.883 136.391 429
-103.856 136.709 430
-104.589 136.709 430
-105.567 137.027 431
-106.301 137.027 431
-107.284 137.345 432
-108.271 137.663 433
-109.009 137.663 433
-109.747 137.663 433
-110.74 137.98 434
-111.737 138.298 435
-112.996 138.934 437
-113.741 138.934 437
-115.01 139.57 439
-116.286 140.206 441
-117.037 140.206 441
-118.59 141.16 444
-119.616 141.478 445
-120.645 141.796 446
-121.406 141.796 446
-122.166 141.796 446
-123.202 142.113 447
-123.964 142.113 447
-125.563 143.067 450
-126.33 143.067 450
-127.097 143.067 450
-127.864 143.067 450
-128.632 143.067 450
-129.399 143.067 450
-130.166 143.067 450
-837.653 752.216 2366
-841.687 752.216 2366
-845.72 752.216 2366
-849.754 752.216 2366
-853.787 752.216 2366
-849.482 744.904 2343
-831.256 725.51 2282
-827.461 718.834 2261
-831.315 718.834 2261
-835.169 718.834 2261
-839.024 718.834 2261
-846.233 721.695 2270
-852.35 723.602 2276
-856.23 723.602 2276
-862.378 725.51 2282
-866.268 725.51 2282
-870.158 725.51 2282
-871.75 723.602 2276
-875.63 723.602 2276
-876.032 720.741 2267
-879.897 720.741 2267
-881.423 718.834 2261
-876.663 711.839 2239
-879.3 710.885 2236
-883.112 710.885 2236
-884.544 708.978 2230
-884.76 706.116 2221
-886.146 704.209 2215
-889.922 704.209 2215
-891.681 702.619 2210
-893.017 700.712 2204
-893.112 697.85 2195
-895.629 696.897 2192
-896.083 694.353 2184
-898.57 693.399 2181
-901.047 692.446 2178
-903.514 691.492 2175
-907.222 691.492 2175
-907.579 688.948 2167
-910.012 687.995 2164
-912.434 687.041 2161
-916.118 687.041 2161
-918.525 686.087 2158
-920.922 685.133 2155
-923.737 684.497 2153
-927.408 684.497 2153
-929.781 683.544 2150
-933.446 683.544 2150
-937.111 683.544 2150
-940.776 683.544 2150
-944.442 683.544 2150
-946.784 682.59 2147
-948.231 681 2142
-951.882 681 2142
-954.195 680.046 2139
-957.842 680.046 2139
-960.14 679.093 2136
-963.781 679.093 2136
-965.158 677.503 2131
-967.427 676.549 2128
-969.686 675.595 2125
-973.308 675.595 2125
-975.552 674.642 2122
-979.169 674.642 2122
-980.471 673.052 2117
-984.08 673.052 2117
-987.689 673.052 2117
-989.893 672.098 2114
-992.557 671.462 2112
-996.157 671.462 2112
-996.918 669.555 2106
-999.558 668.919 2104
-1000.28 667.011 2098
-1003.86 667.011 2098
-1007.44 667.011 2098
-1006.19 663.832 2088
-1007.34 662.243 2083
-1010.89 662.243 2083
-1009.08 658.745 2072
-1009.19 656.52 2065
-1008.79 653.976 2057
-1012.3 653.976 2057
-1011.85 651.433 2049
-1009.4 647.618 2037
-1007.9 644.439 2027
-1011.35 644.439 2027
-1011.31 642.213 2020
-1010.73 639.67 2012
-1012.14 638.398 2008
-1015.57 638.398 2008
-1017.47 637.444 2005
-1019.87 636.808 2003
-1020.73 635.219 1998
-1024.13 635.219 1998
-1026.51 634.583 1996
692.349 1293.03 4089
685.378 1293.03 4089
678.407 1293.03 4089
669.794 1289.87 4079
662.841 1289.87 4079
655.887 1289.87 4079
647.342 1286.7 4069
635.684 1277.22 4039
628.799 1277.22 4039
621.913 1277.22 4039
601.932 1250.02 3953
593.838 1247.18 3944
582.947 1238.32 3916
576.271 1238.32 3916
568.286 1235.48 3907
561.626 1235.48 3907
552.408 1229.78 3889
554.76 1250.02 3953
548.021 1250.02 3953
546.486 1262.04 3991
539.682 1262.04 3991
532.879 1262.04 3991
517.375 1241.17 3925
504.829 1226.94 3880
491.281 1209.86 3826
484.758 1209.86 3826
478.236 1209.86 3826
471.714 1209.86 3826
465.191 1209.86 3826
458.669 1209.86 3826
450.137 1204.49 3809
443.644 1204.49 3809
-6.86394 146.727 464
-7.65495 146.727 464
-8.44595 146.727 464
-9.21705 146.41 463
-9.98473 146.094 462
-10.7723 146.094 462
-11.5599 146.094 462
-12.3208 145.778 461
-13.1067 145.778 461
-13.8926 145.778 461
-14.6148 145.146 459
-15.3302 144.513 457
-16.074 144.197 456
-16.8513 144.197 456
-17.5514 143.564 454
-18.3253 143.564 454
-19.0152 142.932 452
-19.6544 141.983 449
-20.4198 141.983 449
-21.1853 141.983 449
-21.9018 141.667 448
-22.6655 141.667 448
-23.4293 141.667 448
-24.139 141.351 447
-34.7698 132.497 419
-35.4841 132.497 419
-36.1984 132.497 419
-36.8246 132.18 418
-37.178 130.916 414
-37.7007 130.283 412
-38.4031 130.283 412
-39.1054 130.283 412
-39.5179 129.334 409
-40.0185 128.702 407
-40.6123 128.386 406
-41.3045 128.386 406
-41.9966 128.386 406
-42.5836 128.07 405
-43.274 128.07 405
-43.9644 128.07 405
-44.5446 127.753 404
-45.2333 127.753 404
-45.8083 127.437 403
-46.4954 127.437 403
-47.0653 127.121 402
-47.6318 126.805 401
-48.3154 126.805 401
-48.999 126.805 401
-49.6826 126.805 401
-50.2406 126.488 400
-50.9225 126.488 400
-51.6044 126.488 400
-52.2863 126.488 400
-52.9682 126.488 400
-53.6501 126.488 400
-54.1962 126.172 399
-54.8764 126.172 399
-55.5566 126.172 399
-56.2368 126.172 399
-56.917 126.172 399
-57.5972 126.172 399
-58.2774 126.172 399
-58.9576 126.172 399
-59.6378 126.172 399
-60.318 126.172 399
-60.8453 125.856 398
-61.5238 125.856 398
-62.2022 125.856 398
-62.8807 125.856 398
-63.5592 125.856 398
-64.2377 125.856 398
-64.9162 125.856 398
-65.5947 125.856 398
-66.2732 125.856 398
-67.1199 126.172 399
-67.8001 126.172 399
-68.4803 126.172 399
-69.1605 126.172 399
-69.8407 126.172 399
-70.5209 126.172 399
-71.2011 126.172 399
-71.8813 126.172 399
-72.7433 126.488 400
-73.4252 126.488 400
-74.1071 126.488 400
-74.789 126.488 400
-75.6596 126.805 401
-76.5336 127.121 402
-77.2189 127.121 402
-77.9042 127.121 402
-78.785 127.437 403
-79.8664 128.07 405
-80.5568 128.07 405
-81.2472 128.07 405
-82.14 128.386 406
-82.8321 128.386 406
-83.73 128.702 407
-84.8387 129.334 409
-85.745 129.651 410
-86.444 129.651 410
-87.3555 129.967 411
-88.2704 130.283 412
-89.1887 130.599 413
-89.8927 130.599 413
-91.4743 131.864 417
-92.6273 132.497 419
-93.3416 132.497 419
-94.5048 133.129 421
-96.1272 134.394 425
-96.8517 134.394 425
-97.8059 134.71 426
-98.7634 135.026 427
-99.7243 135.343 428
-100.454 135.343 428
-101.42 135.659 429
-102.389 135.975 430
-103.122 135.975 430
-103.856 135.975 430
-105.075 136.608 432
-105.811 136.608 432
-106.548 136.608 432
-107.533 136.924 433
-108.271 136.924 433
-109.261 137.24 434
-110.001 137.24 434
-110.996 137.556 435
-112.251 138.189 437
-112.996 138.189 437
-114.261 138.821 439
-115.534 139.454 441
-116.549 139.77 442
-117.303 139.77 442
-118.59 140.402 444
-119.885 141.035 446
-120.645 141.035 446
-121.406 141.035 446
-122.44 141.351 447
-123.202 141.351 447
-123.964 141.351 447
-125.563 142.3 450
-126.33 142.3 450
-127.097 142.3 450
-127.864 142.3 450
-128.632 142.3 450
-129.399 142.3 450
-130.166 142.3 450
-837.653 748.179 2366
-841.687 748.179 2366
-845.72 748.179 2366
-849.754 748.179 2366
-853.787 748.179 2366
-849.482 740.906 2343
-831.256 721.617 2282
-827.461 714.976 2261
-831.315 714.976 2261
-835.169 714.976 2261
-839.024 714.976 2261
-846.233 717.822 2270
-852.35 719.719 2276
-856.23 719.719 2276
-862.378 721.617 2282
-866.268 721.617 2282
-870.158 721.617 2282
-871.75 719.719 2276
-875.63 719.719 2276
-876.032 716.873 2267
-879.897 716.873 2267
-881.423 714.976 2261
-876.663 708.019 2239
-879.3 707.07 2236
-883.112 707.07 2236
-884.544 705.173 2230
-884.76 702.327 2221
-886.146 700.43 2215
-889.922 700.43 2215
-891.681 698.849 2210
-893.017 696.951 2204
-891.892 693.157 2192
-895.629 693.157 2192
-896.083 690.627 2184
-898.57 689.678 2181
-901.047 688.73 2178
-903.514 687.781 2175
-907.222 687.781 2175
-907.579 685.251 2167
-910.012 684.303 2164
-912.434 683.354 2161
-914.846 682.405 2158
-917.248 681.457 2155
-920.922 681.457 2155
-923.737 680.824 2153
-927.408 680.824 2153
-929.781 679.876 2150
-933.446 679.876 2150
-937.111 679.876 2150
-940.776 679.876 2150
-943.124 678.927 2147
-944.579 677.346 2142
-946.902 676.397 2139
-950.549 676.397 2139
-952.857 675.448 2136
-954.26 673.867 2131
-957.892 673.867 2131
-961.525 673.867 2131
-963.799 672.919 2128
-964.699 671.021 2122
-968.317 671.021 2122
-971.934 671.021 2122
-973.253 669.44 2117
-976.862 669.44 2117
-979.081 668.492 2114
-982.685 668.492 2114
-985.356 667.859 2112
-988.956 667.859 2112
-989.737 665.962 2106
-993.327 665.962 2106
-994.551 664.381 2101
-996.707 663.432 2098
-1000.28 663.432 2098
-1003.86 663.432 2098
-1005.04 661.851 2093
-1004.75 659.321 2085
-1003.47 656.159 2075
-1007 656.159 2075
-1006.65 653.629 2067
-1006.75 651.416 2060
-1006.34 648.886 2052
-1009.84 648.886 2052
-1009.38 646.356 2044
-1007.91 643.194 2034
-1007.9 640.98 2027
-1011.35 640.98 2027
-1009.8 637.818 2017
-1010.73 636.237 2012
-1012.14 634.972 2008
-1015.57 634.972 2008
-1017.47 634.023 2005
-1018.34 632.442 2000
-1019.71 631.177 1996
-1023.11 631.177 1996
-1022.4 628.648 1988
669.794 1282.91 4079
664.466 1286.05 4089
657.495 1286.05 4089
650.524 1286.05 4089
640.406 1279.76 4069
633.469 1279.76 4069
621.913 1270.33 4039
601.932 1243.28 3953
593.838 1240.45 3944
582.947 1231.64 3916
576.271 1231.64 3916
568.286 1228.81 3907
561.626 1228.81 3907
552.408 1223.15 3889
554.76 1243.28 3953
548.021 1243.28 3953
546.486 1255.23 3991
539.682 1255.23 3991
532.879 1255.23 3991
517.375 1234.47 3925
504.829 1220.32 3880
491.281 1203.33 3826
484.758 1203.33 3826
478.236 1203.33 3826
471.714 1203.33 3826
465.191 1203.33 3826
458.669 1203.33 3826
449.074 1195.16 3800
-7.63845 145.62 463
-8.42775 145.62 463
-9.21705 145.62 463
-10.749 144.991 461
-11.5349 144.991 461
-12.3208 144.991 461
-13.1067 144.991 461
-13.8926 144.991 461
-14.6148 144.362 459
-15.3302 143.733 457
-16.074 143.419 456
-16.8513 143.419 456
-17.5514 142.79 454
-18.3253 142.79 454
-19.0152 142.161 452
-19.6544 141.217 449
-20.4198 141.217 449
-21.1853 141.217 449
-21.9018 140.903 448
-22.6655 140.903 448
-23.4293 140.903 448
-24.139 140.588 447
-34.1368 132.096 420
-34.8528 132.096 420
-35.5688 132.096 420
-36.1984 131.782 419
-36.8246 131.467 418
-37.178 130.209 414
-37.7922 129.895 413
-38.4963 129.895 413
-39.1054 129.58 412
-39.5179 128.637 409
-40.0185 128.008 407
-40.6123 127.693 406
-41.3045 127.693 406
-41.9966 127.693 406
-42.5836 127.379 405
-43.274 127.379 405
-43.9644 127.379 405
-44.5446 127.064 404
-45.2333 127.064 404
-45.8083 126.75 403
-46.4954 126.75 403
-47.0653 126.435 402
-47.7506 126.435 402
-48.3154 126.121 401
-48.999 126.121 401
-49.6826 126.121 401
-50.3662 126.121 401
-50.9225 125.806 400
-51.6044 125.806 400
-52.2863 125.806 400
-52.9682 125.806 400
-53.6501 125.806 400
-54.332 125.806 400
-54.8764 125.492 399
-55.5566 125.492 399
-56.2368 125.492 399
-56.917 125.492 399
-57.5972 125.492 399
-58.2774 125.492 399
-58.9576 125.492 399
-59.6378 125.492 399
-60.318 125.492 399
-60.9981 125.492 399
-61.6783 125.492 399
-62.3585 125.492 399
-63.0387 125.492 399
-63.5592 125.177 398
-64.2377 125.177 398
-65.0793 125.492 399
-65.7595 125.492 399
-66.4397 125.492 399
-67.1199 125.492 399
-67.8001 125.492 399
-68.4803 125.492 399
-69.1605 125.492 399
-69.8407 125.492 399
-70.5209 125.492 399
-71.2011 125.492 399
-71.8813 125.492 399
-72.7433 125.806 400
-73.4252 125.806 400
-74.1071 125.806 400
-74.976 126.121 401
-75.6596 126.121 401
-76.5336 126.435 402
-77.2189 126.435 402
-77.9042 126.435 402
-78.785 126.75 403
-79.8664 127.379 405
-80.5568 127.379 405
-81.2472 127.379 405
-82.14 127.693 406
-82.8321 127.693 406
-83.73 128.008 407
-84.8387 128.637 409
-85.745 128.951 410
-86.444 128.951 410
-87.3555 129.266 411
-88.2704 129.58 412
-89.1887 129.895 413
-89.8927 129.895 413
-91.4743 131.153 417
-92.6273 131.782 419
-93.3416 131.782 419
-94.5048 132.411 421
-96.1272 133.669 425
-96.8517 133.669 425
-97.8059 133.983 426
-98.7634 134.298 427
-99.7243 134.612 428
-100.454 134.612 428
-101.656 135.241 430
-102.628 135.556 431
-103.362 135.556 431
-104.339 135.871 432
-105.075 135.871 432
-106.056 136.185 433
-106.795 136.185 433
-107.533 136.185 433
-108.521 136.5 434
-109.513 136.814 435
-110.254 136.814 435
-111.761 137.758 438
-112.765 138.072 439
-113.513 138.072 439
-114.522 138.387 440
-115.534 138.701 441
-116.813 139.33 443
-117.568 139.33 443
-118.858 139.959 445
-119.885 140.274 446
-120.645 140.274 446
-121.678 140.588 447
-122.44 140.588 447
-123.477 140.903 448
-124.241 140.903 448
-125.563 141.532 450
-126.611 141.846 451
-127.38 141.846 451
-128.149 141.846 451
-128.917 141.846 451
-129.686 141.846 451
-130.455 141.846 451
-837.143 747.288 2376
-841.194 747.288 2376
-845.244 747.288 2376
-845.72 744.143 2366
-849.754 744.143 2366
-853.787 744.143 2366
-849.482 736.909 2343
-823.606 711.119 2261
-827.461 711.119 2261
-831.315 711.119 2261
-835.169 711.119 2261
-839.024 711.119 2261
-846.233 713.949 2270
-852.35 715.836 2276
-856.23 715.836 2276
-862.378 717.723 2282
-866.268 717.723 2282
-870.158 717.723 2282
-871.75 715.836 2276
-875.63 715.836 2276
-874.873 712.062 2264
-878.733 712.062 2264
-878.694 708.917 2254
-876.663 704.199 2239
-879.3 703.256 2236
-883.112 703.256 2236
-883.354 700.425 2227
-883.565 697.594 2218
-886.146 696.651 2215
-889.922 696.651 2215
-891.681 695.078 2210
-893.017 693.191 2204
-891.892 689.417 2192
-895.629 689.417 2192
-896.083 686.901 2184
-898.57 685.957 2181
-901.047 685.014 2178
-903.514 684.07 2175
-907.222 684.07 2175
-907.579 681.554 2167
-910.012 680.611 2164
-912.434 679.667 2161
-914.846 678.724 2158
-917.248 677.78 2155
-920.922 677.78 2155
-923.737 677.151 2153
-927.408 677.151 2153
-929.781 676.207 2150
-933.446 676.207 2150
-937.111 676.207 2150
-940.776 676.207 2150
-943.124 675.264 2147
-944.579 673.691 2142
-946.902 672.748 2139
-950.549 672.748 2139
-947.95 668.345 2125
-950.229 667.401 2122
-952.948 666.772 2120
-956.562 666.772 2120
-960.176 666.772 2120
-962.426 665.828 2117
-961.016 662.369 2106
-964.606 662.369 2106
-968.196 662.369 2106
-970.863 661.74 2104
-974.45 661.74 2104
-978.037 661.74 2104
-981.624 661.74 2104
-983.806 660.796 2101
-985.977 659.853 2098
-989.554 659.853 2098
-992.184 659.224 2096
-994.332 658.28 2093
-997.9 658.28 2093
-1001.47 658.28 2093
-1001.19 655.764 2085
-1001.38 653.562 2078
-999.598 650.103 2067
-1003.12 650.103 2067
-1003.24 647.901 2060
-1002.84 645.385 2052
-1002.41 642.869 2044
-1005.9 642.869 2044
-1005.93 640.667 2037
-1005.93 638.466 2030
-1002.93 634.377 2017
-1006.36 634.377 2017
-1007.3 632.804 2012
-1007.21 630.603 2005
-1009.62 629.974 2003
-1013.04 629.974 2003
-1014.93 629.03 2000
-1016.3 627.772 1996
-1017.15 626.199 1991
-1020.55 626.199 1991
-1020.34 623.998 1984
664.466 1279.08 4089
657.495 1279.08 4089
650.524 1279.08 4089
640.406 1272.82 4069
633.469 1272.82 4069
626.533 1272.82 4069
609.241 1251.55 4001
596.699 1239.66 3963
589.943 1239.66 3963
583.187 1239.66 3963
573.668 1233.72 3944
564.213 1227.78 3925
556.244 1224.96 3916
554.76 1236.53 3953
548.021 1236.53 3953
547.855 1251.55 4001
541.035 1251.55 4001
534.214 1251.55 4001
519.88 1233.72 3944
504.829 1213.7 3880
497.059 1210.88 3871
490.46 1210.88 3871
481.611 1205.25 3853
475.042 1205.25 3853
468.474 1205.25 3853
461.906 1205.25 3853
449.074 1188.67 3800
-16.0035 142.015 454
-16.7774 142.015 454
-17.5514 142.015 454
-18.3253 142.015 454
-19.0152 141.39 452
-19.6544 140.451 449
-20.4198 140.451 449
-21.1853 140.451 449
-21.9018 140.138 448
-22.6655 140.138 448
-23.4293 140.138 448
-24.139 139.826 447
-34.1368 131.38 420
-34.8528 131.38 420
-35.5688 131.38 420
-36.1984 131.067 419
-36.8246 130.754 418
-37.178 129.503 414
-37.7922 129.19 413
-38.4963 129.19 413
-39.1054 128.877 412
-39.5179 127.939 409
-40.0185 127.313 407
-40.6123 127 406
-41.3045 127 406
-41.9966 127 406
-42.5836 126.688 405
-43.274 126.688 405
-43.9644 126.688 405
-44.6548 126.688 405
-45.2333 126.375 404
-45.922 126.375 404
-46.6107 126.375 404
-47.1824 126.062 403
-47.7506 125.749 402
-48.4359 125.749 402
-49.1212 125.749 402
-49.6826 125.436 401
-50.3662 125.436 401
-51.0498 125.436 401
-51.7334 125.436 401
-52.2863 125.124 400
-52.9682 125.124 400
-53.6501 125.124 400
-54.332 125.124 400
-55.0139 125.124 400
-55.5566 124.811 399
-56.2368 124.811 399
-56.917 124.811 399
-57.5972 124.811 399
-58.2774 124.811 399
-58.9576 124.811 399
-59.6378 124.811 399
-60.318 124.811 399
-60.9981 124.811 399
-61.6783 124.811 399
-62.3585 124.811 399
-63.0387 124.811 399
-63.7189 124.811 399
-64.3991 124.811 399
-65.0793 124.811 399
-65.7595 124.811 399
-66.4397 124.811 399
-67.1199 124.811 399
-67.8001 124.811 399
-68.4803 124.811 399
-69.1605 124.811 399
-69.8407 124.811 399
-70.5209 124.811 399
-71.2011 124.811 399
-71.8813 124.811 399
-72.7433 125.124 400
-73.4252 125.124 400
-74.1071 125.124 400
-74.976 125.436 401
-75.6596 125.436 401
-76.5336 125.749 402
-77.2189 125.749 402
-78.098 126.062 403
-78.9805 126.375 404
-79.8664 126.688 405
-80.5568 126.688 405
-81.4479 127 406
-82.3423 127.313 407
-83.0361 127.313 407
-84.1414 127.939 409
-85.2535 128.564 411
-85.9542 128.564 411
-86.6548 128.564 411
-87.568 128.877 412
-88.4846 129.19 413
-89.1887 129.19 413
-90.3281 129.816 415
-91.913 131.067 419
-92.8483 131.38 420
-93.5643 131.38 420
-94.7293 132.005 422
-96.1272 132.944 425
-96.8517 132.944 425
-97.8059 133.257 426
-98.7634 133.569 427
-99.7243 133.882 428
-100.454 133.882 428
-101.656 134.508 430
-102.628 134.821 431
-103.362 134.821 431
-104.339 135.133 432
-105.075 135.133 432
-106.056 135.446 433
-106.795 135.446 433
-107.533 135.446 433
-108.521 135.759 434
-109.513 136.072 435
-110.254 136.072 435
-111.761 137.01 438
-112.765 137.323 439
-113.513 137.323 439
-114.522 137.636 440
-115.534 137.949 441
-116.813 138.574 443
-117.568 138.574 443
-118.858 139.2 445
-119.885 139.513 446
-120.645 139.513 446
-121.678 139.826 447
-122.714 140.138 448
-123.753 140.451 449
-124.519 140.451 449
-125.842 141.077 451
-126.892 141.39 452
-127.662 141.39 452
-128.433 141.39 452
-129.203 141.39 452
-129.974 141.39 452
-130.744 141.39 452
-837.143 743.234 2376
-841.194 743.234 2376
-845.244 743.234 2376
-845.72 740.106 2366
-849.754 740.106 2366
-853.787 740.106 2366
-818.311 699.441 2236
-825.432 702.256 2245
-829.259 702.256 2245
-835.313 704.133 2251
-839.15 704.133 2251
-847.856 708.199 2264
-851.716 708.199 2264
-860.11 711.953 2276
-863.99 711.953 2276
-867.87 711.953 2276
-870.601 711.015 2273
-869.859 707.261 2261
-871.009 705.071 2254
-874.851 705.071 2254
-874.016 701.318 2242
-873.139 697.564 2230
-872.222 693.81 2218
-876.003 693.81 2218
-879.784 693.81 2218
-880.378 691.308 2210
-884.146 691.308 2210
-887.913 691.308 2210
-889.26 689.431 2204
-890.586 687.554 2198
-891.892 685.677 2192
-895.629 685.677 2192
-896.083 683.175 2184
-897.334 681.298 2178
-899.806 680.359 2175
-903.514 680.359 2175
-905.97 679.421 2172
-906.323 676.919 2164
-908.75 675.98 2161
-912.434 675.98 2161
-913.574 674.103 2155
-916.397 673.478 2153
-918.785 672.539 2150
-921.163 671.601 2147
-924.823 671.601 2147
-927.186 670.662 2144
-929.973 670.037 2142
-933.624 670.037 2142
-937.276 670.037 2142
-940.927 670.037 2142
-943.256 669.098 2139
-946.902 669.098 2139
-946.994 666.596 2131
-947.95 664.719 2125
-950.229 663.781 2122
-952.948 663.155 2120
-956.562 663.155 2120
-960.176 663.155 2120
-962.426 662.217 2117
-961.016 658.776 2106
-964.606 658.776 2106
-968.196 658.776 2106
-970.863 658.15 2104
-974.45 658.15 2104
-978.037 658.15 2104
-981.624 658.15 2104
-983.806 657.212 2101
-985.977 656.273 2098
-989.554 656.273 2098
-992.184 655.648 2096
-994.332 654.709 2093
-997.9 654.709 2093
-1001.47 654.709 2093
-1001.19 652.207 2085
-1001.38 650.017 2078
-999.598 646.576 2067
-1003.12 646.576 2067
-1003.24 644.386 2060
-998.929 639.382 2044
-999.961 637.817 2039
-1003.44 637.817 2039
-1003.46 635.628 2032
-1003.45 633.438 2025
-1001.93 630.31 2015
-1005.37 630.31 2015
-1003.8 627.182 2005
-1004.7 625.618 2000
-1006.09 624.367 1996
-1009.5 624.367 1996
-1012.9 624.367 1996
-1013.76 622.803 1991
-1015.62 621.864 1988
-1019.01 621.864 1988
-1017.77 619.049 1979
664.466 1272.1 4089
657.495 1272.1 4089
650.524 1272.1 4089
640.406 1265.88 4069
633.469 1265.88 4069
626.533 1265.88 4069
609.241 1244.72 4001
598.054 1235.7 3972
591.283 1235.7 3972
584.512 1235.7 3972
576.431 1232.9 3963
564.213 1221.08 3925
557.522 1221.08 3925
550.831 1221.08 3925
542.892 1218.28 3916
547.855 1244.72 4001
541.035 1244.72 4001
534.214 1244.72 4001
519.88 1226.99 3944
504.829 1207.08 3880
498.215 1207.08 3880
491.6 1207.08 3880
483.861 1204.28 3871
477.262 1204.28 3871
468.474 1198.68 3853
461.906 1198.68 3853
-16.7405 140.93 453
-17.5127 140.93 453
-18.285 140.93 453
-19.0572 140.93 453
-19.7419 140.307 451
-20.5108 140.307 451
-21.2796 140.307 451
-21.9507 139.685 449
-22.7161 139.685 449
-23.4815 139.685 449
-24.193 139.374 448
-32.8606 131.285 422
-33.58 131.285 422
-34.2994 131.285 422
-34.9358 130.974 421
-35.6535 130.974 421
-36.2848 130.663 420
-36.8246 130.041 418
-37.178 128.797 414
-37.7922 128.485 413
-38.4963 128.485 413
-39.0105 127.863 411
-39.4213 126.93 408
-39.9202 126.308 406
-40.6123 126.308 406
-41.3045 126.308 406
-41.9966 126.308 406
-42.5836 125.997 405
-43.274 125.997 405
-43.9644 125.997 405
-44.6548 125.997 405
-45.2333 125.686 404
-45.922 125.686 404
-46.6107 125.686 404
-47.1824 125.374 403
-47.7506 125.063 402
-48.4359 125.063 402
-49.1212 125.063 402
-49.6826 124.752 401
-50.3662 124.752 401
-51.0498 124.752 401
-51.7334 124.752 401
-52.2863 124.441 400
-52.9682 124.441 400
-53.6501 124.441 400
-54.332 124.441 400
-55.0139 124.441 400
-55.5566 124.13 399
-56.2368 124.13 399
-56.917 124.13 399
-57.5972 124.13 399
-58.2774 124.13 399
-58.9576 124.13 399
-59.6378 124.13 399
-60.318 124.13 399
-60.9981 124.13 399
-61.6783 124.13 399
-62.3585 124.13 399
-63.0387 124.13 399
-63.7189 124.13 399
-64.3991 124.13 399
-65.0793 124.13 399
-65.7595 124.13 399
-66.4397 124.13 399
-67.1199 124.13 399
-67.8001 124.13 399
-68.4803 124.13 399
-69.1605 124.13 399
-69.8407 124.13 399
-70.5209 124.13 399
-71.2011 124.13 399
-72.0614 124.441 400
-72.7433 124.441 400
-73.4252 124.441 400
-74.1071 124.441 400
-74.976 124.752 401
-75.8483 125.063 402
-76.7239 125.374 403
-77.411 125.374 403
-78.2918 125.686 404
-79.176 125.997 405
-79.8664 125.997 405
-80.7557 126.308 406
-81.6485 126.619 407
-82.5446 126.93 408
-83.2402 126.93 408
-84.5529 127.863 411
-85.2535 127.863 411
-86.1633 128.174 412
-86.8657 128.174 412
-87.7806 128.485 413
-88.6989 128.797 414
-89.4046 128.797 414
-90.5457 129.419 416
-91.913 130.352 419
-92.8483 130.663 420
-93.5643 130.663 420
-94.9538 131.597 423
-96.3534 132.53 426
-97.0796 132.53 426
-97.8059 132.53 426
-98.9947 133.152 428
-99.7243 133.152 428
-100.689 133.463 429
-101.893 134.085 431
-102.866 134.396 432
-103.602 134.396 432
-104.339 134.396 432
-105.318 134.708 433
-106.301 135.019 434
-107.041 135.019 434
-107.781 135.019 434
-108.771 135.33 435
-109.513 135.33 435
-111.014 136.263 438
-111.761 136.263 438
-113.022 136.885 440
-113.772 136.885 440
-114.782 137.196 441
-115.796 137.507 442
-117.077 138.13 444
-117.834 138.13 444
-119.125 138.752 446
-120.154 139.063 447
-120.916 139.063 447
-121.678 139.063 447
-122.714 139.374 448
-123.753 139.685 449
-124.519 139.685 449
-125.842 140.307 451
-126.892 140.618 452
-127.662 140.618 452
-128.433 140.618 452
-129.203 140.618 452
-129.974 140.618 452
-130.744 140.618 452
-837.143 739.18 2376
-841.194 739.18 2376
-845.244 739.18 2376
-845.72 736.069 2366
-815.017 692.826 2227
-818.814 692.826 2227
-822.61 692.826 2227
-826.407 692.826 2227
-832.44 694.693 2233
-840.741 698.426 2245
-844.568 698.426 2245
-850.662 700.293 2251
-854.5 700.293 2251
-858.337 700.293 2251
-862.175 700.293 2251
-863.704 698.426 2245
-861.734 693.759 2230
-865.536 693.759 2230
-865.829 690.959 2221
-865.308 687.537 2210
-864.357 683.804 2198
-868.104 683.804 2198
-871.851 683.804 2198
-873.208 681.937 2192
-876.945 681.937 2192
-880.681 681.937 2192
-884.418 681.937 2192
-886.94 681.004 2189
-887.416 678.515 2181
-891.134 678.515 2181
-893.621 677.582 2178
-894.862 675.715 2172
-898.565 675.715 2172
-902.268 675.715 2172
-904.719 674.782 2169
-906.323 673.227 2164
-906.227 670.427 2155
-909.901 670.427 2155
-912.727 669.804 2153
-915.12 668.871 2150
-917.503 667.938 2147
-921.163 667.938 2147
-923.531 667.005 2144
-926.321 666.382 2142
-929.973 666.382 2142
-933.624 666.382 2142
-935.963 665.449 2139
-938.292 664.516 2136
-939.728 662.96 2131
-943.361 662.96 2131
-944.328 661.094 2125
-946.612 660.16 2122
-949.334 659.538 2120
-952.948 659.538 2120
-955.208 658.605 2117
-958.817 658.605 2117
-957.425 655.183 2106
-958.734 653.627 2101
-962.316 653.627 2101
-964.518 652.694 2098
-968.095 652.694 2098
-970.745 652.072 2096
-974.318 652.072 2096
-977.891 652.072 2096
-981.464 652.072 2096
-985.037 652.072 2096
-987.196 651.138 2093
-989.817 650.516 2091
-993.382 650.516 2091
-996.946 650.516 2091
-997.64 648.649 2085
-997.833 646.472 2078
-997.52 643.983 2070
-996.213 640.872 2060
-999.725 640.872 2060
-999.341 638.383 2052
-998.929 635.894 2044
-999.961 634.339 2039
-1003.44 634.339 2039
-1003.46 632.161 2032
-1003.45 629.983 2025
-1001.93 626.872 2015
-1005.37 626.872 2015
-1003.8 623.761 2005
-1004.7 622.206 2000
-1006.09 620.961 1996
-1009.5 620.961 1996
-1012.9 620.961 1996
-1013.76 619.406 1991
-1015.62 618.472 1988
-1019.01 618.472 1988
-1017.77 615.673 1979
640.406 1258.94 4069
633.469 1258.94 4069
626.533 1258.94 4069
609.241 1237.9 4001
598.054 1228.92 3972
591.283 1228.92 3972
584.512 1228.92 3972
576.431 1226.14 3963
564.213 1214.38 3925
557.522 1214.38 3925
550.831 1214.38 3925
542.892 1211.6 3916
547.855 1237.9 4001
541.035 1237.9 4001
534.214 1237.9 4001
519.88 1220.26 3944
504.829 1200.46 3880
498.215 1200.46 3880
491.6 1200.46 3880
483.861 1197.67 3871
477.262 1197.67 3871
468.474 1192.11 3853
461.906 1192.11 3853
-16.7405 140.157 453
-17.5127 140.157 453
-18.285 140.157 453
-19.0572 140.157 453
-19.8295 140.157 453
-20.6017 140.157 453
-21.3268 139.847 452
-22.0485 139.538 451
-22.7667 139.229 450
-23.5338 139.229 450
-24.301 139.229 450
-31.7196 131.803 426
-32.4458 131.803 426
-33.172 131.803 426
-33.8983 131.803 426
-34.5432 131.494 425
-35.2677 131.494 425
-35.7382 130.565 422
-36.2848 129.947 420
-36.9127 129.637 419
-37.4474 129.018 417
-38.1583 129.018 417
-38.5895 128.09 414
-38.7258 126.234 408
-39.3247 125.924 407
-39.9202 125.615 406
-40.6123 125.615 406
-41.3045 125.615 406
-41.9966 125.615 406
-42.6887 125.615 406
-43.274 125.306 405
-43.9644 125.306 405
-44.6548 125.306 405
-45.2333 124.996 404
-45.922 124.996 404
-46.6107 124.996 404
-47.1824 124.687 403
-47.8694 124.687 403
-48.4359 124.377 402
-49.1212 124.377 402
-49.8065 124.377 402
-50.3662 124.068 401
-51.0498 124.068 401
-51.7334 124.068 401
-52.417 124.068 401
-53.1007 124.068 401
-53.6501 123.759 400
-54.332 123.759 400
-55.0139 123.759 400
-55.6958 123.759 400
-56.3777 123.759 400
-57.0596 123.759 400
-57.5972 123.449 399
-58.2774 123.449 399
-58.9576 123.449 399
-59.6378 123.449 399
-60.318 123.449 399
-60.9981 123.449 399
-61.6783 123.449 399
-62.3585 123.449 399
-63.0387 123.449 399
-63.7189 123.449 399
-64.3991 123.449 399
-65.0793 123.449 399
-65.7595 123.449 399
-66.4397 123.449 399
-67.1199 123.449 399
-67.8001 123.449 399
-68.4803 123.449 399
-69.1605 123.449 399
-69.8407 123.449 399
-70.5209 123.449 399
-71.2011 123.449 399
-72.0614 123.759 400
-72.7433 123.759 400
-73.4252 123.759 400
-74.1071 123.759 400
-74.976 124.068 401
-76.0369 124.687 403
-76.9143 124.996 404
-77.6031 124.996 404
-78.2918 124.996 404
-79.176 125.306 405
-79.8664 125.306 405
-80.9546 125.924 407
-81.8491 126.234 408
-82.7469 126.543 409
-83.4442 126.543 409
-84.5529 127.162 411
-85.4609 127.471 412
-86.1633 127.471 412
-86.8657 127.471 412
-87.7806 127.781 413
-88.9131 128.4 415
-89.6206 128.4 415
-90.7634 129.018 417
-91.913 129.637 419
-92.8483 129.947 420
-93.5643 129.947 420
-95.1782 131.184 424
-96.3534 131.803 426
-97.0796 131.803 426
-98.0354 132.112 427
-99.226 132.731 429
-99.9573 132.731 429
-101.158 133.35 431
-101.893 133.35 431
-102.866 133.659 432
-103.602 133.659 432
-104.58 133.969 433
-105.561 134.278 434
-106.301 134.278 434
-107.041 134.278 434
-108.029 134.588 435
-109.521 135.516 438
-110.268 135.516 438
-111.014 135.516 438
-112.016 135.825 439
-113.022 136.135 440
-113.772 136.135 440
-115.042 136.753 442
-116.32 137.372 444
-117.077 137.372 444
-118.099 137.682 445
-119.125 137.991 446
-120.154 138.3 447
-120.916 138.3 447
-121.678 138.3 447
-122.714 138.61 448
-124.029 139.229 450
-124.796 139.229 450
-126.121 139.847 452
-127.172 140.157 453
-127.945 140.157 453
-128.717 140.157 453
-129.489 140.157 453
-130.261 140.157 453
-131.034 140.157 453
-835.029 733.27 2370
-839.07 733.27 2370
-843.11 733.27 2370
-845.72 732.033 2366
-815.017 689.027 2227
-818.814 689.027 2227
-822.61 689.027 2227
-826.407 689.027 2227
-832.44 690.883 2233
-840.741 694.596 2245
-844.568 694.596 2245
-850.662 696.452 2251
-854.5 696.452 2251
-858.337 696.452 2251
-862.175 696.452 2251
-863.704 694.596 2245
-861.734 689.955 2230
-865.536 689.955 2230
-865.829 687.17 2221
-865.308 683.767 2210
-864.357 680.054 2198
-868.104 680.054 2198
-871.851 680.054 2198
-873.208 678.198 2192
-876.945 678.198 2192
-880.681 678.198 2192
-879.98 674.794 2181
-883.698 674.794 2181
-886.195 673.866 2178
-889.908 673.866 2178
-892.39 672.938 2175
-893.626 671.082 2169
-897.324 671.082 2169
-901.022 671.082 2169
-904.719 671.082 2169
-906.323 669.535 2164
-906.227 666.75 2155
-909.901 666.75 2155
-912.727 666.131 2153
-915.12 665.203 2150
-917.503 664.275 2147
-921.163 664.275 2147
-923.531 663.347 2144
-926.321 662.728 2142
-929.973 662.728 2142
-933.624 662.728 2142
-935.963 661.8 2139
-938.292 660.871 2136
-939.728 659.325 2131
-943.361 659.325 2131
-944.328 657.468 2125
-946.612 656.54 2122
-947.99 654.993 2117
-951.599 654.993 2117
-955.208 654.993 2117
-957.458 654.065 2114
-955.152 650.043 2101
-958.734 650.043 2101
-960.941 649.114 2098
-964.518 649.114 2098
-967.172 648.496 2096
-970.745 648.496 2096
-972.924 647.567 2093
-975.558 646.949 2091
-979.123 646.949 2091
-982.688 646.949 2091
-986.252 646.949 2091
-986.977 645.092 2085
-990.531 645.092 2085
-994.086 645.092 2085
-994.291 642.926 2078
-992.551 639.523 2067
-992.701 637.357 2060
-992.344 634.882 2052
-995.842 634.882 2052
-994.471 631.788 2042
-996.485 630.86 2039
-996.529 628.694 2032
-999.993 628.694 2032
-1000 626.528 2025
-999.488 624.053 2017
-1000.44 622.506 2012
-1003.87 622.506 2012
-1001.29 618.794 2000
-1002.69 617.556 1996
-1004.58 616.628 1993
-1007.98 616.628 1993
-1010.36 616.009 1991
-1012.23 615.081 1988
-1012.04 612.915 1981
-1015.42 612.915 1981
-1017.77 612.296 1979
640.406 1251.99 4069
633.469 1251.99 4069
626.533 1251.99 4069
609.241 1231.07 4001
598.054 1222.15 3972
591.283 1222.15 3972
584.512 1222.15 3972
576.431 1219.38 3963
564.213 1207.69 3925
557.522 1207.69 3925
550.831 1207.69 3925
524.672 1193.84 3880
518.058 1193.84 3880
511.443 1193.84 3880
504.829 1193.84 3880
498.215 1193.84 3880
491.6 1193.84 3880
483.861 1191.07 3871
477.262 1191.07 3871
-16.7405 139.384 453
-17.5127 139.384 453
-18.285 139.384 453
-19.0572 139.384 453
-19.8295 139.384 453
-20.6017 139.384 453
-21.3268 139.076 452
-22.0485 138.768 451
-22.7667 138.461 450
-23.5338 138.461 450
-24.301 138.461 450
-30.9934 131.076 426
-31.7196 131.076 426
-32.4458 131.076 426
-33.172 131.076 426
-33.8983 131.076 426
-34.6245 131.076 426
-35.3507 131.076 426
-35.8229 130.153 423
-36.2848 129.23 420
-37.0008 129.23 420
-37.5372 128.615 418
-38.2498 128.615 418
-38.5895 127.384 414
-38.7258 125.538 408
-39.3247 125.23 407
-39.9202 124.922 406
-40.6123 124.922 406
-41.3045 124.922 406
-41.9966 124.922 406
-42.6887 124.922 406
-43.274 124.615 405
-43.9644 124.615 405
-44.6548 124.615 405
-45.3453 124.615 405
-45.922 124.307 404
-46.6107 124.307 404
-47.2995 124.307 404
-47.9882 124.307 404
-48.5564 123.999 403
-49.2434 123.999 403
-49.8065 123.692 402
-50.4918 123.692 402
-51.0498 123.384 401
-51.7334 123.384 401
-52.417 123.384 401
-53.1007 123.384 401
-53.7843 123.384 401
-54.4679 123.384 401
-55.0139 123.076 400
-55.6958 123.076 400
-56.3777 123.076 400
-57.0596 123.076 400
-57.7415 123.076 400
-58.4234 123.076 400
-59.1053 123.076 400
-59.7872 123.076 400
-60.4691 123.076 400
-60.9981 122.769 399
-61.6783 122.769 399
-62.3585 122.769 399
-63.0387 122.769 399
-63.7189 122.769 399
-64.3991 122.769 399
-65.0793 122.769 399
-65.7595 122.769 399
-66.4397 122.769 399
-67.1199 122.769 399
-67.8001 122.769 399
-68.4803 122.769 399
-69.1605 122.769 399
-70.0157 123.076 400
-70.6976 123.076 400
-71.3795 123.076 400
-72.0614 123.076 400
-72.7433 123.076 400
-73.6088 123.384 401
-74.2924 123.384 401
-75.1629 123.692 402
-76.0369 123.999 403
-76.9143 124.307 404
-77.6031 124.307 404
-78.2918 124.307 404
-79.176 124.615 405
-79.8664 124.615 405
-80.9546 125.23 407
-81.8491 125.538 408
-82.7469 125.845 409
-83.4442 125.845 409
-84.5529 126.461 411
-85.4609 126.769 412
-86.1633 126.769 412
-86.8657 126.769 412
-87.7806 127.076 413
-88.9131 127.692 415
-89.6206 127.692 415
-90.7634 128.307 417
-91.913 128.922 419
-92.8483 129.23 420
-93.5643 129.23 420
-95.1782 130.461 424
-96.3534 131.076 426
-97.0796 131.076 426
-98.0354 131.384 427
-99.4573 132.307 430
-100.19 132.307 430
-101.158 132.615 431
-102.129 132.922 432
-103.104 133.23 433
-103.842 133.23 433
-104.822 133.538 434
-105.561 133.538 434
-106.301 133.538 434
-107.534 134.153 436
-108.774 134.768 438
-109.771 135.076 439
-110.52 135.076 439
-111.268 135.076 439
-112.271 135.384 440
-113.278 135.692 441
-114.03 135.692 441
-115.303 136.307 443
-116.582 136.922 445
-117.34 136.922 445
-118.364 137.23 446
-119.392 137.538 447
-120.154 137.538 447
-120.916 137.538 447
-121.95 137.845 448
-122.714 137.845 448
-124.029 138.461 450
-124.796 138.461 450
-126.4 139.384 453
-127.172 139.384 453
-127.945 139.384 453
-129.001 139.692 454
-129.775 139.692 454
-130.549 139.692 454
-131.034 139.384 453
-809.894 680.919 2213
-813.666 680.919 2213
-817.439 680.919 2213
-821.212 680.919 2213
-826.848 682.458 2218
-836.247 687.073 2233
-840.054 687.073 2233
-846.128 688.919 2239
-849.945 688.919 2239
-853.761 688.919 2239
-857.578 688.919 2239
-857.933 686.15 2230
-858.257 683.381 2221
-862.043 683.381 2221
-860.371 679.073 2207
-860.61 676.304 2198
-860.818 673.535 2189
-864.549 673.535 2189
-867.091 672.612 2186
-870.021 671.996 2184
-872.544 671.073 2181
-876.262 671.073 2181
-879.98 671.073 2181
-883.698 671.073 2181
-886.195 670.15 2178
-889.908 670.15 2178
-892.39 669.227 2175
-893.626 667.381 2169
-897.324 667.381 2169
-901.022 667.381 2169
-904.719 667.381 2169
-906.323 665.843 2164
-906.227 663.073 2155
-909.901 663.073 2155
-912.727 662.458 2153
-915.12 661.535 2150
-917.503 660.612 2147
-921.163 660.612 2147
-923.531 659.689 2144
-926.321 659.073 2142
-929.973 659.073 2142
-933.624 659.073 2142
-935.963 658.15 2139
-938.292 657.227 2136
-939.728 655.689 2131
-943.361 655.689 2131
-944.328 653.843 2125
-944.381 651.381 2117
-946.647 650.458 2114
-950.251 650.458 2114
-953.855 650.458 2114
-952.929 647.381 2104
-953.788 645.535 2098
-957.365 645.535 2098
-960.025 644.92 2096
-962.219 643.997 2093
-964.865 643.381 2091
-968.429 643.381 2091
-970.599 642.458 2088
-971.826 640.92 2083
-975.377 640.92 2083
-978.928 640.92 2083
-981.064 639.997 2080
-983.663 639.381 2078
-981.98 635.997 2067
-985.503 635.997 2067
-989.027 635.997 2067
-986.789 632.304 2055
-984.027 628.304 2042
-983.64 625.843 2034
-987.107 625.843 2034
-987.165 623.689 2027
-989.644 623.074 2025
-991.624 622.15 2022
-995.071 622.15 2022
-996.049 620.612 2017
-997.01 619.074 2012
-996.959 616.92 2005
-1000.38 616.92 2005
-1000.29 614.766 1998
-1001.19 613.227 1993
-1002.06 611.689 1988
-1005.45 611.689 1988
-1008.84 611.689 1988
-1010.19 610.458 1984
-1011.02 608.92 1979
-1014.39 608.92 1979
-1015.2 607.381 1974
631.12 1227 4010
624.284 1227 4010
617.448 1227 4010
607.719 1221.18 3991
598.054 1215.37 3972
591.283 1215.37 3972
-17.5127 138.611 453
-18.285 138.611 453
-19.0572 138.611 453
-19.8295 138.611 453
-20.6017 138.611 453
-21.374 138.611 453
-22.1462 138.611 453
-22.9185 138.611 453
-23.6384 138.305 452
-24.355 137.999 451
-25.1238 137.999 451
-30.9934 130.349 426
-31.7196 130.349 426
-32.4458 130.349 426
-33.172 130.349 426
-33.8983 130.349 426
-34.6245 130.349 426
-35.3507 130.349 426
-35.8229 129.431 423
-36.2848 128.514 420
-37.0008 128.514 420
-37.5372 127.902 418
-38.2498 127.902 418
-38.5895 126.678 414
-38.6309 124.536 407
-39.3247 124.536 407
-39.9202 124.23 406
-40.6123 124.23 406
-41.3045 124.23 406
-41.9966 124.23 406
-42.6887 124.23 406
-43.274 123.924 405
-43.9644 123.924 405
-44.6548 123.924 405
-45.3453 123.924 405
-46.0357 123.924 405
-46.7261 123.924 405
-47.2995 123.618 404
-47.9882 123.618 404
-48.5564 123.312 403
-49.2434 123.312 403
-49.9304 123.312 403
-50.4918 123.006 402
-51.1771 123.006 402
-51.8625 123.006 402
-52.417 122.7 401
-53.1007 122.7 401
-53.7843 122.7 401
-54.4679 122.7 401
-55.1515 122.7 401
-55.6958 122.394 400
-56.3777 122.394 400
-57.0596 122.394 400
-57.7415 122.394 400
-58.4234 122.394 400
-59.1053 122.394 400
-59.7872 122.394 400
-60.4691 122.394 400
-61.151 122.394 400
-61.8329 122.394 400
-62.5148 122.394 400
-63.1967 122.394 400
-63.8786 122.394 400
-64.5605 122.394 400
-65.2424 122.394 400
-65.9243 122.394 400
-66.6062 122.394 400
-67.2881 122.394 400
-67.97 122.394 400
-68.6519 122.394 400
-69.3338 122.394 400
-70.0157 122.394 400
-70.6976 122.394 400
-71.3795 122.394 400
-72.0614 122.394 400
-72.9252 122.7 401
-73.7923 123.006 402
-74.4776 123.006 402
-75.3499 123.312 403
-76.2256 123.618 404
-76.9143 123.618 404
-77.6031 123.618 404
-78.4856 123.924 405
-79.3715 124.23 406
-80.0636 124.23 406
-80.9546 124.536 407
-81.8491 124.842 408
-82.7469 125.148 409
-83.4442 125.148 409
-84.5529 125.76 411
-85.4609 126.066 412
-86.1633 126.066 412
-86.8657 126.066 412
-87.7806 126.372 413
-89.1274 127.29 416
-89.8365 127.29 416
-90.981 127.902 418
-92.1323 128.514 420
-92.8483 128.514 420
-94.0099 129.125 422
-95.4027 130.043 425
-96.5796 130.655 427
-97.3075 130.655 427
-98.4946 131.267 429
-99.4573 131.573 430
-100.19 131.573 430
-101.158 131.879 431
-102.129 132.185 432
-103.104 132.491 433
-103.842 132.491 433
-104.822 132.797 434
-105.561 132.797 434
-106.301 132.797 434
-107.534 133.409 436
-108.774 134.021 438
-109.771 134.327 439
-110.52 134.327 439
-111.268 134.327 439
-112.271 134.633 440
-113.278 134.939 441
-114.03 134.939 441
-115.303 135.551 443
-116.582 136.163 445
-117.34 136.163 445
-118.364 136.469 446
-119.392 136.775 447
-120.154 136.775 447
-120.916 136.775 447
-121.95 137.081 448
-122.714 137.081 448
-124.304 137.999 451
-125.073 137.999 451
-126.679 138.917 454
-127.453 138.917 454
-128.227 138.917 454
-129.001 138.917 454
-129.775 138.917 454
-130.549 138.917 454
-131.034 138.611 453
-818.311 684.181 2236
-822.123 684.181 2236
-825.935 684.181 2236
-824.18 679.592 2221
-824.984 677.144 2213
-836.247 683.263 2233
-840.054 683.263 2233
-844.994 684.181 2236
-848.806 684.181 2236
-852.618 684.181 2236
-856.429 684.181 2236
-859.087 683.263 2233
-855.938 677.756 2215
-859.714 677.756 2215
-862.71 677.144 2213
-860.61 672.554 2198
-861.997 670.718 2192
-865.734 670.718 2192
-868.281 669.8 2189
-870.021 668.27 2184
-873.744 668.27 2184
-877.467 668.27 2184
-879.98 667.352 2181
-883.698 667.352 2181
-886.195 666.434 2178
-889.908 666.434 2178
-892.39 665.516 2175
-893.626 663.68 2169
-897.324 663.68 2169
-901.022 663.68 2169
-903.885 663.068 2167
-905.066 661.233 2161
-905.386 658.785 2153
-909.056 658.785 2153
-912.727 658.785 2153
-913.843 656.949 2147
-916.221 656.031 2144
-919.876 656.031 2144
-922.67 655.419 2142
-926.321 655.419 2142
-928.67 654.501 2139
-932.317 654.501 2139
-934.65 653.583 2136
-938.292 653.583 2136
-939.728 652.053 2131
-943.361 652.053 2131
-942.994 649.299 2122
-944.381 647.769 2117
-946.647 646.851 2114
-950.251 646.851 2114
-953.855 646.851 2114
-952.929 643.792 2104
-953.788 641.956 2098
-957.365 641.956 2098
-960.025 641.344 2096
-962.219 640.426 2093
-964.865 639.814 2091
-968.429 639.814 2091
-970.599 638.896 2088
-971.826 637.366 2083
-975.377 637.366 2083
-978.928 637.366 2083
-981.064 636.448 2080
-983.663 635.836 2078
-981.98 632.47 2067
-985.503 632.47 2067
-989.027 632.47 2067
-986.789 628.798 2055
-984.027 624.82 2042
-983.64 622.373 2034
-987.107 622.373 2034
-987.165 620.231 2027
-984.756 616.559 2015
-985.739 615.029 2010
-989.166 615.029 2010
-990.123 613.499 2005
-993.541 613.499 2005
-993.479 611.357 1998
-996.885 611.357 1998
-997.788 609.827 1993
-997.669 607.685 1986
-1001.05 607.685 1986
-1004.44 607.685 1986
-1006.81 607.073 1984
-1007.65 605.543 1979
-1010 604.931 1977
-1013.37 604.931 1977
-1014.17 603.401 1972
-18.285 137.838 453
-19.0993 138.142 454
-19.8733 138.142 454
-20.6472 138.142 454
-21.4212 138.142 454
-22.1462 137.838 453
-22.9185 137.838 453
-23.6907 137.838 453
-24.409 137.534 452
-25.1238 137.23 451
-25.8927 137.23 451
-26.6615 137.23 451
-27.3695 136.925 450
-29.6796 130.231 428
-30.4093 130.231 428
-31.1389 130.231 428
-31.7941 129.927 427
-32.522 129.927 427
-33.2499 129.927 427
-33.9778 129.927 427
-34.6245 129.623 426
-35.3507 129.623 426
-35.9922 129.318 425
-36.544 128.71 423
-37.0008 127.797 420
-37.7168 127.797 420
-38.4328 127.797 420
-38.6309 123.841 407
-39.3247 123.841 407
-40.0185 123.841 407
-40.7124 123.841 407
-41.4062 123.841 407
-41.9966 123.537 406
-42.6887 123.537 406
-43.274 123.233 405
-43.9644 123.233 405
-44.6548 123.233 405
-45.3453 123.233 405
-46.0357 123.233 405
-46.7261 123.233 405
-47.2995 122.928 404
-47.9882 122.928 404
-48.5564 122.624 403
-49.2434 122.624 403
-49.9304 122.624 403
-50.4918 122.32 402
-51.1771 122.32 402
-51.8625 122.32 402
-52.417 122.016 401
-53.1007 122.016 401
-53.7843 122.016 401
-54.4679 122.016 401
-55.1515 122.016 401
-55.6958 121.711 400
-56.3777 121.711 400
-57.0596 121.711 400
-57.7415 121.711 400
-58.5695 122.016 401
-59.2531 122.016 401
-59.9367 122.016 401
-60.4691 121.711 400
-61.151 121.711 400
-61.8329 121.711 400
-62.5148 121.711 400
-63.1967 121.711 400
-63.8786 121.711 400
-64.5605 121.711 400
-65.2424 121.711 400
-65.9243 121.711 400
-66.6062 121.711 400
-67.2881 121.711 400
-67.97 121.711 400
-68.6519 121.711 400
-69.3338 121.711 400
-70.0157 121.711 400
-70.6976 121.711 400
-71.3795 121.711 400
-72.2416 122.016 401
-72.9252 122.016 401
-73.7923 122.32 402
-74.4776 122.32 402
-75.5369 122.928 404
-76.2256 122.928 404
-76.9143 122.928 404
-77.7951 123.233 405
-78.4856 123.233 405
-79.3715 123.537 406
-80.0636 123.537 406
-81.1535 124.146 408
-82.0497 124.45 409
-82.9492 124.754 410
-83.6482 124.754 410
-84.7586 125.363 412
-85.4609 125.363 412
-86.1633 125.363 412
-86.8657 125.363 412
-87.7806 125.667 413
-89.1274 126.58 416
-89.8365 126.58 416
-90.981 127.188 418
-92.3517 128.101 421
-93.0694 128.101 421
-94.4554 129.014 424
-95.6272 129.623 426
-96.5796 129.927 427
-97.7633 130.535 429
-98.9538 131.144 431
-99.6886 131.144 431
-100.423 131.144 431
-101.393 131.448 432
-102.366 131.753 433
-103.104 131.753 433
-103.842 131.753 433
-104.822 132.057 434
-106.048 132.665 436
-106.791 132.665 436
-108.028 133.274 438
-109.023 133.578 439
-109.771 133.578 439
-110.52 133.578 439
-111.268 133.578 439
-112.271 133.883 440
-113.278 134.187 441
-114.03 134.187 441
-115.823 135.404 445
-116.844 135.708 446
-117.604 135.708 446
-118.63 136.012 447
-119.392 136.012 447
-120.423 136.317 448
-121.186 136.317 448
-121.95 136.317 448
-122.714 136.317 448
-124.304 137.23 451
-125.073 137.23 451
-126.679 138.142 454
-127.453 138.142 454
-128.227 138.142 454
-129.001 138.142 454
-129.775 138.142 454
-130.549 138.142 454
-131.034 137.838 453
-818.311 680.367 2236
-822.123 680.367 2236
-825.935 680.367 2236
-824.18 675.802 2221
-824.984 673.368 2213
-836.247 679.454 2233
-840.054 679.454 2233
-844.994 680.367 2236
-848.806 680.367 2236
-852.618 680.367 2236
-856.429 680.367 2236
-859.087 679.454 2233
-855.938 673.977 2215
-859.714 673.977 2215
-862.71 673.368 2213
-861.784 669.717 2201
-863.177 667.891 2195
-866.919 667.891 2195
-869.471 666.978 2192
-872.013 666.066 2189
-873.744 664.544 2184
-877.467 664.544 2184
-881.19 664.544 2184
-884.914 664.544 2184
-887.416 663.631 2181
-891.134 663.631 2181
-893.621 662.718 2178
-893.626 659.98 2169
-896.496 659.371 2167
-900.191 659.371 2167
-902.633 658.459 2164
-905.066 657.546 2161
-905.386 655.112 2153
-909.056 655.112 2153
-911.455 654.199 2150
-913.843 653.286 2147
-916.221 652.373 2144
-919.876 652.373 2144
-922.67 651.764 2142
-923.726 649.939 2136
-927.368 649.939 2136
-931.009 649.939 2136
-934.65 649.939 2136
-936.095 648.417 2131
-937.082 646.592 2125
-940.705 646.592 2125
-942.106 645.07 2120
-942.151 642.636 2112
-944.408 641.723 2109
-948.003 641.723 2109
-947.989 639.289 2101
-951.571 639.289 2101
-953.788 638.376 2098
-957.365 638.376 2098
-954.071 633.812 2083
-956.243 632.899 2080
-959.789 632.899 2080
-963.335 632.899 2080
-965.951 632.291 2078
-966.694 630.465 2072
-970.226 630.465 2072
-973.758 630.465 2072
-976.347 629.856 2070
-977.509 628.335 2065
-977.229 625.901 2057
-980.736 625.901 2057
-980.414 623.467 2049
-978.145 619.815 2037
-976.799 616.772 2027
-977.836 615.251 2022
-981.283 615.251 2022
-981.321 613.121 2015
-984.756 613.121 2015
-985.739 611.6 2010
-989.166 611.6 2010
-990.123 610.078 2005
-993.541 610.078 2005
-993.479 607.948 1998
-996.885 607.948 1998
-997.788 606.427 1993
-997.669 604.297 1986
-1001.05 604.297 1986
-1004.44 604.297 1986
-1006.81 603.688 1984
-1007.65 602.167 1979
-1010 601.558 1977
-1013.37 601.558 1977
-1014.17 600.037 1972
-18.285 137.065 453
-19.0993 137.368 454
-19.8733 137.368 454
-20.6472 137.368 454
-21.4212 137.368 454
-22.1462 137.065 453
-22.9185 137.065 453
-23.6907 137.065 453
-24.409 136.763 452
-25.1238 136.46 451
-25.8927 136.46 451
-26.6615 136.46 451
-27.3695 136.158 450
-28.0741 135.855 449
-29.0176 129.804 429
-29.749 129.804 429
-30.4803 129.804 429
-31.1389 129.501 428
-31.8685 129.501 428
-32.5981 129.501 428
-33.3278 129.501 428
-34.0574 129.501 428
-34.7058 129.198 427
-35.4337 129.198 427
-36.0769 128.896 426
-36.7168 128.593 425
-37.2651 127.988 423
-37.8964 127.686 422
-38.6158 127.686 422
-38.6309 123.147 407
-39.3247 123.147 407
-40.0185 123.147 407
-40.7124 123.147 407
-41.4062 123.147 407
-42.1 123.147 407
-42.6887 122.844 406
-43.3808 122.844 406
-44.073 122.844 406
-44.6548 122.542 405
-45.3453 122.542 405
-46.0357 122.542 405
-46.7261 122.542 405
-47.4165 122.542 405
-48.107 122.542 405
-48.7974 122.542 405
-49.4878 122.542 405
-50.0543 122.239 404
-50.6174 121.937 403
-51.1771 121.634 402
-51.8625 121.634 402
-52.5478 121.634 402
-53.1007 121.332 401
-53.7843 121.332 401
-54.4679 121.332 401
-55.1515 121.332 401
-55.8351 121.332 401
-56.3777 121.029 400
-57.2023 121.332 401
-57.8859 121.332 401
-58.5695 121.332 401
-59.2531 121.332 401
-59.9367 121.332 401
-60.4691 121.029 400
-61.151 121.029 400
-61.8329 121.029 400
-62.5148 121.029 400
-63.1967 121.029 400
-63.8786 121.029 400
-64.5605 121.029 400
-65.2424 121.029 400
-65.9243 121.029 400
-66.6062 121.029 400
-67.2881 121.029 400
-67.97 121.029 400
-68.6519 121.029 400
-69.3338 121.029 400
-70.0157 121.029 400
-70.6976 121.029 400
-71.3795 121.029 400
-72.2416 121.332 401
-72.9252 121.332 401
-73.7923 121.634 402
-74.4776 121.634 402
-75.5369 122.239 404
-76.4143 122.542 405
-77.1047 122.542 405
-77.7951 122.542 405
-78.6794 122.844 406
-79.567 123.147 407
-80.2608 123.147 407
-81.1535 123.45 408
-82.2503 124.055 410
-82.9492 124.055 410
-83.8522 124.357 411
-84.7586 124.66 412
-85.4609 124.66 412
-86.1633 124.66 412
-87.0765 124.962 413
-87.7806 124.962 413
-89.1274 125.87 416
-89.8365 125.87 416
-91.1987 126.778 419
-93.0098 128.291 424
-93.7326 128.291 424
-94.6782 128.593 425
-95.8517 129.198 427
-96.5796 129.198 427
-97.9912 130.106 430
-98.9538 130.409 431
-99.9198 130.711 432
-100.656 130.711 432
-101.627 131.014 433
-102.366 131.014 433
-103.104 131.014 433
-103.842 131.014 433
-105.063 131.619 435
-106.291 132.224 437
-107.036 132.224 437
-108.028 132.527 438
-109.023 132.829 439
-110.021 133.132 440
-110.771 133.132 440
-111.521 133.132 440
-112.271 133.132 440
-113.278 133.434 441
-115.065 134.645 445
-116.083 134.947 446
-117.106 135.25 447
-117.868 135.25 447
-118.63 135.25 447
-119.659 135.552 448
-120.423 135.552 448
-121.186 135.552 448
-121.95 135.552 448
-122.988 135.855 449
-124.304 136.46 451
-125.073 136.46 451
-126.679 137.368 454
-127.453 137.368 454
-128.227 137.368 454
-129.001 137.368 454
-129.775 137.368 454
-130.549 137.368 454
-818.311 676.552 2236
-822.123 676.552 2236
-825.935 676.552 2236
-824.18 672.013 2221
-824.984 669.593 2213
-836.247 675.644 2233
-840.054 675.644 2233
-844.994 676.552 2236
-848.806 676.552 2236
-852.618 676.552 2236
-856.429 676.552 2236
-859.087 675.644 2233
-855.938 670.198 2215
-859.714 670.198 2215
-862.71 669.593 2213
-861.784 665.962 2201
-864.357 665.054 2198
-868.104 665.054 2198
-870.661 664.146 2195
-873.208 663.239 2192
-874.544 661.423 2186
-878.271 661.423 2186
-881.19 660.818 2184
-884.914 660.818 2184
-887.416 659.91 2181
-891.134 659.91 2181
-893.621 659.003 2178
-892.802 655.674 2167
-896.496 655.674 2167
-900.191 655.674 2167
-902.633 654.767 2164
-903.81 652.951 2158
-905.386 651.438 2153
-909.056 651.438 2153
-910.183 649.623 2147
-912.566 648.715 2144
-915.366 648.11 2142
-919.018 648.11 2142
-920.085 646.294 2136
-923.726 646.294 2136
-926.065 645.387 2133
-929.701 645.387 2133
-932.463 644.782 2131
-934.778 643.874 2128
-934.878 641.453 2120
-938.492 641.453 2120
-938.55 639.033 2112
-940.813 638.125 2109
-940.826 635.704 2101
-944.407 635.704 2101
-946.635 634.797 2098
-949.306 634.192 2096
-946.969 630.258 2083
-950.52 630.258 2083
-952.697 629.35 2080
-953.944 627.838 2075
-956.097 626.93 2072
-959.629 626.93 2072
-962.232 626.325 2070
-964.361 625.417 2067
-965.544 623.904 2062
-969.059 623.904 2062
-972.574 623.904 2062
-973.722 622.391 2057
-974.854 620.878 2052
-978.352 620.878 2052
-974.673 616.34 2037
-973.343 613.314 2027
-974.389 611.801 2022
-972.033 608.17 2010
-975.46 608.17 2010
-978.886 608.17 2010
-979.869 606.658 2005
-983.287 606.658 2005
-986.705 606.658 2005
-987.654 605.145 2000
-990.073 604.54 1998
-992.484 603.934 1996
-995.887 603.934 1996
-994.283 600.909 1986
-996.664 600.304 1984
-997.526 598.791 1979
-1000.9 598.791 1979
-1004.27 598.791 1979
-1006.63 598.186 1977
-1008.47 597.278 1974
-1011.83 597.278 1974
-1013.14 596.068 1970
-19.0993 136.593 454
-19.8733 136.593 454
-20.6472 136.593 454
-21.4212 136.593 454
-22.1462 136.292 453
-22.9185 136.292 453
-23.6907 136.292 453
-24.409 135.992 452
-25.1238 135.691 451
-25.8927 135.691 451
-26.6615 135.691 451
-27.3695 135.39 450
-28.1367 135.39 450
-28.8396 135.089 449
-29.605 135.089 449
-29.0176 129.072 429
-29.749 129.072 429
-30.4803 129.072 429
-31.1389 128.771 428
-31.8685 128.771 428
-32.5981 128.771 428
-33.3278 128.771 428
-34.0574 128.771 428
-34.787 128.771 428
-35.5167 128.771 428
-36.0769 128.169 426
-36.7168 127.868 425
-37.3532 127.567 424
-38.076 127.567 424
-38.7988 127.567 424
-38.6309 122.453 407
-39.3247 122.453 407
-40.0185 122.453 407
-40.7124 122.453 407
-41.4062 122.453 407
-42.1 122.453 407
-42.7939 122.453 407
-43.4877 122.453 407
-44.073 122.152 406
-44.7651 122.152 406
-45.4572 122.152 406
-46.1494 122.152 406
-46.8415 122.152 406
-47.5336 122.152 406
-48.2257 122.152 406
-48.9179 122.152 406
-49.4878 121.851 405
-50.1782 121.851 405
-50.743 121.55 404
-51.3045 121.249 403
-51.9915 121.249 403
-52.5478 120.948 402
-53.2331 120.948 402
-53.9184 120.948 402
-54.6037 120.948 402
-55.289 120.948 402
-55.8351 120.647 401
-56.5187 120.647 401
-57.2023 120.647 401
-57.8859 120.647 401
-58.5695 120.647 401
-59.2531 120.647 401
-59.9367 120.647 401
-60.6203 120.647 401
-61.151 120.346 400
-61.8329 120.346 400
-62.5148 120.346 400
-63.1967 120.346 400
-63.8786 120.346 400
-64.5605 120.346 400
-65.2424 120.346 400
-65.9243 120.346 400
-66.6062 120.346 400
-67.2881 120.346 400
-67.97 120.346 400
-68.6519 120.346 400
-69.3338 120.346 400
-70.1908 120.647 401
-70.8744 120.647 401
-71.558 120.647 401
-72.2416 120.647 401
-73.107 120.948 402
-73.9759 121.249 403
-74.6629 121.249 403
-75.5369 121.55 404
-76.4143 121.851 405
-77.1047 121.851 405
-77.7951 121.851 405
-78.6794 122.152 406
-79.567 122.453 407
-80.2608 122.453 407
-81.1535 122.753 408
-82.2503 123.355 410
-82.9492 123.355 410
-83.8522 123.656 411
-84.7586 123.957 412
-85.4609 123.957 412
-86.1633 123.957 412
-87.0765 124.258 413
-87.7806 124.258 413
-89.1274 125.16 416
-89.8365 125.16 416
-91.1987 126.063 419
-93.0098 127.567 424
-93.7326 127.567 424
-94.6782 127.868 425
-95.8517 128.47 427
-96.5796 128.47 427
-97.9912 129.372 430
-98.9538 129.673 431
-100.151 130.275 433
-100.889 130.275 433
-101.627 130.275 433
-102.366 130.275 433
-103.342 130.576 434
-104.082 130.576 434
-105.305 131.178 436
-106.534 131.779 438
-107.281 131.779 438
-108.274 132.08 439
-109.271 132.381 440
-110.021 132.381 440
-110.771 132.381 440
-111.521 132.381 440
-112.527 132.682 441
-113.278 132.682 441
-115.065 133.885 445
-116.344 134.487 447
-117.106 134.487 447
-117.868 134.487 447
-118.63 134.487 447
-119.659 134.788 448
-120.423 134.788 448
-121.186 134.788 448
-122.222 135.089 449
-122.988 135.089 449
-124.304 135.691 451
-125.073 135.691 451
-125.842 135.691 451
-818.311 672.737 2236
-822.123 672.737 2236
-825.935 672.737 2236
-824.18 668.224 2221
-824.984 665.817 2213
-836.247 671.834 2233
-840.054 671.834 2233
-844.994 672.737 2236
-848.806 672.737 2236
-852.618 672.737 2236
-856.429 672.737 2236
-857.933 670.932 2230
-855.938 666.419 2215
-859.714 666.419 2215
-862.71 665.817 2213
-861.784 662.207 2201
-864.357 661.304 2198
-868.104 661.304 2198
-870.661 660.401 2195
-873.208 659.499 2192
-874.544 657.694 2186
-878.271 657.694 2186
-881.19 657.092 2184
-884.914 657.092 2184
-887.416 656.189 2181
-891.134 656.189 2181
-894.852 656.189 2181
-893.626 652.579 2169
-896.496 651.977 2167
-900.191 651.977 2167
-902.633 651.075 2164
-903.81 649.269 2158
-905.386 647.765 2153
-909.056 647.765 2153
-910.183 645.96 2147
-912.566 645.057 2144
-915.366 644.456 2142
-919.018 644.456 2142
-920.085 642.65 2136
-923.726 642.65 2136
-926.065 641.748 2133
-929.701 641.748 2133
-932.463 641.146 2131
-934.778 640.243 2128
-934.878 637.836 2120
-938.492 637.836 2120
-938.55 635.43 2112
-939.474 633.624 2106
-937.243 629.713 2093
-940.811 629.713 2093
-944.379 629.713 2093
-947.947 629.713 2093
-945.605 625.802 2080
-949.151 625.802 2080
-950.407 624.297 2075
-952.565 623.395 2072
-955.174 622.793 2070
-958.703 622.793 2070
-960.838 621.891 2067
-962.029 620.386 2062
-963.202 618.882 2057
-966.709 618.882 2057
-969.272 618.28 2055
-968.989 615.873 2047
-967.728 612.865 2037
-971.2 612.865 2037
-971.323 610.758 2030
-970.942 608.352 2022
-968.607 604.741 2010
-971.066 604.139 2008
-973.033 603.237 2005
-976.451 603.237 2005
-978.892 602.635 2003
-979.854 601.131 1998
-983.26 601.131 1998
-986.667 601.131 1998
-989.082 600.529 1996
-989.998 599.025 1991
-993.392 599.025 1991
-993.282 596.919 1984
-994.152 595.414 1979
-996.518 594.813 1977
-999.888 594.813 1977
-1001.74 593.91 1974
-1004.08 593.308 1972
-1006.42 592.706 1970
-1009.78 592.706 1970
-1010.57 591.202 1965
-3.1597 150.777 504
-4.01889 150.777 504
-4.87809 150.777 504
-5.73728 150.777 504
-7.36691 148.982 498
-8.21587 148.982 498
-9.06483 148.982 498
-19.8733 135.819 454
-20.6472 135.819 454
-21.4212 135.819 454
-22.1951 135.819 454
-22.9691 135.819 454
-23.6907 135.52 453
-24.409 135.22 452
-25.1795 135.22 452
-25.9501 135.22 452
-26.6615 134.921 451
-27.3695 134.622 450
-28.1367 134.622 450
-28.8396 134.323 449
-29.605 134.323 449
-29.0176 128.34 429
-29.749 128.34 429
-30.4803 128.34 429
-31.1389 128.041 428
-31.8685 128.041 428
-32.5981 128.041 428
-33.3278 128.041 428
-34.0574 128.041 428
-34.787 128.041 428
-35.5167 128.041 428
-36.0769 127.442 426
-36.7168 127.143 425
-37.3532 126.844 424
-38.076 126.844 424
-38.7988 126.844 424
-39.3247 121.758 407
-40.0185 121.758 407
-40.7124 121.758 407
-41.4062 121.758 407
-42.1 121.758 407
-42.7939 121.758 407
-43.4877 121.758 407
-44.1815 121.758 407
-44.8754 121.758 407
-45.5692 121.758 407
-46.263 121.758 407
-46.9569 121.758 407
-47.6507 121.758 407
-48.2257 121.459 406
-48.9179 121.459 406
-49.61 121.459 406
-50.3021 121.459 406
-50.8686 121.16 405
-51.4318 120.861 404
-52.1205 120.861 404
-52.8092 120.861 404
-53.3655 120.562 403
-53.9184 120.262 402
-54.6037 120.262 402
-55.289 120.262 402
-55.9743 120.262 402
-56.6596 120.262 402
-57.3449 120.262 402
-58.0302 120.262 402
-58.7155 120.262 402
-59.2531 119.963 401
-59.9367 119.963 401
-60.6203 119.963 401
-61.3039 119.963 401
-61.9875 119.963 401
-62.6711 119.963 401
-63.3547 119.963 401
-64.0383 119.963 401
-64.5605 119.664 400
-65.4055 119.963 401
-66.0891 119.963 401
-66.7727 119.963 401
-67.4563 119.963 401
-68.1399 119.963 401
-68.8235 119.963 401
-69.5071 119.963 401
-70.1908 119.963 401
-70.8744 119.963 401
-71.558 119.963 401
-72.4217 120.262 402
-73.2889 120.562 403
-73.9759 120.562 403
-74.8482 120.861 404
-75.7239 121.16 405
-76.603 121.459 406
-77.2951 121.459 406
-77.9872 121.459 406
-78.6794 121.459 406
-79.7625 122.057 408
-80.458 122.057 408
-81.5514 122.656 410
-82.4509 122.955 411
-83.1516 122.955 411
-84.0562 123.254 412
-84.7586 123.254 412
-85.6684 123.553 413
-86.3724 123.553 413
-87.0765 123.553 413
-87.9931 123.852 414
-89.1274 124.451 416
-90.4844 125.348 419
-91.4163 125.647 420
-93.0098 126.844 424
-93.7326 126.844 424
-94.6782 127.143 425
-95.8517 127.741 427
-96.5796 127.741 427
-98.2191 128.938 431
-99.1834 129.237 432
-100.151 129.536 433
-100.889 129.536 433
-101.627 129.536 433
-102.366 129.536 433
-103.342 129.835 434
-104.082 129.835 434
-105.305 130.434 436
-106.534 131.032 438
-107.281 131.032 438
-108.274 131.331 439
-109.271 131.63 440
-110.021 131.63 440
-110.771 131.63 440
-111.521 131.63 440
-112.527 131.93 441
-113.278 131.93 441
-115.065 133.126 445
-116.344 133.725 447
-117.106 133.725 447
-117.868 133.725 447
-118.63 133.725 447
-119.659 134.024 448
-120.423 134.024 448
-121.186 134.024 448
-122.222 134.323 449
-122.988 134.323 449
-124.304 134.921 451
-125.073 134.921 451
-125.842 134.921 451
-813.407 668.025 2233
-817.213 668.025 2233
-821.02 668.025 2233
-820.394 664.435 2221
-823.067 663.537 2218
-823.866 661.144 2210
-835.123 667.127 2230
-838.925 667.127 2230
-843.86 668.025 2233
-847.667 668.025 2233
-851.474 668.025 2233
-854.131 667.127 2230
-856.779 666.23 2227
-855.938 662.64 2215
-859.714 662.64 2215
-861.541 661.144 2210
-861.784 658.451 2201
-864.357 657.554 2198
-868.104 657.554 2198
-870.661 656.656 2195
-873.208 655.759 2192
-874.544 653.964 2186
-878.271 653.964 2186
-881.19 653.366 2184
-884.914 653.366 2184
-887.416 652.468 2181
-891.134 652.468 2181
-894.852 652.468 2181
-893.626 648.878 2169
-896.496 648.28 2167
-900.191 648.28 2167
-902.633 647.383 2164
-903.81 645.588 2158
-904.124 643.194 2150
-907.79 643.194 2150
-910.183 642.297 2147
-912.566 641.399 2144
-914.084 639.904 2139
-917.731 639.904 2139
-920.085 639.006 2136
-922.429 638.109 2133
-925.197 637.51 2131
-928.83 637.51 2131
-931.15 636.613 2128
-934.778 636.613 2128
-934.878 634.219 2120
-938.492 634.219 2120
-938.55 631.826 2112
-939.474 630.031 2106
-937.243 626.142 2093
-940.811 626.142 2093
-944.379 626.142 2093
-947.947 626.142 2093
-945.605 622.253 2080
-949.151 622.253 2080
-950.407 620.757 2075
-952.565 619.86 2072
-955.174 619.261 2070
-958.703 619.261 2070
-960.838 618.364 2067
-962.029 616.868 2062
-963.202 615.372 2057
-966.709 615.372 2057
-969.272 614.774 2055
-968.989 612.381 2047
-967.728 609.389 2037
-971.2 609.389 2037
-971.323 607.295 2030
-970.942 604.902 2022
-968.607 601.312 2010
-971.066 600.714 2008
-973.033 599.816 2005
-976.451 599.816 2005
-976.448 597.722 1998
-978.874 597.124 1996
-982.276 597.124 1996
-984.197 596.226 1993
-986.604 595.628 1991
-986.517 593.534 1984
-989.9 593.534 1984
-990.779 592.038 1979
-991.641 590.542 1974
-993.998 589.944 1972
-997.359 589.944 1972
-1000.72 589.944 1972
-1001.54 588.448 1967
-1003.87 587.85 1965
-1007.22 587.85 1965
-1008 586.354 1960
-3.1597 149.917 504
-4.01889 149.917 504
-4.87809 149.917 504
-5.73728 149.917 504
-6.53103 148.43 499
-7.36691 148.132 498
-8.21587 148.132 498
-9.06483 148.132 498
-9.87398 147.537 496
-19.8733 135.044 454
-20.6472 135.044 454
-21.4212 135.044 454
-22.1951 135.044 454
-22.9691 135.044 454
-23.6907 134.747 453
-24.463 134.747 453
-25.1795 134.449 452
-25.9501 134.449 452
-26.6615 134.152 451
-27.4303 134.152 451
-28.1367 133.854 450
-28.8396 133.557 449
-29.605 133.557 449
-29.0176 127.608 429
-29.749 127.608 429
-30.4803 127.608 429
-31.1389 127.31 428
-31.8685 127.31 428
-32.5981 127.31 428
-33.3278 127.31 428
-34.0574 127.31 428
-34.787 127.31 428
-35.5167 127.31 428
-36.0769 126.715 426
-36.7168 126.418 425
-37.4413 126.418 425
-38.2556 126.715 426
-38.9818 126.715 426
-39.708 126.715 426
-38.7258 121.361 408
-39.4213 121.361 408
-40.1169 121.361 408
-40.8124 121.361 408
-41.5079 121.361 408
-42.2035 121.361 408
-42.7939 121.064 407
-43.4877 121.064 407
-44.1815 121.064 407
-44.8754 121.064 407
-45.5692 121.064 407
-46.263 121.064 407
-46.9569 121.064 407
-47.6507 121.064 407
-48.2257 120.766 406
-48.9179 120.766 406
-49.61 120.766 406
-50.3021 120.766 406
-50.8686 120.469 405
-51.4318 120.171 404
-52.1205 120.171 404
-52.8092 120.171 404
-53.3655 119.874 403
-53.9184 119.577 402
-54.6037 119.577 402
-55.289 119.577 402
-55.9743 119.577 402
-56.6596 119.577 402
-57.3449 119.577 402
-58.0302 119.577 402
-58.7155 119.577 402
-59.4008 119.577 402
-60.0862 119.577 402
-60.7715 119.577 402
-61.4568 119.577 402
-62.1421 119.577 402
-62.8274 119.577 402
-63.5127 119.577 402
-64.198 119.577 402
-64.8833 119.577 402
-65.5686 119.577 402
-66.2539 119.577 402
-66.9392 119.577 402
-67.6245 119.577 402
-68.3099 119.577 402
-68.9952 119.577 402
-69.6805 119.577 402
-70.5408 119.874 403
-71.2278 119.874 403
-71.9148 119.874 403
-72.782 120.171 404
-73.4707 120.171 404
-74.1595 120.171 404
-75.0334 120.469 405
-75.9108 120.766 406
-76.603 120.766 406
-77.2951 120.766 406
-77.9872 120.766 406
-78.8731 121.064 407
-79.958 121.659 409
-80.6552 121.659 409
-81.7503 122.254 411
-82.6515 122.551 412
-83.3539 122.551 412
-84.0562 122.551 412
-84.9643 122.849 413
-85.6684 122.849 413
-86.3724 122.849 413
-87.2873 123.146 414
-88.2057 123.443 415
-88.9131 123.443 415
-90.7004 124.931 420
-91.634 125.228 421
-93.0098 126.121 424
-93.7326 126.121 424
-94.6782 126.418 425
-96.7496 128.203 431
-97.4843 128.203 431
-99.1306 129.393 435
-99.8722 129.393 435
-100.614 129.393 435
-101.355 129.393 435
-101.862 129.095 434
-102.602 129.095 434
-103.342 129.095 434
-104.322 129.393 435
-105.546 129.987 437
-106.778 130.582 439
-107.526 130.582 439
-108.521 130.88 440
-109.271 130.88 440
-110.271 131.177 441
-111.023 131.177 441
-111.775 131.177 441
-112.527 131.177 441
-113.278 131.177 441
-115.065 132.367 445
-116.344 132.962 447
-117.106 132.962 447
-117.868 132.962 447
-118.63 132.962 447
-119.659 133.259 448
-120.423 133.259 448
-121.186 133.259 448
-122.222 133.557 449
-122.988 133.557 449
-123.753 133.557 449
-124.519 133.557 449
-813.407 664.215 2233
-817.213 664.215 2233
-821.02 664.215 2233
-819.286 659.753 2218
-821.954 658.861 2215
-823.866 657.373 2210
-830.629 659.753 2218
-834.411 659.753 2218
-841.593 662.43 2227
-845.389 662.43 2227
-849.186 662.43 2227
-851.833 661.538 2224
-852.162 658.861 2215
-854.006 657.373 2210
-857.773 657.373 2210
-859.202 655.589 2204
-861.784 654.696 2201
-863.177 652.912 2195
-866.919 652.912 2195
-869.471 652.019 2192
-870.818 650.234 2186
-874.544 650.234 2186
-878.271 650.234 2186
-881.19 649.64 2184
-883.698 648.747 2181
-887.416 648.747 2181
-891.134 648.747 2181
-894.852 648.747 2181
-896.098 646.963 2175
-897.324 645.178 2169
-901.022 645.178 2169
-902.633 643.69 2164
-905.066 642.798 2161
-905.386 640.419 2153
-909.056 640.419 2153
-910.183 638.634 2147
-912.566 637.741 2144
-914.084 636.254 2139
-917.731 636.254 2139
-920.085 635.362 2136
-922.429 634.469 2133
-925.197 633.875 2131
-928.83 633.875 2131
-931.15 632.982 2128
-932.142 631.197 2122
-934.878 630.603 2120
-938.492 630.603 2120
-937.217 627.331 2109
-939.474 626.438 2106
-937.243 622.571 2093
-940.811 622.571 2093
-944.379 622.571 2093
-945.683 621.084 2088
-944.696 618.109 2078
-948.238 618.109 2078
-949.033 616.325 2072
-951.646 615.73 2070
-953.79 614.837 2067
-957.314 614.837 2067
-959.908 614.243 2065
-962.029 613.35 2062
-960.861 610.376 2052
-964.359 610.376 2052
-965.499 608.888 2047
-964.255 605.914 2037
-966.302 605.022 2034
-969.77 605.022 2034
-967.495 601.452 2022
-967.581 599.37 2015
-967.643 597.288 2008
-971.066 597.288 2008
-972.063 595.8 2003
-973.042 594.313 1998
-976.448 594.313 1998
-978.874 593.718 1996
-982.276 593.718 1996
-984.197 592.826 1993
-986.604 592.231 1991
-986.517 590.149 1984
-989.9 590.149 1984
-990.779 588.661 1979
-991.641 587.174 1974
-993.998 586.579 1972
-997.359 586.579 1972
-1000.72 586.579 1972
-1001.54 585.092 1967
-1003.87 584.497 1965
-1007.22 584.497 1965
-1008 583.01 1960
-3.1597 149.057 504
-4.01889 149.057 504
-4.87809 149.057 504
-5.73728 149.057 504
-6.53103 147.578 499
-7.36691 147.282 498
-8.21587 147.282 498
-9.06483 147.282 498
-9.87398 146.691 496
-19.8733 134.27 454
-20.6472 134.27 454
-21.4212 134.27 454
-22.1951 134.27 454
-22.9691 134.27 454
-23.6907 133.974 453
-24.463 133.974 453
-25.1795 133.678 452
-25.9501 133.678 452
-26.7206 133.678 452
-27.4303 133.382 451
-28.1992 133.382 451
-28.968 133.382 451
-29.6709 133.087 450
-29.0176 126.876 429
-29.749 126.876 429
-30.4093 126.58 428
-31.1389 126.58 428
-31.8685 126.58 428
-32.5981 126.58 428
-33.3278 126.58 428
-34.0574 126.58 428
-34.787 126.58 428
-35.5167 126.58 428
-36.1616 126.284 427
-36.8032 125.989 426
-37.5294 125.989 426
-38.3454 126.284 427
-39.0733 126.284 427
-39.8013 126.284 427
-40.5292 126.284 427
-41.2571 126.284 427
-41.8867 125.989 426
-41.0125 121.257 410
-41.6097 120.961 409
-42.3069 120.961 409
-42.899 120.665 408
-43.5945 120.665 408
-44.1815 120.369 407
-44.8754 120.369 407
-45.5692 120.369 407
-46.263 120.369 407
-46.9569 120.369 407
-47.6507 120.369 407
-48.3445 120.369 407
-49.0383 120.369 407
-49.61 120.074 406
-50.3021 120.074 406
-50.9942 120.074 406
-51.6864 120.074 406
-52.2495 119.778 405
-52.9399 119.778 405
-53.4979 119.482 404
-54.1866 119.482 404
-54.8754 119.482 404
-55.4265 119.186 403
-56.1135 119.186 403
-56.8006 119.186 403
-57.4876 119.186 403
-58.1746 119.186 403
-58.8616 119.186 403
-59.4008 118.891 402
-60.0862 118.891 402
-60.7715 118.891 402
-61.4568 118.891 402
-62.1421 118.891 402
-62.8274 118.891 402
-63.5127 118.891 402
-64.198 118.891 402
-64.8833 118.891 402
-65.5686 118.891 402
-66.2539 118.891 402
-66.9392 118.891 402
-67.6245 118.891 402
-68.3099 118.891 402
-68.9952 118.891 402
-69.6805 118.891 402
-70.5408 119.186 403
-71.2278 119.186 403
-71.9148 119.186 403
-72.782 119.482 404
-73.4707 119.482 404
-74.1595 119.482 404
-75.0334 119.778 405
-75.9108 120.074 406
-76.603 120.074 406
-77.2951 120.074 406
-78.1793 120.369 407
-78.8731 120.369 407
-79.958 120.961 409
-80.8524 121.257 410
-81.7503 121.552 411
-82.6515 121.848 412
-83.3539 121.848 412
-84.2603 122.144 413
-84.9643 122.144 413
-85.8758 122.44 414
-86.5816 122.44 414
-87.2873 122.44 414
-88.6307 123.327 417
-89.3416 123.327 417
-90.7004 124.214 420
-91.8517 124.806 422
-93.0098 125.397 424
-93.7326 125.397 424
-94.6782 125.693 425
-96.7496 127.467 431
-97.4843 127.467 431
-99.1306 128.65 435
-100.102 128.946 436
-100.845 128.946 436
-101.588 128.946 436
-102.332 128.946 436
-103.075 128.946 436
-103.58 128.65 435
-104.801 129.242 437
-105.788 129.538 438
-106.778 129.833 439
-107.526 129.833 439
-108.521 130.129 440
-109.519 130.425 441
-110.271 130.425 441
-111.023 130.425 441
-111.775 130.425 441
-112.782 130.721 442
-113.535 130.721 442
-115.065 131.608 445
-116.344 132.199 447
-117.106 132.199 447
-117.868 132.199 447
-118.63 132.199 447
-119.392 132.199 447
-120.423 132.495 448
-121.186 132.495 448
-121.95 132.495 448
-122.714 132.495 448
-123.477 132.495 448
-813.407 660.405 2233
-817.213 660.405 2233
-821.02 660.405 2233
-819.286 655.969 2218
-821.954 655.082 2215
-823.866 653.603 2210
-830.629 655.969 2218
-834.411 655.969 2218
-841.593 658.631 2227
-845.389 658.631 2227
-849.186 658.631 2227
-851.833 657.743 2224
-852.162 655.082 2215
-854.006 653.603 2210
-857.773 653.603 2210
-859.202 651.828 2204
-861.784 650.941 2201
-863.177 649.167 2195
-866.919 649.167 2195
-869.471 648.279 2192
-870.818 646.505 2186
-874.544 646.505 2186
-878.271 646.505 2186
-881.19 645.913 2184
-885.724 646.505 2186
-889.451 646.505 2186
-893.177 646.505 2186
-896.083 645.913 2184
-897.334 644.139 2178
-899.806 643.252 2175
-903.514 643.252 2175
-904.719 641.477 2169
-906.323 639.999 2164
-905.386 636.745 2153
-909.056 636.745 2153
-911.455 635.858 2150
-913.843 634.971 2147
-915.366 633.492 2142
-919.018 633.492 2142
-921.377 632.605 2139
-922.429 630.83 2133
-926.065 630.83 2133
-929.701 630.83 2133
-932.463 630.239 2131
-934.778 629.352 2128
-934.878 626.986 2120
-938.492 626.986 2120
-938.55 624.62 2112
-940.813 623.732 2109
-936.348 618.409 2091
-939.912 618.409 2091
-943.477 618.409 2091
-944.324 616.634 2085
-941.968 612.79 2072
-945.501 612.79 2072
-946.743 611.311 2067
-947.968 609.832 2062
-951.483 609.832 2062
-954.998 609.832 2062
-958.513 609.832 2062
-959.696 608.353 2057
-958.52 605.396 2047
-962.009 605.396 2047
-963.141 603.917 2042
-962.835 601.551 2034
-964.402 600.368 2030
-967.863 600.368 2030
-964.146 595.932 2015
-964.22 593.862 2008
-965.233 592.383 2003
-968.648 592.383 2003
-969.636 590.904 1998
-970.607 589.426 1993
-971.561 587.947 1988
-974.95 587.947 1988
-977.355 587.355 1986
-980.741 587.355 1986
-983.135 586.764 1984
-986.517 586.764 1984
-986.407 584.694 1977
-988.275 583.806 1974
-990.636 583.215 1972
-992.989 582.623 1970
-996.348 582.623 1970
-998.184 581.736 1967
-999.5 580.553 1963
-1001.31 579.666 1960
-1004.66 579.666 1960
-1006.97 579.074 1958
-3.15343 147.903 503
-4.01092 147.903 503
-4.86841 147.903 503
-5.71451 147.609 502
-6.53103 146.727 499
-7.36691 146.433 498
-8.21587 146.433 498
-9.04663 146.139 497
-9.87398 145.845 496
-19.8733 133.495 454
-20.6472 133.495 454
-21.4212 133.495 454
-22.1951 133.495 454
-22.9691 133.495 454
-23.6907 133.201 453
-24.463 133.201 453
-25.1795 132.907 452
-25.9501 132.907 452
-26.7206 132.907 452
-27.4303 132.613 451
-28.1992 132.613 451
-28.968 132.613 451
-29.7369 132.613 451
-29.0176 126.144 429
-29.749 126.144 429
-30.4093 125.85 428
-31.1389 125.85 428
-31.8685 125.85 428
-32.6743 126.144 429
-33.4057 126.144 429
-34.137 126.144 429
-34.8683 126.144 429
-35.5997 126.144 429
-36.1616 125.556 427
-36.8895 125.556 427
-37.6175 125.556 427
-38.3454 125.556 427
-39.0733 125.556 427
-39.8013 125.556 427
-40.5292 125.556 427
-41.2571 125.556 427
-41.985 125.556 427
-42.6129 125.262 426
-41.7114 120.557 410
-42.4103 120.557 410
-42.899 119.969 408
-43.5945 119.969 408
-44.2901 119.969 408
-44.9856 119.969 408
-45.6811 119.969 408
-46.3767 119.969 408
-47.0722 119.969 408
-47.6507 119.675 407
-48.3445 119.675 407
-49.0383 119.675 407
-49.61 119.381 406
-50.3021 119.381 406
-50.9942 119.381 406
-51.6864 119.381 406
-52.3785 119.381 406
-52.9399 119.087 405
-53.6303 119.087 405
-54.3208 119.087 405
-55.0112 119.087 405
-55.7016 119.087 405
-56.392 119.087 405
-57.0824 119.087 405
-57.6302 118.793 404
-58.3189 118.793 404
-59.0077 118.793 404
-59.6964 118.793 404
-60.3851 118.793 404
-61.0738 118.793 404
-61.6096 118.499 403
-62.4512 118.793 404
-63.14 118.793 404
-63.8287 118.793 404
-64.5174 118.793 404
-65.2061 118.793 404
-65.7317 118.499 403
-66.4187 118.499 403
-67.1058 118.499 403
-67.7928 118.499 403
-68.4798 118.499 403
-69.1668 118.499 403
-70.0271 118.793 404
-70.7159 118.793 404
-71.4046 118.793 404
-72.0933 118.793 404
-72.9622 119.087 405
-73.6526 119.087 405
-74.343 119.087 405
-75.0334 119.087 405
-75.9108 119.381 406
-76.603 119.381 406
-77.2951 119.381 406
-78.1793 119.675 407
-78.8731 119.675 407
-79.958 120.263 409
-80.8524 120.557 410
-81.7503 120.851 411
-82.6515 121.145 412
-83.3539 121.145 412
-84.2603 121.439 413
-84.9643 121.439 413
-85.8758 121.733 414
-86.5816 121.733 414
-87.2873 121.733 414
-88.6307 122.615 417
-89.3416 122.615 417
-90.7004 123.498 420
-91.8517 124.086 422
-93.0098 124.674 424
-93.7326 124.674 424
-94.6782 124.968 425
-96.7496 126.732 431
-97.4843 126.732 431
-99.1306 127.908 435
-100.102 128.202 436
-100.845 128.202 436
-101.588 128.202 436
-102.332 128.202 436
-103.311 128.496 437
-104.056 128.496 437
-105.041 128.79 438
-106.029 129.084 439
-107.021 129.378 440
-107.771 129.378 440
-108.768 129.672 441
-109.519 129.672 441
-110.271 129.672 441
-111.275 129.966 442
-112.028 129.966 442
-113.037 130.261 443
-113.792 130.261 443
-115.065 130.849 445
-116.344 131.437 447
-117.106 131.437 447
-117.868 131.437 447
-118.63 131.437 447
-119.392 131.437 447
-120.423 131.731 448
-121.186 131.731 448
-121.95 131.731 448
-122.714 131.731 448
-123.477 131.731 448
-807.943 652.185 2218
-811.724 652.185 2218
-815.505 652.185 2218
-818.178 651.303 2215
-818.985 648.95 2207
-821.629 648.068 2204
-830.629 652.185 2218
-834.411 652.185 2218
-839.325 653.067 2221
-843.112 653.067 2221
-846.898 653.067 2221
-850.684 653.067 2221
-852.162 651.303 2215
-854.006 649.832 2210
-857.773 649.832 2210
-858.032 647.186 2201
-861.784 647.186 2201
-863.177 645.422 2195
-866.919 645.422 2195
-869.471 644.54 2192
-870.818 642.775 2186
-874.544 642.775 2186
-878.271 642.775 2186
-881.19 642.187 2184
-885.724 642.775 2186
-889.451 642.775 2186
-893.177 642.775 2186
-896.083 642.187 2184
-897.334 640.423 2178
-899.806 639.541 2175
-903.514 639.541 2175
-904.719 637.777 2169
-906.323 636.307 2164
-905.386 633.072 2153
-909.056 633.072 2153
-911.455 632.19 2150
-913.843 631.308 2147
-915.366 629.838 2142
-919.018 629.838 2142
-921.377 628.955 2139
-922.429 627.191 2133
-926.065 627.191 2133
-929.701 627.191 2133
-932.463 626.603 2131
-934.778 625.721 2128
-937.082 624.839 2125
-940.705 624.839 2125
-939.439 621.604 2114
-942.151 621.016 2112
-938.586 616.312 2096
-942.16 616.312 2096
-943.477 614.841 2091
-944.324 613.077 2085
-941.968 609.255 2072
-945.501 609.255 2072
-944.453 606.314 2062
-947.968 606.314 2062
-951.483 606.314 2062
-954.998 606.314 2062
-957.584 605.726 2060
-959.696 604.844 2057
-956.179 600.433 2042
-959.66 600.433 2042
-960.782 598.963 2037
-961.888 597.493 2032
-962.027 595.435 2025
-965.479 595.435 2025
-964.146 592.494 2015
-962.779 589.554 2005
-962.824 587.496 1998
-966.23 587.496 1998
-967.21 586.025 1993
-968.172 584.555 1988
-968.14 582.497 1981
-971.517 582.497 1981
-973.91 581.909 1979
-977.284 581.909 1979
-979.666 581.321 1977
-983.037 581.321 1977
-984.91 580.439 1974
-987.274 579.85 1972
-987.119 577.792 1965
-990.469 577.792 1965
-992.808 577.204 1963
-994.632 576.322 1960
-997.973 576.322 1960
-1001.31 576.322 1960
-1002.61 575.146 1956
-1003.37 573.676 1951
-3.14716 146.753 502
-4.00294 146.753 502
-4.85873 146.753 502
-5.70313 146.46 501
-6.53103 145.876 499
-7.36691 145.583 498
-8.21587 145.583 498
-9.04663 145.291 497
-9.85408 144.706 495
-21.4212 132.72 454
-22.1951 132.72 454
-22.9691 132.72 454
-23.6907 132.428 453
-24.463 132.428 453
-25.1795 132.136 452
-25.9501 132.136 452
-26.7206 132.136 452
-27.4912 132.136 452
-28.1992 131.843 451
-28.968 131.843 451
-29.7369 131.843 451
-28.95 125.12 428
-29.6796 125.12 428
-30.4093 125.12 428
-31.1389 125.12 428
-31.8685 125.12 428
-32.6743 125.412 429
-33.4057 125.412 429
-34.137 125.412 429
-34.8683 125.412 429
-35.5997 125.412 429
-36.1616 124.827 427
-36.8895 124.827 427
-37.6175 124.827 427
-38.3454 124.827 427
-39.0733 124.827 427
-39.8013 124.827 427
-40.5292 124.827 427
-41.2571 124.827 427
-41.985 124.827 427
-42.6129 124.535 426
-41.7114 119.858 410
-42.4103 119.858 410
-43.0041 119.565 409
-43.7014 119.565 409
-44.2901 119.273 408
-44.9856 119.273 408
-45.6811 119.273 408
-46.3767 119.273 408
-47.0722 119.273 408
-47.7678 119.273 408
-48.3445 118.981 407
-49.0383 118.981 407
-49.7322 118.981 407
-50.426 118.981 407
-50.9942 118.688 406
-51.6864 118.688 406
-52.3785 118.688 406
-53.0706 118.688 406
-53.6303 118.396 405
-54.3208 118.396 405
-55.0112 118.396 405
-55.7016 118.396 405
-56.392 118.396 405
-57.0824 118.396 405
-57.7729 118.396 405
-58.4633 118.396 405
-59.1537 118.396 405
-59.8441 118.396 405
-60.5346 118.396 405
-61.0738 118.104 404
-61.7625 118.104 404
-62.4512 118.104 404
-63.14 118.104 404
-63.8287 118.104 404
-64.5174 118.104 404
-65.2061 118.104 404
-65.8948 118.104 404
-66.5836 118.104 404
-67.2723 118.104 404
-67.961 118.104 404
-68.6497 118.104 404
-69.3384 118.104 404
-70.0271 118.104 404
-70.7159 118.104 404
-71.4046 118.104 404
-72.2718 118.396 405
-72.9622 118.396 405
-73.6526 118.396 405
-74.343 118.396 405
-75.2187 118.688 406
-75.9108 118.688 406
-76.7916 118.981 407
-77.4855 118.981 407
-78.1793 118.981 407
-79.2607 119.565 409
-79.958 119.565 409
-81.0496 120.15 411
-81.9492 120.442 412
-82.8521 120.735 413
-83.5562 120.735 413
-84.2603 120.735 413
-85.17 121.027 414
-85.8758 121.027 414
-86.5816 121.027 414
-87.709 121.612 416
-88.8433 122.196 418
-89.5559 122.196 418
-90.7004 122.781 420
-92.0693 123.658 423
-93.2291 124.243 425
-93.9537 124.243 425
-94.6782 124.243 425
-95.4027 124.243 425
-98.389 127.166 435
-99.1306 127.166 435
-100.102 127.458 436
-100.845 127.458 436
-101.588 127.458 436
-102.332 127.458 436
-103.311 127.751 437
-104.056 127.751 437
-105.041 128.043 438
-106.029 128.335 439
-107.021 128.628 440
-107.771 128.628 440
-108.768 128.92 441
-109.519 128.92 441
-110.271 128.92 441
-111.275 129.212 442
-112.028 129.212 442
-113.037 129.505 443
-113.792 129.505 443
-115.065 130.089 445
-116.083 130.382 446
-117.106 130.674 447
-117.868 130.674 447
-118.63 130.674 447
-119.392 130.674 447
-120.154 130.674 447
-120.916 130.674 447
-800.38 648.401 2218
-804.161 648.401 2218
-807.943 648.401 2218
-811.724 648.401 2218
-815.505 648.401 2218
-815.223 645.185 2207
-815.645 642.554 2198
-819.392 642.554 2198
-830.629 648.401 2218
-834.411 648.401 2218
-839.325 649.278 2221
-843.112 649.278 2221
-846.898 649.278 2221
-848.386 647.524 2215
-851.393 646.939 2213
-851.687 644.308 2204
-855.445 644.308 2204
-858.032 643.431 2201
-859.435 641.677 2195
-861.997 640.8 2192
-865.734 640.8 2192
-868.281 639.923 2189
-870.818 639.046 2186
-874.544 639.046 2186
-878.271 639.046 2186
-881.19 638.461 2184
-885.724 639.046 2186
-889.451 639.046 2186
-893.177 639.046 2186
-896.083 638.461 2184
-897.334 636.707 2178
-899.806 635.83 2175
-903.514 635.83 2175
-904.719 634.076 2169
-906.323 632.615 2164
-905.386 629.399 2153
-909.056 629.399 2153
-911.455 628.522 2150
-913.843 627.645 2147
-915.366 626.183 2142
-919.018 626.183 2142
-921.377 625.306 2139
-922.429 623.552 2133
-926.065 623.552 2133
-929.701 623.552 2133
-932.463 622.967 2131
-934.778 622.09 2128
-937.082 621.213 2125
-940.705 621.213 2125
-939.439 617.998 2114
-942.151 617.413 2112
-938.586 612.736 2096
-942.16 612.736 2096
-943.477 611.274 2091
-944.324 609.52 2085
-941.968 605.72 2072
-945.501 605.72 2072
-944.453 602.796 2062
-947.968 602.796 2062
-951.483 602.796 2062
-954.998 602.796 2062
-957.584 602.212 2060
-959.696 601.335 2057
-956.179 596.95 2042
-959.66 596.95 2042
-960.782 595.488 2037
-961.888 594.026 2032
-962.027 591.98 2025
-965.479 591.98 2025
-964.146 589.057 2015
-962.779 586.133 2005
-962.824 584.087 1998
-966.23 584.087 1998
-967.21 582.625 1993
-968.172 581.163 1988
-967.163 578.532 1979
-970.536 578.532 1979
-972.926 577.948 1977
-974.815 577.071 1974
-977.189 576.486 1972
-980.551 576.486 1972
-982.914 575.901 1970
-982.768 573.855 1963
-984.608 572.978 1960
-987.949 572.978 1960
-990.279 572.393 1958
-993.617 572.393 1958
-995.936 571.809 1956
-999.271 571.809 1956
-999.017 569.762 1949
-1001.31 569.178 1947
-3.14716 145.896 502
-4.00294 145.896 502
-4.85873 145.896 502
-5.70313 145.605 501
-6.53103 145.024 499
-7.36691 144.734 498
-8.21587 144.734 498
-9.04663 144.443 497
-9.85408 143.862 495
-21.374 131.655 453
-22.1462 131.655 453
-22.9185 131.655 453
-23.6907 131.655 453
-24.463 131.655 453
-25.2352 131.655 453
-26.0075 131.655 453
-26.7797 131.655 453
-27.552 131.655 453
-28.3242 131.655 453
-29.0965 131.655 453
-29.7369 131.074 451
-28.95 124.389 428
-29.6796 124.389 428
-30.4093 124.389 428
-31.1389 124.389 428
-31.943 124.68 429
-32.6743 124.68 429
-33.4835 124.971 430
-34.2166 124.971 430
-34.9496 124.971 430
-35.6826 124.971 430
-36.2463 124.389 428
-36.8895 124.099 427
-37.6175 124.099 427
-38.4352 124.389 428
-39.1648 124.389 428
-39.8945 124.389 428
-40.6241 124.389 428
-41.3537 124.389 428
-41.985 124.099 427
-42.6129 123.808 426
-43.3392 123.808 426
-44.0654 123.808 426
-44.7916 123.808 426
-43.7014 118.868 409
-44.2901 118.577 408
-44.9856 118.577 408
-45.6811 118.577 408
-46.3767 118.577 408
-47.0722 118.577 408
-47.7678 118.577 408
-48.3445 118.286 407
-49.0383 118.286 407
-49.7322 118.286 407
-50.426 118.286 407
-50.9942 117.996 406
-51.6864 117.996 406
-52.3785 117.996 406
-53.0706 117.996 406
-53.6303 117.705 405
-54.3208 117.705 405
-55.0112 117.705 405
-55.7016 117.705 405
-56.392 117.705 405
-57.0824 117.705 405
-57.7729 117.705 405
-58.4633 117.705 405
-59.1537 117.705 405
-59.8441 117.705 405
-60.5346 117.705 405
-61.225 117.705 405
-61.7625 117.414 404
-62.6058 117.705 405
-63.2963 117.705 405
-63.9867 117.705 405
-64.6771 117.705 405
-65.3675 117.705 405
-65.8948 117.414 404
-66.5836 117.414 404
-67.2723 117.414 404
-67.961 117.414 404
-68.6497 117.414 404
-69.5101 117.705 405
-70.2005 117.705 405
-70.8909 117.705 405
-71.5813 117.705 405
-72.2718 117.705 405
-73.1423 117.996 406
-73.8345 117.996 406
-74.5266 117.996 406
-75.2187 117.996 406
-76.0978 118.286 407
-76.9803 118.577 408
-77.6759 118.577 408
-78.5635 118.868 409
-79.6483 119.449 411
-80.349 119.449 411
-81.2468 119.739 412
-82.1481 120.03 413
-83.0527 120.321 414
-83.7585 120.321 414
-84.6683 120.611 415
-85.5815 120.902 416
-86.2907 120.902 416
-87.209 121.193 417
-88.1307 121.483 418
-89.0558 121.774 419
-89.7701 121.774 419
-91.3482 122.936 423
-92.5046 123.518 425
-93.2291 123.518 425
-95.059 124.971 430
-96.2376 125.552 432
-96.974 125.552 432
-98.389 126.424 435
-99.3585 126.715 436
-100.102 126.715 436
-100.845 126.715 436
-101.588 126.715 436
-102.566 127.005 437
-103.548 127.296 438
-104.294 127.296 438
-105.521 127.877 440
-106.512 128.168 441
-107.264 128.168 441
-108.016 128.168 441
-108.768 128.168 441
-109.768 128.458 442
-110.521 128.458 442
-111.527 128.749 443
-112.282 128.749 443
-113.292 129.04 444
-114.049 129.04 444
-115.065 129.33 445
-116.083 129.621 446
-117.106 129.911 447
-117.868 129.911 447
-118.63 129.911 447
-119.392 129.911 447
-120.154 129.911 447
-788.339 637.932 2195
-800.38 644.617 2218
-804.161 644.617 2218
-807.943 644.617 2218
-807.698 641.42 2207
-811.46 641.42 2207
-814.115 640.548 2204
-815.645 638.804 2198
-819.392 638.804 2198
-830.629 644.617 2218
-834.411 644.617 2218
-839.325 645.488 2221
-843.112 645.488 2221
-846.898 645.488 2221
-848.386 643.745 2215
-849.084 641.42 2207
-851.687 640.548 2204
-855.445 640.548 2204
-858.032 639.676 2201
-859.435 637.932 2195
-861.997 637.06 2192
-865.734 637.06 2192
-868.281 636.188 2189
-870.818 635.316 2186
-874.544 635.316 2186
-878.271 635.316 2186
-881.19 634.735 2184
-884.914 634.735 2184
-888.637 634.735 2184
-892.36 634.735 2184
-896.083 634.735 2184
-897.334 632.991 2178
-898.565 631.248 2172
-902.268 631.248 2172
-904.719 630.376 2169
-906.323 628.922 2164
-905.386 625.726 2153
-909.056 625.726 2153
-911.455 624.854 2150
-913.843 623.982 2147
-915.366 622.529 2142
-919.018 622.529 2142
-921.377 621.657 2139
-922.429 619.913 2133
-926.065 619.913 2133
-929.701 619.913 2133
-932.463 619.332 2131
-934.778 618.46 2128
-937.082 617.588 2125
-940.705 617.588 2125
-939.439 614.391 2114
-942.151 613.81 2112
-938.586 609.16 2096
-942.16 609.16 2096
-943.477 607.706 2091
-944.324 605.963 2085
-941.968 602.185 2072
-945.501 602.185 2072
-944.453 599.278 2062
-947.968 599.278 2062
-950.56 598.697 2060
-954.072 598.697 2060
-956.189 597.825 2057
-955.963 595.5 2049
-953.837 592.013 2037
-957.31 592.013 2037
-958.424 590.559 2032
-960.941 589.978 2030
-960.601 587.653 2022
-964.048 587.653 2022
-961.754 584.166 2010
-961.819 582.131 2003
-960.414 579.225 1993
-963.812 579.225 1993
-964.783 577.772 1988
-964.763 575.737 1981
-967.163 575.156 1979
-970.536 575.156 1979
-972.926 574.575 1977
-974.815 573.703 1974
-977.189 573.122 1972
-980.551 573.122 1972
-982.914 572.54 1970
-982.768 570.506 1963
-984.608 569.634 1960
-987.949 569.634 1960
-990.279 569.053 1958
-993.617 569.053 1958
-995.936 568.471 1956
-999.271 568.471 1956
-999.017 566.437 1949
-1001.31 565.856 1947
-3.14089 144.751 501
-3.99497 144.751 501
-4.84905 144.751 501
-5.69174 144.462 500
-6.53103 144.173 499
-7.35211 143.595 497
-8.19937 143.595 497
-9.02843 143.306 496
-9.87398 143.306 496
-21.374 130.882 453
-22.1951 131.171 454
-22.9691 131.171 454
-23.743 131.171 454
-24.517 131.171 454
-25.2352 130.882 453
-26.0075 130.882 453
-26.7797 130.882 453
-27.552 130.882 453
-28.3242 130.882 453
-29.0965 130.882 453
-29.7369 130.305 451
-29.0176 123.948 429
-29.749 123.948 429
-30.5514 124.237 430
-31.2844 124.237 430
-32.0174 124.237 430
-32.7505 124.237 430
-33.4835 124.237 430
-34.2166 124.237 430
-34.9496 124.237 430
-35.6826 124.237 430
-36.331 123.948 429
-36.9759 123.659 428
-37.7056 123.659 428
-38.525 123.948 429
-39.2563 123.948 429
-39.9877 123.948 429
-40.6241 123.659 428
-41.3537 123.659 428
-42.0834 123.659 428
-42.6129 123.081 426
-43.3392 123.081 426
-44.0654 123.081 426
-44.7916 123.081 426
-43.9151 118.748 411
-44.3986 118.17 409
-45.0959 118.17 409
-45.7931 118.17 409
-46.4904 118.17 409
-47.1876 118.17 409
-47.7678 117.881 408
-48.4633 117.881 408
-49.1588 117.881 408
-49.7322 117.592 407
-50.426 117.592 407
-51.1198 117.592 407
-51.8137 117.592 407
-52.5075 117.592 407
-53.0706 117.303 406
-53.7628 117.303 406
-54.4549 117.303 406
-55.0112 117.014 405
-55.7016 117.014 405
-56.392 117.014 405
-57.0824 117.014 405
-57.7729 117.014 405
-58.4633 117.014 405
-59.1537 117.014 405
-59.8441 117.014 405
-60.5346 117.014 405
-61.225 117.014 405
-61.7625 116.725 404
-62.6058 117.014 405
-63.2963 117.014 405
-63.9867 117.014 405
-64.6771 117.014 405
-65.3675 117.014 405
-65.8948 116.725 404
-66.5836 116.725 404
-67.2723 116.725 404
-67.961 116.725 404
-68.6497 116.725 404
-69.5101 117.014 405
-70.2005 117.014 405
-70.8909 117.014 405
-71.5813 117.014 405
-72.2718 117.014 405
-73.1423 117.303 406
-73.8345 117.303 406
-74.5266 117.303 406
-75.2187 117.303 406
-76.0978 117.592 407
-76.9803 117.881 408
-78.0566 118.459 410
-78.9477 118.748 411
-79.8421 119.036 412
-80.5444 119.036 412
-81.444 119.325 413
-82.347 119.614 414
-83.2534 119.903 415
-83.9608 119.903 415
-85.0763 120.481 417
-85.9929 120.77 418
-86.7055 120.77 418
-87.4181 120.77 418
-88.3415 121.059 419
-89.6935 121.926 422
-90.4129 121.926 422
-91.9961 123.081 426
-94.2459 125.104 433
-94.9841 125.104 433
-95.9433 125.393 434
-96.6831 125.393 434
-97.423 125.393 434
-98.389 125.682 435
-99.3585 125.971 436
-100.331 126.26 437
-101.076 126.26 437
-102.054 126.548 438
-102.801 126.548 438
-104.02 127.126 440
-104.771 127.126 440
-105.76 127.415 441
-106.512 127.415 441
-107.264 127.415 441
-108.261 127.704 442
-109.014 127.704 442
-110.016 127.993 443
-110.771 127.993 443
-111.527 127.993 443
-112.535 128.282 444
-113.547 128.571 445
-114.306 128.571 445
-115.323 128.86 446
-116.083 128.86 446
-117.106 129.149 447
-117.868 129.149 447
-118.63 129.149 447
-119.392 129.149 447
-120.154 129.149 447
-788.339 634.187 2195
-800.38 640.832 2218
-804.161 640.832 2218
-807.943 640.832 2218
-807.698 637.654 2207
-811.46 637.654 2207
-814.115 636.787 2204
-815.645 635.054 2198
-819.392 635.054 2198
-830.629 640.832 2218
-834.411 640.832 2218
-839.325 641.699 2221
-843.112 641.699 2221
-846.898 641.699 2221
-848.386 639.966 2215
-849.084 637.654 2207
-851.687 636.787 2204
-855.445 636.787 2204
-858.032 635.921 2201
-859.435 634.187 2195
-861.997 633.32 2192
-865.734 633.32 2192
-868.281 632.454 2189
-870.818 631.587 2186
-874.544 631.587 2186
-878.271 631.587 2186
-879.98 630.142 2181
-883.698 630.142 2181
-887.416 630.142 2181
-891.134 630.142 2181
-893.621 629.275 2178
-894.862 627.542 2172
-897.324 626.675 2169
-901.022 626.675 2169
-902.633 625.23 2164
-902.553 622.63 2155
-905.386 622.052 2153
-909.056 622.052 2153
-910.183 620.319 2147
-912.566 619.452 2144
-915.366 618.874 2142
-919.018 618.874 2142
-920.085 617.141 2136
-921.564 615.696 2131
-925.197 615.696 2131
-928.83 615.696 2131
-932.463 615.696 2131
-933.46 613.962 2125
-934.878 612.518 2120
-938.492 612.518 2120
-939.439 610.784 2114
-938.582 607.895 2104
-938.586 605.584 2096
-942.16 605.584 2096
-943.477 604.139 2091
-944.324 602.406 2085
-941.968 598.649 2072
-945.501 598.649 2072
-944.453 595.76 2062
-947.968 595.76 2062
-948.253 593.738 2055
-951.756 593.738 2055
-955.259 593.738 2055
-951.298 589.115 2039
-951.496 587.093 2032
-954.96 587.093 2032
-956.066 585.648 2027
-958.575 585.07 2025
-958.226 582.759 2017
-961.664 582.759 2017
-958.404 578.714 2003
-958.457 576.691 1996
-959.451 575.247 1991
-962.845 575.247 1991
-963.812 573.802 1986
-963.789 571.78 1979
-964.719 570.335 1974
-968.084 570.335 1974
-970.465 569.757 1972
-971.358 568.313 1967
-974.711 568.313 1967
-978.064 568.313 1967
-979.422 567.157 1963
-981.266 566.29 1960
-981.091 564.268 1953
-984.421 564.268 1953
-986.738 563.69 1951
-990.064 563.69 1951
-993.39 563.69 1951
-996.716 563.69 1951
-997.992 562.534 1947
-998.74 561.089 1942
-4.81033 142.747 497
-5.65759 142.747 497
-6.50485 142.747 497
-7.35211 142.747 497
-8.19937 142.747 497
-9.04663 142.747 497
-9.87398 142.46 496
-22.1951 130.397 454
-22.9691 130.397 454
-23.743 130.397 454
-24.517 130.397 454
-25.2352 130.109 453
-26.0075 130.109 453
-26.7797 130.109 453
-27.6128 130.397 454
-28.3868 130.397 454
-29.1607 130.397 454
-29.7369 129.535 451
-29.0176 123.216 429
-29.749 123.216 429
-30.5514 123.503 430
-31.2844 123.503 430
-32.0174 123.503 430
-32.7505 123.503 430
-33.5614 123.791 431
-34.2961 123.791 431
-35.0309 123.791 431
-35.7656 123.791 431
-36.4157 123.503 430
-36.9759 122.929 428
-37.7056 122.929 428
-38.525 123.216 429
-39.2563 123.216 429
-39.9877 123.216 429
-40.719 123.216 429
-41.3537 122.929 428
-42.0834 122.929 428
-42.6129 122.355 426
-43.3392 122.355 426
-44.0654 122.355 426
-44.7916 122.355 426
-45.5178 122.355 426
-44.6157 118.046 411
-45.3164 118.046 411
-46.017 118.046 411
-46.7177 118.046 411
-47.4183 118.046 411
-48.119 118.046 411
-48.7009 117.759 410
-49.3998 117.759 410
-49.8544 117.185 408
-50.5499 117.185 408
-51.2454 117.185 408
-51.941 117.185 408
-52.6365 117.185 408
-53.2013 116.897 407
-53.7628 116.61 406
-54.4549 116.61 406
-55.147 116.61 406
-55.8391 116.61 406
-56.5313 116.61 406
-57.2234 116.61 406
-57.9155 116.61 406
-58.6077 116.61 406
-59.2998 116.61 406
-59.9919 116.61 406
-60.684 116.61 406
-61.3762 116.61 406
-61.9154 116.323 405
-62.7604 116.61 406
-63.4525 116.61 406
-64.1447 116.61 406
-64.8368 116.61 406
-65.5289 116.61 406
-66.2211 116.61 406
-66.7484 116.323 405
-67.6053 116.61 406
-68.2974 116.61 406
-68.9896 116.61 406
-69.6817 116.61 406
-70.3738 116.61 406
-71.0659 116.61 406
-71.7581 116.61 406
-72.4502 116.61 406
-73.1423 116.61 406
-73.8345 116.61 406
-74.5266 116.61 406
-75.404 116.897 407
-76.2848 117.185 408
-76.9803 117.185 408
-78.0566 117.759 410
-78.9477 118.046 411
-79.8421 118.334 412
-80.5444 118.334 412
-81.444 118.621 413
-82.347 118.908 414
-83.2534 119.195 415
-83.9608 119.195 415
-85.0763 119.77 417
-85.9929 120.057 418
-86.7055 120.057 418
-87.4181 120.057 418
-88.3415 120.344 419
-89.6935 121.206 422
-90.4129 121.206 422
-91.9961 122.355 426
-94.2459 124.365 433
-94.9841 124.365 433
-95.9433 124.652 434
-96.6831 124.652 434
-97.423 124.652 434
-98.389 124.94 435
-99.3585 125.227 436
-100.331 125.514 437
-101.076 125.514 437
-102.054 125.801 438
-103.036 126.088 439
-104.02 126.376 440
-104.771 126.376 440
-105.76 126.663 441
-106.754 126.95 442
-107.507 126.95 442
-108.261 126.95 442
-109.261 127.237 443
-110.016 127.237 443
-110.771 127.237 443
-111.778 127.525 444
-112.789 127.812 445
-113.547 127.812 445
-114.306 127.812 445
-115.323 128.099 446
-116.083 128.099 446
-117.106 128.386 447
-117.868 128.386 447
-118.63 128.386 447
-119.392 128.386 447
-120.154 128.386 447
-788.339 630.442 2195
-795.328 633.027 2204
-799.086 633.027 2204
-802.843 633.027 2204
-803.306 630.442 2195
-807.048 630.442 2195
-810.79 630.442 2195
-813.419 629.581 2192
-819.392 631.304 2198
-824.263 632.166 2201
-828.015 632.166 2201
-837.058 636.187 2215
-840.834 636.187 2215
-844.61 636.187 2215
-845.322 633.889 2207
-845.622 631.304 2198
-849.369 631.304 2198
-853.116 631.304 2198
-855.693 630.442 2195
-858.261 629.581 2192
-859.638 627.857 2186
-863.365 627.857 2186
-867.091 627.857 2186
-867.631 625.56 2178
-871.344 625.56 2178
-876.262 626.421 2181
-879.98 626.421 2181
-883.698 626.421 2181
-887.416 626.421 2181
-891.134 626.421 2181
-893.621 625.56 2178
-894.862 623.836 2172
-897.324 622.975 2169
-901.022 622.975 2169
-902.633 621.538 2164
-902.553 618.953 2155
-905.386 618.379 2153
-909.056 618.379 2153
-910.183 616.656 2147
-912.566 615.794 2144
-915.366 615.22 2142
-919.018 615.22 2142
-920.085 613.496 2136
-921.564 612.06 2131
-925.197 612.06 2131
-928.83 612.06 2131
-932.463 612.06 2131
-933.46 610.337 2125
-934.878 608.901 2120
-938.492 608.901 2120
-939.439 607.178 2114
-937.244 603.444 2101
-937.243 601.146 2093
-940.811 601.146 2093
-940.77 598.848 2085
-941.154 596.838 2078
-939.695 593.678 2067
-943.219 593.678 2067
-941.246 590.232 2055
-944.75 590.232 2055
-945.484 588.508 2049
-948.977 588.508 2049
-951.541 587.934 2047
-951.298 585.636 2039
-949.155 582.19 2027
-952.61 582.19 2027
-953.707 580.754 2022
-956.208 580.179 2020
-958.226 579.318 2017
-961.664 579.318 2017
-956.969 574.435 2000
-958.457 573.286 1996
-958.005 570.988 1988
-961.394 570.988 1988
-963.812 570.414 1986
-962.815 567.829 1977
-964.719 566.967 1974
-968.084 566.967 1974
-969.481 565.818 1970
-971.358 564.957 1967
-972.729 563.808 1963
-976.076 563.808 1963
-977.925 562.946 1960
-979.264 561.797 1956
-980.086 560.361 1951
-983.412 560.361 1951
-986.738 560.361 1951
-989.049 559.787 1949
-992.372 559.787 1949
-995.695 559.787 1949
-997.992 559.212 1947
-996.683 556.627 1938
-0.584431 144.469 506
-1.44703 144.469 506
-2.30964 144.469 506
-3.17224 144.469 506
-4.03484 144.469 506
-4.86841 143.612 503
-5.66898 142.185 498
-6.51794 142.185 498
-7.36691 142.185 498
-8.21587 142.185 498
-9.04663 141.899 497
-9.89389 141.899 497
-22.1951 129.622 454
-22.9691 129.622 454
-23.743 129.622 454
-24.517 129.622 454
-25.2909 129.622 454
-26.0649 129.622 454
-26.8389 129.622 454
-27.6128 129.622 454
-28.3868 129.622 454
-29.1607 129.622 454
-29.0176 122.484 429
-29.749 122.484 429
-30.5514 122.77 430
-31.2844 122.77 430
-32.0174 122.77 430
-32.7505 122.77 430
-33.5614 123.055 431
-34.2961 123.055 431
-35.0309 123.055 431
-35.7656 123.055 431
-36.4157 122.77 430
-36.9759 122.199 428
-37.7056 122.199 428
-38.525 122.484 429
-39.2563 122.484 429
-39.9877 122.484 429
-40.719 122.484 429
-41.3537 122.199 428
-42.0834 122.199 428
-42.6129 121.628 426
-43.3392 121.628 426
-44.0654 121.628 426
-44.7916 121.628 426
-45.5178 121.628 426
-45.4842 119.629 419
-45.6472 118.202 414
-46.3529 118.202 414
-47.0587 118.202 414
-47.5337 117.631 412
-48.2361 117.631 412
-48.9384 117.631 412
-49.5203 117.345 411
-50.0988 117.06 410
-50.7977 117.06 410
-51.4967 117.06 410
-52.1956 117.06 410
-52.7655 116.774 409
-53.3321 116.489 408
-54.0276 116.489 408
-54.7231 116.489 408
-55.4187 116.489 408
-55.9767 116.203 407
-56.6705 116.203 407
-57.3643 116.203 407
-58.0582 116.203 407
-58.752 116.203 407
-59.4458 116.203 407
-60.1397 116.203 407
-60.8335 116.203 407
-61.5273 116.203 407
-62.0683 115.918 406
-62.915 116.203 407
-63.6088 116.203 407
-64.3027 116.203 407
-64.9965 116.203 407
-65.6903 116.203 407
-66.3842 116.203 407
-66.9132 115.918 406
-67.7718 116.203 407
-68.4657 116.203 407
-69.1595 116.203 407
-69.8533 116.203 407
-70.5471 116.203 407
-71.241 116.203 407
-71.9348 116.203 407
-72.6286 116.203 407
-73.3225 116.203 407
-74.1982 116.489 408
-74.8937 116.489 408
-75.7745 116.774 409
-76.6587 117.06 410
-77.3577 117.06 410
-78.247 117.345 411
-79.1397 117.631 412
-79.8421 117.631 412
-80.5444 117.631 412
-81.6412 118.202 414
-82.5459 118.487 415
-83.2534 118.487 415
-84.3655 119.058 417
-85.2803 119.344 418
-85.9929 119.344 418
-86.7055 119.344 418
-87.6272 119.629 419
-88.3415 119.629 419
-89.6935 120.486 422
-91.2699 121.628 426
-93.5077 123.626 433
-94.2459 123.626 433
-95.2034 123.912 434
-96.1643 124.197 435
-96.9059 124.197 435
-97.6475 124.197 435
-98.6152 124.483 436
-99.5864 124.768 437
-100.561 125.054 438
-101.308 125.054 438
-102.054 125.054 438
-103.036 125.339 439
-104.02 125.625 440
-104.771 125.625 440
-105.76 125.91 441
-106.754 126.196 442
-107.507 126.196 442
-108.261 126.196 442
-109.261 126.481 443
-110.016 126.481 443
-110.771 126.481 443
-111.778 126.767 444
-112.789 127.053 445
-113.547 127.053 445
-114.306 127.053 445
-115.323 127.338 446
-116.083 127.338 446
-116.844 127.338 446
-117.604 127.338 446
-118.364 127.338 446
-788.339 626.697 2195
-792.081 626.697 2195
-795.823 626.697 2195
-799.564 626.697 2195
-795.987 620.987 2175
-800.798 621.844 2178
-804.511 621.844 2178
-808.224 621.844 2178
-814.173 623.557 2184
-817.897 623.557 2184
-821.62 623.557 2184
-825.343 623.557 2184
-829.066 623.557 2184
-832.789 623.557 2184
-834.214 621.844 2178
-837.927 621.844 2178
-841.64 621.844 2178
-845.353 621.844 2178
-849.066 621.844 2178
-852.779 621.844 2178
-855.312 620.987 2175
-859.02 620.987 2175
-862.728 620.987 2175
-865.241 620.131 2172
-868.943 620.131 2172
-872.646 620.131 2172
-876.349 620.131 2172
-880.051 620.131 2172
-883.754 620.131 2172
-887.457 620.131 2172
-891.16 620.131 2172
-894.862 620.131 2172
-895.255 617.846 2164
-898.944 617.846 2164
-901.382 616.99 2161
-902.553 615.277 2155
-904.124 613.849 2150
-907.79 613.849 2150
-910.183 612.993 2147
-911.715 611.565 2142
-912.802 609.852 2136
-916.444 609.852 2136
-917.931 608.425 2131
-921.564 608.425 2131
-921.289 605.855 2122
-924.907 605.855 2122
-928.524 605.855 2122
-931.263 605.284 2120
-933.555 604.427 2117
-937.163 604.427 2117
-938.55 603 2112
-937.244 599.859 2101
-937.243 597.575 2093
-940.811 597.575 2093
-940.77 595.291 2085
-941.154 593.292 2078
-939.695 590.152 2067
-943.219 590.152 2067
-941.246 586.726 2055
-944.75 586.726 2055
-945.484 585.013 2049
-948.977 585.013 2049
-951.541 584.442 2047
-951.298 582.158 2039
-949.155 578.731 2027
-952.61 578.731 2027
-953.707 577.304 2022
-956.208 576.733 2020
-958.226 575.876 2017
-961.664 575.876 2017
-956.969 571.023 2000
-958.457 569.881 1996
-958.005 567.596 1988
-961.394 567.596 1988
-963.812 567.025 1986
-962.815 564.456 1977
-964.719 563.599 1974
-968.084 563.599 1974
-969.481 562.457 1970
-971.358 561.601 1967
-972.729 560.459 1963
-976.076 560.459 1963
-977.925 559.602 1960
-979.264 558.46 1956
-980.086 557.033 1951
-983.412 557.033 1951
-985.727 556.462 1949
-989.049 556.462 1949
-992.372 556.462 1949
-995.695 556.462 1949
-997.992 555.891 1947
-997.711 553.892 1940
-0.584431 143.605 506
-1.44703 143.605 506
-2.30964 143.605 506
-3.17224 143.605 506
-4.03484 143.605 506
-4.86841 142.754 503
-5.68036 141.619 499
-6.51794 141.335 498
-7.36691 141.335 498
-8.21587 141.335 498
-9.04663 141.051 497
-9.89389 141.051 497
-22.1951 128.848 454
-22.9691 128.848 454
-23.743 128.848 454
-24.517 128.848 454
-25.2909 128.848 454
-26.1223 129.131 455
-26.898 129.131 455
-27.6736 129.131 455
-28.4493 129.131 455
-29.225 129.131 455
-30.5514 122.036 430
-31.2844 122.036 430
-32.0174 122.036 430
-32.7505 122.036 430
-33.5614 122.32 431
-34.2961 122.32 431
-35.0309 122.32 431
-35.7656 122.32 431
-36.4157 122.036 430
-36.9759 121.469 428
-37.7056 121.469 428
-38.4352 121.469 428
-39.2563 121.752 429
-39.9877 121.752 429
-40.719 121.752 429
-41.3537 121.469 428
-42.0834 121.469 428
-42.6129 120.901 426
-43.3392 120.901 426
-44.0654 120.901 426
-44.7916 120.901 426
-45.5178 120.901 426
-45.4842 118.914 419
-45.6472 117.495 414
-46.3529 117.495 414
-47.0587 117.495 414
-47.5337 116.928 412
-48.2361 116.928 412
-48.9384 116.928 412
-49.5203 116.644 411
-50.0988 116.36 410
-50.7977 116.36 410
-51.4967 116.36 410
-52.1956 116.36 410
-52.7655 116.076 409
-53.3321 115.793 408
-54.0276 115.793 408
-54.7231 115.793 408
-55.4187 115.793 408
-55.9767 115.509 407
-56.6705 115.509 407
-57.3643 115.509 407
-58.0582 115.509 407
-58.752 115.509 407
-59.4458 115.509 407
-60.1397 115.509 407
-60.8335 115.509 407
-61.5273 115.509 407
-62.2212 115.509 407
-62.915 115.509 407
-63.6088 115.509 407
-64.3027 115.509 407
-64.9965 115.509 407
-65.6903 115.509 407
-66.3842 115.509 407
-67.078 115.509 407
-67.7718 115.509 407
-68.4657 115.509 407
-69.1595 115.509 407
-69.8533 115.509 407
-70.7205 115.793 408
-71.416 115.793 408
-72.1116 115.793 408
-72.8071 115.793 408
-73.5026 115.793 408
-74.1982 115.793 408
-75.0773 116.076 409
-75.9598 116.36 410
-76.8457 116.644 411
-77.5463 116.644 411
-78.4374 116.928 412
-79.1397 116.928 412
-80.0359 117.212 413
-80.74 117.212 413
-81.8384 117.779 415
-82.7448 118.063 416
-83.454 118.063 416
-84.3655 118.347 417
-85.2803 118.631 418
-85.9929 118.631 418
-86.7055 118.631 418
-87.6272 118.914 419
-90.2391 121.469 428
-90.9687 121.469 428
-92.9838 123.171 434
-93.9397 123.455 435
-94.6812 123.455 435
-95.4228 123.455 435
-96.1643 123.455 435
-97.1287 123.739 436
-97.872 123.739 436
-98.8414 124.023 437
-99.8143 124.307 438
-100.561 124.307 438
-101.308 124.307 438
-102.287 124.59 439
-103.27 124.874 440
-104.02 124.874 440
-105.009 125.158 441
-105.76 125.158 441
-106.754 125.442 442
-107.507 125.442 442
-108.506 125.726 443
-109.261 125.726 443
-110.264 126.01 444
-111.021 126.01 444
-111.778 126.01 444
-112.789 126.293 445
-113.547 126.293 445
-114.306 126.293 445
-115.323 126.577 446
-116.344 126.861 447
-117.106 126.861 447
-117.868 126.861 447
-118.364 126.577 446
-780.078 616.425 2172
-784.863 617.276 2175
-788.571 617.276 2175
-792.279 617.276 2175
-794.889 616.425 2172
-798.592 616.425 2172
-802.294 616.425 2172
-805.997 616.425 2172
-810.818 617.276 2175
-814.526 617.276 2175
-818.234 617.276 2175
-823.075 618.128 2178
-826.788 618.128 2178
-830.501 618.128 2178
-833.065 617.276 2175
-835.619 616.425 2172
-839.322 616.425 2172
-844.189 617.276 2175
-847.897 617.276 2175
-851.604 617.276 2175
-854.132 616.425 2172
-857.835 616.425 2172
-861.538 616.425 2172
-863.249 615.006 2167
-866.943 615.006 2167
-870.637 615.006 2167
-874.331 615.006 2167
-878.836 615.573 2169
-882.534 615.573 2169
-886.231 615.573 2169
-889.108 615.006 2167
-891.566 614.154 2164
-895.255 614.154 2164
-898.944 614.154 2164
-900.131 612.452 2158
-902.553 611.6 2155
-902.863 609.33 2147
-906.523 609.33 2147
-908.911 608.478 2144
-911.715 607.911 2142
-911.52 605.357 2133
-915.157 605.357 2133
-917.931 604.789 2131
-917.672 602.235 2122
-920.421 601.667 2120
-924.035 601.667 2120
-927.649 601.667 2120
-929.946 600.816 2117
-931.35 599.397 2112
-934.95 599.397 2112
-934.995 597.126 2104
-935.906 595.423 2098
-933.661 591.734 2085
-937.215 591.734 2085
-937.611 589.747 2078
-936.172 586.625 2067
-937.422 585.206 2062
-940.937 585.206 2062
-941.246 583.22 2055
-941.072 580.949 2047
-943.177 580.098 2044
-946.662 580.098 2044
-947.822 578.679 2039
-948.965 577.26 2034
-949.155 575.273 2027
-952.61 575.273 2027
-952.764 573.286 2020
-954.788 572.435 2017
-955.851 571.016 2012
-959.281 571.016 2012
-956.012 567.043 1998
-958.457 566.475 1996
-958.005 564.205 1988
-961.394 564.205 1988
-963.812 563.637 1986
-962.815 561.083 1977
-964.719 560.231 1974
-968.084 560.231 1974
-969.481 559.096 1970
-971.358 558.245 1967
-972.729 557.11 1963
-976.076 557.11 1963
-977.925 556.258 1960
-979.264 555.123 1956
-980.086 553.704 1951
-983.412 553.704 1951
-985.727 553.136 1949
-989.049 553.136 1949
-992.372 553.136 1949
-995.695 553.136 1949
-997.992 552.569 1947
-997.711 550.582 1940
-0.584431 142.742 506
-1.44703 142.742 506
-2.30964 142.742 506
-3.17224 142.742 506
-4.03484 142.742 506
-4.86841 141.896 503
-5.68036 140.767 499
-6.51794 140.485 498
-7.36691 140.485 498
-8.21587 140.485 498
-9.04663 140.203 497
-9.89389 140.203 497
-22.1951 128.073 454
-22.9691 128.073 454
-23.743 128.073 454
-24.517 128.073 454
-25.3467 128.355 455
-26.1223 128.355 455
-26.898 128.355 455
-27.6736 128.355 455
-28.4493 128.355 455
-29.225 128.355 455
-31.1389 120.738 428
-32.0174 121.303 430
-32.7505 121.303 430
-33.5614 121.585 431
-34.2961 121.585 431
-35.0309 121.585 431
-35.7656 121.585 431
-36.5004 121.585 431
-37.1487 121.303 430
-37.8818 121.303 430
-38.4352 120.738 428
-39.2563 121.021 429
-39.9877 121.021 429
-40.719 121.021 429
-41.3537 120.738 428
-42.0834 120.738 428
-42.6129 120.174 426
-43.3392 120.174 426
-44.0654 120.174 426
-44.7916 120.174 426
-45.5178 120.174 426
-46.0269 119.61 424
-46.7498 119.61 424
-46.9128 118.2 419
-47.5134 117.917 418
-48.226 117.917 418
-48.7044 117.353 416
-49.4136 117.353 416
-49.6408 116.225 412
-50.221 115.943 411
-50.9216 115.943 411
-51.6223 115.943 411
-52.3229 115.943 411
-52.8945 115.661 410
-53.5935 115.661 410
-54.2924 115.661 410
-54.8573 115.379 409
-55.5545 115.379 409
-56.1142 115.096 408
-56.8097 115.096 408
-57.5053 115.096 408
-58.0582 114.814 407
-58.752 114.814 407
-59.4458 114.814 407
-60.1397 114.814 407
-60.8335 114.814 407
-61.5273 114.814 407
-62.2212 114.814 407
-62.915 114.814 407
-63.6088 114.814 407
-64.3027 114.814 407
-64.9965 114.814 407
-65.6903 114.814 407
-66.3842 114.814 407
-67.078 114.814 407
-67.7718 114.814 407
-68.4657 114.814 407
-69.1595 114.814 407
-69.8533 114.814 407
-70.7205 115.096 408
-71.416 115.096 408
-72.1116 115.096 408
-72.8071 115.096 408
-73.5026 115.096 408
-74.1982 115.096 408
-75.0773 115.379 409
-75.9598 115.661 410
-76.8457 115.943 411
-77.5463 115.943 411
-78.4374 116.225 412
-79.3318 116.507 413
-80.2297 116.789 414
-80.9354 116.789 414
-81.8384 117.071 415
-82.9437 117.635 417
-83.6546 117.635 417
-84.5678 117.917 418
-85.2803 117.917 418
-87.0216 119.328 423
-87.7427 119.328 423
-89.5095 120.738 428
-90.2391 120.738 428
-92.4565 122.713 435
-93.4123 122.995 436
-94.5875 123.559 438
-95.3342 123.559 438
-96.0809 123.559 438
-96.8275 123.559 438
-97.5742 123.559 438
-98.3209 123.559 438
-99.0676 123.559 438
-100.042 123.842 439
-100.791 123.842 439
-101.539 123.842 439
-102.52 124.124 440
-103.27 124.124 440
-104.02 124.124 440
-105.009 124.406 441
-106 124.688 442
-106.995 124.97 443
-107.751 124.97 443
-108.996 125.534 445
-109.754 125.534 445
-110.761 125.816 446
-111.521 125.816 446
-112.282 125.816 446
-113.042 125.816 446
-113.802 125.816 446
-114.563 125.816 446
-115.582 126.098 447
-116.344 126.098 447
-117.106 126.098 447
-117.868 126.098 447
-780.078 612.719 2172
-784.863 613.566 2175
-788.571 613.566 2175
-792.279 613.566 2175
-794.889 612.719 2172
-798.592 612.719 2172
-802.294 612.719 2172
-805.997 612.719 2172
-810.818 613.566 2175
-814.526 613.566 2175
-818.234 613.566 2175
-823.075 614.412 2178
-826.788 614.412 2178
-830.501 614.412 2178
-833.065 613.566 2175
-835.619 612.719 2172
-839.322 612.719 2172
-844.189 613.566 2175
-847.897 613.566 2175
-851.604 613.566 2175
-854.132 612.719 2172
-857.835 612.719 2172
-861.538 612.719 2172
-863.249 611.309 2167
-866.943 611.309 2167
-870.637 611.309 2167
-873.121 610.462 2164
-878.026 611.309 2167
-881.72 611.309 2167
-885.414 611.309 2167
-887.877 610.462 2164
-891.566 610.462 2164
-895.255 610.462 2164
-898.944 610.462 2164
-900.131 608.77 2158
-902.553 607.924 2155
-902.863 605.667 2147
-906.523 605.667 2147
-908.911 604.82 2144
-911.715 604.256 2142
-911.52 601.717 2133
-915.157 601.717 2133
-917.931 601.153 2131
-916.807 598.05 2120
-920.421 598.05 2120
-924.035 598.05 2120
-926.337 597.204 2117
-928.628 596.357 2114
-930.027 594.947 2109
-933.622 594.947 2109
-932.329 591.844 2098
-935.013 591.28 2096
-933.661 588.177 2085
-937.215 588.177 2085
-936.258 585.356 2075
-935.266 582.535 2065
-934.24 579.714 2055
-937.743 579.714 2055
-936.208 576.611 2044
-937.394 575.2 2039
-939.947 574.636 2037
-943.42 574.636 2037
-945.498 573.79 2034
-945.699 571.815 2027
-945.877 569.84 2020
-949.32 569.84 2020
-950.406 568.43 2015
-953.841 568.43 2015
-955.851 567.583 2012
-959.281 567.583 2012
-955.055 563.07 1996
-957.017 562.223 1993
-957.041 560.249 1986
-960.427 560.249 1986
-961.386 558.838 1981
-961.354 556.864 1974
-964.719 556.864 1974
-968.084 556.864 1974
-969.481 555.735 1970
-970.37 554.325 1965
-972.729 553.76 1963
-976.076 553.76 1963
-977.925 552.914 1960
-979.264 551.786 1956
-980.086 550.375 1951
-983.412 550.375 1951
-985.727 549.811 1949
-989.049 549.811 1949
-992.372 549.811 1949
-995.695 549.811 1949
-997.992 549.247 1947
-997.711 547.272 1940
-0.583276 141.598 505
-1.44417 141.598 505
-2.30507 141.598 505
-3.15343 141.038 503
-4.01092 141.038 503
-4.86841 141.038 503
-5.68036 139.916 499
-6.51794 139.636 498
-7.36691 139.636 498
-8.21587 139.636 498
-9.04663 139.355 497
-9.89389 139.355 497
-22.9691 127.298 454
-23.743 127.298 454
-24.517 127.298 454
-25.3467 127.579 455
-26.1223 127.579 455
-26.898 127.579 455
-27.6736 127.579 455
-28.4493 127.579 455
-29.225 127.579 455
-29.9347 127.298 454
-30.3704 125.896 449
-31.1359 125.896 449
-31.9013 125.896 449
-32.6667 125.896 449
-33.3577 125.616 448
-33.8168 124.494 444
-33.795 121.691 434
-34.3757 121.13 432
-35.1122 121.13 432
-35.8486 121.13 432
-36.5004 120.849 431
-37.2351 120.849 431
-37.9699 120.849 431
-38.6148 120.569 430
-39.3479 120.569 430
-40.0809 120.569 430
-40.8139 120.569 430
-41.4504 120.289 429
-42.0834 120.008 428
-42.6129 119.447 426
-43.3392 119.447 426
-44.0654 119.447 426
-44.7916 119.447 426
-45.5178 119.447 426
-46.0269 118.887 424
-46.7498 118.887 424
-46.9128 117.485 419
-47.5134 117.204 418
-48.226 117.204 418
-48.9385 117.204 418
-49.6511 117.204 418
-50.2432 116.924 417
-50.4653 115.802 413
-51.1694 115.802 413
-51.8735 115.802 413
-52.4502 115.522 412
-53.1526 115.522 412
-53.7242 115.242 411
-54.4249 115.242 411
-55.1255 115.242 411
-55.8262 115.242 411
-56.2517 114.681 409
-56.8097 114.4 408
-57.5053 114.4 408
-58.2008 114.4 408
-58.752 114.12 407
-59.4458 114.12 407
-60.1397 114.12 407
-60.8335 114.12 407
-61.5273 114.12 407
-62.2212 114.12 407
-63.0696 114.4 408
-63.7651 114.4 408
-64.4607 114.4 408
-65.1562 114.4 408
-65.8517 114.4 408
-66.3842 114.12 407
-67.078 114.12 407
-67.9383 114.4 408
-68.6339 114.4 408
-69.3294 114.4 408
-70.0249 114.4 408
-70.7205 114.4 408
-71.416 114.4 408
-72.1116 114.4 408
-72.9855 114.681 409
-73.6828 114.681 409
-74.38 114.681 409
-75.2608 114.961 410
-76.1451 115.242 411
-77.0327 115.522 412
-77.735 115.522 412
-78.4374 115.522 412
-79.3318 115.802 413
-80.2297 116.083 414
-80.9354 116.083 414
-81.8384 116.363 415
-82.9437 116.924 417
-83.6546 116.924 417
-84.5678 117.204 418
-85.2803 117.204 418
-87.0216 118.606 423
-87.7427 118.606 423
-89.5095 120.008 428
-90.2391 120.008 428
-92.4565 121.971 435
-93.4123 122.251 436
-94.5875 122.812 438
-95.3342 122.812 438
-96.0809 122.812 438
-96.8275 122.812 438
-97.5742 122.812 438
-98.3209 122.812 438
-99.0676 122.812 438
-100.042 123.093 439
-100.791 123.093 439
-101.539 123.093 439
-102.52 123.373 440
-103.27 123.373 440
-104.02 123.373 440
-105.009 123.653 441
-106.24 124.214 443
-107.478 124.775 445
-108.237 124.775 445
-108.996 124.775 445
-110.001 125.055 446
-110.761 125.055 446
-111.521 125.055 446
-112.282 125.055 446
-113.042 125.055 446
-113.802 125.055 446
-114.563 125.055 446
-115.582 125.336 447
-116.344 125.336 447
-117.106 125.336 447
-117.868 125.336 447
-780.078 609.014 2172
-783.781 609.014 2172
-787.484 609.014 2172
-791.186 609.014 2172
-793.059 607.612 2167
-796.753 607.612 2167
-799.339 606.77 2164
-803.029 606.77 2164
-806.718 606.77 2164
-810.407 606.77 2164
-814.096 606.77 2164
-818.919 607.612 2167
-822.613 607.612 2167
-826.307 607.612 2167
-827.703 605.929 2161
-831.387 605.929 2161
-835.071 605.929 2161
-839.919 606.77 2164
-843.608 606.77 2164
-847.297 606.77 2164
-850.987 606.77 2164
-854.676 606.77 2164
-858.365 606.77 2164
-862.054 606.77 2164
-865.743 606.77 2164
-869.432 606.77 2164
-873.121 606.77 2164
-878.026 607.612 2167
-881.72 607.612 2167
-885.414 607.612 2167
-887.877 606.77 2164
-891.566 606.77 2164
-895.255 606.77 2164
-898.944 606.77 2164
-900.131 605.088 2158
-902.553 604.247 2155
-902.863 602.004 2147
-906.523 602.004 2147
-908.911 601.163 2144
-911.715 600.602 2142
-911.52 598.078 2133
-915.157 598.078 2133
-917.931 597.517 2131
-916.807 594.433 2120
-920.421 594.433 2120
-924.035 594.433 2120
-926.337 593.592 2117
-928.628 592.751 2114
-930.027 591.349 2109
-933.622 591.349 2109
-933.662 589.106 2101
-935.013 587.704 2096
-936.348 586.302 2091
-939.912 586.302 2091
-938.513 583.217 2080
-937.53 580.413 2070
-936.513 577.61 2060
-940.025 577.61 2060
-937.582 573.964 2047
-937.394 571.721 2039
-939.947 571.161 2037
-943.42 571.161 2037
-944.568 569.759 2032
-945.699 568.357 2027
-945.877 566.394 2020
-949.32 566.394 2020
-950.406 564.992 2015
-952.421 564.151 2012
-954.901 563.59 2010
-958.327 563.59 2010
-955.055 559.664 1996
-957.017 558.823 1993
-958.005 557.421 1988
-961.394 557.421 1988
-961.386 555.458 1981
-961.354 553.496 1974
-963.742 552.935 1972
-967.104 552.935 1972
-968.005 551.533 1967
-970.37 550.972 1965
-972.729 550.411 1963
-976.076 550.411 1963
-976.927 549.01 1958
-979.264 548.449 1956
-980.086 547.047 1951
-983.412 547.047 1951
-985.727 546.486 1949
-989.049 546.486 1949
-991.354 545.925 1947
-994.673 545.925 1947
-997.992 545.925 1947
-997.711 543.962 1940
-0.580966 140.18 503
-1.43845 140.18 503
-2.29594 140.18 503
-3.15343 140.18 503
-4.01092 140.18 503
-4.85873 139.901 502
-5.68036 139.065 499
-6.51794 138.786 498
-7.35211 138.507 497
-8.19937 138.507 497
-9.04663 138.507 497
-9.85408 137.95 495
-22.9691 126.524 454
-23.743 126.524 454
-24.571 126.803 455
-25.3467 126.803 455
-26.1223 126.803 455
-26.898 126.803 455
-27.6736 126.803 455
-28.4493 126.803 455
-29.225 126.803 455
-29.9347 126.524 454
-30.3704 125.13 449
-31.1359 125.13 449
-31.9013 125.13 449
-32.6667 125.13 449
-33.3577 124.852 448
-33.8168 123.737 444
-33.795 120.95 434
-34.3757 120.393 432
-35.1122 120.393 432
-35.8486 120.393 432
-36.5004 120.114 431
-37.2351 120.114 431
-37.9699 120.114 431
-38.6148 119.835 430
-39.3479 119.835 430
-40.0809 119.835 430
-40.8139 119.835 430
-41.4504 119.557 429
-42.0834 119.278 428
-42.6129 118.721 426
-43.3392 118.721 426
-44.0654 118.721 426
-44.8968 118.999 427
-45.6247 118.999 427
-46.3526 118.999 427
-46.86 118.442 425
-46.9128 116.77 419
-47.5134 116.491 418
-48.226 116.491 418
-48.9385 116.491 418
-49.6511 116.491 418
-50.2432 116.212 417
-50.5875 115.376 414
-51.1694 115.098 413
-51.8735 115.098 413
-52.5775 115.098 413
-53.1526 114.819 412
-53.8549 114.819 412
-54.5573 114.819 412
-55.2596 114.819 412
-55.962 114.819 412
-56.5268 114.54 411
-57.2275 114.54 411
-57.7872 114.262 410
-58.3435 113.983 409
-58.8964 113.704 408
-59.5919 113.704 408
-60.2874 113.704 408
-60.8335 113.426 407
-61.6785 113.704 408
-62.374 113.704 408
-63.0696 113.704 408
-63.7651 113.704 408
-64.4607 113.704 408
-65.1562 113.704 408
-65.8517 113.704 408
-66.5473 113.704 408
-67.2428 113.704 408
-67.9383 113.704 408
-68.6339 113.704 408
-69.3294 113.704 408
-70.0249 113.704 408
-70.8938 113.983 409
-71.5911 113.983 409
-72.2883 113.983 409
-72.9855 113.983 409
-73.8629 114.262 410
-74.5619 114.262 410
-75.2608 114.262 410
-76.1451 114.54 411
-77.0327 114.819 412
-77.735 114.819 412
-78.4374 114.819 412
-79.3318 115.098 413
-80.2297 115.376 414
-81.1309 115.655 415
-82.2328 116.212 417
-83.1426 116.491 418
-83.8552 116.491 418
-84.5678 116.491 418
-86.3005 117.885 423
-87.0216 117.885 423
-88.5724 118.999 427
-91.6008 122.065 438
-92.3475 122.065 438
-93.3067 122.344 439
-94.0551 122.344 439
-94.8035 122.344 439
-95.5518 122.344 439
-96.3002 122.344 439
-97.0486 122.344 439
-97.797 122.344 439
-98.5454 122.344 439
-99.2938 122.344 439
-100.042 122.344 439
-100.791 122.344 439
-101.77 122.622 440
-102.52 122.622 440
-103.27 122.622 440
-104.02 122.622 440
-105.009 122.901 441
-106.24 123.458 443
-107.478 124.016 445
-108.237 124.016 445
-108.996 124.016 445
-110.001 124.294 446
-110.761 124.294 446
-111.521 124.294 446
-112.282 124.294 446
-113.042 124.294 446
-113.802 124.294 446
-114.563 124.294 446
-115.582 124.573 447
-116.344 124.573 447
-117.106 124.573 447
-778.282 603.914 2167
-781.977 603.914 2167
-785.671 603.914 2167
-788.272 603.078 2164
-788.668 600.57 2155
-792.341 600.57 2155
-796.015 600.57 2155
-799.689 600.57 2155
-803.362 600.57 2155
-807.036 600.57 2155
-810.71 600.57 2155
-814.384 600.57 2155
-818.057 600.57 2155
-821.731 600.57 2155
-824.639 600.013 2153
-828.309 600.013 2153
-832.752 600.57 2155
-836.426 600.57 2155
-840.1 600.57 2155
-846.123 602.242 2161
-850.987 603.078 2164
-854.676 603.078 2164
-858.365 603.078 2164
-859.664 601.406 2158
-863.342 601.406 2158
-867.021 601.406 2158
-870.7 601.406 2158
-875.594 602.242 2161
-879.278 602.242 2161
-884.188 603.078 2164
-887.877 603.078 2164
-891.566 603.078 2164
-895.255 603.078 2164
-898.944 603.078 2164
-898.88 600.57 2155
-900.459 599.177 2150
-901.601 597.505 2144
-905.256 597.505 2144
-908.063 596.947 2142
-911.715 596.947 2142
-911.52 594.439 2133
-915.157 594.439 2133
-915.347 592.21 2125
-916.807 590.816 2120
-919.119 589.98 2117
-922.728 589.98 2117
-925.024 589.144 2114
-927.749 588.587 2112
-930.027 587.751 2109
-933.622 587.751 2109
-933.662 585.521 2101
-937.244 585.521 2101
-937.243 583.292 2093
-940.811 583.292 2093
-939.867 580.505 2083
-938.436 577.439 2072
-938.786 575.488 2065
-942.306 575.488 2065
-939.872 571.865 2052
-937.394 568.243 2039
-939.947 567.685 2037
-943.42 567.685 2037
-944.568 566.292 2032
-945.699 564.898 2027
-945.877 562.948 2020
-949.32 562.948 2020
-951.349 562.111 2017
-952.421 560.718 2012
-954.901 560.161 2010
-958.327 560.161 2010
-955.055 556.259 1996
-957.017 555.423 1993
-958.005 554.03 1988
-961.394 554.03 1988
-961.386 552.079 1981
-961.354 550.128 1974
-963.742 549.571 1972
-967.104 549.571 1972
-968.005 548.177 1967
-970.37 547.62 1965
-971.242 546.226 1960
-974.584 546.226 1960
-976.927 545.669 1958
-979.264 545.112 1956
-980.086 543.718 1951
-983.412 543.718 1951
-985.727 543.161 1949
-988.034 542.603 1947
-991.354 542.603 1947
-994.673 542.603 1947
-996.454 541.767 1944
-996.683 540.095 1938
-0.580966 139.321 503
-1.43845 139.321 503
-2.29594 139.321 503
-3.15343 139.321 503
-4.01092 139.321 503
-4.85873 139.044 502
-5.68036 138.213 499
-6.51794 137.936 498
-7.35211 137.659 497
-8.19937 137.659 497
-9.04663 137.659 497
-9.85408 137.105 495
-24.571 126.026 455
-25.3467 126.026 455
-26.1223 126.026 455
-26.898 126.026 455
-27.6736 126.026 455
-28.4493 126.026 455
-29.225 126.026 455
-29.9347 125.749 454
-30.5057 124.918 451
-31.2052 124.641 450
-31.9723 124.641 450
-32.6667 124.364 449
-33.3577 124.087 448
-33.9691 123.533 446
-34.7294 123.533 446
-34.7736 121.041 437
-35.2747 120.21 434
-35.8486 119.656 432
-36.5851 119.656 432
-37.2351 119.379 431
-37.9699 119.379 431
-38.7046 119.379 431
-39.3479 119.102 430
-40.0809 119.102 430
-40.8139 119.102 430
-41.547 119.102 430
-42.1817 118.825 429
-42.713 118.271 427
-43.4409 118.271 427
-44.1688 118.271 427
-44.8968 118.271 427
-45.6247 118.271 427
-46.3526 118.271 427
-46.86 117.717 425
-46.9128 116.055 419
-47.5134 115.778 418
-48.226 115.778 418
-48.9385 115.778 418
-49.6511 115.778 418
-50.2432 115.501 417
-50.5875 114.67 414
-51.1694 114.393 413
-51.8735 114.393 413
-52.5775 114.393 413
-53.1526 114.116 412
-53.8549 114.116 412
-54.5573 114.116 412
-55.2596 114.116 412
-55.962 114.116 412
-56.5268 113.839 411
-57.2275 113.839 411
-57.7872 113.562 410
-58.3435 113.285 409
-58.8964 113.008 408
-59.5919 113.008 408
-60.2874 113.008 408
-60.983 113.008 408
-61.6785 113.008 408
-62.374 113.008 408
-63.0696 113.008 408
-63.9214 113.285 409
-64.6186 113.285 409
-65.3159 113.285 409
-65.8517 113.008 408
-66.5473 113.008 408
-67.2428 113.008 408
-67.9383 113.008 408
-68.6339 113.008 408
-69.4993 113.285 409
-70.1966 113.285 409
-70.8938 113.285 409
-71.5911 113.285 409
-72.2883 113.285 409
-73.164 113.562 410
-73.8629 113.562 410
-74.5619 113.562 410
-75.4444 113.839 411
-76.1451 113.839 411
-77.0327 114.116 412
-77.735 114.116 412
-78.6278 114.393 413
-79.716 114.947 415
-80.4235 114.947 415
-81.9129 116.055 419
-82.6272 116.055 419
-83.3415 116.055 419
-84.0558 116.055 419
-84.7701 116.055 419
-86.9125 117.994 426
-87.6387 117.994 426
-89.817 119.933 433
-91.6008 121.318 438
-92.3475 121.318 438
-93.3067 121.595 439
-94.0551 121.595 439
-94.8035 121.595 439
-95.7695 121.872 440
-96.5196 121.872 440
-97.2697 121.872 440
-97.797 121.595 439
-98.5454 121.595 439
-99.2938 121.595 439
-100.042 121.595 439
-100.791 121.595 439
-101.77 121.872 440
-102.52 121.872 440
-103.27 121.872 440
-104.02 121.872 440
-105.009 122.149 441
-106.24 122.702 443
-107.478 123.256 445
-108.237 123.256 445
-108.996 123.256 445
-110.001 123.533 446
-110.761 123.533 446
-111.521 123.533 446
-112.282 123.533 446
-113.042 123.533 446
-113.802 123.533 446
-780.078 601.602 2172
-783.781 601.602 2172
-787.484 601.602 2172
-789.365 600.217 2167
-793.059 600.217 2167
-796.753 600.217 2167
-799.339 599.386 2164
-803.029 599.386 2164
-806.718 599.386 2164
-810.407 599.386 2164
-814.096 599.386 2164
-816.651 598.555 2161
-820.335 598.555 2161
-824.019 598.555 2161
-825.405 596.894 2155
-829.079 596.894 2155
-832.752 596.894 2155
-837.59 597.724 2158
-841.269 597.724 2158
-846.123 598.555 2161
-849.807 598.555 2161
-853.491 598.555 2161
-857.175 598.555 2161
-859.664 597.724 2158
-862.142 596.894 2155
-865.816 596.894 2155
-869.49 596.894 2155
-875.594 598.555 2161
-879.278 598.555 2161
-884.188 599.386 2164
-887.877 599.386 2164
-891.566 599.386 2164
-892.773 597.724 2158
-896.452 597.724 2158
-898.88 596.894 2155
-897.946 593.847 2144
-901.601 593.847 2144
-905.256 593.847 2144
-908.063 593.293 2142
-910.438 592.462 2139
-911.52 590.8 2133
-915.157 590.8 2133
-914.055 587.753 2122
-915.51 586.368 2117
-917.816 585.537 2114
-921.42 585.537 2114
-925.024 585.537 2114
-928.628 585.537 2114
-930.027 584.152 2109
-933.622 584.152 2109
-934.995 582.768 2104
-937.244 581.937 2101
-937.243 579.721 2093
-940.811 579.721 2093
-939.867 576.951 2083
-938.436 573.904 2072
-938.786 571.965 2065
-942.306 571.965 2065
-939.872 568.365 2052
-937.394 564.764 2039
-939.947 564.21 2037
-943.42 564.21 2037
-944.568 562.825 2032
-945.699 561.44 2027
-945.877 559.501 2020
-949.32 559.501 2020
-951.349 558.67 2017
-952.421 557.285 2012
-953.95 556.177 2008
-957.373 556.177 2008
-955.055 552.854 1996
-957.017 552.023 1993
-958.005 550.638 1988
-961.394 550.638 1988
-961.386 548.699 1981
-961.354 546.76 1974
-963.742 546.206 1972
-967.104 546.206 1972
-968.005 544.821 1967
-970.37 544.267 1965
-971.242 542.882 1960
-974.584 542.882 1960
-976.927 542.328 1958
-979.264 541.774 1956
-980.086 540.39 1951
-983.412 540.39 1951
-985.727 539.836 1949
-988.034 539.282 1947
-991.354 539.282 1947
-994.673 539.282 1947
-996.454 538.451 1944
-996.683 536.789 1938
-3.12835 137.362 499
-3.97902 137.362 499
-4.82969 137.362 499
-5.68036 137.362 499
-6.51794 137.087 498
-7.35211 136.812 497
-8.19937 136.812 497
-9.02843 136.536 496
-9.87398 136.536 496
-24.625 125.525 456
-25.4024 125.525 456
-26.1797 125.525 456
-26.9571 125.525 456
-27.6736 125.25 455
-28.4493 125.25 455
-29.1607 124.975 454
-29.8687 124.699 453
-30.5734 124.424 452
-31.2746 124.149 451
-32.0434 124.149 451
-32.6667 123.598 449
-33.3577 123.323 448
-34.1214 123.323 448
-34.8852 123.323 448
-35.3306 122.222 444
-35.5186 120.295 437
-35.9316 119.194 433
-36.5851 118.919 432
-37.3215 118.919 432
-38.058 118.919 432
-38.7944 118.919 432
-39.4394 118.643 431
-40.1741 118.643 431
-40.9089 118.643 431
-41.547 118.368 430
-42.1817 118.093 429
-42.813 117.818 428
-43.5426 117.818 428
-44.2723 117.818 428
-45.0019 117.818 428
-45.7315 117.818 428
-46.4612 117.818 428
-46.9703 117.267 426
-46.9128 115.34 419
-47.5134 115.065 418
-48.226 115.065 418
-48.9385 115.065 418
-49.6511 115.065 418
-50.2432 114.79 417
-50.5875 113.964 414
-51.2933 113.964 414
-51.9991 113.964 414
-52.5775 113.688 413
-53.2816 113.688 413
-53.8549 113.413 412
-54.5573 113.413 412
-55.2596 113.413 412
-55.962 113.413 412
-56.6643 113.413 412
-57.3667 113.413 412
-57.9281 113.138 411
-58.4861 112.863 410
-59.0407 112.587 409
-59.7379 112.587 409
-60.2874 112.312 408
-60.983 112.312 408
-61.6785 112.312 408
-62.374 112.312 408
-63.0696 112.312 408
-63.9214 112.587 409
-64.6186 112.587 409
-65.3159 112.587 409
-65.8517 112.312 408
-66.5473 112.312 408
-67.2428 112.312 408
-67.9383 112.312 408
-68.6339 112.312 408
-69.4993 112.587 409
-70.1966 112.587 409
-70.8938 112.587 409
-71.5911 112.587 409
-72.2883 112.587 409
-73.164 112.863 410
-73.8629 112.863 410
-74.5619 112.863 410
-75.4444 113.138 411
-76.1451 113.138 411
-77.0327 113.413 412
-77.735 113.413 412
-78.8181 113.964 414
-80.4844 115.34 419
-81.1986 115.34 419
-81.9129 115.34 419
-82.6272 115.34 419
-83.3415 115.34 419
-84.0558 115.34 419
-86.3886 117.542 427
-87.1165 117.542 427
-89.0788 119.194 433
-90.2318 119.744 435
-91.8099 120.846 439
-92.5583 120.846 439
-93.5192 121.121 440
-94.2693 121.121 440
-95.0194 121.121 440
-95.7695 121.121 440
-96.5196 121.121 440
-97.2697 121.121 440
-98.0198 121.121 440
-98.5454 120.846 439
-99.2938 120.846 439
-100.042 120.846 439
-100.791 120.846 439
-101.77 121.121 440
-102.52 121.121 440
-103.27 121.121 440
-104.02 121.121 440
-105.009 121.396 441
-106.24 121.947 443
-107.478 122.497 445
-108.237 122.497 445
-109.241 122.773 446
-110.001 122.773 446
-110.761 122.773 446
-111.521 122.773 446
-112.282 122.773 446
-788.339 604.228 2195
-792.081 604.228 2195
-795.823 604.228 2195
-791.186 597.897 2172
-794.889 597.897 2172
-798.592 597.897 2172
-802.294 597.897 2172
-805.997 597.897 2172
-810.818 598.722 2175
-814.526 598.722 2175
-818.234 598.722 2175
-820.808 597.897 2172
-823.372 597.071 2169
-827.07 597.071 2169
-830.001 596.52 2167
-833.695 596.52 2167
-836.23 595.694 2164
-839.919 595.694 2164
-843.608 595.694 2164
-847.297 595.694 2164
-850.987 595.694 2164
-854.676 595.694 2164
-858.365 595.694 2164
-859.664 594.043 2158
-862.142 593.217 2155
-865.816 593.217 2155
-869.49 593.217 2155
-873.163 593.217 2155
-878.058 594.043 2158
-881.737 594.043 2158
-885.415 594.043 2158
-889.094 594.043 2158
-892.773 594.043 2158
-896.452 594.043 2158
-896.794 591.841 2150
-897.946 590.189 2144
-900.76 589.638 2142
-904.412 589.638 2142
-906.791 588.812 2139
-910.438 588.812 2139
-911.52 587.161 2133
-915.157 587.161 2133
-914.055 584.133 2122
-915.51 582.756 2117
-917.816 581.931 2114
-921.42 581.931 2114
-925.024 581.931 2114
-928.628 581.931 2114
-931.35 581.38 2112
-934.95 581.38 2112
-937.217 580.554 2109
-937.244 578.352 2101
-937.243 576.15 2093
-940.811 576.15 2093
-939.867 573.397 2083
-939.795 571.195 2075
-939.695 568.993 2067
-943.219 568.993 2067
-939.872 564.864 2052
-937.394 561.285 2039
-939.947 560.735 2037
-943.42 560.735 2037
-944.568 559.358 2032
-945.699 557.982 2027
-945.877 556.055 2020
-949.32 556.055 2020
-951.349 555.229 2017
-952.421 553.853 2012
-953.95 552.752 2008
-957.373 552.752 2008
-955.055 549.448 1996
-957.017 548.622 1993
-958.005 547.246 1988
-961.394 547.246 1988
-960.415 544.769 1979
-960.38 542.842 1972
-963.742 542.842 1972
-967.104 542.842 1972
-967.02 540.915 1965
-969.383 540.364 1963
-971.242 539.538 1960
-974.584 539.538 1960
-975.929 538.437 1956
-977.762 537.611 1953
-979.082 536.51 1949
-982.404 536.51 1949
-984.715 535.96 1947
-986.512 535.134 1944
-989.826 535.134 1944
-993.14 535.134 1944
-996.454 535.134 1944
-996.683 533.482 1938
-3.97105 136.237 498
-4.82001 136.237 498
-5.66898 136.237 498
-6.51794 136.237 498
-7.35211 135.964 497
-8.19937 135.964 497
-9.02843 135.69 496
-9.87398 135.69 496
-24.625 124.747 456
-25.4024 124.747 456
-26.1797 124.747 456
-26.9571 124.747 456
-27.6736 124.474 455
-28.4493 124.474 455
-29.225 124.474 455
-29.9347 124.2 454
-30.641 123.927 453
-31.3439 123.653 452
-32.1144 123.653 452
-32.7395 123.106 450
-33.4322 122.832 449
-34.1214 122.559 448
-34.8852 122.559 448
-35.4897 122.012 446
-35.6811 120.097 439
-35.9316 118.455 433
-36.6698 118.455 433
-37.3215 118.182 432
-38.058 118.182 432
-38.7944 118.182 432
-39.5309 118.182 432
-40.2673 118.182 432
-41.0038 118.182 432
-41.6436 117.908 431
-42.28 117.634 430
-43.0131 117.634 430
-43.7461 117.634 430
-44.4791 117.634 430
-45.2122 117.634 430
-45.9452 117.634 430
-46.6783 117.634 430
-47.1908 117.087 428
-46.8008 114.352 418
-47.5134 114.352 418
-48.226 114.352 418
-48.9385 114.352 418
-49.5323 114.078 417
-49.8818 113.257 414
-50.5875 113.257 414
-51.2933 113.257 414
-51.9991 113.257 414
-52.7048 113.257 414
-53.2816 112.984 413
-53.9856 112.984 413
-54.6897 112.984 413
-55.3938 112.984 413
-56.0978 112.984 413
-56.6643 112.71 412
-57.3667 112.71 412
-57.9281 112.437 411
-58.6288 112.437 411
-59.1851 112.163 410
-59.884 112.163 410
-60.4352 111.89 409
-61.1324 111.89 409
-61.8297 111.89 409
-62.5269 111.89 409
-63.2242 111.89 409
-63.9214 111.89 409
-64.6186 111.89 409
-65.3159 111.89 409
-66.0131 111.89 409
-66.5473 111.616 408
-67.2428 111.616 408
-68.1049 111.89 409
-68.8021 111.89 409
-69.4993 111.89 409
-70.1966 111.89 409
-70.8938 111.89 409
-71.5911 111.89 409
-72.465 112.163 410
-73.164 112.163 410
-73.8629 112.163 410
-74.5619 112.163 410
-75.4444 112.437 411
-76.1451 112.437 411
-77.0327 112.71 412
-77.735 112.71 412
-78.8181 113.257 414
-80.4844 114.625 419
-81.1986 114.625 419
-81.9129 114.625 419
-82.6272 114.625 419
-83.3415 114.625 419
-84.0558 114.625 419
-86.3886 116.814 427
-87.1165 116.814 427
-89.0788 118.455 433
-90.2318 119.002 435
-91.8099 120.097 439
-92.5583 120.097 439
-93.5192 120.37 440
-94.2693 120.37 440
-95.0194 120.37 440
-95.7695 120.37 440
-96.5196 120.37 440
-97.2697 120.37 440
-98.0198 120.37 440
-98.5454 120.097 439
-99.2938 120.097 439
-100.042 120.097 439
-100.791 120.097 439
-101.77 120.37 440
-102.52 120.37 440
-103.27 120.37 440
-104.02 120.37 440
-105.009 120.644 441
-106.24 121.191 443
-107.478 121.738 445
-108.237 121.738 445
-109.241 122.012 446
-110.001 122.012 446
-110.761 122.012 446
-111.521 122.012 446
-112.282 122.012 446
-785.669 601.304 2198
-789.416 601.304 2198
-793.163 601.304 2198
-795.823 600.483 2195
-791.186 594.191 2172
-794.889 594.191 2172
-798.592 594.191 2172
-802.294 594.191 2172
-805.997 594.191 2172
-810.818 595.012 2175
-814.526 595.012 2175
-818.234 595.012 2175
-820.808 594.191 2172
-823.372 593.37 2169
-827.07 593.37 2169
-830.001 592.823 2167
-833.695 592.823 2167
-836.23 592.002 2164
-839.919 592.002 2164
-843.608 592.002 2164
-847.297 592.002 2164
-850.987 592.002 2164
-854.676 592.002 2164
-858.365 592.002 2164
-859.664 590.361 2158
-862.142 589.54 2155
-865.816 589.54 2155
-869.49 589.54 2155
-873.163 589.54 2155
-878.058 590.361 2158
-881.737 590.361 2158
-885.415 590.361 2158
-889.094 590.361 2158
-892.773 590.361 2158
-896.452 590.361 2158
-896.794 588.172 2150
-897.946 586.531 2144
-900.76 585.984 2142
-904.412 585.984 2142
-906.791 585.163 2139
-910.438 585.163 2139
-911.52 583.522 2133
-915.157 583.522 2133
-914.055 580.513 2122
-915.51 579.145 2117
-917.816 578.324 2114
-921.42 578.324 2114
-925.024 578.324 2114
-928.628 578.324 2114
-931.35 577.777 2112
-934.95 577.777 2112
-937.217 576.956 2109
-937.244 574.768 2101
-937.243 572.579 2093
-940.811 572.579 2093
-939.867 569.843 2083
-939.795 567.655 2075
-939.695 565.466 2067
-943.219 565.466 2067
-939.872 561.363 2052
-937.394 557.806 2039
-939.947 557.259 2037
-943.42 557.259 2037
-943.638 555.344 2030
-945.699 554.523 2027
-945.877 552.609 2020
-949.32 552.609 2020
-951.349 551.788 2017
-952.421 550.42 2012
-953.95 549.326 2008
-957.373 549.326 2008
-955.055 546.043 1996
-957.017 545.222 1993
-957.041 543.307 1986
-960.427 543.307 1986
-960.415 541.392 1979
-960.38 539.477 1972
-963.742 539.477 1972
-967.104 539.477 1972
-967.02 537.562 1965
-969.383 537.015 1963
-970.251 535.647 1958
-973.589 535.647 1958
-975.929 535.1 1956
-977.762 534.279 1953
-979.082 533.185 1949
-982.404 533.185 1949
-984.715 532.638 1947
-986.512 531.817 1944
-989.826 531.817 1944
-993.14 531.817 1944
-995.429 531.27 1942
-996.683 530.176 1938
-3.97105 135.388 498
-4.82001 135.388 498
-5.66898 135.388 498
-6.51794 135.388 498
-7.35211 135.116 497
-8.19937 135.116 497
-9.02843 134.844 496
-9.87398 134.844 496
-10.6547 134.028 493
-11.4951 134.028 493
-24.679 124.241 457
-25.4581 124.241 457
-26.2371 124.241 457
-26.9571 123.969 456
-27.7345 123.969 456
-28.5118 123.969 456
-29.225 123.697 455
-29.9347 123.426 454
-30.641 123.154 453
-31.3439 122.882 452
-32.1144 122.882 452
-32.7395 122.338 450
-33.4322 122.066 449
-34.1214 121.794 448
-34.8852 121.794 448
-35.4897 121.251 446
-35.6811 119.348 439
-35.9316 117.716 433
-36.6698 117.716 433
-37.3215 117.445 432
-38.058 117.445 432
-38.7944 117.445 432
-39.5309 117.445 432
-40.2673 117.445 432
-41.0038 117.445 432
-41.6436 117.173 431
-42.28 116.901 430
-43.0131 116.901 430
-43.7461 116.901 430
-44.4791 116.901 430
-45.4225 117.445 432
-46.2658 117.716 433
-47.0039 117.716 433
-47.7421 117.716 433
-48.1444 116.901 430
-47.5134 113.639 418
-48.226 113.639 418
-48.9385 113.639 418
-49.5323 113.367 417
-49.8818 112.551 414
-50.7097 112.823 415
-51.4172 112.823 415
-52.1247 112.823 415
-52.7048 112.551 414
-53.4106 112.551 414
-54.1164 112.551 414
-54.8221 112.551 414
-55.5279 112.551 414
-56.0978 112.279 413
-56.8019 112.279 413
-57.5059 112.279 413
-58.0691 112.007 412
-58.6288 111.735 411
-59.3294 111.735 411
-60.0301 111.735 411
-60.583 111.464 410
-61.1324 111.192 409
-61.8297 111.192 409
-62.5269 111.192 409
-63.2242 111.192 409
-63.9214 111.192 409
-64.6186 111.192 409
-65.3159 111.192 409
-66.0131 111.192 409
-66.7104 111.192 409
-67.4076 111.192 409
-68.1049 111.192 409
-68.8021 111.192 409
-69.4993 111.192 409
-70.1966 111.192 409
-70.8938 111.192 409
-71.5911 111.192 409
-72.465 111.464 410
-73.164 111.464 410
-73.8629 111.464 410
-74.5619 111.464 410
-75.4444 111.735 411
-76.3303 112.007 412
-77.0327 112.007 412
-78.1124 112.551 414
-79.7701 113.91 419
-80.8685 114.454 421
-81.5862 114.454 421
-82.3039 114.454 421
-83.2188 114.726 422
-83.9382 114.726 422
-84.8582 114.998 423
-87.8048 117.988 434
-88.5447 117.988 434
-89.4903 118.26 435
-90.2318 118.26 435
-91.8099 119.348 439
-92.7691 119.619 440
-93.5192 119.619 440
-94.2693 119.619 440
-95.0194 119.619 440
-95.7695 119.619 440
-96.5196 119.619 440
-97.2697 119.619 440
-98.0198 119.619 440
-98.5454 119.348 439
-99.2938 119.348 439
-100.042 119.348 439
-100.791 119.348 439
-101.77 119.619 440
-102.52 119.619 440
-103.27 119.619 440
-104.02 119.619 440
-104.771 119.619 440
-106.24 120.435 443
-107.237 120.707 444
-107.994 120.707 444
-109.241 121.251 446
-110.001 121.251 446
-110.761 121.251 446
-111.521 121.251 446
-772.314 595.923 2192
-776.051 595.923 2192
-779.788 595.923 2192
-785.669 597.554 2198
-789.416 597.554 2198
-793.163 597.554 2198
-795.823 596.738 2195
-791.186 590.485 2172
-794.889 590.485 2172
-799.695 591.301 2175
-803.403 591.301 2175
-807.11 591.301 2175
-811.937 592.116 2178
-815.65 592.116 2178
-819.362 592.116 2178
-821.942 591.301 2175
-825.65 591.301 2175
-829.357 591.301 2175
-830.001 589.126 2167
-833.695 589.126 2167
-837.389 589.126 2167
-841.084 589.126 2167
-843.608 588.31 2164
-847.297 588.31 2164
-850.987 588.31 2164
-854.676 588.31 2164
-858.365 588.31 2164
-859.664 586.679 2158
-862.142 585.864 2155
-865.816 585.864 2155
-869.49 585.864 2155
-873.163 585.864 2155
-878.058 586.679 2158
-881.737 586.679 2158
-885.415 586.679 2158
-889.094 586.679 2158
-892.773 586.679 2158
-895.206 585.864 2155
-894.291 582.873 2144
-897.109 582.329 2142
-899.499 581.514 2139
-903.145 581.514 2139
-906.791 581.514 2139
-909.161 580.698 2136
-911.52 579.883 2133
-915.157 579.883 2133
-914.055 576.892 2122
-915.51 575.533 2117
-917.816 574.717 2114
-921.42 574.717 2114
-925.024 574.717 2114
-928.628 574.717 2114
-931.35 574.174 2112
-934.95 574.174 2112
-937.217 573.358 2109
-937.244 571.183 2101
-937.243 569.008 2093
-940.811 569.008 2093
-939.867 566.29 2083
-939.795 564.115 2075
-939.695 561.94 2067
-943.219 561.94 2067
-939.872 557.862 2052
-937.394 554.328 2039
-939.947 553.784 2037
-943.42 553.784 2037
-943.638 551.881 2030
-945.699 551.065 2027
-945.877 549.162 2020
-949.32 549.162 2020
-951.349 548.347 2017
-952.421 546.987 2012
-953.95 545.9 2008
-957.373 545.9 2008
-955.055 542.638 1996
-957.017 541.822 1993
-957.041 539.919 1986
-960.427 539.919 1986
-960.415 538.016 1979
-960.38 536.113 1972
-963.742 536.113 1972
-967.104 536.113 1972
-966.036 533.666 1963
-967.901 532.85 1960
-970.251 532.307 1958
-973.589 532.307 1958
-974.432 530.947 1953
-975.759 529.86 1949
-978.077 529.316 1947
-981.396 529.316 1947
-983.198 528.501 1944
-985.497 527.957 1942
-988.808 527.957 1942
-992.118 527.957 1942
-993.379 526.87 1938
-996.683 526.87 1938
-3.97105 134.538 498
-4.82001 134.538 498
-5.66898 134.538 498
-6.51794 134.538 498
-7.35211 134.268 497
-8.19937 134.268 497
-9.02843 133.998 496
-9.85408 133.727 495
-10.6547 133.187 493
-11.4951 133.187 493
-24.679 123.461 457
-25.4581 123.461 457
-26.2371 123.461 457
-27.0162 123.461 457
-27.7345 123.191 456
-28.5118 123.191 456
-29.2892 123.191 456
-30.0006 122.921 455
-30.7086 122.651 454
-31.4826 122.651 454
-32.1855 122.381 453
-32.8122 121.841 451
-33.4322 121.3 449
-34.1976 121.3 449
-34.963 121.3 449
-35.6489 121.03 448
-35.9249 119.409 442
-36.1805 117.788 436
-36.6698 116.978 433
-37.4079 116.978 433
-38.1461 116.978 433
-38.8842 116.978 433
-39.6224 116.978 433
-40.2673 116.708 432
-41.0038 116.708 432
-41.7402 116.708 432
-42.4767 116.708 432
-43.2131 116.708 432
-43.9496 116.708 432
-44.686 116.708 432
-45.4225 116.708 432
-46.2658 116.978 433
-47.0039 116.978 433
-47.7421 116.978 433
-48.1444 116.167 430
-47.5134 112.925 418
-48.226 112.925 418
-48.9385 112.925 418
-50.7097 112.115 415
-51.4172 112.115 415
-52.1247 112.115 415
-52.7048 111.845 414
-53.4106 111.845 414
-54.1164 111.845 414
-54.8221 111.845 414
-55.5279 111.845 414
-56.0978 111.575 413
-56.8019 111.575 413
-57.5059 111.575 413
-58.0691 111.304 412
-58.6288 111.034 411
-59.3294 111.034 411
-60.0301 111.034 411
-60.583 110.764 410
-61.1324 110.494 409
-61.8297 110.494 409
-62.5269 110.494 409
-63.2242 110.494 409
-63.9214 110.494 409
-64.6186 110.494 409
-65.3159 110.494 409
-66.0131 110.494 409
-66.7104 110.494 409
-67.4076 110.494 409
-68.1049 110.494 409
-68.8021 110.494 409
-69.4993 110.494 409
-70.1966 110.494 409
-70.8938 110.494 409
-71.5911 110.494 409
-72.465 110.764 410
-73.164 110.764 410
-74.0431 111.034 411
-74.7437 111.034 411
-75.4444 111.034 411
-82.8147 120.76 447
-83.5767 120.76 447
-84.3387 120.76 447
-80.722 114.546 424
-81.0606 114.006 422
-81.9738 114.276 423
-82.6949 114.276 423
-83.6132 114.546 424
-84.336 114.546 424
-87.8674 118.328 438
-88.6141 118.328 438
-89.3608 118.328 438
-90.1074 118.328 438
-91.269 118.869 440
-92.0191 118.869 440
-92.7691 118.869 440
-93.5192 118.869 440
-94.2693 118.869 440
-95.0194 118.869 440
-95.7695 118.869 440
-96.5196 118.869 440
-97.2697 118.869 440
-98.0198 118.869 440
-98.7699 118.869 440
-99.2938 118.599 439
-100.27 118.869 440
-101.02 118.869 440
-101.77 118.869 440
-102.52 118.869 440
-103.27 118.869 440
-104.02 118.869 440
-104.771 118.869 440
-106.24 119.679 443
-107.237 119.949 444
-107.994 119.949 444
-108.751 119.949 444
-109.508 119.949 444
-110.264 119.949 444
-765.772 590.021 2184
-772.314 592.183 2192
-776.051 592.183 2192
-779.788 592.183 2192
-785.669 593.804 2198
-789.416 593.804 2198
-793.163 593.804 2198
-792.56 590.562 2186
-791.186 586.78 2172
-794.889 586.78 2172
-799.695 587.59 2175
-803.403 587.59 2175
-807.11 587.59 2175
-811.937 588.401 2178
-815.65 588.401 2178
-819.362 588.401 2178
-821.942 587.59 2175
-825.65 587.59 2175
-829.357 587.59 2175
-831.916 586.78 2172
-833.695 585.429 2167
-837.389 585.429 2167
-841.084 585.429 2167
-843.608 584.618 2164
-847.297 584.618 2164
-850.987 584.618 2164
-854.676 584.618 2164
-858.365 584.618 2164
-859.664 582.997 2158
-863.342 582.997 2158
-865.012 581.647 2153
-867.472 580.836 2150
-873.163 582.187 2155
-876.837 582.187 2155
-880.511 582.187 2155
-884.185 582.187 2155
-887.858 582.187 2155
-891.532 582.187 2155
-893.129 580.836 2150
-893.457 578.675 2142
-895.852 577.864 2139
-899.499 577.864 2139
-903.145 577.864 2139
-905.52 577.054 2136
-907.884 576.244 2133
-911.52 576.244 2133
-911.724 574.082 2125
-913.193 572.732 2120
-913.347 570.57 2112
-916.948 570.57 2112
-920.548 570.57 2112
-924.149 570.57 2112
-927.749 570.57 2112
-930.027 569.76 2109
-933.622 569.76 2109
-937.217 569.76 2109
-937.244 567.599 2101
-939.482 566.788 2098
-940.811 565.437 2093
-939.867 562.736 2083
-939.795 560.574 2075
-939.695 558.413 2067
-943.219 558.413 2067
-939.872 554.361 2052
-937.394 550.849 2039
-939.947 550.309 2037
-943.42 550.309 2037
-943.638 548.417 2030
-945.699 547.607 2027
-945.877 545.716 2020
-949.32 545.716 2020
-950.406 544.365 2015
-951.474 543.014 2010
-952.525 541.664 2005
-955.943 541.664 2005
-955.055 539.232 1996
-957.017 538.422 1993
-957.041 536.531 1986
-960.427 536.531 1986
-959.445 534.099 1977
-960.38 532.748 1972
-962.764 532.208 1970
-966.123 532.208 1970
-966.036 530.317 1963
-967.901 529.506 1960
-970.251 528.966 1958
-973.589 528.966 1958
-974.432 527.615 1953
-975.759 526.535 1949
-978.077 525.994 1947
-981.396 525.994 1947
-983.198 525.184 1944
-985.497 524.644 1942
-988.808 524.644 1942
-992.118 524.644 1942
-993.379 523.563 1938
-996.683 523.563 1938
-3.97105 133.688 498
-4.82001 133.688 498
-5.66898 133.688 498
-6.51794 133.688 498
-7.35211 133.42 497
-8.19937 133.42 497
-9.02843 133.151 496
-9.85408 132.883 495
-10.6547 132.346 493
-11.4951 132.346 493
-24.733 122.95 458
-25.5138 122.95 458
-26.2945 122.95 458
-27.0162 122.682 457
-27.7953 122.682 457
-28.5743 122.682 457
-29.2892 122.413 456
-30.0006 122.145 455
-30.7763 122.145 455
-31.5519 122.145 455
-32.2565 121.876 454
-32.8122 121.071 451
-33.5066 120.803 450
-34.1976 120.534 449
-34.963 120.534 449
-35.6489 120.266 448
-36.1688 119.46 445
-36.6784 118.655 442
-36.9238 117.044 436
-37.6671 117.044 436
-38.3223 116.776 435
-39.0638 116.776 435
-39.7139 116.507 434
-40.4537 116.507 434
-41.0987 116.239 433
-41.8368 116.239 433
-42.575 116.239 433
-43.3132 116.239 433
-44.0513 116.239 433
-44.7895 116.239 433
-45.5276 116.239 433
-46.3726 116.507 434
-47.1125 116.507 434
-47.9626 116.776 435
-48.7042 116.776 435
-49.4457 116.776 435
-50.1873 116.776 435
-48.9385 112.212 418
-50.7097 111.407 415
-51.4172 111.407 415
-52.1247 111.407 415
-52.7048 111.138 414
-53.4106 111.138 414
-54.1164 111.138 414
-54.8221 111.138 414
-55.5279 111.138 414
-56.2337 111.138 414
-56.8019 110.87 413
-57.5059 110.87 413
-58.0691 110.602 412
-58.7714 110.602 412
-59.3294 110.333 411
-60.0301 110.333 411
-60.583 110.065 410
-61.2819 110.065 410
-61.8297 109.796 409
-62.5269 109.796 409
-63.2242 109.796 409
-63.9214 109.796 409
-64.6186 109.796 409
-65.3159 109.796 409
-66.0131 109.796 409
-66.7104 109.796 409
-67.4076 109.796 409
-68.1049 109.796 409
-68.8021 109.796 409
-69.4993 109.796 409
-70.1966 109.796 409
-70.8938 109.796 409
-71.5911 109.796 409
-72.465 110.065 410
-73.164 110.065 410
-74.0431 110.333 411
-74.7437 110.333 411
-75.4444 110.333 411
-82.8147 119.997 447
-83.5767 119.997 447
-84.3387 119.997 447
-80.722 113.823 424
-81.2527 113.554 423
-82.1676 113.823 424
-82.8904 113.823 424
-83.6132 113.823 424
-87.7174 118.387 441
-88.4692 118.387 441
-89.221 118.387 441
-89.9728 118.387 441
-90.7246 118.387 441
-91.6838 118.655 442
-92.4373 118.655 442
-93.1908 118.655 442
-93.9443 118.655 442
-94.6978 118.655 442
-95.4513 118.655 442
-95.9872 118.387 441
-96.739 118.387 441
-97.4907 118.387 441
-98.2425 118.387 441
-98.7699 118.118 440
-99.52 118.118 440
-100.27 118.118 440
-101.02 118.118 440
-101.77 118.118 440
-102.753 118.387 441
-103.505 118.387 441
-104.257 118.387 441
-104.771 118.118 440
-105.521 118.118 440
-106.271 118.118 440
-765.772 586.295 2184
-772.314 588.443 2192
-776.051 588.443 2192
-779.788 588.443 2192
-784.597 589.248 2195
-788.339 589.248 2195
-792.081 589.248 2195
-792.56 586.832 2186
-791.186 583.074 2172
-794.889 583.074 2172
-799.695 583.879 2175
-803.403 583.879 2175
-807.11 583.879 2175
-811.937 584.685 2178
-815.65 584.685 2178
-819.362 584.685 2178
-821.942 583.879 2175
-825.65 583.879 2175
-829.357 583.879 2175
-831.916 583.074 2172
-833.695 581.732 2167
-837.389 581.732 2167
-841.084 581.732 2167
-843.608 580.926 2164
-847.297 580.926 2164
-850.987 580.926 2164
-854.676 580.926 2164
-858.365 580.926 2164
-859.664 579.316 2158
-863.342 579.316 2158
-865.012 577.973 2153
-867.472 577.168 2150
-869.922 576.363 2147
-873.582 576.363 2147
-877.242 576.363 2147
-882.133 577.168 2150
-885.798 577.168 2150
-889.464 577.168 2150
-891.882 576.363 2147
-893.457 575.021 2142
-893.339 572.604 2133
-896.975 572.604 2133
-898.5 571.262 2128
-900.857 570.457 2125
-904.479 570.457 2125
-908.102 570.457 2125
-910.437 569.651 2122
-909.747 566.967 2112
-910.753 565.356 2106
-914.343 565.356 2106
-917.933 565.356 2106
-922.836 566.162 2109
-926.431 566.162 2109
-930.027 566.162 2109
-932.294 565.356 2106
-934.995 564.819 2104
-935.906 563.209 2098
-939.482 563.209 2098
-939.912 561.329 2091
-937.611 557.84 2078
-937.53 555.692 2070
-936.513 553.008 2060
-940.025 553.008 2060
-936.208 548.712 2044
-936.474 546.833 2037
-937.64 545.491 2032
-941.104 545.491 2032
-943.638 544.954 2030
-944.766 543.612 2025
-945.877 542.27 2020
-949.32 542.27 2020
-948.991 540.122 2012
-949.107 538.243 2005
-950.15 536.901 2000
-953.559 536.901 2000
-953.619 535.021 1993
-953.656 533.142 1986
-956.077 532.605 1984
-959.46 532.605 1984
-959.445 530.726 1977
-960.38 529.384 1972
-961.298 528.042 1967
-964.651 528.042 1967
-966.036 526.968 1963
-966.913 525.626 1958
-967.774 524.283 1953
-971.103 524.283 1953
-973.435 523.746 1951
-974.758 522.673 1947
-975.565 521.33 1942
-978.876 521.33 1942
-981.175 520.794 1940
-983.467 520.257 1938
-986.771 520.257 1938
-990.075 520.257 1938
-991.841 519.451 1935
-994.111 518.914 1933
-3.96307 132.572 497
-4.81033 132.572 497
-5.65759 132.572 497
-6.50485 132.572 497
-7.33732 132.305 496
-8.18287 132.305 496
-9.01023 132.038 495
-9.81426 131.505 493
-10.6547 131.505 493
-11.4951 131.505 493
-24.733 122.169 458
-25.5138 122.169 458
-26.2945 122.169 458
-27.0162 121.902 457
-27.7953 121.902 457
-28.5743 121.902 457
-29.2892 121.635 456
-30.0006 121.369 455
-30.7763 121.369 455
-31.5519 121.369 455
-32.2565 121.102 454
-32.8122 120.302 451
-33.5066 120.035 450
-34.2738 120.035 450
-35.0409 120.035 450
-35.7285 119.768 449
-36.3313 119.235 447
-36.7614 118.168 443
-37.5166 118.168 443
-38.1854 117.901 442
-38.9389 117.901 442
-39.6026 117.634 441
-40.2629 117.367 440
-41.013 117.367 440
-41.1936 115.767 434
-41.9335 115.767 434
-42.6733 115.767 434
-43.4132 115.767 434
-44.153 115.767 434
-44.7895 115.5 433
-45.6328 115.767 434
-46.4795 116.034 435
-47.221 116.034 435
-47.9626 116.034 435
-48.7042 116.034 435
-49.4457 116.034 435
-50.1873 116.034 435
-50.9289 116.034 435
-50.7097 110.699 415
-51.4172 110.699 415
-52.1247 110.699 415
-52.7048 110.432 414
-53.4106 110.432 414
-54.1164 110.432 414
-54.8221 110.432 414
-55.5279 110.432 414
-56.2337 110.432 414
-56.8019 110.165 413
-57.5059 110.165 413
-58.0691 109.899 412
-58.7714 109.899 412
-59.3294 109.632 411
-60.0301 109.632 411
-60.583 109.365 410
-61.2819 109.365 410
-61.9809 109.365 410
-62.6798 109.365 410
-63.2242 109.098 409
-63.9214 109.098 409
-64.6186 109.098 409
-65.3159 109.098 409
-66.0131 109.098 409
-66.7104 109.098 409
-67.4076 109.098 409
-68.1049 109.098 409
-68.8021 109.098 409
-69.4993 109.098 409
-70.1966 109.098 409
-70.8938 109.098 409
-71.5911 109.098 409
-72.465 109.365 410
-73.3424 109.632 411
-74.0431 109.632 411
-74.7437 109.632 411
-82.0527 119.235 447
-83 119.501 448
-83.7637 119.501 448
-84.5274 119.501 448
-85.2911 119.501 448
-81.4448 113.1 424
-82.1676 113.1 424
-82.8904 113.1 424
-83.6132 113.1 424
-87.7174 117.634 441
-88.4692 117.634 441
-89.221 117.634 441
-89.9728 117.634 441
-90.7246 117.634 441
-91.6838 117.901 442
-92.4373 117.901 442
-93.1908 117.901 442
-93.9443 117.901 442
-94.6978 117.901 442
-95.4513 117.901 442
-95.9872 117.634 441
-96.739 117.634 441
-97.4907 117.634 441
-98.2425 117.634 441
-98.7699 117.367 440
-99.52 117.367 440
-100.27 117.367 440
-101.02 117.367 440
-101.77 117.367 440
-102.753 117.634 441
-103.74 117.901 442
-104.493 117.901 442
-105.247 117.901 442
-105.521 117.367 440
-106.271 117.367 440
-765.772 582.569 2184
-769.495 582.569 2184
-773.927 583.103 2186
-777.653 583.103 2186
-781.38 583.103 2186
-785.106 583.103 2186
-788.833 583.103 2186
-791.834 582.569 2184
-791.186 579.368 2172
-793.791 578.568 2169
-799.695 580.169 2175
-803.403 580.169 2175
-807.11 580.169 2175
-811.937 580.969 2178
-815.65 580.969 2178
-819.362 580.969 2178
-821.942 580.169 2175
-825.65 580.169 2175
-829.357 580.169 2175
-831.916 579.368 2172
-833.695 578.035 2167
-837.389 578.035 2167
-841.084 578.035 2167
-843.608 577.234 2164
-847.297 577.234 2164
-850.987 577.234 2164
-854.676 577.234 2164
-858.365 577.234 2164
-859.664 575.634 2158
-863.342 575.634 2158
-863.807 573.5 2150
-865.051 571.899 2144
-869.922 572.7 2147
-873.582 572.7 2147
-877.242 572.7 2147
-882.133 573.5 2150
-885.798 573.5 2150
-889.464 573.5 2150
-891.882 572.7 2147
-893.457 571.366 2142
-893.339 568.965 2133
-896.975 568.965 2133
-898.5 567.632 2128
-900.857 566.831 2125
-904.479 566.831 2125
-908.102 566.831 2125
-910.437 566.031 2122
-910.608 563.897 2114
-910.753 561.763 2106
-914.343 561.763 2106
-917.933 561.763 2106
-922.836 562.563 2109
-926.431 562.563 2109
-930.027 562.563 2109
-932.294 561.763 2106
-934.995 561.23 2104
-935.906 559.629 2098
-939.482 559.629 2098
-939.912 557.762 2091
-936.258 553.494 2075
-933.907 550.026 2062
-935.149 548.693 2057
-938.656 548.693 2057
-933.002 543.358 2037
-934.176 542.024 2032
-935.333 540.69 2027
-938.788 540.69 2027
-939.919 539.357 2022
-942.433 538.823 2020
-942.131 536.689 2012
-945.561 536.689 2012
-945.689 534.822 2005
-946.74 533.488 2000
-946.824 531.621 1993
-950.222 531.621 1993
-952.662 531.088 1991
-952.695 529.22 1984
-954.632 528.42 1981
-958.009 528.42 1981
-957.989 526.553 1974
-959.406 525.486 1970
-960.321 524.152 1965
-963.671 524.152 1965
-963.576 522.285 1958
-964.444 520.951 1953
-966.783 520.418 1951
-970.109 520.418 1951
-971.439 519.351 1947
-972.255 518.017 1942
-974.561 517.484 1940
-977.868 517.484 1940
-978.646 516.15 1935
-981.945 516.15 1935
-984.225 515.616 1933
-987.521 515.616 1933
-989.791 515.083 1931
-992.054 514.549 1929
-4.80066 131.459 496
-5.64621 131.459 496
-6.49177 131.459 496
-7.32253 131.194 495
-8.16638 131.194 495
-8.99203 130.929 494
-9.81426 130.664 493
-10.6547 130.664 493
-11.4951 130.664 493
-24.787 121.652 459
-25.5695 121.652 459
-26.352 121.652 459
-27.0753 121.387 458
-27.7953 121.122 457
-28.5743 121.122 457
-29.2892 120.857 456
-30.0006 120.592 455
-30.7763 120.592 455
-31.5519 120.592 455
-32.2565 120.327 454
-32.8122 119.532 451
-33.5066 119.267 450
-34.2738 119.267 450
-35.0409 119.267 450
-35.7285 119.002 449
-36.3313 118.472 447
-36.7614 117.412 443
-37.5166 117.412 443
-38.1854 117.147 442
-38.9389 117.147 442
-39.6026 116.882 441
-40.2629 116.617 440
-41.013 116.617 440
-41.1936 115.027 434
-41.9335 115.027 434
-42.6733 115.027 434
-43.4132 115.027 434
-44.153 115.027 434
-44.7895 114.761 433
-45.8431 115.557 436
-46.6932 115.822 437
-47.4381 115.822 437
-48.1831 115.822 437
-49.0401 116.087 438
-49.9004 116.352 439
-50.6488 116.352 439
-51.3972 116.352 439
-50.7097 109.991 415
-51.4172 109.991 415
-52.1247 109.991 415
-52.7048 109.726 414
-53.4106 109.726 414
-54.1164 109.726 414
-54.8221 109.726 414
-55.5279 109.726 414
-56.2337 109.726 414
-56.8019 109.461 413
-57.5059 109.461 413
-58.0691 109.196 412
-58.7714 109.196 412
-59.3294 108.931 411
-60.0301 108.931 411
-60.583 108.666 410
-61.2819 108.666 410
-61.9809 108.666 410
-62.6798 108.666 410
-63.2242 108.401 409
-63.9214 108.401 409
-64.6186 108.401 409
-65.3159 108.401 409
-66.0131 108.401 409
-66.7104 108.401 409
-67.4076 108.401 409
-68.1049 108.401 409
-68.8021 108.401 409
-69.4993 108.401 409
-70.1966 108.401 409
-70.8938 108.401 409
-71.5911 108.401 409
-72.465 108.666 410
-73.3424 108.931 411
-74.0431 108.931 411
-74.7437 108.931 411
-82.2362 118.737 448
-83 118.737 448
-83.7637 118.737 448
-84.5274 118.737 448
-85.2911 118.737 448
-86.0549 118.737 448
-85.6558 117.147 442
-86.4093 117.147 442
-87.36 117.412 443
-88.1152 117.412 443
-88.8704 117.412 443
-89.6256 117.412 443
-90.1768 117.147 442
-91.1361 117.412 443
-92.3061 117.942 445
-93.0647 117.942 445
-93.8233 117.942 445
-94.3694 117.677 444
-95.1263 117.677 444
-95.6673 117.412 443
-96.2048 117.147 442
-96.9583 117.147 442
-97.7118 117.147 442
-98.2425 116.882 441
-98.9943 116.882 441
-99.7461 116.882 441
-100.498 116.882 441
-101.25 116.882 441
-102.002 116.882 441
-102.986 117.147 442
-103.74 117.147 442
-104.493 117.147 442
-105.247 117.147 442
-763.668 577.253 2178
-768.438 578.048 2181
-772.156 578.048 2181
-776.942 578.843 2184
-780.665 578.843 2184
-784.388 578.843 2184
-788.111 578.843 2184
-786.396 574.868 2169
-789.365 574.337 2167
-791.961 573.542 2164
-795.65 573.542 2164
-801.186 574.868 2169
-804.884 574.868 2169
-810.818 576.458 2175
-814.526 576.458 2175
-818.234 576.458 2175
-821.942 576.458 2175
-825.65 576.458 2175
-829.357 576.458 2175
-830.001 574.337 2167
-832.541 573.542 2164
-836.23 573.542 2164
-839.919 573.542 2164
-843.608 573.542 2164
-847.297 573.542 2164
-850.987 573.542 2164
-854.676 573.542 2164
-857.175 572.747 2161
-859.664 571.952 2158
-863.342 571.952 2158
-862.602 569.037 2147
-865.051 568.242 2144
-868.706 568.242 2144
-873.582 569.037 2147
-877.242 569.037 2147
-880.902 569.037 2147
-884.562 569.037 2147
-888.222 569.037 2147
-891.882 569.037 2147
-890.954 566.121 2136
-893.339 565.326 2133
-896.975 565.326 2133
-898.5 564.001 2128
-900.857 563.206 2125
-904.479 563.206 2125
-908.102 563.206 2125
-910.437 562.411 2122
-910.608 560.29 2114
-909.888 557.64 2104
-914.343 558.17 2106
-917.933 558.17 2106
-922.836 558.965 2109
-926.431 558.965 2109
-930.027 558.965 2109
-932.294 558.17 2106
-934.995 557.64 2104
-935.906 556.05 2098
-939.482 556.05 2098
-939.912 554.195 2091
-936.258 549.954 2075
-933.907 546.508 2062
-935.149 545.183 2057
-938.656 545.183 2057
-933.002 539.883 2037
-934.176 538.557 2032
-935.333 537.232 2027
-938.788 537.232 2027
-939.919 535.907 2022
-942.433 535.377 2020
-942.131 533.257 2012
-945.561 533.257 2012
-945.689 531.401 2005
-946.74 530.076 2000
-946.824 528.221 1993
-950.222 528.221 1993
-952.662 527.691 1991
-952.695 525.836 1984
-954.632 525.04 1981
-958.009 525.04 1981
-957.989 523.185 1974
-959.406 522.125 1970
-960.321 520.8 1965
-963.671 520.8 1965
-962.591 518.414 1956
-964.444 517.619 1953
-966.783 517.089 1951
-970.109 517.089 1951
-969.942 515.234 1944
-972.255 514.704 1942
-972.049 512.849 1935
-975.348 512.849 1935
-978.646 512.849 1935
-980.93 512.319 1933
-983.207 511.788 1931
-986.499 511.788 1931
-988.766 511.258 1929
-990.511 510.463 1926
-4.80066 130.613 496
-5.64621 130.613 496
-6.49177 130.613 496
-7.32253 130.349 495
-8.16638 130.349 495
-8.99203 130.086 494
-9.81426 129.823 493
-10.6547 129.823 493
-11.4951 129.823 493
-24.841 121.133 460
-25.6252 121.133 460
-26.4094 121.133 460
-27.1344 120.869 459
-27.7953 120.343 457
-28.5743 120.343 457
-29.2892 120.079 456
-30.0665 120.079 456
-30.7763 119.816 455
-31.5519 119.816 455
-32.2565 119.553 454
-32.885 119.026 452
-33.5066 118.499 450
-34.2738 118.499 450
-35.0409 118.499 450
-35.7285 118.236 449
-36.3313 117.709 447
-36.8444 116.919 444
-37.6013 116.919 444
-38.2718 116.656 443
-39.027 116.656 443
-39.6924 116.393 442
-40.4459 116.393 442
-41.1062 116.129 441
-41.7631 115.866 440
-42.5132 115.866 440
-43.0666 115.339 438
-43.8133 115.339 438
-44.3565 114.813 436
-45.0998 114.813 436
-45.8431 114.813 436
-46.6932 115.076 437
-47.4381 115.076 437
-48.1831 115.076 437
-49.0401 115.339 438
-49.9004 115.603 439
-50.6488 115.603 439
-51.3972 115.603 439
-54.1164 109.019 414
-54.8221 109.019 414
-55.5279 109.019 414
-56.2337 109.019 414
-56.8019 108.756 413
-57.5059 108.756 413
-58.0691 108.493 412
-58.7714 108.493 412
-59.3294 108.229 411
-60.0301 108.229 411
-60.583 107.966 410
-61.2819 107.966 410
-61.9809 107.966 410
-62.6798 107.966 410
-63.2242 107.703 409
-63.9214 107.703 409
-64.6186 107.703 409
-65.3159 107.703 409
-66.0131 107.703 409
-66.7104 107.703 409
-67.4076 107.703 409
-68.1049 107.703 409
-68.8021 107.703 409
-69.4993 107.703 409
-70.1966 107.703 409
-70.8938 107.703 409
-71.5911 107.703 409
-72.465 107.966 410
-73.3424 108.229 411
-74.0431 108.229 411
-81.4725 117.973 448
-82.4198 118.236 449
-83.1852 118.236 449
-83.9507 118.236 449
-84.7161 118.236 449
-85.2911 117.973 448
-86.0549 117.973 448
-85.8496 116.656 443
-86.6048 116.656 443
-87.5572 116.919 444
-88.3141 116.919 444
-89.0711 116.919 444
-89.828 116.919 444
-90.5849 116.919 444
-91.5475 117.183 445
-92.3061 117.183 445
-93.0647 117.183 445
-93.8233 117.183 445
-94.582 117.183 445
-95.3406 117.183 445
-95.8832 116.919 444
-96.4225 116.656 443
-96.9583 116.393 442
-97.7118 116.393 442
-98.4653 116.393 442
-98.9943 116.129 441
-99.7461 116.129 441
-100.498 116.129 441
-101.25 116.129 441
-102.233 116.393 442
-103.219 116.656 443
-103.975 116.656 443
-104.73 116.656 443
-105.247 116.393 442
-763.668 573.537 2178
-768.438 574.327 2181
-772.156 574.327 2181
-776.942 575.117 2184
-780.665 575.117 2184
-784.388 575.117 2184
-788.111 575.117 2184
-785.671 570.64 2167
-786.087 568.27 2158
-790.863 569.06 2161
-794.547 569.06 2161
-800.448 570.64 2167
-804.142 570.64 2167
-809.7 571.957 2172
-813.403 571.957 2172
-817.105 571.957 2172
-820.808 571.957 2172
-824.511 571.957 2172
-828.213 571.957 2172
-830.001 570.64 2167
-831.387 569.06 2161
-836.23 569.85 2164
-839.919 569.85 2164
-843.608 569.85 2164
-847.297 569.85 2164
-850.987 569.85 2164
-854.676 569.85 2164
-857.175 569.06 2161
-859.664 568.27 2158
-863.342 568.27 2158
-862.602 565.374 2147
-865.051 564.584 2144
-868.706 564.584 2144
-872.361 564.584 2144
-876.016 564.584 2144
-880.902 565.374 2147
-884.562 565.374 2147
-888.222 565.374 2147
-891.882 565.374 2147
-890.954 562.477 2136
-893.339 561.687 2133
-896.975 561.687 2133
-898.5 560.37 2128
-902.128 560.37 2128
-904.479 559.58 2125
-908.102 559.58 2125
-911.724 559.58 2125
-910.608 556.684 2114
-910.753 554.577 2106
-915.645 555.367 2109
-919.241 555.367 2109
-922.836 555.367 2109
-926.431 555.367 2109
-930.027 555.367 2109
-932.294 554.577 2106
-934.995 554.05 2104
-935.013 551.944 2096
-938.586 551.944 2096
-939.912 550.627 2091
-934.904 545.624 2072
-931.642 541.674 2057
-935.149 541.674 2057
-936.374 540.357 2052
-930.712 535.091 2032
-931.877 533.774 2027
-932.102 531.931 2020
-935.546 531.931 2020
-938.99 531.931 2020
-938.701 529.824 2012
-938.853 527.981 2005
-942.271 527.981 2005
-944.746 527.454 2003
-943.427 524.821 1993
-945.874 524.294 1991
-949.268 524.294 1991
-950.27 522.977 1986
-952.695 522.451 1984
-953.668 521.134 1979
-957.042 521.134 1979
-957.989 519.817 1974
-957.945 517.974 1967
-959.343 516.921 1963
-962.69 516.921 1963
-962.591 515.077 1956
-964.444 514.287 1953
-966.783 513.761 1951
-970.109 513.761 1951
-969.942 511.917 1944
-972.255 511.391 1942
-972.049 509.547 1935
-975.348 509.547 1935
-978.646 509.547 1935
-980.93 509.021 1933
-983.207 508.494 1931
-986.499 508.494 1931
-988.766 507.967 1929
-990.511 507.177 1926
-4.79098 129.505 495
-5.63483 129.505 495
-6.47868 129.505 495
-7.32253 129.505 495
-8.16638 129.505 495
-8.99203 129.243 494
-9.81426 128.982 493
-10.6547 128.982 493
-11.4951 128.982 493
-24.841 120.348 460
-25.6252 120.348 460
-26.4094 120.348 460
-27.1936 120.348 460
-27.8561 119.825 458
-28.6369 119.825 458
-29.3534 119.563 457
-30.0665 119.301 456
-30.7763 119.04 455
-31.5519 119.04 455
-32.2565 118.778 454
-32.885 118.255 452
-33.5066 117.732 450
-34.2738 117.732 450
-35.0409 117.732 450
-35.7285 117.47 449
-36.3313 116.947 447
-36.8444 116.162 444
-37.6013 116.162 444
-38.2718 115.9 443
-39.027 115.9 443
-39.7822 115.9 443
-40.5374 115.9 443
-41.1062 115.377 441
-41.858 115.377 441
-42.5132 115.115 440
-43.2633 115.115 440
-44.0134 115.115 440
-44.56 114.592 438
-45.2032 114.33 437
-46.0533 114.592 438
-46.8 114.592 438
-47.5467 114.592 438
-48.2934 114.592 438
-49.264 115.115 440
-50.0141 115.115 440
-50.7642 115.115 440
-51.5143 115.115 440
-58.6288 107.528 411
-59.3294 107.528 411
-60.0301 107.528 411
-60.583 107.267 410
-61.2819 107.267 410
-61.9809 107.267 410
-62.6798 107.267 410
-63.2242 107.005 409
-63.9214 107.005 409
-64.6186 107.005 409
-65.3159 107.005 409
-66.0131 107.005 409
-66.7104 107.005 409
-67.4076 107.005 409
-68.1049 107.005 409
-68.8021 107.005 409
-69.4993 107.005 409
-70.1966 107.005 409
-70.8938 107.005 409
-71.5911 107.005 409
-72.465 107.267 410
-73.3424 107.528 411
-74.0431 107.528 411
-81.4725 117.208 448
-82.4198 117.47 449
-83.1852 117.47 449
-83.9507 117.47 449
-84.7161 117.47 449
-85.2911 117.208 448
-86.0549 117.208 448
-86.0434 116.162 444
-86.8003 116.162 444
-87.5572 116.162 444
-88.3141 116.162 444
-89.2717 116.424 445
-90.0303 116.424 445
-90.9929 116.685 446
-91.7532 116.685 446
-92.5135 116.685 446
-93.2739 116.685 446
-94.0342 116.685 446
-94.7945 116.685 446
-95.3406 116.424 445
-96.0992 116.424 445
-96.6401 116.162 444
-97.1777 115.9 443
-97.9329 115.9 443
-98.4653 115.639 442
-99.2188 115.639 442
-99.9723 115.639 442
-100.954 115.9 443
-101.709 115.9 443
-102.464 115.9 443
-103.219 115.9 443
-107.73 120.086 459
-108.512 120.086 459
-109.295 120.086 459
-110.077 120.086 459
-759.812 566.943 2167
-766.324 569.036 2175
-770.032 569.036 2175
-774.807 569.821 2178
-778.52 569.821 2178
-782.233 569.821 2178
-782.698 567.466 2169
-785.671 566.943 2167
-786.087 564.589 2158
-790.863 565.373 2161
-794.547 565.373 2161
-800.448 566.943 2167
-804.142 566.943 2167
-809.7 568.251 2172
-813.403 568.251 2172
-817.105 568.251 2172
-820.808 568.251 2172
-824.511 568.251 2172
-828.213 568.251 2172
-830.001 566.943 2167
-832.541 566.158 2164
-836.23 566.158 2164
-839.919 566.158 2164
-843.608 566.158 2164
-847.297 566.158 2164
-850.987 566.158 2164
-854.676 566.158 2164
-857.175 565.373 2161
-859.664 564.589 2158
-863.342 564.589 2158
-862.602 561.711 2147
-865.051 560.926 2144
-868.706 560.926 2144
-872.361 560.926 2144
-876.016 560.926 2144
-880.902 561.711 2147
-884.562 561.711 2147
-888.222 561.711 2147
-890.636 560.926 2144
-890.954 558.833 2136
-893.339 558.048 2133
-896.975 558.048 2133
-898.5 556.74 2128
-902.128 556.74 2128
-904.479 555.955 2125
-908.102 555.955 2125
-911.724 555.955 2125
-910.608 553.077 2114
-910.753 550.984 2106
-915.645 551.769 2109
-919.241 551.769 2109
-922.836 551.769 2109
-926.431 551.769 2109
-930.027 551.769 2109
-932.294 550.984 2106
-932.329 548.891 2098
-933.675 547.583 2093
-937.243 547.583 2093
-938.564 546.275 2088
-934.904 542.089 2072
-931.642 538.164 2057
-935.149 538.164 2057
-936.374 536.856 2052
-928.422 530.316 2027
-929.578 529.007 2022
-932.102 528.484 2020
-935.546 528.484 2020
-936.665 527.176 2015
-937.768 525.868 2010
-938.853 524.56 2005
-942.271 524.56 2005
-943.331 523.252 2000
-943.427 521.42 1993
-945.874 520.897 1991
-949.268 520.897 1991
-950.27 519.589 1986
-952.695 519.066 1984
-953.668 517.758 1979
-957.042 517.758 1979
-957.989 516.449 1974
-957.945 514.618 1967
-959.343 513.572 1963
-962.69 513.572 1963
-962.591 511.74 1956
-963.457 510.432 1951
-966.783 510.432 1951
-970.109 510.432 1951
-969.942 508.601 1944
-972.255 508.077 1942
-972.049 506.246 1935
-975.348 506.246 1935
-978.646 506.246 1935
-978.9 504.676 1929
-982.189 504.676 1929
-985.477 504.676 1929
-988.766 504.676 1929
-989.483 503.368 1924
-4.79098 128.66 495
-5.63483 128.66 495
-6.47868 128.66 495
-7.32253 128.66 495
-8.16638 128.66 495
-8.99203 128.4 494
-9.81426 128.14 493
-10.6547 128.14 493
-11.4951 128.14 493
-24.841 119.563 460
-25.6252 119.563 460
-26.4094 119.563 460
-27.1936 119.563 460
-27.8561 119.043 458
-28.6369 119.043 458
-29.3534 118.783 457
-30.1325 118.783 457
-30.8439 118.523 456
-31.6213 118.523 456
-32.2565 118.004 454
-32.9577 117.744 453
-33.6555 117.484 452
-34.4261 117.484 452
-35.0409 116.964 450
-35.7285 116.704 449
-36.3313 116.184 447
-36.8444 115.404 444
-37.6013 115.404 444
-38.3582 115.404 444
-39.1151 115.404 444
-39.872 115.404 444
-40.6289 115.404 444
-41.1062 114.625 441
-41.858 114.625 441
-42.5132 114.365 440
-43.2633 114.365 440
-44.0134 114.365 440
-44.6617 114.105 439
-45.3067 113.845 438
-46.1585 114.105 439
-46.9069 114.105 439
-47.6553 114.105 439
-48.4036 114.105 439
-49.264 114.365 440
-50.0141 114.365 440
-50.7642 114.365 440
-51.5143 114.365 440
-59.1851 106.567 410
-59.884 106.567 410
-60.583 106.567 410
-61.2819 106.567 410
-61.9809 106.567 410
-62.6798 106.567 410
-63.2242 106.307 409
-63.9214 106.307 409
-64.6186 106.307 409
-65.3159 106.307 409
-66.0131 106.307 409
-66.7104 106.307 409
-67.2428 106.047 408
-68.1049 106.307 409
-68.8021 106.307 409
-69.4993 106.307 409
-70.1966 106.307 409
-71.0672 106.567 410
-71.7661 106.567 410
-72.465 106.567 410
-79.7666 116.184 447
-80.5286 116.184 447
-81.6544 116.704 449
-82.4198 116.704 449
-83.1852 116.704 449
-83.9507 116.704 449
-84.7161 116.704 449
-84.5296 115.404 444
-85.0944 115.144 443
-86.0434 115.404 444
-86.8003 115.404 444
-87.5572 115.404 444
-88.3141 115.404 444
-89.2717 115.664 445
-90.0303 115.664 445
-90.9929 115.924 446
-91.7532 115.924 446
-92.5135 115.924 446
-93.2739 115.924 446
-94.0342 115.924 446
-94.7945 115.924 446
-95.3406 115.664 445
-96.0992 115.664 445
-96.6401 115.404 444
-97.1777 115.144 443
-97.9329 115.144 443
-98.4653 114.885 442
-99.2188 114.885 442
-99.9723 114.885 442
-100.954 115.144 443
-101.709 115.144 443
-102.464 115.144 443
-103.219 115.144 443
-108.199 119.823 461
-108.985 119.823 461
-109.771 119.823 461
-110.557 119.823 461
-111.343 119.823 461
-112.372 120.083 462
-113.159 120.083 462
-113.947 120.083 462
-114.486 119.823 461
-754.903 559.607 2153
-761.392 561.687 2161
-765.076 561.687 2161
-768.76 561.687 2161
-772.444 561.687 2161
-776.128 561.687 2161
-778.729 560.907 2158
-780.595 559.607 2153
-784.994 560.127 2155
-789.766 560.907 2158
-793.444 560.907 2158
-798.231 561.687 2161
-804.142 563.246 2167
-808.582 563.766 2169
-812.279 563.766 2169
-815.977 563.766 2169
-819.674 563.766 2169
-823.372 563.766 2169
-827.07 563.766 2169
-828.852 562.466 2164
-832.541 562.466 2164
-836.23 562.466 2164
-839.919 562.466 2164
-843.608 562.466 2164
-847.297 562.466 2164
-850.987 562.466 2164
-853.491 561.687 2161
-857.175 561.687 2161
-859.664 560.907 2158
-863.342 560.907 2158
-862.602 558.048 2147
-865.051 557.268 2144
-868.706 557.268 2144
-872.361 557.268 2144
-876.016 557.268 2144
-880.902 558.048 2147
-884.562 558.048 2147
-888.222 558.048 2147
-890.636 557.268 2144
-890.954 555.189 2136
-893.339 554.409 2133
-896.975 554.409 2133
-898.5 553.109 2128
-902.128 553.109 2128
-904.479 552.329 2125
-908.102 552.329 2125
-911.724 552.329 2125
-910.608 549.47 2114
-910.753 547.391 2106
-915.645 548.171 2109
-919.241 548.171 2109
-922.836 548.171 2109
-926.431 548.171 2109
-930.027 548.171 2109
-932.294 547.391 2106
-932.329 545.312 2098
-933.675 544.012 2093
-937.243 544.012 2093
-937.215 541.933 2085
-934.904 538.554 2072
-931.642 534.655 2057
-935.149 534.655 2057
-935.005 532.576 2049
-928.422 526.857 2027
-928.659 525.038 2020
-932.102 525.038 2020
-935.546 525.038 2020
-935.271 522.958 2012
-936.835 521.919 2008
-938.853 521.139 2005
-942.271 521.139 2005
-943.331 519.839 2000
-943.427 518.02 1993
-945.874 517.5 1991
-949.268 517.5 1991
-950.27 516.201 1986
-952.695 515.681 1984
-953.668 514.381 1979
-957.042 514.381 1979
-957.018 512.562 1972
-957.945 511.262 1967
-960.321 510.742 1965
-963.671 510.742 1965
-962.591 508.403 1956
-964.444 507.623 1953
-966.783 507.103 1951
-970.109 507.103 1951
-969.942 505.284 1944
-972.255 504.764 1942
-972.049 502.945 1935
-975.348 502.945 1935
-978.646 502.945 1935
-978.9 501.385 1929
-982.189 501.385 1929
-985.477 501.385 1929
-988.766 501.385 1929
-988.454 499.566 1922
-4.79098 127.816 495
-5.63483 127.816 495
-6.47868 127.816 495
-7.30773 127.558 494
-8.14988 127.558 494
-8.97382 127.299 493
-9.79436 127.041 492
-10.6115 126.783 491
-11.4485 126.783 491
-24.841 118.778 460
-25.6252 118.778 460
-26.4094 118.778 460
-27.1936 118.778 460
-27.9169 118.52 459
-28.6994 118.52 459
-29.3534 118.004 457
-30.1325 118.004 457
-30.8439 117.745 456
-31.6213 117.745 456
-32.2565 117.229 454
-32.9577 116.971 453
-33.6555 116.713 452
-34.4261 116.713 452
-35.0409 116.196 450
-35.6489 115.68 448
-36.2501 115.163 446
-36.8444 114.647 444
-37.6013 114.647 444
-38.3582 114.647 444
-39.1151 114.647 444
-39.872 114.647 444
-40.6289 114.647 444
-41.1062 113.872 441
-41.858 113.872 441
-42.5132 113.614 440
-43.2633 113.614 440
-44.0134 113.614 440
-44.6617 113.356 439
-45.3067 113.098 438
-46.1585 113.356 439
-46.9069 113.356 439
-47.6553 113.356 439
-48.4036 113.356 439
-49.264 113.614 440
-50.0141 113.614 440
-50.7642 113.614 440
-51.5143 113.614 440
-59.1851 105.868 410
-59.884 105.868 410
-60.583 105.868 410
-61.2819 105.868 410
-61.8297 105.609 409
-62.5269 105.609 409
-63.2242 105.609 409
-63.9214 105.609 409
-64.9346 106.126 411
-65.6353 106.126 411
-66.3359 106.126 411
-66.7104 105.609 409
-67.4076 105.609 409
-68.1049 105.609 409
-68.8021 105.609 409
-69.4993 105.609 409
-70.1966 105.609 409
-77.3072 115.163 446
-78.0675 115.163 446
-79.0046 115.422 447
-80.1235 115.938 449
-80.8889 115.938 449
-82.3818 116.971 453
-83.154 116.971 453
-83.9263 116.971 453
-84.3246 116.454 451
-84.5274 115.68 448
-84.9104 115.163 446
-85.8628 115.422 447
-86.6248 115.422 447
-87.3868 115.422 447
-88.1488 115.422 447
-88.9109 115.422 447
-89.6729 115.422 447
-91.8511 117.229 454
-92.6251 117.229 454
-93.399 117.229 454
-94.173 117.229 454
-95.3652 117.745 456
-96.1426 117.745 456
-96.9199 117.745 456
-97.6973 117.745 456
-98.0428 117.229 454
-97.5108 115.68 448
-98.2745 115.68 448
-98.5961 115.163 446
-99.5792 115.422 447
-100.341 115.422 447
-101.103 115.422 447
-101.865 115.422 447
-105.382 118.52 459
-106.627 119.036 461
-107.413 119.036 461
-108.199 119.036 461
-108.985 119.036 461
-109.771 119.036 461
-110.557 119.036 461
-111.343 119.036 461
-112.372 119.295 462
-113.159 119.295 462
-113.947 119.295 462
-114.486 119.036 461
-751.232 555.934 2153
-754.903 555.934 2153
-759.278 556.45 2155
-762.951 556.45 2155
-766.625 556.45 2155
-770.299 556.45 2155
-773.973 556.45 2155
-776.925 555.934 2153
-780.595 555.934 2153
-784.994 556.45 2155
-790.863 558 2161
-794.547 558 2161
-800.448 559.549 2167
-804.884 560.065 2169
-808.582 560.065 2169
-812.279 560.065 2169
-815.977 560.065 2169
-819.674 560.065 2169
-823.372 560.065 2169
-827.07 560.065 2169
-828.852 558.774 2164
-832.541 558.774 2164
-837.389 559.549 2167
-841.084 559.549 2167
-844.778 559.549 2167
-848.472 559.549 2167
-852.166 559.549 2167
-854.676 558.774 2164
-855.985 557.225 2158
-859.664 557.225 2158
-863.342 557.225 2158
-863.807 555.159 2150
-865.051 553.61 2144
-868.706 553.61 2144
-872.361 553.61 2144
-876.016 553.61 2144
-879.671 553.61 2144
-883.326 553.61 2144
-886.981 553.61 2144
-889.805 553.094 2142
-890.954 551.544 2136
-892.502 550.253 2131
-896.134 550.253 2131
-898.5 549.479 2128
-900.857 548.704 2125
-903.202 547.929 2122
-906.82 547.929 2122
-910.437 547.929 2122
-910.608 545.864 2114
-910.753 543.798 2106
-915.645 544.573 2109
-919.241 544.573 2109
-922.836 544.573 2109
-926.431 544.573 2109
-930.027 544.573 2109
-932.294 543.798 2106
-932.329 541.732 2098
-932.783 539.925 2091
-936.348 539.925 2091
-937.215 538.375 2085
-934.904 535.019 2072
-931.642 531.145 2057
-935.149 531.145 2057
-935.005 529.08 2049
-928.422 523.399 2027
-928.659 521.592 2020
-932.102 521.592 2020
-935.546 521.592 2020
-935.271 519.526 2012
-936.835 518.493 2008
-938.853 517.718 2005
-942.271 517.718 2005
-943.331 516.427 2000
-943.427 514.62 1993
-945.874 514.103 1991
-949.268 514.103 1991
-950.27 512.812 1986
-952.695 512.296 1984
-953.668 511.005 1979
-957.042 511.005 1979
-957.018 509.197 1972
-957.945 507.906 1967
-960.321 507.39 1965
-963.671 507.39 1965
-963.576 505.582 1958
-965.926 505.066 1956
-967.774 504.291 1953
-971.103 504.291 1953
-971.439 502.742 1947
-973.256 501.967 1944
-972.049 499.643 1935
-975.348 499.643 1935
-978.646 499.643 1935
-978.9 498.094 1929
-982.189 498.094 1929
-985.477 498.094 1929
-988.766 498.094 1929
-988.454 496.287 1922
-4.79098 126.971 495
-5.63483 126.971 495
-6.47868 126.971 495
-7.30773 126.715 494
-8.14988 126.715 494
-8.97382 126.458 493
-9.79436 126.202 492
-10.6115 125.945 491
-11.4485 125.945 491
-24.895 118.25 461
-25.6809 118.25 461
-26.4668 118.25 461
-27.1936 117.993 460
-27.9169 117.737 459
-28.6994 117.737 459
-29.3534 117.224 457
-30.1325 117.224 457
-30.8439 116.967 456
-31.6213 116.967 456
-32.3276 116.711 455
-33.0305 116.454 454
-33.73 116.198 453
-34.5022 116.198 453
-35.1188 115.685 451
-35.808 115.428 450
-36.4126 114.915 448
-36.7614 113.633 443
-37.6013 113.889 444
-38.3582 113.889 444
-39.1151 113.889 444
-39.872 113.889 444
-40.6289 113.889 444
-41.2926 113.633 443
-41.858 113.12 441
-42.5132 112.863 440
-43.2633 112.863 440
-44.0134 112.863 440
-44.6617 112.607 439
-45.4101 112.607 439
-46.1585 112.607 439
-46.9069 112.607 439
-47.6553 112.607 439
-48.4036 112.607 439
-49.264 112.863 440
-50.0141 112.863 440
-50.7642 112.863 440
-51.5143 112.863 440
-61.1324 104.912 409
-61.8297 104.912 409
-62.5269 104.912 409
-63.2242 104.912 409
-63.9214 104.912 409
-64.9346 105.425 411
-65.6353 105.425 411
-66.3359 105.425 411
-72.7453 114.402 446
-73.5056 114.402 446
-74.2659 114.402 446
-75.0262 114.402 446
-75.7866 114.402 446
-76.5469 114.402 446
-77.3072 114.402 446
-78.0675 114.402 446
-79.0046 114.659 447
-80.1235 115.172 449
-80.8889 115.172 449
-82.3818 116.198 453
-83.154 116.198 453
-83.9263 116.198 453
-84.3246 115.685 451
-84.5274 114.915 448
-85.1008 114.659 447
-85.8628 114.659 447
-86.6248 114.659 447
-87.3868 114.659 447
-88.1488 114.659 447
-88.9109 114.659 447
-91.4784 116.967 456
-92.2557 116.967 456
-93.0331 116.967 456
-93.8105 116.967 456
-94.5878 116.967 456
-95.5743 117.224 457
-96.3534 117.224 457
-97.1325 117.224 457
-97.9116 117.224 457
-98.6906 117.224 457
-99.4697 117.224 457
-100.249 117.224 457
-101.028 117.224 457
-101.807 117.224 457
-103.035 117.737 459
-103.817 117.737 459
-105.284 118.506 462
-106.071 118.506 462
-106.859 118.506 462
-107.646 118.506 462
-108.434 118.506 462
-109.222 118.506 462
-110.247 118.763 463
-111.037 118.763 463
-112.067 119.019 464
-112.858 119.019 464
-113.649 119.019 464
-114.194 118.763 463
-114.983 118.763 463
-115.772 118.763 463
-751.232 552.261 2153
-755.604 552.774 2155
-760.335 553.543 2158
-764.014 553.543 2158
-767.692 553.543 2158
-771.371 553.543 2158
-775.05 553.543 2158
-778.729 553.543 2158
-782.408 553.543 2158
-787.179 554.313 2161
-790.863 554.313 2161
-794.547 554.313 2161
-801.186 556.365 2169
-804.884 556.365 2169
-808.582 556.365 2169
-812.279 556.365 2169
-815.977 556.365 2169
-819.674 556.365 2169
-823.372 556.365 2169
-827.07 556.365 2169
-828.852 555.082 2164
-832.541 555.082 2164
-837.389 555.852 2167
-841.084 555.852 2167
-844.778 555.852 2167
-848.472 555.852 2167
-852.166 555.852 2167
-855.86 555.852 2167
-855.985 553.543 2158
-858.468 552.774 2155
-862.142 552.774 2155
-863.807 551.491 2150
-865.051 549.952 2144
-868.706 549.952 2144
-872.361 549.952 2144
-876.016 549.952 2144
-879.671 549.952 2144
-883.326 549.952 2144
-886.981 549.952 2144
-889.805 549.439 2142
-889.703 547.131 2133
-891.245 545.848 2128
-894.873 545.848 2128
-897.234 545.079 2125
-899.585 544.309 2122
-903.202 544.309 2122
-906.82 544.309 2122
-910.437 544.309 2122
-910.608 542.257 2114
-910.753 540.205 2106
-915.645 540.974 2109
-919.241 540.974 2109
-922.836 540.974 2109
-926.431 540.974 2109
-930.027 540.974 2109
-932.294 540.205 2106
-931.44 537.64 2096
-931.445 535.588 2088
-935.004 535.588 2088
-936.316 534.305 2083
-934.904 531.484 2072
-931.642 527.636 2057
-935.149 527.636 2057
-934.092 525.071 2047
-928.422 519.941 2027
-928.659 518.145 2020
-932.102 518.145 2020
-933.23 516.863 2015
-934.341 515.58 2010
-935.435 514.298 2005
-936.512 513.015 2000
-939.921 513.015 2000
-941.444 511.989 1996
-942.48 510.707 1991
-944.449 509.937 1988
-947.838 509.937 1988
-949.313 508.911 1984
-950.294 507.628 1979
-952.704 507.115 1977
-956.074 507.115 1977
-957.018 505.833 1972
-957.945 504.55 1967
-960.321 504.037 1965
-963.671 504.037 1965
-963.576 502.242 1958
-966.913 502.242 1958
-970.251 502.242 1958
-972.595 501.729 1956
-972.437 499.933 1949
-973.256 498.651 1944
-973.556 497.112 1938
-976.86 497.112 1938
-978.646 496.342 1935
-979.915 495.316 1931
-982.189 494.803 1929
-985.477 494.803 1929
-988.766 494.803 1929
-988.454 493.008 1922
-4.7813 125.872 494
-5.62344 125.872 494
-6.46559 125.872 494
-7.30773 125.872 494
-8.14988 125.872 494
-8.97382 125.617 493
-9.79436 125.362 492
-10.6331 125.362 492
-11.4718 125.362 492
-23.4244 117.973 463
-24.2137 117.973 463
-25.003 117.973 463
-25.7923 117.973 463
-26.5242 117.718 462
-27.1936 117.209 460
-27.9169 116.954 459
-28.6994 116.954 459
-29.4176 116.699 458
-30.1325 116.444 457
-30.9116 116.444 457
-31.6906 116.444 457
-32.3276 115.935 455
-33.0305 115.68 454
-33.73 115.425 453
-34.5022 115.425 453
-35.2745 115.425 453
-35.8876 114.915 451
-36.4126 114.151 448
-37.6013 113.132 444
-38.3582 113.132 444
-39.1151 113.132 444
-39.872 113.132 444
-40.6289 113.132 444
-41.2926 112.877 443
-41.7631 112.113 440
-42.5132 112.113 440
-43.2633 112.113 440
-44.0134 112.113 440
-44.6617 111.858 439
-45.4101 111.858 439
-46.1585 111.858 439
-46.9069 111.858 439
-47.6553 111.858 439
-61.6785 103.959 408
-62.5269 104.214 409
-63.2242 104.214 409
-63.9214 104.214 409
-64.9346 104.723 411
-65.6353 104.723 411
-66.3359 104.723 411
-72.7453 113.641 446
-73.5056 113.641 446
-74.2659 113.641 446
-75.0262 113.641 446
-75.7866 113.641 446
-76.5469 113.641 446
-77.3072 113.641 446
-78.0675 113.641 446
-79.0046 113.896 447
-80.1235 114.406 449
-80.8889 114.406 449
-82.3818 115.425 453
-83.154 115.425 453
-83.9263 115.425 453
-84.3246 114.915 451
-84.3387 113.896 447
-85.1008 113.896 447
-85.8628 113.896 447
-86.6248 113.896 447
-87.3868 113.896 447
-88.346 114.151 448
-89.1098 114.151 448
-91.679 116.444 457
-92.4581 116.444 457
-93.2371 116.444 457
-94.0162 116.444 457
-94.7953 116.444 457
-95.7835 116.699 458
-96.5643 116.699 458
-97.345 116.699 458
-98.1258 116.699 458
-98.9066 116.699 458
-99.905 116.954 459
-100.687 116.954 459
-101.47 116.954 459
-102.475 117.209 460
-103.708 117.718 462
-104.496 117.718 462
-105.511 117.973 463
-106.301 117.973 463
-107.09 117.973 463
-107.879 117.973 463
-108.669 117.973 463
-109.694 118.228 464
-110.485 118.228 464
-111.276 118.228 464
-112.067 118.228 464
-112.858 118.228 464
-113.649 118.228 464
-114.44 118.228 464
-114.983 117.973 463
-115.772 117.973 463
-751.232 548.588 2153
-755.604 549.097 2155
-760.335 549.861 2158
-764.014 549.861 2158
-767.692 549.861 2158
-771.371 549.861 2158
-775.05 549.861 2158
-778.729 549.861 2158
-782.408 549.861 2158
-787.179 550.626 2161
-790.863 550.626 2161
-794.547 550.626 2161
-801.186 552.664 2169
-804.884 552.664 2169
-808.582 552.664 2169
-812.279 552.664 2169
-815.977 552.664 2169
-819.674 552.664 2169
-823.372 552.664 2169
-827.07 552.664 2169
-828.852 551.39 2164
-832.541 551.39 2164
-837.389 552.155 2167
-841.084 552.155 2167
-844.778 552.155 2167
-848.472 552.155 2167
-852.166 552.155 2167
-855.86 552.155 2167
-855.985 549.861 2158
-858.468 549.097 2155
-862.142 549.097 2155
-863.807 547.823 2150
-865.051 546.294 2144
-868.706 546.294 2144
-872.361 546.294 2144
-876.016 546.294 2144
-878.851 545.785 2142
-882.502 545.785 2142
-886.154 545.785 2142
-888.559 545.02 2139
-889.703 543.491 2133
-891.245 542.217 2128
-894.873 542.217 2128
-895.967 540.689 2122
-899.585 540.689 2122
-903.202 540.689 2122
-906.82 540.689 2122
-910.437 540.689 2122
-909.747 538.141 2112
-910.753 536.612 2106
-915.645 537.376 2109
-919.241 537.376 2109
-922.836 537.376 2109
-926.431 537.376 2109
-930.027 537.376 2109
-931.409 536.102 2104
-931.44 534.064 2096
-930.106 531.261 2085
-933.661 531.261 2085
-934.968 529.987 2080
-934.001 527.439 2070
-927.113 521.579 2047
-930.603 521.579 2047
-930.442 519.54 2039
-925.215 514.699 2020
-924.981 512.66 2012
-928.411 512.66 2012
-930.915 512.151 2010
-933.411 511.641 2008
-933.102 509.603 2000
-936.512 509.603 2000
-938.041 508.584 1996
-940.029 507.819 1993
-941.06 506.545 1988
-944.449 506.545 1988
-945.931 505.526 1984
-949.313 505.526 1984
-950.294 504.252 1979
-953.668 504.252 1979
-954.624 502.978 1974
-957.018 502.468 1972
-957.945 501.194 1967
-961.298 501.194 1967
-963.671 500.685 1965
-963.576 498.901 1958
-966.913 498.901 1958
-970.251 498.901 1958
-972.595 498.392 1956
-972.437 496.608 1949
-973.256 495.334 1944
-973.556 493.805 1938
-976.86 493.805 1938
-978.646 493.041 1935
-979.915 492.022 1931
-982.189 491.512 1929
-985.477 491.512 1929
-988.766 491.512 1929
-988.454 489.728 1922
-4.7813 125.029 494
-5.62344 125.029 494
-6.46559 125.029 494
-7.30773 125.029 494
-8.14988 125.029 494
-8.97382 124.776 493
-9.79436 124.523 492
-10.6331 124.523 492
-11.4718 124.523 492
-23.4244 117.183 463
-24.2137 117.183 463
-25.003 117.183 463
-25.7923 117.183 463
-26.5242 116.93 462
-27.1936 116.424 460
-27.9169 116.171 459
-28.6994 116.171 459
-29.4176 115.918 458
-30.1325 115.665 457
-30.9116 115.665 457
-31.6906 115.665 457
-32.3276 115.158 455
-33.1033 115.158 455
-33.8045 114.905 454
-34.5784 114.905 454
-35.2745 114.652 453
-35.8876 114.146 451
-36.4126 113.387 448
-37.6013 112.374 444
-38.3582 112.374 444
-39.1151 112.374 444
-39.872 112.374 444
-40.6289 112.374 444
-41.2926 112.121 443
-41.7631 111.362 440
-42.5132 111.362 440
-43.2633 111.362 440
-44.0134 111.362 440
-44.6617 111.109 439
-45.4101 111.109 439
-46.1585 111.109 439
-46.9069 111.109 439
-72.7453 112.881 446
-73.5056 112.881 446
-74.2659 112.881 446
-75.0262 112.881 446
-75.9565 113.134 447
-76.7185 113.134 447
-77.4805 113.134 447
-78.2426 113.134 447
-78.8278 112.881 446
-79.7666 113.134 447
-80.5286 113.134 447
-82.3818 114.652 453
-83.154 114.652 453
-83.9263 114.652 453
-83.5767 113.134 447
-84.3387 113.134 447
-85.1008 113.134 447
-85.8628 113.134 447
-86.6248 113.134 447
-87.3868 113.134 447
-88.346 113.387 448
-89.1098 113.387 448
-91.679 115.665 457
-92.4581 115.665 457
-93.2371 115.665 457
-94.0162 115.665 457
-94.7953 115.665 457
-95.7835 115.918 458
-96.5643 115.918 458
-97.345 115.918 458
-98.1258 115.918 458
-98.9066 115.918 458
-99.905 116.171 459
-100.687 116.171 459
-101.47 116.171 459
-102.475 116.424 460
-103.708 116.93 462
-104.496 116.93 462
-105.511 117.183 463
-106.301 117.183 463
-107.09 117.183 463
-107.879 117.183 463
-108.903 117.436 464
-109.694 117.436 464
-110.485 117.436 464
-111.516 117.689 465
-112.309 117.689 465
-113.102 117.689 465
-113.894 117.689 465
-114.687 117.689 465
-115.48 117.689 465
-116.272 117.689 465
-751.232 544.914 2153
-755.604 545.42 2155
-760.335 546.18 2158
-764.014 546.18 2158
-767.692 546.18 2158
-771.371 546.18 2158
-775.05 546.18 2158
-778.729 546.18 2158
-782.408 546.18 2158
-787.179 546.939 2161
-790.863 546.939 2161
-794.547 546.939 2161
-801.186 548.964 2169
-804.884 548.964 2169
-808.582 548.964 2169
-812.279 548.964 2169
-815.977 548.964 2169
-819.674 548.964 2169
-823.372 548.964 2169
-826.307 548.458 2167
-828.852 547.698 2164
-832.541 547.698 2164
-837.389 548.458 2167
-841.084 548.458 2167
-844.778 548.458 2167
-848.472 548.458 2167
-852.166 548.458 2167
-855.86 548.458 2167
-855.985 546.18 2158
-858.468 545.42 2155
-862.142 545.42 2155
-863.807 544.155 2150
-865.051 542.636 2144
-868.706 542.636 2144
-872.361 542.636 2144
-876.016 542.636 2144
-878.851 542.13 2142
-882.502 542.13 2142
-886.154 542.13 2142
-888.559 541.371 2139
-889.703 539.852 2133
-891.245 538.587 2128
-894.873 538.587 2128
-895.967 537.068 2122
-899.585 537.068 2122
-903.202 537.068 2122
-906.82 537.068 2122
-910.437 537.068 2122
-909.747 534.537 2112
-910.753 533.019 2106
-915.645 533.778 2109
-919.241 533.778 2109
-922.836 533.778 2109
-926.431 533.778 2109
-930.027 533.778 2109
-931.409 532.513 2104
-931.44 530.488 2096
-930.106 527.704 2085
-933.661 527.704 2085
-931.372 524.414 2072
-930.392 521.883 2062
-924.849 516.821 2042
-928.33 516.821 2042
-928.16 514.796 2034
-921.551 509.228 2012
-924.981 509.228 2012
-928.411 509.228 2012
-930.915 508.722 2010
-931.087 506.95 2003
-932.169 505.684 1998
-935.575 505.684 1998
-938.041 505.178 1996
-940.029 504.419 1993
-941.06 503.154 1988
-944.449 503.154 1988
-945.931 502.141 1984
-946.921 500.876 1979
-950.294 500.876 1979
-953.668 500.876 1979
-954.624 499.61 1974
-957.018 499.104 1972
-957.945 497.839 1967
-961.298 497.839 1967
-963.671 497.332 1965
-963.576 495.561 1958
-966.913 495.561 1958
-970.251 495.561 1958
-972.595 495.054 1956
-973.435 493.789 1951
-974.758 492.777 1947
-978.077 492.777 1947
-977.868 491.005 1940
-978.646 489.739 1935
-979.915 488.727 1931
-983.207 488.727 1931
-986.499 488.727 1931
-988.766 488.221 1929
-988.454 486.449 1922
-4.77162 123.935 493
-5.62344 124.186 494
-6.46559 124.186 494
-7.30773 124.186 494
-8.14988 124.186 494
-8.97382 123.935 493
-9.81426 123.935 493
-10.6331 123.684 492
-11.4718 123.684 492
-21.8458 116.393 463
-22.6351 116.393 463
-23.4244 116.393 463
-24.2137 116.393 463
-25.003 116.393 463
-25.7923 116.393 463
-26.5242 116.142 462
-27.1936 115.639 460
-27.9777 115.639 460
-28.6994 115.388 459
-29.4176 115.136 458
-30.1325 114.885 457
-30.9116 114.885 457
-31.6906 114.885 457
-32.3276 114.382 455
-33.1033 114.382 455
-33.8045 114.131 454
-34.5784 114.131 454
-35.2745 113.879 453
-35.8876 113.377 451
-72.4191 111.617 444
-73.5056 112.12 446
-74.2659 112.12 446
-75.0262 112.12 446
-75.9565 112.371 447
-76.7185 112.371 447
-77.4805 112.371 447
-78.2426 112.371 447
-78.8278 112.12 446
-79.5882 112.12 446
-80.3485 112.12 446
-81.1088 112.12 446
-81.8691 112.12 446
-82.6294 112.12 446
-83.3897 112.12 446
-84.3387 112.371 447
-85.1008 112.371 447
-86.2469 112.874 449
-87.0124 112.874 449
-87.7778 112.874 449
-88.7404 113.125 450
-89.5076 113.125 450
-91.679 114.885 457
-92.4581 114.885 457
-93.2371 114.885 457
-94.0162 114.885 457
-94.7953 114.885 457
-95.7835 115.136 458
-96.5643 115.136 458
-97.345 115.136 458
-98.34 115.388 459
-99.1225 115.388 459
-100.123 115.639 460
-100.907 115.639 460
-101.912 115.89 461
-102.698 115.89 461
-103.708 116.142 462
-104.722 116.393 463
-105.511 116.393 463
-106.53 116.645 464
-107.321 116.645 464
-108.112 116.645 464
-108.903 116.645 464
-109.694 116.645 464
-110.485 116.645 464
-111.516 116.896 465
-112.309 116.896 465
-113.102 116.896 465
-113.894 116.896 465
-114.687 116.896 465
-115.48 116.896 465
-116.272 116.896 465
-732.49 532.945 2120
-736.104 532.945 2120
-749.139 539.733 2147
-754.903 541.241 2153
-758.573 541.241 2153
-762.243 541.241 2153
-765.914 541.241 2153
-769.584 541.241 2153
-773.254 541.241 2153
-776.925 541.241 2153
-782.408 542.498 2158
-786.087 542.498 2158
-790.863 543.252 2161
-794.547 543.252 2161
-800.448 544.76 2167
-804.142 544.76 2167
-807.836 544.76 2167
-811.53 544.76 2167
-815.224 544.76 2167
-818.919 544.76 2167
-822.613 544.76 2167
-826.307 544.76 2167
-828.852 544.006 2164
-832.541 544.006 2164
-836.23 544.006 2164
-839.919 544.006 2164
-844.778 544.76 2167
-848.472 544.76 2167
-852.166 544.76 2167
-854.676 544.006 2164
-855.985 542.498 2158
-857.672 541.241 2153
-861.342 541.241 2153
-862.602 539.733 2147
-864.244 538.476 2142
-867.896 538.476 2142
-871.548 538.476 2142
-875.199 538.476 2142
-878.851 538.476 2142
-882.502 538.476 2142
-886.154 538.476 2142
-888.559 537.722 2139
-889.703 536.213 2133
-891.245 534.956 2128
-894.873 534.956 2128
-895.967 533.448 2122
-899.585 533.448 2122
-903.202 533.448 2122
-906.82 533.448 2122
-910.437 533.448 2122
-907.163 529.426 2106
-909.888 528.923 2104
-914.343 529.426 2106
-917.933 529.426 2106
-921.523 529.426 2106
-925.114 529.426 2106
-928.704 529.426 2106
-931.409 528.923 2104
-931.44 526.912 2096
-927.876 522.89 2080
-931.422 522.89 2080
-931.372 520.878 2072
-930.392 518.365 2062
-924.849 513.337 2042
-928.33 513.337 2042
-928.16 511.326 2034
-921.551 505.795 2012
-924.981 505.795 2012
-928.411 505.795 2012
-930.915 505.292 2010
-931.087 503.533 2003
-932.169 502.276 1998
-935.575 502.276 1998
-938.041 501.773 1996
-940.029 501.019 1993
-941.06 499.762 1988
-944.449 499.762 1988
-945.931 498.756 1984
-946.921 497.499 1979
-950.294 497.499 1979
-953.668 497.499 1979
-954.624 496.242 1974
-957.018 495.74 1972
-957.945 494.483 1967
-961.298 494.483 1967
-963.671 493.98 1965
-963.576 492.22 1958
-966.913 492.22 1958
-970.251 492.22 1958
-972.595 491.717 1956
-973.435 490.46 1951
-974.758 489.455 1947
-978.077 489.455 1947
-977.868 487.695 1940
-978.646 486.438 1935
-979.915 485.433 1931
-983.207 485.433 1931
-986.499 485.433 1931
-988.766 484.93 1929
-988.454 483.17 1922
-4.77162 123.094 493
-5.62344 123.343 494
-6.46559 123.343 494
-7.30773 123.343 494
-8.14988 123.343 494
-8.97382 123.094 493
-9.81426 123.094 493
-10.6331 122.844 492
-11.4718 122.844 492
-21.893 115.853 464
-22.684 115.853 464
-23.475 115.853 464
-24.266 115.853 464
-25.057 115.853 464
-25.7923 115.603 463
-26.5242 115.354 462
-27.2527 115.104 461
-28.0386 115.104 461
-28.7619 114.854 460
-29.4176 114.355 458
-30.1984 114.355 458
-30.9116 114.105 457
-31.6906 114.105 457
-32.3986 113.856 456
-33.1033 113.606 455
-33.8045 113.356 454
-34.5784 113.356 454
-35.2745 113.106 453
-35.8876 112.607 451
-72.4191 110.859 444
-73.5056 111.359 446
-74.2659 111.359 446
-75.0262 111.359 446
-75.9565 111.608 447
-76.7185 111.608 447
-77.4805 111.608 447
-78.2426 111.608 447
-78.8278 111.359 446
-79.5882 111.359 446
-80.3485 111.359 446
-81.1088 111.359 446
-82.0527 111.608 447
-82.8147 111.608 447
-83.5767 111.608 447
-84.5274 111.858 448
-85.4815 112.108 449
-86.2469 112.108 449
-87.0124 112.108 449
-88.3643 112.857 452
-90.1209 114.105 457
-90.8999 114.105 457
-91.679 114.105 457
-92.4581 114.105 457
-93.2371 114.105 457
-94.0162 114.105 457
-94.7953 114.105 457
-95.9926 114.605 459
-96.7751 114.605 459
-97.5576 114.605 459
-98.34 114.605 459
-99.1225 114.605 459
-100.123 114.854 460
-100.907 114.854 460
-101.912 115.104 461
-102.921 115.354 462
-103.708 115.354 462
-104.722 115.603 463
-105.739 115.853 464
-106.53 115.853 464
-107.321 115.853 464
-108.112 115.853 464
-109.138 116.103 465
-109.931 116.103 465
-110.723 116.103 465
-111.516 116.103 465
-112.309 116.103 465
-113.102 116.103 465
-113.894 116.103 465
-114.687 116.103 465
-115.48 116.103 465
-116.272 116.103 465
-732.49 529.328 2120
-736.104 529.328 2120
-749.139 536.07 2147
-754.903 537.568 2153
-758.573 537.568 2153
-762.243 537.568 2153
-765.914 537.568 2153
-769.584 537.568 2153
-773.254 537.568 2153
-776.925 537.568 2153
-776.607 534.821 2142
-782.08 536.07 2147
-789.766 538.816 2158
-793.444 538.816 2158
-798.231 539.565 2161
-801.915 539.565 2161
-805.599 539.565 2161
-809.283 539.565 2161
-814.096 540.314 2164
-817.785 540.314 2164
-821.474 540.314 2164
-825.163 540.314 2164
-827.703 539.565 2161
-831.387 539.565 2161
-835.071 539.565 2161
-838.755 539.565 2161
-842.439 539.565 2161
-846.123 539.565 2161
-849.807 539.565 2161
-853.491 539.565 2161
-854.795 538.067 2155
-857.672 537.568 2153
-861.342 537.568 2153
-862.602 536.07 2147
-864.244 534.821 2142
-866.68 534.072 2139
-870.327 534.072 2139
-873.973 534.072 2139
-878.851 534.821 2142
-882.502 534.821 2142
-886.154 534.821 2142
-888.559 534.072 2139
-887.617 531.326 2128
-888.732 529.828 2122
-892.35 529.828 2122
-893.856 528.579 2117
-897.465 528.579 2117
-901.074 528.579 2117
-904.683 528.579 2117
-908.292 528.579 2117
-906.301 525.333 2104
-908.591 524.584 2101
-913.475 525.333 2104
-917.061 525.333 2104
-920.648 525.333 2104
-924.235 525.333 2104
-927.822 525.333 2104
-928.752 523.835 2098
-930.107 522.587 2093
-926.984 518.842 2078
-930.526 518.842 2078
-929.124 516.095 2067
-927.233 513.099 2055
-924.849 509.853 2042
-928.33 509.853 2042
-927.248 507.356 2032
-921.551 502.362 2012
-924.981 502.362 2012
-928.411 502.362 2012
-930.915 501.863 2010
-931.087 500.115 2003
-932.169 498.867 1998
-935.575 498.867 1998
-936.632 497.618 1993
-939.086 497.119 1991
-940.113 495.871 1986
-943.499 495.871 1986
-945.931 495.371 1984
-946.921 494.123 1979
-950.294 494.123 1979
-953.668 494.123 1979
-954.624 492.874 1974
-957.018 492.375 1972
-957.945 491.127 1967
-961.298 491.127 1967
-962.69 490.128 1963
-963.576 488.88 1958
-966.913 488.88 1958
-970.251 488.88 1958
-972.595 488.38 1956
-973.435 487.132 1951
-974.758 486.133 1947
-978.077 486.133 1947
-977.868 484.385 1940
-978.646 483.137 1935
-979.915 482.138 1931
-983.207 482.138 1931
-986.499 482.138 1931
-988.766 481.639 1929
-988.454 479.891 1922
-4.77162 122.253 493
-5.61206 122.253 493
-6.4525 122.253 493
-7.29294 122.253 493
-8.13338 122.253 493
-8.97382 122.253 493
-9.81426 122.253 493
-10.6331 122.005 492
-11.4718 122.005 492
-21.893 115.061 464
-22.684 115.061 464
-23.475 115.061 464
-24.266 115.061 464
-25.057 115.061 464
-25.848 115.061 464
-26.5816 114.813 463
-27.2527 114.317 461
-28.0386 114.317 461
-28.7619 114.069 460
-29.4176 113.573 458
-30.1984 113.573 458
-30.9116 113.325 457
-31.6906 113.325 457
-32.3986 113.078 456
-33.1033 112.83 455
-33.8045 112.582 454
-34.5784 112.582 454
-35.2745 112.334 453
-36.0467 112.334 453
-72.4191 110.102 444
-73.5056 110.598 446
-74.2659 110.598 446
-75.0262 110.598 446
-75.9565 110.846 447
-76.7185 110.846 447
-77.4805 110.846 447
-78.2426 110.846 447
-78.1209 109.606 442
-78.8744 109.606 442
-79.6279 109.606 442
-81.1088 110.598 446
-82.0527 110.846 447
-82.8147 110.846 447
-83.5767 110.846 447
-84.5274 111.094 448
-85.4815 111.342 449
-86.8232 112.086 452
-87.5938 112.086 452
-88.5598 112.334 453
-90.1209 113.325 457
-90.8999 113.325 457
-91.8796 113.573 458
-92.6604 113.573 458
-93.4412 113.573 458
-94.0162 113.325 457
-95.2101 113.821 459
-96.2017 114.069 460
-96.9859 114.069 460
-97.7701 114.069 460
-98.5543 114.069 460
-99.3385 114.069 460
-100.34 114.317 461
-101.126 114.317 461
-102.133 114.565 462
-102.921 114.565 462
-103.708 114.565 462
-104.948 115.061 464
-105.739 115.061 464
-106.76 115.309 465
-107.553 115.309 465
-108.345 115.309 465
-109.138 115.309 465
-109.931 115.309 465
-110.723 115.309 465
-111.516 115.309 465
-112.309 115.309 465
-113.102 115.309 465
-113.894 115.309 465
-114.687 115.309 465
-115.48 115.309 465
-116.272 115.309 465
-732.49 525.711 2120
-736.104 525.711 2120
-741.463 526.951 2125
-746.137 527.695 2128
-752.583 529.679 2136
-756.225 529.679 2136
-759.866 529.679 2136
-764.58 530.423 2139
-768.226 530.423 2139
-771.873 530.423 2139
-776.607 531.167 2142
-782.08 532.407 2147
-789.766 535.134 2158
-793.444 535.134 2158
-798.231 535.878 2161
-801.915 535.878 2161
-805.599 535.878 2161
-809.283 535.878 2161
-814.096 536.622 2164
-817.785 536.622 2164
-822.613 537.366 2167
-826.307 537.366 2167
-830.001 537.366 2167
-832.541 536.622 2164
-836.23 536.622 2164
-839.919 536.622 2164
-843.608 536.622 2164
-846.123 535.878 2161
-849.807 535.878 2161
-853.491 535.878 2161
-854.795 534.391 2155
-857.672 533.895 2153
-861.342 533.895 2153
-862.602 532.407 2147
-864.244 531.167 2142
-866.68 530.423 2139
-870.327 530.423 2139
-873.973 530.423 2139
-878.851 531.167 2142
-882.502 531.167 2142
-886.154 531.167 2142
-889.805 531.167 2142
-887.617 527.695 2128
-886.638 524.967 2117
-890.247 524.967 2117
-893.856 524.967 2117
-897.465 524.967 2117
-901.074 524.967 2117
-904.683 524.967 2117
-908.292 524.967 2117
-907.163 522.24 2106
-909.888 521.744 2104
-913.475 521.744 2104
-915.754 521 2101
-919.336 521 2101
-922.917 521 2101
-926.499 521 2101
-927.867 519.76 2096
-930.107 519.016 2093
-925.645 514.552 2075
-929.183 514.552 2075
-929.124 512.568 2067
-928.136 510.089 2057
-924.849 506.369 2042
-928.33 506.369 2042
-927.248 503.889 2032
-921.551 498.93 2012
-924.981 498.93 2012
-928.411 498.93 2012
-930.915 498.434 2010
-932.017 497.194 2005
-932.169 495.458 1998
-935.575 495.458 1998
-936.632 494.218 1993
-937.671 492.978 1988
-939.166 491.986 1984
-942.549 491.986 1984
-943.547 490.747 1979
-946.921 490.747 1979
-949.334 490.251 1977
-952.704 490.251 1977
-953.656 489.011 1972
-956.048 488.515 1970
-956.971 487.275 1965
-960.321 487.275 1965
-962.69 486.779 1963
-963.576 485.539 1958
-965.926 485.043 1956
-969.26 485.043 1956
-971.103 484.299 1953
-973.435 483.803 1951
-974.758 482.811 1947
-978.077 482.811 1947
-977.868 481.075 1940
-977.635 479.34 1933
-979.915 478.844 1931
-983.207 478.844 1931
-986.499 478.844 1931
-987.228 477.604 1926
-988.454 476.612 1922
-3.93915 121.658 494
-4.7813 121.658 494
-5.62344 121.658 494
-6.4525 121.412 493
-7.29294 121.412 493
-8.13338 121.412 493
-8.97382 121.412 493
-9.79436 121.165 492
-10.6331 121.165 492
-11.4718 121.165 492
-21.893 114.27 464
-22.684 114.27 464
-23.475 114.27 464
-24.266 114.27 464
-25.057 114.27 464
-25.848 114.27 464
-26.5816 114.023 463
-27.2527 113.531 461
-28.0386 113.531 461
-28.7619 113.285 460
-29.4176 112.792 458
-30.1984 112.792 458
-30.9792 112.792 458
-31.76 112.792 458
-32.3986 112.3 456
-33.176 112.3 456
-33.8789 112.053 455
-34.6546 112.053 455
-35.3524 111.807 454
-36.0467 111.561 453
-72.4191 109.344 444
-73.5056 109.837 446
-74.2659 109.837 446
-75.0262 109.837 446
-75.9565 110.083 447
-76.7185 110.083 447
-77.4805 110.083 447
-78.2426 110.083 447
-78.4743 109.344 444
-79.4097 109.591 445
-80.1683 109.591 445
-81.2906 110.083 447
-82.2362 110.329 448
-83 110.329 448
-83.7637 110.329 448
-84.7161 110.576 449
-85.4815 110.576 449
-86.8232 111.314 452
-87.5938 111.314 452
-88.5598 111.561 453
-90.1209 112.546 457
-90.8999 112.546 457
-91.8796 112.792 458
-92.6604 112.792 458
-93.4412 112.792 458
-94.0162 112.546 457
-95.2101 113.038 459
-96.2017 113.285 460
-96.9859 113.285 460
-97.7701 113.285 460
-98.5543 113.285 460
-99.3385 113.285 460
-100.34 113.531 461
-101.126 113.531 461
-102.133 113.777 462
-102.921 113.777 462
-103.708 113.777 462
-104.948 114.27 464
-105.739 114.27 464
-106.76 114.516 465
-107.553 114.516 465
-108.345 114.516 465
-109.138 114.516 465
-109.931 114.516 465
-110.723 114.516 465
-111.516 114.516 465
-112.55 114.762 466
-113.345 114.762 466
-114.139 114.762 466
-114.687 114.516 465
-115.48 114.516 465
-116.272 114.516 465
-720.624 516.184 2096
-731.453 521.356 2117
-735.062 521.356 2117
-738.671 521.356 2117
-745.085 523.326 2125
-749.765 524.065 2128
-753.392 524.065 2128
-758.087 524.803 2131
-761.72 524.803 2131
-766.071 525.296 2133
-769.708 525.296 2133
-775.519 526.773 2139
-780.258 527.512 2142
-786.838 529.482 2150
-790.503 529.482 2150
-797.123 531.453 2158
-801.915 532.191 2161
-805.599 532.191 2161
-809.283 532.191 2161
-814.096 532.93 2164
-817.785 532.93 2164
-822.613 533.669 2167
-826.307 533.669 2167
-830.001 533.669 2167
-832.541 532.93 2164
-836.23 532.93 2164
-839.919 532.93 2164
-843.608 532.93 2164
-846.123 532.191 2161
-849.807 532.191 2161
-853.491 532.191 2161
-854.001 530.221 2153
-856.477 529.482 2150
-860.142 529.482 2150
-862.602 528.744 2147
-863.034 526.773 2139
-866.68 526.773 2139
-870.327 526.773 2139
-873.973 526.773 2139
-878.851 527.512 2142
-882.502 527.512 2142
-886.154 527.512 2142
-889.805 527.512 2142
-887.617 524.065 2128
-887.895 522.094 2120
-891.509 522.094 2120
-893.856 521.356 2117
-897.465 521.356 2117
-901.074 521.356 2117
-904.683 521.356 2117
-908.292 521.356 2117
-907.163 518.647 2106
-910.753 518.647 2106
-914.343 518.647 2106
-917.061 518.154 2104
-920.648 518.154 2104
-922.917 517.415 2101
-926.499 517.415 2101
-927.867 516.184 2096
-931.44 516.184 2096
-925.645 511.012 2075
-929.183 511.012 2075
-929.124 509.042 2067
-928.136 506.579 2057
-923.49 502.146 2039
-926.966 502.146 2039
-927.248 500.422 2032
-921.551 495.497 2012
-924.981 495.497 2012
-928.411 495.497 2012
-930.915 495.005 2010
-932.017 493.773 2005
-929.836 490.818 1993
-933.234 490.818 1993
-936.632 490.818 1993
-936.727 489.094 1986
-937.746 487.863 1981
-941.123 487.863 1981
-943.547 487.37 1979
-945.964 486.878 1977
-947.893 486.139 1974
-951.259 486.139 1974
-953.656 485.646 1972
-956.048 485.154 1970
-956.971 483.922 1965
-960.321 483.922 1965
-961.219 482.691 1960
-962.591 481.706 1956
-964.444 480.967 1953
-967.774 480.967 1953
-970.109 480.475 1951
-972.437 479.982 1949
-972.255 478.258 1942
-975.565 478.258 1942
-976.86 477.273 1938
-977.635 476.042 1933
-978.9 475.057 1929
-982.189 475.057 1929
-982.923 473.825 1924
-986.203 473.825 1924
-987.425 472.84 1920
-3.93915 120.815 494
-4.7813 120.815 494
-5.62344 120.815 494
-6.4525 120.57 493
-7.29294 120.57 493
-8.11688 120.326 492
-8.95562 120.326 492
-9.79436 120.326 492
-10.6331 120.326 492
-11.4718 120.326 492
-21.893 113.478 464
-22.684 113.478 464
-23.475 113.478 464
-24.266 113.478 464
-25.057 113.478 464
-25.848 113.478 464
-26.5816 113.234 463
-27.2527 112.744 461
-28.0386 112.744 461
-28.7619 112.5 460
-29.4819 112.255 459
-30.1984 112.011 458
-30.9792 112.011 458
-31.76 112.011 458
-32.3986 111.522 456
-33.176 111.522 456
-33.8789 111.277 455
-34.6546 111.277 455
-35.3524 111.032 454
-36.0467 110.788 453
-70.9053 108.587 444
-71.6622 108.587 444
-72.4191 108.587 444
-73.5056 109.076 446
-74.2659 109.076 446
-75.0262 109.076 446
-75.9565 109.32 447
-76.7185 109.32 447
-77.4805 109.32 447
-78.2426 109.32 447
-78.6511 108.831 445
-79.7666 109.32 447
-80.5286 109.32 447
-81.2906 109.32 447
-82.2362 109.565 448
-83 109.565 448
-83.7637 109.565 448
-84.7161 109.81 449
-85.6719 110.054 450
-86.8232 110.543 452
-87.7876 110.788 453
-89.1463 111.522 456
-90.3181 112.011 458
-91.0988 112.011 458
-91.8796 112.011 458
-92.6604 112.011 458
-93.4412 112.011 458
-94.2219 112.011 458
-95.4176 112.5 460
-96.4109 112.744 461
-97.1968 112.744 461
-97.9827 112.744 461
-98.7685 112.744 461
-99.3385 112.5 460
-100.34 112.744 461
-101.126 112.744 461
-102.133 112.989 462
-103.144 113.234 463
-103.933 113.234 463
-104.948 113.478 464
-105.967 113.723 465
-106.76 113.723 465
-107.553 113.723 465
-108.345 113.723 465
-109.138 113.723 465
-109.931 113.723 465
-110.723 113.723 465
-111.516 113.723 465
-112.55 113.967 466
-113.345 113.967 466
-114.139 113.967 466
-114.687 113.723 465
-115.48 113.723 465
-116.272 113.723 465
-720.624 512.608 2096
-726.962 514.564 2104
-730.548 514.564 2104
-737.624 517.01 2114
-742.28 517.744 2117
-750.822 521.168 2131
-754.455 521.168 2131
-758.087 521.168 2131
-761.72 521.168 2131
-766.071 521.657 2133
-769.708 521.657 2133
-775.519 523.124 2139
-780.258 523.858 2142
-786.838 525.814 2150
-790.503 525.814 2150
-798.231 528.505 2161
-801.915 528.505 2161
-805.599 528.505 2161
-809.283 528.505 2161
-815.224 529.972 2167
-819.674 530.461 2169
-823.372 530.461 2169
-827.07 530.461 2169
-830.767 530.461 2169
-833.695 529.972 2167
-837.389 529.972 2167
-841.084 529.972 2167
-844.778 529.972 2167
-848.472 529.972 2167
-852.166 529.972 2167
-854.676 529.238 2164
-854.795 527.037 2155
-857.672 526.548 2153
-861.342 526.548 2153
-863.807 525.814 2150
-864.244 523.858 2142
-866.68 523.124 2139
-870.327 523.124 2139
-873.973 523.124 2139
-878.851 523.858 2142
-882.502 523.858 2142
-886.154 523.858 2142
-889.805 523.858 2142
-887.617 520.434 2128
-887.895 518.477 2120
-891.509 518.477 2120
-893.856 517.744 2117
-897.465 517.744 2117
-901.074 517.744 2117
-904.683 517.744 2117
-908.292 517.744 2117
-907.163 515.054 2106
-910.753 515.054 2106
-914.343 515.054 2106
-917.061 514.564 2104
-920.648 514.564 2104
-922.917 513.831 2101
-926.499 513.831 2101
-927.867 512.608 2096
-931.44 512.608 2096
-925.645 507.472 2075
-929.183 507.472 2075
-929.124 505.515 2067
-928.136 503.07 2057
-923.49 498.668 2039
-926.966 498.668 2039
-927.248 496.956 2032
-921.551 492.064 2012
-924.981 492.064 2012
-928.411 492.064 2012
-930.915 491.575 2010
-932.017 490.352 2005
-929.836 487.418 1993
-933.234 487.418 1993
-936.632 487.418 1993
-936.727 485.706 1986
-937.746 484.483 1981
-941.123 484.483 1981
-943.547 483.994 1979
-945.964 483.505 1977
-947.893 482.771 1974
-951.259 482.771 1974
-953.656 482.282 1972
-956.048 481.793 1970
-956.971 480.57 1965
-960.321 480.57 1965
-961.219 479.347 1960
-962.591 478.369 1956
-963.457 477.146 1951
-966.783 477.146 1951
-969.114 476.657 1949
-971.439 476.168 1947
-972.255 474.945 1942
-975.565 474.945 1942
-974.339 472.744 1933
-977.635 472.744 1933
-976.363 470.543 1924
-979.643 470.543 1924
-982.923 470.543 1924
-986.203 470.543 1924
-984.854 468.342 1915
-3.93915 119.972 494
-4.7813 119.972 494
-5.62344 119.972 494
-6.4525 119.729 493
-7.29294 119.729 493
-8.11688 119.486 492
-8.95562 119.486 492
-9.79436 119.486 492
-10.6115 119.244 491
-11.4252 119.001 490
-12.2605 119.001 490
-21.893 112.686 464
-22.684 112.686 464
-23.475 112.686 464
-24.266 112.686 464
-25.057 112.686 464
-25.7923 112.444 463
-26.5816 112.444 463
-27.2527 111.958 461
-28.0386 111.958 461
-28.7619 111.715 460
-29.4819 111.472 459
-30.2644 111.472 459
-31.0468 111.472 459
-31.76 111.229 458
-32.4697 110.986 457
-33.176 110.744 456
-33.9534 110.744 456
-34.7307 110.744 456
-35.4302 110.501 455
-36.1263 110.258 454
-70.9053 107.829 444
-71.6622 107.829 444
-72.4191 107.829 444
-73.5056 108.315 446
-74.2659 108.315 446
-75.0262 108.315 446
-75.9565 108.558 447
-76.7185 108.558 447
-77.4805 108.558 447
-78.2426 108.558 447
-78.8278 108.315 446
-79.7666 108.558 447
-80.5286 108.558 447
-81.4725 108.801 448
-82.4198 109.044 449
-83.1852 109.044 449
-83.9507 109.044 449
-84.9048 109.286 450
-86.0527 109.772 452
-86.8232 109.772 452
-88.1751 110.501 455
-89.5373 111.229 458
-90.7125 111.715 460
-91.4966 111.715 460
-92.4814 111.958 461
-93.2673 111.958 461
-94.0532 111.958 461
-94.6334 111.715 460
-95.625 111.958 461
-96.62 112.201 462
-97.4076 112.201 462
-98.4077 112.444 463
-99.197 112.444 463
-99.9863 112.444 463
-100.776 112.444 463
-101.784 112.686 464
-102.575 112.686 464
-103.366 112.686 464
-104.157 112.686 464
-105.174 112.929 465
-105.967 112.929 465
-106.76 112.929 465
-107.553 112.929 465
-108.578 113.172 466
-109.373 113.172 466
-110.167 113.172 466
-110.962 113.172 466
-111.516 112.929 465
-112.55 113.172 466
-113.345 113.172 466
-114.139 113.172 466
-114.687 112.929 465
-115.48 112.929 465
-116.272 112.929 465
-720.624 509.032 2096
-726.962 510.975 2104
-730.548 510.975 2104
-737.624 513.403 2114
-742.28 514.132 2117
-751.526 518.018 2133
-755.163 518.018 2133
-759.866 518.746 2136
-763.507 518.746 2136
-768.226 519.475 2139
-771.873 519.475 2139
-776.607 520.203 2142
-780.987 520.689 2144
-787.936 522.875 2153
-791.606 522.875 2153
-798.231 524.818 2161
-801.915 524.818 2161
-806.718 525.546 2164
-810.407 525.546 2164
-815.977 526.761 2169
-820.808 527.489 2172
-825.65 528.218 2175
-829.357 528.218 2175
-833.065 528.218 2175
-835.619 527.489 2172
-839.322 527.489 2172
-843.024 527.489 2172
-845.557 526.761 2169
-848.472 526.275 2167
-852.166 526.275 2167
-855.86 526.275 2167
-855.985 524.089 2158
-857.672 522.875 2153
-861.342 522.875 2153
-865.012 522.875 2153
-865.051 520.689 2144
-867.896 520.203 2142
-871.548 520.203 2142
-875.199 520.203 2142
-880.902 521.418 2147
-884.562 521.418 2147
-888.222 521.418 2147
-891.882 521.418 2147
-888.869 517.532 2131
-888.732 515.346 2122
-892.35 515.346 2122
-893.856 514.132 2117
-897.465 514.132 2117
-901.074 514.132 2117
-904.683 514.132 2117
-908.292 514.132 2117
-907.163 511.46 2106
-910.753 511.46 2106
-914.343 511.46 2106
-917.061 510.975 2104
-920.648 510.975 2104
-922.917 510.246 2101
-926.499 510.246 2101
-927.867 509.032 2096
-931.44 509.032 2096
-925.645 503.932 2075
-929.183 503.932 2075
-929.124 501.989 2067
-928.136 499.56 2057
-923.49 495.189 2039
-926.966 495.189 2039
-927.248 493.489 2032
-921.551 488.632 2012
-924.981 488.632 2012
-928.411 488.632 2012
-930.915 488.146 2010
-932.017 486.932 2005
-929.836 484.017 1993
-933.234 484.017 1993
-935.692 483.532 1991
-936.727 482.317 1986
-937.746 481.103 1981
-941.123 481.103 1981
-942.593 480.132 1977
-944.528 479.403 1974
-946.933 478.917 1972
-950.295 478.917 1972
-952.689 478.432 1970
-954.592 477.703 1967
-955.997 476.732 1963
-959.343 476.732 1963
-961.219 476.003 1960
-961.115 474.303 1953
-963.457 473.817 1951
-966.783 473.817 1951
-969.114 473.332 1949
-971.439 472.846 1947
-972.255 471.632 1942
-975.565 471.632 1942
-974.339 469.446 1933
-977.635 469.446 1933
-976.363 467.26 1924
-979.643 467.26 1924
-982.923 467.26 1924
-986.203 467.26 1924
-984.854 465.074 1915
-3.93118 118.888 493
-4.77162 118.888 493
-5.61206 118.888 493
-6.4525 118.888 493
-7.29294 118.888 493
-8.11688 118.647 492
-8.95562 118.647 492
-9.77445 118.406 491
-10.6115 118.406 491
-11.4252 118.165 490
-12.2605 118.165 490
-21.893 111.895 464
-22.684 111.895 464
-23.475 111.895 464
-24.266 111.895 464
-25.057 111.895 464
-25.7923 111.654 463
-26.5816 111.654 463
-27.2527 111.171 461
-28.0386 111.171 461
-28.7619 110.93 460
-29.4819 110.689 459
-30.2644 110.689 459
-31.0468 110.689 459
-31.76 110.448 458
-32.4697 110.207 457
-33.2488 110.207 457
-34.0278 110.207 457
-34.7307 109.966 456
-35.4302 109.724 455
-36.2059 109.724 455
-70.9053 107.072 444
-71.6622 107.072 444
-72.4191 107.072 444
-73.5056 107.554 446
-74.2659 107.554 446
-75.0262 107.554 446
-75.9565 107.795 447
-76.7185 107.795 447
-77.4805 107.795 447
-78.0675 107.554 446
-78.8278 107.554 446
-79.7666 107.795 447
-80.5286 107.795 447
-81.4725 108.036 448
-82.4198 108.278 449
-83.1852 108.278 449
-83.9507 108.278 449
-84.9048 108.519 450
-86.0527 109.001 452
-86.8232 109.001 452
-88.7565 110.448 458
-90.1238 111.171 461
-90.9097 111.171 461
-91.8945 111.413 462
-92.682 111.413 462
-93.4696 111.413 462
-94.2572 111.413 462
-94.8391 111.171 461
-96.0398 111.654 463
-96.8291 111.654 463
-97.6184 111.654 463
-98.4077 111.654 463
-99.197 111.654 463
-100.202 111.895 464
-100.993 111.895 464
-101.784 111.895 464
-102.575 111.895 464
-103.366 111.895 464
-104.157 111.895 464
-105.174 112.136 465
-106.195 112.377 466
-106.99 112.377 466
-107.784 112.377 466
-108.578 112.377 466
-109.607 112.618 467
-110.404 112.618 467
-111.2 112.618 467
-113.102 112.136 465
-113.894 112.136 465
-114.687 112.136 465
-115.48 112.136 465
-116.272 112.136 465
-720.624 505.456 2096
-725.925 506.662 2101
-729.507 506.662 2101
-737.624 509.797 2114
-742.28 510.52 2117
-751.526 514.379 2133
-755.163 514.379 2133
-759.866 515.102 2136
-763.507 515.102 2136
-768.226 515.825 2139
-771.873 515.825 2139
-776.607 516.549 2142
-780.987 517.031 2144
-787.936 519.202 2153
-791.606 519.202 2153
-798.231 521.131 2161
-801.915 521.131 2161
-806.718 521.854 2164
-810.407 521.854 2164
-815.977 523.06 2169
-821.942 524.507 2175
-826.788 525.23 2178
-830.501 525.23 2178
-834.214 525.23 2178
-836.773 524.507 2175
-840.481 524.507 2175
-844.189 524.507 2175
-846.727 523.783 2172
-849.255 523.06 2169
-852.953 523.06 2169
-855.86 522.578 2167
-855.985 520.407 2158
-857.672 519.202 2153
-861.342 519.202 2153
-865.012 519.202 2153
-865.051 517.031 2144
-867.896 516.549 2142
-873.582 517.755 2147
-877.242 517.755 2147
-880.902 517.755 2147
-884.562 517.755 2147
-888.222 517.755 2147
-891.882 517.755 2147
-888.869 513.896 2131
-888.732 511.726 2122
-892.35 511.726 2122
-895.123 511.243 2120
-895.345 509.314 2112
-898.946 509.314 2112
-902.546 509.314 2112
-906.147 509.314 2112
-907.163 507.867 2106
-910.753 507.867 2106
-914.343 507.867 2106
-917.061 507.385 2104
-919.336 506.662 2101
-922.917 506.662 2101
-926.499 506.662 2101
-928.752 505.938 2098
-931.44 505.456 2096
-925.645 500.392 2075
-929.183 500.392 2075
-928.225 497.98 2065
-927.233 495.569 2055
-923.49 491.71 2039
-926.966 491.71 2039
-924.053 488.334 2025
-920.635 484.717 2010
-924.062 484.717 2010
-927.488 484.717 2010
-928.599 483.511 2005
-929.693 482.305 2000
-929.836 480.617 1993
-933.234 480.617 1993
-933.342 478.929 1986
-934.369 477.723 1981
-935.853 476.759 1977
-939.223 476.759 1977
-941.163 476.035 1974
-943.571 475.553 1972
-944.532 474.347 1967
-947.885 474.347 1967
-951.238 474.347 1967
-952.651 473.383 1963
-955.997 473.383 1963
-959.343 473.383 1963
-960.238 472.177 1958
-960.131 470.489 1951
-962.469 470.006 1949
-965.792 470.006 1949
-968.12 469.524 1947
-971.439 469.524 1947
-972.255 468.318 1942
-975.565 468.318 1942
-974.339 466.148 1933
-976.623 465.666 1931
-976.363 463.978 1924
-979.643 463.978 1924
-982.923 463.978 1924
-985.177 463.495 1922
-984.854 461.807 1915
-3.93118 118.047 493
-4.77162 118.047 493
-5.61206 118.047 493
-6.4525 118.047 493
-7.29294 118.047 493
-8.11688 117.808 492
-8.93742 117.568 491
-9.77445 117.568 491
-10.6115 117.568 491
-11.4252 117.329 490
-12.2605 117.329 490
-21.8458 110.864 463
-22.6351 110.864 463
-23.4244 110.864 463
-24.2137 110.864 463
-25.003 110.864 463
-25.7923 110.864 463
-26.5242 110.624 462
-27.2527 110.385 461
-28.0386 110.385 461
-28.7619 110.145 460
-29.4819 109.906 459
-30.2644 109.906 459
-31.0468 109.906 459
-31.8293 109.906 459
-32.4697 109.427 457
-33.2488 109.427 457
-34.0278 109.427 457
-34.7307 109.188 456
-35.4302 108.948 455
-36.2059 108.948 455
-71.6622 106.314 444
-72.4191 106.314 444
-73.3408 106.554 445
-74.0994 106.554 445
-74.858 106.554 445
-75.7866 106.793 446
-76.5469 106.793 446
-77.3072 106.793 446
-78.0675 106.793 446
-79.0046 107.033 447
-79.9451 107.272 448
-80.7088 107.272 448
-81.6544 107.511 449
-82.7869 107.99 451
-83.5558 107.99 451
-84.3246 107.99 451
-85.2821 108.23 452
-86.8142 109.188 456
-87.5916 109.188 456
-88.7565 109.666 458
-90.1238 110.385 461
-90.9097 110.385 461
-91.8945 110.624 462
-92.682 110.624 462
-93.4696 110.624 462
-94.2572 110.624 462
-94.8391 110.385 461
-96.0398 110.864 463
-96.8291 110.864 463
-97.6184 110.864 463
-98.4077 110.864 463
-99.197 110.864 463
-100.202 111.103 464
-100.993 111.103 464
-101.784 111.103 464
-102.575 111.103 464
-103.366 111.103 464
-104.157 111.103 464
-105.174 111.343 465
-106.195 111.582 466
-106.99 111.582 466
-107.784 111.582 466
-108.578 111.582 466
-109.607 111.822 467
-110.404 111.822 467
-111.2 111.822 467
-113.102 111.343 465
-113.894 111.343 465
-114.687 111.343 465
-115.48 111.343 465
-116.272 111.343 465
-719.593 501.162 2093
-724.197 501.88 2096
-727.771 501.88 2096
-737.624 506.19 2114
-742.28 506.908 2117
-751.526 510.739 2133
-755.163 510.739 2133
-759.866 511.458 2136
-763.507 511.458 2136
-768.226 512.176 2139
-771.873 512.176 2139
-776.607 512.894 2142
-780.987 513.373 2144
-787.936 515.528 2153
-791.606 515.528 2153
-798.231 517.444 2161
-801.915 517.444 2161
-806.718 518.162 2164
-810.407 518.162 2164
-815.977 519.359 2169
-821.942 520.796 2175
-826.788 521.514 2178
-830.501 521.514 2178
-834.214 521.514 2178
-836.773 520.796 2175
-840.481 520.796 2175
-844.189 520.796 2175
-846.727 520.078 2172
-849.255 519.359 2169
-852.953 519.359 2169
-855.86 518.881 2167
-855.985 516.726 2158
-857.672 515.528 2153
-861.342 515.528 2153
-865.012 515.528 2153
-865.051 513.373 2144
-868.706 513.373 2144
-874.803 514.81 2150
-878.468 514.81 2150
-882.133 514.81 2150
-885.798 514.81 2150
-889.464 514.81 2150
-891.882 514.092 2147
-888.869 510.261 2131
-888.732 508.105 2122
-892.35 508.105 2122
-895.123 507.627 2120
-895.345 505.711 2112
-898.946 505.711 2112
-902.546 505.711 2112
-906.147 505.711 2112
-907.163 504.274 2106
-910.753 504.274 2106
-914.343 504.274 2106
-917.061 503.795 2104
-919.336 503.077 2101
-922.917 503.077 2101
-926.499 503.077 2101
-928.752 502.359 2098
-931.44 501.88 2096
-925.645 496.852 2075
-929.183 496.852 2075
-928.225 494.457 2065
-923.624 490.147 2047
-921.225 487.034 2034
-924.693 487.034 2034
-924.053 484.879 2025
-919.719 480.809 2008
-919.464 478.893 2000
-922.874 478.893 2000
-926.283 478.893 2000
-926.439 477.217 1993
-928.903 476.738 1991
-932.297 476.738 1991
-932.402 475.062 1984
-932.482 473.386 1977
-934.433 472.667 1974
-937.798 472.667 1974
-941.163 472.667 1974
-942.614 471.71 1970
-943.572 470.512 1965
-946.921 470.512 1965
-950.271 470.512 1965
-952.651 470.033 1963
-953.562 468.836 1958
-956.9 468.836 1958
-959.257 468.357 1956
-959.146 466.681 1949
-962.469 466.681 1949
-965.792 466.681 1949
-968.12 466.202 1947
-968.944 465.005 1942
-968.75 463.329 1935
-972.049 463.329 1935
-974.339 462.85 1933
-976.623 462.371 1931
-976.363 460.695 1924
-979.643 460.695 1924
-981.901 460.216 1922
-985.177 460.216 1922
-983.826 458.061 1913
-5.60068 116.968 492
-6.43941 116.968 492
-7.27815 116.968 492
-8.10039 116.731 491
-8.93742 116.731 491
-9.77445 116.731 491
-10.6115 116.731 491
-11.4252 116.493 490
-12.2605 116.493 490
-21.102 110.312 464
-21.893 110.312 464
-22.684 110.312 464
-23.4244 110.074 463
-24.2137 110.074 463
-25.003 110.074 463
-25.7923 110.074 463
-26.5816 110.074 463
-27.3118 109.836 462
-28.0994 109.836 462
-28.8245 109.598 461
-29.5461 109.361 460
-30.2644 109.123 459
-31.0468 109.123 459
-31.8293 109.123 459
-32.4697 108.647 457
-33.2488 108.647 457
-34.0278 108.647 457
-34.7307 108.41 456
-35.4302 108.172 455
-36.2059 108.172 455
-71.6622 105.557 444
-72.4191 105.557 444
-73.3408 105.794 445
-74.0994 105.794 445
-74.858 105.794 445
-75.7866 106.032 446
-76.7185 106.27 447
-77.4805 106.27 447
-78.2426 106.27 447
-79.8883 107.459 452
-80.6588 107.459 452
-81.4294 107.459 452
-82.3818 107.696 453
-83.7047 108.41 456
-84.4821 108.41 456
-85.2595 108.41 456
-86.2255 108.647 457
-87.195 108.885 458
-87.9757 108.885 458
-89.1441 109.361 460
-90.3193 109.836 462
-91.1069 109.836 462
-91.8945 109.836 462
-92.682 109.836 462
-93.4696 109.836 462
-94.2572 109.836 462
-95.0448 109.836 462
-96.0398 110.074 463
-96.8291 110.074 463
-97.6184 110.074 463
-98.4077 110.074 463
-99.197 110.074 463
-100.202 110.312 464
-100.993 110.312 464
-101.784 110.312 464
-102.575 110.312 464
-103.366 110.312 464
-104.157 110.312 464
-105.401 110.787 466
-106.195 110.787 466
-106.99 110.787 466
-107.784 110.787 466
-108.811 111.025 467
-109.607 111.025 467
-110.404 111.025 467
-111.2 111.025 467
-719.593 497.591 2093
-724.197 498.304 2096
-727.771 498.304 2096
-736.927 502.108 2112
-742.28 503.296 2117
-751.526 507.1 2133
-755.163 507.1 2133
-758.799 507.1 2133
-763.507 507.813 2136
-768.226 508.527 2139
-771.873 508.527 2139
-776.607 509.24 2142
-780.987 509.715 2144
-787.936 511.855 2153
-791.606 511.855 2153
-798.231 513.757 2161
-801.915 513.757 2161
-806.718 514.47 2164
-810.407 514.47 2164
-815.977 515.659 2169
-821.942 517.085 2175
-826.788 517.799 2178
-830.501 517.799 2178
-834.214 517.799 2178
-836.773 517.085 2175
-840.481 517.085 2175
-844.189 517.085 2175
-846.727 516.372 2172
-850.43 516.372 2172
-854.132 516.372 2172
-855.86 515.183 2167
-857.175 513.757 2161
-859.664 513.044 2158
-863.342 513.044 2158
-865.012 511.855 2153
-866.262 510.429 2147
-868.706 509.715 2144
-874.803 511.142 2150
-878.468 511.142 2150
-882.133 511.142 2150
-885.798 511.142 2150
-889.464 511.142 2150
-891.882 510.429 2147
-888.869 506.625 2131
-888.732 504.485 2122
-892.35 504.485 2122
-895.123 504.01 2120
-895.345 502.108 2112
-898.946 502.108 2112
-902.546 502.108 2112
-906.147 502.108 2112
-907.163 500.681 2106
-910.753 500.681 2106
-914.343 500.681 2106
-917.061 500.206 2104
-919.336 499.493 2101
-922.917 499.493 2101
-926.499 499.493 2101
-928.752 498.779 2098
-931.44 498.304 2096
-922.077 491.409 2067
-925.6 491.409 2067
-925.978 489.745 2060
-923.624 486.655 2047
-921.225 483.564 2034
-924.693 483.564 2034
-924.053 481.424 2025
-919.719 477.383 2008
-919.464 475.481 2000
-922.874 475.481 2000
-926.283 475.481 2000
-926.439 473.817 1993
-928.903 473.341 1991
-932.297 473.341 1991
-932.402 471.677 1984
-932.482 470.013 1977
-934.433 469.3 1974
-937.798 469.3 1974
-941.163 469.3 1974
-942.614 468.349 1970
-943.572 467.16 1965
-946.921 467.16 1965
-950.271 467.16 1965
-952.651 466.684 1963
-953.562 465.496 1958
-956.9 465.496 1958
-959.257 465.02 1956
-959.146 463.356 1949
-961.481 462.881 1947
-964.8 462.881 1947
-965.633 461.692 1942
-967.946 461.216 1940
-968.75 460.028 1935
-972.049 460.028 1935
-974.339 459.552 1933
-976.623 459.077 1931
-975.348 456.937 1922
-978.624 456.937 1922
-981.901 456.937 1922
-983.127 455.986 1918
-981.768 453.846 1909
-5.60068 116.129 492
-6.43941 116.129 492
-7.27815 116.129 492
-8.10039 115.893 491
-8.93742 115.893 491
-9.77445 115.893 491
-10.6115 115.893 491
-11.4252 115.657 490
-12.2605 115.657 490
-20.311 109.52 464
-21.102 109.52 464
-21.893 109.52 464
-22.684 109.52 464
-23.475 109.52 464
-24.266 109.52 464
-25.057 109.52 464
-25.7923 109.284 463
-26.5816 109.284 463
-27.3118 109.048 462
-28.0994 109.048 462
-28.8245 108.812 461
-29.5461 108.576 460
-30.2644 108.34 459
-31.0468 108.34 459
-31.8293 108.34 459
-32.4697 107.868 457
-33.2488 107.868 457
-34.0278 107.868 457
-34.7307 107.632 456
-35.4302 107.396 455
-36.2059 107.396 455
-71.6622 104.799 444
-72.4191 104.799 444
-73.3408 105.035 445
-74.0994 105.035 445
-74.858 105.035 445
-75.7866 105.271 446
-76.7185 105.507 447
-77.4805 105.507 447
-78.2426 105.507 447
-79.8883 106.688 452
-80.6588 106.688 452
-81.6095 106.924 453
-82.7455 107.396 455
-83.7047 107.632 456
-84.4821 107.632 456
-85.4464 107.868 457
-86.2255 107.868 457
-87.5757 108.576 460
-88.3599 108.576 460
-89.5317 109.048 462
-90.5148 109.284 463
-91.3041 109.284 463
-92.0934 109.284 463
-92.8827 109.284 463
-93.672 109.284 463
-94.4613 109.284 463
-95.0448 109.048 462
-96.2473 109.52 464
-97.0383 109.52 464
-97.8293 109.52 464
-98.6203 109.52 464
-99.4113 109.52 464
-100.202 109.52 464
-100.993 109.52 464
-101.784 109.52 464
-102.575 109.52 464
-103.589 109.756 465
-104.382 109.756 465
-105.401 109.992 466
-106.423 110.228 467
-107.219 110.228 467
-108.015 110.228 467
-108.811 110.228 467
-109.607 110.228 467
-110.404 110.228 467
-719.593 494.02 2093
-724.197 494.728 2096
-727.771 494.728 2096
-736.927 498.504 2112
-742.28 499.685 2117
-751.526 503.461 2133
-755.163 503.461 2133
-758.799 503.461 2133
-763.507 504.169 2136
-768.226 504.877 2139
-771.873 504.877 2139
-775.519 504.877 2139
-780.258 505.585 2142
-785.74 506.766 2147
-789.4 506.766 2147
-795.276 508.182 2153
-801.915 510.07 2161
-805.599 510.07 2161
-809.283 510.07 2161
-815.977 511.958 2169
-821.942 513.375 2175
-825.65 513.375 2175
-829.357 513.375 2175
-833.065 513.375 2175
-834.465 511.958 2169
-839.322 512.667 2172
-843.024 512.667 2172
-846.727 512.667 2172
-850.43 512.667 2172
-854.132 512.667 2172
-855.86 511.486 2167
-858.365 510.778 2164
-860.859 510.07 2161
-864.543 510.07 2161
-865.816 508.654 2155
-866.262 506.766 2147
-868.706 506.058 2144
-874.803 507.474 2150
-878.468 507.474 2150
-882.133 507.474 2150
-885.798 507.474 2150
-889.464 507.474 2150
-893.129 507.474 2150
-889.703 503.461 2133
-888.732 500.865 2122
-892.35 500.865 2122
-895.123 500.393 2120
-895.345 498.504 2112
-898.946 498.504 2112
-902.546 498.504 2112
-906.147 498.504 2112
-909.747 498.504 2112
-913.347 498.504 2112
-916.948 498.504 2112
-919.241 497.796 2109
-919.336 495.908 2101
-922.917 495.908 2101
-926.499 495.908 2101
-930.081 495.908 2101
-929.218 493.548 2091
-921.184 487.411 2065
-924.705 487.411 2065
-923.73 485.051 2055
-922.27 482.454 2044
-919.414 479.15 2030
-922.874 479.15 2030
-921.772 476.789 2020
-916.055 472.069 2000
-919.464 472.069 2000
-922.874 472.069 2000
-925.357 471.597 1998
-926.439 470.416 1993
-925.637 468.292 1984
-929.02 468.292 1984
-930.992 467.584 1981
-931.068 465.932 1974
-934.433 465.932 1974
-937.798 465.932 1974
-939.256 464.988 1970
-942.614 464.988 1970
-943.572 463.807 1965
-946.921 463.807 1965
-949.304 463.335 1963
-951.195 462.627 1960
-953.562 462.155 1958
-956.9 462.155 1958
-959.257 461.683 1956
-959.146 460.031 1949
-961.481 459.559 1947
-964.8 459.559 1947
-965.633 458.379 1942
-967.946 457.907 1940
-968.75 456.726 1935
-972.049 456.726 1935
-974.339 456.254 1933
-976.623 455.782 1931
-975.348 453.658 1922
-978.624 453.658 1922
-981.901 453.658 1922
-983.127 452.714 1918
-981.768 450.589 1909
-5.58929 115.055 491
-6.42632 115.055 491
-7.26336 115.055 491
-8.10039 115.055 491
-8.93742 115.055 491
-9.77445 115.055 491
-10.6115 115.055 491
-11.4252 114.821 490
-12.2605 114.821 490
-13.0691 114.586 489
-13.9027 114.586 489
-20.3548 108.963 465
-21.1475 108.963 465
-21.9402 108.963 465
-22.684 108.728 464
-23.475 108.728 464
-24.266 108.728 464
-25.057 108.728 464
-25.7923 108.494 463
-26.5816 108.494 463
-27.3118 108.26 462
-28.0994 108.26 462
-28.8245 108.025 461
-29.5461 107.791 460
-30.2644 107.557 459
-31.0468 107.557 459
-31.8293 107.557 459
-32.4697 107.088 457
-33.2488 107.088 457
-34.0278 107.088 457
-34.7307 106.854 456
-35.5081 106.854 456
-36.2059 106.619 455
-36.9816 106.619 455
-72.4191 104.042 444
-73.3408 104.276 445
-74.0994 104.276 445
-74.858 104.276 445
-75.7866 104.51 446
-76.7185 104.745 447
-77.4805 104.745 447
-78.2426 104.745 447
-79.8883 105.916 452
-80.6588 105.916 452
-81.6095 106.151 453
-82.7455 106.619 455
-83.7047 106.854 456
-84.4821 106.854 456
-85.4464 107.088 457
-86.2255 107.088 457
-87.5757 107.791 460
-88.3599 107.791 460
-89.5317 108.26 462
-90.5148 108.494 463
-91.3041 108.494 463
-92.0934 108.494 463
-92.8827 108.494 463
-93.672 108.494 463
-94.4613 108.494 463
-95.0448 108.26 462
-96.2473 108.728 464
-97.0383 108.728 464
-97.8293 108.728 464
-98.6203 108.728 464
-99.4113 108.728 464
-100.202 108.728 464
-100.993 108.728 464
-101.784 108.728 464
-102.575 108.728 464
-103.589 108.963 465
-104.382 108.963 465
-105.627 109.431 467
-106.423 109.431 467
-107.219 109.431 467
-108.015 109.431 467
-108.811 109.431 467
-109.607 109.431 467
-110.404 109.431 467
-718.905 489.98 2091
-724.197 491.152 2096
-727.771 491.152 2096
-734.833 493.495 2106
-741.228 495.37 2114
-748.708 497.947 2125
-752.33 497.947 2125
-758.087 499.353 2131
-762.435 499.822 2133
-767.149 500.525 2136
-770.79 500.525 2136
-775.519 501.228 2139
-780.258 501.931 2142
-785.74 503.103 2147
-789.4 503.103 2147
-795.276 504.509 2153
-801.915 506.383 2161
-807.836 507.789 2167
-811.53 507.789 2167
-820.491 511.07 2181
-824.209 511.07 2181
-827.927 511.07 2181
-829.357 509.664 2175
-833.065 509.664 2175
-835.619 508.961 2172
-839.322 508.961 2172
-843.024 508.961 2172
-846.727 508.961 2172
-850.43 508.961 2172
-854.132 508.961 2172
-857.835 508.961 2172
-859.555 507.789 2167
-863.249 507.789 2167
-865.743 507.086 2164
-869.432 507.086 2164
-870.7 505.68 2158
-873.163 504.977 2155
-876.837 504.977 2155
-879.694 504.509 2153
-885.415 505.68 2158
-889.094 505.68 2158
-892.773 505.68 2158
-896.452 505.68 2158
-893.457 501.931 2142
-897.109 501.931 2142
-891.509 496.776 2120
-893.856 496.073 2117
-897.465 496.073 2117
-901.074 496.073 2117
-904.683 496.073 2117
-908.292 496.073 2117
-911.901 496.073 2117
-913.347 494.901 2112
-916.948 494.901 2112
-920.548 494.901 2112
-924.149 494.901 2112
-922.917 492.324 2101
-926.499 492.324 2101
-930.081 492.324 2101
-927.885 489.277 2088
-919.846 483.185 2062
-923.361 483.185 2062
-920.134 479.67 2047
-917.758 476.624 2034
-917.149 474.515 2025
-920.601 474.515 2025
-912.645 468.656 2000
-915.139 468.188 1998
-918.545 468.188 1998
-921.951 468.188 1998
-923.041 467.016 1993
-922.255 464.907 1984
-924.238 464.204 1981
-927.615 464.204 1981
-929.112 463.267 1977
-931.068 462.564 1974
-932.539 461.627 1970
-935.897 461.627 1970
-939.256 461.627 1970
-940.222 460.455 1965
-942.611 459.986 1963
-945.958 459.986 1963
-949.304 459.986 1963
-950.224 458.815 1958
-952.588 458.346 1956
-955.922 458.346 1956
-956.805 457.174 1951
-958.162 456.237 1947
-960 455.534 1944
-963.314 455.534 1944
-964.639 454.597 1940
-966.948 454.128 1938
-968.75 453.425 1935
-972.049 453.425 1935
-973.331 452.488 1931
-975.612 452.019 1929
-974.333 449.91 1920
-977.606 449.91 1920
-980.879 449.91 1920
-981.589 448.738 1915
-980.74 446.864 1907
-5.58929 114.217 491
-6.42632 114.217 491
-7.26336 114.217 491
-8.10039 114.217 491
-8.91922 113.985 490
-9.75454 113.985 490
-10.5899 113.985 490
-11.4252 113.985 490
-12.2605 113.985 490
-13.0691 113.752 489
-13.9027 113.752 489
-20.3548 108.169 465
-21.1475 108.169 465
-21.9402 108.169 465
-22.684 107.937 464
-23.475 107.937 464
-24.266 107.937 464
-25.057 107.937 464
-25.7923 107.704 463
-26.5816 107.704 463
-27.3118 107.471 462
-28.0994 107.471 462
-28.8245 107.239 461
-29.5461 107.006 460
-30.2644 106.774 459
-31.0468 106.774 459
-31.8293 106.774 459
-32.5407 106.541 458
-33.2488 106.308 457
-34.0278 106.308 457
-34.7307 106.076 456
-35.5081 106.076 456
-36.2855 106.076 456
-37.0628 106.076 456
-72.4191 103.284 444
-73.3408 103.517 445
-74.0994 103.517 445
-74.858 103.517 445
-75.7866 103.749 446
-76.5469 103.749 446
-77.3072 103.749 446
-79.1178 105.145 452
-80.065 105.378 453
-80.8373 105.378 453
-81.6095 105.378 453
-82.7455 105.843 455
-83.8883 106.308 457
-84.6674 106.308 457
-85.4464 106.308 457
-86.2255 106.308 457
-87.5757 107.006 460
-88.552 107.239 461
-89.5317 107.471 462
-90.5148 107.704 463
-91.3041 107.704 463
-92.0934 107.704 463
-92.8827 107.704 463
-93.672 107.704 463
-94.4613 107.704 463
-95.0448 107.471 462
-96.2473 107.937 464
-97.0383 107.937 464
-97.8293 107.937 464
-98.6203 107.937 464
-99.4113 107.937 464
-100.202 107.937 464
-100.993 107.937 464
-101.784 107.937 464
-102.575 107.937 464
-103.589 108.169 465
-104.382 108.169 465
-105.627 108.635 467
-106.423 108.635 467
-107.219 108.635 467
-108.015 108.635 467
-108.811 108.635 467
-109.373 108.402 466
-110.167 108.402 466
-723.161 486.878 2093
-726.729 486.878 2093
-734.135 489.437 2104
-739.475 490.6 2109
-746.946 493.159 2120
-750.56 493.159 2120
-755.953 494.322 2125
-760.648 495.02 2128
-765.353 495.718 2131
-768.986 495.718 2131
-774.431 496.881 2136
-780.258 498.277 2142
-784.642 498.742 2144
-788.297 498.742 2144
-795.276 500.835 2153
-800.802 501.998 2158
-807.836 504.092 2167
-811.53 504.092 2167
-820.491 507.349 2181
-824.209 507.349 2181
-827.927 507.349 2181
-829.357 505.953 2175
-830.767 504.557 2169
-835.619 505.255 2172
-839.322 505.255 2172
-843.024 505.255 2172
-846.727 505.255 2172
-850.43 505.255 2172
-854.132 505.255 2172
-857.835 505.255 2172
-859.555 504.092 2167
-863.249 504.092 2167
-865.743 503.394 2164
-869.432 503.394 2164
-870.7 501.998 2158
-878.836 504.557 2169
-882.534 504.557 2169
-888.683 505.953 2175
-892.39 505.953 2175
-896.098 505.953 2175
-899.806 505.953 2175
-896.452 501.998 2158
-898.045 500.835 2153
-901.716 500.835 2153
-900.76 498.277 2142
-897.234 494.322 2125
-900.857 494.322 2125
-904.479 494.322 2125
-908.102 494.322 2125
-908.292 492.461 2117
-911.901 492.461 2117
-915.51 492.461 2117
-916.948 491.298 2112
-920.548 491.298 2112
-924.149 491.298 2112
-927.749 491.298 2112
-926.499 488.739 2101
-930.081 488.739 2101
-927.885 485.715 2088
-919.846 479.667 2062
-923.361 479.667 2062
-921.033 476.643 2049
-917.758 473.153 2034
-912.62 468.734 2015
-916.055 468.734 2015
-911.733 464.779 1998
-909.642 461.987 1986
-909.81 460.359 1979
-913.184 460.359 1979
-916.557 460.359 1979
-917.607 459.196 1974
-917.706 457.568 1967
-921.059 457.568 1967
-924.413 457.568 1967
-927.766 457.568 1967
-930.172 457.102 1965
-933.522 457.102 1965
-936.872 457.102 1965
-939.265 456.637 1963
-940.21 455.474 1958
-943.548 455.474 1958
-946.886 455.474 1958
-949.253 455.009 1956
-951.127 454.311 1953
-954.456 454.311 1953
-956.805 453.846 1951
-958.162 452.915 1947
-960 452.217 1944
-963.314 452.217 1944
-965.633 451.752 1942
-967.946 451.287 1940
-968.75 450.124 1935
-972.049 450.124 1935
-974.339 449.658 1933
-975.612 448.728 1929
-975.348 447.1 1922
-978.624 447.1 1922
-978.325 445.471 1915
-979.539 444.541 1911
-978.168 442.447 1902
-6.41324 113.149 490
-7.24856 113.149 490
-8.08389 113.149 490
-8.91922 113.149 490
-9.75454 113.149 490
-10.5899 113.149 490
-11.4252 113.149 490
-12.2355 112.918 489
-13.0691 112.918 489
-13.9027 112.918 489
-19.7303 108.3 469
-20.5299 108.3 469
-21.3294 108.3 469
-22.0346 107.838 467
-22.7329 107.376 465
-23.5256 107.376 465
-24.266 107.145 464
-25.057 107.145 464
-25.7923 106.914 463
-26.5816 106.914 463
-27.3118 106.683 462
-28.0994 106.683 462
-28.8245 106.452 461
-29.5461 106.221 460
-30.2644 105.99 459
-31.0468 105.99 459
-31.8293 105.99 459
-32.5407 105.76 458
-33.2488 105.529 457
-34.0278 105.529 457
-34.7307 105.298 456
-35.5081 105.298 456
-36.2855 105.298 456
-37.0628 105.298 456
-78.3472 104.374 452
-79.2928 104.605 453
-80.065 104.605 453
-80.8373 104.605 453
-81.9699 105.067 455
-82.7455 105.067 455
-83.8883 105.529 457
-84.6674 105.529 457
-85.4464 105.529 457
-86.6029 105.99 459
-87.3853 105.99 459
-88.7441 106.683 462
-89.7255 106.914 463
-90.5148 106.914 463
-91.3041 106.914 463
-92.0934 106.914 463
-92.8827 106.914 463
-93.672 106.914 463
-94.4613 106.914 463
-95.0448 106.683 462
-96.2473 107.145 464
-97.0383 107.145 464
-97.8293 107.145 464
-98.6203 107.145 464
-99.4113 107.145 464
-100.202 107.145 464
-100.993 107.145 464
-101.784 107.145 464
-102.575 107.145 464
-103.589 107.376 465
-104.382 107.376 465
-105.627 107.838 467
-106.423 107.838 467
-107.219 107.838 467
-108.015 107.838 467
-108.578 107.607 466
-732.042 484.462 2098
-738.423 486.309 2106
-744.832 488.156 2114
-748.436 488.156 2114
-754.174 489.542 2120
-759.575 490.696 2125
-764.276 491.389 2128
-767.903 491.389 2128
-772.619 492.082 2131
-780.258 494.622 2142
-784.642 495.084 2144
-788.297 495.084 2144
-797.123 498.317 2158
-804.142 500.395 2167
-807.836 500.395 2167
-816.773 503.628 2181
-820.491 503.628 2181
-824.209 503.628 2181
-827.927 503.628 2181
-831.645 503.628 2181
-831.916 501.55 2172
-836.773 502.242 2175
-840.481 502.242 2175
-847.682 504.32 2184
-851.405 504.32 2184
-855.128 504.32 2184
-856.492 502.935 2178
-859.02 502.242 2175
-862.728 502.242 2175
-868.826 503.628 2181
-872.544 503.628 2181
-876.262 503.628 2181
-875.138 500.857 2169
-878.836 500.857 2169
-882.534 500.857 2169
-888.683 502.242 2175
-892.39 502.242 2175
-896.098 502.242 2175
-899.806 502.242 2175
-896.452 498.317 2158
-898.045 497.162 2153
-901.716 497.162 2153
-900.76 494.622 2142
-897.234 490.696 2125
-900.857 490.696 2125
-904.479 490.696 2125
-908.102 490.696 2125
-908.292 488.849 2117
-911.901 488.849 2117
-915.51 488.849 2117
-916.948 487.695 2112
-920.548 487.695 2112
-924.149 487.695 2112
-927.749 487.695 2112
-926.499 485.154 2101
-930.081 485.154 2101
-927.885 482.153 2088
-917.616 474.994 2057
-921.122 474.994 2057
-921.033 473.147 2049
-917.758 469.683 2034
-912.62 465.296 2015
-916.055 465.296 2015
-911.733 461.37 1998
-909.642 458.599 1986
-909.81 456.983 1979
-913.184 456.983 1979
-916.557 456.983 1979
-917.607 455.828 1974
-917.706 454.212 1967
-921.059 454.212 1967
-924.413 454.212 1967
-927.766 454.212 1967
-930.172 453.75 1965
-933.522 453.75 1965
-936.872 453.75 1965
-939.265 453.288 1963
-942.611 453.288 1963
-945.958 453.288 1963
-949.304 453.288 1963
-952.651 453.288 1963
-951.127 450.979 1953
-954.456 450.979 1953
-957.786 450.979 1953
-959.146 450.055 1949
-960 448.901 1944
-963.314 448.901 1944
-966.628 448.901 1944
-968.944 448.439 1942
-971.253 447.977 1940
-974.561 447.977 1940
-976.86 447.515 1938
-977.635 446.361 1933
-978.9 445.437 1929
-982.189 445.437 1929
-980.879 443.359 1920
-981.589 442.204 1915
-978.168 439.202 1902
-6.41324 112.313 490
-7.24856 112.313 490
-8.08389 112.313 490
-8.91922 112.313 490
-9.75454 112.313 490
-10.5899 112.313 490
-11.4019 112.084 489
-12.2105 111.854 488
-13.0424 111.854 488
-13.8743 111.854 488
-17.8122 110.479 482
-18.6339 110.479 482
-19.4555 110.479 482
-19.9407 108.645 474
-20.5736 107.729 470
-21.3749 107.729 470
-22.0817 107.27 468
-22.8307 107.041 467
-23.5256 106.583 465
-24.3183 106.583 465
-25.057 106.353 464
-25.848 106.353 464
-26.5816 106.124 463
-27.3118 105.895 462
-28.0994 105.895 462
-28.887 105.895 462
-29.6103 105.666 461
-30.3303 105.437 460
-31.1145 105.437 460
-31.8293 105.207 459
-32.5407 104.978 458
-33.2488 104.749 457
-34.0278 104.749 457
-34.7307 104.52 456
-35.5081 104.52 456
-36.2855 104.52 456
-37.0628 104.52 456
-78.5205 103.832 453
-79.2928 103.832 453
-80.4185 104.29 455
-81.1942 104.29 455
-81.9699 104.29 455
-83.1092 104.749 457
-83.8883 104.749 457
-85.2232 105.437 460
-86.0074 105.437 460
-86.9802 105.666 461
-87.7661 105.666 461
-88.7441 105.895 462
-89.7255 106.124 463
-90.5148 106.124 463
-91.3041 106.124 463
-92.0934 106.124 463
-92.8827 106.124 463
-93.672 106.124 463
-94.4613 106.124 463
-95.2505 106.124 463
-96.2473 106.353 464
-97.0383 106.353 464
-97.8293 106.353 464
-98.6203 106.353 464
-99.197 106.124 463
-100.202 106.353 464
-100.993 106.353 464
-101.784 106.353 464
-102.575 106.353 464
-103.589 106.583 465
-104.382 106.583 465
-105.401 106.812 466
-106.195 106.812 466
-106.99 106.812 466
-107.784 106.812 466
-108.578 106.812 466
-732.042 480.882 2098
-738.423 482.716 2106
-744.832 484.55 2114
-748.436 484.55 2114
-754.174 485.925 2120
-759.575 487.071 2125
-764.276 487.759 2128
-767.903 487.759 2128
-772.619 488.446 2131
-780.258 490.968 2142
-784.642 491.426 2144
-788.297 491.426 2144
-797.123 494.635 2158
-804.884 497.156 2169
-808.582 497.156 2169
-816.773 499.907 2181
-820.491 499.907 2181
-824.209 499.907 2181
-827.927 499.907 2181
-831.645 499.907 2181
-833.065 498.531 2175
-840.236 500.594 2184
-843.959 500.594 2184
-849.623 501.74 2189
-853.354 501.74 2189
-857.086 501.74 2189
-858.851 500.594 2184
-860.205 499.219 2178
-865.108 499.907 2181
-870.021 500.594 2184
-873.744 500.594 2184
-877.467 500.594 2184
-879.98 499.907 2181
-883.698 499.907 2181
-884.975 498.531 2175
-891.134 499.907 2181
-894.852 499.907 2181
-898.57 499.907 2181
-901.047 499.219 2178
-904.76 499.219 2178
-898.045 493.489 2153
-901.716 493.489 2153
-902.863 492.114 2147
-904.412 490.968 2142
-904.248 488.905 2133
-907.884 488.905 2133
-911.52 488.905 2133
-908.292 485.237 2117
-911.901 485.237 2117
-915.51 485.237 2117
-916.948 484.091 2112
-920.548 484.091 2112
-924.149 484.091 2112
-927.749 484.091 2112
-926.499 481.57 2101
-930.081 481.57 2101
-927.885 478.59 2088
-931.445 478.59 2088
-932.765 477.444 2083
-924.629 471.485 2057
-917.758 466.213 2034
-905.826 458.42 2000
-909.236 458.42 2000
-909.451 456.815 1993
-907.352 454.065 1981
-909.81 453.606 1979
-913.184 453.606 1979
-914.242 452.46 1974
-915.747 451.543 1970
-917.706 450.856 1967
-921.059 450.856 1967
-923.473 450.397 1965
-925.879 449.939 1963
-929.226 449.939 1963
-932.572 449.939 1963
-935.918 449.939 1963
-937.829 449.251 1960
-942.611 449.939 1963
-945.958 449.939 1963
-949.304 449.939 1963
-952.651 449.939 1963
-951.127 447.647 1953
-954.456 447.647 1953
-957.786 447.647 1953
-959.146 446.73 1949
-960 445.584 1944
-963.314 445.584 1944
-966.628 445.584 1944
-969.942 445.584 1944
-972.255 445.126 1942
-975.565 445.126 1942
-978.876 445.126 1942
-980.164 444.209 1938
-979.915 442.604 1931
-983.207 442.604 1931
-981.901 440.541 1922
-983.127 439.625 1918
-979.197 436.416 1904
-6.41324 111.477 490
-7.24856 111.477 490
-8.08389 111.477 490
-8.91922 111.477 490
-9.73463 111.249 489
-10.5683 111.249 489
-11.4019 111.249 489
-12.2105 111.022 488
-13.0424 111.022 488
-13.8743 111.022 488
-16.9905 109.657 482
-17.8122 109.657 482
-18.6339 109.657 482
-19.4555 109.657 482
-20.0248 108.292 476
-20.8363 108.292 476
-21.3749 106.927 470
-22.0817 106.472 468
-22.8307 106.244 467
-23.5762 106.017 466
-24.3706 106.017 466
-25.111 105.789 465
-25.848 105.562 464
-26.5816 105.334 463
-27.3118 105.107 462
-28.0994 105.107 462
-28.887 105.107 462
-29.6103 104.879 461
-30.3303 104.652 460
-31.1145 104.652 460
-31.8293 104.424 459
-32.5407 104.197 458
-33.2488 103.969 457
-34.0278 103.969 457
-34.7307 103.742 456
-35.5081 103.742 456
-36.2855 103.742 456
-37.0628 103.742 456
-78.5205 103.059 453
-79.2928 103.059 453
-80.4185 103.514 455
-81.1942 103.514 455
-81.9699 103.514 455
-83.1092 103.969 457
-83.8883 103.969 457
-85.2232 104.652 460
-86.0074 104.652 460
-86.9802 104.879 461
-87.7661 104.879 461
-88.7441 105.107 462
-89.7255 105.334 463
-90.7103 105.562 464
-91.5013 105.562 464
-92.2923 105.562 464
-93.0833 105.562 464
-93.8743 105.562 464
-94.6653 105.562 464
-95.2505 105.334 463
-96.2473 105.562 464
-97.0383 105.562 464
-97.8293 105.562 464
-98.6203 105.562 464
-99.197 105.334 463
-100.202 105.562 464
-100.993 105.562 464
-101.784 105.562 464
-102.575 105.562 464
-103.589 105.789 465
-104.382 105.789 465
-105.401 106.017 466
-106.195 106.017 466
-106.99 106.017 466
-107.784 106.017 466
-108.578 106.017 466
-735.618 477.303 2098
-743.07 479.805 2109
-746.666 479.805 2109
-754.174 482.308 2120
-757.788 482.308 2120
-764.276 484.128 2128
-767.903 484.128 2128
-772.619 484.811 2131
-780.258 487.313 2142
-784.642 487.768 2144
-788.297 487.768 2144
-797.123 490.953 2158
-804.884 493.456 2169
-808.582 493.456 2169
-816.773 496.186 2181
-820.491 496.186 2181
-824.209 496.186 2181
-827.927 496.186 2181
-831.645 496.186 2181
-834.214 495.503 2178
-841.005 497.323 2186
-844.732 497.323 2186
-849.623 498.006 2189
-853.354 498.006 2189
-857.086 498.006 2189
-858.851 496.868 2184
-860.205 495.503 2178
-865.108 496.186 2181
-870.021 496.868 2184
-873.744 496.868 2184
-877.467 496.868 2184
-879.98 496.186 2181
-883.698 496.186 2181
-884.975 494.821 2175
-891.134 496.186 2181
-894.852 496.186 2181
-898.57 496.186 2181
-901.047 495.503 2178
-904.76 495.503 2178
-898.045 489.816 2153
-901.716 489.816 2153
-904.124 489.133 2150
-907.79 489.133 2150
-904.248 485.266 2133
-907.884 485.266 2133
-911.52 485.266 2133
-924.326 475.028 2088
-927.885 475.028 2088
-931.445 475.028 2088
-932.765 473.89 2083
-924.629 467.975 2057
-917.758 462.743 2034
-899.486 451.823 1986
-902.871 451.823 1986
-906.257 451.823 1986
-907.352 450.685 1981
-906.592 448.637 1972
-909.954 448.637 1972
-913.315 448.637 1972
-914.353 447.5 1967
-917.706 447.5 1967
-921.059 447.5 1967
-922.533 446.59 1963
-925.879 446.59 1963
-929.226 446.59 1963
-932.572 446.59 1963
-935.918 446.59 1963
-939.265 446.59 1963
-942.611 446.59 1963
-945.958 446.59 1963
-949.304 446.59 1963
-952.651 446.59 1963
-952.588 444.997 1956
-955.922 444.997 1956
-957.786 444.315 1953
-960.131 443.86 1951
-961.481 442.95 1947
-964.8 442.95 1947
-966.628 442.267 1944
-969.942 442.267 1944
-972.255 441.812 1942
-975.565 441.812 1942
-978.876 441.812 1942
-980.164 440.902 1938
-979.915 439.31 1931
-983.207 439.31 1931
-981.901 437.262 1922
-983.127 436.352 1918
-979.197 433.167 1904
-6.37397 109.963 487
-7.21898 110.189 488
-8.05089 110.189 488
-8.88281 110.189 488
-9.71473 110.189 488
-10.5466 110.189 488
-11.3786 110.189 488
-12.1855 109.963 487
-12.9889 109.738 486
-16.9905 108.834 482
-17.8122 108.834 482
-18.6339 108.834 482
-19.4555 108.834 482
-20.0248 107.48 476
-20.8363 107.48 476
-21.3749 106.125 470
-22.0817 105.673 468
-22.8307 105.448 467
-23.5762 105.222 466
-24.3706 105.222 466
-25.111 104.996 465
-25.848 104.77 464
-26.5816 104.544 463
-27.3118 104.319 462
-28.0994 104.319 462
-28.887 104.319 462
-29.6103 104.093 461
-30.3303 103.867 460
-31.1145 103.867 460
-31.8987 103.867 460
-32.5407 103.415 458
-33.3215 103.415 458
-34.1023 103.415 458
-34.7307 102.964 456
-35.5081 102.964 456
-36.2855 102.964 456
-37.0628 102.964 456
-78.5205 102.286 453
-79.8179 102.964 456
-80.5953 102.964 456
-81.3726 102.964 456
-82.15 102.964 456
-84.0185 104.319 462
-84.8061 104.319 462
-85.5937 104.319 462
-86.3813 104.319 462
-87.1689 104.319 462
-87.9565 104.319 462
-88.7441 104.319 462
-89.7255 104.544 463
-90.7103 104.77 464
-91.5013 104.77 464
-92.2923 104.77 464
-93.0833 104.77 464
-93.8743 104.77 464
-94.6653 104.77 464
-95.2505 104.544 463
-96.2473 104.77 464
-97.0383 104.77 464
-97.8293 104.77 464
-98.6203 104.77 464
-99.197 104.544 463
-100.202 104.77 464
-100.993 104.77 464
-101.784 104.77 464
-102.575 104.77 464
-103.366 104.77 464
-104.157 104.77 464
-105.401 105.222 466
-106.195 105.222 466
-106.99 105.222 466
-107.784 105.222 466
-108.578 105.222 466
-797.123 487.271 2158
-804.884 489.755 2169
-808.582 489.755 2169
-816.773 492.465 2181
-820.491 492.465 2181
-824.209 492.465 2181
-827.927 492.465 2181
-829.357 491.11 2175
-834.214 491.787 2178
-841.005 493.594 2186
-844.732 493.594 2186
-849.623 494.271 2189
-853.354 494.271 2189
-857.086 494.271 2189
-858.851 493.142 2184
-860.205 491.787 2178
-865.108 492.465 2181
-870.021 493.142 2184
-873.744 493.142 2184
-877.467 493.142 2184
-879.98 492.465 2181
-883.698 492.465 2181
-884.975 491.11 2175
-891.134 492.465 2181
-894.852 492.465 2181
-898.57 492.465 2181
-901.047 491.787 2178
-904.76 491.787 2178
-898.045 486.142 2153
-901.716 486.142 2153
-904.124 485.465 2150
-907.79 485.465 2150
-904.248 481.626 2133
-907.884 481.626 2133
-911.52 481.626 2133
-924.326 471.466 2088
-927.885 471.466 2088
-931.445 471.466 2088
-932.765 470.337 2083
-924.629 464.466 2057
-939.265 443.241 1963
-942.611 443.241 1963
-945.958 443.241 1963
-949.304 443.241 1963
-952.651 443.241 1963
-952.588 441.66 1956
-955.922 441.66 1956
-957.786 440.983 1953
-960.131 440.531 1951
-961.481 439.628 1947
-964.8 439.628 1947
-966.628 438.951 1944
-969.942 438.951 1944
-972.255 438.499 1942
-975.565 438.499 1942
-978.876 438.499 1942
-980.164 437.596 1938
-979.915 436.015 1931
-983.207 436.015 1931
-981.901 433.983 1922
-983.127 433.08 1918
-979.197 429.919 1904
-6.37397 109.133 487
-7.20418 109.133 487
-8.0344 109.133 487
-8.86461 109.133 487
-9.69482 109.133 487
-10.525 109.133 487
-11.3552 109.133 487
-12.1604 108.909 486
-12.9622 108.684 485
-13.7322 108.236 483
-14.5555 108.236 483
-16.1688 108.012 482
-16.9905 108.012 482
-17.8122 108.012 482
-18.6339 108.012 482
-19.4555 108.012 482
-20.0248 106.668 476
-20.8363 106.668 476
-21.3749 105.323 470
-22.0817 104.875 468
-22.8307 104.651 467
-23.5762 104.427 466
-24.3706 104.427 466
-25.111 104.203 465
-25.848 103.978 464
-26.5816 103.754 463
-27.3118 103.53 462
-28.0994 103.53 462
-28.887 103.53 462
-29.6103 103.306 461
-30.3303 103.082 460
-31.1145 103.082 460
-31.8987 103.082 460
-32.5407 102.634 458
-33.3215 102.634 458
-34.1023 102.634 458
-34.7307 102.186 456
-35.5081 102.186 456
-79.8179 102.186 456
-80.5953 102.186 456
-81.3726 102.186 456
-82.3302 102.41 457
-84.3822 103.978 464
-85.1732 103.978 464
-85.9642 103.978 464
-86.7552 103.978 464
-87.5462 103.978 464
-88.1469 103.754 463
-88.9362 103.754 463
-89.9193 103.978 464
-90.7103 103.978 464
-91.5013 103.978 464
-92.2923 103.978 464
-93.0833 103.978 464
-93.8743 103.978 464
-94.6653 103.978 464
-95.4563 103.978 464
-96.2473 103.978 464
-97.0383 103.978 464
-97.8293 103.978 464
-98.6203 103.978 464
-99.197 103.754 463
-100.202 103.978 464
-100.993 103.978 464
-101.784 103.978 464
-102.575 103.978 464
-103.366 103.978 464
-104.157 103.978 464
-105.401 104.427 466
-106.195 104.427 466
-106.99 104.427 466
-107.784 104.427 466
-108.578 104.427 466
-819.362 488.071 2178
-823.075 488.071 2178
-826.788 488.071 2178
-827.07 486.055 2169
-834.214 488.071 2178
-841.005 489.864 2186
-844.732 489.864 2186
-849.623 490.536 2189
-853.354 490.536 2189
-857.086 490.536 2189
-858.851 489.416 2184
-859.02 487.399 2175
-862.728 487.399 2175
-868.826 488.744 2181
-872.544 488.744 2181
-876.262 488.744 2181
-888.683 487.399 2175
-892.39 487.399 2175
-896.098 487.399 2175
-899.806 487.399 2175
-901.022 486.055 2169
-896.794 481.797 2150
-900.459 481.797 2150
-904.124 481.797 2150
-907.79 481.797 2150
-939.265 439.892 1963
-942.611 439.892 1963
-945.958 439.892 1963
-949.304 439.892 1963
-952.651 439.892 1963
-952.588 438.323 1956
-955.922 438.323 1956
-957.786 437.651 1953
-960.131 437.203 1951
-961.481 436.306 1947
-964.8 436.306 1947
-966.628 435.634 1944
-969.942 435.634 1944
-972.255 435.186 1942
-975.565 435.186 1942
-978.876 435.186 1942
-978.646 433.617 1935
-979.915 432.721 1931
-983.207 432.721 1931
-981.901 430.704 1922
-983.127 429.808 1918
-979.197 426.67 1904
-6.37397 108.302 487
-7.20418 108.302 487
-8.0344 108.302 487
-8.86461 108.302 487
-9.69482 108.302 487
-10.525 108.302 487
-11.3552 108.302 487
-12.1354 107.857 485
-12.9355 107.635 484
-13.7322 107.412 483
-14.5555 107.412 483
-15.3789 107.412 483
-16.1688 107.19 482
-16.9905 107.19 482
-17.8122 107.19 482
-18.6339 107.19 482
-19.4555 107.19 482
-19.9827 105.633 475
-20.7925 105.633 475
-21.4203 104.744 471
-22.1761 104.521 470
-22.8796 104.076 468
-23.5762 103.632 466
-24.3706 103.632 466
-25.111 103.409 465
-25.848 103.187 464
-26.5816 102.964 463
-27.3118 102.742 462
-28.0994 102.742 462
-28.887 102.742 462
-29.6746 102.742 462
-30.3962 102.52 461
-31.1821 102.52 461
-31.8987 102.297 460
-32.6118 102.075 459
-33.3215 101.853 458
-34.1023 101.853 458
-34.8831 101.853 458
-79.8179 101.408 456
-80.5953 101.408 456
-81.3726 101.408 456
-82.3302 101.63 457
-84.3822 103.187 464
-85.1732 103.187 464
-85.9642 103.187 464
-86.7552 103.187 464
-87.5462 103.187 464
-88.1469 102.964 463
-89.1283 103.187 464
-89.9193 103.187 464
-90.9058 103.409 465
-91.6985 103.409 465
-92.4912 103.409 465
-93.2839 103.409 465
-94.0766 103.409 465
-94.8693 103.409 465
-95.4563 103.187 464
-96.2473 103.187 464
-97.0383 103.187 464
-97.8293 103.187 464
-98.6203 103.187 464
-99.197 102.964 463
-100.202 103.187 464
-100.993 103.187 464
-101.784 103.187 464
-102.575 103.187 464
-103.366 103.187 464
-104.157 103.187 464
-105.174 103.409 465
-106.195 103.632 466
-106.99 103.632 466
-107.784 103.632 466
-818.919 481.909 2167
-822.613 481.909 2167
-827.07 482.354 2169
-834.214 484.356 2178
-841.005 486.135 2186
-844.732 486.135 2186
-848.458 486.135 2186
-852.185 486.135 2186
-855.911 486.135 2186
-857.672 485.023 2181
-859.02 483.688 2175
-862.728 483.688 2175
-866.436 483.688 2175
-870.143 483.688 2175
-944.512 435.876 1960
-947.853 435.876 1960
-951.195 435.876 1960
-952.588 434.986 1956
-955.922 434.986 1956
-957.786 434.319 1953
-959.146 433.429 1949
-961.481 432.984 1947
-964.8 432.984 1947
-966.628 432.317 1944
-969.942 432.317 1944
-972.255 431.873 1942
-975.565 431.873 1942
-978.876 431.873 1942
-978.646 430.316 1935
-979.915 429.426 1931
-983.207 429.426 1931
-981.901 427.425 1922
-983.127 426.535 1918
-981.768 424.534 1909
-6.37397 107.471 487
-7.20418 107.471 487
-8.0344 107.471 487
-8.86461 107.471 487
-9.69482 107.471 487
-10.525 107.471 487
-11.3552 107.471 487
-12.1354 107.029 485
-12.9355 106.809 484
-13.7322 106.588 483
-14.5555 106.588 483
-15.3789 106.588 483
-16.1688 106.367 482
-16.9905 106.367 482
-17.8122 106.367 482
-18.6339 106.367 482
-19.4555 106.367 482
-19.9827 104.823 475
-20.7925 104.823 475
-21.4658 104.161 472
-22.1761 103.719 470
-22.9284 103.499 469
-23.6268 103.057 467
-24.4229 103.057 467
-25.165 102.837 466
-25.848 102.395 464
-26.639 102.395 464
-27.43 102.395 464
-28.1602 102.175 463
-28.887 101.954 462
-29.6746 101.954 462
-30.3962 101.733 461
-31.1821 101.733 461
-31.8987 101.513 460
-32.6118 101.292 459
-33.3215 101.071 458
-34.1023 101.071 458
-34.8831 101.071 458
-79.8179 100.63 456
-80.5953 100.63 456
-81.3726 100.63 456
-82.3302 100.85 457
-84.3822 102.395 464
-85.1732 102.395 464
-85.9642 102.395 464
-86.7552 102.395 464
-87.5462 102.395 464
-88.1469 102.175 463
-89.1283 102.395 464
-89.9193 102.395 464
-90.9058 102.616 465
-91.6985 102.616 465
-92.4912 102.616 465
-93.2839 102.616 465
-94.0766 102.616 465
-94.8693 102.616 465
-95.662 102.616 465
-96.4547 102.616 465
-97.2474 102.616 465
-97.8293 102.395 464
-98.6203 102.395 464
-99.197 102.175 463
-100.202 102.395 464
-100.993 102.395 464
-101.784 102.395 464
-102.575 102.395 464
-103.366 102.395 464
-104.157 102.395 464
-105.174 102.616 465
-106.195 102.837 466
-106.99 102.837 466
-107.784 102.837 466
-818.919 478.212 2167
-822.613 478.212 2167
-827.07 478.654 2169
-834.214 480.64 2178
-841.005 482.405 2186
-844.732 482.405 2186
-848.458 482.405 2186
-852.185 482.405 2186
-855.911 482.405 2186
-857.672 481.302 2181
-859.02 479.978 2175
-862.728 479.978 2175
-866.436 479.978 2175
-870.143 479.978 2175
-951.127 430.987 1953
-954.456 430.987 1953
-957.786 430.987 1953
-959.146 430.104 1949
-961.481 429.663 1947
-964.8 429.663 1947
-966.628 429.001 1944
-969.942 429.001 1944
-972.255 428.559 1942
-975.565 428.559 1942
-976.86 427.677 1938
-978.646 427.015 1935
-979.915 426.132 1931
-983.207 426.132 1931
-980.879 423.704 1920
-981.589 422.601 1915
-981.768 421.277 1909
-6.37397 106.64 487
-7.20418 106.64 487
-8.0344 106.64 487
-8.86461 106.64 487
-9.69482 106.64 487
-10.525 106.64 487
-11.3319 106.421 486
-12.1354 106.202 485
-12.9355 105.983 484
-13.7322 105.764 483
-14.5555 105.764 483
-15.3789 105.764 483
-16.1688 105.545 482
-16.9905 105.545 482
-17.8122 105.545 482
-18.6339 105.545 482
-19.4152 105.326 481
-19.9827 104.012 475
-20.7925 104.012 475
-21.4658 103.355 472
-22.1761 102.917 470
-22.9284 102.698 469
-23.6268 102.261 467
-24.4229 102.261 467
-25.165 102.042 466
-25.848 101.604 464
-26.639 101.604 464
-27.43 101.604 464
-28.1602 101.385 463
-28.887 101.166 462
-29.6746 101.166 462
-30.3962 100.947 461
-31.1821 100.947 461
-31.8987 100.728 460
-32.6828 100.728 460
-33.3943 100.509 459
-34.1768 100.509 459
-34.8831 100.29 458
-80.4185 99.6328 455
-81.1942 99.6328 455
-82.3302 100.071 457
-84.2004 101.385 463
-84.9897 101.385 463
-85.779 101.385 463
-86.7552 101.604 464
-87.5462 101.604 464
-88.3372 101.604 464
-89.1283 101.604 464
-90.113 101.823 465
-90.9058 101.823 465
-91.6985 101.823 465
-92.4912 101.823 465
-93.2839 101.823 465
-94.0766 101.823 465
-94.8693 101.823 465
-95.662 101.823 465
-96.4547 101.823 465
-97.2474 101.823 465
-97.8293 101.604 464
-98.6203 101.604 464
-98.9828 101.166 462
-100.202 101.604 464
-100.993 101.604 464
-101.784 101.604 464
-102.575 101.604 464
-103.366 101.604 464
-104.157 101.604 464
-105.174 101.823 465
-105.967 101.823 465
-106.76 101.823 465
-813.628 471.449 2153
-817.298 471.449 2153
-824.019 473.201 2161
-827.703 473.201 2161
-831.387 473.201 2161
-958.162 426.341 1947
-961.481 426.341 1947
-964.8 426.341 1947
-966.628 425.684 1944
-968.944 425.246 1942
-970.252 424.37 1938
-973.556 424.37 1938
-976.86 424.37 1938
-978.646 423.713 1935
-979.915 422.837 1931
-983.207 422.837 1931
-980.879 420.429 1920
-981.589 419.334 1915
-981.768 418.02 1909
-6.36088 105.592 486
-7.20418 105.809 487
-8.0344 105.809 487
-8.86461 105.809 487
-9.67491 105.592 486
-10.5034 105.592 486
-11.3319 105.592 486
-12.1104 105.157 484
-12.9088 104.94 483
-13.7322 104.94 483
-14.5555 104.94 483
-15.3789 104.94 483
-16.1688 104.723 482
-16.9905 104.723 482
-17.8122 104.723 482
-18.5952 104.506 481
-19.3345 104.071 479
-19.8986 102.767 473
-20.6612 102.55 472
-21.4658 102.55 472
-22.2233 102.333 471
-22.9773 102.116 470
-23.728 101.898 469
-24.5275 101.898 469
-25.219 101.464 467
-25.9037 101.029 465
-26.639 100.812 464
-27.43 100.812 464
-28.1602 100.595 463
-28.9495 100.595 463
-29.6746 100.377 462
-30.4622 100.377 462
-31.1821 100.16 461
-31.8987 99.9429 460
-32.6828 99.9429 460
-33.3943 99.7256 459
-34.1768 99.7256 459
-80.4185 98.8566 455
-81.1942 98.8566 455
-82.3302 99.2911 457
-84.2004 100.595 463
-84.9897 100.595 463
-85.779 100.595 463
-86.7552 100.812 464
-87.7349 101.029 465
-88.5276 101.029 465
-89.3203 101.029 465
-90.113 101.029 465
-90.9058 101.029 465
-91.6985 101.029 465
-92.4912 101.029 465
-93.2839 101.029 465
-94.0766 101.029 465
-94.8693 101.029 465
-95.662 101.029 465
-96.4547 101.029 465
-97.2474 101.029 465
-958.162 423.019 1947
-961.481 423.019 1947
-964.8 423.019 1947
-964.639 421.498 1940
-967.946 421.498 1940
-970.252 421.064 1938
-973.556 421.064 1938
-976.86 421.064 1938
-978.646 420.412 1935
-979.915 419.543 1931
-983.207 419.543 1931
-980.879 417.153 1920
-981.589 416.067 1915
-979.197 413.677 1904
-0.565951 105.625 490
-1.40128 105.625 490
-2.2366 105.625 490
-3.07193 105.625 490
-3.90726 105.625 490
-4.7329 105.409 489
-5.54376 104.978 487
-6.37397 104.978 487
-7.20418 104.978 487
-8.0344 104.978 487
-8.86461 104.978 487
-9.67491 104.763 486
-10.5034 104.763 486
-11.2853 104.332 484
-12.1104 104.332 484
-12.882 103.9 482
-13.7037 103.9 482
-14.5254 103.9 482
-15.2834 103.469 480
-16.0011 102.823 477
-16.8142 102.823 477
-17.6274 102.823 477
-18.4019 102.607 476
-19.173 102.391 475
-19.8986 101.96 473
-20.705 101.96 473
-21.4658 101.745 472
-22.2233 101.529 471
-22.9773 101.314 470
-23.7786 101.314 470
-24.5798 101.314 470
-25.273 100.883 468
-25.9594 100.451 466
-26.6964 100.236 465
-27.4891 100.236 465
-28.221 100.02 464
-28.9495 99.8048 463
-29.7388 99.8048 463
-30.5281 99.8048 463
-31.2498 99.5892 462
-31.968 99.3736 461
-32.6828 99.1581 460
-33.3943 98.9425 459
-34.1768 98.9425 459
-80.4185 98.0803 455
-81.1942 98.0803 455
-82.3302 98.5114 457
-84.2004 99.8048 463
-84.9897 99.8048 463
-85.779 99.8048 463
-86.7552 100.02 464
-87.7349 100.236 465
-88.5276 100.236 465
-89.3203 100.236 465
-90.113 100.236 465
-90.9058 100.236 465
-91.6985 100.236 465
-961.332 418.188 1940
-964.639 418.188 1940
-967.946 418.188 1940
-970.252 417.757 1938
-973.556 417.757 1938
-976.86 417.757 1938
-978.646 417.111 1935
-979.915 416.248 1931
-983.207 416.248 1931
-980.879 413.877 1920
-981.589 412.799 1915
-979.197 410.428 1904
-0.565951 104.789 490
-1.40128 104.789 490
-2.2366 104.789 490
-3.07193 104.789 490
-3.90726 104.789 490
-4.7329 104.575 489
-5.54376 104.147 487
-6.37397 104.147 487
-7.20418 104.147 487
-8.0179 103.934 486
-8.84641 103.934 486
-9.67491 103.934 486
-10.5034 103.934 486
-11.2853 103.506 484
-12.1104 103.506 484
-12.882 103.078 482
-13.7037 103.078 482
-14.5254 103.078 482
-15.2834 102.65 480
-16.0011 102.009 477
-16.8142 102.009 477
-17.6274 102.009 477
-18.4019 101.795 476
-19.173 101.581 475
-19.8986 101.153 473
-20.705 101.153 473
-21.4658 100.94 472
-22.2233 100.726 471
-23.0262 100.726 471
-23.7786 100.512 470
-24.5798 100.512 470
-25.327 100.298 469
-26.0151 99.8703 467
-26.7538 99.6564 466
-27.5483 99.6564 466
-28.221 99.2287 464
-29.012 99.2287 464
-29.7388 99.0148 463
-30.5281 99.0148 463
-31.2498 98.801 462
-31.968 98.5871 461
-32.7539 98.5871 461
-33.5398 98.5871 461
-84.2004 99.0148 463
-84.9897 99.0148 463
-85.779 99.0148 463
-86.7552 99.2287 464
-87.7349 99.4426 465
-88.5276 99.4426 465
-89.3203 99.4426 465
-962.458 412.526 1929
-966.748 412.954 1931
-970.039 412.954 1931
-973.331 412.954 1931
-976.623 412.954 1931
-979.915 412.954 1931
-982.189 412.526 1929
-978.325 409.532 1915
-978.514 408.249 1909
-978.168 406.752 1902
-0.565951 103.953 490
-1.40128 103.953 490
-2.2366 103.953 490
-3.07193 103.953 490
-3.90726 103.953 490
-4.7329 103.741 489
-5.55514 103.529 488
-6.38706 103.529 488
-7.21898 103.529 488
-8.0179 103.104 486
-8.8282 102.892 485
-9.6351 102.68 484
-10.4602 102.68 484
-11.2853 102.68 484
-12.0603 102.256 482
-12.882 102.256 482
-13.6753 102.044 481
-14.4953 102.044 481
-15.2834 101.831 480
-16.0011 101.195 477
-16.8142 101.195 477
-17.6274 101.195 477
-18.3632 100.771 475
-19.1326 100.559 474
-19.8986 100.346 473
-20.705 100.346 473
-21.4658 100.134 472
-22.2233 99.9221 471
-23.0262 99.9221 471
-23.7786 99.71 470
-24.5798 99.71 470
-25.327 99.4978 469
-26.0151 99.0735 467
-26.7538 98.8614 466
-27.5483 98.8614 466
-28.221 98.4371 464
-29.012 98.4371 464
-29.7388 98.2249 463
-30.5281 98.2249 463
-31.2498 98.0128 462
-31.968 97.8006 461
-32.7539 97.8006 461
-33.5398 97.8006 461
-962.458 409.235 1929
-965.746 409.235 1929
-969.035 409.235 1929
-973.331 409.659 1931
-976.623 409.659 1931
-979.915 409.659 1931
-983.207 409.659 1931
-980.879 407.326 1920
-981.589 406.265 1915
-984.854 406.265 1915
-0.565951 103.117 490
-1.40128 103.117 490
-2.2366 103.117 490
-3.07193 103.117 490
-3.90726 103.117 490
-4.7329 102.907 489
-5.55514 102.696 488
-6.38706 102.696 488
-7.21898 102.696 488
-8.0014 102.065 485
-8.81 101.854 484
-9.61519 101.644 483
-10.417 101.433 482
-11.2387 101.433 482
-12.0603 101.433 482
-12.8553 101.223 481
-13.6469 101.013 480
-14.4651 101.013 480
-15.2516 100.802 479
-16.0011 100.381 477
-16.779 100.171 476
-17.5904 100.171 476
-18.3246 99.7499 474
-19.1326 99.7499 474
-19.8986 99.5394 473
-20.705 99.5394 473
-21.4658 99.329 472
-22.2233 99.1185 471
-23.0262 99.1185 471
-23.7786 98.9081 470
-24.5798 98.9081 470
-25.327 98.6976 469
-26.0151 98.2768 467
-26.7538 98.0663 466
-27.5483 98.0663 466
-28.221 97.6454 464
-29.012 97.6454 464
-29.803 97.6454 464
-30.594 97.6454 464
-31.2498 97.2245 462
-31.968 97.0141 461
-32.7539 97.0141 461
-33.5398 97.0141 461
-965.746 405.944 1929
-969.035 405.944 1929
-976.86 407.838 1938
-980.164 407.838 1938
-983.467 407.838 1938
-986.771 407.838 1938
-986.499 406.365 1931
-984.152 404.05 1920
-987.425 404.05 1920
-0.565951 102.281 490
-1.40128 102.281 490
-2.2366 102.281 490
-3.07193 102.281 490
-3.90726 102.281 490
-4.7329 102.072 489
-5.55514 101.863 488
-6.38706 101.863 488
-7.21898 101.863 488
-8.0014 101.237 485
-8.81 101.029 484
-9.61519 100.82 483
-10.417 100.611 482
-11.2387 100.611 482
-12.0353 100.402 481
-12.8286 100.194 480
-13.6469 100.194 480
-14.4651 100.194 480
-15.2197 99.7761 478
-16.0011 99.5674 477
-16.779 99.3586 476
-17.5904 99.3586 476
-18.3246 98.9412 474
-19.1326 98.9412 474
-19.8986 98.7324 473
-20.705 98.7324 473
-21.4658 98.5237 472
-22.2233 98.315 471
-23.0262 98.315 471
-23.8292 98.315 471
-24.5798 98.1062 470
-25.327 97.8975 469
-26.0708 97.6888 468
-26.8113 97.48 467
-27.6074 97.48 467
-28.2818 97.0625 465
-29.012 96.8538 464
-29.803 96.8538 464
-30.594 96.8538 464
-31.3174 96.6451 463
-32.0373 96.4363 462
-32.7539 96.2276 461
-33.5398 96.2276 461
-965.746 402.653 1929
-969.035 402.653 1929
-982.404 406.828 1949
-985.727 406.828 1949
-989.049 406.828 1949
-992.372 406.828 1949
-993.14 405.784 1944
-995.429 405.367 1942
-998.74 405.367 1942
-0.565951 101.445 490
-1.40128 101.445 490
-2.2366 101.445 490
-3.06566 101.238 489
-3.89928 101.238 489
-4.7329 101.238 489
-5.55514 101.031 488
-6.38706 101.031 488
-7.21898 101.031 488
-8.0014 100.41 485
-8.7918 99.9958 483
-9.59528 99.7887 482
-10.417 99.7887 482
-11.2387 99.7887 482
-12.0353 99.5817 481
-12.8286 99.3747 480
-13.6469 99.3747 480
-14.4651 99.3747 480
-15.2197 98.9606 478
-16.0011 98.7536 477
-16.779 98.5465 476
-17.5904 98.5465 476
-18.3246 98.1325 474
-19.1326 98.1325 474
-19.8986 97.9254 473
-20.705 97.9254 473
-21.4658 97.7184 472
-22.2233 97.5114 471
-23.0262 97.5114 471
-23.8292 97.5114 471
-24.5798 97.3044 470
-25.381 97.3044 470
-26.0708 96.8903 468
-26.8113 96.6833 467
-27.6074 96.6833 467
-28.2818 96.2692 465
-29.0746 96.2692 465
-29.803 96.0622 464
-30.594 96.0622 464
-31.385 96.0622 464
-32.0373 95.6481 462
-982.404 403.503 1949
-985.727 403.503 1949
-989.049 403.503 1949
-992.372 403.503 1949
-993.14 402.467 1944
-995.429 402.053 1942
-998.74 402.053 1942
-0.564796 100.404 489
-1.39842 100.404 489
-2.23204 100.404 489
-3.06566 100.404 489
-3.89928 100.404 489
-4.7329 100.404 489
-5.55514 100.198 488
-6.37397 99.993 487
-7.20418 99.993 487
-8.0014 99.5824 485
-8.7918 99.1717 483
-9.59528 98.9664 482
-10.3954 98.761 481
-11.2153 98.761 481
-12.0353 98.761 481
-12.8286 98.5557 480
-13.6184 98.3504 479
-14.435 98.3504 479
-15.2197 98.1451 478
-16.0011 97.9398 477
-16.7437 97.5291 475
-17.5535 97.5291 475
-18.3246 97.3238 474
-19.1326 97.3238 474
-19.8986 97.1185 473
-20.705 97.1185 473
-21.4658 96.9131 472
-22.2233 96.7078 471
-23.0262 96.7078 471
-23.8292 96.7078 471
-24.5798 96.5025 470
-25.381 96.5025 470
-26.0708 96.0918 468
-26.8113 95.8865 467
-27.6074 95.8865 467
-28.2818 95.4759 465
-29.0746 95.4759 465
-29.803 95.2705 464
-30.594 95.2705 464
-31.385 95.2705 464
-32.0373 94.8599 462
-982.404 400.177 1949
-987.75 400.999 1953
-991.079 400.999 1953
-994.409 400.999 1953
-997.738 400.999 1953
-996.454 399.151 1944
-999.768 399.151 1944
-2.22747 99.3657 488
-3.05939 99.3657 488
-3.89131 99.3657 488
-4.72323 99.3657 488
-5.55514 99.3657 488
-6.36088 98.9585 486
-7.18939 98.9585 486
-7.9849 98.5513 484
-8.77359 98.144 482
-9.57538 97.9404 481
-10.3954 97.9404 481
-11.2153 97.9404 481
-12.0103 97.7368 480
-12.8019 97.5332 479
-13.59 97.3296 478
-14.4049 97.3296 478
-15.1879 97.1259 477
-15.934 96.7187 475
-16.7437 96.7187 475
-17.5535 96.7187 475
-18.3246 96.5151 474
-19.1326 96.5151 474
-19.8986 96.3115 473
-20.705 96.3115 473
-21.4658 96.1078 472
-22.2705 96.1078 472
-23.0262 95.9042 471
-23.8292 95.9042 471
-24.6321 95.9042 471
-25.381 95.7006 470
-26.1265 95.497 469
-26.8687 95.2934 468
-27.6665 95.2934 468
-28.3427 94.8861 466
-29.0746 94.6825 465
-29.8673 94.6825 465
-30.66 94.6825 465
-31.385 94.4789 464
-987.75 397.667 1953
-991.079 397.667 1953
-994.409 397.667 1953
-997.738 397.667 1953
-997.992 396.445 1947
-1001.31 396.445 1947
-2.22747 98.5332 488
-3.05939 98.5332 488
-3.89131 98.5332 488
-4.72323 98.5332 488
-5.55514 98.5332 488
-6.36088 98.1293 486
-7.18939 98.1293 486
-7.9849 97.7255 484
-8.77359 97.3217 482
-9.57538 97.1198 481
-10.3954 97.1198 481
-11.2153 97.1198 481
-11.9853 96.716 479
-12.7751 96.514 478
-13.5616 96.3121 477
-14.3747 96.3121 477
-15.1561 96.1102 476
-15.934 95.9083 475
-16.7437 95.9083 475
-17.5535 95.9083 475
-18.3246 95.7064 474
-19.1326 95.7064 474
-19.8986 95.5045 473
-20.705 95.5045 473
-21.4658 95.3026 472
-22.2705 95.3026 472
-23.0262 95.1007 471
-23.8292 95.1007 471
-24.6321 95.1007 471
-25.381 94.8987 470
-26.1265 94.6968 469
-26.9261 94.6968 469
-27.6665 94.4949 468
-28.3427 94.0911 466
-29.0746 93.8892 465
-29.8673 93.8892 465
-30.66 93.8892 465
-31.385 93.6873 464
-987.75 394.335 1953
-991.079 394.335 1953
-994.409 394.335 1953
-997.738 394.335 1953
-997.992 393.123 1947
-1001.31 393.123 1947
-2.22747 97.7006 488
-3.05939 97.7006 488
-3.89131 97.7006 488
-4.72323 97.7006 488
-5.54376 97.5004 487
-6.34779 97.1 485
-7.1746 97.1 485
-7.9684 96.6996 483
-8.75539 96.2991 481
-9.57538 96.2991 481
-10.3737 96.0989 480
-11.192 96.0989 480
-11.9853 95.8987 479
-12.7751 95.6985 478
-13.5616 95.4983 477
-14.3747 95.4983 477
-15.1561 95.2981 476
-15.934 95.0979 475
-16.7437 95.0979 475
-17.5535 95.0979 475
-18.3246 94.8977 474
-19.1326 94.8977 474
-19.8986 94.6975 473
-20.705 94.6975 473
-21.4658 94.4973 472
-22.2705 94.4973 472
-23.0262 94.2971 471
-23.8292 94.2971 471
-24.6321 94.2971 471
-25.381 94.0969 470
-26.1265 93.8967 469
-26.9261 93.8967 469
-27.6665 93.6965 468
-28.3427 93.2961 466
-29.0746 93.0958 465
-29.8673 93.0958 465
-30.66 93.0958 465
-31.4527 93.0958 465
-997.992 389.801 1947
-1001.31 389.801 1947
-2.22747 96.868 488
-3.05939 96.868 488
-3.89131 96.868 488
-4.71355 96.6695 487
-5.54376 96.6695 487
-6.34779 96.2725 485
-7.1746 96.2725 485
-7.9684 95.8755 483
-8.75539 95.4785 481
-9.55547 95.28 480
-10.3737 95.28 480
-11.192 95.28 480
-11.9853 95.0815 479
-12.7751 94.883 478
-13.5616 94.6845 477
-14.3747 94.6845 477
-15.1561 94.486 476
-15.934 94.2875 475
-16.7437 94.2875 475
-17.5535 94.2875 475
-18.3246 94.089 474
-19.1326 94.089 474
-19.8986 93.8905 473
-20.705 93.8905 473
-21.4658 93.692 472
-22.2705 93.692 472
-23.0262 93.4935 471
-23.8292 93.4935 471
-24.6321 93.4935 471
-25.381 93.295 470
-26.1265 93.0965 469
-26.9261 93.0965 469
-27.6665 92.898 468
-28.3427 92.501 466
-29.0746 92.3025 465
-29.8673 92.3025 465
-30.66 92.3025 465
-31.4527 92.3025 465
-2.22291 95.8386 487
-3.05312 95.8386 487
-3.88333 95.8386 487
-4.71355 95.8386 487
-5.52099 95.4451 485
-6.32162 95.0515 483
-7.14501 95.0515 483
-7.95191 94.8547 482
-8.75539 94.6579 481
-9.55547 94.4611 480
-10.3737 94.4611 480
-11.192 94.4611 480
-11.9853 94.2643 479
-12.7751 94.0675 478
-13.5616 93.8707 477
-14.3747 93.8707 477
-15.1561 93.6739 476
-15.934 93.4771 475
-16.7437 93.4771 475
-17.5535 93.4771 475
-18.3246 93.2803 474
-19.1326 93.2803 474
-19.8986 93.0835 473
-20.705 93.0835 473
-21.4658 92.8867 472
-22.2705 92.8867 472
-23.0262 92.6899 471
-23.8292 92.6899 471
-24.6321 92.6899 471
-25.381 92.4931 470
-26.1265 92.2963 469
-26.9261 92.2963 469
-27.6665 92.0996 468
-28.3427 91.706 466
-29.0746 91.5092 465
-29.8673 91.5092 465
-30.66 91.5092 465
-31.4527 91.5092 465
-0.561331 94.8127 486
-1.38984 94.8127 486
-2.22291 95.0078 487
-3.05312 95.0078 487
-3.88333 95.0078 487
-4.71355 95.0078 487
-5.52099 94.6176 485
-6.32162 94.2274 483
-7.14501 94.2274 483
-7.95191 94.0323 482
-8.75539 93.8372 481
-9.55547 93.6422 480
-10.3737 93.6422 480
-11.192 93.6422 480
-11.9603 93.252 478
-12.7484 93.0569 477
-13.5616 93.0569 477
-14.3747 93.0569 477
-15.1561 92.8618 476
-15.934 92.6667 475
-16.7437 92.6667 475
-17.5535 92.6667 475
-18.3246 92.4716 474
-19.1326 92.4716 474
-19.8986 92.2765 473
-20.705 92.2765 473
-21.4658 92.0814 472
-22.2705 92.0814 472
-23.0262 91.8864 471
-23.8292 91.8864 471
-24.6321 91.8864 471
-25.381 91.6913 470
-26.1265 91.4962 469
-26.9261 91.4962 469
-27.6665 91.3011 468
-28.3427 90.9109 466
-29.0746 90.7158 465
-29.8673 90.7158 465
-30.66 90.7158 465
-0.561331 93.9835 486
-1.38984 93.9835 486
-2.21835 93.9835 486
-3.04685 93.9835 486
-3.87536 93.9835 486
-4.70387 93.9835 486
-5.50961 93.5967 484
-6.30853 93.21 482
-7.13022 93.21 482
-7.95191 93.21 482
-8.75539 93.0166 481
-9.55547 92.8232 480
-10.3737 92.8232 480
-11.192 92.8232 480
-11.9603 92.4365 478
-12.7484 92.2431 477
-13.5616 92.2431 477
-14.3747 92.2431 477
-15.1561 92.0497 476
-15.934 91.8563 475
-16.7437 91.8563 475
-17.5535 91.8563 475
-18.3246 91.6629 474
-19.1326 91.6629 474
-19.8986 91.4696 473
-20.705 91.4696 473
-21.4658 91.2762 472
-22.2705 91.2762 472
-23.0262 91.0828 471
-23.8292 91.0828 471
-24.6321 91.0828 471
-25.381 90.8894 470
-26.1265 90.696 469
-26.9261 90.696 469
-27.7256 90.696 469
-28.4643 90.5026 468
-29.0746 89.9225 465
-29.8673 89.9225 465
-30.66 89.9225 465
-0.562486 93.346 487
-1.3927 93.346 487
-2.22291 93.346 487
-3.04685 93.1543 486
-3.87536 93.1543 486
-4.70387 93.1543 486
-5.50961 92.771 484
-6.30853 92.3876 482
-7.13022 92.3876 482
-7.95191 92.3876 482
-8.75539 92.196 481
-9.55547 92.0043 480
-10.3737 92.0043 480
-11.192 92.0043 480
-11.9603 91.6209 478
-12.7484 91.4293 477
-13.5616 91.4293 477
-14.3747 91.4293 477
-15.1561 91.2376 476
-15.934 91.0459 475
-16.7437 91.0459 475
-17.5535 91.0459 475
-18.3246 90.8542 474
-19.1326 90.8542 474
-19.8986 90.6626 473
-20.705 90.6626 473
-21.4658 90.4709 472
-22.2705 90.4709 472
-23.0262 90.2792 471
-23.8292 90.2792 471
-24.6321 90.2792 471
-25.381 90.0875 470
-26.1265 89.8959 469
-26.9261 89.8959 469
-27.7256 89.8959 469
-28.4643 89.7042 468
-29.0746 89.1292 465
-29.8673 89.1292 465
-30.66 89.1292 465
-0.562486 92.5151 487
-1.3927 92.5151 487
-2.22291 92.5151 487
-3.04685 92.3252 486
-3.87536 92.3252 486
-4.69419 92.1352 485
-5.49822 91.7553 483
-6.30853 91.5653 482
-7.13022 91.5653 482
-7.95191 91.5653 482
-8.75539 91.3753 481
-9.55547 91.1854 480
-10.3737 91.1854 480
-11.192 91.1854 480
-11.9853 90.9954 479
-12.7484 90.6154 477
-13.5616 90.6154 477
-14.3747 90.6154 477
-15.1561 90.4255 476
-15.9675 90.4255 476
-16.7437 90.2355 475
-17.5535 90.2355 475
-18.3246 90.0455 474
-19.1326 90.0455 474
-19.8986 89.8556 473
-20.705 89.8556 473
-21.5113 89.8556 473
-22.2705 89.6656 472
-23.0262 89.4756 471
-23.8292 89.4756 471
-24.6321 89.4756 471
-25.381 89.2857 470
-26.1265 89.0957 469
-26.9261 89.0957 469
-27.7256 89.0957 469
-28.4643 88.9057 468
-0.562486 91.6843 487
-1.3927 91.6843 487
-2.22291 91.6843 487
-3.04685 91.496 486
-3.87536 91.496 486
-4.69419 91.3077 485
-5.49822 90.9312 483
-6.30853 90.743 482
-7.13022 90.743 482
-7.95191 90.743 482
-8.75539 90.5547 481
-9.55547 90.3664 480
-10.3737 90.3664 480
-11.192 90.3664 480
-11.9853 90.1782 479
-12.7751 89.9899 478
-13.59 89.9899 478
-14.3747 89.8016 477
-15.1879 89.8016 477
-15.9675 89.6134 476
-16.7437 89.4251 475
-17.5535 89.4251 475
-18.3632 89.4251 475
-19.1326 89.2369 474
-19.8986 89.0486 473
-20.705 89.0486 473
-21.5113 89.0486 473
-22.2705 88.8603 472
-23.0751 88.8603 472
-23.8797 88.8603 472
-24.6321 88.6721 471
-25.435 88.6721 471
-26.1823 88.4838 470
-26.9835 88.4838 470
-27.7256 88.2955 469
-0.561331 90.6668 486
-1.38984 90.6668 486
-2.21835 90.6668 486
-3.04685 90.6668 486
-3.87536 90.6668 486
-4.69419 90.4803 485
-5.48684 89.9206 482
-6.30853 89.9206 482
-7.13022 89.9206 482
-7.95191 89.9206 482
-8.73719 89.5475 480
-9.55547 89.5475 480
-10.3737 89.5475 480
-11.192 89.5475 480
-11.9853 89.3609 479
-12.7751 89.1744 478
-13.59 89.1744 478
-14.4049 89.1744 478
-15.1879 88.9878 477
-15.9675 88.8013 476
-16.7437 88.6147 475
-17.5535 88.6147 475
-18.3632 88.6147 475
-19.1326 88.4282 474
-19.8986 88.2416 473
-20.705 88.2416 473
-21.5113 88.2416 473
-22.2705 88.055 472
-23.0751 88.055 472
-23.8797 88.055 472
-24.6321 87.8685 471
-25.435 87.8685 471
-26.1823 87.6819 470
-26.9835 87.6819 470
-27.7256 87.4954 469
-0.560176 89.6528 485
-1.38698 89.6528 485
-2.21378 89.6528 485
-3.04058 89.6528 485
-3.86739 89.6528 485
-4.68451 89.468 484
-5.48684 89.0983 482
-6.30853 89.0983 482
-7.13022 89.0983 482
-7.93541 88.9134 481
-8.73719 88.7286 480
-9.55547 88.7286 480
-10.3737 88.7286 480
-11.1687 88.5437 479
-11.9853 88.5437 479
-12.7751 88.3589 478
-13.59 88.3589 478
-14.4049 88.3589 478
-15.1879 88.174 477
-15.9675 87.9892 476
-16.7437 87.8043 475
-17.5535 87.8043 475
-18.3632 87.8043 475
-19.1326 87.6195 474
-19.8986 87.4346 473
-20.705 87.4346 473
-21.5113 87.4346 473
-22.2705 87.2498 472
-23.0751 87.2498 472
-23.8797 87.2498 472
-24.6321 87.0649 471
-25.435 87.0649 471
-26.1823 86.8801 470
-26.9835 86.8801 470
-27.7256 86.6952 469
-0.560176 88.8254 485
-1.38698 88.8254 485
-2.21378 88.8254 485
-3.04058 88.8254 485
-3.86739 88.8254 485
-4.68451 88.6422 484
-5.48684 88.2759 482
-6.30853 88.2759 482
-7.13022 88.2759 482
-7.93541 88.0928 481
-8.73719 87.9096 480
-9.55547 87.9096 480
-10.3737 87.9096 480
-11.1687 87.7265 479
-11.9853 87.7265 479
-12.7751 87.5434 478
-13.59 87.5434 478
-14.4049 87.5434 478
-15.1879 87.3602 477
-15.9675 87.1771 476
-16.779 87.1771 476
-17.5535 86.9939 475
-18.3632 86.9939 475
-19.1326 86.8108 474
-19.9407 86.8108 474
-20.7487 86.8108 474
-21.5113 86.6276 473
-22.2705 86.4445 472
-23.0751 86.4445 472
-23.8797 86.4445 472
-24.6321 86.2613 471
-25.435 86.2613 471
-26.238 86.2613 471
-27.0409 86.2613 471
-27.7256 85.895 469
-0.560176 87.9979 485
-1.38698 87.9979 485
-2.21378 87.9979 485
-3.04058 87.9979 485
-3.86739 87.9979 485
-4.68451 87.8165 484
-5.48684 87.4536 482
-6.30853 87.4536 482
-7.13022 87.4536 482
-7.93541 87.2721 481
-8.73719 87.0907 480
-9.55547 87.0907 480
-10.3737 87.0907 480
-11.1687 86.9093 479
-11.9853 86.9093 479
-12.7751 86.7278 478
-13.59 86.7278 478
-14.4049 86.7278 478
-15.1879 86.5464 477
-15.9675 86.365 476
-16.779 86.365 476
-17.5904 86.365 476
-18.3632 86.1835 475
-19.1326 86.0021 474
-19.9407 86.0021 474
-20.7487 86.0021 474
-21.5113 85.8206 473
-22.2705 85.6392 472
-23.0751 85.6392 472
-23.8797 85.6392 472
-24.6321 85.4578 471
-25.435 85.4578 471
-26.238 85.4578 471
-27.0409 85.4578 471
-6.29544 86.4515 481
-7.11543 86.4515 481
-7.93541 86.4515 481
-8.73719 86.2718 480
-9.55547 86.2718 480
-10.3737 86.2718 480
-11.1687 86.092 479
-11.9853 86.092 479
-12.8019 86.092 479
-13.6184 86.092 479
-14.4049 85.9123 478
-15.1879 85.7326 477
-16.0011 85.7326 477
-16.8142 85.7326 477
-17.5904 85.5528 476
-18.3632 85.3731 475
-19.1326 85.1934 474
-19.9407 85.1934 474
-20.7487 85.1934 474
-21.5113 85.0136 473
-22.2705 84.8339 472
-23.0751 84.8339 472
-23.8797 84.8339 472
-24.6321 84.6542 471
-25.435 84.6542 471
-26.238 84.6542 471
-27.0409 84.6542 471
-6.29544 85.6309 481
-7.11543 85.6309 481
-7.93541 85.6309 481
-8.73719 85.4529 480
-9.55547 85.4529 480
-10.3737 85.4529 480
-11.192 85.4529 480
-11.9853 85.2748 479
-12.8019 85.2748 479
-13.6184 85.2748 479
-14.4049 85.0968 478
-15.1879 84.9188 477
-16.0011 84.9188 477
-16.8142 84.9188 477
-17.5904 84.7407 476
-18.3632 84.5627 475
-19.1326 84.3847 474
-19.9407 84.3847 474
-20.7487 84.3847 474
-21.5113 84.2067 473
-22.2705 84.0286 472
-23.0751 84.0286 472
-23.8797 84.0286 472
-24.6321 83.8506 471
-25.435 83.8506 471
-26.238 83.8506 471
-27.0409 83.8506 471
-3.83549 84.8102 481
-4.65547 84.8102 481
-5.47546 84.8102 481
-6.29544 84.8102 481
-7.11543 84.8102 481
-7.93541 84.8102 481
-8.73719 84.6339 480
-9.55547 84.6339 480
-10.3737 84.6339 480
-11.192 84.6339 480
-12.0103 84.6339 480
-12.8019 84.4576 479
-13.6184 84.4576 479
-14.4049 84.2813 478
-15.2197 84.2813 478
-16.0011 84.105 477
-16.8142 84.105 477
-17.5904 83.9286 476
-18.3632 83.7523 475
-19.1326 83.576 474
-19.9407 83.576 474
-20.7487 83.576 474
-21.5113 83.3997 473
-22.2705 83.2234 472
-23.0751 83.2234 472
-23.8797 83.2234 472
-24.6321 83.047 471
-25.435 83.047 471
-26.238 83.047 471
-27.0409 83.047 471
-3.83549 83.9896 481
-4.65547 83.9896 481
-5.47546 83.9896 481
-6.29544 83.9896 481
-7.11543 83.9896 481
-7.93541 83.9896 481
-8.73719 83.815 480
-9.55547 83.815 480
-10.3737 83.815 480
-11.192 83.815 480
-12.0103 83.815 480
-12.8019 83.6404 479
-13.6184 83.6404 479
-14.435 83.6404 479
-15.2197 83.4658 478
-16.0346 83.4658 478
-16.8495 83.4658 478
-17.6274 83.2911 477
-18.3632 82.9419 475
-19.1326 82.7673 474
-19.9407 82.7673 474
-20.7487 82.7673 474
-21.5568 82.7673 474
-22.2705 82.4181 472
-23.0751 82.4181 472
-23.8797 82.4181 472
-24.6321 82.2435 471
-25.435 82.2435 471
-3.83549 83.169 481
-4.65547 83.169 481
-5.47546 83.169 481
-6.29544 83.169 481
-7.11543 83.169 481
-7.93541 83.169 481
-8.73719 82.9961 480
-9.55547 82.9961 480
-10.3737 82.9961 480
-11.192 82.9961 480
-12.0103 82.9961 480
-12.8019 82.8232 479
-13.6184 82.8232 479
-14.435 82.8232 479
-15.2197 82.6502 478
-16.0346 82.6502 478
-16.8495 82.6502 478
-17.6274 82.4773 477
-18.4019 82.3044 476
-19.173 82.1315 475
-19.9827 82.1315 475
-20.7487 81.9586 474
-21.5568 81.9586 474
-22.3176 81.7857 473
-23.124 81.7857 473
-23.8797 81.6128 472
-24.6321 81.4399 471
-25.435 81.4399 471
-3.83549 82.3483 481
-4.65547 82.3483 481
-5.47546 82.3483 481
-6.29544 82.3483 481
-7.11543 82.3483 481
-7.93541 82.3483 481
-8.73719 82.1771 480
-9.55547 82.1771 480
-10.3737 82.1771 480
-11.192 82.1771 480
-12.0103 82.1771 480
-12.8019 82.0059 479
-13.6184 82.0059 479
-14.435 82.0059 479
-15.2197 81.8347 478
-16.0346 81.8347 478
-16.8495 81.8347 478
-17.6274 81.6635 477
-18.4019 81.4923 476
-19.173 81.3211 475
-19.9827 81.3211 475
-20.7487 81.1499 474
-21.5568 81.1499 474
-22.3176 80.9787 473
-23.124 80.9787 473
-23.8797 80.8075 472
-6.29544 81.5277 481
-7.11543 81.5277 481
-7.93541 81.5277 481
-8.75539 81.5277 481
-9.57538 81.5277 481
-10.3954 81.5277 481
-11.2153 81.5277 481
-12.0353 81.5277 481
-12.8286 81.3582 480
-13.6469 81.3582 480
-14.435 81.1887 479
-15.2197 81.0192 478
-16.0346 81.0192 478
-16.8495 81.0192 478
-17.6274 80.8497 477
-18.4019 80.6802 476
-19.173 80.5107 475
-19.9827 80.5107 475
-20.7925 80.5107 475
-21.5568 80.3412 474
-22.3176 80.1717 473
-23.124 80.1717 473
-6.29544 80.7071 481
-7.11543 80.7071 481
-7.93541 80.7071 481
-8.75539 80.7071 481
-9.57538 80.7071 481
-10.3954 80.7071 481
-11.2153 80.7071 481
-12.0353 80.7071 481
-12.8286 80.5393 480
-13.6469 80.5393 480
-14.435 80.3715 479
-15.2197 80.2037 478
-16.0346 80.2037 478
-16.8495 80.2037 478
-17.6274 80.0359 477
-18.4019 79.8681 476
-19.173 79.7003 475
-19.9827 79.7003 475
-20.7925 79.7003 475
-21.6023 79.7003 475
-22.3176 79.3647 473
-23.124 79.3647 473
1131.5 679.118 4089
1124.53 679.118 4089
1117.56 679.118 4089
1110.59 679.118 4089
1103.62 679.118 4089
-6.29544 79.8864 481
-7.11543 79.8864 481
-7.93541 79.8864 481
-8.75539 79.8864 481
-9.57538 79.8864 481
-10.3954 79.8864 481
-11.2153 79.8864 481
-12.0353 79.8864 481
-12.8286 79.7203 480
-13.6469 79.7203 480
-14.435 79.5543 479
-15.2197 79.3882 478
-16.0346 79.3882 478
-16.8495 79.3882 478
-17.6274 79.2221 477
-18.4019 79.056 476
-19.173 78.8899 475
-19.9827 78.8899 475
-20.7925 78.8899 475
-21.6023 78.8899 475
-22.3176 78.5578 473
-23.124 78.5578 473
1145.44 672.141 4089
1138.47 672.141 4089
1131.5 672.141 4089
1124.53 672.141 4089
1117.56 672.141 4089
1110.59 672.141 4089
1103.62 672.141 4089
1096.65 672.141 4089
-3.83549 79.0658 481
-4.65547 79.0658 481
-5.47546 79.0658 481
-6.29544 79.0658 481
-7.11543 79.0658 481
-7.93541 79.0658 481
-8.75539 79.0658 481
-9.57538 79.0658 481
-10.3954 79.0658 481
-11.2153 79.0658 481
-12.0353 79.0658 481
-12.8286 78.9014 480
-13.6469 78.9014 480
-14.435 78.737 479
-15.2197 78.5727 478
-16.0346 78.5727 478
-16.8495 78.5727 478
-17.6274 78.4083 477
-18.3632 78.0795 475
-19.173 78.0795 475
-19.9827 78.0795 475
-20.7925 78.0795 475
-21.6023 78.0795 475
-22.3176 77.7508 473
-23.124 77.7508 473
1145.44 665.165 4089
1138.47 665.165 4089
1131.5 665.165 4089
1124.53 665.165 4089
1117.56 665.165 4089
1110.59 665.165 4089
1103.62 665.165 4089
1096.65 665.165 4089
-3.01551 78.2452 481
-3.83549 78.2452 481
-4.65547 78.2452 481
-5.47546 78.2452 481
-6.29544 78.2452 481
-7.11543 78.2452 481
-7.93541 78.2452 481
-8.75539 78.2452 481
-9.57538 78.2452 481
-10.3954 78.2452 481
-11.2153 78.2452 481
-12.0353 78.2452 481
-12.8286 78.0825 480
-13.6469 78.0825 480
-14.435 77.9198 479
-15.2516 77.9198 479
-16.0346 77.7571 478
-16.8495 77.7571 478
-17.6274 77.5945 477
-18.3632 77.2691 475
-19.173 77.2691 475
-19.9827 77.2691 475
-20.7925 77.2691 475
-21.6023 77.2691 475
1159.39 658.189 4089
1152.42 658.189 4089
1145.44 658.189 4089
1138.47 658.189 4089
1131.5 658.189 4089
1124.53 658.189 4089
1117.56 658.189 4089
1110.59 658.189 4089
1103.62 658.189 4089
1096.65 658.189 4089
-3.01551 77.4245 481
-3.83549 77.4245 481
-4.65547 77.4245 481
-5.47546 77.4245 481
-6.29544 77.4245 481
-7.11543 77.4245 481
-7.93541 77.4245 481
-8.75539 77.4245 481
-9.57538 77.4245 481
-10.3954 77.4245 481
-11.2153 77.4245 481
-12.0353 77.4245 481
-12.8286 77.2636 480
-13.6469 77.2636 480
-14.4651 77.2636 480
-15.2516 77.1026 479
-16.0346 76.9416 478
-16.8495 76.9416 478
-17.6643 76.9416 478
-18.3632 76.4587 475
-19.173 76.4587 475
-19.9827 76.4587 475
-20.7487 76.2978 474
1159.39 651.213 4089
1152.42 651.213 4089
1145.44 651.213 4089
1135.69 649.62 4079
1128.74 649.62 4079
1121.78 649.62 4079
1114.83 649.62 4079
1107.88 649.62 4079
1103.62 651.213 4089
1096.65 651.213 4089
1089.68 651.213 4089
-3.01551 76.6039 481
-3.83549 76.6039 481
-4.65547 76.6039 481
-5.47546 76.6039 481
-6.29544 76.6039 481
-7.11543 76.6039 481
-7.93541 76.6039 481
-8.75539 76.6039 481
-9.57538 76.6039 481
-10.3954 76.6039 481
-11.2153 76.6039 481
-12.0353 76.6039 481
-12.8286 76.4446 480
-13.6469 76.4446 480
-14.4651 76.4446 480
-15.2516 76.2854 479
-16.0346 76.1261 478
-16.8495 76.1261 478
-17.6643 76.1261 478
-18.3632 75.6483 475
-19.173 75.6483 475
-19.9827 75.6483 475
-20.7487 75.4891 474
1159.39 644.236 4089
1152.42 644.236 4089
1145.44 644.236 4089
1135.69 642.661 4079
1128.74 642.661 4079
1121.78 642.661 4079
1114.83 642.661 4079
1107.88 642.661 4079
1103.62 644.236 4089
1096.65 644.236 4089
1089.68 644.236 4089
1082.71 644.236 4089
1075.74 644.236 4089
-3.83549 75.7832 481
-4.65547 75.7832 481
-5.47546 75.7832 481
-6.29544 75.7832 481
-7.11543 75.7832 481
-7.93541 75.7832 481
-8.75539 75.7832 481
-9.57538 75.7832 481
-10.3954 75.7832 481
-11.2153 75.7832 481
-12.0353 75.7832 481
-12.8286 75.6257 480
-13.6469 75.6257 480
-14.4651 75.6257 480
-15.2516 75.4681 479
-16.0346 75.3106 478
-16.8495 75.3106 478
-17.6643 75.3106 478
-18.3632 74.8379 475
-19.1326 74.6804 474
-19.9407 74.6804 474
-20.7487 74.6804 474
1156.55 635.702 4079
1149.6 635.702 4079
1142.64 635.702 4079
1135.69 635.702 4079
1128.74 635.702 4079
1119.03 634.143 4069
1109.36 632.585 4059
1107.88 635.702 4079
1103.62 637.26 4089
1096.65 637.26 4089
1089.68 637.26 4089
1082.71 637.26 4089
1075.74 637.26 4089
-3.83549 74.9626 481
-4.65547 74.9626 481
-5.47546 74.9626 481
-6.29544 74.9626 481
-7.11543 74.9626 481
-7.93541 74.9626 481
-8.75539 74.9626 481
-9.57538 74.9626 481
-10.3954 74.9626 481
-11.2153 74.9626 481
-12.0353 74.9626 481
-12.8286 74.8068 480
-13.6469 74.8068 480
-14.4651 74.8068 480
-15.2516 74.6509 479
-16.0346 74.4951 478
-16.8495 74.4951 478
-17.6643 74.4951 478
-18.3632 74.0275 475
-19.1326 73.8717 474
-19.9407 73.8717 474
-20.705 73.7158 473
1159.39 630.284 4089
1152.42 630.284 4089
1145.44 630.284 4089
1135.69 628.742 4079
1128.74 628.742 4079
1119.03 627.201 4069
1112.1 627.201 4069
1107.88 628.742 4079
1103.62 630.284 4089
1096.65 630.284 4089
1089.68 630.284 4089
1082.71 630.284 4089
1075.74 630.284 4089
-3.83549 74.142 481
-4.65547 74.142 481
-5.47546 74.142 481
-6.29544 74.142 481
-7.11543 74.142 481
-7.93541 74.142 481
-8.75539 74.142 481
-9.57538 74.142 481
-10.3954 74.142 481
-11.2153 74.142 481
-12.0353 74.142 481
-12.8286 73.9878 480
-13.6469 73.9878 480
-14.435 73.8337 479
-15.2516 73.8337 479
-16.0346 73.6796 478
-16.8495 73.6796 478
-17.6274 73.5254 477
-18.3246 73.063 474
-19.1326 73.063 474
-19.9407 73.063 474
1215.15 623.308 4089
1208.18 623.308 4089
1201.21 623.308 4089
1194.24 623.308 4089
1187.27 623.308 4089
1159.39 623.308 4089
1152.42 623.308 4089
1145.44 623.308 4089
1135.69 621.783 4079
1128.74 621.783 4079
1121.78 621.783 4079
1112.1 620.259 4069
1107.88 621.783 4079
1103.62 623.308 4089
1096.65 623.308 4089
1089.68 623.308 4089
1082.71 623.308 4089
1075.74 623.308 4089
-4.65547 73.3213 481
-5.47546 73.3213 481
-6.29544 73.3213 481
-7.11543 73.3213 481
-7.93541 73.3213 481
-8.75539 73.3213 481
-9.57538 73.3213 481
-10.3954 73.3213 481
-11.192 73.1689 480
-12.0103 73.1689 480
-12.8286 73.1689 480
-13.6469 73.1689 480
-14.435 73.0165 479
-15.2516 73.0165 479
-16.0346 72.864 478
-16.8495 72.864 478
-17.6274 72.7116 477
-18.3246 72.2543 474
-19.1326 72.2543 474
-19.9407 72.2543 474
1215.15 616.331 4089
1208.18 616.331 4089
1201.21 616.331 4089
1194.24 616.331 4089
1187.27 616.331 4089
1159.39 616.331 4089
1152.42 616.331 4089
1145.44 616.331 4089
1138.47 616.331 4089
1131.5 616.331 4089
1121.78 614.824 4079
1112.1 613.317 4069
1110.59 616.331 4089
1103.62 616.331 4089
1096.65 616.331 4089
1089.68 616.331 4089
1082.71 616.331 4089
1075.74 616.331 4089
-4.65547 72.5007 481
-5.47546 72.5007 481
-6.29544 72.5007 481
-7.11543 72.5007 481
-7.93541 72.5007 481
-8.75539 72.5007 481
-9.57538 72.5007 481
-10.3737 72.35 480
-11.192 72.35 480
-12.0103 72.35 480
-12.8286 72.35 480
-13.6469 72.35 480
-14.435 72.1992 479
-15.2197 72.0485 478
-16.0011 71.8978 477
-16.8142 71.8978 477
-17.5904 71.7471 476
-18.3246 71.4456 474
-19.1326 71.4456 474
-19.9407 71.4456 474
1215.15 609.355 4089
1208.18 609.355 4089
1201.21 609.355 4089
1194.24 609.355 4089
1187.27 609.355 4089
1159.39 609.355 4089
1152.42 609.355 4089
1145.44 609.355 4089
1138.47 609.355 4089
1131.5 609.355 4089
1121.78 607.865 4079
1112.1 606.375 4069
1110.59 609.355 4089
1103.62 609.355 4089
1096.65 609.355 4089
1089.68 609.355 4089
-4.65547 71.6801 481
-5.47546 71.6801 481
-6.29544 71.6801 481
-7.11543 71.6801 481
-7.93541 71.6801 481
-8.75539 71.6801 481
-9.57538 71.6801 481
-10.3737 71.5311 480
-11.192 71.5311 480
-12.0103 71.5311 480
-12.8286 71.5311 480
-13.6184 71.382 479
-14.435 71.382 479
-15.1879 71.084 477
-15.9675 70.935 476
-16.779 70.935 476
-17.5535 70.7859 475
-18.3246 70.6369 474
1215.15 602.379 4089
1208.18 602.379 4089
1201.21 602.379 4089
1194.24 602.379 4089
1187.27 602.379 4089
1180.3 602.379 4089
1145.44 602.379 4089
1138.47 602.379 4089
1131.5 602.379 4089
1121.78 600.906 4079
1114.83 600.906 4079
1110.59 602.379 4089
1103.62 602.379 4089
1096.65 602.379 4089
1089.68 602.379 4089
-4.65547 70.8594 481
-5.47546 70.8594 481
-6.29544 70.8594 481
-7.11543 70.8594 481
-7.93541 70.8594 481
-8.75539 70.8594 481
-9.57538 70.8594 481
-10.3737 70.7121 480
-11.192 70.7121 480
-12.0103 70.7121 480
-12.8286 70.7121 480
-13.6184 70.5648 479
-14.4049 70.4175 478
-15.1561 70.1228 476
-15.9675 70.1228 476
-16.779 70.1228 476
-17.5165 69.8282 474
-18.3246 69.8282 474
1215.15 595.403 4089
1208.18 595.403 4089
1201.21 595.403 4089
1194.24 595.403 4089
1187.27 595.403 4089
1180.3 595.403 4089
1173.33 595.403 4089
1145.44 595.403 4089
1138.47 595.403 4089
1131.5 595.403 4089
1121.78 593.946 4079
1114.83 593.946 4079
1110.59 595.403 4089
1103.62 595.403 4089
1096.65 595.403 4089
-4.65547 70.0388 481
-5.47546 70.0388 481
-6.29544 70.0388 481
-7.11543 70.0388 481
-7.93541 70.0388 481
-8.75539 70.0388 481
-9.57538 70.0388 481
-10.3737 69.8932 480
-11.192 69.8932 480
-12.0103 69.8932 480
-12.8286 69.8932 480
-13.6184 69.7476 479
-14.4049 69.602 478
-15.1561 69.3107 476
-15.9675 69.3107 476
-16.779 69.3107 476
-17.5165 69.0195 474
-18.3246 69.0195 474
1215.15 588.426 4089
1208.18 588.426 4089
1201.21 588.426 4089
1194.24 588.426 4089
1187.27 588.426 4089
1180.3 588.426 4089
1173.33 588.426 4089
1166.36 588.426 4089
1159.39 588.426 4089
1152.42 588.426 4089
1145.44 588.426 4089
1138.47 588.426 4089
1131.5 588.426 4089
1121.78 586.987 4079
1114.83 586.987 4079
1110.59 588.426 4089
1103.62 588.426 4089
1096.65 588.426 4089
1089.68 588.426 4089
1082.71 588.426 4089
1075.74 588.426 4089
-3.00924 69.0743 480
-3.82752 69.0743 480
-4.65547 69.2182 481
-5.47546 69.2182 481
-6.29544 69.2182 481
-7.11543 69.2182 481
-7.93541 69.2182 481
-8.73719 69.0743 480
-9.55547 69.0743 480
-10.3737 69.0743 480
-11.192 69.0743 480
-11.9853 68.9304 479
-12.8019 68.9304 479
-13.6184 68.9304 479
-14.4049 68.7864 478
-15.1561 68.4986 476
-15.934 68.3547 475
-16.7437 68.3547 475
-17.5165 68.2108 474
-18.3246 68.2108 474
1212.18 580.028 4079
1205.23 580.028 4079
1198.27 580.028 4079
1194.24 581.45 4089
1187.27 581.45 4089
1180.3 581.45 4089
1173.33 581.45 4089
1166.36 581.45 4089
1159.39 581.45 4089
1152.42 581.45 4089
1145.44 581.45 4089
1138.47 581.45 4089
1131.5 581.45 4089
1121.78 580.028 4079
1112.1 578.606 4069
1110.59 581.45 4089
1103.62 581.45 4089
1096.65 581.45 4089
1089.68 581.45 4089
1082.71 581.45 4089
1075.74 581.45 4089
-3.00924 68.2553 480
-3.82752 68.2553 480
-4.6458 68.2553 480
-5.46407 68.2553 480
-6.28235 68.2553 480
-7.10063 68.2553 480
-7.91891 68.2553 480
-8.73719 68.2553 480
-9.55547 68.2553 480
-10.3521 68.1131 479
-11.1687 68.1131 479
-11.9853 68.1131 479
-12.8019 68.1131 479
-13.6184 68.1131 479
-14.3747 67.8287 477
-15.1561 67.6865 476
-15.9004 67.4021 474
-16.7085 67.4021 474
-17.5165 67.4021 474
-18.3246 67.4021 474
1212.18 573.069 4079
1205.23 573.069 4079
1198.27 573.069 4079
1191.32 573.069 4079
1187.27 574.474 4089
1180.3 574.474 4089
1173.33 574.474 4089
1166.36 574.474 4089
1159.39 574.474 4089
1152.42 574.474 4089
1145.44 574.474 4089
1135.69 573.069 4079
1128.74 573.069 4079
1121.78 573.069 4079
1112.1 571.664 4069
1107.88 573.069 4079
1103.62 574.474 4089
1096.65 574.474 4089
1089.68 574.474 4089
1082.71 574.474 4089
1075.74 574.474 4089
1068.77 574.474 4089
-3.00924 67.4364 480
-3.82752 67.4364 480
-4.6458 67.4364 480
-5.46407 67.4364 480
-6.28235 67.4364 480
-7.10063 67.4364 480
-7.91891 67.4364 480
-8.73719 67.4364 480
-9.55547 67.4364 480
-10.3521 67.2959 479
-11.1687 67.2959 479
-11.9853 67.2959 479
-12.8019 67.2959 479
-13.6184 67.2959 479
-14.3747 67.0149 477
-15.1561 66.8744 476
-15.9004 66.5934 474
-16.7085 66.5934 474
-17.5165 66.5934 474
1215.15 567.497 4089
1208.18 567.497 4089
1201.21 567.497 4089
1191.32 566.11 4079
1187.27 567.497 4089
1180.3 567.497 4089
1173.33 567.497 4089
1166.36 567.497 4089
1159.39 567.497 4089
1149.6 566.11 4079
1142.64 566.11 4079
1132.91 564.722 4069
1125.97 564.722 4069
1119.03 564.722 4069
1112.1 564.722 4069
1105.16 564.722 4069
1103.62 567.497 4089
1096.65 567.497 4089
1089.68 567.497 4089
1082.71 567.497 4089
1075.74 567.497 4089
1068.77 567.497 4089
1061.8 567.497 4089
-3.00924 66.6175 480
-3.82752 66.6175 480
-4.6458 66.6175 480
-5.45269 66.4787 479
-6.26927 66.4787 479
-7.08584 66.4787 479
-7.90241 66.4787 479
-8.71899 66.4787 479
-9.53556 66.4787 479
-10.3521 66.4787 479
-11.1454 66.3399 478
-11.9603 66.3399 478
-12.7751 66.3399 478
-13.59 66.3399 478
-14.3747 66.2011 477
-15.1561 66.0623 476
-15.9004 65.7848 474
-16.7085 65.7848 474
-17.5165 65.7848 474
1215.15 560.521 4089
1208.18 560.521 4089
1201.21 560.521 4089
1191.32 559.15 4079
1187.27 560.521 4089
1180.3 560.521 4089
1173.33 560.521 4089
1166.36 560.521 4089
1159.39 560.521 4089
1149.6 559.15 4079
1142.64 559.15 4079
1132.91 557.78 4069
1125.97 557.78 4069
1119.03 557.78 4069
1112.1 557.78 4069
1105.16 557.78 4069
1103.62 560.521 4089
1096.65 560.521 4089
1089.68 560.521 4089
1082.71 560.521 4089
1075.74 560.521 4089
1068.77 560.521 4089
1061.8 560.521 4089
-3.00297 65.6615 479
-3.81954 65.6615 479
-4.63612 65.6615 479
-5.45269 65.6615 479
-6.26927 65.6615 479
-7.08584 65.6615 479
-7.90241 65.6615 479
-8.71899 65.6615 479
-9.53556 65.6615 479
-10.3521 65.6615 479
-11.1454 65.5244 478
-11.9603 65.5244 478
-12.7751 65.5244 478
-13.5616 65.3873 477
-14.3747 65.3873 477
-15.1242 65.1131 475
-15.9004 64.9761 474
-16.7085 64.9761 474
-17.5165 64.9761 474
1215.15 553.545 4089
1208.18 553.545 4089
1201.21 553.545 4089
1191.32 552.191 4079
1187.27 553.545 4089
1180.3 553.545 4089
1173.33 553.545 4089
1166.36 553.545 4089
1159.39 553.545 4089
1149.6 552.191 4079
1142.64 552.191 4079
1132.91 550.838 4069
1125.97 550.838 4069
1119.03 550.838 4069
1112.1 550.838 4069
1105.16 550.838 4069
1100.92 552.191 4079
1093.97 552.191 4079
1089.68 553.545 4089
1082.71 553.545 4089
1075.74 553.545 4089
1068.77 553.545 4089
1061.8 553.545 4089
-2.18639 64.8442 479
-3.00297 64.8442 479
-3.81954 64.8442 479
-4.63612 64.8442 479
-5.45269 64.8442 479
-6.26927 64.8442 479
-7.08584 64.8442 479
-7.90241 64.8442 479
-8.71899 64.8442 479
-9.53556 64.8442 479
-10.3305 64.7089 478
-11.1221 64.5735 477
-11.9352 64.5735 477
-12.7484 64.5735 477
-13.5331 64.4381 476
-14.3446 64.4381 476
-15.1242 64.3027 475
-15.9004 64.1674 474
-16.7085 64.1674 474
-17.5165 64.1674 474
1222.12 546.569 4089
1215.15 546.569 4089
1208.18 546.569 4089
1201.21 546.569 4089
1191.32 545.232 4079
1187.27 546.569 4089
1180.3 546.569 4089
1173.33 546.569 4089
1166.36 546.569 4089
1159.39 546.569 4089
1149.6 545.232 4079
1142.64 545.232 4079
1132.91 543.895 4069
1125.97 543.895 4069
1119.03 543.895 4069
1112.1 543.895 4069
1107.88 545.232 4079
1100.92 545.232 4079
1093.97 545.232 4079
1089.68 546.569 4089
1082.71 546.569 4089
1075.74 546.569 4089
1068.77 546.569 4089
1061.8 546.569 4089
-1.36696 63.8933 478
-2.18639 64.027 479
-3.00297 64.027 479
-3.81954 64.027 479
-4.63612 64.027 479
-5.45269 64.027 479
-6.26927 64.027 479
-7.08584 64.027 479
-7.90241 64.027 479
-8.71899 64.027 479
-9.53556 64.027 479
-10.3305 63.8933 478
-11.1221 63.7597 477
-11.9352 63.7597 477
-12.7484 63.7597 477
-13.5331 63.626 476
-14.3446 63.626 476
-15.0924 63.3587 474
-15.9004 63.3587 474
-16.7085 63.3587 474
1226.09 538.273 4079
1222.12 539.592 4089
1215.15 539.592 4089
1208.18 539.592 4089
1201.21 539.592 4089
1191.32 538.273 4079
1184.37 538.273 4079
1177.41 538.273 4079
1170.46 538.273 4079
1163.5 538.273 4079
1156.55 538.273 4079
1149.6 538.273 4079
1142.64 538.273 4079
1130.12 535.634 4059
1123.2 535.634 4059
1116.28 535.634 4059
1112.1 536.953 4069
1107.88 538.273 4079
1100.92 538.273 4079
1093.97 538.273 4079
1089.68 539.592 4089
1082.71 539.592 4089
1075.74 539.592 4089
1068.77 539.592 4089
-1.36696 63.0778 478
-2.18639 63.2098 479
-3.00297 63.2098 479
-3.81954 63.2098 479
-4.63612 63.2098 479
-5.44131 63.0778 478
-6.25618 63.0778 478
-7.07105 63.0778 478
-7.88592 63.0778 478
-8.70079 63.0778 478
-9.51565 63.0778 478
-10.3089 62.9459 477
-11.0988 62.8139 476
-11.9102 62.8139 476
-12.7217 62.8139 476
-13.5331 62.8139 476
-14.3145 62.6819 475
-15.1242 62.6819 475
-15.934 62.6819 475
-16.7085 62.55 474
1226.09 531.314 4079
1222.12 532.616 4089
1215.15 532.616 4089
1208.18 532.616 4089
1195.34 530.011 4069
1188.4 530.011 4069
1184.37 531.314 4079
1177.41 531.314 4079
1170.46 531.314 4079
1163.5 531.314 4079
1156.55 531.314 4079
1149.6 531.314 4079
1142.64 531.314 4079
1130.12 528.709 4059
1123.2 528.709 4059
1116.28 528.709 4059
1112.1 530.011 4069
1107.88 531.314 4079
1103.62 532.616 4089
1096.65 532.616 4089
1089.68 532.616 4089
1082.71 532.616 4089
1075.74 532.616 4089
1068.77 532.616 4089
0.262778 62.2623 478
-0.552091 62.2623 478
-1.36696 62.2623 478
-2.18639 62.3926 479
-3.00297 62.3926 479
-3.81954 62.3926 479
-4.62644 62.2623 478
-5.44131 62.2623 478
-6.25618 62.2623 478
-7.07105 62.2623 478
-7.88592 62.2623 478
-8.70079 62.2623 478
-9.51565 62.2623 478
-10.3089 62.132 477
-11.0988 62.0018 476
-11.9102 62.0018 476
-12.7484 62.132 477
-13.5616 62.132 477
-14.3747 62.132 477
-15.1242 61.8715 475
-15.934 61.8715 475
-16.6732 61.611 473
1239.99 524.354 4079
1233.04 524.354 4079
1226.09 524.354 4079
1219.13 524.354 4079
1212.18 524.354 4079
1199.32 521.784 4059
1192.4 521.784 4059
1185.48 521.784 4059
1178.56 521.784 4059
1171.64 521.784 4059
1164.72 521.784 4059
1157.8 521.784 4059
1150.88 521.784 4059
1143.96 521.784 4059
1137.04 521.784 4059
1130.12 521.784 4059
1123.2 521.784 4059
1116.28 521.784 4059
1112.1 523.069 4069
1107.88 524.354 4079
1103.62 525.64 4089
1096.65 525.64 4089
1089.68 525.64 4089
1082.71 525.64 4089
1075.74 525.64 4089
1068.77 525.64 4089
0.262778 61.4468 478
-0.552091 61.4468 478
-1.36696 61.4468 478
-2.18183 61.4468 478
-2.9967 61.4468 478
-3.81157 61.4468 478
-4.62644 61.4468 478
-5.44131 61.4468 478
-6.25618 61.4468 478
-7.07105 61.4468 478
-7.88592 61.4468 478
-8.70079 61.4468 478
-9.51565 61.4468 478
-10.3089 61.3182 477
-11.0988 61.1897 476
-11.9102 61.1897 476
-12.7484 61.3182 477
-13.5616 61.3182 477
-14.3747 61.3182 477
-15.1242 61.0611 475
-15.934 61.0611 475
1256.98 518.664 4089
1250.01 518.664 4089
1243.03 518.664 4089
1233.04 517.395 4079
1226.09 517.395 4079
1213.16 514.858 4059
1206.24 514.858 4059
1196.36 513.59 4049
1186.52 512.322 4039
1179.64 512.322 4039
1175.65 513.59 4049
1168.75 513.59 4049
1164.72 514.858 4059
1157.8 514.858 4059
1150.88 514.858 4059
1143.96 514.858 4059
1137.04 514.858 4059
1130.12 514.858 4059
1123.2 514.858 4059
1116.28 514.858 4059
1112.1 516.127 4069
1107.88 517.395 4079
1103.62 518.664 4089
1096.65 518.664 4089
1089.68 518.664 4089
1082.71 518.664 4089
1075.74 518.664 4089
1068.77 518.664 4089
0.262778 60.6313 478
-0.552091 60.6313 478
-1.36696 60.6313 478
-2.18183 60.6313 478
-2.9967 60.6313 478
-3.81157 60.6313 478
-4.62644 60.6313 478
-5.44131 60.6313 478
-6.25618 60.6313 478
-7.07105 60.6313 478
-7.88592 60.6313 478
-8.70079 60.6313 478
-9.51565 60.6313 478
-10.3089 60.5044 477
-11.0988 60.3776 476
-11.9102 60.3776 476
-12.7484 60.5044 477
-13.5616 60.5044 477
-14.3747 60.5044 477
1256.98 511.687 4089
1250.01 511.687 4089
1243.03 511.687 4089
1233.04 510.436 4079
1226.09 510.436 4079
1213.16 507.933 4059
1206.24 507.933 4059
1196.36 506.682 4049
1186.52 505.431 4039
1179.64 505.431 4039
1172.75 505.431 4039
1165.87 505.431 4039
1161.85 506.682 4049
1154.95 506.682 4049
1150.88 507.933 4059
1143.96 507.933 4059
1137.04 507.933 4059
1130.12 507.933 4059
1123.2 507.933 4059
1116.28 507.933 4059
1112.1 509.185 4069
1107.88 510.436 4079
1103.62 511.687 4089
1096.65 511.687 4089
1089.68 511.687 4089
1082.71 511.687 4089
1075.74 511.687 4089
1068.77 511.687 4089
0.262778 59.8158 478
-0.552091 59.8158 478
-1.36696 59.8158 478
-2.18183 59.8158 478
-2.9967 59.8158 478
-3.81157 59.8158 478
-4.62644 59.8158 478
-5.44131 59.8158 478
-6.25618 59.8158 478
-7.05625 59.6906 477
-7.86942 59.6906 477
-8.68258 59.6906 477
-9.49575 59.6906 477
-10.3089 59.6906 477
-11.0988 59.5655 476
-11.9102 59.5655 476
-12.7484 59.6906 477
-13.5616 59.6906 477
-14.3747 59.6906 477
1256.98 504.711 4089
1250.01 504.711 4089
1243.03 504.711 4089
1233.04 503.477 4079
1223.08 502.243 4069
1210.17 499.774 4049
1203.27 499.774 4049
1196.36 499.774 4049
1183.88 497.429 4030
1177.01 497.429 4030
1172.75 498.54 4039
1165.87 498.54 4039
1161.85 499.774 4049
1154.95 499.774 4049
1150.88 501.008 4059
1143.96 501.008 4059
1137.04 501.008 4059
1130.12 501.008 4059
1123.2 501.008 4059
1116.28 501.008 4059
1112.1 502.243 4069
1107.88 503.477 4079
1103.62 504.711 4089
1096.65 504.711 4089
1089.68 504.711 4089
1082.71 504.711 4089
1075.74 504.711 4089
1068.77 504.711 4089
0.262229 58.8768 477
-0.550936 58.8768 477
-1.36696 59.0002 478
-2.18183 59.0002 478
-2.9967 59.0002 478
-3.81157 59.0002 478
-4.62644 59.0002 478
-5.42992 58.8768 477
-6.24309 58.8768 477
-7.05625 58.8768 477
-7.86942 58.8768 477
-8.68258 58.8768 477
-9.49575 58.8768 477
-10.2873 58.7534 476
-11.0754 58.6299 475
-11.9102 58.7534 476
-12.7484 58.8768 477
-13.5616 58.8768 477
-14.3747 58.8768 477
1256.98 497.735 4089
1250.01 497.735 4089
1243.03 497.735 4089
1233.04 496.518 4079
1223.08 495.3 4069
1210.17 492.866 4049
1203.27 492.866 4049
1193.41 491.649 4039
1183.88 490.553 4030
1177.01 490.553 4030
1170.14 490.553 4030
1163.27 490.553 4030
1156.4 490.553 4030
1152.09 491.649 4039
1148.04 492.866 4049
1141.14 492.866 4049
1137.04 494.083 4059
1130.12 494.083 4059
1123.2 494.083 4059
1116.28 494.083 4059
1112.1 495.3 4069
1105.16 495.3 4069
1100.92 496.518 4079
1093.97 496.518 4079
1089.68 497.735 4089
1082.71 497.735 4089
1075.74 497.735 4089
1068.77 497.735 4089
77.619 69.8703 574
76.6405 69.8703 574
75.662 69.8703 574
74.6835 69.8703 574
73.7049 69.8703 574
72.7264 69.8703 574
0.261679 57.9413 476
-0.549781 57.9413 476
-1.3641 58.063 477
-2.17727 58.063 477
-2.99043 58.063 477
-3.80359 58.063 477
-4.61676 58.063 477
-5.42992 58.063 477
-6.24309 58.063 477
-7.04146 57.9413 476
-7.85292 57.9413 476
-8.66438 57.9413 476
-9.47584 57.9413 476
-10.2657 57.8195 475
-11.0754 57.8195 475
-11.8852 57.8195 475
-12.695 57.8195 475
-13.5047 57.8195 475
-14.3145 57.8195 475
-15.0924 57.6978 474
-15.9004 57.6978 474
1311.79 465.675 3880
1305.17 465.675 3880
1339.06 480.197 4001
1348.22 485.958 4049
1341.32 485.958 4049
1341 488.358 4069
1334.07 488.358 4069
1333.65 490.759 4089
1326.68 490.759 4089
1319.71 490.759 4089
1277.89 490.759 4089
1270.92 490.759 4089
1263.95 490.759 4089
1253.9 489.559 4079
1246.95 489.559 4079
1239.99 489.559 4079
1230.02 488.358 4069
1220.08 487.158 4059
1210.17 485.958 4049
1203.27 485.958 4049
1193.41 484.758 4039
1183.88 483.678 4030
1177.01 483.678 4030
1170.14 483.678 4030
1163.27 483.678 4030
1156.4 483.678 4030
1154.95 485.958 4049
1148.04 485.958 4049
1141.14 485.958 4049
1137.04 487.158 4059
1132.91 488.358 4069
1125.97 488.358 4069
1119.03 488.358 4069
1112.1 488.358 4069
1105.16 488.358 4069
1098.22 488.358 4069
1093.97 489.559 4079
1089.68 490.759 4089
1082.71 490.759 4089
1075.74 490.759 4089
78.4606 68.771 573
77.619 68.891 574
76.6405 68.891 574
75.662 68.891 574
74.6835 68.891 574
73.7049 68.891 574
72.7264 68.891 574
0.261679 57.1292 476
-0.549781 57.1292 476
-1.3641 57.2492 477
-2.17727 57.2492 477
-2.99043 57.2492 477
-3.80359 57.2492 477
-4.61676 57.2492 477
-5.42992 57.2492 477
-6.24309 57.2492 477
-7.04146 57.1292 476
-7.85292 57.1292 476
-8.66438 57.1292 476
-9.47584 57.1292 476
-10.2657 57.0091 475
-11.0754 57.0091 475
-11.8852 57.0091 475
-12.695 57.0091 475
-13.5047 57.0091 475
-14.3145 57.0091 475
-15.0924 56.8891 474
-15.9004 56.8891 474
-16.6732 56.7691 473
1311.79 459.055 3880
1305.17 459.055 3880
1339.06 473.371 4001
1348.22 479.05 4049
1341.32 479.05 4049
1341 481.416 4069
1334.07 481.416 4069
1333.65 483.782 4089
1326.68 483.782 4089
1319.71 483.782 4089
1296.69 477.867 4039
1293 479.05 4049
1286.1 479.05 4049
1279.19 479.05 4049
1272.29 479.05 4049
1277.89 483.782 4089
1270.92 483.782 4089
1263.95 483.782 4089
1253.9 482.599 4079
1246.95 482.599 4079
1239.99 482.599 4079
1230.02 481.416 4069
1220.08 480.233 4059
1210.17 479.05 4049
1203.27 479.05 4049
1193.41 477.867 4039
1183.88 476.802 4030
1177.01 476.802 4030
1167.23 475.619 4020
1160.38 475.619 4020
1161.85 479.05 4049
1157.8 480.233 4059
1150.88 480.233 4059
1143.96 480.233 4059
1139.84 481.416 4069
1132.91 481.416 4069
1125.97 481.416 4069
1119.03 481.416 4069
1114.83 482.599 4079
1107.88 482.599 4079
1100.92 482.599 4079
1093.97 482.599 4079
1089.68 483.782 4089
1082.71 483.782 4089
1075.74 483.782 4089
79.2988 67.6751 572
78.4606 67.7934 573
77.619 67.9117 574
76.6405 67.9117 574
75.662 67.9117 574
74.6835 67.9117 574
73.7049 67.9117 574
72.7264 67.9117 574
71.4979 67.6751 572
69.0613 67.2019 568
68.093 67.2019 568
67.1247 67.2019 568
66.1564 67.2019 568
65.1881 67.2019 568
0.261679 56.3171 476
-0.549781 56.3171 476
-1.36124 56.3171 476
-2.1727 56.3171 476
-2.98416 56.3171 476
-3.79562 56.3171 476
-4.60708 56.3171 476
-5.41854 56.3171 476
-6.23 56.3171 476
-7.02667 56.1987 475
-7.83642 56.1987 475
-8.64618 56.1987 475
-9.45593 56.1987 475
-10.2657 56.1987 475
-11.0754 56.1987 475
-11.8852 56.1987 475
-12.695 56.1987 475
-13.5047 56.1987 475
-14.3145 56.1987 475
-15.0924 56.0804 474
-15.9004 56.0804 474
-16.6732 55.9621 473
1311.79 452.435 3880
1305.17 452.435 3880
1339.06 466.545 4001
1348.22 472.142 4049
1341.32 472.142 4049
1341 474.474 4069
1334.07 474.474 4069
1333.65 476.806 4089
1326.68 476.806 4089
1319.71 476.806 4089
1296.69 470.976 4039
1293 472.142 4049
1286.1 472.142 4049
1279.19 472.142 4049
1272.29 472.142 4049
1277.89 476.806 4089
1270.92 476.806 4089
1263.95 476.806 4089
1250.83 474.474 4069
1243.89 474.474 4069
1236.96 474.474 4069
1227 473.308 4059
1211.36 469.926 4030
1204.49 469.926 4030
1197.62 469.926 4030
1190.75 469.926 4030
1183.88 469.926 4030
1177.01 469.926 4030
1167.23 468.76 4020
1160.38 468.76 4020
1161.85 472.142 4049
1157.8 473.308 4059
1150.88 473.308 4059
1143.96 473.308 4059
1139.84 474.474 4069
1132.91 474.474 4069
1125.97 474.474 4069
1119.03 474.474 4069
1114.83 475.64 4079
1107.88 475.64 4079
1100.92 475.64 4079
1093.97 475.64 4079
1089.68 476.806 4089
1082.71 476.806 4089
1075.74 476.806 4089
79.2988 66.6992 572
78.4606 66.8158 573
77.619 66.9324 574
76.6405 66.9324 574
75.662 66.9324 574
74.6835 66.9324 574
73.7049 66.9324 574
72.5997 66.8158 573
71.4979 66.6992 572
69.0613 66.2328 568
68.093 66.2328 568
67.1247 66.2328 568
66.1564 66.2328 568
65.1881 66.2328 568
0.261679 55.505 476
-0.549781 55.505 476
-1.36124 55.505 476
-2.1727 55.505 476
-2.98416 55.505 476
-3.79562 55.505 476
-4.60708 55.505 476
-5.41854 55.505 476
-6.23 55.505 476
-7.02667 55.3883 475
-7.83642 55.3883 475
-8.64618 55.3883 475
-9.45593 55.3883 475
-10.2657 55.3883 475
-11.0754 55.3883 475
-11.8852 55.3883 475
-12.695 55.3883 475
-13.5047 55.3883 475
-14.2843 55.2717 474
-15.0924 55.2717 474
-15.9004 55.2717 474
-16.6732 55.1551 473
1320.92 448.918 3907
1314.26 448.918 3907
1310.61 449.952 3916
1319.58 455.352 3963
1315.81 456.387 3972
1309.04 456.387 3972
1305.54 457.536 3982
1317.35 464.085 4039
1310.46 464.085 4039
1303.58 464.085 4039
1296.69 464.085 4039
1293 465.234 4049
1286.1 465.234 4049
1279.19 465.234 4049
1272.29 465.234 4049
1265.39 465.234 4049
1258.49 465.234 4049
1245.71 463.051 4030
1238.84 463.051 4030
1231.97 463.051 4030
1225.1 463.051 4030
1218.23 463.051 4030
1208.35 461.902 4020
1204.49 463.051 4030
1197.62 463.051 4030
1190.75 463.051 4030
1180.94 461.902 4020
1174.09 461.902 4020
1167.23 461.902 4020
1160.38 461.902 4020
1161.85 465.234 4049
1157.8 466.383 4059
1150.88 466.383 4059
1143.96 466.383 4059
1139.84 467.532 4069
1132.91 467.532 4069
1125.97 467.532 4069
1119.03 467.532 4069
1114.83 468.681 4079
1107.88 468.681 4079
1100.92 468.681 4079
1093.97 468.681 4079
1087.01 468.681 4079
1080.06 468.681 4079
1073.11 468.681 4079
83.4902 65.9531 574
82.5117 65.9531 574
81.5331 65.9531 574
80.5546 65.9531 574
79.5761 65.9531 574
78.4606 65.8382 573
77.4838 65.8382 573
76.507 65.8382 573
75.5302 65.8382 573
74.5534 65.8382 573
73.5765 65.8382 573
72.5997 65.8382 573
71.4979 65.7233 572
70.1529 65.3786 569
69.1829 65.3786 569
68.2129 65.3786 569
67.1247 65.2637 568
66.1564 65.2637 568
65.1881 65.2637 568
0.261679 54.6928 476
-0.549781 54.6928 476
-1.36124 54.6928 476
-2.1727 54.6928 476
-2.99043 54.8077 477
-3.80359 54.8077 477
-4.61676 54.8077 477
-5.41854 54.6928 476
-6.23 54.6928 476
-7.04146 54.6928 476
-7.85292 54.6928 476
-8.66438 54.6928 476
-9.47584 54.6928 476
-10.2657 54.5779 475
-11.0754 54.5779 475
-11.8852 54.5779 475
-12.695 54.5779 475
-13.5047 54.5779 475
-14.3145 54.5779 475
-15.0924 54.463 474
-15.9004 54.463 474
-16.7085 54.463 474
1343.21 447.459 3953
1336.47 447.459 3953
1329.73 447.459 3953
1316.97 445.422 3935
1310.26 445.422 3935
1303.55 445.422 3935
1306.07 448.591 3963
1299.31 448.591 3963
1298.76 450.742 3982
1291.97 450.742 3982
1300.67 456.175 4030
1296.69 457.194 4039
1289.8 457.194 4039
1282.92 457.194 4039
1276.03 457.194 4039
1269.15 457.194 4039
1262.26 457.194 4039
1252.58 456.175 4030
1245.71 456.175 4030
1238.84 456.175 4030
1231.97 456.175 4030
1222.06 455.043 4020
1215.21 455.043 4020
1205.35 453.911 4010
1201.5 455.043 4020
1194.65 455.043 4020
1187.79 455.043 4020
1180.94 455.043 4020
1174.09 455.043 4020
1167.23 455.043 4020
1160.38 455.043 4020
1158.98 457.194 4039
1154.95 458.326 4049
1148.04 458.326 4049
1143.96 459.458 4059
1137.04 459.458 4059
1132.91 460.59 4069
1125.97 460.59 4069
1119.03 460.59 4069
1112.1 460.59 4069
1105.16 460.59 4069
1098.22 460.59 4069
1093.97 461.722 4079
1087.01 461.722 4079
1080.06 461.722 4079
1073.11 461.722 4079
85.1495 64.7474 572
84.1744 64.7474 572
83.4902 64.9738 574
82.5117 64.9738 574
81.5331 64.9738 574
80.5546 64.9738 574
79.5761 64.9738 574
78.4606 64.8606 573
77.4838 64.8606 573
76.3735 64.7474 572
75.3984 64.7474 572
74.4232 64.7474 572
73.4481 64.7474 572
72.473 64.7474 572
71.3729 64.6343 571
70.1529 64.4079 569
69.1829 64.4079 569
68.2129 64.4079 569
67.1247 64.2947 568
66.1564 64.2947 568
65.1881 64.2947 568
0.261679 53.8807 476
-0.549781 53.8807 476
-1.3641 53.9939 477
-2.17727 53.9939 477
-2.99043 53.9939 477
-3.80359 53.9939 477
-4.61676 53.9939 477
-5.42992 53.9939 477
-6.24309 53.9939 477
-7.04146 53.8807 476
-7.85292 53.8807 476
-8.66438 53.8807 476
-9.47584 53.8807 476
-10.2873 53.8807 476
-11.0754 53.7675 475
-11.9102 53.8807 476
-12.7217 53.8807 476
-13.5331 53.8807 476
-14.3145 53.7675 475
-15.1242 53.7675 475
-15.934 53.7675 475
-16.7085 53.6544 474
1343.21 440.715 3953
1336.47 440.715 3953
1329.73 440.715 3953
1319.98 439.712 3944
1313.26 439.712 3944
1306.53 439.712 3944
1306.07 441.83 3963
1299.31 441.83 3963
1298.76 443.948 3982
1291.97 443.948 3982
1300.67 449.3 4030
1296.69 450.303 4039
1289.8 450.303 4039
1282.92 450.303 4039
1276.03 450.303 4039
1269.15 450.303 4039
1262.26 450.303 4039
1255.38 450.303 4039
1245.71 449.3 4030
1238.84 449.3 4030
1231.97 449.3 4030
1222.06 448.185 4020
1215.21 448.185 4020
1205.35 447.07 4010
1201.5 448.185 4020
1194.65 448.185 4020
1187.79 448.185 4020
1180.94 448.185 4020
1174.09 448.185 4020
1167.23 448.185 4020
1160.38 448.185 4020
1158.98 450.303 4039
1154.95 451.418 4049
1148.04 451.418 4049
1141.14 451.418 4049
1137.04 452.533 4059
1132.91 453.648 4069
1125.97 453.648 4069
1119.03 453.648 4069
1109.36 452.533 4059
1102.44 452.533 4059
1095.52 452.533 4059
1091.29 453.648 4069
1087.01 454.763 4079
1080.06 454.763 4079
1073.11 454.763 4079
85.1495 63.7716 572
84.1744 63.7716 572
83.4902 63.9945 574
82.5117 63.9945 574
81.5331 63.9945 574
80.5546 63.9945 574
79.5761 63.9945 574
78.4606 63.883 573
77.4838 63.883 573
76.3735 63.7716 572
75.3984 63.7716 572
74.4232 63.7716 572
73.4481 63.7716 572
72.473 63.7716 572
71.3729 63.6601 571
70.1529 63.4371 569
69.1829 63.4371 569
68.2129 63.4371 569
67.1247 63.3256 568
66.1564 63.3256 568
65.1881 63.3256 568
-1.3641 53.1801 477
-2.17727 53.1801 477
-2.99043 53.1801 477
-3.80359 53.1801 477
-4.61676 53.1801 477
-5.42992 53.1801 477
-6.24309 53.1801 477
-7.04146 53.0686 476
-7.85292 53.0686 476
-8.66438 53.0686 476
-9.47584 53.0686 476
-10.2873 53.0686 476
-11.0754 52.9571 475
-11.9102 53.0686 476
-12.7217 53.0686 476
-13.5331 53.0686 476
-14.3145 52.9571 475
-15.1242 52.9571 475
-15.934 52.9571 475
-16.7085 52.8457 474
1343.21 433.971 3953
1336.47 433.971 3953
1329.73 433.971 3953
1319.98 432.983 3944
1313.26 432.983 3944
1306.53 432.983 3944
1306.07 435.069 3963
1299.31 435.069 3963
1295.49 436.057 3972
1288.72 436.057 3972
1300.67 442.424 4030
1296.69 443.412 4039
1289.8 443.412 4039
1282.92 443.412 4039
1276.03 443.412 4039
1269.15 443.412 4039
1262.26 443.412 4039
1255.38 443.412 4039
1245.71 442.424 4030
1235.77 441.326 4020
1228.91 441.326 4020
1222.06 441.326 4020
1212.18 440.228 4010
1205.35 440.228 4010
1201.5 441.326 4020
1194.65 441.326 4020
1187.79 441.326 4020
1180.94 441.326 4020
1174.09 441.326 4020
1167.23 441.326 4020
1160.38 441.326 4020
1158.98 443.412 4039
1154.95 444.51 4049
1148.04 444.51 4049
1141.14 444.51 4049
1137.04 445.608 4059
1132.91 446.706 4069
1125.97 446.706 4069
1119.03 446.706 4069
1109.36 445.608 4059
1102.44 445.608 4059
1095.52 445.608 4059
1091.29 446.706 4069
1087.01 447.803 4079
1080.06 447.803 4079
1073.11 447.803 4079
92.9504 62.7957 572
91.9753 62.7957 572
91.0002 62.7957 572
90.0251 62.7957 572
89.05 62.7957 572
88.0749 62.7957 572
87.0998 62.7957 572
86.1246 62.7957 572
85.1495 62.7957 572
84.1744 62.7957 572
83.4902 63.0152 574
82.5117 63.0152 574
81.5331 63.0152 574
80.5546 63.0152 574
79.4375 62.9054 573
78.3237 62.7957 572
77.3486 62.7957 572
76.3735 62.7957 572
75.3984 62.7957 572
74.4232 62.7957 572
73.4481 62.7957 572
72.3463 62.6859 571
71.1229 62.4663 569
70.1529 62.4663 569
69.1829 62.4663 569
68.2129 62.4663 569
67.1247 62.3565 568
66.1564 62.3565 568
65.1881 62.3565 568
-1.3641 52.3663 477
-2.17727 52.3663 477
-2.99043 52.3663 477
-3.80359 52.3663 477
-4.61676 52.3663 477
-5.42992 52.3663 477
-6.24309 52.3663 477
-7.05625 52.3663 477
-7.86942 52.3663 477
-8.66438 52.2565 476
-9.47584 52.2565 476
-10.2873 52.2565 476
-11.0988 52.2565 476
-11.9102 52.2565 476
-12.7217 52.2565 476
-13.5331 52.2565 476
-14.3446 52.2565 476
-15.1242 52.1467 475
-15.934 52.1467 475
1382.62 439.763 4069
1375.69 439.763 4069
1368.75 439.763 4069
1348.76 435.548 4030
1341.89 435.548 4030
1315.81 429.28 3972
1309.04 429.28 3972
1302.27 429.28 3972
1314.41 435.548 4030
1307.54 435.548 4030
1303.58 436.521 4039
1299.9 437.602 4049
1293 437.602 4049
1286.1 437.602 4049
1279.19 437.602 4049
1272.29 437.602 4049
1265.39 437.602 4049
1255.38 436.521 4039
1245.71 435.548 4030
1235.77 434.468 4020
1228.91 434.468 4020
1219.02 433.387 4010
1212.18 433.387 4010
1202.64 432.414 4001
1198.51 433.387 4010
1191.68 433.387 4010
1184.84 433.387 4010
1178 433.387 4010
1171.17 433.387 4010
1164.33 433.387 4010
1160.38 434.468 4020
1153.53 434.468 4020
1152.09 436.521 4039
1145.21 436.521 4039
1141.14 437.602 4049
1134.24 437.602 4049
1130.12 438.683 4059
1123.2 438.683 4059
1116.28 438.683 4059
1109.36 438.683 4059
1102.44 438.683 4059
1095.52 438.683 4059
1088.6 438.683 4059
1087.01 440.844 4079
1080.06 440.844 4079
1073.11 440.844 4079
93.433 61.4955 569
92.9504 61.8198 572
91.9753 61.8198 572
91.0002 61.8198 572
90.0251 61.8198 572
89.05 61.8198 572
88.0749 61.8198 572
87.0998 61.8198 572
86.1246 61.8198 572
85.1495 61.8198 572
84.1744 61.8198 572
83.1993 61.8198 572
82.2242 61.8198 572
81.2491 61.8198 572
80.2739 61.8198 572
79.2988 61.8198 572
78.3237 61.8198 572
77.3486 61.8198 572
76.24 61.7117 571
75.2665 61.7117 571
74.2931 61.7117 571
73.3197 61.7117 571
72.2196 61.6036 570
71.1229 61.4955 569
70.1529 61.4955 569
69.1829 61.4955 569
68.093 61.3875 568
67.1247 61.3875 568
66.04 61.2794 567
65.0734 61.2794 567
64.1068 61.2794 567
-2.17727 51.5525 477
-2.99043 51.5525 477
-3.80359 51.5525 477
-4.61676 51.5525 477
-5.42992 51.5525 477
-6.24309 51.5525 477
-7.05625 51.5525 477
-7.86942 51.5525 477
-8.66438 51.4444 476
-9.47584 51.4444 476
-10.2873 51.4444 476
-11.0988 51.4444 476
-11.9102 51.4444 476
-12.7217 51.4444 476
-13.5331 51.4444 476
-14.3446 51.4444 476
-15.1242 51.3363 475
-15.934 51.3363 475
1382.62 432.821 4069
1375.69 432.821 4069
1368.75 432.821 4069
1361.81 432.821 4069
1354.88 432.821 4069
1335.02 428.673 4030
1324.86 427.609 4020
1318 427.609 4020
1320.61 430.694 4049
1313.71 430.694 4049
1310.03 431.758 4059
1303.11 431.758 4059
1296.19 431.758 4059
1289.27 431.758 4059
1282.35 431.758 4059
1275.43 431.758 4059
1268.51 431.758 4059
1261.59 431.758 4059
1248.49 429.63 4039
1238.84 428.673 4030
1231.97 428.673 4030
1222.06 427.609 4020
1212.18 426.545 4010
1196.93 423.567 3982
1192.83 424.524 3991
1186.03 424.524 3991
1182.18 425.588 4001
1175.36 425.588 4001
1168.54 425.588 4001
1161.72 425.588 4001
1154.9 425.588 4001
1150.66 426.545 4010
1143.82 426.545 4010
1136.99 426.545 4010
1135.79 428.673 4030
1134.24 430.694 4049
1130.12 431.758 4059
1123.2 431.758 4059
1116.28 431.758 4059
1109.36 431.758 4059
1102.44 431.758 4059
1095.52 431.758 4059
1088.6 431.758 4059
1087.01 433.885 4079
1080.06 433.885 4079
1073.11 433.885 4079
93.9052 60.2057 566
93.433 60.5248 569
92.9504 60.8439 572
91.9753 60.8439 572
91.0002 60.8439 572
90.0251 60.8439 572
89.05 60.8439 572
88.0749 60.8439 572
87.0998 60.8439 572
86.1246 60.8439 572
85.1495 60.8439 572
84.1744 60.8439 572
83.1993 60.8439 572
82.2242 60.8439 572
81.2491 60.8439 572
80.2739 60.8439 572
79.2988 60.8439 572
78.1868 60.7375 571
77.2134 60.7375 571
76.1064 60.6311 570
75.1347 60.6311 570
74.163 60.6311 570
73.1913 60.6311 570
72.0929 60.5248 569
71.1229 60.5248 569
70.0296 60.4184 568
69.0613 60.4184 568
68.093 60.4184 568
67.1247 60.4184 568
66.04 60.312 567
65.0734 60.312 567
64.1068 60.312 567
62.9175 60.0993 565
-2.17727 50.7387 477
-2.99043 50.7387 477
-3.80359 50.7387 477
-4.61676 50.7387 477
-5.42992 50.7387 477
-6.24309 50.7387 477
-7.05625 50.7387 477
-7.86942 50.7387 477
-8.66438 50.6323 476
-9.47584 50.6323 476
-10.2873 50.6323 476
-11.0988 50.6323 476
-11.9102 50.6323 476
-12.7217 50.6323 476
-13.5331 50.6323 476
-14.3446 50.6323 476
-15.1242 50.526 475
-15.934 50.526 475
1382.62 425.879 4069
1375.69 425.879 4069
1368.75 425.879 4069
1361.81 425.879 4069
1354.88 425.879 4069
1347.94 425.879 4069
1331.12 422.739 4039
1324.23 422.739 4039
1323.87 424.832 4059
1316.95 424.832 4059
1310.03 424.832 4059
1303.11 424.832 4059
1296.19 424.832 4059
1289.27 424.832 4059
1282.35 424.832 4059
1275.43 424.832 4059
1268.51 424.832 4059
1261.59 424.832 4059
1254.67 424.832 4059
1241.61 422.739 4039
1234.72 422.739 4039
1225.1 421.797 4030
1215.21 420.751 4020
1199.64 417.715 3991
1192.83 417.715 3991
1186.03 417.715 3991
1184.84 419.704 4010
1178 419.704 4010
1171.17 419.704 4010
1164.33 419.704 4010
1157.49 419.704 4010
1150.66 419.704 4010
1149.53 421.797 4030
1142.66 421.797 4030
1138.32 422.739 4039
1137.04 424.832 4059
1130.12 424.832 4059
1123.2 424.832 4059
1116.28 424.832 4059
1109.36 424.832 4059
1102.44 424.832 4059
1095.52 424.832 4059
1091.29 425.879 4069
1087.01 426.926 4079
1080.06 426.926 4079
1073.11 426.926 4079
93.9052 59.24 566
93.433 59.554 569
92.6254 59.6587 570
91.6537 59.6587 570
90.8411 59.7633 571
89.8677 59.7633 571
88.8943 59.7633 571
87.9209 59.7633 571
86.9475 59.7633 571
85.9741 59.7633 571
85.0007 59.7633 571
84.0273 59.7633 571
83.1993 59.868 572
82.2242 59.868 572
81.2491 59.868 572
80.2739 59.868 572
79.2988 59.868 572
78.1868 59.7633 571
77.2134 59.7633 571
76.1064 59.6587 570
75.1347 59.6587 570
74.163 59.6587 570
73.1913 59.6587 570
72.0929 59.554 569
71.1229 59.554 569
70.0296 59.4493 568
69.0613 59.4493 568
68.093 59.4493 568
67.1247 59.4493 568
66.04 59.3447 567
65.0734 59.3447 567
64.1068 59.3447 567
62.9175 59.1353 565
-2.99043 49.9249 477
-3.80359 49.9249 477
-4.61676 49.9249 477
-5.42992 49.9249 477
-6.24309 49.9249 477
-7.05625 49.9249 477
-7.86942 49.9249 477
-8.66438 49.8202 476
-9.47584 49.8202 476
-10.2873 49.8202 476
-11.0988 49.8202 476
-11.9102 49.8202 476
-12.7217 49.8202 476
-13.5331 49.8202 476
-14.3446 49.8202 476
-15.1242 49.7155 475
-15.934 49.7155 475
1382.62 418.937 4069
1375.69 418.937 4069
1368.75 418.937 4069
1361.81 418.937 4069
1354.88 418.937 4069
1347.94 418.937 4069
1331.12 415.848 4039
1324.23 415.848 4039
1323.87 417.907 4059
1316.95 417.907 4059
1310.03 417.907 4059
1303.11 417.907 4059
1296.19 417.907 4059
1289.27 417.907 4059
1282.35 417.907 4059
1275.43 417.907 4059
1268.51 417.907 4059
1261.59 417.907 4059
1254.67 417.907 4059
1241.61 415.848 4039
1234.72 415.848 4039
1225.1 414.922 4030
1215.21 413.892 4020
1199.64 410.906 3991
1192.83 410.906 3991
1186.03 410.906 3991
1184.84 412.862 4010
1178 412.862 4010
1171.17 412.862 4010
1164.33 412.862 4010
1157.49 412.862 4010
1156.4 414.922 4030
1152.09 415.848 4039
1145.21 415.848 4039
1143.96 417.907 4059
1139.84 418.937 4069
1138.47 420.996 4089
1131.5 420.996 4089
1124.53 420.996 4089
1114.83 419.967 4079
1107.88 419.967 4079
1098.22 418.937 4069
1091.29 418.937 4069
1089.68 420.996 4089
1082.71 420.996 4089
1075.74 420.996 4089
96.4578 58.0684 564
95.4964 58.0684 564
94.5349 58.0684 564
93.9052 58.2743 566
93.1045 58.3773 567
92.463 58.5832 569
91.4929 58.5832 569
90.5229 58.5832 569
89.5529 58.5832 569
88.7386 58.6862 570
87.7669 58.6862 570
86.7952 58.6862 570
85.8235 58.6862 570
85.0007 58.7891 571
84.0273 58.7891 571
83.0538 58.7891 571
82.0804 58.7891 571
81.107 58.7891 571
80.1336 58.7891 571
79.1602 58.7891 571
78.0499 58.6862 570
77.0781 58.6862 570
76.1064 58.6862 570
75.1347 58.6862 570
74.0329 58.5832 569
73.0629 58.5832 569
72.0929 58.5832 569
70.9979 58.4803 568
70.0296 58.4803 568
69.0613 58.4803 568
68.093 58.4803 568
67.0066 58.3773 567
66.04 58.3773 567
65.0734 58.3773 567
63.9937 58.2743 566
62.9175 58.1714 565
-4.61676 49.1111 477
-5.42992 49.1111 477
-6.24309 49.1111 477
-7.05625 49.1111 477
-7.86942 49.1111 477
-8.66438 49.0081 476
-9.47584 49.0081 476
-10.2873 49.0081 476
-11.0988 49.0081 476
-11.9102 49.0081 476
-12.7217 49.0081 476
-13.5331 49.0081 476
-14.3145 48.9052 475
1372.11 413.007 4079
1365.16 413.007 4079
1358.21 413.007 4079
1347.94 411.995 4069
1331.12 408.957 4039
1324.23 408.957 4039
1323.87 410.982 4059
1316.95 410.982 4059
1310.03 410.982 4059
1303.11 410.982 4059
1296.19 410.982 4059
1289.27 410.982 4059
1282.35 410.982 4059
1275.43 410.982 4059
1268.51 410.982 4059
1261.59 410.982 4059
1254.67 410.982 4059
1241.61 408.957 4039
1234.72 408.957 4039
1225.1 408.046 4030
1215.21 407.033 4020
1199.64 404.097 3991
1192.83 404.097 3991
1186.03 404.097 3991
1184.84 406.021 4010
1178 406.021 4010
1171.17 406.021 4010
1164.33 406.021 4010
1157.49 406.021 4010
1156.4 408.046 4030
1152.09 408.957 4039
1145.21 408.957 4039
1143.96 410.982 4059
1139.84 411.995 4069
1138.47 414.02 4089
1131.5 414.02 4089
1124.53 414.02 4089
1114.83 413.007 4079
1107.88 413.007 4079
1098.22 411.995 4069
1091.29 411.995 4069
1089.68 414.02 4089
1082.71 414.02 4089
1075.74 414.02 4089
97.4193 57.1062 564
96.4578 57.1062 564
95.4964 57.1062 564
94.5349 57.1062 564
93.7393 57.2074 565
92.9403 57.3087 566
91.9754 57.3087 566
91.0106 57.3087 566
90.0457 57.3087 566
89.2382 57.4099 567
88.2716 57.4099 567
87.305 57.4099 567
86.4907 57.5112 568
85.5224 57.5112 568
84.5541 57.5112 568
83.5858 57.5112 568
82.7629 57.6124 569
81.9367 57.7137 570
80.965 57.7137 570
79.9933 57.7137 570
79.0216 57.7137 570
78.0499 57.7137 570
77.0781 57.7137 570
75.9729 57.6124 569
75.0029 57.6124 569
74.0329 57.6124 569
73.0629 57.6124 569
71.9662 57.5112 568
70.9979 57.5112 568
69.9063 57.4099 567
68.9397 57.4099 567
67.9731 57.4099 567
67.0066 57.4099 567
65.9235 57.3087 566
64.9586 57.3087 566
63.9937 57.3087 566
62.9175 57.2074 565
-5.41854 48.196 476
-6.24309 48.2973 477
-7.05625 48.2973 477
-7.86942 48.2973 477
-8.66438 48.196 476
-9.47584 48.196 476
-10.2657 48.0948 475
-11.0754 48.0948 475
-11.8852 48.0948 475
-12.695 48.0948 475
-13.5047 48.0948 475
-14.3145 48.0948 475
1372.11 406.048 4079
1365.16 406.048 4079
1358.21 406.048 4079
1347.94 405.053 4069
1334.41 403.062 4049
1321.28 401.17 4030
1320.61 403.062 4049
1313.71 403.062 4049
1306.8 403.062 4049
1299.9 403.062 4049
1293 403.062 4049
1286.1 403.062 4049
1279.19 403.062 4049
1275.43 404.057 4059
1268.51 404.057 4059
1261.59 404.057 4059
1251.58 403.062 4049
1241.61 402.066 4039
1234.72 402.066 4039
1225.1 401.17 4030
1215.21 400.175 4020
1199.64 397.288 3991
1192.83 397.288 3991
1186.03 397.288 3991
1184.84 399.179 4010
1178 399.179 4010
1171.17 399.179 4010
1164.33 399.179 4010
1157.49 399.179 4010
1158.98 402.066 4039
1154.95 403.062 4049
1148.04 403.062 4049
1143.96 404.057 4059
1142.64 406.048 4079
1138.47 407.044 4089
1131.5 407.044 4089
1124.53 407.044 4089
1114.83 406.048 4079
1107.88 406.048 4079
1098.22 405.053 4069
1091.29 405.053 4069
1089.68 407.044 4089
1082.71 407.044 4089
1075.74 407.044 4089
99.1661 56.0444 563
98.2064 56.0444 563
97.4193 56.1439 564
96.4578 56.1439 564
95.4964 56.1439 564
94.5349 56.1439 564
93.7393 56.2435 565
92.9403 56.343 566
91.9754 56.343 566
91.0106 56.343 566
90.0457 56.343 566
89.2382 56.4426 567
88.2716 56.4426 567
87.305 56.4426 567
86.4907 56.5421 568
85.5224 56.5421 568
84.5541 56.5421 568
83.5858 56.5421 568
82.6175 56.5421 568
81.6492 56.5421 568
80.6809 56.5421 568
79.7126 56.5421 568
78.7443 56.5421 568
77.776 56.5421 568
76.8077 56.5421 568
75.8394 56.5421 568
74.8711 56.5421 568
73.9028 56.5421 568
72.9345 56.5421 568
71.9662 56.5421 568
70.8729 56.4426 567
69.9063 56.4426 567
68.9397 56.4426 567
67.9731 56.4426 567
67.0066 56.4426 567
65.9235 56.343 566
64.9586 56.343 566
63.9937 56.343 566
62.9175 56.2435 565
-5.41854 47.3839 476
-6.24309 47.4834 477
-7.05625 47.4834 477
-7.86942 47.4834 477
-8.66438 47.3839 476
-9.47584 47.3839 476
-10.2657 47.2844 475
-11.0754 47.2844 475
-11.8852 47.2844 475
-12.695 47.2844 475
-13.5047 47.2844 475
-14.3145 47.2844 475
1372.11 399.089 4079
1368.51 400.067 4089
1361.54 400.067 4089
1354.57 400.067 4089
1337.71 397.132 4059
1330.79 397.132 4059
1323.87 397.132 4059
1313.71 396.154 4049
1306.8 396.154 4049
1299.9 396.154 4049
1293 396.154 4049
1286.1 396.154 4049
1279.19 396.154 4049
1275.43 397.132 4059
1268.51 397.132 4059
1261.59 397.132 4059
1251.58 396.154 4049
1241.61 395.175 4039
1234.72 395.175 4039
1225.1 394.295 4030
1215.21 393.316 4020
1199.64 390.479 3991
1192.83 390.479 3991
1186.03 390.479 3991
1184.84 392.338 4010
1178 392.338 4010
1171.17 392.338 4010
1164.33 392.338 4010
1157.49 392.338 4010
1158.98 395.175 4039
1154.95 396.154 4049
1148.04 396.154 4049
1146.78 398.111 4069
1142.64 399.089 4079
1138.47 400.067 4089
1131.5 400.067 4089
1124.53 400.067 4089
1114.83 399.089 4079
1107.88 399.089 4079
1098.22 398.111 4069
1091.29 398.111 4069
1089.68 400.067 4089
1082.71 400.067 4089
1075.74 400.067 4089
1040.88 400.067 4089
1033.91 400.067 4089
1026.94 400.067 4089
1019.97 400.067 4089
1005.57 397.132 4059
998.65 397.132 4059
991.73 397.132 4059
984.81 397.132 4059
977.891 397.132 4059
99.1661 55.0839 563
98.2064 55.0839 563
97.4193 55.1817 564
96.4578 55.1817 564
95.4964 55.1817 564
94.5349 55.1817 564
93.5734 55.1817 564
92.7761 55.2795 565
91.8129 55.2795 565
90.8498 55.2795 565
89.8866 55.2795 565
89.0808 55.3774 566
88.1159 55.3774 566
87.151 55.3774 566
86.1861 55.3774 566
85.2212 55.3774 566
84.4052 55.4752 567
83.4386 55.4752 567
82.472 55.4752 567
81.6492 55.5731 568
80.6809 55.5731 568
79.7126 55.5731 568
78.7443 55.5731 568
77.776 55.5731 568
76.8077 55.5731 568
75.8394 55.5731 568
74.8711 55.5731 568
73.9028 55.5731 568
72.9345 55.5731 568
71.9662 55.5731 568
70.8729 55.4752 567
69.9063 55.4752 567
68.9397 55.4752 567
67.9731 55.4752 567
67.0066 55.4752 567
65.9235 55.3774 566
64.9586 55.3774 566
63.9937 55.3774 566
62.9175 55.2795 565
-6.24309 46.6696 477
-7.05625 46.6696 477
-7.86942 46.6696 477
-8.66438 46.5718 476
-9.47584 46.5718 476
-10.2657 46.474 475
-11.0754 46.474 475
1368.51 393.091 4089
1361.54 393.091 4089
1354.57 393.091 4089
1337.71 390.207 4059
1330.79 390.207 4059
1323.87 390.207 4059
1313.71 389.246 4049
1306.8 389.246 4049
1299.9 389.246 4049
1293 389.246 4049
1286.1 389.246 4049
1279.19 389.246 4049
1272.29 389.246 4049
1265.39 389.246 4049
1258.49 389.246 4049
1248.49 388.284 4039
1241.61 388.284 4039
1234.72 388.284 4039
1222.06 386.458 4020
1212.18 385.497 4010
1199.64 383.67 3991
1192.83 383.67 3991
1186.03 383.67 3991
1184.84 385.497 4010
1178 385.497 4010
1171.17 385.497 4010
1164.33 385.497 4010
1163.27 387.419 4030
1158.98 388.284 4039
1154.95 389.246 4049
1148.04 389.246 4049
1146.78 391.168 4069
1142.64 392.13 4079
1138.47 393.091 4089
1131.5 393.091 4089
1124.53 393.091 4089
1114.83 392.13 4079
1107.88 392.13 4079
1098.22 391.168 4069
1093.97 392.13 4079
1089.68 393.091 4089
1082.71 393.091 4089
1075.74 393.091 4089
1061.8 393.091 4089
1054.83 393.091 4089
1047.85 393.091 4089
1040.88 393.091 4089
1033.91 393.091 4089
1026.94 393.091 4089
1019.97 393.091 4089
1005.57 390.207 4059
998.65 390.207 4059
991.73 390.207 4059
984.81 390.207 4059
977.891 390.207 4059
102.639 53.9311 561
101.683 53.9311 561
100.727 53.9311 561
99.9481 54.0272 562
99.1661 54.1233 563
98.2064 54.1233 563
97.4193 54.2195 564
96.4578 54.2195 564
95.4964 54.2195 564
94.5349 54.2195 564
93.5734 54.2195 564
92.6119 54.2195 564
91.6504 54.2195 564
90.689 54.2195 564
89.8866 54.3156 565
88.9234 54.3156 565
87.9602 54.3156 565
86.997 54.3156 565
86.0338 54.3156 565
85.2212 54.4117 566
84.2563 54.4117 566
83.2915 54.4117 566
82.472 54.5079 567
81.5054 54.5079 567
80.5388 54.5079 567
79.5723 54.5079 567
78.6057 54.5079 567
77.6391 54.5079 567
76.6725 54.5079 567
75.7059 54.5079 567
74.7393 54.5079 567
73.7727 54.5079 567
72.8061 54.5079 567
71.8395 54.5079 567
70.8729 54.5079 567
69.9063 54.5079 567
68.9397 54.5079 567
67.9731 54.5079 567
67.0066 54.5079 567
65.9235 54.4117 566
64.9586 54.4117 566
63.9937 54.4117 566
1368.51 386.115 4089
1361.54 386.115 4089
1354.57 386.115 4089
1347.6 386.115 4089
1340.62 386.115 4089
1333.65 386.115 4089
1323.44 385.171 4079
1313.26 384.226 4069
1303.11 383.282 4059
1296.19 383.282 4059
1286.1 382.338 4049
1279.19 382.338 4049
1272.29 382.338 4049
1265.39 382.338 4049
1258.49 382.338 4049
1251.58 382.338 4049
1241.61 381.393 4039
1234.72 381.393 4039
1222.06 379.599 4020
1212.18 378.655 4010
1199.64 376.861 3991
1192.83 376.861 3991
1186.03 376.861 3991
1187.79 379.599 4020
1180.94 379.599 4020
1174.09 379.599 4020
1164.33 378.655 4010
1163.27 380.544 4030
1158.98 381.393 4039
1154.95 382.338 4049
1148.04 382.338 4049
1146.78 384.226 4069
1142.64 385.171 4079
1135.69 385.171 4079
1128.74 385.171 4079
1121.78 385.171 4079
1114.83 385.171 4079
1107.88 385.171 4079
1098.22 384.226 4069
1093.97 385.171 4079
1089.68 386.115 4089
1082.71 386.115 4089
1075.74 386.115 4089
1061.8 386.115 4089
1054.83 386.115 4089
1047.85 386.115 4089
1040.88 386.115 4089
1033.91 386.115 4089
1026.94 386.115 4089
1019.97 386.115 4089
1005.57 383.282 4059
998.65 383.282 4059
991.73 383.282 4059
984.81 383.282 4059
977.891 383.282 4059
103.596 52.9739 561
102.639 52.9739 561
101.683 52.9739 561
100.727 52.9739 561
99.9481 53.0684 562
99.1661 53.1628 563
98.2064 53.1628 563
97.2466 53.1628 563
96.2868 53.1628 563
95.327 53.1628 563
94.3673 53.1628 563
93.5734 53.2572 564
92.6119 53.2572 564
91.6504 53.2572 564
90.689 53.2572 564
89.7275 53.2572 564
88.9234 53.3516 565
87.9602 53.3516 565
86.997 53.3516 565
86.0338 53.3516 565
85.0707 53.3516 565
84.1075 53.3516 565
83.1443 53.3516 565
82.3266 53.4461 566
81.5054 53.5405 567
80.5388 53.5405 567
79.5723 53.5405 567
78.6057 53.5405 567
77.6391 53.5405 567
76.6725 53.5405 567
75.7059 53.5405 567
74.7393 53.5405 567
73.7727 53.5405 567
72.8061 53.5405 567
71.8395 53.5405 567
70.8729 53.5405 567
69.9063 53.5405 567
68.9397 53.5405 567
67.9731 53.5405 567
67.0066 53.5405 567
65.9235 53.4461 566
64.9586 53.4461 566
1361.54 379.139 4089
1354.57 379.139 4089
1347.6 379.139 4089
1340.62 379.139 4089
1333.65 379.139 4089
1323.44 378.211 4079
1319.71 379.139 4089
1312.74 379.139 4089
1305.77 379.139 4089
1292.45 377.284 4069
1285.51 377.284 4069
1278.57 377.284 4069
1271.64 377.284 4069
1264.7 377.284 4069
1254.67 376.357 4059
1244.68 375.43 4049
1237.78 375.43 4049
1227.84 374.503 4039
1215.21 372.741 4020
1205.35 371.814 4010
1204.49 373.668 4030
1197.62 373.668 4030
1190.75 373.668 4030
1183.88 373.668 4030
1177.01 373.668 4030
1170.14 373.668 4030
1163.27 373.668 4030
1161.85 375.43 4049
1154.95 375.43 4049
1148.04 375.43 4049
1146.78 377.284 4069
1145.44 379.139 4089
1138.47 379.139 4089
1131.5 379.139 4089
1124.53 379.139 4089
1114.83 378.211 4079
1107.88 378.211 4079
1100.92 378.211 4079
1096.65 379.139 4089
1089.68 379.139 4089
1082.71 379.139 4089
1061.8 379.139 4089
1054.83 379.139 4089
1047.85 379.139 4089
1038.34 378.211 4079
1031.39 378.211 4079
1024.43 378.211 4079
1017.48 378.211 4079
1003.09 375.43 4049
993.729 374.503 4039
986.844 374.503 4039
979.958 374.503 4039
973.073 374.503 4039
103.596 52.0168 561
102.639 52.0168 561
101.683 52.0168 561
100.727 52.0168 561
99.9481 52.1095 562
99.1661 52.2023 563
98.2064 52.2023 563
97.2466 52.2023 563
96.2868 52.2023 563
95.327 52.2023 563
94.3673 52.2023 563
93.5734 52.295 564
92.6119 52.295 564
91.6504 52.295 564
90.689 52.295 564
89.7275 52.295 564
88.9234 52.3877 565
87.9602 52.3877 565
86.997 52.3877 565
86.0338 52.3877 565
85.0707 52.3877 565
84.1075 52.3877 565
83.1443 52.3877 565
82.1811 52.3877 565
81.3617 52.4804 566
80.5388 52.5731 567
79.5723 52.5731 567
78.6057 52.5731 567
77.6391 52.5731 567
76.6725 52.5731 567
75.7059 52.5731 567
74.7393 52.5731 567
73.7727 52.5731 567
72.8061 52.5731 567
71.8395 52.5731 567
70.7479 52.4804 566
69.783 52.4804 566
68.8182 52.4804 566
67.8533 52.4804 566
66.8884 52.4804 566
65.807 52.3877 565
64.8438 52.3877 565
1361.54 372.162 4089
1354.57 372.162 4089
1347.6 372.162 4089
1340.62 372.162 4089
1333.65 372.162 4089
1323.44 371.252 4079
1319.71 372.162 4089
1312.74 372.162 4089
1305.77 372.162 4089
1298.8 372.162 4089
1291.83 372.162 4089
1284.86 372.162 4089
1277.89 372.162 4089
1270.92 372.162 4089
1260.86 371.252 4079
1250.83 370.342 4069
1243.89 370.342 4069
1233.92 369.432 4059
1223.97 368.522 4049
1211.36 366.792 4030
1207.18 367.612 4039
1200.29 367.612 4039
1196.36 368.522 4049
1189.46 368.522 4049
1182.56 368.522 4049
1172.75 367.612 4039
1163.27 366.792 4030
1161.85 368.522 4049
1157.8 369.432 4059
1150.88 369.432 4059
1146.78 370.342 4069
1145.44 372.162 4089
1138.47 372.162 4089
1131.5 372.162 4089
1124.53 372.162 4089
1114.83 371.252 4079
1107.88 371.252 4079
1100.92 371.252 4079
1096.65 372.162 4089
1089.68 372.162 4089
1082.71 372.162 4089
1061.8 372.162 4089
1054.83 372.162 4089
1047.85 372.162 4089
1038.34 371.252 4079
1031.39 371.252 4079
1024.43 371.252 4079
1017.48 371.252 4079
1003.09 368.522 4049
993.729 367.612 4039
986.844 367.612 4039
977.774 366.792 4030
963.918 364.153 4001
103.596 51.0597 561
102.639 51.0597 561
101.683 51.0597 561
100.727 51.0597 561
99.7702 51.0597 561
99.1661 51.2417 563
98.2064 51.2417 563
97.2466 51.2417 563
96.2868 51.2417 563
95.327 51.2417 563
94.3673 51.2417 563
93.4075 51.2417 563
92.4477 51.2417 563
91.6504 51.3327 564
90.689 51.3327 564
89.7275 51.3327 564
88.766 51.3327 564
87.8045 51.3327 564
86.8431 51.3327 564
85.8816 51.3327 564
85.0707 51.4238 565
84.1075 51.4238 565
83.1443 51.4238 565
82.1811 51.4238 565
81.3617 51.5148 566
80.5388 51.6058 567
79.5723 51.6058 567
78.6057 51.6058 567
77.6391 51.6058 567
76.6725 51.6058 567
75.7059 51.6058 567
74.7393 51.6058 567
73.7727 51.6058 567
72.8061 51.6058 567
71.8395 51.6058 567
70.7479 51.5148 566
69.783 51.5148 566
68.8182 51.5148 566
67.8533 51.5148 566
66.8884 51.5148 566
65.807 51.4238 565
64.8438 51.4238 565
1319.71 365.186 4089
1312.74 365.186 4089
1305.77 365.186 4089
1298.8 365.186 4089
1291.83 365.186 4089
1284.86 365.186 4089
1277.89 365.186 4089
1270.92 365.186 4089
1260.86 364.293 4079
1250.83 363.4 4069
1243.89 363.4 4069
1233.92 362.507 4059
1223.97 361.614 4049
1211.36 359.917 4030
1207.18 360.721 4039
1200.29 360.721 4039
1196.36 361.614 4049
1189.46 361.614 4049
1182.56 361.614 4049
1172.75 360.721 4039
1168.75 361.614 4049
1161.85 361.614 4049
1157.8 362.507 4059
1150.88 362.507 4059
1146.78 363.4 4069
1145.44 365.186 4089
1138.47 365.186 4089
1131.5 365.186 4089
1124.53 365.186 4089
1114.83 364.293 4079
1107.88 364.293 4079
1100.92 364.293 4079
1096.65 365.186 4089
1089.68 365.186 4089
1082.71 365.186 4089
1073.11 364.293 4079
1066.15 364.293 4079
1061.8 365.186 4089
1054.83 365.186 4089
1047.85 365.186 4089
1038.34 364.293 4079
1031.39 364.293 4079
1024.43 364.293 4079
1017.48 364.293 4079
1003.09 361.614 4049
993.729 360.721 4039
986.844 360.721 4039
975.348 359.024 4020
961.508 356.434 3991
105.132 49.9239 559
104.179 49.9239 559
103.226 49.9239 559
102.273 49.9239 559
101.502 50.0133 560
100.547 50.0133 560
99.7702 50.1026 561
98.8138 50.1026 561
97.8575 50.1026 561
97.0739 50.1919 562
96.1158 50.1919 562
95.1577 50.1919 562
94.1996 50.1919 562
93.2416 50.1919 562
92.2835 50.1919 562
91.4879 50.2812 563
90.5282 50.2812 563
89.5684 50.2812 563
88.6086 50.2812 563
87.8045 50.3705 564
86.8431 50.3705 564
85.8816 50.3705 564
84.9201 50.3705 564
83.9586 50.3705 564
82.9971 50.3705 564
82.1811 50.4598 565
81.2179 50.4598 565
80.3968 50.5491 566
79.4319 50.5491 566
78.467 50.5491 566
77.5021 50.5491 566
76.5372 50.5491 566
75.5724 50.5491 566
74.6075 50.5491 566
73.6426 50.5491 566
72.6777 50.5491 566
71.7128 50.5491 566
70.7479 50.5491 566
69.783 50.5491 566
68.8182 50.5491 566
67.7334 50.4598 565
66.7702 50.4598 565
65.807 50.4598 565
64.8438 50.4598 565
1312.74 358.21 4089
1305.77 358.21 4089
1298.8 358.21 4089
1291.83 358.21 4089
1284.86 358.21 4089
1277.89 358.21 4089
1270.92 358.21 4089
1263.95 358.21 4089
1250.83 356.458 4069
1243.89 356.458 4069
1236.96 356.458 4069
1227 355.582 4059
1214.06 353.83 4039
1210.17 354.706 4049
1203.27 354.706 4049
1196.36 354.706 4049
1189.46 354.706 4049
1182.56 354.706 4049
1172.75 353.83 4039
1168.75 354.706 4049
1161.85 354.706 4049
1157.8 355.582 4059
1150.88 355.582 4059
1146.78 356.458 4069
1142.64 357.334 4079
1135.69 357.334 4079
1128.74 357.334 4079
1121.78 357.334 4079
1114.83 357.334 4079
1107.88 357.334 4079
1100.92 357.334 4079
1096.65 358.21 4089
1089.68 358.21 4089
1082.71 358.21 4089
1073.11 357.334 4079
1066.15 357.334 4079
1059.2 357.334 4079
1052.25 357.334 4079
1045.29 357.334 4079
1038.34 357.334 4079
1031.39 357.334 4079
1024.43 357.334 4079
1017.48 357.334 4079
1000.61 353.83 4039
991.515 353.041 4030
984.645 353.041 4030
975.348 352.165 4020
961.508 349.625 3991
105.516 48.7074 556
105.132 48.9702 559
104.179 48.9702 559
103.226 48.9702 559
102.273 48.9702 559
101.32 48.9702 559
100.367 48.9702 559
99.4145 48.9702 559
98.6377 49.0578 560
97.6831 49.0578 560
96.9011 49.1454 561
95.9448 49.1454 561
94.9884 49.1454 561
94.032 49.1454 561
93.2416 49.233 562
92.2835 49.233 562
91.3254 49.233 562
90.3674 49.233 562
89.5684 49.3206 563
88.6086 49.3206 563
87.6488 49.3206 563
86.6891 49.3206 563
85.7293 49.3206 563
84.7695 49.3206 563
83.9586 49.4082 564
82.9971 49.4082 564
82.0357 49.4082 564
81.0742 49.4082 564
80.2548 49.4959 565
79.2916 49.4959 565
78.3284 49.4959 565
77.5021 49.5835 566
76.5372 49.5835 566
75.5724 49.5835 566
74.6075 49.5835 566
73.6426 49.5835 566
72.6777 49.5835 566
71.7128 49.5835 566
70.6229 49.4959 565
69.6597 49.4959 565
68.6966 49.4959 565
67.7334 49.4959 565
66.7702 49.4959 565
65.6905 49.4082 564
64.7291 49.4082 564
1312.74 351.234 4089
1305.77 351.234 4089
1298.8 351.234 4089
1291.83 351.234 4089
1284.86 351.234 4089
1277.89 351.234 4089
1270.92 351.234 4089
1263.95 351.234 4089
1250.83 349.516 4069
1243.89 349.516 4069
1236.96 349.516 4069
1230.02 349.516 4069
1217.07 347.798 4049
1210.17 347.798 4049
1203.27 347.798 4049
1196.36 347.798 4049
1189.46 347.798 4049
1182.56 347.798 4049
1175.65 347.798 4049
1168.75 347.798 4049
1164.72 348.657 4059
1157.8 348.657 4059
1150.88 348.657 4059
1149.6 350.375 4079
1142.64 350.375 4079
1135.69 350.375 4079
1128.74 350.375 4079
1121.78 350.375 4079
1112.1 349.516 4069
1105.16 349.516 4069
1098.22 349.516 4069
1091.29 349.516 4069
1087.01 350.375 4079
1082.71 351.234 4089
1075.74 351.234 4089
1068.77 351.234 4089
1059.2 350.375 4079
1052.25 350.375 4079
1045.29 350.375 4079
1038.34 350.375 4079
1031.39 350.375 4079
1024.43 350.375 4079
1014.98 349.516 4069
995.907 345.307 4020
986.594 344.448 4010
979.758 344.448 4010
970.738 343.675 4001
961.508 342.816 3991
105.516 47.7588 556
105.132 48.0165 559
104.179 48.0165 559
103.226 48.0165 559
102.273 48.0165 559
101.32 48.0165 559
100.367 48.0165 559
99.4145 48.0165 559
98.6377 48.1024 560
97.6831 48.1024 560
96.9011 48.1883 561
95.9448 48.1883 561
94.9884 48.1883 561
94.032 48.1883 561
93.2416 48.2742 562
92.2835 48.2742 562
91.3254 48.2742 562
90.3674 48.2742 562
89.5684 48.3601 563
88.6086 48.3601 563
87.6488 48.3601 563
86.6891 48.3601 563
85.7293 48.3601 563
84.7695 48.3601 563
83.9586 48.446 564
82.9971 48.446 564
82.0357 48.446 564
81.0742 48.446 564
80.1127 48.446 564
79.1512 48.446 564
78.1898 48.446 564
77.3652 48.5319 565
76.402 48.5319 565
75.4388 48.5319 565
74.4757 48.5319 565
73.5125 48.5319 565
72.5493 48.5319 565
71.5861 48.5319 565
70.4979 48.446 564
69.5365 48.446 564
68.575 48.446 564
67.6135 48.446 564
66.652 48.446 564
1312.74 344.257 4089
1305.77 344.257 4089
1298.8 344.257 4089
1291.83 344.257 4089
1284.86 344.257 4089
1277.89 344.257 4089
1270.92 344.257 4089
1263.95 344.257 4089
1250.83 342.573 4069
1243.89 342.573 4069
1236.96 342.573 4069
1230.02 342.573 4069
1217.07 340.89 4049
1210.17 340.89 4049
1203.27 340.89 4049
1196.36 340.89 4049
1189.46 340.89 4049
1182.56 340.89 4049
1175.65 340.89 4049
1168.75 340.89 4049
1164.72 341.732 4059
1157.8 341.732 4059
1150.88 341.732 4059
1149.6 343.415 4079
1142.64 343.415 4079
1135.69 343.415 4079
1128.74 343.415 4079
1121.78 343.415 4079
1112.1 342.573 4069
1105.16 342.573 4069
1098.22 342.573 4069
1091.29 342.573 4069
1087.01 343.415 4079
1082.71 344.257 4089
1075.74 344.257 4089
1068.77 344.257 4089
1059.2 343.415 4079
1052.25 343.415 4079
1045.29 343.415 4079
1038.34 343.415 4079
1028.86 342.573 4069
1021.92 342.573 4069
1014.98 342.573 4069
991.2 336.848 4001
984.38 336.848 4001
977.559 336.848 4001
970.738 336.848 4001
956.931 334.407 3972
105.516 46.8102 556
104.568 46.8102 556
103.62 46.8102 556
102.857 46.8944 557
101.907 46.8944 557
100.958 46.8944 557
100.008 46.8944 557
99.0588 46.8944 557
98.2854 46.9786 558
97.3342 46.9786 558
96.3829 46.9786 558
95.6027 47.0628 559
94.6497 47.0628 559
93.6968 47.0628 559
92.9098 47.147 560
92.1193 47.2312 561
91.3254 47.3154 562
90.3674 47.3154 562
89.4093 47.3154 562
88.4512 47.3154 562
87.4932 47.3154 562
86.5351 47.3154 562
85.577 47.3154 562
84.619 47.3154 562
83.8098 47.3996 563
82.85 47.3996 563
81.8902 47.3996 563
81.0742 47.4838 564
80.1127 47.4838 564
79.1512 47.4838 564
78.1898 47.4838 564
77.3652 47.568 565
76.402 47.568 565
75.4388 47.568 565
74.4757 47.568 565
73.5125 47.568 565
72.5493 47.568 565
71.5861 47.568 565
70.4979 47.4838 564
69.5365 47.4838 564
68.575 47.4838 564
67.6135 47.4838 564
66.652 47.4838 564
1312.74 337.281 4089
1305.77 337.281 4089
1298.8 337.281 4089
1291.83 337.281 4089
1284.86 337.281 4089
1277.89 337.281 4089
1270.92 337.281 4089
1263.95 337.281 4089
1250.83 335.631 4069
1243.89 335.631 4069
1236.96 335.631 4069
1230.02 335.631 4069
1217.07 333.982 4049
1210.17 333.982 4049
1203.27 333.982 4049
1196.36 333.982 4049
1189.46 333.982 4049
1182.56 333.982 4049
1175.65 333.982 4049
1168.75 333.982 4049
1164.72 334.806 4059
1157.8 334.806 4059
1150.88 334.806 4059
1149.6 336.456 4079
1142.64 336.456 4079
1135.69 336.456 4079
1128.74 336.456 4079
1121.78 336.456 4079
1112.1 335.631 4069
1105.16 335.631 4069
1098.22 335.631 4069
1096.65 337.281 4089
1089.68 337.281 4089
1082.71 337.281 4089
1075.74 337.281 4089
1068.77 337.281 4089
1059.2 336.456 4079
1052.25 336.456 4079
1045.29 336.456 4079
1038.34 336.456 4079
1028.86 335.631 4069
1021.92 335.631 4069
1014.98 335.631 4069
991.2 330.022 4001
984.38 330.022 4001
977.559 330.022 4001
963.702 327.63 3972
105.516 45.8616 556
104.568 45.8616 556
103.62 45.8616 556
102.672 45.8616 556
101.725 45.8616 556
100.777 45.8616 556
99.8288 45.8616 556
98.881 45.8616 556
98.1093 45.9441 557
97.1597 45.9441 557
96.2102 45.9441 557
95.4317 46.0266 558
94.4804 46.0266 558
93.5292 46.0266 558
92.7438 46.1091 559
91.9551 46.1916 560
91.0004 46.1916 560
90.0458 46.1916 560
89.2502 46.2741 561
88.2938 46.2741 561
87.3375 46.2741 561
86.3811 46.2741 561
85.4248 46.2741 561
84.4684 46.2741 561
83.512 46.2741 561
82.5557 46.2741 561
81.7448 46.3566 562
80.9304 46.439 563
79.9707 46.439 563
79.0109 46.439 563
78.0511 46.439 563
77.0913 46.439 563
76.2668 46.5215 564
75.3053 46.5215 564
74.3438 46.5215 564
73.3824 46.5215 564
72.4209 46.5215 564
71.4594 46.5215 564
70.3729 46.439 563
69.4132 46.439 563
68.4534 46.439 563
67.4936 46.439 563
1312.74 330.305 4089
1305.77 330.305 4089
1298.8 330.305 4089
1291.83 330.305 4089
1277.89 330.305 4089
1270.92 330.305 4089
1263.95 330.305 4089
1253.9 329.497 4079
1246.95 329.497 4079
1236.96 328.689 4069
1230.02 328.689 4069
1220.08 327.881 4059
1213.16 327.881 4059
1203.27 327.074 4049
1196.36 327.074 4049
1189.46 327.074 4049
1182.56 327.074 4049
1175.65 327.074 4049
1168.75 327.074 4049
1164.72 327.881 4059
1157.8 327.881 4059
1150.88 327.881 4059
1146.78 328.689 4069
1139.84 328.689 4069
1132.91 328.689 4069
1125.97 328.689 4069
1119.03 328.689 4069
1112.1 328.689 4069
1105.16 328.689 4069
1098.22 328.689 4069
1096.65 330.305 4089
1089.68 330.305 4089
1082.71 330.305 4089
1075.74 330.305 4089
1068.77 330.305 4089
1059.2 329.497 4079
1052.25 329.497 4079
1045.29 329.497 4079
1038.34 329.497 4079
1028.86 328.689 4069
1021.92 328.689 4069
1007.5 326.266 4039
988.723 322.388 3991
977.245 320.854 3972
970.473 320.854 3972
963.702 320.854 3972
105.136 44.7515 554
104.568 44.913 556
103.62 44.913 556
102.672 44.913 556
101.542 44.8323 555
100.595 44.8323 555
99.6493 44.8323 555
98.881 44.913 556
97.9332 44.913 556
96.9853 44.913 556
96.0375 44.913 556
95.0896 44.913 556
94.1418 44.913 556
93.3616 44.9938 557
92.412 44.9938 557
91.4625 44.9938 557
90.6754 45.0746 558
89.7242 45.0746 558
88.932 45.1554 559
87.9791 45.1554 559
87.0261 45.1554 559
86.0732 45.1554 559
85.1202 45.1554 559
84.1673 45.1554 559
83.2143 45.1554 559
82.2614 45.1554 559
81.4538 45.2362 560
80.6429 45.3169 561
79.6866 45.3169 561
78.7302 45.3169 561
77.9125 45.3977 562
76.9544 45.3977 562
76.1316 45.4785 563
75.1718 45.4785 563
74.212 45.4785 563
73.2523 45.4785 563
72.2925 45.4785 563
71.3327 45.4785 563
70.3729 45.4785 563
69.2899 45.3977 562
68.3318 45.3977 562
65.9352 44.4284 550
1260.86 322.538 4079
1253.9 322.538 4079
1246.95 322.538 4079
1236.96 321.747 4069
1230.02 321.747 4069
1220.08 320.956 4059
1213.16 320.956 4059
1203.27 320.166 4049
1196.36 320.166 4049
1189.46 320.166 4049
1182.56 320.166 4049
1175.65 320.166 4049
1168.75 320.166 4049
1164.72 320.956 4059
1157.8 320.956 4059
1150.88 320.956 4059
1146.78 321.747 4069
1139.84 321.747 4069
1132.91 321.747 4069
1125.97 321.747 4069
1119.03 321.747 4069
1112.1 321.747 4069
1107.88 322.538 4079
1100.92 322.538 4079
1096.65 323.329 4089
1089.68 323.329 4089
1082.71 323.329 4089
1075.74 323.329 4089
1052.25 322.538 4079
1045.29 322.538 4079
1038.34 322.538 4079
105.136 43.8063 554
104.568 43.9645 556
103.62 43.9645 556
102.672 43.9645 556
101.542 43.8854 555
100.595 43.8854 555
99.6493 43.8854 555
98.881 43.9645 556
97.9332 43.9645 556
96.9853 43.9645 556
96.0375 43.9645 556
95.0896 43.9645 556
94.1418 43.9645 556
93.3616 44.0435 557
92.412 44.0435 557
91.4625 44.0435 557
90.6754 44.1226 558
89.7242 44.1226 558
88.932 44.2017 559
87.9791 44.2017 559
87.0261 44.2017 559
86.0732 44.2017 559
85.1202 44.2017 559
84.1673 44.2017 559
83.2143 44.2017 559
82.2614 44.2017 559
81.4538 44.2807 560
80.4992 44.2807 560
79.5445 44.2807 560
78.5899 44.2807 560
77.6352 44.2807 560
76.8175 44.3598 561
75.9964 44.4389 562
75.0383 44.4389 562
74.0802 44.4389 562
73.2523 44.518 563
72.2925 44.518 563
71.3327 44.518 563
70.2479 44.4389 562
68.92 44.2017 559
67.967 44.2017 559
65.9352 43.49 550
64.4066 43.0947 545
1263.95 316.352 4089
1256.98 316.352 4089
1250.01 316.352 4089
1236.96 314.805 4069
1230.02 314.805 4069
1220.08 314.031 4059
1213.16 314.031 4059
1203.27 313.258 4049
1196.36 313.258 4049
1189.46 313.258 4049
1182.56 313.258 4049
1175.65 313.258 4049
1168.75 313.258 4049
1161.85 313.258 4049
1154.95 313.258 4049
1148.04 313.258 4049
1143.96 314.031 4059
1139.84 314.805 4069
1132.91 314.805 4069
1125.97 314.805 4069
1116.28 314.031 4059
1112.1 314.805 4069
1110.59 316.352 4089
1103.62 316.352 4089
1096.65 316.352 4089
105.136 42.8611 554
104.192 42.8611 554
103.247 42.8611 554
102.303 42.8611 554
101.359 42.8611 554
100.414 42.8611 554
99.4697 42.8611 554
98.7031 42.9385 555
97.757 42.9385 555
96.8109 42.9385 555
95.8647 42.9385 555
94.9186 42.9385 555
93.9725 42.9385 555
93.194 43.0159 556
92.2461 43.0159 556
91.2983 43.0159 556
90.3504 43.0159 556
89.4026 43.0159 556
88.6138 43.0932 557
87.8217 43.1706 558
86.8704 43.1706 558
85.9192 43.1706 558
84.9679 43.1706 558
84.0167 43.1706 558
83.0654 43.1706 558
82.1142 43.1706 558
81.3084 43.248 559
80.3554 43.248 559
79.5445 43.3253 560
78.5899 43.3253 560
77.6352 43.3253 560
76.8175 43.4027 561
75.9964 43.4801 562
75.0383 43.4801 562
74.0802 43.4801 562
73.2523 43.5574 563
72.2925 43.5574 563
71.3327 43.5574 563
70.2479 43.4801 562
68.92 43.248 559
67.967 43.248 559
65.9352 42.5517 550
64.4066 42.1648 545
63.1281 41.9327 542
1263.95 309.376 4089
1256.98 309.376 4089
1250.01 309.376 4089
1236.96 307.863 4069
1230.02 307.863 4069
1220.08 307.106 4059
1213.16 307.106 4059
1203.27 306.35 4049
1196.36 306.35 4049
1189.46 306.35 4049
1182.56 306.35 4049
1175.65 306.35 4049
1168.75 306.35 4049
1161.85 306.35 4049
1154.95 306.35 4049
1148.04 306.35 4049
1143.96 307.106 4059
1139.84 307.863 4069
1132.91 307.863 4069
1125.97 307.863 4069
1119.03 307.863 4069
1114.83 308.619 4079
1110.59 309.376 4089
1103.62 309.376 4089
1096.65 309.376 4089
104.757 41.7646 552
104.004 41.8403 553
103.061 41.8403 553
102.118 41.8403 553
101.176 41.8403 553
100.233 41.8403 553
99.2902 41.8403 553
98.3475 41.8403 553
97.4047 41.8403 553
96.462 41.8403 553
95.5193 41.8403 553
94.7476 41.9159 554
93.8032 41.9159 554
93.0263 41.9916 555
92.0802 41.9916 555
91.1341 41.9916 555
90.1879 41.9916 555
89.2418 41.9916 555
88.2957 41.9916 555
87.5069 42.0673 556
86.5591 42.0673 556
85.6112 42.0673 556
84.6634 42.0673 556
83.565 41.9916 555
82.6189 41.9916 555
81.6727 41.9916 555
80.872 42.0673 556
80.0679 42.1429 557
79.1184 42.1429 557
78.1689 42.1429 557
77.3579 42.2186 558
76.4067 42.2186 558
75.5907 42.2943 559
74.6377 42.2943 559
73.6848 42.2943 559
72.6017 42.2186 558
71.6505 42.2186 558
70.6992 42.2186 558
69.498 42.0673 556
67.8104 41.6133 550
66.508 41.3863 547
65.5755 41.3863 547
64.4066 41.235 545
63.1281 41.008 542
45.1335 38.2842 506
44.2709 38.2842 506
43.4083 38.2842 506
1284.86 302.4 4089
1277.89 302.4 4089
1270.92 302.4 4089
1263.95 302.4 4089
1256.98 302.4 4089
1250.01 302.4 4089
1236.96 300.921 4069
1230.02 300.921 4069
1217.07 299.442 4049
1210.17 299.442 4049
1200.29 298.702 4039
1190.75 298.036 4030
1183.88 298.036 4030
1182.56 299.442 4049
1175.65 299.442 4049
1168.75 299.442 4049
1161.85 299.442 4049
1154.95 299.442 4049
1148.04 299.442 4049
1143.96 300.181 4059
1139.84 300.921 4069
1132.91 300.921 4069
1125.97 300.921 4069
1119.03 300.921 4069
1114.83 301.66 4079
1110.59 302.4 4089
1103.62 302.4 4089
1096.65 302.4 4089
105.698 40.8229 552
104.757 40.8229 552
103.816 40.8229 552
102.875 40.8229 552
101.934 40.8229 552
100.993 40.8229 552
100.052 40.8229 552
99.1106 40.8229 552
98.1696 40.8229 552
97.2286 40.8229 552
96.462 40.8968 553
95.5193 40.8968 553
94.5766 40.8968 553
93.6338 40.8968 553
92.8587 40.9708 554
91.9143 40.9708 554
90.9699 40.9708 554
90.0254 40.9708 554
89.081 40.9708 554
88.1366 40.9708 554
87.3495 41.0447 555
86.4034 41.0447 555
85.4573 41.0447 555
84.5111 41.0447 555
83.4144 40.9708 554
82.47 40.9708 554
81.5256 40.9708 554
80.7266 41.0447 555
79.7804 41.0447 555
78.9764 41.1187 556
78.0285 41.1187 556
77.0807 41.1187 556
76.1328 41.1187 556
75.185 41.1187 556
74.2372 41.1187 556
73.2893 41.1187 556
72.3415 41.1187 556
71.3936 41.1187 556
70.1924 40.9708 554
69.123 40.8968 553
67.8104 40.6749 550
66.508 40.4531 547
65.5755 40.4531 547
64.2885 40.2312 544
63.1281 40.0833 542
45.1335 37.421 506
44.2709 37.421 506
43.4083 37.421 506
1326.68 295.423 4089
1319.71 295.423 4089
1312.74 295.423 4089
1305.77 295.423 4089
1295.62 294.701 4079
1288.67 294.701 4079
1284.86 295.423 4089
1277.89 295.423 4089
1270.92 295.423 4089
1263.95 295.423 4089
1250.83 293.979 4069
1243.89 293.979 4069
1233.92 293.256 4059
1223.97 292.534 4049
1214.06 291.811 4039
1207.18 291.811 4039
1194.65 290.438 4020
1190.75 291.161 4030
1183.88 291.161 4030
1177.01 291.161 4030
1170.14 291.161 4030
1165.87 291.811 4039
1167.59 293.979 4069
1160.65 293.979 4069
1153.72 293.979 4069
1149.6 294.701 4079
1142.64 294.701 4079
1135.69 294.701 4079
1128.74 294.701 4079
1121.78 294.701 4079
1117.56 295.423 4089
1110.59 295.423 4089
1103.62 295.423 4089
1096.65 295.423 4089
1089.68 295.423 4089
105.698 39.8811 552
104.757 39.8811 552
103.816 39.8811 552
102.875 39.8811 552
101.934 39.8811 552
100.993 39.8811 552
100.052 39.8811 552
99.1106 39.8811 552
98.1696 39.8811 552
97.2286 39.8811 552
96.462 39.9533 553
95.5193 39.9533 553
94.5766 39.9533 553
93.6338 39.9533 553
92.8587 40.0256 554
91.9143 40.0256 554
90.9699 40.0256 554
90.0254 40.0256 554
89.081 40.0256 554
88.1366 40.0256 554
87.3495 40.0978 555
86.4034 40.0978 555
85.4573 40.0978 555
84.5111 40.0978 555
83.4144 40.0256 554
82.47 40.0256 554
81.5256 40.0256 554
80.7266 40.0978 555
79.7804 40.0978 555
78.8343 40.0978 555
77.8882 40.0978 555
76.8034 40.0256 554
75.859 40.0256 554
74.9146 40.0256 554
73.9701 40.0256 554
72.8939 39.9533 553
71.9511 39.9533 553
71.0084 39.9533 553
70.0657 39.9533 553
68.748 39.7366 550
67.6871 39.6643 549
66.2648 39.3754 545
65.3357 39.3754 545
64.1703 39.2309 543
63.1281 39.1586 542
45.9961 36.5577 506
45.1335 36.5577 506
44.2709 36.5577 506
43.4083 36.5577 506
42.5457 36.5577 506
41.6831 36.5577 506
40.8205 36.5577 506
1347.6 288.447 4089
1340.62 288.447 4089
1333.65 288.447 4089
1326.68 288.447 4089
1319.71 288.447 4089
1312.74 288.447 4089
1305.77 288.447 4089
1295.62 287.742 4079
1288.67 287.742 4079
1284.86 288.447 4089
1277.89 288.447 4089
1270.92 288.447 4089
1263.95 288.447 4089
1250.83 287.036 4069
1243.89 287.036 4069
1233.92 286.331 4059
1223.97 285.626 4049
1214.06 284.92 4039
1207.18 284.92 4039
1194.65 283.58 4020
1190.75 284.285 4030
1183.88 284.285 4030
1177.01 284.285 4030
1175.65 285.626 4049
1177.41 287.742 4079
1170.46 287.742 4079
1163.5 287.742 4079
1153.72 287.036 4069
1149.6 287.742 4079
1142.64 287.742 4079
1135.69 287.742 4079
1128.74 287.742 4079
1121.78 287.742 4079
1117.56 288.447 4089
1110.59 288.447 4089
1103.62 288.447 4089
1096.65 288.447 4089
1089.68 288.447 4089
107.58 38.9393 552
106.639 38.9393 552
105.698 38.9393 552
104.757 38.9393 552
103.816 38.9393 552
102.875 38.9393 552
101.934 38.9393 552
100.993 38.9393 552
100.052 38.9393 552
99.1106 38.9393 552
98.1696 38.9393 552
97.2286 38.9393 552
96.2876 38.9393 552
95.3466 38.9393 552
94.4055 38.9393 552
93.4645 38.9393 552
92.5235 38.9393 552
91.5825 38.9393 552
90.8057 39.0099 553
89.8629 39.0099 553
88.9202 39.0099 553
87.9775 39.0099 553
87.0348 39.0099 553
86.092 39.0099 553
85.1493 39.0099 553
84.2066 39.0099 553
83.2639 39.0099 553
82.3211 39.0099 553
81.3784 39.0099 553
80.5811 39.0804 554
79.6367 39.0804 554
78.6923 39.0804 554
77.7478 39.0804 554
76.8034 39.0804 554
75.859 39.0804 554
74.9146 39.0804 554
73.9701 39.0804 554
72.8939 39.0099 553
71.9511 39.0099 553
71.0084 39.0099 553
70.0657 39.0099 553
68.748 38.7982 550
67.6871 38.7277 549
66.2648 38.4455 545
65.3357 38.4455 545
64.1703 38.3044 543
63.1281 38.2339 542
47.7213 35.6944 506
46.8587 35.6944 506
45.9961 35.6944 506
45.1335 35.6944 506
44.2709 35.6944 506
43.4083 35.6944 506
42.5457 35.6944 506
41.6831 35.6944 506
40.8205 35.6944 506
1347.6 281.471 4089
1340.62 281.471 4089
1333.65 281.471 4089
1326.68 281.471 4089
1319.71 281.471 4089
1312.74 281.471 4089
1305.77 281.471 4089
1295.62 280.783 4079
1288.67 280.783 4079
1281.72 280.783 4079
1274.76 280.783 4079
1267.81 280.783 4079
1257.76 280.094 4069
1250.83 280.094 4069
1243.89 280.094 4069
1230.88 278.718 4049
1223.97 278.718 4049
1214.06 278.029 4039
1207.18 278.029 4039
1194.65 276.721 4020
1190.75 277.41 4030
1183.88 277.41 4030
1177.01 277.41 4030
1175.65 278.718 4049
1177.41 280.783 4079
1170.46 280.783 4079
1163.5 280.783 4079
1153.72 280.094 4069
1149.6 280.783 4079
1142.64 280.783 4079
1135.69 280.783 4079
1128.74 280.783 4079
1121.78 280.783 4079
1117.56 281.471 4089
1110.59 281.471 4089
1103.62 281.471 4089
1096.65 281.471 4089
1089.68 281.471 4089
125.567 39.5119 574
124.588 39.5119 574
123.61 39.5119 574
122.631 39.5119 574
121.653 39.5119 574
120.464 39.4431 573
118.653 39.1678 569
117.476 39.0989 568
116.508 39.0989 568
115.54 39.0989 568
108.521 37.9975 552
107.58 37.9975 552
106.639 37.9975 552
105.698 37.9975 552
104.757 37.9975 552
103.816 37.9975 552
102.688 37.9287 551
101.749 37.9287 551
100.81 37.9287 551
99.8704 37.9287 551
98.9311 37.9287 551
97.9918 37.9287 551
97.0525 37.9287 551
96.1131 37.9287 551
95.1738 37.9287 551
94.2345 37.9287 551
93.2952 37.9287 551
92.3559 37.9287 551
91.4166 37.9287 551
90.6414 37.9975 552
89.7004 37.9975 552
88.7594 37.9975 552
87.8184 37.9975 552
86.8774 37.9975 552
85.9363 37.9975 552
84.9953 37.9975 552
84.0543 37.9975 552
83.1133 37.9975 552
82.1723 37.9975 552
81.2312 37.9975 552
80.2902 37.9975 552
79.3492 37.9975 552
78.5502 38.0664 553
77.6075 38.0664 553
76.6648 38.0664 553
75.7221 38.0664 553
74.7793 38.0664 553
73.7031 37.9975 552
72.7621 37.9975 552
71.5608 37.8599 550
70.6232 37.8599 550
69.6856 37.8599 550
68.623 37.791 549
67.5638 37.7222 548
48.5839 34.8311 506
47.7213 34.8311 506
46.8587 34.8311 506
45.9961 34.8311 506
45.1335 34.8311 506
44.2709 34.8311 506
43.4083 34.8311 506
42.5457 34.8311 506
41.6831 34.8311 506
40.8205 34.8311 506
1351.25 273.823 4079
1347.6 274.495 4089
1340.62 274.495 4089
1333.65 274.495 4089
1326.68 274.495 4089
1313.26 273.152 4069
1306.32 273.152 4069
1299.38 273.152 4069
1289.27 272.481 4059
1285.51 273.152 4069
1278.57 273.152 4069
1271.64 273.152 4069
1264.7 273.152 4069
1251.58 271.81 4049
1244.68 271.81 4049
1237.78 271.81 4049
1230.88 271.81 4049
1220.95 271.138 4039
1211.36 270.534 4030
1204.49 270.534 4030
1194.65 269.863 4020
1190.75 270.534 4030
1183.88 270.534 4030
1177.01 270.534 4030
1175.65 271.81 4049
1177.41 273.823 4079
1170.46 273.823 4079
1163.5 273.823 4079
1121.78 273.823 4079
1114.83 273.823 4079
1107.88 273.823 4079
1100.92 273.823 4079
125.567 38.5326 574
124.588 38.5326 574
123.61 38.5326 574
122.631 38.5326 574
121.653 38.5326 574
120.464 38.4655 573
119.07 38.3312 571
117.683 38.197 569
116.713 38.197 569
115.54 38.1299 568
113.966 37.9285 565
108.521 37.0558 552
107.58 37.0558 552
106.639 37.0558 552
105.698 37.0558 552
104.757 37.0558 552
103.816 37.0558 552
102.688 36.9887 551
101.564 36.9215 550
100.627 36.9215 550
99.6892 36.9215 550
98.7515 36.9215 550
97.8139 36.9215 550
96.8763 36.9215 550
95.9387 36.9215 550
95.0011 36.9215 550
94.0635 36.9215 550
93.1259 36.9215 550
92.3559 36.9887 551
91.4166 36.9887 551
90.4772 36.9887 551
89.5379 36.9887 551
88.7594 37.0558 552
87.8184 37.0558 552
86.8774 37.0558 552
85.9363 37.0558 552
84.9953 37.0558 552
84.0543 37.0558 552
83.1133 37.0558 552
82.1723 37.0558 552
81.2312 37.0558 552
80.2902 37.0558 552
79.3492 37.0558 552
78.4082 37.0558 552
77.4672 37.0558 552
76.5261 37.0558 552
75.5851 37.0558 552
74.6441 37.0558 552
73.5696 36.9887 551
72.4984 36.9215 550
71.4307 36.8544 549
70.4948 36.8544 549
69.5589 36.8544 549
68.248 36.653 546
48.5839 33.9678 506
47.7213 33.9678 506
46.8587 33.9678 506
45.9961 33.9678 506
45.1335 33.9678 506
44.2709 33.9678 506
43.4083 33.9678 506
42.5457 33.9678 506
41.6831 33.9678 506
40.8205 33.9678 506
23.844 32.021 477
23.0308 32.021 477
22.2177 32.021 477
21.3148 31.8868 475
20.505 31.8868 475
19.5709 31.6854 472
18.6867 31.5511 470
17.8855 31.5511 470
1365.16 266.864 4079
1358.21 266.864 4079
1351.25 266.864 4079
1344.3 266.864 4079
1337.35 266.864 4079
1327.13 266.21 4069
1320.19 266.21 4069
1303.58 264.247 4039
1296.69 264.247 4039
1286.93 263.658 4030
1276.88 263.004 4020
1270.03 263.004 4020
1266.32 263.658 4030
1259.45 263.658 4030
1252.58 263.658 4030
1245.71 263.658 4030
1238.84 263.658 4030
1231.97 263.658 4030
1225.1 263.658 4030
1218.23 263.658 4030
1211.36 263.658 4030
1201.5 263.004 4020
1189 261.761 4001
1184.84 262.35 4010
1178 262.35 4010
1171.17 262.35 4010
1175.65 264.901 4049
1174.53 266.21 4069
1167.59 266.21 4069
1160.65 266.21 4069
1156.55 266.864 4079
1149.6 266.864 4079
1142.64 266.864 4079
125.567 37.5533 574
124.588 37.5533 574
123.61 37.5533 574
122.631 37.5533 574
121.653 37.5533 574
120.464 37.4879 573
119.07 37.3571 571
117.683 37.2262 569
116.713 37.2262 569
115.54 37.1608 568
113.966 36.9645 565
108.521 36.114 552
107.58 36.114 552
106.639 36.114 552
105.698 36.114 552
104.567 36.0486 551
103.628 36.0486 551
102.688 36.0486 551
101.564 35.9832 550
100.627 35.9832 550
99.6892 35.9832 550
98.7515 35.9832 550
97.8139 35.9832 550
96.8763 35.9832 550
95.9387 35.9832 550
95.0011 35.9832 550
94.0635 35.9832 550
93.1259 35.9832 550
92.3559 36.0486 551
91.4166 36.0486 551
90.4772 36.0486 551
89.5379 36.0486 551
88.7594 36.114 552
87.8184 36.114 552
86.8774 36.114 552
85.9363 36.114 552
84.9953 36.114 552
84.0543 36.114 552
83.1133 36.114 552
82.1723 36.114 552
81.2312 36.114 552
80.2902 36.114 552
79.3492 36.114 552
78.4082 36.114 552
77.4672 36.114 552
76.5261 36.114 552
75.4482 36.0486 551
74.3736 35.9832 550
73.436 35.9832 550
72.3666 35.9177 549
71.1705 35.7869 547
70.1096 35.7215 546
69.1788 35.7215 546
67.998 35.5906 544
48.5839 33.1045 506
47.7213 33.1045 506
46.8587 33.1045 506
45.9961 33.1045 506
45.1335 33.1045 506
44.2709 33.1045 506
43.4083 33.1045 506
42.4616 33.0391 505
41.5183 32.9737 504
40.6591 32.9737 504
25.6839 31.4689 481
24.8639 31.4689 481
24.044 31.4689 481
23.1757 31.4035 480
22.2177 31.2072 477
21.3148 31.0764 475
20.505 31.0764 475
19.5709 30.8801 472
18.6867 30.7492 470
17.8855 30.7492 470
1365.16 259.905 4079
1358.21 259.905 4079
1351.25 259.905 4079
1344.3 259.905 4079
1337.35 259.905 4079
1327.13 259.268 4069
1320.19 259.268 4069
1303.58 257.356 4039
1296.69 257.356 4039
1286.93 256.783 4030
1276.88 256.146 4020
1270.03 256.146 4020
1266.32 256.783 4030
1259.45 256.783 4030
1252.58 256.783 4030
1245.71 256.783 4030
1238.84 256.783 4030
1231.97 256.783 4030
1225.1 256.783 4030
1218.23 256.783 4030
1211.36 256.783 4030
1201.5 256.146 4020
1189 254.935 4001
1184.84 255.508 4010
1178 255.508 4010
1171.17 255.508 4010
1175.65 257.993 4049
1168.75 257.993 4049
1167.59 259.268 4069
1160.65 259.268 4069
1156.55 259.905 4079
1149.6 259.905 4079
1142.64 259.905 4079
125.786 36.6377 575
124.805 36.6377 575
123.825 36.6377 575
122.845 36.6377 575
121.865 36.6377 575
120.464 36.5103 573
119.07 36.3829 571
117.683 36.2554 569
116.713 36.2554 569
115.54 36.1917 568
113.966 36.0006 565
113.003 36.0006 565
109.264 35.1085 551
108.324 35.1085 551
107.385 35.1085 551
106.446 35.1085 551
105.506 35.1085 551
104.567 35.1085 551
103.628 35.1085 551
102.316 34.9811 549
101.38 34.9811 549
100.261 34.9174 548
99.3267 34.9174 548
98.3924 34.9174 548
97.4582 34.9174 548
96.524 34.9174 548
95.5898 34.9174 548
94.6556 34.9174 548
93.8925 34.9811 549
92.9566 34.9811 549
92.0207 34.9811 549
91.0847 34.9811 549
90.313 35.0448 550
89.3754 35.0448 550
88.5986 35.1085 551
87.6593 35.1085 551
86.72 35.1085 551
85.9363 35.1722 552
84.9953 35.1722 552
84.0543 35.1722 552
83.1133 35.1722 552
82.1723 35.1722 552
81.2312 35.1722 552
80.2902 35.1722 552
79.3492 35.1722 552
78.4082 35.1722 552
77.4672 35.1722 552
76.5261 35.1722 552
75.4482 35.1085 551
74.3736 35.0448 550
73.436 35.0448 550
72.3666 34.9811 549
71.1705 34.8537 547
70.1096 34.7899 546
69.1788 34.7899 546
67.998 34.6625 544
48.5839 32.2412 506
47.7213 32.2412 506
46.8587 32.2412 506
45.9961 32.2412 506
45.1335 32.2412 506
44.2709 32.2412 506
43.3225 32.1775 505
42.2934 32.0501 503
41.436 32.0501 503
40.5785 32.0501 503
39.4051 31.7952 499
28.3779 30.9031 485
27.5511 30.9031 485
26.7243 30.9031 485
25.7907 30.7757 483
24.9673 30.7757 483
24.1439 30.7757 483
23.1757 30.5846 480
22.2643 30.4571 478
21.3596 30.3297 476
20.5482 30.3297 476
19.5709 30.0748 472
18.6867 29.9474 470
17.8855 29.9474 470
1431.24 253.566 4089
1424.27 253.566 4089
1417.3 253.566 4089
1410.33 253.566 4089
1403.36 253.566 4089
1396.39 253.566 4089
1365.16 252.946 4079
1358.21 252.946 4079
1351.25 252.946 4079
1341 252.326 4069
1334.07 252.326 4069
1320.61 251.085 4049
1307.54 249.907 4030
1300.67 249.907 4030
1293.8 249.907 4030
1280.54 248.667 4010
1270.85 248.109 4001
1264.03 248.109 4001
1257.21 248.109 4001
1250.39 248.109 4001
1243.57 248.109 4001
1236.75 248.109 4001
1229.92 248.109 4001
1220.05 247.489 3991
1210.51 246.931 3982
1203.72 246.931 3982
1196.93 246.931 3982
1187.15 246.311 3972
1174.74 245.132 3953
1173.61 246.311 3972
1166.84 246.311 3972
1160.07 246.311 3972
1161.72 248.109 4001
1160.38 249.287 4020
1167.59 252.326 4069
1160.65 252.326 4069
1156.55 252.946 4079
1149.6 252.946 4079
1142.64 252.946 4079
126.545 35.5947 574
125.786 35.6567 575
124.805 35.6567 575
123.825 35.6567 575
122.845 35.6567 575
121.865 35.6567 575
120.464 35.5327 573
119.07 35.4087 571
117.683 35.2847 569
116.713 35.2847 569
115.54 35.2227 568
113.966 35.0366 565
113.003 35.0366 565
109.66 34.2925 553
108.717 34.2925 553
107.385 34.1685 551
106.446 34.1685 551
105.506 34.1685 551
104.187 34.0444 549
103.252 34.0444 549
102.129 33.9824 548
100.826 33.8584 546
99.8949 33.8584 546
99.1454 33.9204 547
98.2129 33.9204 547
97.2804 33.9204 547
96.1718 33.8584 546
95.241 33.8584 546
94.3102 33.8584 546
93.5504 33.9204 547
92.6179 33.9204 547
91.853 33.9824 548
90.9188 33.9824 548
90.1488 34.0444 549
89.2129 34.0444 549
88.277 34.0444 549
87.3411 34.0444 549
86.4052 34.0444 549
85.625 34.1064 550
84.6874 34.1064 550
83.7498 34.1064 550
82.8121 34.1064 550
81.8745 34.1064 550
80.9369 34.1064 550
79.9993 34.1064 550
79.0617 34.1064 550
78.1241 34.1064 550
77.1865 34.1064 550
76.2489 34.1064 550
75.1743 34.0444 549
74.2384 34.0444 549
73.3025 34.0444 549
72.103 33.9204 547
70.9103 33.7964 545
69.7244 33.6724 543
68.7987 33.6724 543
67.873 33.6724 543
48.5839 31.3779 506
47.7213 31.3779 506
46.8587 31.3779 506
45.9961 31.3779 506
45.1335 31.3779 506
44.2709 31.3779 506
43.3225 31.3159 505
42.2934 31.1919 503
41.436 31.1919 503
40.5785 31.1919 503
39.4051 30.9438 499
38.3999 30.8198 497
37.5526 30.8198 497
36.7054 30.8198 497
30.3411 30.3857 490
29.5058 30.3857 490
28.6705 30.3857 490
27.7215 30.2617 488
26.8345 30.1997 487
25.8975 30.0757 485
25.0707 30.0757 485
24.1439 29.9517 483
23.224 29.8276 481
22.2643 29.6416 478
21.3596 29.5176 476
20.5482 29.5176 476
19.5709 29.2695 472
18.7265 29.2075 471
17.8855 29.1455 470
1438.21 246.59 4089
1431.24 246.59 4089
1424.27 246.59 4089
1417.3 246.59 4089
1410.33 246.59 4089
1403.36 246.59 4089
1396.39 246.59 4089
1389.42 246.59 4089
1382.45 246.59 4089
1375.48 246.59 4089
1368.51 246.59 4089
1361.54 246.59 4089
1344.63 244.781 4059
1334.41 244.177 4049
1327.51 244.177 4049
1320.61 244.177 4049
1307.54 243.032 4030
1294.22 241.826 4010
1287.38 241.826 4010
1277.67 241.283 4001
1267.67 240.68 3991
1260.87 240.68 3991
1257.21 241.283 4001
1250.39 241.283 4001
1243.57 241.283 4001
1230.87 240.137 3982
1224.08 240.137 3982
1214.24 239.534 3972
1210.51 240.137 3982
1203.72 240.137 3982
1196.93 240.137 3982
1181.47 238.388 3953
1169.39 237.303 3935
1162.68 237.303 3935
1166.84 239.534 3972
1160.07 239.534 3972
1153.3 239.534 3972
1157.49 241.826 4010
1158.98 243.574 4039
1152.09 243.574 4039
1153.72 245.384 4069
1146.78 245.384 4069
1139.84 245.384 4069
130.232 34.5551 573
129.255 34.5551 573
128.278 34.5551 573
127.524 34.6154 574
126.545 34.6154 574
125.786 34.6757 575
124.805 34.6757 575
123.825 34.6757 575
122.845 34.6757 575
121.865 34.6757 575
120.464 34.5551 573
119.07 34.4345 571
117.683 34.3139 569
116.713 34.3139 569
115.54 34.2536 568
113.966 34.0727 565
113.003 34.0727 565
109.66 33.349 553
108.717 33.349 553
107.385 33.2284 551
106.446 33.2284 551
105.506 33.2284 551
104.187 33.1078 549
103.252 33.1078 549
102.129 33.0475 548
100.826 32.9269 546
99.529 32.8063 544
98.6016 32.8063 544
97.6743 32.8063 544
96.9247 32.8666 545
95.9956 32.8666 545
95.0665 32.8666 545
94.1375 32.8666 545
93.2084 32.8666 545
92.4486 32.9269 546
91.5178 32.9269 546
90.587 32.9269 546
89.8204 32.9872 547
88.8879 32.9872 547
88.1162 33.0475 548
87.182 33.0475 548
86.2478 33.0475 548
85.4693 33.1078 549
84.5334 33.1078 549
83.5975 33.1078 549
82.6616 33.1078 549
81.7257 33.1078 549
80.7898 33.1078 549
79.8539 33.1078 549
78.918 33.1078 549
77.84 33.0475 548
76.9058 33.0475 548
75.9716 33.0475 548
75.0374 33.0475 548
73.968 32.9872 547
73.0355 32.9872 547
71.8393 32.8666 545
70.7802 32.8063 544
69.7244 32.7459 543
68.7987 32.7459 543
67.748 32.6856 542
48.5839 30.5146 506
47.7213 30.5146 506
46.8587 30.5146 506
45.9961 30.5146 506
45.0443 30.4543 505
44.1834 30.4543 505
43.2367 30.394 504
42.2094 30.2734 502
41.2712 30.2131 501
40.4171 30.2131 501
39.4051 30.0925 499
38.3999 29.9719 497
37.5526 29.9719 497
36.7054 29.9719 497
30.3411 29.5498 490
29.5058 29.5498 490
28.6705 29.5498 490
27.7215 29.4291 488
26.8345 29.3688 487
25.8975 29.2482 485
25.0707 29.2482 485
24.1439 29.1276 483
23.224 29.007 481
22.2643 28.8261 478
21.3596 28.7055 476
20.5482 28.7055 476
19.5709 28.4643 472
18.7265 28.4039 471
17.9235 28.4039 471
1438.21 239.613 4089
1431.24 239.613 4089
1424.27 239.613 4089
1417.3 239.613 4089
1410.33 239.613 4089
1403.36 239.613 4089
1396.39 239.613 4089
1389.42 239.613 4089
1382.45 239.613 4089
1375.48 239.613 4089
1368.51 239.613 4089
1361.54 239.613 4089
1341.32 237.269 4049
1331.12 236.683 4039
1324.23 236.683 4039
1314.41 236.156 4030
1304.3 235.57 4020
1294.22 234.984 4010
1287.38 234.984 4010
1277.67 234.457 4001
1267.67 233.871 3991
1260.87 233.871 3991
1254.07 233.871 3991
1247.26 233.871 3991
1240.46 233.871 3991
1227.78 232.757 3972
1224.08 233.343 3982
1217.3 233.343 3982
1210.51 233.343 3982
1203.72 233.343 3982
1196.93 233.343 3982
1190.14 233.343 3982
1169.39 230.589 3935
1162.68 230.589 3935
1166.84 232.757 3972
1160.07 232.757 3972
1153.3 232.757 3972
130.232 33.5775 573
129.255 33.5775 573
128.278 33.5775 573
127.524 33.6361 574
126.545 33.6361 574
125.786 33.6947 575
124.805 33.6947 575
123.825 33.6947 575
122.631 33.6361 574
121.653 33.6361 574
120.464 33.5775 573
119.07 33.4603 571
117.683 33.3431 569
116.713 33.3431 569
115.336 33.2259 567
113.966 33.1087 565
111.603 32.6985 558
109.66 32.4055 553
108.717 32.4055 553
107.385 32.2883 551
106.059 32.1711 549
104.932 32.1125 548
103.808 32.0539 547
102.875 32.0539 547
101.57 31.9367 545
100.456 31.8781 544
99.529 31.8781 544
98.6016 31.8781 544
97.6743 31.8781 544
96.9247 31.9367 545
95.9956 31.9367 545
95.0665 31.9367 545
94.1375 31.9367 545
93.2084 31.9367 545
92.4486 31.9953 546
91.5178 31.9953 546
90.587 31.9953 546
89.8204 32.0539 547
88.8879 32.0539 547
88.1162 32.1125 548
87.182 32.1125 548
86.2478 32.1125 548
85.4693 32.1711 549
84.5334 32.1711 549
83.5975 32.1711 549
82.6616 32.1711 549
81.7257 32.1711 549
80.7898 32.1711 549
79.8539 32.1711 549
78.918 32.1711 549
77.84 32.1125 548
76.9058 32.1125 548
75.9716 32.1125 548
74.9005 32.0539 547
73.6975 31.9367 545
72.7684 31.9367 545
71.8393 31.9367 545
70.65 31.8195 543
69.596 31.7609 542
68.672 31.7609 542
47.627 29.5928 505
46.7661 29.5928 505
45.9052 29.5928 505
45.0443 29.5928 505
44.1834 29.5928 505
43.1509 29.4756 503
42.1253 29.3584 501
41.1064 29.2412 499
40.2558 29.2412 499
39.2472 29.124 497
38.3999 29.124 497
37.5526 29.124 497
36.7054 29.124 497
35.8581 29.124 497
35.0109 29.124 497
34.1636 29.124 497
33.3163 29.124 497
32.4038 29.0654 496
31.3037 28.831 492
30.403 28.7724 491
29.5058 28.7138 490
28.6705 28.7138 490
27.7783 28.6552 489
26.8896 28.5966 488
26.0043 28.538 487
25.1741 28.538 487
24.2439 28.4208 485
23.224 28.1864 481
22.2643 28.0106 478
21.3148 27.8348 475
20.505 27.8348 475
19.5709 27.659 472
18.7265 27.6004 471
17.9235 27.6004 471
1438.21 232.637 4089
1431.24 232.637 4089
1424.27 232.637 4089
1413.84 232.068 4079
1406.88 232.068 4079
1399.93 232.068 4079
1396.39 232.637 4089
1389.42 232.637 4089
1382.45 232.637 4089
1375.48 232.637 4089
1368.51 232.637 4089
1361.54 232.637 4089
1341.32 230.361 4049
1331.12 229.792 4039
1324.23 229.792 4039
1314.41 229.28 4030
1304.3 228.712 4020
1294.22 228.143 4010
1287.38 228.143 4010
1277.67 227.631 4001
1267.67 227.062 3991
1260.87 227.062 3991
1254.07 227.062 3991
1247.26 227.062 3991
1240.46 227.062 3991
1227.78 225.981 3972
1224.08 226.55 3982
1217.3 226.55 3982
1210.51 226.55 3982
1203.72 226.55 3982
1196.93 226.55 3982
1190.14 226.55 3982
1169.39 223.876 3935
1162.68 223.876 3935
1166.84 225.981 3972
1160.07 225.981 3972
1153.3 225.981 3972
133.395 32.6568 574
132.416 32.6568 574
131.438 32.6568 574
130.459 32.6568 574
129.481 32.6568 574
128.502 32.6568 574
127.524 32.6568 574
126.545 32.6568 574
125.567 32.6568 574
124.588 32.6568 574
123.61 32.6568 574
122.631 32.6568 574
121.653 32.6568 574
120.254 32.543 572
118.653 32.3723 569
117.476 32.3155 568
116.508 32.3155 568
115.133 32.2017 566
113.764 32.0879 564
111.603 31.7465 558
109.66 31.4621 553
108.717 31.4621 553
107.19 31.2914 550
105.866 31.1776 548
104.74 31.1207 547
103.428 31.0069 545
102.499 31.0069 545
101.384 30.95 544
100.272 30.8931 543
99.3461 30.8931 543
98.6016 30.95 544
97.6743 30.95 544
96.7469 30.95 544
95.8195 30.95 544
94.8921 30.95 544
93.9647 30.95 544
93.0373 30.95 544
92.2793 31.0069 545
91.3502 31.0069 545
90.4211 31.0069 545
89.6562 31.0638 546
88.8879 31.1207 547
87.9554 31.1207 547
87.0229 31.1207 547
86.2478 31.1776 548
85.3136 31.1776 548
84.3794 31.1776 548
83.4452 31.1776 548
82.6616 31.2345 549
81.7257 31.2345 549
80.7898 31.2345 549
79.7084 31.1776 548
78.7742 31.1776 548
77.84 31.1776 548
76.9058 31.1776 548
75.833 31.1207 547
74.9005 31.1207 547
73.6975 31.0069 545
72.7684 31.0069 545
71.8393 31.0069 545
70.65 30.8931 543
69.596 30.8362 542
68.672 30.8362 542
48.5839 28.7881 506
47.7213 28.7881 506
46.8587 28.7881 506
45.9052 28.7312 505
45.0443 28.7312 505
44.1834 28.7312 505
43.0651 28.5605 502
42.1253 28.5036 501
41.1064 28.3898 499
40.2558 28.3898 499
39.2472 28.276 497
38.3999 28.276 497
37.5526 28.276 497
36.7054 28.276 497
35.8581 28.276 497
35.0109 28.276 497
34.1636 28.276 497
33.3163 28.276 497
32.4038 28.2191 496
31.3037 27.9916 492
30.403 27.9347 491
29.5058 27.8778 490
28.6705 27.8778 490
27.8351 27.8778 490
26.8896 27.764 488
26.0043 27.7071 487
25.1741 27.7071 487
24.2439 27.5933 485
23.224 27.3657 481
22.2643 27.1951 478
21.2699 26.9675 474
20.4618 26.9675 474
19.5709 26.8537 472
18.7265 26.7968 471
17.9235 26.7968 471
1438.21 225.661 4089
1431.24 225.661 4089
1424.27 225.661 4089
1410.37 224.557 4069
1403.43 224.557 4069
1393.07 224.005 4059
1389.56 224.557 4069
1382.62 224.557 4069
1382.45 225.661 4089
1375.48 225.661 4089
1368.51 225.661 4089
1354.88 224.557 4069
1338 222.902 4039
1328.15 222.405 4030
1321.28 222.405 4030
1311.15 221.853 4020
1304.3 221.853 4020
1291.31 220.804 4001
1284.49 220.804 4001
1274.48 220.253 3991
1264.81 219.756 3982
1258.03 219.756 3982
1251.24 219.756 3982
1241.32 219.204 3972
1234.55 219.204 3972
1227.78 219.204 3972
1224.08 219.756 3982
1217.3 219.756 3982
1210.51 219.756 3982
1203.72 219.756 3982
1196.93 219.756 3982
1190.14 219.756 3982
1169.39 217.162 3935
1162.68 217.162 3935
1155.97 217.162 3935
1149.26 217.162 3935
135.824 31.7879 576
134.842 31.7879 576
133.86 31.7879 576
132.878 31.7879 576
131.667 31.7327 575
130.459 31.6775 574
129.481 31.6775 574
128.502 31.6775 574
127.524 31.6775 574
126.545 31.6775 574
125.567 31.6775 574
124.588 31.6775 574
123.61 31.6775 574
122.418 31.6223 573
121.441 31.6223 573
120.254 31.5671 572
118.444 31.3464 568
117.269 31.2912 567
116.303 31.2912 567
115.133 31.236 566
113.966 31.1808 565
111.803 30.8497 559
109.66 30.5186 553
108.717 30.5186 553
106.995 30.2978 549
105.673 30.1875 547
104.357 30.0771 545
103.239 30.0219 544
102.311 30.0219 544
101.197 29.9667 543
100.272 29.9667 543
99.3461 29.9667 543
98.4204 29.9667 543
97.4947 29.9667 543
96.569 29.9667 543
95.6433 29.9667 543
94.7177 29.9667 543
93.792 29.9667 543
92.8663 29.9667 543
92.11 30.0219 544
91.1826 30.0219 544
90.2552 30.0219 544
89.492 30.0771 545
88.7254 30.1323 546
87.7946 30.1323 546
86.8638 30.1323 546
86.0904 30.1875 547
85.1579 30.1875 547
84.3794 30.2426 548
83.4452 30.2426 548
82.511 30.2426 548
81.5768 30.2426 548
80.6426 30.2426 548
79.7084 30.2426 548
78.6305 30.1875 547
77.5559 30.1323 546
76.6251 30.1323 546
75.5557 30.0771 545
74.6266 30.0771 545
73.6975 30.0771 545
72.7684 30.0771 545
71.7075 30.0219 544
70.65 29.9667 543
69.596 29.9115 542
68.672 29.9115 542
48.5839 27.9248 506
47.7213 27.9248 506
46.8587 27.9248 506
45.9052 27.8696 505
45.0443 27.8696 505
44.1834 27.8696 505
43.0651 27.704 502
42.1253 27.6488 501
41.1064 27.5385 499
40.2558 27.5385 499
39.2472 27.4281 497
38.3999 27.4281 497
37.5526 27.4281 497
36.7054 27.4281 497
35.8581 27.4281 497
35.0109 27.4281 497
34.1636 27.4281 497
33.3163 27.4281 497
32.4038 27.3729 496
31.3037 27.1522 492
30.403 27.097 491
29.5058 27.0418 490
28.6705 27.0418 490
27.8351 27.0418 490
26.8896 26.9314 488
26.0043 26.8762 487
25.1741 26.8762 487
24.2439 26.7658 485
23.224 26.5451 481
22.2643 26.3795 478
21.225 26.1036 473
20.4187 26.1036 473
19.5294 25.9932 471
18.7265 25.9932 471
17.8855 25.938 470
16.9388 25.7173 466
16.1444 25.7173 466
1438.21 218.685 4089
1431.24 218.685 4089
1424.27 218.685 4089
1410.37 217.615 4069
1403.43 217.615 4069
1393.07 217.08 4059
1389.56 217.615 4069
1382.62 217.615 4069
1375.69 217.615 4069
1368.75 217.615 4069
1361.81 217.615 4069
1351.55 217.08 4059
1335.02 215.529 4030
1328.15 215.529 4030
1321.28 215.529 4030
1307.89 214.46 4010
1301.05 214.46 4010
1285.18 212.962 3982
1278.39 212.962 3982
1271.6 212.962 3982
1258.78 211.946 3963
1252.02 211.946 3963
1245.27 211.946 3963
1238.51 211.946 3963
1231.76 211.946 3963
1221.91 211.411 3953
1215.17 211.411 3953
1208.43 211.411 3953
1210.51 212.962 3982
1203.72 212.962 3982
1196.93 212.962 3982
1178.79 210.93 3944
1169.39 210.449 3935
1159.72 209.914 3925
1153.03 209.914 3925
135.824 30.8052 576
134.842 30.8052 576
133.86 30.8052 576
132.878 30.8052 576
131.667 30.7517 575
130.459 30.6982 574
129.481 30.6982 574
128.502 30.6982 574
127.524 30.6982 574
126.545 30.6982 574
125.567 30.6982 574
124.588 30.6982 574
123.61 30.6982 574
122.418 30.6447 573
121.441 30.6447 573
120.254 30.5912 572
118.444 30.3773 568
117.269 30.3238 567
116.303 30.3238 567
115.133 30.2704 566
113.966 30.2169 565
111.803 29.896 559
109.66 29.5751 553
108.717 29.5751 553
106.995 29.3612 549
105.673 29.2542 547
104.357 29.1473 545
103.239 29.0938 544
102.311 29.0938 544
101.197 29.0403 543
100.272 29.0403 543
99.1631 28.9868 542
98.2391 28.9868 542
97.3152 28.9868 542
96.3912 28.9868 542
95.4672 28.9868 542
94.5432 28.9868 542
93.6193 28.9868 542
92.6953 28.9868 542
91.9406 29.0403 543
91.015 29.0403 543
90.0893 29.0403 543
89.3278 29.0938 544
88.4004 29.0938 544
87.6338 29.1473 545
86.7048 29.1473 545
85.7757 29.1473 545
85.0023 29.2007 546
84.0715 29.2007 546
83.1407 29.2007 546
82.2099 29.2007 546
81.2791 29.2007 546
80.3483 29.2007 546
79.4175 29.2007 546
78.4867 29.2007 546
77.4139 29.1473 545
76.4848 29.1473 545
75.4171 29.0938 544
74.4897 29.0938 544
73.5623 29.0938 544
72.6349 29.0938 544
71.7075 29.0938 544
70.5199 28.9868 542
69.596 28.9868 542
68.672 28.9868 542
52.3742 26.7941 501
51.623 26.8476 502
50.7672 26.8476 502
49.9114 26.8476 502
49.2511 26.9545 504
48.5839 27.0615 506
47.7213 27.0615 506
46.8587 27.0615 506
45.9052 27.008 505
45.0443 27.008 505
44.1834 27.008 505
43.0651 26.8476 502
42.0412 26.7406 500
41.1064 26.6871 499
40.2558 26.6871 499
39.2472 26.5802 497
38.3999 26.5802 497
37.5526 26.5802 497
36.7054 26.5802 497
35.8581 26.5802 497
35.0109 26.5802 497
34.1636 26.5802 497
33.3163 26.5802 497
32.2731 26.4197 494
31.3037 26.3128 492
30.403 26.2593 491
29.5058 26.2058 490
28.6705 26.2058 490
27.8351 26.2058 490
26.8896 26.0988 488
26.0043 26.0453 487
25.1741 26.0453 487
24.1939 25.8849 484
23.1757 25.671 480
22.1245 25.4036 475
21.225 25.2966 473
20.4187 25.2966 473
19.5294 25.1896 471
18.7265 25.1896 471
17.8855 25.1362 470
16.9388 24.9222 466
16.1444 24.9222 466
1438.21 211.708 4089
1431.24 211.708 4089
1424.27 211.708 4089
1410.37 210.673 4069
1403.43 210.673 4069
1393.07 210.155 4059
1389.56 210.673 4069
1382.62 210.673 4069
1375.69 210.673 4069
1368.75 210.673 4069
1361.81 210.673 4069
1351.55 210.155 4059
1335.02 208.654 4030
1324.86 208.136 4020
1318 208.136 4020
1307.89 207.618 4010
1291.97 206.168 3982
1281.95 205.651 3972
1275.18 205.651 3972
1262.34 204.667 3953
1255.6 204.667 3953
1248.86 204.667 3953
1242.12 204.667 3953
1235.39 204.667 3953
1225.85 204.201 3944
1213.25 203.217 3925
1206.56 203.217 3925
1199.87 203.217 3925
1198.96 204.201 3944
1192.23 204.201 3944
1185.51 204.201 3944
1173.11 203.217 3925
1155.72 201.353 3889
135.824 29.8225 576
134.842 29.8225 576
133.86 29.8225 576
132.878 29.8225 576
131.667 29.7707 575
130.459 29.7189 574
129.481 29.7189 574
128.502 29.7189 574
127.302 29.6671 573
126.325 29.6671 573
125.348 29.6671 573
124.371 29.6671 573
123.394 29.6671 573
122.418 29.6671 573
121.441 29.6671 573
120.254 29.6154 572
118.444 29.4083 568
117.269 29.3565 567
116.303 29.3565 567
115.133 29.3047 566
113.966 29.2529 565
111.803 28.9423 559
109.66 28.6316 553
108.717 28.6316 553
106.995 28.4245 549
105.48 28.2692 546
104.166 28.1657 544
103.049 28.1139 543
102.123 28.1139 543
101.011 28.0621 542
100.087 28.0621 542
99.1631 28.0621 542
98.2391 28.0621 542
97.3152 28.0621 542
96.3912 28.0621 542
95.4672 28.0621 542
94.5432 28.0621 542
93.6193 28.0621 542
92.6953 28.0621 542
91.9406 28.1139 543
91.015 28.1139 543
90.0893 28.1139 543
89.3278 28.1657 544
88.4004 28.1657 544
87.6338 28.2174 545
86.7048 28.2174 545
85.7757 28.2174 545
85.0023 28.2692 546
84.0715 28.2692 546
83.1407 28.2692 546
82.2099 28.2692 546
81.2791 28.2692 546
80.3483 28.2692 546
79.4175 28.2692 546
78.4867 28.2692 546
77.4139 28.2174 545
76.4848 28.2174 545
75.4171 28.1657 544
74.4897 28.1657 544
73.5623 28.1657 544
72.6349 28.1657 544
54.9365 25.9393 501
54.0824 25.9393 501
53.2283 25.9393 501
52.3742 25.9393 501
51.623 25.9911 502
50.7672 25.9911 502
49.9114 25.9911 502
49.2511 26.0947 504
48.4879 26.1464 505
47.627 26.1464 505
46.7661 26.1464 505
45.9052 26.1464 505
44.9551 26.0947 504
44.0959 26.0947 504
42.9794 25.9393 501
42.0412 25.8876 500
41.0241 25.784 498
40.1751 25.784 498
39.2472 25.7322 497
38.3999 25.7322 497
34.9404 25.6805 496
34.0949 25.6805 496
33.2493 25.6805 496
32.2078 25.5251 493
31.3037 25.4734 492
30.403 25.4216 491
29.5058 25.3698 490
28.6705 25.3698 490
27.7215 25.2662 488
26.8345 25.2145 487
25.8441 25.0591 484
25.019 25.0591 484
24.044 24.9038 481
23.1274 24.8003 479
22.0314 24.4896 473
21.1801 24.4378 472
20.3755 24.4378 472
19.4465 24.2825 469
18.5674 24.179 467
17.7713 24.179 467
16.9388 24.1272 466
16.1444 24.1272 466
1438.21 204.732 4089
1431.24 204.732 4089
1424.27 204.732 4089
1410.37 203.731 4069
1399.98 203.23 4059
1393.07 203.23 4059
1386.15 203.23 4059
1379.23 203.23 4059
1372.31 203.23 4059
1365.39 203.23 4059
1358.47 203.23 4059
1348.22 202.729 4049
1335.02 201.778 4030
1324.86 201.277 4020
1318 201.277 4020
1307.89 200.777 4010
1291.97 199.375 3982
1281.95 198.874 3972
1275.18 198.874 3972
1262.34 197.923 3953
1255.6 197.923 3953
1248.86 197.923 3953
1242.12 197.923 3953
1235.39 197.923 3953
1225.85 197.472 3944
1213.25 196.521 3925
1206.56 196.521 3925
1199.87 196.521 3925
1198.96 197.472 3944
1192.23 197.472 3944
1185.51 197.472 3944
1173.11 196.521 3925
1155.72 194.718 3889
139.01 28.8898 577
138.027 28.8898 577
137.043 28.8898 577
136.059 28.8898 577
134.842 28.8397 576
133.86 28.8397 576
132.878 28.8397 576
131.667 28.7897 575
130.459 28.7396 574
129.481 28.7396 574
128.502 28.7396 574
127.302 28.6895 573
126.325 28.6895 573
125.348 28.6895 573
124.371 28.6895 573
123.394 28.6895 573
122.204 28.6395 572
121.229 28.6395 572
120.043 28.5894 571
118.444 28.4392 568
117.269 28.3891 567
116.303 28.3891 567
115.133 28.3391 566
113.966 28.289 565
111.203 27.8384 556
109.66 27.6882 553
108.717 27.6882 553
106.8 27.4378 548
105.093 27.2375 544
103.783 27.1374 542
102.669 27.0873 541
101.747 27.0873 541
100.825 27.0873 541
99.9024 27.0873 541
98.9801 27.0873 541
98.2391 27.1374 542
97.3152 27.1374 542
96.3912 27.1374 542
95.4672 27.1374 542
94.5432 27.1374 542
93.6193 27.1374 542
92.6953 27.1374 542
91.7713 27.1374 542
90.8473 27.1374 542
89.9234 27.1374 542
89.1636 27.1875 543
88.4004 27.2375 544
87.473 27.2375 544
86.5457 27.2375 544
85.7757 27.2876 545
84.8466 27.2876 545
83.9175 27.2876 545
82.9884 27.2876 545
82.0593 27.2876 545
81.1302 27.2876 545
80.2011 27.2876 545
79.272 27.2876 545
78.1992 27.2375 544
77.1298 27.1875 543
76.2041 27.1875 543
75.2784 27.1875 543
74.4897 27.2375 544
73.5623 27.2375 544
72.6349 27.2375 544
55.9019 25.1346 502
55.0461 25.1346 502
54.1903 25.1346 502
53.3345 25.1346 502
52.3742 25.0846 501
51.623 25.1346 502
50.7672 25.1346 502
49.9114 25.1346 502
49.2511 25.2348 504
48.4879 25.2848 505
47.627 25.2848 505
46.7661 25.2848 505
45.8143 25.2348 504
44.7767 25.1346 502
43.9209 25.1346 502
42.8936 25.0345 500
41.9571 24.9844 499
40.9417 24.8843 497
40.0944 24.8843 497
39.2472 24.8843 497
35.3531 24.5338 490
34.5178 24.5338 490
33.7512 24.5839 491
32.9141 24.5839 491
32.0771 24.5839 491
31.2401 24.5839 491
30.3411 24.5338 490
29.4456 24.4837 489
28.612 24.4837 489
27.7215 24.4337 488
26.8345 24.3836 487
25.7907 24.1833 483
24.9673 24.1833 483
23.944 23.9831 479
22.886 23.7327 474
21.9848 23.6326 472
21.0455 23.4824 469
20.1165 23.3322 466
19.3221 23.3322 466
18.5277 23.3322 466
17.6571 23.232 464
16.8661 23.232 464
16.0751 23.232 464
1459.13 197.756 4089
1452.16 197.756 4089
1445.19 197.756 4089
1438.21 197.756 4089
1427.74 197.272 4079
1420.79 197.272 4079
1406.9 196.305 4059
1399.98 196.305 4059
1393.07 196.305 4059
1386.15 196.305 4059
1379.23 196.305 4059
1368.93 195.821 4049
1362.02 195.821 4049
1355.12 195.821 4049
1341.89 194.902 4030
1331.71 194.419 4020
1321.56 193.935 4010
1314.72 193.935 4010
1298.76 192.581 3982
1291.97 192.581 3982
1275.82 191.179 3953
1269.08 191.179 3953
1253.4 189.824 3925
1246.71 189.824 3925
1237.17 189.389 3916
1230.5 189.389 3916
1223.82 189.389 3916
1214.35 188.954 3907
1199.34 187.648 3880
1192.73 187.648 3880
1183.36 187.213 3871
1174.03 186.777 3862
1167.44 186.777 3862
1160.86 186.777 3862
1146.21 185.472 3835
1131.94 184.214 3809
139.01 27.9054 577
138.027 27.9054 577
137.043 27.9054 577
136.059 27.9054 577
134.842 27.857 576
133.86 27.857 576
132.878 27.857 576
131.667 27.8087 575
130.232 27.7119 573
129.255 27.7119 573
128.278 27.7119 573
127.302 27.7119 573
126.325 27.7119 573
125.348 27.7119 573
124.371 27.7119 573
123.179 27.6636 572
122.204 27.6636 572
121.229 27.6636 572
120.043 27.6152 571
118.444 27.4701 568
117.269 27.4218 567
116.303 27.4218 567
115.133 27.3734 566
113.966 27.325 565
110.603 26.7447 553
108.669 26.5029 548
106.948 26.3094 544
106.021 26.3094 544
104.707 26.2127 542
103.591 26.1643 541
102.479 26.116 540
101.559 26.116 540
100.638 26.116 540
99.7178 26.116 540
98.9801 26.1643 541
98.0579 26.1643 541
97.1356 26.1643 541
96.2133 26.1643 541
95.2911 26.1643 541
94.3688 26.1643 541
93.4465 26.1643 541
92.5243 26.1643 541
91.602 26.1643 541
90.8473 26.2127 542
89.9234 26.2127 542
88.9994 26.2127 542
88.2379 26.2611 543
87.3122 26.2611 543
86.3866 26.2611 543
85.6183 26.3094 544
84.6909 26.3094 544
83.7635 26.3094 544
82.8361 26.3094 544
81.9087 26.3094 544
80.9814 26.3094 544
80.054 26.3094 544
79.1266 26.3094 544
78.0555 26.2611 543
77.1298 26.2611 543
76.2041 26.2611 543
75.2784 26.2611 543
74.3528 26.2611 543
55.9019 24.2782 502
55.0461 24.2782 502
54.1903 24.2782 502
53.3345 24.2782 502
52.3742 24.2298 501
51.5201 24.2298 501
50.7672 24.2782 502
49.9114 24.2782 502
49.2511 24.3749 504
48.4879 24.4233 505
47.627 24.4233 505
46.7661 24.4233 505
45.8143 24.3749 504
44.7767 24.2782 502
43.9209 24.2782 502
42.8936 24.1814 500
41.9571 24.1331 499
40.9417 24.0364 497
40.0944 24.0364 497
39.2472 24.0364 497
35.3531 23.6978 490
34.5178 23.6978 490
33.7512 23.7462 491
32.9141 23.7462 491
32.0771 23.7462 491
31.2401 23.7462 491
30.3411 23.6978 490
29.4456 23.6495 489
28.612 23.6495 489
27.7215 23.6011 488
26.8345 23.5527 487
25.7907 23.3593 483
24.9673 23.3593 483
23.944 23.1658 479
22.886 22.924 474
21.9848 22.8273 472
21.0455 22.6822 469
20.0733 22.4887 465
19.2806 22.4887 465
18.4482 22.4404 464
17.6571 22.4404 464
16.8298 22.392 463
16.0405 22.392 463
15.2512 22.392 463
1466.1 190.78 4089
1459.13 190.78 4089
1452.16 190.78 4089
1445.19 190.78 4089
1438.21 190.78 4089
1420.74 189.38 4059
1413.82 189.38 4059
1403.44 188.913 4049
1396.54 188.913 4049
1393.07 189.38 4059
1386.15 189.38 4059
1379.23 189.38 4059
1368.93 188.913 4049
1358.66 188.447 4039
1351.77 188.447 4039
1338.56 187.56 4020
1328.4 187.094 4010
1315.3 186.207 3991
1308.49 186.207 3991
1295.49 185.321 3972
1282.56 184.434 3953
1266.78 183.128 3925
1260.09 183.128 3925
1250.53 182.708 3916
1235.27 181.448 3889
1225.8 181.028 3880
1219.19 181.028 3880
1209.76 180.608 3871
1197.57 179.769 3853
1182.65 178.509 3826
1176.13 178.509 3826
1161.66 177.296 3800
1152.75 176.923 3792
1138.42 175.709 3766
1132 175.709 3766
1125.58 175.709 3766
1114.11 174.916 3749
139.01 26.921 577
138.027 26.921 577
137.043 26.921 577
136.059 26.921 577
134.842 26.8743 576
133.86 26.8743 576
132.416 26.781 574
131.438 26.781 574
130.232 26.7343 573
129.255 26.7343 573
128.278 26.7343 573
127.302 26.7343 573
126.325 26.7343 573
125.348 26.7343 573
124.371 26.7343 573
123.179 26.6877 572
122.204 26.6877 572
121.229 26.6877 572
120.043 26.641 571
118.444 26.5011 568
117.269 26.4544 567
116.303 26.4544 567
115.133 26.4077 566
113.966 26.3611 565
110.603 25.8012 553
108.669 25.5679 548
106.948 25.3813 544
106.021 25.3813 544
104.707 25.288 542
103.591 25.2413 541
102.479 25.1947 540
101.559 25.1947 540
100.638 25.1947 540
99.7178 25.1947 540
98.7972 25.1947 540
97.8766 25.1947 540
96.9561 25.1947 540
96.0355 25.1947 540
95.1149 25.1947 540
94.1944 25.1947 540
93.2738 25.1947 540
92.3532 25.1947 540
91.4327 25.1947 540
90.6797 25.2413 541
89.7575 25.2413 541
88.9994 25.288 542
88.0754 25.288 542
87.3122 25.3346 543
86.3866 25.3346 543
85.4609 25.3346 543
84.5352 25.3346 543
83.7635 25.3813 544
82.8361 25.3813 544
81.9087 25.3813 544
80.9814 25.3813 544
80.054 25.3813 544
78.9811 25.3346 543
78.0555 25.3346 543
77.1298 25.3346 543
76.2041 25.3346 543
75.1398 25.288 542
57.7282 23.4684 503
56.8707 23.4684 503
56.0132 23.4684 503
55.0461 23.4217 502
54.1903 23.4217 502
53.3345 23.4217 502
52.3742 23.3751 501
51.5201 23.3751 501
50.6661 23.3751 501
49.812 23.3751 501
49.0556 23.4217 502
48.3919 23.515 504
47.5327 23.515 504
46.6735 23.515 504
45.7234 23.4684 503
44.7767 23.4217 502
43.9209 23.4217 502
42.8936 23.3284 500
41.9571 23.2817 499
40.9417 23.1884 497
40.0944 23.1884 497
39.0892 23.0951 495
35.3531 22.8618 490
34.5178 22.8618 490
33.6824 22.8618 490
32.8471 22.8618 490
32.0118 22.8618 490
31.1128 22.8152 489
30.2792 22.8152 489
29.3854 22.7685 488
28.5534 22.7685 488
27.7215 22.7685 488
26.8345 22.7219 487
25.3101 22.1153 474
24.5021 22.1153 474
23.694 22.1153 474
22.7894 22.022 472
21.8451 21.882 469
20.9109 21.7421 466
20.0733 21.6954 465
19.2806 21.6954 465
18.4482 21.6488 464
17.6571 21.6488 464
16.8298 21.6021 463
16.0405 21.6021 463
15.2512 21.6021 463
1480.04 183.803 4089
1473.07 183.803 4089
1466.1 183.803 4089
1459.13 183.803 4089
1452.16 183.803 4089
1445.19 183.803 4089
1438.21 183.803 4089
1420.74 182.455 4059
1413.82 182.455 4059
1406.9 182.455 4059
1399.98 182.455 4059
1399.93 183.354 4079
1392.98 183.354 4079
1386.02 183.354 4079
1372.31 182.455 4059
1362.02 182.005 4049
1355.12 182.005 4049
1341.89 181.151 4030
1331.71 180.702 4020
1318.59 179.848 4001
1311.77 179.848 4001
1298.76 178.994 3982
1282.56 177.69 3953
1272.91 177.286 3944
1266.19 177.286 3944
1256.59 176.881 3935
1238.13 175.218 3898
1222.96 174.004 3871
1216.36 174.004 3871
1204.13 173.195 3853
1189.17 171.981 3826
1172.14 170.453 3792
1165.68 170.453 3792
1153.71 169.644 3774
1144.84 169.284 3766
1138.42 169.284 3766
1132 169.284 3766
1115.42 167.756 3732
1109.06 167.756 3732
139.01 25.9365 577
138.027 25.9365 577
137.043 25.9365 577
131.209 25.7567 573
130.232 25.7567 573
129.255 25.7567 573
128.278 25.7567 573
127.08 25.7118 572
126.104 25.7118 572
125.129 25.7118 572
123.937 25.6668 571
122.964 25.6668 571
121.99 25.6668 571
121.017 25.6668 571
119.413 25.532 568
118.236 25.487 567
117.063 25.4421 566
116.098 25.4421 566
114.929 25.3971 565
112.756 25.1274 559
109.203 24.5431 546
107.281 24.3183 541
106.358 24.3183 541
105.436 24.3183 541
104.321 24.2734 540
103.4 24.2734 540
102.29 24.2284 539
101.371 24.2284 539
100.452 24.2284 539
99.5331 24.2284 539
98.7972 24.2734 540
97.8766 24.2734 540
96.9561 24.2734 540
96.0355 24.2734 540
95.1149 24.2734 540
94.1944 24.2734 540
93.2738 24.2734 540
92.3532 24.2734 540
91.4327 24.2734 540
90.6797 24.3183 541
89.7575 24.3183 541
88.9994 24.3633 542
88.0754 24.3633 542
87.3122 24.4082 543
86.3866 24.4082 543
85.4609 24.4082 543
84.5352 24.4082 543
83.7635 24.4532 544
82.8361 24.4532 544
81.9087 24.4532 544
80.9814 24.4532 544
80.054 24.4532 544
78.9811 24.4082 543
78.0555 24.4082 543
77.1298 24.4082 543
76.2041 24.4082 543
75.1398 24.3633 542
59.325 22.5652 502
58.4692 22.5652 502
57.7282 22.6102 503
56.8707 22.6102 503
56.0132 22.6102 503
55.0461 22.5652 502
54.1903 22.5652 502
53.3345 22.5652 502
52.3742 22.5203 501
51.5201 22.5203 501
50.6661 22.5203 501
49.812 22.5203 501
49.0556 22.5652 502
48.1998 22.5652 502
47.3441 22.5652 502
46.4883 22.5652 502
45.6325 22.5652 502
44.6875 22.5203 501
43.8334 22.5203 501
42.8936 22.4753 500
41.5367 22.2056 494
40.6946 22.2056 494
39.8524 22.2056 494
38.9313 22.1607 493
36.1884 22.0258 490
35.3531 22.0258 490
34.5178 22.0258 490
33.6824 22.0258 490
32.8471 22.0258 490
32.0118 22.0258 490
31.1128 21.9809 489
30.2792 21.9809 489
29.3854 21.9359 488
28.5534 21.9359 488
27.7215 21.9359 488
24.0886 20.947 466
23.2941 20.947 466
22.4997 20.947 466
21.7053 20.947 466
20.866 20.9021 465
20.0302 20.8571 464
19.2392 20.8571 464
18.4482 20.8571 464
17.6191 20.8122 463
16.8298 20.8122 463
16.0405 20.8122 463
15.2512 20.8122 463
1480.04 176.827 4089
1473.07 176.827 4089
1466.1 176.827 4089
1459.13 176.827 4089
1452.16 176.827 4089
1445.19 176.827 4089
1438.21 176.827 4089
1420.74 175.53 4059
1413.82 175.53 4059
1406.9 175.53 4059
1399.98 175.53 4059
1399.93 176.395 4079
1392.98 176.395 4079
1386.02 176.395 4079
1372.31 175.53 4059
1362.02 175.097 4049
1355.12 175.097 4049
1341.89 174.276 4030
1331.71 173.843 4020
1321.56 173.411 4010
1314.72 173.411 4010
1304.95 173.022 4001
1282.56 170.946 3953
1275.82 170.946 3953
1269.08 170.946 3953
1256.59 170.167 3935
1243.85 169.346 3916
1225.8 167.789 3880
1219.19 167.789 3880
1209.76 167.4 3871
1194.77 166.232 3844
1172.14 163.983 3792
1165.68 163.983 3792
1159.21 163.983 3792
1144.84 162.859 3766
1138.42 162.859 3766
1132 162.859 3766
1115.42 161.389 3732
1109.06 161.389 3732
130.751 24.6927 571
129.778 24.6927 571
128.804 24.6927 571
127.831 24.6927 571
126.635 24.6494 570
125.443 24.6062 569
124.473 24.6062 569
123.503 24.6062 569
122.318 24.5629 568
121.349 24.5629 568
120.381 24.5629 568
119.203 24.5197 567
118.027 24.4764 566
116.856 24.4332 565
115.893 24.4332 565
113.709 24.1737 559
110.134 23.6115 546
108.203 23.3953 541
107.082 23.3521 540
106.162 23.3521 540
105.241 23.3521 540
104.321 23.3521 540
103.209 23.3088 539
102.1 23.2656 538
101.183 23.2656 538
100.266 23.2656 538
99.3484 23.2656 538
98.6142 23.3088 539
97.6954 23.3088 539
96.7765 23.3088 539
96.0355 23.3521 540
95.1149 23.3521 540
94.1944 23.3521 540
93.2738 23.3521 540
92.3532 23.3521 540
91.4327 23.3521 540
90.5121 23.3521 540
89.5916 23.3521 540
88.8352 23.3953 541
88.0754 23.4386 542
87.1515 23.4386 542
86.2275 23.4386 542
85.3035 23.4386 542
84.5352 23.4818 543
83.6095 23.4818 543
82.6839 23.4818 543
81.7582 23.4818 543
80.8325 23.4818 543
79.9068 23.4818 543
78.9811 23.4818 543
77.9117 23.4386 542
76.9877 23.4386 542
76.0638 23.4386 542
75.1398 23.4386 542
62.6232 21.6655 501
61.7691 21.6655 501
60.915 21.6655 501
60.0609 21.6655 501
59.325 21.7088 502
58.4692 21.7088 502
57.7282 21.752 503
56.8707 21.752 503
56.0132 21.752 503
55.0461 21.7088 502
54.1903 21.7088 502
53.3345 21.7088 502
52.3742 21.6655 501
51.5201 21.6655 501
50.6661 21.6655 501
49.812 21.6655 501
49.0556 21.7088 502
48.1998 21.7088 502
47.3441 21.7088 502
46.4883 21.7088 502
45.6325 21.7088 502
44.6875 21.6655 501
43.8334 21.6655 501
42.5504 21.4493 496
41.6208 21.4061 495
40.6946 21.3628 494
39.8524 21.3628 494
38.9313 21.3196 493
36.1884 21.1898 490
35.3531 21.1898 490
34.5178 21.1898 490
33.6824 21.1898 490
25.5121 20.0222 463
24.7228 20.0222 463
23.9852 20.0655 464
23.2442 20.1087 465
22.4514 20.1087 465
21.6587 20.1087 465
20.8212 20.0655 464
20.0302 20.0655 464
19.2392 20.0655 464
18.4084 20.0222 463
17.6191 20.0222 463
16.8298 20.0222 463
16.0405 20.0222 463
15.2183 19.979 462
1487.01 169.851 4089
1480.04 169.851 4089
1473.07 169.851 4089
1466.1 169.851 4089
1459.13 169.851 4089
1452.16 169.851 4089
1445.19 169.851 4089
1434.7 169.435 4079
1420.74 168.605 4059
1413.82 168.605 4059
1406.9 168.605 4059
1406.88 169.435 4079
1399.93 169.435 4079
1392.98 169.435 4079
1386.02 169.435 4079
1379.07 169.435 4079
1365.39 168.605 4059
1358.47 168.605 4059
1348.22 168.189 4049
1335.02 167.4 4030
1321.56 166.569 4010
1314.72 166.569 4010
1304.95 166.195 4001
1282.56 164.202 3953
1275.82 164.202 3953
1269.08 164.202 3953
1256.59 163.454 3935
1243.85 162.665 3916
1225.8 161.169 3880
1219.19 161.169 3880
1209.76 160.795 3871
1194.77 159.674 3844
1172.14 157.514 3792
1165.68 157.514 3792
1159.21 157.514 3792
1142.11 156.06 3757
1135.7 156.06 3757
1129.3 156.06 3757
1115.42 155.022 3732
1109.06 155.022 3732
129.55 23.6769 570
128.579 23.6769 570
127.607 23.6769 570
126.413 23.6354 569
125.443 23.6354 569
124.473 23.6354 569
123.286 23.5939 568
122.318 23.5939 568
121.136 23.5523 567
120.169 23.5523 567
119.203 23.5523 567
117.819 23.4692 565
116.856 23.4692 565
115.893 23.4692 565
113.302 23.1369 557
110.134 22.68 546
108.203 22.4723 541
107.082 22.4308 540
106.162 22.4308 540
105.241 22.4308 540
104.127 22.3892 539
103.017 22.3477 538
101.91 22.3062 537
100.995 22.3062 537
100.079 22.3062 537
99.3484 22.3477 538
98.4313 22.3477 538
97.5141 22.3477 538
96.597 22.3477 538
95.8577 22.3892 539
94.9388 22.3892 539
94.0199 22.3892 539
93.1011 22.3892 539
92.1822 22.3892 539
91.2634 22.3892 539
90.5121 22.4308 540
89.5916 22.4308 540
88.8352 22.4723 541
88.0754 22.5139 542
87.1515 22.5139 542
86.2275 22.5139 542
85.3035 22.5139 542
84.3795 22.5139 542
83.6095 22.5554 543
82.6839 22.5554 543
81.7582 22.5554 543
80.8325 22.5554 543
79.9068 22.5554 543
78.8357 22.5139 542
77.9117 22.5139 542
76.9877 22.5139 542
76.0638 22.5139 542
75.1398 22.5139 542
62.6232 20.8108 501
61.7691 20.8108 501
60.915 20.8108 501
60.0609 20.8108 501
59.325 20.8523 502
58.4692 20.8523 502
57.6135 20.8523 502
56.7577 20.8523 502
55.9019 20.8523 502
55.0461 20.8523 502
54.1903 20.8523 502
53.3345 20.8523 502
52.3742 20.8108 501
51.5201 20.8108 501
50.6661 20.8108 501
49.812 20.8108 501
48.9579 20.8108 501
48.1038 20.8108 501
47.2497 20.8108 501
46.3957 20.8108 501
45.5416 20.8108 501
44.6875 20.8108 501
43.8334 20.8108 501
42.5504 20.6031 496
41.6208 20.5615 495
40.6946 20.52 494
39.8524 20.52 494
38.9313 20.4785 493
38.0909 20.4785 493
36.6459 20.1462 485
36.1884 20.3539 490
35.3531 20.3539 490
34.5178 20.3539 490
33.6824 20.3539 490
25.5121 19.2323 463
24.7228 19.2323 463
23.9852 19.2739 464
23.2442 19.3154 465
22.4514 19.3154 465
21.6587 19.3154 465
20.8212 19.2739 464
19.987 19.2323 463
19.1977 19.2323 463
18.4084 19.2323 463
17.6191 19.2323 463
16.7571 19.1492 461
15.9712 19.1492 461
15.1853 19.1492 461
1487.01 162.875 4089
1480.04 162.875 4089
1473.07 162.875 4089
1462.51 162.476 4079
1455.56 162.476 4079
1448.6 162.476 4079
1441.65 162.476 4079
1431.18 162.078 4069
1417.24 161.281 4049
1413.82 161.68 4059
1406.9 161.68 4059
1406.88 162.476 4079
1399.93 162.476 4079
1392.98 162.476 4079
1386.02 162.476 4079
1379.07 162.476 4079
1365.39 161.68 4059
1358.47 161.68 4059
1348.22 161.281 4049
1335.02 160.524 4030
1321.56 159.728 4010
1314.72 159.728 4010
1304.95 159.369 4001
1282.56 157.457 3953
1275.82 157.457 3953
1269.08 157.457 3953
1256.59 156.74 3935
1243.85 155.984 3916
1225.8 154.55 3880
1219.19 154.55 3880
1209.76 154.191 3871
1200.36 153.833 3862
1182.65 152.399 3826
1176.13 152.399 3826
1159.21 151.044 3792
1147.28 150.327 3774
1135.7 149.65 3757
1129.3 149.65 3757
1115.42 148.654 3732
1109.06 148.654 3732
129.55 22.7045 570
128.579 22.7045 570
127.607 22.7045 570
126.413 22.6646 569
125.443 22.6646 569
124.473 22.6646 569
123.286 22.6248 568
122.318 22.6248 568
121.136 22.585 567
120.169 22.585 567
119.203 22.585 567
117.819 22.5053 565
116.856 22.5053 565
115.893 22.5053 565
113.302 22.1866 557
110.134 21.7485 546
108.203 21.5493 541
107.082 21.5095 540
106.162 21.5095 540
105.241 21.5095 540
104.127 21.4697 539
103.017 21.4298 538
101.91 21.39 537
100.995 21.39 537
100.079 21.39 537
99.3484 21.4298 538
98.4313 21.4298 538
97.5141 21.4298 538
96.597 21.4298 538
95.6798 21.4298 538
94.7626 21.4298 538
93.8455 21.4298 538
92.9283 21.4298 538
92.0112 21.4298 538
91.2634 21.4697 539
90.3445 21.4697 539
89.4256 21.4697 539
88.671 21.5095 540
87.9129 21.5493 541
87.1515 21.5891 542
86.2275 21.5891 542
85.3035 21.5891 542
84.3795 21.5891 542
83.4556 21.5891 542
82.5316 21.5891 542
81.7582 21.629 543
80.8325 21.629 543
79.9068 21.629 543
78.8357 21.5891 542
68.7386 19.9959 502
67.8829 19.9959 502
67.0271 19.9959 502
66.1713 19.9959 502
65.1854 19.956 501
64.3313 19.956 501
63.4772 19.956 501
62.6232 19.956 501
61.7691 19.956 501
61.0366 19.9959 502
60.1808 19.9959 502
59.325 19.9959 502
58.4692 19.9959 502
57.6135 19.9959 502
56.6446 19.956 501
55.7905 19.956 501
54.9365 19.956 501
54.0824 19.956 501
53.2283 19.956 501
52.3742 19.956 501
51.4173 19.9162 500
50.5649 19.9162 500
49.6131 19.8764 499
48.8602 19.9162 500
48.1038 19.956 501
47.2497 19.956 501
46.3957 19.956 501
45.5416 19.956 501
44.2415 19.7569 496
43.396 19.7569 496
42.5504 19.7569 496
41.6208 19.717 495
40.6946 19.6772 494
39.8524 19.6772 494
38.9313 19.6374 493
38.0909 19.6374 493
36.6459 19.3187 485
35.8191 19.3187 485
34.9923 19.3187 485
34.0951 19.2789 484
25.5121 18.4424 463
24.7228 18.4424 463
23.9852 18.4822 464
23.1942 18.4822 464
22.4032 18.4822 464
21.6122 18.4822 464
20.8212 18.4822 464
19.987 18.4424 463
19.1977 18.4424 463
18.4084 18.4424 463
17.6191 18.4424 463
16.7571 18.3627 461
15.9712 18.3627 461
15.1853 18.3627 461
1490.33 155.517 4079
1487.01 155.898 4089
1480.04 155.898 4089
1473.07 155.898 4089
1462.51 155.517 4079
1455.56 155.517 4079
1448.6 155.517 4079
1441.65 155.517 4079
1431.18 155.136 4069
1417.24 154.373 4049
1413.82 154.755 4059
1406.9 154.755 4059
1406.88 155.517 4079
1399.93 155.517 4079
1392.98 155.517 4079
1386.02 155.517 4079
1379.07 155.517 4079
1365.39 154.755 4059
1358.47 154.755 4059
1348.22 154.373 4049
1335.02 153.649 4030
1321.56 152.886 4010
1314.72 152.886 4010
1304.95 152.543 4001
1282.56 150.713 3953
1272.91 150.37 3944
1266.19 150.37 3944
1256.59 150.027 3935
1243.85 149.302 3916
1225.8 147.93 3880
1219.19 147.93 3880
1209.76 147.587 3871
1200.36 147.244 3862
1182.65 145.871 3826
1176.13 145.871 3826
1159.21 144.575 3792
1147.28 143.889 3774
1135.7 143.24 3757
1129.3 143.24 3757
1115.42 142.287 3732
1109.06 142.287 3732
129.323 21.6938 569
128.353 21.6938 569
127.383 21.6938 569
126.191 21.6557 568
125.223 21.6557 568
124.254 21.6557 568
123.069 21.6176 567
122.102 21.6176 567
121.136 21.6176 567
120.169 21.6176 567
118.782 21.5413 565
117.819 21.5413 565
116.235 21.427 562
115.277 21.427 562
113.099 21.1982 556
109.932 20.7788 545
108.003 20.5882 540
107.082 20.5882 540
105.965 20.5501 539
105.046 20.5501 539
103.934 20.5119 538
102.826 20.4738 537
101.72 20.4357 536
100.807 20.4357 536
99.8928 20.4357 536
99.1638 20.4738 537
98.2483 20.4738 537
97.5141 20.5119 538
96.597 20.5119 538
95.6798 20.5119 538
94.7626 20.5119 538
93.8455 20.5119 538
92.9283 20.5119 538
92.0112 20.5119 538
91.2634 20.5501 539
90.3445 20.5501 539
89.4256 20.5501 539
88.671 20.5882 540
87.9129 20.6263 541
87.1515 20.6644 542
86.2275 20.6644 542
85.3035 20.6644 542
84.3795 20.6644 542
83.4556 20.6644 542
82.5316 20.6644 542
81.7582 20.7026 543
80.8325 20.7026 543
79.9068 20.7026 543
78.8357 20.6644 542
72.593 19.2538 505
71.7321 19.2538 505
70.8712 19.2538 505
70.0103 19.2538 505
69.1494 19.2538 505
68.1533 19.2156 504
67.1606 19.1775 503
66.1713 19.1394 502
65.3155 19.1394 502
64.4597 19.1394 502
63.4772 19.1013 501
62.6232 19.1013 501
61.7691 19.1013 501
61.0366 19.1394 502
60.1808 19.1394 502
59.325 19.1394 502
58.3528 19.1013 501
57.4987 19.1013 501
56.6446 19.1013 501
55.7905 19.1013 501
54.9365 19.1013 501
54.0824 19.1013 501
53.2283 19.1013 501
52.2697 19.0631 500
51.4173 19.0631 500
50.5649 19.0631 500
49.6131 19.025 499
48.7625 19.025 499
47.9118 19.025 499
47.0611 19.025 499
46.1178 18.9869 498
44.8144 18.7963 493
44.2415 18.9106 496
43.396 18.9106 496
42.5504 18.9106 496
41.6208 18.8725 495
40.6946 18.8344 494
39.8524 18.8344 494
38.9313 18.7963 493
38.0909 18.7963 493
36.7215 18.5294 486
35.8191 18.4912 485
34.9923 18.4912 485
34.0951 18.4531 484
25.5121 17.6525 463
24.7228 17.6525 463
23.9335 17.6525 463
23.1442 17.6525 463
22.3549 17.6525 463
21.5656 17.6525 463
20.7763 17.6525 463
19.9438 17.6143 462
19.1562 17.6143 462
18.3686 17.6143 462
17.543 17.5762 461
16.7207 17.5381 460
15.9366 17.5381 460
15.1194 17.5 459
1490.33 148.558 4079
1483.37 148.558 4079
1476.42 148.558 4079
1458.66 147.465 4049
1448.17 147.101 4039
1448.42 147.829 4059
1441.5 147.829 4059
1434.58 147.829 4059
1424.15 147.465 4049
1417.24 147.465 4049
1413.82 147.829 4059
1406.9 147.829 4059
1406.88 148.558 4079
1399.93 148.558 4079
1392.98 148.558 4079
1386.02 148.558 4079
1379.07 148.558 4079
1365.39 147.829 4059
1358.47 147.829 4059
1348.22 147.465 4049
1335.02 146.773 4030
1321.56 146.045 4010
1314.72 146.045 4010
1304.95 145.717 4001
1282.56 143.969 3953
1272.91 143.641 3944
1266.19 143.641 3944
1256.59 143.313 3935
1243.85 142.621 3916
1225.8 141.31 3880
1219.19 141.31 3880
1209.76 140.982 3871
1200.36 140.655 3862
1182.65 139.344 3826
1176.13 139.344 3826
1159.21 138.105 3792
1147.28 137.45 3774
1135.7 136.831 3757
1129.3 136.831 3757
1115.42 135.92 3732
1109.06 135.92 3732
128.868 20.6502 567
127.902 20.6502 567
126.935 20.6502 567
125.969 20.6502 567
124.782 20.6138 566
123.817 20.6138 566
122.852 20.6138 566
121.456 20.541 564
120.495 20.541 564
119.533 20.541 564
118.572 20.541 564
117.193 20.4681 562
115.201 20.286 557
112.816 20.0311 550
111.878 20.0311 550
109.125 19.7033 541
107.803 19.6305 539
106.686 19.5941 538
105.572 19.5576 537
104.656 19.5576 537
103.741 19.5576 537
102.634 19.5212 536
101.531 19.4848 535
100.619 19.4848 535
99.7065 19.4848 535
98.7944 19.4848 535
98.0654 19.5212 536
97.1516 19.5212 536
96.2379 19.5212 536
95.502 19.5576 537
94.5865 19.5576 537
93.6711 19.5576 537
92.7556 19.5576 537
91.8402 19.5576 537
90.9247 19.5576 537
90.0093 19.5576 537
89.0938 19.5576 537
88.5068 19.6305 539
87.7504 19.6669 540
86.9907 19.7033 541
86.0684 19.7033 541
85.1461 19.7033 541
84.3795 19.7397 542
83.4556 19.7397 542
82.5316 19.7397 542
72.593 18.3922 505
71.7321 18.3922 505
70.8712 18.3922 505
70.0103 18.3922 505
69.1494 18.3922 505
68.1533 18.3558 504
67.1606 18.3193 503
66.1713 18.2829 502
65.3155 18.2829 502
64.4597 18.2829 502
63.6039 18.2829 502
62.6232 18.2465 501
61.7691 18.2465 501
61.0366 18.2829 502
60.1808 18.2829 502
59.325 18.2829 502
58.3528 18.2465 501
57.4987 18.2465 501
56.6446 18.2465 501
55.7905 18.2465 501
54.9365 18.2465 501
54.0824 18.2465 501
53.2283 18.2465 501
52.2697 18.2101 500
51.4173 18.2101 500
50.5649 18.2101 500
49.6131 18.1737 499
48.7625 18.1737 499
47.9118 18.1737 499
47.0611 18.1737 499
46.1178 18.1372 498
44.8144 17.9551 493
43.7063 17.8459 490
42.871 17.8459 490
42.0357 17.8459 490
41.4526 17.9551 493
40.6122 17.9551 493
39.7717 17.9551 493
38.5365 17.773 488
37.6273 17.7366 487
36.7215 17.7002 486
35.7453 17.6274 484
34.9202 17.6274 484
34.0246 17.5909 483
26.2446 16.8261 462
25.457 16.8261 462
24.6694 16.8261 462
23.8818 16.8261 462
23.1442 16.8625 463
22.3549 16.8625 463
21.5656 16.8625 463
20.7314 16.8261 462
19.9438 16.8261 462
19.1562 16.8261 462
18.3289 16.7897 461
17.5049 16.7533 460
16.6844 16.7169 459
15.9019 16.7169 459
15.0865 16.6804 458
1490.33 141.599 4079
1483.37 141.599 4079
1476.42 141.599 4079
1451.81 139.898 4030
1444.94 139.898 4030
1441.28 140.21 4039
1434.4 140.21 4039
1427.51 140.21 4039
1420.63 140.21 4039
1413.74 140.21 4039
1413.82 140.904 4059
1406.9 140.904 4059
1403.43 141.252 4069
1399.93 141.599 4079
1392.98 141.599 4079
1386.02 141.599 4079
1379.07 141.599 4079
1365.39 140.904 4059
1358.47 140.904 4059
1348.22 140.557 4049
1338 140.21 4039
1321.56 139.203 4010
1314.72 139.203 4010
1301.69 138.544 3991
1282.56 137.225 3953
1272.91 136.912 3944
1266.19 136.912 3944
1250.53 135.94 3916
1235.27 135.003 3889
1225.8 134.691 3880
1219.19 134.691 3880
1209.76 134.378 3871
1200.36 134.066 3862
1172.14 131.636 3792
1165.68 131.636 3792
1159.21 131.636 3792
1147.28 131.011 3774
1128.15 129.553 3732
1121.78 129.553 3732
140.977 19.8912 573
140 19.8912 573
139.024 19.8912 573
137.565 19.8217 571
136.591 19.8217 571
134.906 19.7176 568
133.701 19.6829 567
132.501 19.6482 566
131.536 19.6482 566
130.34 19.6134 565
129.148 19.5787 564
128.414 19.6134 565
127.451 19.6134 565
126.488 19.6134 565
125.524 19.6134 565
124.561 19.6134 565
123.598 19.6134 565
122.418 19.5787 564
121.456 19.5787 564
120.067 19.5093 562
119.109 19.5093 562
118.151 19.5093 562
116.776 19.4399 560
114.581 19.2316 554
111.585 18.8845 544
109.641 18.7109 539
108.722 18.7109 539
107.403 18.6415 537
106.487 18.6415 537
105.375 18.6067 536
104.462 18.6067 536
103.548 18.6067 536
102.443 18.572 535
101.341 18.5373 534
100.43 18.5373 534
99.5201 18.5373 534
98.6098 18.5373 534
97.6994 18.5373 534
96.9704 18.572 535
96.0583 18.572 535
95.1463 18.572 535
94.2342 18.572 535
93.3222 18.572 535
92.4102 18.572 535
91.4981 18.572 535
90.4168 18.5373 534
89.5064 18.5373 534
88.5961 18.5373 534
88.1784 18.6415 537
87.5879 18.7109 539
86.9907 18.7803 541
86.0684 18.7803 541
85.1461 18.7803 541
84.2238 18.7803 541
83.3016 18.7803 541
73.5994 17.5653 506
72.7368 17.5653 506
71.8742 17.5653 506
70.8712 17.5306 505
70.0103 17.5306 505
69.1494 17.5306 505
68.1533 17.4959 504
67.1606 17.4612 503
66.1713 17.4265 502
65.3155 17.4265 502
64.4597 17.4265 502
63.6039 17.4265 502
62.6232 17.3917 501
61.7691 17.3917 501
60.915 17.3917 501
60.0609 17.3917 501
59.2068 17.3917 501
58.3528 17.3917 501
57.4987 17.3917 501
56.6446 17.3917 501
55.7905 17.3917 501
54.9365 17.3917 501
54.0824 17.3917 501
53.1221 17.357 500
52.1651 17.3223 499
51.3145 17.3223 499
50.4638 17.3223 499
49.6131 17.3223 499
48.6647 17.2876 498
47.8158 17.2876 498
46.9668 17.2876 498
46.1178 17.2876 498
44.8144 17.114 493
43.7063 17.0099 490
42.871 17.0099 490
42.0357 17.0099 490
41.4526 17.114 493
40.6122 17.114 493
39.7717 17.114 493
38.5365 16.9405 488
37.6273 16.9058 487
36.7215 16.871 486
35.7453 16.8016 484
34.9202 16.8016 484
34.0246 16.7669 483
26.2446 16.0379 462
25.457 16.0379 462
24.6694 16.0379 462
23.8818 16.0379 462
23.1442 16.0726 463
22.3549 16.0726 463
21.5656 16.0726 463
20.7314 16.0379 462
19.9438 16.0379 462
19.1562 16.0379 462
18.2891 15.9685 460
17.4669 15.9338 459
16.648 15.899 458
15.8673 15.899 458
15.0536 15.8643 457
1476.1 133.979 4059
1469.18 133.979 4059
1462.26 133.979 4059
1455.34 133.979 4059
1438.07 133.022 4030
1431.2 133.022 4030
1424.33 133.022 4030
1420.63 133.319 4039
1417.24 133.649 4049
1417.31 134.309 4069
1410.37 134.309 4069
1406.88 134.639 4079
1399.93 134.639 4079
1392.98 134.639 4079
1386.02 134.639 4079
1379.07 134.639 4079
1368.75 134.309 4069
1361.81 134.309 4069
1348.22 133.649 4049
1338 133.319 4039
1321.56 132.362 4010
1314.72 132.362 4010
1301.69 131.735 3991
1285.8 130.811 3963
1272.91 130.183 3944
1266.19 130.183 3944
1250.53 129.259 3916
1240.99 128.962 3907
1231.49 128.665 3898
1224.84 128.665 3898
1212.57 128.071 3880
1200.36 127.477 3862
140.977 18.9136 573
140 18.9136 573
139.024 18.9136 573
137.565 18.8475 571
136.591 18.8475 571
134.906 18.7485 568
133.701 18.7155 567
132.501 18.6825 566
131.536 18.6825 566
130.34 18.6495 565
129.148 18.6165 564
128.414 18.6495 565
127.451 18.6495 565
126.488 18.6495 565
125.524 18.6495 565
124.561 18.6495 565
123.598 18.6495 565
122.418 18.6165 564
121.456 18.6165 564
120.067 18.5505 562
119.109 18.5505 562
118.151 18.5505 562
116.776 18.4845 560
114.581 18.2864 554
111.585 17.9563 544
109.641 17.7913 539
108.722 17.7913 539
107.403 17.7253 537
106.487 17.7253 537
105.375 17.6923 536
104.462 17.6923 536
103.548 17.6923 536
102.443 17.6593 535
101.341 17.6263 534
100.43 17.6263 534
99.5201 17.6263 534
98.6098 17.6263 534
97.6994 17.6263 534
96.7891 17.6263 534
95.8788 17.6263 534
94.9684 17.6263 534
94.0581 17.6263 534
93.1478 17.6263 534
92.2374 17.6263 534
91.3271 17.6263 534
90.2474 17.5932 533
89.3388 17.5932 533
88.2643 17.5602 532
87.3573 17.5602 532
86.7754 17.6263 534
86.6691 17.7913 539
85.7502 17.7913 539
84.8313 17.7913 539
73.5994 16.702 506
72.7368 16.702 506
71.8742 16.702 506
71.0116 16.702 506
70.0103 16.669 505
69.1494 16.669 505
68.1533 16.636 504
67.1606 16.603 503
66.1713 16.57 502
65.3155 16.57 502
64.4597 16.57 502
63.6039 16.57 502
62.6232 16.537 501
61.7691 16.537 501
60.915 16.537 501
59.941 16.504 500
59.0887 16.504 500
58.2363 16.504 500
57.3839 16.504 500
56.5315 16.504 500
55.5678 16.471 499
54.7171 16.471 499
53.8665 16.471 499
53.0158 16.471 499
52.1651 16.471 499
51.2116 16.438 498
50.3627 16.438 498
49.4143 16.405 497
48.567 16.405 497
47.5277 16.3389 495
46.6839 16.3389 495
45.5622 16.2399 492
44.6326 16.2069 491
43.7063 16.1739 490
42.871 16.1739 490
42.0357 16.1739 490
41.1163 16.1409 489
40.2827 16.1409 489
39.3684 16.1079 488
38.5365 16.1079 488
37.6273 16.0749 487
36.7215 16.0419 486
35.7453 15.9759 484
34.9202 15.9759 484
34.0246 15.9428 483
26.2446 15.2497 462
25.457 15.2497 462
24.6694 15.2497 462
23.8818 15.2497 462
23.0942 15.2497 462
22.3066 15.2497 462
21.519 15.2497 462
20.7314 15.2497 462
19.9007 15.2167 461
19.1148 15.2167 461
18.2891 15.1837 460
17.4669 15.1507 459
16.648 15.1176 458
15.8673 15.1176 458
15.0536 15.0846 457
1476.1 127.054 4059
1469.18 127.054 4059
1462.26 127.054 4059
1455.34 127.054 4059
1438.07 126.146 4030
1448.6 127.68 4079
1441.65 127.68 4079
1434.7 127.68 4079
1427.74 127.68 4079
1420.79 127.68 4079
1413.84 127.68 4079
1406.88 127.68 4079
1399.93 127.68 4079
1396.39 127.993 4089
1389.42 127.993 4089
1382.45 127.993 4089
1368.75 127.367 4069
1361.81 127.367 4069
1351.55 127.054 4059
1341.32 126.741 4049
1321.56 125.52 4010
1314.72 125.52 4010
1301.69 124.926 3991
1288.72 124.331 3972
1272.91 123.455 3944
1266.19 123.455 3944
1259.47 123.455 3944
1246.71 122.86 3925
1240.02 122.86 3925
1233.33 122.86 3925
1223.82 122.578 3916
141.954 17.936 573
140.977 17.936 573
140 17.936 573
139.024 17.936 573
137.565 17.8734 571
136.591 17.8734 571
134.906 17.7795 568
133.701 17.7482 567
132.501 17.7169 566
131.536 17.7169 566
130.34 17.6856 565
129.148 17.6542 564
128.414 17.6856 565
127.451 17.6856 565
126.488 17.6856 565
125.524 17.6856 565
124.341 17.6542 564
123.379 17.6542 564
122.418 17.6542 564
121.026 17.5916 562
120.067 17.5916 562
119.109 17.5916 562
117.521 17.4977 559
115.942 17.4038 556
114.374 17.3099 553
110.765 16.903 540
109.641 16.8717 539
108.722 16.8717 539
107.203 16.7778 536
106.289 16.7778 536
105.179 16.7465 535
104.267 16.7465 535
103.161 16.7152 534
102.251 16.7152 534
101.151 16.6839 533
100.242 16.6839 533
99.3337 16.6839 533
98.6098 16.7152 534
97.6994 16.7152 534
96.7891 16.7152 534
95.8788 16.7152 534
94.9684 16.7152 534
94.0581 16.7152 534
93.1478 16.7152 534
92.2374 16.7152 534
91.3271 16.7152 534
90.2474 16.6839 533
89.3388 16.6839 533
88.2643 16.6526 532
87.3573 16.6526 532
86.7754 16.7152 534
86.6691 16.8717 539
85.7502 16.8717 539
84.8313 16.8717 539
74.462 15.8387 506
73.5994 15.8387 506
72.7368 15.8387 506
71.8742 15.8387 506
71.0116 15.8387 506
70.0103 15.8074 505
69.1494 15.8074 505
68.2885 15.8074 505
67.1606 15.7448 503
66.1713 15.7135 502
65.3155 15.7135 502
64.4597 15.7135 502
63.6039 15.7135 502
62.6232 15.6822 501
61.7691 15.6822 501
60.915 15.6822 501
59.941 15.6509 500
59.0887 15.6509 500
58.2363 15.6509 500
57.3839 15.6509 500
56.4185 15.6196 499
55.5678 15.6196 499
54.7171 15.6196 499
53.8665 15.6196 499
53.0158 15.6196 499
52.0606 15.5883 498
51.1088 15.557 497
50.2615 15.557 497
49.3149 15.5257 496
48.3716 15.4944 495
47.3357 15.4318 493
46.4953 15.4318 493
45.4696 15.3692 491
44.6326 15.3692 491
43.7063 15.3379 490
42.871 15.3379 490
42.0357 15.3379 490
41.1163 15.3066 489
40.2003 15.2753 488
39.2877 15.244 487
38.4575 15.244 487
37.55 15.2127 486
36.4948 15.1188 483
35.5237 15.0562 481
34.7037 15.0562 481
26.2446 14.4615 462
25.457 14.4615 462
24.6694 14.4615 462
23.8818 14.4615 462
23.0942 14.4615 462
22.3066 14.4615 462
21.519 14.4615 462
20.6865 14.4302 461
19.9007 14.4302 461
19.1148 14.4302 461
18.2494 14.3676 459
17.4288 14.3363 458
16.648 14.3363 458
15.8673 14.3363 458
15.0536 14.3049 457
1476.1 120.129 4059
1469.18 120.129 4059
1462.26 120.129 4059
1455.34 120.129 4059
1438.07 119.271 4030
1448.6 120.721 4079
1441.65 120.721 4079
1434.7 120.721 4079
1427.74 120.721 4079
1420.79 120.721 4079
1413.84 120.721 4079
1406.88 120.721 4079
1399.93 120.721 4079
1396.39 121.017 4089
1389.42 121.017 4089
1382.45 121.017 4089
1368.75 120.425 4069
1361.81 120.425 4069
1351.55 120.129 4059
1341.32 119.833 4049
1324.86 118.975 4020
1318 118.975 4020
1301.69 118.117 3991
1288.72 117.554 3972
1272.91 116.726 3944
1266.19 116.726 3944
1259.47 116.726 3944
1246.71 116.163 3925
1240.02 116.163 3925
1233.33 116.163 3925
1223.82 115.897 3916
151.337 17.1359 579
150.35 17.1359 579
149.363 17.1359 579
148.119 17.1063 578
147.134 17.1063 578
145.896 17.0767 577
141.954 16.9584 573
140.977 16.9584 573
140 16.9584 573
139.024 16.9584 573
137.565 16.8992 571
136.591 16.8992 571
134.906 16.8104 568
133.466 16.7512 566
132.267 16.7216 565
131.303 16.7216 565
130.11 16.692 564
129.148 16.692 564
128.187 16.692 564
127.225 16.692 564
126.264 16.692 564
125.302 16.692 564
124.341 16.692 564
123.379 16.692 564
121.984 16.6328 562
120.81 16.6032 561
119.427 16.544 559
118.474 16.544 559
116.89 16.4552 556
115.525 16.396 554
111.892 16.0113 541
110.559 15.9521 539
108.827 15.8337 535
107.915 15.8337 535
106.603 15.7745 533
105.694 15.7745 533
104.786 15.7745 533
103.877 15.7745 533
102.775 15.7449 532
101.868 15.7449 532
100.961 15.7449 532
100.054 15.7449 532
99.1474 15.7449 532
98.2404 15.7449 532
97.3335 15.7449 532
96.6079 15.7745 533
95.6992 15.7745 533
94.7906 15.7745 533
93.882 15.7745 533
92.9733 15.7745 533
92.0647 15.7745 533
90.985 15.7449 532
90.0781 15.7449 532
89.1712 15.7449 532
88.0984 15.7153 531
87.0289 15.6858 530
86.1254 15.6858 530
85.2219 15.6858 530
84.3184 15.6858 530
74.462 14.9755 506
73.5994 14.9755 506
72.7368 14.9755 506
71.8742 14.9755 506
71.0116 14.9755 506
70.0103 14.9459 505
69.1494 14.9459 505
68.2885 14.9459 505
67.1606 14.8867 503
66.1713 14.8571 502
65.3155 14.8571 502
64.4597 14.8571 502
63.6039 14.8571 502
62.6232 14.8275 501
61.7691 14.8275 501
60.915 14.8275 501
59.941 14.7979 500
59.0887 14.7979 500
58.2363 14.7979 500
57.3839 14.7979 500
56.4185 14.7683 499
55.5678 14.7683 499
54.7171 14.7683 499
53.8665 14.7683 499
53.0158 14.7683 499
52.0606 14.7387 498
51.1088 14.7091 497
50.2615 14.7091 497
49.3149 14.6795 496
48.3716 14.6499 495
47.3357 14.5907 493
46.4953 14.5907 493
45.4696 14.5315 491
44.6326 14.5315 491
43.7063 14.5019 490
42.871 14.5019 490
41.9499 14.4723 489
40.864 14.3835 486
39.9532 14.3539 485
39.0457 14.3243 484
38.2206 14.3243 484
37.241 14.2652 482
36.3437 14.2356 481
35.376 14.1764 479
34.5594 14.1764 479
33.5315 14.0876 476
31.5064 13.91 470
30.7052 13.91 470
29.9039 13.91 470
29.1027 13.91 470
28.0606 13.7916 466
27.1492 13.7324 464
26.3582 13.7324 464
25.5672 13.7324 464
24.7228 13.7028 463
23.8818 13.6732 462
23.0942 13.6732 462
22.3066 13.6732 462
21.519 13.6732 462
20.6865 13.6436 461
19.8575 13.614 460
19.0733 13.614 460
18.2494 13.5845 459
17.4288 13.5549 458
16.648 13.5549 458
15.8673 13.5549 458
15.0536 13.5253 457
1476.1 113.204 4059
1469.18 113.204 4059
1462.26 113.204 4059
1455.34 113.204 4059
1448.6 113.762 4079
1441.65 113.762 4079
1434.7 113.762 4079
1427.74 113.762 4079
1420.79 113.762 4079
1413.84 113.762 4079
1396.39 114.041 4089
1389.42 114.041 4089
1382.45 114.041 4089
1372.11 113.762 4079
1365.16 113.762 4079
1354.88 113.483 4069
1341.32 112.925 4049
1324.86 112.116 4020
1318 112.116 4020
1301.69 111.308 3991
1288.72 110.778 3972
1272.91 109.997 3944
1266.19 109.997 3944
1259.47 109.997 3944
1246.71 109.467 3925
1240.02 109.467 3925
1233.33 109.467 3925
1223.82 109.216 3916
155.285 16.1481 579
154.298 16.1481 579
153.311 16.1481 579
152.324 16.1481 579
151.337 16.1481 579
150.35 16.1481 579
149.363 16.1481 579
148.119 16.1202 578
147.134 16.1202 578
145.896 16.0923 577
143.656 15.9529 572
141.933 15.8692 569
141.954 15.9808 573
140.977 15.9808 573
140 15.9808 573
139.024 15.9808 573
137.565 15.925 571
136.591 15.925 571
134.906 15.8413 568
133.466 15.7855 566
132.267 15.7577 565
131.303 15.7577 565
130.11 15.7298 564
129.148 15.7298 564
128.187 15.7298 564
127.225 15.7298 564
126.04 15.7019 563
124.858 15.674 562
123.9 15.674 562
122.942 15.674 562
121.767 15.6461 561
120.38 15.5903 559
118.786 15.5066 556
117.414 15.4509 554
116.469 15.4509 554
113.44 15.172 544
111.478 15.0325 539
109.739 14.921 535
108.42 14.8652 533
107.511 14.8652 533
106.203 14.8094 531
105.298 14.8094 531
104.392 14.8094 531
103.487 14.8094 531
102.582 14.8094 531
101.677 14.8094 531
100.771 14.8094 531
99.8662 14.8094 531
98.961 14.8094 531
98.0558 14.8094 531
97.1506 14.8094 531
96.2454 14.8094 531
95.3401 14.8094 531
94.6127 14.8373 532
93.7058 14.8373 532
92.7989 14.8373 532
91.892 14.8373 532
90.814 14.8094 531
89.9088 14.8094 531
89.0036 14.8094 531
87.9324 14.7815 530
87.0289 14.7815 530
86.1254 14.7815 530
85.2219 14.7815 530
74.462 14.1122 506
73.5994 14.1122 506
72.7368 14.1122 506
71.8742 14.1122 506
71.0116 14.1122 506
70.0103 14.0843 505
69.1494 14.0843 505
68.2885 14.0843 505
67.1606 14.0285 503
66.1713 14.0006 502
65.3155 14.0006 502
64.4597 14.0006 502
63.6039 14.0006 502
62.6232 13.9727 501
61.7691 13.9727 501
60.915 13.9727 501
59.941 13.9448 500
59.0887 13.9448 500
58.1198 13.9169 499
57.2692 13.9169 499
56.4185 13.9169 499
55.5678 13.9169 499
54.7171 13.9169 499
53.8665 13.9169 499
53.0158 13.9169 499
52.0606 13.889 498
51.1088 13.8612 497
50.2615 13.8612 497
49.3149 13.8333 496
48.2739 13.7775 494
47.2397 13.7217 492
46.401 13.7217 492
45.4696 13.6938 491
44.5417 13.6659 490
43.7063 13.6659 490
42.871 13.6659 490
41.9499 13.638 489
40.864 13.5544 486
39.9532 13.5265 485
39.0457 13.4986 484
38.2206 13.4986 484
37.241 13.4428 482
36.3437 13.4149 481
35.376 13.3591 479
34.5594 13.3591 479
33.5315 13.2755 476
32.5139 13.1918 473
31.5734 13.136 471
30.7052 13.1081 470
29.9039 13.1081 470
29.1027 13.1081 470
28.0606 12.9966 466
27.1492 12.9408 464
26.3582 12.9408 464
25.5672 12.9408 464
24.7228 12.9129 463
23.8818 12.885 462
23.0942 12.885 462
22.3066 12.885 462
21.519 12.885 462
20.6865 12.8571 461
19.8575 12.8292 460
19.0733 12.8292 460
18.2494 12.8013 459
17.4288 12.7735 458
16.6117 12.7456 457
15.8326 12.7456 457
15.0536 12.7456 457
1382.45 107.065 4089
1375.48 107.065 4089
1368.51 107.065 4089
1354.88 106.541 4069
1344.63 106.279 4059
1334.41 106.017 4049
1327.51 106.017 4049
1311.15 105.258 4020
1294.89 104.499 3991
1272.91 103.268 3944
1266.19 103.268 3944
1253.4 102.77 3925
1243.85 102.535 3916
1231.49 102.063 3898
1224.84 102.063 3898
155.285 15.1603 579
154.298 15.1603 579
153.311 15.1603 579
152.324 15.1603 579
151.337 15.1603 579
150.35 15.1603 579
149.363 15.1603 579
148.119 15.1341 578
147.134 15.1341 578
145.896 15.1079 577
143.656 14.977 572
141.933 14.8984 569
141.706 14.977 572
140.731 14.977 572
139.756 14.977 572
138.538 14.9508 571
136.842 14.8723 568
135.874 14.8723 568
134.43 14.8199 566
133.23 14.7937 565
132.033 14.7675 564
131.071 14.7675 564
130.11 14.7675 564
128.919 14.7413 563
127.959 14.7413 563
127 14.7413 563
126.04 14.7413 563
124.858 14.7152 562
123.9 14.7152 562
122.942 14.7152 562
121.767 14.689 561
120.38 14.6366 559
118.786 14.5581 556
117.414 14.5057 554
116.469 14.5057 554
113.648 14.27 545
111.478 14.1129 539
109.739 14.0082 535
108.42 13.9558 533
107.511 13.9558 533
106.203 13.9035 531
105.298 13.9035 531
104.392 13.9035 531
103.487 13.9035 531
102.582 13.9035 531
101.677 13.9035 531
100.771 13.9035 531
99.8662 13.9035 531
98.961 13.9035 531
98.0558 13.9035 531
97.1506 13.9035 531
96.2454 13.9035 531
95.3401 13.9035 531
94.4349 13.9035 531
93.5297 13.9035 531
92.6245 13.9035 531
91.7192 13.9035 531
90.814 13.9035 531
89.7395 13.8773 530
88.836 13.8773 530
87.7665 13.8511 529
86.8647 13.8511 529
76.1872 13.2489 506
75.3246 13.2489 506
74.462 13.2489 506
73.5994 13.2489 506
72.7368 13.2489 506
71.8742 13.2489 506
71.0116 13.2489 506
70.0103 13.2227 505
69.1494 13.2227 505
68.1533 13.1965 504
67.1606 13.1703 503
66.1713 13.1441 502
65.3155 13.1441 502
64.4597 13.1441 502
63.6039 13.1441 502
62.6232 13.118 501
61.7691 13.118 501
60.915 13.118 501
59.941 13.0918 500
59.0887 13.0918 500
58.1198 13.0656 499
57.2692 13.0656 499
56.4185 13.0656 499
55.5678 13.0656 499
54.7171 13.0656 499
53.8665 13.0656 499
52.9096 13.0394 498
51.9561 13.0132 497
51.006 12.987 496
50.1604 12.987 496
49.2154 12.9609 495
48.2739 12.9347 494
47.1437 12.8561 491
46.3066 12.8561 491
45.377 12.8299 490
44.5417 12.8299 490
43.528 12.7776 488
42.5211 12.7252 486
41.6925 12.7252 486
40.6118 12.6467 483
39.7884 12.6467 483
38.8843 12.6205 482
38.0626 12.6205 482
37.1637 12.5943 481
36.1926 12.5419 479
35.3022 12.5157 478
34.4873 12.5157 478
33.5315 12.4634 476
32.5139 12.3848 473
31.5734 12.3324 471
30.7052 12.3063 470
29.9039 12.3063 470
29.1027 12.3063 470
28.0606 12.2015 466
27.1492 12.1492 464
26.3582 12.1492 464
25.5672 12.1492 464
24.7228 12.123 463
23.8818 12.0968 462
23.0942 12.0968 462
22.3066 12.0968 462
21.4724 12.0706 461
20.6865 12.0706 461
19.8575 12.0444 460
19.0733 12.0444 460
18.2494 12.0182 459
17.4288 11.9921 458
16.6117 11.9659 457
15.8326 11.9659 457
15.0536 11.9659 457
1382.45 100.088 4089
1375.48 100.088 4089
1368.51 100.088 4089
1358.21 99.8435 4079
1351.25 99.8435 4079
1344.3 99.8435 4079
1337.35 99.8435 4079
1317.35 98.8644 4039
1294.89 97.6895 3991
156.002 14.148 578
155.285 14.1724 579
154.298 14.1724 579
153.311 14.1724 579
152.324 14.1724 579
151.337 14.1724 579
150.09 14.148 578
148.847 14.1235 577
147.607 14.099 576
146.625 14.099 576
145.39 14.0745 575
143.656 14.0011 572
141.933 13.9277 569
140.963 13.9277 569
139.993 13.9277 569
138.779 13.9032 568
137.81 13.9032 568
136.36 13.8542 566
135.395 13.8542 566
134.193 13.8298 565
132.994 13.8053 564
131.798 13.7808 563
130.839 13.7808 563
129.879 13.7808 563
128.919 13.7808 563
127.732 13.7563 562
126.774 13.7563 562
125.816 13.7563 562
124.636 13.7318 561
123.679 13.7318 561
122.723 13.7318 561
121.332 13.6829 559
119.733 13.6095 556
118.358 13.5605 554
117.202 13.536 553
116.259 13.536 553
113.648 13.3402 545
110.858 13.1199 536
109.739 13.0954 535
108.013 12.9975 531
107.108 12.9975 531
106.203 12.9975 531
105.298 12.9975 531
104.392 12.9975 531
103.487 12.9975 531
102.389 12.973 530
101.485 12.973 530
100.582 12.973 530
99.6782 12.973 530
98.7746 12.973 530
97.8711 12.973 530
96.9676 12.973 530
96.2454 12.9975 531
95.3401 12.9975 531
94.4349 12.9975 531
93.5297 12.9975 531
92.6245 12.9975 531
91.7192 12.9975 531
90.814 12.9975 531
89.7395 12.973 530
88.836 12.973 530
87.7665 12.9486 529
86.8647 12.9486 529
76.1872 12.3856 506
75.3246 12.3856 506
74.462 12.3856 506
73.5994 12.3856 506
72.7368 12.3856 506
71.8742 12.3856 506
71.0116 12.3856 506
70.0103 12.3611 505
69.1494 12.3611 505
68.1533 12.3366 504
67.1606 12.3122 503
66.1713 12.2877 502
65.3155 12.2877 502
64.4597 12.2877 502
63.4772 12.2632 501
62.6232 12.2632 501
61.7691 12.2632 501
60.7934 12.2387 500
59.941 12.2387 500
58.9705 12.2142 499
58.1198 12.2142 499
57.2692 12.2142 499
56.3054 12.1898 498
55.4565 12.1898 498
54.6075 12.1898 498
53.7585 12.1898 498
52.9096 12.1898 498
51.9561 12.1653 497
51.006 12.1408 496
50.1604 12.1408 496
49.116 12.0919 494
48.1761 12.0674 493
47.0477 11.9939 490
46.2123 11.9939 490
45.2844 11.9695 489
44.3599 11.945 488
43.2604 11.8716 485
42.2586 11.8226 483
41.4352 11.8226 483
40.4436 11.7737 481
39.6236 11.7737 481
38.8037 11.7737 481
37.9837 11.7737 481
37.0092 11.7247 479
36.117 11.7002 478
35.0806 11.6268 475
34.1987 11.6023 474
33.3906 11.6023 474
32.5139 11.5778 473
31.6405 11.5534 472
30.7052 11.5044 470
29.9039 11.5044 470
29.1027 11.5044 470
28.0606 11.4065 466
27.1492 11.3575 464
26.3582 11.3575 464
25.5672 11.3575 464
24.7228 11.3331 463
23.8818 11.3086 462
23.0442 11.2841 461
22.2583 11.2841 461
21.4724 11.2841 461
20.6417 11.2596 460
19.8143 11.2351 459
19.0318 11.2351 459
18.2096 11.2107 458
17.4288 11.2107 458
16.6117 11.1862 457
15.8326 11.1862 457
15.0536 11.1862 457
1382.45 93.112 4089
1375.48 93.112 4089
1368.51 93.112 4089
1358.21 92.8843 4079
1351.25 92.8843 4079
1347.6 93.112 4089
1340.62 93.112 4089
1333.65 93.112 4089
1294.89 90.8804 3991
163.181 13.1846 579
162.194 13.1846 579
161.207 13.1846 579
160.22 13.1846 579
159.233 13.1846 579
157.973 13.1618 578
156.716 13.1391 577
156.002 13.1618 578
155.017 13.1618 578
154.031 13.1618 578
153.046 13.1618 578
152.061 13.1618 578
151.075 13.1618 578
149.83 13.1391 577
148.589 13.1163 576
147.351 13.0935 575
146.37 13.0935 575
145.137 13.0707 574
143.656 13.0252 572
141.684 12.9341 568
140.468 12.9113 567
139.501 12.9113 567
138.534 12.9113 567
137.325 12.8886 566
136.119 12.8658 565
135.156 12.8658 565
133.955 12.843 564
132.758 12.8203 563
131.798 12.8203 563
130.839 12.8203 563
129.648 12.7975 562
128.69 12.7975 562
127.732 12.7975 562
126.774 12.7975 562
125.592 12.7747 561
124.636 12.7747 561
123.459 12.752 560
122.504 12.752 560
121.332 12.7292 559
119.733 12.6609 556
118.358 12.6153 554
117.202 12.5926 553
116.259 12.5926 553
113.648 12.4104 545
111.271 12.251 538
109.739 12.1827 535
108.013 12.0916 531
107.108 12.0916 531
106.203 12.0916 531
105.099 12.0688 530
104.196 12.0688 530
103.292 12.0688 530
102.389 12.0688 530
101.485 12.0688 530
100.582 12.0688 530
99.6782 12.0688 530
98.7746 12.0688 530
97.8711 12.0688 530
96.9676 12.0688 530
96.0641 12.0688 530
95.1606 12.0688 530
94.2571 12.0688 530
93.5297 12.0916 531
92.6245 12.0916 531
91.7192 12.0916 531
90.643 12.0688 530
89.7395 12.0688 530
88.836 12.0688 530
87.7665 12.046 529
86.3721 11.9777 526
76.1872 11.5223 506
75.3246 11.5223 506
74.462 11.5223 506
73.5994 11.5223 506
72.7368 11.5223 506
71.7321 11.4995 505
70.8712 11.4995 505
69.8717 11.4768 504
69.0125 11.4768 504
68.0181 11.454 503
67.1606 11.454 503
66.1713 11.4312 502
65.3155 11.4312 502
64.4597 11.4312 502
63.4772 11.4084 501
62.6232 11.4084 501
61.7691 11.4084 501
60.7934 11.3857 500
59.941 11.3857 500
58.9705 11.3629 499
58.1198 11.3629 499
57.2692 11.3629 499
56.3054 11.3401 498
55.4565 11.3401 498
54.6075 11.3401 498
53.7585 11.3401 498
52.9096 11.3401 498
51.9561 11.3174 497
51.006 11.2946 496
50.1604 11.2946 496
49.116 11.249 494
48.1761 11.2263 493
47.0477 11.158 490
46.2123 11.158 490
45.2844 11.1352 489
44.3599 11.1124 488
43.2604 11.0441 485
42.2586 10.9986 483
41.4352 10.9986 483
40.3595 10.9302 480
39.4589 10.9075 479
38.6423 10.9075 479
37.8257 10.9075 479
36.9319 10.8847 478
35.9659 10.8392 476
35.0806 10.8164 475
34.1987 10.7936 474
33.3906 10.7936 474
32.5139 10.7708 473
31.6405 10.7481 472
30.7052 10.7025 470
29.9039 10.7025 470
29.0408 10.6798 469
28.0606 10.6114 466
27.1492 10.5659 464
26.3014 10.5431 463
25.5121 10.5431 463
24.7228 10.5431 463
23.8818 10.5204 462
23.0442 10.4976 461
22.2583 10.4976 461
21.4724 10.4976 461
20.6417 10.4748 460
19.8143 10.452 459
19.0318 10.452 459
18.2096 10.4293 458
17.4288 10.4293 458
16.648 10.4293 458
15.8673 10.4293 458
15.0865 10.4293 458
1375.48 86.1357 4089
1368.51 86.1357 4089
1361.54 86.1357 4089
1354.57 86.1357 4089
1347.6 86.1357 4089
1340.62 86.1357 4089
1333.65 86.1357 4089
163.181 12.1968 579
162.194 12.1968 579
161.207 12.1968 579
160.22 12.1968 579
159.233 12.1968 579
157.973 12.1757 578
156.716 12.1546 577
156.002 12.1757 578
155.017 12.1757 578
154.031 12.1757 578
153.046 12.1757 578
152.061 12.1757 578
151.075 12.1757 578
149.83 12.1546 577
148.589 12.1336 576
147.351 12.1125 575
146.37 12.1125 575
145.137 12.0914 574
143.656 12.0493 572
141.684 11.9651 568
140.468 11.944 567
139.501 11.944 567
138.534 11.944 567
137.325 11.9229 566
136.119 11.9019 565
135.156 11.9019 565
133.955 11.8808 564
132.758 11.8597 563
131.798 11.8597 563
130.839 11.8597 563
129.648 11.8387 562
128.69 11.8387 562
127.732 11.8387 562
126.774 11.8387 562
125.592 11.8176 561
124.413 11.7965 560
123.238 11.7755 559
122.285 11.7755 559
120.681 11.7123 556
119.303 11.6701 554
118.145 11.6491 553
116.778 11.6069 551
115.839 11.6069 551
113.648 11.4806 545
111.478 11.3542 539
109.739 11.2699 535
108.217 11.2067 532
107.31 11.2067 532
106.203 11.1856 531
105.298 11.1856 531
104.196 11.1646 530
103.292 11.1646 530
102.389 11.1646 530
101.485 11.1646 530
100.392 11.1435 529
99.4901 11.1435 529
98.5883 11.1435 529
97.6865 11.1435 529
96.7847 11.1435 529
95.8828 11.1435 529
94.981 11.1435 529
94.0792 11.1435 529
93.3535 11.1646 530
92.45 11.1646 530
91.5465 11.1646 530
90.643 11.1646 530
89.7395 11.1646 530
88.836 11.1646 530
87.4347 11.1014 527
86.0437 11.0382 524
76.1872 10.659 506
75.3246 10.659 506
74.462 10.659 506
73.5994 10.659 506
72.7368 10.659 506
71.7321 10.6379 505
70.7309 10.6169 504
69.7331 10.5958 503
68.8756 10.5958 503
68.0181 10.5958 503
67.0271 10.5747 502
66.0395 10.5537 501
65.1854 10.5537 501
64.3313 10.5537 501
63.4772 10.5537 501
62.4982 10.5326 500
61.6458 10.5326 500
60.7934 10.5326 500
59.8212 10.5116 499
58.9705 10.5116 499
58.0033 10.4905 498
57.1544 10.4905 498
56.3054 10.4905 498
55.3451 10.4694 497
54.4978 10.4694 497
53.6506 10.4694 497
52.8033 10.4694 497
51.8515 10.4484 496
50.8003 10.4062 494
49.9582 10.4062 494
49.116 10.4062 494
48.0784 10.3641 492
46.9516 10.3009 489
46.118 10.3009 489
45.1918 10.2798 488
44.0872 10.2166 485
43.082 10.1745 483
42.0836 10.1324 481
41.2636 10.1324 481
40.3595 10.1113 480
39.4589 10.0902 479
38.6423 10.0902 479
37.8257 10.0902 479
36.9319 10.0692 478
35.9659 10.0271 476
35.0806 10.006 475
34.1987 9.98492 474
33.3906 9.98492 474
32.5139 9.96386 473
31.6405 9.94279 472
30.7052 9.90066 470
29.9039 9.90066 470
29.0408 9.8796 469
28.0606 9.8164 466
27.1492 9.77427 464
26.3014 9.7532 463
25.5121 9.7532 463
24.7228 9.7532 463
23.8818 9.73214 462
23.0442 9.71107 461
22.2583 9.71107 461
21.4724 9.71107 461
20.6417 9.69001 460
19.8143 9.66894 459
19.0318 9.66894 459
18.2096 9.64788 458
17.4288 9.64788 458
16.648 9.64788 458
15.8673 9.64788 458
15.0865 9.64788 458
1375.48 79.1595 4089
1368.51 79.1595 4089
1361.54 79.1595 4089
1354.57 79.1595 4089
1347.6 79.1595 4089
1340.62 79.1595 4089
1333.65 79.1595 4089
163.181 11.2089 579
162.194 11.2089 579
161.207 11.2089 579
160.22 11.2089 579
159.233 11.2089 579
157.973 11.1896 578
156.716 11.1702 577
156.002 11.1896 578
155.017 11.1896 578
154.031 11.1896 578
153.046 11.1896 578
151.798 11.1702 577
150.814 11.1702 577
149.571 11.1509 576
148.331 11.1315 575
147.094 11.1121 574
146.116 11.1121 574
144.884 11.0928 573
143.405 11.0541 571
141.684 10.996 568
140.468 10.9766 567
139.501 10.9766 567
138.29 10.9573 566
137.083 10.9379 565
136.119 10.9379 565
135.156 10.9379 565
133.718 10.8992 563
132.522 10.8798 562
131.564 10.8798 562
130.606 10.8798 562
129.648 10.8798 562
128.69 10.8798 562
127.505 10.8605 561
126.548 10.8605 561
125.368 10.8411 560
124.413 10.8411 560
123.238 10.8218 559
122.285 10.8218 559
120.681 10.7637 556
119.303 10.725 554
118.145 10.7056 553
116.778 10.6669 551
115.839 10.6669 551
114.274 10.6088 548
111.892 10.4733 541
110.354 10.4152 538
108.42 10.3184 533
107.511 10.3184 533
106.403 10.2991 532
105.298 10.2797 531
104.392 10.2797 531
103.487 10.2797 531
102.389 10.2603 530
101.485 10.2603 530
100.392 10.241 529
99.4901 10.241 529
98.5883 10.241 529
97.6865 10.241 529
96.7847 10.241 529
95.8828 10.241 529
94.981 10.241 529
94.0792 10.241 529
93.1774 10.241 529
92.2756 10.241 529
91.3738 10.241 529
90.472 10.241 529
89.5702 10.241 529
88.6683 10.241 529
86.937 10.1442 524
76.0366 9.77636 505
75.1757 9.77636 505
74.3148 9.77636 505
73.4539 9.77636 505
72.593 9.77636 505
71.5901 9.757 504
70.5905 9.73764 503
69.7331 9.73764 503
68.8756 9.73764 503
67.8829 9.71828 502
66.8936 9.69893 501
66.0395 9.69893 501
65.1854 9.69893 501
64.3313 9.69893 501
63.3505 9.67957 500
62.4982 9.67957 500
61.6458 9.67957 500
60.6718 9.66021 499
59.8212 9.66021 499
58.8523 9.64085 498
58.0033 9.64085 498
57.1544 9.64085 498
56.1924 9.62149 497
55.3451 9.62149 497
54.4978 9.62149 497
53.6506 9.62149 497
52.8033 9.62149 497
51.747 9.58277 495
50.8003 9.56341 494
49.9582 9.56341 494
48.9172 9.52469 492
47.9807 9.50533 491
46.8556 9.44726 488
46.0237 9.44726 488
44.914 9.38918 485
43.9054 9.35046 483
42.9036 9.31174 481
41.9961 9.29238 480
41.1778 9.29238 480
40.2755 9.27302 479
39.3765 9.25367 478
38.5616 9.25367 478
37.7468 9.25367 478
36.7774 9.21495 476
35.8904 9.19559 475
35.0067 9.17623 474
34.1265 9.15687 473
33.3202 9.15687 473
32.5139 9.15687 473
31.5734 9.11815 471
30.7052 9.09879 470
29.9039 9.09879 470
29.0408 9.07943 469
28.0004 9.002 465
27.1492 8.98264 464
26.3014 8.96328 463
25.5121 8.96328 463
24.7228 8.96328 463
23.8818 8.94392 462
23.0442 8.92456 461
22.2583 8.92456 461
21.4258 8.9052 460
20.5968 8.88584 459
19.7711 8.86648 458
18.9904 8.86648 458
18.2096 8.86648 458
17.4288 8.86648 458
16.648 8.86648 458
15.8673 8.86648 458
15.0865 8.86648 458
1375.48 72.1832 4089
1368.51 72.1832 4089
1361.54 72.1832 4089
1354.57 72.1832 4089
1347.6 72.1832 4089
1340.62 72.1832 4089
163.181 10.2211 579
162.194 10.2211 579
161.207 10.2211 579
160.22 10.2211 579
159.233 10.2211 579
157.973 10.2035 578
156.716 10.1858 577
155.732 10.1858 577
154.749 10.1858 577
153.765 10.1858 577
152.781 10.1858 577
151.798 10.1858 577
150.814 10.1858 577
149.571 10.1681 576
148.331 10.1505 575
147.094 10.1328 574
146.116 10.1328 574
144.632 10.0975 572
143.154 10.0622 570
141.434 10.0093 567
140.22 9.99161 566
139.255 9.99161 566
138.046 9.97396 565
137.083 9.97396 565
135.878 9.95631 564
134.917 9.95631 564
133.48 9.921 562
132.287 9.90335 561
131.096 9.8857 560
130.141 9.8857 560
129.187 9.8857 560
128.003 9.86804 559
126.823 9.85039 558
125.872 9.85039 558
124.697 9.83274 557
123.747 9.83274 557
122.577 9.81508 556
121.629 9.81508 556
120.464 9.79743 555
119.087 9.76213 553
117.931 9.74447 552
116.354 9.69151 549
115.418 9.69151 549
114.274 9.67386 548
111.892 9.55029 541
110.354 9.49733 538
108.42 9.40906 533
107.511 9.40906 533
106.403 9.39141 532
105.298 9.37376 531
104.392 9.37376 531
103.487 9.37376 531
102.389 9.3561 530
101.294 9.33845 529
100.392 9.33845 529
99.4901 9.33845 529
98.5883 9.33845 529
97.5018 9.3208 528
96.6017 9.3208 528
95.7016 9.3208 528
94.8015 9.3208 528
94.0792 9.33845 529
93.1774 9.33845 529
92.2756 9.33845 529
91.3738 9.33845 529
90.472 9.33845 529
89.5702 9.33845 529
88.6683 9.33845 529
86.937 9.25019 524
76.0366 8.91478 505
75.1757 8.91478 505
74.3148 8.91478 505
73.4539 8.91478 505
72.593 8.91478 505
71.5901 8.89713 504
70.5905 8.87947 503
69.7331 8.87947 503
68.8756 8.87947 503
67.8829 8.86182 502
66.8936 8.84417 501
66.0395 8.84417 501
65.1854 8.84417 501
64.2029 8.82651 500
63.3505 8.82651 500
62.4982 8.82651 500
61.6458 8.82651 500
60.6718 8.80886 499
59.7013 8.79121 498
58.8523 8.79121 498
57.8869 8.77356 497
57.0396 8.77356 497
56.1924 8.77356 497
55.3451 8.77356 497
54.4978 8.77356 497
53.6506 8.77356 497
52.5908 8.73825 495
51.6424 8.7206 494
50.6975 8.70294 493
49.857 8.70294 493
48.8177 8.66764 491
47.7853 8.63233 489
46.5676 8.56172 485
45.5522 8.52641 483
44.7288 8.52641 483
43.7236 8.49111 481
42.8144 8.47345 480
41.9086 8.4558 479
41.092 8.4558 479
40.1914 8.43815 478
39.2941 8.4205 477
38.4003 8.40284 476
37.5888 8.40284 476
36.7001 8.38519 475
35.8148 8.36754 474
35.0067 8.36754 474
34.1265 8.34988 473
33.3202 8.34988 473
32.5139 8.34988 473
31.5734 8.31458 471
30.7052 8.29692 470
29.9039 8.29692 470
28.9789 8.26162 468
28.0004 8.20866 465
27.0907 8.17335 463
26.3014 8.17335 463
25.5121 8.17335 463
24.7228 8.17335 463
23.8301 8.13805 461
23.0442 8.13805 461
22.2583 8.13805 461
21.4258 8.12039 460
20.5519 8.08509 458
19.7711 8.08509 458
18.9904 8.08509 458
18.1698 8.06743 457
17.3908 8.06743 457
16.648 8.08509 458
15.8673 8.08509 458
15.0865 8.08509 458
1375.48 65.207 4089
1368.51 65.207 4089
1361.54 65.207 4089
1354.57 65.207 4089
1347.6 65.207 4089
1340.62 65.207 4089
163.601 9.20138 577
163.181 9.23327 579
162.194 9.23327 579
161.207 9.23327 579
160.22 9.23327 579
159.233 9.23327 579
157.973 9.21732 578
156.716 9.20138 577
155.732 9.20138 577
154.749 9.20138 577
153.765 9.20138 577
152.781 9.20138 577
151.535 9.18543 576
150.553 9.18543 576
149.311 9.16948 575
148.073 9.15353 574
146.582 9.12164 572
145.607 9.12164 572
144.379 9.10569 571
142.652 9.05785 568
141.185 9.02596 566
139.972 9.01001 565
139.009 9.01001 565
137.801 8.99407 564
136.597 8.97812 563
135.397 8.96217 562
134.439 8.96217 562
133.243 8.94623 561
132.051 8.93028 560
130.862 8.91433 559
129.909 8.91433 559
128.725 8.89838 558
127.545 8.88244 557
126.368 8.86649 556
125.421 8.86649 556
124.473 8.86649 556
123.303 8.85054 555
122.357 8.85054 555
121.41 8.85054 555
120.03 8.81865 553
118.872 8.8027 552
117.504 8.77081 550
116.354 8.75486 549
115.418 8.75486 549
114.482 8.75486 549
112.512 8.67513 544
110.354 8.57945 538
108.42 8.49971 533
107.511 8.49971 533
106.403 8.48376 532
105.298 8.46782 531
104.392 8.46782 531
103.487 8.46782 531
102.389 8.45187 530
101.294 8.43592 529
100.202 8.41998 528
99.302 8.41998 528
98.4019 8.41998 528
97.5018 8.41998 528
96.6017 8.41998 528
95.7016 8.41998 528
94.6219 8.40403 527
93.7235 8.40403 527
93.1774 8.43592 529
92.2756 8.43592 529
91.3738 8.43592 529
90.472 8.43592 529
75.886 8.03725 504
75.0269 8.03725 504
74.1677 8.03725 504
73.3085 8.03725 504
72.4493 8.03725 504
71.448 8.0213 503
70.4502 8.00536 502
69.5944 8.00536 502
68.7386 8.00536 502
67.7476 7.98941 501
66.8936 7.98941 501
66.0395 7.98941 501
65.1854 7.98941 501
64.2029 7.97346 500
63.3505 7.97346 500
62.4982 7.97346 500
61.6458 7.97346 500
60.6718 7.95752 499
59.7013 7.94157 498
58.8523 7.94157 498
57.8869 7.92562 497
57.0396 7.92562 497
56.1924 7.92562 497
55.3451 7.92562 497
54.4978 7.92562 497
53.6506 7.92562 497
52.5908 7.89373 495
51.6424 7.87778 494
50.6975 7.86183 493
49.857 7.86183 493
48.8177 7.82994 491
47.7853 7.79805 489
46.5676 7.73426 485
45.5522 7.70236 483
44.7288 7.70236 483
43.7236 7.67047 481
42.8144 7.65452 480
41.9086 7.63858 479
41.092 7.63858 479
40.1914 7.62263 478
39.1294 7.57479 475
38.3196 7.57479 475
37.5099 7.57479 475
36.6228 7.55884 474
35.8148 7.55884 474
35.0067 7.55884 474
34.1987 7.55884 474
33.3906 7.55884 474
32.5139 7.5429 473
31.5734 7.511 471
30.6398 7.47911 469
29.8403 7.47911 469
28.855 7.43127 466
27.9402 7.39937 464
27.0907 7.38343 463
26.3014 7.38343 463
25.5121 7.38343 463
24.6694 7.36748 462
23.8301 7.35153 461
22.9942 7.33559 460
22.21 7.33559 460
21.3793 7.31964 459
20.5519 7.30369 458
19.7711 7.30369 458
18.9904 7.30369 458
18.1698 7.28774 457
163.601 8.21695 577
162.9 8.23119 578
161.914 8.23119 578
160.929 8.23119 578
159.944 8.23119 578
158.958 8.23119 578
157.7 8.21695 577
156.444 8.20271 576
155.732 8.21695 577
154.749 8.21695 577
153.765 8.21695 577
152.781 8.21695 577
151.535 8.20271 576
150.553 8.20271 576
149.311 8.18847 575
148.073 8.17423 574
146.582 8.14575 572
145.607 8.14575 572
144.379 8.13151 571
142.652 8.08879 568
141.185 8.0603 566
139.972 8.04606 565
139.009 8.04606 565
137.801 8.03182 564
136.597 8.01758 563
135.397 8.00334 562
134.439 8.00334 562
133.243 7.9891 561
132.051 7.97486 560
130.862 7.96062 559
129.909 7.96062 559
128.725 7.94638 558
127.545 7.93214 557
126.368 7.9179 556
125.421 7.9179 556
124.473 7.9179 556
123.303 7.90366 555
122.136 7.88941 554
120.973 7.87517 553
120.03 7.87517 553
118.872 7.86093 552
117.504 7.83245 550
116.354 7.81821 549
115.418 7.81821 549
114.482 7.81821 549
112.512 7.74701 544
110.559 7.6758 539
109.641 7.6758 539
107.713 7.6046 534
106.403 7.57612 532
105.298 7.56188 531
104.392 7.56188 531
103.487 7.56188 531
102.389 7.54764 530
101.294 7.53339 529
100.202 7.51915 528
99.302 7.51915 528
98.4019 7.51915 528
97.5018 7.51915 528
96.4187 7.50491 527
95.5203 7.50491 527
94.4424 7.49067 526
93.5457 7.49067 526
92.649 7.49067 526
91.7523 7.49067 526
90.8556 7.49067 526
89.9589 7.49067 526
88.8929 7.47643 525
87.9979 7.47643 525
76.7452 7.17737 504
75.886 7.17737 504
75.0269 7.17737 504
74.0205 7.16313 503
73.163 7.16313 503
72.3055 7.16313 503
71.306 7.14889 502
70.3099 7.13465 501
69.4558 7.13465 501
68.6017 7.13465 501
67.7476 7.13465 501
66.8936 7.13465 501
65.9077 7.12041 500
65.0553 7.12041 500
64.2029 7.12041 500
63.2238 7.10617 499
62.3732 7.10617 499
61.5225 7.10617 499
60.5502 7.09193 498
59.7013 7.09193 498
58.7341 7.07769 497
57.8869 7.07769 497
57.0396 7.07769 497
56.0793 7.06345 496
55.2337 7.06345 496
54.2785 7.04921 495
53.4347 7.04921 495
52.5908 7.04921 495
51.5379 7.02072 493
50.5946 7.00648 492
49.7559 7.00648 492
48.6189 6.96376 489
47.5898 6.93528 487
46.4716 6.89256 484
45.3635 6.84983 481
44.5435 6.84983 481
43.6327 6.83559 480
42.7252 6.82135 479
41.8211 6.80711 478
41.0062 6.80711 478
40.1073 6.79287 477
39.1294 6.76439 475
38.3196 6.76439 475
37.5099 6.76439 475
36.6228 6.75015 474
35.8148 6.75015 474
35.0067 6.75015 474
34.1987 6.75015 474
33.3906 6.75015 474
32.5139 6.73591 473
31.5734 6.70743 471
30.6398 6.67895 469
29.8403 6.67895 469
28.855 6.63622 466
27.9402 6.60774 464
27.0907 6.5935 463
26.3014 6.5935 463
25.5121 6.5935 463
24.6694 6.57926 462
23.8301 6.56502 461
22.9942 6.55078 460
22.21 6.55078 460
21.3793 6.53654 459
20.5519 6.5223 458
19.7711 6.5223 458
18.9904 6.5223 458
18.1698 6.50806 457
166.264 7.22 576
165.282 7.22 576
164.3 7.22 576
163.601 7.23253 577
162.618 7.23253 577
161.634 7.23253 577
160.65 7.23253 577
159.667 7.23253 577
158.683 7.23253 577
157.426 7.22 576
156.173 7.20746 575
155.192 7.20746 575
154.48 7.22 576
153.498 7.22 576
152.517 7.22 576
151.272 7.20746 575
150.291 7.20746 575
149.051 7.19493 574
147.557 7.16986 572
146.326 7.15732 571
145.352 7.15732 571
143.873 7.13225 569
142.401 7.10718 567
140.935 7.08212 565
139.724 7.06958 564
138.763 7.06958 564
137.557 7.05705 563
136.597 7.05705 563
135.397 7.04451 562
134.439 7.04451 562
133.243 7.03198 561
131.815 7.00691 559
130.628 6.99437 558
129.677 6.99437 558
128.495 6.98184 557
127.316 6.9693 556
126.141 6.95677 555
125.195 6.95677 555
124.249 6.95677 555
123.303 6.95677 555
122.136 6.94423 554
120.973 6.9317 553
120.03 6.9317 553
118.872 6.91916 552
117.504 6.89409 550
116.354 6.88156 549
115.418 6.88156 549
114.482 6.88156 549
112.512 6.81889 544
110.559 6.75621 539
109.641 6.75621 539
107.713 6.69354 534
106.403 6.66847 532
105.298 6.65594 531
104.392 6.65594 531
103.487 6.65594 531
102.389 6.6434 530
101.294 6.63087 529
100.202 6.61833 528
99.302 6.61833 528
98.4019 6.61833 528
97.5018 6.61833 528
96.4187 6.6058 527
95.5203 6.6058 527
94.4424 6.59326 526
93.5457 6.59326 526
92.649 6.59326 526
91.7523 6.59326 526
90.6829 6.58073 525
89.7879 6.58073 525
88.8929 6.58073 525
87.9979 6.58073 525
79.3228 6.3175 504
78.4636 6.3175 504
77.6044 6.3175 504
76.7452 6.3175 504
75.886 6.3175 504
75.0269 6.3175 504
73.8733 6.29243 502
73.0176 6.29243 502
72.1618 6.29243 502
71.1639 6.27989 501
70.1695 6.26736 500
69.3172 6.26736 500
68.4648 6.26736 500
67.6124 6.26736 500
66.76 6.26736 500
65.9077 6.26736 500
65.0553 6.26736 500
64.0745 6.25482 499
63.2238 6.25482 499
62.2482 6.24229 498
61.3992 6.24229 498
60.5502 6.24229 498
59.5814 6.22975 497
58.7341 6.22975 497
57.7704 6.21722 496
56.9249 6.21722 496
55.9662 6.20469 495
55.011 6.19215 494
54.1689 6.19215 494
53.3267 6.19215 494
52.3783 6.17962 493
51.3288 6.15455 491
50.4918 6.15455 491
49.6548 6.15455 491
48.5195 6.11694 488
47.2967 6.0668 484
46.2795 6.04173 482
45.2692 6.01666 480
44.4509 6.01666 480
43.5418 6.00413 479
42.636 5.9916 478
41.7336 5.97906 477
40.9205 5.97906 477
39.9391 5.95399 475
39.1294 5.95399 475
38.3196 5.95399 475
37.5099 5.95399 475
36.6228 5.94146 474
35.8148 5.94146 474
35.0067 5.94146 474
34.1987 5.94146 474
33.3906 5.94146 474
32.5139 5.92892 473
31.5734 5.90385 471
30.6398 5.87878 469
29.8403 5.87878 469
28.7931 5.82864 465
27.88 5.80357 463
27.0907 5.80357 463
26.3014 5.80357 463
25.457 5.79104 462
24.616 5.7785 461
23.7784 5.76597 460
22.9442 5.75344 459
22.1618 5.75344 459
21.3327 5.7409 458
20.5519 5.7409 458
19.728 5.72837 457
18.9489 5.72837 457
18.1301 5.71583 456
16.539 5.7033 455
15.7633 5.7033 455
14.9877 5.7033 455
167.536 6.24811 577
166.552 6.24811 577
165.569 6.24811 577
164.3 6.23728 576
163.318 6.23728 576
162.336 6.23728 576
161.354 6.23728 576
160.372 6.23728 576
159.39 6.23728 576
158.408 6.23728 576
157.153 6.22645 575
155.901 6.21562 574
154.923 6.21562 574
154.212 6.22645 575
153.232 6.22645 575
152.252 6.22645 575
151.008 6.21562 574
150.03 6.21562 574
148.792 6.2048 573
147.299 6.18314 571
145.813 6.16148 569
144.588 6.15065 568
143.62 6.15065 568
142.15 6.129 566
140.935 6.11817 565
139.724 6.10734 564
138.763 6.10734 564
137.557 6.09651 563
136.355 6.08568 562
135.397 6.08568 562
134.439 6.08568 562
133.005 6.06402 560
131.579 6.04237 558
130.394 6.03154 557
129.444 6.03154 557
128.264 6.02071 556
127.087 6.00988 555
126.141 6.00988 555
125.195 6.00988 555
124.025 5.99905 554
123.08 5.99905 554
121.916 5.98822 553
120.754 5.9774 552
119.813 5.9774 552
118.657 5.96657 551
117.29 5.94491 549
116.142 5.93408 548
115.208 5.93408 548
113.857 5.91242 546
111.892 5.85828 541
110.559 5.83662 539
109.641 5.83662 539
107.713 5.78248 534
106.403 5.76082 532
105.298 5.74999 531
104.392 5.74999 531
103.487 5.74999 531
102.389 5.73917 530
101.294 5.72834 529
100.202 5.71751 528
99.302 5.71751 528
98.4019 5.71751 528
97.3171 5.70668 527
96.2358 5.69585 526
95.3391 5.69585 526
93.9037 5.66337 523
93.0122 5.66337 523
91.7683 5.64171 521
91.5779 5.68502 525
90.6829 5.68502 525
89.7879 5.68502 525
88.8929 5.68502 525
87.9979 5.68502 525
79.3228 5.45762 504
78.4636 5.45762 504
77.6044 5.45762 504
76.7452 5.45762 504
75.886 5.45762 504
75.0269 5.45762 504
73.8733 5.43596 502
73.0176 5.43596 502
72.1618 5.43596 502
71.1639 5.42514 501
70.1695 5.41431 500
69.3172 5.41431 500
68.4648 5.41431 500
67.6124 5.41431 500
66.76 5.41431 500
65.9077 5.41431 500
65.0553 5.41431 500
64.0745 5.40348 499
63.0971 5.39265 498
62.2482 5.39265 498
61.3992 5.39265 498
60.4287 5.38182 497
59.4615 5.37099 496
58.616 5.37099 496
57.5375 5.34934 494
56.6953 5.34934 494
55.8532 5.34934 494
54.8997 5.33851 493
54.0592 5.33851 493
53.2188 5.33851 493
52.1659 5.31685 491
47.7241 5.19773 480
46.9058 5.19773 480
46.0875 5.19773 480
45.1749 5.18691 479
44.3583 5.18691 479
43.4509 5.17608 478
42.5468 5.16525 477
41.6461 5.15442 476
40.8347 5.15442 476
39.9391 5.14359 475
39.1294 5.14359 475
38.3196 5.14359 475
37.5099 5.14359 475
36.6228 5.13276 474
35.8148 5.13276 474
34.9329 5.12193 473
34.1265 5.12193 473
33.3202 5.12193 473
32.5139 5.12193 473
31.5734 5.10028 471
30.6398 5.07862 469
29.8403 5.07862 469
28.6693 5.01365 463
27.8198 5.00282 462
26.9736 4.99199 461
26.1878 4.99199 461
25.4019 4.99199 461
24.5626 4.98116 460
23.7267 4.97033 459
22.8942 4.95951 458
22.1135 4.95951 458
21.2861 4.94868 457
20.507 4.94868 457
19.6848 4.93785 456
18.9074 4.93785 456
18.1301 4.93785 456
17.3147 4.92702 455
16.539 4.92702 455
15.7633 4.92702 455
14.9877 4.92702 455
167.935 5.24544 575
167.536 5.26369 577
166.552 5.26369 577
165.569 5.26369 577
164.3 5.25457 576
163.318 5.25457 576
162.336 5.25457 576
161.354 5.25457 576
160.372 5.25457 576
159.39 5.25457 576
158.408 5.25457 576
157.153 5.24544 575
155.901 5.23632 574
154.923 5.23632 574
153.944 5.23632 574
152.965 5.23632 574
151.987 5.23632 574
150.745 5.2272 573
149.769 5.2272 573
148.532 5.21808 572
146.783 5.19071 569
145.557 5.18159 568
144.334 5.17246 567
143.367 5.17246 567
142.15 5.16334 566
140.686 5.1451 564
139.477 5.13597 563
138.517 5.13597 563
137.313 5.12685 562
136.355 5.12685 562
135.156 5.11773 561
134.199 5.11773 561
132.768 5.09948 559
131.343 5.08124 557
130.16 5.07212 556
129.212 5.07212 556
128.033 5.06299 555
126.858 5.05387 554
125.687 5.04475 553
124.744 5.04475 553
123.801 5.04475 553
122.858 5.04475 553
121.695 5.03563 552
120.754 5.03563 552
119.813 5.03563 552
118.441 5.01738 550
116.863 4.99001 547
115.718 4.98089 546
114.788 4.98089 546
113.023 4.9444 542
111.685 4.92616 540
110.354 4.90791 538
109.437 4.90791 538
107.713 4.87142 534
106.403 4.85318 532
105.298 4.84405 531
104.196 4.83493 530
103.292 4.83493 530
102.389 4.83493 530
101.294 4.82581 529
100.202 4.81669 528
99.302 4.81669 528
98.2155 4.80756 527
97.1325 4.79844 526
95.6869 4.77107 523
94.4328 4.75283 521
93.5446 4.75283 521
92.4786 4.74371 520
91.5922 4.74371 520
90.7057 4.74371 520
89.8192 4.74371 520
89.6169 4.7802 524
88.7236 4.7802 524
87.8303 4.7802 524
79.3228 4.59775 504
78.4636 4.59775 504
77.6044 4.59775 504
76.7452 4.59775 504
75.886 4.59775 504
74.878 4.58862 503
73.8733 4.5795 502
72.8721 4.57038 501
72.018 4.57038 501
71.0219 4.56125 500
70.1695 4.56125 500
69.3172 4.56125 500
68.4648 4.56125 500
67.4772 4.55213 499
66.6265 4.55213 499
65.7758 4.55213 499
64.9252 4.55213 499
64.0745 4.55213 499
63.0971 4.54301 498
62.2482 4.54301 498
61.3992 4.54301 498
60.4287 4.53389 497
59.4615 4.52477 496
58.616 4.52477 496
57.5375 4.50652 494
56.6953 4.50652 494
55.8532 4.50652 494
54.8997 4.4974 493
54.0592 4.4974 493
53.2188 4.4974 493
52.1659 4.47915 491
47.7241 4.37881 480
46.9058 4.37881 480
46.0875 4.37881 480
45.1749 4.36968 479
44.3583 4.36968 479
43.4509 4.36056 478
42.5468 4.35144 477
41.6461 4.34231 476
40.8347 4.34231 476
39.9391 4.33319 475
39.1294 4.33319 475
38.2389 4.32407 474
37.4309 4.32407 474
36.6228 4.32407 474
35.7392 4.31495 473
34.9329 4.31495 473
34.1265 4.31495 473
33.3202 4.31495 473
32.4451 4.30582 472
31.5734 4.2967 471
30.5092 4.26021 467
29.7131 4.26021 467
28.6073 4.2146 462
27.7595 4.20548 461
26.7981 4.17811 458
26.0173 4.17811 458
25.2366 4.17811 458
24.4558 4.17811 458
23.6233 4.16899 457
22.8443 4.16899 457
22.0652 4.16899 457
21.2395 4.15986 456
20.4622 4.15986 456
19.6848 4.15986 456
18.9074 4.15986 456
18.1301 4.15986 456
17.3147 4.15074 455
16.539 4.15074 455
15.7633 4.15074 455
14.9877 4.15074 455
167.935 4.26443 575
167.536 4.27927 577
166.552 4.27927 577
165.569 4.27927 577
164.3 4.27185 576
163.318 4.27185 576
162.336 4.27185 576
161.354 4.27185 576
160.372 4.27185 576
159.113 4.26443 575
158.133 4.26443 575
157.153 4.26443 575
155.901 4.25702 574
154.923 4.25702 574
153.944 4.25702 574
152.965 4.25702 574
151.987 4.25702 574
150.745 4.2496 573
149.769 4.2496 573
148.532 4.24218 572
146.783 4.21994 569
145.557 4.21252 568
144.334 4.2051 567
143.367 4.2051 567
142.15 4.19769 566
140.686 4.18285 564
139.477 4.17544 563
138.517 4.17544 563
137.313 4.16802 562
136.355 4.16802 562
135.156 4.1606 561
134.199 4.1606 561
132.768 4.14577 559
131.343 4.13094 557
130.16 4.12352 556
129.212 4.12352 556
128.033 4.11611 555
126.858 4.10869 554
125.687 4.10127 553
124.744 4.10127 553
123.801 4.10127 553
122.858 4.10127 553
121.695 4.09386 552
120.754 4.09386 552
119.596 4.08644 551
118.441 4.07902 550
116.863 4.05677 547
115.506 4.04194 545
114.577 4.04194 545
113.023 4.01969 542
111.478 3.99744 539
110.354 3.99003 538
109.437 3.99003 538
107.713 3.96036 534
106.403 3.94553 532
105.298 3.93811 531
104.196 3.9307 530
103.292 3.9307 530
102.196 3.92328 529
101.102 3.91586 528
100.012 3.90845 527
99.1139 3.90845 527
98.0292 3.90103 526
96.5785 3.87878 523
95.321 3.86395 521
94.4328 3.86395 521
93.5446 3.86395 521
92.3008 3.84912 519
91.416 3.84912 519
90.3568 3.8417 518
89.4738 3.8417 518
88.5907 3.8417 518
87.5383 3.83428 517
79.1654 3.73045 503
78.3079 3.73045 503
77.4505 3.73045 503
76.593 3.73045 503
75.7355 3.73045 503
74.7291 3.72304 502
73.7262 3.71562 501
72.8721 3.71562 501
72.018 3.71562 501
71.0219 3.7082 500
70.0292 3.70079 499
69.1785 3.70079 499
68.3279 3.70079 499
67.342 3.69337 498
66.493 3.69337 498
65.644 3.69337 498
64.7951 3.69337 498
63.9461 3.69337 498
63.0971 3.69337 498
62.1232 3.68595 497
61.2759 3.68595 497
60.3071 3.67854 496
59.4615 3.67854 496
58.4978 3.67112 495
57.5375 3.66371 494
56.6953 3.66371 494
55.8532 3.66371 494
54.8997 3.65629 493
53.9496 3.64887 492
53.1108 3.64887 492
52.1659 3.64146 491
45.8955 3.54504 478
45.0806 3.54504 478
44.2657 3.54504 478
43.4509 3.54504 478
42.4576 3.53021 476
41.5586 3.52279 475
40.7489 3.52279 475
39.9391 3.52279 475
39.047 3.51538 474
38.2389 3.51538 474
37.4309 3.51538 474
36.6228 3.51538 474
35.7392 3.50796 473
34.9329 3.50796 473
34.1265 3.50796 473
33.3202 3.50796 473
32.4451 3.50054 472
31.5734 3.49313 471
30.5092 3.46346 467
29.7131 3.46346 467
28.6073 3.42638 462
27.7595 3.41896 461
26.7981 3.39671 458
26.0173 3.39671 458
25.2366 3.39671 458
24.4558 3.39671 458
23.6233 3.3893 457
22.8443 3.3893 457
22.0652 3.3893 457
21.2395 3.38188 456
20.4622 3.38188 456
19.6848 3.38188 456
18.9074 3.38188 456
18.1301 3.38188 456
17.3147 3.37447 455
16.539 3.37447 455
15.7633 3.37447 455
14.9877 3.37447 455
167.935 3.28342 575
166.955 3.28342 575
165.975 3.28342 575
164.995 3.28342 575
164.014 3.28342 575
163.034 3.28342 575
162.054 3.28342 575
161.074 3.28342 575
160.094 3.28342 575
159.113 3.28342 575
158.133 3.28342 575
156.88 3.27771 574
155.629 3.272 573
154.383 3.26629 572
153.676 3.272 573
152.699 3.272 573
151.722 3.272 573
150.482 3.26629 572
149.507 3.26629 572
148.272 3.26058 571
146.783 3.24916 569
145.301 3.23774 567
144.079 3.23203 566
143.114 3.23203 566
141.898 3.22632 565
140.686 3.22061 564
139.477 3.2149 563
138.517 3.2149 563
137.313 3.20919 562
136.112 3.20348 561
134.915 3.19777 560
133.96 3.19777 560
132.53 3.18635 558
131.108 3.17493 556
129.926 3.16922 555
128.979 3.16922 555
127.803 3.16351 554
126.629 3.1578 553
125.687 3.1578 553
124.744 3.1578 553
123.801 3.1578 553
122.858 3.1578 553
121.695 3.15209 552
120.754 3.15209 552
119.596 3.14638 551
118.441 3.14067 550
116.863 3.12354 547
115.506 3.11212 545
114.577 3.11212 545
113.023 3.09498 542
111.478 3.07785 539
110.354 3.07214 538
109.437 3.07214 538
107.713 3.0493 534
106.403 3.03788 532
105.298 3.03217 531
104.196 3.02646 530
103.292 3.02646 530
102.196 3.02075 529
101.102 3.01504 528
100.012 3.00933 527
99.1139 3.00933 527
98.0292 3.00362 526
96.5785 2.98649 523
95.321 2.97507 521
94.4328 2.97507 521
93.5446 2.97507 521
92.3008 2.96365 519
91.416 2.96365 519
90.0079 2.94652 516
89.1283 2.94652 516
88.2486 2.94652 516
87.0304 2.9351 514
85.4837 2.91225 510
84.6142 2.91225 510
80.0229 2.87228 503
79.1654 2.87228 503
78.3079 2.87228 503
77.4505 2.87228 503
76.4407 2.86657 502
75.5849 2.86657 502
74.7291 2.86657 502
73.7262 2.86086 501
72.8721 2.86086 501
72.018 2.86086 501
71.0219 2.85515 500
70.0292 2.84944 499
69.0399 2.84373 498
68.1909 2.84373 498
67.342 2.84373 498
66.493 2.84373 498
65.644 2.84373 498
64.7951 2.84373 498
63.9461 2.84373 498
62.9704 2.83802 497
61.9982 2.83231 496
61.1526 2.83231 496
60.3071 2.83231 496
59.3416 2.8266 495
58.3796 2.82089 494
57.5375 2.82089 494
56.6953 2.82089 494
55.7401 2.81518 493
54.7883 2.80947 492
53.8399 2.80376 491
53.0029 2.80376 491
52.1659 2.80376 491
45.7994 2.72381 477
44.9863 2.72381 477
44.1731 2.72381 477
43.2691 2.7181 476
42.3684 2.71239 475
41.4712 2.70668 474
40.6631 2.70668 474
39.8551 2.70668 474
38.9646 2.70097 473
38.1583 2.70097 473
37.3519 2.70097 473
36.5456 2.70097 473
35.7392 2.70097 473
34.9329 2.70097 473
34.1265 2.70097 473
33.3202 2.70097 473
32.4451 2.69526 472
31.5064 2.68384 470
30.4439 2.661 466
29.6494 2.661 466
28.5454 2.63245 461
27.5789 2.61532 458
26.7396 2.60961 457
25.9037 2.6039 456
25.1264 2.6039 456
24.349 2.6039 456
23.5716 2.6039 456
22.7943 2.6039 456
22.0169 2.6039 456
21.193 2.59819 455
20.4173 2.59819 455
19.6416 2.59819 455
18.866 2.59819 455
18.0903 2.59819 455
17.3147 2.59819 455
16.539 2.59819 455
15.7633 2.59819 455
14.9877 2.59819 455
169.6 2.29841 574
168.622 2.29841 574
167.643 2.29841 574
166.665 2.29841 574
165.686 2.29841 574
164.708 2.29841 574
163.729 2.29841 574
162.751 2.29841 574
161.772 2.29841 574
160.794 2.29841 574
159.815 2.29841 574
158.837 2.29841 574
157.858 2.29841 574
156.606 2.29441 573
155.358 2.2904 572
154.383 2.2904 572
153.408 2.2904 572
152.433 2.2904 572
151.457 2.2904 572
150.219 2.2864 571
149.246 2.2864 571
147.753 2.27839 569
146.267 2.27038 567
145.044 2.26638 566
143.825 2.26237 565
142.862 2.26237 565
141.898 2.26237 565
140.686 2.25837 564
139.477 2.25436 563
138.517 2.25436 563
137.068 2.24636 561
135.869 2.24235 560
134.433 2.23434 558
133.482 2.23434 558
132.293 2.23034 557
130.872 2.22233 555
129.692 2.21833 554
128.747 2.21833 554
127.572 2.21432 553
126.629 2.21432 553
125.687 2.21432 553
124.744 2.21432 553
123.801 2.21432 553
122.636 2.21032 552
121.695 2.21032 552
120.754 2.21032 552
119.596 2.20631 551
118.441 2.20231 550
116.863 2.1903 547
115.506 2.18229 545
114.577 2.18229 545
113.023 2.17028 542
111.478 2.15826 539
110.354 2.15426 538
109.437 2.15426 538
107.713 2.13824 534
106.403 2.13023 532
105.298 2.12623 531
104.196 2.12223 530
103.292 2.12223 530
102.002 2.11422 528
100.911 2.11021 527
99.8226 2.10621 526
98.9259 2.10621 526
97.6564 2.0982 524
96.3938 2.09019 522
95.138 2.08218 520
94.0703 2.07818 519
93.1855 2.07818 519
92.1229 2.07418 518
91.0637 2.07017 517
90.0079 2.06617 516
89.1283 2.06617 516
88.2486 2.06617 516
87.0304 2.05816 514
85.4837 2.04214 510
84.6142 2.04214 510
83.4164 2.03413 508
82.3879 2.03013 507
81.202 2.02212 505
80.3411 2.02212 505
79.4802 2.02212 505
78.3079 2.01411 503
77.4505 2.01411 503
76.4407 2.01011 502
75.5849 2.01011 502
74.7291 2.01011 502
73.7262 2.0061 501
72.8721 2.0061 501
72.018 2.0061 501
71.0219 2.0021 500
70.0292 1.9981 499
69.0399 1.99409 498
68.1909 1.99409 498
67.342 1.99409 498
66.493 1.99409 498
65.644 1.99409 498
64.7951 1.99409 498
63.9461 1.99409 498
62.9704 1.99009 497
61.9982 1.98608 496
61.1526 1.98608 496
60.1855 1.98208 495
59.2218 1.97807 494
58.3796 1.97807 494
56.351 1.96606 491
55.514 1.96606 491
54.677 1.96606 491
53.8399 1.96606 491
53.0029 1.96606 491
51.7409 1.95005 487
45.7034 1.906 476
44.892 1.906 476
44.0805 1.906 476
43.1782 1.90199 475
42.2792 1.89799 474
41.4712 1.89799 474
40.6631 1.89799 474
39.8551 1.89799 474
38.9646 1.89399 473
38.1583 1.89399 473
37.3519 1.89399 473
36.5456 1.89399 473
35.7392 1.89399 473
34.859 1.88998 472
34.0544 1.88998 472
33.2498 1.88998 472
32.4451 1.88998 472
31.5064 1.88197 470
30.4439 1.86596 466
29.6494 1.86596 466
28.4216 1.83793 459
27.5187 1.82992 457
26.6811 1.82591 456
25.9037 1.82591 456
25.1264 1.82591 456
24.349 1.82591 456
23.5199 1.82191 455
22.7443 1.82191 455
21.9686 1.82191 455
21.193 1.82191 455
20.4173 1.82191 455
19.6416 1.82191 455
18.866 1.82191 455
18.0903 1.82191 455
17.3147 1.82191 455
16.539 1.82191 455
15.7633 1.82191 455
170.579 1.31911 574
169.6 1.31911 574
168.622 1.31911 574
167.643 1.31911 574
166.665 1.31911 574
165.686 1.31911 574
164.708 1.31911 574
163.729 1.31911 574
162.751 1.31911 574
161.772 1.31911 574
160.794 1.31911 574
159.815 1.31911 574
158.837 1.31911 574
157.858 1.31911 574
156.606 1.31681 573
155.358 1.31451 572
154.383 1.31451 572
153.408 1.31451 572
152.433 1.31451 572
150.928 1.30991 570
149.43 1.30532 568
148.462 1.30532 568
147.234 1.30302 567
146.009 1.30072 566
144.788 1.29842 565
143.825 1.29842 565
142.862 1.29842 565
141.647 1.29613 564
140.436 1.29383 563
139.229 1.29153 562
138.271 1.29153 562
136.824 1.28693 560
135.627 1.28464 559
134.192 1.28004 557
133.242 1.28004 557
132.055 1.27774 556
130.636 1.27315 554
129.692 1.27315 554
128.747 1.27315 554
127.572 1.27085 553
126.629 1.27085 553
125.459 1.26855 552
124.518 1.26855 552
123.577 1.26855 552
122.636 1.26855 552
121.475 1.26625 551
120.535 1.26625 551
119.379 1.26395 550
118.226 1.26165 549
116.436 1.25246 545
115.083 1.24787 543
114.157 1.24787 543
112.814 1.24327 541
111.271 1.23638 538
110.149 1.23408 537
109.234 1.23408 537
107.31 1.22259 532
106.203 1.22029 531
105.099 1.21799 530
103.999 1.21569 529
103.097 1.21569 529
101.616 1.2088 526
100.719 1.2088 526
99.2532 1.2019 523
98.3617 1.2019 523
97.2837 1.19961 522
96.2092 1.19731 521
94.7721 1.19041 518
93.8891 1.19041 518
93.006 1.19041 518
91.9451 1.18812 517
90.8876 1.18582 516
89.8335 1.18352 515
88.9556 1.18352 515
87.7356 1.17892 513
86.5224 1.17433 511
85.4837 1.17203 510
84.6142 1.17203 510
83.4164 1.16743 508
82.3879 1.16513 507
81.202 1.16054 505
80.3411 1.16054 505
79.4802 1.16054 505
78.3079 1.15594 503
77.2965 1.15364 502
76.4407 1.15364 502
75.5849 1.15364 502
74.7291 1.15364 502
73.7262 1.15135 501
72.8721 1.15135 501
72.018 1.15135 501
71.0219 1.14905 500
69.8889 1.14445 498
69.0399 1.14445 498
68.1909 1.14445 498
67.342 1.14445 498
66.493 1.14445 498
65.5122 1.14215 497
64.665 1.14215 497
63.8177 1.14215 497
62.9704 1.14215 497
61.9982 1.13986 496
61.1526 1.13986 496
60.1855 1.13756 495
59.2218 1.13526 494
58.3796 1.13526 494
56.8386 1.12147 488
56.351 1.12837 491
55.514 1.12837 491
54.677 1.12837 491
53.8399 1.12837 491
53.0029 1.12837 491
51.7409 1.11917 487
45.7034 1.09389 476
44.892 1.09389 476
44.0805 1.09389 476
43.1782 1.0916 475
42.2792 1.0893 474
41.4712 1.0893 474
40.6631 1.0893 474
39.8551 1.0893 474
38.9646 1.087 473
33.9823 1.0824 471
33.1793 1.0824 471
32.3764 1.0824 471
31.2383 1.07091 466
29.9865 1.05483 459
29.0132 1.04793 456
28.2358 1.04793 456
27.4585 1.04793 456
26.6226 1.04563 455
25.8469 1.04563 455
25.0713 1.04563 455
24.2956 1.04563 455
23.5199 1.04563 455
22.7443 1.04563 455
21.9686 1.04563 455
21.193 1.04563 455
20.4173 1.04563 455
19.6416 1.04563 455
18.866 1.04563 455
18.0903 1.04563 455
17.3147 1.04563 455
170.579 0.339803 574
169.6 0.339803 574
168.622 0.339803 574
167.643 0.339803 574
166.665 0.339803 574
165.686 0.339803 574
164.708 0.339803 574
163.729 0.339803 574
162.467 0.339211 573
161.49 0.339211 573
160.514 0.339211 573
159.537 0.339211 573
158.283 0.33862 572
157.308 0.33862 572
156.333 0.33862 572
155.086 0.338028 571
153.843 0.337436 570
152.871 0.337436 570
151.9 0.337436 570
150.928 0.337436 570
149.43 0.336252 568
148.462 0.336252 568
147.234 0.33566 567
146.009 0.335068 566
144.788 0.334476 565
143.825 0.334476 565
142.862 0.334476 565
141.647 0.333884 564
140.436 0.333292 563
139.229 0.3327 562
138.271 0.3327 562
136.824 0.331516 560
135.627 0.330924 559
134.192 0.32974 557
133.242 0.32974 557
132.055 0.329148 556
130.636 0.327964 554
129.692 0.327964 554
128.747 0.327964 554
127.572 0.327372 553
126.629 0.327372 553
125.459 0.32678 552
124.518 0.32678 552
123.577 0.32678 552
122.636 0.32678 552
121.475 0.326188 551
120.535 0.326188 551
119.379 0.325596 550
118.011 0.324412 548
116.222 0.322044 544
114.871 0.32086 542
113.947 0.32086 542
112.814 0.320268 541
111.271 0.318492 538
110.149 0.3179 537
109.234 0.3179 537
107.511 0.315532 533
106.203 0.314348 531
105.298 0.314348 531
103.999 0.313164 529
103.097 0.313164 529
101.616 0.311388 526
100.145 0.309612 523
99.0635 0.30902 522
98.1736 0.30902 522
97.0973 0.308428 521
95.6552 0.306652 518
94.7721 0.306652 518
93.7078 0.30606 517
92.8265 0.30606 517
91.9451 0.30606 517
90.7115 0.304876 515
89.4847 0.303692 513
88.6101 0.303692 513
87.3935 0.302508 511
86.3531 0.301916 510
85.316 0.301324 509
84.4483 0.301324 509
83.4164 0.300732 508
82.3879 0.30014 507
81.202 0.298956 505
80.3411 0.298956 505
79.4802 0.298956 505
78.3079 0.297772 503
77.2965 0.29718 502
76.2884 0.296588 501
75.4343 0.296588 501
74.5803 0.296588 501
73.7262 0.296588 501
72.8721 0.296588 501
72.018 0.296588 501
71.0219 0.295996 500
69.8889 0.294812 498
69.0399 0.294812 498
68.1909 0.294812 498
67.342 0.294812 498
66.3595 0.29422 497
65.5122 0.29422 497
64.665 0.29422 497
63.8177 0.29422 497
62.717 0.293036 495
61.7482 0.292444 494
60.906 0.292444 494
60.0639 0.292444 494
59.2218 0.292444 494
58.2614 0.291852 493
56.8386 0.288892 488
56.0067 0.288892 488
45.6074 0.281196 475
44.7977 0.281196 475
43.9879 0.281196 475
43.1782 0.281196 475
42.2792 0.280604 474
41.4712 0.280604 474
40.6631 0.280604 474
39.771 0.280012 473
33.9823 0.278828 471
33.1793 0.278828 471
32.3764 0.278828 471
31.2383 0.275868 466
29.9865 0.271724 459
29.0132 0.269948 456
28.2358 0.269948 456
27.4585 0.269948 456
26.6226 0.269356 455
25.8469 0.269356 455
25.0713 0.269356 455
24.2956 0.269356 455
23.5199 0.269356 455
22.7443 0.269356 455
21.9686 0.269356 455
21.193 0.269356 455
20.4173 0.269356 455
19.6416 0.269356 455
18.866 0.269356 455
18.0903 0.269356 455
17.3147 0.269356 455
171.259 -0.638386 573
170.579 -0.6395 574
169.6 -0.6395 574
168.622 -0.6395 574
167.643 -0.6395 574
166.665 -0.6395 574
165.686 -0.6395 574
164.708 -0.6395 574
163.444 -0.638386 573
162.467 -0.638386 573
161.49 -0.638386 573
160.233 -0.637272 572
159.258 -0.637272 572
158.283 -0.637272 572
157.308 -0.637272 572
156.06 -0.636158 571
154.543 -0.633929 569
153.303 -0.632815 568
152.335 -0.632815 568
151.367 -0.632815 568
150.398 -0.632815 568
149.167 -0.631701 567
148.2 -0.631701 567
146.974 -0.630587 566
145.751 -0.629473 565
144.788 -0.629473 565
143.57 -0.628359 564
142.609 -0.628359 564
141.647 -0.628359 564
140.187 -0.626131 562
138.981 -0.625017 561
138.025 -0.625017 561
136.58 -0.622788 559
135.384 -0.621674 558
134.192 -0.62056 557
133.242 -0.62056 557
132.055 -0.619446 556
130.636 -0.617218 554
129.457 -0.616104 553
128.515 -0.616104 553
127.572 -0.616104 553
126.4 -0.61499 552
125.459 -0.61499 552
124.518 -0.61499 552
123.577 -0.61499 552
122.414 -0.613875 551
121.475 -0.613875 551
120.535 -0.613875 551
119.379 -0.612761 550
118.011 -0.610533 548
116.222 -0.606077 544
114.871 -0.603848 542
113.947 -0.603848 542
112.814 -0.602734 541
111.271 -0.599392 538
110.149 -0.598278 537
109.234 -0.598278 537
107.713 -0.594936 534
106.203 -0.591593 531
105.298 -0.591593 531
103.999 -0.589365 529
103.097 -0.589365 529
101.616 -0.586023 526
100.145 -0.58268 523
99.0635 -0.581566 522
98.1736 -0.581566 522
97.0973 -0.580452 521
95.6552 -0.57711 518
94.7721 -0.57711 518
93.7078 -0.575996 517
92.8265 -0.575996 517
91.9451 -0.575996 517
90.7115 -0.573767 515
89.4847 -0.571539 513
88.6101 -0.571539 513
87.2225 -0.568197 510
86.1838 -0.567083 509
85.1484 -0.565969 508
84.1165 -0.564855 507
83.2522 -0.564855 507
82.2254 -0.56374 506
81.202 -0.562626 505
80.182 -0.561512 504
79.3228 -0.561512 504
78.1523 -0.559284 502
77.1425 -0.55817 501
76.2884 -0.55817 501
75.4343 -0.55817 501
74.5803 -0.55817 501
73.7262 -0.55817 501
72.8721 -0.55817 501
72.018 -0.55817 501
71.0219 -0.557056 500
69.8889 -0.554828 498
69.0399 -0.554828 498
68.1909 -0.554828 498
67.2067 -0.553713 497
66.3595 -0.553713 497
65.3804 -0.552599 496
64.5348 -0.552599 496
63.4325 -0.550371 494
62.5903 -0.550371 494
61.4982 -0.548143 492
60.6595 -0.548143 492
59.8207 -0.548143 492
58.982 -0.548143 492
58.1433 -0.548143 492
56.8386 -0.543686 488
56.0067 -0.543686 488
45.6074 -0.529203 475
44.7977 -0.529203 475
43.9879 -0.529203 475
43.0873 -0.528089 474
42.2792 -0.528089 474
41.3837 -0.526975 473
40.5773 -0.526975 473
39.6028 -0.524747 471
32.0522 -0.506921 455
31.2765 -0.506921 455
30.5009 -0.506921 455
29.7252 -0.506921 455
28.9496 -0.506921 455
28.1739 -0.506921 455
27.3982 -0.506921 455
26.6226 -0.506921 455
25.8469 -0.506921 455
25.0713 -0.506921 455
24.2956 -0.506921 455
23.5199 -0.506921 455
22.7443 -0.506921 455
21.9686 -0.506921 455
21.1464 -0.505807 454
20.3724 -0.505807 454
19.5985 -0.505807 454
18.8245 -0.505807 454
172.91 -1.61316 572
171.935 -1.61316 572
171.259 -1.61598 573
170.579 -1.6188 574
169.6 -1.6188 574
168.622 -1.6188 574
167.643 -1.6188 574
166.665 -1.6188 574
165.686 -1.6188 574
164.421 -1.61598 573
163.444 -1.61598 573
162.184 -1.61316 572
161.209 -1.61316 572
160.233 -1.61316 572
158.98 -1.61034 571
157.73 -1.60752 570
156.758 -1.60752 570
155.513 -1.6047 569
154.271 -1.60188 568
153.303 -1.60188 568
152.335 -1.60188 568
151.1 -1.59906 567
150.133 -1.59906 567
148.904 -1.59624 566
147.939 -1.59624 566
146.974 -1.59624 566
145.751 -1.59342 565
144.788 -1.59342 565
143.825 -1.59342 565
142.609 -1.5906 564
141.396 -1.58778 563
140.187 -1.58496 562
138.733 -1.57932 560
137.779 -1.57932 560
136.58 -1.5765 559
135.142 -1.57086 557
133.951 -1.56804 556
133.003 -1.56804 556
131.818 -1.56522 555
130.636 -1.5624 554
129.457 -1.55958 553
128.515 -1.55958 553
127.341 -1.55676 552
126.4 -1.55676 552
125.232 -1.55394 551
124.293 -1.55394 551
123.353 -1.55394 551
122.414 -1.55394 551
121.254 -1.55112 550
120.317 -1.55112 550
119.162 -1.5483 549
117.795 -1.54266 547
116.222 -1.5342 544
114.871 -1.52856 542
113.947 -1.52856 542
112.814 -1.52574 541
111.271 -1.51728 538
109.944 -1.51164 536
109.03 -1.51164 536
107.713 -1.50599 534
106.203 -1.49753 531
105.298 -1.49753 531
103.999 -1.49189 529
103.097 -1.49189 529
101.616 -1.48343 526
99.9533 -1.47215 522
99.0635 -1.47215 522
98.1736 -1.47215 522
96.911 -1.46651 520
95.6552 -1.46087 518
94.7721 -1.46087 518
93.7078 -1.45805 517
92.8265 -1.45805 517
91.7673 -1.45523 516
90.5353 -1.44959 514
89.3102 -1.44395 512
88.4374 -1.44395 512
87.2225 -1.43831 510
86.1838 -1.43549 509
85.1484 -1.43267 508
84.1165 -1.42985 507
83.2522 -1.42985 507
82.2254 -1.42703 506
81.202 -1.42421 505
80.182 -1.42139 504
79.3228 -1.42139 504
78.1523 -1.41575 502
77.1425 -1.41293 501
76.2884 -1.41293 501
75.4343 -1.41293 501
74.5803 -1.41293 501
73.7262 -1.41293 501
72.8721 -1.41293 501
72.018 -1.41293 501
71.0219 -1.41011 500
69.8889 -1.40447 498
69.0399 -1.40447 498
68.1909 -1.40447 498
67.2067 -1.40165 497
66.3595 -1.40165 497
65.3804 -1.39883 496
64.5348 -1.39883 496
63.4325 -1.39319 494
62.5903 -1.39319 494
61.3732 -1.38473 491
60.4129 -1.38191 490
59.5776 -1.38191 490
58.7422 -1.38191 490
57.7887 -1.37909 489
56.8386 -1.37627 488
56.0067 -1.37627 488
55.1748 -1.37627 488
45.5114 -1.33678 474
44.7034 -1.33678 474
43.8953 -1.33678 474
43.0873 -1.33678 474
42.19 -1.33396 473
41.3837 -1.33396 473
40.5773 -1.33396 473
39.6028 -1.32832 471
32.0522 -1.2832 455
31.3453 -1.28602 456
30.5679 -1.28602 456
29.7906 -1.28602 456
29.0132 -1.28602 456
28.2358 -1.28602 456
27.4585 -1.28602 456
26.6226 -1.2832 455
25.8469 -1.2832 455
25.0713 -1.2832 455
24.2956 -1.2832 455
23.4682 -1.28038 454
22.6943 -1.28038 454
21.9203 -1.28038 454
21.1464 -1.28038 454
20.3276 -1.27756 453
172.669 -2.57095 568
172.91 -2.58905 572
171.935 -2.58905 572
171.259 -2.59358 573
170.579 -2.59811 574
169.6 -2.59811 574
168.622 -2.59811 574
167.643 -2.59811 574
166.665 -2.59811 574
165.686 -2.59811 574
164.421 -2.59358 573
163.444 -2.59358 573
162.184 -2.58905 572
161.209 -2.58905 572
160.233 -2.58905 572
158.98 -2.58453 571
157.73 -2.58 570
156.758 -2.58 570
155.513 -2.57548 569
154.271 -2.57095 568
153.303 -2.57095 568
152.335 -2.57095 568
151.1 -2.56642 567
150.133 -2.56642 567
148.904 -2.5619 566
147.939 -2.5619 566
146.974 -2.5619 566
145.751 -2.55737 565
144.788 -2.55737 565
143.825 -2.55737 565
142.609 -2.55284 564
141.396 -2.54832 563
140.187 -2.54379 562
138.981 -2.53926 561
138.025 -2.53926 561
136.58 -2.53021 559
134.899 -2.51663 556
133.71 -2.51211 555
132.764 -2.51211 555
131.58 -2.50758 554
130.4 -2.50305 553
129.223 -2.49853 552
128.282 -2.49853 552
127.341 -2.49853 552
126.171 -2.494 551
125.232 -2.494 551
124.293 -2.494 551
123.353 -2.494 551
122.192 -2.48948 550
121.034 -2.48495 549
120.098 -2.48495 549
119.162 -2.48495 549
117.795 -2.4759 547
116.222 -2.46232 544
114.871 -2.45326 542
113.947 -2.45326 542
112.814 -2.44874 541
111.271 -2.43516 538
109.944 -2.42611 536
109.03 -2.42611 536
107.713 -2.41705 534
106.403 -2.408 532
105.298 -2.40348 531
103.999 -2.39442 529
103.097 -2.39442 529
101.423 -2.37632 525
99.9533 -2.36274 522
98.8737 -2.35821 521
97.9855 -2.35821 521
96.911 -2.35369 520
95.6552 -2.34463 518
94.5892 -2.34011 517
93.5266 -2.33558 516
92.6469 -2.33558 516
91.4116 -2.32653 514
90.183 -2.31748 512
89.1358 -2.31295 511
88.2647 -2.31295 511
87.2225 -2.30842 510
86.0145 -2.29937 508
84.9808 -2.29484 507
83.9506 -2.29032 506
83.088 -2.29032 506
81.9004 -2.28126 504
80.8804 -2.27674 503
79.8638 -2.27221 502
79.008 -2.27221 502
77.9966 -2.26769 501
77.1425 -2.26769 501
76.1361 -2.26316 500
75.2838 -2.26316 500
74.2825 -2.25863 499
73.579 -2.26316 500
72.7267 -2.26316 500
71.8743 -2.26316 500
70.5958 -2.24958 497
69.7485 -2.24958 497
68.9013 -2.24958 497
68.054 -2.24958 497
67.0715 -2.24505 496
65.9589 -2.236 494
64.7213 -2.22242 491
63.8843 -2.22242 491
63.0473 -2.22242 491
62.2102 -2.22242 491
61.3732 -2.22242 491
60.4129 -2.2179 490
59.5776 -2.2179 490
58.7422 -2.2179 490
57.7887 -2.21337 489
56.8386 -2.20884 488
56.0067 -2.20884 488
55.1748 -2.20884 488
45.5114 -2.14548 474
44.7034 -2.14548 474
43.8953 -2.14548 474
43.0873 -2.14548 474
42.19 -2.14095 473
41.3837 -2.14095 473
40.5773 -2.14095 473
39.6028 -2.1319 471
32.0522 -2.05947 455
31.3453 -2.064 456
30.5679 -2.064 456
29.7906 -2.064 456
29.0132 -2.064 456
28.2358 -2.064 456
27.4585 -2.064 456
26.6226 -2.05947 455
25.8469 -2.05947 455
25.0713 -2.05947 455
24.2422 -2.05495 454
23.4682 -2.05495 454
22.6443 -2.05042 453
21.8721 -2.05042 453
21.0998 -2.05042 453
20.2827 -2.0459 452
172.669 -3.54002 568
172.91 -3.56495 572
171.935 -3.56495 572
171.259 -3.57118 573
170.282 -3.57118 573
169.305 -3.57118 573
168.328 -3.57118 573
167.351 -3.57118 573
166.374 -3.57118 573
165.398 -3.57118 573
164.421 -3.57118 573
163.159 -3.56495 572
162.184 -3.56495 572
161.209 -3.56495 572
159.953 -3.55871 571
158.701 -3.55248 570
157.73 -3.55248 570
156.758 -3.55248 570
155.24 -3.54002 568
154.271 -3.54002 568
153.033 -3.53378 567
152.067 -3.53378 567
151.1 -3.53378 567
150.133 -3.53378 567
148.904 -3.52755 566
147.939 -3.52755 566
146.974 -3.52755 566
145.751 -3.52132 565
144.788 -3.52132 565
143.825 -3.52132 565
142.609 -3.51509 564
141.647 -3.51509 564
140.187 -3.50262 562
138.981 -3.49639 561
138.025 -3.49639 561
136.58 -3.48392 559
134.899 -3.46523 556
133.71 -3.45899 555
132.764 -3.45899 555
131.58 -3.45276 554
130.4 -3.44653 553
129.223 -3.4403 552
128.282 -3.4403 552
127.341 -3.4403 552
126.171 -3.43406 551
125.232 -3.43406 551
124.293 -3.43406 551
123.353 -3.43406 551
122.192 -3.42783 550
121.034 -3.4216 549
120.098 -3.4216 549
118.945 -3.41537 548
117.58 -3.4029 546
116.008 -3.38421 543
114.871 -3.37797 542
113.947 -3.37797 542
112.814 -3.37174 541
111.271 -3.35304 538
109.944 -3.34058 536
109.03 -3.34058 536
107.713 -3.32811 534
106.403 -3.31565 532
105.496 -3.31565 532
103.999 -3.29695 529
103.097 -3.29695 529
101.423 -3.27202 525
99.9533 -3.25332 522
98.6839 -3.24086 520
97.6094 -3.23463 519
96.7246 -3.23463 519
95.6552 -3.22839 518
94.4062 -3.21593 516
93.3453 -3.2097 515
92.4674 -3.2097 515
91.2337 -3.19723 513
90.0069 -3.18477 511
88.9613 -3.17854 510
88.0919 -3.17854 510
86.8805 -3.16607 508
85.8451 -3.15984 507
84.8132 -3.15361 506
83.6188 -3.14114 504
82.7596 -3.14114 504
81.7379 -3.13491 503
80.7196 -3.12868 502
79.7047 -3.12244 501
78.8507 -3.12244 501
77.9966 -3.12244 501
76.9885 -3.11621 500
75.9839 -3.10998 499
75.1332 -3.10998 499
74.1337 -3.10375 498
73.1376 -3.09751 497
72.1448 -3.09128 496
71.2993 -3.09128 496
70.1696 -3.07882 494
69.1872 -3.07258 493
68.2081 -3.06635 492
67.3693 -3.06635 492
66.5306 -3.06635 492
65.5583 -3.06012 491
64.7213 -3.06012 491
63.8843 -3.06012 491
63.0473 -3.06012 491
62.0835 -3.05389 490
61.1232 -3.04765 489
60.2896 -3.04765 489
59.456 -3.04765 489
58.6223 -3.04765 489
57.6705 -3.04142 488
56.8386 -3.04142 488
56.0067 -3.04142 488
55.1748 -3.04142 488
45.3194 -2.9417 472
44.5147 -2.9417 472
43.7101 -2.9417 472
42.9055 -2.9417 472
42.0116 -2.93547 471
41.2087 -2.93547 471
40.4057 -2.93547 471
32.0522 -2.83575 455
31.3453 -2.84198 456
30.5679 -2.84198 456
29.7906 -2.84198 456
29.0132 -2.84198 456
28.2358 -2.84198 456
27.4585 -2.84198 456
26.6226 -2.83575 455
25.8469 -2.83575 455
25.0713 -2.83575 455
24.2422 -2.82952 454
23.4682 -2.82952 454
22.6443 -2.82329 453
21.8721 -2.82329 453
21.0998 -2.82329 453
20.2827 -2.81705 452
174.956 -4.49321 566
173.991 -4.49321 566
173.026 -4.49321 566
172.669 -4.50908 568
172.305 -4.52496 570
171.334 -4.52496 570
170.661 -4.5329 571
169.985 -4.54084 572
169.009 -4.54084 572
168.034 -4.54084 572
167.351 -4.54878 573
166.374 -4.54878 573
165.398 -4.54878 573
164.134 -4.54084 572
162.874 -4.5329 571
161.9 -4.5329 571
160.927 -4.5329 571
159.673 -4.52496 570
158.423 -4.51702 569
157.453 -4.51702 569
156.483 -4.51702 569
155.24 -4.50908 568
154 -4.50114 567
153.033 -4.50114 567
152.067 -4.50114 567
150.834 -4.49321 566
149.869 -4.49321 566
148.904 -4.49321 566
147.939 -4.49321 566
146.974 -4.49321 566
145.751 -4.48527 565
144.788 -4.48527 565
143.825 -4.48527 565
142.609 -4.47733 564
141.647 -4.47733 564
140.187 -4.46145 562
138.981 -4.45351 561
138.025 -4.45351 561
136.58 -4.43764 559
134.899 -4.41382 556
133.71 -4.40588 555
132.764 -4.40588 555
131.58 -4.39794 554
130.4 -4.39001 553
129.223 -4.38207 552
128.282 -4.38207 552
127.341 -4.38207 552
126.171 -4.37413 551
125.232 -4.37413 551
124.293 -4.37413 551
123.129 -4.36619 550
122.192 -4.36619 550
121.034 -4.35825 549
120.098 -4.35825 549
118.945 -4.35031 548
117.58 -4.33444 546
116.008 -4.31062 543
115.083 -4.31062 543
114.157 -4.31062 543
113.023 -4.30268 542
111.892 -4.29474 541
109.944 -4.25505 536
109.03 -4.25505 536
107.713 -4.23917 534
106.403 -4.2233 532
105.496 -4.2233 532
103.999 -4.19948 529
103.097 -4.19948 529
101.423 -4.16773 525
99.9533 -4.14391 522
98.6839 -4.12803 520
97.6094 -4.12009 519
96.7246 -4.12009 519
95.6552 -4.11216 518
94.4062 -4.09628 516
93.3453 -4.08834 515
92.4674 -4.08834 515
91.2337 -4.07246 513
90.0069 -4.05659 511
88.9613 -4.04865 510
88.0919 -4.04865 510
86.8805 -4.03277 508
85.8451 -4.02483 507
84.8132 -4.01689 506
83.9506 -4.01689 506
82.7596 -4.00102 504
81.7379 -3.99308 503
80.7196 -3.98514 502
79.7047 -3.9772 501
78.8507 -3.9772 501
77.8409 -3.96926 500
76.8345 -3.96132 499
75.9839 -3.96132 499
75.1332 -3.96132 499
73.9848 -3.94545 497
73.1376 -3.94545 497
71.9994 -3.92957 495
71.1555 -3.92957 495
70.0276 -3.91369 493
69.0468 -3.90575 492
68.0694 -3.89782 491
67.2324 -3.89782 491
66.3954 -3.89782 491
65.5583 -3.89782 491
64.5895 -3.88988 490
63.7542 -3.88988 490
62.9189 -3.88988 490
61.9568 -3.88194 489
61.1232 -3.88194 489
60.2896 -3.88194 489
59.456 -3.88194 489
58.6223 -3.88194 489
57.6705 -3.874 488
56.8386 -3.874 488
56.0067 -3.874 488
55.1748 -3.874 488
45.2234 -3.73905 471
44.4204 -3.73905 471
43.6175 -3.73905 471
42.8145 -3.73905 471
42.0116 -3.73905 471
26.6226 -3.61203 455
25.8469 -3.61203 455
25.0713 -3.61203 455
24.2422 -3.60409 454
23.4682 -3.60409 454
22.6443 -3.59615 453
21.8721 -3.59615 453
21.0532 -3.58821 452
20.2378 -3.58028 451
174.956 -5.45886 566
173.991 -5.45886 566
173.026 -5.45886 566
172.365 -5.4685 567
171.701 -5.47815 568
170.732 -5.47815 568
170.362 -5.49744 570
169.39 -5.49744 570
168.714 -5.50708 571
167.741 -5.50708 571
166.767 -5.50708 571
165.794 -5.50708 571
164.82 -5.50708 571
163.847 -5.50708 571
162.588 -5.49744 570
161.333 -5.48779 569
160.363 -5.48779 569
159.393 -5.48779 569
158.145 -5.47815 568
157.176 -5.47815 568
156.208 -5.47815 568
154.966 -5.4685 567
153.728 -5.45886 566
152.763 -5.45886 566
151.798 -5.45886 566
150.834 -5.45886 566
149.869 -5.45886 566
148.904 -5.45886 566
147.939 -5.45886 566
146.714 -5.44922 565
145.751 -5.44922 565
144.788 -5.44922 565
143.825 -5.44922 565
142.609 -5.43957 564
141.647 -5.43957 564
140.187 -5.42028 562
138.981 -5.41064 561
138.025 -5.41064 561
136.58 -5.39135 559
134.899 -5.36241 556
133.71 -5.35277 555
132.764 -5.35277 555
131.58 -5.34312 554
130.4 -5.33348 553
129.223 -5.32384 552
128.282 -5.32384 552
127.341 -5.32384 552
126.171 -5.31419 551
125.005 -5.30455 550
124.067 -5.30455 550
123.129 -5.30455 550
121.97 -5.2949 549
121.034 -5.2949 549
120.098 -5.2949 549
118.945 -5.28526 548
117.58 -5.26597 546
116.008 -5.23703 543
115.083 -5.23703 543
114.157 -5.23703 543
113.023 -5.22739 542
111.892 -5.21774 541
109.944 -5.16952 536
109.03 -5.16952 536
107.713 -5.15023 534
106.403 -5.13094 532
105.496 -5.13094 532
103.999 -5.10201 529
103.097 -5.10201 529
100.65 -5.02485 521
99.7619 -5.02485 521
98.4941 -5.00556 519
97.4213 -4.99592 518
96.5382 -4.99592 518
95.2859 -4.97663 516
94.2232 -4.96698 515
92.9828 -4.9477 513
92.1083 -4.9477 513
90.878 -4.92841 511
89.8308 -4.91876 510
88.7869 -4.90912 509
87.9192 -4.90912 509
86.8805 -4.89947 508
85.8451 -4.88983 507
84.8132 -4.88018 506
83.9506 -4.88018 506
82.7596 -4.86089 504
81.7379 -4.85125 503
80.7196 -4.8416 502
79.7047 -4.83196 501
78.8507 -4.83196 501
77.8409 -4.82231 500
76.8345 -4.81267 499
75.9839 -4.81267 499
75.1332 -4.81267 499
73.9848 -4.79338 497
73.1376 -4.79338 497
71.9994 -4.77409 495
71.1555 -4.77409 495
70.0276 -4.7548 493
69.0468 -4.74516 492
68.0694 -4.73551 491
67.2324 -4.73551 491
66.3954 -4.73551 491
65.5583 -4.73551 491
64.5895 -4.72587 490
63.7542 -4.72587 490
62.9189 -4.72587 490
61.9568 -4.71622 489
61.1232 -4.71622 489
60.1663 -4.70658 488
59.3344 -4.70658 488
58.5025 -4.70658 488
57.6705 -4.70658 488
56.8386 -4.70658 488
56.0067 -4.70658 488
25.7901 -4.37866 454
25.0162 -4.37866 454
24.2422 -4.37866 454
23.4682 -4.37866 454
22.6443 -4.36902 453
21.8721 -4.36902 453
174.956 -6.42451 566
173.991 -6.42451 566
173.026 -6.42451 566
172.365 -6.43587 567
171.701 -6.44722 568
170.732 -6.44722 568
170.362 -6.46992 570
169.39 -6.46992 570
168.714 -6.48127 571
167.741 -6.48127 571
166.767 -6.48127 571
165.794 -6.48127 571
164.82 -6.48127 571
163.847 -6.48127 571
162.588 -6.46992 570
161.333 -6.45857 569
160.363 -6.45857 569
159.393 -6.45857 569
158.145 -6.44722 568
157.176 -6.44722 568
156.208 -6.44722 568
154.966 -6.43587 567
153.728 -6.42451 566
152.763 -6.42451 566
151.798 -6.42451 566
150.834 -6.42451 566
149.869 -6.42451 566
148.641 -6.41316 565
147.678 -6.41316 565
146.714 -6.41316 565
145.751 -6.41316 565
144.532 -6.40181 564
143.57 -6.40181 564
142.609 -6.40181 564
141.647 -6.40181 564
140.187 -6.37911 562
139.229 -6.37911 562
138.025 -6.36776 561
136.335 -6.33371 558
134.899 -6.31101 556
133.71 -6.29966 555
132.764 -6.29966 555
131.58 -6.28831 554
130.4 -6.27696 553
129.223 -6.2656 552
128.282 -6.2656 552
127.341 -6.2656 552
126.171 -6.25425 551
125.005 -6.2429 550
124.067 -6.2429 550
123.129 -6.2429 550
121.97 -6.23155 549
120.813 -6.2202 548
119.879 -6.2202 548
118.728 -6.20885 547
117.58 -6.1975 546
116.008 -6.16345 543
115.083 -6.16345 543
114.157 -6.16345 543
113.023 -6.1521 542
111.892 -6.14075 541
100.07 -5.87968 518
99.1874 -5.87968 518
98.3044 -5.87968 518
97.2332 -5.86833 517
96.3519 -5.86833 517
95.1012 -5.84563 515
93.8573 -5.82293 513
92.8015 -5.81158 512
91.9287 -5.81158 512
90.7002 -5.78887 510
89.8308 -5.78887 510
88.7869 -5.77752 509
87.9192 -5.77752 509
86.8805 -5.76617 508
85.8451 -5.75482 507
84.8132 -5.74347 506
83.9506 -5.74347 506
82.7596 -5.72077 504
81.5754 -5.69807 502
80.5588 -5.68672 501
79.5456 -5.67537 500
78.6933 -5.67537 500
77.6852 -5.66402 499
76.8345 -5.66402 499
75.8316 -5.65267 498
74.9826 -5.65267 498
73.9848 -5.64131 497
72.8432 -5.61861 495
71.7085 -5.59591 493
70.7243 -5.58456 492
69.8856 -5.58456 492
68.9065 -5.57321 491
68.0694 -5.57321 491
67.0955 -5.56186 490
66.2602 -5.56186 490
65.4248 -5.56186 490
64.5895 -5.56186 490
63.6241 -5.55051 489
62.7904 -5.55051 489
61.9568 -5.55051 489
60.9982 -5.53916 488
60.1663 -5.53916 488
59.3344 -5.53916 488
58.5025 -5.53916 488
57.6705 -5.53916 488
56.8386 -5.53916 488
56.0067 -5.53916 488
25.7901 -5.15323 454
25.0162 -5.15323 454
24.2422 -5.15323 454
23.4682 -5.15323 454
174.956 -7.39017 566
173.991 -7.39017 566
173.026 -7.39017 566
172.365 -7.40323 567
171.398 -7.40323 567
170.432 -7.40323 567
169.465 -7.40323 567
169.093 -7.42934 569
168.123 -7.42934 569
167.153 -7.42934 569
166.183 -7.42934 569
165.213 -7.42934 569
164.243 -7.42934 569
163.273 -7.42934 569
162.303 -7.42934 569
161.05 -7.41628 568
160.081 -7.41628 568
159.113 -7.41628 568
158.145 -7.41628 568
156.9 -7.40323 567
155.933 -7.40323 567
154.693 -7.39017 566
153.728 -7.39017 566
152.763 -7.39017 566
151.798 -7.39017 566
150.567 -7.37711 565
149.604 -7.37711 565
148.641 -7.37711 565
147.678 -7.37711 565
146.714 -7.37711 565
145.751 -7.37711 565
144.532 -7.36406 564
143.57 -7.36406 564
142.609 -7.36406 564
141.647 -7.36406 564
140.187 -7.33794 562
139.229 -7.33794 562
138.025 -7.32489 561
136.335 -7.28572 558
134.899 -7.2596 556
133.71 -7.24654 555
132.764 -7.24654 555
131.58 -7.23349 554
130.4 -7.22043 553
129.223 -7.20737 552
128.282 -7.20737 552
127.341 -7.20737 552
126.171 -7.19432 551
125.005 -7.18126 550
124.067 -7.18126 550
123.129 -7.18126 550
121.97 -7.1682 549
120.813 -7.15515 548
119.879 -7.15515 548
118.728 -7.14209 547
117.58 -7.12903 546
116.008 -7.08986 543
115.083 -7.08986 543
114.157 -7.08986 543
113.023 -7.07681 542
97.735 -6.72427 515
96.8571 -6.72427 515
95.9791 -6.72427 515
94.7319 -6.69816 513
93.6744 -6.6851 512
92.6203 -6.67204 511
91.7492 -6.67204 511
90.7002 -6.65899 510
89.6546 -6.64593 509
88.6125 -6.63287 508
87.7465 -6.63287 508
86.7094 -6.61982 507
85.6758 -6.60676 506
84.6456 -6.5937 505
83.4529 -6.56759 503
82.5954 -6.56759 503
81.5754 -6.55453 502
80.5588 -6.54148 501
79.3866 -6.51536 499
78.5359 -6.51536 499
77.6852 -6.51536 499
76.6806 -6.50231 498
75.6793 -6.48925 497
74.8321 -6.48925 497
73.8359 -6.47619 496
72.6961 -6.45008 494
71.563 -6.42396 492
70.5805 -6.41091 491
69.7435 -6.41091 491
68.9065 -6.41091 491
67.9308 -6.39785 490
67.0955 -6.39785 490
66.2602 -6.39785 490
65.2913 -6.38479 489
64.4577 -6.38479 489
63.6241 -6.38479 489
62.7904 -6.38479 489
61.8301 -6.37174 488
60.9982 -6.37174 488
60.1663 -6.37174 488
59.3344 -6.37174 488
58.3826 -6.35868 487
57.5524 -6.35868 487
25.7901 -5.9278 454
25.0162 -5.9278 454
24.2422 -5.9278 454
23.4682 -5.9278 454
22.4943 -5.87558 450
21.7272 -5.87558 450
174.647 -8.34106 565
173.683 -8.34106 565
173.026 -8.35582 566
172.061 -8.35582 566
171.398 -8.37059 567
170.432 -8.37059 567
169.465 -8.37059 567
168.499 -8.37059 567
167.828 -8.38535 568
166.859 -8.38535 568
166.183 -8.40011 569
165.213 -8.40011 569
164.243 -8.40011 569
162.986 -8.38535 568
162.018 -8.38535 568
161.05 -8.38535 568
160.081 -8.38535 568
159.113 -8.38535 568
157.866 -8.37059 567
156.623 -8.35582 566
155.658 -8.35582 566
154.693 -8.35582 566
153.457 -8.34106 565
152.493 -8.34106 565
151.53 -8.34106 565
150.567 -8.34106 565
149.604 -8.34106 565
148.641 -8.34106 565
147.678 -8.34106 565
146.714 -8.34106 565
145.493 -8.3263 564
144.532 -8.3263 564
143.57 -8.3263 564
142.609 -8.3263 564
141.396 -8.31154 563
140.187 -8.29677 562
139.229 -8.29677 562
137.779 -8.26725 560
136.335 -8.23772 558
134.899 -8.20819 556
133.71 -8.19343 555
132.764 -8.19343 555
131.58 -8.17867 554
130.4 -8.16391 553
129.223 -8.14914 552
128.282 -8.14914 552
127.111 -8.13438 551
126.171 -8.13438 551
125.005 -8.11962 550
124.067 -8.11962 550
122.906 -8.10485 549
121.97 -8.10485 549
120.813 -8.09009 548
119.879 -8.09009 548
118.728 -8.07533 547
117.58 -8.06057 546
116.008 -8.01628 543
115.083 -8.01628 543
114.157 -8.01628 543
113.023 -8.00151 542
97.735 -7.60291 515
96.8571 -7.60291 515
95.9791 -7.60291 515
94.7319 -7.57339 513
93.6744 -7.55863 512
92.6203 -7.54386 511
91.7492 -7.54386 511
90.7002 -7.5291 510
89.6546 -7.51434 509
88.6125 -7.49957 508
87.7465 -7.49957 508
86.7094 -7.48481 507
85.6758 -7.47005 506
84.478 -7.44052 504
83.287 -7.411 502
82.4312 -7.411 502
81.4129 -7.39623 501
80.398 -7.38147 500
79.3866 -7.36671 499
78.5359 -7.36671 499
77.5295 -7.35194 498
76.5266 -7.33718 497
75.5271 -7.32242 496
74.6815 -7.32242 496
73.5382 -7.29289 494
72.4018 -7.26337 492
71.4176 -7.2486 491
70.5805 -7.2486 491
69.7435 -7.2486 491
68.7661 -7.23384 490
67.9308 -7.23384 490
66.9586 -7.21908 489
66.1249 -7.21908 489
65.2913 -7.21908 489
64.4577 -7.21908 489
63.494 -7.20432 488
62.662 -7.20432 488
61.8301 -7.20432 488
60.8732 -7.18955 487
60.043 -7.18955 487
59.2128 -7.18955 487
58.3826 -7.18955 487
57.316 -7.16003 485
25.7901 -6.70237 454
25.0162 -6.70237 454
24.2422 -6.70237 454
23.4682 -6.70237 454
22.4943 -6.64332 450
21.7272 -6.64332 450
174.956 -9.32148 566
173.991 -9.32148 566
173.026 -9.32148 566
172.061 -9.32148 566
171.096 -9.32148 566
170.131 -9.32148 566
169.166 -9.32148 566
168.202 -9.32148 566
167.532 -9.33795 567
166.566 -9.33795 567
165.891 -9.35442 568
164.923 -9.35442 568
163.954 -9.35442 568
162.699 -9.33795 567
161.733 -9.33795 567
160.766 -9.33795 567
159.799 -9.33795 567
158.833 -9.33795 567
157.588 -9.32148 566
156.623 -9.32148 566
155.658 -9.32148 566
154.42 -9.30501 565
153.457 -9.30501 565
152.493 -9.30501 565
151.53 -9.30501 565
150.567 -9.30501 565
149.604 -9.30501 565
148.641 -9.30501 565
147.678 -9.30501 565
146.455 -9.28854 564
145.493 -9.28854 564
144.532 -9.28854 564
143.57 -9.28854 564
142.356 -9.27207 563
141.145 -9.2556 562
139.937 -9.23913 561
138.486 -9.2062 559
137.533 -9.2062 559
136.091 -9.17326 557
134.656 -9.14032 555
133.469 -9.12385 554
132.525 -9.12385 554
131.343 -9.10738 553
130.164 -9.09091 552
129.223 -9.09091 552
128.282 -9.09091 552
127.111 -9.07444 551
126.171 -9.07444 551
124.777 -9.04151 549
123.841 -9.04151 549
122.906 -9.04151 549
121.747 -9.02504 548
120.593 -9.00857 547
119.66 -9.00857 547
118.511 -8.9921 546
117.149 -8.95916 544
116.008 -8.94269 543
114.871 -8.92622 542
113.947 -8.92622 542
113.023 -8.92622 542
96.2929 -8.43215 512
95.42 -8.43215 512
94.5472 -8.43215 512
93.6744 -8.43215 512
92.439 -8.39921 510
91.5696 -8.39921 510
90.3445 -8.36627 508
89.4785 -8.36627 508
88.438 -8.34981 507
87.5737 -8.34981 507
86.5384 -8.33334 506
85.5065 -8.31687 505
84.478 -8.3004 504
83.287 -8.26746 502
82.4312 -8.26746 502
81.4129 -8.25099 501
80.398 -8.23452 500
79.3866 -8.21805 499
78.5359 -8.21805 499
77.5295 -8.20158 498
76.5266 -8.18511 497
75.5271 -8.16865 496
74.6815 -8.16865 496
73.5382 -8.13571 494
72.4018 -8.10277 492
71.4176 -8.0863 491
70.5805 -8.0863 491
69.7435 -8.0863 491
68.7661 -8.06983 490
67.9308 -8.06983 490
66.9586 -8.05336 489
66.1249 -8.05336 489
65.2913 -8.05336 489
64.4577 -8.05336 489
63.494 -8.03689 488
62.662 -8.03689 488
61.8301 -8.03689 488
60.8732 -8.02042 487
60.043 -8.02042 487
59.2128 -8.02042 487
58.1428 -7.98749 485
57.316 -7.98749 485
25.7333 -7.46048 453
24.9611 -7.46048 453
24.1888 -7.46048 453
23.4166 -7.46048 453
22.4943 -7.41107 450
21.7272 -7.41107 450
174.956 -10.2871 566
173.991 -10.2871 566
173.026 -10.2871 566
172.061 -10.2871 566
171.096 -10.2871 566
170.131 -10.2871 566
169.166 -10.2871 566
168.202 -10.2871 566
167.532 -10.3053 567
166.566 -10.3053 567
165.891 -10.3235 568
164.923 -10.3235 568
163.954 -10.3235 568
162.699 -10.3053 567
161.733 -10.3053 567
160.766 -10.3053 567
159.799 -10.3053 567
158.833 -10.3053 567
157.588 -10.2871 566
156.623 -10.2871 566
155.658 -10.2871 566
154.42 -10.269 565
153.457 -10.269 565
152.493 -10.269 565
151.53 -10.269 565
150.567 -10.269 565
149.604 -10.269 565
148.641 -10.269 565
147.678 -10.269 565
146.455 -10.2508 564
145.493 -10.2508 564
144.275 -10.2326 563
143.316 -10.2326 563
142.356 -10.2326 563
141.145 -10.2144 562
139.688 -10.1781 560
138.733 -10.1781 560
137.533 -10.1599 559
135.847 -10.1054 556
134.414 -10.069 554
133.469 -10.069 554
132.525 -10.069 554
131.343 -10.0509 553
130.164 -10.0327 552
128.989 -10.0145 551
128.05 -10.0145 551
127.111 -10.0145 551
125.713 -9.97816 549
124.777 -9.97816 549
123.841 -9.97816 549
122.682 -9.95998 548
121.525 -9.94181 547
120.593 -9.94181 547
119.66 -9.94181 547
118.511 -9.92363 546
117.149 -9.88728 544
116.008 -9.86911 543
114.871 -9.85093 542
113.947 -9.85093 542
113.023 -9.85093 542
96.2929 -9.30568 512
95.42 -9.30568 512
94.5472 -9.30568 512
93.6744 -9.30568 512
92.0765 -9.23298 508
91.2105 -9.23298 508
90.3445 -9.23298 508
89.3024 -9.2148 507
88.2636 -9.19662 506
87.401 -9.19662 506
86.3674 -9.17845 505
85.3372 -9.16027 504
84.1427 -9.12392 502
83.121 -9.10575 501
82.267 -9.10575 501
81.2504 -9.08757 500
80.398 -9.08757 500
79.2275 -9.05122 498
78.3785 -9.05122 498
77.3739 -9.03305 497
76.3726 -9.01487 496
75.3748 -8.9967 495
74.5309 -8.9967 495
73.2405 -8.94217 492
72.2546 -8.924 491
71.4176 -8.924 491
70.4368 -8.90582 490
69.6015 -8.90582 490
68.7661 -8.90582 490
67.7922 -8.88765 489
66.8216 -8.86947 488
65.9897 -8.86947 488
65.1578 -8.86947 488
64.3259 -8.86947 488
63.3638 -8.8513 487
62.5336 -8.8513 487
61.5767 -8.83312 486
60.7482 -8.83312 486
59.7964 -8.81495 485
58.9696 -8.81495 485
58.1428 -8.81495 485
57.316 -8.81495 485
25.6197 -8.19699 451
24.8509 -8.19699 451
24.082 -8.19699 451
23.2615 -8.17882 450
22.4444 -8.16064 449
21.6789 -8.16064 449
20.9135 -8.16064 449
175.921 -11.2528 566
174.956 -11.2528 566
173.991 -11.2528 566
173.026 -11.2528 566
172.061 -11.2528 566
171.096 -11.2528 566
170.131 -11.2528 566
169.166 -11.2528 566
168.202 -11.2528 566
167.237 -11.2528 566
166.272 -11.2528 566
165.307 -11.2528 566
164.342 -11.2528 566
163.377 -11.2528 566
162.412 -11.2528 566
161.447 -11.2528 566
160.482 -11.2528 566
159.518 -11.2528 566
158.553 -11.2528 566
157.588 -11.2528 566
156.346 -11.2329 565
155.383 -11.2329 565
154.42 -11.2329 565
153.185 -11.213 564
152.224 -11.213 564
151.262 -11.213 564
150.301 -11.213 564
149.339 -11.213 564
148.378 -11.213 564
147.416 -11.213 564
146.455 -11.213 564
145.493 -11.213 564
144.275 -11.1931 563
143.316 -11.1931 563
142.356 -11.1931 563
141.145 -11.1733 562
139.688 -11.1335 560
138.733 -11.1335 560
137.533 -11.1136 559
135.847 -11.054 556
134.414 -11.0142 554
133.469 -11.0142 554
132.525 -11.0142 554
131.343 -10.9943 553
130.164 -10.9745 552
128.989 -10.9546 551
128.05 -10.9546 551
127.111 -10.9546 551
125.713 -10.9148 549
124.777 -10.9148 549
123.841 -10.9148 549
122.682 -10.8949 548
121.525 -10.875 547
120.593 -10.875 547
119.66 -10.875 547
118.511 -10.8552 546
117.149 -10.8154 544
116.008 -10.7955 543
114.871 -10.7756 542
113.947 -10.7756 542
96.2929 -10.1792 512
95.42 -10.1792 512
94.5472 -10.1792 512
93.6744 -10.1792 512
91.8953 -10.0798 507
91.031 -10.0798 507
90.1667 -10.0798 507
89.1262 -10.0599 506
88.0892 -10.04 505
87.2283 -10.04 505
86.1964 -10.0202 504
85.1678 -10.0003 503
84.1427 -9.98039 502
83.121 -9.96051 501
82.267 -9.96051 501
81.2504 -9.94063 500
80.398 -9.94063 500
79.2275 -9.90086 498
78.3785 -9.90086 498
77.3739 -9.88098 497
76.5266 -9.88098 497
75.3748 -9.84122 495
74.5309 -9.84122 495
73.2405 -9.78158 492
72.2546 -9.76169 491
71.4176 -9.76169 491
70.5805 -9.76169 491
69.6015 -9.74181 490
68.6258 -9.72193 489
67.6535 -9.70205 488
66.8216 -9.70205 488
65.9897 -9.70205 488
65.1578 -9.70205 488
64.1941 -9.68217 487
63.2337 -9.66229 486
62.4052 -9.66229 486
61.45 -9.64241 485
60.6232 -9.64241 485
59.7964 -9.64241 485
58.9696 -9.64241 485
58.1428 -9.64241 485
57.1978 -9.62253 484
34.0014 -8.94656 450
33.2343 -8.94656 450
32.4671 -8.94656 450
31.6295 -8.92668 449
30.8641 -8.92668 449
30.0987 -8.92668 449
29.3986 -8.94656 450
28.6314 -8.94656 450
27.8643 -8.94656 450
27.0369 -8.92668 449
26.3885 -8.96644 451
25.6197 -8.96644 451
24.8509 -8.96644 451
24.082 -8.96644 451
23.2615 -8.94656 450
22.4444 -8.92668 449
21.6789 -8.92668 449
20.9135 -8.92668 449
175.921 -12.2184 566
174.956 -12.2184 566
173.991 -12.2184 566
173.026 -12.2184 566
172.061 -12.2184 566
171.096 -12.2184 566
170.131 -12.2184 566
169.166 -12.2184 566
168.202 -12.2184 566
167.237 -12.2184 566
166.272 -12.2184 566
165.307 -12.2184 566
164.342 -12.2184 566
163.377 -12.2184 566
162.412 -12.2184 566
161.447 -12.2184 566
160.482 -12.2184 566
159.518 -12.2184 566
158.553 -12.2184 566
157.309 -12.1969 565
156.346 -12.1969 565
155.383 -12.1969 565
154.146 -12.1753 564
153.185 -12.1753 564
152.224 -12.1753 564
151.262 -12.1753 564
150.301 -12.1753 564
149.339 -12.1753 564
148.378 -12.1753 564
147.416 -12.1753 564
146.455 -12.1753 564
145.235 -12.1537 563
144.275 -12.1537 563
143.316 -12.1537 563
142.356 -12.1537 563
141.145 -12.1321 562
139.688 -12.0889 560
138.733 -12.0889 560
137.533 -12.0673 559
135.847 -12.0026 556
134.414 -11.9594 554
133.469 -11.9594 554
132.525 -11.9594 554
131.343 -11.9378 553
130.164 -11.9162 552
128.989 -11.8946 551
128.05 -11.8946 551
127.111 -11.8946 551
125.713 -11.8515 549
124.777 -11.8515 549
123.841 -11.8515 549
122.682 -11.8299 548
121.525 -11.8083 547
120.372 -11.7867 546
119.442 -11.7867 546
118.294 -11.7651 545
117.149 -11.7435 544
116.008 -11.7219 543
115.083 -11.7219 543
113.947 -11.7003 542
96.2929 -11.0527 512
95.42 -11.0527 512
94.5472 -11.0527 512
93.6744 -11.0527 512
91.8953 -10.9448 507
91.031 -10.9448 507
90.1667 -10.9448 507
89.1262 -10.9232 506
88.0892 -10.9016 505
87.2283 -10.9016 505
86.1964 -10.88 504
85.1678 -10.8584 503
84.1427 -10.8369 502
83.121 -10.8153 501
82.267 -10.8153 501
81.2504 -10.7937 500
80.398 -10.7937 500
79.2275 -10.7505 498
78.3785 -10.7505 498
77.3739 -10.7289 497
76.5266 -10.7289 497
75.2225 -10.6642 494
74.3804 -10.6642 494
73.2405 -10.621 492
72.2546 -10.5994 491
71.4176 -10.5994 491
70.5805 -10.5994 491
69.6015 -10.5778 490
68.4855 -10.5346 488
67.6535 -10.5346 488
66.8216 -10.5346 488
65.9897 -10.5346 488
65.0243 -10.513 487
63.9304 -10.4699 485
62.9735 -10.4483 484
62.1484 -10.4483 484
61.3233 -10.4483 484
60.4982 -10.4483 484
59.6731 -10.4483 484
58.848 -10.4483 484
35.6146 -9.7359 451
34.8458 -9.7359 451
34.077 -9.7359 451
33.3081 -9.7359 451
32.4671 -9.71431 450
31.6295 -9.69272 449
30.8641 -9.69272 449
30.0987 -9.69272 449
29.3986 -9.71431 450
28.6314 -9.71431 450
27.8643 -9.71431 450
27.0369 -9.69272 449
26.3885 -9.7359 451
25.6197 -9.7359 451
24.8509 -9.7359 451
24.082 -9.7359 451
23.2615 -9.71431 450
22.4444 -9.69272 449
21.6789 -9.69272 449
20.9135 -9.69272 449
175.921 -13.1841 566
174.956 -13.1841 566
173.991 -13.1841 566
173.026 -13.1841 566
172.061 -13.1841 566
171.096 -13.1841 566
170.131 -13.1841 566
169.166 -13.1841 566
168.202 -13.1841 566
167.237 -13.1841 566
165.978 -13.1608 565
165.015 -13.1608 565
164.052 -13.1608 565
163.088 -13.1608 565
162.125 -13.1608 565
161.162 -13.1608 565
160.199 -13.1608 565
159.236 -13.1608 565
158.273 -13.1608 565
157.309 -13.1608 565
156.069 -13.1375 564
155.108 -13.1375 564
154.146 -13.1375 564
153.185 -13.1375 564
152.224 -13.1375 564
151.262 -13.1375 564
150.301 -13.1375 564
149.339 -13.1375 564
148.378 -13.1375 564
147.416 -13.1375 564
146.455 -13.1375 564
145.235 -13.1142 563
144.275 -13.1142 563
143.316 -13.1142 563
142.356 -13.1142 563
141.145 -13.0909 562
139.688 -13.0443 560
138.733 -13.0443 560
137.533 -13.021 559
135.847 -12.9512 556
134.414 -12.9046 554
133.228 -12.8813 553
132.286 -12.8813 553
131.105 -12.858 552
130.164 -12.858 552
128.989 -12.8347 551
128.05 -12.8347 551
126.88 -12.8114 550
125.713 -12.7881 549
124.55 -12.7648 548
123.616 -12.7648 548
122.458 -12.7415 547
121.303 -12.7182 546
120.372 -12.7182 546
119.442 -12.7182 546
118.294 -12.6949 545
116.934 -12.6483 543
116.008 -12.6483 543
115.083 -12.6483 543
95.1644 -11.7865 506
94.3018 -11.7865 506
93.4392 -11.7865 506
92.5766 -11.7865 506
91.714 -11.7865 506
90.8514 -11.7865 506
89.9888 -11.7865 506
88.9501 -11.7632 505
87.9147 -11.7399 504
87.0556 -11.7399 504
86.0253 -11.7166 503
85.1678 -11.7166 503
84.1427 -11.6933 502
83.121 -11.67 501
82.267 -11.67 501
81.2504 -11.6467 500
80.398 -11.6467 500
79.2275 -11.6001 498
78.3785 -11.6001 498
77.3739 -11.5768 497
76.5266 -11.5768 497
75.2225 -11.507 494
74.3804 -11.507 494
73.2405 -11.4604 492
72.2546 -11.4371 491
71.4176 -11.4371 491
70.5805 -11.4371 491
69.6015 -11.4138 490
68.4855 -11.3672 488
67.6535 -11.3672 488
66.8216 -11.3672 488
65.9897 -11.3672 488
65.0243 -11.3439 487
63.9304 -11.2973 485
62.9735 -11.274 484
62.1484 -11.274 484
61.3233 -11.274 484
60.4982 -11.274 484
59.6731 -11.274 484
58.848 -11.274 484
37.2347 -10.5286 452
36.4641 -10.5286 452
35.6936 -10.5286 452
34.8458 -10.5054 451
34.077 -10.5054 451
33.3081 -10.5054 451
32.5393 -10.5054 451
31.7 -10.4821 450
30.9328 -10.4821 450
30.1657 -10.4821 450
29.3986 -10.4821 450
28.6314 -10.4821 450
27.8643 -10.4821 450
27.0972 -10.4821 450
26.3885 -10.5054 451
25.6197 -10.5054 451
24.8509 -10.5054 451
24.082 -10.5054 451
23.2615 -10.4821 450
22.4444 -10.4588 449
21.6789 -10.4588 449
20.8669 -10.4355 448
175.921 -14.1498 566
174.956 -14.1498 566
173.991 -14.1498 566
173.026 -14.1498 566
172.061 -14.1498 566
171.096 -14.1498 566
170.131 -14.1498 566
169.166 -14.1498 566
168.202 -14.1498 566
167.237 -14.1498 566
165.978 -14.1248 565
165.015 -14.1248 565
164.052 -14.1248 565
163.088 -14.1248 565
162.125 -14.1248 565
161.162 -14.1248 565
160.199 -14.1248 565
159.236 -14.1248 565
158.273 -14.1248 565
157.309 -14.1248 565
156.069 -14.0998 564
155.108 -14.0998 564
154.146 -14.0998 564
153.185 -14.0998 564
152.224 -14.0998 564
151.262 -14.0998 564
150.301 -14.0998 564
149.339 -14.0998 564
148.378 -14.0998 564
147.416 -14.0998 564
146.195 -14.0748 563
145.235 -14.0748 563
144.275 -14.0748 563
143.316 -14.0748 563
142.103 -14.0498 562
141.145 -14.0498 562
139.688 -13.9998 560
138.733 -13.9998 560
137.287 -13.9498 558
135.847 -13.8998 556
134.414 -13.8498 554
133.228 -13.8248 553
132.286 -13.8248 553
131.105 -13.7998 552
129.929 -13.7748 551
128.755 -13.7498 550
127.817 -13.7498 550
126.649 -13.7248 549
125.484 -13.6998 548
124.096 -13.6498 546
123.165 -13.6498 546
122.01 -13.6248 545
120.859 -13.5998 544
119.931 -13.5998 544
119.004 -13.5998 544
118.077 -13.5998 544
116.934 -13.5748 543
116.008 -13.5748 543
115.083 -13.5748 543
95.1644 -12.6498 506
94.3018 -12.6498 506
93.4392 -12.6498 506
92.5766 -12.6498 506
91.714 -12.6498 506
90.8514 -12.6498 506
89.811 -12.6248 505
88.7739 -12.5998 504
87.7403 -12.5748 503
86.8828 -12.5748 503
86.0253 -12.5748 503
84.9985 -12.5498 502
84.1427 -12.5498 502
83.287 -12.5498 502
82.267 -12.5248 501
81.2504 -12.4998 500
80.398 -12.4998 500
79.2275 -12.4498 498
78.3785 -12.4498 498
77.3739 -12.4248 497
76.2186 -12.3748 495
75.0702 -12.3248 493
74.2298 -12.3248 493
73.2405 -12.2998 492
72.2546 -12.2748 491
71.4176 -12.2748 491
70.5805 -12.2748 491
69.6015 -12.2498 490
68.4855 -12.1998 488
67.5149 -12.1748 487
66.4108 -12.1248 485
65.584 -12.1248 485
64.7572 -12.1248 485
63.7986 -12.0998 484
62.8434 -12.0748 483
62.02 -12.0748 483
61.1966 -12.0748 483
38.0052 -11.2998 452
37.2347 -11.2998 452
36.4641 -11.2998 452
35.6936 -11.2998 452
34.9231 -11.2998 452
34.1525 -11.2998 452
33.3081 -11.2748 451
32.5393 -11.2748 451
31.7 -11.2498 450
30.9328 -11.2498 450
30.1657 -11.2498 450
29.3986 -11.2498 450
28.6314 -11.2498 450
27.8643 -11.2498 450
27.0972 -11.2498 450
26.3885 -11.2748 451
25.6197 -11.2748 451
24.8509 -11.2748 451
24.082 -11.2748 451
23.2615 -11.2498 450
22.4943 -11.2498 450
21.7272 -11.2498 450
20.8669 -11.1998 448
175.61 -15.0887 565
174.647 -15.0887 565
173.683 -15.0887 565
172.72 -15.0887 565
171.757 -15.0887 565
170.794 -15.0887 565
169.831 -15.0887 565
168.868 -15.0887 565
167.904 -15.0887 565
166.941 -15.0887 565
165.978 -15.0887 565
165.015 -15.0887 565
164.052 -15.0887 565
163.088 -15.0887 565
162.125 -15.0887 565
161.162 -15.0887 565
160.199 -15.0887 565
159.236 -15.0887 565
158.273 -15.0887 565
157.031 -15.062 564
156.069 -15.062 564
155.108 -15.062 564
154.146 -15.062 564
152.913 -15.0353 563
152.224 -15.062 564
151.262 -15.062 564
150.301 -15.062 564
149.339 -15.062 564
148.378 -15.062 564
147.416 -15.062 564
146.195 -15.0353 563
145.235 -15.0353 563
144.275 -15.0353 563
143.316 -15.0353 563
142.103 -15.0086 562
141.145 -15.0086 562
139.688 -14.9552 560
138.733 -14.9552 560
137.287 -14.9018 558
135.847 -14.8483 556
134.414 -14.7949 554
133.228 -14.7682 553
132.286 -14.7682 553
131.105 -14.7415 552
129.929 -14.7148 551
128.755 -14.6881 550
127.817 -14.6881 550
126.649 -14.6614 549
125.484 -14.6347 548
124.096 -14.5813 546
123.165 -14.5813 546
122.01 -14.5546 545
120.859 -14.5279 544
119.931 -14.5279 544
119.004 -14.5279 544
118.077 -14.5279 544
116.934 -14.5012 543
94.9764 -13.4864 505
94.1155 -13.4864 505
93.2546 -13.4864 505
92.3937 -13.4864 505
91.5328 -13.4864 505
90.6719 -13.4864 505
89.6331 -13.4597 504
88.5978 -13.433 503
87.7403 -13.433 503
86.8828 -13.433 503
86.0253 -13.433 503
84.9985 -13.4062 502
84.1427 -13.4062 502
83.287 -13.4062 502
82.267 -13.3795 501
81.2504 -13.3528 500
80.398 -13.3528 500
79.0684 -13.2727 497
78.2211 -13.2727 497
77.0625 -13.2193 495
75.9107 -13.1659 493
74.7657 -13.1125 491
73.9287 -13.1125 491
73.0916 -13.1125 491
72.2546 -13.1125 491
71.2721 -13.0858 490
70.4368 -13.0858 490
69.3174 -13.0324 488
68.2048 -12.979 486
67.099 -12.9255 484
66.2739 -12.9255 484
65.4488 -12.9255 484
64.4902 -12.8988 483
63.6668 -12.8988 483
62.7133 -12.8721 482
61.8916 -12.8721 482
38.0052 -12.071 452
37.2347 -12.071 452
36.4641 -12.071 452
35.6936 -12.071 452
34.9231 -12.071 452
34.1525 -12.071 452
33.3081 -12.0443 451
32.5393 -12.0443 451
31.7 -12.0176 450
30.9328 -12.0176 450
30.1657 -12.0176 450
29.3986 -12.0176 450
28.6314 -12.0176 450
27.8643 -12.0176 450
27.0972 -12.0176 450
26.447 -12.071 452
25.6765 -12.071 452
24.906 -12.071 452
24.1354 -12.071 452
23.2615 -12.0176 450
22.4943 -12.0176 450
21.7272 -12.0176 450
20.8669 -11.9641 448
175.61 -16.0526 565
174.647 -16.0526 565
173.683 -16.0526 565
172.72 -16.0526 565
171.757 -16.0526 565
170.794 -16.0526 565
169.831 -16.0526 565
168.868 -16.0526 565
167.904 -16.0526 565
166.941 -16.0526 565
165.978 -16.0526 565
165.015 -16.0526 565
164.052 -16.0526 565
163.088 -16.0526 565
162.125 -16.0526 565
161.162 -16.0526 565
159.915 -16.0242 564
158.954 -16.0242 564
157.992 -16.0242 564
157.031 -16.0242 564
156.069 -16.0242 564
155.108 -16.0242 564
153.873 -15.9958 563
152.913 -15.9958 563
151.954 -15.9958 563
150.994 -15.9958 563
150.034 -15.9958 563
149.074 -15.9958 563
148.115 -15.9958 563
147.155 -15.9958 563
146.195 -15.9958 563
144.977 -15.9674 562
144.019 -15.9674 562
143.061 -15.9674 562
142.103 -15.9674 562
140.643 -15.9106 560
139.439 -15.8822 559
138.486 -15.8822 559
137.041 -15.8254 557
135.602 -15.7685 555
134.171 -15.7117 553
132.987 -15.6833 552
132.046 -15.6833 552
130.868 -15.6549 551
129.693 -15.6265 550
128.755 -15.6265 550
127.817 -15.6265 550
126.419 -15.5697 548
125.255 -15.5412 547
124.096 -15.5128 546
123.165 -15.5128 546
121.786 -15.456 544
120.859 -15.456 544
119.931 -15.456 544
119.004 -15.456 544
117.86 -15.4276 543
116.934 -15.4276 543
94.9764 -14.3479 505
94.1155 -14.3479 505
93.2546 -14.3479 505
92.3937 -14.3479 505
91.5328 -14.3479 505
90.6719 -14.3479 505
89.6331 -14.3195 504
88.5978 -14.2911 503
87.7403 -14.2911 503
86.8828 -14.2911 503
86.0253 -14.2911 503
84.9985 -14.2627 502
84.1427 -14.2627 502
83.287 -14.2627 502
82.267 -14.2343 501
81.2504 -14.2059 500
80.398 -14.2059 500
78.9093 -14.0922 496
78.0637 -14.0922 496
76.7511 -14.007 493
75.4488 -13.9218 490
74.4612 -13.8934 489
73.6275 -13.8934 489
72.7939 -13.8934 489
71.666 -13.8365 487
70.5449 -13.7797 485
69.718 -13.7797 485
68.8913 -13.7797 485
67.7838 -13.7229 483
66.8217 -13.6945 482
66 -13.6945 482
65.1784 -13.6945 482
64.3567 -13.6945 482
63.535 -13.6945 482
62.7133 -13.6945 482
61.8916 -13.6945 482
60.8165 -13.6376 480
38.0052 -12.8421 452
37.2347 -12.8421 452
36.4641 -12.8421 452
35.6936 -12.8421 452
34.9231 -12.8421 452
34.1525 -12.8421 452
33.3081 -12.8137 451
32.5393 -12.8137 451
31.7 -12.7853 450
30.9328 -12.7853 450
30.0987 -12.7569 449
29.3332 -12.7569 449
28.5678 -12.7569 449
27.8024 -12.7569 449
27.0369 -12.7569 449
26.447 -12.8421 452
25.6765 -12.8421 452
24.906 -12.8421 452
24.1354 -12.8421 452
23.2615 -12.7853 450
22.4943 -12.7853 450
21.7272 -12.7853 450
175.61 -17.0166 565
174.647 -17.0166 565
173.683 -17.0166 565
172.72 -17.0166 565
172.061 -17.0467 566
171.096 -17.0467 566
170.131 -17.0467 566
169.166 -17.0467 566
167.904 -17.0166 565
166.941 -17.0166 565
165.978 -17.0166 565
165.015 -17.0166 565
164.052 -17.0166 565
163.088 -17.0166 565
162.125 -17.0166 565
160.877 -16.9865 564
159.915 -16.9865 564
158.954 -16.9865 564
157.992 -16.9865 564
157.031 -16.9865 564
155.793 -16.9564 563
154.833 -16.9564 563
153.873 -16.9564 563
152.642 -16.9262 562
151.684 -16.9262 562
150.726 -16.9262 562
149.768 -16.9262 562
148.81 -16.9262 562
147.851 -16.9262 562
146.893 -16.9262 562
145.935 -16.9262 562
144.719 -16.8961 561
143.763 -16.8961 561
142.807 -16.8961 561
141.597 -16.866 560
140.392 -16.8359 559
138.94 -16.7757 557
137.495 -16.7154 555
136.549 -16.7154 555
135.358 -16.6853 554
133.928 -16.6251 552
132.746 -16.5949 551
131.807 -16.5949 551
130.63 -16.5648 550
129.457 -16.5347 549
128.521 -16.5347 549
127.585 -16.5347 549
126.419 -16.5046 548
125.026 -16.4444 546
123.868 -16.4142 545
122.939 -16.4142 545
121.786 -16.3841 544
120.859 -16.3841 544
119.711 -16.354 543
118.785 -16.354 543
117.86 -16.354 543
94.6002 -15.1493 503
93.7427 -15.1493 503
92.8852 -15.1493 503
92.0277 -15.1493 503
91.1703 -15.1493 503
90.3128 -15.1493 503
89.4553 -15.1493 503
88.5978 -15.1493 503
87.5659 -15.1192 502
86.7101 -15.1192 502
85.8543 -15.1192 502
84.9985 -15.1192 502
84.1427 -15.1192 502
83.287 -15.1192 502
82.267 -15.0891 501
81.2504 -15.0589 500
80.398 -15.0589 500
78.9093 -14.9385 496
78.0637 -14.9385 496
76.7511 -14.8481 493
75.4488 -14.7578 490
74.4612 -14.7276 489
73.6275 -14.7276 489
72.7939 -14.7276 489
71.666 -14.6674 487
70.5449 -14.6072 485
69.718 -14.6072 485
68.8913 -14.6072 485
67.7838 -14.5469 483
66.8217 -14.5168 482
66 -14.5168 482
65.1784 -14.5168 482
64.3567 -14.5168 482
63.535 -14.5168 482
62.7133 -14.5168 482
61.8916 -14.5168 482
60.8165 -14.4566 480
38.0052 -13.6133 452
37.2347 -13.6133 452
36.4641 -13.6133 452
35.6936 -13.6133 452
34.9231 -13.6133 452
34.1525 -13.6133 452
33.3081 -13.5832 451
32.5393 -13.5832 451
31.7 -13.553 450
30.9328 -13.553 450
30.0987 -13.5229 449
29.3332 -13.5229 449
26.447 -13.6133 452
25.6765 -13.6133 452
24.906 -13.6133 452
24.1354 -13.6133 452
23.2615 -13.553 450
174.647 -17.9805 565
173.683 -17.9805 565
172.72 -17.9805 565
172.061 -18.0124 566
171.096 -18.0124 566
170.131 -18.0124 566
169.166 -18.0124 566
167.904 -17.9805 565
166.941 -17.9805 565
165.978 -17.9805 565
165.015 -17.9805 565
164.052 -17.9805 565
163.088 -17.9805 565
162.125 -17.9805 565
160.877 -17.9487 564
159.915 -17.9487 564
158.954 -17.9487 564
157.992 -17.9487 564
157.031 -17.9487 564
155.793 -17.9169 563
154.833 -17.9169 563
153.873 -17.9169 563
152.642 -17.8851 562
151.684 -17.8851 562
150.726 -17.8851 562
149.768 -17.8851 562
148.81 -17.8851 562
147.851 -17.8851 562
146.893 -17.8851 562
145.935 -17.8851 562
144.719 -17.8533 561
143.507 -17.8214 560
142.552 -17.8214 560
141.597 -17.8214 560
140.14 -17.7578 558
138.441 -17.6623 555
137.247 -17.6305 554
136.303 -17.6305 554
135.114 -17.5987 553
133.686 -17.535 551
132.506 -17.5032 550
131.568 -17.5032 550
130.393 -17.4714 549
129.457 -17.4714 549
128.287 -17.4395 548
127.353 -17.4395 548
126.188 -17.4077 547
124.797 -17.3441 545
123.641 -17.3122 544
122.714 -17.3122 544
121.562 -17.2804 543
120.637 -17.2804 543
119.491 -17.2486 542
118.567 -17.2486 542
94.6002 -16.0075 503
93.7427 -16.0075 503
92.8852 -16.0075 503
92.0277 -16.0075 503
90.989 -15.9756 502
90.1332 -15.9756 502
89.2774 -15.9756 502
88.4217 -15.9756 502
87.5659 -15.9756 502
86.7101 -15.9756 502
85.8543 -15.9756 502
84.9985 -15.9756 502
84.1427 -15.9756 502
83.287 -15.9756 502
82.267 -15.9438 501
81.2504 -15.912 500
80.2372 -15.8802 499
78.2729 -15.6574 492
77.4342 -15.6574 492
76.2841 -15.5937 490
74.063 -15.3073 481
73.5475 -15.371 483
72.7241 -15.371 483
71.9007 -15.371 483
71.0773 -15.371 483
70.2539 -15.371 483
69.4306 -15.371 483
68.6072 -15.371 483
67.6434 -15.3392 482
66.6831 -15.3073 481
65.8631 -15.3073 481
65.0431 -15.3073 481
64.2232 -15.3073 481
63.4032 -15.3073 481
62.4531 -15.2755 480
61.6348 -15.2755 480
60.8165 -15.2755 480
38.0052 -14.3844 452
37.2347 -14.3844 452
36.4641 -14.3844 452
35.6936 -14.3844 452
34.9231 -14.3844 452
34.1525 -14.3844 452
33.3081 -14.3526 451
32.5393 -14.3526 451
31.7 -14.3208 450
30.9328 -14.3208 450
30.0987 -14.289 449
174.647 -18.9445 565
173.683 -18.9445 565
172.72 -18.9445 565
172.061 -18.978 566
171.096 -18.978 566
170.131 -18.978 566
169.166 -18.978 566
167.904 -18.9445 565
166.941 -18.9445 565
165.978 -18.9445 565
165.015 -18.9445 565
164.052 -18.9445 565
163.088 -18.9445 565
161.838 -18.911 564
160.877 -18.911 564
159.915 -18.911 564
158.954 -18.911 564
157.992 -18.911 564
156.753 -18.8774 563
155.793 -18.8774 563
154.833 -18.8774 563
153.6 -18.8439 562
152.37 -18.8104 561
151.414 -18.8104 561
150.726 -18.8439 562
149.768 -18.8439 562
148.81 -18.8439 562
147.851 -18.8439 562
146.893 -18.8439 562
145.676 -18.8104 561
144.719 -18.8104 561
143.507 -18.7768 560
142.552 -18.7768 560
141.597 -18.7768 560
140.14 -18.7098 558
138.441 -18.6092 555
137.247 -18.5757 554
136.303 -18.5757 554
135.114 -18.5421 553
133.686 -18.4751 551
132.506 -18.4415 550
131.568 -18.4415 550
130.393 -18.408 549
129.457 -18.408 549
128.287 -18.3745 548
127.353 -18.3745 548
126.188 -18.341 547
124.797 -18.2739 545
123.641 -18.2404 544
122.714 -18.2404 544
121.562 -18.2068 543
120.637 -18.2068 543
119.491 -18.1733 542
118.567 -18.1733 542
94.6002 -16.8656 503
93.7427 -16.8656 503
92.8852 -16.8656 503
92.0277 -16.8656 503
90.989 -16.8321 502
90.1332 -16.8321 502
89.2774 -16.8321 502
88.4217 -16.8321 502
87.5659 -16.8321 502
86.7101 -16.8321 502
85.8543 -16.8321 502
81.4459 -16.6309 496
80.6004 -16.6309 496
79.7548 -16.6309 496
77.7956 -16.3962 489
76.962 -16.3962 489
74.7273 -16.0944 480
73.755 -16.0609 479
73.243 -16.128 481
72.423 -16.128 481
71.603 -16.128 481
70.783 -16.128 481
69.963 -16.128 481
69.1431 -16.128 481
68.3231 -16.128 481
67.5031 -16.128 481
66.6831 -16.128 481
65.8631 -16.128 481
65.0431 -16.128 481
64.2232 -16.128 481
63.2714 -16.0944 480
62.4531 -16.0944 480
61.6348 -16.0944 480
60.8165 -16.0944 480
38.0052 -15.1556 452
37.2347 -15.1556 452
36.4641 -15.1556 452
35.6936 -15.1556 452
34.8458 -15.1221 451
34.077 -15.1221 451
33.3081 -15.1221 451
32.4671 -15.0885 450
31.7 -15.0885 450
30.9328 -15.0885 450
30.0987 -15.055 449
174.647 -19.9084 565
173.683 -19.9084 565
172.72 -19.9084 565
172.061 -19.9437 566
171.096 -19.9437 566
170.131 -19.9437 566
169.166 -19.9437 566
167.904 -19.9084 565
166.941 -19.9084 565
165.978 -19.9084 565
165.015 -19.9084 565
164.052 -19.9084 565
163.088 -19.9084 565
161.838 -19.8732 564
160.877 -19.8732 564
159.632 -19.838 563
158.672 -19.838 563
157.712 -19.838 563
156.474 -19.8027 562
155.516 -19.8027 562
154.558 -19.8027 562
153.327 -19.7675 561
152.099 -19.7323 560
151.414 -19.7675 561
150.457 -19.7675 561
149.501 -19.7675 561
148.545 -19.7675 561
147.325 -19.7323 560
146.371 -19.7323 560
145.416 -19.7323 560
144.461 -19.7323 560
143.25 -19.697 559
142.297 -19.697 559
141.092 -19.6618 558
139.638 -19.5913 556
138.441 -19.5561 555
137.247 -19.5208 554
136.303 -19.5208 554
135.114 -19.4856 553
133.443 -19.3799 550
132.265 -19.3447 549
131.329 -19.3447 549
130.393 -19.3447 549
129.221 -19.3094 548
128.053 -19.2742 547
127.12 -19.2742 547
125.957 -19.239 546
124.568 -19.1685 544
123.414 -19.1332 543
122.488 -19.1332 543
121.338 -19.098 542
120.414 -19.098 542
119.491 -19.098 542
118.567 -19.098 542
94.6002 -17.7238 503
93.7427 -17.7238 503
92.8852 -17.7238 503
92.0277 -17.7238 503
90.989 -17.6886 502
90.1332 -17.6886 502
89.2774 -17.6886 502
88.4217 -17.6886 502
87.5659 -17.6886 502
86.7101 -17.6886 502
85.8543 -17.6886 502
77.8379 -16.8781 479
77.0213 -16.8781 479
76.2047 -16.8781 479
75.3882 -16.8781 479
74.5716 -16.8781 479
73.755 -16.8781 479
72.9384 -16.8781 479
72.2724 -16.9134 480
71.603 -16.9486 481
70.783 -16.9486 481
69.963 -16.9486 481
69.1431 -16.9486 481
68.3231 -16.9486 481
67.5031 -16.9486 481
66.6831 -16.9486 481
65.8631 -16.9486 481
65.0431 -16.9486 481
64.2232 -16.9486 481
63.4032 -16.9486 481
62.5832 -16.9486 481
61.7632 -16.9486 481
60.9432 -16.9486 481
37.9212 -15.8915 451
37.1523 -15.8915 451
36.3835 -15.8915 451
35.6146 -15.8915 451
34.8458 -15.8915 451
34.077 -15.8915 451
33.2343 -15.8563 450
32.4671 -15.8563 450
31.7 -15.8563 450
30.9328 -15.8563 450
174.647 -20.8724 565
173.683 -20.8724 565
172.72 -20.8724 565
171.757 -20.8724 565
170.794 -20.8724 565
169.831 -20.8724 565
168.868 -20.8724 565
167.607 -20.8355 564
166.646 -20.8355 564
165.684 -20.8355 564
164.723 -20.8355 564
163.761 -20.8355 564
162.8 -20.8355 564
161.551 -20.7985 563
160.592 -20.7985 563
159.348 -20.7616 562
158.39 -20.7616 562
157.432 -20.7616 562
156.474 -20.7616 562
155.239 -20.7246 561
154.283 -20.7246 561
153.053 -20.6877 560
151.555 -20.6138 558
149.921 -20.6507 559
148.968 -20.6507 559
148.015 -20.6507 559
147.062 -20.6507 559
146.109 -20.6507 559
145.156 -20.6507 559
144.203 -20.6507 559
142.994 -20.6138 558
142.043 -20.6138 558
140.586 -20.5399 556
139.387 -20.503 555
138.191 -20.466 554
136.999 -20.4291 553
136.056 -20.4291 553
134.869 -20.3921 552
133.443 -20.3183 550
132.265 -20.2813 549
131.329 -20.2813 549
130.155 -20.2444 548
128.985 -20.2074 547
127.819 -20.1705 546
126.888 -20.1705 546
125.726 -20.1335 545
124.339 -20.0597 543
123.414 -20.0597 543
122.488 -20.0597 543
121.338 -20.0227 542
120.192 -19.9858 541
119.27 -19.9858 541
118.348 -19.9858 541
94.6002 -18.582 503
93.7427 -18.582 503
92.8852 -18.582 503
91.8448 -18.545 502
90.989 -18.545 502
90.1332 -18.545 502
89.2774 -18.545 502
88.4217 -18.545 502
87.3914 -18.5081 501
86.5374 -18.5081 501
77.8379 -17.6954 479
77.0213 -17.6954 479
76.2047 -17.6954 479
75.3882 -17.6954 479
74.5716 -17.6954 479
73.755 -17.6954 479
73.0907 -17.7323 480
72.2724 -17.7323 480
71.603 -17.7692 481
70.783 -17.7692 481
69.963 -17.7692 481
69.1431 -17.7692 481
68.3231 -17.7692 481
67.5031 -17.7692 481
66.6831 -17.7692 481
65.8631 -17.7692 481
65.0431 -17.7692 481
64.2232 -17.7692 481
63.4032 -17.7692 481
62.5832 -17.7692 481
61.7632 -17.7692 481
60.9432 -17.7692 481
37.9212 -16.661 451
37.1523 -16.661 451
36.3835 -16.661 451
35.6146 -16.661 451
34.8458 -16.661 451
34.077 -16.661 451
33.2343 -16.624 450
32.4671 -16.624 450
174.647 -21.8363 565
173.683 -21.8363 565
172.72 -21.8363 565
171.757 -21.8363 565
170.794 -21.8363 565
169.831 -21.8363 565
168.868 -21.8363 565
167.607 -21.7977 564
166.646 -21.7977 564
165.684 -21.7977 564
164.723 -21.7977 564
163.761 -21.7977 564
162.8 -21.7977 564
161.551 -21.759 563
160.592 -21.759 563
159.348 -21.7204 562
158.39 -21.7204 562
157.432 -21.7204 562
156.474 -21.7204 562
155.239 -21.6817 561
154.283 -21.6817 561
153.053 -21.6431 560
151.555 -21.5658 558
149.921 -21.6045 559
148.968 -21.6045 559
148.015 -21.6045 559
147.062 -21.6045 559
146.109 -21.6045 559
145.156 -21.6045 559
144.203 -21.6045 559
142.482 -21.4885 556
141.534 -21.4885 556
140.586 -21.4885 556
139.136 -21.4112 554
137.942 -21.3726 553
136.751 -21.3339 552
135.81 -21.3339 552
134.625 -21.2953 551
133.443 -21.2566 550
94.4121 -19.4015 502
93.5564 -19.4015 502
92.7006 -19.4015 502
91.8448 -19.4015 502
90.989 -19.4015 502
90.1332 -19.4015 502
89.2774 -19.4015 502
88.4217 -19.4015 502
87.3914 -19.3628 501
86.5374 -19.3628 501
77.8379 -18.5126 479
77.0213 -18.5126 479
76.2047 -18.5126 479
75.3882 -18.5126 479
74.5716 -18.5126 479
73.755 -18.5126 479
73.0907 -18.5512 480
72.2724 -18.5512 480
71.603 -18.5899 481
70.783 -18.5899 481
69.963 -18.5899 481
69.1431 -18.5899 481
68.3231 -18.5899 481
67.5031 -18.5899 481
66.6831 -18.5899 481
65.8631 -18.5899 481
65.0431 -18.5899 481
64.2232 -18.5899 481
63.4032 -18.5899 481
62.5832 -18.5899 481
61.7632 -18.5899 481
60.9432 -18.5899 481
37.9212 -17.4304 451
37.1523 -17.4304 451
36.3835 -17.4304 451
35.6146 -17.4304 451
34.8458 -17.4304 451
34.077 -17.4304 451
33.2343 -17.3918 450
32.4671 -17.3918 450
174.338 -22.7599 564
173.376 -22.7599 564
172.415 -22.7599 564
171.453 -22.7599 564
170.492 -22.7599 564
169.53 -22.7599 564
168.569 -22.7599 564
167.607 -22.7599 564
166.646 -22.7599 564
165.39 -22.7196 563
164.431 -22.7196 563
163.471 -22.7196 563
162.511 -22.7196 563
161.551 -22.7196 563
160.306 -22.6792 562
159.065 -22.6389 561
158.108 -22.6389 561
157.152 -22.6389 561
156.196 -22.6389 561
154.963 -22.5985 560
154.008 -22.5985 560
152.507 -22.5178 558
143.429 -22.4371 556
142.482 -22.4371 556
141.534 -22.4371 556
140.586 -22.4371 556
139.136 -22.3564 554
137.942 -22.316 553
136.751 -22.2757 552
135.81 -22.2757 552
134.625 -22.2353 551
133.443 -22.195 550
94.4121 -20.258 502
93.5564 -20.258 502
92.7006 -20.258 502
91.8448 -20.258 502
90.989 -20.258 502
90.1332 -20.258 502
89.2774 -20.258 502
88.2455 -20.2176 501
78.4902 -19.2894 478
77.8379 -19.3298 479
77.0213 -19.3298 479
76.2047 -19.3298 479
75.3882 -19.3298 479
74.5716 -19.3298 479
73.755 -19.3298 479
73.0907 -19.3702 480
72.2724 -19.3702 480
71.603 -19.4105 481
70.783 -19.4105 481
69.963 -19.4105 481
69.1431 -19.4105 481
68.3231 -19.4105 481
67.5031 -19.4105 481
66.6831 -19.4105 481
65.8631 -19.4105 481
65.0431 -19.4105 481
64.2232 -19.4105 481
63.4032 -19.4105 481
62.4531 -19.3702 480
61.6348 -19.3702 480
37.9212 -18.1999 451
37.1523 -18.1999 451
36.3835 -18.1999 451
35.6146 -18.1999 451
34.8458 -18.1999 451
34.077 -18.1999 451
33.2343 -18.1595 450
174.338 -23.7222 564
173.376 -23.7222 564
172.415 -23.7222 564
171.453 -23.7222 564
170.492 -23.7222 564
169.53 -23.7222 564
168.569 -23.7222 564
167.31 -23.6801 563
166.35 -23.6801 563
139.575 -23.2175 552
138.634 -23.2175 552
137.692 -23.2175 552
136.504 -23.1754 551
135.564 -23.1754 551
94.4121 -21.1144 502
93.5564 -21.1144 502
92.7006 -21.1144 502
91.8448 -21.1144 502
90.989 -21.1144 502
90.1332 -21.1144 502
89.2774 -21.1144 502
88.2455 -21.0724 501
78.6544 -20.147 479
77.8379 -20.147 479
77.0213 -20.147 479
76.2047 -20.147 479
75.3882 -20.147 479
74.5716 -20.147 479
73.755 -20.147 479
73.0907 -20.1891 480
72.2724 -20.1891 480
71.603 -20.2311 481
70.783 -20.2311 481
69.963 -20.2311 481
69.1431 -20.2311 481
68.3231 -20.2311 481
67.5031 -20.2311 481
66.6831 -20.2311 481
65.8631 -20.2311 481
65.0431 -20.2311 481
64.2232 -20.2311 481
63.4032 -20.2311 481
174.338 -24.6844 564
173.376 -24.6844 564
172.415 -24.6844 564
171.453 -24.6844 564
170.492 -24.6844 564
93.5564 -21.9709 502
92.7006 -21.9709 502
91.8448 -21.9709 502
90.989 -21.9709 502
90.1332 -21.9709 502
78.6544 -20.9643 479
77.8379 -20.9643 479
77.0213 -20.9643 479
76.2047 -20.9643 479
75.3882 -20.9643 479
74.5716 -20.9643 479
73.755 -20.9643 479
73.0907 -21.008 480
72.2724 -21.008 480
71.603 -21.0518 481
70.783 -21.0518 481
69.963 -21.0518 481
69.1431 -21.0518 481
68.3231 -21.0518 481
67.5031 -21.0518 481
66.6831 -21.0518 481
65.8631 -21.0518 481
65.0431 -21.0518 481
64.2232 -21.0518 481
63.4032 -21.0518 481
78.6544 -21.7815 479
77.8379 -21.7815 479
77.0213 -21.7815 479
76.2047 -21.7815 479
75.3882 -21.7815 479
74.5716 -21.7815 479
73.755 -21.7815 479
73.0907 -21.8269 480
72.2724 -21.8269 480
71.4541 -21.8269 480
70.6359 -21.8269 480
69.963 -21.8724 481
69.1431 -21.8724 481
68.3231 -21.8724 481
67.5031 -21.8724 481
66.6831 -21.8724 481
65.8631 -21.8724 481
65.0431 -21.8724 481
78.6544 -22.5987 479
77.8379 -22.5987 479
77.0213 -22.5987 479
76.2047 -22.5987 479
75.3882 -22.5987 479
74.5716 -22.5987 479
73.755 -22.5987 479
73.0907 -22.6459 480
72.2724 -22.6459 480
71.4541 -22.6459 480
70.6359 -22.6459 480
69.963 -22.6931 481
69.1431 -22.6931 481
68.3231 -22.6931 481
67.5031 -22.6931 481
66.6831 -22.6931 481
79.471 -23.4159 479
78.6544 -23.4159 479
77.8379 -23.4159 479
77.0213 -23.4159 479
76.2047 -23.4159 479
75.3882 -23.4159 479
74.5716 -23.4159 479
73.755 -23.4159 479
73.0907 -23.4648 480
72.2724 -23.4648 480
71.4541 -23.4648 480
70.6359 -23.4648 480
69.963 -23.5137 481
69.1431 -23.5137 481
68.3231 -23.5137 481
67.5031 -23.5137 481
79.471 -24.2331 479
78.6544 -24.2331 479
77.8379 -24.2331 479
77.0213 -24.2331 479
76.2047 -24.2331 479
75.3882 -24.2331 479
74.5716 -24.2331 479
73.755 -24.2331 479
73.0907 -24.2837 480
72.2724 -24.2837 480
71.4541 -24.2837 480
70.6359 -24.2837 480
69.963 -24.3343 481
69.1431 -24.3343 481
68.3231 -24.3343 481
67.5031 -24.3343 481
79.471 -25.0504 479
78.6544 -25.0504 479
77.8379 -25.0504 479
77.0213 -25.0504 479
76.2047 -25.0504 479
75.3882 -25.0504 479
74.5716 -25.0504 479
73.755 -25.0504 479
73.0907 -25.1027 480
72.2724 -25.1027 480
71.4541 -25.1027 480
70.6359 -25.1027 480
69.8176 -25.1027 480
68.9993 -25.1027 480
68.181 -25.1027 480
79.471 -25.8676 479
78.6544 -25.8676 479
77.8379 -25.8676 479
77.0213 -25.8676 479
76.2047 -25.8676 479
75.3882 -25.8676 479
74.7273 -25.9216 480
73.909 -25.9216 480
73.0907 -25.9216 480
72.2724 -25.9216 480
71.4541 -25.9216 480
70.6359 -25.9216 480
69.8176 -25.9216 480
68.9993 -25.9216 480
68.181 -25.9216 480
79.6369 -26.7405 480
78.8186 -26.7405 480
78.0004 -26.7405 480
77.1821 -26.7405 480
76.3638 -26.7405 480
75.5455 -26.7405 480
74.7273 -26.7405 480
73.909 -26.7405 480
73.0907 -26.7405 480
72.2724 -26.7405 480
71.4541 -26.7405 480
70.6359 -26.7405 480
69.8176 -26.7405 480
68.9993 -26.7405 480
68.181 -26.7405 480
79.6369 -27.5595 480
78.8186 -27.5595 480
78.0004 -27.5595 480
77.1821 -27.5595 480
76.3638 -27.5595 480
75.5455 -27.5595 480
74.7273 -27.5595 480
73.909 -27.5595 480
73.0907 -27.5595 480
72.2724 -27.5595 480
71.4541 -27.5595 480
70.6359 -27.5595 480
69.8176 -27.5595 480
68.9993 -27.5595 480
68.181 -27.5595 480
79.6369 -28.3784 480
78.8186 -28.3784 480
78.0004 -28.3784 480
77.1821 -28.3784 480
76.3638 -28.3784 480
75.5455 -28.3784 480
74.7273 -28.3784 480
73.909 -28.3784 480
73.0907 -28.3784 480
72.2724 -28.3784 480
71.4541 -28.3784 480
70.6359 -28.3784 480
69.8176 -28.3784 480
68.9993 -28.3784 480
68.181 -28.3784 480
79.6369 -29.1973 480
78.8186 -29.1973 480
78.0004 -29.1973 480
77.1821 -29.1973 480
76.3638 -29.1973 480
75.5455 -29.1973 480
74.7273 -29.1973 480
71.4541 -29.1973 480
70.6359 -29.1973 480
69.8176 -29.1973 480
68.9993 -29.1973 480
68.181 -29.1973 480
79.6369 -30.0162 480
78.8186 -30.0162 480
78.0004 -30.0162 480
77.1821 -30.0162 480
76.3638 -30.0162 480
79.6369 -30.8352 480
78.8186 -30.8352 480
78.0004 -30.8352 480
77.1821 -30.8352 480
76.3638 -30.8352 480
