ply
format ascii 1.0
comment File generated
element vertex 26941
property float x
property float y
property float z
end_header
1928.71 1428.43 3588
1969.21 1463.07 3675
1971.5 1469.44 3691
1965.2 1469.44 3691
1958.91 1469.44 3691
1956.85 1472.62 3699
1950.54 1472.62 3699
1944.24 1472.62 3699
1937.93 1472.62 3699
1931.63 1472.62 3699
1925.32 1472.62 3699
1910.71 1466.25 3683
1904.44 1466.25 3683
1898.16 1466.25 3683
1891.88 1466.25 3683
1881.5 1463.07 3675
1858.4 1449.93 3642
1852.19 1449.93 3642
1850.04 1453.12 3650
1843.82 1453.12 3650
1837.59 1453.12 3650
1831.37 1453.12 3650
1825.15 1453.12 3650
1814.94 1449.93 3642
1801.28 1443.96 3627
1783.22 1434.41 3603
1777.08 1434.41 3603
1763.56 1428.43 3588
1749.61 1422.06 3572
1732.29 1412.91 3549
1726.24 1412.91 3549
1712.92 1406.94 3534
1703.52 1404.15 3527
1686.92 1395.39 3505
1680.94 1395.39 3505
1671.14 1392.21 3497
1658.52 1386.63 3483
1652.58 1386.63 3483
1649.95 1389.42 3490
1644 1389.42 3490
1638.05 1389.42 3490
1632.1 1389.42 3490
1626.15 1389.42 3490
1620.2 1389.42 3490
1617.49 1392.21 3497
1625.35 1404.15 3527
1619.34 1404.15 3527
1613.33 1404.15 3527
1607.32 1404.15 3527
1601.3 1404.15 3527
1595.29 1404.15 3527
1589.28 1404.15 3527
1586.41 1406.94 3534
1580.38 1406.94 3534
1574.36 1406.94 3534
1568.33 1406.94 3534
1565.85 1410.12 3542
1559.81 1410.12 3542
1553.77 1410.12 3542
1547.73 1410.12 3542
1544.74 1412.91 3549
1538.69 1412.91 3549
1532.64 1412.91 3549
1526.59 1412.91 3549
1514.11 1406.94 3534
1505.1 1404.15 3527
1499.09 1404.15 3527
1490.11 1401.36 3520
1477.79 1395.39 3505
1471.81 1395.39 3505
1465.84 1395.39 3505
1459.86 1395.39 3505
1456.79 1398.18 3512
1454.11 1401.36 3520
1448.11 1401.36 3520
1442.11 1401.36 3520
1436.11 1401.36 3520
1430.1 1401.36 3520
1424.1 1401.36 3520
1414.88 1398.18 3512
1402.88 1392.21 3497
1391.32 1386.63 3483
1385.38 1386.63 3483
1376.67 1383.84 3476
1362.07 1375.09 3454
1356.18 1375.09 3454
1353.03 1377.87 3461
1347.13 1377.87 3461
1341.23 1377.87 3461
1335.33 1377.87 3461
1329.43 1377.87 3461
1323.53 1377.87 3461
1314.97 1375.09 3454
1306.43 1372.3 3447
1295.27 1366.73 3433
1289.42 1366.73 3433
1275.71 1358.37 3412
1264.68 1352.79 3398
1264.08 1358.37 3412
1258.26 1358.37 3412
1252.44 1358.37 3412
1251.74 1363.94 3426
1245.9 1363.94 3426
1242.6 1366.73 3433
1236.74 1366.73 3433
1230.89 1366.73 3433
1217.55 1358.37 3412
1211.73 1358.37 3412
1203.44 1355.58 3405
1197.63 1355.58 3405
1189.38 1352.79 3398
1183.59 1352.79 3398
1170.51 1344.43 3377
1164.76 1344.43 3377
1156.6 1341.64 3370
1150.85 1341.64 3370
1140.69 1336.47 3357
1134.97 1336.47 3357
1129.24 1336.47 3357
1123.52 1336.47 3357
1117.8 1336.47 3357
1107.44 1330.9 3343
1097.46 1325.72 3330
1091.78 1325.72 3330
1081.86 1320.54 3317
1071.66 1314.97 3303
1064.1 1312.58 3297
1058.48 1312.58 3297
1048.7 1307.41 3284
1041.2 1305.02 3278
1037.51 1307.41 3284
1031.91 1307.41 3284
1026.31 1307.41 3284
1020.71 1307.41 3284
1043.86 1344.43 3377
1048.86 1358.37 3412
1043.05 1358.37 3412
1037.23 1358.37 3412
1031.41 1358.37 3412
1025.6 1358.37 3412
991.387 1320.54 3317
993.459 1330.9 3343
989.828 1333.68 3350
984.117 1333.68 3350
978.406 1333.68 3350
972.695 1333.68 3350
422.835 1214.25 3050
417.635 1214.25 3050
412.436 1214.25 3050
403.498 1203.1 3022
402.037 1214.25 3050
398.268 1218.63 3061
393.05 1218.63 3061
387.832 1218.63 3061
381.239 1214.25 3050
371.231 1198.72 3011
369.502 1209.87 3039
364.322 1209.87 3039
359.141 1209.87 3039
353.96 1209.87 3039
348.779 1209.87 3039
342.92 1207.48 3033
337.75 1207.48 3033
333.237 1209.87 3039
329.244 1214.25 3050
324.045 1214.25 3050
318.845 1214.25 3050
314.16 1216.24 3055
308.952 1216.24 3055
303.744 1216.24 3055
299.122 1218.63 3061
293.904 1218.63 3061
288.686 1218.63 3061
283.467 1218.63 3061
278.249 1218.63 3061
272.496 1216.24 3055
267.288 1216.24 3055
262.08 1216.24 3055
256.872 1216.24 3055
252.652 1221.02 3067
247.424 1221.02 3067
242.195 1221.02 3067
236.967 1221.02 3067
231.738 1221.02 3067
226.51 1221.02 3067
220.849 1218.63 3061
215.208 1216.24 3055
210 1216.24 3055
204.792 1216.24 3055
198.865 1211.86 3044
193.676 1211.86 3044
187.805 1207.48 3033
182.635 1207.48 3033
177.172 1205.49 3028
171.669 1203.1 3022
166.242 1201.11 3017
161.099 1201.11 3017
155.387 1196.73 3006
149.962 1194.34 3000
144.848 1194.34 3000
139.734 1194.34 3000
134.62 1194.34 3000
129.289 1192.35 2995
123.976 1190.36 2990
118.879 1190.36 2990
113.782 1190.36 2990
108.685 1190.36 2990
-133.11 173.976 437
-134.162 174.374 438
-135.216 174.772 439
-135.965 174.772 439
-137.024 175.17 440
-137.774 175.17 440
-138.525 175.17 440
-139.275 175.17 440
-140.343 175.568 441
-141.095 175.568 441
-142.168 175.966 442
-142.922 175.966 442
-143.675 175.966 442
-144.429 175.966 442
-145.511 176.365 443
-146.266 176.365 443
-147.021 176.365 443
-147.776 176.365 443
-148.532 176.365 443
-149.287 176.365 443
-150.042 176.365 443
-150.797 176.365 443
-151.552 176.365 443
-152.308 176.365 443
-153.063 176.365 443
-168.063 189.9 477
-169.23 190.299 478
-170.756 191.095 480
-171.575 191.095 480
-172.393 191.095 480
-173.211 191.095 480
-174.03 191.095 480
-174.848 191.095 480
-176.032 191.493 481
-176.852 191.493 481
-177.672 191.493 481
-178.492 191.493 481
-179.685 191.891 482
-181.63 193.085 485
-182.457 193.085 485
-183.661 193.483 486
-184.49 193.483 486
-185.318 193.483 486
-978.778 930.393 2337
-982.762 930.393 2337
-990.546 933.976 2346
-994.545 933.976 2346
-998.545 933.976 2346
-1001.26 932.781 2343
-1005.26 932.781 2343
-1004.94 928.8 2333
-1008.92 928.8 2333
-1008.56 924.819 2323
-1005.54 918.449 2307
-1013.85 922.43 2317
-1020.44 924.819 2323
-1024.4 924.819 2323
-1031.46 927.606 2330
-1035.43 927.606 2330
-1039.4 927.606 2330
-1042.03 926.412 2327
-1042.85 923.625 2320
-1040.94 918.449 2307
-1044.87 918.449 2307
-1047.44 917.255 2304
-1048.63 914.866 2298
-1046.59 909.691 2285
-1050.49 909.691 2285
-1054.38 909.691 2285
-1058.28 909.691 2285
-1062.17 909.691 2285
-1066.07 909.691 2285
-1068.56 908.496 2282
-1071.04 907.302 2279
-1074.93 907.302 2279
-1078.81 907.302 2279
-1082.7 907.302 2279
-1086.58 907.302 2279
-1087.59 904.913 2273
-1091.47 904.913 2273
-1092.45 902.525 2267
-1094.87 901.33 2264
-1093.87 897.349 2254
-1097.72 897.349 2254
-1100.09 896.155 2251
-1103.93 896.155 2251
-1104.81 893.766 2245
-1108.64 893.766 2245
-1112.47 893.766 2245
-1116.3 893.766 2245
-1120.12 893.766 2245
-1123.95 893.766 2245
-1123.26 890.183 2236
-1124.04 887.795 2230
-1126.33 886.6 2227
-1130.12 886.6 2227
-1133.92 886.6 2227
-1136.19 885.406 2224
-1136.9 883.017 2218
-1140.68 883.017 2218
1928.71 1422.31 3588
2004.04 1482.57 3740
2006.75 1489.31 3757
2000.34 1489.31 3757
1993.94 1489.31 3757
1992.3 1492.87 3766
1985.88 1492.87 3766
1979.46 1492.87 3766
1959.41 1482.57 3740
1944.68 1476.22 3724
1938.33 1476.22 3724
1923.17 1469.48 3707
1916.85 1469.48 3707
1910.53 1469.48 3707
1904.21 1469.48 3707
1885.6 1459.97 3683
1871.16 1453.63 3667
1852.19 1443.72 3642
1850.04 1446.89 3650
1843.82 1446.89 3650
1837.59 1446.89 3650
1831.37 1446.89 3650
1825.15 1446.89 3650
1814.94 1443.72 3642
1801.28 1437.77 3627
1783.22 1428.26 3603
1777.08 1428.26 3603
1763.56 1422.31 3588
1749.61 1415.97 3572
1732.29 1406.85 3549
1726.24 1406.85 3549
1712.92 1400.91 3534
1703.52 1398.13 3527
1686.92 1389.41 3505
1680.94 1389.41 3505
1671.14 1386.24 3497
1658.52 1380.69 3483
1652.58 1380.69 3483
1649.95 1383.46 3490
1644 1383.46 3490
1638.05 1383.46 3490
1632.1 1383.46 3490
1626.15 1383.46 3490
1620.2 1383.46 3490
1617.49 1386.24 3497
1625.35 1398.13 3527
1619.34 1398.13 3527
1613.33 1398.13 3527
1607.32 1398.13 3527
1601.3 1398.13 3527
1595.29 1398.13 3527
1589.28 1398.13 3527
1586.41 1400.91 3534
1580.38 1400.91 3534
1574.36 1400.91 3534
1568.33 1400.91 3534
1565.85 1404.08 3542
1559.81 1404.08 3542
1556.84 1406.85 3549
1550.79 1406.85 3549
1544.74 1406.85 3549
1538.69 1406.85 3549
1532.64 1406.85 3549
1526.59 1406.85 3549
1517.54 1404.08 3542
1508.09 1400.91 3534
1502.06 1400.91 3534
1493.07 1398.13 3527
1484.11 1395.36 3520
1478.11 1395.36 3520
1472.11 1395.36 3520
1466.11 1395.36 3520
1463.01 1398.13 3527
1457 1398.13 3527
1453.87 1400.91 3534
1447.84 1400.91 3534
1441.82 1400.91 3534
1432.95 1398.13 3527
1426.94 1398.13 3527
1418.1 1395.36 3520
1408.89 1392.19 3512
1396.91 1386.24 3497
1390.95 1386.24 3497
1379.45 1380.69 3483
1370.75 1377.91 3476
1361.68 1374.74 3468
1355.77 1374.74 3468
1349.86 1374.74 3468
1343.95 1374.74 3468
1338.03 1374.74 3468
1332.12 1374.74 3468
1326.21 1374.74 3468
1317.63 1371.97 3461
1306.43 1366.42 3447
1297.91 1363.64 3440
1292.04 1363.64 3440
1275.71 1352.54 3412
1269.89 1352.54 3412
1266.67 1355.32 3419
1263.42 1358.09 3426
1257.58 1358.09 3426
1254.3 1360.87 3433
1250.99 1363.64 3440
1245.13 1363.64 3440
1239.27 1363.64 3440
1233.4 1363.64 3440
1225.04 1360.87 3433
1219.19 1360.87 3433
1213.33 1360.87 3433
1207.48 1360.87 3433
1199.18 1358.09 3426
1193.34 1358.09 3426
1187.5 1358.09 3426
1181.66 1358.09 3426
1175.82 1358.09 3426
1169.98 1358.09 3426
1161.76 1355.32 3419
1158.3 1358.09 3426
1152.46 1358.09 3426
1146.61 1358.09 3426
1140.77 1358.09 3426
1127.98 1349.77 3405
1122.17 1349.77 3405
1116.37 1349.77 3405
1108.28 1346.99 3398
1102.49 1346.99 3398
1096.69 1346.99 3398
1090.9 1346.99 3398
1078.4 1338.67 3377
1072.65 1338.67 3377
1054.25 1322.81 3337
1048.56 1322.81 3337
1026.31 1301.8 3284
1020.71 1301.8 3284
1043.86 1338.67 3377
1048.86 1352.54 3412
1043.05 1352.54 3412
1037.23 1352.54 3412
1031.41 1352.54 3412
1025.6 1352.54 3412
991.387 1314.89 3317
993.459 1325.19 3343
989.828 1327.97 3350
984.117 1327.97 3350
978.406 1327.97 3350
972.695 1327.97 3350
422.835 1209.04 3050
417.635 1209.04 3050
412.436 1209.04 3050
403.498 1197.95 3022
402.037 1209.04 3050
398.268 1213.41 3061
393.05 1213.41 3061
387.832 1213.41 3061
381.239 1209.04 3050
371.231 1193.58 3011
369.502 1204.68 3039
364.322 1204.68 3039
359.141 1204.68 3039
353.96 1204.68 3039
348.779 1204.68 3039
342.92 1202.31 3033
337.75 1202.31 3033
333.237 1204.68 3039
329.244 1209.04 3050
324.045 1209.04 3050
319.995 1213.41 3061
315.908 1217.77 3072
310.671 1217.77 3072
305.434 1217.77 3072
300.783 1220.14 3078
295.536 1220.14 3078
290.289 1220.14 3078
284.486 1217.77 3072
279.249 1217.77 3072
274.012 1217.77 3072
268.775 1217.77 3072
263.538 1217.77 3072
258.301 1217.77 3072
253.558 1220.14 3078
248.311 1220.14 3078
243.064 1220.14 3078
237.817 1220.14 3078
232.57 1220.14 3078
227.322 1220.14 3078
222.075 1220.14 3078
216.405 1217.77 3072
210.825 1215.78 3067
205.596 1215.78 3067
199.976 1213.41 3061
194.376 1211.03 3055
188.486 1206.67 3044
183.297 1206.67 3044
177.815 1204.68 3039
172.294 1202.31 3033
166.848 1200.32 3028
161.686 1200.32 3028
156.214 1197.95 3022
149.962 1189.22 3000
144.848 1189.22 3000
139.734 1189.22 3000
134.62 1189.22 3000
129.289 1187.24 2995
123.976 1185.26 2990
118.879 1185.26 2990
113.782 1185.26 2990
108.685 1185.26 2990
-133.11 173.23 437
-134.162 173.627 438
-135.216 174.023 439
-135.965 174.023 439
-137.024 174.42 440
-137.774 174.42 440
-138.839 174.816 441
-139.591 174.816 441
-140.343 174.816 441
-141.415 175.212 442
-142.168 175.212 442
-142.922 175.212 442
-143.675 175.212 442
-144.755 175.609 443
-145.511 175.609 443
-146.266 175.609 443
-147.021 175.609 443
-147.776 175.609 443
-148.532 175.609 443
-149.287 175.609 443
-150.042 175.609 443
-150.797 175.609 443
-151.552 175.609 443
-152.308 175.609 443
-153.063 175.609 443
-153.818 175.609 443
-168.063 189.087 477
-169.23 189.483 478
-170.756 190.276 480
-171.575 190.276 480
-172.393 190.276 480
-173.211 190.276 480
-174.03 190.276 480
-174.848 190.276 480
-176.032 190.672 481
-176.852 190.672 481
-177.672 190.672 481
-178.492 190.672 481
-179.685 191.069 482
-181.63 192.258 485
-182.457 192.258 485
-183.661 192.654 486
-184.49 192.654 486
-185.318 192.654 486
-978.778 926.406 2337
-982.762 926.406 2337
-993.502 932.748 2353
-997.513 932.748 2353
-1001.52 932.748 2353
-1005.54 932.748 2353
-1005.26 928.784 2343
-1004.94 924.82 2333
-1008.92 924.82 2333
-1008.56 920.856 2323
-1008.59 917.288 2314
-1013.85 918.477 2317
-1020.44 920.856 2323
-1024.4 920.856 2323
-1031.46 923.631 2330
-1035.43 923.631 2330
-1039.4 923.631 2330
-1042.03 922.442 2327
-1042.85 919.667 2320
-1040.94 914.513 2307
-1044.87 914.513 2307
-1047.44 913.324 2304
-1048.63 910.946 2298
-1049.8 908.567 2292
-1053.71 908.567 2292
-1054.38 905.792 2285
-1058.28 905.792 2285
-1062.17 905.792 2285
-1066.07 905.792 2285
-1068.56 904.603 2282
-1071.04 903.414 2279
-1074.93 903.414 2279
-1078.81 903.414 2279
-1082.7 903.414 2279
-1086.58 903.414 2279
-1087.59 901.035 2273
-1091.47 901.035 2273
-1092.45 898.657 2267
-1094.87 897.468 2264
-1093.87 893.504 2254
-1097.72 893.504 2254
-1100.09 892.315 2251
-1103.93 892.315 2251
-1106.29 891.125 2248
-1110.12 891.125 2248
-1112.47 889.936 2245
-1116.3 889.936 2245
-1120.12 889.936 2245
-1123.95 889.936 2245
-1123.26 886.368 2236
-1124.04 883.99 2230
-1126.33 882.801 2227
-1130.12 882.801 2227
-1133.92 882.801 2227
-1136.19 881.611 2224
-1136.9 879.233 2218
-1140.68 879.233 2218
1928.71 1416.19 3588
2004.04 1476.19 3740
2006.75 1482.9 3757
2032.82 1506.97 3818
2026.31 1506.97 3818
2019.8 1506.97 3818
2008.55 1503.42 3809
2002.06 1503.42 3809
1986.66 1496.71 3792
1980.19 1496.71 3792
1955.51 1482.9 3757
1931.99 1469.87 3724
1925.64 1469.87 3724
1919.29 1469.87 3724
1912.94 1469.87 3724
1897.89 1463.16 3707
1875.24 1450.53 3675
1856.26 1440.66 3650
1850.04 1440.66 3650
1843.82 1440.66 3650
1837.59 1440.66 3650
1831.37 1440.66 3650
1825.15 1440.66 3650
1814.94 1437.5 3642
1801.28 1431.58 3627
1775.8 1416.19 3588
1769.68 1416.19 3588
1759.63 1413.03 3580
1738.34 1400.8 3549
1732.29 1400.8 3549
1726.24 1400.8 3549
1712.92 1394.88 3534
1703.52 1392.11 3527
1686.92 1383.43 3505
1680.94 1383.43 3505
1667.8 1377.51 3490
1655.18 1371.98 3476
1652.58 1374.75 3483
1649.95 1377.51 3490
1644 1377.51 3490
1638.05 1377.51 3490
1632.1 1377.51 3490
1626.15 1377.51 3490
1620.2 1377.51 3490
1617.49 1380.27 3497
1625.35 1392.11 3527
1619.34 1392.11 3527
1613.33 1392.11 3527
1607.32 1392.11 3527
1601.3 1392.11 3527
1595.29 1392.11 3527
1589.28 1392.11 3527
1583.26 1392.11 3527
1577.25 1392.11 3527
1574.36 1394.88 3534
1568.33 1394.88 3534
1565.85 1398.03 3542
1559.81 1398.03 3542
1556.84 1400.8 3549
1550.79 1400.8 3549
1544.74 1400.8 3549
1538.69 1400.8 3549
1532.64 1400.8 3549
1526.59 1400.8 3549
1517.54 1398.03 3542
1508.09 1394.88 3534
1502.06 1394.88 3534
1493.07 1392.11 3527
1484.11 1389.35 3520
1478.11 1389.35 3520
1472.11 1389.35 3520
1466.11 1389.35 3520
1463.01 1392.11 3527
1457 1392.11 3527
1453.87 1394.88 3534
1447.84 1394.88 3534
1441.82 1394.88 3534
1432.95 1392.11 3527
1426.94 1392.11 3527
1418.1 1389.35 3520
1408.89 1386.19 3512
1396.91 1380.27 3497
1390.95 1380.27 3497
1384.99 1380.27 3497
1373.51 1374.75 3483
1364.82 1371.98 3476
1358.9 1371.98 3476
1352.97 1371.98 3476
1347.05 1371.98 3476
1341.12 1371.98 3476
1335.19 1371.98 3476
1326.21 1368.83 3468
1317.63 1366.06 3461
1311.73 1366.06 3461
1305.83 1366.06 3461
1292.04 1357.77 3440
1280.95 1352.25 3426
1272.5 1349.49 3419
1269.26 1352.25 3426
1266.01 1355.01 3433
1260.15 1355.01 3433
1256.86 1357.77 3440
1256.09 1363.3 3454
1250.2 1363.3 3454
1244.31 1363.3 3454
1238.42 1363.3 3454
1232.53 1363.3 3454
1226.64 1363.3 3454
1220.76 1363.3 3454
1214.87 1363.3 3454
1204.08 1357.77 3440
1200.65 1360.54 3447
1194.78 1360.54 3447
1193.73 1366.06 3461
1187.83 1366.06 3461
1181.93 1366.06 3461
1176.03 1366.06 3461
1170.13 1366.06 3461
1164.23 1366.06 3461
1158.33 1366.06 3461
1147.77 1360.54 3447
1139.57 1357.77 3440
1133.71 1357.77 3440
1127.84 1357.77 3440
1119.7 1355.01 3433
1111.57 1352.25 3426
1101.21 1346.72 3412
1095.4 1346.72 3412
1089.58 1346.72 3412
1083.76 1346.72 3412
1069.1 1335.67 3384
1063.33 1335.67 3384
1042.87 1317.12 3337
1030.97 1309.23 3317
1054.68 1346.72 3412
1048.86 1346.72 3412
1043.05 1346.72 3412
1037.23 1346.72 3412
1031.41 1346.72 3412
1025.6 1346.72 3412
409.419 1180.16 2990
406.486 1186.47 3006
401.361 1186.47 3006
402.696 1205.81 3055
399.7 1212.52 3072
394.463 1212.52 3072
389.226 1212.52 3072
381.239 1203.84 3050
368.642 1180.16 2990
371.448 1205.81 3055
366.24 1205.81 3055
361.032 1205.81 3055
355.824 1205.81 3055
350.616 1205.81 3055
343.599 1199.5 3039
338.975 1201.47 3044
333.786 1201.47 3044
329.244 1203.84 3050
324.045 1203.84 3050
319.995 1208.18 3061
315.908 1212.52 3072
310.671 1212.52 3072
305.434 1212.52 3072
300.783 1214.89 3078
295.536 1214.89 3078
290.289 1214.89 3078
284.486 1212.52 3072
279.249 1212.52 3072
274.012 1212.52 3072
268.775 1212.52 3072
263.538 1212.52 3072
258.301 1212.52 3072
253.558 1214.89 3078
248.311 1214.89 3078
243.064 1214.89 3078
237.817 1214.89 3078
232.57 1214.89 3078
227.322 1214.89 3078
222.075 1214.89 3078
216.405 1212.52 3072
210.825 1210.55 3067
205.596 1210.55 3067
199.976 1208.18 3061
194.376 1205.81 3055
189.168 1205.81 3055
183.96 1205.81 3055
178.108 1201.47 3044
172.919 1201.47 3044
167.123 1197.13 3033
161.953 1197.13 3033
156.524 1195.16 3028
151.062 1192.79 3022
145.138 1186.47 3006
140.013 1186.47 3006
134.62 1184.11 3000
129.289 1182.13 2995
123.976 1180.16 2990
118.879 1180.16 2990
113.782 1180.16 2990
108.685 1180.16 2990
-133.11 172.485 437
-134.162 172.879 438
-135.216 173.274 439
-135.965 173.274 439
-137.024 173.669 440
-138.088 174.064 441
-138.839 174.064 441
-139.591 174.064 441
-140.661 174.458 442
-141.735 174.853 443
-142.49 174.853 443
-143.245 174.853 443
-144 174.853 443
-144.755 174.853 443
-145.511 174.853 443
-146.266 174.853 443
-147.021 174.853 443
-147.776 174.853 443
-148.532 174.853 443
-149.624 175.248 444
-150.381 175.248 444
-151.138 175.248 444
-151.894 175.248 444
-152.651 175.248 444
-153.063 174.853 443
-153.818 174.853 443
-168.063 188.273 477
-169.584 189.062 479
-170.756 189.457 480
-171.575 189.457 480
-172.393 189.457 480
-173.211 189.457 480
-174.392 189.852 481
-175.212 189.852 481
-176.032 189.852 481
-176.852 189.852 481
-177.672 189.852 481
-178.863 190.246 482
-179.685 190.246 482
-180.881 190.641 483
-181.704 190.641 483
-183.284 191.43 485
-184.11 191.43 485
-184.937 191.43 485
-978.778 922.418 2337
-982.762 922.418 2337
-993.502 928.734 2353
-997.513 928.734 2353
-1001.52 928.734 2353
-1005.54 928.734 2353
-1005.26 924.787 2343
-1004.94 920.84 2333
-1008.92 920.84 2333
-1008.56 916.893 2323
-1008.59 913.34 2314
-1013.85 914.524 2317
-1020.44 916.893 2323
-1024.4 916.893 2323
-1031.46 919.656 2330
-1035.43 919.656 2330
-1039.4 919.656 2330
-1042.03 918.471 2327
-1042.85 915.708 2320
-1040.94 910.577 2307
-1044.87 910.577 2307
-1047.44 909.393 2304
-1048.63 907.025 2298
-1049.8 904.657 2292
-1053.71 904.657 2292
-1054.38 901.894 2285
-1058.28 901.894 2285
-1062.17 901.894 2285
-1066.07 901.894 2285
-1068.56 900.71 2282
-1071.04 899.526 2279
-1074.93 899.526 2279
-1078.81 899.526 2279
-1082.7 899.526 2279
-1086.58 899.526 2279
-1087.59 897.157 2273
-1091.47 897.157 2273
-1092.45 894.789 2267
-1094.87 893.605 2264
-1093.87 889.658 2254
-1097.72 889.658 2254
-1100.09 888.474 2251
-1103.93 888.474 2251
-1106.29 887.29 2248
-1110.12 887.29 2248
-1112.47 886.106 2245
-1116.3 886.106 2245
-1120.12 886.106 2245
-1123.95 886.106 2245
-1120.24 880.185 2230
-1124.04 880.185 2230
-1126.33 879.001 2227
-1130.12 879.001 2227
-1132.39 877.817 2224
-1136.19 877.817 2224
-1135.36 874.265 2215
-1139.14 874.265 2215
2004.04 1469.8 3740
2006.75 1476.49 3757
2032.82 1500.46 3818
2026.31 1500.46 3818
2019.8 1500.46 3818
2008.55 1496.92 3809
2002.06 1496.92 3809
1990.85 1493.38 3800
1984.37 1493.38 3800
1955.51 1476.49 3757
1940.29 1469.8 3740
1925.64 1463.52 3724
1919.29 1463.52 3724
1912.94 1463.52 3724
1897.89 1456.84 3707
1875.24 1444.26 3675
1856.26 1434.43 3650
1850.04 1434.43 3650
1843.82 1434.43 3650
1837.59 1434.43 3650
1831.37 1434.43 3650
1825.15 1434.43 3650
1814.94 1431.29 3642
1801.28 1425.4 3627
1775.8 1410.07 3588
1769.68 1410.07 3588
1759.63 1406.93 3580
1738.34 1394.74 3549
1732.29 1394.74 3549
1726.24 1394.74 3549
1712.92 1388.85 3534
1703.52 1386.1 3527
1686.92 1377.45 3505
1680.94 1377.45 3505
1667.8 1371.56 3490
1655.18 1366.05 3476
1655.9 1371.56 3490
1653.26 1374.31 3497
1647.3 1374.31 3497
1641.34 1374.31 3497
1635.37 1374.31 3497
1629.41 1374.31 3497
1623.45 1374.31 3497
1624.43 1380.2 3512
1625.35 1386.1 3527
1622.55 1388.85 3534
1616.53 1388.85 3534
1610.51 1388.85 3534
1604.48 1388.85 3534
1598.46 1388.85 3534
1592.43 1388.85 3534
1586.41 1388.85 3534
1583.96 1391.99 3542
1577.92 1391.99 3542
1571.88 1391.99 3542
1565.85 1391.99 3542
1559.81 1391.99 3542
1556.84 1394.74 3549
1550.79 1394.74 3549
1548.22 1397.89 3557
1542.16 1397.89 3557
1536.09 1397.89 3557
1530.03 1397.89 3557
1520.54 1394.74 3549
1511.5 1391.99 3542
1505.46 1391.99 3542
1496.04 1388.85 3534
1487.06 1386.1 3527
1481.05 1386.1 3527
1481.31 1391.99 3542
1475.27 1391.99 3542
1469.23 1391.99 3542
1463.2 1391.99 3542
1457.16 1391.99 3542
1451.12 1391.99 3542
1445.08 1391.99 3542
1435.79 1388.85 3534
1429.77 1388.85 3534
1423.74 1388.85 3534
1412.1 1383.35 3520
1402.91 1380.2 3512
1396.92 1380.2 3512
1384.99 1374.31 3497
1373.51 1368.8 3483
1364.82 1366.05 3476
1358.9 1366.05 3476
1352.97 1366.05 3476
1347.05 1366.05 3476
1341.12 1366.05 3476
1335.19 1366.05 3476
1326.21 1362.91 3468
1317.63 1360.16 3461
1311.73 1360.16 3461
1305.83 1360.16 3461
1292.04 1351.91 3440
1280.95 1346.4 3426
1272.5 1343.65 3419
1269.26 1346.4 3426
1266.01 1349.15 3433
1260.15 1349.15 3433
1256.86 1351.91 3440
1256.09 1357.41 3454
1250.2 1357.41 3454
1244.31 1357.41 3454
1246.31 1366.05 3476
1240.38 1366.05 3476
1234.46 1366.05 3476
1228.53 1366.05 3476
1222.61 1366.05 3476
1211.43 1360.16 3461
1207.97 1362.91 3468
1202.06 1362.91 3468
1196.14 1362.91 3468
1190.23 1362.91 3468
1184.32 1362.91 3468
1178.41 1362.91 3468
1172.5 1362.91 3468
1166.58 1362.91 3468
1160.67 1362.91 3468
1152.43 1360.16 3461
1144.21 1357.41 3454
1136.01 1354.66 3447
1130.14 1354.66 3447
1124.26 1354.66 3447
1116.11 1351.91 3440
1107.99 1349.15 3433
1102.14 1349.15 3433
1094.05 1346.4 3426
1088.21 1346.4 3426
1077.95 1340.9 3412
1072.13 1340.9 3412
1046.94 1316.54 3350
1049.62 1327.15 3377
1056.84 1343.65 3419
1051.02 1343.65 3419
1045.19 1343.65 3419
1037.23 1340.9 3412
1031.41 1340.9 3412
1025.6 1340.9 3412
406.486 1181.35 3006
401.361 1181.35 3006
402.696 1200.6 3055
399.7 1207.28 3072
394.463 1207.28 3072
389.226 1207.28 3072
380.489 1196.28 3044
369.875 1178.99 3000
371.448 1200.6 3055
366.24 1200.6 3055
361.032 1200.6 3055
355.824 1200.6 3055
350.616 1200.6 3055
344.164 1196.28 3044
339.643 1198.64 3050
334.443 1198.64 3050
330.431 1202.96 3061
325.213 1202.96 3061
321.145 1207.28 3072
315.908 1207.28 3072
311.885 1212 3084
306.627 1212 3084
301.858 1213.96 3089
296.592 1213.96 3089
291.326 1213.96 3089
285.597 1212 3084
279.794 1209.64 3078
274.547 1209.64 3078
269.825 1212 3084
264.568 1212 3084
259.31 1212 3084
254.053 1212 3084
248.795 1212 3084
243.538 1212 3084
238.28 1212 3084
233.023 1212 3084
227.765 1212 3084
222.508 1212 3084
216.828 1209.64 3078
211.168 1207.28 3072
205.931 1207.28 3072
200.368 1205.32 3067
195.139 1205.32 3067
189.168 1200.6 3055
183.96 1200.6 3055
178.108 1196.28 3044
172.919 1196.28 3044
167.123 1191.96 3033
161.953 1191.96 3033
156.524 1189.99 3028
151.062 1187.63 3022
145.138 1181.35 3006
140.013 1181.35 3006
134.62 1178.99 3000
129.289 1177.02 2995
123.313 1168.77 2974
118.243 1168.77 2974
112.755 1164.45 2963
107.522 1162.48 2958
-137.024 172.918 440
-138.088 173.311 441
-139.154 173.704 442
-139.908 173.704 442
-140.979 174.097 443
-141.735 174.097 443
-142.49 174.097 443
-143.568 174.49 444
-144.325 174.49 444
-145.082 174.49 444
-145.839 174.49 444
-146.596 174.49 444
-147.353 174.49 444
-148.11 174.49 444
-148.867 174.49 444
-149.624 174.49 444
-150.381 174.49 444
-151.138 174.49 444
-151.894 174.49 444
-152.651 174.49 444
-153.063 174.097 443
-153.818 174.097 443
-168.768 188.245 479
-169.584 188.245 479
-170.756 188.638 480
-171.575 188.638 480
-172.393 188.638 480
-173.211 188.638 480
-174.392 189.031 481
-175.212 189.031 481
-176.032 189.031 481
-176.852 189.031 481
-177.672 189.031 481
-178.863 189.424 482
-180.058 189.817 483
-181.63 190.603 485
-182.457 190.603 485
-183.284 190.603 485
-184.11 190.603 485
-184.937 190.603 485
-985.479 924.719 2353
-989.49 924.719 2353
-996.457 927.47 2360
-1000.48 927.47 2360
-1004.5 927.47 2360
-1008.53 927.47 2360
-1012.55 927.47 2360
-1009.25 920.789 2343
-1013.24 920.789 2343
-1012.9 916.859 2333
-1011.21 911.75 2320
-1016.48 912.929 2323
-1020.44 912.929 2323
-1024.4 912.929 2323
-1031.46 915.68 2330
-1035.43 915.68 2330
-1039.4 915.68 2330
-1042.03 914.501 2327
-1041.5 910.571 2317
-1040.94 906.641 2307
-1044.87 906.641 2307
-1047.44 905.462 2304
-1048.63 903.104 2298
-1049.8 900.746 2292
-1053.71 900.746 2292
-1054.38 897.995 2285
-1058.28 897.995 2285
-1062.17 897.995 2285
-1066.07 897.995 2285
-1068.56 896.816 2282
-1071.04 895.637 2279
-1074.93 895.637 2279
-1078.81 895.637 2279
-1082.7 895.637 2279
-1085.15 894.459 2276
-1087.59 893.28 2273
-1091.47 893.28 2273
-1092.45 890.922 2267
-1094.87 889.743 2264
-1093.87 885.813 2254
-1097.72 885.813 2254
-1100.09 884.634 2251
-1103.93 884.634 2251
-1106.29 883.455 2248
-1110.12 883.455 2248
-1112.47 882.276 2245
-1116.3 882.276 2245
-1120.12 882.276 2245
-1123.95 882.276 2245
-1120.24 876.381 2230
-1124.04 876.381 2230
-1126.33 875.202 2227
-1130.12 875.202 2227
-1132.39 874.023 2224
-1136.19 874.023 2224
-1135.36 870.486 2215
-1139.14 870.486 2215
2037.08 1497.07 3826
2030.56 1497.07 3826
2024.04 1497.07 3826
2013.3 1493.94 3818
2002.06 1490.42 3809
1990.85 1486.9 3800
1984.37 1486.9 3800
1955.51 1470.08 3757
1940.29 1463.42 3740
1925.64 1457.16 3724
1919.29 1457.16 3724
1912.94 1457.16 3724
1897.89 1450.51 3707
1875.24 1437.99 3675
1856.26 1428.21 3650
1850.04 1428.21 3650
1843.82 1428.21 3650
1837.59 1428.21 3650
1831.37 1428.21 3650
1825.15 1428.21 3650
1811.45 1422.34 3635
1793.34 1412.95 3611
1775.8 1403.95 3588
1769.68 1403.95 3588
1752.26 1394.95 3565
1738.34 1388.69 3549
1724.97 1382.82 3534
1718.95 1382.82 3534
1709.53 1380.08 3527
1700.14 1377.34 3520
1690.29 1374.21 3512
1684.3 1374.21 3512
1671.14 1368.34 3497
1661.85 1365.6 3490
1663.02 1371.47 3505
1657.04 1371.47 3505
1651.07 1371.47 3505
1645.09 1371.47 3505
1639.12 1371.47 3505
1636.4 1374.21 3512
1630.41 1374.21 3512
1631.37 1380.08 3527
1632.27 1385.95 3542
1626.23 1385.95 3542
1620.19 1385.95 3542
1617.34 1388.69 3549
1611.29 1388.69 3549
1605.24 1388.69 3549
1596.04 1385.95 3542
1590 1385.95 3542
1587.09 1388.69 3549
1581.04 1388.69 3549
1574.99 1388.69 3549
1568.94 1388.69 3549
1562.89 1388.69 3549
1560.35 1391.82 3557
1554.29 1391.82 3557
1548.22 1391.82 3557
1542.16 1391.82 3557
1536.09 1391.82 3557
1530.03 1391.82 3557
1523.97 1391.82 3557
1514.49 1388.69 3549
1508.44 1388.69 3549
1499.42 1385.95 3542
1490.01 1382.82 3534
1487.35 1385.95 3542
1481.31 1385.95 3542
1475.27 1385.95 3542
1472.14 1388.69 3549
1466.09 1388.69 3549
1460.04 1388.69 3549
1453.99 1388.69 3549
1447.94 1388.69 3549
1439.04 1385.95 3542
1433 1385.95 3542
1426.97 1385.95 3542
1417.72 1382.82 3534
1411.69 1382.82 3534
1405.67 1382.82 3534
1390.93 1374.21 3512
1379.03 1368.34 3497
1373.07 1368.34 3497
1367.11 1368.34 3497
1358.42 1365.6 3490
1352.47 1365.6 3490
1346.52 1365.6 3490
1340.57 1365.6 3490
1331.95 1362.86 3483
1323.34 1360.12 3476
1317.42 1360.12 3476
1311.49 1360.12 3476
1299.93 1354.25 3461
1286.18 1346.04 3440
1282.92 1348.78 3447
1282.23 1354.25 3461
1276.33 1354.25 3461
1273 1356.99 3468
1267.09 1356.99 3468
1264.09 1360.12 3476
1258.16 1360.12 3476
1252.23 1360.12 3476
1246.31 1360.12 3476
1240.38 1360.12 3476
1234.46 1360.12 3476
1228.53 1360.12 3476
1222.61 1360.12 3476
1211.43 1354.25 3461
1207.97 1356.99 3468
1202.06 1356.99 3468
1196.14 1356.99 3468
1190.23 1356.99 3468
1184.32 1356.99 3468
1178.41 1356.99 3468
1172.5 1356.99 3468
1166.58 1356.99 3468
1160.67 1356.99 3468
1152.43 1354.25 3461
1144.21 1351.51 3454
1136.01 1348.78 3447
1130.14 1348.78 3447
1124.26 1348.78 3447
1116.11 1346.04 3440
1107.99 1343.3 3433
1102.14 1343.3 3433
1094.05 1340.56 3426
1090.43 1343.3 3433
1084.58 1343.3 3433
1078.73 1343.3 3433
1059.75 1326.86 3391
1053.97 1326.86 3391
1056.84 1337.82 3419
1051.02 1337.82 3419
1045.19 1337.82 3419
1037.23 1335.08 3412
1031.41 1335.08 3412
1025.6 1335.08 3412
406.486 1176.22 3006
401.361 1176.22 3006
402.696 1195.39 3055
399.7 1202.04 3072
394.463 1202.04 3072
389.226 1202.04 3072
380.489 1191.09 3044
371.231 1178.17 3011
371.448 1195.39 3055
366.24 1195.39 3055
363.041 1202.04 3072
357.804 1202.04 3072
352.567 1202.04 3072
345.408 1195.39 3055
340.868 1197.74 3061
335.65 1197.74 3061
331.079 1200.09 3067
325.851 1200.09 3067
321.145 1202.04 3072
317.142 1206.74 3084
312.39 1208.69 3089
307.124 1208.69 3089
301.858 1208.69 3089
296.592 1208.69 3089
291.326 1208.69 3089
286.06 1208.69 3089
280.34 1206.74 3084
275.082 1206.74 3084
270.262 1208.69 3089
264.996 1208.69 3089
259.73 1208.69 3089
254.465 1208.69 3089
249.199 1208.69 3089
243.933 1208.69 3089
238.28 1206.74 3084
233.023 1206.74 3084
227.765 1206.74 3084
222.508 1206.74 3084
216.828 1204.39 3078
211.581 1204.39 3078
206.333 1204.39 3078
201.086 1204.39 3078
195.139 1200.09 3067
189.911 1200.09 3067
184.682 1200.09 3067
178.752 1195.39 3055
173.26 1193.43 3050
167.729 1191.09 3044
162.54 1191.09 3044
157.351 1191.09 3044
151.362 1184.83 3028
145.91 1182.48 3022
140.759 1182.48 3022
135.607 1182.48 3022
129.764 1176.22 3006
123.52 1165.65 2979
118.442 1165.65 2979
113.363 1165.65 2979
107.522 1157.44 2958
-138.088 172.559 441
-139.154 172.95 442
-139.908 172.95 442
-140.979 173.341 443
-141.735 173.341 443
-142.49 173.341 443
-143.568 173.733 444
-144.325 173.733 444
-145.082 173.733 444
-145.839 173.733 444
-146.596 173.733 444
-147.353 173.733 444
-148.11 173.733 444
-148.867 173.733 444
-149.624 173.733 444
-150.381 173.733 444
-151.138 173.733 444
-151.894 173.733 444
-152.651 173.733 444
-153.063 173.341 443
-153.818 173.341 443
-168.768 187.428 479
-169.584 187.428 479
-170.756 187.819 480
-171.575 187.819 480
-172.393 187.819 480
-173.211 187.819 480
-174.392 188.21 481
-175.212 188.21 481
-176.032 188.21 481
-176.852 188.21 481
-177.672 188.21 481
-178.863 188.602 482
-180.058 188.993 483
-181.63 189.776 485
-182.457 189.776 485
-184.795 191.341 489
-186.008 191.732 490
-186.844 191.732 490
-187.679 191.732 490
-985.479 920.705 2353
-989.49 920.705 2353
-1003.21 929.704 2376
-1007.26 929.704 2376
-1011.31 929.704 2376
-1015.36 929.704 2376
-1019.41 929.704 2376
-1023.47 929.704 2376
-1021.89 924.618 2363
-1012.9 912.879 2333
-1015.57 911.705 2330
-1016.48 908.966 2323
-1020.44 908.966 2323
-1024.4 908.966 2323
-1028.36 908.966 2323
-1030.98 907.792 2320
-1034.94 907.792 2320
-1037.55 906.618 2317
-1040.15 905.444 2314
-1039.58 901.531 2304
-1043.51 901.531 2304
-1040.17 895.271 2288
-1044.07 895.271 2288
-1046.59 894.097 2285
-1050.49 894.097 2285
-1053 892.923 2282
-1055.5 891.749 2279
-1059.38 891.749 2279
-1063.27 891.749 2279
-1067.16 891.749 2279
-1069.63 890.575 2276
-1073.51 890.575 2276
-1077.39 890.575 2276
-1081.27 890.575 2276
-1083.72 889.402 2273
-1087.59 889.402 2273
-1091.47 889.402 2273
-1092.45 887.054 2267
-1094.87 885.88 2264
-1093.87 881.967 2254
-1097.72 881.967 2254
-1100.09 880.793 2251
-1103.93 880.793 2251
-1106.29 879.619 2248
-1110.12 879.619 2248
-1112.47 878.445 2245
-1116.3 878.445 2245
-1118.63 877.272 2242
-1122.45 877.272 2242
-1120.24 872.576 2230
-1122.53 871.402 2227
-1124.81 870.228 2224
-1128.6 870.228 2224
-1132.39 870.228 2224
-1133.12 867.881 2218
-1135.36 866.707 2215
-1139.14 866.707 2215
2037.08 1490.55 3826
2030.56 1490.55 3826
2024.04 1490.55 3826
2013.3 1487.43 3818
2002.06 1483.92 3809
1990.85 1480.42 3800
1984.37 1480.42 3800
1955.51 1463.67 3757
1940.29 1457.04 3740
1933.91 1457.04 3740
1927.53 1457.04 3740
1921.16 1457.04 3740
1897.89 1444.19 3707
1871.16 1428.6 3667
1856.26 1421.98 3650
1850.04 1421.98 3650
1843.82 1421.98 3650
1837.59 1421.98 3650
1823.85 1416.14 3635
1817.65 1416.14 3635
1803.48 1409.9 3619
1789.36 1403.67 3603
1771.84 1394.71 3580
1765.73 1394.71 3580
1752.26 1388.87 3565
1742.26 1385.75 3557
1728.88 1379.91 3542
1722.84 1379.91 3542
1712.92 1376.79 3534
1700.14 1371.33 3520
1690.29 1368.22 3512
1684.3 1368.22 3512
1671.14 1362.37 3497
1661.85 1359.65 3490
1663.02 1365.49 3505
1657.04 1365.49 3505
1651.07 1365.49 3505
1645.09 1365.49 3505
1639.12 1365.49 3505
1636.4 1368.22 3512
1630.41 1368.22 3512
1631.37 1374.06 3527
1632.27 1379.91 3542
1626.23 1379.91 3542
1620.19 1379.91 3542
1617.34 1382.63 3549
1611.29 1382.63 3549
1605.24 1382.63 3549
1596.04 1379.91 3542
1590 1379.91 3542
1587.09 1382.63 3549
1581.04 1382.63 3549
1574.99 1382.63 3549
1572.48 1385.75 3557
1566.41 1385.75 3557
1560.35 1385.75 3557
1554.29 1385.75 3557
1551.7 1388.87 3565
1545.63 1388.87 3565
1539.55 1388.87 3565
1533.47 1388.87 3565
1523.97 1385.75 3557
1517.9 1385.75 3557
1511.84 1385.75 3557
1502.39 1382.63 3549
1493.39 1379.91 3542
1487.35 1379.91 3542
1484.24 1382.63 3549
1478.19 1382.63 3549
1478.77 1388.87 3565
1475.59 1391.59 3572
1472.79 1394.71 3580
1466.69 1394.71 3580
1460.58 1394.71 3580
1454.48 1394.71 3580
1448.38 1394.71 3580
1439.05 1391.59 3572
1430.15 1388.87 3565
1417.69 1382.63 3549
1411.64 1382.63 3549
1405.59 1382.63 3549
1393.62 1376.79 3534
1384.85 1374.06 3527
1378.83 1374.06 3527
1372.82 1374.06 3527
1366.81 1374.06 3527
1360.8 1374.06 3527
1354.78 1374.06 3527
1348.77 1374.06 3527
1340.09 1371.33 3520
1334.09 1371.33 3520
1328.09 1371.33 3520
1322.09 1371.33 3520
1299.64 1354.19 3476
1293.71 1354.19 3476
1290.38 1356.92 3483
1284.44 1356.92 3483
1278.51 1356.92 3483
1272.57 1356.92 3483
1269.18 1359.65 3490
1263.23 1359.65 3490
1257.28 1359.65 3490
1251.33 1359.65 3490
1245.38 1359.65 3490
1239.43 1359.65 3490
1233.48 1359.65 3490
1227.53 1359.65 3490
1221.58 1359.65 3490
1210.75 1354.19 3476
1204.83 1354.19 3476
1198.9 1354.19 3476
1192.98 1354.19 3476
1187.05 1354.19 3476
1183.5 1356.92 3483
1177.57 1356.92 3483
1171.63 1356.92 3483
1165.69 1356.92 3483
1157.42 1354.19 3476
1146.53 1348.35 3461
1140.63 1348.35 3461
1134.73 1348.35 3461
1128.83 1348.35 3461
1122.93 1348.35 3461
1117.03 1348.35 3461
1111.13 1348.35 3461
1105.23 1348.35 3461
1097.1 1345.62 3454
1084.58 1337.44 3433
1078.73 1337.44 3433
1059.75 1321.08 3391
1053.97 1321.08 3391
1056.84 1331.99 3419
1051.02 1331.99 3419
1045.19 1331.99 3419
398.268 1192.52 3061
393.05 1192.52 3061
387.832 1192.52 3061
380.489 1185.89 3044
371.231 1173.04 3011
371.448 1190.18 3055
366.24 1190.18 3055
363.041 1196.8 3072
357.804 1196.8 3072
352.567 1196.8 3072
345.408 1190.18 3055
340.868 1192.52 3061
335.65 1192.52 3061
332.914 1201.48 3084
327.657 1201.48 3084
322.399 1201.48 3084
317.656 1203.42 3089
312.997 1205.76 3095
307.721 1205.76 3095
303.031 1208.1 3101
297.744 1208.1 3101
292.458 1208.1 3101
286.616 1205.76 3095
280.794 1203.42 3089
275.528 1203.42 3089
270.787 1205.76 3095
265.511 1205.76 3095
260.235 1205.76 3095
254.959 1205.76 3095
249.683 1205.76 3095
244.406 1205.76 3095
238.667 1203.42 3089
233.401 1203.42 3089
228.135 1203.42 3089
222.508 1201.48 3084
217.251 1201.48 3084
211.993 1201.48 3084
206.736 1201.48 3084
201.086 1199.14 3078
195.839 1199.14 3078
189.911 1194.85 3067
184.682 1194.85 3067
179.454 1194.85 3067
174.225 1194.85 3067
168.666 1192.52 3061
163.448 1192.52 3061
157.661 1188.23 3050
152.462 1188.23 3050
146.972 1185.89 3044
141.783 1185.89 3044
136.37 1183.94 3039
131.189 1183.94 3039
125.759 1181.61 3033
120.589 1181.61 3033
114.163 1168.75 3000
107.34 1150.44 2953
-139.154 172.196 442
-140.224 172.586 443
-141.298 172.975 444
-142.055 172.975 444
-142.812 172.975 444
-143.568 172.975 444
-144.325 172.975 444
-145.409 173.365 445
-146.168 173.365 445
-146.926 173.365 445
-147.685 173.365 445
-148.443 173.365 445
-149.202 173.365 445
-149.961 173.365 445
-150.381 172.975 444
-151.138 172.975 444
-151.894 172.975 444
-152.651 172.975 444
-168.768 186.611 479
-169.938 187 480
-170.756 187 480
-171.575 187 480
-172.393 187 480
-173.211 187 480
-174.392 187.39 481
-175.212 187.39 481
-176.032 187.39 481
-176.852 187.39 481
-177.672 187.39 481
-178.863 187.779 482
-180.058 188.169 483
-181.63 188.948 485
-182.457 188.948 485
-184.795 190.506 489
-186.008 190.896 490
-186.844 190.896 490
-187.679 190.896 490
-985.479 916.69 2353
-989.49 916.69 2353
-1043.32 962.661 2471
-1047.54 962.661 2471
-1051.75 962.661 2471
-1055.96 962.661 2471
-1054.17 957.207 2457
-1058.36 957.207 2457
-1037.89 935.001 2400
-1025.92 920.586 2363
-1029.95 920.586 2363
-1033.98 920.586 2363
-1036.69 919.417 2360
-1040.71 919.417 2360
-1040.31 915.522 2350
-1044.32 915.522 2350
-1042.52 910.457 2337
-1042.03 906.561 2327
-1040.15 901.497 2314
-1036.88 895.263 2298
-1040.79 895.263 2298
-1043.35 894.094 2295
-1044.07 891.367 2288
-1046.59 890.199 2285
-1050.49 890.199 2285
-1053 889.03 2282
-1054.11 886.692 2276
-1057.99 886.692 2276
-1061.87 886.692 2276
-1065.75 886.692 2276
-1069.63 886.692 2276
-1073.51 886.692 2276
-1077.39 886.692 2276
-1079.85 885.524 2273
-1083.72 885.524 2273
-1086.16 884.355 2270
-1090.03 884.355 2270
-1092.45 883.186 2267
-1093.42 880.849 2261
-1092.42 876.953 2251
-1096.26 876.953 2251
-1100.09 876.953 2251
-1103.93 876.953 2251
-1106.29 875.784 2248
-1110.12 875.784 2248
-1112.47 874.615 2245
-1114.8 873.446 2242
-1117.13 872.278 2239
-1120.95 872.278 2239
-1120.24 868.771 2230
-1122.53 867.603 2227
-1124.81 866.434 2224
-1128.6 866.434 2224
-1132.39 866.434 2224
-1133.12 864.096 2218
-1132.8 860.98 2210
-1136.57 860.98 2210
2037.08 1484.02 3826
2030.56 1484.02 3826
2024.04 1484.02 3826
2013.3 1480.92 3818
2002.06 1477.43 3809
1977.23 1463.85 3774
1970.79 1463.85 3774
1955.51 1457.26 3757
1940.29 1450.66 3740
1933.91 1450.66 3740
1927.53 1450.66 3740
1921.16 1450.66 3740
1897.89 1437.86 3707
1871.16 1422.35 3667
1856.26 1415.75 3650
1850.04 1415.75 3650
1843.82 1415.75 3650
1837.59 1415.75 3650
1823.85 1409.93 3635
1817.65 1409.93 3635
1799.49 1400.63 3611
1789.36 1397.52 3603
1771.84 1388.6 3580
1765.73 1388.6 3580
1755.7 1385.5 3572
1746.18 1382.78 3565
1736.2 1379.68 3557
1730.14 1379.68 3557
1720.19 1376.58 3549
1710.76 1373.86 3542
1704.72 1373.86 3542
1698.69 1373.86 3542
1692.65 1373.86 3542
1679.47 1368.04 3527
1676.78 1370.76 3534
1674.53 1373.86 3542
1668.49 1373.86 3542
1662.46 1373.86 3542
1656.42 1373.86 3542
1650.38 1373.86 3542
1644.34 1373.86 3542
1648.94 1382.78 3565
1649.78 1388.6 3580
1643.67 1388.6 3580
1637.57 1388.6 3580
1631.47 1388.6 3580
1621.73 1385.5 3572
1615.64 1385.5 3572
1609.55 1385.5 3572
1603.47 1385.5 3572
1597.38 1385.5 3572
1591.29 1385.5 3572
1582.09 1382.78 3565
1576.01 1382.78 3565
1566.41 1379.68 3557
1560.35 1379.68 3557
1554.29 1379.68 3557
1551.7 1382.78 3565
1545.63 1382.78 3565
1539.55 1382.78 3565
1533.47 1382.78 3565
1523.97 1379.68 3557
1517.9 1379.68 3557
1511.84 1379.68 3557
1502.39 1376.58 3549
1493.39 1373.86 3542
1487.35 1373.86 3542
1484.24 1376.58 3549
1478.19 1376.58 3549
1478.77 1382.78 3565
1475.59 1385.5 3572
1472.79 1388.6 3580
1466.69 1388.6 3580
1460.58 1388.6 3580
1454.48 1388.6 3580
1448.38 1388.6 3580
1439.05 1385.5 3572
1436.17 1388.6 3580
1430.07 1388.6 3580
1423.97 1388.6 3580
1414.69 1385.5 3572
1408.61 1385.5 3572
1396.63 1379.68 3557
1393.69 1382.78 3565
1387.61 1382.78 3565
1381.54 1382.78 3565
1375.46 1382.78 3565
1369.38 1382.78 3565
1363.3 1382.78 3565
1357.23 1382.78 3565
1351.15 1382.78 3565
1345.07 1382.78 3565
1338.99 1382.78 3565
1324.32 1373.86 3542
1318.28 1373.86 3542
1312.24 1373.86 3542
1303.25 1370.76 3534
1297.23 1370.76 3534
1291.2 1370.76 3534
1285.18 1370.76 3534
1279.15 1370.76 3534
1273.13 1370.76 3534
1267.1 1370.76 3534
1261.08 1370.76 3534
1255.06 1370.76 3534
1246.56 1368.04 3527
1238.08 1365.33 3520
1232.08 1365.33 3520
1220.86 1359.51 3505
1214.88 1359.51 3505
1206.15 1356.41 3497
1200.18 1356.41 3497
1194.22 1356.41 3497
1188.26 1356.41 3497
1182.3 1356.41 3497
1176.34 1356.41 3497
1168.03 1353.69 3490
1159.75 1350.98 3483
1151.5 1348.26 3476
1147.88 1350.98 3483
1141.94 1350.98 3483
1136 1350.98 3483
1130.07 1350.98 3483
1124.13 1350.98 3483
1118.19 1350.98 3483
1112.25 1350.98 3483
1106.32 1350.98 3483
1100.38 1350.98 3483
1087.53 1342.44 3461
1064.13 1320.72 3405
1058.32 1320.72 3405
1039.53 1304.43 3363
1033.8 1304.43 3363
386.63 1167.9 3011
381.497 1167.9 3011
376.364 1167.9 3011
372.587 1172.17 3022
372.907 1189.62 3067
367.678 1189.62 3067
363.041 1191.56 3072
357.804 1191.56 3072
352.567 1191.56 3072
347.33 1191.56 3072
342.093 1191.56 3072
336.856 1191.56 3072
332.914 1196.21 3084
327.657 1196.21 3084
322.399 1196.21 3084
317.656 1198.15 3089
312.997 1200.48 3095
307.721 1200.48 3095
303.031 1202.81 3101
297.744 1202.81 3101
292.458 1202.81 3101
286.616 1200.48 3095
280.794 1198.15 3089
275.528 1198.15 3089
270.787 1200.48 3095
265.511 1200.48 3095
260.235 1200.48 3095
254.959 1200.48 3095
249.683 1200.48 3095
244.406 1200.48 3095
238.667 1198.15 3089
233.401 1198.15 3089
228.135 1198.15 3089
222.508 1196.21 3084
217.251 1196.21 3084
211.993 1196.21 3084
207.473 1200.48 3095
202.197 1200.48 3095
196.921 1200.48 3095
191.273 1198.15 3089
186.007 1198.15 3089
180.448 1196.21 3084
174.85 1193.89 3078
168.997 1189.62 3067
163.768 1189.62 3067
158.23 1187.29 3061
152.462 1183.03 3050
147.262 1183.03 3050
142.063 1183.03 3050
136.863 1183.03 3050
131.405 1180.7 3044
126.215 1180.7 3044
121.026 1180.7 3044
114.163 1163.63 3000
107.34 1145.4 2953
-140.224 171.83 443
-141.616 172.605 445
-142.375 172.605 445
-143.133 172.605 445
-143.892 172.605 445
-144.65 172.605 445
-145.409 172.605 445
-146.168 172.605 445
-146.926 172.605 445
-147.685 172.605 445
-148.443 172.605 445
-149.202 172.605 445
-149.961 172.605 445
-150.719 172.605 445
-151.478 172.605 445
-151.894 172.218 444
-168.768 185.793 479
-169.938 186.181 480
-170.756 186.181 480
-171.575 186.181 480
-172.393 186.181 480
-173.211 186.181 480
-174.03 186.181 480
-174.848 186.181 480
-176.032 186.569 481
-176.852 186.569 481
-177.672 186.569 481
-179.234 187.345 483
-180.803 188.121 485
-183.128 189.672 489
-183.962 189.672 489
-185.551 190.448 491
-186.388 190.448 491
-187.225 190.448 491
-188.062 190.448 491
-985.479 912.676 2353
-989.49 912.676 2353
-1043.32 958.445 2471
-1047.54 958.445 2471
-1051.75 958.445 2471
-1055.96 958.445 2471
-1054.17 953.015 2457
-1058.36 953.015 2457
-1037.89 930.906 2400
-1025.92 916.555 2363
-1029.95 916.555 2363
-1033.98 916.555 2363
-1036.69 915.391 2360
-1047.77 921.597 2376
-1051.82 921.597 2376
-1055.87 921.597 2376
-1049.66 912.676 2353
-1049.19 908.797 2343
-1045.99 902.591 2327
-1049.96 902.591 2327
-1048.04 897.549 2314
-1044.71 891.343 2298
-1047.26 890.179 2295
-1051.17 890.179 2295
-1055.09 890.179 2295
-1055.77 887.464 2288
-1055.5 883.973 2279
-1057.99 882.809 2276
-1061.87 882.809 2276
-1065.75 882.809 2276
-1069.63 882.809 2276
-1073.51 882.809 2276
-1077.39 882.809 2276
-1079.85 881.646 2273
-1083.72 881.646 2273
-1086.16 880.482 2270
-1090.03 880.482 2270
-1092.45 879.318 2267
-1093.42 876.991 2261
-1090.96 871.949 2248
-1094.79 871.949 2248
-1098.63 871.949 2248
-1102.46 871.949 2248
-1104.81 870.785 2245
-1108.64 870.785 2245
-1110.98 869.621 2242
-1114.8 869.621 2242
-1117.13 868.458 2239
-1120.95 868.458 2239
-1120.24 864.967 2230
-1121.02 862.64 2224
-1124.81 862.64 2224
-1128.6 862.64 2224
-1130.87 861.476 2221
-1133.12 860.312 2218
-1131.26 856.046 2207
-1135.03 856.046 2207
2032.82 1474.4 3818
2026.31 1474.4 3818
2019.8 1474.4 3818
2008.55 1470.93 3809
1993.12 1464.36 3792
1977.23 1457.41 3774
1970.79 1457.41 3774
1955.51 1450.85 3757
1940.29 1444.28 3740
1933.91 1444.28 3740
1927.53 1444.28 3740
1921.16 1444.28 3740
1897.89 1431.54 3707
1871.16 1416.09 3667
1856.26 1409.53 3650
1850.04 1409.53 3650
1843.82 1409.53 3650
1837.59 1409.53 3650
1823.85 1403.73 3635
1817.65 1403.73 3635
1803.48 1397.55 3619
1789.36 1391.38 3603
1779.26 1388.29 3595
1773.13 1388.29 3595
1759.63 1382.49 3580
1753.53 1382.49 3580
1743.52 1379.4 3572
1737.43 1379.4 3572
1731.34 1379.4 3572
1725.25 1379.4 3572
1719.16 1379.4 3572
1713.07 1379.4 3572
1706.98 1379.4 3572
1697.56 1376.7 3565
1698.6 1382.49 3580
1699.59 1388.29 3595
1693.46 1388.29 3595
1687.33 1388.29 3595
1681.2 1388.29 3595
1675.08 1388.29 3595
1668.95 1388.29 3595
1670.22 1394.46 3611
1667.75 1397.55 3619
1661.58 1397.55 3619
1655.41 1397.55 3619
1645.6 1394.46 3611
1635.81 1391.38 3603
1629.67 1391.38 3603
1619.92 1388.29 3595
1613.79 1388.29 3595
1607.66 1388.29 3595
1601.53 1388.29 3595
1595.4 1388.29 3595
1589.28 1388.29 3595
1580.06 1385.58 3588
1573.95 1385.58 3588
1564.34 1382.49 3580
1554.75 1379.4 3572
1548.66 1379.4 3572
1542.57 1379.4 3572
1536.48 1379.4 3572
1530.39 1379.4 3572
1524.3 1379.4 3572
1518.21 1379.4 3572
1512.12 1379.4 3572
1503.08 1376.7 3565
1497.01 1376.7 3565
1493.86 1379.4 3572
1487.77 1379.4 3572
1485 1382.49 3580
1482.2 1385.58 3588
1478.96 1388.29 3595
1472.83 1388.29 3595
1466.7 1388.29 3595
1460.58 1388.29 3595
1454.45 1388.29 3595
1445.5 1385.58 3588
1439.38 1385.58 3588
1430.07 1382.49 3580
1423.97 1382.49 3580
1414.69 1379.4 3572
1408.61 1379.4 3572
1396.63 1373.61 3557
1393.69 1376.7 3565
1387.61 1376.7 3565
1381.54 1376.7 3565
1375.46 1376.7 3565
1369.38 1376.7 3565
1363.3 1376.7 3565
1357.23 1376.7 3565
1351.15 1376.7 3565
1345.07 1376.7 3565
1338.99 1376.7 3565
1324.32 1367.82 3542
1318.28 1367.82 3542
1312.24 1367.82 3542
1303.25 1364.73 3534
1297.23 1364.73 3534
1291.2 1364.73 3534
1285.18 1364.73 3534
1279.15 1364.73 3534
1278.53 1370.52 3549
1272.48 1370.52 3549
1266.43 1370.52 3549
1260.38 1370.52 3549
1251.86 1367.82 3542
1240.54 1362.03 3527
1234.53 1362.03 3527
1226.08 1359.32 3520
1217.31 1356.23 3512
1208.91 1353.53 3505
1202.93 1353.53 3505
1196.96 1353.53 3505
1188.26 1350.44 3497
1182.3 1350.44 3497
1176.34 1350.44 3497
1170.38 1350.44 3497
1162.08 1347.74 3490
1153.82 1345.04 3483
1147.88 1345.04 3483
1141.94 1345.04 3483
1138.29 1347.74 3490
1132.34 1347.74 3490
1128.65 1350.44 3497
1122.68 1350.44 3497
1116.72 1350.44 3497
1108.54 1347.74 3490
1102.59 1347.74 3490
1094.44 1345.04 3483
1072.88 1325.73 3433
1067.02 1325.73 3433
1048.19 1309.51 3391
1042.41 1309.51 3391
386.63 1162.76 3011
381.497 1162.76 3011
376.364 1162.76 3011
372.587 1167.01 3022
373.515 1186.32 3072
368.278 1186.32 3072
364.459 1190.95 3084
359.201 1190.95 3084
353.944 1190.95 3084
347.33 1186.32 3072
342.761 1188.64 3078
337.514 1188.64 3078
333.454 1192.88 3089
328.188 1192.88 3089
323.549 1195.2 3095
318.89 1197.52 3101
313.604 1197.52 3101
308.914 1199.83 3107
303.617 1199.83 3107
298.321 1199.83 3107
293.024 1199.83 3107
287.172 1197.52 3101
281.885 1197.52 3101
276.599 1197.52 3101
270.787 1195.2 3095
265.511 1195.2 3095
260.235 1195.2 3095
255.947 1199.83 3107
250.651 1199.83 3107
245.354 1199.83 3107
239.594 1197.52 3101
234.307 1197.52 3101
229.021 1197.52 3101
223.735 1197.52 3101
218.448 1197.52 3101
213.162 1197.52 3101
207.875 1197.52 3101
202.197 1195.2 3095
196.921 1195.2 3095
191.273 1192.88 3089
186.007 1192.88 3089
180.448 1190.95 3084
174.85 1188.64 3078
168.997 1184.39 3067
163.768 1184.39 3067
158.23 1182.07 3061
152.462 1177.82 3050
147.262 1177.82 3050
142.063 1177.82 3050
136.863 1177.82 3050
131.405 1175.51 3044
126.215 1175.51 3044
121.026 1175.51 3044
114.163 1158.51 3000
-140.224 171.074 443
-141.616 171.846 445
-142.375 171.846 445
-143.133 171.846 445
-143.892 171.846 445
-144.65 171.846 445
-145.409 171.846 445
-146.168 171.846 445
-146.926 171.846 445
-147.685 171.846 445
-148.443 171.846 445
-149.202 171.846 445
-149.961 171.846 445
-150.719 171.846 445
-151.478 171.846 445
-151.894 171.46 444
-168.768 184.976 479
-169.938 185.362 480
-170.756 185.362 480
-171.575 185.362 480
-172.393 185.362 480
-173.572 185.748 481
-174.392 185.748 481
-175.212 185.748 481
-176.032 185.748 481
-177.587 186.521 483
-178.411 186.521 483
-179.976 187.293 485
-182.294 188.838 489
-183.128 188.838 489
-184.714 189.61 491
-185.551 189.61 491
-186.388 189.61 491
-187.225 189.61 491
-188.062 189.61 491
-1053.04 963.112 2494
-1057.29 963.112 2494
-1061.54 963.112 2494
-1065.79 963.112 2494
-1070.04 963.112 2494
-1074.29 963.112 2494
-1062.54 948.823 2457
-1043.72 928.356 2404
-1044.77 925.653 2397
-1048.86 925.653 2397
-1052.94 925.653 2397
-1057.03 925.653 2397
-1051.82 917.543 2376
-1055.87 917.543 2376
-1049.66 908.661 2353
-1049.19 904.8 2343
-1045.99 898.621 2327
-1049.96 898.621 2327
-1048.04 893.601 2314
-1044.71 887.422 2298
-1047.26 886.263 2295
-1051.17 886.263 2295
-1055.09 886.263 2295
-1055.77 883.56 2288
-1055.5 880.085 2279
-1056.6 877.768 2273
-1060.47 877.768 2273
-1064.35 877.768 2273
-1068.22 877.768 2273
-1072.1 877.768 2273
-1075.97 877.768 2273
-1079.85 877.768 2273
-1083.72 877.768 2273
-1084.72 875.451 2267
-1088.59 875.451 2267
-1092.45 875.451 2267
-1093.42 873.134 2261
-1090.96 868.113 2248
-1094.79 868.113 2248
-1098.63 868.113 2248
-1102.46 868.113 2248
-1104.81 866.955 2245
-1108.64 866.955 2245
-1110.98 865.796 2242
-1114.8 865.796 2242
-1117.13 864.638 2239
-1120.95 864.638 2239
-1120.24 861.162 2230
-1121.02 858.845 2224
-1124.81 858.845 2224
-1128.6 858.845 2224
-1130.87 857.687 2221
-1133.12 856.528 2218
-1131.26 852.28 2207
-1135.03 852.28 2207
2023.24 1460.97 3800
2016.76 1460.97 3800
2010.28 1460.97 3800
1990.09 1450.97 3774
1974.72 1444.44 3757
1959.41 1437.9 3740
1953.04 1437.9 3740
1934.17 1428.67 3716
1919.02 1422.14 3699
1916.85 1425.21 3707
1910.53 1425.21 3707
1904.21 1425.21 3707
1893.79 1422.14 3699
1862.48 1403.3 3650
1848.63 1397.53 3635
1845.98 1400.22 3642
1839.77 1400.22 3642
1833.57 1400.22 3642
1823.85 1397.53 3635
1817.65 1397.53 3635
1803.48 1391.38 3619
1789.36 1385.23 3603
1779.26 1382.15 3595
1773.13 1382.15 3595
1759.63 1376.39 3580
1753.53 1376.39 3580
1743.52 1373.31 3572
1745.21 1379.46 3588
1739.1 1379.46 3588
1732.98 1379.46 3588
1726.86 1379.46 3588
1720.75 1379.46 3588
1710.81 1376.39 3580
1704.7 1376.39 3580
1705.72 1382.15 3595
1703.37 1385.23 3603
1697.23 1385.23 3603
1698.6 1391.38 3619
1692.43 1391.38 3619
1686.26 1391.38 3619
1680.09 1391.38 3619
1677.62 1394.46 3627
1675.12 1397.53 3635
1668.93 1397.53 3635
1662.73 1397.53 3635
1652.89 1394.46 3627
1646.7 1394.46 3627
1640.52 1394.46 3627
1627.13 1388.3 3611
1620.97 1388.3 3611
1614.82 1388.3 3611
1608.66 1388.3 3611
1602.5 1388.3 3611
1596.35 1388.3 3611
1590.19 1388.3 3611
1584.04 1388.3 3611
1574.39 1385.23 3603
1564.76 1382.15 3595
1558.63 1382.15 3595
1552.5 1382.15 3595
1546.38 1382.15 3595
1540.25 1382.15 3595
1531.13 1379.46 3588
1525.01 1379.46 3588
1518.9 1379.46 3588
1509.41 1376.39 3580
1503.31 1376.39 3580
1500.55 1379.46 3588
1494.43 1379.46 3588
1491.22 1382.15 3595
1491.7 1388.3 3611
1485.54 1388.3 3611
1479.39 1388.3 3611
1473.23 1388.3 3611
1467.08 1388.3 3611
1460.92 1388.3 3611
1451.54 1385.23 3603
1442.19 1382.15 3595
1436.06 1382.15 3595
1429.93 1382.15 3595
1421.03 1379.46 3588
1414.92 1379.46 3588
1405.66 1376.39 3580
1402.68 1379.46 3588
1396.57 1379.46 3588
1393.16 1382.15 3595
1387.03 1382.15 3595
1380.9 1382.15 3595
1374.78 1382.15 3595
1368.65 1382.15 3595
1362.52 1382.15 3595
1356.39 1382.15 3595
1347.63 1379.46 3588
1335.53 1373.31 3572
1329.44 1373.31 3572
1323.35 1373.31 3572
1314.68 1370.62 3565
1308.61 1370.62 3565
1299.61 1367.54 3557
1293.54 1367.54 3557
1287.48 1367.54 3557
1281.41 1367.54 3557
1272.48 1364.47 3549
1266.43 1364.47 3549
1260.38 1364.47 3549
1251.86 1361.78 3542
1240.54 1356.01 3527
1234.53 1356.01 3527
1226.08 1353.32 3520
1217.31 1350.24 3512
1208.91 1347.55 3505
1202.93 1347.55 3505
1196.96 1347.55 3505
1188.26 1344.48 3497
1182.3 1344.48 3497
1176.34 1344.48 3497
1170.38 1344.48 3497
1162.08 1341.78 3490
1153.82 1339.09 3483
1147.88 1339.09 3483
1141.94 1339.09 3483
1138.29 1341.78 3490
1132.34 1341.78 3490
1128.65 1344.48 3497
1122.68 1344.48 3497
1116.72 1344.48 3497
1108.54 1341.78 3490
1102.59 1341.78 3490
1096.64 1341.78 3490
1075.06 1322.56 3440
1069.2 1322.56 3440
1048.19 1303.72 3391
1042.41 1303.72 3391
386.63 1157.62 3011
381.497 1157.62 3011
376.364 1157.62 3011
372.587 1161.85 3022
373.515 1181.08 3072
369.716 1185.69 3084
367.177 1194.53 3107
361.88 1194.53 3107
356.584 1194.53 3107
348.687 1185.69 3084
343.986 1187.61 3089
339.378 1189.92 3095
334.102 1189.92 3095
330.632 1196.46 3112
325.327 1196.46 3112
320.021 1196.46 3112
314.716 1196.46 3112
310.604 1201.07 3124
305.278 1201.07 3124
299.953 1201.07 3124
294.627 1201.07 3124
289.302 1201.07 3124
283.976 1201.07 3124
278.65 1201.07 3124
272.8 1198.76 3118
267.484 1198.76 3118
262.169 1198.76 3118
256.853 1198.76 3118
251.538 1198.76 3118
246.223 1198.76 3118
240.907 1198.76 3118
235.592 1198.76 3118
229.833 1196.46 3112
224.528 1196.46 3112
218.871 1194.53 3107
213.574 1194.53 3107
208.277 1194.53 3107
202.981 1194.53 3107
197.684 1194.53 3107
192.388 1194.53 3107
186.73 1192.23 3101
180.741 1187.61 3089
175.191 1185.69 3084
169.934 1185.69 3084
164.356 1183.38 3078
158.54 1179.16 3067
152.712 1174.54 3055
147.504 1174.54 3055
142.296 1174.54 3055
137.088 1174.54 3055
131.664 1172.62 3050
126.215 1170.31 3044
121.026 1170.31 3044
115.837 1170.31 3044
-141.616 171.087 445
-142.375 171.087 445
-143.133 171.087 445
-143.892 171.087 445
-144.65 171.087 445
-145.409 171.087 445
-146.168 171.087 445
-146.926 171.087 445
-147.685 171.087 445
-148.443 171.087 445
-149.202 171.087 445
-149.961 171.087 445
-150.719 171.087 445
-151.478 171.087 445
-169.938 184.543 480
-170.756 184.543 480
-171.575 184.543 480
-172.752 184.928 481
-173.572 184.928 481
-174.392 184.928 481
-175.212 184.928 481
-176.398 185.312 482
-177.587 185.697 483
-178.411 185.697 483
-180.719 187.235 487
-182.294 188.004 489
-183.128 188.004 489
-184.714 188.772 491
-185.551 188.772 491
-186.768 189.157 492
-187.606 189.157 492
-188.445 189.157 492
-1060.64 965.777 2512
-1066.61 967.315 2516
-1070.9 967.315 2516
-1075.19 967.315 2516
-1079.48 967.315 2516
-1083.77 967.315 2516
-1078.55 958.857 2494
-1063.69 941.94 2450
-1066.13 940.402 2446
-1070.3 940.402 2446
-1074.47 940.402 2446
-1067.61 930.791 2421
-1062.44 922.717 2400
-1066.53 922.717 2400
-1059.92 913.49 2376
-1053.67 904.647 2353
-1053.19 900.802 2343
-1057.18 900.802 2343
-1052.12 893.113 2323
-1053.35 890.806 2317
-1057.3 890.806 2317
-1061.25 890.806 2317
-1055.09 882.348 2295
-1055.77 879.657 2288
-1056.89 877.35 2282
-1059.38 876.196 2279
-1063.27 876.196 2279
-1065.75 875.043 2276
-1068.22 873.89 2273
-1072.1 873.89 2273
-1075.97 873.89 2273
-1078.42 872.736 2270
-1082.29 872.736 2270
-1084.72 871.583 2267
-1088.59 871.583 2267
-1092.45 871.583 2267
-1091.48 867.738 2257
-1090.96 864.278 2248
-1094.79 864.278 2248
-1097.16 863.125 2245
-1100.99 863.125 2245
-1104.81 863.125 2245
-1108.64 863.125 2245
-1110.98 861.971 2242
-1113.31 860.818 2239
-1112.64 857.358 2230
-1116.44 857.358 2230
-1118.74 856.204 2227
-1121.02 855.051 2224
-1124.81 855.051 2224
-1128.6 855.051 2224
-1129.34 852.744 2218
-1129.03 849.668 2210
-1129.72 847.362 2204
-1133.48 847.362 2204
2023.24 1454.48 3800
2016.76 1454.48 3800
2010.28 1454.48 3800
1981.13 1438.03 3757
1965.79 1431.52 3740
1951.03 1425.4 3724
1944.68 1425.4 3724
1925.32 1415.83 3699
1919.02 1415.83 3699
1912.71 1415.83 3699
1906.4 1415.83 3699
1900.1 1415.83 3699
1877.41 1403.58 3667
1862.48 1397.07 3650
1848.63 1391.33 3635
1845.98 1394.01 3642
1839.77 1394.01 3642
1833.57 1394.01 3642
1823.85 1391.33 3635
1817.65 1391.33 3635
1803.48 1385.21 3619
1793.34 1382.14 3611
1783.22 1379.08 3603
1777.08 1379.08 3603
1767 1376.02 3595
1760.88 1376.02 3595
1751.33 1373.34 3588
1745.21 1373.34 3588
1739.1 1373.34 3588
1732.98 1373.34 3588
1726.86 1373.34 3588
1720.75 1373.34 3588
1710.81 1370.28 3580
1704.7 1370.28 3580
1705.72 1376.02 3595
1703.37 1379.08 3603
1697.23 1379.08 3603
1698.6 1385.21 3619
1692.43 1385.21 3619
1686.26 1385.21 3619
1680.09 1385.21 3619
1677.62 1388.27 3627
1675.12 1391.33 3635
1668.93 1391.33 3635
1662.73 1391.33 3635
1652.89 1388.27 3627
1646.7 1388.27 3627
1640.52 1388.27 3627
1627.13 1382.14 3611
1620.97 1382.14 3611
1614.82 1382.14 3611
1612.22 1385.21 3619
1606.05 1385.21 3619
1599.89 1385.21 3619
1593.72 1385.21 3619
1587.55 1385.21 3619
1577.88 1382.14 3611
1568.24 1379.08 3603
1558.63 1376.02 3595
1552.5 1376.02 3595
1546.38 1376.02 3595
1540.25 1376.02 3595
1534.12 1376.02 3595
1527.99 1376.02 3595
1518.9 1373.34 3588
1512.78 1373.34 3588
1503.31 1370.28 3580
1503.48 1376.02 3595
1497.35 1376.02 3595
1494.54 1379.08 3603
1491.7 1382.14 3611
1488.83 1385.21 3619
1482.67 1385.21 3619
1476.5 1385.21 3619
1470.33 1385.21 3619
1464.16 1385.21 3619
1454.76 1382.14 3611
1445.4 1379.08 3603
1439.26 1379.08 3603
1433.11 1379.08 3603
1423.8 1376.02 3595
1417.68 1376.02 3595
1408.8 1373.34 3588
1405.42 1376.02 3595
1399.29 1376.02 3595
1396.26 1379.08 3603
1390.12 1379.08 3603
1383.98 1379.08 3603
1377.83 1379.08 3603
1371.69 1379.08 3603
1365.55 1379.08 3603
1359.41 1379.08 3603
1350.26 1376.02 3595
1341.52 1373.34 3588
1332.42 1370.28 3580
1326.32 1370.28 3580
1320.22 1370.28 3580
1314.11 1370.28 3580
1305.09 1367.22 3572
1299 1367.22 3572
1290.37 1364.54 3565
1284.3 1364.54 3565
1275.35 1361.47 3557
1269.29 1361.47 3557
1263.22 1361.47 3557
1254.33 1358.41 3549
1245.82 1355.73 3542
1239.78 1355.73 3542
1228.52 1349.99 3527
1220.08 1347.31 3520
1214.08 1347.31 3520
1208.08 1347.31 3520
1202.08 1347.31 3520
1190.98 1341.57 3505
1185 1341.57 3505
1179.03 1341.57 3505
1173.05 1341.57 3505
1164.42 1338.51 3497
1156.14 1335.83 3490
1150.19 1335.83 3490
1144.24 1335.83 3490
1140.57 1338.51 3497
1137.2 1341.57 3505
1131.23 1341.57 3505
1125.25 1341.57 3505
1119.28 1341.57 3505
1113.3 1341.57 3505
1107.33 1341.57 3505
1096.64 1335.83 3490
1075.06 1316.69 3440
1069.2 1316.69 3440
1048.19 1297.94 3391
1042.41 1297.94 3391
383.933 1144.45 2990
378.836 1144.45 2990
376.364 1152.49 3011
372.587 1156.7 3022
373.515 1175.84 3072
369.716 1180.43 3084
367.177 1189.23 3107
361.88 1189.23 3107
356.584 1189.23 3107
348.687 1180.43 3084
343.986 1182.34 3089
339.378 1184.64 3095
334.102 1184.64 3095
332.544 1198.04 3130
327.208 1198.04 3130
323.106 1202.63 3142
317.75 1202.63 3142
312.394 1202.63 3142
307.037 1202.63 3142
301.681 1202.63 3142
295.759 1200.33 3136
290.413 1200.33 3136
285.067 1200.33 3136
279.721 1200.33 3136
273.85 1198.04 3130
268.514 1198.04 3130
263.178 1198.04 3130
257.842 1198.04 3130
252.022 1195.74 3124
246.696 1195.74 3124
241.371 1195.74 3124
236.045 1195.74 3124
230.276 1193.44 3118
224.961 1193.44 3118
219.223 1191.15 3112
213.918 1191.15 3112
208.613 1191.15 3112
202.981 1189.23 3107
197.684 1189.23 3107
192.388 1189.23 3107
187.091 1189.23 3107
181.443 1186.94 3101
175.475 1182.34 3089
170.209 1182.34 3089
164.676 1180.43 3084
158.54 1173.92 3067
153.012 1171.63 3061
147.793 1171.63 3061
142.296 1169.33 3055
137.088 1169.33 3055
131.88 1169.33 3055
126.464 1167.42 3050
121.265 1167.42 3050
115.837 1165.12 3044
-142.375 170.328 445
-143.133 170.328 445
-143.892 170.328 445
-144.65 170.328 445
-145.409 170.328 445
-146.168 170.328 445
-169.938 183.724 480
-170.756 183.724 480
-171.575 183.724 480
-172.752 184.107 481
-173.572 184.107 481
-174.392 184.107 481
-175.212 184.107 481
-176.398 184.49 482
-177.587 184.873 483
-178.411 184.873 483
-180.719 186.404 487
-182.294 187.169 489
-183.128 187.169 489
-184.714 187.935 491
-185.551 187.935 491
-186.768 188.318 492
-187.606 188.318 492
-188.445 188.318 492
-1067.39 967.615 2528
-1071.7 967.615 2528
-1076.01 967.615 2528
-1080.32 967.615 2528
-1081.2 964.553 2520
-1085.49 964.553 2520
-1088.06 963.022 2516
-1082.8 954.601 2494
-1073.97 943.119 2464
-1078.17 943.119 2464
-1082.37 943.119 2464
-1083.49 940.439 2457
-1071.74 926.66 2421
-1075.87 926.66 2421
-1063.04 912.115 2383
-1062.63 908.288 2373
-1054.54 897.953 2346
-1058.53 897.953 2346
-1053.93 890.681 2327
-1054.71 888.001 2320
-1057.3 886.853 2317
-1061.25 886.853 2317
-1065.2 886.853 2317
-1057.61 877.284 2292
-1059.67 875.753 2288
-1063.57 875.753 2288
-1063.27 872.308 2279
-1067.16 872.308 2279
-1068.22 870.012 2273
-1072.1 870.012 2273
-1075.97 870.012 2273
-1078.42 868.863 2270
-1082.29 868.863 2270
-1086.16 868.863 2270
-1088.59 867.715 2267
-1089.56 865.419 2261
-1090.03 862.739 2254
-1092.42 861.591 2251
-1093.33 859.294 2245
-1095.69 858.146 2242
-1098.05 856.998 2239
-1100.39 855.85 2236
-1104.2 855.85 2236
-1106.52 854.701 2233
-1108.84 853.553 2230
-1111.14 852.405 2227
-1114.94 852.405 2227
-1117.23 851.256 2224
-1121.02 851.256 2224
-1121.78 848.96 2218
-1125.56 848.96 2218
-1127.81 847.812 2215
-1129.03 845.898 2210
-1125.11 840.156 2195
-1128.85 840.156 2195
2023.24 1448 3800
2016.76 1448 3800
2010.28 1448 3800
1981.13 1431.62 3757
1957.38 1419.04 3724
1951.03 1419.04 3724
1944.68 1419.04 3724
1934.17 1415.99 3716
1919.02 1409.52 3699
1912.71 1409.52 3699
1906.4 1409.52 3699
1895.99 1406.47 3691
1877.41 1397.32 3667
1862.48 1390.84 3650
1856.26 1390.84 3650
1850.04 1390.84 3650
1843.82 1390.84 3650
1837.59 1390.84 3650
1827.36 1387.8 3642
1821.15 1387.8 3642
1803.48 1379.03 3619
1793.34 1375.98 3611
1783.22 1372.93 3603
1777.08 1372.93 3603
1770.94 1372.93 3603
1760.88 1369.89 3595
1751.33 1367.22 3588
1745.21 1367.22 3588
1739.1 1367.22 3588
1732.98 1367.22 3588
1726.86 1367.22 3588
1720.75 1367.22 3588
1714.63 1367.22 3588
1704.7 1364.17 3580
1709.51 1372.93 3603
1710.94 1379.03 3619
1704.77 1379.03 3619
1698.6 1379.03 3619
1692.43 1379.03 3619
1689.99 1382.08 3627
1683.8 1382.08 3627
1681.32 1385.13 3635
1675.12 1385.13 3635
1668.93 1385.13 3635
1662.73 1385.13 3635
1656.53 1385.13 3635
1646.7 1382.08 3627
1640.52 1382.08 3627
1634.34 1382.08 3627
1628.15 1382.08 3627
1621.97 1382.08 3627
1615.79 1382.08 3627
1609.61 1382.08 3627
1599.89 1379.03 3619
1593.72 1379.03 3619
1587.55 1379.03 3619
1577.88 1375.98 3611
1568.24 1372.93 3603
1558.63 1369.89 3595
1552.5 1369.89 3595
1546.38 1369.89 3595
1540.25 1369.89 3595
1534.12 1369.89 3595
1527.99 1369.89 3595
1518.9 1367.22 3588
1512.78 1367.22 3588
1503.31 1364.17 3580
1503.48 1369.89 3595
1497.35 1369.89 3595
1494.54 1372.93 3603
1491.7 1375.98 3611
1488.83 1379.03 3619
1482.67 1379.03 3619
1476.5 1379.03 3619
1470.33 1379.03 3619
1464.16 1379.03 3619
1454.76 1375.98 3611
1448.61 1375.98 3611
1442.45 1375.98 3611
1436.3 1375.98 3611
1430.14 1375.98 3611
1423.99 1375.98 3611
1417.83 1375.98 3611
1411.67 1375.98 3611
1405.52 1375.98 3611
1399.36 1375.98 3611
1396.29 1379.03 3619
1390.12 1379.03 3619
1383.95 1379.03 3619
1377.78 1379.03 3619
1371.61 1379.03 3619
1365.45 1379.03 3619
1356.27 1375.98 3611
1347.12 1372.93 3603
1335.4 1367.22 3588
1329.28 1367.22 3588
1323.17 1367.22 3588
1317.05 1367.22 3588
1310.93 1367.22 3588
1304.82 1367.22 3588
1298.7 1367.22 3588
1289.7 1364.17 3580
1283.6 1364.17 3580
1277.49 1364.17 3580
1268.55 1361.12 3572
1262.46 1361.12 3572
1251.1 1355.41 3557
1245.03 1355.41 3557
1233.74 1349.69 3542
1227.71 1349.69 3542
1216.49 1343.97 3527
1210.48 1343.97 3527
1204.47 1343.97 3527
1198.46 1343.97 3527
1192.44 1343.97 3527
1186.43 1343.97 3527
1180.42 1343.97 3527
1172.07 1341.31 3520
1158.45 1332.54 3497
1155.13 1335.59 3505
1149.15 1335.59 3505
1143.18 1335.59 3505
1139.47 1338.26 3512
1133.49 1338.26 3512
1127.5 1338.26 3512
1121.51 1338.26 3512
1113.3 1335.59 3505
1107.33 1335.59 3505
1096.64 1329.88 3490
1075.06 1310.82 3440
1069.2 1310.82 3440
1063.34 1310.82 3440
1042.41 1292.15 3391
375.739 1145.45 3006
372.587 1151.54 3022
367.435 1151.54 3022
369.716 1175.17 3084
367.768 1185.84 3112
362.463 1185.84 3112
357.158 1185.84 3112
350.609 1181.65 3101
346.547 1185.84 3112
341.9 1188.12 3118
336.585 1188.12 3118
332.544 1192.7 3130
327.208 1192.7 3130
323.106 1197.27 3142
317.75 1197.27 3142
312.394 1197.27 3142
307.037 1197.27 3142
301.681 1197.27 3142
295.759 1194.98 3136
290.413 1194.98 3136
285.067 1194.98 3136
279.721 1194.98 3136
273.85 1192.7 3130
268.514 1192.7 3130
263.178 1192.7 3130
257.842 1192.7 3130
252.022 1190.41 3124
246.696 1190.41 3124
241.371 1190.41 3124
236.045 1190.41 3124
230.276 1188.12 3118
224.961 1188.12 3118
219.223 1185.84 3112
213.918 1185.84 3112
208.613 1185.84 3112
203.307 1185.84 3112
198.002 1185.84 3112
192.697 1185.84 3112
187.091 1183.93 3107
181.794 1183.93 3107
176.157 1181.65 3101
170.87 1181.65 3101
164.676 1175.17 3084
159.419 1175.17 3084
153.311 1168.69 3067
148.083 1168.69 3067
142.575 1166.4 3061
137.357 1166.4 3061
132.139 1166.4 3061
126.92 1166.4 3061
121.464 1164.12 3055
116.065 1162.21 3050
-171.575 182.905 480
-172.752 183.287 481
-173.572 183.287 481
-174.392 183.287 481
-175.212 183.287 481
-176.398 183.668 482
-177.587 184.049 483
-178.411 184.049 483
-180.719 185.573 487
-182.294 186.335 489
-183.128 186.335 489
-184.714 187.097 491
-185.551 187.097 491
-186.768 187.478 492
-187.606 187.478 492
-188.445 187.478 492
-1067.39 963.302 2528
-1071.7 963.302 2528
-1076.01 963.302 2528
-1080.32 963.302 2528
-1081.2 960.254 2520
-1085.49 960.254 2520
-1088.06 958.73 2516
-1082.8 950.346 2494
-1073.97 938.915 2464
-1078.17 938.915 2464
-1082.37 938.915 2464
-1083.49 936.247 2457
-1076.61 926.721 2432
-1080.76 926.721 2432
-1064.83 909.574 2387
-1062.63 904.239 2373
-1054.54 893.951 2346
-1058.53 893.951 2346
-1055.29 887.854 2330
-1057.9 886.711 2327
-1060.04 885.186 2323
-1064 885.186 2323
-1065.2 882.9 2317
-1061.77 876.803 2301
-1061.52 873.374 2292
-1065.43 873.374 2292
-1064.67 869.563 2282
-1068.56 869.563 2282
-1071.04 868.42 2279
-1074.93 868.42 2279
-1078.81 868.42 2279
-1079.85 866.134 2273
-1082.29 864.991 2270
-1086.16 864.991 2270
-1088.59 863.847 2267
-1089.56 861.561 2261
-1090.03 858.894 2254
-1092.42 857.751 2251
-1091.87 854.321 2242
-1094.23 853.178 2239
-1098.05 853.178 2239
-1101.86 853.178 2239
-1102.72 850.892 2233
-1103.55 848.605 2227
-1105.85 847.462 2224
-1109.65 847.462 2224
-1113.44 847.462 2224
-1117.23 847.462 2224
-1119.51 846.319 2221
-1123.29 846.319 2221
-1124.04 844.033 2215
-1125.27 842.127 2210
-1127.5 840.984 2207
-1125.11 836.412 2195
-1128.85 836.412 2195
2023.24 1441.52 3800
2016.76 1441.52 3800
2010.28 1441.52 3800
1972.16 1418.76 3740
1957.38 1412.69 3724
1951.03 1412.69 3724
1944.68 1412.69 3724
1934.17 1409.65 3716
1919.02 1403.2 3699
1916.85 1406.24 3707
1910.53 1406.24 3707
1904.21 1406.24 3707
1885.6 1397.14 3683
1871.16 1391.07 3667
1864.91 1391.07 3667
1850.04 1384.62 3650
1843.82 1384.62 3650
1837.59 1384.62 3650
1831.37 1384.62 3650
1821.15 1381.58 3642
1803.48 1372.86 3619
1793.34 1369.82 3611
1783.22 1366.79 3603
1777.08 1366.79 3603
1770.94 1366.79 3603
1760.88 1363.75 3595
1751.33 1361.1 3588
1745.21 1361.1 3588
1739.1 1361.1 3588
1732.98 1361.1 3588
1726.86 1361.1 3588
1720.75 1361.1 3588
1714.63 1361.1 3588
1704.7 1358.06 3580
1709.51 1366.79 3603
1710.94 1372.86 3619
1704.77 1372.86 3619
1698.6 1372.86 3619
1692.43 1372.86 3619
1689.99 1375.89 3627
1683.8 1375.89 3627
1681.32 1378.93 3635
1675.12 1378.93 3635
1668.93 1378.93 3635
1662.73 1378.93 3635
1656.53 1378.93 3635
1650.34 1378.93 3635
1644.14 1378.93 3635
1634.34 1375.89 3627
1628.15 1375.89 3627
1621.97 1375.89 3627
1615.79 1375.89 3627
1609.61 1375.89 3627
1603.42 1375.89 3627
1597.24 1375.89 3627
1591.06 1375.89 3627
1581.38 1372.86 3619
1568.24 1366.79 3603
1562.1 1366.79 3603
1555.96 1366.79 3603
1549.82 1366.79 3603
1543.67 1366.79 3603
1534.12 1363.75 3595
1527.99 1363.75 3595
1521.86 1363.75 3595
1512.78 1361.1 3588
1506.66 1361.1 3588
1503.48 1363.75 3595
1497.35 1363.75 3595
1497.86 1369.82 3611
1495 1372.86 3619
1492.13 1375.89 3627
1485.94 1375.89 3627
1479.76 1375.89 3627
1473.58 1375.89 3627
1467.39 1375.89 3627
1461.21 1375.89 3627
1448.61 1369.82 3611
1442.45 1369.82 3611
1436.3 1369.82 3611
1430.14 1369.82 3611
1423.99 1369.82 3611
1417.83 1369.82 3611
1411.67 1369.82 3611
1405.52 1369.82 3611
1399.36 1369.82 3611
1396.29 1372.86 3619
1390.12 1372.86 3619
1383.95 1372.86 3619
1377.78 1372.86 3619
1371.61 1372.86 3619
1365.45 1372.86 3619
1356.27 1369.82 3611
1347.12 1366.79 3603
1335.4 1361.1 3588
1329.28 1361.1 3588
1323.17 1361.1 3588
1317.05 1361.1 3588
1310.93 1361.1 3588
1304.82 1361.1 3588
1298.7 1361.1 3588
1292.58 1361.1 3588
1286.47 1361.1 3588
1280.35 1361.1 3588
1274.23 1361.1 3588
1268.12 1361.1 3588
1256.37 1355.03 3572
1250.28 1355.03 3572
1238.97 1349.34 3557
1232.9 1349.34 3557
1224.08 1346.3 3549
1218.03 1346.3 3549
1209.59 1343.65 3542
1203.55 1343.65 3542
1197.51 1343.65 3542
1191.48 1343.65 3542
1185.44 1343.65 3542
1176.74 1340.61 3534
1168.39 1337.96 3527
1162.38 1337.96 3527
1156.37 1337.96 3527
1150.35 1337.96 3527
1144.34 1337.96 3527
1138.33 1337.96 3527
1132.32 1337.96 3527
1124.07 1335.3 3520
1115.53 1332.27 3512
1109.54 1332.27 3512
1096.64 1323.92 3490
1075.06 1304.95 3440
1069.2 1304.95 3440
1063.34 1304.95 3440
1042.41 1286.37 3391
377.114 1144.49 3017
373.327 1148.66 3028
368.165 1148.66 3028
369.716 1169.91 3084
368.477 1182.8 3118
363.162 1182.8 3118
357.846 1182.8 3118
351.852 1180.53 3112
347.883 1185.08 3124
342.558 1185.08 3124
337.232 1185.08 3124
332.544 1187.36 3130
328.463 1191.91 3142
323.106 1191.91 3142
317.75 1191.91 3142
312.394 1191.91 3142
307.037 1191.91 3142
301.681 1191.91 3142
296.325 1191.91 3142
290.413 1189.63 3136
285.067 1189.63 3136
279.721 1189.63 3136
273.85 1187.36 3130
268.514 1187.36 3130
263.178 1187.36 3130
257.842 1187.36 3130
252.506 1187.36 3130
247.17 1187.36 3130
241.371 1185.08 3124
236.045 1185.08 3124
230.72 1185.08 3124
225.394 1185.08 3124
219.646 1182.8 3118
214.33 1182.8 3118
209.015 1182.8 3118
203.307 1180.53 3112
198.002 1180.53 3112
192.697 1180.53 3112
187.091 1178.63 3107
181.794 1178.63 3107
176.157 1176.36 3101
170.87 1176.36 3101
164.676 1169.91 3084
159.419 1169.91 3084
153.311 1163.46 3067
148.083 1163.46 3067
142.575 1161.18 3061
137.357 1161.18 3061
132.139 1161.18 3061
126.92 1161.18 3061
121.464 1158.91 3055
116.065 1157.01 3050
-1087.47 980.991 2586
-1091.88 980.991 2586
-1096.29 980.991 2586
-1094.31 975.301 2571
-1095.28 972.266 2563
-1097.93 970.749 2559
-1102.29 970.749 2559
-1093.25 958.989 2528
-1089.31 951.782 2509
-1087.05 946.091 2494
-1091.3 946.091 2494
-1090.72 941.919 2483
-1088.34 936.228 2468
-1076.61 922.572 2432
-1080.76 922.572 2432
-1064.83 905.501 2387
-1062.63 900.19 2373
-1054.54 889.948 2346
-1058.53 889.948 2346
-1055.29 883.878 2330
-1057.9 882.74 2327
-1060.04 881.223 2323
-1064 881.223 2323
-1065.2 878.947 2317
-1061.77 872.877 2301
-1061.52 869.463 2292
-1065.43 869.463 2292
-1064.67 865.67 2282
-1068.56 865.67 2282
-1071.04 864.532 2279
-1074.93 864.532 2279
-1078.81 864.532 2279
-1079.85 862.256 2273
-1082.29 861.118 2270
-1086.16 861.118 2270
-1088.59 859.98 2267
-1089.56 857.704 2261
-1088.58 853.91 2251
-1092.42 853.91 2251
-1094.79 852.772 2248
-1097.16 851.634 2245
-1100.99 851.634 2245
-1104.81 851.634 2245
-1108.64 851.634 2245
-1110.98 850.496 2242
-1110.33 847.082 2233
-1114.14 847.082 2233
-1114.94 844.806 2227
-1117.23 843.668 2224
-1119.51 842.53 2221
-1123.29 842.53 2221
-1124.04 840.254 2215
-1125.27 838.357 2210
-1127.5 837.219 2207
-1125.11 832.667 2195
-1128.85 832.667 2195
1957.38 1406.33 3724
1951.03 1406.33 3724
1944.68 1406.33 3724
1934.17 1403.31 3716
1919.02 1396.89 3699
1916.85 1399.91 3707
1910.53 1399.91 3707
1904.21 1399.91 3707
1885.6 1390.85 3683
1871.16 1384.81 3667
1864.91 1384.81 3667
1850.04 1378.39 3650
1843.82 1378.39 3650
1837.59 1378.39 3650
1831.37 1378.39 3650
1821.15 1375.37 3642
1803.48 1366.68 3619
1793.34 1363.66 3611
1783.22 1360.64 3603
1777.08 1360.64 3603
1770.94 1360.64 3603
1760.88 1357.62 3595
1751.33 1354.98 3588
1745.21 1354.98 3588
1739.1 1354.98 3588
1732.98 1354.98 3588
1726.86 1354.98 3588
1720.75 1354.98 3588
1714.63 1354.98 3588
1704.7 1351.95 3580
1709.51 1360.64 3603
1710.94 1366.68 3619
1704.77 1366.68 3619
1698.6 1366.68 3619
1692.43 1366.68 3619
1689.99 1369.7 3627
1683.8 1369.7 3627
1681.32 1372.72 3635
1678.35 1375.37 3642
1672.14 1375.37 3642
1665.93 1375.37 3642
1659.72 1375.37 3642
1650.34 1372.72 3635
1644.14 1372.72 3635
1637.94 1372.72 3635
1631.75 1372.72 3635
1625.55 1372.72 3635
1619.35 1372.72 3635
1609.61 1369.7 3627
1603.42 1369.7 3627
1597.24 1369.7 3627
1591.06 1369.7 3627
1581.38 1366.68 3619
1568.24 1360.64 3603
1562.1 1360.64 3603
1555.96 1360.64 3603
1549.82 1360.64 3603
1543.67 1360.64 3603
1534.12 1357.62 3595
1527.99 1357.62 3595
1521.86 1357.62 3595
1515.73 1357.62 3595
1509.6 1357.62 3595
1506.82 1360.64 3603
1500.68 1360.64 3603
1497.86 1363.66 3611
1495 1366.68 3619
1492.13 1369.7 3627
1485.94 1369.7 3627
1479.76 1369.7 3627
1473.58 1369.7 3627
1467.39 1369.7 3627
1461.21 1369.7 3627
1455.03 1369.7 3627
1452.04 1372.72 3635
1445.84 1372.72 3635
1439.65 1372.72 3635
1433.45 1372.72 3635
1417.83 1363.66 3611
1421.06 1372.72 3635
1414.86 1372.72 3635
1408.66 1372.72 3635
1405.17 1375.37 3642
1398.96 1375.37 3642
1392.75 1375.37 3642
1383.88 1372.72 3635
1377.68 1372.72 3635
1371.48 1372.72 3635
1362.28 1369.7 3627
1353.11 1366.68 3619
1340.98 1360.64 3603
1334.84 1360.64 3603
1328.7 1360.64 3603
1322.56 1360.64 3603
1310.93 1354.98 3588
1304.82 1354.98 3588
1298.7 1354.98 3588
1292.58 1354.98 3588
1286.47 1354.98 3588
1280.35 1354.98 3588
1274.23 1354.98 3588
1268.12 1354.98 3588
1256.37 1348.93 3572
1250.28 1348.93 3572
1238.97 1343.27 3557
1232.9 1343.27 3557
1224.08 1340.25 3549
1218.03 1340.25 3549
1209.59 1337.6 3542
1203.55 1337.6 3542
1197.51 1337.6 3542
1191.48 1337.6 3542
1185.44 1337.6 3542
1176.74 1334.58 3534
1168.39 1331.94 3527
1162.38 1331.94 3527
1156.37 1331.94 3527
1150.35 1331.94 3527
1144.34 1331.94 3527
1138.33 1331.94 3527
1132.32 1331.94 3527
1124.07 1329.3 3520
1118.07 1329.3 3520
1112.07 1329.3 3520
1096.64 1317.97 3490
1075.06 1299.08 3440
1069.2 1299.08 3440
1063.34 1299.08 3440
1042.41 1280.58 3391
377.114 1139.34 3017
373.327 1143.5 3028
368.165 1143.5 3028
369.716 1164.64 3084
368.477 1177.48 3118
363.162 1177.48 3118
357.846 1177.48 3118
351.852 1175.22 3112
347.883 1179.75 3124
342.558 1179.75 3124
337.232 1179.75 3124
332.544 1182.02 3130
328.463 1186.55 3142
323.723 1188.81 3148
318.357 1188.81 3148
312.99 1188.81 3148
307.624 1188.81 3148
302.257 1188.81 3148
296.325 1186.55 3142
290.413 1184.28 3136
285.067 1184.28 3136
279.721 1184.28 3136
274.375 1184.28 3136
269.028 1184.28 3136
263.682 1184.28 3136
258.336 1184.28 3136
252.99 1184.28 3136
247.644 1184.28 3136
241.834 1182.02 3130
236.499 1182.02 3130
231.163 1182.02 3130
225.394 1179.75 3124
220.068 1179.75 3124
214.743 1179.75 3124
209.417 1179.75 3124
203.699 1177.48 3118
198.384 1177.48 3118
193.069 1177.48 3118
187.753 1177.48 3118
182.087 1175.22 3112
176.498 1173.33 3107
171.201 1173.33 3107
164.943 1166.53 3089
159.419 1164.64 3084
154.161 1164.64 3084
148.904 1164.64 3084
143.367 1162.38 3078
137.626 1158.22 3067
132.139 1155.96 3061
126.92 1155.96 3061
121.702 1155.96 3061
116.065 1151.8 3050
-1108.69 1016.23 2691
-1113.28 1016.23 2691
-1117.86 1016.23 2691
-1118.7 1012.83 2682
-1119.5 1009.43 2673
-1101.35 989.042 2619
-1105.81 989.042 2619
-1097.98 978.09 2590
-1095.59 972.048 2574
-1096.99 969.404 2567
-1101.36 969.404 2567
-1102.29 966.383 2559
-1104.93 964.872 2555
-1090.61 948.634 2512
-1090.1 944.48 2501
-1094.36 944.48 2501
-1095.55 941.836 2494
-1094.95 937.682 2483
-1081.48 922.577 2443
-1085.64 922.577 2443
-1064.83 901.429 2387
-1062.63 896.142 2373
-1054.54 885.946 2346
-1058.53 885.946 2346
-1055.29 879.903 2330
-1057.9 878.77 2327
-1061.86 878.77 2327
-1065.83 878.77 2327
-1067.96 877.26 2323
-1063.15 870.085 2304
-1062.91 866.686 2295
-1066.82 866.686 2295
-1069.34 865.553 2292
-1069.96 862.909 2285
-1072.45 861.777 2282
-1076.34 861.777 2282
-1080.23 861.777 2282
-1081.27 859.511 2276
-1083.72 858.378 2273
-1087.59 858.378 2273
-1090.03 857.245 2270
-1089.56 853.846 2261
-1091.48 852.336 2257
-1095.33 852.336 2257
-1094.79 848.937 2248
-1097.16 847.804 2245
-1100.99 847.804 2245
-1104.81 847.804 2245
-1108.64 847.804 2245
-1110.98 846.671 2242
-1110.33 843.272 2233
-1114.14 843.272 2233
-1114.94 841.006 2227
-1117.23 839.873 2224
-1119.51 838.74 2221
-1123.29 838.74 2221
-1121.5 834.586 2210
-1123.74 833.453 2207
-1124.44 831.188 2201
-1123.57 827.789 2192
-1125.77 826.656 2189
1916.85 1393.59 3707
1910.53 1393.59 3707
1904.21 1393.59 3707
1885.6 1384.57 3683
1871.16 1378.55 3667
1864.91 1378.55 3667
1854.09 1375.17 3658
1843.82 1372.16 3650
1837.59 1372.16 3650
1831.37 1372.16 3650
1817.65 1366.52 3635
1803.48 1360.51 3619
1789.36 1354.49 3603
1783.22 1354.49 3603
1777.08 1354.49 3603
1767 1351.49 3595
1760.88 1351.49 3595
1751.33 1348.85 3588
1745.21 1348.85 3588
1739.1 1348.85 3588
1732.98 1348.85 3588
1726.86 1348.85 3588
1720.75 1348.85 3588
1706.98 1342.84 3572
1700.89 1342.84 3572
1702.4 1348.85 3588
1703.37 1354.49 3603
1697.23 1354.49 3603
1698.6 1360.51 3619
1692.43 1360.51 3619
1689.99 1363.52 3627
1683.8 1363.52 3627
1681.32 1366.52 3635
1678.35 1369.15 3642
1672.14 1369.15 3642
1665.93 1369.15 3642
1659.72 1369.15 3642
1650.34 1366.52 3635
1644.14 1366.52 3635
1637.94 1366.52 3635
1631.75 1366.52 3635
1628.68 1369.15 3642
1622.47 1369.15 3642
1616.26 1369.15 3642
1606.96 1366.52 3635
1597.24 1363.52 3627
1591.06 1363.52 3627
1581.38 1360.51 3619
1571.73 1357.5 3611
1562.1 1354.49 3603
1555.96 1354.49 3603
1549.82 1354.49 3603
1543.67 1354.49 3603
1540.95 1357.5 3611
1534.79 1357.5 3611
1528.63 1357.5 3611
1522.48 1357.5 3611
1516.32 1357.5 3611
1513.51 1360.51 3619
1507.34 1360.51 3619
1504.49 1363.52 3627
1501.61 1366.52 3635
1498.3 1369.15 3642
1492.09 1369.15 3642
1489.14 1372.16 3650
1486.17 1375.17 3658
1479.94 1375.17 3658
1473.7 1375.17 3658
1467.46 1375.17 3658
1461.23 1375.17 3658
1454.99 1375.17 3658
1448.76 1375.17 3658
1442.52 1375.17 3658
1433.14 1372.16 3650
1426.92 1372.16 3650
1420.7 1372.16 3650
1421.06 1378.55 3667
1414.81 1378.55 3667
1408.56 1378.55 3667
1398.87 1375.17 3658
1392.63 1375.17 3658
1386.4 1375.17 3658
1380.16 1375.17 3658
1367.91 1369.15 3642
1359.09 1366.52 3635
1346.94 1360.51 3619
1340.77 1360.51 3619
1334.6 1360.51 3619
1328.43 1360.51 3619
1319.34 1357.5 3611
1313.18 1357.5 3611
1304.13 1354.49 3603
1295.1 1351.49 3595
1288.98 1351.49 3595
1282.85 1351.49 3595
1276.72 1351.49 3595
1270.59 1351.49 3595
1262 1348.85 3588
1255.88 1348.85 3588
1241.75 1340.21 3565
1232.9 1337.2 3557
1226.84 1337.2 3557
1220.78 1337.2 3557
1211.98 1334.19 3549
1205.93 1334.19 3549
1199.88 1334.19 3549
1193.83 1334.19 3549
1187.78 1334.19 3549
1179.4 1331.56 3542
1170.71 1328.55 3534
1164.69 1328.55 3534
1158.66 1328.55 3534
1152.64 1328.55 3534
1149.21 1331.56 3542
1143.17 1331.56 3542
1137.13 1331.56 3542
1124.07 1323.29 3520
1118.07 1323.29 3520
1112.07 1323.29 3520
1094.44 1309.38 3483
1070.69 1287.95 3426
1064.85 1287.95 3426
1059.01 1287.95 3426
1038.1 1269.53 3377
377.114 1134.2 3017
373.327 1138.33 3028
368.165 1138.33 3028
369.716 1159.38 3084
368.477 1172.16 3118
363.162 1172.16 3118
357.846 1172.16 3118
351.852 1169.91 3112
347.883 1174.42 3124
343.216 1176.68 3130
337.88 1176.68 3130
333.819 1181.19 3142
328.463 1181.19 3142
323.723 1183.44 3148
318.357 1183.44 3148
312.99 1183.44 3148
307.624 1183.44 3148
302.257 1183.44 3148
296.891 1183.44 3148
290.968 1181.19 3142
285.067 1178.93 3136
280.256 1181.19 3142
274.9 1181.19 3142
269.543 1181.19 3142
264.187 1181.19 3142
258.831 1181.19 3142
253.474 1181.19 3142
248.118 1181.19 3142
242.298 1178.93 3136
236.952 1178.93 3136
231.606 1178.93 3136
226.26 1178.93 3136
220.491 1176.68 3130
215.155 1176.68 3130
209.819 1176.68 3130
204.483 1176.68 3130
199.148 1176.68 3130
193.812 1176.68 3130
188.115 1174.42 3124
182.438 1172.16 3118
176.782 1169.91 3112
171.476 1169.91 3112
165.904 1168.03 3107
159.677 1161.26 3089
154.161 1159.38 3084
148.904 1159.38 3084
143.646 1159.38 3084
138.12 1157.13 3078
132.398 1152.99 3067
127.169 1152.99 3067
121.702 1150.74 3061
-1117.49 1028.18 2735
-1122.16 1028.18 2735
-1126.82 1028.18 2735
-1131.48 1028.18 2735
-1136.14 1028.18 2735
-1122.45 1011.64 2691
-1123.27 1008.26 2682
-1104.71 987.581 2627
-1109.19 987.581 2627
-1101.8 977.055 2599
-1102.4 973.671 2590
-1098.7 966.528 2571
-1103.08 966.528 2571
-1102.29 962.017 2559
-1104.93 960.513 2555
-1090.61 944.348 2512
-1090.1 940.213 2501
-1094.36 940.213 2501
-1096.87 938.709 2497
-1094.95 933.446 2483
-1082.81 919.537 2446
-1086.98 919.537 2446
-1064.83 897.356 2387
-1059.49 889.462 2366
-1054.54 881.943 2346
-1058.53 881.943 2346
-1055.29 875.928 2330
-1059.26 875.928 2330
-1063.23 875.928 2330
-1067.2 875.928 2330
-1069.8 874.8 2327
-1064.53 867.282 2307
-1067.08 866.154 2304
-1071.01 866.154 2304
-1072.13 863.898 2298
-1073.24 861.643 2292
-1075.27 860.139 2288
-1079.17 860.139 2288
-1083.07 860.139 2288
-1084.12 857.883 2282
-1086.58 856.755 2279
-1090.47 856.755 2279
-1091.47 854.5 2273
-1091.01 851.116 2264
-1091.48 848.485 2257
-1095.33 848.485 2257
-1096.26 846.229 2251
-1098.63 845.101 2248
-1102.46 845.101 2248
-1106.29 845.101 2248
-1110.12 845.101 2248
-1112.47 843.974 2245
-1114.8 842.846 2242
-1118.63 842.846 2242
-1117.94 839.462 2233
-1118.74 837.207 2227
-1119.51 834.951 2221
-1123.29 834.951 2221
-1119.98 829.688 2207
-1122.21 828.56 2204
-1119.84 824.049 2192
-1123.57 824.049 2192
-1123.2 821.042 2184
1894.03 1375.29 3675
1887.77 1375.29 3675
1881.5 1375.29 3675
1871.16 1372.3 3667
1864.91 1372.3 3667
1854.09 1368.93 3658
1839.77 1362.94 3642
1826.01 1357.33 3627
1819.83 1357.33 3627
1809.65 1354.33 3619
1795.5 1348.35 3603
1773.97 1336.74 3572
1767.88 1336.74 3572
1761.79 1336.74 3572
1752.26 1334.13 3565
1746.18 1334.13 3565
1740.1 1334.13 3565
1734.03 1334.13 3565
1727.95 1334.13 3565
1721.87 1334.13 3565
1715.79 1334.13 3565
1713.07 1336.74 3572
1706.98 1336.74 3572
1700.89 1336.74 3572
1702.4 1342.73 3588
1703.37 1348.35 3603
1697.23 1348.35 3603
1698.6 1354.33 3619
1696.17 1357.33 3627
1693.71 1360.32 3635
1687.52 1360.32 3635
1684.56 1362.94 3642
1682.04 1365.93 3650
1675.81 1365.93 3650
1669.59 1365.93 3650
1663.37 1365.93 3650
1657.15 1365.93 3650
1650.92 1365.93 3650
1644.7 1365.93 3650
1634.89 1362.94 3642
1628.68 1362.94 3642
1622.47 1362.94 3642
1616.26 1362.94 3642
1606.96 1360.32 3635
1597.24 1357.33 3627
1591.06 1357.33 3627
1581.38 1354.33 3619
1571.73 1351.34 3611
1562.1 1348.35 3603
1555.96 1348.35 3603
1549.82 1348.35 3603
1543.67 1348.35 3603
1540.95 1351.34 3611
1534.79 1351.34 3611
1528.63 1351.34 3611
1522.48 1351.34 3611
1516.32 1351.34 3611
1513.51 1354.33 3619
1507.34 1354.33 3619
1504.49 1357.33 3627
1501.61 1360.32 3635
1498.3 1362.94 3642
1492.09 1362.94 3642
1489.14 1365.93 3650
1486.17 1368.93 3658
1483.58 1372.3 3667
1477.33 1372.3 3667
1474.28 1375.29 3675
1468.02 1375.29 3675
1461.75 1375.29 3675
1455.49 1375.29 3675
1449.22 1375.29 3675
1436.28 1368.93 3658
1433.57 1372.3 3667
1427.31 1372.3 3667
1424.16 1375.29 3675
1417.9 1375.29 3675
1411.63 1375.29 3675
1405.37 1375.29 3675
1399.1 1375.29 3675
1392.84 1375.29 3675
1386.57 1375.29 3675
1373.92 1368.93 3658
1364.7 1365.93 3650
1352.89 1360.32 3635
1346.69 1360.32 3635
1340.5 1360.32 3635
1331.36 1357.33 3627
1322.26 1354.33 3619
1316.09 1354.33 3619
1307.02 1351.34 3611
1300.87 1351.34 3611
1294.71 1351.34 3611
1288.56 1351.34 3611
1282.4 1351.34 3611
1276.24 1351.34 3611
1264.46 1345.35 3595
1258.33 1345.35 3595
1249.77 1342.73 3588
1235.68 1334.13 3565
1226.84 1331.13 3557
1220.78 1331.13 3557
1214.71 1331.13 3557
1205.93 1328.14 3549
1199.88 1328.14 3549
1193.83 1328.14 3549
1187.78 1328.14 3549
1179.4 1325.52 3542
1173.36 1325.52 3542
1169.63 1328.14 3549
1163.58 1328.14 3549
1157.53 1328.14 3549
1154.08 1331.13 3557
1148.01 1331.13 3557
1141.95 1331.13 3557
1131.09 1325.52 3542
1118.07 1317.29 3520
1112.07 1317.29 3520
1094.44 1303.44 3483
1068.5 1279.49 3419
1062.67 1279.49 3419
1056.84 1279.49 3419
371.971 1129.05 3017
366.827 1129.05 3017
369.716 1154.12 3084
367.768 1164.6 3112
362.463 1164.6 3112
357.158 1164.6 3112
351.852 1164.6 3112
347.215 1166.84 3118
343.216 1171.34 3130
337.88 1171.34 3130
333.819 1175.83 3142
328.463 1175.83 3142
323.723 1178.07 3148
318.357 1178.07 3148
312.99 1178.07 3148
307.624 1178.07 3148
302.257 1178.07 3148
296.891 1178.07 3148
290.968 1175.83 3142
285.067 1173.58 3136
280.256 1175.83 3142
274.9 1175.83 3142
269.543 1175.83 3142
264.187 1175.83 3142
258.831 1175.83 3142
253.474 1175.83 3142
248.118 1175.83 3142
242.298 1173.58 3136
236.952 1173.58 3136
231.606 1173.58 3136
226.26 1173.58 3136
220.491 1171.34 3130
215.155 1171.34 3130
209.819 1171.34 3130
204.483 1171.34 3130
199.148 1171.34 3130
193.812 1171.34 3130
188.476 1171.34 3130
182.789 1169.09 3124
177.463 1169.09 3124
172.138 1169.09 3124
166.171 1164.6 3112
159.987 1158.24 3095
154.411 1155.99 3089
149.145 1155.99 3089
143.646 1154.12 3084
138.12 1151.88 3078
132.613 1149.63 3072
127.376 1149.63 3072
121.702 1145.51 3061
-1117.49 1023.52 2735
-1122.16 1023.52 2735
-1126.82 1023.52 2735
-1131.48 1023.52 2735
-1136.14 1023.52 2735
-1122.45 1007.05 2691
-1123.27 1003.68 2682
-1104.71 983.099 2627
-1109.19 983.099 2627
-1101.8 972.62 2599
-1102.4 969.252 2590
-1098.7 962.142 2571
-1103.08 962.142 2571
-1102.29 957.651 2559
-1104.93 956.154 2555
-1090.61 940.062 2512
-1090.1 935.946 2501
-1094.36 935.946 2501
-1096.87 934.449 2497
-1094.95 929.21 2483
-1090.78 922.1 2464
-1094.98 922.1 2464
-1069.29 897.026 2397
-1059.49 885.425 2366
-1054.54 877.94 2346
-1058.53 877.94 2346
-1056.65 873.076 2333
-1059.26 871.953 2330
-1063.23 871.953 2330
-1067.2 871.953 2330
-1069.8 870.83 2327
-1069.15 867.088 2317
-1068.47 863.346 2307
-1072.4 863.346 2307
-1073.53 861.1 2301
-1076.05 859.978 2298
-1079.97 859.978 2298
-1083.89 859.978 2298
-1086.38 858.855 2295
-1085.55 855.113 2285
-1088.01 853.99 2282
-1091.9 853.99 2282
-1091.47 850.622 2273
-1092.45 848.376 2267
-1093.42 846.131 2261
-1097.27 846.131 2261
-1097.72 843.511 2254
-1098.63 841.266 2248
-1102.46 841.266 2248
-1106.29 841.266 2248
-1110.12 841.266 2248
-1113.96 841.266 2248
-1116.3 840.143 2245
-1120.12 840.143 2245
-1117.94 835.653 2233
-1118.74 833.407 2227
-1119.51 831.162 2221
-1123.29 831.162 2221
-1119.98 825.923 2207
-1119.16 822.555 2198
-1119.84 820.309 2192
-1123.57 820.309 2192
-1123.2 817.315 2184
1894.03 1369.02 3675
1887.77 1369.02 3675
1881.5 1369.02 3675
1871.16 1366.04 3667
1864.91 1366.04 3667
1854.09 1362.69 3658
1839.77 1356.73 3642
1826.01 1351.14 3627
1819.83 1351.14 3627
1809.65 1348.16 3619
1795.5 1342.2 3603
1773.97 1330.65 3572
1767.88 1330.65 3572
1761.79 1330.65 3572
1752.26 1328.04 3565
1746.18 1328.04 3565
1740.1 1328.04 3565
1734.03 1328.04 3565
1724.07 1325.06 3557
1721.87 1328.04 3565
1723.01 1333.63 3580
1716.91 1333.63 3580
1710.81 1333.63 3580
1708.51 1336.61 3588
1709.51 1342.2 3603
1710.94 1348.16 3619
1704.77 1348.16 3619
1702.35 1351.14 3627
1699.91 1354.12 3635
1700.7 1359.71 3650
1694.48 1359.71 3650
1691.96 1362.69 3658
1700.93 1374.98 3691
1694.64 1374.98 3691
1688.35 1374.98 3691
1682.05 1374.98 3691
1675.76 1374.98 3691
1669.47 1374.98 3691
1663.18 1374.98 3691
1653.29 1372 3683
1643.44 1369.02 3675
1637.17 1369.02 3675
1627.36 1366.04 3667
1613.59 1359.71 3650
1603.84 1356.73 3642
1597.64 1356.73 3642
1584.87 1351.14 3627
1575.21 1348.16 3619
1569.04 1348.16 3619
1562.87 1348.16 3619
1556.7 1348.16 3619
1550.53 1348.16 3619
1540.95 1345.18 3611
1534.79 1345.18 3611
1528.63 1345.18 3611
1522.48 1345.18 3611
1519.68 1348.16 3619
1513.51 1348.16 3619
1507.34 1348.16 3619
1507.81 1354.12 3635
1507.81 1359.71 3650
1504.88 1362.69 3658
1498.64 1362.69 3658
1492.41 1362.69 3658
1489.83 1366.04 3667
1483.58 1366.04 3667
1477.33 1366.04 3667
1474.28 1369.02 3675
1468.02 1369.02 3675
1461.75 1369.02 3675
1455.49 1369.02 3675
1449.22 1369.02 3675
1436.28 1362.69 3658
1433.57 1366.04 3667
1427.31 1366.04 3667
1424.16 1369.02 3675
1417.9 1369.02 3675
1411.63 1369.02 3675
1405.37 1369.02 3675
1399.1 1369.02 3675
1392.84 1369.02 3675
1386.57 1369.02 3675
1373.92 1362.69 3658
1364.7 1359.71 3650
1352.89 1354.12 3635
1346.69 1354.12 3635
1340.5 1354.12 3635
1331.36 1351.14 3627
1322.26 1348.16 3619
1316.09 1348.16 3619
1309.92 1348.16 3619
1306.63 1351.14 3627
1300.45 1351.14 3627
1294.27 1351.14 3627
1288.08 1351.14 3627
1281.9 1351.14 3627
1270.09 1345.18 3611
1263.93 1345.18 3611
1252.2 1339.22 3595
1240.88 1333.63 3580
1232.01 1330.65 3572
1225.92 1330.65 3572
1219.84 1330.65 3572
1213.75 1330.65 3572
1207.66 1330.65 3572
1201.57 1330.65 3572
1193.14 1328.04 3565
1187.06 1328.04 3565
1180.98 1328.04 3565
1177.21 1330.65 3572
1171.12 1330.65 3572
1165.03 1330.65 3572
1164.13 1336.61 3588
1158.02 1336.61 3588
1151.9 1336.61 3588
1138.44 1328.04 3565
1125.06 1319.47 3542
1119.02 1319.47 3542
1106.07 1311.28 3520
1088.5 1297.5 3483
1062.67 1273.65 3419
1056.84 1273.65 3419
362.463 1159.29 3112
357.158 1159.29 3112
351.852 1159.29 3112
347.215 1161.53 3118
343.874 1168.23 3136
338.528 1168.23 3136
334.456 1172.7 3148
329.09 1172.7 3148
325.574 1179.41 3166
320.177 1179.41 3166
314.78 1179.41 3166
309.383 1179.41 3166
303.985 1179.41 3166
297.456 1174.94 3154
291.524 1172.7 3148
286.158 1172.7 3148
280.791 1172.7 3148
274.9 1170.47 3142
269.543 1170.47 3142
264.691 1172.7 3148
259.325 1172.7 3148
253.958 1172.7 3148
248.592 1172.7 3148
243.225 1172.7 3148
237.859 1172.7 3148
232.049 1170.47 3142
226.693 1170.47 3142
220.914 1168.23 3136
215.568 1168.23 3136
210.221 1168.23 3136
204.875 1168.23 3136
199.148 1166 3130
193.812 1166 3130
188.476 1166 3130
182.789 1163.76 3124
177.463 1163.76 3124
172.138 1163.76 3124
166.171 1159.29 3112
159.987 1152.96 3095
154.411 1150.72 3089
149.145 1150.72 3089
143.646 1148.86 3084
138.12 1146.62 3078
132.613 1144.39 3072
127.376 1144.39 3072
121.702 1140.29 3061
-1117.49 1018.85 2735
-1122.16 1018.85 2735
-1126.82 1018.85 2735
-1131.48 1018.85 2735
-1136.14 1018.85 2735
-1137.05 1015.5 2726
-1127.04 1002.46 2691
-1120.69 992.773 2665
-1125.24 992.773 2665
-1101.8 968.186 2599
-1102.4 964.833 2590
-1098.7 957.756 2571
-1103.08 957.756 2571
-1102.29 953.285 2559
-1103.2 950.305 2551
-1090.61 935.777 2512
-1090.1 931.679 2501
-1094.36 931.679 2501
-1096.87 930.189 2497
-1094.95 924.974 2483
-1090.78 917.896 2464
-1094.98 917.896 2464
-1069.29 892.937 2397
-1058.15 880.271 2363
-1054.54 873.938 2346
-1058.53 873.938 2346
-1056.65 869.095 2333
-1059.26 867.978 2330
-1063.23 867.978 2330
-1067.2 867.978 2330
-1069.8 866.86 2327
-1069.15 863.135 2317
-1068.47 859.41 2307
-1072.4 859.41 2307
-1073.53 857.174 2301
-1076.05 856.057 2298
-1079.97 856.057 2298
-1083.89 856.057 2298
-1086.38 854.939 2295
-1085.55 851.214 2285
-1088.01 850.097 2282
-1091.9 850.097 2282
-1091.47 846.744 2273
-1092.45 844.509 2267
-1093.42 842.274 2261
-1097.27 842.274 2261
-1097.72 839.666 2254
-1101.56 839.666 2254
-1103.93 838.548 2251
-1107.77 838.548 2251
-1110.12 837.431 2248
-1113.96 837.431 2248
-1116.3 836.313 2245
-1120.12 836.313 2245
-1117.94 831.843 2233
-1118.74 829.608 2227
-1119.51 827.373 2221
-1123.29 827.373 2221
-1119.98 822.157 2207
-1119.16 818.805 2198
-1119.84 816.57 2192
-1123.57 816.57 2192
-1123.2 813.589 2184
1894.03 1362.75 3675
1887.77 1362.75 3675
1881.5 1362.75 3675
1866.57 1356.45 3658
1860.33 1356.45 3658
1845.98 1350.51 3642
1832.2 1344.95 3627
1821.99 1341.98 3619
1815.82 1341.98 3619
1797.65 1333.09 3595
1780.06 1324.56 3572
1770.49 1321.96 3565
1756.49 1316.03 3549
1750.44 1316.03 3549
1744.39 1316.03 3549
1742.26 1318.99 3557
1740.1 1321.96 3565
1734.03 1321.96 3565
1727.95 1321.96 3565
1725.25 1324.56 3572
1723.01 1327.52 3580
1720.75 1330.49 3588
1714.63 1330.49 3588
1711.85 1333.09 3595
1713.31 1339.02 3611
1710.94 1341.98 3619
1708.54 1344.95 3627
1706.11 1347.92 3635
1706.92 1353.48 3650
1700.7 1353.48 3650
1694.48 1353.48 3650
1707.22 1368.68 3691
1712.45 1377.95 3716
1706.12 1377.95 3716
1703.44 1380.92 3724
1697.09 1380.92 3724
1690.74 1380.92 3724
1676.71 1374.62 3707
1666.78 1371.65 3699
1656.88 1368.68 3691
1650.59 1368.68 3691
1644.3 1368.68 3691
1634.46 1365.72 3683
1621.11 1359.78 3667
1610.89 1356.45 3658
1604.65 1356.45 3658
1591.43 1350.51 3642
1578.69 1344.95 3627
1572.51 1344.95 3627
1566.32 1344.95 3627
1560.14 1344.95 3627
1553.96 1344.95 3627
1544.36 1341.98 3619
1538.19 1341.98 3619
1532.02 1341.98 3619
1525.85 1341.98 3619
1519.68 1341.98 3619
1516.86 1344.95 3627
1510.68 1344.95 3627
1510.71 1350.51 3642
1511.11 1356.45 3658
1504.88 1356.45 3658
1498.64 1356.45 3658
1496.08 1359.78 3667
1493.08 1362.75 3675
1486.81 1362.75 3675
1480.55 1362.75 3675
1477.49 1365.72 3683
1474.41 1368.68 3691
1468.12 1368.68 3691
1461.83 1368.68 3691
1455.53 1368.68 3691
1439.82 1359.78 3667
1439.82 1365.72 3683
1433.54 1365.72 3683
1427.26 1365.72 3683
1424.07 1368.68 3691
1417.78 1368.68 3691
1411.49 1368.68 3691
1402.15 1365.72 3683
1392.84 1362.75 3675
1386.57 1362.75 3675
1380.31 1362.75 3675
1367.69 1356.45 3658
1358.47 1353.48 3650
1352.25 1353.48 3650
1340.5 1347.92 3635
1334.3 1347.92 3635
1325.18 1344.95 3627
1319 1344.95 3627
1309.92 1341.98 3619
1306.63 1344.95 3627
1300.45 1344.95 3627
1294.27 1344.95 3627
1288.08 1344.95 3627
1281.9 1344.95 3627
1270.09 1339.02 3611
1263.93 1339.02 3611
1252.2 1333.09 3595
1240.88 1327.52 3580
1232.01 1324.56 3572
1225.92 1324.56 3572
1219.84 1324.56 3572
1213.75 1324.56 3572
1207.66 1324.56 3572
1201.57 1324.56 3572
1193.14 1321.96 3565
1187.06 1321.96 3565
1180.98 1321.96 3565
1177.21 1324.56 3572
1171.12 1324.56 3572
1165.03 1324.56 3572
1164.13 1330.49 3588
1158.02 1330.49 3588
1151.9 1330.49 3588
1138.44 1321.96 3565
1132.36 1321.96 3565
1126.28 1321.96 3565
1112.98 1313.43 3542
1088.5 1291.55 3483
1062.67 1267.82 3419
1056.84 1267.82 3419
362.463 1153.98 3112
357.158 1153.98 3112
351.852 1153.98 3112
347.215 1156.21 3118
343.874 1162.88 3136
338.528 1162.88 3136
334.456 1167.33 3148
330.972 1174.01 3166
326.808 1178.45 3178
321.391 1178.45 3178
315.973 1178.45 3178
310.555 1178.45 3178
305.138 1178.45 3178
298.588 1174.01 3166
292.08 1169.56 3154
286.703 1169.56 3154
281.326 1169.56 3154
275.424 1167.33 3148
270.058 1167.33 3148
265.196 1169.56 3154
259.819 1169.56 3154
254.442 1169.56 3154
249.066 1169.56 3154
243.225 1167.33 3148
237.859 1167.33 3148
232.492 1167.33 3148
227.126 1167.33 3148
221.336 1165.11 3142
215.98 1165.11 3142
210.624 1165.11 3142
204.875 1162.88 3136
199.529 1162.88 3136
194.183 1162.88 3136
188.837 1162.88 3136
183.14 1160.66 3130
177.463 1158.43 3124
172.138 1158.43 3124
166.812 1158.43 3124
160.866 1153.98 3112
154.711 1147.68 3095
149.435 1147.68 3095
143.879 1145.45 3089
138.613 1145.45 3089
132.872 1141.37 3078
127.625 1141.37 3078
122.139 1139.15 3072
-1117.49 1014.18 2735
-1122.16 1014.18 2735
-1126.82 1014.18 2735
-1131.48 1014.18 2735
-1136.14 1014.18 2735
-1137.05 1010.85 2726
-1127.04 997.867 2691
-1120.69 988.226 2665
-1125.24 988.226 2665
-1101.8 963.752 2599
-1102.4 960.415 2590
-1096.99 951.886 2567
-1101.36 951.886 2567
-1102.29 948.919 2559
-1103.2 945.953 2551
-1085.84 927.412 2501
-1088.36 925.929 2497
-1092.61 925.929 2497
-1092.04 921.85 2486
-1094.95 920.737 2483
-1090.78 913.692 2464
-1094.98 913.692 2464
-1069.29 888.847 2397
-1058.15 876.239 2363
-1054.54 869.935 2346
-1058.53 869.935 2346
-1059.82 867.711 2340
-1060.62 865.115 2333
-1064.6 865.115 2333
-1068.58 865.115 2333
-1071.18 864.002 2330
-1070.53 860.294 2320
-1070.32 856.957 2311
-1074.26 856.957 2311
-1076.33 855.474 2307
-1078.86 854.361 2304
-1081.38 853.249 2301
-1085.3 853.249 2301
-1089.22 853.249 2301
-1090.3 851.024 2295
-1089.44 847.316 2285
-1093.34 847.316 2285
-1095.79 846.203 2282
-1093.9 841.753 2270
-1096.32 840.641 2267
-1100.18 840.641 2267
-1097.72 835.82 2254
-1101.56 835.82 2254
-1103.93 834.708 2251
-1107.77 834.708 2251
-1110.12 833.595 2248
-1113.96 833.595 2248
-1116.3 832.483 2245
-1120.12 832.483 2245
-1117.94 828.033 2233
-1118.74 825.808 2227
-1119.51 823.583 2221
-1123.29 823.583 2221
-1119.98 818.392 2207
-1116.1 812.83 2192
-1118.3 811.717 2189
-1122.04 811.717 2189
-1123.2 809.863 2184
1889.91 1353.53 3667
1883.66 1353.53 3667
1877.41 1353.53 3667
1866.57 1350.21 3658
1860.33 1350.21 3658
1845.98 1344.3 3642
1828.16 1335.81 3619
1817.96 1332.86 3611
1811.8 1332.86 3611
1797.65 1326.95 3595
1776.57 1315.88 3565
1766.52 1312.93 3557
1760.45 1312.93 3557
1750.44 1309.97 3549
1744.39 1309.97 3549
1742.26 1312.93 3557
1740.1 1315.88 3565
1734.03 1315.88 3565
1727.95 1315.88 3565
1725.25 1318.46 3572
1723.01 1321.42 3580
1720.75 1324.37 3588
1714.63 1324.37 3588
1711.85 1326.95 3595
1713.31 1332.86 3611
1710.94 1335.81 3619
1708.54 1338.76 3627
1706.11 1341.72 3635
1706.92 1347.25 3650
1700.7 1347.25 3650
1694.48 1347.25 3650
1707.22 1362.39 3691
1712.45 1371.61 3716
1706.12 1371.61 3716
1703.44 1374.57 3724
1697.09 1374.57 3724
1690.74 1374.57 3724
1676.71 1368.29 3707
1666.78 1365.34 3699
1656.88 1362.39 3691
1650.59 1362.39 3691
1644.3 1362.39 3691
1638.01 1362.39 3691
1628.18 1359.43 3683
1621.9 1359.43 3683
1608.6 1353.53 3667
1598.42 1350.21 3658
1588.7 1347.25 3650
1575.97 1341.72 3635
1569.78 1341.72 3635
1563.58 1341.72 3635
1557.38 1341.72 3635
1551.19 1341.72 3635
1544.99 1341.72 3635
1532.02 1335.81 3619
1529.22 1338.76 3627
1523.04 1338.76 3627
1523.13 1344.3 3642
1516.92 1344.3 3642
1514.03 1347.25 3650
1514.83 1353.53 3667
1508.58 1353.53 3667
1502.33 1353.53 3667
1502.61 1359.43 3683
1496.33 1359.43 3683
1490.05 1359.43 3683
1483.77 1359.43 3683
1480.7 1362.39 3691
1477.61 1365.34 3699
1471.3 1365.34 3699
1464.99 1365.34 3699
1458.69 1365.34 3699
1446.1 1359.43 3683
1442.95 1362.39 3691
1436.66 1362.39 3691
1430.36 1362.39 3691
1424.07 1362.39 3691
1417.78 1362.39 3691
1411.49 1362.39 3691
1405.2 1362.39 3691
1398.9 1362.39 3691
1392.61 1362.39 3691
1383.31 1359.43 3683
1374.04 1356.48 3675
1361.45 1350.21 3658
1355.22 1350.21 3658
1346.03 1347.25 3650
1336.87 1344.3 3642
1328.1 1341.72 3635
1321.91 1341.72 3635
1312.82 1338.76 3627
1309.51 1341.72 3635
1303.32 1341.72 3635
1297.12 1341.72 3635
1290.92 1341.72 3635
1284.73 1341.72 3635
1275.72 1338.76 3627
1269.53 1338.76 3627
1254.99 1329.9 3603
1243.65 1324.37 3588
1234.77 1321.42 3580
1228.67 1321.42 3580
1222.57 1321.42 3580
1216.46 1321.42 3580
1210.36 1321.42 3580
1204.26 1321.42 3580
1198.16 1321.42 3580
1189.39 1318.46 3572
1188.6 1324.37 3588
1182.48 1324.37 3588
1176.37 1324.37 3588
1172.53 1326.95 3595
1169 1329.9 3603
1162.86 1329.9 3603
1156.72 1329.9 3603
1145.78 1324.37 3588
1132.36 1315.88 3565
1126.28 1315.88 3565
1112.98 1307.39 3542
1088.5 1285.61 3483
351.852 1148.67 3112
347.215 1150.89 3118
343.874 1157.53 3136
338.528 1157.53 3136
334.456 1161.96 3148
330.972 1168.6 3166
328.042 1177.46 3190
322.604 1177.46 3190
317.166 1177.46 3190
310.555 1173.03 3178
305.138 1173.03 3178
298.588 1168.6 3166
292.08 1164.17 3154
286.703 1164.17 3154
281.326 1164.17 3154
275.949 1164.17 3154
270.573 1164.17 3154
265.196 1164.17 3154
259.819 1164.17 3154
254.442 1164.17 3154
249.066 1164.17 3154
243.689 1164.17 3154
238.312 1164.17 3154
232.935 1164.17 3154
227.558 1164.17 3154
222.182 1164.17 3154
216.805 1164.17 3154
211.026 1161.96 3148
205.659 1161.96 3148
200.293 1161.96 3148
194.926 1161.96 3148
189.198 1159.74 3142
183.842 1159.74 3142
178.486 1159.74 3142
173.129 1159.74 3142
167.453 1157.53 3136
161.486 1153.1 3124
156.161 1153.1 3124
150.835 1153.1 3124
145.509 1153.1 3124
140.184 1153.1 3124
134.599 1150.89 3118
129.284 1150.89 3118
123.968 1150.89 3118
-1105.51 1002.87 2717
-1117.49 1009.52 2735
-1122.16 1009.52 2735
-1126.82 1009.52 2735
-1131.48 1009.52 2735
-1136.14 1009.52 2735
-1137.05 1006.19 2726
-1127.04 993.276 2691
-1120.69 983.679 2665
-1125.24 983.679 2665
-1101.8 959.318 2599
-1102.4 955.996 2590
-1096.99 947.506 2567
-1101.36 947.506 2567
-1102.29 944.553 2559
-1103.2 941.601 2551
-1085.84 923.145 2501
-1088.36 921.669 2497
-1092.61 921.669 2497
-1092.04 917.608 2486
-1094.95 916.501 2483
-1099.19 916.501 2483
-1094.98 909.488 2464
-1069.29 884.758 2397
-1058.15 872.208 2363
-1056.33 867.409 2350
-1060.34 867.409 2350
-1059.82 863.718 2340
-1060.62 861.135 2333
-1064.6 861.135 2333
-1068.58 861.135 2333
-1071.18 860.027 2330
-1070.53 856.336 2320
-1070.32 853.014 2311
-1074.26 853.014 2311
-1076.33 851.538 2307
-1078.86 850.43 2304
-1082.79 850.43 2304
-1086.72 850.43 2304
-1090.64 850.43 2304
-1090.3 847.108 2295
-1089.44 843.417 2285
-1093.34 843.417 2285
-1095.79 842.31 2282
-1093.9 837.881 2270
-1096.32 836.773 2267
-1100.18 836.773 2267
-1097.72 831.975 2254
-1101.56 831.975 2254
-1103.93 830.867 2251
-1107.77 830.867 2251
-1110.12 829.76 2248
-1113.96 829.76 2248
-1116.3 828.653 2245
-1120.12 828.653 2245
-1116.44 823.116 2230
-1118.74 822.009 2227
-1118 818.687 2218
-1121.78 818.687 2218
-1118.45 813.519 2204
-1116.1 809.09 2192
-1116.77 806.875 2186
-1120.5 806.875 2186
-1121.65 805.03 2181
1889.91 1347.27 3667
1883.66 1347.27 3667
1877.41 1347.27 3667
1866.57 1343.96 3658
1860.33 1343.96 3658
1845.98 1338.09 3642
1828.16 1329.64 3619
1817.96 1326.7 3611
1811.8 1326.7 3611
1797.65 1320.82 3595
1776.57 1309.8 3565
1766.52 1306.86 3557
1760.45 1306.86 3557
1750.44 1303.92 3549
1752.26 1309.8 3565
1749.61 1312.37 3572
1743.52 1312.37 3572
1737.43 1312.37 3572
1731.34 1312.37 3572
1732.98 1318.25 3588
1730.23 1320.82 3595
1724.1 1320.82 3595
1717.98 1320.82 3595
1719.47 1326.7 3611
1720.9 1332.58 3627
1714.72 1332.58 3627
1715.6 1338.09 3642
1713.15 1341.03 3650
1710.67 1343.96 3658
1704.43 1343.96 3658
1713.51 1356.09 3691
1718.79 1365.27 3716
1719.82 1371.15 3732
1713.46 1371.15 3732
1707.1 1371.15 3732
1700.74 1371.15 3732
1694.38 1371.15 3732
1688.01 1371.15 3732
1674.44 1365.27 3716
1664.07 1361.97 3707
1657.75 1361.97 3707
1651.43 1361.97 3707
1638.01 1356.09 3691
1628.18 1353.15 3683
1621.9 1353.15 3683
1608.6 1347.27 3667
1598.42 1343.96 3658
1588.7 1341.03 3650
1575.97 1335.51 3635
1569.78 1335.51 3635
1563.58 1335.51 3635
1557.38 1335.51 3635
1551.19 1335.51 3635
1544.99 1335.51 3635
1532.02 1329.64 3619
1529.22 1332.58 3627
1523.04 1332.58 3627
1523.13 1338.09 3642
1516.92 1338.09 3642
1514.03 1341.03 3650
1514.83 1347.27 3667
1508.58 1347.27 3667
1502.33 1347.27 3667
1502.61 1353.15 3683
1509.74 1365.27 3716
1503.4 1365.27 3716
1497.07 1365.27 3716
1490.73 1365.27 3716
1490.79 1371.15 3732
1484.43 1371.15 3732
1481.23 1374.09 3740
1474.86 1374.09 3740
1468.48 1374.09 3740
1449.2 1361.97 3707
1442.88 1361.97 3707
1443.15 1368.21 3724
1436.8 1368.21 3724
1430.46 1368.21 3724
1424.11 1368.21 3724
1414.71 1365.27 3716
1401.93 1359.03 3699
1395.63 1359.03 3699
1389.32 1359.03 3699
1377.04 1353.15 3683
1364.8 1347.27 3667
1358.55 1347.27 3667
1352.3 1347.27 3667
1342.74 1343.96 3658
1330.66 1338.09 3642
1324.45 1338.09 3642
1315.71 1335.51 3635
1309.51 1335.51 3635
1303.32 1335.51 3635
1297.12 1335.51 3635
1290.92 1335.51 3635
1284.73 1335.51 3635
1275.72 1332.58 3627
1269.53 1332.58 3627
1260.56 1329.64 3619
1248.85 1323.76 3603
1237.53 1318.25 3588
1231.42 1318.25 3588
1222.57 1315.31 3580
1216.46 1315.31 3580
1210.36 1315.31 3580
1204.26 1315.31 3580
1198.16 1315.31 3580
1194.72 1318.25 3588
1190.92 1320.82 3595
1187.43 1323.76 3603
1181.28 1323.76 3603
1175.14 1323.76 3603
1171.6 1326.7 3611
1165.44 1326.7 3611
1159.28 1326.7 3611
1153.13 1326.7 3611
1139.67 1318.25 3588
1133.55 1318.25 3588
1115.18 1303.92 3549
351.287 1141.53 3107
347.215 1145.57 3118
343.874 1152.18 3136
338.528 1152.18 3136
334.456 1156.59 3148
330.972 1163.2 3166
328.042 1172.02 3190
322.604 1172.02 3190
317.166 1172.02 3190
310.555 1167.61 3178
305.138 1167.61 3178
298.588 1163.2 3166
292.08 1158.79 3154
286.703 1158.79 3154
281.326 1158.79 3154
275.949 1158.79 3154
270.573 1158.79 3154
265.196 1158.79 3154
259.819 1158.79 3154
254.442 1158.79 3154
249.066 1158.79 3154
243.689 1158.79 3154
238.312 1158.79 3154
232.935 1158.79 3154
227.558 1158.79 3154
222.182 1158.79 3154
216.805 1158.79 3154
211.428 1158.79 3154
206.051 1158.79 3154
200.675 1158.79 3154
195.298 1158.79 3154
189.56 1156.59 3148
183.842 1154.38 3142
178.486 1154.38 3142
173.129 1154.38 3142
167.773 1154.38 3142
162.107 1152.18 3136
156.761 1152.18 3136
151.704 1154.38 3142
146.348 1154.38 3142
140.992 1154.38 3142
135.376 1152.18 3136
130.03 1152.18 3136
124.445 1149.98 3130
-1105.51 998.237 2717
-1117.49 1004.85 2735
-1122.16 1004.85 2735
-1126.82 1004.85 2735
-1131.48 1004.85 2735
-1136.14 1004.85 2735
-1137.05 1001.54 2726
-1127.04 988.685 2691
-1115.23 974.356 2652
-1119.75 974.356 2652
-1101.8 954.884 2599
-1099 948.638 2582
-1095.28 941.657 2563
-1099.65 941.657 2563
-1102.29 940.188 2559
-1099.74 934.309 2543
-1084.1 917.409 2497
-1088.36 917.409 2497
-1092.61 917.409 2497
-1092.04 913.367 2486
-1094.95 912.265 2483
-1099.19 912.265 2483
-1094.98 905.284 2464
-1069.29 880.668 2397
-1058.15 868.176 2363
-1056.33 863.4 2350
-1060.34 863.4 2350
-1059.82 859.726 2340
-1060.62 857.154 2333
-1064.6 857.154 2333
-1068.58 857.154 2333
-1071.18 856.052 2330
-1070.53 852.378 2320
-1070.32 849.071 2311
-1074.26 849.071 2311
-1076.33 847.602 2307
-1078.86 846.499 2304
-1082.79 846.499 2304
-1086.72 846.499 2304
-1090.64 846.499 2304
-1090.3 843.193 2295
-1089.44 839.519 2285
-1093.34 839.519 2285
-1095.79 838.417 2282
-1093.9 834.008 2270
-1096.32 832.906 2267
-1100.18 832.906 2267
-1097.72 828.129 2254
-1101.56 828.129 2254
-1103.93 827.027 2251
-1107.77 827.027 2251
-1110.12 825.925 2248
-1113.96 825.925 2248
-1116.3 824.823 2245
-1120.12 824.823 2245
-1114.94 818.209 2227
-1115.72 816.005 2221
-1116.48 813.8 2215
-1120.26 813.8 2215
-1115.41 807.555 2198
-1113.05 803.146 2186
-1114.22 801.309 2181
-1117.94 801.309 2181
-1118.57 799.104 2175
1889.91 1341.02 3667
1883.66 1341.02 3667
1877.41 1341.02 3667
1866.57 1337.72 3658
1860.33 1337.72 3658
1845.98 1331.87 3642
1828.16 1323.46 3619
1821.99 1323.46 3619
1815.82 1323.46 3619
1797.65 1314.68 3595
1776.57 1303.71 3565
1766.52 1300.79 3557
1760.45 1300.79 3557
1750.44 1297.86 3549
1759.63 1309.2 3580
1764.79 1317.61 3603
1758.65 1317.61 3603
1752.51 1317.61 3603
1746.37 1317.61 3603
1740.23 1317.61 3603
1745.63 1326.39 3627
1739.45 1326.39 3627
1737.09 1329.31 3635
1734.23 1331.87 3642
1735.61 1337.72 3658
1729.37 1337.72 3658
1727.38 1341.02 3667
1732.39 1349.79 3691
1729.84 1352.72 3699
1723.53 1352.72 3699
1725.12 1358.93 3716
1726.19 1364.79 3732
1739.18 1380.14 3774
1732.74 1380.14 3774
1726.31 1380.14 3774
1719.88 1380.14 3774
1713.44 1380.14 3774
1699.32 1373.93 3757
1689.31 1371 3749
1678.88 1367.71 3740
1672.5 1367.71 3740
1666.13 1367.71 3740
1645.11 1355.64 3707
1635.25 1352.72 3699
1628.95 1352.72 3699
1619.13 1349.79 3691
1598.42 1337.72 3658
1592.18 1337.72 3658
1585.95 1337.72 3658
1579.71 1337.72 3658
1577.35 1341.02 3667
1571.09 1341.02 3667
1564.84 1341.02 3667
1558.59 1341.02 3667
1548.53 1337.72 3658
1542.29 1337.72 3658
1543.2 1343.94 3675
1536.93 1343.94 3675
1537.33 1349.79 3691
1531.04 1349.79 3691
1524.75 1349.79 3691
1518.46 1349.79 3691
1512.16 1349.79 3691
1505.87 1349.79 3691
1509.74 1358.93 3716
1503.4 1358.93 3716
1497.07 1358.93 3716
1490.73 1358.93 3716
1490.79 1364.79 3732
1484.43 1364.79 3732
1481.23 1367.71 3740
1474.86 1367.71 3740
1468.48 1367.71 3740
1449.2 1355.64 3707
1442.88 1355.64 3707
1443.15 1361.86 3724
1436.8 1361.86 3724
1430.46 1361.86 3724
1424.11 1361.86 3724
1414.71 1358.93 3716
1401.93 1352.72 3699
1395.63 1352.72 3699
1389.32 1352.72 3699
1377.04 1346.87 3683
1364.8 1341.02 3667
1358.55 1341.02 3667
1352.3 1341.02 3667
1342.74 1337.72 3658
1330.66 1331.87 3642
1324.45 1331.87 3642
1315.71 1329.31 3635
1312.04 1331.87 3642
1305.83 1331.87 3642
1299.62 1331.87 3642
1293.41 1331.87 3642
1287.2 1331.87 3642
1280.99 1331.87 3642
1274.78 1331.87 3642
1263.35 1326.39 3627
1254.39 1323.46 3619
1239.95 1314.68 3595
1233.82 1314.68 3595
1225.3 1312.13 3588
1219.18 1312.13 3588
1213.07 1312.13 3588
1206.95 1312.13 3588
1198.16 1309.2 3580
1197.05 1314.68 3595
1190.92 1314.68 3595
1187.43 1317.61 3603
1181.28 1317.61 3603
1177.75 1320.54 3611
1176.79 1326.39 3627
1170.6 1326.39 3627
1164.42 1326.39 3627
1155.68 1323.46 3619
1139.67 1312.13 3588
1133.55 1312.13 3588
1115.18 1297.86 3549
328.042 1166.58 3190
322.604 1166.58 3190
317.166 1166.58 3190
310.555 1162.19 3178
305.138 1162.19 3178
298.588 1157.8 3166
292.635 1155.61 3160
287.248 1155.61 3160
281.861 1155.61 3160
275.949 1153.41 3154
270.573 1153.41 3154
265.7 1155.61 3160
260.313 1155.61 3160
254.926 1155.61 3160
249.539 1155.61 3160
244.152 1155.61 3160
238.765 1155.61 3160
233.378 1155.61 3160
227.991 1155.61 3160
222.604 1155.61 3160
217.217 1155.61 3160
211.83 1155.61 3160
206.051 1153.41 3154
200.675 1153.41 3154
195.298 1153.41 3154
189.56 1151.22 3148
183.842 1149.02 3142
178.486 1149.02 3142
173.129 1149.02 3142
167.773 1149.02 3142
162.107 1146.83 3136
156.761 1146.83 3136
151.704 1149.02 3142
146.348 1149.02 3142
140.992 1149.02 3142
135.376 1146.83 3136
130.03 1146.83 3136
124.445 1144.64 3130
-1105.51 993.602 2717
-1111.77 995.065 2721
-1116.41 995.065 2721
-1121.05 995.065 2721
-1125.69 995.065 2721
-1130.33 995.065 2721
-1133.3 993.602 2717
-1114.48 973.123 2661
-1104.71 960.689 2627
-1109.19 960.689 2627
-1099.68 948.621 2594
-1097.29 942.77 2578
-1095.28 937.284 2563
-1099.65 937.284 2563
-1100.57 934.359 2555
-1099.74 929.97 2543
-1085.84 914.611 2501
-1090.1 914.611 2501
-1092.61 913.148 2497
-1096.87 913.148 2497
-1094.95 908.029 2483
-1099.19 908.029 2483
-1094.98 901.08 2464
-1069.29 876.578 2397
-1058.15 864.145 2363
-1056.33 859.391 2350
-1060.34 859.391 2350
-1059.82 855.734 2340
-1060.62 853.174 2333
-1064.6 853.174 2333
-1068.58 853.174 2333
-1071.18 852.077 2330
-1070.53 848.42 2320
-1070.32 845.128 2311
-1074.26 845.128 2311
-1076.33 843.666 2307
-1078.86 842.569 2304
-1082.79 842.569 2304
-1086.72 842.569 2304
-1090.64 842.569 2304
-1090.3 839.277 2295
-1089.44 835.62 2285
-1093.34 835.62 2285
-1094.35 833.426 2279
-1093.9 830.135 2270
-1094.87 827.941 2264
-1098.73 827.941 2264
-1097.72 824.284 2254
-1101.56 824.284 2254
-1103.93 823.187 2251
-1107.77 823.187 2251
-1110.12 822.09 2248
-1113.96 822.09 2248
-1116.3 820.992 2245
-1120.12 820.992 2245
-1114.94 814.41 2227
-1115.72 812.216 2221
-1116.48 810.021 2215
-1120.26 810.021 2215
-1115.41 803.805 2198
-1113.05 799.416 2186
-1114.22 797.588 2181
-1117.94 797.588 2181
-1118.57 795.393 2175
1854.83 1323.11 3635
1848.63 1323.11 3635
1842.44 1323.11 3635
1828.16 1317.29 3619
1821.99 1317.29 3619
1815.82 1317.29 3619
1797.65 1308.55 3595
1776.57 1297.63 3565
1766.52 1294.72 3557
1760.45 1294.72 3557
1750.44 1291.81 3549
1759.63 1303.09 3580
1772.63 1317.29 3619
1766.46 1317.29 3619
1760.29 1317.29 3619
1754.12 1317.29 3619
1755.68 1323.11 3635
1749.48 1323.11 3635
1743.29 1323.11 3635
1752.38 1334.76 3667
1749.94 1337.67 3675
1747.47 1340.58 3683
1741.19 1340.58 3683
1746.22 1349.32 3707
1739.9 1349.32 3707
1733.58 1349.32 3707
1727.26 1349.32 3707
1725.12 1352.59 3716
1745.61 1373.71 3774
1747.47 1380.26 3792
1741.01 1380.26 3792
1734.54 1380.26 3792
1719.88 1373.71 3774
1713.44 1373.71 3774
1699.32 1367.52 3757
1689.31 1364.61 3749
1678.88 1361.33 3740
1672.5 1361.33 3740
1666.13 1361.33 3740
1656.2 1358.42 3732
1638.79 1349.32 3707
1632.47 1349.32 3707
1619.13 1343.49 3691
1605.85 1337.67 3675
1592.18 1331.48 3658
1589.85 1334.76 3667
1583.6 1334.76 3667
1580.79 1337.67 3675
1574.52 1337.67 3675
1568.26 1337.67 3675
1561.99 1337.67 3675
1555.73 1337.67 3675
1552.84 1340.58 3683
1553.28 1346.41 3699
1546.97 1346.41 3699
1544 1349.32 3707
1537.68 1349.32 3707
1531.36 1349.32 3707
1525.04 1349.32 3707
1518.72 1349.32 3707
1516.07 1352.59 3716
1512.99 1355.51 3724
1506.64 1355.51 3724
1503.51 1358.42 3732
1503.97 1364.61 3749
1500.77 1367.52 3757
1494.37 1367.52 3757
1487.96 1367.52 3757
1481.56 1367.52 3757
1475.16 1367.52 3757
1462.1 1361.33 3740
1449.5 1355.51 3724
1443.15 1355.51 3724
1436.8 1355.51 3724
1430.46 1355.51 3724
1424.11 1355.51 3724
1417.76 1355.51 3724
1411.41 1355.51 3724
1402.04 1352.59 3716
1392.33 1349.32 3707
1383.02 1346.41 3699
1370.76 1340.58 3683
1364.48 1340.58 3683
1355.25 1337.67 3675
1346.05 1334.76 3667
1336.51 1331.48 3658
1330.27 1331.48 3658
1318.24 1325.66 3642
1312.04 1325.66 3642
1305.83 1325.66 3642
1299.62 1325.66 3642
1293.41 1325.66 3642
1287.2 1325.66 3642
1280.99 1325.66 3642
1274.78 1325.66 3642
1263.35 1320.2 3627
1254.39 1317.29 3619
1239.95 1308.55 3595
1233.82 1308.55 3595
1225.3 1306 3588
1219.18 1306 3588
1213.07 1306 3588
1206.95 1306 3588
1198.16 1303.09 3580
1197.05 1308.55 3595
1190.92 1308.55 3595
1187.43 1311.46 3603
1181.28 1311.46 3603
1177.75 1314.38 3611
1176.79 1320.2 3627
1173.19 1323.11 3635
1166.99 1323.11 3635
1160.79 1323.11 3635
1139.67 1306 3588
1133.55 1306 3588
1115.18 1291.81 3549
315.376 1154.58 3172
309.969 1154.58 3172
304.562 1154.58 3172
299.154 1154.58 3172
293.191 1152.4 3166
287.794 1152.4 3166
282.397 1152.4 3166
276.474 1150.21 3160
271.087 1150.21 3160
265.7 1150.21 3160
260.808 1152.4 3166
255.41 1152.4 3166
250.013 1152.4 3166
244.616 1152.4 3166
239.219 1152.4 3166
233.821 1152.4 3166
228.424 1152.4 3166
223.027 1152.4 3166
217.63 1152.4 3166
212.233 1152.4 3166
206.443 1150.21 3160
201.056 1150.21 3160
195.669 1150.21 3160
190.282 1150.21 3160
184.544 1148.03 3154
179.167 1148.03 3154
173.791 1148.03 3154
168.414 1148.03 3154
162.417 1143.66 3142
157.36 1145.85 3148
152.284 1148.03 3154
146.907 1148.03 3154
141.53 1148.03 3154
136.153 1148.03 3154
130.776 1148.03 3154
125.4 1148.03 3154
-1105.51 988.966 2717
-1110.14 988.966 2717
-1114.77 988.966 2717
-1119.4 988.966 2717
-1120.31 985.69 2708
-1124.93 985.69 2708
-1109.94 968.583 2661
-1107.36 962.395 2644
-1099.67 951.839 2615
-1104.13 951.839 2615
-1092.9 938.372 2578
-1097.29 938.372 2578
-1095.28 932.912 2563
-1099.65 932.912 2563
-1100.57 930 2555
-1101.47 927.088 2547
-1090.61 914.348 2512
-1094.89 914.348 2512
-1094.36 910.344 2501
-1098.63 910.344 2501
-1094.95 903.792 2483
-1099.19 903.792 2483
-1094.98 896.877 2464
-1067.5 871.033 2393
-1058.15 860.113 2363
-1056.33 855.381 2350
-1060.34 855.381 2350
-1059.82 851.741 2340
-1060.62 849.194 2333
-1063.23 848.102 2330
-1067.2 848.102 2330
-1069.8 847.01 2327
-1070.53 844.462 2320
-1070.32 841.186 2311
-1074.26 841.186 2311
-1074.93 838.638 2304
-1078.86 838.638 2304
-1082.79 838.638 2304
-1086.72 838.638 2304
-1090.64 838.638 2304
-1086.97 832.814 2288
-1088.01 830.63 2282
-1091.9 830.63 2282
-1092.91 828.446 2276
-1093.9 826.262 2270
-1093.42 822.986 2261
-1097.27 822.986 2261
-1097.72 820.438 2254
-1100.09 819.346 2251
-1102.46 818.254 2248
-1106.29 818.254 2248
-1110.12 818.254 2248
-1113.96 818.254 2248
-1113.31 814.978 2239
-1117.13 814.978 2239
-1113.44 809.518 2224
-1112.71 806.242 2215
-1115.48 805.514 2213
-1119.25 805.514 2213
-1113.89 798.963 2195
-1112.03 794.959 2184
-1111.15 791.683 2175
-1114.86 791.683 2175
-1117.03 790.591 2172
1828.16 1311.11 3619
1821.99 1311.11 3619
1815.82 1311.11 3619
1809.65 1311.11 3619
1776.57 1291.55 3565
1762.54 1285.75 3549
1764.41 1291.55 3565
1758.34 1291.55 3565
1770.94 1305.32 3603
1772.63 1311.11 3619
1766.46 1311.11 3619
1760.29 1311.11 3619
1754.12 1311.11 3619
1755.68 1316.91 3635
1749.48 1316.91 3635
1743.29 1316.91 3635
1752.38 1328.5 3667
1749.94 1331.4 3675
1747.47 1334.3 3683
1741.19 1334.3 3683
1746.22 1342.99 3707
1739.9 1342.99 3707
1733.58 1342.99 3707
1727.26 1342.99 3707
1725.12 1346.25 3716
1745.61 1367.27 3774
1747.47 1373.79 3792
1741.01 1373.79 3792
1734.54 1373.79 3792
1719.88 1367.27 3774
1713.44 1367.27 3774
1699.32 1361.11 3757
1689.31 1358.21 3749
1678.88 1354.95 3740
1672.5 1354.95 3740
1666.13 1354.95 3740
1656.2 1352.05 3732
1638.79 1342.99 3707
1632.47 1342.99 3707
1619.13 1337.2 3691
1609.34 1334.3 3683
1596.1 1328.5 3667
1589.85 1328.5 3667
1583.6 1328.5 3667
1584.23 1334.3 3683
1577.95 1334.3 3683
1571.67 1334.3 3683
1565.39 1334.3 3683
1562.5 1337.2 3691
1559.58 1340.1 3699
1560.41 1346.25 3716
1554.08 1346.25 3716
1551.08 1349.15 3724
1544.73 1349.15 3724
1538.38 1349.15 3724
1532.03 1349.15 3724
1525.68 1349.15 3724
1522.6 1352.05 3732
1523.14 1358.21 3749
1516.75 1358.21 3749
1510.36 1358.21 3749
1510.79 1364.37 3766
1504.37 1364.37 3766
1497.95 1364.37 3766
1491.53 1364.37 3766
1485.11 1364.37 3766
1478.69 1364.37 3766
1462.1 1354.95 3740
1449.5 1349.15 3724
1443.15 1349.15 3724
1439.89 1352.05 3732
1433.53 1352.05 3732
1427.17 1352.05 3732
1417.76 1349.15 3724
1411.41 1349.15 3724
1405.06 1349.15 3724
1392.33 1342.99 3707
1383.02 1340.1 3699
1373.73 1337.2 3691
1367.44 1337.2 3691
1355.25 1331.4 3675
1348.98 1331.4 3675
1336.51 1325.24 3658
1330.27 1325.24 3658
1318.24 1319.45 3642
1314.92 1322.34 3650
1308.7 1322.34 3650
1302.47 1322.34 3650
1296.25 1322.34 3650
1290.03 1322.34 3650
1280.99 1319.45 3642
1274.78 1319.45 3642
1268.58 1319.45 3642
1257.17 1314.01 3627
1245.47 1308.21 3611
1239.31 1308.21 3611
1227.69 1302.42 3595
1221.56 1302.42 3595
1213.07 1299.88 3588
1206.95 1299.88 3588
1200.83 1299.88 3588
1197.05 1302.42 3595
1193.57 1305.32 3603
1187.43 1305.32 3603
1181.28 1305.32 3603
1182.97 1314.01 3627
1176.79 1314.01 3627
1173.19 1316.91 3635
1166.99 1316.91 3635
1160.79 1316.91 3635
1139.67 1299.88 3588
1133.55 1299.88 3588
315.376 1149.17 3172
309.969 1149.17 3172
304.562 1149.17 3172
299.154 1149.17 3172
293.747 1149.17 3172
288.339 1149.17 3172
282.932 1149.17 3172
276.999 1147 3166
271.087 1144.82 3160
265.7 1144.82 3160
260.808 1147 3166
255.41 1147 3166
250.013 1147 3166
244.616 1147 3166
239.219 1147 3166
233.821 1147 3166
228.857 1149.17 3172
223.45 1149.17 3172
218.042 1149.17 3172
212.635 1149.17 3172
206.835 1147 3166
201.438 1147 3166
196.041 1147 3166
190.282 1144.82 3160
184.895 1144.82 3160
179.508 1144.82 3160
174.121 1144.82 3160
168.414 1142.65 3154
163.037 1142.65 3154
157.66 1142.65 3154
152.863 1147 3166
147.466 1147 3166
142.069 1147 3166
137.189 1151.34 3178
131.772 1151.34 3178
126.354 1151.34 3178
-1105.51 984.331 2717
-1110.14 984.331 2717
-1114.77 984.331 2717
-1119.4 984.331 2717
-1120.31 981.07 2708
-1124.93 981.07 2708
-1109.94 964.043 2661
-1107.36 957.884 2644
-1099.67 947.378 2615
-1104.13 947.378 2615
-1096.29 936.872 2586
-1097.29 933.973 2578
-1099.98 932.524 2574
-1104.37 932.524 2574
-1102.29 927.09 2559
-1101.47 922.742 2547
-1102.33 919.844 2539
-1106.66 919.844 2539
-1099.18 910.062 2512
-1098.63 906.077 2501
-1096.28 900.643 2486
-1100.51 900.643 2486
-1085.64 885.065 2443
-1059.92 860.791 2376
-1055.01 853.546 2356
-1056.33 851.372 2350
-1060.34 851.372 2350
-1056.65 845.213 2333
-1057.9 843.039 2327
-1060.04 841.59 2323
-1064 841.59 2323
-1066.58 840.503 2320
-1067.77 838.33 2314
-1068.47 835.794 2307
-1072.4 835.794 2307
-1073.53 833.62 2301
-1078.86 834.707 2304
-1082.79 834.707 2304
-1086.72 834.707 2304
-1090.64 834.707 2304
-1085.55 827.823 2285
-1086.58 825.65 2279
-1090.47 825.65 2279
-1091.47 823.476 2273
-1091.01 820.215 2264
-1091.48 817.679 2257
-1095.33 817.679 2257
-1094.79 814.419 2248
-1098.63 814.419 2248
-1099.52 812.245 2242
-1103.34 812.245 2242
-1107.16 812.245 2242
-1109.5 811.158 2239
-1110.33 808.985 2233
-1114.14 808.985 2233
-1110.43 803.55 2218
-1111.7 801.739 2213
-1110.94 798.478 2204
-1114.7 798.478 2204
-1112.36 794.131 2192
-1110.5 790.146 2181
-1109.62 786.885 2172
-1113.32 786.885 2172
-1115.48 785.798 2169
1828.16 1304.94 3619
1821.99 1304.94 3619
1815.82 1304.94 3619
1809.65 1304.94 3619
1776.57 1285.47 3565
1766.52 1282.58 3557
1771.84 1290.88 3580
1765.73 1290.88 3580
1778.8 1304.94 3619
1776.55 1307.82 3627
1770.37 1307.82 3627
1764.18 1307.82 3627
1761.88 1310.71 3635
1766.79 1319 3658
1768.74 1325.13 3675
1762.47 1325.13 3675
1756.21 1325.13 3675
1765.18 1336.67 3707
1758.86 1336.67 3707
1752.54 1336.67 3707
1750.46 1339.91 3716
1744.12 1339.91 3716
1737.79 1339.91 3716
1731.45 1339.91 3716
1732.55 1345.68 3732
1753.94 1367.32 3792
1755.31 1373.45 3809
1748.81 1373.45 3809
1742.32 1373.45 3809
1728.08 1367.32 3792
1721.62 1367.32 3792
1699.32 1354.7 3757
1689.31 1351.81 3749
1678.88 1348.57 3740
1672.5 1348.57 3740
1666.13 1348.57 3740
1656.2 1345.68 3732
1638.79 1336.67 3707
1632.47 1336.67 3707
1619.13 1330.9 3691
1609.34 1328.02 3683
1596.1 1322.25 3667
1589.85 1322.25 3667
1583.6 1322.25 3667
1584.23 1328.02 3683
1577.95 1328.02 3683
1571.67 1328.02 3683
1565.39 1328.02 3683
1562.5 1330.9 3691
1559.58 1333.78 3699
1560.41 1339.91 3716
1554.08 1339.91 3716
1551.08 1342.8 3724
1544.73 1342.8 3724
1538.38 1342.8 3724
1532.03 1342.8 3724
1525.68 1342.8 3724
1522.6 1345.68 3732
1530.05 1357.94 3766
1523.63 1357.94 3766
1517.21 1357.94 3766
1517.61 1364.07 3783
1511.16 1364.07 3783
1504.71 1364.07 3783
1494.7 1360.83 3774
1488.26 1360.83 3774
1481.83 1360.83 3774
1462.1 1348.57 3740
1452.61 1345.68 3732
1446.25 1345.68 3732
1439.89 1345.68 3732
1433.53 1345.68 3732
1427.17 1345.68 3732
1420.8 1345.68 3732
1414.44 1345.68 3732
1405.06 1342.8 3724
1392.33 1336.67 3707
1386.01 1336.67 3707
1379.69 1336.67 3707
1367.44 1330.9 3691
1358.2 1328.02 3683
1348.98 1325.13 3675
1336.51 1319 3658
1330.27 1319 3658
1321.14 1316.12 3650
1314.92 1316.12 3650
1308.7 1316.12 3650
1305.33 1319 3658
1299.09 1319 3658
1292.86 1319 3658
1283.81 1316.12 3650
1277.58 1316.12 3650
1268.58 1313.23 3642
1257.17 1307.82 3627
1245.47 1302.05 3611
1239.31 1302.05 3611
1230.42 1299.17 3603
1221.56 1296.28 3595
1215.43 1296.28 3595
1209.3 1296.28 3595
1200.83 1293.76 3588
1197.05 1296.28 3595
1193.57 1299.17 3603
1190.06 1302.05 3611
1183.91 1302.05 3611
1182.97 1307.82 3627
1176.79 1307.82 3627
1173.19 1310.71 3635
1166.99 1310.71 3635
1160.79 1310.71 3635
315.376 1143.76 3172
309.969 1143.76 3172
304.562 1143.76 3172
299.154 1143.76 3172
293.747 1143.76 3172
288.339 1143.76 3172
282.932 1143.76 3172
276.999 1141.6 3166
271.087 1139.43 3160
265.7 1139.43 3160
260.808 1141.6 3166
255.41 1141.6 3166
250.013 1141.6 3166
244.616 1141.6 3166
239.219 1141.6 3166
233.821 1141.6 3166
228.857 1143.76 3172
223.45 1143.76 3172
218.042 1143.76 3172
212.635 1143.76 3172
207.227 1143.76 3172
201.82 1143.76 3172
196.412 1143.76 3172
190.644 1141.6 3166
185.246 1141.6 3166
179.849 1141.6 3166
174.452 1141.6 3166
168.734 1139.43 3160
163.347 1139.43 3160
158.26 1141.6 3166
153.153 1143.76 3172
147.745 1143.76 3172
142.607 1145.92 3178
137.707 1150.25 3190
132.269 1150.25 3190
126.831 1150.25 3190
-1103.88 978.253 2713
-1108.5 978.253 2713
-1113.13 978.253 2713
-1117.75 978.253 2713
-1116.59 973.205 2699
-1121.19 973.205 2699
-1109.94 959.503 2661
-1105.68 951.931 2640
-1096.3 940.032 2607
-1100.75 940.032 2607
-1096.29 932.46 2586
-1097.29 929.575 2578
-1099.98 928.133 2574
-1104.37 928.133 2574
-1102.29 922.724 2559
-1101.47 918.397 2547
-1102.33 915.512 2539
-1106.66 915.512 2539
-1099.18 905.777 2512
-1098.63 901.81 2501
-1096.28 896.402 2486
-1100.51 896.402 2486
-1085.64 880.897 2443
-1059.92 856.738 2376
-1055.01 849.526 2356
-1056.33 847.363 2350
-1060.34 847.363 2350
-1056.65 841.233 2333
-1057.9 839.069 2327
-1060.04 837.627 2323
-1064 837.627 2323
-1066.58 836.545 2320
-1067.77 834.382 2314
-1068.47 831.858 2307
-1072.4 831.858 2307
-1073.53 829.694 2301
-1078.86 830.776 2304
-1082.79 830.776 2304
-1086.72 830.776 2304
-1090.64 830.776 2304
-1085.55 823.925 2285
-1086.58 821.762 2279
-1090.47 821.762 2279
-1091.47 819.598 2273
-1091.01 816.353 2264
-1091.48 813.829 2257
-1095.33 813.829 2257
-1094.79 810.584 2248
-1094.23 807.338 2239
-1096.57 806.257 2236
-1100.39 806.257 2236
-1104.2 806.257 2236
-1106.52 805.175 2233
-1110.33 805.175 2233
-1114.14 805.175 2233
-1107.93 797.963 2213
-1107.18 794.718 2204
-1107.91 792.555 2198
-1111.66 792.555 2198
-1108.3 787.506 2184
-1107.44 784.261 2175
-1108.09 782.098 2169
-1111.78 782.098 2169
-1114.45 781.377 2167
1828.16 1298.76 3619
1821.99 1298.76 3619
1815.82 1298.76 3619
1809.65 1298.76 3619
1776.57 1279.39 3565
1773.97 1281.9 3572
1783.22 1293.02 3603
1777.08 1293.02 3603
1790.11 1307.02 3642
1800.06 1318.86 3675
1793.8 1318.86 3675
1787.53 1318.86 3675
1773.03 1312.76 3658
1778.86 1321.73 3683
1784.14 1330.34 3707
1777.82 1330.34 3707
1775.8 1333.57 3716
1773.27 1336.45 3724
1774.52 1342.19 3740
1768.14 1342.19 3740
1766 1345.42 3749
1759.61 1345.42 3749
1753.22 1345.42 3749
1742.64 1342.19 3740
1748.33 1351.52 3766
1753.94 1360.85 3792
1755.31 1366.95 3809
1748.81 1366.95 3809
1742.32 1366.95 3809
1728.08 1360.85 3792
1721.62 1360.85 3792
1699.32 1348.29 3757
1689.31 1345.42 3749
1678.88 1342.19 3740
1672.5 1342.19 3740
1666.13 1342.19 3740
1656.2 1339.32 3732
1642.77 1333.57 3716
1636.43 1333.57 3716
1622.64 1327.47 3699
1612.84 1324.6 3691
1599.58 1318.86 3675
1593.32 1318.86 3675
1587.05 1318.86 3675
1591.11 1327.47 3699
1584.8 1327.47 3699
1581.91 1330.34 3707
1575.59 1330.34 3707
1576.47 1336.45 3724
1573.49 1339.32 3732
1570.49 1342.19 3740
1564.12 1342.19 3740
1564.82 1348.29 3757
1558.42 1348.29 3757
1552.01 1348.29 3757
1542.32 1345.42 3749
1532.24 1342.19 3740
1529.53 1345.42 3749
1530.05 1351.52 3766
1523.63 1351.52 3766
1517.21 1351.52 3766
1517.61 1357.62 3783
1511.16 1357.62 3783
1504.71 1357.62 3783
1494.7 1354.39 3774
1488.26 1354.39 3774
1481.83 1354.39 3774
1462.1 1342.19 3740
1452.61 1339.32 3732
1446.25 1339.32 3732
1439.89 1339.32 3732
1433.53 1339.32 3732
1427.17 1339.32 3732
1420.8 1339.32 3732
1414.44 1339.32 3732
1405.06 1336.45 3724
1392.33 1330.34 3707
1386.01 1330.34 3707
1379.69 1330.34 3707
1367.44 1324.6 3691
1358.2 1321.73 3683
1348.98 1318.86 3675
1336.51 1312.76 3658
1330.27 1312.76 3658
1324.04 1312.76 3658
1321.04 1315.99 3667
1314.79 1315.99 3667
1308.54 1315.99 3667
1302.29 1315.99 3667
1296.04 1315.99 3667
1286.62 1312.76 3658
1280.38 1312.76 3658
1271.36 1309.89 3650
1259.94 1304.51 3635
1248.22 1298.76 3619
1242.06 1298.76 3619
1233.15 1295.89 3611
1224.28 1293.02 3603
1218.14 1293.02 3603
1212 1293.02 3603
1203.18 1290.15 3595
1197.05 1290.15 3595
1196.22 1295.89 3611
1190.06 1295.89 3611
1183.91 1295.89 3611
1182.97 1301.64 3627
1181.65 1307.02 3642
1175.44 1307.02 3642
1169.24 1307.02 3642
320.248 1155.93 3221
314.757 1155.93 3221
309.266 1155.93 3221
302.549 1151.27 3208
294.302 1140.5 3178
288.885 1140.5 3178
283.467 1140.5 3178
277.524 1138.35 3172
272.117 1138.35 3172
266.205 1136.19 3166
260.808 1136.19 3166
255.41 1136.19 3166
250.487 1138.35 3172
245.079 1138.35 3172
239.672 1138.35 3172
234.265 1138.35 3172
228.857 1138.35 3172
223.45 1138.35 3172
218.042 1138.35 3172
212.635 1138.35 3172
207.227 1138.35 3172
201.82 1138.35 3172
196.412 1138.35 3172
190.644 1136.19 3166
185.246 1136.19 3166
179.849 1136.19 3166
174.452 1136.19 3166
168.734 1134.04 3160
163.347 1134.04 3160
158.26 1136.19 3166
153.153 1138.35 3172
147.745 1138.35 3172
142.607 1140.5 3178
137.707 1144.81 3190
132.269 1144.81 3190
126.831 1144.81 3190
-1102.5 976.495 2721
-1107.13 976.495 2721
-1111.77 976.495 2721
-1114.77 975.06 2717
-1117.75 973.625 2713
-1116.59 968.6 2699
-1121.19 968.6 2699
-1113.28 957.834 2669
-1105.68 947.427 2640
-1096.3 935.584 2607
-1100.75 935.584 2607
-1096.29 928.048 2586
-1097.29 925.177 2578
-1099.98 923.741 2574
-1104.37 923.741 2574
-1105.74 921.229 2567
-1104.93 916.922 2555
-1102.33 911.18 2539
-1106.66 911.18 2539
-1106.18 907.233 2528
-1103.46 901.491 2512
-1096.28 892.16 2486
-1100.51 892.16 2486
-1085.64 876.729 2443
-1059.92 852.684 2376
-1055.01 845.507 2356
-1054.54 841.918 2346
-1058.53 841.918 2346
-1053.93 835.099 2327
-1054.71 832.587 2320
-1058.67 832.587 2320
-1062.62 832.587 2320
-1063.82 830.434 2314
-1067.77 830.434 2314
-1067.08 826.845 2304
-1071.01 826.845 2304
-1072.13 824.692 2298
-1076.05 824.692 2298
-1079.97 824.692 2298
-1083.89 824.692 2298
-1087.8 824.692 2298
-1085.55 820.027 2285
-1085.15 816.797 2276
-1089.03 816.797 2276
-1090.03 814.643 2270
-1091.01 812.49 2264
-1090.03 808.901 2254
-1093.87 808.901 2254
-1094.79 806.748 2248
-1094.23 803.518 2239
-1096.57 802.442 2236
-1100.39 802.442 2236
-1104.2 802.442 2236
-1106.52 801.365 2233
-1110.33 801.365 2233
-1114.14 801.365 2233
-1107.93 794.188 2213
-1107.18 790.958 2204
-1107.91 788.805 2198
-1111.66 788.805 2198
-1108.3 783.78 2184
-1107.44 780.55 2175
-1108.09 778.397 2169
-1111.78 778.397 2169
-1114.45 777.679 2167
1783.22 1265.09 3542
1777.18 1265.09 3542
1771.14 1265.09 3542
1765.11 1265.09 3542
1773.97 1275.8 3572
1783.22 1286.88 3603
1777.08 1286.88 3603
1814.19 1318.31 3691
1807.9 1318.31 3691
1801.61 1318.31 3691
1795.31 1318.31 3691
1785.14 1315.45 3683
1790.46 1324.02 3707
1812.53 1345.09 3766
1806.11 1345.09 3766
1799.69 1345.09 3766
1793.27 1345.09 3766
1794.92 1351.17 3783
1788.47 1351.17 3783
1790.03 1357.24 3800
1783.55 1357.24 3800
1777.07 1357.24 3800
1766.87 1354.38 3792
1760.4 1354.38 3792
1761.8 1360.45 3809
1755.31 1360.45 3809
1748.81 1360.45 3809
1742.32 1360.45 3809
1728.08 1354.38 3792
1721.62 1354.38 3792
1699.32 1341.88 3757
1689.31 1339.02 3749
1678.88 1335.81 3740
1672.5 1335.81 3740
1666.13 1335.81 3740
1659.75 1335.81 3740
1646.3 1330.09 3724
1639.96 1330.09 3724
1630.1 1327.23 3716
1619.83 1324.02 3707
1610.03 1321.16 3699
1603.72 1321.16 3699
1597.42 1321.16 3699
1598.42 1327.23 3716
1595.52 1330.09 3724
1592.58 1332.95 3732
1586.22 1332.95 3732
1587.05 1339.02 3749
1584.04 1341.88 3757
1584.77 1347.95 3774
1578.34 1347.95 3774
1571.9 1347.95 3774
1565.47 1347.95 3774
1559.03 1347.95 3774
1552.6 1347.95 3774
1542.89 1345.09 3766
1536.47 1345.09 3766
1536.96 1351.17 3783
1530.51 1351.17 3783
1524.06 1351.17 3783
1528.04 1360.45 3809
1521.55 1360.45 3809
1515.05 1360.45 3809
1501.83 1354.38 3792
1495.36 1354.38 3792
1488.9 1354.38 3792
1472.27 1345.09 3766
1455.73 1335.81 3740
1449.35 1335.81 3740
1442.98 1335.81 3740
1436.6 1335.81 3740
1430.23 1335.81 3740
1420.8 1332.95 3732
1414.44 1332.95 3732
1405.06 1330.09 3724
1395.71 1327.23 3716
1386.01 1324.02 3707
1379.69 1324.02 3707
1373.37 1324.02 3707
1361.15 1318.31 3691
1351.92 1315.45 3683
1345.64 1315.45 3683
1333.55 1309.73 3667
1324.04 1306.52 3658
1321.04 1309.73 3667
1314.79 1309.73 3667
1308.54 1309.73 3667
1302.29 1309.73 3667
1296.04 1309.73 3667
1286.62 1306.52 3658
1280.38 1306.52 3658
1271.36 1303.66 3650
1259.94 1298.3 3635
1248.22 1292.59 3619
1242.06 1292.59 3619
1233.15 1289.73 3611
1224.28 1286.88 3603
1218.14 1286.88 3603
1212 1286.88 3603
1203.18 1284.02 3595
1197.05 1284.02 3595
1196.22 1289.73 3611
1190.06 1289.73 3611
1183.91 1289.73 3611
1182.97 1295.45 3627
1181.65 1300.8 3642
1175.44 1300.8 3642
1169.24 1300.8 3642
320.248 1150.44 3221
314.757 1150.44 3221
309.266 1150.44 3221
303.775 1150.44 3221
295.414 1139.36 3190
289.975 1139.36 3190
284.537 1139.36 3190
278.574 1137.22 3184
273.146 1137.22 3184
267.718 1137.22 3184
262.29 1137.22 3184
256.862 1137.22 3184
251.435 1137.22 3184
246.007 1137.22 3184
240.579 1137.22 3184
235.151 1137.22 3184
229.723 1137.22 3184
224.295 1137.22 3184
218.867 1137.22 3184
213.439 1137.22 3184
207.619 1135.08 3178
202.202 1135.08 3178
196.784 1135.08 3178
191.005 1132.94 3172
185.597 1132.94 3172
180.19 1132.94 3172
174.783 1132.94 3172
169.055 1130.79 3166
163.657 1130.79 3166
158.56 1132.94 3172
153.442 1135.08 3178
148.025 1135.08 3178
143.145 1139.36 3190
137.707 1139.36 3190
132.269 1139.36 3190
126.831 1139.36 3190
-1102.5 971.853 2721
-1107.13 971.853 2721
-1111.77 971.853 2721
-1114.77 970.424 2717
-1117.75 968.996 2713
-1116.59 963.995 2699
-1121.19 963.995 2699
-1117.03 956.495 2678
-1105.68 942.923 2640
-1096.3 931.136 2607
-1100.75 931.136 2607
-1096.29 923.636 2586
-1099 922.207 2582
-1099.98 919.35 2574
-1104.37 919.35 2574
-1105.74 916.849 2567
-1106.66 913.992 2559
-1102.33 906.849 2539
-1106.66 906.849 2539
-1106.18 902.92 2528
-1105.22 898.634 2516
-1096.28 887.919 2486
-1100.51 887.919 2486
-1090.09 876.132 2453
-1059.92 848.63 2376
-1056.81 842.916 2360
-1054.54 837.915 2346
-1058.53 837.915 2346
-1053.93 831.129 2327
-1054.71 828.629 2320
-1057.3 827.557 2317
-1061.25 827.557 2317
-1063.82 826.486 2314
-1066.38 825.414 2311
-1065.69 821.843 2301
-1069.61 821.843 2301
-1070.73 819.7 2295
-1076.05 820.771 2298
-1079.97 820.771 2298
-1083.89 820.771 2298
-1087.8 820.771 2298
-1084.12 815.057 2282
-1083.72 811.842 2273
-1087.59 811.842 2273
-1090.03 810.771 2270
-1091.01 808.628 2264
-1090.03 805.056 2254
-1093.87 805.056 2254
-1094.79 802.913 2248
-1092.76 798.627 2236
-1095.1 797.555 2233
-1098.91 797.555 2233
-1102.72 797.555 2233
-1106.52 797.555 2233
-1104.36 793.269 2221
-1108.15 793.269 2221
-1103.42 787.198 2204
-1104.17 785.055 2198
-1104.89 782.911 2192
-1108.63 782.911 2192
-1106.78 778.983 2181
-1104.39 774.697 2169
-1105.53 772.911 2164
-1109.22 772.911 2164
-1112.91 772.911 2164
1777.18 1259.04 3542
1771.14 1259.04 3542
1780.06 1269.71 3572
1781.91 1275.4 3588
1802.52 1294.59 3642
1796.31 1294.59 3642
1814.19 1312.01 3691
1807.9 1312.01 3691
1801.61 1312.01 3691
1795.31 1312.01 3691
1785.14 1309.16 3683
1790.46 1317.7 3707
1812.53 1338.67 3766
1806.11 1338.67 3766
1799.69 1338.67 3766
1793.27 1338.67 3766
1794.92 1344.71 3783
1788.47 1344.71 3783
1790.03 1350.75 3800
1783.55 1350.75 3800
1777.07 1350.75 3800
1766.87 1347.91 3792
1760.4 1347.91 3792
1761.8 1353.95 3809
1755.31 1353.95 3809
1748.81 1353.95 3809
1742.32 1353.95 3809
1728.08 1347.91 3792
1721.62 1347.91 3792
1695.7 1332.63 3749
1689.31 1332.63 3749
1690.55 1338.67 3766
1684.13 1338.67 3766
1677.71 1338.67 3766
1671.29 1338.67 3766
1664.87 1338.67 3766
1658.45 1338.67 3766
1633.61 1323.74 3724
1623.76 1320.9 3716
1617.43 1320.9 3716
1611.09 1320.9 3716
1604.76 1320.9 3716
1608.75 1329.43 3740
1609.65 1335.47 3757
1614.34 1344.71 3783
1607.9 1344.71 3783
1608.64 1350.75 3800
1605.96 1353.95 3809
1614.16 1366.39 3844
1607.61 1366.39 3844
1601.06 1366.39 3844
1594.5 1366.39 3844
1587.95 1366.39 3844
1581.4 1366.39 3844
1574.85 1366.39 3844
1568.29 1366.39 3844
1561.74 1366.39 3844
1555.19 1366.39 3844
1548.63 1366.39 3844
1538.47 1363.2 3835
1531.93 1363.2 3835
1525.39 1363.2 3835
1518.86 1363.2 3835
1502.07 1353.95 3809
1495.57 1353.95 3809
1482.43 1347.91 3792
1462.35 1335.47 3757
1455.94 1335.47 3757
1449.54 1335.47 3757
1440.06 1332.63 3749
1430.23 1329.43 3740
1420.8 1326.58 3732
1414.44 1326.58 3732
1408.08 1326.58 3732
1395.71 1320.9 3716
1389.37 1320.9 3716
1383.04 1320.9 3716
1373.37 1317.7 3707
1367.05 1317.7 3707
1357.79 1314.85 3699
1351.49 1314.85 3699
1339.36 1309.16 3683
1330.19 1306.32 3675
1326.81 1309.16 3683
1320.53 1309.16 3683
1314.25 1309.16 3683
1310.81 1312.01 3691
1304.52 1312.01 3691
1298.23 1312.01 3691
1289.13 1309.16 3683
1277.28 1303.48 3667
1265.14 1297.43 3650
1250.98 1289.26 3627
1244.8 1289.26 3627
1238.62 1289.26 3627
1229.72 1286.42 3619
1223.55 1286.42 3619
1217.38 1286.42 3619
1208.53 1283.57 3611
1202.37 1283.57 3611
1196.22 1283.57 3611
1192.7 1286.42 3619
1186.53 1286.42 3619
1187.86 1294.59 3642
1189.76 1303.48 3667
1183.51 1303.48 3667
1177.26 1303.48 3667
320.248 1144.94 3221
314.757 1144.94 3221
309.266 1144.94 3221
303.775 1144.94 3221
298.284 1144.94 3221
292.793 1144.94 3221
287.302 1144.94 3221
280.149 1138.19 3202
274.69 1138.19 3202
268.223 1133.92 3190
262.785 1133.92 3190
257.346 1133.92 3190
252.382 1136.06 3196
246.934 1136.06 3196
241.485 1136.06 3196
236.037 1136.06 3196
230.156 1133.92 3190
224.718 1133.92 3190
219.28 1133.92 3190
213.841 1133.92 3190
208.403 1133.92 3190
202.583 1131.79 3184
197.155 1131.79 3184
191.366 1129.66 3178
185.948 1129.66 3178
180.531 1129.66 3178
175.113 1129.66 3178
169.695 1129.66 3178
163.968 1127.52 3172
158.86 1129.66 3178
154.022 1133.92 3190
148.584 1133.92 3190
143.145 1133.92 3190
138.484 1140.32 3208
133.016 1140.32 3208
127.547 1140.32 3208
-1111.81 975.386 2744
-1116.49 975.386 2744
-1121.17 975.386 2744
-1116.41 967.211 2721
-1121.05 967.211 2721
-1122.38 964.367 2713
-1127 964.367 2713
-1120.37 954.77 2686
-1107.36 939.84 2644
-1096.3 926.688 2607
-1100.75 926.688 2607
-1101.8 923.845 2599
-1099 917.802 2582
-1099.98 914.958 2574
-1104.37 914.958 2574
-1105.74 912.47 2567
-1106.66 909.626 2559
-1102.33 902.517 2539
-1106.66 902.517 2539
-1106.18 898.607 2528
-1105.22 894.341 2516
-1096.28 883.677 2486
-1100.51 883.677 2486
-1090.09 871.947 2453
-1066.17 849.553 2390
-1056.81 838.889 2360
-1054.54 833.913 2346
-1058.53 833.913 2346
-1053.93 827.159 2327
-1054.71 824.671 2320
-1058.67 824.671 2320
-1062.62 824.671 2320
-1066.58 824.671 2320
-1069.15 823.604 2317
-1068.47 820.05 2307
-1072.4 820.05 2307
-1072.13 816.851 2298
-1076.05 816.851 2298
-1079.97 816.851 2298
-1083.89 816.851 2298
-1087.8 816.851 2298
-1086.97 813.296 2288
-1086.58 810.097 2279
-1090.47 810.097 2279
-1090.03 806.898 2270
-1089.56 803.699 2261
-1091.48 802.277 2257
-1095.33 802.277 2257
-1093.33 798.011 2245
-1092.76 794.812 2236
-1093.63 792.679 2230
-1097.43 792.679 2230
-1101.23 792.679 2230
-1103.55 791.613 2227
-1104.36 789.48 2221
-1108.15 789.48 2221
-1101.92 782.371 2201
-1104.17 781.305 2198
-1101.87 777.039 2186
-1105.59 777.039 2186
-1105.26 774.195 2178
-1103.37 770.285 2167
-1104 768.152 2161
-1107.68 768.152 2161
-1109.82 767.086 2158
1777.18 1253 3542
1771.14 1253 3542
1788.03 1269.27 3588
1781.91 1269.27 3588
1802.52 1288.38 3642
1796.31 1288.38 3642
1826.48 1314.56 3716
1820.14 1314.56 3716
1813.81 1314.56 3716
1807.47 1314.56 3716
1796.78 1311.37 3707
1818.95 1332.24 3766
1816.38 1335.07 3774
1809.95 1335.07 3774
1815.94 1344.27 3800
1821.84 1353.47 3826
1828.13 1363.02 3853
1821.56 1363.02 3853
1814.99 1363.02 3853
1808.43 1363.02 3853
1801.86 1363.02 3853
1782.71 1353.47 3826
1772.47 1350.64 3818
1769.66 1353.47 3826
1763.14 1353.47 3826
1756.62 1353.47 3826
1750.1 1353.47 3826
1731.73 1344.27 3800
1725.25 1344.27 3800
1711.08 1338.26 3783
1692.92 1329.06 3757
1690.55 1332.24 3766
1684.13 1332.24 3766
1677.71 1332.24 3766
1671.29 1332.24 3766
1664.87 1332.24 3766
1658.45 1332.24 3766
1633.61 1317.39 3724
1623.76 1314.56 3716
1617.43 1314.56 3716
1611.09 1314.56 3716
1604.76 1314.56 3716
1608.75 1323.05 3740
1609.65 1329.06 3757
1614.34 1338.26 3783
1607.9 1338.26 3783
1608.64 1344.27 3800
1605.96 1347.45 3809
1614.16 1359.84 3844
1607.61 1359.84 3844
1601.06 1359.84 3844
1594.5 1359.84 3844
1587.95 1359.84 3844
1581.4 1359.84 3844
1574.85 1359.84 3844
1575.64 1366.2 3862
1569.05 1366.2 3862
1562.47 1366.2 3862
1555.88 1366.2 3862
1549.3 1366.2 3862
1542.72 1366.2 3862
1532.55 1363.02 3853
1518.86 1356.65 3835
1512.32 1356.65 3835
1505.78 1356.65 3835
1489.08 1347.45 3809
1468.96 1335.07 3774
1455.94 1329.06 3757
1449.54 1329.06 3757
1443.13 1329.06 3757
1430.23 1323.05 3740
1423.85 1323.05 3740
1417.47 1323.05 3740
1408.08 1320.22 3732
1398.71 1317.39 3724
1392.36 1317.39 3724
1386.02 1317.39 3724
1376.7 1314.56 3716
1370.37 1314.56 3716
1360.73 1311.37 3707
1354.41 1311.37 3707
1345.18 1308.54 3699
1335.98 1305.71 3691
1332.57 1308.54 3699
1326.26 1308.54 3699
1319.96 1308.54 3699
1313.65 1308.54 3699
1307.35 1308.54 3699
1301.04 1308.54 3699
1291.93 1305.71 3691
1282.86 1302.88 3683
1271.03 1297.22 3667
1264.78 1297.22 3667
1249.95 1288.38 3642
1241.35 1285.9 3635
1232.43 1283.07 3627
1226.25 1283.07 3627
1220.07 1283.07 3627
1211.21 1280.24 3619
1205.04 1280.24 3619
1198.87 1280.24 3619
1192.7 1280.24 3619
1186.53 1280.24 3619
1196.02 1297.22 3667
1189.76 1297.22 3667
1183.51 1297.22 3667
1177.26 1297.22 3667
320.248 1139.45 3221
314.757 1139.45 3221
309.266 1139.45 3221
303.775 1139.45 3221
298.284 1139.45 3221
292.793 1139.45 3221
287.302 1139.45 3221
280.149 1132.72 3202
274.69 1132.72 3202
268.223 1128.48 3190
262.785 1128.48 3190
257.346 1128.48 3190
252.382 1130.6 3196
246.934 1130.6 3196
241.485 1130.6 3196
236.037 1130.6 3196
230.156 1128.48 3190
224.718 1128.48 3190
219.692 1130.6 3196
214.244 1130.6 3196
208.795 1130.6 3196
202.965 1128.48 3190
197.527 1128.48 3190
192.089 1128.48 3190
186.3 1126.36 3184
180.872 1126.36 3184
175.444 1126.36 3184
170.016 1126.36 3184
164.278 1124.23 3178
159.46 1128.48 3190
154.022 1128.48 3190
148.584 1128.48 3190
143.953 1134.85 3208
139.564 1143.69 3233
134.052 1143.69 3233
128.541 1143.69 3233
-1111.81 970.705 2744
-1116.49 970.705 2744
-1121.17 970.705 2744
-1116.41 962.569 2721
-1121.05 962.569 2721
-1122.38 959.739 2713
-1127 959.739 2713
-1120.37 950.187 2686
-1107.36 935.329 2644
-1096.3 922.24 2607
-1100.75 922.24 2607
-1101.8 919.41 2599
-1099 913.397 2582
-1099.98 910.567 2574
-1104.37 910.567 2574
-1105.74 908.09 2567
-1106.66 905.26 2559
-1102.33 898.185 2539
-1106.66 898.185 2539
-1106.18 894.294 2528
-1105.22 890.049 2516
-1096.28 879.436 2486
-1100.51 879.436 2486
-1090.09 867.762 2453
-1066.17 845.476 2390
-1056.81 834.863 2360
-1060.83 834.863 2360
-1058.53 829.91 2346
-1053.93 823.189 2327
-1056.08 821.774 2323
-1060.04 821.774 2323
-1064 821.774 2323
-1066.58 820.713 2320
-1070.53 820.713 2320
-1068.47 816.114 2307
-1072.4 816.114 2307
-1074.93 815.053 2304
-1077.46 813.991 2301
-1081.38 813.991 2301
-1085.3 813.991 2301
-1089.22 813.991 2301
-1086.97 809.392 2288
-1086.58 806.209 2279
-1090.47 806.209 2279
-1090.03 803.025 2270
-1089.56 799.841 2261
-1091.48 798.426 2257
-1095.33 798.426 2257
-1094.79 795.242 2248
-1094.23 792.058 2239
-1095.1 789.936 2233
-1098.91 789.936 2233
-1101.23 788.875 2230
-1103.55 787.813 2227
-1104.36 785.691 2221
-1108.15 785.691 2221
-1101.92 778.616 2201
-1104.17 777.555 2198
-1103.38 774.371 2189
-1107.11 774.371 2189
-1105.26 770.479 2178
-1103.37 766.588 2167
-1102.47 763.404 2158
-1106.15 763.404 2158
-1108.28 762.343 2155
1764.59 1233.93 3505
1777.18 1246.96 3542
1771.14 1246.96 3542
1788.03 1263.15 3588
1781.91 1263.15 3588
1847.07 1313.85 3732
1840.7 1313.85 3732
1846.63 1322.65 3757
1840.22 1322.65 3757
1833.82 1322.65 3757
1815.26 1313.85 3732
1801.14 1308.22 3716
1822.82 1328.63 3774
1828.9 1337.79 3800
1822.42 1337.79 3800
1858.47 1369.12 3889
1851.84 1369.12 3889
1862.29 1381.79 3925
1855.6 1381.79 3925
1853.62 1385.31 3935
1846.91 1385.31 3935
1840.21 1385.31 3935
1833.5 1385.31 3935
1801.26 1365.95 3880
1794.64 1365.95 3880
1788.03 1365.95 3880
1777.28 1362.78 3871
1770.68 1362.78 3871
1747.68 1350.11 3835
1741.14 1350.11 3835
1715.15 1334.97 3792
1708.69 1334.97 3792
1709.85 1340.96 3809
1703.36 1340.96 3809
1696.87 1340.96 3809
1682.83 1334.97 3792
1668.41 1328.63 3774
1661.97 1328.63 3774
1652.03 1325.82 3766
1634.25 1316.66 3740
1627.87 1316.66 3740
1628.87 1322.65 3757
1622.46 1322.65 3757
1623.37 1328.63 3774
1620.79 1331.8 3783
1629.28 1344.12 3818
1622.77 1344.12 3818
1623.46 1350.11 3835
1624.51 1356.45 3853
1636.84 1372.29 3898
1630.19 1372.29 3898
1623.55 1372.29 3898
1613.17 1369.12 3889
1606.54 1369.12 3889
1588.8 1359.61 3862
1578.53 1356.45 3853
1575.64 1359.61 3862
1569.05 1359.61 3862
1562.47 1359.61 3862
1555.88 1359.61 3862
1549.3 1359.61 3862
1542.72 1359.61 3862
1532.55 1356.45 3853
1518.86 1350.11 3835
1512.32 1350.11 3835
1505.78 1350.11 3835
1489.08 1340.96 3809
1468.96 1328.63 3774
1455.94 1322.65 3757
1449.54 1322.65 3757
1443.13 1322.65 3757
1430.23 1316.66 3740
1423.85 1316.66 3740
1417.47 1316.66 3740
1408.08 1313.85 3732
1398.71 1311.03 3724
1392.36 1311.03 3724
1386.02 1311.03 3724
1376.7 1308.22 3716
1370.37 1308.22 3716
1360.73 1305.05 3707
1354.41 1305.05 3707
1345.18 1302.23 3699
1338.88 1302.23 3699
1338.69 1308.22 3716
1332.36 1308.22 3716
1326.02 1308.22 3716
1319.69 1308.22 3716
1313.36 1308.22 3716
1307.02 1308.22 3716
1297.54 1305.05 3707
1285.64 1299.41 3691
1271.03 1290.96 3667
1264.78 1290.96 3667
1255.44 1287.8 3658
1243.74 1282.16 3642
1237.53 1282.16 3642
1231.32 1282.16 3642
1225.11 1282.16 3642
1213.89 1276.88 3627
1205.04 1274.07 3619
1198.87 1274.07 3619
1192.7 1274.07 3619
1196.69 1284.98 3650
1198.63 1293.78 3675
1194.96 1296.6 3683
1188.68 1296.6 3683
1182.4 1296.6 3683
314.757 1133.95 3221
309.266 1133.95 3221
303.775 1133.95 3221
298.84 1136.06 3227
293.339 1136.06 3227
287.838 1136.06 3227
281.811 1133.95 3221
275.205 1129.37 3208
269.232 1127.26 3202
263.773 1127.26 3202
257.831 1125.15 3196
252.856 1127.26 3202
247.397 1127.26 3202
241.939 1127.26 3202
236.48 1127.26 3202
231.022 1127.26 3202
225.563 1127.26 3202
220.104 1127.26 3202
214.646 1127.26 3202
208.795 1125.15 3196
202.965 1123.04 3190
197.527 1123.04 3190
192.089 1123.04 3190
186.3 1120.93 3184
180.872 1120.93 3184
175.444 1120.93 3184
170.016 1120.93 3184
164.278 1118.81 3178
159.46 1123.04 3190
154.022 1123.04 3190
148.584 1123.04 3190
143.953 1129.37 3208
139.564 1138.18 3233
134.052 1138.18 3233
128.541 1138.18 3233
-1111.81 966.023 2744
-1116.49 966.023 2744
-1121.17 966.023 2744
-1125.85 966.023 2744
-1126.82 962.855 2735
-1131.48 962.855 2735
-1127 955.11 2713
-1124.12 948.773 2695
-1107.36 930.818 2644
-1103.03 923.425 2623
-1107.5 923.425 2623
-1101.8 914.976 2599
-1099 908.991 2582
-1099.98 906.175 2574
-1104.37 906.175 2574
-1105.74 903.711 2567
-1106.66 900.894 2559
-1097.56 889.981 2528
-1101.87 889.981 2528
-1106.18 889.981 2528
-1103.46 884.348 2512
-1096.28 875.195 2486
-1100.51 875.195 2486
-1085.64 860.057 2443
-1066.17 841.398 2390
-1056.81 830.836 2360
-1060.83 830.836 2360
-1058.53 825.908 2346
-1053.93 819.219 2327
-1056.08 817.811 2323
-1060.04 817.811 2323
-1064 817.811 2323
-1066.58 816.754 2320
-1070.53 816.754 2320
-1068.47 812.178 2307
-1072.4 812.178 2307
-1074.93 811.122 2304
-1077.46 810.066 2301
-1081.38 810.066 2301
-1085.3 810.066 2301
-1089.22 810.066 2301
-1086.97 805.489 2288
-1086.58 802.32 2279
-1090.47 802.32 2279
-1090.03 799.152 2270
-1089.56 795.984 2261
-1091.48 794.575 2257
-1095.33 794.575 2257
-1094.79 791.407 2248
-1094.23 788.238 2239
-1095.1 786.126 2233
-1098.91 786.126 2233
-1101.23 785.07 2230
-1103.55 784.014 2227
-1104.36 781.902 2221
-1108.15 781.902 2221
-1101.92 774.861 2201
-1104.17 773.805 2198
-1103.38 770.636 2189
-1107.11 770.636 2189
-1105.26 766.763 2178
-1103.37 762.891 2167
-1102.47 759.722 2158
-1106.15 759.722 2158
-1108.28 758.666 2155
1764.59 1227.95 3505
1777.18 1240.92 3542
1771.14 1240.92 3542
1788.03 1257.03 3588
1781.91 1257.03 3588
1847.07 1307.48 3732
1840.7 1307.48 3732
1846.63 1316.24 3757
1840.22 1316.24 3757
1833.82 1316.24 3757
1815.26 1307.48 3732
1801.14 1301.88 3716
1822.82 1322.2 3774
1828.9 1331.3 3800
1822.42 1331.3 3800
1893.83 1388.41 3963
1887.08 1388.41 3963
1880.32 1388.41 3963
1873.57 1388.41 3963
1866.81 1388.41 3963
1864.28 1391.56 3972
1875.28 1404.88 4010
1868.44 1404.88 4010
1861.61 1404.88 4010
1854.77 1404.88 4010
1847.93 1404.88 4010
1841.1 1404.88 4010
1812.76 1388.41 3963
1780.49 1368.79 3907
1773.83 1368.79 3907
1763.1 1365.64 3898
1756.45 1365.64 3898
1749.81 1365.64 3898
1743.16 1365.64 3898
1736.52 1365.64 3898
1721.88 1359.33 3880
1695.37 1343.57 3835
1688.84 1343.57 3835
1678.35 1340.41 3826
1660.47 1331.3 3800
1642.67 1322.2 3774
1655.32 1337.61 3818
1648.81 1337.61 3818
1642.3 1337.61 3818
1635.79 1337.61 3818
1636.54 1343.57 3835
1630 1343.57 3835
1646.32 1362.48 3889
1643.48 1365.64 3898
1648.18 1375.1 3925
1641.49 1375.1 3925
1634.79 1375.1 3925
1628.1 1375.1 3925
1621.41 1375.1 3925
1596.21 1359.33 3880
1585.91 1356.18 3871
1579.31 1356.18 3871
1572.71 1356.18 3871
1566.11 1356.18 3871
1559.51 1356.18 3871
1549.3 1353.03 3862
1542.72 1353.03 3862
1532.55 1349.87 3853
1522.42 1346.72 3844
1515.87 1346.72 3844
1509.31 1346.72 3844
1489.08 1334.46 3809
1475.97 1328.5 3792
1462.53 1322.2 3774
1456.1 1322.2 3774
1446.59 1319.39 3766
1433.67 1313.44 3749
1427.28 1313.44 3749
1420.89 1313.44 3749
1411.1 1310.28 3740
1401.72 1307.48 3732
1395.36 1307.48 3732
1388.99 1307.48 3732
1382.63 1307.48 3732
1373.32 1304.68 3724
1364.03 1301.88 3716
1357.7 1301.88 3716
1348.09 1298.72 3707
1338.88 1295.92 3699
1338.69 1301.88 3716
1332.36 1301.88 3716
1326.02 1301.88 3716
1319.69 1301.88 3716
1313.36 1301.88 3716
1307.02 1301.88 3716
1297.54 1298.72 3707
1285.64 1293.12 3691
1271.03 1284.71 3667
1264.78 1284.71 3667
1255.44 1281.56 3658
1243.74 1275.95 3642
1237.53 1275.95 3642
1231.32 1275.95 3642
1225.11 1275.95 3642
1213.89 1270.69 3627
1205.04 1267.89 3619
1198.87 1267.89 3619
1192.7 1267.89 3619
1196.69 1278.75 3650
1198.63 1287.51 3675
1202.74 1298.72 3707
1196.42 1298.72 3707
1190.1 1298.72 3707
298.84 1130.56 3227
293.339 1130.56 3227
287.838 1130.56 3227
281.811 1128.46 3221
275.205 1123.9 3208
269.232 1121.8 3202
263.773 1121.8 3202
257.831 1119.7 3196
252.856 1121.8 3202
247.861 1123.9 3208
242.392 1123.9 3208
237.366 1126 3214
231.887 1126 3214
226.408 1126 3214
220.929 1126 3214
215.048 1123.9 3208
209.187 1121.8 3202
203.729 1121.8 3202
198.27 1121.8 3202
192.089 1117.59 3190
186.651 1117.59 3190
181.553 1119.7 3196
176.105 1119.7 3196
170.657 1119.7 3196
165.208 1119.7 3196
160.66 1126 3214
155.181 1126 3214
150.028 1128.46 3221
145.075 1132.66 3233
140.125 1137.21 3246
134.591 1137.21 3246
129.058 1137.21 3246
-1119.11 967.648 2762
-1123.82 967.648 2762
-1128.52 967.648 2762
-1129.54 964.495 2753
-1132.17 962.743 2748
-1136.86 962.743 2748
-1136.14 958.189 2735
-1131.63 950.481 2713
-1116.15 933.665 2665
-1111.86 926.308 2644
-1116.37 926.308 2644
-1105.19 913.345 2607
-1106.23 910.542 2599
-1101.69 903.185 2578
-1106.08 903.185 2578
-1107.46 900.733 2571
-1104.93 895.127 2555
-1097.56 885.668 2528
-1101.87 885.668 2528
-1100.93 881.464 2516
-1098.63 876.208 2501
-1089.66 865.698 2471
-1093.87 865.698 2471
-1078.98 850.633 2428
-1066.17 837.32 2390
-1056.81 826.81 2360
-1060.83 826.81 2360
-1058.53 821.905 2346
-1053.93 815.249 2327
-1056.08 813.847 2323
-1060.04 813.847 2323
-1064 813.847 2323
-1066.58 812.796 2320
-1070.53 812.796 2320
-1068.47 808.242 2307
-1072.4 808.242 2307
-1074.93 807.191 2304
-1077.46 806.14 2301
-1081.38 806.14 2301
-1085.3 806.14 2301
-1089.22 806.14 2301
-1086.97 801.585 2288
-1086.58 798.432 2279
-1090.47 798.432 2279
-1090.03 795.279 2270
-1089.56 792.126 2261
-1091.48 790.725 2257
-1095.33 790.725 2257
-1094.79 787.572 2248
-1094.23 784.419 2239
-1095.1 782.316 2233
-1098.91 782.316 2233
-1101.23 781.265 2230
-1103.55 780.214 2227
-1104.36 778.112 2221
-1108.15 778.112 2221
-1101.92 771.105 2201
-1104.17 770.054 2198
-1103.38 766.901 2189
-1107.11 766.901 2189
-1105.26 763.048 2178
-1103.37 759.194 2167
-1100.93 754.99 2155
-1104.61 754.99 2155
-1108.28 754.99 2155
1764.59 1221.97 3505
1762.13 1224.41 3512
1756.14 1224.41 3512
1761.12 1232.08 3534
1781.91 1250.91 3588
1847.07 1301.11 3732
1840.7 1301.11 3732
1846.63 1309.83 3757
1840.22 1309.83 3757
1833.82 1309.83 3757
1815.26 1301.11 3732
1801.14 1295.54 3716
1822.82 1315.76 3774
1828.9 1324.82 3800
1822.42 1324.82 3800
1893.83 1381.65 3963
1887.08 1381.65 3963
1880.32 1381.65 3963
1873.57 1381.65 3963
1866.81 1381.65 3963
1864.28 1384.79 3972
1875.28 1398.03 4010
1868.44 1398.03 4010
1861.61 1398.03 4010
1854.77 1398.03 4010
1847.93 1398.03 4010
1841.1 1398.03 4010
1812.76 1381.65 3963
1780.49 1362.13 3907
1773.83 1362.13 3907
1763.1 1358.99 3898
1785.74 1381.65 3963
1778.98 1381.65 3963
1772.23 1381.65 3963
1765.47 1381.65 3963
1746.29 1371.89 3935
1731.18 1365.26 3916
1724.51 1365.26 3916
1705.99 1355.85 3889
1687.56 1346.44 3862
1665.31 1333.89 3826
1666.59 1340.16 3844
1660.04 1340.16 3844
1653.48 1340.16 3844
1646.93 1340.16 3844
1651.9 1349.57 3871
1645.3 1349.57 3871
1646.32 1355.85 3889
1643.48 1358.99 3898
1648.18 1368.4 3925
1641.49 1368.4 3925
1634.79 1368.4 3925
1628.1 1368.4 3925
1621.41 1368.4 3925
1596.21 1352.71 3880
1585.91 1349.57 3871
1579.31 1349.57 3871
1572.71 1349.57 3871
1566.11 1349.57 3871
1559.51 1349.57 3871
1549.3 1346.44 3862
1542.72 1346.44 3862
1532.55 1343.3 3853
1522.42 1340.16 3844
1515.87 1340.16 3844
1509.31 1340.16 3844
1492.6 1331.1 3818
1479.08 1324.82 3800
1466.02 1318.89 3783
1459.57 1318.89 3783
1449.66 1315.76 3774
1440.17 1312.97 3766
1427.28 1307.04 3749
1420.89 1307.04 3749
1411.1 1303.9 3740
1408.1 1307.04 3749
1401.71 1307.04 3749
1395.32 1307.04 3749
1388.93 1307.04 3749
1382.54 1307.04 3749
1366.97 1298.32 3724
1360.62 1298.32 3724
1351.36 1295.54 3716
1341.77 1292.4 3707
1341.58 1298.32 3724
1335.23 1298.32 3724
1328.88 1298.32 3724
1322.53 1298.32 3724
1316.18 1298.32 3724
1309.83 1298.32 3724
1300.69 1295.54 3716
1294.35 1295.54 3716
1279.35 1286.82 3691
1273.06 1286.82 3691
1258.53 1278.45 3667
1252.28 1278.45 3667
1246.03 1278.45 3667
1239.78 1278.45 3667
1230.5 1275.31 3658
1221.58 1272.53 3650
1215.36 1272.53 3650
1211.79 1275.31 3658
1205.55 1275.31 3658
1199.32 1275.31 3658
1201.23 1284.03 3683
1202.74 1292.4 3707
1196.42 1292.4 3707
1190.1 1292.4 3707
298.84 1125.05 3227
293.339 1125.05 3227
287.838 1125.05 3227
281.811 1122.96 3221
275.205 1118.43 3208
269.232 1116.34 3202
263.773 1116.34 3202
257.831 1114.24 3196
253.804 1120.52 3214
248.325 1120.52 3214
242.846 1120.52 3214
237.366 1120.52 3214
232.392 1122.96 3221
226.901 1122.96 3221
221.41 1122.96 3221
215.919 1122.96 3221
209.579 1118.43 3208
204.11 1118.43 3208
198.27 1116.34 3202
192.45 1114.24 3196
187.353 1116.34 3202
182.235 1118.43 3208
176.766 1118.43 3208
171.297 1118.43 3208
166.501 1122.96 3221
161.609 1127.14 3233
156.098 1127.14 3233
151.192 1131.68 3246
146.511 1138.3 3265
141.204 1140.39 3271
135.628 1140.39 3271
130.051 1140.39 3271
-1106.98 964.679 2767
-1111.7 964.679 2767
-1123.68 970.954 2785
-1128.43 970.954 2785
-1133.17 970.954 2785
-1130.57 964.679 2767
-1133.23 962.936 2762
-1135.88 961.193 2757
-1140.58 961.193 2757
-1141.54 958.055 2748
-1131.63 945.853 2713
-1128.72 939.577 2695
-1133.31 939.577 2695
-1116.37 921.797 2644
-1110.28 913.081 2619
-1106.23 906.108 2599
-1105.11 901.576 2586
-1109.51 901.576 2586
-1107.46 896.346 2571
-1104.93 890.768 2555
-1097.56 881.355 2528
-1101.87 881.355 2528
-1100.93 877.171 2516
-1098.63 871.941 2501
-1089.66 861.482 2471
-1093.87 861.482 2471
-1066.53 836.729 2400
-1057.24 826.27 2370
-1050.54 817.903 2346
-1054.54 817.903 2346
-1054.47 814.765 2337
-1053.93 811.279 2327
-1054.71 808.838 2320
-1058.67 808.838 2320
-1062.62 808.838 2320
-1065.2 807.792 2317
-1069.15 807.792 2317
-1068.47 804.306 2307
-1071.01 803.26 2304
-1074.93 803.26 2304
-1077.46 802.214 2301
-1081.38 802.214 2301
-1085.3 802.214 2301
-1089.22 802.214 2301
-1086.97 797.682 2288
-1090.87 797.682 2288
-1090.47 794.544 2279
-1090.03 791.406 2270
-1091.01 789.314 2264
-1091.48 786.874 2257
-1095.33 786.874 2257
-1094.79 783.736 2248
-1092.76 779.553 2236
-1095.1 778.507 2233
-1098.91 778.507 2233
-1099.75 776.415 2227
-1103.55 776.415 2227
-1098.89 770.488 2210
-1102.66 770.488 2210
-1101.92 767.35 2201
-1099.65 763.167 2189
-1103.38 763.167 2189
-1107.11 763.167 2189
-1105.26 759.332 2178
-1101.84 754.451 2164
-1100.93 751.313 2155
-1104.61 751.313 2155
-1108.28 751.313 2155
1764.59 1215.99 3505
1758.62 1215.99 3505
1752.64 1215.99 3505
1750.16 1218.42 3512
1770.49 1236.81 3565
1764.41 1236.81 3565
1758.34 1236.81 3565
1834.34 1294.75 3732
1827.98 1294.75 3732
1821.62 1294.75 3732
1807.47 1289.2 3716
1792.9 1283.3 3699
1802.53 1294.75 3732
1796.17 1294.75 3732
1789.81 1294.75 3732
1893.83 1374.89 3963
1909.46 1391.19 4010
1902.62 1391.19 4010
1905.24 1398.13 4030
1898.37 1398.13 4030
1891.5 1398.13 4030
1884.63 1398.13 4030
1877.76 1398.13 4030
1870.89 1398.13 4030
1864.02 1398.13 4030
1857.15 1398.13 4030
1845.69 1394.66 4020
1838.84 1394.66 4020
1814.67 1381.48 3982
1807.88 1381.48 3982
1796.57 1378.01 3972
1785.74 1374.89 3963
1778.98 1374.89 3963
1772.23 1374.89 3963
1765.47 1374.89 3963
1746.29 1365.17 3935
1731.18 1358.58 3916
1724.51 1358.58 3916
1705.99 1349.21 3889
1687.56 1339.85 3862
1665.31 1327.36 3826
1666.59 1333.6 3844
1660.04 1333.6 3844
1653.48 1333.6 3844
1646.93 1333.6 3844
1651.9 1342.97 3871
1645.3 1342.97 3871
1646.32 1349.21 3889
1643.48 1352.34 3898
1648.18 1361.7 3925
1641.49 1361.7 3925
1634.79 1361.7 3925
1628.1 1361.7 3925
1621.41 1361.7 3925
1596.21 1346.09 3880
1585.91 1342.97 3871
1579.31 1342.97 3871
1572.71 1342.97 3871
1566.11 1342.97 3871
1559.51 1342.97 3871
1549.3 1339.85 3862
1542.72 1339.85 3862
1536.13 1339.85 3862
1522.42 1333.6 3844
1515.87 1333.6 3844
1509.31 1333.6 3844
1492.6 1324.58 3818
1482.59 1321.46 3809
1472.6 1318.34 3800
1466.13 1318.34 3800
1453.12 1312.44 3783
1440.17 1306.54 3766
1430.32 1303.42 3757
1423.92 1303.42 3757
1417.51 1303.42 3757
1411.11 1303.42 3757
1404.7 1303.42 3757
1398.3 1303.42 3757
1391.89 1303.42 3757
1385.49 1303.42 3757
1376.15 1300.64 3749
1369.76 1300.64 3749
1357.18 1294.75 3732
1347.93 1291.97 3724
1344.46 1294.75 3732
1338.1 1294.75 3732
1331.73 1294.75 3732
1328.21 1297.52 3740
1321.84 1297.52 3740
1315.46 1297.52 3740
1306.29 1294.75 3732
1297.14 1291.97 3724
1279.35 1280.52 3691
1273.06 1280.52 3691
1266.77 1280.52 3691
1257.74 1277.75 3683
1251.46 1277.75 3683
1245.18 1277.75 3683
1233.52 1272.2 3667
1227.27 1272.2 3667
1221.02 1272.2 3667
1214.77 1272.2 3667
1205.55 1269.07 3658
1207.51 1277.75 3683
1217.22 1294.75 3732
1213.45 1297.52 3740
1207.07 1297.52 3740
1200.7 1297.52 3740
292.793 1117.46 3221
287.302 1117.46 3221
281.811 1117.46 3221
274.69 1110.87 3202
269.232 1110.87 3202
263.279 1108.79 3196
257.831 1108.79 3196
253.804 1115.04 3214
248.325 1115.04 3214
242.846 1115.04 3214
237.366 1115.04 3214
232.392 1117.46 3221
226.901 1117.46 3221
221.41 1117.46 3221
215.919 1117.46 3221
209.579 1112.95 3208
204.11 1112.95 3208
198.27 1110.87 3202
192.45 1108.79 3196
187.704 1112.95 3208
182.973 1117.46 3221
177.482 1117.46 3221
172.312 1119.55 3227
167.121 1121.63 3233
162.259 1126.14 3246
156.726 1126.14 3246
151.751 1130.3 3258
147.364 1139.32 3284
141.765 1139.32 3284
136.167 1139.32 3284
130.568 1139.32 3284
-1106.98 959.958 2767
-1111.7 959.958 2767
-1123.68 966.203 2785
-1128.43 966.203 2785
-1133.17 966.203 2785
-1130.57 959.958 2767
-1133.23 958.224 2762
-1135.88 956.489 2757
-1140.58 956.489 2757
-1141.54 953.366 2748
-1131.63 941.224 2713
-1128.72 934.979 2695
-1133.31 934.979 2695
-1116.37 917.286 2644
-1110.28 908.612 2619
-1106.23 901.674 2599
-1105.11 897.164 2586
-1109.51 897.164 2586
-1107.46 891.96 2571
-1099.74 882.246 2543
-1095.82 875.654 2524
-1100.12 875.654 2524
-1099.18 871.491 2512
-1096.87 866.287 2497
-1081.72 851.022 2453
-1085.91 851.022 2453
-1066.53 832.634 2400
-1057.24 822.227 2370
-1050.54 813.9 2346
-1054.54 813.9 2346
-1054.47 810.778 2337
-1053.93 807.309 2327
-1054.71 804.88 2320
-1058.67 804.88 2320
-1062.62 804.88 2320
-1065.2 803.839 2317
-1069.15 803.839 2317
-1068.47 800.37 2307
-1071.01 799.329 2304
-1074.93 799.329 2304
-1077.46 798.288 2301
-1081.38 798.288 2301
-1085.3 798.288 2301
-1089.22 798.288 2301
-1086.97 793.778 2288
-1090.87 793.778 2288
-1090.47 790.656 2279
-1090.03 787.533 2270
-1091.01 785.452 2264
-1091.48 783.023 2257
-1095.33 783.023 2257
-1093.33 778.86 2245
-1092.76 775.738 2236
-1095.1 774.697 2233
-1098.91 774.697 2233
-1096.79 770.534 2221
-1099.09 769.493 2218
-1098.89 766.718 2210
-1102.66 766.718 2210
-1101.92 763.595 2201
-1098.14 758.391 2186
-1097.83 755.616 2178
-1101.55 755.616 2178
-1102.21 753.534 2172
-1101.84 750.759 2164
-1100.93 747.636 2155
-1104.61 747.636 2155
-1107.25 746.943 2153
1764.59 1210.01 3505
1758.62 1210.01 3505
1752.64 1210.01 3505
1750.16 1212.43 3512
1770.49 1230.73 3565
1764.41 1230.73 3565
1758.34 1230.73 3565
1909.46 1384.35 4010
1902.62 1384.35 4010
1905.24 1391.26 4030
1898.37 1391.26 4030
1891.5 1391.26 4030
1884.63 1391.26 4030
1877.76 1391.26 4030
1870.89 1391.26 4030
1864.02 1391.26 4030
1857.15 1391.26 4030
1845.69 1387.8 4020
1843.41 1391.26 4030
1836.54 1391.26 4030
1829.67 1391.26 4030
1822.8 1391.26 4030
1802.86 1381.24 4001
1791.55 1377.79 3991
1784.75 1377.79 3991
1777.95 1377.79 3991
1758.72 1368.13 3963
1747.54 1364.67 3953
1740.8 1364.67 3953
1717.83 1351.9 3916
1699.36 1342.58 3889
1680.98 1333.26 3862
1674.39 1333.26 3862
1667.81 1333.26 3862
1661.22 1333.26 3862
1654.64 1333.26 3862
1651.9 1336.37 3871
1645.3 1336.37 3871
1646.32 1342.58 3889
1643.48 1345.69 3898
1648.18 1355.01 3925
1641.49 1355.01 3925
1634.79 1355.01 3925
1628.1 1355.01 3925
1621.41 1355.01 3925
1588.8 1333.26 3862
1582.22 1333.26 3862
1579.31 1336.37 3871
1572.71 1336.37 3871
1566.11 1336.37 3871
1555.88 1333.26 3862
1549.3 1333.26 3862
1542.72 1333.26 3862
1536.13 1333.26 3862
1522.42 1327.04 3844
1515.87 1327.04 3844
1509.31 1327.04 3844
1492.6 1318.07 3818
1482.59 1314.96 3809
1472.6 1311.85 3800
1466.13 1311.85 3800
1453.12 1305.99 3783
1440.17 1300.12 3766
1430.32 1297.01 3757
1423.92 1297.01 3757
1417.51 1297.01 3757
1411.11 1297.01 3757
1404.7 1297.01 3757
1398.3 1297.01 3757
1391.89 1297.01 3757
1385.49 1297.01 3757
1376.15 1294.25 3749
1369.76 1294.25 3749
1363.37 1294.25 3749
1353.72 1291.14 3740
1350.58 1294.25 3749
1344.19 1294.25 3749
1337.8 1294.25 3749
1334.25 1297.01 3757
1327.85 1297.01 3757
1321.44 1297.01 3757
1315.04 1297.01 3757
1305.85 1294.25 3749
1290.79 1285.62 3724
1284.44 1285.62 3724
1275.35 1282.86 3716
1265.94 1279.75 3707
1259.62 1279.75 3707
1253.3 1279.75 3707
1244.29 1276.99 3699
1232.63 1271.46 3683
1226.35 1271.46 3683
1220.07 1271.46 3683
1213.79 1271.46 3683
1210.14 1274.23 3691
1217.22 1288.38 3732
1213.45 1291.14 3740
1207.07 1291.14 3740
1200.7 1291.14 3740
280.149 1105.41 3202
274.69 1105.41 3202
269.232 1105.41 3202
263.279 1103.34 3196
257.831 1103.34 3196
253.804 1109.55 3214
248.325 1109.55 3214
242.846 1109.55 3214
237.366 1109.55 3214
232.392 1111.97 3221
226.901 1111.97 3221
221.41 1111.97 3221
215.919 1111.97 3221
209.579 1107.48 3208
204.11 1107.48 3208
198.27 1105.41 3202
192.45 1103.34 3196
187.704 1107.48 3208
182.973 1111.97 3221
177.482 1111.97 3221
172.312 1114.04 3227
167.121 1116.11 3233
162.259 1120.6 3246
156.726 1120.6 3246
151.751 1124.74 3258
147.364 1133.72 3284
141.765 1133.72 3284
136.167 1133.72 3284
130.568 1133.72 3284
-1113.02 964.558 2794
-1117.78 964.558 2794
-1122.55 964.558 2794
-1125.7 963.177 2790
-1130.45 963.177 2790
-1135.21 963.177 2790
-1137.92 961.451 2785
-1142.67 961.451 2785
-1141.65 956.618 2771
-1146.37 956.618 2771
-1145.28 951.785 2757
-1144.56 947.297 2744
-1128.72 930.381 2695
-1133.31 930.381 2695
-1125.24 920.024 2665
-1113.67 906.906 2627
-1109.64 900.001 2607
-1105.11 892.752 2586
-1109.51 892.752 2586
-1107.46 887.573 2571
-1098.01 876.526 2539
-1090.61 867.205 2512
-1094.89 867.205 2512
-1092.61 862.027 2497
-1082.37 850.634 2464
-1070.7 838.206 2428
-1074.84 838.206 2428
-1053.2 818.183 2370
-1046.54 809.898 2346
-1046.51 806.791 2337
-1050.49 806.791 2337
-1049.96 803.338 2327
-1050.76 800.922 2320
-1053.35 799.886 2317
-1057.3 799.886 2317
-1061.25 799.886 2317
-1065.2 799.886 2317
-1064.53 796.434 2307
-1068.47 796.434 2307
-1071.01 795.398 2304
-1074.93 795.398 2304
-1077.46 794.363 2301
-1081.38 794.363 2301
-1085.3 794.363 2301
-1089.22 794.363 2301
-1086.97 789.875 2288
-1090.87 789.875 2288
-1089.03 785.732 2276
-1090.03 783.661 2270
-1091.01 781.589 2264
-1091.48 779.173 2257
-1095.33 779.173 2257
-1093.33 775.03 2245
-1095.69 773.994 2242
-1099.52 773.994 2242
-1098.91 770.887 2233
-1096.79 766.745 2221
-1099.09 765.709 2218
-1098.89 762.947 2210
-1102.66 762.947 2210
-1101.92 759.84 2201
-1098.14 754.662 2186
-1097.83 751.9 2178
-1101.55 751.9 2178
-1102.21 749.829 2172
-1101.84 747.067 2164
-1100.93 743.96 2155
-1104.61 743.96 2155
-1107.25 743.269 2153
1758.62 1204.03 3505
1752.64 1204.03 3505
1746.67 1204.03 3505
1744.17 1206.44 3512
1738.18 1206.44 3512
1732.2 1206.44 3512
1909.46 1377.51 4010
1902.62 1377.51 4010
1905.24 1384.38 4030
1898.37 1384.38 4030
1891.5 1384.38 4030
1884.63 1384.38 4030
1877.76 1384.38 4030
1870.89 1384.38 4030
1864.02 1384.38 4030
1857.15 1384.38 4030
1845.69 1380.95 4020
1861.25 1397.78 4069
1854.31 1397.78 4069
1847.38 1397.78 4069
1822.8 1384.38 4030
1802.86 1374.42 4001
1791.55 1370.98 3991
1784.75 1370.98 3991
1777.95 1370.98 3991
1758.72 1361.37 3963
1747.54 1357.93 3953
1740.8 1357.93 3953
1717.83 1345.22 3916
1699.36 1335.94 3889
1680.98 1326.67 3862
1674.39 1326.67 3862
1667.81 1326.67 3862
1661.22 1326.67 3862
1654.64 1326.67 3862
1651.9 1329.76 3871
1645.3 1329.76 3871
1646.32 1335.94 3889
1643.48 1339.04 3898
1644.4 1345.22 3916
1637.72 1345.22 3916
1631.05 1345.22 3916
1616.9 1339.04 3898
1610.26 1339.04 3898
1588.8 1326.67 3862
1582.22 1326.67 3862
1575.64 1326.67 3862
1569.05 1326.67 3862
1562.47 1326.67 3862
1555.88 1326.67 3862
1549.3 1326.67 3862
1542.72 1326.67 3862
1536.13 1326.67 3862
1522.42 1320.49 3844
1515.87 1320.49 3844
1509.31 1320.49 3844
1492.6 1311.55 3818
1486.09 1311.55 3818
1476.09 1308.46 3809
1469.6 1308.46 3809
1456.58 1302.62 3792
1443.23 1296.44 3774
1433.75 1293.69 3766
1427.33 1293.69 3766
1417.51 1290.6 3757
1417.49 1296.44 3774
1411.06 1296.44 3774
1407.97 1299.53 3783
1401.53 1299.53 3783
1395.08 1299.53 3783
1379.08 1290.6 3757
1372.68 1290.6 3757
1363.37 1287.85 3749
1353.72 1284.76 3740
1350.58 1287.85 3749
1344.19 1287.85 3749
1337.8 1287.85 3749
1334.25 1290.6 3757
1327.85 1290.6 3757
1321.44 1290.6 3757
1315.04 1290.6 3757
1305.85 1287.85 3749
1290.79 1279.26 3724
1284.44 1279.26 3724
1275.35 1276.52 3716
1265.94 1273.42 3707
1259.62 1273.42 3707
1253.3 1273.42 3707
1244.29 1270.68 3699
1232.63 1265.18 3683
1226.35 1265.18 3683
1220.07 1265.18 3683
1213.79 1265.18 3683
1210.14 1267.93 3691
1217.22 1282.01 3732
1213.45 1284.76 3740
1207.07 1284.76 3740
1200.7 1284.76 3740
253.804 1104.07 3214
248.325 1104.07 3214
242.846 1104.07 3214
237.883 1106.47 3221
232.392 1106.47 3221
226.901 1106.47 3221
221.41 1106.47 3221
215.919 1106.47 3221
210.428 1106.47 3221
204.937 1106.47 3221
198.27 1099.95 3202
193.534 1104.07 3214
188.464 1106.47 3221
183.655 1110.6 3233
178.144 1110.6 3233
172.632 1110.6 3233
168.103 1117.12 3252
162.859 1119.18 3258
157.305 1119.18 3258
152.962 1128.12 3284
147.633 1130.18 3290
142.888 1137.05 3310
137.245 1137.05 3310
131.602 1137.05 3310
-1117 963.227 2804
-1121.78 963.227 2804
-1126.57 963.227 2804
-1127.31 959.792 2794
-1130.45 958.417 2790
-1135.21 958.417 2790
-1137.92 956.7 2785
-1142.67 956.7 2785
-1143.71 953.608 2776
-1148.44 953.608 2776
-1149.44 950.517 2767
-1144.56 942.616 2744
-1128.72 925.783 2695
-1133.31 925.783 2695
-1125.24 915.478 2665
-1113.67 902.424 2627
-1109.64 895.554 2607
-1105.11 888.34 2586
-1109.51 888.34 2586
-1107.46 883.187 2571
-1089.79 865.667 2520
-1084.1 857.766 2497
-1088.36 857.766 2497
-1078.17 846.43 2464
-1066.56 834.064 2428
-1047.77 816.201 2376
-1051.82 816.201 2376
-1038.54 802.804 2337
-1038.06 799.368 2327
-1036.21 794.903 2314
-1040.15 794.903 2314
-1040.94 792.498 2307
-1044.87 792.498 2307
-1048.8 792.498 2307
-1052.74 792.498 2307
-1056.67 792.498 2307
-1060.6 792.498 2307
-1063.15 791.467 2304
-1067.08 791.467 2304
-1071.01 791.467 2304
-1072.13 789.406 2298
-1076.05 789.406 2298
-1079.97 789.406 2298
-1083.89 789.406 2298
-1086.38 788.376 2295
-1086.97 785.971 2288
-1090.87 785.971 2288
-1089.03 781.849 2276
-1088.59 778.757 2267
-1091.01 777.727 2264
-1094.87 777.727 2264
-1095.33 775.322 2257
-1093.33 771.2 2245
-1095.69 770.169 2242
-1099.52 770.169 2242
-1098.91 767.078 2233
-1096.79 762.955 2221
-1096.61 760.207 2213
-1098.89 759.177 2210
-1102.66 759.177 2210
-1095.91 751.963 2189
-1098.14 750.932 2186
-1097.83 748.184 2178
-1101.55 748.184 2178
-1102.21 746.123 2172
-1101.84 743.375 2164
-1100.93 740.283 2155
-1104.61 740.283 2155
-1107.25 739.596 2153
1861.25 1390.84 4069
1854.31 1390.84 4069
1847.38 1390.84 4069
1822.8 1377.51 4030
1802.86 1367.59 4001
1791.55 1364.17 3991
1784.75 1364.17 3991
1777.95 1364.17 3991
1758.72 1354.6 3963
1747.54 1351.19 3953
1740.8 1351.19 3953
1717.83 1338.54 3916
1699.36 1329.31 3889
1680.98 1320.08 3862
1674.39 1320.08 3862
1667.81 1320.08 3862
1661.22 1320.08 3862
1654.64 1320.08 3862
1651.9 1323.16 3871
1645.3 1323.16 3871
1646.32 1329.31 3889
1643.48 1332.39 3898
1644.4 1338.54 3916
1637.72 1338.54 3916
1631.05 1338.54 3916
1616.9 1332.39 3898
1610.26 1332.39 3898
1588.8 1320.08 3862
1582.22 1320.08 3862
1575.64 1320.08 3862
1569.05 1320.08 3862
1555.19 1313.93 3844
1559.51 1323.16 3871
1552.91 1323.16 3871
1546.31 1323.16 3871
1539.71 1323.16 3871
1529.55 1320.08 3862
1519.42 1317 3853
1512.85 1317 3853
1495.72 1307.78 3826
1486.09 1305.04 3818
1479.58 1305.04 3818
1473.07 1305.04 3818
1463.11 1301.96 3809
1450.11 1296.15 3792
1436.79 1290 3774
1430.36 1290 3774
1423.93 1290 3774
1424.25 1296.15 3792
1417.79 1296.15 3792
1411.32 1296.15 3792
1404.86 1296.15 3792
1398.4 1296.15 3792
1388.63 1293.08 3783
1382.18 1293.08 3783
1369.55 1287.27 3766
1356.97 1281.46 3749
1353.46 1284.19 3757
1356.38 1293.08 3783
1349.93 1293.08 3783
1346.68 1296.15 3792
1343.04 1298.89 3800
1336.57 1298.89 3800
1330.09 1298.89 3800
1314.55 1290 3774
1299.45 1281.46 3749
1293.06 1281.46 3749
1278.09 1272.91 3724
1274.48 1275.65 3732
1268.11 1275.65 3732
1261.75 1275.65 3732
1250.01 1270.18 3716
1243.67 1270.18 3716
1234.34 1267.1 3707
1228.02 1267.1 3707
1221.7 1267.1 3707
1212.76 1264.37 3699
1217.22 1275.65 3732
1213.45 1278.38 3740
1207.07 1278.38 3740
1200.7 1278.38 3740
253.804 1098.59 3214
249.329 1103.03 3227
243.828 1103.03 3227
238.327 1103.03 3227
232.825 1103.03 3227
227.324 1103.03 3227
221.823 1103.03 3227
216.322 1103.03 3227
210.82 1103.03 3227
205.319 1103.03 3227
199.013 1098.59 3214
193.534 1098.59 3214
189.167 1105.08 3233
184.394 1109.52 3246
178.86 1109.52 3246
173.326 1109.52 3246
168.103 1111.57 3252
162.859 1113.63 3258
157.305 1113.63 3258
152.962 1122.51 3284
148.53 1131.4 3310
142.888 1131.4 3310
137.245 1131.4 3310
131.602 1131.4 3310
-1128.16 968.014 2832
-1132.99 968.014 2832
-1137.81 968.014 2832
-1131.35 958.443 2804
-1132.07 955.025 2794
-1136.84 955.025 2794
-1139.97 953.657 2790
-1144.72 953.657 2790
-1147.42 951.948 2785
-1152.17 951.948 2785
-1153.17 948.872 2776
-1144.56 937.934 2744
-1143.37 933.149 2730
-1148.03 933.149 2730
-1125.24 910.931 2665
-1113.67 897.942 2627
-1109.64 891.106 2607
-1112.37 889.738 2603
-1109.51 883.928 2586
-1107.46 878.8 2571
-1089.79 861.368 2520
-1084.1 853.506 2497
-1088.36 853.506 2497
-1078.17 842.227 2464
-1066.56 829.921 2428
-1047.77 812.147 2376
-1051.82 812.147 2376
-1034.09 795.398 2327
-1029.14 788.562 2307
-1031.73 787.536 2304
-1035.66 787.536 2304
-1035.52 784.46 2295
-1039.44 784.46 2295
-1041.98 783.435 2292
-1047.26 784.46 2295
-1051.17 784.46 2295
-1055.09 784.46 2295
-1059 784.46 2295
-1062.91 784.46 2295
-1066.82 784.46 2295
-1069.34 783.435 2292
-1074.65 784.46 2295
-1078.56 784.46 2295
-1082.47 784.46 2295
-1083.07 782.068 2288
-1084.12 780.017 2282
-1088.01 780.017 2282
-1086.16 775.915 2270
-1087.15 773.864 2264
-1091.01 773.864 2264
-1094.87 773.864 2264
-1095.33 771.471 2257
-1093.33 767.37 2245
-1095.69 766.344 2242
-1099.52 766.344 2242
-1098.91 763.268 2233
-1096.79 759.166 2221
-1096.61 756.432 2213
-1098.89 755.406 2210
-1102.66 755.406 2210
-1095.91 748.228 2189
-1098.14 747.203 2186
-1097.83 744.468 2178
-1101.55 744.468 2178
-1102.21 742.417 2172
-1101.84 739.683 2164
-1100.93 736.606 2155
-1104.61 736.606 2155
-1107.25 735.923 2153
1868.19 1383.89 4069
1861.25 1383.89 4069
1854.31 1383.89 4069
1847.38 1383.89 4069
1822.8 1370.63 4030
1802.86 1360.77 4001
1791.55 1357.37 3991
1784.75 1357.37 3991
1777.95 1357.37 3991
1758.72 1347.84 3963
1739.58 1338.32 3935
1732.87 1338.32 3935
1709.94 1325.74 3898
1687.56 1313.49 3862
1680.98 1313.49 3862
1674.39 1313.49 3862
1667.81 1313.49 3862
1657.35 1310.43 3853
1643.07 1304.31 3835
1644.22 1310.43 3853
1637.65 1310.43 3853
1638.7 1316.55 3871
1635.9 1319.61 3880
1636.84 1325.74 3898
1630.19 1325.74 3898
1623.55 1325.74 3898
1616.9 1325.74 3898
1610.26 1325.74 3898
1585.1 1310.43 3853
1578.53 1310.43 3853
1571.96 1310.43 3853
1565.4 1310.43 3853
1558.83 1310.43 3853
1563.14 1319.61 3880
1560.13 1322.67 3889
1553.5 1322.67 3889
1546.87 1322.67 3889
1533.11 1316.55 3871
1519.42 1310.43 3853
1512.85 1310.43 3853
1506.28 1310.43 3853
1489.2 1301.25 3826
1479.58 1298.53 3818
1473.07 1298.53 3818
1466.56 1298.53 3818
1460.05 1298.53 3818
1450.12 1295.47 3809
1443.63 1295.47 3809
1437.13 1295.47 3809
1434.02 1298.53 3818
1427.51 1298.53 3818
1421 1298.53 3818
1414.49 1298.53 3818
1407.98 1298.53 3818
1394.87 1292.41 3800
1388.39 1292.41 3800
1381.91 1292.41 3800
1369.28 1286.62 3783
1368.96 1292.41 3800
1362.48 1292.41 3800
1356 1292.41 3800
1358.76 1301.25 3826
1352.23 1301.25 3826
1345.71 1301.25 3826
1336.39 1298.53 3818
1329.88 1298.53 3818
1305.35 1280.84 3766
1298.93 1280.84 3766
1289.42 1277.78 3757
1280.28 1275.06 3749
1273.89 1275.06 3749
1267.5 1275.06 3749
1261.11 1275.06 3749
1249.03 1269.28 3732
1242.66 1269.28 3732
1236.3 1269.28 3732
1229.94 1269.28 3732
1212.76 1258.05 3699
1203.84 1255.33 3691
1197.55 1255.33 3691
249.329 1097.52 3227
243.828 1097.52 3227
238.327 1097.52 3227
232.825 1097.52 3227
227.747 1099.56 3233
222.235 1099.56 3233
216.724 1099.56 3233
211.212 1099.56 3233
205.701 1099.56 3233
199.446 1095.48 3221
193.534 1093.1 3214
189.518 1101.61 3239
184.734 1106.03 3252
179.191 1106.03 3252
173.967 1108.07 3258
169.085 1112.49 3271
163.859 1114.87 3278
158.271 1114.87 3278
153.241 1118.95 3290
149.114 1130.17 3323
144.053 1134.94 3337
138.364 1134.94 3337
132.676 1134.94 3337
-1136.82 974.746 2866
-1141.7 974.746 2866
-1146.59 974.746 2866
-1137.81 963.182 2832
-1131.35 953.659 2804
-1132.07 950.258 2794
-1136.84 950.258 2794
-1139.97 948.897 2790
-1144.72 948.897 2790
-1147.42 947.197 2785
-1152.17 947.197 2785
-1153.17 944.136 2776
-1144.56 933.253 2744
-1143.37 928.491 2730
-1148.03 928.491 2730
-1121.44 903.323 2656
-1113.67 893.46 2627
-1107.93 885.297 2603
-1112.37 885.297 2603
-1104.37 875.434 2574
-1095.4 864.891 2543
-1079.84 849.246 2497
-1069.77 838.023 2464
-1073.97 838.023 2464
-1058.05 822.378 2418
-1051.19 813.875 2393
-1030.57 794.829 2337
-1034.55 794.829 2337
-1034.09 791.428 2327
-1029.14 784.626 2307
-1031.73 783.606 2304
-1035.66 783.606 2304
-1035.52 780.545 2295
-1039.44 780.545 2295
-1041.98 779.524 2292
-1047.26 780.545 2295
-1051.17 780.545 2295
-1055.09 780.545 2295
-1059 780.545 2295
-1062.91 780.545 2295
-1066.82 780.545 2295
-1069.34 779.524 2292
-1074.65 780.545 2295
-1078.56 780.545 2295
-1082.47 780.545 2295
-1083.07 778.164 2288
-1084.12 776.123 2282
-1088.01 776.123 2282
-1086.16 772.042 2270
-1087.15 770.001 2264
-1091.01 770.001 2264
-1094.87 770.001 2264
-1095.33 767.621 2257
-1093.33 763.539 2245
-1092.76 760.478 2236
-1096.57 760.478 2236
-1097.43 758.438 2230
-1095.31 754.357 2218
-1096.61 752.656 2213
-1091.43 746.534 2195
-1095.18 746.534 2195
-1095.91 744.493 2189
-1095.63 741.773 2181
-1096.32 739.732 2175
-1100.03 739.732 2175
-1100.69 737.691 2169
-1101.84 735.991 2164
-1100.93 732.93 2155
-1104.61 732.93 2155
-1107.25 732.25 2153
1891.31 1383.72 4089
1884.34 1383.72 4089
1877.37 1383.72 4089
1861.25 1376.95 4069
1854.31 1376.95 4069
1838.3 1370.18 4049
1822.8 1363.75 4030
1789.8 1344.13 3972
1783.02 1344.13 3972
1776.25 1344.13 3972
1765.47 1341.08 3963
1733.86 1322.13 3907
1727.2 1322.13 3907
1720.54 1322.13 3907
1694.14 1306.9 3862
1675.76 1297.77 3835
1669.22 1297.77 3835
1662.69 1297.77 3835
1656.15 1297.77 3835
1649.61 1297.77 3835
1643.07 1297.77 3835
1640.38 1300.81 3844
1633.82 1300.81 3844
1631.08 1303.86 3853
1635.9 1312.99 3880
1636.84 1319.09 3898
1630.19 1319.09 3898
1623.55 1319.09 3898
1616.9 1319.09 3898
1610.26 1319.09 3898
1596.21 1312.99 3880
1585.91 1309.95 3871
1571.96 1303.86 3853
1565.4 1303.86 3853
1558.83 1303.86 3853
1563.14 1312.99 3880
1560.13 1316.04 3889
1553.5 1316.04 3889
1546.87 1316.04 3889
1533.11 1309.95 3871
1519.42 1303.86 3853
1512.85 1303.86 3853
1506.28 1303.86 3853
1489.2 1294.72 3826
1479.58 1292.01 3818
1473.07 1292.01 3818
1466.56 1292.01 3818
1460.05 1292.01 3818
1450.12 1288.97 3809
1443.63 1288.97 3809
1437.13 1288.97 3809
1434.02 1292.01 3818
1427.51 1292.01 3818
1421 1292.01 3818
1414.49 1292.01 3818
1407.98 1292.01 3818
1417.63 1306.9 3862
1411.04 1306.9 3862
1404.46 1306.9 3862
1384.84 1294.72 3826
1378.32 1294.72 3826
1391.16 1312.99 3880
1384.55 1312.99 3880
1381.13 1316.04 3889
1374.5 1316.04 3889
1367.87 1316.04 3889
1361.24 1316.04 3889
1354.61 1316.04 3889
1323.37 1292.01 3818
1316.86 1292.01 3818
1310.35 1292.01 3818
1300.77 1288.97 3809
1282.38 1277.12 3774
1275.95 1277.12 3774
1269.52 1277.12 3774
1249.03 1262.91 3732
1242.66 1262.91 3732
1236.3 1262.91 3732
1229.94 1262.91 3732
1212.76 1251.74 3699
1203.84 1249.04 3691
1197.55 1249.04 3691
249.329 1092.02 3227
243.828 1092.02 3227
238.327 1092.02 3227
233.258 1094.05 3233
227.747 1094.05 3233
222.235 1094.05 3233
216.724 1094.05 3233
211.212 1094.05 3233
205.701 1094.05 3233
199.446 1089.99 3221
193.534 1087.62 3214
189.518 1096.08 3239
184.734 1100.48 3252
179.191 1100.48 3252
173.967 1102.51 3258
169.085 1106.91 3271
163.859 1109.28 3278
158.271 1109.28 3278
153.241 1113.34 3290
149.114 1124.5 3323
144.053 1129.24 3337
138.364 1129.24 3337
132.676 1129.24 3337
-1138.8 971.548 2871
-1143.7 971.548 2871
-1148.59 971.548 2871
-1151.47 969.856 2866
-1136.99 953.613 2818
-1136.13 948.875 2804
-1142.94 950.567 2809
-1147.73 950.567 2809
-1152.52 950.567 2809
-1155.25 948.875 2804
-1160.03 948.875 2804
-1156.91 942.445 2785
-1152.07 934.662 2762
-1149.24 928.571 2744
-1153.92 928.571 2744
-1126.93 903.191 2669
-1124.27 897.438 2652
-1107.93 880.857 2603
-1112.37 880.857 2603
-1104.37 871.043 2574
-1095.4 860.552 2543
-1076.82 842.617 2490
-1049.8 818.252 2418
-1053.92 818.252 2418
-1047.11 809.792 2393
-1049.87 808.777 2390
-1028.81 789.488 2333
-1032.78 789.488 2333
-1025.21 780.69 2307
-1027.8 779.675 2304
-1027.7 776.629 2295
-1031.61 776.629 2295
-1034.17 775.614 2292
-1038.08 775.614 2292
-1040.17 774.26 2288
-1045.89 775.614 2292
-1049.8 775.614 2292
-1053.71 775.614 2292
-1057.61 775.614 2292
-1061.52 775.614 2292
-1065.43 775.614 2292
-1066.07 773.245 2285
-1069.96 773.245 2285
-1073.86 773.245 2285
-1077.76 773.245 2285
-1081.65 773.245 2285
-1082.7 771.215 2279
-1086.58 771.215 2279
-1083.29 766.139 2264
-1087.15 766.139 2264
-1087.63 763.77 2257
-1091.48 763.77 2257
-1095.33 763.77 2257
-1093.33 759.709 2245
-1092.76 756.664 2236
-1096.57 756.664 2236
-1097.43 754.633 2230
-1095.31 750.572 2218
-1096.61 748.88 2213
-1091.43 742.789 2195
-1095.18 742.789 2195
-1095.91 740.759 2189
-1095.63 738.052 2181
-1096.32 736.021 2175
-1100.03 736.021 2175
-1100.69 733.991 2169
-1101.84 732.299 2164
-1100.93 729.253 2155
-1104.61 729.253 2155
-1107.25 728.576 2153
1891.31 1376.74 4089
1884.34 1376.74 4089
1877.37 1376.74 4089
1861.25 1370.01 4069
1854.31 1370.01 4069
1838.3 1363.28 4049
1822.8 1356.88 4030
1789.8 1337.35 3972
1783.02 1337.35 3972
1776.25 1337.35 3972
1748.54 1321.53 3925
1737.86 1318.5 3916
1719.25 1309.4 3889
1712.62 1309.4 3889
1686.25 1294.25 3844
1671.83 1288.19 3826
1669.22 1291.22 3835
1662.69 1291.22 3835
1656.15 1291.22 3835
1649.61 1291.22 3835
1639.22 1288.19 3826
1644.22 1297.28 3853
1637.65 1297.28 3853
1631.08 1297.28 3853
1632.1 1303.34 3871
1636.84 1312.43 3898
1630.19 1312.43 3898
1623.55 1312.43 3898
1616.9 1312.43 3898
1610.26 1312.43 3898
1596.21 1306.37 3880
1585.91 1303.34 3871
1571.96 1297.28 3853
1565.4 1297.28 3853
1558.83 1297.28 3853
1566.76 1309.4 3889
1560.13 1309.4 3889
1553.5 1309.4 3889
1546.87 1309.4 3889
1540.24 1309.4 3889
1526.52 1303.34 3871
1519.92 1303.34 3871
1506.28 1297.28 3853
1499.71 1297.28 3853
1493.14 1297.28 3853
1486.57 1297.28 3853
1476.55 1294.25 3844
1470 1294.25 3844
1473.72 1303.34 3871
1467.12 1303.34 3871
1460.52 1303.34 3871
1453.93 1303.34 3871
1454.06 1309.4 3889
1447.43 1309.4 3889
1440.8 1309.4 3889
1427.53 1303.34 3871
1417.63 1300.31 3862
1411.04 1300.31 3862
1404.46 1300.31 3862
1384.84 1288.19 3826
1378.32 1288.19 3826
1391.16 1306.37 3880
1384.55 1306.37 3880
1381.13 1309.4 3889
1374.5 1309.4 3889
1367.87 1309.4 3889
1361.24 1309.4 3889
1354.61 1309.4 3889
1323.37 1285.5 3818
1316.86 1285.5 3818
1310.35 1285.5 3818
1300.77 1282.47 3809
1282.38 1270.68 3774
1275.95 1270.68 3774
1269.52 1270.68 3774
1249.03 1256.54 3732
1242.66 1256.54 3732
1236.3 1256.54 3732
1229.94 1256.54 3732
239.213 1090.55 3239
235.567 1099.31 3265
230.001 1099.31 3265
224.435 1099.31 3265
217.126 1090.55 3239
211.604 1090.55 3239
206.083 1090.55 3239
199.818 1086.51 3227
193.534 1082.14 3214
189.518 1090.55 3239
184.734 1094.93 3252
179.191 1094.93 3252
174.341 1099.31 3265
169.447 1103.68 3278
164.159 1105.7 3284
158.56 1105.7 3284
153.847 1112.1 3303
149.428 1121.19 3330
144.053 1123.55 3337
138.364 1123.55 3337
132.676 1123.55 3337
-1138.8 966.65 2871
-1143.7 966.65 2871
-1148.59 966.65 2871
-1151.47 964.966 2866
-1141.03 952.172 2828
-1141.8 948.805 2818
-1146.6 948.805 2818
-1149.36 947.121 2813
-1154.16 947.121 2813
-1157.31 945.775 2809
-1162.09 945.775 2809
-1162.73 942.408 2799
-1157.91 934.664 2776
-1153.01 926.92 2753
-1157.7 926.92 2753
-1156.48 922.206 2739
-1124.27 892.914 2652
-1106.23 875.069 2599
-1110.66 875.069 2599
-1097.93 861.601 2559
-1098.85 858.907 2551
-1076.82 838.369 2490
-1055.88 818.841 2432
-1060.03 818.841 2432
-1045.79 804.7 2390
-1042.4 798.976 2373
-1028.81 785.508 2333
-1032.78 785.508 2333
-1025.21 776.754 2307
-1023.79 772.714 2295
-1027.7 772.714 2295
-1031.61 772.714 2295
-1034.17 771.704 2292
-1038.08 771.704 2292
-1040.17 770.357 2288
-1045.89 771.704 2292
-1049.8 771.704 2292
-1053.71 771.704 2292
-1057.61 771.704 2292
-1061.52 771.704 2292
-1063.57 770.357 2288
-1064.67 768.337 2282
-1068.56 768.337 2282
-1072.45 768.337 2282
-1076.34 768.337 2282
-1080.23 768.337 2282
-1081.27 766.317 2276
-1085.15 766.317 2276
-1083.29 762.276 2264
-1083.79 759.919 2257
-1086.19 758.909 2254
-1090.03 758.909 2254
-1092.42 757.899 2251
-1091.87 754.869 2242
-1091.3 751.839 2233
-1095.1 751.839 2233
-1093 747.798 2221
-1091.36 744.095 2210
-1090.67 741.064 2201
-1089.94 738.034 2192
-1092.18 737.024 2189
-1093.41 735.341 2184
-1092.61 732.31 2175
-1094.81 731.3 2172
-1098.51 731.3 2172
-1099.68 729.617 2167
-1100.32 727.597 2161
-1099.91 724.903 2153
-1103.58 724.903 2153
-1105.71 723.893 2150
1891.31 1369.77 4089
1884.34 1369.77 4089
1877.37 1369.77 4089
1861.25 1363.07 4069
1854.31 1363.07 4069
1838.3 1356.37 4049
1801.09 1333.92 3982
1794.3 1333.92 3982
1787.51 1333.92 3982
1780.73 1333.92 3982
1748.54 1314.83 3925
1737.86 1311.81 3916
1731.18 1311.81 3916
1712.62 1302.77 3889
1690.2 1290.71 3853
1675.76 1284.68 3835
1669.22 1284.68 3835
1662.69 1284.68 3835
1656.15 1284.68 3835
1649.61 1284.68 3835
1643.07 1284.68 3835
1644.22 1290.71 3853
1637.65 1290.71 3853
1638.7 1296.74 3871
1632.1 1296.74 3871
1640.62 1308.8 3907
1633.96 1308.8 3907
1627.3 1308.8 3907
1620.64 1308.8 3907
1613.98 1308.8 3907
1596.21 1299.75 3880
1585.91 1296.74 3871
1579.31 1296.74 3871
1572.71 1296.74 3871
1566.11 1296.74 3871
1566.76 1302.77 3889
1563.74 1305.78 3898
1557.1 1305.78 3898
1550.45 1305.78 3898
1540.24 1302.77 3889
1533.61 1302.77 3889
1526.98 1302.77 3889
1513.32 1296.74 3871
1506.72 1296.74 3871
1500.12 1296.74 3871
1493.52 1296.74 3871
1483.46 1293.72 3862
1480.32 1296.74 3871
1480.58 1302.77 3889
1473.95 1302.77 3889
1467.32 1302.77 3889
1464.07 1305.78 3898
1460.79 1308.8 3907
1457.48 1311.81 3916
1450.8 1311.81 3916
1444.12 1311.81 3916
1437.45 1311.81 3916
1430.77 1311.81 3916
1407.73 1296.74 3871
1394.62 1290.71 3853
1401.02 1302.77 3889
1410.88 1318.18 3935
1404.17 1318.18 3935
1400.66 1321.19 3944
1393.94 1321.19 3944
1387.21 1321.19 3944
1380.49 1321.19 3944
1360.88 1308.8 3907
1354.22 1308.8 3907
1347.56 1308.8 3907
1340.9 1308.8 3907
1300.77 1275.97 3809
1282.38 1264.25 3774
1275.95 1264.25 3774
1269.52 1264.25 3774
1243.67 1244.82 3716
239.213 1085.03 3239
235.567 1093.74 3265
230.001 1093.74 3265
224.435 1093.74 3265
218.869 1093.74 3265
212.062 1087.37 3246
206.528 1087.37 3246
200.19 1083.02 3233
193.534 1076.65 3214
189.167 1083.02 3233
185.473 1093.74 3265
179.907 1093.74 3265
175.035 1098.09 3278
169.757 1100.1 3284
164.159 1100.1 3284
158.56 1100.1 3284
153.847 1106.47 3303
149.428 1115.51 3330
144.053 1117.86 3337
138.364 1117.86 3337
132.676 1117.86 3337
-1138.8 961.751 2871
-1143.7 961.751 2871
-1148.59 961.751 2871
-1151.47 960.076 2866
-1141.03 947.347 2828
-1143.82 945.672 2823
-1148.64 945.672 2823
-1151.41 943.997 2818
-1156.21 943.997 2818
-1157.31 940.982 2809
-1162.09 940.982 2809
-1162.73 937.632 2799
-1157.91 929.928 2776
-1154.68 923.563 2757
-1159.38 923.563 2757
-1162.39 922.223 2753
-1131.48 894.084 2669
-1106.23 870.635 2599
-1110.66 870.635 2599
-1097.93 857.235 2559
-1102.29 857.235 2559
-1076.82 834.121 2490
-1055.88 814.692 2432
-1060.03 814.692 2432
-1064.17 814.692 2432
-1042.4 794.927 2373
-1030.57 782.868 2337
-1034.55 782.868 2337
-1022.54 770.808 2301
-1022.45 767.793 2292
-1026.36 767.793 2292
-1030.26 767.793 2292
-1034.17 767.793 2292
-1036.27 766.453 2288
-1040.17 766.453 2288
-1044.07 766.453 2288
-1047.97 766.453 2288
-1051.87 766.453 2288
-1055.77 766.453 2288
-1059.67 766.453 2288
-1060.78 764.443 2282
-1061.87 762.433 2276
-1065.75 762.433 2276
-1069.63 762.433 2276
-1073.51 762.433 2276
-1077.39 762.433 2276
-1079.85 761.428 2273
-1083.72 761.428 2273
-1078.5 755.064 2254
-1082.35 755.064 2254
-1086.19 755.064 2254
-1090.03 755.064 2254
-1090.96 753.054 2248
-1088.95 749.034 2236
-1091.3 748.029 2233
-1095.1 748.029 2233
-1090.05 741.999 2215
-1088.39 738.314 2204
-1086.21 734.294 2192
-1089.94 734.294 2192
-1089.69 731.614 2184
-1088.91 728.6 2175
-1091.11 727.595 2172
-1094.81 727.595 2172
-1095.98 725.92 2167
-1099.68 725.92 2167
-1100.32 723.91 2161
-1104 723.91 2161
-1103.58 721.23 2153
-1105.71 720.225 2150
1891.31 1362.79 4089
1884.34 1362.79 4089
1877.37 1362.79 4089
1861.25 1356.13 4069
1854.31 1356.13 4069
1842.84 1352.79 4059
1805.16 1330.13 3991
1794.3 1327.13 3982
1787.51 1327.13 3982
1780.73 1327.13 3982
1748.54 1308.13 3925
1737.86 1305.13 3916
1731.18 1305.13 3916
1712.62 1296.13 3889
1690.2 1284.14 3853
1675.76 1278.14 3835
1669.22 1278.14 3835
1662.69 1278.14 3835
1656.15 1278.14 3835
1649.61 1278.14 3835
1643.07 1278.14 3835
1644.22 1284.14 3853
1637.65 1284.14 3853
1638.7 1290.14 3871
1632.1 1290.14 3871
1640.62 1302.13 3907
1633.96 1302.13 3907
1627.3 1302.13 3907
1620.64 1302.13 3907
1613.98 1302.13 3907
1596.21 1293.14 3880
1589.59 1293.14 3880
1582.98 1293.14 3880
1580.02 1296.13 3889
1573.39 1296.13 3889
1570.39 1299.13 3898
1563.74 1299.13 3898
1557.1 1299.13 3898
1550.45 1299.13 3898
1543.81 1299.13 3898
1533.61 1296.13 3889
1526.98 1296.13 3889
1513.32 1290.14 3871
1506.72 1290.14 3871
1500.12 1290.14 3871
1493.52 1290.14 3871
1483.46 1287.14 3862
1490.65 1299.13 3898
1487.43 1302.13 3907
1480.77 1302.13 3907
1474.11 1302.13 3907
1474.21 1308.13 3925
1467.52 1308.13 3925
1460.83 1308.13 3925
1454.13 1308.13 3925
1447.44 1308.13 3925
1440.75 1308.13 3925
1434.06 1308.13 3925
1427.37 1308.13 3925
1404.39 1293.14 3880
1420.83 1314.46 3944
1417.34 1317.46 3953
1410.6 1317.46 3953
1407.41 1320.8 3963
1400.65 1320.8 3963
1393.9 1320.8 3963
1387.14 1320.8 3963
1373.77 1314.46 3944
1376.75 1323.8 3972
1369.98 1323.8 3972
1363.21 1323.8 3972
239.213 1079.5 3239
235.567 1088.17 3265
230.001 1088.17 3265
224.435 1088.17 3265
218.869 1088.17 3265
212.062 1081.83 3246
206.528 1081.83 3246
200.561 1079.5 3239
193.534 1071.17 3214
189.167 1077.5 3233
185.473 1088.17 3265
179.907 1088.17 3265
175.356 1094.5 3284
169.757 1094.5 3284
164.159 1094.5 3284
158.56 1094.5 3284
153.847 1100.83 3303
149.428 1109.83 3330
144.053 1112.16 3337
138.364 1112.16 3337
132.676 1112.16 3337
-1138.8 956.853 2871
-1143.7 956.853 2871
-1148.59 956.853 2871
-1149.87 953.854 2862
-1141.03 942.522 2828
-1143.82 940.856 2823
-1148.64 940.856 2823
-1151.41 939.189 2818
-1156.21 939.189 2818
-1157.31 936.19 2809
-1162.09 936.19 2809
-1162.73 932.857 2799
-1157.91 925.191 2776
-1154.68 918.859 2757
-1159.38 918.859 2757
-1162.39 917.526 2753
-1131.48 889.53 2669
-1106.23 866.2 2599
-1110.66 866.2 2599
-1097.93 852.869 2559
-1102.29 852.869 2559
-1076.82 829.873 2490
-1055.88 810.542 2432
-1060.03 810.542 2432
-1064.17 810.542 2432
-1042.4 790.879 2373
-1030.57 778.88 2337
-1034.55 778.88 2337
-1022.54 766.882 2301
-1022.45 763.883 2292
-1026.36 763.883 2292
-1030.26 763.883 2292
-1034.17 763.883 2292
-1036.27 762.55 2288
-1040.17 762.55 2288
-1044.07 762.55 2288
-1047.97 762.55 2288
-1051.87 762.55 2288
-1055.77 762.55 2288
-1059.67 762.55 2288
-1060.78 760.55 2282
-1061.87 758.55 2276
-1065.75 758.55 2276
-1069.63 758.55 2276
-1073.51 758.55 2276
-1077.39 758.55 2276
-1079.85 757.55 2273
-1083.72 757.55 2273
-1078.5 751.218 2254
-1082.35 751.218 2254
-1086.19 751.218 2254
-1090.03 751.218 2254
-1090.96 749.218 2248
-1088.95 745.219 2236
-1089.83 743.219 2230
-1093.63 743.219 2230
-1089.07 737.554 2213
-1086.91 733.554 2201
-1084.72 729.555 2189
-1088.45 729.555 2189
-1089.69 727.888 2184
-1088.91 724.889 2175
-1092.61 724.889 2175
-1096.32 724.889 2175
-1096.99 722.889 2169
-1099.68 722.223 2167
-1101.84 721.223 2164
-1105.53 721.223 2164
-1104.61 718.223 2155
-1105.71 716.557 2150
1868.19 1349.18 4069
1861.25 1349.18 4069
1854.31 1349.18 4069
1842.84 1345.87 4059
1813.75 1329.62 4010
1806.92 1329.62 4010
1800.08 1329.62 4010
1784.75 1323.32 3991
1748.54 1301.44 3925
1737.86 1298.45 3916
1731.18 1298.45 3916
1712.62 1289.5 3889
1702.04 1286.52 3880
1695.42 1286.52 3880
1688.81 1286.52 3880
1682.2 1286.52 3880
1671.69 1283.53 3871
1665.1 1283.53 3871
1650.78 1277.56 3853
1644.22 1277.56 3853
1637.65 1277.56 3853
1646.32 1289.5 3889
1643.48 1292.48 3898
1644.4 1298.45 3916
1637.72 1298.45 3916
1631.05 1298.45 3916
1624.37 1298.45 3916
1617.69 1298.45 3916
1599.91 1289.5 3889
1589.59 1286.52 3880
1582.98 1286.52 3880
1580.02 1289.5 3889
1573.39 1289.5 3889
1570.39 1292.48 3898
1563.74 1292.48 3898
1557.1 1292.48 3898
1550.45 1292.48 3898
1543.81 1292.48 3898
1533.61 1289.5 3889
1526.98 1289.5 3889
1513.32 1283.53 3871
1506.72 1283.53 3871
1500.12 1283.53 3871
1493.52 1283.53 3871
1483.46 1280.55 3862
1490.65 1292.48 3898
1487.43 1295.47 3907
1480.77 1295.47 3907
1474.11 1295.47 3907
1474.21 1301.44 3925
1467.52 1301.44 3925
1460.83 1301.44 3925
1454.13 1301.44 3925
1447.44 1301.44 3925
1440.75 1301.44 3925
1434.06 1301.44 3925
1427.37 1301.44 3925
1410.91 1292.48 3898
1434.52 1320.34 3982
1427.73 1320.34 3982
1438.07 1336.25 4030
1431.2 1336.25 4030
1424.33 1336.25 4030
1417.46 1336.25 4030
1403.59 1329.62 4010
1380.39 1314.04 3963
1376.75 1317.02 3972
1369.98 1317.02 3972
1363.21 1317.02 3972
235.567 1082.6 3265
230.001 1082.6 3265
224.435 1082.6 3265
218.869 1082.6 3265
212.062 1076.3 3246
206.528 1076.3 3246
200.561 1073.97 3239
193.534 1065.69 3214
188.816 1070 3227
185.473 1082.6 3265
179.907 1082.6 3265
175.356 1088.9 3284
169.757 1088.9 3284
164.159 1088.9 3284
158.56 1088.9 3284
153.847 1095.2 3303
149.428 1104.15 3330
144.053 1106.47 3337
138.364 1106.47 3337
132.676 1106.47 3337
-1146.73 958.586 2891
-1151.66 958.586 2891
-1156.59 958.586 2891
-1159.51 956.929 2886
-1150.71 945.655 2852
-1145.85 937.697 2828
-1150.67 937.697 2828
-1151.41 934.381 2818
-1156.21 934.381 2818
-1158.95 932.724 2813
-1163.75 932.724 2813
-1168.54 932.724 2813
-1163.75 925.097 2790
-1154.68 914.155 2757
-1159.38 914.155 2757
-1162.39 912.829 2753
-1131.48 884.977 2669
-1099 856.129 2582
-1103.4 856.129 2582
-1103.08 852.482 2571
-1102.29 848.503 2559
-1086.33 832.919 2512
-1090.61 832.919 2512
-1080.51 821.977 2479
-1078.17 817.003 2464
-1068.32 806.393 2432
-1033.22 776.883 2343
-1037.21 776.883 2343
-1019.87 760.967 2295
-1022.45 759.972 2292
-1026.36 759.972 2292
-1030.26 759.972 2292
-1032.36 758.646 2288
-1036.27 758.646 2288
-1040.17 758.646 2288
-1044.07 758.646 2288
-1047.97 758.646 2288
-1051.87 758.646 2288
-1054.38 757.651 2285
-1058.28 757.651 2285
-1060.78 756.657 2282
-1060.47 753.672 2273
-1062.94 752.678 2270
-1066.81 752.678 2270
-1070.68 752.678 2270
-1074.55 752.678 2270
-1074.14 749.694 2261
-1078 749.694 2261
-1078.5 747.372 2254
-1079.47 745.383 2248
-1083.3 745.383 2248
-1087.13 745.383 2248
-1089.51 744.388 2245
-1088.95 741.404 2236
-1089.83 739.415 2230
-1093.63 739.415 2230
-1089.07 733.778 2213
-1086.91 729.799 2201
-1084.72 725.82 2189
-1088.45 725.82 2189
-1089.69 724.162 2184
-1088.91 721.178 2175
-1092.61 721.178 2175
-1096.32 721.178 2175
-1096.99 719.189 2169
-1099.68 718.525 2167
-1101.84 717.531 2164
-1105.53 717.531 2164
-1104.61 714.547 2155
-1105.71 712.889 2150
1868.19 1342.24 4069
1861.25 1342.24 4069
1854.31 1342.24 4069
1842.84 1338.94 4059
1813.75 1322.78 4010
1806.92 1322.78 4010
1800.08 1322.78 4010
1784.75 1316.51 3991
1748.54 1294.74 3925
1737.86 1291.77 3916
1731.18 1291.77 3916
1712.62 1282.86 3889
1702.04 1279.9 3880
1695.42 1279.9 3880
1692.73 1282.86 3889
1686.1 1282.86 3889
1683.35 1285.83 3898
1676.71 1285.83 3898
1670.06 1285.83 3898
1651.9 1276.93 3871
1652.95 1282.86 3889
1650.13 1285.83 3898
1643.48 1285.83 3898
1644.4 1291.77 3916
1641.49 1294.74 3925
1634.79 1294.74 3925
1628.1 1294.74 3925
1621.41 1294.74 3925
1599.91 1282.86 3889
1593.28 1282.86 3889
1586.65 1282.86 3889
1580.02 1282.86 3889
1573.39 1282.86 3889
1577.64 1291.77 3916
1570.96 1291.77 3916
1564.29 1291.77 3916
1557.61 1291.77 3916
1543.81 1285.83 3898
1526.52 1276.93 3871
1519.92 1276.93 3871
1513.32 1276.93 3871
1506.72 1276.93 3871
1500.12 1276.93 3871
1493.52 1276.93 3871
1483.46 1273.96 3862
1500.97 1294.74 3925
1501.51 1301.01 3944
1494.79 1301.01 3944
1488.07 1301.01 3944
1481.34 1301.01 3944
1474.62 1301.01 3944
1467.9 1301.01 3944
1461.17 1301.01 3944
1454.45 1301.01 3944
1440.75 1294.74 3925
1434.06 1294.74 3925
1427.37 1294.74 3925
1410.91 1285.83 3898
1434.52 1313.54 3982
1427.73 1313.54 3982
1438.07 1329.38 4030
1431.2 1329.38 4030
1424.33 1329.38 4030
1417.46 1329.38 4030
1403.59 1322.78 4010
1380.39 1307.27 3963
1376.75 1310.24 3972
1369.98 1310.24 3972
1363.21 1310.24 3972
230.001 1077.03 3265
224.435 1077.03 3265
218.869 1077.03 3265
212.062 1070.76 3246
206.528 1070.76 3246
200.561 1068.45 3239
193.534 1060.2 3214
185.473 1077.03 3265
179.907 1077.03 3265
175.356 1083.29 3284
169.757 1083.29 3284
164.159 1083.29 3284
158.56 1083.29 3284
153.567 1087.58 3297
147.947 1087.58 3297
142.326 1087.58 3297
-1157.05 962.231 2917
-1162.02 962.231 2917
-1166.99 962.231 2917
-1161.52 953.654 2891
-1160.4 948.706 2876
-1157.6 942.439 2857
-1162.47 942.439 2857
-1175.1 948.706 2876
-1180.01 948.706 2876
-1184.91 948.706 2876
-1181.95 942.439 2857
-1186.82 942.439 2857
-1191.69 942.439 2857
-1196.56 942.439 2857
-1201.43 942.439 2857
-1206.3 942.439 2857
-1211.18 942.439 2857
-1216.05 942.439 2857
-1220.92 942.439 2857
-1103.08 848.096 2571
-1102.29 844.137 2559
-1086.33 828.633 2512
-1090.61 828.633 2512
-1094.89 828.633 2512
-1084.74 817.748 2479
-1079.3 810.491 2457
-1046.45 782.781 2373
-1050.49 782.781 2373
-1019.87 757.052 2295
-1020.66 754.743 2288
-1024.56 754.743 2288
-1028.46 754.743 2288
-1031.01 753.753 2285
-1034.91 753.753 2285
-1038.8 753.753 2285
-1042.7 753.753 2285
-1046.59 753.753 2285
-1050.49 753.753 2285
-1053 752.763 2282
-1056.89 752.763 2282
-1057.99 750.784 2276
-1060.47 749.794 2273
-1061.54 747.815 2267
-1065.4 747.815 2267
-1067.85 746.826 2264
-1070.29 745.836 2261
-1072.24 744.517 2257
-1076.09 744.517 2257
-1071.33 738.579 2239
-1076.58 739.569 2242
-1080.41 739.569 2242
-1084.23 739.569 2242
-1086.59 738.579 2239
-1087.49 736.6 2233
-1088.36 734.62 2227
-1092.16 734.62 2227
-1089.07 730.002 2213
-1086.91 726.044 2201
-1084.72 722.085 2189
-1088.45 722.085 2189
-1089.69 720.436 2184
-1088.91 717.467 2175
-1092.61 717.467 2175
-1096.32 717.467 2175
-1096.99 715.488 2169
-1099.68 714.828 2167
-1101.84 713.839 2164
-1105.53 713.839 2164
-1104.61 710.87 2155
-1105.71 709.221 2150
1827.43 1315.94 4010
1820.59 1315.94 4010
1813.75 1315.94 4010
1806.92 1315.94 4010
1800.08 1315.94 4010
1784.75 1309.7 3991
1748.54 1288.04 3925
1737.86 1285.09 3916
1731.18 1285.09 3916
1712.62 1276.23 3889
1702.04 1273.28 3880
1695.42 1273.28 3880
1692.73 1276.23 3889
1686.1 1276.23 3889
1683.35 1279.18 3898
1676.71 1279.18 3898
1670.06 1279.18 3898
1651.9 1270.32 3871
1652.95 1276.23 3889
1650.13 1279.18 3898
1643.48 1279.18 3898
1644.4 1285.09 3916
1641.49 1288.04 3925
1634.79 1288.04 3925
1628.1 1288.04 3925
1621.41 1288.04 3925
1599.91 1276.23 3889
1596.97 1279.18 3898
1590.32 1279.18 3898
1583.68 1279.18 3898
1577.03 1279.18 3898
1577.64 1285.09 3916
1570.96 1285.09 3916
1564.29 1285.09 3916
1557.61 1285.09 3916
1540.24 1276.23 3889
1515.87 1261.46 3844
1509.31 1261.46 3844
1502.76 1261.46 3844
1503.21 1267.37 3862
1496.63 1267.37 3862
1490.05 1267.37 3862
1483.46 1267.37 3862
1508.24 1294.28 3944
1501.51 1294.28 3944
1494.79 1294.28 3944
1488.07 1294.28 3944
1481.34 1294.28 3944
1474.62 1294.28 3944
1467.9 1294.28 3944
1461.17 1294.28 3944
1454.45 1294.28 3944
1447.73 1294.28 3944
1441 1294.28 3944
1434.28 1294.28 3944
1414.16 1282.14 3907
1451.81 1322.5 4030
1444.94 1322.5 4030
1441.28 1325.45 4039
1434.4 1325.45 4039
1427.51 1325.45 4039
1420.63 1325.45 4039
1410.59 1322.5 4030
1400.24 1319.22 4020
1393.39 1319.22 4020
1379.98 1312.98 4001
1340.9 1282.14 3907
-1157.05 957.254 2917
-1162.02 957.254 2917
-1166.99 957.254 2917
-1161.52 948.722 2891
-1160.4 943.799 2876
-1165.3 943.799 2876
-1170.2 943.799 2876
-1179.19 947.081 2886
-1184.11 947.081 2886
-1189.03 947.081 2886
-1191.88 945.44 2881
-1196.79 945.44 2881
-1201.7 945.44 2881
-1210.8 948.722 2891
-1215.73 948.722 2891
-1220.66 948.722 2891
-1211.18 937.564 2857
-1216.05 937.564 2857
-1220.92 937.564 2857
-1103.08 843.709 2571
-1102.29 839.771 2559
-1086.33 824.348 2512
-1090.61 824.348 2512
-1094.89 824.348 2512
-1084.74 813.518 2479
-1079.3 806.299 2457
-1046.45 778.733 2373
-1050.49 778.733 2373
-1018.54 752.152 2292
-1019.33 749.854 2285
-1023.22 749.854 2285
-1027.12 749.854 2285
-1031.01 749.854 2285
-1034.91 749.854 2285
-1041.98 752.152 2292
-1045.89 752.152 2292
-1049.8 752.152 2292
-1053.71 752.152 2292
-1053 748.87 2282
-1056.89 748.87 2282
-1059.38 747.885 2279
-1060.47 745.917 2273
-1060.13 742.963 2264
-1063.99 742.963 2264
-1067.85 742.963 2264
-1071.71 742.963 2264
-1074.14 741.979 2261
-1078 741.979 2261
-1069.89 733.774 2236
-1073.7 733.774 2236
-1077.51 733.774 2236
-1081.33 733.774 2236
-1085.14 733.774 2236
-1086.03 731.805 2230
-1085.43 728.852 2221
-1089.22 728.852 2221
-1087.59 725.242 2210
-1085.43 721.304 2198
-1084.72 718.351 2189
-1088.45 718.351 2189
-1089.69 716.71 2184
-1088.91 713.756 2175
-1089.6 711.788 2169
-1093.3 711.788 2169
-1095.98 711.131 2167
-1098.15 710.147 2164
-1101.84 710.147 2164
-1105.53 710.147 2164
-1104.61 707.193 2155
-1104.17 704.568 2147
1813.75 1309.1 4010
1806.92 1309.1 4010
1800.08 1309.1 4010
1772.23 1293.75 3963
1744.53 1278.41 3916
1725.88 1269.59 3889
1719.25 1269.59 3889
1700.73 1260.78 3862
1690.2 1257.84 3853
1695.42 1266.66 3880
1692.73 1269.59 3889
1686.1 1269.59 3889
1683.35 1272.53 3898
1676.71 1272.53 3898
1670.06 1272.53 3898
1651.9 1263.72 3871
1652.95 1269.59 3889
1650.13 1272.53 3898
1643.48 1272.53 3898
1636.84 1272.53 3898
1641.49 1281.35 3925
1634.79 1281.35 3925
1628.1 1281.35 3925
1621.41 1281.35 3925
1599.91 1269.59 3889
1596.97 1272.53 3898
1590.32 1272.53 3898
1583.68 1272.53 3898
1577.03 1272.53 3898
1577.64 1278.41 3916
1570.96 1278.41 3916
1564.29 1278.41 3916
1557.61 1278.41 3916
1540.24 1269.59 3889
1515.87 1254.9 3844
1509.31 1254.9 3844
1502.76 1254.9 3844
1503.21 1260.78 3862
1496.63 1260.78 3862
1496.99 1266.66 3880
1490.38 1266.66 3880
1518.95 1296.69 3972
1512.17 1296.69 3972
1505.4 1296.69 3972
1498.63 1296.69 3972
1481.34 1287.55 3944
1474.62 1287.55 3944
1467.9 1287.55 3944
1461.17 1287.55 3944
1454.45 1287.55 3944
1447.73 1287.55 3944
1441 1287.55 3944
1434.28 1287.55 3944
1414.16 1275.47 3907
1458.66 1321.83 4049
1451.76 1321.83 4049
1448.42 1325.09 4059
1441.5 1325.09 4059
1434.58 1325.09 4059
1427.66 1325.09 4059
1417.24 1321.83 4049
1410.34 1321.83 4049
1403.44 1321.83 4049
1379.98 1306.16 4001
-1157.05 952.277 2917
-1162.02 952.277 2917
-1166.99 952.277 2917
-1161.52 943.789 2891
-1160.4 938.893 2876
-1165.3 938.893 2876
-1170.2 938.893 2876
-1179.19 942.157 2886
-1184.11 942.157 2886
-1189.03 942.157 2886
-1191.88 940.525 2881
-1196.79 940.525 2881
-1201.7 940.525 2881
-1210.8 943.789 2891
-1215.73 943.789 2891
-1220.66 943.789 2891
-1211.18 932.69 2857
-1216.05 932.69 2857
-1220.92 932.69 2857
-1082.05 820.062 2512
-1086.33 820.062 2512
-1090.61 820.062 2512
-1094.89 820.062 2512
-1084.74 809.289 2479
-1079.3 802.107 2457
-1046.45 774.684 2373
-1050.49 774.684 2373
-1019.87 749.221 2295
-1020.66 746.935 2288
-1024.56 746.935 2288
-1028.46 746.935 2288
-1032.36 746.935 2288
-1038.08 748.241 2292
-1043.35 749.221 2295
-1047.26 749.221 2295
-1051.17 749.221 2295
-1055.09 749.221 2295
-1053 744.977 2282
-1056.89 744.977 2282
-1059.38 743.997 2279
-1060.47 742.039 2273
-1060.13 739.1 2264
-1063.99 739.1 2264
-1067.85 739.1 2264
-1071.71 739.1 2264
-1074.14 738.121 2261
-1078 738.121 2261
-1069.89 729.96 2236
-1073.7 729.96 2236
-1077.51 729.96 2236
-1081.33 729.96 2236
-1085.14 729.96 2236
-1083.11 726.042 2224
-1081.52 722.451 2213
-1085.29 722.451 2213
-1083.16 718.534 2201
-1082.47 715.595 2192
-1082.24 712.984 2184
-1085.96 712.984 2184
-1085.2 710.046 2175
-1085.9 708.087 2169
-1088.59 707.434 2167
-1092.29 707.434 2167
-1094.47 706.455 2164
-1098.15 706.455 2164
-1097.26 703.517 2155
-1100.93 703.517 2155
-1100.51 700.905 2147
-1102.63 699.925 2144
1792.5 1286.99 3963
1785.74 1286.99 3963
1778.98 1286.99 3963
1747.19 1268.8 3907
1720.48 1254.19 3862
1697.92 1242.5 3826
1691.4 1242.5 3826
1684.87 1242.5 3826
1686.25 1248.35 3844
1695.42 1260.04 3880
1688.81 1260.04 3880
1682.2 1260.04 3880
1683.35 1265.88 3898
1676.71 1265.88 3898
1670.06 1265.88 3898
1651.9 1257.11 3871
1649.12 1260.04 3880
1642.51 1260.04 3880
1635.9 1260.04 3880
1629.28 1260.04 3880
1630.19 1265.88 3898
1623.55 1265.88 3898
1616.9 1265.88 3898
1606.54 1262.96 3889
1599.91 1262.96 3889
1596.97 1265.88 3898
1590.32 1265.88 3898
1583.68 1265.88 3898
1577.03 1265.88 3898
1577.64 1271.73 3916
1570.96 1271.73 3916
1564.29 1271.73 3916
1557.61 1271.73 3916
1522.42 1248.35 3844
1505.61 1239.9 3818
1502.25 1242.5 3826
1495.72 1242.5 3826
1496.21 1248.35 3844
1496.63 1254.19 3862
1496.99 1260.04 3880
1490.38 1260.04 3880
1518.95 1289.91 3972
1512.17 1289.91 3972
1505.4 1289.91 3972
1498.63 1289.91 3972
1481.34 1280.82 3944
1474.62 1280.82 3944
1467.9 1280.82 3944
1461.17 1280.82 3944
1457.77 1283.74 3953
1451.03 1283.74 3953
1444.29 1283.74 3953
1434.28 1280.82 3944
1414.16 1268.8 3907
1465.86 1321.41 4069
1458.93 1321.41 4069
1455.56 1324.66 4079
1448.6 1324.66 4079
1441.65 1324.66 4079
1434.7 1324.66 4079
1424.24 1321.41 4069
1410.34 1314.92 4049
1403.44 1314.92 4049
1379.98 1299.33 4001
-1157.05 947.301 2917
-1162.02 947.301 2917
-1166.99 947.301 2917
-1159.51 937.233 2886
-1160.4 933.986 2876
-1165.3 933.986 2876
-1170.2 933.986 2876
-1179.19 937.233 2886
-1184.11 937.233 2886
-1189.03 937.233 2886
-1193.95 937.233 2886
-1198.87 937.233 2886
-1207.96 940.481 2896
-1212.9 940.481 2896
-1217.83 940.481 2896
-1220.66 938.857 2891
-1211.18 927.816 2857
-1216.05 927.816 2857
-1212.37 921.32 2837
-1051.16 795.642 2450
-1055.34 795.642 2450
-1086.33 815.776 2512
-1090.61 815.776 2512
-1094.89 815.776 2512
-1075.11 797.915 2457
-1068.32 789.796 2432
-1046.45 770.636 2373
-1050.49 770.636 2373
-1019.87 745.305 2295
-1020.66 743.032 2288
-1024.56 743.032 2288
-1028.46 743.032 2288
-1032.36 743.032 2288
-1038.08 744.331 2292
-1043.35 745.305 2295
-1047.26 745.305 2295
-1051.17 745.305 2295
-1055.09 745.305 2295
-1053 741.083 2282
-1056.89 741.083 2282
-1059.38 740.109 2279
-1060.47 738.161 2273
-1060.13 735.238 2264
-1063.99 735.238 2264
-1067.85 735.238 2264
-1071.71 735.238 2264
-1074.14 734.264 2261
-1078 734.264 2261
-1069.89 726.145 2236
-1072.26 725.171 2233
-1076.07 725.171 2233
-1079.88 725.171 2233
-1080.77 723.222 2227
-1083.11 722.248 2224
-1081.52 718.675 2213
-1085.29 718.675 2213
-1083.16 714.778 2201
-1082.47 711.856 2192
-1082.24 709.258 2184
-1085.96 709.258 2184
-1085.2 706.335 2175
-1085.9 704.386 2169
-1088.59 703.737 2167
-1092.29 703.737 2167
-1094.47 702.763 2164
-1098.15 702.763 2164
-1097.26 699.84 2155
-1100.93 699.84 2155
-1100.51 697.242 2147
-1102.63 696.268 2144
1771.24 1265.05 3916
1764.56 1265.05 3916
1757.89 1265.05 3916
1747.19 1262.14 3907
1704.44 1235.97 3826
1697.92 1235.97 3826
1691.4 1235.97 3826
1643.07 1238.88 3835
1636.54 1238.88 3835
1630 1238.88 3835
1623.46 1238.88 3835
1616.92 1238.88 3835
1610.38 1238.88 3835
1603.85 1238.88 3835
1608.55 1247.6 3862
1601.97 1247.6 3862
1595.39 1247.6 3862
1592.51 1250.51 3871
1593.28 1256.32 3889
1586.65 1256.32 3889
1580.02 1256.32 3889
1573.39 1256.32 3889
1577.64 1265.05 3916
1570.96 1265.05 3916
1564.29 1265.05 3916
1557.61 1265.05 3916
1508.56 1230.48 3809
1498.52 1227.57 3800
1499.11 1233.39 3818
1492.6 1233.39 3818
1486.09 1233.39 3818
1489.66 1241.79 3844
1496.99 1253.42 3880
1490.38 1253.42 3880
1518.95 1283.14 3972
1512.17 1283.14 3972
1505.4 1283.14 3972
1498.63 1283.14 3972
1477.96 1271.18 3935
1474.62 1274.09 3944
1467.9 1274.09 3944
1464.51 1277 3953
1457.77 1277 3953
1451.03 1277 3953
1444.29 1277 3953
1434.28 1274.09 3944
1414.16 1262.14 3907
1465.86 1314.47 4069
1458.93 1314.47 4069
1455.56 1317.7 4079
1448.6 1317.7 4079
1441.65 1317.7 4079
1434.7 1317.7 4079
1424.24 1314.47 4069
1410.34 1308.01 4049
1403.44 1308.01 4049
-1157.05 942.324 2917
-1162.02 942.324 2917
-1166.99 942.324 2917
-1151.47 925.849 2866
-1156.36 925.849 2866
-1161.25 925.849 2866
-1166.13 925.849 2866
-1179.19 932.31 2886
-1184.11 932.31 2886
-1189.03 932.31 2886
-1193.95 932.31 2886
-1198.87 932.31 2886
-1207.96 935.54 2896
-1212.9 935.54 2896
-1217.83 935.54 2896
-1220.66 933.925 2891
-1211.18 922.941 2857
-1216.05 922.941 2857
-1212.37 916.48 2837
-1051.16 791.462 2450
-1055.34 791.462 2450
-1059.52 791.462 2450
-1055.88 785.647 2432
-1060.03 785.647 2432
-1064.17 785.647 2432
-1048.55 771.11 2387
-1034.54 757.865 2346
-1038.54 757.865 2346
-1019.87 741.39 2295
-1022.45 740.42 2292
-1026.36 740.42 2292
-1031.61 741.39 2295
-1035.52 741.39 2295
-1039.44 741.39 2295
-1046.08 743.328 2301
-1050 743.328 2301
-1053.92 743.328 2301
-1057.84 743.328 2301
-1054.38 738.159 2285
-1058.28 738.159 2285
-1059.38 736.221 2279
-1061.87 735.252 2276
-1060.13 731.375 2264
-1063.99 731.375 2264
-1067.85 731.375 2264
-1071.71 731.375 2264
-1074.14 730.406 2261
-1078 730.406 2261
-1069.89 722.33 2236
-1070.82 720.392 2230
-1073.18 719.423 2227
-1076.97 719.423 2227
-1079.31 718.453 2224
-1080.18 716.515 2218
-1080.06 713.931 2210
-1083.82 713.931 2210
-1080.21 709.085 2195
-1078.52 705.532 2184
-1077.78 702.624 2175
-1081.49 702.624 2175
-1082.2 700.686 2169
-1083.4 699.071 2164
-1085.58 698.102 2161
-1089.26 698.102 2161
-1091.43 697.132 2158
-1093.59 696.163 2155
-1096.24 695.517 2153
-1099.91 695.517 2153
-1100.51 693.579 2147
-1101.6 691.964 2142
1771.24 1258.37 3916
1764.56 1258.37 3916
1757.89 1258.37 3916
1747.19 1255.47 3907
1704.44 1229.44 3826
1697.92 1229.44 3826
1691.4 1229.44 3826
1643.07 1232.34 3835
1636.54 1232.34 3835
1630 1232.34 3835
1623.46 1232.34 3835
1616.92 1232.34 3835
1610.38 1232.34 3835
1603.85 1232.34 3835
1608.55 1241.01 3862
1601.97 1241.01 3862
1595.39 1241.01 3862
1588.8 1241.01 3862
1571.16 1232.34 3835
1568.29 1235.23 3844
1561.74 1235.23 3844
1555.19 1235.23 3844
1563.14 1246.8 3880
1556.52 1246.8 3880
1549.91 1246.8 3880
1536.13 1241.01 3862
1508.56 1223.98 3809
1498.52 1221.09 3800
1499.11 1226.87 3818
1492.6 1226.87 3818
1486.09 1226.87 3818
1486.17 1232.34 3835
1479.63 1232.34 3835
1493.83 1249.69 3889
1518.95 1276.36 3972
1512.17 1276.36 3972
1505.4 1276.36 3972
1498.63 1276.36 3972
1477.96 1264.47 3935
1477.99 1270.26 3953
1471.25 1270.26 3953
1468.21 1273.47 3963
1461.46 1273.47 3963
1454.7 1273.47 3963
1447.94 1273.47 3963
1437.55 1270.26 3953
1434.43 1273.47 3963
1469.47 1310.74 4079
1462.51 1310.74 4079
1455.56 1310.74 4079
1448.6 1310.74 4079
1441.65 1310.74 4079
1434.7 1310.74 4079
1424.24 1307.53 4069
1410.34 1301.1 4049
1403.44 1301.1 4049
-1141.7 920.959 2866
-1146.59 920.959 2866
-1151.47 920.959 2866
-1156.36 920.959 2866
-1161.25 920.959 2866
-1166.13 920.959 2866
-1181.23 928.992 2891
-1186.16 928.992 2891
-1191.09 928.992 2891
-1193.95 927.386 2886
-1198.87 927.386 2886
-1207.96 930.599 2896
-1212.9 930.599 2896
-1217.83 930.599 2896
-1220.66 928.992 2891
-1211.18 918.067 2857
-1216.05 918.067 2857
-1212.37 911.64 2837
-1051.16 787.282 2450
-1055.34 787.282 2450
-1059.52 787.282 2450
-1055.88 781.498 2432
-1060.03 781.498 2432
-1064.17 781.498 2432
-1048.55 767.037 2387
-1034.54 753.862 2346
-1038.54 753.862 2346
-1019.87 737.474 2295
-1022.45 736.51 2292
-1026.36 736.51 2292
-1031.61 737.474 2295
-1035.52 737.474 2295
-1039.44 737.474 2295
-1046.08 739.402 2301
-1050 739.402 2301
-1053.92 739.402 2301
-1057.84 739.402 2301
-1054.38 734.261 2285
-1058.28 734.261 2285
-1059.38 732.333 2279
-1061.87 731.369 2276
-1060.13 727.513 2264
-1063.99 727.513 2264
-1067.85 727.513 2264
-1071.71 727.513 2264
-1074.14 726.549 2261
-1078 726.549 2261
-1068.46 717.551 2233
-1069.38 715.623 2227
-1071.73 714.659 2224
-1075.52 714.659 2224
-1076.4 712.731 2218
-1076.29 710.16 2210
-1077.12 708.232 2204
-1080.88 708.232 2204
-1078.73 704.376 2192
-1077.04 700.841 2181
-1076.3 697.949 2172
-1080 697.949 2172
-1079.71 695.379 2164
-1081.9 694.415 2161
-1084.07 693.451 2158
-1087.75 693.451 2158
-1089.91 692.487 2155
-1092.57 691.844 2153
-1094.72 690.88 2150
-1098.38 690.88 2150
-1097.94 688.309 2142
-1100.05 687.345 2139
1771.24 1251.68 3916
1764.56 1251.68 3916
1757.89 1251.68 3916
1710.96 1222.92 3826
1692.86 1214.61 3800
1615.12 1214.61 3800
1608.64 1214.61 3800
1602.17 1214.61 3800
1588.55 1209.17 3783
1582.1 1209.17 3783
1593.56 1222.92 3826
1587.04 1222.92 3826
1580.52 1222.92 3826
1573.99 1222.92 3826
1571.16 1225.79 3835
1568.29 1228.67 3844
1561.74 1228.67 3844
1555.19 1228.67 3844
1563.14 1240.18 3880
1556.52 1240.18 3880
1549.91 1240.18 3880
1536.13 1234.42 3862
1508.56 1217.48 3809
1502.07 1217.48 3809
1499.11 1220.36 3818
1492.6 1220.36 3818
1486.09 1220.36 3818
1493.14 1231.55 3853
1486.57 1231.55 3853
1493.83 1243.05 3889
1518.95 1269.58 3972
1512.17 1269.58 3972
1505.4 1269.58 3972
1498.63 1269.58 3972
1477.96 1257.76 3935
1492.19 1275.66 3991
1485.39 1275.66 3991
1478.59 1275.66 3991
1471.78 1275.66 3991
1464.98 1275.66 3991
1458.17 1275.66 3991
1451.37 1275.66 3991
1444.57 1275.66 3991
1473.07 1306.98 4089
1466.1 1306.98 4089
1459.13 1306.98 4089
1448.6 1303.78 4079
1441.65 1303.78 4079
1434.7 1303.78 4079
1427.74 1303.78 4079
-1141.7 916.069 2866
-1146.59 916.069 2866
-1151.47 916.069 2866
-1156.36 916.069 2866
-1161.25 916.069 2866
-1166.13 916.069 2866
-1181.23 924.06 2891
-1186.16 924.06 2891
-1191.09 924.06 2891
-1191.88 920.864 2881
-1196.79 920.864 2881
-1201.7 920.864 2881
-1206.62 920.864 2881
-1211.53 920.864 2881
-1216.44 920.864 2881
-1202.7 906.8 2837
-1207.53 906.8 2837
-1051.73 777.348 2432
-1055.88 777.348 2432
-1060.03 777.348 2432
-1044.48 762.965 2387
-1036.69 754.335 2360
-1023.07 741.549 2320
-1027.03 741.549 2320
-1019.87 733.559 2295
-1022.45 732.6 2292
-1026.36 732.6 2292
-1031.61 733.559 2295
-1035.52 733.559 2295
-1039.44 733.559 2295
-1046.08 735.476 2301
-1050 735.476 2301
-1053.92 735.476 2301
-1057.84 735.476 2301
-1054.38 730.362 2285
-1058.28 730.362 2285
-1059.38 728.444 2279
-1061.87 727.486 2276
-1060.13 723.65 2264
-1063.99 723.65 2264
-1067.85 723.65 2264
-1071.71 723.65 2264
-1074.14 722.691 2261
-1078 722.691 2261
-1068.46 713.741 2233
-1069.38 711.824 2227
-1071.73 710.865 2224
-1075.52 710.865 2224
-1076.4 708.947 2218
-1074.83 705.431 2207
-1075.66 703.513 2201
-1079.41 703.513 2201
-1077.26 699.677 2189
-1074.07 695.203 2175
-1076.3 694.244 2172
-1080 694.244 2172
-1078.21 690.728 2161
-1081.9 690.728 2161
-1082.57 688.81 2155
-1086.24 688.81 2155
-1089.91 688.81 2155
-1092.57 688.171 2153
-1094.72 687.212 2150
-1098.38 687.212 2150
-1097.94 684.655 2142
-1100.05 683.696 2139
1724.01 1216.39 3826
1717.49 1216.39 3826
1710.96 1216.39 3826
1590.44 1194.45 3757
1587.83 1197.31 3766
1584.77 1199.86 3774
1578.34 1199.86 3774
1575.65 1202.72 3783
1569.2 1202.72 3783
1562.75 1202.72 3783
1552.6 1199.86 3774
1564.19 1213.85 3818
1557.68 1213.85 3818
1551.18 1213.85 3818
1544.67 1213.85 3818
1548.63 1222.11 3844
1542.08 1222.11 3844
1535.53 1222.11 3844
1528.97 1222.11 3844
1508.56 1210.98 3809
1502.07 1210.98 3809
1495.57 1210.98 3809
1489.08 1210.98 3809
1486.09 1213.85 3818
1493.14 1224.97 3853
1486.57 1224.97 3853
1493.83 1236.42 3889
1515.5 1259.95 3963
1508.75 1259.95 3963
1501.99 1259.95 3963
1495.24 1259.95 3963
1470.83 1245 3916
1492.19 1268.85 3991
1485.39 1268.85 3991
1478.59 1268.85 3991
1471.78 1268.85 3991
1464.98 1268.85 3991
1458.17 1268.85 3991
1451.37 1268.85 3991
1444.57 1268.85 3991
1473.07 1300 4089
1466.1 1300 4089
1459.13 1300 4089
1448.6 1296.83 4079
1441.65 1296.83 4079
1434.7 1296.83 4079
1427.74 1296.83 4079
-1141.7 911.18 2866
-1146.59 911.18 2866
-1151.47 911.18 2866
-1166.45 919.128 2891
-1171.38 919.128 2891
-1176.3 919.128 2891
-1202.07 935.342 2942
-1207.09 935.342 2942
-1212.1 935.342 2942
-1210.91 930.573 2927
-1215.9 930.573 2927
-1201.7 915.948 2881
-1206.62 915.948 2881
-1004.6 738.545 2323
-1024.62 750.308 2360
-1028.64 750.308 2360
-1032.67 750.308 2360
-1019.12 737.591 2320
-1013.37 730.597 2298
-1017.29 730.597 2298
-1019.87 729.643 2295
-1019.33 726.464 2285
-1023.22 726.464 2285
-1028.46 727.418 2288
-1032.36 727.418 2288
-1036.27 727.418 2288
-1044.71 730.597 2298
-1048.63 730.597 2298
-1052.55 730.597 2298
-1051.87 727.418 2288
-1053 725.51 2282
-1056.89 725.51 2282
-1057.99 723.602 2276
-1059.07 721.695 2270
-1056.85 717.562 2257
-1060.7 717.562 2257
-1064.55 717.562 2257
-1068.4 717.562 2257
-1067.97 714.701 2248
-1071.8 714.701 2248
-1067.02 708.978 2230
-1067.94 707.07 2224
-1068.84 705.163 2218
-1072.62 705.163 2218
-1072.52 702.619 2210
-1074.83 701.665 2207
-1075.66 699.758 2201
-1079.41 699.758 2201
-1077.26 695.943 2189
-1074.07 691.492 2175
-1076.3 690.538 2172
-1080 690.538 2172
-1078.21 687.041 2161
-1081.9 687.041 2161
-1082.57 685.133 2155
-1086.24 685.133 2155
-1089.91 685.133 2155
-1092.57 684.497 2153
-1094.72 683.544 2150
-1098.38 683.544 2150
-1097.94 681 2142
-1100.05 680.046 2139
1587.05 1185.51 3749
1580.66 1185.51 3749
1574.27 1185.51 3749
1567.88 1185.51 3749
1568.57 1190.89 3766
1565.47 1193.42 3774
1559.03 1193.42 3774
1552.6 1193.42 3774
1546.17 1193.42 3774
1547.08 1199.11 3792
1540.61 1199.11 3792
1534.15 1199.11 3792
1545.01 1212.71 3835
1538.47 1212.71 3835
1531.93 1212.71 3835
1525.39 1212.71 3835
1508.56 1204.49 3809
1502.07 1204.49 3809
1492.04 1201.64 3800
1495.72 1209.86 3826
1492.71 1212.71 3835
1503.61 1226.94 3880
1496.99 1226.94 3880
1518.42 1250.02 3953
1526.21 1262.04 3991
1519.41 1262.04 3991
1512.6 1262.04 3991
1502.4 1259.19 3982
1477.96 1244.33 3935
1492.19 1262.04 3991
1485.39 1262.04 3991
1478.59 1262.04 3991
1471.78 1262.04 3991
1464.98 1262.04 3991
1458.17 1262.04 3991
1451.37 1262.04 3991
1444.57 1262.04 3991
1473.07 1293.03 4089
1466.1 1293.03 4089
1459.13 1293.03 4089
1441.65 1289.87 4079
1434.7 1289.87 4079
1427.74 1289.87 4079
-1151.47 906.29 2866
-1172.5 918.939 2906
-1192.04 930.323 2942
-1197.06 930.323 2942
-1210.65 936.963 2963
-1220.22 940.442 2974
-1243 954.039 3017
-1248.14 954.039 3017
-1253.29 954.039 3017
-991.19 724.779 2292
-997.702 726.676 2298
-1001.62 726.676 2298
-1005.54 726.676 2298
-1009.45 726.676 2298
-1013.37 726.676 2298
-1017.29 726.676 2298
-1015.43 722.565 2285
-1016.65 720.668 2279
-1021.88 721.617 2282
-1025.77 721.617 2282
-1029.66 721.617 2282
-1036.27 723.514 2288
-1040.17 723.514 2288
-1044.07 723.514 2288
-1047.97 723.514 2288
-1050.49 722.565 2285
-1053 721.617 2282
-1056.89 721.617 2282
-1055.2 717.822 2270
-1056.27 715.925 2264
-1056.85 713.711 2257
-1060.7 713.711 2257
-1060.3 710.865 2248
-1064.14 710.865 2248
-1062.27 707.07 2236
-1066.08 707.07 2236
-1064.15 703.276 2224
-1062.66 699.797 2213
-1064.99 698.849 2210
-1068.75 698.849 2210
-1069.61 696.951 2204
-1071.9 696.003 2201
-1071.26 693.157 2192
-1075 693.157 2192
-1075.78 691.259 2186
-1072.59 686.832 2172
-1074.81 685.884 2169
-1078.51 685.884 2169
-1078.21 683.354 2161
-1078.89 681.457 2155
-1082.57 681.457 2155
-1086.24 681.457 2155
-1088.9 680.824 2153
-1091.05 679.876 2150
-1093.19 678.927 2147
-1096.85 678.927 2147
-1097.94 677.346 2142
-1098.51 675.448 2136
1587.05 1179.12 3749
1580.66 1179.12 3749
1574.27 1179.12 3749
1567.88 1179.12 3749
1568.57 1184.46 3766
1565.47 1186.98 3774
1559.03 1186.98 3774
1552.6 1186.98 3774
1542.89 1184.46 3766
1536.47 1184.46 3766
1530.05 1184.46 3766
1534.15 1192.64 3792
1530.91 1195.16 3800
1538.47 1206.17 3835
1531.93 1206.17 3835
1525.39 1206.17 3835
1515.29 1203.33 3826
1508.77 1203.33 3826
1502.25 1203.33 3826
1506.28 1211.83 3853
1499.71 1211.83 3853
1528.41 1240.45 3944
1521.68 1240.45 3944
1544.15 1264.35 4020
1541.13 1267.5 4030
1534.26 1267.5 4030
1527.39 1267.5 4030
1512.97 1261.21 4010
1495.62 1252.4 3982
1492.19 1255.23 3991
1485.39 1255.23 3991
1478.59 1255.23 3991
1471.78 1255.23 3991
1464.98 1255.23 3991
1458.17 1255.23 3991
1455.01 1258.37 4001
1448.19 1258.37 4001
1441.37 1258.37 4001
1434.55 1258.37 4001
1427.72 1258.37 4001
-1151.47 901.4 2866
-1172.5 913.981 2906
-1196.5 928.763 2953
-1201.53 928.763 2953
-1232.72 948.892 3017
-1237.86 948.892 3017
-1247.53 952.352 3028
-1252.7 952.352 3028
-1257.86 952.352 3028
-992.487 721.812 2295
-997.702 722.756 2298
-1001.62 722.756 2298
-1005.54 722.756 2298
-1009.45 722.756 2298
-1013.37 722.756 2298
-1017.29 722.756 2298
-1012.76 716.78 2279
-1016.65 716.78 2279
-1021.88 717.723 2282
-1027.12 718.667 2285
-1031.01 718.667 2285
-1038.08 720.869 2292
-1041.98 720.869 2292
-1045.89 720.869 2292
-1049.8 720.869 2292
-1050.49 718.667 2285
-1047.46 713.949 2270
-1051.33 713.949 2270
-1052.41 712.062 2264
-1056.27 712.062 2264
-1051.23 706.086 2245
-1055.06 706.086 2245
-1057.47 705.143 2242
-1059.88 704.199 2239
-1060.84 702.312 2233
-1064.65 702.312 2233
-1058.89 696.022 2213
-1061.22 695.078 2210
-1060.65 692.248 2201
-1064.4 692.248 2201
-1066.7 691.304 2198
-1070.44 691.304 2198
-1071.26 689.417 2192
-1075 689.417 2192
-1073.32 685.957 2181
-1072.59 683.127 2172
-1073.82 681.554 2167
-1077.51 681.554 2167
-1078.21 679.667 2161
-1078.89 677.78 2155
-1081.56 677.151 2153
-1085.23 677.151 2153
-1087.38 676.207 2150
-1089.53 675.264 2147
-1091.66 674.32 2144
-1095.32 674.32 2144
-1096.41 672.748 2139
-1098.51 671.804 2136
1576.87 1169.91 3740
1570.49 1169.91 3740
1564.12 1169.91 3740
1540.66 1157.08 3699
1534.36 1157.08 3699
1528.05 1157.08 3699
1549.31 1178.04 3766
1542.89 1178.04 3766
1536.47 1178.04 3766
1530.05 1178.04 3766
1534.15 1186.17 3792
1534.53 1191.49 3809
1549.3 1208.07 3862
1542.72 1208.07 3862
1536.13 1208.07 3862
1529.55 1208.07 3862
1522.97 1208.07 3862
1502.25 1196.81 3826
1506.28 1205.25 3853
1499.71 1205.25 3853
1546.62 1248.42 3991
1539.82 1248.42 3991
1555.29 1266.56 4049
1548.39 1266.56 4049
1541.49 1266.56 4049
1534.59 1266.56 4049
1520.51 1260.62 4030
1499 1248.42 3991
1492.19 1248.42 3991
1485.39 1248.42 3991
1478.59 1248.42 3991
1471.78 1248.42 3991
1471.95 1254.36 4010
1465.12 1254.36 4010
1465.55 1260.62 4030
1458.68 1260.62 4030
1451.81 1260.62 4030
1434.55 1251.55 4001
1427.72 1251.55 4001
-1172.5 909.023 2906
-1196.5 923.725 2953
-1201.53 923.725 2953
-1232.72 943.745 3017
-1237.86 943.745 3017
-1247.53 947.186 3028
-1252.7 947.186 3028
-1257.86 947.186 3028
-992.487 717.897 2295
-996.399 717.897 2295
-1000.31 717.897 2295
-1004.22 717.897 2295
-1008.14 717.897 2295
-1010.73 716.958 2292
-1014.63 716.958 2292
-1012.76 712.892 2279
-1017.99 713.83 2282
-1021.88 713.83 2282
-1027.12 714.768 2285
-1031.01 714.768 2285
-1038.08 716.958 2292
-1041.98 716.958 2292
-1045.89 716.958 2292
-1049.8 716.958 2292
-1050.49 714.768 2285
-1047.46 710.076 2270
-1051.33 710.076 2270
-1052.41 708.199 2264
-1056.27 708.199 2264
-1051.23 702.256 2245
-1055.06 702.256 2245
-1057.47 701.318 2242
-1059.88 700.379 2239
-1060.84 698.502 2233
-1064.65 698.502 2233
-1058.89 692.246 2213
-1061.22 691.308 2210
-1060.65 688.493 2201
-1064.4 688.493 2201
-1066.7 687.554 2198
-1067.52 685.677 2192
-1069.79 684.739 2189
-1073.52 684.739 2189
-1071.84 681.298 2178
-1071.11 678.483 2169
-1072.33 676.919 2164
-1076.02 676.919 2164
-1075.22 674.103 2155
-1076.39 672.539 2150
-1080.05 672.539 2150
-1083.72 672.539 2150
-1085.87 671.601 2147
-1086.99 670.037 2142
-1089.11 669.098 2139
-1092.76 669.098 2139
-1094.87 668.16 2136
-1096.97 667.221 2133
1529.22 1128.37 3627
1529.34 1133.04 3642
1523.13 1133.04 3642
1523.59 1138.01 3658
1524.4 1143.3 3675
1528.05 1150.77 3699
1521.75 1150.77 3699
1539.2 1168.81 3757
1532.8 1168.81 3757
1526.39 1168.81 3757
1526.87 1174.1 3774
1534.53 1184.99 3809
1549.3 1201.48 3862
1542.72 1201.48 3862
1536.13 1201.48 3862
1529.55 1201.48 3862
1522.97 1201.48 3862
1502.25 1190.28 3826
1506.28 1198.68 3853
1499.71 1198.68 3853
1546.62 1241.61 3991
1539.82 1241.61 3991
1555.29 1259.66 4049
1548.39 1259.66 4049
1541.49 1259.66 4049
1534.59 1259.66 4049
1520.51 1253.74 4030
1499 1241.61 3991
1492.19 1241.61 3991
1485.39 1241.61 3991
1485.62 1247.52 4010
1478.79 1247.52 4010
1475.62 1250.63 4020
1468.77 1250.63 4020
1465.55 1253.74 4030
1458.68 1253.74 4030
1451.81 1253.74 4030
1434.55 1244.72 4001
1427.72 1244.72 4001
-1196.5 918.687 2953
-1201.53 918.687 2953
-1232.72 938.597 3017
-1237.86 938.597 3017
-1247.53 942.019 3028
-1252.7 942.019 3028
-1257.86 942.019 3028
-992.487 713.981 2295
-996.399 713.981 2295
-1000.31 713.981 2295
-1004.22 713.981 2295
-1008.14 713.981 2295
-1010.73 713.048 2292
-1014.63 713.048 2292
-1015.43 710.87 2285
-1017.99 709.937 2282
-1021.88 709.937 2282
-1027.12 710.87 2285
-1031.01 710.87 2285
-1038.08 713.048 2292
-1041.98 713.048 2292
-1045.89 713.048 2292
-1049.8 713.048 2292
-1050.49 710.87 2285
-1046.08 705.27 2267
-1049.94 705.27 2267
-1052.41 704.337 2264
-1054.87 703.404 2261
-1049.83 697.493 2242
-1053.65 697.493 2242
-1056.06 696.559 2239
-1057.04 694.693 2233
-1060.84 694.693 2233
-1064.65 694.693 2233
-1057.45 687.537 2210
-1056.9 684.737 2201
-1059.2 683.804 2198
-1062.95 683.804 2198
-1065.24 682.871 2195
-1067.52 681.937 2192
-1069.79 681.004 2189
-1073.52 681.004 2189
-1071.84 677.582 2178
-1071.11 674.782 2169
-1072.33 673.227 2164
-1076.02 673.227 2164
-1075.22 670.427 2155
-1076.39 668.871 2150
-1080.05 668.871 2150
-1083.72 668.871 2150
-1085.87 667.938 2147
-1086.99 666.382 2142
-1089.11 665.449 2139
-1092.76 665.449 2139
-1094.87 664.516 2136
-1096.97 663.582 2133
1552.34 1134.56 3667
1546.09 1134.56 3667
1539.84 1134.56 3667
1529.82 1131.77 3658
1516.92 1126.82 3642
1517.35 1131.77 3658
1518.14 1137.03 3675
1511.87 1137.03 3675
1539.2 1162.4 3757
1532.8 1162.4 3757
1526.39 1162.4 3757
1526.87 1167.66 3774
1545.01 1186.54 3835
1552.91 1197.67 3871
1546.31 1197.67 3871
1539.71 1197.67 3871
1533.11 1197.67 3871
1526.52 1197.67 3871
1516.38 1194.89 3862
1506.28 1192.11 3853
1499.71 1192.11 3853
1546.62 1234.8 3991
1539.82 1234.8 3991
1566.82 1262.03 4079
1559.86 1262.03 4079
1552.91 1262.03 4079
1545.96 1262.03 4079
1520.51 1246.87 4030
1506.13 1240.68 4010
1499.3 1240.68 4010
1492.46 1240.68 4010
1485.62 1240.68 4010
1478.79 1240.68 4010
1475.62 1243.77 4020
1468.77 1243.77 4020
1465.55 1246.87 4030
1458.68 1246.87 4030
1451.81 1246.87 4030
-991.19 709.137 2292
-995.097 709.137 2292
-1002.93 711.922 2301
-1006.85 711.922 2301
-1010.77 711.922 2301
-1010.73 709.137 2292
-1014.63 709.137 2292
-1015.43 706.972 2285
-1017.99 706.043 2282
-1021.88 706.043 2282
-1027.12 706.972 2285
-1031.01 706.972 2285
-1038.08 709.137 2292
-1041.98 709.137 2292
-1045.89 709.137 2292
-1049.8 709.137 2292
-1050.49 706.972 2285
-1044.69 700.474 2264
-1048.55 700.474 2264
-1051.02 699.546 2261
-1053.01 698.308 2257
-1048.42 692.739 2239
-1052.24 692.739 2239
-1053.23 690.883 2233
-1057.04 690.883 2233
-1055.14 687.17 2221
-1058.93 687.17 2221
-1056.02 682.839 2207
-1055.46 680.054 2198
-1057.76 679.126 2195
-1061.5 679.126 2195
-1063.79 678.198 2192
-1066.06 677.27 2189
-1068.33 676.341 2186
-1072.05 676.341 2186
-1070.37 672.938 2175
-1070.12 670.463 2167
-1072.33 669.535 2164
-1076.02 669.535 2164
-1074.22 666.131 2153
-1076.39 665.203 2150
-1080.05 665.203 2150
-1083.72 665.203 2150
-1085.87 664.275 2147
-1086.99 662.728 2142
-1089.11 661.8 2139
-1092.76 661.8 2139
-1094.87 660.871 2136
-1095.94 659.325 2131
1554.77 1125.53 3658
1552.34 1128.3 3667
1546.09 1128.3 3667
1539.84 1128.3 3667
1529.82 1125.53 3658
1516.92 1120.61 3642
1510.71 1120.61 3642
1504.51 1120.61 3642
1522.6 1148.3 3732
1516.24 1148.3 3732
1526.87 1161.22 3774
1555.88 1188.3 3862
1563.74 1199.38 3898
1557.1 1199.38 3898
1550.45 1199.38 3898
1540.24 1196.61 3889
1533.61 1196.61 3889
1519.92 1191.07 3871
1506.28 1185.53 3853
1520.73 1202.15 3907
1557.86 1236.92 4020
1551.01 1236.92 4020
1566.82 1255.07 4079
1559.86 1255.07 4079
1552.91 1255.07 4079
1545.96 1255.07 4079
1520.51 1239.99 4030
1506.13 1233.84 4010
1499.3 1233.84 4010
1492.46 1233.84 4010
1485.62 1233.84 4010
1478.79 1233.84 4010
1475.62 1236.92 4020
1468.77 1236.92 4020
1461.92 1236.92 4020
-991.19 705.227 2292
-995.097 705.227 2292
-1002.93 707.996 2301
-1006.85 707.996 2301
-1010.77 707.996 2301
-1010.73 705.227 2292
-1014.63 705.227 2292
-1018.54 705.227 2292
-1016.65 701.227 2279
-1020.53 701.227 2279
-1027.12 703.073 2285
-1031.01 703.073 2285
-1034.91 703.073 2285
-1038.8 703.073 2285
-1042.7 703.073 2285
-1046.59 703.073 2285
-1042.21 697.535 2267
-1041.46 694.458 2257
-1045.31 694.458 2257
-1049.16 694.458 2257
-1043.21 687.996 2236
-1045.62 687.073 2233
-1049.42 687.073 2233
-1048.98 684.304 2224
-1051.35 683.381 2221
-1048.49 679.073 2207
-1052.25 679.073 2207
-1051.71 676.304 2198
-1051.13 673.535 2189
-1054.87 673.535 2189
-1058.6 673.535 2189
-1062.33 673.535 2189
-1064.6 672.612 2186
-1065.88 671.073 2181
-1069.6 671.073 2181
-1070.37 669.227 2175
-1070.12 666.766 2167
-1072.33 665.843 2164
-1076.02 665.843 2164
-1074.22 662.458 2153
-1076.39 661.535 2150
-1080.05 661.535 2150
-1083.72 661.535 2150
-1085.87 660.612 2147
-1086.99 659.073 2142
-1089.11 658.15 2139
-1092.76 658.15 2139
-1094.87 657.227 2136
-1095.94 655.689 2131
1554.77 1119.29 3658
1552.34 1122.05 3667
1546.09 1122.05 3667
1539.84 1122.05 3667
1529.82 1119.29 3658
1516.92 1114.4 3642
1534.36 1131.84 3699
1528.05 1131.84 3699
1521.75 1131.84 3699
1515.44 1131.84 3699
1539.73 1154.79 3774
1533.3 1154.79 3774
1541.03 1165.5 3809
1559.51 1184.47 3871
1574.57 1200.99 3925
1567.88 1200.99 3925
1561.19 1200.99 3925
1554.5 1200.99 3925
1547.81 1200.99 3925
1534.05 1195.48 3907
1534.43 1200.99 3925
1531.63 1204.05 3935
1557.86 1230.06 4020
1551.01 1230.06 4020
1566.82 1248.11 4079
1559.86 1248.11 4079
1552.91 1248.11 4079
1545.96 1248.11 4079
1520.51 1233.12 4030
1506.13 1227 4010
1499.3 1227 4010
1492.46 1227 4010
1485.62 1227 4010
1471.78 1221.18 3991
1475.62 1230.06 4020
1468.77 1230.06 4020
1461.92 1230.06 4020
-1002.93 704.07 2301
-1006.85 704.07 2301
-1010.77 704.07 2301
-1010.73 701.317 2292
-1014.63 701.317 2292
-1018.54 701.317 2292
-1016.65 697.339 2279
-1020.53 697.339 2279
-1027.12 699.175 2285
-1031.01 699.175 2285
-1034.91 699.175 2285
-1038.8 699.175 2285
-1042.7 699.175 2285
-1046.59 699.175 2285
-1042.21 693.667 2267
-1041.46 690.607 2257
-1045.31 690.607 2257
-1049.16 690.607 2257
-1043.21 684.181 2236
-1045.62 683.263 2233
-1049.42 683.263 2233
-1048.98 680.51 2224
-1051.35 679.592 2221
-1048.49 675.308 2207
-1052.25 675.308 2207
-1051.71 672.554 2198
-1051.13 669.8 2189
-1054.87 669.8 2189
-1058.6 669.8 2189
-1062.33 669.8 2189
-1064.6 668.882 2186
-1062.95 665.516 2175
-1066.66 665.516 2175
-1067.41 663.68 2169
-1070.12 663.068 2167
-1070.84 661.233 2161
-1074.53 661.233 2161
-1074.22 658.785 2153
-1076.39 657.867 2150
-1078.55 656.949 2147
-1082.21 656.949 2147
-1084.35 656.031 2144
-1085.47 654.501 2139
-1089.11 654.501 2139
-1092.76 654.501 2139
-1093.33 652.665 2133
-1094.4 651.135 2128
1571.09 1115.79 3667
1564.84 1115.79 3667
1558.59 1115.79 3667
1552.34 1115.79 3667
1546.09 1115.79 3667
1536.06 1113.05 3658
1550.32 1127.96 3707
1544 1127.96 3707
1537.68 1127.96 3707
1531.36 1127.96 3707
1521.75 1125.53 3699
1515.44 1125.53 3699
1539.73 1148.35 3774
1533.3 1148.35 3774
1541.03 1159 3809
1559.51 1177.86 3871
1574.57 1194.29 3925
1567.88 1194.29 3925
1561.19 1194.29 3925
1554.5 1194.29 3925
1547.81 1194.29 3925
1534.05 1188.82 3907
1534.43 1194.29 3925
1531.63 1197.34 3935
1557.86 1223.2 4020
1551.01 1223.2 4020
1566.82 1241.15 4079
1559.86 1241.15 4079
1552.91 1241.15 4079
1545.96 1241.15 4079
1520.51 1226.24 4030
1506.13 1220.16 4010
1499.3 1220.16 4010
1492.46 1220.16 4010
1485.62 1220.16 4010
1471.78 1214.38 3991
1475.62 1223.2 4020
1468.77 1223.2 4020
1461.92 1223.2 4020
-1008.14 698.319 2295
-1012.05 698.319 2295
-1015.96 698.319 2295
-1018.54 697.406 2292
-1016.65 693.451 2279
-1020.53 693.451 2279
-1024.42 693.451 2279
-1025.6 691.625 2273
-1029.47 691.625 2273
-1033.35 691.625 2273
-1037.22 691.625 2273
-1039.72 690.712 2270
-1037.62 686.756 2257
-1037.31 684.018 2248
-1041.14 684.018 2248
-1036.61 678.541 2230
-1037.61 676.715 2224
-1041.4 676.715 2224
-1045.19 676.715 2224
-1039.55 670.63 2204
-1043.31 670.63 2204
-1044.21 668.804 2198
-1047.96 668.804 2198
-1050.27 667.891 2195
-1049.69 665.153 2186
-1052.46 664.544 2184
-1056.18 664.544 2184
-1059.9 664.544 2184
-1062.16 663.631 2181
-1062.95 661.806 2175
-1066.66 661.806 2175
-1067.41 659.98 2169
-1070.12 659.371 2167
-1070.84 657.546 2161
-1074.53 657.546 2161
-1074.22 655.112 2153
-1076.39 654.199 2150
-1078.55 653.286 2147
-1082.21 653.286 2147
-1084.35 652.373 2144
-1085.47 650.852 2139
-1089.11 650.852 2139
-1092.76 650.852 2139
-1093.33 649.026 2133
-1094.4 647.505 2128
1602.37 1131.62 3740
1596 1131.62 3740
1589.62 1131.62 3740
1579.86 1129.2 3732
1573.49 1129.2 3732
1556.63 1121.64 3707
1550.32 1121.64 3707
1544 1121.64 3707
1537.68 1121.64 3707
1531.36 1121.64 3707
1528.74 1124.36 3716
1546.17 1141.91 3774
1547.08 1147.35 3792
1540.61 1147.35 3792
1541.03 1152.5 3809
1559.51 1171.26 3871
1574.57 1187.6 3925
1567.88 1187.6 3925
1561.19 1187.6 3925
1554.5 1187.6 3925
1547.81 1187.6 3925
1534.05 1182.15 3907
1538.34 1190.62 3935
1535.13 1193.35 3944
1557.86 1216.34 4020
1551.01 1216.34 4020
1562.98 1231.17 4069
1556.04 1231.17 4069
1549.1 1231.17 4069
1542.17 1231.17 4069
1512.97 1213.32 4010
1506.13 1213.32 4010
1499.3 1213.32 4010
1482.04 1204.84 3982
-1008.14 694.404 2295
-1012.05 694.404 2295
-1015.96 694.404 2295
-1019.87 694.404 2295
-1019.33 691.378 2285
-1023.22 691.378 2285
-1027.12 691.378 2285
-1025.6 687.747 2273
-1029.47 687.747 2273
-1033.35 687.747 2273
-1035.85 686.839 2270
-1039.72 686.839 2270
-1034.86 681.09 2251
-1030.39 675.644 2233
-1034.2 675.644 2233
-1035.21 673.829 2227
-1037.61 672.921 2224
-1036.25 669.593 2213
-1040.02 669.593 2213
-1039.55 666.869 2204
-1043.31 666.869 2204
-1045.64 665.962 2201
-1049.39 665.962 2201
-1047.4 662.331 2189
-1048.73 660.818 2184
-1049.56 659.003 2178
-1053.28 659.003 2178
-1056.99 659.003 2178
-1060.7 659.003 2178
-1062.95 658.095 2175
-1066.66 658.095 2175
-1066.43 655.674 2167
-1068.64 654.767 2164
-1069.36 652.951 2158
-1073.04 652.951 2158
-1074.22 651.438 2153
-1074.89 649.623 2147
-1078.55 649.623 2147
-1082.21 649.623 2147
-1084.35 648.715 2144
-1085.47 647.202 2139
-1089.11 647.202 2139
-1092.76 647.202 2139
-1092.31 644.782 2131
-1094.4 643.874 2128
1602.37 1125.24 3740
1596 1125.24 3740
1589.62 1125.24 3740
1579.86 1122.83 3732
1573.49 1122.83 3732
1563.77 1120.43 3724
1550.32 1115.31 3707
1544 1115.31 3707
1537.68 1115.31 3707
1531.36 1115.31 3707
1528.74 1118.02 3716
1553.54 1140.88 3792
1547.08 1140.88 3792
1540.61 1140.88 3792
1558.83 1159.24 3853
1559.51 1164.65 3871
1570.96 1178.19 3916
1564.29 1178.19 3916
1557.61 1178.19 3916
1547.37 1175.48 3907
1540.71 1175.48 3907
1534.05 1175.48 3907
1538.34 1183.91 3935
1535.13 1186.62 3944
1543.13 1198.05 3982
1536.35 1198.05 3982
1529.56 1198.05 3982
-1012.09 693.196 2304
-1016.02 693.196 2304
-1019.95 693.196 2304
-1021.21 691.391 2298
-1019.33 687.479 2285
-1023.22 687.479 2285
-1027.12 687.479 2285
-1025.6 683.869 2273
-1029.47 683.869 2273
-1033.35 683.869 2273
-1035.85 682.966 2270
-1039.72 682.966 2270
-1034.86 677.25 2251
-1038.69 677.25 2251
-1034.2 671.834 2233
-1035.21 670.029 2227
-1037.61 669.126 2224
-1036.25 665.817 2213
-1040.02 665.817 2213
-1039.55 663.109 2204
-1043.31 663.109 2204
-1045.64 662.207 2201
-1049.39 662.207 2201
-1047.4 658.596 2189
-1045.85 655.287 2178
-1049.56 655.287 2178
-1053.28 655.287 2178
-1056.99 655.287 2178
-1059.24 654.384 2175
-1061.48 653.481 2172
-1065.19 653.481 2172
-1066.43 651.977 2167
-1065.68 649.269 2158
-1067.87 648.367 2155
-1071.54 648.367 2155
-1071.23 645.96 2147
-1073.39 645.057 2144
-1076.04 644.456 2142
-1079.69 644.456 2142
-1081.82 643.553 2139
-1082.42 641.748 2133
-1085.04 641.146 2131
-1088.67 641.146 2131
-1090.77 640.243 2128
-1092.85 639.341 2125
1602.37 1118.86 3740
1596 1118.86 3740
1589.62 1118.86 3740
1579.86 1116.47 3732
1573.49 1116.47 3732
1563.77 1114.07 3724
1550.32 1108.99 3707
1544 1108.99 3707
1537.68 1108.99 3707
1531.36 1108.99 3707
1528.74 1111.68 3716
1553.54 1134.42 3792
1550.34 1136.81 3800
1543.86 1136.81 3800
1558.83 1152.66 3853
1559.51 1158.05 3871
1570.96 1171.51 3916
1564.29 1171.51 3916
1557.61 1171.51 3916
1547.37 1168.82 3907
1540.71 1168.82 3907
1534.05 1168.82 3907
1538.34 1177.2 3935
1535.13 1179.89 3944
1543.13 1191.26 3982
1536.35 1191.26 3982
1529.56 1191.26 3982
-1012.09 689.265 2304
-1016.02 689.265 2304
-1019.95 689.265 2304
-1021.21 687.47 2298
-1019.33 683.581 2285
-1023.22 683.581 2285
-1027.12 683.581 2285
-1025.6 679.991 2273
-1029.47 679.991 2273
-1033.35 679.991 2273
-1035.85 679.094 2270
-1039.72 679.094 2270
-1036.24 674.307 2254
-1040.08 674.307 2254
-1034.2 668.025 2233
-1035.21 666.23 2227
-1037.61 665.332 2224
-1036.25 662.041 2213
-1040.02 662.041 2213
-1039.55 659.349 2204
-1043.31 659.349 2204
-1045.64 658.451 2201
-1049.39 658.451 2201
-1047.4 654.862 2189
-1045.85 651.571 2178
-1049.56 651.571 2178
-1053.28 651.571 2178
-1056.99 651.571 2178
-1059.24 650.673 2175
-1059.04 648.28 2167
-1062.73 648.28 2167
-1062 645.588 2158
-1064.2 644.69 2155
-1063.91 642.297 2147
-1067.57 642.297 2147
-1069.73 641.399 2144
-1072.38 640.801 2142
-1074.53 639.904 2139
-1078.17 639.904 2139
-1080.3 639.006 2136
-1081.41 637.51 2131
-1083.51 636.613 2128
-1087.14 636.613 2128
-1089.23 635.715 2125
-1091.31 634.818 2122
1602.37 1112.48 3740
1596 1112.48 3740
1589.62 1112.48 3740
1579.86 1110.1 3732
1573.49 1110.1 3732
1563.77 1107.72 3724
1550.32 1102.66 3707
1534 1095.52 3683
1527.72 1095.52 3683
1521.44 1095.52 3683
1521.75 1100.28 3699
1553.54 1127.95 3792
1550.34 1130.33 3800
1543.86 1130.33 3800
1558.83 1146.09 3853
1552.26 1146.09 3853
1552.91 1151.44 3871
1546.31 1151.44 3871
1539.71 1151.44 3871
1533.11 1151.44 3871
1526.52 1151.44 3871
1516.38 1148.77 3862
1538.34 1170.48 3935
1531.63 1170.48 3935
1524.92 1170.48 3935
-1012.09 685.334 2304
-1016.02 685.334 2304
-1019.95 685.334 2304
-1021.21 683.549 2298
-1019.33 679.682 2285
-1023.22 679.682 2285
-1027.12 679.682 2285
-1025.6 676.113 2273
-1029.47 676.113 2273
-1033.35 676.113 2273
-1035.85 675.221 2270
-1038.35 674.328 2267
-1036.24 670.461 2254
-1040.08 670.461 2254
-1034.2 664.215 2233
-1035.21 662.43 2227
-1034.81 659.753 2218
-1034.85 657.373 2210
-1038.61 657.373 2210
-1039.55 655.589 2204
-1041.89 654.696 2201
-1042.79 652.912 2195
-1046.53 652.912 2195
-1045.01 649.64 2184
-1045.85 647.855 2178
-1048.12 646.963 2175
-1051.83 646.963 2175
-1055.53 646.963 2175
-1057.78 646.07 2172
-1059.04 644.583 2167
-1062.73 644.583 2167
-1062 641.906 2158
-1064.2 641.013 2155
-1063.91 638.634 2147
-1067.57 638.634 2147
-1069.73 637.741 2144
-1072.38 637.147 2142
-1074.53 636.254 2139
-1078.17 636.254 2139
-1080.3 635.362 2136
-1081.41 633.875 2131
-1083.51 632.982 2128
-1087.14 632.982 2128
-1089.23 632.09 2125
-1091.31 631.197 2122
1598.94 1103.73 3732
1592.58 1103.73 3732
1586.22 1103.73 3732
1579.86 1103.73 3732
1573.49 1103.73 3732
1560.41 1099 3716
1550.32 1096.34 3707
1534 1089.24 3683
1527.72 1089.24 3683
1521.44 1089.24 3683
1525.04 1096.34 3707
1556.82 1123.84 3800
1550.34 1123.84 3800
1543.86 1123.84 3800
1558.83 1139.52 3853
1552.26 1139.52 3853
1545.69 1139.52 3853
1531.93 1134.19 3835
1525.39 1134.19 3835
1512.12 1129.17 3818
1505.61 1129.17 3818
1495.57 1126.5 3809
1485.56 1123.84 3800
-1012.09 681.403 2304
-1016.02 681.403 2304
-1019.95 681.403 2304
-1021.21 679.629 2298
-1019.33 675.784 2285
-1023.22 675.784 2285
-1025.77 674.897 2282
-1024.24 671.348 2270
-1026.75 670.461 2267
-1030.62 670.461 2267
-1033.11 669.573 2264
-1036.97 669.573 2264
-1036.24 666.616 2254
-1040.08 666.616 2254
-1036.97 662.18 2239
-1035.21 658.631 2227
-1034.81 655.969 2218
-1038.59 655.969 2218
-1037.2 652.716 2207
-1038.14 650.941 2201
-1040.47 650.054 2198
-1039.94 647.392 2189
-1043.67 647.392 2189
-1043.57 645.026 2181
-1044.41 643.252 2175
-1046.67 642.365 2172
-1050.38 642.365 2172
-1052.62 641.477 2169
-1053.89 639.999 2164
-1054.64 638.224 2158
-1058.32 638.224 2158
-1060.52 637.337 2155
-1060.25 634.971 2147
-1062.42 634.084 2144
-1066.08 634.084 2144
-1067.24 632.605 2139
-1070.88 632.605 2139
-1071.51 630.83 2133
-1075.15 630.83 2133
-1076.26 629.352 2128
-1079.89 629.352 2128
-1080.46 627.577 2122
-1084.08 627.577 2122
-1086.67 626.986 2120
-1088.74 626.098 2117
1598.94 1097.36 3732
1592.58 1097.36 3732
1586.22 1097.36 3732
1579.86 1097.36 3732
1573.49 1097.36 3732
1560.41 1092.66 3716
1550.32 1090.01 3707
1534 1082.96 3683
1527.72 1082.96 3683
1521.44 1082.96 3683
1525.04 1090.01 3707
1556.82 1117.36 3800
1550.34 1117.36 3800
1543.86 1117.36 3800
1551.54 1127.65 3835
1545.01 1127.65 3835
1538.47 1127.65 3835
1528.34 1125 3826
1521.81 1125 3826
1515.29 1125 3826
1508.77 1125 3826
1495.57 1120.01 3809
1475.4 1109.71 3774
-1011.23 679.531 2311
-1015.16 679.531 2311
-1019.1 679.531 2311
-1019.95 677.472 2304
-1021.21 675.708 2298
-1019.33 671.886 2285
-1023.22 671.886 2285
-1021.72 668.357 2273
-1021.54 665.711 2264
-1025.4 665.711 2264
-1029.26 665.711 2264
-1033.11 665.711 2264
-1036.97 665.711 2264
-1036.24 662.77 2254
-1040.08 662.77 2254
-1036.97 658.36 2239
-1035.21 654.831 2227
-1034.81 652.185 2218
-1038.59 652.185 2218
-1037.2 648.95 2207
-1038.14 647.186 2201
-1040.47 646.304 2198
-1042.79 645.422 2195
-1042.24 642.775 2186
-1042.14 640.423 2178
-1042.97 638.659 2172
-1045.23 637.777 2169
-1048.93 637.777 2169
-1050.2 636.307 2164
-1050.96 634.542 2158
-1053.18 633.66 2155
-1056.85 633.66 2155
-1056.59 631.308 2147
-1058.77 630.426 2144
-1059.94 628.955 2139
-1063.59 628.955 2139
-1067.24 628.955 2139
-1066.88 626.603 2131
-1069 625.721 2128
-1072.63 625.721 2128
-1074.74 624.839 2125
-1075.83 623.369 2120
-1077.91 622.487 2117
-1081.52 622.487 2117
-1082.57 621.016 2112
-1084.63 620.134 2109
1527.72 1076.67 3683
1521.44 1076.67 3683
1525.04 1083.69 3707
1556.82 1110.88 3800
1550.34 1110.88 3800
1543.86 1110.88 3800
1551.54 1121.11 3835
1545.01 1121.11 3835
1549.3 1129 3862
1542.72 1129 3862
1536.13 1129 3862
1515.29 1118.48 3826
1508.77 1118.48 3826
1495.57 1113.51 3809
1475.4 1103.27 3774
-1011.23 675.588 2311
-1015.16 675.588 2311
-1019.1 675.588 2311
-1019.95 673.541 2304
-1021.21 671.787 2298
-1019.33 667.987 2285
-1023.22 667.987 2285
-1021.72 664.479 2273
-1021.54 661.848 2264
-1025.4 661.848 2264
-1029.26 661.848 2264
-1033.11 661.848 2264
-1036.97 661.848 2264
-1036.24 658.925 2254
-1040.08 658.925 2254
-1036.97 654.54 2239
-1035.21 651.032 2227
-1034.81 648.401 2218
-1038.59 648.401 2218
-1037.2 645.185 2207
-1038.14 643.431 2201
-1040.47 642.554 2198
-1042.79 641.677 2195
-1042.24 639.046 2186
-1042.14 636.707 2178
-1042.97 634.953 2172
-1045.23 634.076 2169
-1048.93 634.076 2169
-1050.2 632.615 2164
-1050.96 630.86 2158
-1050.73 628.522 2150
-1054.4 628.522 2150
-1055.11 626.768 2144
-1056.3 625.306 2139
-1056.97 623.552 2133
-1060.61 623.552 2133
-1063.24 622.967 2131
-1065.37 622.09 2128
-1065.99 620.336 2122
-1069.61 620.336 2122
-1072.21 619.752 2120
-1074.3 618.875 2117
-1075.37 617.413 2112
-1078.97 617.413 2112
-1081.03 616.536 2109
-1082.05 615.074 2104
1525.04 1077.36 3707
1556.82 1104.39 3800
1550.34 1104.39 3800
1543.86 1104.39 3800
1537.38 1104.39 3800
1534.53 1107.01 3809
1549.3 1122.41 3862
1542.72 1122.41 3862
1536.13 1122.41 3862
1515.29 1111.95 3826
1508.77 1111.95 3826
1495.57 1107.01 3809
-1005.95 673.389 2317
-1009.9 673.389 2317
-1013.85 673.389 2317
-1015.16 671.645 2311
-1019.1 671.645 2311
-1015.96 666.995 2295
-1018.54 666.123 2292
-1017.99 663.217 2282
-1021.88 663.217 2282
-1021.72 660.601 2273
-1021.54 657.985 2264
-1025.4 657.985 2264
-1029.26 657.985 2264
-1033.11 657.985 2264
-1032.39 655.079 2254
-1033.48 653.335 2248
-1037.31 653.335 2248
-1036.97 650.72 2239
-1035.21 647.232 2227
-1032.48 643.163 2213
-1036.25 643.163 2213
-1037.2 641.42 2207
-1036.72 638.804 2198
-1039.05 637.932 2195
-1042.79 637.932 2195
-1041.29 634.735 2184
-1042.14 632.991 2178
-1041.53 630.376 2169
-1044.26 629.794 2167
-1046.51 628.922 2164
-1048.74 628.051 2161
-1050.96 627.179 2158
-1050.73 624.854 2150
-1054.4 624.854 2150
-1055.11 623.11 2144
-1056.3 621.657 2139
-1056.97 619.913 2133
-1060.61 619.913 2133
-1063.24 619.332 2131
-1065.37 618.46 2128
-1065.99 616.716 2122
-1069.61 616.716 2122
-1072.21 616.135 2120
-1074.3 615.263 2117
-1075.37 613.81 2112
-1078.97 613.81 2112
-1081.03 612.938 2109
-1082.05 611.485 2104
1532.8 1085.49 3757
1526.39 1085.49 3757
1541.03 1100.51 3809
1541.38 1105.42 3826
1549.3 1115.82 3862
1542.72 1115.82 3862
1536.13 1115.82 3862
-981.682 658.457 2279
-988.162 660.19 2285
-1005.95 669.436 2317
-1009.9 669.436 2317
-1013.85 669.436 2317
-1015.16 667.702 2311
-1019.1 667.702 2311
-1014.63 662.213 2292
-1015.43 660.19 2285
-1017.99 659.323 2282
-1021.88 659.323 2282
-1020.37 655.856 2270
-1021.54 654.123 2264
-1025.4 654.123 2264
-1029.26 654.123 2264
-1031.75 653.256 2261
-1029.65 649.5 2248
-1029.34 646.9 2239
-1033.16 646.9 2239
-1032.81 644.299 2230
-1035.21 643.433 2227
-1031.08 638.521 2210
-1034.85 638.521 2210
-1035.79 636.787 2204
-1036.72 635.054 2198
-1036.21 632.454 2189
-1039.94 632.454 2189
-1038.43 629.275 2178
-1039.27 627.542 2172
-1040.57 626.097 2167
-1044.26 626.097 2167
-1045.06 624.364 2161
-1047.28 623.497 2158
-1047.07 621.186 2150
-1049.27 620.319 2147
-1052.93 620.319 2147
-1054.13 618.874 2142
-1054.81 617.141 2136
-1055.98 615.696 2131
-1059.61 615.696 2131
-1060.25 613.962 2125
-1062.37 613.096 2122
-1063.48 611.651 2117
-1067.09 611.651 2117
-1070.69 611.651 2117
-1071.77 610.206 2112
-1072.31 608.473 2106
-1075.9 608.473 2106
-1078.47 607.895 2104
-1080.51 607.028 2101
1547.9 1098.89 3826
1541.38 1098.89 3826
1534.86 1098.89 3826
1528.34 1098.89 3826
-981.682 654.568 2279
-992.487 659.164 2295
-1005.95 665.483 2317
-1009.9 665.483 2317
-1013.85 665.483 2317
-1015.16 663.759 2311
-1019.1 663.759 2311
-1014.63 658.302 2292
-1015.43 656.292 2285
-1017.99 655.43 2282
-1021.88 655.43 2282
-1017.68 650.26 2264
-1018.38 648.25 2257
-1022.23 648.25 2257
-1026.07 648.25 2257
-1025.81 645.665 2248
-1025.52 643.08 2239
-1025.2 640.495 2230
-1029 640.495 2230
-1027.25 637.048 2218
-1028.71 635.612 2213
-1029.68 633.889 2207
-1033.44 633.889 2207
-1032.97 631.304 2198
-1035.31 630.442 2195
-1036.21 628.719 2189
-1039.94 628.719 2189
-1037 624.698 2175
-1036.88 622.4 2167
-1037.69 620.677 2161
-1041.37 620.677 2161
-1043.61 619.815 2158
-1043.4 617.517 2150
-1045.61 616.656 2147
-1049.27 616.656 2147
-1050.47 615.22 2142
-1052.65 614.358 2139
-1052.35 612.06 2131
-1055.98 612.06 2131
-1058.12 611.199 2128
-1057.76 608.901 2120
-1061.37 608.901 2120
-1063.48 608.039 2117
-1067.09 608.039 2117
-1068.17 606.603 2112
-1070.24 605.742 2109
-1072.31 604.88 2106
-1075.9 604.88 2106
-1076.93 603.444 2101
-1078.97 602.582 2098
1547.9 1092.37 3826
1541.38 1092.37 3826
1534.86 1092.37 3826
1528.34 1092.37 3826
-981.682 650.68 2279
-992.487 655.248 2295
-1005.95 661.53 2317
-1009.9 661.53 2317
-1013.85 661.53 2317
-1015.16 659.817 2311
-1019.1 659.817 2311
-1012.86 653.25 2288
-1015.43 652.393 2285
-1017.99 651.537 2282
-1021.88 651.537 2282
-1017.68 646.398 2264
-1018.38 644.399 2257
-1022.23 644.399 2257
-1026.07 644.399 2257
-1025.81 641.829 2248
-1025.52 639.26 2239
-1025.2 636.69 2230
-1029 636.69 2230
-1027.25 633.264 2218
-1028.71 631.836 2213
-1029.68 630.123 2207
-1033.44 630.123 2207
-1032.97 627.554 2198
-1035.31 626.697 2195
-1036.21 624.984 2189
-1039.94 624.984 2189
-1037 620.987 2175
-1036.88 618.703 2167
-1037.69 616.99 2161
-1041.37 616.99 2161
-1043.61 616.133 2158
-1043.4 613.849 2150
-1045.61 612.993 2147
-1049.27 612.993 2147
-1049 610.709 2139
-1051.17 609.852 2136
-1052.35 608.425 2131
-1055.98 608.425 2131
-1056.63 606.712 2125
-1057.76 605.284 2120
-1059.87 604.427 2117
-1063.48 604.427 2117
-1067.09 604.427 2117
-1066.65 602.143 2109
-1068.72 601.287 2106
-1072.31 601.287 2106
-1074.88 600.716 2104
-1075.39 599.003 2098
-1077.94 598.432 2096
1547.9 1085.84 3826
1541.38 1085.84 3826
1534.86 1085.84 3826
-981.682 646.792 2279
-997.676 654.739 2307
-1005.95 657.577 2317
-1009.9 657.577 2317
-1013.85 657.577 2317
-1015.16 655.874 2311
-1019.1 655.874 2311
-1012.86 649.346 2288
-1015.43 648.495 2285
-1017.99 647.643 2282
-1021.88 647.643 2282
-1016.33 641.684 2261
-1017.02 639.697 2254
-1020.87 639.697 2254
-1024.71 639.697 2254
-1021.71 635.44 2239
-1021.4 632.886 2230
-1023.82 632.034 2227
-1027.62 632.034 2227
-1027.25 629.48 2218
-1025.92 626.358 2207
-1026.88 624.655 2201
-1030.63 624.655 2201
-1032.97 623.804 2198
-1035.31 622.952 2195
-1036.21 621.25 2189
-1039.94 621.25 2189
-1035.57 616.425 2172
-1035.44 614.154 2164
-1036.25 612.452 2158
-1039.93 612.452 2158
-1042.16 611.6 2155
-1043.4 610.181 2150
-1045.61 609.33 2147
-1049.27 609.33 2147
-1049 607.059 2139
-1051.17 606.208 2136
-1052.35 604.789 2131
-1055.98 604.789 2131
-1056.63 603.086 2125
-1057.76 601.667 2120
-1059.87 600.816 2117
-1063.48 600.816 2117
-1067.09 600.816 2117
-1066.65 598.545 2109
-1068.72 597.694 2106
-1072.31 597.694 2106
-1074.88 597.126 2104
-1075.39 595.423 2098
-1077.94 594.856 2096
-997.676 650.803 2307
-1005.95 653.624 2317
-1009.9 653.624 2317
-1013.85 653.624 2317
-1017.8 653.624 2317
-1021.75 653.624 2317
-1017.29 648.264 2298
-1016.76 645.443 2288
-1019.33 644.596 2285
-1023.22 644.596 2285
-1016.33 637.826 2261
-1017.02 635.851 2254
-1019.51 635.005 2251
-1023.34 635.005 2251
-1020.34 630.774 2236
-1020.03 628.235 2227
-1021.07 626.542 2221
-1024.85 626.542 2221
-1027.25 625.696 2218
-1025.92 622.593 2207
-1028.28 621.746 2204
-1032.04 621.746 2204
-1031.56 619.208 2195
-1033.89 618.361 2192
-1036.21 617.515 2189
-1039.94 617.515 2189
-1034.14 611.873 2169
-1035.44 610.462 2164
-1036.25 608.77 2158
-1039.93 608.77 2158
-1041.19 607.359 2153
-1041.95 605.667 2147
-1045.61 605.667 2147
-1049.27 605.667 2147
-1049 603.41 2139
-1051.17 602.564 2136
-1052.35 601.153 2131
-1055.98 601.153 2131
-1056.63 599.461 2125
-1057.76 598.05 2120
-1059.87 597.204 2117
-1063.48 597.204 2117
-1065.57 596.357 2114
-1065.13 594.101 2106
-1068.72 594.101 2106
-1072.31 594.101 2106
-1074.88 593.536 2104
-1075.39 591.844 2098
-1077.94 591.28 2096
-999.406 647.988 2311
-1005.95 649.671 2317
-1009.9 649.671 2317
-1013.85 649.671 2317
-1017.8 649.671 2317
-1021.75 649.671 2317
-1017.29 644.343 2298
-1016.76 641.539 2288
-1019.33 640.698 2285
-1023.22 640.698 2285
-1016.33 633.969 2261
-1017.02 632.006 2254
-1019.51 631.165 2251
-1023.34 631.165 2251
-1017.6 625.276 2230
-1020.03 624.435 2227
-1021.07 622.753 2221
-1024.85 622.753 2221
-1027.25 621.912 2218
-1025.92 618.827 2207
-1028.28 617.986 2204
-1032.04 617.986 2204
-1032.97 616.304 2198
-1035.31 615.463 2195
-1037.63 614.621 2192
-1041.36 614.621 2192
-1034.14 608.172 2169
-1035.44 606.77 2164
-1036.25 605.088 2158
-1039.93 605.088 2158
-1041.19 603.686 2153
-1041.95 602.004 2147
-1045.61 602.004 2147
-1049.27 602.004 2147
-1047.53 598.919 2136
-1049.7 598.078 2133
-1050.86 596.676 2128
-1054.49 596.676 2128
-1056.63 595.835 2125
-1056.26 593.592 2117
-1058.37 592.751 2114
-1061.97 592.751 2114
-1063.05 591.349 2109
-1065.13 590.508 2106
-1067.71 589.947 2104
-1071.29 589.947 2104
-1073.35 589.106 2101
-1074.37 587.704 2096
-1075.37 586.302 2091
-999.406 644.045 2311
-1005.95 645.718 2317
-1009.9 645.718 2317
-1013.85 645.718 2317
-1017.8 645.718 2317
-1021.75 645.718 2317
-1017.29 640.422 2298
-1016.76 637.636 2288
-1019.33 636.8 2285
-1023.22 636.8 2285
-1016.33 630.111 2261
-1017.02 628.16 2254
-1019.51 627.324 2251
-1023.34 627.324 2251
-1017.6 621.472 2230
-1020.03 620.636 2227
-1021.07 618.964 2221
-1024.85 618.964 2221
-1027.25 618.128 2218
-1025.92 615.062 2207
-1028.28 614.226 2204
-1032.04 614.226 2204
-1032.97 612.554 2198
-1035.31 611.718 2195
-1037.63 610.882 2192
-1041.36 610.882 2192
-1035.57 605.308 2172
-1036.88 603.914 2167
-1037.69 602.242 2161
-1041.37 602.242 2161
-1042.16 600.57 2155
-1043.4 599.177 2150
-1045.61 598.341 2147
-1049.27 598.341 2147
-1047.53 595.275 2136
-1049.7 594.439 2133
-1050.86 593.046 2128
-1054.49 593.046 2128
-1055.14 591.374 2122
-1054.76 589.144 2114
-1058.37 589.144 2114
-1061.97 589.144 2114
-1063.05 587.751 2109
-1065.13 586.915 2106
-1066.18 585.521 2101
-1069.77 585.521 2101
-1073.35 585.521 2101
-1072.83 583.292 2093
-1075.37 582.734 2091
-999.406 640.103 2311
-1005.95 641.764 2317
-1009.9 641.764 2317
-1013.85 641.764 2317
-1017.8 641.764 2317
-1021.75 641.764 2317
-1017.29 636.502 2298
-1016.76 633.732 2288
-1015.31 630.408 2276
-1019.19 630.408 2276
-1013.18 624.315 2254
-1015.67 623.484 2251
-1015.43 620.991 2242
-1019.25 620.991 2242
-1016.23 616.836 2227
-1017.28 615.174 2221
-1021.07 615.174 2221
-1024.85 615.174 2221
-1025.86 613.512 2215
-1024.52 610.466 2204
-1028.28 610.466 2204
-1032.04 610.466 2204
-1032.97 608.804 2198
-1035.31 607.973 2195
-1037.63 607.142 2192
-1041.36 607.142 2192
-1035.57 601.602 2172
-1036.88 600.217 2167
-1037.69 598.555 2161
-1041.37 598.555 2161
-1042.16 596.894 2155
-1043.4 595.509 2150
-1045.61 594.678 2147
-1049.27 594.678 2147
-1047.53 591.631 2136
-1049.7 590.8 2133
-1050.86 589.415 2128
-1054.49 589.415 2128
-1055.14 587.753 2122
-1054.76 585.537 2114
-1058.37 585.537 2114
-1061.97 585.537 2114
-1063.05 584.152 2109
-1065.13 583.322 2106
-1066.18 581.937 2101
-1069.77 581.937 2101
-1073.35 581.937 2101
-1072.83 579.721 2093
-1075.37 579.167 2091
-992.487 631.755 2295
-1005.95 637.811 2317
-1009.9 637.811 2317
-1013.85 637.811 2317
-1015.16 636.16 2311
-1019.1 636.16 2311
-1017.29 632.581 2298
-1011.43 626.525 2276
-1013.97 625.699 2273
-1017.85 625.699 2273
-1013.18 620.469 2254
-1008.9 615.514 2236
-1010 613.863 2230
-1013.8 613.863 2230
-1016.23 613.037 2227
-1014.53 609.733 2215
-1018.31 609.733 2215
-1022.08 609.733 2215
-1024.93 609.183 2213
-1024.52 606.705 2204
-1025.48 605.054 2198
-1029.23 605.054 2198
-1032.97 605.054 2198
-1035.31 604.228 2195
-1037.63 603.402 2192
-1041.36 603.402 2192
-1035.57 597.897 2172
-1036.88 596.52 2167
-1039.13 595.694 2164
-1042.82 595.694 2164
-1043.61 594.043 2158
-1043.4 591.841 2150
-1045.61 591.015 2147
-1049.27 591.015 2147
-1047.53 587.987 2136
-1049.7 587.161 2133
-1050.86 585.784 2128
-1054.49 585.784 2128
-1055.14 584.133 2122
-1054.76 581.931 2114
-1055.86 580.554 2109
-1059.46 580.554 2109
-1063.05 580.554 2109
-1062.6 578.352 2101
-1066.18 578.352 2101
-1069.77 578.352 2101
-1071.81 577.526 2098
-1072.83 576.15 2093
-1075.37 575.599 2091
-992.487 627.84 2295
-1005.95 633.858 2317
-1009.9 633.858 2317
-1013.85 633.858 2317
-1015.16 632.217 2311
-1019.1 632.217 2311
-1017.29 628.661 2298
-1011.43 622.642 2276
-1008.62 618.539 2261
-1012.47 618.539 2261
-1003.74 610.879 2233
-1004.84 609.237 2227
-1003.2 605.954 2215
-1006.98 605.954 2215
-1008.47 604.587 2210
-1010.87 603.766 2207
-1014.63 603.766 2207
-1018.39 603.766 2207
-1022.15 603.766 2207
-1023.13 602.124 2201
-1025.48 601.304 2198
-1029.23 601.304 2198
-1031.56 600.483 2195
-1033.89 599.662 2192
-1037.63 599.662 2192
-1041.36 599.662 2192
-1035.57 594.191 2172
-1036.88 592.823 2167
-1039.13 592.002 2164
-1042.82 592.002 2164
-1043.61 590.361 2158
-1043.4 588.172 2150
-1045.61 587.352 2147
-1049.27 587.352 2147
-1047.53 584.342 2136
-1049.7 583.522 2133
-1050.86 582.154 2128
-1054.49 582.154 2128
-1055.14 580.513 2122
-1054.76 578.324 2114
-1055.86 576.956 2109
-1059.46 576.956 2109
-1063.05 576.956 2109
-1062.6 574.768 2101
-1066.18 574.768 2101
-1069.77 574.768 2101
-1071.81 573.947 2098
-1072.83 572.579 2093
-1073.83 571.211 2088
-1003.35 628.274 2311
-1007.29 628.274 2311
-1011.23 628.274 2311
-1013.41 627.187 2307
-1017.34 627.187 2307
-1006.22 617.943 2273
-1010.1 617.943 2273
-1008.62 614.681 2261
-1012.47 614.681 2261
-1005.09 607.884 2236
-1004.84 605.438 2227
-1003.2 602.175 2215
-1006.98 602.175 2215
-1008.47 600.816 2210
-1010.87 600 2207
-1014.63 600 2207
-1018.39 600 2207
-1022.15 600 2207
-1023.13 598.369 2201
-1025.48 597.554 2198
-1029.23 597.554 2198
-1031.56 596.738 2195
-1033.89 595.923 2192
-1037.63 595.923 2192
-1041.36 595.923 2192
-1035.57 590.485 2172
-1036.88 589.126 2167
-1039.13 588.31 2164
-1042.82 588.31 2164
-1043.61 586.679 2158
-1043.4 584.504 2150
-1045.61 583.689 2147
-1049.27 583.689 2147
-1047.53 580.698 2136
-1048.71 579.339 2131
-1050.86 578.523 2128
-1054.49 578.523 2128
-1054.14 576.348 2120
-1053.76 574.174 2112
-1055.86 573.358 2109
-1059.46 573.358 2109
-1059.02 571.183 2101
-1061.09 570.367 2098
-1064.66 570.367 2098
-1068.24 570.367 2098
-1069.26 569.008 2093
-1071.8 568.464 2091
-1069.71 565.474 2080
-995.91 614.876 2276
-999.79 614.876 2276
-1003.67 614.876 2276
-1002.24 611.634 2264
-1006.1 611.634 2264
-1008.62 610.824 2261
-1012.47 610.824 2261
-1005.09 604.07 2236
-999.427 598.396 2215
-1003.2 598.396 2215
-1006.98 598.396 2215
-1008.47 597.046 2210
-1010.87 596.235 2207
-1014.63 596.235 2207
-1018.39 596.235 2207
-1020.76 595.425 2204
-1023.13 594.614 2201
-1024.08 592.993 2195
-1027.82 592.993 2195
-1030.15 592.183 2192
-1032.48 591.372 2189
-1034.79 590.562 2186
-1038.51 590.562 2186
-1035.57 586.78 2172
-1036.88 585.429 2167
-1039.13 584.618 2164
-1042.82 584.618 2164
-1043.61 582.997 2158
-1043.4 580.836 2150
-1044.15 579.215 2144
-1047.8 579.215 2144
-1047.53 577.054 2136
-1048.71 575.703 2131
-1050.86 574.893 2128
-1054.49 574.893 2128
-1054.14 572.732 2120
-1053.76 570.57 2112
-1055.86 569.76 2109
-1059.46 569.76 2109
-1059.02 567.599 2101
-1061.09 566.788 2098
-1064.66 566.788 2098
-1068.24 566.788 2098
-1069.26 565.437 2093
-1071.8 564.897 2091
-1069.71 561.925 2080
-991.444 605.892 2257
-1001.02 609.382 2270
-1004.89 609.382 2270
-1008.76 609.382 2270
-1009.96 607.771 2264
-1013.82 607.771 2264
-1005.09 600.255 2236
-1008.9 600.255 2236
-1003.2 594.617 2215
-1006.98 594.617 2215
-1009.84 594.08 2213
-1014.53 594.617 2215
-1018.31 594.617 2215
-1022.08 594.617 2215
-1020.76 591.664 2204
-1023.13 590.859 2201
-1024.08 589.248 2195
-1027.82 589.248 2195
-1028.74 587.638 2189
-1031.06 586.832 2186
-1034.79 586.832 2186
-1038.51 586.832 2186
-1033.18 581.732 2167
-1035.44 580.926 2164
-1036.25 579.316 2158
-1039.93 579.316 2158
-1041.19 577.973 2153
-1040.49 575.557 2144
-1041.71 574.215 2139
-1045.36 574.215 2139
-1046.06 572.604 2133
-1047.24 571.262 2128
-1047.9 569.651 2122
-1051.52 569.651 2122
-1051.16 567.504 2114
-1052.27 566.162 2109
-1051.86 564.014 2101
-1055.44 564.014 2101
-1057.51 563.209 2098
-1058.56 561.866 2093
-1061.11 561.329 2091
-1064.67 561.329 2091
-1068.24 561.329 2091
-1070.27 560.524 2088
-1069.71 558.377 2080
-991.444 602.042 2257
-1001.02 605.509 2270
-1019.95 614.579 2304
-1023.87 614.579 2304
-1027.8 614.579 2304
-1030.39 613.778 2301
-1005.09 596.44 2236
-1008.9 596.44 2236
-1011.36 595.64 2233
-1015.16 595.64 2233
-1014.86 593.239 2224
-1014.53 590.838 2215
-1018.31 590.838 2215
-1022.08 590.838 2215
-1022.15 588.704 2207
-1023.13 587.104 2201
-1022.68 584.703 2192
-1026.42 584.703 2192
-1027.33 583.103 2186
-1031.06 583.103 2186
-1032.42 581.769 2181
-1036.14 581.769 2181
-1031.75 577.234 2164
-1032.57 575.634 2158
-1034.81 574.834 2155
-1038.48 574.834 2155
-1036.84 571.899 2144
-1039.52 571.366 2142
-1038.79 568.965 2133
-1042.42 568.965 2133
-1045.08 568.432 2131
-1045.76 566.831 2125
-1046.91 565.498 2120
-1050.53 565.498 2120
-1050.16 563.364 2112
-1049.77 561.23 2104
-1050.36 559.629 2098
-1053.93 559.629 2098
-1056.5 559.096 2096
-1057.54 557.762 2091
-1061.11 557.762 2091
-1064.67 557.762 2091
-1068.24 557.762 2091
-1066.17 554.828 2080
-1069.71 554.828 2080
-1001.02 601.636 2270
-1019.95 610.648 2304
-1023.87 610.648 2304
-1027.8 610.648 2304
-1030.39 609.853 2301
-1005.09 592.625 2236
-1008.9 592.625 2236
-1011.36 591.83 2233
-1015.16 591.83 2233
-1014.86 589.445 2224
-1014.53 587.059 2215
-1018.31 587.059 2215
-1022.08 587.059 2215
-1022.15 584.939 2207
-1023.13 583.349 2201
-1022.68 580.963 2192
-1026.42 580.963 2192
-1027.33 579.373 2186
-1031.06 579.373 2186
-1032.42 578.048 2181
-1036.14 578.048 2181
-1031.75 573.542 2164
-1032.57 571.952 2158
-1034.81 571.157 2155
-1038.48 571.157 2155
-1036.84 568.242 2144
-1039.52 567.712 2142
-1038.79 565.326 2133
-1042.42 565.326 2133
-1045.08 564.796 2131
-1044.28 562.411 2122
-1046.91 561.881 2120
-1050.53 561.881 2120
-1048.67 558.965 2109
-1049.77 557.64 2104
-1050.36 556.05 2098
-1053.93 556.05 2098
-1056.5 555.52 2096
-1057.54 554.195 2091
-1059.59 553.399 2088
-1063.15 553.399 2088
-1065.17 552.604 2085
-1066.17 551.279 2080
-1067.14 549.954 2075
-1019.95 606.717 2304
-1023.87 606.717 2304
-1027.8 606.717 2304
-1030.39 605.927 2301
-1005.09 588.81 2236
-1008.9 588.81 2236
-1011.36 588.02 2233
-1015.16 588.02 2233
-1014.86 585.65 2224
-1014.53 583.28 2215
-1018.31 583.28 2215
-1022.08 583.28 2215
-1022.15 581.174 2207
-1021.73 578.804 2198
-1022.68 577.224 2192
-1026.42 577.224 2192
-1027.33 575.644 2186
-1030.12 575.117 2184
-1032.42 574.327 2181
-1036.14 574.327 2181
-1030.32 569.06 2161
-1032.57 568.27 2158
-1033.85 566.954 2153
-1037.52 566.954 2153
-1036.84 564.584 2144
-1036.61 562.477 2136
-1038.79 561.687 2133
-1042.42 561.687 2133
-1042.14 559.58 2125
-1044.28 558.79 2122
-1046.91 558.264 2120
-1050.53 558.264 2120
-1048.67 555.367 2109
-1049.77 554.05 2104
-1050.36 552.47 2098
-1053.93 552.47 2098
-1056.5 551.944 2096
-1057.54 550.627 2091
-1059.59 549.837 2088
-1063.15 549.837 2088
-1065.17 549.047 2085
-1066.17 547.73 2080
-1067.14 546.414 2075
-990.988 583.426 2230
-994.79 583.426 2230
-998.592 583.426 2230
-1002.39 583.426 2230
-1006.19 583.426 2230
-1007.28 581.856 2224
-1011.07 581.856 2224
-1013.49 581.071 2221
-1013.61 578.978 2213
-1013.25 576.623 2204
-1017.01 576.623 2204
-1017.99 575.054 2198
-1018.94 573.484 2192
-1022.68 573.484 2192
-1026.42 573.484 2192
-1026.39 571.391 2184
-1028.7 570.606 2181
-1031 569.821 2178
-1034.71 569.821 2178
-1030.32 565.373 2161
-1032.57 564.589 2158
-1033.85 563.28 2153
-1037.52 563.28 2153
-1036.84 560.926 2144
-1036.61 558.833 2136
-1038.79 558.048 2133
-1042.42 558.048 2133
-1042.14 555.955 2125
-1044.28 555.17 2122
-1046.91 554.647 2120
-1050.53 554.647 2120
-1048.67 551.769 2109
-1049.77 550.461 2104
-1050.36 548.891 2098
-1053.93 548.891 2098
-1056.5 548.368 2096
-1057.54 547.06 2091
-1059.59 546.275 2088
-1063.15 546.275 2088
-1064.15 544.967 2083
-1066.17 544.182 2080
-1065.6 542.089 2072
-990.988 579.621 2230
-994.79 579.621 2230
-998.592 579.621 2230
-999.696 578.062 2224
-1003.49 578.062 2224
-1007.28 578.062 2224
-1011.07 578.062 2224
-1009.84 575.202 2213
-1008.12 572.083 2201
-1009.11 570.524 2195
-1012.85 570.524 2195
-1015.21 569.744 2192
-1018.94 569.744 2192
-1019.88 568.185 2186
-1023.61 568.185 2186
-1026.39 567.665 2184
-1027.29 566.105 2178
-1028.16 564.546 2172
-1031.86 564.546 2172
-1030.32 561.687 2161
-1030.18 559.607 2153
-1030.97 558.048 2147
-1034.63 558.048 2147
-1035.87 556.748 2142
-1035.15 554.409 2133
-1036.35 553.109 2128
-1039.98 553.109 2128
-1040.67 551.55 2122
-1044.28 551.55 2122
-1046.91 551.03 2120
-1050.53 551.03 2120
-1048.67 548.171 2109
-1050.77 547.391 2106
-1050.36 545.312 2098
-1053.93 545.312 2098
-1054.99 544.012 2093
-1056.03 542.712 2088
-1057.05 541.413 2083
-1060.6 541.413 2083
-1064.15 541.413 2083
-1063.6 539.333 2075
-1065.6 538.554 2072
-984.323 571.943 2215
-992.113 574.267 2224
-995.905 574.267 2224
-999.696 574.267 2224
-1003.49 574.267 2224
-1007.28 574.267 2224
-1011.07 574.267 2224
-1009.84 571.427 2213
-1008.12 568.328 2201
-1009.11 566.779 2195
-1012.85 566.779 2195
-1015.21 566.004 2192
-1018.94 566.004 2192
-1019.88 564.455 2186
-1023.61 564.455 2186
-1026.39 563.939 2184
-1027.29 562.389 2178
-1028.16 560.84 2172
-1031.86 560.84 2172
-1030.32 558 2161
-1030.18 555.934 2153
-1030.97 554.385 2147
-1034.63 554.385 2147
-1035.87 553.094 2142
-1035.15 550.77 2133
-1036.35 549.479 2128
-1039.98 549.479 2128
-1040.67 547.929 2122
-1044.28 547.929 2122
-1046.91 547.413 2120
-1050.53 547.413 2120
-1051.16 545.864 2114
-1050.77 543.798 2106
-1049.35 541.216 2096
-1052.93 541.216 2096
-1053.98 539.925 2091
-1053.5 537.859 2083
-1057.05 537.859 2083
-1060.6 537.859 2083
-1062.62 537.084 2080
-1063.6 535.793 2075
-1065.6 535.019 2072
-987.206 567.651 2213
-991.875 568.164 2215
-995.651 568.164 2215
-999.427 568.164 2215
-1000.94 566.882 2210
-1004.71 566.882 2210
-1004.37 564.573 2201
-1005.37 563.034 2195
-1006.35 561.495 2189
-1010.09 561.495 2189
-1011.5 560.212 2184
-1015.22 560.212 2184
-1018.95 560.212 2184
-1022.67 560.212 2184
-1023.57 558.673 2178
-1024.46 557.134 2172
-1025.79 555.852 2167
-1029.49 555.852 2167
-1028.89 553.543 2158
-1028.74 551.491 2150
-1029.53 549.952 2144
-1033.18 549.952 2144
-1031.52 547.131 2133
-1035.15 547.131 2133
-1036.35 545.848 2128
-1039.98 545.848 2128
-1040.67 544.309 2122
-1044.28 544.309 2122
-1047.9 544.309 2122
-1051.52 544.309 2122
-1051.16 542.257 2114
-1050.77 540.205 2106
-1049.35 537.64 2096
-1052.93 537.64 2096
-1053.98 536.357 2091
-1053.5 534.305 2083
-1057.05 534.305 2083
-1060.6 534.305 2083
-1062.62 533.536 2080
-1065.14 533.023 2078
-1065.6 531.484 2072
-993.11 560.818 2201
-996.862 560.818 2201
-1000.61 560.818 2201
-998.89 557.76 2189
-1002.62 557.76 2189
-1001.3 554.958 2178
-1005.01 554.958 2178
-1008.72 554.958 2178
-1012.44 554.958 2178
-1016.15 554.958 2178
-1019.86 554.958 2178
-1020.75 553.429 2172
-1023.04 552.664 2169
-1025.79 552.155 2167
-1029.49 552.155 2167
-1025.08 547.823 2150
-1027.31 547.059 2147
-1029.53 546.294 2144
-1033.18 546.294 2144
-1031.52 543.491 2133
-1035.15 543.491 2133
-1038.79 543.491 2133
-1042.42 543.491 2133
-1040.67 540.689 2122
-1044.28 540.689 2122
-1047.9 540.689 2122
-1051.52 540.689 2122
-1051.16 538.65 2114
-1050.77 536.612 2106
-1049.35 534.064 2096
-1052.93 534.064 2096
-1053.98 532.79 2091
-1051.98 529.987 2080
-1055.53 529.987 2080
-1059.07 529.987 2080
-1062.62 529.987 2080
-1065.14 529.477 2078
-1065.6 527.949 2072
-991.427 554.026 2189
-995.159 554.026 2189
-998.89 554.026 2189
-998.958 552.001 2181
-1001.3 551.242 2178
-1005.01 551.242 2178
-1008.72 551.242 2178
-1012.44 551.242 2178
-1016.15 551.242 2178
-1019.86 551.242 2178
-1019.34 548.964 2169
-1023.04 548.964 2169
-1025.79 548.458 2167
-1029.49 548.458 2167
-1025.08 544.155 2150
-1027.31 543.396 2147
-1028.57 542.13 2142
-1032.22 542.13 2142
-1032.97 540.612 2136
-1035.15 539.852 2133
-1038.79 539.852 2133
-1042.42 539.852 2133
-1040.67 537.068 2122
-1044.28 537.068 2122
-1047.9 537.068 2122
-1051.52 537.068 2122
-1051.16 535.044 2114
-1050.77 533.019 2106
-1049.35 530.488 2096
-1052.93 530.488 2096
-1053.98 529.222 2091
-1051.98 526.438 2080
-1055.53 526.438 2080
-1059.07 526.438 2080
-1062.62 526.438 2080
-1065.14 525.932 2078
-1065.6 524.414 2072
-991.427 550.291 2189
-995.159 550.291 2189
-998.89 550.291 2189
-998.958 548.28 2181
-1001.3 547.526 2178
-1005.01 547.526 2178
-1008.72 547.526 2178
-1012.44 547.526 2178
-1016.15 547.526 2178
-1019.86 547.526 2178
-1019.34 545.263 2169
-1023.04 545.263 2169
-1025.79 544.76 2167
-1029.49 544.76 2167
-1025.08 540.487 2150
-1027.31 539.733 2147
-1028.57 538.476 2142
-1032.22 538.476 2142
-1032.97 536.967 2136
-1036.61 536.967 2136
-1038.79 536.213 2133
-1042.42 536.213 2133
-1042.14 534.202 2125
-1045.76 534.202 2125
-1047.9 533.448 2122
-1051.52 533.448 2122
-1052.65 532.191 2117
-1052.27 530.18 2109
-1049.35 526.912 2096
-1052.93 526.912 2096
-1053.98 525.655 2091
-1051.98 522.89 2080
-1055.53 522.89 2080
-1059.07 522.89 2080
-1061.6 522.387 2078
-1065.14 522.387 2078
-1065.6 520.878 2072
-986.445 543.81 2178
-990.158 543.81 2178
-993.871 543.81 2178
-997.584 543.81 2178
-999.917 543.061 2175
-1003.63 543.061 2175
-1007.33 543.061 2175
-1011.04 543.061 2175
-1014.75 543.061 2175
-1018.46 543.061 2175
-1019.34 541.563 2169
-1022.1 541.063 2167
-1022.95 539.565 2161
-1026.64 539.565 2161
-1025.08 536.819 2150
-1027.31 536.07 2147
-1028.57 534.821 2142
-1032.22 534.821 2142
-1032.97 533.323 2136
-1036.61 533.323 2136
-1038.79 532.574 2133
-1042.42 532.574 2133
-1043.61 531.326 2128
-1047.24 531.326 2128
-1050.86 531.326 2128
-1054.49 531.326 2128
-1054.14 529.328 2120
-1053.76 527.331 2112
-1049.35 523.336 2096
-1052.93 523.336 2096
-1053.98 522.087 2091
-1051.98 519.341 2080
-1055.53 519.341 2080
-1059.07 519.341 2080
-1061.6 518.842 2078
-1065.14 518.842 2078
-1065.6 517.343 2072
-986.066 537.862 2169
-989.764 537.862 2169
-993.461 537.862 2169
-999.917 539.35 2175
-1003.63 539.35 2175
-1007.33 539.35 2175
-1011.04 539.35 2175
-1014.75 539.35 2175
-1018.46 539.35 2175
-1019.34 537.862 2169
-1017.85 535.134 2158
-1021.53 535.134 2158
-1025.21 535.134 2158
-1025.08 533.151 2150
-1027.31 532.407 2147
-1030.97 532.407 2147
-1032.22 531.167 2142
-1034.42 530.423 2139
-1036.61 529.679 2136
-1040.25 529.679 2136
-1043.89 529.679 2136
-1043.61 527.695 2128
-1047.24 527.695 2128
-1050.86 527.695 2128
-1054.49 527.695 2128
-1054.14 525.711 2120
-1053.76 523.727 2112
-1049.35 519.76 2096
-1052.93 519.76 2096
-1053.98 518.52 2091
-1051.98 515.792 2080
-1054.51 515.296 2078
-1058.05 515.296 2078
-1060.06 514.552 2075
-1063.6 514.552 2075
-1064.57 513.312 2070
-985.157 533.669 2167
-988.851 533.669 2167
-992.545 533.669 2167
-996.24 533.669 2167
-999.934 533.669 2167
-1007.33 535.639 2175
-1011.04 535.639 2175
-1014.75 535.639 2175
-1018.46 535.639 2175
-1014.17 531.453 2158
-1017.85 531.453 2158
-1021.53 531.453 2158
-1023.79 530.714 2155
-1025.08 529.482 2150
-1027.31 528.744 2147
-1030.97 528.744 2147
-1032.22 527.512 2142
-1034.42 526.773 2139
-1036.61 526.035 2136
-1040.25 526.035 2136
-1043.89 526.035 2136
-1043.61 524.065 2128
-1047.24 524.065 2128
-1050.86 524.065 2128
-1054.49 524.065 2128
-1054.14 522.094 2120
-1053.76 520.124 2112
-1057.36 520.124 2112
-1053.93 516.676 2098
-1054.99 515.445 2093
-1050.97 511.751 2078
-1052.99 511.012 2075
-1056.53 511.012 2075
-1060.06 511.012 2075
-1063.6 511.012 2075
-1064.57 509.781 2070
-985.157 529.972 2167
-988.851 529.972 2167
-992.545 529.972 2167
-996.24 529.972 2167
-999.934 529.972 2167
-1007.33 531.928 2175
-1011.04 531.928 2175
-1014.75 531.928 2175
-1018.46 531.928 2175
-1014.17 527.771 2158
-1017.85 527.771 2158
-1021.53 527.771 2158
-1023.79 527.037 2155
-1025.08 525.814 2150
-1027.31 525.081 2147
-1030.97 525.081 2147
-1032.22 523.858 2142
-1034.42 523.124 2139
-1036.61 522.39 2136
-1040.25 522.39 2136
-1043.89 522.39 2136
-1043.61 520.434 2128
-1045.76 519.7 2125
-1049.38 519.7 2125
-1053.01 519.7 2125
-1054.14 518.477 2120
-1053.76 516.521 2112
-1057.36 516.521 2112
-1053.93 513.097 2098
-1054.99 511.874 2093
-1050.97 508.206 2078
-1052.99 507.472 2075
-1056.53 507.472 2075
-1060.06 507.472 2075
-1063.6 507.472 2075
-1065.6 506.738 2072
-987.482 525.546 2164
-991.171 525.546 2164
-996.24 526.275 2167
-999.934 526.275 2167
-1004.55 526.761 2169
-1008.25 526.761 2169
-1011.95 526.761 2169
-1015.65 526.761 2169
-1014.17 524.089 2158
-1016.44 523.361 2155
-1020.11 523.361 2155
-1021.41 522.146 2150
-1023.65 521.418 2147
-1024.91 520.203 2142
-1028.57 520.203 2142
-1032.22 520.203 2142
-1034.42 519.475 2139
-1036.61 518.746 2136
-1040.25 518.746 2136
-1043.89 518.746 2136
-1043.61 516.803 2128
-1045.76 516.075 2125
-1049.38 516.075 2125
-1053.01 516.075 2125
-1054.14 514.86 2120
-1053.76 512.918 2112
-1057.36 512.918 2112
-1053.93 509.518 2098
-1054.99 508.303 2093
-1050.97 504.66 2078
-1054.51 504.66 2078
-1056.53 503.932 2075
-1060.06 503.932 2075
-1063.6 503.932 2075
-1065.6 503.203 2072
-988.423 520.407 2158
-996.24 522.578 2167
-999.934 522.578 2167
-1004.55 523.06 2169
-1008.25 523.06 2169
-1011.95 523.06 2169
-1015.65 523.06 2169
-1012.77 519.684 2155
-1014.08 518.478 2150
-1017.75 518.478 2150
-1018.56 517.031 2144
-1021.26 516.549 2142
-1024.91 516.549 2142
-1028.57 516.549 2142
-1032.22 516.549 2142
-1034.42 515.825 2139
-1036.61 515.102 2136
-1040.25 515.102 2136
-1042.42 514.379 2133
-1043.61 513.173 2128
-1045.76 512.449 2125
-1049.38 512.449 2125
-1053.01 512.449 2125
-1054.14 511.243 2120
-1053.76 509.314 2112
-1057.36 509.314 2112
-1053.93 505.938 2098
-1054.99 504.732 2093
-1050.97 501.115 2078
-1054.51 501.115 2078
-1056.53 500.392 2075
-1058.53 499.668 2072
-1062.06 499.668 2072
-1065.6 499.668 2072
-992.102 516.726 2158
-995.781 516.726 2158
-1004.55 519.359 2169
-1008.25 519.359 2169
-1011.95 519.359 2169
-1013.31 518.162 2164
-1010.42 514.81 2150
-1012.67 514.092 2147
-1016.33 514.092 2147
-1017.61 512.894 2142
-1021.26 512.894 2142
-1024.91 512.894 2142
-1028.57 512.894 2142
-1032.22 512.894 2142
-1034.42 512.176 2139
-1036.61 511.458 2136
-1040.25 511.458 2136
-1042.42 510.739 2133
-1043.61 509.542 2128
-1045.76 508.824 2125
-1049.38 508.824 2125
-1051.52 508.105 2122
-1052.65 506.908 2117
-1050.77 504.274 2106
-1054.36 504.274 2106
-1052.93 501.88 2096
-1054.99 501.162 2093
-1050.97 497.57 2078
-1054.51 497.57 2078
-1055 496.133 2072
-1057.51 495.654 2070
-1061.04 495.654 2070
-1064.57 495.654 2070
-992.102 513.044 2158
-995.781 513.044 2158
-1004.55 515.659 2169
-1008.25 515.659 2169
-1011.95 515.659 2169
-1013.31 514.47 2164
-1010.42 511.142 2150
-1012.67 510.429 2147
-1016.33 510.429 2147
-1017.61 509.24 2142
-1021.26 509.24 2142
-1024.91 509.24 2142
-1028.57 509.24 2142
-1032.22 509.24 2142
-1034.42 508.527 2139
-1036.61 507.813 2136
-1040.25 507.813 2136
-1042.42 507.1 2133
-1043.61 505.912 2128
-1045.76 505.198 2125
-1049.38 505.198 2125
-1051.52 504.485 2122
-1052.65 503.296 2117
-1049.77 500.206 2104
-1053.36 500.206 2104
-1051.42 497.591 2093
-1053.98 497.115 2091
-1049.45 493.311 2075
-1052.99 493.311 2075
-1055 492.598 2072
-1055.98 491.409 2067
-1059.5 491.409 2067
-1063.03 491.409 2067
-999.42 507.474 2150
-1003.08 507.474 2150
-1006.75 507.474 2150
-1010.42 507.474 2150
-1012.67 506.766 2147
-1016.33 506.766 2147
-1017.61 505.585 2142
-1021.26 505.585 2142
-1024.91 505.585 2142
-1028.57 505.585 2142
-1032.22 505.585 2142
-1032.97 504.169 2136
-1035.15 503.461 2133
-1038.79 503.461 2133
-1039.98 502.281 2128
-1042.14 501.573 2125
-1045.76 501.573 2125
-1049.38 501.573 2125
-1051.52 500.865 2122
-1052.65 499.685 2117
-1049.77 496.616 2104
-1053.36 496.616 2104
-1051.42 494.02 2093
-1053.98 493.548 2091
-1049.45 489.771 2075
-1052.99 489.771 2075
-1055 489.063 2072
-1055.98 487.883 2067
-1059.5 487.883 2067
-1063.03 487.883 2067
-1007.48 500.525 2136
-1011.12 500.525 2136
-1014.76 500.525 2136
-1018.4 500.525 2136
-1022.04 500.525 2136
-1025.68 500.525 2136
-1029.33 500.525 2136
-1031.52 499.822 2133
-1034.18 499.353 2131
-1037.81 499.353 2131
-1038.51 497.947 2125
-1040.67 497.244 2122
-1043.3 496.776 2120
-1046.91 496.776 2120
-1050.53 496.776 2120
-1052.65 496.073 2117
-1049.77 493.027 2104
-1053.36 493.027 2104
-1050.42 489.98 2091
-1050.96 488.574 2085
-1047.94 485.528 2072
-1051.47 485.528 2072
-1052.45 484.356 2067
-1053.42 483.185 2062
-1056.94 483.185 2062
-1060.45 483.185 2062
-1012.54 497.579 2139
-1016.19 497.579 2139
-1019.83 497.579 2139
-1023.48 497.579 2139
-1027.12 497.579 2139
-1029.33 496.881 2136
-1031.52 496.183 2133
-1031.27 494.322 2125
-1034.89 494.322 2125
-1036.07 493.159 2120
-1039.69 493.159 2120
-1041.82 492.461 2117
-1045.43 492.461 2117
-1049.04 492.461 2117
-1050.16 491.298 2112
-1048.28 488.739 2101
-1051.86 488.739 2101
-1050.42 486.413 2091
-1048.44 483.854 2080
-1046.92 481.528 2070
-1050.45 481.528 2070
-1048.89 479.201 2060
-1052.4 479.201 2060
-1055.91 479.201 2060
-1059.43 479.201 2060
-1013.96 494.622 2142
-1017.61 494.622 2142
-1021.26 494.622 2142
-1025.87 495.084 2144
-1029.53 495.084 2144
-1033.18 495.084 2144
-1031.52 492.544 2133
-1032.73 491.389 2128
-1036.35 491.389 2128
-1036.07 489.542 2120
-1039.69 489.542 2120
-1041.82 488.849 2117
-1045.43 488.849 2117
-1049.04 488.849 2117
-1050.16 487.695 2112
-1046.78 484.462 2098
-1050.36 484.462 2098
-1044.89 480.305 2080
-1044.4 478.458 2072
-1040.35 474.994 2057
-1043.86 474.994 2057
-1044.82 473.84 2052
-1044.23 471.992 2044
-1049.25 472.685 2047
-1052.74 472.685 2047
-1013.96 490.968 2142
-1017.61 490.968 2142
-1021.26 490.968 2142
-1025.87 491.426 2144
-1029.53 491.426 2144
-1033.18 491.426 2144
-1031.52 488.905 2133
-1032.73 487.759 2128
-1036.35 487.759 2128
-1036.07 485.925 2120
-1039.69 485.925 2120
-1041.82 485.237 2117
-1045.43 485.237 2117
-1049.04 485.237 2117
-1050.16 484.091 2112
-1046.78 480.882 2098
-1050.36 480.882 2098
-1044.89 476.757 2080
-1044.4 474.923 2072
-1040.35 471.485 2057
-1043.86 471.485 2057
-1044.82 470.339 2052
-1044.23 468.505 2044
-1049.25 469.193 2047
-1052.74 469.193 2047
-1013.96 487.313 2142
-1017.61 487.313 2142
-1021.26 487.313 2142
-1025.87 487.768 2144
-1029.53 487.768 2144
-1033.18 487.768 2144
-1036.84 487.768 2144
-1032.73 484.128 2128
-1036.35 484.128 2128
-1036.07 482.308 2120
-1039.69 482.308 2120
-1040.35 480.943 2114
-1043.95 480.943 2114
-1047.55 480.943 2114
-1048.67 479.805 2109
-1046.78 477.303 2098
-1050.36 477.303 2098
-1044.89 473.208 2080
-1036.84 467.975 2057
-1036.3 466.155 2049
-1039.8 466.155 2049
-1033.61 461.833 2030
-1037.08 461.833 2030
-1040.54 461.833 2030
-1044 461.833 2030
-1025.87 484.11 2144
-1029.53 484.11 2144
-1033.18 484.11 2144
-1036.84 484.11 2144
-1032.73 480.497 2128
-1036.35 480.497 2128
-1036.07 478.691 2120
-1039.69 478.691 2120
-1039.36 476.885 2112
-1042.96 476.885 2112
-1045.08 476.207 2109
-1047.18 475.53 2106
-1039.29 470.337 2083
-1042.85 470.337 2083
-1037.35 466.272 2065
-1027.77 460.401 2039
-1025.18 457.692 2027
-1028.63 457.692 2027
-1032.09 457.692 2027
-1031.97 456.111 2020
-1035.41 456.111 2020
-1038.85 456.111 2020
-1025.87 480.452 2144
-1029.53 480.452 2144
-1033.18 480.452 2144
-1036.84 480.452 2144
-1032.73 476.867 2128
-1036.35 476.867 2128
-1038.51 476.195 2125
-1039.69 475.074 2120
-1039.36 473.281 2112
-1042.96 473.281 2112
-1043.59 471.937 2106
-1046.19 471.489 2104
-1039.29 466.783 2083
-1042.85 466.783 2083
-1024.29 456.923 2039
-1021.72 454.234 2027
-1020.12 451.993 2017
-1023.56 451.993 2017
-1024.45 450.872 2012
-1031.97 452.665 2020
-1035.41 452.665 2020
-1038.85 452.665 2020
-1027.12 475.682 2139
-1030.77 475.682 2139
-1034.42 475.682 2139
-1032.73 473.236 2128
-1036.35 473.236 2128
-1038.51 472.569 2125
-1035.76 469.678 2112
-1036.41 468.344 2106
-1040 468.344 2106
-1043.59 468.344 2106
-1046.19 467.899 2104
-1039.29 463.229 2083
-1042.85 463.229 2083
-1024.29 453.444 2039
-1021.72 450.775 2027
-1020.12 448.551 2017
-1023.56 448.551 2017
-1024.45 447.44 2012
-1031.97 449.219 2020
-1035.41 449.219 2020
-1038.85 449.219 2020
-1029.53 473.137 2144
-1033.18 473.137 2144
-1036.84 473.137 2144
-1038.06 472.033 2139
-1041.71 472.033 2139
-1039.98 469.606 2128
-1042.14 468.944 2125
-1039.36 466.075 2112
-1042.96 466.075 2112
-1046.56 466.075 2112
-1046.19 464.309 2104
-1037.8 459.013 2080
-1041.34 459.013 2080
-1023.29 449.524 2037
-1016.68 445.11 2017
-1020.12 445.11 2017
-1023.56 445.11 2017
-1023.43 443.566 2010
-1031.97 445.772 2020
-1035.41 445.772 2020
-1038.85 445.772 2020
-1030.97 470.136 2147
-1034.63 470.136 2147
-1038.29 470.136 2147
-1040.49 469.479 2144
-1044.15 469.479 2144
-1042.42 467.07 2133
-1042.14 465.318 2125
-1043.3 464.223 2120
-1046.91 464.223 2120
-1047.55 462.909 2114
-1050.16 462.472 2112
-1037.8 455.464 2080
-1041.34 455.464 2080
-1023.29 446.049 2037
-1025.25 445.392 2034
-1020.12 441.669 2017
-1023.56 441.669 2017
-1022.41 439.698 2008
-1032.99 442.764 2022
-1036.44 442.764 2022
-1039.88 442.764 2022
-1030.97 466.473 2147
-1034.63 466.473 2147
-1038.29 466.473 2147
-1040.49 465.821 2144
-1044.15 465.821 2144
-1042.42 463.431 2133
-1042.14 461.693 2125
-1043.3 460.606 2120
-1046.91 460.606 2120
-1047.55 459.303 2114
-1050.16 458.868 2112
-1037.8 451.916 2080
-1041.34 451.916 2080
-1026.81 444.094 2044
-1026.76 442.573 2037
-1028.72 441.921 2034
-1032.18 441.921 2034
-1024.45 437.142 2012
-1035.54 440.401 2027
-1039 440.401 2027
-1042.45 440.401 2027
-1030.97 462.81 2147
-1034.63 462.81 2147
-1038.29 462.81 2147
-1040.49 462.163 2144
-1044.15 462.163 2144
-1042.42 459.792 2133
-1042.14 458.067 2125
-1043.3 456.989 2120
-1046.91 456.989 2120
-1047.55 455.696 2114
-1050.16 455.265 2112
-1037.8 448.367 2080
-1041.34 448.367 2080
-1026.81 440.607 2044
-1029.28 440.176 2042
-1028.72 438.451 2034
-1032.18 438.451 2034
-1025.98 434.356 2015
-1035.54 436.942 2027
-1039 436.942 2027
-1042.45 436.942 2027
-1018.84 438.189 2049
-1022.33 438.189 2049
-1025.82 438.189 2049
-1026.81 437.12 2044
-1029.28 436.692 2042
-1028.72 434.981 2034
-1032.18 434.981 2034
-1025.98 430.918 2015
-1035.54 433.484 2027
-1039 433.484 2027
-1042.45 433.484 2027
-1015.36 433.208 2042
-1018.84 433.208 2042
-1022.32 433.208 2042
-1025.8 433.208 2042
-1029.28 433.208 2042
-1028.72 431.511 2034
-1032.18 431.511 2034
-1025.98 427.48 2015
-1035.54 430.026 2027
-1039 430.026 2027
-1042.45 430.026 2027
-1015.36 429.724 2042
-1018.84 429.724 2042
-1022.32 429.724 2042
-1025.8 429.724 2042
-1025.25 428.041 2034
-1028.72 428.041 2034
-1032.18 428.041 2034
-1025.98 424.042 2015
-1035.54 426.567 2027
-1039 426.567 2027
-1042.45 426.567 2027
-1029.63 435.216 2085
-1033.18 435.216 2085
-1036.74 435.216 2085
-1032.81 432.085 2070
-1036.34 432.085 2070
-1025.8 426.24 2042
-1025.25 424.57 2034
-1028.72 424.57 2034
-1032.18 424.57 2034
-1025.98 420.604 2015
-1035.54 423.109 2027
-1039 423.109 2027
-1042.45 423.109 2027
-1029.63 431.659 2085
-1033.18 431.659 2085
-1036.74 431.659 2085
-1032.81 428.553 2070
-1036.34 428.553 2070
-1025.8 422.756 2042
-1025.25 421.1 2034
-1027.71 420.686 2032
-1031.17 420.686 2032
-1024.45 416.545 2012
-1035.54 419.651 2027
-1039 419.651 2027
-1042.45 419.651 2027
-1029.63 428.101 2085
-1033.18 428.101 2085
-1036.74 428.101 2085
-1040.29 428.101 2085
-1043.85 428.101 2085
-1025.8 419.272 2042
-1025.25 417.63 2034
-1024.16 415.782 2025
-1027.62 415.782 2025
-1023.43 412.702 2010
-1035.54 416.193 2027
-1039 416.193 2027
-1042.45 416.193 2027
-1036.74 424.544 2085
-1040.29 424.544 2085
-1043.85 424.544 2085
-1029.32 417.214 2049
-1029.28 415.789 2042
-1024.16 412.327 2025
-1027.62 412.327 2025
-1023.43 409.273 2010
-1034.52 412.327 2025
-1037.97 412.327 2025
-1041.43 412.327 2025
-1036.74 420.987 2085
-1040.29 420.987 2085
-1043.85 420.987 2085
-1029.32 413.718 2049
-1029.28 412.305 2042
-1025.18 409.276 2027
-1028.63 409.276 2027
-1025.98 406.853 2015
-1034.52 408.872 2025
-1037.97 408.872 2025
-1041.43 408.872 2025
-1022.33 410.222 2049
-1025.82 410.222 2049
-1029.32 410.222 2049
-1029.28 408.821 2042
-1025.18 405.818 2027
-1028.63 405.818 2027
-1025.98 403.415 2015
-1034.52 405.417 2025
-1037.97 405.417 2025
-1041.43 405.417 2025
-1022.32 405.337 2042
-1025.8 405.337 2042
-1029.28 405.337 2042
-1028.72 403.749 2034
-1032.18 403.749 2034
-1027 400.375 2017
-1037.08 402.955 2030
-1040.54 402.955 2030
-1044 402.955 2030
-1025.25 400.279 2034
-1028.72 400.279 2034
-1032.18 400.279 2034
-1027 396.933 2017
-1044.23 402.247 2044
-1047.71 402.247 2044
-1051.2 402.247 2044
-1025.25 396.809 2034
-1028.72 396.809 2034
-1032.18 396.809 2034
-1027 393.492 2017
-1044.23 398.759 2044
-1047.71 398.759 2044
-1051.2 398.759 2044
-1023.56 390.051 2017
-1027 390.051 2017
-1044.23 395.272 2044
-1047.71 395.272 2044
-1051.2 395.272 2044
-1036.44 387.568 2022
-1039.88 387.568 2022
273.37 -103.588 564
272.408 -103.588 564
271.447 -103.588 564
270.485 -103.588 564
269.524 -103.588 564
269.039 -103.772 565
268.075 -103.772 565
267.112 -103.772 565
266.149 -103.772 565
265.186 -103.772 565
276.233 -104.18 562
275.764 -104.365 563
274.805 -104.365 563
273.845 -104.365 563
273.37 -104.551 564
272.408 -104.551 564
271.447 -104.551 564
270.485 -104.551 564
269.524 -104.551 564
269.039 -104.736 565
268.075 -104.736 565
267.112 -104.736 565
266.149 -104.736 565
265.186 -104.736 565
263.755 -104.551 564
262.793 -104.551 564
200.297 -104.551 564
199.336 -104.551 564
198.374 -104.551 564
197.413 -104.551 564
196.452 -104.551 564
195.908 -105.292 568
195.283 -105.477 569
194.655 -105.663 570
193.683 -105.663 570
193.049 -105.848 571
192.076 -105.848 571
191.102 -105.848 571
190.129 -105.848 571
189.156 -105.848 571
187.853 -105.663 570
186.881 -105.663 570
276.697 -104.952 561
276.233 -105.139 562
275.764 -105.326 563
274.805 -105.326 563
273.845 -105.326 563
273.37 -105.513 564
272.408 -105.513 564
271.447 -105.513 564
270.485 -105.513 564
269.524 -105.513 564
269.039 -105.7 565
268.075 -105.7 565
267.112 -105.7 565
266.149 -105.7 565
265.186 -105.7 565
263.755 -105.513 564
262.793 -105.513 564
200.297 -105.513 564
199.336 -105.513 564
198.374 -105.513 564
197.413 -105.513 564
196.452 -105.513 564
195.908 -106.261 568
195.283 -106.448 569
194.655 -106.635 570
193.683 -106.635 570
193.049 -106.822 571
192.076 -106.822 571
191.102 -106.822 571
190.129 -106.822 571
189.156 -106.822 571
187.853 -106.635 570
186.881 -106.635 570
168.227 -107.758 576
167.246 -107.758 576
166.264 -107.758 576
165.282 -107.758 576
164.585 -107.945 577
164.168 -108.319 579
163.181 -108.319 579
162.194 -108.319 579
161.207 -108.319 579
306.133 -102.322 542
305.209 -102.322 542
304.285 -102.322 542
302.802 -102.133 541
300.946 -103.077 546
300.015 -103.077 546
299.085 -103.077 546
298.7 -103.266 547
298.312 -103.454 548
297.377 -103.454 548
296.443 -103.454 548
295.509 -103.454 548
287.734 -104.021 551
286.794 -104.021 551
285.855 -104.021 551
284.916 -104.021 551
283.976 -104.021 551
283.037 -104.021 551
276.697 -105.909 561
276.233 -106.097 562
275.764 -106.286 563
274.805 -106.286 563
273.845 -106.286 563
272.885 -106.286 563
272.408 -106.475 564
271.447 -106.475 564
270.485 -106.475 564
269.524 -106.475 564
268.562 -106.475 564
267.601 -106.475 564
267.112 -106.664 565
266.149 -106.664 565
265.186 -106.664 565
263.755 -106.475 564
262.793 -106.475 564
201.616 -106.664 565
200.653 -106.664 565
199.689 -106.664 565
198.374 -106.475 564
198.113 -106.853 566
197.496 -107.041 567
196.53 -107.041 567
195.908 -107.23 568
195.283 -107.419 569
194.655 -107.608 570
193.683 -107.608 570
193.049 -107.797 571
192.076 -107.797 571
191.102 -107.797 571
190.129 -107.797 571
189.156 -107.797 571
188.512 -107.985 572
187.537 -107.985 572
186.562 -107.985 572
185.586 -107.985 572
184.611 -107.985 572
183.636 -107.985 572
168.227 -108.74 576
167.246 -108.74 576
166.264 -108.74 576
165.282 -108.74 576
164.585 -108.929 577
164.168 -109.307 579
163.181 -109.307 579
162.194 -109.307 579
161.207 -109.307 579
306.133 -103.246 542
305.209 -103.246 542
304.285 -103.246 542
302.802 -103.056 541
301.879 -103.056 541
301.513 -103.246 542
300.589 -103.246 542
300.218 -103.437 543
300.946 -104.008 546
300.015 -104.008 546
299.085 -104.008 546
298.7 -104.199 547
298.312 -104.389 548
297.377 -104.389 548
296.443 -104.389 548
295.509 -104.389 548
292.962 -103.818 545
292.033 -103.818 545
291.104 -103.818 545
287.625 -104.58 549
287.734 -104.961 551
286.794 -104.961 551
285.855 -104.961 551
284.916 -104.961 551
283.976 -104.961 551
283.037 -104.961 551
281.586 -104.77 550
280.648 -104.77 550
279.711 -104.77 550
276.078 -105.532 554
276.624 -106.104 557
275.674 -106.104 557
276.697 -106.866 561
276.233 -107.056 562
275.275 -107.056 562
274.316 -107.056 562
273.845 -107.247 563
272.885 -107.247 563
271.925 -107.247 563
270.966 -107.247 563
270.485 -107.437 564
269.524 -107.437 564
268.562 -107.437 564
267.601 -107.437 564
266.639 -107.437 564
265.678 -107.437 564
264.716 -107.437 564
263.755 -107.437 564
262.793 -107.437 564
202.22 -107.437 564
201.616 -107.628 565
200.653 -107.628 565
199.689 -107.628 565
198.374 -107.437 564
198.113 -107.818 566
197.496 -108.009 567
196.53 -108.009 567
195.908 -108.199 568
195.283 -108.39 569
194.655 -108.58 570
193.683 -108.58 570
193.049 -108.771 571
192.076 -108.771 571
191.102 -108.771 571
190.129 -108.771 571
189.156 -108.771 571
188.841 -109.152 573
187.865 -109.152 573
186.888 -109.152 573
185.911 -109.152 573
184.934 -109.152 573
183.957 -109.152 573
175.472 -109.342 574
174.493 -109.342 574
173.515 -109.342 574
172.536 -109.342 574
168.227 -109.723 576
167.246 -109.723 576
166.264 -109.723 576
165.282 -109.723 576
164.585 -109.914 577
164.168 -110.295 579
163.181 -110.295 579
162.194 -110.295 579
161.207 -110.295 579
306.133 -104.171 542
305.209 -104.171 542
304.285 -104.171 542
302.802 -103.979 541
301.879 -103.979 541
301.513 -104.171 542
300.589 -104.171 542
300.218 -104.363 543
300.946 -104.94 546
300.015 -104.94 546
299.085 -104.94 546
298.7 -105.132 547
298.312 -105.324 548
297.377 -105.324 548
296.443 -105.324 548
295.509 -105.324 548
292.962 -104.748 545
292.033 -104.748 545
291.104 -104.748 545
289.642 -104.556 544
288.715 -104.556 544
287.788 -104.556 544
286.86 -104.556 544
286.459 -104.748 545
287.625 -105.517 549
287.734 -105.901 551
286.794 -105.901 551
285.855 -105.901 551
284.916 -105.901 551
283.976 -105.901 551
283.037 -105.901 551
281.586 -105.709 550
280.648 -105.709 550
279.711 -105.709 550
279.28 -105.901 551
278.846 -106.093 552
278.408 -106.285 553
277.465 -106.285 553
277.023 -106.478 554
276.078 -106.478 554
276.624 -107.054 557
275.674 -107.054 557
276.204 -107.631 560
275.741 -107.823 561
275.275 -108.015 562
274.316 -108.015 562
273.358 -108.015 562
272.4 -108.015 562
271.925 -108.207 563
270.966 -108.207 563
270.485 -108.4 564
269.524 -108.4 564
268.562 -108.4 564
267.601 -108.4 564
266.639 -108.4 564
265.678 -108.4 564
264.716 -108.4 564
263.755 -108.4 564
262.793 -108.4 564
261.832 -108.4 564
260.408 -108.207 563
202.22 -108.4 564
201.616 -108.592 565
200.653 -108.592 565
199.689 -108.592 565
198.374 -108.4 564
198.113 -108.784 566
197.496 -108.976 567
196.53 -108.976 567
195.908 -109.168 568
195.283 -109.361 569
194.655 -109.553 570
193.683 -109.553 570
193.049 -109.745 571
192.076 -109.745 571
191.102 -109.745 571
190.129 -109.745 571
189.156 -109.745 571
188.841 -110.129 573
187.865 -110.129 573
186.888 -110.129 573
185.911 -110.129 573
184.934 -110.129 573
183.957 -110.129 573
182.661 -109.937 572
177.738 -110.514 575
176.757 -110.514 575
175.777 -110.514 575
174.493 -110.321 574
173.515 -110.321 574
172.536 -110.321 574
171.557 -110.321 574
168.227 -110.706 576
167.246 -110.706 576
166.264 -110.706 576
165.282 -110.706 576
164.585 -110.898 577
164.168 -111.282 579
163.181 -111.282 579
162.194 -111.282 579
161.486 -111.475 580
160.497 -111.475 580
159.508 -111.475 580
305.568 -104.902 541
304.646 -104.902 541
303.724 -104.902 541
302.802 -104.902 541
301.879 -104.902 541
301.513 -105.096 542
300.589 -105.096 542
300.218 -105.29 543
300.395 -105.678 545
299.466 -105.678 545
298.537 -105.678 545
298.154 -105.871 546
297.767 -106.065 547
296.835 -106.065 547
295.902 -106.065 547
294.97 -106.065 547
292.962 -105.678 545
292.033 -105.678 545
291.104 -105.678 545
289.642 -105.484 544
288.715 -105.484 544
287.788 -105.484 544
286.86 -105.484 544
286.459 -105.678 545
287.625 -106.453 549
286.689 -106.453 549
286.794 -106.841 551
285.855 -106.841 551
284.916 -106.841 551
283.461 -106.647 550
282.523 -106.647 550
281.586 -106.647 550
280.648 -106.647 550
279.711 -106.647 550
279.28 -106.841 551
278.846 -107.035 552
278.408 -107.229 553
277.465 -107.229 553
277.023 -107.423 554
276.078 -107.423 554
276.624 -108.004 557
275.674 -108.004 557
276.204 -108.586 560
275.741 -108.78 561
275.275 -108.974 562
274.316 -108.974 562
273.358 -108.974 562
272.4 -108.974 562
271.925 -109.168 563
270.966 -109.168 563
270.485 -109.362 564
269.524 -109.362 564
268.562 -109.362 564
267.601 -109.362 564
266.639 -109.362 564
265.678 -109.362 564
264.716 -109.362 564
263.755 -109.362 564
262.793 -109.362 564
261.832 -109.362 564
260.408 -109.168 563
259.448 -109.168 563
258.948 -109.362 564
257.986 -109.362 564
257.025 -109.362 564
256.063 -109.362 564
203.419 -108.974 562
202.461 -108.974 562
202.22 -109.362 564
201.259 -109.362 564
200.297 -109.362 564
199.336 -109.362 564
198.374 -109.362 564
198.113 -109.75 566
197.496 -109.943 567
196.53 -109.943 567
195.563 -109.943 567
194.597 -109.943 567
194.313 -110.331 569
193.343 -110.331 569
192.711 -110.525 570
192.076 -110.719 571
191.102 -110.719 571
190.129 -110.719 571
189.156 -110.719 571
188.841 -111.107 573
187.865 -111.107 573
186.888 -111.107 573
185.911 -111.107 573
184.934 -111.107 573
183.957 -111.107 573
182.661 -110.913 572
178.407 -111.301 574
177.738 -111.495 575
176.757 -111.495 575
175.777 -111.495 575
174.493 -111.301 574
173.515 -111.301 574
172.536 -111.301 574
171.557 -111.301 574
168.227 -111.689 576
167.246 -111.689 576
166.264 -111.689 576
165.282 -111.689 576
164.585 -111.883 577
164.168 -112.27 579
163.181 -112.27 579
162.194 -112.27 579
161.486 -112.464 580
160.497 -112.464 580
159.508 -112.464 580
158.246 -112.27 579
157.259 -112.27 579
156.002 -112.076 578
155.017 -112.076 578
305.568 -105.825 541
304.646 -105.825 541
303.724 -105.825 541
302.242 -105.629 540
300.763 -105.434 539
300.957 -105.825 541
300.035 -105.825 541
299.665 -106.021 542
298.741 -106.021 542
298.367 -106.216 543
297.441 -106.216 543
296.516 -106.216 543
296.134 -106.412 544
295.207 -106.412 544
294.279 -106.412 544
293.352 -106.412 544
292.425 -106.412 544
291.497 -106.412 544
290.57 -106.412 544
289.642 -106.412 544
288.715 -106.412 544
288.317 -106.607 545
287.388 -106.607 545
286.984 -106.803 546
286.577 -106.999 547
286.167 -107.194 548
285.233 -107.194 548
284.817 -107.39 549
283.882 -107.39 549
282.946 -107.39 549
282.01 -107.39 549
281.074 -107.39 549
280.138 -107.39 549
279.202 -107.39 549
279.28 -107.781 551
278.846 -107.977 552
278.408 -108.172 553
277.465 -108.172 553
277.023 -108.368 554
276.078 -108.368 554
275.63 -108.564 555
274.684 -108.564 555
275.711 -109.346 559
275.741 -109.737 561
275.275 -109.933 562
274.316 -109.933 562
273.358 -109.933 562
272.4 -109.933 562
271.925 -110.128 563
270.966 -110.128 563
270.485 -110.324 564
269.524 -110.324 564
268.562 -110.324 564
267.601 -110.324 564
266.639 -110.324 564
265.678 -110.324 564
264.716 -110.324 564
263.755 -110.324 564
262.793 -110.324 564
261.832 -110.324 564
260.408 -110.128 563
259.448 -110.128 563
258.948 -110.324 564
257.986 -110.324 564
257.025 -110.324 564
256.063 -110.324 564
255.176 -112.476 575
254.196 -112.476 575
253.215 -112.476 575
252.235 -112.476 575
251.255 -112.476 575
204.67 -108.564 555
204.091 -108.759 556
203.143 -108.759 556
202.559 -108.955 557
203.419 -109.933 562
202.461 -109.933 562
201.862 -110.128 563
200.902 -110.128 563
199.942 -110.128 563
198.983 -110.128 563
198.374 -110.324 564
197.763 -110.52 565
196.8 -110.52 565
195.837 -110.52 565
195.218 -110.715 566
194.253 -110.715 566
193.63 -110.911 567
192.664 -110.911 567
191.697 -110.911 567
191.403 -111.302 569
190.768 -111.498 570
189.796 -111.498 570
189.156 -111.693 571
188.512 -111.889 572
187.537 -111.889 572
186.888 -112.084 573
185.911 -112.084 573
184.934 -112.084 573
183.957 -112.084 573
182.661 -111.889 572
181.368 -111.693 571
180.711 -111.889 572
179.736 -111.889 572
179.073 -112.084 573
178.407 -112.28 574
177.738 -112.476 575
176.757 -112.476 575
175.777 -112.476 575
174.493 -112.28 574
173.515 -112.28 574
172.536 -112.28 574
171.557 -112.28 574
168.227 -112.671 576
167.246 -112.671 576
166.264 -112.671 576
165.282 -112.671 576
164.585 -112.867 577
164.168 -113.258 579
163.181 -113.258 579
162.194 -113.258 579
161.486 -113.454 580
160.497 -113.454 580
159.508 -113.454 580
158.246 -113.258 579
157.259 -113.258 579
156.002 -113.063 578
155.017 -113.063 578
305.568 -106.748 541
304.646 -106.748 541
303.724 -106.748 541
302.242 -106.551 540
300.763 -106.353 539
300.957 -106.748 541
300.035 -106.748 541
299.665 -106.945 542
298.741 -106.945 542
298.367 -107.143 543
297.441 -107.143 543
296.516 -107.143 543
295.045 -106.945 542
294.121 -106.945 542
293.197 -106.945 542
292.274 -106.945 542
291.887 -107.143 543
291.497 -107.34 544
290.57 -107.34 544
289.642 -107.34 544
288.715 -107.34 544
288.317 -107.537 545
287.388 -107.537 545
286.984 -107.735 546
286.577 -107.932 547
286.167 -108.129 548
285.233 -108.129 548
284.299 -108.129 548
283.364 -108.129 548
282.43 -108.129 548
281.496 -108.129 548
281.074 -108.326 549
280.138 -108.326 549
279.202 -108.326 549
279.28 -108.721 551
278.846 -108.918 552
278.408 -109.116 553
277.465 -109.116 553
277.023 -109.313 554
276.078 -109.313 554
275.63 -109.51 555
274.684 -109.51 555
275.218 -110.102 558
274.758 -110.3 559
274.785 -110.694 561
273.828 -110.694 561
273.358 -110.892 562
272.4 -110.892 562
271.925 -111.089 563
270.966 -111.089 563
270.006 -111.089 563
269.524 -111.286 564
268.562 -111.286 564
267.601 -111.286 564
266.639 -111.286 564
265.678 -111.286 564
264.716 -111.286 564
263.755 -111.286 564
262.328 -111.089 563
261.368 -111.089 563
260.408 -111.089 563
259.448 -111.089 563
258.948 -111.286 564
257.986 -111.286 564
257.025 -111.286 564
256.063 -111.286 564
255.176 -113.457 575
254.196 -113.457 575
253.215 -113.457 575
252.235 -113.457 575
251.255 -113.457 575
204.875 -109.116 553
204.67 -109.51 555
204.091 -109.708 556
203.143 -109.708 556
202.559 -109.905 557
203.419 -110.892 562
202.461 -110.892 562
201.862 -111.089 563
200.902 -111.089 563
199.942 -111.089 563
198.983 -111.089 563
198.023 -111.089 563
197.413 -111.286 564
196.8 -111.484 565
195.837 -111.484 565
194.873 -111.484 565
193.91 -111.484 565
193.289 -111.681 566
192.324 -111.681 566
191.359 -111.681 566
190.73 -111.878 567
190.433 -112.273 569
189.463 -112.273 569
188.824 -112.47 570
188.182 -112.667 571
187.209 -112.667 571
186.562 -112.865 572
185.586 -112.865 572
184.611 -112.865 572
183.315 -112.667 571
182.342 -112.667 571
181.368 -112.667 571
180.711 -112.865 572
179.736 -112.865 572
179.073 -113.062 573
178.407 -113.259 574
177.429 -113.259 574
176.45 -113.259 574
175.472 -113.259 574
174.493 -113.259 574
173.515 -113.259 574
172.536 -113.259 574
171.557 -113.259 574
170.579 -113.259 574
169.6 -113.259 574
167.351 -113.062 573
167.246 -113.654 576
166.264 -113.654 576
165.282 -113.654 576
164.585 -113.851 577
163.885 -114.049 578
163.181 -114.246 579
162.194 -114.246 579
161.207 -114.246 579
160.22 -114.246 579
159.233 -114.246 579
158.246 -114.246 579
157.259 -114.246 579
156.002 -114.049 578
155.017 -114.049 578
300.485 -105.88 532
299.578 -105.88 532
298.671 -105.88 532
297.764 -105.88 532
298.531 -106.477 535
299.844 -107.273 539
298.926 -107.273 539
298.56 -107.472 540
297.639 -107.472 540
297.268 -107.671 541
296.346 -107.671 541
295.969 -107.87 542
295.045 -107.87 542
294.121 -107.87 542
293.197 -107.87 542
292.274 -107.87 542
291.887 -108.069 543
291.497 -108.268 544
290.57 -108.268 544
289.642 -108.268 544
288.715 -108.268 544
288.317 -108.467 545
287.388 -108.467 545
286.984 -108.666 546
286.577 -108.865 547
286.167 -109.064 548
285.233 -109.064 548
284.299 -109.064 548
283.364 -109.064 548
282.43 -109.064 548
281.496 -109.064 548
281.074 -109.263 549
280.138 -109.263 549
279.202 -109.263 549
279.28 -109.661 551
278.846 -109.86 552
278.408 -110.059 553
277.465 -110.059 553
276.523 -110.059 553
275.58 -110.059 553
275.134 -110.258 554
274.189 -110.258 554
273.738 -110.457 555
274.758 -111.253 559
273.805 -111.253 559
272.852 -111.253 559
272.386 -111.452 560
271.431 -111.452 560
271.442 -111.85 562
270.484 -111.85 562
270.006 -112.049 563
269.046 -112.049 563
268.086 -112.049 563
267.126 -112.049 563
266.167 -112.049 563
265.207 -112.049 563
264.247 -112.049 563
263.287 -112.049 563
262.328 -112.049 563
261.368 -112.049 563
260.408 -112.049 563
259.448 -112.049 563
258.948 -112.248 564
257.986 -112.248 564
257.025 -112.248 564
256.063 -112.248 564
255.102 -112.248 564
254.14 -112.248 564
255.711 -114.239 574
255.176 -114.438 575
254.196 -114.438 575
253.215 -114.438 575
252.235 -114.438 575
251.255 -114.438 575
204.875 -110.059 553
204.67 -110.457 555
204.091 -110.656 556
203.143 -110.656 556
202.559 -110.855 557
203.419 -111.85 562
202.461 -111.85 562
201.862 -112.049 563
200.902 -112.049 563
199.942 -112.049 563
198.983 -112.049 563
198.023 -112.049 563
197.413 -112.248 564
196.8 -112.448 565
195.837 -112.448 565
194.873 -112.448 565
193.91 -112.448 565
193.289 -112.647 566
192.324 -112.647 566
191.359 -112.647 566
190.73 -112.846 567
190.433 -113.244 569
189.463 -113.244 569
188.824 -113.443 570
188.182 -113.642 571
187.209 -113.642 571
186.562 -113.841 572
185.586 -113.841 572
184.611 -113.841 572
183.315 -113.642 571
182.342 -113.642 571
181.368 -113.642 571
180.711 -113.841 572
179.736 -113.841 572
179.073 -114.04 573
178.096 -114.04 573
177.429 -114.239 574
176.45 -114.239 574
175.472 -114.239 574
174.493 -114.239 574
173.515 -114.239 574
172.536 -114.239 574
171.557 -114.239 574
170.579 -114.239 574
169.6 -114.239 574
168.622 -114.239 574
167.351 -114.04 573
166.955 -114.438 575
165.975 -114.438 575
164.995 -114.438 575
164.3 -114.637 576
163.601 -114.836 577
162.9 -115.035 578
161.914 -115.035 578
161.207 -115.234 579
160.22 -115.234 579
159.233 -115.234 579
158.246 -115.234 579
156.987 -115.035 578
156.002 -115.035 578
155.017 -115.035 578
153.765 -114.836 577
299.92 -106.587 531
299.578 -106.787 532
298.671 -106.787 532
297.764 -106.787 532
296.857 -106.787 532
297.619 -107.39 535
296.707 -107.39 535
298.007 -108.193 539
297.088 -108.193 539
296.718 -108.393 540
295.798 -108.393 540
295.423 -108.594 541
295.045 -108.795 542
294.121 -108.795 542
293.197 -108.795 542
292.274 -108.795 542
291.35 -108.795 542
290.961 -108.995 543
290.036 -108.995 543
289.642 -109.196 544
288.715 -109.196 544
287.788 -109.196 544
286.86 -109.196 544
286.459 -109.397 545
286.053 -109.598 546
285.645 -109.798 547
284.712 -109.798 547
284.299 -109.999 548
283.364 -109.999 548
282.43 -109.999 548
281.496 -109.999 548
280.562 -109.999 548
279.628 -109.999 548
278.693 -109.999 548
278.266 -110.2 549
278.34 -110.601 551
277.905 -110.802 552
276.964 -110.802 552
276.523 -111.003 553
275.58 -111.003 553
275.134 -111.203 554
274.189 -111.203 554
273.738 -111.404 555
274.758 -112.207 559
273.805 -112.207 559
272.852 -112.207 559
272.386 -112.408 560
271.431 -112.408 560
271.442 -112.809 562
270.484 -112.809 562
270.006 -113.01 563
269.046 -113.01 563
268.086 -113.01 563
267.126 -113.01 563
266.167 -113.01 563
265.207 -113.01 563
264.247 -113.01 563
263.287 -113.01 563
262.328 -113.01 563
261.368 -113.01 563
260.408 -113.01 563
259.448 -113.01 563
258.948 -113.211 564
257.986 -113.211 564
257.025 -113.211 564
256.063 -113.211 564
255.102 -113.211 564
254.14 -113.211 564
253.179 -113.211 564
252.664 -113.411 565
255.711 -115.218 574
254.732 -115.218 574
253.754 -115.218 574
252.775 -115.218 574
251.797 -115.218 574
250.818 -115.218 574
204.875 -111.003 553
203.933 -111.003 553
203.724 -111.404 555
202.778 -111.404 555
202.559 -111.806 557
203.419 -112.809 562
202.461 -112.809 562
201.503 -112.809 562
200.902 -113.01 563
199.942 -113.01 563
198.983 -113.01 563
198.023 -113.01 563
197.413 -113.211 564
196.8 -113.411 565
195.837 -113.411 565
194.873 -113.411 565
193.91 -113.411 565
193.289 -113.612 566
192.324 -113.612 566
191.359 -113.612 566
190.73 -113.813 567
189.764 -113.813 567
188.797 -113.813 567
188.493 -114.214 569
187.853 -114.415 570
186.881 -114.415 570
185.909 -114.415 570
184.938 -114.415 570
183.966 -114.415 570
182.994 -114.415 570
182.022 -114.415 570
181.051 -114.415 570
180.395 -114.616 571
179.422 -114.616 571
178.761 -114.817 572
178.096 -115.017 573
177.429 -115.218 574
176.45 -115.218 574
175.472 -115.218 574
174.493 -115.218 574
173.515 -115.218 574
172.536 -115.218 574
171.557 -115.218 574
170.579 -115.218 574
169.6 -115.218 574
168.622 -115.218 574
167.351 -115.017 573
166.955 -115.419 575
165.975 -115.419 575
164.995 -115.419 575
164.3 -115.619 576
163.601 -115.82 577
162.9 -116.021 578
161.914 -116.021 578
161.207 -116.222 579
160.22 -116.222 579
159.233 -116.222 579
158.246 -116.222 579
156.987 -116.021 578
156.002 -116.021 578
155.017 -116.021 578
154.031 -116.021 578
153.046 -116.021 578
299.355 -107.29 530
299.015 -107.493 531
298.11 -107.493 531
297.204 -107.493 531
296.857 -107.695 532
297.619 -108.302 535
296.707 -108.302 535
297.454 -108.91 538
297.088 -109.112 539
296.718 -109.315 540
295.798 -109.315 540
295.423 -109.517 541
294.501 -109.517 541
294.121 -109.719 542
293.197 -109.719 542
292.274 -109.719 542
291.35 -109.719 542
290.426 -109.719 542
289.502 -109.719 542
289.11 -109.922 543
288.715 -110.124 544
287.788 -110.124 544
286.86 -110.124 544
286.459 -110.327 545
286.053 -110.529 546
285.645 -110.732 547
284.712 -110.732 547
284.299 -110.934 548
283.364 -110.934 548
282.43 -110.934 548
281.496 -110.934 548
280.562 -110.934 548
279.628 -110.934 548
278.693 -110.934 548
278.266 -111.136 549
277.33 -111.136 549
277.401 -111.541 551
276.462 -111.541 551
276.023 -111.744 552
275.082 -111.744 552
274.141 -111.744 552
273.199 -111.744 552
273.245 -112.149 554
272.792 -112.351 555
273.315 -112.958 558
272.364 -112.958 558
271.413 -112.958 558
270.946 -113.161 559
270.476 -113.363 560
269.522 -113.363 560
269.526 -113.768 562
269.046 -113.971 563
268.086 -113.971 563
267.126 -113.971 563
266.167 -113.971 563
265.207 -113.971 563
264.247 -113.971 563
263.287 -113.971 563
262.328 -113.971 563
261.368 -113.971 563
260.408 -113.971 563
259.448 -113.971 563
258.488 -113.971 563
257.986 -114.173 564
257.025 -114.173 564
256.063 -114.173 564
255.102 -114.173 564
254.14 -114.173 564
253.179 -114.173 564
252.664 -114.375 565
255.711 -116.197 574
254.732 -116.197 574
253.754 -116.197 574
252.775 -116.197 574
251.797 -116.197 574
250.818 -116.197 574
206.013 -111.541 551
205.074 -111.541 551
204.875 -111.946 553
203.933 -111.946 553
203.357 -112.149 554
202.413 -112.149 554
201.832 -112.351 555
202.334 -113.161 559
201.381 -113.161 559
201.503 -113.768 562
200.545 -113.768 562
199.587 -113.768 562
198.629 -113.768 562
197.671 -113.768 562
197.413 -114.173 564
196.452 -114.173 564
195.49 -114.173 564
194.873 -114.375 565
193.91 -114.375 565
192.947 -114.375 565
191.984 -114.375 565
191.359 -114.578 566
190.394 -114.578 566
189.764 -114.78 567
188.797 -114.78 567
188.162 -114.983 568
187.523 -115.185 569
186.553 -115.185 569
185.583 -115.185 569
184.613 -115.185 569
183.643 -115.185 569
182.673 -115.185 569
181.703 -115.185 569
181.051 -115.388 570
180.079 -115.388 570
179.107 -115.388 570
178.761 -115.792 572
178.096 -115.995 573
177.12 -115.995 573
176.143 -115.995 573
175.166 -115.995 573
174.189 -115.995 573
173.212 -115.995 573
172.235 -115.995 573
171.557 -116.197 574
170.579 -116.197 574
169.6 -116.197 574
168.622 -116.197 574
167.351 -115.995 573
166.374 -115.995 573
165.398 -115.995 573
164.421 -115.995 573
163.729 -116.197 574
163.318 -116.602 576
162.618 -116.805 577
161.634 -116.805 577
160.929 -117.007 578
159.944 -117.007 578
158.958 -117.007 578
157.973 -117.007 578
156.987 -117.007 578
156.002 -117.007 578
155.017 -117.007 578
154.031 -117.007 578
153.046 -117.007 578
299.355 -108.194 530
299.015 -108.399 531
298.11 -108.399 531
297.204 -108.399 531
296.857 -108.603 532
297.619 -109.215 535
296.707 -109.215 535
297.454 -109.828 538
297.088 -110.032 539
296.718 -110.236 540
295.798 -110.236 540
295.423 -110.44 541
294.501 -110.44 541
293.579 -110.44 541
292.657 -110.44 541
291.734 -110.44 541
291.35 -110.644 542
290.426 -110.644 542
289.502 -110.644 542
288.578 -110.644 542
288.184 -110.848 543
287.259 -110.848 543
286.333 -110.848 543
285.933 -111.052 544
285.529 -111.257 545
285.123 -111.461 546
284.192 -111.461 546
283.78 -111.665 547
282.847 -111.665 547
281.915 -111.665 547
280.982 -111.665 547
280.562 -111.869 548
279.628 -111.869 548
278.693 -111.869 548
277.759 -111.869 548
277.33 -112.073 549
276.898 -112.277 550
275.96 -112.277 550
275.522 -112.481 551
274.583 -112.481 551
274.141 -112.686 552
273.199 -112.686 552
272.258 -112.686 552
272.3 -113.094 554
271.846 -113.298 555
270.9 -113.298 555
270.44 -113.502 556
270.462 -113.91 558
269.51 -113.91 558
268.559 -113.91 558
268.567 -114.319 560
268.568 -114.727 562
267.61 -114.727 562
266.652 -114.727 562
265.694 -114.727 562
264.736 -114.727 562
263.778 -114.727 562
262.82 -114.727 562
261.862 -114.727 562
260.904 -114.727 562
259.945 -114.727 562
258.987 -114.727 562
258.488 -114.931 563
257.529 -114.931 563
256.569 -114.931 563
255.609 -114.931 563
254.649 -114.931 563
254.14 -115.135 564
253.179 -115.135 564
252.664 -115.339 565
253.929 -116.36 570
252.957 -116.36 570
251.985 -116.36 570
250.133 -115.952 568
249.165 -115.952 568
248.196 -115.952 568
206.577 -112.277 550
206.013 -112.481 551
205.074 -112.481 551
204.875 -112.89 553
203.933 -112.89 553
203.357 -113.094 554
202.413 -113.094 554
201.832 -113.298 555
202.334 -114.115 559
201.381 -114.115 559
201.503 -114.727 562
200.545 -114.727 562
199.587 -114.727 562
198.276 -114.523 561
197.319 -114.523 561
196.713 -114.727 562
196.452 -115.135 564
195.49 -115.135 564
194.529 -115.135 564
193.567 -115.135 564
192.947 -115.339 565
191.984 -115.339 565
191.021 -115.339 565
190.058 -115.339 565
189.429 -115.543 566
188.464 -115.543 566
187.831 -115.748 567
187.194 -115.952 568
186.553 -116.156 569
185.583 -116.156 569
184.613 -116.156 569
183.643 -116.156 569
182.673 -116.156 569
181.703 -116.156 569
180.733 -116.156 569
180.079 -116.36 570
179.107 -116.36 570
178.448 -116.564 571
177.786 -116.768 572
177.12 -116.972 573
176.143 -116.972 573
175.166 -116.972 573
174.189 -116.972 573
173.212 -116.972 573
172.235 -116.972 573
171.259 -116.972 573
170.579 -117.177 574
169.6 -117.177 574
168.622 -117.177 574
167.351 -116.972 573
166.374 -116.972 573
165.398 -116.972 573
164.421 -116.972 573
163.444 -116.972 573
163.318 -117.585 576
162.618 -117.789 577
161.634 -117.789 577
160.929 -117.993 578
159.944 -117.993 578
158.958 -117.993 578
157.973 -117.993 578
156.987 -117.993 578
155.732 -117.789 577
155.017 -117.993 578
154.031 -117.993 578
153.046 -117.993 578
299.355 -109.099 530
298.452 -109.099 530
298.11 -109.305 531
297.204 -109.305 531
296.299 -109.305 531
296.507 -109.716 533
296.707 -110.128 535
295.795 -110.128 535
296.537 -110.745 538
295.619 -110.745 538
294.702 -110.745 538
294.877 -111.157 540
294.501 -111.363 541
293.579 -111.363 541
292.657 -111.363 541
291.734 -111.363 541
291.35 -111.569 542
290.426 -111.569 542
289.502 -111.569 542
288.578 -111.569 542
288.184 -111.775 543
287.259 -111.775 543
286.333 -111.775 543
285.933 -111.981 544
285.529 -112.186 545
285.123 -112.392 546
284.192 -112.392 546
283.78 -112.598 547
282.847 -112.598 547
281.915 -112.598 547
280.982 -112.598 547
280.562 -112.804 548
279.628 -112.804 548
278.693 -112.804 548
277.759 -112.804 548
277.33 -113.01 549
276.898 -113.216 550
275.96 -113.216 550
275.522 -113.421 551
274.583 -113.421 551
273.644 -113.421 551
272.705 -113.421 551
272.258 -113.627 552
271.317 -113.627 552
270.866 -113.833 553
269.923 -113.833 553
269.467 -114.039 554
269.492 -114.451 556
268.544 -114.451 556
267.596 -114.451 556
267.608 -114.862 558
267.612 -115.274 560
266.658 -115.274 560
265.703 -115.274 560
265.221 -115.48 561
264.265 -115.48 561
263.308 -115.48 561
262.352 -115.48 561
261.396 -115.48 561
260.904 -115.686 562
259.945 -115.686 562
258.987 -115.686 562
258.029 -115.686 562
257.529 -115.892 563
256.569 -115.892 563
255.609 -115.892 563
254.649 -115.892 563
253.69 -115.892 563
252.73 -115.892 563
252.664 -116.303 565
253.038 -116.921 568
252.069 -116.921 568
251.101 -116.921 568
250.133 -116.921 568
248.726 -116.715 567
247.759 -116.715 567
206.577 -113.216 550
206.013 -113.421 551
205.074 -113.421 551
204.505 -113.627 552
203.933 -113.833 553
203.357 -114.039 554
202.413 -114.039 554
201.468 -114.039 554
201.972 -114.862 558
201.02 -114.862 558
200.428 -115.068 559
200.188 -115.48 561
199.232 -115.48 561
198.276 -115.48 561
197.319 -115.48 561
196.713 -115.686 562
196.452 -116.097 564
195.49 -116.097 564
194.529 -116.097 564
193.567 -116.097 564
192.947 -116.303 565
191.984 -116.303 565
191.021 -116.303 565
190.058 -116.303 565
189.429 -116.509 566
188.464 -116.509 566
187.831 -116.715 567
187.194 -116.921 568
186.553 -117.127 569
185.583 -117.127 569
184.613 -117.127 569
183.643 -117.127 569
182.673 -117.127 569
181.703 -117.127 569
180.733 -117.127 569
180.079 -117.333 570
179.107 -117.333 570
178.448 -117.538 571
177.786 -117.744 572
177.12 -117.95 573
176.143 -117.95 573
175.166 -117.95 573
174.189 -117.95 573
173.212 -117.95 573
172.235 -117.95 573
166.374 -117.95 573
165.398 -117.95 573
164.421 -117.95 573
163.444 -117.95 573
163.318 -118.568 576
162.618 -118.773 577
161.634 -118.773 577
160.929 -118.979 578
159.944 -118.979 578
158.958 -118.979 578
157.973 -118.979 578
156.987 -118.979 578
155.732 -118.773 577
154.749 -118.773 577
153.765 -118.773 577
152.781 -118.773 577
299.355 -110.003 530
298.452 -110.003 530
297.548 -110.003 530
296.645 -110.003 530
296.299 -110.21 531
295.394 -110.21 531
295.598 -110.626 533
294.689 -110.626 533
294.332 -110.833 534
294.52 -111.248 536
293.607 -111.248 536
293.785 -111.663 538
293.957 -112.078 540
293.036 -112.078 540
292.116 -112.078 540
291.195 -112.078 540
290.812 -112.286 541
289.89 -112.286 541
288.967 -112.286 541
288.045 -112.286 541
287.654 -112.494 542
287.259 -112.701 543
286.333 -112.701 543
285.407 -112.701 543
285.006 -112.909 544
284.6 -113.116 545
283.671 -113.116 545
283.261 -113.324 546
282.847 -113.531 547
281.915 -113.531 547
280.982 -113.531 547
280.05 -113.531 547
279.628 -113.739 548
278.693 -113.739 548
277.759 -113.739 548
277.33 -113.946 549
276.394 -113.946 549
275.458 -113.946 549
275.022 -114.154 550
274.583 -114.362 551
273.644 -114.362 551
272.705 -114.362 551
272.258 -114.569 552
271.317 -114.569 552
270.866 -114.777 553
269.923 -114.777 553
269.467 -114.984 554
269.492 -115.399 556
268.544 -115.399 556
267.596 -115.399 556
267.608 -115.814 558
267.612 -116.229 560
266.658 -116.229 560
265.703 -116.229 560
265.221 -116.437 561
264.265 -116.437 561
263.308 -116.437 561
262.352 -116.437 561
261.396 -116.437 561
260.904 -116.645 562
259.945 -116.645 562
258.987 -116.645 562
258.029 -116.645 562
257.529 -116.852 563
256.569 -116.852 563
255.609 -116.852 563
254.649 -116.852 563
253.69 -116.852 563
252.73 -116.852 563
252.217 -117.06 564
251.256 -117.06 564
251.182 -117.475 566
250.217 -117.475 566
249.252 -117.475 566
248.287 -117.475 566
247.322 -117.475 566
245.052 -116.852 563
207.105 -112.909 544
206.178 -112.909 544
205.628 -113.116 545
206.577 -114.154 550
206.013 -114.362 551
205.074 -114.362 551
204.505 -114.569 552
203.933 -114.777 553
203.357 -114.984 554
202.413 -114.984 554
201.468 -114.984 554
201.248 -115.399 556
200.3 -115.399 556
200.069 -115.814 558
199.475 -116.022 559
198.522 -116.022 559
197.569 -116.022 559
196.968 -116.229 560
196.363 -116.437 561
195.407 -116.437 561
194.45 -116.437 561
193.839 -116.645 562
192.881 -116.645 562
192.264 -116.852 563
191.304 -116.852 563
190.345 -116.852 563
189.721 -117.06 564
189.094 -117.267 565
188.131 -117.267 565
187.499 -117.475 566
186.864 -117.682 567
186.225 -117.89 568
185.257 -117.89 568
184.289 -117.89 568
183.32 -117.89 568
182.352 -117.89 568
181.703 -118.097 569
180.733 -118.097 569
180.079 -118.305 570
179.107 -118.305 570
178.136 -118.305 570
177.164 -118.305 570
177.12 -118.928 573
176.143 -118.928 573
175.166 -118.928 573
174.189 -118.928 573
173.212 -118.928 573
172.235 -118.928 573
166.374 -118.928 573
165.398 -118.928 573
164.421 -118.928 573
163.444 -118.928 573
163.318 -119.55 576
162.618 -119.758 577
161.634 -119.758 577
160.929 -119.965 578
159.944 -119.965 578
158.958 -119.965 578
157.973 -119.965 578
156.987 -119.965 578
155.732 -119.758 577
154.749 -119.758 577
153.765 -119.758 577
152.781 -119.758 577
298.79 -110.698 529
298.452 -110.907 530
297.548 -110.907 530
296.645 -110.907 530
295.741 -110.907 530
295.394 -111.116 531
295.043 -111.326 532
294.136 -111.326 532
293.781 -111.535 533
293.422 -111.744 534
292.511 -111.744 534
292.693 -112.163 536
292.868 -112.581 538
292.493 -112.79 539
291.575 -112.79 539
290.656 -112.79 539
290.274 -113 540
289.354 -113 540
288.433 -113 540
288.045 -113.209 541
287.123 -113.209 541
286.73 -113.418 542
285.806 -113.418 542
284.882 -113.418 542
284.482 -113.628 543
284.078 -113.837 544
283.151 -113.837 544
282.742 -114.046 545
282.33 -114.255 546
281.399 -114.255 546
280.469 -114.255 546
280.05 -114.465 547
279.117 -114.465 547
278.185 -114.465 547
277.252 -114.465 547
276.825 -114.674 548
276.394 -114.883 549
275.458 -114.883 549
274.522 -114.883 549
274.085 -115.092 550
273.644 -115.302 551
272.705 -115.302 551
271.765 -115.302 551
270.826 -115.302 551
270.376 -115.511 552
269.435 -115.511 552
268.981 -115.72 553
268.523 -115.929 554
267.578 -115.929 554
266.634 -115.929 554
266.649 -116.348 556
266.179 -116.557 557
265.705 -116.766 558
264.754 -116.766 558
263.803 -116.766 558
263.323 -116.976 559
262.37 -116.976 559
261.417 -116.976 559
260.93 -117.185 560
259.975 -117.185 560
259.02 -117.185 560
258.527 -117.394 561
257.57 -117.394 561
256.614 -117.394 561
255.657 -117.394 561
255.155 -117.603 562
254.649 -117.813 563
253.69 -117.813 563
252.73 -117.813 563
252.217 -118.022 564
251.256 -118.022 564
251.182 -118.44 566
250.217 -118.44 566
249.252 -118.44 566
248.287 -118.44 566
247.322 -118.44 566
245.052 -117.813 563
244.092 -117.813 563
208.73 -113.209 541
207.808 -113.209 541
207.268 -113.418 542
207.105 -113.837 544
206.178 -113.837 544
205.628 -114.046 545
206.201 -114.883 549
205.639 -115.092 550
204.702 -115.092 550
204.134 -115.302 551
203.564 -115.511 552
202.99 -115.72 553
202.047 -115.72 553
201.105 -115.72 553
200.886 -116.139 555
199.94 -116.139 555
199.711 -116.557 557
199.118 -116.766 558
198.522 -116.976 559
197.569 -116.976 559
196.616 -116.976 559
196.013 -117.185 560
195.407 -117.394 561
194.45 -117.394 561
193.494 -117.394 561
192.881 -117.603 562
191.923 -117.603 562
190.965 -117.603 562
190.006 -117.603 562
189.385 -117.813 563
188.76 -118.022 564
187.798 -118.022 564
187.168 -118.231 565
186.534 -118.44 566
185.57 -118.44 566
184.605 -118.44 566
183.64 -118.44 566
182.675 -118.44 566
181.71 -118.44 566
180.745 -118.44 566
179.78 -118.44 566
178.815 -118.44 566
177.85 -118.44 566
176.886 -118.44 566
164.052 -118.231 565
163.377 -118.44 566
162.412 -118.44 566
161.447 -118.44 566
162.467 -119.905 573
162.618 -120.742 577
161.634 -120.742 577
160.65 -120.742 577
159.944 -120.952 578
158.958 -120.952 578
157.973 -120.952 578
156.716 -120.742 577
155.732 -120.742 577
154.749 -120.742 577
153.765 -120.742 577
152.781 -120.742 577
298.79 -111.6 529
298.452 -111.811 530
297.548 -111.811 530
296.645 -111.811 530
295.741 -111.811 530
295.394 -112.022 531
295.043 -112.233 532
294.136 -112.233 532
293.781 -112.444 533
293.422 -112.655 534
292.511 -112.655 534
292.693 -113.077 536
292.868 -113.499 538
291.951 -113.499 538
291.034 -113.499 538
290.656 -113.71 539
289.737 -113.71 539
289.354 -113.921 540
288.433 -113.921 540
287.513 -113.921 540
287.123 -114.132 541
286.201 -114.132 541
285.278 -114.132 541
284.882 -114.343 542
283.958 -114.343 542
283.556 -114.554 543
282.63 -114.554 543
282.223 -114.765 544
281.813 -114.976 545
280.884 -114.976 545
279.955 -114.976 545
279.026 -114.976 545
278.097 -114.976 545
277.676 -115.187 546
276.745 -115.187 546
276.32 -115.398 547
275.387 -115.398 547
274.455 -115.398 547
274.522 -115.82 549
273.587 -115.82 549
273.147 -116.031 550
272.21 -116.031 550
271.765 -116.242 551
270.826 -116.242 551
269.887 -116.242 551
268.947 -116.242 551
268.494 -116.453 552
268.038 -116.664 553
267.578 -116.875 554
266.634 -116.875 554
265.689 -116.875 554
265.701 -117.296 556
265.229 -117.507 557
264.28 -117.507 557
263.803 -117.718 558
262.852 -117.718 558
261.9 -117.718 558
260.949 -117.718 558
260.464 -117.929 559
259.975 -118.14 560
259.02 -118.14 560
258.066 -118.14 560
257.111 -118.14 560
256.614 -118.351 561
255.657 -118.351 561
254.701 -118.351 561
254.197 -118.562 562
253.239 -118.562 562
252.281 -118.562 562
246.971 -118.773 563
246.011 -118.773 563
245.052 -118.773 563
244.092 -118.773 563
210.575 -114.132 541
209.652 -114.132 541
208.73 -114.132 541
208.192 -114.343 542
207.268 -114.343 542
207.105 -114.765 544
206.178 -114.765 544
205.628 -114.976 545
206.201 -115.82 549
205.639 -116.031 550
204.702 -116.031 550
204.134 -116.242 551
203.564 -116.453 552
202.99 -116.664 553
202.047 -116.664 553
201.105 -116.664 553
200.886 -117.085 555
199.94 -117.085 555
199.711 -117.507 557
199.118 -117.718 558
198.522 -117.929 559
197.569 -117.929 559
196.616 -117.929 559
196.013 -118.14 560
195.407 -118.351 561
194.45 -118.351 561
193.494 -118.351 561
192.881 -118.562 562
191.923 -118.562 562
190.965 -118.562 562
190.006 -118.562 562
189.385 -118.773 563
188.76 -118.984 564
187.798 -118.984 564
186.837 -118.984 564
186.205 -119.195 565
185.242 -119.195 565
184.278 -119.195 565
183.315 -119.195 565
182.352 -119.195 565
181.389 -119.195 565
180.426 -119.195 565
179.463 -119.195 565
178.499 -119.195 565
177.536 -119.195 565
176.573 -119.195 565
174.988 -118.773 563
174.647 -119.195 565
173.683 -119.195 565
172.72 -119.195 565
171.757 -119.195 565
170.794 -119.195 565
169.831 -119.195 565
165.097 -118.562 562
164.139 -118.562 562
163.181 -118.562 562
162.8 -118.984 564
161.838 -118.984 564
160.877 -118.984 564
159.915 -118.984 564
161.772 -121.094 574
160.794 -121.094 574
160.65 -121.727 577
159.667 -121.727 577
158.683 -121.727 577
157.7 -121.727 577
156.173 -121.305 575
155.192 -121.305 575
154.48 -121.516 576
153.498 -121.516 576
152.517 -121.516 576
298.79 -112.503 529
297.889 -112.503 529
296.987 -112.503 529
296.085 -112.503 529
295.741 -112.716 530
294.838 -112.716 530
294.489 -112.928 531
293.584 -112.928 531
293.229 -113.141 532
292.323 -113.141 532
291.416 -113.141 532
291.601 -113.566 534
291.779 -113.992 536
291.951 -114.417 538
291.034 -114.417 538
290.656 -114.63 539
289.737 -114.63 539
289.354 -114.842 540
288.433 -114.842 540
287.513 -114.842 540
287.123 -115.055 541
286.201 -115.055 541
285.278 -115.055 541
284.882 -115.268 542
283.958 -115.268 542
283.556 -115.48 543
282.63 -115.48 543
282.223 -115.693 544
281.813 -115.906 545
280.884 -115.906 545
279.955 -115.906 545
279.026 -115.906 545
278.097 -115.906 545
277.676 -116.118 546
276.745 -116.118 546
276.32 -116.331 547
275.387 -116.331 547
274.455 -116.331 547
274.522 -116.756 549
273.587 -116.756 549
272.651 -116.756 549
271.715 -116.756 549
271.272 -116.969 550
270.826 -117.182 551
269.887 -117.182 551
268.947 -117.182 551
268.008 -117.182 551
267.553 -117.394 552
267.095 -117.607 553
266.153 -117.607 553
265.21 -117.607 553
264.745 -117.82 554
264.753 -118.245 556
263.805 -118.245 556
263.33 -118.458 557
262.852 -118.67 558
261.9 -118.67 558
260.949 -118.67 558
259.998 -118.67 558
259.511 -118.883 559
258.558 -118.883 559
258.066 -119.096 560
257.111 -119.096 560
256.156 -119.096 560
255.202 -119.096 560
254.701 -119.308 561
253.745 -119.308 561
252.788 -119.308 561
251.832 -119.308 561
247.931 -119.734 563
246.971 -119.734 563
246.011 -119.734 563
245.052 -119.734 563
244.092 -119.734 563
210.575 -115.055 541
209.652 -115.055 541
208.73 -115.055 541
208.192 -115.268 542
207.268 -115.268 542
206.725 -115.48 543
205.799 -115.48 543
205.628 -115.906 545
205.826 -116.544 548
205.639 -116.969 550
204.702 -116.969 550
204.134 -117.182 551
203.564 -117.394 552
202.623 -117.394 552
201.682 -117.394 552
201.105 -117.607 553
200.886 -118.032 555
199.94 -118.032 555
199.352 -118.245 556
198.761 -118.458 557
198.167 -118.67 558
197.215 -118.67 558
196.616 -118.883 559
196.013 -119.096 560
195.407 -119.308 561
194.45 -119.308 561
193.494 -119.308 561
192.881 -119.521 562
191.923 -119.521 562
190.965 -119.521 562
190.006 -119.521 562
189.385 -119.734 563
188.76 -119.946 564
187.798 -119.946 564
186.837 -119.946 564
186.205 -120.159 565
185.242 -120.159 565
184.278 -120.159 565
183.315 -120.159 565
182.352 -120.159 565
181.389 -120.159 565
180.426 -120.159 565
179.463 -120.159 565
178.499 -120.159 565
177.536 -120.159 565
176.573 -120.159 565
175.299 -119.946 564
174.647 -120.159 565
173.683 -120.159 565
172.72 -120.159 565
171.757 -120.159 565
170.794 -120.159 565
169.831 -120.159 565
168.569 -119.946 564
167.904 -120.159 565
166.941 -120.159 565
165.978 -120.159 565
164.139 -119.521 562
163.181 -119.521 562
162.8 -119.946 564
161.838 -119.946 564
160.877 -119.946 564
159.915 -119.946 564
159.518 -120.372 566
158.553 -120.372 566
159.815 -122.073 574
158.837 -122.073 574
157.858 -122.073 574
156.88 -122.073 574
155.629 -121.86 573
154.923 -122.073 574
153.944 -122.073 574
152.965 -122.073 574
151.987 -122.073 574
151.008 -122.073 574
150.03 -122.073 574
298.79 -113.405 529
297.889 -113.405 529
296.987 -113.405 529
296.085 -113.405 529
295.183 -113.405 529
294.838 -113.62 530
293.934 -113.62 530
293.031 -113.62 530
292.678 -113.834 531
291.773 -113.834 531
291.416 -114.049 532
290.509 -114.049 532
290.691 -114.477 534
290.866 -114.906 536
289.952 -114.906 536
289.577 -115.12 537
288.662 -115.12 537
288.282 -115.335 538
287.365 -115.335 538
286.98 -115.549 539
286.592 -115.764 540
286.201 -115.978 541
285.278 -115.978 541
284.356 -115.978 541
283.434 -115.978 541
283.034 -116.192 542
282.11 -116.192 542
281.705 -116.407 543
281.296 -116.621 544
280.369 -116.621 544
279.441 -116.621 544
278.514 -116.621 544
277.586 -116.621 544
276.659 -116.621 544
275.732 -116.621 544
275.31 -116.835 545
274.884 -117.05 546
273.953 -117.05 546
273.022 -117.05 546
273.088 -117.479 548
272.651 -117.693 549
271.715 -117.693 549
271.272 -117.907 550
270.826 -118.122 551
269.887 -118.122 551
268.947 -118.122 551
268.008 -118.122 551
267.553 -118.336 552
267.095 -118.551 553
266.153 -118.551 553
265.21 -118.551 553
264.745 -118.765 554
264.753 -119.194 556
263.805 -119.194 556
263.33 -119.408 557
262.852 -119.622 558
261.9 -119.622 558
260.949 -119.622 558
259.998 -119.622 558
259.511 -119.837 559
258.558 -119.837 559
258.066 -120.051 560
257.111 -120.051 560
256.156 -120.051 560
255.202 -120.051 560
254.701 -120.266 561
253.745 -120.266 561
252.788 -120.266 561
251.832 -120.266 561
247.931 -120.694 563
246.971 -120.694 563
246.011 -120.694 563
245.052 -120.694 563
244.092 -120.694 563
242.7 -120.48 562
241.742 -120.48 562
210.575 -115.978 541
210.04 -116.192 542
209.116 -116.192 542
208.192 -116.192 542
207.65 -116.407 543
206.725 -116.407 543
205.799 -116.407 543
205.628 -116.835 545
205.826 -117.479 548
205.265 -117.693 549
204.329 -117.693 549
203.764 -117.907 550
203.564 -118.336 552
202.623 -118.336 552
201.682 -118.336 552
201.105 -118.551 553
200.524 -118.765 554
199.579 -118.765 554
199.352 -119.194 556
198.761 -119.408 557
198.167 -119.622 558
197.215 -119.622 558
196.616 -119.837 559
196.013 -120.051 560
195.407 -120.266 561
194.45 -120.266 561
193.494 -120.266 561
192.881 -120.48 562
191.923 -120.48 562
190.965 -120.48 562
190.006 -120.48 562
189.385 -120.694 563
188.76 -120.909 564
187.798 -120.909 564
186.837 -120.909 564
185.875 -120.909 564
185.242 -121.123 565
184.278 -121.123 565
183.315 -121.123 565
182.352 -121.123 565
181.389 -121.123 565
180.426 -121.123 565
179.463 -121.123 565
178.499 -121.123 565
177.536 -121.123 565
176.573 -121.123 565
175.299 -120.909 564
174.647 -121.123 565
173.683 -121.123 565
172.72 -121.123 565
171.757 -121.123 565
170.794 -121.123 565
169.831 -121.123 565
168.569 -120.909 564
167.904 -121.123 565
166.941 -121.123 565
165.978 -121.123 565
164.139 -120.48 562
165.503 -122.195 570
164.532 -122.195 570
163.56 -122.195 570
162.588 -122.195 570
159.915 -120.909 564
159.518 -121.337 566
158.553 -121.337 566
159.815 -123.052 574
158.837 -123.052 574
157.858 -123.052 574
156.88 -123.052 574
155.629 -122.838 573
154.923 -123.052 574
153.944 -123.052 574
152.965 -123.052 574
151.987 -123.052 574
151.008 -123.052 574
150.03 -123.052 574
149.051 -123.052 574
148.331 -123.267 575
147.351 -123.267 575
146.37 -123.267 575
145.39 -123.267 575
144.661 -123.481 576
143.679 -123.481 576
142.697 -123.481 576
141.715 -123.481 576
140.733 -123.481 576
139.751 -123.481 576
138.769 -123.481 576
298.226 -114.092 528
297.326 -114.092 528
296.425 -114.092 528
295.525 -114.092 528
294.625 -114.092 528
294.281 -114.308 529
293.38 -114.308 529
292.478 -114.308 529
292.127 -114.524 530
291.224 -114.524 530
290.868 -114.74 531
289.963 -114.74 531
289.602 -114.956 532
289.78 -115.388 534
288.87 -115.388 534
288.499 -115.604 535
288.124 -115.821 536
287.746 -116.037 537
286.831 -116.037 537
286.448 -116.253 538
286.061 -116.469 539
285.672 -116.685 540
284.751 -116.685 540
283.831 -116.685 540
283.434 -116.901 541
282.512 -116.901 541
281.589 -116.901 541
281.186 -117.117 542
280.779 -117.333 543
279.853 -117.333 543
278.928 -117.333 543
278.002 -117.333 543
277.076 -117.333 543
276.151 -117.333 543
275.225 -117.333 543
274.804 -117.549 544
273.877 -117.549 544
272.95 -117.549 544
272.022 -117.549 544
272.092 -117.981 546
271.657 -118.198 547
270.725 -118.198 547
270.286 -118.414 548
269.843 -118.63 549
269.397 -118.846 550
268.459 -118.846 550
267.522 -118.846 550
267.069 -119.062 551
266.129 -119.062 551
265.19 -119.062 551
265.21 -119.494 553
264.267 -119.494 553
263.801 -119.71 554
262.856 -119.71 554
262.384 -119.926 555
261.438 -119.926 555
260.962 -120.142 556
260.014 -120.142 556
259.066 -120.142 556
259.047 -120.574 558
258.095 -120.574 558
257.605 -120.79 559
257.111 -121.007 560
256.156 -121.007 560
255.202 -121.007 560
254.247 -121.007 560
253.745 -121.223 561
252.788 -121.223 561
251.832 -121.223 561
249.407 -121.439 562
248.449 -121.439 562
247.931 -121.655 563
246.971 -121.655 563
246.011 -121.655 563
245.052 -121.655 563
244.092 -121.655 563
242.7 -121.439 562
241.742 -121.439 562
239.927 -121.007 560
210.575 -116.901 541
210.04 -117.117 542
209.116 -117.117 542
208.192 -117.117 542
207.65 -117.333 543
207.486 -117.765 545
206.557 -117.765 545
206.76 -118.414 548
206.201 -118.63 549
205.639 -118.846 550
204.702 -118.846 550
204.134 -119.062 551
203.564 -119.278 552
202.623 -119.278 552
201.682 -119.278 552
201.105 -119.494 553
200.524 -119.71 554
199.579 -119.71 554
199.352 -120.142 556
198.761 -120.358 557
198.167 -120.574 558
197.215 -120.574 558
196.616 -120.79 559
196.013 -121.007 560
195.407 -121.223 561
194.45 -121.223 561
193.494 -121.223 561
192.881 -121.439 562
191.923 -121.439 562
190.965 -121.439 562
190.006 -121.439 562
189.385 -121.655 563
188.76 -121.871 564
187.798 -121.871 564
186.837 -121.871 564
185.875 -121.871 564
185.242 -122.087 565
184.278 -122.087 565
183.315 -122.087 565
182.352 -122.087 565
181.389 -122.087 565
180.426 -122.087 565
179.463 -122.087 565
178.499 -122.087 565
177.536 -122.087 565
176.573 -122.087 565
175.61 -122.087 565
174.647 -122.087 565
173.683 -122.087 565
172.72 -122.087 565
171.453 -121.871 564
170.492 -121.871 564
169.53 -121.871 564
168.569 -121.871 564
167.904 -122.087 565
166.941 -122.087 565
165.978 -122.087 565
165.503 -123.167 570
164.532 -123.167 570
163.56 -123.167 570
162.588 -123.167 570
159.915 -121.871 564
159.518 -122.303 566
158.553 -122.303 566
158.98 -123.383 571
158.56 -123.816 573
157.583 -123.816 573
156.606 -123.816 573
155.358 -123.6 572
154.653 -123.816 573
153.676 -123.816 573
152.699 -123.816 573
151.987 -124.032 574
151.008 -124.032 574
150.03 -124.032 574
149.051 -124.032 574
148.331 -124.248 575
147.351 -124.248 575
146.37 -124.248 575
145.39 -124.248 575
144.661 -124.464 576
143.679 -124.464 576
142.697 -124.464 576
141.715 -124.464 576
140.733 -124.464 576
139.751 -124.464 576
138.769 -124.464 576
298.226 -114.993 528
297.326 -114.993 528
296.425 -114.993 528
295.525 -114.993 528
294.625 -114.993 528
294.281 -115.211 529
293.38 -115.211 529
292.478 -115.211 529
292.127 -115.428 530
291.224 -115.428 530
290.868 -115.646 531
289.963 -115.646 531
289.602 -115.864 532
289.78 -116.299 534
288.87 -116.299 534
287.96 -116.299 534
287.587 -116.517 535
287.211 -116.735 536
286.297 -116.735 536
285.915 -116.953 537
285 -116.953 537
285.143 -117.388 539
284.224 -117.388 539
283.305 -117.388 539
282.91 -117.606 540
281.989 -117.606 540
281.069 -117.606 540
280.667 -117.824 541
280.262 -118.042 542
279.338 -118.042 542
278.414 -118.042 542
277.49 -118.042 542
276.566 -118.042 542
275.642 -118.042 542
274.718 -118.042 542
273.794 -118.042 542
273.374 -118.26 543
272.448 -118.26 543
271.522 -118.26 543
270.596 -118.26 543
270.167 -118.477 544
269.24 -118.477 544
268.806 -118.695 545
268.86 -119.131 547
268.417 -119.349 548
267.483 -119.349 548
267.035 -119.566 549
266.584 -119.784 550
266.129 -120.002 551
265.19 -120.002 551
264.251 -120.002 551
264.267 -120.437 553
263.324 -120.437 553
262.382 -120.437 553
261.912 -120.655 554
260.967 -120.655 554
260.492 -120.873 555
259.546 -120.873 555
259.066 -121.091 556
258.118 -121.091 556
257.17 -121.091 556
257.144 -121.526 558
256.652 -121.744 559
256.156 -121.962 560
255.202 -121.962 560
254.247 -121.962 560
253.745 -122.18 561
252.788 -122.18 561
251.832 -122.18 561
250.428 -121.962 560
249.474 -121.962 560
249.407 -122.398 562
248.449 -122.398 562
247.931 -122.615 563
246.971 -122.615 563
246.011 -122.615 563
245.052 -122.615 563
244.092 -122.615 563
242.7 -122.398 562
241.742 -122.398 562
239.927 -121.962 560
210.575 -117.824 541
210.04 -118.042 542
209.116 -118.042 542
208.576 -118.26 543
207.65 -118.26 543
207.486 -118.695 545
206.557 -118.695 545
206.76 -119.349 548
206.201 -119.566 549
205.639 -119.784 550
204.702 -119.784 550
204.134 -120.002 551
203.564 -120.22 552
202.623 -120.22 552
201.682 -120.22 552
201.105 -120.437 553
200.524 -120.655 554
199.579 -120.655 554
199.352 -121.091 556
198.761 -121.309 557
198.167 -121.526 558
197.215 -121.526 558
196.616 -121.744 559
196.013 -121.962 560
195.407 -122.18 561
194.45 -122.18 561
193.494 -122.18 561
192.881 -122.398 562
191.923 -122.398 562
190.965 -122.398 562
190.006 -122.398 562
189.385 -122.615 563
188.76 -122.833 564
187.798 -122.833 564
186.837 -122.833 564
185.875 -122.833 564
185.242 -123.051 565
184.278 -123.051 565
183.315 -123.051 565
182.352 -123.051 565
181.389 -123.051 565
180.745 -123.269 566
179.78 -123.269 566
178.815 -123.269 566
177.85 -123.269 566
176.573 -123.051 565
175.61 -123.051 565
174.647 -123.051 565
173.683 -123.051 565
172.415 -122.833 564
171.453 -122.833 564
170.492 -122.833 564
169.53 -122.833 564
168.569 -122.833 564
167.607 -122.833 564
166.646 -122.833 564
165.684 -122.833 564
163.847 -122.18 561
165.503 -124.14 570
164.532 -124.14 570
163.56 -124.14 570
162.588 -124.14 570
159.915 -122.833 564
159.236 -123.051 565
158.273 -123.051 565
158.145 -123.704 568
157.73 -124.14 570
156.758 -124.14 570
155.786 -124.14 570
154.815 -124.14 570
154.383 -124.575 572
153.676 -124.793 573
152.699 -124.793 573
151.722 -124.793 573
150.745 -124.793 573
150.03 -125.011 574
149.051 -125.011 574
148.331 -125.229 575
147.351 -125.229 575
146.37 -125.229 575
145.39 -125.229 575
144.661 -125.447 576
143.679 -125.447 576
142.697 -125.447 576
141.715 -125.447 576
140.733 -125.447 576
139.751 -125.447 576
138.769 -125.447 576
297.661 -115.674 527
296.762 -115.674 527
296.425 -115.894 528
295.525 -115.894 528
294.625 -115.894 528
293.725 -115.894 528
293.38 -116.113 529
292.478 -116.113 529
291.576 -116.113 529
291.224 -116.333 530
290.32 -116.333 530
289.417 -116.333 530
289.057 -116.552 531
288.695 -116.772 532
287.788 -116.772 532
287.96 -117.211 534
287.587 -117.43 535
287.211 -117.65 536
286.297 -117.65 536
285.915 -117.869 537
285 -117.869 537
285.143 -118.308 539
284.224 -118.308 539
283.305 -118.308 539
282.91 -118.527 540
281.989 -118.527 540
281.069 -118.527 540
280.667 -118.747 541
280.262 -118.966 542
279.338 -118.966 542
278.414 -118.966 542
277.49 -118.966 542
276.566 -118.966 542
275.642 -118.966 542
274.718 -118.966 542
273.794 -118.966 542
273.374 -119.186 543
272.448 -119.186 543
271.522 -119.186 543
270.596 -119.186 543
270.167 -119.405 544
269.24 -119.405 544
268.313 -119.405 544
267.877 -119.625 545
267.438 -119.844 546
266.507 -119.844 546
266.549 -120.283 548
266.099 -120.503 549
265.646 -120.722 550
264.709 -120.722 550
264.251 -120.942 551
263.789 -121.161 552
262.848 -121.161 552
261.907 -121.161 552
261.439 -121.381 553
260.967 -121.6 554
260.023 -121.6 554
259.078 -121.6 554
258.6 -121.82 555
258.118 -122.039 556
257.17 -122.039 556
256.222 -122.039 556
256.193 -122.478 558
255.699 -122.698 559
254.746 -122.698 559
254.247 -122.917 560
253.292 -122.917 560
252.338 -122.917 560
251.383 -122.917 560
250.428 -122.917 560
249.474 -122.917 560
249.407 -123.356 562
248.449 -123.356 562
247.491 -123.356 562
246.533 -123.356 562
245.574 -123.356 562
244.616 -123.356 562
243.658 -123.356 562
242.268 -123.137 561
241.312 -123.137 561
239.927 -122.917 560
238.973 -122.917 560
210.575 -118.747 541
210.04 -118.966 542
209.116 -118.966 542
208.576 -119.186 543
207.65 -119.186 543
207.486 -119.625 545
206.557 -119.625 545
206.76 -120.283 548
206.201 -120.503 549
205.639 -120.722 550
204.702 -120.722 550
204.134 -120.942 551
203.564 -121.161 552
202.623 -121.161 552
201.682 -121.161 552
201.105 -121.381 553
200.524 -121.6 554
199.579 -121.6 554
199.352 -122.039 556
198.404 -122.039 556
197.811 -122.259 557
196.862 -122.259 557
196.264 -122.478 558
196.013 -122.917 560
195.407 -123.137 561
194.45 -123.137 561
193.494 -123.137 561
192.881 -123.356 562
191.923 -123.356 562
190.965 -123.356 562
190.006 -123.356 562
189.385 -123.576 563
188.76 -123.795 564
187.798 -123.795 564
186.837 -123.795 564
185.875 -123.795 564
185.242 -124.015 565
184.278 -124.015 565
183.315 -124.015 565
182.352 -124.015 565
181.389 -124.015 565
180.745 -124.234 566
179.78 -124.234 566
178.815 -124.234 566
177.85 -124.234 566
176.573 -124.015 565
175.61 -124.015 565
174.647 -124.015 565
173.683 -124.015 565
172.415 -123.795 564
171.453 -123.795 564
170.492 -123.795 564
169.23 -123.576 563
167.672 -123.137 561
167.31 -123.576 563
166.35 -123.576 563
165.39 -123.576 563
163.847 -123.137 561
163.471 -123.576 563
162.8 -123.795 564
161.838 -123.795 564
160.877 -123.795 564
159.915 -123.795 564
158.954 -123.795 564
157.992 -123.795 564
157.866 -124.454 567
156.9 -124.454 567
156.208 -124.673 568
155.24 -124.673 568
154.543 -124.893 569
154.113 -125.332 571
153.408 -125.551 572
152.433 -125.551 572
151.722 -125.771 573
150.745 -125.771 573
150.03 -125.99 574
149.051 -125.99 574
148.331 -126.21 575
147.351 -126.21 575
146.37 -126.21 575
145.39 -126.21 575
144.661 -126.429 576
143.679 -126.429 576
142.697 -126.429 576
141.715 -126.429 576
140.733 -126.429 576
139.751 -126.429 576
138.769 -126.429 576
137.788 -126.429 576
297.096 -116.352 526
296.199 -116.352 526
295.864 -116.573 527
294.966 -116.573 527
294.067 -116.573 527
293.725 -116.794 528
292.825 -116.794 528
291.925 -116.794 528
291.576 -117.016 529
290.674 -117.016 529
290.32 -117.237 530
289.417 -117.237 530
288.513 -117.237 530
288.152 -117.458 531
287.247 -117.458 531
286.881 -117.679 532
287.049 -118.122 534
286.139 -118.122 534
285.229 -118.122 534
285.383 -118.564 536
285 -118.785 537
284.614 -119.006 538
283.696 -119.006 538
283.305 -119.228 539
282.386 -119.228 539
281.989 -119.449 540
281.069 -119.449 540
280.148 -119.449 540
279.745 -119.67 541
278.823 -119.67 541
277.9 -119.67 541
277.49 -119.891 542
276.566 -119.891 542
275.642 -119.891 542
274.718 -119.891 542
273.289 -119.67 541
272.87 -119.891 542
271.946 -119.891 542
271.022 -119.891 542
270.596 -120.112 543
269.671 -120.112 543
268.745 -120.112 543
268.313 -120.334 544
267.877 -120.555 545
267.438 -120.776 546
266.507 -120.776 546
266.549 -121.218 548
266.099 -121.44 549
265.646 -121.661 550
264.709 -121.661 550
264.251 -121.882 551
263.789 -122.103 552
262.848 -122.103 552
261.907 -122.103 552
261.439 -122.324 553
260.967 -122.546 554
260.023 -122.546 554
259.078 -122.546 554
258.6 -122.767 555
258.118 -122.988 556
257.17 -122.988 556
256.222 -122.988 556
256.193 -123.43 558
255.699 -123.652 559
254.746 -123.652 559
254.247 -123.873 560
253.292 -123.873 560
252.338 -123.873 560
251.383 -123.873 560
250.428 -123.873 560
249.474 -123.873 560
248.963 -124.094 561
248.007 -124.094 561
247.05 -124.094 561
246.533 -124.315 562
245.574 -124.315 562
244.616 -124.315 562
243.225 -124.094 561
242.268 -124.094 561
241.312 -124.094 561
239.927 -123.873 560
238.973 -123.873 560
210.575 -119.67 541
210.04 -119.891 542
209.116 -119.891 542
208.576 -120.112 543
207.65 -120.112 543
207.486 -120.555 545
206.557 -120.555 545
207.137 -121.44 549
206.577 -121.661 550
206.013 -121.882 551
205.074 -121.882 551
204.134 -121.882 551
203.564 -122.103 552
202.623 -122.103 552
201.682 -122.103 552
201.105 -122.324 553
200.524 -122.546 554
199.579 -122.546 554
198.993 -122.767 555
198.404 -122.988 556
197.811 -123.209 557
196.862 -123.209 557
196.264 -123.43 558
196.013 -123.873 560
195.058 -123.873 560
194.104 -123.873 560
193.494 -124.094 561
192.537 -124.094 561
191.923 -124.315 562
190.965 -124.315 562
190.006 -124.315 562
189.385 -124.536 563
188.425 -124.536 563
187.465 -124.536 563
186.837 -124.758 564
185.875 -124.758 564
185.242 -124.979 565
184.278 -124.979 565
183.315 -124.979 565
182.352 -124.979 565
181.389 -124.979 565
180.745 -125.2 566
179.78 -125.2 566
178.815 -125.2 566
177.85 -125.2 566
176.573 -124.979 565
175.61 -124.979 565
174.647 -124.979 565
173.683 -124.979 565
172.415 -124.758 564
171.453 -124.758 564
170.492 -124.758 564
168.929 -124.315 562
167.672 -124.094 561
167.31 -124.536 563
166.35 -124.536 563
165.39 -124.536 563
163.847 -124.094 561
163.471 -124.536 563
162.8 -124.758 564
161.838 -124.758 564
160.877 -124.758 564
159.915 -124.758 564
158.954 -124.758 564
157.992 -124.758 564
157.866 -125.421 567
156.9 -125.421 567
156.483 -125.864 569
155.513 -125.864 569
154.815 -126.085 570
154.113 -126.306 571
153.408 -126.527 572
152.433 -126.527 572
151.722 -126.748 573
150.745 -126.748 573
150.03 -126.97 574
149.051 -126.97 574
148.331 -127.191 575
147.351 -127.191 575
146.37 -127.191 575
145.39 -127.191 575
144.661 -127.412 576
143.679 -127.412 576
142.697 -127.412 576
141.715 -127.412 576
140.733 -127.412 576
139.994 -127.633 577
139.01 -127.633 577
138.027 -127.633 577
137.281 -127.854 578
136.295 -127.854 578
135.31 -127.854 578
134.789 -128.297 580
134.031 -128.518 581
133.041 -128.518 581
132.05 -128.518 581
295.402 -116.581 523
294.51 -116.581 523
294.18 -116.804 524
293.286 -116.804 524
292.951 -117.026 525
292.612 -117.249 526
292.27 -117.472 527
291.372 -117.472 527
290.474 -117.472 527
290.125 -117.695 528
289.772 -117.918 529
288.871 -117.918 529
287.969 -117.918 529
287.61 -118.141 530
286.706 -118.141 530
286.342 -118.364 531
285.974 -118.587 532
285.603 -118.81 533
284.694 -118.81 533
284.318 -119.033 534
284.469 -119.478 536
284.085 -119.701 537
283.169 -119.701 537
282.779 -119.924 538
281.862 -119.924 538
281.467 -120.147 539
280.548 -120.147 539
280.148 -120.37 540
279.228 -120.37 540
278.823 -120.593 541
277.9 -120.593 541
276.978 -120.593 541
276.056 -120.593 541
275.133 -120.593 541
274.211 -120.593 541
273.289 -120.593 541
272.367 -120.593 541
271.946 -120.816 542
271.022 -120.816 542
270.098 -120.816 542
269.671 -121.039 543
268.745 -121.039 543
267.819 -121.039 543
267.877 -121.485 545
266.948 -121.485 545
266.019 -121.485 545
265.576 -121.708 546
265.615 -122.153 548
265.163 -122.376 549
264.227 -122.376 549
263.771 -122.599 550
263.311 -122.822 551
262.848 -123.045 552
261.907 -123.045 552
260.966 -123.045 552
260.496 -123.268 553
259.554 -123.268 553
258.611 -123.268 553
258.134 -123.491 554
257.19 -123.491 554
257.17 -123.937 556
256.222 -123.937 556
255.275 -123.937 556
254.784 -124.16 557
253.835 -124.16 557
252.885 -124.16 557
252.84 -124.605 559
252.338 -124.828 560
251.383 -124.828 560
250.428 -124.828 560
249.474 -124.828 560
248.963 -125.051 561
248.007 -125.051 561
247.05 -125.051 561
246.533 -125.274 562
245.574 -125.274 562
244.616 -125.274 562
243.225 -125.051 561
242.268 -125.051 561
241.312 -125.051 561
240.356 -125.051 561
239.399 -125.051 561
210.575 -120.593 541
209.652 -120.593 541
208.73 -120.593 541
208.576 -121.039 543
207.65 -121.039 543
207.486 -121.485 545
206.557 -121.485 545
207.137 -122.376 549
206.577 -122.599 550
206.013 -122.822 551
205.074 -122.822 551
204.134 -122.822 551
203.564 -123.045 552
202.623 -123.045 552
201.682 -123.045 552
201.105 -123.268 553
200.524 -123.491 554
199.579 -123.491 554
198.993 -123.714 555
198.404 -123.937 556
197.811 -124.16 557
196.862 -124.16 557
195.912 -124.16 557
195.663 -124.605 559
195.058 -124.828 560
194.104 -124.828 560
193.149 -124.828 560
192.537 -125.051 561
191.923 -125.274 562
190.965 -125.274 562
190.006 -125.274 562
189.048 -125.274 562
188.425 -125.497 563
187.465 -125.497 563
186.837 -125.72 564
185.875 -125.72 564
184.914 -125.72 564
184.278 -125.943 565
183.315 -125.943 565
182.352 -125.943 565
181.389 -125.943 565
180.426 -125.943 565
179.463 -125.943 565
178.499 -125.943 565
177.536 -125.943 565
176.573 -125.943 565
175.61 -125.943 565
174.647 -125.943 565
173.376 -125.72 564
172.415 -125.72 564
170.845 -125.274 562
169.585 -125.051 561
168.628 -125.051 561
167.373 -124.828 560
166.418 -124.828 560
165.464 -124.828 560
164.509 -124.828 560
163.555 -124.828 560
163.181 -125.274 562
162.511 -125.497 563
161.551 -125.497 563
160.877 -125.72 564
159.915 -125.72 564
158.954 -125.72 564
157.992 -125.72 564
157.866 -126.389 567
156.9 -126.389 567
156.483 -126.834 569
155.513 -126.834 569
154.815 -127.057 570
154.113 -127.28 571
153.408 -127.503 572
152.433 -127.503 572
151.722 -127.726 573
150.745 -127.726 573
150.03 -127.949 574
149.051 -127.949 574
148.073 -127.949 574
147.351 -128.172 575
146.37 -128.172 575
145.39 -128.172 575
144.661 -128.395 576
143.679 -128.395 576
142.697 -128.395 576
141.961 -128.618 577
140.978 -128.618 577
139.994 -128.618 577
139.01 -128.618 577
138.266 -128.841 578
137.281 -128.841 578
136.531 -129.063 579
135.544 -129.063 579
134.789 -129.286 580
134.262 -129.732 582
133.499 -129.955 583
132.505 -129.955 583
131.511 -129.955 583
295.402 -117.473 523
294.51 -117.473 523
294.18 -117.698 524
293.286 -117.698 524
292.951 -117.922 525
292.612 -118.147 526
292.27 -118.371 527
291.372 -118.371 527
290.474 -118.371 527
290.125 -118.596 528
289.772 -118.821 529
288.871 -118.821 529
287.969 -118.821 529
287.61 -119.045 530
286.706 -119.045 530
286.342 -119.27 531
285.437 -119.27 531
285.067 -119.494 532
284.16 -119.494 532
283.786 -119.719 533
283.408 -119.944 534
283.556 -120.393 536
282.642 -120.393 536
282.254 -120.618 537
281.862 -120.842 538
280.945 -120.842 538
280.028 -120.842 538
279.629 -121.067 539
279.228 -121.291 540
278.307 -121.291 540
277.387 -121.291 540
276.978 -121.516 541
276.056 -121.516 541
275.133 -121.516 541
274.211 -121.516 541
273.289 -121.516 541
272.367 -121.516 541
271.444 -121.516 541
270.522 -121.516 541
269.6 -121.516 541
269.174 -121.741 542
268.25 -121.741 542
267.819 -121.965 543
266.894 -121.965 543
266.948 -122.414 545
266.019 -122.414 545
265.09 -122.414 545
264.645 -122.639 546
264.68 -123.088 548
263.746 -123.088 548
263.292 -123.313 549
262.833 -123.538 550
262.372 -123.762 551
261.433 -123.762 551
260.493 -123.762 551
260.025 -123.987 552
259.084 -123.987 552
258.143 -123.987 552
257.668 -124.211 553
257.19 -124.436 554
256.245 -124.436 554
255.301 -124.436 554
254.815 -124.661 555
254.327 -124.885 556
253.379 -124.885 556
252.885 -125.11 557
251.936 -125.11 557
251.887 -125.559 559
250.934 -125.559 559
250.428 -125.784 560
249.474 -125.784 560
248.963 -126.008 561
248.007 -126.008 561
247.05 -126.008 561
246.094 -126.008 561
245.137 -126.008 561
244.181 -126.008 561
243.225 -126.008 561
242.268 -126.008 561
241.312 -126.008 561
240.356 -126.008 561
239.399 -126.008 561
210.575 -121.516 541
209.652 -121.516 541
208.73 -121.516 541
208.576 -121.965 543
208.033 -122.19 544
208.628 -123.088 548
207.694 -123.088 548
207.514 -123.538 550
206.577 -123.538 550
206.013 -123.762 551
205.074 -123.762 551
204.134 -123.762 551
203.564 -123.987 552
202.623 -123.987 552
201.682 -123.987 552
201.105 -124.211 553
200.524 -124.436 554
199.579 -124.436 554
198.993 -124.661 555
198.404 -124.885 556
197.811 -125.11 557
196.862 -125.11 557
195.912 -125.11 557
195.663 -125.559 559
194.71 -125.559 559
193.757 -125.559 559
192.804 -125.559 559
192.194 -125.784 560
191.581 -126.008 561
190.625 -126.008 561
189.668 -126.008 561
189.048 -126.233 562
188.425 -126.458 563
187.465 -126.458 563
186.505 -126.458 563
185.875 -126.682 564
184.914 -126.682 564
183.952 -126.682 564
183.315 -126.907 565
182.352 -126.907 565
181.389 -126.907 565
180.426 -126.907 565
179.463 -126.907 565
178.499 -126.907 565
177.536 -126.907 565
176.573 -126.907 565
175.299 -126.682 564
174.338 -126.682 564
173.376 -126.682 564
172.109 -126.458 563
170.845 -126.233 562
169.282 -125.784 560
168.328 -125.784 560
166.775 -125.334 558
166.121 -125.559 559
165.168 -125.559 559
164.509 -125.784 560
163.555 -125.784 560
162.89 -126.008 561
162.222 -126.233 562
161.264 -126.233 562
160.592 -126.458 563
159.915 -126.682 564
158.954 -126.682 564
157.992 -126.682 564
157.866 -127.356 567
157.453 -127.805 569
156.483 -127.805 569
155.513 -127.805 569
155.086 -128.254 571
154.113 -128.254 571
153.408 -128.479 572
152.433 -128.479 572
151.722 -128.704 573
151.008 -128.928 574
150.03 -128.928 574
149.051 -128.928 574
148.073 -128.928 574
147.351 -129.153 575
146.37 -129.153 575
145.39 -129.153 575
144.661 -129.377 576
143.679 -129.377 576
142.697 -129.377 576
141.961 -129.602 577
140.978 -129.602 577
139.994 -129.602 577
139.01 -129.602 577
138.266 -129.827 578
137.281 -129.827 578
136.531 -130.051 579
135.544 -130.051 579
134.789 -130.276 580
134.262 -130.725 582
133.499 -130.95 583
132.505 -130.95 583
131.511 -130.95 583
294.272 -117.913 521
293.384 -117.913 521
293.057 -118.139 522
292.167 -118.139 522
291.835 -118.365 523
292.056 -118.818 525
291.716 -119.044 526
290.819 -119.044 526
290.474 -119.271 527
289.575 -119.271 527
289.225 -119.497 528
288.324 -119.497 528
287.969 -119.723 529
287.067 -119.723 529
286.706 -119.949 530
285.803 -119.949 530
285.437 -120.176 531
285.067 -120.402 532
284.16 -120.402 532
283.786 -120.628 533
283.408 -120.855 534
283.556 -121.307 536
282.642 -121.307 536
282.254 -121.534 537
281.862 -121.76 538
280.945 -121.76 538
280.028 -121.76 538
279.629 -121.986 539
279.228 -122.213 540
278.307 -122.213 540
277.387 -122.213 540
276.978 -122.439 541
276.056 -122.439 541
275.133 -122.439 541
274.211 -122.439 541
273.289 -122.439 541
272.367 -122.439 541
271.444 -122.439 541
270.522 -122.439 541
269.6 -122.439 541
269.174 -122.665 542
268.25 -122.665 542
267.819 -122.892 543
266.894 -122.892 543
265.968 -122.892 543
265.042 -122.892 543
264.603 -123.118 544
264.16 -123.344 545
263.714 -123.571 546
262.784 -123.571 546
262.812 -124.023 548
262.356 -124.25 549
261.896 -124.476 550
260.958 -124.476 550
260.493 -124.702 551
259.554 -124.702 551
259.084 -124.929 552
258.143 -124.929 552
257.202 -124.929 552
256.725 -125.155 553
256.245 -125.381 554
255.301 -125.381 554
254.356 -125.381 554
253.869 -125.607 555
252.923 -125.607 555
252.431 -125.834 556
251.936 -126.06 557
251.887 -126.513 559
250.934 -126.513 559
250.428 -126.739 560
249.474 -126.739 560
248.963 -126.965 561
248.007 -126.965 561
247.05 -126.965 561
246.094 -126.965 561
245.137 -126.965 561
244.181 -126.965 561
243.225 -126.965 561
242.268 -126.965 561
241.312 -126.965 561
240.356 -126.965 561
239.399 -126.965 561
238.443 -126.965 561
237.487 -126.965 561
210.575 -122.439 541
209.652 -122.439 541
208.73 -122.439 541
208.192 -122.665 542
208.033 -123.118 544
208.628 -124.023 548
207.694 -124.023 548
207.514 -124.476 550
206.577 -124.476 550
206.013 -124.702 551
205.074 -124.702 551
204.134 -124.702 551
203.564 -124.929 552
202.623 -124.929 552
201.682 -124.929 552
201.105 -125.155 553
200.524 -125.381 554
199.579 -125.381 554
198.993 -125.607 555
198.404 -125.834 556
197.456 -125.834 556
196.508 -125.834 556
195.912 -126.06 557
195.313 -126.286 558
194.71 -126.513 559
193.757 -126.513 559
192.804 -126.513 559
192.194 -126.739 560
191.581 -126.965 561
190.625 -126.965 561
189.668 -126.965 561
189.048 -127.192 562
188.425 -127.418 563
187.465 -127.418 563
186.505 -127.418 563
185.875 -127.644 564
184.914 -127.644 564
183.952 -127.644 564
183.315 -127.871 565
182.352 -127.871 565
181.389 -127.871 565
180.426 -127.871 565
179.463 -127.871 565
178.499 -127.871 565
177.536 -127.871 565
176.573 -127.871 565
175.299 -127.644 564
174.338 -127.644 564
173.376 -127.644 564
172.109 -127.418 563
170.845 -127.192 562
169.282 -126.739 560
168.328 -126.739 560
167.074 -126.513 559
166.418 -126.739 560
165.464 -126.739 560
164.509 -126.739 560
163.555 -126.739 560
162.89 -126.965 561
162.222 -127.192 562
161.264 -127.192 562
160.306 -127.192 562
159.632 -127.418 563
158.954 -127.644 564
157.992 -127.644 564
157.866 -128.323 567
157.453 -128.776 569
156.758 -129.002 570
155.786 -129.002 570
155.086 -129.229 571
154.113 -129.229 571
153.408 -129.455 572
152.433 -129.455 572
151.722 -129.681 573
151.008 -129.908 574
150.03 -129.908 574
149.051 -129.908 574
148.073 -129.908 574
147.351 -130.134 575
146.37 -130.134 575
145.39 -130.134 575
144.661 -130.36 576
143.679 -130.36 576
142.697 -130.36 576
141.961 -130.587 577
140.978 -130.587 577
140.237 -130.813 578
139.251 -130.813 578
138.266 -130.813 578
137.518 -131.039 579
136.531 -131.039 579
135.544 -131.039 579
134.789 -131.265 580
134.262 -131.718 582
133.499 -131.944 583
132.505 -131.944 583
131.511 -131.944 583
293.707 -118.573 520
293.384 -118.801 521
292.496 -118.801 521
291.607 -118.801 521
291.277 -119.03 522
290.944 -119.258 523
291.161 -119.714 525
290.266 -119.714 525
289.922 -119.942 526
289.575 -120.17 527
289.225 -120.398 528
288.324 -120.398 528
287.424 -120.398 528
287.067 -120.626 529
286.165 -120.626 529
285.263 -120.626 529
284.899 -120.854 530
284.531 -121.082 531
283.626 -121.082 531
283.253 -121.31 532
282.877 -121.538 533
282.497 -121.766 534
281.587 -121.766 534
281.202 -121.994 535
280.814 -122.222 536
280.423 -122.45 537
279.507 -122.45 537
279.111 -122.678 538
278.711 -122.906 539
277.792 -122.906 539
276.873 -122.906 539
276.466 -123.134 540
275.545 -123.134 540
274.625 -123.134 540
273.704 -123.134 540
272.784 -123.134 540
271.863 -123.134 540
271.444 -123.362 541
270.522 -123.362 541
269.6 -123.362 541
268.678 -123.362 541
267.755 -123.362 541
267.326 -123.59 542
266.894 -123.818 543
265.968 -123.818 543
265.042 -123.818 543
264.603 -124.046 544
264.16 -124.274 545
263.714 -124.502 546
262.784 -124.502 546
262.812 -124.958 548
262.356 -125.186 549
261.896 -125.414 550
260.958 -125.414 550
260.493 -125.642 551
259.554 -125.642 551
259.084 -125.87 552
258.143 -125.87 552
257.202 -125.87 552
256.725 -126.098 553
256.245 -126.326 554
255.301 -126.326 554
254.356 -126.326 554
253.869 -126.554 555
252.923 -126.554 555
252.431 -126.782 556
251.936 -127.01 557
251.887 -127.466 559
250.934 -127.466 559
250.428 -127.695 560
249.474 -127.695 560
248.519 -127.695 560
247.564 -127.695 560
247.05 -127.923 561
246.094 -127.923 561
245.137 -127.923 561
244.181 -127.923 561
243.225 -127.923 561
241.837 -127.695 560
241.312 -127.923 561
240.356 -127.923 561
239.399 -127.923 561
238.868 -128.151 562
237.91 -128.151 562
236.952 -128.151 562
210.185 -123.134 540
209.652 -123.362 541
208.73 -123.362 541
208.192 -123.59 542
208.033 -124.046 544
208.628 -124.958 548
207.694 -124.958 548
207.514 -125.414 550
206.952 -125.642 551
206.013 -125.642 551
205.074 -125.642 551
204.505 -125.87 552
203.564 -125.87 552
202.623 -125.87 552
201.682 -125.87 552
201.105 -126.098 553
200.524 -126.326 554
199.579 -126.326 554
198.993 -126.554 555
198.047 -126.554 555
197.456 -126.782 556
196.508 -126.782 556
195.561 -126.782 556
194.963 -127.01 557
194.362 -127.238 558
193.41 -127.238 558
192.804 -127.466 559
191.851 -127.466 559
191.24 -127.695 560
190.285 -127.695 560
189.668 -127.923 561
188.712 -127.923 561
188.09 -128.151 562
187.132 -128.151 562
186.505 -128.379 563
185.546 -128.379 563
184.586 -128.379 563
183.952 -128.607 564
182.991 -128.607 564
182.352 -128.835 565
181.389 -128.835 565
180.426 -128.835 565
179.463 -128.835 565
178.499 -128.835 565
177.536 -128.835 565
176.26 -128.607 564
175.299 -128.607 564
174.338 -128.607 564
173.376 -128.607 564
172.109 -128.379 563
170.237 -127.695 560
168.98 -127.466 559
168.027 -127.466 559
167.074 -127.466 559
167.013 -128.151 562
166.055 -128.151 562
165.097 -128.151 562
164.139 -128.151 562
163.181 -128.151 562
162.511 -128.379 563
161.551 -128.379 563
160.592 -128.379 563
159.915 -128.607 564
158.954 -128.607 564
157.992 -128.607 564
157.866 -129.291 567
157.453 -129.747 569
156.758 -129.975 570
155.786 -129.975 570
155.086 -130.203 571
154.113 -130.203 571
153.408 -130.431 572
152.433 -130.431 572
151.722 -130.659 573
151.008 -130.887 574
150.03 -130.887 574
149.051 -130.887 574
148.073 -130.887 574
147.351 -131.115 575
146.37 -131.115 575
145.39 -131.115 575
144.661 -131.343 576
143.679 -131.343 576
142.697 -131.343 576
141.961 -131.571 577
140.978 -131.571 577
140.237 -131.799 578
139.251 -131.799 578
138.266 -131.799 578
137.518 -132.027 579
136.531 -132.027 579
135.544 -132.027 579
134.789 -132.255 580
134.262 -132.711 582
133.499 -132.939 583
132.505 -132.939 583
131.511 -132.939 583
130.293 -132.711 582
129.301 -132.711 582
293.707 -119.461 520
292.821 -119.461 520
292.496 -119.69 521
291.607 -119.69 521
290.719 -119.69 521
290.944 -120.15 523
290.607 -120.38 524
289.713 -120.38 524
289.371 -120.609 525
289.026 -120.839 526
288.677 -121.069 527
287.778 -121.069 527
287.424 -121.298 528
286.524 -121.298 528
286.165 -121.528 529
285.263 -121.528 529
284.899 -121.758 530
283.995 -121.758 530
283.092 -121.758 530
282.721 -121.988 531
282.346 -122.217 532
281.968 -122.447 533
281.06 -122.447 533
280.677 -122.677 534
280.29 -122.907 535
279.901 -123.136 536
278.987 -123.136 536
278.073 -123.136 536
277.676 -123.366 537
277.276 -123.596 538
276.359 -123.596 538
275.442 -123.596 538
274.525 -123.596 538
274.116 -123.826 539
273.197 -123.826 539
272.279 -123.826 539
271.36 -123.826 539
270.943 -124.055 540
270.022 -124.055 540
269.102 -124.055 540
268.181 -124.055 540
267.755 -124.285 541
266.833 -124.285 541
265.911 -124.285 541
265.478 -124.515 542
264.554 -124.515 542
264.117 -124.744 543
263.676 -124.974 544
263.231 -125.204 545
262.302 -125.204 545
261.853 -125.434 546
261.878 -125.893 548
261.896 -126.353 550
260.958 -126.353 550
260.021 -126.353 550
259.554 -126.582 551
258.615 -126.582 551
257.676 -126.582 551
257.202 -126.812 552
256.725 -127.042 553
256.245 -127.272 554
255.301 -127.272 554
254.356 -127.272 554
253.869 -127.501 555
252.923 -127.501 555
252.431 -127.731 556
251.936 -127.961 557
251.887 -128.42 559
250.934 -128.42 559
249.981 -128.42 559
249.474 -128.65 560
248.519 -128.65 560
247.564 -128.65 560
247.05 -128.88 561
246.094 -128.88 561
245.137 -128.88 561
244.181 -128.88 561
243.225 -128.88 561
241.837 -128.65 560
241.312 -128.88 561
240.356 -128.88 561
239.399 -128.88 561
238.868 -129.109 562
237.91 -129.109 562
236.952 -129.109 562
209.652 -124.285 541
208.73 -124.285 541
208.192 -124.515 542
207.268 -124.515 542
207.486 -125.204 545
206.557 -125.204 545
207.514 -126.353 550
206.952 -126.582 551
206.013 -126.582 551
205.074 -126.582 551
204.505 -126.812 552
203.564 -126.812 552
202.623 -126.812 552
201.682 -126.812 552
201.105 -127.042 553
200.162 -127.042 553
199.219 -127.042 553
198.993 -127.501 555
198.047 -127.501 555
197.101 -127.501 555
196.155 -127.501 555
195.561 -127.731 556
194.613 -127.731 556
194.013 -127.961 557
193.064 -127.961 557
192.459 -128.19 558
191.508 -128.19 558
190.898 -128.42 559
189.945 -128.42 559
188.992 -128.42 559
188.376 -128.65 560
187.756 -128.88 561
186.799 -128.88 561
186.174 -129.109 562
185.546 -129.339 563
184.586 -129.339 563
183.626 -129.339 563
182.991 -129.569 564
182.352 -129.799 565
181.389 -129.799 565
180.426 -129.799 565
179.463 -129.799 565
178.499 -129.799 565
177.536 -129.799 565
176.573 -129.799 565
175.299 -129.569 564
174.338 -129.569 564
173.376 -129.569 564
172.415 -129.569 564
171.149 -129.339 563
170.189 -129.339 563
168.628 -128.88 561
167.971 -129.109 562
167.013 -129.109 562
166.055 -129.109 562
165.097 -129.109 562
164.139 -129.109 562
163.181 -129.109 562
162.511 -129.339 563
161.551 -129.339 563
160.592 -129.339 563
159.915 -129.569 564
158.954 -129.569 564
157.992 -129.569 564
157.588 -130.028 566
157.176 -130.488 568
156.758 -130.947 570
155.786 -130.947 570
155.086 -131.177 571
154.113 -131.177 571
153.408 -131.407 572
152.433 -131.407 572
151.722 -131.636 573
151.008 -131.866 574
150.03 -131.866 574
149.051 -131.866 574
148.073 -131.866 574
147.351 -132.096 575
146.37 -132.096 575
145.39 -132.096 575
144.661 -132.326 576
143.679 -132.326 576
142.697 -132.326 576
141.961 -132.555 577
140.978 -132.555 577
140.237 -132.785 578
139.251 -132.785 578
138.266 -132.785 578
137.518 -133.015 579
136.531 -133.015 579
135.544 -133.015 579
134.789 -133.245 580
134.493 -133.934 583
133.499 -133.934 583
132.505 -133.934 583
131.511 -133.934 583
130.293 -133.704 582
129.301 -133.704 582
293.707 -120.348 520
292.821 -120.348 520
292.496 -120.579 521
291.607 -120.579 521
290.719 -120.579 521
290.944 -121.042 523
290.607 -121.274 524
289.713 -121.274 524
289.371 -121.505 525
289.026 -121.736 526
288.677 -121.968 527
287.778 -121.968 527
287.424 -122.199 528
286.524 -122.199 528
286.165 -122.431 529
285.263 -122.431 529
284.899 -122.662 530
283.995 -122.662 530
283.092 -122.662 530
282.188 -122.662 530
281.816 -122.894 531
281.439 -123.125 532
280.533 -123.125 532
279.626 -123.125 532
279.243 -123.357 533
278.334 -123.357 533
277.425 -123.357 533
277.035 -123.588 534
277.159 -124.051 536
276.246 -124.051 536
275.332 -124.051 536
274.93 -124.282 537
274.015 -124.282 537
273.608 -124.514 538
272.691 -124.514 538
271.773 -124.514 538
271.36 -124.745 539
270.441 -124.745 539
269.522 -124.745 539
269.102 -124.977 540
268.181 -124.977 540
267.26 -124.977 540
266.34 -124.977 540
265.911 -125.208 541
264.988 -125.208 541
264.066 -125.208 541
263.63 -125.439 542
263.191 -125.671 543
262.748 -125.902 544
261.821 -125.902 544
261.373 -126.134 545
261.4 -126.597 547
260.944 -126.828 548
260.009 -126.828 548
260.021 -127.291 550
259.083 -127.291 550
258.615 -127.522 551
257.676 -127.522 551
256.736 -127.522 551
256.261 -127.754 552
255.783 -127.985 553
254.84 -127.985 553
254.356 -128.217 554
253.412 -128.217 554
252.467 -128.217 554
251.977 -128.448 555
251.483 -128.68 556
251.437 -129.142 558
250.485 -129.142 558
249.981 -129.374 559
249.028 -129.374 559
248.519 -129.605 560
247.564 -129.605 560
246.61 -129.605 560
245.655 -129.605 560
244.701 -129.605 560
243.746 -129.605 560
242.791 -129.605 560
241.837 -129.605 560
240.882 -129.605 560
239.927 -129.605 560
239.399 -129.837 561
238.868 -130.068 562
237.91 -130.068 562
236.952 -130.068 562
209.652 -125.208 541
208.73 -125.208 541
208.192 -125.439 542
207.268 -125.439 542
207.486 -126.134 545
206.557 -126.134 545
207.514 -127.291 550
206.952 -127.522 551
206.013 -127.522 551
205.074 -127.522 551
204.505 -127.754 552
203.564 -127.754 552
202.623 -127.754 552
201.682 -127.754 552
201.105 -127.985 553
200.162 -127.985 553
199.219 -127.985 553
198.993 -128.448 555
198.047 -128.448 555
197.101 -128.448 555
196.155 -128.448 555
195.561 -128.68 556
194.613 -128.68 556
194.013 -128.911 557
193.064 -128.911 557
192.114 -128.911 557
191.508 -129.142 558
190.557 -129.142 558
189.605 -129.142 558
188.992 -129.374 559
188.376 -129.605 560
187.756 -129.837 561
186.799 -129.837 561
186.174 -130.068 562
185.546 -130.3 563
184.586 -130.3 563
183.952 -130.531 564
182.991 -130.531 564
182.352 -130.763 565
181.389 -130.763 565
180.426 -130.763 565
179.463 -130.763 565
178.499 -130.763 565
177.536 -130.763 565
176.573 -130.763 565
175.61 -130.763 565
174.647 -130.763 565
173.376 -130.531 564
172.415 -130.531 564
171.149 -130.3 563
170.189 -130.3 563
168.929 -130.068 562
168.27 -130.3 563
167.31 -130.3 563
166.35 -130.3 563
165.39 -130.3 563
164.431 -130.3 563
163.471 -130.3 563
162.8 -130.531 564
161.838 -130.531 564
160.877 -130.531 564
159.915 -130.531 564
159.236 -130.763 565
158.273 -130.763 565
157.588 -130.994 566
157.176 -131.457 568
156.758 -131.92 570
155.786 -131.92 570
155.086 -132.151 571
154.383 -132.383 572
153.408 -132.383 572
152.433 -132.383 572
151.722 -132.614 573
150.745 -132.614 573
149.769 -132.614 573
148.792 -132.614 573
148.073 -132.845 574
147.094 -132.845 574
146.116 -132.845 574
145.39 -133.077 575
144.41 -133.077 575
143.679 -133.308 576
142.697 -133.308 576
141.715 -133.308 576
140.733 -133.308 576
139.994 -133.54 577
139.01 -133.54 577
138.266 -133.771 578
137.281 -133.771 578
136.531 -134.003 579
135.544 -134.003 579
134.557 -134.003 579
134.493 -134.928 583
133.499 -134.928 583
132.505 -134.928 583
131.511 -134.928 583
130.293 -134.697 582
129.301 -134.697 582
293.142 -121.002 519
292.821 -121.235 520
291.934 -121.235 520
291.048 -121.235 520
290.719 -121.468 521
290.387 -121.701 522
290.052 -121.934 523
289.16 -121.934 523
288.82 -122.168 524
288.476 -122.401 525
288.129 -122.634 526
287.232 -122.634 526
286.88 -122.867 527
285.982 -122.867 527
285.624 -123.1 528
284.724 -123.1 528
284.361 -123.333 529
283.46 -123.333 529
282.558 -123.333 529
282.188 -123.566 530
281.816 -123.8 531
281.439 -124.033 532
280.533 -124.033 532
279.626 -124.033 532
279.243 -124.266 533
278.334 -124.266 533
277.425 -124.266 533
277.035 -124.499 534
277.159 -124.965 536
276.246 -124.965 536
275.332 -124.965 536
274.93 -125.198 537
274.015 -125.198 537
273.608 -125.432 538
272.691 -125.432 538
271.773 -125.432 538
271.36 -125.665 539
270.441 -125.665 539
269.522 -125.665 539
269.102 -125.898 540
268.181 -125.898 540
267.26 -125.898 540
266.34 -125.898 540
265.911 -126.131 541
264.988 -126.131 541
264.066 -126.131 541
263.63 -126.364 542
262.706 -126.364 542
262.265 -126.597 543
261.34 -126.597 543
260.894 -126.83 544
260.444 -127.064 545
260.467 -127.53 547
259.535 -127.53 547
259.075 -127.763 548
258.612 -127.996 549
258.145 -128.229 550
257.208 -128.229 550
256.736 -128.462 551
255.797 -128.462 551
255.32 -128.696 552
254.379 -128.696 552
253.897 -128.929 553
253.412 -129.162 554
252.467 -129.162 554
251.977 -129.395 555
251.031 -129.395 555
250.986 -129.861 557
250.036 -129.861 557
249.534 -130.094 558
249.028 -130.328 559
248.075 -130.328 559
247.122 -130.328 559
246.169 -130.328 559
245.216 -130.328 559
244.264 -130.328 559
243.311 -130.328 559
242.358 -130.328 559
241.405 -130.328 559
240.882 -130.561 560
239.927 -130.561 560
239.399 -130.794 561
238.868 -131.027 562
237.91 -131.027 562
236.952 -131.027 562
207.514 -128.229 550
206.952 -128.462 551
206.013 -128.462 551
205.074 -128.462 551
204.134 -128.462 551
203.564 -128.696 552
202.623 -128.696 552
201.682 -128.696 552
201.105 -128.929 553
200.162 -128.929 553
199.219 -128.929 553
198.993 -129.395 555
198.047 -129.395 555
197.101 -129.395 555
196.155 -129.395 555
195.209 -129.395 555
194.613 -129.628 556
194.013 -129.861 557
193.064 -129.861 557
192.114 -129.861 557
191.851 -130.328 559
190.898 -130.328 559
189.945 -130.328 559
189.33 -130.561 560
188.376 -130.561 560
187.756 -130.794 561
186.799 -130.794 561
186.505 -131.26 563
185.875 -131.493 564
184.914 -131.493 564
183.952 -131.493 564
182.991 -131.493 564
182.352 -131.726 565
181.389 -131.726 565
180.745 -131.96 566
179.78 -131.96 566
178.815 -131.96 566
177.85 -131.96 566
176.886 -131.96 566
175.61 -131.726 565
174.647 -131.726 565
173.683 -131.726 565
172.415 -131.493 564
171.453 -131.493 564
170.492 -131.493 564
169.23 -131.26 563
168.27 -131.26 563
167.607 -131.493 564
166.646 -131.493 564
165.684 -131.493 564
164.723 -131.493 564
163.761 -131.493 564
163.088 -131.726 565
162.125 -131.726 565
161.162 -131.726 565
160.199 -131.726 565
159.236 -131.726 565
158.273 -131.726 565
157.866 -132.193 567
157.453 -132.659 569
157.033 -133.125 571
156.06 -133.125 571
155.086 -133.125 571
154.383 -133.358 572
153.408 -133.358 572
152.433 -133.358 572
151.722 -133.592 573
150.745 -133.592 573
149.769 -133.592 573
148.792 -133.592 573
148.073 -133.825 574
147.094 -133.825 574
146.116 -133.825 574
145.137 -133.825 574
144.41 -134.058 575
143.679 -134.291 576
142.697 -134.291 576
141.715 -134.291 576
140.733 -134.291 576
140.237 -134.757 578
139.251 -134.757 578
138.266 -134.757 578
137.518 -134.99 579
136.531 -134.99 579
135.544 -134.99 579
134.789 -135.224 580
134.493 -135.923 583
133.499 -135.923 583
132.505 -135.923 583
131.511 -135.923 583
293.142 -121.887 519
292.257 -121.887 519
291.373 -121.887 519
290.488 -121.887 519
290.161 -122.122 520
289.831 -122.357 521
289.497 -122.592 522
288.608 -122.592 522
287.718 -122.592 522
287.377 -122.827 523
287.581 -123.296 525
286.686 -123.296 525
286.336 -123.531 526
285.439 -123.531 526
285.083 -123.766 527
284.185 -123.766 527
283.824 -124.001 528
283.46 -124.236 529
282.558 -124.236 529
281.656 -124.236 529
281.285 -124.471 530
280.91 -124.706 531
280.005 -124.706 531
279.1 -124.706 531
278.719 -124.94 532
277.812 -124.94 532
276.905 -124.94 532
276.517 -125.175 533
276.125 -125.41 534
275.73 -125.645 535
274.818 -125.645 535
274.418 -125.88 536
274.015 -126.115 537
273.099 -126.115 537
272.184 -126.115 537
271.268 -126.115 537
270.856 -126.349 538
270.441 -126.584 539
269.522 -126.584 539
268.603 -126.584 539
268.181 -126.819 540
267.26 -126.819 540
266.34 -126.819 540
265.911 -127.054 541
264.988 -127.054 541
264.066 -127.054 541
263.63 -127.289 542
262.706 -127.289 542
262.265 -127.524 543
261.34 -127.524 543
260.894 -127.759 544
260.444 -127.993 545
260.467 -128.463 547
259.535 -128.463 547
259.075 -128.698 548
258.612 -128.933 549
258.145 -129.168 550
257.208 -129.168 550
256.736 -129.403 551
255.797 -129.403 551
255.32 -129.637 552
254.379 -129.637 552
253.897 -129.872 553
253.412 -130.107 554
252.467 -130.107 554
251.977 -130.342 555
251.031 -130.342 555
250.986 -130.812 557
250.036 -130.812 557
249.534 -131.046 558
249.028 -131.281 559
248.075 -131.281 559
247.122 -131.281 559
246.169 -131.281 559
245.216 -131.281 559
244.264 -131.281 559
243.311 -131.281 559
242.358 -131.281 559
241.405 -131.281 559
240.882 -131.516 560
239.927 -131.516 560
239.399 -131.751 561
238.443 -131.751 561
237.487 -131.751 561
236.53 -131.751 561
206.952 -129.403 551
206.013 -129.403 551
205.074 -129.403 551
204.134 -129.403 551
203.195 -129.403 551
202.256 -129.403 551
201.682 -129.637 552
201.105 -129.872 553
200.162 -129.872 553
199.219 -129.872 553
198.635 -130.107 554
198.047 -130.342 555
197.101 -130.342 555
196.155 -130.342 555
195.209 -130.342 555
194.613 -130.577 556
194.013 -130.812 557
193.064 -130.812 557
192.459 -131.046 558
191.851 -131.281 559
190.898 -131.281 559
189.945 -131.281 559
189.33 -131.516 560
188.376 -131.516 560
187.756 -131.751 561
186.799 -131.751 561
186.505 -132.221 563
185.875 -132.456 564
184.914 -132.456 564
183.952 -132.456 564
182.991 -132.456 564
182.352 -132.69 565
181.389 -132.69 565
180.745 -132.925 566
179.78 -132.925 566
178.815 -132.925 566
177.85 -132.925 566
176.886 -132.925 566
175.61 -132.69 565
174.647 -132.69 565
173.683 -132.69 565
172.415 -132.456 564
171.453 -132.456 564
170.492 -132.456 564
169.23 -132.221 563
168.27 -132.221 563
167.607 -132.456 564
166.646 -132.456 564
165.684 -132.456 564
164.723 -132.456 564
163.761 -132.456 564
163.088 -132.69 565
162.125 -132.69 565
161.162 -132.69 565
160.199 -132.69 565
159.518 -132.925 566
158.553 -132.925 566
158.145 -133.395 568
157.73 -133.865 570
157.033 -134.1 571
156.06 -134.1 571
155.358 -134.334 572
154.383 -134.334 572
153.408 -134.334 572
152.699 -134.569 573
151.987 -134.804 574
151.008 -134.804 574
150.03 -134.804 574
149.051 -134.804 574
148.073 -134.804 574
147.094 -134.804 574
146.116 -134.804 574
145.39 -135.039 575
144.41 -135.039 575
143.679 -135.274 576
142.697 -135.274 576
141.961 -135.509 577
140.978 -135.509 577
140.237 -135.743 578
139.251 -135.743 578
138.505 -135.978 579
137.518 -135.978 579
136.767 -136.213 580
135.778 -136.213 580
134.789 -136.213 580
134.493 -136.918 583
133.728 -137.153 584
132.732 -137.153 584
131.737 -137.153 584
130.517 -136.918 583
129.523 -136.918 583
292.577 -122.536 518
292.257 -122.773 519
291.373 -122.773 519
290.488 -122.773 519
289.603 -122.773 519
288.718 -122.773 519
288.388 -123.009 520
287.502 -123.009 520
286.615 -123.009 520
286.278 -123.246 521
285.938 -123.482 522
285.048 -123.482 522
284.703 -123.719 523
284.896 -124.192 525
284.542 -124.429 526
283.646 -124.429 526
283.286 -124.665 527
282.924 -124.902 528
282.024 -124.902 528
281.656 -125.138 529
280.754 -125.138 529
280.381 -125.375 530
279.478 -125.375 530
279.1 -125.611 531
278.195 -125.611 531
277.812 -125.848 532
276.905 -125.848 532
275.998 -125.848 532
275.608 -126.085 533
275.215 -126.321 534
274.305 -126.321 534
273.906 -126.558 535
273.504 -126.794 536
272.591 -126.794 536
271.677 -126.794 536
271.268 -127.031 537
270.856 -127.267 538
269.939 -127.267 538
269.022 -127.267 538
268.603 -127.504 539
267.684 -127.504 539
266.765 -127.504 539
266.34 -127.74 540
265.419 -127.74 540
264.988 -127.977 541
264.066 -127.977 541
263.144 -127.977 541
262.706 -128.214 542
261.782 -128.214 542
260.858 -128.214 542
260.414 -128.45 543
259.966 -128.687 544
259.515 -128.923 545
258.586 -128.923 545
258.13 -129.16 546
258.141 -129.633 548
257.676 -129.869 549
256.74 -129.869 549
256.27 -130.106 550
255.797 -130.343 551
254.858 -130.343 551
253.918 -130.343 551
253.438 -130.579 552
252.954 -130.816 553
252.012 -130.816 553
251.523 -131.052 554
251.031 -131.289 555
250.535 -131.525 556
249.588 -131.525 556
249.087 -131.762 557
248.583 -131.998 558
247.632 -131.998 558
246.68 -131.998 558
246.169 -132.235 559
245.216 -132.235 559
244.264 -132.235 559
243.311 -132.235 559
242.358 -132.235 559
241.405 -132.235 559
240.882 -132.472 560
239.927 -132.472 560
239.399 -132.708 561
238.443 -132.708 561
237.487 -132.708 561
236.53 -132.708 561
204.134 -130.343 551
203.195 -130.343 551
202.256 -130.343 551
201.682 -130.579 552
201.105 -130.816 553
200.162 -130.816 553
199.219 -130.816 553
198.635 -131.052 554
198.047 -131.289 555
197.101 -131.289 555
196.155 -131.289 555
195.561 -131.525 556
194.963 -131.762 557
194.362 -131.998 558
193.41 -131.998 558
192.804 -132.235 559
192.194 -132.472 560
191.24 -132.472 560
190.285 -132.472 560
189.33 -132.472 560
188.712 -132.708 561
187.756 -132.708 561
187.132 -132.945 562
186.505 -133.181 563
185.875 -133.418 564
184.914 -133.418 564
183.952 -133.418 564
183.315 -133.654 565
182.352 -133.654 565
181.389 -133.654 565
180.745 -133.891 566
179.78 -133.891 566
178.815 -133.891 566
177.85 -133.891 566
176.886 -133.891 566
175.61 -133.654 565
174.647 -133.654 565
173.683 -133.654 565
172.415 -133.418 564
171.453 -133.418 564
170.492 -133.418 564
169.23 -133.181 563
168.569 -133.418 564
167.607 -133.418 564
166.646 -133.418 564
165.684 -133.418 564
164.723 -133.418 564
163.761 -133.418 564
163.088 -133.654 565
162.125 -133.654 565
161.162 -133.654 565
160.199 -133.654 565
159.518 -133.891 566
158.553 -133.891 566
158.145 -134.364 568
157.73 -134.837 570
157.033 -135.074 571
156.06 -135.074 571
155.358 -135.31 572
154.383 -135.31 572
153.408 -135.31 572
152.699 -135.547 573
151.987 -135.783 574
151.008 -135.783 574
150.03 -135.783 574
149.051 -135.783 574
148.073 -135.783 574
147.094 -135.783 574
146.116 -135.783 574
145.39 -136.02 575
144.41 -136.02 575
143.679 -136.257 576
142.697 -136.257 576
141.961 -136.493 577
140.978 -136.493 577
140.237 -136.73 578
139.251 -136.73 578
138.505 -136.966 579
137.518 -136.966 579
136.767 -137.203 580
135.778 -137.203 580
134.789 -137.203 580
134.493 -137.912 583
133.728 -138.149 584
132.732 -138.149 584
131.737 -138.149 584
130.517 -137.912 583
129.523 -137.912 583
292.577 -123.42 518
292.257 -123.658 519
291.373 -123.658 519
290.488 -123.658 519
289.603 -123.658 519
288.718 -123.658 519
288.388 -123.897 520
287.502 -123.897 520
286.615 -123.897 520
286.278 -124.135 521
285.938 -124.373 522
285.048 -124.373 522
284.703 -124.611 523
284.896 -125.088 525
284.542 -125.326 526
283.646 -125.326 526
283.286 -125.564 527
282.924 -125.803 528
282.024 -125.803 528
281.124 -125.803 528
280.754 -126.041 529
279.852 -126.041 529
278.951 -126.041 529
278.574 -126.279 530
277.671 -126.279 530
277.29 -126.517 531
276.384 -126.517 531
275.998 -126.756 532
275.091 -126.756 532
274.699 -126.994 533
273.791 -126.994 533
273.394 -127.232 534
272.484 -127.232 534
272.082 -127.47 535
271.17 -127.47 535
270.763 -127.709 536
270.353 -127.947 537
269.939 -128.185 538
269.022 -128.185 538
268.105 -128.185 538
267.684 -128.424 539
266.765 -128.424 539
266.34 -128.662 540
265.419 -128.662 540
264.988 -128.9 541
264.066 -128.9 541
263.144 -128.9 541
262.706 -129.138 542
261.782 -129.138 542
260.858 -129.138 542
260.414 -129.377 543
259.488 -129.377 543
259.039 -129.615 544
258.111 -129.615 544
257.657 -129.853 545
257.199 -130.091 546
257.207 -130.568 548
256.273 -130.568 548
255.804 -130.806 549
255.333 -131.044 550
254.858 -131.283 551
253.918 -131.283 551
253.438 -131.521 552
252.954 -131.759 553
252.012 -131.759 553
251.069 -131.759 553
250.579 -131.997 554
250.085 -132.236 555
249.139 -132.236 555
248.64 -132.474 556
248.137 -132.712 557
247.188 -132.712 557
246.238 -132.712 557
245.729 -132.95 558
244.778 -132.95 558
243.827 -132.95 558
242.875 -132.95 558
241.924 -132.95 558
240.973 -132.95 558
240.452 -133.189 559
239.499 -133.189 559
238.973 -133.427 560
238.443 -133.665 561
237.487 -133.665 561
236.53 -133.665 561
204.134 -131.283 551
203.195 -131.283 551
202.256 -131.283 551
202.047 -131.759 553
201.105 -131.759 553
200.524 -131.997 554
199.579 -131.997 554
198.993 -132.236 555
198.047 -132.236 555
197.456 -132.474 556
196.508 -132.474 556
195.912 -132.712 557
195.313 -132.95 558
194.71 -133.189 559
193.757 -133.189 559
193.149 -133.427 560
192.537 -133.665 561
191.581 -133.665 561
190.625 -133.665 561
189.668 -133.665 561
189.048 -133.904 562
188.09 -133.904 562
187.132 -133.904 562
186.505 -134.142 563
185.875 -134.38 564
184.914 -134.38 564
183.952 -134.38 564
183.315 -134.618 565
182.352 -134.618 565
181.389 -134.618 565
180.745 -134.857 566
179.78 -134.857 566
178.815 -134.857 566
177.85 -134.857 566
176.886 -134.857 566
175.921 -134.857 566
174.956 -134.857 566
173.683 -134.618 565
172.415 -134.38 564
171.453 -134.38 564
170.492 -134.38 564
169.23 -134.142 563
168.569 -134.38 564
167.607 -134.38 564
166.646 -134.38 564
165.684 -134.38 564
164.723 -134.38 564
163.761 -134.38 564
163.088 -134.618 565
162.125 -134.618 565
161.162 -134.618 565
160.199 -134.618 565
160.081 -135.333 568
159.113 -135.333 568
158.145 -135.333 568
158.006 -136.048 571
157.033 -136.048 571
156.06 -136.048 571
155.358 -136.286 572
154.383 -136.286 572
153.408 -136.286 572
152.699 -136.524 573
151.987 -136.763 574
151.008 -136.763 574
150.03 -136.763 574
149.051 -136.763 574
148.073 -136.763 574
147.351 -137.001 575
146.37 -137.001 575
145.39 -137.001 575
144.661 -137.239 576
143.679 -137.239 576
142.697 -137.239 576
141.961 -137.477 577
140.978 -137.477 577
140.237 -137.716 578
139.251 -137.716 578
138.505 -137.954 579
137.518 -137.954 579
136.767 -138.192 580
135.778 -138.192 580
134.789 -138.192 580
134.493 -138.907 583
133.728 -139.145 584
132.732 -139.145 584
131.737 -139.145 584
130.517 -138.907 583
129.523 -138.907 583
292.013 -124.064 517
291.694 -124.304 518
290.811 -124.304 518
289.928 -124.304 518
289.603 -124.544 519
288.718 -124.544 519
287.834 -124.544 519
286.949 -124.544 519
286.615 -124.784 520
285.729 -124.784 520
285.39 -125.024 521
284.502 -125.024 521
284.158 -125.264 522
283.811 -125.504 523
284.001 -125.984 525
283.106 -125.984 525
282.749 -126.223 526
282.924 -126.703 528
282.024 -126.703 528
281.124 -126.703 528
280.754 -126.943 529
279.852 -126.943 529
278.951 -126.943 529
278.574 -127.183 530
277.671 -127.183 530
277.29 -127.423 531
276.384 -127.423 531
275.998 -127.663 532
275.091 -127.663 532
274.699 -127.903 533
273.791 -127.903 533
273.394 -128.143 534
272.484 -128.143 534
272.082 -128.383 535
271.17 -128.383 535
270.763 -128.623 536
270.353 -128.863 537
269.939 -129.103 538
269.022 -129.103 538
268.105 -129.103 538
267.684 -129.343 539
266.765 -129.343 539
266.34 -129.583 540
265.419 -129.583 540
264.988 -129.823 541
264.066 -129.823 541
263.144 -129.823 541
262.222 -129.823 541
261.782 -130.063 542
260.858 -130.063 542
259.934 -130.063 542
259.488 -130.303 543
259.039 -130.543 544
258.111 -130.543 544
257.657 -130.783 545
257.199 -131.023 546
256.737 -131.263 547
255.805 -131.263 547
255.338 -131.503 548
254.868 -131.743 549
254.395 -131.983 550
253.457 -131.983 550
252.979 -132.223 551
252.497 -132.463 552
251.556 -132.463 552
251.069 -132.703 553
250.126 -132.703 553
249.634 -132.943 554
248.69 -132.943 554
248.192 -133.183 555
247.692 -133.423 556
246.744 -133.423 556
245.796 -133.423 556
245.289 -133.663 557
244.339 -133.663 557
243.39 -133.663 557
242.44 -133.663 557
241.491 -133.663 557
240.541 -133.663 557
240.452 -134.142 559
239.499 -134.142 559
238.973 -134.382 560
238.443 -134.622 561
237.487 -134.622 561
236.53 -134.622 561
203.195 -132.223 551
202.256 -132.223 551
202.047 -132.703 553
201.105 -132.703 553
200.524 -132.943 554
199.579 -132.943 554
198.993 -133.183 555
198.047 -133.183 555
197.456 -133.423 556
196.508 -133.423 556
195.912 -133.663 557
195.313 -133.902 558
194.71 -134.142 559
193.757 -134.142 559
193.149 -134.382 560
192.537 -134.622 561
191.581 -134.622 561
190.965 -134.862 562
190.006 -134.862 562
189.048 -134.862 562
188.09 -134.862 562
187.132 -134.862 562
186.505 -135.102 563
185.875 -135.342 564
184.914 -135.342 564
183.952 -135.342 564
183.315 -135.582 565
182.352 -135.582 565
181.389 -135.582 565
180.745 -135.822 566
179.78 -135.822 566
178.815 -135.822 566
177.85 -135.822 566
176.886 -135.822 566
175.921 -135.822 566
174.956 -135.822 566
173.683 -135.582 565
172.415 -135.342 564
171.453 -135.342 564
170.492 -135.342 564
169.23 -135.102 563
168.569 -135.342 564
167.607 -135.342 564
166.646 -135.342 564
165.684 -135.342 564
164.723 -135.342 564
163.761 -135.342 564
163.088 -135.582 565
162.125 -135.582 565
161.162 -135.582 565
160.199 -135.582 565
160.081 -136.302 568
159.113 -136.302 568
158.145 -136.302 568
158.006 -137.022 571
157.033 -137.022 571
156.06 -137.022 571
155.358 -137.262 572
154.383 -137.262 572
153.408 -137.262 572
152.699 -137.502 573
151.987 -137.742 574
151.008 -137.742 574
150.03 -137.742 574
149.051 -137.742 574
148.073 -137.742 574
147.351 -137.982 575
146.37 -137.982 575
145.39 -137.982 575
144.661 -138.222 576
143.679 -138.222 576
142.697 -138.222 576
141.961 -138.462 577
140.978 -138.462 577
140.237 -138.702 578
139.251 -138.702 578
138.505 -138.942 579
137.518 -138.942 579
136.767 -139.182 580
135.778 -139.182 580
134.789 -139.182 580
134.262 -139.662 582
133.27 -139.662 582
132.278 -139.662 582
131.285 -139.662 582
130.293 -139.662 582
129.301 -139.662 582
292.013 -124.946 517
291.131 -124.946 517
290.811 -125.188 518
289.928 -125.188 518
289.045 -125.188 518
288.718 -125.429 519
287.834 -125.429 519
286.949 -125.429 519
286.064 -125.429 519
285.729 -125.671 520
285.39 -125.913 521
284.502 -125.913 521
283.614 -125.913 521
283.268 -126.154 522
283.46 -126.638 524
282.567 -126.638 524
282.211 -126.879 525
282.388 -127.363 527
281.49 -127.363 527
281.124 -127.604 528
280.223 -127.604 528
279.852 -127.846 529
278.951 -127.846 529
278.049 -127.846 529
277.671 -128.088 530
276.767 -128.088 530
275.864 -128.088 530
275.479 -128.329 531
275.091 -128.571 532
274.184 -128.571 532
273.277 -128.571 532
272.882 -128.813 533
272.484 -129.054 534
271.573 -129.054 534
270.663 -129.054 534
270.258 -129.296 535
270.353 -129.779 537
269.437 -129.779 537
268.522 -129.779 537
268.105 -130.021 538
267.684 -130.263 539
266.765 -130.263 539
266.34 -130.504 540
265.419 -130.504 540
264.499 -130.504 540
263.578 -130.504 540
263.144 -130.746 541
262.222 -130.746 541
261.782 -130.988 542
260.858 -130.988 542
259.934 -130.988 542
259.488 -131.229 543
259.039 -131.471 544
258.111 -131.471 544
257.657 -131.713 545
257.199 -131.954 546
256.737 -132.196 547
255.805 -132.196 547
255.338 -132.438 548
254.868 -132.679 549
254.395 -132.921 550
253.457 -132.921 550
252.979 -133.163 551
252.497 -133.404 552
251.556 -133.404 552
251.069 -133.646 553
250.126 -133.646 553
249.634 -133.888 554
248.69 -133.888 554
248.192 -134.129 555
247.692 -134.371 556
246.744 -134.371 556
245.796 -134.371 556
245.289 -134.613 557
244.339 -134.613 557
243.39 -134.613 557
242.005 -134.371 556
241.491 -134.613 557
240.541 -134.613 557
240.452 -135.096 559
239.499 -135.096 559
238.973 -135.338 560
238.443 -135.58 561
237.487 -135.58 561
236.53 -135.58 561
235.574 -135.58 561
202.047 -133.646 553
201.105 -133.646 553
200.524 -133.888 554
199.579 -133.888 554
198.993 -134.129 555
198.404 -134.371 556
197.811 -134.613 557
196.862 -134.613 557
196.264 -134.854 558
195.313 -134.854 558
194.71 -135.096 559
194.104 -135.338 560
193.494 -135.58 561
192.537 -135.58 561
191.581 -135.58 561
190.965 -135.821 562
190.006 -135.821 562
189.048 -135.821 562
188.09 -135.821 562
187.132 -135.821 562
186.505 -136.063 563
185.875 -136.305 564
184.914 -136.305 564
183.952 -136.305 564
183.315 -136.546 565
182.352 -136.546 565
181.389 -136.546 565
180.745 -136.788 566
179.78 -136.788 566
178.815 -136.788 566
177.85 -136.788 566
176.886 -136.788 566
175.921 -136.788 566
174.956 -136.788 566
173.683 -136.546 565
172.415 -136.305 564
171.149 -136.063 563
170.189 -136.063 563
169.23 -136.063 563
168.569 -136.305 564
167.607 -136.305 564
166.646 -136.305 564
165.684 -136.305 564
164.723 -136.305 564
163.761 -136.305 564
163.088 -136.546 565
162.125 -136.546 565
161.162 -136.546 565
160.199 -136.546 565
160.081 -137.271 568
159.113 -137.271 568
158.145 -137.271 568
158.006 -137.996 571
157.033 -137.996 571
156.06 -137.996 571
155.358 -138.238 572
154.383 -138.238 572
153.408 -138.238 572
152.699 -138.48 573
151.987 -138.721 574
151.008 -138.721 574
150.03 -138.721 574
149.051 -138.721 574
148.073 -138.721 574
147.351 -138.963 575
146.37 -138.963 575
145.39 -138.963 575
144.661 -139.205 576
143.679 -139.205 576
142.697 -139.205 576
141.715 -139.205 576
140.978 -139.446 577
139.994 -139.446 577
139.01 -139.446 577
138.266 -139.688 578
137.518 -139.93 579
136.531 -139.93 579
135.544 -139.93 579
134.557 -139.93 579
133.801 -140.171 580
133.27 -140.655 582
132.278 -140.655 582
131.285 -140.655 582
130.069 -140.413 581
129.079 -140.413 581
128.089 -140.413 581
292.013 -125.828 517
291.131 -125.828 517
290.811 -126.071 518
289.928 -126.071 518
289.045 -126.071 518
288.718 -126.315 519
287.834 -126.315 519
286.949 -126.315 519
286.064 -126.315 519
285.729 -126.558 520
284.842 -126.558 520
283.956 -126.558 520
283.614 -126.801 521
282.726 -126.801 521
282.919 -127.288 523
282.028 -127.288 523
281.674 -127.532 524
281.852 -128.018 526
280.955 -128.018 526
280.591 -128.262 527
280.223 -128.505 528
279.323 -128.505 528
278.423 -128.505 528
277.523 -128.505 528
277.147 -128.748 529
276.245 -128.748 529
275.343 -128.748 529
274.96 -128.992 530
274.574 -129.235 531
273.669 -129.235 531
272.763 -129.235 531
272.37 -129.479 532
271.463 -129.479 532
271.065 -129.722 533
270.156 -129.722 533
269.753 -129.965 534
269.346 -130.209 535
269.437 -130.696 537
268.522 -130.696 537
267.606 -130.696 537
267.188 -130.939 538
266.271 -130.939 538
265.847 -131.182 539
265.419 -131.426 540
264.499 -131.426 540
263.578 -131.426 540
262.658 -131.426 540
262.222 -131.669 541
261.782 -131.912 542
260.858 -131.912 542
259.934 -131.912 542
259.488 -132.156 543
259.039 -132.399 544
258.111 -132.399 544
257.184 -132.399 544
257.199 -132.886 546
256.268 -132.886 546
255.337 -132.886 546
255.338 -133.373 548
254.868 -133.616 549
254.395 -133.859 550
253.457 -133.859 550
252.979 -134.103 551
252.04 -134.103 551
251.1 -134.103 551
250.615 -134.346 552
250.126 -134.59 553
249.634 -134.833 554
248.69 -134.833 554
247.745 -134.833 554
247.246 -135.076 555
246.3 -135.076 555
245.354 -135.076 555
244.848 -135.32 556
243.9 -135.32 556
242.953 -135.32 556
242.005 -135.32 556
241.491 -135.563 557
240.541 -135.563 557
240.452 -136.05 559
239.499 -136.05 559
238.973 -136.293 560
238.443 -136.537 561
237.487 -136.537 561
236.53 -136.537 561
235.574 -136.537 561
201.105 -134.59 553
200.524 -134.833 554
199.579 -134.833 554
198.993 -135.076 555
198.404 -135.32 556
197.811 -135.563 557
196.862 -135.563 557
196.264 -135.807 558
195.663 -136.05 559
194.71 -136.05 559
194.45 -136.537 561
193.494 -136.537 561
192.881 -136.78 562
191.923 -136.78 562
190.965 -136.78 562
190.006 -136.78 562
189.048 -136.78 562
188.09 -136.78 562
187.132 -136.78 562
186.505 -137.023 563
185.875 -137.267 564
184.914 -137.267 564
183.952 -137.267 564
183.315 -137.51 565
182.352 -137.51 565
181.389 -137.51 565
180.745 -137.754 566
179.78 -137.754 566
178.815 -137.754 566
177.85 -137.754 566
176.886 -137.754 566
175.921 -137.754 566
174.956 -137.754 566
173.376 -137.267 564
172.415 -137.267 564
171.149 -137.023 563
170.189 -137.023 563
169.23 -137.023 563
168.27 -137.023 563
167.31 -137.023 563
166.646 -137.267 564
165.684 -137.267 564
164.723 -137.267 564
163.761 -137.267 564
163.088 -137.51 565
162.125 -137.51 565
161.162 -137.51 565
160.199 -137.51 565
159.518 -137.754 566
158.553 -137.754 566
158.145 -138.24 568
157.453 -138.484 569
156.483 -138.484 569
156.06 -138.97 571
155.358 -139.214 572
154.383 -139.214 572
153.408 -139.214 572
152.433 -139.214 572
151.722 -139.457 573
151.008 -139.701 574
150.03 -139.701 574
149.051 -139.701 574
148.073 -139.701 574
147.351 -139.944 575
146.37 -139.944 575
145.39 -139.944 575
144.41 -139.944 575
143.679 -140.187 576
142.697 -140.187 576
141.715 -140.187 576
140.978 -140.431 577
139.994 -140.431 577
139.01 -140.431 577
138.266 -140.674 578
137.518 -140.917 579
136.531 -140.917 579
135.544 -140.917 579
134.557 -140.917 579
133.801 -141.161 580
133.27 -141.648 582
132.278 -141.648 582
131.285 -141.648 582
130.069 -141.404 581
129.079 -141.404 581
128.089 -141.404 581
127.098 -141.404 581
292.013 -126.71 517
291.131 -126.71 517
290.811 -126.955 518
289.928 -126.955 518
289.045 -126.955 518
288.718 -127.2 519
287.834 -127.2 519
286.949 -127.2 519
286.064 -127.2 519
285.729 -127.445 520
284.842 -127.445 520
283.956 -127.445 520
283.614 -127.69 521
282.726 -127.69 521
282.919 -128.18 523
282.028 -128.18 523
281.674 -128.426 524
281.852 -128.916 526
280.955 -128.916 526
280.591 -129.161 527
279.693 -129.161 527
279.323 -129.406 528
278.423 -129.406 528
277.523 -129.406 528
276.623 -129.406 528
276.245 -129.651 529
275.343 -129.651 529
274.442 -129.651 529
274.057 -129.896 530
273.669 -130.141 531
272.763 -130.141 531
271.858 -130.141 531
271.463 -130.386 532
270.556 -130.386 532
269.649 -130.386 532
269.248 -130.631 533
268.842 -130.876 534
268.434 -131.122 535
267.522 -131.122 535
267.108 -131.367 536
266.691 -131.612 537
265.776 -131.612 537
265.353 -131.857 538
264.928 -132.102 539
264.499 -132.347 540
263.578 -132.347 540
262.658 -132.347 540
261.737 -132.347 540
261.299 -132.592 541
260.377 -132.592 541
259.934 -132.837 542
259.01 -132.837 542
258.563 -133.082 543
257.637 -133.082 543
257.184 -133.327 544
256.728 -133.572 545
256.268 -133.817 546
255.337 -133.817 546
255.338 -134.308 548
254.404 -134.308 548
253.932 -134.553 549
252.997 -134.553 549
252.979 -135.043 551
252.04 -135.043 551
251.1 -135.043 551
250.615 -135.288 552
249.674 -135.288 552
249.184 -135.533 553
248.241 -135.533 553
247.745 -135.778 554
246.801 -135.778 554
246.3 -136.023 555
245.354 -136.023 555
244.408 -136.023 555
243.9 -136.268 556
242.953 -136.268 556
242.005 -136.268 556
241.057 -136.268 556
240.541 -136.513 557
240.452 -137.004 559
239.499 -137.004 559
238.973 -137.249 560
238.443 -137.494 561
237.487 -137.494 561
236.53 -137.494 561
235.574 -137.494 561
201.105 -135.533 553
200.524 -135.778 554
199.579 -135.778 554
198.993 -136.023 555
198.404 -136.268 556
197.811 -136.513 557
196.862 -136.513 557
196.264 -136.759 558
195.663 -137.004 559
194.71 -137.004 559
194.45 -137.494 561
193.839 -137.739 562
192.881 -137.739 562
191.923 -137.739 562
190.965 -137.739 562
190.006 -137.739 562
189.048 -137.739 562
188.09 -137.739 562
187.132 -137.739 562
186.837 -138.229 564
185.875 -138.229 564
184.914 -138.229 564
183.952 -138.229 564
182.991 -138.229 564
182.675 -138.719 566
181.71 -138.719 566
181.064 -138.964 567
180.098 -138.964 567
179.131 -138.964 567
177.85 -138.719 566
176.886 -138.719 566
175.921 -138.719 566
174.956 -138.719 566
173.683 -138.474 565
172.415 -138.229 564
171.149 -137.984 563
170.189 -137.984 563
169.23 -137.984 563
168.27 -137.984 563
167.31 -137.984 563
166.35 -137.984 563
165.39 -137.984 563
164.431 -137.984 563
163.761 -138.229 564
162.8 -138.229 564
161.838 -138.229 564
161.162 -138.474 565
160.199 -138.474 565
159.518 -138.719 566
158.553 -138.719 566
157.866 -138.964 567
157.176 -139.209 568
156.483 -139.454 569
155.513 -139.454 569
154.543 -139.454 569
153.843 -139.7 570
152.871 -139.7 570
152.166 -139.945 571
151.457 -140.19 572
150.745 -140.435 573
149.769 -140.435 573
149.051 -140.68 574
148.073 -140.68 574
147.094 -140.68 574
146.116 -140.68 574
145.39 -140.925 575
144.41 -140.925 575
143.679 -141.17 576
142.697 -141.17 576
141.715 -141.17 576
140.978 -141.415 577
139.994 -141.415 577
139.01 -141.415 577
138.266 -141.66 578
137.281 -141.66 578
136.295 -141.66 578
135.31 -141.66 578
134.557 -141.905 579
133.801 -142.15 580
133.041 -142.396 581
132.05 -142.396 581
131.06 -142.396 581
130.069 -142.396 581
129.079 -142.396 581
128.089 -142.396 581
127.098 -142.396 581
292.013 -127.592 517
291.131 -127.592 517
290.811 -127.839 518
289.928 -127.839 518
289.045 -127.839 518
288.718 -128.086 519
287.834 -128.086 519
286.949 -128.086 519
286.064 -128.086 519
285.179 -128.086 519
284.842 -128.332 520
283.956 -128.332 520
283.069 -128.332 520
282.726 -128.579 521
282.378 -128.826 522
281.488 -128.826 522
281.674 -129.32 524
281.316 -129.566 525
280.421 -129.566 525
280.059 -129.813 526
279.693 -130.06 527
279.323 -130.307 528
278.423 -130.307 528
277.523 -130.307 528
276.623 -130.307 528
276.245 -130.554 529
275.343 -130.554 529
274.442 -130.554 529
274.057 -130.8 530
273.669 -131.047 531
272.763 -131.047 531
271.858 -131.047 531
271.463 -131.294 532
270.556 -131.294 532
269.649 -131.294 532
269.248 -131.541 533
268.842 -131.787 534
268.434 -132.034 535
267.522 -132.034 535
267.108 -132.281 536
266.691 -132.528 537
265.776 -132.528 537
265.353 -132.775 538
264.928 -133.021 539
264.499 -133.268 540
263.578 -133.268 540
262.658 -133.268 540
261.737 -133.268 540
260.816 -133.268 540
259.896 -133.268 540
259.455 -133.515 541
258.533 -133.515 541
258.087 -133.762 542
257.163 -133.762 542
256.239 -133.762 542
256.257 -134.255 544
255.799 -134.502 545
254.87 -134.502 545
254.406 -134.749 546
254.404 -135.243 548
253.932 -135.489 549
252.997 -135.489 549
252.52 -135.736 550
252.04 -135.983 551
251.1 -135.983 551
250.161 -135.983 551
249.674 -136.23 552
249.184 -136.477 553
248.241 -136.477 553
247.298 -136.477 553
246.801 -136.723 554
245.856 -136.723 554
244.912 -136.723 554
243.968 -136.723 554
243.462 -136.97 555
242.953 -137.217 556
242.005 -137.217 556
241.057 -137.217 556
240.541 -137.464 557
240.452 -137.957 559
239.499 -137.957 559
238.973 -138.204 560
238.443 -138.451 561
237.487 -138.451 561
236.952 -138.698 562
235.994 -138.698 562
235.036 -138.698 562
234.078 -138.698 562
200.524 -136.723 554
199.579 -136.723 554
198.993 -136.97 555
198.404 -137.217 556
197.811 -137.464 557
196.862 -137.464 557
196.264 -137.711 558
195.663 -137.957 559
194.71 -137.957 559
194.45 -138.451 561
193.839 -138.698 562
192.881 -138.698 562
191.923 -138.698 562
190.965 -138.698 562
190.006 -138.698 562
189.048 -138.698 562
188.09 -138.698 562
187.132 -138.698 562
186.837 -139.191 564
185.875 -139.191 564
184.914 -139.191 564
183.952 -139.191 564
183.315 -139.438 565
182.675 -139.685 566
181.71 -139.685 566
181.064 -139.932 567
180.098 -139.932 567
179.131 -139.932 567
177.85 -139.685 566
176.886 -139.685 566
175.921 -139.685 566
174.956 -139.685 566
173.683 -139.438 565
172.415 -139.191 564
171.453 -139.191 564
170.492 -139.191 564
169.23 -138.944 563
168.27 -138.944 563
167.31 -138.944 563
166.35 -138.944 563
165.39 -138.944 563
164.431 -138.944 563
163.471 -138.944 563
162.8 -139.191 564
161.838 -139.191 564
160.877 -139.191 564
159.915 -139.191 564
159.236 -139.438 565
158.273 -139.438 565
157.588 -139.685 566
156.9 -139.932 567
155.933 -139.932 567
154.966 -139.932 567
154.271 -140.178 568
153.573 -140.425 569
152.603 -140.425 569
151.9 -140.672 570
151.193 -140.919 571
150.482 -141.166 572
149.507 -141.166 572
148.792 -141.412 573
148.073 -141.659 574
147.094 -141.659 574
146.116 -141.659 574
145.39 -141.906 575
144.41 -141.906 575
143.679 -142.153 576
142.697 -142.153 576
141.961 -142.4 577
140.978 -142.4 577
139.994 -142.4 577
139.01 -142.4 577
138.266 -142.646 578
137.518 -142.893 579
136.531 -142.893 579
135.544 -142.893 579
134.789 -143.14 580
134.031 -143.387 581
133.041 -143.387 581
132.278 -143.634 582
131.285 -143.634 582
130.293 -143.634 582
129.079 -143.387 581
128.089 -143.387 581
127.098 -143.387 581
126.108 -143.387 581
291.448 -128.226 516
291.131 -128.474 517
290.811 -128.723 518
289.928 -128.723 518
289.045 -128.723 518
288.718 -128.971 519
287.834 -128.971 519
286.949 -128.971 519
286.064 -128.971 519
285.179 -128.971 519
284.842 -129.22 520
283.956 -129.22 520
283.069 -129.22 520
282.183 -129.22 520
282.378 -129.717 522
281.488 -129.717 522
281.136 -129.965 523
280.78 -130.214 524
279.887 -130.214 524
280.059 -130.711 526
279.693 -130.959 527
279.323 -131.208 528
278.423 -131.208 528
277.523 -131.208 528
276.623 -131.208 528
276.245 -131.456 529
275.343 -131.456 529
274.442 -131.456 529
274.057 -131.705 530
273.153 -131.705 530
272.25 -131.705 530
271.858 -131.953 531
270.953 -131.953 531
270.048 -131.953 531
269.143 -131.953 531
268.743 -132.202 532
268.339 -132.45 533
267.932 -132.699 534
267.022 -132.699 534
266.61 -132.947 535
266.194 -133.196 536
265.281 -133.196 536
264.86 -133.444 537
264.436 -133.693 538
264.009 -133.941 539
263.09 -133.941 539
262.658 -134.19 540
261.737 -134.19 540
260.816 -134.19 540
259.896 -134.19 540
259.455 -134.438 541
258.533 -134.438 541
258.087 -134.687 542
257.163 -134.687 542
256.239 -134.687 542
256.257 -135.184 544
255.799 -135.432 545
254.87 -135.432 545
254.406 -135.681 546
254.404 -136.178 548
253.932 -136.426 549
252.997 -136.426 549
252.52 -136.675 550
252.04 -136.923 551
251.1 -136.923 551
250.161 -136.923 551
249.674 -137.172 552
249.184 -137.42 553
248.241 -137.42 553
247.298 -137.42 553
246.801 -137.669 554
245.856 -137.669 554
244.912 -137.669 554
243.968 -137.669 554
243.462 -137.917 555
242.516 -137.917 555
241.57 -137.917 555
241.057 -138.166 556
240.541 -138.414 557
240.452 -138.911 559
239.499 -138.911 559
239.399 -139.408 561
238.868 -139.657 562
237.91 -139.657 562
236.952 -139.657 562
236.414 -139.905 563
235.454 -139.905 563
234.494 -139.905 563
200.524 -137.669 554
199.579 -137.669 554
198.993 -137.917 555
198.404 -138.166 556
197.456 -138.166 556
196.508 -138.166 556
196.264 -138.663 558
195.663 -138.911 559
194.71 -138.911 559
194.45 -139.408 561
193.839 -139.657 562
192.881 -139.657 562
191.923 -139.657 562
190.965 -139.657 562
190.006 -139.657 562
189.048 -139.657 562
188.09 -139.657 562
187.132 -139.657 562
186.837 -140.154 564
185.875 -140.154 564
184.914 -140.154 564
183.952 -140.154 564
183.315 -140.402 565
182.675 -140.651 566
181.71 -140.651 566
181.064 -140.899 567
180.098 -140.899 567
179.131 -140.899 567
177.85 -140.651 566
176.886 -140.651 566
175.921 -140.651 566
174.956 -140.651 566
173.683 -140.402 565
172.415 -140.154 564
171.453 -140.154 564
170.492 -140.154 564
169.23 -139.905 563
168.27 -139.905 563
167.31 -139.905 563
166.35 -139.905 563
165.39 -139.905 563
164.431 -139.905 563
163.471 -139.905 563
162.8 -140.154 564
161.838 -140.154 564
160.877 -140.154 564
159.915 -140.154 564
159.236 -140.402 565
158.273 -140.402 565
157.588 -140.651 566
156.9 -140.899 567
155.933 -140.899 567
154.966 -140.899 567
154.271 -141.148 568
153.573 -141.396 569
152.603 -141.396 569
151.9 -141.645 570
151.193 -141.893 571
150.482 -142.142 572
149.507 -142.142 572
148.792 -142.39 573
148.073 -142.639 574
147.351 -142.887 575
146.37 -142.887 575
145.39 -142.887 575
144.661 -143.136 576
143.929 -143.384 577
142.945 -143.384 577
141.961 -143.384 577
140.978 -143.384 577
140.237 -143.633 578
139.251 -143.633 578
138.505 -143.881 579
137.518 -143.881 579
136.767 -144.13 580
135.778 -144.13 580
135.022 -144.378 581
134.262 -144.626 582
133.27 -144.626 582
132.505 -144.875 583
131.511 -144.875 583
130.517 -144.875 583
129.523 -144.875 583
128.529 -144.875 583
127.098 -144.378 581
126.108 -144.378 581
291.448 -129.106 516
290.568 -129.106 516
290.25 -129.356 517
289.369 -129.356 517
289.045 -129.606 518
288.162 -129.606 518
287.834 -129.857 519
286.949 -129.857 519
286.064 -129.857 519
285.179 -129.857 519
284.295 -129.857 519
283.41 -129.857 519
283.069 -130.107 520
282.183 -130.107 520
282.378 -130.607 522
281.488 -130.607 522
281.136 -130.857 523
280.78 -131.108 524
279.887 -131.108 524
280.059 -131.608 526
279.693 -131.858 527
278.794 -131.858 527
277.896 -131.858 527
277.523 -132.108 528
276.623 -132.108 528
276.245 -132.359 529
275.343 -132.359 529
274.442 -132.359 529
273.54 -132.359 529
273.153 -132.609 530
272.25 -132.609 530
271.346 -132.609 530
270.443 -132.609 530
270.048 -132.859 531
269.143 -132.859 531
268.237 -132.859 531
268.339 -133.359 533
267.932 -133.61 534
267.022 -133.61 534
266.111 -133.61 534
266.194 -134.11 536
265.281 -134.11 536
264.86 -134.36 537
264.436 -134.61 538
263.519 -134.61 538
262.602 -134.61 538
262.171 -134.861 539
261.737 -135.111 540
260.816 -135.111 540
259.896 -135.111 540
258.975 -135.111 540
258.533 -135.361 541
257.61 -135.361 541
256.688 -135.361 541
256.239 -135.611 542
255.315 -135.611 542
255.329 -136.112 544
254.402 -136.112 544
253.941 -136.362 545
253.94 -136.862 547
253.47 -137.112 548
252.536 -137.112 548
252.061 -137.363 549
251.582 -137.613 550
250.645 -137.613 550
250.161 -137.863 551
249.222 -137.863 551
248.733 -138.113 552
247.792 -138.113 552
247.298 -138.363 553
246.355 -138.363 553
245.856 -138.614 554
244.912 -138.614 554
243.968 -138.614 554
243.023 -138.614 554
242.516 -138.864 555
241.57 -138.864 555
241.057 -139.114 556
240.541 -139.364 557
240.882 -140.115 560
239.927 -140.115 560
239.399 -140.365 561
238.868 -140.615 562
237.91 -140.615 562
237.373 -140.866 563
236.414 -140.866 563
235.454 -140.866 563
234.494 -140.866 563
200.524 -138.614 554
199.579 -138.614 554
198.993 -138.864 555
198.761 -139.364 557
197.811 -139.364 557
196.862 -139.364 557
196.264 -139.615 558
195.663 -139.865 559
194.71 -139.865 559
194.45 -140.365 561
193.494 -140.365 561
192.537 -140.365 561
191.581 -140.365 561
190.965 -140.615 562
190.006 -140.615 562
189.048 -140.615 562
188.09 -140.615 562
187.132 -140.615 562
186.837 -141.116 564
185.875 -141.116 564
184.914 -141.116 564
183.952 -141.116 564
183.315 -141.366 565
182.675 -141.616 566
181.71 -141.616 566
180.745 -141.616 566
179.78 -141.616 566
178.815 -141.616 566
177.85 -141.616 566
176.886 -141.616 566
175.921 -141.616 566
174.956 -141.616 566
173.683 -141.366 565
172.72 -141.366 565
171.453 -141.116 564
170.492 -141.116 564
169.23 -140.866 563
168.27 -140.866 563
167.31 -140.866 563
166.35 -140.866 563
165.39 -140.866 563
164.431 -140.866 563
163.471 -140.866 563
162.511 -140.866 563
161.551 -140.866 563
160.877 -141.116 564
159.915 -141.116 564
158.954 -141.116 564
157.992 -141.116 564
157.588 -141.616 566
156.9 -141.866 567
155.933 -141.866 567
154.966 -141.866 567
154 -141.866 567
153.303 -142.117 568
152.335 -142.117 568
151.633 -142.367 569
150.928 -142.617 570
150.219 -142.867 571
149.246 -142.867 571
148.792 -143.368 573
148.073 -143.618 574
147.351 -143.868 575
146.37 -143.868 575
145.39 -143.868 575
144.661 -144.118 576
143.929 -144.368 577
142.945 -144.368 577
141.961 -144.368 577
140.978 -144.368 577
140.237 -144.619 578
139.251 -144.619 578
138.505 -144.869 579
137.756 -145.119 580
136.767 -145.119 580
135.778 -145.119 580
135.254 -145.619 582
134.493 -145.87 583
133.499 -145.87 583
132.505 -145.87 583
131.511 -145.87 583
130.517 -145.87 583
129.523 -145.87 583
128.529 -145.87 583
127.098 -145.369 581
126.108 -145.369 581
291.448 -129.986 516
290.568 -129.986 516
290.25 -130.238 517
289.369 -130.238 517
289.045 -130.49 518
288.162 -130.49 518
287.834 -130.742 519
286.949 -130.742 519
286.064 -130.742 519
285.179 -130.742 519
284.295 -130.742 519
283.41 -130.742 519
283.069 -130.994 520
282.183 -130.994 520
282.378 -131.498 522
281.488 -131.498 522
281.136 -131.75 523
280.78 -132.002 524
279.887 -132.002 524
280.059 -132.505 526
279.693 -132.757 527
278.794 -132.757 527
277.896 -132.757 527
277.523 -133.009 528
276.623 -133.009 528
276.245 -133.261 529
275.343 -133.261 529
274.442 -133.261 529
273.54 -133.261 529
272.638 -133.261 529
271.736 -133.261 529
271.346 -133.513 530
270.443 -133.513 530
269.539 -133.513 530
268.636 -133.513 530
268.237 -133.765 531
267.836 -134.017 532
267.932 -134.521 534
267.022 -134.521 534
266.111 -134.521 534
266.194 -135.024 536
265.281 -135.024 536
264.86 -135.276 537
263.945 -135.276 537
263.519 -135.528 538
262.602 -135.528 538
262.171 -135.78 539
261.737 -136.032 540
260.816 -136.032 540
259.896 -136.032 540
258.975 -136.032 540
258.055 -136.032 540
257.61 -136.284 541
256.688 -136.284 541
255.766 -136.284 541
255.315 -136.536 542
254.86 -136.788 543
253.934 -136.788 543
253.475 -137.04 544
253.476 -137.544 546
253.47 -138.047 548
252.536 -138.047 548
252.061 -138.299 549
251.582 -138.551 550
250.645 -138.551 550
250.161 -138.803 551
249.222 -138.803 551
248.733 -139.055 552
247.792 -139.055 552
246.851 -139.055 552
246.355 -139.307 553
245.413 -139.307 553
244.47 -139.307 553
243.968 -139.559 554
243.023 -139.559 554
242.516 -139.811 555
241.57 -139.811 555
241.057 -140.063 556
240.541 -140.315 557
240.882 -141.07 560
239.927 -141.07 560
239.399 -141.322 561
238.868 -141.574 562
237.91 -141.574 562
237.373 -141.826 563
236.414 -141.826 563
235.454 -141.826 563
234.494 -141.826 563
200.524 -139.559 554
199.579 -139.559 554
198.993 -139.811 555
199.118 -140.567 558
198.167 -140.567 558
197.215 -140.567 558
196.264 -140.567 558
195.663 -140.818 559
194.71 -140.818 559
194.45 -141.322 561
193.494 -141.322 561
192.537 -141.322 561
191.581 -141.322 561
190.965 -141.574 562
190.006 -141.574 562
189.048 -141.574 562
188.09 -141.574 562
187.132 -141.574 562
186.837 -142.078 564
185.875 -142.078 564
184.914 -142.078 564
183.952 -142.078 564
183.315 -142.33 565
182.675 -142.582 566
181.71 -142.582 566
180.745 -142.582 566
179.78 -142.582 566
178.815 -142.582 566
177.85 -142.582 566
176.886 -142.582 566
175.921 -142.582 566
174.956 -142.582 566
173.683 -142.33 565
172.72 -142.33 565
171.453 -142.078 564
170.492 -142.078 564
169.23 -141.826 563
168.27 -141.826 563
167.31 -141.826 563
166.35 -141.826 563
165.39 -141.826 563
164.139 -141.574 562
163.181 -141.574 562
162.511 -141.826 563
161.551 -141.826 563
160.592 -141.826 563
159.915 -142.078 564
158.954 -142.078 564
157.992 -142.078 564
157.588 -142.582 566
156.9 -142.834 567
155.933 -142.834 567
154.966 -142.834 567
154 -142.834 567
153.033 -142.834 567
152.067 -142.834 567
151.367 -143.086 568
150.928 -143.589 570
150.219 -143.841 571
149.246 -143.841 571
148.532 -144.093 572
148.073 -144.597 574
147.351 -144.849 575
146.37 -144.849 575
145.39 -144.849 575
144.661 -145.101 576
143.929 -145.353 577
142.945 -145.353 577
141.961 -145.353 577
141.222 -145.605 578
140.237 -145.605 578
139.251 -145.605 578
138.505 -145.857 579
137.756 -146.109 580
136.767 -146.109 580
135.778 -146.109 580
135.254 -146.612 582
134.493 -146.864 583
133.499 -146.864 583
132.505 -146.864 583
131.511 -146.864 583
130.517 -146.864 583
129.523 -146.864 583
128.529 -146.864 583
290.883 -130.613 515
290.568 -130.867 516
290.25 -131.12 517
289.369 -131.12 517
288.487 -131.12 517
288.162 -131.374 518
287.279 -131.374 518
286.396 -131.374 518
286.064 -131.627 519
285.179 -131.627 519
284.295 -131.627 519
283.41 -131.627 519
282.525 -131.627 519
282.183 -131.881 520
281.837 -132.135 521
280.949 -132.135 521
280.599 -132.388 522
280.245 -132.642 523
279.353 -132.642 523
278.994 -132.896 524
279.162 -133.403 526
278.794 -133.656 527
277.896 -133.656 527
277.523 -133.91 528
276.623 -133.91 528
276.245 -134.164 529
275.343 -134.164 529
274.442 -134.164 529
273.54 -134.164 529
272.638 -134.164 529
271.736 -134.164 529
271.346 -134.417 530
270.443 -134.417 530
269.539 -134.417 530
268.636 -134.417 530
268.237 -134.671 531
267.836 -134.924 532
267.932 -135.432 534
267.022 -135.432 534
266.111 -135.432 534
266.194 -135.939 536
265.281 -135.939 536
264.86 -136.193 537
263.945 -136.193 537
263.519 -136.446 538
262.602 -136.446 538
262.171 -136.7 539
261.737 -136.953 540
260.816 -136.953 540
259.896 -136.953 540
258.975 -136.953 540
258.055 -136.953 540
257.61 -137.207 541
256.688 -137.207 541
255.766 -137.207 541
255.315 -137.461 542
254.86 -137.714 543
253.934 -137.714 543
253.475 -137.968 544
253.476 -138.475 546
252.545 -138.475 546
252.536 -138.982 548
252.061 -139.236 549
251.582 -139.49 550
250.645 -139.49 550
250.161 -139.743 551
249.222 -139.743 551
248.733 -139.997 552
247.792 -139.997 552
246.851 -139.997 552
246.355 -140.25 553
245.413 -140.25 553
244.47 -140.25 553
243.527 -140.25 553
243.023 -140.504 554
242.516 -140.758 555
241.57 -140.758 555
241.057 -141.011 556
240.541 -141.265 557
240.882 -142.026 560
239.927 -142.026 560
239.399 -142.279 561
238.868 -142.533 562
237.91 -142.533 562
237.373 -142.787 563
236.414 -142.787 563
235.454 -142.787 563
234.494 -142.787 563
198.993 -140.758 555
199.118 -141.519 558
198.167 -141.519 558
197.215 -141.519 558
196.264 -141.519 558
195.663 -141.772 559
194.71 -141.772 559
194.45 -142.279 561
193.494 -142.279 561
192.537 -142.279 561
191.581 -142.279 561
190.965 -142.533 562
190.006 -142.533 562
189.048 -142.533 562
188.09 -142.533 562
187.132 -142.533 562
186.837 -143.04 564
185.875 -143.04 564
184.914 -143.04 564
183.952 -143.04 564
183.315 -143.294 565
182.675 -143.547 566
181.71 -143.547 566
180.745 -143.547 566
179.78 -143.547 566
178.815 -143.547 566
177.85 -143.547 566
176.886 -143.547 566
175.921 -143.547 566
174.956 -143.547 566
173.683 -143.294 565
172.72 -143.294 565
171.453 -143.04 564
170.492 -143.04 564
169.23 -142.787 563
168.27 -142.787 563
167.31 -142.787 563
166.35 -142.787 563
165.39 -142.787 563
164.139 -142.533 562
163.181 -142.533 562
162.222 -142.533 562
161.264 -142.533 562
160.877 -143.04 564
159.915 -143.04 564
159.236 -143.294 565
158.273 -143.294 565
157.588 -143.547 566
156.9 -143.801 567
155.933 -143.801 567
154.966 -143.801 567
154 -143.801 567
153.033 -143.801 567
152.067 -143.801 567
151.367 -144.055 568
150.663 -144.308 569
149.956 -144.562 570
148.984 -144.562 570
148.272 -144.816 571
148.073 -145.576 574
147.351 -145.83 575
146.37 -145.83 575
145.643 -146.084 576
144.912 -146.337 577
143.929 -146.337 577
142.945 -146.337 577
142.207 -146.591 578
141.222 -146.591 578
140.479 -146.844 579
139.492 -146.844 579
138.744 -147.098 580
137.756 -147.098 580
136.767 -147.098 580
136.012 -147.352 581
135.254 -147.605 582
134.493 -147.859 583
133.499 -147.859 583
132.732 -148.113 584
131.962 -148.366 585
131.189 -148.62 586
130.19 -148.62 586
129.191 -148.62 586
290.883 -131.492 515
290.005 -131.492 515
289.688 -131.747 516
288.809 -131.747 516
288.487 -132.002 517
288.162 -132.258 518
287.279 -132.258 518
286.396 -132.258 518
285.513 -132.258 518
284.63 -132.258 518
284.295 -132.513 519
283.41 -132.513 519
282.525 -132.513 519
282.183 -132.768 520
281.837 -133.024 521
280.949 -133.024 521
280.061 -133.024 521
279.709 -133.279 522
278.819 -133.279 522
278.994 -133.79 524
278.631 -134.045 525
278.265 -134.3 526
277.369 -134.3 526
276.998 -134.556 527
276.623 -134.811 528
276.245 -135.066 529
275.343 -135.066 529
274.442 -135.066 529
273.54 -135.066 529
272.638 -135.066 529
271.736 -135.066 529
270.834 -135.066 529
270.443 -135.321 530
269.539 -135.321 530
268.636 -135.321 530
268.237 -135.577 531
267.332 -135.577 531
266.929 -135.832 532
266.022 -135.832 532
266.111 -136.343 534
265.201 -136.343 534
264.291 -136.343 534
264.367 -136.853 536
263.945 -137.109 537
263.519 -137.364 538
262.602 -137.364 538
262.171 -137.619 539
261.252 -137.619 539
260.816 -137.875 540
259.896 -137.875 540
258.975 -137.875 540
258.055 -137.875 540
257.61 -138.13 541
256.688 -138.13 541
255.766 -138.13 541
255.315 -138.385 542
254.86 -138.641 543
253.934 -138.641 543
253.475 -138.896 544
253.476 -139.407 546
252.545 -139.407 546
252.536 -139.917 548
252.061 -140.173 549
251.582 -140.428 550
250.645 -140.428 550
250.161 -140.683 551
249.222 -140.683 551
248.733 -140.939 552
247.792 -140.939 552
246.851 -140.939 552
246.355 -141.194 553
245.413 -141.194 553
244.47 -141.194 553
243.527 -141.194 553
243.023 -141.449 554
242.516 -141.705 555
241.57 -141.705 555
241.057 -141.96 556
240.541 -142.215 557
240.882 -142.981 560
239.927 -142.981 560
239.399 -143.237 561
238.443 -143.237 561
237.487 -143.237 561
237.373 -143.747 563
236.414 -143.747 563
235.454 -143.747 563
234.494 -143.747 563
199.118 -142.471 558
198.167 -142.471 558
197.215 -142.471 558
196.264 -142.471 558
195.663 -142.726 559
194.71 -142.726 559
194.104 -142.981 560
193.494 -143.237 561
192.537 -143.237 561
191.581 -143.237 561
190.625 -143.237 561
189.668 -143.237 561
189.048 -143.492 562
188.09 -143.492 562
187.132 -143.492 562
186.505 -143.747 563
185.875 -144.002 564
184.914 -144.002 564
183.952 -144.002 564
183.315 -144.258 565
182.352 -144.258 565
181.389 -144.258 565
180.745 -144.513 566
179.78 -144.513 566
178.815 -144.513 566
177.85 -144.513 566
176.886 -144.513 566
175.61 -144.258 565
174.647 -144.258 565
173.683 -144.258 565
172.415 -144.002 564
171.453 -144.002 564
170.492 -144.002 564
169.23 -143.747 563
168.27 -143.747 563
167.31 -143.747 563
166.35 -143.747 563
165.39 -143.747 563
164.139 -143.492 562
163.181 -143.492 562
162.511 -143.747 563
161.551 -143.747 563
160.877 -144.002 564
159.915 -144.002 564
159.236 -144.258 565
158.273 -144.258 565
157.588 -144.513 566
156.9 -144.768 567
155.933 -144.768 567
154.966 -144.768 567
154 -144.768 567
153.303 -145.024 568
152.335 -145.024 568
151.367 -145.024 568
150.663 -145.279 569
150.219 -145.79 571
149.246 -145.79 571
148.532 -146.045 572
148.331 -146.811 575
147.607 -147.066 576
146.625 -147.066 576
145.896 -147.322 577
144.912 -147.322 577
144.178 -147.577 578
143.193 -147.577 578
142.207 -147.577 578
141.466 -147.832 579
140.479 -147.832 579
139.492 -147.832 579
138.744 -148.088 580
137.756 -148.088 580
136.767 -148.088 580
136.246 -148.598 582
135.487 -148.854 583
134.723 -149.109 584
133.728 -149.109 584
132.96 -149.364 585
131.962 -149.364 585
131.413 -149.875 587
130.412 -149.875 587
129.411 -149.875 587
290.883 -132.37 515
290.005 -132.37 515
289.688 -132.627 516
288.809 -132.627 516
288.487 -132.884 517
288.162 -133.141 518
287.279 -133.141 518
286.396 -133.141 518
285.513 -133.141 518
284.63 -133.141 518
284.295 -133.398 519
283.41 -133.398 519
282.525 -133.398 519
282.183 -133.655 520
281.837 -133.912 521
280.949 -133.912 521
280.061 -133.912 521
279.709 -134.169 522
278.819 -134.169 522
278.994 -134.684 524
278.631 -134.941 525
278.265 -135.198 526
277.369 -135.198 526
276.998 -135.455 527
276.623 -135.712 528
275.723 -135.712 528
274.823 -135.712 528
274.442 -135.969 529
273.54 -135.969 529
272.638 -135.969 529
271.736 -135.969 529
270.834 -135.969 529
270.443 -136.226 530
269.539 -136.226 530
268.636 -136.226 530
267.732 -136.226 530
267.332 -136.483 531
266.929 -136.74 532
266.022 -136.74 532
265.613 -136.997 533
264.704 -136.997 533
264.291 -137.254 534
263.874 -137.511 535
263.453 -137.768 536
263.029 -138.025 537
262.114 -138.025 537
261.685 -138.282 538
261.252 -138.539 539
260.816 -138.796 540
259.896 -138.796 540
258.975 -138.796 540
258.055 -138.796 540
257.61 -139.053 541
256.688 -139.053 541
255.766 -139.053 541
255.315 -139.31 542
254.86 -139.567 543
253.934 -139.567 543
253.475 -139.824 544
253.476 -140.338 546
252.545 -140.338 546
252.536 -140.852 548
252.061 -141.109 549
251.582 -141.366 550
250.645 -141.366 550
250.161 -141.623 551
249.222 -141.623 551
248.733 -141.88 552
247.792 -141.88 552
246.851 -141.88 552
246.355 -142.137 553
245.413 -142.137 553
244.47 -142.137 553
243.527 -142.137 553
243.023 -142.394 554
242.516 -142.651 555
241.57 -142.651 555
241.057 -142.908 556
240.541 -143.166 557
240.882 -143.937 560
239.927 -143.937 560
239.399 -144.194 561
238.443 -144.194 561
237.487 -144.194 561
237.373 -144.708 563
236.414 -144.708 563
235.454 -144.708 563
234.494 -144.708 563
233.12 -144.451 562
197.569 -143.68 559
196.968 -143.937 560
196.013 -143.937 560
195.058 -143.937 560
194.797 -144.451 562
193.839 -144.451 562
192.881 -144.451 562
191.923 -144.451 562
190.965 -144.451 562
190.006 -144.451 562
189.048 -144.451 562
187.756 -144.194 561
187.132 -144.451 562
186.505 -144.708 563
185.875 -144.965 564
184.914 -144.965 564
183.952 -144.965 564
182.991 -144.965 564
182.352 -145.222 565
181.389 -145.222 565
180.426 -145.222 565
179.463 -145.222 565
178.499 -145.222 565
177.536 -145.222 565
176.573 -145.222 565
175.299 -144.965 564
174.338 -144.965 564
173.376 -144.965 564
172.415 -144.965 564
171.149 -144.708 563
170.189 -144.708 563
169.23 -144.708 563
168.27 -144.708 563
167.31 -144.708 563
166.35 -144.708 563
165.39 -144.708 563
164.139 -144.451 562
163.181 -144.451 562
162.511 -144.708 563
161.551 -144.708 563
160.877 -144.965 564
159.915 -144.965 564
159.236 -145.222 565
158.273 -145.222 565
157.588 -145.479 566
156.9 -145.736 567
155.933 -145.736 567
154.966 -145.736 567
154 -145.736 567
153.303 -145.993 568
152.335 -145.993 568
151.367 -145.993 568
150.663 -146.25 569
150.219 -146.764 571
149.246 -146.764 571
148.532 -147.021 572
148.331 -147.792 575
147.607 -148.049 576
146.625 -148.049 576
145.896 -148.306 577
144.912 -148.306 577
144.178 -148.563 578
143.193 -148.563 578
142.207 -148.563 578
141.466 -148.82 579
140.479 -148.82 579
139.492 -148.82 579
138.744 -149.077 580
137.993 -149.334 581
137.003 -149.334 581
136.246 -149.591 582
135.719 -150.105 584
134.723 -150.105 584
133.728 -150.105 584
132.96 -150.362 585
131.962 -150.362 585
131.413 -150.876 587
130.412 -150.876 587
129.411 -150.876 587
290.883 -133.249 515
290.005 -133.249 515
289.688 -133.508 516
288.809 -133.508 516
288.487 -133.766 517
288.162 -134.025 518
287.279 -134.025 518
286.396 -134.025 518
285.513 -134.025 518
284.63 -134.025 518
284.295 -134.284 519
283.41 -134.284 519
282.525 -134.284 519
282.183 -134.543 520
281.837 -134.801 521
280.949 -134.801 521
280.061 -134.801 521
279.709 -135.06 522
278.819 -135.06 522
278.994 -135.578 524
278.631 -135.836 525
278.265 -136.095 526
277.369 -136.095 526
276.998 -136.354 527
276.099 -136.354 527
275.723 -136.612 528
274.823 -136.612 528
273.923 -136.612 528
273.54 -136.871 529
272.638 -136.871 529
271.736 -136.871 529
270.834 -136.871 529
269.932 -136.871 529
269.539 -137.13 530
268.636 -137.13 530
267.732 -137.13 530
267.332 -137.389 531
266.427 -137.389 531
265.522 -137.389 531
265.115 -137.647 532
264.704 -137.906 533
264.291 -138.165 534
263.38 -138.165 534
262.962 -138.424 535
262.539 -138.682 536
261.626 -138.682 536
261.685 -139.2 538
260.768 -139.2 538
260.333 -139.459 539
259.415 -139.459 539
258.496 -139.459 539
258.055 -139.717 540
257.134 -139.717 540
256.214 -139.717 540
255.766 -139.976 541
254.844 -139.976 541
254.391 -140.235 542
253.467 -140.235 542
253.475 -140.752 544
253.011 -141.011 545
252.545 -141.27 546
252.075 -141.528 547
252.061 -142.046 549
251.582 -142.305 550
250.645 -142.305 550
249.707 -142.305 550
249.222 -142.563 551
248.733 -142.822 552
247.792 -142.822 552
246.851 -142.822 552
246.355 -143.081 553
245.413 -143.081 553
244.47 -143.081 553
243.527 -143.081 553
243.023 -143.34 554
242.516 -143.598 555
241.57 -143.598 555
241.057 -143.857 556
240.541 -144.116 557
240.452 -144.633 559
239.927 -144.892 560
238.973 -144.892 560
238.443 -145.151 561
237.487 -145.151 561
236.53 -145.151 561
236.414 -145.668 563
235.454 -145.668 563
234.494 -145.668 563
233.12 -145.41 562
197.922 -144.892 560
196.968 -144.892 560
196.363 -145.151 561
195.407 -145.151 561
195.143 -145.668 563
194.184 -145.668 563
193.224 -145.668 563
192.264 -145.668 563
191.304 -145.668 563
190.006 -145.41 562
189.048 -145.41 562
188.09 -145.41 562
187.132 -145.41 562
186.505 -145.668 563
185.875 -145.927 564
184.914 -145.927 564
183.952 -145.927 564
182.991 -145.927 564
182.029 -145.927 564
181.068 -145.927 564
180.426 -146.186 565
179.463 -146.186 565
178.499 -146.186 565
177.222 -145.927 564
176.26 -145.927 564
175.299 -145.927 564
174.338 -145.927 564
173.376 -145.927 564
172.415 -145.927 564
171.149 -145.668 563
170.189 -145.668 563
169.23 -145.668 563
168.27 -145.668 563
167.31 -145.668 563
166.35 -145.668 563
165.39 -145.668 563
164.431 -145.668 563
163.471 -145.668 563
162.511 -145.668 563
161.551 -145.668 563
160.877 -145.927 564
159.915 -145.927 564
159.236 -146.186 565
158.273 -146.186 565
157.588 -146.444 566
156.623 -146.444 566
155.658 -146.444 566
154.966 -146.703 567
154 -146.703 567
153.303 -146.962 568
152.335 -146.962 568
151.633 -147.221 569
150.928 -147.479 570
150.219 -147.738 571
149.246 -147.738 571
148.792 -148.256 573
148.589 -149.032 576
147.863 -149.291 577
146.879 -149.291 577
145.896 -149.291 577
145.163 -149.549 578
144.178 -149.549 578
143.193 -149.549 578
142.453 -149.808 579
141.466 -149.808 579
140.479 -149.808 579
139.492 -149.808 579
138.744 -150.067 580
137.993 -150.325 581
137.003 -150.325 581
136.246 -150.584 582
135.719 -151.102 584
134.723 -151.102 584
133.728 -151.102 584
132.96 -151.36 585
131.962 -151.36 585
131.413 -151.878 587
130.412 -151.878 587
129.411 -151.878 587
290.318 -133.867 514
290.005 -134.128 515
289.688 -134.388 516
288.809 -134.388 516
287.929 -134.388 516
287.606 -134.648 517
287.279 -134.909 518
286.396 -134.909 518
285.513 -134.909 518
284.63 -134.909 518
284.295 -135.169 519
283.41 -135.169 519
282.525 -135.169 519
282.183 -135.43 520
281.837 -135.69 521
280.949 -135.69 521
280.061 -135.69 521
279.709 -135.951 522
278.819 -135.951 522
278.994 -136.472 524
278.631 -136.732 525
278.265 -136.992 526
277.369 -136.992 526
276.998 -137.253 527
276.099 -137.253 527
275.723 -137.513 528
274.823 -137.513 528
273.923 -137.513 528
273.54 -137.774 529
272.638 -137.774 529
271.736 -137.774 529
270.834 -137.774 529
269.932 -137.774 529
269.539 -138.034 530
268.636 -138.034 530
267.732 -138.034 530
267.332 -138.295 531
266.427 -138.295 531
265.522 -138.295 531
265.115 -138.555 532
264.704 -138.816 533
264.291 -139.076 534
263.38 -139.076 534
262.962 -139.336 535
262.539 -139.597 536
261.626 -139.597 536
261.685 -140.118 538
260.768 -140.118 538
260.333 -140.378 539
259.415 -140.378 539
258.496 -140.378 539
258.055 -140.639 540
257.134 -140.639 540
256.214 -140.639 540
255.293 -140.639 540
254.844 -140.899 541
254.391 -141.16 542
253.467 -141.16 542
252.543 -141.16 542
252.547 -141.68 544
252.545 -142.201 546
251.614 -142.201 546
251.142 -142.462 547
251.125 -142.983 549
250.189 -142.983 549
249.707 -143.243 550
249.222 -143.503 551
248.733 -143.764 552
247.792 -143.764 552
246.851 -143.764 552
246.355 -144.024 553
245.413 -144.024 553
244.47 -144.024 553
243.527 -144.024 553
243.023 -144.285 554
242.516 -144.545 555
241.57 -144.545 555
241.057 -144.806 556
240.541 -145.066 557
240.452 -145.587 559
239.499 -145.587 559
238.973 -145.847 560
238.018 -145.847 560
237.063 -145.847 560
236.109 -145.847 560
235.994 -146.368 562
235.036 -146.368 562
234.078 -146.368 562
233.12 -146.368 562
232.161 -146.368 562
231.203 -146.368 562
197.922 -145.847 560
196.968 -145.847 560
196.363 -146.108 561
195.407 -146.108 561
195.143 -146.629 563
194.184 -146.629 563
193.224 -146.629 563
192.264 -146.629 563
191.304 -146.629 563
190.006 -146.368 562
189.048 -146.368 562
188.09 -146.368 562
187.132 -146.368 562
186.505 -146.629 563
185.875 -146.889 564
184.914 -146.889 564
183.952 -146.889 564
182.991 -146.889 564
182.029 -146.889 564
181.068 -146.889 564
180.426 -147.15 565
179.463 -147.15 565
178.499 -147.15 565
177.222 -146.889 564
176.26 -146.889 564
175.299 -146.889 564
174.338 -146.889 564
173.376 -146.889 564
172.415 -146.889 564
171.149 -146.629 563
170.189 -146.629 563
169.23 -146.629 563
168.27 -146.629 563
167.31 -146.629 563
166.35 -146.629 563
165.39 -146.629 563
164.431 -146.629 563
163.471 -146.629 563
162.8 -146.889 564
161.838 -146.889 564
160.877 -146.889 564
159.915 -146.889 564
159.236 -147.15 565
158.273 -147.15 565
157.588 -147.41 566
156.623 -147.41 566
155.658 -147.41 566
154.966 -147.671 567
154 -147.671 567
153.303 -147.931 568
152.335 -147.931 568
151.633 -148.191 569
150.928 -148.452 570
150.219 -148.712 571
149.246 -148.712 571
148.792 -149.233 573
148.589 -150.015 576
147.863 -150.275 577
146.879 -150.275 577
145.896 -150.275 577
145.163 -150.535 578
144.178 -150.535 578
143.193 -150.535 578
142.453 -150.796 579
141.466 -150.796 579
140.479 -150.796 579
139.492 -150.796 579
138.744 -151.056 580
137.993 -151.317 581
137.003 -151.317 581
136.246 -151.577 582
135.719 -152.098 584
134.723 -152.098 584
133.728 -152.098 584
132.96 -152.358 585
131.962 -152.358 585
130.965 -152.358 585
129.968 -152.358 585
128.97 -152.358 585
290.318 -134.744 514
290.005 -135.006 515
289.127 -135.006 515
288.249 -135.006 515
287.929 -135.268 516
287.606 -135.531 517
286.724 -135.531 517
285.843 -135.531 517
285.513 -135.793 518
284.63 -135.793 518
284.295 -136.055 519
283.41 -136.055 519
282.525 -136.055 519
281.64 -136.055 519
281.837 -136.579 521
280.949 -136.579 521
280.061 -136.579 521
279.709 -136.841 522
278.819 -136.841 522
278.994 -137.366 524
278.631 -137.628 525
277.736 -137.628 525
276.841 -137.628 525
276.472 -137.89 526
276.099 -138.152 527
275.201 -138.152 527
274.302 -138.152 527
273.923 -138.414 528
273.023 -138.414 528
272.638 -138.676 529
271.736 -138.676 529
270.834 -138.676 529
269.932 -138.676 529
269.539 -138.938 530
268.636 -138.938 530
267.732 -138.938 530
266.829 -138.938 530
266.427 -139.201 531
265.522 -139.201 531
265.115 -139.463 532
264.208 -139.463 532
263.301 -139.463 532
263.38 -139.987 534
262.962 -140.249 535
262.539 -140.511 536
261.626 -140.511 536
261.685 -141.036 538
260.768 -141.036 538
260.333 -141.298 539
259.415 -141.298 539
258.496 -141.298 539
258.055 -141.56 540
257.134 -141.56 540
256.214 -141.56 540
255.293 -141.56 540
254.844 -141.822 541
254.391 -142.084 542
253.467 -142.084 542
252.543 -142.084 542
252.547 -142.609 544
252.545 -143.133 546
251.614 -143.133 546
251.142 -143.395 547
251.125 -143.919 549
250.189 -143.919 549
249.707 -144.181 550
249.222 -144.444 551
248.733 -144.706 552
247.792 -144.706 552
246.851 -144.706 552
246.355 -144.968 553
245.413 -144.968 553
244.47 -144.968 553
243.527 -144.968 553
243.023 -145.23 554
242.516 -145.492 555
241.57 -145.492 555
241.057 -145.754 556
240.541 -146.016 557
239.591 -146.016 557
239.499 -146.541 559
238.546 -146.541 559
238.018 -146.803 560
237.063 -146.803 560
236.53 -147.065 561
235.994 -147.327 562
235.036 -147.327 562
234.078 -147.327 562
233.949 -147.851 564
233.401 -148.114 565
232.438 -148.114 565
231.474 -148.114 565
230.511 -148.114 565
197.922 -146.803 560
196.968 -146.803 560
196.363 -147.065 561
195.407 -147.065 561
195.49 -147.851 564
194.529 -147.851 564
193.567 -147.851 564
192.606 -147.851 564
191.304 -147.589 563
190.345 -147.589 563
189.385 -147.589 563
188.09 -147.327 562
187.132 -147.327 562
186.505 -147.589 563
185.875 -147.851 564
184.914 -147.851 564
183.952 -147.851 564
182.991 -147.851 564
182.029 -147.851 564
181.068 -147.851 564
180.106 -147.851 564
179.145 -147.851 564
178.183 -147.851 564
177.222 -147.851 564
176.26 -147.851 564
175.299 -147.851 564
174.338 -147.851 564
173.376 -147.851 564
172.415 -147.851 564
171.149 -147.589 563
170.189 -147.589 563
169.23 -147.589 563
168.27 -147.589 563
167.31 -147.589 563
166.35 -147.589 563
165.39 -147.589 563
164.431 -147.589 563
163.471 -147.589 563
162.8 -147.851 564
161.838 -147.851 564
160.877 -147.851 564
160.199 -148.114 565
159.236 -148.114 565
158.273 -148.114 565
157.588 -148.376 566
156.623 -148.376 566
155.658 -148.376 566
154.966 -148.638 567
154 -148.638 567
153.303 -148.9 568
152.335 -148.9 568
151.633 -149.162 569
150.928 -149.424 570
150.219 -149.686 571
149.246 -149.686 571
148.792 -150.211 573
148.589 -150.997 576
147.863 -151.259 577
146.879 -151.259 577
145.896 -151.259 577
145.163 -151.522 578
144.178 -151.522 578
143.193 -151.522 578
142.453 -151.784 579
141.466 -151.784 579
140.479 -151.784 579
139.492 -151.784 579
138.744 -152.046 580
137.993 -152.308 581
137.003 -152.308 581
136.48 -152.832 583
135.719 -153.094 584
134.954 -153.357 585
133.957 -153.357 585
132.96 -153.357 585
131.962 -153.357 585
130.965 -153.357 585
129.968 -153.357 585
128.97 -153.357 585
290.318 -135.621 514
289.442 -135.621 514
289.127 -135.885 515
288.249 -135.885 515
287.929 -136.149 516
287.05 -136.149 516
286.724 -136.413 517
285.843 -136.413 517
284.962 -136.413 517
284.63 -136.676 518
284.295 -136.94 519
283.41 -136.94 519
282.525 -136.94 519
281.64 -136.94 519
281.296 -137.204 520
280.41 -137.204 520
280.061 -137.468 521
279.709 -137.732 522
278.819 -137.732 522
278.461 -137.996 523
278.101 -138.26 524
277.736 -138.523 525
276.841 -138.523 525
276.472 -138.787 526
275.575 -138.787 526
275.201 -139.051 527
274.302 -139.051 527
273.923 -139.315 528
273.023 -139.315 528
272.123 -139.315 528
271.222 -139.315 528
270.834 -139.579 529
269.932 -139.579 529
269.539 -139.843 530
268.636 -139.843 530
267.732 -139.843 530
266.829 -139.843 530
266.427 -140.107 531
265.522 -140.107 531
265.115 -140.37 532
264.704 -140.634 533
263.796 -140.634 533
263.38 -140.898 534
262.962 -141.162 535
262.05 -141.162 535
261.138 -141.162 535
261.198 -141.69 537
260.768 -141.953 538
259.85 -141.953 538
258.933 -141.953 538
258.496 -142.217 539
257.577 -142.217 539
257.134 -142.481 540
256.214 -142.481 540
255.293 -142.481 540
254.844 -142.745 541
254.391 -143.009 542
253.467 -143.009 542
252.543 -143.009 542
252.083 -143.273 543
251.62 -143.537 544
250.692 -143.537 544
251.142 -144.328 547
250.667 -144.592 548
249.733 -144.592 548
249.707 -145.12 550
249.222 -145.384 551
248.282 -145.384 551
247.343 -145.384 551
246.851 -145.647 552
245.91 -145.647 552
245.413 -145.911 553
244.47 -145.911 553
243.527 -145.911 553
243.023 -146.175 554
242.516 -146.439 555
241.57 -146.439 555
241.057 -146.703 556
240.541 -146.967 557
239.591 -146.967 557
239.499 -147.494 559
238.546 -147.494 559
238.018 -147.758 560
237.063 -147.758 560
236.53 -148.022 561
235.994 -148.286 562
235.036 -148.286 562
234.078 -148.286 562
233.949 -148.814 564
233.401 -149.078 565
232.438 -149.078 565
231.474 -149.078 565
231.327 -149.605 567
230.361 -149.605 567
229.394 -149.605 567
228.427 -149.605 567
195.49 -148.814 564
194.529 -148.814 564
193.567 -148.814 564
192.606 -148.814 564
191.644 -148.814 564
190.683 -148.814 564
189.721 -148.814 564
188.425 -148.55 563
187.465 -148.55 563
186.505 -148.55 563
185.546 -148.55 563
184.586 -148.55 563
183.626 -148.55 563
182.991 -148.814 564
182.029 -148.814 564
181.068 -148.814 564
180.106 -148.814 564
179.145 -148.814 564
178.183 -148.814 564
177.222 -148.814 564
176.26 -148.814 564
175.299 -148.814 564
174.338 -148.814 564
173.376 -148.814 564
172.415 -148.814 564
171.149 -148.55 563
170.189 -148.55 563
169.23 -148.55 563
168.27 -148.55 563
167.31 -148.55 563
166.35 -148.55 563
165.39 -148.55 563
164.431 -148.55 563
163.761 -148.814 564
162.8 -148.814 564
161.838 -148.814 564
160.877 -148.814 564
160.199 -149.078 565
159.236 -149.078 565
158.273 -149.078 565
157.588 -149.341 566
156.623 -149.341 566
155.658 -149.341 566
154.966 -149.605 567
154 -149.605 567
153.303 -149.869 568
152.335 -149.869 568
151.367 -149.869 568
150.663 -150.133 569
150.219 -150.661 571
149.246 -150.661 571
148.792 -151.188 573
148.331 -151.716 575
147.607 -151.98 576
146.625 -151.98 576
145.896 -152.244 577
144.912 -152.244 577
143.929 -152.244 577
143.193 -152.508 578
142.453 -152.771 579
141.466 -152.771 579
140.479 -152.771 579
139.492 -152.771 579
138.744 -153.035 580
138.231 -153.563 582
137.238 -153.563 582
136.715 -154.091 584
135.719 -154.091 584
134.954 -154.355 585
133.957 -154.355 585
132.96 -154.355 585
131.962 -154.355 585
130.965 -154.355 585
129.968 -154.355 585
128.97 -154.355 585
290.318 -136.498 514
289.442 -136.498 514
289.127 -136.763 515
288.249 -136.763 515
287.929 -137.029 516
287.05 -137.029 516
286.724 -137.295 517
285.843 -137.295 517
284.962 -137.295 517
284.63 -137.56 518
284.295 -137.826 519
283.41 -137.826 519
282.525 -137.826 519
281.64 -137.826 519
281.296 -138.091 520
280.41 -138.091 520
280.061 -138.357 521
279.709 -138.622 522
278.819 -138.622 522
278.461 -138.888 523
278.101 -139.154 524
277.736 -139.419 525
276.841 -139.419 525
276.472 -139.685 526
275.575 -139.685 526
275.201 -139.95 527
274.302 -139.95 527
273.404 -139.95 527
273.023 -140.216 528
272.123 -140.216 528
271.222 -140.216 528
270.834 -140.481 529
269.932 -140.481 529
269.539 -140.747 530
268.636 -140.747 530
267.732 -140.747 530
266.829 -140.747 530
266.427 -141.012 531
265.522 -141.012 531
265.115 -141.278 532
264.704 -141.544 533
263.796 -141.544 533
263.38 -141.809 534
262.47 -141.809 534
262.05 -142.075 535
261.138 -142.075 535
261.198 -142.606 537
260.768 -142.871 538
259.85 -142.871 538
258.933 -142.871 538
258.496 -143.137 539
258.055 -143.402 540
257.134 -143.402 540
256.214 -143.402 540
255.293 -143.402 540
254.844 -143.668 541
254.391 -143.934 542
253.467 -143.934 542
252.543 -143.934 542
252.083 -144.199 543
251.62 -144.465 544
250.692 -144.465 544
251.142 -145.261 547
250.667 -145.527 548
249.733 -145.527 548
249.253 -145.793 549
249.222 -146.324 551
248.282 -146.324 551
247.343 -146.324 551
246.851 -146.589 552
245.91 -146.589 552
244.969 -146.589 552
244.028 -146.589 552
243.527 -146.855 553
243.023 -147.12 554
242.079 -147.12 554
241.134 -147.12 554
241.057 -147.651 556
240.109 -147.651 556
239.161 -147.651 556
239.07 -148.183 558
238.546 -148.448 559
238.018 -148.714 560
237.063 -148.714 560
236.53 -148.979 561
235.994 -149.245 562
235.036 -149.245 562
234.078 -149.245 562
233.949 -149.776 564
233.401 -150.042 565
232.438 -150.042 565
231.474 -150.042 565
231.327 -150.573 567
230.361 -150.573 567
229.394 -150.573 567
228.427 -150.573 567
195.49 -149.776 564
195.218 -150.307 566
194.253 -150.307 566
193.289 -150.307 566
192.324 -150.307 566
191.021 -150.042 565
190.058 -150.042 565
188.76 -149.776 564
187.465 -149.51 563
186.505 -149.51 563
185.875 -149.776 564
184.914 -149.776 564
183.952 -149.776 564
182.991 -149.776 564
182.029 -149.776 564
181.068 -149.776 564
180.106 -149.776 564
179.145 -149.776 564
178.183 -149.776 564
177.222 -149.776 564
176.26 -149.776 564
175.299 -149.776 564
174.338 -149.776 564
173.376 -149.776 564
172.415 -149.776 564
171.149 -149.51 563
170.189 -149.51 563
169.23 -149.51 563
168.27 -149.51 563
167.31 -149.51 563
166.35 -149.51 563
165.39 -149.51 563
164.431 -149.51 563
163.761 -149.776 564
162.8 -149.776 564
161.838 -149.776 564
160.877 -149.776 564
160.199 -150.042 565
159.236 -150.042 565
158.273 -150.042 565
157.588 -150.307 566
156.623 -150.307 566
155.658 -150.307 566
154.966 -150.573 567
154 -150.573 567
153.033 -150.573 567
152.067 -150.573 567
151.367 -150.838 568
150.663 -151.104 569
149.956 -151.369 570
148.984 -151.369 570
148.272 -151.635 571
148.073 -152.432 574
147.351 -152.697 575
146.37 -152.697 575
145.643 -152.963 576
144.912 -153.228 577
143.929 -153.228 577
143.193 -153.494 578
142.453 -153.759 579
141.466 -153.759 579
140.479 -153.759 579
139.492 -153.759 579
138.744 -154.025 580
138.231 -154.556 582
137.238 -154.556 582
136.715 -155.087 584
135.719 -155.087 584
134.954 -155.353 585
133.957 -155.353 585
132.96 -155.353 585
131.962 -155.353 585
130.965 -155.353 585
290.318 -137.375 514
289.442 -137.375 514
289.127 -137.642 515
288.249 -137.642 515
287.371 -137.642 515
287.05 -137.909 516
286.724 -138.177 517
285.843 -138.177 517
284.962 -138.177 517
284.63 -138.444 518
284.295 -138.711 519
283.41 -138.711 519
282.525 -138.711 519
281.64 -138.711 519
281.296 -138.978 520
280.41 -138.978 520
280.061 -139.246 521
279.173 -139.246 521
278.285 -139.246 521
277.929 -139.513 522
277.57 -139.78 523
277.207 -140.048 524
276.314 -140.048 524
275.946 -140.315 525
275.575 -140.582 526
275.201 -140.849 527
274.302 -140.849 527
273.404 -140.849 527
273.023 -141.117 528
272.123 -141.117 528
271.222 -141.117 528
270.834 -141.384 529
269.932 -141.384 529
269.539 -141.651 530
268.636 -141.651 530
267.732 -141.651 530
266.829 -141.651 530
266.427 -141.918 531
265.522 -141.918 531
265.115 -142.186 532
264.704 -142.453 533
263.796 -142.453 533
263.38 -142.72 534
262.47 -142.72 534
262.05 -142.987 535
261.138 -142.987 535
261.198 -143.522 537
260.768 -143.789 538
259.85 -143.789 538
258.933 -143.789 538
258.496 -144.057 539
258.055 -144.324 540
257.134 -144.324 540
256.214 -144.324 540
255.293 -144.324 540
254.844 -144.591 541
254.391 -144.858 542
253.467 -144.858 542
252.543 -144.858 542
252.083 -145.126 543
251.62 -145.393 544
250.692 -145.393 544
250.224 -145.66 545
250.667 -146.462 548
249.733 -146.462 548
249.253 -146.729 549
248.769 -146.996 550
248.282 -147.264 551
247.343 -147.264 551
246.404 -147.264 551
245.91 -147.531 552
244.969 -147.531 552
244.028 -147.531 552
243.087 -147.531 552
242.584 -147.798 553
242.079 -148.066 554
241.134 -148.066 554
240.623 -148.333 555
240.109 -148.6 556
239.161 -148.6 556
239.07 -149.135 558
238.119 -149.135 558
237.593 -149.402 559
236.64 -149.402 559
236.53 -149.936 561
235.574 -149.936 561
235.036 -150.204 562
234.078 -150.204 562
233.949 -150.738 564
232.988 -150.738 564
232.438 -151.005 565
231.474 -151.005 565
231.327 -151.54 567
230.361 -151.54 567
229.394 -151.54 567
228.427 -151.54 567
227.461 -151.54 567
195.218 -151.273 566
194.253 -151.273 566
193.289 -151.273 566
192.324 -151.273 566
191.021 -151.005 565
190.058 -151.005 565
188.76 -150.738 564
187.465 -150.471 563
186.505 -150.471 563
185.875 -150.738 564
184.914 -150.738 564
183.952 -150.738 564
182.991 -150.738 564
182.029 -150.738 564
181.068 -150.738 564
180.106 -150.738 564
179.145 -150.738 564
178.183 -150.738 564
177.222 -150.738 564
176.26 -150.738 564
175.299 -150.738 564
174.338 -150.738 564
173.376 -150.738 564
172.415 -150.738 564
171.149 -150.471 563
170.189 -150.471 563
169.23 -150.471 563
168.27 -150.471 563
167.31 -150.471 563
166.35 -150.471 563
165.39 -150.471 563
164.723 -150.738 564
163.761 -150.738 564
162.8 -150.738 564
161.838 -150.738 564
161.162 -151.005 565
160.199 -151.005 565
159.236 -151.005 565
158.273 -151.005 565
157.588 -151.273 566
156.623 -151.273 566
155.658 -151.273 566
154.966 -151.54 567
154 -151.54 567
153.033 -151.54 567
152.067 -151.54 567
151.367 -151.807 568
150.398 -151.807 568
149.693 -152.075 569
148.723 -152.075 569
148.272 -152.609 571
148.073 -153.411 574
147.607 -153.945 576
146.625 -153.945 576
145.896 -154.213 577
144.912 -154.213 577
143.929 -154.213 577
143.193 -154.48 578
142.453 -154.747 579
141.466 -154.747 579
140.479 -154.747 579
139.492 -154.747 579
138.744 -155.014 580
138.231 -155.549 582
137.238 -155.549 582
136.715 -156.084 584
135.951 -156.351 585
135.185 -156.618 586
134.186 -156.618 586
133.187 -156.618 586
289.753 -137.983 513
289.442 -138.252 514
288.566 -138.252 514
287.689 -138.252 514
287.371 -138.521 515
287.05 -138.79 516
286.724 -139.059 517
285.843 -139.059 517
284.962 -139.059 517
284.63 -139.328 518
284.295 -139.597 519
283.41 -139.597 519
282.525 -139.597 519
281.64 -139.597 519
281.296 -139.866 520
280.41 -139.866 520
280.061 -140.135 521
279.173 -140.135 521
278.285 -140.135 521
277.929 -140.404 522
277.57 -140.673 523
276.678 -140.673 523
275.787 -140.673 523
275.421 -140.942 524
275.051 -141.211 525
274.679 -141.479 526
273.782 -141.479 526
273.404 -141.748 527
272.506 -141.748 527
272.123 -142.017 528
271.222 -142.017 528
270.322 -142.017 528
269.932 -142.286 529
269.539 -142.555 530
268.636 -142.555 530
267.732 -142.555 530
266.829 -142.555 530
266.427 -142.824 531
265.522 -142.824 531
265.115 -143.093 532
264.704 -143.362 533
263.796 -143.362 533
263.38 -143.631 534
262.47 -143.631 534
262.05 -143.9 535
261.138 -143.9 535
261.198 -144.438 537
260.768 -144.707 538
259.85 -144.707 538
258.933 -144.707 538
258.496 -144.976 539
258.055 -145.245 540
257.134 -145.245 540
256.214 -145.245 540
255.293 -145.245 540
254.844 -145.514 541
254.391 -145.783 542
253.467 -145.783 542
252.543 -145.783 542
252.083 -146.052 543
251.62 -146.321 544
250.692 -146.321 544
250.224 -146.59 545
250.667 -147.397 548
249.733 -147.397 548
249.253 -147.666 549
248.769 -147.935 550
248.282 -148.204 551
247.343 -148.204 551
246.404 -148.204 551
245.91 -148.473 552
244.969 -148.473 552
244.028 -148.473 552
243.087 -148.473 552
242.584 -148.742 553
242.079 -149.011 554
241.134 -149.011 554
240.623 -149.28 555
240.109 -149.549 556
239.161 -149.549 556
238.642 -149.818 557
238.119 -150.087 558
237.593 -150.356 559
236.64 -150.356 559
235.687 -150.356 559
235.574 -150.894 561
235.036 -151.162 562
234.078 -151.162 562
233.534 -151.431 563
232.988 -151.7 564
232.438 -151.969 565
231.474 -151.969 565
230.919 -152.238 566
230.361 -152.507 567
229.394 -152.507 567
228.427 -152.507 567
227.461 -152.507 567
195.563 -152.507 567
194.597 -152.507 567
193.63 -152.507 567
192.324 -152.238 566
191.021 -151.969 565
190.058 -151.969 565
188.76 -151.7 564
187.465 -151.431 563
186.505 -151.431 563
185.875 -151.7 564
184.914 -151.7 564
183.952 -151.7 564
182.991 -151.7 564
182.029 -151.7 564
181.068 -151.7 564
180.106 -151.7 564
179.145 -151.7 564
178.183 -151.7 564
177.222 -151.7 564
176.26 -151.7 564
175.299 -151.7 564
174.338 -151.7 564
173.376 -151.7 564
172.109 -151.431 563
171.149 -151.431 563
170.189 -151.431 563
169.23 -151.431 563
168.27 -151.431 563
167.31 -151.431 563
166.35 -151.431 563
165.39 -151.431 563
164.723 -151.7 564
163.761 -151.7 564
162.8 -151.7 564
161.838 -151.7 564
161.162 -151.969 565
160.199 -151.969 565
159.236 -151.969 565
158.273 -151.969 565
157.588 -152.238 566
156.623 -152.238 566
155.658 -152.238 566
154.966 -152.507 567
154 -152.507 567
153.033 -152.507 567
152.067 -152.507 567
151.367 -152.776 568
150.398 -152.776 568
149.693 -153.045 569
148.723 -153.045 569
148.532 -153.852 572
148.073 -154.39 574
147.607 -154.928 576
146.625 -154.928 576
145.896 -155.197 577
144.912 -155.197 577
143.929 -155.197 577
143.193 -155.466 578
142.453 -155.735 579
141.466 -155.735 579
140.479 -155.735 579
139.492 -155.735 579
138.744 -156.004 580
138.231 -156.542 582
137.238 -156.542 582
136.715 -157.08 584
135.951 -157.349 585
135.185 -157.618 586
134.186 -157.618 586
133.187 -157.618 586
289.753 -138.858 513
289.442 -139.129 514
288.566 -139.129 514
287.689 -139.129 514
287.371 -139.399 515
287.05 -139.67 516
286.724 -139.941 517
285.843 -139.941 517
284.962 -139.941 517
284.08 -139.941 517
283.747 -140.211 518
282.864 -140.211 518
282.525 -140.482 519
281.64 -140.482 519
281.296 -140.753 520
280.41 -140.753 520
279.524 -140.753 520
279.173 -141.023 521
278.285 -141.023 521
277.929 -141.294 522
277.039 -141.294 522
276.678 -141.565 523
275.787 -141.565 523
275.421 -141.836 524
275.051 -142.106 525
274.679 -142.377 526
273.782 -142.377 526
272.885 -142.377 526
272.506 -142.648 527
271.607 -142.648 527
270.709 -142.648 527
270.322 -142.918 528
269.932 -143.189 529
269.539 -143.46 530
268.636 -143.46 530
267.732 -143.46 530
266.829 -143.46 530
266.427 -143.73 531
265.522 -143.73 531
265.115 -144.001 532
264.208 -144.001 532
263.301 -144.001 532
262.887 -144.272 533
262.47 -144.542 534
262.05 -144.813 535
261.138 -144.813 535
261.198 -145.354 537
260.768 -145.625 538
259.85 -145.625 538
258.933 -145.625 538
258.496 -145.896 539
258.055 -146.166 540
257.134 -146.166 540
256.214 -146.166 540
255.293 -146.166 540
254.844 -146.437 541
253.921 -146.437 541
252.999 -146.437 541
252.543 -146.708 542
251.619 -146.708 542
251.157 -146.978 543
250.232 -146.978 543
249.765 -147.249 544
249.753 -147.79 546
248.822 -147.79 546
248.799 -148.332 548
248.317 -148.602 549
247.832 -148.873 550
246.894 -148.873 550
246.404 -149.144 551
245.464 -149.144 551
244.969 -149.415 552
244.028 -149.415 552
243.087 -149.415 552
242.584 -149.685 553
242.079 -149.956 554
241.134 -149.956 554
240.623 -150.227 555
240.109 -150.497 556
239.161 -150.497 556
238.642 -150.768 557
238.119 -151.039 558
237.593 -151.309 559
236.64 -151.309 559
235.687 -151.309 559
235.574 -151.851 561
235.036 -152.121 562
234.078 -152.121 562
233.534 -152.392 563
232.988 -152.663 564
232.438 -152.933 565
231.474 -152.933 565
230.919 -153.204 566
230.361 -153.475 567
229.394 -153.475 567
228.427 -153.475 567
227.461 -153.475 567
195.563 -153.475 567
194.597 -153.475 567
193.63 -153.475 567
192.664 -153.475 567
191.697 -153.475 567
190.058 -152.933 565
188.76 -152.663 564
187.798 -152.663 564
186.505 -152.392 563
185.875 -152.663 564
184.914 -152.663 564
183.952 -152.663 564
182.991 -152.663 564
182.029 -152.663 564
181.068 -152.663 564
180.106 -152.663 564
179.145 -152.663 564
178.183 -152.663 564
177.222 -152.663 564
176.26 -152.663 564
175.299 -152.663 564
174.338 -152.663 564
173.069 -152.392 563
172.109 -152.392 563
171.149 -152.392 563
170.189 -152.392 563
169.23 -152.392 563
168.27 -152.392 563
167.31 -152.392 563
166.35 -152.392 563
165.684 -152.663 564
164.723 -152.663 564
163.761 -152.663 564
162.8 -152.663 564
162.125 -152.933 565
161.162 -152.933 565
160.199 -152.933 565
159.236 -152.933 565
158.273 -152.933 565
157.588 -153.204 566
156.623 -153.204 566
155.658 -153.204 566
154.966 -153.475 567
154 -153.475 567
153.033 -153.475 567
152.067 -153.475 567
151.367 -153.745 568
150.398 -153.745 568
149.693 -154.016 569
148.723 -154.016 569
148.532 -154.828 572
148.073 -155.369 574
147.607 -155.911 576
146.625 -155.911 576
145.896 -156.181 577
144.912 -156.181 577
143.929 -156.181 577
143.193 -156.452 578
142.453 -156.723 579
141.466 -156.723 579
140.479 -156.723 579
139.492 -156.723 579
138.744 -156.994 580
138.231 -157.535 582
137.238 -157.535 582
136.715 -158.076 584
135.951 -158.347 585
135.185 -158.618 586
134.186 -158.618 586
133.187 -158.618 586
289.753 -139.733 513
289.442 -140.006 514
288.566 -140.006 514
287.689 -140.006 514
287.371 -140.278 515
287.05 -140.55 516
286.724 -140.823 517
285.843 -140.823 517
284.962 -140.823 517
284.63 -141.095 518
283.747 -141.095 518
282.864 -141.095 518
282.525 -141.368 519
281.64 -141.368 519
281.296 -141.64 520
280.41 -141.64 520
279.524 -141.64 520
279.173 -141.912 521
278.285 -141.912 521
277.929 -142.185 522
277.039 -142.185 522
276.678 -142.457 523
275.787 -142.457 523
275.421 -142.73 524
275.051 -143.002 525
274.156 -143.002 525
273.261 -143.002 525
272.885 -143.274 526
272.506 -143.547 527
271.607 -143.547 527
270.709 -143.547 527
270.322 -143.819 528
269.422 -143.819 528
269.031 -144.091 529
268.129 -144.091 529
267.732 -144.364 530
266.829 -144.364 530
266.427 -144.636 531
265.522 -144.636 531
264.616 -144.636 531
264.208 -144.909 532
263.301 -144.909 532
262.887 -145.181 533
262.47 -145.453 534
261.56 -145.453 534
260.649 -145.453 534
260.712 -145.998 536
260.283 -146.271 537
259.85 -146.543 538
258.933 -146.543 538
258.496 -146.815 539
257.577 -146.815 539
257.134 -147.088 540
256.214 -147.088 540
255.293 -147.088 540
254.844 -147.36 541
253.921 -147.36 541
252.999 -147.36 541
252.077 -147.36 541
251.619 -147.632 542
251.157 -147.905 543
250.232 -147.905 543
249.306 -147.905 543
248.838 -148.177 544
247.91 -148.177 544
248.345 -148.994 547
247.865 -149.267 548
247.832 -149.812 550
246.894 -149.812 550
246.404 -150.084 551
245.464 -150.084 551
244.969 -150.356 552
244.028 -150.356 552
243.087 -150.356 552
242.584 -150.629 553
241.642 -150.629 553
240.699 -150.629 553
240.19 -150.901 554
239.677 -151.173 555
238.731 -151.173 555
238.642 -151.718 557
237.692 -151.718 557
237.168 -151.991 558
236.217 -151.991 558
235.687 -152.263 559
235.154 -152.535 560
234.617 -152.808 561
233.661 -152.808 561
233.12 -153.08 562
232.988 -153.625 564
232.438 -153.897 565
231.474 -153.897 565
230.919 -154.17 566
230.361 -154.442 567
229.394 -154.442 567
228.427 -154.442 567
227.461 -154.442 567
195.563 -154.442 567
194.597 -154.442 567
193.63 -154.442 567
192.664 -154.442 567
191.697 -154.442 567
190.058 -153.897 565
188.76 -153.625 564
187.798 -153.625 564
186.505 -153.353 563
185.875 -153.625 564
184.914 -153.625 564
183.952 -153.625 564
182.991 -153.625 564
182.029 -153.625 564
181.068 -153.625 564
180.106 -153.625 564
179.145 -153.625 564
178.183 -153.625 564
177.222 -153.625 564
176.26 -153.625 564
175.299 -153.625 564
174.338 -153.625 564
173.069 -153.353 563
172.109 -153.353 563
171.149 -153.353 563
170.189 -153.353 563
169.53 -153.625 564
168.569 -153.625 564
167.607 -153.625 564
166.646 -153.625 564
165.684 -153.625 564
164.723 -153.625 564
163.761 -153.625 564
162.8 -153.625 564
162.125 -153.897 565
161.162 -153.897 565
160.199 -153.897 565
159.236 -153.897 565
158.553 -154.17 566
157.588 -154.17 566
156.623 -154.17 566
155.658 -154.17 566
154.966 -154.442 567
154 -154.442 567
153.033 -154.442 567
152.067 -154.442 567
151.1 -154.442 567
150.398 -154.714 568
149.693 -154.987 569
148.723 -154.987 569
148.532 -155.804 572
148.331 -156.621 575
147.351 -156.621 575
146.625 -156.894 576
145.896 -157.166 577
144.912 -157.166 577
143.929 -157.166 577
143.193 -157.438 578
142.453 -157.711 579
141.466 -157.711 579
140.479 -157.711 579
139.492 -157.711 579
138.744 -157.983 580
137.993 -158.255 581
137.003 -158.255 581
136.012 -158.255 581
289.188 -140.334 512
288.879 -140.609 513
288.566 -140.883 514
287.689 -140.883 514
287.371 -141.157 515
287.05 -141.431 516
286.724 -141.705 517
285.843 -141.705 517
284.962 -141.705 517
284.63 -141.979 518
283.747 -141.979 518
282.864 -141.979 518
282.525 -142.253 519
281.64 -142.253 519
280.756 -142.253 519
280.41 -142.527 520
279.524 -142.527 520
279.173 -142.801 521
278.285 -142.801 521
277.397 -142.801 521
277.039 -143.075 522
276.149 -143.075 522
275.259 -143.075 522
274.895 -143.349 523
274.527 -143.624 524
274.156 -143.898 525
273.261 -143.898 525
272.885 -144.172 526
272.506 -144.446 527
271.607 -144.446 527
270.709 -144.446 527
270.322 -144.72 528
269.422 -144.72 528
269.031 -144.994 529
268.129 -144.994 529
267.732 -145.268 530
266.829 -145.268 530
266.427 -145.542 531
265.522 -145.542 531
264.616 -145.542 531
264.208 -145.816 532
263.301 -145.816 532
262.887 -146.09 533
262.47 -146.364 534
261.56 -146.364 534
260.649 -146.364 534
260.712 -146.913 536
260.283 -147.187 537
259.85 -147.461 538
258.933 -147.461 538
258.496 -147.735 539
257.577 -147.735 539
257.134 -148.009 540
256.214 -148.009 540
255.293 -148.009 540
254.844 -148.283 541
253.921 -148.283 541
252.999 -148.283 541
252.077 -148.283 541
251.619 -148.557 542
250.695 -148.557 542
249.771 -148.557 542
249.306 -148.831 543
248.838 -149.105 544
247.91 -149.105 544
247.891 -149.654 546
247.865 -150.202 548
247.381 -150.476 549
246.445 -150.476 549
245.957 -150.75 550
245.464 -151.024 551
244.525 -151.024 551
243.586 -151.024 551
243.087 -151.298 552
242.584 -151.572 553
242.079 -151.846 554
241.134 -151.846 554
240.19 -151.846 554
239.677 -152.12 555
238.731 -152.12 555
238.642 -152.669 557
237.692 -152.669 557
236.743 -152.669 557
235.793 -152.669 557
235.265 -152.943 558
235.154 -153.491 560
234.199 -153.491 560
233.245 -153.491 560
233.12 -154.039 562
232.575 -154.313 563
232.026 -154.587 564
231.065 -154.587 564
230.511 -154.861 565
229.954 -155.135 566
228.989 -155.135 566
228.025 -155.135 566
227.06 -155.135 566
195.563 -155.409 567
194.597 -155.409 567
193.63 -155.409 567
192.664 -155.409 567
191.697 -155.409 567
190.058 -154.861 565
188.76 -154.587 564
187.798 -154.587 564
186.505 -154.313 563
185.875 -154.587 564
184.914 -154.587 564
183.952 -154.587 564
182.991 -154.587 564
182.029 -154.587 564
181.068 -154.587 564
180.106 -154.587 564
179.145 -154.587 564
178.183 -154.587 564
177.222 -154.587 564
176.26 -154.587 564
175.299 -154.587 564
174.338 -154.587 564
173.069 -154.313 563
172.109 -154.313 563
171.453 -154.587 564
170.492 -154.587 564
169.53 -154.587 564
168.569 -154.587 564
167.607 -154.587 564
166.646 -154.587 564
165.684 -154.587 564
164.723 -154.587 564
164.052 -154.861 565
163.088 -154.861 565
162.125 -154.861 565
161.162 -154.861 565
160.199 -154.861 565
159.236 -154.861 565
158.553 -155.135 566
157.588 -155.135 566
156.623 -155.135 566
155.658 -155.135 566
154.966 -155.409 567
154 -155.409 567
153.033 -155.409 567
152.067 -155.409 567
151.1 -155.409 567
150.398 -155.684 568
149.43 -155.684 568
148.462 -155.684 568
148.532 -156.78 572
148.331 -157.602 575
147.351 -157.602 575
146.625 -157.876 576
145.896 -158.15 577
144.912 -158.15 577
143.929 -158.15 577
143.193 -158.424 578
142.453 -158.699 579
141.711 -158.973 580
140.722 -158.973 580
139.733 -158.973 580
138.505 -158.699 579
137.518 -158.699 579
136.531 -158.699 579
289.188 -141.208 512
288.879 -141.484 513
288.566 -141.76 514
287.689 -141.76 514
287.371 -142.035 515
287.05 -142.311 516
286.724 -142.587 517
285.843 -142.587 517
284.962 -142.587 517
284.63 -142.863 518
283.747 -142.863 518
282.864 -142.863 518
282.525 -143.139 519
281.64 -143.139 519
280.756 -143.139 519
280.41 -143.414 520
279.524 -143.414 520
278.637 -143.414 520
277.751 -143.414 520
277.397 -143.69 521
276.508 -143.69 521
276.149 -143.966 522
275.259 -143.966 522
274.369 -143.966 522
274.004 -144.242 523
273.634 -144.518 524
272.741 -144.518 524
272.366 -144.793 525
271.988 -145.069 526
271.607 -145.345 527
270.709 -145.345 527
269.81 -145.345 527
269.422 -145.621 528
269.031 -145.897 529
268.129 -145.897 529
267.732 -146.172 530
266.829 -146.172 530
265.925 -146.172 530
265.022 -146.172 530
264.616 -146.448 531
264.208 -146.724 532
263.301 -146.724 532
262.394 -146.724 532
261.979 -147 533
261.56 -147.275 534
260.649 -147.275 534
260.712 -147.827 536
260.283 -148.103 537
259.85 -148.379 538
258.933 -148.379 538
258.016 -148.379 538
257.577 -148.654 539
257.134 -148.93 540
256.214 -148.93 540
255.293 -148.93 540
254.844 -149.206 541
253.921 -149.206 541
252.999 -149.206 541
252.077 -149.206 541
251.619 -149.482 542
250.695 -149.482 542
249.771 -149.482 542
249.306 -149.758 543
248.838 -150.033 544
247.91 -150.033 544
247.891 -150.585 546
247.865 -151.137 548
247.381 -151.412 549
246.445 -151.412 549
245.957 -151.688 550
245.464 -151.964 551
244.525 -151.964 551
243.586 -151.964 551
243.087 -152.24 552
242.584 -152.516 553
242.079 -152.791 554
241.134 -152.791 554
240.19 -152.791 554
239.677 -153.067 555
238.731 -153.067 555
238.642 -153.619 557
237.692 -153.619 557
236.743 -153.619 557
235.793 -153.619 557
235.265 -153.895 558
234.734 -154.17 559
234.199 -154.446 560
233.245 -154.446 560
232.705 -154.722 561
232.161 -154.998 562
231.615 -155.274 563
230.655 -155.274 563
230.103 -155.549 564
229.548 -155.825 565
228.585 -155.825 565
227.622 -155.825 565
226.658 -155.825 565
195.563 -156.377 567
194.597 -156.377 567
193.63 -156.377 567
192.664 -156.377 567
191.697 -156.377 567
189.721 -155.549 564
188.76 -155.549 564
187.798 -155.549 564
186.505 -155.274 563
185.546 -155.274 563
184.586 -155.274 563
183.952 -155.549 564
182.991 -155.549 564
182.029 -155.549 564
181.068 -155.549 564
180.106 -155.549 564
179.145 -155.549 564
178.183 -155.549 564
177.222 -155.549 564
176.26 -155.549 564
175.299 -155.549 564
174.338 -155.549 564
173.069 -155.274 563
172.109 -155.274 563
171.453 -155.549 564
170.492 -155.549 564
169.53 -155.549 564
168.569 -155.549 564
167.607 -155.549 564
166.646 -155.549 564
165.684 -155.549 564
164.723 -155.549 564
164.052 -155.825 565
163.088 -155.825 565
162.125 -155.825 565
161.162 -155.825 565
160.199 -155.825 565
159.236 -155.825 565
158.553 -156.101 566
157.588 -156.101 566
156.623 -156.101 566
155.658 -156.101 566
154.966 -156.377 567
154 -156.377 567
153.033 -156.377 567
152.067 -156.377 567
151.1 -156.377 567
150.398 -156.653 568
149.43 -156.653 568
148.462 -156.653 568
148.532 -157.756 572
148.331 -158.583 575
147.351 -158.583 575
146.625 -158.859 576
145.896 -159.135 577
145.163 -159.411 578
144.178 -159.411 578
143.44 -159.686 579
142.945 -160.238 581
141.955 -160.238 581
140.964 -160.238 581
139.974 -160.238 581
138.505 -159.686 579
137.518 -159.686 579
136.531 -159.686 579
289.753 -142.359 513
288.879 -142.359 513
288.566 -142.636 514
287.689 -142.636 514
287.371 -142.914 515
287.05 -143.191 516
286.724 -143.469 517
285.843 -143.469 517
284.962 -143.469 517
284.63 -143.747 518
283.747 -143.747 518
282.864 -143.747 518
282.525 -144.024 519
281.64 -144.024 519
280.756 -144.024 519
280.41 -144.302 520
279.524 -144.302 520
278.637 -144.302 520
277.751 -144.302 520
277.397 -144.579 521
276.508 -144.579 521
276.149 -144.857 522
275.259 -144.857 522
274.369 -144.857 522
274.004 -145.134 523
273.634 -145.412 524
272.741 -145.412 524
272.366 -145.689 525
271.988 -145.967 526
271.607 -146.244 527
270.709 -146.244 527
269.81 -146.244 527
269.422 -146.522 528
269.031 -146.799 529
268.129 -146.799 529
267.732 -147.077 530
266.829 -147.077 530
265.925 -147.077 530
265.022 -147.077 530
264.616 -147.354 531
263.711 -147.354 531
262.806 -147.354 531
262.394 -147.632 532
261.487 -147.632 532
261.07 -147.909 533
260.161 -147.909 533
259.739 -148.187 534
259.798 -148.742 536
259.367 -149.019 537
258.452 -149.019 537
258.016 -149.297 538
257.099 -149.297 538
256.658 -149.574 539
255.739 -149.574 539
255.293 -149.852 540
254.372 -149.852 540
253.921 -150.129 541
252.999 -150.129 541
252.077 -150.129 541
251.619 -150.407 542
250.695 -150.407 542
249.771 -150.407 542
249.306 -150.684 543
248.838 -150.962 544
247.91 -150.962 544
247.437 -151.239 545
247.865 -152.072 548
247.381 -152.349 549
246.445 -152.349 549
245.957 -152.627 550
245.464 -152.904 551
244.525 -152.904 551
243.586 -152.904 551
243.087 -153.182 552
242.584 -153.459 553
242.079 -153.737 554
241.134 -153.737 554
240.19 -153.737 554
239.677 -154.014 555
238.731 -154.014 555
238.213 -154.292 556
237.692 -154.569 557
236.743 -154.569 557
235.793 -154.569 557
235.265 -154.847 558
234.734 -155.124 559
234.199 -155.402 560
233.245 -155.402 560
232.705 -155.679 561
232.161 -155.957 562
231.615 -156.234 563
230.655 -156.234 563
230.103 -156.512 564
229.548 -156.789 565
228.585 -156.789 565
227.622 -156.789 565
226.658 -156.789 565
192.947 -156.789 565
191.984 -156.789 565
191.021 -156.789 565
189.721 -156.512 564
188.76 -156.512 564
187.465 -156.234 563
186.505 -156.234 563
185.546 -156.234 563
184.586 -156.234 563
183.952 -156.512 564
182.991 -156.512 564
182.029 -156.512 564
181.068 -156.512 564
180.106 -156.512 564
179.145 -156.512 564
178.183 -156.512 564
177.222 -156.512 564
176.26 -156.512 564
175.299 -156.512 564
174.338 -156.512 564
173.376 -156.512 564
172.415 -156.512 564
171.453 -156.512 564
170.492 -156.512 564
169.53 -156.512 564
168.569 -156.512 564
167.607 -156.512 564
166.646 -156.512 564
165.684 -156.512 564
164.723 -156.512 564
164.052 -156.789 565
163.088 -156.789 565
162.125 -156.789 565
161.162 -156.789 565
160.199 -156.789 565
159.236 -156.789 565
158.553 -157.067 566
157.588 -157.067 566
156.623 -157.067 566
155.658 -157.067 566
154.966 -157.344 567
154 -157.344 567
153.033 -157.344 567
152.067 -157.344 567
151.1 -157.344 567
150.133 -157.344 567
149.43 -157.622 568
148.462 -157.622 568
148.272 -158.454 571
148.331 -159.564 575
147.351 -159.564 575
146.625 -159.842 576
145.896 -160.119 577
145.163 -160.397 578
144.178 -160.397 578
143.44 -160.674 579
142.945 -161.229 581
141.955 -161.229 581
140.964 -161.229 581
139.974 -161.229 581
138.505 -160.674 579
137.518 -160.674 579
289.753 -143.234 513
288.879 -143.234 513
288.566 -143.513 514
287.689 -143.513 514
287.371 -143.793 515
287.05 -144.072 516
286.724 -144.351 517
285.843 -144.351 517
284.962 -144.351 517
284.63 -144.63 518
283.747 -144.63 518
282.864 -144.63 518
282.525 -144.909 519
281.64 -144.909 519
280.756 -144.909 519
280.41 -145.189 520
279.524 -145.189 520
278.637 -145.189 520
277.751 -145.189 520
277.397 -145.468 521
276.508 -145.468 521
276.149 -145.747 522
275.259 -145.747 522
274.369 -145.747 522
274.004 -146.026 523
273.634 -146.306 524
272.741 -146.306 524
272.366 -146.585 525
271.988 -146.864 526
271.607 -147.143 527
270.709 -147.143 527
270.322 -147.422 528
269.422 -147.422 528
269.031 -147.702 529
268.129 -147.702 529
267.732 -147.981 530
266.829 -147.981 530
265.925 -147.981 530
265.022 -147.981 530
264.616 -148.26 531
263.711 -148.26 531
262.806 -148.26 531
262.394 -148.539 532
261.487 -148.539 532
261.07 -148.818 533
260.161 -148.818 533
259.739 -149.098 534
259.314 -149.377 535
258.884 -149.656 536
257.971 -149.656 536
257.537 -149.935 537
257.099 -150.214 538
256.658 -150.494 539
255.739 -150.494 539
255.293 -150.773 540
254.372 -150.773 540
253.921 -151.052 541
252.999 -151.052 541
252.077 -151.052 541
251.154 -151.052 541
250.232 -151.052 541
249.771 -151.331 542
248.847 -151.331 542
248.38 -151.61 543
247.455 -151.61 543
247.437 -152.169 545
247.412 -152.727 547
247.381 -153.286 549
246.445 -153.286 549
245.957 -153.565 550
245.464 -153.844 551
244.525 -153.844 551
243.586 -153.844 551
243.087 -154.123 552
242.584 -154.403 553
242.079 -154.682 554
241.134 -154.682 554
240.19 -154.682 554
239.677 -154.961 555
238.731 -154.961 555
238.213 -155.24 556
237.692 -155.519 557
236.743 -155.519 557
235.793 -155.519 557
234.844 -155.519 557
234.314 -155.799 558
233.781 -156.078 559
232.828 -156.078 559
232.29 -156.357 560
231.748 -156.636 561
231.203 -156.915 562
230.245 -156.915 562
229.695 -157.195 563
228.735 -157.195 563
227.776 -157.195 563
226.816 -157.195 563
225.856 -157.195 563
192.947 -157.753 565
191.984 -157.753 565
191.021 -157.753 565
189.721 -157.474 564
188.76 -157.474 564
187.465 -157.195 563
186.505 -157.195 563
185.546 -157.195 563
184.586 -157.195 563
183.626 -157.195 563
182.666 -157.195 563
181.707 -157.195 563
180.747 -157.195 563
180.106 -157.474 564
179.145 -157.474 564
178.183 -157.474 564
177.222 -157.474 564
176.26 -157.474 564
175.299 -157.474 564
174.338 -157.474 564
173.376 -157.474 564
172.415 -157.474 564
171.453 -157.474 564
170.492 -157.474 564
169.53 -157.474 564
168.569 -157.474 564
167.607 -157.474 564
166.646 -157.474 564
165.684 -157.474 564
165.015 -157.753 565
164.052 -157.753 565
163.088 -157.753 565
162.125 -157.753 565
161.162 -157.753 565
160.482 -158.032 566
159.518 -158.032 566
158.553 -158.032 566
157.588 -158.032 566
156.623 -158.032 566
155.658 -158.032 566
154.966 -158.312 567
154 -158.312 567
153.033 -158.312 567
152.067 -158.312 567
151.1 -158.312 567
150.133 -158.312 567
149.167 -158.312 567
148.2 -158.312 567
147.493 -158.591 568
147.557 -159.708 572
146.582 -159.708 572
145.607 -159.708 572
145.896 -161.104 577
145.415 -161.662 579
144.427 -161.662 579
143.936 -162.22 581
143.684 -163.058 584
142.932 -163.337 585
141.935 -163.337 585
140.938 -163.337 585
138.505 -161.662 579
137.518 -161.662 579
289.753 -144.109 513
288.879 -144.109 513
288.566 -144.39 514
287.689 -144.39 514
287.371 -144.671 515
287.05 -144.952 516
286.724 -145.233 517
285.843 -145.233 517
284.962 -145.233 517
284.08 -145.233 517
283.747 -145.514 518
282.864 -145.514 518
282.525 -145.795 519
281.64 -145.795 519
280.756 -145.795 519
279.871 -145.795 519
279.524 -146.076 520
278.637 -146.076 520
277.751 -146.076 520
277.397 -146.357 521
276.508 -146.357 521
276.149 -146.638 522
275.259 -146.638 522
274.369 -146.638 522
274.004 -146.919 523
273.634 -147.2 524
272.741 -147.2 524
272.366 -147.48 525
271.988 -147.761 526
271.607 -148.042 527
270.709 -148.042 527
270.322 -148.323 528
269.422 -148.323 528
269.031 -148.604 529
268.129 -148.604 529
267.732 -148.885 530
266.829 -148.885 530
265.925 -148.885 530
265.022 -148.885 530
264.616 -149.166 531
263.711 -149.166 531
262.806 -149.166 531
262.394 -149.447 532
261.487 -149.447 532
261.07 -149.728 533
260.161 -149.728 533
259.739 -150.009 534
259.314 -150.29 535
258.884 -150.57 536
257.971 -150.57 536
257.537 -150.851 537
257.099 -151.132 538
256.658 -151.413 539
255.739 -151.413 539
255.293 -151.694 540
254.372 -151.694 540
253.921 -151.975 541
252.999 -151.975 541
252.077 -151.975 541
251.154 -151.975 541
250.232 -151.975 541
249.771 -152.256 542
249.306 -152.537 543
248.38 -152.537 543
247.455 -152.537 543
247.437 -153.099 545
247.412 -153.661 547
247.381 -154.222 549
246.445 -154.222 549
245.509 -154.222 549
245.019 -154.503 550
244.525 -154.784 551
243.586 -154.784 551
242.646 -154.784 551
242.146 -155.065 552
241.642 -155.346 553
240.699 -155.346 553
240.19 -155.627 554
239.245 -155.627 554
238.301 -155.627 554
237.785 -155.908 555
237.266 -156.189 556
236.318 -156.189 556
235.37 -156.189 556
234.422 -156.189 556
233.474 -156.189 556
232.945 -156.47 557
231.995 -156.47 557
231.46 -156.751 558
230.509 -156.751 558
229.558 -156.751 558
228.607 -156.751 558
227.655 -156.751 558
227.11 -157.032 559
226.157 -157.032 559
225.204 -157.032 559
224.251 -157.032 559
190.965 -157.874 562
190.006 -157.874 562
189.048 -157.874 562
188.09 -157.874 562
187.132 -157.874 562
186.174 -157.874 562
185.546 -158.155 563
184.586 -158.155 563
183.626 -158.155 563
182.666 -158.155 563
181.707 -158.155 563
180.747 -158.155 563
180.106 -158.436 564
179.145 -158.436 564
178.183 -158.436 564
177.222 -158.436 564
176.26 -158.436 564
175.299 -158.436 564
174.338 -158.436 564
173.376 -158.436 564
172.415 -158.436 564
171.453 -158.436 564
170.492 -158.436 564
169.53 -158.436 564
168.868 -158.717 565
167.904 -158.717 565
166.941 -158.717 565
165.978 -158.717 565
165.015 -158.717 565
164.052 -158.717 565
163.088 -158.717 565
162.125 -158.717 565
161.447 -158.998 566
160.482 -158.998 566
159.518 -158.998 566
158.553 -158.998 566
157.588 -158.998 566
156.623 -158.998 566
155.658 -158.998 566
154.966 -159.279 567
154 -159.279 567
153.033 -159.279 567
152.067 -159.279 567
151.1 -159.279 567
150.133 -159.279 567
149.167 -159.279 567
148.2 -159.279 567
147.234 -159.279 567
146.267 -159.279 567
145.301 -159.279 567
145.666 -162.931 580
144.677 -162.931 580
144.679 -164.054 584
143.93 -164.335 585
142.932 -164.335 585
141.935 -164.335 585
140.938 -164.335 585
289.188 -144.702 512
288.879 -144.985 513
288.566 -145.267 514
287.689 -145.267 514
287.371 -145.55 515
287.05 -145.833 516
286.17 -145.833 516
285.29 -145.833 516
284.962 -146.115 517
284.08 -146.115 517
283.199 -146.115 517
282.864 -146.398 518
281.981 -146.398 518
281.64 -146.68 519
280.756 -146.68 519
279.871 -146.68 519
279.524 -146.963 520
278.637 -146.963 520
277.751 -146.963 520
277.397 -147.246 521
276.508 -147.246 521
275.62 -147.246 521
274.732 -147.246 521
274.369 -147.528 522
274.004 -147.811 523
273.634 -148.094 524
272.741 -148.094 524
272.366 -148.376 525
271.988 -148.659 526
271.607 -148.941 527
270.709 -148.941 527
270.322 -149.224 528
269.422 -149.224 528
269.031 -149.507 529
268.129 -149.507 529
267.732 -149.789 530
266.829 -149.789 530
265.925 -149.789 530
265.022 -149.789 530
264.616 -150.072 531
263.711 -150.072 531
262.806 -150.072 531
262.394 -150.354 532
261.487 -150.354 532
261.07 -150.637 533
260.161 -150.637 533
259.739 -150.92 534
259.314 -151.202 535
258.884 -151.485 536
257.971 -151.485 536
257.537 -151.768 537
257.099 -152.05 538
256.182 -152.05 538
255.265 -152.05 538
255.293 -152.615 540
254.372 -152.615 540
253.921 -152.898 541
252.999 -152.898 541
252.077 -152.898 541
251.154 -152.898 541
250.232 -152.898 541
249.771 -153.181 542
249.306 -153.463 543
248.38 -153.463 543
247.455 -153.463 543
247.437 -154.029 545
247.412 -154.594 547
247.381 -155.159 549
246.445 -155.159 549
245.509 -155.159 549
245.019 -155.442 550
244.525 -155.724 551
243.586 -155.724 551
242.646 -155.724 551
242.146 -156.007 552
241.642 -156.29 553
240.699 -156.29 553
240.19 -156.572 554
239.245 -156.572 554
238.301 -156.572 554
237.785 -156.855 555
237.266 -157.137 556
236.318 -157.137 556
235.37 -157.137 556
234.422 -157.137 556
233.474 -157.137 556
232.526 -157.137 556
231.579 -157.137 556
231.046 -157.42 557
230.096 -157.42 557
229.558 -157.703 558
228.607 -157.703 558
227.655 -157.703 558
226.298 -157.42 557
225.348 -157.42 557
224.399 -157.42 557
223.048 -157.137 556
220.103 -155.724 551
190.965 -158.833 562
190.006 -158.833 562
189.048 -158.833 562
188.09 -158.833 562
187.132 -158.833 562
186.174 -158.833 562
185.216 -158.833 562
184.258 -158.833 562
183.626 -159.116 563
182.666 -159.116 563
181.707 -159.116 563
180.747 -159.116 563
180.106 -159.398 564
179.145 -159.398 564
178.183 -159.398 564
177.222 -159.398 564
176.26 -159.398 564
175.299 -159.398 564
174.338 -159.398 564
173.376 -159.398 564
172.415 -159.398 564
171.453 -159.398 564
170.492 -159.398 564
169.53 -159.398 564
168.868 -159.681 565
167.904 -159.681 565
166.941 -159.681 565
165.978 -159.681 565
165.015 -159.681 565
164.052 -159.681 565
163.088 -159.681 565
162.125 -159.681 565
161.447 -159.964 566
160.482 -159.964 566
159.518 -159.964 566
158.553 -159.964 566
157.588 -159.964 566
156.623 -159.964 566
155.658 -159.964 566
154.966 -160.246 567
154 -160.246 567
153.033 -160.246 567
152.067 -160.246 567
151.1 -160.246 567
150.133 -160.246 567
149.167 -160.246 567
148.2 -160.246 567
147.234 -160.246 567
146.267 -160.246 567
145.301 -160.246 567
145.666 -163.92 580
144.677 -163.92 580
144.679 -165.051 584
143.93 -165.333 585
142.932 -165.333 585
141.935 -165.333 585
140.938 -165.333 585
289.188 -145.576 512
288.879 -145.86 513
288.004 -145.86 513
287.13 -145.86 513
287.371 -146.429 515
287.05 -146.713 516
286.17 -146.713 516
285.29 -146.713 516
284.962 -146.997 517
284.08 -146.997 517
283.199 -146.997 517
282.864 -147.282 518
281.981 -147.282 518
281.64 -147.566 519
280.756 -147.566 519
279.871 -147.566 519
279.524 -147.85 520
278.637 -147.85 520
277.751 -147.85 520
276.864 -147.85 520
276.508 -148.135 521
275.62 -148.135 521
274.732 -148.135 521
273.844 -148.135 521
273.48 -148.419 522
273.112 -148.703 523
272.22 -148.703 523
271.848 -148.988 524
271.988 -149.556 526
271.607 -149.84 527
270.709 -149.84 527
270.322 -150.125 528
269.422 -150.125 528
268.522 -150.125 528
268.129 -150.409 529
267.732 -150.693 530
266.829 -150.693 530
265.925 -150.693 530
265.022 -150.693 530
264.616 -150.978 531
263.711 -150.978 531
262.806 -150.978 531
262.394 -151.262 532
261.487 -151.262 532
261.07 -151.546 533
260.161 -151.546 533
259.739 -151.831 534
259.314 -152.115 535
258.401 -152.115 535
257.489 -152.115 535
257.537 -152.684 537
257.099 -152.968 538
256.182 -152.968 538
255.265 -152.968 538
255.293 -153.537 540
254.372 -153.537 540
253.452 -153.537 540
252.999 -153.821 541
252.077 -153.821 541
251.154 -153.821 541
250.232 -153.821 541
249.771 -154.105 542
249.306 -154.39 543
248.38 -154.39 543
247.455 -154.39 543
247.437 -154.958 545
247.412 -155.527 547
247.381 -156.096 549
246.445 -156.096 549
245.509 -156.096 549
245.019 -156.38 550
244.525 -156.664 551
243.586 -156.664 551
242.646 -156.664 551
242.146 -156.949 552
241.642 -157.233 553
240.699 -157.233 553
239.756 -157.233 553
239.245 -157.517 554
238.301 -157.517 554
237.357 -157.517 554
236.839 -157.802 555
235.893 -157.802 555
234.947 -157.802 555
234.422 -158.086 556
233.474 -158.086 556
232.526 -158.086 556
231.579 -158.086 556
231.046 -158.37 557
230.096 -158.37 557
229.558 -158.655 558
228.607 -158.655 558
227.655 -158.655 558
226.298 -158.37 557
225.348 -158.37 557
224.399 -158.37 557
223.048 -158.086 556
220.103 -156.664 551
219.164 -156.664 551
218.224 -156.664 551
217.285 -156.664 551
215.56 -156.096 549
190.965 -159.792 562
190.006 -159.792 562
189.048 -159.792 562
188.09 -159.792 562
187.132 -159.792 562
186.174 -159.792 562
185.216 -159.792 562
184.258 -159.792 562
183.626 -160.076 563
182.666 -160.076 563
181.707 -160.076 563
180.747 -160.076 563
179.787 -160.076 563
179.145 -160.361 564
178.183 -160.361 564
177.222 -160.361 564
176.26 -160.361 564
175.299 -160.361 564
174.338 -160.361 564
173.376 -160.361 564
172.415 -160.361 564
171.453 -160.361 564
170.492 -160.361 564
169.831 -160.645 565
168.868 -160.645 565
167.904 -160.645 565
166.941 -160.645 565
165.978 -160.645 565
165.015 -160.645 565
164.052 -160.645 565
163.088 -160.645 565
162.125 -160.645 565
161.447 -160.929 566
160.482 -160.929 566
159.518 -160.929 566
158.553 -160.929 566
157.588 -160.929 566
156.623 -160.929 566
155.658 -160.929 566
154.966 -161.214 567
154 -161.214 567
153.033 -161.214 567
152.067 -161.214 567
151.1 -161.214 567
150.133 -161.214 567
149.167 -161.214 567
148.2 -161.214 567
147.234 -161.214 567
145.666 -164.91 580
144.677 -164.91 580
144.679 -166.047 584
143.93 -166.331 585
142.932 -166.331 585
141.935 -166.331 585
140.938 -166.331 585
289.188 -146.449 512
288.879 -146.735 513
288.004 -146.735 513
287.13 -146.735 513
287.371 -147.307 515
287.05 -147.593 516
286.17 -147.593 516
285.843 -147.879 517
284.962 -147.879 517
284.63 -148.165 518
283.747 -148.165 518
282.864 -148.165 518
282.525 -148.451 519
281.64 -148.451 519
280.756 -148.451 519
279.871 -148.451 519
279.524 -148.737 520
278.637 -148.737 520
277.751 -148.737 520
276.864 -148.737 520
276.508 -149.023 521
275.62 -149.023 521
274.732 -149.023 521
273.844 -149.023 521
273.48 -149.309 522
273.112 -149.595 523
272.22 -149.595 523
271.848 -149.882 524
271.988 -150.454 526
271.607 -150.74 527
270.709 -150.74 527
270.322 -151.026 528
269.422 -151.026 528
268.522 -151.026 528
268.129 -151.312 529
267.732 -151.598 530
266.829 -151.598 530
265.925 -151.598 530
265.022 -151.598 530
264.118 -151.598 530
263.711 -151.884 531
262.806 -151.884 531
261.901 -151.884 531
261.487 -152.17 532
261.07 -152.456 533
260.161 -152.456 533
259.253 -152.456 533
258.829 -152.742 534
258.401 -153.028 535
257.489 -153.028 535
257.057 -153.314 536
257.099 -153.886 538
256.182 -153.886 538
255.265 -153.886 538
255.293 -154.458 540
254.372 -154.458 540
253.452 -154.458 540
252.531 -154.458 540
252.077 -154.744 541
251.154 -154.744 541
250.232 -154.744 541
249.771 -155.03 542
249.306 -155.316 543
248.38 -155.316 543
247.455 -155.316 543
247.437 -155.888 545
247.412 -156.46 547
246.931 -156.746 548
245.996 -156.746 548
245.509 -157.032 549
245.019 -157.318 550
244.525 -157.604 551
243.586 -157.604 551
242.646 -157.604 551
242.146 -157.89 552
241.205 -157.89 552
240.699 -158.176 553
239.756 -158.176 553
239.245 -158.463 554
238.301 -158.463 554
237.357 -158.463 554
236.412 -158.463 554
235.468 -158.463 554
234.523 -158.463 554
233.579 -158.463 554
232.634 -158.463 554
232.108 -158.749 555
231.162 -158.749 555
230.216 -158.749 555
229.683 -159.035 556
228.735 -159.035 556
227.787 -159.035 556
226.839 -159.035 556
225.892 -159.035 556
224.944 -159.035 556
223.593 -158.749 555
222.647 -158.749 555
220.103 -157.604 551
219.164 -157.604 551
218.224 -157.604 551
217.285 -157.604 551
215.56 -157.032 549
190.965 -160.751 562
190.006 -160.751 562
189.048 -160.751 562
188.09 -160.751 562
187.132 -160.751 562
186.174 -160.751 562
185.216 -160.751 562
184.258 -160.751 562
183.626 -161.037 563
182.666 -161.037 563
181.707 -161.037 563
180.747 -161.037 563
179.787 -161.037 563
179.145 -161.323 564
178.183 -161.323 564
177.222 -161.323 564
176.26 -161.323 564
175.299 -161.323 564
174.338 -161.323 564
173.376 -161.323 564
172.415 -161.323 564
171.453 -161.323 564
170.492 -161.323 564
169.831 -161.609 565
168.868 -161.609 565
167.904 -161.609 565
166.941 -161.609 565
165.978 -161.609 565
165.015 -161.609 565
164.052 -161.609 565
163.088 -161.609 565
162.125 -161.609 565
161.447 -161.895 566
160.482 -161.895 566
159.518 -161.895 566
158.553 -161.895 566
157.588 -161.895 566
156.623 -161.895 566
155.658 -161.895 566
154.966 -162.181 567
154 -162.181 567
153.033 -162.181 567
152.067 -162.181 567
151.1 -162.181 567
150.133 -162.181 567
149.167 -162.181 567
148.2 -162.181 567
147.234 -162.181 567
146.267 -162.181 567
145.301 -162.181 567
145.666 -165.899 580
144.677 -165.899 580
144.679 -167.044 584
143.93 -167.33 585
142.932 -167.33 585
141.935 -167.33 585
140.938 -167.33 585
289.753 -147.61 513
288.879 -147.61 513
288.004 -147.61 513
287.13 -147.61 513
287.371 -148.186 515
287.05 -148.474 516
286.17 -148.474 516
285.843 -148.761 517
284.962 -148.761 517
284.63 -149.049 518
283.747 -149.049 518
282.864 -149.049 518
282.525 -149.337 519
281.64 -149.337 519
280.756 -149.337 519
279.871 -149.337 519
279.524 -149.625 520
278.637 -149.625 520
277.751 -149.625 520
276.864 -149.625 520
276.508 -149.912 521
275.62 -149.912 521
274.732 -149.912 521
273.844 -149.912 521
273.48 -150.2 522
273.112 -150.488 523
272.22 -150.488 523
271.848 -150.776 524
271.988 -151.351 526
271.607 -151.639 527
270.709 -151.639 527
270.322 -151.926 528
269.422 -151.926 528
268.522 -151.926 528
268.129 -152.214 529
267.732 -152.502 530
266.829 -152.502 530
265.925 -152.502 530
265.022 -152.502 530
264.118 -152.502 530
263.711 -152.79 531
262.806 -152.79 531
261.901 -152.79 531
261.487 -153.077 532
261.07 -153.365 533
260.161 -153.365 533
259.253 -153.365 533
258.829 -153.653 534
258.401 -153.941 535
257.489 -153.941 535
257.057 -154.228 536
257.099 -154.804 538
256.182 -154.804 538
255.265 -154.804 538
255.293 -155.379 540
254.372 -155.379 540
253.452 -155.379 540
252.531 -155.379 540
252.077 -155.667 541
251.154 -155.667 541
250.232 -155.667 541
249.771 -155.955 542
248.847 -155.955 542
248.38 -156.243 543
247.455 -156.243 543
247.437 -156.818 545
246.96 -157.106 546
246.931 -157.681 548
245.996 -157.681 548
245.509 -157.969 549
244.573 -157.969 549
244.081 -158.257 550
243.144 -158.257 550
242.646 -158.544 551
242.146 -158.832 552
241.205 -158.832 552
240.264 -158.832 552
239.756 -159.12 553
238.814 -159.12 553
237.871 -159.12 553
237.357 -159.408 554
236.412 -159.408 554
235.468 -159.408 554
234.523 -159.408 554
233.579 -159.408 554
232.634 -159.408 554
231.69 -159.408 554
230.746 -159.408 554
229.801 -159.408 554
228.857 -159.408 554
227.912 -159.408 554
226.968 -159.408 554
226.023 -159.408 554
224.673 -159.12 553
223.73 -159.12 553
222.384 -158.832 552
221.042 -158.544 551
220.103 -158.544 551
219.164 -158.544 551
218.224 -158.544 551
217.285 -158.544 551
216.346 -158.544 551
215.406 -158.544 551
213.688 -157.969 549
190.965 -161.71 562
190.006 -161.71 562
189.048 -161.71 562
188.09 -161.71 562
187.132 -161.71 562
186.174 -161.71 562
185.216 -161.71 562
184.258 -161.71 562
183.626 -161.997 563
182.666 -161.997 563
181.707 -161.997 563
180.747 -161.997 563
179.787 -161.997 563
179.145 -162.285 564
178.183 -162.285 564
177.222 -162.285 564
176.26 -162.285 564
175.299 -162.285 564
174.338 -162.285 564
173.376 -162.285 564
172.415 -162.285 564
171.453 -162.285 564
170.492 -162.285 564
169.831 -162.573 565
168.868 -162.573 565
167.904 -162.573 565
166.941 -162.573 565
165.978 -162.573 565
165.015 -162.573 565
164.052 -162.573 565
163.088 -162.573 565
162.125 -162.573 565
161.447 -162.861 566
160.482 -162.861 566
159.518 -162.861 566
158.553 -162.861 566
157.588 -162.861 566
156.9 -163.148 567
155.933 -163.148 567
154.966 -163.148 567
154 -163.148 567
153.033 -163.148 567
152.067 -163.148 567
151.1 -163.148 567
150.133 -163.148 567
149.43 -163.436 568
148.462 -163.436 568
148.272 -164.299 571
147.299 -164.299 571
146.326 -164.299 571
289.753 -148.486 513
288.879 -148.486 513
288.004 -148.486 513
287.13 -148.486 513
287.371 -149.064 515
287.05 -149.354 516
286.17 -149.354 516
285.843 -149.643 517
285.513 -149.933 518
284.63 -149.933 518
283.747 -149.933 518
282.864 -149.933 518
282.525 -150.222 519
281.64 -150.222 519
280.756 -150.222 519
279.871 -150.222 519
279.524 -150.512 520
278.637 -150.512 520
277.751 -150.512 520
276.864 -150.512 520
276.508 -150.801 521
275.62 -150.801 521
274.732 -150.801 521
273.844 -150.801 521
273.48 -151.091 522
273.112 -151.38 523
272.22 -151.38 523
271.848 -151.67 524
271.988 -152.248 526
271.607 -152.538 527
270.709 -152.538 527
270.322 -152.827 528
269.422 -152.827 528
268.522 -152.827 528
268.129 -153.117 529
267.732 -153.406 530
266.829 -153.406 530
265.925 -153.406 530
265.022 -153.406 530
264.118 -153.406 530
263.711 -153.696 531
262.806 -153.696 531
261.901 -153.696 531
261.487 -153.985 532
260.58 -153.985 532
259.673 -153.985 532
259.253 -154.275 533
258.829 -154.564 534
258.401 -154.853 535
257.489 -154.853 535
257.057 -155.143 536
256.621 -155.432 537
256.182 -155.722 538
255.265 -155.722 538
254.82 -156.011 539
254.372 -156.301 540
253.452 -156.301 540
252.531 -156.301 540
252.077 -156.59 541
251.154 -156.59 541
250.232 -156.59 541
249.771 -156.88 542
248.847 -156.88 542
248.38 -157.169 543
247.455 -157.169 543
247.437 -157.748 545
246.96 -158.037 546
246.931 -158.616 548
245.996 -158.616 548
245.509 -158.906 549
244.573 -158.906 549
244.081 -159.195 550
243.144 -159.195 550
242.646 -159.485 551
242.146 -159.774 552
241.205 -159.774 552
240.264 -159.774 552
239.756 -160.063 553
238.814 -160.063 553
237.871 -160.063 553
237.357 -160.353 554
236.412 -160.353 554
235.468 -160.353 554
234.523 -160.353 554
233.579 -160.353 554
232.634 -160.353 554
231.69 -160.353 554
230.329 -160.063 553
229.386 -160.063 553
228.857 -160.353 554
227.912 -160.353 554
226.968 -160.353 554
226.023 -160.353 554
225.079 -160.353 554
224.135 -160.353 554
223.19 -160.353 554
222.246 -160.353 554
221.301 -160.353 554
220.357 -160.353 554
219.412 -160.353 554
218.074 -160.063 553
217.131 -160.063 553
216.188 -160.063 553
215.245 -160.063 553
214.303 -160.063 553
190.625 -162.379 561
189.668 -162.379 561
188.712 -162.379 561
187.756 -162.379 561
186.799 -162.379 561
186.174 -162.668 562
185.216 -162.668 562
184.258 -162.668 562
183.3 -162.668 562
182.666 -162.958 563
181.707 -162.958 563
180.747 -162.958 563
179.787 -162.958 563
178.827 -162.958 563
177.868 -162.958 563
176.908 -162.958 563
176.26 -163.247 564
175.299 -163.247 564
174.338 -163.247 564
173.376 -163.247 564
172.415 -163.247 564
171.453 -163.247 564
170.492 -163.247 564
169.53 -163.247 564
168.868 -163.537 565
167.904 -163.537 565
166.941 -163.537 565
165.978 -163.537 565
165.015 -163.537 565
164.052 -163.537 565
163.088 -163.537 565
162.125 -163.537 565
161.162 -163.537 565
160.199 -163.537 565
159.236 -163.537 565
158.553 -163.826 566
157.588 -163.826 566
156.9 -164.116 567
155.933 -164.116 567
155.24 -164.405 568
154.815 -164.984 570
153.843 -164.984 570
152.871 -164.984 570
151.367 -164.405 568
150.398 -164.405 568
149.43 -164.405 568
149.246 -165.273 571
148.532 -165.563 572
147.557 -165.563 572
146.582 -165.563 572
289.753 -149.361 513
288.879 -149.361 513
288.004 -149.361 513
287.13 -149.361 513
287.371 -149.943 515
287.05 -150.234 516
286.17 -150.234 516
285.843 -150.525 517
285.513 -150.817 518
284.63 -150.817 518
283.747 -150.817 518
282.864 -150.817 518
282.525 -151.108 519
281.64 -151.108 519
280.756 -151.108 519
279.871 -151.108 519
279.524 -151.399 520
278.637 -151.399 520
277.751 -151.399 520
276.864 -151.399 520
276.508 -151.69 521
275.62 -151.69 521
274.732 -151.69 521
273.844 -151.69 521
273.48 -151.981 522
273.112 -152.272 523
272.22 -152.272 523
271.848 -152.564 524
271.988 -153.146 526
271.607 -153.437 527
270.709 -153.437 527
270.322 -153.728 528
269.422 -153.728 528
268.522 -153.728 528
268.129 -154.019 529
267.732 -154.31 530
266.829 -154.31 530
265.925 -154.31 530
265.022 -154.31 530
264.118 -154.31 530
263.711 -154.602 531
262.806 -154.602 531
261.901 -154.602 531
261.487 -154.893 532
260.58 -154.893 532
259.673 -154.893 532
259.253 -155.184 533
258.829 -155.475 534
258.884 -156.057 536
257.971 -156.057 536
257.537 -156.348 537
257.099 -156.64 538
256.182 -156.64 538
255.265 -156.64 538
254.82 -156.931 539
254.372 -157.222 540
253.452 -157.222 540
252.531 -157.222 540
252.077 -157.513 541
251.154 -157.513 541
250.232 -157.513 541
249.31 -157.513 541
248.847 -157.804 542
248.38 -158.095 543
247.455 -158.095 543
246.983 -158.387 544
246.96 -158.969 546
246.931 -159.551 548
245.996 -159.551 548
245.062 -159.551 548
244.573 -159.842 549
244.081 -160.133 550
243.144 -160.133 550
242.646 -160.425 551
242.146 -160.716 552
241.205 -160.716 552
240.264 -160.716 552
239.323 -160.716 552
238.814 -161.007 553
237.871 -161.007 553
236.928 -161.007 553
235.985 -161.007 553
235.043 -161.007 553
234.1 -161.007 553
233.157 -161.007 553
232.214 -161.007 553
231.69 -161.298 554
230.746 -161.298 554
229.801 -161.298 554
228.857 -161.298 554
227.912 -161.298 554
226.968 -161.298 554
226.431 -161.589 555
225.485 -161.589 555
224.539 -161.589 555
223.593 -161.589 555
222.647 -161.589 555
221.701 -161.589 555
220.755 -161.589 555
219.412 -161.298 554
218.468 -161.298 554
217.524 -161.298 554
216.97 -161.589 555
216.024 -161.589 555
215.078 -161.589 555
214.132 -161.589 555
213.185 -161.589 555
190.625 -163.336 561
189.668 -163.336 561
188.712 -163.336 561
187.756 -163.336 561
186.799 -163.336 561
185.843 -163.336 561
184.887 -163.336 561
184.258 -163.627 562
183.3 -163.627 562
182.342 -163.627 562
181.384 -163.627 562
180.426 -163.627 562
179.787 -163.918 563
178.827 -163.918 563
177.868 -163.918 563
176.908 -163.918 563
175.948 -163.918 563
174.988 -163.918 563
174.028 -163.918 563
173.376 -164.21 564
172.415 -164.21 564
171.453 -164.21 564
170.492 -164.21 564
169.831 -164.501 565
168.868 -164.501 565
167.904 -164.501 565
166.941 -164.501 565
165.978 -164.501 565
165.015 -164.501 565
164.052 -164.501 565
163.088 -164.501 565
162.412 -164.792 566
161.447 -164.792 566
160.482 -164.792 566
159.518 -164.792 566
158.553 -164.792 566
157.866 -165.083 567
156.9 -165.083 567
155.933 -165.083 567
155.24 -165.374 568
154.815 -165.956 570
153.843 -165.956 570
152.871 -165.956 570
151.367 -165.374 568
150.398 -165.374 568
149.43 -165.374 568
149.246 -166.248 571
148.532 -166.539 572
147.557 -166.539 572
146.582 -166.539 572
289.188 -149.943 512
288.879 -150.236 513
288.004 -150.236 513
287.13 -150.236 513
287.371 -150.822 515
287.05 -151.115 516
286.17 -151.115 516
285.843 -151.408 517
285.513 -151.7 518
284.63 -151.7 518
283.747 -151.7 518
283.41 -151.993 519
282.525 -151.993 519
281.64 -151.993 519
280.756 -151.993 519
279.871 -151.993 519
279.524 -152.286 520
278.637 -152.286 520
277.751 -152.286 520
276.864 -152.286 520
276.508 -152.579 521
275.62 -152.579 521
274.732 -152.579 521
273.844 -152.579 521
273.48 -152.872 522
273.112 -153.165 523
272.22 -153.165 523
271.848 -153.458 524
271.988 -154.043 526
271.092 -154.043 526
270.709 -154.336 527
270.322 -154.629 528
269.422 -154.629 528
268.522 -154.629 528
268.129 -154.922 529
267.732 -155.215 530
266.829 -155.215 530
265.925 -155.215 530
265.022 -155.215 530
264.118 -155.215 530
263.711 -155.508 531
262.806 -155.508 531
261.901 -155.508 531
261.487 -155.8 532
260.58 -155.8 532
259.673 -155.8 532
259.739 -156.386 534
258.829 -156.386 534
258.884 -156.972 536
257.971 -156.972 536
257.537 -157.265 537
257.099 -157.558 538
256.182 -157.558 538
255.739 -157.85 539
255.293 -158.143 540
254.372 -158.143 540
253.452 -158.143 540
252.531 -158.143 540
252.077 -158.436 541
251.154 -158.436 541
250.232 -158.436 541
249.771 -158.729 542
248.847 -158.729 542
248.38 -159.022 543
247.455 -159.022 543
247.437 -159.608 545
246.96 -159.9 546
246.931 -160.486 548
245.996 -160.486 548
245.062 -160.486 548
244.573 -160.779 549
244.081 -161.072 550
243.144 -161.072 550
242.646 -161.365 551
241.707 -161.365 551
240.768 -161.365 551
240.264 -161.658 552
239.323 -161.658 552
238.814 -161.95 553
237.871 -161.95 553
236.928 -161.95 553
235.985 -161.95 553
235.043 -161.95 553
234.1 -161.95 553
233.157 -161.95 553
232.214 -161.95 553
231.69 -162.243 554
230.746 -162.243 554
229.801 -162.243 554
228.857 -162.243 554
227.912 -162.243 554
226.968 -162.243 554
226.431 -162.536 555
225.485 -162.536 555
224.539 -162.536 555
223.593 -162.536 555
222.647 -162.536 555
221.701 -162.536 555
220.755 -162.536 555
219.412 -162.243 554
218.468 -162.243 554
217.524 -162.243 554
216.97 -162.536 555
216.024 -162.536 555
215.078 -162.536 555
214.132 -162.536 555
213.185 -162.536 555
190.625 -164.293 561
189.668 -164.293 561
188.712 -164.293 561
187.756 -164.293 561
186.799 -164.293 561
185.843 -164.293 561
184.887 -164.293 561
184.258 -164.586 562
183.3 -164.586 562
182.342 -164.586 562
181.384 -164.586 562
180.426 -164.586 562
179.787 -164.879 563
178.827 -164.879 563
177.868 -164.879 563
177.222 -165.172 564
176.26 -165.172 564
175.299 -165.172 564
174.028 -164.879 563
173.376 -165.172 564
172.415 -165.172 564
171.757 -165.465 565
170.794 -165.465 565
169.831 -165.465 565
168.868 -165.465 565
167.904 -165.465 565
166.941 -165.465 565
165.978 -165.465 565
165.307 -165.758 566
164.342 -165.758 566
163.377 -165.758 566
162.412 -165.758 566
161.447 -165.758 566
160.482 -165.758 566
159.518 -165.758 566
158.833 -166.05 567
157.866 -166.05 567
157.176 -166.343 568
156.208 -166.343 568
155.786 -166.929 570
154.815 -166.929 570
153.843 -166.929 570
152.871 -166.929 570
151.9 -166.929 570
150.928 -166.929 570
149.956 -166.929 570
149.246 -167.222 571
148.532 -167.515 572
147.557 -167.515 572
146.582 -167.515 572
289.188 -150.817 512
288.879 -151.111 513
288.004 -151.111 513
287.13 -151.111 513
287.371 -151.7 515
287.05 -151.995 516
286.17 -151.995 516
285.843 -152.29 517
285.513 -152.584 518
284.63 -152.584 518
283.747 -152.584 518
283.41 -152.879 519
282.525 -152.879 519
281.64 -152.879 519
280.756 -152.879 519
279.871 -152.879 519
279.524 -153.173 520
278.637 -153.173 520
277.751 -153.173 520
276.864 -153.173 520
276.508 -153.468 521
275.62 -153.468 521
274.732 -153.468 521
273.844 -153.468 521
273.48 -153.762 522
273.112 -154.057 523
272.22 -154.057 523
271.848 -154.352 524
271.988 -154.941 526
271.092 -154.941 526
270.709 -155.235 527
270.322 -155.53 528
269.422 -155.53 528
268.522 -155.53 528
268.129 -155.824 529
267.732 -156.119 530
266.829 -156.119 530
265.925 -156.119 530
265.022 -156.119 530
264.118 -156.119 530
263.711 -156.413 531
262.806 -156.413 531
261.901 -156.413 531
261.487 -156.708 532
260.58 -156.708 532
259.673 -156.708 532
259.739 -157.297 534
259.314 -157.592 535
258.884 -157.886 536
257.971 -157.886 536
258.016 -158.475 538
257.099 -158.475 538
256.182 -158.475 538
255.739 -158.77 539
255.293 -159.065 540
254.372 -159.065 540
253.452 -159.065 540
252.531 -159.065 540
252.077 -159.359 541
251.154 -159.359 541
250.232 -159.359 541
249.771 -159.654 542
249.306 -159.948 543
248.838 -160.243 544
247.91 -160.243 544
247.437 -160.537 545
246.96 -160.832 546
246.48 -161.126 547
245.547 -161.126 547
245.062 -161.421 548
244.573 -161.716 549
244.081 -162.01 550
243.144 -162.01 550
242.646 -162.305 551
241.707 -162.305 551
240.768 -162.305 551
240.264 -162.599 552
239.323 -162.599 552
238.814 -162.894 553
237.871 -162.894 553
236.928 -162.894 553
235.985 -162.894 553
235.043 -162.894 553
234.1 -162.894 553
233.157 -162.894 553
232.634 -163.188 554
231.69 -163.188 554
230.746 -163.188 554
229.801 -163.188 554
228.857 -163.188 554
228.324 -163.483 555
227.378 -163.483 555
226.431 -163.483 555
225.485 -163.483 555
224.539 -163.483 555
223.593 -163.483 555
222.647 -163.483 555
221.701 -163.483 555
220.755 -163.483 555
219.808 -163.483 555
219.257 -163.778 556
218.309 -163.778 556
217.361 -163.778 556
216.024 -163.483 555
215.078 -163.483 555
214.132 -163.483 555
213.185 -163.483 555
212.239 -163.483 555
189.668 -165.25 561
188.712 -165.25 561
187.756 -165.25 561
186.799 -165.25 561
185.843 -165.25 561
184.887 -165.25 561
183.93 -165.25 561
182.974 -165.25 561
182.342 -165.545 562
181.384 -165.545 562
180.426 -165.545 562
179.787 -165.839 563
179.145 -166.134 564
178.183 -166.134 564
177.222 -166.134 564
176.26 -166.134 564
175.299 -166.134 564
174.028 -165.839 563
173.376 -166.134 564
172.72 -166.429 565
171.757 -166.429 565
170.794 -166.429 565
169.831 -166.429 565
168.868 -166.429 565
167.904 -166.429 565
166.941 -166.429 565
166.272 -166.723 566
165.599 -167.018 567
164.632 -167.018 567
163.666 -167.018 567
162.699 -167.018 567
161.447 -166.723 566
160.482 -166.723 566
159.518 -166.723 566
158.833 -167.018 567
157.866 -167.018 567
157.176 -167.312 568
156.208 -167.312 568
155.786 -167.901 570
155.086 -168.196 571
154.113 -168.196 571
153.139 -168.196 571
151.9 -167.901 570
150.928 -167.901 570
149.956 -167.901 570
149.246 -168.196 571
148.272 -168.196 571
147.299 -168.196 571
289.753 -151.987 513
288.879 -151.987 513
288.004 -151.987 513
288.249 -152.579 515
287.929 -152.875 516
287.606 -153.172 517
286.724 -153.172 517
286.396 -153.468 518
285.513 -153.468 518
285.179 -153.764 519
284.295 -153.764 519
283.41 -153.764 519
282.525 -153.764 519
281.64 -153.764 519
280.756 -153.764 519
279.871 -153.764 519
279.524 -154.06 520
278.637 -154.06 520
277.751 -154.06 520
276.864 -154.06 520
276.508 -154.357 521
275.62 -154.357 521
274.732 -154.357 521
273.844 -154.357 521
274.004 -154.949 523
273.112 -154.949 523
272.22 -154.949 523
271.848 -155.245 524
271.988 -155.838 526
271.092 -155.838 526
270.195 -155.838 526
269.81 -156.134 527
269.422 -156.431 528
268.522 -156.431 528
268.129 -156.727 529
267.732 -157.023 530
266.829 -157.023 530
265.925 -157.023 530
265.022 -157.023 530
264.118 -157.023 530
263.711 -157.319 531
262.806 -157.319 531
261.901 -157.319 531
261.487 -157.616 532
260.58 -157.616 532
259.673 -157.616 532
259.739 -158.208 534
259.314 -158.504 535
258.884 -158.801 536
257.971 -158.801 536
258.016 -159.393 538
257.099 -159.393 538
256.182 -159.393 538
255.739 -159.69 539
255.293 -159.986 540
254.372 -159.986 540
253.452 -159.986 540
252.531 -159.986 540
252.077 -160.282 541
251.619 -160.578 542
250.695 -160.578 542
249.771 -160.578 542
249.306 -160.875 543
248.838 -161.171 544
247.91 -161.171 544
247.437 -161.467 545
246.96 -161.763 546
246.48 -162.06 547
245.547 -162.06 547
245.062 -162.356 548
244.573 -162.652 549
244.081 -162.949 550
243.144 -162.949 550
242.646 -163.245 551
241.707 -163.245 551
240.768 -163.245 551
240.264 -163.541 552
239.323 -163.541 552
238.814 -163.837 553
237.871 -163.837 553
236.928 -163.837 553
235.985 -163.837 553
235.043 -163.837 553
234.1 -163.837 553
233.157 -163.837 553
232.634 -164.134 554
231.69 -164.134 554
230.746 -164.134 554
229.801 -164.134 554
228.857 -164.134 554
228.324 -164.43 555
227.378 -164.43 555
226.431 -164.43 555
225.485 -164.43 555
224.539 -164.43 555
223.593 -164.43 555
222.647 -164.43 555
221.701 -164.43 555
220.755 -164.43 555
219.808 -164.43 555
219.257 -164.726 556
218.309 -164.726 556
217.361 -164.726 556
216.413 -164.726 556
215.078 -164.43 555
214.132 -164.43 555
213.185 -164.43 555
212.239 -164.43 555
210.532 -163.837 553
189.668 -166.208 561
188.712 -166.208 561
187.756 -166.208 561
186.799 -166.208 561
185.843 -166.208 561
184.887 -166.208 561
183.93 -166.208 561
182.974 -166.208 561
182.342 -166.504 562
181.384 -166.504 562
180.747 -166.8 563
179.787 -166.8 563
179.145 -167.096 564
178.183 -167.096 564
177.222 -167.096 564
176.26 -167.096 564
175.299 -167.096 564
174.028 -166.8 563
173.376 -167.096 564
172.72 -167.393 565
171.757 -167.393 565
170.794 -167.393 565
169.831 -167.393 565
168.868 -167.393 565
167.904 -167.393 565
166.941 -167.393 565
166.272 -167.689 566
165.599 -167.985 567
164.632 -167.985 567
163.666 -167.985 567
162.699 -167.985 567
161.447 -167.689 566
160.482 -167.689 566
159.518 -167.689 566
158.833 -167.985 567
157.866 -167.985 567
157.176 -168.281 568
156.208 -168.281 568
155.786 -168.874 570
155.086 -169.17 571
154.113 -169.17 571
153.139 -169.17 571
151.9 -168.874 570
150.928 -168.874 570
149.956 -168.874 570
149.246 -169.17 571
148.272 -169.17 571
147.299 -169.17 571
290.318 -153.16 514
290.568 -153.756 516
289.688 -153.756 516
288.809 -153.756 516
288.487 -154.054 517
288.162 -154.352 518
287.279 -154.352 518
286.396 -154.352 518
286.064 -154.65 519
285.179 -154.65 519
284.295 -154.65 519
283.41 -154.65 519
282.525 -154.65 519
281.64 -154.65 519
280.756 -154.65 519
279.871 -154.65 519
279.524 -154.948 520
278.637 -154.948 520
277.751 -154.948 520
276.864 -154.948 520
276.508 -155.246 521
275.62 -155.246 521
274.732 -155.246 521
273.844 -155.246 521
274.004 -155.842 523
273.634 -156.139 524
272.741 -156.139 524
271.848 -156.139 524
271.988 -156.735 526
271.092 -156.735 526
270.709 -157.033 527
270.322 -157.331 528
269.422 -157.331 528
268.522 -157.331 528
268.129 -157.629 529
267.732 -157.927 530
266.829 -157.927 530
265.925 -157.927 530
265.022 -157.927 530
264.118 -157.927 530
263.711 -158.225 531
262.806 -158.225 531
261.901 -158.225 531
261.487 -158.523 532
260.58 -158.523 532
259.673 -158.523 532
259.739 -159.119 534
259.314 -159.417 535
259.367 -160.013 537
258.452 -160.013 537
258.016 -160.311 538
257.577 -160.609 539
256.658 -160.609 539
255.739 -160.609 539
255.293 -160.907 540
254.372 -160.907 540
253.452 -160.907 540
252.531 -160.907 540
252.077 -161.205 541
251.619 -161.503 542
250.695 -161.503 542
249.771 -161.503 542
249.306 -161.801 543
248.838 -162.099 544
247.91 -162.099 544
247.437 -162.397 545
246.96 -162.695 546
246.48 -162.993 547
245.547 -162.993 547
245.062 -163.291 548
244.573 -163.589 549
244.081 -163.887 550
243.144 -163.887 550
242.646 -164.185 551
241.707 -164.185 551
240.768 -164.185 551
240.264 -164.483 552
239.323 -164.483 552
238.814 -164.781 553
237.871 -164.781 553
236.928 -164.781 553
235.985 -164.781 553
235.043 -164.781 553
234.1 -164.781 553
233.157 -164.781 553
232.634 -165.079 554
231.69 -165.079 554
230.746 -165.079 554
229.801 -165.079 554
228.857 -165.079 554
228.324 -165.377 555
227.378 -165.377 555
226.431 -165.377 555
225.485 -165.377 555
224.539 -165.377 555
223.593 -165.377 555
222.647 -165.377 555
221.701 -165.377 555
220.755 -165.377 555
219.808 -165.377 555
219.257 -165.675 556
218.309 -165.675 556
217.361 -165.675 556
216.413 -165.675 556
215.078 -165.377 555
214.132 -165.377 555
213.185 -165.377 555
212.239 -165.377 555
210.532 -164.781 553
190.625 -167.165 561
189.668 -167.165 561
188.712 -167.165 561
187.756 -167.165 561
186.799 -167.165 561
185.843 -167.165 561
184.887 -167.165 561
183.93 -167.165 561
182.974 -167.165 561
182.342 -167.463 562
181.384 -167.463 562
180.747 -167.761 563
179.787 -167.761 563
179.145 -168.059 564
178.183 -168.059 564
177.222 -168.059 564
176.26 -168.059 564
175.299 -168.059 564
174.028 -167.761 563
173.376 -168.059 564
172.72 -168.357 565
172.061 -168.655 566
171.096 -168.655 566
170.131 -168.655 566
169.166 -168.655 566
168.202 -168.655 566
167.237 -168.655 566
166.566 -168.952 567
165.891 -169.25 568
164.923 -169.25 568
163.954 -169.25 568
162.986 -169.25 568
161.733 -168.952 567
160.766 -168.952 567
159.799 -168.952 567
158.833 -168.952 567
157.866 -168.952 567
157.176 -169.25 568
156.208 -169.25 568
155.786 -169.846 570
155.086 -170.144 571
154.113 -170.144 571
153.139 -170.144 571
290.318 -154.037 514
290.568 -154.636 516
289.688 -154.636 516
288.809 -154.636 516
289.045 -155.235 518
288.162 -155.235 518
287.279 -155.235 518
286.396 -155.235 518
286.064 -155.535 519
285.179 -155.535 519
284.295 -155.535 519
283.41 -155.535 519
282.525 -155.535 519
281.64 -155.535 519
280.756 -155.535 519
279.871 -155.535 519
279.524 -155.835 520
278.637 -155.835 520
277.751 -155.835 520
276.864 -155.835 520
276.508 -156.134 521
275.62 -156.134 521
274.732 -156.134 521
274.369 -156.434 522
274.527 -157.033 524
273.634 -157.033 524
272.741 -157.033 524
272.885 -157.633 526
272.506 -157.933 527
271.607 -157.933 527
271.222 -158.232 528
270.322 -158.232 528
269.932 -158.532 529
269.031 -158.532 529
268.129 -158.532 529
267.732 -158.832 530
266.829 -158.832 530
265.925 -158.832 530
265.022 -158.832 530
264.616 -159.131 531
263.711 -159.131 531
262.806 -159.131 531
262.394 -159.431 532
261.487 -159.431 532
261.07 -159.731 533
260.161 -159.731 533
260.226 -160.33 535
259.314 -160.33 535
259.367 -160.929 537
258.452 -160.929 537
258.016 -161.229 538
257.577 -161.529 539
256.658 -161.529 539
255.739 -161.529 539
255.293 -161.828 540
254.372 -161.828 540
253.452 -161.828 540
252.999 -162.128 541
252.077 -162.128 541
251.619 -162.428 542
250.695 -162.428 542
250.232 -162.727 543
249.306 -162.727 543
248.838 -163.027 544
247.91 -163.027 544
247.891 -163.627 546
246.96 -163.627 546
246.931 -164.226 548
245.996 -164.226 548
245.062 -164.226 548
244.573 -164.526 549
243.638 -164.526 549
243.144 -164.825 550
242.646 -165.125 551
241.707 -165.125 551
240.768 -165.125 551
240.264 -165.425 552
239.323 -165.425 552
238.382 -165.425 552
237.441 -165.425 552
236.928 -165.724 553
235.985 -165.724 553
235.043 -165.724 553
234.1 -165.724 553
233.157 -165.724 553
232.634 -166.024 554
231.69 -166.024 554
230.746 -166.024 554
229.801 -166.024 554
228.857 -166.024 554
228.324 -166.324 555
227.378 -166.324 555
226.431 -166.324 555
225.485 -166.324 555
224.539 -166.324 555
223.593 -166.324 555
222.647 -166.324 555
221.701 -166.324 555
220.755 -166.324 555
219.808 -166.324 555
219.257 -166.623 556
218.309 -166.623 556
217.361 -166.623 556
216.413 -166.623 556
215.078 -166.324 555
214.132 -166.324 555
213.185 -166.324 555
212.239 -166.324 555
210.532 -165.724 553
190.625 -168.122 561
189.668 -168.122 561
188.712 -168.122 561
187.756 -168.122 561
186.799 -168.122 561
185.843 -168.122 561
184.887 -168.122 561
183.93 -168.122 561
182.974 -168.122 561
182.666 -168.721 563
181.707 -168.721 563
180.747 -168.721 563
180.106 -169.021 564
179.145 -169.021 564
178.183 -169.021 564
177.222 -169.021 564
176.26 -169.021 564
175.299 -169.021 564
174.338 -169.021 564
173.376 -169.021 564
172.72 -169.32 565
172.061 -169.62 566
171.096 -169.62 566
170.131 -169.62 566
169.166 -169.62 566
168.202 -169.62 566
167.237 -169.62 566
166.566 -169.92 567
166.183 -170.519 569
165.213 -170.519 569
164.532 -170.819 570
163.56 -170.819 570
162.588 -170.819 570
161.617 -170.819 570
160.081 -170.22 568
158.833 -169.92 567
157.866 -169.92 567
156.9 -169.92 567
155.933 -169.92 567
291.448 -155.516 516
290.568 -155.516 516
289.688 -155.516 516
289.369 -155.818 517
289.045 -156.119 518
288.162 -156.119 518
287.279 -156.119 518
286.396 -156.119 518
286.064 -156.421 519
285.179 -156.421 519
284.295 -156.421 519
283.41 -156.421 519
282.525 -156.421 519
281.64 -156.421 519
280.756 -156.421 519
279.871 -156.421 519
279.524 -156.722 520
278.637 -156.722 520
277.751 -156.722 520
276.864 -156.722 520
276.508 -157.023 521
275.62 -157.023 521
274.732 -157.023 521
274.369 -157.325 522
274.527 -157.927 524
273.634 -157.927 524
272.741 -157.927 524
272.885 -158.53 526
272.506 -158.832 527
271.607 -158.832 527
271.222 -159.133 528
270.322 -159.133 528
269.932 -159.434 529
269.031 -159.434 529
268.636 -159.736 530
267.732 -159.736 530
266.829 -159.736 530
265.925 -159.736 530
265.022 -159.736 530
264.616 -160.037 531
263.711 -160.037 531
262.806 -160.037 531
262.394 -160.339 532
261.487 -160.339 532
261.56 -160.941 534
260.649 -160.941 534
260.226 -161.243 535
259.798 -161.544 536
259.367 -161.846 537
258.933 -162.147 538
258.496 -162.448 539
257.577 -162.448 539
256.658 -162.448 539
256.214 -162.75 540
255.293 -162.75 540
254.844 -163.051 541
253.921 -163.051 541
252.999 -163.051 541
252.543 -163.352 542
251.619 -163.352 542
250.695 -163.352 542
250.232 -163.654 543
249.306 -163.654 543
248.838 -163.955 544
247.91 -163.955 544
247.891 -164.558 546
247.412 -164.859 547
246.931 -165.161 548
245.996 -165.161 548
245.062 -165.161 548
244.573 -165.462 549
243.638 -165.462 549
243.144 -165.764 550
242.646 -166.065 551
242.146 -166.366 552
241.205 -166.366 552
240.264 -166.366 552
239.323 -166.366 552
238.382 -166.366 552
237.441 -166.366 552
236.928 -166.668 553
235.985 -166.668 553
235.043 -166.668 553
234.1 -166.668 553
233.157 -166.668 553
232.214 -166.668 553
231.69 -166.969 554
230.746 -166.969 554
229.801 -166.969 554
228.857 -166.969 554
228.324 -167.271 555
227.378 -167.271 555
226.431 -167.271 555
225.485 -167.271 555
224.539 -167.271 555
223.593 -167.271 555
222.647 -167.271 555
221.701 -167.271 555
220.755 -167.271 555
219.808 -167.271 555
218.862 -167.271 555
217.916 -167.271 555
216.97 -167.271 555
216.024 -167.271 555
214.69 -166.969 554
213.36 -166.668 553
212.417 -166.668 553
211.475 -166.668 553
210.532 -166.668 553
190.625 -169.079 561
189.668 -169.079 561
188.712 -169.079 561
187.756 -169.079 561
186.799 -169.079 561
185.843 -169.079 561
184.887 -169.079 561
183.93 -169.079 561
182.974 -169.079 561
182.666 -169.682 563
181.707 -169.682 563
180.747 -169.682 563
180.106 -169.983 564
179.145 -169.983 564
178.183 -169.983 564
177.222 -169.983 564
176.26 -169.983 564
175.299 -169.983 564
174.338 -169.983 564
173.376 -169.983 564
173.026 -170.586 566
172.061 -170.586 566
171.096 -170.586 566
170.131 -170.586 566
169.465 -170.887 567
168.499 -170.887 567
167.532 -170.887 567
166.566 -170.887 567
166.767 -172.093 571
165.794 -172.093 571
164.82 -172.093 571
163.847 -172.093 571
162.874 -172.093 571
161.9 -172.093 571
160.081 -171.189 568
158.833 -170.887 567
157.866 -170.887 567
156.9 -170.887 567
155.933 -170.887 567
291.448 -156.397 516
291.131 -156.7 517
290.25 -156.7 517
289.928 -157.003 518
289.045 -157.003 518
288.162 -157.003 518
287.279 -157.003 518
286.396 -157.003 518
286.064 -157.306 519
285.179 -157.306 519
284.295 -157.306 519
283.41 -157.306 519
282.525 -157.306 519
281.64 -157.306 519
280.756 -157.306 519
279.871 -157.306 519
279.524 -157.609 520
278.637 -157.609 520
277.751 -157.609 520
276.864 -157.609 520
276.508 -157.912 521
276.149 -158.215 522
275.259 -158.215 522
274.369 -158.215 522
274.527 -158.822 524
273.634 -158.822 524
273.261 -159.125 525
272.885 -159.428 526
273.023 -160.034 528
272.123 -160.034 528
271.222 -160.034 528
270.322 -160.034 528
269.932 -160.337 529
269.031 -160.337 529
268.636 -160.64 530
267.732 -160.64 530
266.829 -160.64 530
265.925 -160.64 530
265.022 -160.64 530
264.616 -160.943 531
263.711 -160.943 531
262.806 -160.943 531
262.394 -161.246 532
261.487 -161.246 532
261.56 -161.852 534
260.649 -161.852 534
260.226 -162.156 535
259.798 -162.459 536
258.884 -162.459 536
258.933 -163.065 538
258.496 -163.368 539
257.577 -163.368 539
256.658 -163.368 539
256.214 -163.671 540
255.293 -163.671 540
254.844 -163.974 541
253.921 -163.974 541
252.999 -163.974 541
252.543 -164.277 542
251.619 -164.277 542
250.695 -164.277 542
250.232 -164.58 543
249.765 -164.883 544
249.295 -165.186 545
248.366 -165.186 545
247.891 -165.49 546
247.865 -166.096 548
246.931 -166.096 548
245.996 -166.096 548
245.062 -166.096 548
244.573 -166.399 549
243.638 -166.399 549
243.144 -166.702 550
242.646 -167.005 551
242.146 -167.308 552
241.205 -167.308 552
240.264 -167.308 552
239.323 -167.308 552
238.382 -167.308 552
237.441 -167.308 552
236.928 -167.611 553
235.985 -167.611 553
235.043 -167.611 553
234.1 -167.611 553
233.157 -167.611 553
232.214 -167.611 553
231.69 -167.914 554
230.746 -167.914 554
229.801 -167.914 554
228.857 -167.914 554
228.324 -168.217 555
227.378 -168.217 555
226.431 -168.217 555
225.485 -168.217 555
224.539 -168.217 555
223.593 -168.217 555
223.048 -168.521 556
222.1 -168.521 556
221.152 -168.521 556
220.204 -168.521 556
219.257 -168.521 556
218.309 -168.521 556
217.361 -168.521 556
216.024 -168.217 555
215.078 -168.217 555
214.132 -168.217 555
213.185 -168.217 555
212.239 -168.217 555
211.674 -168.521 556
210.726 -168.521 556
209.778 -168.521 556
190.625 -170.036 561
189.668 -170.036 561
188.712 -170.036 561
187.756 -170.036 561
186.799 -170.036 561
185.843 -170.036 561
184.887 -170.036 561
183.93 -170.036 561
182.974 -170.036 561
182.666 -170.642 563
181.707 -170.642 563
180.747 -170.642 563
180.106 -170.945 564
179.145 -170.945 564
178.183 -170.945 564
177.222 -170.945 564
176.26 -170.945 564
175.299 -170.945 564
174.338 -170.945 564
173.376 -170.945 564
173.026 -171.551 566
172.061 -171.551 566
171.096 -171.551 566
170.131 -171.551 566
169.465 -171.855 567
168.499 -171.855 567
167.532 -171.855 567
166.566 -171.855 567
166.767 -173.067 571
165.794 -173.067 571
164.82 -173.067 571
163.847 -173.067 571
162.874 -173.067 571
161.9 -173.067 571
160.081 -172.158 568
292.013 -157.582 517
291.694 -157.887 518
290.811 -157.887 518
289.928 -157.887 518
289.045 -157.887 518
288.162 -157.887 518
287.279 -157.887 518
286.949 -158.191 519
286.064 -158.191 519
285.179 -158.191 519
284.295 -158.191 519
283.41 -158.191 519
282.525 -158.191 519
281.64 -158.191 519
280.756 -158.191 519
279.871 -158.191 519
279.524 -158.496 520
278.637 -158.496 520
277.751 -158.496 520
277.397 -158.801 521
276.508 -158.801 521
276.149 -159.106 522
275.259 -159.106 522
274.369 -159.106 522
274.527 -159.715 524
273.634 -159.715 524
273.782 -160.325 526
272.885 -160.325 526
273.023 -160.935 528
272.123 -160.935 528
271.222 -160.935 528
270.834 -161.24 529
269.932 -161.24 529
269.031 -161.24 529
268.636 -161.544 530
267.732 -161.544 530
266.829 -161.544 530
265.925 -161.544 530
265.022 -161.544 530
264.616 -161.849 531
264.208 -162.154 532
263.301 -162.154 532
262.394 -162.154 532
261.979 -162.459 533
261.56 -162.764 534
260.649 -162.764 534
260.712 -163.373 536
259.798 -163.373 536
258.884 -163.373 536
258.933 -163.983 538
258.496 -164.288 539
257.577 -164.288 539
256.658 -164.288 539
256.214 -164.592 540
255.293 -164.592 540
254.844 -164.897 541
253.921 -164.897 541
252.999 -164.897 541
252.543 -165.202 542
251.619 -165.202 542
250.695 -165.202 542
250.232 -165.507 543
249.765 -165.812 544
249.295 -166.116 545
248.366 -166.116 545
247.891 -166.421 546
247.865 -167.031 548
246.931 -167.031 548
245.996 -167.031 548
245.062 -167.031 548
244.573 -167.336 549
243.638 -167.336 549
243.144 -167.64 550
242.646 -167.945 551
242.146 -168.25 552
241.205 -168.25 552
240.264 -168.25 552
239.323 -168.25 552
238.382 -168.25 552
237.441 -168.25 552
236.928 -168.555 553
235.985 -168.555 553
235.043 -168.555 553
234.1 -168.555 553
233.157 -168.555 553
232.214 -168.555 553
231.69 -168.86 554
230.746 -168.86 554
229.801 -168.86 554
229.683 -169.469 556
228.735 -169.469 556
227.787 -169.469 556
227.247 -169.774 557
226.298 -169.774 557
225.348 -169.774 557
224.399 -169.774 557
223.85 -170.079 558
222.899 -170.079 558
221.948 -170.079 558
220.997 -170.079 558
220.045 -170.079 558
219.094 -170.079 558
218.143 -170.079 558
217.192 -170.079 558
215.853 -169.774 557
214.903 -169.774 557
213.954 -169.774 557
213.004 -169.774 557
212.435 -170.079 558
212.242 -170.688 560
211.287 -170.688 560
210.333 -170.688 560
190.285 -170.688 560
189.668 -170.993 561
188.712 -170.993 561
187.756 -170.993 561
187.132 -171.298 562
186.174 -171.298 562
185.216 -171.298 562
183.93 -170.993 561
182.974 -170.993 561
182.666 -171.603 563
181.707 -171.603 563
180.747 -171.603 563
180.106 -171.908 564
179.145 -171.908 564
178.183 -171.908 564
177.222 -171.908 564
176.26 -171.908 564
175.299 -171.908 564
174.338 -171.908 564
173.376 -171.908 564
173.026 -172.517 566
172.061 -172.517 566
171.096 -172.517 566
170.131 -172.517 566
169.465 -172.822 567
168.499 -172.822 567
167.532 -172.822 567
166.566 -172.822 567
166.767 -174.041 571
165.794 -174.041 571
164.82 -174.041 571
163.847 -174.041 571
162.874 -174.041 571
161.9 -174.041 571
292.013 -158.464 517
291.694 -158.77 518
290.811 -158.77 518
289.928 -158.77 518
289.045 -158.77 518
288.718 -159.077 519
287.834 -159.077 519
286.949 -159.077 519
286.064 -159.077 519
285.729 -159.383 520
284.842 -159.383 520
283.956 -159.383 520
282.525 -159.077 519
281.64 -159.077 519
280.756 -159.077 519
280.41 -159.383 520
279.524 -159.383 520
279.173 -159.69 521
278.285 -159.69 521
277.397 -159.69 521
277.039 -159.996 522
276.149 -159.996 522
275.259 -159.996 522
275.421 -160.609 524
275.051 -160.916 525
274.156 -160.916 525
273.782 -161.223 526
273.923 -161.836 528
273.023 -161.836 528
272.123 -161.836 528
271.736 -162.142 529
270.834 -162.142 529
269.932 -162.142 529
269.031 -162.142 529
268.636 -162.449 530
267.732 -162.449 530
266.829 -162.449 530
265.925 -162.449 530
265.522 -162.755 531
264.616 -162.755 531
264.208 -163.062 532
263.301 -163.062 532
262.887 -163.368 533
261.979 -163.368 533
261.56 -163.675 534
260.649 -163.675 534
260.712 -164.288 536
259.798 -164.288 536
258.884 -164.288 536
258.933 -164.901 538
258.496 -165.207 539
258.055 -165.514 540
257.134 -165.514 540
256.214 -165.514 540
255.766 -165.82 541
254.844 -165.82 541
253.921 -165.82 541
252.999 -165.82 541
252.543 -166.127 542
252.083 -166.433 543
251.157 -166.433 543
250.692 -166.74 544
250.224 -167.046 545
249.753 -167.353 546
248.822 -167.353 546
248.799 -167.966 548
247.865 -167.966 548
246.931 -167.966 548
245.996 -167.966 548
245.509 -168.272 549
245.019 -168.579 550
244.081 -168.579 550
243.586 -168.885 551
242.646 -168.885 551
242.146 -169.192 552
241.205 -169.192 552
240.264 -169.192 552
239.323 -169.192 552
238.814 -169.498 553
237.871 -169.498 553
236.928 -169.498 553
236.412 -169.805 554
235.468 -169.805 554
234.523 -169.805 554
233.579 -169.805 554
233.054 -170.111 555
232.108 -170.111 555
231.162 -170.111 555
230.216 -170.111 555
229.683 -170.418 556
228.735 -170.418 556
227.787 -170.418 556
227.247 -170.724 557
226.298 -170.724 557
225.348 -170.724 557
224.399 -170.724 557
223.85 -171.031 558
222.899 -171.031 558
221.948 -171.031 558
220.997 -171.031 558
220.045 -171.031 558
219.094 -171.031 558
218.143 -171.031 558
217.192 -171.031 558
215.853 -170.724 557
214.903 -170.724 557
213.954 -170.724 557
213.004 -170.724 557
212.435 -171.031 558
212.242 -171.644 560
211.287 -171.644 560
210.333 -171.644 560
190.285 -171.644 560
189.668 -171.95 561
188.712 -171.95 561
187.756 -171.95 561
187.132 -172.257 562
186.174 -172.257 562
185.216 -172.257 562
183.93 -171.95 561
182.974 -171.95 561
182.666 -172.563 563
181.707 -172.563 563
180.747 -172.563 563
180.106 -172.87 564
179.145 -172.87 564
178.183 -172.87 564
177.222 -172.87 564
176.26 -172.87 564
175.299 -172.87 564
174.028 -172.563 563
173.376 -172.87 564
173.026 -173.483 566
172.061 -173.483 566
171.096 -173.483 566
170.131 -173.483 566
169.465 -173.789 567
168.499 -173.789 567
167.532 -173.789 567
166.272 -173.483 566
166.767 -175.015 571
165.794 -175.015 571
164.82 -175.015 571
163.847 -175.015 571
162.874 -175.015 571
161.9 -175.015 571
292.577 -159.654 518
292.257 -159.962 519
291.373 -159.962 519
290.488 -159.962 519
289.603 -159.962 519
288.718 -159.962 519
287.834 -159.962 519
286.949 -159.962 519
286.064 -159.962 519
285.729 -160.271 520
284.842 -160.271 520
283.956 -160.271 520
282.525 -159.962 519
281.64 -159.962 519
280.756 -159.962 519
280.41 -160.271 520
279.524 -160.271 520
279.173 -160.579 521
278.285 -160.579 521
277.397 -160.579 521
277.039 -160.887 522
276.149 -160.887 522
275.259 -160.887 522
275.421 -161.503 524
275.051 -161.812 525
274.156 -161.812 525
273.782 -162.12 526
273.923 -162.736 528
273.023 -162.736 528
272.123 -162.736 528
271.736 -163.045 529
270.834 -163.045 529
269.932 -163.045 529
269.031 -163.045 529
268.636 -163.353 530
268.237 -163.661 531
267.332 -163.661 531
266.427 -163.661 531
265.522 -163.661 531
264.616 -163.661 531
264.208 -163.969 532
263.301 -163.969 532
262.887 -164.277 533
262.47 -164.586 534
261.56 -164.586 534
261.138 -164.894 535
260.712 -165.202 536
260.283 -165.51 537
259.367 -165.51 537
258.933 -165.818 538
258.496 -166.127 539
258.055 -166.435 540
257.134 -166.435 540
256.214 -166.435 540
255.766 -166.743 541
254.844 -166.743 541
253.921 -166.743 541
253.467 -167.051 542
253.009 -167.36 543
252.547 -167.668 544
251.62 -167.668 544
251.153 -167.976 545
251.602 -168.901 548
250.667 -168.901 548
250.189 -169.209 549
249.253 -169.209 549
248.769 -169.517 550
247.832 -169.517 550
246.894 -169.517 550
245.957 -169.517 550
245.464 -169.825 551
244.525 -169.825 551
243.586 -169.825 551
242.646 -169.825 551
242.146 -170.133 552
241.205 -170.133 552
240.264 -170.133 552
239.756 -170.442 553
239.245 -170.75 554
238.301 -170.75 554
237.357 -170.75 554
236.412 -170.75 554
235.893 -171.058 555
234.947 -171.058 555
234 -171.058 555
233.474 -171.366 556
232.526 -171.366 556
231.579 -171.366 556
230.631 -171.366 556
229.683 -171.366 556
229.146 -171.675 557
228.197 -171.675 557
227.655 -171.983 558
226.704 -171.983 558
226.157 -172.291 559
225.204 -172.291 559
224.251 -172.291 559
223.698 -172.599 560
222.743 -172.599 560
221.789 -172.599 560
220.834 -172.599 560
219.879 -172.599 560
218.925 -172.599 560
217.581 -172.291 559
216.628 -172.291 559
215.675 -172.291 559
214.338 -171.983 558
213.387 -171.983 558
212.816 -172.291 559
212.242 -172.599 560
211.287 -172.599 560
210.708 -172.907 561
209.752 -172.907 561
208.796 -172.907 561
190.285 -172.599 560
189.668 -172.907 561
188.712 -172.907 561
187.756 -172.907 561
187.132 -173.216 562
186.174 -173.216 562
185.216 -173.216 562
183.93 -172.907 561
182.974 -172.907 561
182.342 -173.216 562
181.384 -173.216 562
180.747 -173.524 563
180.106 -173.832 564
179.145 -173.832 564
178.183 -173.832 564
177.222 -173.832 564
176.26 -173.832 564
175.299 -173.832 564
174.028 -173.524 563
173.376 -173.832 564
173.026 -174.448 566
172.061 -174.448 566
171.096 -174.448 566
170.131 -174.448 566
169.465 -174.757 567
168.499 -174.757 567
167.532 -174.757 567
166.272 -174.448 566
166.767 -175.99 571
165.794 -175.99 571
164.82 -175.99 571
163.847 -175.99 571
162.874 -175.99 571
161.9 -175.99 571
293.142 -160.848 519
292.257 -160.848 519
291.373 -160.848 519
290.488 -160.848 519
289.603 -160.848 519
288.718 -160.848 519
287.834 -160.848 519
286.949 -160.848 519
286.615 -161.158 520
285.729 -161.158 520
284.842 -161.158 520
283.956 -161.158 520
283.069 -161.158 520
282.183 -161.158 520
281.296 -161.158 520
280.41 -161.158 520
280.061 -161.468 521
279.709 -161.778 522
278.819 -161.778 522
277.929 -161.778 522
277.039 -161.778 522
276.149 -161.778 522
276.314 -162.397 524
275.946 -162.707 525
275.575 -163.017 526
274.679 -163.017 526
274.823 -163.637 528
273.923 -163.637 528
273.54 -163.947 529
272.638 -163.947 529
271.736 -163.947 529
270.834 -163.947 529
270.443 -164.257 530
269.539 -164.257 530
268.636 -164.257 530
268.237 -164.567 531
267.332 -164.567 531
266.427 -164.567 531
265.522 -164.567 531
264.616 -164.567 531
264.208 -164.877 532
263.301 -164.877 532
262.887 -165.187 533
262.47 -165.497 534
261.56 -165.497 534
261.138 -165.807 535
260.712 -166.117 536
260.283 -166.426 537
259.367 -166.426 537
258.933 -166.736 538
258.496 -167.046 539
258.055 -167.356 540
257.134 -167.356 540
256.214 -167.356 540
255.766 -167.666 541
254.844 -167.666 541
253.921 -167.666 541
253.467 -167.976 542
253.009 -168.286 543
252.547 -168.596 544
251.62 -168.596 544
251.153 -168.906 545
252.061 -170.145 549
251.125 -170.145 549
250.189 -170.145 549
249.707 -170.455 550
248.769 -170.455 550
247.832 -170.455 550
246.894 -170.455 550
246.404 -170.765 551
245.464 -170.765 551
244.525 -170.765 551
243.586 -170.765 551
243.087 -171.075 552
242.146 -171.075 552
241.205 -171.075 552
240.699 -171.385 553
240.19 -171.695 554
239.245 -171.695 554
238.301 -171.695 554
237.357 -171.695 554
236.839 -172.005 555
236.318 -172.315 556
235.37 -172.315 556
234.422 -172.315 556
233.474 -172.315 556
232.945 -172.625 557
231.995 -172.625 557
231.046 -172.625 557
230.096 -172.625 557
229.558 -172.935 558
228.607 -172.935 558
228.063 -173.245 559
227.11 -173.245 559
226.157 -173.245 559
225.204 -173.245 559
224.653 -173.555 560
223.698 -173.555 560
222.743 -173.555 560
221.789 -173.555 560
221.228 -173.864 561
220.272 -173.864 561
219.316 -173.864 561
218.359 -173.864 561
216.628 -173.245 559
215.675 -173.245 559
214.722 -173.245 559
213.769 -173.245 559
212.816 -173.245 559
212.621 -173.864 561
211.665 -173.864 561
210.708 -173.864 561
209.752 -173.864 561
208.796 -173.864 561
190.285 -173.555 560
189.668 -173.864 561
188.712 -173.864 561
187.756 -173.864 561
187.132 -174.174 562
186.174 -174.174 562
185.216 -174.174 562
183.93 -173.864 561
182.974 -173.864 561
182.342 -174.174 562
181.384 -174.174 562
180.426 -174.174 562
179.787 -174.484 563
179.145 -174.794 564
178.183 -174.794 564
177.222 -174.794 564
176.26 -174.794 564
175.299 -174.794 564
174.028 -174.484 563
173.069 -174.484 563
173.026 -175.414 566
172.061 -175.414 566
171.096 -175.414 566
170.131 -175.414 566
169.166 -175.414 566
168.202 -175.414 566
293.142 -161.733 519
292.257 -161.733 519
291.373 -161.733 519
290.488 -161.733 519
289.603 -161.733 519
288.718 -161.733 519
287.834 -161.733 519
286.949 -161.733 519
286.615 -162.045 520
285.729 -162.045 520
284.842 -162.045 520
283.956 -162.045 520
283.069 -162.045 520
282.183 -162.045 520
281.296 -162.045 520
280.41 -162.045 520
280.599 -162.668 522
279.709 -162.668 522
278.819 -162.668 522
278.461 -162.98 523
278.101 -163.291 524
277.207 -163.291 524
276.841 -163.603 525
276.472 -163.915 526
276.623 -164.538 528
275.723 -164.538 528
275.343 -164.85 529
274.442 -164.85 529
273.54 -164.85 529
272.638 -164.85 529
272.25 -165.161 530
271.346 -165.161 530
270.443 -165.161 530
269.539 -165.161 530
269.143 -165.473 531
268.237 -165.473 531
267.332 -165.473 531
266.427 -165.473 531
265.522 -165.473 531
265.115 -165.784 532
264.704 -166.096 533
263.796 -166.096 533
263.38 -166.408 534
262.47 -166.408 534
261.56 -166.408 534
261.138 -166.719 535
260.712 -167.031 536
260.283 -167.343 537
259.367 -167.343 537
258.933 -167.654 538
258.975 -168.277 540
258.055 -168.277 540
257.134 -168.277 540
256.214 -168.277 540
255.766 -168.589 541
254.844 -168.589 541
253.921 -168.589 541
253.467 -168.901 542
253.475 -169.524 544
253.011 -169.836 545
252.082 -169.836 545
252.536 -170.77 548
252.061 -171.082 549
251.125 -171.082 549
250.189 -171.082 549
249.707 -171.394 550
248.769 -171.394 550
247.832 -171.394 550
246.894 -171.394 550
246.404 -171.705 551
245.464 -171.705 551
244.525 -171.705 551
243.586 -171.705 551
243.087 -172.017 552
242.146 -172.017 552
241.205 -172.017 552
240.699 -172.329 553
240.19 -172.64 554
239.245 -172.64 554
238.301 -172.64 554
237.357 -172.64 554
236.839 -172.952 555
236.318 -173.263 556
235.37 -173.263 556
234.422 -173.263 556
233.474 -173.263 556
232.945 -173.575 557
231.995 -173.575 557
231.046 -173.575 557
230.096 -173.575 557
229.558 -173.887 558
229.016 -174.198 559
228.063 -174.198 559
227.11 -174.198 559
226.157 -174.198 559
225.607 -174.51 560
224.653 -174.51 560
223.698 -174.51 560
222.743 -174.51 560
222.185 -174.822 561
221.228 -174.822 561
220.272 -174.822 561
219.316 -174.822 561
218.359 -174.822 561
217.015 -174.51 560
216.061 -174.51 560
214.722 -174.198 559
213.769 -174.198 559
213.197 -174.51 560
212.621 -174.822 561
211.665 -174.822 561
211.084 -175.133 562
210.126 -175.133 562
209.168 -175.133 562
191.24 -174.51 560
190.285 -174.51 560
189.668 -174.822 561
188.712 -174.822 561
187.756 -174.822 561
186.799 -174.822 561
185.843 -174.822 561
184.887 -174.822 561
183.93 -174.822 561
182.974 -174.822 561
182.342 -175.133 562
181.384 -175.133 562
180.426 -175.133 562
179.468 -175.133 562
178.827 -175.445 563
177.868 -175.445 563
176.908 -175.445 563
175.948 -175.445 563
174.988 -175.445 563
174.028 -175.445 563
173.069 -175.445 563
172.415 -175.756 564
171.453 -175.756 564
170.492 -175.756 564
293.142 -162.619 519
292.257 -162.619 519
291.373 -162.619 519
290.488 -162.619 519
289.603 -162.619 519
288.718 -162.619 519
287.834 -162.619 519
286.949 -162.619 519
286.615 -162.932 520
285.729 -162.932 520
284.842 -162.932 520
283.956 -162.932 520
283.069 -162.932 520
282.183 -162.932 520
281.296 -162.932 520
280.41 -162.932 520
280.599 -163.559 522
279.709 -163.559 522
279.353 -163.872 523
278.994 -164.185 524
278.631 -164.499 525
277.736 -164.499 525
277.369 -164.812 526
276.472 -164.812 526
277.147 -165.752 529
276.245 -165.752 529
275.343 -165.752 529
274.442 -165.752 529
274.057 -166.065 530
273.153 -166.065 530
272.25 -166.065 530
271.346 -166.065 530
270.953 -166.379 531
270.048 -166.379 531
269.143 -166.379 531
268.237 -166.379 531
267.836 -166.692 532
266.929 -166.692 532
266.022 -166.692 532
265.115 -166.692 532
264.704 -167.005 533
263.796 -167.005 533
263.38 -167.319 534
262.962 -167.632 535
262.05 -167.632 535
261.626 -167.945 536
261.198 -168.259 537
260.768 -168.572 538
259.85 -168.572 538
259.415 -168.885 539
258.975 -169.199 540
258.055 -169.199 540
257.134 -169.199 540
256.688 -169.512 541
255.766 -169.512 541
255.315 -169.825 542
254.391 -169.825 542
253.467 -169.825 542
253.475 -170.452 544
253.476 -171.079 546
252.545 -171.079 546
252.997 -172.019 549
252.061 -172.019 549
251.125 -172.019 549
250.645 -172.332 550
249.707 -172.332 550
249.222 -172.645 551
248.282 -172.645 551
247.343 -172.645 551
246.404 -172.645 551
245.464 -172.645 551
244.525 -172.645 551
244.028 -172.959 552
243.087 -172.959 552
242.584 -173.272 553
241.642 -173.272 553
241.134 -173.585 554
240.19 -173.585 554
239.245 -173.585 554
238.301 -173.585 554
237.785 -173.899 555
237.266 -174.212 556
236.318 -174.212 556
235.37 -174.212 556
234.844 -174.525 557
233.894 -174.525 557
233.363 -174.839 558
232.412 -174.839 558
231.46 -174.839 558
230.509 -174.839 558
229.558 -174.839 558
229.016 -175.152 559
228.063 -175.152 559
227.11 -175.152 559
226.157 -175.152 559
225.607 -175.465 560
224.653 -175.465 560
223.698 -175.465 560
222.743 -175.465 560
222.185 -175.779 561
221.228 -175.779 561
220.272 -175.779 561
219.316 -175.779 561
218.359 -175.779 561
217.015 -175.465 560
216.061 -175.465 560
214.722 -175.152 559
213.769 -175.152 559
213.197 -175.465 560
212.621 -175.779 561
211.665 -175.779 561
211.084 -176.092 562
210.126 -176.092 562
209.168 -176.092 562
191.24 -175.465 560
190.285 -175.465 560
189.668 -175.779 561
188.712 -175.779 561
187.756 -175.779 561
186.799 -175.779 561
185.843 -175.779 561
184.887 -175.779 561
183.93 -175.779 561
182.974 -175.779 561
182.342 -176.092 562
181.384 -176.092 562
180.426 -176.092 562
179.468 -176.092 562
178.827 -176.405 563
177.868 -176.405 563
176.908 -176.405 563
175.948 -176.405 563
174.988 -176.405 563
173.719 -176.092 562
172.761 -176.092 562
171.803 -176.092 562
170.845 -176.092 562
293.142 -163.504 519
292.257 -163.504 519
291.373 -163.504 519
290.488 -163.504 519
289.603 -163.504 519
288.718 -163.504 519
287.834 -163.504 519
286.949 -163.504 519
286.615 -163.819 520
285.729 -163.819 520
284.842 -163.819 520
283.956 -163.819 520
283.069 -163.819 520
282.183 -163.819 520
281.296 -163.819 520
280.41 -163.819 520
280.599 -164.449 522
279.709 -164.449 522
279.353 -164.764 523
278.994 -165.079 524
278.631 -165.395 525
277.736 -165.395 525
277.369 -165.71 526
276.472 -165.71 526
277.147 -166.655 529
276.245 -166.655 529
275.343 -166.655 529
274.442 -166.655 529
274.057 -166.97 530
273.153 -166.97 530
272.25 -166.97 530
271.346 -166.97 530
270.953 -167.285 531
270.048 -167.285 531
269.143 -167.285 531
268.743 -167.6 532
267.836 -167.6 532
266.929 -167.6 532
266.022 -167.6 532
265.613 -167.915 533
264.704 -167.915 533
264.291 -168.23 534
264.367 -168.86 536
263.453 -168.86 536
262.539 -168.86 536
262.114 -169.175 537
261.685 -169.49 538
261.252 -169.805 539
260.333 -169.805 539
259.896 -170.12 540
258.975 -170.12 540
258.533 -170.435 541
257.61 -170.435 541
256.688 -170.435 541
255.766 -170.435 541
255.315 -170.75 542
254.391 -170.75 542
253.934 -171.065 543
253.941 -171.695 545
253.476 -172.01 546
253.007 -172.325 547
252.997 -172.955 549
252.52 -173.27 550
251.582 -173.27 550
250.645 -173.27 550
249.707 -173.27 550
249.222 -173.585 551
248.282 -173.585 551
247.343 -173.585 551
246.404 -173.585 551
245.91 -173.901 552
244.969 -173.901 552
244.028 -173.901 552
243.527 -174.216 553
242.584 -174.216 553
241.642 -174.216 553
241.134 -174.531 554
240.19 -174.531 554
239.245 -174.531 554
238.301 -174.531 554
238.213 -175.161 556
237.692 -175.476 557
237.168 -175.791 558
236.217 -175.791 558
235.687 -176.106 559
234.734 -176.106 559
233.781 -176.106 559
232.828 -176.106 559
231.875 -176.106 559
230.922 -176.106 559
229.969 -176.106 559
229.426 -176.421 560
228.879 -176.736 561
227.923 -176.736 561
226.967 -176.736 561
226.01 -176.736 561
225.054 -176.736 561
224.097 -176.736 561
223.141 -176.736 561
222.581 -177.051 562
221.623 -177.051 562
220.665 -177.051 562
219.707 -177.051 562
218.749 -177.051 562
217.403 -176.736 561
216.447 -176.736 561
215.106 -176.421 560
214.151 -176.421 560
213.577 -176.736 561
213.379 -177.366 563
212.419 -177.366 563
211.46 -177.366 563
210.5 -177.366 563
209.54 -177.366 563
191.24 -176.421 560
190.285 -176.421 560
189.33 -176.421 560
188.376 -176.421 560
187.756 -176.736 561
186.799 -176.736 561
185.843 -176.736 561
184.887 -176.736 561
183.602 -176.421 560
182.974 -176.736 561
182.342 -177.051 562
181.384 -177.051 562
180.426 -177.051 562
179.468 -177.051 562
178.51 -177.051 562
177.552 -177.051 562
176.908 -177.366 563
175.948 -177.366 563
174.988 -177.366 563
173.719 -177.051 562
172.761 -177.051 562
171.803 -177.051 562
170.845 -177.051 562
292.577 -164.073 518
292.257 -164.39 519
291.373 -164.39 519
290.488 -164.39 519
289.603 -164.39 519
288.718 -164.39 519
287.834 -164.39 519
286.949 -164.39 519
286.615 -164.707 520
285.729 -164.707 520
284.842 -164.707 520
283.956 -164.707 520
283.069 -164.707 520
282.183 -164.707 520
281.296 -164.707 520
280.41 -164.707 520
280.599 -165.34 522
279.709 -165.34 522
279.353 -165.657 523
278.994 -165.973 524
278.631 -166.29 525
277.736 -166.29 525
277.369 -166.607 526
276.472 -166.607 526
277.147 -167.557 529
276.245 -167.557 529
275.343 -167.557 529
274.96 -167.874 530
274.057 -167.874 530
273.153 -167.874 530
272.25 -167.874 530
271.346 -167.874 530
270.953 -168.191 531
270.048 -168.191 531
269.143 -168.191 531
268.743 -168.507 532
267.836 -168.507 532
266.929 -168.507 532
266.022 -168.507 532
265.613 -168.824 533
264.704 -168.824 533
264.291 -169.141 534
264.367 -169.774 536
263.453 -169.774 536
262.539 -169.774 536
262.114 -170.091 537
261.685 -170.408 538
261.252 -170.725 539
260.333 -170.725 539
259.896 -171.041 540
258.975 -171.041 540
258.533 -171.358 541
257.61 -171.358 541
256.688 -171.358 541
255.766 -171.358 541
255.315 -171.675 542
254.391 -171.675 542
253.934 -171.992 543
253.941 -172.625 545
253.476 -172.942 546
253.007 -173.259 547
252.997 -173.892 549
252.52 -174.209 550
251.582 -174.209 550
250.645 -174.209 550
250.161 -174.526 551
249.222 -174.526 551
248.282 -174.526 551
247.792 -174.842 552
246.851 -174.842 552
245.91 -174.842 552
244.969 -174.842 552
244.47 -175.159 553
243.527 -175.159 553
243.023 -175.476 554
242.079 -175.476 554
241.134 -175.476 554
240.623 -175.793 555
240.109 -176.109 556
239.161 -176.109 556
238.642 -176.426 557
238.119 -176.743 558
237.168 -176.743 558
236.64 -177.06 559
236.109 -177.376 560
235.574 -177.693 561
234.617 -177.693 561
233.661 -177.693 561
232.705 -177.693 561
231.748 -177.693 561
230.792 -177.693 561
229.836 -177.693 561
229.287 -178.01 562
228.329 -178.01 562
227.371 -178.01 562
226.413 -178.01 562
225.455 -178.01 562
224.497 -178.01 562
223.539 -178.01 562
222.977 -178.326 563
222.017 -178.326 563
221.057 -178.326 563
220.098 -178.326 563
218.749 -178.01 562
217.79 -178.01 562
216.832 -178.01 562
215.874 -178.01 562
214.916 -178.01 562
213.958 -178.01 562
213.379 -178.326 563
212.419 -178.326 563
211.46 -178.326 563
210.874 -178.643 564
209.912 -178.643 564
208.951 -178.643 564
191.24 -177.376 560
190.285 -177.376 560
189.33 -177.376 560
188.376 -177.376 560
187.756 -177.693 561
186.799 -177.693 561
185.843 -177.693 561
184.887 -177.693 561
183.602 -177.376 560
182.974 -177.693 561
182.342 -178.01 562
181.384 -178.01 562
180.426 -178.01 562
179.787 -178.326 563
178.827 -178.326 563
177.868 -178.326 563
176.908 -178.326 563
175.635 -178.01 562
174.677 -178.01 562
173.41 -177.693 561
172.454 -177.693 561
171.497 -177.693 561
170.541 -177.693 561
292.577 -164.957 518
292.257 -165.275 519
291.373 -165.275 519
290.488 -165.275 519
289.603 -165.275 519
288.718 -165.275 519
287.834 -165.275 519
286.949 -165.275 519
286.064 -165.275 519
285.729 -165.594 520
284.842 -165.594 520
283.956 -165.594 520
283.069 -165.594 520
282.183 -165.594 520
281.296 -165.594 520
280.41 -165.594 520
280.061 -165.912 521
279.173 -165.912 521
279.353 -166.549 523
278.994 -166.867 524
278.631 -167.186 525
277.736 -167.186 525
277.369 -167.504 526
276.472 -167.504 526
277.147 -168.46 529
276.245 -168.46 529
275.343 -168.46 529
274.96 -168.778 530
274.057 -168.778 530
273.153 -168.778 530
272.25 -168.778 530
271.346 -168.778 530
270.953 -169.097 531
270.048 -169.097 531
269.649 -169.415 532
268.743 -169.415 532
268.339 -169.734 533
267.43 -169.734 533
266.522 -169.734 533
266.111 -170.052 534
265.201 -170.052 534
265.281 -170.689 536
264.86 -171.007 537
263.945 -171.007 537
263.029 -171.007 537
262.602 -171.326 538
261.685 -171.326 538
261.252 -171.644 539
260.333 -171.644 539
259.896 -171.963 540
259.455 -172.281 541
258.533 -172.281 541
257.61 -172.281 541
256.688 -172.281 541
255.766 -172.281 541
255.786 -172.918 543
254.86 -172.918 543
253.934 -172.918 543
254.406 -173.873 546
253.476 -173.873 546
253.47 -174.51 548
252.997 -174.829 549
252.52 -175.147 550
251.582 -175.147 550
250.645 -175.147 550
250.161 -175.466 551
249.222 -175.466 551
248.282 -175.466 551
247.792 -175.784 552
246.851 -175.784 552
245.91 -175.784 552
244.969 -175.784 552
244.47 -176.103 553
243.527 -176.103 553
243.023 -176.421 554
242.079 -176.421 554
241.134 -176.421 554
240.623 -176.739 555
240.109 -177.058 556
239.161 -177.058 556
238.642 -177.376 557
238.119 -177.695 558
237.168 -177.695 558
236.64 -178.013 559
236.109 -178.332 560
235.574 -178.65 561
234.617 -178.65 561
233.661 -178.65 561
232.705 -178.65 561
231.748 -178.65 561
230.792 -178.65 561
229.836 -178.65 561
229.287 -178.969 562
228.329 -178.969 562
227.371 -178.969 562
226.413 -178.969 562
225.455 -178.969 562
224.896 -179.287 563
223.937 -179.287 563
222.977 -179.287 563
222.017 -179.287 563
221.057 -179.287 563
220.098 -179.287 563
219.138 -179.287 563
218.178 -179.287 563
217.218 -179.287 563
215.874 -178.969 562
214.916 -178.969 562
214.339 -179.287 563
213.758 -179.605 564
212.797 -179.605 564
211.835 -179.605 564
211.621 -180.242 566
211.029 -180.561 567
210.062 -180.561 567
209.833 -181.198 569
208.863 -181.198 569
207.893 -181.198 569
191.24 -178.332 560
190.285 -178.332 560
189.33 -178.332 560
188.376 -178.332 560
187.756 -178.65 561
186.799 -178.65 561
185.843 -178.65 561
184.887 -178.65 561
183.602 -178.332 560
182.974 -178.65 561
182.342 -178.969 562
181.384 -178.969 562
180.426 -178.969 562
179.787 -179.287 563
178.827 -179.287 563
177.868 -179.287 563
176.908 -179.287 563
292.577 -165.841 518
291.694 -165.841 518
290.811 -165.841 518
289.928 -165.841 518
289.045 -165.841 518
288.162 -165.841 518
287.279 -165.841 518
286.396 -165.841 518
286.064 -166.161 519
285.729 -166.481 520
284.842 -166.481 520
283.956 -166.481 520
283.069 -166.481 520
282.183 -166.481 520
281.296 -166.481 520
280.41 -166.481 520
280.061 -166.801 521
279.173 -166.801 521
279.353 -167.441 523
278.994 -167.761 524
278.631 -168.082 525
277.736 -168.082 525
277.369 -168.402 526
276.472 -168.402 526
277.147 -169.362 529
276.245 -169.362 529
275.343 -169.362 529
274.96 -169.682 530
274.057 -169.682 530
273.153 -169.682 530
272.25 -169.682 530
271.346 -169.682 530
270.953 -170.003 531
270.048 -170.003 531
269.649 -170.323 532
269.248 -170.643 533
268.339 -170.643 533
267.43 -170.643 533
267.022 -170.963 534
266.111 -170.963 534
265.201 -170.963 534
265.776 -171.924 537
264.86 -171.924 537
264.436 -172.244 538
263.519 -172.244 538
262.602 -172.244 538
262.171 -172.564 539
261.252 -172.564 539
260.333 -172.564 539
259.896 -172.884 540
259.455 -173.204 541
258.533 -173.204 541
257.61 -173.204 541
256.688 -173.204 541
255.766 -173.204 541
255.786 -173.844 543
254.86 -173.844 543
253.934 -173.844 543
254.872 -175.125 547
253.94 -175.125 547
253.47 -175.445 548
252.997 -175.765 549
252.52 -176.086 550
251.582 -176.086 550
251.1 -176.406 551
250.161 -176.406 551
249.674 -176.726 552
248.733 -176.726 552
247.792 -176.726 552
246.851 -176.726 552
246.355 -177.046 553
245.413 -177.046 553
244.912 -177.366 554
243.968 -177.366 554
243.462 -177.686 555
242.516 -177.686 555
242.005 -178.006 556
241.057 -178.006 556
240.541 -178.327 557
239.591 -178.327 557
239.499 -178.967 559
238.973 -179.287 560
238.018 -179.287 560
237.487 -179.607 561
236.53 -179.607 561
235.994 -179.927 562
235.036 -179.927 562
234.078 -179.927 562
233.12 -179.927 562
232.161 -179.927 562
231.203 -179.927 562
230.245 -179.927 562
229.287 -179.927 562
228.329 -179.927 562
227.371 -179.927 562
226.413 -179.927 562
225.455 -179.927 562
224.896 -180.248 563
223.937 -180.248 563
222.977 -180.248 563
222.017 -180.248 563
221.057 -180.248 563
220.098 -180.248 563
219.138 -180.248 563
218.178 -180.248 563
217.218 -180.248 563
215.874 -179.927 562
214.916 -179.927 562
214.339 -180.248 563
213.758 -180.568 564
212.797 -180.568 564
211.835 -180.568 564
211.621 -181.208 566
211.029 -181.528 567
210.062 -181.528 567
209.833 -182.168 569
208.863 -182.168 569
207.893 -182.168 569
191.24 -179.287 560
190.285 -179.287 560
189.33 -179.287 560
188.376 -179.287 560
187.756 -179.607 561
186.799 -179.607 561
185.843 -179.607 561
184.887 -179.607 561
183.602 -179.287 560
182.974 -179.607 561
182.342 -179.927 562
181.384 -179.927 562
180.426 -179.927 562
179.787 -180.248 563
178.827 -180.248 563
177.868 -180.248 563
176.908 -180.248 563
292.577 -166.724 518
292.257 -167.046 519
291.373 -167.046 519
290.488 -167.046 519
289.603 -167.046 519
288.718 -167.046 519
287.279 -166.724 518
286.396 -166.724 518
286.064 -167.046 519
285.729 -167.368 520
284.842 -167.368 520
283.956 -167.368 520
282.525 -167.046 519
281.64 -167.046 519
280.756 -167.046 519
279.871 -167.046 519
280.061 -167.69 521
279.173 -167.69 521
279.353 -168.334 523
278.994 -168.655 524
278.631 -168.977 525
277.736 -168.977 525
277.369 -169.299 526
276.472 -169.299 526
277.147 -170.265 529
276.245 -170.265 529
275.343 -170.265 529
274.96 -170.587 530
274.057 -170.587 530
273.153 -170.587 530
272.25 -170.587 530
271.346 -170.587 530
270.953 -170.909 531
270.048 -170.909 531
269.649 -171.23 532
269.248 -171.552 533
268.339 -171.552 533
267.932 -171.874 534
267.022 -171.874 534
266.111 -171.874 534
265.201 -171.874 534
265.776 -172.84 537
265.353 -173.162 538
264.436 -173.162 538
263.519 -173.162 538
263.09 -173.483 539
262.171 -173.483 539
261.737 -173.805 540
260.816 -173.805 540
260.377 -174.127 541
259.455 -174.127 541
258.533 -174.127 541
257.61 -174.127 541
256.688 -174.127 541
255.766 -174.127 541
255.786 -174.771 543
254.86 -174.771 543
253.934 -174.771 543
254.872 -176.058 547
253.94 -176.058 547
253.47 -176.38 548
252.997 -176.702 549
252.52 -177.024 550
251.582 -177.024 550
251.1 -177.346 551
250.615 -177.668 552
249.674 -177.668 552
248.733 -177.668 552
247.792 -177.668 552
247.298 -177.989 553
246.801 -178.311 554
245.856 -178.311 554
245.354 -178.633 555
245.289 -179.277 557
244.339 -179.277 557
243.827 -179.599 558
243.311 -179.921 559
242.358 -179.921 559
241.405 -179.921 559
240.882 -180.242 560
240.356 -180.564 561
240.253 -181.208 563
239.293 -181.208 563
238.333 -181.208 563
237.795 -181.53 564
236.834 -181.53 564
235.872 -181.53 564
234.911 -181.53 564
233.949 -181.53 564
232.988 -181.53 564
231.615 -181.208 563
230.245 -180.886 562
229.287 -180.886 562
228.329 -180.886 562
227.371 -180.886 562
226.816 -181.208 563
225.856 -181.208 563
224.896 -181.208 563
223.937 -181.208 563
223.373 -181.53 564
222.411 -181.53 564
221.45 -181.53 564
220.488 -181.53 564
219.138 -181.208 563
218.178 -181.208 563
217.218 -181.208 563
216.258 -181.208 563
215.299 -181.208 563
214.72 -181.53 564
214.137 -181.852 565
213.174 -181.852 565
212.211 -181.852 565
211.621 -182.174 566
211.029 -182.496 567
210.803 -183.139 569
210.202 -183.461 570
209.23 -183.461 570
208.258 -183.461 570
190.898 -179.921 559
189.945 -179.921 559
189.33 -180.242 560
188.376 -180.242 560
187.421 -180.242 560
186.466 -180.242 560
185.512 -180.242 560
184.557 -180.242 560
183.274 -179.921 559
182.322 -179.921 559
181.369 -179.921 559
180.416 -179.921 559
293.142 -167.932 519
292.257 -167.932 519
291.373 -167.932 519
290.488 -167.932 519
289.603 -167.932 519
288.718 -167.932 519
287.834 -167.932 519
286.396 -167.608 518
286.615 -168.255 520
285.729 -168.255 520
284.842 -168.255 520
283.956 -168.255 520
282.525 -167.932 519
281.64 -167.932 519
280.756 -167.932 519
279.871 -167.932 519
280.061 -168.579 521
279.173 -168.579 521
279.353 -169.226 523
278.994 -169.549 524
278.631 -169.873 525
277.736 -169.873 525
277.369 -170.197 526
276.472 -170.197 526
277.147 -171.167 529
276.245 -171.167 529
275.343 -171.167 529
274.96 -171.491 530
274.057 -171.491 530
273.153 -171.491 530
272.25 -171.491 530
271.346 -171.491 530
270.953 -171.814 531
270.048 -171.814 531
269.649 -172.138 532
269.248 -172.462 533
268.339 -172.462 533
267.932 -172.785 534
267.022 -172.785 534
266.111 -172.785 534
265.201 -172.785 534
265.776 -173.756 537
265.353 -174.079 538
264.436 -174.079 538
263.519 -174.079 538
263.09 -174.403 539
262.171 -174.403 539
261.737 -174.727 540
260.816 -174.727 540
260.377 -175.05 541
259.455 -175.05 541
258.533 -175.05 541
257.61 -175.05 541
256.688 -175.05 541
255.766 -175.05 541
255.786 -175.697 543
254.86 -175.697 543
253.934 -175.697 543
254.872 -176.992 547
253.94 -176.992 547
253.47 -177.315 548
252.997 -177.639 549
252.52 -177.962 550
251.582 -177.962 550
251.1 -178.286 551
250.615 -178.609 552
250.126 -178.933 553
249.184 -178.933 553
248.241 -178.933 553
247.745 -179.257 554
247.246 -179.58 555
246.3 -179.58 555
246.238 -180.227 557
245.729 -180.551 558
244.778 -180.551 558
244.264 -180.874 559
243.746 -181.198 560
242.791 -181.198 560
241.837 -181.198 560
241.312 -181.521 561
241.213 -182.169 563
240.253 -182.169 563
239.293 -182.169 563
238.757 -182.492 564
238.217 -182.816 565
237.253 -182.816 565
236.29 -182.816 565
235.327 -182.816 565
233.949 -182.492 564
232.988 -182.492 564
232.026 -182.492 564
231.065 -182.492 564
229.695 -182.169 563
228.735 -182.169 563
227.776 -182.169 563
226.816 -182.169 563
225.856 -182.169 563
225.296 -182.492 564
224.334 -182.492 564
223.373 -182.492 564
222.411 -182.492 564
221.45 -182.492 564
220.488 -182.492 564
219.527 -182.492 564
218.178 -182.169 563
217.218 -182.169 563
216.258 -182.169 563
215.681 -182.492 564
215.1 -182.816 565
214.137 -182.816 565
213.174 -182.816 565
212.586 -183.139 566
212.369 -183.786 568
211.401 -183.786 568
210.803 -184.11 569
210.571 -184.757 571
210.331 -185.404 573
209.355 -185.404 573
208.378 -185.404 573
206.677 -184.757 571
205.704 -184.757 571
204.73 -184.757 571
203.4 -184.434 570
189.605 -180.551 558
188.992 -180.874 559
188.039 -180.874 559
187.086 -180.874 559
186.133 -180.874 559
185.18 -180.874 559
184.227 -180.874 559
182.947 -180.551 558
181.995 -180.551 558
181.044 -180.551 558
293.142 -168.817 519
292.257 -168.817 519
291.373 -168.817 519
290.488 -168.817 519
289.603 -168.817 519
288.718 -168.817 519
287.834 -168.817 519
286.396 -168.492 518
286.615 -169.142 520
285.729 -169.142 520
284.842 -169.142 520
283.956 -169.142 520
282.525 -168.817 519
281.64 -168.817 519
280.756 -168.817 519
279.871 -168.817 519
280.599 -169.793 522
279.709 -169.793 522
279.887 -170.443 524
279.526 -170.769 525
279.162 -171.094 526
278.265 -171.094 526
277.369 -171.094 526
276.472 -171.094 526
277.147 -172.07 529
276.245 -172.07 529
275.343 -172.07 529
274.96 -172.395 530
274.057 -172.395 530
273.153 -172.395 530
272.25 -172.395 530
271.858 -172.72 531
270.953 -172.72 531
270.048 -172.72 531
269.649 -173.046 532
269.248 -173.371 533
268.339 -173.371 533
267.932 -173.696 534
267.022 -173.696 534
267.108 -174.347 536
266.194 -174.347 536
266.271 -174.997 538
265.847 -175.323 539
264.928 -175.323 539
264.009 -175.323 539
263.09 -175.323 539
262.658 -175.648 540
261.737 -175.648 540
260.816 -175.648 540
260.377 -175.973 541
259.455 -175.973 541
258.533 -175.973 541
257.61 -175.973 541
256.688 -175.973 541
256.239 -176.298 542
255.786 -176.624 543
254.86 -176.624 543
254.87 -177.274 545
254.406 -177.6 546
253.476 -177.6 546
253.47 -178.25 548
252.997 -178.575 549
252.979 -179.226 551
252.04 -179.226 551
251.1 -179.226 551
250.615 -179.551 552
250.126 -179.876 553
249.184 -179.876 553
248.241 -179.876 553
247.745 -180.202 554
247.246 -180.527 555
246.3 -180.527 555
246.238 -181.178 557
245.729 -181.503 558
244.778 -181.503 558
244.264 -181.828 559
243.746 -182.153 560
242.791 -182.153 560
241.837 -182.153 560
241.312 -182.479 561
241.213 -183.129 563
240.253 -183.129 563
239.293 -183.129 563
238.757 -183.454 564
238.217 -183.78 565
237.253 -183.78 565
236.29 -183.78 565
235.327 -183.78 565
233.949 -183.454 564
232.988 -183.454 564
232.026 -183.454 564
231.065 -183.454 564
229.695 -183.129 563
229.142 -183.454 564
228.18 -183.454 564
227.219 -183.454 564
226.257 -183.454 564
225.296 -183.454 564
224.334 -183.454 564
223.373 -183.454 564
222.411 -183.454 564
221.45 -183.454 564
220.488 -183.454 564
219.527 -183.454 564
218.565 -183.454 564
217.604 -183.454 564
216.643 -183.454 564
216.063 -183.78 565
215.1 -183.78 565
214.137 -183.78 565
213.174 -183.78 565
212.586 -184.105 566
212.369 -184.756 568
211.401 -184.756 568
210.803 -185.081 569
210.571 -185.731 571
210.331 -186.382 573
209.355 -186.382 573
208.378 -186.382 573
207.401 -186.382 573
206.424 -186.382 573
205.447 -186.382 573
203.757 -185.731 571
189.605 -181.503 558
188.654 -181.503 558
187.703 -181.503 558
187.086 -181.828 559
186.133 -181.828 559
185.18 -181.828 559
184.227 -181.828 559
182.947 -181.503 558
181.995 -181.503 558
181.044 -181.503 558
293.142 -169.703 519
292.257 -169.703 519
291.373 -169.703 519
290.488 -169.703 519
289.603 -169.703 519
288.718 -169.703 519
287.834 -169.703 519
286.396 -169.376 518
286.615 -170.03 520
285.729 -170.03 520
284.842 -170.03 520
283.956 -170.03 520
283.069 -170.03 520
281.64 -169.703 519
280.756 -169.703 519
280.41 -170.03 520
280.599 -170.684 522
279.709 -170.684 522
279.887 -171.337 524
280.059 -171.991 526
279.162 -171.991 526
278.265 -171.991 526
277.369 -171.991 526
276.998 -172.318 527
277.147 -172.972 529
276.245 -172.972 529
275.864 -173.299 530
274.96 -173.299 530
274.574 -173.626 531
273.669 -173.626 531
272.763 -173.626 531
271.858 -173.626 531
270.953 -173.626 531
270.556 -173.953 532
270.156 -174.28 533
270.258 -174.934 535
269.346 -174.934 535
268.936 -175.261 536
268.022 -175.261 536
268.105 -175.915 538
267.188 -175.915 538
266.765 -176.242 539
266.34 -176.569 540
265.419 -176.569 540
264.499 -176.569 540
263.578 -176.569 540
262.658 -176.569 540
261.737 -176.569 540
260.816 -176.569 540
260.858 -177.223 542
259.934 -177.223 542
259.01 -177.223 542
258.087 -177.223 542
257.163 -177.223 542
256.711 -177.55 543
255.786 -177.55 543
255.329 -177.877 544
255.337 -178.531 546
255.338 -179.185 548
254.404 -179.185 548
253.932 -179.512 549
253.457 -179.839 550
252.979 -180.166 551
252.04 -180.166 551
251.556 -180.493 552
250.615 -180.493 552
250.126 -180.82 553
249.184 -180.82 553
248.69 -181.147 554
247.745 -181.147 554
247.246 -181.474 555
246.3 -181.474 555
246.238 -182.128 557
246.169 -182.782 559
245.216 -182.782 559
245.137 -183.436 561
244.181 -183.436 561
243.225 -183.436 561
242.268 -183.436 561
242.172 -184.09 563
241.641 -184.417 564
240.679 -184.417 564
239.718 -184.417 564
239.18 -184.744 565
238.217 -184.744 565
237.253 -184.744 565
236.29 -184.744 565
235.327 -184.744 565
234.364 -184.744 565
233.401 -184.744 565
232.438 -184.744 565
231.065 -184.417 564
230.103 -184.417 564
229.142 -184.417 564
228.18 -184.417 564
227.219 -184.417 564
226.257 -184.417 564
225.296 -184.417 564
224.334 -184.417 564
223.373 -184.417 564
222.411 -184.417 564
221.45 -184.417 564
220.488 -184.417 564
219.527 -184.417 564
218.565 -184.417 564
217.604 -184.417 564
216.643 -184.417 564
216.063 -184.744 565
215.1 -184.744 565
214.137 -184.744 565
213.174 -184.744 565
212.586 -185.071 566
212.369 -185.725 568
211.401 -185.725 568
210.803 -186.052 569
210.571 -186.706 571
210.331 -187.359 573
209.355 -187.359 573
208.378 -187.359 573
207.401 -187.359 573
206.424 -187.359 573
205.447 -187.359 573
203.757 -186.706 571
189.605 -182.455 558
188.654 -182.455 558
187.703 -182.455 558
187.086 -182.782 559
186.133 -182.782 559
185.18 -182.782 559
184.227 -182.782 559
182.947 -182.455 558
181.995 -182.455 558
181.044 -182.455 558
292.257 -170.588 519
291.373 -170.588 519
290.488 -170.588 519
289.603 -170.588 519
288.718 -170.588 519
287.834 -170.588 519
286.396 -170.259 518
286.615 -170.917 520
285.729 -170.917 520
284.842 -170.917 520
283.956 -170.917 520
283.069 -170.917 520
281.64 -170.588 519
280.756 -170.588 519
280.41 -170.917 520
280.599 -171.574 522
279.709 -171.574 522
279.887 -172.231 524
280.059 -172.889 526
279.162 -172.889 526
278.265 -172.889 526
277.369 -172.889 526
276.998 -173.218 527
277.147 -173.875 529
276.245 -173.875 529
275.864 -174.204 530
274.96 -174.204 530
274.574 -174.532 531
273.669 -174.532 531
272.763 -174.532 531
271.858 -174.532 531
270.953 -174.532 531
270.556 -174.861 532
270.156 -175.19 533
270.258 -175.847 535
269.346 -175.847 535
268.936 -176.176 536
269.022 -176.833 538
268.603 -177.162 539
267.684 -177.162 539
267.26 -177.49 540
266.34 -177.49 540
265.419 -177.49 540
264.499 -177.49 540
264.066 -177.819 541
263.144 -177.819 541
262.222 -177.819 541
261.299 -177.819 541
260.858 -178.148 542
260.414 -178.477 543
259.488 -178.477 543
258.563 -178.477 543
258.111 -178.805 544
257.184 -178.805 544
256.257 -178.805 544
256.268 -179.463 546
256.273 -180.12 548
255.804 -180.449 549
254.868 -180.449 549
254.395 -180.777 550
253.918 -181.106 551
252.979 -181.106 551
252.04 -181.106 551
251.556 -181.435 552
251.069 -181.763 553
250.126 -181.763 553
249.184 -181.763 553
248.69 -182.092 554
247.745 -182.092 554
247.246 -182.421 555
246.3 -182.421 555
246.238 -183.078 557
247.05 -184.393 561
246.094 -184.393 561
245.574 -184.722 562
244.616 -184.722 562
244.092 -185.05 563
243.132 -185.05 563
242.172 -185.05 563
241.641 -185.379 564
241.106 -185.708 565
240.143 -185.708 565
239.603 -186.036 566
238.638 -186.036 566
237.673 -186.036 566
236.709 -186.036 566
235.744 -186.036 566
234.364 -185.708 565
233.401 -185.708 565
232.438 -185.708 565
231.474 -185.708 565
230.511 -185.708 565
229.548 -185.708 565
228.585 -185.708 565
227.622 -185.708 565
226.257 -185.379 564
225.296 -185.379 564
224.334 -185.379 564
223.769 -185.708 565
222.806 -185.708 565
221.843 -185.708 565
220.879 -185.708 565
219.916 -185.708 565
218.953 -185.708 565
217.99 -185.708 565
217.027 -185.708 565
216.063 -185.708 565
215.481 -186.036 566
214.516 -186.036 566
213.551 -186.036 566
212.586 -186.036 566
212.743 -187.022 569
211.773 -187.022 569
210.803 -187.022 569
210.571 -187.68 571
210.331 -188.337 573
209.355 -188.337 573
208.741 -188.666 574
207.763 -188.666 574
206.784 -188.666 574
205.447 -188.337 573
204.114 -188.008 572
188.654 -183.407 558
187.703 -183.407 558
187.086 -183.735 559
186.133 -183.735 559
185.18 -183.735 559
183.898 -183.407 558
182.947 -183.407 558
286.615 -171.804 520
285.729 -171.804 520
284.842 -171.804 520
283.956 -171.804 520
283.069 -171.804 520
281.64 -171.474 519
280.756 -171.474 519
280.41 -171.804 520
280.599 -172.465 522
279.709 -172.465 522
279.887 -173.125 524
280.059 -173.786 526
279.693 -174.117 527
278.794 -174.117 527
277.896 -174.117 527
277.523 -174.447 528
277.671 -175.108 530
276.767 -175.108 530
276.384 -175.438 531
275.998 -175.769 532
275.091 -175.769 532
274.184 -175.769 532
273.277 -175.769 532
272.882 -176.099 533
271.974 -176.099 533
271.573 -176.429 534
272.184 -177.421 537
271.773 -177.751 538
270.856 -177.751 538
269.939 -177.751 538
269.022 -177.751 538
268.603 -178.081 539
267.684 -178.081 539
267.26 -178.412 540
266.34 -178.412 540
265.419 -178.412 540
264.499 -178.412 540
264.066 -178.742 541
263.144 -178.742 541
262.222 -178.742 541
261.299 -178.742 541
260.858 -179.073 542
260.414 -179.403 543
259.488 -179.403 543
258.563 -179.403 543
258.111 -179.733 544
257.184 -179.733 544
256.257 -179.733 544
256.268 -180.394 546
256.273 -181.055 548
255.804 -181.385 549
254.868 -181.385 549
254.395 -181.716 550
253.918 -182.046 551
252.979 -182.046 551
252.04 -182.046 551
251.556 -182.376 552
251.069 -182.707 553
250.579 -183.037 554
249.634 -183.037 554
248.69 -183.037 554
248.192 -183.368 555
247.246 -183.368 555
246.744 -183.698 556
247.122 -184.689 559
247.491 -185.68 562
246.533 -185.68 562
245.574 -185.68 562
245.052 -186.011 563
244.092 -186.011 563
243.132 -186.011 563
242.602 -186.341 564
242.069 -186.672 565
241.533 -187.002 566
240.568 -187.002 566
240.027 -187.332 567
239.06 -187.332 567
238.093 -187.332 567
237.127 -187.332 567
236.16 -187.332 567
234.779 -187.002 566
233.814 -187.002 566
232.438 -186.672 565
231.474 -186.672 565
230.511 -186.672 565
229.548 -186.672 565
228.585 -186.672 565
227.622 -186.672 565
226.658 -186.672 565
225.695 -186.672 565
224.732 -186.672 565
223.769 -186.672 565
222.806 -186.672 565
221.843 -186.672 565
220.879 -186.672 565
219.916 -186.672 565
218.953 -186.672 565
217.99 -186.672 565
217.027 -186.672 565
216.446 -187.002 566
215.481 -187.002 566
214.516 -187.002 566
213.551 -187.002 566
212.586 -187.002 566
213.117 -188.324 570
212.145 -188.324 570
211.174 -188.324 570
210.571 -188.654 571
210.331 -189.315 573
209.355 -189.315 573
208.741 -189.645 574
207.763 -189.645 574
206.784 -189.645 574
205.447 -189.315 573
204.114 -188.984 572
286.615 -172.691 520
285.729 -172.691 520
284.842 -172.691 520
283.956 -172.691 520
283.069 -172.691 520
282.183 -172.691 520
280.756 -172.359 519
280.41 -172.691 520
280.061 -173.023 521
279.173 -173.023 521
279.887 -174.019 524
280.059 -174.684 526
279.693 -175.016 527
278.794 -175.016 527
278.423 -175.348 528
278.049 -175.68 529
277.671 -176.012 530
277.812 -176.676 532
277.946 -177.34 534
277.035 -177.34 534
276.125 -177.34 534
275.73 -177.673 535
274.818 -177.673 535
274.418 -178.005 536
273.504 -178.005 536
273.099 -178.337 537
272.691 -178.669 538
271.773 -178.669 538
270.856 -178.669 538
270.441 -179.001 539
269.522 -179.001 539
268.603 -179.001 539
267.684 -179.001 539
267.26 -179.333 540
266.833 -179.665 541
265.911 -179.665 541
264.988 -179.665 541
264.066 -179.665 541
263.144 -179.665 541
262.706 -179.997 542
261.782 -179.997 542
261.34 -180.329 543
260.894 -180.661 544
259.966 -180.661 544
259.039 -180.661 544
258.111 -180.661 544
258.13 -181.326 546
257.199 -181.326 546
256.737 -181.658 547
256.273 -181.99 548
255.804 -182.322 549
254.868 -182.322 549
254.395 -182.654 550
253.918 -182.986 551
253.438 -183.318 552
252.497 -183.318 552
251.556 -183.318 552
251.069 -183.65 553
250.579 -183.982 554
249.634 -183.982 554
248.69 -183.982 554
248.192 -184.315 555
247.246 -184.315 555
246.744 -184.647 556
247.122 -185.643 559
247.491 -186.639 562
246.533 -186.639 562
245.574 -186.639 562
245.052 -186.971 563
244.092 -186.971 563
243.132 -186.971 563
242.602 -187.303 564
242.069 -187.635 565
241.533 -187.968 566
240.568 -187.968 566
240.027 -188.3 567
239.06 -188.3 567
238.093 -188.3 567
237.127 -188.3 567
236.16 -188.3 567
234.779 -187.968 566
233.814 -187.968 566
232.438 -187.635 565
231.474 -187.635 565
230.511 -187.635 565
229.548 -187.635 565
228.585 -187.635 565
227.622 -187.635 565
226.658 -187.635 565
225.695 -187.635 565
224.732 -187.635 565
223.769 -187.635 565
222.806 -187.635 565
221.843 -187.635 565
220.879 -187.635 565
219.916 -187.635 565
218.953 -187.635 565
217.99 -187.635 565
217.027 -187.635 565
216.446 -187.968 566
215.481 -187.968 566
214.516 -187.968 566
213.551 -187.968 566
212.586 -187.968 566
213.491 -189.628 571
212.517 -189.628 571
211.544 -189.628 571
210.571 -189.628 571
210.331 -190.292 573
209.355 -190.292 573
208.741 -190.624 574
207.763 -190.624 574
206.784 -190.624 574
205.447 -190.292 573
204.114 -189.96 572
284.842 -173.578 520
283.956 -173.578 520
283.069 -173.578 520
282.183 -173.578 520
280.756 -173.244 519
280.41 -173.578 520
280.061 -173.912 521
279.173 -173.912 521
279.887 -174.913 524
280.059 -175.581 526
279.693 -175.915 527
278.794 -175.915 527
278.951 -176.582 529
280.151 -177.918 533
279.243 -177.918 533
278.856 -178.252 534
278.987 -178.919 536
278.073 -178.919 536
277.159 -178.919 536
276.246 -178.919 536
275.332 -178.919 536
274.93 -179.253 537
274.015 -179.253 537
273.099 -179.253 537
272.691 -179.587 538
272.279 -179.921 539
271.36 -179.921 539
270.441 -179.921 539
269.522 -179.921 539
268.603 -179.921 539
267.684 -179.921 539
267.755 -180.588 541
266.833 -180.588 541
265.911 -180.588 541
264.988 -180.588 541
264.554 -180.922 542
264.117 -181.256 543
263.191 -181.256 543
262.265 -181.256 543
261.821 -181.59 544
260.894 -181.59 544
259.966 -181.59 544
259.039 -181.59 544
258.586 -181.923 545
258.602 -182.591 547
257.67 -182.591 547
257.207 -182.925 548
256.74 -183.259 549
256.27 -183.592 550
255.333 -183.592 550
254.395 -183.592 550
253.918 -183.926 551
253.438 -184.26 552
252.497 -184.26 552
251.556 -184.26 552
251.069 -184.594 553
250.579 -184.928 554
249.634 -184.928 554
248.69 -184.928 554
248.192 -185.261 555
247.246 -185.261 555
246.744 -185.595 556
247.122 -186.597 559
247.491 -187.598 562
246.533 -187.598 562
246.011 -187.932 563
245.052 -187.932 563
244.525 -188.266 564
243.564 -188.266 564
243.033 -188.599 565
242.498 -188.933 566
241.96 -189.267 567
240.993 -189.267 567
240.027 -189.267 567
239.482 -189.601 568
238.513 -189.601 568
237.545 -189.601 568
236.577 -189.601 568
235.608 -189.601 568
234.227 -189.267 567
232.849 -188.933 566
231.474 -188.599 565
230.511 -188.599 565
229.548 -188.599 565
228.585 -188.599 565
227.622 -188.599 565
226.658 -188.599 565
225.695 -188.599 565
224.732 -188.599 565
223.769 -188.599 565
222.806 -188.599 565
221.843 -188.599 565
220.879 -188.599 565
219.916 -188.599 565
218.953 -188.599 565
217.99 -188.599 565
217.027 -188.599 565
216.446 -188.933 566
215.481 -188.933 566
214.516 -188.933 566
213.551 -188.933 566
212.586 -188.933 566
213.491 -190.602 571
212.517 -190.602 571
211.544 -190.602 571
210.571 -190.602 571
210.331 -191.27 573
209.355 -191.27 573
208.378 -191.27 573
207.401 -191.27 573
206.424 -191.27 573
205.447 -191.27 573
204.114 -190.936 572
283.956 -174.465 520
283.069 -174.465 520
282.183 -174.465 520
280.756 -174.13 519
280.41 -174.465 520
280.061 -174.801 521
279.173 -174.801 521
279.887 -175.807 524
279.526 -176.143 525
279.693 -176.814 527
278.794 -176.814 527
278.951 -177.485 529
280.151 -178.827 533
279.243 -178.827 533
278.856 -179.163 534
278.987 -179.834 536
278.073 -179.834 536
277.159 -179.834 536
276.246 -179.834 536
275.332 -179.834 536
274.93 -180.169 537
274.015 -180.169 537
273.099 -180.169 537
272.691 -180.505 538
272.279 -180.84 539
271.36 -180.84 539
270.441 -180.84 539
269.522 -180.84 539
269.102 -181.176 540
268.181 -181.176 540
267.755 -181.511 541
266.833 -181.511 541
266.402 -181.847 542
265.478 -181.847 542
265.042 -182.182 543
264.603 -182.518 544
263.676 -182.518 544
263.231 -182.853 545
262.784 -183.189 546
261.853 -183.189 546
260.922 -183.189 546
259.991 -183.189 546
259.06 -183.189 546
258.602 -183.524 547
257.67 -183.524 547
257.207 -183.86 548
256.74 -184.195 549
256.27 -184.531 550
255.333 -184.531 550
254.395 -184.531 550
253.918 -184.866 551
253.438 -185.202 552
252.497 -185.202 552
251.556 -185.202 552
251.069 -185.537 553
250.579 -185.873 554
249.634 -185.873 554
248.69 -185.873 554
248.192 -186.208 555
247.246 -186.208 555
246.744 -186.544 556
248.007 -188.221 561
247.931 -188.892 563
246.971 -188.892 563
246.448 -189.228 564
245.487 -189.228 564
244.959 -189.563 565
243.996 -189.563 565
243.463 -189.899 566
242.926 -190.234 567
241.96 -190.234 567
241.418 -190.57 568
240.873 -190.905 569
239.903 -190.905 569
238.933 -190.905 569
237.963 -190.905 569
236.993 -190.905 569
236.023 -190.905 569
234.64 -190.57 568
232.849 -189.899 566
231.884 -189.899 566
230.919 -189.899 566
229.954 -189.899 566
228.989 -189.899 566
228.025 -189.899 566
227.06 -189.899 566
226.095 -189.899 566
224.732 -189.563 565
223.769 -189.563 565
222.806 -189.563 565
221.843 -189.563 565
220.879 -189.563 565
219.916 -189.563 565
218.565 -189.228 564
217.99 -189.563 565
217.027 -189.563 565
216.063 -189.563 565
215.481 -189.899 566
214.516 -189.899 566
213.551 -189.899 566
212.586 -189.899 566
213.491 -191.576 571
212.517 -191.576 571
211.544 -191.576 571
210.571 -191.576 571
209.597 -191.576 571
208.624 -191.576 571
278.951 -178.388 529
280.151 -179.736 533
279.243 -179.736 533
279.378 -180.411 535
278.987 -180.748 536
278.592 -181.085 537
277.676 -181.085 537
276.761 -181.085 537
275.846 -181.085 537
274.93 -181.085 537
274.015 -181.085 537
273.099 -181.085 537
273.197 -181.76 539
272.784 -182.097 540
271.863 -182.097 540
270.943 -182.097 540
270.022 -182.097 540
269.102 -182.097 540
268.181 -182.097 540
267.755 -182.434 541
266.833 -182.434 541
266.402 -182.771 542
265.478 -182.771 542
265.042 -183.109 543
264.603 -183.446 544
263.676 -183.446 544
263.231 -183.783 545
262.784 -184.12 546
261.853 -184.12 546
260.922 -184.12 546
259.991 -184.12 546
259.06 -184.12 546
258.602 -184.457 547
257.67 -184.457 547
257.207 -184.795 548
256.74 -185.132 549
256.27 -185.469 550
255.333 -185.469 550
254.395 -185.469 550
253.918 -185.806 551
253.438 -186.144 552
252.497 -186.144 552
251.556 -186.144 552
251.069 -186.481 553
250.579 -186.818 554
249.634 -186.818 554
248.69 -186.818 554
248.192 -187.155 555
247.246 -187.155 555
246.744 -187.492 556
248.891 -189.853 563
248.812 -190.527 565
247.849 -190.527 565
246.885 -190.527 565
246.357 -190.865 566
245.826 -191.202 567
244.859 -191.202 567
244.323 -191.539 568
244.212 -192.213 570
243.24 -192.213 570
242.268 -192.213 570
242.143 -192.888 572
241.168 -192.888 572
240.193 -192.888 572
238.381 -192.213 570
237.41 -192.213 570
236.438 -192.213 570
235.053 -191.876 569
233.672 -191.539 568
231.884 -190.865 566
230.919 -190.865 566
229.954 -190.865 566
228.989 -190.865 566
228.025 -190.865 566
227.06 -190.865 566
226.095 -190.865 566
225.13 -190.865 566
224.165 -190.865 566
223.2 -190.865 566
222.235 -190.865 566
220.879 -190.527 565
219.916 -190.527 565
218.953 -190.527 565
217.99 -190.527 565
217.027 -190.527 565
216.446 -190.865 566
215.481 -190.865 566
214.516 -190.865 566
213.551 -190.865 566
212.962 -191.202 567
213.865 -192.888 572
212.89 -192.888 572
211.915 -192.888 572
210.939 -192.888 572
209.964 -192.888 572
280.151 -180.646 533
279.243 -180.646 533
279.378 -181.324 535
278.987 -181.663 536
278.592 -182.001 537
277.676 -182.001 537
276.761 -182.001 537
275.846 -182.001 537
274.93 -182.001 537
273.099 -182.001 537
273.704 -183.018 540
273.794 -183.696 542
272.87 -183.696 542
271.946 -183.696 542
270.522 -183.357 541
269.6 -183.357 541
268.678 -183.357 541
267.26 -183.018 540
266.833 -183.357 541
266.402 -183.696 542
265.478 -183.696 542
265.042 -184.035 543
265.09 -184.713 545
264.16 -184.713 545
263.714 -185.052 546
262.784 -185.052 546
261.853 -185.052 546
260.922 -185.052 546
259.991 -185.052 546
259.06 -185.052 546
258.13 -185.052 546
257.199 -185.052 546
257.207 -185.73 548
256.74 -186.069 549
255.804 -186.069 549
254.868 -186.069 549
254.395 -186.407 550
253.918 -186.746 551
252.979 -186.746 551
252.04 -186.746 551
251.1 -186.746 551
250.579 -187.763 554
249.634 -187.763 554
248.69 -187.763 554
248.192 -188.102 555
247.246 -188.102 555
246.744 -188.441 556
248.891 -190.813 563
248.812 -191.491 565
247.849 -191.491 565
246.885 -191.491 565
246.357 -191.83 566
245.826 -192.169 567
244.859 -192.169 567
244.323 -192.508 568
244.212 -193.186 570
243.24 -193.186 570
242.268 -193.186 570
242.143 -193.864 572
241.168 -193.864 572
240.193 -193.864 572
238.381 -193.186 570
237.41 -193.186 570
236.438 -193.186 570
235.053 -192.847 569
233.672 -192.508 568
231.884 -191.83 566
230.919 -191.83 566
229.954 -191.83 566
228.989 -191.83 566
228.025 -191.83 566
227.06 -191.83 566
226.095 -191.83 566
225.925 -192.508 568
224.957 -192.508 568
223.989 -192.508 568
222.628 -192.169 567
221.661 -192.169 567
220.305 -191.83 566
219.341 -191.83 566
218.376 -191.83 566
217.795 -192.169 567
217.211 -192.508 568
216.242 -192.508 568
215.274 -192.508 568
214.306 -192.508 568
215.216 -194.203 573
214.239 -194.203 573
213.262 -194.203 573
212.285 -194.203 573
211.308 -194.203 573
210.331 -194.203 573
280.151 -181.555 533
279.243 -181.555 533
279.378 -182.236 535
278.987 -182.577 536
278.592 -182.918 537
277.676 -182.918 537
276.761 -182.918 537
275.846 -182.918 537
274.93 -182.918 537
273.099 -182.918 537
273.704 -183.94 540
273.794 -184.621 542
273.877 -185.302 544
272.95 -185.302 544
272.022 -185.302 544
270.596 -184.961 543
269.671 -184.961 543
265.09 -185.643 545
264.16 -185.643 545
263.714 -185.983 546
262.784 -185.983 546
261.853 -185.983 546
260.922 -185.983 546
259.991 -185.983 546
259.06 -185.983 546
258.13 -185.983 546
257.199 -185.983 546
248.891 -191.774 563
248.812 -192.455 565
247.849 -192.455 565
247.322 -192.796 566
246.793 -193.136 567
245.826 -193.136 567
245.291 -193.477 568
245.183 -194.158 570
244.64 -194.499 571
243.667 -194.499 571
243.118 -194.84 572
242.143 -194.84 572
241.168 -194.84 572
240.193 -194.84 572
239.218 -194.84 572
238.243 -194.84 572
237.268 -194.84 572
235.466 -194.158 570
233.672 -193.477 568
232.703 -193.477 568
231.735 -193.477 568
230.767 -193.477 568
229.799 -193.477 568
228.83 -193.477 568
227.862 -193.477 568
226.894 -193.477 568
225.925 -193.477 568
224.957 -193.477 568
223.989 -193.477 568
222.628 -193.136 567
221.661 -193.136 567
220.305 -192.796 566
219.341 -192.796 566
218.376 -192.796 566
217.795 -193.136 567
217.211 -193.477 568
216.242 -193.477 568
215.274 -193.477 568
214.306 -193.477 568
215.216 -195.18 573
214.239 -195.18 573
213.262 -195.18 573
212.285 -195.18 573
211.308 -195.18 573
210.331 -195.18 573
273.704 -184.861 540
273.794 -185.545 542
273.877 -186.23 544
272.95 -186.23 544
272.022 -186.23 544
270.596 -185.888 543
269.671 -185.888 543
265.09 -186.572 545
264.16 -186.572 545
263.714 -186.915 546
262.784 -186.915 546
261.853 -186.915 546
260.922 -186.915 546
259.991 -186.915 546
259.06 -186.915 546
258.13 -186.915 546
257.199 -186.915 546
248.812 -193.419 565
247.849 -193.419 565
247.322 -193.762 566
246.793 -194.104 567
245.826 -194.104 567
246.155 -195.131 570
245.613 -195.473 571
245.068 -195.816 572
244.093 -195.816 572
243.118 -195.816 572
242.143 -195.816 572
241.168 -195.816 572
240.193 -195.816 572
239.218 -195.816 572
238.243 -195.816 572
237.268 -195.816 572
235.466 -195.131 570
233.672 -194.446 568
232.703 -194.446 568
231.735 -194.446 568
230.767 -194.446 568
229.799 -194.446 568
229.233 -194.789 569
229.467 -195.816 572
228.492 -195.816 572
227.516 -195.816 572
226.541 -195.816 572
225.566 -195.816 572
224.591 -195.816 572
222.834 -195.131 570
221.862 -195.131 570
220.891 -195.131 570
218.761 -194.104 567
218.179 -194.446 568
219.123 -196.158 573
218.146 -196.158 573
217.169 -196.158 573
216.192 -196.158 573
215.216 -196.158 573
214.239 -196.158 573
213.262 -196.158 573
212.285 -196.158 573
211.308 -196.158 573
210.331 -196.158 573
273.877 -187.158 544
272.95 -187.158 544
272.022 -187.158 544
270.596 -186.814 543
269.671 -186.814 543
248.812 -194.383 565
247.849 -194.383 565
247.322 -194.727 566
246.793 -195.071 567
245.826 -195.071 567
246.155 -196.103 570
245.613 -196.447 571
245.068 -196.791 572
244.093 -196.791 572
243.118 -196.791 572
242.143 -196.791 572
241.168 -196.791 572
240.193 -196.791 572
239.218 -196.791 572
238.243 -196.791 572
237.268 -196.791 572
235.466 -196.103 570
233.672 -195.415 568
232.703 -195.415 568
231.735 -195.415 568
230.767 -195.415 568
229.799 -195.415 568
229.233 -195.759 569
229.467 -196.791 572
228.492 -196.791 572
227.516 -196.791 572
227.333 -197.479 574
226.355 -197.479 574
225.376 -197.479 574
223.616 -196.791 572
221.862 -196.103 570
220.891 -196.103 570
218.761 -195.071 567
218.179 -195.415 568
219.123 -197.135 573
218.146 -197.135 573
217.169 -197.135 573
216.192 -197.135 573
215.216 -197.135 573
214.239 -197.135 573
213.262 -197.135 573
212.285 -197.135 573
211.308 -197.135 573
210.331 -197.135 573
246.155 -197.076 570
245.613 -197.422 571
245.068 -197.767 572
244.093 -197.767 572
243.118 -197.767 572
229.799 -196.384 568
229.233 -196.73 569
229.467 -197.767 572
228.492 -197.767 572
227.516 -197.767 572
227.333 -198.459 574
226.355 -198.459 574
225.376 -198.459 574
223.616 -197.767 572
221.862 -197.076 570
220.891 -197.076 570
218.761 -196.039 567
218.179 -196.384 568
219.123 -198.113 573
218.146 -198.113 573
217.169 -198.113 573
216.192 -198.113 573
215.216 -198.113 573
214.239 -198.113 573
213.262 -198.113 573
212.285 -198.113 573
211.308 -198.113 573
210.331 -198.113 573
229.467 -198.743 572
228.492 -198.743 572
228.312 -199.438 574
227.333 -199.438 574
226.355 -199.438 574
225.376 -199.438 574
223.616 -198.743 572
221.862 -198.048 570
220.891 -198.048 570
219.123 -199.091 573
218.146 -199.091 573
217.169 -199.091 573
216.192 -199.091 573
215.216 -199.091 573
214.239 -199.091 573
228.312 -200.417 574
227.333 -200.417 574
226.355 -200.417 574
225.376 -200.417 574
228.312 -201.397 574
227.333 -201.397 574
226.355 -201.397 574
