ply
format ascii 1.0
comment File generated
element vertex 41214
property float x
property float y
property float z
end_header
1779.78 1627.89 4089
1772.81 1627.89 4089
1765.84 1627.89 4089
1745.96 1615.95 4059
1726.62 1604.4 4030
1679.21 1566.58 3935
1672.5 1566.58 3935
1634.89 1537.52 3862
1616.92 1526.77 3835
1610.38 1526.77 3835
1603.85 1526.77 3835
1579.4 1509.65 3792
1558.42 1495.71 3757
1544.99 1488.95 3740
1538.61 1488.95 3740
1525.68 1482.58 3724
1522.6 1485.76 3732
1519.49 1488.95 3740
1513.11 1488.95 3740
1506.73 1488.95 3740
1500.36 1488.95 3740
1493.98 1488.95 3740
1487.61 1488.95 3740
1474.89 1482.58 3724
1468.55 1482.58 3724
1485.36 1506.07 3783
1492.6 1520 3818
1486.09 1520 3818
1482.68 1523.18 3826
1496.99 1544.68 3880
1504.21 1559.02 3916
1497.53 1559.02 3916
1504.94 1573.75 3953
1505.4 1581.31 3972
1498.63 1581.31 3972
1491.86 1581.31 3972
1492.19 1588.87 3991
1485.39 1588.87 3991
1478.59 1588.87 3991
1471.78 1588.87 3991
1468.65 1592.85 4001
1465.12 1596.44 4010
1461.92 1600.42 4020
1455.06 1600.42 4020
1448.21 1600.42 4020
1434.55 1592.85 4001
1427.72 1592.85 4001
1414.16 1585.29 3982
1400.65 1577.73 3963
1374.2 1555.43 3907
1367.54 1555.43 3907
1354.61 1548.27 3889
1332.38 1530.35 3844
1328.93 1533.93 3853
1322.37 1533.93 3853
1315.8 1533.93 3853
1312.29 1537.52 3862
1311.79 1544.68 3880
1305.17 1544.68 3880
1298.56 1544.68 3880
1285.95 1537.52 3862
1270.42 1526.77 3835
1263.89 1526.77 3835
1237.35 1502.48 3774
1228.31 1499.3 3766
1216.37 1492.53 3749
1209.98 1492.53 3749
1203.59 1492.53 3749
1197.2 1492.53 3749
1190.81 1492.53 3749
1184.41 1492.53 3749
1178.02 1492.53 3749
1171.63 1492.53 3749
1165.24 1492.53 3749
1161.32 1495.71 3757
1154.92 1495.71 3757
1148.51 1495.71 3757
1142.11 1495.71 3757
1135.7 1495.71 3757
1129.3 1495.71 3757
1113.03 1482.58 3724
1101.63 1475.81 3707
1095.31 1475.81 3707
1086.64 1472.62 3699
1080.34 1472.62 3699
1071.71 1469.44 3691
1065.41 1469.44 3691
1056.83 1466.25 3683
1050.55 1466.25 3683
1042 1463.07 3675
1035.74 1463.07 3675
1029.47 1463.07 3675
1020.98 1459.88 3667
1010.02 1453.12 3650
1003.8 1453.12 3650
997.579 1453.12 3650
987.283 1447.14 3635
976.768 1440.78 3619
968.453 1437.59 3611
962.297 1437.59 3611
954.023 1434.41 3603
949.985 1437.59 3611
943.829 1437.59 3611
937.673 1437.59 3611
931.518 1437.59 3611
921.262 1431.22 3595
913.351 1428.43 3588
907.234 1428.43 3588
901.118 1428.43 3588
898.743 1434.41 3603
892.601 1434.41 3603
890.395 1440.78 3619
884.225 1440.78 3619
878.056 1440.78 3619
871.887 1440.78 3619
867.631 1443.96 3627
861.448 1443.96 3627
855.264 1443.96 3627
847.209 1440.78 3619
841.039 1440.78 3619
834.87 1440.78 3619
828.7 1440.78 3619
820.712 1437.59 3611
814.557 1437.59 3611
806.61 1434.41 3603
797.135 1428.43 3588
789.255 1425.25 3580
783.152 1425.25 3580
777.049 1425.25 3580
770.946 1425.25 3580
764.843 1425.25 3580
758.74 1425.25 3580
752.637 1425.25 3580
744.865 1422.06 3572
735.674 1416.09 3557
729.61 1416.09 3557
721.919 1412.91 3549
715.869 1412.91 3549
709.819 1412.91 3549
703.768 1412.91 3549
697.718 1412.91 3549
691.668 1412.91 3549
685.618 1412.91 3549
679.568 1412.91 3549
672.189 1410.12 3542
666.151 1410.12 3542
660.113 1410.12 3542
654.075 1410.12 3542
648.036 1410.12 3542
643.267 1412.91 3549
637.217 1412.91 3549
631.167 1412.91 3549
625.116 1412.91 3549
617.845 1410.12 3542
611.807 1410.12 3542
605.769 1410.12 3542
599.731 1410.12 3542
592.352 1406.94 3534
586.327 1406.94 3534
580.302 1406.94 3534
573.14 1404.15 3527
567.128 1404.15 3527
561.115 1404.15 3527
555.102 1404.15 3527
548 1401.36 3520
541.999 1401.36 3520
535.998 1401.36 3520
529.998 1401.36 3520
523.997 1401.36 3520
519.026 1404.15 3527
513.014 1404.15 3527
507.001 1404.15 3527
498.858 1398.18 3512
491.888 1395.39 3505
484.804 1392.21 3497
478.843 1392.21 3497
471.935 1389.42 3490
464.116 1383.84 3476
459.113 1386.63 3483
453.175 1386.63 3483
447.237 1386.63 3483
441.3 1386.63 3483
435.362 1386.63 3483
429.425 1386.63 3483
421.663 1380.66 3468
410.716 1363.94 3426
401.567 1352.79 3398
395.774 1352.79 3398
-9.42282 173.578 436
-10.1894 173.976 437
-10.9344 173.976 437
-11.6794 173.976 437
-12.3675 173.18 435
-13.109 173.18 435
-13.8506 173.18 435
-14.5586 172.782 434
-15.2985 172.782 434
-16.0014 172.383 433
-16.7395 172.383 433
-17.4373 171.985 432
-18.1738 171.985 432
-18.8665 171.587 431
-19.6012 171.587 431
-20.2888 171.189 430
-20.924 170.393 428
-21.6031 169.995 427
-22.331 169.995 427
-23.0589 169.995 427
-23.7312 169.597 426
-24.4 169.199 425
-25.0062 168.402 423
-25.7274 168.402 423
-26.3234 167.606 421
-26.9126 166.81 419
-27.561 166.412 418
-28.2736 166.412 418
-28.9168 166.014 417
-29.5567 165.615 416
-30.1931 165.217 415
-30.8261 164.819 414
-31.5319 164.819 414
-32.1598 164.421 413
-32.7842 164.023 412
-33.4053 163.625 411
-34.106 163.625 411
-34.8066 163.625 411
-35.4209 163.227 410
-36.0317 162.829 409
-36.729 162.829 409
-37.3347 162.431 408
-37.937 162.032 407
-38.6309 162.032 407
-39.2281 161.634 406
-39.9202 161.634 406
-40.6123 161.634 406
-41.2027 161.236 405
-41.7897 160.838 404
-42.4784 160.838 404
-43.1671 160.838 404
-43.6388 160.042 402
-44.3241 160.042 402
-45.0094 160.042 402
-45.581 159.644 401
-46.1492 159.246 400
-46.8311 159.246 400
-47.513 159.246 400
-48.1949 159.246 400
-48.8768 159.246 400
-49.5587 159.246 400
-50.2406 159.246 400
-50.7952 158.848 399
-51.4754 158.848 399
-52.0249 158.449 398
-52.571 158.051 397
-53.2478 158.051 397
-53.9245 158.051 397
-62.122 154.866 389
-62.7851 154.866 389
-63.6114 155.265 390
-64.2762 155.265 390
-64.9411 155.265 390
-65.6059 155.265 390
-66.2708 155.265 390
-66.764 154.866 389
-67.6005 155.265 390
-68.2653 155.265 390
-68.9302 155.265 390
-69.595 155.265 390
-70.2599 155.265 390
-70.9247 155.265 390
-71.5896 155.265 390
-72.4397 155.663 391
-73.4802 156.459 393
-74.1502 156.459 393
-74.8201 156.459 393
-75.4901 156.459 393
-76.1601 156.459 393
-77.0255 156.857 394
-77.6972 156.857 394
-78.5678 157.255 395
-79.6424 158.051 397
-80.3192 158.051 397
-81.2 158.449 398
-82.0842 158.848 399
-82.7644 158.848 399
-83.4446 158.848 399
-84.1248 158.848 399
-84.8049 158.848 399
-85.6994 159.246 400
-86.3813 159.246 400
-87.0632 159.246 400
-87.7451 159.246 400
-88.427 159.246 400
-89.1089 159.246 400
-90.0153 159.644 401
-90.6989 159.644 401
-91.3825 159.644 401
-92.0661 159.644 401
-92.7497 159.644 401
-101.684 168.8 424
-102.648 169.199 425
-103.372 169.199 425
-104.097 169.199 425
-105.068 169.597 426
-105.794 169.597 426
-106.521 169.597 426
-107.247 169.597 426
-108.226 169.995 427
-108.954 169.995 427
-109.939 170.393 428
-110.669 170.393 428
-111.659 170.791 429
-112.652 171.189 430
-113.385 171.189 430
-114.383 171.587 431
-115.385 171.985 432
-116.391 172.383 433
-117.129 172.383 433
-117.867 172.383 433
-118.879 172.782 434
-119.619 172.782 434
-120.359 172.782 434
-121.378 173.18 435
-122.119 173.18 435
-123.143 173.578 436
-123.886 173.578 436
-125.201 174.374 438
-125.948 174.374 438
-126.695 174.374 438
-127.732 174.772 439
-128.481 174.772 439
-129.229 174.772 439
-129.978 174.772 439
-154.432 201.844 507
-155.297 201.844 507
-156.161 201.844 507
-157.025 201.844 507
-157.889 201.844 507
-158.441 201.446 506
-159.303 201.446 506
-160.166 201.446 506
-161.028 201.446 506
-856.026 935.568 2350
-860.032 935.568 2350
-864.038 935.568 2350
-864.35 931.587 2340
-868.34 931.587 2340
-872.329 931.587 2340
-876.318 931.587 2340
-879.178 930.393 2337
-883.162 930.393 2337
-887.146 930.393 2337
-891.13 930.393 2337
-893.582 928.8 2333
-897.559 928.8 2333
-900.377 927.606 2330
-895.422 918.449 2307
-899.355 918.449 2307
-903.288 918.449 2307
-907.221 918.449 2307
-911.154 918.449 2307
-911.517 914.866 2298
-915.434 914.866 2298
-918.151 913.672 2295
-920.859 912.478 2292
-924.766 912.478 2292
-928.673 912.478 2292
-932.58 912.478 2292
-932.402 908.496 2282
-935.061 907.302 2279
-938.946 907.302 2279
-940.349 904.913 2273
-940.485 901.33 2264
-941.425 898.544 2257
-945.273 898.544 2257
-942.812 892.572 2242
-937.768 884.211 2221
-936.891 879.832 2210
-940.658 879.832 2210
-941.862 877.444 2204
-941.758 873.861 2195
-942.915 871.472 2189
-946.647 871.472 2189
-948.207 869.481 2184
-949.315 867.093 2178
-950.403 864.704 2172
-952.788 863.51 2169
-955.604 862.713 2167
-959.298 862.713 2167
-961.659 861.519 2164
-965.348 861.519 2164
-967.693 860.325 2161
-970.029 859.13 2158
-971.452 857.14 2153
-975.122 857.14 2153
-978.792 857.14 2153
-982.463 857.14 2153
-983.385 854.751 2147
-987.045 854.751 2147
-988.398 852.76 2142
-992.049 852.76 2142
-994.306 851.566 2139
-997.953 851.566 2139
-1001.6 851.566 2139
-1003.84 850.372 2136
-1006.06 849.177 2133
-1009.7 849.177 2133
-1012.38 848.381 2131
-1016.02 848.381 2131
-1018.21 847.187 2128
-1021.84 847.187 2128
-1025.47 847.187 2128
-1027.65 845.993 2125
-1029.81 844.798 2122
-1033.43 844.798 2122
-1036.07 844.002 2120
-1039.69 844.002 2120
-1040.35 841.613 2114
-1043.95 841.613 2114
-1045.08 839.623 2109
-1046.19 837.632 2104
-1049.77 837.632 2104
-1053.36 837.632 2104
-1056.95 837.632 2104
-1052.47 831.262 2088
-1053.5 829.272 2083
-1052.99 826.087 2075
-1056.53 826.087 2075
-1058.53 824.892 2072
-1059.5 822.902 2067
-1059.43 820.115 2060
1779.78 1620.91 4089
1772.81 1620.91 4089
1765.84 1620.91 4089
1745.96 1609.02 4059
1726.62 1597.52 4030
1679.21 1559.87 3935
1672.5 1559.87 3935
1634.89 1530.93 3862
1616.92 1520.22 3835
1610.38 1520.22 3835
1603.85 1520.22 3835
1579.4 1503.18 3792
1558.42 1489.31 3757
1544.99 1482.57 3740
1538.61 1482.57 3740
1525.68 1476.22 3724
1522.6 1479.39 3732
1519.49 1482.57 3740
1513.11 1482.57 3740
1506.73 1482.57 3740
1500.36 1482.57 3740
1493.98 1482.57 3740
1487.61 1482.57 3740
1474.89 1476.22 3724
1468.55 1476.22 3724
1485.36 1499.61 3783
1492.6 1513.49 3818
1486.09 1513.49 3818
1482.68 1516.66 3826
1496.99 1538.06 3880
1504.21 1552.33 3916
1497.53 1552.33 3916
1504.94 1567 3953
1505.4 1574.53 3972
1498.63 1574.53 3972
1491.86 1574.53 3972
1492.19 1582.06 3991
1485.39 1582.06 3991
1478.59 1582.06 3991
1471.78 1582.06 3991
1468.65 1586.03 4001
1468.77 1593.56 4020
1461.92 1593.56 4020
1455.06 1593.56 4020
1448.21 1593.56 4020
1441.36 1593.56 4020
1434.51 1593.56 4020
1420.9 1586.03 4001
1403.83 1574.53 3972
1390.38 1567 3953
1383.64 1567 3953
1354.61 1541.63 3889
1347.98 1541.63 3889
1341.35 1541.63 3889
1334.72 1541.63 3889
1321.94 1534.5 3871
1315.34 1534.5 3871
1311.79 1538.06 3880
1305.17 1538.06 3880
1298.56 1538.06 3880
1285.95 1530.93 3862
1270.42 1520.22 3835
1263.89 1520.22 3835
1240.3 1499.61 3783
1228.31 1492.87 3766
1216.37 1486.13 3749
1209.98 1486.13 3749
1203.59 1486.13 3749
1197.2 1486.13 3749
1190.81 1486.13 3749
1184.41 1486.13 3749
1178.02 1486.13 3749
1171.63 1486.13 3749
1165.24 1486.13 3749
1161.32 1489.31 3757
1154.92 1489.31 3757
1148.51 1489.31 3757
1142.11 1489.31 3757
1135.7 1489.31 3757
1129.3 1489.31 3757
1113.03 1476.22 3724
1101.63 1469.48 3707
1095.31 1469.48 3707
1086.64 1466.31 3699
1080.34 1466.31 3699
1071.71 1463.14 3691
1065.41 1463.14 3691
1056.83 1459.97 3683
1050.55 1459.97 3683
1042 1456.8 3675
1035.74 1456.8 3675
1029.47 1456.8 3675
1020.98 1453.63 3667
1010.02 1446.89 3650
1003.8 1446.89 3650
997.579 1446.89 3650
989.184 1443.72 3642
982.975 1443.72 3642
976.767 1443.72 3642
966.561 1437.77 3627
960.378 1437.77 3627
956.299 1440.94 3635
950.102 1440.94 3635
943.906 1440.94 3635
937.709 1440.94 3635
927.412 1434.6 3619
917.169 1428.26 3603
911.027 1428.26 3603
904.885 1428.26 3603
898.743 1428.26 3603
896.564 1434.6 3619
890.395 1434.6 3619
884.225 1434.6 3619
878.056 1434.6 3619
873.814 1437.77 3627
867.631 1437.77 3627
861.448 1437.77 3627
855.264 1437.77 3627
849.081 1437.77 3627
842.898 1437.77 3627
836.715 1437.77 3627
828.7 1434.6 3619
820.712 1431.43 3611
814.557 1431.43 3611
806.61 1428.26 3603
797.135 1422.31 3588
789.255 1419.14 3580
783.152 1419.14 3580
777.049 1419.14 3580
770.946 1419.14 3580
766.552 1422.31 3588
760.435 1422.31 3588
754.319 1422.31 3588
746.534 1419.14 3580
737.328 1413.19 3565
731.251 1413.19 3565
725.173 1413.19 3565
719.096 1413.19 3565
713.019 1413.19 3565
708.329 1415.97 3572
702.24 1415.97 3572
696.151 1415.97 3572
688.709 1413.19 3565
682.632 1413.19 3565
675.036 1410.02 3557
670.477 1413.19 3565
664.399 1413.19 3565
658.322 1413.19 3565
652.244 1413.19 3565
646.167 1413.19 3565
640.09 1413.19 3565
634.012 1413.19 3565
627.935 1413.19 3565
621.857 1413.19 3565
615.78 1413.19 3565
609.702 1413.19 3565
602.27 1410.02 3557
594.866 1406.85 3549
587.654 1404.08 3542
581.616 1404.08 3542
575.578 1404.08 3542
569.54 1404.08 3542
563.501 1404.08 3542
557.463 1404.08 3542
550.18 1400.91 3534
544.155 1400.91 3534
538.13 1400.91 3534
532.106 1400.91 3534
526.081 1400.91 3534
519.026 1398.13 3527
513.014 1398.13 3527
507.001 1398.13 3527
498.858 1392.19 3512
491.888 1389.41 3505
484.804 1386.24 3497
478.843 1386.24 3497
471.935 1383.46 3490
464.116 1377.91 3476
459.113 1380.69 3483
453.175 1380.69 3483
447.237 1380.69 3483
441.3 1380.69 3483
435.362 1380.69 3483
429.425 1380.69 3483
421.663 1374.74 3468
410.716 1358.09 3426
401.567 1346.99 3398
395.774 1346.99 3398
-9.42282 172.834 436
-10.1894 173.23 437
-10.9344 173.23 437
-11.6794 173.23 437
-12.3675 172.438 435
-13.109 172.438 435
-13.8506 172.438 435
-14.5586 172.041 434
-15.2985 172.041 434
-16.0014 171.645 433
-16.7395 171.645 433
-17.4373 171.248 432
-18.1738 171.248 432
-18.8665 170.852 431
-19.6012 170.852 431
-20.2888 170.455 430
-20.924 169.663 428
-21.6031 169.266 427
-22.331 169.266 427
-23.0589 169.266 427
-23.7312 168.87 426
-24.4 168.473 425
-25.0062 167.681 423
-25.7274 167.681 423
-26.3234 166.888 421
-26.9126 166.095 419
-27.561 165.699 418
-28.2736 165.699 418
-28.9168 165.302 417
-29.5567 164.906 416
-30.1931 164.509 415
-30.8261 164.113 414
-31.5319 164.113 414
-32.1598 163.717 413
-32.7842 163.32 412
-33.4053 162.924 411
-34.106 162.924 411
-34.8066 162.924 411
-35.4209 162.527 410
-36.0317 162.131 409
-36.729 162.131 409
-37.3347 161.734 408
-37.937 161.338 407
-38.6309 161.338 407
-39.2281 160.942 406
-39.9202 160.942 406
-40.6123 160.942 406
-41.2027 160.545 405
-41.7897 160.149 404
-42.4784 160.149 404
-43.1671 160.149 404
-43.6388 159.356 402
-44.3241 159.356 402
-45.0094 159.356 402
-45.581 158.96 401
-46.1492 158.563 400
-46.8311 158.563 400
-47.513 158.563 400
-48.1949 158.563 400
-48.8768 158.563 400
-49.5587 158.563 400
-50.2406 158.563 400
-50.9225 158.563 400
-51.4754 158.167 399
-52.0249 157.77 398
-52.571 157.374 397
-53.2478 157.374 397
-53.9245 157.374 397
-62.122 154.203 389
-62.9465 154.599 390
-63.6114 154.599 390
-64.2762 154.599 390
-64.9411 154.599 390
-65.6059 154.599 390
-66.2708 154.599 390
-66.9356 154.599 390
-67.6005 154.599 390
-68.2653 154.599 390
-68.9302 154.599 390
-69.595 154.599 390
-70.2599 154.599 390
-71.1066 154.996 391
-71.7731 154.996 391
-72.625 155.392 392
-73.4802 155.788 393
-74.1502 155.788 393
-74.8201 155.788 393
-75.4901 155.788 393
-76.1601 155.788 393
-77.0255 156.185 394
-77.6972 156.185 394
-78.5678 156.581 395
-79.6424 157.374 397
-80.3192 157.374 397
-81.2 157.77 398
-82.0842 158.167 399
-82.7644 158.167 399
-83.4446 158.167 399
-84.1248 158.167 399
-84.8049 158.167 399
-85.6994 158.563 400
-86.3813 158.563 400
-87.0632 158.563 400
-87.7451 158.563 400
-88.427 158.563 400
-89.1089 158.563 400
-90.0153 158.96 401
-90.6989 158.96 401
-91.3825 158.96 401
-92.0661 158.96 401
-92.7497 158.96 401
-101.684 168.077 424
-102.648 168.473 425
-103.372 168.473 425
-104.097 168.473 425
-105.068 168.87 426
-105.794 168.87 426
-106.521 168.87 426
-107.247 168.87 426
-108.226 169.266 427
-108.954 169.266 427
-109.939 169.663 428
-110.669 169.663 428
-111.659 170.059 429
-112.652 170.455 430
-113.385 170.455 430
-114.383 170.852 431
-115.385 171.248 432
-116.391 171.645 433
-117.129 171.645 433
-117.867 171.645 433
-118.879 172.041 434
-119.619 172.041 434
-120.359 172.041 434
-121.378 172.438 435
-122.119 172.438 435
-123.143 172.834 436
-123.886 172.834 436
-125.201 173.627 438
-126.236 174.023 439
-126.984 174.023 439
-127.732 174.023 439
-128.481 174.023 439
-129.229 174.023 439
-129.978 174.023 439
-154.432 200.979 507
-155.297 200.979 507
-156.161 200.979 507
-157.025 200.979 507
-157.889 200.979 507
-158.754 200.979 507
-159.618 200.979 507
-160.166 200.582 506
-161.028 200.582 506
-856.026 931.559 2350
-860.032 931.559 2350
-864.038 931.559 2350
-864.35 927.595 2340
-868.34 927.595 2340
-872.329 927.595 2340
-876.318 927.595 2340
-879.178 926.406 2337
-883.162 926.406 2337
-887.146 926.406 2337
-891.13 926.406 2337
-893.582 924.82 2333
-897.559 924.82 2333
-900.377 923.631 2330
-895.422 914.513 2307
-899.355 914.513 2307
-903.288 914.513 2307
-907.221 914.513 2307
-911.154 914.513 2307
-911.517 910.946 2298
-915.434 910.946 2298
-918.151 909.756 2295
-920.859 908.567 2292
-924.766 908.567 2292
-928.673 908.567 2292
-932.58 908.567 2292
-932.402 904.603 2282
-935.061 903.414 2279
-938.946 903.414 2279
-940.349 901.035 2273
-940.485 897.468 2264
-941.425 894.693 2257
-945.273 894.693 2257
-942.812 888.747 2242
-937.768 880.422 2221
-936.891 876.062 2210
-940.658 876.062 2210
-941.862 873.683 2204
-941.758 870.116 2195
-942.915 867.737 2189
-946.647 867.737 2189
-948.207 865.755 2184
-949.315 863.377 2178
-950.403 860.998 2172
-952.788 859.809 2169
-955.604 859.016 2167
-959.298 859.016 2167
-961.659 857.827 2164
-965.348 857.827 2164
-967.693 856.638 2161
-970.029 855.449 2158
-971.452 853.466 2153
-975.122 853.466 2153
-978.792 853.466 2153
-982.463 853.466 2153
-983.385 851.088 2147
-987.045 851.088 2147
-989.321 849.899 2144
-992.049 849.106 2142
-994.306 847.917 2139
-997.953 847.917 2139
-1001.6 847.917 2139
-1003.84 846.728 2136
-1006.06 845.538 2133
-1009.7 845.538 2133
-1012.38 844.746 2131
-1016.02 844.746 2131
-1019.65 844.746 2131
-1023.28 844.746 2131
-1025.47 843.556 2128
-1027.65 842.367 2125
-1029.81 841.178 2122
-1033.43 841.178 2122
-1036.07 840.385 2120
-1039.69 840.385 2120
-1040.35 838.007 2114
-1043.95 838.007 2114
-1045.08 836.025 2109
-1046.19 834.043 2104
-1049.77 834.043 2104
-1053.36 834.043 2104
-1056.95 834.043 2104
-1052.47 827.7 2088
-1053.5 825.718 2083
-1057.05 825.718 2083
-1056.53 822.547 2075
-1058.53 821.357 2072
-1059.5 819.375 2067
-1059.43 816.601 2060
1779.78 1613.94 4089
1772.81 1613.94 4089
1765.84 1613.94 4089
1745.96 1602.1 4059
1726.62 1590.65 4030
1679.21 1553.15 3935
1672.5 1553.15 3935
1634.89 1524.34 3862
1616.92 1513.68 3835
1599.47 1503.42 3809
1592.97 1503.42 3809
1571.9 1489.61 3774
1555.1 1479.74 3749
1538.38 1469.87 3724
1532.03 1469.87 3724
1525.68 1469.87 3724
1522.6 1473.03 3732
1516.24 1473.03 3732
1509.87 1473.03 3732
1503.51 1473.03 3732
1497.15 1473.03 3732
1487.59 1469.87 3724
1481.24 1469.87 3724
1474.89 1469.87 3724
1468.55 1469.87 3724
1485.36 1493.16 3783
1492.6 1506.97 3818
1486.09 1506.97 3818
1482.68 1510.13 3826
1496.99 1531.44 3880
1504.21 1545.65 3916
1497.53 1545.65 3916
1504.94 1560.26 3953
1505.4 1567.76 3972
1498.63 1567.76 3972
1491.86 1567.76 3972
1492.19 1575.26 3991
1485.39 1575.26 3991
1478.59 1575.26 3991
1471.78 1575.26 3991
1468.65 1579.2 4001
1475.71 1594.2 4039
1468.83 1594.2 4039
1461.94 1594.2 4039
1455.06 1594.2 4039
1441.36 1586.7 4020
1434.51 1586.7 4020
1424.1 1582.75 4010
1407.37 1571.7 3982
1390.38 1560.26 3953
1383.64 1560.26 3953
1364.01 1545.65 3916
1351.1 1538.55 3898
1344.45 1538.55 3898
1337.81 1538.55 3898
1331.16 1538.55 3898
1321.46 1535 3889
1314.83 1535 3889
1308.2 1535 3889
1301.57 1535 3889
1291.95 1531.44 3880
1276.39 1520.79 3853
1269.82 1520.79 3853
1245.87 1499.87 3800
1236.79 1496.71 3792
1230.32 1496.71 3792
1223.86 1496.71 3792
1217.39 1496.71 3792
1210.93 1496.71 3792
1196.21 1486.45 3766
1189.79 1486.45 3766
1183.36 1486.45 3766
1179.45 1489.61 3774
1173.01 1489.61 3774
1166.58 1489.61 3774
1160.14 1489.61 3774
1153.71 1489.61 3774
1144.84 1486.45 3766
1138.42 1486.45 3766
1129.3 1482.9 3757
1117.81 1476.19 3740
1101.63 1463.16 3707
1095.31 1463.16 3707
1086.64 1460 3699
1080.34 1460 3699
1071.71 1456.84 3691
1065.41 1456.84 3691
1056.83 1453.69 3683
1050.55 1453.69 3683
1042 1450.53 3675
1035.74 1450.53 3675
1029.47 1450.53 3675
1023.21 1450.53 3675
1014.73 1447.37 3667
1008.48 1447.37 3667
997.579 1440.66 3650
989.184 1437.5 3642
982.975 1437.5 3642
976.767 1437.5 3642
966.561 1431.58 3627
960.378 1431.58 3627
956.299 1434.74 3635
950.102 1434.74 3635
943.906 1434.74 3635
937.709 1434.74 3635
927.412 1428.43 3619
917.169 1422.11 3603
911.027 1422.11 3603
904.885 1422.11 3603
898.743 1422.11 3603
896.564 1428.43 3619
890.395 1428.43 3619
884.225 1428.43 3619
878.056 1428.43 3619
873.814 1431.58 3627
867.631 1431.58 3627
861.448 1431.58 3627
855.264 1431.58 3627
849.081 1431.58 3627
842.898 1431.58 3627
836.715 1431.58 3627
830.532 1431.58 3627
822.531 1428.43 3619
816.361 1428.43 3619
806.61 1422.11 3603
798.69 1418.95 3595
791.018 1416.19 3588
784.902 1416.19 3588
778.785 1416.19 3588
772.669 1416.19 3588
768.047 1418.95 3595
761.919 1418.95 3595
755.79 1418.95 3595
748.202 1416.19 3588
740.431 1413.03 3580
734.328 1413.03 3580
726.597 1409.88 3572
720.508 1409.88 3572
714.419 1409.88 3572
709.916 1413.03 3580
703.813 1413.03 3580
697.71 1413.03 3580
691.607 1413.03 3580
685.504 1413.03 3580
677.883 1409.88 3572
673.298 1413.03 3580
667.195 1413.03 3580
661.092 1413.03 3580
654.989 1413.03 3580
650.336 1416.19 3588
644.219 1416.19 3588
638.103 1416.19 3588
631.986 1416.19 3588
625.869 1416.19 3588
619.753 1416.19 3588
613.636 1416.19 3588
606.165 1413.03 3580
597.548 1407.11 3565
590.143 1403.95 3557
584.079 1403.95 3557
576.715 1400.8 3549
570.665 1400.8 3549
564.615 1400.8 3549
558.565 1400.8 3549
552.515 1400.8 3549
546.465 1400.8 3549
540.414 1400.8 3549
534.364 1400.8 3549
527.272 1398.03 3542
520.057 1394.88 3534
513.014 1392.11 3527
507.001 1392.11 3527
499.994 1389.35 3520
491.888 1383.43 3505
484.804 1380.27 3497
478.843 1380.27 3497
471.935 1377.51 3490
464.116 1371.98 3476
459.113 1374.75 3483
453.175 1374.75 3483
447.237 1374.75 3483
441.3 1374.75 3483
435.362 1374.75 3483
429.425 1374.75 3483
421.663 1368.83 3468
410.716 1352.25 3426
401.567 1341.2 3398
395.774 1341.2 3398
-9.44443 172.485 437
-10.1894 172.485 437
-10.9344 172.485 437
-11.6794 172.485 437
-12.3959 172.09 436
-13.1392 172.09 436
-13.8506 171.695 435
-14.5586 171.301 434
-15.2985 171.301 434
-16.0383 171.301 434
-16.7395 170.906 433
-17.4777 170.906 433
-18.1738 170.511 432
-18.8665 170.117 431
-19.6012 170.117 431
-20.2888 169.722 430
-20.924 168.932 428
-21.6031 168.538 427
-22.331 168.538 427
-23.0589 168.538 427
-23.7312 168.143 426
-24.4 167.748 425
-25.0062 166.959 423
-25.7274 166.959 423
-26.3234 166.17 421
-26.9126 165.38 419
-27.561 164.985 418
-28.2736 164.985 418
-28.9168 164.591 417
-29.4856 163.801 415
-30.1203 163.407 414
-30.7516 163.012 413
-31.4557 163.012 413
-32.0819 162.617 412
-32.7842 162.617 412
-33.4053 162.222 411
-34.106 162.222 411
-34.8066 162.222 411
-35.4209 161.828 410
-35.9436 161.038 408
-36.6392 161.038 408
-37.3347 161.038 408
-37.937 160.644 407
-38.5359 160.249 406
-39.2281 160.249 406
-39.9202 160.249 406
-40.6123 160.249 406
-41.2027 159.854 405
-41.7897 159.46 404
-42.4784 159.46 404
-43.1671 159.46 404
-43.6388 158.67 402
-44.3241 158.67 402
-45.0094 158.67 402
-45.581 158.275 401
-46.2646 158.275 401
-46.8311 157.881 400
-47.513 157.881 400
-48.1949 157.881 400
-48.8768 157.881 400
-49.5587 157.881 400
-50.2406 157.881 400
-50.9225 157.881 400
-51.4754 157.486 399
-52.0249 157.091 398
-52.571 156.697 397
-53.2478 156.697 397
-53.9245 156.697 397
-62.9465 153.934 390
-63.6114 153.934 390
-64.2762 153.934 390
-64.9411 153.934 390
-65.6059 153.934 390
-66.2708 153.934 390
-66.9356 153.934 390
-67.4271 153.539 389
-68.2653 153.934 390
-68.9302 153.934 390
-69.595 153.934 390
-70.2599 153.934 390
-71.1066 154.328 391
-71.7731 154.328 391
-72.625 154.723 392
-73.4802 155.118 393
-74.1502 155.118 393
-74.8201 155.118 393
-75.4901 155.118 393
-76.1601 155.118 393
-77.0255 155.513 394
-77.6972 155.513 394
-78.7667 156.302 396
-79.843 157.091 398
-80.5215 157.091 398
-81.2 157.091 398
-82.0842 157.486 399
-82.7644 157.486 399
-83.4446 157.486 399
-84.1248 157.486 399
-85.0175 157.881 400
-85.6994 157.881 400
-86.3813 157.881 400
-87.0632 157.881 400
-87.7451 157.881 400
-88.427 157.881 400
-89.1089 157.881 400
-90.0153 158.275 401
-90.6989 158.275 401
-91.3825 158.275 401
-92.0661 158.275 401
-92.7497 158.275 401
-101.684 167.354 424
-102.406 167.354 424
-103.372 167.748 425
-104.097 167.748 425
-105.068 168.143 426
-105.794 168.143 426
-106.521 168.143 426
-107.247 168.143 426
-108.226 168.538 427
-108.954 168.538 427
-109.939 168.932 428
-110.669 168.932 428
-111.659 169.327 429
-112.652 169.722 430
-113.385 169.722 430
-114.383 170.117 431
-115.385 170.511 432
-116.391 170.906 433
-117.129 170.906 433
-117.867 170.906 433
-118.879 171.301 434
-119.619 171.301 434
-120.359 171.301 434
-121.378 171.695 435
-122.119 171.695 435
-123.143 172.09 436
-123.886 172.09 436
-125.201 172.879 438
-126.236 173.274 439
-126.984 173.274 439
-127.732 173.274 439
-128.481 173.274 439
-129.229 173.274 439
-129.978 173.274 439
-154.432 200.114 507
-155.297 200.114 507
-156.161 200.114 507
-157.025 200.114 507
-157.889 200.114 507
-158.754 200.114 507
-159.618 200.114 507
-863.311 935.444 2370
-867.351 935.444 2370
-871.392 935.444 2370
-864.35 923.603 2340
-868.34 923.603 2340
-872.329 923.603 2340
-876.318 923.603 2340
-880.307 923.603 2340
-884.296 923.603 2340
-887.146 922.418 2337
-891.13 922.418 2337
-893.582 920.84 2333
-897.559 920.84 2333
-900.377 919.656 2330
-895.422 910.577 2307
-898.186 909.393 2304
-902.113 909.393 2304
-906.041 909.393 2304
-908.784 908.209 2301
-912.707 908.209 2301
-916.629 908.209 2301
-918.151 905.841 2295
-920.859 904.657 2292
-924.766 904.657 2292
-928.673 904.657 2292
-929.732 901.894 2285
-932.402 900.71 2282
-932.599 897.157 2273
-936.474 897.157 2273
-939.108 895.973 2270
-939.239 892.421 2261
-937.671 887.29 2248
-941.503 887.29 2248
-941.551 883.738 2239
-936.501 875.449 2218
-935.619 871.107 2207
-939.381 871.107 2207
-940.58 868.739 2201
-941.758 866.371 2195
-941.623 862.818 2186
-945.349 862.818 2186
-946.905 860.845 2181
-948.008 858.477 2175
-949.09 856.109 2169
-952.788 856.109 2169
-955.604 855.319 2167
-957.97 854.135 2164
-961.659 854.135 2164
-965.348 854.135 2164
-967.693 852.951 2161
-970.029 851.767 2158
-971.452 849.793 2153
-975.122 849.793 2153
-978.792 849.793 2153
-982.463 849.793 2153
-983.385 847.425 2147
-987.045 847.425 2147
-989.321 846.241 2144
-992.049 845.452 2142
-994.306 844.267 2139
-997.953 844.267 2139
-1001.6 844.267 2139
-1005.25 844.267 2139
-1006.06 841.899 2133
-1009.7 841.899 2133
-1012.38 841.11 2131
-1016.02 841.11 2131
-1019.65 841.11 2131
-1023.28 841.11 2131
-1025.47 839.926 2128
-1027.65 838.742 2125
-1029.81 837.558 2122
-1033.43 837.558 2122
-1036.07 836.768 2120
-1038.21 835.584 2117
-1040.35 834.4 2114
-1043.95 834.4 2114
-1045.08 832.426 2109
-1046.19 830.453 2104
-1049.77 830.453 2104
-1053.36 830.453 2104
-1055.44 829.269 2101
-1052.47 824.138 2088
-1053.5 822.164 2083
-1057.05 822.164 2083
-1056.53 819.007 2075
-1058.53 817.822 2072
-1059.5 815.849 2067
-1062 815.06 2065
1766.72 1595.17 4059
1759.8 1595.17 4059
1752.88 1595.17 4059
1733.49 1583.77 4030
1685.92 1546.44 3935
1659.58 1528.36 3889
1652.95 1528.36 3889
1616.26 1500.46 3818
1595 1486.7 3783
1584.77 1483.17 3774
1578.34 1483.17 3774
1554.41 1466.66 3732
1544.73 1463.52 3724
1524.75 1450.55 3691
1518.46 1450.55 3691
1512.16 1450.55 3691
1516.07 1460.37 3716
1509.74 1460.37 3716
1503.4 1460.37 3716
1497.07 1460.37 3716
1490.73 1460.37 3716
1480.8 1456.84 3707
1474.48 1456.84 3707
1468.16 1456.84 3707
1461.84 1456.84 3707
1462.2 1463.52 3724
1475.4 1483.17 3774
1468.96 1483.17 3774
1476.09 1496.92 3809
1476.16 1503.6 3826
1490.38 1524.82 3880
1483.76 1524.82 3880
1490.85 1538.97 3916
1505.4 1560.98 3972
1498.63 1560.98 3972
1491.86 1560.98 3972
1492.19 1568.45 3991
1485.39 1568.45 3991
1478.59 1568.45 3991
1471.78 1568.45 3991
1468.65 1572.38 4001
1475.71 1587.31 4039
1468.83 1587.31 4039
1461.94 1587.31 4039
1455.06 1587.31 4039
1441.36 1579.84 4020
1434.51 1579.84 4020
1424.1 1575.91 4010
1407.37 1564.91 3982
1393.9 1557.44 3963
1387.14 1557.44 3963
1370.63 1546.44 3935
1360.46 1542.51 3925
1353.77 1542.51 3925
1347.08 1542.51 3925
1337.31 1538.97 3916
1321.46 1528.36 3889
1314.83 1528.36 3889
1308.2 1528.36 3889
1301.57 1528.36 3889
1291.95 1524.82 3880
1276.39 1514.21 3853
1269.82 1514.21 3853
1248.82 1496.92 3809
1239.4 1493.38 3800
1232.92 1493.38 3800
1226.44 1493.38 3800
1219.96 1493.38 3800
1210.93 1490.24 3792
1204.46 1490.24 3792
1198 1490.24 3792
1185.88 1483.17 3774
1179.45 1483.17 3774
1173.01 1483.17 3774
1166.58 1483.17 3774
1160.14 1483.17 3774
1153.71 1483.17 3774
1144.84 1480.02 3766
1138.42 1480.02 3766
1129.3 1476.49 3757
1120.5 1473.34 3749
1101.63 1456.84 3707
1095.31 1456.84 3707
1086.64 1453.69 3699
1080.34 1453.69 3699
1071.71 1450.55 3691
1065.41 1450.55 3691
1056.83 1447.4 3683
1048.27 1444.26 3675
1042 1444.26 3675
1035.74 1444.26 3675
1029.47 1444.26 3675
1023.21 1444.26 3675
1014.73 1441.12 3667
1008.48 1441.12 3667
999.766 1437.58 3658
991.357 1434.43 3650
985.135 1434.43 3650
978.912 1434.43 3650
970.558 1431.29 3642
964.349 1431.29 3642
960.245 1434.43 3650
954.023 1434.43 3650
947.801 1434.43 3650
941.578 1434.43 3650
931.512 1428.54 3635
925.315 1428.54 3635
917.096 1425.4 3627
910.913 1425.4 3627
906.725 1428.54 3635
902.262 1431.29 3642
896.054 1431.29 3642
889.845 1431.29 3642
883.636 1431.29 3642
879.355 1434.43 3650
873.133 1434.43 3650
866.91 1434.43 3650
860.688 1434.43 3650
854.466 1434.43 3650
846.384 1431.29 3642
838.561 1428.54 3635
830.532 1425.4 3627
822.531 1422.25 3619
816.361 1422.25 3619
806.61 1415.96 3603
798.69 1412.82 3595
791.018 1410.07 3588
784.902 1410.07 3588
778.785 1410.07 3588
772.669 1410.07 3588
768.047 1412.82 3595
761.919 1412.82 3595
755.79 1412.82 3595
748.202 1410.07 3588
740.431 1406.93 3580
734.328 1406.93 3580
726.597 1403.78 3572
720.508 1403.78 3572
714.419 1403.78 3572
709.916 1406.93 3580
703.813 1406.93 3580
697.71 1406.93 3580
691.607 1406.93 3580
687.036 1410.07 3588
680.919 1410.07 3588
676.119 1412.82 3595
669.99 1412.82 3595
665.339 1415.96 3603
659.197 1415.96 3603
653.055 1415.96 3603
646.912 1415.96 3603
640.77 1415.96 3603
634.628 1415.96 3603
627.09 1412.82 3595
619.753 1410.07 3588
613.636 1410.07 3588
607.519 1410.07 3588
600.062 1406.93 3580
591.47 1401.03 3565
585.393 1401.03 3565
578.015 1397.89 3557
571.951 1397.89 3557
564.615 1394.74 3549
558.565 1394.74 3549
552.515 1394.74 3549
546.465 1394.74 3549
540.414 1394.74 3549
534.364 1394.74 3549
528.314 1394.74 3549
521.234 1391.99 3542
513.014 1386.1 3527
507.001 1386.1 3527
499.994 1383.35 3520
491.888 1377.45 3505
484.804 1374.31 3497
478.843 1374.31 3497
471.935 1371.56 3490
464.116 1366.05 3476
458.19 1366.05 3476
452.264 1366.05 3476
446.339 1366.05 3476
440.413 1366.05 3476
434.487 1366.05 3476
428.562 1366.05 3476
416.556 1346.4 3426
410.716 1346.4 3426
394.358 1311.43 3337
388.669 1311.43 3337
-9.44443 171.739 437
-10.1894 171.739 437
-10.9344 171.739 437
-11.6794 171.739 437
-12.3959 171.346 436
-13.1392 171.346 436
-13.8506 170.953 435
-14.5586 170.56 434
-15.2985 170.56 434
-16.0383 170.56 434
-16.7395 170.167 433
-17.4777 170.167 433
-18.1738 169.774 432
-18.8665 169.381 431
-19.6012 169.381 431
-20.336 169.381 431
-20.9729 168.595 429
-21.6537 168.202 428
-22.3833 168.202 428
-23.0589 167.809 427
-23.7312 167.416 426
-24.3426 166.63 424
-25.0062 166.237 423
-25.7274 166.237 423
-26.3234 165.451 421
-26.9126 164.665 419
-27.561 164.272 418
-28.2736 164.272 418
-28.9168 163.879 417
-29.4856 163.093 415
-30.1203 162.7 414
-30.7516 162.307 413
-31.4557 162.307 413
-32.0819 161.914 412
-32.7842 161.914 412
-33.4053 161.521 411
-34.106 161.521 411
-34.8066 161.521 411
-35.4209 161.128 410
-35.9436 160.342 408
-36.6392 160.342 408
-37.3347 160.342 408
-37.937 159.949 407
-38.5359 159.556 406
-39.2281 159.556 406
-39.9202 159.556 406
-40.6123 159.556 406
-41.2027 159.163 405
-41.8931 159.163 405
-42.5836 159.163 405
-43.1671 158.77 404
-43.6388 157.984 402
-44.3241 157.984 402
-45.0094 157.984 402
-45.581 157.591 401
-46.2646 157.591 401
-46.8311 157.198 400
-47.513 157.198 400
-48.1949 157.198 400
-48.8768 157.198 400
-49.5587 157.198 400
-50.2406 157.198 400
-50.9225 157.198 400
-51.4754 156.805 399
-52.0249 156.412 398
-62.9465 153.268 390
-63.6114 153.268 390
-64.2762 153.268 390
-64.9411 153.268 390
-65.6059 153.268 390
-66.2708 153.268 390
-66.9356 153.268 390
-67.4271 152.875 389
-68.2653 153.268 390
-68.9302 153.268 390
-69.595 153.268 390
-70.2599 153.268 390
-71.1066 153.661 391
-71.7731 153.661 391
-72.625 154.054 392
-73.4802 154.447 393
-74.1502 154.447 393
-74.8201 154.447 393
-75.4901 154.447 393
-76.1601 154.447 393
-77.0255 154.84 394
-77.6972 154.84 394
-78.7667 155.626 396
-79.843 156.412 398
-80.5215 156.412 398
-81.2 156.412 398
-82.0842 156.805 399
-82.7644 156.805 399
-83.4446 156.805 399
-84.3356 157.198 400
-85.0175 157.198 400
-85.6994 157.198 400
-86.3813 157.198 400
-87.0632 157.198 400
-87.9645 157.591 401
-88.6481 157.591 401
-89.3317 157.591 401
-90.0153 157.591 401
-90.6989 157.591 401
-91.3825 157.591 401
-92.0661 157.591 401
-92.7497 157.591 401
-101.684 166.63 424
-102.406 166.63 424
-103.372 167.023 425
-104.097 167.023 425
-104.821 167.023 425
-105.794 167.416 426
-106.521 167.416 426
-107.247 167.416 426
-108.226 167.809 427
-108.954 167.809 427
-109.682 167.809 427
-110.669 168.202 428
-111.659 168.595 429
-112.652 168.988 430
-113.385 168.988 430
-114.383 169.381 431
-115.385 169.774 432
-116.391 170.167 433
-117.129 170.167 433
-117.867 170.167 433
-118.879 170.56 434
-119.619 170.56 434
-120.359 170.56 434
-121.378 170.953 435
-122.119 170.953 435
-122.861 170.953 435
-123.886 171.346 436
-125.201 172.132 438
-126.236 172.525 439
-126.984 172.525 439
-127.732 172.525 439
-128.481 172.525 439
-129.229 172.525 439
-129.978 172.525 439
-156.161 199.249 507
-157.025 199.249 507
-157.889 199.249 507
-158.754 199.249 507
-159.618 199.249 507
-863.311 931.4 2370
-867.351 931.4 2370
-871.392 931.4 2370
-865.459 920.789 2343
-873.164 924.719 2353
-877.175 924.719 2353
-881.186 924.719 2353
-881.435 920.789 2343
-885.43 920.789 2343
-887.146 918.431 2337
-889.605 916.859 2333
-893.582 916.859 2333
-897.559 916.859 2333
-899.218 914.501 2327
-895.422 906.641 2307
-898.186 905.462 2304
-902.113 905.462 2304
-906.041 905.462 2304
-908.784 904.283 2301
-912.707 904.283 2301
-916.629 904.283 2301
-920.552 904.283 2301
-922.064 901.925 2295
-924.766 900.746 2292
-928.673 900.746 2292
-929.732 897.995 2285
-932.402 896.816 2282
-932.599 893.28 2273
-936.474 893.28 2273
-939.108 892.101 2270
-939.239 888.564 2261
-938.922 884.634 2251
-942.76 884.634 2251
-945.336 883.455 2248
-935.234 870.486 2215
-935.619 867.342 2207
-939.381 867.342 2207
-940.58 864.984 2201
-939.183 860.268 2189
-940.761 858.303 2184
-944.484 858.303 2184
-946.905 857.124 2181
-948.008 854.766 2175
-949.09 852.408 2169
-952.788 852.408 2169
-955.604 851.622 2167
-957.97 850.443 2164
-960.326 849.264 2161
-964.01 849.264 2161
-967.693 849.264 2161
-970.029 848.085 2158
-971.452 846.12 2153
-975.122 846.12 2153
-978.792 846.12 2153
-982.463 846.12 2153
-983.385 843.762 2147
-987.045 843.762 2147
-989.321 842.583 2144
-992.049 841.797 2142
-994.306 840.618 2139
-997.953 840.618 2139
-1001.6 840.618 2139
-1005.25 840.618 2139
-1006.06 838.26 2133
-1009.7 838.26 2133
-1012.38 837.474 2131
-1016.02 837.474 2131
-1019.65 837.474 2131
-1023.28 837.474 2131
-1025.47 836.295 2128
-1027.65 835.116 2125
-1029.81 833.937 2122
-1033.43 833.937 2122
-1036.07 833.151 2120
-1038.21 831.972 2117
-1040.35 830.793 2114
-1043.95 830.793 2114
-1045.08 828.828 2109
-1046.19 826.863 2104
-1049.77 826.863 2104
-1053.36 826.863 2104
-1055.44 825.684 2101
-1052.47 820.575 2088
-1053.5 818.61 2083
-1057.05 818.61 2083
-1056.53 815.466 2075
-1058.53 814.287 2072
-1059.5 812.322 2067
-1062 811.536 2065
1766.72 1588.24 4059
1759.8 1588.24 4059
1752.88 1588.24 4059
1721.01 1565.55 4001
1685.92 1539.73 3935
1632.69 1497.07 3826
1626.17 1497.07 3826
1601.45 1480.25 3783
1580.66 1466.95 3749
1567.13 1460.29 3732
1560.77 1460.29 3732
1551.08 1457.16 3724
1527.72 1441.12 3683
1514.83 1434.86 3667
1518.46 1444.25 3691
1512.16 1444.25 3691
1505.87 1444.25 3691
1506.08 1450.51 3707
1499.76 1450.51 3707
1493.44 1450.51 3707
1483.91 1447.38 3699
1471.21 1441.12 3683
1464.94 1441.12 3683
1458.66 1441.12 3683
1452.38 1441.12 3683
1452.38 1447.38 3699
1446.08 1447.38 3699
1439.77 1447.38 3699
1462.53 1476.73 3774
1456.1 1476.73 3774
1459.65 1486.9 3800
1453.17 1486.9 3800
1477.15 1518.2 3880
1509.19 1558.12 3982
1505.8 1561.64 3991
1499 1561.64 3991
1495.93 1565.55 4001
1489.11 1565.55 4001
1485.62 1569.07 4010
1478.79 1569.07 4010
1475.62 1572.98 4020
1475.71 1580.42 4039
1468.83 1580.42 4039
1461.94 1580.42 4039
1455.06 1580.42 4039
1448.17 1580.42 4039
1441.28 1580.42 4039
1424.1 1569.07 4010
1407.37 1558.12 3982
1393.9 1550.68 3963
1387.14 1550.68 3963
1370.63 1539.73 3935
1360.46 1535.81 3925
1353.77 1535.81 3925
1347.08 1535.81 3925
1337.31 1532.29 3916
1321.46 1521.73 3889
1314.83 1521.73 3889
1308.2 1521.73 3889
1301.57 1521.73 3889
1291.95 1518.2 3880
1276.39 1507.64 3853
1269.82 1507.64 3853
1248.82 1490.42 3809
1239.4 1486.9 3800
1232.92 1486.9 3800
1226.44 1486.9 3800
1219.96 1486.9 3800
1210.93 1483.77 3792
1204.46 1483.77 3792
1198 1483.77 3792
1185.88 1476.73 3774
1179.45 1476.73 3774
1173.01 1476.73 3774
1166.58 1476.73 3774
1160.14 1476.73 3774
1153.71 1476.73 3774
1144.84 1473.6 3766
1138.42 1473.6 3766
1129.3 1470.08 3757
1120.5 1466.95 3749
1101.63 1450.51 3707
1095.31 1450.51 3707
1086.64 1447.38 3699
1080.34 1447.38 3699
1071.71 1444.25 3691
1065.41 1444.25 3691
1056.83 1441.12 3683
1048.27 1437.99 3675
1042 1437.99 3675
1035.74 1437.99 3675
1029.47 1437.99 3675
1023.21 1437.99 3675
1016.94 1437.99 3675
1010.68 1437.99 3675
1002.23 1434.86 3667
993.53 1431.34 3658
987.294 1431.34 3658
981.058 1431.34 3658
972.69 1428.21 3650
968.586 1431.34 3658
964.718 1434.86 3667
958.466 1434.86 3667
952.215 1434.86 3667
945.964 1434.86 3667
935.356 1428.21 3650
929.134 1428.21 3650
919.118 1422.34 3635
914.68 1425.08 3642
910.467 1428.21 3650
904.244 1428.21 3650
898.022 1428.21 3650
893.754 1431.34 3658
887.518 1431.34 3658
883.451 1434.86 3667
877.199 1434.86 3667
870.948 1434.86 3667
862.574 1431.34 3658
856.339 1431.34 3658
848.243 1428.21 3650
840.175 1425.08 3642
833.967 1425.08 3642
827.758 1425.08 3642
818.166 1419.21 3627
810.192 1416.08 3619
800.468 1409.82 3603
792.562 1406.69 3595
786.433 1406.69 3595
780.305 1406.69 3595
774.176 1406.69 3595
769.757 1409.82 3603
763.614 1409.82 3603
757.472 1409.82 3603
749.662 1406.69 3595
743.533 1406.69 3595
737.405 1406.69 3595
729.852 1403.95 3588
723.735 1403.95 3588
717.619 1403.95 3588
714.477 1409.82 3603
708.334 1409.82 3603
702.192 1409.82 3603
694.505 1406.69 3595
688.376 1406.69 3595
680.919 1403.95 3588
676.119 1406.69 3595
669.99 1406.69 3595
665.339 1409.82 3603
659.197 1409.82 3603
653.055 1409.82 3603
646.912 1409.82 3603
640.77 1409.82 3603
634.628 1409.82 3603
627.09 1406.69 3595
619.753 1403.95 3588
613.636 1403.95 3588
607.519 1403.95 3588
600.062 1400.82 3580
591.47 1394.95 3565
585.393 1394.95 3565
578.015 1391.82 3557
571.951 1391.82 3557
564.615 1388.69 3549
558.565 1388.69 3549
552.515 1388.69 3549
546.465 1388.69 3549
540.414 1388.69 3549
534.364 1388.69 3549
528.314 1388.69 3549
522.264 1388.69 3549
514.032 1382.82 3534
508.007 1382.82 3534
499.994 1377.34 3520
491.888 1371.47 3505
484.804 1368.34 3497
478.843 1368.34 3497
471.935 1365.6 3490
464.116 1360.12 3476
458.19 1360.12 3476
452.264 1360.12 3476
446.339 1360.12 3476
440.413 1360.12 3476
434.487 1360.12 3476
428.562 1360.12 3476
416.556 1340.56 3426
410.716 1340.56 3426
394.358 1305.73 3337
388.669 1305.73 3337
-8.71937 171.385 438
-9.46604 171.385 438
-10.2127 171.385 438
-10.9344 170.994 437
-11.6794 170.994 437
-12.3959 170.602 436
-13.1392 170.602 436
-13.8506 170.211 435
-14.5586 169.82 434
-15.2985 169.82 434
-16.0383 169.82 434
-16.7782 169.82 434
-17.4777 169.428 433
-18.1738 169.037 432
-18.9102 169.037 432
-19.6467 169.037 432
-20.336 168.646 431
-20.9729 167.863 429
-21.6537 167.472 428
-22.3833 167.472 428
-23.0589 167.081 427
-23.7312 166.689 426
-24.4 166.298 425
-25.1245 166.298 425
-25.7274 165.516 423
-26.3234 164.733 421
-26.9126 163.95 419
-27.561 163.559 418
-28.2736 163.559 418
-28.9168 163.168 417
-29.4856 162.385 415
-30.1203 161.994 414
-30.7516 161.603 413
-31.4557 161.603 413
-32.0819 161.211 412
-32.7842 161.211 412
-33.4053 160.82 411
-34.106 160.82 411
-34.8066 160.82 411
-35.4209 160.429 410
-35.9436 159.646 408
-36.6392 159.646 408
-37.3347 159.646 408
-37.937 159.255 407
-38.5359 158.864 406
-39.2281 158.864 406
-39.9202 158.864 406
-40.6123 158.864 406
-41.2027 158.472 405
-41.8931 158.472 405
-42.5836 158.472 405
-43.1671 158.081 404
-43.7473 157.69 403
-44.3241 157.298 402
-45.0094 157.298 402
-45.6947 157.298 402
-46.2646 156.907 401
-46.9482 156.907 401
-47.6318 156.907 401
-48.3154 156.907 401
-48.8768 156.516 400
-49.5587 156.516 400
-50.2406 156.516 400
-50.9225 156.516 400
-63.6114 152.603 390
-64.2762 152.603 390
-64.9411 152.603 390
-65.6059 152.603 390
-66.2708 152.603 390
-66.9356 152.603 390
-67.4271 152.212 389
-68.2653 152.603 390
-68.9302 152.603 390
-69.595 152.603 390
-70.2599 152.603 390
-70.9247 152.603 390
-71.5896 152.603 390
-72.625 153.386 392
-73.4802 153.777 393
-74.1502 153.777 393
-74.8201 153.777 393
-75.4901 153.777 393
-76.3539 154.168 394
-77.0255 154.168 394
-77.6972 154.168 394
-78.7667 154.951 396
-79.843 155.733 398
-80.5215 155.733 398
-81.404 156.125 399
-82.0842 156.125 399
-82.9718 156.516 400
-83.6537 156.516 400
-84.3356 156.516 400
-85.0175 156.516 400
-85.6994 156.516 400
-86.3813 156.516 400
-87.2808 156.907 401
-87.9645 156.907 401
-88.6481 156.907 401
-89.3317 156.907 401
-90.0153 156.907 401
-90.6989 156.907 401
-91.3825 156.907 401
-92.0661 156.907 401
-92.7497 156.907 401
-101.684 165.907 424
-102.648 166.298 425
-103.372 166.298 425
-104.097 166.298 425
-104.821 166.298 425
-105.794 166.689 426
-106.521 166.689 426
-107.247 166.689 426
-108.226 167.081 427
-108.954 167.081 427
-109.682 167.081 427
-110.669 167.472 428
-111.659 167.863 429
-112.652 168.255 430
-113.385 168.255 430
-114.383 168.646 431
-115.385 169.037 432
-116.391 169.428 433
-117.129 169.428 433
-118.139 169.82 434
-118.879 169.82 434
-119.619 169.82 434
-120.359 169.82 434
-121.378 170.211 435
-122.119 170.211 435
-122.861 170.211 435
-123.886 170.602 436
-125.201 171.385 438
-126.236 171.776 439
-126.984 171.776 439
-127.732 171.776 439
-128.481 171.776 439
-129.229 171.776 439
-863.311 927.357 2370
-867.351 927.357 2370
-871.392 927.357 2370
-865.459 916.792 2343
-873.164 920.705 2353
-877.175 920.705 2353
-881.186 920.705 2353
-881.435 916.792 2343
-885.43 916.792 2343
-887.146 914.444 2337
-889.605 912.879 2333
-893.582 912.879 2333
-897.559 912.879 2333
-899.218 910.531 2327
-895.422 902.705 2307
-898.186 901.531 2304
-902.113 901.531 2304
-906.041 901.531 2304
-908.784 900.358 2301
-912.707 900.358 2301
-916.629 900.358 2301
-920.552 900.358 2301
-923.269 899.184 2298
-924.766 896.836 2292
-928.673 896.836 2292
-929.732 894.097 2285
-931.176 891.749 2279
-931.368 888.228 2270
-935.238 888.228 2270
-937.867 887.054 2267
-939.239 884.706 2261
-938.922 880.793 2251
-942.76 880.793 2251
-945.336 879.619 2248
-936.501 867.881 2218
-934.347 862.403 2204
-938.104 862.403 2204
-940.58 861.229 2201
-939.183 856.533 2189
-940.761 854.577 2184
-944.484 854.577 2184
-944.3 851.055 2175
-948.008 851.055 2175
-949.09 848.707 2169
-952.788 848.707 2169
-954.281 846.751 2164
-956.642 845.577 2161
-960.326 845.577 2161
-964.01 845.577 2161
-966.35 844.403 2158
-970.029 844.403 2158
-971.452 842.447 2153
-975.122 842.447 2153
-978.792 842.447 2153
-981.094 841.273 2150
-982.011 838.925 2144
-985.666 838.925 2144
-989.321 838.925 2144
-992.049 838.143 2142
-995.701 838.143 2142
-999.353 838.143 2142
-1001.6 836.969 2139
-1005.25 836.969 2139
-1006.06 834.621 2133
-1009.7 834.621 2133
-1012.38 833.838 2131
-1016.02 833.838 2131
-1019.65 833.838 2131
-1023.28 833.838 2131
-1025.47 832.665 2128
-1027.65 831.491 2125
-1029.81 830.317 2122
-1033.43 830.317 2122
-1036.07 829.534 2120
-1036.74 827.187 2114
-1040.35 827.187 2114
-1043.95 827.187 2114
-1043.59 824.056 2106
-1046.19 823.274 2104
-1049.77 823.274 2104
-1053.36 823.274 2104
-1055.44 822.1 2101
-1049.95 815.057 2083
-1051.98 813.883 2080
-1055.53 813.883 2080
-1055 810.752 2072
-1057.51 809.97 2070
-1058.48 808.013 2065
-1062 808.013 2065
1766.72 1581.32 4059
1759.8 1581.32 4059
1752.88 1581.32 4059
1733.49 1570.02 4030
1685.92 1533.01 3935
1632.69 1490.55 3826
1626.17 1490.55 3826
1601.45 1473.79 3783
1580.66 1460.55 3749
1567.13 1453.93 3732
1560.77 1453.93 3732
1551.08 1450.81 3724
1527.72 1434.84 3683
1514.83 1428.6 3667
1518.46 1437.95 3691
1512.16 1437.95 3691
1505.87 1437.95 3691
1506.08 1444.19 3707
1499.76 1444.19 3707
1493.44 1444.19 3707
1483.91 1441.07 3699
1461.23 1425.1 3658
1454.99 1425.1 3658
1448.76 1425.1 3658
1446.07 1428.6 3667
1452.38 1441.07 3699
1449.2 1444.19 3707
1442.88 1444.19 3707
1449.35 1457.04 3740
1453.01 1467.17 3766
1466.56 1487.43 3818
1460.05 1487.43 3818
1480.58 1515.09 3889
1516.39 1558.72 4001
1516.74 1566.13 4020
1509.89 1566.13 4020
1513.88 1577.42 4049
1506.98 1577.42 4049
1500.07 1577.42 4049
1493.17 1577.42 4049
1486.27 1577.42 4049
1493.98 1593.01 4089
1487.01 1593.01 4089
1480.04 1593.01 4089
1473.07 1593.01 4089
1455.34 1581.32 4059
1448.42 1581.32 4059
1427.65 1566.13 4020
1410.55 1554.83 3991
1397.06 1547.43 3972
1390.29 1547.43 3972
1373.77 1536.52 3944
1367.04 1536.52 3944
1360.32 1536.52 3944
1353.6 1536.52 3944
1340.38 1529.12 3925
1327.58 1522.1 3907
1317.87 1518.6 3898
1311.23 1518.6 3898
1301.57 1515.09 3889
1291.95 1511.58 3880
1279.37 1504.57 3862
1272.78 1504.57 3862
1248.82 1483.92 3809
1239.4 1480.42 3800
1232.92 1480.42 3800
1226.44 1480.42 3800
1219.96 1480.42 3800
1210.93 1477.3 3792
1204.46 1477.3 3792
1198 1477.3 3792
1185.88 1470.29 3774
1179.45 1470.29 3774
1173.01 1470.29 3774
1166.58 1470.29 3774
1160.14 1470.29 3774
1153.71 1470.29 3774
1144.84 1467.17 3766
1138.42 1467.17 3766
1129.3 1463.67 3757
1120.5 1460.55 3749
1101.63 1444.19 3707
1095.31 1444.19 3707
1086.64 1441.07 3699
1080.34 1441.07 3699
1071.71 1437.95 3691
1065.41 1437.95 3691
1056.83 1434.84 3683
1048.27 1431.72 3675
1042 1431.72 3675
1035.74 1431.72 3675
1029.47 1431.72 3675
1023.21 1431.72 3675
1016.94 1431.72 3675
1010.68 1431.72 3675
1004.41 1431.72 3675
998.147 1431.72 3675
989.723 1428.6 3667
983.472 1428.6 3667
977.22 1428.6 3667
970.969 1428.6 3667
966.822 1431.72 3675
960.557 1431.72 3675
954.292 1431.72 3675
948.027 1431.72 3675
939.712 1428.6 3667
933.461 1428.6 3667
924.934 1425.1 3658
920.959 1428.6 3667
916.703 1431.72 3675
910.438 1431.72 3675
904.173 1431.72 3675
897.908 1431.72 3675
891.643 1431.72 3675
885.378 1431.72 3675
879.113 1431.72 3675
872.848 1431.72 3675
866.583 1431.72 3675
860.318 1431.72 3675
852.194 1428.6 3667
843.867 1425.1 3658
837.631 1425.1 3658
831.395 1425.1 3658
821.549 1418.86 3642
811.983 1413.02 3627
804.022 1409.9 3619
797.853 1409.9 3619
788.183 1403.67 3603
782.041 1403.67 3603
777.621 1406.79 3611
771.466 1406.79 3611
765.31 1406.79 3611
759.154 1406.79 3611
752.998 1406.79 3611
745.188 1403.67 3603
739.045 1403.67 3603
732.903 1403.67 3603
726.761 1403.67 3603
720.619 1403.67 3603
716.063 1406.79 3611
709.907 1406.79 3611
703.751 1406.79 3611
696.05 1403.67 3603
689.908 1403.67 3603
683.766 1403.67 3603
677.623 1403.67 3603
671.481 1403.67 3603
665.339 1403.67 3603
659.197 1403.67 3603
654.505 1406.79 3611
648.349 1406.79 3611
642.193 1406.79 3611
636.037 1406.79 3611
628.486 1403.67 3603
620.962 1400.55 3595
614.833 1400.55 3595
607.519 1397.83 3588
601.403 1397.83 3588
592.632 1391.59 3572
586.542 1391.59 3572
579.315 1388.87 3565
571.951 1385.75 3557
565.888 1385.75 3557
561.083 1388.87 3565
555.006 1388.87 3565
548.928 1388.87 3565
541.633 1385.75 3557
535.569 1385.75 3557
529.505 1385.75 3557
522.264 1382.63 3549
514.032 1376.79 3534
508.007 1376.79 3534
499.994 1371.33 3520
491.888 1365.49 3505
484.804 1362.37 3497
478.843 1362.37 3497
470.041 1354.19 3476
462.113 1348.35 3461
456.213 1348.35 3461
450.313 1348.35 3461
443.514 1345.62 3454
437.626 1345.62 3454
429.987 1340.17 3440
424.123 1340.17 3440
414.854 1329.26 3412
400.047 1300.04 3337
391.167 1289.52 3310
385.524 1289.52 3310
-8.71937 170.638 438
-9.46604 170.638 438
-10.2127 170.638 438
-10.9344 170.248 437
-11.6794 170.248 437
-12.3959 169.858 436
-13.1392 169.858 436
-13.8506 169.469 435
-14.5586 169.079 434
-15.2985 169.079 434
-16.0383 169.079 434
-16.7782 169.079 434
-17.4777 168.69 433
-18.1738 168.3 432
-18.9102 168.3 432
-19.6467 168.3 432
-20.336 167.911 431
-20.9729 167.131 429
-21.6537 166.742 428
-22.3833 166.742 428
-23.0589 166.352 427
-23.7312 165.963 426
-24.4 165.573 425
-25.1245 165.573 425
-25.7274 164.794 423
-26.3234 164.015 421
-26.9126 163.236 419
-27.561 162.846 418
-28.2736 162.846 418
-28.9168 162.456 417
-29.4856 161.677 415
-30.1203 161.288 414
-30.7516 160.898 413
-31.4557 160.898 413
-32.0819 160.508 412
-32.7842 160.508 412
-33.4053 160.119 411
-34.106 160.119 411
-34.8066 160.119 411
-35.4209 159.729 410
-35.9436 158.95 408
-36.6392 158.95 408
-37.3347 158.95 408
-37.937 158.561 407
-38.5359 158.171 406
-39.2281 158.171 406
-39.9202 158.171 406
-40.6123 158.171 406
-41.2027 157.781 405
-41.8931 157.781 405
-42.5836 157.781 405
-43.274 157.781 405
-43.7473 157.002 403
-44.3241 156.613 402
-45.0094 156.613 402
-45.6947 156.613 402
-46.2646 156.223 401
-46.9482 156.223 401
-47.6318 156.223 401
-48.3154 156.223 401
-48.999 156.223 401
-49.5587 155.833 400
-50.2406 155.833 400
-50.9225 155.833 400
-63.6114 151.938 390
-64.2762 151.938 390
-64.9411 151.938 390
-65.6059 151.938 390
-66.2708 151.938 390
-66.9356 151.938 390
-67.4271 151.548 389
-68.0903 151.548 389
-68.7534 151.548 389
-69.595 151.938 390
-70.2599 151.938 390
-70.9247 151.938 390
-71.5896 151.938 390
-72.8102 153.106 393
-73.4802 153.106 393
-74.1502 153.106 393
-74.8201 153.106 393
-75.4901 153.106 393
-76.3539 153.496 394
-77.0255 153.496 394
-77.6972 153.496 394
-78.7667 154.275 396
-79.843 155.054 398
-80.5215 155.054 398
-81.404 155.444 399
-82.0842 155.444 399
-82.9718 155.833 400
-83.6537 155.833 400
-84.3356 155.833 400
-85.0175 155.833 400
-85.6994 155.833 400
-86.3813 155.833 400
-87.2808 156.223 401
-87.9645 156.223 401
-88.6481 156.223 401
-89.3317 156.223 401
-90.0153 156.223 401
-90.6989 156.223 401
-91.3825 156.223 401
-92.0661 156.223 401
-92.7497 156.223 401
-101.923 165.573 425
-102.648 165.573 425
-103.372 165.573 425
-104.097 165.573 425
-104.821 165.573 425
-105.794 165.963 426
-106.521 165.963 426
-107.247 165.963 426
-108.226 166.352 427
-108.954 166.352 427
-109.682 166.352 427
-110.927 167.131 429
-111.659 167.131 429
-112.914 167.911 431
-113.649 167.911 431
-114.649 168.3 432
-115.652 168.69 433
-116.659 169.079 434
-117.399 169.079 434
-118.139 169.079 434
-119.153 169.469 435
-119.894 169.469 435
-120.636 169.469 435
-121.378 169.469 435
-122.4 169.858 436
-123.143 169.858 436
-124.171 170.248 437
-125.201 170.638 438
-126.236 171.027 439
-126.984 171.027 439
-127.732 171.027 439
-128.481 171.027 439
-129.229 171.027 439
-865.459 912.794 2343
-873.164 916.69 2353
-877.175 916.69 2353
-881.186 916.69 2353
-881.435 912.794 2343
-885.43 912.794 2343
-887.146 910.457 2337
-889.605 908.899 2333
-893.582 908.899 2333
-897.559 908.899 2333
-896.513 903.834 2320
-895.422 898.769 2307
-898.186 897.601 2304
-902.113 897.601 2304
-906.041 897.601 2304
-908.784 896.432 2301
-912.707 896.432 2301
-916.629 896.432 2301
-920.552 896.432 2301
-923.269 895.263 2298
-924.766 892.926 2292
-928.673 892.926 2292
-929.732 890.199 2285
-931.176 887.861 2279
-931.368 884.355 2270
-935.238 884.355 2270
-937.867 883.186 2267
-939.239 880.849 2261
-938.922 876.953 2251
-942.76 876.953 2251
-945.336 875.784 2248
-936.501 864.096 2218
-934.347 858.642 2204
-938.104 858.642 2204
-940.58 857.474 2201
-939.183 852.799 2189
-940.761 850.851 2184
-944.484 850.851 2184
-944.3 847.344 2175
-948.008 847.344 2175
-949.09 845.007 2169
-952.788 845.007 2169
-954.281 843.059 2164
-956.642 841.89 2161
-960.326 841.89 2161
-964.01 841.89 2161
-966.35 840.721 2158
-970.029 840.721 2158
-971.452 838.774 2153
-975.122 838.774 2153
-977.429 837.605 2150
-979.725 836.436 2147
-982.011 835.267 2144
-985.666 835.267 2144
-989.321 835.267 2144
-992.049 834.488 2142
-995.701 834.488 2142
-999.353 834.488 2142
-1001.6 833.319 2139
-1005.25 833.319 2139
-1006.06 830.982 2133
-1009.7 830.982 2133
-1012.38 830.203 2131
-1016.02 830.203 2131
-1019.65 830.203 2131
-1023.28 830.203 2131
-1025.47 829.034 2128
-1026.2 826.696 2122
-1029.81 826.696 2122
-1033.43 826.696 2122
-1034.61 824.749 2117
-1036.74 823.58 2114
-1040.35 823.58 2114
-1043.95 823.58 2114
-1045.08 821.632 2109
-1047.18 820.463 2106
-1049.77 819.684 2104
-1053.36 819.684 2104
-1055.44 818.515 2101
-1050.96 812.282 2085
-1051.98 810.334 2080
-1055.53 810.334 2080
-1055 807.217 2072
-1057.51 806.438 2070
-1059.5 805.269 2067
-1063.03 805.269 2067
1766.72 1574.39 4059
1759.8 1574.39 4059
1752.88 1574.39 4059
1733.49 1563.15 4030
1685.92 1526.3 3935
1632.69 1484.02 3826
1626.17 1484.02 3826
1597.64 1463.85 3774
1576.87 1450.66 3740
1563.77 1444.46 3724
1557.43 1444.46 3724
1534 1428.55 3683
1521.08 1422.35 3667
1511.11 1418.86 3658
1504.88 1418.86 3658
1498.64 1418.86 3658
1505.87 1431.66 3691
1499.58 1431.66 3691
1493.29 1431.66 3691
1486.99 1431.66 3691
1477.49 1428.55 3683
1461.23 1418.86 3658
1454.99 1418.86 3658
1448.76 1418.86 3658
1455.53 1431.66 3691
1452.38 1434.76 3699
1449.2 1437.86 3707
1442.88 1437.86 3707
1449.35 1450.66 3740
1453.01 1460.75 3766
1514.96 1529.79 3944
1508.24 1529.79 3944
1523.21 1551.9 4001
1523.6 1559.27 4020
1516.74 1559.27 4020
1535.8 1586.03 4089
1528.83 1586.03 4089
1521.86 1586.03 4089
1514.89 1586.03 4089
1504.23 1582.15 4079
1500.95 1586.03 4089
1493.98 1586.03 4089
1487.01 1586.03 4089
1480.04 1586.03 4089
1473.07 1586.03 4089
1455.34 1574.39 4059
1448.42 1574.39 4059
1437.95 1570.52 4049
1420.8 1559.27 4020
1397.06 1540.65 3972
1390.29 1540.65 3972
1373.77 1529.79 3944
1367.04 1529.79 3944
1360.32 1529.79 3944
1353.6 1529.79 3944
1340.38 1522.42 3925
1327.58 1515.44 3907
1317.87 1511.95 3898
1311.23 1511.95 3898
1301.57 1508.46 3889
1288.95 1501.47 3871
1279.37 1497.98 3862
1272.78 1497.98 3862
1248.82 1477.43 3809
1239.4 1473.93 3800
1232.92 1473.93 3800
1226.44 1473.93 3800
1219.96 1473.93 3800
1210.93 1470.83 3792
1201.6 1467.34 3783
1195.16 1467.34 3783
1180.54 1457.26 3757
1176.94 1460.75 3766
1170.52 1460.75 3766
1164.1 1460.75 3766
1157.68 1460.75 3766
1148.51 1457.26 3757
1142.11 1457.26 3757
1135.7 1457.26 3757
1129.3 1457.26 3757
1113.03 1444.46 3724
1099.25 1434.76 3699
1092.95 1434.76 3699
1086.64 1434.76 3699
1080.34 1434.76 3699
1069.38 1428.55 3683
1063.11 1428.55 3683
1054.53 1425.45 3675
1048.27 1425.45 3675
1044.27 1428.55 3683
1040.25 1431.66 3691
1033.95 1431.66 3691
1027.66 1431.66 3691
1021.37 1431.66 3691
1015.08 1431.66 3691
1006.6 1428.55 3683
998.147 1425.45 3675
989.723 1422.35 3667
983.472 1422.35 3667
977.22 1422.35 3667
970.969 1422.35 3667
966.822 1425.45 3675
960.557 1425.45 3675
954.292 1425.45 3675
948.027 1425.45 3675
939.712 1422.35 3667
933.461 1422.35 3667
924.934 1418.86 3658
920.959 1422.35 3667
916.703 1425.45 3675
910.438 1425.45 3675
904.173 1425.45 3675
897.908 1425.45 3675
891.643 1425.45 3675
885.378 1425.45 3675
879.113 1425.45 3675
872.848 1425.45 3675
866.583 1425.45 3675
862.191 1428.55 3683
855.912 1428.55 3683
849.634 1428.55 3683
841.523 1425.45 3675
835.258 1425.45 3675
825.159 1418.86 3658
815.341 1412.65 3642
805.8 1406.83 3627
799.616 1406.83 3627
793.433 1406.83 3627
787.25 1406.83 3627
782.79 1409.93 3635
776.593 1409.93 3635
770.396 1409.93 3635
764.2 1409.93 3635
756.335 1406.83 3627
750.151 1406.83 3627
743.968 1406.83 3627
736.158 1403.73 3619
729.988 1403.73 3619
723.819 1403.73 3619
717.649 1403.73 3619
711.48 1403.73 3619
705.31 1403.73 3619
699.141 1403.73 3619
692.972 1403.73 3619
685.284 1400.63 3611
679.128 1400.63 3611
672.972 1400.63 3611
666.816 1400.63 3611
660.66 1400.63 3611
654.505 1400.63 3611
648.349 1400.63 3611
642.193 1400.63 3611
636.037 1400.63 3611
629.881 1400.63 3611
620.962 1394.42 3595
614.833 1394.42 3595
608.705 1394.42 3595
601.403 1391.7 3588
592.632 1385.5 3572
586.542 1385.5 3572
580.453 1385.5 3572
573.238 1382.78 3565
567.16 1382.78 3565
561.083 1382.78 3565
555.006 1382.78 3565
548.928 1382.78 3565
542.851 1382.78 3565
536.773 1382.78 3565
530.696 1382.78 3565
523.441 1379.68 3557
516.214 1376.58 3549
510.164 1376.58 3549
500.988 1368.04 3527
492.871 1362.23 3512
484.804 1356.41 3497
478.843 1356.41 3497
471.935 1353.69 3490
462.113 1342.44 3461
455.29 1339.73 3454
449.402 1339.73 3454
441.716 1334.3 3440
435.852 1334.3 3440
428.237 1328.87 3426
422.397 1328.87 3426
413.152 1318.01 3398
396.81 1283.87 3310
389.631 1278.83 3297
384.01 1278.83 3297
-7.2425 170.278 439
-7.99089 170.278 439
-8.73927 170.278 439
-9.46604 169.89 438
-10.2127 169.89 438
-10.9594 169.89 438
-11.6794 169.502 437
-12.3959 169.115 436
-13.1392 169.115 436
-13.8506 168.727 435
-14.5586 168.339 434
-15.2985 168.339 434
-16.0383 168.339 434
-16.7782 168.339 434
-17.4777 167.951 433
-18.1738 167.563 432
-18.9102 167.563 432
-19.6467 167.563 432
-20.336 167.175 431
-20.9729 166.399 429
-21.6537 166.012 428
-22.3833 166.012 428
-23.0589 165.624 427
-23.7312 165.236 426
-24.4 164.848 425
-25.1245 164.848 425
-25.7274 164.072 423
-26.3234 163.296 421
-26.9126 162.521 419
-27.561 162.133 418
-28.2736 162.133 418
-28.9168 161.745 417
-29.4856 160.969 415
-30.1203 160.581 414
-30.7516 160.193 413
-31.4557 160.193 413
-32.0819 159.806 412
-32.7842 159.806 412
-33.4053 159.418 411
-34.106 159.418 411
-34.7219 159.03 410
-35.3345 158.642 409
-35.9436 158.254 408
-36.6392 158.254 408
-37.3347 158.254 408
-37.937 157.866 407
-38.5359 157.478 406
-39.2281 157.478 406
-39.9202 157.478 406
-40.6123 157.478 406
-41.2027 157.09 405
-41.8931 157.09 405
-42.5836 157.09 405
-43.274 157.09 405
-43.7473 156.315 403
-44.4343 156.315 403
-45.1213 156.315 403
-45.6947 155.927 402
-46.2646 155.539 401
-46.9482 155.539 401
-47.6318 155.539 401
-48.3154 155.539 401
-48.999 155.539 401
-49.5587 155.151 400
-50.2406 155.151 400
-50.9225 155.151 400
-64.9411 151.272 390
-65.6059 151.272 390
-66.2708 151.272 390
-66.9356 151.272 390
-67.4271 150.884 389
-68.2653 151.272 390
-68.9302 151.272 390
-69.595 151.272 390
-70.44 151.66 391
-71.1066 151.66 391
-71.7731 151.66 391
-72.8102 152.436 393
-73.4802 152.436 393
-74.1502 152.436 393
-74.8201 152.436 393
-75.4901 152.436 393
-76.3539 152.824 394
-77.0255 152.824 394
-77.6972 152.824 394
-78.7667 153.6 396
-79.843 154.375 398
-80.5215 154.375 398
-81.404 154.763 399
-82.2899 155.151 400
-82.9718 155.151 400
-83.6537 155.151 400
-84.3356 155.151 400
-85.0175 155.151 400
-85.6994 155.151 400
-86.3813 155.151 400
-87.2808 155.539 401
-87.9645 155.539 401
-88.6481 155.539 401
-89.3317 155.539 401
-90.0153 155.539 401
-90.6989 155.539 401
-91.3825 155.539 401
-92.0661 155.539 401
-92.7497 155.539 401
-101.923 164.848 425
-102.648 164.848 425
-103.372 164.848 425
-104.097 164.848 425
-104.821 164.848 425
-105.794 165.236 426
-106.521 165.236 426
-107.247 165.236 426
-108.226 165.624 427
-108.954 165.624 427
-109.682 165.624 427
-110.927 166.399 429
-111.659 166.399 429
-112.914 167.175 431
-113.649 167.175 431
-114.649 167.563 432
-115.652 167.951 433
-116.659 168.339 434
-117.399 168.339 434
-118.139 168.339 434
-119.153 168.727 435
-119.894 168.727 435
-120.636 168.727 435
-121.657 169.115 436
-122.4 169.115 436
-123.143 169.115 436
-124.171 169.502 437
-125.487 170.278 439
-126.236 170.278 439
-126.984 170.278 439
-127.732 170.278 439
-128.481 170.278 439
-129.229 170.278 439
-869.453 908.797 2343
-873.447 908.797 2343
-877.441 908.797 2343
-879.178 906.47 2337
-883.162 906.47 2337
-885.628 904.918 2333
-887.317 902.591 2327
-889.752 901.039 2323
-893.712 901.039 2323
-895.354 898.712 2317
-894.258 893.67 2304
-898.186 893.67 2304
-902.113 893.67 2304
-906.041 893.67 2304
-909.969 893.67 2304
-912.707 892.506 2301
-916.629 892.506 2301
-920.552 892.506 2301
-923.269 891.343 2298
-921.941 886.3 2285
-925.837 886.3 2285
-927.291 883.973 2279
-928.724 881.646 2273
-931.368 880.482 2270
-935.238 880.482 2270
-936.626 878.155 2264
-939.239 876.991 2261
-938.922 873.112 2251
-942.76 873.112 2251
-945.336 871.949 2248
-936.501 860.312 2218
-934.347 854.882 2204
-938.104 854.882 2204
-940.58 853.718 2201
-937.038 847.125 2184
-939.469 845.961 2181
-943.187 845.961 2181
-944.3 843.634 2175
-948.008 843.634 2175
-948.215 840.531 2167
-951.909 840.531 2167
-954.281 839.367 2164
-956.642 838.203 2161
-960.326 838.203 2161
-964.01 838.203 2161
-966.35 837.04 2158
-970.029 837.04 2158
-971.452 835.1 2153
-975.122 835.1 2153
-977.429 833.937 2150
-979.725 832.773 2147
-982.011 831.609 2144
-985.666 831.609 2144
-989.321 831.609 2144
-992.049 830.834 2142
-995.701 830.834 2142
-999.353 830.834 2142
-1001.6 829.67 2139
-1005.25 829.67 2139
-1006.06 827.343 2133
-1009.7 827.343 2133
-1012.38 826.567 2131
-1016.02 826.567 2131
-1019.65 826.567 2131
-1023.28 826.567 2131
-1025.47 825.403 2128
-1026.2 823.076 2122
-1029.81 823.076 2122
-1033.43 823.076 2122
-1033.14 819.973 2114
-1036.74 819.973 2114
-1040.35 819.973 2114
-1043.95 819.973 2114
-1045.08 818.034 2109
-1047.18 816.87 2106
-1049.77 816.094 2104
-1053.36 816.094 2104
-1055.44 814.931 2101
-1050.96 808.725 2085
-1051.98 806.785 2080
-1055.53 806.785 2080
-1055 803.682 2072
-1057.51 802.906 2070
-1061.04 802.906 2070
-1064.57 802.906 2070
1766.72 1567.47 4059
1759.8 1567.47 4059
1752.88 1567.47 4059
1733.49 1556.27 4030
1677.78 1512.25 3916
1671.1 1512.25 3916
1633.82 1484.44 3844
1597.64 1457.41 3774
1576.87 1444.28 3740
1563.77 1438.1 3724
1557.43 1438.1 3724
1530.67 1419.18 3675
1517.35 1412.61 3658
1507.81 1409.53 3650
1504.88 1412.61 3658
1498.64 1412.61 3658
1502.61 1422.27 3683
1496.33 1422.27 3683
1490.05 1422.27 3683
1483.77 1422.27 3683
1467.46 1412.61 3658
1458.03 1409.53 3650
1451.81 1409.53 3650
1445.59 1409.53 3650
1455.53 1425.36 3691
1452.38 1428.45 3699
1449.2 1431.54 3707
1442.88 1431.54 3707
1449.35 1444.28 3740
1453.01 1454.32 3766
1514.96 1523.06 3944
1508.24 1523.06 3944
1523.21 1545.07 4001
1523.6 1552.41 4020
1516.74 1552.41 4020
1535.8 1579.05 4089
1528.83 1579.05 4089
1521.86 1579.05 4089
1514.89 1579.05 4089
1504.23 1575.19 4079
1500.95 1579.05 4089
1493.98 1579.05 4089
1487.01 1579.05 4089
1480.04 1579.05 4089
1473.07 1579.05 4089
1466.1 1579.05 4089
1459.13 1579.05 4089
1452.16 1579.05 4089
1420.8 1552.41 4020
1397.06 1533.87 3972
1390.29 1533.87 3972
1373.77 1523.06 3944
1367.04 1523.06 3944
1360.32 1523.06 3944
1353.6 1523.06 3944
1340.38 1515.72 3925
1327.58 1508.77 3907
1317.87 1505.3 3898
1311.23 1505.3 3898
1301.57 1501.82 3889
1288.95 1494.87 3871
1279.37 1491.39 3862
1272.78 1491.39 3862
1248.82 1470.93 3809
1242.33 1470.93 3809
1235.84 1470.93 3809
1229.34 1470.93 3809
1222.85 1470.93 3809
1213.48 1467.45 3800
1201.6 1460.89 3783
1195.16 1460.89 3783
1178.02 1447.76 3749
1174.13 1450.85 3757
1167.73 1450.85 3757
1161.32 1450.85 3757
1154.92 1450.85 3757
1148.51 1450.85 3757
1142.11 1450.85 3757
1135.7 1450.85 3757
1129.3 1450.85 3757
1113.03 1438.1 3724
1099.25 1428.45 3699
1092.95 1428.45 3699
1084.29 1425.36 3691
1078 1425.36 3691
1069.38 1422.27 3683
1063.11 1422.27 3683
1054.53 1419.18 3675
1050.55 1422.27 3683
1046.54 1425.36 3691
1040.25 1425.36 3691
1033.95 1425.36 3691
1027.66 1425.36 3691
1023.58 1428.45 3699
1017.28 1428.45 3699
1010.97 1428.45 3699
1000.32 1422.27 3683
994.041 1422.27 3683
987.763 1422.27 3683
979.352 1419.18 3675
973.087 1419.18 3675
971.032 1425.36 3691
964.739 1425.36 3691
958.447 1425.36 3691
952.155 1425.36 3691
945.863 1425.36 3691
939.57 1425.36 3691
927.21 1416.09 3667
924.977 1422.27 3683
920.694 1425.36 3691
914.402 1425.36 3691
908.109 1425.36 3691
901.817 1425.36 3691
897.466 1428.45 3699
891.16 1428.45 3699
884.854 1428.45 3699
878.548 1428.45 3699
870.356 1425.36 3691
864.064 1425.36 3691
855.912 1422.27 3683
849.634 1422.27 3683
841.523 1419.18 3675
835.258 1419.18 3675
825.159 1412.61 3658
815.341 1406.44 3642
805.8 1400.64 3627
799.616 1400.64 3627
793.433 1400.64 3627
787.25 1400.64 3627
782.79 1403.73 3635
776.593 1403.73 3635
770.396 1403.73 3635
764.2 1403.73 3635
756.335 1400.64 3627
750.151 1400.64 3627
743.968 1400.64 3627
736.158 1397.55 3619
729.988 1397.55 3619
723.819 1397.55 3619
717.649 1397.55 3619
711.48 1397.55 3619
705.31 1397.55 3619
699.141 1397.55 3619
692.972 1397.55 3619
686.802 1397.55 3619
680.633 1397.55 3619
674.463 1397.55 3619
668.294 1397.55 3619
662.124 1397.55 3619
655.955 1397.55 3619
649.785 1397.55 3619
642.193 1394.46 3611
636.037 1394.46 3611
629.881 1394.46 3611
623.725 1394.46 3611
614.833 1388.29 3595
608.705 1388.29 3595
602.576 1388.29 3595
596.447 1388.29 3595
587.856 1382.49 3580
580.453 1379.4 3572
574.363 1379.4 3572
567.16 1376.7 3565
562.185 1379.4 3572
556.095 1379.4 3572
550.006 1379.4 3572
543.917 1379.4 3572
537.827 1379.4 3572
530.696 1376.7 3565
524.618 1376.7 3565
516.214 1370.52 3549
510.164 1370.52 3549
501.983 1364.73 3534
494.976 1362.03 3527
486.884 1356.23 3512
480.897 1356.23 3512
472.881 1350.44 3497
464.116 1342.33 3476
457.136 1339.24 3468
451.223 1339.24 3468
443.514 1333.84 3454
436.739 1331.13 3447
427.362 1320.32 3419
421.534 1320.32 3419
412.301 1309.51 3391
396.81 1278.23 3310
390.34 1275.52 3303
384.709 1275.52 3303
-6.50891 169.915 440
-7.259 169.915 440
-8.00909 169.915 440
-8.75918 169.915 440
-9.48766 169.529 439
-10.236 169.529 439
-10.9594 169.143 438
-11.7061 169.143 438
-12.4243 168.757 437
-13.1693 168.757 437
-13.8506 167.985 435
-14.5922 167.985 435
-15.2985 167.598 434
-16.0383 167.598 434
-16.7782 167.598 434
-17.4777 167.212 433
-18.1738 166.826 432
-18.8665 166.44 431
-19.6012 166.44 431
-20.336 166.44 431
-20.9729 165.668 429
-21.6537 165.281 428
-22.3833 165.281 428
-23.0589 164.895 427
-23.7312 164.509 426
-24.4 164.123 425
-25.1245 164.123 425
-25.7882 163.737 424
-26.3234 162.578 421
-26.9126 161.806 419
-27.561 161.42 418
-28.2736 161.42 418
-28.9168 161.033 417
-29.4146 159.875 414
-30.1203 159.875 414
-30.7516 159.489 413
-31.4557 159.489 413
-32.0819 159.103 412
-32.7842 159.103 412
-33.4053 158.716 411
-34.106 158.716 411
-34.7219 158.33 410
-35.3345 157.944 409
-35.9436 157.558 408
-36.6392 157.558 408
-37.2432 157.172 407
-37.937 157.172 407
-38.6309 157.172 407
-39.3247 157.172 407
-39.9202 156.786 406
-40.6123 156.786 406
-41.2027 156.399 405
-41.8931 156.399 405
-42.5836 156.399 405
-43.274 156.399 405
-43.7473 155.627 403
-44.4343 155.627 403
-45.1213 155.627 403
-45.6947 155.241 402
-46.2646 154.855 401
-46.9482 154.855 401
-47.6318 154.855 401
-48.3154 154.855 401
-48.999 154.855 401
-49.5587 154.469 400
-50.2406 154.469 400
-64.9411 150.607 390
-65.6059 150.607 390
-66.2708 150.607 390
-66.9356 150.607 390
-67.4271 150.221 389
-68.2653 150.607 390
-68.9302 150.607 390
-69.7735 150.993 391
-70.44 150.993 391
-71.4703 151.765 393
-72.1403 151.765 393
-72.9955 152.152 394
-73.6672 152.152 394
-74.3388 152.152 394
-75.0105 152.152 394
-75.6822 152.152 394
-76.3539 152.152 394
-77.221 152.538 395
-77.8944 152.538 395
-78.7667 152.924 396
-79.843 153.696 398
-80.5215 153.696 398
-81.404 154.082 399
-82.2899 154.469 400
-82.9718 154.469 400
-83.6537 154.469 400
-84.3356 154.469 400
-85.0175 154.469 400
-85.6994 154.469 400
-86.3813 154.469 400
-87.2808 154.855 401
-87.9645 154.855 401
-88.6481 154.855 401
-89.3317 154.855 401
-90.0153 154.855 401
-90.6989 154.855 401
-91.6104 155.241 402
-92.2957 155.241 402
-92.981 155.241 402
-101.923 164.123 425
-102.648 164.123 425
-103.372 164.123 425
-104.097 164.123 425
-105.068 164.509 426
-105.794 164.509 426
-106.521 164.509 426
-107.498 164.895 427
-108.226 164.895 427
-108.954 164.895 427
-109.682 164.895 427
-110.927 165.668 429
-111.919 166.054 430
-112.914 166.44 431
-113.649 166.44 431
-114.649 166.826 432
-115.652 167.212 433
-116.659 167.598 434
-117.399 167.598 434
-118.139 167.598 434
-119.153 167.985 435
-119.894 167.985 435
-120.636 167.985 435
-121.657 168.371 436
-122.4 168.371 436
-123.143 168.371 436
-124.171 168.757 437
-125.487 169.529 439
-126.236 169.529 439
-126.984 169.529 439
-127.732 169.529 439
-869.453 904.8 2343
-873.447 904.8 2343
-877.441 904.8 2343
-879.178 902.483 2337
-883.162 902.483 2337
-885.628 900.938 2333
-887.317 898.621 2327
-889.752 897.076 2323
-893.712 897.076 2323
-894.194 893.601 2314
-896.975 892.442 2311
-900.914 892.442 2311
-904.854 892.442 2311
-908.794 892.442 2311
-911.154 890.897 2307
-915.087 890.897 2307
-919.019 890.897 2307
-920.552 888.58 2301
-922.064 886.263 2295
-920.731 881.243 2282
-924.621 881.243 2282
-926.07 878.926 2276
-928.724 877.768 2273
-930.138 875.451 2267
-934.002 875.451 2267
-935.385 873.134 2261
-937.578 871.589 2257
-938.922 869.272 2251
-942.76 869.272 2251
-944.074 866.955 2245
-936.501 856.528 2218
-934.347 851.122 2204
-938.104 851.122 2204
-939.298 848.805 2198
-935.751 842.24 2181
-936.884 839.923 2175
-940.592 839.923 2175
-944.3 839.923 2175
-945.393 837.606 2169
-946.902 835.675 2164
-950.591 835.675 2164
-952.958 834.516 2161
-956.642 834.516 2161
-958.992 833.358 2158
-962.671 833.358 2158
-966.35 833.358 2158
-968.68 832.199 2155
-970.098 830.269 2150
-973.763 830.269 2150
-976.065 829.11 2147
-978.356 827.952 2144
-982.011 827.952 2144
-985.666 827.952 2144
-988.398 827.179 2142
-992.049 827.179 2142
-994.306 826.021 2139
-997.953 826.021 2139
-1001.6 826.021 2139
-1005.25 826.021 2139
-1006.06 823.704 2133
-1009.7 823.704 2133
-1012.38 822.931 2131
-1016.02 822.931 2131
-1019.65 822.931 2131
-1023.28 822.931 2131
-1025.47 821.773 2128
-1026.2 819.456 2122
-1029.81 819.456 2122
-1033.43 819.456 2122
-1033.14 816.366 2114
-1036.74 816.366 2114
-1040.35 816.366 2114
-1043.95 816.366 2114
-1045.08 814.435 2109
-1047.18 813.277 2106
-1049.77 812.505 2104
-1053.36 812.505 2104
-1055.44 811.346 2101
-1050.96 805.167 2085
-1051.98 803.237 2080
-1055.53 803.237 2080
-1055 800.147 2072
-1057.51 799.375 2070
-1061.04 799.375 2070
-1064.57 799.375 2070
1755.47 1556.7 4049
1748.56 1556.7 4049
1741.66 1556.7 4049
1689.77 1516.33 3944
1683.05 1516.33 3944
1633.82 1477.88 3844
1597.64 1450.97 3774
1573.49 1434.82 3732
1553.28 1422.14 3699
1546.97 1422.14 3699
1527.34 1409.83 3667
1517.35 1406.37 3658
1498.31 1394.46 3627
1498.3 1400.22 3642
1492.09 1400.22 3642
1499.34 1412.91 3675
1493.08 1412.91 3675
1486.81 1412.91 3675
1480.55 1412.91 3675
1461.04 1400.22 3642
1454.84 1400.22 3642
1451.81 1403.3 3650
1445.59 1403.3 3650
1455.53 1419.06 3691
1449.24 1419.06 3691
1442.95 1419.06 3691
1521.68 1516.33 3944
1529.56 1530.94 3982
1522.77 1530.94 3982
1530.45 1545.55 4020
1523.6 1545.55 4020
1516.74 1545.55 4020
1535.8 1572.08 4089
1528.83 1572.08 4089
1521.86 1572.08 4089
1514.89 1572.08 4089
1507.92 1572.08 4089
1500.95 1572.08 4089
1493.98 1572.08 4089
1487.01 1572.08 4089
1466.1 1572.08 4089
1459.13 1572.08 4089
1452.16 1572.08 4089
1420.8 1545.55 4020
1397.06 1527.1 3972
1390.29 1527.1 3972
1373.77 1516.33 3944
1367.04 1516.33 3944
1360.32 1516.33 3944
1353.6 1516.33 3944
1340.38 1509.03 3925
1321.46 1495.19 3889
1314.83 1495.19 3889
1308.2 1495.19 3889
1301.57 1495.19 3889
1288.95 1488.27 3871
1276.39 1481.34 3853
1269.82 1481.34 3853
1248.82 1464.43 3809
1242.33 1464.43 3809
1235.84 1464.43 3809
1229.34 1464.43 3809
1222.85 1464.43 3809
1213.48 1460.97 3800
1198.75 1450.97 3774
1192.31 1450.97 3774
1178.02 1441.36 3749
1174.13 1444.44 3757
1167.73 1444.44 3757
1161.32 1444.44 3757
1154.92 1444.44 3757
1148.51 1444.44 3757
1142.11 1444.44 3757
1135.7 1444.44 3757
1129.3 1444.44 3757
1113.03 1431.75 3724
1099.25 1422.14 3699
1092.95 1422.14 3699
1086.64 1422.14 3699
1080.34 1422.14 3699
1071.71 1419.06 3691
1065.41 1419.06 3691
1056.83 1415.99 3683
1052.83 1419.06 3691
1046.54 1419.06 3691
1040.25 1419.06 3691
1033.95 1419.06 3691
1029.89 1422.14 3699
1025.8 1425.21 3707
1019.48 1425.21 3707
1013.16 1425.21 3707
1004.67 1422.14 3699
994.041 1415.99 3683
987.763 1415.99 3683
981.484 1415.99 3683
977.324 1419.06 3691
971.032 1419.06 3691
966.83 1422.14 3699
960.525 1422.14 3699
954.219 1422.14 3699
945.863 1419.06 3691
939.57 1419.06 3691
931.255 1415.99 3683
926.986 1419.06 3691
922.689 1422.14 3699
916.384 1422.14 3699
910.078 1422.14 3699
903.772 1422.14 3699
897.466 1422.14 3699
891.16 1422.14 3699
884.854 1422.14 3699
878.548 1422.14 3699
872.242 1422.14 3699
865.937 1422.14 3699
857.772 1419.06 3691
849.634 1415.99 3683
841.523 1412.91 3675
835.258 1412.91 3675
825.159 1406.37 3658
817.132 1403.3 3650
807.577 1397.53 3635
801.38 1397.53 3635
795.183 1397.53 3635
788.987 1397.53 3635
782.79 1397.53 3635
778.089 1400.22 3642
771.88 1400.22 3642
765.671 1400.22 3642
758.003 1397.53 3635
751.806 1397.53 3635
745.609 1397.53 3635
737.785 1394.46 3627
731.602 1394.46 3627
725.419 1394.46 3627
719.236 1394.46 3627
713.053 1394.46 3627
706.87 1394.46 3627
700.686 1394.46 3627
694.503 1394.46 3627
686.802 1391.38 3619
680.633 1391.38 3619
674.463 1391.38 3619
668.294 1391.38 3619
662.124 1391.38 3619
655.955 1391.38 3619
649.785 1391.38 3619
642.193 1388.3 3611
636.037 1388.3 3611
629.881 1388.3 3611
623.725 1388.3 3611
614.833 1382.15 3595
608.705 1382.15 3595
602.576 1382.15 3595
596.447 1382.15 3595
587.856 1376.39 3580
580.453 1373.31 3572
574.363 1373.31 3572
567.16 1370.62 3565
562.185 1373.31 3572
556.095 1373.31 3572
550.006 1373.31 3572
543.917 1373.31 3572
537.827 1373.31 3572
530.696 1370.62 3565
524.618 1370.62 3565
516.214 1364.47 3549
510.164 1364.47 3549
503.119 1361.78 3542
497.081 1361.78 3542
488.963 1356.01 3527
482.951 1356.01 3527
475.991 1353.32 3520
466.92 1344.48 3497
458.19 1336.4 3476
452.264 1336.4 3476
445.311 1333.33 3468
437.626 1327.94 3454
429.112 1319.87 3433
423.26 1319.87 3433
414.854 1311.8 3412
404.003 1295.65 3370
391.167 1272.58 3310
385.524 1272.58 3310
376.898 1262.58 3284
-6.50891 169.165 440
-7.259 169.165 440
-8.00909 169.165 440
-8.75918 169.165 440
-9.50927 169.165 440
-10.2594 169.165 440
-10.9844 168.78 439
-11.7061 168.396 438
-12.4243 168.011 437
-13.1693 168.011 437
-13.8506 167.242 435
-14.5922 167.242 435
-15.2985 166.858 434
-16.0383 166.858 434
-16.7782 166.858 434
-17.4777 166.473 433
-18.1738 166.089 432
-18.8665 165.705 431
-19.6012 165.705 431
-20.336 165.705 431
-20.9729 164.936 429
-21.6537 164.551 428
-22.3833 164.551 428
-23.0589 164.167 427
-23.7312 163.782 426
-24.4 163.398 425
-25.1245 163.398 425
-25.7882 163.013 424
-26.3234 161.86 421
-26.9126 161.091 419
-27.561 160.706 418
-28.2736 160.706 418
-28.9168 160.322 417
-29.4856 159.553 415
-30.1203 159.169 414
-30.7516 158.784 413
-31.4557 158.784 413
-32.0819 158.4 412
-32.7842 158.4 412
-33.4053 158.015 411
-34.106 158.015 411
-34.7219 157.631 410
-35.3345 157.246 409
-35.9436 156.862 408
-36.6392 156.862 408
-37.2432 156.477 407
-37.937 156.477 407
-38.6309 156.477 407
-39.3247 156.477 407
-39.9202 156.093 406
-40.6123 156.093 406
-41.3045 156.093 406
-41.9966 156.093 406
-42.5836 155.708 405
-43.274 155.708 405
-43.7473 154.94 403
-44.4343 154.94 403
-45.1213 154.94 403
-45.6947 154.555 402
-46.38 154.555 402
-47.0653 154.555 402
-47.7506 154.555 402
-48.4359 154.555 402
-48.999 154.171 401
-65.6059 149.941 390
-66.2708 149.941 390
-66.9356 149.941 390
-67.4271 149.557 389
-68.2653 149.941 390
-68.9302 149.941 390
-69.7735 150.326 391
-70.44 150.326 391
-71.4703 151.095 393
-72.1403 151.095 393
-72.9955 151.479 394
-73.6672 151.479 394
-74.3388 151.479 394
-75.0105 151.479 394
-75.6822 151.479 394
-76.3539 151.479 394
-77.221 151.864 395
-77.8944 151.864 395
-78.9656 152.633 397
-79.843 153.017 398
-80.5215 153.017 398
-81.404 153.402 399
-82.2899 153.786 400
-82.9718 153.786 400
-83.6537 153.786 400
-84.3356 153.786 400
-85.0175 153.786 400
-85.6994 153.786 400
-86.3813 153.786 400
-87.2808 154.171 401
-87.9645 154.171 401
-88.6481 154.171 401
-89.3317 154.171 401
-90.0153 154.171 401
-90.925 154.555 402
-91.6104 154.555 402
-92.2957 154.555 402
-92.981 154.555 402
-93.6663 154.555 402
-101.923 163.398 425
-102.648 163.398 425
-103.372 163.398 425
-104.097 163.398 425
-105.068 163.782 426
-105.794 163.782 426
-106.521 163.782 426
-107.498 164.167 427
-108.226 164.167 427
-108.954 164.167 427
-109.682 164.167 427
-110.927 164.936 429
-111.919 165.32 430
-112.914 165.705 431
-113.649 165.705 431
-114.649 166.089 432
-115.652 166.473 433
-116.659 166.858 434
-117.399 166.858 434
-118.139 166.858 434
-119.153 167.242 435
-119.894 167.242 435
-120.913 167.627 436
-121.657 167.627 436
-122.681 168.011 437
-123.426 168.011 437
-124.455 168.396 438
-125.487 168.78 439
-126.236 168.78 439
-126.984 168.78 439
-127.732 168.78 439
-869.453 900.802 2343
-873.447 900.802 2343
-877.441 900.802 2343
-880.307 899.649 2340
-884.296 899.649 2340
-888.285 899.649 2340
-889.605 896.958 2333
-892.433 895.804 2330
-896.405 895.804 2330
-894.194 889.653 2314
-896.975 888.499 2311
-900.914 888.499 2311
-904.854 888.499 2311
-908.794 888.499 2311
-912.733 888.499 2311
-915.087 886.961 2307
-919.019 886.961 2307
-921.752 885.808 2304
-924.474 884.655 2301
-921.941 878.503 2285
-925.837 878.503 2285
-926.07 875.043 2276
-928.724 873.89 2273
-928.907 870.429 2264
-932.766 870.429 2264
-935.385 869.276 2261
-937.578 867.738 2257
-937.671 864.278 2248
-941.503 864.278 2248
-941.551 860.818 2239
-933.123 849.668 2210
-933.075 846.208 2201
-936.828 846.208 2201
-938.016 843.901 2195
-933.177 836.212 2175
-935.592 835.059 2172
-939.295 835.059 2172
-941.695 833.905 2169
-944.521 833.136 2167
-945.59 830.83 2161
-949.274 830.83 2161
-951.635 829.676 2158
-953.985 828.523 2155
-957.659 828.523 2155
-961.333 828.523 2155
-964.111 827.754 2153
-967.781 827.754 2153
-970.098 826.6 2150
-973.763 826.6 2150
-976.065 825.447 2147
-977.443 823.525 2142
-981.095 823.525 2142
-984.746 823.525 2142
-987.013 822.371 2139
-990.66 822.371 2139
-994.306 822.371 2139
-997.953 822.371 2139
-1001.6 822.371 2139
-1005.25 822.371 2139
-1006.06 820.065 2133
-1009.7 820.065 2133
-1012.38 819.296 2131
-1016.02 819.296 2131
-1019.65 819.296 2131
-1023.28 819.296 2131
-1025.47 818.142 2128
-1026.2 815.835 2122
-1029.81 815.835 2122
-1033.43 815.835 2122
-1033.14 812.76 2114
-1036.74 812.76 2114
-1039.36 811.991 2112
-1042.96 811.991 2112
-1045.08 810.837 2109
-1047.18 809.684 2106
-1049.77 808.915 2104
-1053.36 808.915 2104
-1055.44 807.762 2101
-1050.96 801.61 2085
-1051.98 799.688 2080
-1055.53 799.688 2080
-1055 796.612 2072
-1057.51 795.843 2070
-1061.04 795.843 2070
-1064.57 795.843 2070
1759.8 1553.62 4059
1752.88 1553.62 4059
1745.96 1553.62 4059
1709.91 1527.59 3991
1703.11 1527.59 3991
1637.65 1474.77 3853
1619.65 1464.44 3826
1576.87 1431.52 3740
1553.28 1415.83 3699
1546.97 1415.83 3699
1527.34 1403.58 3667
1517.35 1400.13 3658
1498.31 1388.27 3627
1498.3 1394.01 3642
1492.09 1394.01 3642
1499.34 1406.64 3675
1493.08 1406.64 3675
1486.81 1406.64 3675
1480.55 1406.64 3675
1461.04 1394.01 3642
1454.84 1394.01 3642
1451.81 1397.07 3650
1445.59 1397.07 3650
1439.36 1397.07 3650
1521.68 1509.6 3944
1529.56 1524.15 3982
1522.77 1524.15 3982
1530.45 1538.69 4020
1523.6 1538.69 4020
1516.74 1538.69 4020
1521.86 1565.1 4089
1514.89 1565.1 4089
1507.92 1565.1 4089
1466.1 1565.1 4089
1459.13 1565.1 4089
1452.16 1565.1 4089
1420.8 1538.69 4020
1397.06 1520.32 3972
1390.29 1520.32 3972
1373.77 1509.6 3944
1363.92 1506.16 3935
1357.22 1506.16 3935
1350.51 1506.16 3935
1340.38 1502.33 3925
1321.46 1488.55 3889
1314.83 1488.55 3889
1308.2 1488.55 3889
1301.57 1488.55 3889
1285.95 1478.22 3862
1276.39 1474.77 3853
1269.82 1474.77 3853
1248.82 1457.93 3809
1242.33 1457.93 3809
1235.84 1457.93 3809
1229.34 1457.93 3809
1222.85 1457.93 3809
1213.48 1454.48 3800
1198.75 1444.53 3774
1192.31 1444.53 3774
1178.02 1434.96 3749
1171.63 1434.96 3749
1167.73 1438.03 3757
1161.32 1438.03 3757
1154.92 1438.03 3757
1148.51 1438.03 3757
1142.11 1438.03 3757
1135.7 1438.03 3757
1124.19 1431.52 3740
1113.03 1425.4 3724
1099.25 1415.83 3699
1092.95 1415.83 3699
1086.64 1415.83 3699
1080.34 1415.83 3699
1071.71 1412.76 3691
1065.41 1412.76 3691
1056.83 1409.7 3683
1052.83 1412.76 3691
1046.54 1412.76 3691
1040.25 1412.76 3691
1033.95 1412.76 3691
1029.89 1415.83 3699
1028.29 1422.33 3716
1021.95 1422.33 3716
1015.62 1422.33 3716
1006.84 1418.89 3707
1000.52 1418.89 3707
994.199 1418.89 3707
983.616 1412.76 3691
979.442 1415.83 3699
975.241 1418.89 3707
968.921 1418.89 3707
962.602 1418.89 3707
956.282 1418.89 3707
949.963 1418.89 3707
943.643 1418.89 3707
935.301 1415.83 3699
928.995 1415.83 3699
926.93 1422.33 3716
920.595 1422.33 3716
914.26 1422.33 3716
905.726 1418.89 3707
899.407 1418.89 3707
893.087 1418.89 3707
886.768 1418.89 3707
880.448 1418.89 3707
872.242 1415.83 3699
865.937 1415.83 3699
857.772 1412.76 3691
851.479 1412.76 3691
841.523 1406.64 3675
835.258 1406.64 3675
827.189 1403.58 3667
817.132 1397.07 3650
809.132 1394.01 3642
802.923 1394.01 3642
795.183 1391.33 3635
788.987 1391.33 3635
784.297 1394.01 3642
778.089 1394.01 3642
771.88 1394.01 3642
765.671 1394.01 3642
759.463 1394.01 3642
753.254 1394.01 3642
747.045 1394.01 3642
739.413 1391.33 3635
733.216 1391.33 3635
728.419 1394.01 3642
722.21 1394.01 3642
716.002 1394.01 3642
709.793 1394.01 3642
703.584 1394.01 3642
697.376 1394.01 3642
689.839 1391.33 3635
683.642 1391.33 3635
677.445 1391.33 3635
671.248 1391.33 3635
663.588 1388.27 3627
657.405 1388.27 3627
651.222 1388.27 3627
643.616 1385.21 3619
636.037 1382.14 3611
629.881 1382.14 3611
623.725 1382.14 3611
616.201 1379.08 3603
608.705 1376.02 3595
602.576 1376.02 3595
596.447 1376.02 3595
587.856 1370.28 3580
580.453 1367.22 3572
574.363 1367.22 3572
568.274 1367.22 3572
562.185 1367.22 3572
556.095 1367.22 3572
550.006 1367.22 3572
543.917 1367.22 3572
537.827 1367.22 3572
530.696 1364.54 3565
524.618 1364.54 3565
516.214 1358.41 3549
510.164 1358.41 3549
503.119 1355.73 3542
497.081 1355.73 3542
488.963 1349.99 3527
482.951 1349.99 3527
475.991 1347.31 3520
466.92 1338.51 3497
458.19 1330.47 3476
452.264 1330.47 3476
445.311 1327.41 3468
437.626 1322.05 3454
429.112 1314.01 3433
423.26 1314.01 3433
414.854 1305.97 3412
404.003 1289.9 3370
391.167 1266.93 3310
385.524 1266.93 3310
376.898 1256.98 3284
-5.77191 168.797 441
-6.52371 168.797 441
-7.2755 168.797 441
-8.00909 168.414 440
-8.75918 168.414 440
-9.50927 168.414 440
-10.2594 168.414 440
-10.9844 168.031 439
-11.7061 167.649 438
-12.4243 167.266 437
-13.1693 167.266 437
-13.8506 166.5 435
-14.5922 166.5 435
-15.2985 166.118 434
-16.0383 166.118 434
-16.7395 165.735 433
-17.4373 165.352 432
-18.1738 165.352 432
-18.8665 164.969 431
-19.6012 164.969 431
-20.2888 164.586 430
-20.924 163.821 428
-21.6537 163.821 428
-22.3833 163.821 428
-23.0049 163.055 426
-23.6754 162.673 425
-24.4 162.673 425
-25.1245 162.673 425
-25.7882 162.29 424
-26.3234 161.142 421
-26.9769 160.759 420
-27.6269 160.376 419
-28.3412 160.376 419
-28.9862 159.993 418
-29.4856 158.845 415
-30.1203 158.462 414
-30.8261 158.462 414
-31.4557 158.08 413
-32.0819 157.697 412
-32.7842 157.697 412
-33.4053 157.314 411
-34.106 157.314 411
-34.7219 156.931 410
-35.3345 156.549 409
-35.9436 156.166 408
-36.6392 156.166 408
-37.2432 155.783 407
-37.937 155.783 407
-38.6309 155.783 407
-39.3247 155.783 407
-39.9202 155.4 406
-40.6123 155.4 406
-41.3045 155.4 406
-41.9966 155.4 406
-42.5836 155.017 405
-43.274 155.017 405
-43.8559 154.635 404
-44.5446 154.635 404
-45.2333 154.635 404
-45.8083 154.252 403
-46.38 153.869 402
-47.0653 153.869 402
-47.7506 153.869 402
-48.4359 153.869 402
-66.764 148.893 389
-67.4271 148.893 389
-68.2653 149.276 390
-68.9302 149.276 390
-69.7735 149.659 391
-70.6202 150.042 392
-71.4703 150.424 393
-72.1403 150.424 393
-72.9955 150.807 394
-73.6672 150.807 394
-74.3388 150.807 394
-75.0105 150.807 394
-75.6822 150.807 394
-76.3539 150.807 394
-77.221 151.19 395
-77.8944 151.19 395
-78.9656 151.955 397
-79.843 152.338 398
-80.5215 152.338 398
-81.404 152.721 399
-82.2899 153.104 400
-82.9718 153.104 400
-83.6537 153.104 400
-84.3356 153.104 400
-85.0175 153.104 400
-85.6994 153.104 400
-86.3813 153.104 400
-87.2808 153.486 401
-87.9645 153.486 401
-88.6481 153.486 401
-89.3317 153.486 401
-90.0153 153.486 401
-90.925 153.869 402
-91.6104 153.869 402
-92.2957 153.869 402
-92.981 153.869 402
-93.6663 153.869 402
-101.437 163.055 426
-102.163 163.055 426
-102.889 163.055 426
-103.616 163.055 426
-104.097 162.673 425
-105.068 163.055 426
-105.794 163.055 426
-106.521 163.055 426
-107.498 163.438 427
-108.226 163.438 427
-108.954 163.438 427
-109.682 163.438 427
-110.927 164.204 429
-111.919 164.586 430
-112.914 164.969 431
-113.649 164.969 431
-114.649 165.352 432
-115.652 165.735 433
-116.659 166.118 434
-117.399 166.118 434
-118.139 166.118 434
-119.153 166.5 435
-119.894 166.5 435
-120.913 166.883 436
-121.657 166.883 436
-122.681 167.266 437
-123.426 167.266 437
-124.455 167.649 438
-125.487 168.031 439
-126.236 168.031 439
-126.984 168.031 439
-127.732 168.031 439
-876.318 895.657 2340
-880.307 895.657 2340
-884.296 895.657 2340
-888.285 895.657 2340
-889.605 892.977 2333
-892.433 891.829 2330
-896.405 891.829 2330
-894.194 885.705 2314
-896.975 884.557 2311
-900.914 884.557 2311
-904.854 884.557 2311
-908.794 884.557 2311
-912.733 884.557 2311
-915.087 883.026 2307
-919.019 883.026 2307
-921.752 881.877 2304
-924.474 880.729 2301
-921.941 874.605 2285
-925.837 874.605 2285
-926.07 871.16 2276
-928.724 870.012 2273
-928.907 866.567 2264
-932.766 866.567 2264
-935.385 865.419 2261
-937.578 863.888 2257
-937.671 860.443 2248
-941.503 860.443 2248
-941.551 856.998 2239
-933.123 845.898 2210
-933.075 842.453 2201
-936.828 842.453 2201
-938.016 840.156 2195
-933.177 832.501 2175
-935.592 831.353 2172
-939.295 831.353 2172
-941.695 830.205 2169
-944.521 829.439 2167
-945.59 827.143 2161
-949.274 827.143 2161
-951.635 825.994 2158
-953.985 824.846 2155
-956.77 824.081 2153
-960.441 824.081 2153
-964.111 824.081 2153
-967.781 824.081 2153
-970.098 822.932 2150
-973.763 822.932 2150
-973.792 819.87 2142
-977.443 819.87 2142
-979.721 818.722 2139
-983.367 818.722 2139
-987.013 818.722 2139
-989.271 817.574 2136
-994.306 818.722 2139
-997.953 818.722 2139
-1001.6 818.722 2139
-1005.25 818.722 2139
-1007.48 817.574 2136
-1011.12 817.574 2136
-1013.33 816.425 2133
-1016.02 815.66 2131
-1019.65 815.66 2131
-1023.28 815.66 2131
-1025.47 814.512 2128
-1026.2 812.215 2122
-1028.84 811.45 2120
-1032.46 811.45 2120
-1033.14 809.153 2114
-1036.74 809.153 2114
-1039.36 808.387 2112
-1042.96 808.387 2112
-1045.08 807.239 2109
-1047.18 806.091 2106
-1049.77 805.325 2104
-1053.36 805.325 2104
-1055.44 804.177 2101
-1050.96 798.053 2085
-1051.98 796.139 2080
-1055.53 796.139 2080
-1055 793.077 2072
-1058.53 793.077 2072
-1061.04 792.312 2070
-1064.57 792.312 2070
1759.8 1546.69 4059
1752.88 1546.69 4059
1745.96 1546.69 4059
1709.91 1520.78 3991
1703.11 1520.78 3991
1637.65 1468.2 3853
1619.65 1457.91 3826
1576.87 1425.14 3740
1553.28 1409.52 3699
1546.97 1409.52 3699
1523.59 1393.89 3658
1510.71 1387.8 3642
1495 1379.03 3619
1495.42 1385.13 3635
1489.22 1385.13 3635
1492.41 1393.89 3658
1486.17 1393.89 3658
1479.94 1393.89 3658
1473.7 1393.89 3658
1461.04 1387.8 3642
1454.84 1387.8 3642
1451.81 1390.84 3650
1445.59 1390.84 3650
1439.36 1390.84 3650
1521.68 1502.87 3944
1529.56 1517.35 3982
1522.77 1517.35 3982
1530.45 1531.83 4020
1523.6 1531.83 4020
1516.74 1531.83 4020
1521.86 1558.13 4089
1514.89 1558.13 4089
1507.92 1558.13 4089
1466.1 1558.13 4089
1459.13 1558.13 4089
1452.16 1558.13 4089
1417.26 1528.02 4010
1410.43 1528.02 4010
1390.29 1513.54 3972
1373.77 1502.87 3944
1363.92 1499.44 3935
1357.22 1499.44 3935
1350.51 1499.44 3935
1340.38 1495.63 3925
1330.64 1492.2 3916
1314.83 1481.92 3889
1308.2 1481.92 3889
1298.56 1478.49 3880
1285.95 1471.63 3862
1276.39 1468.2 3853
1269.82 1468.2 3853
1257.35 1461.34 3835
1245.27 1454.86 3818
1235.84 1451.43 3809
1229.34 1451.43 3809
1222.85 1451.43 3809
1213.48 1448 3800
1198.75 1438.09 3774
1192.31 1438.09 3774
1178.02 1428.57 3749
1168.82 1425.14 3740
1165.24 1428.57 3749
1158.85 1428.57 3749
1152.46 1428.57 3749
1146.07 1428.57 3749
1139.68 1428.57 3749
1133.29 1428.57 3749
1124.19 1425.14 3740
1113.03 1419.04 3724
1099.25 1409.52 3699
1092.95 1409.52 3699
1086.64 1409.52 3699
1080.34 1409.52 3699
1071.71 1406.47 3691
1065.41 1406.47 3691
1059.12 1406.47 3691
1055.11 1409.52 3699
1048.81 1409.52 3699
1044.76 1412.56 3707
1038.44 1412.56 3707
1032.12 1412.56 3707
1028.29 1415.99 3716
1021.95 1415.99 3716
1015.62 1415.99 3716
1006.84 1412.56 3707
1000.52 1412.56 3707
994.199 1412.56 3707
983.616 1406.47 3691
979.442 1409.52 3699
975.241 1412.56 3707
968.921 1412.56 3707
962.602 1412.56 3707
956.282 1412.56 3707
949.963 1412.56 3707
943.643 1412.56 3707
935.301 1409.52 3699
928.995 1409.52 3699
926.93 1415.99 3716
920.595 1415.99 3716
914.26 1415.99 3716
905.726 1412.56 3707
899.407 1412.56 3707
893.087 1412.56 3707
886.768 1412.56 3707
880.448 1412.56 3707
872.242 1409.52 3699
865.937 1409.52 3699
857.772 1406.47 3691
851.479 1406.47 3691
845.187 1406.47 3691
838.895 1406.47 3691
828.993 1400.37 3675
818.923 1393.89 3658
809.132 1387.8 3642
804.687 1390.84 3650
798.465 1390.84 3650
792.242 1390.84 3650
787.743 1393.89 3658
781.507 1393.89 3658
775.271 1393.89 3658
769.035 1393.89 3658
762.799 1393.89 3658
756.563 1393.89 3658
750.327 1393.89 3658
744.091 1393.89 3658
737.855 1393.89 3658
731.619 1393.89 3658
725.383 1393.89 3658
720.917 1397.32 3667
714.665 1397.32 3667
708.414 1397.32 3667
702.163 1397.32 3667
694.203 1393.89 3658
687.967 1393.89 3658
681.731 1393.89 3658
675.495 1393.89 3658
667.796 1390.84 3650
660.123 1387.8 3642
653.915 1387.8 3642
645.038 1382.08 3627
637.446 1379.03 3619
629.881 1375.98 3611
623.725 1375.98 3611
616.201 1372.93 3603
610.059 1372.93 3603
602.576 1369.89 3595
596.447 1369.89 3595
589.169 1367.22 3588
581.753 1364.17 3580
574.363 1361.12 3572
568.274 1361.12 3572
562.185 1361.12 3572
557.341 1364.17 3580
551.238 1364.17 3580
545.135 1364.17 3580
539.032 1364.17 3580
531.738 1361.12 3572
524.618 1358.45 3565
518.541 1358.45 3565
511.314 1355.41 3557
504.113 1352.36 3549
498.063 1352.36 3549
492.013 1352.36 3549
485.005 1349.69 3542
477.885 1346.64 3534
467.988 1335.59 3505
458.19 1324.54 3476
452.264 1324.54 3476
445.311 1321.49 3468
438.512 1318.82 3461
429.112 1308.16 3433
423.26 1308.16 3433
415.705 1302.82 3419
404.003 1284.15 3370
393.531 1268.91 3330
387.854 1268.91 3330
376.898 1251.38 3284
365.533 1231.94 3233
-5.77191 168.044 441
-6.52371 168.044 441
-7.2755 168.044 441
-8.02729 168.044 441
-8.75918 167.663 440
-9.50927 167.663 440
-10.2594 167.663 440
-10.9844 167.282 439
-11.7061 166.901 438
-12.4528 166.901 438
-13.1994 166.901 438
-13.8506 165.758 435
-14.5922 165.758 435
-15.2985 165.377 434
-16.0383 165.377 434
-16.7395 164.996 433
-17.4373 164.615 432
-18.1317 164.234 431
-18.8665 164.234 431
-19.6012 164.234 431
-20.2416 163.472 429
-20.924 163.091 428
-21.6537 163.091 428
-22.3833 163.091 428
-23.0589 162.71 427
-23.7312 162.329 426
-24.4 161.948 425
-25.1245 161.948 425
-25.7882 161.567 424
-26.3859 160.804 422
-26.9769 160.042 420
-27.6269 159.661 419
-28.3412 159.661 419
-28.9862 159.28 418
-29.4856 158.137 415
-30.1203 157.756 414
-30.8261 157.756 414
-31.4557 157.375 413
-32.0819 156.994 412
-32.7842 156.994 412
-33.4053 156.613 411
-34.106 156.613 411
-34.7219 156.232 410
-35.3345 155.851 409
-35.9436 155.47 408
-36.6392 155.47 408
-37.2432 155.089 407
-37.937 155.089 407
-38.6309 155.089 407
-39.3247 155.089 407
-39.9202 154.708 406
-40.6123 154.708 406
-41.3045 154.708 406
-41.9966 154.708 406
-42.5836 154.327 405
-43.274 154.327 405
-43.8559 153.945 404
-44.5446 153.945 404
-45.2333 153.945 404
-45.8083 153.564 403
-46.38 153.183 402
-47.0653 153.183 402
-47.7506 153.183 402
-48.4359 153.183 402
-69.7735 148.992 391
-70.6202 149.373 392
-71.4703 149.754 393
-72.1403 149.754 393
-72.9955 150.135 394
-73.6672 150.135 394
-74.3388 150.135 394
-75.0105 150.135 394
-75.6822 150.135 394
-76.3539 150.135 394
-77.221 150.516 395
-77.8944 150.516 395
-78.9656 151.278 397
-79.843 151.659 398
-80.5215 151.659 398
-81.404 152.04 399
-82.2899 152.421 400
-82.9718 152.421 400
-83.6537 152.421 400
-84.3356 152.421 400
-85.0175 152.421 400
-85.9136 152.802 401
-86.5972 152.802 401
-87.2808 152.802 401
-87.9645 152.802 401
-88.6481 152.802 401
-89.3317 152.802 401
-90.2397 153.183 402
-90.925 153.183 402
-91.6104 153.183 402
-92.2957 153.183 402
-92.981 153.183 402
-93.6663 153.183 402
-101.437 162.329 426
-102.163 162.329 426
-102.889 162.329 426
-103.616 162.329 426
-104.097 161.948 425
-105.068 162.329 426
-105.794 162.329 426
-106.521 162.329 426
-107.498 162.71 427
-108.226 162.71 427
-108.954 162.71 427
-109.682 162.71 427
-110.927 163.472 429
-111.919 163.853 430
-112.914 164.234 431
-113.649 164.234 431
-114.649 164.615 432
-115.652 164.996 433
-116.391 164.996 433
-117.399 165.377 434
-118.411 165.758 435
-119.153 165.758 435
-119.894 165.758 435
-120.913 166.139 436
-121.936 166.52 437
-122.961 166.901 438
-123.708 166.901 438
-124.739 167.282 439
-125.487 167.282 439
-126.236 167.282 439
-126.984 167.282 439
-127.732 167.282 439
-876.318 891.664 2340
-880.307 891.664 2340
-884.296 891.664 2340
-888.285 891.664 2340
-891.13 890.521 2337
-892.433 887.854 2330
-896.405 887.854 2330
-894.194 881.757 2314
-898.139 881.757 2314
-902.084 881.757 2314
-906.029 881.757 2314
-909.974 881.757 2314
-912.733 880.614 2311
-916.673 880.614 2311
-920.613 880.614 2311
-921.752 877.946 2304
-924.474 876.803 2301
-921.941 870.706 2285
-925.837 870.706 2285
-926.07 867.277 2276
-927.499 864.991 2270
-927.676 861.561 2261
-931.53 861.561 2261
-933.73 860.037 2257
-936.331 858.894 2254
-936.42 855.464 2245
-940.247 855.464 2245
-941.551 853.178 2239
-931.857 840.984 2207
-931.804 837.555 2198
-935.551 837.555 2198
-936.734 835.268 2192
-931.889 827.647 2172
-934.3 826.504 2169
-937.997 826.504 2169
-940.827 825.742 2167
-944.521 825.742 2167
-944.277 822.313 2158
-947.956 822.313 2158
-950.312 821.169 2155
-953.985 821.169 2155
-956.77 820.407 2153
-960.441 820.407 2153
-964.111 820.407 2153
-967.781 820.407 2153
-970.098 819.264 2150
-973.763 819.264 2150
-973.792 816.216 2142
-977.443 816.216 2142
-981.095 816.216 2142
-984.746 816.216 2142
-987.013 815.073 2139
-989.271 813.929 2136
-994.306 815.073 2139
-997.953 815.073 2139
-1001.6 815.073 2139
-1005.25 815.073 2139
-1007.48 813.929 2136
-1011.12 813.929 2136
-1013.33 812.786 2133
-1016.97 812.786 2133
-1020.61 812.786 2133
-1024.24 812.786 2133
-1025.47 810.881 2128
-1027.65 809.738 2125
-1028.84 807.833 2120
-1032.46 807.833 2120
-1033.14 805.546 2114
-1036.74 805.546 2114
-1039.36 804.784 2112
-1042.96 804.784 2112
-1045.08 803.641 2109
-1047.18 802.498 2106
-1049.77 801.736 2104
-1053.36 801.736 2104
-1053.93 799.449 2098
-1050.96 794.496 2085
-1051.98 792.59 2080
-1055.53 792.59 2080
-1055 789.542 2072
-1058.53 789.542 2072
-1061.04 788.78 2070
-1064.57 788.78 2070
1759.8 1539.77 4059
1752.88 1539.77 4059
1745.96 1539.77 4059
1722.33 1524.97 4020
1715.48 1524.97 4020
1637.65 1461.62 3853
1619.65 1451.38 3826
1576.87 1418.76 3740
1549.92 1400.17 3691
1543.62 1400.17 3691
1482.92 1384.62 3650
1476.7 1384.62 3650
1470.48 1384.62 3650
1458.24 1378.93 3635
1452.04 1378.93 3635
1448.63 1381.58 3642
1442.42 1381.58 3642
1436.21 1381.58 3642
1466.1 1551.15 4089
1459.13 1551.15 4089
1452.16 1551.15 4089
1434.58 1539.77 4059
1427.66 1539.77 4059
1403.59 1521.18 4010
1390.14 1513.97 3991
1376.75 1506.77 3972
1369.98 1506.77 3972
1363.21 1506.77 3972
1346.87 1496.14 3944
1330.64 1485.52 3916
1323.96 1485.52 3916
1317.28 1485.52 3916
1301.57 1475.28 3889
1288.95 1468.45 3871
1279.37 1465.04 3862
1272.78 1465.04 3862
1260.3 1458.21 3844
1250.81 1454.8 3835
1241.35 1451.38 3826
1234.83 1451.38 3826
1222.85 1444.93 3809
1213.48 1441.52 3800
1198.75 1431.66 3774
1192.31 1431.66 3774
1175.2 1418.76 3740
1168.82 1418.76 3740
1162.44 1418.76 3740
1156.07 1418.76 3740
1149.69 1418.76 3740
1143.32 1418.76 3740
1136.94 1418.76 3740
1130.56 1418.76 3740
1121.78 1415.72 3732
1115.42 1415.72 3732
1104.31 1409.65 3716
1097.97 1409.65 3716
1088.99 1406.24 3707
1082.67 1406.24 3707
1076.35 1406.24 3707
1070.03 1406.24 3707
1063.71 1406.24 3707
1057.39 1406.24 3707
1053.63 1409.65 3716
1049.55 1412.69 3724
1043.2 1412.69 3724
1039.08 1415.72 3732
1032.71 1415.72 3732
1026.35 1415.72 3732
1019.99 1415.72 3732
1013.63 1415.72 3732
1002.95 1409.65 3716
996.613 1409.65 3716
987.88 1406.24 3707
981.56 1406.24 3707
979.713 1412.69 3724
973.365 1412.69 3724
967.016 1412.69 3724
960.668 1412.69 3724
949.963 1406.24 3707
943.643 1406.24 3707
937.324 1406.24 3707
933.265 1409.65 3716
926.93 1409.65 3716
920.595 1409.65 3716
914.26 1409.65 3716
907.925 1409.65 3716
901.59 1409.65 3716
895.256 1409.65 3716
886.768 1406.24 3707
880.448 1406.24 3707
874.129 1406.24 3707
867.809 1406.24 3707
857.772 1400.17 3691
851.479 1400.17 3691
845.187 1400.17 3691
838.895 1400.17 3691
828.993 1394.1 3675
818.923 1387.65 3658
809.132 1381.58 3642
804.687 1384.62 3650
798.465 1384.62 3650
792.242 1384.62 3650
787.743 1387.65 3658
781.507 1387.65 3658
775.271 1387.65 3658
769.035 1387.65 3658
762.799 1387.65 3658
756.563 1387.65 3658
750.327 1387.65 3658
744.091 1387.65 3658
737.855 1387.65 3658
731.619 1387.65 3658
725.383 1387.65 3658
720.917 1391.07 3667
714.665 1391.07 3667
709.959 1394.1 3675
703.695 1394.1 3675
697.43 1394.1 3675
691.165 1394.1 3675
684.9 1394.1 3675
677.157 1391.07 3667
669.259 1387.65 3658
661.573 1384.62 3650
655.351 1384.62 3650
647.706 1381.58 3642
638.855 1375.89 3627
631.277 1372.86 3619
625.107 1372.86 3619
617.57 1369.82 3611
610.059 1366.79 3603
602.576 1363.75 3595
596.447 1363.75 3595
590.319 1363.75 3595
581.753 1358.06 3580
575.65 1358.06 3580
569.547 1358.06 3580
563.444 1358.06 3580
557.341 1358.06 3580
552.47 1361.1 3588
546.353 1361.1 3588
540.236 1361.1 3588
532.929 1358.06 3580
525.649 1355.03 3572
519.559 1355.03 3572
512.464 1352.37 3565
505.25 1349.34 3557
499.186 1349.34 3557
493.122 1349.34 3557
485.963 1346.3 3549
478.966 1343.65 3542
467.988 1329.61 3505
459.113 1321.27 3483
453.175 1321.27 3483
446.339 1318.61 3476
439.399 1315.58 3468
429.987 1304.95 3440
424.123 1304.95 3440
415.705 1296.99 3419
404.003 1278.4 3370
395.067 1268.16 3343
389.368 1268.16 3343
376.898 1245.78 3284
365.533 1226.43 3233
359.353 1224.15 3227
353.852 1224.15 3227
-5.79809 168.051 443
-6.55329 168.051 443
-7.3085 168.051 443
-8.0455 167.671 442
-8.77909 167.292 441
-9.53088 167.292 441
-10.2594 166.913 440
-11.0094 166.913 440
-11.7328 166.533 439
-12.4528 166.154 438
-13.1994 166.154 438
-13.9143 165.775 437
-14.5586 164.637 434
-15.2632 164.257 433
-16.0014 164.257 433
-16.7395 164.257 433
-17.4373 163.878 432
-18.1317 163.499 431
-18.8665 163.499 431
-19.6012 163.499 431
-20.2416 162.74 429
-20.924 162.361 428
-21.6537 162.361 428
-22.3833 162.361 428
-23.0589 161.981 427
-23.7312 161.602 426
-24.4 161.222 425
-25.1245 161.222 425
-25.7882 160.843 424
-26.3859 160.084 422
-26.9769 159.326 420
-27.6269 158.946 419
-28.3412 158.946 419
-28.9862 158.567 418
-29.4856 157.429 415
-30.1203 157.05 414
-30.8261 157.05 414
-31.4557 156.67 413
-32.0819 156.291 412
-32.7842 156.291 412
-33.4053 155.912 411
-34.106 155.912 411
-34.7219 155.532 410
-35.3345 155.153 409
-35.9436 154.774 408
-36.6392 154.774 408
-37.2432 154.394 407
-37.937 154.394 407
-38.6309 154.394 407
-39.3247 154.394 407
-39.9202 154.015 406
-40.6123 154.015 406
-41.3045 154.015 406
-41.9966 154.015 406
-42.5836 153.636 405
-43.274 153.636 405
-43.8559 153.256 404
-44.5446 153.256 404
-45.2333 153.256 404
-45.8083 152.877 403
-46.38 152.497 402
-47.0653 152.497 402
-47.7506 152.497 402
-48.4359 152.497 402
-69.7735 148.325 391
-70.6202 148.704 392
-71.4703 149.083 393
-72.1403 149.083 393
-72.9955 149.463 394
-73.6672 149.463 394
-74.3388 149.463 394
-75.0105 149.463 394
-75.6822 149.463 394
-76.3539 149.463 394
-77.0255 149.463 394
-78.0916 150.221 396
-78.9656 150.601 397
-79.843 150.98 398
-80.5215 150.98 398
-81.404 151.359 399
-82.2899 151.739 400
-82.9718 151.739 400
-83.6537 151.739 400
-84.3356 151.739 400
-85.0175 151.739 400
-85.9136 152.118 401
-86.5972 152.118 401
-87.2808 152.118 401
-87.9645 152.118 401
-88.6481 152.118 401
-89.3317 152.118 401
-90.2397 152.497 402
-90.925 152.497 402
-91.6104 152.497 402
-92.2957 152.497 402
-101.437 161.602 426
-102.163 161.602 426
-102.889 161.602 426
-103.616 161.602 426
-104.097 161.222 425
-105.068 161.602 426
-105.794 161.602 426
-106.521 161.602 426
-107.247 161.602 426
-108.226 161.981 427
-108.954 161.981 427
-109.682 161.981 427
-110.669 162.361 428
-111.659 162.74 429
-112.914 163.499 431
-113.649 163.499 431
-114.649 163.878 432
-115.652 164.257 433
-116.391 164.257 433
-117.399 164.637 434
-118.411 165.016 435
-119.153 165.016 435
-119.894 165.016 435
-120.913 165.395 436
-121.936 165.775 437
-122.961 166.154 438
-123.708 166.154 438
-124.739 166.533 439
-125.487 166.533 439
-126.236 166.533 439
-126.984 166.533 439
-127.732 166.533 439
-880.307 887.672 2340
-884.296 887.672 2340
-888.285 887.672 2340
-891.13 886.534 2337
-892.433 883.878 2330
-896.405 883.878 2330
-894.194 877.809 2314
-898.139 877.809 2314
-902.084 877.809 2314
-906.029 877.809 2314
-909.974 877.809 2314
-912.733 876.671 2311
-916.673 876.671 2311
-920.613 876.671 2311
-921.752 874.015 2304
-924.474 872.877 2301
-921.941 866.808 2285
-925.837 866.808 2285
-926.07 863.394 2276
-927.499 861.118 2270
-927.676 857.704 2261
-931.53 857.704 2261
-933.73 856.186 2257
-936.331 855.048 2254
-935.168 850.496 2242
-938.99 850.496 2242
-937.766 845.944 2230
-929.323 834.943 2201
-930.532 832.667 2195
-934.274 832.667 2195
-935.451 830.391 2189
-931.889 823.942 2172
-934.3 822.804 2169
-937.997 822.804 2169
-940.827 822.045 2167
-943.213 820.907 2164
-944.277 818.631 2158
-947.956 818.631 2158
-950.312 817.493 2155
-953.1 816.734 2153
-956.77 816.734 2153
-960.441 816.734 2153
-964.111 816.734 2153
-967.781 816.734 2153
-968.744 814.458 2147
-972.405 814.458 2147
-973.792 812.561 2142
-977.443 812.561 2142
-981.095 812.561 2142
-984.746 812.561 2142
-987.013 811.423 2139
-989.271 810.285 2136
-994.306 811.423 2139
-997.953 811.423 2139
-1001.6 811.423 2139
-1005.25 811.423 2139
-1007.48 810.285 2136
-1011.12 810.285 2136
-1013.33 809.147 2133
-1016.97 809.147 2133
-1020.61 809.147 2133
-1024.24 809.147 2133
-1025.47 807.25 2128
-1027.65 806.112 2125
-1029.81 804.974 2122
-1033.43 804.974 2122
-1036.07 804.216 2120
-1036.74 801.94 2114
-1040.35 801.94 2114
-1043.95 801.94 2114
-1047.55 801.94 2114
-1048.67 800.043 2109
-1050.77 798.905 2106
-1054.36 798.905 2106
-1053.93 795.87 2098
-1050.96 790.939 2085
-1051.98 789.042 2080
-1055.53 789.042 2080
-1055 786.007 2072
-1058.53 786.007 2072
-1061.04 785.248 2070
-1064.57 785.248 2070
1759.8 1532.84 4059
1752.88 1532.84 4059
1745.96 1532.84 4059
1722.33 1518.12 4020
1715.48 1518.12 4020
1626.17 1444.85 3826
1619.65 1444.85 3826
1466.1 1544.17 4089
1459.13 1544.17 4089
1452.16 1544.17 4089
1434.58 1532.84 4059
1427.66 1532.84 4059
1403.59 1514.34 4010
1390.14 1507.16 3991
1376.75 1499.99 3972
1369.98 1499.99 3972
1363.21 1499.99 3972
1346.87 1489.42 3944
1330.64 1478.84 3916
1323.96 1478.84 3916
1317.28 1478.84 3916
1301.57 1468.65 3889
1288.95 1461.85 3871
1279.37 1458.45 3862
1272.78 1458.45 3862
1260.3 1451.65 3844
1250.81 1448.25 3835
1241.35 1444.85 3826
1234.83 1444.85 3826
1222.85 1438.43 3809
1210.93 1432.01 3792
1198.75 1425.22 3774
1192.31 1425.22 3774
1175.2 1412.38 3740
1168.82 1412.38 3740
1162.44 1412.38 3740
1156.07 1412.38 3740
1149.69 1412.38 3740
1143.32 1412.38 3740
1136.94 1412.38 3740
1130.56 1412.38 3740
1121.78 1409.36 3732
1115.42 1409.36 3732
1104.31 1403.31 3716
1097.97 1403.31 3716
1091.64 1403.31 3716
1085.3 1403.31 3716
1078.97 1403.31 3716
1072.63 1403.31 3716
1066.3 1403.31 3716
1059.96 1403.31 3716
1055.9 1406.33 3724
1051.8 1409.36 3732
1045.44 1409.36 3732
1041.3 1412.38 3740
1037.42 1415.78 3749
1031.03 1415.78 3749
1024.64 1415.78 3749
1018.25 1415.78 3749
1011.85 1415.78 3749
1005.46 1415.78 3749
999.073 1415.78 3749
992.681 1415.78 3749
986.29 1415.78 3749
979.899 1415.78 3749
973.508 1415.78 3749
967.117 1415.78 3749
958.42 1412.38 3740
952.044 1412.38 3740
945.668 1412.38 3740
939.292 1412.38 3740
935.162 1415.78 3749
928.77 1415.78 3749
922.379 1415.78 3749
915.988 1415.78 3749
909.597 1415.78 3749
903.206 1415.78 3749
896.815 1415.78 3749
890.424 1415.78 3749
880.024 1409.36 3732
873.662 1409.36 3732
863.581 1403.31 3716
857.247 1403.31 3716
848.851 1399.91 3707
842.531 1399.91 3707
832.603 1393.87 3691
822.729 1387.83 3675
812.687 1381.41 3658
808.435 1384.81 3667
802.184 1384.81 3667
799.405 1390.85 3683
793.127 1390.85 3683
788.557 1393.87 3691
782.265 1393.87 3691
775.973 1393.87 3691
769.68 1393.87 3691
763.388 1393.87 3691
755.455 1390.85 3683
749.176 1390.85 3683
742.898 1390.85 3683
738.219 1393.87 3691
731.927 1393.87 3691
725.635 1393.87 3691
719.343 1393.87 3691
713.05 1393.87 3691
705.226 1390.85 3683
697.43 1387.83 3675
691.165 1387.83 3675
684.9 1387.83 3675
677.157 1384.81 3667
669.259 1381.41 3658
661.573 1378.39 3650
655.351 1378.39 3650
647.706 1375.37 3642
638.855 1369.7 3627
631.277 1366.68 3619
625.107 1366.68 3619
617.57 1363.66 3611
610.059 1360.64 3603
602.576 1357.62 3595
596.447 1357.62 3595
590.319 1357.62 3595
581.753 1351.95 3580
575.65 1351.95 3580
569.547 1351.95 3580
563.444 1351.95 3580
557.341 1351.95 3580
552.47 1354.98 3588
546.353 1354.98 3588
540.236 1354.98 3588
534.12 1354.98 3588
526.826 1351.95 3580
520.723 1351.95 3580
513.47 1348.93 3572
506.386 1346.29 3565
500.309 1346.29 3565
494.231 1346.29 3565
487.058 1343.27 3557
480.995 1343.27 3557
468.923 1326.27 3512
462.935 1326.27 3512
454.997 1320.61 3497
447.237 1315.32 3483
439.399 1309.66 3468
431.737 1304.37 3454
425.849 1304.37 3454
415.705 1291.15 3419
405.681 1277.94 3384
395.067 1262.45 3343
389.368 1262.45 3343
376.898 1240.17 3284
368.36 1230.35 3258
359.353 1218.65 3227
353.852 1218.65 3227
-5.79809 167.295 443
-6.55329 167.295 443
-7.3085 167.295 443
-8.0455 166.917 442
-8.799 166.917 442
-9.55249 166.917 442
-10.306 166.917 442
-11.0345 166.54 441
-11.7595 166.162 440
-12.5096 166.162 440
-13.2296 165.784 439
-13.9461 165.407 438
-14.6593 165.029 437
-15.2985 163.896 434
-16.0383 163.896 434
-16.7395 163.519 433
-17.4373 163.141 432
-18.1317 162.763 431
-18.8665 162.763 431
-19.6012 162.763 431
-20.2416 162.008 429
-20.924 161.63 428
-21.6537 161.63 428
-22.3833 161.63 428
-23.0589 161.253 427
-23.7312 160.875 426
-24.4 160.497 425
-25.1245 160.497 425
-25.7882 160.12 424
-26.3859 159.364 422
-26.9769 158.609 420
-27.6269 158.232 419
-28.3412 158.232 419
-28.9862 157.854 418
-29.4856 156.721 415
-30.1203 156.343 414
-30.8261 156.343 414
-31.4557 155.966 413
-32.1598 155.966 413
-32.7842 155.588 412
-33.4053 155.21 411
-34.106 155.21 411
-34.7219 154.833 410
-35.2481 154.077 408
-35.9436 154.077 408
-36.6392 154.077 408
-37.2432 153.7 407
-37.937 153.7 407
-38.5359 153.322 406
-39.2281 153.322 406
-39.9202 153.322 406
-40.6123 153.322 406
-41.3045 153.322 406
-41.9966 153.322 406
-42.5836 152.945 405
-43.274 152.945 405
-43.8559 152.567 404
-44.5446 152.567 404
-45.2333 152.567 404
-45.8083 152.189 403
-46.38 151.812 402
-47.0653 151.812 402
-47.7506 151.812 402
-48.4359 151.812 402
-72.9955 148.791 394
-73.6672 148.791 394
-74.3388 148.791 394
-75.0105 148.791 394
-75.6822 148.791 394
-76.5476 149.168 395
-77.221 149.168 395
-78.2888 149.923 397
-78.9656 149.923 397
-79.843 150.301 398
-80.5215 150.301 398
-81.404 150.679 399
-82.2899 151.056 400
-82.9718 151.056 400
-83.6537 151.056 400
-84.3356 151.056 400
-85.0175 151.056 400
-85.9136 151.434 401
-86.5972 151.434 401
-87.2808 151.434 401
-87.9645 151.434 401
-88.6481 151.434 401
-89.3317 151.434 401
-90.2397 151.812 402
-90.925 151.812 402
-91.6104 151.812 402
-92.2957 151.812 402
-92.981 151.812 402
-93.6663 151.812 402
-101.437 160.875 426
-102.163 160.875 426
-102.889 160.875 426
-103.616 160.875 426
-104.097 160.497 425
-105.068 160.875 426
-105.794 160.875 426
-106.521 160.875 426
-107.247 160.875 426
-108.226 161.253 427
-108.954 161.253 427
-109.682 161.253 427
-110.669 161.63 428
-111.919 162.386 430
-112.914 162.763 431
-113.649 162.763 431
-114.649 163.141 432
-115.92 163.896 434
-116.659 163.896 434
-117.399 163.896 434
-118.411 164.274 435
-119.427 164.651 436
-120.17 164.651 436
-121.191 165.029 437
-122.215 165.407 438
-122.961 165.407 438
-123.708 165.407 438
-124.739 165.784 439
-125.487 165.784 439
-126.236 165.784 439
-126.984 165.784 439
-880.307 883.68 2340
-884.296 883.68 2340
-888.285 883.68 2340
-891.13 882.547 2337
-892.433 879.903 2330
-896.405 879.903 2330
-894.194 873.861 2314
-898.139 873.861 2314
-902.084 873.861 2314
-906.029 873.861 2314
-909.974 873.861 2314
-912.733 872.728 2311
-916.673 872.728 2311
-920.613 872.728 2311
-921.752 870.085 2304
-920.859 865.553 2292
-920.731 861.777 2282
-924.621 861.777 2282
-923.629 857.245 2270
-923.821 853.846 2261
-924.804 851.203 2254
-928.646 851.203 2254
-932.489 851.203 2254
-931.346 846.671 2242
-931.414 843.272 2233
-935.221 843.272 2233
-933.981 838.74 2221
-926.79 828.922 2195
-929.26 827.789 2192
-932.997 827.789 2192
-933.315 824.768 2184
-930.602 819.103 2169
-933.438 818.348 2167
-937.133 818.348 2167
-939.524 817.215 2164
-943.213 817.215 2164
-944.277 814.949 2158
-947.956 814.949 2158
-949.43 813.061 2153
-953.1 813.061 2153
-956.77 813.061 2153
-960.441 813.061 2153
-964.111 813.061 2153
-966.433 811.928 2150
-968.744 810.795 2147
-972.405 810.795 2147
-973.792 808.907 2142
-977.443 808.907 2142
-981.095 808.907 2142
-984.746 808.907 2142
-987.013 807.774 2139
-989.271 806.641 2136
-995.701 808.907 2142
-999.353 808.907 2142
-1003 808.907 2142
-1006.66 808.907 2142
-1008.89 807.774 2139
-1012.54 807.774 2139
-1014.76 806.641 2136
-1018.4 806.641 2136
-1022.04 806.641 2136
-1025.68 806.641 2136
-1026.92 804.753 2131
-1029.1 803.62 2128
-1029.81 801.354 2122
-1033.43 801.354 2122
-1036.07 800.599 2120
-1036.74 798.333 2114
-1040.35 798.333 2114
-1043.95 798.333 2114
-1047.55 798.333 2114
-1048.67 796.445 2109
-1050.77 795.312 2106
-1054.36 795.312 2106
-1053.93 792.291 2098
-1050.96 787.381 2085
-1051.98 785.493 2080
-1055.53 785.493 2080
-1055 782.472 2072
-1057.51 781.717 2070
-1061.04 781.717 2070
-1064.57 781.717 2070
1759.8 1525.92 4059
1752.88 1525.92 4059
1745.96 1525.92 4059
1722.33 1511.26 4020
1715.48 1511.26 4020
1626.17 1438.33 3826
1619.65 1438.33 3826
1452.16 1537.2 4089
1445.19 1537.2 4089
1438.21 1537.2 4089
1410.59 1515.02 4030
1393.62 1504.12 4001
1383.33 1500.36 3991
1376.53 1500.36 3991
1369.73 1500.36 3991
1356.44 1493.21 3972
1340.15 1482.69 3944
1327 1475.54 3925
1320.31 1475.54 3925
1310.61 1472.16 3916
1294.94 1462.01 3889
1279.37 1451.86 3862
1272.78 1451.86 3862
1263.25 1448.48 3853
1250.81 1441.71 3835
1241.35 1438.33 3826
1234.83 1438.33 3826
1225.74 1435.32 3818
1210.93 1425.54 3792
1198.75 1418.78 3774
1192.31 1418.78 3774
1172.68 1402.99 3732
1166.32 1402.99 3732
1159.96 1402.99 3732
1153.6 1402.99 3732
1147.23 1402.99 3732
1140.87 1402.99 3732
1134.51 1402.99 3732
1128.15 1402.99 3732
1121.78 1402.99 3732
1115.42 1402.99 3732
1104.31 1396.97 3716
1097.97 1396.97 3716
1091.64 1396.97 3716
1085.3 1396.97 3716
1078.97 1396.97 3716
1072.63 1396.97 3716
1066.3 1396.97 3716
1059.96 1396.97 3716
1055.9 1399.98 3724
1051.8 1402.99 3732
1045.44 1402.99 3732
1041.3 1406 3740
1039.63 1412.39 3757
1035.7 1415.77 3766
1029.28 1415.77 3766
1022.86 1415.77 3766
1016.44 1415.77 3766
1010.02 1415.77 3766
1003.6 1415.77 3766
994.8 1412.39 3757
988.395 1412.39 3757
981.99 1412.39 3757
975.586 1412.39 3757
971.502 1415.77 3766
965.082 1415.77 3766
958.662 1415.77 3766
949.967 1412.39 3757
943.562 1412.39 3757
939.402 1415.77 3766
934.964 1418.78 3774
928.53 1418.78 3774
922.096 1418.78 3774
915.663 1418.78 3774
909.229 1418.78 3774
902.795 1418.78 3774
894.461 1415.77 3766
884.033 1409.38 3749
877.642 1409.38 3749
869.159 1406 3740
860.938 1402.99 3732
854.576 1402.99 3732
848.213 1402.99 3732
838.242 1396.97 3716
826.31 1387.58 3691
818.241 1384.57 3683
811.962 1384.57 3683
805.684 1384.57 3683
801.142 1387.58 3691
794.849 1387.58 3691
790.266 1390.58 3699
783.96 1390.58 3699
777.655 1390.58 3699
771.349 1390.58 3699
765.043 1390.58 3699
758.737 1390.58 3699
750.804 1387.58 3691
744.512 1387.58 3691
738.219 1387.58 3691
731.927 1387.58 3691
727.208 1390.58 3699
720.902 1390.58 3699
714.596 1390.58 3699
706.758 1387.58 3691
698.948 1384.57 3683
691.165 1381.56 3675
684.9 1381.56 3675
678.635 1381.56 3675
670.906 1378.55 3667
663.023 1375.17 3658
656.788 1375.17 3658
647.706 1369.15 3642
640.264 1366.52 3635
631.277 1360.51 3619
625.107 1360.51 3619
617.57 1357.5 3611
611.414 1357.5 3611
603.917 1354.49 3603
597.775 1354.49 3603
590.319 1351.49 3595
583.053 1348.85 3588
576.936 1348.85 3588
570.82 1348.85 3588
564.703 1348.85 3588
558.586 1348.85 3588
552.47 1348.85 3588
546.353 1348.85 3588
540.236 1348.85 3588
534.12 1348.85 3588
526.826 1345.85 3580
520.723 1345.85 3580
513.47 1342.84 3572
506.386 1340.21 3565
500.309 1340.21 3565
494.231 1340.21 3565
487.058 1337.2 3557
480.995 1337.2 3557
468.923 1320.28 3512
462.935 1320.28 3512
454.997 1314.64 3497
447.237 1309.38 3483
439.399 1303.74 3468
431.737 1298.48 3454
425.849 1298.48 3454
415.705 1285.32 3419
405.681 1272.16 3384
395.067 1256.75 3343
389.368 1256.75 3343
375.406 1229.68 3271
368.36 1224.8 3258
359.353 1213.14 3227
353.852 1213.14 3227
-5.08842 168.043 447
-5.85044 168.043 447
-6.61246 168.043 447
-7.34149 167.291 445
-8.0819 166.915 444
-8.799 166.163 442
-9.55249 166.163 442
-10.306 166.163 442
-11.0345 165.787 441
-11.7595 165.411 440
-12.5096 165.411 440
-13.2296 165.035 439
-13.9461 164.659 438
-14.6593 164.284 437
-15.2985 163.156 434
-16.0383 163.156 434
-16.7395 162.78 433
-17.4373 162.404 432
-18.1317 162.028 431
-18.8665 162.028 431
-19.6012 162.028 431
-20.2416 161.276 429
-20.924 160.9 428
-21.6537 160.9 428
-22.3833 160.9 428
-23.0589 160.524 427
-23.7312 160.148 426
-24.4 159.772 425
-25.1245 159.772 425
-25.7882 159.396 424
-26.3859 158.644 422
-26.9769 157.893 420
-27.6269 157.517 419
-28.3412 157.517 419
-28.9862 157.141 418
-29.5567 156.389 416
-30.1203 155.637 414
-30.8261 155.637 414
-31.4557 155.261 413
-32.1598 155.261 413
-32.7842 154.885 412
-33.4053 154.509 411
-34.106 154.509 411
-34.7219 154.133 410
-35.3345 153.757 409
-35.9436 153.381 408
-36.6392 153.381 408
-37.2432 153.005 407
-37.937 153.005 407
-38.5359 152.63 406
-39.2281 152.63 406
-39.9202 152.63 406
-40.6123 152.63 406
-41.3045 152.63 406
-41.9966 152.63 406
-42.5836 152.254 405
-43.274 152.254 405
-43.8559 151.878 404
-44.5446 151.878 404
-45.2333 151.878 404
-45.8083 151.502 403
-46.38 151.126 402
-47.0653 151.126 402
-47.7506 151.126 402
-48.4359 151.126 402
-73.6672 148.118 394
-74.3388 148.118 394
-75.0105 148.118 394
-75.6822 148.118 394
-76.5476 148.494 395
-77.221 148.494 395
-78.2888 149.246 397
-78.9656 149.246 397
-79.843 149.622 398
-80.5215 149.622 398
-81.404 149.998 399
-82.2899 150.374 400
-82.9718 150.374 400
-83.6537 150.374 400
-84.3356 150.374 400
-85.0175 150.374 400
-85.9136 150.75 401
-86.5972 150.75 401
-87.2808 150.75 401
-87.9645 150.75 401
-88.6481 150.75 401
-89.3317 150.75 401
-90.2397 151.126 402
-90.925 151.126 402
-91.6104 151.126 402
-92.2957 151.126 402
-92.981 151.126 402
-93.6663 151.126 402
-101.437 160.148 426
-102.163 160.148 426
-102.889 160.148 426
-103.616 160.148 426
-104.097 159.772 425
-105.068 160.148 426
-105.794 160.148 426
-106.521 160.148 426
-107.498 160.524 427
-108.226 160.524 427
-109.21 160.9 428
-109.939 160.9 428
-110.927 161.276 429
-111.919 161.652 430
-113.176 162.404 432
-113.912 162.404 432
-114.914 162.78 433
-115.92 163.156 434
-116.659 163.156 434
-117.67 163.532 435
-118.684 163.908 436
-119.701 164.284 437
-120.446 164.284 437
-121.191 164.284 437
-122.215 164.659 438
-123.242 165.035 439
-123.99 165.035 439
-124.739 165.035 439
-125.487 165.035 439
-126.236 165.035 439
-126.984 165.035 439
-883.162 878.56 2337
-887.146 878.56 2337
-891.13 878.56 2337
-886.305 869.913 2314
-890.25 869.913 2314
-894.194 869.913 2314
-896.975 868.785 2311
-900.914 868.785 2311
-904.854 868.785 2311
-908.794 868.785 2311
-909.969 866.154 2304
-913.897 866.154 2304
-917.824 866.154 2304
-920.552 865.026 2301
-920.859 861.643 2292
-920.731 857.883 2282
-924.621 857.883 2282
-923.629 853.372 2270
-923.821 849.989 2261
-924.804 847.357 2254
-928.646 847.357 2254
-932.489 847.357 2254
-931.346 842.846 2242
-931.414 839.462 2233
-935.221 839.462 2233
-933.981 834.951 2221
-928.056 826.305 2198
-929.26 824.049 2192
-932.997 824.049 2192
-935.451 822.921 2189
-930.602 815.403 2169
-933.438 814.651 2167
-937.133 814.651 2167
-939.524 813.523 2164
-943.213 813.523 2164
-944.277 811.267 2158
-947.956 811.267 2158
-949.43 809.388 2153
-953.1 809.388 2153
-956.77 809.388 2153
-960.441 809.388 2153
-964.111 809.388 2153
-966.433 808.26 2150
-968.744 807.132 2147
-972.405 807.132 2147
-973.792 805.252 2142
-977.443 805.252 2142
-981.095 805.252 2142
-984.746 805.252 2142
-987.013 804.125 2139
-989.271 802.997 2136
-995.701 805.252 2142
-999.353 805.252 2142
-1003 805.252 2142
-1006.66 805.252 2142
-1008.89 804.125 2139
-1012.54 804.125 2139
-1016.19 804.125 2139
-1018.4 802.997 2136
-1022.04 802.997 2136
-1025.68 802.997 2136
-1029.33 802.997 2136
-1029.1 799.989 2128
-1031.27 798.861 2125
-1034.89 798.861 2125
-1036.07 796.982 2120
-1039.69 796.982 2120
-1041.82 795.854 2117
-1045.43 795.854 2117
-1047.55 794.726 2114
-1048.67 792.846 2109
-1050.77 791.719 2106
-1054.36 791.719 2106
-1055.44 789.839 2101
-1053.98 786.08 2091
-1053.5 783.072 2083
-1057.05 783.072 2083
-1055 778.937 2072
-1057.51 778.185 2070
-1059.5 777.057 2067
-1063.03 777.057 2067
1742.89 1504.4 4020
1736.04 1504.4 4020
1729.19 1504.4 4020
1706.05 1490.18 3982
1699.27 1490.18 3982
1452.16 1530.22 4089
1445.19 1530.22 4089
1438.21 1530.22 4089
1410.59 1508.14 4030
1393.62 1497.29 4001
1383.33 1493.55 3991
1376.53 1493.55 3991
1369.73 1493.55 3991
1359.85 1490.18 3982
1343.21 1479.33 3953
1336.47 1479.33 3953
1320.31 1468.85 3925
1310.61 1465.48 3916
1294.94 1455.38 3889
1279.37 1445.27 3862
1272.78 1445.27 3862
1263.25 1441.9 3853
1250.81 1435.17 3835
1241.35 1431.8 3826
1234.83 1431.8 3826
1225.74 1428.81 3818
1210.93 1419.08 3792
1196.21 1409.35 3766
1189.79 1409.35 3766
1172.68 1396.62 3732
1163.82 1393.63 3724
1159.96 1396.62 3732
1153.6 1396.62 3732
1147.23 1396.62 3732
1138.43 1393.63 3724
1132.08 1393.63 3724
1128.15 1396.62 3732
1121.78 1396.62 3732
1115.42 1396.62 3732
1106.68 1393.63 3724
1100.33 1393.63 3724
1091.64 1390.63 3716
1085.3 1390.63 3716
1078.97 1390.63 3716
1072.63 1390.63 3716
1066.3 1390.63 3716
1059.96 1390.63 3716
1055.9 1393.63 3724
1051.8 1396.62 3732
1045.44 1396.62 3732
1041.3 1399.62 3740
1039.63 1405.98 3757
1035.7 1409.35 3766
1029.28 1409.35 3766
1022.86 1409.35 3766
1016.44 1409.35 3766
1010.02 1409.35 3766
1003.6 1409.35 3766
994.8 1405.98 3757
988.395 1405.98 3757
981.99 1405.98 3757
975.586 1405.98 3757
971.502 1409.35 3766
965.082 1409.35 3766
958.662 1409.35 3766
949.967 1405.98 3757
943.562 1405.98 3757
939.402 1409.35 3766
934.964 1412.34 3774
928.53 1412.34 3774
922.096 1412.34 3774
915.663 1412.34 3774
909.229 1412.34 3774
902.795 1412.34 3774
894.461 1409.35 3766
885.919 1405.98 3757
879.514 1405.98 3757
873.11 1405.98 3757
864.859 1402.98 3749
856.407 1399.62 3740
850.032 1399.62 3740
841.851 1396.62 3732
829.892 1387.27 3707
820.018 1381.28 3691
813.726 1381.28 3691
807.434 1381.28 3691
804.614 1387.27 3707
798.295 1387.27 3707
791.975 1387.27 3707
785.656 1387.27 3707
779.336 1387.27 3707
773.017 1387.27 3707
766.697 1387.27 3707
758.737 1384.27 3699
752.431 1384.27 3699
746.125 1384.27 3699
741.419 1387.27 3707
735.1 1387.27 3707
728.78 1387.27 3707
722.461 1387.27 3707
716.141 1387.27 3707
708.29 1384.27 3699
698.948 1378.28 3683
692.669 1378.28 3683
686.391 1378.28 3683
678.635 1375.29 3675
670.906 1372.3 3667
663.023 1368.93 3658
656.788 1368.93 3658
647.706 1362.94 3642
640.264 1360.32 3635
632.672 1357.33 3627
626.489 1357.33 3627
618.938 1354.33 3619
611.414 1351.34 3611
605.258 1351.34 3611
599.102 1351.34 3611
591.633 1348.35 3603
584.19 1345.35 3595
576.936 1342.73 3588
571.933 1345.35 3595
565.805 1345.35 3595
559.676 1345.35 3595
553.547 1345.35 3595
547.419 1345.35 3595
541.29 1345.35 3595
535.162 1345.35 3595
528.003 1342.73 3588
521.886 1342.73 3588
515.77 1342.73 3588
507.38 1336.74 3572
501.291 1336.74 3572
495.202 1336.74 3572
488.154 1334.13 3565
482.076 1334.13 3565
470.925 1319.9 3527
464.913 1319.9 3527
456.038 1311.67 3505
448.136 1306.06 3490
440.413 1300.82 3476
434.487 1300.82 3476
426.712 1295.21 3461
418.259 1287.35 3440
405.681 1266.39 3384
397.43 1258.53 3363
391.697 1258.53 3363
375.406 1224.1 3271
368.36 1219.24 3258
360.022 1209.88 3233
354.51 1209.88 3233
-3.56437 167.28 447
-4.3264 167.28 447
-5.08842 167.28 447
-5.85044 167.28 447
-6.61246 167.28 447
-7.35799 166.906 446
-8.1001 166.532 445
-8.85872 166.532 445
-9.61733 166.532 445
-10.3293 165.783 443
-11.0595 165.409 442
-11.7863 165.035 441
-12.5381 165.035 441
-13.2597 164.661 440
-13.978 164.286 439
-14.6593 163.538 437
-15.4042 163.538 437
-16.1492 163.538 437
-16.7782 162.415 434
-17.4373 161.667 432
-18.1317 161.293 431
-18.8665 161.293 431
-19.5557 160.918 430
-20.2416 160.544 429
-20.924 160.17 428
-21.6031 159.796 427
-22.331 159.796 427
-23.0049 159.421 426
-23.7312 159.421 426
-24.4 159.047 425
-25.1245 159.047 425
-25.7882 158.673 424
-26.3859 157.925 422
-26.9769 157.176 420
-27.6269 156.802 419
-28.3412 156.802 419
-28.9862 156.428 418
-29.5567 155.679 416
-30.1203 154.931 414
-30.8261 154.931 414
-31.4557 154.556 413
-32.1598 154.556 413
-32.7842 154.182 412
-33.4053 153.808 411
-34.106 153.808 411
-34.7219 153.434 410
-35.3345 153.06 409
-35.9436 152.685 408
-36.6392 152.685 408
-37.2432 152.311 407
-37.937 152.311 407
-38.5359 151.937 406
-39.2281 151.937 406
-39.9202 151.937 406
-40.6123 151.937 406
-41.3045 151.937 406
-41.9966 151.937 406
-42.5836 151.563 405
-43.274 151.563 405
-43.8559 151.188 404
-44.5446 151.188 404
-45.2333 151.188 404
-45.8083 150.814 403
-46.38 150.44 402
-47.0653 150.44 402
-47.7506 150.44 402
-48.4359 150.44 402
-73.6672 147.446 394
-74.3388 147.446 394
-75.0105 147.446 394
-75.6822 147.446 394
-76.5476 147.82 395
-77.221 147.82 395
-78.2888 148.569 397
-78.9656 148.569 397
-80.0436 149.317 399
-80.7238 149.317 399
-81.404 149.317 399
-82.2899 149.691 400
-82.9718 149.691 400
-83.6537 149.691 400
-84.3356 149.691 400
-85.23 150.066 401
-85.9136 150.066 401
-86.5972 150.066 401
-87.2808 150.066 401
-87.9645 150.066 401
-88.6481 150.066 401
-89.3317 150.066 401
-90.2397 150.44 402
-90.925 150.44 402
-91.6104 150.44 402
-92.2957 150.44 402
-92.981 150.44 402
-93.6663 150.44 402
-101.437 159.421 426
-102.163 159.421 426
-102.889 159.421 426
-103.616 159.421 426
-104.097 159.047 425
-105.068 159.421 426
-105.794 159.421 426
-106.521 159.421 426
-107.498 159.796 427
-108.226 159.796 427
-109.21 160.17 428
-109.939 160.17 428
-110.927 160.544 429
-111.919 160.918 430
-113.176 161.667 432
-113.912 161.667 432
-114.914 162.041 433
-115.92 162.415 434
-116.659 162.415 434
-117.67 162.789 435
-118.684 163.164 436
-119.701 163.538 437
-120.446 163.538 437
-121.191 163.538 437
-122.215 163.912 438
-123.242 164.286 439
-123.99 164.286 439
-124.739 164.286 439
-125.487 164.286 439
-126.236 164.286 439
-126.984 164.286 439
-879.691 863.346 2307
-883.624 863.346 2307
-887.557 863.346 2307
-891.489 863.346 2307
-893.093 861.1 2301
-897.016 861.1 2301
-900.939 861.1 2301
-904.861 861.1 2301
-908.784 861.1 2301
-912.707 861.1 2301
-916.629 861.1 2301
-916.951 857.732 2292
-920.859 857.732 2292
-915.889 849.499 2270
-919.759 849.499 2270
-922.408 848.376 2267
-923.821 846.131 2261
-924.804 843.511 2254
-928.646 843.511 2254
-930.006 841.266 2248
-931.346 839.021 2242
-931.414 835.653 2233
-935.221 835.653 2233
-932.72 830.039 2218
-928.056 822.555 2198
-929.26 820.309 2192
-932.997 820.309 2192
-935.451 819.187 2189
-930.602 811.702 2169
-933.438 810.954 2167
-937.133 810.954 2167
-939.524 809.831 2164
-943.213 809.831 2164
-944.277 807.586 2158
-947.956 807.586 2158
-949.43 805.714 2153
-953.1 805.714 2153
-956.77 805.714 2153
-960.441 805.714 2153
-964.111 805.714 2153
-966.433 804.592 2150
-968.744 803.469 2147
-972.405 803.469 2147
-973.792 801.598 2142
-977.443 801.598 2142
-981.095 801.598 2142
-984.746 801.598 2142
-987.013 800.475 2139
-989.271 799.352 2136
-995.701 801.598 2142
-999.353 801.598 2142
-1003 801.598 2142
-1006.66 801.598 2142
-1008.89 800.475 2139
-1012.54 800.475 2139
-1016.19 800.475 2139
-1018.4 799.352 2136
-1022.04 799.352 2136
-1025.68 799.352 2136
-1029.33 799.352 2136
-1029.1 796.359 2128
-1031.27 795.236 2125
-1034.89 795.236 2125
-1036.07 793.365 2120
-1039.69 793.365 2120
-1041.82 792.242 2117
-1045.43 792.242 2117
-1047.55 791.119 2114
-1050.16 790.371 2112
-1050.77 788.126 2106
-1054.36 788.126 2106
-1055.44 786.254 2101
-1053.98 782.512 2091
-1053.5 779.518 2083
-1057.05 779.518 2083
-1055 775.402 2072
-1057.51 774.653 2070
-1058.48 772.782 2065
-1062 772.782 2065
1452.16 1523.24 4089
1445.19 1523.24 4089
1438.21 1523.24 4089
1410.59 1501.27 4030
1396.76 1493.82 4010
1383.33 1486.74 3991
1376.53 1486.74 3991
1369.73 1486.74 3991
1359.85 1483.38 3982
1343.21 1472.58 3953
1336.47 1472.58 3953
1320.31 1462.15 3925
1310.61 1458.8 3916
1294.94 1448.74 3889
1279.37 1438.68 3862
1272.78 1438.68 3862
1263.25 1435.33 3853
1250.81 1428.62 3835
1241.35 1425.27 3826
1234.83 1425.27 3826
1225.74 1422.29 3818
1210.93 1412.61 3792
1190.81 1396.59 3749
1184.41 1396.59 3749
1170.17 1387.27 3724
1156.01 1377.96 3699
1149.7 1377.96 3699
1143.39 1377.96 3699
1137.09 1377.96 3699
1133.23 1380.94 3707
1132.08 1387.27 3724
1128.15 1390.25 3732
1121.78 1390.25 3732
1115.42 1390.25 3732
1106.68 1387.27 3724
1100.33 1387.27 3724
1091.64 1384.29 3716
1085.3 1384.29 3716
1076.35 1380.94 3707
1070.03 1380.94 3707
1063.71 1380.94 3707
1059.96 1384.29 3716
1055.9 1387.27 3724
1051.8 1390.25 3732
1045.44 1390.25 3732
1041.3 1393.23 3740
1039.63 1399.57 3757
1035.7 1402.92 3766
1029.28 1402.92 3766
1025.04 1405.9 3774
1018.6 1405.9 3774
1012.17 1405.9 3774
1005.73 1405.9 3774
999.301 1405.9 3774
995.235 1409.25 3783
988.786 1409.25 3783
982.337 1409.25 3783
975.888 1409.25 3783
969.439 1409.25 3783
962.99 1409.25 3783
954.265 1405.9 3774
950.092 1409.25 3783
943.643 1409.25 3783
941.405 1415.59 3800
934.927 1415.59 3800
928.449 1415.59 3800
921.971 1415.59 3800
915.493 1415.59 3800
907.101 1412.61 3792
898.499 1409.25 3783
888.041 1402.92 3766
881.621 1402.92 3766
873.11 1399.57 3757
864.859 1396.59 3749
856.407 1393.23 3740
850.032 1393.23 3740
841.851 1390.25 3732
829.892 1380.94 3707
820.018 1374.98 3691
813.726 1374.98 3691
807.434 1374.98 3691
804.614 1380.94 3707
798.295 1380.94 3707
791.975 1380.94 3707
785.656 1380.94 3707
779.336 1380.94 3707
773.017 1380.94 3707
766.697 1380.94 3707
758.737 1377.96 3699
752.431 1377.96 3699
746.125 1377.96 3699
741.419 1380.94 3707
735.1 1380.94 3707
728.78 1380.94 3707
722.461 1380.94 3707
716.141 1380.94 3707
708.29 1377.96 3699
701.984 1377.96 3699
692.669 1372 3683
686.391 1372 3683
680.112 1372 3683
672.37 1369.02 3675
664.655 1366.04 3667
658.403 1366.04 3667
649.129 1359.71 3650
641.497 1356.73 3642
634.068 1354.12 3635
627.871 1354.12 3635
620.306 1351.14 3627
614.123 1351.14 3627
607.94 1351.14 3627
601.757 1351.14 3627
592.946 1345.18 3611
586.79 1345.18 3611
579.348 1342.2 3603
573.206 1342.2 3603
567.064 1342.2 3603
560.922 1342.2 3603
556.011 1345.18 3611
549.855 1345.18 3611
543.699 1345.18 3611
537.544 1345.18 3611
529.033 1339.22 3595
522.905 1339.22 3595
516.776 1339.22 3595
510.647 1339.22 3595
504.519 1339.22 3595
498.39 1339.22 3595
490.208 1333.63 3580
484.105 1333.63 3580
472.928 1319.47 3542
466.89 1319.47 3542
456.948 1308.3 3512
449.035 1302.71 3497
442.187 1300.1 3490
436.237 1300.1 3490
427.575 1291.91 3468
419.961 1286.69 3454
406.52 1263.22 3391
398.258 1255.4 3370
392.513 1255.4 3370
376.898 1223.36 3284
368.36 1213.68 3258
360.69 1206.6 3239
355.168 1206.6 3239
-3.56437 166.518 447
-4.3264 166.518 447
-5.08842 166.518 447
-5.85044 166.518 447
-6.61246 166.518 447
-7.37449 166.518 447
-8.11831 166.145 446
-8.85872 165.773 445
-9.61733 165.773 445
-10.3759 165.773 445
-11.0845 165.027 443
-11.813 164.655 442
-12.5665 164.655 442
-13.2899 164.282 441
-14.0098 163.91 440
-14.7263 163.537 439
-15.4747 163.537 439
-16.1492 162.792 437
-16.8169 162.047 435
-17.4777 161.302 433
-18.1317 160.557 431
-18.8665 160.557 431
-19.5557 160.185 430
-20.1944 159.44 428
-20.924 159.44 428
-21.6031 159.067 427
-22.331 159.067 427
-23.0049 158.695 426
-23.6754 158.322 425
-24.3426 157.95 424
-25.0654 157.95 424
-25.7274 157.577 423
-26.3234 156.832 421
-26.9769 156.459 420
-27.6269 156.087 419
-28.3412 156.087 419
-28.9862 155.714 418
-29.5567 154.969 416
-30.1203 154.224 414
-30.8261 154.224 414
-31.4557 153.852 413
-32.1598 153.852 413
-32.7842 153.479 412
-33.4866 153.479 412
-34.106 153.107 411
-34.7219 152.734 410
-35.3345 152.362 409
-35.9436 151.989 408
-36.6392 151.989 408
-37.2432 151.617 407
-37.937 151.617 407
-38.5359 151.244 406
-39.2281 151.244 406
-39.9202 151.244 406
-40.6123 151.244 406
-41.3045 151.244 406
-41.9966 151.244 406
-42.5836 150.872 405
-43.274 150.872 405
-43.8559 150.499 404
-44.5446 150.499 404
-45.2333 150.499 404
-45.8083 150.127 403
-46.38 149.754 402
-47.0653 149.754 402
-47.7506 149.754 402
-48.4359 149.754 402
-73.6672 146.774 394
-74.3388 146.774 394
-75.2009 147.146 395
-75.8743 147.146 395
-76.5476 147.146 395
-77.221 147.146 395
-78.2888 147.891 397
-79.1645 148.264 398
-80.0436 148.637 399
-80.7238 148.637 399
-81.404 148.637 399
-82.2899 149.009 400
-82.9718 149.009 400
-83.6537 149.009 400
-84.3356 149.009 400
-85.23 149.382 401
-85.9136 149.382 401
-86.5972 149.382 401
-87.2808 149.382 401
-87.9645 149.382 401
-88.6481 149.382 401
-89.5544 149.754 402
-90.2397 149.754 402
-90.925 149.754 402
-91.6104 149.754 402
-92.2957 149.754 402
-92.981 149.754 402
-93.6663 149.754 402
-101.437 158.695 426
-102.163 158.695 426
-102.889 158.695 426
-103.616 158.695 426
-104.342 158.695 426
-105.068 158.695 426
-105.794 158.695 426
-106.521 158.695 426
-107.498 159.067 427
-108.48 159.44 428
-109.21 159.44 428
-109.939 159.44 428
-110.927 159.812 429
-112.179 160.557 431
-113.176 160.93 432
-113.912 160.93 432
-114.914 161.302 433
-115.92 161.675 434
-116.659 161.675 434
-117.67 162.047 435
-118.684 162.42 436
-119.701 162.792 437
-120.446 162.792 437
-121.191 162.792 437
-122.215 163.165 438
-123.242 163.537 439
-123.99 163.537 439
-124.739 163.537 439
-125.487 163.537 439
-126.236 163.537 439
-126.984 163.537 439
-880.177 856.057 2298
-885.248 857.174 2301
-889.171 857.174 2301
-893.093 857.174 2301
-897.016 857.174 2301
-900.939 857.174 2301
-904.861 857.174 2301
-907.599 856.057 2298
-910.327 854.939 2295
-913.044 853.822 2292
-916.951 853.822 2292
-920.859 853.822 2292
-924.766 853.822 2292
-919.759 845.626 2270
-921.188 843.391 2264
-922.187 840.784 2257
-926.035 840.784 2257
-929.882 840.784 2257
-927.524 835.196 2242
-930.1 834.078 2239
-931.414 831.843 2233
-935.221 831.843 2233
-932.72 826.255 2218
-928.056 818.805 2198
-930.532 817.687 2195
-934.274 817.687 2195
-935.451 815.452 2189
-930.602 808.002 2169
-933.438 807.256 2167
-937.133 807.256 2167
-939.524 806.139 2164
-943.213 806.139 2164
-944.277 803.904 2158
-947.956 803.904 2158
-949.43 802.041 2153
-953.1 802.041 2153
-956.77 802.041 2153
-960.441 802.041 2153
-964.111 802.041 2153
-966.433 800.924 2150
-968.744 799.806 2147
-972.405 799.806 2147
-973.792 797.943 2142
-976.074 796.826 2139
-979.721 796.826 2139
-983.367 796.826 2139
-985.629 795.708 2136
-989.271 795.708 2136
-995.701 797.943 2142
-999.353 797.943 2142
-1003 797.943 2142
-1006.66 797.943 2142
-1008.89 796.826 2139
-1012.54 796.826 2139
-1016.19 796.826 2139
-1018.4 795.708 2136
-1022.04 795.708 2136
-1025.68 795.708 2136
-1029.33 795.708 2136
-1029.1 792.728 2128
-1031.27 791.61 2125
-1034.89 791.61 2125
-1036.07 789.748 2120
-1039.69 789.748 2120
-1041.82 788.63 2117
-1045.43 788.63 2117
-1047.55 787.513 2114
-1050.16 786.768 2112
-1050.77 784.533 2106
-1054.36 784.533 2106
-1055.44 782.67 2101
-1053.98 778.945 2091
-1053.5 775.965 2083
-1057.05 775.965 2083
-1055 771.867 2072
-1057.51 771.122 2070
-1058.48 769.259 2065
-1062 769.259 2065
1452.16 1516.27 4089
1445.19 1516.27 4089
1438.21 1516.27 4089
1410.59 1494.39 4030
1396.76 1486.97 4010
1383.33 1479.93 3991
1376.53 1479.93 3991
1369.73 1479.93 3991
1359.85 1476.59 3982
1343.21 1465.84 3953
1336.47 1465.84 3953
1320.31 1455.45 3925
1304.58 1445.44 3898
1294.94 1442.11 3889
1276.39 1428.76 3853
1269.82 1428.76 3853
1257.35 1422.08 3835
1247.88 1418.74 3826
1238.76 1415.78 3818
1232.25 1415.78 3818
1222.85 1412.44 3809
1210.93 1406.14 3792
1190.81 1390.19 3749
1184.41 1390.19 3749
1170.17 1380.92 3724
1156.01 1371.65 3699
1149.7 1371.65 3699
1143.39 1371.65 3699
1137.09 1371.65 3699
1133.23 1374.62 3707
1132.08 1380.92 3724
1128.15 1383.89 3732
1121.78 1383.89 3732
1115.42 1383.89 3732
1106.68 1380.92 3724
1100.33 1380.92 3724
1091.64 1377.95 3716
1085.3 1377.95 3716
1076.35 1374.62 3707
1070.03 1374.62 3707
1063.71 1374.62 3707
1059.96 1377.95 3716
1055.9 1380.92 3724
1051.8 1383.89 3732
1045.44 1383.89 3732
1041.3 1386.85 3740
1039.63 1393.16 3757
1037.9 1399.46 3774
1031.47 1399.46 3774
1027.48 1402.8 3783
1023.46 1406.14 3792
1017 1406.14 3792
1010.53 1406.14 3792
1004.07 1406.14 3792
997.603 1406.14 3792
991.138 1406.14 3792
984.674 1406.14 3792
980.273 1409.1 3800
973.795 1409.1 3800
967.317 1409.1 3800
960.839 1409.1 3800
954.361 1409.1 3800
947.883 1409.1 3800
945.864 1415.78 3818
939.356 1415.78 3818
932.847 1415.78 3818
924.155 1412.44 3809
917.661 1412.44 3809
911.168 1412.44 3809
902.537 1409.1 3800
892.05 1402.8 3783
885.601 1402.8 3783
875.201 1396.49 3766
868.781 1396.49 3766
862.361 1396.49 3766
855.941 1396.49 3766
845.686 1390.19 3749
835.489 1383.89 3732
825.572 1377.95 3716
819.238 1377.95 3716
812.903 1377.95 3716
808.304 1380.92 3724
801.956 1380.92 3724
795.607 1380.92 3724
789.259 1380.92 3724
782.91 1380.92 3724
774.894 1377.95 3716
768.559 1377.95 3716
762.224 1377.95 3716
755.889 1377.95 3716
749.554 1377.95 3716
743.219 1377.95 3716
736.885 1377.95 3716
730.55 1377.95 3716
724.215 1377.95 3716
717.88 1377.95 3716
709.822 1374.62 3707
701.984 1371.65 3699
692.669 1365.72 3683
686.391 1365.72 3683
680.112 1365.72 3683
672.37 1362.75 3675
664.655 1359.78 3667
658.403 1359.78 3667
649.129 1353.48 3650
641.497 1350.51 3642
634.068 1347.92 3635
627.871 1347.92 3635
620.306 1344.95 3627
614.123 1344.95 3627
607.94 1344.95 3627
601.757 1344.95 3627
592.946 1339.02 3611
586.79 1339.02 3611
579.348 1336.05 3603
573.206 1336.05 3603
567.064 1336.05 3603
560.922 1336.05 3603
556.011 1339.02 3611
551.073 1341.98 3619
544.904 1341.98 3619
538.734 1341.98 3619
531.388 1339.02 3611
525.232 1339.02 3611
519.076 1339.02 3611
511.784 1336.05 3603
505.642 1336.05 3603
499.499 1336.05 3603
493.357 1336.05 3603
486.133 1333.09 3595
472.928 1313.43 3542
466.89 1313.43 3542
459.811 1310.47 3534
450.961 1302.31 3512
442.187 1294.15 3490
436.237 1294.15 3490
429.425 1291.55 3483
420.812 1283.4 3461
412.394 1275.61 3440
406.53 1275.61 3440
392.513 1249.65 3370
379.882 1227.4 3310
369.151 1210.72 3265
360.69 1201.07 3239
355.168 1201.07 3239
-3.56437 165.755 447
-4.3264 165.755 447
-5.08842 165.755 447
-5.85044 165.755 447
-6.61246 165.755 447
-7.37449 165.755 447
-8.11831 165.384 446
-8.85872 165.013 445
-9.61733 165.013 445
-10.3759 165.013 445
-11.0845 164.272 443
-11.813 163.901 442
-12.5665 163.901 442
-13.2899 163.53 441
-14.0098 163.159 440
-14.7263 162.788 439
-15.4747 162.788 439
-16.1492 162.047 437
-16.8169 161.305 435
-17.4777 160.564 433
-18.1317 159.822 431
-18.8665 159.822 431
-19.5557 159.451 430
-20.2416 159.08 429
-20.924 158.709 428
-21.6031 158.339 427
-22.331 158.339 427
-23.0589 158.339 427
-23.7312 157.968 426
-24.4 157.597 425
-25.1245 157.597 425
-25.7882 157.226 424
-26.3859 156.485 422
-26.9769 155.743 420
-27.6929 155.743 420
-28.3412 155.372 419
-28.9862 155.001 418
-29.5567 154.26 416
-30.1203 153.518 414
-30.8261 153.518 414
-31.4557 153.147 413
-32.1598 153.147 413
-32.7842 152.776 412
-33.4866 152.776 412
-34.106 152.406 411
-34.7219 152.035 410
-35.3345 151.664 409
-35.9436 151.293 408
-36.6392 151.293 408
-37.2432 150.922 407
-37.937 150.922 407
-38.5359 150.551 406
-39.2281 150.551 406
-39.9202 150.551 406
-40.6123 150.551 406
-41.3045 150.551 406
-41.9966 150.551 406
-42.5836 150.181 405
-43.274 150.181 405
-43.8559 149.81 404
-44.5446 149.81 404
-45.2333 149.81 404
-45.8083 149.439 403
-46.38 149.068 402
-47.0653 149.068 402
-47.7506 149.068 402
-48.4359 149.068 402
-73.8541 146.473 395
-74.5275 146.473 395
-75.2009 146.473 395
-75.8743 146.473 395
-76.5476 146.473 395
-77.221 146.473 395
-78.486 147.585 398
-79.1645 147.585 398
-80.0436 147.956 399
-80.7238 147.956 399
-81.404 147.956 399
-82.2899 148.327 400
-82.9718 148.327 400
-83.6537 148.327 400
-84.3356 148.327 400
-85.23 148.697 401
-85.9136 148.697 401
-86.5972 148.697 401
-87.2808 148.697 401
-88.1838 149.068 402
-88.8691 149.068 402
-89.5544 149.068 402
-90.2397 149.068 402
-90.925 149.068 402
-91.6104 149.068 402
-92.2957 149.068 402
-92.981 149.068 402
-93.6663 149.068 402
-101.437 157.968 426
-102.163 157.968 426
-102.889 157.968 426
-103.616 157.968 426
-104.342 157.968 426
-105.068 157.968 426
-106.043 158.339 427
-106.771 158.339 427
-107.498 158.339 427
-108.48 158.709 428
-109.465 159.08 429
-110.196 159.08 429
-111.186 159.451 430
-112.44 160.193 432
-113.176 160.193 432
-113.912 160.193 432
-114.914 160.564 433
-115.92 160.934 434
-116.659 160.934 434
-117.67 161.305 435
-118.684 161.676 436
-119.701 162.047 437
-120.446 162.047 437
-121.468 162.418 438
-122.215 162.418 438
-123.242 162.788 439
-123.99 162.788 439
-124.739 162.788 439
-125.773 163.159 440
-126.523 163.159 440
-127.273 163.159 440
-128.023 163.159 440
-128.773 163.159 440
-880.177 852.136 2298
-885.248 853.249 2301
-889.171 853.249 2301
-893.093 853.249 2301
-897.016 853.249 2301
-900.939 853.249 2301
-904.861 853.249 2301
-907.599 852.136 2298
-911.517 852.136 2298
-913.044 849.911 2292
-916.951 849.911 2292
-920.859 849.911 2292
-924.766 849.911 2292
-919.759 841.753 2270
-921.188 839.529 2264
-922.187 836.933 2257
-926.035 836.933 2257
-929.882 836.933 2257
-927.524 831.371 2242
-930.1 830.258 2239
-931.414 828.033 2233
-935.221 828.033 2233
-932.72 822.471 2218
-928.056 815.055 2198
-930.532 813.942 2195
-934.274 813.942 2195
-935.451 811.717 2189
-931.889 805.413 2172
-934.3 804.301 2169
-937.997 804.301 2169
-940.827 803.559 2167
-943.213 802.447 2164
-942.964 799.109 2155
-946.638 799.109 2155
-949.43 798.368 2153
-951.772 797.255 2150
-955.437 797.255 2150
-959.102 797.255 2150
-962.768 797.255 2150
-966.433 797.255 2150
-967.391 795.031 2144
-971.046 795.031 2144
-973.792 794.289 2142
-976.074 793.176 2139
-979.721 793.176 2139
-983.367 793.176 2139
-985.629 792.064 2136
-989.271 792.064 2136
-994.306 793.176 2139
-999.353 794.289 2142
-1003 794.289 2142
-1006.66 794.289 2142
-1008.89 793.176 2139
-1012.54 793.176 2139
-1016.19 793.176 2139
-1018.4 792.064 2136
-1022.04 792.064 2136
-1025.68 792.064 2136
-1029.33 792.064 2136
-1029.1 789.097 2128
-1031.27 787.985 2125
-1034.89 787.985 2125
-1036.07 786.131 2120
-1039.69 786.131 2120
-1041.82 785.018 2117
-1045.43 785.018 2117
-1047.55 783.906 2114
-1050.16 783.164 2112
-1050.77 780.94 2106
-1054.36 780.94 2106
-1055.44 779.085 2101
-1053.98 775.377 2091
-1053.5 772.411 2083
-1057.05 772.411 2083
-1055 768.332 2072
-1057.51 767.59 2070
-1058.48 765.736 2065
-1062 765.736 2065
1452.16 1509.29 4089
1445.19 1509.29 4089
1438.21 1509.29 4089
1417.24 1494.53 4049
1396.76 1480.13 4010
1383.33 1473.12 3991
1376.53 1473.12 3991
1369.73 1473.12 3991
1359.85 1469.8 3982
1343.21 1459.09 3953
1336.47 1459.09 3953
1320.31 1448.76 3925
1304.58 1438.79 3898
1285.95 1425.5 3862
1276.39 1422.18 3853
1269.82 1422.18 3853
1254.4 1412.22 3826
1245.27 1409.26 3818
1235.84 1405.94 3809
1229.34 1405.94 3809
1219.96 1402.62 3800
1210.93 1399.67 3792
1190.81 1383.79 3749
1184.41 1383.79 3749
1164.83 1368.29 3707
1156.01 1365.34 3699
1149.7 1365.34 3699
1143.39 1365.34 3699
1132.17 1359.43 3683
1130.78 1365.34 3699
1124.48 1365.34 3699
1123.31 1371.61 3716
1116.98 1371.61 3716
1110.64 1371.61 3716
1104.31 1371.61 3716
1097.97 1371.61 3716
1088.99 1368.29 3707
1082.67 1368.29 3707
1074.03 1365.34 3699
1067.72 1365.34 3699
1061.42 1365.34 3699
1055.11 1365.34 3699
1053.63 1371.61 3716
1051.8 1377.52 3732
1045.44 1377.52 3732
1046.04 1386.75 3757
1044.34 1393.02 3774
1045.05 1402.62 3800
1038.58 1402.62 3800
1034.54 1405.94 3809
1032.64 1412.22 3826
1026.11 1412.22 3826
1019.59 1412.22 3826
1015.45 1415.54 3835
1008.92 1415.54 3835
1002.38 1415.54 3835
995.84 1415.54 3835
993.945 1422.18 3853
987.377 1422.18 3853
980.809 1422.18 3853
974.24 1422.18 3853
967.672 1422.18 3853
963.349 1425.5 3862
956.765 1425.5 3862
950.181 1425.5 3862
943.597 1425.5 3862
937.014 1425.5 3862
930.43 1425.5 3862
919.54 1418.86 3844
912.987 1418.86 3844
900.303 1409.26 3818
893.795 1409.26 3818
885.194 1405.94 3809
878.701 1405.94 3809
872.207 1405.94 3809
865.714 1405.94 3809
857.19 1402.62 3800
848.922 1399.67 3792
836.681 1390.07 3766
832.024 1393.02 3774
825.591 1393.02 3774
819.157 1393.02 3774
814.661 1396.34 3783
808.212 1396.34 3783
801.763 1396.34 3783
795.314 1396.34 3783
785.32 1390.07 3766
778.9 1390.07 3766
772.48 1390.07 3766
766.06 1390.07 3766
759.64 1390.07 3766
753.22 1390.07 3766
746.8 1390.07 3766
740.38 1390.07 3766
732.205 1386.75 3757
725.801 1386.75 3757
717.864 1383.79 3749
708.247 1377.52 3732
698.876 1371.61 3716
692.541 1371.61 3716
684.544 1368.29 3707
675.297 1362.39 3691
666.105 1356.48 3675
659.84 1356.48 3675
650.552 1350.21 3658
642.906 1347.25 3650
635.289 1344.3 3642
629.08 1344.3 3642
621.674 1341.72 3635
615.477 1341.72 3635
609.281 1341.72 3635
603.084 1341.72 3635
595.573 1338.76 3627
586.79 1332.86 3611
580.634 1332.86 3611
574.479 1332.86 3611
568.323 1332.86 3611
563.412 1335.81 3619
557.243 1335.81 3619
551.073 1335.81 3619
544.904 1335.81 3619
538.734 1335.81 3619
531.388 1332.86 3611
525.232 1332.86 3611
519.076 1332.86 3611
511.784 1329.9 3603
505.642 1329.9 3603
499.499 1329.9 3603
493.357 1329.9 3603
486.133 1326.95 3595
472.928 1307.39 3542
466.89 1307.39 3542
459.811 1304.44 3534
450.961 1296.32 3512
442.187 1288.2 3490
436.237 1288.2 3490
429.425 1285.61 3483
420.812 1277.49 3461
412.394 1269.74 3440
406.53 1269.74 3440
392.513 1243.9 3370
379.882 1221.76 3310
369.151 1205.15 3265
360.69 1195.55 3239
355.168 1195.55 3239
-3.56437 164.992 447
-4.3264 164.992 447
-5.08842 164.992 447
-5.85044 164.992 447
-6.61246 164.992 447
-7.37449 164.992 447
-8.11831 164.623 446
-8.85872 164.254 445
-9.61733 164.254 445
-10.3759 164.254 445
-11.0845 163.516 443
-11.813 163.147 442
-12.5665 163.147 442
-13.2899 162.778 441
-14.0098 162.409 440
-14.7263 162.039 439
-15.4747 162.039 439
-16.1492 161.301 437
-16.8169 160.563 435
-17.4777 159.825 433
-18.1317 159.087 431
-18.8665 159.087 431
-19.5557 158.717 430
-20.2416 158.348 429
-20.924 157.979 428
-21.6031 157.61 427
-22.331 157.61 427
-23.0589 157.61 427
-23.7312 157.241 426
-24.4 156.872 425
-25.1245 156.872 425
-25.7882 156.503 424
-26.3859 155.765 422
-26.9769 155.026 420
-27.6929 155.026 420
-28.3412 154.657 419
-28.9862 154.288 418
-29.6277 153.919 417
-30.1203 152.812 414
-30.8261 152.812 414
-31.4557 152.443 413
-32.1598 152.443 413
-32.7842 152.073 412
-33.4866 152.073 412
-34.106 151.704 411
-34.7219 151.335 410
-35.3345 150.966 409
-35.9436 150.597 408
-36.6392 150.597 408
-37.2432 150.228 407
-37.937 150.228 407
-38.5359 149.859 406
-39.2281 149.859 406
-39.9202 149.859 406
-40.6123 149.859 406
-41.3045 149.859 406
-41.9966 149.859 406
-42.5836 149.49 405
-43.274 149.49 405
-43.8559 149.121 404
-44.5446 149.121 404
-45.1213 148.751 403
-45.6947 148.382 402
-46.38 148.382 402
-47.0653 148.382 402
-47.7506 148.382 402
-48.4359 148.382 402
-73.8541 145.799 395
-74.5275 145.799 395
-75.2009 145.799 395
-75.8743 145.799 395
-76.5476 145.799 395
-77.221 145.799 395
-78.486 146.906 398
-79.1645 146.906 398
-80.0436 147.275 399
-80.7238 147.275 399
-81.404 147.275 399
-82.2899 147.644 400
-82.9718 147.644 400
-83.6537 147.644 400
-84.3356 147.644 400
-85.23 148.013 401
-85.9136 148.013 401
-86.5972 148.013 401
-87.2808 148.013 401
-88.1838 148.382 402
-88.8691 148.382 402
-89.5544 148.382 402
-90.2397 148.382 402
-90.925 148.382 402
-91.6104 148.382 402
-92.2957 148.382 402
-92.981 148.382 402
-93.6663 148.382 402
-101.437 157.241 426
-102.163 157.241 426
-102.889 157.241 426
-103.616 157.241 426
-104.342 157.241 426
-105.068 157.241 426
-106.043 157.61 427
-106.771 157.61 427
-107.498 157.61 427
-108.733 158.348 429
-109.465 158.348 429
-110.196 158.348 429
-111.444 159.087 431
-112.44 159.456 432
-113.176 159.456 432
-113.912 159.456 432
-115.18 160.194 434
-115.92 160.194 434
-116.659 160.194 434
-117.67 160.563 435
-118.684 160.932 436
-119.701 161.301 437
-120.446 161.301 437
-121.468 161.67 438
-122.494 162.039 439
-123.242 162.039 439
-123.99 162.039 439
-125.023 162.409 440
-125.773 162.409 440
-126.523 162.409 440
-127.273 162.409 440
-128.023 162.409 440
-128.773 162.409 440
-880.177 848.216 2298
-884.094 848.216 2298
-889.171 849.323 2301
-893.093 849.323 2301
-897.016 849.323 2301
-900.939 849.323 2301
-904.861 849.323 2301
-907.599 848.216 2298
-911.517 848.216 2298
-913.044 846.001 2292
-916.951 846.001 2292
-920.859 846.001 2292
-924.766 846.001 2292
-919.759 837.881 2270
-921.188 835.666 2264
-922.187 833.082 2257
-926.035 833.082 2257
-929.882 833.082 2257
-927.524 827.545 2242
-930.1 826.438 2239
-931.414 824.223 2233
-935.221 824.223 2233
-932.72 818.687 2218
-928.056 811.305 2198
-930.532 810.197 2195
-934.274 810.197 2195
-935.451 807.983 2189
-931.889 801.708 2172
-934.3 800.6 2169
-937.997 800.6 2169
-940.827 799.862 2167
-943.213 798.755 2164
-945.59 797.648 2161
-949.274 797.648 2161
-949.43 794.695 2153
-951.772 793.587 2150
-955.437 793.587 2150
-959.102 793.587 2150
-962.768 793.587 2150
-966.433 793.587 2150
-967.391 791.373 2144
-971.046 791.373 2144
-973.792 790.634 2142
-976.074 789.527 2139
-979.721 789.527 2139
-983.367 789.527 2139
-985.629 788.42 2136
-989.271 788.42 2136
-994.306 789.527 2139
-999.353 790.634 2142
-1003 790.634 2142
-1006.66 790.634 2142
-1008.89 789.527 2139
-1012.54 789.527 2139
-1016.19 789.527 2139
-1018.4 788.42 2136
-1022.04 788.42 2136
-1025.68 788.42 2136
-1029.33 788.42 2136
-1029.1 785.467 2128
-1031.27 784.36 2125
-1034.89 784.36 2125
-1036.07 782.514 2120
-1039.69 782.514 2120
-1043.3 782.514 2120
-1046.91 782.514 2120
-1047.55 780.299 2114
-1050.16 779.561 2112
-1052.27 778.454 2109
-1055.86 778.454 2109
-1055.44 775.501 2101
-1053.98 771.81 2091
-1053.5 768.857 2083
-1057.05 768.857 2083
-1055 764.797 2072
-1057.51 764.058 2070
-1058.48 762.213 2065
-1062 762.213 2065
1452.16 1502.32 4089
1445.19 1502.32 4089
1438.21 1502.32 4089
1417.24 1487.62 4049
1396.76 1473.29 4010
1383.33 1466.31 3991
1376.53 1466.31 3991
1369.73 1466.31 3991
1359.85 1463 3982
1343.21 1452.35 3953
1336.47 1452.35 3953
1314.26 1435.45 3907
1292.54 1418.92 3862
1279.96 1412.3 3844
1267.44 1405.69 3826
1260.92 1405.69 3826
1251.77 1402.75 3818
1242.33 1399.44 3809
1232.92 1396.14 3800
1226.44 1396.14 3800
1217.39 1393.2 3792
1202.63 1383.64 3766
1187.95 1374.09 3740
1181.57 1374.09 3740
1162.31 1359.03 3699
1153.51 1356.09 3691
1144.73 1353.15 3683
1138.45 1353.15 3683
1129.71 1350.21 3675
1125.89 1353.15 3683
1124.48 1359.03 3699
1120.59 1361.97 3707
1114.27 1361.97 3707
1107.95 1361.97 3707
1101.63 1361.97 3707
1095.31 1361.97 3707
1084.29 1356.09 3691
1078 1356.09 3691
1071.71 1356.09 3691
1067.72 1359.03 3699
1061.42 1359.03 3699
1055.11 1359.03 3699
1053.63 1365.27 3716
1051.8 1371.15 3732
1045.44 1371.15 3732
1046.04 1380.34 3757
1044.34 1386.58 3774
1045.05 1396.14 3800
1038.58 1396.14 3800
1034.54 1399.44 3809
1032.64 1405.69 3826
1026.11 1405.69 3826
1019.59 1405.69 3826
1015.45 1409 3835
1008.92 1409 3835
1002.38 1409 3835
995.84 1409 3835
993.945 1415.61 3853
987.377 1415.61 3853
980.809 1415.61 3853
974.24 1415.61 3853
967.672 1415.61 3853
963.349 1418.92 3862
956.765 1418.92 3862
950.181 1418.92 3862
943.597 1418.92 3862
937.014 1418.92 3862
930.43 1418.92 3862
919.54 1412.3 3844
912.987 1412.3 3844
902.19 1405.69 3826
899.881 1412.3 3844
893.328 1412.3 3844
886.775 1412.3 3844
880.222 1412.3 3844
873.669 1412.3 3844
867.116 1412.3 3844
856.533 1405.69 3826
846.234 1399.44 3809
839.741 1399.44 3809
833.247 1399.44 3809
828.707 1402.75 3818
822.198 1402.75 3818
815.69 1402.75 3818
809.181 1402.75 3818
800.78 1399.44 3809
790.742 1393.2 3792
784.277 1393.2 3792
777.813 1393.2 3792
769.518 1389.89 3783
766.498 1396.14 3800
760.02 1396.14 3800
753.542 1396.14 3800
745.491 1393.2 3792
735.519 1386.58 3774
729.085 1386.58 3774
719.396 1380.34 3757
711.473 1377.4 3749
700.38 1368.21 3724
694.032 1368.21 3724
686.206 1365.27 3716
676.761 1359.03 3699
667.555 1353.15 3683
661.276 1353.15 3683
652.152 1347.27 3667
642.906 1341.03 3650
635.289 1338.09 3642
629.08 1338.09 3642
622.871 1338.09 3642
616.663 1338.09 3642
609.281 1335.51 3635
603.084 1335.51 3635
596.887 1335.51 3635
589.39 1332.58 3627
581.921 1329.64 3619
575.751 1329.64 3619
569.582 1329.64 3619
564.658 1332.58 3627
558.475 1332.58 3627
552.292 1332.58 3627
546.108 1332.58 3627
539.925 1332.58 3627
532.565 1329.64 3619
526.396 1329.64 3619
520.226 1329.64 3619
514.057 1329.64 3619
507.887 1329.64 3619
501.718 1329.64 3619
495.548 1329.64 3619
487.215 1323.76 3603
475.999 1309.8 3565
469.922 1309.8 3565
460.852 1301.35 3542
451.989 1293.26 3520
444.974 1290.32 3512
438.987 1290.32 3512
431.151 1284.81 3497
423.487 1279.67 3483
414.912 1271.59 3461
409.012 1271.59 3461
397.404 1253.58 3412
383.669 1228.23 3343
372.769 1211.33 3297
363.585 1199.57 3265
358.019 1199.57 3265
-3.56437 164.23 447
-4.3264 164.23 447
-5.08842 164.23 447
-5.85044 164.23 447
-6.61246 164.23 447
-7.37449 164.23 447
-8.11831 163.862 446
-8.85872 163.495 445
-9.61733 163.495 445
-10.3526 163.128 444
-11.0595 162.393 442
-11.7863 162.025 441
-12.5381 162.025 441
-13.2899 162.025 441
-14.0098 161.658 440
-14.7263 161.29 439
-15.4747 161.29 439
-16.1492 160.556 437
-16.7782 159.453 434
-17.4777 159.086 433
-18.1317 158.351 431
-18.8665 158.351 431
-19.6012 158.351 431
-20.2416 157.616 429
-20.924 157.249 428
-21.6537 157.249 428
-22.3833 157.249 428
-23.0589 156.882 427
-23.7312 156.514 426
-24.4 156.147 425
-25.1245 156.147 425
-25.7882 155.779 424
-26.3859 155.045 422
-26.9769 154.31 420
-27.6929 154.31 420
-28.3412 153.942 419
-28.9862 153.575 418
-29.6277 153.208 417
-30.1203 152.105 414
-30.8261 152.105 414
-31.4557 151.738 413
-32.1598 151.738 413
-32.7842 151.371 412
-33.4866 151.371 412
-34.106 151.003 411
-34.7219 150.636 410
-35.3345 150.268 409
-35.9436 149.901 408
-36.6392 149.901 408
-37.2432 149.534 407
-37.937 149.534 407
-38.5359 149.166 406
-39.2281 149.166 406
-39.9202 149.166 406
-40.6123 149.166 406
-41.2027 148.799 405
-41.8931 148.799 405
-42.5836 148.799 405
-43.274 148.799 405
-43.8559 148.431 404
-44.5446 148.431 404
-45.1213 148.064 403
-45.6947 147.697 402
-46.38 147.697 402
-47.0653 147.697 402
-47.7506 147.697 402
-48.4359 147.697 402
-73.8541 145.125 395
-74.5275 145.125 395
-75.2009 145.125 395
-75.8743 145.125 395
-76.7414 145.492 396
-77.4165 145.492 396
-78.486 146.227 398
-79.3634 146.594 399
-80.0436 146.594 399
-80.7238 146.594 399
-81.608 146.962 400
-82.2899 146.962 400
-82.9718 146.962 400
-83.6537 146.962 400
-84.5464 147.329 401
-85.23 147.329 401
-85.9136 147.329 401
-86.5972 147.329 401
-87.4985 147.697 402
-88.1838 147.697 402
-88.8691 147.697 402
-89.5544 147.697 402
-90.2397 147.697 402
-90.925 147.697 402
-91.6104 147.697 402
-92.2957 147.697 402
-92.981 147.697 402
-93.6663 147.697 402
-101.437 156.514 426
-102.163 156.514 426
-102.889 156.514 426
-103.616 156.514 426
-104.342 156.514 426
-105.068 156.514 426
-106.043 156.882 427
-106.771 156.882 427
-107.498 156.882 427
-108.733 157.616 429
-109.465 157.616 429
-110.196 157.616 429
-111.444 158.351 431
-112.44 158.719 432
-113.176 158.719 432
-113.912 158.719 432
-115.18 159.453 434
-115.92 159.453 434
-116.659 159.453 434
-117.67 159.821 435
-118.684 160.188 436
-119.975 160.923 438
-120.721 160.923 438
-121.468 160.923 438
-122.494 161.29 439
-123.242 161.29 439
-123.99 161.29 439
-125.023 161.658 440
-125.773 161.658 440
-126.523 161.658 440
-127.273 161.658 440
-128.023 161.658 440
-128.773 161.658 440
-881.216 849.071 2311
-885.156 849.071 2311
-889.095 849.071 2311
-890.33 846.499 2304
-894.258 846.499 2304
-898.186 846.499 2304
-900.939 845.397 2301
-904.861 845.397 2301
-907.599 844.295 2298
-911.517 844.295 2298
-913.044 842.091 2292
-915.351 840.621 2288
-919.251 840.621 2288
-923.152 840.621 2288
-919.759 834.008 2270
-919.967 830.701 2261
-922.187 829.231 2257
-923.573 827.027 2251
-926.174 825.925 2248
-927.524 823.72 2242
-928.854 821.516 2236
-931.414 820.414 2233
-935.221 820.414 2233
-932.72 814.903 2218
-928.056 807.555 2198
-930.532 806.452 2195
-934.274 806.452 2195
-935.451 804.248 2189
-931.889 798.002 2172
-934.3 796.9 2169
-937.997 796.9 2169
-940.827 796.165 2167
-943.213 795.063 2164
-945.59 793.961 2161
-949.274 793.961 2161
-949.43 791.021 2153
-953.1 791.021 2153
-955.437 789.919 2150
-959.102 789.919 2150
-962.768 789.919 2150
-966.433 789.919 2150
-967.391 787.715 2144
-971.046 787.715 2144
-973.792 786.98 2142
-976.074 785.878 2139
-979.721 785.878 2139
-983.367 785.878 2139
-985.629 784.776 2136
-989.271 784.776 2136
-994.306 785.878 2139
-999.353 786.98 2142
-1003 786.98 2142
-1006.66 786.98 2142
-1008.89 785.878 2139
-1012.54 785.878 2139
-1016.19 785.878 2139
-1018.4 784.776 2136
-1022.04 784.776 2136
-1025.68 784.776 2136
-1029.33 784.776 2136
-1029.1 781.836 2128
-1029.81 779.632 2122
-1033.43 779.632 2122
-1036.07 778.897 2120
-1039.69 778.897 2120
-1043.3 778.897 2120
-1046.91 778.897 2120
-1047.55 776.693 2114
-1050.16 775.958 2112
-1052.27 774.856 2109
-1055.86 774.856 2109
-1055.44 771.916 2101
-1053.98 768.242 2091
-1051.98 764.201 2080
-1055.53 764.201 2080
-1055 761.262 2072
-1057.51 760.527 2070
-1056.94 757.588 2062
-1060.45 757.588 2062
1466.1 1495.34 4089
1459.13 1495.34 4089
1452.16 1495.34 4089
1445.19 1495.34 4089
1438.21 1495.34 4089
1417.24 1480.71 4049
1396.76 1466.45 4010
1383.33 1459.5 3991
1376.53 1459.5 3991
1369.73 1459.5 3991
1359.85 1456.21 3982
1343.21 1445.6 3953
1336.47 1445.6 3953
1314.26 1428.78 3907
1292.54 1412.33 3862
1279.96 1405.74 3844
1267.44 1399.16 3826
1260.92 1399.16 3826
1251.77 1396.24 3818
1242.33 1392.94 3809
1232.92 1389.65 3800
1226.44 1389.65 3800
1217.39 1386.73 3792
1202.63 1377.22 3766
1187.95 1367.71 3740
1181.57 1367.71 3740
1162.31 1352.72 3699
1153.51 1349.79 3691
1144.73 1346.87 3683
1138.45 1346.87 3683
1129.71 1343.94 3675
1121 1341.02 3667
1119.61 1346.87 3683
1118.17 1352.72 3699
1111.87 1352.72 3699
1107.95 1355.64 3707
1101.63 1355.64 3707
1095.31 1355.64 3707
1081.94 1346.87 3683
1075.66 1346.87 3683
1071.71 1349.79 3691
1067.72 1352.72 3699
1061.42 1352.72 3699
1057.39 1355.64 3707
1058.16 1364.79 3732
1056.59 1371 3749
1050.2 1371 3749
1050.77 1380.14 3774
1054.02 1392.94 3809
1054.68 1402.45 3835
1048.14 1402.45 3835
1044.05 1405.74 3844
1037.5 1405.74 3844
1033.36 1409.04 3853
1026.79 1409.04 3853
1020.22 1409.04 3853
1013.65 1409.04 3853
1009.43 1412.33 3862
1002.85 1412.33 3862
998.589 1415.62 3871
991.99 1415.62 3871
985.391 1415.62 3871
976.516 1412.33 3862
974.453 1418.91 3880
967.839 1418.91 3880
961.224 1418.91 3880
954.61 1418.91 3880
947.995 1418.91 3880
939.197 1415.62 3871
932.598 1415.62 3871
925.999 1415.62 3871
912.987 1405.74 3844
906.434 1405.74 3844
899.881 1405.74 3844
893.328 1405.74 3844
886.775 1405.74 3844
880.222 1405.74 3844
873.669 1405.74 3844
867.116 1405.74 3844
856.533 1399.16 3826
846.234 1392.94 3809
839.741 1392.94 3809
833.247 1392.94 3809
828.707 1396.24 3818
822.198 1396.24 3818
815.69 1396.24 3818
809.181 1396.24 3818
800.78 1392.94 3809
790.742 1386.73 3792
784.277 1386.73 3792
777.813 1386.73 3792
769.518 1383.44 3783
766.498 1389.65 3800
760.02 1389.65 3800
753.542 1389.65 3800
745.491 1386.73 3792
735.519 1380.14 3774
729.085 1380.14 3774
722.651 1380.14 3774
711.473 1371 3749
700.38 1361.86 3724
694.032 1361.86 3724
686.206 1358.93 3716
676.761 1352.72 3699
667.555 1346.87 3683
661.276 1346.87 3683
652.152 1341.02 3667
642.906 1334.8 3650
635.289 1331.87 3642
629.08 1331.87 3642
622.871 1331.87 3642
616.663 1331.87 3642
609.281 1329.31 3635
603.084 1329.31 3635
596.887 1329.31 3635
590.69 1329.31 3635
583.207 1326.39 3627
577.024 1326.39 3627
570.841 1326.39 3627
564.658 1326.39 3627
559.707 1329.31 3635
553.51 1329.31 3635
547.313 1329.31 3635
541.116 1329.31 3635
534.92 1329.31 3635
528.723 1329.31 3635
522.526 1329.31 3635
516.329 1329.31 3635
510.133 1329.31 3635
503.936 1329.31 3635
497.739 1329.31 3635
490.46 1326.39 3627
479.07 1312.13 3588
472.953 1312.13 3588
463.844 1303.71 3565
454.813 1295.3 3542
447.762 1292.38 3534
441.737 1292.38 3534
433 1284.33 3512
427.013 1284.33 3512
418.388 1276.29 3490
412.439 1276.29 3490
403.112 1265.68 3461
393.998 1255.44 3433
377.97 1222.53 3343
368.596 1210.46 3310
362.953 1210.46 3310
-2.80235 163.467 447
-3.56437 163.467 447
-4.33608 163.833 448
-5.0998 163.833 448
-5.86353 163.833 448
-6.61246 163.467 447
-7.37449 163.467 447
-8.11831 163.101 446
-8.87862 163.101 446
-9.63894 163.101 446
-10.3759 162.736 445
-11.0845 162.004 443
-11.813 161.639 442
-12.5665 161.639 442
-13.2899 161.273 441
-14.0416 161.273 441
-14.7599 160.907 440
-15.51 160.907 440
-16.1862 160.176 438
-16.7782 158.713 434
-17.4777 158.347 433
-18.1317 157.616 431
-18.8665 157.616 431
-19.6012 157.616 431
-20.2888 157.25 430
-20.924 156.519 428
-21.6537 156.519 428
-22.3833 156.519 428
-23.0589 156.153 427
-23.7312 155.787 426
-24.4 155.422 425
-25.1245 155.422 425
-25.7882 155.056 424
-26.3859 154.325 422
-26.9769 153.593 420
-27.6929 153.593 420
-28.3412 153.228 419
-28.9862 152.862 418
-29.6277 152.496 417
-30.1203 151.399 414
-30.8261 151.399 414
-31.4557 151.033 413
-32.1598 151.033 413
-32.7842 150.668 412
-33.4866 150.668 412
-34.106 150.302 411
-34.7219 149.936 410
-35.2481 149.205 408
-35.9436 149.205 408
-36.6392 149.205 408
-37.2432 148.839 407
-37.937 148.839 407
-38.5359 148.473 406
-39.2281 148.473 406
-39.9202 148.473 406
-40.6123 148.473 406
-41.2027 148.108 405
-41.8931 148.108 405
-42.5836 148.108 405
-43.274 148.108 405
-43.7473 147.376 403
-44.4343 147.376 403
-45.1213 147.376 403
-45.6947 147.011 402
-46.38 147.011 402
-46.9482 146.645 401
-47.6318 146.645 401
-48.3154 146.645 401
-73.366 144.816 396
-74.0411 144.816 396
-74.7162 144.816 396
-75.3913 144.816 396
-76.0664 144.816 396
-76.9352 145.182 397
-77.612 145.182 397
-78.6832 145.914 399
-79.3634 145.914 399
-80.0436 145.914 399
-80.7238 145.914 399
-81.608 146.279 400
-82.2899 146.279 400
-82.9718 146.279 400
-83.6537 146.279 400
-84.5464 146.645 401
-85.23 146.645 401
-85.9136 146.645 401
-86.8132 147.011 402
-87.4985 147.011 402
-88.4032 147.376 403
-89.0902 147.376 403
-89.7772 147.376 403
-90.4642 147.376 403
-91.1512 147.376 403
-91.8382 147.376 403
-92.5253 147.376 403
-93.2123 147.376 403
-93.8993 147.376 403
-101.437 155.787 426
-102.163 155.787 426
-102.889 155.787 426
-103.616 155.787 426
-104.342 155.787 426
-105.315 156.153 427
-106.043 156.153 427
-106.771 156.153 427
-107.498 156.153 427
-108.733 156.885 429
-109.72 157.25 430
-110.453 157.25 430
-111.444 157.616 431
-112.44 157.982 432
-113.176 157.982 432
-113.912 157.982 432
-115.18 158.713 434
-115.92 158.713 434
-116.659 158.713 434
-117.67 159.079 435
-118.684 159.444 436
-119.975 160.176 438
-120.721 160.176 438
-121.468 160.176 438
-122.494 160.542 439
-123.242 160.542 439
-123.99 160.542 439
-125.023 160.907 440
-125.773 160.907 440
-126.523 160.907 440
-127.273 160.907 440
-128.023 160.907 440
-128.773 160.907 440
-882.36 846.226 2314
-886.305 846.226 2314
-890.25 846.226 2314
-890.33 842.569 2304
-894.258 842.569 2304
-898.186 842.569 2304
-900.939 841.471 2301
-904.861 841.471 2301
-907.599 840.374 2298
-911.517 840.374 2298
-911.451 836.717 2288
-914.151 835.62 2285
-918.046 835.62 2285
-921.941 835.62 2285
-917.328 827.941 2264
-918.339 825.381 2257
-919.735 823.187 2251
-923.573 823.187 2251
-924.938 820.992 2245
-926.283 818.798 2239
-927.608 816.604 2233
-930.163 815.507 2230
-933.965 815.507 2230
-930.617 809.29 2213
-926.79 802.707 2195
-929.26 801.61 2192
-932.997 801.61 2192
-935.451 800.513 2189
-931.889 794.296 2172
-934.3 793.199 2169
-937.997 793.199 2169
-940.827 792.468 2167
-943.213 791.371 2164
-945.59 790.274 2161
-949.274 790.274 2161
-949.43 787.348 2153
-953.1 787.348 2153
-955.437 786.251 2150
-959.102 786.251 2150
-962.768 786.251 2150
-966.433 786.251 2150
-967.391 784.057 2144
-971.046 784.057 2144
-973.792 783.326 2142
-976.074 782.228 2139
-978.347 781.131 2136
-981.988 781.131 2136
-985.629 781.131 2136
-989.271 781.131 2136
-992.912 781.131 2136
-997.953 782.228 2139
-1001.6 782.228 2139
-1005.25 782.228 2139
-1007.48 781.131 2136
-1011.12 781.131 2136
-1014.76 781.131 2136
-1018.4 781.131 2136
-1022.04 781.131 2136
-1025.68 781.131 2136
-1027.88 780.034 2133
-1029.1 778.206 2128
-1029.81 776.012 2122
-1033.43 776.012 2122
-1036.07 775.28 2120
-1039.69 775.28 2120
-1043.3 775.28 2120
-1046.91 775.28 2120
-1047.55 773.086 2114
-1050.16 772.355 2112
-1052.27 771.257 2109
-1055.86 771.257 2109
-1055.44 768.332 2101
-1053.98 764.675 2091
-1051.98 760.652 2080
-1055.53 760.652 2080
-1055 757.727 2072
-1057.51 756.995 2070
-1056.94 754.07 2062
-1060.45 754.07 2062
1466.1 1488.36 4089
1459.13 1488.36 4089
1452.16 1488.36 4089
1441.65 1484.72 4079
1434.7 1484.72 4079
1407.09 1463.25 4020
1393.62 1456.33 4001
1383.33 1452.69 3991
1376.53 1452.69 3991
1369.73 1452.69 3991
1353.36 1442.5 3963
1330.64 1425.39 3916
1323.96 1425.39 3916
1302.15 1409.01 3871
1286.51 1399.19 3844
1271.3 1389.72 3818
1261.81 1386.45 3809
1255.32 1386.45 3809
1248.82 1386.45 3809
1239.4 1383.17 3800
1230.32 1380.26 3792
1223.86 1380.26 3792
1211.61 1373.71 3774
1199.75 1367.52 3757
1190.81 1364.61 3749
1184.41 1364.61 3749
1170.17 1355.51 3724
1153.51 1343.49 3691
1147.21 1343.49 3691
1140.92 1343.49 3691
1134.63 1343.49 3691
1125.89 1340.58 3683
1126.91 1349.32 3707
1120.59 1349.32 3707
1114.27 1349.32 3707
1107.95 1349.32 3707
1101.63 1349.32 3707
1095.31 1349.32 3707
1086.64 1346.41 3699
1080.34 1346.41 3699
1074.03 1346.41 3699
1072.63 1352.59 3716
1066.3 1352.59 3716
1064.53 1358.42 3732
1065.25 1367.52 3757
1066.17 1376.98 3783
1059.73 1376.98 3783
1063.02 1389.72 3818
1068.69 1405.74 3862
1062.1 1405.74 3862
1055.52 1405.74 3862
1051.38 1409.01 3871
1044.78 1409.01 3871
1038.18 1409.01 3871
1031.58 1409.01 3871
1024.99 1409.01 3871
1018.39 1409.01 3871
1011.79 1409.01 3871
1005.19 1409.01 3871
1000.91 1412.29 3880
994.296 1412.29 3880
987.682 1412.29 3880
981.067 1412.29 3880
974.453 1412.29 3880
967.839 1412.29 3880
961.224 1412.29 3880
954.61 1412.29 3880
947.995 1412.29 3880
941.381 1412.29 3880
934.766 1412.29 3880
928.152 1412.29 3880
915.125 1402.46 3853
906.434 1399.19 3844
899.881 1399.19 3844
893.328 1399.19 3844
886.775 1399.19 3844
880.222 1399.19 3844
873.669 1399.19 3844
867.116 1399.19 3844
858.548 1395.91 3835
850.011 1392.63 3826
843.488 1392.63 3826
835.216 1389.72 3818
830.444 1392.63 3826
823.921 1392.63 3826
817.399 1392.63 3826
810.877 1392.63 3826
802.672 1389.72 3818
794.287 1386.45 3809
787.793 1386.45 3809
779.454 1383.17 3800
772.976 1383.17 3800
768.313 1386.45 3809
761.82 1386.45 3809
755.327 1386.45 3809
748.833 1386.45 3809
737.273 1376.98 3783
730.824 1376.98 3783
722.651 1373.71 3774
711.473 1364.61 3749
700.38 1355.51 3724
694.032 1355.51 3724
686.206 1352.59 3716
676.761 1346.41 3699
667.555 1340.58 3683
661.276 1340.58 3683
652.152 1334.76 3667
642.906 1328.57 3650
635.289 1325.66 3642
629.08 1325.66 3642
622.871 1325.66 3642
616.663 1325.66 3642
609.281 1323.11 3635
603.084 1323.11 3635
596.887 1323.11 3635
590.69 1323.11 3635
583.207 1320.2 3627
577.024 1320.2 3627
570.841 1320.2 3627
564.658 1320.2 3627
559.707 1323.11 3635
555.794 1328.57 3650
549.572 1328.57 3650
543.349 1328.57 3650
535.95 1325.66 3642
529.741 1325.66 3642
523.532 1325.66 3642
518.46 1328.57 3650
512.238 1328.57 3650
506.015 1328.57 3650
499.793 1328.57 3650
492.489 1325.66 3642
481.073 1311.46 3603
474.931 1311.46 3603
465.796 1303.09 3580
457.767 1297.63 3565
448.775 1289.26 3542
442.737 1289.26 3542
435.712 1286.35 3534
427.986 1281.25 3520
421.985 1281.25 3520
415.984 1281.25 3520
404.859 1265.24 3476
395.605 1254.68 3447
386.563 1244.49 3419
380.734 1244.49 3419
372.603 1236.85 3398
-2.80235 162.704 447
-3.56437 162.704 447
-4.33608 163.068 448
-5.0998 163.068 448
-5.86353 163.068 448
-6.61246 162.704 447
-7.37449 162.704 447
-8.11831 162.34 446
-8.87862 162.34 446
-9.63894 162.34 446
-10.3759 161.976 445
-11.1095 161.612 444
-11.8397 161.248 443
-12.5949 161.248 443
-13.32 160.884 442
-14.0416 160.521 441
-14.7934 160.521 441
-15.5452 160.521 441
-16.2231 159.793 439
-16.8942 159.065 437
-17.4777 157.609 433
-18.1317 156.881 431
-18.8665 156.881 431
-19.6012 156.881 431
-20.2888 156.517 430
-20.924 155.789 428
-21.6537 155.789 428
-22.3833 155.789 428
-23.0589 155.425 427
-23.7312 155.061 426
-24.4 154.697 425
-25.1245 154.697 425
-25.7882 154.333 424
-26.3859 153.605 422
-26.9769 152.877 420
-27.6929 152.877 420
-28.3412 152.513 419
-28.9862 152.149 418
-29.6277 151.785 417
-30.1203 150.693 414
-30.8261 150.693 414
-31.4557 150.329 413
-32.1598 150.329 413
-32.7842 149.965 412
-33.4866 149.965 412
-34.106 149.601 411
-34.7219 149.237 410
-35.2481 148.509 408
-35.9436 148.509 408
-36.6392 148.509 408
-37.2432 148.145 407
-37.937 148.145 407
-38.5359 147.781 406
-39.2281 147.781 406
-39.9202 147.781 406
-40.6123 147.781 406
-41.2027 147.417 405
-41.8931 147.417 405
-42.5836 147.417 405
-43.1671 147.053 404
-43.7473 146.689 403
-44.4343 146.689 403
-45.0094 146.325 402
-45.6947 146.325 402
-46.2646 145.961 401
-46.9482 145.961 401
-47.6318 145.961 401
-48.1949 145.597 400
-73.366 144.141 396
-74.2281 144.505 397
-74.9049 144.505 397
-75.5817 144.505 397
-76.4505 144.869 398
-77.129 144.869 398
-77.8075 144.869 398
-78.6832 145.233 399
-79.5623 145.597 400
-80.2442 145.597 400
-80.9261 145.597 400
-81.608 145.597 400
-82.2899 145.597 400
-82.9718 145.597 400
-83.8628 145.961 401
-84.5464 145.961 401
-85.4426 146.325 402
-86.1279 146.325 402
-86.8132 146.325 402
-87.7162 146.689 403
-88.4032 146.689 403
-89.0902 146.689 403
-89.7772 146.689 403
-90.4642 146.689 403
-91.1512 146.689 403
-91.8382 146.689 403
-92.5253 146.689 403
-93.2123 146.689 403
-93.8993 146.689 403
-101.437 155.061 426
-102.163 155.061 426
-102.889 155.061 426
-103.616 155.061 426
-104.587 155.425 427
-105.315 155.425 427
-106.043 155.425 427
-106.771 155.425 427
-107.75 155.789 428
-108.733 156.153 429
-109.72 156.517 430
-110.453 156.517 430
-111.444 156.881 431
-112.44 157.245 432
-113.176 157.245 432
-114.176 157.609 433
-115.18 157.973 434
-116.187 158.337 435
-116.928 158.337 435
-117.67 158.337 435
-118.684 158.701 436
-119.975 159.429 438
-120.721 159.429 438
-121.468 159.429 438
-122.494 159.793 439
-123.242 159.793 439
-124.273 160.157 440
-125.023 160.157 440
-125.773 160.157 440
-126.523 160.157 440
-127.273 160.157 440
-128.023 160.157 440
-128.773 160.157 440
-882.36 842.278 2314
-886.305 842.278 2314
-890.25 842.278 2314
-890.33 838.638 2304
-894.258 838.638 2304
-898.186 838.638 2304
-900.939 837.546 2301
-904.861 837.546 2301
-907.599 836.454 2298
-911.517 836.454 2298
-913.044 834.27 2292
-914.151 831.722 2285
-916.841 830.63 2282
-920.731 830.63 2282
-917.328 824.078 2264
-918.339 821.53 2257
-919.735 819.346 2251
-923.573 819.346 2251
-924.938 817.162 2245
-923.801 812.794 2233
-926.361 811.702 2230
-930.163 811.702 2230
-931.452 809.518 2224
-928.094 803.33 2207
-926.79 798.963 2195
-929.26 797.871 2192
-932.997 797.871 2192
-934.169 795.687 2186
-931.889 790.591 2172
-934.3 789.499 2169
-937.997 789.499 2169
-940.827 788.771 2167
-943.213 787.679 2164
-945.59 786.587 2161
-949.274 786.587 2161
-949.43 783.675 2153
-953.1 783.675 2153
-955.437 782.583 2150
-959.102 782.583 2150
-962.768 782.583 2150
-965.084 781.491 2147
-967.391 780.399 2144
-971.046 780.399 2144
-973.792 779.671 2142
-974.705 777.487 2136
-978.347 777.487 2136
-981.988 777.487 2136
-984.245 776.395 2133
-986.955 775.667 2131
-992.912 777.487 2136
-996.553 777.487 2136
-1000.19 777.487 2136
-1003.84 777.487 2136
-1007.48 777.487 2136
-1011.12 777.487 2136
-1014.76 777.487 2136
-1016.97 776.395 2133
-1020.61 776.395 2133
-1024.24 776.395 2133
-1025.47 774.575 2128
-1027.65 773.483 2125
-1029.81 772.391 2122
-1033.43 772.391 2122
-1036.07 771.663 2120
-1039.69 771.663 2120
-1040.35 769.479 2114
-1043.95 769.479 2114
-1047.55 769.479 2114
-1048.67 767.659 2109
-1049.77 765.839 2104
-1053.36 765.839 2104
-1053.93 763.655 2098
-1052.47 760.015 2088
-1051.98 757.104 2080
-1055.53 757.104 2080
-1053.98 753.464 2070
-1053.42 750.552 2062
-1055.91 749.824 2060
-1059.43 749.824 2060
1466.1 1481.39 4089
1459.13 1481.39 4089
1452.16 1481.39 4089
1431.05 1466.9 4049
1424.15 1466.9 4049
1407.09 1456.39 4020
1390.14 1445.88 3991
1380.22 1442.62 3982
1373.43 1442.62 3982
1360.12 1435.74 3963
1340.38 1421.97 3925
1321.46 1408.93 3889
1314.83 1408.93 3889
1293.06 1392.63 3844
1277.81 1383.21 3818
1265.31 1376.69 3800
1258.83 1376.69 3800
1252.35 1376.69 3800
1245.87 1376.69 3800
1239.4 1376.69 3800
1232.92 1376.69 3800
1220.95 1370.53 3783
1211.61 1367.27 3774
1199.75 1361.11 3757
1190.81 1358.21 3749
1184.41 1358.21 3749
1170.17 1349.15 3724
1153.51 1337.2 3691
1147.21 1337.2 3691
1140.92 1337.2 3691
1134.63 1337.2 3691
1125.89 1334.3 3683
1126.91 1342.99 3707
1120.59 1342.99 3707
1114.27 1342.99 3707
1107.95 1342.99 3707
1101.63 1342.99 3707
1095.31 1342.99 3707
1086.64 1340.1 3699
1080.34 1340.1 3699
1074.03 1340.1 3699
1072.63 1346.25 3716
1066.3 1346.25 3716
1064.53 1352.05 3732
1065.25 1361.11 3757
1066.17 1370.53 3783
1059.73 1370.53 3783
1075.27 1399.15 3862
1076.16 1408.93 3889
1069.53 1408.93 3889
1062.9 1408.93 3889
1058.71 1412.19 3898
1052.07 1412.19 3898
1045.42 1412.19 3898
1038.78 1412.19 3898
1032.13 1412.19 3898
1025.49 1412.19 3898
1014.14 1405.67 3880
1007.53 1405.67 3880
1000.91 1405.67 3880
994.296 1405.67 3880
987.682 1405.67 3880
981.067 1405.67 3880
976.713 1408.93 3889
970.083 1408.93 3889
963.454 1408.93 3889
959.038 1412.19 3898
952.393 1412.19 3898
945.748 1412.19 3898
934.766 1405.67 3880
928.152 1405.67 3880
915.125 1395.89 3853
906.434 1392.63 3844
899.881 1392.63 3844
893.328 1392.63 3844
886.775 1392.63 3844
880.222 1392.63 3844
873.669 1392.63 3844
867.116 1392.63 3844
860.563 1392.63 3844
852.01 1389.37 3835
845.473 1389.37 3835
836.966 1386.11 3826
830.444 1386.11 3826
823.921 1386.11 3826
817.399 1386.11 3826
810.877 1386.11 3826
804.354 1386.11 3826
794.287 1379.95 3809
787.793 1379.95 3809
779.454 1376.69 3800
772.976 1376.69 3800
770.129 1383.21 3818
763.62 1383.21 3818
757.111 1383.21 3818
750.603 1383.21 3818
740.586 1376.69 3800
734.108 1376.69 3800
722.651 1367.27 3774
711.473 1358.21 3749
703.389 1354.95 3740
697.013 1354.95 3740
687.683 1349.15 3724
678.224 1342.99 3707
669.005 1337.2 3691
662.713 1337.2 3691
653.575 1331.4 3675
645.901 1328.5 3667
636.684 1322.34 3650
630.462 1322.34 3650
624.24 1322.34 3650
618.017 1322.34 3650
611.795 1322.34 3650
605.573 1322.34 3650
596.887 1316.91 3635
590.69 1316.91 3635
584.494 1316.91 3635
578.297 1316.91 3635
572.1 1316.91 3635
566.993 1319.45 3642
560.784 1319.45 3642
555.794 1322.34 3650
549.572 1322.34 3650
543.349 1322.34 3650
535.95 1319.45 3642
529.741 1319.45 3642
523.532 1319.45 3642
518.46 1322.34 3650
512.238 1322.34 3650
506.015 1322.34 3650
499.793 1322.34 3650
492.489 1319.45 3642
481.073 1305.32 3603
474.931 1305.32 3603
465.796 1296.98 3580
457.767 1291.55 3565
448.775 1283.22 3542
442.737 1283.22 3542
435.712 1280.32 3534
427.986 1275.25 3520
421.985 1275.25 3520
415.984 1275.25 3520
404.859 1259.31 3476
395.605 1248.8 3447
386.563 1238.66 3419
380.734 1238.66 3419
372.603 1231.05 3398
-2.80235 161.942 447
-3.56437 161.942 447
-4.33608 162.304 448
-5.0998 162.304 448
-5.86353 162.304 448
-6.61246 161.942 447
-7.37449 161.942 447
-8.13651 161.942 447
-8.89853 161.942 447
-9.63894 161.58 446
-10.3759 161.217 445
-11.1095 160.855 444
-11.8397 160.493 443
-12.5949 160.493 443
-13.32 160.13 442
-14.0416 159.768 441
-14.7934 159.768 441
-15.5452 159.768 441
-16.2231 159.044 439
-16.8942 158.319 437
-17.4777 156.87 433
-18.1317 156.145 431
-18.8665 156.145 431
-19.6012 156.145 431
-20.2888 155.783 430
-20.924 155.058 428
-21.6537 155.058 428
-22.3833 155.058 428
-23.0589 154.696 427
-23.7312 154.334 426
-24.4 153.972 425
-25.1245 153.972 425
-25.7882 153.609 424
-26.3859 152.885 422
-26.9769 152.16 420
-27.6929 152.16 420
-28.3412 151.798 419
-28.9862 151.436 418
-29.6277 151.073 417
-30.1203 149.986 414
-30.8261 149.986 414
-31.4557 149.624 413
-32.1598 149.624 413
-32.7842 149.262 412
-33.4866 149.262 412
-34.106 148.9 411
-34.7219 148.537 410
-35.2481 147.813 408
-35.9436 147.813 408
-36.6392 147.813 408
-37.2432 147.45 407
-37.937 147.45 407
-38.5359 147.088 406
-39.2281 147.088 406
-39.9202 147.088 406
-40.6123 147.088 406
-41.2027 146.726 405
-41.8931 146.726 405
-42.5836 146.726 405
-43.1671 146.364 404
-43.7473 146.001 403
-44.4343 146.001 403
-45.0094 145.639 402
-45.581 145.277 401
-46.2646 145.277 401
-46.8311 144.914 400
-47.513 144.914 400
-48.1949 144.914 400
-48.5103 143.828 397
-72.8745 143.828 397
-73.5513 143.828 397
-74.2281 143.828 397
-74.9049 143.828 397
-75.5817 143.828 397
-76.4505 144.19 398
-77.129 144.19 398
-77.8075 144.19 398
-78.6832 144.552 399
-79.5623 144.914 400
-80.2442 144.914 400
-80.9261 144.914 400
-81.608 144.914 400
-82.2899 144.914 400
-82.9718 144.914 400
-83.8628 145.277 401
-84.5464 145.277 401
-85.4426 145.639 402
-86.1279 145.639 402
-86.8132 145.639 402
-87.7162 146.001 403
-88.4032 146.001 403
-89.0902 146.001 403
-89.7772 146.001 403
-90.4642 146.001 403
-91.1512 146.001 403
-91.8382 146.001 403
-92.5253 146.001 403
-93.2123 146.001 403
-93.8993 146.001 403
-101.675 154.696 427
-102.403 154.696 427
-103.131 154.696 427
-103.859 154.696 427
-104.587 154.696 427
-105.315 154.696 427
-106.043 154.696 427
-106.771 154.696 427
-107.75 155.058 428
-108.987 155.783 430
-109.72 155.783 430
-110.453 155.783 430
-111.703 156.508 432
-112.7 156.87 433
-113.438 156.87 433
-114.176 156.87 433
-115.18 157.232 434
-116.187 157.594 435
-116.928 157.594 435
-117.94 157.957 436
-118.956 158.319 437
-119.701 158.319 437
-120.446 158.319 437
-121.468 158.681 438
-122.494 159.044 439
-123.242 159.044 439
-124.273 159.406 440
-125.023 159.406 440
-125.773 159.406 440
-126.523 159.406 440
-127.273 159.406 440
-128.023 159.406 440
-128.773 159.406 440
-882.36 838.33 2314
-886.305 838.33 2314
-890.25 838.33 2314
-890.33 834.707 2304
-894.258 834.707 2304
-898.186 834.707 2304
-900.939 833.62 2301
-904.861 833.62 2301
-907.599 832.533 2298
-911.517 832.533 2298
-913.044 830.359 2292
-914.151 827.823 2285
-918.046 827.823 2285
-921.941 827.823 2285
-917.328 820.215 2264
-919.967 819.129 2261
-923.821 819.129 2261
-927.676 819.129 2261
-926.174 814.419 2248
-925.042 810.071 2236
-926.361 807.898 2230
-930.163 807.898 2230
-931.452 805.724 2224
-928.094 799.565 2207
-926.79 795.218 2195
-930.532 795.218 2195
-932.997 794.131 2192
-934.169 791.957 2186
-931.889 786.885 2172
-934.3 785.798 2169
-937.997 785.798 2169
-940.827 785.074 2167
-943.213 783.987 2164
-945.59 782.9 2161
-949.274 782.9 2161
-949.43 780.002 2153
-951.772 778.915 2150
-955.437 778.915 2150
-959.102 778.915 2150
-960.081 776.741 2144
-963.736 776.741 2144
-966.488 776.017 2142
-970.14 776.017 2142
-971.064 773.843 2136
-974.705 773.843 2136
-976.972 772.756 2133
-980.609 772.756 2133
-983.322 772.031 2131
-986.955 772.031 2131
-990.588 772.031 2131
-994.221 772.031 2131
-997.853 772.031 2131
-1001.49 772.031 2131
-1005.12 772.031 2131
-1008.75 772.031 2131
-1012.38 772.031 2131
-1014.59 770.945 2128
-1018.21 770.945 2128
-1021.84 770.945 2128
-1024.02 769.858 2125
-1026.2 768.771 2122
-1027.39 766.959 2117
-1031 766.959 2117
-1033.14 765.873 2114
-1035.76 765.148 2112
-1037.89 764.061 2109
-1041.48 764.061 2109
-1043.59 762.974 2106
-1046.19 762.25 2104
-1048.28 761.163 2101
-1051.86 761.163 2101
-1050.42 757.54 2091
-1048.44 753.555 2080
-1046.92 749.932 2070
-1050.45 749.932 2070
-1051.44 748.121 2065
-1052.4 746.309 2060
-1051.81 743.411 2052
-1055.31 743.411 2052
1462.51 1470.81 4079
1455.56 1470.81 4079
1448.6 1470.81 4079
1424.33 1453.14 4030
1417.46 1453.14 4030
1407.09 1449.53 4020
1387 1435.83 3982
1376.75 1432.22 3972
1369.98 1432.22 3972
1363.21 1432.22 3972
1346.87 1422.13 3944
1324.52 1405.54 3898
1317.87 1405.54 3898
1302.15 1395.8 3871
1280.49 1379.58 3826
1271.3 1376.69 3818
1270.42 1382.82 3835
1263.89 1382.82 3835
1257.35 1382.82 3835
1245.27 1376.69 3818
1238.76 1376.69 3818
1226.44 1370.2 3800
1219.96 1370.2 3800
1205.18 1360.83 3774
1198.75 1360.83 3774
1192.31 1360.83 3774
1178.02 1351.81 3749
1171.63 1351.81 3749
1165.24 1351.81 3749
1158.85 1351.81 3749
1152.46 1351.81 3749
1143.32 1348.57 3740
1144.84 1357.94 3766
1143.56 1364.07 3783
1137.11 1364.07 3783
1130.67 1364.07 3783
1124.22 1364.07 3783
1117.77 1364.07 3783
1111.32 1364.07 3783
1104.87 1364.07 3783
1095.81 1360.83 3774
1089.37 1360.83 3774
1082.94 1360.83 3774
1079.07 1364.07 3783
1082.55 1376.69 3818
1076.04 1376.69 3818
1079.33 1389.31 3853
1075.27 1392.56 3862
1076.16 1402.3 3889
1069.53 1402.3 3889
1062.9 1402.3 3889
1058.71 1405.54 3898
1052.07 1405.54 3898
1045.42 1405.54 3898
1038.78 1405.54 3898
1032.13 1405.54 3898
1025.49 1405.54 3898
1014.14 1399.05 3880
1007.53 1399.05 3880
1000.91 1399.05 3880
994.296 1399.05 3880
987.682 1399.05 3880
981.067 1399.05 3880
976.713 1402.3 3889
970.083 1402.3 3889
963.454 1402.3 3889
959.038 1405.54 3898
952.393 1405.54 3898
945.748 1405.54 3898
934.766 1399.05 3880
928.152 1399.05 3880
915.125 1389.31 3853
908.556 1389.31 3853
901.988 1389.31 3853
901.694 1399.05 3880
895.08 1399.05 3880
888.465 1399.05 3880
881.851 1399.05 3880
875.237 1399.05 3880
868.622 1399.05 3880
862.008 1399.05 3880
855.393 1399.05 3880
842.872 1389.31 3853
836.304 1389.31 3853
831.674 1392.56 3862
825.09 1392.56 3862
818.506 1392.56 3862
811.923 1392.56 3862
801.585 1386.07 3844
795.032 1386.07 3844
786.633 1382.82 3835
778.265 1379.58 3826
777.189 1389.31 3853
770.62 1389.31 3853
764.052 1389.31 3853
752.175 1379.58 3826
744.094 1376.69 3818
737.585 1376.69 3818
726.098 1367.32 3792
716.217 1360.83 3774
705.082 1351.81 3749
698.691 1351.81 3749
689.16 1345.68 3732
679.871 1339.91 3716
670.455 1333.78 3699
664.149 1333.78 3699
656.42 1330.9 3691
647.31 1325.13 3675
641.045 1325.13 3675
634.78 1325.13 3675
628.515 1325.13 3675
622.25 1325.13 3675
613.136 1319 3658
606.9 1319 3658
600.664 1319 3658
593.128 1316.12 3650
585.619 1313.23 3642
579.41 1313.23 3642
573.202 1313.23 3642
568.239 1316.12 3650
562.016 1316.12 3650
557.012 1319 3658
550.776 1319 3658
544.54 1319 3658
538.304 1319 3658
532.068 1319 3658
525.832 1319 3658
519.596 1319 3658
513.36 1319 3658
507.124 1319 3658
499.793 1316.12 3650
493.571 1316.12 3650
482.141 1302.05 3611
475.985 1302.05 3611
466.837 1293.76 3588
457.767 1285.47 3565
450.676 1282.58 3557
444.612 1282.58 3557
436.699 1277.17 3542
429.688 1274.29 3534
423.663 1274.29 3534
417.639 1274.29 3534
409.984 1269.24 3520
397.212 1247.97 3461
388.937 1240.39 3440
383.073 1240.39 3440
376.441 1237.87 3433
-2.80235 161.179 447
-3.56437 161.179 447
-4.33608 161.54 448
-5.0998 161.54 448
-5.86353 161.54 448
-6.61246 161.179 447
-7.37449 161.179 447
-8.13651 161.179 447
-8.89853 161.179 447
-9.63894 160.819 446
-10.3759 160.458 445
-11.1095 160.097 444
-11.8397 159.737 443
-12.5949 159.737 443
-13.32 159.376 442
-14.0416 159.016 441
-14.7934 159.016 441
-15.5452 159.016 441
-16.2231 158.295 439
-16.8942 157.573 437
-17.4777 156.131 433
-18.1317 155.41 431
-18.8665 155.41 431
-19.6012 155.41 431
-20.2888 155.049 430
-20.924 154.328 428
-21.6537 154.328 428
-22.3833 154.328 428
-23.0589 153.968 427
-23.7312 153.607 426
-24.4 153.246 425
-25.1245 153.246 425
-25.7882 152.886 424
-26.3234 151.804 421
-26.9769 151.444 420
-27.6929 151.444 420
-28.3412 151.083 419
-28.9168 150.362 417
-29.5567 150.001 416
-30.1203 149.28 414
-30.8261 149.28 414
-31.4557 148.919 413
-32.1598 148.919 413
-32.7842 148.559 412
-33.4866 148.559 412
-34.106 148.198 411
-34.7219 147.838 410
-35.2481 147.117 408
-35.9436 147.117 408
-36.6392 147.117 408
-37.2432 146.756 407
-37.937 146.756 407
-38.5359 146.395 406
-39.2281 146.395 406
-39.9202 146.395 406
-40.5123 146.035 405
-41.2027 146.035 405
-41.8931 146.035 405
-42.5836 146.035 405
-43.1671 145.674 404
-43.7473 145.314 403
-44.4343 145.314 403
-45.0094 144.953 402
-45.581 144.593 401
-46.2646 144.593 401
-46.8311 144.232 400
-47.513 144.232 400
-48.1949 144.232 400
-48.5103 143.15 397
-49.0631 142.79 396
-49.7382 142.79 396
-71.7011 143.511 398
-72.3796 143.511 398
-73.0581 143.511 398
-73.7366 143.511 398
-74.4151 143.511 398
-75.0935 143.511 398
-75.772 143.511 398
-76.4505 143.511 398
-77.129 143.511 398
-78.003 143.871 399
-78.6832 143.871 399
-79.5623 144.232 400
-80.2442 144.232 400
-80.9261 144.232 400
-81.608 144.232 400
-82.4956 144.593 401
-83.1792 144.593 401
-83.8628 144.593 401
-84.7573 144.953 402
-85.4426 144.953 402
-86.1279 144.953 402
-87.0291 145.314 403
-87.7162 145.314 403
-88.6225 145.674 404
-89.3113 145.674 404
-90 145.674 404
-90.6887 145.674 404
-91.3774 145.674 404
-92.0661 145.674 404
-92.7548 145.674 404
-101.675 153.968 427
-102.403 153.968 427
-103.131 153.968 427
-103.859 153.968 427
-104.587 153.968 427
-105.315 153.968 427
-106.043 153.968 427
-106.771 153.968 427
-107.75 154.328 428
-108.987 155.049 430
-109.72 155.049 430
-110.453 155.049 430
-111.703 155.771 432
-112.7 156.131 433
-113.438 156.131 433
-114.176 156.131 433
-115.18 156.492 434
-116.187 156.852 435
-116.928 156.852 435
-117.94 157.213 436
-118.956 157.573 437
-119.701 157.573 437
-120.446 157.573 437
-121.468 157.934 438
-122.773 158.655 440
-123.523 158.655 440
-124.273 158.655 440
-125.023 158.655 440
-126.059 159.016 441
-126.811 159.016 441
-127.563 159.016 441
-128.023 158.655 440
-128.773 158.655 440
-881.216 833.3 2311
-885.156 833.3 2311
-889.095 833.3 2311
-889.171 829.694 2301
-893.093 829.694 2301
-897.016 829.694 2301
-900.939 829.694 2301
-904.861 829.694 2301
-906.414 827.531 2295
-910.327 827.531 2295
-913.044 826.449 2292
-914.151 823.925 2285
-918.046 823.925 2285
-921.941 823.925 2285
-917.328 816.353 2264
-919.967 815.271 2261
-923.821 815.271 2261
-927.676 815.271 2261
-926.174 810.584 2248
-925.042 806.257 2236
-926.361 804.093 2230
-930.163 804.093 2230
-931.452 801.93 2224
-926.833 794.718 2204
-926.79 791.473 2195
-930.532 791.473 2195
-932.997 790.391 2192
-934.169 788.228 2186
-931.889 783.179 2172
-934.3 782.098 2169
-937.997 782.098 2169
-940.827 781.377 2167
-943.213 780.295 2164
-944.277 778.131 2158
-947.956 778.131 2158
-949.43 776.328 2153
-951.772 775.247 2150
-955.437 775.247 2150
-959.102 775.247 2150
-960.081 773.083 2144
-963.736 773.083 2144
-966.488 772.362 2142
-970.14 772.362 2142
-971.064 770.199 2136
-974.705 770.199 2136
-976.972 769.117 2133
-980.609 769.117 2133
-983.322 768.396 2131
-986.955 768.396 2131
-990.588 768.396 2131
-994.221 768.396 2131
-997.853 768.396 2131
-1001.49 768.396 2131
-1005.12 768.396 2131
-1008.75 768.396 2131
-1012.38 768.396 2131
-1014.59 767.314 2128
-1018.21 767.314 2128
-1021.84 767.314 2128
-1024.02 766.232 2125
-1026.2 765.151 2122
-1027.39 763.348 2117
-1029.54 762.266 2114
-1032.16 761.545 2112
-1032.82 759.381 2106
-1035.43 758.66 2104
-1039.01 758.66 2104
-1041.11 757.578 2101
-1043.2 756.497 2098
-1045.78 755.775 2096
-1049.35 755.775 2096
-1046.4 751.088 2083
-1045.92 748.203 2075
-1044.4 744.597 2065
-1047.92 744.597 2065
-1047.36 741.713 2057
-1048.31 739.91 2052
-1049.25 738.107 2047
-1052.74 738.107 2047
1462.51 1463.85 4079
1455.56 1463.85 4079
1448.6 1463.85 4079
1424.33 1446.26 4030
1417.46 1446.26 4030
1407.09 1442.67 4020
1387 1429.04 3982
1376.75 1425.45 3972
1369.98 1425.45 3972
1363.21 1425.45 3972
1349.95 1418.63 3953
1333.69 1408.58 3925
1327 1408.58 3925
1308.2 1395.66 3889
1283.5 1376.28 3835
1273.96 1373.05 3826
1270.42 1376.28 3835
1263.89 1376.28 3835
1257.35 1376.28 3835
1247.88 1373.05 3826
1241.35 1373.05 3826
1232.25 1370.18 3818
1222.85 1366.95 3809
1213.48 1363.72 3800
1207 1363.72 3800
1200.53 1363.72 3800
1191.53 1360.85 3792
1190.38 1366.95 3809
1186.69 1370.18 3818
1180.18 1370.18 3818
1173.67 1370.18 3818
1167.16 1370.18 3818
1160.65 1370.18 3818
1154.14 1370.18 3818
1147.63 1370.18 3818
1130.67 1357.62 3783
1124.22 1357.62 3783
1117.77 1357.62 3783
1111.32 1357.62 3783
1104.87 1357.62 3783
1095.81 1354.39 3774
1089.37 1354.39 3774
1082.94 1354.39 3774
1079.07 1357.62 3783
1131.6 1432.27 3991
1124.8 1432.27 3991
1117.99 1432.27 3991
1111.19 1432.27 3991
1109.64 1439.08 4010
1102.81 1439.08 4010
1095.97 1439.08 4010
1089.13 1439.08 4010
1082.3 1439.08 4010
1065.27 1425.45 3972
1058.5 1425.45 3972
1051.73 1425.45 3972
1044.96 1425.45 3972
1035.83 1422.22 3963
1024.14 1415.4 3944
1017.42 1415.4 3944
1010.7 1415.4 3944
1003.97 1415.4 3944
997.25 1415.4 3944
990.526 1415.4 3944
983.803 1415.4 3944
977.079 1415.4 3944
972.57 1418.63 3953
965.831 1418.63 3953
959.092 1418.63 3953
948.017 1412.17 3935
936.764 1405.35 3916
917.262 1385.97 3862
910.679 1385.97 3862
901.988 1382.74 3853
901.694 1392.43 3880
895.08 1392.43 3880
888.465 1392.43 3880
881.851 1392.43 3880
875.237 1392.43 3880
868.622 1392.43 3880
862.008 1392.43 3880
855.393 1392.43 3880
842.872 1382.74 3853
836.304 1382.74 3853
831.674 1385.97 3862
825.09 1385.97 3862
818.506 1385.97 3862
811.923 1385.97 3862
801.585 1379.51 3844
795.032 1379.51 3844
786.633 1376.28 3835
778.265 1373.05 3826
777.189 1382.74 3853
770.62 1382.74 3853
764.052 1382.74 3853
752.175 1373.05 3826
744.094 1370.18 3818
737.585 1370.18 3818
731.076 1370.18 3818
719.633 1360.85 3792
708.279 1351.52 3766
701.859 1351.52 3766
692.3 1345.42 3749
682.798 1339.32 3732
673.536 1333.57 3716
667.201 1333.57 3716
657.843 1327.47 3699
650.128 1324.6 3691
643.836 1324.6 3691
637.544 1324.6 3691
631.252 1324.6 3691
623.605 1321.73 3683
615.985 1318.86 3675
609.72 1318.86 3675
603.455 1318.86 3675
595.89 1315.99 3667
589.639 1315.99 3667
583.388 1315.99 3667
575.72 1312.76 3658
570.885 1315.99 3667
565.866 1318.86 3675
559.601 1318.86 3675
553.336 1318.86 3675
547.071 1318.86 3675
540.806 1318.86 3675
534.541 1318.86 3675
527.126 1315.99 3667
519.596 1312.76 3658
513.36 1312.76 3658
507.124 1312.76 3658
500.888 1312.76 3658
494.652 1312.76 3658
486.28 1307.02 3642
480.071 1307.02 3642
469.829 1295.89 3611
460.72 1287.64 3588
451.689 1279.39 3565
445.612 1279.39 3565
438.548 1276.51 3557
432.484 1276.51 3557
424.622 1271.13 3542
418.584 1271.13 3542
411.614 1268.26 3534
402.261 1257.85 3505
391.311 1242.06 3461
385.411 1242.06 3461
378.744 1239.55 3454
-2.80235 160.417 447
-3.56437 160.417 447
-4.33608 160.775 448
-5.0998 160.775 448
-5.86353 160.775 448
-6.62726 160.775 448
-7.37449 160.417 447
-8.13651 160.417 447
-8.89853 160.417 447
-9.63894 160.058 446
-10.3759 159.699 445
-11.1095 159.34 444
-11.8397 158.981 443
-12.5949 158.981 443
-13.32 158.622 442
-14.0416 158.263 441
-14.7934 158.263 441
-15.5452 158.263 441
-16.2231 157.546 439
-16.8942 156.828 437
-17.4777 155.392 433
-18.1317 154.675 431
-18.8665 154.675 431
-19.6012 154.675 431
-20.2888 154.316 430
-20.924 153.598 428
-21.6537 153.598 428
-22.3833 153.598 428
-23.0049 152.88 426
-23.7312 152.88 426
-24.4 152.521 425
-25.1245 152.521 425
-25.7274 151.804 423
-26.3234 151.086 421
-26.9769 150.727 420
-27.6929 150.727 420
-28.3412 150.368 419
-28.9168 149.65 417
-29.5567 149.291 416
-30.1203 148.574 414
-30.8261 148.574 414
-31.4557 148.215 413
-32.1598 148.215 413
-32.7842 147.856 412
-33.4866 147.856 412
-34.106 147.497 411
-34.7219 147.138 410
-35.2481 146.421 408
-35.9436 146.421 408
-36.6392 146.421 408
-37.2432 146.062 407
-37.937 146.062 407
-38.5359 145.703 406
-39.2281 145.703 406
-39.9202 145.703 406
-40.5123 145.344 405
-41.2027 145.344 405
-41.8931 145.344 405
-42.5836 145.344 405
-43.1671 144.985 404
-43.6388 144.267 402
-44.3241 144.267 402
-45.0094 144.267 402
-45.581 143.908 401
-46.1492 143.55 400
-46.8311 143.55 400
-47.513 143.55 400
-48.0744 143.191 399
-48.5103 142.473 397
-49.0631 142.114 396
-49.7382 142.114 396
-71.7011 142.832 398
-72.3796 142.832 398
-73.0581 142.832 398
-73.7366 142.832 398
-74.4151 142.832 398
-75.0935 142.832 398
-75.772 142.832 398
-76.6426 143.191 399
-77.3228 143.191 399
-78.003 143.191 399
-78.8804 143.55 400
-79.5623 143.55 400
-80.2442 143.55 400
-80.9261 143.55 400
-81.608 143.55 400
-82.4956 143.908 401
-83.1792 143.908 401
-84.072 144.267 402
-84.7573 144.267 402
-85.6551 144.626 403
-86.3421 144.626 403
-87.2451 144.985 404
-87.9338 144.985 404
-88.8419 145.344 405
-89.5323 145.344 405
-90.2227 145.344 405
-91.1376 145.703 406
-91.8298 145.703 406
-92.5219 145.703 406
-93.214 145.703 406
-93.9062 145.703 406
-94.5983 145.703 406
-99.9845 152.88 426
-100.711 152.88 426
-101.675 153.239 427
-102.403 153.239 427
-103.131 153.239 427
-103.859 153.239 427
-104.587 153.239 427
-105.315 153.239 427
-106.291 153.598 428
-107.021 153.598 428
-107.75 153.598 428
-108.987 154.316 430
-109.72 154.316 430
-110.453 154.316 430
-111.703 155.033 432
-112.7 155.392 433
-113.438 155.392 433
-114.176 155.392 433
-115.18 155.751 434
-116.187 156.11 435
-116.928 156.11 435
-117.94 156.469 436
-118.956 156.828 437
-119.701 156.828 437
-120.446 156.828 437
-121.468 157.187 438
-122.773 157.904 440
-123.523 157.904 440
-124.273 157.904 440
-125.023 157.904 440
-126.059 158.263 441
-126.811 158.263 441
-127.563 158.263 441
-875.115 823.615 2295
-879.027 823.615 2295
-882.94 823.615 2295
-889.171 825.768 2301
-893.093 825.768 2301
-897.016 825.768 2301
-900.939 825.768 2301
-904.861 825.768 2301
-905.229 822.539 2292
-909.137 822.539 2292
-913.044 822.539 2292
-914.151 820.027 2285
-918.046 820.027 2285
-921.941 820.027 2285
-917.328 812.49 2264
-919.967 811.414 2261
-923.821 811.414 2261
-927.676 811.414 2261
-929.882 809.978 2257
-925.042 802.442 2236
-926.361 800.289 2230
-930.163 800.289 2230
-931.452 798.135 2224
-926.833 790.958 2204
-926.79 787.728 2195
-930.532 787.728 2195
-932.997 786.651 2192
-934.169 784.498 2186
-933.177 780.55 2175
-936.884 780.55 2175
-939.295 779.474 2172
-941.695 778.397 2169
-944.521 777.679 2167
-948.215 777.679 2167
-947.956 774.45 2158
-948.107 771.579 2150
-951.772 771.579 2150
-952.771 769.425 2144
-956.426 769.425 2144
-960.081 769.425 2144
-962.837 768.708 2142
-966.488 768.708 2142
-970.14 768.708 2142
-971.064 766.554 2136
-973.336 765.478 2133
-976.056 764.76 2131
-979.689 764.76 2131
-983.322 764.76 2131
-985.565 763.683 2128
-989.193 763.683 2128
-994.221 764.76 2131
-997.853 764.76 2131
-1001.49 764.76 2131
-1005.12 764.76 2131
-1008.75 764.76 2131
-1010.96 763.683 2128
-1014.59 763.683 2128
-1016.78 762.607 2125
-1020.4 762.607 2125
-1024.02 762.607 2125
-1023.78 759.736 2117
-1027.39 759.736 2117
-1029.54 758.659 2114
-1032.16 757.941 2112
-1032.82 755.788 2106
-1035.43 755.07 2104
-1039.01 755.07 2104
-1041.11 753.994 2101
-1043.2 752.917 2098
-1045.78 752.199 2096
-1049.35 752.199 2096
-1046.4 747.534 2083
-1045.92 744.663 2075
-1044.4 741.074 2065
-1047.92 741.074 2065
-1047.36 738.203 2057
-1048.31 736.409 2052
-1049.25 734.615 2047
-1052.74 734.615 2047
1462.51 1456.89 4079
1455.56 1456.89 4079
1448.6 1456.89 4079
1424.33 1439.39 4030
1417.46 1439.39 4030
1407.09 1435.81 4020
1387 1422.24 3982
1376.75 1418.67 3972
1369.98 1418.67 3972
1363.21 1418.67 3972
1349.95 1411.88 3953
1333.69 1401.88 3925
1327 1401.88 3925
1308.2 1389.03 3889
1283.5 1369.74 3835
1273.96 1366.52 3826
1270.42 1369.74 3835
1263.89 1369.74 3835
1257.35 1369.74 3835
1247.88 1366.52 3826
1241.35 1366.52 3826
1232.25 1363.67 3818
1222.85 1360.45 3809
1216.36 1360.45 3809
1209.86 1360.45 3809
1203.37 1360.45 3809
1199.7 1363.67 3818
1193.2 1363.67 3818
1197.57 1376.17 3853
1191 1376.17 3853
1184.43 1376.17 3853
1172.36 1369.74 3835
1182.24 1389.03 3889
1175.61 1389.03 3889
1185.51 1408.67 3944
1190.14 1422.24 3982
1191.68 1432.24 4010
1184.84 1432.24 4010
1189.46 1446.17 4049
1194.24 1460.46 4089
1187.27 1460.46 4089
1180.3 1460.46 4089
1164.72 1449.74 4059
1157.8 1449.74 4059
1150.88 1449.74 4059
1138.32 1442.6 4039
1131.44 1442.6 4039
1130.12 1449.74 4059
1128.74 1456.89 4079
1121.78 1456.89 4079
1114.83 1456.89 4079
1107.88 1456.89 4079
1100.92 1456.89 4079
1088.6 1449.74 4059
1079.02 1446.17 4049
1067.09 1439.39 4030
1060.22 1439.39 4030
1048.12 1432.24 4010
1038.95 1429.03 4001
1029.54 1425.46 3991
1022.74 1425.46 3991
1015.94 1425.46 3991
1009.13 1425.46 3991
1000.07 1422.24 3982
993.282 1422.24 3982
986.493 1422.24 3982
975.03 1415.46 3963
968.275 1415.46 3963
961.519 1415.46 3963
954.763 1415.46 3963
945.615 1411.88 3953
932.226 1401.88 3925
925.534 1401.88 3925
914.629 1395.45 3907
907.969 1395.45 3907
901.309 1395.45 3907
894.648 1395.45 3907
887.988 1395.45 3907
883.357 1398.67 3916
876.682 1398.67 3916
870.006 1398.67 3916
863.33 1398.67 3916
854.685 1395.45 3907
848.025 1395.45 3907
841.365 1395.45 3907
834.704 1395.45 3907
826.136 1392.24 3898
819.491 1392.24 3898
812.846 1392.24 3898
802.478 1385.81 3880
794.018 1382.6 3871
783.757 1376.17 3853
779.004 1379.38 3862
772.42 1379.38 3862
765.836 1379.38 3862
757.483 1376.17 3853
747.407 1369.74 3835
740.869 1369.74 3835
731.076 1363.67 3818
719.633 1354.38 3792
708.279 1345.09 3766
701.859 1345.09 3766
692.3 1339.02 3749
682.798 1332.95 3732
673.536 1327.23 3716
667.201 1327.23 3716
657.843 1321.16 3699
650.128 1318.31 3691
643.836 1318.31 3691
637.544 1318.31 3691
631.252 1318.31 3691
623.605 1315.45 3683
615.985 1312.59 3675
609.72 1312.59 3675
603.455 1312.59 3675
595.89 1309.73 3667
589.639 1309.73 3667
583.388 1309.73 3667
575.72 1306.52 3658
570.885 1309.73 3667
567.097 1315.45 3683
560.819 1315.45 3683
554.54 1315.45 3683
548.262 1315.45 3683
543.16 1318.31 3691
536.868 1318.31 3691
530.576 1318.31 3691
524.284 1318.31 3691
519.114 1321.16 3699
512.808 1321.16 3699
506.502 1321.16 3699
500.197 1321.16 3699
489.618 1309.73 3667
483.367 1309.73 3667
473.863 1300.8 3642
465.728 1295.45 3627
458.531 1292.59 3619
452.362 1292.59 3619
445.206 1289.73 3611
436.254 1281.52 3588
430.137 1281.52 3588
424.02 1281.52 3588
415.225 1273.3 3565
406.508 1265.09 3542
396.286 1251.87 3505
390.311 1251.87 3505
382.691 1246.52 3490
-2.80235 159.654 447
-3.56437 159.654 447
-4.33608 160.011 448
-5.0998 160.011 448
-5.86353 160.011 448
-6.62726 160.011 448
-7.37449 159.654 447
-8.13651 159.654 447
-8.89853 159.654 447
-9.63894 159.297 446
-10.3759 158.94 445
-11.1095 158.582 444
-11.8397 158.225 443
-12.5949 158.225 443
-13.32 157.868 442
-14.0416 157.511 441
-14.7934 157.511 441
-15.5452 157.511 441
-16.2231 156.797 439
-16.8942 156.082 437
-17.4777 154.654 433
-18.1317 153.939 431
-18.8665 153.939 431
-19.6012 153.939 431
-20.2888 153.582 430
-20.924 152.868 428
-21.6537 152.868 428
-22.3833 152.868 428
-23.0049 152.153 426
-23.7312 152.153 426
-24.4 151.796 425
-25.1245 151.796 425
-25.7274 151.082 423
-26.3234 150.368 421
-26.9769 150.01 420
-27.6929 150.01 420
-28.3412 149.653 419
-28.9862 149.296 418
-29.6277 148.939 417
-30.1931 148.225 415
-30.9006 148.225 415
-31.5319 147.867 414
-32.1598 147.51 413
-32.7842 147.153 412
-33.4866 147.153 412
-34.106 146.796 411
-34.7219 146.439 410
-35.2481 145.724 408
-35.9436 145.724 408
-36.6392 145.724 408
-37.2432 145.367 407
-37.937 145.367 407
-38.5359 145.01 406
-39.2281 145.01 406
-39.9202 145.01 406
-40.5123 144.653 405
-41.2027 144.653 405
-41.8931 144.653 405
-42.4784 144.296 404
-43.0603 143.939 403
-43.6388 143.581 402
-44.3241 143.581 402
-44.8974 143.224 401
-45.4673 142.867 400
-46.1492 142.867 400
-46.7141 142.51 399
-47.3943 142.51 399
-47.954 142.153 398
-48.5103 141.796 397
-49.0631 141.438 396
-49.7382 141.438 396
-50.4133 141.438 396
-50.9594 141.081 395
-71.7011 142.153 398
-72.3796 142.153 398
-73.0581 142.153 398
-73.7366 142.153 398
-74.4151 142.153 398
-75.0935 142.153 398
-75.772 142.153 398
-76.6426 142.51 399
-77.3228 142.51 399
-78.003 142.51 399
-78.8804 142.867 400
-79.5623 142.867 400
-80.2442 142.867 400
-80.9261 142.867 400
-81.812 143.224 401
-82.7013 143.581 402
-83.3867 143.581 402
-84.072 143.581 402
-84.9681 143.939 403
-85.6551 143.939 403
-86.3421 143.939 403
-87.4611 144.653 405
-88.1515 144.653 405
-88.8419 144.653 405
-89.7534 145.01 406
-90.4455 145.01 406
-91.1376 145.01 406
-91.8298 145.01 406
-92.5219 145.01 406
-93.214 145.01 406
-94.6 146.082 409
-95.2973 146.082 409
-99.9845 152.153 426
-100.711 152.153 426
-101.675 152.511 427
-102.403 152.511 427
-103.131 152.511 427
-103.859 152.511 427
-104.587 152.511 427
-105.315 152.511 427
-106.291 152.868 428
-107.021 152.868 428
-107.75 152.868 428
-108.987 153.582 430
-109.72 153.582 430
-110.71 153.939 431
-111.703 154.296 432
-112.7 154.654 433
-113.438 154.654 433
-114.176 154.654 433
-115.18 155.011 434
-116.187 155.368 435
-116.928 155.368 435
-117.94 155.725 436
-118.956 156.082 437
-119.701 156.082 437
-120.721 156.439 438
-121.745 156.797 439
-122.773 157.154 440
-123.523 157.154 440
-124.273 157.154 440
-125.307 157.511 441
-126.059 157.511 441
-126.811 157.511 441
-127.563 157.511 441
-875.115 819.7 2295
-879.027 819.7 2295
-882.94 819.7 2295
-889.171 821.843 2301
-893.093 821.843 2301
-897.016 821.843 2301
-900.939 821.843 2301
-904.861 821.843 2301
-905.229 818.628 2292
-909.137 818.628 2292
-913.044 818.628 2292
-914.151 816.128 2285
-915.635 813.985 2279
-919.521 813.985 2279
-917.328 808.628 2264
-919.967 807.556 2261
-923.821 807.556 2261
-927.676 807.556 2261
-929.882 806.127 2257
-925.042 798.627 2236
-926.361 796.484 2230
-930.163 796.484 2230
-931.452 794.341 2224
-926.833 787.198 2204
-926.79 783.983 2195
-930.532 783.983 2195
-932.997 782.911 2192
-934.169 780.768 2186
-933.177 776.84 2175
-936.884 776.84 2175
-939.295 775.768 2172
-941.695 774.697 2169
-944.521 773.982 2167
-948.215 773.982 2167
-947.956 770.768 2158
-948.107 767.91 2150
-950.444 766.839 2147
-952.771 765.767 2144
-956.426 765.767 2144
-960.081 765.767 2144
-962.837 765.053 2142
-966.488 765.053 2142
-970.14 765.053 2142
-971.064 762.91 2136
-973.336 761.839 2133
-976.972 761.839 2133
-979.689 761.124 2131
-981.938 760.053 2128
-985.565 760.053 2128
-989.193 760.053 2128
-992.821 760.053 2128
-996.448 760.053 2128
-1000.08 760.053 2128
-1003.7 760.053 2128
-1007.33 760.053 2128
-1010.96 760.053 2128
-1013.16 758.981 2125
-1016.78 758.981 2125
-1020.4 758.981 2125
-1022.58 757.91 2122
-1023.78 756.124 2117
-1027.39 756.124 2117
-1028.56 754.338 2112
-1029.23 752.195 2106
-1032.82 752.195 2106
-1032.47 749.338 2098
-1036.05 749.338 2098
-1038.63 748.623 2096
-1042.21 748.623 2096
-1043.29 746.838 2091
-1046.85 746.838 2091
-1042.38 741.123 2075
-1043.4 739.337 2070
-1040.35 734.694 2057
-1043.86 734.694 2057
-1042.27 731.122 2047
-1044.23 730.051 2044
-1045.15 728.265 2039
-1048.63 728.265 2039
1466.1 1453.48 4089
1459.13 1453.48 4089
1452.16 1453.48 4089
1424.33 1432.51 4030
1417.46 1432.51 4030
1403.59 1425.4 4010
1383.52 1411.89 3972
1376.75 1411.89 3972
1369.98 1411.89 3972
1363.21 1411.89 3972
1349.95 1405.14 3953
1333.69 1395.19 3925
1327 1395.19 3925
1311.23 1385.59 3898
1283.5 1363.2 3835
1273.96 1360 3826
1270.42 1363.2 3835
1263.89 1363.2 3835
1257.35 1363.2 3835
1247.88 1360 3826
1241.35 1360 3826
1232.25 1357.15 3818
1222.85 1353.95 3809
1216.36 1353.95 3809
1209.86 1353.95 3809
1203.37 1353.95 3809
1199.7 1357.15 3818
1193.2 1357.15 3818
1197.57 1369.59 3853
1191 1369.59 3853
1184.43 1369.59 3853
1172.36 1363.2 3835
1182.24 1382.39 3889
1175.61 1382.39 3889
1185.51 1401.94 3944
1190.14 1415.45 3982
1191.68 1425.4 4010
1184.84 1425.4 4010
1189.46 1439.26 4049
1194.24 1453.48 4089
1187.27 1453.48 4089
1180.3 1453.48 4089
1164.72 1442.82 4059
1157.8 1442.82 4059
1150.88 1442.82 4059
1138.32 1435.71 4039
1137.04 1442.82 4059
1138.47 1453.48 4089
1131.5 1453.48 4089
1124.53 1453.48 4089
1117.56 1453.48 4089
1107.88 1449.93 4079
1100.92 1449.93 4079
1093.97 1449.93 4079
1084.35 1446.37 4069
1072.12 1439.26 4049
1065.21 1439.26 4049
1053.35 1432.51 4030
1041.28 1425.4 4010
1032.12 1422.2 4001
1025.3 1422.2 4001
1018.48 1422.2 4001
1011.66 1422.2 4001
1004.84 1422.2 4001
998.021 1422.2 4001
991.2 1422.2 4001
984.38 1422.2 4001
977.559 1422.2 4001
970.738 1422.2 4001
961.508 1418.65 3991
954.705 1418.65 3991
938.876 1405.14 3953
932.137 1405.14 3953
921.184 1398.74 3935
914.476 1398.74 3935
909.844 1401.94 3944
905.181 1405.14 3953
898.443 1405.14 3953
893.959 1408.69 3963
887.204 1408.69 3963
880.448 1408.69 3963
871.487 1405.14 3953
864.748 1405.14 3953
856.056 1401.94 3944
849.332 1401.94 3944
840.686 1398.74 3935
831.858 1395.19 3925
825.167 1395.19 3925
818.476 1395.19 3925
809.924 1391.99 3916
803.248 1391.99 3916
789.249 1379.19 3880
782.635 1379.19 3880
776.02 1379.19 3880
769.406 1379.19 3880
762.791 1379.19 3880
756.177 1379.19 3880
746.085 1372.79 3862
734.332 1363.2 3835
722.86 1353.95 3809
713.169 1347.91 3792
706.705 1347.91 3792
695.439 1338.67 3766
685.909 1332.63 3749
676.436 1326.58 3732
670.074 1326.58 3732
660.867 1320.9 3716
651.537 1314.85 3699
643.836 1312.01 3691
637.544 1312.01 3691
631.252 1312.01 3691
624.959 1312.01 3691
618.667 1312.01 3691
612.375 1312.01 3691
603.455 1306.32 3675
597.19 1306.32 3675
590.925 1306.32 3675
584.661 1306.32 3675
578.396 1306.32 3675
572.131 1306.32 3675
567.097 1309.16 3683
560.819 1309.16 3683
554.54 1309.16 3683
548.262 1309.16 3683
543.16 1312.01 3691
536.868 1312.01 3691
530.576 1312.01 3691
524.284 1312.01 3691
519.114 1314.85 3699
512.808 1314.85 3699
506.502 1314.85 3699
500.197 1314.85 3699
489.618 1303.48 3667
483.367 1303.48 3667
473.863 1294.59 3642
465.728 1289.26 3627
458.531 1286.42 3619
452.362 1286.42 3619
445.206 1283.57 3611
436.254 1275.4 3588
430.137 1275.4 3588
424.02 1275.4 3588
415.225 1267.22 3565
406.508 1259.04 3542
396.286 1245.89 3505
390.311 1245.89 3505
382.691 1240.56 3490
-4.33608 159.247 448
-5.0998 159.247 448
-5.86353 159.247 448
-6.62726 159.247 448
-7.37449 158.891 447
-8.13651 158.891 447
-8.89853 158.891 447
-9.63894 158.536 446
-10.3759 158.18 445
-11.1095 157.825 444
-11.8397 157.469 443
-12.5949 157.469 443
-13.2899 156.759 441
-14.0416 156.759 441
-14.7599 156.403 440
-15.51 156.403 440
-16.2231 156.048 439
-16.7782 154.27 434
-17.4373 153.559 432
-18.1317 153.204 431
-18.8665 153.204 431
-19.6012 153.204 431
-20.2416 152.493 429
-20.924 152.138 428
-21.6537 152.138 428
-22.3833 152.138 428
-23.0049 151.427 426
-23.7312 151.427 426
-24.4 151.071 425
-25.1245 151.071 425
-25.7274 150.36 423
-26.3234 149.649 421
-27.0411 149.649 421
-27.7588 149.649 421
-28.3412 148.938 419
-28.9862 148.583 418
-29.6277 148.227 417
-30.3386 148.227 417
-30.9006 147.517 415
-31.5319 147.161 414
-32.1598 146.806 413
-32.7842 146.45 412
-33.4866 146.45 412
-34.106 146.095 411
-34.7219 145.739 410
-35.2481 145.028 408
-35.9436 145.028 408
-36.6392 145.028 408
-37.2432 144.673 407
-37.937 144.673 407
-38.5359 144.317 406
-39.2281 144.317 406
-39.9202 144.317 406
-40.5123 143.962 405
-41.2027 143.962 405
-41.8931 143.962 405
-42.3733 143.251 403
-42.9534 142.896 402
-43.5302 142.54 401
-44.2138 142.54 401
-44.7854 142.185 400
-45.4673 142.185 400
-46.0339 141.829 399
-46.7141 141.829 399
-47.3943 141.829 399
-47.954 141.474 398
-48.3881 140.763 396
-49.0631 140.763 396
-49.7382 140.763 396
-50.4133 140.763 396
-50.9594 140.407 395
-51.6328 140.407 395
-52.3061 140.407 395
-52.9795 140.407 395
-71.7011 141.474 398
-72.3796 141.474 398
-73.0581 141.474 398
-73.7366 141.474 398
-74.4151 141.474 398
-75.0935 141.474 398
-75.772 141.474 398
-76.6426 141.829 399
-77.3228 141.829 399
-78.003 141.829 399
-78.8804 142.185 400
-79.5623 142.185 400
-80.2442 142.185 400
-80.9261 142.185 400
-81.812 142.54 401
-82.7013 142.896 402
-83.3867 142.896 402
-84.072 142.896 402
-84.9681 143.251 403
-85.6551 143.251 403
-86.3421 143.251 403
-87.4611 143.962 405
-88.1515 143.962 405
-88.8419 143.962 405
-89.7534 144.317 406
-90.4455 144.317 406
-91.1376 144.317 406
-91.8298 144.317 406
-92.5219 144.317 406
-93.4436 144.673 407
-94.6 145.384 409
-95.2973 145.384 409
-99.9845 151.427 426
-100.711 151.427 426
-101.675 151.782 427
-102.403 151.782 427
-103.131 151.782 427
-103.859 151.782 427
-104.587 151.782 427
-105.561 152.138 428
-106.291 152.138 428
-107.021 152.138 428
-108.002 152.493 429
-108.987 152.848 430
-109.72 152.848 430
-110.71 153.204 431
-111.962 153.915 433
-112.7 153.915 433
-113.438 153.915 433
-114.44 154.27 434
-115.18 154.27 434
-116.187 154.626 435
-116.928 154.626 435
-117.94 154.981 436
-118.956 155.337 437
-119.701 155.337 437
-120.721 155.692 438
-121.745 156.048 439
-122.773 156.403 440
-123.523 156.403 440
-124.555 156.759 441
-125.307 156.759 441
-126.059 156.759 441
-126.811 156.759 441
-127.563 156.759 441
-877.878 814.718 2292
-881.786 814.718 2292
-886.852 815.784 2295
-890.765 815.784 2295
-894.677 815.784 2295
-898.589 815.784 2295
-901.322 814.718 2292
-902.465 812.23 2285
-906.36 812.23 2285
-910.255 812.23 2285
-914.151 812.23 2285
-915.635 810.097 2279
-919.521 810.097 2279
-917.328 804.765 2264
-919.967 803.699 2261
-923.821 803.699 2261
-927.676 803.699 2261
-929.882 802.277 2257
-925.042 794.812 2236
-926.361 792.679 2230
-930.163 792.679 2230
-931.452 790.547 2224
-926.833 783.437 2204
-926.79 780.238 2195
-930.532 780.238 2195
-932.997 779.172 2192
-934.169 777.039 2186
-933.177 773.129 2175
-936.884 773.129 2175
-939.295 772.062 2172
-941.695 770.996 2169
-944.521 770.285 2167
-948.215 770.285 2167
-947.956 767.086 2158
-948.107 764.242 2150
-949.116 762.11 2144
-952.771 762.11 2144
-956.426 762.11 2144
-959.185 761.399 2142
-962.837 761.399 2142
-966.488 761.399 2142
-968.781 760.332 2139
-969.7 758.2 2133
-973.336 758.2 2133
-976.972 758.2 2133
-979.689 757.489 2131
-981.938 756.422 2128
-984.176 755.356 2125
-989.193 756.422 2128
-992.821 756.422 2128
-996.448 756.422 2128
-1000.08 756.422 2128
-1003.7 756.422 2128
-1007.33 756.422 2128
-1010.96 756.422 2128
-1013.16 755.356 2125
-1016.78 755.356 2125
-1018.96 754.289 2122
-1022.58 754.289 2122
-1022.33 751.446 2114
-1025.93 751.446 2114
-1027.1 749.668 2109
-1030.7 749.668 2109
-1030.37 746.825 2101
-1033.95 746.825 2101
-1035.06 745.047 2096
-1038.63 745.047 2096
-1039.72 743.27 2091
-1043.29 743.27 2091
-1045.35 742.204 2088
-1042.38 737.583 2075
-1041.88 734.739 2067
-1036.3 728.341 2049
-1039.8 728.341 2049
-1040.74 726.563 2044
-1040.65 724.075 2037
-1042.59 723.009 2034
-1046.05 723.009 2034
1466.1 1446.51 4089
1459.13 1446.51 4089
1452.16 1446.51 4089
1424.33 1425.63 4030
1417.46 1425.63 4030
1403.59 1418.56 4010
1383.52 1405.12 3972
1370.16 1398.4 3953
1363.42 1398.4 3953
1356.69 1398.4 3953
1346.87 1395.21 3944
1330.64 1385.31 3916
1323.96 1385.31 3916
1317.28 1385.31 3916
1280.49 1353.47 3826
1271.3 1350.64 3818
1264.79 1350.64 3818
1258.28 1350.64 3818
1251.77 1350.64 3818
1245.27 1350.64 3818
1238.76 1350.64 3818
1229.34 1347.45 3809
1222.85 1347.45 3809
1221.79 1353.47 3826
1215.26 1353.47 3826
1208.74 1353.47 3826
1202.22 1353.47 3826
1198.51 1356.65 3835
1200.36 1366.2 3862
1193.78 1366.2 3862
1187.2 1366.2 3862
1180.61 1366.2 3862
1196.22 1392.03 3935
1189.51 1392.03 3935
1193.93 1405.12 3972
1198.51 1418.56 4010
1200.29 1428.82 4039
1193.41 1428.82 4039
1189.46 1432.36 4049
1194.24 1446.51 4089
1187.27 1446.51 4089
1180.3 1446.51 4089
1173.33 1446.51 4089
1166.36 1446.51 4089
1159.39 1446.51 4089
1146.78 1439.43 4069
1139.84 1439.43 4069
1138.47 1446.51 4089
1131.5 1446.51 4089
1124.53 1446.51 4089
1117.56 1446.51 4089
1107.88 1442.97 4079
1100.92 1442.97 4079
1093.97 1442.97 4079
1084.35 1439.43 4069
1072.12 1432.36 4049
1065.21 1432.36 4049
1053.35 1425.63 4030
1041.28 1418.56 4010
1032.12 1415.38 4001
1025.3 1415.38 4001
1018.48 1415.38 4001
1011.66 1415.38 4001
1004.84 1415.38 4001
998.021 1415.38 4001
991.2 1415.38 4001
984.38 1415.38 4001
977.559 1415.38 4001
970.738 1415.38 4001
961.508 1411.84 3991
954.705 1411.84 3991
941.251 1401.93 3963
934.495 1401.93 3963
927.739 1401.93 3963
918.659 1398.4 3953
914.227 1401.93 3963
907.471 1401.93 3963
900.715 1401.93 3963
900.276 1411.84 3991
893.472 1411.84 3991
886.668 1411.84 3991
879.865 1411.84 3991
866.936 1401.93 3963
858.009 1398.4 3953
851.271 1398.4 3953
842.609 1395.21 3944
837.793 1398.4 3953
831.054 1398.4 3953
824.315 1398.4 3953
817.576 1398.4 3953
805.094 1388.49 3925
796.572 1385.31 3916
789.896 1385.31 3916
783.221 1385.31 3916
776.545 1385.31 3916
769.869 1385.31 3916
763.193 1385.31 3916
753.04 1378.94 3898
742.948 1372.57 3880
727.794 1356.65 3835
721.256 1356.65 3835
709.873 1347.45 3809
700.24 1341.44 3792
690.483 1335.07 3774
679.518 1326.23 3749
673.126 1326.23 3749
663.712 1320.22 3732
654.532 1314.56 3716
648.197 1314.56 3716
641.862 1314.56 3716
633.988 1311.37 3707
627.668 1311.37 3707
620.008 1308.54 3699
613.702 1308.54 3699
607.396 1308.54 3699
601.09 1308.54 3699
594.785 1308.54 3699
588.479 1308.54 3699
582.173 1308.54 3699
577.112 1311.37 3707
570.793 1311.37 3707
565.844 1314.56 3716
559.509 1314.56 3716
553.174 1314.56 3716
548.017 1317.39 3724
541.668 1317.39 3724
535.32 1317.39 3724
530.107 1320.22 3732
523.745 1320.22 3732
517.383 1320.22 3732
511.021 1320.22 3732
504.659 1320.22 3732
494.959 1311.37 3707
488.639 1311.37 3707
479.197 1302.88 3683
471.891 1300.05 3675
465.626 1300.05 3675
459.362 1300.05 3675
452.11 1297.22 3667
442.819 1288.38 3642
435.771 1285.9 3635
429.575 1285.9 3635
419.651 1274.58 3603
411.787 1269.27 3588
403.07 1261.14 3565
396.993 1261.14 3565
389.161 1255.48 3549
-4.33608 158.482 448
-5.0998 158.482 448
-5.86353 158.482 448
-6.62726 158.482 448
-7.39098 158.482 448
-8.13651 158.129 447
-8.89853 158.129 447
-9.66055 158.129 447
-10.3759 157.421 445
-11.1095 157.067 444
-11.8397 156.714 443
-12.5949 156.714 443
-13.32 156.36 442
-14.0416 156.006 441
-14.7934 156.006 441
-15.5452 156.006 441
-16.2231 155.299 439
-16.8169 153.884 435
-17.4373 152.822 432
-18.1317 152.469 431
-18.8665 152.469 431
-19.6012 152.469 431
-20.2416 151.761 429
-20.924 151.407 428
-21.6537 151.407 428
-22.331 151.054 427
-23.0049 150.7 426
-23.6754 150.346 425
-24.4 150.346 425
-25.1245 150.346 425
-25.7274 149.639 423
-26.3234 148.931 421
-27.0411 148.931 421
-27.7588 148.931 421
-28.3412 148.224 419
-28.9862 147.87 418
-29.6277 147.516 417
-30.3386 147.516 417
-30.9006 146.809 415
-31.5319 146.455 414
-32.1598 146.101 413
-32.7842 145.747 412
-33.4866 145.747 412
-34.106 145.393 411
-34.7219 145.04 410
-35.2481 144.332 408
-35.9436 144.332 408
-36.6392 144.332 408
-37.2432 143.978 407
-37.8438 143.625 406
-38.5359 143.625 406
-39.2281 143.625 406
-39.8219 143.271 405
-40.5123 143.271 405
-41.101 142.917 404
-41.7897 142.917 404
-42.3733 142.563 403
-42.9534 142.21 402
-43.5302 141.856 401
-44.2138 141.856 401
-44.7854 141.502 400
-45.4673 141.502 400
-46.0339 141.148 399
-46.7141 141.148 399
-47.3943 141.148 399
-47.954 140.795 398
-48.3881 140.087 396
-49.0631 140.087 396
-49.7382 140.087 396
-50.4133 140.087 396
-50.9594 139.733 395
-51.6328 139.733 395
-52.3061 139.733 395
-52.9795 139.733 395
-53.6529 139.733 395
-71.7011 140.795 398
-72.3796 140.795 398
-73.0581 140.795 398
-73.7366 140.795 398
-74.4151 140.795 398
-75.0935 140.795 398
-75.772 140.795 398
-76.6426 141.148 399
-77.3228 141.148 399
-78.003 141.148 399
-78.8804 141.502 400
-79.5623 141.502 400
-80.2442 141.502 400
-80.9261 141.502 400
-81.812 141.856 401
-82.7013 142.21 402
-83.3867 142.21 402
-84.072 142.21 402
-84.9681 142.563 403
-85.8677 142.917 404
-86.5564 142.917 404
-87.4611 143.271 405
-88.3691 143.625 406
-89.0613 143.625 406
-89.7534 143.625 406
-90.4455 143.625 406
-91.3621 143.978 407
-92.056 143.978 407
-92.7498 143.978 407
-93.4436 143.978 407
-94.6 144.686 409
-95.2973 144.686 409
-96.4639 145.393 411
-97.1646 145.393 411
-101.675 151.054 427
-102.403 151.054 427
-103.131 151.054 427
-103.859 151.054 427
-104.587 151.054 427
-105.561 151.407 428
-106.291 151.407 428
-107.021 151.407 428
-108.002 151.761 429
-108.987 152.115 430
-109.72 152.115 430
-110.71 152.469 431
-111.962 153.176 433
-112.7 153.176 433
-113.438 153.176 433
-114.44 153.53 434
-115.18 153.53 434
-116.187 153.884 435
-116.928 153.884 435
-117.94 154.237 436
-118.956 154.591 437
-119.701 154.591 437
-120.721 154.945 438
-121.745 155.299 439
-122.773 155.652 440
-123.523 155.652 440
-124.555 156.006 441
-125.307 156.006 441
-126.059 156.006 441
-126.811 156.006 441
-127.563 156.006 441
-877.878 810.807 2292
-881.786 810.807 2292
-885.693 810.807 2292
-889.6 810.807 2292
-893.508 810.807 2292
-897.415 810.807 2292
-898.569 808.331 2285
-901.28 807.27 2282
-905.17 807.27 2282
-907.865 806.209 2279
-909.35 804.086 2273
-912.02 803.025 2270
-915.889 803.025 2270
-916.112 799.841 2261
-918.339 798.426 2257
-922.187 798.426 2257
-926.035 798.426 2257
-927.41 796.304 2251
-923.801 789.936 2233
-923.869 786.752 2224
-927.66 786.752 2224
-927.682 783.568 2215
-924.309 777.555 2198
-926.79 776.493 2195
-930.532 776.493 2195
-931.72 774.371 2189
-934.169 773.309 2186
-933.177 769.418 2175
-936.884 769.418 2175
-939.295 768.357 2172
-940.827 766.588 2167
-943.213 765.527 2164
-946.902 765.527 2164
-946.638 762.343 2155
-948.107 760.574 2150
-949.116 758.452 2144
-952.771 758.452 2144
-956.426 758.452 2144
-959.185 757.744 2142
-962.837 757.744 2142
-966.488 757.744 2142
-968.781 756.683 2139
-969.7 754.56 2133
-973.336 754.56 2133
-976.972 754.56 2133
-979.689 753.853 2131
-981.938 752.792 2128
-984.176 751.73 2125
-989.193 752.792 2128
-992.821 752.792 2128
-996.448 752.792 2128
-1000.08 752.792 2128
-1003.7 752.792 2128
-1007.33 752.792 2128
-1010.96 752.792 2128
-1013.16 751.73 2125
-1016.78 751.73 2125
-1018.96 750.669 2122
-1022.58 750.669 2122
-1022.33 747.839 2114
-1025.93 747.839 2114
-1027.1 746.07 2109
-1030.7 746.07 2109
-1030.37 743.24 2101
-1033.95 743.24 2101
-1035.06 741.471 2096
-1037.15 740.41 2093
-1039.72 739.703 2091
-1043.29 739.703 2091
-1045.35 738.641 2088
-1040.87 732.981 2072
-1041.88 731.213 2067
-1045.41 731.213 2067
-1039.8 724.845 2049
-1039.72 722.369 2042
-1040.65 720.6 2037
-1039 717.062 2027
-1042.45 717.062 2027
1466.1 1439.53 4089
1459.13 1439.53 4089
1452.16 1439.53 4089
1424.33 1418.76 4030
1417.46 1418.76 4030
1403.59 1411.72 4010
1383.52 1398.34 3972
1370.16 1391.65 3953
1363.42 1391.65 3953
1356.69 1391.65 3953
1346.87 1388.48 3944
1330.64 1378.63 3916
1323.96 1378.63 3916
1317.28 1378.63 3916
1280.49 1346.94 3826
1271.3 1344.12 3818
1264.79 1344.12 3818
1258.28 1344.12 3818
1251.77 1344.12 3818
1245.27 1344.12 3818
1238.76 1344.12 3818
1229.34 1340.96 3809
1222.85 1340.96 3809
1224.66 1350.11 3835
1218.12 1350.11 3835
1211.58 1350.11 3835
1205.05 1350.11 3835
1206.95 1359.61 3862
1203.16 1362.78 3871
1196.56 1362.78 3871
1189.96 1362.78 3871
1191.62 1372.29 3898
1198.96 1388.48 3944
1192.23 1388.48 3944
1193.93 1398.34 3972
1204.49 1418.76 4030
1203.27 1425.45 4049
1196.36 1425.45 4049
1189.46 1425.45 4049
1187.27 1439.53 4089
1180.3 1439.53 4089
1173.33 1439.53 4089
1166.36 1439.53 4089
1159.39 1439.53 4089
1152.42 1439.53 4089
1145.44 1439.53 4089
1138.47 1439.53 4089
1131.5 1439.53 4089
1124.53 1439.53 4089
1117.56 1439.53 4089
1110.59 1439.53 4089
1103.62 1439.53 4089
1096.65 1439.53 4089
1087.01 1436.01 4079
1077.41 1432.49 4069
1070.48 1432.49 4069
1060.93 1428.97 4059
1046.48 1418.76 4030
1039.61 1418.76 4030
1032.74 1418.76 4030
1025.87 1418.76 4030
1019 1418.76 4030
1012.13 1418.76 4030
1005.25 1418.76 4030
998.385 1418.76 4030
989.054 1415.24 4020
982.201 1415.24 4020
975.348 1415.24 4020
966.086 1411.72 4010
959.25 1411.72 4010
945.764 1401.86 3982
938.975 1401.86 3982
927.739 1395.17 3963
918.659 1391.65 3953
914.227 1395.17 3963
907.471 1395.17 3963
900.715 1395.17 3963
900.276 1405.03 3991
893.472 1405.03 3991
886.668 1405.03 3991
879.865 1405.03 3991
866.936 1395.17 3963
858.009 1391.65 3953
851.271 1391.65 3953
842.609 1388.48 3944
837.793 1391.65 3953
831.054 1391.65 3953
824.315 1391.65 3953
817.576 1391.65 3953
805.094 1381.79 3925
796.572 1378.63 3916
789.896 1378.63 3916
783.221 1378.63 3916
776.545 1378.63 3916
769.869 1378.63 3916
763.193 1378.63 3916
756.517 1378.63 3916
746.395 1372.29 3898
736.334 1365.95 3880
729.719 1365.95 3880
713.041 1346.94 3826
703.379 1340.96 3809
693.776 1334.97 3792
687.311 1334.97 3792
677.615 1328.63 3774
666.735 1319.83 3749
657.35 1313.85 3732
650.988 1313.85 3732
644.626 1313.85 3732
636.895 1311.03 3724
630.547 1311.03 3724
622.857 1308.22 3716
616.523 1308.22 3716
610.188 1308.22 3716
603.853 1308.22 3716
596.071 1305.05 3707
589.751 1305.05 3707
583.432 1305.05 3707
578.514 1308.22 3716
572.179 1308.22 3716
567.062 1311.03 3724
560.714 1311.03 3724
554.365 1311.03 3724
548.017 1311.03 3724
542.832 1313.85 3732
536.47 1313.85 3732
532.522 1319.83 3749
527.254 1322.65 3757
520.849 1322.65 3757
514.444 1322.65 3757
506.958 1319.83 3749
498.297 1313.85 3732
491.935 1313.85 3732
483.491 1308.22 3716
473.946 1299.41 3691
467.654 1299.41 3691
461.361 1299.41 3691
454.083 1296.6 3683
447.804 1296.6 3683
439.608 1290.96 3667
433.356 1290.96 3667
424.193 1282.16 3642
415.345 1274.07 3619
406.462 1265.62 3595
400.333 1265.62 3595
394.205 1265.62 3595
-4.33608 157.718 448
-5.0998 157.718 448
-5.86353 157.718 448
-6.62726 157.718 448
-7.39098 157.718 448
-8.15471 157.718 448
-8.91844 157.718 448
-9.66055 157.366 447
-10.3993 157.014 446
-11.1346 156.662 445
-11.8932 156.662 445
-12.6233 156.31 444
-13.3501 155.958 443
-14.0735 155.606 442
-14.827 155.606 442
-15.5805 155.606 442
-16.2601 154.902 440
-16.9715 154.55 439
-17.5584 153.141 435
-18.3 153.141 435
-18.8665 151.733 431
-19.6012 151.733 431
-20.2416 151.029 429
-20.924 150.677 428
-21.6537 150.677 428
-22.331 150.325 427
-23.0049 149.973 426
-23.6754 149.621 425
-24.4 149.621 425
-25.1245 149.621 425
-25.6665 148.565 422
-26.3234 148.213 421
-27.0411 148.213 421
-27.7588 148.213 421
-28.3412 147.509 419
-28.9862 147.157 418
-29.6277 146.805 417
-30.3386 146.805 417
-30.9006 146.1 415
-31.608 146.1 415
-32.1598 145.396 413
-32.7842 145.044 412
-33.4866 145.044 412
-34.106 144.692 411
-34.7219 144.34 410
-35.2481 143.636 408
-35.9436 143.636 408
-36.6392 143.636 408
-37.2432 143.284 407
-37.8438 142.932 406
-38.5359 142.932 406
-39.2281 142.932 406
-39.8219 142.58 405
-40.5123 142.58 405
-41.101 142.228 404
-41.7897 142.228 404
-42.3733 141.876 403
-42.9534 141.524 402
-43.5302 141.172 401
-44.2138 141.172 401
-44.7854 140.82 400
-45.4673 140.82 400
-46.0339 140.468 399
-46.597 140.116 398
-47.2755 140.116 398
-47.954 140.116 398
-48.3881 139.412 396
-49.0631 139.412 396
-49.7382 139.412 396
-50.286 139.059 395
-50.9594 139.059 395
-51.6328 139.059 395
-52.3061 139.059 395
-52.9795 139.059 395
-53.6529 139.059 395
-70.6657 139.412 396
-71.7011 140.116 398
-72.3796 140.116 398
-73.0581 140.116 398
-73.7366 140.116 398
-74.4151 140.116 398
-75.0935 140.116 398
-75.772 140.116 398
-76.4505 140.116 398
-77.129 140.116 398
-78.003 140.468 399
-78.8804 140.82 400
-79.5623 140.82 400
-80.2442 140.82 400
-80.9261 140.82 400
-81.812 141.172 401
-82.7013 141.524 402
-83.3867 141.524 402
-84.072 141.524 402
-85.1789 142.228 404
-85.8677 142.228 404
-86.7706 142.58 405
-87.677 142.932 406
-88.3691 142.932 406
-89.0613 142.932 406
-89.9745 143.284 407
-90.6683 143.284 407
-91.3621 143.284 407
-92.056 143.284 407
-92.7498 143.284 407
-93.4436 143.284 407
-95.0626 144.692 411
-95.7633 144.692 411
-99.9845 149.973 426
-100.711 149.973 426
-101.675 150.325 427
-102.403 150.325 427
-103.131 150.325 427
-103.859 150.325 427
-104.587 150.325 427
-105.561 150.677 428
-106.291 150.677 428
-107.021 150.677 428
-108.002 151.029 429
-109.24 151.733 431
-109.975 151.733 431
-110.71 151.733 431
-111.962 152.437 433
-112.7 152.437 433
-113.438 152.437 433
-114.44 152.789 434
-115.18 152.789 434
-116.187 153.141 435
-116.928 153.141 435
-117.94 153.494 436
-118.956 153.846 437
-119.701 153.846 437
-120.721 154.198 438
-121.745 154.55 439
-122.773 154.902 440
-123.523 154.902 440
-124.555 155.254 441
-125.307 155.254 441
-126.059 155.254 441
-126.811 155.254 441
-127.563 155.254 441
-875.197 804.433 2285
-879.093 804.433 2285
-882.988 804.433 2285
-886.883 804.433 2285
-890.779 804.433 2285
-894.674 804.433 2285
-897.39 803.377 2282
-897.725 800.208 2273
-901.6 800.208 2273
-904.28 799.152 2270
-906.95 798.096 2267
-906.797 794.575 2257
-910.644 794.575 2257
-913.276 793.519 2254
-915.898 792.463 2251
-919.735 792.463 2251
-923.573 792.463 2251
-924.938 790.351 2245
-920.078 782.958 2224
-920.13 779.789 2215
-923.906 779.789 2215
-923.075 775.917 2204
-923.048 772.748 2195
-924.256 770.636 2189
-927.988 770.636 2189
-930.443 769.58 2186
-932.033 767.82 2181
-931.889 764.651 2172
-935.592 764.651 2172
-937.997 763.595 2169
-940.827 762.891 2167
-941.906 760.779 2161
-945.59 760.779 2161
-946.638 758.666 2155
-948.107 756.906 2150
-949.116 754.794 2144
-952.771 754.794 2144
-955.534 754.09 2142
-959.185 754.09 2142
-962.837 754.09 2142
-966.488 754.09 2142
-968.781 753.034 2139
-969.7 750.921 2133
-973.336 750.921 2133
-976.972 750.921 2133
-979.689 750.217 2131
-981.938 749.161 2128
-984.176 748.105 2125
-989.193 749.161 2128
-992.821 749.161 2128
-996.448 749.161 2128
-1000.08 749.161 2128
-1003.7 749.161 2128
-1007.33 749.161 2128
-1009.53 748.105 2125
-1013.16 748.105 2125
-1016.78 748.105 2125
-1018.96 747.049 2122
-1021.62 746.345 2120
-1022.33 744.232 2114
-1025.93 744.232 2114
-1027.1 742.472 2109
-1030.7 742.472 2109
-1030.37 739.656 2101
-1033.95 739.656 2101
-1035.06 737.895 2096
-1037.15 736.839 2093
-1039.72 736.135 2091
-1043.29 736.135 2091
-1045.35 735.079 2088
-1040.87 729.446 2072
-1041.88 727.686 2067
-1045.41 727.686 2067
-1039.8 721.349 2049
-1042.27 720.645 2047
-1041.67 717.829 2039
-1045.15 717.829 2039
-1044 714.66 2030
1431.2 1411.88 4030
1424.33 1411.88 4030
1417.46 1411.88 4030
1403.59 1404.88 4010
1380.39 1388.41 3963
1363.92 1378.6 3935
1357.22 1378.6 3935
1350.51 1378.6 3935
1343.8 1378.6 3935
1330.64 1371.94 3916
1323.96 1371.94 3916
1317.28 1371.94 3916
1280.49 1340.41 3826
1271.3 1337.61 3818
1264.79 1337.61 3818
1255.32 1334.46 3809
1248.82 1334.46 3809
1239.4 1331.3 3800
1235.84 1334.46 3809
1229.34 1334.46 3809
1222.85 1334.46 3809
1224.66 1343.57 3835
1218.12 1343.57 3835
1211.58 1343.57 3835
1230.5 1371.94 3916
1226.64 1375.1 3925
1219.94 1375.1 3925
1213.25 1375.1 3925
1206.56 1375.1 3925
1202.93 1378.6 3935
1207.47 1391.56 3972
1200.7 1391.56 3972
1196.93 1395.07 3982
1204.49 1411.88 4030
1203.27 1418.54 4049
1196.36 1418.54 4049
1189.46 1418.54 4049
1187.27 1432.55 4089
1180.3 1432.55 4089
1173.33 1432.55 4089
1166.36 1432.55 4089
1159.39 1432.55 4089
1152.42 1432.55 4089
1145.44 1432.55 4089
1138.47 1432.55 4089
1131.5 1432.55 4089
1110.59 1432.55 4089
1103.62 1432.55 4089
1096.65 1432.55 4089
1087.01 1429.05 4079
1080.06 1429.05 4079
1073.11 1429.05 4079
1063.54 1425.55 4069
1054.01 1422.04 4059
1047.09 1422.04 4059
1042.73 1425.55 4069
1035.79 1425.55 4069
1028.86 1425.55 4069
1019.41 1422.04 4059
1012.49 1422.04 4059
1005.57 1422.04 4059
993.729 1415.04 4039
986.844 1415.04 4039
979.958 1415.04 4039
970.904 1411.88 4030
961.642 1408.38 4020
950.276 1401.72 4001
943.456 1401.72 4001
932.187 1395.07 3982
923.075 1391.56 3972
918.61 1395.07 3982
913.883 1398.22 3991
907.079 1398.22 3991
902.531 1401.72 4001
895.711 1401.72 4001
888.89 1401.72 4001
879.865 1398.22 3991
873.061 1398.22 3991
860.18 1388.41 3963
853.424 1388.41 3963
846.668 1388.41 3963
839.912 1388.41 3963
833.156 1388.41 3963
826.4 1388.41 3963
819.644 1388.41 3963
810.837 1384.91 3953
798.403 1375.1 3925
793.729 1378.6 3935
787.021 1378.6 3935
780.312 1378.6 3935
773.604 1378.6 3935
766.896 1378.6 3935
756.517 1371.94 3916
746.395 1365.64 3898
736.334 1359.33 3880
729.719 1359.33 3880
713.041 1340.41 3826
703.379 1334.46 3809
693.776 1328.5 3792
687.311 1328.5 3792
677.615 1322.2 3774
666.735 1313.44 3749
657.35 1307.48 3732
650.988 1307.48 3732
644.626 1307.48 3732
636.895 1304.68 3724
630.547 1304.68 3724
622.857 1301.88 3716
616.523 1301.88 3716
610.188 1301.88 3716
603.853 1301.88 3716
596.071 1298.72 3707
589.751 1298.72 3707
583.432 1298.72 3707
578.514 1301.88 3716
574.642 1307.48 3732
569.498 1310.28 3740
563.123 1310.28 3740
556.747 1310.28 3740
551.696 1313.44 3749
546.468 1316.24 3757
540.063 1316.24 3757
534.937 1319.39 3766
528.517 1319.39 3766
522.097 1319.39 3766
515.677 1319.39 3766
508.04 1316.24 3757
499.365 1310.28 3740
492.989 1310.28 3740
485.573 1307.48 3732
477.156 1301.88 3716
469.681 1298.72 3707
463.361 1298.72 3707
455.069 1293.12 3691
447.804 1290.31 3683
440.567 1287.51 3675
434.302 1287.51 3675
427.105 1284.71 3667
417.984 1275.95 3642
408.271 1265.09 3611
402.115 1265.09 3611
394.205 1259.48 3595
-4.33608 156.954 448
-5.0998 156.954 448
-5.86353 156.954 448
-6.62726 156.954 448
-7.39098 156.954 448
-8.15471 156.954 448
-8.91844 156.954 448
-9.66055 156.603 447
-10.3993 156.253 446
-11.1596 156.253 446
-11.9199 156.253 446
-12.6518 155.903 445
-13.4104 155.903 445
-14.1053 155.202 443
-14.8605 155.202 443
-15.6157 155.202 443
-16.297 154.501 441
-16.9715 153.801 439
-17.5584 152.399 435
-18.3 152.399 435
-18.8665 150.998 431
-19.6012 150.998 431
-20.2416 150.297 429
-20.924 149.947 428
-21.6537 149.947 428
-22.331 149.597 427
-23.0049 149.246 426
-23.6754 148.896 425
-24.4 148.896 425
-25.1245 148.896 425
-25.6665 147.845 422
-26.3234 147.495 421
-27.0411 147.495 421
-27.7588 147.495 421
-28.3412 146.794 419
-28.9862 146.443 418
-29.6277 146.093 417
-30.3386 146.093 417
-30.9006 145.392 415
-31.608 145.392 415
-32.1598 144.692 413
-32.7842 144.341 412
-33.4866 144.341 412
-34.189 144.341 412
-34.7219 143.641 410
-35.3345 143.29 409
-36.0317 143.29 409
-36.6392 142.94 408
-37.2432 142.59 407
-37.937 142.59 407
-38.5359 142.239 406
-39.2281 142.239 406
-39.8219 141.889 405
-40.5123 141.889 405
-41.101 141.539 404
-41.7897 141.539 404
-42.3733 141.188 403
-42.9534 140.838 402
-43.5302 140.488 401
-44.2138 140.488 401
-44.7854 140.137 400
-45.3537 139.787 399
-46.0339 139.787 399
-46.597 139.437 398
-47.2755 139.437 398
-47.8335 139.086 397
-48.3881 138.736 396
-48.9393 138.386 395
-49.6126 138.386 395
-50.286 138.386 395
-50.9594 138.386 395
-51.6328 138.386 395
-52.3061 138.386 395
-52.9795 138.386 395
-53.6529 138.386 395
-54.1887 138.035 394
-54.8604 138.035 394
-55.5321 138.035 394
-56.2037 138.035 394
-56.731 137.685 393
-57.401 137.685 393
-70.6657 138.736 396
-71.521 139.086 397
-72.3796 139.437 398
-73.0581 139.437 398
-73.7366 139.437 398
-74.4151 139.437 398
-75.0935 139.437 398
-75.772 139.437 398
-76.4505 139.437 398
-77.129 139.437 398
-78.003 139.787 399
-78.8804 140.137 400
-79.5623 140.137 400
-80.2442 140.137 400
-80.9261 140.137 400
-81.812 140.488 401
-82.7013 140.838 402
-83.3867 140.838 402
-84.2811 141.188 403
-85.3898 141.889 405
-86.0802 141.889 405
-86.9849 142.239 406
-87.677 142.239 406
-88.5868 142.59 407
-89.2806 142.59 407
-90.1955 142.94 408
-91.1138 143.29 409
-92.0356 143.641 410
-92.7345 143.641 410
-93.4334 143.641 410
-94.1324 143.641 410
-95.0626 143.991 411
-95.7633 143.991 411
-99.9845 149.246 426
-100.711 149.246 426
-101.675 149.597 427
-102.403 149.597 427
-103.131 149.597 427
-103.859 149.597 427
-104.587 149.597 427
-105.561 149.947 428
-106.291 149.947 428
-107.021 149.947 428
-108.002 150.297 429
-109.24 150.998 431
-109.975 150.998 431
-110.71 150.998 431
-111.962 151.699 433
-112.7 151.699 433
-113.438 151.699 433
-114.44 152.049 434
-115.18 152.049 434
-116.187 152.399 435
-116.928 152.399 435
-117.94 152.75 436
-118.956 153.1 437
-119.701 153.1 437
-120.721 153.45 438
-121.745 153.801 439
-123.052 154.501 441
-123.804 154.501 441
-124.555 154.501 441
-125.307 154.501 441
-126.059 154.501 441
-126.811 154.501 441
-127.563 154.501 441
-875.197 800.534 2285
-879.093 800.534 2285
-882.988 800.534 2285
-886.883 800.534 2285
-890.779 800.534 2285
-894.674 800.534 2285
-897.39 799.483 2282
-897.725 796.33 2273
-901.6 796.33 2273
-904.28 795.279 2270
-906.95 794.228 2267
-903.181 787.572 2248
-907.013 787.572 2248
-910.845 787.572 2248
-914.677 787.572 2248
-917.284 786.521 2245
-921.111 786.521 2245
-923.702 785.47 2242
-916.354 776.01 2215
-919.299 775.31 2213
-923.072 775.31 2213
-921.819 771.105 2201
-920.525 766.901 2189
-920.879 764.099 2181
-924.597 764.099 2181
-928.315 764.099 2181
-929.469 761.997 2175
-930.602 759.895 2169
-934.3 759.895 2169
-935.835 758.143 2164
-938.222 757.092 2161
-940.598 756.041 2158
-944.277 756.041 2158
-945.759 754.289 2153
-948.107 753.238 2150
-948.231 750.435 2142
-951.882 750.435 2142
-955.534 750.435 2142
-959.185 750.435 2142
-961.488 749.384 2139
-965.135 749.384 2139
-968.781 749.384 2139
-969.7 747.282 2133
-973.336 747.282 2133
-976.972 747.282 2133
-979.689 746.581 2131
-981.938 745.53 2128
-984.176 744.479 2125
-989.193 745.53 2128
-992.821 745.53 2128
-996.448 745.53 2128
-1000.08 745.53 2128
-1003.7 745.53 2128
-1007.33 745.53 2128
-1009.53 744.479 2125
-1013.16 744.479 2125
-1016.78 744.479 2125
-1018.96 743.428 2122
-1021.62 742.728 2120
-1022.33 740.626 2114
-1025.93 740.626 2114
-1027.1 738.874 2109
-1030.7 738.874 2109
-1030.37 736.071 2101
-1033.95 736.071 2101
-1035.06 734.319 2096
-1037.15 733.268 2093
-1039.72 732.568 2091
-1043.29 732.568 2091
-1045.35 731.517 2088
-1040.87 725.911 2072
-1041.88 724.159 2067
-1045.41 724.159 2067
-1039.8 717.853 2049
-1042.27 717.153 2047
-1041.67 714.35 2039
-1045.15 714.35 2039
-1044 711.197 2030
1431.2 1405.01 4030
1424.33 1405.01 4030
1417.46 1405.01 4030
1410.59 1405.01 4030
1380.39 1381.65 3963
1376.75 1384.79 3972
1369.98 1384.79 3972
1363.21 1384.79 3972
1343.8 1371.89 3935
1337.09 1371.89 3935
1330.38 1371.89 3935
1317.28 1365.26 3916
1283.5 1337.02 3835
1268.3 1327.96 3809
1261.81 1327.96 3809
1252.35 1324.82 3800
1245.87 1324.82 3800
1239.4 1324.82 3800
1232.92 1324.82 3800
1226.44 1324.82 3800
1222.85 1327.96 3809
1224.66 1337.02 3835
1218.12 1337.02 3835
1211.58 1337.02 3835
1230.5 1365.26 3916
1226.64 1368.4 3925
1219.94 1368.4 3925
1213.25 1368.4 3925
1206.56 1368.4 3925
1202.93 1371.89 3935
1207.47 1384.79 3972
1200.7 1384.79 3972
1196.93 1388.27 3982
1204.49 1405.01 4030
1203.27 1411.63 4049
1196.36 1411.63 4049
1189.46 1411.63 4049
1166.36 1425.58 4089
1159.39 1425.58 4089
1152.42 1425.58 4089
1145.44 1425.58 4089
1138.47 1425.58 4089
1131.5 1425.58 4089
1110.59 1425.58 4089
1103.62 1425.58 4089
1096.65 1425.58 4089
1087.01 1422.09 4079
1080.06 1422.09 4079
1073.11 1422.09 4079
1066.15 1422.09 4079
1059.2 1422.09 4079
1052.25 1422.09 4079
1045.29 1422.09 4079
1038.34 1422.09 4079
1031.39 1422.09 4079
1021.92 1418.6 4069
1014.98 1418.6 4069
1005.57 1415.12 4059
998.65 1415.12 4059
991.73 1415.12 4059
984.81 1415.12 4059
977.891 1415.12 4059
970.971 1415.12 4059
954.789 1401.52 4020
947.936 1401.52 4020
936.635 1394.9 4001
929.814 1394.9 4001
925.07 1398.03 4010
918.234 1398.03 4010
911.398 1398.03 4010
904.562 1398.03 4010
897.726 1398.03 4010
890.89 1398.03 4010
884.053 1398.03 4010
875.249 1394.9 4001
866.257 1391.41 3991
859.454 1391.41 3991
848.591 1384.79 3972
841.82 1384.79 3972
835.048 1384.79 3972
828.277 1384.79 3972
821.506 1384.79 3972
814.735 1384.79 3972
806.133 1381.65 3963
799.377 1381.65 3963
790.621 1378.16 3953
783.882 1378.16 3953
777.143 1378.16 3953
770.404 1378.16 3953
761.927 1375.02 3944
749.842 1365.26 3916
739.75 1358.99 3898
733.105 1358.99 3898
719.75 1346.44 3862
706.519 1333.89 3826
698.533 1331.1 3818
692.024 1331.1 3818
680.847 1322.03 3792
672.782 1318.89 3783
661.753 1309.83 3757
655.349 1309.83 3757
648.944 1309.83 3757
642.539 1309.83 3757
634.78 1307.04 3749
628.389 1307.04 3749
620.504 1303.9 3740
612.815 1301.11 3732
606.453 1301.11 3732
600.091 1301.11 3732
593.729 1301.11 3732
587.367 1301.11 3732
581.004 1301.11 3732
574.642 1301.11 3732
569.498 1303.9 3740
563.123 1303.9 3740
556.747 1303.9 3740
551.696 1307.04 3749
546.468 1309.83 3757
540.063 1309.83 3757
534.937 1312.97 3766
528.517 1312.97 3766
522.097 1312.97 3766
515.677 1312.97 3766
508.04 1309.83 3757
499.365 1303.9 3740
492.989 1303.9 3740
485.573 1301.11 3732
477.156 1295.54 3716
469.681 1292.4 3707
463.361 1292.4 3707
455.069 1286.82 3691
447.804 1284.03 3683
440.567 1281.24 3675
434.302 1281.24 3675
427.105 1278.45 3667
417.984 1269.74 3642
408.271 1258.93 3611
402.115 1258.93 3611
394.205 1253.35 3595
-4.33608 156.189 448
-5.0998 156.189 448
-5.86353 156.189 448
-6.62726 156.189 448
-7.39098 156.189 448
-8.15471 156.189 448
-8.91844 156.189 448
-9.66055 155.841 447
-10.3993 155.492 446
-11.1596 155.492 446
-11.9199 155.492 446
-12.6518 155.144 445
-13.4104 155.144 445
-14.1053 154.446 443
-14.8605 154.446 443
-15.6157 154.446 443
-16.297 153.749 441
-16.9715 153.052 439
-17.5584 151.657 435
-18.3 151.657 435
-18.8665 150.263 431
-19.6012 150.263 431
-20.2416 149.565 429
-20.924 149.217 428
-21.6537 149.217 428
-22.331 148.868 427
-23.0049 148.519 426
-23.564 147.474 423
-24.2851 147.474 423
-25.0062 147.474 423
-25.6665 147.125 422
-26.3234 146.776 421
-27.0411 146.776 421
-27.7588 146.776 421
-28.3412 146.079 419
-28.9862 145.73 418
-29.6277 145.382 417
-30.3386 145.382 417
-31.0495 145.382 417
-31.608 144.684 415
-32.2376 144.336 414
-32.8638 143.987 413
-33.5679 143.987 413
-34.189 143.639 412
-34.8066 143.29 411
-35.3345 142.593 409
-36.0317 142.593 409
-36.6392 142.244 408
-37.2432 141.895 407
-37.937 141.895 407
-38.5359 141.547 406
-39.2281 141.547 406
-39.8219 141.198 405
-40.5123 141.198 405
-41.101 140.849 404
-41.7897 140.849 404
-42.3733 140.501 403
-42.8466 139.803 401
-43.5302 139.803 401
-44.2138 139.803 401
-44.6735 139.106 399
-45.3537 139.106 399
-45.9185 138.758 398
-46.4799 138.409 397
-47.1567 138.409 397
-47.713 138.06 396
-48.2659 137.712 395
-48.9393 137.712 395
-49.6126 137.712 395
-50.286 137.712 395
-50.9594 137.712 395
-51.6328 137.712 395
-52.3061 137.712 395
-52.8454 137.363 394
-53.5171 137.363 394
-54.1887 137.363 394
-54.8604 137.363 394
-55.5321 137.363 394
-56.2037 137.363 394
-56.8754 137.363 394
-57.5471 137.363 394
-58.2187 137.363 394
-58.7409 137.014 393
-59.4109 137.014 393
-60.0809 137.014 393
-67.7938 137.712 395
-68.4671 137.712 395
-69.1405 137.712 395
-69.8139 137.712 395
-70.6657 138.06 396
-71.521 138.409 397
-72.1977 138.409 397
-72.8745 138.409 397
-73.7366 138.758 398
-74.4151 138.758 398
-75.0935 138.758 398
-75.772 138.758 398
-76.4505 138.758 398
-77.129 138.758 398
-78.003 139.106 399
-78.8804 139.455 400
-79.5623 139.455 400
-80.2442 139.455 400
-80.9261 139.455 400
-81.812 139.803 401
-82.7013 140.152 402
-83.3867 140.152 402
-84.2811 140.501 403
-85.3898 141.198 405
-86.0802 141.198 405
-86.9849 141.547 406
-87.677 141.547 406
-88.5868 141.895 407
-89.2806 141.895 407
-90.1955 142.244 408
-91.1138 142.593 409
-92.0356 142.941 410
-92.7345 142.941 410
-93.4334 142.941 410
-95.0508 144.336 414
-95.7565 144.336 414
-97.3943 145.73 418
-100.219 148.868 427
-100.947 148.868 427
-101.675 148.868 427
-102.403 148.868 427
-103.131 148.868 427
-103.859 148.868 427
-104.587 148.868 427
-105.561 149.217 428
-106.291 149.217 428
-107.021 149.217 428
-108.002 149.565 429
-109.24 150.263 431
-109.975 150.263 431
-110.71 150.263 431
-111.962 150.96 433
-112.7 150.96 433
-113.438 150.96 433
-114.44 151.309 434
-115.18 151.309 434
-116.187 151.657 435
-116.928 151.657 435
-117.94 152.006 436
-118.956 152.354 437
-119.701 152.354 437
-120.721 152.703 438
-121.745 153.052 439
-123.052 153.749 441
-123.804 153.749 441
-124.555 153.749 441
-125.307 153.749 441
-126.059 153.749 441
-126.811 153.749 441
-871.75 793.498 2276
-875.63 793.498 2276
-879.51 793.498 2276
-883.39 793.498 2276
-887.27 793.498 2276
-891.15 793.498 2276
-892.671 791.406 2270
-894.171 789.314 2264
-898.03 789.314 2264
-899.101 786.874 2257
-901.749 785.828 2254
-903.181 783.736 2248
-907.013 783.736 2248
-910.845 783.736 2248
-914.677 783.736 2248
-917.284 782.69 2245
-921.111 782.69 2245
-923.702 781.644 2242
-916.354 772.231 2215
-919.299 771.534 2213
-923.072 771.534 2213
-921.819 767.35 2201
-920.525 763.167 2189
-920.879 760.378 2181
-924.597 760.378 2181
-928.315 760.378 2181
-929.469 758.286 2175
-930.602 756.194 2169
-934.3 756.194 2169
-935.835 754.451 2164
-938.222 753.405 2161
-940.598 752.359 2158
-944.277 752.359 2158
-945.759 750.616 2153
-948.107 749.57 2150
-949.116 747.478 2144
-952.771 747.478 2144
-955.534 746.781 2142
-959.185 746.781 2142
-961.488 745.735 2139
-965.135 745.735 2139
-967.422 744.689 2136
-969.7 743.643 2133
-973.336 743.643 2133
-976.972 743.643 2133
-979.689 742.946 2131
-981.938 741.9 2128
-984.176 740.854 2125
-987.799 740.854 2125
-991.421 740.854 2125
-995.044 740.854 2125
-998.666 740.854 2125
-1002.29 740.854 2125
-1005.91 740.854 2125
-1008.11 739.808 2122
-1011.73 739.808 2122
-1015.34 739.808 2122
-1018 739.111 2120
-1020.17 738.065 2117
-1022.33 737.019 2114
-1025.93 737.019 2114
-1027.1 735.276 2109
-1028.25 733.533 2104
-1030.37 732.487 2101
-1033.95 732.487 2101
-1033.58 729.698 2093
-1036.16 729 2091
-1038.23 727.954 2088
-1041.79 727.954 2088
-1042.85 726.211 2083
-1040.87 722.376 2072
-1041.88 720.633 2067
-1045.41 720.633 2067
-1039.8 714.357 2049
-1042.27 713.66 2047
-1041.67 710.871 2039
-1045.15 710.871 2039
-1044 707.733 2030
1424.33 1398.13 4030
1417.46 1398.13 4030
1410.59 1398.13 4030
1380.39 1374.89 3963
1380.22 1381.48 3982
1373.43 1381.48 3982
1366.64 1381.48 3982
1356.44 1378.01 3972
1346.61 1374.89 3963
1339.85 1374.89 3963
1320.31 1361.7 3925
1286.51 1333.6 3844
1265.31 1318.34 3800
1258.83 1318.34 3800
1252.35 1318.34 3800
1243.25 1315.56 3792
1236.79 1315.56 3792
1232.92 1318.34 3800
1226.44 1318.34 3800
1219.96 1318.34 3800
1219.23 1324.58 3818
1226.7 1339.85 3862
1220.11 1339.85 3862
1233.33 1361.7 3925
1226.64 1361.7 3925
1228.65 1371.42 3953
1221.91 1371.42 3953
1215.17 1371.42 3953
1208.43 1371.42 3953
1210.51 1381.48 3982
1203.72 1381.48 3982
1202.64 1388.07 4001
1204.49 1398.13 4030
1203.27 1404.72 4049
1196.36 1404.72 4049
1189.46 1404.72 4049
1100.92 1415.13 4079
1093.97 1415.13 4079
1087.01 1415.13 4079
1080.06 1415.13 4079
1073.11 1415.13 4079
1066.15 1415.13 4079
1059.2 1415.13 4079
1052.25 1415.13 4079
1045.29 1415.13 4079
1038.34 1415.13 4079
1031.39 1415.13 4079
1021.92 1411.66 4069
1014.98 1411.66 4069
1005.57 1408.19 4059
998.65 1408.19 4059
991.73 1408.19 4059
984.81 1408.19 4059
977.891 1408.19 4059
973.364 1411.66 4069
966.427 1411.66 4069
959.49 1411.66 4069
947.872 1404.72 4049
938.645 1401.25 4039
929.683 1398.13 4030
927.164 1404.72 4049
920.262 1404.72 4049
913.359 1404.72 4049
906.456 1404.72 4049
899.554 1404.72 4049
890.447 1401.25 4039
883.561 1401.25 4039
870.381 1391.19 4010
863.545 1391.19 4010
854.786 1388.07 4001
847.966 1388.07 4001
843.037 1391.19 4010
836.201 1391.19 4010
829.365 1391.19 4010
818.632 1384.6 3991
807.963 1378.01 3972
801.192 1378.01 3972
794.421 1378.01 3972
787.65 1378.01 3972
780.878 1378.01 3972
774.107 1378.01 3972
765.597 1374.89 3963
756.926 1371.42 3953
743.166 1358.58 3916
736.49 1358.58 3916
726.46 1352.34 3898
714.829 1342.97 3871
706.583 1339.85 3862
699.999 1339.85 3862
690.184 1333.6 3844
683.63 1333.6 3844
670.913 1321.46 3809
664.419 1321.46 3809
657.926 1321.46 3809
649.893 1318.34 3800
643.415 1318.34 3800
636.937 1318.34 3800
627.639 1312.44 3783
619.712 1309.32 3774
613.278 1309.32 3774
606.844 1309.32 3774
599.138 1306.54 3766
591.301 1303.42 3757
586.298 1306.54 3766
579.878 1306.54 3766
573.457 1306.54 3766
567.037 1306.54 3766
560.617 1306.54 3766
554.197 1306.54 3766
547.777 1306.54 3766
541.357 1306.54 3766
537.352 1312.44 3783
530.903 1312.44 3783
524.454 1312.44 3783
518.005 1312.44 3783
510.338 1309.32 3774
503.905 1309.32 3774
494.176 1300.64 3749
485.573 1294.75 3732
477.156 1289.2 3716
470.821 1289.2 3716
464.486 1289.2 3716
455.069 1280.52 3691
447.804 1277.75 3683
440.567 1274.97 3675
434.302 1274.97 3675
427.105 1272.2 3667
417.984 1263.52 3642
408.271 1252.77 3611
402.115 1252.77 3611
394.205 1247.22 3595
-4.33608 155.425 448
-5.0998 155.425 448
-5.86353 155.425 448
-6.62726 155.425 448
-7.39098 155.425 448
-8.15471 155.425 448
-8.91844 155.425 448
-9.66055 155.078 447
-10.4226 155.078 447
-11.1596 154.731 446
-11.9199 154.731 446
-12.6518 154.384 445
-13.4104 154.384 445
-14.1372 154.037 444
-14.8941 154.037 444
-15.6157 153.69 443
-16.297 152.997 441
-16.9715 152.303 439
-17.5988 151.262 436
-18.3421 151.262 436
-18.9102 149.874 432
-19.6012 149.527 431
-20.2416 148.833 429
-20.924 148.486 428
-21.6537 148.486 428
-22.331 148.14 427
-24.2277 146.405 422
-24.9471 146.405 422
-25.6665 146.405 422
-26.3234 146.058 421
-27.0411 146.058 421
-27.7588 146.058 421
-28.3412 145.364 419
-28.9862 145.017 418
-29.6277 144.67 417
-30.3386 144.67 417
-31.0495 144.67 417
-31.608 143.976 415
-32.2376 143.629 414
-32.8638 143.283 413
-33.5679 143.283 413
-34.189 142.936 412
-34.8066 142.589 411
-35.3345 141.895 409
-36.0317 141.895 409
-36.6392 141.548 408
-37.2432 141.201 407
-37.937 141.201 407
-38.5359 140.854 406
-39.2281 140.854 406
-39.8219 140.507 405
-40.5123 140.507 405
-41.101 140.16 404
-41.7897 140.16 404
-42.3733 139.813 403
-42.8466 139.119 401
-43.5302 139.119 401
-44.2138 139.119 401
-44.6735 138.425 399
-45.3537 138.425 399
-45.9185 138.079 398
-46.4799 137.732 397
-47.1567 137.732 397
-47.713 137.385 396
-48.2659 137.038 395
-48.9393 137.038 395
-49.6126 137.038 395
-50.286 137.038 395
-50.9594 137.038 395
-51.6328 137.038 395
-52.3061 137.038 395
-52.8454 136.691 394
-53.5171 136.691 394
-54.1887 136.691 394
-54.8604 136.691 394
-55.5321 136.691 394
-56.2037 136.691 394
-56.8754 136.691 394
-57.5471 136.691 394
-58.2187 136.691 394
-58.7409 136.344 393
-59.4109 136.344 393
-60.2338 136.691 394
-60.9054 136.691 394
-61.5771 136.691 394
-65.7736 137.038 395
-66.447 137.038 395
-67.1204 137.038 395
-67.7938 137.038 395
-68.4671 137.038 395
-69.1405 137.038 395
-69.9906 137.385 396
-70.6657 137.385 396
-71.3408 137.385 396
-72.0159 137.385 396
-72.8745 137.732 397
-73.5513 137.732 397
-74.2281 137.732 397
-75.0935 138.079 398
-75.772 138.079 398
-76.4505 138.079 398
-77.129 138.079 398
-78.003 138.425 399
-78.6832 138.425 399
-79.5623 138.772 400
-80.2442 138.772 400
-80.9261 138.772 400
-81.812 139.119 401
-82.7013 139.466 402
-83.3867 139.466 402
-84.2811 139.813 403
-85.6006 140.854 406
-86.2928 140.854 406
-86.9849 140.854 406
-87.893 141.201 407
-88.8045 141.548 408
-89.5 141.548 408
-90.6377 142.242 410
-91.5594 142.589 411
-92.26 142.589 411
-93.1869 142.936 412
-93.8892 142.936 412
-95.0508 143.629 414
-95.7565 143.629 414
-97.3943 145.017 418
-100.219 148.14 427
-100.947 148.14 427
-101.675 148.14 427
-102.403 148.14 427
-103.131 148.14 427
-103.859 148.14 427
-104.587 148.14 427
-105.561 148.486 428
-106.291 148.486 428
-107.021 148.486 428
-108.002 148.833 429
-108.987 149.18 430
-109.72 149.18 430
-110.71 149.527 431
-111.962 150.221 433
-112.7 150.221 433
-113.438 150.221 433
-114.44 150.568 434
-115.18 150.568 434
-116.187 150.915 435
-116.928 150.915 435
-117.94 151.262 436
-118.956 151.609 437
-119.701 151.609 437
-120.721 151.956 438
-121.745 152.303 439
-123.052 152.997 441
-123.804 152.997 441
-124.555 152.997 441
-125.307 152.997 441
-126.059 152.997 441
-126.811 152.997 441
-849.186 772.615 2227
-868.303 786.493 2267
-872.168 786.493 2267
-876.032 786.493 2267
-879.897 786.493 2267
-883.762 786.493 2267
-883.711 783.023 2257
-887.558 783.023 2257
-890.221 781.983 2254
-894.064 781.983 2254
-896.711 780.942 2251
-899.348 779.901 2248
-901.975 778.86 2245
-905.802 778.86 2245
-907.199 776.779 2239
-911.016 776.779 2239
-914.832 776.779 2239
-918.649 776.779 2239
-919.994 774.697 2233
-915.527 767.758 2213
-915.561 764.636 2204
-919.318 764.636 2204
-919.306 761.514 2195
-917.161 756.657 2181
-920.879 756.657 2181
-924.597 756.657 2181
-925.761 754.575 2175
-928.187 753.534 2172
-930.602 752.493 2169
-934.3 752.493 2169
-935.835 750.759 2164
-938.222 749.718 2161
-940.598 748.677 2158
-944.277 748.677 2158
-945.759 746.943 2153
-948.107 745.902 2150
-949.116 743.82 2144
-952.771 743.82 2144
-955.534 743.126 2142
-959.185 743.126 2142
-962.837 743.126 2142
-966.488 743.126 2142
-967.422 741.045 2136
-969.7 740.004 2133
-973.336 740.004 2133
-976.972 740.004 2133
-979.689 739.31 2131
-981.938 738.269 2128
-984.176 737.228 2125
-987.799 737.228 2125
-991.421 737.228 2125
-995.044 737.228 2125
-998.666 737.228 2125
-1002.29 737.228 2125
-1005.91 737.228 2125
-1008.11 736.188 2122
-1011.73 736.188 2122
-1015.34 736.188 2122
-1018 735.494 2120
-1020.17 734.453 2117
-1022.33 733.412 2114
-1025.93 733.412 2114
-1027.1 731.678 2109
-1026.79 728.902 2101
-1026.44 726.127 2093
-1030.01 726.127 2093
-1032.59 725.433 2091
-1033.18 723.351 2085
-1035.74 722.657 2083
-1039.29 722.657 2083
-1041.34 721.617 2080
-1038.36 717.106 2067
-1039.36 715.372 2062
-1042.88 715.372 2062
-1039.8 710.862 2049
-1040.74 709.127 2044
-1041.67 707.392 2039
-1045.15 707.392 2039
-1044 704.27 2030
1424.33 1391.26 4030
1417.46 1391.26 4030
1410.59 1391.26 4030
1380.39 1368.13 3963
1389.92 1384.35 4010
1383.08 1384.35 4010
1376.25 1384.35 4010
1356.44 1371.23 3972
1346.61 1368.13 3963
1339.85 1368.13 3963
1320.31 1355.01 3925
1286.51 1327.04 3844
1265.31 1311.85 3800
1258.83 1311.85 3800
1252.35 1311.85 3800
1243.25 1309.09 3792
1236.79 1309.09 3792
1230.32 1309.09 3792
1223.86 1309.09 3792
1217.39 1309.09 3792
1219.23 1318.07 3818
1226.7 1333.26 3862
1220.11 1333.26 3862
1233.33 1355.01 3925
1226.64 1355.01 3925
1228.65 1364.67 3953
1221.91 1364.67 3953
1215.17 1364.67 3953
1217.3 1374.69 3982
1216.28 1381.24 4001
1209.46 1381.24 4001
1211.36 1391.26 4030
1210.17 1397.82 4049
1209.21 1404.72 4069
1202.27 1404.72 4069
1195.34 1404.72 4069
1080.06 1408.17 4079
1073.11 1408.17 4079
1066.15 1408.17 4079
1059.2 1408.17 4079
1052.25 1408.17 4079
1045.29 1408.17 4079
1038.34 1408.17 4079
1031.39 1408.17 4079
1021.92 1404.72 4069
1014.98 1404.72 4069
1005.57 1401.27 4059
998.65 1401.27 4059
996.617 1408.17 4079
989.663 1408.17 4079
982.709 1408.17 4079
975.756 1408.17 4079
966.427 1404.72 4069
959.49 1404.72 4069
947.872 1397.82 4049
938.645 1394.36 4039
929.683 1391.26 4030
927.164 1397.82 4049
920.262 1397.82 4049
913.359 1397.82 4049
906.456 1397.82 4049
899.554 1397.82 4049
890.447 1394.36 4039
883.561 1394.36 4039
870.381 1384.35 4010
863.545 1384.35 4010
854.786 1381.24 4001
847.966 1381.24 4001
843.037 1384.35 4010
836.201 1384.35 4010
829.365 1384.35 4010
818.632 1377.79 3991
807.963 1371.23 3972
801.192 1371.23 3972
794.421 1371.23 3972
787.65 1371.23 3972
782.844 1374.69 3982
776.056 1374.69 3982
769.268 1374.69 3982
760.564 1371.23 3972
750.187 1364.67 3953
743.449 1364.67 3953
729.814 1351.9 3916
719.814 1345.69 3898
713.169 1345.69 3898
706.524 1345.69 3898
696.647 1339.47 3880
688.432 1336.37 3871
677.077 1327.04 3844
670.524 1327.04 3844
662.417 1323.94 3835
654.34 1320.83 3826
646.463 1318.07 3818
639.954 1318.07 3818
633.445 1318.07 3818
623.981 1311.85 3800
616.203 1309.09 3792
609.739 1309.09 3792
603.274 1309.09 3792
595.393 1305.99 3783
588.944 1305.99 3783
582.495 1305.99 3783
576.046 1305.99 3783
569.597 1305.99 3783
561.808 1302.88 3774
556.699 1305.99 3783
550.25 1305.99 3783
543.801 1305.99 3783
538.63 1309.09 3792
532.166 1309.09 3792
525.701 1309.09 3792
518.005 1305.99 3783
511.555 1305.99 3783
505.106 1305.99 3783
497.471 1302.88 3774
486.614 1291.14 3740
479.211 1288.38 3732
472.848 1288.38 3732
464.486 1282.86 3716
457.042 1279.75 3707
450.722 1279.75 3707
444.403 1279.75 3707
435.247 1271.46 3683
428.037 1268.7 3675
417.984 1257.31 3642
410.08 1252.13 3627
403.897 1252.13 3627
394.205 1241.08 3595
-4.33608 154.661 448
-5.0998 154.661 448
-5.86353 154.661 448
-6.62726 154.661 448
-7.39098 154.661 448
-8.15471 154.661 448
-8.91844 154.661 448
-9.68217 154.661 448
-10.4226 154.316 447
-11.1596 153.97 446
-11.9199 153.97 446
-12.6518 153.625 445
-13.4104 153.625 445
-14.1372 153.28 444
-14.8941 153.28 444
-15.6157 152.935 443
-16.297 152.244 441
-16.9715 151.554 439
-17.5988 150.518 436
-18.3421 150.518 436
-19.0416 150.173 435
-19.6012 148.792 431
-20.2416 148.102 429
-20.9729 148.102 429
-21.7043 148.102 429
-24.888 145.34 421
-25.6057 145.34 421
-26.3234 145.34 421
-28.9168 143.959 417
-29.6277 143.959 417
-30.3386 143.959 417
-31.0495 143.959 417
-31.6842 143.614 416
-32.2376 142.923 414
-32.8638 142.578 413
-33.5679 142.578 413
-34.189 142.233 412
-34.8066 141.887 411
-35.3345 141.197 409
-36.0317 141.197 409
-36.6392 140.852 408
-37.2432 140.507 407
-37.937 140.507 407
-38.5359 140.161 406
-39.2281 140.161 406
-39.8219 139.816 405
-40.4123 139.471 404
-41.101 139.471 404
-41.7897 139.471 404
-42.2681 138.78 402
-42.8466 138.435 401
-43.4216 138.09 400
-44.1035 138.09 400
-44.6735 137.745 399
-45.24 137.4 398
-45.9185 137.4 398
-46.4799 137.054 397
-47.1567 137.054 397
-47.713 136.709 396
-48.2659 136.364 395
-48.9393 136.364 395
-49.6126 136.364 395
-50.286 136.364 395
-50.9594 136.364 395
-51.6328 136.364 395
-52.3061 136.364 395
-52.8454 136.019 394
-53.5171 136.019 394
-54.1887 136.019 394
-54.8604 136.019 394
-55.5321 136.019 394
-56.2037 136.019 394
-56.8754 136.019 394
-57.5471 136.019 394
-58.2187 136.019 394
-58.7409 135.673 393
-59.5621 136.019 394
-60.2338 136.019 394
-60.9054 136.019 394
-61.5771 136.019 394
-62.2488 136.019 394
-62.9204 136.019 394
-64.9354 136.019 394
-65.7736 136.364 395
-66.447 136.364 395
-67.1204 136.364 395
-67.7938 136.364 395
-68.4671 136.364 395
-69.1405 136.364 395
-69.9906 136.709 396
-70.6657 136.709 396
-71.3408 136.709 396
-72.0159 136.709 396
-72.8745 137.054 397
-73.5513 137.054 397
-74.2281 137.054 397
-74.9049 137.054 397
-75.772 137.4 398
-76.4505 137.4 398
-77.129 137.4 398
-78.003 137.745 399
-78.6832 137.745 399
-79.5623 138.09 400
-80.2442 138.09 400
-80.9261 138.09 400
-81.812 138.435 401
-82.7013 138.78 402
-83.3867 138.78 402
-84.2811 139.126 403
-85.6006 140.161 406
-86.2928 140.161 406
-86.9849 140.161 406
-88.1089 140.852 408
-89.2398 141.542 410
-89.9387 141.542 410
-90.8587 141.887 411
-91.7822 142.233 412
-92.4845 142.233 412
-93.1869 142.233 412
-94.345 142.923 414
-95.5099 143.614 416
-96.2191 143.614 416
-97.3943 144.304 418
-100.219 147.411 427
-100.947 147.411 427
-101.675 147.411 427
-102.403 147.411 427
-103.131 147.411 427
-103.859 147.411 427
-104.832 147.756 428
-105.561 147.756 428
-106.291 147.756 428
-107.271 148.102 429
-108.254 148.447 430
-109.24 148.792 431
-109.975 148.792 431
-110.71 148.792 431
-111.962 149.482 433
-112.7 149.482 433
-113.438 149.482 433
-114.44 149.828 434
-115.18 149.828 434
-115.92 149.828 434
-116.928 150.173 435
-117.94 150.518 436
-118.684 150.518 436
-119.427 150.518 436
-120.446 150.863 437
-121.745 151.554 439
-123.052 152.244 441
-123.804 152.244 441
-124.555 152.244 441
-125.307 152.244 441
-126.059 152.244 441
-830.629 765.709 2218
-834.411 765.709 2218
-838.192 765.709 2218
-841.973 765.709 2218
-849.186 768.816 2227
-857.578 772.959 2239
-861.395 772.959 2239
-865.212 772.959 2239
-869.029 772.959 2239
-872.846 772.959 2239
-876.663 772.959 2239
-876.941 769.852 2230
-881.927 770.887 2233
-885.734 770.887 2233
-889.541 770.887 2233
-892.147 769.852 2230
-895.949 769.852 2230
-899.75 769.852 2230
-902.336 768.816 2227
-907.354 769.852 2230
-911.155 769.852 2230
-914.957 769.852 2230
-917.522 768.816 2227
-914.286 762.947 2210
-913.068 758.804 2198
-916.815 758.804 2198
-918.049 756.733 2192
-917.161 752.936 2181
-919.612 751.9 2178
-923.325 751.9 2178
-925.761 750.864 2175
-928.187 749.829 2172
-929.744 748.102 2167
-933.438 748.102 2167
-935.835 747.067 2164
-938.222 746.031 2161
-939.291 743.96 2155
-942.964 743.96 2155
-945.759 743.269 2153
-948.107 742.234 2150
-949.116 740.162 2144
-952.771 740.162 2144
-955.534 739.472 2142
-959.185 739.472 2142
-962.837 739.472 2142
-966.488 739.472 2142
-967.422 737.4 2136
-969.7 736.365 2133
-972.424 735.674 2131
-976.056 735.674 2131
-978.31 734.639 2128
-980.553 733.603 2125
-984.176 733.603 2125
-987.799 733.603 2125
-990.021 732.567 2122
-993.639 732.567 2122
-997.256 732.567 2122
-1000.87 732.567 2122
-1004.49 732.567 2122
-1007.16 731.877 2120
-1010.77 731.877 2120
-1014.39 731.877 2120
-1016.56 730.841 2117
-1018.72 729.805 2114
-1021.36 729.115 2112
-1024.96 729.115 2112
-1027.1 728.079 2109
-1026.79 725.318 2101
-1026.44 722.556 2093
-1030.01 722.556 2093
-1032.59 721.865 2091
-1033.18 719.794 2085
-1035.74 719.104 2083
-1039.29 719.104 2083
-1041.34 718.068 2080
-1038.36 713.58 2067
-1039.36 711.854 2062
-1042.88 711.854 2062
-1039.8 707.366 2049
-1040.74 705.64 2044
-1041.67 703.914 2039
-1045.15 703.914 2039
-1044 700.807 2030
1389.92 1377.51 4010
1383.08 1377.51 4010
1376.25 1377.51 4010
1356.44 1364.46 3972
1346.61 1361.37 3963
1339.85 1361.37 3963
1320.31 1348.31 3925
1286.51 1320.49 3844
1265.31 1305.37 3800
1258.83 1305.37 3800
1249.71 1302.62 3792
1240.3 1299.53 3783
1230.91 1296.44 3774
1230.32 1302.62 3792
1223.86 1302.62 3792
1217.39 1302.62 3792
1219.23 1311.55 3818
1226.7 1326.67 3862
1220.11 1326.67 3862
1233.33 1348.31 3925
1226.64 1348.31 3925
1228.65 1357.93 3953
1221.91 1357.93 3953
1215.17 1357.93 3953
1217.3 1367.89 3982
1227.84 1387.47 4039
1220.95 1387.47 4039
1217.07 1390.91 4049
1216.15 1397.78 4069
1209.21 1397.78 4069
1202.27 1397.78 4069
1195.34 1397.78 4069
996.617 1401.21 4079
989.663 1401.21 4079
982.709 1401.21 4079
978.148 1404.65 4089
971.177 1404.65 4089
964.206 1404.65 4089
954.895 1401.21 4079
945.617 1397.78 4069
936.374 1394.34 4059
929.454 1394.34 4059
922.534 1394.34 4059
920.126 1401.21 4079
913.173 1401.21 4079
906.219 1401.21 4079
899.265 1401.21 4079
885.749 1390.91 4049
876.676 1387.47 4039
869.79 1387.47 4039
860.982 1384.38 4030
854.112 1384.38 4030
847.242 1384.38 4030
840.372 1384.38 4030
833.502 1384.38 4030
822.529 1377.51 4010
811.828 1370.98 3991
805.025 1370.98 3991
798.221 1370.98 3991
791.417 1370.98 3991
784.614 1370.98 3991
777.81 1370.98 3991
769.268 1367.89 3982
760.564 1364.46 3972
750.187 1357.93 3953
743.449 1357.93 3953
729.814 1345.22 3916
719.814 1339.04 3898
713.169 1339.04 3898
706.524 1339.04 3898
696.647 1332.85 3880
688.432 1329.76 3871
677.077 1320.49 3844
670.524 1320.49 3844
662.417 1317.39 3835
654.34 1314.3 3826
646.463 1311.55 3818
639.954 1311.55 3818
633.445 1311.55 3818
623.981 1305.37 3800
616.203 1302.62 3792
609.739 1302.62 3792
603.274 1302.62 3792
595.393 1299.53 3783
588.944 1299.53 3783
586.499 1308.46 3809
580.005 1308.46 3809
573.512 1308.46 3809
567.018 1308.46 3809
560.525 1308.46 3809
554.032 1308.46 3809
548.832 1311.55 3818
543.46 1314.3 3826
536.937 1314.3 3826
530.415 1314.3 3826
522.797 1311.55 3818
516.288 1311.55 3818
509.78 1311.55 3818
499.844 1302.62 3792
489.996 1293.69 3766
481.393 1287.85 3749
475.002 1287.85 3749
468.611 1287.85 3749
460.124 1282.01 3732
451.817 1276.52 3716
445.482 1276.52 3716
438.083 1273.42 3707
428.037 1262.43 3675
419.821 1256.59 3658
410.08 1245.94 3627
403.897 1245.94 3627
397.714 1245.94 3627
-4.33608 153.896 448
-5.0998 153.896 448
-5.86353 153.896 448
-6.62726 153.896 448
-7.39098 153.896 448
-8.15471 153.896 448
-8.91844 153.896 448
-9.68217 153.896 448
-10.4226 153.553 447
-11.1596 153.209 446
-11.9199 153.209 446
-12.6518 152.866 445
-13.4104 152.866 445
-14.1372 152.522 444
-14.8941 152.522 444
-15.6157 152.179 443
-16.297 151.492 441
-17.0102 151.148 440
-17.6392 150.118 437
-18.3841 150.118 437
-19.0853 149.774 436
-19.6012 148.057 431
-20.2416 147.37 429
-20.9729 147.37 429
-21.7043 147.37 429
-29.6277 143.247 417
-30.3386 143.247 417
-31.0495 143.247 417
-31.6842 142.904 416
-32.2376 142.217 414
-32.8638 141.873 413
-33.5679 141.873 413
-34.189 141.53 412
-34.8066 141.186 411
-35.3345 140.499 409
-36.0317 140.499 409
-36.6392 140.156 408
-37.2432 139.812 407
-37.8438 139.469 406
-38.5359 139.469 406
-39.2281 139.469 406
-39.8219 139.125 405
-40.4123 138.782 404
-40.9993 138.438 403
-41.6863 138.438 403
-42.2681 138.095 402
-42.8466 137.751 401
-43.4216 137.408 400
-44.1035 137.408 400
-44.6735 137.064 399
-45.24 136.72 398
-45.9185 136.72 398
-46.4799 136.377 397
-47.1567 136.377 397
-47.713 136.033 396
-48.2659 135.69 395
-48.9393 135.69 395
-49.6126 135.69 395
-50.286 135.69 395
-50.9594 135.69 395
-51.6328 135.69 395
-52.3061 135.69 395
-52.8454 135.346 394
-53.5171 135.346 394
-54.1887 135.346 394
-54.8604 135.346 394
-55.5321 135.346 394
-56.2037 135.346 394
-56.8754 135.346 394
-57.5471 135.346 394
-58.2187 135.346 394
-58.7409 135.003 393
-59.5621 135.346 394
-60.2338 135.346 394
-60.9054 135.346 394
-61.5771 135.346 394
-62.2488 135.346 394
-62.9204 135.346 394
-64.9354 135.346 394
-65.7736 135.69 395
-66.447 135.69 395
-67.1204 135.69 395
-67.7938 135.69 395
-68.4671 135.69 395
-69.1405 135.69 395
-69.9906 136.033 396
-70.6657 136.033 396
-71.3408 136.033 396
-72.0159 136.033 396
-72.8745 136.377 397
-73.5513 136.377 397
-74.2281 136.377 397
-75.0935 136.72 398
-75.772 136.72 398
-76.6426 137.064 399
-77.3228 137.064 399
-78.003 137.064 399
-78.6832 137.064 399
-79.5623 137.408 400
-80.2442 137.408 400
-80.9261 137.408 400
-81.812 137.751 401
-82.7013 138.095 402
-83.5941 138.438 403
-84.2811 138.438 403
-85.6006 139.469 406
-86.2928 139.469 406
-87.1991 139.812 407
-88.1089 140.156 408
-89.2398 140.843 410
-89.9387 140.843 410
-90.8587 141.186 411
-91.7822 141.53 412
-92.4845 141.53 412
-93.413 141.873 413
-94.5729 142.56 415
-95.7395 143.247 417
-96.4504 143.247 417
-97.3943 143.591 418
-98.1069 143.591 418
-100.947 146.683 427
-101.675 146.683 427
-102.643 147.026 428
-103.372 147.026 428
-104.102 147.026 428
-105.077 147.37 429
-106.055 147.713 430
-106.788 147.713 430
-107.521 147.713 430
-108.506 148.057 431
-109.24 148.057 431
-109.975 148.057 431
-110.967 148.4 432
-111.962 148.744 433
-112.7 148.744 433
-113.438 148.744 433
-114.44 149.087 434
-115.445 149.431 435
-116.187 149.431 435
-117.197 149.774 436
-118.211 150.118 437
-118.956 150.118 437
-119.701 150.118 437
-120.446 150.118 437
-121.468 150.461 438
-123.052 151.492 441
-123.804 151.492 441
-124.555 151.492 441
-830.629 761.925 2218
-834.411 761.925 2218
-838.192 761.925 2218
-841.973 761.925 2218
-849.186 765.016 2227
-857.578 769.139 2239
-861.395 769.139 2239
-865.212 769.139 2239
-869.029 769.139 2239
-872.846 769.139 2239
-876.663 769.139 2239
-876.941 766.047 2230
-881.927 767.078 2233
-885.734 767.078 2233
-889.541 767.078 2233
-892.147 766.047 2230
-889.922 760.894 2215
-894.909 761.925 2218
-898.69 761.925 2218
-902.471 761.925 2218
-906.252 761.925 2218
-910.033 761.925 2218
-912.578 760.894 2215
-911.804 757.115 2204
-910.576 752.993 2192
-914.313 752.993 2192
-915.537 750.932 2186
-915.899 748.184 2178
-918.345 747.153 2175
-922.053 747.153 2175
-925.761 747.153 2175
-926.905 745.092 2169
-929.744 744.405 2167
-933.438 744.405 2167
-935.835 743.375 2164
-938.222 742.344 2161
-939.291 740.283 2155
-942.964 740.283 2155
-945.759 739.596 2153
-948.107 738.565 2150
-949.116 736.504 2144
-952.771 736.504 2144
-955.534 735.817 2142
-959.185 735.817 2142
-962.837 735.817 2142
-966.488 735.817 2142
-967.422 733.756 2136
-968.791 732.039 2131
-972.424 732.039 2131
-976.056 732.039 2131
-978.31 731.008 2128
-980.553 729.977 2125
-982.787 728.947 2122
-986.404 728.947 2122
-990.021 728.947 2122
-993.639 728.947 2122
-997.256 728.947 2122
-1000.87 728.947 2122
-1003.54 728.26 2120
-1007.16 728.26 2120
-1009.34 727.229 2117
-1012.95 727.229 2117
-1015.12 726.199 2114
-1017.76 725.512 2112
-1019.91 724.481 2109
-1023.5 724.481 2109
-1023.2 721.733 2101
-1025.32 720.703 2098
-1026.44 718.985 2093
-1030.01 718.985 2093
-1029.63 716.237 2085
-1032.19 715.55 2083
-1034.25 714.519 2080
-1037.8 714.519 2080
-1040.34 713.832 2078
-1038.36 710.053 2067
-1038.35 707.649 2060
-1041.87 707.649 2060
-1039.8 703.87 2049
-1040.74 702.153 2044
-1041.67 700.435 2039
-1045.15 700.435 2039
-1044 697.343 2030
1396.85 1377.51 4030
1389.98 1377.51 4030
1383.11 1377.51 4030
1369.41 1370.67 4010
1356.12 1364.17 3991
1349.32 1364.17 3991
1320.31 1341.61 3925
1286.51 1313.93 3844
1262.64 1296.15 3792
1256.18 1296.15 3792
1246.75 1293.08 3783
1234.73 1287.27 3766
1228.31 1287.27 3766
1224.48 1290 3774
1218.05 1290 3774
1211.61 1290 3774
1217.3 1361.1 3982
1227.84 1380.58 4039
1220.95 1380.58 4039
1217.07 1384 4049
1216.15 1390.84 4069
1209.21 1390.84 4069
1202.27 1390.84 4069
1195.34 1390.84 4069
996.617 1394.25 4079
989.663 1394.25 4079
982.709 1394.25 4079
978.148 1397.67 4089
971.177 1397.67 4089
964.206 1397.67 4089
957.236 1397.67 4089
947.941 1394.25 4079
940.987 1394.25 4079
934.034 1394.25 4079
927.08 1394.25 4079
922.382 1397.67 4089
915.411 1397.67 4089
908.441 1397.67 4089
901.47 1397.67 4089
892.312 1394.25 4079
883.187 1390.84 4069
876.251 1390.84 4069
862.905 1380.58 4039
856.019 1380.58 4039
849.134 1380.58 4039
842.249 1380.58 4039
835.363 1380.58 4039
826.631 1377.51 4030
819.761 1377.51 4030
812.891 1377.51 4030
800.221 1367.59 4001
793.4 1367.59 4001
786.58 1367.59 4001
779.759 1367.59 4001
771.006 1364.17 3991
764.203 1364.17 3991
753.793 1357.68 3972
747.022 1357.68 3972
735.032 1348.11 3944
723.138 1338.54 3916
716.463 1338.54 3916
709.787 1338.54 3916
703.111 1338.54 3916
693.234 1332.39 3898
683.418 1326.23 3880
676.804 1326.23 3880
668.635 1323.16 3871
662.036 1323.16 3871
653.913 1320.08 3862
647.329 1320.08 3862
640.745 1320.08 3862
629.728 1310.85 3835
621.728 1307.78 3826
615.206 1307.78 3826
608.683 1307.78 3826
599.485 1301.96 3809
592.992 1301.96 3809
586.499 1301.96 3809
580.005 1301.96 3809
573.512 1301.96 3809
567.018 1301.96 3809
560.525 1301.96 3809
554.032 1301.96 3809
548.832 1305.04 3818
543.46 1307.78 3826
536.937 1307.78 3826
530.415 1307.78 3826
522.797 1305.04 3818
516.288 1305.04 3818
509.78 1305.04 3818
499.844 1296.15 3792
489.996 1287.27 3766
481.393 1281.46 3749
475.002 1281.46 3749
468.611 1281.46 3749
460.124 1275.65 3732
451.817 1270.18 3716
445.482 1270.18 3716
438.083 1267.1 3707
428.037 1256.16 3675
419.821 1250.35 3658
410.08 1239.75 3627
403.897 1239.75 3627
397.714 1239.75 3627
-4.33608 153.132 448
-5.0998 153.132 448
-5.86353 153.132 448
-6.62726 153.132 448
-7.39098 153.132 448
-8.15471 153.132 448
-8.91844 153.132 448
-9.68217 153.132 448
-10.4226 152.79 447
-11.1596 152.448 446
-11.9199 152.448 446
-12.6518 152.107 445
-13.4104 152.107 445
-14.1372 151.765 444
-14.8941 151.765 444
-15.6157 151.423 443
-16.297 150.739 441
-17.0102 150.398 440
-17.6392 149.372 437
-18.3841 149.372 437
-19.0853 149.03 436
-19.6012 147.321 431
-20.2416 146.638 429
-20.9729 146.638 429
-21.7043 146.638 429
-29.6277 142.536 417
-30.3386 142.536 417
-31.0495 142.536 417
-31.6842 142.194 416
-32.2376 141.51 414
-32.8638 141.169 413
-33.5679 141.169 413
-34.189 140.827 412
-34.8066 140.485 411
-35.3345 139.801 409
-36.0317 139.801 409
-36.6392 139.46 408
-37.2432 139.118 407
-37.8438 138.776 406
-38.5359 138.776 406
-39.2281 138.776 406
-39.8219 138.434 405
-40.4123 138.092 404
-40.9993 137.751 403
-41.6863 137.751 403
-42.2681 137.409 402
-42.8466 137.067 401
-43.4216 136.725 400
-44.1035 136.725 400
-44.6735 136.383 399
-45.24 136.041 398
-45.8031 135.7 397
-46.4799 135.7 397
-47.1567 135.7 397
-47.713 135.358 396
-48.2659 135.016 395
-48.9393 135.016 395
-49.6126 135.016 395
-50.286 135.016 395
-50.9594 135.016 395
-51.6328 135.016 395
-52.3061 135.016 395
-52.9795 135.016 395
-53.5171 134.674 394
-54.1887 134.674 394
-54.8604 134.674 394
-55.5321 134.674 394
-56.2037 134.674 394
-56.8754 134.674 394
-57.5471 134.674 394
-58.2187 134.674 394
-58.8904 134.674 394
-59.5621 134.674 394
-60.2338 134.674 394
-60.9054 134.674 394
-61.5771 134.674 394
-62.2488 134.674 394
-62.9204 134.674 394
-63.5921 134.674 394
-64.2638 134.674 394
-64.9354 134.674 394
-65.7736 135.016 395
-66.447 135.016 395
-67.1204 135.016 395
-67.7938 135.016 395
-68.4671 135.016 395
-69.1405 135.016 395
-69.8139 135.016 395
-70.6657 135.358 396
-71.3408 135.358 396
-72.0159 135.358 396
-72.8745 135.7 397
-73.5513 135.7 397
-74.2281 135.7 397
-75.0935 136.041 398
-75.772 136.041 398
-76.6426 136.383 399
-77.3228 136.383 399
-78.003 136.383 399
-78.6832 136.383 399
-79.5623 136.725 400
-80.2442 136.725 400
-80.9261 136.725 400
-81.812 137.067 401
-82.7013 137.409 402
-83.5941 137.751 403
-84.2811 137.751 403
-85.6006 138.776 406
-86.2928 138.776 406
-87.1991 139.118 407
-88.1089 139.46 408
-89.2398 140.143 410
-89.9387 140.143 410
-90.8587 140.485 411
-91.7822 140.827 412
-92.4845 140.827 412
-93.413 141.169 413
-94.5729 141.852 415
-95.7395 142.536 417
-96.4504 142.536 417
-97.3943 142.878 418
-98.1069 142.878 418
-100.947 145.954 427
-101.913 146.296 428
-102.643 146.296 428
-103.372 146.296 428
-104.345 146.638 429
-105.322 146.979 430
-106.301 147.321 431
-107.036 147.321 431
-107.771 147.321 431
-108.757 147.663 432
-109.494 147.663 432
-110.23 147.663 432
-110.967 147.663 432
-111.962 148.005 433
-112.7 148.005 433
-113.7 148.347 434
-114.44 148.347 434
-115.445 148.689 435
-116.187 148.689 435
-117.466 149.372 437
-118.211 149.372 437
-118.956 149.372 437
-119.701 149.372 437
-120.446 149.372 437
-121.191 149.372 437
-121.936 149.372 437
-830.629 758.141 2218
-834.411 758.141 2218
-838.192 758.141 2218
-841.973 758.141 2218
-844.61 757.115 2215
-851.833 760.191 2224
-855.625 760.191 2224
-860.575 761.217 2227
-864.372 761.217 2227
-868.168 761.217 2227
-871.965 761.217 2227
-870.256 756.432 2213
-874.818 757.115 2215
-878.594 757.115 2215
-882.37 757.115 2215
-886.146 757.115 2215
-889.922 757.115 2215
-894.909 758.141 2218
-898.69 758.141 2218
-902.471 758.141 2218
-906.252 758.141 2218
-910.033 758.141 2218
-912.578 757.115 2215
-911.804 753.355 2204
-910.576 749.253 2192
-914.313 749.253 2192
-915.537 747.203 2186
-915.899 744.468 2178
-918.345 743.443 2175
-922.053 743.443 2175
-925.761 743.443 2175
-926.905 741.392 2169
-929.744 740.708 2167
-933.438 740.708 2167
-935.835 739.683 2164
-938.222 738.657 2161
-939.291 736.606 2155
-942.964 736.606 2155
-945.759 735.923 2153
-948.107 734.897 2150
-949.116 732.846 2144
-952.771 732.846 2144
-955.534 732.163 2142
-959.185 732.163 2142
-962.837 732.163 2142
-966.488 732.163 2142
-967.422 730.112 2136
-969.7 729.087 2133
-972.424 728.403 2131
-976.056 728.403 2131
-978.31 727.377 2128
-980.553 726.352 2125
-982.787 725.327 2122
-986.404 725.327 2122
-990.021 725.327 2122
-993.639 725.327 2122
-997.256 725.327 2122
-1000.87 725.327 2122
-1003.54 724.643 2120
-1005.73 723.618 2117
-1009.34 723.618 2117
-1012.95 723.618 2117
-1014.16 721.909 2112
-1016.31 720.883 2109
-1018.46 719.858 2106
-1022.05 719.858 2106
-1021.74 717.123 2098
-1025.32 717.123 2098
-1026.44 715.414 2093
-1030.01 715.414 2093
-1029.63 712.68 2085
-1030.71 710.97 2080
-1034.25 710.97 2080
-1037.8 710.97 2080
-1040.34 710.287 2078
-1035.85 704.818 2062
-1038.35 704.134 2060
-1041.87 704.134 2060
-1037.26 698.665 2044
-1039.72 697.982 2042
-1041.67 696.956 2039
-1045.15 696.956 2039
-1041.43 692.171 2025
1396.85 1370.63 4030
1389.98 1370.63 4030
1383.11 1370.63 4030
1369.41 1363.83 4010
1356.12 1357.37 3991
1349.32 1357.37 3991
1320.31 1334.92 3925
1243.89 1383.89 4069
1239.99 1387.29 4079
1233.04 1387.29 4079
1226.09 1387.29 4079
1219.13 1387.29 4079
1212.18 1387.29 4079
1202.27 1383.89 4069
978.148 1390.7 4089
971.177 1390.7 4089
964.206 1390.7 4089
957.236 1390.7 4089
950.265 1390.7 4089
940.987 1387.29 4079
936.324 1390.7 4089
929.353 1390.7 4089
922.382 1390.7 4089
915.411 1390.7 4089
908.441 1390.7 4089
901.47 1390.7 4089
894.499 1390.7 4089
885.358 1387.29 4079
878.404 1387.29 4079
869.314 1383.89 4069
862.378 1383.89 4069
855.441 1383.89 4069
848.504 1383.89 4069
841.568 1383.89 4069
832.58 1380.49 4059
821.592 1373.69 4039
814.707 1373.69 4039
806.021 1370.63 4030
799.151 1370.63 4030
792.281 1370.63 4030
785.411 1370.63 4030
776.609 1367.23 4020
767.841 1363.83 4010
757.399 1357.37 3991
750.595 1357.37 3991
740.251 1350.9 3972
729.971 1344.44 3953
721.585 1341.38 3944
714.862 1341.38 3944
708.138 1341.38 3944
698.036 1334.92 3925
689.759 1331.86 3916
683.084 1331.86 3916
676.408 1331.86 3916
669.732 1331.86 3916
661.532 1328.8 3907
654.872 1328.8 3907
645.225 1322.67 3889
635.64 1316.55 3871
627.578 1313.49 3862
620.994 1313.49 3862
610.115 1304.31 3835
602.161 1301.25 3826
595.639 1301.25 3826
589.116 1301.25 3826
581.376 1298.53 3818
574.867 1298.53 3818
569.549 1301.25 3826
563.027 1301.25 3826
556.504 1301.25 3826
549.982 1301.25 3826
544.738 1304.31 3835
538.2 1304.31 3835
531.663 1304.31 3835
525.125 1304.31 3835
518.587 1304.31 3835
512.049 1304.31 3835
503.271 1298.53 3818
493.379 1289.68 3792
484.604 1283.56 3774
478.17 1283.56 3774
470.736 1280.84 3766
463.206 1277.78 3757
454.735 1272 3740
448.359 1272 3740
439.147 1263.84 3716
431.764 1260.78 3707
421.772 1249.89 3675
415.507 1249.89 3675
405.567 1238.67 3642
397.714 1233.57 3627
-4.33608 152.368 448
-5.0998 152.368 448
-5.86353 152.368 448
-6.62726 152.368 448
-7.39098 152.368 448
-8.15471 152.368 448
-8.91844 152.368 448
-9.68217 152.368 448
-10.4226 152.028 447
-11.1596 151.688 446
-11.9199 151.688 446
-12.6518 151.347 445
-13.3803 151.007 444
-14.1372 151.007 444
-14.8941 151.007 444
-15.5805 150.327 442
-16.297 149.987 441
-17.0102 149.647 440
-17.6392 148.627 437
-18.3841 148.627 437
-19.0853 148.286 436
-29.5567 141.484 416
-30.2658 141.484 416
-30.975 141.484 416
-31.6842 141.484 416
-32.2376 140.804 414
-32.7842 140.124 412
-33.4866 140.124 412
-34.189 140.124 412
-34.8066 139.784 411
-35.3345 139.104 409
-36.0317 139.104 409
-36.6392 138.764 408
-37.2432 138.423 407
-37.8438 138.083 406
-38.5359 138.083 406
-39.2281 138.083 406
-39.8219 137.743 405
-40.4123 137.403 404
-40.9993 137.063 403
-41.6863 137.063 403
-42.2681 136.723 402
-42.8466 136.383 401
-43.4216 136.043 400
-44.1035 136.043 400
-44.6735 135.703 399
-45.24 135.362 398
-45.8031 135.022 397
-46.4799 135.022 397
-47.1567 135.022 397
-47.713 134.682 396
-48.2659 134.342 395
-48.9393 134.342 395
-49.6126 134.342 395
-50.286 134.342 395
-50.9594 134.342 395
-51.6328 134.342 395
-52.3061 134.342 395
-52.9795 134.342 395
-53.5171 134.002 394
-54.1887 134.002 394
-54.8604 134.002 394
-55.5321 134.002 394
-56.2037 134.002 394
-56.8754 134.002 394
-57.5471 134.002 394
-58.2187 134.002 394
-58.8904 134.002 394
-59.5621 134.002 394
-60.2338 134.002 394
-60.9054 134.002 394
-61.5771 134.002 394
-62.2488 134.002 394
-62.9204 134.002 394
-63.5921 134.002 394
-64.2638 134.002 394
-64.9354 134.002 394
-65.6071 134.002 394
-66.2788 134.002 394
-67.1204 134.342 395
-67.7938 134.342 395
-68.4671 134.342 395
-69.1405 134.342 395
-69.8139 134.342 395
-70.6657 134.682 396
-71.3408 134.682 396
-72.0159 134.682 396
-72.8745 135.022 397
-73.5513 135.022 397
-74.2281 135.022 397
-75.0935 135.362 398
-75.772 135.362 398
-76.6426 135.703 399
-77.3228 135.703 399
-78.003 135.703 399
-78.6832 135.703 399
-79.5623 136.043 400
-80.2442 136.043 400
-81.1284 136.383 401
-81.812 136.383 401
-82.4956 136.383 401
-83.5941 137.063 403
-84.4902 137.403 404
-85.6006 138.083 406
-86.2928 138.083 406
-87.1991 138.423 407
-88.3249 139.104 409
-89.2398 139.444 410
-90.1581 139.784 411
-91.0798 140.124 412
-91.7822 140.124 412
-92.4845 140.124 412
-93.413 140.464 413
-94.5729 141.144 415
-95.7395 141.824 417
-96.4504 141.824 417
-97.3943 142.165 418
-98.1069 142.165 418
-100.947 145.226 427
-101.913 145.566 428
-102.643 145.566 428
-103.372 145.566 428
-104.345 145.906 429
-105.322 146.246 430
-106.301 146.586 431
-107.036 146.586 431
-107.771 146.586 431
-108.757 146.926 432
-109.494 146.926 432
-110.23 146.926 432
-110.967 146.926 432
-111.962 147.266 433
-112.7 147.266 433
-113.7 147.606 434
-114.44 147.606 434
-115.445 147.946 435
-116.187 147.946 435
-117.466 148.627 437
-118.211 148.627 437
-118.956 148.627 437
-119.701 148.627 437
-120.446 148.627 437
-121.191 148.627 437
-121.936 148.627 437
-822.748 750.615 2207
-830.629 754.357 2218
-834.411 754.357 2218
-838.192 754.357 2218
-841.973 754.357 2218
-844.61 753.336 2215
-848.386 753.336 2215
-851.393 752.656 2213
-855.165 752.656 2213
-858.938 752.656 2213
-862.71 752.656 2213
-865.308 751.636 2210
-866.716 749.595 2204
-870.474 749.595 2204
-875.421 750.615 2207
-879.183 750.615 2207
-882.946 750.615 2207
-886.708 750.615 2207
-892.891 752.656 2213
-896.664 752.656 2213
-901.25 753.336 2215
-905.026 753.336 2215
-908.802 753.336 2215
-909.282 750.615 2207
-906.839 745.514 2192
-909.33 744.493 2189
-913.061 744.493 2189
-914.699 742.793 2184
-914.637 739.732 2175
-918.345 739.732 2175
-922.053 739.732 2175
-924.484 738.712 2172
-926.05 737.011 2167
-928.457 735.991 2164
-932.146 735.991 2164
-935.835 735.991 2164
-936.919 733.95 2158
-938.419 732.25 2153
-942.089 732.25 2153
-945.759 732.25 2153
-948.107 731.229 2150
-949.116 729.189 2144
-952.771 729.189 2144
-955.534 728.508 2142
-959.185 728.508 2142
-962.837 728.508 2142
-966.488 728.508 2142
-967.422 726.468 2136
-969.7 725.447 2133
-972.424 724.767 2131
-976.056 724.767 2131
-978.31 723.747 2128
-980.553 722.727 2125
-982.787 721.706 2122
-986.404 721.706 2122
-990.021 721.706 2122
-993.639 721.706 2122
-997.256 721.706 2122
-1000.87 721.706 2122
-1003.54 721.026 2120
-1005.73 720.006 2117
-1009.34 720.006 2117
-1012.95 720.006 2117
-1014.16 718.305 2112
-1016.31 717.285 2109
-1018.46 716.265 2106
-1022.05 716.265 2106
-1021.74 713.544 2098
-1022.88 711.843 2093
-1025.46 711.163 2091
-1029.03 711.163 2091
-1029.63 709.122 2085
-1030.71 707.422 2080
-1033.26 706.742 2078
-1036.8 706.742 2078
-1034.84 703 2067
-1035.85 701.3 2062
-1036.84 699.599 2057
-1040.35 699.599 2057
-1037.26 695.178 2044
-1038.2 693.477 2039
-1040.65 692.797 2037
-1044.12 692.797 2037
-1041.43 688.716 2025
1396.85 1363.75 4030
1389.98 1363.75 4030
1383.11 1363.75 4030
1369.41 1356.99 4010
1356.12 1350.56 3991
1349.32 1350.56 3991
1320.31 1328.22 3925
1243.89 1376.95 4069
1239.99 1380.34 4079
1233.04 1380.34 4079
1226.09 1380.34 4079
1219.13 1380.34 4079
1212.18 1380.34 4079
971.177 1383.72 4089
964.206 1383.72 4089
957.236 1383.72 4089
950.265 1383.72 4089
940.987 1380.34 4079
936.324 1383.72 4089
929.353 1383.72 4089
922.382 1383.72 4089
915.411 1383.72 4089
908.441 1383.72 4089
901.47 1383.72 4089
894.499 1383.72 4089
885.358 1380.34 4079
878.404 1380.34 4079
869.314 1376.95 4069
862.378 1376.95 4069
855.441 1376.95 4069
848.504 1376.95 4069
841.568 1376.95 4069
832.58 1373.57 4059
821.592 1366.8 4039
814.707 1366.8 4039
806.021 1363.75 4030
799.151 1363.75 4030
796.016 1370.18 4049
789.114 1370.18 4049
782.211 1370.18 4049
775.309 1370.18 4049
764.8 1363.75 4030
757.93 1363.75 4030
747.333 1356.99 4010
736.988 1350.56 3991
730.184 1350.56 3991
723.381 1350.56 3991
714.961 1347.51 3982
704.794 1341.08 3963
694.691 1334.65 3944
687.968 1334.65 3944
679.69 1331.61 3935
672.982 1331.61 3935
664.58 1328.22 3925
657.889 1328.22 3925
649.705 1325.18 3916
640.073 1319.09 3898
630.503 1312.99 3880
623.889 1312.99 3880
615.842 1309.95 3871
607.827 1306.9 3862
597.04 1297.77 3835
590.502 1297.77 3835
582.594 1294.72 3826
577.427 1297.77 3835
570.889 1297.77 3835
565.676 1300.81 3844
559.123 1300.81 3844
552.569 1300.81 3844
547.295 1303.86 3853
540.726 1303.86 3853
534.158 1303.86 3853
527.59 1303.86 3853
521.021 1303.86 3853
514.453 1303.86 3853
505.512 1297.77 3835
494.42 1285.92 3800
486.915 1283.21 3792
480.451 1283.21 3792
471.736 1277.12 3774
465.302 1277.12 3774
455.829 1268.66 3749
449.438 1268.66 3749
441.038 1262.91 3732
432.812 1257.5 3716
421.772 1243.62 3675
415.507 1243.62 3675
406.458 1235.16 3650
398.591 1230.09 3635
-4.33608 151.603 448
-5.11119 151.942 449
-5.87662 151.942 449
-6.64205 151.942 449
-7.40748 151.942 449
-8.17291 151.942 449
-8.93835 151.942 449
-9.68217 151.603 448
-10.4226 151.265 447
-11.1596 150.927 446
-11.9199 150.927 446
-12.6518 150.588 445
-13.3803 150.25 444
-14.1053 149.911 443
-14.8605 149.911 443
-15.5805 149.573 442
-16.297 149.235 441
-17.0102 148.896 440
-17.6392 147.881 437
-18.3841 147.881 437
-29.5567 140.775 416
-30.2658 140.775 416
-30.975 140.775 416
-31.608 140.436 415
-32.1598 139.759 413
-32.7842 139.421 412
-33.4866 139.421 412
-34.189 139.421 412
-34.8066 139.083 411
-35.3345 138.406 409
-36.0317 138.406 409
-36.6392 138.067 408
-37.2432 137.729 407
-37.8438 137.391 406
-38.5359 137.391 406
-39.2281 137.391 406
-39.8219 137.052 405
-40.4123 136.714 404
-40.9993 136.375 403
-41.6863 136.375 403
-42.163 135.699 401
-42.7397 135.36 400
-43.4216 135.36 400
-44.1035 135.36 400
-44.6735 135.022 399
-45.24 134.683 398
-45.8031 134.345 397
-46.4799 134.345 397
-47.1567 134.345 397
-47.713 134.007 396
-48.2659 133.668 395
-48.9393 133.668 395
-49.6126 133.668 395
-50.286 133.668 395
-50.9594 133.668 395
-51.6328 133.668 395
-52.3061 133.668 395
-52.9795 133.668 395
-53.5171 133.33 394
-54.1887 133.33 394
-54.8604 133.33 394
-55.5321 133.33 394
-56.2037 133.33 394
-56.8754 133.33 394
-57.5471 133.33 394
-58.2187 133.33 394
-58.8904 133.33 394
-59.5621 133.33 394
-60.2338 133.33 394
-60.9054 133.33 394
-61.5771 133.33 394
-62.2488 133.33 394
-62.9204 133.33 394
-63.5921 133.33 394
-64.2638 133.33 394
-64.9354 133.33 394
-65.7736 133.668 395
-66.447 133.668 395
-67.1204 133.668 395
-67.7938 133.668 395
-68.4671 133.668 395
-69.1405 133.668 395
-69.8139 133.668 395
-70.6657 134.007 396
-71.3408 134.007 396
-72.0159 134.007 396
-72.8745 134.345 397
-73.7366 134.683 398
-74.4151 134.683 398
-75.0935 134.683 398
-75.9624 135.022 399
-76.6426 135.022 399
-77.3228 135.022 399
-78.003 135.022 399
-78.6832 135.022 399
-79.5623 135.36 400
-80.2442 135.36 400
-81.1284 135.699 401
-82.2201 136.375 403
-82.9071 136.375 403
-83.8015 136.714 404
-84.6994 137.052 405
-85.8115 137.729 407
-86.5053 137.729 407
-87.4134 138.067 408
-88.5408 138.744 410
-89.2398 138.744 410
-90.1581 139.083 411
-91.0798 139.421 412
-91.7822 139.421 412
-92.4845 139.421 412
-93.413 139.759 413
-94.8008 140.775 416
-95.7395 141.113 417
-96.4504 141.113 417
-99.4913 144.497 427
-100.219 144.497 427
-100.947 144.497 427
-101.913 144.835 428
-102.883 145.174 429
-103.614 145.174 429
-104.345 145.174 429
-105.567 145.851 431
-106.301 145.851 431
-107.036 145.851 431
-108.021 146.189 432
-108.757 146.189 432
-109.494 146.189 432
-110.23 146.189 432
-111.223 146.527 433
-112.22 146.866 434
-112.96 146.866 434
-113.7 146.866 434
-114.703 147.204 435
-115.71 147.543 436
-116.454 147.543 436
-117.466 147.881 437
-118.211 147.881 437
-118.956 147.881 437
-119.701 147.881 437
-120.446 147.881 437
-803.074 749.557 2215
-806.85 749.557 2215
-810.626 749.557 2215
-811.46 746.85 2207
-815.223 746.85 2207
-807.11 736.021 2175
-822.748 746.85 2207
-826.51 746.85 2207
-830.272 746.85 2207
-834.035 746.85 2207
-837.797 746.85 2207
-840.416 745.835 2204
-844.173 745.835 2204
-846.776 744.82 2201
-850.528 744.82 2201
-854.28 744.82 2201
-858.032 744.82 2201
-861.784 744.82 2201
-864.357 743.804 2198
-869.289 744.82 2201
-873.041 744.82 2201
-876.793 744.82 2201
-881.745 745.835 2204
-885.503 745.835 2204
-890.47 746.85 2207
-894.233 746.85 2207
-897.995 746.85 2207
-901.758 746.85 2207
-905.52 746.85 2207
-908.046 745.835 2204
-906.839 741.774 2192
-908.083 739.744 2186
-911.81 739.744 2186
-914.699 739.067 2184
-914.637 736.021 2175
-917.079 735.006 2172
-920.781 735.006 2172
-924.484 735.006 2172
-926.05 733.314 2167
-928.457 732.299 2164
-932.146 732.299 2164
-935.835 732.299 2164
-936.919 730.268 2158
-939.291 729.253 2155
-942.964 729.253 2155
-945.759 728.576 2153
-948.107 727.561 2150
-949.116 725.531 2144
-952.771 725.531 2144
-955.534 724.854 2142
-959.185 724.854 2142
-962.837 724.854 2142
-966.488 724.854 2142
-967.422 722.823 2136
-969.7 721.808 2133
-972.424 721.132 2131
-976.056 721.132 2131
-978.31 720.116 2128
-980.553 719.101 2125
-982.787 718.086 2122
-986.404 718.086 2122
-990.021 718.086 2122
-992.703 717.409 2120
-996.317 717.409 2120
-999.931 717.409 2120
-1003.54 717.409 2120
-1005.73 716.394 2117
-1009.34 716.394 2117
-1012.95 716.394 2117
-1012.72 713.687 2109
-1014.87 712.672 2106
-1017.49 711.995 2104
-1021.08 711.995 2104
-1021.74 709.964 2098
-1022.88 708.272 2093
-1025.46 707.595 2091
-1029.03 707.595 2091
-1029.63 705.565 2085
-1030.71 703.873 2080
-1033.26 703.196 2078
-1036.8 703.196 2078
-1034.84 699.474 2067
-1035.85 697.782 2062
-1036.84 696.09 2057
-1040.35 696.09 2057
-1037.26 691.691 2044
-1038.2 689.999 2039
-1040.65 689.322 2037
-1044.12 689.322 2037
-1041.43 685.261 2025
1360.32 1327.92 3944
1353.6 1327.92 3944
1346.87 1327.92 3944
1340.15 1327.92 3944
1333.43 1327.92 3944
1243.89 1370.01 4069
1239.99 1373.38 4079
1233.04 1373.38 4079
1226.09 1373.38 4079
1219.13 1373.38 4079
1212.18 1373.38 4079
971.177 1376.74 4089
964.206 1376.74 4089
957.236 1376.74 4089
950.265 1376.74 4089
940.987 1373.38 4079
936.324 1376.74 4089
929.353 1376.74 4089
922.382 1376.74 4089
908.441 1376.74 4089
901.47 1376.74 4089
894.499 1376.74 4089
887.529 1376.74 4089
880.558 1376.74 4089
873.587 1376.74 4089
866.616 1376.74 4089
855.441 1370.01 4069
852.675 1376.74 4089
845.704 1376.74 4089
838.734 1376.74 4089
827.695 1370.01 4069
820.758 1370.01 4069
811.821 1366.64 4059
804.902 1366.64 4059
797.982 1366.64 4059
791.062 1366.64 4059
782.211 1363.28 4049
775.309 1363.28 4049
764.8 1356.88 4030
757.93 1356.88 4030
747.333 1350.14 4010
736.988 1343.75 3991
730.184 1343.75 3991
723.381 1343.75 3991
714.961 1340.72 3982
704.794 1334.32 3963
694.691 1327.92 3944
687.968 1327.92 3944
679.69 1324.89 3935
672.982 1324.89 3935
664.58 1321.53 3925
657.889 1321.53 3925
649.705 1318.5 3916
640.073 1312.43 3898
630.503 1306.37 3880
623.889 1306.37 3880
615.842 1303.34 3871
607.827 1300.31 3862
605.446 1309.4 3889
600.203 1312.43 3898
593.557 1312.43 3898
586.912 1312.43 3898
580.267 1312.43 3898
573.622 1312.43 3898
566.977 1312.43 3898
560.332 1312.43 3898
554.965 1315.47 3907
548.305 1315.47 3907
541.644 1315.47 3907
534.984 1315.47 3907
525.889 1309.4 3889
519.26 1309.4 3889
509.071 1300.31 3862
497.803 1288.19 3826
487.942 1279.44 3800
481.464 1279.44 3800
473.986 1276.75 3792
466.412 1273.71 3783
455.829 1262.27 3749
449.438 1262.27 3749
441.983 1259.24 3740
432.812 1251.16 3716
421.772 1237.35 3675
415.507 1237.35 3675
406.458 1228.93 3650
398.591 1223.88 3635
390.667 1218.5 3619
384.497 1218.5 3619
-4.33608 150.839 448
-5.11119 151.176 449
-5.87662 151.176 449
-6.64205 151.176 449
-7.40748 151.176 449
-8.17291 151.176 449
-8.93835 151.176 449
-9.68217 150.839 448
-10.4226 150.502 447
-11.1596 150.166 446
-11.9199 150.166 446
-12.6518 149.829 445
-13.3803 149.492 444
-14.1053 149.156 443
-14.8605 149.156 443
-15.5805 148.819 442
-16.297 148.482 441
-17.0102 148.146 440
-17.6392 147.135 437
-18.3841 147.135 437
-29.4856 139.728 415
-30.1931 139.728 415
-30.9006 139.728 415
-31.608 139.728 415
-32.1598 139.055 413
-32.7842 138.718 412
-33.4866 138.718 412
-34.189 138.718 412
-34.8066 138.381 411
-35.3345 137.708 409
-36.0317 137.708 409
-36.6392 137.371 408
-37.2432 137.035 407
-37.8438 136.698 406
-38.5359 136.698 406
-39.2281 136.698 406
-39.8219 136.361 405
-40.4123 136.025 404
-40.9993 135.688 403
-41.6863 135.688 403
-42.163 135.014 401
-42.7397 134.678 400
-43.4216 134.678 400
-44.1035 134.678 400
-44.6735 134.341 399
-45.24 134.004 398
-45.8031 133.668 397
-46.4799 133.668 397
-47.1567 133.668 397
-47.713 133.331 396
-48.2659 132.994 395
-48.9393 132.994 395
-49.6126 132.994 395
-50.286 132.994 395
-50.9594 132.994 395
-51.6328 132.994 395
-52.3061 132.994 395
-52.9795 132.994 395
-53.5171 132.658 394
-54.1887 132.658 394
-54.8604 132.658 394
-55.5321 132.658 394
-56.2037 132.658 394
-56.8754 132.658 394
-57.5471 132.658 394
-58.2187 132.658 394
-58.8904 132.658 394
-59.5621 132.658 394
-60.2338 132.658 394
-60.9054 132.658 394
-61.5771 132.658 394
-62.2488 132.658 394
-62.9204 132.658 394
-63.5921 132.658 394
-64.2638 132.658 394
-64.9354 132.658 394
-65.7736 132.994 395
-66.447 132.994 395
-67.1204 132.994 395
-67.7938 132.994 395
-68.4671 132.994 395
-69.1405 132.994 395
-69.8139 132.994 395
-70.6657 133.331 396
-71.3408 133.331 396
-72.0159 133.331 396
-72.8745 133.668 397
-73.7366 134.004 398
-74.4151 134.004 398
-75.0935 134.004 398
-75.9624 134.341 399
-76.6426 134.341 399
-77.3228 134.341 399
-78.003 134.341 399
-78.6832 134.341 399
-79.7612 135.014 401
-80.4448 135.014 401
-81.3307 135.351 402
-82.4241 136.025 404
-83.1128 136.025 404
-83.8015 136.025 404
-84.9085 136.698 406
-85.8115 137.035 407
-86.5053 137.035 407
-87.4134 137.371 408
-88.5408 138.045 410
-89.2398 138.045 410
-90.1581 138.381 411
-91.0798 138.718 412
-91.7822 138.718 412
-92.4845 138.718 412
-93.413 139.055 413
-94.8008 140.065 416
-95.7395 140.402 417
-96.6817 140.738 418
-99.4913 143.769 427
-100.219 143.769 427
-101.184 144.105 428
-101.913 144.105 428
-102.883 144.442 429
-103.614 144.442 429
-104.345 144.442 429
-105.567 145.115 431
-106.301 145.115 431
-107.036 145.115 431
-108.021 145.452 432
-108.757 145.452 432
-109.494 145.452 432
-110.485 145.789 433
-111.223 145.789 433
-112.22 146.125 434
-112.96 146.125 434
-113.962 146.462 435
-114.967 146.799 436
-115.976 147.135 437
-116.721 147.135 437
-117.466 147.135 437
-118.481 147.472 438
-119.228 147.472 438
-119.975 147.472 438
-120.446 147.135 437
-805.793 751.839 2233
-809.6 751.839 2233
-813.407 751.839 2233
-812.822 747.798 2221
-812.563 744.095 2210
-816.331 744.095 2210
-811.192 736.014 2186
-822.748 743.085 2207
-831.753 747.798 2221
-835.539 747.798 2221
-839.325 747.798 2221
-841.973 746.788 2218
-841.559 743.085 2207
-845.322 743.085 2207
-847.93 742.074 2204
-851.687 742.074 2204
-854.28 741.064 2201
-858.032 741.064 2201
-861.784 741.064 2201
-864.357 740.054 2198
-869.289 741.064 2201
-873.041 741.064 2201
-876.793 741.064 2201
-880.545 741.064 2201
-884.297 741.064 2201
-890.47 743.085 2207
-894.233 743.085 2207
-897.995 743.085 2207
-901.758 743.085 2207
-905.52 743.085 2207
-908.046 742.074 2204
-905.598 737.024 2189
-907.253 735.341 2184
-910.976 735.341 2184
-913.443 734.331 2181
-914.637 732.31 2175
-917.079 731.3 2172
-920.781 731.3 2172
-924.484 731.3 2172
-926.05 729.617 2167
-928.457 728.607 2164
-932.146 728.607 2164
-935.835 728.607 2164
-938.222 727.597 2161
-939.291 725.576 2155
-942.964 725.576 2155
-945.759 724.903 2153
-948.107 723.893 2150
-949.116 721.873 2144
-952.771 721.873 2144
-955.534 721.199 2142
-959.185 721.199 2142
-962.837 721.199 2142
-966.488 721.199 2142
-967.422 719.179 2136
-969.7 718.169 2133
-972.424 717.496 2131
-976.056 717.496 2131
-978.31 716.486 2128
-980.553 715.476 2125
-982.787 714.466 2122
-986.404 714.466 2122
-989.089 713.792 2120
-992.703 713.792 2120
-996.317 713.792 2120
-999.931 713.792 2120
-1002.12 712.782 2117
-1005.73 712.782 2117
-1007.91 711.772 2114
-1011.52 711.772 2114
-1012.72 710.089 2109
-1013.9 708.405 2104
-1016.04 707.395 2101
-1019.62 707.395 2101
-1020.77 705.711 2096
-1021.9 704.028 2091
-1022.52 702.008 2085
-1026.08 702.008 2085
-1026.17 699.651 2078
-1024.26 695.947 2067
-1027.79 695.947 2067
-1031.31 695.947 2067
-1033.83 695.274 2065
-1033.34 692.58 2057
-1029.28 687.53 2042
-1032.76 687.53 2042
-1033.71 685.846 2037
-1037.18 685.846 2037
-1035.54 682.48 2027
-1039 682.48 2027
-1039.88 680.796 2022
1360.32 1321.19 3944
1353.6 1321.19 3944
1346.87 1321.19 3944
1340.15 1321.19 3944
1333.43 1321.19 3944
887.529 1369.77 4089
880.558 1369.77 4089
873.587 1369.77 4089
866.616 1369.77 4089
852.675 1369.77 4089
845.704 1369.77 4089
838.734 1369.77 4089
827.695 1363.07 4069
824.792 1369.77 4089
817.821 1369.77 4089
810.851 1369.77 4089
803.88 1369.77 4089
796.909 1369.77 4089
788.007 1366.42 4079
777.223 1359.72 4059
770.304 1359.72 4059
763.384 1359.72 4059
752.737 1353.02 4039
744.19 1350 4030
737.32 1350 4030
730.45 1350 4030
721.784 1346.65 4020
708.173 1333.92 3982
698.038 1327.56 3963
691.282 1327.56 3963
682.799 1324.21 3953
672.982 1318.18 3935
666.273 1318.18 3935
659.565 1318.18 3935
651.198 1314.83 3925
644.507 1314.83 3925
637.816 1314.83 3925
631.124 1314.83 3925
621.57 1308.8 3907
613.493 1305.78 3898
606.848 1305.78 3898
600.203 1305.78 3898
593.557 1305.78 3898
586.912 1305.78 3898
580.267 1305.78 3898
573.622 1305.78 3898
566.977 1305.78 3898
560.332 1305.78 3898
554.965 1308.8 3907
548.305 1308.8 3907
541.644 1308.8 3907
534.984 1308.8 3907
525.889 1302.77 3889
519.26 1302.77 3889
509.071 1293.72 3862
497.803 1281.67 3826
487.942 1272.96 3800
481.464 1272.96 3800
473.986 1270.28 3792
466.412 1267.26 3783
455.829 1255.87 3749
449.438 1255.87 3749
441.983 1252.86 3740
432.812 1244.82 3716
421.772 1231.08 3675
415.507 1231.08 3675
406.458 1222.71 3650
398.591 1217.68 3635
390.667 1212.32 3619
384.497 1212.32 3619
372.683 1194.23 3565
362.698 1181.5 3527
355.168 1176.48 3512
348.485 1174.13 3505
342.51 1174.13 3505
-4.35543 150.745 450
-5.12257 150.745 450
-5.88971 150.745 450
-6.65684 150.745 450
-7.42398 150.745 450
-8.19112 150.745 450
-8.93835 150.41 449
-9.68217 150.075 448
-10.3993 149.405 446
-11.1596 149.405 446
-11.9199 149.405 446
-12.6518 149.07 445
-13.3803 148.735 444
-14.0735 148.065 442
-14.827 148.065 442
-15.5452 147.73 441
-16.2601 147.395 440
-16.9715 147.06 439
-17.6392 146.39 437
-18.3841 146.39 437
-29.4856 139.02 415
-30.2658 139.355 416
-30.975 139.355 416
-31.6842 139.355 416
-32.1598 138.35 413
-32.8638 138.35 413
-33.4866 138.015 412
-34.189 138.015 412
-34.8066 137.68 411
-35.3345 137.01 409
-36.0317 137.01 409
-36.6392 136.675 408
-37.2432 136.34 407
-37.8438 136.005 406
-38.5359 136.005 406
-39.2281 136.005 406
-39.8219 135.67 405
-40.4123 135.335 404
-40.9993 135 403
-41.6863 135 403
-42.0578 133.995 400
-42.7397 133.995 400
-43.3131 133.66 399
-43.9933 133.66 399
-44.6735 133.66 399
-45.24 133.325 398
-45.8031 132.99 397
-46.4799 132.99 397
-47.1567 132.99 397
-47.713 132.655 396
-48.3881 132.655 396
-48.9393 132.32 395
-49.6126 132.32 395
-50.286 132.32 395
-50.9594 132.32 395
-51.6328 132.32 395
-52.3061 132.32 395
-52.9795 132.32 395
-53.6529 132.32 395
-54.1887 131.985 394
-54.8604 131.985 394
-55.5321 131.985 394
-56.2037 131.985 394
-56.8754 131.985 394
-57.5471 131.985 394
-58.2187 131.985 394
-58.8904 131.985 394
-59.5621 131.985 394
-60.2338 131.985 394
-60.9054 131.985 394
-61.7334 132.32 395
-62.4068 132.32 395
-63.0801 132.32 395
-63.5921 131.985 394
-64.2638 131.985 394
-65.1003 132.32 395
-65.7736 132.32 395
-66.447 132.32 395
-67.1204 132.32 395
-67.7938 132.32 395
-68.4671 132.32 395
-69.1405 132.32 395
-69.9906 132.655 396
-70.6657 132.655 396
-71.3408 132.655 396
-72.0159 132.655 396
-72.8745 132.99 397
-73.7366 133.325 398
-74.4151 133.325 398
-75.0935 133.325 398
-75.9624 133.66 399
-76.6426 133.66 399
-77.3228 133.66 399
-78.003 133.66 399
-78.6832 133.66 399
-79.7612 134.33 401
-80.4448 134.33 401
-81.3307 134.665 402
-82.4241 135.335 404
-83.1128 135.335 404
-83.8015 135.335 404
-84.9085 136.005 406
-85.8115 136.34 407
-86.5053 136.34 407
-87.4134 136.675 408
-88.5408 137.345 410
-89.2398 137.345 410
-90.1581 137.68 411
-91.0798 138.015 412
-91.7822 138.015 412
-92.4845 138.015 412
-93.413 138.35 413
-94.8008 139.355 416
-95.7395 139.69 417
-96.913 140.36 419
-99.4913 143.04 427
-100.219 143.04 427
-101.184 143.375 428
-101.913 143.375 428
-102.883 143.71 429
-103.614 143.71 429
-104.345 143.71 429
-105.567 144.38 431
-106.301 144.38 431
-107.036 144.38 431
-108.021 144.715 432
-108.757 144.715 432
-109.494 144.715 432
-110.485 145.05 433
-111.223 145.05 433
-112.479 145.72 435
-113.22 145.72 435
-113.962 145.72 435
-114.967 146.055 436
-115.976 146.39 437
-116.721 146.39 437
-117.735 146.725 438
-118.752 147.06 439
-119.5 147.06 439
-120.249 147.06 439
-805.793 748.029 2233
-809.6 748.029 2233
-813.407 748.029 2233
-812.822 744.009 2221
-812.563 740.324 2210
-816.331 740.324 2210
-811.192 732.284 2186
-820.511 737.309 2201
-831.753 744.009 2221
-835.539 744.009 2221
-839.325 744.009 2221
-841.973 743.004 2218
-841.559 739.319 2207
-845.322 739.319 2207
-847.93 738.314 2204
-851.687 738.314 2204
-853.116 736.304 2198
-856.863 736.304 2198
-859.435 735.299 2195
-863.177 735.299 2195
-869.289 737.309 2201
-873.041 737.309 2201
-876.793 737.309 2201
-880.545 737.309 2201
-884.297 737.309 2201
-891.681 740.324 2210
-895.448 740.324 2210
-899.216 740.324 2210
-902.983 740.324 2210
-906.751 740.324 2210
-908.046 738.314 2204
-905.598 733.289 2189
-907.253 731.614 2184
-910.976 731.614 2184
-913.443 730.609 2181
-914.637 728.6 2175
-917.079 727.595 2172
-920.781 727.595 2172
-924.484 727.595 2172
-926.05 725.92 2167
-928.457 724.915 2164
-932.146 724.915 2164
-935.835 724.915 2164
-938.222 723.91 2161
-939.291 721.9 2155
-942.964 721.9 2155
-945.759 721.23 2153
-948.107 720.225 2150
-949.116 718.215 2144
-952.771 718.215 2144
-955.534 717.545 2142
-959.185 717.545 2142
-961.488 716.54 2139
-965.135 716.54 2139
-967.422 715.535 2136
-968.791 713.86 2131
-971.055 712.855 2128
-974.682 712.855 2128
-976.931 711.85 2125
-980.553 711.85 2125
-982.787 710.845 2122
-986.404 710.845 2122
-989.089 710.175 2120
-992.703 710.175 2120
-996.317 710.175 2120
-999.931 710.175 2120
-1002.12 709.17 2117
-1004.31 708.165 2114
-1006.96 707.495 2112
-1010.56 707.495 2112
-1010.32 704.815 2104
-1012.46 703.81 2101
-1013.62 702.135 2096
-1017.2 702.135 2096
-1018.33 700.461 2091
-1018.97 698.451 2085
-1019.09 696.106 2078
-1022.63 696.106 2078
-1020.74 692.421 2067
-1020.8 690.076 2060
-1018.84 686.391 2049
-1022.33 686.391 2049
-1024.82 685.721 2047
-1025.8 684.046 2042
-1026.76 682.371 2037
-1030.23 682.371 2037
-1033.71 682.371 2037
-1031.07 678.351 2025
-1032.99 677.346 2022
-1036.44 677.346 2022
-1037.31 675.671 2017
887.529 1362.79 4089
880.558 1362.79 4089
873.587 1362.79 4089
866.616 1362.79 4089
852.675 1362.79 4089
845.704 1362.79 4089
838.734 1362.79 4089
827.695 1356.13 4069
824.792 1362.79 4089
817.821 1362.79 4089
810.851 1362.79 4089
803.88 1362.79 4089
796.909 1362.79 4089
788.007 1359.46 4079
781.053 1359.46 4079
770.304 1352.79 4059
763.384 1352.79 4059
754.601 1349.46 4049
745.852 1346.13 4039
737.32 1343.13 4030
730.45 1343.13 4030
723.579 1343.13 4030
714.931 1339.79 4020
698.038 1320.8 3963
691.282 1320.8 3963
682.799 1317.46 3953
674.521 1314.46 3944
666.273 1311.47 3935
659.565 1311.47 3935
651.198 1308.13 3925
644.507 1308.13 3925
637.816 1308.13 3925
631.124 1308.13 3925
623.002 1305.13 3916
613.493 1299.13 3898
606.848 1299.13 3898
601.588 1302.13 3907
594.928 1302.13 3907
588.267 1302.13 3907
582.947 1305.13 3916
576.271 1305.13 3916
569.595 1305.13 3916
562.919 1305.13 3916
557.522 1308.13 3925
550.831 1308.13 3925
544.14 1308.13 3925
537.449 1308.13 3925
530.757 1308.13 3925
524.066 1308.13 3925
512.63 1296.13 3889
502.487 1287.14 3862
489.098 1269.47 3809
482.604 1269.47 3809
474.986 1266.47 3800
467.522 1263.81 3792
455.829 1249.47 3749
449.438 1249.47 3749
441.983 1246.48 3740
431.764 1235.48 3707
421.772 1224.81 3675
415.507 1224.81 3675
405.567 1213.81 3642
398.591 1211.48 3635
390.667 1206.15 3619
384.497 1206.15 3619
372.683 1188.15 3565
362.698 1175.49 3527
355.168 1170.49 3512
348.485 1168.15 3505
342.51 1168.15 3505
-4.35543 149.977 450
-5.12257 149.977 450
-5.88971 149.977 450
-6.65684 149.977 450
-7.42398 149.977 450
-8.19112 149.977 450
-8.95825 149.977 450
-9.68217 149.31 448
-10.4226 148.977 447
-11.1596 148.644 446
-11.9199 148.644 446
-12.6802 148.644 446
-13.4104 148.311 445
-14.1053 147.644 443
-14.8605 147.644 443
-15.5452 146.977 441
-16.2601 146.644 440
-16.9715 146.311 439
-17.6795 145.978 438
-18.4262 145.978 438
-19.0853 145.311 436
-19.6012 143.645 431
-20.336 143.645 431
-21.0707 143.645 431
-21.8054 143.645 431
-22.5402 143.645 431
-30.2658 138.645 416
-30.975 138.645 416
-31.6842 138.645 416
-32.1598 137.646 413
-32.8638 137.646 413
-33.4866 137.312 412
-34.189 137.312 412
-34.8066 136.979 411
-35.3345 136.312 409
-36.0317 136.312 409
-36.6392 135.979 408
-37.2432 135.646 407
-37.8438 135.313 406
-38.5359 135.313 406
-39.2281 135.313 406
-39.8219 134.979 405
-40.3122 134.313 403
-40.8975 133.979 402
-41.5828 133.979 402
-42.0578 133.313 400
-42.7397 133.313 400
-43.3131 132.98 399
-43.9933 132.98 399
-44.6735 132.98 399
-45.24 132.646 398
-45.8031 132.313 397
-46.4799 132.313 397
-47.1567 132.313 397
-47.713 131.98 396
-48.3881 131.98 396
-49.0631 131.98 396
-49.7382 131.98 396
-50.4133 131.98 396
-50.9594 131.646 395
-51.6328 131.646 395
-52.3061 131.646 395
-52.9795 131.646 395
-53.6529 131.646 395
-54.1887 131.313 394
-54.8604 131.313 394
-55.5321 131.313 394
-56.2037 131.313 394
-56.8754 131.313 394
-57.5471 131.313 394
-58.2187 131.313 394
-58.8904 131.313 394
-59.7133 131.646 395
-60.3866 131.646 395
-61.06 131.646 395
-61.7334 131.646 395
-62.4068 131.646 395
-63.0801 131.646 395
-63.7535 131.646 395
-64.4269 131.646 395
-65.1003 131.646 395
-65.7736 131.646 395
-66.447 131.646 395
-67.1204 131.646 395
-67.7938 131.646 395
-68.4671 131.646 395
-69.1405 131.646 395
-69.9906 131.98 396
-70.6657 131.98 396
-71.3408 131.98 396
-72.0159 131.98 396
-72.8745 132.313 397
-73.7366 132.646 398
-74.4151 132.646 398
-75.0935 132.646 398
-75.9624 132.98 399
-76.6426 132.98 399
-77.3228 132.98 399
-78.003 132.98 399
-78.8804 133.313 400
-79.7612 133.646 401
-80.4448 133.646 401
-81.3307 133.979 402
-82.4241 134.646 404
-83.1128 134.646 404
-83.8015 134.646 404
-84.9085 135.313 406
-85.8115 135.646 407
-86.5053 135.646 407
-87.4134 135.979 408
-88.5408 136.646 410
-89.2398 136.646 410
-89.9387 136.646 410
-91.0798 137.312 412
-91.7822 137.312 412
-92.4845 137.312 412
-93.413 137.646 413
-95.0287 138.979 417
-95.7395 138.979 417
-96.913 139.645 419
-99.4913 142.312 427
-100.219 142.312 427
-101.184 142.645 428
-101.913 142.645 428
-102.883 142.978 429
-103.614 142.978 429
-104.345 142.978 429
-105.567 143.645 431
-106.301 143.645 431
-107.036 143.645 431
-108.021 143.978 432
-108.757 143.978 432
-109.494 143.978 432
-110.485 144.311 433
-111.223 144.311 433
-112.479 144.978 435
-113.22 144.978 435
-113.962 144.978 435
-114.967 145.311 436
-115.976 145.644 437
-116.721 145.644 437
-117.735 145.978 438
-118.752 146.311 439
-119.5 146.311 439
-120.249 146.311 439
-804.334 753.551 2261
-808.188 753.551 2261
-812.043 753.551 2261
-812.289 750.218 2251
-816.126 750.218 2251
-813.407 744.219 2233
-812.822 740.22 2221
-812.563 736.554 2210
-816.331 736.554 2210
-811.192 728.555 2186
-830.203 742.219 2227
-834 742.219 2227
-837.796 742.219 2227
-841.593 742.219 2227
-844.25 741.22 2224
-845.754 739.22 2218
-849.535 739.22 2218
-847.93 734.554 2204
-851.687 734.554 2204
-854.28 733.554 2201
-858.032 733.554 2201
-858.261 730.555 2192
-861.997 730.555 2192
-868.104 732.554 2198
-871.851 732.554 2198
-875.598 732.554 2198
-880.545 733.554 2201
-884.297 733.554 2201
-891.681 736.554 2210
-895.448 736.554 2210
-899.216 736.554 2210
-902.983 736.554 2210
-906.751 736.554 2210
-905.574 732.554 2198
-905.598 729.555 2189
-907.253 727.888 2184
-910.976 727.888 2184
-912.186 725.889 2178
-914.637 724.889 2175
-917.079 723.889 2172
-920.781 723.889 2172
-923.207 722.889 2169
-926.05 722.223 2167
-928.457 721.223 2164
-932.146 721.223 2164
-935.835 721.223 2164
-938.222 720.223 2161
-939.291 718.223 2155
-942.964 718.223 2155
-945.759 717.557 2153
-948.107 716.557 2150
-949.116 714.557 2144
-952.771 714.557 2144
-955.534 713.891 2142
-959.185 713.891 2142
-961.488 712.891 2139
-965.135 712.891 2139
-967.422 711.891 2136
-968.791 710.224 2131
-971.055 709.224 2128
-974.682 709.224 2128
-976.931 708.225 2125
-980.553 708.225 2125
-982.787 707.225 2122
-986.404 707.225 2122
-989.089 706.558 2120
-992.703 706.558 2120
-996.317 706.558 2120
-999.931 706.558 2120
-1002.12 705.558 2117
-1004.31 704.559 2114
-1006.96 703.892 2112
-1010.56 703.892 2112
-1010.32 701.226 2104
-1012.46 700.226 2101
-1013.62 698.56 2096
-1017.2 698.56 2096
-1016.87 695.893 2088
-1016.52 693.227 2080
-1016.15 690.561 2072
-1019.68 690.561 2072
-1017.28 686.561 2060
-1015.34 682.895 2049
-1017.84 682.229 2047
-1021.33 682.229 2047
-1020.82 679.562 2039
-1023.29 678.896 2037
-1024.24 677.229 2032
-1027.71 677.229 2032
-1027.62 674.896 2025
-1029.54 673.897 2022
-1032.99 673.897 2022
-1036.44 673.897 2022
-1036.28 671.564 2015
824.792 1355.81 4089
817.821 1355.81 4089
810.851 1355.81 4089
803.88 1355.81 4089
796.909 1355.81 4089
789.939 1355.81 4089
781.053 1352.5 4079
770.304 1345.87 4059
763.384 1345.87 4059
756.465 1345.87 4059
745.852 1339.24 4039
738.966 1339.24 4039
732.081 1339.24 4039
723.579 1336.25 4030
714.931 1332.94 4020
698.038 1314.04 3963
691.282 1314.04 3963
682.799 1310.72 3953
674.521 1307.74 3944
666.273 1304.75 3935
659.565 1304.75 3935
651.198 1301.44 3925
644.507 1301.44 3925
637.816 1301.44 3925
631.124 1301.44 3925
623.002 1298.45 3916
614.909 1295.47 3907
608.249 1295.47 3907
602.974 1298.45 3916
596.298 1298.45 3916
589.623 1298.45 3916
582.947 1298.45 3916
579.067 1304.75 3935
572.359 1304.75 3935
565.651 1304.75 3935
560.221 1307.74 3944
553.497 1307.74 3944
546.774 1307.74 3944
540.05 1307.74 3944
533.327 1307.74 3944
526.603 1307.74 3944
517.375 1301.44 3925
506 1289.5 3889
492.436 1271.59 3835
485.899 1271.59 3835
476.111 1262.97 3809
468.508 1259.99 3800
457.896 1248.72 3766
451.476 1248.72 3766
441.983 1240.09 3740
431.764 1229.15 3707
421.772 1218.54 3675
415.507 1218.54 3675
405.567 1207.6 3642
396.836 1199.97 3619
387.32 1189.7 3588
381.204 1189.7 3588
372.683 1182.07 3565
362.698 1169.47 3527
355.168 1164.5 3512
349.181 1164.5 3512
343.194 1164.5 3512
-4.36511 149.541 451
-5.13395 149.541 451
-5.90279 149.541 451
-6.67164 149.541 451
-7.44048 149.541 451
-8.20932 149.541 451
-8.95825 149.209 450
-9.70378 148.878 449
-10.4459 148.546 448
-11.1846 148.215 447
-11.9466 148.215 447
-12.7086 148.215 447
-13.4405 147.883 446
-14.169 147.551 445
-14.9276 147.551 445
-15.6157 146.888 443
-16.297 146.225 441
-17.0102 145.893 440
-17.7602 145.893 440
-18.4262 145.23 438
-19.0853 144.567 436
-19.7376 143.904 434
-20.3831 143.241 432
-21.1196 143.241 432
-21.8054 142.909 431
-22.5402 142.909 431
-30.2658 137.936 416
-30.975 137.936 416
-31.6842 137.936 416
-32.1598 136.941 413
-32.8638 136.941 413
-33.4866 136.609 412
-34.189 136.609 412
-34.7219 135.946 410
-35.2481 135.283 408
-35.9436 135.283 408
-36.5494 134.951 407
-37.2432 134.951 407
-37.8438 134.62 406
-38.5359 134.62 406
-39.2281 134.62 406
-39.8219 134.288 405
-40.3122 133.625 403
-40.8975 133.294 402
-41.5828 133.294 402
-42.0578 132.63 400
-42.7397 132.63 400
-43.3131 132.299 399
-43.9933 132.299 399
-44.6735 132.299 399
-45.24 131.967 398
-45.8031 131.636 397
-46.4799 131.636 397
-47.1567 131.636 397
-47.713 131.304 396
-48.3881 131.304 396
-49.0631 131.304 396
-49.7382 131.304 396
-50.4133 131.304 396
-50.9594 130.973 395
-51.6328 130.973 395
-52.3061 130.973 395
-52.9795 130.973 395
-53.6529 130.973 395
-54.1887 130.641 394
-54.8604 130.641 394
-55.5321 130.641 394
-56.2037 130.641 394
-56.8754 130.641 394
-57.5471 130.641 394
-58.3665 130.973 395
-59.0399 130.973 395
-59.7133 130.973 395
-60.3866 130.973 395
-61.06 130.973 395
-61.7334 130.973 395
-62.4068 130.973 395
-63.0801 130.973 395
-63.7535 130.973 395
-64.4269 130.973 395
-65.1003 130.973 395
-65.7736 130.973 395
-66.447 130.973 395
-67.1204 130.973 395
-67.7938 130.973 395
-68.4671 130.973 395
-69.1405 130.973 395
-69.9906 131.304 396
-70.6657 131.304 396
-71.3408 131.304 396
-72.0159 131.304 396
-72.8745 131.636 397
-73.7366 131.967 398
-74.4151 131.967 398
-75.0935 131.967 398
-75.9624 132.299 399
-76.6426 132.299 399
-77.3228 132.299 399
-78.1985 132.63 400
-78.8804 132.63 400
-79.7612 132.962 401
-80.4448 132.962 401
-81.533 133.625 403
-82.4241 133.957 404
-83.1128 133.957 404
-84.0089 134.288 405
-84.9085 134.62 406
-85.8115 134.951 407
-86.5053 134.951 407
-87.4134 135.283 408
-88.5408 135.946 410
-89.2398 135.946 410
-89.9387 135.946 410
-91.0798 136.609 412
-91.7822 136.609 412
-92.4845 136.609 412
-93.413 136.941 413
-95.2565 138.599 418
-95.9691 138.599 418
-98.5321 141.251 426
-99.7243 141.915 428
-100.454 141.915 428
-101.184 141.915 428
-102.151 142.246 429
-102.883 142.246 429
-103.614 142.246 429
-104.589 142.578 430
-105.567 142.909 431
-106.301 142.909 431
-107.036 142.909 431
-108.021 143.241 432
-108.757 143.241 432
-109.494 143.241 432
-110.485 143.572 433
-111.223 143.572 433
-112.479 144.236 435
-113.22 144.236 435
-113.962 144.236 435
-114.967 144.567 436
-115.976 144.899 437
-116.721 144.899 437
-118.003 145.562 439
-118.752 145.562 439
-119.5 145.562 439
-120.249 145.562 439
-804.334 749.694 2261
-808.188 749.694 2261
-812.043 749.694 2261
-812.289 746.378 2251
-816.126 746.378 2251
-812.314 739.415 2230
-808.796 732.783 2210
-811.46 731.788 2207
-815.223 731.788 2207
-811.192 724.825 2186
-832.44 740.409 2233
-836.247 740.409 2233
-840.054 740.409 2233
-843.86 740.409 2233
-844.25 737.425 2224
-845.754 735.436 2218
-849.535 735.436 2218
-847.93 730.794 2204
-851.687 730.794 2204
-854.28 729.799 2201
-858.032 729.799 2201
-857.086 725.82 2189
-861.997 726.815 2192
-865.734 726.815 2192
-873.041 729.799 2201
-876.793 729.799 2201
-880.545 729.799 2201
-885.503 730.794 2204
-891.681 732.783 2210
-895.448 732.783 2210
-899.216 732.783 2210
-902.983 732.783 2210
-906.751 732.783 2210
-904.338 727.81 2195
-903.529 724.162 2184
-906.006 723.167 2181
-909.724 723.167 2181
-912.186 722.173 2178
-913.376 720.183 2172
-915.812 719.189 2169
-919.51 719.189 2169
-922.356 718.525 2167
-924.768 717.531 2164
-927.17 716.536 2161
-930.854 716.536 2161
-934.538 716.536 2161
-936.919 715.541 2158
-939.291 714.547 2155
-942.964 714.547 2155
-945.759 713.883 2153
-948.107 712.889 2150
-949.116 710.899 2144
-952.771 710.899 2144
-955.534 710.236 2142
-957.842 709.241 2139
-961.488 709.241 2139
-965.135 709.241 2139
-967.422 708.247 2136
-968.791 706.589 2131
-971.055 705.594 2128
-974.682 705.594 2128
-976.931 704.599 2125
-979.169 703.604 2122
-982.787 703.604 2122
-986.404 703.604 2122
-989.089 702.941 2120
-992.703 702.941 2120
-994.907 701.947 2117
-998.516 701.947 2117
-1000.7 700.952 2114
-1003.36 700.289 2112
-1005.53 699.294 2109
-1009.12 699.294 2109
-1008.88 696.641 2101
-1011.01 695.647 2098
-1011.2 693.326 2091
-1014.77 693.326 2091
-1016.87 692.331 2088
-1016.52 689.678 2080
-1016.15 687.026 2072
-1019.68 687.026 2072
-1017.28 683.047 2060
-1015.34 679.399 2049
-1017.84 678.736 2047
-1021.33 678.736 2047
-1020.82 676.084 2039
-1023.29 675.421 2037
-1024.24 673.763 2032
-1027.71 673.763 2032
-1027.62 671.442 2025
-1029.54 670.447 2022
-1032.99 670.447 2022
-1036.44 670.447 2022
-1036.28 668.126 2015
810.851 1348.84 4089
803.88 1348.84 4089
796.909 1348.84 4089
789.939 1348.84 4089
781.053 1345.54 4079
770.304 1338.94 4059
763.384 1338.94 4059
756.465 1338.94 4059
745.852 1332.34 4039
738.966 1332.34 4039
732.081 1332.34 4039
723.579 1329.38 4030
714.931 1326.08 4020
698.038 1307.27 3963
691.282 1307.27 3963
682.799 1303.98 3953
674.521 1301.01 3944
666.273 1298.04 3935
659.565 1298.04 3935
651.198 1294.74 3925
644.507 1294.74 3925
637.816 1294.74 3925
631.124 1294.74 3925
623.002 1291.77 3916
614.909 1288.8 3907
608.249 1288.8 3907
604.36 1294.74 3925
597.669 1294.74 3925
592.483 1298.04 3935
588.455 1303.98 3953
584.512 1310.24 3972
577.74 1310.24 3972
570.969 1310.24 3972
564.198 1310.24 3972
557.427 1310.24 3972
550.655 1310.24 3972
543.884 1310.24 3972
537.113 1310.24 3972
530.342 1310.24 3972
522.384 1307.27 3963
510.684 1294.74 3925
494.748 1270.99 3853
488.179 1270.99 3853
479.361 1265.05 3835
469.618 1256.47 3809
459.963 1247.9 3783
453.514 1247.9 3783
443.047 1236.68 3749
433.744 1228.44 3724
421.772 1212.27 3675
415.507 1212.27 3675
405.567 1201.39 3642
396.836 1193.8 3619
386.457 1180.93 3580
380.354 1180.93 3580
372.683 1175.99 3565
362.698 1163.45 3527
355.168 1158.5 3512
349.181 1158.5 3512
343.194 1158.5 3512
-4.36511 148.771 451
-5.13395 148.771 451
-5.90279 148.771 451
-6.67164 148.771 451
-7.44048 148.771 451
-8.20932 148.771 451
-8.97816 148.771 451
-9.72539 148.441 450
-10.4692 148.112 449
-11.2346 148.112 449
-11.9733 147.782 448
-12.7086 147.452 447
-13.4707 147.452 447
-14.2008 147.122 446
-14.9612 147.122 446
-15.6862 146.792 445
-16.334 145.803 442
-17.0102 145.143 440
-17.7602 145.143 440
-18.4262 144.483 438
-19.0853 143.823 436
-19.7376 143.164 434
-20.3831 142.504 432
-21.1196 142.504 432
-21.856 142.504 432
-22.5402 142.174 431
-31.4557 136.236 413
-32.1598 136.236 413
-32.8638 136.236 413
-33.4866 135.906 412
-34.189 135.906 412
-34.5526 134.587 408
-35.1617 134.257 407
-35.8555 134.257 407
-36.5494 134.257 407
-37.1517 133.927 406
-37.8438 133.927 406
-38.5359 133.927 406
-39.1315 133.597 405
-39.7236 133.267 404
-40.3122 132.938 403
-40.7958 132.278 401
-41.4794 132.278 401
-42.0578 131.948 400
-42.7397 131.948 400
-43.3131 131.618 399
-43.9933 131.618 399
-44.6735 131.618 399
-45.24 131.288 398
-45.9185 131.288 398
-46.597 131.288 398
-47.1567 130.958 397
-47.713 130.629 396
-48.3881 130.629 396
-49.0631 130.629 396
-49.7382 130.629 396
-50.4133 130.629 396
-50.9594 130.299 395
-51.6328 130.299 395
-52.3061 130.299 395
-52.9795 130.299 395
-53.6529 130.299 395
-54.3263 130.299 395
-54.9996 130.299 395
-55.673 130.299 395
-56.2037 129.969 394
-56.8754 129.969 394
-57.5471 129.969 394
-58.3665 130.299 395
-59.0399 130.299 395
-59.7133 130.299 395
-60.3866 130.299 395
-61.06 130.299 395
-61.7334 130.299 395
-62.4068 130.299 395
-63.0801 130.299 395
-63.7535 130.299 395
-64.4269 130.299 395
-65.1003 130.299 395
-65.7736 130.299 395
-66.447 130.299 395
-67.1204 130.299 395
-67.7938 130.299 395
-68.4671 130.299 395
-69.1405 130.299 395
-69.9906 130.629 396
-70.6657 130.629 396
-71.3408 130.629 396
-72.0159 130.629 396
-72.8745 130.958 397
-73.7366 131.288 398
-74.4151 131.288 398
-75.2822 131.618 399
-75.9624 131.618 399
-76.6426 131.618 399
-77.3228 131.618 399
-78.1985 131.948 400
-78.8804 131.948 400
-79.7612 132.278 401
-80.6454 132.608 402
-81.7354 133.267 404
-82.6281 133.597 405
-83.3185 133.597 405
-84.2164 133.927 406
-85.1176 134.257 407
-85.8115 134.257 407
-86.7178 134.587 408
-87.6276 134.917 409
-88.5408 135.247 410
-89.2398 135.247 410
-90.1581 135.577 411
-91.0798 135.906 412
-92.0049 136.236 413
-92.709 136.236 413
-93.8654 136.896 415
-96.1681 139.205 422
-96.8875 139.205 422
-98.5321 140.525 426
-99.7243 141.184 428
-100.454 141.184 428
-101.42 141.514 429
-102.151 141.514 429
-103.122 141.844 430
-103.856 141.844 430
-104.589 141.844 430
-105.567 142.174 431
-106.301 142.174 431
-107.284 142.504 432
-108.021 142.504 432
-109.009 142.834 433
-109.747 142.834 433
-110.485 142.834 433
-111.223 142.834 433
-112.479 143.493 435
-113.22 143.493 435
-113.962 143.493 435
-114.967 143.823 436
-115.976 144.153 437
-116.721 144.153 437
-118.003 144.813 439
-118.752 144.813 439
-119.5 144.813 439
-120.249 144.813 439
-804.334 745.836 2261
-808.188 745.836 2261
-812.043 745.836 2261
-812.289 742.537 2251
-816.126 742.537 2251
-812.314 735.61 2230
-808.796 729.013 2210
-811.46 728.023 2207
-815.223 728.023 2207
-811.192 721.096 2186
-832.44 736.6 2233
-836.247 736.6 2233
-840.054 736.6 2233
-843.86 736.6 2233
-844.25 733.631 2224
-845.754 731.652 2218
-849.535 731.652 2218
-847.93 727.033 2204
-851.687 727.033 2204
-854.28 726.044 2201
-858.032 726.044 2201
-857.086 722.085 2189
-861.997 723.075 2192
-865.734 723.075 2192
-873.041 726.044 2201
-876.793 726.044 2201
-881.745 727.033 2204
-885.503 727.033 2204
-891.681 729.013 2210
-895.448 729.013 2210
-899.216 729.013 2210
-902.983 729.013 2210
-906.751 729.013 2210
-904.338 724.065 2195
-903.529 720.436 2184
-904.76 718.457 2178
-908.473 718.457 2178
-910.93 717.467 2175
-912.114 715.488 2169
-914.967 714.828 2167
-918.662 714.828 2167
-922.356 714.828 2167
-923.486 712.849 2161
-925.883 711.859 2158
-929.562 711.859 2158
-933.24 711.859 2158
-935.617 710.87 2155
-938.419 710.21 2153
-942.089 710.21 2153
-944.442 709.221 2150
-946.784 708.231 2147
-949.116 707.241 2144
-952.771 707.241 2144
-955.534 706.582 2142
-957.842 705.592 2139
-960.14 704.602 2136
-963.781 704.602 2136
-967.422 704.602 2136
-968.791 702.953 2131
-971.055 701.963 2128
-974.682 701.963 2128
-976.931 700.974 2125
-979.169 699.984 2122
-982.787 699.984 2122
-986.404 699.984 2122
-989.089 699.324 2120
-992.703 699.324 2120
-994.907 698.335 2117
-998.516 698.335 2117
-999.758 696.685 2112
-1001.93 695.696 2109
-1005.53 695.696 2109
-1009.12 695.696 2109
-1007.44 692.067 2098
-1008.6 690.418 2093
-1011.2 689.758 2091
-1014.77 689.758 2091
-1015.41 687.779 2085
-1015.55 685.47 2078
-1016.15 683.491 2072
-1019.68 683.491 2072
-1017.28 679.532 2060
-1015.34 675.904 2049
-1017.84 675.244 2047
-1021.33 675.244 2047
-1020.82 672.605 2039
-1023.29 671.945 2037
-1024.24 670.296 2032
-1027.71 670.296 2032
-1027.62 667.987 2025
-1029.54 666.997 2022
-1032.99 666.997 2022
-1036.44 666.997 2022
-1036.28 664.688 2015
810.851 1341.86 4089
803.88 1341.86 4089
796.909 1341.86 4089
789.939 1341.86 4089
782.968 1341.86 4089
774.099 1338.58 4079
767.146 1338.58 4079
756.465 1332.02 4059
747.698 1328.74 4049
738.966 1325.45 4039
732.081 1325.45 4039
723.579 1322.5 4030
713.153 1315.94 4010
698.038 1300.51 3963
691.282 1300.51 3963
681.244 1294.28 3944
672.982 1291.32 3935
664.58 1288.04 3925
657.889 1288.04 3925
649.705 1285.09 3916
643.029 1285.09 3916
636.353 1285.09 3916
629.677 1285.09 3916
621.57 1282.14 3907
614.909 1282.14 3907
608.249 1282.14 3907
604.36 1288.04 3925
597.669 1288.04 3925
592.483 1291.32 3935
588.455 1297.23 3953
584.512 1303.47 3972
577.74 1303.47 3972
570.969 1303.47 3972
564.198 1303.47 3972
557.427 1303.47 3972
550.655 1303.47 3972
543.884 1303.47 3972
537.113 1303.47 3972
530.342 1303.47 3972
522.384 1300.51 3963
510.684 1288.04 3925
494.748 1264.42 3853
488.179 1264.42 3853
479.361 1258.51 3835
469.618 1249.98 3809
459.963 1241.44 3783
453.514 1241.44 3783
443.047 1230.29 3749
433.744 1222.08 3724
421.772 1206 3675
415.507 1206 3675
405.567 1195.17 3642
396.836 1187.63 3619
386.457 1174.83 3580
380.354 1174.83 3580
372.683 1169.9 3565
362.698 1157.43 3527
355.168 1152.51 3512
349.181 1152.51 3512
343.194 1152.51 3512
-4.36511 148.002 451
-5.13395 148.002 451
-5.90279 148.002 451
-6.67164 148.002 451
-7.44048 148.002 451
-8.20932 148.002 451
-8.97816 148.002 451
-9.72539 147.674 450
-10.4692 147.346 449
-11.2346 147.346 449
-11.9733 147.017 448
-12.7086 146.689 447
-13.4707 146.689 447
-14.2008 146.361 446
-14.9612 146.361 446
-15.6862 146.033 445
-16.334 145.048 442
-17.0102 144.392 440
-17.7602 144.392 440
-18.4262 143.736 438
-19.0853 143.079 436
-19.7376 142.423 434
-20.3831 141.767 432
-21.1196 141.767 432
-21.856 141.767 432
-22.5402 141.439 431
-31.4557 135.532 413
-32.1598 135.532 413
-32.8638 135.532 413
-33.4866 135.204 412
-34.189 135.204 412
-34.8913 135.204 412
-35.5937 135.204 412
-35.9436 133.891 408
-36.5494 133.563 407
-37.1517 133.235 406
-37.8438 133.235 406
-38.5359 133.235 406
-39.1315 132.906 405
-39.7236 132.578 404
-40.3122 132.25 403
-40.7958 131.594 401
-41.4794 131.594 401
-42.0578 131.266 400
-42.6329 130.937 399
-43.3131 130.937 399
-43.9933 130.937 399
-44.6735 130.937 399
-45.24 130.609 398
-45.9185 130.609 398
-46.597 130.609 398
-47.1567 130.281 397
-47.8335 130.281 397
-48.3881 129.953 396
-49.0631 129.953 396
-49.7382 129.953 396
-50.4133 129.953 396
-51.0884 129.953 396
-51.7635 129.953 396
-52.4385 129.953 396
-52.9795 129.625 395
-53.6529 129.625 395
-54.3263 129.625 395
-54.9996 129.625 395
-55.673 129.625 395
-56.3464 129.625 395
-57.0198 129.625 395
-57.6931 129.625 395
-58.3665 129.625 395
-59.0399 129.625 395
-59.7133 129.625 395
-60.3866 129.625 395
-61.06 129.625 395
-61.7334 129.625 395
-62.4068 129.625 395
-63.0801 129.625 395
-63.7535 129.625 395
-64.4269 129.625 395
-65.1003 129.625 395
-65.7736 129.625 395
-66.447 129.625 395
-67.1204 129.625 395
-67.9654 129.953 396
-68.6405 129.953 396
-69.3156 129.953 396
-69.9906 129.953 396
-70.6657 129.953 396
-71.3408 129.953 396
-72.1977 130.281 397
-72.8745 130.281 397
-73.7366 130.609 398
-74.4151 130.609 398
-75.2822 130.937 399
-75.9624 130.937 399
-76.6426 130.937 399
-77.3228 130.937 399
-78.1985 131.266 400
-78.8804 131.266 400
-79.5623 131.266 400
-80.6454 131.922 402
-81.7354 132.578 404
-82.6281 132.906 405
-83.3185 132.906 405
-84.2164 133.235 406
-85.1176 133.563 407
-85.8115 133.563 407
-86.7178 133.891 408
-87.6276 134.219 409
-88.5408 134.547 410
-89.2398 134.547 410
-90.1581 134.875 411
-91.0798 135.204 412
-92.0049 135.532 413
-92.709 135.532 413
-93.8654 136.188 415
-96.1681 138.485 422
-96.8875 138.485 422
-98.7634 140.126 427
-99.7243 140.454 428
-100.454 140.454 428
-101.42 140.782 429
-102.389 141.11 430
-103.122 141.11 430
-103.856 141.11 430
-104.832 141.439 431
-105.567 141.439 431
-106.301 141.439 431
-107.284 141.767 432
-108.021 141.767 432
-109.009 142.095 433
-109.747 142.095 433
-110.485 142.095 433
-111.48 142.423 434
-112.737 143.079 436
-113.481 143.079 436
-114.224 143.079 436
-114.967 143.079 436
-115.976 143.408 437
-116.721 143.408 437
-118.003 144.064 439
-118.752 144.064 439
-119.5 144.064 439
-120.249 144.064 439
-804.334 741.979 2261
-808.188 741.979 2261
-812.043 741.979 2261
-812.289 738.697 2251
-816.126 738.697 2251
-812.314 731.805 2230
-807.698 724.258 2207
-803.739 717.366 2186
-807.466 717.366 2186
-811.192 717.366 2186
-832.44 732.79 2233
-836.247 732.79 2233
-840.054 732.79 2233
-843.86 732.79 2233
-844.25 729.836 2224
-841.559 724.258 2207
-845.322 724.258 2207
-847.93 723.273 2204
-851.687 723.273 2204
-854.28 722.289 2201
-858.032 722.289 2201
-857.086 718.351 2189
-860.818 718.351 2189
-865.734 719.335 2192
-873.041 722.289 2201
-876.793 722.289 2201
-881.745 723.273 2204
-886.708 724.258 2207
-892.891 726.227 2213
-896.664 726.227 2213
-900.436 726.227 2213
-902.983 725.242 2210
-906.751 725.242 2210
-904.338 720.32 2195
-903.529 716.71 2184
-904.76 714.741 2178
-908.473 714.741 2178
-910.93 713.756 2175
-912.114 711.788 2169
-914.967 711.131 2167
-918.662 711.131 2167
-922.356 711.131 2167
-923.486 709.162 2161
-925.883 708.178 2158
-929.562 708.178 2158
-933.24 708.178 2158
-935.617 707.193 2155
-938.419 706.537 2153
-942.089 706.537 2153
-944.442 705.552 2150
-946.784 704.568 2147
-948.231 702.927 2142
-951.882 702.927 2142
-954.195 701.943 2139
-956.498 700.958 2136
-960.14 700.958 2136
-963.781 700.958 2136
-966.064 699.974 2133
-967.427 698.333 2128
-969.686 697.348 2125
-973.308 697.348 2125
-975.552 696.364 2122
-979.169 696.364 2122
-982.787 696.364 2122
-986.404 696.364 2122
-989.089 695.707 2120
-992.703 695.707 2120
-994.907 694.723 2117
-998.516 694.723 2117
-999.758 693.082 2112
-1003.36 693.082 2112
-1005.53 692.098 2109
-1009.12 692.098 2109
-1008.88 689.472 2101
-1007.64 686.191 2091
-1009.75 685.206 2088
-1013.31 685.206 2088
-1014.44 683.565 2083
-1014.08 680.94 2075
-1015.16 679.299 2070
-1018.69 679.299 2070
-1014.81 674.377 2055
-1015.34 672.408 2049
-1016.35 670.767 2044
-1019.84 670.767 2044
-1020.82 669.126 2039
-1021.78 667.485 2034
-1024.24 666.829 2032
-1027.71 666.829 2032
-1026.09 663.547 2022
-1029.54 663.547 2022
-1031.97 662.891 2020
-1035.41 662.891 2020
-1034.74 660.266 2012
803.88 1334.89 4089
796.909 1334.89 4089
789.939 1334.89 4089
782.968 1334.89 4089
775.997 1334.89 4089
769.026 1334.89 4089
760.192 1331.62 4079
749.545 1325.09 4059
740.796 1321.83 4049
733.893 1321.83 4049
723.579 1315.62 4030
716.709 1315.62 4030
699.623 1296.69 3972
692.852 1296.69 3972
682.799 1290.49 3953
672.982 1284.61 3935
664.58 1281.35 3925
657.889 1281.35 3925
648.211 1275.47 3907
641.551 1275.47 3907
634.891 1275.47 3907
628.23 1275.47 3907
621.57 1275.47 3907
614.909 1275.47 3907
611.051 1281.35 3925
604.36 1281.35 3925
597.669 1281.35 3925
595.193 1290.49 3953
591.283 1296.69 3972
584.512 1296.69 3972
577.74 1296.69 3972
570.969 1296.69 3972
565.618 1299.95 3982
558.83 1299.95 3982
552.042 1299.95 3982
546.486 1302.89 3991
539.682 1302.89 3991
532.879 1302.89 3991
524.889 1299.95 3982
515.628 1293.75 3963
495.903 1260.78 3862
489.32 1260.78 3862
481.611 1257.84 3853
472.823 1251.97 3835
459.963 1234.99 3783
453.514 1234.99 3783
445.056 1229.44 3766
433.744 1215.73 3724
421.772 1199.73 3675
415.507 1199.73 3675
404.788 1186.67 3635
391.683 1166.11 3572
385.593 1166.11 3572
379.504 1166.11 3572
368.71 1151.42 3527
361.155 1146.52 3512
355.168 1146.52 3512
349.181 1146.52 3512
-4.36511 147.232 451
-5.14534 147.559 452
-5.91588 147.559 452
-6.71601 148.212 454
-7.48997 148.212 454
-8.26393 148.212 454
-8.99807 147.559 452
-9.747 147.232 451
-10.4692 146.58 449
-11.2346 146.58 449
-12.0001 146.58 449
-12.7371 146.253 448
-13.5008 146.253 448
-14.2645 146.253 448
-14.9947 145.927 447
-15.7215 145.6 446
-16.334 144.294 442
-17.0102 143.641 440
-17.7602 143.641 440
-18.4262 142.989 438
-19.0853 142.336 436
-19.7376 141.683 434
-20.3831 141.03 432
-21.1196 141.03 432
-21.856 141.03 432
-32.7842 134.501 412
-33.4866 134.501 412
-34.189 134.501 412
-34.8913 134.501 412
-35.5937 134.501 412
-35.9436 133.195 408
-36.5494 132.868 407
-37.1517 132.542 406
-37.8438 132.542 406
-38.5359 132.542 406
-39.1315 132.215 405
-39.7236 131.889 404
-40.2122 131.236 402
-40.7958 130.91 401
-41.4794 130.91 401
-42.0578 130.583 400
-42.6329 130.257 399
-43.3131 130.257 399
-43.9933 130.257 399
-44.6735 130.257 399
-45.24 129.93 398
-45.9185 129.93 398
-46.597 129.93 398
-47.1567 129.604 397
-47.8335 129.604 397
-48.5103 129.604 397
-49.187 129.604 397
-49.7382 129.277 396
-50.4133 129.277 396
-51.0884 129.277 396
-51.7635 129.277 396
-52.4385 129.277 396
-53.1136 129.277 396
-53.7887 129.277 396
-54.4638 129.277 396
-54.9996 128.951 395
-55.673 128.951 395
-56.3464 128.951 395
-57.0198 128.951 395
-57.6931 128.951 395
-58.3665 128.951 395
-59.0399 128.951 395
-59.7133 128.951 395
-60.3866 128.951 395
-61.06 128.951 395
-61.7334 128.951 395
-62.4068 128.951 395
-63.0801 128.951 395
-63.7535 128.951 395
-64.4269 128.951 395
-65.1003 128.951 395
-65.7736 128.951 395
-66.447 128.951 395
-67.2903 129.277 396
-67.9654 129.277 396
-68.6405 129.277 396
-69.3156 129.277 396
-69.9906 129.277 396
-70.6657 129.277 396
-71.3408 129.277 396
-72.1977 129.604 397
-72.8745 129.604 397
-73.7366 129.93 398
-74.4151 129.93 398
-75.2822 130.257 399
-75.9624 130.257 399
-76.8347 130.583 400
-77.5166 130.583 400
-78.1985 130.583 400
-78.8804 130.583 400
-79.5623 130.583 400
-80.6454 131.236 402
-81.7354 131.889 404
-82.6281 132.215 405
-83.3185 132.215 405
-84.2164 132.542 406
-85.1176 132.868 407
-85.8115 132.868 407
-86.7178 133.195 408
-87.6276 133.521 409
-88.5408 133.848 410
-89.2398 133.848 410
-90.1581 134.174 411
-91.0798 134.501 412
-92.4505 135.48 415
-93.1579 135.48 415
-94.7701 136.786 419
-96.1681 137.765 422
-97.8059 139.071 426
-98.7634 139.397 427
-99.7243 139.724 428
-100.454 139.724 428
-101.42 140.05 429
-102.389 140.377 430
-103.122 140.377 430
-103.856 140.377 430
-104.832 140.703 431
-105.567 140.703 431
-106.301 140.703 431
-107.284 141.03 432
-108.021 141.03 432
-109.009 141.356 433
-109.747 141.356 433
-110.485 141.356 433
-111.48 141.683 434
-112.737 142.336 436
-113.481 142.336 436
-114.224 142.336 436
-114.967 142.336 436
-115.976 142.662 437
-116.721 142.662 437
-117.735 142.989 438
-118.752 143.315 439
-119.5 143.315 439
-120.249 143.315 439
-789.037 724.083 2218
-792.818 724.083 2218
-796.599 724.083 2218
-798.576 722.451 2213
-802.349 722.451 2213
-803.936 720.492 2207
-800.013 713.637 2186
-799.695 710.046 2175
-806.727 712.984 2184
-810.45 712.984 2184
-826.848 724.083 2218
-832.876 726.042 2224
-837.796 727.022 2227
-841.593 727.022 2227
-845.389 727.022 2227
-842.703 721.472 2210
-846.471 721.472 2210
-846.776 718.534 2201
-849.369 717.554 2198
-853.116 717.554 2198
-856.863 717.554 2198
-860.61 717.554 2198
-859.638 713.637 2186
-868.104 717.554 2198
-874.231 719.513 2204
-877.988 719.513 2204
-881.745 719.513 2204
-886.708 720.492 2207
-892.891 722.451 2213
-896.664 722.451 2213
-900.436 722.451 2213
-902.983 721.472 2210
-906.751 721.472 2210
-903.102 715.595 2192
-903.529 712.984 2184
-904.76 711.025 2178
-908.473 711.025 2178
-910.93 710.046 2175
-912.114 708.087 2169
-914.967 707.434 2167
-918.662 707.434 2167
-919.802 705.475 2161
-922.204 704.496 2158
-924.596 703.517 2155
-928.269 703.517 2155
-931.943 703.517 2155
-934.748 702.864 2153
-937.111 701.884 2150
-940.776 701.884 2150
-943.124 700.905 2147
-945.461 699.925 2144
-948.231 699.273 2142
-951.882 699.273 2142
-954.195 698.293 2139
-956.498 697.314 2136
-960.14 697.314 2136
-963.781 697.314 2136
-966.064 696.334 2133
-967.427 694.702 2128
-969.686 693.723 2125
-973.308 693.723 2125
-975.552 692.743 2122
-979.169 692.743 2122
-982.787 692.743 2122
-986.404 692.743 2122
-989.089 692.091 2120
-992.703 692.091 2120
-994.907 691.111 2117
-998.516 691.111 2117
-999.758 689.479 2112
-1003.36 689.479 2112
-1005.53 688.499 2109
-1009.12 688.499 2109
-1008.88 685.888 2101
-1007.64 682.623 2091
-1009.75 681.644 2088
-1013.31 681.644 2088
-1014.44 680.012 2083
-1014.08 677.4 2075
-1015.16 675.768 2070
-1018.69 675.768 2070
-1014.81 670.871 2055
-1015.34 668.912 2049
-1015.36 666.627 2042
-1018.84 666.627 2042
-1020.82 665.647 2039
-1021.78 664.015 2034
-1023.23 662.709 2030
-1026.69 662.709 2030
-1026.09 660.098 2022
-1028.52 659.445 2020
-1030.43 658.465 2017
-1033.87 658.465 2017
-1034.74 656.833 2012
803.88 1327.91 4089
796.909 1327.91 4089
789.939 1327.91 4089
782.968 1327.91 4089
775.997 1327.91 4089
769.026 1327.91 4089
762.056 1327.91 4089
753.238 1324.66 4079
742.626 1318.17 4059
735.706 1318.17 4059
726.991 1314.92 4049
716.709 1308.75 4030
701.385 1293.16 3982
694.596 1293.16 3982
682.799 1283.74 3953
672.982 1277.9 3935
664.58 1274.65 3925
657.889 1274.65 3925
648.211 1268.8 3907
641.551 1268.8 3907
634.891 1268.8 3907
628.23 1268.8 3907
621.57 1268.8 3907
614.909 1268.8 3907
611.051 1274.65 3925
605.9 1277.9 3935
599.192 1277.9 3935
595.193 1283.74 3953
591.283 1289.91 3972
585.983 1293.16 3982
579.195 1293.16 3982
572.407 1293.16 3982
568.317 1299.33 4001
561.497 1299.33 4001
554.676 1299.33 4001
547.855 1299.33 4001
541.035 1299.33 4001
534.214 1299.33 4001
526.075 1296.08 3991
518.1 1293.16 3982
495.903 1254.19 3862
489.32 1254.19 3862
482.736 1254.19 3862
475.042 1251.27 3853
465.191 1242.5 3826
458.669 1242.5 3826
445.056 1223.01 3766
433.744 1209.38 3724
373.129 1140.53 3512
367.142 1140.53 3512
361.155 1140.53 3512
355.168 1140.53 3512
349.181 1140.53 3512
-4.36511 146.463 451
-5.14534 146.788 452
-5.91588 146.788 452
-6.71601 147.437 454
-7.48997 147.437 454
-8.26393 147.437 454
-9.03788 147.437 454
-9.747 146.463 451
-10.5158 146.463 451
-11.2847 146.463 451
-12.0001 145.814 449
-12.7655 145.814 449
-13.5008 145.489 448
-14.2645 145.489 448
-15.0283 145.489 448
-15.7567 145.164 447
-16.4448 144.514 445
-17.0102 142.891 440
-17.7602 142.891 440
-18.4683 142.566 439
-19.1291 141.916 437
-19.7376 140.942 434
-20.3831 140.293 432
-21.1196 140.293 432
-32.7842 133.798 412
-33.4866 133.798 412
-34.189 133.798 412
-34.8913 133.798 412
-35.5937 133.798 412
-35.9436 132.499 408
-36.5494 132.174 407
-37.1517 131.849 406
-37.8438 131.849 406
-38.5359 131.849 406
-39.1315 131.524 405
-39.6252 130.875 403
-40.1122 130.225 401
-40.7958 130.225 401
-41.4794 130.225 401
-42.0578 129.901 400
-42.6329 129.576 399
-43.3131 129.576 399
-43.9933 129.576 399
-44.6735 129.576 399
-45.24 129.251 398
-45.9185 129.251 398
-46.597 129.251 398
-47.1567 128.926 397
-47.8335 128.926 397
-48.5103 128.926 397
-49.187 128.926 397
-49.7382 128.602 396
-50.4133 128.602 396
-51.0884 128.602 396
-51.7635 128.602 396
-52.4385 128.602 396
-53.1136 128.602 396
-53.7887 128.602 396
-54.4638 128.602 396
-54.9996 128.277 395
-55.673 128.277 395
-56.3464 128.277 395
-57.0198 128.277 395
-57.6931 128.277 395
-58.3665 128.277 395
-59.0399 128.277 395
-59.7133 128.277 395
-60.3866 128.277 395
-61.06 128.277 395
-61.7334 128.277 395
-62.4068 128.277 395
-63.0801 128.277 395
-63.7535 128.277 395
-64.4269 128.277 395
-65.1003 128.277 395
-65.7736 128.277 395
-66.6152 128.602 396
-67.2903 128.602 396
-67.9654 128.602 396
-68.6405 128.602 396
-69.3156 128.602 396
-69.9906 128.602 396
-70.6657 128.602 396
-71.3408 128.602 396
-72.1977 128.926 397
-72.8745 128.926 397
-73.7366 129.251 398
-74.4151 129.251 398
-75.2822 129.576 399
-75.9624 129.576 399
-76.8347 129.901 400
-77.5166 129.901 400
-78.1985 129.901 400
-78.8804 129.901 400
-79.5623 129.901 400
-80.6454 130.55 402
-81.7354 131.2 404
-82.8321 131.849 406
-83.5242 131.849 406
-84.2164 131.849 406
-85.1176 132.174 407
-85.8115 132.174 407
-86.7178 132.499 408
-87.6276 132.823 409
-88.5408 133.148 410
-89.2398 133.148 410
-90.1581 133.473 411
-91.0798 133.798 412
-92.4505 134.772 415
-93.1579 134.772 415
-96.3534 138.344 426
-97.0796 138.344 426
-98.0354 138.669 427
-98.7634 138.669 427
-99.9573 139.318 429
-100.689 139.318 429
-101.656 139.643 430
-102.389 139.643 430
-103.122 139.643 430
-103.856 139.643 430
-104.832 139.968 431
-105.567 139.968 431
-106.301 139.968 431
-107.284 140.293 432
-108.021 140.293 432
-109.009 140.617 433
-109.747 140.617 433
-110.74 140.942 434
-111.737 141.267 435
-112.737 141.592 436
-113.481 141.592 436
-114.486 141.916 437
-115.231 141.916 437
-115.976 141.916 437
-116.721 141.916 437
-117.735 142.241 438
-118.481 142.241 438
-119.228 142.241 438
-770.2 709.907 2186
-773.927 709.907 2186
-789.037 720.299 2218
-792.818 720.299 2218
-796.599 720.299 2218
-794.246 714.778 2201
-797.998 714.778 2201
-796.286 709.907 2186
-789.766 700.814 2158
-793.444 700.814 2158
-806.727 709.258 2184
-810.45 709.258 2184
-824.984 718.675 2213
-834 723.222 2227
-837.796 723.222 2227
-841.593 723.222 2227
-845.389 723.222 2227
-844.61 719.325 2215
-848.386 719.325 2215
-850.238 717.701 2210
-849.369 713.804 2198
-854.28 714.778 2201
-858.032 714.778 2201
-861.784 714.778 2201
-866.716 715.753 2204
-871.658 716.727 2207
-875.421 716.727 2207
-879.183 716.727 2207
-885.346 718.675 2213
-889.119 718.675 2213
-892.891 718.675 2213
-896.664 718.675 2213
-900.436 718.675 2213
-902.983 717.701 2210
-906.751 717.701 2210
-903.102 711.856 2192
-903.529 709.258 2184
-903.514 706.335 2175
-907.222 706.335 2175
-910.93 706.335 2175
-911.273 703.737 2167
-913.701 702.763 2164
-917.39 702.763 2164
-919.802 701.788 2161
-920.922 699.84 2155
-923.737 699.19 2153
-927.408 699.19 2153
-931.078 699.19 2153
-933.446 698.216 2150
-935.804 697.242 2147
-939.464 697.242 2147
-943.124 697.242 2147
-945.461 696.268 2144
-948.231 695.618 2142
-951.882 695.618 2142
-952.857 693.67 2136
-956.498 693.67 2136
-958.791 692.695 2133
-962.427 692.695 2133
-965.158 692.046 2131
-967.427 691.072 2128
-969.686 690.097 2125
-973.308 690.097 2125
-975.552 689.123 2122
-979.169 689.123 2122
-982.787 689.123 2122
-986.404 689.123 2122
-989.089 688.474 2120
-992.703 688.474 2120
-994.907 687.499 2117
-998.516 687.499 2117
-999.758 685.876 2112
-1003.36 685.876 2112
-1005.53 684.901 2109
-1009.12 684.901 2109
-1008.88 682.303 2101
-1007.64 679.056 2091
-1008.3 677.107 2085
-1011.86 677.107 2085
-1014.44 676.458 2083
-1014.08 673.86 2075
-1015.16 672.236 2070
-1018.69 672.236 2070
-1014.81 667.365 2055
-1015.34 665.416 2049
-1015.36 663.143 2042
-1018.84 663.143 2042
-1020.82 662.169 2039
-1021.78 660.545 2034
-1023.23 659.246 2030
-1026.69 659.246 2030
-1026.09 656.648 2022
-1028.52 655.998 2020
-1030.43 655.024 2017
-1033.87 655.024 2017
-1034.74 653.4 2012
782.968 1320.93 4089
775.997 1320.93 4089
769.026 1320.93 4089
762.056 1320.93 4089
753.238 1317.7 4079
742.626 1311.24 4059
735.706 1311.24 4059
726.991 1308.01 4049
716.709 1301.87 4030
701.385 1286.37 3982
694.596 1286.37 3982
682.799 1277 3953
672.982 1271.18 3935
664.58 1267.95 3925
657.889 1267.95 3925
648.211 1262.14 3907
641.551 1262.14 3907
634.891 1262.14 3907
628.23 1262.14 3907
621.57 1262.14 3907
614.909 1262.14 3907
611.051 1267.95 3925
608.671 1277 3953
601.932 1277 3953
598.054 1283.14 3972
595.6 1292.51 4001
593.047 1301.87 4030
586.177 1301.87 4030
579.307 1301.87 4030
572.437 1301.87 4030
566.829 1304.78 4039
559.944 1304.78 4039
554.428 1308.01 4049
547.525 1308.01 4049
540.623 1308.01 4049
532.402 1304.78 4039
518.1 1286.37 3982
497.059 1250.51 3871
490.46 1250.51 3871
483.861 1250.51 3871
476.152 1247.6 3862
465.191 1235.97 3826
458.669 1235.97 3826
445.056 1216.59 3766
433.744 1203.02 3724
-5.14534 146.017 452
-5.91588 146.017 452
-6.71601 146.663 454
-7.48997 146.663 454
-8.26393 146.663 454
-9.03788 146.663 454
-9.76861 146.017 452
-10.5158 145.694 451
-11.2847 145.694 451
-12.0268 145.371 450
-12.7939 145.371 450
-13.5309 145.047 449
-14.2964 145.047 449
-15.0283 144.724 448
-15.7567 144.401 447
-16.4818 144.078 446
-17.0875 142.786 442
-17.841 142.786 442
-18.4683 141.817 439
-19.1291 141.171 437
-19.7376 140.202 434
-20.3831 139.556 432
-21.1196 139.556 432
-32.8638 133.418 413
-33.5679 133.418 413
-34.2719 133.418 413
-34.6372 132.126 409
-35.3345 132.126 409
-36.0317 132.126 409
-36.5494 131.48 407
-37.1517 131.157 406
-37.8438 131.157 406
-38.5359 131.157 406
-39.1315 130.833 405
-39.6252 130.187 403
-40.1122 129.541 401
-40.7958 129.541 401
-41.4794 129.541 401
-42.0578 129.218 400
-42.6329 128.895 399
-43.3131 128.895 399
-43.9933 128.895 399
-44.6735 128.895 399
-45.3537 128.895 399
-45.9185 128.572 398
-46.597 128.572 398
-47.2755 128.572 398
-47.8335 128.249 397
-48.5103 128.249 397
-49.187 128.249 397
-49.8638 128.249 397
-50.4133 127.926 396
-51.0884 127.926 396
-51.7635 127.926 396
-52.4385 127.926 396
-53.1136 127.926 396
-53.7887 127.926 396
-54.4638 127.926 396
-55.1389 127.926 396
-55.673 127.603 395
-56.3464 127.603 395
-57.0198 127.603 395
-57.6931 127.603 395
-58.3665 127.603 395
-59.0399 127.603 395
-59.7133 127.603 395
-60.3866 127.603 395
-61.06 127.603 395
-61.7334 127.603 395
-62.4068 127.603 395
-63.0801 127.603 395
-63.7535 127.603 395
-64.4269 127.603 395
-65.1003 127.603 395
-65.7736 127.603 395
-66.6152 127.926 396
-67.2903 127.926 396
-67.9654 127.926 396
-68.6405 127.926 396
-69.3156 127.926 396
-69.9906 127.926 396
-70.6657 127.926 396
-71.3408 127.926 396
-72.1977 128.249 397
-72.8745 128.249 397
-73.7366 128.572 398
-74.4151 128.572 398
-75.2822 128.895 399
-75.9624 128.895 399
-76.8347 129.218 400
-77.5166 129.218 400
-78.1985 129.218 400
-78.8804 129.218 400
-79.5623 129.218 400
-80.6454 129.864 402
-81.9377 130.833 405
-82.8321 131.157 406
-83.5242 131.157 406
-84.2164 131.157 406
-85.3268 131.803 408
-86.0223 131.803 408
-86.7178 131.803 408
-87.6276 132.126 409
-88.5408 132.449 410
-89.2398 132.449 410
-90.1581 132.772 411
-91.0798 133.095 412
-92.4505 134.064 415
-94.7293 136.325 422
-96.3534 137.617 426
-97.0796 137.617 426
-98.0354 137.94 427
-98.9947 138.264 428
-99.9573 138.587 429
-100.689 138.587 429
-101.656 138.91 430
-102.389 138.91 430
-103.122 138.91 430
-104.097 139.233 431
-104.832 139.233 431
-105.811 139.556 432
-106.548 139.556 432
-107.284 139.556 432
-108.021 139.556 432
-109.261 140.202 434
-110.001 140.202 434
-110.74 140.202 434
-111.737 140.525 435
-112.996 141.171 437
-113.741 141.171 437
-114.748 141.494 438
-115.495 141.494 438
-116.241 141.494 438
-116.988 141.494 438
-117.735 141.494 438
-770.2 706.178 2186
-773.927 706.178 2186
-789.037 716.515 2218
-792.818 716.515 2218
-796.599 716.515 2218
-794.246 711.023 2201
-797.998 711.023 2201
-796.286 706.178 2186
-790.863 698.102 2161
-795.65 699.071 2164
-811.898 710.054 2198
-815.645 710.054 2198
-833.558 722.33 2236
-837.37 722.33 2236
-841.182 722.33 2236
-844.994 722.33 2236
-847.667 721.361 2233
-848.042 718.453 2224
-851.833 718.453 2224
-851.393 714.9 2213
-855.165 714.9 2213
-857.773 713.931 2210
-861.541 713.931 2210
-865.308 713.931 2210
-869.076 713.931 2210
-874.028 714.9 2213
-878.594 715.546 2215
-882.37 715.546 2215
-886.146 715.546 2215
-889.922 715.546 2215
-893.698 715.546 2215
-896.664 714.9 2213
-900.436 714.9 2213
-904.209 714.9 2213
-905.52 712.962 2207
-903.102 708.116 2192
-902.288 704.562 2181
-903.514 702.624 2175
-907.222 702.624 2175
-909.673 701.655 2172
-911.273 700.04 2167
-912.434 698.102 2161
-916.118 698.102 2161
-918.525 697.132 2158
-920.922 696.163 2155
-923.737 695.517 2153
-927.408 695.517 2153
-931.078 695.517 2153
-933.446 694.548 2150
-935.804 693.579 2147
-939.464 693.579 2147
-941.806 692.61 2144
-945.461 692.61 2144
-946.902 690.995 2139
-950.549 690.995 2139
-952.857 690.025 2136
-956.498 690.025 2136
-958.791 689.056 2133
-962.427 689.056 2133
-965.158 688.41 2131
-966.063 686.472 2125
-969.686 686.472 2125
-973.308 686.472 2125
-975.552 685.503 2122
-979.169 685.503 2122
-981.86 684.857 2120
-985.474 684.857 2120
-989.089 684.857 2120
-991.298 683.888 2117
-993.497 682.918 2114
-997.101 682.918 2114
-999.758 682.272 2112
-1001.93 681.303 2109
-1004.1 680.334 2106
-1007.69 680.334 2106
-1008.88 678.719 2101
-1006.19 674.519 2088
-1008.3 673.55 2085
-1011.86 673.55 2085
-1010.54 670.32 2075
-1012.61 669.35 2072
-1012.71 667.089 2065
-1016.23 667.089 2065
-1013.33 662.89 2052
-1011.88 659.659 2042
-1013.87 658.69 2039
-1017.34 658.69 2039
-1017.31 656.429 2032
-1019.77 655.783 2030
-1021.72 654.813 2027
-1025.18 654.813 2027
-1025.08 652.552 2020
-1027 651.583 2017
-1027.88 649.968 2012
-1031.31 649.968 2012
-1033.71 649.322 2010
775.997 1313.96 4089
769.026 1313.96 4089
762.056 1313.96 4089
753.238 1310.74 4079
746.285 1310.74 4079
737.518 1307.53 4069
726.991 1301.1 4049
716.709 1295 4030
702.97 1282.47 3991
696.166 1282.47 3991
684.526 1273.47 3963
676.06 1270.26 3953
666.273 1264.47 3935
659.565 1264.47 3935
649.705 1258.37 3916
643.029 1258.37 3916
636.353 1258.37 3916
629.677 1258.37 3916
623.002 1258.37 3916
616.326 1258.37 3916
611.051 1261.26 3925
608.671 1270.26 3953
601.932 1270.26 3953
598.054 1276.36 3972
595.6 1285.68 4001
593.047 1295 4030
586.177 1295 4030
579.307 1295 4030
572.437 1295 4030
566.829 1297.89 4039
559.944 1297.89 4039
554.428 1301.1 4049
547.525 1301.1 4049
540.623 1301.1 4049
532.402 1297.89 4039
518.1 1279.57 3982
497.059 1243.91 3871
490.46 1243.91 3871
483.861 1243.91 3871
476.152 1241.01 3862
465.191 1229.44 3826
458.669 1229.44 3826
-5.17949 146.209 455
-5.95515 146.209 455
-6.73081 146.209 455
-7.50647 146.209 455
-8.28213 146.209 455
-9.03788 145.888 454
-9.76861 145.245 452
-10.5158 144.924 451
-11.2847 144.924 451
-12.0268 144.603 450
-12.7939 144.603 450
-13.5309 144.281 449
-14.2964 144.281 449
-15.0283 143.96 448
-15.7567 143.639 447
-16.4818 143.317 446
-17.0875 142.032 442
-17.841 142.032 442
-18.4683 141.068 439
-19.1291 140.425 437
-32.8638 132.713 413
-33.5679 132.713 413
-34.2719 132.713 413
-34.7219 131.749 410
-35.3345 131.428 409
-36.0317 131.428 409
-36.5494 130.785 407
-37.1517 130.464 406
-37.8438 130.464 406
-38.5359 130.464 406
-39.1315 130.142 405
-39.6252 129.5 403
-40.1122 128.857 401
-40.7958 128.857 401
-41.4794 128.857 401
-42.0578 128.536 400
-42.6329 128.214 399
-43.3131 128.214 399
-43.9933 128.214 399
-44.6735 128.214 399
-45.3537 128.214 399
-45.9185 127.893 398
-46.597 127.893 398
-47.2755 127.893 398
-47.8335 127.572 397
-48.5103 127.572 397
-49.187 127.572 397
-49.8638 127.572 397
-50.5406 127.572 397
-51.0884 127.25 396
-51.7635 127.25 396
-52.4385 127.25 396
-53.1136 127.25 396
-53.7887 127.25 396
-54.4638 127.25 396
-55.1389 127.25 396
-55.673 126.929 395
-56.3464 126.929 395
-57.0198 126.929 395
-57.6931 126.929 395
-58.3665 126.929 395
-59.0399 126.929 395
-59.7133 126.929 395
-60.3866 126.929 395
-61.06 126.929 395
-61.7334 126.929 395
-62.4068 126.929 395
-63.0801 126.929 395
-63.7535 126.929 395
-64.4269 126.929 395
-65.2651 127.25 396
-65.9401 127.25 396
-66.6152 127.25 396
-67.2903 127.25 396
-67.9654 127.25 396
-68.6405 127.25 396
-69.3156 127.25 396
-69.9906 127.25 396
-70.8442 127.572 397
-71.521 127.572 397
-72.1977 127.572 397
-72.8745 127.572 397
-73.7366 127.893 398
-74.4151 127.893 398
-75.2822 128.214 399
-75.9624 128.214 399
-76.6426 128.214 399
-77.5166 128.536 400
-78.1985 128.536 400
-78.8804 128.536 400
-79.5623 128.536 400
-80.6454 129.178 402
-81.9377 130.142 405
-82.8321 130.464 406
-83.5242 130.464 406
-84.2164 130.464 406
-85.3268 131.107 408
-86.0223 131.107 408
-86.7178 131.107 408
-87.6276 131.428 409
-88.5408 131.749 410
-89.2398 131.749 410
-90.1581 132.071 411
-91.0798 132.392 412
-91.7822 132.392 412
-94.7293 135.605 422
-96.3534 136.891 426
-97.0796 136.891 426
-98.0354 137.212 427
-98.9947 137.533 428
-100.19 138.176 430
-100.923 138.176 430
-101.656 138.176 430
-102.628 138.497 431
-103.362 138.497 431
-104.097 138.497 431
-105.075 138.819 432
-105.811 138.819 432
-106.548 138.819 432
-107.284 138.819 432
-108.271 139.14 433
-109.261 139.461 434
-110.001 139.461 434
-110.996 139.783 435
-111.994 140.104 436
-113.255 140.747 438
-114.001 140.747 438
-114.748 140.747 438
-115.495 140.747 438
-116.241 140.747 438
-116.988 140.747 438
-117.735 140.747 438
-781.475 712.731 2218
-785.256 712.731 2218
-789.037 712.731 2218
-781.38 702.448 2186
-785.106 702.448 2186
-780.894 695.379 2164
-784.583 695.379 2164
-786.087 693.451 2158
-790.863 694.415 2161
-795.65 695.379 2164
-811.898 706.304 2198
-815.645 706.304 2198
-833.558 718.515 2236
-837.37 718.515 2236
-841.182 718.515 2236
-844.994 718.515 2236
-847.667 717.551 2233
-848.042 714.659 2224
-851.833 714.659 2224
-851.393 711.124 2213
-855.165 711.124 2213
-857.773 710.16 2210
-861.541 710.16 2210
-865.308 710.16 2210
-869.076 710.16 2210
-874.028 711.124 2213
-878.594 711.767 2215
-882.37 711.767 2215
-886.146 711.767 2215
-889.922 711.767 2215
-893.698 711.767 2215
-896.664 711.124 2213
-900.436 711.124 2213
-904.209 711.124 2213
-905.52 709.196 2207
-903.102 704.376 2192
-902.288 700.841 2181
-903.514 698.913 2175
-907.222 698.913 2175
-909.673 697.949 2172
-911.273 696.343 2167
-912.434 694.415 2161
-916.118 694.415 2161
-918.525 693.451 2158
-920.922 692.487 2155
-923.737 691.844 2153
-927.408 691.844 2153
-931.078 691.844 2153
-933.446 690.88 2150
-935.804 689.916 2147
-939.464 689.916 2147
-941.806 688.952 2144
-945.461 688.952 2144
-946.902 687.345 2139
-950.549 687.345 2139
-952.857 686.381 2136
-955.155 685.417 2133
-958.791 685.417 2133
-962.427 685.417 2133
-965.158 684.774 2131
-966.063 682.846 2125
-969.686 682.846 2125
-973.308 682.846 2125
-975.552 681.882 2122
-978.246 681.24 2120
-981.86 681.24 2120
-985.474 681.24 2120
-986.289 679.312 2114
-989.893 679.312 2114
-992.557 678.669 2112
-996.157 678.669 2112
-999.758 678.669 2112
-1000.51 676.741 2106
-1003.14 676.098 2104
-1006.73 676.098 2104
-1005.04 672.564 2093
-1004.75 669.993 2085
-1004.92 667.743 2078
-1008.46 667.743 2078
-1009.08 665.815 2072
-1010.17 664.209 2067
-1010.26 661.959 2060
-1013.77 661.959 2060
-1009.38 656.818 2044
-1011.88 656.175 2042
-1010.38 652.962 2032
-1013.85 652.962 2032
-1016.31 652.319 2030
-1018.27 651.355 2027
-1019.2 649.748 2022
-1022.65 649.748 2022
-1023.56 648.142 2017
-1025.98 647.499 2015
-1026.86 645.892 2010
-1030.28 645.892 2010
-1031.14 644.286 2005
760.192 1303.78 4079
753.238 1303.78 4079
746.285 1303.78 4079
739.331 1303.78 4079
728.786 1297.39 4059
720.088 1294.2 4049
713.186 1294.2 4049
697.911 1278.85 4001
687.808 1272.78 3982
677.77 1266.71 3963
671.014 1266.71 3963
664.258 1266.71 3963
657.502 1266.71 3963
650.747 1266.71 3963
643.991 1266.71 3963
637.235 1266.71 3963
630.479 1266.71 3963
623.723 1266.71 3963
618.368 1269.58 3972
611.597 1269.58 3972
604.826 1269.58 3972
600.915 1275.66 3991
598.428 1284.93 4020
593.047 1288.12 4030
587.486 1291 4039
580.6 1291 4039
573.715 1291 4039
566.829 1291 4039
561.33 1294.2 4049
555.797 1297.39 4059
548.878 1297.39 4059
541.958 1297.39 4059
533.72 1294.2 4049
525.517 1291 4039
518.631 1291 4039
490.46 1237.3 3871
483.861 1237.3 3871
476.152 1234.42 3862
-5.62344 157.899 494
-6.46559 157.899 494
-7.30773 157.899 494
-7.50647 145.433 455
-8.28213 145.433 455
-9.05779 145.433 455
-9.79023 144.794 453
-10.5158 144.155 451
-11.2847 144.155 451
-12.0535 144.155 451
-12.7939 143.835 450
-13.5309 143.515 449
-14.2964 143.515 449
-15.0283 143.196 448
-15.7567 142.876 447
-16.4818 142.556 446
-17.0875 141.278 442
-17.841 141.278 442
-18.5103 140.639 440
-32.8638 132.009 413
-33.5679 132.009 413
-34.2719 132.009 413
-34.7219 131.05 410
-35.3345 130.73 409
-36.0317 130.73 409
-36.5494 130.091 407
-37.1517 129.771 406
-37.8438 129.771 406
-38.5359 129.771 406
-39.1315 129.452 405
-39.6252 128.812 403
-40.1122 128.173 401
-40.7958 128.173 401
-41.4794 128.173 401
-42.0578 127.853 400
-42.7397 127.853 400
-43.3131 127.534 399
-43.9933 127.534 399
-44.6735 127.534 399
-45.3537 127.534 399
-46.0339 127.534 399
-46.7141 127.534 399
-47.2755 127.214 398
-47.954 127.214 398
-48.5103 126.894 397
-49.187 126.894 397
-49.8638 126.894 397
-50.5406 126.894 397
-51.2174 126.894 397
-51.8942 126.894 397
-52.4385 126.575 396
-53.1136 126.575 396
-53.7887 126.575 396
-54.4638 126.575 396
-55.1389 126.575 396
-55.673 126.255 395
-56.3464 126.255 395
-57.0198 126.255 395
-57.6931 126.255 395
-58.3665 126.255 395
-59.0399 126.255 395
-59.7133 126.255 395
-60.3866 126.255 395
-61.06 126.255 395
-61.7334 126.255 395
-62.4068 126.255 395
-63.0801 126.255 395
-63.9149 126.575 396
-64.59 126.575 396
-65.2651 126.575 396
-65.9401 126.575 396
-66.6152 126.575 396
-67.2903 126.575 396
-67.9654 126.575 396
-68.6405 126.575 396
-69.3156 126.575 396
-70.1674 126.894 397
-70.8442 126.894 397
-71.521 126.894 397
-72.1977 126.894 397
-73.0581 127.214 398
-73.9218 127.534 399
-74.602 127.534 399
-75.2822 127.534 399
-76.1528 127.853 400
-76.8347 127.853 400
-77.5166 127.853 400
-78.1985 127.853 400
-79.0776 128.173 401
-79.7612 128.173 401
-80.846 128.812 403
-81.9377 129.452 405
-82.8321 129.771 406
-83.5242 129.771 406
-84.4238 130.091 407
-85.3268 130.41 408
-86.0223 130.41 408
-86.9304 130.73 409
-87.8419 131.05 410
-88.5408 131.05 410
-89.2398 131.05 410
-90.1581 131.369 411
-91.0798 131.689 412
-91.7822 131.689 412
-95.6272 136.164 426
-96.5796 136.483 427
-97.3075 136.483 427
-98.0354 136.483 427
-98.9947 136.803 428
-100.19 137.442 430
-100.923 137.442 430
-101.656 137.442 430
-102.628 137.762 431
-103.362 137.762 431
-104.097 137.762 431
-105.075 138.082 432
-105.811 138.082 432
-106.548 138.082 432
-107.284 138.082 432
-108.271 138.401 433
-109.261 138.721 434
-110.001 138.721 434
-110.996 139.041 435
-111.994 139.36 436
-113.255 139.999 438
-114.001 139.999 438
-114.748 139.999 438
-115.495 139.999 438
-116.241 139.999 438
-116.988 139.999 438
-117.735 139.999 438
-781.475 708.947 2218
-785.256 708.947 2218
-789.037 708.947 2218
-781.38 698.719 2186
-785.106 698.719 2186
-778.729 689.769 2158
-782.408 689.769 2158
-786.087 689.769 2158
-790.863 690.728 2161
-795.65 691.687 2164
-811.898 702.554 2198
-815.645 702.554 2198
-833.558 714.7 2236
-837.37 714.7 2236
-841.182 714.7 2236
-844.994 714.7 2236
-847.667 713.741 2233
-851.474 713.741 2233
-851.833 710.865 2224
-854.47 709.906 2221
-857.097 708.947 2218
-858.938 707.349 2213
-862.71 707.349 2213
-866.483 707.349 2213
-870.256 707.349 2213
-874.028 707.349 2213
-878.594 707.988 2215
-882.37 707.988 2215
-886.146 707.988 2215
-889.922 707.988 2215
-893.698 707.988 2215
-896.664 707.349 2213
-900.436 707.349 2213
-904.209 707.349 2213
-904.289 704.472 2204
-900.63 698.719 2186
-901.047 696.161 2178
-902.268 694.244 2172
-905.97 694.244 2172
-908.417 693.285 2169
-910.012 691.687 2164
-911.167 689.769 2158
-914.846 689.769 2158
-917.248 688.81 2155
-920.067 688.171 2153
-922.45 687.212 2150
-926.116 687.212 2150
-929.781 687.212 2150
-932.143 686.253 2147
-934.496 685.294 2144
-938.151 685.294 2144
-941.806 685.294 2144
-944.579 684.655 2142
-946.902 683.696 2139
-950.549 683.696 2139
-952.857 682.737 2136
-955.155 681.778 2133
-958.791 681.778 2133
-962.427 681.778 2133
-965.158 681.139 2131
-966.063 679.221 2125
-969.686 679.221 2125
-973.308 679.221 2125
-975.552 678.262 2122
-978.246 677.623 2120
-981.86 677.623 2120
-985.474 677.623 2120
-986.289 675.705 2114
-989.893 675.705 2114
-992.557 675.066 2112
-996.157 675.066 2112
-999.758 675.066 2112
-1000.51 673.148 2106
-1003.14 672.509 2104
-1006.73 672.509 2104
-1005.04 668.993 2093
-1004.75 666.436 2085
-1004.92 664.198 2078
-1008.46 664.198 2078
-1008.11 661.641 2070
-1009.19 660.043 2065
-1008.79 657.486 2057
-1012.3 657.486 2057
-1009.38 653.331 2044
-1006.92 649.495 2032
-1009.39 648.856 2030
-1012.85 648.856 2030
-1014.81 647.897 2027
-1015.75 646.299 2022
-1018.19 645.659 2020
-1021.64 645.659 2020
-1022.54 644.061 2015
-1025.98 644.061 2015
-1026.86 642.463 2010
-1030.28 642.463 2010
-1031.14 640.865 2005
760.192 1296.83 4079
753.238 1296.83 4079
746.285 1296.83 4079
739.331 1296.83 4079
732.377 1296.83 4079
721.867 1290.47 4059
714.947 1290.47 4059
701.225 1278.07 4020
689.362 1268.85 3991
681.02 1265.99 3982
674.231 1265.99 3982
667.443 1265.99 3982
660.655 1265.99 3982
653.866 1265.99 3982
647.078 1265.99 3982
640.29 1265.99 3982
633.502 1265.99 3982
626.713 1265.99 3982
621.326 1268.85 3991
614.522 1268.85 3991
607.719 1268.85 3991
605.282 1278.07 4020
602.745 1287.29 4049
595.843 1287.29 4049
588.94 1287.29 4049
582.038 1287.29 4049
575.135 1287.29 4049
568.233 1287.29 4049
562.717 1290.47 4059
555.797 1290.47 4059
548.878 1290.47 4059
541.958 1290.47 4059
533.72 1287.29 4049
525.517 1284.11 4039
518.631 1284.11 4039
-5.62344 157.056 494
-6.46559 157.056 494
-7.32253 157.374 495
-8.16638 157.374 495
-9.01023 157.374 495
-9.05779 144.657 455
-9.79023 144.021 453
-10.5158 143.385 451
-11.2847 143.385 451
-12.0535 143.385 451
-12.7939 143.067 450
-13.5309 142.749 449
-14.2964 142.749 449
-15.0283 142.431 448
-15.7567 142.113 447
-16.4818 141.796 446
-17.2421 141.796 446
-17.841 140.524 442
-18.5945 140.524 442
-19.2604 139.888 440
-32.8638 131.304 413
-33.5679 131.304 413
-34.2719 131.304 413
-34.976 131.304 413
-35.6801 131.304 413
-36.1198 130.35 410
-36.5494 129.396 407
-37.1517 129.078 406
-37.7506 128.761 405
-38.441 128.761 405
-39.1315 128.761 405
-39.7236 128.443 404
-40.2122 127.807 402
-40.8975 127.807 402
-41.4794 127.489 401
-42.0578 127.171 400
-42.7397 127.171 400
-43.3131 126.853 399
-43.9933 126.853 399
-44.6735 126.853 399
-45.3537 126.853 399
-46.0339 126.853 399
-46.7141 126.853 399
-47.2755 126.535 398
-47.954 126.535 398
-48.5103 126.217 397
-49.187 126.217 397
-49.8638 126.217 397
-50.5406 126.217 397
-51.2174 126.217 397
-51.8942 126.217 397
-52.4385 125.899 396
-53.1136 125.899 396
-53.7887 125.899 396
-54.4638 125.899 396
-55.1389 125.899 396
-55.673 125.581 395
-56.3464 125.581 395
-57.1641 125.899 396
-57.8392 125.899 396
-58.5143 125.899 396
-59.0399 125.581 395
-59.7133 125.581 395
-60.3866 125.581 395
-61.06 125.581 395
-61.8897 125.899 396
-62.5648 125.899 396
-63.2398 125.899 396
-63.9149 125.899 396
-64.59 125.899 396
-65.2651 125.899 396
-65.9401 125.899 396
-66.6152 125.899 396
-67.2903 125.899 396
-67.9654 125.899 396
-68.6405 125.899 396
-69.4906 126.217 397
-70.1674 126.217 397
-70.8442 126.217 397
-71.521 126.217 397
-72.3796 126.535 398
-73.0581 126.535 398
-73.9218 126.853 399
-74.602 126.853 399
-75.2822 126.853 399
-76.1528 127.171 400
-76.8347 127.171 400
-77.5166 127.171 400
-78.1985 127.171 400
-79.0776 127.489 401
-79.7612 127.489 401
-80.846 128.125 403
-81.9377 128.761 405
-82.8321 129.078 406
-83.5242 129.078 406
-84.4238 129.396 407
-85.5359 130.032 409
-86.2331 130.032 409
-87.1429 130.35 410
-87.8419 130.35 410
-88.7568 130.668 411
-89.4574 130.668 411
-90.3774 130.986 412
-91.0798 130.986 412
-94.4554 134.801 424
-95.6272 135.437 426
-96.5796 135.755 427
-97.3075 135.755 427
-98.0354 135.755 427
-98.9947 136.073 428
-100.19 136.709 430
-100.923 136.709 430
-101.893 137.027 431
-102.628 137.027 431
-103.362 137.027 431
-104.097 137.027 431
-105.075 137.345 432
-105.811 137.345 432
-106.548 137.345 432
-107.284 137.345 432
-108.271 137.663 433
-109.261 137.98 434
-110.001 137.98 434
-110.996 138.298 435
-112.251 138.934 437
-113.255 139.252 438
-114.001 139.252 438
-114.748 139.252 438
-115.495 139.252 438
-116.241 139.252 438
-116.988 139.252 438
-781.475 705.163 2218
-785.256 705.163 2218
-789.037 705.163 2218
-781.38 694.989 2186
-777.205 687.995 2164
-777.646 685.133 2155
-781.32 685.133 2155
-784.994 685.133 2155
-789.766 686.087 2158
-795.65 687.995 2164
-811.898 698.804 2198
-815.645 698.804 2198
-833.558 710.885 2236
-837.37 710.885 2236
-841.182 710.885 2236
-844.994 710.885 2236
-848.806 710.885 2236
-852.618 710.885 2236
-855.28 709.932 2233
-854.47 706.116 2221
-857.097 705.163 2218
-860.878 705.163 2218
-862.71 703.573 2213
-866.483 703.573 2213
-870.256 703.573 2213
-874.028 703.573 2213
-877.801 703.573 2213
-881.573 703.573 2213
-885.346 703.573 2213
-889.119 703.573 2213
-892.891 703.573 2213
-893.017 700.712 2204
-895.554 699.758 2201
-899.306 699.758 2201
-901.827 698.804 2198
-897.334 692.446 2178
-899.806 691.492 2175
-901.022 689.584 2169
-904.719 689.584 2169
-906.323 687.995 2164
-908.75 687.041 2161
-909.901 685.133 2155
-913.574 685.133 2155
-916.397 684.497 2153
-918.785 683.544 2150
-921.163 682.59 2147
-924.823 682.59 2147
-927.186 681.636 2144
-930.841 681.636 2144
-933.624 681 2142
-937.276 681 2142
-940.927 681 2142
-943.256 680.046 2139
-946.902 680.046 2139
-950.549 680.046 2139
-951.519 678.139 2133
-955.155 678.139 2133
-957.892 677.503 2131
-961.525 677.503 2131
-963.799 676.549 2128
-966.063 675.595 2125
-968.317 674.642 2122
-971.934 674.642 2122
-974.632 674.006 2120
-976.862 673.052 2117
-979.081 672.098 2114
-982.685 672.098 2114
-985.356 671.462 2112
-988.956 671.462 2112
-989.737 669.555 2106
-993.327 669.555 2106
-996.918 669.555 2106
-999.558 668.919 2104
-1001.71 667.965 2101
-1005.3 667.965 2101
-1004.08 664.786 2091
-1001.38 660.653 2078
-1002.02 658.745 2072
-1005.55 658.745 2072
-1008.11 658.109 2070
-1009.19 656.52 2065
-1008.79 653.976 2057
-1012.3 653.976 2057
-1009.38 649.843 2044
-1006.92 646.028 2032
-1009.39 645.392 2030
-1012.85 645.392 2030
-1014.81 644.439 2027
-1015.75 642.849 2022
-1018.19 642.213 2020
-1021.64 642.213 2020
-1022.54 640.623 2015
-1025.98 640.623 2015
-1026.86 639.034 2010
-1030.28 639.034 2010
-1031.14 637.444 2005
753.238 1289.87 4079
746.285 1289.87 4079
739.331 1289.87 4079
732.377 1289.87 4079
721.867 1283.54 4059
714.947 1283.54 4059
701.225 1271.21 4020
689.362 1262.04 3991
681.02 1259.19 3982
674.231 1259.19 3982
667.443 1259.19 3982
660.655 1259.19 3982
653.866 1259.19 3982
647.078 1259.19 3982
640.29 1259.19 3982
633.502 1259.19 3982
629.704 1265.2 4001
627.398 1274.37 4030
620.527 1274.37 4030
613.657 1274.37 4030
609.648 1280.38 4049
604.234 1283.54 4059
597.315 1283.54 4059
590.395 1283.54 4059
583.475 1283.54 4059
576.556 1283.54 4059
568.233 1280.38 4049
562.717 1283.54 4059
555.797 1283.54 4059
548.878 1283.54 4059
541.958 1283.54 4059
533.72 1280.38 4049
525.517 1277.22 4039
518.631 1277.22 4039
-5.62344 156.213 494
-6.46559 156.213 494
-7.32253 156.529 495
-8.16638 156.529 495
-9.01023 156.529 495
-9.85408 156.529 495
-9.79023 143.248 453
-10.5392 142.932 452
-11.3097 142.932 452
-12.0535 142.616 451
-12.7939 142.3 450
-13.5309 141.983 449
-14.2964 141.983 449
-15.0283 141.667 448
-15.7567 141.351 447
-16.5188 141.351 447
-17.2808 141.351 447
-17.9621 140.718 445
-18.5945 139.77 442
-19.348 139.77 442
-31.6842 131.548 416
-32.3934 131.548 416
-33.1025 131.548 416
-33.7304 131.232 415
-34.3549 130.916 414
-34.976 130.599 413
-35.6801 130.599 413
-36.2079 129.967 411
-36.5494 128.702 407
-37.1517 128.386 406
-37.7506 128.07 405
-38.441 128.07 405
-39.1315 128.07 405
-39.7236 127.753 404
-40.2122 127.121 402
-40.8975 127.121 402
-41.4794 126.805 401
-42.0578 126.488 400
-42.7397 126.488 400
-43.3131 126.172 399
-43.9933 126.172 399
-44.6735 126.172 399
-45.3537 126.172 399
-46.0339 126.172 399
-46.7141 126.172 399
-47.2755 125.856 398
-47.954 125.856 398
-48.6325 125.856 398
-49.3109 125.856 398
-49.8638 125.54 397
-50.5406 125.54 397
-51.2174 125.54 397
-51.8942 125.54 397
-52.571 125.54 397
-53.2478 125.54 397
-53.7887 125.224 396
-54.4638 125.224 396
-55.1389 125.224 396
-55.8139 125.224 396
-56.489 125.224 396
-57.1641 125.224 396
-57.8392 125.224 396
-58.5143 125.224 396
-59.0399 124.907 395
-59.7133 124.907 395
-60.3866 124.907 395
-61.06 124.907 395
-61.8897 125.224 396
-62.5648 125.224 396
-63.2398 125.224 396
-63.9149 125.224 396
-64.59 125.224 396
-65.2651 125.224 396
-65.9401 125.224 396
-66.6152 125.224 396
-67.2903 125.224 396
-67.9654 125.224 396
-68.6405 125.224 396
-69.4906 125.54 397
-70.1674 125.54 397
-70.8442 125.54 397
-71.521 125.54 397
-72.3796 125.856 398
-73.0581 125.856 398
-73.9218 126.172 399
-74.602 126.172 399
-75.2822 126.172 399
-76.1528 126.488 400
-76.8347 126.488 400
-77.5166 126.488 400
-78.1985 126.488 400
-79.0776 126.805 401
-79.7612 126.805 401
-80.846 127.437 403
-81.9377 128.07 405
-82.8321 128.386 406
-83.73 128.702 407
-84.6312 129.018 408
-85.745 129.651 410
-86.444 129.651 410
-87.1429 129.651 410
-88.0561 129.967 411
-88.7568 129.967 411
-89.4574 129.967 411
-92.1323 132.813 420
-92.8483 132.813 420
-94.6782 134.394 425
-95.6272 134.71 426
-96.5796 135.026 427
-97.3075 135.026 427
-98.265 135.343 428
-99.226 135.659 429
-99.9573 135.659 429
-100.923 135.975 430
-101.893 136.291 431
-102.628 136.291 431
-103.362 136.291 431
-104.339 136.608 432
-105.075 136.608 432
-105.811 136.608 432
-106.548 136.608 432
-107.533 136.924 433
-108.271 136.924 433
-109.513 137.556 435
-110.254 137.556 435
-111.251 137.872 436
-112.508 138.505 438
-113.255 138.505 438
-114.261 138.821 439
-115.01 138.821 439
-115.758 138.821 439
-116.241 138.505 438
-781.475 701.379 2218
-785.256 701.379 2218
-789.037 701.379 2218
-773.516 684.303 2164
-777.205 684.303 2164
-777.646 681.457 2155
-781.32 681.457 2155
-784.994 681.457 2155
-789.766 682.405 2158
-795.65 684.303 2164
-811.898 695.054 2198
-815.645 695.054 2198
-833.558 707.07 2236
-837.37 707.07 2236
-841.182 707.07 2236
-844.994 707.07 2236
-848.806 707.07 2236
-852.618 707.07 2236
-855.28 706.122 2233
-854.47 702.327 2221
-857.097 701.379 2218
-860.878 701.379 2218
-862.71 699.797 2213
-866.483 699.797 2213
-870.256 699.797 2213
-874.028 699.797 2213
-877.801 699.797 2213
-881.573 699.797 2213
-885.346 699.797 2213
-889.119 699.797 2213
-890.47 697.9 2207
-891.802 696.003 2201
-893.112 694.105 2195
-896.854 694.105 2195
-896.083 690.627 2184
-896.098 687.781 2175
-897.324 685.884 2169
-898.944 684.303 2164
-902.633 684.303 2164
-906.323 684.303 2164
-906.227 681.457 2155
-909.056 680.824 2153
-912.727 680.824 2153
-915.12 679.876 2150
-917.503 678.927 2147
-919.876 677.978 2144
-923.531 677.978 2144
-926.321 677.346 2142
-929.973 677.346 2142
-932.317 676.397 2139
-935.963 676.397 2139
-939.61 676.397 2139
-943.256 676.397 2139
-945.574 675.448 2136
-949.216 675.448 2136
-951.519 674.5 2133
-955.155 674.5 2133
-956.544 672.919 2128
-960.171 672.919 2128
-962.44 671.97 2125
-964.699 671.021 2122
-966.035 669.44 2117
-969.644 669.44 2117
-971.874 668.492 2114
-975.478 668.492 2114
-976.766 666.91 2109
-980.361 666.91 2109
-982.557 665.962 2106
-986.147 665.962 2106
-988.797 665.329 2104
-992.384 665.329 2104
-994.551 664.381 2101
-998.132 664.381 2101
-997.9 661.851 2093
-1001.47 661.851 2093
-1002.63 660.27 2088
-1001.38 657.108 2078
-1002.02 655.21 2072
-1005.55 655.21 2072
-1006.65 653.629 2067
-1005.28 650.467 2057
-1003.88 647.305 2047
-1007.37 647.305 2047
-1008.39 645.724 2042
-1005.93 641.929 2030
-1006.9 640.348 2025
-1010.36 640.348 2025
-1012.31 639.399 2022
-1014.75 638.767 2020
-1016.68 637.818 2017
-1020.12 637.818 2017
-1022.54 637.186 2015
-1023.43 635.605 2010
-1024.3 634.023 2005
-1027.72 634.023 2005
-1027.54 631.81 1998
746.285 1282.91 4079
739.331 1282.91 4079
732.377 1282.91 4079
725.424 1282.91 4079
718.47 1282.91 4079
704.539 1270.33 4039
692.644 1261.21 4010
684.269 1258.37 4001
678.972 1261.21 4010
672.136 1261.21 4010
668.618 1267.5 4030
661.748 1267.5 4030
654.878 1267.5 4030
646.4 1264.35 4020
639.547 1264.35 4020
629.704 1258.37 4001
627.398 1267.5 4030
620.527 1267.5 4030
613.657 1267.5 4030
609.648 1273.47 4049
604.234 1276.62 4059
597.315 1276.62 4059
590.395 1276.62 4059
583.475 1276.62 4059
576.556 1276.62 4059
568.233 1273.47 4049
562.717 1276.62 4059
555.797 1276.62 4059
548.878 1276.62 4059
541.958 1276.62 4059
-5.62344 155.37 494
-6.46559 155.37 494
-7.32253 155.685 495
-8.16638 155.685 495
-9.01023 155.685 495
-9.85408 155.685 495
-9.79023 142.475 453
-10.5392 142.161 452
-11.3097 142.161 452
-12.0535 141.846 451
-12.7939 141.532 450
-13.5309 141.217 449
-14.2964 141.217 449
-15.0283 140.903 448
-15.7567 140.588 447
-16.5188 140.588 447
-17.2808 140.588 447
-17.9621 139.959 445
-18.5945 139.016 442
-19.348 139.016 442
-31.6842 130.838 416
-32.3934 130.838 416
-33.1025 130.838 416
-33.7304 130.524 415
-34.3549 130.209 414
-34.976 129.895 413
-35.6801 129.895 413
-36.296 129.58 412
-36.6392 128.322 408
-37.2432 128.008 407
-37.7506 127.379 405
-38.441 127.379 405
-39.1315 127.379 405
-39.7236 127.064 404
-40.2122 126.435 402
-40.8975 126.435 402
-41.4794 126.121 401
-42.0578 125.806 400
-42.7397 125.806 400
-43.3131 125.492 399
-43.9933 125.492 399
-44.6735 125.492 399
-45.3537 125.492 399
-46.0339 125.492 399
-46.7141 125.492 399
-47.2755 125.177 398
-47.954 125.177 398
-48.6325 125.177 398
-49.3109 125.177 398
-49.9894 125.177 398
-50.6679 125.177 398
-51.2174 124.862 397
-51.8942 124.862 397
-52.571 124.862 397
-53.2478 124.862 397
-53.9245 124.862 397
-54.6013 124.862 397
-55.1389 124.548 396
-55.8139 124.548 396
-56.489 124.548 396
-57.1641 124.548 396
-57.8392 124.548 396
-58.5143 124.548 396
-59.1894 124.548 396
-59.8644 124.548 396
-60.3866 124.233 395
-61.06 124.233 395
-61.8897 124.548 396
-62.5648 124.548 396
-63.2398 124.548 396
-63.9149 124.548 396
-64.59 124.548 396
-65.2651 124.548 396
-65.9401 124.548 396
-66.6152 124.548 396
-67.2903 124.548 396
-67.9654 124.548 396
-68.6405 124.548 396
-69.4906 124.862 397
-70.1674 124.862 397
-70.8442 124.862 397
-71.521 124.862 397
-72.3796 125.177 398
-73.0581 125.177 398
-73.7366 125.177 398
-74.602 125.492 399
-75.2822 125.492 399
-76.1528 125.806 400
-76.8347 125.806 400
-77.5166 125.806 400
-78.1985 125.806 400
-79.0776 126.121 401
-79.7612 126.121 401
-80.846 126.75 403
-81.9377 127.379 405
-82.6281 127.379 405
-83.73 128.008 407
-84.6312 128.322 408
-85.745 128.951 410
-86.444 128.951 410
-87.1429 128.951 410
-88.0561 129.266 411
-88.7568 129.266 411
-89.4574 129.266 411
-92.1323 132.096 420
-92.8483 132.096 420
-94.6782 133.669 425
-95.6272 133.983 426
-96.5796 134.298 427
-97.3075 134.298 427
-98.265 134.612 428
-99.226 134.927 429
-99.9573 134.927 429
-100.923 135.241 430
-101.893 135.556 431
-102.866 135.871 432
-103.602 135.871 432
-104.339 135.871 432
-105.075 135.871 432
-106.056 136.185 433
-106.795 136.185 433
-107.533 136.185 433
-108.271 136.185 433
-109.513 136.814 435
-110.254 136.814 435
-111.506 137.443 437
-112.765 138.072 439
-113.513 138.072 439
-114.522 138.387 440
-115.272 138.387 440
-116.022 138.387 440
-116.241 137.758 438
-776.006 699.482 2224
-779.797 699.482 2224
-783.589 699.482 2224
-787.38 699.482 2224
-791.171 699.482 2224
-768.512 676.207 2150
-772.177 676.207 2150
-774.759 675.264 2147
-778.42 675.264 2147
-782.08 675.264 2147
-788.668 677.78 2155
-794.547 679.667 2161
-807.466 687.53 2186
-811.192 687.53 2186
-825.73 696.651 2215
-837.37 703.256 2236
-841.182 703.256 2236
-844.994 703.256 2236
-848.806 703.256 2236
-852.618 703.256 2236
-855.28 702.312 2233
-854.47 698.538 2221
-857.097 697.594 2218
-860.878 697.594 2218
-862.71 696.022 2213
-866.483 696.022 2213
-870.256 696.022 2213
-874.028 696.022 2213
-877.801 696.022 2213
-881.573 696.022 2213
-884.146 695.078 2210
-887.913 695.078 2210
-890.47 694.135 2207
-891.802 692.248 2201
-893.112 690.361 2195
-896.854 690.361 2195
-896.083 686.901 2184
-896.098 684.07 2175
-897.324 682.183 2169
-898.944 680.611 2164
-902.633 680.611 2164
-906.323 680.611 2164
-906.227 677.78 2155
-909.056 677.151 2153
-912.727 677.151 2153
-915.12 676.207 2150
-917.503 675.264 2147
-919.876 674.32 2144
-923.531 674.32 2144
-926.321 673.691 2142
-929.973 673.691 2142
-932.317 672.748 2139
-935.963 672.748 2139
-939.61 672.748 2139
-943.256 672.748 2139
-945.574 671.804 2136
-949.216 671.804 2136
-950.627 670.232 2131
-952.916 669.288 2128
-956.544 669.288 2128
-960.171 669.288 2128
-962.44 668.345 2125
-962.426 665.828 2117
-964.666 664.885 2114
-968.27 664.885 2114
-970.954 664.256 2112
-973.17 663.312 2109
-975.376 662.369 2106
-978.967 662.369 2106
-981.624 661.74 2104
-985.21 661.74 2104
-985.977 659.853 2098
-989.554 659.853 2098
-993.131 659.853 2098
-994.332 658.28 2093
-997.9 658.28 2093
-1000.51 657.651 2091
-1000.23 655.135 2083
-998.484 651.675 2072
-999.598 650.103 2067
-1003.12 650.103 2067
-1004.21 648.53 2062
-1004.3 646.328 2055
-1001.43 642.24 2042
-1004.91 642.24 2042
-1004.44 639.724 2034
-1003.45 636.893 2025
-1002.93 634.377 2017
-1006.36 634.377 2017
-1009.8 634.377 2017
-1012.24 633.748 2015
-1015.67 633.748 2015
-1019.11 633.748 2015
-1020 632.175 2010
-1020.89 630.603 2005
-1020.73 628.401 1998
-1024.13 628.401 1998
-1024.97 626.828 1993
732.377 1275.95 4079
725.424 1275.95 4079
718.47 1275.95 4079
706.283 1266.56 4049
696.099 1260.62 4030
685.808 1254.36 4010
683.883 1263.44 4039
676.997 1263.44 4039
671.771 1266.56 4049
664.868 1266.56 4049
657.966 1266.56 4049
649.455 1263.44 4039
641.138 1260.62 4030
634.268 1260.62 4030
630.356 1266.56 4049
623.453 1266.56 4049
616.551 1266.56 4049
611.154 1269.69 4059
604.234 1269.69 4059
597.315 1269.69 4059
590.395 1269.69 4059
583.475 1269.69 4059
576.556 1269.69 4059
568.233 1266.56 4049
-5.62344 154.528 494
-6.46559 154.528 494
-7.32253 154.84 495
-8.16638 154.84 495
-9.01023 154.84 495
-9.85408 154.84 495
-10.6979 154.84 495
-10.5392 141.39 452
-11.3097 141.39 452
-12.0535 141.077 451
-12.7939 140.764 450
-13.5309 140.451 449
-14.2964 140.451 449
-15.0283 140.138 448
-15.792 140.138 448
-16.5188 139.826 447
-17.2808 139.826 447
-18.0024 139.513 446
-18.7207 139.2 445
-19.4793 139.2 445
-20.2379 139.2 445
-31.6842 130.129 416
-32.3934 130.129 416
-33.1025 130.129 416
-33.7304 129.816 415
-34.3549 129.503 414
-34.976 129.19 413
-35.6801 129.19 413
-36.296 128.877 412
-36.6392 127.626 408
-37.2432 127.313 407
-37.7506 126.688 405
-38.441 126.688 405
-39.1315 126.688 405
-39.7236 126.375 404
-40.2122 125.749 402
-40.8975 125.749 402
-41.4794 125.436 401
-42.0578 125.124 400
-42.7397 125.124 400
-43.4216 125.124 400
-44.1035 125.124 400
-44.6735 124.811 399
-45.3537 124.811 399
-46.0339 124.811 399
-46.7141 124.811 399
-47.3943 124.811 399
-47.954 124.498 398
-48.6325 124.498 398
-49.3109 124.498 398
-49.9894 124.498 398
-50.6679 124.498 398
-51.3464 124.498 398
-52.0249 124.498 398
-52.7034 124.498 398
-53.3819 124.498 398
-53.9245 124.185 397
-54.6013 124.185 397
-55.2781 124.185 397
-55.9549 124.185 397
-56.489 123.872 396
-57.1641 123.872 396
-57.8392 123.872 396
-58.5143 123.872 396
-59.1894 123.872 396
-59.8644 123.872 396
-60.5395 123.872 396
-61.2146 123.872 396
-61.8897 123.872 396
-62.5648 123.872 396
-63.2398 123.872 396
-63.9149 123.872 396
-64.59 123.872 396
-65.2651 123.872 396
-65.9401 123.872 396
-66.6152 123.872 396
-67.2903 123.872 396
-67.9654 123.872 396
-68.6405 123.872 396
-69.4906 124.185 397
-70.1674 124.185 397
-70.8442 124.185 397
-71.521 124.185 397
-72.3796 124.498 398
-73.0581 124.498 398
-73.7366 124.498 398
-74.602 124.811 399
-75.4709 125.124 400
-76.1528 125.124 400
-76.8347 125.124 400
-77.5166 125.124 400
-78.394 125.436 401
-79.0776 125.436 401
-79.7612 125.436 401
-81.0466 126.375 404
-82.14 127 406
-82.8321 127 406
-83.73 127.313 407
-85.0461 128.252 410
-85.9542 128.564 411
-86.6548 128.564 411
-87.3555 128.564 411
-88.0561 128.564 411
-88.9727 128.877 412
-89.6751 128.877 412
-93.0098 132.631 424
-93.7326 132.631 424
-94.901 133.257 426
-95.6272 133.257 426
-96.5796 133.569 427
-97.3075 133.569 427
-98.265 133.882 428
-99.226 134.195 429
-99.9573 134.195 429
-100.923 134.508 430
-101.893 134.821 431
-102.866 135.133 432
-103.602 135.133 432
-104.339 135.133 432
-105.075 135.133 432
-106.056 135.446 433
-106.795 135.446 433
-107.533 135.446 433
-108.271 135.446 433
-109.513 136.072 435
-110.254 136.072 435
-111.506 136.698 437
-112.765 137.323 439
-113.513 137.323 439
-114.522 137.636 440
-115.272 137.636 440
-116.022 137.636 440
-776.006 695.687 2224
-779.797 695.687 2224
-783.589 695.687 2224
-787.38 695.687 2224
-791.171 695.687 2224
-768.512 672.539 2150
-772.177 672.539 2150
-773.677 670.662 2144
-777.332 670.662 2144
-780.987 670.662 2144
-785.74 671.601 2147
-792.341 674.103 2155
-807.466 683.8 2186
-811.192 683.8 2186
-820.511 688.493 2201
-836.247 698.502 2233
-840.054 698.502 2233
-844.994 699.441 2236
-848.806 699.441 2236
-852.618 699.441 2236
-854.131 697.564 2230
-854.47 694.749 2221
-854.006 691.308 2210
-857.773 691.308 2210
-861.541 691.308 2210
-865.308 691.308 2210
-870.256 692.246 2213
-874.028 692.246 2213
-877.801 692.246 2213
-879.183 690.369 2207
-882.946 690.369 2207
-886.708 690.369 2207
-886.839 687.554 2198
-889.371 686.616 2195
-888.637 683.175 2184
-892.36 683.175 2184
-893.621 681.298 2178
-893.626 678.483 2169
-895.255 676.919 2164
-898.944 676.919 2164
-902.633 676.919 2164
-905.066 675.98 2161
-906.227 674.103 2155
-909.056 673.478 2153
-911.455 672.539 2150
-913.843 671.601 2147
-916.221 670.662 2144
-919.018 670.037 2142
-922.67 670.037 2142
-926.321 670.037 2142
-928.67 669.098 2139
-932.317 669.098 2139
-935.963 669.098 2139
-939.61 669.098 2139
-941.933 668.16 2136
-945.574 668.16 2136
-947.883 667.221 2133
-950.627 666.596 2131
-952.916 665.657 2128
-956.544 665.657 2128
-960.171 665.657 2128
-962.44 664.719 2125
-962.426 662.217 2117
-964.666 661.278 2114
-968.27 661.278 2114
-970.954 660.653 2112
-973.17 659.714 2109
-975.376 658.776 2106
-978.967 658.776 2106
-981.624 658.15 2104
-985.21 658.15 2104
-985.977 656.273 2098
-989.554 656.273 2098
-993.131 656.273 2098
-994.332 654.709 2093
-997.9 654.709 2093
-1000.51 654.083 2091
-1000.23 651.581 2083
-998.484 648.14 2072
-999.598 646.576 2067
-1003.12 646.576 2067
-1004.21 645.012 2062
-1000.4 640.32 2047
-998.981 637.192 2037
-1002.45 637.192 2037
-1002.47 635.002 2030
-999.488 630.936 2017
-1001.93 630.31 2015
-1005.37 630.31 2015
-1007.3 629.372 2012
-1008.72 628.12 2008
-1012.14 628.12 2008
-1015.57 628.12 2008
-1016.45 626.556 2003
-1017.32 624.992 1998
-1018.17 623.428 1993
-1021.57 623.428 1993
-1022.4 621.864 1988
732.377 1268.99 4079
725.424 1268.99 4079
718.47 1268.99 4079
706.283 1259.66 4049
696.099 1253.74 4030
685.808 1247.52 4010
683.883 1256.54 4039
676.997 1256.54 4039
671.771 1259.66 4049
664.868 1259.66 4049
657.966 1259.66 4049
649.455 1256.54 4039
641.138 1253.74 4030
634.268 1253.74 4030
633.469 1265.88 4069
626.533 1265.88 4069
621.119 1268.99 4079
614.165 1268.99 4079
607.211 1268.99 4079
597.315 1262.77 4059
-5.62344 153.685 494
-6.46559 153.685 494
-7.32253 153.996 495
-8.16638 153.996 495
-9.01023 153.996 495
-9.85408 153.996 495
-10.6979 153.996 495
-11.5185 153.685 494
-12.3606 153.685 494
-12.0803 140.618 452
-12.7939 139.996 450
-13.5309 139.685 449
-14.2964 139.685 449
-15.0283 139.374 448
-15.792 139.374 448
-16.5188 139.063 447
-17.2808 139.063 447
-18.0024 138.752 446
-18.7628 138.752 446
-19.4793 138.441 445
-20.2379 138.441 445
-20.9965 138.441 445
-31.6842 129.419 416
-32.3934 129.419 416
-33.1025 129.419 416
-33.7304 129.108 415
-34.3549 128.797 414
-34.976 128.485 413
-35.6801 128.485 413
-36.296 128.174 412
-36.6392 126.93 408
-37.2432 126.619 407
-37.7506 125.997 405
-38.441 125.997 405
-39.1315 125.997 405
-39.6252 125.374 403
-40.2122 125.063 402
-40.8975 125.063 402
-41.4794 124.752 401
-42.163 124.752 401
-42.7397 124.441 400
-43.4216 124.441 400
-44.1035 124.441 400
-44.6735 124.13 399
-45.3537 124.13 399
-46.0339 124.13 399
-46.7141 124.13 399
-47.3943 124.13 399
-47.954 123.819 398
-48.6325 123.819 398
-49.3109 123.819 398
-49.9894 123.819 398
-50.6679 123.819 398
-51.3464 123.819 398
-52.0249 123.819 398
-52.7034 123.819 398
-53.3819 123.819 398
-53.9245 123.508 397
-54.6013 123.508 397
-55.2781 123.508 397
-55.9549 123.508 397
-56.489 123.197 396
-57.3085 123.508 397
-57.9852 123.508 397
-58.662 123.508 397
-59.1894 123.197 396
-59.8644 123.197 396
-60.5395 123.197 396
-61.2146 123.197 396
-61.8897 123.197 396
-62.5648 123.197 396
-63.2398 123.197 396
-63.9149 123.197 396
-64.59 123.197 396
-65.2651 123.197 396
-65.9401 123.197 396
-66.6152 123.197 396
-67.2903 123.197 396
-68.137 123.508 397
-68.8138 123.508 397
-69.4906 123.508 397
-70.1674 123.508 397
-70.8442 123.508 397
-71.521 123.508 397
-72.3796 123.819 398
-73.2416 124.13 399
-73.9218 124.13 399
-74.602 124.13 399
-75.4709 124.441 400
-76.1528 124.441 400
-76.8347 124.441 400
-77.7104 124.752 401
-78.394 124.752 401
-79.472 125.374 403
-80.159 125.374 403
-81.2472 125.997 405
-82.14 126.308 406
-82.8321 126.308 406
-84.1414 127.241 409
-85.2535 127.863 411
-85.9542 127.863 411
-86.6548 127.863 411
-87.3555 127.863 411
-88.0561 127.863 411
-88.9727 128.174 412
-89.6751 128.174 412
-93.2291 132.219 425
-93.9537 132.219 425
-94.901 132.53 426
-95.8517 132.841 427
-96.8058 133.152 428
-97.5354 133.152 428
-98.265 133.152 428
-99.4573 133.774 430
-100.19 133.774 430
-101.158 134.085 431
-102.129 134.396 432
-102.866 134.396 432
-103.602 134.396 432
-104.339 134.396 432
-105.318 134.708 433
-106.056 134.708 433
-106.795 134.708 433
-107.533 134.708 433
-108.521 135.019 434
-109.764 135.641 436
-110.508 135.641 436
-111.761 136.263 438
-113.022 136.885 440
-113.772 136.885 440
-114.782 137.196 441
-115.534 137.196 441
-116.286 137.196 441
-117.037 137.196 441
-776.006 691.893 2224
-779.797 691.893 2224
-783.589 691.893 2224
-787.38 691.893 2224
-791.171 691.893 2224
-768.512 668.871 2150
-769.304 666.382 2142
-770.79 664.516 2136
-774.431 664.516 2136
-778.073 664.516 2136
-785.74 667.938 2147
-794.547 672.293 2161
-802.294 675.715 2172
-805.997 675.715 2172
-816.037 681.004 2189
-835.123 693.759 2230
-838.925 693.759 2230
-844.994 695.626 2236
-848.806 695.626 2236
-852.618 695.626 2236
-854.131 693.759 2230
-850.238 687.537 2210
-850.528 684.737 2201
-854.28 684.737 2201
-858.032 684.737 2201
-861.784 684.737 2201
-865.537 684.737 2201
-869.289 684.737 2201
-873.041 684.737 2201
-875.598 683.804 2198
-879.345 683.804 2198
-883.092 683.804 2198
-885.629 682.871 2195
-884.914 679.449 2184
-886.195 677.582 2178
-889.908 677.582 2178
-892.39 676.649 2175
-891.566 673.227 2164
-895.255 673.227 2164
-898.944 673.227 2164
-901.382 672.293 2161
-903.81 671.36 2158
-905.386 669.804 2153
-909.056 669.804 2153
-911.455 668.871 2150
-912.566 667.005 2144
-915.366 666.382 2142
-919.018 666.382 2142
-922.67 666.382 2142
-925.024 665.449 2139
-928.67 665.449 2139
-932.317 665.449 2139
-935.963 665.449 2139
-938.292 664.516 2136
-941.933 664.516 2136
-945.574 664.516 2136
-947.883 663.582 2133
-950.627 662.96 2131
-952.916 662.027 2128
-956.544 662.027 2128
-958.818 661.094 2125
-962.44 661.094 2125
-961.062 657.671 2114
-964.666 657.671 2114
-967.354 657.049 2112
-969.575 656.116 2109
-971.786 655.183 2106
-975.376 655.183 2106
-978.037 654.56 2104
-981.624 654.56 2104
-982.401 652.694 2098
-985.977 652.694 2098
-989.554 652.694 2098
-990.764 651.138 2093
-994.332 651.138 2093
-997.9 651.138 2093
-999.075 649.583 2088
-998.793 647.094 2080
-995.111 642.427 2065
-997.18 641.494 2062
-1000.7 641.494 2062
-1000.8 639.316 2055
-1000.4 636.828 2047
-998.981 633.717 2037
-1002.45 633.717 2037
-1002.47 631.539 2030
-999.488 627.494 2017
-1001.93 626.872 2015
-1005.37 626.872 2015
-1007.3 625.939 2012
-1008.72 624.695 2008
-1012.14 624.695 2008
-1015.57 624.695 2008
-1016.45 623.139 2003
-1017.32 621.583 1998
-1018.17 620.028 1993
-1021.57 620.028 1993
-1022.4 618.472 1988
732.377 1262.03 4079
725.424 1262.03 4079
718.47 1262.03 4079
706.283 1252.75 4049
696.099 1246.87 4030
685.808 1240.68 4010
683.883 1249.65 4039
676.997 1249.65 4039
671.771 1252.75 4049
664.868 1252.75 4049
657.966 1252.75 4049
649.455 1249.65 4039
641.138 1246.87 4030
634.268 1246.87 4030
633.469 1258.94 4069
626.533 1258.94 4069
622.641 1265.12 4089
615.671 1265.12 4089
608.7 1265.12 4089
597.315 1255.84 4059
-5.62344 152.842 494
-6.46559 152.842 494
-7.32253 153.151 495
-8.16638 153.151 495
-9.01023 153.151 495
-9.85408 153.151 495
-10.6979 153.151 495
-11.5185 152.842 494
-12.3606 152.842 494
-13.176 152.533 493
-12.7939 139.229 450
-13.5309 138.919 449
-14.2964 138.919 449
-15.0283 138.61 448
-15.792 138.61 448
-16.5188 138.3 447
-17.2808 138.3 447
-18.0428 138.3 447
-18.7628 137.991 446
-19.4793 137.682 445
-20.2379 137.682 445
-20.9965 137.682 445
-21.7551 137.682 445
-22.5137 137.682 445
-23.2724 137.682 445
-24.031 137.682 445
-24.7339 137.372 444
-25.4334 137.063 443
-31.6842 128.709 416
-32.3934 128.709 416
-33.1025 128.709 416
-33.7304 128.4 415
-34.3549 128.09 414
-34.976 127.781 413
-35.6801 127.781 413
-36.296 127.471 412
-36.6392 126.234 408
-37.2432 125.924 407
-37.8438 125.615 406
-38.5359 125.615 406
-39.1315 125.306 405
-39.7236 124.996 404
-40.3122 124.687 403
-40.9993 124.687 403
-41.4794 124.068 401
-42.163 124.068 401
-42.7397 123.759 400
-43.4216 123.759 400
-44.1035 123.759 400
-44.7854 123.759 400
-45.3537 123.449 399
-46.0339 123.449 399
-46.7141 123.449 399
-47.3943 123.449 399
-48.0744 123.449 399
-48.7546 123.449 399
-49.4348 123.449 399
-50.115 123.449 399
-50.7952 123.449 399
-51.4754 123.449 399
-52.1556 123.449 399
-52.8358 123.449 399
-53.3819 123.14 398
-54.0604 123.14 398
-54.7389 123.14 398
-55.4173 123.14 398
-56.0958 123.14 398
-56.6317 122.831 397
-57.3085 122.831 397
-57.9852 122.831 397
-58.662 122.831 397
-59.1894 122.521 396
-59.8644 122.521 396
-60.5395 122.521 396
-61.2146 122.521 396
-61.8897 122.521 396
-62.5648 122.521 396
-63.2398 122.521 396
-63.9149 122.521 396
-64.59 122.521 396
-65.2651 122.521 396
-65.9401 122.521 396
-66.6152 122.521 396
-67.2903 122.521 396
-68.137 122.831 397
-68.8138 122.831 397
-69.4906 122.831 397
-70.1674 122.831 397
-70.8442 122.831 397
-71.521 122.831 397
-72.3796 123.14 398
-73.2416 123.449 399
-73.9218 123.449 399
-74.602 123.449 399
-75.4709 123.759 400
-76.3432 124.068 401
-77.0268 124.068 401
-77.7104 124.068 401
-78.5895 124.377 402
-79.472 124.687 403
-80.5568 125.306 405
-81.4479 125.615 406
-82.3423 125.924 407
-83.0361 125.924 407
-84.3471 126.853 410
-85.2535 127.162 411
-85.9542 127.162 411
-86.6548 127.162 411
-87.3555 127.162 411
-88.0561 127.162 411
-88.9727 127.471 412
-89.6751 127.471 412
-93.2291 131.494 425
-93.9537 131.494 425
-94.901 131.803 426
-95.8517 132.112 427
-96.8058 132.422 428
-97.5354 132.422 428
-98.7242 133.041 430
-99.6886 133.35 431
-100.423 133.35 431
-101.393 133.659 432
-102.129 133.659 432
-102.866 133.659 432
-103.602 133.659 432
-104.58 133.969 433
-105.318 133.969 433
-106.056 133.969 433
-106.795 133.969 433
-107.781 134.278 434
-109.021 134.897 436
-109.764 134.897 436
-111.014 135.516 438
-112.271 136.135 440
-113.278 136.444 441
-114.03 136.444 441
-114.782 136.444 441
-115.534 136.444 441
-116.549 136.753 442
-117.303 136.753 442
-118.056 136.753 442
-772.866 685.314 2215
-776.642 685.314 2215
-780.418 685.314 2215
-773.219 675.723 2184
-776.942 675.723 2184
-768.512 665.203 2150
-769.304 662.728 2142
-770.79 660.871 2136
-774.431 660.871 2136
-778.073 660.871 2136
-787.936 666.131 2153
-794.547 668.606 2161
-802.294 672.01 2172
-805.997 672.01 2172
-816.037 677.27 2189
-836.247 690.883 2233
-840.054 690.883 2233
-844.994 691.811 2236
-848.806 691.811 2236
-852.618 691.811 2236
-855.28 690.883 2233
-853.316 686.242 2218
-850.528 680.982 2201
-855.445 681.91 2204
-859.202 681.91 2204
-862.959 681.91 2204
-866.716 681.91 2204
-870.474 681.91 2204
-873.041 680.982 2201
-875.598 680.054 2198
-879.345 680.054 2198
-883.092 680.054 2198
-885.629 679.126 2195
-882.482 673.866 2178
-884.975 672.938 2175
-888.683 672.938 2175
-891.16 672.01 2172
-891.566 669.535 2164
-894.014 668.606 2161
-897.698 668.606 2161
-900.131 667.678 2158
-902.553 666.75 2155
-904.124 665.203 2150
-907.79 665.203 2150
-910.183 664.275 2147
-912.566 663.347 2144
-915.366 662.728 2142
-919.018 662.728 2142
-921.377 661.8 2139
-925.024 661.8 2139
-927.368 660.871 2136
-931.009 660.871 2136
-934.65 660.871 2136
-938.292 660.871 2136
-940.61 659.943 2133
-944.246 659.943 2133
-946.994 659.325 2131
-950.627 659.325 2131
-952.916 658.396 2128
-956.544 658.396 2128
-958.818 657.468 2125
-961.082 656.54 2122
-961.062 654.065 2114
-964.666 654.065 2114
-967.354 653.446 2112
-969.575 652.518 2109
-971.786 651.59 2106
-975.376 651.59 2106
-978.037 650.971 2104
-978.824 649.114 2098
-982.401 649.114 2098
-985.977 649.114 2098
-988.611 648.496 2096
-990.764 647.567 2093
-993.382 646.949 2091
-996.946 646.949 2091
-996.683 644.473 2083
-996.392 641.998 2075
-992.701 637.357 2060
-993.795 635.81 2055
-997.298 635.81 2055
-997.88 633.954 2049
-995.508 630.241 2037
-996.529 628.694 2032
-999.993 628.694 2032
-1000.99 627.147 2027
-999.488 624.053 2017
-999.446 621.887 2010
-1002.87 621.887 2010
-1003.8 620.341 2005
-1006.21 619.722 2003
-1008.11 618.794 2000
-1011.52 618.794 2000
-1013.92 618.175 1998
-1013.76 616.009 1991
-1015.62 615.081 1988
-1019.01 615.081 1988
-1018.8 612.915 1981
730.582 1251.99 4069
723.645 1251.99 4069
716.709 1251.99 4069
706.283 1245.84 4049
696.099 1239.99 4030
685.808 1233.84 4010
683.883 1242.76 4039
676.997 1242.76 4039
671.771 1245.84 4049
664.868 1245.84 4049
657.966 1245.84 4049
649.455 1242.76 4039
641.138 1239.99 4030
634.268 1239.99 4030
633.469 1251.99 4069
626.533 1251.99 4069
622.641 1258.15 4089
615.671 1258.15 4089
608.7 1258.15 4089
-7.32253 152.307 495
-8.16638 152.307 495
-9.01023 152.307 495
-9.85408 152.307 495
-10.6979 152.307 495
-11.5185 151.999 494
-12.3606 151.999 494
-13.176 151.691 493
-12.7939 138.461 450
-13.5309 138.153 449
-14.2964 138.153 449
-15.0283 137.845 448
-15.792 137.845 448
-16.5188 137.538 447
-17.2808 137.538 447
-18.0428 137.538 447
-18.7628 137.23 446
-19.4793 136.922 445
-20.2379 136.922 445
-20.9965 136.922 445
-21.7551 136.922 445
-22.5137 136.922 445
-23.2724 136.922 445
-24.031 136.922 445
-24.7339 136.615 444
-25.4334 136.307 443
-31.6842 127.999 416
-32.3934 127.999 416
-33.1025 127.999 416
-33.7304 127.692 415
-34.3549 127.384 414
-34.976 127.076 413
-35.6801 127.076 413
-36.296 126.769 412
-36.729 125.845 409
-37.3347 125.538 408
-38.0302 125.538 408
-38.5359 124.922 406
-39.1315 124.615 405
-39.7236 124.307 404
-40.3122 123.999 403
-40.9993 123.999 403
-41.5828 123.692 402
-42.163 123.384 401
-42.8466 123.384 401
-43.5302 123.384 401
-44.1035 123.076 400
-44.7854 123.076 400
-45.4673 123.076 400
-46.1492 123.076 400
-46.7141 122.769 399
-47.3943 122.769 399
-48.0744 122.769 399
-48.7546 122.769 399
-49.4348 122.769 399
-50.115 122.769 399
-50.7952 122.769 399
-51.4754 122.769 399
-52.1556 122.769 399
-52.8358 122.769 399
-53.516 122.769 399
-54.1962 122.769 399
-54.8764 122.769 399
-55.4173 122.461 398
-56.0958 122.461 398
-56.7743 122.461 398
-57.4528 122.461 398
-58.1313 122.461 398
-58.662 122.153 397
-59.3388 122.153 397
-60.0156 122.153 397
-60.6924 122.153 397
-61.2146 121.845 396
-62.046 122.153 397
-62.7227 122.153 397
-63.3995 122.153 397
-64.0763 122.153 397
-64.7531 122.153 397
-65.4299 122.153 397
-66.1067 122.153 397
-66.7835 122.153 397
-67.4602 122.153 397
-68.137 122.153 397
-68.8138 122.153 397
-69.4906 122.153 397
-70.1674 122.153 397
-70.8442 122.153 397
-71.7011 122.461 398
-72.5614 122.769 399
-73.2416 122.769 399
-73.9218 122.769 399
-74.789 123.076 400
-75.4709 123.076 400
-76.3432 123.384 401
-77.0268 123.384 401
-77.7104 123.384 401
-78.5895 123.692 402
-79.472 123.999 403
-80.5568 124.615 405
-81.4479 124.922 406
-82.3423 125.23 407
-83.0361 125.23 407
-84.3471 126.153 410
-85.2535 126.461 411
-85.9542 126.461 411
-86.6548 126.461 411
-87.3555 126.461 411
-88.0561 126.461 411
-88.9727 126.769 412
-89.6751 126.769 412
-93.2291 130.769 425
-93.9537 130.769 425
-94.901 131.076 426
-95.8517 131.384 427
-96.8058 131.692 428
-97.5354 131.692 428
-98.7242 132.307 430
-99.6886 132.615 431
-100.423 132.615 431
-101.393 132.922 432
-102.129 132.922 432
-103.104 133.23 433
-103.842 133.23 433
-104.58 133.23 433
-105.561 133.538 434
-106.546 133.845 435
-107.288 133.845 435
-108.278 134.153 436
-109.521 134.768 438
-110.268 134.768 438
-111.521 135.384 440
-112.527 135.692 441
-113.278 135.692 441
-114.03 135.692 441
-115.042 135.999 442
-115.796 135.999 442
-116.549 135.999 442
-117.303 135.999 442
-118.056 135.999 442
-762.049 671.996 2184
-765.772 671.996 2184
-769.495 671.996 2184
-767.908 667.381 2169
-771.606 667.381 2169
-768.512 661.535 2150
-765.353 655.689 2131
-767.903 654.766 2128
-773.344 656.304 2133
-776.98 656.304 2133
-787.936 662.458 2153
-794.547 664.919 2161
-802.294 668.304 2172
-805.997 668.304 2172
-814.919 672.612 2186
-836.247 687.073 2233
-840.054 687.073 2233
-844.994 687.996 2236
-848.806 687.996 2236
-852.618 687.996 2236
-855.28 687.073 2233
-853.316 682.458 2218
-848.209 675.381 2195
-855.445 678.15 2204
-859.202 678.15 2204
-862.959 678.15 2204
-866.716 678.15 2204
-870.474 678.15 2204
-873.041 677.227 2201
-875.598 676.304 2198
-878.145 675.381 2195
-881.887 675.381 2195
-885.629 675.381 2195
-882.482 670.15 2178
-884.975 669.227 2175
-888.683 669.227 2175
-891.16 668.304 2172
-891.566 665.843 2164
-894.014 664.919 2161
-897.698 664.919 2161
-900.131 663.996 2158
-902.553 663.073 2155
-904.124 661.535 2150
-907.79 661.535 2150
-910.183 660.612 2147
-912.566 659.689 2144
-915.366 659.073 2142
-919.018 659.073 2142
-921.377 658.15 2139
-925.024 658.15 2139
-927.368 657.227 2136
-931.009 657.227 2136
-934.65 657.227 2136
-938.292 657.227 2136
-940.61 656.304 2133
-944.246 656.304 2133
-946.994 655.689 2131
-949.288 654.766 2128
-951.573 653.843 2125
-955.195 653.843 2125
-957.464 652.92 2122
-958.817 651.381 2117
-961.062 650.458 2114
-964.666 650.458 2114
-965.98 648.92 2109
-969.575 648.92 2109
-971.786 647.997 2106
-975.376 647.997 2106
-976.642 646.458 2101
-977.891 644.92 2096
-981.464 644.92 2096
-985.037 644.92 2096
-987.196 643.997 2093
-989.817 643.381 2091
-990.531 641.535 2085
-994.086 641.535 2085
-995.247 639.997 2080
-992.551 635.997 2067
-990.292 632.304 2055
-993.795 632.304 2055
-995.842 631.381 2052
-995.445 628.92 2044
-995.508 626.766 2037
-994.076 623.689 2027
-997.532 623.689 2027
-997.531 621.535 2020
-996.019 618.458 2010
-996.959 616.92 2005
-1000.38 616.92 2005
-1002.79 616.304 2003
-1003.7 614.766 1998
-1006.09 614.151 1996
-1009.5 614.151 1996
-1011.38 613.227 1993
-1012.23 611.689 1988
-1014.6 611.074 1986
-1017.98 611.074 1986
-1018.8 609.535 1981
728.786 1241.99 4059
721.867 1241.99 4059
714.947 1241.99 4059
702.969 1233.12 4030
692.644 1227 4010
679.309 1215.37 3972
678.972 1227 4010
672.136 1227 4010
666.959 1230.06 4020
660.106 1230.06 4020
653.253 1230.06 4020
646.4 1230.06 4020
639.547 1230.06 4020
634.268 1233.12 4030
633.469 1245.05 4069
626.533 1245.05 4069
622.641 1251.17 4089
615.671 1251.17 4089
608.7 1251.17 4089
-7.32253 151.462 495
-8.16638 151.462 495
-9.01023 151.462 495
-9.85408 151.462 495
-10.6979 151.462 495
-11.5185 151.156 494
-12.3606 151.156 494
-13.176 150.85 493
-12.7655 137.387 449
-13.5309 137.387 449
-14.2964 137.387 449
-15.0283 137.081 448
-15.792 137.081 448
-16.5188 136.775 447
-17.2808 136.775 447
-18.0428 136.775 447
-18.8048 136.775 447
-19.5231 136.469 446
-20.2834 136.469 446
-21.0437 136.469 446
-21.804 136.469 446
-22.5643 136.469 446
-23.3247 136.469 446
-24.031 136.163 445
-24.7339 135.857 444
-25.4908 135.857 444
-26.2477 135.857 444
-26.9438 135.551 443
-31.5319 126.678 414
-32.2376 126.678 414
-32.9434 126.678 414
-33.6492 126.678 414
-34.2719 126.372 413
-34.976 126.372 413
-35.6801 126.372 413
-36.296 126.066 412
-36.729 125.148 409
-37.3347 124.842 408
-38.0302 124.842 408
-38.5359 124.23 406
-39.1315 123.924 405
-39.7236 123.618 404
-40.3122 123.312 403
-40.9993 123.312 403
-41.5828 123.006 402
-42.163 122.7 401
-42.8466 122.7 401
-43.5302 122.7 401
-44.2138 122.7 401
-44.7854 122.394 400
-45.4673 122.394 400
-46.1492 122.394 400
-46.8311 122.394 400
-47.3943 122.088 399
-48.0744 122.088 399
-48.7546 122.088 399
-49.4348 122.088 399
-50.115 122.088 399
-50.7952 122.088 399
-51.4754 122.088 399
-52.1556 122.088 399
-52.8358 122.088 399
-53.516 122.088 399
-54.1962 122.088 399
-54.8764 122.088 399
-55.5566 122.088 399
-56.2368 122.088 399
-56.917 122.088 399
-57.5972 122.088 399
-58.1313 121.782 398
-58.8098 121.782 398
-59.3388 121.476 397
-60.0156 121.476 397
-60.6924 121.476 397
-61.3692 121.476 397
-62.2022 121.782 398
-62.8807 121.782 398
-63.5592 121.782 398
-64.2377 121.782 398
-64.9162 121.782 398
-65.5947 121.782 398
-66.2732 121.782 398
-66.9517 121.782 398
-67.6302 121.782 398
-68.3086 121.782 398
-68.9871 121.782 398
-69.6656 121.782 398
-70.3441 121.782 398
-71.0226 121.782 398
-71.7011 121.782 398
-72.5614 122.088 399
-73.2416 122.088 399
-73.9218 122.088 399
-74.789 122.394 400
-75.6596 122.7 401
-76.3432 122.7 401
-77.0268 122.7 401
-77.9042 123.006 402
-78.5895 123.006 402
-79.2748 123.006 402
-80.5568 123.924 405
-81.4479 124.23 406
-82.3423 124.536 407
-83.0361 124.536 407
-84.3471 125.454 410
-85.2535 125.76 411
-85.9542 125.76 411
-86.6548 125.76 411
-87.3555 125.76 411
-88.0561 125.76 411
-88.7568 125.76 411
-92.5046 130.043 425
-93.4485 130.349 426
-94.1747 130.349 426
-94.901 130.349 426
-95.8517 130.655 427
-96.8058 130.961 428
-97.7633 131.267 429
-98.7242 131.573 430
-99.6886 131.879 431
-100.423 131.879 431
-101.393 132.185 432
-102.129 132.185 432
-103.104 132.491 433
-103.842 132.491 433
-104.58 132.491 433
-105.561 132.797 434
-106.546 133.103 435
-107.288 133.103 435
-108.278 133.409 436
-109.521 134.021 438
-110.268 134.021 438
-111.521 134.633 440
-112.527 134.939 441
-113.278 134.939 441
-114.03 134.939 441
-115.042 135.245 442
-115.796 135.245 442
-116.549 135.245 442
-117.303 135.245 442
-118.056 135.245 442
-762.049 668.27 2184
-765.772 668.27 2184
-769.495 668.27 2184
-773.219 668.27 2184
-771.606 663.68 2169
-761.72 652.053 2131
-765.353 652.053 2131
-765.738 649.299 2122
-777.332 656.031 2144
-780.987 656.031 2144
-787.936 658.785 2153
-794.547 661.233 2161
-798.231 661.233 2161
-805.997 664.598 2172
-811.937 666.434 2178
-836.247 683.263 2233
-840.054 683.263 2233
-844.994 684.181 2236
-848.806 684.181 2236
-852.618 684.181 2236
-855.28 683.263 2233
-853.316 678.674 2218
-845.891 669.8 2189
-855.445 674.39 2204
-859.202 674.39 2204
-862.959 674.39 2204
-866.716 674.39 2204
-870.474 674.39 2204
-874.231 674.39 2204
-876.793 673.472 2201
-879.345 672.554 2198
-883.092 672.554 2198
-884.418 670.718 2192
-882.482 666.434 2178
-884.975 665.516 2175
-888.683 665.516 2175
-889.929 663.68 2169
-890.33 661.233 2161
-892.773 660.315 2158
-896.452 660.315 2158
-900.131 660.315 2158
-902.553 659.397 2155
-904.124 657.867 2150
-907.79 657.867 2150
-910.183 656.949 2147
-912.566 656.031 2144
-914.084 654.501 2139
-917.731 654.501 2139
-921.377 654.501 2139
-923.726 653.583 2136
-927.368 653.583 2136
-931.009 653.583 2136
-934.65 653.583 2136
-936.974 652.665 2133
-939.728 652.053 2131
-943.361 652.053 2131
-946.994 652.053 2131
-949.288 651.135 2128
-951.573 650.217 2125
-955.195 650.217 2125
-957.464 649.299 2122
-958.817 647.769 2117
-961.062 646.851 2114
-964.666 646.851 2114
-965.98 645.321 2109
-969.575 645.321 2109
-971.786 644.403 2106
-975.376 644.403 2106
-976.642 642.874 2101
-977.891 641.344 2096
-981.464 641.344 2096
-985.037 641.344 2096
-987.196 640.426 2093
-989.817 639.814 2091
-990.531 637.978 2085
-994.086 637.978 2085
-995.247 636.448 2080
-992.551 632.47 2067
-990.292 628.798 2055
-993.795 628.798 2055
-995.842 627.88 2052
-995.445 625.432 2044
-992.087 621.149 2030
-993.096 619.619 2025
-995.071 618.701 2022
-995.062 616.559 2015
-995.028 614.417 2008
-995.965 612.887 2003
-999.38 612.887 2003
-1000.29 611.357 1998
-1002.69 610.745 1996
-1006.09 610.745 1996
-1009.5 610.745 1996
-1010.36 609.215 1991
-1012.23 608.297 1988
-1012.04 606.155 1981
-1015.42 606.155 1981
-1017.77 605.543 1979
728.786 1235.07 4059
721.867 1235.07 4059
714.947 1235.07 4059
702.969 1226.24 4030
692.644 1220.16 4010
679.309 1208.59 3972
678.972 1220.16 4010
672.136 1220.16 4010
666.959 1223.2 4020
660.106 1223.2 4020
653.253 1223.2 4020
646.4 1223.2 4020
639.547 1223.2 4020
635.684 1228.98 4039
633.469 1238.11 4069
626.533 1238.11 4069
619.596 1238.11 4069
-4.77162 150.009 493
-5.62344 150.314 494
-6.46559 150.314 494
-7.32253 150.618 495
-8.16638 150.618 495
-9.01023 150.618 495
-9.85408 150.618 495
-10.6979 150.618 495
-11.5185 150.314 494
-12.3606 150.314 494
-13.176 150.009 493
-12.7655 136.621 449
-13.5008 136.317 448
-14.2645 136.317 448
-15.0283 136.317 448
-15.792 136.317 448
-16.5188 136.012 447
-17.2808 136.012 447
-18.0428 136.012 447
-18.8048 136.012 447
-19.5668 136.012 447
-20.3289 136.012 447
-21.0909 136.012 447
-21.8529 136.012 447
-22.5643 135.708 446
-23.3247 135.708 446
-24.085 135.708 446
-24.7896 135.404 445
-25.4908 135.1 444
-26.2477 135.1 444
-26.9438 134.795 443
-27.6365 134.491 442
-31.608 126.276 415
-32.3155 126.276 415
-33.023 126.276 415
-33.7304 126.276 415
-34.3549 125.971 414
-35.0607 125.971 414
-35.7664 125.971 414
-36.3841 125.667 413
-36.9086 125.058 411
-37.3347 124.146 408
-38.0302 124.146 408
-38.5359 123.537 406
-39.1315 123.233 405
-39.7236 122.928 404
-40.3122 122.624 403
-40.9993 122.624 403
-41.5828 122.32 402
-42.2681 122.32 402
-42.8466 122.016 401
-43.5302 122.016 401
-44.2138 122.016 401
-44.7854 121.711 400
-45.4673 121.711 400
-46.1492 121.711 400
-46.8311 121.711 400
-47.3943 121.407 399
-48.0744 121.407 399
-48.7546 121.407 399
-49.4348 121.407 399
-50.115 121.407 399
-50.7952 121.407 399
-51.4754 121.407 399
-52.1556 121.407 399
-52.8358 121.407 399
-53.516 121.407 399
-54.1962 121.407 399
-54.8764 121.407 399
-55.5566 121.407 399
-56.2368 121.407 399
-56.917 121.407 399
-57.5972 121.407 399
-58.1313 121.103 398
-58.8098 121.103 398
-59.4883 121.103 398
-60.1668 121.103 398
-60.8453 121.103 398
-61.5238 121.103 398
-62.2022 121.103 398
-62.8807 121.103 398
-63.5592 121.103 398
-64.2377 121.103 398
-64.9162 121.103 398
-65.5947 121.103 398
-66.2732 121.103 398
-66.9517 121.103 398
-67.6302 121.103 398
-68.3086 121.103 398
-68.9871 121.103 398
-69.6656 121.103 398
-70.3441 121.103 398
-71.0226 121.103 398
-71.8813 121.407 399
-72.5614 121.407 399
-73.4252 121.711 400
-74.1071 121.711 400
-74.789 121.711 400
-75.6596 122.016 401
-76.5336 122.32 402
-77.2189 122.32 402
-77.9042 122.32 402
-78.785 122.624 403
-79.472 122.624 403
-80.7557 123.537 406
-81.6485 123.841 407
-82.5446 124.146 408
-83.2402 124.146 408
-84.5529 125.058 411
-85.2535 125.058 411
-85.9542 125.058 411
-86.6548 125.058 411
-87.3555 125.058 411
-88.0561 125.058 411
-88.7568 125.058 411
-92.7223 129.623 426
-93.4485 129.623 426
-94.1747 129.623 426
-95.1237 129.927 427
-96.0761 130.231 428
-96.8058 130.231 428
-97.9912 130.84 430
-98.9538 131.144 431
-99.9198 131.448 432
-100.656 131.448 432
-101.393 131.448 432
-102.366 131.753 433
-103.104 131.753 433
-103.842 131.753 433
-104.58 131.753 433
-105.805 132.361 435
-106.546 132.361 435
-107.288 132.361 435
-108.278 132.665 436
-110.021 133.883 440
-110.771 133.883 440
-111.521 133.883 440
-112.527 134.187 441
-113.535 134.491 442
-114.289 134.491 442
-115.042 134.491 442
-115.796 134.491 442
-116.549 134.491 442
-117.303 134.491 442
-118.056 134.491 442
-762.049 664.544 2184
-765.772 664.544 2184
-769.495 664.544 2184
-773.219 664.544 2184
-771.606 659.98 2169
-761.72 648.417 2131
-765.353 648.417 2131
-766.821 646.592 2125
-777.332 652.373 2144
-780.987 652.373 2144
-785.74 653.286 2147
-794.547 657.546 2161
-798.231 657.546 2161
-803.029 658.459 2164
-811.937 662.718 2178
-832.876 676.715 2224
-836.668 676.715 2224
-843.86 679.454 2233
-847.667 679.454 2233
-851.474 679.454 2233
-850.684 675.802 2221
-853.316 674.89 2218
-844.732 665.153 2186
-855.445 670.63 2204
-859.202 670.63 2204
-862.959 670.63 2204
-866.716 670.63 2204
-870.474 670.63 2204
-874.231 670.63 2204
-876.793 669.717 2201
-879.345 668.804 2198
-883.092 668.804 2198
-884.418 666.978 2192
-881.267 661.806 2175
-883.754 660.893 2172
-887.457 660.893 2172
-889.929 659.98 2169
-889.094 656.633 2158
-892.773 656.633 2158
-896.452 656.633 2158
-898.88 655.72 2155
-901.716 655.112 2153
-902.863 653.286 2147
-906.523 653.286 2147
-908.911 652.373 2144
-911.715 651.764 2142
-914.084 650.852 2139
-917.731 650.852 2139
-918.793 649.026 2133
-922.429 649.026 2133
-926.065 649.026 2133
-929.701 649.026 2133
-933.338 649.026 2133
-936.095 648.417 2131
-938.405 647.505 2128
-942.033 647.505 2128
-944.328 646.592 2125
-946.612 645.679 2122
-949.334 645.07 2120
-952.948 645.07 2120
-955.208 644.157 2117
-957.458 643.245 2114
-960.153 642.636 2112
-963.753 642.636 2112
-965.98 641.723 2109
-968.196 640.81 2106
-969.479 639.289 2101
-973.061 639.289 2101
-974.318 637.768 2096
-976.492 636.855 2093
-979.123 636.246 2091
-982.688 636.246 2091
-986.252 636.246 2091
-986.977 634.421 2085
-988.156 632.899 2080
-991.702 632.899 2080
-991.42 630.465 2072
-989.19 626.814 2060
-988.846 624.379 2052
-992.344 624.379 2052
-993.416 622.858 2047
-993.01 620.424 2039
-992.087 617.685 2030
-993.096 616.164 2025
-995.071 615.251 2022
-995.062 613.121 2015
-995.028 610.991 2008
-995.965 609.47 2003
-999.38 609.47 2003
-1000.29 607.948 1998
-1002.69 607.34 1996
-1006.09 607.34 1996
-1009.5 607.34 1996
-1010.36 605.818 1991
-1012.23 604.906 1988
-1012.04 602.776 1981
-1015.42 602.776 1981
-1017.77 602.167 1979
725.195 1222.09 4039
718.31 1222.09 4039
711.424 1222.09 4039
701.225 1216.34 4020
687.808 1204.84 3982
679.309 1201.82 3972
672.538 1201.82 3972
665.767 1201.82 3972
663.807 1210.59 4001
656.986 1210.59 4001
650.166 1210.59 4001
643.345 1210.59 4001
637.956 1213.32 4010
635.684 1222.09 4039
633.469 1231.17 4069
626.533 1231.17 4069
619.596 1231.17 4069
-4.77162 149.168 493
-5.62344 149.471 494
-6.46559 149.471 494
-7.32253 149.773 495
-8.16638 149.773 495
-9.01023 149.773 495
-9.85408 149.773 495
-10.6979 149.773 495
-11.5185 149.471 494
-12.3606 149.471 494
-13.176 149.168 493
-14.0165 149.168 493
-14.8569 149.168 493
-15.6973 149.168 493
-15.0283 135.552 448
-15.792 135.552 448
-16.5557 135.552 448
-17.3194 135.552 448
-18.0832 135.552 448
-18.8469 135.552 448
-19.6106 135.552 448
-20.3743 135.552 448
-21.0909 135.25 447
-21.8529 135.25 447
-22.5643 134.947 446
-23.3247 134.947 446
-24.085 134.947 446
-24.7896 134.645 445
-25.4908 134.342 444
-26.2477 134.342 444
-26.9438 134.04 443
-27.6365 133.737 442
-28.3257 133.434 441
-31.1239 126.475 418
-31.8365 126.475 418
-32.5491 126.475 418
-33.1821 126.173 417
-33.8117 125.87 416
-34.5209 125.87 416
-35.2301 125.87 416
-35.7664 125.265 414
-36.4722 125.265 414
-37.0882 124.962 413
-37.6092 124.357 411
-38.3099 124.357 411
-38.6309 123.147 407
-39.1315 122.542 405
-39.7236 122.239 404
-40.4123 122.239 404
-41.101 122.239 404
-41.6863 121.937 403
-42.2681 121.634 402
-42.9534 121.634 402
-43.6388 121.634 402
-44.2138 121.332 401
-44.8974 121.332 401
-45.4673 121.029 400
-46.1492 121.029 400
-46.8311 121.029 400
-47.513 121.029 400
-48.1949 121.029 400
-48.8768 121.029 400
-49.5587 121.029 400
-50.2406 121.029 400
-50.9225 121.029 400
-51.6044 121.029 400
-52.2863 121.029 400
-52.9682 121.029 400
-53.6501 121.029 400
-54.332 121.029 400
-54.8764 120.726 399
-55.5566 120.726 399
-56.2368 120.726 399
-56.917 120.726 399
-57.5972 120.726 399
-58.2774 120.726 399
-58.8098 120.424 398
-59.4883 120.424 398
-60.1668 120.424 398
-60.8453 120.424 398
-61.5238 120.424 398
-62.2022 120.424 398
-62.8807 120.424 398
-63.5592 120.424 398
-64.2377 120.424 398
-64.9162 120.424 398
-65.5947 120.424 398
-66.2732 120.424 398
-66.9517 120.424 398
-67.6302 120.424 398
-68.3086 120.424 398
-68.9871 120.424 398
-69.6656 120.424 398
-70.3441 120.424 398
-71.0226 120.424 398
-71.8813 120.726 399
-72.5614 120.726 399
-73.4252 121.029 400
-74.1071 121.029 400
-74.789 121.029 400
-75.6596 121.332 401
-76.5336 121.634 402
-77.2189 121.634 402
-78.098 121.937 403
-78.9805 122.239 404
-79.6692 122.239 404
-80.7557 122.844 406
-81.6485 123.147 407
-82.5446 123.45 408
-83.2402 123.45 408
-84.5529 124.357 411
-85.2535 124.357 411
-85.9542 124.357 411
-86.6548 124.357 411
-87.3555 124.357 411
-88.0561 124.357 411
-88.7568 124.357 411
-92.7223 128.896 426
-93.4485 128.896 426
-94.1747 128.896 426
-95.1237 129.198 427
-96.0761 129.501 428
-96.8058 129.501 428
-97.9912 130.106 430
-98.9538 130.409 431
-99.9198 130.711 432
-100.656 130.711 432
-101.393 130.711 432
-102.366 131.014 433
-103.104 131.014 433
-103.842 131.014 433
-104.58 131.014 433
-105.805 131.619 435
-106.546 131.619 435
-107.288 131.619 435
-108.278 131.922 436
-110.021 133.132 440
-110.771 133.132 440
-111.775 133.434 441
-112.527 133.434 441
-113.535 133.737 442
-114.289 133.737 442
-115.042 133.737 442
-115.796 133.737 442
-116.549 133.737 442
-117.303 133.737 442
-765.772 660.818 2184
-769.495 660.818 2184
-773.219 660.818 2184
-771.606 656.279 2169
-761.72 644.782 2131
-765.353 644.782 2131
-766.821 642.966 2125
-777.332 648.715 2144
-780.987 648.715 2144
-785.74 649.623 2147
-794.547 653.859 2161
-798.231 653.859 2161
-803.029 654.767 2164
-811.937 659.003 2178
-832.876 672.921 2224
-836.668 672.921 2224
-843.86 675.644 2233
-847.667 675.644 2233
-851.474 675.644 2233
-850.684 672.013 2221
-853.316 671.105 2218
-844.732 661.423 2186
-855.445 666.869 2204
-859.202 666.869 2204
-862.959 666.869 2204
-866.716 666.869 2204
-870.474 666.869 2204
-874.231 666.869 2204
-876.793 665.962 2201
-879.345 665.054 2198
-883.092 665.054 2198
-884.418 663.239 2192
-881.267 658.095 2175
-882.534 656.279 2169
-886.231 656.279 2169
-889.929 656.279 2169
-889.094 652.951 2158
-891.532 652.043 2155
-895.206 652.043 2155
-898.045 651.438 2153
-901.716 651.438 2153
-901.601 648.715 2144
-905.256 648.715 2144
-908.911 648.715 2144
-911.715 648.11 2142
-911.52 645.387 2133
-915.157 645.387 2133
-917.931 644.782 2131
-921.564 644.782 2131
-925.197 644.782 2131
-928.83 644.782 2131
-932.463 644.782 2131
-934.778 643.874 2128
-937.082 642.966 2125
-940.705 642.966 2125
-942.994 642.059 2122
-944.381 640.546 2117
-947.99 640.546 2117
-951.599 640.546 2117
-952.952 639.033 2112
-956.553 639.033 2112
-958.789 638.125 2109
-962.384 638.125 2109
-963.69 636.612 2104
-965.897 635.704 2101
-968.095 634.797 2098
-971.671 634.797 2098
-971.994 632.679 2091
-974.159 631.771 2088
-976.314 630.863 2085
-979.868 630.863 2085
-983.422 630.863 2085
-984.61 629.35 2080
-985.78 627.838 2075
-989.318 627.838 2075
-988.07 624.812 2065
-987.749 622.391 2057
-987.401 619.971 2049
-990.894 619.971 2049
-989.534 616.945 2039
-992.036 616.34 2037
-989.644 612.709 2025
-993.096 612.709 2025
-994.087 611.196 2020
-995.062 609.683 2015
-995.028 607.565 2008
-995.965 606.052 2003
-997.883 605.145 2000
-999.29 603.934 1996
-1001.19 603.027 1993
-1003.57 602.422 1991
-1006.97 602.422 1991
-1008.84 601.514 1988
-1010.19 600.304 1984
-1011.02 598.791 1979
-1014.39 598.791 1979
-1016.74 598.186 1977
721.784 1209.48 4020
714.931 1209.48 4020
708.078 1209.48 4020
696.166 1200.76 3991
682.799 1189.32 3953
669.732 1178.19 3916
667.797 1186.62 3944
661.074 1186.62 3944
657.502 1192.33 3963
650.747 1192.33 3963
645.453 1195.04 3972
638.682 1195.04 3972
636.524 1203.77 4001
635.684 1215.2 4039
628.799 1215.2 4039
621.913 1215.2 4039
615.028 1215.2 4039
-3.93118 148.327 493
-4.77162 148.327 493
-5.62344 148.628 494
-6.46559 148.628 494
-7.30773 148.628 494
-8.14988 148.628 494
-8.99203 148.628 494
-9.83417 148.628 494
-10.6763 148.628 494
-11.4951 148.327 493
-12.3356 148.327 493
-13.176 148.327 493
-14.0165 148.327 493
-14.8569 148.327 493
-15.6973 148.327 493
-15.0283 134.788 448
-15.792 134.788 448
-16.5557 134.788 448
-17.3194 134.788 448
-18.0832 134.788 448
-18.8469 134.788 448
-19.6106 134.788 448
-20.3743 134.788 448
-21.0909 134.487 447
-21.8529 134.487 447
-22.5643 134.186 446
-23.3247 134.186 446
-24.085 134.186 446
-24.7896 133.885 445
-25.4908 133.585 444
-26.2477 133.585 444
-26.9438 133.284 443
-27.6365 132.983 442
-28.3257 132.682 441
-29.0775 132.682 441
-29.8293 132.682 441
-29.6988 125.762 418
-30.4113 125.762 418
-31.1239 125.762 418
-31.8365 125.762 418
-32.5491 125.762 418
-33.1821 125.461 417
-33.8117 125.16 416
-34.5209 125.16 416
-35.2301 125.16 416
-35.8528 124.859 415
-36.4722 124.559 414
-37.0882 124.258 413
-37.7922 124.258 413
-38.4963 124.258 413
-39.0105 123.656 411
-39.2281 122.152 406
-39.8219 121.851 405
-40.4123 121.55 404
-41.101 121.55 404
-41.7897 121.55 404
-42.3733 121.249 403
-43.0603 121.249 403
-43.7473 121.249 403
-44.3241 120.948 402
-44.8974 120.647 401
-45.581 120.647 401
-46.2646 120.647 401
-46.9482 120.647 401
-47.513 120.346 400
-48.1949 120.346 400
-48.8768 120.346 400
-49.5587 120.346 400
-50.2406 120.346 400
-50.9225 120.346 400
-51.6044 120.346 400
-52.2863 120.346 400
-52.9682 120.346 400
-53.6501 120.346 400
-54.332 120.346 400
-55.0139 120.346 400
-55.6958 120.346 400
-56.2368 120.046 399
-56.917 120.046 399
-57.5972 120.046 399
-58.2774 120.046 399
-58.9576 120.046 399
-59.6378 120.046 399
-60.1668 119.745 398
-60.8453 119.745 398
-61.5238 119.745 398
-62.2022 119.745 398
-62.8807 119.745 398
-63.5592 119.745 398
-64.2377 119.745 398
-64.9162 119.745 398
-65.5947 119.745 398
-66.2732 119.745 398
-66.9517 119.745 398
-67.6302 119.745 398
-68.3086 119.745 398
-68.9871 119.745 398
-69.6656 119.745 398
-70.3441 119.745 398
-71.0226 119.745 398
-71.8813 120.046 399
-72.5614 120.046 399
-73.4252 120.346 400
-74.1071 120.346 400
-74.976 120.647 401
-75.6596 120.647 401
-76.5336 120.948 402
-77.2189 120.948 402
-78.098 121.249 403
-78.9805 121.55 404
-79.6692 121.55 404
-80.7557 122.152 406
-81.6485 122.453 407
-82.5446 122.753 408
-83.2402 122.753 408
-84.5529 123.656 411
-85.2535 123.656 411
-85.9542 123.656 411
-86.6548 123.656 411
-87.3555 123.656 411
-88.0561 123.656 411
-88.7568 123.656 411
-92.7223 128.169 426
-93.4485 128.169 426
-94.1747 128.169 426
-95.1237 128.47 427
-96.0761 128.771 428
-96.8058 128.771 428
-97.9912 129.372 430
-98.9538 129.673 431
-99.9198 129.974 432
-100.656 129.974 432
-101.393 129.974 432
-102.366 130.275 433
-103.104 130.275 433
-103.842 130.275 433
-104.58 130.275 433
-105.805 130.877 435
-106.546 130.877 435
-107.288 130.877 435
-109.271 132.381 440
-110.271 132.682 441
-111.023 132.682 441
-111.775 132.682 441
-112.527 132.682 441
-113.792 133.284 443
-114.547 133.284 443
-115.303 133.284 443
-116.058 133.284 443
-116.813 133.284 443
-117.303 132.983 442
-759.247 636.031 2114
-766.821 639.341 2125
-770.443 639.341 2125
-774.066 639.341 2125
-785.74 645.96 2147
-789.4 645.96 2147
-793.06 645.96 2147
-799.689 648.367 2155
-811.937 655.287 2178
-828.757 665.817 2213
-832.529 665.817 2213
-839.325 668.224 2221
-843.112 668.224 2221
-846.898 668.224 2221
-849.535 667.321 2218
-842.159 658.596 2189
-844.732 657.694 2186
-850.787 659.499 2192
-854.524 659.499 2192
-862.959 663.109 2204
-866.716 663.109 2204
-870.474 663.109 2204
-873.041 662.207 2201
-875.598 661.304 2198
-878.145 660.401 2195
-881.887 660.401 2195
-884.418 659.499 2192
-881.267 654.384 2175
-882.534 652.579 2169
-886.231 652.579 2169
-889.929 652.579 2169
-889.094 649.269 2158
-891.532 648.367 2155
-895.206 648.367 2155
-898.045 647.765 2153
-901.716 647.765 2153
-901.601 645.057 2144
-905.256 645.057 2144
-908.911 645.057 2144
-911.715 644.456 2142
-911.52 641.748 2133
-915.157 641.748 2133
-917.931 641.146 2131
-921.564 641.146 2131
-925.197 641.146 2131
-928.83 641.146 2131
-932.463 641.146 2131
-934.778 640.243 2128
-937.082 639.341 2125
-940.705 639.341 2125
-942.994 638.438 2122
-944.381 636.934 2117
-945.751 635.43 2112
-949.352 635.43 2112
-952.952 635.43 2112
-955.194 634.527 2109
-956.516 633.023 2104
-960.103 633.023 2104
-962.316 632.12 2101
-964.518 631.217 2098
-965.787 629.713 2093
-969.355 629.713 2093
-971.994 629.111 2091
-972.759 627.306 2085
-973.972 625.802 2080
-977.518 625.802 2080
-981.064 625.802 2080
-982.243 624.297 2075
-983.405 622.793 2070
-986.934 622.793 2070
-985.678 619.784 2060
-983.908 616.475 2049
-982.582 613.466 2039
-986.058 613.466 2039
-988.563 612.865 2037
-988.626 610.758 2030
-988.177 608.352 2022
-991.624 608.352 2022
-992.611 606.847 2017
-993.58 605.343 2012
-992.55 602.635 2003
-995.965 602.635 2003
-995.887 600.529 1996
-996.786 599.025 1991
-997.669 597.52 1986
-1000.05 596.919 1984
-1003.43 596.919 1984
-1006.81 596.919 1984
-1007.65 595.414 1979
-1010 594.813 1977
-1013.37 594.813 1977
-1015.2 593.91 1974
716.577 1193.95 3991
709.773 1193.95 3991
702.97 1193.95 3991
689.538 1182.58 3953
674.853 1168.82 3907
663.575 1160.74 3880
656.961 1160.74 3880
650.346 1160.74 3880
646.718 1166.13 3898
640.073 1166.13 3898
633.428 1166.13 3898
-2.25486 147.785 494
-3.09701 147.785 494
-3.93915 147.785 494
-4.77162 147.486 493
-5.61206 147.486 493
-6.4525 147.486 493
-7.30773 147.785 494
-8.14988 147.785 494
-8.99203 147.785 494
-9.83417 147.785 494
-10.6547 147.486 493
-11.4951 147.486 493
-12.3356 147.486 493
-13.176 147.486 493
-14.0165 147.486 493
-14.8569 147.486 493
-15.6973 147.486 493
-15.0283 134.024 448
-15.792 134.024 448
-16.5557 134.024 448
-17.3194 134.024 448
-18.0832 134.024 448
-18.8469 134.024 448
-19.6106 134.024 448
-20.3743 134.024 448
-21.0909 133.725 447
-21.8529 133.725 447
-22.5643 133.425 446
-23.3247 133.425 446
-24.085 133.425 446
-24.7896 133.126 445
-25.4908 132.827 444
-26.2477 132.827 444
-26.883 132.229 442
-27.6365 132.229 442
-28.3257 131.93 441
-29.0775 131.93 441
-29.8293 131.93 441
-29.6988 125.049 418
-30.4113 125.049 418
-31.1239 125.049 418
-31.8365 125.049 418
-32.5491 125.049 418
-33.1821 124.75 417
-33.8117 124.451 416
-34.5209 124.451 416
-35.2301 124.451 416
-35.8528 124.151 415
-36.4722 123.852 414
-37.0882 123.553 413
-37.7922 123.553 413
-38.4963 123.553 413
-39.0105 122.955 411
-39.2281 121.459 406
-39.8219 121.16 405
-40.4123 120.861 404
-41.101 120.861 404
-41.7897 120.861 404
-42.3733 120.562 403
-43.0603 120.562 403
-43.7473 120.562 403
-44.4343 120.562 403
-45.0094 120.262 402
-45.581 119.963 401
-46.2646 119.963 401
-46.9482 119.963 401
-47.6318 119.963 401
-48.3154 119.963 401
-48.999 119.963 401
-49.6826 119.963 401
-50.3662 119.963 401
-51.0498 119.963 401
-51.7334 119.963 401
-52.417 119.963 401
-52.9682 119.664 400
-53.6501 119.664 400
-54.332 119.664 400
-55.0139 119.664 400
-55.6958 119.664 400
-56.3777 119.664 400
-57.0596 119.664 400
-57.7415 119.664 400
-58.2774 119.365 399
-58.9576 119.365 399
-59.6378 119.365 399
-60.318 119.365 399
-60.8453 119.066 398
-61.5238 119.066 398
-62.2022 119.066 398
-62.8807 119.066 398
-63.5592 119.066 398
-64.2377 119.066 398
-64.9162 119.066 398
-65.5947 119.066 398
-66.2732 119.066 398
-66.9517 119.066 398
-67.6302 119.066 398
-68.3086 119.066 398
-68.9871 119.066 398
-69.6656 119.066 398
-70.5209 119.365 399
-71.2011 119.365 399
-71.8813 119.365 399
-72.7433 119.664 400
-73.4252 119.664 400
-74.1071 119.664 400
-74.976 119.963 401
-75.8483 120.262 402
-76.7239 120.562 403
-77.411 120.562 403
-78.2918 120.861 404
-78.9805 120.861 404
-79.6692 120.861 404
-80.7557 121.459 406
-81.8491 122.057 408
-82.9492 122.656 410
-83.6482 122.656 410
-84.5529 122.955 411
-85.2535 122.955 411
-85.9542 122.955 411
-86.6548 122.955 411
-87.3555 122.955 411
-88.2704 123.254 412
-88.9727 123.254 412
-92.7223 127.442 426
-93.4485 127.442 426
-94.1747 127.442 426
-95.1237 127.741 427
-96.0761 128.041 428
-96.8058 128.041 428
-97.9912 128.639 430
-98.9538 128.938 431
-99.9198 129.237 432
-100.656 129.237 432
-101.393 129.237 432
-102.366 129.536 433
-103.104 129.536 433
-103.842 129.536 433
-104.58 129.536 433
-105.805 130.135 435
-106.546 130.135 435
-107.288 130.135 435
-109.271 131.63 440
-110.271 131.93 441
-111.023 131.93 441
-111.775 131.93 441
-112.527 131.93 441
-113.792 132.528 443
-114.547 132.528 443
-115.303 132.528 443
-116.058 132.528 443
-116.813 132.528 443
-753.501 627.638 2098
-762.851 632.424 2114
-770.443 635.715 2125
-774.066 635.715 2125
-778.786 636.613 2128
-784.252 638.109 2133
-787.889 638.109 2133
-792.638 639.006 2136
-806.718 647.383 2164
-816.773 652.468 2181
-820.491 652.468 2181
-830.634 657.554 2198
-834.381 657.554 2198
-838.128 657.554 2198
-838.427 654.862 2189
-840.236 653.366 2184
-842.799 652.468 2181
-848.458 653.964 2186
-852.185 653.964 2186
-859.435 656.656 2195
-863.177 656.656 2195
-866.919 656.656 2195
-870.661 656.656 2195
-874.403 656.656 2195
-876.945 655.759 2192
-880.681 655.759 2192
-881.997 653.964 2186
-881.267 650.673 2175
-882.534 648.878 2169
-886.231 648.878 2169
-887.877 647.383 2164
-889.094 645.588 2158
-891.532 644.69 2155
-895.206 644.69 2155
-898.045 644.092 2153
-900.459 643.194 2150
-901.601 641.399 2144
-905.256 641.399 2144
-908.063 640.801 2142
-910.438 639.904 2139
-911.52 638.109 2133
-915.157 638.109 2133
-917.931 637.51 2131
-920.267 636.613 2128
-923.894 636.613 2128
-927.522 636.613 2128
-931.15 636.613 2128
-933.46 635.715 2125
-935.759 634.818 2122
-939.377 634.818 2122
-940.772 633.322 2117
-944.381 633.322 2117
-945.751 631.826 2112
-949.352 631.826 2112
-952.952 631.826 2112
-955.194 630.929 2109
-956.516 629.433 2104
-960.103 629.433 2104
-962.316 628.535 2101
-964.518 627.638 2098
-965.787 626.142 2093
-969.355 626.142 2093
-971.994 625.544 2091
-972.759 623.749 2085
-973.972 622.253 2080
-977.518 622.253 2080
-981.064 622.253 2080
-982.243 620.757 2075
-983.405 619.261 2070
-986.934 619.261 2070
-985.678 616.27 2060
-983.908 612.979 2049
-982.582 609.987 2039
-986.058 609.987 2039
-988.563 609.389 2037
-988.626 607.295 2030
-985.734 603.406 2017
-989.172 603.406 2017
-990.15 601.91 2012
-989.136 599.218 2003
-990.073 597.722 1998
-993.479 597.722 1998
-993.392 595.628 1991
-994.283 594.132 1986
-994.152 592.038 1979
-997.526 592.038 1979
-1000.9 592.038 1979
-1004.27 592.038 1979
-1005.1 590.542 1974
-1008.47 590.542 1974
-1011.83 590.542 1974
-1011.6 588.448 1967
716.577 1187.14 3991
709.773 1187.14 3991
702.97 1187.14 3991
689.538 1175.84 3953
674.853 1162.15 3907
663.575 1154.12 3880
656.961 1154.12 3880
650.346 1154.12 3880
646.718 1159.48 3898
640.073 1159.48 3898
633.428 1159.48 3898
-1.41272 146.942 494
-2.25486 146.942 494
-3.09701 146.942 494
-3.93915 146.942 494
-4.77162 146.645 493
-5.61206 146.645 493
-6.4525 146.645 493
-7.30773 146.942 494
-8.14988 146.942 494
-8.99203 146.942 494
-9.81426 146.645 493
-10.6547 146.645 493
-11.4951 146.645 493
-12.3356 146.645 493
-13.176 146.645 493
-14.0165 146.645 493
-14.2645 133.259 448
-15.0283 133.259 448
-15.792 133.259 448
-16.5557 133.259 448
-17.3194 133.259 448
-18.0832 133.259 448
-18.8469 133.259 448
-19.6106 133.259 448
-20.3743 133.259 448
-21.1381 133.259 448
-21.8529 132.962 447
-22.6149 132.962 447
-23.377 132.962 447
-24.085 132.665 446
-24.8453 132.665 446
-25.4908 132.07 444
-26.2477 132.07 444
-26.883 131.475 442
-27.6365 131.475 442
-28.3257 131.177 441
-29.0775 131.177 441
-29.8293 131.177 441
-30.5118 130.88 440
-29.7698 124.633 419
-30.4841 124.633 419
-31.1239 124.336 418
-31.8365 124.336 418
-32.5491 124.336 418
-33.1821 124.038 417
-33.8117 123.741 416
-34.5209 123.741 416
-35.2301 123.741 416
-35.8528 123.443 415
-36.4722 123.146 414
-37.0882 122.849 413
-37.7922 122.849 413
-38.4963 122.849 413
-39.1054 122.551 412
-39.2281 120.766 406
-39.8219 120.469 405
-40.5123 120.469 405
-41.2027 120.469 405
-41.7897 120.171 404
-42.4784 120.171 404
-43.0603 119.874 403
-43.7473 119.874 403
-44.4343 119.874 403
-45.0094 119.577 402
-45.581 119.279 401
-46.2646 119.279 401
-46.9482 119.279 401
-47.6318 119.279 401
-48.3154 119.279 401
-48.999 119.279 401
-49.6826 119.279 401
-50.3662 119.279 401
-51.0498 119.279 401
-51.7334 119.279 401
-52.417 119.279 401
-52.9682 118.982 400
-53.6501 118.982 400
-54.332 118.982 400
-55.0139 118.982 400
-55.6958 118.982 400
-56.3777 118.982 400
-57.0596 118.982 400
-57.7415 118.982 400
-58.2774 118.684 399
-58.9576 118.684 399
-59.6378 118.684 399
-60.318 118.684 399
-60.9981 118.684 399
-61.6783 118.684 399
-62.3585 118.684 399
-63.0387 118.684 399
-63.7189 118.684 399
-64.3991 118.684 399
-65.0793 118.684 399
-65.7595 118.684 399
-66.4397 118.684 399
-67.1199 118.684 399
-67.8001 118.684 399
-68.4803 118.684 399
-69.1605 118.684 399
-69.8407 118.684 399
-70.5209 118.684 399
-71.2011 118.684 399
-72.0614 118.982 400
-72.7433 118.982 400
-73.6088 119.279 401
-74.2924 119.279 401
-75.1629 119.577 402
-76.0369 119.874 403
-76.7239 119.874 403
-77.411 119.874 403
-78.2918 120.171 404
-79.176 120.469 405
-79.8664 120.469 405
-80.7557 120.766 406
-82.0497 121.659 409
-82.9492 121.956 410
-83.8522 122.254 411
-84.7586 122.551 412
-85.4609 122.551 412
-86.1633 122.551 412
-86.8657 122.551 412
-87.568 122.551 412
-88.2704 122.551 412
-90.9163 125.228 421
-92.5046 126.418 425
-93.4485 126.715 426
-94.1747 126.715 426
-95.1237 127.013 427
-96.0761 127.31 428
-96.8058 127.31 428
-97.9912 127.905 430
-99.1834 128.5 432
-99.9198 128.5 432
-102.054 130.285 438
-102.801 130.285 438
-103.548 130.285 438
-104.294 130.285 438
-109.271 130.88 440
-110.271 131.177 441
-111.527 131.772 443
-112.282 131.772 443
-113.292 132.07 444
-114.049 132.07 444
-114.806 132.07 444
-115.823 132.367 445
-116.582 132.367 445
-117.34 132.367 445
-754.578 624.951 2101
-759.964 626.438 2106
-770.443 632.09 2125
-774.066 632.09 2125
-778.786 632.982 2128
-782.414 632.982 2128
-786.042 632.982 2128
-792.638 635.362 2136
-797.398 636.254 2139
-815.65 647.855 2178
-819.362 647.855 2178
-824.209 648.747 2181
-827.927 648.747 2181
-831.645 648.747 2181
-835.363 648.747 2181
-836.773 646.963 2175
-840.481 646.963 2175
-846.518 648.747 2181
-850.236 648.747 2181
-858.261 652.019 2192
-861.997 652.019 2192
-865.734 652.019 2192
-869.471 652.019 2192
-873.208 652.019 2192
-876.945 652.019 2192
-880.681 652.019 2192
-879.98 648.747 2181
-880.051 646.07 2172
-880.499 643.69 2164
-884.188 643.69 2164
-886.646 642.798 2161
-887.858 641.013 2155
-890.705 640.419 2153
-894.375 640.419 2153
-896.794 639.526 2150
-899.203 638.634 2147
-900.76 637.147 2142
-904.412 637.147 2142
-906.791 636.254 2139
-907.884 634.469 2133
-910.666 633.875 2131
-914.299 633.875 2131
-916.639 632.982 2128
-918.969 632.09 2125
-922.592 632.09 2125
-926.215 632.09 2125
-928.524 631.197 2122
-932.142 631.197 2122
-934.878 630.603 2120
-938.492 630.603 2120
-940.772 629.71 2117
-943.043 628.818 2114
-944.408 627.331 2109
-948.003 627.331 2109
-951.599 627.331 2109
-953.835 626.438 2106
-956.516 625.843 2104
-960.103 625.843 2104
-960.941 624.059 2098
-962.219 622.571 2093
-964.865 621.976 2091
-968.429 621.976 2091
-969.205 620.192 2085
-970.426 618.704 2080
-971.631 617.217 2075
-975.168 617.217 2075
-978.706 617.217 2075
-977.509 614.243 2065
-981.03 614.243 2065
-984.55 614.243 2065
-980.414 609.483 2049
-979.106 606.509 2039
-980.172 605.022 2034
-983.64 605.022 2034
-985.166 603.832 2030
-983.756 600.857 2020
-985.734 599.965 2017
-989.172 599.965 2017
-990.15 598.477 2012
-989.136 595.8 2003
-990.073 594.313 1998
-993.479 594.313 1998
-993.392 592.231 1991
-994.283 590.744 1986
-994.152 588.661 1979
-997.526 588.661 1979
-1000.9 588.661 1979
-1004.27 588.661 1979
-1005.1 587.174 1974
-1008.47 587.174 1974
-1011.83 587.174 1974
-1011.6 585.092 1967
709.754 1169.09 3953
703.015 1169.09 3953
696.277 1169.09 3953
681.514 1155.49 3907
670.19 1147.5 3880
662.036 1144.84 3871
655.437 1144.84 3871
641.295 1131.53 3826
-1.41272 146.099 494
-2.25486 146.099 494
-3.09701 146.099 494
-3.93915 146.099 494
-4.77162 145.804 493
-5.61206 145.804 493
-6.4525 145.804 493
-7.29294 145.804 493
-8.13338 145.804 493
-8.97382 145.804 493
-9.81426 145.804 493
-10.6547 145.804 493
-11.4951 145.804 493
-12.3356 145.804 493
-13.176 145.804 493
-14.0165 145.804 493
-14.8569 145.804 493
-14.2645 132.495 448
-15.0283 132.495 448
-15.792 132.495 448
-16.5557 132.495 448
-17.3194 132.495 448
-18.0832 132.495 448
-18.8469 132.495 448
-19.6106 132.495 448
-20.3743 132.495 448
-21.1381 132.495 448
-21.9018 132.495 448
-22.6149 132.199 447
-23.377 132.199 447
-24.139 132.199 447
-24.8453 131.904 446
-25.5482 131.608 445
-26.3068 131.608 445
-26.9438 131.016 443
-27.6365 130.721 442
-28.3257 130.425 441
-29.0775 130.425 441
-29.8293 130.425 441
-30.5118 130.129 440
-31.1198 129.538 438
-30.4841 123.918 419
-31.1239 123.623 418
-31.8365 123.623 418
-32.5491 123.623 418
-33.1821 123.327 417
-33.8117 123.031 416
-34.5209 123.031 416
-35.2301 123.031 416
-35.9392 123.031 416
-36.5603 122.735 415
-37.178 122.44 414
-37.8837 122.44 414
-38.4963 122.144 413
-39.2004 122.144 413
-39.2281 120.074 406
-39.9202 120.074 406
-40.6123 120.074 406
-41.2027 119.778 405
-41.8931 119.778 405
-42.4784 119.482 404
-43.1671 119.482 404
-43.8559 119.482 404
-44.4343 119.186 403
-45.0094 118.891 402
-45.6947 118.891 402
-46.38 118.891 402
-46.9482 118.595 401
-47.6318 118.595 401
-48.3154 118.595 401
-48.999 118.595 401
-49.6826 118.595 401
-50.3662 118.595 401
-51.0498 118.595 401
-51.7334 118.595 401
-52.417 118.595 401
-53.1007 118.595 401
-53.6501 118.299 400
-54.332 118.299 400
-55.0139 118.299 400
-55.6958 118.299 400
-56.3777 118.299 400
-57.0596 118.299 400
-57.7415 118.299 400
-58.4234 118.299 400
-58.9576 118.003 399
-59.6378 118.003 399
-60.318 118.003 399
-60.9981 118.003 399
-61.6783 118.003 399
-62.3585 118.003 399
-63.0387 118.003 399
-63.7189 118.003 399
-64.3991 118.003 399
-65.0793 118.003 399
-65.7595 118.003 399
-66.4397 118.003 399
-67.1199 118.003 399
-67.8001 118.003 399
-68.4803 118.003 399
-69.1605 118.003 399
-69.8407 118.003 399
-70.5209 118.003 399
-71.2011 118.003 399
-72.0614 118.299 400
-72.7433 118.299 400
-73.6088 118.595 401
-74.2924 118.595 401
-75.1629 118.891 402
-76.0369 119.186 403
-76.7239 119.186 403
-77.411 119.186 403
-78.2918 119.482 404
-79.176 119.778 405
-79.8664 119.778 405
-80.9546 120.369 407
-82.6515 121.848 412
-83.3539 121.848 412
-84.0562 121.848 412
-84.7586 121.848 412
-85.4609 121.848 412
-86.1633 121.848 412
-86.8657 121.848 412
-87.568 121.848 412
-88.2704 121.848 412
-91.1323 124.806 422
-92.5046 125.693 425
-93.4485 125.989 426
-94.1747 125.989 426
-95.1237 126.284 427
-96.0761 126.58 428
-96.8058 126.58 428
-97.9912 127.172 430
-99.1834 127.763 432
-99.9198 127.763 432
-102.054 129.538 438
-102.801 129.538 438
-103.548 129.538 438
-104.294 129.538 438
-111.778 131.312 444
-112.535 131.312 444
-113.547 131.608 445
-114.306 131.608 445
-115.065 131.608 445
-115.823 131.608 445
-116.582 131.608 445
-117.34 131.608 445
-754.578 621.366 2101
-759.964 622.845 2106
-770.443 628.464 2125
-774.066 628.464 2125
-778.786 629.352 2128
-783.517 630.239 2131
-787.15 630.239 2131
-793.751 632.605 2139
-798.516 633.492 2142
-815.65 644.139 2178
-819.362 644.139 2178
-824.209 645.026 2181
-827.927 645.026 2181
-831.645 645.026 2181
-835.363 645.026 2181
-836.773 643.252 2175
-840.481 643.252 2175
-846.518 645.026 2181
-850.236 645.026 2181
-858.261 648.279 2192
-861.997 648.279 2192
-865.734 648.279 2192
-869.471 648.279 2192
-873.208 648.279 2192
-876.945 648.279 2192
-880.681 648.279 2192
-878.77 644.139 2178
-876.81 639.999 2164
-878.058 638.224 2158
-881.737 638.224 2158
-884.185 637.337 2155
-887.034 636.745 2153
-889.464 635.858 2150
-893.129 635.858 2150
-895.543 634.971 2147
-897.946 634.084 2144
-899.499 632.605 2139
-903.145 632.605 2139
-905.52 631.718 2136
-907.884 630.83 2133
-909.384 629.352 2128
-913.011 629.352 2128
-914.055 627.577 2122
-917.672 627.577 2122
-921.289 627.577 2122
-924.907 627.577 2122
-928.524 627.577 2122
-932.142 627.577 2122
-934.878 626.986 2120
-938.492 626.986 2120
-939.439 625.211 2114
-942.151 624.62 2112
-944.408 623.732 2109
-948.003 623.732 2109
-949.342 622.254 2104
-952.929 622.254 2104
-953.788 620.479 2098
-957.365 620.479 2098
-958.651 619 2093
-961.3 618.409 2091
-964.865 618.409 2091
-968.429 618.409 2091
-966.88 615.156 2080
-968.094 613.677 2075
-969.29 612.198 2070
-972.818 612.198 2070
-973.989 610.719 2065
-975.142 609.241 2060
-977.229 608.353 2057
-980.736 608.353 2057
-977.065 603.917 2042
-974.784 600.368 2030
-973.426 597.411 2020
-976.869 597.411 2020
-977.886 595.932 2015
-979.86 595.045 2012
-979.869 592.975 2005
-983.287 592.975 2005
-984.245 591.496 2000
-986.667 590.904 1998
-986.604 588.834 1991
-989.998 588.834 1991
-989.9 586.764 1984
-990.779 585.285 1979
-993.148 584.694 1977
-996.518 584.694 1977
-998.371 583.806 1974
-1001.74 583.806 1974
-1003.06 582.623 1970
-1006.42 582.623 1970
-1008.24 581.736 1967
-1009.54 580.553 1963
0.272124 145.551 495
-0.571726 145.551 495
-1.41558 145.551 495
-2.25943 145.551 495
-3.09701 145.257 494
-3.93118 144.963 493
-4.77162 144.963 493
-5.61206 144.963 493
-6.4525 144.963 493
-7.29294 144.963 493
-8.13338 144.963 493
-8.97382 144.963 493
-9.81426 144.963 493
-10.6547 144.963 493
-11.4951 144.963 493
-12.3356 144.963 493
-13.176 144.963 493
-14.0165 144.963 493
-14.8569 144.963 493
-16.5557 131.731 448
-17.3194 131.731 448
-18.0832 131.731 448
-18.8469 131.731 448
-19.6106 131.731 448
-20.3743 131.731 448
-21.1381 131.731 448
-21.9018 131.731 448
-22.6149 131.437 447
-23.377 131.437 447
-24.139 131.437 447
-24.8453 131.143 446
-25.5482 130.849 445
-26.3068 130.849 445
-26.9438 130.261 443
-27.6365 129.966 442
-28.3257 129.672 441
-29.0775 129.672 441
-29.8293 129.672 441
-30.5118 129.378 440
-31.1198 128.79 438
-30.5569 123.498 420
-31.1984 123.204 419
-31.8365 122.909 418
-32.5491 122.909 418
-33.1821 122.615 417
-33.8117 122.321 416
-34.5209 122.321 416
-35.2301 122.321 416
-35.9392 122.321 416
-36.5603 122.027 415
-37.178 121.733 414
-37.8837 121.733 414
-38.5895 121.733 414
-39.2004 121.439 413
-39.9044 121.439 413
-40.6085 121.439 413
-41.3125 121.439 413
-41.3045 119.381 406
-41.8931 119.087 405
-42.5836 119.087 405
-43.274 119.087 405
-43.8559 118.793 404
-44.5446 118.793 404
-45.1213 118.499 403
-45.6947 118.205 402
-46.38 118.205 402
-47.0653 118.205 402
-47.6318 117.911 401
-48.3154 117.911 401
-48.999 117.911 401
-49.6826 117.911 401
-50.3662 117.911 401
-51.0498 117.911 401
-51.7334 117.911 401
-52.417 117.911 401
-53.1007 117.911 401
-53.7843 117.911 401
-54.4679 117.911 401
-55.1515 117.911 401
-55.6958 117.617 400
-56.3777 117.617 400
-57.0596 117.617 400
-57.7415 117.617 400
-58.4234 117.617 400
-59.1053 117.617 400
-59.7872 117.617 400
-60.4691 117.617 400
-61.151 117.617 400
-61.8329 117.617 400
-62.5148 117.617 400
-63.1967 117.617 400
-63.8786 117.617 400
-64.5605 117.617 400
-65.2424 117.617 400
-65.9243 117.617 400
-66.4397 117.323 399
-67.1199 117.323 399
-67.8001 117.323 399
-68.4803 117.323 399
-69.3338 117.617 400
-70.0157 117.617 400
-70.6976 117.617 400
-71.3795 117.617 400
-72.0614 117.617 400
-72.9252 117.911 401
-73.7923 118.205 402
-74.4776 118.205 402
-75.3499 118.499 403
-76.0369 118.499 403
-76.7239 118.499 403
-77.411 118.499 403
-78.2918 118.793 404
-79.176 119.087 405
-79.8664 119.087 405
-80.9546 119.675 407
-82.6515 121.145 412
-83.3539 121.145 412
-84.0562 121.145 412
-84.7586 121.145 412
-85.4609 121.145 412
-86.1633 121.145 412
-86.8657 121.145 412
-87.568 121.145 412
-88.2704 121.145 412
-91.1323 124.086 422
-92.5046 124.968 425
-93.2291 124.968 425
-93.9537 124.968 425
-94.6782 124.968 425
-99.1834 127.026 432
-99.9198 127.026 432
-102.054 128.79 438
-102.801 128.79 438
-103.548 128.79 438
-104.294 128.79 438
-112.03 130.849 445
-112.789 130.849 445
-113.802 131.143 446
-114.563 131.143 446
-115.323 131.143 446
-116.083 131.143 446
-116.844 131.143 446
-117.34 130.849 445
-754.578 617.782 2101
-759.243 618.664 2104
-762.829 618.664 2104
-774.066 624.839 2125
-778.786 625.721 2128
-783.517 626.603 2131
-787.15 626.603 2131
-793.751 628.955 2139
-798.516 629.838 2142
-812.279 637.777 2169
-815.977 637.777 2169
-823.075 640.423 2178
-826.788 640.423 2178
-830.501 640.423 2178
-833.065 639.541 2175
-835.619 638.659 2172
-839.322 638.659 2172
-846.518 641.305 2181
-850.236 641.305 2181
-853.954 641.305 2181
-861.997 644.54 2192
-865.734 644.54 2192
-869.471 644.54 2192
-870.818 642.775 2186
-872.544 641.305 2181
-876.262 641.305 2181
-878.77 640.423 2178
-876.81 636.307 2164
-878.058 634.542 2158
-881.737 634.542 2158
-884.185 633.66 2155
-887.034 633.072 2153
-889.464 632.19 2150
-893.129 632.19 2150
-895.543 631.308 2147
-897.946 630.426 2144
-899.499 628.955 2139
-903.145 628.955 2139
-905.52 628.073 2136
-907.884 627.191 2133
-909.384 625.721 2128
-913.011 625.721 2128
-914.055 623.957 2122
-917.672 623.957 2122
-921.289 623.957 2122
-924.907 623.957 2122
-928.524 623.957 2122
-932.142 623.957 2122
-934.878 623.369 2120
-938.492 623.369 2120
-939.439 621.604 2114
-940.813 620.134 2109
-942.169 618.664 2104
-945.756 618.664 2104
-947.989 617.782 2101
-951.571 617.782 2101
-951.515 615.43 2093
-955.083 615.43 2093
-957.735 614.841 2091
-959.921 613.959 2088
-961.173 612.489 2083
-964.724 612.489 2083
-964.556 610.137 2075
-965.761 608.667 2070
-966.948 607.196 2065
-970.469 607.196 2065
-971.631 605.726 2060
-975.142 605.726 2060
-972.478 601.904 2047
-975.968 601.904 2047
-971.323 596.905 2030
-969.982 593.964 2020
-971.016 592.494 2015
-974.451 592.494 2015
-976.43 591.612 2012
-976.451 589.554 2005
-977.426 588.084 2000
-980.835 588.084 2000
-980.8 586.025 1993
-983.21 585.437 1991
-984.126 583.967 1986
-987.512 583.967 1986
-987.405 581.909 1979
-989.777 581.321 1977
-990.636 579.85 1972
-993.998 579.85 1972
-994.831 578.38 1967
-998.184 578.38 1967
-1001.54 578.38 1967
-1004.89 578.38 1967
-1006.19 577.204 1963
-1008 576.322 1960
0.272124 144.706 495
-0.571726 144.706 495
-1.41558 144.706 495
-2.25943 144.706 495
-3.09701 144.414 494
-3.93118 144.122 493
-4.77162 144.122 493
-5.61206 144.122 493
-6.4525 144.122 493
-7.29294 144.122 493
-8.13338 144.122 493
-8.97382 144.122 493
-9.81426 144.122 493
-10.6547 144.122 493
-11.4951 144.122 493
-12.3356 144.122 493
-13.176 144.122 493
-14.0165 144.122 493
-14.8569 144.122 493
-17.3194 130.966 448
-18.0832 130.966 448
-18.889 131.259 449
-19.6544 131.259 449
-20.4198 131.259 449
-21.1853 131.259 449
-21.9018 130.966 448
-22.6655 130.966 448
-23.4293 130.966 448
-24.139 130.674 447
-24.8453 130.382 446
-25.5482 130.089 445
-26.3068 130.089 445
-26.9438 129.505 443
-27.6365 129.212 442
-28.3257 128.92 441
-29.0775 128.92 441
-29.8293 128.92 441
-30.5118 128.628 440
-31.1198 128.043 438
-30.5569 122.781 420
-31.1984 122.489 419
-31.8365 122.196 418
-32.5491 122.196 418
-33.1821 121.904 417
-33.8117 121.612 416
-34.5209 121.612 416
-35.2301 121.612 416
-35.9392 121.612 416
-36.5603 121.319 415
-37.178 121.027 414
-37.8837 121.027 414
-38.5895 121.027 414
-39.2004 120.735 413
-39.9044 120.735 413
-40.6085 120.735 413
-41.3125 120.735 413
-41.3045 118.688 406
-41.8931 118.396 405
-42.5836 118.396 405
-43.274 118.396 405
-43.9644 118.396 405
-44.5446 118.104 404
-45.2333 118.104 404
-45.8083 117.811 403
-46.4954 117.811 403
-47.0653 117.519 402
-47.7506 117.519 402
-48.4359 117.519 402
-49.1212 117.519 402
-49.8065 117.519 402
-50.4918 117.519 402
-51.1771 117.519 402
-51.8625 117.519 402
-52.5478 117.519 402
-53.2331 117.519 402
-53.7843 117.227 401
-54.4679 117.227 401
-55.1515 117.227 401
-55.8351 117.227 401
-56.5187 117.227 401
-57.2023 117.227 401
-57.8859 117.227 401
-58.4234 116.934 400
-59.1053 116.934 400
-59.7872 116.934 400
-60.4691 116.934 400
-61.151 116.934 400
-61.8329 116.934 400
-62.5148 116.934 400
-63.1967 116.934 400
-63.8786 116.934 400
-64.5605 116.934 400
-65.2424 116.934 400
-65.9243 116.934 400
-66.6062 116.934 400
-67.2881 116.934 400
-67.97 116.934 400
-68.6519 116.934 400
-69.3338 116.934 400
-70.0157 116.934 400
-70.6976 116.934 400
-71.3795 116.934 400
-72.2416 117.227 401
-72.9252 117.227 401
-73.7923 117.519 402
-74.4776 117.519 402
-75.3499 117.811 403
-76.0369 117.811 403
-76.7239 117.811 403
-77.6031 118.104 404
-78.2918 118.104 404
-79.176 118.396 405
-79.8664 118.396 405
-81.9492 120.442 412
-82.8521 120.735 413
-83.5562 120.735 413
-84.2603 120.735 413
-84.9643 120.735 413
-85.6684 120.735 413
-86.3724 120.735 413
-87.0765 120.735 413
-89.4809 123.073 421
-90.1986 123.073 421
-91.5642 123.95 424
-92.5046 124.243 425
-93.2291 124.243 425
-94.1747 124.535 426
-94.901 124.535 426
-95.6272 124.535 426
-102.054 128.043 438
-102.801 128.043 438
-103.548 128.043 438
-104.294 128.043 438
-112.03 130.089 445
-112.789 130.089 445
-113.802 130.382 446
-114.563 130.382 446
-115.323 130.382 446
-116.083 130.382 446
-116.844 130.382 446
-117.34 130.089 445
-755.656 615.074 2104
-762.13 617.413 2112
-765.73 617.413 2112
-774.066 621.213 2125
-778.786 622.09 2128
-783.517 622.967 2131
-787.15 622.967 2131
-793.751 625.306 2139
-799.262 626.768 2144
-812.279 634.076 2169
-815.977 634.076 2169
-819.674 634.076 2169
-823.372 634.076 2169
-827.07 634.076 2169
-830.767 634.076 2169
-834.465 634.076 2169
-837.389 633.491 2167
-844.189 635.83 2175
-847.897 635.83 2175
-853.954 637.584 2181
-857.672 637.584 2181
-861.39 637.584 2181
-865.108 637.584 2181
-867.631 636.707 2178
-871.344 636.707 2178
-875.057 636.707 2178
-876.349 634.953 2172
-874.379 630.86 2158
-876.837 629.983 2155
-880.511 629.983 2155
-883.364 629.399 2153
-885.798 628.522 2150
-888.222 627.645 2147
-891.882 627.645 2147
-894.291 626.768 2144
-897.109 626.183 2142
-898.237 624.429 2136
-901.878 624.429 2136
-904.248 623.552 2133
-907.033 622.967 2131
-908.102 621.213 2125
-911.724 621.213 2125
-914.055 620.336 2122
-916.807 619.752 2120
-920.421 619.752 2120
-924.035 619.752 2120
-927.649 619.752 2120
-931.263 619.752 2120
-933.555 618.875 2117
-937.163 618.875 2117
-939.439 617.998 2114
-940.813 616.536 2109
-942.169 615.074 2104
-945.756 615.074 2104
-947.989 614.197 2101
-951.571 614.197 2101
-951.515 611.859 2093
-955.083 611.859 2093
-957.735 611.274 2091
-959.921 610.397 2088
-961.173 608.935 2083
-964.724 608.935 2083
-964.556 606.597 2075
-965.761 605.135 2070
-966.948 603.673 2065
-970.469 603.673 2065
-971.631 602.212 2060
-975.142 602.212 2060
-972.478 598.411 2047
-975.968 598.411 2047
-971.323 593.441 2030
-969.982 590.518 2020
-971.016 589.057 2015
-974.451 589.057 2015
-976.43 588.179 2012
-976.451 586.133 2005
-974.005 582.625 1993
-977.402 582.625 1993
-979.816 582.04 1991
-980.741 580.579 1986
-981.649 579.117 1981
-985.026 579.117 1981
-984.91 577.071 1974
-986.273 575.901 1970
-988.124 575.024 1967
-991.477 575.024 1967
-994.831 575.024 1967
-998.184 575.024 1967
-999.5 573.855 1963
-1002.85 573.855 1963
-1004.66 572.978 1960
-1005.94 571.809 1956
1.95982 143.862 495
1.11597 143.862 495
0.272124 143.862 495
-0.571726 143.862 495
-1.41558 143.862 495
-2.25943 143.862 495
-3.09701 143.571 494
-3.93118 143.28 493
-4.77162 143.28 493
-5.61206 143.28 493
-6.4525 143.28 493
-7.29294 143.28 493
-8.13338 143.28 493
-8.97382 143.28 493
-9.81426 143.28 493
-10.6547 143.28 493
-11.4951 143.28 493
-12.3356 143.28 493
-13.176 143.28 493
-14.0165 143.28 493
-14.8569 143.28 493
-18.2043 131.074 451
-18.9731 131.074 451
-19.7419 131.074 451
-20.5108 131.074 451
-21.2324 130.783 450
-21.9507 130.493 449
-22.7161 130.493 449
-23.4293 130.202 448
-24.193 130.202 448
-24.901 129.911 447
-25.6056 129.621 446
-26.3659 129.621 446
-26.9438 128.749 443
-27.6365 128.458 442
-28.39 128.458 442
-29.1435 128.458 442
-29.8293 128.168 441
-30.4424 127.586 439
-31.1198 127.296 438
-30.5569 122.064 420
-31.1984 121.774 419
-31.8365 121.483 418
-32.5491 121.483 418
-33.1821 121.193 417
-33.8117 120.902 416
-34.5209 120.902 416
-35.2301 120.902 416
-35.9392 120.902 416
-36.5603 120.611 415
-37.178 120.321 414
-37.8837 120.321 414
-38.5895 120.321 414
-39.2004 120.03 413
-39.9044 120.03 413
-40.6085 120.03 413
-41.3125 120.03 413
-42.0166 120.03 413
-42.7207 120.03 413
-43.4247 120.03 413
-43.274 117.705 405
-43.9644 117.705 405
-44.5446 117.414 404
-45.2333 117.414 404
-45.8083 117.124 403
-46.4954 117.124 403
-47.0653 116.833 402
-47.7506 116.833 402
-48.4359 116.833 402
-49.1212 116.833 402
-49.8065 116.833 402
-50.4918 116.833 402
-51.1771 116.833 402
-51.8625 116.833 402
-52.5478 116.833 402
-53.2331 116.833 402
-53.7843 116.542 401
-54.4679 116.542 401
-55.1515 116.542 401
-55.8351 116.542 401
-56.5187 116.542 401
-57.2023 116.542 401
-57.8859 116.542 401
-58.4234 116.252 400
-59.1053 116.252 400
-59.7872 116.252 400
-60.4691 116.252 400
-61.151 116.252 400
-61.8329 116.252 400
-62.5148 116.252 400
-63.1967 116.252 400
-63.8786 116.252 400
-64.5605 116.252 400
-65.2424 116.252 400
-65.9243 116.252 400
-66.6062 116.252 400
-67.2881 116.252 400
-67.97 116.252 400
-68.6519 116.252 400
-69.3338 116.252 400
-70.0157 116.252 400
-70.8744 116.542 401
-71.558 116.542 401
-72.2416 116.542 401
-73.107 116.833 402
-73.7923 116.833 402
-74.6629 117.124 403
-75.5369 117.414 404
-76.2256 117.414 404
-76.9143 117.414 404
-77.6031 117.414 404
-78.4856 117.705 405
-79.3715 117.996 406
-80.0636 117.996 406
-82.1481 120.03 413
-82.8521 120.03 413
-84.3655 121.193 417
-85.2803 121.483 418
-86.1987 121.774 419
-86.913 121.774 419
-87.6272 121.774 419
-88.5524 122.064 420
-90.1185 123.227 424
-90.8414 123.227 424
-91.7801 123.518 425
-92.7223 123.808 426
-93.4485 123.808 426
-94.8379 124.68 429
-98.0198 127.877 440
-98.7699 127.877 440
-99.52 127.877 440
-100.27 127.877 440
-101.02 127.877 440
-101.77 127.877 440
-102.52 127.877 440
-102.801 127.296 438
-103.548 127.296 438
-104.294 127.296 438
-112.03 129.33 445
-113.296 129.911 447
-114.058 129.911 447
-114.82 129.911 447
-115.582 129.911 447
-116.344 129.911 447
-117.106 129.911 447
-117.868 129.911 447
-755.656 611.485 2104
-762.13 613.81 2112
-765.73 613.81 2112
-775.159 618.46 2128
-779.884 619.332 2131
-783.517 619.332 2131
-787.15 619.332 2131
-794.865 622.529 2142
-800.38 623.982 2147
-812.279 630.376 2169
-815.977 630.376 2169
-819.674 630.376 2169
-823.372 630.376 2169
-827.07 630.376 2169
-830.767 630.376 2169
-834.465 630.376 2169
-836.23 628.922 2164
-843.024 631.248 2172
-846.727 631.248 2172
-851.604 632.119 2175
-856.492 632.991 2178
-860.205 632.991 2178
-863.918 632.991 2178
-866.436 632.119 2175
-868.943 631.248 2172
-872.646 631.248 2172
-874.331 629.794 2167
-873.163 626.307 2155
-876.837 626.307 2155
-880.511 626.307 2155
-883.364 625.726 2153
-884.562 623.982 2147
-886.981 623.11 2144
-890.636 623.11 2144
-893.457 622.529 2142
-895.852 621.657 2139
-898.237 620.785 2136
-901.878 620.785 2136
-903.4 619.332 2131
-907.033 619.332 2131
-908.102 617.588 2125
-911.724 617.588 2125
-913.193 616.135 2120
-916.807 616.135 2120
-920.421 616.135 2120
-924.035 616.135 2120
-927.649 616.135 2120
-931.263 616.135 2120
-932.232 614.391 2114
-935.835 614.391 2114
-938.55 613.81 2112
-940.813 612.938 2109
-940.826 610.613 2101
-944.407 610.613 2101
-947.989 610.613 2101
-950.212 609.741 2098
-950.606 607.706 2091
-954.171 607.706 2091
-956.361 606.835 2088
-957.622 605.382 2083
-959.789 604.51 2080
-963.335 604.51 2080
-963.162 602.185 2072
-964.361 600.731 2067
-963.202 597.825 2057
-966.709 597.825 2057
-970.216 597.825 2057
-968.989 594.919 2047
-971.053 594.047 2044
-974.538 594.047 2044
-969.888 589.106 2027
-969.982 587.072 2020
-968.607 584.166 2010
-972.033 584.166 2010
-973.033 582.712 2005
-974.016 581.259 2000
-974.005 579.225 1993
-977.402 579.225 1993
-979.816 578.644 1991
-980.741 577.19 1986
-981.649 575.737 1981
-985.026 575.737 1981
-984.91 573.703 1974
-986.273 572.54 1970
-988.124 571.668 1967
-991.477 571.668 1967
-994.831 571.668 1967
-998.184 571.668 1967
-999.5 570.506 1963
-1002.85 570.506 1963
-1004.66 569.634 1960
-1005.94 568.471 1956
1.95982 143.017 495
1.11597 143.017 495
0.272124 143.017 495
-0.571726 143.017 495
-1.41558 143.017 495
-2.25943 143.017 495
-3.09701 142.728 494
-3.93118 142.439 493
-4.77162 142.439 493
-5.61206 142.439 493
-6.4525 142.439 493
-7.29294 142.439 493
-8.13338 142.439 493
-8.97382 142.439 493
-9.81426 142.439 493
-10.6547 142.439 493
-11.4951 142.439 493
-12.3356 142.439 493
-13.176 142.439 493
-14.0165 142.439 493
-14.8569 142.439 493
-18.2043 130.305 451
-18.9731 130.305 451
-19.7419 130.305 451
-20.5108 130.305 451
-21.2796 130.305 451
-21.9507 129.727 449
-22.7161 129.727 449
-23.4293 129.438 448
-24.193 129.438 448
-24.901 129.149 447
-25.6056 128.86 446
-26.3659 128.86 446
-27.0046 128.282 444
-27.699 127.993 443
-28.39 127.704 442
-29.1435 127.704 442
-29.8293 127.415 441
-30.4424 126.837 439
-31.1908 126.837 439
-31.9392 126.837 439
-31.1239 120.77 418
-31.7603 120.481 417
-32.4712 120.481 417
-33.1821 120.481 417
-33.8117 120.192 416
-34.5209 120.192 416
-35.2301 120.192 416
-35.8528 119.903 415
-36.5603 119.903 415
-37.178 119.614 414
-37.8837 119.614 414
-38.5895 119.614 414
-39.2004 119.325 413
-39.9044 119.325 413
-40.6085 119.325 413
-41.3125 119.325 413
-42.0166 119.325 413
-42.7207 119.325 413
-43.4247 119.325 413
-43.7014 118.17 409
-44.073 117.303 406
-44.6548 117.014 405
-45.2333 116.725 404
-45.922 116.725 404
-46.6107 116.725 404
-47.1824 116.436 403
-47.8694 116.436 403
-48.4359 116.147 402
-49.1212 116.147 402
-49.8065 116.147 402
-50.4918 116.147 402
-51.1771 116.147 402
-51.8625 116.147 402
-52.5478 116.147 402
-53.2331 116.147 402
-53.9184 116.147 402
-54.6037 116.147 402
-55.1515 115.858 401
-55.8351 115.858 401
-56.5187 115.858 401
-57.2023 115.858 401
-57.8859 115.858 401
-58.5695 115.858 401
-59.2531 115.858 401
-59.9367 115.858 401
-60.4691 115.569 400
-61.151 115.569 400
-61.8329 115.569 400
-62.5148 115.569 400
-63.1967 115.569 400
-63.8786 115.569 400
-64.5605 115.569 400
-65.2424 115.569 400
-65.9243 115.569 400
-66.6062 115.569 400
-67.2881 115.569 400
-67.97 115.569 400
-68.6519 115.569 400
-69.3338 115.569 400
-70.0157 115.569 400
-70.8744 115.858 401
-71.558 115.858 401
-72.2416 115.858 401
-73.107 116.147 402
-73.7923 116.147 402
-74.6629 116.436 403
-75.5369 116.725 404
-76.4143 117.014 405
-77.1047 117.014 405
-77.7951 117.014 405
-78.6794 117.303 406
-79.3715 117.303 406
-81.444 119.325 413
-83.1426 120.77 418
-83.8552 120.77 418
-84.7701 121.059 419
-85.6884 121.348 420
-86.4044 121.348 420
-87.1204 121.348 420
-88.0455 121.637 421
-89.3957 122.504 424
-90.1185 122.504 424
-91.0556 122.792 425
-91.9961 123.081 426
-92.7223 123.081 426
-96.739 127.415 441
-97.4907 127.415 441
-98.2425 127.415 441
-98.9943 127.415 441
-99.7461 127.415 441
-100.498 127.415 441
-101.25 127.415 441
-102.002 127.415 441
-102.753 127.415 441
-103.505 127.415 441
-104.257 127.415 441
-105.009 127.415 441
-106.72 128.571 445
-107.72 128.86 446
-108.48 128.86 446
-109.241 128.86 446
-110.001 128.86 446
-110.761 128.86 446
-111.521 128.86 446
-112.534 129.149 447
-113.296 129.149 447
-114.058 129.149 447
-114.82 129.149 447
-115.84 129.438 448
-116.604 129.438 448
-117.368 129.438 448
-117.868 129.149 447
-755.656 607.895 2104
-762.851 610.784 2114
-766.455 610.784 2114
-775.159 614.829 2128
-779.884 615.696 2131
-783.517 615.696 2131
-787.15 615.696 2131
-794.865 618.874 2142
-800.38 620.319 2147
-812.279 626.675 2169
-815.977 626.675 2169
-819.674 626.675 2169
-823.372 626.675 2169
-827.07 626.675 2169
-830.767 626.675 2169
-834.465 626.675 2169
-836.23 625.23 2164
-843.024 627.542 2172
-846.727 627.542 2172
-851.604 628.409 2175
-856.492 629.275 2178
-860.205 629.275 2178
-863.918 629.275 2178
-866.436 628.409 2175
-868.943 627.542 2172
-872.646 627.542 2172
-871.911 624.364 2161
-873.163 622.63 2155
-876.023 622.052 2153
-879.694 622.052 2153
-883.364 622.052 2153
-884.562 620.319 2147
-886.981 619.452 2144
-890.636 619.452 2144
-893.457 618.874 2142
-895.852 618.007 2139
-896.975 616.274 2133
-900.612 616.274 2133
-904.248 616.274 2133
-907.033 615.696 2131
-908.102 613.962 2125
-911.724 613.962 2125
-914.055 613.096 2122
-915.51 611.651 2117
-919.119 611.651 2117
-922.728 611.651 2117
-926.337 611.651 2117
-929.946 611.651 2117
-932.232 610.784 2114
-935.835 610.784 2114
-937.217 609.34 2109
-937.244 607.028 2101
-939.482 606.161 2098
-943.059 606.161 2098
-946.635 606.161 2098
-947.041 604.139 2091
-947.878 602.406 2085
-951.433 602.406 2085
-954.071 601.828 2083
-956.243 600.961 2080
-956.097 598.649 2072
-959.629 598.649 2072
-960.838 597.205 2067
-958.763 593.738 2055
-956.179 589.982 2042
-959.66 589.982 2042
-963.141 589.982 2042
-966.622 589.982 2042
-966.302 587.67 2034
-969.77 587.67 2034
-966.538 583.625 2020
-965.18 580.736 2010
-966.197 579.292 2005
-969.615 579.292 2005
-972.063 578.714 2003
-970.607 575.825 1993
-970.584 573.802 1986
-973.969 573.802 1986
-977.355 573.802 1986
-978.272 572.357 1981
-979.666 571.202 1977
-983.037 571.202 1977
-981.418 568.313 1967
-982.768 567.157 1963
-983.603 565.712 1958
-987.949 566.29 1960
-991.29 566.29 1960
-994.632 566.29 1960
-997.973 566.29 1960
-1001.31 566.29 1960
-1002.61 565.134 1956
-1004.4 564.268 1953
1.95982 142.173 495
1.11597 142.173 495
0.272124 142.173 495
-0.571726 142.173 495
-1.41558 142.173 495
-2.25943 142.173 495
-3.09701 141.885 494
-3.93118 141.598 493
-4.77162 141.598 493
-5.61206 141.598 493
-6.4525 141.598 493
-7.29294 141.598 493
-8.13338 141.598 493
-8.97382 141.598 493
-9.81426 141.598 493
-10.6547 141.598 493
-11.4951 141.598 493
-12.3356 141.598 493
-13.176 141.598 493
-14.0165 141.598 493
-14.8569 141.598 493
-18.2043 129.535 451
-18.9731 129.535 451
-19.7419 129.535 451
-20.5108 129.535 451
-21.2796 129.535 451
-21.9507 128.961 449
-22.7161 128.961 449
-23.4293 128.673 448
-24.193 128.673 448
-24.901 128.386 447
-25.6056 128.099 446
-26.3659 128.099 446
-27.0046 127.525 444
-27.699 127.237 443
-28.39 126.95 442
-29.1435 126.95 442
-29.8293 126.663 441
-30.5118 126.376 440
-31.1908 126.088 439
-31.9392 126.088 439
-31.1239 120.057 418
-31.7603 119.77 417
-32.4712 119.77 417
-33.1821 119.77 417
-33.8117 119.482 416
-34.5209 119.482 416
-35.2301 119.482 416
-35.8528 119.195 415
-36.5603 119.195 415
-37.178 118.908 414
-37.8837 118.908 414
-38.5895 118.908 414
-39.2004 118.621 413
-39.9044 118.621 413
-40.6085 118.621 413
-41.3125 118.621 413
-42.0166 118.621 413
-42.7207 118.621 413
-43.4247 118.621 413
-44.0219 118.334 412
-44.3986 117.472 409
-44.8754 116.897 407
-45.3453 116.323 405
-46.0357 116.323 405
-46.6107 116.036 404
-47.2995 116.036 404
-47.8694 115.749 403
-48.5564 115.749 403
-49.2434 115.749 403
-49.9304 115.749 403
-50.6174 115.749 403
-51.3045 115.749 403
-51.9915 115.749 403
-52.6785 115.749 403
-53.2331 115.461 402
-53.9184 115.461 402
-54.6037 115.461 402
-55.289 115.461 402
-55.9743 115.461 402
-56.5187 115.174 401
-57.2023 115.174 401
-57.8859 115.174 401
-58.5695 115.174 401
-59.2531 115.174 401
-59.9367 115.174 401
-60.6203 115.174 401
-61.3039 115.174 401
-61.9875 115.174 401
-62.6711 115.174 401
-63.3547 115.174 401
-64.0383 115.174 401
-64.7219 115.174 401
-65.4055 115.174 401
-66.0891 115.174 401
-66.7727 115.174 401
-67.4563 115.174 401
-68.1399 115.174 401
-68.8235 115.174 401
-69.5071 115.174 401
-70.1908 115.174 401
-70.8744 115.174 401
-71.7364 115.461 402
-72.4217 115.461 402
-73.2889 115.749 403
-73.9759 115.749 403
-74.8482 116.036 404
-75.7239 116.323 405
-76.4143 116.323 405
-77.1047 116.323 405
-77.7951 116.323 405
-78.6794 116.61 406
-79.3715 116.61 406
-81.444 118.621 413
-83.1426 120.057 418
-83.8552 120.057 418
-84.7701 120.344 419
-85.6884 120.631 420
-86.4044 120.631 420
-87.1204 120.631 420
-88.0455 120.919 421
-89.3957 121.78 424
-90.1185 121.78 424
-91.0556 122.067 425
-91.9961 122.355 426
-92.7223 122.355 426
-96.739 126.663 441
-97.4907 126.663 441
-98.2425 126.663 441
-98.9943 126.663 441
-99.7461 126.663 441
-100.498 126.663 441
-101.25 126.663 441
-102.002 126.663 441
-102.753 126.663 441
-103.74 126.95 442
-104.493 126.95 442
-105.485 127.237 443
-106.96 128.099 446
-107.72 128.099 446
-108.48 128.099 446
-109.241 128.099 446
-110.001 128.099 446
-111.01 128.386 447
-111.772 128.386 447
-112.534 128.386 447
-113.296 128.386 447
-114.313 128.673 448
-115.076 128.673 448
-115.84 128.673 448
-116.604 128.673 448
-117.368 128.673 448
-117.868 128.386 447
-762.851 607.178 2114
-766.455 607.178 2114
-775.159 611.199 2128
-779.884 612.06 2131
-783.517 612.06 2131
-787.15 612.06 2131
-794.865 615.22 2142
-800.38 616.656 2147
-809.283 620.677 2161
-812.967 620.677 2161
-819.674 622.975 2169
-823.372 622.975 2169
-827.07 622.975 2169
-830.767 622.975 2169
-833.695 622.4 2167
-836.23 621.538 2164
-843.024 623.836 2172
-846.727 623.836 2172
-850.43 623.836 2172
-855.312 624.698 2175
-859.02 624.698 2175
-862.728 624.698 2175
-865.241 623.836 2172
-866.943 622.4 2167
-870.637 622.4 2167
-871.911 620.677 2161
-873.163 618.953 2155
-876.023 618.379 2153
-879.694 618.379 2153
-883.364 618.379 2153
-884.562 616.656 2147
-886.981 615.794 2144
-890.636 615.794 2144
-893.457 615.22 2142
-895.852 614.358 2139
-896.975 612.635 2133
-900.612 612.635 2133
-904.248 612.635 2133
-907.884 612.635 2133
-909.384 611.199 2128
-913.011 611.199 2128
-914.055 609.475 2122
-915.51 608.039 2117
-919.119 608.039 2117
-922.728 608.039 2117
-926.337 608.039 2117
-929.946 608.039 2117
-932.232 607.178 2114
-935.835 607.178 2114
-937.217 605.742 2109
-935.906 602.582 2098
-938.586 602.008 2096
-942.16 602.008 2096
-943.477 600.572 2091
-944.324 598.848 2085
-944.696 596.838 2078
-948.238 596.838 2078
-950.407 595.976 2075
-952.565 595.114 2072
-953.79 593.678 2067
-957.314 593.678 2067
-955.259 590.232 2055
-952.697 586.498 2042
-956.179 586.498 2042
-959.66 586.498 2042
-959.367 584.2 2034
-962.835 584.2 2034
-962.977 582.19 2027
-966.432 582.19 2027
-961.754 577.307 2010
-962.779 575.871 2005
-965.233 575.296 2003
-968.648 575.296 2003
-968.665 573.286 1996
-969.633 571.85 1991
-970.584 570.414 1986
-973.969 570.414 1986
-974.894 568.978 1981
-977.284 568.403 1979
-976.198 565.818 1970
-979.556 565.818 1970
-980.42 564.382 1965
-981.266 562.946 1960
-982.598 561.797 1956
-985.933 561.797 1956
-989.267 561.797 1956
-992.602 561.797 1956
-995.936 561.797 1956
-999.271 561.797 1956
-1001.07 560.936 1953
-1002.34 559.787 1949
0.271574 141.043 494
-0.570571 141.043 494
-1.41272 141.043 494
-2.25486 141.043 494
-3.09074 140.757 493
-3.93118 140.757 493
-4.77162 140.757 493
-5.60068 140.472 492
-6.4525 140.757 493
-7.29294 140.757 493
-8.13338 140.757 493
-8.97382 140.757 493
-9.81426 140.757 493
-10.6547 140.757 493
-11.4951 140.757 493
-12.3356 140.757 493
-13.176 140.757 493
-14.0165 140.757 493
-14.8569 140.757 493
-18.9731 128.766 451
-19.7419 128.766 451
-20.5108 128.766 451
-21.2796 128.766 451
-21.9507 128.195 449
-22.7161 128.195 449
-23.4815 128.195 449
-24.193 127.909 448
-24.9567 127.909 448
-25.7204 127.909 448
-26.425 127.624 447
-27.0654 127.053 445
-27.699 126.481 443
-28.39 126.196 442
-29.1435 126.196 442
-29.8293 125.91 441
-30.5118 125.625 440
-31.1908 125.339 439
-31.9392 125.339 439
-31.0495 119.058 417
-31.7603 119.058 417
-32.4712 119.058 417
-33.1025 118.773 416
-33.7304 118.487 415
-34.4379 118.487 415
-35.1454 118.487 415
-35.8528 118.487 415
-36.4722 118.202 414
-37.178 118.202 414
-37.8837 118.202 414
-38.5895 118.202 414
-39.2004 117.916 413
-39.9044 117.916 413
-40.6085 117.916 413
-41.3125 117.916 413
-42.0166 117.916 413
-42.7207 117.916 413
-43.4247 117.916 413
-44.0219 117.631 412
-44.6157 117.345 411
-45.0959 116.774 409
-45.5692 116.203 407
-46.263 116.203 407
-46.7261 115.632 405
-47.4165 115.632 405
-48.107 115.632 405
-48.7974 115.632 405
-49.4878 115.632 405
-50.0543 115.347 404
-50.743 115.347 404
-51.4318 115.347 404
-52.1205 115.347 404
-52.8092 115.347 404
-53.3655 115.061 403
-54.0525 115.061 403
-54.7395 115.061 403
-55.4265 115.061 403
-55.9743 114.776 402
-56.6596 114.776 402
-57.3449 114.776 402
-58.0302 114.776 402
-58.7155 114.776 402
-59.4008 114.776 402
-60.0862 114.776 402
-60.7715 114.776 402
-61.4568 114.776 402
-62.2967 115.061 403
-62.9837 115.061 403
-63.6707 115.061 403
-64.3577 115.061 403
-65.0447 115.061 403
-65.5686 114.776 402
-66.2539 114.776 402
-66.9392 114.776 402
-67.6245 114.776 402
-68.3099 114.776 402
-68.9952 114.776 402
-69.6805 114.776 402
-70.3658 114.776 402
-71.0511 114.776 402
-71.9148 115.061 403
-72.782 115.347 404
-73.4707 115.347 404
-74.1595 115.347 404
-75.0334 115.632 405
-75.7239 115.632 405
-76.4143 115.632 405
-77.1047 115.632 405
-77.7951 115.632 405
-78.6794 115.918 406
-79.3715 115.918 406
-82.6272 119.629 419
-83.3415 119.629 419
-84.0558 119.629 419
-84.9724 119.915 420
-85.8924 120.2 421
-86.6101 120.2 421
-87.3278 120.2 421
-88.0455 120.2 421
-89.6066 121.342 425
-90.3311 121.342 425
-91.9126 122.484 429
-95.2354 125.91 441
-95.9872 125.91 441
-96.739 125.91 441
-97.4907 125.91 441
-98.2425 125.91 441
-98.9943 125.91 441
-99.7461 125.91 441
-100.498 125.91 441
-101.25 125.91 441
-102.002 125.91 441
-102.753 125.91 441
-103.74 126.196 442
-104.493 126.196 442
-105.485 126.481 443
-106.96 127.338 446
-107.72 127.338 446
-108.48 127.338 446
-109.241 127.338 446
-110.001 127.338 446
-111.01 127.624 447
-111.772 127.624 447
-112.534 127.624 447
-113.296 127.624 447
-114.313 127.909 448
-115.076 127.909 448
-115.84 127.909 448
-116.604 127.909 448
-117.368 127.909 448
-763.934 604.427 2117
-767.543 604.427 2117
-775.159 607.568 2128
-778.786 607.568 2128
-782.414 607.568 2128
-786.042 607.568 2128
-793.751 610.709 2139
-800.38 612.993 2147
-806.287 614.706 2153
-809.958 614.706 2153
-816.651 616.99 2161
-820.335 616.99 2161
-824.019 616.99 2161
-827.703 616.99 2161
-831.387 616.99 2161
-835.071 616.99 2161
-838.755 616.99 2161
-842.439 616.99 2161
-848.472 618.703 2167
-852.166 618.703 2167
-855.86 618.703 2167
-859.555 618.703 2167
-862.054 617.846 2164
-864.543 616.99 2161
-868.227 616.99 2161
-869.49 615.277 2155
-872.353 614.706 2153
-876.023 614.706 2153
-879.694 614.706 2153
-883.364 614.706 2153
-884.562 612.993 2147
-886.981 612.136 2144
-890.636 612.136 2144
-893.457 611.565 2142
-895.852 610.709 2139
-896.975 608.996 2133
-900.612 608.996 2133
-904.248 608.996 2133
-907.884 608.996 2133
-909.384 607.568 2128
-913.011 607.568 2128
-914.055 605.855 2122
-915.51 604.427 2117
-919.119 604.427 2117
-922.728 604.427 2117
-925.024 603.571 2114
-928.628 603.571 2114
-932.232 603.571 2114
-935.835 603.571 2114
-937.217 602.143 2109
-935.906 599.003 2098
-938.586 598.432 2096
-942.16 598.432 2096
-943.477 597.004 2091
-944.324 595.291 2085
-944.696 593.292 2078
-948.238 593.292 2078
-950.407 592.436 2075
-952.565 591.579 2072
-953.79 590.152 2067
-957.314 590.152 2067
-955.259 586.726 2055
-952.697 583.014 2042
-956.179 583.014 2042
-959.66 583.014 2042
-959.367 580.73 2034
-962.835 580.73 2034
-964.402 579.588 2030
-967.863 579.588 2030
-961.754 573.878 2010
-962.779 572.45 2005
-966.197 572.45 2005
-969.615 572.45 2005
-968.665 569.881 1996
-969.633 568.453 1991
-970.584 567.025 1986
-973.969 567.025 1986
-973.91 565.027 1979
-976.296 564.456 1977
-976.198 562.457 1970
-979.556 562.457 1970
-981.418 561.601 1967
-981.266 559.602 1960
-982.598 558.46 1956
-985.933 558.46 1956
-989.267 558.46 1956
-992.602 558.46 1956
-995.936 558.46 1956
-999.271 558.46 1956
-1001.07 557.604 1953
-1002.34 556.462 1949
0.271574 140.2 494
-0.570571 140.2 494
-1.41272 140.2 494
-2.25486 140.2 494
-3.09074 139.916 493
-3.93118 139.916 493
-4.77162 139.916 493
-5.60068 139.632 492
-6.4525 139.916 493
-7.29294 139.916 493
-8.13338 139.916 493
-8.97382 139.916 493
-9.81426 139.916 493
-10.6331 139.632 492
-11.4718 139.632 492
-12.3106 139.632 492
-13.1493 139.632 492
-13.9596 139.348 491
-14.7966 139.348 491
-21.1853 127.429 449
-21.9507 127.429 449
-22.7161 127.429 449
-23.4815 127.429 449
-24.247 127.429 449
-24.9567 127.145 448
-25.7204 127.145 448
-26.425 126.861 447
-27.0654 126.293 445
-27.7615 126.01 444
-28.4542 125.726 443
-29.2094 125.726 443
-29.8293 125.158 441
-30.5811 125.158 441
-31.2619 124.874 440
-32.0119 124.874 440
-30.975 118.063 416
-31.6842 118.063 416
-32.3934 118.063 416
-33.023 117.779 415
-33.7304 117.779 415
-34.3549 117.495 414
-35.0607 117.495 414
-35.7664 117.495 414
-36.4722 117.495 414
-37.178 117.495 414
-37.8837 117.495 414
-38.5895 117.495 414
-39.2004 117.212 413
-39.9044 117.212 413
-40.6085 117.212 413
-41.3125 117.212 413
-42.0166 117.212 413
-42.7207 117.212 413
-43.4247 117.212 413
-44.0219 116.928 412
-44.6157 116.644 411
-45.0959 116.076 409
-45.5692 115.509 407
-46.263 115.509 407
-46.7261 114.941 405
-47.4165 114.941 405
-48.107 114.941 405
-48.7974 114.941 405
-49.4878 114.941 405
-50.0543 114.657 404
-50.743 114.657 404
-51.4318 114.657 404
-52.1205 114.657 404
-52.8092 114.657 404
-53.3655 114.373 403
-54.0525 114.373 403
-54.7395 114.373 403
-55.4265 114.373 403
-55.9743 114.09 402
-56.6596 114.09 402
-57.3449 114.09 402
-58.0302 114.09 402
-58.7155 114.09 402
-59.4008 114.09 402
-60.0862 114.09 402
-60.9226 114.373 403
-61.6096 114.373 403
-62.2967 114.373 403
-62.9837 114.373 403
-63.6707 114.373 403
-64.3577 114.373 403
-65.0447 114.373 403
-65.7317 114.373 403
-66.4187 114.373 403
-66.9392 114.09 402
-67.6245 114.09 402
-68.3099 114.09 402
-68.9952 114.09 402
-69.8538 114.373 403
-70.5408 114.373 403
-71.2278 114.373 403
-72.0933 114.657 404
-72.9622 114.941 405
-73.6526 114.941 405
-74.343 114.941 405
-75.0334 114.941 405
-75.7239 114.941 405
-76.4143 114.941 405
-77.1047 114.941 405
-77.9872 115.225 406
-78.8731 115.509 407
-79.567 115.509 407
-82.8244 119.198 420
-83.5404 119.198 420
-84.2564 119.198 420
-84.9724 119.198 420
-85.8924 119.482 421
-86.6101 119.482 421
-87.3278 119.482 421
-89.0912 120.901 426
-90.4499 121.752 429
-91.1813 121.752 429
-94.6978 125.442 442
-95.4513 125.442 442
-96.2048 125.442 442
-96.9583 125.442 442
-97.7118 125.442 442
-98.4653 125.442 442
-98.9943 125.158 441
-99.7461 125.158 441
-100.498 125.158 441
-101.25 125.158 441
-102.233 125.442 442
-102.986 125.442 442
-103.975 125.726 443
-104.73 125.726 443
-105.723 126.01 444
-106.96 126.577 446
-107.961 126.861 447
-108.723 126.861 447
-109.485 126.861 447
-110.247 126.861 447
-111.01 126.861 447
-111.772 126.861 447
-112.534 126.861 447
-113.549 127.145 448
-114.313 127.145 448
-115.076 127.145 448
-115.84 127.145 448
-763.934 600.816 2117
-767.543 600.816 2117
-774.066 603.086 2125
-778.786 603.937 2128
-782.414 603.937 2128
-786.042 603.937 2128
-792.638 606.208 2136
-800.38 609.33 2147
-806.287 611.033 2153
-809.958 611.033 2153
-815.517 612.452 2158
-819.196 612.452 2158
-822.875 612.452 2158
-826.554 612.452 2158
-830.233 612.452 2158
-832.752 611.6 2155
-838.755 613.303 2161
-842.439 613.303 2161
-846.123 613.303 2161
-849.807 613.303 2161
-853.491 613.303 2161
-857.175 613.303 2161
-859.664 612.452 2158
-862.142 611.6 2155
-865.816 611.6 2155
-868.683 611.033 2153
-871.137 610.181 2150
-874.803 610.181 2150
-878.468 610.181 2150
-882.133 610.181 2150
-884.562 609.33 2147
-888.222 609.33 2147
-891.882 609.33 2147
-893.457 607.911 2142
-897.109 607.911 2142
-896.975 605.357 2133
-900.612 605.357 2133
-904.248 605.357 2133
-907.884 605.357 2133
-909.384 603.937 2128
-913.011 603.937 2128
-914.055 602.235 2122
-915.51 600.816 2117
-919.119 600.816 2117
-922.728 600.816 2117
-925.024 599.964 2114
-928.628 599.964 2114
-931.35 599.397 2112
-934.95 599.397 2112
-932.329 595.423 2098
-935.013 594.856 2096
-936.348 593.437 2091
-939.912 593.437 2091
-940.77 591.734 2085
-941.154 589.747 2078
-943.332 588.896 2075
-946.87 588.896 2075
-946.743 586.625 2067
-949.347 586.058 2065
-950.56 584.639 2060
-954.072 584.639 2060
-955.259 583.22 2055
-952.697 579.53 2042
-952.432 577.26 2034
-955.9 577.26 2034
-959.367 577.26 2034
-961.888 576.692 2032
-964.402 576.125 2030
-967.863 576.125 2030
-959.361 569.029 2005
-962.779 569.029 2005
-966.197 569.029 2005
-969.615 569.029 2005
-968.665 566.475 1996
-969.633 565.056 1991
-970.584 563.637 1986
-973.969 563.637 1986
-973.91 561.651 1979
-976.296 561.083 1977
-976.198 559.096 1970
-979.556 559.096 1970
-981.418 558.245 1967
-981.266 556.258 1960
-982.598 555.123 1956
-985.933 555.123 1956
-989.267 555.123 1956
-992.602 555.123 1956
-995.936 555.123 1956
-999.271 555.123 1956
-1001.07 554.272 1953
-1002.34 553.136 1949
0.271574 139.357 494
-0.570571 139.357 494
-1.41272 139.357 494
-2.2503 139.075 493
-3.08447 138.793 492
-3.9232 138.793 492
-4.76194 138.793 492
-5.60068 138.793 492
-6.43941 138.793 492
-7.27815 138.793 492
-8.13338 139.075 493
-8.97382 139.075 493
-9.81426 139.075 493
-10.6331 138.793 492
-11.4718 138.793 492
-12.3106 138.793 492
-13.1493 138.793 492
-13.988 138.793 492
-14.8268 138.793 492
-21.4212 128.073 454
-22.1951 128.073 454
-22.9691 128.073 454
-23.5861 127.227 451
-24.301 126.945 450
-24.9567 126.38 448
-25.7204 126.38 448
-26.425 126.098 447
-27.1262 125.816 446
-27.824 125.534 445
-28.4542 124.97 443
-29.2094 124.97 443
-29.897 124.688 442
-30.5811 124.406 441
-31.3329 124.406 441
-32.0847 124.406 441
-30.9006 117.071 415
-31.608 117.071 415
-32.3155 117.071 415
-33.023 117.071 415
-33.6492 116.789 414
-34.3549 116.789 414
-35.0607 116.789 414
-35.7664 116.789 414
-36.4722 116.789 414
-37.178 116.789 414
-37.8837 116.789 414
-38.5895 116.789 414
-39.2953 116.789 414
-40.001 116.789 414
-40.7068 116.789 414
-41.4126 116.789 414
-42.1183 116.789 414
-42.7207 116.507 413
-43.4247 116.507 413
-44.1288 116.507 413
-44.7243 116.225 412
-45.3164 115.943 411
-46.017 115.943 411
-46.3767 115.096 408
-46.9569 114.814 407
-47.4165 114.25 405
-48.107 114.25 405
-48.7974 114.25 405
-49.4878 114.25 405
-50.1782 114.25 405
-50.8686 114.25 405
-51.5591 114.25 405
-52.2495 114.25 405
-52.9399 114.25 405
-53.4979 113.968 404
-54.1866 113.968 404
-54.8754 113.968 404
-55.5641 113.968 404
-56.1135 113.686 403
-56.8006 113.686 403
-57.4876 113.686 403
-58.0302 113.404 402
-58.7155 113.404 402
-59.4008 113.404 402
-60.0862 113.404 402
-60.9226 113.686 403
-61.6096 113.686 403
-62.2967 113.686 403
-62.9837 113.686 403
-63.6707 113.686 403
-64.3577 113.686 403
-65.0447 113.686 403
-65.7317 113.686 403
-66.4187 113.686 403
-66.9392 113.404 402
-67.6245 113.404 402
-68.3099 113.404 402
-68.9952 113.404 402
-69.8538 113.686 403
-70.5408 113.686 403
-71.2278 113.686 403
-72.0933 113.968 404
-72.9622 114.25 405
-73.6526 114.25 405
-74.343 114.25 405
-75.0334 114.25 405
-75.7239 114.25 405
-76.4143 114.25 405
-77.1047 114.25 405
-77.9872 114.532 406
-78.8731 114.814 407
-79.567 114.814 407
-82.8244 118.482 420
-83.5404 118.482 420
-84.2564 118.482 420
-85.1747 118.764 421
-86.0964 119.046 422
-86.8158 119.046 422
-87.9501 119.61 424
-89.0912 120.174 426
-92.98 124.406 441
-93.9443 124.688 442
-94.6978 124.688 442
-95.4513 124.688 442
-96.2048 124.688 442
-96.9583 124.688 442
-97.7118 124.688 442
-98.4653 124.688 442
-99.2188 124.688 442
-99.9723 124.688 442
-100.726 124.688 442
-101.479 124.688 442
-102.464 124.97 443
-103.219 124.97 443
-104.209 125.252 444
-104.966 125.252 444
-106.199 125.816 446
-107.199 126.098 447
-108.203 126.38 448
-108.967 126.38 448
-109.73 126.38 448
-110.494 126.38 448
-111.258 126.38 448
-112.022 126.38 448
-112.785 126.38 448
-113.549 126.38 448
-114.313 126.38 448
-115.076 126.38 448
-766.821 599.461 2125
-770.443 599.461 2125
-774.066 599.461 2125
-778.786 600.307 2128
-784.252 601.717 2133
-787.889 601.717 2133
-792.638 602.564 2136
-800.38 605.667 2147
-806.287 607.359 2153
-809.958 607.359 2153
-815.517 608.77 2158
-819.196 608.77 2158
-822.875 608.77 2158
-826.554 608.77 2158
-830.233 608.77 2158
-832.752 607.924 2155
-838.755 609.616 2161
-842.439 609.616 2161
-846.123 609.616 2161
-849.807 609.616 2161
-853.491 609.616 2161
-857.175 609.616 2161
-859.664 608.77 2158
-862.142 607.924 2155
-865.816 607.924 2155
-867.472 606.513 2150
-871.137 606.513 2150
-874.803 606.513 2150
-878.468 606.513 2150
-882.133 606.513 2150
-885.798 606.513 2150
-888.222 605.667 2147
-891.882 605.667 2147
-894.291 604.82 2144
-897.109 604.256 2142
-896.975 601.717 2133
-900.612 601.717 2133
-904.248 601.717 2133
-907.884 601.717 2133
-909.384 600.307 2128
-913.011 600.307 2128
-914.055 598.614 2122
-915.51 597.204 2117
-919.119 597.204 2117
-922.728 597.204 2117
-925.024 596.357 2114
-927.749 595.793 2112
-931.35 595.793 2112
-934.95 595.793 2112
-931.44 591.28 2096
-933.675 590.433 2093
-933.661 588.177 2085
-937.215 588.177 2085
-939.867 587.612 2083
-941.154 586.202 2078
-943.332 585.356 2075
-946.87 585.356 2075
-946.743 583.099 2067
-950.266 583.099 2067
-951.483 581.688 2062
-954.998 581.688 2062
-955.259 579.714 2055
-953.631 576.611 2044
-954.774 575.2 2039
-958.25 575.2 2039
-959.367 573.79 2034
-962.835 573.79 2034
-964.402 572.661 2030
-967.863 572.661 2030
-961.754 567.019 2010
-962.779 565.609 2005
-966.197 565.609 2005
-969.615 565.609 2005
-968.665 563.07 1996
-969.633 561.659 1991
-970.584 560.249 1986
-973.969 560.249 1986
-973.91 558.274 1979
-976.296 557.71 1977
-976.198 555.735 1970
-979.556 555.735 1970
-981.418 554.889 1967
-981.266 552.914 1960
-982.598 551.786 1956
-985.933 551.786 1956
-989.267 551.786 1956
-992.602 551.786 1956
-995.936 551.786 1956
-999.271 551.786 1956
-1001.07 550.94 1953
-1002.34 549.811 1949
1.95587 138.514 494
1.11372 138.514 494
0.271574 138.514 494
-0.569416 138.234 493
-1.40986 138.234 493
-2.2503 138.234 493
-3.08447 137.953 492
-3.9232 137.953 492
-4.76194 137.953 492
-5.60068 137.953 492
-6.43941 137.953 492
-7.27815 137.953 492
-8.11688 137.953 492
-8.95562 137.953 492
-9.79436 137.953 492
-10.6331 137.953 492
-11.4718 137.953 492
-12.3106 137.953 492
-13.1493 137.953 492
-13.988 137.953 492
-14.8268 137.953 492
-21.4212 127.298 454
-22.1951 127.298 454
-22.9691 127.298 454
-23.5861 126.457 451
-24.301 126.177 450
-24.9567 125.616 448
-25.7204 125.616 448
-26.425 125.336 447
-27.1262 125.055 446
-27.824 124.775 445
-28.5184 124.494 444
-29.2753 124.494 444
-29.897 123.934 442
-30.5811 123.653 441
-31.3329 123.653 441
-32.0847 123.653 441
-32.8365 123.653 441
-31.608 116.363 415
-32.3155 116.363 415
-33.023 116.363 415
-33.6492 116.083 414
-34.3549 116.083 414
-35.0607 116.083 414
-35.7664 116.083 414
-36.4722 116.083 414
-37.178 116.083 414
-37.8837 116.083 414
-38.5895 116.083 414
-39.2953 116.083 414
-40.001 116.083 414
-40.7068 116.083 414
-41.4126 116.083 414
-42.1183 116.083 414
-42.7207 115.802 413
-43.4247 115.802 413
-44.1288 115.802 413
-44.8328 115.802 413
-45.4267 115.522 412
-46.129 115.522 412
-46.604 114.961 410
-47.0722 114.4 408
-47.7678 114.4 408
-48.4633 114.4 408
-49.1588 114.4 408
-49.7322 114.12 407
-50.3021 113.84 406
-50.9942 113.84 406
-51.6864 113.84 406
-52.3785 113.84 406
-52.9399 113.559 405
-53.6303 113.559 405
-54.3208 113.559 405
-55.0112 113.559 405
-55.5641 113.279 404
-56.2528 113.279 404
-56.9415 113.279 404
-57.6302 113.279 404
-58.1746 112.998 403
-58.8616 112.998 403
-59.5486 112.998 403
-60.2356 112.998 403
-61.0738 113.279 404
-61.7625 113.279 404
-62.4512 113.279 404
-63.14 113.279 404
-63.8287 113.279 404
-64.5174 113.279 404
-65.2061 113.279 404
-65.7317 112.998 403
-66.4187 112.998 403
-67.1058 112.998 403
-67.7928 112.998 403
-68.4798 112.998 403
-69.1668 112.998 403
-69.8538 112.998 403
-70.7159 113.279 404
-71.4046 113.279 404
-72.2718 113.559 405
-72.9622 113.559 405
-73.6526 113.559 405
-74.343 113.559 405
-75.0334 113.559 405
-75.9108 113.84 406
-76.603 113.84 406
-77.2951 113.84 406
-77.9872 113.84 406
-78.8731 114.12 407
-79.567 114.12 407
-82.8244 117.765 420
-83.5404 117.765 420
-84.2564 117.765 420
-85.1747 118.045 421
-86.0964 118.326 422
-86.8158 118.326 422
-87.9501 118.887 424
-89.0912 119.447 426
-92.98 123.653 441
-93.9443 123.934 442
-94.6978 123.934 442
-95.4513 123.934 442
-96.2048 123.934 442
-96.9583 123.934 442
-97.7118 123.934 442
-98.4653 123.934 442
-99.2188 123.934 442
-99.9723 123.934 442
-100.726 123.934 442
-101.479 123.934 442
-102.464 124.214 443
-103.452 124.494 444
-104.209 124.494 444
-104.966 124.494 444
-106.437 125.336 447
-107.439 125.616 448
-108.203 125.616 448
-108.967 125.616 448
-109.73 125.616 448
-110.494 125.616 448
-111.258 125.616 448
-112.272 125.896 449
-113.037 125.896 449
-113.802 125.896 449
-114.313 125.616 448
-115.076 125.616 448
-766.821 595.835 2125
-770.443 595.835 2125
-774.066 595.835 2125
-777.688 595.835 2125
-784.252 598.078 2133
-787.889 598.078 2133
-792.638 598.919 2136
-800.38 602.004 2147
-804.04 602.004 2147
-807.7 602.004 2147
-813.628 603.686 2153
-817.298 603.686 2153
-820.969 603.686 2153
-824.639 603.686 2153
-828.309 603.686 2153
-830.82 602.845 2150
-836.426 604.247 2155
-840.1 604.247 2155
-844.948 605.088 2158
-848.627 605.088 2158
-852.306 605.088 2158
-855.985 605.088 2158
-858.468 604.247 2155
-861.342 603.686 2153
-865.012 603.686 2153
-867.472 602.845 2150
-871.137 602.845 2150
-874.803 602.845 2150
-878.468 602.845 2150
-882.133 602.845 2150
-885.798 602.845 2150
-888.222 602.004 2147
-891.882 602.004 2147
-894.291 601.163 2144
-897.109 600.602 2142
-896.975 598.078 2133
-900.612 598.078 2133
-904.248 598.078 2133
-907.884 598.078 2133
-909.384 596.676 2128
-913.011 596.676 2128
-914.055 594.994 2122
-915.51 593.592 2117
-919.119 593.592 2117
-922.728 593.592 2117
-925.024 592.751 2114
-927.749 592.19 2112
-931.35 592.19 2112
-934.95 592.19 2112
-931.44 587.704 2096
-932.783 586.302 2091
-932.765 584.059 2083
-936.316 584.059 2083
-938.513 583.217 2080
-941.154 582.657 2078
-943.332 581.815 2075
-946.87 581.815 2075
-946.743 579.572 2067
-950.266 579.572 2067
-952.867 579.012 2065
-956.387 579.012 2065
-955.259 576.208 2055
-955.03 573.964 2047
-954.774 571.721 2039
-958.25 571.721 2039
-961.726 571.721 2039
-962.835 570.319 2034
-964.402 569.198 2030
-967.863 569.198 2030
-961.754 563.59 2010
-962.779 562.188 2005
-966.197 562.188 2005
-969.615 562.188 2005
-968.665 559.664 1996
-969.633 558.262 1991
-970.584 556.86 1986
-973.969 556.86 1986
-973.91 554.898 1979
-976.296 554.337 1977
-976.198 552.374 1970
-979.556 552.374 1970
-981.418 551.533 1967
-981.266 549.57 1960
-982.598 548.449 1956
-985.933 548.449 1956
-989.267 548.449 1956
-992.602 548.449 1956
-994.409 547.607 1953
-997.738 547.607 1953
-1000.04 547.047 1951
-1002.34 546.486 1949
1.95587 137.671 494
1.11372 137.671 494
0.271574 137.671 494
-0.569416 137.393 493
-1.40986 137.393 493
-2.2503 137.393 493
-3.08447 137.114 492
-3.9232 137.114 492
-4.76194 137.114 492
-5.58929 136.835 491
-6.43941 137.114 492
-7.27815 137.114 492
-8.11688 137.114 492
-8.95562 137.114 492
-9.79436 137.114 492
-10.6331 137.114 492
-11.4718 137.114 492
-12.3106 137.114 492
-13.1493 137.114 492
-13.988 137.114 492
-14.8268 137.114 492
-21.4212 126.524 454
-22.1951 126.524 454
-22.9691 126.524 454
-23.743 126.524 454
-24.355 125.688 451
-25.0124 125.13 449
-25.7778 125.13 449
-26.4842 124.852 448
-27.1871 124.573 447
-27.824 124.016 445
-28.5184 123.737 444
-29.2753 123.737 444
-29.897 123.18 442
-30.5811 122.901 441
-31.3329 122.901 441
-32.0847 122.901 441
-32.8365 122.901 441
-31.608 115.655 415
-32.3155 115.655 415
-33.023 115.655 415
-33.6492 115.376 414
-34.3549 115.376 414
-35.0607 115.376 414
-35.7664 115.376 414
-36.4722 115.376 414
-37.178 115.376 414
-37.8837 115.376 414
-38.5895 115.376 414
-39.2953 115.376 414
-40.001 115.376 414
-40.7068 115.376 414
-41.4126 115.376 414
-42.1183 115.376 414
-42.7207 115.098 413
-43.4247 115.098 413
-44.1288 115.098 413
-44.8328 115.098 413
-45.4267 114.819 412
-46.129 114.819 412
-46.7177 114.54 411
-47.303 114.262 410
-48.0019 114.262 410
-48.7009 114.262 410
-49.2793 113.983 409
-49.8544 113.704 408
-50.5499 113.704 408
-51.1198 113.426 407
-51.8137 113.426 407
-52.5075 113.426 407
-53.0706 113.147 406
-53.7628 113.147 406
-54.4549 113.147 406
-55.147 113.147 406
-55.7016 112.868 405
-56.392 112.868 405
-57.0824 112.868 405
-57.6302 112.59 404
-58.3189 112.59 404
-59.0077 112.59 404
-59.6964 112.59 404
-60.3851 112.59 404
-61.0738 112.59 404
-61.7625 112.59 404
-62.4512 112.59 404
-63.14 112.59 404
-63.8287 112.59 404
-64.5174 112.59 404
-65.2061 112.59 404
-65.8948 112.59 404
-66.5836 112.59 404
-67.2723 112.59 404
-67.961 112.59 404
-68.6497 112.59 404
-69.3384 112.59 404
-70.0271 112.59 404
-70.7159 112.59 404
-71.4046 112.59 404
-72.2718 112.868 405
-72.9622 112.868 405
-73.6526 112.868 405
-74.343 112.868 405
-75.2187 113.147 406
-75.9108 113.147 406
-76.603 113.147 406
-77.2951 113.147 406
-77.9872 113.147 406
-78.8731 113.426 407
-79.567 113.426 407
-83.0216 117.327 421
-83.7393 117.327 421
-84.457 117.327 421
-85.377 117.606 422
-86.5045 118.163 424
-87.2273 118.163 424
-91.6838 123.18 442
-92.4373 123.18 442
-93.4017 123.458 443
-94.1569 123.458 443
-94.9121 123.458 443
-95.6673 123.458 443
-96.4225 123.458 443
-97.1777 123.458 443
-97.9329 123.458 443
-98.6881 123.458 443
-99.4433 123.458 443
-100.198 123.458 443
-100.954 123.458 443
-101.709 123.458 443
-102.464 123.458 443
-103.452 123.737 444
-104.209 123.737 444
-104.966 123.737 444
-106.437 124.573 447
-107.439 124.852 448
-108.203 124.852 448
-108.967 124.852 448
-109.73 124.852 448
-110.494 124.852 448
-111.258 124.852 448
-112.272 125.13 449
-113.037 125.13 449
-113.802 125.13 449
-114.313 124.852 448
-766.071 594.439 2133
-770.79 595.275 2136
-774.431 595.275 2136
-778.073 595.275 2136
-783.91 596.947 2142
-787.562 596.947 2142
-791.213 596.947 2142
-794.865 596.947 2142
-800.38 598.341 2147
-805.164 599.177 2150
-808.829 599.177 2150
-813.628 600.013 2153
-817.298 600.013 2153
-820.969 600.013 2153
-824.639 600.013 2153
-827.155 599.177 2150
-830.82 599.177 2150
-835.65 600.013 2153
-839.32 600.013 2153
-844.948 601.406 2158
-848.627 601.406 2158
-852.306 601.406 2158
-855.985 601.406 2158
-858.468 600.57 2155
-861.342 600.013 2153
-865.012 600.013 2153
-867.472 599.177 2150
-871.137 599.177 2150
-874.803 599.177 2150
-878.468 599.177 2150
-882.133 599.177 2150
-885.798 599.177 2150
-888.222 598.341 2147
-891.882 598.341 2147
-894.291 597.505 2144
-897.109 596.947 2142
-896.975 594.439 2133
-900.612 594.439 2133
-904.248 594.439 2133
-907.884 594.439 2133
-908.102 592.21 2125
-911.724 592.21 2125
-914.055 591.374 2122
-914.212 589.144 2114
-917.816 589.144 2114
-921.42 589.144 2114
-924.149 588.587 2112
-927.749 588.587 2112
-930.027 587.751 2109
-933.622 587.751 2109
-931.44 584.128 2096
-932.783 582.734 2091
-932.765 580.505 2083
-936.316 580.505 2083
-938.513 579.669 2080
-941.154 579.111 2078
-943.332 578.275 2075
-946.87 578.275 2075
-946.743 576.046 2067
-950.266 576.046 2067
-952.867 575.488 2065
-956.387 575.488 2065
-955.259 572.702 2055
-955.03 570.472 2047
-954.774 568.243 2039
-958.25 568.243 2039
-961.726 568.243 2039
-962.835 566.849 2034
-964.402 565.734 2030
-967.863 565.734 2030
-961.754 560.161 2010
-962.779 558.767 2005
-966.197 558.767 2005
-969.615 558.767 2005
-968.665 556.259 1996
-969.633 554.866 1991
-970.584 553.472 1986
-973.969 553.472 1986
-973.91 551.521 1979
-974.815 550.128 1974
-976.198 549.013 1970
-979.556 549.013 1970
-980.42 547.62 1965
-981.266 546.226 1960
-981.091 544.276 1953
-984.421 544.276 1953
-987.75 544.276 1953
-990.064 543.718 1951
-993.39 543.718 1951
-996.716 543.718 1951
-1000.04 543.718 1951
-1001.31 542.603 1947
1.95587 136.829 494
1.11372 136.829 494
0.271574 136.829 494
-0.569416 136.552 493
-1.40986 136.552 493
-2.2503 136.552 493
-3.08447 136.275 492
-3.9232 136.275 492
-4.76194 136.275 492
-5.58929 135.998 491
-6.43941 136.275 492
-7.27815 136.275 492
-8.11688 136.275 492
-8.95562 136.275 492
-9.79436 136.275 492
-10.6331 136.275 492
-11.4718 136.275 492
-12.3106 136.275 492
-13.1493 136.275 492
-13.988 136.275 492
-14.8268 136.275 492
-21.4684 126.026 455
-22.244 126.026 455
-23.0197 126.026 455
-23.743 125.749 454
-24.463 125.472 453
-25.1238 124.918 451
-25.8927 124.918 451
-26.5433 124.364 449
-27.2479 124.087 448
-27.8866 123.533 446
-28.6469 123.533 446
-29.2753 122.979 444
-29.897 122.426 442
-30.5811 122.149 441
-31.3329 122.149 441
-32.0847 122.149 441
-32.8365 122.149 441
-33.6644 122.426 442
-34.4179 122.426 442
-35.1714 122.426 442
-35.9249 122.426 442
-36.5955 122.149 441
-35.0607 114.67 414
-35.7664 114.67 414
-36.4722 114.67 414
-37.178 114.67 414
-37.8837 114.67 414
-38.5895 114.67 414
-39.2953 114.67 414
-40.001 114.67 414
-40.7068 114.67 414
-41.4126 114.67 414
-42.1183 114.67 414
-42.7207 114.393 413
-43.4247 114.393 413
-44.1288 114.393 413
-44.8328 114.393 413
-45.4267 114.116 412
-46.129 114.116 412
-46.7177 113.839 411
-47.303 113.562 410
-48.0019 113.562 410
-48.7009 113.562 410
-49.2793 113.285 409
-49.8544 113.008 408
-50.5499 113.008 408
-51.1198 112.731 407
-51.8137 112.731 407
-52.5075 112.731 407
-53.0706 112.454 406
-53.7628 112.454 406
-54.4549 112.454 406
-55.147 112.454 406
-55.7016 112.177 405
-56.392 112.177 405
-57.0824 112.177 405
-57.6302 111.9 404
-58.3189 111.9 404
-59.0077 111.9 404
-59.8441 112.177 405
-60.5346 112.177 405
-61.225 112.177 405
-61.9154 112.177 405
-62.6058 112.177 405
-63.2963 112.177 405
-63.9867 112.177 405
-64.6771 112.177 405
-65.3675 112.177 405
-66.0579 112.177 405
-66.7484 112.177 405
-67.4388 112.177 405
-68.1292 112.177 405
-68.8196 112.177 405
-69.5101 112.177 405
-70.2005 112.177 405
-70.8909 112.177 405
-71.5813 112.177 405
-72.2718 112.177 405
-73.1423 112.454 406
-73.8345 112.454 406
-74.5266 112.454 406
-75.2187 112.454 406
-75.9108 112.454 406
-76.603 112.454 406
-77.2951 112.454 406
-77.9872 112.454 406
-78.6794 112.454 406
-79.3715 112.454 406
-83.2188 116.886 422
-83.9382 116.886 422
-85.0588 117.44 424
-85.7817 117.44 424
-86.5045 117.44 424
-87.2273 117.44 424
-91.6838 122.426 442
-92.4373 122.426 442
-93.4017 122.702 443
-94.1569 122.702 443
-94.9121 122.702 443
-95.6673 122.702 443
-96.4225 122.702 443
-97.1777 122.702 443
-97.9329 122.702 443
-98.6881 122.702 443
-99.4433 122.702 443
-100.198 122.702 443
-100.954 122.702 443
-101.709 122.702 443
-102.464 122.702 443
-103.452 122.979 444
-104.209 122.979 444
-104.966 122.979 444
-106.437 123.81 447
-107.439 124.087 448
-108.203 124.087 448
-108.967 124.087 448
-109.975 124.364 449
-110.741 124.364 449
-111.506 124.364 449
-112.272 124.364 449
-113.037 124.364 449
-113.802 124.364 449
-769.304 593.293 2142
-772.955 593.293 2142
-776.607 593.293 2142
-780.258 593.293 2142
-783.91 593.293 2142
-787.562 593.293 2142
-791.213 593.293 2142
-796.72 594.678 2147
-801.499 595.509 2150
-806.287 596.34 2153
-809.958 596.34 2153
-813.628 596.34 2153
-817.298 596.34 2153
-820.969 596.34 2153
-824.639 596.34 2153
-828.309 596.34 2153
-830.82 595.509 2150
-834.485 595.509 2150
-838.151 595.509 2150
-843.774 596.894 2155
-847.447 596.894 2155
-851.121 596.894 2155
-854.795 596.894 2155
-858.468 596.894 2155
-861.342 596.34 2153
-865.012 596.34 2153
-867.472 595.509 2150
-871.137 595.509 2150
-874.803 595.509 2150
-878.468 595.509 2150
-882.133 595.509 2150
-885.798 595.509 2150
-888.222 594.678 2147
-891.882 594.678 2147
-894.291 593.847 2144
-895.852 592.462 2139
-896.975 590.8 2133
-900.612 590.8 2133
-904.248 590.8 2133
-904.479 588.584 2125
-906.82 587.753 2122
-910.437 587.753 2122
-911.901 586.368 2117
-914.212 585.537 2114
-915.645 584.152 2109
-919.241 584.152 2109
-922.836 584.152 2109
-926.431 584.152 2109
-926.499 581.937 2101
-930.081 581.937 2101
-931.44 580.552 2096
-931.445 578.336 2088
-931.422 576.12 2080
-934.968 576.12 2080
-938.513 576.12 2080
-941.154 575.566 2078
-941.059 573.35 2070
-944.588 573.35 2070
-946.743 572.519 2067
-950.266 572.519 2067
-952.867 571.965 2065
-956.387 571.965 2065
-955.259 569.195 2055
-955.03 566.98 2047
-954.774 564.764 2039
-958.25 564.764 2039
-961.726 564.764 2039
-962.835 563.379 2034
-964.402 562.271 2030
-967.863 562.271 2030
-961.754 556.731 2010
-962.779 555.346 2005
-965.233 554.792 2003
-968.648 554.792 2003
-968.665 552.854 1996
-969.633 551.469 1991
-970.584 550.084 1986
-973.969 550.084 1986
-973.91 548.145 1979
-974.815 546.76 1974
-976.198 545.652 1970
-979.556 545.652 1970
-980.42 544.267 1965
-981.266 542.882 1960
-981.091 540.943 1953
-984.421 540.943 1953
-987.75 540.943 1953
-990.064 540.39 1951
-993.39 540.39 1951
-996.716 540.39 1951
-1000.04 540.39 1951
-1001.31 539.282 1947
1.95587 135.986 494
1.11372 135.986 494
0.271574 135.986 494
-0.569416 135.71 493
-1.40986 135.71 493
-2.24573 135.435 492
-3.0782 135.16 491
-3.91523 135.16 491
-4.75226 135.16 491
-5.58929 135.16 491
-6.42632 135.16 491
-7.27815 135.435 492
-8.11688 135.435 492
-8.95562 135.435 492
-9.79436 135.435 492
-10.6331 135.435 492
-11.4718 135.435 492
-12.3106 135.435 492
-13.1493 135.435 492
-13.988 135.435 492
-14.8268 135.435 492
-21.4684 125.25 455
-22.244 125.25 455
-23.0197 125.25 455
-23.7953 125.25 455
-24.517 124.975 454
-25.1795 124.424 452
-25.9501 124.424 452
-26.6024 123.874 450
-27.3087 123.598 449
-27.9491 123.048 447
-28.7111 123.048 447
-29.3413 122.497 445
-29.9646 121.947 443
-30.6505 121.671 442
-31.404 121.671 442
-32.1574 121.671 442
-32.9109 121.671 442
-33.6644 121.671 442
-34.4179 121.671 442
-35.1714 121.671 442
-35.9249 121.671 442
-36.5955 121.396 441
-35.0607 113.964 414
-35.7664 113.964 414
-36.4722 113.964 414
-37.178 113.964 414
-37.8837 113.964 414
-38.5895 113.964 414
-39.2953 113.964 414
-40.001 113.964 414
-40.7068 113.964 414
-41.4126 113.964 414
-42.1183 113.964 414
-42.7207 113.688 413
-43.4247 113.688 413
-44.1288 113.688 413
-44.8328 113.688 413
-45.4267 113.413 412
-46.129 113.413 412
-46.7177 113.138 411
-47.303 112.863 410
-48.0019 112.863 410
-48.7009 112.863 410
-49.3998 112.863 410
-49.9766 112.587 409
-50.5499 112.312 408
-51.2454 112.312 408
-51.941 112.312 408
-52.5075 112.037 407
-53.2013 112.037 407
-53.7628 111.762 406
-54.4549 111.762 406
-55.147 111.762 406
-55.8391 111.762 406
-56.392 111.486 405
-57.0824 111.486 405
-57.7729 111.486 405
-58.4633 111.486 405
-59.1537 111.486 405
-59.8441 111.486 405
-60.5346 111.486 405
-61.225 111.486 405
-61.9154 111.486 405
-62.6058 111.486 405
-63.2963 111.486 405
-63.9867 111.486 405
-64.6771 111.486 405
-65.3675 111.486 405
-66.0579 111.486 405
-66.7484 111.486 405
-67.4388 111.486 405
-68.1292 111.486 405
-68.8196 111.486 405
-69.5101 111.486 405
-70.2005 111.486 405
-70.8909 111.486 405
-71.5813 111.486 405
-72.2718 111.486 405
-73.1423 111.762 406
-73.8345 111.762 406
-74.5266 111.762 406
-75.2187 111.762 406
-75.9108 111.762 406
-76.603 111.762 406
-77.2951 111.762 406
-78.1793 112.037 407
-78.8731 112.037 407
-79.567 112.037 407
-90.1209 125.801 457
-91.0988 126.076 458
-91.8796 126.076 458
-92.6604 126.076 458
-93.4412 126.076 458
-94.2219 126.076 458
-94.7953 125.801 457
-95.5743 125.801 457
-93.4017 121.947 443
-94.1569 121.947 443
-94.9121 121.947 443
-95.6673 121.947 443
-96.4225 121.947 443
-97.1777 121.947 443
-97.9329 121.947 443
-98.6881 121.947 443
-99.4433 121.947 443
-100.198 121.947 443
-100.954 121.947 443
-101.709 121.947 443
-102.464 121.947 443
-103.452 122.222 444
-104.444 122.497 445
-105.203 122.497 445
-106.675 123.323 448
-107.439 123.323 448
-108.203 123.323 448
-109.21 123.598 449
-109.975 123.598 449
-110.741 123.598 449
-111.506 123.598 449
-112.272 123.598 449
-113.037 123.598 449
-113.802 123.598 449
-772.177 591.841 2150
-775.842 591.841 2150
-779.507 591.841 2150
-783.172 591.841 2150
-783.91 589.638 2142
-790.503 591.841 2150
-794.168 591.841 2150
-797.833 591.841 2150
-803.362 593.217 2155
-807.036 593.217 2155
-810.71 593.217 2155
-814.384 593.217 2155
-818.057 593.217 2155
-821.731 593.217 2155
-824.639 592.666 2153
-828.309 592.666 2153
-831.979 592.666 2153
-835.65 592.666 2153
-838.151 591.841 2150
-843.774 593.217 2155
-847.447 593.217 2155
-851.121 593.217 2155
-854.795 593.217 2155
-858.468 593.217 2155
-861.342 592.666 2153
-865.012 592.666 2153
-866.262 591.015 2147
-871.137 591.841 2150
-874.803 591.841 2150
-878.468 591.841 2150
-882.133 591.841 2150
-885.798 591.841 2150
-886.981 590.189 2144
-890.636 590.189 2144
-893.457 589.638 2142
-893.339 587.161 2133
-896.134 586.61 2131
-899.767 586.61 2131
-900.857 584.959 2125
-904.479 584.959 2125
-905.965 583.582 2120
-909.579 583.582 2120
-911.901 582.756 2117
-912.05 580.554 2109
-913.475 579.178 2104
-917.061 579.178 2104
-920.648 579.178 2104
-924.235 579.178 2104
-925.176 577.526 2098
-928.752 577.526 2098
-929.218 575.599 2091
-929.214 573.397 2083
-930.526 572.021 2078
-934.069 572.021 2078
-936.258 571.195 2075
-937.53 569.819 2070
-939.695 568.993 2067
-943.219 568.993 2067
-945.827 568.442 2065
-949.347 568.442 2065
-949.176 566.24 2057
-952.682 566.24 2057
-955.259 565.689 2055
-953.631 562.661 2044
-954.774 561.285 2039
-958.25 561.285 2039
-960.782 560.735 2037
-961.888 559.358 2032
-962.977 557.982 2027
-966.432 557.982 2027
-960.797 552.752 2008
-962.779 551.926 2005
-965.233 551.375 2003
-968.648 551.375 2003
-966.239 548.072 1991
-967.198 546.696 1986
-970.584 546.696 1986
-973.969 546.696 1986
-973.91 544.769 1979
-974.815 543.392 1974
-976.198 542.291 1970
-979.556 542.291 1970
-979.422 540.364 1963
-981.266 539.538 1960
-981.091 537.611 1953
-984.421 537.611 1953
-986.738 537.061 1951
-990.064 537.061 1951
-993.39 537.061 1951
-996.716 537.061 1951
-999.017 536.51 1949
-999.768 535.134 1944
1.95191 134.869 493
1.11147 134.869 493
0.271025 134.869 493
-0.569416 134.869 493
-1.40986 134.869 493
-2.24117 134.322 491
-3.0782 134.322 491
-3.91523 134.322 491
-4.75226 134.322 491
-5.58929 134.322 491
-6.42632 134.322 491
-7.27815 134.596 492
-8.11688 134.596 492
-8.95562 134.596 492
-9.79436 134.596 492
-10.6331 134.596 492
-11.4718 134.596 492
-12.3106 134.596 492
-13.1226 134.322 491
-21.4684 124.474 455
-22.244 124.474 455
-23.0197 124.474 455
-23.7953 124.474 455
-24.517 124.2 454
-25.1795 123.653 452
-25.9501 123.653 452
-26.6024 123.106 450
-27.3087 122.832 449
-28.0116 122.559 448
-28.7753 122.559 448
-29.4072 122.012 446
-30.0999 121.738 445
-30.7198 121.191 443
-31.404 120.917 442
-32.1574 120.917 442
-32.9109 120.917 442
-33.6644 120.917 442
-34.4179 120.917 442
-35.1714 120.917 442
-35.9249 120.917 442
-36.5955 120.644 441
-37.3473 120.644 441
-38.099 120.644 441
-36.5603 113.531 415
-37.2678 113.531 415
-37.9753 113.531 415
-38.6827 113.531 415
-39.3902 113.531 415
-40.0977 113.531 415
-40.8051 113.531 415
-41.4126 113.257 414
-42.1183 113.257 414
-42.7207 112.984 413
-43.4247 112.984 413
-44.1288 112.984 413
-44.8328 112.984 413
-45.4267 112.71 412
-46.129 112.71 412
-46.7177 112.437 411
-47.303 112.163 410
-48.0019 112.163 410
-48.7009 112.163 410
-49.3998 112.163 410
-50.0988 112.163 410
-50.6738 111.89 409
-51.371 111.89 409
-51.941 111.616 408
-52.6365 111.616 408
-53.2013 111.342 407
-53.7628 111.069 406
-54.4549 111.069 406
-55.147 111.069 406
-55.8391 111.069 406
-56.392 110.795 405
-57.0824 110.795 405
-57.7729 110.795 405
-58.4633 110.795 405
-59.1537 110.795 405
-59.8441 110.795 405
-60.5346 110.795 405
-61.225 110.795 405
-61.9154 110.795 405
-62.6058 110.795 405
-63.2963 110.795 405
-63.9867 110.795 405
-64.6771 110.795 405
-65.3675 110.795 405
-66.0579 110.795 405
-66.7484 110.795 405
-67.4388 110.795 405
-68.1292 110.795 405
-68.8196 110.795 405
-69.5101 110.795 405
-70.2005 110.795 405
-70.8909 110.795 405
-71.5813 110.795 405
-72.2718 110.795 405
-73.1423 111.069 406
-73.8345 111.069 406
-74.5266 111.069 406
-75.2187 111.069 406
-75.9108 111.069 406
-76.603 111.069 406
-77.2951 111.069 406
-78.1793 111.342 407
-78.8731 111.342 407
-79.567 111.342 407
-90.1209 125.021 457
-91.0988 125.294 458
-91.8796 125.294 458
-92.6604 125.294 458
-93.4412 125.294 458
-94.2219 125.294 458
-94.7953 125.021 457
-95.5743 125.021 457
-93.4017 121.191 443
-94.1569 121.191 443
-94.9121 121.191 443
-95.6673 121.191 443
-96.4225 121.191 443
-97.1777 121.191 443
-97.9329 121.191 443
-98.6881 121.191 443
-99.4433 121.191 443
-100.198 121.191 443
-100.954 121.191 443
-101.709 121.191 443
-102.464 121.191 443
-103.452 121.464 444
-104.444 121.738 445
-105.203 121.738 445
-106.675 122.559 448
-107.439 122.559 448
-108.203 122.559 448
-109.21 122.832 449
-109.975 122.832 449
-110.741 122.832 449
-111.506 122.832 449
-112.272 122.832 449
-113.037 122.832 449
-113.802 122.832 449
-772.177 588.172 2150
-775.842 588.172 2150
-779.507 588.172 2150
-783.172 588.172 2150
-783.91 585.984 2142
-790.503 588.172 2150
-794.168 588.172 2150
-797.833 588.172 2150
-803.362 589.54 2155
-807.036 589.54 2155
-810.71 589.54 2155
-814.384 589.54 2155
-818.057 589.54 2155
-821.731 589.54 2155
-824.639 588.993 2153
-828.309 588.993 2153
-831.979 588.993 2153
-835.65 588.993 2153
-838.151 588.172 2150
-842.99 588.993 2153
-846.661 588.993 2153
-850.331 588.993 2153
-854.001 588.993 2153
-857.672 588.993 2153
-861.342 588.993 2153
-865.012 588.993 2153
-866.262 587.352 2147
-871.137 588.172 2150
-874.803 588.172 2150
-878.468 588.172 2150
-882.133 588.172 2150
-885.798 588.172 2150
-888.222 587.352 2147
-890.636 586.531 2144
-893.457 585.984 2142
-893.339 583.522 2133
-896.134 582.975 2131
-899.767 582.975 2131
-900.857 581.333 2125
-904.479 581.333 2125
-905.965 579.965 2120
-909.579 579.965 2120
-911.901 579.145 2117
-912.05 576.956 2109
-913.475 575.588 2104
-917.061 575.588 2104
-920.648 575.588 2104
-924.235 575.588 2104
-925.176 573.947 2098
-928.752 573.947 2098
-929.218 572.032 2091
-929.214 569.843 2083
-929.183 567.655 2075
-932.72 567.655 2075
-932.648 565.466 2067
-935.266 564.919 2065
-938.786 564.919 2065
-942.306 564.919 2065
-944.453 564.098 2062
-945.669 562.731 2057
-948.253 562.183 2055
-951.756 562.183 2055
-951.541 559.995 2047
-951.298 557.806 2039
-953.837 557.259 2037
-957.31 557.259 2037
-957.481 555.344 2030
-959.521 554.523 2027
-960.601 553.156 2022
-964.048 553.156 2022
-960.797 549.326 2008
-961.819 547.958 2003
-963.788 547.137 2000
-967.197 547.137 2000
-964.783 543.854 1988
-967.198 543.307 1986
-969.606 542.76 1984
-972.989 542.76 1984
-972.926 540.845 1977
-974.815 540.024 1974
-974.711 538.109 1967
-978.064 538.109 1967
-979.422 537.015 1963
-981.266 536.194 1960
-981.091 534.279 1953
-984.421 534.279 1953
-986.738 533.732 1951
-990.064 533.732 1951
-993.39 533.732 1951
-996.716 533.732 1951
-999.017 533.185 1949
-999.768 531.817 1944
1.95191 134.028 493
1.11147 134.028 493
0.271025 134.028 493
-0.568261 133.756 492
-1.407 133.756 492
-2.24117 133.484 491
-3.0782 133.484 491
-3.90726 133.213 490
-4.74258 133.213 490
-5.57791 133.213 490
-6.42632 133.484 491
-7.27815 133.756 492
-8.11688 133.756 492
-8.95562 133.756 492
-9.79436 133.756 492
-10.6331 133.756 492
-11.4718 133.756 492
-12.2855 133.484 491
-13.1226 133.484 491
-21.5155 123.969 456
-22.2929 123.969 456
-23.0703 123.969 456
-23.7953 123.697 455
-24.571 123.697 455
-25.3467 123.697 455
-26.0075 123.154 453
-26.7206 122.882 452
-27.3695 122.338 450
-28.0116 121.794 448
-28.7753 121.794 448
-29.4072 121.251 446
-30.0999 120.979 445
-30.7198 120.435 443
-31.404 120.163 442
-32.1574 120.163 442
-32.9109 120.163 442
-33.6644 120.163 442
-34.4179 120.163 442
-35.1714 120.163 442
-35.9249 120.163 442
-36.5955 119.891 441
-37.3473 119.891 441
-38.099 119.891 441
-36.5603 112.823 415
-37.2678 112.823 415
-37.9753 112.823 415
-38.6827 112.823 415
-39.3902 112.823 415
-40.0977 112.823 415
-40.8051 112.823 415
-41.4126 112.551 414
-42.1183 112.551 414
-42.7207 112.279 413
-43.4247 112.279 413
-44.1288 112.279 413
-44.8328 112.279 413
-45.5369 112.279 413
-46.241 112.279 413
-46.8314 112.007 412
-47.4183 111.735 411
-48.119 111.735 411
-48.8196 111.735 411
-49.5203 111.735 411
-50.0988 111.464 410
-50.6738 111.192 409
-51.371 111.192 409
-52.0683 111.192 409
-52.6365 110.92 408
-53.2013 110.648 407
-53.8952 110.648 407
-54.589 110.648 407
-55.147 110.376 406
-55.8391 110.376 406
-56.5313 110.376 406
-57.2234 110.376 406
-57.7729 110.104 405
-58.4633 110.104 405
-59.1537 110.104 405
-59.8441 110.104 405
-60.5346 110.104 405
-61.225 110.104 405
-61.9154 110.104 405
-62.6058 110.104 405
-63.2963 110.104 405
-63.9867 110.104 405
-64.6771 110.104 405
-65.3675 110.104 405
-66.0579 110.104 405
-66.7484 110.104 405
-67.4388 110.104 405
-68.1292 110.104 405
-68.8196 110.104 405
-69.5101 110.104 405
-70.2005 110.104 405
-70.8909 110.104 405
-71.5813 110.104 405
-72.2718 110.104 405
-73.1423 110.376 406
-73.8345 110.376 406
-74.5266 110.376 406
-75.2187 110.376 406
-75.9108 110.376 406
-76.603 110.376 406
-77.4855 110.648 407
-78.1793 110.648 407
-82.3614 115.542 425
-83.0859 115.542 425
-90.1209 124.241 457
-91.0988 124.513 458
-91.8796 124.513 458
-92.6604 124.513 458
-93.4412 124.513 458
-94.2219 124.513 458
-95.0027 124.513 458
-95.7835 124.513 458
-93.8233 120.979 445
-94.3694 120.707 444
-95.1263 120.707 444
-95.8832 120.707 444
-96.6401 120.707 444
-97.397 120.707 444
-98.154 120.707 444
-98.9109 120.707 444
-99.6678 120.707 444
-100.425 120.707 444
-101.182 120.707 444
-101.938 120.707 444
-102.695 120.707 444
-103.452 120.707 444
-104.444 120.979 445
-105.203 120.979 445
-106.675 121.794 448
-107.439 121.794 448
-108.203 121.794 448
-109.21 122.066 449
-109.975 122.066 449
-110.741 122.066 449
-111.506 122.066 449
-112.272 122.066 449
-113.037 122.066 449
-113.802 122.066 449
-777.205 588.31 2164
-780.894 588.31 2164
-784.583 588.31 2164
-788.272 588.31 2164
-791.961 588.31 2164
-795.65 588.31 2164
-798.231 587.495 2161
-803.029 588.31 2164
-809.7 590.485 2172
-813.403 590.485 2172
-817.105 590.485 2172
-818.919 589.126 2167
-821.474 588.31 2164
-825.163 588.31 2164
-827.703 587.495 2161
-831.387 587.495 2161
-835.071 587.495 2161
-838.755 587.495 2161
-839.32 585.32 2153
-842.99 585.32 2153
-846.661 585.32 2153
-850.331 585.32 2153
-854.001 585.32 2153
-857.672 585.32 2153
-860.142 584.504 2150
-863.807 584.504 2150
-866.262 583.689 2147
-871.137 584.504 2150
-874.803 584.504 2150
-878.468 584.504 2150
-882.133 584.504 2150
-884.562 583.689 2147
-888.222 583.689 2147
-890.636 582.873 2144
-892.206 581.514 2139
-892.502 579.339 2131
-893.611 577.708 2125
-897.234 577.708 2125
-900.857 577.708 2125
-903.202 576.892 2122
-904.683 575.533 2117
-908.292 575.533 2117
-910.608 574.717 2114
-909.888 571.999 2104
-913.475 571.999 2104
-917.061 571.999 2104
-919.336 571.183 2101
-922.917 571.183 2101
-924.294 569.824 2096
-927.867 569.824 2096
-927.885 567.649 2088
-926.984 564.93 2078
-929.183 564.115 2075
-932.72 564.115 2075
-932.648 561.94 2067
-935.266 561.396 2065
-938.786 561.396 2065
-942.306 561.396 2065
-944.453 560.58 2062
-945.669 559.221 2057
-948.253 558.677 2055
-951.756 558.677 2055
-951.541 556.503 2047
-951.298 554.328 2039
-953.837 553.784 2037
-957.31 553.784 2037
-957.481 551.881 2030
-959.521 551.065 2027
-960.601 549.706 2022
-964.048 549.706 2022
-960.797 545.9 2008
-961.819 544.541 2003
-963.788 543.725 2000
-967.197 543.725 2000
-964.783 540.463 1988
-967.198 539.919 1986
-969.606 539.375 1984
-972.989 539.375 1984
-972.926 537.472 1977
-974.815 536.656 1974
-974.711 534.753 1967
-978.064 534.753 1967
-977.925 532.85 1960
-979.264 531.763 1956
-981.091 530.947 1953
-984.421 530.947 1953
-986.738 530.404 1951
-990.064 530.404 1951
-992.372 529.86 1949
-995.695 529.86 1949
-997.992 529.316 1947
-999.768 528.501 1944
1.95191 133.187 493
1.11147 133.187 493
0.271025 133.187 493
-0.568261 132.917 492
-1.407 132.917 492
-2.24117 132.647 491
-3.0782 132.647 491
-3.90726 132.377 490
-4.74258 132.377 490
-5.57791 132.377 490
-6.42632 132.647 491
-7.27815 132.917 492
-8.11688 132.917 492
-8.95562 132.917 492
-9.79436 132.917 492
-10.6331 132.917 492
-11.4718 132.917 492
-12.2855 132.647 491
-13.1226 132.647 491
-20.7836 123.461 457
-21.5627 123.461 457
-22.3418 123.461 457
-23.1209 123.461 457
-23.8476 123.191 456
-24.571 122.921 455
-25.3467 122.921 455
-26.0649 122.651 454
-26.7797 122.381 453
-27.4303 121.841 451
-28.0741 121.3 449
-28.8396 121.3 449
-29.4731 120.76 447
-30.1675 120.49 446
-30.7891 119.949 444
-31.404 119.409 442
-32.1574 119.409 442
-32.9109 119.409 442
-33.6644 119.409 442
-34.3401 119.139 441
-35.0919 119.139 441
-35.8437 119.139 441
-36.5955 119.139 441
-37.3473 119.139 441
-38.099 119.139 441
-38.8508 119.139 441
-39.5128 118.869 440
-38.2498 112.925 418
-38.9624 112.925 418
-39.4851 112.385 416
-40.1943 112.385 416
-40.9035 112.385 416
-41.6126 112.385 416
-42.2201 112.115 415
-42.8241 111.845 414
-43.5299 111.845 414
-44.2356 111.845 414
-44.8328 111.575 413
-45.5369 111.575 413
-46.241 111.575 413
-46.8314 111.304 412
-47.4183 111.034 411
-48.119 111.034 411
-48.8196 111.034 411
-49.5203 111.034 411
-50.0988 110.764 410
-50.6738 110.494 409
-51.371 110.494 409
-52.0683 110.494 409
-52.6365 110.224 408
-53.2013 109.954 407
-53.8952 109.954 407
-54.589 109.954 407
-55.147 109.683 406
-55.8391 109.683 406
-56.5313 109.683 406
-57.2234 109.683 406
-57.7729 109.413 405
-58.4633 109.413 405
-59.1537 109.413 405
-59.8441 109.413 405
-60.5346 109.413 405
-61.225 109.413 405
-61.9154 109.413 405
-62.6058 109.413 405
-63.2963 109.413 405
-63.9867 109.413 405
-64.6771 109.413 405
-65.3675 109.413 405
-66.0579 109.413 405
-66.7484 109.413 405
-67.4388 109.413 405
-68.1292 109.413 405
-68.8196 109.413 405
-69.5101 109.413 405
-70.2005 109.413 405
-70.8909 109.413 405
-71.7581 109.683 406
-72.4502 109.683 406
-73.1423 109.683 406
-73.8345 109.683 406
-74.5266 109.683 406
-75.2187 109.683 406
-75.9108 109.683 406
-76.603 109.683 406
-81.1027 115.087 426
-81.829 115.087 426
-82.5552 115.087 426
-83.2814 115.087 426
-90.1209 123.461 457
-91.0988 123.732 458
-92.4814 124.542 461
-93.2673 124.542 461
-94.0532 124.542 461
-94.8391 124.542 461
-95.625 124.542 461
-95.9926 124.002 459
-96.7751 124.002 459
-95.2196 121.03 448
-95.3406 120.22 445
-96.0992 120.22 445
-96.8578 120.22 445
-97.6164 120.22 445
-98.375 120.22 445
-99.1336 120.22 445
-99.8922 120.22 445
-100.877 120.49 446
-101.637 120.49 446
-102.398 120.49 446
-102.927 120.22 445
-103.685 120.22 445
-104.444 120.22 445
-105.912 121.03 448
-106.675 121.03 448
-107.679 121.3 449
-108.444 121.3 449
-109.453 121.57 450
-110.22 121.57 450
-110.987 121.57 450
-111.755 121.57 450
-112.272 121.3 449
-780.078 586.78 2172
-783.781 586.78 2172
-787.484 586.78 2172
-791.186 586.78 2172
-793.059 585.429 2167
-796.753 585.429 2167
-800.448 585.429 2167
-805.997 586.78 2172
-810.818 587.59 2175
-814.526 587.59 2175
-818.234 587.59 2175
-820.808 586.78 2172
-824.511 586.78 2172
-826.307 585.429 2167
-828.852 584.618 2164
-832.541 584.618 2164
-836.23 584.618 2164
-839.919 584.618 2164
-842.439 583.808 2161
-843.774 582.187 2155
-847.447 582.187 2155
-851.121 582.187 2155
-854.795 582.187 2155
-857.672 581.647 2153
-861.342 581.647 2153
-863.807 580.836 2150
-867.472 580.836 2150
-872.353 581.647 2153
-876.023 581.647 2153
-879.694 581.647 2153
-882.133 580.836 2150
-885.798 580.836 2150
-889.464 580.836 2150
-891.882 580.026 2147
-892.206 577.864 2139
-891.245 574.893 2128
-894.873 574.893 2128
-897.234 574.082 2125
-900.857 574.082 2125
-903.202 573.272 2122
-906.82 573.272 2122
-908.292 571.921 2117
-909.747 570.57 2112
-909.888 568.409 2104
-913.475 568.409 2104
-917.061 568.409 2104
-919.336 567.599 2101
-921.599 566.788 2098
-922.971 565.437 2093
-926.539 565.437 2093
-926.552 563.276 2085
-925.645 560.574 2075
-926.944 559.224 2070
-930.473 559.224 2070
-931.745 557.873 2065
-933.907 557.062 2062
-936.513 556.522 2060
-940.025 556.522 2060
-941.246 555.171 2055
-944.75 555.171 2055
-946.868 554.361 2052
-950.367 554.361 2052
-947.822 550.849 2039
-950.365 550.309 2037
-950.559 548.417 2030
-954.02 548.417 2030
-956.066 547.607 2027
-957.154 546.256 2022
-958.226 544.905 2017
-961.664 544.905 2017
-960.797 542.474 2008
-961.819 541.123 2003
-962.824 539.772 1998
-966.23 539.772 1998
-964.783 537.071 1988
-967.198 536.531 1986
-968.14 535.18 1981
-971.517 535.18 1981
-972.926 534.099 1977
-974.815 533.289 1974
-974.711 531.398 1967
-978.064 531.398 1967
-977.925 529.506 1960
-979.264 528.426 1956
-981.091 527.615 1953
-984.421 527.615 1953
-986.738 527.075 1951
-990.064 527.075 1951
-992.372 526.535 1949
-995.695 526.535 1949
-997.992 525.994 1947
-999.768 525.184 1944
1.94795 132.078 492
1.10921 132.078 492
0.270475 132.078 492
-0.568261 132.078 492
-1.407 132.078 492
-2.24117 131.809 491
-3.0782 131.809 491
-6.41324 131.541 490
-7.27815 132.078 492
-8.11688 132.078 492
-8.95562 132.078 492
-9.79436 132.078 492
-10.6331 132.078 492
-11.4718 132.078 492
-12.2855 131.809 491
-13.1226 131.809 491
-20.7836 122.682 457
-21.5627 122.682 457
-22.3418 122.682 457
-23.1209 122.682 457
-23.8476 122.413 456
-24.571 122.145 455
-25.3467 122.145 455
-26.0649 121.876 454
-26.7797 121.608 453
-27.4303 121.071 451
-28.0741 120.534 449
-28.8396 120.534 449
-29.4731 119.997 447
-30.1675 119.729 446
-30.8585 119.46 445
-31.6171 119.46 445
-32.303 119.192 444
-32.9109 118.655 442
-33.6644 118.655 442
-34.3401 118.387 441
-35.0919 118.387 441
-35.8437 118.387 441
-36.5125 118.118 440
-37.3473 118.387 441
-38.099 118.387 441
-38.8508 118.387 441
-39.6026 118.387 441
-40.2629 118.118 440
-41.013 118.118 440
-41.6682 117.85 439
-40.3875 112.212 418
-40.9035 111.675 416
-41.6126 111.675 416
-42.3218 111.675 416
-45.617 118.387 441
-46.3688 118.387 441
-47.1206 118.387 441
-44.9414 111.138 414
-45.5369 110.87 413
-46.241 110.87 413
-46.8314 110.602 412
-47.4183 110.333 411
-48.119 110.333 411
-48.8196 110.333 411
-49.5203 110.333 411
-50.0988 110.065 410
-50.7977 110.065 410
-51.4967 110.065 410
-52.0683 109.796 409
-52.7655 109.796 409
-53.3321 109.528 408
-54.0276 109.528 408
-54.589 109.259 407
-55.2828 109.259 407
-55.8391 108.991 406
-56.5313 108.991 406
-57.2234 108.991 406
-57.9155 108.991 406
-58.4633 108.722 405
-59.1537 108.722 405
-59.8441 108.722 405
-60.5346 108.722 405
-61.225 108.722 405
-61.9154 108.722 405
-62.6058 108.722 405
-63.2963 108.722 405
-63.9867 108.722 405
-64.6771 108.722 405
-65.3675 108.722 405
-66.0579 108.722 405
-66.7484 108.722 405
-67.4388 108.722 405
-68.1292 108.722 405
-68.8196 108.722 405
-69.5101 108.722 405
-70.2005 108.722 405
-70.8909 108.722 405
-71.7581 108.991 406
-72.4502 108.991 406
-73.1423 108.991 406
-73.8345 108.991 406
-74.5266 108.991 406
-75.2187 108.991 406
-75.9108 108.991 406
-76.603 108.991 406
-81.1027 114.36 426
-81.829 114.36 426
-82.5552 114.36 426
-83.2814 114.36 426
-90.9097 123.756 461
-91.6955 123.756 461
-92.8827 124.292 463
-93.672 124.292 463
-94.4613 124.292 463
-95.2505 124.292 463
-95.8324 124.024 462
-95.9926 123.219 459
-96.7751 123.219 459
-95.2196 120.266 448
-95.9833 120.266 448
-96.5311 119.997 447
-97.2931 119.997 447
-98.0551 119.997 447
-98.8172 119.997 447
-99.5792 119.997 447
-100.341 119.997 447
-101.103 119.997 447
-101.865 119.997 447
-102.627 119.997 447
-103.389 119.997 447
-104.151 119.997 447
-104.444 119.46 445
-105.912 120.266 448
-108.104 121.876 454
-108.878 121.876 454
-109.652 121.876 454
-110.426 121.876 454
-111.2 121.876 454
-111.974 121.876 454
-112.748 121.876 454
-783.311 585.49 2181
-787.029 585.49 2181
-790.747 585.49 2181
-793.372 584.685 2178
-797.085 584.685 2178
-798.592 583.074 2172
-801.186 582.269 2169
-805.997 583.074 2172
-811.937 584.685 2178
-815.65 584.685 2178
-819.362 584.685 2178
-820.808 583.074 2172
-824.511 583.074 2172
-826.307 581.732 2167
-830.001 581.732 2167
-832.541 580.926 2164
-836.23 580.926 2164
-839.919 580.926 2164
-843.608 580.926 2164
-844.948 579.316 2158
-848.627 579.316 2158
-852.306 579.316 2158
-855.985 579.316 2158
-858.468 578.51 2155
-862.142 578.51 2155
-865.012 577.973 2153
-868.683 577.973 2153
-873.163 578.51 2155
-876.837 578.51 2155
-880.511 578.51 2155
-884.185 578.51 2155
-887.858 578.51 2155
-891.532 578.51 2155
-893.129 577.168 2150
-894.291 575.557 2144
-892.502 572.068 2131
-896.134 572.068 2131
-897.234 570.457 2125
-899.585 569.651 2122
-903.202 569.651 2122
-906.82 569.651 2122
-907.005 567.504 2114
-909.747 566.967 2112
-908.591 564.014 2101
-912.172 564.014 2101
-915.754 564.014 2101
-919.336 564.014 2101
-921.599 563.209 2098
-925.176 563.209 2098
-926.539 561.866 2093
-926.552 559.719 2085
-925.645 557.034 2075
-925.6 554.887 2067
-929.124 554.887 2067
-930.392 553.544 2062
-933.001 553.008 2060
-934.24 551.665 2055
-937.743 551.665 2055
-939.872 550.86 2052
-941.991 550.055 2049
-944.561 549.518 2047
-948.051 549.518 2047
-946.892 546.833 2037
-947.099 544.954 2030
-950.559 544.954 2030
-954.02 544.954 2030
-953.707 542.806 2022
-954.788 541.464 2017
-954.901 539.585 2010
-958.327 539.585 2010
-958.404 537.706 2003
-959.418 536.364 1998
-959.451 534.484 1991
-962.845 534.484 1991
-963.812 533.142 1986
-964.763 531.8 1981
-966.185 530.726 1977
-969.556 530.726 1977
-971.45 529.921 1974
-971.358 528.042 1967
-972.729 526.968 1963
-976.076 526.968 1963
-976.927 525.626 1958
-977.762 524.283 1953
-979.082 523.21 1949
-982.404 523.21 1949
-983.198 521.867 1944
-986.512 521.867 1944
-989.826 521.867 1944
-993.14 521.867 1944
-996.454 521.867 1944
-997.711 520.794 1940
0.269925 130.971 491
-0.567106 130.971 491
-1.40414 130.971 491
-2.24117 130.971 491
-3.0782 130.971 491
-20.7836 121.902 457
-21.5627 121.902 457
-22.3418 121.902 457
-23.1209 121.902 457
-23.8476 121.635 456
-24.571 121.369 455
-25.3467 121.369 455
-26.0649 121.102 454
-26.7797 120.835 453
-27.4303 120.302 451
-28.0741 119.768 449
-28.8396 119.768 449
-29.4731 119.235 447
-30.1675 118.968 446
-30.8585 118.701 445
-31.6171 118.701 445
-32.303 118.434 444
-32.9109 117.901 442
-33.6644 117.901 442
-34.3401 117.634 441
-35.0919 117.634 441
-35.8437 117.634 441
-36.5125 117.367 440
-37.3473 117.634 441
-38.099 117.634 441
-38.8508 117.634 441
-39.6026 117.634 441
-40.2629 117.367 440
-41.013 117.367 440
-41.6682 117.101 439
-42.6098 117.634 441
-43.3616 117.634 441
-44.1134 117.634 441
-44.8652 117.634 441
-45.617 117.634 441
-46.3688 117.634 441
-47.1206 117.634 441
-47.8724 117.634 441
-48.5139 117.367 440
-46.241 110.165 413
-46.8314 109.899 412
-47.5337 109.899 412
-48.2361 109.899 412
-48.9384 109.899 412
-49.6408 109.899 412
-50.221 109.632 411
-50.7977 109.365 410
-51.4967 109.365 410
-52.1956 109.365 410
-52.7655 109.098 409
-53.3321 108.832 408
-54.0276 108.832 408
-54.589 108.565 407
-55.2828 108.565 407
-55.8391 108.298 406
-56.5313 108.298 406
-57.2234 108.298 406
-57.9155 108.298 406
-58.6077 108.298 406
-59.2998 108.298 406
-59.9919 108.298 406
-60.5346 108.031 405
-61.225 108.031 405
-61.9154 108.031 405
-62.6058 108.031 405
-63.2963 108.031 405
-63.9867 108.031 405
-64.8368 108.298 406
-65.5289 108.298 406
-66.2211 108.298 406
-66.9132 108.298 406
-67.6053 108.298 406
-68.2974 108.298 406
-68.9896 108.298 406
-69.6817 108.298 406
-70.3738 108.298 406
-71.0659 108.298 406
-71.7581 108.298 406
-72.4502 108.298 406
-73.1423 108.298 406
-73.8345 108.298 406
-84.8061 123.236 462
-85.5937 123.236 462
-86.3813 123.236 462
-80.7539 114.166 428
-81.4835 114.166 428
-82.021 113.9 427
-82.5552 113.633 426
-83.2814 113.633 426
-90.9097 122.969 461
-91.6955 122.969 461
-92.8827 123.503 463
-93.672 123.503 463
-94.4613 123.503 463
-95.2505 123.503 463
-95.8324 123.236 462
-95.9926 122.436 459
-96.7751 122.436 459
-95.2196 119.501 448
-95.9833 119.501 448
-96.5311 119.235 447
-97.2931 119.235 447
-98.0551 119.235 447
-98.8172 119.235 447
-99.5792 119.235 447
-100.341 119.235 447
-101.103 119.235 447
-101.865 119.235 447
-102.627 119.235 447
-103.389 119.235 447
-104.151 119.235 447
-104.444 118.701 445
-107.33 121.102 454
-108.104 121.102 454
-108.878 121.102 454
-109.652 121.102 454
-110.426 121.102 454
-111.445 121.369 455
-112.221 121.369 455
-112.996 121.369 455
-780.665 582.569 2184
-784.388 582.569 2184
-788.111 582.569 2184
-790.747 581.769 2181
-793.372 580.969 2178
-797.085 580.969 2178
-798.592 579.368 2172
-801.186 578.568 2169
-805.997 579.368 2172
-811.937 580.969 2178
-815.65 580.969 2178
-819.362 580.969 2178
-820.808 579.368 2172
-824.511 579.368 2172
-826.307 578.035 2167
-830.001 578.035 2167
-832.541 577.234 2164
-836.23 577.234 2164
-839.919 577.234 2164
-843.608 577.234 2164
-844.948 575.634 2158
-848.627 575.634 2158
-852.306 575.634 2158
-855.985 575.634 2158
-858.468 574.834 2155
-862.142 574.834 2155
-865.012 574.3 2153
-869.49 574.834 2155
-873.163 574.834 2155
-876.837 574.834 2155
-880.511 574.834 2155
-884.185 574.834 2155
-887.858 574.834 2155
-891.532 574.834 2155
-895.206 574.834 2155
-894.291 571.899 2144
-893.339 568.965 2133
-896.975 568.965 2133
-897.234 566.831 2125
-900.857 566.831 2125
-903.202 566.031 2122
-906.82 566.031 2122
-908.292 564.697 2117
-910.608 563.897 2114
-908.591 560.429 2101
-912.172 560.429 2101
-915.754 560.429 2101
-919.336 560.429 2101
-922.917 560.429 2101
-926.499 560.429 2101
-926.539 558.296 2093
-926.552 556.162 2085
-925.645 553.494 2075
-927.839 552.694 2072
-928.225 550.827 2065
-929.489 549.493 2060
-930.737 548.159 2055
-931.512 546.559 2049
-935.005 546.559 2049
-937.582 546.025 2047
-941.072 546.025 2047
-940.87 543.891 2039
-944.346 543.891 2039
-946.892 543.358 2037
-947.099 541.491 2030
-946.813 539.357 2022
-950.26 539.357 2022
-948.991 536.689 2012
-951.474 536.156 2010
-951.575 534.289 2003
-954.99 534.289 2003
-956.969 533.488 2000
-956.057 531.088 1991
-957.041 529.754 1986
-960.427 529.754 1986
-961.386 528.42 1981
-961.354 526.553 1974
-963.742 526.019 1972
-967.104 526.019 1972
-969.481 525.486 1970
-969.383 523.619 1963
-970.251 522.285 1958
-973.589 522.285 1958
-974.432 520.951 1953
-975.759 519.884 1949
-976.57 518.551 1944
-979.884 518.551 1944
-982.187 518.017 1942
-985.497 518.017 1942
-987.789 517.484 1940
-991.097 517.484 1940
-994.404 517.484 1940
-996.683 516.95 1938
0.269925 130.134 491
-0.567106 130.134 491
-1.40414 130.134 491
-2.24117 130.134 491
-3.07193 129.869 490
-20.8291 121.387 458
-21.6099 121.387 458
-22.3907 121.387 458
-23.1209 121.122 457
-23.8999 121.122 457
-24.625 120.857 456
-25.4024 120.857 456
-26.1223 120.592 455
-26.7797 120.062 453
-27.4303 119.532 451
-28.0741 119.002 449
-28.8396 119.002 449
-29.4731 118.472 447
-30.1675 118.207 446
-30.8585 117.942 445
-31.6171 117.942 445
-32.303 117.677 444
-32.9109 117.147 442
-33.6644 117.147 442
-34.3401 116.882 441
-35.0919 116.882 441
-35.8437 116.882 441
-36.5125 116.617 440
-37.3473 116.882 441
-38.099 116.882 441
-38.8508 116.882 441
-39.6026 116.882 441
-40.2629 116.617 440
-41.013 116.617 440
-41.6682 116.352 439
-42.6098 116.882 441
-43.3616 116.882 441
-44.1134 116.882 441
-44.8652 116.882 441
-45.617 116.882 441
-46.3688 116.882 441
-47.1206 116.882 441
-47.8724 116.882 441
-48.5139 116.617 440
-46.241 109.461 413
-46.8314 109.196 412
-47.5337 109.196 412
-48.2361 109.196 412
-48.9384 109.196 412
-49.6408 109.196 412
-50.3431 109.196 412
-50.9216 108.931 411
-51.6223 108.931 411
-52.3229 108.931 411
-52.8945 108.666 410
-53.4628 108.401 409
-54.16 108.401 409
-54.7231 108.136 408
-55.4187 108.136 408
-55.9767 107.87 407
-56.6705 107.87 407
-57.3643 107.87 407
-58.0582 107.87 407
-58.6077 107.605 406
-59.2998 107.605 406
-59.9919 107.605 406
-60.684 107.605 406
-61.3762 107.605 406
-62.0683 107.605 406
-62.7604 107.605 406
-63.4525 107.605 406
-64.1447 107.605 406
-64.8368 107.605 406
-65.5289 107.605 406
-66.2211 107.605 406
-66.9132 107.605 406
-67.6053 107.605 406
-68.2974 107.605 406
-68.9896 107.605 406
-69.6817 107.605 406
-70.3738 107.605 406
-71.0659 107.605 406
-71.7581 107.605 406
-72.6286 107.87 407
-73.3225 107.87 407
-74.0163 107.87 407
-84.9897 122.713 463
-85.779 122.713 463
-86.5683 122.713 463
-80.7539 113.436 428
-81.4835 113.436 428
-82.021 113.171 427
-82.9428 113.436 428
-83.6724 113.436 428
-91.3041 122.713 463
-92.0934 122.713 463
-92.8827 122.713 463
-93.672 122.713 463
-94.4613 122.713 463
-95.2505 122.713 463
-96.0398 122.713 463
-93.9013 119.002 449
-94.4559 118.737 448
-95.2196 118.737 448
-95.9833 118.737 448
-96.747 118.737 448
-97.2931 118.472 447
-98.0551 118.472 447
-98.8172 118.472 447
-99.5792 118.472 447
-100.341 118.472 447
-101.103 118.472 447
-101.865 118.472 447
-102.627 118.472 447
-103.389 118.472 447
-104.151 118.472 447
-104.913 118.472 447
-107.33 120.327 454
-108.104 120.327 454
-108.878 120.327 454
-109.652 120.327 454
-110.426 120.327 454
-111.445 120.592 455
-112.221 120.592 455
-112.996 120.592 455
-767.381 577.253 2178
-771.094 577.253 2178
-775.875 578.048 2181
-781.38 579.373 2186
-785.106 579.373 2186
-788.833 579.373 2186
-791.834 578.843 2184
-794.465 578.048 2181
-798.183 578.048 2181
-800.798 577.253 2178
-803.403 576.458 2175
-807.11 576.458 2175
-811.937 577.253 2178
-815.65 577.253 2178
-819.362 577.253 2178
-821.942 576.458 2175
-825.65 576.458 2175
-829.357 576.458 2175
-830.001 574.337 2167
-833.695 574.337 2167
-837.389 574.337 2167
-841.084 574.337 2167
-843.608 573.542 2164
-847.297 573.542 2164
-850.987 573.542 2164
-852.306 571.952 2158
-855.985 571.952 2158
-859.664 571.952 2158
-863.342 571.952 2158
-865.012 570.627 2153
-869.49 571.157 2155
-873.163 571.157 2155
-876.837 571.157 2155
-880.511 571.157 2155
-884.185 571.157 2155
-887.858 571.157 2155
-891.532 571.157 2155
-895.206 571.157 2155
-894.291 568.242 2144
-893.339 565.326 2133
-896.975 565.326 2133
-897.234 563.206 2125
-900.857 563.206 2125
-902.351 561.881 2120
-905.965 561.881 2120
-908.292 561.086 2117
-910.608 560.29 2114
-908.591 556.845 2101
-912.172 556.845 2101
-915.754 556.845 2101
-919.336 556.845 2101
-922.917 556.845 2101
-926.499 556.845 2101
-926.539 554.725 2093
-925.663 552.074 2083
-924.307 549.159 2072
-927.839 549.159 2072
-928.225 547.304 2065
-929.489 545.978 2060
-930.737 544.653 2055
-931.512 543.063 2049
-935.005 543.063 2049
-937.582 542.533 2047
-941.072 542.533 2047
-940.87 540.413 2039
-944.346 540.413 2039
-946.892 539.883 2037
-947.099 538.027 2030
-946.813 535.907 2022
-950.26 535.907 2022
-948.991 533.257 2012
-951.474 532.727 2010
-951.575 530.871 2003
-954.99 530.871 2003
-956.969 530.076 2000
-956.057 527.691 1991
-957.041 526.366 1986
-960.427 526.366 1986
-961.386 525.04 1981
-961.354 523.185 1974
-963.742 522.655 1972
-967.104 522.655 1972
-967.02 520.8 1965
-969.383 520.27 1963
-970.251 518.945 1958
-973.589 518.945 1958
-973.435 517.089 1951
-973.256 515.234 1944
-975.565 514.704 1942
-978.876 514.704 1942
-981.175 514.174 1940
-984.482 514.174 1940
-987.789 514.174 1940
-991.097 514.174 1940
-991.841 512.849 1935
-995.14 512.849 1935
0.269925 129.296 491
-0.567106 129.296 491
-1.40414 129.296 491
-2.24117 129.296 491
-3.07193 129.033 490
-20.8746 120.869 459
-21.6571 120.869 459
-22.4396 120.869 459
-23.1715 120.606 458
-23.8999 120.343 457
-24.625 120.079 456
-25.4024 120.079 456
-26.1223 119.816 455
-26.8389 119.553 454
-27.4303 118.763 451
-28.0741 118.236 449
-28.8396 118.236 449
-29.5391 117.973 448
-30.2352 117.709 447
-30.8585 117.183 445
-31.6171 117.183 445
-32.2302 116.656 443
-32.9109 116.393 442
-33.6644 116.393 442
-34.3401 116.129 441
-35.0919 116.129 441
-35.8437 116.129 441
-36.5125 115.866 440
-37.2626 115.866 440
-38.0127 115.866 440
-38.7627 115.866 440
-39.5128 115.866 440
-40.2629 115.866 440
-41.013 115.866 440
-41.7631 115.866 440
-42.6098 116.129 441
-43.3616 116.129 441
-44.1134 116.129 441
-44.8652 116.129 441
-45.617 116.129 441
-46.3688 116.129 441
-47.1206 116.129 441
-47.8724 116.129 441
-48.5139 115.866 440
-46.241 108.756 413
-46.8314 108.493 412
-47.5337 108.493 412
-48.2361 108.493 412
-48.9384 108.493 412
-49.6408 108.493 412
-50.3431 108.493 412
-50.9216 108.229 411
-51.6223 108.229 411
-52.3229 108.229 411
-52.8945 107.966 410
-53.4628 107.703 409
-54.16 107.703 409
-54.7231 107.439 408
-55.4187 107.439 408
-55.9767 107.176 407
-56.6705 107.176 407
-57.3643 107.176 407
-58.0582 107.176 407
-58.6077 106.913 406
-59.2998 106.913 406
-59.9919 106.913 406
-60.684 106.913 406
-61.3762 106.913 406
-62.0683 106.913 406
-62.7604 106.913 406
-63.4525 106.913 406
-64.1447 106.913 406
-64.8368 106.913 406
-65.5289 106.913 406
-66.2211 106.913 406
-66.9132 106.913 406
-67.6053 106.913 406
-68.2974 106.913 406
-68.9896 106.913 406
-69.6817 106.913 406
-70.3738 106.913 406
-71.0659 106.913 406
-71.7581 106.913 406
-72.6286 107.176 407
-73.3225 107.176 407
-84.2004 121.923 463
-84.9897 121.923 463
-85.779 121.923 463
-86.5683 121.923 463
-80.7539 112.706 428
-81.4835 112.706 428
-82.2131 112.706 428
-82.9428 112.706 428
-90.5148 121.923 463
-91.3041 121.923 463
-92.0934 121.923 463
-93.0833 122.186 464
-93.8743 122.186 464
-94.6653 122.186 464
-95.4563 122.186 464
-96.2473 122.186 464
-93.9013 118.236 449
-94.6667 118.236 449
-95.4321 118.236 449
-95.9833 117.973 448
-96.747 117.973 448
-97.2931 117.709 447
-98.0551 117.709 447
-98.8172 117.709 447
-99.802 117.973 448
-100.566 117.973 448
-101.329 117.973 448
-102.093 117.973 448
-102.857 117.973 448
-103.389 117.709 447
-104.151 117.709 447
-104.913 117.709 447
-107.33 119.553 454
-108.104 119.553 454
-108.878 119.553 454
-109.652 119.553 454
-110.669 119.816 455
-111.445 119.816 455
-112.221 119.816 455
-112.996 119.816 455
-763.668 573.537 2178
-767.381 573.537 2178
-771.094 573.537 2178
-777.653 575.644 2186
-781.38 575.644 2186
-785.106 575.644 2186
-788.833 575.644 2186
-792.56 575.644 2186
-798.472 577.224 2192
-802.208 577.224 2192
-805.945 577.224 2192
-806.727 575.117 2184
-810.45 575.117 2184
-814.173 575.117 2184
-817.897 575.117 2184
-821.62 575.117 2184
-824.209 574.327 2181
-827.927 574.327 2181
-830.501 573.537 2178
-833.065 572.747 2175
-835.619 571.957 2172
-839.322 571.957 2172
-843.024 571.957 2172
-844.778 570.64 2167
-847.297 569.85 2164
-850.987 569.85 2164
-852.306 568.27 2158
-855.985 568.27 2158
-859.664 568.27 2158
-863.342 568.27 2158
-865.816 567.48 2155
-869.49 567.48 2155
-873.163 567.48 2155
-876.837 567.48 2155
-880.511 567.48 2155
-884.185 567.48 2155
-887.858 567.48 2155
-891.532 567.48 2155
-895.206 567.48 2155
-894.291 564.584 2144
-893.339 561.687 2133
-896.975 561.687 2133
-897.234 559.58 2125
-900.857 559.58 2125
-902.351 558.264 2120
-905.965 558.264 2120
-908.292 557.474 2117
-910.608 556.684 2114
-908.591 553.26 2101
-912.172 553.26 2101
-915.754 553.26 2101
-919.336 553.26 2101
-922.917 553.26 2101
-926.499 553.26 2101
-926.539 551.154 2093
-925.663 548.521 2083
-924.307 545.624 2072
-927.839 545.624 2072
-928.225 543.781 2065
-928.136 541.674 2057
-929.378 540.357 2052
-929.239 538.251 2044
-932.724 538.251 2044
-933.918 536.934 2039
-937.394 536.934 2039
-939.947 536.407 2037
-943.42 536.407 2037
-943.638 534.564 2030
-943.366 532.457 2022
-942.131 529.824 2012
-945.561 529.824 2012
-948.047 529.297 2010
-948.16 527.454 2003
-950.15 526.664 2000
-953.559 526.664 2000
-952.662 524.294 1991
-954.616 523.504 1988
-956.077 522.451 1984
-959.46 522.451 1984
-957.989 519.817 1974
-960.38 519.291 1972
-962.764 518.764 1970
-966.123 518.764 1970
-967.02 517.447 1965
-969.383 516.921 1963
-970.251 515.604 1958
-973.589 515.604 1958
-973.435 513.761 1951
-973.256 511.917 1944
-975.565 511.391 1942
-978.876 511.391 1942
-981.175 510.864 1940
-984.482 510.864 1940
-987.789 510.864 1940
-991.097 510.864 1940
-991.841 509.547 1935
-995.14 509.547 1935
-0.565951 128.197 490
-1.40128 128.197 490
-2.2366 128.197 490
-20.9201 120.348 460
-21.7043 120.348 460
-22.4885 120.348 460
-23.1715 119.825 458
-23.8999 119.563 457
-24.625 119.301 456
-25.4024 119.301 456
-26.1223 119.04 455
-26.8389 118.778 454
-27.4912 118.255 452
-28.2617 118.255 452
-28.9038 117.732 450
-29.5391 117.208 448
-30.2352 116.947 447
-30.8585 116.424 445
-31.6171 116.424 445
-32.2302 115.9 443
-32.9109 115.639 442
-33.5883 115.377 441
-34.3401 115.377 441
-35.0919 115.377 441
-35.7624 115.115 440
-36.5125 115.115 440
-37.2626 115.115 440
-38.0127 115.115 440
-38.7627 115.115 440
-39.5128 115.115 440
-40.1714 114.854 439
-41.013 115.115 440
-41.7631 115.115 440
-42.6098 115.377 441
-43.3616 115.377 441
-44.1134 115.377 441
-44.8652 115.377 441
-45.617 115.377 441
-46.3688 115.377 441
-47.1206 115.377 441
-47.8724 115.377 441
-48.5139 115.115 440
-49.264 115.115 440
-50.0141 115.115 440
-47.5337 107.79 412
-48.3532 108.051 413
-49.0572 108.051 413
-49.7613 108.051 413
-50.4653 108.051 413
-51.0455 107.79 412
-51.7479 107.79 412
-52.3229 107.528 411
-53.0236 107.528 411
-53.5935 107.267 410
-54.2924 107.267 410
-54.7231 106.743 408
-55.4187 106.743 408
-56.1142 106.743 408
-56.8097 106.743 408
-57.3643 106.482 407
-58.0582 106.482 407
-58.752 106.482 407
-59.4458 106.482 407
-59.9919 106.22 406
-60.684 106.22 406
-61.3762 106.22 406
-62.0683 106.22 406
-62.7604 106.22 406
-63.4525 106.22 406
-64.1447 106.22 406
-64.8368 106.22 406
-65.5289 106.22 406
-66.2211 106.22 406
-66.9132 106.22 406
-67.6053 106.22 406
-68.2974 106.22 406
-68.9896 106.22 406
-69.6817 106.22 406
-70.3738 106.22 406
-71.0659 106.22 406
-71.7581 106.22 406
-72.6286 106.482 407
-73.3225 106.482 407
-84.2004 121.133 463
-84.9897 121.133 463
-85.779 121.133 463
-86.5683 121.133 463
-80.7539 111.976 428
-81.4835 111.976 428
-82.2131 111.976 428
-89.7255 121.133 463
-90.5148 121.133 463
-91.3041 121.133 463
-92.0934 121.133 463
-93.0833 121.394 464
-93.8743 121.394 464
-94.6653 121.394 464
-95.4563 121.394 464
-96.2473 121.394 464
-94.9469 118.778 454
-94.6667 117.47 449
-95.4321 117.47 449
-96.1976 117.47 449
-96.963 117.47 449
-97.5108 117.208 448
-98.2745 117.208 448
-99.0382 117.208 448
-99.802 117.208 448
-100.566 117.208 448
-101.329 117.208 448
-102.093 117.208 448
-102.857 117.208 448
-103.389 116.947 447
-104.151 116.947 447
-104.913 116.947 447
-106.857 118.255 452
-107.866 118.517 453
-108.878 118.778 454
-109.652 118.778 454
-110.669 119.04 455
-111.445 119.04 455
-112.221 119.04 455
-763.668 569.821 2178
-767.381 569.821 2178
-771.094 569.821 2178
-777.653 571.914 2186
-781.38 571.914 2186
-786.184 572.699 2189
-789.915 572.699 2189
-795.823 574.269 2195
-799.564 574.269 2195
-803.306 574.269 2195
-805.945 573.484 2192
-809.682 573.484 2192
-813.419 573.484 2192
-817.156 573.484 2192
-818.646 571.914 2186
-822.372 571.914 2186
-825.343 571.391 2184
-829.066 571.391 2184
-831.645 570.606 2181
-834.214 569.821 2178
-836.773 569.036 2175
-840.481 569.036 2175
-844.189 569.036 2175
-846.727 568.251 2172
-847.297 566.158 2164
-850.987 566.158 2164
-854.676 566.158 2164
-855.985 564.589 2158
-859.664 564.589 2158
-863.342 564.589 2158
-867.021 564.589 2158
-870.7 564.589 2158
-874.379 564.589 2158
-878.058 564.589 2158
-881.737 564.589 2158
-884.185 563.804 2155
-887.858 563.804 2155
-891.532 563.804 2155
-893.129 562.496 2150
-895.543 561.711 2147
-893.339 558.048 2133
-896.975 558.048 2133
-897.234 555.955 2125
-899.585 555.17 2122
-901.074 553.862 2117
-904.683 553.862 2117
-908.292 553.862 2117
-911.901 553.862 2117
-908.591 549.676 2101
-912.172 549.676 2101
-915.754 549.676 2101
-919.336 549.676 2101
-922.917 549.676 2101
-926.499 549.676 2101
-926.539 547.583 2093
-924.33 544.182 2080
-922.077 540.781 2067
-925.6 540.781 2067
-926.877 539.472 2062
-927.233 537.641 2055
-927.113 535.548 2047
-930.603 535.548 2047
-931.811 534.24 2042
-933.918 533.455 2039
-936.474 532.932 2037
-939.947 532.932 2037
-942.03 532.147 2034
-941.314 529.792 2025
-942.433 528.484 2020
-942.131 526.391 2012
-945.561 526.391 2012
-947.104 525.345 2008
-946.74 523.252 2000
-949.2 522.728 1998
-952.606 522.728 1998
-951.227 520.112 1988
-953.656 519.589 1986
-956.077 519.066 1984
-959.46 519.066 1984
-957.989 516.449 1974
-959.406 515.403 1970
-961.298 514.618 1967
-964.651 514.618 1967
-967.02 514.095 1965
-967.901 512.787 1960
-969.26 511.74 1956
-972.595 511.74 1956
-972.437 509.909 1949
-973.256 508.601 1944
-974.561 507.554 1940
-977.868 507.554 1940
-981.175 507.554 1940
-983.467 507.031 1938
-985.244 506.246 1935
-988.542 506.246 1935
-990.816 505.723 1933
-994.111 505.723 1933
-20.9201 119.563 460
-21.7043 119.563 460
-22.4885 119.563 460
-23.1715 119.043 458
-23.8999 118.783 457
-24.625 118.523 456
-25.4024 118.523 456
-26.1223 118.263 455
-26.8389 118.004 454
-27.4912 117.484 452
-28.2617 117.484 452
-28.9038 116.964 450
-29.605 116.704 449
-30.2352 116.184 447
-30.9278 115.924 446
-31.6881 115.924 446
-32.2302 115.144 443
-32.9109 114.885 442
-33.5883 114.625 441
-34.3401 114.625 441
-35.0919 114.625 441
-35.8437 114.625 441
-36.5125 114.365 440
-37.2626 114.365 440
-38.0127 114.365 440
-38.7627 114.365 440
-39.5128 114.365 440
-40.1714 114.105 439
-41.013 114.365 440
-41.7631 114.365 440
-42.6098 114.625 441
-43.3616 114.625 441
-44.1134 114.625 441
-44.8652 114.625 441
-45.617 114.625 441
-46.3688 114.625 441
-47.1206 114.625 441
-47.7638 114.365 440
-48.5139 114.365 440
-49.264 114.365 440
-50.0141 114.365 440
-47.5337 107.087 412
-48.3532 107.347 413
-49.0572 107.347 413
-49.7613 107.347 413
-50.4653 107.347 413
-51.0455 107.087 412
-51.7479 107.087 412
-52.3229 106.827 411
-53.0236 106.827 411
-53.5935 106.567 410
-54.2924 106.567 410
-54.7231 106.047 408
-55.4187 106.047 408
-56.1142 106.047 408
-56.8097 106.047 408
-57.3643 105.787 407
-58.0582 105.787 407
-58.752 105.787 407
-59.4458 105.787 407
-59.9919 105.527 406
-60.684 105.527 406
-61.3762 105.527 406
-62.0683 105.527 406
-62.7604 105.527 406
-63.4525 105.527 406
-64.1447 105.527 406
-64.8368 105.527 406
-65.5289 105.527 406
-66.2211 105.527 406
-66.9132 105.527 406
-67.6053 105.527 406
-68.2974 105.527 406
-68.9896 105.527 406
-69.6817 105.527 406
-70.3738 105.527 406
-71.0659 105.527 406
-71.7581 105.527 406
-72.4502 105.527 406
-83.5912 120.603 464
-84.3822 120.603 464
-85.1732 120.603 464
-85.779 120.343 463
-86.5683 120.343 463
-81.5086 112.285 432
-82.0546 112.025 431
-82.5973 111.765 430
-89.7255 120.343 463
-90.5148 120.343 463
-91.3041 120.343 463
-92.0934 120.343 463
-93.0833 120.603 464
-93.8743 120.603 464
-94.6653 120.603 464
-95.4563 120.603 464
-96.2473 120.603 464
-94.9469 118.004 454
-94.6667 116.704 449
-95.4321 116.704 449
-96.1976 116.704 449
-96.963 116.704 449
-97.5108 116.444 448
-98.2745 116.444 448
-99.0382 116.444 448
-99.802 116.444 448
-100.566 116.444 448
-101.329 116.444 448
-102.093 116.444 448
-102.857 116.444 448
-103.389 116.184 447
-104.151 116.184 447
-107.26 118.783 457
-108.039 118.783 457
-108.819 118.783 457
-109.598 118.783 457
-110.135 118.523 456
-110.669 118.263 455
-111.445 118.263 455
-112.221 118.263 455
-763.668 566.105 2178
-770.2 568.185 2186
-773.927 568.185 2186
-777.653 568.185 2186
-782.452 568.964 2189
-786.184 568.964 2189
-789.915 568.964 2189
-795.823 570.524 2195
-799.564 570.524 2195
-803.306 570.524 2195
-805.945 569.744 2192
-809.682 569.744 2192
-813.419 569.744 2192
-817.156 569.744 2192
-818.646 568.185 2186
-822.372 568.185 2186
-825.343 567.665 2184
-829.066 567.665 2184
-831.645 566.885 2181
-834.214 566.105 2178
-836.773 565.325 2175
-840.481 565.325 2175
-844.189 565.325 2175
-846.727 564.546 2172
-847.297 562.466 2164
-850.987 562.466 2164
-854.676 562.466 2164
-855.985 560.907 2158
-859.664 560.907 2158
-863.342 560.907 2158
-867.021 560.907 2158
-870.7 560.907 2158
-874.379 560.907 2158
-878.058 560.907 2158
-881.737 560.907 2158
-884.185 560.127 2155
-887.858 560.127 2155
-891.532 560.127 2155
-893.129 558.827 2150
-895.543 558.048 2147
-893.339 554.409 2133
-896.975 554.409 2133
-897.234 552.329 2125
-899.585 551.55 2122
-901.074 550.25 2117
-904.683 550.25 2117
-908.292 550.25 2117
-911.901 550.25 2117
-908.591 546.091 2101
-912.172 546.091 2101
-915.754 546.091 2101
-919.336 546.091 2101
-922.917 546.091 2101
-926.499 546.091 2101
-926.539 544.012 2093
-924.33 540.633 2080
-922.077 537.254 2067
-925.6 537.254 2067
-925.978 535.435 2060
-925.88 533.355 2052
-927.113 532.056 2047
-930.603 532.056 2047
-930.442 529.976 2039
-933.002 529.457 2037
-936.474 529.457 2037
-939.947 529.457 2037
-942.03 528.677 2034
-941.314 526.338 2025
-941.034 524.258 2017
-944.472 524.258 2017
-944.621 522.439 2010
-945.689 521.139 2005
-946.74 519.839 2000
-948.249 518.8 1996
-951.652 518.8 1996
-951.227 516.72 1988
-952.695 515.681 1984
-954.632 514.901 1981
-958.009 514.901 1981
-957.018 512.562 1972
-959.406 512.042 1970
-961.298 511.262 1967
-964.651 511.262 1967
-966.036 510.222 1963
-966.913 508.923 1958
-969.26 508.403 1956
-972.595 508.403 1956
-972.437 506.584 1949
-973.256 505.284 1944
-974.561 504.244 1940
-977.868 504.244 1940
-980.164 503.724 1938
-981.945 502.945 1935
-984.225 502.425 1933
-987.521 502.425 1933
-990.816 502.425 1933
-994.111 502.425 1933
1.94399 126.783 491
1.10696 126.783 491
0.269925 126.783 491
-0.565951 126.525 490
-1.40128 126.525 490
-2.23204 126.266 489
-3.06566 126.266 489
-3.88333 125.75 487
-4.71355 125.75 487
-20.9201 118.778 460
-21.7043 118.778 460
-22.4885 118.778 460
-23.222 118.52 459
-23.9522 118.262 458
-24.679 118.004 457
-25.4581 118.004 457
-26.1797 117.745 456
-26.898 117.487 455
-27.552 116.971 453
-28.3242 116.971 453
-28.968 116.454 451
-29.605 115.938 449
-30.2352 115.422 447
-30.9278 115.163 446
-31.6881 115.163 446
-32.2302 114.389 443
-32.9109 114.13 442
-33.5883 113.872 441
-34.3401 113.872 441
-35.0919 113.872 441
-35.8437 113.872 441
-36.5125 113.614 440
-37.2626 113.614 440
-38.0127 113.614 440
-38.7627 113.614 440
-39.5128 113.614 440
-40.1714 113.356 439
-41.013 113.614 440
-41.7631 113.614 440
-42.5132 113.614 440
-43.3616 113.872 441
-44.1134 113.872 441
-44.8652 113.872 441
-45.617 113.872 441
-46.3688 113.872 441
-47.1206 113.872 441
-47.7638 113.614 440
-48.5139 113.614 440
-49.264 113.614 440
-50.0141 113.614 440
-47.5337 106.384 412
-48.3532 106.642 413
-49.0572 106.642 413
-49.7613 106.642 413
-50.4653 106.642 413
-51.0455 106.384 412
-51.7479 106.384 412
-52.3229 106.126 411
-53.0236 106.126 411
-53.5935 105.868 410
-54.2924 105.868 410
-54.7231 105.351 408
-55.4187 105.351 408
-56.1142 105.351 408
-56.8097 105.351 408
-57.3643 105.093 407
-58.0582 105.093 407
-58.752 105.093 407
-59.4458 105.093 407
-59.9919 104.835 406
-60.684 104.835 406
-61.3762 104.835 406
-62.0683 104.835 406
-62.7604 104.835 406
-63.4525 104.835 406
-64.1447 104.835 406
-64.8368 104.835 406
-65.5289 104.835 406
-66.2211 104.835 406
-66.9132 104.835 406
-67.6053 104.835 406
-68.2974 104.835 406
-68.9896 104.835 406
-69.6817 104.835 406
-70.3738 104.835 406
-71.0659 104.835 406
-83.5912 119.811 464
-84.3822 119.811 464
-85.1732 119.811 464
-85.779 119.553 463
-86.5683 119.553 463
-81.5086 111.548 432
-87.9565 119.295 462
-88.7441 119.295 462
-89.7255 119.553 463
-90.5148 119.553 463
-91.3041 119.553 463
-92.0934 119.553 463
-93.0833 119.811 464
-93.8743 119.811 464
-94.6653 119.811 464
-95.4563 119.811 464
-94.5878 117.745 456
-95.3652 117.745 456
-96.1426 117.745 456
-96.4949 117.229 454
-97.2688 117.229 454
-97.8268 116.971 453
-97.9461 116.196 450
-99.1519 116.713 452
-99.9225 116.713 452
-100.693 116.713 452
-101.464 116.713 452
-102.234 116.713 452
-103.005 116.713 452
-103.546 116.454 451
-103.621 115.68 448
-104.384 115.68 448
-107.26 118.004 457
-108.039 118.004 457
-108.819 118.004 457
-109.598 118.004 457
-110.135 117.745 456
-110.183 116.971 453
-765.772 563.939 2184
-770.2 564.455 2186
-773.927 564.455 2186
-780.855 566.779 2195
-784.597 566.779 2195
-788.339 566.779 2195
-790.998 566.004 2192
-796.91 567.554 2198
-800.657 567.554 2198
-804.404 567.554 2198
-807.048 566.779 2195
-809.682 566.004 2192
-813.419 566.004 2192
-817.156 566.004 2192
-818.646 564.455 2186
-822.372 564.455 2186
-825.343 563.939 2184
-829.066 563.939 2184
-831.645 563.164 2181
-835.363 563.164 2181
-837.927 562.389 2178
-841.64 562.389 2178
-844.189 561.615 2175
-846.727 560.84 2172
-847.297 558.774 2164
-850.987 558.774 2164
-854.676 558.774 2164
-855.985 557.225 2158
-859.664 557.225 2158
-863.342 557.225 2158
-867.021 557.225 2158
-870.7 557.225 2158
-874.379 557.225 2158
-878.058 557.225 2158
-881.737 557.225 2158
-884.185 556.45 2155
-887.858 556.45 2155
-891.532 556.45 2155
-893.129 555.159 2150
-895.543 554.385 2147
-893.339 550.77 2133
-896.975 550.77 2133
-895.967 547.929 2122
-899.585 547.929 2122
-901.074 546.638 2117
-904.683 546.638 2117
-908.292 546.638 2117
-911.901 546.638 2117
-908.591 542.507 2101
-912.172 542.507 2101
-915.754 542.507 2101
-919.336 542.507 2101
-921.599 541.732 2098
-925.176 541.732 2098
-924.326 539.15 2088
-922.108 535.793 2075
-922.077 533.728 2067
-925.6 533.728 2067
-925.978 531.92 2060
-925.88 529.854 2052
-927.113 528.563 2047
-930.603 528.563 2047
-930.442 526.498 2039
-933.002 525.981 2037
-936.474 525.981 2037
-939.947 525.981 2037
-942.03 525.207 2034
-941.314 522.883 2025
-941.034 520.817 2017
-944.472 520.817 2017
-944.621 519.009 2010
-945.689 517.718 2005
-946.74 516.427 2000
-948.249 515.394 1996
-951.652 515.394 1996
-951.227 513.329 1988
-952.695 512.296 1984
-954.632 511.521 1981
-958.009 511.521 1981
-957.018 509.197 1972
-959.406 508.681 1970
-961.298 507.906 1967
-964.651 507.906 1967
-966.036 506.873 1963
-966.913 505.582 1958
-969.26 505.066 1956
-972.595 505.066 1956
-972.437 503.258 1949
-973.256 501.967 1944
-973.556 500.418 1938
-976.86 500.418 1938
-978.646 499.643 1935
-980.93 499.127 1933
-984.225 499.127 1933
-987.521 499.127 1933
-989.791 498.611 1931
-993.083 498.611 1931
1.94399 125.945 491
1.10696 125.945 491
0.269925 125.945 491
-0.565951 125.689 490
-1.40128 125.689 490
-2.23204 125.432 489
-3.06566 125.432 489
-3.88333 124.919 487
-4.71355 124.919 487
-5.54376 124.919 487
-6.36088 124.663 486
-7.1746 124.406 485
-8.0014 124.406 485
-8.81 124.15 484
-9.6351 124.15 484
-10.4602 124.15 484
-11.2853 124.15 484
-20.9201 117.993 460
-21.7043 117.993 460
-22.4885 117.993 460
-23.2726 117.993 460
-24.0045 117.737 459
-24.733 117.48 458
-25.5138 117.48 458
-26.1797 116.967 456
-26.898 116.711 455
-27.6128 116.454 454
-28.3868 116.454 454
-29.0323 115.941 452
-29.605 115.172 449
-30.2352 114.659 447
-30.9278 114.402 446
-31.6881 114.402 446
-32.303 113.889 444
-32.9109 113.376 442
-33.6644 113.376 442
-34.4179 113.376 442
-35.1714 113.376 442
-35.8437 113.12 441
-36.5955 113.12 441
-37.3473 113.12 441
-38.0127 112.863 440
-38.7627 112.863 440
-39.5128 112.863 440
-40.2629 112.863 440
-41.013 112.863 440
-41.7631 112.863 440
-42.5132 112.863 440
-43.3616 113.12 441
-44.1134 113.12 441
-44.8652 113.12 441
-45.617 113.12 441
-46.3688 113.12 441
-47.1206 113.12 441
-47.7638 112.863 440
-48.5139 112.863 440
-49.264 112.863 440
-50.0141 112.863 440
-47.5337 105.681 412
-48.2361 105.681 412
-48.9384 105.681 412
-49.6408 105.681 412
-50.3431 105.681 412
-50.9216 105.425 411
-51.6223 105.425 411
-52.3229 105.425 411
-53.0236 105.425 411
-53.5935 105.168 410
-54.2924 105.168 410
-54.7231 104.655 408
-55.4187 104.655 408
-56.1142 104.655 408
-56.8097 104.655 408
-57.3643 104.399 407
-58.0582 104.399 407
-58.752 104.399 407
-59.4458 104.399 407
-59.9919 104.142 406
-60.684 104.142 406
-61.3762 104.142 406
-62.0683 104.142 406
-62.7604 104.142 406
-63.4525 104.142 406
-64.1447 104.142 406
-64.8368 104.142 406
-65.5289 104.142 406
-66.2211 104.142 406
-66.9132 104.142 406
-67.6053 104.142 406
-68.2974 104.142 406
-68.9896 104.142 406
-69.6817 104.142 406
-70.3738 104.142 406
-71.0659 104.142 406
-83.5912 119.019 464
-84.3822 119.019 464
-85.1732 119.019 464
-85.9642 119.019 464
-86.7552 119.019 464
-81.5086 110.811 432
-87.9565 118.506 462
-88.7441 118.506 462
-89.7255 118.763 463
-90.5148 118.763 463
-91.3041 118.763 463
-92.0934 118.763 463
-91.8796 117.48 458
-92.6604 117.48 458
-93.4412 117.48 458
-94.0162 117.224 457
-94.5878 116.967 456
-95.3652 116.967 456
-96.1426 116.967 456
-96.9199 116.967 456
-97.6973 116.967 456
-98.4747 116.967 456
-99.252 116.967 456
-99.81 116.711 455
-100.586 116.711 455
-101.361 116.711 455
-102.137 116.711 455
-102.913 116.711 455
-103.688 116.711 455
-104.234 116.454 454
-105.008 116.454 454
-104.384 114.915 448
-107.26 117.224 457
-108.039 117.224 457
-108.819 117.224 457
-109.598 117.224 457
-110.135 116.967 456
-765.772 560.212 2184
-770.2 560.725 2186
-773.927 560.725 2186
-780.855 563.034 2195
-784.597 563.034 2195
-788.339 563.034 2195
-790.998 562.265 2192
-796.91 563.804 2198
-800.657 563.804 2198
-804.404 563.804 2198
-807.048 563.034 2195
-809.682 562.265 2192
-813.419 562.265 2192
-817.156 562.265 2192
-818.646 560.725 2186
-822.372 560.725 2186
-825.343 560.212 2184
-829.066 560.212 2184
-831.645 559.443 2181
-835.363 559.443 2181
-837.927 558.673 2178
-841.64 558.673 2178
-844.189 557.904 2175
-846.727 557.134 2172
-848.472 555.852 2167
-852.166 555.852 2167
-854.676 555.082 2164
-855.985 553.543 2158
-859.664 553.543 2158
-863.342 553.543 2158
-867.021 553.543 2158
-870.7 553.543 2158
-874.379 553.543 2158
-878.058 553.543 2158
-881.737 553.543 2158
-884.185 552.774 2155
-887.858 552.774 2155
-891.532 552.774 2155
-894.375 552.261 2153
-895.543 550.722 2147
-892.502 546.618 2131
-896.134 546.618 2131
-895.123 543.796 2120
-898.737 543.796 2120
-901.074 543.026 2117
-904.683 543.026 2117
-908.292 543.026 2117
-910.608 542.257 2114
-908.591 538.922 2101
-912.172 538.922 2101
-914.446 538.153 2098
-918.023 538.153 2098
-921.599 538.153 2098
-925.176 538.153 2098
-924.326 535.588 2088
-920.775 531.484 2072
-921.184 529.688 2065
-924.705 529.688 2065
-923.73 527.123 2055
-924.526 525.584 2049
-927.113 525.071 2047
-930.603 525.071 2047
-930.442 523.019 2039
-931.628 521.736 2034
-935.095 521.736 2034
-938.563 521.736 2034
-941.104 521.223 2032
-941.314 519.428 2025
-941.034 517.376 2017
-944.472 517.376 2017
-944.621 515.58 2010
-945.689 514.298 2005
-944.847 511.989 1996
-946.824 511.22 1993
-949.268 510.707 1991
-950.27 509.424 1986
-951.255 508.141 1981
-952.704 507.115 1977
-956.074 507.115 1977
-956.048 505.32 1970
-959.406 505.32 1970
-961.298 504.55 1967
-964.651 504.55 1967
-966.036 503.524 1963
-966.913 502.242 1958
-970.251 502.242 1958
-973.589 502.242 1958
-973.435 500.446 1951
-974.758 499.42 1947
-973.556 497.112 1938
-976.86 497.112 1938
-978.646 496.342 1935
-980.93 495.829 1933
-984.225 495.829 1933
-987.521 495.829 1933
-989.791 495.316 1931
-993.083 495.316 1931
1.94399 125.107 491
1.10696 125.107 491
0.269925 125.107 491
-0.565951 124.853 490
-1.40128 124.853 490
-2.23204 124.598 489
-3.06566 124.598 489
-3.88333 124.088 487
-4.71355 124.088 487
-5.54376 124.088 487
-6.36088 123.833 486
-7.1746 123.579 485
-8.0014 123.579 485
-8.81 123.324 484
-9.6351 123.324 484
-10.4602 123.324 484
-11.2853 123.324 484
-12.0854 123.069 483
-21.011 117.718 462
-21.7986 117.718 462
-22.5862 117.718 462
-23.3232 117.463 461
-24.0568 117.209 460
-24.733 116.699 458
-25.5138 116.699 458
-26.1797 116.189 456
-26.9571 116.189 456
-27.6128 115.68 454
-28.3868 115.68 454
-29.0323 115.17 452
-29.605 114.406 449
-30.3028 114.151 448
-30.9972 113.896 447
-31.7592 113.896 447
-32.3757 113.387 445
-32.9109 112.622 442
-33.6644 112.622 442
-34.4179 112.622 442
-35.1714 112.622 442
-35.9249 112.622 442
-36.5955 112.367 441
-37.3473 112.367 441
-38.0127 112.113 440
-38.7627 112.113 440
-39.5128 112.113 440
-40.2629 112.113 440
-41.013 112.113 440
-41.7631 112.113 440
-42.5132 112.113 440
-43.3616 112.367 441
-44.1134 112.367 441
-44.8652 112.367 441
-45.617 112.367 441
-46.3688 112.367 441
-47.0137 112.113 440
-47.7638 112.113 440
-48.5139 112.113 440
-49.264 112.113 440
-50.0141 112.113 440
-50.221 104.723 411
-50.9216 104.723 411
-51.6223 104.723 411
-52.3229 104.723 411
-52.8945 104.469 410
-59.2998 103.449 406
-59.9919 103.449 406
-60.684 103.449 406
-61.3762 103.449 406
-62.0683 103.449 406
-62.7604 103.449 406
-63.4525 103.449 406
-64.1447 103.449 406
-64.8368 103.449 406
-65.5289 103.449 406
-66.2211 103.449 406
-66.9132 103.449 406
-67.6053 103.449 406
-68.2974 103.449 406
-68.9896 103.449 406
-83.5912 118.228 464
-84.3822 118.228 464
-85.1732 118.228 464
-85.9642 118.228 464
-86.7552 118.228 464
-81.5086 110.074 432
-87.9565 117.718 462
-88.7441 117.718 462
-89.7255 117.973 463
-90.5148 117.973 463
-91.3041 117.973 463
-92.0934 117.973 463
-91.8796 116.699 458
-92.6604 116.699 458
-93.4412 116.699 458
-94.2219 116.699 458
-94.7953 116.444 457
-95.7835 116.699 458
-96.5643 116.699 458
-97.345 116.699 458
-98.1258 116.699 458
-98.6906 116.444 457
-99.6873 116.699 458
-100.468 116.699 458
-101.249 116.699 458
-102.03 116.699 458
-102.81 116.699 458
-103.591 116.699 458
-104.828 117.209 460
-105.612 117.209 460
-106.396 117.209 460
-104.384 114.151 448
-765.772 556.486 2184
-770.2 556.996 2186
-773.927 556.996 2186
-780.855 559.289 2195
-784.597 559.289 2195
-788.339 559.289 2195
-790.998 558.525 2192
-796.91 560.054 2198
-800.657 560.054 2198
-804.404 560.054 2198
-807.048 559.289 2195
-809.682 558.525 2192
-813.419 558.525 2192
-817.156 558.525 2192
-818.646 556.996 2186
-822.372 556.996 2186
-825.343 556.486 2184
-829.066 556.486 2184
-832.789 556.486 2184
-835.363 555.722 2181
-837.927 554.958 2178
-841.64 554.958 2178
-844.189 554.193 2175
-846.727 553.429 2172
-848.472 552.155 2167
-852.166 552.155 2167
-854.676 551.39 2164
-855.985 549.861 2158
-859.664 549.861 2158
-863.342 549.861 2158
-867.021 549.861 2158
-870.7 549.861 2158
-874.379 549.861 2158
-878.058 549.861 2158
-881.737 549.861 2158
-884.185 549.097 2155
-887.858 549.097 2155
-891.532 549.097 2155
-894.375 548.588 2153
-895.543 547.059 2147
-892.502 542.982 2131
-896.134 542.982 2131
-893.856 539.415 2117
-898.737 540.179 2120
-902.351 540.179 2120
-905.965 540.179 2120
-909.579 540.179 2120
-909.747 538.141 2112
-906.428 534.064 2096
-910.001 534.064 2096
-913.574 534.064 2096
-917.148 534.064 2096
-919.403 533.299 2093
-922.971 533.299 2093
-922.998 531.261 2085
-919.886 527.439 2070
-917.616 524.127 2057
-921.122 524.127 2057
-921.033 522.088 2049
-922.27 520.814 2044
-923.49 519.54 2039
-926.966 519.54 2039
-928.16 518.266 2034
-929.796 517.247 2030
-933.256 517.247 2030
-936.717 517.247 2030
-938.788 516.483 2027
-938.99 514.699 2020
-937.768 512.151 2010
-941.194 512.151 2010
-942.271 510.877 2005
-944.746 510.367 2003
-943.427 507.819 1993
-946.824 507.819 1993
-949.268 507.31 1991
-947.878 504.762 1981
-950.294 504.252 1979
-953.668 504.252 1979
-956.074 503.742 1977
-956.048 501.959 1970
-959.406 501.959 1970
-962.764 501.959 1970
-964.651 501.194 1967
-964.56 499.411 1960
-966.913 498.901 1958
-970.251 498.901 1958
-973.589 498.901 1958
-973.435 497.118 1951
-974.758 496.098 1947
-973.556 493.805 1938
-976.86 493.805 1938
-977.635 492.531 1933
-979.915 492.022 1931
-983.207 492.022 1931
-986.499 492.022 1931
-988.766 491.512 1929
-992.054 491.512 1929
1.94399 124.27 491
1.10696 124.27 491
0.269925 124.27 491
-0.565951 124.017 490
-1.40128 124.017 490
-2.23204 123.764 489
-3.05939 123.511 488
-3.88333 123.257 487
-4.71355 123.257 487
-5.54376 123.257 487
-6.36088 123.004 486
-7.1746 122.751 485
-8.0014 122.751 485
-8.81 122.498 484
-9.6351 122.498 484
-10.4602 122.498 484
-11.2853 122.498 484
-12.0854 122.245 483
-21.011 116.93 462
-21.7986 116.93 462
-22.5862 116.93 462
-23.3232 116.677 461
-24.0568 116.424 460
-24.733 115.918 458
-25.5138 115.918 458
-26.1797 115.411 456
-26.9571 115.411 456
-27.6128 114.905 454
-28.3868 114.905 454
-29.0323 114.399 452
-29.605 113.64 449
-30.3028 113.387 448
-30.9972 113.134 447
-31.7592 113.134 447
-32.3757 112.627 445
-32.9109 111.868 442
-33.6644 111.868 442
-34.4179 111.868 442
-35.1714 111.868 442
-35.9249 111.868 442
-36.5955 111.615 441
-37.3473 111.615 441
-38.0127 111.362 440
-38.7627 111.362 440
-39.5128 111.362 440
-40.2629 111.362 440
-41.013 111.362 440
-41.7631 111.362 440
-42.5132 111.362 440
-43.3616 111.615 441
-44.1134 111.615 441
-44.8652 111.615 441
-45.617 111.615 441
-46.3688 111.615 441
-47.0137 111.362 440
-47.7638 111.362 440
-48.5139 111.362 440
-49.264 111.362 440
-50.0141 111.362 440
-66.2211 102.757 406
-66.9132 102.757 406
-67.6053 102.757 406
-68.2974 102.757 406
-83.5912 117.436 464
-84.3822 117.436 464
-85.1732 117.436 464
-85.9642 117.436 464
-86.7552 117.436 464
-87.1689 116.93 462
-87.9565 116.93 462
-88.7441 116.93 462
-89.7255 117.183 463
-90.5148 117.183 463
-91.3041 117.183 463
-90.8999 115.665 457
-91.8796 115.918 458
-92.6604 115.918 458
-93.4412 115.918 458
-94.2219 115.918 458
-94.7953 115.665 457
-95.7835 115.918 458
-96.5643 115.918 458
-97.345 115.918 458
-98.1258 115.918 458
-98.6906 115.665 457
-99.6873 115.918 458
-100.468 115.918 458
-101.249 115.918 458
-102.03 115.918 458
-102.81 115.918 458
-103.591 115.918 458
-104.828 116.424 460
-105.612 116.424 460
-106.396 116.424 460
-765.772 552.76 2184
-770.2 553.266 2186
-773.927 553.266 2186
-780.855 555.544 2195
-784.597 555.544 2195
-788.339 555.544 2195
-790.998 554.785 2192
-793.647 554.026 2189
-797.379 554.026 2189
-801.111 554.026 2189
-804.842 554.026 2189
-808.574 554.026 2189
-812.306 554.026 2189
-816.037 554.026 2189
-818.646 553.266 2186
-822.372 553.266 2186
-825.343 552.76 2184
-829.066 552.76 2184
-832.789 552.76 2184
-835.363 552.001 2181
-836.773 550.482 2175
-840.481 550.482 2175
-843.024 549.723 2172
-845.557 548.964 2169
-848.472 548.458 2167
-852.166 548.458 2167
-854.676 547.698 2164
-855.985 546.18 2158
-859.664 546.18 2158
-863.342 546.18 2158
-867.021 546.18 2158
-870.7 546.18 2158
-874.379 546.18 2158
-878.058 546.18 2158
-881.737 546.18 2158
-884.185 545.42 2155
-887.858 545.42 2155
-891.532 545.42 2155
-894.375 544.914 2153
-895.543 543.396 2147
-892.502 539.346 2131
-896.134 539.346 2131
-893.856 535.803 2117
-898.737 536.562 2120
-902.351 536.562 2120
-905.965 536.562 2120
-909.579 536.562 2120
-909.747 534.537 2112
-906.428 530.488 2096
-910.001 530.488 2096
-913.574 530.488 2096
-917.148 530.488 2096
-919.403 529.729 2093
-922.971 529.729 2093
-922.998 527.704 2085
-919.886 523.907 2070
-917.616 520.617 2057
-921.122 520.617 2057
-918.786 517.327 2044
-920.014 516.061 2039
-923.49 516.061 2039
-926.966 516.061 2039
-926.335 513.784 2030
-929.796 513.784 2030
-933.256 513.784 2030
-936.717 513.784 2030
-938.788 513.024 2027
-937.595 510.493 2017
-936.835 508.215 2008
-940.258 508.215 2008
-942.271 507.456 2005
-943.331 506.191 2000
-943.427 504.419 1993
-946.824 504.419 1993
-947.838 503.154 1988
-946.921 500.876 1979
-950.294 500.876 1979
-953.668 500.876 1979
-954.624 499.61 1974
-956.048 498.598 1970
-959.406 498.598 1970
-962.764 498.598 1970
-964.651 497.839 1967
-964.56 496.067 1960
-967.901 496.067 1960
-971.242 496.067 1960
-973.589 495.561 1958
-973.435 493.789 1951
-974.758 492.777 1947
-978.077 492.777 1947
-976.86 490.499 1938
-977.635 489.233 1933
-979.915 488.727 1931
-983.207 488.727 1931
-986.499 488.727 1931
-988.766 488.221 1929
-990.511 487.462 1926
0.268826 122.929 489
-0.564796 122.929 489
-1.39842 122.929 489
-2.22747 122.678 488
-3.05939 122.678 488
-3.88333 122.427 487
-4.71355 122.427 487
-5.54376 122.427 487
-6.36088 122.175 486
-7.1598 121.672 484
-7.9849 121.672 484
-8.81 121.672 484
-9.61519 121.421 483
-10.4386 121.421 483
-11.262 121.421 483
-12.0854 121.421 483
-20.311 116.645 464
-21.102 116.645 464
-21.893 116.645 464
-22.684 116.645 464
-23.3738 116.142 462
-24.0568 115.639 460
-24.841 115.639 460
-25.5138 115.136 458
-26.2371 114.885 457
-26.9571 114.633 456
-27.6128 114.131 454
-28.3868 114.131 454
-29.0965 113.879 453
-29.605 112.874 449
-30.3028 112.622 448
-30.9972 112.371 447
-31.7592 112.371 447
-32.3757 111.868 445
-32.9109 111.114 442
-33.6644 111.114 442
-34.4179 111.114 442
-35.1714 111.114 442
-35.9249 111.114 442
-36.5955 110.863 441
-37.3473 110.863 441
-38.0127 110.611 440
-38.7627 110.611 440
-39.5128 110.611 440
-40.2629 110.611 440
-41.013 110.611 440
-41.7631 110.611 440
-42.5132 110.611 440
-43.3616 110.863 441
-44.1134 110.863 441
-44.8652 110.863 441
-45.617 110.863 441
-46.3688 110.863 441
-47.0137 110.611 440
-47.7638 110.611 440
-48.5139 110.611 440
-49.264 110.611 440
-50.0141 110.611 440
-83.5912 116.645 464
-84.3822 116.645 464
-85.1732 116.645 464
-85.9642 116.645 464
-86.7552 116.645 464
-87.1689 116.142 462
-87.9565 116.142 462
-88.7441 116.142 462
-89.5317 116.142 462
-89.9283 115.639 460
-90.7125 115.639 460
-91.2977 115.388 459
-91.8796 115.136 458
-92.6604 115.136 458
-93.4412 115.136 458
-94.2219 115.136 458
-95.2101 115.388 459
-96.2017 115.639 460
-96.9859 115.639 460
-97.7701 115.639 460
-98.5543 115.639 460
-99.5544 115.89 461
-100.34 115.89 461
-101.126 115.89 461
-101.912 115.89 461
-102.698 115.89 461
-103.484 115.89 461
-104.27 115.89 461
-105.511 116.393 463
-106.301 116.393 463
-107.09 116.393 463
-756.815 545.263 2169
-764.72 548.28 2181
-768.438 548.28 2181
-772.156 548.28 2181
-776.942 549.034 2184
-781.38 549.537 2186
-785.106 549.537 2186
-788.833 549.537 2186
-792.56 549.537 2186
-796.286 549.537 2186
-800.013 549.537 2186
-803.739 549.537 2186
-808.574 550.291 2189
-812.306 550.291 2189
-816.037 550.291 2189
-819.769 550.291 2189
-823.501 550.291 2189
-825.343 549.034 2184
-829.066 549.034 2184
-832.789 549.034 2184
-834.214 547.526 2178
-835.619 546.017 2172
-839.322 546.017 2172
-843.024 546.017 2172
-844.778 544.76 2167
-848.472 544.76 2167
-852.166 544.76 2167
-854.676 544.006 2164
-855.985 542.498 2158
-860.859 543.252 2161
-864.543 543.252 2161
-868.227 543.252 2161
-870.7 542.498 2158
-874.379 542.498 2158
-878.058 542.498 2158
-880.511 541.744 2155
-884.185 541.744 2155
-887.858 541.744 2155
-891.532 541.744 2155
-894.375 541.241 2153
-895.543 539.733 2147
-892.502 535.71 2131
-896.134 535.71 2131
-893.856 532.191 2117
-898.737 532.945 2120
-902.351 532.945 2120
-905.965 532.945 2120
-909.579 532.945 2120
-909.747 530.934 2112
-905.131 526.158 2093
-908.699 526.158 2093
-912.267 526.158 2093
-915.835 526.158 2093
-918.524 525.655 2091
-922.089 525.655 2091
-919.899 522.387 2078
-916.331 518.365 2062
-913.155 514.594 2047
-916.644 514.594 2047
-918.786 513.84 2044
-920.014 512.583 2039
-923.49 512.583 2039
-926.966 512.583 2039
-926.335 510.32 2030
-929.796 510.32 2030
-933.256 510.32 2030
-936.717 510.32 2030
-940.178 510.32 2030
-937.595 507.052 2017
-936.835 504.79 2008
-940.258 504.79 2008
-942.271 504.035 2005
-943.331 502.778 2000
-943.427 501.019 1993
-946.824 501.019 1993
-947.838 499.762 1988
-946.921 497.499 1979
-950.294 497.499 1979
-953.668 497.499 1979
-954.624 496.242 1974
-956.048 495.237 1970
-959.406 495.237 1970
-962.764 495.237 1970
-964.651 494.483 1967
-964.56 492.723 1960
-967.901 492.723 1960
-971.242 492.723 1960
-973.589 492.22 1958
-973.435 490.46 1951
-974.758 489.455 1947
-978.077 489.455 1947
-976.86 487.192 1938
-977.635 485.935 1933
-979.915 485.433 1931
-983.207 485.433 1931
-986.499 485.433 1931
-988.766 484.93 1929
-990.511 484.176 1926
0.268826 122.095 489
-0.564796 122.095 489
-1.39842 122.095 489
-2.22747 121.845 488
-3.05939 121.845 488
-3.88333 121.596 487
-4.71355 121.596 487
-5.54376 121.596 487
-6.36088 121.346 486
-7.1598 120.847 484
-7.9849 120.847 484
-8.81 120.847 484
-9.61519 120.597 483
-10.4386 120.597 483
-11.262 120.597 483
-12.0854 120.597 483
-12.9088 120.597 483
-18.7694 116.103 465
-19.5621 116.103 465
-20.3548 116.103 465
-21.1475 116.103 465
-21.9402 116.103 465
-22.684 115.853 464
-23.4244 115.603 463
-24.1091 115.104 461
-24.895 115.104 461
-25.5695 114.605 459
-26.2371 114.105 457
-26.9571 113.856 456
-27.6128 113.356 454
-28.3868 113.356 454
-29.0965 113.106 453
-29.6709 112.357 450
-30.3028 111.858 448
-30.9972 111.608 447
-31.7592 111.608 447
-32.3757 111.109 445
-32.9109 110.36 442
-33.6644 110.36 442
-34.4179 110.36 442
-35.1714 110.36 442
-35.9249 110.36 442
-36.5125 109.861 440
-37.2626 109.861 440
-38.0127 109.861 440
-38.7627 109.861 440
-39.5128 109.861 440
-40.2629 109.861 440
-41.013 109.861 440
-41.6682 109.611 439
-42.5132 109.861 440
-43.3616 110.11 441
-44.1134 110.11 441
-44.8652 110.11 441
-45.617 110.11 441
-46.3688 110.11 441
-47.0137 109.861 440
-47.7638 109.861 440
-48.5139 109.861 440
-49.264 109.861 440
-50.0141 109.861 440
-83.5912 115.853 464
-84.3822 115.853 464
-85.1732 115.853 464
-85.9642 115.853 464
-86.7552 115.853 464
-87.1689 115.354 462
-87.9565 115.354 462
-88.7441 115.354 462
-89.5317 115.354 462
-90.1238 115.104 461
-90.9097 115.104 461
-91.6955 115.104 461
-92.4814 115.104 461
-93.2673 115.104 461
-94.0532 115.104 461
-94.8391 115.104 461
-95.8324 115.354 462
-96.62 115.354 462
-97.4076 115.354 462
-98.1952 115.354 462
-98.9828 115.354 462
-99.9863 115.603 463
-100.776 115.603 463
-101.565 115.603 463
-102.354 115.603 463
-103.144 115.603 463
-103.933 115.603 463
-104.722 115.603 463
-105.511 115.603 463
-106.301 115.603 463
-107.09 115.603 463
-756.815 541.563 2169
-764.72 544.559 2181
-768.438 544.559 2181
-772.156 544.559 2181
-776.942 545.308 2184
-781.38 545.807 2186
-785.106 545.807 2186
-788.833 545.807 2186
-790.747 544.559 2181
-795.558 545.308 2184
-801.111 546.556 2189
-804.842 546.556 2189
-809.682 547.305 2192
-813.419 547.305 2192
-817.156 547.305 2192
-820.893 547.305 2192
-824.629 547.305 2192
-828.366 547.305 2192
-832.103 547.305 2192
-833.552 545.807 2186
-834.214 543.81 2178
-836.773 543.061 2175
-840.481 543.061 2175
-843.024 542.312 2172
-844.778 541.063 2167
-848.472 541.063 2167
-852.166 541.063 2167
-854.676 540.314 2164
-855.985 538.816 2158
-860.859 539.565 2161
-864.543 539.565 2161
-868.227 539.565 2161
-871.911 539.565 2161
-874.379 538.816 2158
-878.058 538.816 2158
-880.511 538.067 2155
-883.364 537.568 2153
-887.034 537.568 2153
-890.705 537.568 2153
-894.375 537.568 2153
-895.543 536.07 2147
-892.502 532.075 2131
-896.134 532.075 2131
-891.745 527.331 2112
-895.345 527.331 2112
-898.946 527.331 2112
-902.546 527.331 2112
-906.147 527.331 2112
-907.163 525.833 2106
-905.131 522.587 2093
-908.699 522.587 2093
-911.395 522.087 2091
-914.96 522.087 2091
-915.889 520.589 2085
-919.443 520.589 2085
-917.243 517.343 2072
-914.109 513.598 2057
-911.817 510.352 2044
-915.301 510.352 2044
-917.886 509.853 2042
-920.014 509.104 2039
-923.49 509.104 2039
-926.966 509.104 2039
-926.335 506.857 2030
-929.796 506.857 2030
-933.256 506.857 2030
-936.717 506.857 2030
-940.178 506.857 2030
-937.595 503.611 2017
-936.835 501.364 2008
-940.258 501.364 2008
-942.271 500.615 2005
-942.387 498.867 1998
-943.427 497.618 1993
-946.824 497.618 1993
-947.838 496.37 1988
-946.921 494.123 1979
-950.294 494.123 1979
-953.668 494.123 1979
-954.624 492.874 1974
-956.048 491.876 1970
-959.406 491.876 1970
-962.764 491.876 1970
-964.651 491.127 1967
-964.56 489.379 1960
-967.901 489.379 1960
-971.242 489.379 1960
-973.589 488.88 1958
-973.435 487.132 1951
-974.758 486.133 1947
-978.077 486.133 1947
-976.86 483.886 1938
-977.635 482.637 1933
-979.915 482.138 1931
-983.207 482.138 1931
-986.499 482.138 1931
-988.766 481.639 1929
-990.511 480.89 1926
-0.563641 121.013 488
-1.39556 121.013 488
-2.22747 121.013 488
-3.05939 121.013 488
-3.88333 120.765 487
-4.71355 120.765 487
-5.50961 120.021 484
-6.33471 120.021 484
-7.1598 120.021 484
-7.9849 120.021 484
-8.7918 119.773 483
-9.61519 119.773 483
-10.4386 119.773 483
-11.262 119.773 483
-12.0854 119.773 483
-12.9088 119.773 483
-18.7694 115.309 465
-19.5621 115.309 465
-20.3548 115.309 465
-21.1475 115.309 465
-21.9402 115.309 465
-22.684 115.061 464
-23.4244 114.813 463
-24.1091 114.317 461
-24.895 114.317 461
-25.5695 113.821 459
-26.2371 113.325 457
-26.9571 113.078 456
-27.6736 112.83 455
-28.4493 112.83 455
-29.1607 112.582 454
-29.6709 111.59 450
-30.2352 110.846 447
-30.9278 110.598 446
-31.6881 110.598 446
-32.303 110.102 444
-32.9109 109.606 442
-33.5883 109.358 441
-34.3401 109.358 441
-35.0919 109.358 441
-35.8437 109.358 441
-36.5125 109.11 440
-37.2626 109.11 440
-38.0127 109.11 440
-38.7627 109.11 440
-39.5128 109.11 440
-40.2629 109.11 440
-41.013 109.11 440
-41.7631 109.11 440
-42.5132 109.11 440
-43.2633 109.11 440
-44.0134 109.11 440
-44.7635 109.11 440
-45.5135 109.11 440
-46.2636 109.11 440
-47.0137 109.11 440
-47.7638 109.11 440
-48.5139 109.11 440
-49.264 109.11 440
-50.0141 109.11 440
-84.2004 114.813 463
-84.9897 114.813 463
-85.779 114.813 463
-86.3813 114.565 462
-86.9802 114.317 461
-87.9565 114.565 462
-88.7441 114.565 462
-89.5317 114.565 462
-90.3193 114.565 462
-91.1069 114.565 462
-92.0934 114.813 463
-92.8827 114.813 463
-93.672 114.813 463
-94.4613 114.813 463
-95.2505 114.813 463
-96.0398 114.813 463
-96.8291 114.813 463
-97.6184 114.813 463
-98.4077 114.813 463
-99.4113 115.061 464
-100.202 115.061 464
-100.993 115.061 464
-101.784 115.061 464
-102.575 115.061 464
-103.366 115.061 464
-104.157 115.061 464
-105.174 115.309 465
-105.967 115.309 465
-106.76 115.309 465
-107.09 114.813 463
-756.815 537.862 2169
-761.565 538.606 2172
-767.381 540.094 2178
-771.094 540.094 2178
-774.807 540.094 2178
-778.52 540.094 2178
-783.311 540.838 2181
-787.029 540.838 2181
-790.747 540.838 2181
-795.558 541.582 2184
-802.208 543.566 2192
-805.945 543.566 2192
-809.682 543.566 2192
-813.419 543.566 2192
-817.156 543.566 2192
-820.893 543.566 2192
-825.758 544.31 2195
-829.5 544.31 2195
-833.242 544.31 2195
-836.984 544.31 2195
-834.214 540.094 2178
-836.773 539.35 2175
-840.481 539.35 2175
-843.024 538.606 2172
-845.557 537.862 2169
-848.472 537.366 2167
-852.166 537.366 2167
-854.676 536.622 2164
-855.985 535.134 2158
-860.859 535.878 2161
-864.543 535.878 2161
-868.227 535.878 2161
-871.911 535.878 2161
-873.163 534.391 2155
-876.837 534.391 2155
-879.694 533.895 2153
-883.364 533.895 2153
-884.562 532.407 2147
-888.222 532.407 2147
-891.882 532.407 2147
-893.457 531.167 2142
-885.382 524.223 2114
-888.986 524.223 2114
-889.211 522.24 2106
-892.802 522.24 2106
-897.669 522.984 2109
-901.264 522.984 2109
-904.859 522.984 2109
-902.855 519.76 2096
-906.428 519.76 2096
-910.001 519.76 2096
-910.088 517.776 2088
-913.647 517.776 2088
-911.496 514.552 2075
-915.033 514.552 2075
-915.029 512.568 2067
-911.887 508.849 2052
-910.924 506.369 2042
-914.405 506.369 2042
-917.886 506.369 2042
-921.368 506.369 2042
-924.849 506.369 2042
-928.33 506.369 2042
-926.335 503.393 2030
-929.796 503.393 2030
-933.256 503.393 2030
-936.717 503.393 2030
-940.178 503.393 2030
-937.595 500.17 2017
-936.835 497.938 2008
-940.258 497.938 2008
-939.921 495.954 2000
-942.387 495.458 1998
-941.06 492.978 1988
-944.449 492.978 1988
-945.931 491.986 1984
-946.921 490.747 1979
-947.893 489.507 1974
-951.259 489.507 1974
-953.656 489.011 1972
-956.048 488.515 1970
-957.945 487.771 1967
-961.298 487.771 1967
-963.671 487.275 1965
-964.56 486.035 1960
-966.913 485.539 1958
-970.251 485.539 1958
-971.103 484.299 1953
-973.435 483.803 1951
-974.758 482.811 1947
-978.077 482.811 1947
-976.86 480.579 1938
-977.635 479.34 1933
-979.915 478.844 1931
-983.207 478.844 1931
-986.499 478.844 1931
-987.228 477.604 1926
-990.511 477.604 1926
-0.562486 119.934 487
-1.3927 119.934 487
-2.22291 119.934 487
-3.05312 119.934 487
-3.87536 119.688 486
-4.70387 119.688 486
-5.49822 118.949 483
-6.32162 118.949 483
-7.14501 118.949 483
-7.9684 118.949 483
-8.7918 118.949 483
-9.61519 118.949 483
-10.4386 118.949 483
-11.262 118.949 483
-12.0854 118.949 483
-12.9088 118.949 483
-18.7694 114.516 465
-19.5621 114.516 465
-20.3548 114.516 465
-21.1475 114.516 465
-21.9402 114.516 465
-22.684 114.27 464
-23.4244 114.023 463
-24.1091 113.531 461
-24.895 113.531 461
-25.5695 113.038 459
-26.2371 112.546 457
-26.9571 112.3 456
-27.6736 112.053 455
-28.4493 112.053 455
-29.1607 111.807 454
-29.7369 111.068 451
-30.2352 110.083 447
-30.9278 109.837 446
-31.6881 109.837 446
-32.303 109.344 444
-32.9109 108.852 442
-33.5883 108.605 441
-34.3401 108.605 441
-35.0919 108.605 441
-35.8437 108.605 441
-36.5125 108.359 440
-37.2626 108.359 440
-38.0127 108.359 440
-38.7627 108.359 440
-39.5128 108.359 440
-40.2629 108.359 440
-41.013 108.359 440
-41.7631 108.359 440
-42.5132 108.359 440
-43.2633 108.359 440
-44.0134 108.359 440
-44.7635 108.359 440
-45.617 108.605 441
-46.3688 108.605 441
-47.1206 108.605 441
-47.7638 108.359 440
-48.5139 108.359 440
-49.264 108.359 440
-50.0141 108.359 440
-84.2004 114.023 463
-84.9897 114.023 463
-85.779 114.023 463
-86.5683 114.023 463
-87.1689 113.777 462
-87.9565 113.777 462
-88.7441 113.777 462
-89.5317 113.777 462
-90.3193 113.777 462
-91.1069 113.777 462
-92.0934 114.023 463
-92.8827 114.023 463
-93.672 114.023 463
-94.4613 114.023 463
-95.2505 114.023 463
-96.0398 114.023 463
-96.8291 114.023 463
-97.6184 114.023 463
-98.4077 114.023 463
-99.4113 114.27 464
-100.202 114.27 464
-100.993 114.27 464
-101.784 114.27 464
-102.575 114.27 464
-103.366 114.27 464
-104.157 114.27 464
-105.174 114.516 465
-105.967 114.516 465
-106.76 114.516 465
-756.117 533.669 2167
-760.513 534.162 2169
-766.324 535.639 2175
-770.032 535.639 2175
-774.807 536.378 2178
-778.52 536.378 2178
-782.233 536.378 2178
-785.946 536.378 2178
-789.659 536.378 2178
-795.558 537.856 2184
-802.208 539.826 2192
-805.945 539.826 2192
-809.682 539.826 2192
-813.419 539.826 2192
-817.156 539.826 2192
-820.893 539.826 2192
-825.758 540.565 2195
-829.5 540.565 2195
-833.242 540.565 2195
-836.984 540.565 2195
-834.214 536.378 2178
-836.773 535.639 2175
-840.481 535.639 2175
-843.024 534.9 2172
-845.557 534.162 2169
-848.472 533.669 2167
-852.166 533.669 2167
-853.491 532.191 2161
-855.985 531.453 2158
-860.859 532.191 2161
-864.543 532.191 2161
-868.227 532.191 2161
-871.911 532.191 2161
-873.163 530.714 2155
-876.837 530.714 2155
-879.694 530.221 2153
-883.364 530.221 2153
-884.562 528.744 2147
-888.222 528.744 2147
-891.882 528.744 2147
-893.457 527.512 2142
-885.382 520.617 2114
-888.986 520.617 2114
-889.211 518.647 2106
-892.802 518.647 2106
-897.669 519.385 2109
-901.264 519.385 2109
-904.859 519.385 2109
-902.855 516.184 2096
-906.428 516.184 2096
-910.001 516.184 2096
-910.088 514.214 2088
-913.647 514.214 2088
-911.496 511.012 2075
-915.033 511.012 2075
-915.029 509.042 2067
-911.887 505.348 2052
-910.924 502.885 2042
-914.405 502.885 2042
-917.886 502.885 2042
-921.368 502.885 2042
-924.849 502.885 2042
-928.33 502.885 2042
-926.335 499.93 2030
-927.505 498.699 2025
-930.958 498.699 2025
-934.41 498.699 2025
-936.472 497.96 2022
-935.271 495.497 2012
-935.435 493.773 2005
-938.853 493.773 2005
-939.921 492.542 2000
-940.029 490.818 1993
-940.113 489.094 1986
-943.499 489.094 1986
-943.547 487.37 1979
-946.921 487.37 1979
-947.893 486.139 1974
-951.259 486.139 1974
-953.656 485.646 1972
-954.592 484.415 1967
-957.945 484.415 1967
-961.298 484.415 1967
-962.69 483.43 1963
-964.56 482.691 1960
-965.926 481.706 1956
-969.26 481.706 1956
-971.103 480.967 1953
-973.435 480.475 1951
-973.256 478.751 1944
-976.57 478.751 1944
-976.86 477.273 1938
-977.635 476.042 1933
-979.915 475.549 1931
-983.207 475.549 1931
-985.477 475.057 1929
-987.228 474.318 1926
-988.454 473.333 1922
-0.562486 119.103 487
-1.3927 119.103 487
-2.22291 119.103 487
-3.05312 119.103 487
-3.87536 118.858 486
-4.70387 118.858 486
-5.49822 118.125 483
-6.32162 118.125 483
-7.14501 118.125 483
-7.9684 118.125 483
-8.77359 117.88 482
-9.59528 117.88 482
-10.417 117.88 482
-11.2387 117.88 482
-12.0603 117.88 482
-12.882 117.88 482
-13.6753 117.636 481
-14.4953 117.636 481
-18.8097 113.967 466
-19.6041 113.967 466
-20.3985 113.967 466
-21.1475 113.723 465
-21.9402 113.723 465
-22.684 113.478 464
-23.4244 113.234 463
-24.1091 112.744 461
-24.895 112.744 461
-25.6252 112.5 460
-26.2945 112.011 458
-27.0162 111.766 457
-27.7345 111.522 456
-28.5118 111.522 456
-29.1607 111.032 454
-29.7369 110.299 451
-30.2352 109.32 447
-30.9278 109.076 446
-31.6881 109.076 446
-32.303 108.587 444
-32.8365 107.853 441
-33.5883 107.853 441
-34.3401 107.853 441
-35.0919 107.853 441
-35.8437 107.853 441
-36.5125 107.609 440
-37.2626 107.609 440
-38.0127 107.609 440
-38.7627 107.609 440
-39.5128 107.609 440
-40.2629 107.609 440
-41.013 107.609 440
-41.7631 107.609 440
-42.5132 107.609 440
-43.2633 107.609 440
-44.0134 107.609 440
-44.7635 107.609 440
-45.617 107.853 441
-46.3688 107.853 441
-47.1206 107.853 441
-47.7638 107.609 440
-48.5139 107.609 440
-49.264 107.609 440
-50.0141 107.609 440
-83.4111 113.234 463
-84.2004 113.234 463
-84.9897 113.234 463
-85.779 113.234 463
-86.5683 113.234 463
-87.3576 113.234 463
-88.1469 113.234 463
-88.7441 112.989 462
-89.7255 113.234 463
-90.5148 113.234 463
-91.3041 113.234 463
-92.0934 113.234 463
-92.8827 113.234 463
-93.8743 113.478 464
-94.6653 113.478 464
-95.4563 113.478 464
-96.2473 113.478 464
-97.0383 113.478 464
-97.8293 113.478 464
-98.6203 113.478 464
-99.4113 113.478 464
-100.418 113.723 465
-101.211 113.723 465
-102.004 113.723 465
-102.796 113.723 465
-103.589 113.723 465
-104.382 113.723 465
-105.627 114.212 467
-106.879 114.701 469
-107.678 114.701 469
-108.478 114.701 469
-108.578 113.967 466
-109.373 113.967 466
-110.167 113.967 466
-755.071 529.238 2164
-759.812 529.972 2167
-766.324 531.928 2175
-770.032 531.928 2175
-773.74 531.928 2175
-777.448 531.928 2175
-782.233 532.662 2178
-785.946 532.662 2178
-789.659 532.662 2178
-795.558 534.13 2184
-802.208 536.086 2192
-805.945 536.086 2192
-809.682 536.086 2192
-813.419 536.086 2192
-817.156 536.086 2192
-820.893 536.086 2192
-825.758 536.82 2195
-829.5 536.82 2195
-833.242 536.82 2195
-836.984 536.82 2195
-834.214 532.662 2178
-836.773 531.928 2175
-840.481 531.928 2175
-843.024 531.195 2172
-845.557 530.461 2169
-848.472 529.972 2167
-852.166 529.972 2167
-853.491 528.505 2161
-855.985 527.771 2158
-860.859 528.505 2161
-864.543 528.505 2161
-868.227 528.505 2161
-870.7 527.771 2158
-872.353 526.548 2153
-876.023 526.548 2153
-877.242 525.081 2147
-879.671 524.347 2144
-883.326 524.347 2144
-886.981 524.347 2144
-889.805 523.858 2142
-889.703 521.657 2133
-879.937 513.831 2101
-883.519 513.831 2101
-883.723 511.874 2093
-891.954 514.564 2104
-895.541 514.564 2104
-899.127 514.564 2104
-902.714 514.564 2104
-902.855 512.608 2096
-906.428 512.608 2096
-910.001 512.608 2096
-910.088 510.651 2088
-913.647 510.651 2088
-909.3 506.249 2070
-912.828 506.249 2070
-914.144 505.026 2065
-911.887 501.847 2052
-910.924 499.401 2042
-914.405 499.401 2042
-917.886 499.401 2042
-921.368 499.401 2042
-924.849 499.401 2042
-928.33 499.401 2042
-926.335 496.467 2030
-927.505 495.244 2025
-930.958 495.244 2025
-934.41 495.244 2025
-936.472 494.51 2022
-935.271 492.064 2012
-935.435 490.352 2005
-938.853 490.352 2005
-939.921 489.13 2000
-940.029 487.418 1993
-940.113 485.706 1986
-943.499 485.706 1986
-943.547 483.994 1979
-946.921 483.994 1979
-947.893 482.771 1974
-951.259 482.771 1974
-953.656 482.282 1972
-954.592 481.059 1967
-957.945 481.059 1967
-961.298 481.059 1967
-962.69 480.081 1963
-964.56 479.347 1960
-964.444 477.635 1953
-967.774 477.635 1953
-971.103 477.635 1953
-974.432 477.635 1953
-973.256 475.434 1944
-976.57 475.434 1944
-977.868 474.456 1940
-977.635 472.744 1933
-979.915 472.255 1931
-983.207 472.255 1931
-985.477 471.766 1929
-987.228 471.032 1926
-987.425 469.564 1920
-0.562486 118.272 487
-1.3927 118.272 487
-2.22291 118.272 487
-3.05312 118.272 487
-3.87536 118.029 486
-4.70387 118.029 486
-5.49822 117.301 483
-6.32162 117.301 483
-7.14501 117.301 483
-7.9684 117.301 483
-8.77359 117.058 482
-9.59528 117.058 482
-10.3954 116.815 481
-11.2153 116.815 481
-12.0353 116.815 481
-12.8553 116.815 481
-13.6753 116.815 481
-14.4953 116.815 481
-15.2834 116.572 480
-18.8097 113.172 466
-19.6041 113.172 466
-20.3985 113.172 466
-21.1475 112.929 465
-21.9402 112.929 465
-22.684 112.686 464
-23.475 112.686 464
-24.1614 112.201 462
-24.949 112.201 462
-25.6809 111.958 461
-26.352 111.472 459
-27.0162 110.986 457
-27.7345 110.744 456
-28.5118 110.744 456
-29.225 110.501 455
-29.9347 110.258 454
-30.2352 108.558 447
-30.9278 108.315 446
-31.6881 108.315 446
-32.303 107.829 444
-32.8365 107.101 441
-38.7627 106.858 440
-39.5128 106.858 440
-40.2629 106.858 440
-41.013 106.858 440
-43.2633 106.858 440
-44.0134 106.858 440
-44.7635 106.858 440
-45.617 107.101 441
-46.3688 107.101 441
-47.1206 107.101 441
-47.7638 106.858 440
-48.5139 106.858 440
-49.264 106.858 440
-83.4111 112.444 463
-84.2004 112.444 463
-84.9897 112.444 463
-85.779 112.444 463
-86.5683 112.444 463
-87.3576 112.444 463
-88.1469 112.444 463
-88.9362 112.444 463
-89.7255 112.444 463
-90.5148 112.444 463
-91.3041 112.444 463
-92.0934 112.444 463
-93.0833 112.686 464
-93.8743 112.686 464
-94.6653 112.686 464
-95.4563 112.686 464
-96.2473 112.686 464
-97.0383 112.686 464
-97.8293 112.686 464
-98.6203 112.686 464
-99.4113 112.686 464
-100.634 113.172 466
-101.429 113.172 466
-102.223 113.172 466
-103.017 113.172 466
-103.812 113.172 466
-104.382 112.929 465
-105.853 113.658 468
-106.879 113.901 469
-107.908 114.144 470
-108.709 114.144 470
-109.51 114.144 470
-110.312 114.144 470
-111.113 114.144 470
-110.962 113.172 466
-755.071 525.546 2164
-759.812 526.275 2167
-766.324 528.218 2175
-770.032 528.218 2175
-773.74 528.218 2175
-777.448 528.218 2175
-782.233 528.946 2178
-785.946 528.946 2178
-789.659 528.946 2178
-795.558 530.403 2184
-802.208 532.346 2192
-805.945 532.346 2192
-809.682 532.346 2192
-813.419 532.346 2192
-817.156 532.346 2192
-820.893 532.346 2192
-825.758 533.075 2195
-829.5 533.075 2195
-833.242 533.075 2195
-836.984 533.075 2195
-833.065 528.218 2175
-836.773 528.218 2175
-840.481 528.218 2175
-844.189 528.218 2175
-844.778 526.275 2167
-847.297 525.546 2164
-850.987 525.546 2164
-851.121 523.361 2155
-854.001 522.875 2153
-858.468 523.361 2155
-862.142 523.361 2155
-865.816 523.361 2155
-869.49 523.361 2155
-872.353 522.875 2153
-876.023 522.875 2153
-876.016 520.689 2144
-878.851 520.203 2142
-882.502 520.203 2142
-886.154 520.203 2142
-889.805 520.203 2142
-889.703 518.018 2133
-878.681 509.518 2098
-882.257 509.518 2098
-883.723 508.303 2093
-890.682 510.246 2101
-894.264 510.246 2101
-897.845 510.246 2101
-901.427 510.246 2101
-902.855 509.032 2096
-906.428 509.032 2096
-910.001 509.032 2096
-910.088 507.089 2088
-913.647 507.089 2088
-909.3 502.718 2070
-912.828 502.718 2070
-912.816 500.775 2062
-910.554 497.617 2049
-910.924 495.917 2042
-914.405 495.917 2042
-914.29 493.975 2034
-917.758 493.975 2034
-920.32 493.489 2032
-923.784 493.489 2032
-924.966 492.275 2027
-925.215 490.575 2020
-928.659 490.575 2020
-932.102 490.575 2020
-931.841 488.632 2012
-935.271 488.632 2012
-933.102 485.717 2000
-936.512 485.717 2000
-936.632 484.017 1993
-937.671 482.803 1988
-937.746 481.103 1981
-941.123 481.103 1981
-941.163 479.403 1974
-944.528 479.403 1974
-946.933 478.917 1972
-950.295 478.917 1972
-951.238 477.703 1967
-953.621 477.217 1965
-955.997 476.732 1963
-959.343 476.732 1963
-961.219 476.003 1960
-962.591 475.032 1956
-964.444 474.303 1953
-967.774 474.303 1953
-971.103 474.303 1953
-974.432 474.303 1953
-973.256 472.117 1944
-976.57 472.117 1944
-977.868 471.146 1940
-978.646 469.932 1935
-980.93 469.446 1933
-984.225 469.446 1933
-986.499 468.96 1931
-988.766 468.474 1929
-988.454 466.774 1922
-0.562486 117.441 487
-1.3927 117.441 487
-2.22291 117.441 487
-3.04685 117.2 486
-3.86739 116.959 485
-4.69419 116.959 485
-5.49822 116.477 483
-6.32162 116.477 483
-7.13022 116.236 482
-7.95191 116.236 482
-8.77359 116.236 482
-9.57538 115.994 481
-10.3954 115.994 481
-11.2153 115.994 481
-12.0353 115.994 481
-12.8553 115.994 481
-13.6753 115.994 481
-14.4953 115.994 481
-15.2834 115.753 480
-18.8097 112.377 466
-19.6041 112.377 466
-20.3985 112.377 466
-21.1475 112.136 465
-21.9402 112.136 465
-22.684 111.895 464
-23.475 111.895 464
-24.1614 111.413 462
-24.949 111.413 462
-25.6809 111.171 461
-26.352 110.689 459
-27.0162 110.207 457
-27.7345 109.966 456
-28.5118 109.966 456
-29.2892 109.966 456
-29.9347 109.483 454
-83.4111 111.654 463
-84.2004 111.654 463
-84.9897 111.654 463
-85.779 111.654 463
-86.5683 111.654 463
-87.3576 111.654 463
-88.1469 111.654 463
-88.9362 111.654 463
-89.7255 111.654 463
-90.5148 111.654 463
-91.3041 111.654 463
-92.0934 111.654 463
-93.0833 111.895 464
-93.8743 111.895 464
-94.6653 111.895 464
-95.4563 111.895 464
-96.2473 111.895 464
-97.0383 111.895 464
-97.8293 111.895 464
-98.6203 111.895 464
-99.6255 112.136 465
-100.634 112.377 466
-101.429 112.377 466
-102.223 112.377 466
-103.017 112.377 466
-103.812 112.377 466
-104.382 112.136 465
-105.853 112.859 468
-106.879 113.101 469
-107.908 113.342 470
-108.709 113.342 470
-109.51 113.342 470
-110.312 113.342 470
-111.113 113.342 470
-111.438 112.859 468
-758.76 521.854 2164
-765.267 523.783 2172
-768.97 523.783 2172
-772.673 523.783 2172
-776.375 523.783 2172
-782.233 525.23 2178
-785.946 525.23 2178
-789.659 525.23 2178
-795.558 526.677 2184
-802.208 528.607 2192
-805.945 528.607 2192
-809.682 528.607 2192
-813.419 528.607 2192
-817.156 528.607 2192
-820.893 528.607 2192
-826.887 530.053 2198
-830.634 530.053 2198
-834.381 530.053 2198
-838.128 530.053 2198
-833.065 524.507 2175
-836.773 524.507 2175
-840.481 524.507 2175
-844.189 524.507 2175
-844.778 522.578 2167
-847.297 521.854 2164
-850.987 521.854 2164
-851.121 519.684 2155
-854.001 519.202 2153
-858.468 519.684 2155
-862.142 519.684 2155
-865.816 519.684 2155
-869.49 519.684 2155
-872.353 519.202 2153
-876.023 519.202 2153
-875.199 516.549 2142
-878.851 516.549 2142
-882.502 516.549 2142
-886.154 516.549 2142
-889.805 516.549 2142
-889.703 514.379 2133
-876.587 504.732 2093
-880.155 504.732 2093
-879.5 502.321 2083
-888.562 505.456 2096
-892.987 505.938 2098
-896.563 505.938 2098
-900.14 505.938 2098
-901.563 504.732 2093
-905.131 504.732 2093
-908.699 504.732 2093
-908.78 502.803 2085
-912.334 502.803 2085
-907.103 497.98 2065
-910.624 497.98 2065
-908.389 494.845 2052
-907.443 492.434 2042
-906.463 490.022 2032
-909.927 490.022 2032
-911.144 488.816 2027
-914.599 488.816 2027
-918.055 488.816 2027
-921.51 488.816 2027
-920.403 486.405 2017
-918.345 483.511 2005
-921.763 483.511 2005
-925.181 483.511 2005
-928.599 483.511 2005
-929.693 482.305 2000
-929.836 480.617 1993
-933.234 480.617 1993
-934.282 479.411 1988
-934.369 477.723 1981
-934.433 476.035 1974
-937.798 476.035 1974
-941.163 476.035 1974
-943.571 475.553 1972
-944.532 474.347 1967
-947.885 474.347 1967
-950.271 473.865 1965
-952.651 473.383 1963
-954.536 472.659 1960
-957.877 472.659 1960
-960.238 472.177 1958
-962.591 471.694 1956
-964.444 470.971 1953
-967.774 470.971 1953
-971.103 470.971 1953
-974.432 470.971 1953
-973.256 468.801 1944
-976.57 468.801 1944
-977.868 467.836 1940
-978.646 466.63 1935
-980.93 466.148 1933
-984.225 466.148 1933
-986.499 465.666 1931
-988.766 465.183 1929
-988.454 463.495 1922
-0.561331 116.371 486
-1.38984 116.371 486
-2.21835 116.371 486
-3.04685 116.371 486
-3.86739 116.132 485
-4.69419 116.132 485
-5.49822 115.653 483
-6.32162 115.653 483
-7.13022 115.413 482
-7.95191 115.413 482
-8.75539 115.174 481
-9.57538 115.174 481
-10.3954 115.174 481
-11.2153 115.174 481
-12.0353 115.174 481
-12.8553 115.174 481
-13.6753 115.174 481
-14.4953 115.174 481
-15.2834 114.934 480
-18.8097 111.582 466
-19.6041 111.582 466
-20.3985 111.582 466
-21.1475 111.343 465
-21.9402 111.343 465
-22.684 111.103 464
-23.475 111.103 464
-24.1614 110.624 462
-24.949 110.624 462
-25.6809 110.385 461
-26.352 109.906 459
-27.0162 109.427 457
-27.7345 109.188 456
-28.5118 109.188 456
-29.2892 109.188 456
-29.9347 108.709 454
-83.0508 110.385 461
-84.0185 110.624 462
-84.8061 110.624 462
-85.779 110.864 463
-86.5683 110.864 463
-87.3576 110.864 463
-88.1469 110.864 463
-88.9362 110.864 463
-89.7255 110.864 463
-90.5148 110.864 463
-91.3041 110.864 463
-92.0934 110.864 463
-93.0833 111.103 464
-93.8743 111.103 464
-94.6653 111.103 464
-95.4563 111.103 464
-96.2473 111.103 464
-97.0383 111.103 464
-97.8293 111.103 464
-98.6203 111.103 464
-99.6255 111.343 465
-100.634 111.582 466
-101.429 111.582 466
-102.223 111.582 466
-103.017 111.582 466
-103.812 111.582 466
-104.382 111.343 465
-105.853 112.061 468
-106.879 112.3 469
-107.908 112.54 470
-108.709 112.54 470
-109.51 112.54 470
-110.312 112.54 470
-111.113 112.54 470
-111.438 112.061 468
-758.76 518.162 2164
-765.267 520.078 2172
-768.97 520.078 2172
-772.673 520.078 2172
-776.375 520.078 2172
-781.156 520.796 2175
-784.863 520.796 2175
-789.659 521.514 2178
-793.372 521.514 2178
-801.111 524.148 2189
-804.842 524.148 2189
-808.574 524.148 2189
-812.306 524.148 2189
-816.037 524.148 2189
-817.897 522.951 2184
-826.887 526.303 2198
-830.634 526.303 2198
-834.381 526.303 2198
-838.128 526.303 2198
-833.065 520.796 2175
-836.773 520.796 2175
-840.481 520.796 2175
-844.189 520.796 2175
-844.778 518.881 2167
-847.297 518.162 2164
-850.987 518.162 2164
-851.121 516.007 2155
-854.001 515.528 2153
-858.468 516.007 2155
-862.142 516.007 2155
-865.816 516.007 2155
-869.49 516.007 2155
-872.353 515.528 2153
-876.023 515.528 2153
-875.199 512.894 2142
-878.851 512.894 2142
-882.502 512.894 2142
-886.154 512.894 2142
-889.805 512.894 2142
-889.703 510.739 2133
-876.587 501.162 2093
-880.155 501.162 2093
-879.5 498.767 2083
-888.562 501.88 2096
-892.987 502.359 2098
-896.563 502.359 2098
-900.14 502.359 2098
-901.563 501.162 2093
-905.131 501.162 2093
-908.699 501.162 2093
-908.78 499.246 2085
-912.334 499.246 2085
-907.103 494.457 2065
-910.624 494.457 2065
-908.389 491.344 2052
-907.443 488.95 2042
-906.463 486.555 2032
-909.927 486.555 2032
-911.144 485.358 2027
-906.929 481.287 2010
-910.355 481.287 2010
-913.782 481.287 2010
-914.927 480.09 2005
-917.429 479.611 2003
-917.625 477.935 1996
-921.028 477.935 1996
-924.431 477.935 1996
-926.439 477.217 1993
-927.504 476.02 1988
-930.893 476.02 1988
-930.992 474.344 1981
-931.068 472.667 1974
-934.433 472.667 1974
-937.798 472.667 1974
-940.209 472.189 1972
-941.179 470.991 1967
-943.572 470.512 1965
-946.921 470.512 1965
-949.304 470.033 1963
-951.195 469.315 1960
-953.562 468.836 1958
-956.9 468.836 1958
-959.257 468.357 1956
-962.591 468.357 1956
-964.444 467.639 1953
-967.774 467.639 1953
-971.103 467.639 1953
-973.435 467.16 1951
-973.256 465.484 1944
-976.57 465.484 1944
-978.876 465.005 1942
-981.175 464.526 1940
-980.93 462.85 1933
-984.225 462.85 1933
-986.499 462.371 1931
-988.766 461.892 1929
-988.454 460.216 1922
-0.561331 115.542 486
-1.38984 115.542 486
-2.21835 115.542 486
-3.04058 115.304 485
-3.85941 115.066 484
-4.68451 115.066 484
-5.49822 114.829 483
-6.30853 114.591 482
-7.13022 114.591 482
-7.95191 114.591 482
-8.75539 114.353 481
-9.57538 114.353 481
-10.3954 114.353 481
-11.2153 114.353 481
-12.0353 114.353 481
-12.8553 114.353 481
-13.6753 114.353 481
-14.4953 114.353 481
-15.2834 114.115 480
-20.3548 110.549 465
-21.1475 110.549 465
-21.9402 110.549 465
-22.684 110.312 464
-23.475 110.312 464
-24.1614 109.836 462
-24.949 109.836 462
-25.6809 109.598 461
-26.352 109.123 459
-27.0753 108.885 458
-27.8561 108.885 458
-28.5118 108.41 456
-29.2892 108.41 456
-80.9488 108.885 458
-81.7295 108.885 458
-82.8706 109.361 460
-83.8367 109.598 461
-84.6225 109.598 461
-85.5937 109.836 462
-86.3813 109.836 462
-87.1689 109.836 462
-87.9565 109.836 462
-88.7441 109.836 462
-89.7255 110.074 463
-90.5148 110.074 463
-91.3041 110.074 463
-92.0934 110.074 463
-92.8827 110.074 463
-93.8743 110.312 464
-94.6653 110.312 464
-95.4563 110.312 464
-96.2473 110.312 464
-97.0383 110.312 464
-97.8293 110.312 464
-98.6203 110.312 464
-99.6255 110.549 465
-100.634 110.787 466
-101.429 110.787 466
-102.223 110.787 466
-103.017 110.787 466
-103.812 110.787 466
-104.382 110.549 465
-105.853 111.263 468
-106.879 111.5 469
-107.678 111.5 469
-108.709 111.738 470
-109.51 111.738 470
-110.312 111.738 470
-111.113 111.738 470
-111.438 111.263 468
-757.708 513.757 2161
-765.267 516.372 2172
-768.97 516.372 2172
-772.673 516.372 2172
-776.375 516.372 2172
-780.078 516.372 2172
-783.781 516.372 2172
-788.571 517.085 2175
-793.372 517.799 2178
-797.085 517.799 2178
-800.798 517.799 2178
-805.619 518.512 2181
-809.337 518.512 2181
-813.055 518.512 2181
-816.773 518.512 2181
-828.015 523.267 2201
-831.767 523.267 2201
-835.519 523.267 2201
-839.272 523.267 2201
-833.065 517.085 2175
-836.773 517.085 2175
-840.481 517.085 2175
-843.024 516.372 2172
-844.778 515.183 2167
-844.948 513.044 2158
-848.627 513.044 2158
-851.121 512.331 2155
-851.621 510.429 2147
-857.672 511.855 2153
-862.142 512.331 2155
-865.816 512.331 2155
-869.49 512.331 2155
-871.137 511.142 2150
-874.803 511.142 2150
-901.395 489.745 2060
-904.907 489.745 2060
-908.419 489.745 2060
-895.108 480.711 2022
-898.555 480.711 2022
-898.88 479.047 2015
-902.315 479.047 2015
-903.502 477.858 2010
-906.929 477.858 2010
-910.355 477.858 2010
-913.782 477.858 2010
-914.927 476.67 2005
-917.429 476.194 2003
-917.625 474.53 1996
-921.028 474.53 1996
-924.431 474.53 1996
-926.439 473.817 1993
-927.504 472.628 1988
-930.893 472.628 1988
-930.992 470.964 1981
-931.068 469.3 1974
-934.433 469.3 1974
-937.798 469.3 1974
-940.209 468.824 1972
-941.179 467.635 1967
-943.572 467.16 1965
-946.921 467.16 1965
-949.304 466.684 1963
-951.195 465.971 1960
-953.562 465.496 1958
-956.9 465.496 1958
-959.257 465.02 1956
-962.591 465.02 1956
-963.457 463.832 1951
-966.783 463.832 1951
-970.109 463.832 1951
-973.435 463.832 1951
-973.256 462.167 1944
-976.57 462.167 1944
-978.876 461.692 1942
-981.175 461.216 1940
-980.93 459.552 1933
-984.225 459.552 1933
-986.499 459.077 1931
-988.766 458.601 1929
-988.454 456.937 1922
-0.561331 114.713 486
-1.38984 114.713 486
-2.21835 114.713 486
-3.04058 114.477 485
-3.85941 114.241 484
-4.68451 114.241 484
-5.49822 114.005 483
-6.30853 113.769 482
-7.13022 113.769 482
-7.95191 113.769 482
-8.75539 113.532 481
-9.57538 113.532 481
-10.3954 113.532 481
-11.2153 113.532 481
-12.0353 113.532 481
-12.8553 113.532 481
-13.6753 113.532 481
-14.4953 113.532 481
-15.2834 113.296 480
-20.3548 109.756 465
-21.1475 109.756 465
-21.9402 109.756 465
-22.684 109.52 464
-23.4244 109.284 463
-24.1614 109.048 462
-24.949 109.048 462
-25.6809 108.812 461
-26.352 108.34 459
-27.0753 108.104 458
-27.8561 108.104 458
-28.5118 107.632 456
-29.2892 107.632 456
-79.993 107.868 457
-80.9488 108.104 458
-81.7295 108.104 458
-82.8706 108.576 460
-83.8367 108.812 461
-84.6225 108.812 461
-85.5937 109.048 462
-86.3813 109.048 462
-87.1689 109.048 462
-87.9565 109.048 462
-88.7441 109.048 462
-89.5317 109.048 462
-90.5148 109.284 463
-91.3041 109.284 463
-92.0934 109.284 463
-92.8827 109.284 463
-93.672 109.284 463
-94.4613 109.284 463
-95.4563 109.52 464
-96.2473 109.52 464
-97.0383 109.52 464
-97.8293 109.52 464
-98.6203 109.52 464
-99.6255 109.756 465
-100.634 109.992 466
-101.429 109.992 466
-102.223 109.992 466
-103.017 109.992 466
-103.812 109.992 466
-104.382 109.756 465
-106.079 110.7 469
-107.107 110.936 470
-107.908 110.936 470
-108.709 110.936 470
-109.51 110.936 470
-110.312 110.936 470
-111.113 110.936 470
-111.438 110.464 468
-757.708 510.07 2161
-765.267 512.667 2172
-768.97 512.667 2172
-772.673 512.667 2172
-776.375 512.667 2172
-780.078 512.667 2172
-783.781 512.667 2172
-788.571 513.375 2175
-794.465 514.791 2181
-798.183 514.791 2181
-801.901 514.791 2181
-805.619 514.791 2181
-809.337 514.791 2181
-813.055 514.791 2181
-816.773 514.791 2181
-828.015 519.511 2201
-831.767 519.511 2201
-835.519 519.511 2201
-839.272 519.511 2201
-833.065 513.375 2175
-836.773 513.375 2175
-840.481 513.375 2175
-841.084 511.486 2167
-842.439 510.07 2161
-841.816 507.474 2150
-845.481 507.474 2150
-849.146 507.474 2150
-851.621 506.766 2147
-888.575 475.609 2015
-892.01 475.609 2015
-895.445 475.609 2015
-895.757 473.957 2008
-899.18 473.957 2008
-902.603 473.957 2008
-906.026 473.957 2008
-907.185 472.777 2003
-910.6 472.777 2003
-914.014 472.777 2003
-911.933 469.944 1991
-915.327 469.944 1991
-918.721 469.944 1991
-922.115 469.944 1991
-925.509 469.944 1991
-924.238 467.584 1981
-927.615 467.584 1981
-930.052 467.112 1979
-931.068 465.932 1974
-932.539 464.988 1970
-935.897 464.988 1970
-939.256 464.988 1970
-941.179 464.279 1967
-943.572 463.807 1965
-946.921 463.807 1965
-947.853 462.627 1960
-951.195 462.627 1960
-953.562 462.155 1958
-956.9 462.155 1958
-959.257 461.683 1956
-961.115 460.975 1953
-963.457 460.503 1951
-966.783 460.503 1951
-970.109 460.503 1951
-973.435 460.503 1951
-973.256 458.851 1944
-976.57 458.851 1944
-978.876 458.379 1942
-981.175 457.907 1940
-980.93 456.254 1933
-984.225 456.254 1933
-986.499 455.782 1931
-988.766 455.31 1929
-988.454 453.658 1922
-0.559021 113.415 484
-1.38412 113.415 484
-2.20922 113.415 484
-3.03431 113.415 484
-3.85144 113.181 483
-4.67483 113.181 483
-5.49822 113.181 483
-6.30853 112.946 482
-7.13022 112.946 482
-7.95191 112.946 482
-8.75539 112.712 481
-9.55547 112.478 480
-10.3954 112.712 481
-11.2153 112.712 481
-12.0353 112.712 481
-12.8553 112.712 481
-13.6753 112.712 481
-14.4953 112.712 481
-15.2834 112.478 480
-16.0346 112.009 478
-18.8097 109.197 466
-19.6041 109.197 466
-20.3985 109.197 466
-21.1475 108.963 465
-21.9402 108.963 465
-22.684 108.728 464
-23.475 108.728 464
-24.2137 108.494 463
-25.003 108.494 463
-25.7366 108.26 462
-26.4094 107.791 460
-27.1344 107.557 459
-27.9169 107.557 459
-28.5743 107.088 457
-29.2892 106.854 456
-79.993 107.088 457
-80.9488 107.322 458
-81.7295 107.322 458
-82.5103 107.322 458
-83.6548 107.791 460
-84.439 107.791 460
-85.2232 107.791 460
-86.1943 108.025 461
-86.9802 108.025 461
-87.7661 108.025 461
-88.552 108.025 461
-89.3379 108.025 461
-90.5148 108.494 463
-91.3041 108.494 463
-92.0934 108.494 463
-92.8827 108.494 463
-93.672 108.494 463
-94.4613 108.494 463
-95.4563 108.728 464
-96.2473 108.728 464
-97.0383 108.728 464
-97.8293 108.728 464
-98.6203 108.728 464
-99.6255 108.963 465
-100.634 109.197 466
-101.429 109.197 466
-102.223 109.197 466
-103.017 109.197 466
-103.812 109.197 466
-104.382 108.963 465
-106.079 109.9 469
-107.107 110.134 470
-107.908 110.134 470
-108.709 110.134 470
-109.51 110.134 470
-110.312 110.134 470
-111.113 110.134 470
-111.438 109.666 468
-757.708 506.383 2161
-764.21 508.258 2169
-767.908 508.258 2169
-772.673 508.961 2172
-776.375 508.961 2172
-780.078 508.961 2172
-783.781 508.961 2172
-788.571 509.664 2175
-794.465 511.07 2181
-798.183 511.07 2181
-801.901 511.07 2181
-805.619 511.07 2181
-809.337 511.07 2181
-813.055 511.07 2181
-816.773 511.07 2181
-828.015 515.756 2201
-831.767 515.756 2201
-835.519 515.756 2201
-839.272 515.756 2201
-833.065 509.664 2175
-836.773 509.664 2175
-840.481 509.664 2175
-841.084 507.789 2167
-842.439 506.383 2161
-841.816 503.806 2150
-845.481 503.806 2150
-849.146 503.806 2150
-851.621 503.103 2147
-903.77 469.359 2003
-907.185 469.359 2003
-910.6 469.359 2003
-914.014 469.359 2003
-910.559 465.844 1988
-913.948 465.844 1988
-917.337 465.844 1988
-920.726 465.844 1988
-924.115 465.844 1988
-923.305 463.736 1979
-926.678 463.736 1979
-927.702 462.564 1974
-929.181 461.627 1970
-932.539 461.627 1970
-935.897 461.627 1970
-937.826 460.924 1967
-940.222 460.455 1965
-941.171 459.283 1960
-944.512 459.283 1960
-947.853 459.283 1960
-950.224 458.815 1958
-952.588 458.346 1956
-955.922 458.346 1956
-957.786 457.643 1953
-961.115 457.643 1953
-963.457 457.174 1951
-966.783 457.174 1951
-970.109 457.174 1951
-972.437 456.706 1949
-973.256 455.534 1944
-976.57 455.534 1944
-978.876 455.065 1942
-981.175 454.597 1940
-980.93 452.956 1933
-984.225 452.956 1933
-986.499 452.488 1931
-988.766 452.019 1929
-988.454 450.379 1922
-0.559021 112.589 484
-1.38412 112.589 484
-2.20922 112.589 484
-3.03431 112.589 484
-3.85144 112.356 483
-4.67483 112.356 483
-5.48684 112.124 482
-6.30853 112.124 482
-7.11543 111.891 481
-7.93541 111.891 481
-8.75539 111.891 481
-9.55547 111.659 480
-10.3737 111.659 480
-11.2153 111.891 481
-12.0353 111.891 481
-12.8553 111.891 481
-13.6469 111.659 480
-14.4651 111.659 480
-15.2834 111.659 480
-16.0346 111.193 478
-18.8097 108.402 466
-19.6041 108.402 466
-20.3985 108.402 466
-21.1475 108.169 465
-21.9402 108.169 465
-22.684 107.937 464
-23.475 107.937 464
-24.2137 107.704 463
-25.003 107.704 463
-25.7366 107.471 462
-26.4094 107.006 460
-27.1344 106.774 459
-27.9169 106.774 459
-28.5743 106.308 457
-29.2892 106.076 456
-78.8672 105.843 455
-79.993 106.308 457
-80.772 106.308 457
-81.5511 106.308 457
-82.5103 106.541 458
-83.2911 106.541 458
-84.2554 106.774 459
-85.0379 106.774 459
-86.0074 107.006 460
-86.7915 107.006 460
-87.5757 107.006 460
-88.552 107.239 461
-89.3379 107.239 461
-90.3193 107.471 462
-91.1069 107.471 462
-92.0934 107.704 463
-92.8827 107.704 463
-93.672 107.704 463
-94.4613 107.704 463
-95.2505 107.704 463
-96.2473 107.937 464
-97.0383 107.937 464
-97.8293 107.937 464
-98.6203 107.937 464
-99.6255 108.169 465
-100.634 108.402 466
-101.429 108.402 466
-102.223 108.402 466
-103.017 108.402 466
-103.812 108.402 466
-104.382 108.169 465
-106.079 109.1 469
-107.107 109.332 470
-107.908 109.332 470
-108.709 109.332 470
-772.673 505.255 2172
-776.375 505.255 2172
-780.078 505.255 2172
-783.781 505.255 2172
-788.571 505.953 2175
-794.465 507.349 2181
-798.183 507.349 2181
-801.901 507.349 2181
-805.619 507.349 2181
-809.337 507.349 2181
-813.055 507.349 2181
-816.773 507.349 2181
-820.491 507.349 2181
-824.209 507.349 2181
-827.927 507.349 2181
-831.645 507.349 2181
-833.065 505.953 2175
-835.619 505.255 2172
-839.322 505.255 2172
-838.755 502.696 2161
-838.151 500.138 2150
-841.816 500.138 2150
-845.481 500.138 2150
-847.961 499.44 2147
-913.184 460.359 1979
-916.557 460.359 1979
-919.931 460.359 1979
-919.106 458.266 1970
-922.464 458.266 1970
-924.413 457.568 1967
-924.464 455.939 1960
-927.805 455.939 1960
-931.147 455.939 1960
-934.488 455.939 1960
-937.829 455.939 1960
-940.21 455.474 1958
-943.548 455.474 1958
-946.886 455.474 1958
-949.253 455.009 1956
-952.588 455.009 1956
-955.922 455.009 1956
-956.805 453.846 1951
-960.131 453.846 1951
-962.469 453.38 1949
-965.792 453.38 1949
-969.114 453.38 1949
-972.437 453.38 1949
-973.256 452.217 1944
-976.57 452.217 1944
-978.876 451.752 1942
-981.175 451.287 1940
-981.945 450.124 1935
-985.244 450.124 1935
-986.499 449.193 1931
-988.766 448.728 1929
-988.454 447.1 1922
-0.557866 111.532 483
-1.38126 111.532 483
-2.20465 111.532 483
-3.02805 111.532 483
-3.85144 111.532 483
-4.67483 111.532 483
-5.48684 111.302 482
-6.29544 111.071 481
-7.11543 111.071 481
-7.93541 111.071 481
-8.73719 110.84 480
-9.55547 110.84 480
-10.3737 110.84 480
-11.192 110.84 480
-12.0103 110.84 480
-12.8286 110.84 480
-13.6469 110.84 480
-14.4651 110.84 480
-15.2516 110.609 479
-16.0346 110.378 478
-16.6732 109.223 473
-17.4426 108.992 472
-18.2473 108.992 472
-18.9712 108.531 470
-19.6883 108.069 468
-20.3985 107.607 466
-21.193 107.607 466
-21.9402 107.376 465
-22.684 107.145 464
-23.475 107.145 464
-24.2137 106.914 463
-25.003 106.914 463
-25.7366 106.683 462
-26.4094 106.221 460
-27.1344 105.99 459
-27.9169 105.99 459
-28.5743 105.529 457
-29.3534 105.529 457
-76.976 104.605 453
-77.7483 104.605 453
-78.8672 105.067 455
-79.993 105.529 457
-80.772 105.529 457
-81.5511 105.529 457
-82.3302 105.529 457
-83.1092 105.529 457
-84.0719 105.76 458
-84.8526 105.76 458
-85.6334 105.76 458
-86.6029 105.99 459
-87.3853 105.99 459
-88.3599 106.221 460
-89.3379 106.452 461
-90.3193 106.683 462
-91.1069 106.683 462
-92.0934 106.914 463
-92.8827 106.914 463
-93.672 106.914 463
-94.4613 106.914 463
-95.2505 106.914 463
-96.2473 107.145 464
-97.0383 107.145 464
-97.8293 107.145 464
-98.6203 107.145 464
-99.6255 107.376 465
-100.634 107.607 466
-101.429 107.607 466
-102.223 107.607 466
-103.017 107.607 466
-103.812 107.607 466
-104.382 107.376 465
-105.401 107.607 466
-106.195 107.607 466
-106.99 107.607 466
-827.155 496.469 2150
-830.82 496.469 2150
-834.485 496.469 2150
-838.151 496.469 2150
-840.641 495.777 2147
-844.301 495.777 2147
-913.184 456.983 1979
-916.557 456.983 1979
-919.931 456.983 1979
-919.106 454.904 1970
-922.464 454.904 1970
-924.413 454.212 1967
-924.464 452.595 1960
-927.805 452.595 1960
-931.147 452.595 1960
-934.488 452.595 1960
-937.829 452.595 1960
-940.21 452.134 1958
-943.548 452.134 1958
-946.886 452.134 1958
-949.253 451.672 1956
-952.588 451.672 1956
-955.922 451.672 1956
-956.805 450.517 1951
-960.131 450.517 1951
-962.469 450.055 1949
-965.792 450.055 1949
-969.114 450.055 1949
-972.437 450.055 1949
-973.256 448.901 1944
-976.57 448.901 1944
-979.884 448.901 1944
-982.187 448.439 1942
-981.945 446.822 1935
-985.244 446.822 1935
-986.499 445.899 1931
-988.766 445.437 1929
-988.454 443.821 1922
-0.557866 110.708 483
-1.38126 110.708 483
-2.20465 110.708 483
-3.02805 110.708 483
-3.85144 110.708 483
-4.67483 110.708 483
-5.48684 110.479 482
-6.29544 110.25 481
-7.11543 110.25 481
-7.93541 110.25 481
-8.73719 110.021 480
-9.55547 110.021 480
-10.3737 110.021 480
-11.192 110.021 480
-12.0103 110.021 480
-12.8286 110.021 480
-13.6184 109.792 479
-14.435 109.792 479
-15.1879 109.333 477
-15.934 108.875 475
-16.6732 108.416 473
-17.4426 108.187 472
-18.2473 108.187 472
-18.9712 107.729 470
-19.6883 107.27 468
-20.3985 106.812 466
-21.193 106.812 466
-21.9402 106.583 465
-22.684 106.353 464
-23.475 106.353 464
-24.2137 106.124 463
-25.003 106.124 463
-25.7366 105.895 462
-26.4094 105.437 460
-27.1344 105.207 459
-27.9169 105.207 459
-28.5743 104.749 457
-29.3534 104.749 457
-77.146 104.061 454
-77.9199 104.061 454
-78.8672 104.29 455
-79.993 104.749 457
-80.772 104.749 457
-81.5511 104.749 457
-82.3302 104.749 457
-83.1092 104.749 457
-84.0719 104.978 458
-84.8526 104.978 458
-85.6334 104.978 458
-86.6029 105.207 459
-87.3853 105.207 459
-88.3599 105.437 460
-89.3379 105.666 461
-90.3193 105.895 462
-91.1069 105.895 462
-92.0934 106.124 463
-92.8827 106.124 463
-93.672 106.124 463
-94.4613 106.124 463
-95.2505 106.124 463
-96.2473 106.353 464
-97.0383 106.353 464
-97.8293 106.353 464
-98.6203 106.353 464
-99.4113 106.353 464
-100.418 106.583 465
-101.211 106.583 465
-102.004 106.583 465
-102.796 106.583 465
-103.589 106.583 465
-104.382 106.583 465
-105.174 106.583 465
-105.967 106.583 465
-106.76 106.583 465
-914.44 449.251 1960
-917.782 449.251 1960
-921.123 449.251 1960
-921.162 447.647 1953
-925.912 448.335 1956
-929.247 448.335 1956
-932.581 448.335 1956
-935.915 448.335 1956
-940.21 448.793 1958
-943.548 448.793 1958
-946.886 448.793 1958
-947.797 447.647 1953
-951.127 447.647 1953
-954.456 447.647 1953
-956.805 447.188 1951
-960.131 447.188 1951
-962.469 446.73 1949
-965.792 446.73 1949
-969.114 446.73 1949
-972.437 446.73 1949
-974.758 446.272 1947
-978.077 446.272 1947
-979.884 445.584 1944
-982.187 445.126 1942
-983.467 444.209 1938
-986.771 444.209 1938
-987.521 443.063 1933
-989.791 442.604 1931
-988.454 440.541 1922
-0.557866 109.884 483
-1.38126 109.884 483
-2.20465 109.884 483
-3.02805 109.884 483
-3.85144 109.884 483
-4.67483 109.884 483
-5.47546 109.429 481
-6.29544 109.429 481
-7.11543 109.429 481
-7.93541 109.429 481
-8.73719 109.202 480
-9.55547 109.202 480
-10.3737 109.202 480
-11.192 109.202 480
-12.0103 109.202 480
-12.8286 109.202 480
-13.6184 108.974 479
-14.435 108.974 479
-15.1879 108.519 477
-15.934 108.064 475
-16.6732 107.609 473
-17.4426 107.382 472
-18.2473 107.382 472
-18.9712 106.927 470
-19.6883 106.472 468
-20.3985 106.017 466
-21.193 106.017 466
-21.9402 105.789 465
-22.684 105.562 464
-23.475 105.562 464
-24.2137 105.334 463
-25.003 105.334 463
-25.7366 105.107 462
-26.4094 104.652 460
-27.1344 104.424 459
-27.9169 104.424 459
-28.5743 103.969 457
-29.3534 103.969 457
-30.1325 103.969 457
-30.9116 103.969 457
-77.146 103.287 454
-77.9199 103.287 454
-78.6939 103.287 454
-79.6429 103.514 455
-80.772 103.969 457
-81.5511 103.969 457
-82.3302 103.969 457
-83.1092 103.969 457
-84.0719 104.197 458
-84.8526 104.197 458
-85.6334 104.197 458
-86.4142 104.197 458
-87.195 104.197 458
-88.3599 104.652 460
-89.3379 104.879 461
-90.3193 105.107 462
-91.1069 105.107 462
-92.0934 105.334 463
-92.8827 105.334 463
-93.672 105.334 463
-94.4613 105.334 463
-95.2505 105.334 463
-96.2473 105.562 464
-97.0383 105.562 464
-97.8293 105.562 464
-98.6203 105.562 464
-99.4113 105.562 464
-100.418 105.789 465
-101.211 105.789 465
-102.004 105.789 465
-102.796 105.789 465
-103.589 105.789 465
-104.382 105.789 465
-105.174 105.789 465
-105.967 105.789 465
-106.76 105.789 465
-924.492 444.315 1953
-927.821 444.315 1953
-931.151 444.315 1953
-934.48 444.315 1953
-937.809 444.315 1953
-941.139 444.315 1953
-944.468 444.315 1953
-946.827 443.86 1951
-950.153 443.86 1951
-953.479 443.86 1951
-955.824 443.405 1949
-959.146 443.405 1949
-962.469 443.405 1949
-965.792 443.405 1949
-969.114 443.405 1949
-971.439 442.95 1947
-974.758 442.95 1947
-978.077 442.95 1947
-979.884 442.267 1944
-982.187 441.812 1942
-983.467 440.902 1938
-986.771 440.902 1938
-987.521 439.765 1933
-989.791 439.31 1931
-988.454 437.262 1922
-0.557866 109.06 483
-1.38126 109.06 483
-2.20465 109.06 483
-3.02805 109.06 483
-3.84346 108.834 482
-4.66515 108.834 482
-5.47546 108.609 481
-6.29544 108.609 481
-7.10063 108.383 480
-7.91891 108.383 480
-8.73719 108.383 480
-9.53556 108.157 479
-10.3521 108.157 479
-11.1687 108.157 479
-11.9853 108.157 479
-12.7751 107.931 478
-13.5616 107.705 477
-14.3747 107.705 477
-15.1242 107.254 475
-15.9004 107.028 474
-16.6732 106.802 473
-17.4426 106.576 472
-18.2473 106.576 472
-18.9712 106.125 470
-19.6883 105.673 468
-20.3985 105.222 466
-21.193 105.222 466
-21.9402 104.996 465
-22.684 104.77 464
-23.475 104.77 464
-24.2137 104.544 463
-25.003 104.544 463
-25.7366 104.319 462
-26.4094 103.867 460
-27.1344 103.641 459
-27.9169 103.641 459
-28.5743 103.19 457
-29.3534 103.19 457
-30.1325 103.19 457
-30.9116 103.19 457
-77.146 102.512 454
-77.9199 102.512 454
-78.6939 102.512 454
-79.6429 102.738 455
-80.5953 102.964 456
-81.3726 102.964 456
-82.3302 103.19 457
-83.1092 103.19 457
-84.0719 103.415 458
-84.8526 103.415 458
-85.8204 103.641 459
-86.6029 103.641 459
-87.3853 103.641 459
-88.3599 103.867 460
-89.3379 104.093 461
-90.3193 104.319 462
-91.1069 104.319 462
-91.8945 104.319 462
-92.8827 104.544 463
-93.672 104.544 463
-94.4613 104.544 463
-95.2505 104.544 463
-96.0398 104.544 463
-97.0383 104.77 464
-97.8293 104.77 464
-98.6203 104.77 464
-99.4113 104.77 464
-100.418 104.996 465
-101.211 104.996 465
-102.004 104.996 465
-102.796 104.996 465
-103.589 104.996 465
-104.157 104.77 464
-104.948 104.77 464
-105.739 104.77 464
-106.53 104.77 464
-924.971 439.628 1947
-928.29 439.628 1947
-931.609 439.628 1947
-936.849 440.531 1951
-940.175 440.531 1951
-943.501 440.531 1951
-946.827 440.531 1951
-950.153 440.531 1951
-953.479 440.531 1951
-955.824 440.08 1949
-959.146 440.08 1949
-962.469 440.08 1949
-965.792 440.08 1949
-969.114 440.08 1949
-971.439 439.628 1947
-974.758 439.628 1947
-978.077 439.628 1947
-979.884 438.951 1944
-982.187 438.499 1942
-983.467 437.596 1938
-986.771 437.596 1938
-987.521 436.467 1933
-989.791 436.015 1931
-987.425 433.532 1920
0.265527 108.236 483
-0.557866 108.236 483
-1.38126 108.236 483
-2.20465 108.236 483
-3.02805 108.236 483
-3.84346 108.012 482
-4.66515 108.012 482
-5.47546 107.788 481
-6.29544 107.788 481
-7.10063 107.564 480
-7.91891 107.564 480
-8.71899 107.34 479
-9.53556 107.34 479
-10.3089 106.892 477
-11.1221 106.892 477
-11.9352 106.892 477
-12.7217 106.668 476
-13.5047 106.443 475
-14.2843 106.219 474
-15.0924 106.219 474
-15.8669 105.995 473
-16.638 105.771 472
-17.4057 105.547 471
-18.2086 105.547 471
-18.9308 105.099 469
-19.6883 104.875 468
-20.3985 104.427 466
-21.193 104.427 466
-21.9402 104.203 465
-22.684 103.978 464
-23.475 103.978 464
-24.266 103.978 464
-25.003 103.754 463
-25.7366 103.53 462
-26.4668 103.306 461
-27.1936 103.082 460
-27.9777 103.082 460
-28.5743 102.41 457
-29.3534 102.41 457
-30.1325 102.41 457
-30.9116 102.41 457
-77.146 101.738 454
-77.9199 101.738 454
-78.6939 101.738 454
-79.6429 101.962 455
-80.5953 102.186 456
-81.3726 102.186 456
-82.3302 102.41 457
-83.2911 102.634 458
-84.0719 102.634 458
-84.8526 102.634 458
-85.8204 102.858 459
-86.6029 102.858 459
-87.3853 102.858 459
-88.1678 102.858 459
-89.1441 103.082 460
-89.9283 103.082 460
-90.7125 103.082 460
-91.8945 103.53 462
-92.682 103.53 462
-93.4696 103.53 462
-94.2572 103.53 462
-95.0448 103.53 462
-96.0398 103.754 463
-96.8291 103.754 463
-97.6184 103.754 463
-98.4077 103.754 463
-99.4113 103.978 464
-100.202 103.978 464
-100.993 103.978 464
-102.004 104.203 465
-102.796 104.203 465
-103.589 104.203 465
-104.157 103.978 464
-104.496 103.53 462
-931.147 439.219 1960
-934.488 439.219 1960
-937.829 439.219 1960
-941.171 439.219 1960
-944.512 439.219 1960
-947.853 439.219 1960
-950.224 438.771 1958
-951.127 437.651 1953
-954.456 437.651 1953
-957.786 437.651 1953
-960.131 437.203 1951
-962.469 436.754 1949
-965.792 436.754 1949
-969.114 436.754 1949
-972.437 436.754 1949
-975.759 436.754 1949
-979.082 436.754 1949
-981.396 436.306 1947
-982.187 435.186 1942
-984.482 434.738 1940
-987.789 434.738 1940
-987.521 433.169 1933
-989.791 432.721 1931
-987.425 430.256 1920
0.265527 107.412 483
-0.557866 107.412 483
-1.38126 107.412 483
-2.20465 107.412 483
-3.02805 107.412 483
-3.84346 107.19 482
-4.66515 107.19 482
-5.47546 106.967 481
-6.29544 106.967 481
-7.10063 106.745 480
-7.91891 106.745 480
-8.71899 106.523 479
-9.53556 106.523 479
-10.3089 106.078 477
-11.1221 106.078 477
-11.9102 105.855 476
-12.695 105.633 475
-13.4763 105.411 474
-14.2542 105.188 473
-15.0605 105.188 473
-15.8669 105.188 473
-16.638 104.966 472
-17.4057 104.744 471
-18.2086 104.744 471
-18.9308 104.299 469
-19.6883 104.076 468
-20.3985 103.632 466
-21.193 103.632 466
-21.9402 103.409 465
-22.684 103.187 464
-23.475 103.187 464
-24.266 103.187 464
-25.003 102.964 463
-25.7366 102.742 462
-26.4668 102.52 461
-27.1936 102.297 460
-27.9777 102.297 460
-28.5743 101.63 457
-29.3534 101.63 457
-30.1325 101.63 457
-30.9116 101.63 457
-77.146 100.963 454
-77.9199 100.963 454
-78.6939 100.963 454
-79.6429 101.185 455
-80.5953 101.408 456
-81.3726 101.408 456
-82.3302 101.63 457
-83.2911 101.853 458
-84.0719 101.853 458
-84.8526 101.853 458
-85.8204 102.075 459
-86.6029 102.075 459
-87.3853 102.075 459
-88.1678 102.075 459
-88.9503 102.075 459
-89.7328 102.075 459
-90.5153 102.075 459
-91.8945 102.742 462
-92.682 102.742 462
-93.4696 102.742 462
-94.2572 102.742 462
-95.4563 103.187 464
-96.2473 103.187 464
-97.0383 103.187 464
-97.8293 103.187 464
-98.6203 103.187 464
-99.4113 103.187 464
-100.418 103.409 465
-101.211 103.409 465
-102.004 103.409 465
-102.796 103.409 465
-103.589 103.409 465
-104.157 103.187 464
-931.147 435.876 1960
-934.488 435.876 1960
-937.829 435.876 1960
-941.171 435.876 1960
-944.512 435.876 1960
-947.853 435.876 1960
-950.224 435.431 1958
-951.127 434.319 1953
-954.456 434.319 1953
-957.786 434.319 1953
-960.131 433.874 1951
-962.469 433.429 1949
-965.792 433.429 1949
-969.114 433.429 1949
-972.437 433.429 1949
-975.759 433.429 1949
-979.082 433.429 1949
-981.396 432.984 1947
-982.187 431.873 1942
-984.482 431.428 1940
-987.789 431.428 1940
-987.521 429.871 1933
-989.791 429.426 1931
-988.454 427.425 1922
0.265527 106.588 483
-0.557866 106.588 483
-1.38126 106.588 483
-2.20465 106.588 483
-3.02178 106.367 482
-3.84346 106.367 482
-4.66515 106.367 482
-5.47546 106.147 481
-6.28235 105.926 480
-7.10063 105.926 480
-7.91891 105.926 480
-8.71899 105.705 479
-9.49575 105.264 477
-10.3089 105.264 477
-11.1221 105.264 477
-11.9102 105.043 476
-12.695 104.823 475
-13.4763 104.602 474
-14.2542 104.381 473
-15.0605 104.381 473
-15.8669 104.381 473
-16.638 104.161 472
-17.4057 103.94 471
-18.2086 103.94 471
-18.9308 103.499 469
-19.6883 103.278 468
-20.3985 102.837 466
-21.193 102.837 466
-21.9402 102.616 465
-22.684 102.395 464
-23.475 102.395 464
-24.266 102.395 464
-25.003 102.175 463
-25.7366 101.954 462
-26.4668 101.733 461
-27.1936 101.513 460
-27.9777 101.513 460
-28.6369 101.071 458
-29.3534 100.85 457
-30.1325 100.85 457
-30.9116 100.85 457
-76.8901 98.8644 448
-77.6539 98.8644 448
-79.4678 100.188 454
-80.5953 100.63 456
-81.3726 100.63 456
-82.3302 100.85 457
-83.2911 101.071 458
-84.0719 101.071 458
-84.8526 101.071 458
-85.8204 101.292 459
-86.6029 101.292 459
-87.3853 101.292 459
-88.1678 101.292 459
-88.9503 101.292 459
-89.7328 101.292 459
-90.5153 101.292 459
-91.8945 101.954 462
-92.682 101.954 462
-93.8743 102.395 464
-94.6653 102.395 464
-95.4563 102.395 464
-96.2473 102.395 464
-97.0383 102.395 464
-97.8293 102.395 464
-98.6203 102.395 464
-99.6255 102.616 465
-100.418 102.616 465
-101.211 102.616 465
-102.004 102.616 465
-102.796 102.616 465
-103.589 102.616 465
-104.157 102.395 464
-925.912 431.649 1956
-931.147 432.532 1960
-934.488 432.532 1960
-940.222 433.635 1965
-944.532 434.076 1967
-947.885 434.076 1967
-951.238 434.076 1967
-953.621 433.635 1965
-956.971 433.635 1965
-960.321 433.635 1965
-959.257 431.649 1956
-961.115 430.987 1953
-962.469 430.104 1949
-965.792 430.104 1949
-969.114 430.104 1949
-972.437 430.104 1949
-975.759 430.104 1949
-979.082 430.104 1949
-981.396 429.663 1947
-982.187 428.559 1942
-984.482 428.118 1940
-987.789 428.118 1940
-987.521 426.573 1933
-989.791 426.132 1931
-988.454 424.146 1922
0.265527 105.764 483
-0.557866 105.764 483
-1.38126 105.764 483
-2.20465 105.764 483
-3.02178 105.545 482
-3.84346 105.545 482
-4.66515 105.545 482
-5.47546 105.326 481
-6.28235 105.107 480
-7.10063 105.107 480
-7.91891 105.107 480
-8.71899 104.888 479
-9.49575 104.45 477
-10.2873 104.231 476
-11.0988 104.231 476
-11.8852 104.012 475
-12.6682 103.793 474
-13.4763 103.793 474
-14.2542 103.574 473
-15.0605 103.574 473
-15.8333 103.355 472
-16.638 103.355 472
-17.3687 102.917 470
-18.1699 102.917 470
-18.9308 102.698 469
-19.6883 102.479 468
-20.3985 102.042 466
-21.193 102.042 466
-21.9402 101.823 465
-22.684 101.604 464
-23.475 101.604 464
-24.266 101.604 464
-25.003 101.385 463
-25.7366 101.166 462
-26.4668 100.947 461
-27.1936 100.728 460
-27.9777 100.728 460
-28.6369 100.29 458
-29.3534 100.071 457
-30.1325 100.071 457
-30.9116 100.071 457
-76.7185 97.881 447
-77.4805 97.881 447
-78.4176 98.1 448
-80.4185 99.6328 455
-81.1942 99.6328 455
-81.9699 99.6328 455
-83.2911 100.29 458
-84.0719 100.29 458
-84.8526 100.29 458
-85.6334 100.29 458
-86.4142 100.29 458
-87.195 100.29 458
-87.9757 100.29 458
-88.9503 100.509 459
-89.7328 100.509 459
-90.5153 100.509 459
-91.2977 100.509 459
-92.682 101.166 462
-93.8743 101.604 464
-94.6653 101.604 464
-95.4563 101.604 464
-96.2473 101.604 464
-97.0383 101.604 464
-97.8293 101.604 464
-98.6203 101.604 464
-99.6255 101.823 465
-100.418 101.823 465
-101.211 101.823 465
-102.004 101.823 465
-102.796 101.823 465
-103.589 101.823 465
-925.912 428.312 1956
-934.472 430.72 1967
-937.826 430.72 1967
-941.179 430.72 1967
-944.532 430.72 1967
-947.885 430.72 1967
-951.238 430.72 1967
-954.592 430.72 1967
-956.971 430.282 1965
-960.321 430.282 1965
-959.257 428.312 1956
-961.115 427.655 1953
-962.469 426.779 1949
-965.792 426.779 1949
-969.114 426.779 1949
-972.437 426.779 1949
-975.759 426.779 1949
-979.082 426.779 1949
-981.396 426.341 1947
-982.187 425.246 1942
-983.467 424.37 1938
-986.771 424.37 1938
-987.521 423.275 1933
-988.766 422.399 1929
-988.454 420.867 1922
1.91627 105.157 484
1.09117 105.157 484
0.266077 105.157 484
-0.557866 104.94 483
-1.38126 104.94 483
-2.20465 104.94 483
-3.02178 104.723 482
-3.83549 104.506 481
-4.65547 104.506 481
-5.46407 104.288 480
-6.28235 104.288 480
-7.08584 104.071 479
-7.90241 104.071 479
-8.70079 103.854 478
-9.49575 103.636 477
-10.2657 103.202 475
-11.0754 103.202 475
-11.8852 103.202 475
-12.6682 102.985 474
-13.4478 102.767 473
-14.2241 102.55 472
-15.0287 102.55 472
-15.8333 102.55 472
-16.6027 102.333 471
-17.3318 101.898 469
-18.1313 101.898 469
-18.8904 101.681 468
-19.6462 101.464 467
-20.3985 101.246 466
-21.193 101.246 466
-21.9402 101.029 465
-22.684 100.812 464
-23.475 100.812 464
-24.266 100.812 464
-25.003 100.595 463
-25.7366 100.377 462
-26.4668 100.16 461
-27.1936 99.9429 460
-27.9777 99.9429 460
-28.6369 99.5084 458
-29.3534 99.2911 457
-30.1325 99.2911 457
-30.9116 99.2911 457
-83.3656 94.2939 434
-88.7565 99.5084 458
-89.5373 99.5084 458
-90.3181 99.5084 458
-88.712 96.9011 446
-87.4662 94.7285 436
-93.8743 100.812 464
-94.6653 100.812 464
-95.4563 100.812 464
-96.2473 100.812 464
-97.0383 100.812 464
-97.8293 100.812 464
-98.6203 100.812 464
-99.6255 101.029 465
-100.418 101.029 465
-101.211 101.029 465
-102.004 101.029 465
-102.796 101.029 465
-103.589 101.029 465
-925.912 424.975 1956
-934.472 427.365 1967
-937.826 427.365 1967
-941.179 427.365 1967
-944.532 427.365 1967
-947.885 427.365 1967
-951.238 427.365 1967
-954.592 427.365 1967
-956.971 426.93 1965
-960.321 426.93 1965
-959.257 424.975 1956
-961.115 424.323 1953
-962.469 423.454 1949
-965.792 423.454 1949
-969.114 423.454 1949
-972.437 423.454 1949
-975.759 423.454 1949
-979.082 423.454 1949
-981.396 423.019 1947
-982.187 421.933 1942
-981.945 420.412 1935
-985.244 420.412 1935
-986.499 419.543 1931
-988.766 419.108 1929
-988.454 417.587 1922
1.91627 104.332 484
1.09117 104.332 484
0.266077 104.332 484
-0.557866 104.116 483
-1.38126 104.116 483
-2.20465 104.116 483
-3.02178 103.9 482
-3.83549 103.685 481
-4.65547 103.685 481
-5.46407 103.469 480
-6.28235 103.469 480
-7.08584 103.254 479
-7.90241 103.254 479
-8.70079 103.038 478
-9.49575 102.823 477
-10.2657 102.391 475
-11.0754 102.391 475
-11.8602 102.176 474
-12.6415 101.96 473
-13.4194 101.745 472
-14.2241 101.745 472
-15.0287 101.745 472
-15.8333 101.745 472
-16.5675 101.314 470
-17.3318 101.098 469
-18.1313 101.098 469
-18.8904 100.883 468
-19.6462 100.667 467
-20.3985 100.451 466
-21.193 100.451 466
-21.9402 100.236 465
-22.684 100.02 464
-23.475 100.02 464
-24.266 100.02 464
-25.003 99.8048 463
-25.7366 99.5892 462
-26.5242 99.5892 462
-27.3118 99.5892 462
-28.0386 99.3736 461
-28.6994 98.9425 459
-29.4176 98.727 458
-30.1325 98.5114 457
-30.9116 98.5114 457
-79.6651 92.6913 430
-80.5852 92.9068 431
-81.3199 92.9068 431
-82.245 93.1224 432
-83.3656 93.5535 434
-88.7565 98.727 458
-89.5373 98.727 458
-90.3181 98.727 458
-86.7229 93.9846 436
-87.4662 93.9846 436
-95.4563 100.02 464
-96.2473 100.02 464
-97.0383 100.02 464
-97.6184 99.8048 463
-98.4077 99.8048 463
-99.4113 100.02 464
-100.202 100.02 464
-101.211 100.236 465
-102.004 100.236 465
-102.796 100.236 465
-103.366 100.02 464
-100.341 96.3558 447
-101.103 96.3558 447
-103.389 96.3558 447
-104.151 96.3558 447
-105.383 96.7869 449
-106.148 96.7869 449
-107.152 97.0025 450
-107.919 97.0025 450
-108.686 97.0025 450
-925.912 421.637 1956
-934.472 424.009 1967
-937.826 424.009 1967
-941.179 424.009 1967
-944.532 424.009 1967
-947.885 424.009 1967
-951.238 424.009 1967
-954.592 424.009 1967
-956.971 423.577 1965
-960.321 423.577 1965
-959.257 421.637 1956
-960.131 420.56 1951
-962.469 420.129 1949
-965.792 420.129 1949
-969.114 420.129 1949
-972.437 420.129 1949
-975.759 420.129 1949
-979.082 420.129 1949
-981.396 419.697 1947
-982.187 418.62 1942
-981.945 417.111 1935
-985.244 417.111 1935
-986.499 416.248 1931
-988.766 415.817 1929
-989.483 414.739 1924
1.91627 103.506 484
1.09117 103.506 484
0.266077 103.506 484
-0.557866 103.292 483
-1.38126 103.292 483
-2.20465 103.292 483
-3.02178 103.078 482
-3.83549 102.864 481
-4.65547 102.864 481
-5.46407 102.65 480
-6.28235 102.65 480
-7.08584 102.437 479
-7.90241 102.437 479
-8.70079 102.223 478
-9.47584 101.795 476
-10.2657 101.581 475
-11.0754 101.581 475
-11.8602 101.367 474
-12.6415 101.153 473
-13.4194 100.94 472
-14.2241 100.94 472
-15.0287 100.94 472
-15.8333 100.94 472
-16.5675 100.512 470
-17.3318 100.298 469
-18.1313 100.298 469
-18.8904 100.084 468
-19.6462 99.8703 467
-20.3985 99.6564 466
-21.193 99.6564 466
-21.9402 99.4426 465
-22.684 99.2287 464
-23.475 99.2287 464
-24.266 99.2287 464
-25.057 99.2287 464
-25.7923 99.0148 463
-26.5242 98.801 462
-27.3118 98.801 462
-28.0386 98.5871 461
-28.6994 98.1594 459
-29.4176 97.9456 458
-30.1984 97.9456 458
-30.9792 97.9456 458
-79.6651 91.9576 430
-80.5852 92.1715 431
-81.3199 92.1715 431
-82.245 92.3853 432
-83.3656 92.813 434
-84.4931 93.2408 436
-85.2364 93.2408 436
-85.9796 93.2408 436
-86.9218 93.4546 437
-87.6668 93.4546 437
-88.8164 93.8823 439
-90.5849 94.9516 444
-95.4563 99.2287 464
-96.2473 99.2287 464
-97.0383 99.2287 464
-97.6184 99.0148 463
-98.4077 99.0148 463
-99.4113 99.2287 464
-100.202 99.2287 464
-101.211 99.4426 465
-102.004 99.4426 465
-102.796 99.4426 465
-103.366 99.2287 464
-100.341 95.5932 447
-101.103 95.5932 447
-101.865 95.5932 447
-102.627 95.5932 447
-103.389 95.5932 447
-104.151 95.5932 447
-105.383 96.0209 449
-106.148 96.0209 449
-107.152 96.2347 450
-107.919 96.2347 450
-108.686 96.2347 450
-950.271 420.225 1965
-953.621 420.225 1965
-956.971 420.225 1965
-953.479 417.231 1951
-956.805 417.231 1951
-958.162 416.376 1947
-960 415.734 1944
-964.8 416.376 1947
-968.12 416.376 1947
-971.439 416.376 1947
-974.758 416.376 1947
-978.077 416.376 1947
-978.876 415.306 1942
-978.646 413.809 1935
-981.945 413.809 1935
-983.207 412.954 1931
-986.499 412.954 1931
-986.203 411.457 1924
-989.483 411.457 1924
2.74703 102.892 485
1.92023 102.892 485
1.09343 102.892 485
0.266077 102.68 484
-0.557866 102.468 483
-1.38126 102.468 483
-2.20009 102.256 482
-3.01551 102.044 481
-3.83549 102.044 481
-4.65547 102.044 481
-5.46407 101.831 480
-6.26927 101.619 479
-7.08584 101.619 479
-7.90241 101.619 479
-8.70079 101.407 478
-9.45593 100.771 475
-10.2657 100.771 475
-11.0754 100.771 475
-11.8602 100.559 474
-12.6415 100.346 473
-13.4194 100.134 472
-14.2241 100.134 472
-15.0287 100.134 472
-15.8333 100.134 472
-16.5675 99.71 470
-17.3318 99.4978 469
-18.1313 99.4978 469
-18.8501 99.0735 467
-19.6041 98.8614 466
-20.3548 98.6492 465
-21.1475 98.6492 465
-21.9402 98.6492 465
-22.684 98.4371 464
-23.475 98.4371 464
-24.266 98.4371 464
-25.057 98.4371 464
-25.7923 98.2249 463
-26.5242 98.0128 462
-27.3118 98.0128 462
-28.0386 97.8006 461
-28.6994 97.3763 459
-29.4176 97.1642 458
-30.1984 97.1642 458
-30.9792 97.1642 458
-78.565 90.7997 428
-79.6651 91.224 430
-80.5852 91.4361 431
-81.3199 91.4361 431
-82.245 91.6483 432
-83.1736 91.8605 433
-84.1055 92.0726 434
-84.8454 92.0726 434
-85.7824 92.2847 435
-86.9218 92.709 437
-87.6668 92.709 437
-88.8164 93.1333 439
-90.5849 94.1941 444
-93.8105 96.7399 456
-94.5878 96.7399 456
-95.3652 96.7399 456
-96.1426 96.7399 456
-96.9199 96.7399 456
-96.8403 95.8913 452
-96.747 95.0427 448
-97.5108 95.0427 448
-98.0551 94.8305 447
-98.8172 94.8305 447
-99.5792 94.8305 447
-100.341 94.8305 447
-101.103 94.8305 447
-101.865 94.8305 447
-102.627 94.8305 447
-103.389 94.8305 447
-104.151 94.8305 447
-105.383 95.2548 449
-106.148 95.2548 449
-107.152 95.467 450
-107.919 95.467 450
-108.686 95.467 450
-942.459 411.993 1942
-945.77 411.993 1942
-949.08 411.993 1942
-952.391 411.993 1942
-953.733 411.144 1938
-954.568 410.084 1933
-957.863 410.084 1933
-965.633 411.993 1942
-968.944 411.993 1942
-972.255 411.993 1942
-975.565 411.993 1942
-978.876 411.993 1942
-981.175 411.569 1940
-984.482 411.569 1940
-985.244 410.508 1935
-986.499 409.659 1931
-987.228 408.599 1926
-990.511 408.599 1926
2.74703 102.065 485
1.92023 102.065 485
1.09343 102.065 485
0.266077 101.854 484
-0.557866 101.644 483
-1.38126 101.644 483
-2.20009 101.433 482
-3.01551 101.223 481
-3.83549 101.223 481
-4.65547 101.223 481
-5.46407 101.013 480
-6.26927 100.802 479
-7.08584 100.802 479
-7.90241 100.802 479
-8.70079 100.592 478
-9.45593 99.9603 475
-10.2441 99.7499 474
-11.0521 99.7499 474
-11.8602 99.7499 474
-12.6415 99.5394 473
-13.4194 99.329 472
-14.2241 99.329 472
-15.0287 99.329 472
-15.7998 99.1185 471
-16.5675 98.9081 470
-17.2948 98.4872 468
-18.0926 98.4872 468
-18.8501 98.2768 467
-19.6041 98.0663 466
-20.3548 97.8559 465
-21.1475 97.8559 465
-21.9402 97.8559 465
-22.684 97.6454 464
-23.475 97.6454 464
-24.266 97.6454 464
-25.057 97.6454 464
-25.7923 97.435 463
-26.5242 97.2245 462
-27.3118 97.2245 462
-28.0994 97.2245 462
-28.6994 96.5932 459
-29.4819 96.5932 459
-30.2644 96.5932 459
-31.0468 96.5932 459
-78.565 90.0695 428
-79.6651 90.4904 430
-80.5852 90.7008 431
-81.3199 90.7008 431
-82.245 90.9113 432
-83.1736 91.1217 433
-83.9117 91.1217 433
-84.6499 91.1217 433
-85.7824 91.5426 435
-86.9218 91.9635 437
-87.6668 91.9635 437
-88.8164 92.3844 439
-90.5849 93.4366 444
-91.3418 93.4366 444
-92.3061 93.647 445
-93.483 94.0679 447
-94.245 94.0679 447
-95.007 94.0679 447
-95.5548 93.8575 446
-96.3151 93.8575 446
-97.0755 93.8575 446
-97.8358 93.8575 446
-98.8172 94.0679 447
-99.5792 94.0679 447
-100.341 94.0679 447
-101.103 94.0679 447
-101.865 94.0679 447
-102.627 94.0679 447
-103.389 94.0679 447
-104.151 94.0679 447
-105.383 94.4888 449
-106.148 94.4888 449
-107.152 94.6992 450
-107.919 94.6992 450
-108.686 94.6992 450
-942.459 408.68 1942
-945.77 408.68 1942
-949.08 408.68 1942
-952.391 408.68 1942
-953.733 407.838 1938
-954.568 406.786 1933
-957.863 406.786 1933
-961.158 406.786 1933
-968.944 408.68 1942
-974.758 409.732 1947
-978.077 409.732 1947
-981.396 409.732 1947
-981.175 408.259 1940
-984.482 408.259 1940
-986.771 407.838 1938
-988.542 407.207 1935
-990.816 406.786 1933
-994.111 406.786 1933
2.74703 101.237 485
1.92023 101.237 485
1.09343 101.237 485
0.266077 101.029 484
-0.557866 100.82 483
-1.38126 100.82 483
-2.20009 100.611 482
-3.01551 100.402 481
-3.83549 100.402 481
-4.65547 100.402 481
-5.46407 100.194 480
-6.26927 99.9848 479
-7.08584 99.9848 479
-7.90241 99.9848 479
-8.70079 99.7761 478
-9.45593 99.1499 475
-10.2441 98.9412 474
-11.0521 98.9412 474
-11.8602 98.9412 474
-12.6415 98.7324 473
-13.4194 98.5237 472
-14.2241 98.5237 472
-14.9969 98.315 471
-15.7998 98.315 471
-16.5675 98.1062 470
-17.2948 97.6888 468
-18.0926 97.6888 468
-18.8501 97.48 467
-19.6041 97.2713 466
-20.3548 97.0625 465
-21.1475 97.0625 465
-21.9402 97.0625 465
-22.684 96.8538 464
-23.475 96.8538 464
-24.266 96.8538 464
-25.057 96.8538 464
-25.7923 96.6451 463
-26.5242 96.4363 462
-27.3118 96.4363 462
-28.0994 96.4363 462
-28.6994 95.8101 459
-29.4819 95.8101 459
-30.2644 95.8101 459
-31.0468 95.8101 459
-78.565 89.3393 428
-79.6651 89.7568 430
-80.5852 89.9655 431
-81.3199 89.9655 431
-82.245 90.1742 432
-83.1736 90.383 433
-83.9117 90.383 433
-84.6499 90.383 433
-85.5852 90.5917 434
-86.9218 91.2179 437
-87.6668 91.2179 437
-88.8164 91.6354 439
-90.5849 92.6791 444
-91.3418 92.6791 444
-92.0987 92.6791 444
-93.2739 93.0965 446
-94.0342 93.0965 446
-94.7945 93.0965 446
-95.5548 93.0965 446
-96.3151 93.0965 446
-97.0755 93.0965 446
-97.8358 93.0965 446
-98.8172 93.3053 447
-99.5792 93.3053 447
-100.341 93.3053 447
-101.103 93.3053 447
-101.865 93.3053 447
-102.627 93.3053 447
-103.389 93.3053 447
-104.151 93.3053 447
-105.383 93.7227 449
-106.148 93.7227 449
-106.914 93.7227 449
-107.679 93.7227 449
-941.387 403.488 1933
-944.682 403.488 1933
-947.977 403.488 1933
-951.272 403.488 1933
-954.568 403.488 1933
-957.863 403.488 1933
-961.158 403.488 1933
-968.944 405.367 1942
-974.758 406.41 1947
-978.077 406.41 1947
-981.396 406.41 1947
-981.175 404.949 1940
-984.482 404.949 1940
-987.789 404.949 1940
-991.097 404.949 1940
-991.841 403.905 1935
-995.14 403.905 1935
2.74137 100.203 484
1.91627 100.203 484
1.09117 100.203 484
0.265527 99.9958 483
-0.556711 99.7887 482
-1.3784 99.7887 482
-2.20009 99.7887 482
-3.01551 99.5817 481
-3.82752 99.3747 480
-4.6458 99.3747 480
-5.46407 99.3747 480
-6.26927 99.1676 479
-7.08584 99.1676 479
-7.90241 99.1676 479
-8.68258 98.7536 477
-9.45593 98.3395 475
-10.2441 98.1325 474
-11.0521 98.1325 474
-11.8602 98.1325 474
-12.6415 97.9254 473
-13.4194 97.7184 472
-14.2241 97.7184 472
-14.9969 97.5114 471
-15.7998 97.5114 471
-16.5675 97.3044 470
-17.2948 96.8903 468
-18.0926 96.8903 468
-18.8501 96.6833 467
-19.6041 96.4762 466
-20.3548 96.2692 465
-21.1475 96.2692 465
-21.9402 96.2692 465
-22.684 96.0622 464
-23.475 96.0622 464
-24.266 96.0622 464
-25.057 96.0622 464
-25.7923 95.8551 463
-26.5242 95.6481 462
-27.3118 95.6481 462
-28.0994 95.6481 462
-28.6994 95.027 459
-29.4819 95.027 459
-30.2644 95.027 459
-31.0468 95.027 459
-78.565 88.6091 428
-79.6651 89.0231 430
-80.5852 89.2302 431
-81.3199 89.2302 431
-82.245 89.4372 432
-82.9815 89.4372 432
-83.9117 89.6442 433
-84.6499 89.6442 433
-85.5852 89.8512 434
-86.9218 90.4723 437
-87.6668 90.4723 437
-88.8164 90.8864 439
-90.5849 91.9216 444
-91.3418 91.9216 444
-92.0987 91.9216 444
-93.2739 92.3356 446
-94.0342 92.3356 446
-94.7945 92.3356 446
-95.5548 92.3356 446
-96.3151 92.3356 446
-97.0755 92.3356 446
-97.8358 92.3356 446
-98.8172 92.5426 447
-99.5792 92.5426 447
-100.341 92.5426 447
-101.103 92.5426 447
-101.865 92.5426 447
-102.627 92.5426 447
-103.389 92.5426 447
-104.151 92.5426 447
-105.383 92.9567 449
-106.148 92.9567 449
-106.914 92.9567 449
-107.679 92.9567 449
-953.372 402.467 1944
-956.686 402.467 1944
-960 402.467 1944
-957.863 400.19 1933
-961.158 400.19 1933
-968.944 402.053 1942
-974.758 403.088 1947
-978.077 403.088 1947
-981.396 403.088 1947
-981.175 401.639 1940
-984.482 401.639 1940
-987.789 401.639 1940
-991.097 401.639 1940
-991.841 400.604 1935
-995.14 400.604 1935
2.74137 99.377 484
1.91627 99.377 484
1.09117 99.377 484
0.265527 99.1717 483
-0.557866 99.1717 483
-1.3784 98.9664 482
-2.19552 98.761 481
-3.01551 98.761 481
-3.82752 98.5557 480
-4.6458 98.5557 480
-5.46407 98.5557 480
-6.26927 98.3504 479
-7.07105 98.1451 478
-7.88592 98.1451 478
-8.68258 97.9398 477
-9.45593 97.5291 475
-10.2441 97.3238 474
-11.0521 97.3238 474
-11.8352 97.1185 473
-12.6415 97.1185 473
-13.4194 96.9131 472
-14.2241 96.9131 472
-14.9969 96.7078 471
-15.7998 96.7078 471
-16.5675 96.5025 470
-17.2948 96.0918 468
-18.0926 96.0918 468
-18.8501 95.8865 467
-19.6041 95.6812 466
-20.3548 95.4759 465
-21.1475 95.4759 465
-21.9402 95.4759 465
-22.684 95.2705 464
-23.475 95.2705 464
-24.266 95.2705 464
-25.057 95.2705 464
-25.7923 95.0652 463
-26.5242 94.8599 462
-27.3118 94.8599 462
-28.0994 94.8599 462
-28.6994 94.2439 459
-29.4819 94.2439 459
-30.2644 94.2439 459
-31.0468 94.2439 459
-78.565 87.8789 428
-79.6651 88.2895 430
-80.5852 88.4948 431
-81.3199 88.4948 431
-82.245 88.7002 432
-82.9815 88.7002 432
-83.7179 88.7002 432
-84.4544 88.7002 432
-85.5852 89.1108 434
-86.9218 89.7268 437
-87.6668 89.7268 437
-88.8164 90.1374 439
-90.1768 90.7534 442
-90.9303 90.7534 442
-92.0987 91.164 444
-92.8556 91.164 444
-93.8233 91.3694 445
-94.582 91.3694 445
-95.5548 91.5747 446
-96.3151 91.5747 446
-97.0755 91.5747 446
-97.8358 91.5747 446
-98.5961 91.5747 446
-99.5792 91.78 447
-100.341 91.78 447
-101.103 91.78 447
-101.865 91.78 447
-102.627 91.78 447
-103.389 91.78 447
-104.151 91.78 447
-104.913 91.78 447
-953.372 399.151 1944
-956.686 399.151 1944
-960 399.151 1944
-963.314 399.151 1944
-961.158 396.892 1933
-981.175 398.329 1940
-984.482 398.329 1940
-987.789 398.329 1940
-991.097 398.329 1940
-996.454 399.151 1944
-999.768 399.151 1944
2.73571 98.3476 483
1.91231 98.3476 483
1.08892 98.3476 483
0.265527 98.3476 483
-0.557866 98.3476 483
-1.3784 98.144 482
-2.19552 97.9404 481
-3.01551 97.9404 481
-3.82752 97.7368 480
-4.6458 97.7368 480
-5.46407 97.7368 480
-6.26927 97.5332 479
-7.07105 97.3296 478
-7.88592 97.3296 478
-8.68258 97.1259 477
-9.45593 96.7187 475
-10.2441 96.5151 474
-11.0521 96.5151 474
-11.8352 96.3115 473
-12.6415 96.3115 473
-13.4194 96.1078 472
-14.2241 96.1078 472
-14.9969 95.9042 471
-15.7998 95.9042 471
-16.5675 95.7006 470
-17.2948 95.2934 468
-18.0926 95.2934 468
-18.8501 95.0898 467
-19.6041 94.8861 466
-20.3548 94.6825 465
-21.1475 94.6825 465
-21.9402 94.6825 465
-22.684 94.4789 464
-23.475 94.4789 464
-24.266 94.4789 464
-25.057 94.4789 464
-25.7923 94.2753 463
-26.5242 94.0717 462
-27.3118 94.0717 462
-28.0994 94.0717 462
-28.7619 93.6644 460
-29.4819 93.4608 459
-30.2644 93.4608 459
-31.0468 93.4608 459
-78.565 87.1486 428
-79.6651 87.5559 430
-80.5852 87.7595 431
-81.3199 87.7595 431
-82.245 87.9631 432
-82.9815 87.9631 432
-83.7179 87.9631 432
-84.4544 87.9631 432
-85.5852 88.3704 434
-86.524 88.574 435
-87.2656 88.574 435
-88.8164 89.3885 439
-89.9728 89.7957 441
-90.9303 89.9993 442
-91.6838 89.9993 442
-92.6465 90.2029 443
-93.6125 90.4065 444
-94.3694 90.4065 444
-95.1263 90.4065 444
-95.8832 90.4065 444
-96.8578 90.6102 445
-97.6164 90.6102 445
-98.375 90.6102 445
-99.1336 90.6102 445
-99.8922 90.6102 445
-100.651 90.6102 445
-101.182 90.4065 444
-101.938 90.4065 444
-102.695 90.4065 444
-103.219 90.2029 443
-953.372 395.834 1944
-956.686 395.834 1944
-960 395.834 1944
-963.314 395.834 1944
-961.158 393.594 1933
-996.454 395.834 1944
-999.768 395.834 1944
2.73571 97.5236 483
1.91231 97.5236 483
1.08892 97.5236 483
0.265527 97.5236 483
-0.557866 97.5236 483
-1.3784 97.3217 482
-2.19552 97.1198 481
-3.01551 97.1198 481
-3.82752 96.9179 480
-4.6458 96.9179 480
-5.46407 96.9179 480
-6.26927 96.716 479
-7.07105 96.514 478
-7.88592 96.514 478
-8.68258 96.3121 477
-9.45593 95.9083 475
-10.2441 95.7064 474
-11.0521 95.7064 474
-11.8352 95.5045 473
-12.6148 95.3026 472
-13.391 95.1007 471
-14.1939 95.1007 471
-14.9969 95.1007 471
-15.7662 94.8987 470
-16.5322 94.6968 469
-17.2948 94.4949 468
-18.0926 94.4949 468
-18.8501 94.293 467
-19.6041 94.0911 466
-20.3548 93.8892 465
-21.1475 93.8892 465
-21.9402 93.8892 465
-22.7329 93.8892 465
-23.475 93.6873 464
-24.266 93.6873 464
-25.057 93.6873 464
-25.7923 93.4854 463
-26.5816 93.4854 463
-27.3709 93.4854 463
-28.0994 93.2834 462
-28.7619 92.8796 460
-29.5461 92.8796 460
-30.3303 92.8796 460
-31.0468 92.6777 459
-78.565 86.4184 428
-79.6651 86.8223 430
-80.5852 87.0242 431
-81.3199 87.0242 431
-82.245 87.2261 432
-82.9815 87.2261 432
-83.7179 87.2261 432
-84.4544 87.2261 432
-85.5852 87.6299 434
-86.3251 87.6299 434
-87.0649 87.6299 434
-88.8164 88.6395 439
-89.5648 88.6395 439
-90.7246 89.0433 441
-91.4764 89.0433 441
-92.2282 89.0433 441
-92.98 89.0433 441
-93.9443 89.2452 442
-94.6978 89.2452 442
-95.4513 89.2452 442
-96.2048 89.2452 442
-96.9583 89.2452 442
-97.7118 89.2452 442
-98.4653 89.2452 442
-99.2188 89.2452 442
-99.9723 89.2452 442
-100.726 89.2452 442
-101.25 89.0433 441
-953.372 392.517 1944
-956.686 392.517 1944
-960 392.517 1944
-963.314 392.517 1944
-996.454 392.517 1944
-999.768 392.517 1944
2.73571 96.6996 483
1.91231 96.6996 483
1.08892 96.6996 483
0.265527 96.6996 483
-0.557866 96.6996 483
-1.3784 96.4994 482
-2.19552 96.2991 481
-3.00924 96.0989 480
-3.82752 96.0989 480
-4.6458 96.0989 480
-5.46407 96.0989 480
-6.26927 95.8987 479
-7.07105 95.6985 478
-7.88592 95.6985 478
-8.68258 95.4983 477
-9.45593 95.0979 475
-10.2441 94.8977 474
-11.0521 94.8977 474
-11.8352 94.6975 473
-12.6148 94.4973 472
-13.391 94.2971 471
-14.1939 94.2971 471
-14.9969 94.2971 471
-15.7662 94.0969 470
-16.5322 93.8967 469
-17.3318 93.8967 469
-18.0926 93.6965 468
-18.8501 93.4963 467
-19.6462 93.4963 467
-20.3985 93.2961 466
-21.193 93.2961 466
-21.9402 93.0958 465
-22.7329 93.0958 465
-23.475 92.8956 464
-24.266 92.8956 464
-25.057 92.8956 464
-25.7923 92.6954 463
-26.5816 92.6954 463
-27.3709 92.6954 463
-28.0994 92.4952 462
-28.8245 92.295 461
-29.5461 92.0948 460
-30.3303 92.0948 460
-31.0468 91.8946 459
-78.565 85.6882 428
-79.6651 86.0886 430
-80.5852 86.2888 431
-81.3199 86.2888 431
-82.245 86.489 432
-82.9815 86.489 432
-83.7179 86.489 432
-84.4544 86.489 432
-85.5852 86.8895 434
-86.524 87.0897 435
-87.2656 87.0897 435
-88.8164 87.8905 439
-89.5648 87.8905 439
-90.7246 88.2909 441
-91.4764 88.2909 441
-92.2282 88.2909 441
-92.98 88.2909 441
-93.9443 88.4911 442
-94.6978 88.4911 442
-95.4513 88.4911 442
-96.2048 88.4911 442
-96.9583 88.4911 442
-97.7118 88.4911 442
-98.4653 88.4911 442
-99.2188 88.4911 442
-99.9723 88.4911 442
-100.726 88.4911 442
-101.25 88.2909 441
-102.002 88.2909 441
2.73571 95.8755 483
1.91231 95.8755 483
1.08892 95.8755 483
0.265527 95.8755 483
-0.557866 95.8755 483
-1.3784 95.677 482
-2.19552 95.4785 481
-3.01551 95.4785 481
-3.83549 95.4785 481
-4.6458 95.28 480
-5.46407 95.28 480
-6.26927 95.0815 479
-7.05625 94.6845 477
-7.86942 94.6845 477
-8.66438 94.486 476
-9.43603 94.089 474
-10.2225 93.8905 473
-11.0288 93.8905 473
-11.8352 93.8905 473
-12.6148 93.692 472
-13.391 93.4935 471
-14.1939 93.4935 471
-14.965 93.295 470
-15.7662 93.295 470
-16.5322 93.0965 469
-17.3318 93.0965 469
-18.0926 92.898 468
-18.8501 92.6995 467
-19.6462 92.6995 467
-20.3985 92.501 466
-21.193 92.501 466
-21.9402 92.3025 465
-22.7329 92.3025 465
-23.475 92.104 464
-24.266 92.104 464
-25.057 92.104 464
-25.7923 91.9055 463
-26.5816 91.9055 463
-27.3709 91.9055 463
-28.0994 91.707 462
-28.8245 91.5085 461
-29.5461 91.31 460
-30.3303 91.31 460
-31.0468 91.1115 459
-78.565 84.958 428
-79.8504 85.5535 431
-80.5852 85.5535 431
-81.3199 85.5535 431
-82.245 85.752 432
-82.9815 85.752 432
-83.7179 85.752 432
-84.4544 85.752 432
-85.5852 86.149 434
-86.524 86.3475 435
-87.2656 86.3475 435
-88.6141 86.943 438
-89.5648 87.1415 439
-90.5189 87.34 440
-91.269 87.34 440
-92.0191 87.34 440
-92.7691 87.34 440
-93.7318 87.5385 441
-94.4836 87.5385 441
-95.2354 87.5385 441
-95.9872 87.5385 441
-96.739 87.5385 441
-97.7118 87.737 442
-98.4653 87.737 442
-99.2188 87.737 442
-99.9723 87.737 442
-100.498 87.5385 441
-101.25 87.5385 441
-102.002 87.5385 441
0.264428 94.6579 481
-0.555556 94.6579 481
-1.37554 94.6579 481
-2.19552 94.6579 481
-3.01551 94.6579 481
-3.83549 94.6579 481
-4.6458 94.4611 480
-5.46407 94.4611 480
-6.25618 94.0675 478
-7.05625 93.8707 477
-7.86942 93.8707 477
-8.66438 93.6739 476
-9.43603 93.2803 474
-10.2225 93.0835 473
-11.0288 93.0835 473
-11.8352 93.0835 473
-12.6148 92.8867 472
-13.391 92.6899 471
-14.1939 92.6899 471
-14.965 92.4931 470
-15.7662 92.4931 470
-16.5322 92.2963 469
-17.3318 92.2963 469
-18.0926 92.0996 468
-18.8501 91.9028 467
-19.6462 91.9028 467
-20.3985 91.706 466
-21.193 91.706 466
-21.9402 91.5092 465
-22.7329 91.5092 465
-23.475 91.3124 464
-24.266 91.3124 464
-25.057 91.3124 464
-25.848 91.3124 464
-26.5816 91.1156 463
-27.3709 91.1156 463
-28.0994 90.9188 462
-28.8245 90.722 461
-29.6103 90.722 461
-30.3962 90.722 461
-76.9256 84.031 427
-77.6535 84.031 427
-78.7485 84.4246 429
-79.8504 84.8182 431
-80.5852 84.8182 431
-81.3199 84.8182 431
-82.245 85.015 432
-82.9815 85.015 432
-83.7179 85.015 432
-84.4544 85.015 432
-85.5852 85.4086 434
-86.524 85.6053 435
-87.2656 85.6053 435
-88.6141 86.1957 438
-89.5648 86.3925 439
-90.5189 86.5893 440
-91.269 86.5893 440
-92.0191 86.5893 440
-92.7691 86.5893 440
-93.5192 86.5893 440
-94.2693 86.5893 440
-95.9872 86.7861 441
-96.739 86.7861 441
-97.4907 86.7861 441
-98.2425 86.7861 441
-98.9943 86.7861 441
-99.7461 86.7861 441
-100.498 86.7861 441
-101.25 86.7861 441
-102.002 86.7861 441
0.264977 94.0323 482
-0.556711 94.0323 482
-1.3784 94.0323 482
-2.19552 93.8372 481
-3.01551 93.8372 481
-3.83549 93.8372 481
-4.6458 93.6422 480
-5.46407 93.6422 480
-6.25618 93.252 478
-7.05625 93.0569 477
-7.86942 93.0569 477
-8.66438 92.8618 476
-9.43603 92.4716 474
-10.2225 92.2765 473
-11.0288 92.2765 473
-11.8352 92.2765 473
-12.6148 92.0814 472
-13.391 91.8864 471
-14.1939 91.8864 471
-14.965 91.6913 470
-15.7662 91.6913 470
-16.5322 91.4962 469
-17.3318 91.4962 469
-18.0926 91.3011 468
-18.8501 91.106 467
-19.6462 91.106 467
-20.3985 90.9109 466
-21.193 90.9109 466
-21.9402 90.7158 465
-22.7329 90.7158 465
-23.5256 90.7158 465
-24.3183 90.7158 465
-25.057 90.5207 464
-25.848 90.5207 464
-26.4668 89.9355 461
-27.2527 89.9355 461
-28.0386 89.9355 461
-28.8245 89.9355 461
-29.6103 89.9355 461
-30.3962 89.9355 461
-76.9256 83.3025 427
-77.6535 83.3025 427
-78.7485 83.6927 429
-79.8504 84.0828 431
-80.5852 84.0828 431
-81.3199 84.0828 431
-82.245 84.2779 432
-82.9815 84.2779 432
-83.7179 84.2779 432
-84.4544 84.2779 432
-85.5852 84.6681 434
-86.524 84.8632 435
-87.2656 84.8632 435
-88.6141 85.4485 438
-89.5648 85.6436 439
-90.5189 85.8386 440
-91.269 85.8386 440
-92.0191 85.8386 440
-92.7691 85.8386 440
-93.5192 85.8386 440
-98.2425 86.0337 441
-98.9943 86.0337 441
-99.7461 86.0337 441
-100.498 86.0337 441
-101.25 86.0337 441
-102.002 86.0337 441
0.264977 93.21 482
-0.556711 93.21 482
-1.3784 93.21 482
-2.19552 93.0166 481
-3.01551 93.0166 481
-3.83549 93.0166 481
-4.6458 92.8232 480
-5.45269 92.6298 479
-6.25618 92.4365 478
-7.05625 92.2431 477
-7.86942 92.2431 477
-8.64618 91.8563 475
-9.43603 91.6629 474
-10.2225 91.4696 473
-11.0288 91.4696 473
-11.8352 91.4696 473
-12.6148 91.2762 472
-13.391 91.0828 471
-14.1939 91.0828 471
-14.965 90.8894 470
-15.7662 90.8894 470
-16.5322 90.696 469
-17.3318 90.696 469
-18.0926 90.5026 468
-18.8501 90.3093 467
-19.6462 90.3093 467
-20.3985 90.1159 466
-21.193 90.1159 466
-21.9874 90.1159 466
-22.7329 89.9225 465
-23.5256 89.9225 465
-24.3183 89.9225 465
-25.111 89.9225 465
-25.848 89.7291 464
-26.4668 89.149 461
-27.2527 89.149 461
-28.0386 89.149 461
-28.8245 89.149 461
-29.6103 89.149 461
-30.3962 89.149 461
-76.9256 82.574 427
-77.6535 82.574 427
-78.7485 82.9607 429
-79.8504 83.3475 431
-80.5852 83.3475 431
-81.3199 83.3475 431
-82.245 83.5409 432
-82.9815 83.5409 432
-83.7179 83.5409 432
-84.4544 83.5409 432
-85.5852 83.9277 434
-86.524 84.121 435
-87.2656 84.121 435
-88.6141 84.7012 438
-89.5648 84.8946 439
-90.5189 85.0879 440
-91.269 85.0879 440
-92.0191 85.0879 440
-92.7691 85.0879 440
-93.5192 85.0879 440
-98.2425 85.2813 441
-98.9943 85.2813 441
-99.7461 85.2813 441
-100.498 85.2813 441
-101.25 85.2813 441
-102.002 85.2813 441
1.08892 92.5793 483
0.265527 92.5793 483
-0.557866 92.5793 483
-1.3784 92.3876 482
-2.20009 92.3876 482
-3.01551 92.196 481
-3.83549 92.196 481
-4.65547 92.196 481
-5.46407 92.0043 480
-6.26927 91.8126 479
-7.08584 91.8126 479
-7.88592 91.6209 478
-8.66438 91.2376 476
-9.45593 91.0459 475
-10.2225 90.6626 473
-11.0288 90.6626 473
-11.8352 90.6626 473
-12.6148 90.4709 472
-13.391 90.2792 471
-14.1939 90.2792 471
-14.965 90.0875 470
-15.7662 90.0875 470
-16.497 89.7042 468
-17.2948 89.7042 468
-18.0926 89.7042 468
-18.8501 89.5125 467
-19.6462 89.5125 467
-20.3985 89.3208 466
-21.193 89.3208 466
-21.9874 89.3208 466
-22.7329 89.1292 465
-23.5256 89.1292 465
-24.3183 89.1292 465
-25.111 89.1292 465
-76.3761 82.0372 428
-77.1057 82.0372 428
-77.8353 82.0372 428
-78.7485 82.2288 429
-79.8504 82.6122 431
-80.5852 82.6122 431
-81.3199 82.6122 431
-82.0546 82.6122 431
-82.9815 82.8039 432
-83.7179 82.8039 432
-84.4544 82.8039 432
-85.5852 83.1872 434
-86.524 83.3789 435
-87.2656 83.3789 435
-88.4118 83.7622 437
-89.5648 84.1456 439
-90.3132 84.1456 439
-91.0615 84.1456 439
-98.9943 84.5289 441
-99.7461 84.5289 441
-100.498 84.5289 441
-101.25 84.5289 441
-102.002 84.5289 441
1.08892 91.7553 483
0.265527 91.7553 483
-0.557866 91.7553 483
-1.38126 91.7553 483
-2.20009 91.5653 482
-3.02178 91.5653 482
-3.84346 91.5653 482
-4.65547 91.3753 481
-5.47546 91.3753 481
-6.28235 91.1854 480
-7.10063 91.1854 480
-7.90241 90.9954 479
-8.70079 90.8054 478
-9.47584 90.4255 476
-10.2441 90.0455 474
-11.0521 90.0455 474
-11.8352 89.8556 473
-12.6415 89.8556 473
-13.4194 89.6656 472
-14.2241 89.6656 472
-14.9969 89.4756 471
-15.7662 89.2857 470
-16.5322 89.0957 469
-17.3318 89.0957 469
-18.0926 88.9057 468
-18.8501 88.7158 467
-19.6462 88.7158 467
-20.4423 88.7158 467
-21.193 88.5258 466
-21.9874 88.5258 466
-22.7818 88.5258 466
-23.5256 88.3358 465
-24.3183 88.3358 465
-25.111 88.3358 465
-76.3761 81.3069 428
-77.1057 81.3069 428
-77.8353 81.3069 428
-78.7485 81.4969 429
-79.6651 81.6869 430
-80.5852 81.8769 431
-81.3199 81.8769 431
-82.0546 81.8769 431
-82.7894 81.8769 431
-83.5241 81.8769 431
-84.2589 81.8769 431
-85.388 82.2568 433
-86.3251 82.4468 434
-87.0649 82.4468 434
-88.0071 82.6367 435
-88.7487 82.6367 435
-89.4903 82.6367 435
1.08892 90.9312 483
0.265527 90.9312 483
-0.557866 90.9312 483
-1.38126 90.9312 483
-2.20465 90.9312 483
-3.02178 90.743 482
-3.84346 90.743 482
-4.66515 90.743 482
-5.47546 90.5547 481
-6.29544 90.5547 481
-7.11543 90.5547 481
-7.91891 90.3664 480
-8.70079 89.9899 478
-9.49575 89.8016 477
-10.2657 89.4251 475
-11.0754 89.4251 475
-11.8602 89.2369 474
-12.6415 89.0486 473
-13.4194 88.8603 472
-14.2241 88.8603 472
-14.9969 88.6721 471
-15.7662 88.4838 470
-16.5322 88.2955 469
-17.3318 88.2955 469
-18.1313 88.2955 469
-18.8904 88.1073 468
-19.6462 87.919 467
-20.4423 87.919 467
-21.2384 87.919 467
-21.9874 87.7307 466
-22.7818 87.7307 466
-23.5762 87.7307 466
-24.3706 87.7307 466
-25.165 87.7307 466
-76.3761 80.5767 428
-77.1057 80.5767 428
-77.8353 80.5767 428
-78.7485 80.765 429
-79.6651 80.9533 430
-80.5852 81.1415 431
-81.3199 81.1415 431
-82.0546 81.1415 431
-82.7894 81.1415 431
-83.5241 81.1415 431
-84.2589 81.1415 431
-85.388 81.5181 433
-86.1262 81.5181 433
-86.8643 81.5181 433
-87.6025 81.5181 433
1.08892 90.1072 483
0.265527 90.1072 483
-0.557866 90.1072 483
-1.38126 90.1072 483
-2.20465 90.1072 483
-3.02178 89.9206 482
-3.84346 89.9206 482
-4.66515 89.9206 482
-5.47546 89.7341 481
-6.29544 89.7341 481
-7.11543 89.7341 481
-7.91891 89.5475 480
-8.70079 89.1744 478
-9.49575 88.9878 477
-10.2657 88.6147 475
-11.0754 88.6147 475
-11.8602 88.4282 474
-12.6415 88.2416 473
-13.4194 88.055 472
-14.2241 88.055 472
-14.9969 87.8685 471
-15.7662 87.6819 470
-16.5322 87.4954 469
-17.3318 87.4954 469
-18.1313 87.4954 469
-18.8904 87.3088 468
-19.6462 87.1223 467
-20.4423 87.1223 467
-21.2384 87.1223 467
-22.0346 87.1223 467
-22.7818 86.9357 466
-23.5762 86.9357 466
-24.3706 86.9357 466
-25.165 86.9357 466
-76.9256 79.66 427
-77.6535 79.66 427
-78.565 79.8465 428
-79.4799 80.0331 429
-80.3982 80.2196 430
-81.1312 80.2196 430
-81.8643 80.2196 430
-82.5973 80.2196 430
-83.5241 80.4062 431
-84.2589 80.4062 431
-85.1908 80.5928 432
-86.1262 80.7793 433
-86.8643 80.7793 433
-87.6025 80.7793 433
0.265527 89.2831 483
-0.557866 89.2831 483
-1.38126 89.2831 483
-2.20465 89.2831 483
-3.02178 89.0983 482
-3.84346 89.0983 482
-4.66515 89.0983 482
-5.47546 88.9134 481
-6.29544 88.9134 481
-7.11543 88.9134 481
-7.91891 88.7286 480
-8.70079 88.3589 478
-9.49575 88.174 477
-10.3089 88.174 477
-11.0754 87.8043 475
-11.8602 87.6195 474
-12.6415 87.4346 473
-13.4194 87.2498 472
-14.2241 87.2498 472
-14.9969 87.0649 471
-15.7662 86.8801 470
-16.5322 86.6952 469
-17.3318 86.6952 469
-18.1313 86.6952 469
-18.8904 86.5104 468
-19.6462 86.3255 467
-20.4423 86.3255 467
-21.2384 86.3255 467
-22.0346 86.3255 467
-22.7818 86.1407 466
-23.5762 86.1407 466
-24.3706 86.1407 466
-25.165 86.1407 466
-76.7454 78.7466 426
-77.4716 78.7466 426
-78.3814 78.9315 427
-79.2946 79.1163 428
-80.2112 79.3012 429
-80.9425 79.3012 429
-81.6739 79.3012 429
-82.5973 79.486 430
-83.3303 79.486 430
-84.0634 79.486 430
-84.7964 79.486 430
0.265527 88.4591 483
-0.557866 88.4591 483
-1.38126 88.4591 483
-2.20465 88.4591 483
-3.02178 88.2759 482
-3.84346 88.2759 482
-4.66515 88.2759 482
-5.47546 88.0928 481
-6.29544 88.0928 481
-7.11543 88.0928 481
-7.91891 87.9096 480
-8.70079 87.5434 478
-9.49575 87.3602 477
-10.3089 87.3602 477
-11.0754 86.9939 475
-11.8602 86.8108 474
-12.6415 86.6276 473
-13.4194 86.4445 472
-14.2241 86.4445 472
-14.9969 86.2613 471
-15.7662 86.0782 470
-16.5322 85.895 469
-17.3318 85.895 469
-18.1313 85.895 469
-18.8904 85.7119 468
-19.6462 85.5288 467
-20.4423 85.5288 467
-21.2384 85.5288 467
-22.0346 85.5288 467
-22.7818 85.3456 466
-23.5762 85.3456 466
-24.3706 85.3456 466
-25.165 85.3456 466
-75.6623 77.6535 424
-76.5652 77.8367 425
-77.2898 77.8367 425
-78.1978 78.0198 426
-79.2946 78.3861 428
-80.0242 78.3861 428
-80.7539 78.3861 428
-81.6739 78.5692 429
-82.4052 78.5692 429
-83.1366 78.5692 429
-83.8679 78.5692 429
0.265527 87.635 483
-0.557866 87.635 483
-1.38126 87.635 483
-2.20465 87.635 483
-3.02178 87.4536 482
-3.84346 87.4536 482
-4.66515 87.4536 482
-5.47546 87.2721 481
-6.29544 87.2721 481
-7.11543 87.2721 481
-7.91891 87.0907 480
-8.71899 86.9093 479
-9.49575 86.5464 477
-10.3089 86.5464 477
-11.0988 86.365 476
-11.8852 86.1835 475
-12.6682 86.0021 474
-13.4194 85.6392 472
-14.2241 85.6392 472
-15.0287 85.6392 472
-15.7662 85.2763 470
-16.5675 85.2763 470
-17.3687 85.2763 470
-18.0926 84.9134 468
-18.8904 84.9134 468
-19.6462 84.732 467
-20.4423 84.732 467
-21.2384 84.732 467
-22.0346 84.732 467
-22.7818 84.5506 466
-23.5762 84.5506 466
-24.3706 84.5506 466
-25.111 84.3691 465
-75.6623 76.9301 424
-76.5652 77.1116 425
-77.2898 77.1116 425
-78.1978 77.293 426
-79.2946 77.6559 428
-80.0242 77.6559 428
-80.7539 77.6559 428
-81.6739 77.8373 429
-82.4052 77.8373 429
-83.1366 77.8373 429
-83.8679 77.8373 429
-0.556711 86.6312 482
-1.3784 86.6312 482
-2.20009 86.6312 482
-3.02178 86.6312 482
-3.84346 86.6312 482
-4.66515 86.6312 482
-5.47546 86.4515 481
-6.29544 86.4515 481
-7.11543 86.4515 481
-7.91891 86.2718 480
-8.71899 86.092 479
-9.49575 85.7326 477
-10.3089 85.7326 477
-11.0988 85.5528 476
-11.8852 85.3731 475
-12.6682 85.1934 474
-13.4478 85.0136 473
-14.2542 85.0136 473
-15.0287 84.8339 472
-15.7998 84.6542 471
-16.5675 84.4744 470
-17.3687 84.4744 470
-18.1313 84.2947 469
-18.8904 84.115 468
-19.6883 84.115 468
-20.4861 84.115 468
-21.2839 84.115 468
-22.0346 83.9353 467
-22.8307 83.9353 467
-23.6268 83.9353 467
-24.3706 83.7555 466
-25.111 83.5758 465
-75.6623 76.2067 424
-76.5652 76.3865 425
-77.2898 76.3865 425
-78.0143 76.3865 425
-79.2946 76.9257 428
-80.0242 76.9257 428
-80.7539 76.9257 428
-81.4835 76.9257 428
-82.2131 76.9257 428
-82.9428 76.9257 428
936.324 727.951 4089
929.353 727.951 4089
922.382 727.951 4089
903.997 724.391 4069
897.061 724.391 4069
890.124 724.391 4069
883.187 724.391 4069
-0.556711 85.8089 482
-1.3784 85.8089 482
-2.20009 85.8089 482
-3.02178 85.8089 482
-3.84346 85.8089 482
-4.66515 85.8089 482
-5.47546 85.6309 481
-6.29544 85.6309 481
-7.11543 85.6309 481
-7.91891 85.4529 480
-8.71899 85.2748 479
-9.51565 85.0968 478
-10.3305 85.0968 478
-11.1221 84.9188 477
-11.8852 84.5627 475
-12.6682 84.3847 474
-13.4478 84.2067 473
-14.2542 84.2067 473
-15.0287 84.0286 472
-15.7998 83.8506 471
-16.5675 83.6726 470
-17.3687 83.6726 470
-18.1313 83.4946 469
-18.8904 83.3165 468
-19.6883 83.3165 468
-20.4861 83.3165 468
-21.2839 83.3165 468
-22.0346 83.1385 467
-22.8307 83.1385 467
-23.6268 83.1385 467
-24.3706 82.9605 466
-76.3851 75.4834 424
-77.1079 75.4834 424
-78.0143 75.6614 425
-78.7388 75.6614 425
-79.4633 75.6614 425
943.294 720.975 4089
936.324 720.975 4089
929.353 720.975 4089
922.382 720.975 4089
915.411 720.975 4089
908.441 720.975 4089
901.47 720.975 4089
890.124 717.449 4069
883.187 717.449 4069
-0.556711 84.9866 482
-1.3784 84.9866 482
-2.20009 84.9866 482
-3.02178 84.9866 482
-3.84346 84.9866 482
-4.66515 84.9866 482
-5.47546 84.8102 481
-6.29544 84.8102 481
-7.11543 84.8102 481
-7.91891 84.6339 480
-8.71899 84.4576 479
-9.51565 84.2813 478
-10.3305 84.2813 478
-11.1221 84.105 477
-11.8852 83.7523 475
-12.695 83.7523 475
-13.5047 83.7523 475
-14.2542 83.3997 473
-15.0287 83.2234 472
-15.7998 83.047 471
-16.6027 83.047 471
-17.4057 83.047 471
-18.1699 82.8707 470
-18.9308 82.6944 469
-19.6883 82.5181 468
-20.4861 82.5181 468
-21.2839 82.5181 468
-22.0817 82.5181 468
-22.8307 82.3418 467
-23.6268 82.3418 467
-24.3706 82.1654 466
943.294 713.999 4089
936.324 713.999 4089
929.353 713.999 4089
922.382 713.999 4089
915.411 713.999 4089
908.441 713.999 4089
901.47 713.999 4089
890.124 710.507 4069
883.187 710.507 4069
0.264428 83.9896 481
-0.556711 84.1642 482
-1.3784 84.1642 482
-2.20009 84.1642 482
-3.02178 84.1642 482
-3.84346 84.1642 482
-4.66515 84.1642 482
-5.47546 83.9896 481
-6.29544 83.9896 481
-7.11543 83.9896 481
-7.91891 83.815 480
-8.71899 83.6404 479
-9.51565 83.4658 478
-10.3305 83.4658 478
-11.1454 83.4658 478
-11.9102 83.1165 476
-12.695 82.9419 475
-13.5047 82.9419 475
-14.2542 82.5927 473
-15.0287 82.4181 472
-15.7998 82.2435 471
-16.6027 82.2435 471
-17.4057 82.2435 471
-18.1699 82.0688 470
-18.9308 81.8942 469
-19.7303 81.8942 469
-20.5299 81.8942 469
-21.2839 81.7196 468
-22.0817 81.7196 468
-22.8307 81.545 467
-23.6268 81.545 467
943.294 707.023 4089
936.324 707.023 4089
929.353 707.023 4089
922.382 707.023 4089
915.411 707.023 4089
908.441 707.023 4089
901.47 707.023 4089
887.937 701.835 4059
881.017 701.835 4059
874.097 701.835 4059
0.264428 83.169 481
-0.556711 83.3419 482
-1.3784 83.3419 482
-2.20009 83.3419 482
-3.02178 83.3419 482
-3.84346 83.3419 482
-4.65547 83.169 481
-5.47546 83.169 481
-6.28235 82.9961 480
-7.10063 82.9961 480
-7.91891 82.9961 480
-8.70079 82.6502 478
-9.51565 82.6502 478
-10.3305 82.6502 478
-11.1454 82.6502 478
-11.9102 82.3044 476
-12.695 82.1315 475
-13.5047 82.1315 475
-14.2843 81.9586 474
-15.0605 81.7857 473
-15.8333 81.6128 472
-16.6027 81.4399 471
-17.4057 81.4399 471
-18.2086 81.4399 471
-19.0115 81.4399 471
-19.7303 81.0941 469
-20.5299 81.0941 469
-21.2839 80.9212 468
-22.0817 80.9212 468
-22.8307 80.7483 467
-23.6268 80.7483 467
943.294 700.046 4089
936.324 700.046 4089
929.353 700.046 4089
920.126 698.334 4079
913.173 698.334 4079
906.219 698.334 4079
899.265 698.334 4079
887.937 694.91 4059
887.529 700.046 4089
880.558 700.046 4089
873.587 700.046 4089
0.264428 82.3483 481
-0.555556 82.3483 481
-1.37554 82.3483 481
-2.19552 82.3483 481
-3.01551 82.3483 481
-3.83549 82.3483 481
-4.65547 82.3483 481
-5.46407 82.1771 480
-6.28235 82.1771 480
-7.10063 82.1771 480
-7.91891 82.1771 480
-8.71899 82.0059 479
-9.51565 81.8347 478
-10.3305 81.8347 478
-11.1454 81.8347 478
-11.9102 81.4923 476
-12.695 81.3211 475
-13.5047 81.3211 475
-14.2843 81.1499 474
-15.0605 80.9787 473
-15.8333 80.8075 472
-16.6027 80.6363 471
-17.4057 80.6363 471
-18.2086 80.6363 471
-19.0115 80.6363 471
-19.7303 80.2939 469
-20.5299 80.2939 469
943.294 693.07 4089
936.324 693.07 4089
929.353 693.07 4089
920.126 691.375 4079
913.173 691.375 4079
906.219 691.375 4079
899.265 691.375 4079
887.937 687.985 4059
887.529 693.07 4089
880.558 693.07 4089
873.587 693.07 4089
0.264428 81.5277 481
-0.555556 81.5277 481
-1.37554 81.5277 481
-2.19552 81.5277 481
-3.01551 81.5277 481
-3.83549 81.5277 481
-4.65547 81.5277 481
-5.46407 81.3582 480
-6.28235 81.3582 480
-7.10063 81.3582 480
-7.91891 81.3582 480
-8.71899 81.1887 479
-9.53556 81.1887 479
-10.3521 81.1887 479
-11.1454 81.0192 478
-11.9352 80.8497 477
-12.7217 80.6802 476
-13.5331 80.6802 476
-14.2843 80.3412 474
-15.0924 80.3412 474
-15.8333 80.0022 472
-16.638 80.0022 472
-17.4426 80.0022 472
-18.2473 80.0022 472
-19.0115 79.8327 471
940.987 684.416 4079
934.034 684.416 4079
927.08 684.416 4079
917.871 682.738 4069
910.934 682.738 4069
903.997 682.738 4069
894.856 681.06 4059
885.749 679.382 4049
887.529 686.094 4089
880.558 686.094 4089
873.587 686.094 4089
0.264428 80.7071 481
-0.555556 80.7071 481
-1.37554 80.7071 481
-2.19552 80.7071 481
-3.01551 80.7071 481
-3.83549 80.7071 481
-4.65547 80.7071 481
-5.46407 80.5393 480
-6.28235 80.5393 480
-7.10063 80.5393 480
-7.91891 80.5393 480
-8.71899 80.3715 479
-9.53556 80.3715 479
-10.3521 80.3715 479
-11.1687 80.3715 479
-11.9352 80.0359 477
-12.7217 79.8681 476
-13.5331 79.8681 476
-14.2843 79.5325 474
-15.0924 79.5325 474
-15.8333 79.197 472
-16.6732 79.3647 473
-17.4796 79.3647 473
-18.2859 79.3647 473
936.374 674.135 4059
929.454 674.135 4059
922.534 674.135 4059
913.359 672.474 4049
904.218 670.813 4039
897.332 670.813 4039
890.447 670.813 4039
879.405 667.658 4020
885.358 677.457 4079
880.558 679.118 4089
873.587 679.118 4089
866.616 679.118 4089
0.264428 79.8864 481
-0.555556 79.8864 481
-1.37554 79.8864 481
-2.19552 79.8864 481
-3.01551 79.8864 481
-3.83549 79.8864 481
-4.65547 79.8864 481
-5.46407 79.7203 480
-6.28235 79.7203 480
-7.10063 79.7203 480
-7.90241 79.5543 479
-8.71899 79.5543 479
-9.53556 79.5543 479
-10.3521 79.5543 479
-11.1687 79.5543 479
-11.9352 79.2221 477
-12.7217 79.056 476
-13.5331 79.056 476
-14.2843 78.7238 474
-15.0924 78.7238 474
-15.8669 78.5578 473
-16.6732 78.5578 473
-17.4796 78.5578 473
-18.2859 78.5578 473
934.067 665.566 4049
927.164 665.566 4049
920.262 665.566 4049
913.359 665.566 4049
902.203 662.443 4030
895.333 662.443 4030
884.053 659.156 4010
868.905 652.909 3972
883.187 668.854 4069
880.558 672.141 4089
873.587 672.141 4089
866.616 672.141 4089
-0.555556 79.0658 481
-1.37554 79.0658 481
-2.19552 79.0658 481
-3.01551 79.0658 481
-3.83549 79.0658 481
-4.6458 78.9014 480
-5.46407 78.9014 480
-6.28235 78.9014 480
-7.10063 78.9014 480
-7.90241 78.737 479
-8.71899 78.737 479
-9.53556 78.737 479
-10.3521 78.737 479
-11.1687 78.737 479
-11.9352 78.4083 477
-12.7484 78.4083 477
-13.5616 78.4083 477
-14.2843 77.9151 474
-15.0924 77.9151 474
-15.8669 77.7508 473
-16.6732 77.7508 473
-17.4796 77.7508 473
-18.2859 77.7508 473
934.067 658.658 4049
927.164 658.658 4049
920.262 658.658 4049
913.359 658.658 4049
902.203 655.568 4030
895.333 655.568 4030
884.053 652.314 4010
868.905 646.133 3972
883.187 661.912 4069
880.558 665.165 4089
873.587 665.165 4089
866.616 665.165 4089
0.264428 78.2452 481
-0.555556 78.2452 481
-1.37554 78.2452 481
-2.19552 78.2452 481
-3.01551 78.2452 481
-3.83549 78.2452 481
-4.6458 78.0825 480
-5.46407 78.0825 480
-6.28235 78.0825 480
-7.10063 78.0825 480
-7.90241 77.9198 479
-8.71899 77.9198 479
-9.53556 77.9198 479
-10.3521 77.9198 479
-11.1687 77.9198 479
-11.9352 77.5945 477
-12.7484 77.5945 477
-13.5616 77.5945 477
-14.3145 77.2691 475
-15.0924 77.1065 474
-15.8669 76.9438 473
-16.6732 76.9438 473
-17.4796 76.9438 473
-18.2859 76.9438 473
934.067 651.75 4049
927.164 651.75 4049
920.262 651.75 4049
913.359 651.75 4049
902.203 648.692 4030
895.333 648.692 4030
882.069 644.024 4001
868.905 639.356 3972
881.017 653.36 4059
880.558 658.189 4089
873.587 658.189 4089
866.616 658.189 4089
1.08667 77.5855 482
0.264977 77.5855 482
-0.556711 77.5855 482
-1.37554 77.4245 481
-2.19552 77.4245 481
-3.01551 77.4245 481
-3.83549 77.4245 481
-4.6458 77.2636 480
-5.46407 77.2636 480
-6.28235 77.2636 480
-7.10063 77.2636 480
-7.90241 77.1026 479
-8.71899 77.1026 479
-9.53556 77.1026 479
-10.3521 77.1026 479
-11.1687 77.1026 479
-11.9352 76.7807 477
-12.7484 76.7807 477
-13.5616 76.7807 477
-14.3145 76.4587 475
-15.0605 76.1368 473
-15.8669 76.1368 473
-16.6732 76.1368 473
-17.4426 75.9758 472
978.148 651.213 4089
971.177 651.213 4089
964.206 651.213 4089
957.236 651.213 4089
950.265 651.213 4089
940.987 649.62 4079
934.034 649.62 4079
920.262 644.842 4049
909.073 641.816 4030
899.964 640.224 4020
893.111 640.224 4020
879.865 635.605 3991
868.905 632.579 3972
878.846 644.842 4049
880.558 651.213 4089
873.587 651.213 4089
866.616 651.213 4089
853.339 646.435 4059
846.419 646.435 4059
1.08667 76.7631 482
0.264977 76.7631 482
-0.556711 76.7631 482
-1.37554 76.6039 481
-2.19552 76.6039 481
-3.01551 76.6039 481
-3.83549 76.6039 481
-4.6458 76.4446 480
-5.46407 76.4446 480
-6.28235 76.4446 480
-7.10063 76.4446 480
-7.90241 76.2854 479
-8.71899 76.2854 479
-9.53556 76.2854 479
-10.3521 76.2854 479
-11.1687 76.2854 479
-11.9352 75.9668 477
-12.7484 75.9668 477
-13.5616 75.9668 477
-14.3145 75.6483 475
-15.0605 75.3298 473
-15.8669 75.3298 473
-16.6732 75.3298 473
-17.4426 75.1705 472
1033.91 644.236 4089
1026.94 644.236 4089
1019.97 644.236 4089
1013 644.236 4089
1006.03 644.236 4089
999.06 644.236 4089
992.089 644.236 4089
985.119 644.236 4089
978.148 644.236 4089
971.177 644.236 4089
964.206 644.236 4089
957.236 644.236 4089
950.265 644.236 4089
940.987 642.661 4079
934.034 642.661 4079
915.943 634.941 4030
906.817 633.365 4020
893.472 628.796 3991
886.668 628.796 3991
875.676 625.803 3972
866.936 624.385 3963
868.428 630.372 4001
874.097 639.51 4059
867.178 639.51 4059
860.258 639.51 4059
853.339 639.51 4059
846.419 639.51 4059
2.73004 75.9408 482
1.90835 75.9408 482
1.08667 75.9408 482
0.264977 75.9408 482
-0.556711 75.9408 482
-1.3784 75.9408 482
-2.19552 75.7832 481
-3.01551 75.7832 481
-3.83549 75.7832 481
-4.6458 75.6257 480
-5.46407 75.6257 480
-6.26927 75.4681 479
-7.08584 75.4681 479
-7.90241 75.4681 479
-8.71899 75.4681 479
-9.53556 75.4681 479
-10.3521 75.4681 479
-11.1687 75.4681 479
-11.9352 75.153 477
-12.7484 75.153 477
-13.5616 75.153 477
-14.3145 74.8379 475
-15.0605 74.5228 473
-15.8669 74.5228 473
-16.6732 74.5228 473
-17.4057 74.2077 471
1033.91 637.26 4089
1026.94 637.26 4089
1019.97 637.26 4089
1013 637.26 4089
1006.03 637.26 4089
999.06 637.26 4089
992.089 637.26 4089
985.119 637.26 4089
978.148 637.26 4089
971.177 637.26 4089
964.206 637.26 4089
957.236 637.26 4089
950.265 637.26 4089
940.987 635.702 4079
934.034 635.702 4079
915.943 628.065 4030
906.817 626.507 4020
893.472 621.987 3991
886.668 621.987 3991
875.676 619.026 3972
866.936 617.623 3963
868.428 623.546 4001
874.097 632.585 4059
867.178 632.585 4059
860.258 632.585 4059
853.339 632.585 4059
846.419 632.585 4059
2.73004 75.1185 482
1.90835 75.1185 482
1.08667 75.1185 482
0.264977 75.1185 482
-0.556711 75.1185 482
-1.3784 75.1185 482
-2.19552 74.9626 481
-3.01551 74.9626 481
-3.83549 74.9626 481
-4.6458 74.8068 480
-5.46407 74.8068 480
-6.26927 74.6509 479
-7.08584 74.6509 479
-7.90241 74.6509 479
-8.71899 74.6509 479
-9.53556 74.6509 479
-10.3521 74.6509 479
-11.1687 74.6509 479
-11.9352 74.3392 477
-12.7484 74.3392 477
-13.5616 74.3392 477
-14.2843 73.8717 474
-15.0287 73.56 472
-15.8333 73.56 472
-16.638 73.56 472
-17.4057 73.4041 471
1047.85 630.284 4089
1040.88 630.284 4089
1033.91 630.284 4089
1026.94 630.284 4089
1019.97 630.284 4089
1013 630.284 4089
1006.03 630.284 4089
999.06 630.284 4089
992.089 630.284 4089
985.119 630.284 4089
978.148 630.284 4089
968.802 628.742 4079
961.848 628.742 4079
954.895 628.742 4079
945.617 627.201 4069
936.374 625.66 4059
929.454 625.66 4059
913.67 619.648 4020
902.531 616.719 4001
889.218 612.249 3972
882.447 612.249 3972
867.519 606.546 3935
862.779 607.933 3944
860.18 610.862 3963
863.545 618.107 4010
856.709 618.107 4010
856.019 622.577 4039
849.134 622.577 4039
842.249 622.577 4039
2.73004 74.2961 482
1.90835 74.2961 482
1.08667 74.2961 482
0.264977 74.2961 482
-0.556711 74.2961 482
-1.3784 74.2961 482
-2.19552 74.142 481
-3.01551 74.142 481
-3.83549 74.142 481
-4.6458 73.9878 480
-5.46407 73.9878 480
-6.26927 73.8337 479
-7.08584 73.8337 479
-7.90241 73.8337 479
-8.71899 73.8337 479
-9.53556 73.8337 479
-10.3521 73.8337 479
-11.1687 73.8337 479
-11.9603 73.6796 478
-12.7484 73.5254 477
-13.5616 73.5254 477
-14.3145 73.2171 475
-15.0287 72.7547 472
-15.8333 72.7547 472
-16.638 72.7547 472
-17.3687 72.4464 470
1047.85 623.308 4089
1040.88 623.308 4089
1033.91 623.308 4089
1026.94 623.308 4089
1019.97 623.308 4089
1013 623.308 4089
1003.57 621.783 4079
999.06 623.308 4089
992.089 623.308 4089
985.119 623.308 4089
978.148 623.308 4089
968.802 621.783 4079
961.848 621.783 4079
954.895 621.783 4079
945.617 620.259 4069
934.067 617.21 4049
927.164 617.21 4049
913.67 612.79 4020
900.276 608.369 3991
889.218 605.473 3972
882.447 605.473 3972
869.503 601.204 3944
864.748 602.576 3953
862.133 605.473 3972
863.545 611.265 4010
856.709 611.265 4010
856.019 615.686 4039
849.134 615.686 4039
842.249 615.686 4039
1.90835 73.4738 482
1.08667 73.4738 482
0.264977 73.4738 482
-0.556711 73.4738 482
-1.37554 73.3213 481
-2.19552 73.3213 481
-3.00924 73.1689 480
-3.82752 73.1689 480
-4.6458 73.1689 480
-5.45269 73.0165 479
-6.26927 73.0165 479
-7.08584 73.0165 479
-7.90241 73.0165 479
-8.71899 73.0165 479
-9.53556 73.0165 479
-10.3521 73.0165 479
-11.1687 73.0165 479
-11.9603 72.864 478
-12.7484 72.7116 477
-13.5616 72.7116 477
-14.3446 72.5592 476
-15.0287 71.9494 472
-15.8333 71.9494 472
-16.638 71.9494 472
-17.3687 71.6446 470
1054.83 616.331 4089
1047.85 616.331 4089
1040.88 616.331 4089
1033.91 616.331 4089
1026.94 616.331 4089
1019.97 616.331 4089
1013 616.331 4089
1001.11 613.317 4069
996.617 614.824 4079
992.089 616.331 4089
985.119 616.331 4089
978.148 616.331 4089
968.802 614.824 4079
961.848 614.824 4079
952.554 613.317 4069
943.293 611.809 4059
931.76 608.795 4039
924.874 608.795 4039
909.352 603.067 4001
900.276 601.56 3991
893.472 601.56 3991
886.668 601.56 3991
869.503 594.476 3944
866.936 597.339 3963
862.133 598.696 3972
863.545 604.424 4010
856.709 604.424 4010
849.873 604.424 4010
1.9044 72.5007 481
1.08441 72.5007 481
0.264428 72.5007 481
-0.555556 72.5007 481
-1.37554 72.5007 481
-2.19096 72.35 480
-3.00924 72.35 480
-3.82752 72.35 480
-4.6458 72.35 480
-5.45269 72.1992 479
-6.25618 72.0485 478
-7.07105 72.0485 478
-7.88592 72.0485 478
-8.71899 72.1992 479
-9.53556 72.1992 479
-10.3521 72.1992 479
-11.1454 72.0485 478
-11.9603 72.0485 478
-12.7484 71.8978 477
-13.5616 71.8978 477
-14.3446 71.7471 476
-15.0287 71.1441 472
-15.8333 71.1441 472
-16.638 71.1441 472
-17.3687 70.8427 470
1054.83 609.355 4089
1047.85 609.355 4089
1040.88 609.355 4089
1033.91 609.355 4089
1026.94 609.355 4089
1019.97 609.355 4089
1013 609.355 4089
1003.57 607.865 4079
996.617 607.865 4079
992.089 609.355 4089
985.119 609.355 4089
978.148 609.355 4089
968.802 607.865 4079
961.848 607.865 4079
952.554 606.375 4069
943.293 604.884 4059
931.76 601.904 4039
924.874 601.904 4039
911.398 597.582 4010
900.276 594.751 3991
893.472 594.751 3991
886.668 594.751 3991
869.503 587.747 3944
866.936 590.578 3963
862.133 591.919 3972
863.545 597.582 4010
856.709 597.582 4010
849.873 597.582 4010
1.9044 71.6801 481
1.08441 71.6801 481
0.264428 71.6801 481
-0.555556 71.6801 481
-1.37268 71.5311 480
-2.18639 71.382 479
-3.00297 71.382 479
-3.81954 71.382 479
-4.63612 71.382 479
-5.44131 71.233 478
-6.25618 71.233 478
-7.07105 71.233 478
-7.88592 71.233 478
-8.70079 71.233 478
-9.51565 71.233 478
-10.3305 71.233 478
-11.1454 71.233 478
-11.9603 71.233 478
-12.7751 71.233 478
-13.59 71.233 478
-14.3446 70.935 476
-15.0287 70.3389 472
-15.8333 70.3389 472
-16.638 70.3389 472
1061.8 602.379 4089
1054.83 602.379 4089
1047.85 602.379 4089
1040.88 602.379 4089
1031.39 600.906 4079
1024.43 600.906 4079
1017.48 600.906 4079
1010.52 600.906 4079
1003.57 600.906 4079
996.617 600.906 4079
989.663 600.906 4079
982.709 600.906 4079
975.756 600.906 4079
964.052 597.959 4059
957.132 597.959 4059
950.213 597.959 4059
943.293 597.959 4059
931.76 595.013 4039
924.874 595.013 4039
911.398 590.741 4010
900.276 587.942 3991
893.472 587.942 3991
886.668 587.942 3991
869.503 581.018 3944
866.936 583.817 3963
860.18 583.817 3963
853.424 583.817 3963
1.9044 70.8594 481
1.08441 70.8594 481
0.264428 70.8594 481
-0.555556 70.8594 481
-1.37268 70.7121 480
-2.18639 70.5648 479
-3.00297 70.5648 479
-3.81954 70.5648 479
-4.63612 70.5648 479
-5.44131 70.4175 478
-6.25618 70.4175 478
-7.07105 70.4175 478
-7.88592 70.4175 478
-8.70079 70.4175 478
-9.51565 70.4175 478
-10.3305 70.4175 478
-11.1454 70.4175 478
-11.9603 70.4175 478
-12.7751 70.4175 478
-13.59 70.4175 478
-14.3446 70.1228 476
-15.0287 69.5336 472
-15.8333 69.5336 472
-16.638 69.5336 472
1131.5 595.403 4089
1124.53 595.403 4089
1117.56 595.403 4089
1061.8 595.403 4089
1054.83 595.403 4089
1047.85 595.403 4089
1038.34 593.946 4079
1031.39 593.946 4079
1024.43 593.946 4079
1017.48 593.946 4079
1010.52 593.946 4079
1003.57 593.946 4079
996.617 593.946 4079
989.663 593.946 4079
982.709 593.946 4079
975.756 593.946 4079
968.802 593.946 4079
961.848 593.946 4079
954.895 593.946 4079
945.617 592.49 4069
934.067 589.578 4049
927.164 589.578 4049
917.989 588.122 4039
911.103 588.122 4039
893.472 581.133 3991
886.668 581.133 3991
869.503 574.289 3944
862.779 574.289 3944
0.263328 69.7476 479
-0.553246 69.7476 479
-1.36982 69.7476 479
-2.18639 69.7476 479
-3.00297 69.7476 479
-3.81954 69.7476 479
-4.63612 69.7476 479
-5.44131 69.602 478
-6.23 69.3107 476
-7.07105 69.602 478
-7.88592 69.602 478
-8.70079 69.602 478
-9.51565 69.602 478
-10.3305 69.602 478
-11.1454 69.602 478
-11.9603 69.602 478
-12.7751 69.602 478
-13.59 69.602 478
-14.3446 69.3107 476
-15.0287 68.7283 472
-15.8333 68.7283 472
-16.638 68.7283 472
1145.44 588.426 4089
1138.47 588.426 4089
1131.5 588.426 4089
1124.53 588.426 4089
1117.56 588.426 4089
1110.59 588.426 4089
1103.62 588.426 4089
1061.8 588.426 4089
1054.83 588.426 4089
1047.85 588.426 4089
1038.34 586.987 4079
1031.39 586.987 4079
1026.94 588.426 4089
1019.97 588.426 4089
1013 588.426 4089
1006.03 588.426 4089
996.617 586.987 4079
989.663 586.987 4079
975.756 586.987 4079
968.802 586.987 4079
961.848 586.987 4079
954.895 586.987 4079
947.941 586.987 4079
940.987 586.987 4079
934.034 586.987 4079
927.08 586.987 4079
920.126 586.987 4079
893.472 574.324 3991
886.668 574.324 3991
-0.553246 68.9304 479
-1.36982 68.9304 479
-2.18639 68.9304 479
-3.00297 68.9304 479
-3.81954 68.9304 479
-4.63612 68.9304 479
-5.44131 68.7864 478
-6.23 68.4986 476
-7.07105 68.7864 478
-7.88592 68.7864 478
-8.70079 68.7864 478
-9.51565 68.7864 478
-10.3305 68.7864 478
-11.1454 68.7864 478
-11.9603 68.7864 478
-12.7217 68.4986 476
-13.5331 68.4986 476
-14.3446 68.4986 476
-15.0287 67.923 472
-15.7327 67.4913 469
-16.5322 67.4913 469
1145.44 581.45 4089
1138.47 581.45 4089
1131.5 581.45 4089
1124.53 581.45 4089
1117.56 581.45 4089
1110.59 581.45 4089
1103.62 581.45 4089
1061.8 581.45 4089
1054.83 581.45 4089
1047.85 581.45 4089
1038.34 580.028 4079
1031.39 580.028 4079
1026.94 581.45 4089
1019.97 581.45 4089
1013 581.45 4089
1006.03 581.45 4089
996.617 580.028 4079
989.663 580.028 4079
975.756 580.028 4079
968.802 580.028 4079
961.848 580.028 4079
954.895 580.028 4079
947.941 580.028 4079
943.294 581.45 4089
936.324 581.45 4089
929.353 581.45 4089
920.126 580.028 4079
893.472 567.515 3991
886.668 567.515 3991
-2.18639 68.1131 479
-3.00297 68.1131 479
-3.81954 68.1131 479
-4.62644 67.9709 478
-5.42992 67.8287 477
-6.23 67.6865 476
-7.05625 67.8287 477
-7.86942 67.8287 477
-8.68258 67.8287 477
-9.49575 67.8287 477
-10.3089 67.8287 477
-11.0988 67.6865 476
-11.8852 67.5443 475
-12.695 67.5443 475
-13.5047 67.5443 475
-14.2843 67.4021 474
-15.0287 67.1177 472
-15.5985 66.1223 465
1166.36 574.474 4089
1159.39 574.474 4089
1152.42 574.474 4089
1145.44 574.474 4089
1138.47 574.474 4089
1131.5 574.474 4089
1124.53 574.474 4089
1117.56 574.474 4089
1110.59 574.474 4089
1103.62 574.474 4089
1096.65 574.474 4089
1061.8 574.474 4089
1054.83 574.474 4089
1047.85 574.474 4089
1035.79 571.664 4069
1031.39 573.069 4079
1026.94 574.474 4089
1019.97 574.474 4089
1013 574.474 4089
1006.03 574.474 4089
961.848 573.069 4079
954.895 573.069 4079
947.941 573.069 4079
943.294 574.474 4089
936.324 574.474 4089
929.353 574.474 4089
920.126 573.069 4079
-2.18639 67.2959 479
-3.00297 67.2959 479
-3.81954 67.2959 479
-4.62644 67.1554 478
-5.42992 67.0149 477
-6.23 66.8744 476
-7.05625 67.0149 477
-7.86942 67.0149 477
-8.68258 67.0149 477
-9.49575 67.0149 477
-10.3089 67.0149 477
-11.0988 66.8744 476
-11.8852 66.7339 475
-12.695 66.7339 475
-13.5047 66.7339 475
-14.2843 66.5934 474
-14.9332 65.891 469
-15.5985 65.329 465
1187.27 567.497 4089
1180.3 567.497 4089
1173.33 567.497 4089
1166.36 567.497 4089
1159.39 567.497 4089
1152.42 567.497 4089
1145.44 567.497 4089
1138.47 567.497 4089
1131.5 567.497 4089
1121.78 566.11 4079
1114.83 566.11 4079
1110.59 567.497 4089
1103.62 567.497 4089
1096.65 567.497 4089
1089.68 567.497 4089
1082.71 567.497 4089
1075.74 567.497 4089
1061.8 567.497 4089
1054.83 567.497 4089
1047.85 567.497 4089
1035.79 564.722 4069
1031.39 566.11 4079
1026.94 567.497 4089
1019.97 567.497 4089
1013 567.497 4089
943.294 567.497 4089
936.324 567.497 4089
929.353 567.497 4089
-2.99043 66.2011 477
-3.80359 66.2011 477
-4.61676 66.2011 477
-5.42992 66.2011 477
-6.21691 65.9235 475
-7.04146 66.0623 476
-7.85292 66.0623 476
-8.66438 66.0623 476
-9.47584 66.0623 476
-10.2873 66.0623 476
-11.0754 65.9235 475
-11.8602 65.7848 474
-12.6682 65.7848 474
-13.4763 65.7848 474
-14.2241 65.5072 472
-14.9332 65.0908 469
-15.5985 64.5357 465
1194.24 560.521 4089
1187.27 560.521 4089
1180.3 560.521 4089
1173.33 560.521 4089
1166.36 560.521 4089
1159.39 560.521 4089
1152.42 560.521 4089
1145.44 560.521 4089
1138.47 560.521 4089
1131.5 560.521 4089
1121.78 559.15 4079
1114.83 559.15 4079
1110.59 560.521 4089
1103.62 560.521 4089
1096.65 560.521 4089
1089.68 560.521 4089
1082.71 560.521 4089
1075.74 560.521 4089
1068.77 560.521 4089
1061.8 560.521 4089
1054.83 560.521 4089
1047.85 560.521 4089
1035.79 557.78 4069
1031.39 559.15 4079
1026.94 560.521 4089
1019.97 560.521 4089
1013 560.521 4089
-3.80359 65.3873 477
-4.61676 65.3873 477
-5.42992 65.3873 477
-6.21691 65.1131 475
-7.02667 65.1131 475
-7.83642 65.1131 475
-8.64618 65.1131 475
-9.45593 65.1131 475
-10.2657 65.1131 475
-11.0521 64.9761 474
-11.8352 64.839 473
-12.6415 64.839 473
-13.4478 64.839 473
-14.2241 64.7019 472
-14.8058 63.7423 465
-15.565 63.6053 464
1194.24 553.545 4089
1187.27 553.545 4089
1180.3 553.545 4089
1173.33 553.545 4089
1163.5 552.191 4079
1156.55 552.191 4079
1146.78 550.838 4069
1139.84 550.838 4069
1132.91 550.838 4069
1125.97 550.838 4069
1119.03 550.838 4069
1112.1 550.838 4069
1110.59 553.545 4089
1103.62 553.545 4089
1096.65 553.545 4089
1089.68 553.545 4089
1082.71 553.545 4089
1075.74 553.545 4089
1068.77 553.545 4089
1061.8 553.545 4089
1054.83 553.545 4089
1047.85 553.545 4089
1035.79 550.838 4069
1031.39 552.191 4079
1026.94 553.545 4089
1019.97 553.545 4089
1013 553.545 4089
1006.03 553.545 4089
-5.39577 64.1674 474
-6.20382 64.1674 474
-7.02667 64.3027 475
-7.83642 64.3027 475
-8.64618 64.3027 475
-9.45593 64.3027 475
-10.2657 64.3027 475
-11.0288 64.032 473
-11.8352 64.032 473
-12.6415 64.032 473
-13.4478 64.032 473
-14.1638 63.6259 470
-14.8058 62.949 465
-15.565 62.8136 464
1194.24 546.569 4089
1187.27 546.569 4089
1180.3 546.569 4089
1170.46 545.232 4079
1160.65 543.895 4069
1153.72 543.895 4069
1143.96 542.559 4059
1137.04 542.559 4059
1130.12 542.559 4059
1123.2 542.559 4059
1116.28 542.559 4059
1112.1 543.895 4069
1107.88 545.232 4079
1103.62 546.569 4089
1096.65 546.569 4089
1089.68 546.569 4089
1082.71 546.569 4089
1075.74 546.569 4089
1068.77 546.569 4089
1061.8 546.569 4089
1052.25 545.232 4079
1045.29 545.232 4079
1035.79 543.895 4069
1028.86 543.895 4069
1026.94 546.569 4089
1019.97 546.569 4089
1013 546.569 4089
1006.03 546.569 4089
-5.39577 63.3587 474
-6.20382 63.3587 474
-7.02667 63.4923 475
-7.83642 63.4923 475
-8.64618 63.4923 475
-9.45593 63.4923 475
-10.2657 63.4923 475
-11.0288 63.225 473
-11.8352 63.225 473
-12.6415 63.225 473
-13.4478 63.225 473
-14.1638 62.824 470
-14.774 62.022 464
1194.24 539.592 4089
1187.27 539.592 4089
1180.3 539.592 4089
1167.59 536.953 4069
1157.8 535.634 4059
1150.88 535.634 4059
1141.14 534.314 4049
1134.24 534.314 4049
1127.34 534.314 4049
1120.43 534.314 4049
1113.53 534.314 4049
1109.36 535.634 4059
1105.16 536.953 4069
1098.22 536.953 4069
1091.29 536.953 4069
1084.35 536.953 4069
1080.06 538.273 4079
1073.11 538.273 4079
1066.15 538.273 4079
1059.2 538.273 4079
1049.67 536.953 4069
1042.73 536.953 4069
1030.7 534.314 4049
1026.33 535.634 4059
1021.92 536.953 4069
1019.97 539.592 4089
1013 539.592 4089
1006.03 539.592 4089
-8.60977 62.418 473
-9.41612 62.418 473
-10.2225 62.418 473
-11.0288 62.418 473
-11.8352 62.418 473
-12.6415 62.418 473
-13.4478 62.418 473
-14.1638 62.0221 470
-14.774 61.2304 464
1194.24 532.616 4089
1187.27 532.616 4089
1180.3 532.616 4089
1167.59 530.011 4069
1157.8 528.709 4059
1150.88 528.709 4059
1141.14 527.406 4049
1134.24 527.406 4049
1127.34 527.406 4049
1120.43 527.406 4049
1113.53 527.406 4049
1109.36 528.709 4059
1105.16 530.011 4069
1098.22 530.011 4069
1091.29 530.011 4069
1084.35 530.011 4069
1080.06 531.314 4079
1073.11 531.314 4079
1066.15 531.314 4079
1059.2 531.314 4079
1049.67 530.011 4069
1042.73 530.011 4069
1030.7 527.406 4049
1026.33 528.709 4059
1021.92 530.011 4069
1019.97 532.616 4089
1013 532.616 4089
1006.03 532.616 4089
-8.59157 61.4808 472
-9.41612 61.611 473
-10.2225 61.611 473
-11.0288 61.611 473
-11.8101 61.4808 472
-12.5613 61.2203 470
-13.3626 61.2203 470
-14.0734 60.8295 467
-14.774 60.4387 464
1201.21 525.64 4089
1194.24 525.64 4089
1187.27 525.64 4089
1180.3 525.64 4089
1167.59 523.069 4069
1154.95 520.498 4049
1148.04 520.498 4049
1141.14 520.498 4049
1131.44 519.213 4039
1127.34 520.498 4049
1120.43 520.498 4049
1113.53 520.498 4049
1106.63 520.498 4049
1102.44 521.784 4059
1098.22 523.069 4069
1091.29 523.069 4069
1084.35 523.069 4069
1077.41 523.069 4069
1070.48 523.069 4069
1063.54 523.069 4069
1056.6 523.069 4069
1044.51 520.498 4049
1037.6 520.498 4049
1030.7 520.498 4049
1023.8 520.498 4049
1019.41 521.784 4059
1019.97 525.64 4089
1013 525.64 4089
1006.03 525.64 4089
-8.57337 60.5469 471
-9.3763 60.5469 471
-10.1792 60.5469 471
-10.9822 60.5469 471
-11.7601 60.4184 470
-12.4811 60.0327 467
-13.2773 60.0327 467
-13.983 59.6471 464
-14.774 59.6471 464
-15.565 59.6471 464
-16.356 59.6471 464
1222.12 518.664 4089
1215.15 518.664 4089
1208.18 518.664 4089
1201.21 518.664 4089
1194.24 518.664 4089
1187.27 518.664 4089
1177.41 517.395 4079
1164.72 514.858 4059
1152.09 512.322 4039
1145.21 512.322 4039
1135.79 511.18 4030
1128.92 511.18 4030
1124.55 512.322 4039
1117.67 512.322 4039
1110.78 512.322 4039
1106.63 513.59 4049
1099.73 513.59 4049
1095.52 514.858 4059
1088.6 514.858 4059
1081.68 514.858 4059
1074.76 514.858 4059
1067.85 514.858 4059
1060.93 514.858 4059
1051.41 513.59 4049
1039.61 511.18 4030
1032.74 511.18 4030
1025.87 511.18 4030
1023.8 513.59 4049
1019.41 514.858 4059
1017.48 517.395 4079
1010.52 517.395 4079
1003.57 517.395 4079
-8.57337 59.7434 471
-9.3763 59.7434 471
-10.1792 59.7434 471
-10.9822 59.7434 471
-11.7601 59.6165 470
-12.4811 59.236 467
-13.2773 59.236 467
-13.983 58.8555 464
-14.774 58.8555 464
-15.565 58.8555 464
-16.356 58.8555 464
-17.11 58.7286 463
1229.09 511.687 4089
1222.12 511.687 4089
1215.15 511.687 4089
1208.18 511.687 4089
1201.21 511.687 4089
1194.24 511.687 4089
1187.27 511.687 4089
1171.64 507.933 4059
1158.98 505.431 4039
1152.09 505.431 4039
1145.21 505.431 4039
1135.79 504.304 4030
1126.12 503.053 4020
1122.05 504.304 4030
1115.18 504.304 4030
1108.31 504.304 4030
1103.9 505.431 4039
1097.01 505.431 4039
1092.82 506.682 4049
1085.92 506.682 4049
1079.02 506.682 4049
1069.47 505.431 4039
1062.58 505.431 4039
1055.7 505.431 4039
1048.81 505.431 4039
1039.61 504.304 4030
1032.74 504.304 4030
1025.87 504.304 4030
1021.27 505.431 4039
1016.9 506.682 4049
1017.48 510.436 4079
1010.52 510.436 4079
1003.57 510.436 4079
-8.57337 58.9398 471
-9.3763 58.9398 471
-10.1792 58.9398 471
-10.9589 58.8147 470
-11.685 58.4392 467
-12.4544 58.3141 466
-13.2488 58.3141 466
-13.983 58.0638 464
-14.774 58.0638 464
-15.565 58.0638 464
-16.356 58.0638 464
-17.11 57.9387 463
1229.09 504.711 4089
1222.12 504.711 4089
1215.15 504.711 4089
1208.18 504.711 4089
1201.21 504.711 4089
1191.32 503.477 4079
1184.37 503.477 4079
1171.64 501.008 4059
1158.98 498.54 4039
1152.09 498.54 4039
1145.21 498.54 4039
1135.79 497.429 4030
1126.12 496.194 4020
1122.05 497.429 4030
1115.18 497.429 4030
1108.31 497.429 4030
1103.9 498.54 4039
1097.01 498.54 4039
1092.82 499.774 4049
1085.92 499.774 4049
1079.02 499.774 4049
1069.47 498.54 4039
1062.58 498.54 4039
1055.7 498.54 4039
1048.81 498.54 4039
1039.61 497.429 4030
1032.74 497.429 4030
1025.87 497.429 4030
1021.27 498.54 4039
1016.9 499.774 4049
1017.48 503.477 4079
1013 504.711 4089
1006.03 504.711 4089
999.06 504.711 4089
-8.57337 58.1362 471
-9.3763 58.1362 471
-10.1792 58.1362 471
-10.9589 58.0128 470
-11.66 57.5191 466
-12.4544 57.5191 466
-13.2488 57.5191 466
-13.983 57.2722 464
-14.774 57.2722 464
-15.5314 57.1488 463
-16.3207 57.1488 463
-17.11 57.1488 463
1236.06 497.735 4089
1229.09 497.735 4089
1222.12 497.735 4089
1215.15 497.735 4089
1208.18 497.735 4089
1198.27 496.518 4079
1185.48 494.083 4059
1178.56 494.083 4059
1165.87 491.649 4039
1158.98 491.649 4039
1149.53 490.553 4030
1142.66 490.553 4030
1132.97 489.336 4020
1126.12 489.336 4020
1122.05 490.553 4030
1115.18 490.553 4030
1108.31 490.553 4030
1101.44 490.553 4030
1094.57 490.553 4030
1090.13 491.649 4039
1083.24 491.649 4039
1076.35 491.649 4039
1069.47 491.649 4039
1062.58 491.649 4039
1055.7 491.649 4039
1048.81 491.649 4039
1039.61 490.553 4030
1032.74 490.553 4030
1025.87 490.553 4030
1021.27 491.649 4039
1016.9 492.866 4049
1017.48 496.518 4079
1013 497.735 4089
1006.03 497.735 4089
999.06 497.735 4089
-8.57337 57.3326 471
-9.3763 57.3326 471
-10.1792 57.3326 471
-10.9822 57.3326 471
-11.685 56.8457 467
-12.4277 56.6023 465
-13.2204 56.6023 465
-13.983 56.4806 464
-14.774 56.4806 464
-15.5314 56.3588 463
-16.3207 56.3588 463
-17.11 56.3588 463
1236.06 490.759 4089
1229.09 490.759 4089
1222.12 490.759 4089
1212.18 489.559 4079
1205.23 489.559 4079
1192.4 487.158 4059
1182.56 485.958 4049
1175.65 485.958 4049
1165.87 484.758 4039
1158.98 484.758 4039
1152.09 484.758 4039
1142.66 483.678 4030
1135.79 483.678 4030
1128.92 483.678 4030
1124.55 484.758 4039
1117.67 484.758 4039
1110.78 484.758 4039
1103.9 484.758 4039
1097.01 484.758 4039
1090.13 484.758 4039
1083.24 484.758 4039
1076.35 484.758 4039
1069.47 484.758 4039
1062.58 484.758 4039
1055.7 484.758 4039
1048.81 484.758 4039
1044.51 485.958 4049
1037.6 485.958 4049
1030.7 485.958 4049
1023.8 485.958 4049
1016.9 485.958 4049
1009.99 485.958 4049
1013 490.759 4089
1006.03 490.759 4089
999.06 490.759 4089
-8.57337 56.5291 471
-9.3763 56.5291 471
-10.1792 56.5291 471
-10.9822 56.5291 471
-11.685 56.049 467
-12.4277 55.8089 465
-13.2204 55.8089 465
-13.983 55.6889 464
-14.774 55.6889 464
1236.06 483.782 4089
1229.09 483.782 4089
1222.12 483.782 4089
1212.18 482.599 4079
1205.23 482.599 4079
1192.4 480.233 4059
1185.48 480.233 4059
1175.65 479.05 4049
1168.75 479.05 4049
1161.85 479.05 4049
1154.95 479.05 4049
1145.21 477.867 4039
1135.79 476.802 4030
1131.44 477.867 4039
1127.34 479.05 4049
1120.43 479.05 4049
1113.53 479.05 4049
1106.63 479.05 4049
1099.73 479.05 4049
1092.82 479.05 4049
1085.92 479.05 4049
1079.02 479.05 4049
1072.12 479.05 4049
1065.21 479.05 4049
1058.31 479.05 4049
1051.41 479.05 4049
1047.09 480.233 4059
1040.17 480.233 4059
1033.25 480.233 4059
1028.86 481.416 4069
1024.43 482.599 4079
1017.48 482.599 4079
1013 483.782 4089
1006.03 483.782 4089
999.06 483.782 4089
-8.57337 55.7255 471
-9.3763 55.7255 471
-10.1792 55.7255 471
-10.9822 55.7255 471
-11.685 55.2522 467
-12.4277 55.0156 465
-13.2204 55.0156 465
-13.983 54.8973 464
-14.774 54.8973 464
1236.06 476.806 4089
1229.09 476.806 4089
1222.12 476.806 4089
1212.18 475.64 4079
1202.27 474.474 4069
1192.4 473.308 4059
1185.48 473.308 4059
1175.65 472.142 4049
1168.75 472.142 4049
1161.85 472.142 4049
1154.95 472.142 4049
1145.21 470.976 4039
1138.32 470.976 4039
1131.44 470.976 4039
1127.34 472.142 4049
1120.43 472.142 4049
1113.53 472.142 4049
1106.63 472.142 4049
1099.73 472.142 4049
1092.82 472.142 4049
1085.92 472.142 4049
1079.02 472.142 4049
1072.12 472.142 4049
1065.21 472.142 4049
1060.93 473.308 4059
1054.01 473.308 4059
1049.67 474.474 4069
1042.73 474.474 4069
1038.34 475.64 4079
1031.39 475.64 4079
1026.94 476.806 4089
1019.97 476.806 4089
1013 476.806 4089
87.252 66.8158 573
86.2752 66.8158 573
85.2984 66.8158 573
84.3216 66.8158 573
-8.57337 54.9219 471
-9.3763 54.9219 471
-10.1792 54.9219 471
-10.9822 54.9219 471
-11.685 54.4555 467
-12.4277 54.2223 465
-13.2204 54.2223 465
-13.983 54.1057 464
-14.774 54.1057 464
1236.06 469.83 4089
1229.09 469.83 4089
1222.12 469.83 4089
1212.18 468.681 4079
1202.27 467.532 4069
1192.4 466.383 4059
1185.48 466.383 4059
1178.56 466.383 4059
1168.75 465.234 4049
1161.85 465.234 4049
1154.95 465.234 4049
1145.21 464.085 4039
1138.32 464.085 4039
1131.44 464.085 4039
1127.34 465.234 4049
1120.43 465.234 4049
1113.53 465.234 4049
1106.63 465.234 4049
1099.73 465.234 4049
1092.82 465.234 4049
1085.92 465.234 4049
1079.02 465.234 4049
1072.12 465.234 4049
1065.21 465.234 4049
1060.93 466.383 4059
1054.01 466.383 4059
1049.67 467.532 4069
1042.73 467.532 4069
1038.34 468.681 4079
1031.39 468.681 4079
1026.94 469.83 4089
1019.97 469.83 4089
1013 469.83 4089
89.2057 65.8382 573
88.2288 65.8382 573
87.252 65.8382 573
86.2752 65.8382 573
85.2984 65.8382 573
84.3216 65.8382 573
82.9084 65.4935 570
77.4838 65.8382 573
76.507 65.8382 573
75.5302 65.8382 573
74.5534 65.8382 573
73.5765 65.8382 573
-8.57337 54.1183 471
-9.3763 54.1183 471
-10.1792 54.1183 471
-10.9822 54.1183 471
-11.685 53.6587 467
-12.4277 53.4289 465
-13.2204 53.4289 465
-13.983 53.314 464
-14.774 53.314 464
-15.5314 53.1991 463
-16.3207 53.1991 463
-17.11 53.1991 463
1236.06 462.854 4089
1229.09 462.854 4089
1222.12 462.854 4089
1212.18 461.722 4079
1202.27 460.59 4069
1195.34 460.59 4069
1188.4 460.59 4069
1178.56 459.458 4059
1171.64 459.458 4059
1164.72 459.458 4059
1157.8 459.458 4059
1148.04 458.326 4049
1138.32 457.194 4039
1134.24 458.326 4049
1130.12 459.458 4059
1123.2 459.458 4059
1116.28 459.458 4059
1109.36 459.458 4059
1102.44 459.458 4059
1095.52 459.458 4059
1088.6 459.458 4059
1081.68 459.458 4059
1074.76 459.458 4059
1067.85 459.458 4059
1060.93 459.458 4059
1054.01 459.458 4059
1049.67 460.59 4069
1042.73 460.59 4069
1038.34 461.722 4079
1031.39 461.722 4079
1026.94 462.854 4089
1019.97 462.854 4089
1013 462.854 4089
89.7103 64.5211 570
89.2057 64.8606 573
88.2288 64.8606 573
87.252 64.8606 573
86.2752 64.8606 573
85.2984 64.8606 573
84.3216 64.8606 573
82.9084 64.5211 570
81.5054 64.1815 567
80.5388 64.1815 567
79.0216 64.5211 570
78.0499 64.5211 570
77.4838 64.8606 573
76.507 64.8606 573
75.5302 64.8606 573
74.5534 64.8606 573
73.5765 64.8606 573
-7.78693 53.428 472
-8.59157 53.428 472
-9.39621 53.428 472
-10.2009 53.428 472
-10.9822 53.3148 471
-11.7351 53.0884 469
-12.4544 52.7488 466
-13.2488 52.7488 466
-14.0131 52.6356 465
-14.774 52.5224 464
-15.565 52.5224 464
-16.356 52.5224 464
-17.147 52.5224 464
1277.89 455.877 4089
1270.92 455.877 4089
1263.95 455.877 4089
1253.9 454.763 4079
1250.01 455.877 4089
1243.03 455.877 4089
1236.06 455.877 4089
1229.09 455.877 4089
1222.12 455.877 4089
1212.18 454.763 4079
1202.27 453.648 4069
1195.34 453.648 4069
1188.4 453.648 4069
1178.56 452.533 4059
1171.64 452.533 4059
1164.72 452.533 4059
1157.8 452.533 4059
1148.04 451.418 4049
1141.14 451.418 4049
1137.04 452.533 4059
1132.91 453.648 4069
1125.97 453.648 4069
1119.03 453.648 4069
1112.1 453.648 4069
1105.16 453.648 4069
1095.52 452.533 4059
1088.6 452.533 4059
1081.68 452.533 4059
1077.41 453.648 4069
1070.48 453.648 4069
1063.54 453.648 4069
1056.6 453.648 4069
1049.67 453.648 4069
1042.73 453.648 4069
1038.34 454.763 4079
1031.39 454.763 4079
1026.94 455.877 4089
1019.97 455.877 4089
1013 455.877 4089
89.7103 63.5486 570
89.2057 63.883 573
88.2288 63.883 573
87.252 63.883 573
86.1246 63.7716 572
85.1495 63.7716 572
84.1744 63.7716 572
82.9084 63.5486 570
81.9367 63.5486 570
80.965 63.5486 570
79.9933 63.5486 570
79.0216 63.5486 570
78.0499 63.5486 570
77.4838 63.883 573
76.507 63.883 573
75.5302 63.883 573
74.5534 63.883 573
73.5765 63.883 573
-7.78693 52.6227 472
-8.59157 52.6227 472
-9.39621 52.6227 472
-10.2009 52.6227 472
-10.9822 52.5112 471
-11.7351 52.2882 469
-12.4544 51.9537 466
-13.2488 51.9537 466
-14.0131 51.8423 465
-14.774 51.7308 464
-15.6321 51.9537 466
-16.4265 51.9537 466
-17.2209 51.9537 466
1277.89 448.901 4089
1270.92 448.901 4089
1263.95 448.901 4089
1253.9 447.803 4079
1250.01 448.901 4089
1243.03 448.901 4089
1236.06 448.901 4089
1229.09 448.901 4089
1222.12 448.901 4089
1212.18 447.803 4079
1202.27 446.706 4069
1195.34 446.706 4069
1188.4 446.706 4069
1178.56 445.608 4059
1171.64 445.608 4059
1164.72 445.608 4059
1157.8 445.608 4059
1150.88 445.608 4059
1141.14 444.51 4049
1137.04 445.608 4059
1132.91 446.706 4069
1125.97 446.706 4069
1119.03 446.706 4069
1112.1 446.706 4069
1105.16 446.706 4069
1095.52 445.608 4059
1088.6 445.608 4059
1084.35 446.706 4069
1080.06 447.803 4079
1073.11 447.803 4079
1066.15 447.803 4079
1056.6 446.706 4069
1049.67 446.706 4069
1042.73 446.706 4069
1038.34 447.803 4079
1031.39 447.803 4079
1026.94 448.901 4089
1019.97 448.901 4089
1013 448.901 4089
1003.57 447.803 4079
996.617 447.803 4079
92.1379 62.2468 567
91.1714 62.2468 567
90.3639 62.3565 568
89.7103 62.5761 570
88.7386 62.5761 570
87.7669 62.5761 570
86.7952 62.5761 570
85.8235 62.5761 570
84.8518 62.5761 570
83.8801 62.5761 570
82.472 62.2468 567
81.9367 62.5761 570
80.965 62.5761 570
79.9933 62.5761 570
79.0216 62.5761 570
78.0499 62.5761 570
77.2134 62.6859 571
76.24 62.6859 571
75.3984 62.7957 572
74.4232 62.7957 572
73.4481 62.7957 572
-7.78693 51.8174 472
-8.59157 51.8174 472
-9.39621 51.8174 472
-10.2009 51.8174 472
-10.9822 51.7076 471
-11.7601 51.5978 470
-12.5613 51.5978 470
-13.3341 51.4881 469
-14.0432 51.1587 466
-14.8377 51.1587 466
-15.6321 51.1587 466
-16.4265 51.1587 466
-17.2209 51.1587 466
1277.89 441.925 4089
1270.92 441.925 4089
1263.95 441.925 4089
1253.9 440.844 4079
1250.01 441.925 4089
1243.03 441.925 4089
1236.06 441.925 4089
1223.08 439.763 4069
1216.15 439.763 4069
1209.21 439.763 4069
1202.27 439.763 4069
1195.34 439.763 4069
1188.4 439.763 4069
1178.56 438.683 4059
1171.64 438.683 4059
1164.72 438.683 4059
1157.8 438.683 4059
1150.88 438.683 4059
1141.14 437.602 4049
1137.04 438.683 4059
1132.91 439.763 4069
1125.97 439.763 4069
1119.03 439.763 4069
1112.1 439.763 4069
1105.16 439.763 4069
1095.52 438.683 4059
1088.6 438.683 4059
1084.35 439.763 4069
1080.06 440.844 4079
1073.11 440.844 4079
1066.15 440.844 4079
1056.6 439.763 4069
1049.67 439.763 4069
1042.73 439.763 4069
1035.79 439.763 4069
1028.86 439.763 4069
1024.43 440.844 4079
1017.48 440.844 4079
1010.52 440.844 4079
1003.57 440.844 4079
996.617 440.844 4079
989.663 440.844 4079
982.709 440.844 4079
92.9403 61.1713 566
92.1379 61.2794 567
91.1714 61.2794 567
90.3639 61.3875 568
89.3956 61.3875 568
88.4273 61.3875 568
87.459 61.3875 568
86.4907 61.3875 568
85.3718 61.2794 567
84.4052 61.2794 567
83.4386 61.2794 567
82.472 61.2794 567
81.9367 61.6036 570
80.965 61.6036 570
79.9933 61.6036 570
79.0216 61.6036 570
78.0499 61.6036 570
77.0781 61.6036 570
76.1064 61.6036 570
75.1347 61.6036 570
74.163 61.6036 570
73.1913 61.6036 570
-7.78693 51.0121 472
-8.59157 51.0121 472
-9.39621 51.0121 472
-10.2009 51.0121 472
-10.9822 50.904 471
-11.7601 50.796 470
-12.5613 50.796 470
-13.3341 50.6879 469
-14.0432 50.3637 466
-14.8377 50.3637 466
-15.6321 50.3637 466
-16.4265 50.3637 466
-17.2209 50.3637 466
1277.89 434.949 4089
1270.92 434.949 4089
1263.95 434.949 4089
1253.9 433.885 4079
1246.95 433.885 4079
1239.99 433.885 4079
1233.04 433.885 4079
1220.08 431.758 4059
1213.16 431.758 4059
1206.24 431.758 4059
1199.32 431.758 4059
1192.4 431.758 4059
1185.48 431.758 4059
1178.56 431.758 4059
1171.64 431.758 4059
1164.72 431.758 4059
1157.8 431.758 4059
1150.88 431.758 4059
1143.96 431.758 4059
1139.84 432.821 4069
1135.69 433.885 4079
1128.74 433.885 4079
1121.78 433.885 4079
1114.83 433.885 4079
1107.88 433.885 4079
1100.92 433.885 4079
1091.29 432.821 4069
1087.01 433.885 4079
1082.71 434.949 4089
1075.74 434.949 4089
1068.77 434.949 4089
1059.2 433.885 4079
1052.25 433.885 4079
1042.73 432.821 4069
1033.25 431.758 4059
1026.33 431.758 4059
1019.41 431.758 4059
1012.49 431.758 4059
1010.52 433.885 4079
1003.57 433.885 4079
996.617 433.885 4079
989.663 433.885 4079
982.709 433.885 4079
96.4578 59.9929 564
95.4964 59.9929 564
94.5349 59.9929 564
93.5734 59.9929 564
92.9403 60.2057 566
92.1379 60.312 567
91.1714 60.312 567
90.3639 60.4184 568
89.3956 60.4184 568
88.4273 60.4184 568
87.459 60.4184 568
86.4907 60.4184 568
85.3718 60.312 567
84.4052 60.312 567
83.4386 60.312 567
82.472 60.312 567
81.9367 60.6311 570
80.965 60.6311 570
79.9933 60.6311 570
79.0216 60.6311 570
77.9129 60.5248 569
76.9429 60.5248 569
75.9729 60.5248 569
75.1347 60.6311 570
74.163 60.6311 570
73.1913 60.6311 570
-7.78693 50.2068 472
-8.59157 50.2068 472
-9.39621 50.2068 472
-10.2009 50.2068 472
-11.0055 50.2068 472
-11.7851 50.1005 471
-12.588 50.1005 471
-13.3341 49.8877 469
-14.0734 49.675 467
-14.8377 49.5686 466
-15.565 49.3559 464
-16.356 49.3559 464
1277.89 427.972 4089
1270.92 427.972 4089
1263.95 427.972 4089
1256.98 427.972 4089
1250.01 427.972 4089
1243.03 427.972 4089
1233.04 426.926 4079
1223.08 425.879 4069
1216.15 425.879 4069
1206.24 424.832 4059
1199.32 424.832 4059
1192.4 424.832 4059
1188.4 425.879 4069
1181.46 425.879 4069
1177.41 426.926 4079
1170.46 426.926 4079
1163.5 426.926 4079
1156.55 426.926 4079
1146.78 425.879 4069
1142.64 426.926 4079
1138.47 427.972 4089
1131.5 427.972 4089
1124.53 427.972 4089
1114.83 426.926 4079
1107.88 426.926 4079
1100.92 426.926 4079
1091.29 425.879 4069
1087.01 426.926 4079
1082.71 427.972 4089
1075.74 427.972 4089
1068.77 427.972 4089
1059.2 426.926 4079
1052.25 426.926 4079
1042.73 425.879 4069
1033.25 424.832 4059
1026.33 424.832 4059
1019.41 424.832 4059
1012.49 424.832 4059
1010.52 426.926 4079
1003.57 426.926 4079
996.617 426.926 4079
989.663 426.926 4079
982.709 426.926 4079
959.25 419.704 4010
952.414 419.704 4010
96.4578 59.0307 564
95.4964 59.0307 564
94.5349 59.0307 564
93.5734 59.0307 564
92.9403 59.24 566
92.1379 59.3447 567
91.1714 59.3447 567
90.2048 59.3447 567
89.2382 59.3447 567
88.2716 59.3447 567
87.305 59.3447 567
86.3384 59.3447 567
85.2212 59.24 566
84.2563 59.24 566
83.2915 59.24 566
82.472 59.3447 567
81.9367 59.6587 570
80.965 59.6587 570
79.9933 59.6587 570
79.0216 59.6587 570
77.9129 59.554 569
76.9429 59.554 569
75.9729 59.554 569
75.1347 59.6587 570
74.163 59.6587 570
73.1913 59.6587 570
-7.78693 49.4016 472
-8.59157 49.4016 472
-9.39621 49.4016 472
-10.2009 49.4016 472
-11.0055 49.4016 472
-11.7851 49.2969 471
-12.588 49.2969 471
-13.3341 49.0876 469
-14.0734 48.8782 467
-14.8377 48.7736 466
-15.565 48.5642 464
-16.356 48.5642 464
1277.89 420.996 4089
1270.92 420.996 4089
1263.95 420.996 4089
1256.98 420.996 4089
1250.01 420.996 4089
1243.03 420.996 4089
1233.04 419.967 4079
1223.08 418.937 4069
1216.15 418.937 4069
1206.24 417.907 4059
1199.32 417.907 4059
1192.4 417.907 4059
1191.32 419.967 4079
1184.37 419.967 4079
1180.3 420.996 4089
1173.33 420.996 4089
1166.36 420.996 4089
1159.39 420.996 4089
1149.6 419.967 4079
1145.44 420.996 4089
1138.47 420.996 4089
1131.5 420.996 4089
1124.53 420.996 4089
1114.83 419.967 4079
1107.88 419.967 4079
1100.92 419.967 4079
1091.29 418.937 4069
1087.01 419.967 4079
1082.71 420.996 4089
1075.74 420.996 4089
1068.77 420.996 4089
1059.2 419.967 4079
1052.25 419.967 4079
1042.73 418.937 4069
1033.25 417.907 4059
1026.33 417.907 4059
1019.41 417.907 4059
1012.49 417.907 4059
1010.52 419.967 4079
1003.57 419.967 4079
996.617 419.967 4079
977.774 414.922 4030
968.495 413.892 4020
959.25 412.862 4010
952.414 412.862 4010
99.1661 57.9655 563
98.2064 57.9655 563
97.2466 57.9655 563
96.4578 58.0684 564
95.4964 58.0684 564
94.5349 58.0684 564
93.5734 58.0684 564
92.7761 58.1714 565
91.8129 58.1714 565
90.8498 58.1714 565
90.0457 58.2743 566
89.0808 58.2743 566
88.1159 58.2743 566
87.151 58.2743 566
86.1861 58.2743 566
85.2212 58.2743 566
84.2563 58.2743 566
83.2915 58.2743 566
82.3266 58.2743 566
81.7929 58.5832 569
80.8229 58.5832 569
79.8529 58.5832 569
78.8829 58.5832 569
77.9129 58.5832 569
76.9429 58.5832 569
75.8394 58.4803 568
75.0029 58.5832 569
74.0329 58.5832 569
73.0629 58.5832 569
-6.17765 48.5963 472
-6.98229 48.5963 472
-7.80343 48.6992 473
-8.60977 48.6992 473
-9.41612 48.6992 473
-10.2009 48.5963 472
-11.0055 48.5963 472
-11.7851 48.4933 471
-12.588 48.4933 471
-13.391 48.4933 471
-14.1336 48.2874 469
-14.8377 47.9785 466
1256.98 414.02 4089
1250.01 414.02 4089
1243.03 414.02 4089
1233.04 413.007 4079
1223.08 411.995 4069
1219.13 413.007 4079
1212.18 413.007 4079
1205.23 413.007 4079
1198.27 413.007 4079
1191.32 413.007 4079
1184.37 413.007 4079
1180.3 414.02 4089
1173.33 414.02 4089
1166.36 414.02 4089
1159.39 414.02 4089
1149.6 413.007 4079
1145.44 414.02 4089
1138.47 414.02 4089
1131.5 414.02 4089
1124.53 414.02 4089
1114.83 413.007 4079
1107.88 413.007 4079
1100.92 413.007 4079
1091.29 411.995 4069
1084.35 411.995 4069
1082.71 414.02 4089
1075.74 414.02 4089
1068.77 414.02 4089
1059.2 413.007 4079
1052.25 413.007 4079
1040.17 410.982 4059
1033.25 410.982 4059
1019 408.046 4030
1012.13 408.046 4030
1005.25 408.046 4030
1000.61 408.957 4039
993.729 408.957 4039
986.844 408.957 4039
977.774 408.046 4030
968.495 407.033 4020
959.25 406.021 4010
952.414 406.021 4010
101.864 56.9037 562
100.906 56.9037 562
99.9481 56.9037 562
99.1661 57.0049 563
98.2064 57.0049 563
97.2466 57.0049 563
96.4578 57.1062 564
95.4964 57.1062 564
94.5349 57.1062 564
93.5734 57.1062 564
92.6119 57.1062 564
91.6504 57.1062 564
90.689 57.1062 564
89.8866 57.2074 565
88.9234 57.2074 565
87.9602 57.2074 565
86.997 57.2074 565
86.0338 57.2074 565
85.0707 57.2074 565
84.1075 57.2074 565
83.1443 57.2074 565
82.3266 57.3087 566
81.5054 57.4099 567
80.6809 57.5112 568
79.7126 57.5112 568
78.7443 57.5112 568
77.6391 57.4099 567
76.8077 57.5112 568
75.8394 57.5112 568
74.8711 57.5112 568
73.9028 57.5112 568
72.9345 57.5112 568
71.7128 57.3087 566
-6.17765 47.791 472
-6.98229 47.791 472
-7.80343 47.8922 473
-8.60977 47.8922 473
-9.41612 47.8922 473
-10.2225 47.8922 473
-11.0055 47.791 472
-11.7851 47.6897 471
-12.588 47.6897 471
-13.391 47.6897 471
-14.1336 47.4872 469
1233.04 406.048 4079
1226.09 406.048 4079
1222.12 407.044 4089
1215.15 407.044 4089
1208.18 407.044 4089
1198.27 406.048 4079
1191.32 406.048 4079
1184.37 406.048 4079
1180.3 407.044 4089
1173.33 407.044 4089
1166.36 407.044 4089
1159.39 407.044 4089
1152.42 407.044 4089
1145.44 407.044 4089
1138.47 407.044 4089
1131.5 407.044 4089
1124.53 407.044 4089
1114.83 406.048 4079
1107.88 406.048 4079
1100.92 406.048 4079
1091.29 405.053 4069
1084.35 405.053 4069
1082.71 407.044 4089
1075.74 407.044 4089
1068.77 407.044 4089
1056.6 405.053 4069
1049.67 405.053 4069
1040.17 404.057 4059
1023.32 400.175 4020
1016.47 400.175 4020
1009.61 400.175 4020
1000.27 399.179 4010
991.2 398.284 4001
984.38 398.284 4001
977.559 398.284 4001
970.738 398.284 4001
963.918 398.284 4001
952.552 396.392 3982
945.764 396.392 3982
102.822 55.9449 562
101.864 55.9449 562
100.906 55.9449 562
99.9481 55.9449 562
99.1661 56.0444 563
98.2064 56.0444 563
97.2466 56.0444 563
96.4578 56.1439 564
95.4964 56.1439 564
94.5349 56.1439 564
93.5734 56.1439 564
92.6119 56.1439 564
91.6504 56.1439 564
90.689 56.1439 564
89.8866 56.2435 565
88.9234 56.2435 565
87.9602 56.2435 565
86.997 56.2435 565
86.0338 56.2435 565
85.0707 56.2435 565
84.1075 56.2435 565
83.1443 56.2435 565
82.1811 56.2435 565
81.3617 56.343 566
80.3968 56.343 566
79.4319 56.343 566
78.467 56.343 566
77.5021 56.343 566
76.5372 56.343 566
75.5724 56.343 566
74.6075 56.343 566
73.6426 56.343 566
72.6777 56.343 566
71.7128 56.343 566
-5.36162 46.8862 471
-6.17765 46.9857 472
-6.98229 46.9857 472
-7.80343 47.0853 473
-8.60977 47.0853 473
-9.41612 47.0853 473
-10.2225 47.0853 473
-11.0055 46.9857 472
-11.7851 46.8862 471
-12.588 46.8862 471
-13.391 46.8862 471
-14.1336 46.6871 469
1233.04 399.089 4079
1226.09 399.089 4079
1222.12 400.067 4089
1215.15 400.067 4089
1208.18 400.067 4089
1201.21 400.067 4089
1194.24 400.067 4089
1187.27 400.067 4089
1180.3 400.067 4089
1173.33 400.067 4089
1166.36 400.067 4089
1159.39 400.067 4089
1152.42 400.067 4089
1138.47 400.067 4089
1131.5 400.067 4089
1124.53 400.067 4089
1117.56 400.067 4089
1110.59 400.067 4089
1100.92 399.089 4079
1091.29 398.111 4069
1089.68 400.067 4089
1082.71 400.067 4089
1075.74 400.067 4089
1068.77 400.067 4089
1061.8 400.067 4089
1054.83 400.067 4089
1037.6 396.154 4049
1028.16 395.175 4039
1019 394.295 4030
1012.13 394.295 4030
1000.27 392.338 4010
993.43 392.338 4010
984.38 391.457 4001
977.559 391.457 4001
970.738 391.457 4001
959.34 389.598 3982
102.822 54.986 562
101.864 54.986 562
100.906 54.986 562
99.9481 54.986 562
98.99 54.986 562
98.0319 54.986 562
97.2466 55.0839 563
96.2868 55.0839 563
95.327 55.0839 563
94.3673 55.0839 563
93.4075 55.0839 563
92.4477 55.0839 563
91.6504 55.1817 564
90.689 55.1817 564
89.7275 55.1817 564
88.9234 55.2795 565
87.9602 55.2795 565
86.997 55.2795 565
86.0338 55.2795 565
85.0707 55.2795 565
84.1075 55.2795 565
82.9971 55.1817 564
82.1811 55.2795 565
81.3617 55.3774 566
80.3968 55.3774 566
79.4319 55.3774 566
78.467 55.3774 566
77.5021 55.3774 566
76.5372 55.3774 566
75.5724 55.3774 566
74.6075 55.3774 566
73.6426 55.3774 566
72.6777 55.3774 566
71.7128 55.3774 566
-5.36162 46.0826 471
-6.17765 46.1804 472
-6.98229 46.1804 472
-7.80343 46.2783 473
-8.60977 46.2783 473
-9.41612 46.2783 473
-10.2225 46.2783 473
-11.0055 46.1804 472
-11.7851 46.0826 471
-12.588 46.0826 471
-13.391 46.0826 471
1233.04 392.13 4079
1226.09 392.13 4079
1222.12 393.091 4089
1215.15 393.091 4089
1208.18 393.091 4089
1201.21 393.091 4089
1194.24 393.091 4089
1187.27 393.091 4089
1180.3 393.091 4089
1173.33 393.091 4089
1166.36 393.091 4089
1159.39 393.091 4089
1152.42 393.091 4089
1138.47 393.091 4089
1131.5 393.091 4089
1124.53 393.091 4089
1117.56 393.091 4089
1110.59 393.091 4089
1100.92 392.13 4079
1093.97 392.13 4079
1089.68 393.091 4089
1082.71 393.091 4089
1075.74 393.091 4089
1068.77 393.091 4089
1061.8 393.091 4089
1054.83 393.091 4089
1040.17 390.207 4059
1030.7 389.246 4049
1021.27 388.284 4039
1014.39 388.284 4039
1002.76 386.458 4020
995.907 386.458 4020
991.515 387.419 4030
984.645 387.419 4030
977.774 387.419 4030
952.354 380.017 3953
102.822 54.0272 562
101.864 54.0272 562
100.906 54.0272 562
99.9481 54.0272 562
98.99 54.0272 562
98.0319 54.0272 562
97.0739 54.0272 562
96.1158 54.0272 562
95.327 54.1233 563
94.3673 54.1233 563
93.4075 54.1233 563
92.4477 54.1233 563
91.4879 54.1233 563
90.5282 54.1233 563
89.7275 54.2195 564
88.766 54.2195 564
87.8045 54.2195 564
86.8431 54.2195 564
85.8816 54.2195 564
84.9201 54.2195 564
83.9586 54.2195 564
82.9971 54.2195 564
82.0357 54.2195 564
81.2179 54.3156 565
80.3968 54.4117 566
79.4319 54.4117 566
78.467 54.4117 566
77.5021 54.4117 566
76.5372 54.4117 566
75.4388 54.3156 565
74.6075 54.4117 566
73.6426 54.4117 566
72.6777 54.4117 566
71.7128 54.4117 566
26.5917 47.8746 498
25.7944 47.9708 499
24.9437 47.9708 499
24.2862 48.3553 503
23.4287 48.3553 503
22.5712 48.3553 503
21.7137 48.3553 503
20.8562 48.3553 503
19.9987 48.3553 503
19.1032 48.2592 502
18.2474 48.2592 502
17.3916 48.2592 502
-4.54901 45.1829 470
-5.36162 45.279 471
-6.16456 45.279 471
-6.9675 45.279 471
-7.78693 45.3752 472
-8.59157 45.3752 472
-9.39621 45.3752 472
-10.2009 45.3752 472
-10.9822 45.279 471
-11.7851 45.279 471
-12.588 45.279 471
-13.391 45.279 471
1246.95 385.171 4079
1239.99 385.171 4079
1233.04 385.171 4079
1226.09 385.171 4079
1222.12 386.115 4089
1215.15 386.115 4089
1208.18 386.115 4089
1201.21 386.115 4089
1194.24 386.115 4089
1187.27 386.115 4089
1180.3 386.115 4089
1173.33 386.115 4089
1166.36 386.115 4089
1124.53 386.115 4089
1117.56 386.115 4089
1110.59 386.115 4089
1100.92 385.171 4079
1093.97 385.171 4079
1089.68 386.115 4089
1082.71 386.115 4089
1075.74 386.115 4089
1068.77 386.115 4089
1061.8 386.115 4089
1054.83 386.115 4089
1040.17 383.282 4059
1030.7 382.338 4049
1021.27 381.393 4039
1014.39 381.393 4039
1002.76 379.599 4020
995.907 379.599 4020
991.515 380.544 4030
984.645 380.544 4030
977.774 380.544 4030
952.354 373.273 3953
102.09 52.6907 558
101.502 52.8795 560
100.547 52.8795 560
99.5924 52.8795 560
98.8138 52.9739 561
97.8575 52.9739 561
96.9011 52.9739 561
95.9448 52.9739 561
95.1577 53.0684 562
94.1996 53.0684 562
93.2416 53.0684 562
92.2835 53.0684 562
91.3254 53.0684 562
90.3674 53.0684 562
89.5684 53.1628 563
88.766 53.2572 564
87.8045 53.2572 564
86.8431 53.2572 564
85.8816 53.2572 564
84.7695 53.1628 563
83.8098 53.1628 563
82.85 53.1628 563
82.0357 53.2572 564
81.2179 53.3516 565
80.2548 53.3516 565
79.2916 53.3516 565
78.3284 53.3516 565
77.3652 53.3516 565
76.402 53.3516 565
75.4388 53.3516 565
74.4757 53.3516 565
73.5125 53.3516 565
72.5493 53.3516 565
71.5861 53.3516 565
26.5917 47.025 498
25.7944 47.1194 499
24.9437 47.1194 499
24.2862 47.4971 503
23.4287 47.4971 503
22.5712 47.4971 503
21.7137 47.4971 503
20.8562 47.4971 503
19.9987 47.4971 503
19.1032 47.4027 502
18.2474 47.4027 502
17.3916 47.4027 502
16.5359 47.4027 502
15.6801 47.4027 502
-2.14988 44.4754 471
-2.95281 44.4754 471
-3.75575 44.4754 471
-4.54901 44.381 470
-5.35024 44.381 470
-6.16456 44.4754 471
-6.9675 44.4754 471
-7.77043 44.4754 471
-8.59157 44.5699 472
-9.39621 44.5699 472
-10.2009 44.5699 472
-10.9822 44.4754 471
-11.7851 44.4754 471
-12.588 44.4754 471
-13.391 44.4754 471
1246.95 378.211 4079
1239.99 378.211 4079
1233.04 378.211 4079
1226.09 378.211 4079
1222.12 379.139 4089
1215.15 379.139 4089
1208.18 379.139 4089
1198.27 378.211 4079
1191.32 378.211 4079
1184.37 378.211 4079
1180.3 379.139 4089
1173.33 379.139 4089
1166.36 379.139 4089
1159.39 379.139 4089
1152.42 379.139 4089
1138.47 379.139 4089
1131.5 379.139 4089
1124.53 379.139 4089
1117.56 379.139 4089
1110.59 379.139 4089
1100.92 378.211 4079
1093.97 378.211 4079
1087.01 378.211 4079
1080.06 378.211 4079
1054.01 376.357 4059
1047.09 376.357 4059
1040.17 376.357 4059
1030.7 375.43 4049
1021.27 374.503 4039
1014.39 374.503 4039
1002.76 372.741 4020
995.907 372.741 4020
991.515 373.668 4030
984.645 373.668 4030
977.774 373.668 4030
102.09 51.7386 558
101.502 51.9241 560
100.547 51.9241 560
99.5924 51.9241 560
98.8138 52.0168 561
97.8575 52.0168 561
96.9011 52.0168 561
95.9448 52.0168 561
95.1577 52.1095 562
94.1996 52.1095 562
93.2416 52.1095 562
92.2835 52.1095 562
91.3254 52.1095 562
90.3674 52.1095 562
89.5684 52.2023 563
88.766 52.295 564
87.8045 52.295 564
86.8431 52.295 564
85.8816 52.295 564
84.7695 52.2023 563
83.8098 52.2023 563
82.85 52.2023 563
81.8902 52.2023 563
81.0742 52.295 564
80.2548 52.3877 565
79.2916 52.3877 565
78.3284 52.3877 565
77.3652 52.3877 565
76.402 52.3877 565
75.4388 52.3877 565
74.4757 52.3877 565
73.5125 52.3877 565
72.5493 52.3877 565
71.5861 52.3877 565
26.5917 46.1754 498
25.7944 46.2681 499
24.9437 46.2681 499
24.2862 46.639 503
23.4287 46.639 503
22.5712 46.639 503
21.7137 46.639 503
20.8562 46.639 503
19.9987 46.639 503
19.1032 46.5462 502
18.2474 46.5462 502
17.3916 46.5462 502
16.5359 46.5462 502
15.6801 46.5462 502
-1.34408 43.5791 470
-2.14988 43.6719 471
-2.95281 43.6719 471
-3.75575 43.6719 471
-4.55869 43.6719 471
-5.36162 43.6719 471
-6.16456 43.6719 471
-6.9675 43.6719 471
-7.77043 43.6719 471
-8.59157 43.7646 472
-9.39621 43.7646 472
-10.2009 43.7646 472
-10.9822 43.6719 471
-11.7851 43.6719 471
-12.588 43.6719 471
-13.391 43.6719 471
1246.95 371.252 4079
1239.99 371.252 4079
1233.04 371.252 4079
1226.09 371.252 4079
1222.12 372.162 4089
1215.15 372.162 4089
1208.18 372.162 4089
1198.27 371.252 4079
1191.32 371.252 4079
1184.37 371.252 4079
1180.3 372.162 4089
1173.33 372.162 4089
1166.36 372.162 4089
1159.39 372.162 4089
1152.42 372.162 4089
1145.44 372.162 4089
1138.47 372.162 4089
1131.5 372.162 4089
1124.53 372.162 4089
1114.83 371.252 4079
1107.88 371.252 4079
1100.92 371.252 4079
1093.97 371.252 4079
1087.01 371.252 4079
1080.06 371.252 4079
1054.01 369.432 4059
1047.09 369.432 4059
1040.17 369.432 4059
1030.7 368.522 4049
1019 366.792 4030
1012.13 366.792 4030
1002.76 365.882 4020
995.907 365.882 4020
991.515 366.792 4030
984.645 366.792 4030
977.774 366.792 4030
102.09 50.7866 558
101.32 50.8777 559
100.367 50.8777 559
99.4145 50.8777 559
98.4616 50.8777 559
97.5086 50.8777 559
96.5557 50.8777 559
95.6027 50.8777 559
94.8191 50.9687 560
93.8644 50.9687 560
93.0757 51.0597 561
92.2835 51.1507 562
91.3254 51.1507 562
90.3674 51.1507 562
89.4093 51.1507 562
88.6086 51.2417 563
87.6488 51.2417 563
86.6891 51.2417 563
85.7293 51.2417 563
84.7695 51.2417 563
83.8098 51.2417 563
82.85 51.2417 563
81.8902 51.2417 563
81.0742 51.3327 564
80.2548 51.4238 565
79.2916 51.4238 565
78.3284 51.4238 565
77.3652 51.4238 565
76.402 51.4238 565
75.4388 51.4238 565
74.4757 51.4238 565
73.5125 51.4238 565
72.5493 51.4238 565
71.5861 51.4238 565
70.4979 51.3327 564
69.6597 51.4238 565
68.6966 51.4238 565
67.7334 51.4238 565
26.5917 45.3257 498
25.7944 45.4167 499
24.9437 45.4167 499
24.2379 45.6898 502
23.4287 45.7808 503
22.5712 45.7808 503
21.7137 45.7808 503
20.8562 45.7808 503
19.9987 45.7808 503
19.1032 45.6898 502
18.2474 45.6898 502
17.3916 45.6898 502
16.5359 45.6898 502
15.6801 45.6898 502
-1.34408 42.7773 470
-2.14988 42.8683 471
-2.95281 42.8683 471
-3.75575 42.8683 471
-4.55869 42.8683 471
-5.36162 42.8683 471
-6.16456 42.8683 471
-6.9527 42.7773 470
-9.3763 42.8683 471
-10.1792 42.8683 471
-10.9822 42.8683 471
-11.7851 42.8683 471
-12.588 42.8683 471
-13.391 42.8683 471
1246.95 364.293 4079
1239.99 364.293 4079
1233.04 364.293 4079
1226.09 364.293 4079
1219.13 364.293 4079
1212.18 364.293 4079
1205.23 364.293 4079
1198.27 364.293 4079
1191.32 364.293 4079
1181.46 363.4 4069
1180.3 365.186 4089
1173.33 365.186 4089
1166.36 365.186 4089
1159.39 365.186 4089
1152.42 365.186 4089
1145.44 365.186 4089
1138.47 365.186 4089
1131.5 365.186 4089
1124.53 365.186 4089
1114.83 364.293 4079
1107.88 364.293 4079
1100.92 364.293 4079
1093.97 364.293 4079
1087.01 364.293 4079
1080.06 364.293 4079
1054.01 362.507 4059
1047.09 362.507 4059
1040.17 362.507 4059
1030.7 361.614 4049
1019 359.917 4030
1012.13 359.917 4030
1002.76 359.024 4020
995.907 359.024 4020
989.054 359.024 4020
982.201 359.024 4020
975.348 359.024 4020
102.488 49.5667 555
101.542 49.5667 555
100.777 49.656 556
99.8288 49.656 556
99.0588 49.7453 557
98.1093 49.7453 557
97.3342 49.8346 558
96.3829 49.8346 558
95.4317 49.8346 558
94.6497 49.9239 559
93.6968 49.9239 559
92.7438 49.9239 559
91.9551 50.0133 560
91.3254 50.1919 562
90.3674 50.1919 562
89.4093 50.1919 562
88.4512 50.1919 562
87.6488 50.2812 563
86.6891 50.2812 563
85.7293 50.2812 563
84.619 50.1919 562
83.6609 50.1919 562
82.7028 50.1919 562
81.7448 50.1919 562
80.9304 50.2812 563
80.1127 50.3705 564
79.1512 50.3705 564
78.1898 50.3705 564
77.2283 50.3705 564
76.2668 50.3705 564
75.3053 50.3705 564
74.4757 50.4598 565
73.5125 50.4598 565
72.5493 50.4598 565
71.5861 50.4598 565
70.4979 50.3705 564
69.6597 50.4598 565
68.6966 50.4598 565
67.7334 50.4598 565
26.5917 44.4761 498
25.7427 44.4761 498
24.8937 44.4761 498
24.1896 44.744 501
23.4287 44.9226 503
22.5712 44.9226 503
21.7137 44.9226 503
20.8148 44.8333 502
19.959 44.8333 502
19.1032 44.8333 502
18.2111 44.744 501
17.3223 44.6547 500
16.47 44.6547 500
15.6176 44.6547 500
-1.34408 41.9754 470
-2.14988 42.0647 471
-2.95281 42.0647 471
-3.75575 42.0647 471
-4.55869 42.0647 471
-5.36162 42.0647 471
-6.16456 42.0647 471
-6.9675 42.0647 471
-7.77043 42.0647 471
-10.9822 42.0647 471
-11.7851 42.0647 471
-12.588 42.0647 471
-13.391 42.0647 471
1246.95 357.334 4079
1239.99 357.334 4079
1236.06 358.21 4089
1229.09 358.21 4089
1222.12 358.21 4089
1215.15 358.21 4089
1208.18 358.21 4089
1198.27 357.334 4079
1191.32 357.334 4079
1181.46 356.458 4069
1177.41 357.334 4079
1170.46 357.334 4079
1166.36 358.21 4089
1159.39 358.21 4089
1152.42 358.21 4089
1145.44 358.21 4089
1138.47 358.21 4089
1131.5 358.21 4089
1124.53 358.21 4089
1112.1 356.458 4069
1105.16 356.458 4069
1098.22 356.458 4069
1093.97 357.334 4079
1087.01 357.334 4079
1080.06 357.334 4079
1051.41 354.706 4049
1044.51 354.706 4049
1037.6 354.706 4049
1030.7 354.706 4049
1019 353.041 4030
1012.13 353.041 4030
1002.76 352.165 4020
995.907 352.165 4020
989.054 352.165 4020
982.201 352.165 4020
975.348 352.165 4020
104.004 48.4446 553
103.061 48.4446 553
102.488 48.6198 555
101.542 48.6198 555
100.595 48.6198 555
99.6493 48.6198 555
98.881 48.7074 556
97.9332 48.7074 556
96.9853 48.7074 556
96.0375 48.7074 556
95.0896 48.7074 556
94.3111 48.795 557
93.5292 48.8826 558
92.5779 48.8826 558
91.7909 48.9702 559
91.0004 49.0578 560
90.0458 49.0578 560
89.4093 49.233 562
88.4512 49.233 562
87.4932 49.233 562
86.5351 49.233 562
85.577 49.233 562
84.619 49.233 562
83.6609 49.233 562
82.7028 49.233 562
81.7448 49.233 562
80.9304 49.3206 563
79.9707 49.3206 563
79.0109 49.3206 563
78.0511 49.3206 563
77.0913 49.3206 563
76.2668 49.4082 564
75.3053 49.4082 564
74.3438 49.4082 564
73.3824 49.4082 564
72.4209 49.4082 564
71.4594 49.4082 564
70.6229 49.4959 565
69.6597 49.4959 565
68.8182 49.5835 566
67.8533 49.5835 566
66.8884 49.5835 566
26.5917 43.6264 498
25.7427 43.6264 498
24.8937 43.6264 498
24.1896 43.8892 501
23.4287 44.0644 503
22.5712 44.0644 503
21.7137 44.0644 503
20.8148 43.9768 502
19.959 43.9768 502
19.1032 43.9768 502
18.2111 43.8892 501
17.3223 43.8016 500
16.47 43.8016 500
15.6176 43.8016 500
14.7062 43.6264 498
-1.34408 41.1735 470
-2.14988 41.2611 471
-2.95281 41.2611 471
-3.75575 41.2611 471
-4.55869 41.2611 471
-5.36162 41.2611 471
-6.16456 41.2611 471
-6.9675 41.2611 471
-7.77043 41.2611 471
-8.57337 41.2611 471
-9.3763 41.2611 471
-10.9822 41.2611 471
-11.7851 41.2611 471
-12.588 41.2611 471
-13.391 41.2611 471
1236.06 351.234 4089
1229.09 351.234 4089
1222.12 351.234 4089
1215.15 351.234 4089
1208.18 351.234 4089
1201.21 351.234 4089
1194.24 351.234 4089
1184.37 350.375 4079
1177.41 350.375 4079
1173.33 351.234 4089
1166.36 351.234 4089
1159.39 351.234 4089
1152.42 351.234 4089
1145.44 351.234 4089
1138.47 351.234 4089
1131.5 351.234 4089
1124.53 351.234 4089
1117.56 351.234 4089
1110.59 351.234 4089
1098.22 349.516 4069
1093.97 350.375 4079
1087.01 350.375 4079
1080.06 350.375 4079
1059.2 350.375 4079
1052.25 350.375 4079
1045.29 350.375 4079
1033.25 348.657 4059
1023.8 347.798 4049
1016.9 347.798 4049
995.527 342.816 3991
991.2 343.675 4001
986.594 344.448 4010
979.758 344.448 4010
972.922 344.448 4010
104.004 47.5011 553
103.061 47.5011 553
102.488 47.6729 555
101.542 47.6729 555
100.595 47.6729 555
99.6493 47.6729 555
98.881 47.7588 556
97.9332 47.7588 556
96.9853 47.7588 556
96.0375 47.7588 556
95.0896 47.7588 556
94.3111 47.8447 557
93.5292 47.9306 558
92.5779 47.9306 558
91.7909 48.0165 559
91.0004 48.1024 560
90.0458 48.1024 560
89.4093 48.2742 562
88.4512 48.2742 562
87.4932 48.2742 562
86.5351 48.2742 562
85.577 48.2742 562
84.619 48.2742 562
83.6609 48.2742 562
82.7028 48.2742 562
81.7448 48.2742 562
80.7867 48.2742 562
79.9707 48.3601 563
79.0109 48.3601 563
78.0511 48.3601 563
77.0913 48.3601 563
76.1316 48.3601 563
75.1718 48.3601 563
74.3438 48.446 564
73.3824 48.446 564
72.4209 48.446 564
71.4594 48.446 564
70.7479 48.6178 566
69.783 48.6178 566
68.8182 48.6178 566
67.8533 48.6178 566
66.8884 48.6178 566
26.4315 42.5191 495
25.691 42.6909 497
24.8438 42.6909 497
24.0448 42.7768 498
23.3355 43.0345 501
22.4815 43.0345 501
21.6274 43.0345 501
20.7733 43.0345 501
19.9192 43.0345 501
19.0652 43.0345 501
18.1747 42.9486 500
17.3223 42.9486 500
16.437 42.8627 499
15.5864 42.8627 499
14.7062 42.7768 498
-1.34408 40.3717 470
-2.14988 40.4576 471
-2.95281 40.4576 471
-3.75575 40.4576 471
-4.55869 40.4576 471
-5.36162 40.4576 471
-6.16456 40.4576 471
-6.9675 40.4576 471
-7.77043 40.4576 471
-8.57337 40.4576 471
-9.3763 40.4576 471
-10.9822 40.4576 471
-11.7851 40.4576 471
-12.588 40.4576 471
-13.391 40.4576 471
1236.06 344.257 4089
1229.09 344.257 4089
1222.12 344.257 4089
1215.15 344.257 4089
1208.18 344.257 4089
1201.21 344.257 4089
1194.24 344.257 4089
1187.27 344.257 4089
1180.3 344.257 4089
1173.33 344.257 4089
1166.36 344.257 4089
1159.39 344.257 4089
1152.42 344.257 4089
1138.47 344.257 4089
1131.5 344.257 4089
1124.53 344.257 4089
1117.56 344.257 4089
1110.59 344.257 4089
1100.92 343.415 4079
1093.97 343.415 4079
1059.2 343.415 4079
1052.25 343.415 4079
1045.29 343.415 4079
1033.25 341.732 4059
1023.8 340.89 4049
1016.9 340.89 4049
995.527 336.007 3991
988.723 336.007 3991
981.919 336.007 3991
975.116 336.007 3991
105.315 46.3051 550
104.377 46.3051 550
104.004 46.5577 553
103.061 46.5577 553
102.303 46.6419 554
101.359 46.6419 554
100.414 46.6419 554
99.4697 46.6419 554
98.7031 46.726 555
97.757 46.726 555
96.8109 46.726 555
95.8647 46.726 555
95.0896 46.8102 556
94.1418 46.8102 556
93.3616 46.8944 557
92.412 46.8944 557
91.6267 46.9786 558
90.8379 47.0628 559
89.885 47.0628 559
89.2502 47.2312 561
88.2938 47.2312 561
87.4932 47.3154 562
86.5351 47.3154 562
85.577 47.3154 562
84.619 47.3154 562
83.6609 47.3154 562
82.7028 47.3154 562
81.7448 47.3154 562
80.7867 47.3154 562
79.9707 47.3996 563
79.0109 47.3996 563
78.0511 47.3996 563
77.0913 47.3996 563
76.1316 47.3996 563
75.1718 47.3996 563
74.3438 47.4838 564
73.3824 47.4838 564
72.5493 47.568 565
71.5861 47.568 565
70.7479 47.6521 566
69.783 47.6521 566
68.8182 47.6521 566
67.8533 47.6521 566
66.8884 47.6521 566
26.3781 41.5904 494
25.5876 41.6746 495
24.7438 41.6746 495
24.0448 41.9272 498
23.1958 41.9272 498
22.3917 42.0113 499
21.5411 42.0113 499
20.7318 42.0955 500
19.8795 42.0955 500
19.0271 42.0955 500
18.1384 42.0113 499
17.2877 42.0113 499
16.437 42.0113 499
15.5864 42.0113 499
14.7062 41.9272 498
-1.34408 39.5698 470
-2.14988 39.654 471
-2.95281 39.654 471
-3.75575 39.654 471
-4.55869 39.654 471
-5.36162 39.654 471
-6.16456 39.654 471
-6.9675 39.654 471
-7.77043 39.654 471
-8.57337 39.654 471
-9.3763 39.654 471
1208.18 337.281 4089
1201.21 337.281 4089
1194.24 337.281 4089
1187.27 337.281 4089
1180.3 337.281 4089
1173.33 337.281 4089
1166.36 337.281 4089
1159.39 337.281 4089
1152.42 337.281 4089
1138.47 337.281 4089
1131.5 337.281 4089
1124.53 337.281 4089
1117.56 337.281 4089
1110.59 337.281 4089
1100.92 336.456 4079
1093.97 336.456 4079
1087.01 336.456 4079
1080.06 336.456 4079
1059.2 336.456 4079
1052.25 336.456 4079
1045.29 336.456 4079
1033.25 334.806 4059
1023.8 333.982 4049
1016.9 333.982 4049
995.527 329.198 3991
988.723 329.198 3991
981.919 329.198 3991
975.116 329.198 3991
107.734 45.2018 548
106.8 45.2018 548
105.866 45.2018 548
105.315 45.3667 550
104.377 45.3667 550
103.44 45.3667 550
102.502 45.3667 550
101.934 45.5317 552
101.176 45.6142 553
100.414 45.6967 554
99.4697 45.6967 554
98.5253 45.6967 554
97.5809 45.6967 554
96.6364 45.6967 554
95.692 45.6967 554
94.9186 45.7792 555
93.9725 45.7792 555
93.194 45.8616 556
92.2461 45.8616 556
91.4625 45.9441 557
90.5129 45.9441 557
89.5634 45.9441 557
88.932 46.1091 559
88.1365 46.1916 560
87.1818 46.1916 560
86.2271 46.1916 560
85.2725 46.1916 560
84.4684 46.2741 561
83.512 46.2741 561
82.5557 46.2741 561
81.5993 46.2741 561
80.6429 46.2741 561
79.8286 46.3566 562
78.8706 46.3566 562
77.9125 46.3566 562
76.9544 46.3566 562
76.1316 46.439 563
75.1718 46.439 563
74.212 46.439 563
73.3824 46.5215 564
72.5493 46.604 565
71.5861 46.604 565
70.7479 46.6865 566
69.783 46.6865 566
68.8182 46.6865 566
67.8533 46.6865 566
66.8884 46.6865 566
23.9965 40.995 497
23.1958 41.0775 498
22.3917 41.16 499
21.5411 41.16 499
20.6904 41.16 499
19.8397 41.16 499
18.989 41.16 499
18.1384 41.16 499
17.2531 41.0775 498
16.4041 41.0775 498
15.5551 41.0775 498
14.6766 40.995 497
-4.55869 38.8504 471
-5.36162 38.8504 471
-6.16456 38.8504 471
-6.9675 38.8504 471
-7.77043 38.8504 471
-8.57337 38.8504 471
-9.3763 38.8504 471
-10.1792 38.8504 471
1208.18 330.305 4089
1201.21 330.305 4089
1194.24 330.305 4089
1187.27 330.305 4089
1180.3 330.305 4089
1173.33 330.305 4089
1166.36 330.305 4089
1159.39 330.305 4089
1152.42 330.305 4089
1138.47 330.305 4089
1131.5 330.305 4089
1124.53 330.305 4089
1117.56 330.305 4089
1110.59 330.305 4089
1100.92 329.497 4079
1093.97 329.497 4079
1087.01 329.497 4079
1080.06 329.497 4079
1059.2 329.497 4079
1052.25 329.497 4079
1045.29 329.497 4079
1033.25 327.881 4059
1016.47 324.731 4020
1009.61 324.731 4020
995.527 322.388 3991
988.723 322.388 3991
107.734 44.2668 548
106.995 44.3476 549
106.059 44.3476 549
105.315 44.4284 550
104.377 44.4284 550
103.44 44.4284 550
102.502 44.4284 550
101.749 44.5092 551
100.993 44.5899 552
100.233 44.6707 553
99.2902 44.6707 553
98.3475 44.6707 553
97.4047 44.6707 553
96.462 44.6707 553
95.5193 44.6707 553
94.5766 44.6707 553
93.8032 44.7515 554
92.8587 44.7515 554
91.9143 44.7515 554
91.1341 44.8323 555
90.3504 44.913 556
89.4026 44.913 556
88.6138 44.9938 557
87.8217 45.0746 558
86.8704 45.0746 558
85.9192 45.0746 558
84.9679 45.0746 558
84.1673 45.1554 559
83.2143 45.1554 559
82.2614 45.1554 559
81.3084 45.1554 559
80.4992 45.2362 560
79.5445 45.2362 560
78.5899 45.2362 560
77.7738 45.3169 561
76.8175 45.3169 561
75.9964 45.3977 562
75.0383 45.3977 562
74.0802 45.3977 562
73.3824 45.5593 564
72.5493 45.6401 565
71.5861 45.6401 565
70.7479 45.7208 566
69.783 45.7208 566
68.8182 45.7208 566
67.8533 45.7208 566
23.9965 40.1471 497
23.1958 40.2279 498
22.3917 40.3087 499
21.5411 40.3087 499
20.6904 40.3087 499
19.8397 40.3087 499
18.989 40.3087 499
18.1384 40.3087 499
17.2531 40.2279 498
16.4041 40.2279 498
15.5551 40.2279 498
14.6766 40.1471 497
13.7459 39.9048 494
-5.36162 38.0468 471
-6.16456 38.0468 471
-6.9675 38.0468 471
-7.77043 38.0468 471
-8.57337 38.0468 471
-9.3763 38.0468 471
-10.1792 38.0468 471
1250.01 323.329 4089
1243.03 323.329 4089
1236.06 323.329 4089
1229.09 323.329 4089
1222.12 323.329 4089
1215.15 323.329 4089
1208.18 323.329 4089
1201.21 323.329 4089
1194.24 323.329 4089
1187.27 323.329 4089
1180.3 323.329 4089
1173.33 323.329 4089
1166.36 323.329 4089
1156.55 322.538 4079
1149.6 322.538 4079
1145.44 323.329 4089
1138.47 323.329 4089
1131.5 323.329 4089
1124.53 323.329 4089
1112.1 321.747 4069
1105.16 321.747 4069
1098.22 321.747 4069
1093.97 322.538 4079
1087.01 322.538 4079
1082.71 323.329 4089
1075.74 323.329 4089
1068.77 323.329 4089
1059.2 322.538 4079
1052.25 322.538 4079
1045.29 322.538 4079
1025.87 318.663 4030
1009.13 315.579 3991
1002.33 315.579 3991
995.527 315.579 3991
981.786 313.365 3963
107.734 43.3319 548
106.995 43.4109 549
106.059 43.4109 549
105.123 43.4109 549
104.187 43.4109 549
103.44 43.49 550
102.502 43.49 550
101.749 43.5691 551
100.993 43.6482 552
100.233 43.7272 553
99.2902 43.7272 553
98.3475 43.7272 553
97.4047 43.7272 553
96.462 43.7272 553
95.5193 43.7272 553
94.5766 43.7272 553
93.8032 43.8063 554
92.8587 43.8063 554
91.9143 43.8063 554
91.1341 43.8854 555
90.3504 43.9645 556
89.4026 43.9645 556
88.6138 44.0435 557
87.8217 44.1226 558
86.8704 44.1226 558
85.9192 44.1226 558
84.9679 44.1226 558
84.1673 44.2017 559
83.2143 44.2017 559
82.2614 44.2017 559
81.3084 44.2017 559
80.3554 44.2017 559
79.4025 44.2017 559
78.4495 44.2017 559
77.6352 44.2807 560
76.6806 44.2807 560
75.7259 44.2807 560
74.7712 44.2807 560
74.0802 44.4389 562
73.2523 44.518 563
72.2925 44.518 563
71.3327 44.518 563
46.2688 40.248 509
45.4011 40.248 509
44.5334 40.248 509
43.6657 40.248 509
26.1645 38.7457 490
25.3292 38.7457 490
24.4938 38.7457 490
20.6904 39.4573 499
19.8397 39.4573 499
18.989 39.4573 499
18.102 39.3782 498
17.2531 39.3782 498
16.3712 39.2992 497
15.5239 39.2992 497
14.6176 39.141 495
13.7459 39.0619 494
-5.36162 37.2433 471
-6.16456 37.2433 471
-6.9675 37.2433 471
-7.77043 37.2433 471
-8.57337 37.2433 471
-9.3763 37.2433 471
-10.1792 37.2433 471
1263.95 316.352 4089
1256.98 316.352 4089
1250.01 316.352 4089
1243.03 316.352 4089
1236.06 316.352 4089
1229.09 316.352 4089
1222.12 316.352 4089
1215.15 316.352 4089
1208.18 316.352 4089
1201.21 316.352 4089
1194.24 316.352 4089
1187.27 316.352 4089
1180.3 316.352 4089
1167.59 314.805 4069
1163.5 315.579 4079
1156.55 315.579 4079
1149.6 315.579 4079
1145.44 316.352 4089
1138.47 316.352 4089
1131.5 316.352 4089
1121.78 315.579 4079
1112.1 314.805 4069
1105.16 314.805 4069
1098.22 314.805 4069
1091.29 314.805 4069
1084.35 314.805 4069
1082.71 316.352 4089
1075.74 316.352 4089
1068.77 316.352 4089
1056.6 314.805 4069
1049.67 314.805 4069
1037.6 313.258 4049
1023.32 311.014 4020
1009.13 308.77 3991
1002.33 308.77 3991
993.282 308.074 3982
108.669 42.3969 548
107.734 42.3969 548
106.995 42.4743 549
106.059 42.4743 549
105.123 42.4743 549
104.187 42.4743 549
103.252 42.4743 549
102.316 42.4743 549
101.564 42.5517 550
100.81 42.629 551
100.052 42.7064 552
99.1106 42.7064 552
98.1696 42.7064 552
97.2286 42.7064 552
96.2876 42.7064 552
95.3466 42.7064 552
94.5766 42.7838 553
93.6338 42.7838 553
92.6911 42.7838 553
91.7484 42.7838 553
90.9699 42.8611 554
90.0254 42.8611 554
89.2418 42.9385 555
88.2957 42.9385 555
87.5069 43.0159 556
86.5591 43.0159 556
85.6112 43.0159 556
84.6634 43.0159 556
83.8661 43.0932 557
82.9166 43.0932 557
81.967 43.0932 557
81.0175 43.0932 557
80.0679 43.0932 557
79.4025 43.248 559
78.4495 43.248 559
77.6352 43.3253 560
76.6806 43.3253 560
75.7259 43.3253 560
74.7712 43.3253 560
74.0802 43.4801 562
73.2523 43.5574 563
72.2925 43.5574 563
71.3327 43.5574 563
48.1929 39.5344 511
47.3217 39.5344 511
46.4506 39.5344 511
45.4903 39.457 510
44.6209 39.457 510
43.6657 39.3796 509
26.1645 37.9097 490
25.3292 37.9097 490
24.4938 37.9097 490
23.7551 38.0644 492
22.9629 38.1418 493
22.1225 38.1418 493
21.282 38.1418 493
20.6075 38.4512 497
19.7602 38.4512 497
18.9129 38.4512 497
18.0657 38.4512 497
17.2184 38.4512 497
16.3053 38.2965 495
15.4614 38.2965 495
14.6176 38.2965 495
13.7459 38.2191 494
-6.16456 36.4397 471
-6.9675 36.4397 471
-7.77043 36.4397 471
-8.57337 36.4397 471
-9.3763 36.4397 471
-10.1792 36.4397 471
1263.95 309.376 4089
1256.98 309.376 4089
1250.01 309.376 4089
1243.03 309.376 4089
1236.06 309.376 4089
1229.09 309.376 4089
1222.12 309.376 4089
1215.15 309.376 4089
1205.23 308.619 4079
1198.27 308.619 4079
1191.32 308.619 4079
1184.37 308.619 4079
1174.53 307.863 4069
1167.59 307.863 4069
1163.5 308.619 4079
1156.55 308.619 4079
1149.6 308.619 4079
1145.44 309.376 4089
1138.47 309.376 4089
1131.5 309.376 4089
1121.78 308.619 4079
1112.1 307.863 4069
1105.16 307.863 4069
1098.22 307.863 4069
1091.29 307.863 4069
1084.35 307.863 4069
1082.71 309.376 4089
1075.74 309.376 4089
1068.77 309.376 4089
1056.6 307.863 4069
1049.67 307.863 4069
1037.6 306.35 4049
1023.32 304.155 4020
1013.94 303.399 4010
1007.1 303.399 4010
993.282 301.28 3982
108.669 41.462 548
107.734 41.462 548
106.995 41.5376 549
106.059 41.5376 549
105.123 41.5376 549
104.187 41.5376 549
103.252 41.5376 549
102.316 41.5376 549
101.564 41.6133 550
100.627 41.6133 550
99.8704 41.689 551
98.9311 41.689 551
97.9918 41.689 551
97.2286 41.7646 552
96.2876 41.7646 552
95.3466 41.7646 552
94.4055 41.7646 552
93.4645 41.7646 552
92.6911 41.8403 553
91.7484 41.8403 553
90.8057 41.8403 553
90.0254 41.9159 554
89.081 41.9159 554
88.1366 41.9159 554
87.3495 41.9916 555
86.4034 41.9916 555
85.4573 41.9916 555
84.5111 41.9916 555
83.565 41.9916 555
82.6189 41.9916 555
81.6727 41.9916 555
80.7266 41.9916 555
79.9242 42.0673 556
78.9764 42.0673 556
78.0285 42.0673 556
77.2193 42.1429 557
76.2698 42.1429 557
75.3202 42.1429 557
74.3707 42.1429 557
73.4211 42.1429 557
72.4716 42.1429 557
71.522 42.1429 557
49.064 38.6625 511
48.1929 38.6625 511
47.3217 38.6625 511
46.4506 38.6625 511
45.4903 38.5869 510
44.6209 38.5869 510
43.6657 38.5112 509
26.1645 37.0737 490
25.3292 37.0737 490
24.4938 37.0737 490
23.7551 37.225 492
22.9629 37.3007 493
22.302 37.6033 497
21.4547 37.6033 497
20.6075 37.6033 497
19.7602 37.6033 497
18.9129 37.6033 497
18.0657 37.6033 497
17.1491 37.452 495
16.3053 37.452 495
15.4614 37.452 495
14.5585 37.3007 493
13.7181 37.3007 493
1277.89 302.4 4089
1270.92 302.4 4089
1263.95 302.4 4089
1256.98 302.4 4089
1250.01 302.4 4089
1239.99 301.66 4079
1233.04 301.66 4079
1220.08 300.181 4059
1213.16 300.181 4059
1200.29 298.702 4039
1193.41 298.702 4039
1186.52 298.702 4039
1179.64 298.702 4039
1172.75 298.702 4039
1165.87 298.702 4039
1161.85 299.442 4049
1154.95 299.442 4049
1148.04 299.442 4049
1149.6 301.66 4079
1142.64 301.66 4079
1135.69 301.66 4079
1128.74 301.66 4079
1119.03 300.921 4069
1109.36 300.181 4059
1105.16 300.921 4069
1098.22 300.921 4069
1091.29 300.921 4069
1084.35 300.921 4069
1077.41 300.921 4069
1070.48 300.921 4069
1063.54 300.921 4069
1056.6 300.921 4069
1049.67 300.921 4069
1037.6 299.442 4049
1023.32 297.297 4020
1013.94 296.557 4010
1007.1 296.557 4010
993.282 294.487 3982
110.739 40.601 549
109.803 40.601 549
108.867 40.601 549
107.734 40.527 548
106.995 40.601 549
106.059 40.601 549
105.123 40.601 549
104.187 40.601 549
103.252 40.601 549
102.316 40.601 549
101.38 40.601 549
100.627 40.6749 550
99.6892 40.6749 550
98.7515 40.6749 550
97.9918 40.7489 551
97.0525 40.7489 551
96.1131 40.7489 551
95.1738 40.7489 551
94.2345 40.7489 551
93.4645 40.8229 552
92.5235 40.8229 552
91.5825 40.8229 552
90.8057 40.8968 553
89.8629 40.8968 553
89.081 40.9708 554
88.1366 40.9708 554
87.1921 40.9708 554
86.2477 40.9708 554
85.3033 40.9708 554
84.3588 40.9708 554
83.4144 40.9708 554
82.47 40.9708 554
81.5256 40.9708 554
80.5811 40.9708 554
79.6367 40.9708 554
78.9764 41.1187 556
78.0285 41.1187 556
77.0807 41.1187 556
76.1328 41.1187 556
75.3202 41.1926 557
74.3707 41.1926 557
73.4211 41.1926 557
49.064 37.7907 511
48.1929 37.7907 511
47.3217 37.7907 511
46.4506 37.7907 511
45.4903 37.7168 510
44.6209 37.7168 510
43.6657 37.6428 509
26.1645 36.2377 490
25.3292 36.2377 490
24.4938 36.2377 490
23.7551 36.3856 492
22.9629 36.4595 493
22.302 36.7554 497
21.4547 36.7554 497
20.6075 36.7554 497
19.7602 36.7554 497
18.9129 36.7554 497
18.0657 36.7554 497
17.1491 36.6075 495
16.3053 36.6075 495
15.4614 36.6075 495
14.5585 36.4595 493
13.7181 36.4595 493
1277.89 295.423 4089
1270.92 295.423 4089
1263.95 295.423 4089
1256.98 295.423 4089
1246.95 294.701 4079
1236.96 293.979 4069
1227 293.256 4059
1211.36 291.161 4030
1204.49 291.161 4030
1194.65 290.438 4020
1187.79 290.438 4020
1180.94 290.438 4020
1174.09 290.438 4020
1164.33 289.716 4010
1160.38 290.438 4020
1156.4 291.161 4030
1152.09 291.811 4039
1145.21 291.811 4039
1141.14 292.534 4049
1139.84 293.979 4069
1132.91 293.979 4069
1125.97 293.979 4069
1116.28 293.256 4059
1109.36 293.256 4059
1102.44 293.256 4059
1095.52 293.256 4059
1088.6 293.256 4059
1081.68 293.256 4059
1077.41 293.979 4069
1070.48 293.979 4069
1063.54 293.979 4069
1051.41 292.534 4049
1044.51 292.534 4049
1037.6 292.534 4049
1023.32 290.438 4020
1013.94 289.716 4010
1007.1 289.716 4010
993.282 287.693 3982
110.739 39.6643 549
109.803 39.6643 549
108.867 39.6643 549
107.734 39.5921 548
106.8 39.5921 548
105.866 39.5921 548
105.123 39.6643 549
104.187 39.6643 549
103.252 39.6643 549
102.129 39.5921 548
101.38 39.6643 549
100.627 39.7366 550
99.6892 39.7366 550
98.7515 39.7366 550
97.9918 39.8088 551
97.0525 39.8088 551
96.1131 39.8088 551
95.1738 39.8088 551
94.2345 39.8088 551
93.4645 39.8811 552
92.5235 39.8811 552
91.5825 39.8811 552
90.8057 39.9533 553
89.8629 39.9533 553
89.081 40.0256 554
88.1366 40.0256 554
87.1921 40.0256 554
86.2477 40.0256 554
85.3033 40.0256 554
84.3588 40.0256 554
83.4144 40.0256 554
82.47 40.0256 554
81.5256 40.0256 554
80.5811 40.0256 554
79.6367 40.0256 554
78.6923 40.0256 554
77.7478 40.0256 554
76.8034 40.0256 554
75.859 40.0256 554
74.9146 40.0256 554
73.9701 40.0256 554
72.7621 39.8811 552
49.064 36.9189 511
48.1929 36.9189 511
47.3217 36.9189 511
46.4506 36.9189 511
45.5795 36.9189 511
44.5334 36.7744 509
43.6657 36.7744 509
26.1111 35.3294 489
25.3292 35.4017 490
24.4938 35.4017 490
23.7551 35.5462 492
22.9629 35.6184 493
22.302 35.9074 497
21.4547 35.9074 497
20.6075 35.9074 497
19.7602 35.9074 497
18.9129 35.9074 497
17.993 35.7629 495
17.1491 35.7629 495
16.2394 35.6184 493
15.399 35.6184 493
14.5585 35.6184 493
13.6902 35.5462 492
1298.8 288.447 4089
1291.83 288.447 4089
1284.86 288.447 4089
1277.89 288.447 4089
1270.92 288.447 4089
1263.95 288.447 4089
1256.98 288.447 4089
1246.95 287.742 4079
1236.96 287.036 4069
1227 286.331 4059
1214.06 284.92 4039
1207.18 284.92 4039
1197.62 284.285 4030
1190.75 284.285 4030
1180.94 283.58 4020
1174.09 283.58 4020
1164.33 282.874 4010
1163.27 284.285 4030
1158.98 284.92 4039
1152.09 284.92 4039
1148.04 285.626 4049
1143.96 286.331 4059
1137.04 286.331 4059
1130.12 286.331 4059
1123.2 286.331 4059
1116.28 286.331 4059
1109.36 286.331 4059
1102.44 286.331 4059
1095.52 286.331 4059
1088.6 286.331 4059
1079.02 285.626 4049
1069.47 284.92 4039
1060.22 284.285 4030
1053.35 284.285 4030
110.739 38.7277 549
109.803 38.7277 549
108.867 38.7277 549
107.734 38.6572 548
106.8 38.6572 548
105.866 38.6572 548
104.932 38.6572 548
103.998 38.6572 548
103.063 38.6572 548
102.129 38.6572 548
101.195 38.6572 548
100.444 38.7277 549
99.5079 38.7277 549
98.572 38.7277 549
97.8139 38.7982 550
96.8763 38.7982 550
95.9387 38.7982 550
95.0011 38.7982 550
94.2345 38.8688 551
93.2952 38.8688 551
92.3559 38.8688 551
91.4166 38.8688 551
90.6414 38.9393 552
89.7004 38.9393 552
88.9202 39.0099 553
87.9775 39.0099 553
87.1921 39.0804 554
86.2477 39.0804 554
85.3033 39.0804 554
84.3588 39.0804 554
83.2639 39.0099 553
82.3211 39.0099 553
81.3784 39.0099 553
80.5811 39.0804 554
79.6367 39.0804 554
78.6923 39.0804 554
77.7478 39.0804 554
76.8034 39.0804 554
75.859 39.0804 554
74.9146 39.0804 554
73.9701 39.0804 554
72.7621 38.9393 552
49.064 36.0471 511
48.1929 36.0471 511
47.3217 36.0471 511
46.4506 36.0471 511
45.5795 36.0471 511
44.5334 35.906 509
43.6657 35.906 509
26.1111 34.4952 489
25.2775 34.4952 489
24.4439 34.4952 489
23.7551 34.7068 492
23.0095 34.8479 494
22.1674 34.8479 494
21.4547 35.0595 497
20.6075 35.0595 497
19.7602 35.0595 497
18.9129 35.0595 497
17.993 34.9184 495
17.1491 34.9184 495
16.2394 34.7773 493
15.399 34.7773 493
14.529 34.7068 492
13.6902 34.7068 492
1298.8 281.471 4089
1291.83 281.471 4089
1284.86 281.471 4089
1277.89 281.471 4089
1270.92 281.471 4089
1263.95 281.471 4089
1256.98 281.471 4089
1246.95 280.783 4079
1236.96 280.094 4069
1227 279.406 4059
1214.06 278.029 4039
1207.18 278.029 4039
1197.62 277.41 4030
1190.75 277.41 4030
1180.94 276.721 4020
1174.09 276.721 4020
1161.72 275.413 4001
1163.27 277.41 4030
1158.98 278.029 4039
1152.09 278.029 4039
1148.04 278.718 4049
1143.96 279.406 4059
1137.04 279.406 4059
1130.12 279.406 4059
1123.2 279.406 4059
1116.28 279.406 4059
1109.36 279.406 4059
1102.44 279.406 4059
1095.52 279.406 4059
1088.6 279.406 4059
1079.02 278.718 4049
1069.47 278.029 4039
1060.22 277.41 4030
1053.35 277.41 4030
112.816 37.8599 550
111.878 37.8599 550
110.94 37.8599 550
109.803 37.791 549
108.669 37.7222 548
107.734 37.7222 548
106.8 37.7222 548
105.866 37.7222 548
104.932 37.7222 548
103.998 37.7222 548
103.063 37.7222 548
102.129 37.7222 548
101.195 37.7222 548
100.261 37.7222 548
99.3267 37.7222 548
98.3924 37.7222 548
97.6361 37.791 549
96.7002 37.791 549
95.7643 37.791 549
94.8284 37.791 549
94.0635 37.8599 550
93.1259 37.8599 550
92.1883 37.8599 550
91.2507 37.8599 550
90.4772 37.9287 551
89.5379 37.9287 551
88.7594 37.9975 552
87.8184 37.9975 552
86.8774 37.9975 552
85.9363 37.9975 552
85.1493 38.0664 553
84.2066 38.0664 553
83.2639 38.0664 553
82.3211 38.0664 553
81.3784 38.0664 553
80.4357 38.0664 553
79.493 38.0664 553
78.5502 38.0664 553
77.6075 38.0664 553
76.6648 38.0664 553
75.7221 38.0664 553
74.7793 38.0664 553
73.7031 37.9975 552
72.7621 37.9975 552
49.064 35.1753 511
48.1929 35.1753 511
47.3217 35.1753 511
46.4506 35.1753 511
45.5795 35.1753 511
44.5334 35.0376 509
43.6657 35.0376 509
42.2934 34.6246 503
26.1111 33.6609 489
25.2775 33.6609 489
24.4439 33.6609 489
23.7551 33.8674 492
23.0095 34.0051 494
22.1674 34.0051 494
21.4547 34.2116 497
20.6075 34.2116 497
19.7602 34.2116 497
18.9129 34.2116 497
17.993 34.0739 495
17.1491 34.0739 495
16.2394 33.9362 493
15.399 33.9362 493
14.529 33.8674 492
13.6902 33.8674 492
1312.74 274.495 4089
1305.77 274.495 4089
1298.8 274.495 4089
1291.83 274.495 4089
1284.86 274.495 4089
1277.89 274.495 4089
1270.92 274.495 4089
1260.86 273.823 4079
1253.9 273.823 4079
1243.89 273.152 4069
1236.96 273.152 4069
1223.97 271.81 4049
1214.06 271.138 4039
1207.18 271.138 4039
1200.29 271.138 4039
1190.75 270.534 4030
1183.88 270.534 4030
1177.01 270.534 4030
1167.23 269.863 4020
1163.27 270.534 4030
1158.98 271.138 4039
1152.09 271.138 4039
1148.04 271.81 4049
1143.96 272.481 4059
1137.04 272.481 4059
1130.12 272.481 4059
1123.2 272.481 4059
1113.53 271.81 4049
1106.63 271.81 4049
1099.73 271.81 4049
1092.82 271.81 4049
1085.92 271.81 4049
1079.02 271.81 4049
1069.47 271.138 4039
1054.95 269.191 4010
116.68 37.2572 555
115.734 37.2572 555
114.787 37.2572 555
113.431 37.1229 553
111.878 36.9215 550
110.94 36.9215 550
109.803 36.8544 549
108.669 36.7873 548
107.734 36.7873 548
106.8 36.7873 548
105.866 36.7873 548
104.932 36.7873 548
103.998 36.7873 548
103.063 36.7873 548
102.129 36.7873 548
100.826 36.653 546
99.8949 36.653 546
99.1454 36.7201 547
98.2129 36.7201 547
97.4582 36.7873 548
96.524 36.7873 548
95.5898 36.7873 548
94.6556 36.7873 548
93.8925 36.8544 549
92.9566 36.8544 549
92.0207 36.8544 549
91.0847 36.8544 549
90.313 36.9215 550
89.5379 36.9887 551
88.5986 36.9887 551
87.6593 36.9887 551
86.8774 37.0558 552
85.9363 37.0558 552
84.9953 37.0558 552
84.0543 37.0558 552
83.1133 37.0558 552
82.1723 37.0558 552
81.2312 37.0558 552
80.2902 37.0558 552
79.3492 37.0558 552
78.5502 37.1229 553
77.6075 37.1229 553
76.6648 37.1229 553
75.5851 37.0558 552
74.6441 37.0558 552
73.7031 37.0558 552
72.7621 37.0558 552
49.064 34.3034 511
48.1929 34.3034 511
47.3217 34.3034 511
46.3597 34.2363 510
45.3119 34.1021 508
44.4459 34.1021 508
43.5799 34.1021 508
42.2934 33.7664 503
26.1111 32.8266 489
25.2775 32.8266 489
24.4439 32.8266 489
23.7551 33.028 492
23.0095 33.1622 494
22.1674 33.1622 494
21.4547 33.3636 497
20.6075 33.3636 497
19.7602 33.3636 497
18.9129 33.3636 497
17.993 33.2294 495
17.1491 33.2294 495
16.2394 33.0951 493
15.399 33.0951 493
14.529 33.028 492
13.6902 33.028 492
1312.74 267.518 4089
1305.77 267.518 4089
1298.8 267.518 4089
1285.51 266.21 4069
1278.57 266.21 4069
1271.64 266.21 4069
1264.7 266.21 4069
1245.71 263.658 4030
1241.61 264.247 4039
1234.72 264.247 4039
1227.84 264.247 4039
1220.95 264.247 4039
1214.06 264.247 4039
1207.18 264.247 4039
1200.29 264.247 4039
1190.75 263.658 4030
1183.88 263.658 4030
1177.01 263.658 4030
1167.23 263.004 4020
1163.27 263.658 4030
1158.98 264.247 4039
1152.09 264.247 4039
1148.04 264.901 4049
1143.96 265.556 4059
1137.04 265.556 4059
1130.12 265.556 4059
1123.2 265.556 4059
1110.78 264.247 4039
1103.9 264.247 4039
1097.01 264.247 4039
1092.82 264.901 4049
1085.92 264.901 4049
1079.02 264.901 4049
1067.09 263.658 4030
116.68 36.3103 555
115.734 36.3103 555
114.787 36.3103 555
113.431 36.1794 553
111.878 35.9832 550
110.94 35.9832 550
109.803 35.9177 549
108.669 35.8523 548
107.538 35.7869 547
106.605 35.7869 547
105.673 35.7869 547
104.549 35.7215 546
103.618 35.7215 546
102.687 35.7215 546
101.757 35.7215 546
100.826 35.7215 546
99.8949 35.7215 546
99.1454 35.7869 547
98.2129 35.7869 547
97.4582 35.8523 548
96.524 35.8523 548
95.5898 35.8523 548
94.6556 35.8523 548
93.8925 35.9177 549
92.9566 35.9177 549
92.0207 35.9177 549
91.0847 35.9177 549
90.313 35.9832 550
89.5379 36.0486 551
88.5986 36.0486 551
87.6593 36.0486 551
86.8774 36.114 552
85.9363 36.114 552
84.9953 36.114 552
84.0543 36.114 552
83.1133 36.114 552
82.1723 36.114 552
81.2312 36.114 552
80.2902 36.114 552
79.3492 36.114 552
78.4082 36.114 552
77.4672 36.114 552
76.5261 36.114 552
75.5851 36.114 552
74.6441 36.114 552
73.7031 36.114 552
72.6302 36.0486 551
48.0042 33.3008 509
47.1365 33.3008 509
46.2688 33.3008 509
45.2227 33.1699 507
44.3584 33.1699 507
43.3225 33.0391 505
42.2934 32.9082 503
25.9509 31.796 486
25.2775 31.9923 489
24.4439 31.9923 489
23.7551 32.1886 492
22.9629 32.254 493
22.1674 32.3194 494
21.4115 32.4503 496
20.566 32.4503 496
19.7204 32.4503 496
18.8749 32.4503 496
17.993 32.3848 495
17.1145 32.3194 494
16.2394 32.254 493
15.399 32.254 493
14.529 32.1886 492
13.6902 32.1886 492
1312.74 260.542 4089
1305.77 260.542 4089
1298.8 260.542 4089
1285.51 259.268 4069
1278.57 259.268 4069
1271.64 259.268 4069
1264.7 259.268 4069
1245.71 256.783 4030
1241.61 257.356 4039
1234.72 257.356 4039
1227.84 257.356 4039
1220.95 257.356 4039
1214.06 257.356 4039
1207.18 257.356 4039
1200.29 257.356 4039
1190.75 256.783 4030
1183.88 256.783 4030
1177.01 256.783 4030
1167.23 256.146 4020
1160.38 256.146 4020
1158.98 257.356 4039
1152.09 257.356 4039
1145.21 257.356 4039
1143.96 258.631 4059
1137.04 258.631 4059
1130.12 258.631 4059
1117.67 257.356 4039
117.626 35.3634 555
116.68 35.3634 555
115.734 35.3634 555
114.787 35.3634 555
113.431 35.236 553
111.878 35.0448 550
110.94 35.0448 550
109.803 34.9811 549
108.669 34.9174 548
107.538 34.8537 547
106.605 34.8537 547
105.48 34.7899 546
104.357 34.7262 545
103.428 34.7262 545
102.499 34.7262 545
101.57 34.7262 545
100.456 34.6625 544
99.529 34.6625 544
98.7829 34.7262 545
97.8538 34.7262 545
97.1026 34.7899 546
96.1718 34.7899 546
95.241 34.7899 546
94.3102 34.7899 546
93.7214 34.9174 548
92.7872 34.9174 548
91.853 34.9174 548
90.9188 34.9174 548
90.1488 34.9811 549
89.3754 35.0448 550
88.4378 35.0448 550
87.5002 35.0448 550
86.72 35.1085 551
85.7807 35.1085 551
84.8414 35.1085 551
84.0543 35.1722 552
83.1133 35.1722 552
82.1723 35.1722 552
81.2312 35.1722 552
80.2902 35.1722 552
79.3492 35.1722 552
78.4082 35.1722 552
77.4672 35.1722 552
76.5261 35.1722 552
75.5851 35.1722 552
74.6441 35.1722 552
73.7031 35.1722 552
72.6302 35.1085 551
45.7234 32.0501 503
44.8659 32.0501 503
44.0084 32.0501 503
43.1509 32.0501 503
42.2094 31.9863 502
26.7243 30.9031 485
25.9509 30.9669 486
25.2258 31.0943 488
24.3939 31.0943 488
23.562 31.0943 488
22.9163 31.3492 492
22.1674 31.4766 494
21.3252 31.4766 494
20.5245 31.5403 495
19.6807 31.5403 495
18.8368 31.5403 495
17.9566 31.4766 494
17.1145 31.4766 494
16.2065 31.3492 492
15.3677 31.3492 492
14.529 31.3492 492
13.6624 31.2855 491
1306.32 252.326 4069
1299.38 252.326 4069
1292.45 252.326 4069
1285.51 252.326 4069
1278.57 252.326 4069
1271.64 252.326 4069
1249.47 249.287 4020
1242.62 249.287 4020
1238.84 249.907 4030
1231.97 249.907 4030
1227.84 250.465 4039
1220.95 250.465 4039
1214.06 250.465 4039
1207.18 250.465 4039
1197.62 249.907 4030
1190.75 249.907 4030
1183.88 249.907 4030
1174.09 249.287 4020
1167.23 249.287 4020
1165.87 250.465 4039
1167.59 252.326 4069
1160.65 252.326 4069
1153.72 252.326 4069
1146.78 252.326 4069
1139.84 252.326 4069
1132.91 252.326 4069
1117.67 250.465 4039
142.697 35.7188 576
141.715 35.7188 576
140.733 35.7188 576
139.751 35.7188 576
138.769 35.7188 576
137.788 35.7188 576
130.232 35.5327 573
129.255 35.5327 573
128.278 35.5327 573
127.08 35.4707 572
117.626 34.4165 555
116.68 34.4165 555
115.734 34.4165 555
114.374 34.2925 553
113.226 34.2305 552
111.878 34.1064 550
110.94 34.1064 550
109.603 33.9824 548
108.47 33.9204 547
107.145 33.7964 545
106.216 33.7964 545
105.286 33.7964 545
104.357 33.7964 545
103.428 33.7964 545
102.499 33.7964 545
101.384 33.7344 544
100.456 33.7344 544
99.529 33.7344 544
98.6016 33.7344 544
97.6743 33.7344 544
96.9247 33.7964 545
95.9956 33.7964 545
95.0665 33.7964 545
94.1375 33.7964 545
93.2084 33.7964 545
92.2793 33.7964 545
91.5178 33.8584 546
90.587 33.8584 546
89.8204 33.9204 547
89.0504 33.9824 548
88.1162 33.9824 548
87.182 33.9824 548
86.4052 34.0444 549
85.4693 34.0444 549
84.6874 34.1064 550
83.7498 34.1064 550
82.8121 34.1064 550
82.0234 34.1685 551
81.0841 34.1685 551
80.1448 34.1685 551
79.2055 34.1685 551
78.4082 34.2305 552
77.4672 34.2305 552
76.5261 34.2305 552
45.7234 31.1919 503
44.8659 31.1919 503
44.0084 31.1919 503
43.1509 31.1919 503
42.2094 31.1299 502
26.7243 30.0757 485
25.9509 30.1377 486
25.2258 30.2617 488
24.3939 30.2617 488
23.562 30.2617 488
22.8698 30.4478 491
22.0327 30.4478 491
21.1957 30.4478 491
20.4831 30.6338 494
19.6409 30.6338 494
18.7988 30.6338 494
17.9566 30.6338 494
17.0798 30.5718 493
16.2065 30.5098 492
15.3677 30.5098 492
14.4995 30.4478 491
1319.71 246.59 4089
1312.74 246.59 4089
1305.77 246.59 4089
1292.45 245.384 4069
1285.51 245.384 4069
1278.57 245.384 4069
1271.64 245.384 4069
1249.47 242.429 4020
1242.62 242.429 4020
1241.61 243.574 4039
1234.72 243.574 4039
1230.88 244.177 4049
1223.97 244.177 4049
1217.07 244.177 4049
1207.18 243.574 4039
1197.62 243.032 4030
1190.75 243.032 4030
1183.88 243.032 4030
1177.01 243.032 4030
1170.14 243.032 4030
1165.87 243.574 4039
1167.59 245.384 4069
1160.65 245.384 4069
1153.72 245.384 4069
1146.78 245.384 4069
1139.84 245.384 4069
1132.91 245.384 4069
142.697 34.736 576
141.715 34.736 576
140.733 34.736 576
139.751 34.736 576
138.769 34.736 576
137.788 34.736 576
133.395 34.6154 574
132.416 34.6154 574
131.438 34.6154 574
130.232 34.5551 573
129.255 34.5551 573
128.278 34.5551 573
127.08 34.4948 572
117.626 33.4696 555
116.68 33.4696 555
115.734 33.4696 555
114.374 33.349 553
113.226 33.2887 552
111.878 33.1681 550
110.94 33.1681 550
109.603 33.0475 548
108.47 32.9872 547
107.145 32.8666 545
106.216 32.8666 545
105.286 32.8666 545
104.357 32.8666 545
103.428 32.8666 545
102.499 32.8666 545
101.384 32.8063 544
100.456 32.8063 544
99.3461 32.7459 543
98.4204 32.7459 543
97.4947 32.7459 543
96.7469 32.8063 544
95.8195 32.8063 544
94.8921 32.8063 544
93.9647 32.8063 544
93.0373 32.8063 544
92.11 32.8063 544
91.3502 32.8666 545
90.4211 32.8666 545
89.492 32.8666 545
88.7254 32.9269 546
87.7946 32.9269 546
86.8638 32.9269 546
86.0904 32.9872 547
85.1579 32.9872 547
84.2254 32.9872 547
83.2929 32.9872 547
82.511 33.0475 548
81.5768 33.0475 548
80.6426 33.0475 548
79.7084 33.0475 548
78.6305 32.9872 547
77.698 32.9872 547
76.7655 32.9872 547
45.6325 30.2734 502
44.7767 30.2734 502
43.9209 30.2734 502
43.0651 30.2734 502
42.2094 30.2734 502
26.7243 29.2482 485
25.8975 29.2482 485
25.0707 29.2482 485
24.2439 29.2482 485
23.3688 29.1879 484
22.8698 29.6101 491
22.0327 29.6101 491
21.1957 29.6101 491
20.4831 29.791 494
19.6409 29.791 494
18.7988 29.791 494
17.9566 29.791 494
17.0798 29.7307 493
16.2065 29.6704 492
15.3677 29.6704 492
14.4995 29.6101 491
1354.57 239.613 4089
1347.6 239.613 4089
1340.62 239.613 4089
1326.68 239.613 4089
1319.71 239.613 4089
1312.74 239.613 4089
1305.77 239.613 4089
1292.45 238.441 4069
1282.35 237.855 4059
1275.43 237.855 4059
1268.51 237.855 4059
1249.47 235.57 4020
1242.62 235.57 4020
1244.68 237.269 4049
1237.78 237.269 4049
1230.88 237.269 4049
1223.97 237.269 4049
1217.07 237.269 4049
1210.17 237.269 4049
1197.62 236.156 4030
1190.75 236.156 4030
1183.88 236.156 4030
1177.01 236.156 4030
1170.14 236.156 4030
1174.53 238.441 4069
1167.59 238.441 4069
1160.65 238.441 4069
1153.72 238.441 4069
1146.78 238.441 4069
1139.84 238.441 4069
1132.91 238.441 4069
142.697 33.7533 576
141.715 33.7533 576
140.733 33.7533 576
139.751 33.7533 576
138.769 33.7533 576
137.788 33.7533 576
136.806 33.7533 576
135.588 33.6947 575
134.374 33.6361 574
133.395 33.6361 574
132.416 33.6361 574
131.438 33.6361 574
130.232 33.5775 573
129.255 33.5775 573
128.278 33.5775 573
127.08 33.5189 572
116.049 32.3469 552
115.108 32.3469 552
114.167 32.3469 552
112.816 32.2297 550
111.675 32.1711 549
110.739 32.1711 549
109.403 32.0539 547
108.47 32.0539 547
107.145 31.9367 545
106.216 31.9367 545
105.093 31.8781 544
104.166 31.8781 544
103.049 31.8195 543
102.123 31.8195 543
101.197 31.8195 543
100.272 31.8195 543
99.3461 31.8195 543
98.4204 31.8195 543
97.4947 31.8195 543
96.7469 31.8781 544
95.8195 31.8781 544
94.8921 31.8781 544
93.9647 31.8781 544
93.0373 31.8781 544
92.11 31.8781 544
91.3502 31.9367 545
90.4211 31.9367 545
89.492 31.9367 545
88.7254 31.9953 546
87.7946 31.9953 546
86.8638 31.9953 546
86.0904 32.0539 547
85.1579 32.0539 547
84.2254 32.0539 547
83.2929 32.0539 547
82.511 32.1125 548
81.5768 32.1125 548
80.6426 32.1125 548
79.7084 32.1125 548
78.6305 32.0539 547
77.698 32.0539 547
76.7655 32.0539 547
50.4638 29.2412 499
49.6131 29.2412 499
48.7625 29.2412 499
48.1038 29.3584 501
47.3441 29.417 502
46.4883 29.417 502
45.6325 29.417 502
44.7767 29.417 502
43.9209 29.417 502
42.9794 29.3584 501
41.9571 29.2412 499
26.7243 28.4208 485
25.8975 28.4208 485
25.0707 28.4208 485
24.2439 28.4208 485
23.3688 28.3622 484
22.5437 28.3622 484
21.7186 28.3622 484
19.6012 28.8896 493
18.7607 28.8896 493
17.9203 28.8896 493
17.0452 28.831 492
16.1735 28.7724 491
15.3365 28.7724 491
14.4995 28.7724 491
1354.57 232.637 4089
1347.6 232.637 4089
1340.62 232.637 4089
1326.68 232.637 4089
1319.71 232.637 4089
1312.74 232.637 4089
1305.77 232.637 4089
1292.45 231.499 4069
1282.35 230.93 4059
1275.43 230.93 4059
1268.51 230.93 4059
1249.47 228.712 4020
1242.62 228.712 4020
1244.68 230.361 4049
1237.78 230.361 4049
1230.88 230.361 4049
1223.97 230.361 4049
1217.07 230.361 4049
1210.17 230.361 4049
1197.62 229.28 4030
1190.75 229.28 4030
1183.88 229.28 4030
1177.01 229.28 4030
1170.14 229.28 4030
1174.53 231.499 4069
1167.59 231.499 4069
1160.65 231.499 4069
1153.72 231.499 4069
142.697 32.7706 576
141.715 32.7706 576
140.733 32.7706 576
139.751 32.7706 576
138.769 32.7706 576
137.788 32.7706 576
136.806 32.7706 576
135.588 32.7137 575
134.374 32.6568 574
133.395 32.6568 574
132.416 32.6568 574
131.438 32.6568 574
130.005 32.543 572
129.03 32.543 572
128.055 32.543 572
126.635 32.4292 570
116.049 31.4052 552
115.108 31.4052 552
114.167 31.4052 552
113.021 31.3483 551
111.878 31.2914 550
110.94 31.2914 550
109.603 31.1776 548
108.47 31.1207 547
107.145 31.0069 545
106.216 31.0069 545
105.093 30.95 544
103.974 30.8931 543
103.049 30.8931 543
102.123 30.8931 543
101.197 30.8931 543
100.087 30.8362 542
99.1631 30.8362 542
98.4204 30.8931 543
97.4947 30.8931 543
96.569 30.8931 543
95.6433 30.8931 543
94.7177 30.8931 543
93.792 30.8931 543
92.8663 30.8931 543
91.9406 30.8931 543
91.1826 30.95 544
90.2552 30.95 544
89.3278 30.95 544
88.5629 31.0069 545
87.7946 31.0638 546
86.8638 31.0638 546
85.9331 31.0638 546
85.0023 31.0638 546
84.0715 31.0638 546
83.1407 31.0638 546
82.2099 31.0638 546
81.2791 31.0638 546
80.4955 31.1207 547
79.563 31.1207 547
78.6305 31.1207 547
51.3145 28.3898 499
50.4638 28.3898 499
49.6131 28.3898 499
48.7625 28.3898 499
48.1038 28.5036 501
47.3441 28.5605 502
46.4883 28.5605 502
45.6325 28.5605 502
44.7767 28.5605 502
43.9209 28.5605 502
42.8078 28.3898 499
41.9571 28.3898 499
25.8441 27.5364 484
25.019 27.5364 484
24.1939 27.5364 484
23.3688 27.5364 484
22.5437 27.5364 484
21.7186 27.5364 484
19.5614 27.9916 492
18.7227 27.9916 492
17.8839 27.9916 492
17.0452 27.9916 492
16.1735 27.9347 491
15.3365 27.9347 491
14.4699 27.8778 490
1354.57 225.661 4089
1347.6 225.661 4089
1340.62 225.661 4089
1326.68 225.661 4089
1319.71 225.661 4089
1312.74 225.661 4089
1305.77 225.661 4089
1289.27 224.005 4059
1282.35 224.005 4059
1275.43 224.005 4059
1268.51 224.005 4059
1249.47 221.853 4020
1236.75 220.804 4001
1244.68 223.453 4049
1237.78 223.453 4049
1230.88 223.453 4049
1223.97 223.453 4049
1217.07 223.453 4049
1210.17 223.453 4049
1197.62 222.405 4030
1190.75 222.405 4030
1183.88 222.405 4030
1177.01 222.405 4030
1170.14 222.405 4030
1174.53 224.557 4069
1167.59 224.557 4069
1160.65 224.557 4069
1153.72 224.557 4069
142.697 31.7879 576
141.715 31.7879 576
140.733 31.7879 576
139.751 31.7879 576
138.769 31.7879 576
137.788 31.7879 576
136.806 31.7879 576
135.588 31.7327 575
134.374 31.6775 574
133.395 31.6775 574
132.416 31.6775 574
131.209 31.6223 573
130.005 31.5671 572
129.03 31.5671 572
127.607 31.4568 570
126.635 31.4568 570
125.002 31.2912 567
124.035 31.2912 567
117.202 30.5186 553
116.259 30.5186 553
115.317 30.5186 553
114.374 30.5186 553
113.226 30.4634 552
112.285 30.4634 552
110.94 30.353 550
109.603 30.2426 548
108.47 30.1875 547
107.145 30.0771 545
106.216 30.0771 545
104.9 29.9667 543
103.974 29.9667 543
103.049 29.9667 543
102.123 29.9667 543
101.011 29.9115 542
100.087 29.9115 542
99.1631 29.9115 542
98.2391 29.9115 542
97.3152 29.9115 542
96.569 29.9667 543
95.6433 29.9667 543
94.7177 29.9667 543
93.792 29.9667 543
92.8663 29.9667 543
91.9406 29.9667 543
91.015 29.9667 543
90.0893 29.9667 543
89.3278 30.0219 544
88.4004 30.0219 544
87.473 30.0219 544
86.5457 30.0219 544
85.6183 30.0219 544
84.6909 30.0219 544
83.7635 30.0219 544
82.8361 30.0219 544
82.0593 30.0771 545
81.1302 30.0771 545
80.2011 30.0771 545
79.272 30.0771 545
51.3145 27.5385 499
50.4638 27.5385 499
49.6131 27.5385 499
48.7625 27.5385 499
48.1038 27.6488 501
47.3441 27.704 502
46.4883 27.704 502
45.6325 27.704 502
44.7767 27.704 502
43.9209 27.704 502
42.8078 27.5385 499
41.9571 27.5385 499
25.8441 26.7107 484
25.019 26.7107 484
24.1939 26.7107 484
23.3688 26.7107 484
22.5437 26.7107 484
21.7186 26.7107 484
18.6846 27.097 491
17.8476 27.097 491
17.0105 27.097 491
16.1735 27.097 491
15.3365 27.097 491
14.4699 27.0418 490
1368.51 218.685 4089
1361.54 218.685 4089
1354.57 218.685 4089
1347.6 218.685 4089
1340.62 218.685 4089
1333.65 218.685 4089
1326.68 218.685 4089
1319.71 218.685 4089
1312.74 218.685 4089
1305.77 218.685 4089
1289.27 217.08 4059
1279.19 216.545 4049
1272.29 216.545 4049
1262.26 216.011 4039
1243.57 213.978 4001
1233.65 213.443 3991
1244.68 216.545 4049
1237.78 216.545 4049
1230.88 216.545 4049
1223.97 216.545 4049
1217.07 216.545 4049
1210.17 216.545 4049
1197.62 215.529 4030
1190.75 215.529 4030
1183.88 215.529 4030
139.751 30.8052 576
138.769 30.8052 576
137.788 30.8052 576
136.568 30.7517 575
135.588 30.7517 575
134.374 30.6982 574
133.395 30.6982 574
132.416 30.6982 574
131.209 30.6447 573
130.005 30.5912 572
129.03 30.5912 572
127.607 30.4843 570
126.635 30.4843 570
125.002 30.3238 567
124.035 30.3238 567
122.418 30.1634 564
118.999 29.789 557
118.05 29.789 557
117.1 29.789 557
115.317 29.5751 553
114.374 29.5751 553
113.226 29.5216 552
112.285 29.5216 552
110.94 29.4147 550
109.603 29.3077 548
108.47 29.2542 547
107.145 29.1473 545
106.216 29.1473 545
104.9 29.0403 543
103.974 29.0403 543
103.049 29.0403 543
102.123 29.0403 543
101.011 28.9868 542
100.087 28.9868 542
98.9801 28.9333 541
98.2391 28.9868 542
97.3152 28.9868 542
96.3912 28.9868 542
95.4672 28.9868 542
94.5432 28.9868 542
93.6193 28.9868 542
92.6953 28.9868 542
91.9406 29.0403 543
91.015 29.0403 543
90.0893 29.0403 543
89.3278 29.0938 544
88.4004 29.0938 544
87.473 29.0938 544
86.5457 29.0938 544
85.6183 29.0938 544
84.6909 29.0938 544
83.7635 29.0938 544
82.8361 29.0938 544
81.9087 29.0938 544
81.1302 29.1473 545
80.2011 29.1473 545
79.272 29.1473 545
51.3145 26.6871 499
50.4638 26.6871 499
49.6131 26.6871 499
48.7625 26.6871 499
48.1038 26.7941 501
47.2497 26.7941 501
46.3957 26.7941 501
45.6325 26.8476 502
44.7767 26.8476 502
43.9209 26.8476 502
42.8078 26.6871 499
25.15 25.1896 471
25.019 25.8849 484
24.1939 25.8849 484
23.3688 25.8849 484
22.5437 25.8849 484
21.7186 25.8849 484
18.6846 26.2593 491
17.8476 26.2593 491
17.0105 26.2593 491
16.1735 26.2593 491
15.3365 26.2593 491
14.4699 26.2058 490
1368.51 211.708 4089
1361.54 211.708 4089
1354.57 211.708 4089
1347.6 211.708 4089
1340.62 211.708 4089
1333.65 211.708 4089
1326.68 211.708 4089
1319.71 211.708 4089
1312.74 211.708 4089
1302.58 211.191 4079
1289.27 210.155 4059
1279.19 209.637 4049
1272.29 209.637 4049
1262.26 209.12 4039
1240.46 206.634 3991
1230.87 206.168 3982
1224.08 206.168 3982
1217.3 206.168 3982
1230.88 209.637 4049
1223.97 209.637 4049
1217.07 209.637 4049
1207.18 209.12 4039
1197.62 208.654 4030
146.838 29.6671 573
145.861 29.6671 573
144.884 29.6671 573
143.908 29.6671 573
138.781 29.6154 572
138.529 29.7707 575
137.548 29.7707 575
136.568 29.7707 575
135.352 29.7189 574
134.374 29.7189 574
133.395 29.7189 574
132.416 29.7189 574
130.98 29.6154 572
130.005 29.6154 572
129.03 29.6154 572
127.607 29.5118 570
126.191 29.4083 568
125.002 29.3565 567
124.035 29.3565 567
122.418 29.2012 564
118.999 28.8387 557
118.05 28.8387 557
117.1 28.8387 557
115.317 28.6316 553
114.374 28.6316 553
113.226 28.5799 552
112.285 28.5799 552
110.94 28.4763 550
109.603 28.3728 548
108.47 28.321 547
107.145 28.2174 545
106.216 28.2174 545
104.9 28.1139 543
103.974 28.1139 543
102.859 28.0621 542
101.935 28.0621 542
101.011 28.0621 542
100.087 28.0621 542
98.9801 28.0103 541
98.2391 28.0621 542
97.3152 28.0621 542
96.3912 28.0621 542
95.4672 28.0621 542
94.5432 28.0621 542
93.6193 28.0621 542
92.6953 28.0621 542
91.9406 28.1139 543
91.015 28.1139 543
90.0893 28.1139 543
89.3278 28.1657 544
88.4004 28.1657 544
87.473 28.1657 544
86.5457 28.1657 544
85.6183 28.1657 544
84.6909 28.1657 544
83.7635 28.1657 544
82.8361 28.1657 544
81.9087 28.1657 544
81.1302 28.2174 545
80.2011 28.2174 545
79.272 28.2174 545
51.3145 25.8358 499
50.4638 25.8358 499
49.6131 25.8358 499
48.7625 25.8358 499
47.9118 25.8358 499
47.1554 25.8876 500
46.3031 25.8876 500
45.5416 25.9393 501
44.6875 25.9393 501
43.8334 25.9393 501
26.6422 24.2825 469
25.8427 24.2825 469
25.15 24.3861 471
24.347 24.3861 471
23.5441 24.3861 471
22.6446 24.2825 469
21.7519 24.179 467
20.7763 23.9719 463
1368.51 204.732 4089
1361.54 204.732 4089
1354.57 204.732 4089
1347.6 204.732 4089
1340.62 204.732 4089
1333.65 204.732 4089
1326.68 204.732 4089
1319.71 204.732 4089
1312.74 204.732 4089
1302.58 204.231 4079
1289.27 203.23 4059
1279.19 202.729 4049
1272.29 202.729 4049
1262.26 202.229 4039
1240.46 199.825 3991
1230.87 199.375 3982
1224.08 199.375 3982
1217.3 199.375 3982
1230.88 202.729 4049
1223.97 202.729 4049
1217.07 202.729 4049
1207.18 202.229 4039
1197.62 201.778 4030
146.838 28.6895 573
145.861 28.6895 573
144.884 28.6895 573
143.908 28.6895 573
138.781 28.6395 572
138.288 28.7396 574
137.309 28.7396 574
136.331 28.7396 574
135.352 28.7396 574
134.139 28.6895 573
133.163 28.6895 573
131.955 28.6395 572
130.98 28.6395 572
129.55 28.5393 570
128.579 28.5393 570
127.383 28.4893 569
125.969 28.3891 567
124.782 28.3391 566
123.817 28.3391 566
122.418 28.2389 564
121.026 28.1388 562
119.854 28.0887 561
118.686 28.0386 560
117.731 28.0386 560
115.525 27.7382 554
114.374 27.6882 553
113.226 27.6381 552
112.285 27.6381 552
110.94 27.5379 550
109.603 27.4378 548
108.074 27.2876 545
106.948 27.2375 544
106.021 27.2375 544
104.9 27.1875 543
103.783 27.1374 542
102.669 27.0873 541
101.747 27.0873 541
100.825 27.0873 541
99.9024 27.0873 541
98.9801 27.0873 541
98.0579 27.0873 541
97.1356 27.0873 541
96.2133 27.0873 541
95.2911 27.0873 541
94.5432 27.1374 542
93.6193 27.1374 542
92.6953 27.1374 542
91.7713 27.1374 542
90.8473 27.1374 542
89.9234 27.1374 542
89.1636 27.1875 543
88.4004 27.2375 544
87.473 27.2375 544
86.5457 27.2375 544
85.6183 27.2375 544
84.6909 27.2375 544
83.7635 27.2375 544
82.8361 27.2375 544
81.9087 27.2375 544
80.9814 27.2375 544
80.054 27.2375 544
51.9561 24.8843 497
51.3145 24.9844 499
50.4638 24.9844 499
49.6131 24.9844 499
48.7625 24.9844 499
47.9118 24.9844 499
47.1554 25.0345 500
46.3031 25.0345 500
45.4507 25.0345 500
27.5588 23.5825 471
26.7558 23.5825 471
25.9529 23.5825 471
25.0432 23.4824 469
24.2436 23.4824 469
23.2442 23.2821 465
22.4514 23.2821 465
21.6587 23.2821 465
20.7763 23.1819 463
1368.75 196.789 4069
1368.51 197.756 4089
1361.54 197.756 4089
1354.57 197.756 4089
1347.6 197.756 4089
1340.62 197.756 4089
1333.65 197.756 4089
1326.68 197.756 4089
1319.71 197.756 4089
1312.74 197.756 4089
1302.58 197.272 4079
1289.27 196.305 4059
1276.03 195.338 4039
1269.15 195.338 4039
1253.2 193.935 4010
1240.46 193.016 3991
1227.78 192.097 3972
1224.08 192.581 3982
1217.3 192.581 3982
1213.24 193.016 3991
1206.44 193.016 3991
1199.64 193.016 3991
1192.83 193.016 3991
146.838 27.7119 573
145.861 27.7119 573
144.884 27.7119 573
143.908 27.7119 573
140.485 27.6152 571
139.512 27.6152 571
138.781 27.6636 572
138.288 27.7603 574
137.309 27.7603 574
136.331 27.7603 574
135.352 27.7603 574
134.139 27.7119 573
133.163 27.7119 573
131.955 27.6636 572
130.98 27.6636 572
129.323 27.5185 569
128.353 27.5185 569
126.935 27.4218 567
125.746 27.3734 566
124.561 27.325 565
123.598 27.325 565
122.418 27.2767 564
121.026 27.1799 562
119.854 27.1316 561
118.686 27.0832 560
117.731 27.0832 560
115.525 26.793 554
114.374 26.7447 553
113.021 26.648 551
112.082 26.648 551
110.537 26.5029 548
109.203 26.4061 546
107.875 26.3094 544
106.751 26.2611 543
105.826 26.2611 543
104.707 26.2127 542
103.591 26.1643 541
102.669 26.1643 541
101.747 26.1643 541
100.825 26.1643 541
99.9024 26.1643 541
98.9801 26.1643 541
98.0579 26.1643 541
97.1356 26.1643 541
96.2133 26.1643 541
95.2911 26.1643 541
94.3688 26.1643 541
93.4465 26.1643 541
92.5243 26.1643 541
91.602 26.1643 541
90.8473 26.2127 542
89.9234 26.2127 542
88.9994 26.2127 542
88.2379 26.2611 543
87.3122 26.2611 543
86.3866 26.2611 543
85.4609 26.2611 543
84.5352 26.2611 543
83.7635 26.3094 544
82.8361 26.3094 544
81.9087 26.3094 544
51.9561 24.0364 497
51.2116 24.0847 498
50.3627 24.0847 498
49.5137 24.0847 498
48.6647 24.0847 498
47.8158 24.0847 498
46.9668 24.0847 498
46.1178 24.0847 498
45.2689 24.0847 498
27.5588 22.7789 471
26.7558 22.7789 471
25.9529 22.7789 471
25.0432 22.6822 469
24.2436 22.6822 469
23.2442 22.4887 465
22.4514 22.4887 465
21.6587 22.4887 465
20.7763 22.392 463
19.9007 22.2953 461
19.1148 22.2953 461
1368.75 189.846 4069
1361.81 189.846 4069
1354.88 189.846 4069
1347.94 189.846 4069
1344.3 190.313 4079
1337.35 190.313 4079
1330.39 190.313 4079
1323.44 190.313 4079
1316.49 190.313 4079
1309.53 190.313 4079
1293 188.913 4049
1282.92 188.447 4039
1266.87 187.094 4010
1260.04 187.094 4010
1247.26 186.207 3991
1228.65 184.434 3953
1219.13 184.014 3944
1212.4 184.014 3944
1205.68 184.014 3944
1210.51 185.787 3982
1203.72 185.787 3982
1196.93 185.787 3982
1190.14 185.787 3982
146.838 26.7343 573
145.861 26.7343 573
144.884 26.7343 573
143.908 26.7343 573
140.485 26.641 571
139.512 26.641 571
138.781 26.6877 572
137.806 26.6877 572
136.831 26.6877 572
135.856 26.6877 572
134.88 26.6877 572
133.905 26.6877 572
132.93 26.6877 572
131.724 26.641 571
130.522 26.5944 570
129.323 26.5477 569
128.353 26.5477 569
126.935 26.4544 567
125.746 26.4077 566
124.561 26.3611 565
123.598 26.3611 565
122.418 26.3144 564
121.026 26.2211 562
119.854 26.1745 561
118.686 26.1278 560
117.731 26.1278 560
115.525 25.8479 554
114.374 25.8012 553
113.021 25.7079 551
112.082 25.7079 551
110.537 25.5679 548
109.203 25.4746 546
107.875 25.3813 544
106.751 25.3346 543
105.826 25.3346 543
104.707 25.288 542
103.591 25.2413 541
102.669 25.2413 541
101.747 25.2413 541
100.825 25.2413 541
99.9024 25.2413 541
98.9801 25.2413 541
98.0579 25.2413 541
96.9561 25.1947 540
96.2133 25.2413 541
95.2911 25.2413 541
94.3688 25.2413 541
93.4465 25.2413 541
92.5243 25.2413 541
91.602 25.2413 541
90.6797 25.2413 541
89.7575 25.2413 541
88.9994 25.288 542
88.0754 25.288 542
87.1515 25.288 542
86.2275 25.288 542
85.3035 25.288 542
84.3795 25.288 542
83.4556 25.288 542
82.5316 25.288 542
51.9561 23.1884 497
51.2116 23.2351 498
50.3627 23.2351 498
49.5137 23.2351 498
48.6647 23.2351 498
47.7198 23.1884 497
46.8725 23.1884 497
46.0252 23.1884 497
45.178 23.1884 497
27.5588 21.9753 471
26.7558 21.9753 471
25.9529 21.9753 471
25.0432 21.882 469
24.0369 21.6954 465
23.1442 21.6021 463
22.3549 21.6021 463
21.5656 21.6021 463
20.7314 21.5554 462
19.9007 21.5088 461
19.1148 21.5088 461
1455.56 183.354 4079
1448.6 183.354 4079
1441.65 183.354 4079
1379.07 183.354 4079
1372.11 183.354 4079
1365.16 183.354 4079
1354.88 182.904 4069
1347.94 182.904 4069
1337.71 182.455 4059
1330.79 182.455 4059
1323.87 182.455 4059
1313.71 182.005 4049
1306.8 182.005 4049
1299.9 182.005 4049
1283.74 180.702 4020
1273.71 180.252 4010
1260.87 179.398 3991
1254.07 179.398 3991
1238.51 178.14 3963
1219.94 176.431 3925
1210.47 176.027 3916
1206.56 176.431 3925
1199.87 176.431 3925
1207.47 178.544 3972
1203.72 178.994 3982
1196.93 178.994 3982
1190.14 178.994 3982
146.582 25.7118 572
145.861 25.7567 573
144.884 25.7567 573
143.908 25.7567 573
142.931 25.7567 573
141.954 25.7567 573
140.977 25.7567 573
140 25.7567 573
138.781 25.7118 572
137.806 25.7118 572
136.831 25.7118 572
135.856 25.7118 572
134.88 25.7118 572
133.671 25.6668 571
132.698 25.6668 571
131.494 25.6219 570
130.293 25.5769 569
129.096 25.532 568
128.127 25.532 568
126.711 25.4421 566
125.746 25.4421 566
124.341 25.3522 564
123.379 25.3522 564
122.201 25.3072 563
121.026 25.2623 562
119.854 25.2173 561
118.686 25.1724 560
117.731 25.1724 560
115.525 24.9027 554
114.167 24.8128 552
112.816 24.7229 550
111.878 24.7229 550
110.134 24.5431 546
108.803 24.4532 544
107.479 24.3633 542
106.358 24.3183 541
105.436 24.3183 541
104.514 24.3183 541
103.591 24.3183 541
102.479 24.2734 540
101.559 24.2734 540
100.638 24.2734 540
99.7178 24.2734 540
98.7972 24.2734 540
97.8766 24.2734 540
96.9561 24.2734 540
96.2133 24.3183 541
95.2911 24.3183 541
94.3688 24.3183 541
93.4465 24.3183 541
92.5243 24.3183 541
91.602 24.3183 541
90.6797 24.3183 541
89.7575 24.3183 541
88.9994 24.3633 542
88.0754 24.3633 542
87.1515 24.3633 542
86.2275 24.3633 542
85.3035 24.3633 542
84.3795 24.3633 542
83.4556 24.3633 542
82.5316 24.3633 542
51.9561 22.3405 497
51.2116 22.3854 498
50.3627 22.3854 498
49.5137 22.3854 498
48.6647 22.3854 498
47.8158 22.3854 498
46.9668 22.3854 498
46.0252 22.3405 497
45.0871 22.2955 496
28.917 20.992 467
28.1208 20.992 467
27.4417 21.0819 469
26.6422 21.0819 469
25.8427 21.0819 469
24.8296 20.9021 465
23.9335 20.8122 463
23.0942 20.7672 462
22.3066 20.7672 462
21.519 20.7672 462
20.6865 20.7223 461
19.9007 20.7223 461
19.1148 20.7223 461
1455.56 176.395 4079
1448.6 176.395 4079
1441.65 176.395 4079
1379.07 176.395 4079
1372.11 176.395 4079
1365.16 176.395 4079
1354.88 175.962 4069
1347.94 175.962 4069
1337.71 175.53 4059
1330.79 175.53 4059
1323.87 175.53 4059
1313.71 175.097 4049
1306.8 175.097 4049
1299.9 175.097 4049
1283.74 173.843 4020
1273.71 173.411 4010
1260.87 172.589 3991
1254.07 172.589 3991
1238.51 171.378 3963
1219.94 169.735 3925
1210.47 169.346 3916
1206.56 169.735 3925
1199.87 169.735 3925
1207.47 171.767 3972
1203.72 172.2 3982
1196.93 172.2 3982
1190.14 172.2 3982
145.861 24.7791 573
144.884 24.7791 573
143.908 24.7791 573
142.931 24.7791 573
141.954 24.7791 573
140.977 24.7791 573
140 24.7791 573
138.781 24.7359 572
137.565 24.6927 571
136.591 24.6927 571
135.618 24.6927 571
134.645 24.6927 571
133.437 24.6494 570
132.465 24.6494 570
131.263 24.6062 569
130.293 24.6062 569
129.096 24.5629 568
128.127 24.5629 568
126.711 24.4764 566
125.524 24.4332 565
124.341 24.3899 564
123.379 24.3899 564
122.201 24.3467 563
121.026 24.3035 562
119.64 24.217 560
118.474 24.1737 559
117.521 24.1737 559
115.525 23.9575 554
114.167 23.871 552
112.816 23.7845 550
111.878 23.7845 550
109.73 23.5251 544
108.403 23.4386 542
107.281 23.3953 541
106.358 23.3953 541
105.436 23.3953 541
104.514 23.3953 541
103.4 23.3521 540
102.479 23.3521 540
101.559 23.3521 540
100.638 23.3521 540
99.7178 23.3521 540
98.7972 23.3521 540
97.8766 23.3521 540
96.9561 23.3521 540
96.0355 23.3521 540
95.1149 23.3521 540
94.1944 23.3521 540
93.2738 23.3521 540
92.3532 23.3521 540
91.4327 23.3521 540
90.5121 23.3521 540
89.5916 23.3521 540
88.8352 23.3953 541
88.0754 23.4386 542
87.1515 23.4386 542
86.2275 23.4386 542
85.3035 23.4386 542
84.3795 23.4386 542
83.4556 23.4386 542
51.9561 21.4926 497
51.2116 21.5358 498
50.3627 21.5358 498
49.5137 21.5358 498
48.6647 21.5358 498
47.8158 21.5358 498
46.9668 21.5358 498
46.0252 21.4926 497
45.0871 21.4493 496
29.5222 20.0655 464
28.917 20.1952 467
28.1208 20.1952 467
27.3247 20.1952 467
26.415 20.1087 465
25.6223 20.1087 465
24.7228 20.0222 463
23.8818 19.979 462
23.0942 19.979 462
22.3066 19.979 462
21.4724 19.9358 461
20.6865 19.9358 461
19.9007 19.9358 461
19.1148 19.9358 461
18.3289 19.9358 461
1448.17 167.774 4039
1455.56 169.435 4079
1448.6 169.435 4079
1441.65 169.435 4079
1379.07 169.435 4079
1372.11 169.435 4079
1365.16 169.435 4079
1354.88 169.02 4069
1344.63 168.605 4059
1334.41 168.189 4049
1327.51 168.189 4049
1320.61 168.189 4049
1304.3 166.985 4020
1297.44 166.985 4020
1290.59 166.985 4020
1277.67 166.195 4001
1267.67 165.78 3991
1246.02 163.828 3944
1239.3 163.828 3944
1226.64 163.039 3925
1214.35 162.291 3907
1207.69 162.291 3907
1201.03 162.291 3907
1194.37 162.291 3907
1196.22 163.454 3935
1189.51 163.454 3935
1182.8 163.454 3935
145.861 23.8015 573
144.884 23.8015 573
143.908 23.8015 573
142.931 23.8015 573
141.954 23.8015 573
140.977 23.8015 573
140 23.8015 573
138.781 23.76 572
137.565 23.7185 571
136.591 23.7185 571
135.618 23.7185 571
134.645 23.7185 571
133.437 23.6769 570
132.465 23.6769 570
131.263 23.6354 569
130.293 23.6354 569
128.868 23.5523 567
127.902 23.5523 567
126.711 23.5108 566
125.524 23.4692 565
124.341 23.4277 564
123.379 23.4277 564
122.201 23.3862 563
120.81 23.3031 561
119.64 23.2615 560
118.474 23.22 559
117.521 23.22 559
115.525 23.0123 554
114.167 22.9292 552
112.816 22.8462 550
111.878 22.8462 550
109.73 22.5969 544
108.403 22.5139 542
107.281 22.4723 541
106.162 22.4308 540
105.241 22.4308 540
104.321 22.4308 540
103.209 22.3892 539
102.29 22.3892 539
101.371 22.3892 539
100.452 22.3892 539
99.5331 22.3892 539
98.6142 22.3892 539
97.6954 22.3892 539
96.7765 22.3892 539
95.8577 22.3892 539
94.9388 22.3892 539
94.0199 22.3892 539
93.1011 22.3892 539
92.1822 22.3892 539
91.2634 22.3892 539
90.5121 22.4308 540
89.5916 22.4308 540
88.671 22.4308 540
87.9129 22.4723 541
86.9907 22.4723 541
86.0684 22.4723 541
85.1461 22.4723 541
51.9561 20.6446 497
51.2116 20.6862 498
50.3627 20.6862 498
49.5137 20.6862 498
48.6647 20.6862 498
47.8158 20.6862 498
46.9668 20.6862 498
45.9326 20.6031 496
45.0871 20.6031 496
30.5092 19.3985 467
29.7131 19.3985 467
28.917 19.3985 467
28.1208 19.3985 467
27.3247 19.3985 467
26.415 19.3154 465
25.6223 19.3154 465
24.7228 19.2323 463
23.8818 19.1908 462
23.0942 19.1908 462
22.3066 19.1908 462
21.4724 19.1492 461
20.6865 19.1492 461
19.9007 19.1492 461
19.1148 19.1492 461
18.3289 19.1492 461
1465.56 161.281 4049
1458.66 161.281 4049
1451.76 161.281 4049
1448.42 161.68 4059
1441.5 161.68 4059
1434.58 161.68 4059
1379.07 162.476 4079
1372.11 162.476 4079
1365.16 162.476 4079
1354.88 162.078 4069
1344.63 161.68 4059
1334.41 161.281 4049
1327.51 161.281 4049
1314.41 160.524 4030
1304.3 160.126 4020
1291.31 159.369 4001
1284.49 159.369 4001
1274.48 158.971 3991
1267.67 158.971 3991
1246.02 157.099 3944
1239.3 157.099 3944
1215.38 154.908 3889
1203.16 154.191 3871
1193.78 153.833 3862
1187.2 153.833 3862
1180.61 153.833 3862
1168.56 153.116 3844
145.861 22.824 573
144.884 22.824 573
143.908 22.824 573
142.931 22.824 573
141.954 22.824 573
140.977 22.824 573
140 22.824 573
138.781 22.7841 572
137.565 22.7443 571
136.591 22.7443 571
135.618 22.7443 571
134.409 22.7045 570
133.203 22.6646 569
132.233 22.6646 569
131.032 22.6248 568
130.064 22.6248 568
128.868 22.585 567
127.902 22.585 567
126.711 22.5451 566
125.524 22.5053 565
124.341 22.4655 564
123.379 22.4655 564
122.201 22.4256 563
120.81 22.346 561
119.64 22.3061 560
118.474 22.2663 559
117.521 22.2663 559
115.525 22.0671 554
114.167 21.9875 552
112.816 21.9078 550
111.878 21.9078 550
109.73 21.6688 544
108.403 21.5891 542
107.281 21.5493 541
106.162 21.5095 540
105.241 21.5095 540
104.321 21.5095 540
103.209 21.4697 539
102.29 21.4697 539
101.371 21.4697 539
100.452 21.4697 539
99.5331 21.4697 539
98.6142 21.4697 539
97.6954 21.4697 539
96.597 21.4298 538
95.8577 21.4697 539
94.9388 21.4697 539
94.0199 21.4697 539
93.1011 21.4697 539
92.0112 21.4298 538
91.094 21.4298 538
90.1769 21.4298 538
89.2597 21.4298 538
88.3426 21.4298 538
87.7504 21.5095 540
86.9907 21.5493 541
86.0684 21.5493 541
85.1461 21.5493 541
51.9561 19.7967 497
51.2116 19.8365 498
50.3627 19.8365 498
49.5137 19.8365 498
48.6647 19.8365 498
47.7198 19.7967 497
46.8725 19.7967 497
45.9326 19.7569 496
44.9053 19.6772 494
30.5092 18.6017 467
29.7131 18.6017 467
28.917 18.6017 467
28.0004 18.5221 465
27.2077 18.5221 465
26.3014 18.4424 463
25.5121 18.4424 463
24.7228 18.4424 463
23.8818 18.4026 462
23.0442 18.3627 461
22.2583 18.3627 461
21.4258 18.3229 460
20.6417 18.3229 460
19.9007 18.3627 461
19.1148 18.3627 461
18.3289 18.3627 461
17.4669 18.2831 459
1472.46 154.373 4049
1465.56 154.373 4049
1458.66 154.373 4049
1451.76 154.373 4049
1448.42 154.755 4059
1441.5 154.755 4059
1434.58 154.755 4059
1392.98 155.517 4079
1386.02 155.517 4079
1379.07 155.517 4079
1372.11 155.517 4079
1365.16 155.517 4079
1354.88 155.136 4069
1344.63 154.755 4059
1331.12 153.992 4039
1324.23 153.992 4039
1314.41 153.649 4030
1301.05 152.886 4010
1291.31 152.543 4001
1284.49 152.543 4001
1274.48 152.162 3991
1267.67 152.162 3991
1254.87 151.438 3972
1248.1 151.438 3972
1232.57 150.37 3944
1200.36 147.244 3862
1193.78 147.244 3862
1187.2 147.244 3862
1177.86 146.901 3853
1157.92 145.223 3809
145.861 21.8464 573
144.884 21.8464 573
143.908 21.8464 573
142.931 21.8464 573
141.954 21.8464 573
140.977 21.8464 573
139.756 21.8082 572
138.538 21.7701 571
137.324 21.732 570
136.352 21.732 570
135.381 21.732 570
134.173 21.6938 569
132.969 21.6557 568
132.001 21.6557 568
131.032 21.6557 568
129.835 21.6176 567
128.641 21.5795 566
127.676 21.5795 566
126.488 21.5413 565
125.302 21.5032 564
124.12 21.4651 563
123.16 21.4651 563
122.201 21.4651 563
120.81 21.3888 561
119.427 21.3126 559
118.05 21.2363 557
117.1 21.2363 557
115.525 21.122 554
114.167 21.0457 552
112.405 20.8932 548
111.471 20.8932 548
109.529 20.7026 543
108.203 20.6263 541
107.082 20.5882 540
106.162 20.5882 540
105.241 20.5882 540
104.127 20.5501 539
103.209 20.5501 539
102.1 20.5119 538
101.183 20.5119 538
100.266 20.5119 538
99.3484 20.5119 538
98.4313 20.5119 538
97.5141 20.5119 538
96.597 20.5119 538
95.8577 20.5501 539
94.9388 20.5501 539
94.0199 20.5501 539
93.1011 20.5501 539
92.0112 20.5119 538
91.094 20.5119 538
90.1769 20.5119 538
89.2597 20.5119 538
88.3426 20.5119 538
87.7504 20.5882 540
86.9907 20.6263 541
86.0684 20.6263 541
85.1461 20.6263 541
51.747 18.8725 495
51.2116 18.9869 498
50.3627 18.9869 498
49.5137 18.9869 498
48.6647 18.9869 498
47.7198 18.9488 497
46.8725 18.9488 497
45.7474 18.8344 494
38.5616 18.2244 478
37.7468 18.2244 478
36.9319 18.2244 478
36.0415 18.1862 477
35.0806 18.11 475
34.1987 18.0719 474
33.3906 18.0719 474
32.5139 18.0337 473
31.6405 17.9956 472
30.7705 17.9575 471
29.9676 17.9575 471
28.9789 17.8431 468
28.0004 17.7287 465
27.1492 17.6906 464
26.3014 17.6525 463
25.5121 17.6525 463
24.6694 17.6143 462
23.8818 17.6143 462
23.0442 17.5762 461
22.2583 17.5762 461
21.4258 17.5381 460
20.6417 17.5381 460
19.8575 17.5381 460
19.0733 17.5381 460
18.2891 17.5381 460
17.4669 17.5 459
1472.46 147.465 4049
1465.56 147.465 4049
1458.66 147.465 4049
1451.76 147.465 4049
1448.42 147.829 4059
1441.5 147.829 4059
1434.58 147.829 4059
1392.98 148.558 4079
1386.02 148.558 4079
1379.07 148.558 4079
1372.11 148.558 4079
1365.16 148.558 4079
1354.88 148.194 4069
1344.63 147.829 4059
1331.12 147.101 4039
1324.23 147.101 4039
1314.41 146.773 4030
1301.05 146.045 4010
1291.31 145.717 4001
1284.49 145.717 4001
1274.48 145.353 3991
1267.67 145.353 3991
1254.87 144.661 3972
1248.1 144.661 3972
1232.57 143.641 3944
1200.36 140.655 3862
1193.78 140.655 3862
1187.2 140.655 3862
1177.86 140.327 3853
1157.92 138.724 3809
146.582 20.8323 572
145.861 20.8688 573
144.884 20.8688 573
143.908 20.8688 573
142.931 20.8688 573
141.954 20.8688 573
140.977 20.8688 573
139.756 20.8323 572
138.296 20.7595 570
137.083 20.7231 569
136.113 20.7231 569
134.668 20.6502 567
133.466 20.6138 566
132.501 20.6138 566
131.536 20.6138 566
130.571 20.6138 566
129.377 20.5774 565
128.414 20.5774 565
127.451 20.5774 565
126.264 20.541 564
125.08 20.5046 563
124.12 20.5046 563
123.16 20.5046 563
121.984 20.4681 562
120.38 20.3589 559
118.999 20.286 557
117.626 20.2132 555
116.68 20.2132 555
115.108 20.1039 552
113.753 20.0311 550
111.585 19.8126 544
110.251 19.7397 542
109.327 19.7397 542
107.803 19.6305 539
106.487 19.5576 537
105.375 19.5212 536
104.462 19.5212 536
103.548 19.5212 536
102.634 19.5212 536
101.531 19.4848 535
100.807 19.5212 536
99.8928 19.5212 536
98.9791 19.5212 536
98.2483 19.5576 537
97.3329 19.5576 537
96.4174 19.5576 537
95.6798 19.5941 538
94.7626 19.5941 538
93.8455 19.5941 538
92.9283 19.5941 538
92.0112 19.5941 538
91.094 19.5941 538
90.1769 19.5941 538
89.2597 19.5941 538
88.1784 19.5576 537
87.2629 19.5576 537
86.3475 19.5576 537
85.432 19.5576 537
84.5166 19.5576 537
51.747 18.028 495
51.2116 18.1372 498
50.3627 18.1372 498
49.5137 18.1372 498
48.6647 18.1372 498
47.7198 18.1008 497
46.8725 18.1008 497
45.7474 17.9916 494
39.4589 17.4453 479
38.6423 17.4453 479
37.8257 17.4453 479
37.0092 17.4453 479
36.0415 17.3724 477
35.0806 17.2996 475
34.1987 17.2632 474
33.3906 17.2632 474
32.5139 17.2267 473
31.6405 17.1903 472
30.7705 17.1539 471
29.9676 17.1539 471
28.9789 17.0446 468
28.0004 16.9354 465
27.1492 16.899 464
26.3014 16.8625 463
25.5121 16.8625 463
24.6694 16.8261 462
23.8301 16.7897 461
22.9942 16.7533 460
22.21 16.7533 460
21.3327 16.6804 458
20.5968 16.7169 459
19.8143 16.7169 459
19.0318 16.7169 459
18.2494 16.7169 459
17.4669 16.7169 459
1472.46 140.557 4049
1465.56 140.557 4049
1458.66 140.557 4049
1451.76 140.557 4049
1448.42 140.904 4059
1441.5 140.904 4059
1434.58 140.904 4059
1427.66 140.904 4059
1399.93 141.599 4079
1392.98 141.599 4079
1386.02 141.599 4079
1379.07 141.599 4079
1372.11 141.599 4079
1365.16 141.599 4079
1351.55 140.904 4059
1344.63 140.904 4059
1331.12 140.21 4039
1324.23 140.21 4039
1314.41 139.898 4030
1298.13 138.891 4001
1291.31 138.891 4001
1284.49 138.891 4001
1274.48 138.544 3991
1267.67 138.544 3991
1254.87 137.884 3972
1248.1 137.884 3972
1232.57 136.912 3944
1200.36 134.066 3862
150.745 19.8912 573
149.769 19.8912 573
148.792 19.8912 573
147.815 19.8912 573
146.838 19.8912 573
145.861 19.8912 573
144.884 19.8912 573
143.908 19.8912 573
142.931 19.8912 573
141.954 19.8912 573
140.977 19.8912 573
139.756 19.8564 572
138.296 19.787 570
137.083 19.7523 569
136.113 19.7523 569
134.668 19.6829 567
133.466 19.6482 566
132.501 19.6482 566
131.536 19.6482 566
130.571 19.6482 566
129.377 19.6134 565
128.414 19.6134 565
127.451 19.6134 565
126.04 19.544 563
124.858 19.5093 562
123.9 19.5093 562
122.942 19.5093 562
121.55 19.4399 560
119.949 19.3357 557
118.786 19.301 556
117.414 19.2316 554
116.469 19.2316 554
114.899 19.1274 551
112.512 18.8845 544
111.175 18.815 542
109.641 18.7109 539
108.722 18.7109 539
107.403 18.6415 537
106.289 18.6067 536
105.375 18.6067 536
104.462 18.6067 536
103.548 18.6067 536
102.251 18.5373 534
101.151 18.5026 533
100.43 18.5373 534
99.5201 18.5373 534
98.7944 18.572 535
98.0654 18.6067 536
97.3329 18.6415 537
96.4174 18.6415 537
95.6798 18.6762 538
94.7626 18.6762 538
93.8455 18.6762 538
92.9283 18.6762 538
92.0112 18.6762 538
91.094 18.6762 538
90.1769 18.6762 538
89.0938 18.6415 537
87.85 18.572 535
86.7754 18.5373 534
85.8651 18.5373 534
84.9547 18.5373 534
51.747 17.1835 495
51.1088 17.2529 497
50.2615 17.2529 497
49.4143 17.2529 497
48.567 17.2529 497
47.6237 17.2182 496
46.7782 17.2182 496
41.9086 16.628 479
41.092 16.628 479
40.2755 16.628 479
39.4589 16.628 479
38.6423 16.628 479
37.8257 16.628 479
37.0092 16.628 479
36.0415 16.5586 477
35.0806 16.4892 475
34.1987 16.4545 474
33.3906 16.4545 474
32.5139 16.4198 473
31.6405 16.385 472
30.7705 16.3503 471
29.9676 16.3503 471
28.9789 16.2462 468
28.0004 16.142 465
27.1492 16.1073 464
26.3014 16.0726 463
25.5121 16.0726 463
24.6694 16.0379 462
23.8301 16.0032 461
22.9942 15.9685 460
22.21 15.9685 460
21.3327 15.899 458
20.5968 15.9338 459
19.8143 15.9338 459
19.0318 15.9338 459
18.2494 15.9338 459
17.4669 15.9338 459
1458.17 131.735 3991
1461.92 132.692 4020
1465.56 133.649 4049
1458.66 133.649 4049
1451.76 133.649 4049
1448.42 133.979 4059
1441.5 133.979 4059
1434.58 133.979 4059
1431.18 134.309 4069
1424.24 134.309 4069
1417.31 134.309 4069
1406.9 133.979 4059
1393.09 133.319 4039
1399.93 134.639 4079
1392.98 134.639 4079
1386.02 134.639 4079
1365.54 133.319 4039
1358.66 133.319 4039
1351.77 133.319 4039
1344.89 133.319 4039
1338 133.319 4039
1328.15 133.022 4030
1321.28 133.022 4030
1304.95 132.065 4001
1294.89 131.735 3991
1288.08 131.735 3991
1281.28 131.735 3991
1274.48 131.735 3991
1267.67 131.735 3991
1246.02 130.183 3944
1239.3 130.183 3944
150.745 18.9136 573
149.769 18.9136 573
148.792 18.9136 573
147.815 18.9136 573
146.838 18.9136 573
145.607 18.8806 572
144.632 18.8806 572
143.656 18.8806 572
142.681 18.8806 572
141.211 18.8145 570
140.239 18.8145 570
139.267 18.8145 570
137.81 18.7485 568
136.601 18.7155 567
135.635 18.7155 567
134.43 18.6825 566
133.466 18.6825 566
132.033 18.6165 564
131.071 18.6165 564
130.11 18.6165 564
129.148 18.6165 564
128.187 18.6165 564
127.225 18.6165 564
126.04 18.5835 563
124.858 18.5505 562
123.9 18.5505 562
122.942 18.5505 562
121.55 18.4845 560
119.949 18.3854 557
118.786 18.3524 556
117.414 18.2864 554
116.469 18.2864 554
114.899 18.1874 551
112.512 17.9563 544
111.175 17.8903 542
109.641 17.7913 539
108.722 17.7913 539
107.403 17.7253 537
106.289 17.6923 536
105.375 17.6923 536
104.462 17.6923 536
103.548 17.6923 536
102.251 17.6263 534
101.151 17.5932 533
100.43 17.6263 534
99.5201 17.6263 534
98.7944 17.6593 535
98.0654 17.6923 536
97.1516 17.6923 536
96.2379 17.6923 536
95.502 17.7253 537
94.7626 17.7583 538
93.8455 17.7583 538
92.9283 17.7583 538
92.0112 17.7583 538
90.9247 17.7253 537
90.0093 17.7253 537
88.762 17.6593 535
87.5216 17.5932 533
86.4504 17.5602 532
85.5435 17.5602 532
84.3184 17.4942 530
51.6424 16.3059 494
51.006 16.3719 496
50.1604 16.3719 496
49.3149 16.3719 496
48.4693 16.3719 496
47.4317 16.3059 494
46.5896 16.3059 494
45.2844 16.1409 489
43.7236 15.8768 481
42.9036 15.8768 481
41.9961 15.8438 480
41.1778 15.8438 480
40.2755 15.8108 479
39.4589 15.8108 479
38.6423 15.8108 479
37.8257 15.8108 479
37.0092 15.8108 479
36.0415 15.7448 477
35.0806 15.6788 475
34.1987 15.6458 474
33.3906 15.6458 474
32.5139 15.6128 473
31.6405 15.5798 472
30.6398 15.4807 469
29.8403 15.4807 469
28.917 15.4147 467
28.0004 15.3487 465
27.1492 15.3157 464
26.3014 15.2827 463
25.5121 15.2827 463
24.6694 15.2497 462
23.8301 15.2167 461
22.9942 15.1837 460
22.21 15.1837 460
21.3327 15.1176 458
20.5519 15.1176 458
19.8143 15.1507 459
19.0318 15.1507 459
18.2494 15.1507 459
17.4669 15.1507 459
1479.37 126.741 4049
1479.74 127.367 4069
1476.42 127.68 4079
1469.47 127.68 4079
1462.51 127.68 4079
1448.42 127.054 4059
1441.5 127.054 4059
1434.58 127.054 4059
1431.18 127.367 4069
1424.24 127.367 4069
1417.31 127.367 4069
1406.9 127.054 4059
1393.09 126.428 4039
1399.93 127.68 4079
1392.98 127.68 4079
1386.02 127.68 4079
1365.54 126.428 4039
1358.66 126.428 4039
1351.77 126.428 4039
1344.89 126.428 4039
1338 126.428 4039
152.699 17.936 573
151.722 17.936 573
150.745 17.936 573
149.769 17.936 573
148.792 17.936 573
147.815 17.936 573
146.838 17.936 573
145.607 17.9047 572
144.632 17.9047 572
143.154 17.8421 570
142.182 17.8421 570
140.963 17.8108 569
139.993 17.8108 569
138.779 17.7795 568
137.568 17.7482 567
136.36 17.7169 566
135.395 17.7169 566
134.43 17.7169 566
132.994 17.6542 564
132.033 17.6542 564
131.071 17.6542 564
130.11 17.6542 564
128.919 17.6229 563
127.959 17.6229 563
127 17.6229 563
125.816 17.5916 562
124.858 17.5916 562
123.679 17.5603 561
122.723 17.5603 561
121.332 17.4977 559
119.733 17.4038 556
118.358 17.3412 554
117.414 17.3412 554
116.469 17.3412 554
114.691 17.216 550
112.512 17.0282 544
110.97 16.9343 541
109.641 16.8717 539
108.722 16.8717 539
107.403 16.8091 537
106.289 16.7778 536
104.982 16.7152 534
104.072 16.7152 534
103.161 16.7152 534
102.06 16.6839 533
100.961 16.6526 532
100.242 16.6839 533
99.3337 16.6839 533
98.6098 16.7152 534
97.8824 16.7465 535
97.1516 16.7778 536
96.2379 16.7778 536
95.502 16.8091 537
94.7626 16.8404 538
93.8455 16.8404 538
92.9283 16.8404 538
92.0112 16.8404 538
90.9247 16.8091 537
90.0093 16.8091 537
88.762 16.7465 535
87.5216 16.6839 533
86.4504 16.6526 532
85.5435 16.6526 532
84.3184 16.59 530
51.6424 15.4631 494
50.8003 15.4631 494
49.9582 15.4631 494
49.116 15.4631 494
48.0784 15.4005 492
47.1437 15.3692 491
46.3066 15.3692 491
45.2844 15.3066 489
43.8145 15.0875 482
42.9036 15.0562 481
41.9961 15.0249 480
41.1778 15.0249 480
40.2755 14.9936 479
39.4589 14.9936 479
38.6423 14.9936 479
37.8257 14.9936 479
36.7774 14.8997 476
35.8904 14.8684 475
35.0067 14.8371 474
34.0544 14.7745 472
33.2498 14.7745 472
32.3764 14.7432 471
31.5064 14.7119 470
30.5745 14.6493 468
29.7767 14.6493 468
28.855 14.5867 466
27.9402 14.5241 464
27.1492 14.5241 464
26.3014 14.4928 463
25.5121 14.4928 463
24.6694 14.4615 462
23.8301 14.4302 461
22.9442 14.3676 459
22.1618 14.3676 459
21.2861 14.3049 457
20.5519 14.3363 458
19.8143 14.3676 459
19.0318 14.3676 459
18.2494 14.3676 459
17.4669 14.3676 459
1479.37 119.833 4049
1479.74 120.425 4069
1476.42 120.721 4079
1469.47 120.721 4079
1462.51 120.721 4079
1448.42 120.129 4059
1441.5 120.129 4059
1434.58 120.129 4059
1431.18 120.425 4069
1424.24 120.425 4069
1417.31 120.425 4069
1406.9 120.129 4059
1393.09 119.537 4039
1386.2 119.537 4039
1379.32 119.537 4039
1369.37 119.271 4030
1362.5 119.271 4030
1352.27 118.975 4020
1345.41 118.975 4020
1338.56 118.975 4020
1331.71 118.975 4020
152.965 16.988 574
151.987 16.988 574
151.008 16.988 574
149.769 16.9584 573
148.792 16.9584 573
147.815 16.9584 573
146.582 16.9288 572
145.352 16.8992 571
144.379 16.8992 571
143.154 16.8696 570
141.933 16.84 569
140.715 16.8104 568
139.747 16.8104 568
138.534 16.7808 567
137.325 16.7512 566
136.36 16.7512 566
135.395 16.7512 566
134.193 16.7216 565
132.994 16.692 564
131.798 16.6624 563
130.839 16.6624 563
129.879 16.6624 563
128.69 16.6328 562
127.732 16.6328 562
126.774 16.6328 562
125.816 16.6328 562
124.636 16.6032 561
123.238 16.544 559
122.285 16.544 559
121.332 16.544 559
119.518 16.4256 555
118.358 16.396 554
116.778 16.3073 551
115.839 16.3073 551
114.065 16.1889 547
112.099 16.0409 542
110.97 16.0113 541
109.437 15.9225 538
108.52 15.9225 538
107.203 15.8633 536
105.694 15.7745 533
104.786 15.7745 533
103.877 15.7745 533
102.775 15.7449 532
101.868 15.7449 532
100.771 15.7153 531
100.054 15.7449 532
99.1474 15.7449 532
98.2404 15.7449 532
97.6994 15.8041 534
96.9704 15.8337 535
96.0583 15.8337 535
95.3241 15.8633 536
94.5865 15.8929 537
93.6711 15.8929 537
92.7556 15.8929 537
91.8402 15.8929 537
90.5861 15.8337 535
89.674 15.8337 535
88.4302 15.7745 533
87.0289 15.6858 530
86.1254 15.6858 530
85.2219 15.6858 530
51.6424 14.6203 494
50.8003 14.6203 494
49.9582 14.6203 494
49.116 14.6203 494
48.0784 14.5611 492
47.1437 14.5315 491
46.3066 14.5315 491
45.2844 14.4723 489
43.8145 14.2652 482
42.9036 14.2356 481
41.9961 14.206 480
41.1778 14.206 480
40.1914 14.1468 478
39.2118 14.0876 476
38.3196 14.058 475
37.5099 14.058 475
36.7001 14.058 475
35.8148 14.0284 474
34.859 13.9692 472
33.9823 13.9396 471
33.1793 13.9396 471
32.3076 13.91 470
31.3723 13.8508 468
30.5092 13.8212 467
29.7131 13.8212 467
28.855 13.7916 466
27.9402 13.7324 464
27.0907 13.7028 463
26.3014 13.7028 463
25.5121 13.7028 463
24.6694 13.6732 462
23.8301 13.6436 461
22.9442 13.5845 459
22.1618 13.5845 459
21.2861 13.5253 457
20.5519 13.5549 458
19.7711 13.5549 458
18.9904 13.5549 458
18.2096 13.5549 458
1489.48 112.646 4039
1482.6 112.646 4039
1490.33 113.762 4079
1483.37 113.762 4079
1476.42 113.762 4079
1469.47 113.762 4079
1462.51 113.762 4079
1455.56 113.762 4079
1448.6 113.762 4079
1441.65 113.762 4079
1431.18 113.483 4069
1424.24 113.483 4069
1417.31 113.483 4069
1406.9 113.204 4059
1393.09 112.646 4039
1386.2 112.646 4039
1379.32 112.646 4039
1372.43 112.646 4039
1359.12 112.116 4020
1348.9 111.837 4010
1342.07 111.837 4010
154.212 16.0366 575
153.232 16.0366 575
152.252 16.0366 575
151.008 16.0087 574
150.03 16.0087 574
148.792 15.9808 573
147.815 15.9808 573
146.582 15.9529 572
145.352 15.925 571
144.379 15.925 571
143.154 15.8971 570
141.933 15.8692 569
140.715 15.8413 568
139.747 15.8413 568
138.534 15.8134 567
137.325 15.7855 566
136.36 15.7855 566
135.395 15.7855 566
134.193 15.7577 565
132.994 15.7298 564
131.798 15.7019 563
130.839 15.7019 563
129.879 15.7019 563
128.69 15.674 562
127.732 15.674 562
126.774 15.674 562
125.368 15.6182 560
124.191 15.5903 559
123.238 15.5903 559
122.285 15.5903 559
120.681 15.5066 556
119.303 15.4509 554
117.931 15.3951 552
116.354 15.3114 549
115.418 15.3114 549
113.44 15.172 544
111.892 15.0883 541
110.765 15.0604 540
109.234 14.9767 537
108.318 14.9767 537
106.603 14.8652 533
105.496 14.8373 532
104.589 14.8373 532
103.682 14.8373 532
102.582 14.8094 531
101.485 14.7815 530
100.582 14.7815 530
99.8662 14.8094 531
98.961 14.8094 531
98.2404 14.8373 532
97.3335 14.8373 532
96.4266 14.8373 532
95.5197 14.8373 532
95.1463 14.921 535
94.2342 14.921 535
93.3222 14.921 535
92.4102 14.921 535
91.4981 14.921 535
90.2474 14.8652 533
89.3388 14.8652 533
87.9324 14.7815 530
86.8647 14.7536 529
85.9629 14.7536 529
85.0611 14.7536 529
51.3288 13.6938 491
50.4918 13.6938 491
49.6548 13.6938 491
48.8177 13.6938 491
47.883 13.6659 490
46.9516 13.638 489
45.6465 13.4986 484
44.8214 13.4986 484
43.8145 13.4428 482
42.8144 13.387 480
41.9961 13.387 480
41.1778 13.387 480
40.1914 13.3313 478
39.2118 13.2755 476
38.3196 13.2476 475
37.5099 13.2476 475
36.7001 13.2476 475
35.8148 13.2197 474
34.859 13.1639 472
33.9823 13.136 471
33.1793 13.136 471
32.3076 13.1081 470
31.3723 13.0524 468
30.5092 13.0245 467
29.7131 13.0245 467
28.855 12.9966 466
27.9402 12.9408 464
27.0907 12.9129 463
26.3014 12.9129 463
25.5121 12.9129 463
24.6694 12.885 462
23.8301 12.8571 461
22.9442 12.8013 459
22.1618 12.8013 459
21.2861 12.7456 457
20.5519 12.7735 458
19.7711 12.7735 458
18.9904 12.7735 458
18.2096 12.7735 458
1493.17 106.017 4049
1486.27 106.017 4049
1490.33 106.803 4079
1483.37 106.803 4079
1476.42 106.803 4079
1462.51 106.803 4079
1455.56 106.803 4079
1452.16 107.065 4089
1445.19 107.065 4089
1438.21 107.065 4089
1427.74 106.803 4079
1420.79 106.803 4079
1406.9 106.279 4059
1399.98 106.279 4059
1393.07 106.279 4059
1386.15 106.279 4059
1372.43 105.755 4039
1365.54 105.755 4039
1348.9 104.996 4010
1342.07 104.996 4010
154.212 15.0555 575
153.232 15.0555 575
152.252 15.0555 575
151.008 15.0294 574
150.03 15.0294 574
148.792 15.0032 573
147.815 15.0032 573
146.582 14.977 572
145.352 14.9508 571
144.379 14.9508 571
142.903 14.8984 569
141.684 14.8723 568
140.468 14.8461 567
139.501 14.8461 567
138.29 14.8199 566
137.325 14.8199 566
136.119 14.7937 565
135.156 14.7937 565
133.955 14.7675 564
132.758 14.7413 563
131.564 14.7152 562
130.606 14.7152 562
129.648 14.7152 562
128.461 14.689 561
127.505 14.689 561
126.548 14.689 561
125.368 14.6628 560
124.191 14.6366 559
123.238 14.6366 559
122.285 14.6366 559
120.681 14.5581 556
119.303 14.5057 554
117.931 14.4533 552
116.354 14.3748 549
115.418 14.3748 549
113.44 14.2438 544
111.892 14.1653 541
110.765 14.1391 540
109.234 14.0606 537
108.318 14.0606 537
106.603 13.9558 533
105.496 13.9296 532
104.589 13.9296 532
103.682 13.9296 532
102.582 13.9035 531
101.485 13.8773 530
100.582 13.8773 530
99.8662 13.9035 531
98.961 13.9035 531
98.2404 13.9296 532
97.3335 13.9296 532
96.4266 13.9296 532
95.5197 13.9296 532
94.4349 13.9035 531
93.5297 13.9035 531
92.6245 13.9035 531
91.7192 13.9035 531
90.814 13.9035 531
89.5702 13.8511 529
88.6683 13.8511 529
87.7665 13.8511 529
86.3721 13.7725 526
50.389 12.8299 490
49.5536 12.8299 490
48.7183 12.8299 490
47.7853 12.8038 489
46.8556 12.7776 488
45.4578 12.6205 482
44.6362 12.6205 482
43.7236 12.5943 481
42.8144 12.5681 480
41.8211 12.5157 478
41.0062 12.5157 478
39.9391 12.4372 475
39.047 12.411 474
38.2389 12.411 474
37.4309 12.411 474
36.6228 12.411 474
35.7392 12.3848 473
34.859 12.3586 472
33.9823 12.3324 471
33.1793 12.3324 471
32.3076 12.3063 470
31.3723 12.2539 468
30.5092 12.2277 467
29.7131 12.2277 467
28.7931 12.1753 465
27.9402 12.1492 464
27.0907 12.123 463
26.3014 12.123 463
25.5121 12.123 463
24.6694 12.0968 462
23.7784 12.0444 460
22.8942 11.9921 458
22.1135 11.9921 458
21.2861 11.9659 457
20.507 11.9659 457
19.728 11.9659 457
18.9489 11.9659 457
18.1698 11.9659 457
1504.23 99.8435 4079
1497.28 99.8435 4079
1490.33 99.8435 4079
1483.37 99.8435 4079
1476.42 99.8435 4079
1462.51 99.8435 4079
1455.56 99.8435 4079
1452.16 100.088 4089
1445.19 100.088 4089
1438.21 100.088 4089
1427.74 99.8435 4079
1420.79 99.8435 4079
1410.37 99.5987 4069
1403.43 99.5987 4069
1396.5 99.5987 4069
1389.56 99.5987 4069
1379.23 99.3539 4059
1365.54 98.8644 4039
1348.9 98.1545 4010
1342.07 98.1545 4010
166.264 14.099 576
165.282 14.099 576
164.3 14.099 576
163.318 14.099 576
162.336 14.099 576
161.354 14.099 576
155.901 14.0501 574
155.192 14.0745 575
154.212 14.0745 575
153.232 14.0745 575
152.252 14.0745 575
151.008 14.0501 574
150.03 14.0501 574
148.792 14.0256 573
147.557 14.0011 572
146.326 13.9766 571
144.843 13.9277 569
143.873 13.9277 569
142.652 13.9032 568
141.434 13.8787 567
140.22 13.8542 566
139.255 13.8542 566
138.046 13.8298 565
137.083 13.8298 565
135.878 13.8053 564
134.917 13.8053 564
133.718 13.7808 563
132.522 13.7563 562
131.096 13.7074 560
130.141 13.7074 560
128.956 13.6829 559
127.774 13.6584 558
126.823 13.6584 558
125.872 13.6584 558
124.697 13.6339 557
123.525 13.6095 556
122.577 13.6095 556
121.192 13.5605 554
120.247 13.5605 554
118.872 13.5115 552
117.504 13.4626 550
116.142 13.4136 548
115.208 13.4136 548
113.231 13.2913 543
111.685 13.2178 540
110.559 13.1933 539
109.03 13.1199 536
108.117 13.1199 536
106.403 13.022 532
105.298 12.9975 531
104.196 12.973 530
103.292 12.973 530
102.389 12.973 530
101.294 12.9486 529
100.392 12.9486 529
99.6782 12.973 530
98.7746 12.973 530
97.8711 12.973 530
96.9676 12.973 530
96.0641 12.973 530
95.1606 12.973 530
94.4349 12.9975 531
93.5297 12.9975 531
92.6245 12.9975 531
91.7192 12.9975 531
90.814 12.9975 531
89.5702 12.9486 529
88.6683 12.9486 529
87.7665 12.9486 529
86.5363 12.8996 527
49.8748 11.8716 485
49.1491 11.896 486
48.3206 11.896 486
47.4921 11.896 486
46.5676 11.8716 485
45.3635 11.7737 481
44.5435 11.7737 481
43.6327 11.7492 480
42.8144 11.7492 480
41.8211 11.7002 478
41.0062 11.7002 478
39.8551 11.6023 474
39.047 11.6023 474
38.2389 11.6023 474
37.3519 11.5778 473
36.5456 11.5778 473
35.6637 11.5534 472
34.7852 11.5289 471
33.9101 11.5044 470
33.1089 11.5044 470
32.1702 11.4554 468
31.3053 11.431 467
30.3785 11.382 465
29.5222 11.3575 464
28.7312 11.3575 464
27.9402 11.3575 464
27.0907 11.3331 463
26.2446 11.3086 462
25.457 11.3086 462
24.616 11.2841 461
23.7784 11.2596 460
22.8942 11.2107 458
22.1135 11.2107 458
21.2861 11.1862 457
20.507 11.1862 457
19.728 11.1862 457
18.9489 11.1862 457
18.1698 11.1862 457
1504.23 92.8843 4079
1497.28 92.8843 4079
1490.33 92.8843 4079
1483.37 92.8843 4079
1476.42 92.8843 4079
1452.16 93.112 4089
1445.19 93.112 4089
1438.21 93.112 4089
1427.74 92.8843 4079
1420.79 92.8843 4079
1410.37 92.6566 4069
1403.43 92.6566 4069
1396.5 92.6566 4069
1389.56 92.6566 4069
1379.23 92.4289 4059
1365.54 91.9734 4039
167.826 13.1618 578
166.841 13.1618 578
165.856 13.1618 578
164.87 13.1618 578
163.318 13.1163 576
162.336 13.1163 576
161.354 13.1163 576
160.372 13.1163 576
159.39 13.1163 576
158.408 13.1163 576
157.426 13.1163 576
155.901 13.0707 574
155.192 13.0935 575
154.212 13.0935 575
153.232 13.0935 575
152.252 13.0935 575
151.008 13.0707 574
150.03 13.0707 574
148.792 13.048 573
147.557 13.0252 572
145.813 12.9569 569
144.588 12.9341 568
143.62 12.9341 568
142.401 12.9113 567
141.185 12.8886 566
139.972 12.8658 565
139.009 12.8658 565
137.801 12.843 564
136.84 12.843 564
135.637 12.8203 563
134.678 12.8203 563
133.48 12.7975 562
132.051 12.752 560
130.862 12.7292 559
129.909 12.7292 559
128.725 12.7064 558
127.545 12.6836 557
126.368 12.6609 556
125.421 12.6609 556
124.473 12.6609 556
123.303 12.6381 555
122.136 12.6153 554
120.973 12.5926 553
120.03 12.5926 553
118.872 12.5698 552
117.29 12.5015 549
116.142 12.4787 548
115.208 12.4787 548
113.231 12.3648 543
111.685 12.2965 540
110.354 12.251 538
108.827 12.1827 535
107.915 12.1827 535
106.203 12.0916 531
105.099 12.0688 530
104.196 12.0688 530
103.292 12.0688 530
102.196 12.046 529
101.294 12.046 529
100.392 12.046 529
99.4901 12.046 529
98.5883 12.046 529
97.8711 12.0688 530
96.9676 12.0688 530
96.0641 12.0688 530
95.1606 12.0688 530
94.2571 12.0688 530
93.3535 12.0688 530
92.45 12.0688 530
91.5465 12.0688 530
90.643 12.0688 530
89.5702 12.046 529
88.6683 12.046 529
87.6006 12.0233 528
86.5363 12.0005 527
49.8748 11.0441 485
49.1491 11.0669 486
48.3206 11.0669 486
47.4921 11.0669 486
46.5676 11.0441 485
45.3635 10.953 481
44.5435 10.953 481
43.6327 10.9302 480
42.8144 10.9302 480
41.8211 10.8847 478
41.0062 10.8847 478
39.8551 10.7936 474
38.9646 10.7708 473
38.0776 10.7481 472
37.273 10.7481 472
36.4683 10.7481 472
35.5126 10.7025 470
34.7113 10.7025 470
33.838 10.6798 469
33.0384 10.6798 469
32.1014 10.6342 467
31.1712 10.5887 465
30.3132 10.5659 464
29.5222 10.5659 464
28.7312 10.5659 464
27.88 10.5431 463
27.0322 10.5204 462
26.1878 10.4976 461
25.4019 10.4976 461
24.5626 10.4748 460
23.7784 10.4748 460
22.8942 10.4293 458
22.1135 10.4293 458
21.2861 10.4065 457
20.507 10.4065 457
19.6848 10.3837 456
18.9074 10.3837 456
1504.23 85.9251 4079
1497.28 85.9251 4079
1490.33 85.9251 4079
1434.7 85.9251 4079
1427.74 85.9251 4079
1420.79 85.9251 4079
1410.37 85.7144 4069
1406.88 85.9251 4079
1399.93 85.9251 4079
1392.98 85.9251 4079
1386.02 85.9251 4079
1365.54 85.0825 4039
167.826 12.1757 578
166.841 12.1757 578
165.856 12.1757 578
164.87 12.1757 578
163.318 12.1336 576
162.336 12.1336 576
161.354 12.1336 576
160.372 12.1336 576
159.39 12.1336 576
158.408 12.1336 576
157.426 12.1336 576
155.901 12.0914 574
155.192 12.1125 575
154.212 12.1125 575
153.232 12.1125 575
152.252 12.1125 575
151.008 12.0914 574
150.03 12.0914 574
148.792 12.0704 573
147.557 12.0493 572
145.813 11.9861 569
144.588 11.9651 568
143.62 11.9651 568
142.401 11.944 567
141.185 11.9229 566
139.972 11.9019 565
139.009 11.9019 565
137.801 11.8808 564
136.84 11.8808 564
135.637 11.8597 563
134.678 11.8597 563
133.48 11.8387 562
132.051 11.7965 560
130.862 11.7755 559
129.909 11.7755 559
128.725 11.7544 558
127.545 11.7333 557
126.368 11.7123 556
125.421 11.7123 556
124.473 11.7123 556
123.08 11.6701 554
121.916 11.6491 553
120.973 11.6491 553
120.03 11.6491 553
118.441 11.5859 550
117.076 11.5437 548
115.083 11.4384 543
114.157 11.4384 543
112.606 11.3752 540
111.271 11.3331 538
109.739 11.2699 535
108.013 11.1856 531
107.108 11.1856 531
106.003 11.1646 530
105.099 11.1646 530
103.999 11.1435 529
103.097 11.1435 529
102.196 11.1435 529
101.294 11.1435 529
100.392 11.1435 529
99.4901 11.1435 529
98.5883 11.1435 529
97.6865 11.1435 529
96.9676 11.1646 530
96.0641 11.1646 530
95.1606 11.1646 530
94.2571 11.1646 530
93.3535 11.1646 530
92.45 11.1646 530
91.5465 11.1646 530
90.643 11.1646 530
89.5702 11.1435 529
88.6683 11.1435 529
87.6006 11.1224 528
86.5363 11.1014 527
49.8748 10.2166 485
49.048 10.2166 485
48.2212 10.2166 485
47.3944 10.2166 485
46.3755 10.1745 483
45.3635 10.1324 481
44.5435 10.1324 481
43.6327 10.1113 480
42.7252 10.0902 479
41.7336 10.0481 477
40.9205 10.0481 477
39.8551 9.98492 474
38.9646 9.96386 473
38.0776 9.94279 472
37.273 9.94279 472
36.4683 9.94279 472
35.5126 9.90066 470
34.7113 9.90066 470
33.838 9.8796 469
33.0384 9.8796 469
32.1014 9.83747 467
31.1712 9.79533 465
30.3132 9.77427 464
29.5222 9.77427 464
28.7312 9.77427 464
27.88 9.7532 463
27.0322 9.73214 462
26.1878 9.71107 461
25.4019 9.71107 461
24.5626 9.69001 460
23.7784 9.69001 460
22.8942 9.64788 458
22.1135 9.64788 458
21.2861 9.62681 457
20.507 9.62681 457
19.6848 9.60575 456
18.9074 9.60575 456
1431.18 78.7723 4069
1424.24 78.7723 4069
1417.31 78.7723 4069
1410.37 78.7723 4069
1406.88 78.9659 4079
1399.93 78.9659 4079
1392.98 78.9659 4079
1386.02 78.9659 4079
1365.54 78.1915 4039
171.47 11.1702 577
170.487 11.1702 577
169.503 11.1702 577
168.812 11.1896 578
167.826 11.1896 578
166.841 11.1896 578
165.856 11.1896 578
164.87 11.1896 578
163.318 11.1509 576
162.336 11.1509 576
161.354 11.1509 576
160.372 11.1509 576
159.39 11.1509 576
158.408 11.1509 576
157.426 11.1509 576
155.901 11.1121 574
155.192 11.1315 575
154.212 11.1315 575
153.232 11.1315 575
152.252 11.1315 575
151.008 11.1121 574
150.03 11.1121 574
148.532 11.0734 572
146.783 11.0153 569
145.557 10.996 568
144.334 10.9766 567
143.367 10.9766 567
142.15 10.9573 566
140.935 10.9379 565
139.724 10.9186 564
138.763 10.9186 564
137.801 10.9186 564
136.597 10.8992 563
135.397 10.8798 562
134.439 10.8798 562
133.243 10.8605 561
131.815 10.8218 559
130.628 10.8024 558
129.677 10.8024 558
128.264 10.7637 556
127.316 10.7637 556
126.141 10.7443 555
125.195 10.7443 555
124.249 10.7443 555
123.08 10.725 554
121.916 10.7056 553
120.973 10.7056 553
120.03 10.7056 553
118.441 10.6475 550
117.076 10.6088 548
115.083 10.512 543
114.157 10.512 543
112.606 10.4539 540
111.271 10.4152 538
109.739 10.3571 535
108.013 10.2797 531
107.108 10.2797 531
106.003 10.2603 530
105.099 10.2603 530
103.999 10.241 529
103.097 10.241 529
102.196 10.241 529
101.294 10.241 529
100.392 10.241 529
99.4901 10.241 529
98.5883 10.241 529
97.6865 10.241 529
96.9676 10.2603 530
96.0641 10.2603 530
95.1606 10.2603 530
94.2571 10.2603 530
93.3535 10.2603 530
92.45 10.2603 530
91.5465 10.2603 530
90.643 10.2603 530
89.7395 10.2603 530
88.836 10.2603 530
87.7665 10.241 529
86.5363 10.2023 527
49.8748 9.38918 485
49.048 9.38918 485
48.2212 9.38918 485
47.1989 9.35046 483
46.1835 9.31174 481
45.2692 9.29238 480
44.4509 9.29238 480
43.5418 9.27302 479
42.5468 9.23431 477
41.6461 9.21495 476
40.8347 9.21495 476
39.771 9.15687 473
38.8822 9.13751 472
38.0776 9.13751 472
37.194 9.11815 471
36.3911 9.11815 471
35.5126 9.09879 470
34.7113 9.09879 470
33.7658 9.06007 468
32.968 9.06007 468
32.0327 9.02136 466
31.1712 9.002 465
30.3132 8.98264 464
29.5222 8.98264 464
28.7312 8.98264 464
27.88 8.96328 463
27.0322 8.94392 462
26.1878 8.92456 461
25.4019 8.92456 461
24.5626 8.9052 460
23.7784 8.9052 460
22.8942 8.86648 458
22.1135 8.86648 458
21.2861 8.84712 457
20.507 8.84712 457
1431.18 71.8302 4069
1424.24 71.8302 4069
1417.31 71.8302 4069
1410.37 71.8302 4069
1406.88 72.0067 4079
1399.93 72.0067 4079
1392.98 72.0067 4079
1386.02 72.0067 4079
1365.54 71.3006 4039
181.051 10.0622 570
180.079 10.0622 570
179.736 10.0975 572
178.761 10.0975 572
177.786 10.0975 572
172.454 10.1858 577
171.47 10.1858 577
170.487 10.1858 577
169.503 10.1858 577
168.812 10.2035 578
167.826 10.2035 578
166.841 10.2035 578
165.856 10.2035 578
164.585 10.1858 577
163.318 10.1681 576
162.336 10.1681 576
161.354 10.1681 576
160.372 10.1681 576
159.39 10.1681 576
158.408 10.1681 576
157.426 10.1681 576
155.901 10.1328 574
154.923 10.1328 574
153.944 10.1328 574
152.965 10.1328 574
151.987 10.1328 574
151.008 10.1328 574
150.03 10.1328 574
148.532 10.0975 572
146.783 10.0446 569
145.301 10.0093 567
144.334 10.0093 567
143.367 10.0093 567
142.15 9.99161 566
140.686 9.95631 564
139.724 9.95631 564
138.763 9.95631 564
137.557 9.93865 563
136.355 9.921 562
135.156 9.90335 561
134.199 9.90335 561
133.005 9.8857 560
131.579 9.85039 558
130.16 9.81508 556
129.212 9.81508 556
128.264 9.81508 556
127.087 9.79743 555
125.914 9.77978 554
124.969 9.77978 554
124.025 9.77978 554
122.858 9.76213 553
121.916 9.76213 553
120.535 9.72682 551
119.596 9.72682 551
118.011 9.67386 548
116.008 9.58559 543
114.447 9.53264 540
112.896 9.47968 537
111.98 9.47968 537
110.858 9.46202 536
108.918 9.37376 531
107.81 9.3561 530
106.906 9.3561 530
106.003 9.3561 530
104.901 9.33845 529
103.999 9.33845 529
103.097 9.33845 529
102.196 9.33845 529
101.102 9.3208 528
100.202 9.3208 528
99.4901 9.33845 529
98.5883 9.33845 529
97.6865 9.33845 529
96.7847 9.33845 529
96.0641 9.3561 530
95.1606 9.3561 530
94.2571 9.3561 530
93.3535 9.3561 530
92.45 9.3561 530
91.5465 9.3561 530
90.643 9.3561 530
89.7395 9.3561 530
88.836 9.3561 530
87.7665 9.33845 529
86.5363 9.30315 527
48.6435 8.49111 481
47.8235 8.49111 481
47.0035 8.49111 481
46.0875 8.47345 480
45.1749 8.4558 479
44.3583 8.4558 479
43.4509 8.43815 478
42.4576 8.40284 476
41.5586 8.38519 475
40.5773 8.34988 473
39.771 8.34988 473
38.8822 8.33223 472
37.9969 8.31458 471
37.115 8.29692 470
36.3138 8.29692 470
35.5126 8.29692 470
34.6375 8.27927 469
33.7658 8.26162 468
32.968 8.26162 468
32.0327 8.22631 466
31.1712 8.20866 465
30.3132 8.19101 464
29.5222 8.19101 464
28.7312 8.19101 464
27.88 8.17335 463
27.0322 8.1557 462
26.1878 8.13805 461
25.4019 8.13805 461
24.5626 8.12039 460
23.7267 8.10274 459
22.8942 8.08509 458
22.1135 8.08509 458
21.2861 8.06743 457
20.4622 8.04978 456
1431.18 64.888 4069
1424.24 64.888 4069
1417.31 64.888 4069
1410.37 64.888 4069
1403.43 64.888 4069
1396.5 64.888 4069
1389.56 64.888 4069
1382.62 64.888 4069
1365.54 64.4096 4039
181.051 9.08975 570
180.395 9.10569 571
179.736 9.12164 572
178.761 9.12164 572
178.096 9.13759 573
177.429 9.15353 574
176.45 9.15353 574
175.472 9.15353 574
174.421 9.20138 577
173.438 9.20138 577
172.454 9.20138 577
171.47 9.20138 577
170.487 9.20138 577
169.503 9.20138 577
168.812 9.21732 578
167.826 9.21732 578
166.841 9.21732 578
165.856 9.21732 578
164.585 9.20138 577
163.318 9.18543 576
162.336 9.18543 576
161.354 9.18543 576
160.372 9.18543 576
159.39 9.18543 576
158.408 9.18543 576
157.426 9.18543 576
155.901 9.15353 574
154.923 9.15353 574
153.944 9.15353 574
152.965 9.15353 574
151.987 9.15353 574
150.745 9.13759 573
149.769 9.13759 573
148.013 9.08975 570
146.525 9.05785 568
145.301 9.04191 567
144.079 9.02596 566
143.114 9.02596 566
142.15 9.02596 566
140.686 8.99407 564
139.477 8.97812 563
138.517 8.97812 563
137.313 8.96217 562
136.112 8.94623 561
134.915 8.93028 560
133.96 8.93028 560
132.53 8.89838 558
131.108 8.86649 556
129.692 8.8346 554
128.747 8.8346 554
127.803 8.8346 554
126.629 8.81865 553
125.687 8.81865 553
124.518 8.8027 552
123.577 8.8027 552
122.636 8.8027 552
121.475 8.78676 551
120.098 8.75486 549
119.162 8.75486 549
116.934 8.65918 543
115.367 8.61134 540
114.023 8.57945 538
112.685 8.54755 536
111.772 8.54755 536
110.03 8.48376 532
108.918 8.46782 531
107.81 8.45187 530
106.906 8.45187 530
105.803 8.43592 529
104.901 8.43592 529
103.803 8.41998 528
102.902 8.41998 528
102.002 8.41998 528
101.102 8.41998 528
100.202 8.41998 528
99.302 8.41998 528
98.4019 8.41998 528
97.6865 8.43592 529
96.7847 8.43592 529
95.8828 8.43592 529
94.981 8.43592 529
94.2571 8.45187 530
93.3535 8.45187 530
92.45 8.45187 530
91.5465 8.45187 530
90.643 8.45187 530
89.7395 8.45187 530
88.836 8.45187 530
87.7665 8.43592 529
48.6435 7.67047 481
47.8235 7.67047 481
47.0035 7.67047 481
46.0875 7.65452 480
45.1749 7.63858 479
44.3583 7.63858 479
43.4509 7.62263 478
42.4576 7.59074 476
41.5586 7.57479 475
40.5773 7.5429 473
39.771 7.5429 473
38.7999 7.511 471
37.9969 7.511 471
37.115 7.49506 470
36.3138 7.49506 470
35.5126 7.49506 470
34.6375 7.47911 469
33.7658 7.46316 468
32.968 7.46316 468
32.0327 7.43127 466
31.1712 7.41532 465
30.3132 7.39937 464
29.5222 7.39937 464
28.6693 7.38343 463
27.88 7.38343 463
27.0322 7.36748 462
26.1878 7.35153 461
25.4019 7.35153 461
24.5626 7.33559 460
23.7267 7.31964 459
22.8443 7.28774 457
22.0652 7.28774 457
21.2395 7.2718 456
20.4622 7.2718 456
1410.34 57.6611 4049
1403.44 57.6611 4049
1396.54 57.6611 4049
181.368 8.13151 571
180.395 8.13151 571
179.736 8.14575 572
178.761 8.14575 572
178.096 8.15999 573
177.429 8.17423 574
176.45 8.17423 574
175.472 8.17423 574
174.421 8.21695 577
173.438 8.21695 577
172.454 8.21695 577
171.47 8.21695 577
170.487 8.21695 577
169.503 8.21695 577
168.52 8.21695 577
167.536 8.21695 577
166.552 8.21695 577
165.569 8.21695 577
164.585 8.21695 577
163.318 8.20271 576
162.336 8.20271 576
161.074 8.18847 575
160.094 8.18847 575
159.113 8.18847 575
158.133 8.18847 575
157.153 8.18847 575
155.901 8.17423 574
154.923 8.17423 574
153.944 8.17423 574
152.965 8.17423 574
151.987 8.17423 574
150.745 8.15999 573
149.769 8.15999 573
148.013 8.11727 570
146.525 8.08879 568
145.301 8.07455 567
144.079 8.0603 566
143.114 8.0603 566
142.15 8.0603 566
140.686 8.03182 564
139.477 8.01758 563
138.517 8.01758 563
137.313 8.00334 562
136.112 7.9891 561
134.915 7.97486 560
133.96 7.97486 560
132.53 7.94638 558
131.108 7.9179 556
129.692 7.88941 554
128.747 7.88941 554
127.803 7.88941 554
126.629 7.87517 553
125.687 7.87517 553
124.518 7.86093 552
123.577 7.86093 552
122.636 7.86093 552
121.254 7.83245 550
119.223 7.76125 545
118.294 7.76125 545
116.934 7.73277 543
115.367 7.69004 540
114.023 7.66156 538
112.685 7.63308 536
111.772 7.63308 536
109.824 7.56188 531
108.918 7.56188 531
107.81 7.54764 530
106.906 7.54764 530
105.803 7.53339 529
104.703 7.51915 528
103.803 7.51915 528
102.902 7.51915 528
102.002 7.51915 528
101.102 7.51915 528
100.202 7.51915 528
99.302 7.51915 528
98.4019 7.51915 528
97.5018 7.51915 528
96.7847 7.53339 529
95.8828 7.53339 529
94.981 7.53339 529
94.0792 7.53339 529
93.3535 7.54764 530
92.45 7.54764 530
91.5465 7.54764 530
90.814 7.56188 531
89.9088 7.56188 531
89.0036 7.56188 531
48.4412 6.82135 479
47.6246 6.82135 479
46.8081 6.82135 479
45.9915 6.82135 479
45.1749 6.82135 479
44.3583 6.82135 479
43.36 6.79287 477
42.3684 6.76439 475
41.4712 6.75015 474
40.4915 6.72167 472
39.6869 6.72167 472
38.7999 6.70743 471
37.9969 6.70743 471
37.115 6.69319 470
36.3138 6.69319 470
35.5126 6.69319 470
34.6375 6.67895 469
33.7658 6.6647 468
32.968 6.6647 468
32.0327 6.63622 466
31.1712 6.62198 465
30.3132 6.60774 464
29.5222 6.60774 464
28.6693 6.5935 463
27.88 6.5935 463
27.0322 6.57926 462
26.1878 6.56502 461
25.4019 6.56502 461
24.5626 6.55078 460
23.7267 6.53654 459
22.8443 6.50806 457
22.0652 6.50806 457
21.2395 6.49381 456
20.4622 6.49381 456
181.368 7.15732 571
180.395 7.15732 571
179.422 7.15732 571
179.073 7.18239 573
178.096 7.18239 573
177.429 7.19493 574
176.45 7.19493 574
175.472 7.19493 574
174.493 7.19493 574
174.421 7.23253 577
173.438 7.23253 577
172.454 7.23253 577
171.47 7.23253 577
170.487 7.23253 577
169.209 7.22 576
168.227 7.22 576
167.246 7.22 576
166.264 7.22 576
165.282 7.22 576
164.3 7.22 576
163.034 7.20746 575
162.054 7.20746 575
161.074 7.20746 575
159.815 7.19493 574
158.837 7.19493 574
157.858 7.19493 574
156.88 7.19493 574
155.629 7.18239 573
154.653 7.18239 573
153.676 7.18239 573
152.699 7.18239 573
151.722 7.18239 573
150.482 7.16986 572
149.507 7.16986 572
147.753 7.13225 569
146.267 7.10718 567
145.044 7.09465 566
144.079 7.09465 566
143.114 7.09465 566
141.898 7.08212 565
140.436 7.05705 563
139.477 7.05705 563
138.517 7.05705 563
137.068 7.03198 561
135.869 7.01944 560
134.674 7.00691 559
133.721 7.00691 559
132.055 6.9693 556
130.636 6.94423 554
129.692 6.94423 554
128.515 6.9317 553
127.572 6.9317 553
126.629 6.9317 553
125.459 6.91916 552
124.518 6.91916 552
123.577 6.91916 552
122.414 6.90663 551
121.254 6.89409 550
119.223 6.83142 545
118.294 6.83142 545
116.934 6.80635 543
115.367 6.76875 540
114.023 6.74368 538
112.685 6.71861 536
111.772 6.71861 536
109.824 6.65594 531
108.918 6.65594 531
107.81 6.6434 530
106.906 6.6434 530
105.803 6.63087 529
104.703 6.61833 528
103.803 6.61833 528
102.902 6.61833 528
102.002 6.61833 528
101.102 6.61833 528
100.202 6.61833 528
99.302 6.61833 528
98.4019 6.61833 528
97.5018 6.61833 528
96.7847 6.63087 529
95.8828 6.63087 529
94.981 6.63087 529
94.0792 6.63087 529
93.3535 6.6434 530
92.45 6.6434 530
91.5465 6.6434 530
90.814 6.65594 531
89.9088 6.65594 531
89.0036 6.65594 531
48.4412 6.00413 479
47.6246 6.00413 479
46.8081 6.00413 479
45.9915 6.00413 479
45.0806 5.9916 478
44.2657 5.9916 478
43.2691 5.96653 476
42.1008 5.91639 472
41.2962 5.91639 472
40.4057 5.90385 471
39.6028 5.90385 471
38.7999 5.90385 471
37.9163 5.89132 470
37.115 5.89132 470
36.3138 5.89132 470
35.437 5.87878 469
34.5636 5.86625 468
33.6937 5.85371 467
32.8975 5.85371 467
31.9639 5.82864 465
31.1712 5.82864 465
30.3132 5.81611 464
29.5222 5.81611 464
28.6693 5.80357 463
27.8198 5.79104 462
26.9736 5.7785 461
26.131 5.76597 460
25.3468 5.76597 460
24.5092 5.75344 459
23.675 5.7409 458
22.8443 5.72837 457
22.0652 5.72837 457
21.2395 5.71583 456
20.4622 5.71583 456
181.368 6.18314 571
180.711 6.19397 572
179.736 6.19397 572
179.386 6.21562 574
178.407 6.21562 574
177.429 6.21562 574
176.45 6.21562 574
175.472 6.21562 574
174.493 6.21562 574
174.421 6.24811 577
173.438 6.24811 577
172.454 6.24811 577
171.173 6.23728 576
170.191 6.23728 576
169.209 6.23728 576
167.935 6.22645 575
166.955 6.22645 575
165.975 6.22645 575
164.995 6.22645 575
164.014 6.22645 575
163.034 6.22645 575
162.054 6.22645 575
160.794 6.21562 574
159.815 6.21562 574
158.56 6.2048 573
157.583 6.2048 573
156.606 6.2048 573
155.358 6.19397 572
154.383 6.19397 572
153.408 6.19397 572
152.433 6.19397 572
151.457 6.19397 572
149.956 6.17231 570
148.984 6.17231 570
147.753 6.16148 569
146.267 6.13982 567
145.044 6.129 566
143.825 6.11817 565
142.862 6.11817 565
141.647 6.10734 564
140.436 6.09651 563
139.229 6.08568 562
138.271 6.08568 562
136.824 6.06402 560
135.627 6.0532 559
134.192 6.03154 557
133.242 6.03154 557
132.055 6.02071 556
130.636 5.99905 554
129.457 5.98822 553
128.515 5.98822 553
127.572 5.98822 553
126.4 5.9774 552
125.232 5.96657 551
124.293 5.96657 551
123.353 5.96657 551
122.192 5.95574 550
121.034 5.94491 549
119.004 5.89077 544
118.077 5.89077 544
116.719 5.86911 542
115.367 5.84745 540
114.023 5.82579 538
112.685 5.80414 536
111.772 5.80414 536
109.824 5.74999 531
108.713 5.73917 530
107.81 5.73917 530
106.906 5.73917 530
105.603 5.71751 528
104.703 5.71751 528
103.803 5.71751 528
102.902 5.71751 528
102.002 5.71751 528
101.102 5.71751 528
100.012 5.70668 527
99.1139 5.70668 527
98.2155 5.70668 527
97.5018 5.71751 528
96.6017 5.71751 528
95.7016 5.71751 528
94.8015 5.71751 528
94.0792 5.72834 529
93.3535 5.73917 530
92.45 5.73917 530
91.5465 5.73917 530
90.814 5.74999 531
89.9088 5.74999 531
89.0036 5.74999 531
48.3401 5.17608 478
47.5252 5.17608 478
46.7103 5.17608 478
45.8955 5.17608 478
44.9863 5.16525 477
44.1731 5.16525 477
41.1212 5.08945 470
40.32 5.08945 470
39.5187 5.08945 470
38.7175 5.08945 470
37.9163 5.08945 470
37.0361 5.07862 469
36.2365 5.07862 469
35.3614 5.06779 468
34.4898 5.05696 467
33.6215 5.04613 466
32.8271 5.04613 466
31.9639 5.03531 465
31.1042 5.02448 464
30.3132 5.02448 464
29.5222 5.02448 464
28.6693 5.01365 463
27.8198 5.00282 462
26.9736 4.99199 461
26.0741 4.97033 459
25.2917 4.97033 459
24.4558 4.95951 458
23.675 4.95951 458
22.8942 4.95951 458
22.1135 4.95951 458
21.2395 4.93785 456
20.4173 4.92702 455
181.368 5.20895 571
180.711 5.21808 572
179.736 5.21808 572
179.386 5.23632 574
178.407 5.23632 574
177.429 5.23632 574
176.45 5.23632 574
175.472 5.23632 574
174.493 5.23632 574
174.421 5.26369 577
173.438 5.26369 577
172.454 5.26369 577
171.173 5.25457 576
170.191 5.25457 576
169.209 5.25457 576
167.935 5.24544 575
166.955 5.24544 575
165.975 5.24544 575
164.995 5.24544 575
164.014 5.24544 575
163.034 5.24544 575
162.054 5.24544 575
160.794 5.23632 574
159.815 5.23632 574
158.56 5.2272 573
157.583 5.2272 573
156.606 5.2272 573
155.358 5.21808 572
154.383 5.21808 572
153.408 5.21808 572
151.9 5.19983 570
150.928 5.19983 570
149.693 5.19071 569
148.723 5.19071 569
147.234 5.17246 567
146.009 5.16334 566
145.044 5.16334 566
143.825 5.15422 565
142.862 5.15422 565
141.647 5.1451 564
140.187 5.12685 562
138.981 5.11773 561
138.025 5.11773 561
136.58 5.09948 559
135.142 5.08124 557
133.951 5.07212 556
133.003 5.07212 556
131.818 5.06299 555
130.4 5.04475 553
129.457 5.04475 553
128.282 5.03563 552
127.341 5.03563 552
126.171 5.0265 551
125.232 5.0265 551
124.067 5.01738 550
123.129 5.01738 550
122.192 5.01738 550
120.813 4.99914 548
119.004 4.96265 544
118.077 4.96265 544
116.719 4.9444 542
115.154 4.91703 539
113.599 4.88967 536
112.265 4.87142 534
111.354 4.87142 534
109.824 4.84405 531
108.713 4.83493 530
107.606 4.82581 529
106.705 4.82581 529
105.603 4.81669 528
104.703 4.81669 528
103.803 4.81669 528
102.902 4.81669 528
102.002 4.81669 528
100.911 4.80756 527
100.012 4.80756 527
99.1139 4.80756 527
98.2155 4.80756 527
97.3171 4.80756 527
96.4187 4.80756 527
95.5203 4.80756 527
94.6219 4.80756 527
93.9014 4.81669 528
93.0013 4.81669 528
92.45 4.83493 530
91.5465 4.83493 530
90.643 4.83493 530
49.1549 4.36056 478
48.3401 4.36056 478
47.5252 4.36056 478
46.7103 4.36056 478
45.8955 4.36056 478
44.9863 4.35144 477
44.1731 4.35144 477
41.1212 4.28758 470
40.32 4.28758 470
39.5187 4.28758 470
38.7175 4.28758 470
37.8356 4.27846 469
37.0361 4.27846 469
36.2365 4.27846 469
35.2859 4.26021 467
34.4159 4.25109 466
33.5494 4.24197 465
32.7566 4.24197 465
31.9639 4.24197 465
31.1042 4.23284 464
30.2479 4.22372 463
29.4586 4.22372 463
28.6693 4.22372 463
27.8198 4.2146 462
26.9736 4.20548 461
26.131 4.19635 460
25.3468 4.19635 460
24.4558 4.17811 458
23.675 4.17811 458
22.8942 4.17811 458
22.1135 4.17811 458
180.711 4.24218 572
179.736 4.24218 572
179.386 4.25702 574
178.407 4.25702 574
177.429 4.25702 574
176.45 4.25702 574
175.166 4.2496 573
174.493 4.25702 574
174.119 4.27185 576
173.137 4.27185 576
172.155 4.27185 576
171.173 4.27185 576
170.191 4.27185 576
169.209 4.27185 576
167.935 4.26443 575
166.955 4.26443 575
165.975 4.26443 575
164.995 4.26443 575
164.014 4.26443 575
162.751 4.25702 574
161.772 4.25702 574
160.514 4.2496 573
159.537 4.2496 573
158.283 4.24218 572
157.308 4.24218 572
156.333 4.24218 572
155.086 4.23477 571
153.843 4.22735 570
152.871 4.22735 570
151.9 4.22735 570
150.928 4.22735 570
149.693 4.21994 569
148.723 4.21994 569
147.234 4.2051 567
146.009 4.19769 566
145.044 4.19769 566
143.825 4.19027 565
142.862 4.19027 565
141.647 4.18285 564
140.187 4.16802 562
138.981 4.1606 561
138.025 4.1606 561
136.58 4.14577 559
135.142 4.13094 557
133.951 4.12352 556
133.003 4.12352 556
131.818 4.11611 555
130.4 4.10127 553
129.457 4.10127 553
128.282 4.09386 552
127.341 4.09386 552
126.171 4.08644 551
125.232 4.08644 551
124.067 4.07902 550
123.129 4.07902 550
122.192 4.07902 550
120.593 4.05677 547
119.004 4.03453 544
118.077 4.03453 544
116.719 4.01969 542
115.154 3.99744 539
113.599 3.97519 536
112.055 3.95294 533
111.146 3.95294 533
109.617 3.9307 530
108.508 3.92328 529
107.606 3.92328 529
106.705 3.92328 529
105.603 3.91586 528
104.703 3.91586 528
103.803 3.91586 528
102.902 3.91586 528
102.002 3.91586 528
100.911 3.90845 527
99.8226 3.90103 526
98.9259 3.90103 526
98.0292 3.90103 526
97.1325 3.90103 526
96.4187 3.90845 527
95.5203 3.90845 527
94.6219 3.90845 527
93.7235 3.90845 527
92.8251 3.90845 527
92.1012 3.91586 528
91.2011 3.91586 528
90.3009 3.91586 528
49.1549 3.54504 478
48.3401 3.54504 478
47.5252 3.54504 478
46.7103 3.54504 478
45.7994 3.53763 477
44.892 3.53021 476
44.0805 3.53021 476
41.1212 3.48571 470
40.32 3.48571 470
39.5187 3.48571 470
38.7175 3.48571 470
37.8356 3.47829 469
37.0361 3.47829 469
36.2365 3.47829 469
35.3614 3.47088 468
34.4898 3.46346 467
33.6215 3.45605 466
32.8271 3.45605 466
31.9639 3.44863 465
31.1042 3.44121 464
30.3132 3.44121 464
29.5222 3.44121 464
28.6693 3.4338 463
27.8198 3.42638 462
26.9736 3.41896 461
26.1878 3.41896 461
25.3468 3.41155 460
24.5092 3.40413 459
23.675 3.39671 458
22.8942 3.39671 458
22.1135 3.39671 458
179.386 3.27771 574
178.407 3.27771 574
177.429 3.27771 574
176.45 3.27771 574
175.166 3.272 573
174.189 3.272 573
174.119 3.28913 576
173.137 3.28913 576
172.155 3.28913 576
171.173 3.28913 576
170.191 3.28913 576
169.209 3.28913 576
167.935 3.28342 575
166.955 3.28342 575
165.975 3.28342 575
164.995 3.28342 575
164.014 3.28342 575
162.467 3.272 573
161.49 3.272 573
160.514 3.272 573
159.258 3.26629 572
158.006 3.26058 571
157.033 3.26058 571
156.06 3.26058 571
154.543 3.24916 569
153.573 3.24916 569
152.603 3.24916 569
151.633 3.24916 569
150.663 3.24916 569
149.43 3.24345 568
148.2 3.23774 567
147.234 3.23774 567
146.009 3.23203 566
144.788 3.22632 565
143.57 3.22061 564
142.609 3.22061 564
141.396 3.2149 563
140.187 3.20919 562
138.981 3.20348 561
138.025 3.20348 561
136.58 3.19206 559
134.899 3.17493 556
133.71 3.16922 555
132.764 3.16922 555
131.58 3.16351 554
130.4 3.1578 553
129.223 3.15209 552
128.282 3.15209 552
127.341 3.15209 552
126.171 3.14638 551
125.005 3.14067 550
124.067 3.14067 550
123.129 3.14067 550
121.97 3.13496 549
120.593 3.12354 547
119.004 3.1064 544
118.077 3.1064 544
116.719 3.09498 542
115.154 3.07785 539
113.599 3.06072 536
112.055 3.04359 533
111.146 3.04359 533
109.617 3.02646 530
108.508 3.02075 529
107.606 3.02075 529
106.705 3.02075 529
105.603 3.01504 528
104.703 3.01504 528
103.803 3.01504 528
102.902 3.01504 528
102.002 3.01504 528
100.911 3.00933 527
99.8226 3.00362 526
98.9259 3.00362 526
98.0292 3.00362 526
97.1325 3.00362 526
96.4187 3.00933 527
95.5203 3.00933 527
94.6219 3.00933 527
93.7235 3.00933 527
92.8251 3.00933 527
91.9267 3.00933 527
90.3374 2.98649 523
49.1549 2.72952 478
48.3401 2.72952 478
47.5252 2.72952 478
46.7103 2.72952 478
45.7994 2.72381 477
44.892 2.7181 476
44.0805 2.7181 476
41.1212 2.68384 470
40.32 2.68384 470
39.5187 2.68384 470
38.7175 2.68384 470
37.8356 2.67813 469
37.0361 2.67813 469
36.2365 2.67813 469
35.3614 2.67242 468
34.4898 2.66671 467
33.6215 2.661 466
32.8271 2.661 466
31.9639 2.65529 465
31.1042 2.64958 464
30.3132 2.64958 464
29.5222 2.64958 464
28.6693 2.64387 463
27.7595 2.63245 461
26.9736 2.63245 461
26.1878 2.63245 461
25.3468 2.62674 460
24.5092 2.62103 459
23.675 2.61532 458
174.119 2.30642 576
173.137 2.30642 576
172.155 2.30642 576
171.173 2.30642 576
170.191 2.30642 576
169.209 2.30642 576
167.935 2.30241 575
166.955 2.30241 575
165.975 2.30241 575
164.708 2.29841 574
163.729 2.29841 574
162.467 2.29441 573
161.49 2.29441 573
160.233 2.2904 572
158.98 2.2864 571
157.73 2.28239 570
156.758 2.28239 570
155.513 2.27839 569
154.271 2.27439 568
153.303 2.27439 568
152.335 2.27439 568
151.367 2.27439 568
150.398 2.27439 568
149.167 2.27038 567
147.939 2.26638 566
146.974 2.26638 566
145.751 2.26237 565
144.532 2.25837 564
143.316 2.25436 563
142.356 2.25436 563
141.145 2.25036 562
139.937 2.24636 561
138.486 2.23835 559
137.533 2.23835 559
136.091 2.23034 557
134.656 2.22233 555
133.469 2.21833 554
132.525 2.21833 554
131.343 2.21432 553
130.164 2.21032 552
129.223 2.21032 552
128.282 2.21032 552
127.111 2.20631 551
126.171 2.20631 551
125.005 2.20231 550
123.841 2.19831 549
122.906 2.19831 549
121.747 2.1943 548
120.372 2.18629 546
118.785 2.17428 543
117.86 2.17428 543
116.719 2.17028 542
115.154 2.15826 539
113.387 2.14225 535
111.844 2.13023 532
110.937 2.13023 532
109.617 2.12223 530
108.508 2.11822 529
107.606 2.11822 529
106.705 2.11822 529
105.403 2.11021 527
104.504 2.11021 527
103.606 2.11021 527
102.708 2.11021 527
101.809 2.11021 527
100.719 2.10621 526
99.6328 2.1022 525
98.7378 2.1022 525
97.6564 2.0982 524
96.7632 2.0982 524
96.0528 2.1022 525
95.1578 2.1022 525
94.2628 2.1022 525
93.3678 2.1022 525
92.2967 2.0982 524
91.4034 2.0982 524
90.3374 2.0942 523
49.1549 1.91401 478
48.3401 1.91401 478
47.5252 1.91401 478
46.6126 1.91 477
45.7994 1.91 477
44.892 1.906 476
44.0805 1.906 476
41.1212 1.88197 470
40.32 1.88197 470
39.5187 1.88197 470
38.7175 1.88197 470
37.8356 1.87797 469
37.0361 1.87797 469
36.2365 1.87797 469
35.3614 1.87397 468
34.4898 1.86996 467
33.6215 1.86596 466
32.8271 1.86596 466
31.9639 1.86195 465
31.1042 1.85795 464
30.3132 1.85795 464
29.5222 1.85795 464
28.6693 1.85394 463
27.7595 1.84594 461
26.9736 1.84594 461
26.1878 1.84594 461
25.3468 1.84193 460
24.5092 1.83793 459
174.421 1.326 577
173.438 1.326 577
172.454 1.326 577
171.173 1.3237 576
170.191 1.3237 576
169.209 1.3237 576
167.935 1.32141 575
166.955 1.32141 575
165.975 1.32141 575
164.708 1.31911 574
163.729 1.31911 574
162.467 1.31681 573
161.49 1.31681 573
160.233 1.31451 572
158.98 1.31221 571
157.73 1.30991 570
156.758 1.30991 570
155.513 1.30762 569
154.271 1.30532 568
153.303 1.30532 568
152.335 1.30532 568
151.367 1.30532 568
150.133 1.30302 567
148.904 1.30072 566
147.678 1.29842 565
146.714 1.29842 565
145.493 1.29613 564
144.532 1.29613 564
143.316 1.29383 563
142.356 1.29383 563
141.145 1.29153 562
139.688 1.28693 560
138.238 1.28234 558
137.287 1.28234 558
135.847 1.27774 556
134.414 1.27315 554
133.228 1.27085 553
132.286 1.27085 553
131.343 1.27085 553
130.164 1.26855 552
128.989 1.26625 551
128.05 1.26625 551
127.111 1.26625 551
125.942 1.26395 550
124.777 1.26165 549
123.616 1.25936 548
122.682 1.25936 548
121.303 1.25476 546
120.152 1.25246 545
118.567 1.24557 542
117.643 1.24557 542
116.288 1.24097 540
114.94 1.23638 538
113.175 1.22718 534
111.844 1.22259 532
110.937 1.22259 532
109.617 1.21799 530
108.508 1.21569 529
107.606 1.21569 529
106.705 1.21569 529
105.403 1.2111 527
104.504 1.2111 527
103.606 1.2111 527
102.708 1.2111 527
101.616 1.2088 526
100.528 1.2065 525
99.443 1.2042 524
98.5497 1.2042 524
97.2837 1.19961 522
96.3938 1.19961 522
95.6869 1.2019 523
94.7953 1.2019 523
93.9037 1.2019 523
93.0122 1.2019 523
92.1206 1.2019 523
91.229 1.2019 523
89.992 1.19731 521
49.1549 1.09849 478
48.3401 1.09849 478
47.5252 1.09849 478
46.6126 1.09619 477
45.7994 1.09619 477
44.892 1.09389 476
44.0805 1.09389 476
41.1212 1.08011 470
40.32 1.08011 470
39.5187 1.08011 470
38.7175 1.08011 470
37.8356 1.07781 469
37.0361 1.07781 469
36.2365 1.07781 469
35.2859 1.07321 467
34.4159 1.07091 466
33.5494 1.06861 465
32.7566 1.06861 465
31.9639 1.06861 465
31.1042 1.06632 464
30.3132 1.06632 464
29.5222 1.06632 464
28.6693 1.06402 463
27.7595 1.05942 461
26.9736 1.05942 461
26.1878 1.05942 461
25.3468 1.05712 460
174.421 0.341579 577
173.438 0.341579 577
172.454 0.341579 577
171.173 0.340987 576
170.191 0.340987 576
169.209 0.340987 576
167.935 0.340395 575
166.955 0.340395 575
165.975 0.340395 575
164.708 0.339803 574
163.729 0.339803 574
162.467 0.339211 573
161.49 0.339211 573
160.233 0.33862 572
158.701 0.337436 570
157.73 0.337436 570
156.758 0.337436 570
155.24 0.336252 568
154 0.33566 567
153.033 0.33566 567
152.067 0.33566 567
151.1 0.33566 567
150.133 0.33566 567
148.904 0.335068 566
147.678 0.334476 565
146.714 0.334476 565
145.493 0.333884 564
144.532 0.333884 564
143.316 0.333292 563
142.356 0.333292 563
141.145 0.3327 562
139.688 0.331516 560
138.238 0.330332 558
137.287 0.330332 558
135.847 0.329148 556
134.414 0.327964 554
133.228 0.327372 553
132.286 0.327372 553
131.343 0.327372 553
130.164 0.32678 552
128.989 0.326188 551
128.05 0.326188 551
127.111 0.326188 551
125.942 0.325596 550
124.777 0.325004 549
123.841 0.325004 549
122.906 0.325004 549
121.747 0.324412 548
120.152 0.322636 545
118.567 0.32086 542
117.643 0.32086 542
116.288 0.319676 540
114.94 0.318492 538
113.175 0.316124 534
111.634 0.314348 531
110.729 0.314348 531
109.41 0.313164 529
108.508 0.313164 529
107.403 0.312572 528
106.503 0.312572 528
105.403 0.31198 527
104.504 0.31198 527
103.606 0.31198 527
102.708 0.31198 527
101.616 0.311388 526
100.528 0.310796 525
99.443 0.310204 524
98.5497 0.310204 524
97.4701 0.309612 523
96.5785 0.309612 523
95.8699 0.310204 524
94.9766 0.310204 524
94.0833 0.310204 524
93.19 0.310204 524
91.9444 0.30902 522
91.0546 0.30902 522
49.1549 0.282972 478
48.3401 0.282972 478
47.5252 0.282972 478
46.6126 0.28238 477
45.6074 0.281196 475
44.7977 0.281196 475
43.9879 0.281196 475
41.1212 0.278236 470
40.32 0.278236 470
39.5187 0.278236 470
38.7175 0.278236 470
37.8356 0.277644 469
37.0361 0.277644 469
36.2365 0.277644 469
35.2859 0.27646 467
34.4159 0.275868 466
33.5494 0.275276 465
32.7566 0.275276 465
31.9639 0.275276 465
31.1042 0.274684 464
30.3132 0.274684 464
29.5222 0.274684 464
28.6693 0.274092 463
27.7595 0.272908 461
26.9736 0.272908 461
26.1878 0.272908 461
25.3468 0.272316 460
177.738 -0.640614 575
176.757 -0.640614 575
176.083 -0.641728 576
175.101 -0.641728 576
174.421 -0.642842 577
173.438 -0.642842 577
172.454 -0.642842 577
171.173 -0.641728 576
170.191 -0.641728 576
169.209 -0.641728 576
167.935 -0.640614 575
166.955 -0.640614 575
165.975 -0.640614 575
164.708 -0.6395 574
163.729 -0.6395 574
162.184 -0.637272 572
161.209 -0.637272 572
160.233 -0.637272 572
158.701 -0.635044 570
157.176 -0.632815 568
156.208 -0.632815 568
154.966 -0.631701 567
153.728 -0.630587 566
152.763 -0.630587 566
151.798 -0.630587 566
150.834 -0.630587 566
149.869 -0.630587 566
148.641 -0.629473 565
147.678 -0.629473 565
146.714 -0.629473 565
145.493 -0.628359 564
144.275 -0.627245 563
143.061 -0.626131 562
142.103 -0.626131 562
140.894 -0.625017 561
139.688 -0.623902 560
137.99 -0.62056 557
137.041 -0.62056 557
135.602 -0.618332 555
134.414 -0.617218 554
133.228 -0.616104 553
132.286 -0.616104 553
131.343 -0.616104 553
130.164 -0.61499 552
128.989 -0.613875 551
128.05 -0.613875 551
127.111 -0.613875 551
125.942 -0.612761 550
124.777 -0.611647 549
123.841 -0.611647 549
122.906 -0.611647 549
121.747 -0.610533 548
120.152 -0.607191 545
118.567 -0.603848 542
117.643 -0.603848 542
116.288 -0.60162 540
114.94 -0.599392 538
113.175 -0.594936 534
111.634 -0.591593 531
110.729 -0.591593 531
109.41 -0.589365 529
108.508 -0.589365 529
107.403 -0.588251 528
106.503 -0.588251 528
105.403 -0.587137 527
104.504 -0.587137 527
103.606 -0.587137 527
102.708 -0.587137 527
101.616 -0.586023 526
100.528 -0.584909 525
99.443 -0.583794 524
98.5497 -0.583794 524
97.4701 -0.58268 523
96.7632 -0.583794 524
95.8699 -0.583794 524
94.9766 -0.583794 524
94.0833 -0.583794 524
93.19 -0.583794 524
91.9444 -0.581566 522
91.0546 -0.581566 522
48.1378 -0.530317 476
47.3264 -0.530317 476
46.5149 -0.530317 476
45.6074 -0.529203 475
44.7034 -0.528089 474
43.8953 -0.528089 474
39.4346 -0.522518 469
38.6351 -0.522518 469
37.8356 -0.522518 469
37.0361 -0.522518 469
36.2365 -0.522518 469
35.2103 -0.519176 466
34.4159 -0.519176 466
33.5494 -0.518062 465
32.7566 -0.518062 465
31.8952 -0.516948 464
31.1042 -0.516948 464
30.2479 -0.515834 463
29.4586 -0.515834 463
28.6073 -0.51472 462
27.7595 -0.513605 461
26.9151 -0.512491 460
26.131 -0.512491 460
25.3468 -0.512491 460
178.407 -1.6188 574
177.738 -1.62162 575
176.757 -1.62162 575
176.083 -1.62444 576
175.101 -1.62444 576
174.421 -1.62726 577
173.438 -1.62726 577
172.454 -1.62726 577
171.173 -1.62444 576
170.191 -1.62444 576
169.209 -1.62444 576
167.935 -1.62162 575
166.955 -1.62162 575
165.975 -1.62162 575
164.708 -1.6188 574
163.729 -1.6188 574
162.184 -1.61316 572
161.209 -1.61316 572
159.953 -1.61034 571
158.701 -1.60752 570
156.9 -1.59906 567
155.933 -1.59906 567
154.966 -1.59906 567
153.728 -1.59624 566
152.763 -1.59624 566
151.798 -1.59624 566
150.567 -1.59342 565
149.604 -1.59342 565
148.641 -1.59342 565
147.678 -1.59342 565
146.455 -1.5906 564
145.493 -1.5906 564
144.275 -1.58778 563
143.061 -1.58496 562
142.103 -1.58496 562
140.894 -1.58214 561
139.439 -1.5765 559
137.742 -1.56804 556
136.795 -1.56804 556
135.602 -1.56522 555
134.414 -1.5624 554
133.228 -1.55958 553
132.286 -1.55958 553
131.343 -1.55958 553
130.164 -1.55676 552
129.223 -1.55676 552
128.282 -1.55676 552
127.111 -1.55394 551
125.942 -1.55112 550
125.005 -1.55112 550
124.067 -1.55112 550
122.906 -1.5483 549
121.747 -1.54548 548
112.327 -1.49471 530
111.424 -1.49471 530
110.52 -1.49471 530
109.203 -1.48907 528
108.303 -1.48907 528
107.403 -1.48907 528
106.503 -1.48907 528
105.403 -1.48625 527
104.504 -1.48625 527
103.606 -1.48625 527
102.708 -1.48625 527
101.616 -1.48343 526
100.528 -1.48061 525
99.443 -1.47779 524
98.5497 -1.47779 524
97.4701 -1.47497 523
96.7632 -1.47779 524
95.8699 -1.47779 524
94.9766 -1.47779 524
94.0833 -1.47779 524
93.19 -1.47779 524
37.3516 -1.30576 463
36.5623 -1.30576 463
35.8502 -1.30858 464
35.0592 -1.30858 464
34.2682 -1.30858 464
33.4051 -1.30576 463
32.6158 -1.30576 463
31.8265 -1.30576 463
31.0372 -1.30576 463
30.1825 -1.30294 462
29.3949 -1.30294 462
28.5454 -1.30012 461
27.6993 -1.2973 460
26.8566 -1.29448 459
178.407 -2.59811 574
177.738 -2.60263 575
176.757 -2.60263 575
176.083 -2.60716 576
175.101 -2.60716 576
174.421 -2.61169 577
173.438 -2.61169 577
172.454 -2.61169 577
171.173 -2.60716 576
170.191 -2.60716 576
169.209 -2.60716 576
167.935 -2.60263 575
166.955 -2.60263 575
165.975 -2.60263 575
164.708 -2.59811 574
163.729 -2.59811 574
162.184 -2.58905 572
161.209 -2.58905 572
159.953 -2.58453 571
158.701 -2.58 570
156.9 -2.56642 567
155.933 -2.56642 567
154.966 -2.56642 567
153.728 -2.5619 566
152.763 -2.5619 566
151.798 -2.5619 566
150.567 -2.55737 565
149.604 -2.55737 565
148.641 -2.55737 565
147.678 -2.55737 565
146.455 -2.55284 564
145.235 -2.54832 563
144.275 -2.54832 563
143.061 -2.54379 562
142.103 -2.54379 562
140.894 -2.53926 561
139.439 -2.53021 559
137.742 -2.51663 556
136.795 -2.51663 556
135.602 -2.51211 555
134.414 -2.50758 554
133.228 -2.50305 553
132.286 -2.50305 553
131.343 -2.50305 553
130.164 -2.49853 552
129.223 -2.49853 552
128.282 -2.49853 552
127.111 -2.494 551
125.942 -2.48948 550
125.005 -2.48948 550
124.067 -2.48948 550
122.906 -2.48495 549
110.373 -2.37632 525
109.478 -2.37632 525
108.583 -2.37632 525
107.483 -2.37179 524
106.793 -2.37632 525
106.301 -2.38537 527
105.403 -2.38537 527
104.504 -2.38537 527
103.409 -2.38084 526
102.513 -2.38084 526
101.616 -2.38084 526
100.528 -2.37632 525
99.443 -2.37179 524
98.5497 -2.37179 524
97.4701 -2.36726 523
96.7632 -2.37179 524
96.0528 -2.37632 525
95.1578 -2.37632 525
94.2628 -2.37632 525
93.3678 -2.37632 525
92.2967 -2.37179 524
91.4034 -2.37179 524
37.3516 -2.09569 463
36.5623 -2.09569 463
35.773 -2.09569 463
34.9837 -2.09569 463
34.1944 -2.09569 463
33.3329 -2.09116 462
32.5453 -2.09116 462
31.7577 -2.09116 462
30.9701 -2.09116 462
30.1172 -2.08663 461
29.3313 -2.08663 461
28.4835 -2.08211 460
27.6391 -2.07758 459
26.7981 -2.07305 458
181.659 -3.58364 575
180.678 -3.58364 575
179.698 -3.58364 575
178.718 -3.58364 575
177.738 -3.58364 575
176.757 -3.58364 575
175.777 -3.58364 575
175.101 -3.58988 576
174.119 -3.58988 576
173.137 -3.58988 576
172.155 -3.58988 576
171.173 -3.58988 576
170.191 -3.58988 576
168.916 -3.58364 575
167.935 -3.58364 575
166.665 -3.57741 574
165.686 -3.57741 574
164.708 -3.57741 574
163.444 -3.57118 573
161.9 -3.55871 571
160.927 -3.55871 571
159.673 -3.55248 570
158.423 -3.54625 569
156.9 -3.53378 567
155.933 -3.53378 567
154.693 -3.52755 566
153.728 -3.52755 566
152.493 -3.52132 565
151.53 -3.52132 565
150.567 -3.52132 565
149.604 -3.52132 565
148.641 -3.52132 565
147.678 -3.52132 565
146.455 -3.51509 564
145.235 -3.50885 563
144.275 -3.50885 563
143.061 -3.50262 562
142.103 -3.50262 562
140.894 -3.49639 561
139.439 -3.48392 559
137.742 -3.46523 556
136.795 -3.46523 556
135.602 -3.45899 555
134.414 -3.45276 554
133.228 -3.44653 553
132.286 -3.44653 553
131.343 -3.44653 553
130.164 -3.4403 552
129.223 -3.4403 552
128.282 -3.4403 552
127.111 -3.43406 551
125.942 -3.42783 550
125.005 -3.42783 550
124.067 -3.42783 550
122.906 -3.4216 549
110.162 -3.26579 524
109.269 -3.26579 524
108.376 -3.26579 524
107.483 -3.26579 524
106.589 -3.26579 524
105.898 -3.27202 525
105.003 -3.27202 525
104.306 -3.27825 526
103.409 -3.27825 526
102.513 -3.27825 526
101.616 -3.27825 526
100.528 -3.27202 525
99.443 -3.26579 524
98.5497 -3.26579 524
97.4701 -3.25956 523
96.7632 -3.26579 524
96.0528 -3.27202 525
95.1578 -3.27202 525
94.2628 -3.27202 525
93.3678 -3.27202 525
92.2967 -3.26579 524
91.4034 -3.26579 524
85.3412 -3.10998 499
84.4906 -3.10998 499
83.6399 -3.10998 499
82.7892 -3.10998 499
81.9386 -3.10998 499
80.7629 -3.09751 497
37.3516 -2.88561 463
36.5623 -2.88561 463
35.773 -2.88561 463
34.9837 -2.88561 463
34.1944 -2.88561 463
33.3329 -2.87938 462
32.5453 -2.87938 462
31.7577 -2.87938 462
30.9701 -2.87938 462
30.1172 -2.87315 461
29.3313 -2.87315 461
28.4835 -2.86691 460
27.6391 -2.86068 459
26.7981 -2.85445 458
182.639 -4.56465 575
181.659 -4.56465 575
180.678 -4.56465 575
179.698 -4.56465 575
178.718 -4.56465 575
177.738 -4.56465 575
176.45 -4.55671 574
175.472 -4.55671 574
174.797 -4.56465 575
173.817 -4.56465 575
172.837 -4.56465 575
171.856 -4.56465 575
170.876 -4.56465 575
169.896 -4.56465 575
168.622 -4.55671 574
167.643 -4.55671 574
166.665 -4.55671 574
165.686 -4.55671 574
164.421 -4.54878 573
163.159 -4.54084 572
161.9 -4.5329 571
160.927 -4.5329 571
159.393 -4.51702 569
158.145 -4.50908 568
156.623 -4.49321 566
155.658 -4.49321 566
154.693 -4.49321 566
153.457 -4.48527 565
152.493 -4.48527 565
151.53 -4.48527 565
150.567 -4.48527 565
149.604 -4.48527 565
148.641 -4.48527 565
147.678 -4.48527 565
146.455 -4.47733 564
145.235 -4.46939 563
144.275 -4.46939 563
143.061 -4.46145 562
142.103 -4.46145 562
140.894 -4.45351 561
139.189 -4.4297 558
137.742 -4.41382 556
136.795 -4.41382 556
135.358 -4.39794 554
134.171 -4.39001 553
133.228 -4.39001 553
132.286 -4.39001 553
131.343 -4.39001 553
130.164 -4.38207 552
129.223 -4.38207 552
128.282 -4.38207 552
127.111 -4.37413 551
125.942 -4.36619 550
124.777 -4.35825 549
123.841 -4.35825 549
122.906 -4.35825 549
110.162 -4.15979 524
109.269 -4.15979 524
108.376 -4.15979 524
107.483 -4.15979 524
106.589 -4.15979 524
105.898 -4.16773 525
105.003 -4.16773 525
104.306 -4.17566 526
103.409 -4.17566 526
102.513 -4.17566 526
101.616 -4.17566 526
100.528 -4.16773 525
99.443 -4.15979 524
98.5497 -4.15979 524
97.4701 -4.15185 523
96.7632 -4.15979 524
96.0528 -4.16773 525
95.1578 -4.16773 525
94.2628 -4.16773 525
93.3678 -4.16773 525
92.2967 -4.15979 524
91.4034 -4.15979 524
85.5123 -3.96926 500
84.6599 -3.96926 500
83.8075 -3.96926 500
82.7892 -3.96132 499
81.9386 -3.96132 499
80.7629 -3.94545 497
37.3516 -3.67554 463
36.5623 -3.67554 463
35.773 -3.67554 463
34.9837 -3.67554 463
34.1944 -3.67554 463
33.3329 -3.6676 462
32.5453 -3.6676 462
31.689 -3.65966 461
30.9031 -3.65966 461
30.0519 -3.65172 460
29.2677 -3.65172 460
28.3597 -3.63585 458
27.5789 -3.63585 458
26.7396 -3.62791 457
182.639 -5.54566 575
181.659 -5.54566 575
180.678 -5.54566 575
179.698 -5.54566 575
178.718 -5.54566 575
177.738 -5.54566 575
176.45 -5.53602 574
175.472 -5.53602 574
174.493 -5.53602 574
173.515 -5.53602 574
172.536 -5.53602 574
171.557 -5.53602 574
170.579 -5.53602 574
169.6 -5.53602 574
168.622 -5.53602 574
167.351 -5.52637 573
166.374 -5.52637 573
165.398 -5.52637 573
164.134 -5.51673 572
162.874 -5.50708 571
161.333 -5.48779 569
160.363 -5.48779 569
159.113 -5.47815 568
158.145 -5.47815 568
156.623 -5.45886 566
155.658 -5.45886 566
154.693 -5.45886 566
153.457 -5.44922 565
152.493 -5.44922 565
151.53 -5.44922 565
150.567 -5.44922 565
149.604 -5.44922 565
148.378 -5.43957 564
147.416 -5.43957 564
146.455 -5.43957 564
145.235 -5.42993 563
144.019 -5.42028 562
143.061 -5.42028 562
142.103 -5.42028 562
140.894 -5.41064 561
139.189 -5.3817 558
137.742 -5.36241 556
136.795 -5.36241 556
135.358 -5.34312 554
134.171 -5.33348 553
133.228 -5.33348 553
132.286 -5.33348 553
131.343 -5.33348 553
130.164 -5.32384 552
128.989 -5.31419 551
128.05 -5.31419 551
127.111 -5.31419 551
125.942 -5.30455 550
124.777 -5.2949 549
123.841 -5.2949 549
109.061 -5.04414 523
108.169 -5.04414 523
107.277 -5.04414 523
106.386 -5.04414 523
105.898 -5.06343 525
105.003 -5.06343 525
104.306 -5.07307 526
103.409 -5.07307 526
102.513 -5.07307 526
101.616 -5.07307 526
100.528 -5.06343 525
99.2532 -5.04414 523
98.3617 -5.04414 523
97.4701 -5.04414 523
96.7632 -5.05379 524
96.0528 -5.06343 525
95.1578 -5.06343 525
94.2628 -5.06343 525
93.3678 -5.06343 525
92.2967 -5.05379 524
91.4034 -5.05379 524
85.5123 -4.82231 500
84.6599 -4.82231 500
83.8075 -4.82231 500
82.9551 -4.82231 500
82.1028 -4.82231 500
80.7629 -4.79338 497
38.3416 -4.39795 456
37.6466 -4.4076 457
37.3516 -4.46546 463
36.5623 -4.46546 463
35.773 -4.46546 463
34.9837 -4.46546 463
34.1205 -4.45582 462
33.2608 -4.44617 461
32.4749 -4.44617 461
31.689 -4.44617 461
30.702 -4.41724 458
29.8559 -4.4076 457
29.0768 -4.4076 457
28.2977 -4.4076 457
27.4585 -4.39795 456
182.639 -6.52667 575
181.659 -6.52667 575
180.678 -6.52667 575
179.698 -6.52667 575
178.718 -6.52667 575
177.738 -6.52667 575
176.45 -6.51532 574
175.472 -6.51532 574
174.493 -6.51532 574
173.515 -6.51532 574
172.536 -6.51532 574
171.557 -6.51532 574
170.579 -6.51532 574
169.6 -6.51532 574
168.622 -6.51532 574
167.351 -6.50397 573
166.374 -6.50397 573
165.398 -6.50397 573
164.134 -6.49262 572
162.874 -6.48127 571
161.333 -6.45857 569
160.363 -6.45857 569
159.113 -6.44722 568
158.145 -6.44722 568
156.623 -6.42451 566
155.658 -6.42451 566
154.693 -6.42451 566
153.457 -6.41316 565
152.493 -6.41316 565
151.53 -6.41316 565
150.567 -6.41316 565
149.604 -6.41316 565
148.378 -6.40181 564
147.416 -6.40181 564
146.455 -6.40181 564
145.235 -6.39046 563
144.019 -6.37911 562
143.061 -6.37911 562
142.103 -6.37911 562
140.894 -6.36776 561
139.189 -6.33371 558
137.495 -6.29966 555
136.549 -6.29966 555
135.358 -6.28831 554
134.171 -6.27696 553
133.228 -6.27696 553
132.286 -6.27696 553
131.105 -6.2656 552
129.929 -6.25425 551
128.989 -6.25425 551
128.05 -6.25425 551
127.111 -6.25425 551
125.713 -6.23155 549
108.852 -5.92508 522
107.962 -5.92508 522
107.072 -5.92508 522
106.182 -5.92508 522
105.696 -5.94778 524
104.803 -5.94778 524
104.306 -5.97049 526
103.409 -5.97049 526
102.513 -5.97049 526
101.616 -5.97049 526
100.528 -5.95914 525
99.2532 -5.93643 523
98.3617 -5.93643 523
97.4701 -5.93643 523
96.5785 -5.93643 523
96.0528 -5.95914 525
95.1578 -5.95914 525
94.2628 -5.95914 525
93.3678 -5.95914 525
85.5123 -5.67537 500
84.6599 -5.67537 500
83.8075 -5.67537 500
82.9551 -5.67537 500
82.1028 -5.67537 500
80.7629 -5.64131 497
40.6737 -5.17593 456
39.8963 -5.17593 456
39.1189 -5.17593 456
38.3416 -5.17593 456
37.6466 -5.18729 457
37.3516 -5.25539 463
36.5623 -5.25539 463
35.773 -5.25539 463
34.8325 -5.23269 461
34.0466 -5.23269 461
32.9722 -5.18729 457
32.1931 -5.18729 457
31.414 -5.18729 457
30.635 -5.18729 457
29.8559 -5.18729 457
29.0132 -5.17593 456
28.2358 -5.17593 456
27.4585 -5.17593 456
182.639 -7.50768 575
181.659 -7.50768 575
180.678 -7.50768 575
179.698 -7.50768 575
178.407 -7.49462 574
177.429 -7.49462 574
176.143 -7.48157 573
175.166 -7.48157 573
174.493 -7.49462 574
173.515 -7.49462 574
172.536 -7.49462 574
171.557 -7.49462 574
170.579 -7.49462 574
169.6 -7.49462 574
168.328 -7.48157 573
167.059 -7.46851 572
166.084 -7.46851 572
165.109 -7.46851 572
163.847 -7.45545 571
162.303 -7.42934 569
161.05 -7.41628 568
160.081 -7.41628 568
159.113 -7.41628 568
157.588 -7.39017 566
156.623 -7.39017 566
155.658 -7.39017 566
154.42 -7.37711 565
153.457 -7.37711 565
152.224 -7.36406 564
151.262 -7.36406 564
150.301 -7.36406 564
149.339 -7.36406 564
148.378 -7.36406 564
147.416 -7.36406 564
146.455 -7.36406 564
145.235 -7.351 563
144.019 -7.33794 562
143.061 -7.33794 562
142.103 -7.33794 562
140.894 -7.32489 561
139.189 -7.28572 558
137.495 -7.24654 555
136.549 -7.24654 555
135.358 -7.23349 554
134.171 -7.22043 553
133.228 -7.22043 553
132.286 -7.22043 553
131.105 -7.20737 552
129.929 -7.19432 551
128.989 -7.19432 551
128.05 -7.19432 551
127.111 -7.19432 551
125.713 -7.1682 549
109.532 -6.80261 521
108.644 -6.80261 521
107.755 -6.80261 521
106.867 -6.80261 521
105.979 -6.80261 521
105.293 -6.81567 522
104.403 -6.81567 522
104.108 -6.85484 525
103.213 -6.85484 525
102.318 -6.85484 525
101.423 -6.85484 525
100.145 -6.82873 523
99.0635 -6.81567 522
98.1736 -6.81567 522
97.0973 -6.80261 521
96.3938 -6.81567 522
95.504 -6.81567 522
94.6141 -6.81567 522
86.7101 -6.55453 502
85.8543 -6.55453 502
84.9985 -6.55453 502
83.9751 -6.54148 501
82.9551 -6.52842 500
82.1028 -6.52842 500
40.6737 -5.95392 456
39.8963 -5.95392 456
39.1189 -5.95392 456
38.3416 -5.95392 456
37.6466 -5.96697 457
36.8675 -5.96697 457
36.0884 -5.96697 457
35.6184 -6.0192 461
34.8325 -6.0192 461
34.0466 -6.0192 461
32.9722 -5.96697 457
32.1931 -5.96697 457
31.414 -5.96697 457
30.635 -5.96697 457
29.8559 -5.96697 457
29.0132 -5.95392 456
28.2358 -5.95392 456
27.4585 -5.95392 456
181.659 -8.48869 575
180.678 -8.48869 575
179.698 -8.48869 575
178.096 -8.45917 573
177.12 -8.45917 573
175.835 -8.4444 572
174.554 -8.42964 571
173.581 -8.42964 571
172.91 -8.4444 572
171.935 -8.4444 572
170.96 -8.4444 572
169.985 -8.4444 572
169.009 -8.4444 572
167.447 -8.41488 570
166.475 -8.41488 570
165.503 -8.41488 570
164.532 -8.41488 570
163.273 -8.40011 569
162.018 -8.38535 568
160.766 -8.37059 567
159.799 -8.37059 567
158.833 -8.37059 567
157.588 -8.35582 566
156.346 -8.34106 565
155.383 -8.34106 565
154.42 -8.34106 565
153.185 -8.3263 564
152.224 -8.3263 564
151.262 -8.3263 564
150.301 -8.3263 564
149.339 -8.3263 564
148.378 -8.3263 564
147.416 -8.3263 564
146.195 -8.31154 563
144.977 -8.29677 562
144.019 -8.29677 562
143.061 -8.29677 562
141.85 -8.28201 561
140.643 -8.26725 560
139.189 -8.23772 558
137.495 -8.19343 555
136.549 -8.19343 555
135.114 -8.16391 553
134.171 -8.16391 553
132.987 -8.14914 552
132.046 -8.14914 552
131.105 -8.14914 552
129.929 -8.13438 551
128.989 -8.13438 551
128.05 -8.13438 551
109.532 -7.69149 521
108.644 -7.69149 521
107.755 -7.69149 521
106.867 -7.69149 521
105.979 -7.69149 521
105.293 -7.70626 522
104.403 -7.70626 522
104.108 -7.75054 525
103.213 -7.75054 525
102.318 -7.75054 525
101.423 -7.75054 525
100.145 -7.72102 523
99.0635 -7.70626 522
98.1736 -7.70626 522
97.0973 -7.69149 521
96.3938 -7.70626 522
95.504 -7.70626 522
94.6141 -7.70626 522
91.2105 -7.49957 508
90.3445 -7.49957 508
89.4785 -7.49957 508
88.438 -7.48481 507
87.5737 -7.48481 507
86.5384 -7.47005 506
85.1678 -7.42576 503
83.9751 -7.39623 501
40.6737 -6.7319 456
39.8963 -6.7319 456
39.1189 -6.7319 456
38.3416 -6.7319 456
37.5642 -6.7319 456
36.7868 -6.7319 456
36.0095 -6.7319 456
35.3094 -6.74666 457
34.5303 -6.74666 457
33.7512 -6.74666 457
32.9722 -6.74666 457
32.1931 -6.74666 457
31.414 -6.74666 457
30.635 -6.74666 457
29.7906 -6.7319 456
29.0132 -6.7319 456
28.2358 -6.7319 456
27.4585 -6.7319 456
181.659 -9.4697 575
180.678 -9.4697 575
179.698 -9.4697 575
178.096 -9.43676 573
177.12 -9.43676 573
175.528 -9.40382 571
173.943 -9.37089 569
173.277 -9.38736 570
172.305 -9.38736 570
171.334 -9.38736 570
170.362 -9.38736 570
169.39 -9.38736 570
168.419 -9.38736 570
167.153 -9.37089 569
166.183 -9.37089 569
165.213 -9.37089 569
164.243 -9.37089 569
162.986 -9.35442 568
161.733 -9.33795 567
160.482 -9.32148 566
159.518 -9.32148 566
158.553 -9.32148 566
157.309 -9.30501 565
156.346 -9.30501 565
155.383 -9.30501 565
154.146 -9.28854 564
153.185 -9.28854 564
151.954 -9.27207 563
150.994 -9.27207 563
150.034 -9.27207 563
149.074 -9.27207 563
148.115 -9.27207 563
147.155 -9.27207 563
145.935 -9.2556 562
144.977 -9.2556 562
143.763 -9.23913 561
142.552 -9.22266 560
141.597 -9.22266 560
140.392 -9.2062 559
138.94 -9.17326 557
137.247 -9.12385 554
136.303 -9.12385 554
135.114 -9.10738 553
133.928 -9.09091 552
132.987 -9.09091 552
132.046 -9.09091 552
131.105 -9.09091 552
129.929 -9.07444 551
109.532 -8.58037 521
108.644 -8.58037 521
107.755 -8.58037 521
106.867 -8.58037 521
105.979 -8.58037 521
105.091 -8.58037 521
104.203 -8.58037 521
103.513 -8.59684 522
102.623 -8.59684 522
101.733 -8.59684 522
100.843 -8.59684 522
99.3789 -8.54743 519
98.4941 -8.54743 519
97.6094 -8.54743 519
96.5382 -8.53096 518
95.2859 -8.49803 516
93.1255 -8.38274 509
92.0765 -8.36627 508
91.2105 -8.36627 508
90.3445 -8.36627 508
89.4785 -8.36627 508
88.438 -8.34981 507
87.5737 -8.34981 507
86.5384 -8.33334 506
85.1678 -8.28393 503
83.9751 -8.25099 501
45.4373 -7.52635 457
44.6582 -7.52635 457
43.8791 -7.52635 457
43.1001 -7.52635 457
40.6737 -7.50988 456
39.8963 -7.50988 456
39.1189 -7.50988 456
38.3416 -7.50988 456
37.5642 -7.50988 456
36.7868 -7.50988 456
36.0095 -7.50988 456
35.2321 -7.50988 456
34.4547 -7.50988 456
33.6774 -7.50988 456
32.9 -7.50988 456
32.1227 -7.50988 456
31.3453 -7.50988 456
30.5679 -7.50988 456
29.7906 -7.50988 456
29.0132 -7.50988 456
28.2358 -7.50988 456
27.4585 -7.50988 456
178.448 -10.378 571
177.475 -10.378 571
176.501 -10.378 571
175.528 -10.378 571
173.943 -10.3417 569
173.277 -10.3598 570
172.305 -10.3598 570
171.334 -10.3598 570
170.362 -10.3598 570
169.39 -10.3598 570
168.419 -10.3598 570
167.153 -10.3417 569
166.183 -10.3417 569
165.213 -10.3417 569
164.243 -10.3417 569
162.986 -10.3235 568
161.733 -10.3053 567
160.482 -10.2871 566
159.518 -10.2871 566
158.553 -10.2871 566
157.309 -10.269 565
156.346 -10.269 565
155.383 -10.269 565
154.146 -10.2508 564
153.185 -10.2508 564
151.954 -10.2326 563
150.994 -10.2326 563
150.034 -10.2326 563
149.074 -10.2326 563
148.115 -10.2326 563
147.155 -10.2326 563
145.935 -10.2144 562
144.719 -10.1963 561
143.507 -10.1781 560
142.552 -10.1781 560
141.344 -10.1599 559
140.14 -10.1417 558
138.69 -10.1054 556
137.247 -10.069 554
136.303 -10.069 554
134.869 -10.0327 552
133.928 -10.0327 552
132.987 -10.0327 552
132.046 -10.0327 552
131.105 -10.0327 552
130.164 -10.0327 552
110.208 -9.45108 520
109.532 -9.46925 521
108.644 -9.46925 521
107.755 -9.46925 521
106.662 -9.45108 520
105.776 -9.45108 520
104.889 -9.45108 520
104.003 -9.45108 520
103.315 -9.46925 521
102.426 -9.46925 521
101.538 -9.46925 521
100.264 -9.4329 519
99.1874 -9.41473 518
97.9248 -9.37838 516
96.4809 -9.32385 513
95.6064 -9.32385 513
94.3625 -9.2875 511
93.1255 -9.25115 509
92.0765 -9.23298 508
91.2105 -9.23298 508
90.3445 -9.23298 508
89.4785 -9.23298 508
88.438 -9.2148 507
87.5737 -9.2148 507
86.5384 -9.19662 506
85.3372 -9.16027 504
45.4373 -8.30604 457
44.6582 -8.30604 457
43.8791 -8.30604 457
43.1001 -8.30604 457
42.2284 -8.28787 456
41.451 -8.28787 456
40.6737 -8.28787 456
39.8963 -8.28787 456
39.1189 -8.28787 456
38.3416 -8.28787 456
37.5642 -8.28787 456
36.7868 -8.28787 456
36.0095 -8.28787 456
35.2321 -8.28787 456
34.4547 -8.28787 456
33.6774 -8.28787 456
32.9 -8.28787 456
32.1227 -8.28787 456
31.3453 -8.28787 456
30.5679 -8.28787 456
29.7906 -8.28787 456
29.0132 -8.28787 456
28.2358 -8.28787 456
27.4585 -8.28787 456
176.853 -11.3124 569
175.883 -11.3124 569
174.913 -11.3124 569
173.943 -11.3124 569
173.277 -11.3323 570
172.305 -11.3323 570
171.334 -11.3323 570
170.362 -11.3323 570
169.093 -11.3124 569
168.123 -11.3124 569
167.153 -11.3124 569
165.891 -11.2926 568
164.923 -11.2926 568
163.954 -11.2926 568
162.699 -11.2727 567
161.447 -11.2528 566
160.482 -11.2528 566
159.518 -11.2528 566
158.553 -11.2528 566
157.309 -11.2329 565
156.069 -11.213 564
155.108 -11.213 564
154.146 -11.213 564
152.913 -11.1931 563
151.954 -11.1931 563
150.994 -11.1931 563
149.768 -11.1733 562
148.81 -11.1733 562
147.851 -11.1733 562
146.893 -11.1733 562
145.935 -11.1733 562
144.719 -11.1534 561
143.507 -11.1335 560
142.552 -11.1335 560
141.344 -11.1136 559
140.14 -11.0937 558
138.69 -11.054 556
137.247 -11.0142 554
136.303 -11.0142 554
135.114 -10.9943 553
133.928 -10.9745 552
132.987 -10.9745 552
132.046 -10.9745 552
131.105 -10.9745 552
130.164 -10.9745 552
110.208 -10.3383 520
109.322 -10.3383 520
108.435 -10.3383 520
107.549 -10.3383 520
106.457 -10.3184 519
105.572 -10.3184 519
104.687 -10.3184 519
96.9759 -10.1593 511
96.1048 -10.1593 511
95.2337 -10.1593 511
93.9932 -10.1196 509
92.9425 -10.0997 508
92.0765 -10.0997 508
91.2105 -10.0997 508
90.3445 -10.0997 508
89.3024 -10.0798 507
88.438 -10.0798 507
87.5737 -10.0798 507
86.5384 -10.0599 506
85.3372 -10.0202 504
45.4373 -9.08573 457
44.6582 -9.08573 457
43.8791 -9.08573 457
43.1001 -9.08573 457
42.2284 -9.06585 456
41.451 -9.06585 456
40.6737 -9.06585 456
39.8963 -9.06585 456
39.1189 -9.06585 456
38.3416 -9.06585 456
37.5642 -9.06585 456
36.7868 -9.06585 456
36.0095 -9.06585 456
35.2321 -9.06585 456
34.4547 -9.06585 456
33.6774 -9.06585 456
32.9 -9.06585 456
32.1227 -9.06585 456
31.3453 -9.06585 456
30.5679 -9.06585 456
29.7906 -9.06585 456
29.0132 -9.06585 456
28.2358 -9.06585 456
27.4585 -9.06585 456
176.853 -12.2832 569
175.883 -12.2832 569
174.913 -12.2832 569
173.943 -12.2832 569
173.277 -12.3048 570
172.305 -12.3048 570
171.334 -12.3048 570
170.362 -12.3048 570
169.093 -12.2832 569
168.123 -12.2832 569
166.859 -12.2616 568
165.891 -12.2616 568
164.923 -12.2616 568
163.954 -12.2616 568
162.412 -12.2184 566
161.447 -12.2184 566
160.482 -12.2184 566
159.518 -12.2184 566
158.273 -12.1969 565
157.309 -12.1969 565
156.069 -12.1753 564
155.108 -12.1753 564
153.873 -12.1537 563
152.913 -12.1537 563
151.684 -12.1321 562
150.726 -12.1321 562
149.768 -12.1321 562
148.81 -12.1321 562
147.851 -12.1321 562
146.893 -12.1321 562
145.676 -12.1105 561
144.719 -12.1105 561
143.507 -12.0889 560
142.552 -12.0889 560
141.344 -12.0673 559
140.14 -12.0457 558
138.69 -12.0026 556
137.247 -11.9594 554
136.303 -11.9594 554
135.114 -11.9378 553
133.928 -11.9162 552
132.987 -11.9162 552
132.046 -11.9162 552
131.105 -11.9162 552
130.164 -11.9162 552
110.208 -11.2254 520
109.322 -11.2254 520
108.435 -11.2254 520
107.549 -11.2254 520
106.457 -11.2038 519
105.572 -11.2038 519
104.687 -11.2038 519
96.9759 -11.0311 511
96.1048 -11.0311 511
95.2337 -11.0311 511
93.9932 -10.988 509
92.9425 -10.9664 508
92.0765 -10.9664 508
91.2105 -10.9664 508
90.3445 -10.9664 508
89.3024 -10.9448 507
88.438 -10.9448 507
87.5737 -10.9448 507
86.5384 -10.9232 506
85.3372 -10.88 504
44.5605 -9.84383 456
43.7831 -9.84383 456
43.0058 -9.84383 456
42.2284 -9.84383 456
41.451 -9.84383 456
40.6737 -9.84383 456
39.8963 -9.84383 456
39.1189 -9.84383 456
38.3416 -9.84383 456
37.5642 -9.84383 456
36.7868 -9.84383 456
36.0095 -9.84383 456
35.2321 -9.84383 456
34.4547 -9.84383 456
33.6774 -9.84383 456
32.9 -9.84383 456
32.1227 -9.84383 456
31.3453 -9.84383 456
30.5679 -9.84383 456
29.7906 -9.84383 456
29.0132 -9.84383 456
28.1739 -9.82225 455
27.3982 -9.82225 455
176.853 -13.254 569
175.883 -13.254 569
174.913 -13.254 569
173.943 -13.254 569
173.277 -13.2773 570
172.305 -13.2773 570
171.334 -13.2773 570
170.362 -13.2773 570
169.093 -13.254 569
168.123 -13.254 569
166.859 -13.2307 568
165.891 -13.2307 568
164.632 -13.2074 567
163.666 -13.2074 567
162.412 -13.1841 566
161.447 -13.1841 566
160.482 -13.1841 566
159.518 -13.1841 566
158.273 -13.1608 565
157.309 -13.1608 565
156.069 -13.1375 564
155.108 -13.1375 564
153.873 -13.1142 563
152.642 -13.0909 562
151.684 -13.0909 562
150.726 -13.0909 562
149.768 -13.0909 562
148.81 -13.0909 562
147.851 -13.0909 562
146.893 -13.0909 562
145.676 -13.0676 561
144.719 -13.0676 561
143.507 -13.0443 560
142.552 -13.0443 560
141.344 -13.021 559
139.889 -12.9745 557
138.69 -12.9512 556
137.247 -12.9046 554
136.303 -12.9046 554
135.114 -12.8813 553
134.171 -12.8813 553
133.228 -12.8813 553
132.286 -12.8813 553
131.343 -12.8813 553
130.164 -12.858 552
108.901 -12.066 518
108.018 -12.066 518
107.135 -12.066 518
106.252 -12.066 518
105.369 -12.066 518
104.486 -12.066 518
95.5406 -11.8331 508
94.6746 -11.8331 508
93.8086 -11.8331 508
92.9425 -11.8331 508
92.0765 -11.8331 508
91.2105 -11.8331 508
90.3445 -11.8331 508
89.3024 -11.8098 507
88.2636 -11.7865 506
87.401 -11.7865 506
86.3674 -11.7632 505
44.5605 -10.6218 456
43.7831 -10.6218 456
43.0058 -10.6218 456
42.1358 -10.5985 455
41.3601 -10.5985 455
40.5845 -10.5985 455
39.8088 -10.5985 455
39.0331 -10.5985 455
38.2575 -10.5985 455
37.4818 -10.5985 455
36.7062 -10.5985 455
35.9305 -10.5985 455
35.1548 -10.5985 455
34.3792 -10.5985 455
33.6035 -10.5985 455
32.8279 -10.5985 455
32.0522 -10.5985 455
31.2765 -10.5985 455
30.5009 -10.5985 455
29.7252 -10.5985 455
28.9496 -10.5985 455
28.1739 -10.5985 455
27.3982 -10.5985 455
176.853 -14.2248 569
175.883 -14.2248 569
174.913 -14.2248 569
173.943 -14.2248 569
173.277 -14.2498 570
172.305 -14.2498 570
171.334 -14.2498 570
170.362 -14.2498 570
169.093 -14.2248 569
168.123 -14.2248 569
166.859 -14.1998 568
165.891 -14.1998 568
164.632 -14.1748 567
163.666 -14.1748 567
162.412 -14.1498 566
161.447 -14.1498 566
160.482 -14.1498 566
159.518 -14.1498 566
158.273 -14.1248 565
157.309 -14.1248 565
156.069 -14.0998 564
155.108 -14.0998 564
153.873 -14.0748 563
152.642 -14.0498 562
151.684 -14.0498 562
150.726 -14.0498 562
149.768 -14.0498 562
148.81 -14.0498 562
147.851 -14.0498 562
146.893 -14.0498 562
145.676 -14.0248 561
144.461 -13.9998 560
143.507 -13.9998 560
142.552 -13.9998 560
141.344 -13.9748 559
139.889 -13.9248 557
138.69 -13.8998 556
137.247 -13.8498 554
136.303 -13.8498 554
135.114 -13.8248 553
134.171 -13.8248 553
133.228 -13.8248 553
132.286 -13.8248 553
131.343 -13.8248 553
108.901 -12.9498 518
108.018 -12.9498 518
107.135 -12.9498 518
106.252 -12.9498 518
105.165 -12.9248 517
104.284 -12.9248 517
44.5605 -11.3998 456
43.7831 -11.3998 456
43.0058 -11.3998 456
42.1358 -11.3748 455
41.3601 -11.3748 455
40.5845 -11.3748 455
39.8088 -11.3748 455
39.0331 -11.3748 455
38.2575 -11.3748 455
37.4818 -11.3748 455
36.7062 -11.3748 455
35.9305 -11.3748 455
35.1548 -11.3748 455
34.3792 -11.3748 455
33.6035 -11.3748 455
32.8279 -11.3748 455
32.0522 -11.3748 455
31.2765 -11.3748 455
30.5009 -11.3748 455
29.7252 -11.3748 455
28.9496 -11.3748 455
28.112 -11.3498 454
176.853 -15.1955 569
175.883 -15.1955 569
174.913 -15.1955 569
173.943 -15.1955 569
173.277 -15.2222 570
172.305 -15.2222 570
171.334 -15.2222 570
170.362 -15.2222 570
169.093 -15.1955 569
168.123 -15.1955 569
166.859 -15.1688 568
165.891 -15.1688 568
164.632 -15.1421 567
163.666 -15.1421 567
162.412 -15.1154 566
161.447 -15.1154 566
160.199 -15.0887 565
159.236 -15.0887 565
158.273 -15.0887 565
157.031 -15.062 564
155.793 -15.0353 563
154.833 -15.0353 563
153.6 -15.0086 562
152.642 -15.0086 562
151.684 -15.0086 562
150.726 -15.0086 562
149.768 -15.0086 562
148.81 -15.0086 562
147.851 -15.0086 562
146.893 -15.0086 562
145.676 -14.9819 561
144.461 -14.9552 560
143.507 -14.9552 560
142.552 -14.9552 560
141.344 -14.9285 559
139.889 -14.8751 557
138.69 -14.8483 556
137.247 -14.7949 554
136.303 -14.7949 554
135.358 -14.7949 554
134.171 -14.7682 553
133.228 -14.7682 553
132.286 -14.7682 553
131.343 -14.7682 553
108.901 -13.8335 518
108.018 -13.8335 518
107.135 -13.8335 518
106.252 -13.8335 518
105.165 -13.8068 517
104.284 -13.8068 517
44.4628 -12.1511 455
43.6871 -12.1511 455
42.9114 -12.1511 455
42.1358 -12.1511 455
41.3601 -12.1511 455
40.5845 -12.1511 455
39.8088 -12.1511 455
39.0331 -12.1511 455
38.2575 -12.1511 455
37.4818 -12.1511 455
36.7062 -12.1511 455
35.9305 -12.1511 455
35.1548 -12.1511 455
34.3792 -12.1511 455
33.6035 -12.1511 455
32.8279 -12.1511 455
32.0522 -12.1511 455
31.2765 -12.1511 455
30.5009 -12.1511 455
29.7252 -12.1511 455
28.9496 -12.1511 455
28.112 -12.1244 454
178.448 -16.2231 571
177.475 -16.2231 571
176.501 -16.2231 571
175.528 -16.2231 571
173.943 -16.1663 569
173.277 -16.1947 570
172.305 -16.1947 570
171.334 -16.1947 570
170.362 -16.1947 570
169.093 -16.1663 569
168.123 -16.1663 569
166.859 -16.1379 568
165.891 -16.1379 568
164.632 -16.1095 567
163.666 -16.1095 567
162.412 -16.0811 566
161.447 -16.0811 566
160.199 -16.0526 565
159.236 -16.0526 565
157.992 -16.0242 564
157.031 -16.0242 564
155.793 -15.9958 563
154.833 -15.9958 563
153.6 -15.9674 562
152.37 -15.939 561
151.414 -15.939 561
150.726 -15.9674 562
149.768 -15.9674 562
148.81 -15.9674 562
147.588 -15.939 561
146.632 -15.939 561
145.676 -15.939 561
144.461 -15.9106 560
143.25 -15.8822 559
142.297 -15.8822 559
140.839 -15.8254 557
139.638 -15.7969 556
138.69 -15.7969 556
137.247 -15.7401 554
136.303 -15.7401 554
135.358 -15.7401 554
134.171 -15.7117 553
133.228 -15.7117 553
132.286 -15.7117 553
108.901 -14.7173 518
108.018 -14.7173 518
107.135 -14.7173 518
106.252 -14.7173 518
105.165 -14.6889 517
104.284 -14.6889 517
44.4628 -12.9274 455
43.6871 -12.9274 455
42.9114 -12.9274 455
42.1358 -12.9274 455
41.3601 -12.9274 455
40.5845 -12.9274 455
39.8088 -12.9274 455
39.0331 -12.9274 455
38.2575 -12.9274 455
37.4818 -12.9274 455
36.7062 -12.9274 455
35.9305 -12.9274 455
35.1548 -12.9274 455
34.3792 -12.9274 455
33.6035 -12.9274 455
32.7557 -12.8989 454
31.9818 -12.8989 454
31.2078 -12.8989 454
30.4338 -12.8989 454
178.761 -17.2274 572
177.786 -17.2274 572
176.81 -17.2274 572
175.528 -17.1973 571
173.943 -17.1371 569
173.277 -17.1672 570
172.305 -17.1672 570
171.334 -17.1672 570
170.362 -17.1672 570
169.093 -17.1371 569
168.123 -17.1371 569
166.859 -17.107 568
165.891 -17.107 568
164.632 -17.0768 567
163.666 -17.0768 567
162.412 -17.0467 566
161.162 -17.0166 565
160.199 -17.0166 565
159.236 -17.0166 565
157.992 -16.9865 564
156.753 -16.9564 563
155.793 -16.9564 563
154.833 -16.9564 563
153.6 -16.9262 562
152.099 -16.866 560
151.144 -16.866 560
150.457 -16.8961 561
149.501 -16.8961 561
148.545 -16.8961 561
147.588 -16.8961 561
146.632 -16.8961 561
145.416 -16.866 560
144.203 -16.8359 559
142.994 -16.8058 558
142.043 -16.8058 558
140.586 -16.7455 556
139.638 -16.7455 556
138.441 -16.7154 555
137.495 -16.7154 555
136.549 -16.7154 555
135.358 -16.6853 554
134.171 -16.6552 553
133.228 -16.6552 553
132.286 -16.6552 553
105.067 -15.2999 508
104.201 -15.2999 508
103.335 -15.2999 508
44.4628 -13.7036 455
43.6871 -13.7036 455
42.9114 -13.7036 455
42.1358 -13.7036 455
41.3601 -13.7036 455
40.4953 -13.6735 454
39.8088 -13.7036 455
39.0331 -13.7036 455
38.2575 -13.7036 455
37.4818 -13.7036 455
36.7062 -13.7036 455
35.9305 -13.7036 455
35.1548 -13.7036 455
34.3792 -13.7036 455
33.5297 -13.6735 454
32.7557 -13.6735 454
31.9818 -13.6735 454
31.2078 -13.6735 454
178.761 -18.2033 572
177.786 -18.2033 572
176.81 -18.2033 572
175.528 -18.1715 571
173.943 -18.1078 569
173.277 -18.1397 570
172.305 -18.1397 570
171.334 -18.1397 570
170.362 -18.1397 570
169.093 -18.1078 569
168.123 -18.1078 569
166.859 -18.076 568
165.891 -18.076 568
164.632 -18.0442 567
163.666 -18.0442 567
162.412 -18.0124 566
161.162 -17.9805 565
160.199 -17.9805 565
159.236 -17.9805 565
157.992 -17.9487 564
156.753 -17.9169 563
155.793 -17.9169 563
154.833 -17.9169 563
153.6 -17.8851 562
152.099 -17.8214 560
151.144 -17.8214 560
150.457 -17.8533 561
149.501 -17.8533 561
148.545 -17.8533 561
147.588 -17.8533 561
146.632 -17.8533 561
145.416 -17.8214 560
143.945 -17.7578 558
142.738 -17.726 557
141.788 -17.726 557
140.586 -17.6941 556
139.638 -17.6941 556
138.441 -17.6623 555
137.495 -17.6623 555
136.549 -17.6623 555
135.602 -17.6623 555
134.171 -17.5987 553
44.4628 -14.4799 455
43.6871 -14.4799 455
42.9114 -14.4799 455
42.1358 -14.4799 455
41.3601 -14.4799 455
40.4953 -14.4481 454
39.8088 -14.4799 455
39.0331 -14.4799 455
38.2575 -14.4799 455
37.4818 -14.4799 455
36.7062 -14.4799 455
35.9305 -14.4799 455
35.1548 -14.4799 455
34.3792 -14.4799 455
33.5297 -14.4481 454
32.7557 -14.4481 454
31.9818 -14.4481 454
31.2078 -14.4481 454
178.761 -19.1792 572
177.786 -19.1792 572
176.81 -19.1792 572
175.835 -19.1792 572
173.943 -19.0786 569
172.973 -19.0786 569
172.003 -19.0786 569
171.033 -19.0786 569
170.063 -19.0786 569
169.093 -19.0786 569
168.123 -19.0786 569
166.859 -19.0451 568
165.599 -19.0116 567
164.632 -19.0116 567
163.666 -19.0116 567
162.412 -18.978 566
161.162 -18.9445 565
159.915 -18.911 564
158.954 -18.911 564
157.712 -18.8774 563
156.753 -18.8774 563
155.516 -18.8439 562
154.558 -18.8439 562
153.327 -18.8104 561
152.099 -18.7768 560
151.144 -18.7768 560
150.189 -18.7768 560
149.235 -18.7768 560
148.28 -18.7768 560
147.325 -18.7768 560
146.371 -18.7768 560
145.156 -18.7433 559
143.945 -18.7098 558
142.738 -18.6763 557
141.788 -18.6763 557
140.586 -18.6427 556
139.638 -18.6427 556
138.441 -18.6092 555
137.495 -18.6092 555
136.549 -18.6092 555
135.602 -18.6092 555
134.171 -18.5421 553
44.4628 -15.2562 455
43.6871 -15.2562 455
42.9114 -15.2562 455
42.1358 -15.2562 455
41.3601 -15.2562 455
40.4953 -15.2227 454
39.7213 -15.2227 454
39.0331 -15.2562 455
38.2575 -15.2562 455
37.4818 -15.2562 455
36.7062 -15.2562 455
35.9305 -15.2562 455
35.1548 -15.2562 455
34.3036 -15.2227 454
33.5297 -15.2227 454
32.7557 -15.2227 454
31.9818 -15.2227 454
31.2078 -15.2227 454
178.761 -20.1551 572
177.786 -20.1551 572
176.81 -20.1551 572
175.835 -20.1551 572
173.943 -20.0494 569
172.973 -20.0494 569
172.003 -20.0494 569
171.033 -20.0494 569
170.063 -20.0494 569
168.796 -20.0142 568
167.828 -20.0142 568
166.566 -19.9789 567
165.599 -19.9789 567
164.342 -19.9437 566
163.377 -19.9437 566
162.125 -19.9084 565
160.877 -19.8732 564
159.915 -19.8732 564
158.954 -19.8732 564
157.712 -19.838 563
156.196 -19.7675 561
155.239 -19.7675 561
154.283 -19.7675 561
153.053 -19.7323 560
151.284 -19.6266 557
150.334 -19.6266 557
149.653 -19.6618 558
148.702 -19.6618 558
147.75 -19.6618 558
146.799 -19.6618 558
145.848 -19.6618 558
144.637 -19.6266 557
143.687 -19.6266 557
142.482 -19.5913 556
141.279 -19.5561 555
140.333 -19.5561 555
139.387 -19.5561 555
138.441 -19.5561 555
137.495 -19.5561 555
136.549 -19.5561 555
135.602 -19.5561 555
42.8171 -15.9972 454
42.0432 -15.9972 454
41.2692 -15.9972 454
40.4953 -15.9972 454
39.7213 -15.9972 454
38.9474 -15.9972 454
38.1734 -15.9972 454
37.3994 -15.9972 454
36.6255 -15.9972 454
35.8515 -15.9972 454
35.0776 -15.9972 454
34.3036 -15.9972 454
33.5297 -15.9972 454
32.7557 -15.9972 454
31.9818 -15.9972 454
31.2078 -15.9972 454
178.761 -21.131 572
177.786 -21.131 572
176.81 -21.131 572
175.835 -21.131 572
173.943 -21.0202 569
172.669 -20.9832 568
171.701 -20.9832 568
170.732 -20.9832 568
169.465 -20.9463 567
168.499 -20.9463 567
167.532 -20.9463 567
166.272 -20.9093 566
165.307 -20.9093 566
164.052 -20.8724 565
163.088 -20.8724 565
161.838 -20.8355 564
160.877 -20.8355 564
159.065 -20.7246 561
158.108 -20.7246 561
157.152 -20.7246 561
155.917 -20.6877 560
154.963 -20.6877 560
154.008 -20.6877 560
152.233 -20.5769 557
151.012 -20.5399 556
150.064 -20.5399 556
149.385 -20.5769 557
148.435 -20.5769 557
147.486 -20.5769 557
146.536 -20.5769 557
145.587 -20.5769 557
144.377 -20.5399 556
143.171 -20.503 555
142.225 -20.503 555
141.279 -20.503 555
140.333 -20.503 555
139.387 -20.503 555
138.441 -20.503 555
42.8171 -16.7718 454
42.0432 -16.7718 454
41.2692 -16.7718 454
40.4953 -16.7718 454
39.7213 -16.7718 454
38.9474 -16.7718 454
38.1734 -16.7718 454
37.3994 -16.7718 454
36.6255 -16.7718 454
35.8515 -16.7718 454
35.0776 -16.7718 454
34.3036 -16.7718 454
33.5297 -16.7718 454
32.7557 -16.7718 454
31.9818 -16.7718 454
31.2078 -16.7718 454
178.448 -22.0682 571
177.475 -22.0682 571
176.501 -22.0682 571
174.913 -21.9909 569
173.637 -21.9523 568
172.669 -21.9523 568
171.701 -21.9523 568
170.732 -21.9523 568
169.465 -21.9136 567
168.499 -21.9136 567
167.532 -21.9136 567
166.272 -21.875 566
165.307 -21.875 566
164.052 -21.8363 565
163.088 -21.8363 565
161.838 -21.7977 564
160.877 -21.7977 564
159.065 -21.6817 561
158.108 -21.6817 561
157.152 -21.6817 561
155.917 -21.6431 560
154.963 -21.6431 560
154.008 -21.6431 560
152.233 -21.5272 557
151.012 -21.4885 556
150.064 -21.4885 556
149.385 -21.5272 557
148.435 -21.5272 557
147.486 -21.5272 557
146.536 -21.5272 557
145.587 -21.5272 557
144.377 -21.4885 556
143.171 -21.4499 555
142.225 -21.4499 555
141.279 -21.4499 555
140.08 -21.4112 554
139.136 -21.4112 554
42.8171 -17.5464 454
42.0432 -17.5464 454
41.2692 -17.5464 454
40.4953 -17.5464 454
39.7213 -17.5464 454
38.9474 -17.5464 454
38.1734 -17.5464 454
37.3994 -17.5464 454
36.6255 -17.5464 454
35.8515 -17.5464 454
35.0776 -17.5464 454
34.3036 -17.5464 454
33.5297 -17.5464 454
32.7557 -17.5464 454
31.9818 -17.5464 454
177.511 -22.9214 568
176.542 -22.9214 568
175.574 -22.9214 568
174.298 -22.881 567
173.332 -22.881 567
171.757 -22.8003 565
170.794 -22.8003 565
169.831 -22.8003 565
168.868 -22.8003 565
167.607 -22.7599 564
166.646 -22.7599 564
165.684 -22.7599 564
164.431 -22.7196 563
163.471 -22.7196 563
162.511 -22.7196 563
161.551 -22.7196 563
160.021 -22.6389 561
158.781 -22.5985 560
157.827 -22.5985 560
156.872 -22.5985 560
155.639 -22.5582 559
154.132 -22.4775 557
153.183 -22.4775 557
152.233 -22.4775 557
151.012 -22.4371 556
149.794 -22.3967 555
149.117 -22.4371 556
148.169 -22.4371 556
147.221 -22.4371 556
146.01 -22.3967 555
145.064 -22.3967 555
144.118 -22.3967 555
143.171 -22.3967 555
142.225 -22.3967 555
141.279 -22.3967 555
140.08 -22.3564 554
139.136 -22.3564 554
42.7228 -18.2806 453
41.9506 -18.2806 453
41.2692 -18.3209 454
40.4953 -18.3209 454
39.7213 -18.3209 454
38.9474 -18.3209 454
38.1734 -18.3209 454
37.3994 -18.3209 454
36.6255 -18.3209 454
35.8515 -18.3209 454
35.0776 -18.3209 454
34.3036 -18.3209 454
33.4558 -18.2806 453
32.6836 -18.2806 453
31.9113 -18.2806 453
175.921 -23.8063 566
174.956 -23.8063 566
173.991 -23.8063 566
172.72 -23.7642 565
171.757 -23.7642 565
170.794 -23.7642 565
169.53 -23.7222 564
168.569 -23.7222 564
167.31 -23.6801 563
166.35 -23.6801 563
165.39 -23.6801 563
164.431 -23.6801 563
163.471 -23.6801 563
162.511 -23.6801 563
160.977 -23.596 561
159.451 -23.5119 559
158.498 -23.5119 559
157.545 -23.5119 559
156.312 -23.4698 558
155.082 -23.4278 557
154.132 -23.4278 557
153.183 -23.4278 557
151.96 -23.3857 556
151.012 -23.3857 556
149.525 -23.3016 554
148.848 -23.3436 555
147.902 -23.3436 555
146.956 -23.3436 555
146.01 -23.3436 555
145.064 -23.3436 555
144.118 -23.3436 555
142.914 -23.3016 554
175.921 -24.772 566
174.956 -24.772 566
173.991 -24.772 566
172.72 -24.7282 565
171.757 -24.7282 565
170.794 -24.7282 565
169.53 -24.6844 564
167.971 -24.5969 562
167.31 -24.6407 563
166.35 -24.6407 563
165.39 -24.6407 563
158.88 -24.3781 557
157.931 -24.3781 557
156.981 -24.3781 557
156.031 -24.3781 557
155.082 -24.3781 557
154.132 -24.3781 557
153.183 -24.3781 557
175.61 -25.6921 565
174.647 -25.6921 565
173.683 -25.6921 565
172.415 -25.6467 564
171.453 -25.6467 564
170.492 -25.6467 564
169.53 -25.6467 564
167.971 -25.5557 562
167.31 -25.6012 563
166.35 -25.6012 563
165.39 -25.6012 563
158.88 -25.3284 557
157.931 -25.3284 557
156.981 -25.3284 557
156.031 -25.3284 557
155.082 -25.3284 557
154.132 -25.3284 557
153.183 -25.3284 557
173.719 -26.5145 562
172.761 -26.5145 562
171.803 -26.5145 562
170.845 -26.5145 562
169.887 -26.5145 562
168.628 -26.4674 561
167.672 -26.4674 561
166.121 -26.373 559
165.168 -26.373 559
157.08 -26.1371 554
156.136 -26.1371 554
155.191 -26.1371 554
154.247 -26.1371 554
171.497 -27.4245 561
170.541 -27.4245 561
169.585 -27.4245 561
168.027 -27.3267 559
167.074 -27.3267 559
171.497 -28.3816 561
170.541 -28.3816 561
169.585 -28.3816 561
