ply
format ascii 1.0
comment File generated
element vertex 35682
property float x
property float y
property float z
end_header
1586.58 1118.3 2809
1584.05 1119.9 2813
1582.06 1121.89 2818
1577.25 1121.89 2818
1572.45 1121.89 2818
1567.65 1121.89 2818
1560.07 1119.9 2813
1555.27 1119.9 2813
1548.27 1118.3 2809
1540.74 1116.31 2804
1535.96 1116.31 2804
1533.91 1118.3 2809
1529.12 1118.3 2809
1524.33 1118.3 2809
1519.54 1118.3 2809
1514.75 1118.3 2809
1509.96 1118.3 2809
1502.5 1116.31 2804
1495.05 1114.32 2799
1490.27 1114.32 2799
1480.73 1110.74 2790
1470.68 1106.76 2780
1459.09 1101.58 2767
1451.74 1099.59 2762
1447.03 1099.59 2762
1439.71 1097.6 2757
1435.01 1097.6 2757
1428.24 1096.01 2753
1423.54 1096.01 2753
1416.27 1094.02 2748
1404.91 1088.84 2735
1400.25 1088.84 2735
1397.63 1090.43 2739
1392.96 1090.43 2739
1388.29 1090.43 2739
1388.17 1094.02 2748
1386 1096.01 2753
1381.31 1096.01 2753
1376.61 1096.01 2753
1371.92 1096.01 2753
1367.23 1096.01 2753
1362.53 1096.01 2753
1353.4 1092.43 2744
1348.72 1092.43 2744
1346 1094.02 2748
1341.32 1094.02 2748
1339.07 1096.01 2753
1336.31 1097.6 2757
1331.61 1097.6 2757
1326.91 1097.6 2757
1327.01 1101.58 2767
1324.2 1103.17 2771
1319.48 1103.17 2771
1314.76 1103.17 2771
1312.4 1105.16 2776
1307.66 1105.16 2776
1304.81 1106.76 2780
1300.07 1106.76 2780
1297.66 1108.75 2785
1297.09 1112.33 2794
1292.33 1112.33 2794
1287.56 1112.33 2794
1282.8 1112.33 2794
1280.32 1114.32 2799
1275.55 1114.32 2799
1270.78 1114.32 2799
1266.01 1114.32 2799
1261.24 1114.32 2799
1256.47 1114.32 2799
1251.7 1114.32 2799
1246.92 1114.32 2799
1242.15 1114.32 2799
1237.38 1114.32 2799
1232.61 1114.32 2799
1225.64 1112.33 2794
1220.88 1112.33 2794
1216.12 1112.33 2794
1209.62 1110.74 2790
1206.59 1112.33 2794
1201.83 1112.33 2794
1197.07 1112.33 2794
1192.3 1112.33 2794
1187.54 1112.33 2794
1181.08 1110.74 2790
1176.33 1110.74 2790
1171.57 1110.74 2790
1164.72 1108.75 2785
1152.48 1101.58 2767
1147.76 1101.58 2767
1143.04 1101.58 2767
1138.33 1101.58 2767
1129.51 1097.6 2757
1124.81 1097.6 2757
1588.84 1115.1 2813
1586.86 1117.08 2818
1582.06 1117.08 2818
1577.25 1117.08 2818
1572.45 1117.08 2818
1567.65 1117.08 2818
1562.84 1117.08 2818
1558.04 1117.08 2818
1548.27 1113.51 2809
1543.49 1113.51 2809
1538.7 1113.51 2809
1536.09 1115.1 2813
1531.3 1115.1 2813
1526.5 1115.1 2813
1521.71 1115.1 2813
1516.91 1115.1 2813
1512.11 1115.1 2813
1505.18 1113.51 2809
1497.72 1111.53 2804
1492.94 1111.53 2804
1485.5 1109.55 2799
1475.97 1105.98 2790
1465.94 1102.01 2780
1459.1 1100.43 2776
1454.37 1100.43 2776
1449.63 1100.43 2776
1444.9 1100.43 2776
1437.58 1098.45 2771
1432.85 1098.45 2771
1423.49 1094.88 2762
1416.21 1092.9 2757
1411.51 1092.9 2757
1406.81 1092.9 2757
1402.11 1092.9 2757
1397.41 1092.9 2757
1397.76 1096.86 2767
1393.05 1096.86 2767
1388.33 1096.86 2767
1381.11 1094.88 2762
1376.4 1094.88 2762
1371.7 1094.88 2762
1364.51 1092.9 2757
1357.84 1091.31 2753
1353.15 1091.31 2753
1348.45 1091.31 2753
1343.76 1091.31 2753
1341.01 1092.9 2757
1336.31 1092.9 2757
1331.61 1092.9 2757
1326.91 1092.9 2757
1327.01 1096.86 2767
1324.2 1098.45 2771
1319.48 1098.45 2771
1314.76 1098.45 2771
1312.4 1100.43 2776
1307.66 1100.43 2776
1304.81 1102.01 2780
1300.07 1102.01 2780
1297.66 1104 2785
1297.09 1107.56 2794
1292.33 1107.56 2794
1287.56 1107.56 2794
1282.8 1107.56 2794
1280.32 1109.55 2799
1275.55 1109.55 2799
1270.78 1109.55 2799
1266.01 1109.55 2799
1261.24 1109.55 2799
1256.47 1109.55 2799
1251.7 1109.55 2799
1246.92 1109.55 2799
1242.15 1109.55 2799
1237.38 1109.55 2799
1232.61 1109.55 2799
1227.84 1109.55 2799
1220.88 1107.56 2794
1216.12 1107.56 2794
1211.35 1107.56 2794
1206.59 1107.56 2794
1203.98 1109.55 2799
1199.21 1109.55 2799
1194.44 1109.55 2799
1189.66 1109.55 2799
1182.78 1107.56 2794
1178.01 1107.56 2794
1173.25 1107.56 2794
1168.49 1107.56 2794
1156.23 1100.43 2776
1151.49 1100.43 2776
1144.7 1098.45 2771
1138.33 1096.86 2767
1129.51 1092.9 2757
1124.81 1092.9 2757
1588.84 1110.3 2813
1586.86 1112.27 2818
1582.06 1112.27 2818
1577.25 1112.27 2818
1572.45 1112.27 2818
1567.65 1112.27 2818
1562.84 1112.27 2818
1558.04 1112.27 2818
1553.23 1112.27 2818
1548.43 1112.27 2818
1543.63 1112.27 2818
1538.82 1112.27 2818
1534.02 1112.27 2818
1529.21 1112.27 2818
1524.41 1112.27 2818
1519.61 1112.27 2818
1514.8 1112.27 2818
1507.32 1110.3 2813
1502.52 1110.3 2813
1497.73 1110.3 2813
1490.81 1108.72 2809
1480.73 1104.77 2799
1473.32 1102.8 2794
1468.56 1102.8 2794
1459.08 1099.24 2785
1454.33 1099.24 2785
1449.59 1099.24 2785
1444.84 1099.24 2785
1440.09 1099.24 2785
1430.7 1095.69 2776
1423.4 1093.72 2771
1418.68 1093.72 2771
1413.96 1093.72 2771
1409.23 1093.72 2771
1404.51 1093.72 2771
1399.78 1093.72 2771
1395.06 1093.72 2771
1390.34 1093.72 2771
1385.61 1093.72 2771
1378.9 1092.14 2767
1374.18 1092.14 2767
1369.46 1092.14 2767
1362.28 1090.17 2762
1357.57 1090.17 2762
1352.86 1090.17 2762
1348.15 1090.17 2762
1345.88 1092.14 2767
1341.16 1092.14 2767
1336.44 1092.14 2767
1331.73 1092.14 2767
1328.93 1093.72 2771
1328.5 1097.27 2780
1323.76 1097.27 2780
1319.03 1097.27 2780
1314.29 1097.27 2780
1309.55 1097.27 2780
1307.15 1099.24 2785
1302.41 1099.24 2785
1299.99 1101.22 2790
1297.09 1102.8 2794
1294.64 1104.77 2799
1289.87 1104.77 2799
1285.1 1104.77 2799
1280.32 1104.77 2799
1275.55 1104.77 2799
1270.78 1104.77 2799
1266.01 1104.77 2799
1261.24 1104.77 2799
1256.47 1104.77 2799
1251.7 1104.77 2799
1246.92 1104.77 2799
1242.15 1104.77 2799
1237.38 1104.77 2799
1232.61 1104.77 2799
1227.84 1104.77 2799
1220.88 1102.8 2794
1216.12 1102.8 2794
1211.35 1102.8 2794
1206.59 1102.8 2794
1203.98 1104.77 2799
1199.21 1104.77 2799
1194.44 1104.77 2799
1189.66 1104.77 2799
1182.78 1102.8 2794
1178.01 1102.8 2794
1173.25 1102.8 2794
1168.49 1102.8 2794
1156.23 1095.69 2776
1151.49 1095.69 2776
1144.7 1093.72 2771
1138.33 1092.14 2767
1588.84 1105.5 2813
1586.86 1107.46 2818
1582.06 1107.46 2818
1577.25 1107.46 2818
1572.45 1107.46 2818
1567.65 1107.46 2818
1562.84 1107.46 2818
1558.04 1107.46 2818
1553.23 1107.46 2818
1548.43 1107.46 2818
1543.63 1107.46 2818
1538.82 1107.46 2818
1534.02 1107.46 2818
1529.21 1107.46 2818
1524.41 1107.46 2818
1519.61 1107.46 2818
1514.8 1107.46 2818
1507.32 1105.5 2813
1502.52 1105.5 2813
1497.73 1105.5 2813
1490.81 1103.93 2809
1480.73 1100 2799
1478.6 1101.96 2804
1473.82 1101.96 2804
1469.04 1101.96 2804
1464.26 1101.96 2804
1459.48 1101.96 2804
1454.7 1101.96 2804
1444.74 1098.03 2794
1437.92 1096.46 2790
1428.03 1092.53 2780
1423.29 1092.53 2780
1421.1 1094.49 2785
1416.35 1094.49 2785
1411.6 1094.49 2785
1404.33 1092.53 2780
1399.59 1092.53 2780
1394.85 1092.53 2780
1390.11 1092.53 2780
1383.38 1090.96 2776
1378.65 1090.96 2776
1373.92 1090.96 2776
1366.72 1088.99 2771
1361.99 1088.99 2771
1357.27 1088.99 2771
1352.55 1088.99 2771
1352.2 1092.53 2780
1347.46 1092.53 2780
1345.14 1094.49 2785
1340.39 1094.49 2785
1335.64 1094.49 2785
1333.28 1096.46 2790
1328.53 1096.46 2790
1323.77 1096.46 2790
1319.01 1096.46 2790
1314.26 1096.46 2790
1311.38 1098.03 2794
1306.62 1098.03 2794
1304.18 1100 2799
1301.73 1101.96 2804
1299.26 1103.93 2809
1294.48 1103.93 2809
1289.69 1103.93 2809
1286.73 1105.5 2813
1281.93 1105.5 2813
1277.14 1105.5 2813
1270.53 1103.93 2809
1265.74 1103.93 2809
1260.96 1103.93 2809
1256.17 1103.93 2809
1249.15 1101.96 2804
1244.37 1101.96 2804
1239.59 1101.96 2804
1232.61 1100 2799
1227.84 1100 2799
1220.88 1098.03 2794
1216.12 1098.03 2794
1211.35 1098.03 2794
1206.59 1098.03 2794
1203.98 1100 2799
1199.21 1100 2799
1194.44 1100 2799
1189.66 1100 2799
1182.78 1098.03 2794
1178.01 1098.03 2794
1173.25 1098.03 2794
1168.49 1098.03 2794
1156.23 1090.96 2776
1151.49 1090.96 2776
1144.7 1088.99 2771
1588.84 1100.7 2813
1586.86 1102.65 2818
1582.06 1102.65 2818
1582.85 1106.57 2828
1578.03 1106.57 2828
1573.21 1106.57 2828
1562.84 1102.65 2818
1558.04 1102.65 2818
1553.23 1102.65 2818
1548.43 1102.65 2818
1543.63 1102.65 2818
1544.28 1106.57 2828
1539.46 1106.57 2828
1534.64 1106.57 2828
1529.82 1106.57 2828
1527.16 1108.13 2832
1522.33 1108.13 2832
1517.5 1108.13 2832
1510.54 1106.57 2828
1505.72 1106.57 2828
1498.24 1104.61 2823
1488.14 1100.7 2813
1478.6 1097.18 2804
1473.82 1097.18 2804
1469.04 1097.18 2804
1464.26 1097.18 2804
1459.48 1097.18 2804
1454.7 1097.18 2804
1444.74 1093.26 2794
1437.92 1091.7 2790
1428.03 1087.79 2780
1423.29 1087.79 2780
1421.1 1089.74 2785
1416.35 1089.74 2785
1411.6 1089.74 2785
1404.33 1087.79 2780
1399.59 1087.79 2780
1394.85 1087.79 2780
1390.11 1087.79 2780
1383.38 1086.22 2776
1378.65 1086.22 2776
1373.92 1086.22 2776
1366.72 1084.26 2771
1361.99 1084.26 2771
1357.27 1084.26 2771
1352.55 1084.26 2771
1352.2 1087.79 2780
1352.31 1091.7 2790
1349.48 1093.26 2794
1344.72 1093.26 2794
1342.36 1095.22 2799
1339.97 1097.18 2804
1335.19 1097.18 2804
1330.41 1097.18 2804
1325.63 1097.18 2804
1320.85 1097.18 2804
1316.07 1097.18 2804
1311.29 1097.18 2804
1308.84 1099.13 2809
1304.05 1099.13 2809
1301.11 1100.7 2813
1296.32 1100.7 2813
1293.82 1102.65 2818
1289.02 1102.65 2818
1284.21 1102.65 2818
1279.41 1102.65 2818
1274.6 1102.65 2818
1267.55 1100.7 2813
1262.75 1100.7 2813
1257.96 1100.7 2813
1251.38 1099.13 2809
1246.59 1099.13 2809
1241.8 1099.13 2809
1234.81 1097.18 2804
1227.84 1095.22 2799
1220.88 1093.26 2794
1216.12 1093.26 2794
1211.35 1093.26 2794
1206.59 1093.26 2794
1203.98 1095.22 2799
1199.21 1095.22 2799
1194.44 1095.22 2799
1189.66 1095.22 2799
1182.78 1093.26 2794
1178.01 1093.26 2794
1173.25 1093.26 2794
1166.81 1091.7 2790
1154.14 1084.26 2771
1149.42 1084.26 2771
1117.02 1058.05 2704
1591.67 1097.85 2818
1589.68 1099.79 2823
1587.67 1101.74 2828
1582.85 1101.74 2828
1578.03 1101.74 2828
1573.21 1101.74 2828
1568.39 1101.74 2828
1563.57 1101.74 2828
1558.75 1101.74 2828
1553.93 1101.74 2828
1549.1 1101.74 2828
1546.47 1103.3 2832
1541.64 1103.3 2832
1536.81 1103.3 2832
1534.69 1105.25 2837
1529.85 1105.25 2837
1525.02 1105.25 2837
1520.18 1105.25 2837
1512.67 1103.3 2832
1507.84 1103.3 2832
1503.02 1103.3 2832
1493.43 1099.79 2823
1485.98 1097.85 2818
1481.17 1097.85 2818
1476.37 1097.85 2818
1471.57 1097.85 2818
1464.16 1095.9 2813
1459.36 1095.9 2813
1452.5 1094.34 2809
1442.56 1090.44 2799
1435.22 1088.5 2794
1430.46 1088.5 2794
1425.69 1088.5 2794
1423.47 1090.44 2799
1418.7 1090.44 2799
1413.93 1090.44 2799
1406.64 1088.5 2794
1401.88 1088.5 2794
1397.11 1088.5 2794
1392.35 1088.5 2794
1385.6 1086.94 2790
1380.85 1086.94 2790
1371.16 1083.04 2780
1366.42 1083.04 2780
1364.13 1084.99 2785
1359.38 1084.99 2785
1357.06 1086.94 2790
1352.31 1086.94 2790
1349.48 1088.5 2794
1344.72 1088.5 2794
1342.36 1090.44 2799
1339.97 1092.39 2804
1335.19 1092.39 2804
1330.41 1092.39 2804
1325.63 1092.39 2804
1320.85 1092.39 2804
1316.07 1092.39 2804
1311.29 1092.39 2804
1308.84 1094.34 2809
1304.05 1094.34 2809
1301.11 1095.9 2813
1296.32 1095.9 2813
1293.82 1097.85 2818
1289.02 1097.85 2818
1284.21 1097.85 2818
1279.41 1097.85 2818
1274.6 1097.85 2818
1267.55 1095.9 2813
1262.75 1095.9 2813
1257.96 1095.9 2813
1251.38 1094.34 2809
1246.59 1094.34 2809
1241.8 1094.34 2809
1237.01 1094.34 2809
1227.84 1090.44 2799
1223.07 1090.44 2799
1218.29 1090.44 2799
1211.35 1088.5 2794
1206.59 1088.5 2794
1203.98 1090.44 2799
1199.21 1090.44 2799
1194.44 1090.44 2799
1189.66 1090.44 2799
1182.78 1088.5 2794
1178.01 1088.5 2794
1173.25 1088.5 2794
1166.81 1086.94 2790
1154.14 1079.54 2771
1149.42 1079.54 2771
1117.02 1053.43 2704
1591.67 1093.04 2818
1589.68 1094.98 2823
1587.67 1096.92 2828
1582.85 1096.92 2828
1578.03 1096.92 2828
1573.21 1096.92 2828
1570.61 1098.47 2832
1565.78 1098.47 2832
1560.95 1098.47 2832
1558.87 1100.41 2837
1554.03 1100.41 2837
1549.2 1100.41 2837
1544.36 1100.41 2837
1539.53 1100.41 2837
1534.69 1100.41 2837
1529.85 1100.41 2837
1525.02 1100.41 2837
1520.18 1100.41 2837
1515.34 1100.41 2837
1510.51 1100.41 2837
1505.67 1100.41 2837
1498.19 1098.47 2832
1491.25 1096.92 2828
1486.43 1096.92 2828
1481.61 1096.92 2828
1476.79 1096.92 2828
1469.37 1094.98 2823
1464.55 1094.98 2823
1457.15 1093.04 2818
1449.77 1091.1 2813
1444.98 1091.1 2813
1440.18 1091.1 2813
1435.39 1091.1 2813
1433.14 1093.04 2818
1428.33 1093.04 2818
1423.53 1093.04 2818
1416.21 1091.1 2813
1411.41 1091.1 2813
1406.61 1091.1 2813
1401.82 1091.1 2813
1395.04 1089.55 2809
1387.77 1087.61 2804
1380.53 1085.67 2799
1375.76 1085.67 2799
1368.54 1083.73 2794
1366.21 1085.67 2799
1361.44 1085.67 2799
1356.67 1085.67 2799
1354.31 1087.61 2804
1349.53 1087.61 2804
1347.15 1089.55 2809
1342.36 1089.55 2809
1337.57 1089.55 2809
1332.79 1089.55 2809
1328 1089.55 2809
1325.09 1091.1 2813
1320.3 1091.1 2813
1315.5 1091.1 2813
1313.04 1093.04 2818
1308.23 1093.04 2818
1305.74 1094.98 2823
1300.93 1094.98 2823
1296.12 1094.98 2823
1293.59 1096.92 2828
1288.77 1096.92 2828
1283.95 1096.92 2828
1276.87 1094.98 2823
1272.05 1094.98 2823
1267.24 1094.98 2823
1257.96 1091.1 2813
1253.16 1091.1 2813
1248.36 1091.1 2813
1243.57 1091.1 2813
1237.01 1089.55 2809
1227.84 1085.67 2799
1223.07 1085.67 2799
1218.29 1085.67 2799
1211.35 1083.73 2794
1206.59 1083.73 2794
1201.83 1083.73 2794
1197.07 1083.73 2794
1192.3 1083.73 2794
1187.54 1083.73 2794
1182.78 1083.73 2794
1178.01 1083.73 2794
1171.57 1082.18 2790
1158.87 1074.81 2771
1148.31 1069.38 2757
1143.61 1069.38 2757
1117.02 1048.82 2704
1591.67 1088.23 2818
1589.68 1090.16 2823
1587.67 1092.09 2828
1582.85 1092.09 2828
1578.03 1092.09 2828
1573.21 1092.09 2828
1570.61 1093.64 2832
1565.78 1093.64 2832
1560.95 1093.64 2832
1558.87 1095.57 2837
1554.03 1095.57 2837
1549.2 1095.57 2837
1544.36 1095.57 2837
1539.53 1095.57 2837
1534.69 1095.57 2837
1529.85 1095.57 2837
1525.02 1095.57 2837
1520.18 1095.57 2837
1515.34 1095.57 2837
1510.51 1095.57 2837
1505.67 1095.57 2837
1498.19 1093.64 2832
1493.36 1093.64 2832
1488.53 1093.64 2832
1483.71 1093.64 2832
1478.88 1093.64 2832
1474.05 1093.64 2832
1469.22 1093.64 2832
1462.33 1092.09 2828
1454.93 1090.16 2823
1447.55 1088.23 2818
1442.74 1088.23 2818
1437.94 1088.23 2818
1435.68 1090.16 2823
1430.87 1090.16 2823
1428.58 1092.09 2828
1423.76 1092.09 2828
1418.94 1092.09 2828
1411.62 1090.16 2823
1406.8 1090.16 2823
1399.51 1088.23 2818
1394.7 1088.23 2818
1387.43 1086.3 2813
1382.64 1086.3 2813
1375.88 1084.76 2809
1371.09 1084.76 2809
1368.25 1086.3 2813
1363.46 1086.3 2813
1358.66 1086.3 2813
1356.27 1088.23 2818
1353.87 1090.16 2823
1349.05 1090.16 2823
1344.24 1090.16 2823
1341.8 1092.09 2828
1336.98 1092.09 2828
1332.16 1092.09 2828
1327.34 1092.09 2828
1322.52 1092.09 2828
1319.56 1093.64 2832
1314.73 1093.64 2832
1309.9 1093.64 2832
1307.38 1095.57 2837
1302.54 1095.57 2837
1297.71 1095.57 2837
1292.87 1095.57 2837
1288.03 1095.57 2837
1280.94 1093.64 2832
1276.11 1093.64 2832
1269.48 1092.09 2828
1262.43 1090.16 2823
1257.62 1090.16 2823
1250.58 1088.23 2818
1245.78 1088.23 2818
1238.77 1086.3 2813
1232.22 1084.76 2809
1227.44 1084.76 2809
1222.65 1084.76 2809
1213.52 1080.89 2799
1204.86 1077.42 2790
1200.11 1077.42 2790
1195.35 1077.42 2790
1188.46 1075.49 2785
1179.89 1072.01 2776
1169.23 1066.61 2762
1164.52 1066.61 2762
1159.81 1066.61 2762
1153.01 1064.67 2757
1127.9 1045.75 2708
1123.29 1045.75 2708
1117.02 1044.21 2704
1591.67 1083.42 2818
1589.68 1085.35 2823
1587.67 1087.27 2828
1582.85 1087.27 2828
1578.03 1087.27 2828
1575.43 1088.81 2832
1570.61 1088.81 2832
1565.78 1088.81 2832
1560.95 1088.81 2832
1558.87 1090.73 2837
1554.03 1090.73 2837
1549.2 1090.73 2837
1544.36 1090.73 2837
1539.53 1090.73 2837
1534.69 1090.73 2837
1532.55 1092.65 2842
1527.7 1092.65 2842
1522.86 1092.65 2842
1515.34 1090.73 2837
1510.51 1090.73 2837
1505.67 1090.73 2837
1498.19 1088.81 2832
1493.36 1088.81 2832
1488.53 1088.81 2832
1483.71 1088.81 2832
1478.88 1088.81 2832
1474.05 1088.81 2832
1469.22 1088.81 2832
1462.33 1087.27 2828
1454.93 1085.35 2823
1447.55 1083.42 2818
1442.74 1083.42 2818
1437.94 1083.42 2818
1435.68 1085.35 2823
1430.87 1085.35 2823
1428.58 1087.27 2828
1423.76 1087.27 2828
1418.94 1087.27 2828
1411.62 1085.35 2823
1406.8 1085.35 2823
1399.51 1083.42 2818
1394.7 1083.42 2818
1387.43 1081.5 2813
1382.64 1081.5 2813
1375.88 1079.96 2809
1371.09 1079.96 2809
1373.12 1085.35 2823
1368.3 1085.35 2823
1363.49 1085.35 2823
1358.68 1085.35 2823
1358.18 1088.81 2832
1353.35 1088.81 2832
1348.53 1088.81 2832
1343.7 1088.81 2832
1338.87 1088.81 2832
1336.4 1090.73 2837
1331.56 1090.73 2837
1326.72 1090.73 2837
1324.22 1092.65 2842
1319.37 1092.65 2842
1314.53 1092.65 2842
1311.99 1094.57 2847
1309.43 1096.5 2852
1304.57 1096.5 2852
1299.71 1096.5 2852
1292.57 1094.57 2847
1285.46 1092.65 2842
1280.61 1092.65 2842
1273.52 1090.73 2837
1268.69 1090.73 2837
1263.85 1090.73 2837
1259.02 1090.73 2837
1251.97 1088.81 2832
1247.14 1088.81 2832
1240.56 1087.27 2828
1233.55 1085.35 2823
1228.74 1085.35 2823
1221.76 1083.42 2818
1214.8 1081.5 2813
1208.28 1079.96 2809
1203.49 1079.96 2809
1190.6 1072.66 2790
1181.59 1068.81 2780
1173.04 1065.35 2771
1168.32 1065.35 2771
1159.81 1061.89 2762
1151.34 1058.43 2753
1126.24 1039.59 2704
1121.63 1039.59 2704
1113.3 1036.13 2695
1594.49 1080.53 2823
1592.49 1082.44 2828
1587.67 1082.44 2828
1585.09 1083.97 2832
1580.26 1083.97 2832
1575.43 1083.97 2832
1570.61 1083.97 2832
1568.54 1085.89 2837
1563.71 1085.89 2837
1561.62 1087.8 2842
1556.77 1087.8 2842
1551.93 1087.8 2842
1547.08 1087.8 2842
1542.24 1087.8 2842
1537.39 1087.8 2842
1532.55 1087.8 2842
1527.7 1087.8 2842
1522.86 1087.8 2842
1518.01 1087.8 2842
1513.17 1087.8 2842
1508.32 1087.8 2842
1500.83 1085.89 2837
1496 1085.89 2837
1491.16 1085.89 2837
1486.33 1085.89 2837
1481.49 1085.89 2837
1474.05 1083.97 2832
1469.22 1083.97 2832
1464.39 1083.97 2832
1457.5 1082.44 2828
1450.12 1080.53 2823
1445.3 1080.53 2823
1440.49 1080.53 2823
1435.68 1080.53 2823
1430.87 1080.53 2823
1428.58 1082.44 2828
1423.76 1082.44 2828
1418.94 1082.44 2828
1411.62 1080.53 2823
1406.8 1080.53 2823
1401.99 1080.53 2823
1397.18 1080.53 2823
1392.37 1080.53 2823
1387.55 1080.53 2823
1380.29 1078.62 2818
1375.49 1078.62 2818
1373.12 1080.53 2823
1368.3 1080.53 2823
1363.49 1080.53 2823
1358.68 1080.53 2823
1358.18 1083.97 2832
1353.35 1083.97 2832
1348.53 1083.97 2832
1343.7 1083.97 2832
1338.87 1083.97 2832
1336.4 1085.89 2837
1331.56 1085.89 2837
1326.72 1085.89 2837
1324.22 1087.8 2842
1319.37 1087.8 2842
1314.53 1087.8 2842
1311.99 1089.72 2847
1309.43 1091.63 2852
1304.57 1091.63 2852
1299.71 1091.63 2852
1292.57 1089.72 2847
1285.46 1087.8 2842
1280.61 1087.8 2842
1273.52 1085.89 2837
1268.69 1085.89 2837
1263.85 1085.89 2837
1259.02 1085.89 2837
1254.18 1085.89 2837
1247.14 1083.97 2832
1242.31 1083.97 2832
1237.49 1083.97 2832
1232.66 1083.97 2832
1226.1 1082.44 2828
1219.12 1080.53 2823
1212.15 1078.62 2818
1207.35 1078.62 2818
1198.7 1075.17 2809
1181.59 1064.07 2780
1176.85 1064.07 2780
1172.11 1064.07 2780
1167.37 1064.07 2780
1151.34 1053.74 2753
1126.24 1034.98 2704
1121.63 1034.98 2704
1113.3 1031.54 2695
1594.49 1075.71 2823
1594.75 1079.14 2832
1592.73 1081.05 2837
1590.69 1082.95 2842
1585.84 1082.95 2842
1581 1082.95 2842
1578.93 1084.86 2847
1574.07 1084.86 2847
1569.22 1084.86 2847
1567.11 1086.76 2852
1562.25 1086.76 2852
1557.39 1086.76 2852
1552.53 1086.76 2852
1547.66 1086.76 2852
1542.8 1086.76 2852
1537.94 1086.76 2852
1533.08 1086.76 2852
1525.54 1084.86 2847
1520.68 1084.86 2847
1515.83 1084.86 2847
1510.98 1084.86 2847
1503.48 1082.95 2842
1496 1081.05 2837
1491.16 1081.05 2837
1486.33 1081.05 2837
1481.49 1081.05 2837
1476.65 1081.05 2837
1471.82 1081.05 2837
1466.98 1081.05 2837
1459.57 1079.14 2832
1452.68 1077.62 2828
1447.86 1077.62 2828
1440.49 1075.71 2823
1440.25 1079.14 2832
1435.43 1079.14 2832
1430.6 1079.14 2832
1425.77 1079.14 2832
1420.94 1079.14 2832
1414.12 1077.62 2828
1409.29 1077.62 2828
1404.47 1077.62 2828
1397.18 1075.71 2823
1392.37 1075.71 2823
1387.55 1075.71 2823
1382.74 1075.71 2823
1377.93 1075.71 2823
1375.55 1077.62 2828
1370.73 1077.62 2828
1365.91 1077.62 2828
1363.01 1079.14 2832
1358.18 1079.14 2832
1355.74 1081.05 2837
1350.91 1081.05 2837
1346.07 1081.05 2837
1341.23 1081.05 2837
1338.75 1082.95 2842
1333.91 1082.95 2842
1329.06 1082.95 2842
1324.22 1082.95 2842
1321.69 1084.86 2847
1316.84 1084.86 2847
1314.29 1086.76 2852
1311.73 1088.67 2857
1306.86 1088.67 2857
1301.98 1088.67 2857
1294.84 1086.76 2852
1287.72 1084.86 2847
1282.87 1084.86 2847
1275.77 1082.95 2842
1270.92 1082.95 2842
1266.08 1082.95 2842
1261.23 1082.95 2842
1254.18 1081.05 2837
1247.14 1079.14 2832
1242.31 1079.14 2832
1237.49 1079.14 2832
1232.66 1079.14 2832
1226.1 1077.62 2828
1219.12 1075.71 2823
1212.15 1073.81 2818
1207.35 1073.81 2818
1198.7 1070.38 2809
1181.59 1059.33 2780
1176.85 1059.33 2780
1172.11 1059.33 2780
1167.37 1059.33 2780
1149.25 1047.13 2748
1594.49 1070.9 2823
1594.75 1074.31 2832
1592.73 1076.21 2837
1590.69 1078.1 2842
1585.84 1078.1 2842
1581 1078.1 2842
1578.93 1080 2847
1574.07 1080 2847
1569.22 1080 2847
1567.11 1081.9 2852
1562.25 1081.9 2852
1557.39 1081.9 2852
1552.53 1081.9 2852
1547.66 1081.9 2852
1542.8 1081.9 2852
1537.94 1081.9 2852
1533.08 1081.9 2852
1525.54 1080 2847
1520.68 1080 2847
1515.83 1080 2847
1510.98 1080 2847
1506.12 1080 2847
1501.27 1080 2847
1496.42 1080 2847
1491.56 1080 2847
1486.71 1080 2847
1481.86 1080 2847
1477 1080 2847
1469.57 1078.1 2842
1462.14 1076.21 2837
1454.74 1074.31 2832
1449.91 1074.31 2832
1445.08 1074.31 2832
1440.25 1074.31 2832
1437.96 1076.21 2837
1433.12 1076.21 2837
1428.29 1076.21 2837
1423.45 1076.21 2837
1418.62 1076.21 2837
1413.78 1076.21 2837
1406.46 1074.31 2832
1401.63 1074.31 2832
1396.8 1074.31 2832
1391.98 1074.31 2832
1387.15 1074.31 2832
1382.32 1074.31 2832
1377.49 1074.31 2832
1372.67 1074.31 2832
1367.84 1074.31 2832
1365.42 1076.21 2837
1360.58 1076.21 2837
1355.74 1076.21 2837
1350.91 1076.21 2837
1348.44 1078.1 2842
1343.6 1078.1 2842
1338.75 1078.1 2842
1333.91 1078.1 2842
1331.4 1080 2847
1326.55 1080 2847
1326.34 1083.79 2857
1321.47 1083.79 2857
1316.6 1083.79 2857
1311.73 1083.79 2857
1306.86 1083.79 2857
1301.98 1083.79 2857
1297.11 1083.79 2857
1289.98 1081.9 2852
1285.12 1081.9 2852
1278.01 1080 2847
1273.16 1080 2847
1268.31 1080 2847
1263.45 1080 2847
1258.6 1080 2847
1251.54 1078.1 2842
1244.51 1076.21 2837
1239.67 1076.21 2837
1232.66 1074.31 2832
1227.83 1074.31 2832
1221.27 1072.79 2828
1216.45 1072.79 2828
1209.49 1070.9 2823
1200.41 1067.1 2813
1181.59 1054.58 2780
1176.85 1054.58 2780
1172.11 1054.58 2780
1167.37 1054.58 2780
1599.57 1069.48 2832
1600.38 1073.26 2842
1595.53 1073.26 2842
1593.49 1075.14 2847
1588.63 1075.14 2847
1583.78 1075.14 2847
1581.7 1077.03 2852
1579.6 1078.92 2857
1574.73 1078.92 2857
1572.61 1080.81 2862
1567.73 1080.81 2862
1562.85 1080.81 2862
1555.25 1078.92 2857
1550.38 1078.92 2857
1542.8 1077.03 2852
1537.94 1077.03 2852
1533.08 1077.03 2852
1528.22 1077.03 2852
1523.36 1077.03 2852
1518.49 1077.03 2852
1513.63 1077.03 2852
1506.12 1075.14 2847
1501.27 1075.14 2847
1496.42 1075.14 2847
1491.56 1075.14 2847
1486.71 1075.14 2847
1481.86 1075.14 2847
1477 1075.14 2847
1469.57 1073.26 2842
1462.14 1071.37 2837
1454.74 1069.48 2832
1449.91 1069.48 2832
1445.08 1069.48 2832
1440.25 1069.48 2832
1437.96 1071.37 2837
1433.12 1071.37 2837
1428.29 1071.37 2837
1423.45 1071.37 2837
1418.62 1071.37 2837
1413.78 1071.37 2837
1406.46 1069.48 2832
1401.63 1069.48 2832
1396.8 1069.48 2832
1391.98 1069.48 2832
1387.15 1069.48 2832
1387.2 1073.26 2842
1382.36 1073.26 2842
1377.51 1073.26 2842
1372.67 1073.26 2842
1367.82 1073.26 2842
1365.38 1075.14 2847
1360.52 1075.14 2847
1355.67 1075.14 2847
1350.82 1075.14 2847
1345.96 1075.14 2847
1343.46 1077.03 2852
1338.6 1077.03 2852
1336.08 1078.92 2857
1331.21 1078.92 2857
1326.34 1078.92 2857
1321.47 1078.92 2857
1318.9 1080.81 2862
1314.02 1080.81 2862
1309.14 1080.81 2862
1304.26 1080.81 2862
1299.38 1080.81 2862
1292.24 1078.92 2857
1287.37 1078.92 2857
1280.26 1077.03 2852
1275.4 1077.03 2852
1270.53 1077.03 2852
1265.67 1077.03 2852
1260.81 1077.03 2852
1253.75 1075.14 2847
1246.7 1073.26 2842
1241.86 1073.26 2842
1237.01 1073.26 2842
1232.17 1073.26 2842
1225.16 1071.37 2837
1220.32 1071.37 2837
1211.63 1067.97 2828
1200.41 1062.3 2813
1181.59 1049.84 2780
1176.85 1049.84 2780
1172.11 1049.84 2780
1605.22 1068.41 2842
1603.19 1070.29 2847
1603.95 1074.05 2857
1599.08 1074.05 2857
1594.21 1074.05 2857
1592.12 1075.93 2862
1587.24 1075.93 2862
1584.58 1077.43 2866
1579.69 1077.43 2866
1574.81 1077.43 2866
1569.92 1077.43 2866
1565.03 1077.43 2866
1557.97 1075.93 2862
1553.09 1075.93 2862
1548.21 1075.93 2862
1543.33 1075.93 2862
1538.45 1075.93 2862
1530.9 1074.05 2857
1526.03 1074.05 2857
1521.16 1074.05 2857
1516.29 1074.05 2857
1508.77 1072.17 2852
1503.91 1072.17 2852
1499.05 1072.17 2852
1494.18 1072.17 2852
1489.32 1072.17 2852
1484.46 1072.17 2852
1479.6 1072.17 2852
1472.15 1070.29 2847
1467.3 1070.29 2847
1462.44 1070.29 2847
1457.59 1070.29 2847
1452.74 1070.29 2847
1447.88 1070.29 2847
1443.03 1070.29 2847
1440.7 1072.17 2852
1435.84 1072.17 2852
1430.98 1072.17 2852
1423.62 1070.29 2847
1418.76 1070.29 2847
1413.91 1070.29 2847
1409.06 1070.29 2847
1401.74 1068.41 2842
1396.89 1068.41 2842
1392.05 1068.41 2842
1387.2 1068.41 2842
1382.36 1068.41 2842
1377.51 1068.41 2842
1372.67 1068.41 2842
1367.82 1068.41 2842
1365.38 1070.29 2847
1360.52 1070.29 2847
1355.67 1070.29 2847
1350.82 1070.29 2847
1345.96 1070.29 2847
1343.46 1072.17 2852
1338.6 1072.17 2852
1336.08 1074.05 2857
1331.21 1074.05 2857
1326.34 1074.05 2857
1321.47 1074.05 2857
1318.9 1075.93 2862
1314.02 1075.93 2862
1309.14 1075.93 2862
1304.26 1075.93 2862
1299.38 1075.93 2862
1292.24 1074.05 2857
1287.37 1074.05 2857
1280.26 1072.17 2852
1275.4 1072.17 2852
1276.77 1077.43 2866
1271.89 1077.43 2866
1267 1077.43 2866
1262.11 1077.43 2866
1255.47 1075.93 2862
1250.59 1075.93 2862
1245.72 1075.93 2862
1236.5 1072.17 2852
1231.64 1072.17 2852
1226.78 1072.17 2852
1211.63 1063.14 2828
1200.41 1057.5 2813
1181.59 1045.1 2780
1176.85 1045.1 2780
1172.11 1045.1 2780
1610.87 1067.3 2852
1611.64 1071.04 2862
1609.01 1072.54 2866
1606.92 1074.41 2871
1602.02 1074.41 2871
1599.91 1076.28 2876
1595.01 1076.28 2876
1590.11 1076.28 2876
1585.2 1076.28 2876
1580.3 1076.28 2876
1572.66 1074.41 2871
1567.76 1074.41 2871
1562.87 1074.41 2871
1555.26 1072.54 2866
1548.21 1071.04 2862
1543.33 1071.04 2862
1538.45 1071.04 2862
1533.58 1071.04 2862
1528.7 1071.04 2862
1523.82 1071.04 2862
1518.94 1071.04 2862
1511.41 1069.17 2857
1506.54 1069.17 2857
1501.67 1069.17 2857
1494.18 1067.3 2852
1489.32 1067.3 2852
1484.46 1067.3 2852
1479.6 1067.3 2852
1474.74 1067.3 2852
1467.3 1065.43 2847
1462.44 1065.43 2847
1457.59 1065.43 2847
1452.74 1065.43 2847
1447.88 1065.43 2847
1445.56 1067.3 2852
1440.7 1067.3 2852
1435.84 1067.3 2852
1430.98 1067.3 2852
1426.12 1067.3 2852
1421.25 1067.3 2852
1416.39 1067.3 2852
1411.53 1067.3 2852
1404.2 1065.43 2847
1399.35 1065.43 2847
1394.5 1065.43 2847
1389.64 1065.43 2847
1382.36 1063.56 2842
1377.51 1063.56 2842
1372.67 1063.56 2842
1370.23 1065.43 2847
1367.77 1067.3 2852
1362.91 1067.3 2852
1358.05 1067.3 2852
1355.56 1069.17 2857
1350.69 1069.17 2857
1348.17 1071.04 2862
1343.3 1071.04 2862
1340.29 1072.54 2866
1335.4 1072.54 2866
1330.52 1072.54 2866
1325.63 1072.54 2866
1323.05 1074.41 2871
1320.45 1076.28 2876
1315.55 1076.28 2876
1310.64 1076.28 2876
1303.47 1074.41 2871
1296.31 1072.54 2866
1291.43 1072.54 2866
1286.54 1072.54 2866
1281.66 1072.54 2866
1276.77 1072.54 2866
1271.89 1072.54 2866
1267 1072.54 2866
1262.11 1072.54 2866
1255.47 1071.04 2862
1250.59 1071.04 2862
1245.72 1071.04 2862
1236.5 1067.3 2852
1231.64 1067.3 2852
1226.78 1067.3 2852
1211.63 1058.32 2828
1610.87 1062.43 2852
1611.64 1066.16 2862
1609.01 1067.65 2866
1606.92 1069.51 2871
1602.02 1069.51 2871
1599.91 1071.38 2876
1595.01 1071.38 2876
1590.11 1071.38 2876
1585.2 1071.38 2876
1580.3 1071.38 2876
1572.66 1069.51 2871
1567.76 1069.51 2871
1562.87 1069.51 2871
1555.26 1067.65 2866
1548.21 1066.16 2862
1543.33 1066.16 2862
1538.45 1066.16 2862
1533.58 1066.16 2862
1528.7 1066.16 2862
1523.82 1066.16 2862
1518.94 1066.16 2862
1514.06 1066.16 2862
1506.54 1064.3 2857
1501.67 1064.3 2857
1496.8 1064.3 2857
1491.93 1064.3 2857
1487.06 1064.3 2857
1482.19 1064.3 2857
1474.74 1062.43 2852
1469.87 1062.43 2852
1462.44 1060.57 2847
1457.59 1060.57 2847
1452.74 1060.57 2847
1447.88 1060.57 2847
1445.56 1062.43 2852
1443.23 1064.3 2857
1438.36 1064.3 2857
1433.49 1064.3 2857
1426.12 1062.43 2852
1421.25 1062.43 2852
1416.39 1062.43 2852
1411.53 1062.43 2852
1406.67 1062.43 2852
1401.81 1062.43 2852
1394.5 1060.57 2847
1389.64 1060.57 2847
1384.79 1060.57 2847
1379.94 1060.57 2847
1375.08 1060.57 2847
1372.64 1062.43 2852
1367.77 1062.43 2852
1365.3 1064.3 2857
1360.43 1064.3 2857
1355.56 1064.3 2857
1353.05 1066.16 2862
1350.06 1067.65 2866
1345.17 1067.65 2866
1342.62 1069.51 2871
1337.73 1069.51 2871
1332.84 1069.51 2871
1327.94 1069.51 2871
1325.35 1071.38 2876
1322.74 1073.24 2881
1320.12 1075.1 2886
1315.2 1075.1 2886
1310.28 1075.1 2886
1305.36 1075.1 2886
1300.44 1075.1 2886
1295.52 1075.1 2886
1292.84 1076.96 2891
1287.91 1076.96 2891
1282.98 1076.96 2891
1278.05 1076.96 2891
1270.92 1075.1 2886
1263.81 1073.24 2881
1258.9 1073.24 2881
1253.99 1073.24 2881
1249.07 1073.24 2881
1244.16 1073.24 2881
1239.25 1073.24 2881
1616.52 1061.28 2862
1616.71 1064.61 2871
1614.62 1066.47 2876
1609.72 1066.47 2876
1604.81 1066.47 2876
1602.69 1068.32 2881
1600.55 1070.18 2886
1595.63 1070.18 2886
1590.71 1070.18 2886
1585.8 1070.18 2886
1580.88 1070.18 2886
1575.96 1070.18 2886
1565.59 1066.47 2876
1560.69 1066.47 2876
1555.79 1066.47 2876
1550.88 1066.47 2876
1543.29 1064.61 2871
1535.72 1062.76 2866
1530.83 1062.76 2866
1525.95 1062.76 2866
1521.06 1062.76 2866
1514.06 1061.28 2862
1506.54 1059.42 2857
1501.67 1059.42 2857
1496.8 1059.42 2857
1491.93 1059.42 2857
1487.06 1059.42 2857
1482.19 1059.42 2857
1474.74 1057.57 2852
1469.87 1057.57 2852
1462.44 1055.71 2847
1457.59 1055.71 2847
1452.74 1055.71 2847
1447.88 1055.71 2847
1445.56 1057.57 2852
1443.23 1059.42 2857
1438.36 1059.42 2857
1433.49 1059.42 2857
1426.12 1057.57 2852
1421.25 1057.57 2852
1416.39 1057.57 2852
1411.53 1057.57 2852
1406.67 1057.57 2852
1401.81 1057.57 2852
1394.5 1055.71 2847
1389.64 1055.71 2847
1384.79 1055.71 2847
1382.36 1057.57 2852
1377.5 1057.57 2852
1372.64 1057.57 2852
1372.57 1061.28 2862
1367.69 1061.28 2862
1362.81 1061.28 2862
1357.93 1061.28 2862
1354.94 1062.76 2866
1352.41 1064.61 2871
1347.52 1064.61 2871
1342.62 1064.61 2871
1337.73 1064.61 2871
1335.16 1066.47 2876
1330.25 1066.47 2876
1327.66 1068.32 2881
1325.04 1070.18 2886
1320.12 1070.18 2886
1315.2 1070.18 2886
1312.55 1072.03 2891
1307.62 1072.03 2891
1302.69 1072.03 2891
1297.77 1072.03 2891
1292.84 1072.03 2891
1287.91 1072.03 2891
1282.98 1072.03 2891
1278.05 1072.03 2891
1273.12 1072.03 2891
1268.19 1072.03 2891
1263.27 1072.03 2891
1258.34 1072.03 2891
1253.41 1072.03 2891
1244.16 1068.32 2881
1239.25 1068.32 2881
1624.43 1061.56 2876
1619.52 1061.56 2876
1617.43 1063.41 2881
1615.31 1065.25 2886
1610.39 1065.25 2886
1605.47 1065.25 2886
1603.33 1067.1 2891
1598.4 1067.1 2891
1593.47 1067.1 2891
1588.54 1067.1 2891
1583.61 1067.1 2891
1578.69 1067.1 2891
1571.04 1065.25 2886
1560.69 1061.56 2876
1555.79 1061.56 2876
1550.88 1061.56 2876
1545.98 1061.56 2876
1538.4 1059.72 2871
1530.83 1057.87 2866
1525.95 1057.87 2866
1521.06 1057.87 2866
1516.18 1057.87 2866
1506.54 1054.55 2857
1501.67 1054.55 2857
1496.8 1054.55 2857
1491.93 1054.55 2857
1487.06 1054.55 2857
1482.19 1054.55 2857
1477.32 1054.55 2857
1472.45 1054.55 2857
1465.01 1052.7 2852
1460.15 1052.7 2852
1455.29 1052.7 2852
1450.43 1052.7 2852
1445.56 1052.7 2852
1443.23 1054.55 2857
1438.36 1054.55 2857
1433.49 1054.55 2857
1428.62 1054.55 2857
1423.75 1054.55 2857
1418.88 1054.55 2857
1414.01 1054.55 2857
1409.13 1054.55 2857
1404.26 1054.55 2857
1399.39 1054.55 2857
1389.64 1050.86 2847
1384.79 1050.86 2847
1382.36 1052.7 2852
1377.5 1052.7 2852
1372.64 1052.7 2852
1372.57 1056.39 2862
1367.69 1056.39 2862
1362.81 1056.39 2862
1357.93 1056.39 2862
1354.94 1057.87 2866
1352.41 1059.72 2871
1347.52 1059.72 2871
1342.62 1059.72 2871
1337.73 1059.72 2871
1335.16 1061.56 2876
1330.25 1061.56 2876
1327.66 1063.41 2881
1325.04 1065.25 2886
1320.12 1065.25 2886
1315.2 1065.25 2886
1312.55 1067.1 2891
1307.62 1067.1 2891
1302.69 1067.1 2891
1297.77 1067.1 2891
1295.07 1068.94 2896
1290.14 1068.94 2896
1285.2 1068.94 2896
1280.26 1068.94 2896
1273.12 1067.1 2891
1268.19 1067.1 2891
1263.27 1067.1 2891
1258.34 1067.1 2891
1253.41 1067.1 2891
1244.16 1063.41 2881
1239.25 1063.41 2881
1630.07 1060.33 2886
1625.15 1060.33 2886
1623.04 1062.17 2891
1618.11 1062.17 2891
1613.18 1062.17 2891
1613.82 1065.84 2901
1608.87 1065.84 2901
1603.93 1065.84 2901
1598.98 1065.84 2901
1591.29 1064 2896
1583.61 1062.17 2891
1578.69 1062.17 2891
1573.76 1062.17 2891
1563.4 1058.49 2881
1555.79 1056.65 2876
1550.88 1056.65 2876
1545.98 1056.65 2876
1541.08 1056.65 2876
1530.83 1052.98 2866
1525.95 1052.98 2866
1521.06 1052.98 2866
1516.18 1052.98 2866
1509.18 1051.51 2862
1504.3 1051.51 2862
1499.42 1051.51 2862
1494.54 1051.51 2862
1489.66 1051.51 2862
1484.79 1051.51 2862
1477.32 1049.67 2857
1472.45 1049.67 2857
1467.58 1049.67 2857
1462.71 1049.67 2857
1457.84 1049.67 2857
1452.97 1049.67 2857
1450.63 1051.51 2862
1445.75 1051.51 2862
1440.87 1051.51 2862
1436 1051.51 2862
1431.12 1051.51 2862
1426.24 1051.51 2862
1421.36 1051.51 2862
1416.48 1051.51 2862
1411.6 1051.51 2862
1406.72 1051.51 2862
1399.39 1049.67 2857
1394.52 1049.67 2857
1389.65 1049.67 2857
1384.78 1049.67 2857
1379.91 1049.67 2857
1377.45 1051.51 2862
1374.49 1052.98 2866
1369.6 1052.98 2866
1364.72 1052.98 2866
1362.2 1054.82 2871
1357.31 1054.82 2871
1354.77 1056.65 2876
1349.87 1056.65 2876
1347.3 1058.49 2881
1342.39 1058.49 2881
1337.48 1058.49 2881
1332.57 1058.49 2881
1329.96 1060.33 2886
1327.34 1062.17 2891
1324.69 1064 2896
1319.76 1064 2896
1314.82 1064 2896
1309.88 1064 2896
1304.95 1064 2896
1300.01 1064 2896
1295.07 1064 2896
1290.14 1064 2896
1285.2 1064 2896
1280.26 1064 2896
1273.12 1062.17 2891
1268.19 1062.17 2891
1263.27 1062.17 2891
1258.34 1062.17 2891
1253.41 1062.17 2891
1244.16 1058.49 2881
1239.25 1058.49 2881
1630.07 1055.4 2886
1625.15 1055.4 2886
1623.04 1057.23 2891
1618.11 1057.23 2891
1613.18 1057.23 2891
1613.82 1060.89 2901
1608.87 1060.89 2901
1603.93 1060.89 2901
1598.98 1060.89 2901
1591.29 1059.06 2896
1583.61 1057.23 2891
1578.69 1057.23 2891
1573.76 1057.23 2891
1563.4 1053.58 2881
1555.79 1051.75 2876
1550.88 1051.75 2876
1545.98 1051.75 2876
1541.08 1051.75 2876
1530.83 1048.09 2866
1525.95 1048.09 2866
1521.06 1048.09 2866
1516.18 1048.09 2866
1509.18 1046.63 2862
1506.4 1048.09 2866
1501.52 1048.09 2866
1496.63 1048.09 2866
1491.75 1048.09 2866
1486.86 1048.09 2866
1479.91 1046.63 2862
1475.03 1046.63 2862
1470.15 1046.63 2862
1467.32 1048.09 2866
1462.43 1048.09 2866
1457.55 1048.09 2866
1457.73 1051.75 2876
1452.83 1051.75 2876
1447.92 1051.75 2876
1443.02 1051.75 2876
1438.12 1051.75 2876
1433.21 1051.75 2876
1428.31 1051.75 2876
1423.41 1051.75 2876
1418.51 1051.75 2876
1413.6 1051.75 2876
1406.25 1049.92 2871
1401.36 1049.92 2871
1396.46 1049.92 2871
1391.57 1049.92 2871
1384.26 1048.09 2866
1381.78 1049.92 2871
1379.28 1051.75 2876
1374.38 1051.75 2876
1369.48 1051.75 2876
1364.57 1051.75 2876
1362.04 1053.58 2881
1357.12 1053.58 2881
1352.21 1053.58 2881
1349.64 1055.4 2886
1344.72 1055.4 2886
1342.12 1057.23 2891
1337.19 1057.23 2891
1334.57 1059.06 2896
1329.63 1059.06 2896
1326.98 1060.89 2901
1322.04 1060.89 2901
1317.09 1060.89 2901
1312.15 1060.89 2901
1307.2 1060.89 2901
1302.25 1060.89 2901
1295.07 1059.06 2896
1292.36 1060.89 2901
1287.42 1060.89 2901
1282.47 1060.89 2901
1275.32 1059.06 2896
1268.19 1057.23 2891
1263.27 1057.23 2891
1258.34 1057.23 2891
1253.41 1057.23 2891
1638.55 1055.94 2901
1633.6 1055.94 2901
1628.66 1055.94 2901
1626.51 1057.76 2906
1621.55 1057.76 2906
1619.38 1059.58 2911
1617.75 1061.76 2917
1612.77 1061.76 2917
1607.8 1061.76 2917
1594.04 1055.94 2901
1586.35 1054.12 2896
1581.42 1054.12 2896
1573.76 1052.3 2891
1563.4 1048.66 2881
1558.49 1048.66 2881
1553.58 1048.66 2881
1548.67 1048.66 2881
1541.08 1046.84 2876
1530.83 1043.2 2866
1525.95 1043.2 2866
1521.06 1043.2 2866
1516.18 1043.2 2866
1509.18 1041.75 2862
1506.4 1043.2 2866
1501.52 1043.2 2866
1496.63 1043.2 2866
1491.75 1043.2 2866
1486.86 1043.2 2866
1479.91 1041.75 2862
1475.03 1041.75 2862
1470.15 1041.75 2862
1467.32 1043.2 2866
1462.43 1043.2 2866
1457.55 1043.2 2866
1457.73 1046.84 2876
1452.83 1046.84 2876
1447.92 1046.84 2876
1443.02 1046.84 2876
1438.12 1046.84 2876
1433.21 1046.84 2876
1428.31 1046.84 2876
1423.41 1046.84 2876
1418.51 1046.84 2876
1420.98 1052.3 2891
1416.05 1052.3 2891
1411.12 1052.3 2891
1403.76 1050.48 2886
1398.84 1050.48 2886
1393.92 1050.48 2886
1391.41 1052.3 2891
1391.27 1055.94 2901
1386.33 1055.94 2901
1381.38 1055.94 2901
1376.44 1055.94 2901
1366.76 1052.3 2891
1364.19 1054.12 2896
1359.25 1054.12 2896
1354.32 1054.12 2896
1349.38 1054.12 2896
1344.44 1054.12 2896
1339.51 1054.12 2896
1336.87 1055.94 2901
1334.22 1057.76 2906
1329.27 1057.76 2906
1324.31 1057.76 2906
1319.36 1057.76 2906
1314.41 1057.76 2906
1311.71 1059.58 2911
1306.74 1059.58 2911
1301.78 1059.58 2911
1296.82 1059.58 2911
1291.86 1059.58 2911
1286.89 1059.58 2911
1277.53 1055.94 2901
1268.19 1052.3 2891
1263.27 1052.3 2891
1258.34 1052.3 2891
1638.55 1050.99 2901
1633.6 1050.99 2901
1628.66 1050.99 2901
1626.51 1052.8 2906
1621.55 1052.8 2906
1622.72 1056.79 2917
1617.75 1056.79 2917
1612.77 1056.79 2917
1607.8 1056.79 2917
1602.83 1056.79 2917
1597.86 1056.79 2917
1584.15 1050.99 2901
1573.76 1047.37 2891
1566.12 1045.56 2886
1558.49 1043.75 2881
1553.58 1043.75 2881
1548.67 1043.75 2881
1541.08 1041.93 2876
1533.5 1040.12 2871
1528.61 1040.12 2871
1521.06 1038.31 2866
1516.18 1038.31 2866
1511.29 1038.31 2866
1506.4 1038.31 2866
1501.52 1038.31 2866
1496.63 1038.31 2866
1491.75 1038.31 2866
1486.86 1038.31 2866
1481.98 1038.31 2866
1477.09 1038.31 2866
1474.77 1040.12 2871
1469.88 1040.12 2871
1464.98 1040.12 2871
1462.63 1041.93 2876
1462.8 1045.56 2886
1460.4 1047.37 2891
1455.47 1047.37 2891
1450.55 1047.37 2891
1445.62 1047.37 2891
1440.69 1047.37 2891
1433.28 1045.56 2886
1430.83 1047.37 2891
1425.9 1047.37 2891
1420.98 1047.37 2891
1416.05 1047.37 2891
1411.12 1047.37 2891
1403.76 1045.56 2886
1398.84 1045.56 2886
1393.92 1045.56 2886
1391.41 1047.37 2891
1391.27 1050.99 2901
1386.33 1050.99 2901
1381.38 1050.99 2901
1376.44 1050.99 2901
1366.76 1047.37 2891
1364.19 1049.18 2896
1359.25 1049.18 2896
1354.32 1049.18 2896
1349.38 1049.18 2896
1344.44 1049.18 2896
1339.51 1049.18 2896
1336.87 1050.99 2901
1334.22 1052.8 2906
1329.27 1052.8 2906
1324.31 1052.8 2906
1319.36 1052.8 2906
1314.41 1052.8 2906
1311.71 1054.61 2911
1306.74 1054.61 2911
1320.56 1069.83 2953
1322.21 1075.26 2968
1317.15 1075.26 2968
1312.09 1075.26 2968
1281.93 1054.61 2911
1268.19 1047.37 2891
1263.27 1047.37 2891
1258.34 1047.37 2891
1638.55 1046.04 2901
1633.6 1046.04 2901
1628.66 1046.04 2901
1626.51 1047.85 2906
1621.55 1047.85 2906
1622.72 1051.81 2917
1617.75 1051.81 2917
1612.77 1051.81 2917
1607.8 1051.81 2917
1602.83 1051.81 2917
1597.86 1051.81 2917
1586.88 1047.85 2906
1579.2 1046.04 2901
1568.83 1042.44 2891
1561.2 1040.63 2886
1556.28 1040.63 2886
1551.36 1040.63 2886
1543.76 1038.83 2881
1536.17 1037.03 2876
1531.27 1037.03 2876
1526.37 1037.03 2876
1524.11 1038.83 2881
1519.2 1038.83 2881
1514.29 1038.83 2881
1509.38 1038.83 2881
1504.47 1038.83 2881
1499.55 1038.83 2881
1494.64 1038.83 2881
1489.73 1038.83 2881
1479.67 1035.22 2871
1479.91 1038.83 2881
1475 1038.83 2881
1470.09 1038.83 2881
1470.26 1042.44 2891
1467.87 1044.24 2896
1462.93 1044.24 2896
1457.99 1044.24 2896
1453.06 1044.24 2896
1448.12 1044.24 2896
1443.18 1044.24 2896
1438.24 1044.24 2896
1435.78 1046.04 2901
1430.84 1046.04 2901
1425.89 1046.04 2901
1420.95 1046.04 2901
1411.12 1042.44 2891
1406.19 1042.44 2891
1401.26 1042.44 2891
1396.33 1042.44 2891
1396.22 1046.04 2901
1393.67 1047.85 2906
1388.72 1047.85 2906
1383.76 1047.85 2906
1378.81 1047.85 2906
1371.49 1046.04 2901
1368.9 1047.85 2906
1363.95 1047.85 2906
1358.99 1047.85 2906
1354.04 1047.85 2906
1349.08 1047.85 2906
1344.13 1047.85 2906
1339.18 1047.85 2906
1336.52 1049.65 2911
1331.56 1049.65 2911
1326.59 1049.65 2911
1321.63 1049.65 2911
1319.38 1051.81 2917
1321.17 1057.22 2932
1316.17 1057.22 2932
1320.56 1064.79 2953
1322.21 1070.2 2968
1317.15 1070.2 2968
1312.09 1070.2 2968
1281.93 1049.65 2911
1266 1040.63 2886
1261.08 1040.63 2886
1638.55 1041.09 2901
1633.6 1041.09 2901
1628.66 1041.09 2901
1623.71 1041.09 2901
1621.55 1042.89 2906
1622.72 1046.83 2917
1617.75 1046.83 2917
1612.77 1046.83 2917
1607.8 1046.83 2917
1602.83 1046.83 2917
1597.86 1046.83 2917
1586.88 1042.89 2906
1579.2 1041.09 2901
1568.83 1037.5 2891
1561.2 1035.71 2886
1556.28 1035.71 2886
1551.36 1035.71 2886
1543.76 1033.92 2881
1538.85 1033.92 2881
1539.26 1037.5 2891
1534.33 1037.5 2891
1529.4 1037.5 2891
1524.47 1037.5 2891
1519.54 1037.5 2891
1514.62 1037.5 2891
1509.69 1037.5 2891
1504.76 1037.5 2891
1499.83 1037.5 2891
1492.32 1035.71 2886
1484.82 1033.92 2881
1479.91 1033.92 2881
1477.56 1035.71 2886
1472.64 1035.71 2886
1470.26 1037.5 2891
1467.87 1039.3 2896
1465.45 1041.09 2901
1460.51 1041.09 2901
1455.56 1041.09 2901
1450.62 1041.09 2901
1445.67 1041.09 2901
1440.73 1041.09 2901
1440.73 1044.68 2911
1435.77 1044.68 2911
1430.81 1044.68 2911
1420.95 1041.09 2901
1416 1041.09 2901
1408.62 1039.3 2896
1406.11 1041.09 2901
1401.16 1041.09 2901
1398.62 1042.89 2906
1396.07 1044.68 2911
1393.97 1046.83 2917
1389 1046.83 2917
1384.03 1046.83 2917
1376.22 1044.68 2911
1371.26 1044.68 2911
1363.95 1042.89 2906
1361.33 1044.68 2911
1356.37 1044.68 2911
1351.41 1044.68 2911
1346.44 1044.68 2911
1341.48 1044.68 2911
1339.27 1046.83 2917
1334.3 1046.83 2917
1329.33 1046.83 2917
1324.35 1046.83 2917
1326.17 1052.22 2932
1327.93 1057.6 2947
1322.9 1057.6 2947
1325.03 1063.34 2963
1324.88 1067.29 2974
1319.81 1067.29 2974
1314.74 1067.29 2974
1281.93 1044.68 2911
1635.72 1034.36 2896
1630.79 1034.36 2896
1625.85 1034.36 2896
1620.91 1034.36 2896
1615.97 1034.36 2896
1622.72 1041.86 2917
1620.52 1043.64 2922
1615.54 1043.64 2922
1610.56 1043.64 2922
1605.58 1043.64 2922
1600.59 1043.64 2922
1592.88 1041.86 2917
1581.92 1037.93 2906
1571.54 1034.36 2896
1566.6 1034.36 2896
1561.67 1034.36 2896
1556.73 1034.36 2896
1549.11 1032.57 2891
1541.52 1030.79 2886
1539.26 1032.57 2891
1534.33 1032.57 2891
1529.4 1032.57 2891
1524.47 1032.57 2891
1519.54 1032.57 2891
1514.62 1032.57 2891
1509.69 1032.57 2891
1504.76 1032.57 2891
1499.83 1032.57 2891
1492.32 1030.79 2886
1484.82 1029 2881
1479.91 1029 2881
1477.56 1030.79 2886
1472.64 1030.79 2886
1470.26 1032.57 2891
1467.87 1034.36 2896
1465.45 1036.14 2901
1460.51 1036.14 2901
1455.56 1036.14 2901
1450.62 1036.14 2901
1445.67 1036.14 2901
1440.73 1036.14 2901
1440.73 1039.72 2911
1435.77 1039.72 2911
1430.81 1039.72 2911
1420.95 1036.14 2901
1416 1036.14 2901
1411.05 1036.14 2901
1408.53 1037.93 2906
1403.58 1037.93 2906
1401.03 1039.72 2911
1403.74 1045.43 2927
1398.75 1045.43 2927
1393.76 1045.43 2927
1388.77 1045.43 2927
1379.06 1041.86 2917
1374.08 1041.86 2917
1369.11 1041.86 2917
1364.14 1041.86 2917
1359.16 1041.86 2917
1354.19 1041.86 2917
1349.22 1041.86 2917
1344.25 1041.86 2917
1339.27 1041.86 2917
1334.3 1041.86 2917
1329.33 1041.86 2917
1324.35 1041.86 2917
1326.17 1047.22 2932
1332.88 1056.5 2958
1327.84 1056.5 2958
1327.27 1060.07 2968
1324.88 1062.22 2974
1319.81 1062.22 2974
1314.74 1062.22 2974
1632.9 1027.64 2891
1627.97 1027.64 2891
1625.85 1029.42 2896
1620.91 1029.42 2896
1615.97 1029.42 2896
1622.72 1036.88 2917
1623.29 1040.44 2927
1618.3 1040.44 2927
1613.31 1040.44 2927
1608.32 1040.44 2927
1603.33 1040.44 2927
1595.61 1038.66 2922
1584.64 1034.75 2911
1576.97 1032.97 2906
1572.01 1032.97 2906
1567.06 1032.97 2906
1559.42 1031.19 2901
1554.47 1031.19 2901
1549.53 1031.19 2901
1539.26 1027.64 2891
1536.98 1029.42 2896
1534.69 1031.19 2901
1529.75 1031.19 2901
1524.8 1031.19 2901
1517.24 1029.42 2896
1512.3 1029.42 2896
1507.36 1029.42 2896
1502.42 1029.42 2896
1497.49 1029.42 2896
1487.4 1025.86 2886
1482.48 1025.86 2886
1480.12 1027.64 2891
1475.19 1027.64 2891
1472.8 1029.42 2896
1467.87 1029.42 2896
1467.98 1032.97 2906
1463.03 1032.97 2906
1458.07 1032.97 2906
1455.62 1034.75 2911
1453.65 1036.88 2917
1448.67 1036.88 2917
1443.7 1036.88 2917
1438.73 1036.88 2917
1433.76 1036.88 2917
1428.78 1036.88 2917
1416 1031.19 2901
1411.05 1031.19 2901
1408.53 1032.97 2906
1403.58 1032.97 2906
1401.03 1034.75 2911
1403.74 1040.44 2927
1398.75 1040.44 2927
1393.76 1040.44 2927
1388.77 1040.44 2927
1379.06 1036.88 2917
1374.08 1036.88 2917
1369.11 1036.88 2917
1364.14 1036.88 2917
1359.16 1036.88 2917
1354.19 1036.88 2917
1349.22 1036.88 2917
1344.25 1036.88 2917
1339.27 1036.88 2917
1334.3 1036.88 2917
1329.33 1036.88 2917
1324.35 1036.88 2917
1326.17 1042.21 2932
1344.6 1060.7 2984
1339.51 1060.7 2984
1334.43 1060.7 2984
1329.34 1060.7 2984
1324.25 1060.7 2984
1314.74 1057.14 2974
1632.9 1022.71 2891
1627.97 1022.71 2891
1625.85 1024.48 2896
1620.91 1024.48 2896
1615.97 1024.48 2896
1622.72 1031.9 2917
1626.07 1037.21 2932
1621.07 1037.21 2932
1618.83 1038.98 2937
1613.82 1038.98 2937
1608.81 1038.98 2937
1598.34 1035.44 2927
1587.91 1031.9 2917
1576.97 1028.01 2906
1572.01 1028.01 2906
1567.06 1028.01 2906
1562.11 1028.01 2906
1554.47 1026.24 2901
1549.53 1026.24 2901
1541.92 1024.48 2896
1539.64 1026.24 2901
1537.34 1028.01 2906
1532.38 1028.01 2906
1527.43 1028.01 2906
1522.47 1028.01 2906
1517.52 1028.01 2906
1512.57 1028.01 2906
1505.02 1026.24 2901
1500.07 1026.24 2901
1492.55 1024.48 2896
1485.05 1022.71 2891
1482.68 1024.48 2896
1477.74 1024.48 2896
1472.8 1024.48 2896
1472.93 1028.01 2906
1467.98 1028.01 2906
1471.08 1033.67 2922
1466.1 1033.67 2922
1463.62 1035.44 2927
1461.12 1037.21 2932
1456.12 1037.21 2932
1451.12 1037.21 2932
1446.13 1037.21 2932
1441.13 1037.21 2932
1433.68 1035.44 2927
1423.81 1031.9 2917
1418.84 1031.9 2917
1413.86 1031.9 2917
1408.89 1031.9 2917
1408.73 1035.44 2927
1408.54 1038.98 2937
1408.31 1042.52 2947
1403.29 1042.52 2947
1398.26 1042.52 2947
1386.15 1037.21 2932
1381.15 1037.21 2932
1376.15 1037.21 2932
1371.15 1037.21 2932
1363.82 1035.44 2927
1358.83 1035.44 2927
1353.84 1035.44 2927
1348.85 1035.44 2927
1343.86 1035.44 2927
1338.87 1035.44 2927
1333.88 1035.44 2927
1331.17 1037.21 2932
1332.95 1042.52 2947
1344.6 1055.61 2984
1339.51 1055.61 2984
1334.43 1055.61 2984
1329.34 1055.61 2984
1324.25 1055.61 2984
1312.09 1049.95 2968
1632.9 1017.77 2891
1627.97 1017.77 2891
1625.85 1019.53 2896
1620.91 1019.53 2896
1615.97 1019.53 2896
1622.72 1026.93 2917
1626.07 1032.21 2932
1621.07 1032.21 2932
1618.83 1033.97 2937
1613.82 1033.97 2937
1608.81 1033.97 2937
1598.34 1030.45 2927
1587.91 1026.93 2917
1576.97 1023.06 2906
1572.01 1023.06 2906
1567.06 1023.06 2906
1562.11 1023.06 2906
1554.47 1021.3 2901
1549.53 1021.3 2901
1541.92 1019.53 2896
1542.29 1023.06 2906
1539.98 1024.82 2911
1535.02 1024.82 2911
1530.06 1024.82 2911
1525.09 1024.82 2911
1520.13 1024.82 2911
1515.17 1024.82 2911
1510.21 1024.82 2911
1502.66 1023.06 2906
1495.13 1021.3 2901
1490.18 1021.3 2901
1485.24 1021.3 2901
1485.39 1024.82 2911
1483.48 1026.93 2917
1481.04 1028.69 2922
1476.06 1028.69 2922
1483.67 1037.49 2947
1478.64 1037.49 2947
1476.62 1039.6 2953
1471.59 1039.6 2953
1469.04 1041.36 2958
1463.99 1041.36 2958
1458.95 1041.36 2958
1453.91 1041.36 2958
1443.48 1037.49 2947
1431.13 1032.21 2932
1426.13 1032.21 2932
1418.71 1030.45 2927
1413.72 1030.45 2927
1418.36 1037.49 2947
1418.61 1041.36 2958
1413.57 1041.36 2958
1408.52 1041.36 2958
1403.48 1041.36 2958
1398.44 1041.36 2958
1391.04 1039.6 2953
1383.19 1037.49 2947
1375.83 1035.73 2942
1370.81 1035.73 2942
1365.8 1035.73 2942
1356.16 1032.21 2932
1351.16 1032.21 2932
1350.75 1035.73 2942
1345.74 1035.73 2942
1340.72 1035.73 2942
1342.97 1041.36 2958
1349.69 1050.52 2984
1344.6 1050.52 2984
1339.51 1050.52 2984
1334.43 1050.52 2984
1329.34 1050.52 2984
1324.25 1050.52 2984
1630.07 1011.09 2886
1625.15 1011.09 2886
1625.85 1014.59 2896
1620.91 1014.59 2896
1615.97 1014.59 2896
1622.72 1021.95 2917
1626.07 1027.21 2932
1621.07 1027.21 2932
1618.83 1028.96 2937
1613.82 1028.96 2937
1608.81 1028.96 2937
1598.34 1025.45 2927
1587.91 1021.95 2917
1579.68 1019.85 2911
1574.72 1019.85 2911
1569.76 1019.85 2911
1562.11 1018.1 2906
1557.15 1018.1 2906
1552.2 1018.1 2906
1541.92 1014.59 2896
1542.29 1018.1 2906
1539.98 1019.85 2911
1535.02 1019.85 2911
1530.06 1019.85 2911
1525.09 1019.85 2911
1520.13 1019.85 2911
1515.17 1019.85 2911
1510.21 1019.85 2911
1502.66 1018.1 2906
1495.13 1016.35 2901
1490.18 1016.35 2901
1485.24 1016.35 2901
1485.39 1019.85 2911
1483.48 1021.95 2917
1481.04 1023.7 2922
1476.06 1023.7 2922
1483.67 1032.46 2947
1478.64 1032.46 2947
1476.62 1034.56 2953
1471.59 1034.56 2953
1469.04 1036.32 2958
1463.99 1036.32 2958
1461.42 1038.07 2963
1456.37 1038.07 2963
1451.31 1038.07 2963
1441.38 1034.56 2953
1436.35 1034.56 2953
1431.31 1034.56 2953
1426.28 1034.56 2953
1428.46 1039.82 2968
1431.08 1045.42 2984
1425.99 1045.42 2984
1431.38 1053.13 3006
1426.26 1053.13 3006
1421.13 1053.13 3006
1398.11 1039.82 2968
1393.05 1039.82 2968
1385.65 1038.07 2963
1380.6 1038.07 2963
1373.23 1036.32 2958
1363.09 1032.46 2947
1367.75 1039.82 2968
1367.74 1043.67 2979
1362.66 1043.67 2979
1357.58 1043.67 2979
1352.5 1043.67 2979
1349.69 1045.42 2984
1344.6 1045.42 2984
1339.51 1045.42 2984
1625.85 1009.65 2896
1620.91 1009.65 2896
1615.97 1009.65 2896
1619.38 1014.88 2911
1628.84 1023.95 2937
1623.83 1023.95 2937
1618.83 1023.95 2937
1613.82 1023.95 2937
1608.81 1023.95 2937
1603.8 1023.95 2937
1587.91 1016.97 2917
1582.94 1016.97 2917
1577.97 1016.97 2917
1569.76 1014.88 2911
1564.79 1014.88 2911
1559.83 1014.88 2911
1554.87 1014.88 2911
1541.92 1009.65 2896
1542.29 1013.14 2906
1543.16 1016.97 2917
1538.18 1016.97 2917
1533.21 1016.97 2917
1528.24 1016.97 2917
1523.26 1016.97 2917
1518.29 1016.97 2917
1513.32 1016.97 2917
1508.35 1016.97 2917
1500.28 1014.88 2911
1495.32 1014.88 2911
1490.36 1014.88 2911
1488.46 1016.97 2917
1498.74 1027.43 2947
1493.72 1027.43 2947
1488.69 1027.43 2947
1486.69 1029.53 2953
1492.19 1036.85 2974
1487.12 1036.85 2974
1482.05 1036.85 2974
1476.98 1036.85 2974
1482.31 1044.17 2995
1477.2 1044.17 2995
1472.09 1044.17 2995
1451.31 1033.01 2963
1441.38 1029.53 2953
1436.35 1029.53 2953
1431.31 1029.53 2953
1426.28 1029.53 2953
1428.46 1034.76 2968
1431.08 1040.33 2984
1425.99 1040.33 2984
1431.38 1048 3006
1426.26 1048 3006
1421.13 1048 3006
1398.11 1034.76 2968
1393.05 1034.76 2968
1385.65 1033.01 2963
1380.6 1033.01 2963
1373.23 1031.27 2958
1363.09 1027.43 2947
1367.75 1034.76 2968
1367.74 1038.59 2979
1362.66 1038.59 2979
1357.58 1038.59 2979
1352.5 1038.59 2979
1349.69 1040.33 2984
1344.6 1040.33 2984
1339.51 1040.33 2984
1625.85 1004.71 2896
1620.91 1004.71 2896
1615.97 1004.71 2896
1619.38 1009.92 2911
1628.84 1018.94 2937
1623.83 1018.94 2937
1618.83 1018.94 2937
1616.57 1020.67 2942
1611.55 1020.67 2942
1606.54 1020.67 2942
1601.52 1020.67 2942
1582.94 1012 2917
1577.97 1012 2917
1572.99 1012 2917
1568.02 1012 2917
1559.83 1009.92 2911
1554.87 1009.92 2911
1541.92 1004.71 2896
1542.29 1008.18 2906
1545.8 1013.73 2922
1540.82 1013.73 2922
1535.84 1013.73 2922
1530.86 1013.73 2922
1525.88 1013.73 2922
1520.89 1013.73 2922
1515.91 1013.73 2922
1510.93 1013.73 2922
1505.95 1013.73 2922
1506.11 1017.2 2932
1501.11 1017.2 2932
1503.76 1022.41 2947
1501.79 1024.49 2953
1507.4 1031.77 2974
1502.33 1031.77 2974
1510.35 1040.79 3000
1513.77 1046.69 3017
1508.62 1046.69 3017
1503.48 1046.69 3017
1495.36 1044.61 3011
1493.19 1046.69 3017
1488.05 1046.69 3017
1482.91 1046.69 3017
1474.83 1044.61 3011
1456.51 1035.24 2984
1451.43 1035.24 2984
1438.58 1029.69 2968
1436.42 1031.77 2974
1446.75 1042.87 3006
1444.03 1044.61 3011
1438.89 1044.61 3011
1433.76 1044.61 3011
1428.63 1044.61 3011
1423.5 1044.61 3011
1416.01 1042.87 3006
1400.56 1035.24 2984
1390.79 1031.77 2974
1385.72 1031.77 2974
1380.65 1031.77 2974
1377.9 1033.51 2979
1375.12 1035.24 2984
1377.38 1040.79 3000
1372.27 1040.79 3000
1367.15 1040.79 3000
1362.04 1040.79 3000
1356.92 1040.79 3000
1351.81 1040.79 3000
1615.97 999.771 2896
1619.38 1004.95 2911
1628.84 1013.93 2937
1623.83 1013.93 2937
1618.83 1013.93 2937
1616.57 1015.65 2942
1611.55 1015.65 2942
1606.54 1015.65 2942
1601.52 1015.65 2942
1582.94 1007.02 2917
1577.97 1007.02 2917
1572.99 1007.02 2917
1568.02 1007.02 2917
1559.83 1004.95 2911
1554.87 1004.95 2911
1541.92 999.771 2896
1548.13 1007.02 2917
1548.45 1010.47 2927
1548.73 1013.93 2937
1543.72 1013.93 2937
1541.34 1015.65 2942
1536.32 1015.65 2942
1531.3 1015.65 2942
1526.29 1015.65 2942
1521.27 1015.65 2942
1511.1 1012.2 2932
1513.81 1017.38 2947
1508.79 1017.38 2947
1509.38 1021.18 2958
1520.61 1032.22 2990
1520.58 1035.67 3000
1515.47 1035.67 3000
1518.91 1041.54 3017
1527.31 1050.86 3044
1522.12 1050.86 3044
1516.94 1050.86 3044
1511.75 1050.86 3044
1514.97 1056.73 3061
1509.75 1056.73 3061
1504.53 1056.73 3061
1485.6 1047.07 3033
1467.25 1037.75 3006
1464.56 1039.47 3011
1459.43 1039.47 3011
1457.19 1041.54 3017
1452.05 1041.54 3017
1452.18 1045.34 3028
1447.02 1045.34 3028
1444.24 1047.07 3033
1439.07 1047.07 3033
1433.9 1047.07 3033
1416.01 1037.75 3006
1405.72 1033.95 2995
1398.28 1032.22 2990
1393.18 1032.22 2990
1388.08 1032.22 2990
1390.38 1037.75 3006
1387.56 1039.47 3011
1382.43 1039.47 3011
1377.3 1039.47 3011
1372.17 1039.47 3011
1362.04 1035.67 3000
1356.92 1035.67 3000
1351.81 1035.67 3000
1619.38 999.983 2911
1628.84 1008.91 2937
1623.83 1008.91 2937
1618.83 1008.91 2937
1619.31 1012.35 2947
1614.29 1012.35 2947
1609.27 1012.35 2947
1604.24 1012.35 2947
1596.5 1010.63 2942
1591.49 1010.63 2942
1572.99 1002.04 2917
1568.02 1002.04 2917
1563.05 1002.04 2917
1558.07 1002.04 2917
1541.92 994.831 2896
1548.13 1002.04 2917
1548.45 1005.48 2927
1548.73 1008.91 2937
1543.72 1008.91 2937
1541.34 1010.63 2942
1536.32 1010.63 2942
1531.3 1010.63 2942
1526.29 1010.63 2942
1521.27 1010.63 2942
1511.1 1007.2 2932
1513.81 1012.35 2947
1508.79 1012.35 2947
1509.38 1016.13 2958
1520.61 1027.12 2990
1520.58 1030.56 3000
1515.47 1030.56 3000
1518.91 1036.4 3017
1527.31 1045.67 3044
1522.12 1045.67 3044
1516.94 1045.67 3044
1511.75 1045.67 3044
1523.38 1057.35 3078
1518.14 1057.35 3078
1512.89 1057.35 3078
1502.25 1053.57 3067
1475.06 1038.11 3022
1469.91 1038.11 3022
1462.33 1036.4 3017
1462.5 1040.18 3028
1459.75 1041.89 3033
1457.46 1043.95 3039
1452.27 1043.95 3039
1447.09 1043.95 3039
1441.91 1043.95 3039
1436.73 1043.95 3039
1428.73 1041.89 3033
1413.23 1034.34 3011
1400.61 1028.84 2995
1395.51 1028.84 2995
1390.4 1028.84 2995
1390.38 1032.62 3006
1387.56 1034.34 3011
1382.43 1034.34 3011
1377.3 1034.34 3011
1372.17 1034.34 3011
1362.04 1030.56 3000
1356.92 1030.56 3000
1351.81 1030.56 3000
1346.7 1030.56 3000
1619.31 1007.32 2947
1614.29 1007.32 2947
1609.27 1007.32 2947
1604.24 1007.32 2947
1596.5 1005.61 2942
1591.49 1005.61 2942
1578.38 1000.49 2927
1573.4 1000.49 2927
1563.05 997.068 2917
1558.07 997.068 2917
1541.92 989.89 2896
1548.13 997.068 2917
1559.03 1007.32 2947
1557.17 1009.37 2953
1552.13 1009.37 2953
1558.1 1016.55 2974
1558.25 1019.97 2984
1553.17 1019.97 2984
1548.08 1019.97 2984
1540.41 1018.26 2979
1521.93 1009.37 2953
1527.68 1016.55 2974
1522.61 1016.55 2974
1525.71 1022.02 2990
1531.29 1029.2 3011
1529.2 1031.25 3017
1524.05 1031.25 3017
1541.06 1046.29 3061
1535.84 1046.29 3061
1530.62 1046.29 3061
1525.41 1046.29 3061
1523.17 1048.34 3067
1523.38 1052.1 3078
1518.14 1052.1 3078
1512.89 1052.1 3078
1502.25 1048.34 3067
1475.06 1032.96 3022
1469.91 1032.96 3022
1462.33 1031.25 3017
1462.5 1035.01 3028
1459.75 1036.72 3033
1457.46 1038.77 3039
1452.27 1038.77 3039
1447.09 1038.77 3039
1441.91 1038.77 3039
1436.73 1038.77 3039
1428.73 1036.72 3033
1413.23 1029.2 3011
1400.61 1023.73 2995
1395.51 1023.73 2995
1390.4 1023.73 2995
1390.38 1027.49 3006
1387.56 1029.2 3011
1382.43 1029.2 3011
1377.3 1029.2 3011
1372.17 1029.2 3011
1362.04 1025.44 3000
1356.92 1025.44 3000
1351.81 1025.44 3000
1346.7 1025.44 3000
1619.31 1002.29 2947
1614.29 1002.29 2947
1609.27 1002.29 2947
1604.24 1002.29 2947
1596.5 1000.59 2942
1591.49 1000.59 2942
1578.38 995.492 2927
1573.4 995.492 2927
1563.05 992.091 2917
1558.07 992.091 2917
1541.92 984.949 2896
1548.13 992.091 2917
1562.2 1004.33 2953
1568.24 1011.48 2974
1563.17 1011.48 2974
1569.1 1018.62 2995
1566.61 1020.32 3000
1567.22 1024.06 3011
1562.09 1024.06 3011
1556.95 1024.06 3011
1537.9 1014.88 2984
1544.12 1022.36 3006
1538.99 1022.36 3006
1536.42 1024.06 3011
1545.53 1033.58 3039
1545.92 1037.33 3050
1540.72 1037.33 3050
1549.62 1046.85 3078
1547.38 1048.89 3084
1542.13 1048.89 3084
1536.87 1048.89 3084
1531.61 1048.89 3084
1528.83 1050.59 3089
1523.56 1050.59 3089
1518.3 1050.59 3089
1510.58 1048.89 3084
1494.1 1041.07 3061
1488.88 1041.07 3061
1470.09 1031.54 3033
1464.92 1031.54 3033
1465.04 1035.28 3044
1459.85 1035.28 3044
1454.66 1035.28 3044
1449.47 1035.28 3044
1444.29 1035.28 3044
1439.1 1035.28 3044
1431.55 1033.58 3039
1413.23 1024.06 3011
1405.76 1022.36 3006
1400.63 1022.36 3006
1395.51 1022.36 3006
1385.3 1018.62 2995
1387.56 1024.06 3011
1382.43 1024.06 3011
1377.3 1024.06 3011
1372.17 1024.06 3011
1362.04 1020.32 3000
1356.92 1020.32 3000
1351.81 1020.32 3000
1346.7 1020.32 3000
1582.94 987.114 2917
1583.37 990.498 2927
1578.38 990.498 2927
1573.4 990.498 2927
1563.05 987.114 2917
1558.07 987.114 2917
1541.92 980.008 2896
1548.13 987.114 2917
1562.2 999.297 2953
1568.24 1006.4 2974
1563.17 1006.4 2974
1571.72 1015.2 3000
1575.49 1020.95 3017
1578.67 1026.37 3033
1573.5 1026.37 3033
1568.33 1026.37 3033
1551.82 1018.92 3011
1546.69 1018.92 3011
1538.99 1017.23 3006
1536.42 1018.92 3011
1551.12 1032.12 3050
1560.11 1041.6 3078
1554.87 1041.6 3078
1564.22 1051.41 3107
1558.92 1051.41 3107
1553.63 1051.41 3107
1548.33 1051.41 3107
1545.52 1053.1 3112
1543.18 1055.13 3118
1537.87 1055.13 3118
1532.55 1055.13 3118
1518.91 1049.38 3101
1505.32 1043.63 3084
1500.07 1043.63 3084
1483.66 1035.84 3061
1481.34 1037.87 3067
1476.11 1037.87 3067
1473.28 1039.57 3072
1468.04 1039.57 3072
1462.81 1039.57 3072
1452.35 1035.84 3061
1447.13 1035.84 3061
1433.91 1030.09 3044
1413.23 1018.92 3011
1408.1 1018.92 3011
1402.96 1018.92 3011
1395.51 1017.23 3006
1387.61 1015.2 3000
1387.56 1018.92 3011
1382.43 1018.92 3011
1377.3 1018.92 3011
1372.17 1018.92 3011
1362.04 1015.2 3000
1356.92 1015.2 3000
1351.81 1015.2 3000
1562.2 994.259 2953
1568.24 1001.33 2974
1563.17 1001.33 2974
1571.72 1010.08 3000
1575.49 1015.81 3017
1578.67 1021.19 3033
1573.5 1021.19 3033
1568.33 1021.19 3033
1551.82 1013.79 3011
1546.69 1013.79 3011
1538.99 1012.1 3006
1536.42 1013.79 3011
1551.12 1026.92 3050
1560.11 1036.35 3078
1554.87 1036.35 3078
1564.22 1046.11 3107
1558.92 1046.11 3107
1553.63 1046.11 3107
1548.33 1046.11 3107
1545.52 1047.79 3112
1552.09 1055.87 3136
1546.74 1055.87 3136
1541.4 1055.87 3136
1530.17 1051.83 3124
1507.76 1040.05 3089
1502.5 1040.05 3089
1494.81 1038.37 3084
1491.97 1040.05 3089
1486.7 1040.05 3089
1481.43 1040.05 3089
1476.17 1040.05 3089
1470.9 1040.05 3089
1457.57 1034.33 3072
1452.33 1034.33 3072
1441.92 1030.62 3061
1416.05 1015.81 3017
1408.1 1013.79 3011
1408.09 1017.49 3022
1402.94 1017.49 3022
1400.56 1019.51 3028
1395.4 1019.51 3028
1390.24 1019.51 3028
1385.07 1019.51 3028
1374.9 1015.81 3017
1367.03 1013.79 3011
1361.9 1013.79 3011
1351.81 1010.08 3000
1571.72 1004.96 3000
1575.49 1010.66 3017
1596.37 1027.41 3067
1591.14 1027.41 3067
1585.91 1027.41 3067
1568.83 1019.7 3044
1563.64 1019.7 3044
1552.82 1016.02 3033
1536.42 1008.65 3011
1559.77 1027.41 3067
1577.35 1042.48 3112
1572.04 1042.48 3112
1566.74 1042.48 3112
1564.44 1044.49 3118
1559.13 1044.49 3118
1553.81 1044.49 3118
1557.44 1050.52 3136
1552.09 1050.52 3136
1546.74 1050.52 3136
1541.4 1050.52 3136
1530.17 1046.5 3124
1507.76 1034.78 3089
1502.5 1034.78 3089
1494.81 1033.1 3084
1491.97 1034.78 3089
1486.7 1034.78 3089
1481.43 1034.78 3089
1476.17 1034.78 3089
1470.9 1034.78 3089
1457.57 1029.08 3072
1452.33 1029.08 3072
1441.92 1025.4 3061
1416.05 1010.66 3017
1408.1 1008.65 3011
1408.09 1012.33 3022
1402.94 1012.33 3022
1400.56 1014.34 3028
1395.4 1014.34 3028
1390.24 1014.34 3028
1385.07 1014.34 3028
1374.9 1010.66 3017
1367.03 1008.65 3011
1361.9 1008.65 3011
1596.37 1022.18 3067
1591.14 1022.18 3067
1585.91 1022.18 3067
1568.83 1014.51 3044
1563.64 1014.51 3044
1552.82 1010.84 3033
1559.77 1022.18 3067
1577.35 1037.17 3112
1572.04 1037.17 3112
1566.74 1037.17 3112
1573.47 1045.17 3136
1568.13 1045.17 3136
1562.78 1045.17 3136
1557.44 1045.17 3136
1558.03 1049.17 3148
1552.66 1049.17 3148
1547.3 1049.17 3148
1536.05 1045.17 3136
1518.99 1037.17 3112
1513.69 1037.17 3112
1500.14 1031.51 3095
1494.86 1031.51 3095
1489.59 1031.51 3095
1484.31 1031.51 3095
1479.04 1031.51 3095
1473.76 1031.51 3095
1465.64 1029.51 3089
1460.37 1029.51 3089
1444.74 1022.18 3067
1416.05 1005.51 3017
1413.24 1007.18 3022
1413.21 1010.84 3033
1408.04 1010.84 3033
1402.87 1010.84 3033
1407.84 1018.18 3055
1402.63 1018.18 3055
1397.42 1018.18 3055
1389.94 1016.51 3050
1367.03 1003.51 3011
1361.9 1003.51 3011
1596.37 1016.94 3067
1591.14 1016.94 3067
1585.91 1016.94 3067
1568.83 1009.32 3044
1563.64 1009.32 3044
1552.82 1005.67 3033
1559.77 1016.94 3067
1577.35 1031.86 3112
1572.04 1031.86 3112
1566.74 1031.86 3112
1573.47 1039.82 3136
1568.13 1039.82 3136
1562.78 1039.82 3136
1557.44 1039.82 3136
1561 1045.79 3154
1555.62 1045.79 3154
1550.24 1045.79 3154
1541.93 1043.8 3148
1533.63 1041.81 3142
1528.28 1041.81 3142
1508.38 1031.86 3112
1497.76 1028.22 3101
1492.48 1028.22 3101
1487.19 1028.22 3101
1481.9 1028.22 3101
1476.62 1028.22 3101
1468.48 1026.23 3095
1463.21 1026.23 3095
1444.74 1016.94 3067
1428.72 1009.32 3044
1418.38 1005.67 3033
1423.46 1012.97 3055
1418.26 1012.97 3055
1415.82 1014.95 3061
1413.37 1016.94 3067
1408.14 1016.94 3067
1402.91 1016.94 3067
1397.69 1016.94 3067
1573.47 1034.47 3136
1568.13 1034.47 3136
1562.78 1034.47 3136
1557.44 1034.47 3136
1561 1040.41 3154
1555.62 1040.41 3154
1550.24 1040.41 3154
1541.93 1038.43 3148
1536.56 1038.43 3148
1531.2 1038.43 3148
1514.2 1030.51 3124
1503.08 1026.56 3112
1497.77 1026.56 3112
1492.46 1026.56 3112
1484.77 1024.91 3107
1479.47 1024.91 3107
1468.48 1020.95 3095
1463.21 1020.95 3095
1447.1 1013.36 3072
1428.72 1004.12 3044
1418.38 1000.5 3033
1423.46 1007.75 3055
1418.26 1007.75 3055
1418.6 1011.71 3067
1418.44 1015.34 3078
1413.19 1015.34 3078
1407.95 1015.34 3078
1402.7 1015.34 3078
1561 1035.03 3154
1555.62 1035.03 3154
1550.24 1035.03 3154
1541.93 1033.06 3148
1536.56 1033.06 3148
1531.2 1033.06 3148
1514.2 1025.18 3124
1503.08 1021.25 3112
1497.77 1021.25 3112
1492.46 1021.25 3112
1484.77 1019.61 3107
1479.47 1019.61 3107
1468.48 1015.67 3095
1463.21 1015.67 3095
1447.1 1008.12 3072
1428.72 998.931 3044
1418.38 995.321 3033
1423.46 1002.54 3055
1418.26 1002.54 3055
1418.6 1006.48 3067
1418.44 1010.09 3078
1413.19 1010.09 3078
1407.95 1010.09 3078
1402.7 1010.09 3078
1552.66 1027.69 3148
1547.3 1027.69 3148
1541.93 1027.69 3148
1536.56 1027.69 3148
1531.2 1027.69 3148
1522.92 1025.73 3142
1503.08 1015.94 3112
1500.66 1017.9 3118
1495.34 1017.9 3118
1490.03 1017.9 3118
1484.71 1017.9 3118
1468.48 1010.39 3095
1463.21 1010.39 3095
1447.1 1002.88 3072
1428.72 993.738 3044
1418.38 990.146 3033
1423.46 997.329 3055
1418.26 997.329 3055
1418.6 1001.25 3067
1418.44 1004.84 3078
1413.19 1004.84 3078
1407.95 1004.84 3078
1402.7 1004.84 3078
1552.66 1022.32 3148
1547.3 1022.32 3148
1541.93 1022.32 3148
1536.56 1022.32 3148
1531.2 1022.32 3148
1522.92 1020.37 3142
1503.08 1010.63 3112
1500.66 1012.58 3118
1495.34 1012.58 3118
1490.03 1012.58 3118
1484.71 1012.58 3118
1468.48 1005.11 3095
1463.21 1005.11 3095
1447.1 997.637 3072
1428.72 988.544 3044
1418.38 984.972 3033
1418.34 988.544 3044
1413.15 988.544 3044
1418.6 996.013 3067
1418.44 999.586 3078
1413.19 999.586 3078
1407.95 999.586 3078
1402.7 999.586 3078
1552.66 1016.95 3148
1547.3 1016.95 3148
1541.93 1016.95 3148
1536.56 1016.95 3148
1531.2 1016.95 3148
1522.92 1015.01 3142
1503.08 1005.32 3112
1500.66 1007.26 3118
1495.34 1007.26 3118
1490.03 1007.26 3118
1484.71 1007.26 3118
1468.48 999.826 3095
1463.21 999.826 3095
1447.1 992.396 3072
1428.72 983.351 3044
1418.38 979.797 3033
1418.34 983.351 3044
1413.15 983.351 3044
1418.6 990.781 3067
1418.44 994.334 3078
1413.19 994.334 3078
1407.95 994.334 3078
1402.7 994.334 3078
1518.99 1000.01 3112
1513.69 1000.01 3112
1508.38 1000.01 3112
1503.08 1000.01 3112
1500.66 1001.94 3118
1495.34 1001.94 3118
1490.03 1001.94 3118
1484.71 1001.94 3118
1468.48 994.546 3095
1463.21 994.546 3095
1441.92 983.62 3061
1413.23 967.553 3011
1400.61 962.412 2995
1402.96 967.553 3011
1397.83 967.553 3011
1402.87 974.623 3033
1405.54 980.085 3050
1400.34 980.085 3050
1395.14 980.085 3050
1389.94 980.085 3050
1500.66 996.617 3118
1495.34 996.617 3118
1490.03 996.617 3118
1484.71 996.617 3118
1465.64 987.347 3089
1460.37 987.347 3089
1431.55 971.366 3039
1398.21 952.188 2979
1378.17 941.96 2947
1388.05 952.188 2979
1382.97 952.188 2979
1392.7 962.416 3011
1397.7 969.448 3033
1395.29 971.366 3039
1390.11 971.366 3039
1384.93 971.366 3039
1454.71 971.268 3055
1449.5 971.268 3055
1444.3 971.268 3055
1431.55 966.181 3039
1383.19 936.932 2947
1371.15 932.163 2932
1370.81 935.342 2942
1365.8 935.342 2942
1377.9 947.105 2979
1392.63 960.776 3022
1395.29 966.181 3039
1390.11 966.181 3039
1384.93 966.181 3039
1454.71 966.056 3055
1449.5 966.056 3055
1444.3 966.056 3055
1431.55 960.996 3039
1383.19 931.904 2947
1371.15 927.16 2932
1370.81 930.323 2942
1365.8 930.323 2942
1377.9 942.023 2979
1392.63 955.62 3022
1395.29 960.996 3039
1390.11 960.996 3039
1384.93 960.996 3039
1356.65 912.408 2901
1359.16 917.44 2917
1354.19 917.44 2917
1349.22 917.44 2917
1344.25 917.44 2917
1339.27 917.44 2917
213.469 -38.7103 587
212.468 -38.7103 587
211.468 -38.7103 587
210.467 -38.7103 587
209.466 -38.7103 587
213.469 -39.7118 587
212.468 -39.7118 587
211.468 -39.7118 587
210.467 -39.7118 587
209.823 -39.7795 588
208.821 -39.7795 588
207.818 -39.7795 588
206.816 -39.7795 588
218.527 -39.8116 574
217.548 -39.8116 574
216.57 -39.8116 574
215.216 -39.7423 573
214.239 -39.7423 573
213.262 -39.7423 573
213.469 -40.7133 587
212.468 -40.7133 587
211.468 -40.7133 587
210.467 -40.7133 587
209.823 -40.7827 588
208.821 -40.7827 588
207.818 -40.7827 588
206.816 -40.7827 588
205.464 -40.7133 587
218.527 -40.7909 574
217.548 -40.7909 574
216.57 -40.7909 574
215.216 -40.7199 573
214.239 -40.7199 573
213.262 -40.7199 573
213.105 -41.6437 586
212.106 -41.6437 586
211.468 -41.7148 587
210.467 -41.7148 587
209.823 -41.7858 588
208.821 -41.7858 588
207.818 -41.7858 588
206.816 -41.7858 588
205.464 -41.7148 587
219.505 -41.7702 574
218.527 -41.7702 574
217.548 -41.7702 574
216.57 -41.7702 574
215.591 -41.7702 574
214.239 -41.6975 573
213.262 -41.6975 573
212.742 -42.5707 585
212.106 -42.6435 586
211.468 -42.7163 587
210.467 -42.7163 587
209.466 -42.7163 587
208.466 -42.7163 587
207.465 -42.7163 587
206.464 -42.7163 587
205.464 -42.7163 587
204.115 -42.6435 586
203.116 -42.6435 586
225.961 -42.6751 573
224.984 -42.6751 573
224.007 -42.6751 573
223.419 -42.7495 574
222.441 -42.7495 574
221.462 -42.7495 574
220.484 -42.7495 574
219.505 -42.7495 574
218.527 -42.7495 574
217.548 -42.7495 574
216.57 -42.7495 574
215.591 -42.7495 574
214.239 -42.6751 573
213.262 -42.6751 573
212.285 -42.6751 573
213.268 -43.2709 581
212.278 -43.2709 581
212.378 -43.4943 584
211.382 -43.4943 584
211.107 -43.6433 586
210.108 -43.6433 586
209.109 -43.6433 586
208.466 -43.7177 587
207.465 -43.7177 587
206.464 -43.7177 587
205.114 -43.6433 586
204.115 -43.6433 586
203.116 -43.6433 586
202.117 -43.6433 586
225.961 -43.6527 573
224.984 -43.6527 573
224.007 -43.6527 573
223.419 -43.7289 574
222.441 -43.7289 574
221.462 -43.7289 574
220.484 -43.7289 574
219.505 -43.7289 574
218.527 -43.7289 574
217.548 -43.7289 574
216.57 -43.7289 574
215.591 -43.7289 574
214.613 -43.7289 574
214.006 -43.805 575
213.026 -43.805 575
212.783 -43.9574 577
213.268 -44.2621 581
212.278 -44.2621 581
212.378 -44.4907 584
211.382 -44.4907 584
211.107 -44.643 586
210.108 -44.643 586
209.109 -44.643 586
208.466 -44.7192 587
207.465 -44.7192 587
206.464 -44.7192 587
205.114 -44.643 586
204.115 -44.643 586
203.116 -44.643 586
202.117 -44.643 586
228.492 -44.5524 572
227.516 -44.5524 572
226.541 -44.5524 572
225.961 -44.6303 573
224.984 -44.6303 573
224.007 -44.6303 573
223.419 -44.7082 574
222.441 -44.7082 574
221.462 -44.7082 574
220.484 -44.7082 574
219.123 -44.6303 573
218.527 -44.7082 574
217.548 -44.7082 574
216.57 -44.7082 574
215.591 -44.7082 574
214.613 -44.7082 574
214.006 -44.786 575
213.026 -44.786 575
212.783 -44.9418 577
213.268 -45.2534 581
212.278 -45.2534 581
211.651 -45.3313 582
211.021 -45.4092 583
210.747 -45.5649 585
209.75 -45.5649 585
209.109 -45.6428 586
208.11 -45.6428 586
207.111 -45.6428 586
206.112 -45.6428 586
205.114 -45.6428 586
204.115 -45.6428 586
203.116 -45.6428 586
202.117 -45.6428 586
229.467 -45.5283 572
228.492 -45.5283 572
227.516 -45.5283 572
226.541 -45.5283 572
225.961 -45.6079 573
224.984 -45.6079 573
224.007 -45.6079 573
223.03 -45.6079 573
222.053 -45.6079 573
221.076 -45.6079 573
220.1 -45.6079 573
219.123 -45.6079 573
218.527 -45.6875 574
217.548 -45.6875 574
216.57 -45.6875 574
215.591 -45.6875 574
214.613 -45.6875 574
214.006 -45.7671 575
213.026 -45.7671 575
212.783 -45.9262 577
212.534 -46.0854 579
211.547 -46.0854 579
211.287 -46.2446 581
211.021 -46.4038 583
210.387 -46.4834 584
209.391 -46.4834 584
208.753 -46.563 585
207.755 -46.563 585
206.758 -46.563 585
205.761 -46.563 585
205.114 -46.6426 586
204.115 -46.6426 586
203.116 -46.6426 586
202.117 -46.6426 586
201.118 -46.6426 586
234.017 -46.8294 576
233.035 -46.8294 576
232.053 -46.8294 576
230.67 -46.7481 575
229.69 -46.7481 575
227.914 -46.5855 573
226.541 -46.5042 572
225.961 -46.5855 573
224.984 -46.5855 573
224.007 -46.5855 573
223.03 -46.5855 573
222.053 -46.5855 573
221.076 -46.5855 573
220.1 -46.5855 573
219.123 -46.5855 573
218.146 -46.5855 573
217.169 -46.5855 573
216.192 -46.5855 573
215.591 -46.6668 574
214.613 -46.6668 574
214.006 -46.7481 575
213.026 -46.7481 575
212.783 -46.9107 577
212.167 -46.992 578
211.181 -46.992 578
210.56 -47.0733 579
210.659 -47.3172 582
210.027 -47.3985 583
209.033 -47.3985 583
208.396 -47.4798 584
207.755 -47.5611 585
206.758 -47.5611 585
205.761 -47.5611 585
204.763 -47.5611 585
203.766 -47.5611 585
203.116 -47.6424 586
202.117 -47.6424 586
201.118 -47.6424 586
234.017 -47.8121 576
233.035 -47.8121 576
232.053 -47.8121 576
230.67 -47.7291 575
229.69 -47.7291 575
227.914 -47.5631 573
226.541 -47.4801 572
225.566 -47.4801 572
224.984 -47.5631 573
224.007 -47.5631 573
223.03 -47.5631 573
222.053 -47.5631 573
221.076 -47.5631 573
220.1 -47.5631 573
219.123 -47.5631 573
218.146 -47.5631 573
217.169 -47.5631 573
216.192 -47.5631 573
215.591 -47.6461 574
214.613 -47.6461 574
214.006 -47.7291 575
213.026 -47.7291 575
212.783 -47.8951 577
212.167 -47.9781 578
211.181 -47.9781 578
210.56 -48.0611 579
210.659 -48.3101 582
210.027 -48.3931 583
209.033 -48.3931 583
208.396 -48.4761 584
207.755 -48.5591 585
206.758 -48.5591 585
205.761 -48.5591 585
204.763 -48.5591 585
203.766 -48.5591 585
203.116 -48.6422 586
202.117 -48.6422 586
201.118 -48.6422 586
198.753 -48.3101 582
197.76 -48.3101 582
196.768 -48.3101 582
195.776 -48.3101 582
159.31 -43.9938 530
158.407 -43.9938 530
157.503 -43.9938 530
156.304 -43.9108 529
155.402 -43.9108 529
154.501 -43.9108 529
154.179 -44.0768 531
153.274 -44.0768 531
152.369 -44.0768 531
234.017 -48.7948 576
233.035 -48.7948 576
232.053 -48.7948 576
230.67 -48.7101 575
229.69 -48.7101 575
227.914 -48.5407 573
226.541 -48.4559 572
225.172 -48.3712 571
224.591 -48.4559 572
223.616 -48.4559 572
222.641 -48.4559 572
222.053 -48.5407 573
221.076 -48.5407 573
220.1 -48.5407 573
218.74 -48.4559 572
218.146 -48.5407 573
217.169 -48.5407 573
216.192 -48.5407 573
215.216 -48.5407 573
214.613 -48.6254 574
214.006 -48.7101 575
213.026 -48.7101 575
212.415 -48.7948 576
211.8 -48.8795 577
210.816 -48.8795 577
210.196 -48.9642 578
210.297 -49.2184 581
209.666 -49.3031 582
208.674 -49.3031 582
208.039 -49.3878 583
207.4 -49.4725 584
206.758 -49.5572 585
205.761 -49.5572 585
204.763 -49.5572 585
203.766 -49.5572 585
202.769 -49.5572 585
201.772 -49.5572 585
200.774 -49.5572 585
198.753 -49.3031 582
197.76 -49.3031 582
196.768 -49.3031 582
195.776 -49.3031 582
194.784 -49.3031 582
193.792 -49.3031 582
192.8 -49.3031 582
163.245 -45.491 537
162.33 -45.491 537
161.414 -45.491 537
160.499 -45.491 537
157.8 -44.9827 531
156.6 -44.898 530
155.696 -44.898 530
154.793 -44.898 530
154.179 -44.9827 531
153.563 -45.0674 532
152.656 -45.0674 532
151.749 -45.0674 532
146.022 -43.6273 515
145.144 -43.6273 515
233.611 -49.6911 575
232.631 -49.6911 575
231.65 -49.6911 575
230.67 -49.6911 575
229.69 -49.6911 575
227.914 -49.5183 573
225.749 -49.259 570
224.777 -49.259 570
223.806 -49.259 570
222.834 -49.259 570
222.641 -49.4318 572
221.666 -49.4318 572
220.691 -49.4318 572
219.715 -49.4318 572
218.74 -49.4318 572
217.765 -49.4318 572
217.169 -49.5183 573
216.192 -49.5183 573
215.216 -49.5183 573
214.239 -49.5183 573
214.006 -49.6911 575
213.026 -49.6911 575
212.415 -49.7775 576
211.433 -49.7775 576
210.451 -49.7775 576
210.196 -49.9504 578
209.935 -50.1232 580
209.306 -50.2096 581
208.316 -50.2096 581
207.325 -50.2096 581
207.045 -50.3824 583
206.051 -50.3824 583
205.057 -50.3824 583
204.413 -50.4689 584
203.418 -50.4689 584
202.422 -50.4689 584
201.427 -50.4689 584
200.431 -50.4689 584
198.753 -50.296 582
197.76 -50.296 582
196.768 -50.296 582
195.776 -50.296 582
194.784 -50.296 582
193.792 -50.296 582
192.8 -50.296 582
163.245 -46.4072 537
162.33 -46.4072 537
161.414 -46.4072 537
160.499 -46.4072 537
157.8 -45.8886 531
156.6 -45.8022 530
155.99 -45.8886 531
155.085 -45.8886 531
154.47 -45.9751 532
153.563 -45.9751 532
152.656 -45.9751 532
151.749 -45.9751 532
150.559 -45.8886 531
145.144 -44.5059 515
233.611 -50.6721 575
232.631 -50.6721 575
231.65 -50.6721 575
230.67 -50.6721 575
229.69 -50.6721 575
227.914 -50.4959 573
225.749 -50.2315 570
224.777 -50.2315 570
223.806 -50.2315 570
222.834 -50.2315 570
222.641 -50.4077 572
221.666 -50.4077 572
220.691 -50.4077 572
219.715 -50.4077 572
218.74 -50.4077 572
217.765 -50.4077 572
216.79 -50.4077 572
215.815 -50.4077 572
215.216 -50.4959 573
214.239 -50.4959 573
213.634 -50.584 574
212.656 -50.584 574
212.046 -50.6721 575
211.433 -50.7602 576
210.451 -50.7602 576
209.832 -50.8484 577
209.573 -51.0246 579
208.946 -51.1127 580
207.957 -51.1127 580
207.325 -51.2009 581
206.335 -51.2009 581
205.344 -51.2009 581
204.354 -51.2009 581
203.713 -51.289 582
202.721 -51.289 582
201.729 -51.289 582
200.737 -51.289 582
199.745 -51.289 582
198.411 -51.2009 581
197.76 -51.289 582
196.768 -51.289 582
195.776 -51.289 582
194.784 -51.289 582
193.792 -51.289 582
192.8 -51.289 582
167.218 -48.2046 547
166.285 -48.2046 547
165.353 -48.2046 547
162.617 -47.6758 541
160.798 -47.4115 538
157.8 -46.7946 531
156.6 -46.7065 530
155.99 -46.7946 531
155.085 -46.7946 531
154.47 -46.8827 532
153.563 -46.8827 532
152.656 -46.8827 532
151.749 -46.8827 532
150.559 -46.7946 531
145.144 -45.3846 515
90.5678 -39.5683 449
89.8024 -39.5683 449
89.0369 -39.5683 449
88.0749 -39.4802 448
87.3112 -39.4802 448
86.5474 -39.4802 448
233.205 -51.5633 574
232.226 -51.5633 574
231.248 -51.5633 574
229.868 -51.4734 573
228.891 -51.4734 573
226.721 -51.204 570
225.749 -51.204 570
223.989 -51.0243 568
223.413 -51.1141 569
222.443 -51.1141 569
221.862 -51.204 570
221.666 -51.3836 572
220.691 -51.3836 572
219.715 -51.3836 572
218.74 -51.3836 572
217.765 -51.3836 572
216.79 -51.3836 572
215.815 -51.3836 572
215.216 -51.4734 573
214.239 -51.4734 573
213.634 -51.5633 574
212.656 -51.5633 574
212.046 -51.6531 575
211.433 -51.7429 576
210.451 -51.7429 576
209.832 -51.8328 577
209.573 -52.0124 579
208.946 -52.1023 580
207.957 -52.1023 580
207.325 -52.1921 581
206.335 -52.1921 581
205.344 -52.1921 581
204.354 -52.1921 581
203.713 -52.2819 582
202.721 -52.2819 582
201.729 -52.2819 582
200.737 -52.2819 582
199.745 -52.2819 582
198.411 -52.1921 581
197.421 -52.1921 581
196.43 -52.1921 581
195.44 -52.1921 581
194.449 -52.1921 581
193.459 -52.1921 581
192.468 -52.1921 581
169.392 -49.2277 548
168.458 -49.2277 548
167.523 -49.2277 548
166.285 -49.1378 547
165.353 -49.1378 547
162.917 -48.6887 542
160.798 -48.3293 538
159.286 -48.1497 536
156.6 -47.6107 530
155.99 -47.7005 531
155.085 -47.7005 531
154.47 -47.7904 532
153.563 -47.7904 532
152.656 -47.7904 532
151.749 -47.7904 532
150.559 -47.7005 531
147.117 -46.892 522
144.266 -46.2632 515
143.388 -46.2632 515
90.5678 -40.3343 449
89.8024 -40.3343 449
89.0369 -40.3343 449
88.0749 -40.2445 448
87.3112 -40.2445 448
86.5474 -40.2445 448
85.5922 -40.1547 447
84.4507 -39.975 445
62.6712 -37.8191 421
61.9535 -37.8191 421
61.2358 -37.8191 421
60.5181 -37.8191 421
59.5164 -37.6394 419
58.8021 -37.6394 419
232.798 -52.451 573
231.821 -52.451 573
230.845 -52.451 573
229.467 -52.3595 572
228.492 -52.3595 572
226.721 -52.1764 570
224.957 -51.9934 568
223.989 -51.9934 568
223.021 -51.9934 568
222.052 -51.9934 568
221.862 -52.1764 570
220.891 -52.1764 570
220.305 -52.268 571
219.331 -52.268 571
218.358 -52.268 571
217.765 -52.3595 572
216.79 -52.3595 572
215.815 -52.3595 572
215.216 -52.451 573
214.239 -52.451 573
213.262 -52.451 573
212.656 -52.5426 574
212.046 -52.6341 575
211.433 -52.7257 576
210.451 -52.7257 576
209.832 -52.8172 577
209.573 -53.0003 579
208.946 -53.0918 580
207.957 -53.0918 580
206.968 -53.0918 580
206.335 -53.1833 581
205.344 -53.1833 581
204.354 -53.1833 581
203.363 -53.1833 581
202.721 -53.2749 582
201.729 -53.2749 582
200.737 -53.2749 582
199.745 -53.2749 582
198.411 -53.1833 581
197.421 -53.1833 581
196.43 -53.1833 581
195.44 -53.1833 581
194.449 -53.1833 581
193.459 -53.1833 581
192.468 -53.1833 581
180.426 -51.4441 562
179.468 -51.4441 562
178.51 -51.4441 562
171.569 -50.5288 552
170.628 -50.5288 552
169.687 -50.5288 552
168.44 -50.4372 551
166.589 -50.1626 548
165.655 -50.1626 548
162.917 -49.6134 542
161.396 -49.4303 540
159.583 -49.1557 537
156.6 -48.5149 530
155.99 -48.6065 531
155.085 -48.6065 531
154.179 -48.6065 531
153.274 -48.6065 531
152.369 -48.6065 531
151.464 -48.6065 531
149.992 -48.4234 529
147.117 -47.7826 522
144.266 -47.1419 515
143.388 -47.1419 515
95.0256 -41.375 452
94.2551 -41.375 452
93.4846 -41.375 452
92.5089 -41.2835 451
91.74 -41.2835 451
90.7695 -41.1919 450
90.0024 -41.1919 450
89.0369 -41.1004 449
88.0749 -41.0088 448
87.3112 -41.0088 448
86.5474 -41.0088 448
85.5922 -40.9173 447
84.4507 -40.7342 445
62.6712 -38.5373 421
61.9535 -38.5373 421
61.2358 -38.5373 421
60.5181 -38.5373 421
59.5164 -38.3543 419
58.8021 -38.3543 419
58.0878 -38.3543 419
232.392 -53.3354 572
231.417 -53.3354 572
230.442 -53.3354 572
228.664 -53.1489 570
227.693 -53.1489 570
226.323 -53.0557 569
224.957 -52.9624 568
223.594 -52.8692 567
222.628 -52.8692 567
221.661 -52.8692 567
221.473 -53.0557 569
220.891 -53.1489 570
219.919 -53.1489 570
218.947 -53.1489 570
218.358 -53.2422 571
217.765 -53.3354 572
216.79 -53.3354 572
215.815 -53.3354 572
214.84 -53.3354 572
214.239 -53.4286 573
213.262 -53.4286 573
212.285 -53.4286 573
212.046 -53.6151 575
211.433 -53.7084 576
210.451 -53.7084 576
209.832 -53.8016 577
209.211 -53.8949 578
208.586 -53.9881 579
207.599 -53.9881 579
206.968 -54.0813 580
205.98 -54.0813 580
204.991 -54.0813 580
204.002 -54.0813 580
203.013 -54.0813 580
202.373 -54.1746 581
201.382 -54.1746 581
200.392 -54.1746 581
199.402 -54.1746 581
198.411 -54.1746 581
197.421 -54.1746 581
196.092 -54.0813 580
195.103 -54.0813 580
194.115 -54.0813 580
193.126 -54.0813 580
192.137 -54.0813 580
180.426 -52.403 562
179.468 -52.403 562
178.51 -52.403 562
171.569 -51.4705 552
170.628 -51.4705 552
169.687 -51.4705 552
168.44 -51.3773 551
166.589 -51.0975 548
165.655 -51.0975 548
162.917 -50.5381 542
161.396 -50.3516 540
159.583 -50.0719 537
156.6 -49.4192 530
155.99 -49.5124 531
155.085 -49.5124 531
154.179 -49.5124 531
153.274 -49.5124 531
152.369 -49.5124 531
151.464 -49.5124 531
149.992 -49.3259 529
147.117 -48.6732 522
144.266 -48.0205 515
143.388 -48.0205 515
141.403 -47.6475 511
95.0256 -42.1462 452
94.2551 -42.1462 452
93.4846 -42.1462 452
92.5089 -42.0529 451
91.74 -42.0529 451
90.7695 -41.9597 450
90.0024 -41.9597 450
89.0369 -41.8664 449
88.0749 -41.7732 448
87.3112 -41.7732 448
86.5474 -41.7732 448
85.5922 -41.6799 447
84.4507 -41.4935 445
83.3159 -41.307 443
82.188 -41.1205 441
81.4362 -41.1205 441
62.6712 -39.2556 421
61.9535 -39.2556 421
61.2358 -39.2556 421
60.5181 -39.2556 421
59.5164 -39.0691 419
58.8021 -39.0691 419
58.0878 -39.0691 419
231.735 -53.9315 568
232.392 -54.3113 572
231.417 -54.3113 572
230.442 -54.3113 572
228.664 -54.1214 570
227.693 -54.1214 570
226.323 -54.0264 569
224.957 -53.9315 568
223.594 -53.8365 567
222.628 -53.8365 567
221.661 -53.8365 567
221.473 -54.0264 569
220.503 -54.0264 569
219.533 -54.0264 569
218.563 -54.0264 569
217.976 -54.1214 570
217.385 -54.2163 571
216.411 -54.2163 571
215.438 -54.2163 571
214.84 -54.3113 572
213.865 -54.3113 572
212.89 -54.3113 572
212.285 -54.4062 573
211.677 -54.5012 574
211.066 -54.5961 575
210.085 -54.5961 575
209.469 -54.6911 576
208.849 -54.786 577
208.225 -54.881 578
207.24 -54.881 578
206.612 -54.9759 579
205.624 -54.9759 579
204.637 -54.9759 579
203.65 -54.9759 579
202.663 -54.9759 579
202.025 -55.0709 580
201.036 -55.0709 580
200.047 -55.0709 580
199.058 -55.0709 580
198.07 -55.0709 580
197.081 -55.0709 580
195.416 -54.881 578
194.767 -54.9759 579
193.78 -54.9759 579
192.793 -54.9759 579
191.806 -54.9759 579
182.991 -53.5517 564
182.029 -53.5517 564
181.068 -53.5517 564
179.468 -53.3618 562
178.51 -53.3618 562
175.972 -52.887 557
174.394 -52.6971 555
173.135 -52.6022 554
171.569 -52.4123 552
170.628 -52.4123 552
169.687 -52.4123 552
168.44 -52.3173 551
166.589 -52.0325 548
165.655 -52.0325 548
162.917 -51.4628 542
161.396 -51.2729 540
159.583 -50.9881 537
156.6 -50.3234 530
155.696 -50.3234 530
154.209 -50.1335 528
153.889 -50.3234 530
152.986 -50.3234 530
152.082 -50.3234 530
151.179 -50.3234 530
148.857 -49.8486 525
145.708 -49.0891 517
144.266 -48.8992 515
143.388 -48.8992 515
141.403 -48.5194 511
96.1395 -42.7274 450
95.3723 -42.7274 450
95.0256 -42.9173 452
94.2551 -42.9173 452
93.4846 -42.9173 452
92.5089 -42.8224 451
91.74 -42.8224 451
90.7695 -42.7274 450
90.0024 -42.7274 450
89.0369 -42.6325 449
88.0749 -42.5375 448
87.3112 -42.5375 448
86.5474 -42.5375 448
85.4007 -42.3476 446
84.4507 -42.2527 445
83.3159 -42.0628 443
82.188 -41.8729 441
81.4362 -41.8729 441
68.1775 -40.2587 424
67.4547 -40.2587 424
66.7319 -40.2587 424
66.0091 -40.2587 424
65.2863 -40.2587 424
64.5635 -40.2587 424
63.3889 -39.9739 421
62.6712 -39.9739 421
61.9535 -39.9739 421
61.2358 -39.9739 421
60.3744 -39.8789 420
59.6584 -39.8789 420
58.9424 -39.8789 420
58.0878 -39.784 419
57.3735 -39.784 419
231.735 -54.9006 568
230.767 -54.9006 568
229.799 -54.9006 568
228.83 -54.9006 568
227.862 -54.9006 568
226.894 -54.9006 568
225.925 -54.9006 568
224.561 -54.8039 567
223.594 -54.8039 567
222.628 -54.8039 567
221.661 -54.8039 567
221.084 -54.9006 568
220.503 -54.9972 569
219.533 -54.9972 569
218.563 -54.9972 569
217.976 -55.0939 570
217.385 -55.1905 571
216.411 -55.1905 571
215.438 -55.1905 571
214.84 -55.2872 572
213.865 -55.2872 572
212.89 -55.2872 572
212.285 -55.3838 573
211.677 -55.4805 574
211.066 -55.5772 575
210.085 -55.5772 575
209.469 -55.6738 576
208.849 -55.7705 577
208.225 -55.8671 578
207.24 -55.8671 578
206.612 -55.9638 579
205.624 -55.9638 579
204.637 -55.9638 579
203.65 -55.9638 579
202.663 -55.9638 579
202.025 -56.0604 580
201.036 -56.0604 580
200.047 -56.0604 580
199.058 -56.0604 580
198.07 -56.0604 580
197.081 -56.0604 580
195.416 -55.8671 578
194.094 -55.7705 577
193.111 -55.7705 577
192.127 -55.7705 577
182.991 -54.5139 564
182.029 -54.5139 564
181.068 -54.5139 564
179.468 -54.3206 562
178.51 -54.3206 562
175.972 -53.8373 557
174.394 -53.644 555
173.135 -53.5474 554
171.258 -53.2574 551
170.319 -53.2574 551
169.38 -53.2574 551
168.135 -53.1608 550
166.589 -52.9674 548
165.655 -52.9674 548
162.917 -52.3875 542
161.396 -52.1942 540
159.583 -51.9042 537
156.6 -51.2276 530
155.696 -51.2276 530
154.209 -51.0343 528
153.889 -51.2276 530
152.986 -51.2276 530
152.082 -51.2276 530
151.179 -51.2276 530
148.007 -50.4544 522
145.708 -49.9711 517
144.266 -49.7778 515
143.388 -49.7778 515
141.403 -49.3912 511
96.1395 -43.4952 450
95.3723 -43.4952 450
94.8154 -43.5918 451
94.0466 -43.5918 451
93.2777 -43.5918 451
92.5089 -43.5918 451
91.5366 -43.4952 450
90.7695 -43.4952 450
90.0024 -43.4952 450
89.0369 -43.3985 449
88.0749 -43.3018 448
87.1163 -43.2052 447
86.3542 -43.2052 447
85.4007 -43.1085 446
84.4507 -43.0119 445
83.3159 -42.8186 443
82.188 -42.6253 441
81.4362 -42.6253 441
69.0628 -41.0788 425
68.3383 -41.0788 425
67.6138 -41.0788 425
66.8893 -41.0788 425
66.0091 -40.9821 424
65.2863 -40.9821 424
64.5635 -40.9821 424
63.6901 -40.8855 423
62.8201 -40.7888 422
62.1007 -40.7888 422
61.2358 -40.6921 421
60.5181 -40.6921 421
59.6584 -40.5955 420
58.9424 -40.5955 420
58.2264 -40.5955 420
57.3735 -40.4988 419
56.6592 -40.4988 419
55.9449 -40.4988 419
231.735 -55.8696 568
230.767 -55.8696 568
229.799 -55.8696 568
228.427 -55.7713 567
227.461 -55.7713 567
226.494 -55.7713 567
225.528 -55.7713 567
224.561 -55.7713 567
223.2 -55.6729 566
222.235 -55.6729 566
221.27 -55.6729 566
220.695 -55.7713 567
220.116 -55.8696 568
219.147 -55.8696 568
218.179 -55.8696 568
217.211 -55.8696 568
216.623 -55.968 569
216.032 -56.0664 570
215.06 -56.0664 570
214.089 -56.0664 570
213.491 -56.1647 571
212.517 -56.1647 571
211.915 -56.2631 572
211.308 -56.3614 573
210.698 -56.4598 574
209.72 -56.4598 574
209.105 -56.5582 575
208.487 -56.6565 576
207.865 -56.7549 577
206.881 -56.7549 577
205.898 -56.7549 577
204.914 -56.7549 577
204.284 -56.8532 578
203.299 -56.8532 578
202.313 -56.8532 578
201.328 -56.8532 578
200.343 -56.8532 578
199.357 -56.8532 578
198.372 -56.8532 578
197.387 -56.8532 578
196.401 -56.8532 578
195.416 -56.8532 578
194.094 -56.7549 577
193.111 -56.7549 577
192.127 -56.7549 577
189.487 -56.2631 572
182.991 -55.4762 564
182.029 -55.4762 564
181.068 -55.4762 564
179.468 -55.2795 562
178.51 -55.2795 562
175.972 -54.7876 557
174.394 -54.5909 555
173.135 -54.4926 554
172.191 -54.4926 554
170.319 -54.1975 551
169.38 -54.1975 551
168.135 -54.0991 550
166.589 -53.9024 548
165.655 -53.9024 548
162.917 -53.3122 542
161.694 -53.2139 541
159.583 -52.8204 537
156.6 -52.1319 530
155.696 -52.1319 530
154.209 -51.9351 528
153.308 -51.9351 528
152.408 -51.9351 528
151.508 -51.9351 528
150.608 -51.9351 528
147.44 -51.1483 520
146.271 -51.0499 519
144.266 -50.6564 515
143.388 -50.6564 515
141.403 -50.263 511
97.8908 -44.3613 451
97.1219 -44.3613 451
96.3531 -44.3613 451
95.3723 -44.2629 450
94.6052 -44.2629 450
93.838 -44.2629 450
93.0709 -44.2629 450
92.3038 -44.2629 450
91.3332 -44.1645 449
90.5678 -44.1645 449
89.8024 -44.1645 449
88.8386 -44.0662 448
87.8783 -43.9678 447
87.1163 -43.9678 447
86.3542 -43.9678 447
85.4007 -43.8695 446
84.2609 -43.6727 444
83.3159 -43.5744 443
82.188 -43.3777 441
81.4362 -43.3777 441
69.0628 -41.8039 425
68.3383 -41.8039 425
67.6138 -41.8039 425
66.8893 -41.8039 425
66.0091 -41.7055 424
65.2863 -41.7055 424
64.5635 -41.7055 424
63.6901 -41.6071 423
62.8201 -41.5088 422
62.1007 -41.5088 422
61.2358 -41.4104 421
60.5181 -41.4104 421
59.6584 -41.312 420
58.9424 -41.312 420
58.2264 -41.312 420
57.5104 -41.312 420
56.6592 -41.2137 419
55.9449 -41.2137 419
232.294 -56.7386 567
231.327 -56.7386 567
230.361 -56.7386 567
229.394 -56.7386 567
228.427 -56.7386 567
227.461 -56.7386 567
226.494 -56.7386 567
225.528 -56.7386 567
224.165 -56.6386 566
223.2 -56.6386 566
222.235 -56.6386 566
221.27 -56.6386 566
220.305 -56.6386 566
219.728 -56.7386 567
218.761 -56.7386 567
217.795 -56.7386 567
216.828 -56.7386 567
216.242 -56.8387 568
215.653 -56.9388 569
214.683 -56.9388 569
213.713 -56.9388 569
213.117 -57.0388 570
212.517 -57.1389 571
211.544 -57.1389 571
210.939 -57.239 572
209.964 -57.239 572
208.989 -57.239 572
208.741 -57.4391 574
208.125 -57.5392 575
207.505 -57.6392 576
206.523 -57.6392 576
205.541 -57.6392 576
204.914 -57.7393 577
203.931 -57.7393 577
202.947 -57.7393 577
201.963 -57.7393 577
200.98 -57.7393 577
200.343 -57.8394 578
199.357 -57.8394 578
198.372 -57.8394 578
197.045 -57.7393 577
196.061 -57.7393 577
195.078 -57.7393 577
194.094 -57.7393 577
193.111 -57.7393 577
192.127 -57.7393 577
189.487 -57.239 572
182.342 -56.2383 562
181.384 -56.2383 562
180.426 -56.2383 562
179.468 -56.2383 562
178.51 -56.2383 562
175.972 -55.7379 557
174.394 -55.5378 555
173.135 -55.4377 554
172.191 -55.4377 554
170.319 -55.1375 551
169.38 -55.1375 551
168.135 -55.0375 550
166.285 -54.7373 547
165.353 -54.7373 547
162.617 -54.1369 541
161.694 -54.1369 541
159.583 -53.7366 537
156.6 -53.0361 530
155.696 -53.0361 530
154.209 -52.836 528
153.308 -52.836 528
152.408 -52.836 528
151.508 -52.836 528
150.608 -52.836 528
149.708 -52.836 528
146.553 -52.0354 520
144.266 -51.5351 515
143.388 -51.5351 515
141.403 -51.1348 511
99.4285 -45.1307 451
98.6596 -45.1307 451
97.8908 -45.1307 451
97.1219 -45.1307 451
96.3531 -45.1307 451
95.3723 -45.0307 450
94.6052 -45.0307 450
93.838 -45.0307 450
93.0709 -45.0307 450
92.0986 -44.9306 449
91.3332 -44.9306 449
90.3661 -44.8305 448
89.6023 -44.8305 448
88.8386 -44.8305 448
87.8783 -44.7305 447
86.9214 -44.6304 446
86.1611 -44.6304 446
85.4007 -44.6304 446
84.2609 -44.4302 444
83.3159 -44.3302 443
82.188 -44.13 441
81.4362 -44.13 441
69.0628 -42.529 425
68.3383 -42.529 425
67.6138 -42.529 425
66.8893 -42.529 425
66.0091 -42.4289 424
65.2863 -42.4289 424
64.5635 -42.4289 424
63.6901 -42.3288 423
62.8201 -42.2287 422
62.1007 -42.2287 422
61.2358 -42.1287 421
60.5181 -42.1287 421
59.6584 -42.0286 420
58.9424 -42.0286 420
58.2264 -42.0286 420
57.5104 -42.0286 420
56.6592 -41.9285 419
55.9449 -41.9285 419
232.294 -57.706 567
231.327 -57.706 567
230.361 -57.706 567
229.394 -57.706 567
228.427 -57.706 567
227.461 -57.706 567
226.494 -57.706 567
225.528 -57.706 567
224.165 -57.6042 566
223.2 -57.6042 566
222.235 -57.6042 566
221.27 -57.6042 566
220.305 -57.6042 566
219.728 -57.706 567
218.761 -57.706 567
217.795 -57.706 567
216.828 -57.706 567
215.862 -57.706 567
215.274 -57.8078 568
214.306 -57.8078 568
213.338 -57.8078 568
212.743 -57.9095 569
212.145 -58.0113 570
211.174 -58.0113 570
210.202 -58.0113 570
209.597 -58.1131 571
208.624 -58.1131 571
208.014 -58.2149 572
207.401 -58.3166 573
207.145 -58.5202 575
206.164 -58.5202 575
205.541 -58.622 576
204.559 -58.622 576
203.577 -58.622 576
202.595 -58.622 576
201.963 -58.7237 577
200.98 -58.7237 577
199.996 -58.7237 577
199.012 -58.7237 577
198.029 -58.7237 577
197.045 -58.7237 577
196.061 -58.7237 577
194.74 -58.622 576
193.421 -58.5202 575
192.441 -58.5202 575
191.461 -58.5202 575
189.487 -58.2149 572
186.534 -57.6042 566
183.3 -57.1971 562
182.342 -57.1971 562
181.384 -57.1971 562
180.105 -57.0953 561
178.829 -56.9936 560
177.874 -56.9936 560
175.656 -56.5865 556
174.394 -56.4847 555
173.135 -56.3829 554
172.191 -56.3829 554
170.628 -56.1794 552
169.687 -56.1794 552
168.44 -56.0776 551
166.893 -55.8741 549
165.957 -55.8741 549
162.617 -55.0599 541
161.694 -55.0599 541
159.286 -54.551 536
156.6 -53.9403 530
155.696 -53.9403 530
153.916 -53.635 527
153.308 -53.7368 528
152.408 -53.7368 528
151.508 -53.7368 528
150.608 -53.7368 528
149.708 -53.7368 528
146.553 -52.9226 520
144.266 -52.4137 515
143.388 -52.4137 515
99.9751 -45.7984 450
99.4285 -45.9002 451
98.6596 -45.9002 451
97.8908 -45.9002 451
97.1219 -45.9002 451
96.3531 -45.9002 451
95.3723 -45.7984 450
94.6052 -45.7984 450
93.838 -45.7984 450
93.0709 -45.7984 450
92.0986 -45.6966 449
91.3332 -45.6966 449
90.3661 -45.5949 448
89.6023 -45.5949 448
88.8386 -45.5949 448
87.8783 -45.4931 447
86.9214 -45.3913 446
86.1611 -45.3913 446
85.4007 -45.3913 446
84.0711 -45.086 443
83.1278 -44.9842 442
82.188 -44.8824 441
81.4362 -44.8824 441
69.0628 -43.254 425
68.3383 -43.254 425
67.6138 -43.254 425
66.8893 -43.254 425
66.0091 -43.1523 424
65.2863 -43.1523 424
64.4112 -43.0505 423
63.6901 -43.0505 423
62.8201 -42.9487 422
62.1007 -42.9487 422
61.2358 -42.847 421
60.5181 -42.847 421
59.6584 -42.7452 420
58.9424 -42.7452 420
58.2264 -42.7452 420
57.5104 -42.7452 420
56.6592 -42.6434 419
55.9449 -42.6434 419
232.294 -58.6733 567
231.327 -58.6733 567
230.361 -58.6733 567
229.394 -58.6733 567
228.427 -58.6733 567
227.06 -58.5699 566
226.095 -58.5699 566
225.13 -58.5699 566
224.165 -58.5699 566
223.2 -58.5699 566
222.235 -58.5699 566
220.879 -58.4664 565
220.305 -58.5699 566
219.341 -58.5699 566
218.376 -58.5699 566
217.411 -58.5699 566
216.828 -58.6733 567
215.862 -58.6733 567
215.274 -58.7768 568
214.306 -58.7768 568
213.338 -58.7768 568
212.743 -58.8803 569
212.145 -58.9838 570
211.174 -58.9838 570
210.202 -58.9838 570
209.597 -59.0873 571
208.624 -59.0873 571
208.014 -59.1907 572
207.401 -59.2942 573
207.145 -59.5012 575
206.164 -59.5012 575
205.541 -59.6047 576
204.559 -59.6047 576
203.577 -59.6047 576
202.595 -59.6047 576
201.963 -59.7081 577
200.98 -59.7081 577
199.996 -59.7081 577
199.012 -59.7081 577
198.029 -59.7081 577
197.045 -59.7081 577
196.061 -59.7081 577
194.74 -59.6047 576
193.421 -59.5012 575
190.768 -58.9838 570
189.796 -58.9838 570
187.831 -58.6733 567
186.534 -58.5699 566
184.586 -58.2594 563
183.626 -58.2594 563
182.666 -58.2594 563
181.384 -58.1559 562
180.105 -58.0525 561
178.829 -57.949 560
177.874 -57.949 560
175.656 -57.5351 556
174.394 -57.4316 555
173.135 -57.3281 554
172.191 -57.3281 554
170.628 -57.1211 552
169.687 -57.1211 552
168.44 -57.0177 551
166.893 -56.8107 549
165.957 -56.8107 549
162.617 -55.9829 541
161.694 -55.9829 541
158.098 -55.0515 532
155.713 -54.5341 527
154.815 -54.5341 527
153.916 -54.5341 527
153.308 -54.6376 528
152.408 -54.6376 528
151.508 -54.6376 528
150.608 -54.6376 528
149.708 -54.6376 528
146.553 -53.8098 520
99.9751 -46.5662 450
99.4285 -46.6696 451
98.6596 -46.6696 451
97.8908 -46.6696 451
96.9066 -46.5662 450
96.1395 -46.5662 450
95.3723 -46.5662 450
94.6052 -46.5662 450
93.6295 -46.4627 449
92.8641 -46.4627 449
92.0986 -46.4627 449
91.1298 -46.3592 448
90.3661 -46.3592 448
89.6023 -46.3592 448
88.6403 -46.2557 447
87.8783 -46.2557 447
86.9214 -46.1522 446
86.1611 -46.1522 446
85.2093 -46.0487 445
84.0711 -45.8418 443
83.1278 -45.7383 442
82.188 -45.6348 441
81.4362 -45.6348 441
79.7696 -45.1174 436
69.0628 -43.9791 425
68.3383 -43.9791 425
67.6138 -43.9791 425
66.8893 -43.9791 425
66.0091 -43.8757 424
65.2863 -43.8757 424
64.4112 -43.7722 423
63.6901 -43.7722 423
62.8201 -43.6687 422
62.1007 -43.6687 422
61.2358 -43.5652 421
60.5181 -43.5652 421
59.6584 -43.4617 420
58.9424 -43.4617 420
58.2264 -43.4617 420
57.5104 -43.4617 420
56.7944 -43.4617 420
56.0784 -43.4617 420
231.474 -59.4303 565
230.511 -59.4303 565
229.548 -59.4303 565
228.585 -59.4303 565
227.622 -59.4303 565
226.658 -59.4303 565
225.695 -59.4303 565
224.732 -59.4303 565
223.769 -59.4303 565
222.806 -59.4303 565
221.843 -59.4303 565
220.488 -59.3251 564
219.916 -59.4303 565
218.953 -59.4303 565
218.376 -59.5355 566
217.411 -59.5355 566
216.446 -59.5355 566
215.481 -59.5355 566
214.895 -59.6407 567
213.929 -59.6407 567
212.962 -59.6407 567
212.369 -59.7459 568
211.401 -59.7459 568
210.433 -59.7459 568
209.464 -59.7459 568
208.863 -59.8511 569
207.893 -59.8511 569
206.923 -59.8511 569
206.677 -60.0615 571
206.424 -60.2718 573
205.447 -60.2718 573
204.827 -60.377 574
204.204 -60.4822 575
203.224 -60.4822 575
202.243 -60.4822 575
201.263 -60.4822 575
200.283 -60.4822 575
199.303 -60.4822 575
198.323 -60.4822 575
197.342 -60.4822 575
196.362 -60.4822 575
195.382 -60.4822 575
194.064 -60.377 574
192.412 -60.1666 572
190.768 -59.9563 570
189.796 -59.9563 570
187.831 -59.6407 567
186.534 -59.5355 566
184.586 -59.22 563
183.626 -59.22 563
182.666 -59.22 563
181.384 -59.1148 562
180.105 -59.0096 561
178.829 -58.9044 560
177.874 -58.9044 560
175.656 -58.4837 556
174.394 -58.3785 555
173.135 -58.2733 554
172.191 -58.2733 554
170.628 -58.0629 552
169.687 -58.0629 552
168.44 -57.9577 551
166.893 -57.7473 549
165.957 -57.7473 549
162.617 -56.9059 541
161.694 -56.9059 541
158.098 -55.9592 532
155.713 -55.4333 527
154.815 -55.4333 527
153.916 -55.4333 527
153.308 -55.5384 528
152.408 -55.5384 528
151.508 -55.5384 528
150.608 -55.5384 528
99.9751 -47.3339 450
99.208 -47.3339 450
98.4409 -47.3339 450
97.6737 -47.3339 450
96.9066 -47.3339 450
96.1395 -47.3339 450
95.1604 -47.2287 449
94.3949 -47.2287 449
93.421 -47.1235 448
92.6572 -47.1235 448
91.8935 -47.1235 448
91.1298 -47.1235 448
90.1644 -47.0183 447
89.4023 -47.0183 447
88.6403 -47.0183 447
87.6817 -46.9131 446
86.7265 -46.808 445
85.9679 -46.808 445
84.8263 -46.5976 443
83.8813 -46.4924 442
82.9398 -46.3872 441
82.0016 -46.282 440
81.2515 -46.282 440
79.7696 -45.8613 436
69.0628 -44.7042 425
68.3383 -44.7042 425
67.6138 -44.7042 425
66.8893 -44.7042 425
66.0091 -44.599 424
65.2863 -44.599 424
64.4112 -44.4939 423
63.6901 -44.4939 423
62.8201 -44.3887 422
62.1007 -44.3887 422
61.2358 -44.2835 421
60.5181 -44.2835 421
59.6584 -44.1783 420
58.9424 -44.1783 420
58.2264 -44.1783 420
57.5104 -44.1783 420
56.7944 -44.1783 420
56.0784 -44.1783 420
233.401 -60.3943 565
232.438 -60.3943 565
231.474 -60.3943 565
230.511 -60.3943 565
229.548 -60.3943 565
228.18 -60.2874 564
227.219 -60.2874 564
226.257 -60.2874 564
225.296 -60.2874 564
224.334 -60.2874 564
223.373 -60.2874 564
222.411 -60.2874 564
221.45 -60.2874 564
220.488 -60.2874 564
219.527 -60.2874 564
218.953 -60.3943 565
217.99 -60.3943 565
217.027 -60.3943 565
216.063 -60.3943 565
215.481 -60.5012 566
214.516 -60.5012 566
213.551 -60.5012 566
212.586 -60.5012 566
211.995 -60.6081 567
211.029 -60.6081 567
210.062 -60.6081 567
209.096 -60.6081 567
208.496 -60.715 568
207.528 -60.715 568
206.559 -60.715 568
205.953 -60.8219 569
205.704 -61.0356 571
204.73 -61.0356 571
204.114 -61.1425 572
203.494 -61.2494 573
202.87 -61.3563 574
201.892 -61.3563 574
200.913 -61.3563 574
199.935 -61.3563 574
198.956 -61.3563 574
197.978 -61.3563 574
196.999 -61.3563 574
195.679 -61.2494 573
194.702 -61.2494 573
193.049 -61.0356 571
191.739 -60.9287 570
189.764 -60.6081 567
188.464 -60.5012 566
187.499 -60.5012 566
186.205 -60.3943 565
184.586 -60.1805 563
183.626 -60.1805 563
182.666 -60.1805 563
181.061 -59.9667 561
179.784 -59.8598 560
177.871 -59.5391 557
176.921 -59.5391 557
175.656 -59.4323 556
174.394 -59.3254 555
173.135 -59.2185 554
172.191 -59.2185 554
170.628 -59.0047 552
169.687 -59.0047 552
168.44 -58.8978 551
166.893 -58.684 549
165.957 -58.684 549
162.617 -57.8289 541
161.694 -57.8289 541
158.098 -56.8668 532
155.713 -56.3324 527
154.815 -56.3324 527
153.916 -56.3324 527
153.308 -56.4393 528
152.408 -56.4393 528
151.508 -56.4393 528
150.608 -56.4393 528
99.5308 -47.8879 448
98.7671 -47.8879 448
98.0033 -47.8879 448
97.2396 -47.8879 448
96.4759 -47.8879 448
95.7122 -47.8879 448
94.7365 -47.781 447
93.9745 -47.781 447
93.2124 -47.781 447
92.4504 -47.781 447
91.6884 -47.781 447
90.9264 -47.781 447
89.9626 -47.6741 446
89.2023 -47.6741 446
88.442 -47.6741 446
87.4851 -47.5672 445
86.3367 -47.3534 443
85.3883 -47.2465 442
84.6348 -47.2465 442
83.6916 -47.1396 441
82.7517 -47.0327 440
81.8152 -46.9258 439
81.0668 -46.9258 439
79.7696 -46.6051 436
78.4826 -46.2845 433
68.1775 -45.3224 424
67.4547 -45.3224 424
66.7319 -45.3224 424
66.0091 -45.3224 424
65.2863 -45.3224 424
64.4112 -45.2155 423
63.6901 -45.2155 423
62.8201 -45.1087 422
62.1007 -45.1087 422
61.2358 -45.0018 421
60.5181 -45.0018 421
59.6584 -44.8949 420
58.9424 -44.8949 420
58.2264 -44.8949 420
57.5104 -44.8949 420
56.7944 -44.8949 420
56.0784 -44.8949 420
2070.69 -411.806 3792
2078.38 -414.63 3818
2085.98 -417.453 3844
2079.43 -417.453 3844
2077.73 -418.431 3853
2071.16 -418.431 3853
2064.59 -418.431 3853
233.534 -61.141 563
233.401 -61.3582 565
232.438 -61.3582 565
231.474 -61.3582 565
230.511 -61.3582 565
229.548 -61.3582 565
228.18 -61.2496 564
227.219 -61.2496 564
226.257 -61.2496 564
225.296 -61.2496 564
224.334 -61.2496 564
223.373 -61.2496 564
222.411 -61.2496 564
221.45 -61.2496 564
220.488 -61.2496 564
219.527 -61.2496 564
218.953 -61.3582 565
217.99 -61.3582 565
217.027 -61.3582 565
216.063 -61.3582 565
215.1 -61.3582 565
214.137 -61.3582 565
213.174 -61.3582 565
212.211 -61.3582 565
211.621 -61.4668 566
210.657 -61.4668 566
209.692 -61.4668 566
209.096 -61.5754 567
208.129 -61.5754 567
207.162 -61.5754 567
206.196 -61.5754 567
205.229 -61.5754 567
204.263 -61.5754 567
203.296 -61.5754 567
203.043 -61.7926 569
202.428 -61.9012 570
201.81 -62.0098 571
200.837 -62.0098 571
199.863 -62.0098 571
198.89 -62.0098 571
197.916 -62.0098 571
196.943 -62.0098 571
195.969 -62.0098 571
194.996 -62.0098 571
194.023 -62.0098 571
192.711 -61.9012 570
190.73 -61.5754 567
189.429 -61.4668 566
188.131 -61.3582 565
187.168 -61.3582 565
185.875 -61.2496 564
184.586 -61.141 563
183.626 -61.141 563
182.666 -61.141 563
181.061 -60.9238 561
179.784 -60.8152 560
177.552 -60.3808 556
176.604 -60.3808 556
175.656 -60.3808 556
174.394 -60.2722 555
160.818 -57.7745 532
159.911 -57.7745 532
159.004 -57.7745 532
157.8 -57.6659 531
155.713 -57.2315 527
154.815 -57.2315 527
99.5308 -48.6522 448
98.7671 -48.6522 448
98.0033 -48.6522 448
97.2396 -48.6522 448
96.4759 -48.6522 448
95.7122 -48.6522 448
94.7365 -48.5436 447
93.9745 -48.5436 447
93.2124 -48.5436 447
92.4504 -48.5436 447
91.6884 -48.5436 447
90.9264 -48.5436 447
89.9626 -48.435 446
89.2023 -48.435 446
88.442 -48.435 446
87.4851 -48.3264 445
86.3367 -48.1092 443
85.3883 -48.0006 442
84.6348 -48.0006 442
83.6916 -47.892 441
82.3755 -47.5662 438
81.2561 -47.349 436
80.5129 -47.349 436
79.4037 -47.1318 434
78.4826 -47.0232 433
77.7444 -47.0232 433
76.6506 -46.806 431
75.9158 -46.806 431
74.8322 -46.5888 429
73.9281 -46.4802 428
73.0275 -46.3716 427
72.2995 -46.3716 427
71.5716 -46.3716 427
68.1775 -46.0458 424
67.4547 -46.0458 424
66.7319 -46.0458 424
66.0091 -46.0458 424
65.2863 -46.0458 424
64.4112 -45.9372 423
63.5395 -45.8286 422
62.8201 -45.8286 422
62.1007 -45.8286 422
61.2358 -45.72 421
60.3744 -45.6114 420
59.6584 -45.6114 420
58.9424 -45.6114 420
58.2264 -45.6114 420
57.5104 -45.6114 420
56.7944 -45.6114 420
56.0784 -45.6114 420
2270.58 -443.425 4020
2263.73 -443.425 4020
2256.88 -443.425 4020
2266.25 -446.624 4049
2259.35 -446.624 4049
2252.45 -446.624 4049
2245.55 -446.624 4049
2070.69 -418.276 3792
2078.38 -421.144 3818
2085.98 -424.011 3844
2079.43 -424.011 3844
2077.73 -425.004 3853
2071.16 -425.004 3853
2064.59 -425.004 3853
233.534 -62.1016 563
233.401 -62.3222 565
232.438 -62.3222 565
231.474 -62.3222 565
230.103 -62.2119 564
229.142 -62.2119 564
228.18 -62.2119 564
227.219 -62.2119 564
226.257 -62.2119 564
225.296 -62.2119 564
224.334 -62.2119 564
223.373 -62.2119 564
222.411 -62.2119 564
221.45 -62.2119 564
220.488 -62.2119 564
219.527 -62.2119 564
218.565 -62.2119 564
217.604 -62.2119 564
216.643 -62.2119 564
216.063 -62.3222 565
215.1 -62.3222 565
214.137 -62.3222 565
213.174 -62.3222 565
212.211 -62.3222 565
211.621 -62.4325 566
210.657 -62.4325 566
209.692 -62.4325 566
209.096 -62.5428 567
208.129 -62.5428 567
207.162 -62.5428 567
206.196 -62.5428 567
205.229 -62.5428 567
204.263 -62.5428 567
203.296 -62.5428 567
203.043 -62.7634 569
202.428 -62.8737 570
201.81 -62.984 571
200.837 -62.984 571
199.863 -62.984 571
198.89 -62.984 571
197.916 -62.984 571
196.943 -62.984 571
195.969 -62.984 571
194.996 -62.984 571
194.023 -62.984 571
192.711 -62.8737 570
190.73 -62.5428 567
189.429 -62.4325 566
187.798 -62.2119 564
186.837 -62.2119 564
185.546 -62.1016 563
184.586 -62.1016 563
183.3 -61.9913 562
182.342 -61.9913 562
180.738 -61.7707 560
179.784 -61.7707 560
99.5308 -49.4165 448
98.7671 -49.4165 448
98.0033 -49.4165 448
97.2396 -49.4165 448
96.2605 -49.3062 447
95.4985 -49.3062 447
94.7365 -49.3062 447
93.7642 -49.1959 446
93.0039 -49.1959 446
92.2436 -49.1959 446
91.4833 -49.1959 446
90.3161 -48.9753 444
89.5592 -48.9753 444
88.8023 -48.9753 444
87.8471 -48.865 443
87.0919 -48.865 443
86.1418 -48.7547 442
85.0019 -48.5341 440
84.2519 -48.5341 440
83.5018 -48.5341 440
82.3755 -48.3135 438
81.2561 -48.0929 436
80.5129 -48.0929 436
79.4037 -47.8723 434
78.4826 -47.762 433
77.7444 -47.762 433
76.6506 -47.5413 431
75.9158 -47.5413 431
74.8322 -47.3207 429
73.9281 -47.2104 428
73.0275 -47.1001 427
72.2995 -47.1001 427
71.5716 -47.1001 427
70.6778 -46.9898 426
69.7874 -46.8795 425
69.0628 -46.8795 425
68.3383 -46.8795 425
67.4547 -46.7692 424
66.7319 -46.7692 424
66.0091 -46.7692 424
65.2863 -46.7692 424
64.4112 -46.6589 423
63.5395 -46.5486 422
62.8201 -46.5486 422
62.1007 -46.5486 422
61.2358 -46.4383 421
60.3744 -46.328 420
59.6584 -46.328 420
58.9424 -46.328 420
58.2264 -46.328 420
57.5104 -46.328 420
2270.58 -450.284 4020
2263.73 -450.284 4020
2256.88 -450.284 4020
2266.25 -453.532 4049
2259.35 -453.532 4049
2252.45 -453.532 4049
2245.55 -453.532 4049
2070.69 -424.745 3792
2078.38 -427.657 3818
2085.98 -430.57 3844
2079.43 -430.57 3844
2077.73 -431.578 3853
2071.16 -431.578 3853
2064.59 -431.578 3853
233.474 -62.278 556
232.526 -62.278 556
233.245 -62.7261 560
233.534 -63.0621 563
232.988 -63.1741 564
232.026 -63.1741 564
231.065 -63.1741 564
230.103 -63.1741 564
229.142 -63.1741 564
228.18 -63.1741 564
227.219 -63.1741 564
226.257 -63.1741 564
225.296 -63.1741 564
224.334 -63.1741 564
223.373 -63.1741 564
222.411 -63.1741 564
221.45 -63.1741 564
220.098 -63.0621 563
219.138 -63.0621 563
218.178 -63.0621 563
217.218 -63.0621 563
216.258 -63.0621 563
215.681 -63.1741 564
214.72 -63.1741 564
213.758 -63.1741 564
212.797 -63.1741 564
211.835 -63.1741 564
211.248 -63.2861 565
210.284 -63.2861 565
209.321 -63.2861 565
208.358 -63.2861 565
207.395 -63.2861 565
206.797 -63.3981 566
205.832 -63.3981 566
204.867 -63.3981 566
203.902 -63.3981 566
202.937 -63.3981 566
201.973 -63.3981 566
201.718 -63.6222 568
200.75 -63.6222 568
199.781 -63.6222 568
199.163 -63.7342 569
198.193 -63.7342 569
197.223 -63.7342 569
196.253 -63.7342 569
195.283 -63.7342 569
193.63 -63.5101 567
192.324 -63.3981 566
191.359 -63.3981 566
190.394 -63.3981 566
189.429 -63.3981 566
187.798 -63.1741 564
186.837 -63.1741 564
185.546 -63.0621 563
184.586 -63.0621 563
183.3 -62.9501 562
182.342 -62.9501 562
180.738 -62.7261 560
179.784 -62.7261 560
100.071 -50.0689 447
99.3086 -50.0689 447
98.5466 -50.0689 447
97.7846 -50.0689 447
97.0226 -50.0689 447
96.2605 -50.0689 447
95.4985 -50.0689 447
94.5246 -49.9568 446
93.554 -49.8448 445
92.7954 -49.8448 445
92.0368 -49.8448 445
91.073 -49.7328 444
90.1127 -49.6208 443
89.1558 -49.5088 442
88.4023 -49.5088 442
87.6488 -49.5088 442
86.8953 -49.5088 442
85.752 -49.2848 440
85.0019 -49.2848 440
84.2519 -49.2848 440
83.312 -49.1728 439
81.9994 -48.8367 436
81.0698 -48.7247 435
80.3282 -48.7247 435
79.2207 -48.5007 433
78.4826 -48.5007 433
77.7444 -48.5007 433
76.6506 -48.2767 431
75.9158 -48.2767 431
74.8322 -48.0527 429
73.9281 -47.9406 428
73.0275 -47.8286 427
72.2995 -47.8286 427
71.5716 -47.8286 427
70.6778 -47.7166 426
69.7874 -47.6046 425
69.0628 -47.6046 425
68.3383 -47.6046 425
67.4547 -47.4926 424
66.7319 -47.4926 424
66.0091 -47.4926 424
65.2863 -47.4926 424
64.4112 -47.3806 423
63.5395 -47.2686 422
62.8201 -47.2686 422
62.1007 -47.2686 422
61.2358 -47.1566 421
60.3744 -47.0446 420
59.6584 -47.0446 420
58.9424 -47.0446 420
58.2264 -47.0446 420
57.5104 -47.0446 420
56.524 -46.8205 418
55.8114 -46.8205 418
2270.58 -457.142 4020
2263.73 -457.142 4020
2256.88 -457.142 4020
2266.25 -460.44 4049
2259.35 -460.44 4049
2252.45 -460.44 4049
2245.55 -460.44 4049
2097.91 -434.171 3818
2091.4 -434.171 3818
2084.89 -434.171 3818
2068.58 -432.124 3800
2066.99 -433.148 3809
2060.5 -433.148 3809
2072.88 -437.128 3844
2066.32 -437.128 3844
2059.77 -437.128 3844
236.5 -62.7718 552
236.412 -62.9992 554
235.468 -62.9992 554
234.523 -62.9992 554
233.579 -62.9992 554
233.474 -63.2266 556
232.526 -63.2266 556
233.245 -63.6815 560
233.12 -63.9089 562
232.161 -63.9089 562
231.203 -63.9089 562
230.245 -63.9089 562
229.287 -63.9089 562
228.329 -63.9089 562
227.371 -63.9089 562
226.413 -63.9089 562
225.856 -64.0226 563
224.896 -64.0226 563
223.937 -64.0226 563
222.977 -64.0226 563
222.017 -64.0226 563
221.057 -64.0226 563
219.707 -63.9089 562
218.749 -63.9089 562
217.79 -63.9089 562
217.218 -64.0226 563
216.258 -64.0226 563
215.299 -64.0226 563
214.339 -64.0226 563
213.379 -64.0226 563
212.419 -64.0226 563
211.46 -64.0226 563
210.874 -64.1364 564
209.912 -64.1364 564
208.951 -64.1364 564
207.989 -64.1364 564
207.028 -64.1364 564
206.066 -64.1364 564
205.105 -64.1364 564
204.143 -64.1364 564
203.182 -64.1364 564
202.579 -64.2501 565
201.616 -64.2501 565
201.008 -64.3638 566
200.043 -64.3638 566
199.078 -64.3638 566
198.113 -64.3638 566
197.148 -64.3638 566
196.183 -64.3638 566
195.218 -64.3638 566
194.253 -64.3638 566
193.289 -64.3638 566
191.984 -64.2501 565
191.021 -64.2501 565
190.058 -64.2501 565
188.76 -64.1364 564
187.465 -64.0226 563
186.505 -64.0226 563
185.216 -63.9089 562
183.93 -63.7952 561
182.648 -63.6815 560
181.693 -63.6815 560
180.738 -63.6815 560
100.071 -50.8315 447
99.3086 -50.8315 447
98.5466 -50.8315 447
97.7846 -50.8315 447
97.0226 -50.8315 447
96.0452 -50.7178 446
95.2849 -50.7178 446
94.3126 -50.604 445
93.554 -50.604 445
92.5869 -50.4903 444
91.83 -50.4903 444
91.073 -50.4903 444
89.9093 -50.2629 442
89.1558 -50.2629 442
88.2023 -50.1492 441
87.4505 -50.1492 441
86.6987 -50.1492 441
85.752 -50.0355 440
84.8088 -49.9217 439
84.0604 -49.9217 439
83.1222 -49.808 438
81.9994 -49.5806 436
80.8834 -49.3532 434
80.1435 -49.3532 434
79.2207 -49.2394 433
78.4826 -49.2394 433
77.7444 -49.2394 433
77.0062 -49.2394 433
75.9158 -49.012 431
74.8322 -48.7846 429
73.9281 -48.6709 428
73.0275 -48.5571 427
72.2995 -48.5571 427
71.5716 -48.5571 427
70.6778 -48.4434 426
69.7874 -48.3297 425
69.0628 -48.3297 425
68.3383 -48.3297 425
67.4547 -48.216 424
66.7319 -48.216 424
66.0091 -48.216 424
64.9783 -47.9886 422
64.2589 -47.9886 422
63.5395 -47.9886 422
62.5224 -47.7611 420
61.8064 -47.7611 420
61.0904 -47.7611 420
60.3744 -47.7611 420
59.6584 -47.7611 420
58.9424 -47.7611 420
58.0878 -47.6474 419
57.3735 -47.6474 419
56.524 -47.5337 418
55.8114 -47.5337 418
2264.93 -462.846 4010
2258.1 -462.846 4010
2251.26 -462.846 4010
2244.43 -462.846 4010
2259.35 -467.348 4049
2252.45 -467.348 4049
2245.55 -467.348 4049
2201.6 -459.615 3982
2194.81 -459.615 3982
2162.2 -454.19 3935
2155.49 -454.19 3935
2133.49 -450.958 3907
2126.83 -450.958 3907
2081.1 -442.647 3835
2074.56 -442.647 3835
2068.02 -442.647 3835
2061.49 -442.647 3835
2054.95 -442.647 3835
236.5 -63.7135 552
236.412 -63.9444 554
235.468 -63.9444 554
234.523 -63.9444 554
233.579 -63.9444 554
233.474 -64.1752 556
232.526 -64.1752 556
233.245 -64.6369 560
233.12 -64.8678 562
232.161 -64.8678 562
231.203 -64.8678 562
230.245 -64.8678 562
229.287 -64.8678 562
228.329 -64.8678 562
227.371 -64.8678 562
226.413 -64.8678 562
225.856 -64.9832 563
224.896 -64.9832 563
223.937 -64.9832 563
222.977 -64.9832 563
222.017 -64.9832 563
221.057 -64.9832 563
219.707 -64.8678 562
218.749 -64.8678 562
217.79 -64.8678 562
217.218 -64.9832 563
216.258 -64.9832 563
215.299 -64.9832 563
214.339 -64.9832 563
213.379 -64.9832 563
212.042 -64.8678 562
211.084 -64.8678 562
210.5 -64.9832 563
209.54 -64.9832 563
208.58 -64.9832 563
207.62 -64.9832 563
206.661 -64.9832 563
205.701 -64.9832 563
204.741 -64.9832 563
203.781 -64.9832 563
202.822 -64.9832 563
201.862 -64.9832 563
200.902 -64.9832 563
200.297 -65.0986 564
199.689 -65.214 565
198.726 -65.214 565
197.763 -65.214 565
196.8 -65.214 565
195.837 -65.214 565
194.873 -65.214 565
193.567 -65.0986 564
192.606 -65.0986 564
190.965 -64.8678 562
190.006 -64.8678 562
188.712 -64.7523 561
186.417 -64.2906 557
185.467 -64.2906 557
184.518 -64.2906 557
183.568 -64.2906 557
181.963 -64.0598 555
181.017 -64.0598 555
180.071 -64.0598 555
178.156 -63.7135 552
102.357 -51.5941 447
101.595 -51.5941 447
100.833 -51.5941 447
100.071 -51.5941 447
99.3086 -51.5941 447
98.5466 -51.5941 447
97.7846 -51.5941 447
97.0226 -51.5941 447
96.0452 -51.4787 446
95.2849 -51.4787 446
94.3126 -51.3633 445
93.554 -51.3633 445
92.5869 -51.2478 444
91.83 -51.2478 444
91.073 -51.2478 444
89.9093 -51.017 442
89.1558 -51.017 442
88.2023 -50.9016 441
87.4505 -50.9016 441
86.6987 -50.9016 441
85.752 -50.7861 440
84.8088 -50.6707 439
84.0604 -50.6707 439
83.1222 -50.5553 438
81.9994 -50.3245 436
80.8834 -50.0936 434
80.1435 -50.0936 434
79.2207 -49.9782 433
78.4826 -49.9782 433
77.7444 -49.9782 433
77.0062 -49.9782 433
75.9158 -49.7473 431
74.8322 -49.5165 429
73.9281 -49.4011 428
73.0275 -49.2856 427
72.2995 -49.2856 427
71.404 -49.1702 426
70.5119 -49.0548 425
69.7874 -49.0548 425
69.0628 -49.0548 425
68.1775 -48.9394 424
67.4547 -48.9394 424
66.7319 -48.9394 424
66.0091 -48.9394 424
63.0878 -48.3623 419
62.3735 -48.3623 419
61.6592 -48.3623 419
60.9449 -48.3623 419
60.2306 -48.3623 419
59.5164 -48.3623 419
58.8021 -48.3623 419
57.9491 -48.2468 418
57.2366 -48.2468 418
56.524 -48.2468 418
55.8114 -48.2468 418
2264.93 -469.688 4010
2258.1 -469.688 4010
2251.26 -469.688 4010
2244.43 -469.688 4010
2259.35 -474.256 4049
2252.45 -474.256 4049
2245.55 -474.256 4049
2201.6 -466.408 3982
2194.81 -466.408 3982
2177.58 -464.183 3963
2170.83 -464.183 3963
2133.49 -457.624 3907
2126.83 -457.624 3907
2105.52 -454.461 3880
2113.51 -457.624 3907
2116.56 -459.732 3925
2109.87 -459.732 3925
2103.17 -459.732 3925
244.028 -64.6553 552
243.087 -64.6553 552
242.146 -64.6553 552
241.205 -64.6553 552
239.828 -64.5382 551
238.889 -64.5382 551
237.95 -64.5382 551
237.011 -64.5382 551
236.5 -64.6553 552
236.412 -64.8896 554
235.468 -64.8896 554
234.523 -64.8896 554
233.579 -64.8896 554
233.054 -65.0067 555
232.108 -65.0067 555
231.995 -65.2409 557
232.705 -65.7095 561
231.748 -65.7095 561
230.792 -65.7095 561
229.836 -65.7095 561
228.879 -65.7095 561
227.923 -65.7095 561
226.967 -65.7095 561
226.01 -65.7095 561
225.054 -65.7095 561
224.497 -65.8266 562
223.539 -65.8266 562
222.581 -65.8266 562
221.623 -65.8266 562
220.665 -65.8266 562
219.316 -65.7095 561
218.359 -65.7095 561
217.403 -65.7095 561
216.832 -65.8266 562
215.874 -65.8266 562
214.916 -65.8266 562
213.958 -65.8266 562
213 -65.8266 562
212.042 -65.8266 562
211.084 -65.8266 562
210.5 -65.9437 563
209.54 -65.9437 563
208.58 -65.9437 563
207.62 -65.9437 563
206.661 -65.9437 563
205.701 -65.9437 563
204.741 -65.9437 563
203.781 -65.9437 563
202.822 -65.9437 563
201.862 -65.9437 563
200.902 -65.9437 563
200.297 -66.0608 564
199.689 -66.178 565
198.726 -66.178 565
197.763 -66.178 565
196.8 -66.178 565
195.837 -66.178 565
194.873 -66.178 565
193.567 -66.0608 564
192.606 -66.0608 564
190.965 -65.8266 562
190.006 -65.8266 562
188.712 -65.7095 561
186.417 -65.2409 557
185.467 -65.2409 557
184.518 -65.2409 557
182.58 -64.8896 554
180.979 -64.6553 552
180.038 -64.6553 552
179.097 -64.6553 552
177.834 -64.5382 551
102.357 -52.3567 447
101.595 -52.3567 447
100.833 -52.3567 447
100.071 -52.3567 447
99.3086 -52.3567 447
98.5466 -52.3567 447
97.7846 -52.3567 447
96.8055 -52.2396 446
96.0452 -52.2396 446
95.2849 -52.2396 446
94.3126 -52.1225 445
93.3438 -52.0053 444
92.5869 -52.0053 444
91.83 -52.0053 444
90.8679 -51.8882 443
89.9093 -51.7711 442
88.9541 -51.654 441
88.2023 -51.654 441
87.4505 -51.654 441
86.6987 -51.654 441
85.5572 -51.4197 439
84.8088 -51.4197 439
84.0604 -51.4197 439
83.1222 -51.3026 438
81.8113 -50.9512 435
80.8834 -50.8341 434
80.1435 -50.8341 434
79.2207 -50.7169 433
78.4826 -50.7169 433
77.7444 -50.7169 433
77.0062 -50.7169 433
75.9158 -50.4827 431
74.8322 -50.2484 429
73.9281 -50.1313 428
73.0275 -50.0142 427
72.2995 -50.0142 427
71.404 -49.897 426
70.5119 -49.7799 425
69.7874 -49.7799 425
69.0628 -49.7799 425
68.1775 -49.6628 424
67.4547 -49.6628 424
66.7319 -49.6628 424
66.0091 -49.6628 424
63.0878 -49.0771 419
62.3735 -49.0771 419
61.6592 -49.0771 419
60.9449 -49.0771 419
60.2306 -49.0771 419
59.5164 -49.0771 419
58.8021 -49.0771 419
57.9491 -48.96 418
57.2366 -48.96 418
2186.42 -460.011 3871
2179.82 -460.011 3871
2198.49 -465.359 3916
2233.79 -474.272 3991
2226.99 -474.272 3991
2220.18 -474.272 3991
2213.38 -474.272 3991
2201.6 -473.202 3982
2194.81 -473.202 3982
2177.58 -470.944 3963
2170.83 -470.944 3963
2133.49 -464.289 3907
2126.83 -464.289 3907
2105.52 -461.081 3880
2113.51 -464.289 3907
2116.56 -466.428 3925
2109.87 -466.428 3925
2103.17 -466.428 3925
245.91 -65.5971 552
244.969 -65.5971 552
244.028 -65.5971 552
243.087 -65.5971 552
242.146 -65.5971 552
241.205 -65.5971 552
239.828 -65.4782 551
238.889 -65.4782 551
237.95 -65.4782 551
237.011 -65.4782 551
236.5 -65.5971 552
235.559 -65.5971 552
234.618 -65.5971 552
234.523 -65.8347 554
233.579 -65.8347 554
232.634 -65.8347 554
231.69 -65.8347 554
231.162 -65.9536 555
232.29 -66.5477 560
231.748 -66.6666 561
230.792 -66.6666 561
229.836 -66.6666 561
228.879 -66.6666 561
227.923 -66.6666 561
226.967 -66.6666 561
225.607 -66.5477 560
224.653 -66.5477 560
224.097 -66.6666 561
223.141 -66.6666 561
222.185 -66.6666 561
221.228 -66.6666 561
220.272 -66.6666 561
219.316 -66.6666 561
217.97 -66.5477 560
217.015 -66.5477 560
216.061 -66.5477 560
215.106 -66.5477 560
214.151 -66.5477 560
213.577 -66.6666 561
212.621 -66.6666 561
211.665 -66.6666 561
210.708 -66.6666 561
210.126 -66.7854 562
209.168 -66.7854 562
208.21 -66.7854 562
207.252 -66.7854 562
206.294 -66.7854 562
205.336 -66.7854 562
204.377 -66.7854 562
203.419 -66.7854 562
202.461 -66.7854 562
201.503 -66.7854 562
200.545 -66.7854 562
199.942 -66.9043 563
198.983 -66.9043 563
198.023 -66.9043 563
197.063 -66.9043 563
196.103 -66.9043 563
195.143 -66.9043 563
194.184 -66.9043 563
192.881 -66.7854 562
191.581 -66.6666 561
189.945 -66.4289 559
188.992 -66.4289 559
187.03 -66.0724 556
186.082 -66.0724 556
184.801 -65.9536 555
183.855 -65.9536 555
182.58 -65.8347 554
180.979 -65.5971 552
180.038 -65.5971 552
179.097 -65.5971 552
177.834 -65.4782 551
104.643 -53.1194 447
103.881 -53.1194 447
103.119 -53.1194 447
102.357 -53.1194 447
101.595 -53.1194 447
100.833 -53.1194 447
100.071 -53.1194 447
99.3086 -53.1194 447
98.5466 -53.1194 447
97.7846 -53.1194 447
96.8055 -53.0005 446
96.0452 -53.0005 446
95.2849 -53.0005 446
94.3126 -52.8817 445
93.3438 -52.7629 444
92.5869 -52.7629 444
91.83 -52.7629 444
90.8679 -52.644 443
89.9093 -52.5252 442
88.9541 -52.4064 441
88.2023 -52.4064 441
87.4505 -52.4064 441
86.6987 -52.4064 441
85.5572 -52.1687 439
84.8088 -52.1687 439
84.0604 -52.1687 439
83.1222 -52.0498 438
81.6233 -51.5745 434
80.697 -51.4557 433
79.9589 -51.4557 433
79.2207 -51.4557 433
78.4826 -51.4557 433
77.5648 -51.3368 432
76.6506 -51.218 431
75.9158 -51.218 431
74.6578 -50.8615 428
73.7554 -50.7427 427
72.8564 -50.6238 426
72.1302 -50.6238 426
71.2364 -50.505 425
70.346 -50.3862 424
69.6231 -50.3862 424
68.9003 -50.3862 424
68.0167 -50.2673 423
67.1365 -50.1485 422
62.9372 -49.6731 418
62.2247 -49.6731 418
61.5121 -49.6731 418
60.7995 -49.6731 418
60.0869 -49.6731 418
59.3743 -49.6731 418
58.6617 -49.6731 418
57.9491 -49.6731 418
57.2366 -49.6731 418
2181.34 -465.531 3862
2174.76 -465.531 3862
2168.17 -465.531 3862
2207.48 -475.415 3944
2200.76 -475.415 3944
2194.04 -475.415 3944
2202.84 -478.79 3972
2196.07 -478.79 3972
2189.3 -478.79 3972
2177.58 -477.705 3963
2170.83 -477.705 3963
2133.49 -470.955 3907
2126.83 -470.955 3907
2120.17 -470.955 3907
2113.51 -470.955 3907
2116.56 -473.125 3925
2109.87 -473.125 3925
2103.17 -473.125 3925
250.615 -66.5388 552
249.674 -66.5388 552
248.733 -66.5388 552
246.404 -66.4183 551
245.91 -66.5388 552
244.969 -66.5388 552
244.028 -66.5388 552
243.087 -66.5388 552
242.146 -66.5388 552
241.205 -66.5388 552
239.828 -66.4183 551
238.889 -66.4183 551
237.95 -66.4183 551
237.011 -66.4183 551
236.5 -66.5388 552
235.559 -66.5388 552
234.618 -66.5388 552
233.677 -66.5388 552
233.157 -66.6594 553
232.214 -66.6594 553
231.272 -66.6594 553
231.162 -66.9005 555
231.046 -67.1415 557
231.335 -67.5032 560
230.381 -67.5032 560
229.426 -67.5032 560
228.471 -67.5032 560
227.517 -67.5032 560
226.562 -67.5032 560
225.607 -67.5032 560
224.653 -67.5032 560
223.698 -67.5032 560
222.743 -67.5032 560
221.789 -67.5032 560
220.834 -67.5032 560
219.879 -67.5032 560
218.925 -67.5032 560
217.581 -67.3826 559
216.24 -67.2621 558
215.289 -67.2621 558
214.338 -67.2621 558
213.387 -67.2621 558
212.435 -67.2621 558
211.484 -67.2621 558
210.533 -67.2621 558
209.957 -67.3826 559
209.004 -67.3826 559
208.423 -67.5032 560
207.469 -67.5032 560
206.514 -67.5032 560
205.559 -67.5032 560
204.605 -67.5032 560
203.65 -67.5032 560
202.696 -67.5032 560
201.741 -67.5032 560
200.786 -67.5032 560
199.832 -67.5032 560
199.232 -67.6237 561
198.276 -67.6237 561
197.671 -67.7442 562
196.713 -67.7442 562
195.755 -67.7442 562
194.797 -67.7442 562
193.839 -67.7442 562
192.537 -67.6237 561
190.898 -67.3826 559
189.605 -67.2621 558
188.654 -67.2621 558
186.694 -66.9005 555
185.413 -66.7799 554
184.135 -66.6594 553
183.193 -66.6594 553
182.25 -66.6594 553
180.979 -66.5388 552
179.712 -66.4183 551
178.773 -66.4183 551
104.877 -54.0025 448
104.113 -54.0025 448
103.349 -54.0025 448
102.357 -53.882 447
101.595 -53.882 447
100.833 -53.882 447
100.071 -53.882 447
99.3086 -53.882 447
98.5466 -53.882 447
97.7846 -53.882 447
96.8055 -53.7614 446
96.0452 -53.7614 446
95.2849 -53.7614 446
94.3126 -53.6409 445
93.3438 -53.5204 444
92.3783 -53.3998 443
91.6231 -53.3998 443
90.8679 -53.3998 443
89.9093 -53.2793 442
88.9541 -53.1587 441
88.2023 -53.1587 441
87.4505 -53.1587 441
86.5021 -53.0382 440
85.5572 -52.9177 439
84.8088 -52.9177 439
84.0604 -52.9177 439
82.9324 -52.6766 437
81.6233 -52.315 434
80.697 -52.1944 433
79.9589 -52.1944 433
79.0378 -52.0739 432
78.3013 -52.0739 432
77.3853 -51.9533 431
76.117 -51.5917 428
75.3874 -51.5917 428
74.4833 -51.4712 427
73.5827 -51.3506 426
72.6854 -51.2301 425
71.9609 -51.2301 425
71.0688 -51.1095 424
70.346 -51.1095 424
69.4589 -50.989 423
68.7378 -50.989 423
68.0167 -50.989 423
67.1365 -50.8685 422
62.9372 -50.3863 418
62.2247 -50.3863 418
61.5121 -50.3863 418
60.7995 -50.3863 418
60.0869 -50.3863 418
59.3743 -50.3863 418
58.6617 -50.3863 418
2176.26 -471.02 3853
2169.69 -471.02 3853
2163.12 -471.02 3853
2207.48 -482.144 3944
2200.76 -482.144 3944
2194.04 -482.144 3944
2187.31 -482.144 3944
2180.59 -482.144 3944
2173.87 -482.144 3944
2162.2 -481.044 3935
2155.49 -481.044 3935
2133.49 -477.621 3907
2126.83 -477.621 3907
2120.17 -477.621 3907
2123.25 -479.821 3925
2116.56 -479.821 3925
2109.87 -479.821 3925
2103.17 -479.821 3925
2077.25 -475.42 3889
250.615 -67.4806 552
249.674 -67.4806 552
248.733 -67.4806 552
246.404 -67.3584 551
245.91 -67.4806 552
244.969 -67.4806 552
244.028 -67.4806 552
242.646 -67.3584 551
241.707 -67.3584 551
240.768 -67.3584 551
239.828 -67.3584 551
238.889 -67.3584 551
237.95 -67.3584 551
237.011 -67.3584 551
236.071 -67.3584 551
235.132 -67.3584 551
234.618 -67.4806 552
233.677 -67.4806 552
233.157 -67.6029 553
232.214 -67.6029 553
231.272 -67.6029 553
231.162 -67.8473 555
231.046 -68.0918 557
231.335 -68.4586 560
230.381 -68.4586 560
229.426 -68.4586 560
228.471 -68.4586 560
227.517 -68.4586 560
226.562 -68.4586 560
225.607 -68.4586 560
224.653 -68.4586 560
223.698 -68.4586 560
222.743 -68.4586 560
221.789 -68.4586 560
220.834 -68.4586 560
219.879 -68.4586 560
218.925 -68.4586 560
217.581 -68.3363 559
216.24 -68.2141 558
215.289 -68.2141 558
214.338 -68.2141 558
213.387 -68.2141 558
212.435 -68.2141 558
211.484 -68.2141 558
210.533 -68.2141 558
208.83 -67.9696 556
207.883 -67.9696 556
207.307 -68.0918 557
206.357 -68.0918 557
205.408 -68.0918 557
204.825 -68.2141 558
203.874 -68.2141 558
202.923 -68.2141 558
201.972 -68.2141 558
200.66 -68.0918 557
199.711 -68.0918 557
198.761 -68.0918 557
198.167 -68.2141 558
197.215 -68.2141 558
196.616 -68.3363 559
195.663 -68.3363 559
194.71 -68.3363 559
193.757 -68.3363 559
192.804 -68.3363 559
191.508 -68.2141 558
190.215 -68.0918 557
188.246 -67.7251 554
187.302 -67.7251 554
186.021 -67.6029 553
185.078 -67.6029 553
184.135 -67.6029 553
183.193 -67.6029 553
181.92 -67.4806 552
104.877 -54.7669 448
104.113 -54.7669 448
103.349 -54.7669 448
102.586 -54.7669 448
101.822 -54.7669 448
100.833 -54.6446 447
100.071 -54.6446 447
99.3086 -54.6446 447
98.5466 -54.6446 447
97.7846 -54.6446 447
96.8055 -54.5224 446
96.0452 -54.5224 446
95.2849 -54.5224 446
94.3126 -54.4001 445
93.3438 -54.2779 444
92.3783 -54.1556 443
91.6231 -54.1556 443
90.8679 -54.1556 443
89.9093 -54.0334 442
88.9541 -53.9111 441
88.2023 -53.9111 441
87.4505 -53.9111 441
86.5021 -53.7889 440
85.5572 -53.6666 439
84.8088 -53.6666 439
84.0604 -53.6666 439
82.9324 -53.4221 437
81.6233 -53.0554 434
80.697 -52.9332 433
79.9589 -52.9332 433
79.0378 -52.8109 432
77.9388 -52.5664 430
77.2058 -52.5664 430
75.9392 -52.1997 427
75.2113 -52.1997 427
74.3089 -52.0774 426
73.5827 -52.0774 426
72.6854 -51.9552 425
71.9609 -51.9552 425
71.0688 -51.8329 424
70.1801 -51.7107 423
69.4589 -51.7107 423
68.7378 -51.7107 423
67.8559 -51.5884 422
62.9372 -51.0994 418
62.2247 -51.0994 418
61.5121 -51.0994 418
60.7995 -51.0994 418
60.0869 -51.0994 418
2176.26 -477.593 3853
2169.69 -477.593 3853
2163.12 -477.593 3853
2207.48 -488.873 3944
2200.76 -488.873 3944
2194.04 -488.873 3944
2187.31 -488.873 3944
2180.59 -488.873 3944
2173.87 -488.873 3944
2162.2 -487.757 3935
2155.49 -487.757 3935
2133.49 -484.287 3907
2126.83 -484.287 3907
2120.17 -484.287 3907
2123.25 -486.518 3925
2116.56 -486.518 3925
2109.87 -486.518 3925
2103.17 -486.518 3925
2077.25 -482.055 3889
2005.14 -466.809 3766
1998.72 -466.809 3766
251.556 -68.4224 552
250.615 -68.4224 552
249.674 -68.4224 552
248.733 -68.4224 552
247.343 -68.2984 551
246.404 -68.2984 551
245.464 -68.2984 551
244.525 -68.2984 551
243.144 -68.1745 550
242.206 -68.1745 550
241.268 -68.1745 550
239.894 -68.0505 549
238.958 -68.0505 549
238.022 -68.0505 549
237.086 -68.0505 549
236.15 -68.0505 549
235.214 -68.0505 549
234.705 -68.1745 550
233.768 -68.1745 550
232.83 -68.1745 550
232.736 -68.4224 552
232.214 -68.5463 553
231.272 -68.5463 553
230.329 -68.5463 553
230.631 -68.9182 556
230.096 -69.0421 557
229.146 -69.0421 557
228.197 -69.0421 557
227.247 -69.0421 557
226.298 -69.0421 557
225.348 -69.0421 557
224.399 -69.0421 557
223.449 -69.0421 557
222.899 -69.1661 558
221.948 -69.1661 558
220.997 -69.1661 558
220.045 -69.1661 558
219.094 -69.1661 558
218.143 -69.1661 558
217.192 -69.1661 558
215.853 -69.0421 557
214.903 -69.0421 557
213.954 -69.0421 557
213.004 -69.0421 557
212.055 -69.0421 557
211.105 -69.0421 557
209.778 -68.9182 556
208.83 -68.9182 556
207.883 -68.9182 556
207.307 -69.0421 557
206.357 -69.0421 557
205.408 -69.0421 557
204.825 -69.1661 558
203.874 -69.1661 558
202.923 -69.1661 558
201.972 -69.1661 558
200.66 -69.0421 557
199.711 -69.0421 557
198.761 -69.0421 557
198.167 -69.1661 558
197.215 -69.1661 558
196.616 -69.29 559
195.663 -69.29 559
194.71 -69.29 559
193.757 -69.29 559
192.804 -69.29 559
191.508 -69.1661 558
190.215 -69.0421 557
188.246 -68.6703 554
187.302 -68.6703 554
186.021 -68.5463 553
185.078 -68.5463 553
184.135 -68.5463 553
183.193 -68.5463 553
181.92 -68.4224 552
105.641 -55.5312 448
104.877 -55.5312 448
104.113 -55.5312 448
103.349 -55.5312 448
102.586 -55.5312 448
101.822 -55.5312 448
100.833 -55.4072 447
100.071 -55.4072 447
99.3086 -55.4072 447
98.5466 -55.4072 447
97.5658 -55.2833 446
96.8055 -55.2833 446
95.8298 -55.1593 445
95.0712 -55.1593 445
94.1007 -55.0354 444
93.3438 -55.0354 444
92.3783 -54.9114 443
91.6231 -54.9114 443
90.6628 -54.7875 442
89.7059 -54.6635 441
88.9541 -54.6635 441
88.0023 -54.5396 440
87.2522 -54.5396 440
86.3055 -54.4156 439
85.5572 -54.4156 439
84.6156 -54.2917 438
83.8689 -54.2917 438
82.7427 -54.0438 436
81.4352 -53.6719 433
80.5107 -53.5479 432
79.7742 -53.5479 432
78.8548 -53.424 431
77.9388 -53.3 430
77.2058 -53.3 430
75.9392 -52.9282 427
75.2113 -52.9282 427
74.3089 -52.8042 426
73.5827 -52.8042 426
72.6854 -52.6803 425
71.9609 -52.6803 425
71.0688 -52.5563 424
70.1801 -52.4324 423
69.4589 -52.4324 423
68.7378 -52.4324 423
67.8559 -52.3084 422
62.9372 -51.8126 418
62.2247 -51.8126 418
61.5121 -51.8126 418
60.7995 -51.8126 418
60.0869 -51.8126 418
2166.09 -481.905 3835
2159.55 -481.905 3835
2163.12 -484.167 3853
2156.55 -484.167 3853
2200.76 -495.602 3944
2194.04 -495.602 3944
2187.31 -495.602 3944
2160.13 -490.952 3907
2153.47 -490.952 3907
2146.81 -490.952 3907
2125.36 -487.56 3880
2118.75 -487.56 3880
2112.13 -487.56 3880
2105.52 -487.56 3880
2123.25 -493.214 3925
2116.56 -493.214 3925
2109.87 -493.214 3925
2103.17 -493.214 3925
2077.25 -488.69 3889
2005.14 -473.234 3766
1998.72 -473.234 3766
1987.53 -472.103 3757
252.497 -69.3641 552
251.556 -69.3641 552
250.615 -69.3641 552
249.674 -69.3641 552
248.733 -69.3641 552
247.343 -69.2385 551
245.957 -69.1128 550
245.019 -69.1128 550
244.081 -69.1128 550
242.702 -68.9872 549
241.766 -68.9872 549
240.83 -68.9872 549
239.894 -68.9872 549
238.523 -68.8615 548
237.589 -68.8615 548
236.654 -68.8615 548
235.72 -68.8615 548
234.786 -68.8615 548
234.278 -68.9872 549
233.343 -68.9872 549
232.407 -68.9872 549
231.892 -69.1128 550
230.955 -69.1128 550
230.017 -69.1128 550
230.631 -69.8668 556
229.683 -69.8668 556
228.735 -69.8668 556
227.787 -69.8668 556
226.839 -69.8668 556
225.892 -69.8668 556
224.944 -69.8668 556
224.399 -69.9924 557
223.449 -69.9924 557
222.5 -69.9924 557
221.55 -69.9924 557
220.601 -69.9924 557
219.651 -69.9924 557
218.701 -69.9924 557
217.752 -69.9924 557
216.802 -69.9924 557
215.465 -69.8668 556
214.517 -69.8668 556
213.57 -69.8668 556
212.622 -69.8668 556
211.674 -69.8668 556
210.726 -69.8668 556
209.778 -69.8668 556
208.83 -69.8668 556
207.509 -69.7411 555
206.935 -69.8668 556
205.987 -69.8668 556
205.039 -69.8668 556
204.091 -69.8668 556
203.143 -69.8668 556
202.196 -69.8668 556
201.248 -69.8668 556
200.3 -69.8668 556
199.352 -69.8668 556
198.404 -69.8668 556
197.456 -69.8668 556
196.508 -69.8668 556
195.561 -69.8668 556
194.613 -69.8668 556
193.665 -69.8668 556
192.717 -69.8668 556
191.769 -69.8668 556
190.135 -69.6155 554
189.191 -69.6155 554
187.567 -69.3641 552
186.626 -69.3641 552
185.348 -69.2385 551
184.409 -69.2385 551
183.47 -69.2385 551
182.53 -69.2385 551
106.404 -56.2955 448
105.641 -56.2955 448
104.877 -56.2955 448
104.113 -56.2955 448
103.349 -56.2955 448
102.586 -56.2955 448
101.822 -56.2955 448
100.833 -56.1699 447
100.071 -56.1699 447
99.3086 -56.1699 447
98.5466 -56.1699 447
97.5658 -56.0442 446
96.5885 -55.9186 445
95.8298 -55.9186 445
95.0712 -55.9186 445
94.1007 -55.7929 444
93.1335 -55.6672 443
92.1698 -55.5416 442
91.4163 -55.5416 442
90.6628 -55.5416 442
89.7059 -55.4159 441
88.7524 -55.2903 440
88.0023 -55.2903 440
87.2522 -55.2903 440
86.3055 -55.1646 439
85.3623 -55.0389 438
84.6156 -55.0389 438
83.8689 -55.0389 438
82.5529 -54.662 435
81.4352 -54.4106 433
80.3243 -54.1593 431
79.5895 -54.1593 431
78.6718 -54.0337 430
77.9388 -54.0337 430
77.0262 -53.908 429
75.9392 -53.6567 427
75.2113 -53.6567 427
74.3089 -53.531 426
73.5827 -53.531 426
72.6854 -53.4054 425
71.9609 -53.4054 425
71.0688 -53.2797 424
70.1801 -53.154 423
69.2947 -53.0284 422
68.5753 -53.0284 422
62.9372 -52.5257 418
62.2247 -52.5257 418
61.5121 -52.5257 418
60.7995 -52.5257 418
59.9431 -52.4001 417
2156.49 -486.283 3818
2149.98 -486.283 3818
2153.01 -488.448 3835
2146.48 -488.448 3835
2155 -491.887 3862
2148.42 -491.887 3862
2141.84 -491.887 3862
2135.25 -491.887 3862
2128.67 -491.887 3862
2088.02 -483.99 3800
2077.16 -482.971 3792
2065.78 -481.825 3783
2068.58 -483.99 3800
2062.11 -483.99 3800
2055.63 -483.99 3800
2049.15 -483.99 3800
2066.32 -489.594 3844
2059.77 -489.594 3844
2053.22 -489.594 3844
2005.14 -479.66 3766
1998.72 -479.66 3766
1987.53 -478.513 3757
253.412 -70.5606 554
252.467 -70.5606 554
251.523 -70.5606 554
249.674 -70.3059 552
248.733 -70.3059 552
247.343 -70.1786 551
245.957 -70.0512 550
245.019 -70.0512 550
244.081 -70.0512 550
243.144 -70.0512 550
241.766 -69.9238 549
240.83 -69.9238 549
239.894 -69.9238 549
238.523 -69.7964 548
237.589 -69.7964 548
236.654 -69.7964 548
235.72 -69.7964 548
234.786 -69.7964 548
234.278 -69.9238 549
233.343 -69.9238 549
232.407 -69.9238 549
231.471 -69.9238 549
229.683 -70.8154 556
228.735 -70.8154 556
227.787 -70.8154 556
226.839 -70.8154 556
225.892 -70.8154 556
224.944 -70.8154 556
223.996 -70.8154 556
223.048 -70.8154 556
222.1 -70.8154 556
221.152 -70.8154 556
220.204 -70.8154 556
219.257 -70.8154 556
218.309 -70.8154 556
217.361 -70.8154 556
216.413 -70.8154 556
215.078 -70.688 555
214.132 -70.688 555
212.801 -70.5606 554
211.857 -70.5606 554
210.913 -70.5606 554
209.968 -70.5606 554
209.024 -70.5606 554
208.079 -70.5606 554
207.135 -70.5606 554
206.19 -70.5606 554
205.246 -70.5606 554
204.301 -70.5606 554
203.357 -70.5606 554
202.413 -70.5606 554
201.468 -70.5606 554
200.524 -70.5606 554
199.579 -70.5606 554
198.635 -70.5606 554
197.69 -70.5606 554
196.746 -70.5606 554
195.802 -70.5606 554
194.857 -70.5606 554
193.563 -70.4333 553
192.62 -70.4333 553
191.677 -70.4333 553
190.735 -70.4333 553
189.449 -70.3059 552
188.166 -70.1786 551
186.887 -70.0512 550
185.949 -70.0512 550
184.675 -69.9238 549
183.405 -69.7964 548
182.471 -69.7964 548
181.536 -69.7964 548
107.691 -56.9325 447
106.929 -56.9325 447
106.404 -57.0599 448
105.641 -57.0599 448
104.877 -57.0599 448
104.113 -57.0599 448
103.349 -57.0599 448
102.586 -57.0599 448
101.822 -57.0599 448
100.833 -56.9325 447
100.071 -56.9325 447
99.0865 -56.8051 446
98.3261 -56.8051 446
97.5658 -56.8051 446
96.5885 -56.6778 445
95.6145 -56.5504 444
94.8576 -56.5504 444
94.1007 -56.5504 444
93.1335 -56.423 443
92.1698 -56.2957 442
91.4163 -56.2957 442
90.4577 -56.1683 441
89.7059 -56.1683 441
88.7524 -56.0409 440
87.8023 -55.9136 439
87.0539 -55.9136 439
86.3055 -55.9136 439
85.3623 -55.7862 438
84.4224 -55.6588 437
83.6774 -55.6588 437
82.5529 -55.4041 435
81.2471 -55.022 432
80.3243 -54.8947 431
79.5895 -54.8947 431
78.6718 -54.7673 430
77.9388 -54.7673 430
76.8466 -54.5126 428
75.9392 -54.3852 427
75.2113 -54.3852 427
74.3089 -54.2578 426
73.4099 -54.1305 425
72.6854 -54.1305 425
71.9609 -54.1305 425
70.9012 -53.8757 423
70.0141 -53.7484 422
69.1305 -53.621 421
2156.49 -492.796 3818
2149.98 -492.796 3818
2147.96 -493.829 3826
2141.44 -493.829 3826
2149.98 -497.314 3853
2143.41 -497.314 3853
2136.85 -497.314 3853
2130.28 -497.314 3853
2123.71 -497.314 3853
2112.2 -496.152 3844
2081.54 -490.473 3800
2075.06 -490.473 3800
2068.58 -490.473 3800
2048 -487.117 3774
2046.43 -488.279 3783
2044.84 -489.441 3792
2038.37 -489.441 3792
2031.91 -489.441 3792
2025.44 -489.441 3792
2000.34 -484.923 3757
1993.94 -484.923 3757
1987.53 -484.923 3757
253.412 -71.5058 554
252.467 -71.5058 554
251.523 -71.5058 554
249.674 -71.2477 552
248.282 -71.1186 551
247.343 -71.1186 551
245.957 -70.9895 550
245.019 -70.9895 550
244.081 -70.9895 550
243.144 -70.9895 550
241.766 -70.8605 549
240.83 -70.8605 549
239.457 -70.7314 548
238.523 -70.7314 548
237.589 -70.7314 548
236.654 -70.7314 548
235.72 -70.7314 548
234.786 -70.7314 548
234.278 -70.8605 549
233.343 -70.8605 549
232.407 -70.8605 549
231.471 -70.8605 549
229.683 -71.764 556
228.735 -71.764 556
227.787 -71.764 556
226.839 -71.764 556
225.892 -71.764 556
224.944 -71.764 556
223.996 -71.764 556
223.048 -71.764 556
222.1 -71.764 556
221.152 -71.764 556
220.204 -71.764 556
219.257 -71.764 556
218.309 -71.764 556
217.361 -71.764 556
216.413 -71.764 556
215.078 -71.6349 555
214.132 -71.6349 555
212.801 -71.5058 554
211.857 -71.5058 554
210.913 -71.5058 554
209.968 -71.5058 554
209.024 -71.5058 554
207.704 -71.3768 553
206.387 -71.2477 552
205.818 -71.3768 553
204.875 -71.3768 553
203.933 -71.3768 553
202.99 -71.3768 553
202.047 -71.3768 553
201.105 -71.3768 553
200.162 -71.3768 553
199.219 -71.3768 553
198.276 -71.3768 553
197.334 -71.3768 553
196.391 -71.3768 553
195.448 -71.3768 553
194.505 -71.3768 553
193.563 -71.3768 553
192.272 -71.2477 552
191.331 -71.2477 552
190.39 -71.2477 552
189.105 -71.1186 551
187.825 -70.9895 550
186.547 -70.8605 549
185.611 -70.8605 549
184.003 -70.6023 547
183.07 -70.6023 547
182.138 -70.6023 547
107.691 -57.6951 447
106.929 -57.6951 447
106.404 -57.8242 448
105.641 -57.8242 448
104.877 -57.8242 448
104.113 -57.8242 448
103.349 -57.8242 448
102.586 -57.8242 448
101.822 -57.8242 448
100.833 -57.6951 447
100.071 -57.6951 447
99.0865 -57.5661 446
98.3261 -57.5661 446
97.5658 -57.5661 446
96.5885 -57.437 445
95.6145 -57.3079 444
94.8576 -57.3079 444
94.1007 -57.3079 444
93.1335 -57.1788 443
92.1698 -57.0498 442
91.4163 -57.0498 442
90.4577 -56.9207 441
89.7059 -56.9207 441
88.7524 -56.7916 440
87.8023 -56.6626 439
87.0539 -56.6626 439
86.3055 -56.6626 439
85.3623 -56.5335 438
84.4224 -56.4044 437
83.6774 -56.4044 437
82.5529 -56.1463 435
81.2471 -55.7591 432
80.3243 -55.63 431
79.5895 -55.63 431
78.6718 -55.5009 430
77.9388 -55.5009 430
76.6671 -55.1137 427
75.7613 -54.9846 426
75.0351 -54.9846 426
74.3089 -54.9846 426
73.4099 -54.8556 425
72.5144 -54.7265 424
71.7916 -54.7265 424
70.9012 -54.5974 423
70.0141 -54.4683 422
69.1305 -54.3393 421
2156.49 -499.31 3818
2149.98 -499.31 3818
2147.96 -500.357 3826
2141.44 -500.357 3826
2149.98 -503.888 3853
2143.41 -503.888 3853
2136.85 -503.888 3853
2130.28 -503.888 3853
2123.71 -503.888 3853
2112.2 -502.711 3844
2091.4 -499.31 3818
2084.89 -499.31 3818
2078.38 -499.31 3818
2062.11 -496.956 3800
2046.43 -494.733 3783
2039.98 -494.733 3783
2047.51 -498.133 3809
2041.02 -498.133 3809
2034.52 -498.133 3809
2000.34 -491.333 3757
1993.94 -491.333 3757
1987.53 -491.333 3757
256.683 -72.8433 557
255.734 -72.8433 557
254.784 -72.8433 557
253.379 -72.7126 556
252.431 -72.7126 556
250.579 -72.451 554
248.733 -72.1895 552
247.343 -72.0587 551
246.404 -72.0587 551
245.019 -71.9279 550
244.081 -71.9279 550
243.144 -71.9279 550
241.766 -71.7971 549
240.83 -71.7971 549
239.457 -71.6663 548
238.523 -71.6663 548
237.155 -71.5356 547
236.222 -71.5356 547
235.29 -71.5356 547
234.357 -71.5356 547
233.852 -71.6663 548
232.917 -71.6663 548
231.983 -71.6663 548
228.857 -72.451 554
227.912 -72.451 554
227.378 -72.5818 555
226.431 -72.5818 555
225.485 -72.5818 555
224.539 -72.5818 555
223.593 -72.5818 555
222.647 -72.5818 555
222.1 -72.7126 556
221.152 -72.7126 556
220.204 -72.7126 556
218.862 -72.5818 555
217.916 -72.5818 555
216.97 -72.5818 555
215.635 -72.451 554
214.69 -72.451 554
213.746 -72.451 554
212.417 -72.3202 553
211.475 -72.3202 553
210.532 -72.3202 553
209.589 -72.3202 553
208.646 -72.3202 553
207.704 -72.3202 553
206.387 -72.1895 552
205.818 -72.3202 553
204.875 -72.3202 553
203.933 -72.3202 553
202.99 -72.3202 553
202.047 -72.3202 553
201.105 -72.3202 553
200.162 -72.3202 553
199.219 -72.3202 553
198.276 -72.3202 553
197.334 -72.3202 553
196.391 -72.3202 553
195.448 -72.3202 553
194.505 -72.3202 553
193.563 -72.3202 553
192.272 -72.1895 552
191.331 -72.1895 552
190.39 -72.1895 552
189.105 -72.0587 551
187.825 -71.9279 550
186.547 -71.7971 549
185.611 -71.7971 549
184.003 -71.5356 547
183.07 -71.5356 547
182.138 -71.5356 547
175.905 -69.4431 531
110.739 -58.4578 447
109.977 -58.4578 447
109.215 -58.4578 447
108.453 -58.4578 447
107.691 -58.4578 447
106.929 -58.4578 447
106.404 -58.5885 448
105.641 -58.5885 448
104.877 -58.5885 448
104.113 -58.5885 448
103.349 -58.5885 448
102.357 -58.4578 447
101.595 -58.4578 447
100.833 -58.4578 447
99.8468 -58.327 446
99.0865 -58.327 446
98.3261 -58.327 446
97.3471 -58.1962 445
96.3714 -58.0654 444
95.6145 -58.0654 444
94.8576 -58.0654 444
93.8887 -57.9346 443
92.9233 -57.8039 442
91.9613 -57.6731 441
91.2095 -57.6731 441
90.4577 -57.6731 441
89.5025 -57.5423 440
88.5507 -57.4115 439
87.8023 -57.4115 439
87.0539 -57.4115 439
86.1089 -57.2808 438
85.3623 -57.2808 438
84.036 -56.8884 435
83.2944 -56.8884 435
82.3631 -56.7576 434
81.2471 -56.4961 432
80.1379 -56.2345 430
79.2202 -56.1038 429
78.4889 -56.1038 429
77.5763 -55.973 428
76.6671 -55.8422 427
75.9392 -55.8422 427
75.2113 -55.8422 427
74.3089 -55.7114 426
73.4099 -55.5806 425
72.5144 -55.4499 424
71.7916 -55.4499 424
70.9012 -55.3191 423
70.0141 -55.1883 422
69.1305 -55.0575 421
2156.49 -505.824 3818
2149.98 -505.824 3818
2147.96 -506.884 3826
2141.44 -506.884 3826
2149.98 -510.461 3853
2143.41 -510.461 3853
2136.85 -510.461 3853
2130.28 -510.461 3853
2123.71 -510.461 3853
2112.2 -509.269 3844
2091.4 -505.824 3818
2084.89 -505.824 3818
2078.38 -505.824 3818
2062.11 -503.44 3800
2046.43 -501.187 3783
2039.98 -501.187 3783
2052.35 -505.824 3818
2045.84 -505.824 3818
2039.33 -505.824 3818
2000.34 -497.743 3757
1993.94 -497.743 3757
1987.53 -497.743 3757
275.793 -75.3835 569
274.823 -75.3835 569
273.853 -75.3835 569
272.883 -75.3835 569
271.435 -75.251 568
270.467 -75.251 568
256.683 -73.7936 557
255.734 -73.7936 557
254.784 -73.7936 557
253.379 -73.6612 556
252.431 -73.6612 556
250.579 -73.3962 554
248.733 -73.1312 552
247.343 -72.9987 551
246.404 -72.9987 551
245.019 -72.8663 550
244.081 -72.8663 550
243.144 -72.8663 550
241.325 -72.6013 548
240.391 -72.6013 548
239.02 -72.4688 547
238.087 -72.4688 547
236.721 -72.3363 546
235.791 -72.3363 546
234.43 -72.2038 545
233.501 -72.2038 545
232.571 -72.2038 545
231.642 -72.2038 545
230.713 -72.2038 545
228.857 -73.3962 554
227.912 -73.3962 554
226.968 -73.3962 554
226.023 -73.3962 554
225.079 -73.3962 554
223.73 -73.2637 553
223.19 -73.3962 554
222.246 -73.3962 554
221.301 -73.3962 554
220.357 -73.3962 554
219.412 -73.3962 554
218.468 -73.3962 554
217.524 -73.3962 554
216.579 -73.3962 554
215.245 -73.2637 553
214.303 -73.2637 553
213.36 -73.2637 553
212.033 -73.1312 552
211.092 -73.1312 552
210.151 -73.1312 552
209.21 -73.1312 552
208.269 -73.1312 552
207.328 -73.1312 552
206.387 -73.1312 552
205.446 -73.1312 552
204.505 -73.1312 552
203.564 -73.1312 552
202.99 -73.2637 553
202.047 -73.2637 553
201.105 -73.2637 553
200.162 -73.2637 553
199.219 -73.2637 553
198.276 -73.2637 553
197.334 -73.2637 553
196.391 -73.2637 553
195.095 -73.1312 552
194.154 -73.1312 552
193.213 -73.1312 552
192.272 -73.1312 552
190.984 -72.9987 551
190.045 -72.9987 551
188.762 -72.8663 550
187.483 -72.7338 549
185.188 -72.2038 545
183.583 -71.9389 543
182.657 -71.9389 543
181.397 -71.8064 542
180.473 -71.8064 542
175.905 -70.3491 531
110.739 -59.2204 447
109.977 -59.2204 447
109.215 -59.2204 447
108.453 -59.2204 447
107.691 -59.2204 447
106.929 -59.2204 447
106.167 -59.2204 447
105.405 -59.2204 447
104.643 -59.2204 447
103.881 -59.2204 447
103.119 -59.2204 447
102.357 -59.2204 447
101.595 -59.2204 447
100.607 -59.0879 446
99.8468 -59.0879 446
98.8643 -58.9554 445
98.1057 -58.9554 445
97.1283 -58.8229 444
96.3714 -58.8229 444
95.3991 -58.6905 443
94.6439 -58.6905 443
93.6768 -58.558 442
92.7131 -58.4255 441
91.9613 -58.4255 441
91.2095 -58.4255 441
90.4577 -58.4255 441
89.5025 -58.293 440
88.5507 -58.1605 439
87.6023 -58.028 438
86.8556 -58.028 438
86.1089 -58.028 438
85.1674 -57.8955 437
84.036 -57.6306 435
83.2944 -57.6306 435
82.3631 -57.4981 434
81.2471 -57.2331 432
79.9516 -56.8357 429
79.0355 -56.7032 428
78.3059 -56.7032 428
77.5763 -56.7032 428
76.6671 -56.5707 427
75.9392 -56.5707 427
75.2113 -56.5707 427
74.3089 -56.4382 426
73.4099 -56.3057 425
72.5144 -56.1733 424
71.7916 -56.1733 424
70.9012 -56.0408 423
70.0141 -55.9083 422
2143.47 -512.338 3818
2141.44 -513.412 3826
2144.96 -515.827 3844
2138.41 -515.827 3844
2131.85 -515.827 3844
2125.3 -515.827 3844
2118.75 -515.827 3844
2102.3 -513.412 3826
2095.78 -513.412 3826
2089.26 -513.412 3826
2082.74 -513.412 3826
2071.87 -512.338 3818
2055.63 -509.923 3800
2049.15 -509.923 3800
2052.35 -512.338 3818
2045.84 -512.338 3818
2039.33 -512.338 3818
2000.34 -504.153 3757
1993.94 -504.153 3757
275.793 -76.3542 569
274.823 -76.3542 569
273.853 -76.3542 569
272.883 -76.3542 569
271.435 -76.22 568
270.467 -76.22 568
256.683 -74.7439 557
255.734 -74.7439 557
254.784 -74.7439 557
253.379 -74.6097 556
252.431 -74.6097 556
250.579 -74.3414 554
248.733 -74.073 552
247.343 -73.9388 551
246.404 -73.9388 551
245.019 -73.8046 550
244.081 -73.8046 550
243.144 -73.8046 550
241.325 -73.5362 548
240.391 -73.5362 548
239.02 -73.402 547
238.087 -73.402 547
236.721 -73.2678 546
235.791 -73.2678 546
234.43 -73.1337 545
233.501 -73.1337 545
232.571 -73.1337 545
231.642 -73.1337 545
230.713 -73.1337 545
228.444 -74.2072 553
227.501 -74.2072 553
226.558 -74.2072 553
225.615 -74.2072 553
224.673 -74.2072 553
223.73 -74.2072 553
222.787 -74.2072 553
221.844 -74.2072 553
220.902 -74.2072 553
219.959 -74.2072 553
219.016 -74.2072 553
218.074 -74.2072 553
217.131 -74.2072 553
216.188 -74.2072 553
214.856 -74.073 552
213.915 -74.073 552
212.974 -74.073 552
211.649 -73.9388 551
210.71 -73.9388 551
209.77 -73.9388 551
208.831 -73.9388 551
207.892 -73.9388 551
206.952 -73.9388 551
206.013 -73.9388 551
205.074 -73.9388 551
204.134 -73.9388 551
203.195 -73.9388 551
202.623 -74.073 552
201.682 -74.073 552
200.741 -74.073 552
199.8 -74.073 552
198.859 -74.073 552
197.918 -74.073 552
196.977 -74.073 552
196.036 -74.073 552
195.095 -74.073 552
194.154 -74.073 552
192.863 -73.9388 551
191.923 -73.9388 551
190.637 -73.8046 550
189.7 -73.8046 550
188.419 -73.6704 549
185.434 -72.8653 543
183.829 -72.5969 541
181.892 -72.1943 538
180.975 -72.1943 538
179.389 -71.9259 536
178.142 -71.7918 535
175.905 -71.255 531
110.739 -59.983 447
109.977 -59.983 447
109.215 -59.983 447
108.453 -59.983 447
107.691 -59.983 447
106.929 -59.983 447
106.167 -59.983 447
105.405 -59.983 447
104.643 -59.983 447
103.881 -59.983 447
103.119 -59.983 447
102.357 -59.983 447
101.595 -59.983 447
100.607 -59.8488 446
99.6229 -59.7146 445
98.8643 -59.7146 445
98.1057 -59.7146 445
97.1283 -59.5804 444
96.1544 -59.4463 443
95.1838 -59.3121 442
94.4303 -59.3121 442
93.6768 -59.3121 442
92.7131 -59.1779 441
91.9613 -59.1779 441
91.2095 -59.1779 441
90.4577 -59.1779 441
89.5025 -59.0437 440
88.5507 -58.9095 439
87.8023 -58.9095 439
86.8556 -58.7753 438
86.1089 -58.7753 438
85.1674 -58.6411 437
84.036 -58.3727 435
83.2944 -58.3727 435
82.1733 -58.1044 433
81.059 -57.836 431
79.9516 -57.5676 429
79.0355 -57.4334 428
78.3059 -57.4334 428
77.5763 -57.4334 428
76.6671 -57.2992 427
75.9392 -57.2992 427
75.2113 -57.2992 427
74.3089 -57.165 426
73.4099 -57.0308 425
72.5144 -56.8966 424
71.7916 -56.8966 424
70.9012 -56.7625 423
2136.96 -518.852 3818
2130.45 -518.852 3818
2123.94 -518.852 3818
2112.44 -517.629 3809
2110.93 -518.852 3818
2108.83 -519.939 3826
2102.3 -519.939 3826
2095.78 -519.939 3826
2089.26 -519.939 3826
2082.74 -519.939 3826
2071.87 -518.852 3818
2055.63 -516.406 3800
2049.15 -516.406 3800
2052.35 -518.852 3818
2045.84 -518.852 3818
2039.33 -518.852 3818
275.793 -77.325 569
274.823 -77.325 569
273.853 -77.325 569
272.883 -77.325 569
271.435 -77.1891 568
270.467 -77.1891 568
256.683 -75.6942 557
255.734 -75.6942 557
254.784 -75.6942 557
252.467 -75.2866 554
251.523 -75.2866 554
250.579 -75.2866 554
248.733 -75.0148 552
246.894 -74.743 550
245.957 -74.743 550
244.573 -74.6071 549
243.194 -74.4712 548
241.817 -74.3353 547
240.004 -74.0635 545
239.075 -74.0635 545
237.272 -73.7917 543
236.346 -73.7917 543
235.421 -73.7917 543
234.495 -73.7917 543
233.569 -73.7917 543
232.644 -73.7917 543
231.718 -73.7917 543
230.792 -73.7917 543
229.867 -73.7917 543
228.444 -75.1507 553
227.501 -75.1507 553
226.558 -75.1507 553
225.615 -75.1507 553
224.673 -75.1507 553
223.73 -75.1507 553
222.787 -75.1507 553
221.844 -75.1507 553
220.902 -75.1507 553
219.959 -75.1507 553
219.016 -75.1507 553
218.074 -75.1507 553
217.131 -75.1507 553
216.188 -75.1507 553
214.856 -75.0148 552
213.915 -75.0148 552
212.974 -75.0148 552
211.649 -74.8789 551
210.71 -74.8789 551
209.77 -74.8789 551
208.831 -74.8789 551
207.892 -74.8789 551
206.952 -74.8789 551
205.265 -74.6071 549
204.702 -74.743 550
203.764 -74.743 550
202.826 -74.743 550
201.889 -74.743 550
200.951 -74.743 550
200.014 -74.743 550
199.076 -74.743 550
198.138 -74.743 550
197.201 -74.743 550
196.263 -74.743 550
195.326 -74.743 550
194.034 -74.6071 549
193.45 -74.743 550
192.513 -74.743 550
191.575 -74.743 550
188.211 -73.7917 543
187.285 -73.7917 543
186.36 -73.7917 543
184.068 -73.2481 539
182.809 -73.1122 538
180.878 -72.7045 535
179.966 -72.7045 535
178.05 -72.2968 532
176.81 -72.1609 531
175.905 -72.1609 531
110.739 -60.7456 447
109.977 -60.7456 447
109.215 -60.7456 447
108.453 -60.7456 447
107.691 -60.7456 447
106.929 -60.7456 447
106.167 -60.7456 447
105.405 -60.7456 447
104.643 -60.7456 447
103.881 -60.7456 447
103.119 -60.7456 447
102.128 -60.6098 446
101.367 -60.6098 446
100.607 -60.6098 446
99.6229 -60.4739 445
98.8643 -60.4739 445
98.1057 -60.4739 445
97.1283 -60.338 444
96.1544 -60.2021 443
95.1838 -60.0662 442
94.4303 -60.0662 442
93.6768 -60.0662 442
92.7131 -59.9303 441
91.9613 -59.9303 441
91.2095 -59.9303 441
90.4577 -59.9303 441
89.5025 -59.7944 440
88.5507 -59.6585 439
87.8023 -59.6585 439
86.8556 -59.5226 438
86.1089 -59.5226 438
85.1674 -59.3867 437
84.036 -59.1149 435
83.2944 -59.1149 435
82.1733 -58.8431 433
81.059 -58.5713 431
80.1379 -58.4354 430
79.4049 -58.4354 430
78.4889 -58.2995 429
77.5763 -58.1636 428
76.8466 -58.1636 428
75.9392 -58.0277 427
75.2113 -58.0277 427
74.4833 -58.0277 427
73.4099 -57.7559 425
2136.96 -525.366 3818
2130.45 -525.366 3818
2123.94 -525.366 3818
2112.44 -524.128 3809
2110.93 -525.366 3818
2108.83 -526.467 3826
2102.3 -526.467 3826
2095.78 -526.467 3826
2089.26 -526.467 3826
2082.74 -526.467 3826
2071.87 -525.366 3818
2055.63 -522.889 3800
2049.15 -522.889 3800
2042.67 -522.889 3800
2036.19 -522.889 3800
275.79 -78.0206 567
275.793 -78.2958 569
274.823 -78.2958 569
273.853 -78.2958 569
272.404 -78.1582 568
271.435 -78.1582 568
270.467 -78.1582 568
268.075 -77.7454 565
257.17 -76.5069 556
256.222 -76.5069 556
255.275 -76.5069 556
253.412 -76.2317 554
252.467 -76.2317 554
251.523 -76.2317 554
249.674 -75.9565 552
248.282 -75.8189 551
246.445 -75.5437 549
245.062 -75.4061 548
244.128 -75.4061 548
242.75 -75.2685 547
240.933 -74.9933 545
239.123 -74.7181 543
238.198 -74.7181 543
237.272 -74.7181 543
236.346 -74.7181 543
235.421 -74.7181 543
234.495 -74.7181 543
233.139 -74.5805 542
232.215 -74.5805 542
231.291 -74.5805 542
230.367 -74.5805 542
229.443 -74.5805 542
228.519 -74.5805 542
228.444 -76.0941 553
227.501 -76.0941 553
226.558 -76.0941 553
225.615 -76.0941 553
224.673 -76.0941 553
223.325 -75.9565 552
222.384 -75.9565 552
221.443 -75.9565 552
220.502 -75.9565 552
219.561 -75.9565 552
218.62 -75.9565 552
217.679 -75.9565 552
216.738 -75.9565 552
215.797 -75.9565 552
214.856 -75.9565 552
213.528 -75.8189 551
212.588 -75.8189 551
211.649 -75.8189 551
210.71 -75.8189 551
209.77 -75.8189 551
208.831 -75.8189 551
207.514 -75.6813 550
206.577 -75.6813 550
205.265 -75.5437 549
204.702 -75.6813 550
203.764 -75.6813 550
202.826 -75.6813 550
201.889 -75.6813 550
200.951 -75.6813 550
200.014 -75.6813 550
199.076 -75.6813 550
198.138 -75.6813 550
197.201 -75.6813 550
196.263 -75.6813 550
195.326 -75.6813 550
194.034 -75.5437 549
193.45 -75.6813 550
192.513 -75.6813 550
191.575 -75.6813 550
188.211 -74.7181 543
187.285 -74.7181 543
186.36 -74.7181 543
184.068 -74.1677 539
182.809 -74.0301 538
180.878 -73.6173 535
179.966 -73.6173 535
178.05 -73.2045 532
176.81 -73.0669 531
175.905 -73.0669 531
110.739 -61.5083 447
109.977 -61.5083 447
109.215 -61.5083 447
108.453 -61.5083 447
107.691 -61.5083 447
106.929 -61.5083 447
106.167 -61.5083 447
105.405 -61.5083 447
104.643 -61.5083 447
103.881 -61.5083 447
103.119 -61.5083 447
102.128 -61.3707 446
101.367 -61.3707 446
100.607 -61.3707 446
99.6229 -61.2331 445
98.6421 -61.0955 444
97.8852 -61.0955 444
96.9096 -60.9579 443
96.1544 -60.9579 443
95.1838 -60.8203 442
94.4303 -60.8203 442
93.4649 -60.6827 441
92.7131 -60.6827 441
91.9613 -60.6827 441
91.2095 -60.6827 441
90.2526 -60.5451 440
89.5025 -60.5451 440
88.5507 -60.4075 439
87.8023 -60.4075 439
86.8556 -60.2699 438
85.9123 -60.1322 437
85.1674 -60.1322 437
84.036 -59.857 435
83.2944 -59.857 435
82.1733 -59.5818 433
81.059 -59.3066 431
80.1379 -59.169 430
79.4049 -59.169 430
78.4889 -59.0314 429
77.5763 -58.8938 428
76.8466 -58.8938 428
75.9392 -58.7562 427
75.2113 -58.7562 427
74.4833 -58.7562 427
73.4099 -58.481 425
2093.03 -525.75 3774
2086.6 -525.75 3774
2104.42 -531.88 3818
2097.91 -531.88 3818
2095.78 -532.994 3826
2089.26 -532.994 3826
2082.74 -532.994 3826
2066.99 -530.626 3809
2055.63 -529.372 3800
2049.15 -529.372 3800
2042.67 -529.372 3800
277.234 -78.8486 566
276.269 -78.8486 566
275.79 -78.9879 567
275.793 -79.2665 569
274.823 -79.2665 569
273.853 -79.2665 569
272.404 -79.1272 568
271.435 -79.1272 568
270.467 -79.1272 568
268.075 -78.7093 565
264.716 -78.57 564
263.755 -78.57 564
262.793 -78.57 564
261.368 -78.4307 563
260.408 -78.4307 563
259.448 -78.4307 563
256.652 -77.8735 559
253.412 -77.1769 554
252.012 -77.0376 553
251.069 -77.0376 553
249.674 -76.8983 552
247.832 -76.6197 550
245.996 -76.3411 548
245.062 -76.3411 548
243.682 -76.2018 547
241.862 -75.9231 545
240.049 -75.6445 543
238.683 -75.5052 542
237.759 -75.5052 542
236.835 -75.5052 542
235.911 -75.5052 542
234.987 -75.5052 542
234.063 -75.5052 542
233.139 -75.5052 542
232.215 -75.5052 542
231.291 -75.5052 542
230.367 -75.5052 542
229.443 -75.5052 542
229.363 -75.7838 544
228.855 -75.9231 545
227.926 -75.9231 545
226.997 -75.9231 545
226.068 -75.9231 545
227.204 -76.6197 550
226.267 -76.6197 550
225.739 -76.759 551
224.799 -76.759 551
223.86 -76.759 551
222.921 -76.759 551
221.981 -76.759 551
221.042 -76.759 551
220.103 -76.759 551
219.164 -76.759 551
218.224 -76.759 551
217.285 -76.759 551
216.346 -76.759 551
215.406 -76.759 551
214.467 -76.759 551
213.528 -76.759 551
212.588 -76.759 551
211.265 -76.6197 550
209.945 -76.4804 549
209.009 -76.4804 549
208.073 -76.4804 549
207.137 -76.4804 549
205.826 -76.3411 548
204.518 -76.2018 547
203.585 -76.2018 547
202.653 -76.2018 547
201.72 -76.2018 547
201.155 -76.3411 548
200.22 -76.3411 548
199.286 -76.3411 548
198.352 -76.3411 548
197.058 -76.2018 547
196.125 -76.2018 547
194.836 -76.0624 546
193.55 -75.9231 545
192.267 -75.7838 544
190.988 -75.6445 543
190.063 -75.6445 543
188.092 -75.2266 540
184.745 -74.2514 533
184.526 -74.5301 535
183.614 -74.5301 535
182.702 -74.5301 535
181.79 -74.5301 535
179.864 -74.1121 532
178.957 -74.1121 532
177.715 -73.9728 531
176.477 -73.8335 530
175.242 -73.6942 529
111.501 -62.2709 447
110.739 -62.2709 447
109.977 -62.2709 447
109.215 -62.2709 447
108.453 -62.2709 447
107.691 -62.2709 447
106.929 -62.2709 447
106.167 -62.2709 447
105.405 -62.2709 447
104.643 -62.2709 447
103.881 -62.2709 447
102.888 -62.1316 446
102.128 -62.1316 446
101.367 -62.1316 446
100.382 -61.9923 445
99.399 -61.853 444
98.6421 -61.853 444
97.8852 -61.853 444
96.9096 -61.7137 443
95.9373 -61.5744 442
94.9685 -61.4351 441
94.2167 -61.4351 441
93.4649 -61.4351 441
92.5028 -61.2957 440
91.7527 -61.2957 440
91.0027 -61.2957 440
90.2526 -61.2957 440
89.5025 -61.2957 440
88.349 -61.0171 438
87.6023 -61.0171 438
86.8556 -61.0171 438
85.9123 -60.8778 437
84.9725 -60.7385 436
84.036 -60.5992 435
83.2944 -60.5992 435
82.1733 -60.3206 433
81.2471 -60.1813 432
80.1379 -59.9027 430
79.4049 -59.9027 430
78.4889 -59.7634 429
77.7575 -59.7634 429
76.8466 -59.624 428
76.117 -59.624 428
75.3874 -59.624 428
74.4833 -59.4847 427
277.234 -79.8143 566
276.269 -79.8143 566
275.79 -79.9553 567
274.824 -79.9553 567
273.857 -79.9553 567
272.409 -79.8143 566
271.444 -79.8143 566
270.48 -79.8143 566
269.515 -79.8143 566
268.075 -79.6733 565
264.716 -79.5322 564
263.755 -79.5322 564
262.793 -79.5322 564
261.368 -79.3912 563
260.408 -79.3912 563
259.448 -79.3912 563
257.111 -78.9682 560
253.869 -78.2631 555
252.012 -77.9811 553
251.069 -77.9811 553
249.674 -77.8401 552
247.832 -77.558 550
245.996 -77.276 548
245.062 -77.276 548
243.682 -77.135 547
241.862 -76.853 545
240.049 -76.5709 543
238.683 -76.4299 542
237.759 -76.4299 542
236.835 -76.4299 542
235.911 -76.4299 542
234.987 -76.4299 542
234.063 -76.4299 542
233.139 -76.4299 542
232.215 -76.4299 542
231.291 -76.4299 542
230.792 -76.5709 543
229.867 -76.5709 543
229.784 -76.853 545
228.855 -76.853 545
227.926 -76.853 545
227.83 -77.135 547
227.727 -77.417 549
227.204 -77.558 550
226.267 -77.558 550
225.329 -77.558 550
224.391 -77.558 550
223.454 -77.558 550
222.516 -77.558 550
221.981 -77.6991 551
221.042 -77.6991 551
220.103 -77.6991 551
219.164 -77.6991 551
217.828 -77.558 550
216.891 -77.558 550
215.953 -77.558 550
215.015 -77.558 550
214.078 -77.558 550
213.14 -77.558 550
212.203 -77.558 550
210.881 -77.417 549
209.945 -77.417 549
208.628 -77.276 548
207.694 -77.276 548
206.76 -77.276 548
205.45 -77.135 547
203.77 -76.853 545
202.841 -76.853 545
201.912 -76.853 545
200.983 -76.853 545
200.421 -76.994 546
199.49 -76.994 546
198.559 -76.994 546
197.628 -76.994 546
195.977 -76.712 544
195.049 -76.712 544
194.122 -76.712 544
192.84 -76.5709 543
191.914 -76.5709 543
190.285 -76.2889 541
189.362 -76.2889 541
188.092 -76.1479 540
184.745 -75.1608 533
183.836 -75.1608 533
182.928 -75.1608 533
182.019 -75.1608 533
180.771 -75.0198 532
179.188 -74.7377 530
178.284 -74.7377 530
177.381 -74.7377 530
176.144 -74.5967 529
175.242 -74.5967 529
111.501 -63.0335 447
110.739 -63.0335 447
109.977 -63.0335 447
109.215 -63.0335 447
108.453 -63.0335 447
107.691 -63.0335 447
106.929 -63.0335 447
106.167 -63.0335 447
105.405 -63.0335 447
104.643 -63.0335 447
103.881 -63.0335 447
102.888 -62.8925 446
102.128 -62.8925 446
101.367 -62.8925 446
100.382 -62.7515 445
99.399 -62.6105 444
98.42 -62.4695 443
97.6648 -62.4695 443
96.9096 -62.4695 443
95.9373 -62.3285 442
94.9685 -62.1874 441
94.2167 -62.1874 441
93.4649 -62.1874 441
92.5028 -62.0464 440
91.7527 -62.0464 440
91.0027 -62.0464 440
83.4565 -60.9183 432
82.72 -60.9183 432
81.9836 -60.9183 432
81.2471 -60.9183 432
80.1379 -60.6363 430
79.4049 -60.6363 430
78.4889 -60.4953 429
77.7575 -60.4953 429
76.8466 -60.3543 428
76.117 -60.3543 428
75.3874 -60.3543 428
277.724 -80.9226 567
276.757 -80.9226 567
275.79 -80.9226 567
274.339 -80.7799 566
273.374 -80.7799 566
272.409 -80.7799 566
271.444 -80.7799 566
270.002 -80.6372 565
269.039 -80.6372 565
268.075 -80.6372 565
267.112 -80.6372 565
266.149 -80.6372 565
265.186 -80.6372 565
264.223 -80.6372 565
263.259 -80.6372 565
261.368 -80.3518 563
260.408 -80.3518 563
259.448 -80.3518 563
257.111 -79.9236 560
253.869 -79.21 555
252.012 -78.9246 553
251.069 -78.9246 553
249.674 -78.7818 552
247.832 -78.4964 550
245.996 -78.211 548
245.062 -78.211 548
243.682 -78.0682 547
241.862 -77.7828 545
240.049 -77.4973 543
238.683 -77.3546 542
237.759 -77.3546 542
236.835 -77.3546 542
235.911 -77.3546 542
234.987 -77.3546 542
234.063 -77.3546 542
233.139 -77.3546 542
232.215 -77.3546 542
231.291 -77.3546 542
230.792 -77.4973 543
229.867 -77.4973 543
229.784 -77.7828 545
228.855 -77.7828 545
227.926 -77.7828 545
227.83 -78.0682 547
227.727 -78.3537 549
227.204 -78.4964 550
226.267 -78.4964 550
225.329 -78.4964 550
224.391 -78.4964 550
223.454 -78.4964 550
222.516 -78.4964 550
221.981 -78.6391 551
221.042 -78.6391 551
220.103 -78.6391 551
219.164 -78.6391 551
217.828 -78.4964 550
216.891 -78.4964 550
215.953 -78.4964 550
215.015 -78.4964 550
214.078 -78.4964 550
213.14 -78.4964 550
212.203 -78.4964 550
210.881 -78.3537 549
209.945 -78.3537 549
208.628 -78.211 548
207.694 -78.211 548
206.76 -78.211 548
205.45 -78.0682 547
203.77 -77.7828 545
202.469 -77.6401 544
201.541 -77.6401 544
200.614 -77.6401 544
199.686 -77.6401 544
198.759 -77.6401 544
197.832 -77.6401 544
196.904 -77.6401 544
195.617 -77.4973 543
194.332 -77.3546 542
193.408 -77.3546 542
192.129 -77.2119 541
191.207 -77.2119 541
189.581 -76.9265 539
188.662 -76.9265 539
186.699 -76.4983 536
184.398 -75.9274 532
183.147 -75.7847 531
182.241 -75.7847 531
180.995 -75.642 530
180.091 -75.642 530
179.188 -75.642 530
177.948 -75.4993 529
177.046 -75.4993 529
176.144 -75.4993 529
174.911 -75.3565 528
111.501 -63.7962 447
110.739 -63.7962 447
109.977 -63.7962 447
109.215 -63.7962 447
108.453 -63.7962 447
107.691 -63.7962 447
106.929 -63.7962 447
106.167 -63.7962 447
105.405 -63.7962 447
104.643 -63.7962 447
103.881 -63.7962 447
102.888 -63.6534 446
102.128 -63.6534 446
101.367 -63.6534 446
100.382 -63.5107 445
99.399 -63.368 444
98.42 -63.2253 443
97.6648 -63.2253 443
96.9096 -63.2253 443
95.9373 -63.0826 442
94.9685 -62.9398 441
94.2167 -62.9398 441
93.4649 -62.9398 441
92.5028 -62.7971 440
91.7527 -62.7971 440
91.0027 -62.7971 440
83.4565 -61.6553 432
82.72 -61.6553 432
81.9836 -61.6553 432
81.2471 -61.6553 432
80.1379 -61.3699 430
79.4049 -61.3699 430
78.4889 -61.2272 429
77.7575 -61.2272 429
76.8466 -61.0845 428
76.117 -61.0845 428
75.3874 -61.0845 428
277.724 -81.89 567
276.757 -81.89 567
275.79 -81.89 567
274.339 -81.7456 566
273.374 -81.7456 566
272.409 -81.7456 566
271.444 -81.7456 566
270.002 -81.6012 565
269.039 -81.6012 565
268.075 -81.6012 565
267.112 -81.6012 565
266.149 -81.6012 565
265.186 -81.6012 565
264.223 -81.6012 565
263.259 -81.6012 565
261.368 -81.3123 563
260.408 -81.3123 563
259.448 -81.3123 563
257.111 -80.879 560
254.784 -80.4457 557
252.467 -80.0125 554
251.523 -80.0125 554
249.674 -79.7236 552
247.832 -79.4348 550
245.996 -79.1459 548
245.062 -79.1459 548
243.237 -78.857 546
241.419 -78.5682 544
240.049 -78.4238 543
238.683 -78.2793 542
237.759 -78.2793 542
236.835 -78.2793 542
235.911 -78.2793 542
234.987 -78.2793 542
234.063 -78.2793 542
233.139 -78.2793 542
232.215 -78.2793 542
231.291 -78.2793 542
230.792 -78.4238 543
229.867 -78.4238 543
229.784 -78.7126 545
228.855 -78.7126 545
227.926 -78.7126 545
227.83 -79.0015 547
227.727 -79.2903 549
227.204 -79.4348 550
226.267 -79.4348 550
225.329 -79.4348 550
224.391 -79.4348 550
223.454 -79.4348 550
222.516 -79.4348 550
221.579 -79.4348 550
220.641 -79.4348 550
219.703 -79.4348 550
218.766 -79.4348 550
217.828 -79.4348 550
216.891 -79.4348 550
215.953 -79.4348 550
215.015 -79.4348 550
214.078 -79.4348 550
212.753 -79.2903 549
211.817 -79.2903 549
210.881 -79.2903 549
209.562 -79.1459 548
208.248 -79.0015 547
207.315 -79.0015 547
206.005 -78.857 546
204.699 -78.7126 545
203.396 -78.5682 544
202.469 -78.5682 544
201.541 -78.5682 544
200.614 -78.5682 544
199.686 -78.5682 544
198.759 -78.5682 544
197.832 -78.5682 544
196.904 -78.5682 544
195.617 -78.4238 543
194.332 -78.2793 542
193.408 -78.2793 542
192.129 -78.1349 541
191.207 -78.1349 541
189.581 -77.8461 539
188.662 -77.8461 539
186.699 -77.4128 536
184.398 -76.8351 532
183.147 -76.6906 531
182.241 -76.6906 531
180.995 -76.5462 530
180.091 -76.5462 530
179.188 -76.5462 530
177.948 -76.4018 529
177.046 -76.4018 529
176.144 -76.4018 529
174.911 -76.2574 528
172.693 -75.6796 524
171.799 -75.6796 524
169.928 -75.2464 521
168.715 -75.1019 520
167.828 -75.1019 520
166.942 -75.1019 520
112.263 -64.5588 447
111.501 -64.5588 447
110.739 -64.5588 447
109.977 -64.5588 447
109.215 -64.5588 447
108.453 -64.5588 447
107.691 -64.5588 447
106.929 -64.5588 447
106.167 -64.5588 447
105.405 -64.5588 447
104.643 -64.5588 447
103.881 -64.5588 447
102.888 -64.4144 446
102.128 -64.4144 446
101.367 -64.4144 446
100.382 -64.2699 445
99.399 -64.1255 444
98.42 -63.9811 443
97.6648 -63.9811 443
96.9096 -63.9811 443
95.9373 -63.8367 442
94.9685 -63.6922 441
94.2167 -63.6922 441
93.4649 -63.6922 441
92.5028 -63.5478 440
289.265 -82.5651 565
288.302 -82.5651 565
287.339 -82.5651 565
286.376 -82.5651 565
277.724 -82.8574 567
276.757 -82.8574 567
275.79 -82.8574 567
274.339 -82.7112 566
273.374 -82.7112 566
272.409 -82.7112 566
271.444 -82.7112 566
270.002 -82.5651 565
269.039 -82.5651 565
268.075 -82.5651 565
267.112 -82.5651 565
266.149 -82.5651 565
265.186 -82.5651 565
264.223 -82.5651 565
263.259 -82.5651 565
261.368 -82.2728 563
260.408 -82.2728 563
259.448 -82.2728 563
257.111 -81.8344 560
254.784 -81.396 557
252.467 -80.9576 554
251.523 -80.9576 554
249.674 -80.6654 552
247.832 -80.3731 550
245.996 -80.0808 548
245.062 -80.0808 548
243.237 -79.7886 546
241.419 -79.4963 544
240.049 -79.3502 543
238.683 -79.204 542
237.759 -79.204 542
236.398 -79.0579 541
235.911 -79.204 542
234.987 -79.204 542
234.063 -79.204 542
233.139 -79.204 542
232.215 -79.204 542
231.291 -79.204 542
230.792 -79.3502 543
229.867 -79.3502 543
229.363 -79.4963 544
228.855 -79.6424 545
227.926 -79.6424 545
227.83 -79.9347 547
227.727 -80.227 549
226.791 -80.227 549
225.855 -80.227 549
225.329 -80.3731 550
224.391 -80.3731 550
223.454 -80.3731 550
222.516 -80.3731 550
221.579 -80.3731 550
220.641 -80.3731 550
219.703 -80.3731 550
218.766 -80.3731 550
217.828 -80.3731 550
216.496 -80.227 549
215.56 -80.227 549
214.624 -80.227 549
213.688 -80.227 549
212.365 -80.0808 548
211.431 -80.0808 548
210.497 -80.0808 548
208.798 -79.7886 546
207.486 -79.6424 545
206.557 -79.6424 545
205.628 -79.6424 545
204.323 -79.4963 544
203.022 -79.3502 543
201.724 -79.204 542
200.8 -79.204 542
199.876 -79.204 542
198.952 -79.204 542
198.028 -79.204 542
197.104 -79.204 542
196.18 -79.204 542
194.896 -79.0579 541
193.615 -78.9118 540
192.695 -78.9118 540
191.419 -78.7656 539
190.5 -78.7656 539
188.526 -78.3272 536
187.612 -78.3272 536
185.305 -77.7427 532
183.705 -77.4504 530
182.802 -77.4504 530
181.898 -77.4504 530
180.653 -77.3043 529
179.751 -77.3043 529
178.511 -77.1582 528
177.611 -77.1582 528
176.711 -77.1582 528
175.478 -77.0121 527
174.58 -77.0121 527
172.693 -76.5737 524
171.799 -76.5737 524
169.928 -76.1353 521
168.715 -75.9891 520
167.828 -75.9891 520
166.942 -75.9891 520
112.263 -65.3214 447
111.501 -65.3214 447
110.739 -65.3214 447
109.977 -65.3214 447
109.215 -65.3214 447
108.453 -65.3214 447
107.691 -65.3214 447
106.929 -65.3214 447
106.167 -65.3214 447
105.405 -65.3214 447
104.643 -65.3214 447
103.881 -65.3214 447
102.888 -65.1753 446
102.128 -65.1753 446
101.367 -65.1753 446
100.382 -65.0291 445
99.1752 -64.7369 443
98.42 -64.7369 443
97.6648 -64.7369 443
96.6908 -64.5908 442
95.7202 -64.4446 441
94.9685 -64.4446 441
94.2167 -64.4446 441
93.4649 -64.4446 441
291.121 -83.2334 563
290.161 -83.2334 563
289.715 -83.3812 564
289.265 -83.529 565
288.302 -83.529 565
287.339 -83.529 565
286.376 -83.529 565
277.724 -83.8247 567
276.757 -83.8247 567
275.79 -83.8247 567
274.339 -83.6769 566
273.374 -83.6769 566
272.409 -83.6769 566
271.444 -83.6769 566
270.002 -83.529 565
269.039 -83.529 565
268.075 -83.529 565
266.639 -83.3812 564
265.678 -83.3812 564
264.716 -83.3812 564
263.755 -83.3812 564
262.793 -83.3812 564
261.368 -83.2334 563
260.408 -83.2334 563
259.448 -83.2334 563
257.111 -82.7899 560
254.784 -82.3463 557
252.467 -81.9028 554
251.523 -81.9028 554
249.674 -81.6071 552
247.832 -81.3115 550
245.996 -81.0158 548
245.062 -81.0158 548
243.237 -80.7201 546
241.419 -80.4244 544
240.049 -80.2766 543
238.683 -80.1288 542
237.759 -80.1288 542
236.398 -79.9809 541
235.911 -80.1288 542
234.987 -80.1288 542
234.063 -80.1288 542
233.139 -80.1288 542
232.215 -80.1288 542
231.291 -80.1288 542
230.792 -80.2766 543
229.867 -80.2766 543
229.363 -80.4244 544
228.435 -80.4244 544
227.926 -80.5723 545
226.997 -80.5723 545
226.897 -80.868 547
226.791 -81.1636 549
225.855 -81.1636 549
224.919 -81.1636 549
223.983 -81.1636 549
223.048 -81.1636 549
222.112 -81.1636 549
220.773 -81.0158 548
219.839 -81.0158 548
218.904 -81.0158 548
217.97 -81.0158 548
217.036 -81.0158 548
215.708 -80.868 547
214.775 -80.868 547
213.452 -80.7201 546
212.521 -80.7201 546
211.202 -80.5723 545
210.273 -80.5723 545
209.344 -80.5723 545
208.033 -80.4244 544
206.725 -80.2766 543
205.42 -80.1288 542
204.496 -80.1288 542
203.196 -79.9809 541
201.9 -79.8331 540
200.98 -79.8331 540
200.43 -79.9809 541
199.507 -79.9809 541
198.585 -79.9809 541
197.663 -79.9809 541
196.741 -79.9809 541
195.818 -79.9809 541
194.176 -79.6852 539
192.54 -79.3896 537
191.624 -79.3896 537
189.998 -79.0939 535
188.38 -78.7982 533
186.767 -78.5025 531
185.862 -78.5025 531
184.609 -78.3547 530
183.012 -78.059 528
182.112 -78.059 528
181.212 -78.059 528
180.312 -78.059 528
178.732 -77.7633 526
177.835 -77.7633 526
176.939 -77.7633 526
176.042 -77.7633 526
175.145 -77.7633 526
174.248 -77.7633 526
172.693 -77.4677 524
171.799 -77.4677 524
169.928 -77.0241 521
169.039 -77.0241 521
167.828 -76.8763 520
166.942 -76.8763 520
112.263 -66.084 447
111.501 -66.084 447
110.739 -66.084 447
109.977 -66.084 447
109.215 -66.084 447
108.453 -66.084 447
107.691 -66.084 447
106.929 -66.084 447
106.167 -66.084 447
105.405 -66.084 447
104.643 -66.084 447
103.881 -66.084 447
102.888 -65.9362 446
102.128 -65.9362 446
101.367 -65.9362 446
100.382 -65.7884 445
99.1752 -65.4927 443
98.42 -65.4927 443
97.6648 -65.4927 443
96.6908 -65.3448 442
95.7202 -65.197 441
94.9685 -65.197 441
94.2167 -65.197 441
93.4649 -65.197 441
291.638 -84.3435 564
290.676 -84.3435 564
289.715 -84.3435 564
289.265 -84.493 565
289.323 -84.7921 567
288.356 -84.7921 567
287.39 -84.7921 567
286.543 -85.9884 575
285.563 -85.9884 575
284.583 -85.9884 575
283.109 -85.8389 574
281.639 -85.6894 573
280.662 -85.6894 573
278.709 -85.3903 571
275.79 -84.7921 567
274.339 -84.6425 566
273.374 -84.6425 566
272.409 -84.6425 566
271.444 -84.6425 566
270.002 -84.493 565
269.039 -84.493 565
267.601 -84.3435 564
266.639 -84.3435 564
265.678 -84.3435 564
264.716 -84.3435 564
263.755 -84.3435 564
262.328 -84.1939 563
261.368 -84.1939 563
260.408 -84.1939 563
258.527 -83.8948 561
257.111 -83.7453 560
254.784 -83.2966 557
252.467 -82.848 554
251.523 -82.848 554
249.674 -82.5489 552
247.832 -82.2498 550
245.996 -81.9507 548
245.062 -81.9507 548
242.346 -81.3526 544
240.975 -81.203 543
239.607 -81.0535 542
238.683 -81.0535 542
237.759 -81.0535 542
236.398 -80.9039 541
235.476 -80.9039 541
234.554 -80.9039 541
233.631 -80.9039 541
232.709 -80.9039 541
231.787 -80.9039 541
231.291 -81.0535 542
230.792 -81.203 543
229.867 -81.203 543
229.363 -81.3526 544
228.435 -81.3526 544
227.926 -81.5021 545
226.997 -81.5021 545
226.897 -81.8012 547
226.791 -82.1003 549
225.855 -82.1003 549
224.919 -82.1003 549
223.983 -82.1003 549
223.048 -82.1003 549
222.112 -82.1003 549
220.773 -81.9507 548
219.839 -81.9507 548
218.904 -81.9507 548
217.97 -81.9507 548
217.036 -81.9507 548
215.708 -81.8012 547
214.775 -81.8012 547
213.452 -81.6516 546
212.521 -81.6516 546
211.202 -81.5021 545
210.273 -81.5021 545
209.344 -81.5021 545
208.033 -81.3526 544
206.725 -81.203 543
205.42 -81.0535 542
204.496 -81.0535 542
203.196 -80.9039 541
201.9 -80.7544 540
200.98 -80.7544 540
200.059 -80.7544 540
199.139 -80.7544 540
198.218 -80.7544 540
196.932 -80.6048 539
196.013 -80.6048 539
195.094 -80.6048 539
193.095 -80.1562 536
190.747 -79.558 532
189.84 -79.558 532
188.223 -79.2589 530
186.966 -79.1094 529
186.064 -79.1094 529
184.812 -78.9598 528
183.912 -78.9598 528
182.665 -78.8103 527
181.422 -78.6607 526
180.525 -78.6607 526
179.629 -78.6607 526
178.392 -78.5112 525
177.497 -78.5112 525
176.266 -78.3616 524
175.372 -78.3616 524
174.479 -78.3616 524
173.255 -78.2121 523
172.033 -78.0626 522
171.144 -78.0626 522
169.928 -77.913 521
169.039 -77.913 521
167.828 -77.7635 520
166.942 -77.7635 520
166.056 -77.7635 520
112.263 -66.8467 447
111.501 -66.8467 447
110.739 -66.8467 447
109.977 -66.8467 447
108.971 -66.6971 446
108.453 -66.8467 447
107.691 -66.8467 447
106.929 -66.8467 447
106.167 -66.8467 447
105.405 -66.8467 447
104.643 -66.8467 447
103.648 -66.6971 446
102.888 -66.6971 446
101.899 -66.5476 445
101.14 -66.5476 445
100.156 -66.398 444
99.1752 -66.2485 443
98.42 -66.2485 443
97.6648 -66.2485 443
96.6908 -66.0989 442
95.9373 -66.0989 442
94.9685 -65.9494 441
94.2167 -65.9494 441
93.4649 -65.9494 441
291.638 -85.3057 564
290.676 -85.3057 564
290.229 -85.4569 565
290.801 -85.9107 568
290.343 -86.062 569
289.373 -86.062 569
290.431 -86.667 573
289.454 -86.667 573
288.98 -86.8182 574
288.002 -86.8182 574
287.023 -86.8182 574
286.543 -86.9695 575
285.563 -86.9695 575
284.583 -86.9695 575
283.109 -86.8182 574
281.639 -86.667 573
280.662 -86.667 573
278.709 -86.3645 571
276.277 -85.9107 568
274.339 -85.6082 566
273.374 -85.6082 566
272.409 -85.6082 566
270.965 -85.4569 565
269.524 -85.3057 564
268.562 -85.3057 564
267.601 -85.3057 564
266.639 -85.3057 564
265.207 -85.1544 563
264.247 -85.1544 563
263.287 -85.1544 563
262.328 -85.1544 563
260.904 -85.0032 562
259.945 -85.0032 562
258.066 -84.7007 560
255.734 -84.2469 557
253.412 -83.7932 554
251.556 -83.4907 552
250.615 -83.4907 552
249.222 -83.3394 551
246.931 -82.8857 548
244.65 -82.4319 545
242.826 -82.1294 543
241.9 -82.1294 543
240.531 -81.9782 542
239.607 -81.9782 542
238.243 -81.8269 541
237.32 -81.8269 541
236.398 -81.8269 541
235.476 -81.8269 541
234.554 -81.8269 541
233.631 -81.8269 541
232.709 -81.8269 541
231.787 -81.8269 541
230.865 -81.8269 541
230.367 -81.9782 542
229.443 -81.9782 542
228.941 -82.1294 543
228.435 -82.2807 544
227.508 -82.2807 544
226.58 -82.2807 544
226.068 -82.4319 545
225.965 -82.7344 547
225.032 -82.7344 547
224.1 -82.7344 547
223.168 -82.7344 547
222.235 -82.7344 547
220.898 -82.5832 546
219.564 -82.4319 545
218.635 -82.4319 545
217.706 -82.4319 545
216.777 -82.4319 545
215.848 -82.4319 545
214.524 -82.2807 544
213.597 -82.2807 544
212.279 -82.1294 543
211.353 -82.1294 543
210.427 -82.1294 543
209.116 -81.9782 542
208.192 -81.9782 542
206.886 -81.8269 541
205.963 -81.8269 541
205.041 -81.8269 541
204.119 -81.8269 541
202.445 -81.5244 539
201.526 -81.5244 539
200.608 -81.5244 539
200.059 -81.6757 540
199.139 -81.6757 540
198.218 -81.6757 540
196.932 -81.5244 539
196.013 -81.5244 539
195.094 -81.5244 539
193.095 -81.0707 536
190.747 -80.4657 532
189.84 -80.4657 532
188.223 -80.1632 530
186.966 -80.0119 529
186.064 -80.0119 529
184.812 -79.8606 528
183.912 -79.8606 528
182.665 -79.7094 527
181.422 -79.5581 526
180.525 -79.5581 526
179.629 -79.5581 526
178.392 -79.4069 525
177.497 -79.4069 525
176.266 -79.2556 524
175.372 -79.2556 524
174.479 -79.2556 524
173.255 -79.1044 523
172.033 -78.9531 522
171.144 -78.9531 522
169.928 -78.8019 521
169.039 -78.8019 521
167.828 -78.6506 520
166.942 -78.6506 520
166.056 -78.6506 520
112.263 -67.6093 447
111.501 -67.6093 447
110.739 -67.6093 447
109.977 -67.6093 447
108.971 -67.4581 446
108.21 -67.4581 446
107.45 -67.4581 446
106.69 -67.4581 446
105.929 -67.4581 446
105.169 -67.4581 446
104.409 -67.4581 446
103.648 -67.4581 446
102.888 -67.4581 446
101.899 -67.3068 445
101.14 -67.3068 445
100.382 -67.3068 445
99.399 -67.1555 444
98.42 -67.0043 443
97.6648 -67.0043 443
96.6908 -66.853 442
95.9373 -66.853 442
94.9685 -66.7018 441
94.2167 -66.7018 441
291.638 -86.2679 564
290.676 -86.2679 564
290.229 -86.4209 565
290.801 -86.8798 568
290.854 -87.1857 570
289.882 -87.1857 570
290.431 -87.6446 573
289.454 -87.6446 573
288.98 -87.7975 574
288.002 -87.7975 574
287.023 -87.7975 574
286.543 -87.9505 575
285.563 -87.9505 575
284.583 -87.9505 575
283.109 -87.7975 574
281.639 -87.6446 573
280.662 -87.6446 573
278.709 -87.3386 571
276.277 -86.8798 568
274.339 -86.5739 566
273.374 -86.5739 566
272.409 -86.5739 566
270.965 -86.4209 565
269.524 -86.2679 564
268.562 -86.2679 564
267.601 -86.2679 564
266.639 -86.2679 564
265.207 -86.115 563
264.247 -86.115 563
263.287 -86.115 563
262.328 -86.115 563
260.904 -85.962 562
259.945 -85.962 562
256.683 -85.1972 557
254.356 -84.7384 554
252.954 -84.5854 553
251.1 -84.2795 551
250.161 -84.2795 551
248.317 -83.9736 549
245.579 -83.3617 545
243.752 -83.0558 543
242.379 -82.9029 542
241.455 -82.9029 542
240.531 -82.9029 542
239.607 -82.9029 542
238.243 -82.7499 541
237.32 -82.7499 541
236.398 -82.7499 541
235.476 -82.7499 541
234.554 -82.7499 541
233.631 -82.7499 541
232.709 -82.7499 541
231.787 -82.7499 541
230.865 -82.7499 541
229.942 -82.7499 541
229.02 -82.7499 541
228.519 -82.9029 542
228.015 -83.0558 543
227.09 -83.0558 543
226.164 -83.0558 543
225.238 -83.0558 543
224.726 -83.2088 544
223.798 -83.2088 544
222.871 -83.2088 544
221.944 -83.2088 544
221.016 -83.2088 544
220.089 -83.2088 544
218.759 -83.0558 543
217.833 -83.0558 543
216.508 -82.9029 542
215.584 -82.9029 542
214.264 -82.7499 541
213.341 -82.7499 541
212.419 -82.7499 541
211.497 -82.7499 541
210.575 -82.7499 541
209.652 -82.7499 541
208.73 -82.7499 541
207.808 -82.7499 541
206.886 -82.7499 541
205.202 -82.444 539
204.283 -82.444 539
203.364 -82.444 539
202.07 -82.291 538
200.779 -82.1381 537
199.119 -81.8322 535
198.207 -81.8322 535
196.557 -81.5263 533
192.377 -80.9144 529
191.475 -80.9144 529
190.573 -80.9144 529
189.671 -80.9144 529
188.769 -80.9144 529
187.512 -80.7615 528
186.612 -80.7615 528
185.712 -80.7615 528
184.462 -80.6085 527
183.564 -80.6085 527
182.319 -80.4556 526
181.077 -80.3026 525
180.182 -80.3026 525
179.287 -80.3026 525
178.052 -80.1496 524
176.821 -79.9967 523
175.593 -79.8437 522
174.703 -79.8437 522
173.813 -79.8437 522
172.923 -79.8437 522
172.033 -79.8437 522
171.144 -79.8437 522
169.928 -79.6908 521
169.039 -79.6908 521
167.828 -79.5378 520
166.942 -79.5378 520
166.056 -79.5378 520
112.263 -68.3719 447
111.501 -68.3719 447
110.739 -68.3719 447
109.977 -68.3719 447
108.971 -68.219 446
108.21 -68.219 446
107.45 -68.219 446
106.69 -68.219 446
105.929 -68.219 446
105.169 -68.219 446
104.409 -68.219 446
103.648 -68.219 446
102.888 -68.219 446
102.128 -68.219 446
101.14 -68.066 445
100.382 -68.066 445
99.399 -67.9131 444
98.6421 -67.9131 444
97.8852 -67.9131 444
96.6908 -67.6071 442
95.9373 -67.6071 442
94.9685 -67.4542 441
94.2167 -67.4542 441
291.638 -87.2302 564
290.676 -87.2302 564
291.256 -87.6942 567
290.801 -87.8488 568
290.854 -88.1582 570
289.882 -88.1582 570
290.431 -88.6221 573
289.454 -88.6221 573
288.98 -88.7768 574
288.002 -88.7768 574
287.023 -88.7768 574
286.045 -88.7768 574
285.066 -88.7768 574
284.088 -88.7768 574
283.109 -88.7768 574
281.639 -88.6221 573
280.662 -88.6221 573
278.709 -88.3128 571
276.277 -87.8488 568
274.339 -87.5395 566
273.374 -87.5395 566
272.409 -87.5395 566
270.965 -87.3848 565
269.524 -87.2302 564
268.562 -87.2302 564
267.601 -87.2302 564
266.167 -87.0755 563
265.207 -87.0755 563
264.247 -87.0755 563
262.82 -86.9209 562
261.862 -86.9209 562
259.975 -86.6115 560
259.02 -86.6115 560
256.683 -86.1475 557
254.356 -85.6835 554
252.954 -85.5289 553
251.1 -85.2196 551
250.161 -85.2196 551
248.317 -84.9102 549
245.579 -84.2916 545
243.752 -83.9822 543
242.379 -83.8276 542
241.455 -83.8276 542
240.531 -83.8276 542
239.607 -83.8276 542
238.243 -83.6729 541
237.32 -83.6729 541
236.398 -83.6729 541
235.476 -83.6729 541
234.554 -83.6729 541
233.631 -83.6729 541
232.709 -83.6729 541
231.787 -83.6729 541
230.865 -83.6729 541
229.942 -83.6729 541
229.02 -83.6729 541
228.519 -83.8276 542
228.015 -83.9822 543
227.09 -83.9822 543
226.164 -83.9822 543
225.238 -83.9822 543
224.313 -83.9822 543
223.387 -83.9822 543
222.461 -83.9822 543
221.536 -83.9822 543
220.61 -83.9822 543
219.684 -83.9822 543
218.356 -83.8276 542
217.031 -83.6729 541
216.108 -83.6729 541
215.186 -83.6729 541
214.264 -83.6729 541
212.947 -83.5183 540
211.634 -83.3636 539
210.715 -83.3636 539
209.796 -83.3636 539
208.49 -83.2089 538
207.573 -83.2089 538
206.655 -83.2089 538
205.738 -83.2089 538
204.44 -83.0543 537
203.146 -82.8996 536
202.232 -82.8996 536
200.943 -82.7449 535
199.283 -82.4356 533
197.63 -82.1263 531
196.725 -82.1263 531
195.451 -81.9716 530
191.611 -80.7343 522
189.104 -80.425 520
190.389 -81.353 526
189.492 -81.353 526
188.596 -81.353 526
187.699 -81.353 526
186.802 -81.353 526
185.906 -81.353 526
185.009 -81.353 526
183.412 -81.0436 524
182.519 -81.0436 524
181.625 -81.0436 524
180.732 -81.0436 524
179.496 -80.889 523
178.604 -80.889 523
177.373 -80.7343 522
176.483 -80.7343 522
175.257 -80.5797 521
174.368 -80.5797 521
173.48 -80.5797 521
172.592 -80.5797 521
171.704 -80.5797 521
170.816 -80.5797 521
169.928 -80.5797 521
168.715 -80.425 520
167.828 -80.425 520
166.942 -80.425 520
166.056 -80.425 520
112.263 -69.1346 447
111.501 -69.1346 447
110.739 -69.1346 447
109.977 -69.1346 447
108.971 -68.9799 446
108.21 -68.9799 446
107.45 -68.9799 446
106.69 -68.9799 446
105.929 -68.9799 446
105.169 -68.9799 446
104.409 -68.9799 446
103.648 -68.9799 446
102.888 -68.9799 446
102.128 -68.9799 446
101.14 -68.8252 445
100.382 -68.8252 445
99.399 -68.6706 444
98.6421 -68.6706 444
97.8852 -68.6706 444
96.6908 -68.3612 442
95.9373 -68.3612 442
94.9685 -68.2066 441
94.2167 -68.2066 441
93.2529 -68.0519 440
291.256 -88.6615 567
290.801 -88.8179 568
290.854 -89.1306 570
289.882 -89.1306 570
290.431 -89.5997 573
289.454 -89.5997 573
288.477 -89.5997 573
287.5 -89.5997 573
286.523 -89.5997 573
286.045 -89.7561 574
285.066 -89.7561 574
284.088 -89.7561 574
283.109 -89.7561 574
281.639 -89.5997 573
280.662 -89.5997 573
278.221 -89.1306 570
276.277 -88.8179 568
274.339 -88.5052 566
273.374 -88.5052 566
272.409 -88.5052 566
270.965 -88.3488 565
269.524 -88.1924 564
268.562 -88.1924 564
267.601 -88.1924 564
266.167 -88.0361 563
264.736 -87.8797 562
263.778 -87.8797 562
262.82 -87.8797 562
261.396 -87.7233 561
259.511 -87.4106 559
258.558 -87.4106 559
256.222 -86.9415 556
254.356 -86.6287 554
252.497 -86.316 552
250.645 -86.0033 550
249.707 -86.0033 550
247.865 -85.6905 548
245.128 -85.065 544
243.752 -84.9087 543
242.379 -84.7523 542
241.455 -84.7523 542
240.531 -84.7523 542
239.165 -84.5959 541
238.243 -84.5959 541
237.32 -84.5959 541
236.398 -84.5959 541
235.476 -84.5959 541
234.554 -84.5959 541
233.631 -84.5959 541
232.709 -84.5959 541
231.787 -84.5959 541
230.865 -84.5959 541
229.942 -84.5959 541
229.02 -84.5959 541
228.519 -84.7523 542
227.595 -84.7523 542
227.09 -84.9087 543
226.164 -84.9087 543
225.238 -84.9087 543
224.313 -84.9087 543
223.387 -84.9087 543
222.461 -84.9087 543
221.536 -84.9087 543
220.61 -84.9087 543
219.684 -84.9087 543
218.356 -84.7523 542
217.031 -84.5959 541
216.108 -84.5959 541
215.186 -84.5959 541
214.264 -84.5959 541
212.947 -84.4396 540
211.634 -84.2832 539
210.715 -84.2832 539
209.796 -84.2832 539
208.49 -84.1268 538
207.573 -84.1268 538
206.655 -84.1268 538
205.738 -84.1268 538
204.44 -83.9704 537
203.146 -83.8141 536
202.232 -83.8141 536
200.943 -83.6577 535
199.283 -83.345 533
197.63 -83.0322 531
196.725 -83.0322 531
195.451 -82.8759 530
191.611 -81.6249 522
189.99 -81.3122 520
189.104 -81.3122 520
188.941 -81.6249 522
188.051 -81.6249 522
187.161 -81.6249 522
186.272 -81.6249 522
185.382 -81.6249 522
184.492 -81.6249 522
183.602 -81.6249 522
182.712 -81.6249 522
181.822 -81.6249 522
180.586 -81.4685 521
179.697 -81.4685 521
178.809 -81.4685 521
177.921 -81.4685 521
177.033 -81.4685 521
176.145 -81.4685 521
174.92 -81.3122 520
174.034 -81.3122 520
173.147 -81.3122 520
172.261 -81.3122 520
171.374 -81.3122 520
170.488 -81.3122 520
169.601 -81.3122 520
168.715 -81.3122 520
167.828 -81.3122 520
166.942 -81.3122 520
165.736 -81.1558 519
112.263 -69.8972 447
111.501 -69.8972 447
110.739 -69.8972 447
109.977 -69.8972 447
108.971 -69.7408 446
108.21 -69.7408 446
107.45 -69.7408 446
106.69 -69.7408 446
105.929 -69.7408 446
105.169 -69.7408 446
104.409 -69.7408 446
103.648 -69.7408 446
102.888 -69.7408 446
102.128 -69.7408 446
101.14 -69.5844 445
100.382 -69.5844 445
99.399 -69.4281 444
98.6421 -69.4281 444
97.8852 -69.4281 444
96.6908 -69.1153 442
95.9373 -69.1153 442
94.9685 -68.959 441
94.2167 -68.959 441
93.2529 -68.8026 440
291.256 -89.6289 567
290.801 -89.787 568
290.854 -90.1031 570
289.882 -90.1031 570
290.431 -90.5773 573
289.454 -90.5773 573
288.477 -90.5773 573
287.5 -90.5773 573
286.523 -90.5773 573
285.547 -90.5773 573
284.57 -90.5773 573
282.108 -90.1031 570
281.136 -90.1031 570
280.165 -90.1031 570
279.193 -90.1031 570
277.245 -89.787 568
275.304 -89.4708 566
274.339 -89.4708 566
273.374 -89.4708 566
271.928 -89.3127 565
270.485 -89.1547 564
269.524 -89.1547 564
268.562 -89.1547 564
267.126 -88.9966 563
265.694 -88.8385 562
264.265 -88.6804 561
263.308 -88.6804 561
262.352 -88.6804 561
260.464 -88.3643 559
258.582 -88.0481 557
256.708 -87.732 555
255.762 -87.732 555
253.897 -87.4158 553
252.497 -87.2578 552
250.645 -86.9416 550
249.707 -86.9416 550
246.96 -86.3093 546
245.128 -85.9932 544
243.303 -85.677 542
242.379 -85.677 542
241.455 -85.677 542
240.087 -85.5189 541
239.165 -85.5189 541
238.243 -85.5189 541
237.32 -85.5189 541
236.398 -85.5189 541
235.476 -85.5189 541
234.554 -85.5189 541
233.631 -85.5189 541
232.709 -85.5189 541
231.787 -85.5189 541
230.865 -85.5189 541
229.942 -85.5189 541
229.02 -85.5189 541
228.098 -85.5189 541
227.595 -85.677 542
226.671 -85.677 542
226.164 -85.8351 543
225.238 -85.8351 543
224.313 -85.8351 543
223.387 -85.8351 543
222.461 -85.8351 543
221.536 -85.8351 543
220.61 -85.8351 543
219.28 -85.677 542
217.953 -85.5189 541
216.629 -85.3608 540
215.709 -85.3608 540
214.788 -85.3608 540
213.472 -85.2028 539
211.764 -84.8866 537
210.063 -84.5705 535
209.151 -84.5705 535
207.072 -84.0962 532
205.777 -83.9382 531
204.872 -83.9382 531
203.967 -83.9382 531
202.679 -83.7801 530
201.775 -83.7801 530
200.872 -83.7801 530
199.968 -83.7801 530
199.065 -83.7801 530
197.788 -83.622 529
196.141 -83.3059 527
195.243 -83.3059 527
194.345 -83.3059 527
191.611 -82.5155 522
189.99 -82.1993 520
189.104 -82.1993 520
188.941 -82.5155 522
188.051 -82.5155 522
187.161 -82.5155 522
186.272 -82.5155 522
185.382 -82.5155 522
184.492 -82.5155 522
183.602 -82.5155 522
182.712 -82.5155 522
181.822 -82.5155 522
180.586 -82.3574 521
179.697 -82.3574 521
178.809 -82.3574 521
177.921 -82.3574 521
177.033 -82.3574 521
176.145 -82.3574 521
174.92 -82.1993 520
174.034 -82.1993 520
173.147 -82.1993 520
172.261 -82.1993 520
171.374 -82.1993 520
170.488 -82.1993 520
169.601 -82.1993 520
168.715 -82.1993 520
167.828 -82.1993 520
166.942 -82.1993 520
165.736 -82.0413 519
141.826 -75.8763 480
141.008 -75.8763 480
140.19 -75.8763 480
139.371 -75.8763 480
138.553 -75.8763 480
112.263 -70.6598 447
111.501 -70.6598 447
110.739 -70.6598 447
109.731 -70.5017 446
108.971 -70.5017 446
108.21 -70.5017 446
107.45 -70.5017 446
106.69 -70.5017 446
105.929 -70.5017 446
105.169 -70.5017 446
104.409 -70.5017 446
103.648 -70.5017 446
102.888 -70.5017 446
102.128 -70.5017 446
101.14 -70.3437 445
100.382 -70.3437 445
99.399 -70.1856 444
98.6421 -70.1856 444
97.8852 -70.1856 444
96.6908 -69.8694 442
95.9373 -69.8694 442
94.7531 -69.5533 440
94.003 -69.5533 440
93.2529 -69.5533 440
291.256 -90.5963 567
290.801 -90.756 568
290.854 -91.0756 570
289.882 -91.0756 570
290.431 -91.5549 573
289.454 -91.5549 573
288.477 -91.5549 573
287.5 -91.5549 573
286.523 -91.5549 573
285.547 -91.5549 573
284.57 -91.5549 573
282.108 -91.0756 570
281.136 -91.0756 570
280.165 -91.0756 570
279.193 -91.0756 570
277.245 -90.756 568
275.304 -90.4365 566
274.339 -90.4365 566
273.374 -90.4365 566
271.928 -90.2767 565
270.485 -90.1169 564
269.524 -90.1169 564
268.562 -90.1169 564
267.126 -89.9571 563
265.694 -89.7973 562
264.265 -89.6376 561
263.308 -89.6376 561
262.352 -89.6376 561
260.464 -89.318 559
258.582 -88.9984 557
256.708 -88.6789 555
255.762 -88.6789 555
253.438 -88.1995 552
251.582 -87.88 550
249.733 -87.5604 548
248.799 -87.5604 548
246.508 -87.0811 545
244.678 -86.7615 543
242.854 -86.4419 541
241.932 -86.4419 541
241.01 -86.4419 541
240.087 -86.4419 541
239.165 -86.4419 541
238.243 -86.4419 541
237.32 -86.4419 541
236.398 -86.4419 541
235.476 -86.4419 541
234.554 -86.4419 541
233.631 -86.4419 541
232.709 -86.4419 541
231.787 -86.4419 541
230.865 -86.4419 541
229.942 -86.4419 541
229.02 -86.4419 541
228.098 -86.4419 541
227.595 -86.6017 542
226.671 -86.6017 542
225.747 -86.6017 542
225.238 -86.7615 543
224.313 -86.7615 543
223.387 -86.7615 543
222.461 -86.7615 543
221.128 -86.6017 542
220.204 -86.6017 542
219.28 -86.6017 542
217.55 -86.2822 540
216.629 -86.2822 540
215.309 -86.1224 539
214.39 -86.1224 539
212.68 -85.8028 537
210.581 -85.3235 534
208.885 -85.0039 532
207.978 -85.0039 532
206.682 -84.8441 531
205.39 -84.6843 530
204.486 -84.6843 530
203.583 -84.6843 530
202.679 -84.6843 530
201.014 -84.3648 528
200.114 -84.3648 528
199.214 -84.3648 528
198.314 -84.3648 528
197.04 -84.205 527
195.025 -83.7256 524
193.391 -83.4061 522
192.501 -83.4061 522
190.877 -83.0865 520
189.99 -83.0865 520
189.104 -83.0865 520
188.217 -83.0865 520
187.331 -83.0865 520
186.444 -83.0865 520
185.558 -83.0865 520
184.671 -83.0865 520
183.785 -83.0865 520
182.898 -83.0865 520
182.012 -83.0865 520
181.126 -83.0865 520
180.239 -83.0865 520
179.353 -83.0865 520
178.466 -83.0865 520
177.58 -83.0865 520
176.693 -83.0865 520
175.469 -82.9267 519
174.584 -82.9267 519
173.699 -82.9267 519
172.814 -82.9267 519
171.93 -82.9267 519
171.045 -82.9267 519
170.16 -82.9267 519
169.275 -82.9267 519
168.391 -82.9267 519
167.506 -82.9267 519
166.621 -82.9267 519
149.191 -76.6952 480
148.372 -76.6952 480
147.554 -76.6952 480
142.644 -76.6952 480
141.826 -76.6952 480
141.008 -76.6952 480
140.19 -76.6952 480
139.371 -76.6952 480
138.553 -76.6952 480
113.025 -71.4224 447
112.263 -71.4224 447
111.501 -71.4224 447
110.491 -71.2627 446
109.731 -71.2627 446
108.971 -71.2627 446
108.21 -71.2627 446
107.209 -71.1029 445
106.45 -71.1029 445
105.929 -71.2627 446
105.169 -71.2627 446
104.409 -71.2627 446
103.648 -71.2627 446
102.657 -71.1029 445
101.899 -71.1029 445
101.14 -71.1029 445
100.156 -70.9431 444
99.399 -70.9431 444
98.42 -70.7833 443
97.6648 -70.7833 443
96.6908 -70.6235 442
95.7202 -70.4638 441
94.7531 -70.304 440
94.003 -70.304 440
93.041 -70.1442 439
291.256 -91.5636 567
290.801 -91.7251 568
290.854 -92.0481 570
289.882 -92.0481 570
289.417 -92.2096 571
288.949 -92.371 572
287.974 -92.371 572
286.998 -92.371 572
286.023 -92.371 572
284.052 -92.0481 570
283.08 -92.0481 570
281.613 -91.8866 569
280.15 -91.7251 568
278.69 -91.5636 567
277.724 -91.5636 567
276.269 -91.4021 566
275.304 -91.4021 566
273.854 -91.2406 565
272.891 -91.2406 565
271.447 -91.0791 564
270.485 -91.0791 564
269.046 -90.9177 563
268.086 -90.9177 563
266.652 -90.7562 562
265.221 -90.5947 561
263.794 -90.4332 560
262.839 -90.4332 560
261.417 -90.2717 559
259.532 -89.9487 557
257.654 -89.6258 555
255.783 -89.3028 553
254.84 -89.3028 553
253.438 -89.1413 552
251.582 -88.8183 550
249.733 -88.4953 548
248.799 -88.4953 548
246.508 -88.0109 545
244.678 -87.6879 543
242.854 -87.3649 541
241.932 -87.3649 541
241.01 -87.3649 541
240.087 -87.3649 541
239.165 -87.3649 541
238.243 -87.3649 541
237.32 -87.3649 541
236.398 -87.3649 541
235.476 -87.3649 541
234.554 -87.3649 541
233.631 -87.3649 541
232.709 -87.3649 541
231.787 -87.3649 541
230.865 -87.3649 541
229.942 -87.3649 541
229.02 -87.3649 541
228.098 -87.3649 541
227.595 -87.5264 542
226.671 -87.5264 542
225.747 -87.5264 542
224.823 -87.5264 542
223.899 -87.5264 542
222.976 -87.5264 542
222.052 -87.5264 542
221.128 -87.5264 542
220.204 -87.5264 542
218.875 -87.3649 541
217.55 -87.2034 540
215.827 -86.8805 538
214.51 -86.719 537
213.595 -86.719 537
211.491 -86.2345 534
209.792 -85.9115 532
208.493 -85.75 531
207.588 -85.75 531
206.293 -85.5886 530
205.002 -85.4271 529
203.714 -85.2656 528
202.814 -85.2656 528
201.914 -85.2656 528
200.633 -85.1041 527
199.735 -85.1041 527
198.459 -84.9426 526
197.563 -84.9426 526
195.918 -84.6196 524
194.28 -84.2967 522
192.65 -83.9737 520
191.763 -83.9737 520
190.877 -83.9737 520
189.625 -83.8122 519
188.74 -83.8122 519
187.855 -83.8122 519
186.971 -83.8122 519
186.086 -83.8122 519
185.201 -83.8122 519
184.316 -83.8122 519
183.431 -83.8122 519
182.547 -83.8122 519
181.662 -83.8122 519
180.777 -83.8122 519
179.546 -83.6507 518
179.008 -83.8122 519
178.123 -83.8122 519
177.238 -83.8122 519
176.353 -83.8122 519
175.131 -83.6507 518
174.247 -83.6507 518
173.364 -83.6507 518
172.481 -83.6507 518
171.93 -83.8122 519
171.045 -83.8122 519
170.16 -83.8122 519
169.275 -83.8122 519
168.391 -83.8122 519
149.191 -77.5142 480
148.372 -77.5142 480
147.554 -77.5142 480
142.644 -77.5142 480
141.826 -77.5142 480
141.008 -77.5142 480
140.19 -77.5142 480
139.371 -77.5142 480
138.553 -77.5142 480
113.025 -72.1851 447
112.263 -72.1851 447
111.501 -72.1851 447
110.491 -72.0236 446
109.731 -72.0236 446
108.971 -72.0236 446
108.21 -72.0236 446
107.209 -71.8621 445
106.45 -71.8621 445
105.929 -72.0236 446
105.169 -72.0236 446
104.409 -72.0236 446
103.648 -72.0236 446
102.657 -71.8621 445
101.899 -71.8621 445
101.14 -71.8621 445
100.156 -71.7006 444
99.399 -71.7006 444
98.42 -71.5391 443
97.6648 -71.5391 443
96.6908 -71.3776 442
95.5032 -71.0547 440
94.7531 -71.0547 440
94.003 -71.0547 440
93.041 -70.8932 439
290.801 -92.6942 568
290.854 -93.0206 570
289.882 -93.0206 570
289.417 -93.1837 571
288.949 -93.3469 572
287.974 -93.3469 572
286.998 -93.3469 572
286.023 -93.3469 572
283.553 -92.8574 569
282.583 -92.8574 569
281.118 -92.6942 568
279.657 -92.531 567
278.199 -92.3678 566
277.234 -92.3678 566
276.269 -92.3678 566
274.818 -92.2046 565
273.37 -92.0414 564
272.408 -92.0414 564
271.447 -92.0414 564
270.006 -91.8782 563
269.046 -91.8782 563
268.086 -91.8782 563
266.177 -91.5518 561
264.748 -91.3886 560
263.323 -91.2254 559
262.37 -91.2254 559
260.481 -90.899 557
258.6 -90.5726 555
257.19 -90.4095 554
255.32 -90.0831 552
254.379 -90.0831 552
252.52 -89.7567 550
250.667 -89.4303 548
248.366 -88.9407 545
247.437 -88.9407 545
245.603 -88.6143 543
244.227 -88.4511 542
242.854 -88.2879 541
241.485 -88.1247 540
240.564 -88.1247 540
239.643 -88.1247 540
238.723 -88.1247 540
238.243 -88.2879 541
237.32 -88.2879 541
236.398 -88.2879 541
235.476 -88.2879 541
234.554 -88.2879 541
233.631 -88.2879 541
232.709 -88.2879 541
231.787 -88.2879 541
230.865 -88.2879 541
229.942 -88.2879 541
229.02 -88.2879 541
228.098 -88.2879 541
227.175 -88.2879 541
226.253 -88.2879 541
225.747 -88.4511 542
224.823 -88.4511 542
223.899 -88.4511 542
222.976 -88.4511 542
222.052 -88.4511 542
221.128 -88.4511 542
220.204 -88.4511 542
218.875 -88.2879 541
217.55 -88.1247 540
215.827 -87.7983 538
214.51 -87.6352 537
213.595 -87.6352 537
211.491 -87.1456 534
209.792 -86.8192 532
208.493 -86.656 531
207.588 -86.656 531
206.293 -86.4928 530
205.002 -86.3296 529
203.714 -86.1664 528
202.814 -86.1664 528
201.914 -86.1664 528
200.633 -86.0032 527
199.735 -86.0032 527
198.459 -85.84 526
197.563 -85.84 526
195.918 -85.5136 524
194.28 -85.1872 522
192.65 -84.8609 520
191.763 -84.8609 520
190.877 -84.8609 520
189.625 -84.6977 519
188.376 -84.5345 518
187.493 -84.5345 518
186.61 -84.5345 518
185.727 -84.5345 518
184.844 -84.5345 518
183.961 -84.5345 518
183.078 -84.5345 518
182.195 -84.5345 518
181.312 -84.5345 518
180.429 -84.5345 518
179.546 -84.5345 518
178.663 -84.5345 518
177.78 -84.5345 518
176.897 -84.5345 518
176.014 -84.5345 518
175.131 -84.5345 518
174.247 -84.5345 518
173.364 -84.5345 518
172.481 -84.5345 518
171.598 -84.5345 518
170.715 -84.5345 518
169.832 -84.5345 518
168.949 -84.5345 518
150.009 -78.3331 480
149.191 -78.3331 480
148.372 -78.3331 480
147.554 -78.3331 480
146.736 -78.3331 480
145.918 -78.3331 480
145.099 -78.3331 480
144.281 -78.3331 480
143.463 -78.3331 480
142.644 -78.3331 480
141.826 -78.3331 480
141.008 -78.3331 480
140.19 -78.3331 480
139.371 -78.3331 480
138.553 -78.3331 480
113.025 -72.9477 447
112.263 -72.9477 447
111.501 -72.9477 447
110.491 -72.7845 446
109.731 -72.7845 446
108.726 -72.6213 445
107.968 -72.6213 445
107.209 -72.6213 445
106.45 -72.6213 445
105.692 -72.6213 445
104.933 -72.6213 445
104.175 -72.6213 445
103.416 -72.6213 445
102.657 -72.6213 445
101.899 -72.6213 445
100.913 -72.4581 444
99.9304 -72.2949 443
99.1752 -72.2949 443
98.1978 -72.1317 442
97.4443 -72.1317 442
96.472 -71.9685 441
95.5032 -71.8053 440
94.7531 -71.8053 440
94.003 -71.8053 440
93.041 -71.6421 439
291.77 -93.6632 568
291.825 -93.993 570
290.854 -93.993 570
289.882 -93.993 570
288.91 -93.993 570
288.444 -94.1579 571
287.47 -94.1579 571
286.497 -94.1579 571
284.523 -93.8281 569
283.055 -93.6632 568
282.087 -93.6632 568
280.128 -93.3334 566
279.164 -93.3334 566
278.199 -93.3334 566
277.234 -93.3334 566
275.781 -93.1685 565
274.331 -93.0036 564
273.37 -93.0036 564
272.408 -93.0036 564
270.966 -92.8387 563
270.006 -92.8387 563
268.568 -92.6738 562
267.61 -92.6738 562
266.177 -92.5089 561
264.276 -92.1791 559
262.852 -92.0142 558
261.9 -92.0142 558
260.014 -91.6844 556
258.134 -91.3546 554
256.725 -91.1897 553
254.858 -90.8599 551
253.918 -90.8599 551
252.061 -90.5301 549
250.21 -90.2003 547
247.455 -89.5407 543
246.529 -89.5407 543
244.699 -89.2109 541
243.776 -89.2109 541
242.405 -89.046 540
241.485 -89.046 540
240.564 -89.046 540
239.643 -89.046 540
238.723 -89.046 540
237.802 -89.046 540
236.882 -89.046 540
235.961 -89.046 540
235.041 -89.046 540
234.12 -89.046 540
233.2 -89.046 540
232.279 -89.046 540
231.358 -89.046 540
230.438 -89.046 540
229.517 -89.046 540
228.597 -89.046 540
228.098 -89.2109 541
227.175 -89.2109 541
226.253 -89.2109 541
225.331 -89.2109 541
224.409 -89.2109 541
223.486 -89.2109 541
222.564 -89.2109 541
221.642 -89.2109 541
220.312 -89.046 540
219.391 -89.046 540
218.47 -89.046 540
216.744 -88.7162 538
215.025 -88.3864 536
213.312 -88.0566 534
212.402 -88.0566 534
210.699 -87.7268 532
209.398 -87.5619 531
208.1 -87.397 530
207.197 -87.397 530
205.904 -87.2321 529
204.615 -87.0672 528
203.329 -86.9023 527
202.43 -86.9023 527
200.767 -86.5725 525
198.73 -86.0778 522
197.84 -86.0778 522
196.95 -86.0778 522
196.06 -86.0778 522
194.796 -85.9129 521
193.536 -85.748 520
192.65 -85.748 520
191.763 -85.748 520
190.51 -85.5831 519
189.259 -85.4182 518
188.376 -85.4182 518
187.493 -85.4182 518
186.61 -85.4182 518
185.727 -85.4182 518
184.844 -85.4182 518
183.961 -85.4182 518
183.078 -85.4182 518
182.195 -85.4182 518
181.312 -85.4182 518
180.429 -85.4182 518
179.546 -85.4182 518
178.663 -85.4182 518
177.78 -85.4182 518
176.897 -85.4182 518
176.014 -85.4182 518
175.131 -85.4182 518
174.247 -85.4182 518
173.364 -85.4182 518
172.481 -85.4182 518
171.598 -85.4182 518
170.715 -85.4182 518
169.832 -85.4182 518
168.949 -85.4182 518
151.645 -79.152 480
150.827 -79.152 480
150.009 -79.152 480
149.191 -79.152 480
148.372 -79.152 480
147.554 -79.152 480
146.736 -79.152 480
145.918 -79.152 480
145.099 -79.152 480
144.281 -79.152 480
143.463 -79.152 480
142.644 -79.152 480
141.826 -79.152 480
141.008 -79.152 480
139.898 -78.9871 479
139.081 -78.9871 479
138.264 -78.9871 479
114.549 -73.7103 447
113.787 -73.7103 447
113.025 -73.7103 447
112.263 -73.7103 447
111.501 -73.7103 447
110.491 -73.5454 446
109.485 -73.3805 445
108.726 -73.3805 445
107.968 -73.3805 445
106.968 -73.2156 444
106.211 -73.2156 444
105.454 -73.2156 444
104.697 -73.2156 444
103.94 -73.2156 444
102.951 -73.0507 443
102.196 -73.0507 443
101.441 -73.0507 443
100.686 -73.0507 443
99.7048 -72.8858 442
98.9513 -72.8858 442
97.9756 -72.7209 441
97.2238 -72.7209 441
96.472 -72.7209 441
95.5032 -72.556 440
94.5378 -72.3911 439
93.7894 -72.3911 439
291.77 -94.6323 568
291.825 -94.9655 570
290.854 -94.9655 570
289.882 -94.9655 570
288.91 -94.9655 570
288.444 -95.1321 571
287.47 -95.1321 571
286.497 -95.1321 571
284.523 -94.7989 569
283.055 -94.6323 568
282.087 -94.6323 568
280.128 -94.2991 566
279.164 -94.2991 566
278.199 -94.2991 566
277.234 -94.2991 566
275.781 -94.1325 565
274.331 -93.9659 564
273.37 -93.9659 564
272.408 -93.9659 564
270.966 -93.7993 563
270.006 -93.7993 563
268.568 -93.6327 562
267.61 -93.6327 562
266.177 -93.4661 561
264.276 -93.1328 559
262.852 -92.9662 558
261.9 -92.9662 558
260.014 -92.633 556
258.134 -92.2998 554
256.725 -92.1332 553
254.858 -91.8 551
253.918 -91.8 551
252.061 -91.4668 549
248.838 -90.6338 544
246.999 -90.3005 542
246.075 -90.3005 542
244.246 -89.9673 540
243.326 -89.9673 540
242.405 -89.9673 540
241.485 -89.9673 540
240.564 -89.9673 540
239.643 -89.9673 540
238.723 -89.9673 540
237.802 -89.9673 540
236.882 -89.9673 540
235.524 -89.8007 539
234.605 -89.8007 539
233.687 -89.8007 539
232.768 -89.8007 539
231.849 -89.8007 539
230.93 -89.8007 539
230.011 -89.8007 539
229.092 -89.8007 539
228.173 -89.8007 539
227.254 -89.8007 539
226.756 -89.9673 540
225.835 -89.9673 540
224.914 -89.9673 540
223.994 -89.9673 540
223.073 -89.9673 540
222.153 -89.9673 540
220.822 -89.8007 539
219.904 -89.8007 539
218.172 -89.4675 537
217.257 -89.4675 537
215.536 -89.1343 535
213.42 -88.6345 532
212.114 -88.4679 531
211.208 -88.4679 531
209.907 -88.3013 530
208.609 -88.1347 529
207.707 -88.1347 529
206.806 -88.1347 529
204.736 -87.6348 526
202.677 -87.135 523
201.014 -86.8018 521
199.741 -86.6352 520
198.855 -86.6352 520
197.968 -86.6352 520
196.703 -86.4686 519
195.818 -86.4686 519
194.933 -86.4686 519
194.049 -86.4686 519
192.792 -86.302 518
191.909 -86.302 518
191.026 -86.302 518
190.143 -86.302 518
188.894 -86.1354 517
188.013 -86.1354 517
187.131 -86.1354 517
186.25 -86.1354 517
185.369 -86.1354 517
184.487 -86.1354 517
183.606 -86.1354 517
182.725 -86.1354 517
181.843 -86.1354 517
180.962 -86.1354 517
180.081 -86.1354 517
179.199 -86.1354 517
178.318 -86.1354 517
177.436 -86.1354 517
176.555 -86.1354 517
175.674 -86.1354 517
174.792 -86.1354 517
174.247 -86.302 518
173.364 -86.302 518
172.481 -86.302 518
171.598 -86.302 518
170.715 -86.302 518
169.832 -86.302 518
151.645 -79.971 480
150.827 -79.971 480
150.009 -79.971 480
149.191 -79.971 480
148.372 -79.971 480
147.554 -79.971 480
146.736 -79.971 480
145.918 -79.971 480
145.099 -79.971 480
144.281 -79.971 480
143.463 -79.971 480
142.644 -79.971 480
141.826 -79.971 480
141.008 -79.971 480
139.898 -79.8044 479
139.081 -79.8044 479
138.264 -79.8044 479
118.123 -74.8062 449
117.358 -74.8062 449
116.592 -74.8062 449
115.569 -74.6396 448
114.805 -74.6396 448
114.042 -74.6396 448
113.278 -74.6396 448
112.263 -74.473 447
111.501 -74.473 447
110.491 -74.3064 446
109.485 -74.1397 445
108.482 -73.9731 444
107.725 -73.9731 444
106.968 -73.9731 444
106.211 -73.9731 444
105.217 -73.8065 443
104.462 -73.8065 443
103.706 -73.8065 443
102.951 -73.8065 443
101.965 -73.6399 442
101.212 -73.6399 442
100.458 -73.6399 442
99.4792 -73.4733 441
98.7274 -73.4733 441
97.9756 -73.4733 441
97.2238 -73.4733 441
96.2533 -73.3067 440
95.2861 -73.1401 439
94.5378 -73.1401 439
93.7894 -73.1401 439
292.283 -95.7697 569
291.825 -95.938 570
290.854 -95.938 570
289.882 -95.938 570
288.91 -95.938 570
287.938 -95.938 570
286.967 -95.938 570
285.995 -95.938 570
284.523 -95.7697 569
282.557 -95.4331 567
281.59 -95.4331 567
280.128 -95.2647 566
279.164 -95.2647 566
277.707 -95.0964 565
276.744 -95.0964 565
275.781 -95.0964 565
274.331 -94.9281 564
272.885 -94.7598 563
271.925 -94.7598 563
270.966 -94.7598 563
269.526 -94.5915 562
268.568 -94.5915 562
267.61 -94.5915 562
265.703 -94.2549 560
263.803 -93.9182 558
261.909 -93.5816 556
260.023 -93.245 554
259.078 -93.245 554
257.668 -93.0767 553
255.797 -92.7401 551
254.395 -92.5718 550
253.457 -92.5718 550
251.142 -92.0668 547
248.838 -91.5619 544
246.999 -91.2253 542
246.075 -91.2253 542
244.246 -90.8886 540
243.326 -90.8886 540
242.405 -90.8886 540
241.485 -90.8886 540
240.564 -90.8886 540
239.643 -90.8886 540
238.723 -90.8886 540
237.802 -90.8886 540
236.882 -90.8886 540
235.524 -90.7203 539
234.605 -90.7203 539
233.687 -90.7203 539
232.768 -90.7203 539
231.849 -90.7203 539
230.93 -90.7203 539
230.011 -90.7203 539
229.092 -90.7203 539
228.173 -90.7203 539
227.254 -90.7203 539
226.756 -90.8886 540
225.835 -90.8886 540
224.914 -90.8886 540
223.994 -90.8886 540
223.073 -90.8886 540
222.153 -90.8886 540
220.413 -90.552 538
219.088 -90.3837 537
217.36 -90.0471 535
216.448 -90.0471 535
214.327 -89.5421 532
212.618 -89.2055 530
211.714 -89.2055 530
210.811 -89.2055 530
209.511 -89.0372 529
208.215 -88.8689 528
206.137 -88.3639 525
204.46 -88.0273 523
203.568 -88.0273 523
201.902 -87.6907 521
200.628 -87.5224 520
199.741 -87.5224 520
198.855 -87.5224 520
197.588 -87.3541 519
196.703 -87.3541 519
195.818 -87.3541 519
194.933 -87.3541 519
193.675 -87.1858 518
192.792 -87.1858 518
191.538 -87.0174 517
190.657 -87.0174 517
189.775 -87.0174 517
188.894 -87.0174 517
187.649 -86.8491 516
186.769 -86.8491 516
185.89 -86.8491 516
185.01 -86.8491 516
184.13 -86.8491 516
183.251 -86.8491 516
182.018 -86.6808 515
181.14 -86.6808 515
180.262 -86.6808 515
179.384 -86.6808 515
178.506 -86.6808 515
177.973 -86.8491 516
177.093 -86.8491 516
176.214 -86.8491 516
175.334 -86.8491 516
174.454 -86.8491 516
173.911 -87.0174 517
173.03 -87.0174 517
172.148 -87.0174 517
171.267 -87.0174 517
151.645 -80.7899 480
150.827 -80.7899 480
150.009 -80.7899 480
149.191 -80.7899 480
148.372 -80.7899 480
147.554 -80.7899 480
146.736 -80.7899 480
145.918 -80.7899 480
145.099 -80.7899 480
144.281 -80.7899 480
143.463 -80.7899 480
142.644 -80.7899 480
141.826 -80.7899 480
140.714 -80.6216 479
139.898 -80.6216 479
139.081 -80.6216 479
138.264 -80.6216 479
118.123 -75.5722 449
117.358 -75.5722 449
116.592 -75.5722 449
115.569 -75.4039 448
114.805 -75.4039 448
114.042 -75.4039 448
113.278 -75.4039 448
112.263 -75.2356 447
111.501 -75.2356 447
110.491 -75.0673 446
109.485 -74.899 445
108.482 -74.7306 444
107.725 -74.7306 444
106.968 -74.7306 444
106.211 -74.7306 444
105.217 -74.5623 443
104.462 -74.5623 443
103.706 -74.5623 443
102.951 -74.5623 443
101.965 -74.394 442
101.212 -74.394 442
100.458 -74.394 442
99.4792 -74.2257 441
98.7274 -74.2257 441
97.9756 -74.2257 441
97.2238 -74.2257 441
96.2533 -74.0574 440
95.2861 -73.8891 439
94.3224 -73.7208 438
93.5757 -73.7208 438
292.283 -96.7405 569
291.313 -96.7405 569
290.854 -96.9105 570
289.882 -96.9105 570
288.91 -96.9105 570
287.938 -96.9105 570
286.967 -96.9105 570
285.493 -96.7405 569
284.023 -96.5704 568
282.058 -96.2304 566
281.093 -96.2304 566
280.128 -96.2304 566
278.67 -96.0604 565
277.707 -96.0604 565
276.744 -96.0604 565
275.293 -95.8904 564
273.845 -95.7203 563
272.885 -95.7203 563
271.925 -95.7203 563
270.484 -95.5503 562
269.526 -95.5503 562
268.09 -95.3803 561
267.134 -95.3803 561
265.229 -95.0403 559
263.33 -94.7002 557
261.438 -94.3602 555
259.554 -94.0202 553
258.611 -94.0202 553
257.202 -93.8501 552
255.333 -93.5101 550
253.932 -93.3401 549
252.997 -93.3401 549
250.683 -92.83 546
248.38 -92.32 543
246.087 -91.8099 540
245.167 -91.8099 540
244.246 -91.8099 540
243.326 -91.8099 540
242.405 -91.8099 540
241.037 -91.6399 539
240.119 -91.6399 539
239.2 -91.6399 539
238.281 -91.6399 539
236.922 -91.4699 538
236.443 -91.6399 539
235.524 -91.6399 539
234.605 -91.6399 539
233.687 -91.6399 539
232.768 -91.6399 539
231.849 -91.6399 539
230.93 -91.6399 539
230.011 -91.6399 539
229.092 -91.6399 539
227.75 -91.4699 538
227.254 -91.6399 539
226.336 -91.6399 539
225.417 -91.6399 539
224.498 -91.6399 539
223.579 -91.6399 539
222.66 -91.6399 539
221.741 -91.6399 539
220.413 -91.4699 538
219.088 -91.2999 537
217.36 -90.9598 535
216.448 -90.9598 535
214.327 -90.4498 532
212.618 -90.1097 530
211.714 -90.1097 530
210.811 -90.1097 530
209.511 -89.9397 529
208.215 -89.7697 528
206.137 -89.2596 525
204.46 -88.9196 523
203.568 -88.9196 523
201.902 -88.5796 521
200.628 -88.4096 520
199.741 -88.4096 520
198.855 -88.4096 520
197.588 -88.2395 519
196.703 -88.2395 519
195.818 -88.2395 519
194.933 -88.2395 519
193.675 -88.0695 518
192.792 -88.0695 518
191.538 -87.8995 517
190.657 -87.8995 517
189.775 -87.8995 517
188.894 -87.8995 517
187.649 -87.7295 516
186.769 -87.7295 516
185.89 -87.7295 516
185.01 -87.7295 516
183.774 -87.5595 515
182.896 -87.5595 515
181.664 -87.3894 514
180.788 -87.3894 514
179.912 -87.3894 514
179.036 -87.3894 514
178.159 -87.3894 514
177.283 -87.3894 514
176.407 -87.3894 514
175.872 -87.5595 515
174.994 -87.5595 515
174.454 -87.7295 516
173.575 -87.7295 516
172.695 -87.7295 516
171.815 -87.7295 516
170.936 -87.7295 516
151.645 -81.6088 480
150.827 -81.6088 480
150.009 -81.6088 480
149.191 -81.6088 480
148.372 -81.6088 480
147.554 -81.6088 480
146.43 -81.4388 479
145.614 -81.4388 479
144.797 -81.4388 479
143.98 -81.4388 479
143.164 -81.4388 479
142.347 -81.4388 479
141.531 -81.4388 479
140.714 -81.4388 479
139.605 -81.2688 478
138.791 -81.2688 478
137.976 -81.2688 478
118.123 -76.3382 449
117.358 -76.3382 449
116.592 -76.3382 449
115.569 -76.1682 448
114.805 -76.1682 448
114.042 -76.1682 448
113.278 -76.1682 448
112.263 -75.9982 447
111.501 -75.9982 447
110.491 -75.8282 446
109.485 -75.6582 445
108.482 -75.4882 444
107.725 -75.4882 444
106.727 -75.3181 443
105.972 -75.3181 443
105.217 -75.3181 443
104.226 -75.1481 442
103.472 -75.1481 442
102.719 -75.1481 442
101.735 -74.9781 441
100.983 -74.9781 441
100.231 -74.9781 441
99.4792 -74.9781 441
98.5035 -74.8081 440
97.7535 -74.8081 440
97.0034 -74.8081 440
96.0345 -74.6381 439
95.2861 -74.6381 439
94.3224 -74.468 438
93.5757 -74.468 438
92.4052 -74.128 436
292.283 -97.7112 569
291.313 -97.7112 569
290.854 -97.8829 570
289.882 -97.8829 570
288.91 -97.8829 570
287.433 -97.7112 569
286.463 -97.7112 569
285.493 -97.7112 569
283.523 -97.3678 567
282.058 -97.1961 566
281.093 -97.1961 566
279.634 -97.0243 565
278.67 -97.0243 565
277.216 -96.8526 564
276.254 -96.8526 564
275.293 -96.8526 564
273.845 -96.6809 563
272.4 -96.5092 562
271.442 -96.5092 562
270.484 -96.5092 562
269.047 -96.3374 561
267.612 -96.1657 560
266.658 -96.1657 560
264.28 -95.6505 557
262.384 -95.3071 555
260.967 -95.1354 554
259.084 -94.7919 552
258.143 -94.7919 552
256.736 -94.6202 551
255.333 -94.4485 550
253.932 -94.2767 549
252.997 -94.2767 549
249.306 -93.2464 543
247.923 -93.0747 542
246.087 -92.7312 540
245.167 -92.7312 540
244.246 -92.7312 540
242.875 -92.5595 539
241.507 -92.3878 538
240.143 -92.216 537
239.228 -92.216 537
238.312 -92.216 537
237.839 -92.3878 538
236.922 -92.3878 538
236.004 -92.3878 538
235.087 -92.3878 538
234.605 -92.5595 539
233.687 -92.5595 539
232.768 -92.5595 539
231.849 -92.5595 539
230.93 -92.5595 539
229.584 -92.3878 538
228.667 -92.3878 538
227.75 -92.3878 538
226.833 -92.3878 538
226.336 -92.5595 539
225.417 -92.5595 539
224.498 -92.5595 539
223.164 -92.3878 538
221.834 -92.216 537
220.919 -92.216 537
220.003 -92.216 537
218.272 -91.8726 535
216.141 -91.3574 532
215.234 -91.3574 532
213.521 -91.014 530
212.618 -91.014 530
211.315 -90.8422 529
210.413 -90.8422 529
209.115 -90.6705 528
207.032 -90.1553 525
205.352 -89.8119 523
204.069 -89.6402 522
203.179 -89.6402 522
201.514 -89.2967 520
200.628 -89.2967 520
199.357 -89.125 519
198.472 -89.125 519
197.588 -89.125 519
196.703 -89.125 519
195.441 -88.9533 518
194.558 -88.9533 518
193.301 -88.7816 517
192.42 -88.7816 517
191.538 -88.7816 517
190.657 -88.7816 517
189.775 -88.7816 517
188.529 -88.6098 516
187.649 -88.6098 516
186.769 -88.6098 516
185.89 -88.6098 516
185.01 -88.6098 516
183.774 -88.4381 515
182.896 -88.4381 515
181.664 -88.2664 514
180.788 -88.2664 514
179.912 -88.2664 514
179.036 -88.2664 514
178.159 -88.2664 514
177.283 -88.2664 514
176.407 -88.2664 514
175.872 -88.4381 515
174.994 -88.4381 515
174.454 -88.6098 516
173.575 -88.6098 516
172.695 -88.6098 516
171.815 -88.6098 516
170.936 -88.6098 516
151.645 -82.4277 480
150.827 -82.4277 480
150.009 -82.4277 480
149.191 -82.4277 480
148.372 -82.4277 480
147.554 -82.4277 480
146.43 -82.256 479
145.614 -82.256 479
144.797 -82.256 479
143.98 -82.256 479
143.164 -82.256 479
142.347 -82.256 479
141.531 -82.256 479
140.42 -82.0843 478
139.605 -82.0843 478
138.21 -81.7409 476
137.398 -81.7409 476
118.889 -77.1043 449
118.123 -77.1043 449
117.358 -77.1043 449
116.592 -77.1043 449
115.569 -76.9326 448
114.805 -76.9326 448
114.042 -76.9326 448
113.278 -76.9326 448
112.263 -76.7608 447
111.501 -76.7608 447
110.491 -76.5891 446
109.239 -76.2457 444
108.238 -76.0739 443
107.482 -76.0739 443
106.727 -76.0739 443
105.733 -75.9022 442
104.979 -75.9022 442
103.99 -75.7305 441
103.238 -75.7305 441
102.486 -75.7305 441
101.735 -75.7305 441
100.754 -75.5588 440
100.004 -75.5588 440
99.2536 -75.5588 440
98.5035 -75.5588 440
97.7535 -75.5588 440
97.0034 -75.5588 440
96.0345 -75.387 439
95.2861 -75.387 439
94.1071 -75.0436 437
93.3621 -75.0436 437
92.4052 -74.8719 436
292.283 -98.682 569
291.313 -98.682 569
290.343 -98.682 569
289.373 -98.682 569
288.403 -98.682 569
287.433 -98.682 569
286.463 -98.682 569
285.493 -98.682 569
283.523 -98.3351 567
282.058 -98.1617 566
281.093 -98.1617 566
279.634 -97.9883 565
278.67 -97.9883 565
277.216 -97.8148 564
276.254 -97.8148 564
275.293 -97.8148 564
273.845 -97.6414 563
272.4 -97.468 562
271.442 -97.468 562
270.484 -97.468 562
269.047 -97.2946 561
267.612 -97.1211 560
266.658 -97.1211 560
264.28 -96.6008 557
262.384 -96.254 555
260.967 -96.0805 554
259.084 -95.7337 552
258.143 -95.7337 552
256.736 -95.5602 551
255.333 -95.3868 550
253.932 -95.2134 549
252.997 -95.2134 549
249.765 -94.3462 544
247.923 -93.9994 542
246.087 -93.6525 540
245.167 -93.6525 540
243.794 -93.4791 539
242.425 -93.3056 538
241.507 -93.3056 538
240.143 -93.1322 537
239.228 -93.1322 537
238.312 -93.1322 537
237.397 -93.1322 537
236.922 -93.3056 538
236.004 -93.3056 538
235.087 -93.3056 538
234.17 -93.3056 538
233.687 -93.4791 539
232.768 -93.4791 539
231.849 -93.4791 539
230.93 -93.4791 539
230.011 -93.4791 539
228.667 -93.3056 538
227.75 -93.3056 538
226.833 -93.3056 538
225.916 -93.3056 538
224.999 -93.3056 538
224.081 -93.3056 538
223.164 -93.3056 538
221.834 -93.1322 537
220.919 -93.1322 537
219.184 -92.7854 535
217.456 -92.4385 533
215.735 -92.0916 531
214.829 -92.0916 531
213.521 -91.9182 530
212.217 -91.7448 529
210.915 -91.5714 528
210.015 -91.5714 528
207.927 -91.0511 525
206.243 -90.7042 523
204.959 -90.5308 522
203.287 -90.1839 520
202.401 -90.1839 520
201.514 -90.1839 520
200.242 -90.0105 519
199.357 -90.0105 519
198.472 -90.0105 519
197.207 -89.837 518
196.324 -89.837 518
195.064 -89.6636 517
194.182 -89.6636 517
193.301 -89.6636 517
192.047 -89.4902 516
191.168 -89.4902 516
190.288 -89.4902 516
189.041 -89.3167 515
188.163 -89.3167 515
186.922 -89.1433 514
186.046 -89.1433 514
184.809 -88.9699 513
183.934 -88.9699 513
183.06 -88.9699 513
182.185 -88.9699 513
180.957 -88.7965 512
180.085 -88.7965 512
179.212 -88.7965 512
178.687 -88.9699 513
177.813 -88.9699 513
176.938 -88.9699 513
176.064 -88.9699 513
175.189 -88.9699 513
174.315 -88.9699 513
173.778 -89.1433 514
173.238 -89.3167 515
172.695 -89.4902 516
171.815 -89.4902 516
170.936 -89.4902 516
151.645 -83.2467 480
150.827 -83.2467 480
150.009 -83.2467 480
149.191 -83.2467 480
148.372 -83.2467 480
147.554 -83.2467 480
146.736 -83.2467 480
145.614 -83.0732 479
144.797 -83.0732 479
143.98 -83.0732 479
143.164 -83.0732 479
142.347 -83.0732 479
141.531 -83.0732 479
140.42 -82.8998 478
139.605 -82.8998 478
138.21 -82.553 476
137.398 -82.553 476
122.494 -78.2172 451
121.725 -78.2172 451
120.956 -78.2172 451
119.921 -78.0438 450
118.889 -77.8703 449
118.123 -77.8703 449
117.358 -77.8703 449
116.592 -77.8703 449
115.569 -77.6969 448
114.805 -77.6969 448
114.042 -77.6969 448
113.025 -77.5235 447
112.012 -77.35 446
111.252 -77.35 446
110.243 -77.1766 445
109.239 -77.0032 444
108.238 -76.8297 443
107.482 -76.8297 443
106.727 -76.8297 443
105.733 -76.6563 442
104.979 -76.6563 442
103.99 -76.4829 441
103.238 -76.4829 441
102.486 -76.4829 441
101.504 -76.3095 440
100.754 -76.3095 440
100.004 -76.3095 440
99.2536 -76.3095 440
98.5035 -76.3095 440
97.7535 -76.3095 440
97.0034 -76.3095 440
96.0345 -76.136 439
95.2861 -76.136 439
94.1071 -75.7892 437
93.3621 -75.7892 437
92.4052 -75.6157 436
290.742 -99.1274 566
289.777 -99.1274 566
288.812 -99.1274 566
287.848 -99.1274 566
286.883 -99.1274 566
285.918 -99.1274 566
284.953 -99.1274 566
283.988 -99.1274 566
283.023 -99.1274 566
281.56 -98.9522 565
280.597 -98.9522 565
279.139 -98.7771 564
278.177 -98.7771 564
277.216 -98.7771 564
276.254 -98.7771 564
274.805 -98.602 563
273.358 -98.4268 562
272.4 -98.4268 562
271.442 -98.4268 562
270.003 -98.2517 561
268.567 -98.0765 560
266.657 -97.7263 558
265.705 -97.7263 558
263.805 -97.376 556
261.912 -97.0257 554
260.025 -96.6755 552
259.084 -96.6755 552
258.143 -96.6755 552
256.27 -96.3252 550
255.333 -96.3252 550
253.47 -95.9749 548
252.536 -95.9749 548
249.765 -95.2744 544
247.923 -94.9241 542
246.087 -94.5738 540
245.167 -94.5738 540
243.794 -94.3987 539
242.425 -94.2235 538
241.507 -94.2235 538
240.143 -94.0484 537
239.228 -94.0484 537
238.312 -94.0484 537
237.397 -94.0484 537
236.922 -94.2235 538
236.004 -94.2235 538
235.087 -94.2235 538
234.605 -94.3987 539
233.687 -94.3987 539
232.768 -94.3987 539
231.849 -94.3987 539
230.93 -94.3987 539
230.011 -94.3987 539
228.667 -94.2235 538
227.75 -94.2235 538
226.833 -94.2235 538
225.916 -94.2235 538
224.999 -94.2235 538
224.081 -94.2235 538
223.164 -94.2235 538
221.834 -94.0484 537
220.919 -94.0484 537
219.184 -93.6981 535
216.64 -92.9976 531
215.328 -92.8224 530
214.425 -92.8224 530
213.118 -92.6473 529
211.815 -92.4722 528
209.717 -91.9468 525
208.822 -91.9468 525
207.135 -91.5965 523
205.455 -91.2462 521
204.174 -91.0711 520
203.287 -91.0711 520
202.401 -91.0711 520
201.127 -90.8959 519
199.856 -90.7208 518
198.973 -90.7208 518
198.09 -90.7208 518
196.826 -90.5457 517
195.945 -90.5457 517
194.686 -90.3705 516
193.807 -90.3705 516
192.553 -90.1954 515
191.303 -90.0203 514
190.056 -89.8451 513
189.182 -89.8451 513
188.307 -89.8451 513
187.067 -89.67 512
186.194 -89.67 512
185.322 -89.67 512
184.089 -89.4949 511
183.217 -89.4949 511
182.346 -89.4949 511
181.475 -89.4949 511
180.604 -89.4949 511
179.733 -89.4949 511
178.862 -89.4949 511
177.991 -89.4949 511
177.12 -89.4949 511
176.248 -89.4949 511
175.377 -89.4949 511
174.506 -89.4949 511
173.635 -89.4949 511
172.764 -89.4949 511
172.229 -89.67 512
171.356 -89.67 512
170.483 -89.67 512
169.611 -89.67 512
151.645 -84.0656 480
150.827 -84.0656 480
150.009 -84.0656 480
149.191 -84.0656 480
148.372 -84.0656 480
147.554 -84.0656 480
146.736 -84.0656 480
145.614 -83.8905 479
144.797 -83.8905 479
143.98 -83.8905 479
143.164 -83.8905 479
142.347 -83.8905 479
141.531 -83.8905 479
140.42 -83.7153 478
139.021 -83.3651 476
138.21 -83.3651 476
137.398 -83.3651 476
122.494 -78.9866 451
121.725 -78.9866 451
120.956 -78.9866 451
119.921 -78.8115 450
118.889 -78.6364 449
118.123 -78.6364 449
117.358 -78.6364 449
116.592 -78.6364 449
115.569 -78.4612 448
114.805 -78.4612 448
114.042 -78.4612 448
113.025 -78.2861 447
112.012 -78.111 446
111.252 -78.111 446
110.243 -77.9358 445
109.239 -77.7607 444
108.238 -77.5855 443
107.482 -77.5855 443
106.727 -77.5855 443
105.733 -77.4104 442
104.979 -77.4104 442
103.99 -77.2353 441
103.238 -77.2353 441
102.486 -77.2353 441
101.504 -77.0601 440
100.754 -77.0601 440
100.004 -77.0601 440
99.2536 -77.0601 440
98.5035 -77.0601 440
97.7535 -77.0601 440
97.0034 -77.0601 440
96.0345 -76.885 439
95.2861 -76.885 439
94.1071 -76.5347 437
93.3621 -76.5347 437
92.4052 -76.3596 436
292.155 -99.9162 565
291.192 -99.9162 565
290.229 -99.9162 565
289.265 -99.9162 565
288.302 -99.9162 565
287.339 -99.9162 565
286.376 -99.9162 565
285.413 -99.9162 565
284.449 -99.9162 565
283.486 -99.9162 565
282.523 -99.9162 565
281.062 -99.7393 564
280.1 -99.7393 564
278.644 -99.5625 563
277.684 -99.5625 563
276.724 -99.5625 563
275.764 -99.5625 563
274.316 -99.3857 562
273.358 -99.3857 562
271.916 -99.2088 561
270.959 -99.2088 561
269.522 -99.032 560
268.087 -98.8551 559
265.701 -98.3246 556
264.753 -98.3246 556
262.856 -97.9709 554
261.912 -97.9709 554
260.025 -97.6172 552
259.084 -97.6172 552
258.143 -97.6172 552
256.27 -97.2635 550
255.333 -97.2635 550
253.007 -96.733 547
252.075 -96.733 547
249.765 -96.2025 544
247.923 -95.8488 542
246.087 -95.4951 540
245.167 -95.4951 540
243.794 -95.3183 539
242.425 -95.1414 538
241.507 -95.1414 538
240.143 -94.9646 537
239.228 -94.9646 537
238.312 -94.9646 537
237.397 -94.9646 537
236.922 -95.1414 538
236.004 -95.1414 538
235.087 -95.1414 538
234.605 -95.3183 539
233.687 -95.3183 539
232.768 -95.3183 539
231.849 -95.3183 539
230.93 -95.3183 539
230.011 -95.3183 539
228.667 -95.1414 538
227.327 -94.9646 537
226.833 -95.1414 538
225.916 -95.1414 538
224.999 -95.1414 538
224.081 -95.1414 538
222.749 -94.9646 537
221.008 -94.6109 535
220.096 -94.6109 535
218.364 -94.2572 533
216.64 -93.9035 531
215.328 -93.7267 530
214.425 -93.7267 530
213.118 -93.5498 529
211.815 -93.373 528
209.717 -92.8425 525
208.822 -92.8425 525
207.135 -92.4888 523
205.455 -92.1351 521
204.174 -91.9582 520
203.287 -91.9582 520
202.401 -91.9582 520
201.127 -91.7814 519
199.856 -91.6046 518
198.973 -91.6046 518
198.09 -91.6046 518
196.826 -91.4277 517
195.945 -91.4277 517
194.686 -91.2509 516
193.807 -91.2509 516
192.553 -91.074 515
191.303 -90.8972 514
190.056 -90.7204 513
189.182 -90.7204 513
188.307 -90.7204 513
187.067 -90.5435 512
186.194 -90.5435 512
185.322 -90.5435 512
184.089 -90.3667 511
182.859 -90.1898 510
181.989 -90.1898 510
181.12 -90.1898 510
180.251 -90.1898 510
179.381 -90.1898 510
178.512 -90.1898 510
177.642 -90.1898 510
176.773 -90.1898 510
175.903 -90.1898 510
175.034 -90.1898 510
174.165 -90.1898 510
173.295 -90.1898 510
172.426 -90.1898 510
171.556 -90.1898 510
170.687 -90.1898 510
169.818 -90.1898 510
168.948 -90.1898 510
151.645 -84.8845 480
150.827 -84.8845 480
150.009 -84.8845 480
149.191 -84.8845 480
148.372 -84.8845 480
147.554 -84.8845 480
146.736 -84.8845 480
145.614 -84.7077 479
144.797 -84.7077 479
143.98 -84.7077 479
143.164 -84.7077 479
142.347 -84.7077 479
141.531 -84.7077 479
140.42 -84.5309 478
139.021 -84.1772 476
138.21 -84.1772 476
137.398 -84.1772 476
123.263 -79.7561 451
122.494 -79.7561 451
121.725 -79.7561 451
120.956 -79.7561 451
119.921 -79.5793 450
118.889 -79.4024 449
118.123 -79.4024 449
117.358 -79.4024 449
116.333 -79.2256 448
115.569 -79.2256 448
114.805 -79.2256 448
114.042 -79.2256 448
113.025 -79.0487 447
112.012 -78.8719 446
111.252 -78.8719 446
110.243 -78.695 445
109.239 -78.5182 444
108.238 -78.3414 443
107.482 -78.3414 443
106.486 -78.1645 442
105.494 -77.9877 441
104.742 -77.9877 441
103.754 -77.8108 440
103.004 -77.8108 440
102.254 -77.8108 440
101.504 -77.8108 440
100.754 -77.8108 440
100.004 -77.8108 440
99.2536 -77.8108 440
98.5035 -77.8108 440
97.7535 -77.8108 440
97.0034 -77.8108 440
96.0345 -77.634 439
95.2861 -77.634 439
93.8917 -77.1035 436
93.1484 -77.1035 436
92.4052 -77.1035 436
91.2414 -76.7498 434
292.52 -100.344 562
292.081 -100.523 563
292.155 -100.88 565
291.192 -100.88 565
290.229 -100.88 565
289.265 -100.88 565
288.302 -100.88 565
287.339 -100.88 565
286.376 -100.88 565
285.413 -100.88 565
284.449 -100.88 565
282.984 -100.702 564
282.023 -100.702 564
281.062 -100.702 564
280.1 -100.702 564
278.644 -100.523 563
277.191 -100.344 562
276.233 -100.344 562
275.275 -100.344 562
274.316 -100.344 562
272.872 -100.166 561
271.431 -99.9874 560
270.476 -99.9874 560
269.04 -99.8088 559
267.128 -99.4517 557
265.701 -99.2732 556
264.753 -99.2732 556
262.856 -98.9161 554
261.439 -98.7375 553
260.025 -98.559 552
259.084 -98.559 552
258.143 -98.559 552
256.27 -98.2019 550
254.868 -98.0233 549
253.007 -97.6662 547
252.075 -97.6662 547
249.765 -97.1306 544
247.923 -96.7735 542
246.087 -96.4164 540
245.167 -96.4164 540
243.794 -96.2379 539
242.425 -96.0593 538
241.507 -96.0593 538
240.143 -95.8808 537
239.228 -95.8808 537
238.312 -95.8808 537
237.397 -95.8808 537
236.922 -96.0593 538
236.004 -96.0593 538
235.087 -96.0593 538
234.605 -96.2379 539
233.687 -96.2379 539
232.768 -96.2379 539
231.849 -96.2379 539
230.93 -96.2379 539
230.011 -96.2379 539
228.667 -96.0593 538
227.327 -95.8808 537
226.411 -95.8808 537
225.496 -95.8808 537
224.58 -95.8808 537
223.665 -95.8808 537
221.09 -95.1666 533
219.355 -94.8095 531
218.45 -94.8095 531
217.545 -94.8095 531
216.232 -94.6309 530
214.922 -94.4524 529
214.02 -94.4524 529
212.715 -94.2738 528
210.211 -93.5596 524
208.518 -93.2025 522
207.231 -93.024 521
206.343 -93.024 521
205.06 -92.8454 520
204.174 -92.8454 520
202.896 -92.6669 519
202.012 -92.6669 519
200.739 -92.4883 518
199.856 -92.4883 518
198.589 -92.3098 517
197.708 -92.3098 517
196.826 -92.3098 517
195.566 -92.1312 516
194.309 -91.9527 515
193.431 -91.9527 515
192.179 -91.7741 514
190.931 -91.5956 513
189.686 -91.417 512
188.813 -91.417 512
187.94 -91.417 512
186.702 -91.2385 511
185.831 -91.2385 511
184.96 -91.2385 511
183.728 -91.0599 510
182.859 -91.0599 510
181.989 -91.0599 510
181.12 -91.0599 510
180.251 -91.0599 510
179.381 -91.0599 510
178.512 -91.0599 510
177.642 -91.0599 510
176.773 -91.0599 510
175.903 -91.0599 510
175.034 -91.0599 510
174.165 -91.0599 510
173.295 -91.0599 510
172.426 -91.0599 510
171.556 -91.0599 510
170.687 -91.0599 510
169.818 -91.0599 510
168.948 -91.0599 510
151.645 -85.7035 480
150.827 -85.7035 480
150.009 -85.7035 480
149.191 -85.7035 480
148.372 -85.7035 480
147.554 -85.7035 480
146.736 -85.7035 480
145.614 -85.5249 479
144.797 -85.5249 479
143.98 -85.5249 479
143.164 -85.5249 479
142.05 -85.3464 478
141.235 -85.3464 478
140.127 -85.1678 477
139.021 -84.9893 476
138.21 -84.9893 476
137.398 -84.9893 476
123.263 -80.5256 451
122.494 -80.5256 451
121.725 -80.5256 451
120.688 -80.347 450
119.654 -80.1684 449
118.889 -80.1684 449
118.123 -80.1684 449
117.358 -80.1684 449
116.333 -79.9899 448
115.569 -79.9899 448
114.805 -79.9899 448
113.787 -79.8114 447
112.772 -79.6328 446
111.761 -79.4543 445
111.002 -79.4543 445
109.996 -79.2757 444
108.993 -79.0972 443
107.993 -78.9186 442
107.24 -78.9186 442
106.486 -78.9186 442
105.494 -78.7401 441
104.504 -78.5615 440
103.754 -78.5615 440
103.004 -78.5615 440
102.254 -78.5615 440
101.504 -78.5615 440
100.754 -78.5615 440
100.004 -78.5615 440
99.2536 -78.5615 440
98.5035 -78.5615 440
97.5313 -78.383 439
96.7829 -78.383 439
96.0345 -78.383 439
95.0691 -78.2044 438
93.8917 -77.8473 436
93.1484 -77.8473 436
92.1932 -77.6688 435
91.2414 -77.4902 434
292.52 -101.303 562
292.081 -101.484 563
292.155 -101.844 565
291.192 -101.844 565
290.229 -101.844 565
289.265 -101.844 565
288.302 -101.844 565
286.83 -101.664 564
285.869 -101.664 564
284.907 -101.664 564
283.946 -101.664 564
282.984 -101.664 564
282.023 -101.664 564
281.062 -101.664 564
280.1 -101.664 564
278.644 -101.484 563
277.191 -101.303 562
276.233 -101.303 562
275.275 -101.303 562
274.316 -101.303 562
272.872 -101.123 561
271.431 -100.943 560
270.476 -100.943 560
269.04 -100.763 559
267.128 -100.402 557
265.701 -100.222 556
264.753 -100.222 556
262.856 -99.8613 554
261.439 -99.681 553
260.025 -99.5008 552
259.084 -99.5008 552
258.143 -99.5008 552
256.27 -99.1403 550
254.868 -98.96 549
253.007 -98.5995 547
252.075 -98.5995 547
249.765 -98.0587 544
247.923 -97.6982 542
246.087 -97.3377 540
245.167 -97.3377 540
243.794 -97.1574 539
242.425 -96.9772 538
241.058 -96.7969 537
239.249 -96.4364 535
238.337 -96.4364 535
237.425 -96.4364 535
236.955 -96.6167 536
236.481 -96.7969 537
235.566 -96.7969 537
234.65 -96.7969 537
234.17 -96.9772 538
233.253 -96.9772 538
232.336 -96.9772 538
231.419 -96.9772 538
230.501 -96.9772 538
229.584 -96.9772 538
228.242 -96.7969 537
225.633 -96.0759 533
224.725 -96.0759 533
223.396 -95.8957 532
222.489 -95.8957 532
221.582 -95.8957 532
219.846 -95.5351 530
218.942 -95.5351 530
218.039 -95.5351 530
216.726 -95.3549 529
215.824 -95.3549 529
214.109 -94.9944 527
213.211 -94.9944 527
211.104 -94.4536 524
209.408 -94.0931 522
208.119 -93.9129 521
207.231 -93.9129 521
206.343 -93.9129 521
205.06 -93.7326 520
204.174 -93.7326 520
202.896 -93.5523 519
202.012 -93.5523 519
200.739 -93.3721 518
199.856 -93.3721 518
198.589 -93.1918 517
197.708 -93.1918 517
196.826 -93.1918 517
195.187 -92.8313 515
193.932 -92.6511 514
193.055 -92.6511 514
191.805 -92.4708 513
190.559 -92.2906 512
189.686 -92.2906 512
188.813 -92.2906 512
187.573 -92.1103 511
186.702 -92.1103 511
185.467 -91.93 510
184.598 -91.93 510
183.728 -91.93 510
182.859 -91.93 510
181.989 -91.93 510
181.12 -91.93 510
179.897 -91.7498 509
179.029 -91.7498 509
178.162 -91.7498 509
177.294 -91.7498 509
176.426 -91.7498 509
175.559 -91.7498 509
174.691 -91.7498 509
173.823 -91.7498 509
172.955 -91.7498 509
172.088 -91.7498 509
171.556 -91.93 510
170.687 -91.93 510
169.818 -91.93 510
168.948 -91.93 510
150.009 -86.5224 480
149.191 -86.5224 480
148.372 -86.5224 480
147.554 -86.5224 480
146.736 -86.5224 480
145.614 -86.3421 479
144.797 -86.3421 479
143.98 -86.3421 479
143.164 -86.3421 479
142.05 -86.1619 478
141.235 -86.1619 478
140.127 -85.9816 477
139.021 -85.8014 476
138.21 -85.8014 476
137.398 -85.8014 476
123.263 -81.295 451
122.494 -81.295 451
121.725 -81.295 451
120.688 -81.1147 450
119.654 -80.9345 449
118.889 -80.9345 449
118.123 -80.9345 449
117.358 -80.9345 449
116.333 -80.7542 448
115.311 -80.574 447
114.549 -80.574 447
113.787 -80.574 447
112.772 -80.3937 446
111.761 -80.2135 445
111.002 -80.2135 445
109.996 -80.0332 444
108.747 -79.6727 442
107.993 -79.6727 442
107.24 -79.6727 442
106.245 -79.4925 441
105.254 -79.3122 440
104.504 -79.3122 440
103.754 -79.3122 440
103.004 -79.3122 440
102.022 -79.1319 439
101.273 -79.1319 439
100.525 -79.1319 439
99.7765 -79.1319 439
99.0281 -79.1319 439
98.2797 -79.1319 439
97.5313 -79.1319 439
96.7829 -79.1319 439
96.0345 -79.1319 439
94.852 -78.7714 437
93.8917 -78.5912 436
93.1484 -78.5912 436
92.1932 -78.4109 435
91.2414 -78.2307 434
292.52 -102.262 562
292.081 -102.444 563
291.638 -102.626 564
290.676 -102.626 564
289.715 -102.626 564
288.753 -102.626 564
287.792 -102.626 564
286.83 -102.626 564
285.869 -102.626 564
284.907 -102.626 564
283.946 -102.626 564
282.984 -102.626 564
282.023 -102.626 564
280.563 -102.444 563
279.603 -102.444 563
278.149 -102.262 562
277.191 -102.262 562
276.233 -102.262 562
275.275 -102.262 562
273.828 -102.08 561
272.386 -101.898 560
270.946 -101.716 559
269.993 -101.716 559
268.559 -101.534 558
266.649 -101.17 556
265.223 -100.988 555
264.277 -100.988 555
262.856 -100.806 554
261.439 -100.624 553
260.025 -100.443 552
259.084 -100.443 552
258.143 -100.443 552
256.27 -100.079 550
254.868 -99.8966 549
252.545 -99.3508 546
251.614 -99.3508 546
249.306 -98.8049 543
247.923 -98.6229 542
246.087 -98.259 540
245.167 -98.259 540
243.794 -98.077 539
242.425 -97.8951 538
241.058 -97.7131 537
239.249 -97.3492 535
238.337 -97.3492 535
237.425 -97.3492 535
236.955 -97.5312 536
236.481 -97.7131 537
235.566 -97.7131 537
234.65 -97.7131 537
234.17 -97.8951 538
233.253 -97.8951 538
232.336 -97.8951 538
231.419 -97.8951 538
230.501 -97.8951 538
229.584 -97.8951 538
228.242 -97.7131 537
225.633 -96.9853 533
224.725 -96.9853 533
223.396 -96.8033 532
222.489 -96.8033 532
221.582 -96.8033 532
219.846 -96.4394 530
218.942 -96.4394 530
218.039 -96.4394 530
216.726 -96.2574 529
215.824 -96.2574 529
213.703 -95.7115 526
212.806 -95.7115 526
210.701 -95.1657 523
209.408 -94.9837 522
208.119 -94.8017 521
207.231 -94.8017 521
206.343 -94.8017 521
205.06 -94.6198 520
204.174 -94.6198 520
202.896 -94.4378 519
202.012 -94.4378 519
200.739 -94.2559 518
199.47 -94.0739 517
198.589 -94.0739 517
197.708 -94.0739 517
196.446 -93.8919 516
194.808 -93.528 514
193.554 -93.346 513
192.68 -93.346 513
191.431 -93.1641 512
190.186 -92.9821 511
189.315 -92.9821 511
188.444 -92.9821 511
187.206 -92.8002 510
186.337 -92.8002 510
185.467 -92.8002 510
184.598 -92.8002 510
183.368 -92.6182 509
182.5 -92.6182 509
181.633 -92.6182 509
180.765 -92.6182 509
179.897 -92.6182 509
179.029 -92.6182 509
178.162 -92.6182 509
177.294 -92.6182 509
176.426 -92.6182 509
175.559 -92.6182 509
174.691 -92.6182 509
173.823 -92.6182 509
172.955 -92.6182 509
172.088 -92.6182 509
171.22 -92.6182 509
170.352 -92.6182 509
169.485 -92.6182 509
168.617 -92.6182 509
167.749 -92.6182 509
166.881 -92.6182 509
150.009 -87.3413 480
149.191 -87.3413 480
148.372 -87.3413 480
147.554 -87.3413 480
146.43 -87.1594 479
145.31 -86.9774 478
144.495 -86.9774 478
143.68 -86.9774 478
142.566 -86.7954 477
141.753 -86.7954 477
140.94 -86.7954 477
139.833 -86.6135 476
138.729 -86.4315 475
137.629 -86.2496 474
136.821 -86.2496 474
123.263 -82.0645 451
122.494 -82.0645 451
121.725 -82.0645 451
120.42 -81.7005 449
119.654 -81.7005 449
118.889 -81.7005 449
118.123 -81.7005 449
117.097 -81.5186 448
116.333 -81.5186 448
115.311 -81.3366 447
114.549 -81.3366 447
113.787 -81.3366 447
112.772 -81.1547 446
111.761 -80.9727 445
111.002 -80.9727 445
109.996 -80.7907 444
108.747 -80.4268 442
107.993 -80.4268 442
107.24 -80.4268 442
106.245 -80.2448 441
105.254 -80.0629 440
104.504 -80.0629 440
103.754 -80.0629 440
103.004 -80.0629 440
102.022 -79.8809 439
101.273 -79.8809 439
100.525 -79.8809 439
99.7765 -79.8809 439
99.0281 -79.8809 439
98.2797 -79.8809 439
97.5313 -79.8809 439
96.7829 -79.8809 439
96.0345 -79.8809 439
94.852 -79.517 437
93.8917 -79.335 436
93.1484 -79.335 436
92.1932 -79.1531 435
91.6619 -79.335 436
90.9186 -79.335 436
90.1754 -79.335 436
294.436 -103.221 562
293.478 -103.221 562
292.52 -103.221 562
291.562 -103.221 562
291.121 -103.405 563
290.161 -103.405 563
289.201 -103.405 563
288.241 -103.405 563
287.282 -103.405 563
286.322 -103.405 563
285.362 -103.405 563
284.402 -103.405 563
283.443 -103.405 563
282.483 -103.405 563
281.523 -103.405 563
280.563 -103.405 563
279.603 -103.405 563
278.149 -103.221 562
277.191 -103.221 562
275.741 -103.037 561
274.785 -103.037 561
273.34 -102.854 560
271.899 -102.67 559
270.462 -102.486 558
269.51 -102.486 558
267.596 -102.119 556
266.169 -101.935 555
264.745 -101.752 554
263.801 -101.752 554
262.856 -101.752 554
260.966 -101.384 552
260.025 -101.384 552
258.145 -101.017 550
257.208 -101.017 550
255.804 -100.833 549
253.476 -100.282 546
251.62 -99.915 544
250.692 -99.915 544
249.306 -99.7313 543
247.465 -99.364 541
245.632 -98.9966 539
244.713 -98.9966 539
243.342 -98.813 538
241.523 -98.4456 536
239.712 -98.0783 534
238.354 -97.8946 533
237.446 -97.8946 533
236.093 -97.7109 532
235.186 -97.7109 532
234.279 -97.7109 532
233.811 -97.8946 533
232.902 -97.8946 533
232.429 -98.0783 534
231.519 -98.0783 534
230.608 -98.0783 534
229.698 -98.0783 534
228.359 -97.8946 533
227.024 -97.7109 532
226.117 -97.7109 532
225.21 -97.7109 532
223.46 -97.3436 530
222.556 -97.3436 530
221.653 -97.3436 530
220.749 -97.3436 530
219.431 -97.16 529
218.529 -97.16 529
217.627 -97.16 529
216.726 -97.16 529
215.008 -96.7926 527
213.703 -96.6089 526
212.806 -96.6089 526
210.701 -96.0579 523
209.408 -95.8743 522
208.119 -95.6906 521
207.231 -95.6906 521
206.343 -95.6906 521
205.06 -95.5069 520
204.174 -95.5069 520
202.896 -95.3233 519
202.012 -95.3233 519
200.739 -95.1396 518
199.47 -94.9559 517
198.589 -94.9559 517
197.708 -94.9559 517
196.446 -94.7723 516
194.808 -94.4049 514
193.554 -94.2213 513
192.68 -94.2213 513
191.431 -94.0376 512
190.186 -93.8539 511
189.315 -93.8539 511
188.444 -93.8539 511
187.206 -93.6703 510
186.337 -93.6703 510
185.467 -93.6703 510
184.598 -93.6703 510
183.368 -93.4866 509
182.5 -93.4866 509
181.276 -93.3029 508
180.41 -93.3029 508
179.544 -93.3029 508
178.678 -93.3029 508
177.812 -93.3029 508
176.946 -93.3029 508
176.08 -93.3029 508
175.214 -93.3029 508
174.348 -93.3029 508
173.482 -93.3029 508
172.616 -93.3029 508
171.75 -93.3029 508
171.22 -93.4866 509
170.352 -93.4866 509
169.485 -93.4866 509
168.617 -93.4866 509
167.749 -93.4866 509
166.881 -93.4866 509
149.384 -87.7929 478
148.569 -87.7929 478
147.754 -87.7929 478
146.939 -87.7929 478
145.819 -87.6093 477
144.702 -87.4256 476
143.89 -87.4256 476
143.079 -87.4256 476
142.267 -87.4256 476
141.159 -87.2419 475
140.349 -87.2419 475
139.245 -87.0583 474
138.145 -86.8746 473
129.785 -83.5686 455
129.01 -83.5686 455
128.234 -83.5686 455
127.458 -83.5686 455
126.683 -83.5686 455
122.716 -82.4666 449
121.95 -82.4666 449
121.185 -82.4666 449
120.42 -82.4666 449
119.654 -82.4666 449
118.624 -82.2829 448
117.86 -82.2829 448
117.097 -82.2829 448
116.333 -82.2829 448
115.311 -82.0992 447
114.549 -82.0992 447
113.533 -81.9156 446
112.519 -81.7319 445
111.51 -81.5482 444
110.753 -81.5482 444
109.5 -81.1809 442
108.747 -81.1809 442
107.749 -80.9972 441
106.755 -80.8136 440
106.004 -80.8136 440
105.254 -80.8136 440
104.267 -80.6299 439
103.518 -80.6299 439
102.77 -80.6299 439
102.022 -80.6299 439
101.273 -80.6299 439
100.525 -80.6299 439
99.7765 -80.6299 439
99.0281 -80.6299 439
98.2797 -80.6299 439
97.3091 -80.4462 438
96.5624 -80.4462 438
95.597 -80.2626 437
94.635 -80.0789 436
93.6764 -79.8952 435
92.9348 -79.8952 435
91.9813 -79.7116 434
91.6619 -80.0789 436
90.9186 -80.0789 436
90.1754 -80.0789 436
297.737 -103.994 561
296.781 -103.994 561
296.352 -104.18 562
295.394 -104.18 562
294.436 -104.18 562
293.478 -104.18 562
292.52 -104.18 562
291.562 -104.18 562
291.121 -104.365 563
290.161 -104.365 563
289.201 -104.365 563
288.241 -104.365 563
287.282 -104.365 563
286.322 -104.365 563
285.362 -104.365 563
284.402 -104.365 563
283.443 -104.365 563
281.981 -104.18 562
281.023 -104.18 562
280.065 -104.18 562
279.107 -104.18 562
277.159 -103.809 560
276.204 -103.809 560
274.758 -103.624 559
273.805 -103.624 559
272.852 -103.624 559
270.926 -103.253 557
269.492 -103.068 556
268.544 -103.068 556
267.115 -102.882 555
265.689 -102.697 554
264.745 -102.697 554
263.801 -102.697 554
261.907 -102.326 552
260.493 -102.141 551
259.083 -101.955 550
257.676 -101.77 549
256.74 -101.77 549
254.872 -101.399 547
252.547 -100.843 544
251.157 -100.658 543
250.232 -100.658 543
248.388 -100.287 541
246.551 -99.9162 539
245.176 -99.7308 538
244.259 -99.7308 538
242.437 -99.3601 536
240.622 -98.9893 534
239.263 -98.804 533
237.907 -98.6186 532
237 -98.6186 532
236.093 -98.6186 532
235.186 -98.6186 532
233.839 -98.4332 531
233.372 -98.6186 532
232.465 -98.6186 532
231.559 -98.6186 532
230.652 -98.6186 532
229.745 -98.6186 532
228.838 -98.6186 532
227.931 -98.6186 532
226.597 -98.4332 531
225.692 -98.4332 531
224.363 -98.2478 530
223.038 -98.0625 529
222.136 -98.0625 529
221.235 -98.0625 529
220.333 -98.0625 529
219.431 -98.0625 529
218.116 -97.8771 528
217.216 -97.8771 528
215.906 -97.6917 527
214.6 -97.5064 526
212.891 -97.1356 524
211.997 -97.1356 524
210.298 -96.7649 522
209.007 -96.5795 521
207.72 -96.3941 520
206.833 -96.3941 520
205.947 -96.3941 520
205.06 -96.3941 520
203.781 -96.2087 519
202.896 -96.2087 519
202.012 -96.2087 519
200.352 -95.838 517
198.699 -95.4673 515
197.053 -95.0965 513
196.178 -95.0965 513
194.542 -94.7258 511
193.292 -94.5404 510
192.422 -94.5404 510
191.553 -94.5404 510
190.31 -94.355 509
189.442 -94.355 509
188.574 -94.355 509
187.338 -94.1696 508
186.472 -94.1696 508
185.606 -94.1696 508
184.74 -94.1696 508
183.874 -94.1696 508
183.008 -94.1696 508
182.142 -94.1696 508
181.276 -94.1696 508
180.41 -94.1696 508
179.544 -94.1696 508
178.678 -94.1696 508
177.812 -94.1696 508
176.946 -94.1696 508
176.08 -94.1696 508
175.214 -94.1696 508
174.348 -94.1696 508
173.482 -94.1696 508
172.616 -94.1696 508
171.75 -94.1696 508
171.22 -94.355 509
170.352 -94.355 509
169.485 -94.355 509
168.617 -94.355 509
167.749 -94.355 509
166.881 -94.355 509
149.384 -88.6084 478
148.569 -88.6084 478
147.754 -88.6084 478
146.939 -88.6084 478
145.207 -88.0523 475
144.094 -87.8669 474
143.286 -87.8669 474
142.477 -87.8669 474
141.669 -87.8669 474
140.564 -87.6816 473
139.758 -87.6816 473
138.951 -87.6816 473
137.853 -87.4962 472
135.887 -86.7547 468
131.914 -84.7156 457
131.135 -84.7156 457
130.356 -84.7156 457
129.293 -84.5302 456
128.234 -84.3449 455
127.458 -84.3449 455
126.683 -84.3449 455
125.63 -84.1595 454
124.306 -83.7887 452
123.263 -83.6034 451
122.494 -83.6034 451
121.185 -83.2326 449
120.42 -83.2326 449
119.654 -83.2326 449
118.624 -83.0472 448
117.86 -83.0472 448
117.097 -83.0472 448
116.073 -82.8619 447
115.311 -82.8619 447
114.549 -82.8619 447
113.533 -82.6765 446
112.519 -82.4911 445
111.258 -82.1204 443
110.503 -82.1204 443
109.5 -81.935 442
108.501 -81.7496 441
107.505 -81.5643 440
106.755 -81.5643 440
106.004 -81.5643 440
105.015 -81.3789 439
104.267 -81.3789 439
103.518 -81.3789 439
102.77 -81.3789 439
101.789 -81.1935 438
101.043 -81.1935 438
100.296 -81.1935 438
99.5492 -81.1935 438
98.8025 -81.1935 438
97.8319 -81.0081 437
96.8648 -80.8228 436
96.1215 -80.8228 436
95.1595 -80.6374 435
94.4179 -80.6374 435
93.461 -80.452 434
92.7212 -80.452 434
91.9813 -80.452 434
91.6619 -80.8228 436
90.9186 -80.8228 436
90.1754 -80.8228 436
297.737 -104.952 561
296.781 -104.952 561
296.352 -105.139 562
295.394 -105.139 562
294.436 -105.139 562
293.478 -105.139 562
292.52 -105.139 562
291.562 -105.139 562
290.604 -105.139 562
289.646 -105.139 562
288.688 -105.139 562
287.729 -105.139 562
286.771 -105.139 562
285.305 -104.952 561
284.855 -105.139 562
283.897 -105.139 562
282.939 -105.139 562
281.981 -105.139 562
281.023 -105.139 562
280.065 -105.139 562
279.107 -105.139 562
277.159 -104.764 560
276.204 -104.764 560
274.758 -104.577 559
273.805 -104.577 559
272.852 -104.577 559
270.926 -104.203 557
269.492 -104.016 556
268.544 -104.016 556
267.115 -103.829 555
265.689 -103.642 554
264.745 -103.642 554
263.801 -103.642 554
261.907 -103.268 552
260.493 -103.081 551
259.083 -102.894 550
257.676 -102.707 549
256.74 -102.707 549
254.872 -102.332 547
252.547 -101.771 544
251.157 -101.584 543
250.232 -101.584 543
248.388 -101.21 541
246.551 -100.836 539
245.176 -100.649 538
244.259 -100.649 538
242.437 -100.275 536
240.622 -99.9004 534
238.814 -99.5262 532
237.907 -99.5262 532
237 -99.5262 532
235.649 -99.3392 531
234.744 -99.3392 531
233.839 -99.3392 531
232.934 -99.3392 531
231.592 -99.1521 530
231.123 -99.3392 531
230.218 -99.3392 531
229.313 -99.3392 531
228.408 -99.3392 531
227.502 -99.3392 531
226.17 -99.1521 530
225.267 -99.1521 530
223.94 -98.965 529
223.038 -98.965 529
221.717 -98.7779 528
220.816 -98.7779 528
219.916 -98.7779 528
219.016 -98.7779 528
217.703 -98.5909 527
216.805 -98.5909 527
215.497 -98.4038 526
213.784 -98.0296 524
212.078 -97.6555 522
210.784 -97.4684 521
209.895 -97.4684 521
208.606 -97.2813 520
207.32 -97.0942 519
206.435 -97.0942 519
205.551 -97.0942 519
204.666 -97.0942 519
203.388 -96.9071 518
202.114 -96.7201 517
201.233 -96.7201 517
199.577 -96.3459 515
197.541 -95.7847 512
196.284 -95.5976 511
195.413 -95.5976 511
194.161 -95.4105 510
192.913 -95.2234 509
192.045 -95.2234 509
191.177 -95.2234 509
190.31 -95.2234 509
189.07 -95.0363 508
188.204 -95.0363 508
187.338 -95.0363 508
186.472 -95.0363 508
185.606 -95.0363 508
184.74 -95.0363 508
183.512 -94.8493 507
182.648 -94.8493 507
181.783 -94.8493 507
180.919 -94.8493 507
180.055 -94.8493 507
179.19 -94.8493 507
178.326 -94.8493 507
177.462 -94.8493 507
176.597 -94.8493 507
175.733 -94.8493 507
175.214 -95.0363 508
174.348 -95.0363 508
173.482 -95.0363 508
172.616 -95.0363 508
171.75 -95.0363 508
170.884 -95.0363 508
170.352 -95.2234 509
169.485 -95.2234 509
168.617 -95.2234 509
167.749 -95.2234 509
166.881 -95.2234 509
149.071 -89.2369 477
148.258 -89.2369 477
147.445 -89.2369 477
146.632 -89.2369 477
145.207 -88.8627 475
144.094 -88.6756 474
143.286 -88.6756 474
142.477 -88.6756 474
141.669 -88.6756 474
140.564 -88.4886 473
139.758 -88.4886 473
138.951 -88.4886 473
137.853 -88.3015 472
135.887 -87.5532 468
133.646 -86.6178 463
132.857 -86.6178 463
130.926 -85.8695 459
129.293 -85.3082 456
128.234 -85.1211 455
127.458 -85.1211 455
126.683 -85.1211 455
125.63 -84.9341 454
124.306 -84.5599 452
123.263 -84.3728 451
122.494 -84.3728 451
121.185 -83.9987 449
120.42 -83.9987 449
119.654 -83.9987 449
118.624 -83.8116 448
117.86 -83.8116 448
117.097 -83.8116 448
116.073 -83.6245 447
115.053 -83.4374 446
114.293 -83.4374 446
113.278 -83.2503 445
112.014 -82.8762 443
111.007 -82.6891 442
110.254 -82.6891 442
109.253 -82.502 441
108.255 -82.3149 440
107.505 -82.3149 440
106.512 -82.1279 439
105.764 -82.1279 439
105.015 -82.1279 439
104.267 -82.1279 439
103.283 -81.9408 438
102.536 -81.9408 438
101.789 -81.9408 438
100.812 -81.7537 437
100.067 -81.7537 437
99.3219 -81.7537 437
98.5769 -81.7537 437
97.6081 -81.5666 436
96.6426 -81.3795 435
95.9011 -81.3795 435
95.1595 -81.3795 435
94.4179 -81.3795 435
93.461 -81.1925 434
92.7212 -81.1925 434
91.9813 -81.1925 434
91.4517 -81.3795 435
90.7101 -81.3795 435
89.9685 -81.3795 435
297.737 -105.909 561
296.781 -105.909 561
296.352 -106.097 562
295.394 -106.097 562
294.436 -106.097 562
292.956 -105.909 561
291.999 -105.909 561
291.043 -105.909 561
290.087 -105.909 561
288.615 -105.72 560
287.66 -105.72 560
286.706 -105.72 560
285.751 -105.72 560
284.796 -105.72 560
283.842 -105.72 560
283.392 -105.909 561
282.436 -105.909 561
281.479 -105.909 561
280.523 -105.909 561
279.068 -105.72 560
278.114 -105.72 560
276.664 -105.531 559
275.218 -105.342 558
273.775 -105.154 557
272.826 -105.154 557
271.876 -105.154 557
270.44 -104.965 556
269.007 -104.776 555
268.061 -104.776 555
266.634 -104.587 554
265.21 -104.398 553
263.789 -104.21 552
262.848 -104.21 552
261.433 -104.021 551
260.021 -103.832 550
258.612 -103.643 549
257.207 -103.454 548
256.273 -103.454 548
254.406 -103.077 546
252.547 -102.699 544
250.695 -102.322 542
249.771 -102.322 542
248.388 -102.133 541
246.551 -101.755 539
244.72 -101.378 537
243.805 -101.378 537
242.437 -101.189 536
240.622 -100.811 534
238.814 -100.434 532
237.907 -100.434 532
237 -100.434 532
235.649 -100.245 531
234.744 -100.245 531
233.839 -100.245 531
232.934 -100.245 531
231.592 -100.056 530
231.123 -100.245 531
230.218 -100.245 531
229.313 -100.245 531
228.408 -100.245 531
227.502 -100.245 531
226.17 -100.056 530
225.267 -100.056 530
223.94 -99.8675 529
223.038 -99.8675 529
221.717 -99.6787 528
220.816 -99.6787 528
219.916 -99.6787 528
219.016 -99.6787 528
217.703 -99.49 527
216.805 -99.49 527
215.497 -99.3012 526
213.784 -98.9236 524
212.078 -98.546 522
209.974 -97.9797 519
209.09 -97.9797 519
208.205 -97.9797 519
206.921 -97.7909 518
206.038 -97.7909 518
205.155 -97.7909 518
203.877 -97.6021 517
202.603 -97.4133 516
200.942 -97.0358 514
200.065 -97.0358 514
198.414 -96.6582 512
197.155 -96.4694 511
195.9 -96.2806 510
195.031 -96.2806 510
193.781 -96.0918 509
192.913 -96.0918 509
191.668 -95.903 508
190.802 -95.903 508
189.936 -95.903 508
189.07 -95.903 508
188.204 -95.903 508
187.338 -95.903 508
186.105 -95.7143 507
185.24 -95.7143 507
184.376 -95.7143 507
183.15 -95.5255 506
182.287 -95.5255 506
181.425 -95.5255 506
180.562 -95.5255 506
179.699 -95.5255 506
178.837 -95.5255 506
177.974 -95.5255 506
177.112 -95.5255 506
176.249 -95.5255 506
175.386 -95.5255 506
174.524 -95.5255 506
173.318 -95.3367 505
172.799 -95.5255 506
171.936 -95.5255 506
171.412 -95.7143 507
170.884 -95.903 508
170.352 -96.0918 509
169.485 -96.0918 509
168.617 -96.0918 509
167.749 -96.0918 509
166.881 -96.0918 509
148.759 -89.8619 476
147.947 -89.8619 476
147.136 -89.8619 476
146.324 -89.8619 476
144.902 -89.4843 474
143.79 -89.2955 473
142.983 -89.2955 473
142.177 -89.2955 473
141.371 -89.2955 473
140.564 -89.2955 473
139.758 -89.2955 473
138.658 -89.1068 472
137.561 -88.918 471
135.887 -88.3516 468
133.646 -87.4077 463
132.857 -87.4077 463
130.926 -86.6525 459
129.293 -86.0862 456
128.234 -85.8974 455
127.458 -85.8974 455
126.683 -85.8974 455
125.63 -85.7086 454
124.306 -85.3311 452
123.263 -85.1423 451
122.494 -85.1423 451
121.185 -84.7647 449
120.42 -84.7647 449
119.388 -84.5759 448
118.624 -84.5759 448
117.86 -84.5759 448
116.835 -84.3871 447
116.073 -84.3871 447
115.053 -84.1983 446
114.293 -84.1983 446
113.278 -84.0096 445
112.014 -83.632 443
111.007 -83.4432 442
110.254 -83.4432 442
109.253 -83.2544 441
108.255 -83.0656 440
107.505 -83.0656 440
106.512 -82.8768 439
105.764 -82.8768 439
105.015 -82.8768 439
104.267 -82.8768 439
103.283 -82.688 438
102.536 -82.688 438
101.789 -82.688 438
100.812 -82.4993 437
100.067 -82.4993 437
99.3219 -82.4993 437
98.5769 -82.4993 437
97.6081 -82.3105 436
96.6426 -82.1217 435
95.9011 -82.1217 435
95.1595 -82.1217 435
94.4179 -82.1217 435
93.461 -81.9329 434
92.7212 -81.9329 434
91.9813 -81.9329 434
91.2414 -81.9329 434
90.5016 -81.9329 434
89.7617 -81.9329 434
296.564 -106.104 557
297.737 -106.866 561
296.781 -106.866 561
295.825 -106.866 561
294.868 -106.866 561
293.912 -106.866 561
292.956 -106.866 561
291.999 -106.866 561
290.524 -106.675 560
289.569 -106.675 560
287.584 -106.294 558
286.633 -106.294 558
285.682 -106.294 558
284.73 -106.294 558
283.779 -106.294 558
282.828 -106.294 558
282.382 -106.485 559
281.429 -106.485 559
280.476 -106.485 559
279.523 -106.485 559
278.57 -106.485 559
277.617 -106.485 559
275.674 -106.104 557
274.725 -106.104 557
273.284 -105.913 556
272.336 -105.913 556
270.9 -105.723 555
269.954 -105.723 555
268.523 -105.532 554
267.578 -105.532 554
266.153 -105.342 553
264.73 -105.151 552
263.789 -105.151 552
262.848 -105.151 552
261.433 -104.961 551
259.548 -104.58 549
258.612 -104.58 549
257.207 -104.389 548
256.273 -104.389 548
254.872 -104.199 547
252.547 -103.627 544
251.157 -103.437 543
250.232 -103.437 543
248.388 -103.056 541
246.551 -102.675 539
244.72 -102.294 537
243.805 -102.294 537
241.985 -101.913 535
240.622 -101.723 534
238.814 -101.342 532
237.46 -101.151 531
236.555 -101.151 531
235.649 -101.151 531
234.302 -100.961 530
233.399 -100.961 530
232.495 -100.961 530
231.592 -100.961 530
230.688 -100.961 530
229.785 -100.961 530
228.881 -100.961 530
227.977 -100.961 530
227.074 -100.961 530
225.744 -100.77 529
224.842 -100.77 529
223.94 -100.77 529
222.617 -100.58 528
221.297 -100.389 527
220.398 -100.389 527
219.5 -100.389 527
218.187 -100.199 526
216.051 -99.6271 523
215.159 -99.6271 523
213.858 -99.4366 522
212.56 -99.2461 521
211.672 -99.2461 521
209.974 -98.8652 519
209.09 -98.8652 519
208.205 -98.8652 519
206.921 -98.6747 518
206.038 -98.6747 518
205.155 -98.6747 518
203.877 -98.4842 517
202.603 -98.2937 516
200.942 -97.9127 514
200.065 -97.9127 514
198.414 -97.5317 512
197.155 -97.3412 511
195.9 -97.1507 510
195.031 -97.1507 510
193.781 -96.9602 509
192.913 -96.9602 509
191.668 -96.7697 508
190.802 -96.7697 508
189.936 -96.7697 508
189.07 -96.7697 508
188.204 -96.7697 508
187.338 -96.7697 508
186.105 -96.5792 507
185.24 -96.5792 507
184.376 -96.5792 507
183.15 -96.3888 506
182.287 -96.3888 506
181.425 -96.3888 506
180.562 -96.3888 506
178.989 -96.0078 504
178.13 -96.0078 504
177.271 -96.0078 504
176.412 -96.0078 504
175.552 -96.0078 504
174.693 -96.0078 504
173.834 -96.0078 504
172.975 -96.0078 504
172.116 -96.0078 504
171.596 -96.1983 505
170.735 -96.1983 505
170.211 -96.3888 506
169.683 -96.5792 507
168.819 -96.5792 507
167.954 -96.5792 507
167.09 -96.5792 507
166.226 -96.5792 507
148.759 -90.674 476
147.947 -90.674 476
147.136 -90.674 476
146.017 -90.4835 475
144.902 -90.293 474
143.79 -90.1025 473
142.983 -90.1025 473
142.177 -90.1025 473
141.371 -90.1025 473
140.564 -90.1025 473
139.758 -90.1025 473
138.364 -89.7215 471
136.685 -89.1501 468
135.306 -88.7691 466
133.646 -88.1976 463
132.857 -88.1976 463
130.926 -87.4357 459
129.293 -86.8642 456
128.234 -86.6737 455
127.458 -86.6737 455
126.683 -86.6737 455
125.63 -86.4832 454
124.306 -86.1022 452
123.263 -85.9117 451
122.494 -85.9117 451
121.185 -85.5307 449
120.151 -85.3402 448
119.388 -85.3402 448
118.359 -85.1498 447
117.597 -85.1498 447
116.574 -84.9593 446
115.813 -84.9593 446
114.795 -84.7688 445
114.037 -84.7688 445
113.023 -84.5783 444
112.014 -84.3878 443
111.007 -84.1973 442
110.254 -84.1973 442
109.253 -84.0068 441
108.255 -83.8163 440
107.26 -83.6258 439
106.512 -83.6258 439
105.764 -83.6258 439
104.776 -83.4353 438
104.029 -83.4353 438
103.047 -83.2448 437
102.302 -83.2448 437
101.324 -83.0543 436
100.581 -83.0543 436
99.8379 -83.0543 436
99.0946 -83.0543 436
98.3513 -83.0543 436
97.3842 -82.8639 435
96.4205 -82.6734 434
95.6806 -82.6734 434
94.9407 -82.6734 434
94.2009 -82.6734 434
93.461 -82.6734 434
92.7212 -82.6734 434
91.9813 -82.6734 434
91.2414 -82.6734 434
90.5016 -82.6734 434
89.7617 -82.6734 434
299.148 -106.285 553
298.205 -106.285 553
298.338 -106.67 555
297.391 -106.67 555
296.979 -106.862 556
296.564 -107.054 557
297.737 -107.823 561
296.781 -107.823 561
295.825 -107.823 561
294.868 -107.823 561
293.912 -107.823 561
292.956 -107.823 561
291.999 -107.823 561
290.524 -107.631 560
289.569 -107.631 560
287.584 -107.246 558
286.633 -107.246 558
285.682 -107.246 558
284.73 -107.246 558
283.779 -107.246 558
282.828 -107.246 558
282.382 -107.439 559
281.429 -107.439 559
280.476 -107.439 559
278.523 -107.054 557
277.573 -107.054 557
276.624 -107.054 557
275.179 -106.862 556
273.738 -106.67 555
272.792 -106.67 555
271.846 -106.67 555
270.9 -106.67 555
269.467 -106.478 554
268.038 -106.285 553
267.095 -106.285 553
266.153 -106.285 553
264.73 -106.093 552
263.789 -106.093 552
262.848 -106.093 552
261.433 -105.901 551
259.548 -105.517 549
258.612 -105.517 549
257.207 -105.324 548
256.273 -105.324 548
254.872 -105.132 547
252.547 -104.556 544
251.157 -104.363 543
250.232 -104.363 543
248.388 -103.979 541
246.551 -103.595 539
244.72 -103.21 537
243.805 -103.21 537
241.985 -102.826 535
240.622 -102.634 534
238.814 -102.249 532
237.46 -102.057 531
236.555 -102.057 531
235.206 -101.865 530
234.302 -101.865 530
233.399 -101.865 530
232.495 -101.865 530
231.592 -101.865 530
230.688 -101.865 530
229.785 -101.865 530
228.881 -101.865 530
227.977 -101.865 530
226.646 -101.673 529
225.744 -101.673 529
224.842 -101.673 529
223.517 -101.48 528
222.195 -101.288 527
220.877 -101.096 526
219.98 -101.096 526
218.667 -100.904 525
216.942 -100.519 523
215.638 -100.327 522
214.748 -100.327 522
213.448 -100.135 521
212.152 -99.9428 520
210.859 -99.7506 519
209.57 -99.5584 518
208.687 -99.5584 518
207.403 -99.3662 517
206.122 -99.174 516
205.242 -99.174 516
204.362 -99.174 516
202.694 -98.7896 514
201.425 -98.5974 513
200.16 -98.4052 512
199.287 -98.4052 512
198.027 -98.213 511
196.77 -98.0208 510
195.516 -97.8286 509
194.648 -97.8286 509
193.4 -97.6364 508
192.534 -97.6364 508
191.668 -97.6364 508
190.802 -97.6364 508
189.562 -97.4442 507
188.698 -97.4442 507
187.833 -97.4442 507
186.6 -97.252 506
185.738 -97.252 506
184.875 -97.252 506
184.012 -97.252 506
182.788 -97.0599 505
181.927 -97.0599 505
180.708 -96.8677 504
179.848 -96.8677 504
178.989 -96.8677 504
178.13 -96.8677 504
177.271 -96.8677 504
176.412 -96.8677 504
175.552 -96.8677 504
174.693 -96.8677 504
173.834 -96.8677 504
172.975 -96.8677 504
172.116 -96.8677 504
171.596 -97.0599 505
170.735 -97.0599 505
170.211 -97.252 506
169.683 -97.4442 507
168.819 -97.4442 507
167.954 -97.4442 507
167.09 -97.4442 507
166.226 -97.4442 507
148.759 -91.4861 476
147.947 -91.4861 476
147.136 -91.4861 476
146.017 -91.2939 475
144.902 -91.1017 474
143.79 -90.9095 473
142.983 -90.9095 473
142.177 -90.9095 473
141.371 -90.9095 473
140.267 -90.7173 472
139.462 -90.7173 472
138.364 -90.5251 471
136.685 -89.9485 468
135.016 -89.3719 465
133.357 -88.7953 462
132.57 -88.7953 462
130.641 -88.0266 458
129.293 -87.6422 456
128.234 -87.45 455
127.178 -87.2578 454
126.404 -87.2578 454
125.077 -86.8734 452
124.031 -86.6812 451
122.716 -86.2968 449
121.679 -86.1046 448
120.915 -86.1046 448
119.883 -85.9124 447
119.121 -85.9124 447
118.094 -85.7202 446
117.334 -85.7202 446
116.574 -85.7202 446
115.554 -85.528 445
114.279 -85.1436 443
113.524 -85.1436 443
112.769 -85.1436 443
111.761 -84.9514 442
110.756 -84.7592 441
110.004 -84.7592 441
109.005 -84.567 440
108.009 -84.3748 439
107.26 -84.3748 439
106.269 -84.1826 438
105.523 -84.1826 438
104.776 -84.1826 438
103.792 -83.9904 437
102.811 -83.7982 436
102.068 -83.7982 436
101.092 -83.606 435
100.35 -83.606 435
99.6089 -83.606 435
98.8673 -83.606 435
98.1258 -83.606 435
97.1603 -83.4138 434
96.4205 -83.4138 434
95.6806 -83.4138 434
94.9407 -83.4138 434
94.2009 -83.4138 434
93.2457 -83.2216 433
92.5075 -83.2216 433
91.7694 -83.2216 433
91.0312 -83.2216 433
299.148 -107.229 553
298.205 -107.229 553
298.338 -107.617 555
297.391 -107.617 555
296.979 -107.811 556
296.564 -108.004 557
296.676 -108.392 559
295.723 -108.392 559
294.77 -108.392 559
293.817 -108.392 559
292.864 -108.392 559
291.911 -108.392 559
290.958 -108.392 559
289.487 -108.198 558
288.535 -108.198 558
287.069 -108.004 557
286.119 -108.004 557
284.658 -107.811 556
283.71 -107.811 556
282.762 -107.811 556
282.321 -108.004 557
281.371 -108.004 557
280.422 -108.004 557
279.472 -108.004 557
278.523 -108.004 557
277.573 -108.004 557
276.624 -108.004 557
275.179 -107.811 556
273.738 -107.617 555
272.792 -107.617 555
271.846 -107.617 555
270.9 -107.617 555
269.467 -107.423 554
268.038 -107.229 553
267.095 -107.229 553
266.153 -107.229 553
264.73 -107.035 552
263.789 -107.035 552
262.848 -107.035 552
261.433 -106.841 551
259.548 -106.453 549
258.612 -106.453 549
257.207 -106.259 548
256.273 -106.259 548
254.872 -106.065 547
252.547 -105.484 544
251.157 -105.29 543
250.232 -105.29 543
248.388 -104.902 541
246.551 -104.514 539
244.72 -104.126 537
243.805 -104.126 537
241.985 -103.739 535
240.622 -103.545 534
238.814 -103.157 532
237.46 -102.963 531
236.555 -102.963 531
235.206 -102.769 530
234.302 -102.769 530
233.399 -102.769 530
232.495 -102.769 530
231.155 -102.575 529
230.253 -102.575 529
229.785 -102.769 530
228.881 -102.769 530
227.977 -102.769 530
226.646 -102.575 529
225.317 -102.381 528
224.417 -102.381 528
223.093 -102.187 527
221.773 -101.993 526
220.037 -101.606 524
219.144 -101.606 524
217.834 -101.412 523
216.527 -101.218 522
215.224 -101.024 521
214.336 -101.024 521
213.038 -100.83 520
212.152 -100.83 520
210.453 -100.442 518
209.165 -100.248 517
208.284 -100.248 517
207.001 -100.054 516
206.122 -100.054 516
204.447 -99.6666 514
203.57 -99.6666 514
202.3 -99.4727 513
201.033 -99.2788 512
199.769 -99.0849 511
198.898 -99.0849 511
197.639 -98.891 510
196.384 -98.697 509
195.132 -98.5031 508
194.266 -98.5031 508
193.019 -98.3092 507
191.776 -98.1153 506
190.913 -98.1153 506
189.675 -97.9214 505
188.814 -97.9214 505
187.953 -97.9214 505
186.722 -97.7275 504
185.125 -97.3397 502
184.269 -97.3397 502
183.414 -97.3397 502
182.558 -97.3397 502
181.34 -97.1458 501
180.486 -97.1458 501
179.632 -97.1458 501
179.135 -97.3397 502
178.279 -97.3397 502
177.423 -97.3397 502
176.567 -97.3397 502
176.062 -97.5336 503
175.204 -97.5336 503
174.347 -97.5336 503
173.489 -97.5336 503
172.632 -97.5336 503
171.433 -97.3397 502
170.577 -97.3397 502
169.721 -97.3397 502
169.202 -97.5336 503
168.679 -97.7275 504
167.82 -97.7275 504
167.623 -98.1153 506
166.76 -98.1153 506
165.898 -98.1153 506
147.326 -91.9104 474
146.518 -91.9104 474
145.71 -91.9104 474
144.596 -91.7165 473
143.79 -91.7165 473
142.983 -91.7165 473
142.177 -91.7165 473
141.371 -91.7165 473
140.267 -91.5226 472
139.462 -91.5226 472
138.364 -91.3287 471
136.685 -90.747 468
135.016 -90.1653 465
133.357 -89.5836 462
132.57 -89.5836 462
130.641 -88.808 458
129.293 -88.4201 456
128.234 -88.2262 455
127.178 -88.0323 454
126.404 -88.0323 454
125.077 -87.6445 452
124.031 -87.4506 451
122.716 -87.0628 449
121.679 -86.8689 448
120.915 -86.8689 448
119.883 -86.675 447
119.121 -86.675 447
118.094 -86.4811 446
117.334 -86.4811 446
116.574 -86.4811 446
115.554 -86.2872 445
114.279 -85.8994 443
113.524 -85.8994 443
112.769 -85.8994 443
111.508 -85.5116 441
110.505 -85.3177 440
109.755 -85.3177 440
108.757 -85.1238 439
107.763 -84.9299 438
106.772 -84.736 437
105.784 -84.5421 436
105.041 -84.5421 436
104.058 -84.3482 435
103.317 -84.3482 435
102.575 -84.3482 435
101.834 -84.3482 435
100.86 -84.1543 434
100.12 -84.1543 434
99.3799 -84.1543 434
98.64 -84.1543 434
97.9002 -84.1543 434
96.9364 -83.9604 433
96.1983 -83.9604 433
95.4601 -83.9604 433
94.722 -83.9604 433
93.9838 -83.9604 433
93.2457 -83.9604 433
92.5075 -83.9604 433
91.7694 -83.9604 433
91.0312 -83.9604 433
301.033 -108.172 553
300.091 -108.172 553
299.148 -108.172 553
298.205 -108.172 553
298.338 -108.564 555
297.391 -108.564 555
296.979 -108.759 556
296.032 -108.759 556
295.084 -108.759 556
294.136 -108.759 556
293.188 -108.759 556
292.24 -108.759 556
291.292 -108.759 556
290.345 -108.759 556
289.397 -108.759 556
288.449 -108.759 556
287.501 -108.759 556
286.038 -108.564 555
285.092 -108.564 555
284.146 -108.564 555
283.199 -108.564 555
282.253 -108.564 555
281.307 -108.564 555
280.866 -108.759 556
279.918 -108.759 556
278.971 -108.759 556
278.023 -108.759 556
277.075 -108.759 556
276.127 -108.759 556
274.684 -108.564 555
273.245 -108.368 554
272.3 -108.368 554
271.356 -108.368 554
270.412 -108.368 554
268.981 -108.172 553
268.038 -108.172 553
267.095 -108.172 553
265.671 -107.977 552
264.73 -107.977 552
263.311 -107.781 551
262.372 -107.781 551
261.433 -107.781 551
259.548 -107.39 549
258.612 -107.39 549
257.207 -107.194 548
256.273 -107.194 548
254.872 -106.999 547
252.547 -106.412 544
251.157 -106.216 543
250.232 -106.216 543
248.388 -105.825 541
246.551 -105.434 539
243.809 -104.651 535
242.897 -104.651 535
241.985 -104.651 535
240.622 -104.456 534
238.814 -104.064 532
237.46 -103.869 531
236.555 -103.869 531
235.206 -103.673 530
234.302 -103.673 530
233.399 -103.673 530
232.495 -103.673 530
231.155 -103.478 529
230.253 -103.478 529
229.785 -103.673 530
228.881 -103.673 530
227.977 -103.673 530
226.646 -103.478 529
225.317 -103.282 528
224.417 -103.282 528
223.093 -103.086 527
221.773 -102.891 526
220.037 -102.5 524
219.144 -102.5 524
217.834 -102.304 523
216.527 -102.108 522
215.224 -101.913 521
214.336 -101.913 521
213.038 -101.717 520
212.152 -101.717 520
210.453 -101.326 518
209.165 -101.13 517
208.284 -101.13 517
206.6 -100.739 515
205.323 -100.544 514
204.049 -100.348 513
203.174 -100.348 513
201.511 -99.9567 511
200.64 -99.9567 511
199.378 -99.7611 510
198.508 -99.7611 510
197.251 -99.5655 509
195.998 -99.3698 508
194.748 -99.1742 507
193.884 -99.1742 507
192.258 -98.783 505
191.018 -98.5874 504
189.781 -98.3918 503
188.548 -98.1962 502
187.693 -98.1962 502
186.837 -98.1962 502
185.61 -98.0006 501
184.388 -97.805 500
183.535 -97.805 500
182.683 -97.805 500
181.831 -97.805 500
180.978 -97.805 500
180.126 -97.805 500
179.273 -97.805 500
178.778 -98.0006 501
177.924 -98.0006 501
177.07 -98.0006 501
176.216 -98.0006 501
175.362 -98.0006 501
174.507 -98.0006 501
173.653 -98.0006 501
172.799 -98.0006 501
171.945 -98.0006 501
171.091 -98.0006 501
170.237 -98.0006 501
169.383 -98.0006 501
168.865 -98.1962 502
168.01 -98.1962 502
167.154 -98.1962 502
166.298 -98.1962 502
146.209 -92.5235 473
145.402 -92.5235 473
144.596 -92.5235 473
143.79 -92.5235 473
142.983 -92.5235 473
142.177 -92.5235 473
141.072 -92.3279 472
139.97 -92.1323 471
139.167 -92.1323 471
137.483 -91.5454 468
135.809 -90.9586 465
134.435 -90.5674 463
132.203 -89.5893 458
130.848 -89.1981 456
130.071 -89.1981 456
129.01 -89.0025 455
127.952 -88.8069 454
126.898 -88.6113 453
126.126 -88.6113 453
124.8 -88.2201 451
123.481 -87.8289 449
122.443 -87.6332 448
121.407 -87.4376 447
120.645 -87.4376 447
119.883 -87.4376 447
118.855 -87.242 446
118.094 -87.242 446
117.334 -87.242 446
116.312 -87.0464 445
115.294 -86.8508 444
114.279 -86.6552 443
113.524 -86.6552 443
112.514 -86.4596 442
111.508 -86.264 441
110.505 -86.0684 440
109.755 -86.0684 440
108.757 -85.8728 439
107.763 -85.6771 438
106.772 -85.4815 437
105.784 -85.2859 436
105.041 -85.2859 436
104.058 -85.0903 435
103.317 -85.0903 435
102.575 -85.0903 435
101.834 -85.0903 435
100.86 -84.8947 434
100.12 -84.8947 434
99.3799 -84.8947 434
98.64 -84.8947 434
97.9002 -84.8947 434
96.9364 -84.6991 433
96.1983 -84.6991 433
95.4601 -84.6991 433
94.722 -84.6991 433
93.9838 -84.6991 433
93.2457 -84.6991 433
92.5075 -84.6991 433
91.7694 -84.6991 433
91.0312 -84.6991 433
301.033 -109.116 553
300.091 -109.116 553
299.148 -109.116 553
298.205 -109.116 553
298.338 -109.51 555
297.391 -109.51 555
296.979 -109.708 556
296.032 -109.708 556
295.084 -109.708 556
294.136 -109.708 556
292.661 -109.51 555
291.715 -109.51 555
290.769 -109.51 555
289.822 -109.51 555
288.876 -109.51 555
287.93 -109.51 555
286.984 -109.51 555
285.522 -109.313 554
284.578 -109.313 554
283.634 -109.313 554
282.689 -109.313 554
281.745 -109.313 554
280.8 -109.313 554
280.361 -109.51 555
279.415 -109.51 555
278.469 -109.51 555
277.523 -109.51 555
276.577 -109.51 555
275.63 -109.51 555
274.189 -109.313 554
273.245 -109.313 554
272.3 -109.313 554
271.356 -109.313 554
269.923 -109.116 553
268.981 -109.116 553
267.553 -108.918 552
266.612 -108.918 552
265.671 -108.918 552
264.251 -108.721 551
263.311 -108.721 551
262.372 -108.721 551
260.484 -108.326 549
259.075 -108.129 548
258.141 -108.129 548
256.737 -107.932 547
255.805 -107.932 547
254.872 -107.932 547
252.547 -107.34 544
247.467 -105.959 537
246.551 -105.959 537
245.636 -105.959 537
243.809 -105.564 535
242.897 -105.564 535
241.532 -105.367 534
240.171 -105.169 533
238.814 -104.972 532
237.46 -104.775 531
236.555 -104.775 531
235.206 -104.577 530
233.86 -104.38 529
232.958 -104.38 529
232.056 -104.38 529
231.155 -104.38 529
230.253 -104.38 529
229.351 -104.38 529
228.449 -104.38 529
227.547 -104.38 529
226.217 -104.183 528
224.89 -103.986 527
223.992 -103.986 527
222.247 -103.591 525
220.93 -103.394 524
219.617 -103.196 523
218.725 -103.196 523
217.417 -102.999 522
215.698 -102.604 520
214.811 -102.604 520
213.925 -102.604 520
213.038 -102.604 520
211.744 -102.407 519
210.453 -102.21 518
209.165 -102.012 517
208.284 -102.012 517
206.6 -101.618 515
205.323 -101.42 514
204.049 -101.223 513
203.174 -101.223 513
201.511 -100.828 511
200.64 -100.828 511
199.378 -100.631 510
198.508 -100.631 510
197.251 -100.434 509
195.998 -100.237 508
194.748 -100.039 507
193.884 -100.039 507
192.258 -99.6446 505
191.018 -99.4473 504
189.781 -99.25 503
188.548 -99.0526 502
187.693 -99.0526 502
186.837 -99.0526 502
185.61 -98.8553 501
184.388 -98.658 500
183.535 -98.658 500
182.683 -98.658 500
181.831 -98.658 500
180.978 -98.658 500
180.126 -98.658 500
179.273 -98.658 500
178.778 -98.8553 501
177.924 -98.8553 501
177.07 -98.8553 501
175.864 -98.658 500
175.012 -98.658 500
174.159 -98.658 500
173.307 -98.658 500
172.454 -98.658 500
171.602 -98.658 500
170.75 -98.658 500
169.897 -98.658 500
169.045 -98.658 500
168.529 -98.8553 501
167.675 -98.8553 501
166.821 -98.8553 501
165.967 -98.8553 501
144.596 -93.3305 473
143.79 -93.3305 473
142.983 -93.3305 473
141.876 -93.1332 472
140.773 -92.9359 471
139.078 -92.3439 468
137.394 -91.752 465
136.601 -91.752 465
135.225 -91.3573 463
132.983 -90.3707 458
131.625 -89.9761 456
130.561 -89.7788 455
129.785 -89.7788 455
128.726 -89.5815 454
127.67 -89.3842 453
126.618 -89.1869 452
125.847 -89.1869 452
124.523 -88.7922 450
123.481 -88.5949 449
122.443 -88.3976 448
121.407 -88.2003 447
120.645 -88.2003 447
119.615 -88.003 446
118.588 -87.8056 445
117.565 -87.6083 444
116.808 -87.6083 444
115.79 -87.411 443
115.034 -87.411 443
114.021 -87.2137 442
113.268 -87.2137 442
112.26 -87.0164 441
111.255 -86.8191 440
110.254 -86.6217 439
109.505 -86.6217 439
108.509 -86.4244 438
107.271 -86.0298 436
106.283 -85.8325 435
105.541 -85.8325 435
104.8 -85.8325 435
104.058 -85.8325 435
103.079 -85.6352 434
102.339 -85.6352 434
101.599 -85.6352 434
100.627 -85.4378 433
99.8891 -85.4378 433
99.1509 -85.4378 433
98.4128 -85.4378 433
97.6746 -85.4378 433
96.9364 -85.4378 433
96.1983 -85.4378 433
95.4601 -85.4378 433
94.722 -85.4378 433
93.9838 -85.4378 433
93.2457 -85.4378 433
92.5075 -85.4378 433
91.7694 -85.4378 433
91.0312 -85.4378 433
301.033 -110.059 553
300.091 -110.059 553
299.148 -110.059 553
298.205 -110.059 553
298.338 -110.457 555
297.391 -110.457 555
296.979 -110.656 556
296.032 -110.656 556
295.084 -110.656 556
294.136 -110.656 556
292.661 -110.457 555
291.715 -110.457 555
290.769 -110.457 555
289.822 -110.457 555
288.876 -110.457 555
287.93 -110.457 555
286.984 -110.457 555
285.522 -110.258 554
284.578 -110.258 554
283.634 -110.258 554
282.689 -110.258 554
281.745 -110.258 554
280.8 -110.258 554
280.361 -110.457 555
279.415 -110.457 555
278.469 -110.457 555
277.523 -110.457 555
276.078 -110.258 554
275.134 -110.258 554
274.189 -110.258 554
272.752 -110.059 553
271.809 -110.059 553
270.866 -110.059 553
269.923 -110.059 553
268.494 -109.86 552
267.553 -109.86 552
266.612 -109.86 552
265.19 -109.661 551
263.771 -109.462 550
262.356 -109.263 549
261.42 -109.263 549
260.009 -109.064 548
258.602 -108.865 547
257.67 -108.865 547
256.737 -108.865 547
255.805 -108.865 547
254.872 -108.865 547
245.162 -105.88 532
244.715 -106.079 533
243.806 -106.079 533
242.897 -106.079 533
241.989 -106.079 533
241.08 -106.079 533
239.27 -105.681 531
238.365 -105.681 531
237.013 -105.482 530
236.109 -105.482 530
234.762 -105.283 529
233.418 -105.084 528
232.518 -105.084 528
231.618 -105.084 528
230.281 -104.885 527
229.382 -104.885 527
228.484 -104.885 527
227.585 -104.885 527
226.687 -104.885 527
225.36 -104.686 526
224.037 -104.487 525
223.142 -104.487 525
220.977 -103.89 522
219.665 -103.691 521
218.777 -103.691 521
217.889 -103.691 521
216.584 -103.492 520
215.283 -103.292 519
214.398 -103.292 519
213.513 -103.292 519
212.629 -103.292 519
211.336 -103.093 518
210.047 -102.894 517
208.356 -102.496 515
207.478 -102.496 515
205.798 -102.098 513
204.124 -101.7 511
203.253 -101.7 511
202.382 -101.7 511
201.117 -101.501 510
200.247 -101.501 510
198.987 -101.302 509
198.119 -101.302 509
196.864 -101.103 508
195.612 -100.904 507
193.98 -100.506 505
192.736 -100.307 504
191.877 -100.307 504
190.639 -100.108 503
189.404 -99.9091 502
188.173 -99.7101 501
187.319 -99.7101 501
186.465 -99.7101 501
185.24 -99.5111 500
184.388 -99.5111 500
183.535 -99.5111 500
182.683 -99.5111 500
181.831 -99.5111 500
180.616 -99.312 499
180.126 -99.5111 500
179.273 -99.5111 500
178.421 -99.5111 500
177.569 -99.5111 500
176.716 -99.5111 500
175.864 -99.5111 500
175.012 -99.5111 500
174.159 -99.5111 500
173.307 -99.5111 500
172.454 -99.5111 500
171.602 -99.5111 500
170.75 -99.5111 500
169.897 -99.5111 500
169.045 -99.5111 500
168.529 -99.7101 501
167.675 -99.7101 501
166.821 -99.7101 501
165.967 -99.7101 501
144.596 -94.1375 473
143.79 -94.1375 473
142.983 -94.1375 473
140.674 -93.1424 468
139.876 -93.1424 468
137.89 -92.3463 464
136.803 -92.1473 463
136.014 -92.1473 463
134.348 -91.5502 460
132.403 -90.7541 456
131.337 -90.5551 455
130.561 -90.5551 455
129.785 -90.5551 455
128.443 -90.157 453
127.389 -89.958 452
126.338 -89.759 451
125.569 -89.759 451
124.247 -89.3609 449
123.206 -89.1619 448
122.169 -88.9629 447
121.136 -88.7639 446
120.375 -88.7639 446
119.615 -88.7639 446
118.322 -88.3658 444
117.3 -88.1668 443
116.545 -88.1668 443
115.79 -88.1668 443
114.775 -87.9678 442
113.763 -87.7688 441
113.011 -87.7688 441
112.005 -87.5697 440
111.002 -87.3707 439
110.003 -87.1717 438
108.757 -86.7737 436
108.014 -86.7737 436
107.025 -86.5746 435
106.283 -86.5746 435
105.299 -86.3756 434
104.559 -86.3756 434
103.819 -86.3756 434
103.079 -86.3756 434
102.339 -86.3756 434
101.599 -86.3756 434
100.627 -86.1766 433
99.8891 -86.1766 433
99.1509 -86.1766 433
98.4128 -86.1766 433
97.6746 -86.1766 433
96.9364 -86.1766 433
96.1983 -86.1766 433
95.4601 -86.1766 433
94.722 -86.1766 433
93.9838 -86.1766 433
93.2457 -86.1766 433
92.5075 -86.1766 433
91.7694 -86.1766 433
90.821 -85.9776 432
301.033 -111.003 553
300.091 -111.003 553
299.148 -111.003 553
298.205 -111.003 553
297.8 -111.203 554
296.856 -111.203 554
296.445 -111.404 555
295.499 -111.404 555
294.553 -111.404 555
293.607 -111.404 555
292.661 -111.404 555
291.715 -111.404 555
290.769 -111.404 555
289.822 -111.404 555
288.356 -111.203 554
287.411 -111.203 554
286.467 -111.203 554
285.522 -111.203 554
284.064 -111.003 553
283.122 -111.003 553
282.179 -111.003 553
281.236 -111.003 553
280.293 -111.003 553
279.856 -111.203 554
278.911 -111.203 554
277.967 -111.203 554
277.023 -111.203 554
276.078 -111.203 554
275.134 -111.203 554
274.189 -111.203 554
272.752 -111.003 553
271.809 -111.003 553
270.866 -111.003 553
269.923 -111.003 553
268.494 -110.802 552
267.553 -110.802 552
266.612 -110.802 552
265.19 -110.601 551
263.771 -110.401 550
262.356 -110.2 549
261.42 -110.2 549
260.009 -109.999 548
258.602 -109.798 547
257.67 -109.798 547
256.737 -109.798 547
255.805 -109.798 547
254.872 -109.798 547
245.162 -106.787 532
244.715 -106.988 533
243.806 -106.988 533
242.897 -106.988 533
241.989 -106.988 533
241.08 -106.988 533
239.27 -106.587 531
237.916 -106.386 530
236.565 -106.185 529
235.664 -106.185 529
234.318 -105.985 528
232.976 -105.784 527
232.077 -105.784 527
231.179 -105.784 527
229.407 -105.382 525
228.076 -105.182 524
226.75 -104.981 523
225.858 -104.981 523
224.966 -104.981 523
223.646 -104.78 522
222.757 -104.78 522
221.867 -104.78 522
220.553 -104.579 521
219.665 -104.579 521
217.937 -104.178 519
217.053 -104.178 519
216.168 -104.178 519
215.283 -104.178 519
213.985 -103.977 518
212.691 -103.776 517
211.809 -103.776 517
210.928 -103.776 517
209.234 -103.375 515
207.547 -102.974 513
206.672 -102.974 513
204.996 -102.572 511
204.124 -102.572 511
202.856 -102.371 510
201.986 -102.371 510
201.117 -102.371 510
199.855 -102.171 509
198.596 -101.97 508
197.73 -101.97 508
196.864 -101.97 508
195.226 -101.568 506
193.595 -101.167 504
192.354 -100.966 503
191.496 -100.966 503
190.26 -100.766 502
189.027 -100.565 501
188.173 -100.565 501
187.319 -100.565 501
186.092 -100.364 500
185.24 -100.364 500
184.388 -100.364 500
183.535 -100.364 500
182.318 -100.163 499
181.467 -100.163 499
180.616 -100.163 499
179.766 -100.163 499
178.915 -100.163 499
178.064 -100.163 499
177.569 -100.364 500
176.716 -100.364 500
175.864 -100.364 500
175.012 -100.364 500
174.159 -100.364 500
173.307 -100.364 500
172.109 -100.163 499
171.259 -100.163 499
170.408 -100.163 499
169.557 -100.163 499
168.707 -100.163 499
167.856 -100.163 499
167.005 -100.163 499
166.155 -100.163 499
141.472 -93.9408 468
140.674 -93.9408 468
139.876 -93.9408 468
137.89 -93.1379 464
136.803 -92.9372 463
136.014 -92.9372 463
134.348 -92.335 460
132.403 -91.5321 456
131.337 -91.3313 455
130.561 -91.3313 455
129.785 -91.3313 455
128.443 -90.9299 453
127.389 -90.7292 452
126.338 -90.5284 451
125.569 -90.5284 451
124.247 -90.127 449
123.206 -89.9263 448
122.169 -89.7255 447
121.136 -89.5248 446
120.375 -89.5248 446
119.615 -89.5248 446
118.322 -89.1233 444
117.3 -88.9226 443
116.545 -88.9226 443
115.79 -88.9226 443
114.775 -88.7219 442
113.763 -88.5212 441
113.011 -88.5212 441
112.005 -88.3204 440
111.002 -88.1197 439
109.752 -87.7182 437
108.757 -87.5175 436
108.014 -87.5175 436
107.025 -87.3168 435
106.283 -87.3168 435
105.299 -87.1161 434
104.559 -87.1161 434
103.819 -87.1161 434
103.079 -87.1161 434
102.104 -86.9153 433
101.365 -86.9153 433
100.627 -86.9153 433
99.8891 -86.9153 433
99.1509 -86.9153 433
98.4128 -86.9153 433
97.6746 -86.9153 433
96.7126 -86.7146 432
96.1983 -86.9153 433
95.4601 -86.9153 433
94.722 -86.9153 433
93.9838 -86.9153 433
93.2457 -86.9153 433
92.5075 -86.9153 433
91.7694 -86.9153 433
300.489 -111.744 552
299.548 -111.744 552
299.148 -111.946 553
298.205 -111.946 553
297.8 -112.149 554
296.856 -112.149 554
295.911 -112.149 554
294.967 -112.149 554
294.022 -112.149 554
293.078 -112.149 554
292.134 -112.149 554
291.189 -112.149 554
290.245 -112.149 554
289.3 -112.149 554
288.356 -112.149 554
287.411 -112.149 554
286.467 -112.149 554
285.007 -111.946 553
283.551 -111.744 552
282.61 -111.744 552
281.669 -111.744 552
280.728 -111.744 552
280.293 -111.946 553
279.351 -111.946 553
278.408 -111.946 553
277.465 -111.946 553
276.523 -111.946 553
275.58 -111.946 553
274.637 -111.946 553
273.694 -111.946 553
272.752 -111.946 553
271.809 -111.946 553
270.866 -111.946 553
269.435 -111.744 552
268.494 -111.744 552
267.069 -111.541 551
266.129 -111.541 551
264.709 -111.339 550
263.292 -111.136 549
261.878 -110.934 548
260.944 -110.934 548
259.06 -110.529 546
257.184 -110.124 544
256.257 -110.124 544
255.799 -110.327 545
254.87 -110.327 545
253.941 -110.327 545
245.162 -107.695 532
244.256 -107.695 532
243.349 -107.695 532
242.442 -107.695 532
241.081 -107.493 531
240.175 -107.493 531
239.27 -107.493 531
237.916 -107.29 530
236.565 -107.088 529
235.664 -107.088 529
234.318 -106.885 528
232.976 -106.683 527
232.077 -106.683 527
231.179 -106.683 527
229.407 -106.278 525
228.076 -106.076 524
226.75 -105.873 523
225.858 -105.873 523
224.966 -105.873 523
223.646 -105.671 522
222.757 -105.671 522
221.867 -105.671 522
220.553 -105.468 521
219.665 -105.468 521
217.937 -105.063 519
217.053 -105.063 519
216.168 -105.063 519
215.283 -105.063 519
213.985 -104.861 518
212.691 -104.659 517
211.809 -104.659 517
210.928 -104.659 517
209.234 -104.254 515
207.547 -103.849 513
206.672 -103.849 513
204.996 -103.444 511
204.124 -103.444 511
202.856 -103.242 510
201.986 -103.242 510
200.722 -103.039 509
199.855 -103.039 509
198.596 -102.837 508
197.73 -102.837 508
196.864 -102.837 508
195.226 -102.432 506
193.595 -102.027 504
191.971 -101.622 502
191.116 -101.622 502
189.881 -101.42 501
188.65 -101.217 500
187.797 -101.217 500
186.945 -101.217 500
186.092 -101.217 500
184.87 -101.015 499
184.019 -101.015 499
183.168 -101.015 499
182.318 -101.015 499
181.467 -101.015 499
180.616 -101.015 499
179.766 -101.015 499
178.915 -101.015 499
178.064 -101.015 499
177.214 -101.015 499
176.363 -101.015 499
175.512 -101.015 499
174.661 -101.015 499
173.811 -101.015 499
172.96 -101.015 499
172.109 -101.015 499
171.259 -101.015 499
170.067 -100.812 498
169.557 -101.015 499
168.707 -101.015 499
167.856 -101.015 499
167.005 -101.015 499
166.155 -101.015 499
139.171 -93.7271 463
138.382 -93.7271 463
137.592 -93.7271 463
136.212 -93.3222 461
135.426 -93.3222 461
133.764 -92.7149 458
132.403 -92.3101 456
131.337 -92.1076 455
130.274 -91.9052 454
129.5 -91.9052 454
128.159 -91.5003 452
127.107 -91.2979 451
125.778 -90.893 449
125.012 -90.893 449
123.97 -90.6906 448
122.931 -90.4882 447
121.896 -90.2857 446
121.136 -90.2857 446
120.375 -90.2857 446
119.079 -89.8808 444
118.055 -89.6784 443
117.035 -89.476 442
116.282 -89.476 442
115.528 -89.476 442
114.515 -89.2735 441
113.505 -89.0711 440
112.755 -89.0711 440
111.751 -88.8687 439
110.749 -88.6662 438
109.752 -88.4638 437
108.757 -88.2614 436
108.014 -88.2614 436
107.025 -88.0589 435
106.283 -88.0589 435
105.299 -87.8565 434
104.559 -87.8565 434
103.819 -87.8565 434
103.079 -87.8565 434
102.104 -87.6541 433
101.365 -87.6541 433
100.627 -87.6541 433
99.8891 -87.6541 433
99.1509 -87.6541 433
98.4128 -87.6541 433
97.6746 -87.6541 433
96.7126 -87.4516 432
96.1983 -87.6541 433
95.4601 -87.6541 433
94.722 -87.6541 433
93.9838 -87.6541 433
93.2457 -87.6541 433
92.5075 -87.6541 433
91.7694 -87.6541 433
299.945 -112.481 551
299.005 -112.481 551
298.607 -112.686 552
297.666 -112.686 552
297.263 -112.89 553
296.32 -112.89 553
295.911 -113.094 554
294.967 -113.094 554
294.022 -113.094 554
293.078 -113.094 554
291.606 -112.89 553
290.663 -112.89 553
289.721 -112.89 553
288.778 -112.89 553
287.835 -112.89 553
286.893 -112.89 553
285.95 -112.89 553
284.492 -112.686 552
283.551 -112.686 552
282.61 -112.686 552
281.669 -112.686 552
280.728 -112.686 552
279.787 -112.686 552
278.846 -112.686 552
277.905 -112.686 552
276.964 -112.686 552
276.023 -112.686 552
275.082 -112.686 552
274.141 -112.686 552
273.199 -112.686 552
272.258 -112.686 552
271.317 -112.686 552
270.376 -112.686 552
269.435 -112.686 552
268.008 -112.481 551
266.584 -112.277 550
265.646 -112.277 550
264.227 -112.073 549
262.812 -111.869 548
260.922 -111.461 546
259.039 -111.052 544
258.111 -111.052 544
257.184 -111.052 544
255.786 -110.848 543
255.329 -111.052 544
254.402 -111.052 544
253.475 -111.052 544
244.702 -108.399 531
243.796 -108.399 531
242.891 -108.399 531
241.986 -108.399 531
240.627 -108.194 530
239.723 -108.194 530
238.82 -108.194 530
237.467 -107.99 529
236.118 -107.786 528
235.218 -107.786 528
233.874 -107.582 527
232.534 -107.378 526
231.197 -107.174 525
230.302 -107.174 525
228.97 -106.97 524
227.641 -106.765 523
226.316 -106.561 522
225.426 -106.561 522
224.536 -106.561 522
223.218 -106.357 521
222.33 -106.357 521
221.442 -106.357 521
220.553 -106.357 521
218.822 -105.949 519
217.937 -105.949 519
217.053 -105.949 519
216.168 -105.949 519
214.868 -105.745 518
213.572 -105.541 517
212.279 -105.336 516
211.4 -105.336 516
210.112 -105.132 515
208.421 -104.724 513
206.738 -104.316 511
205.867 -104.316 511
204.594 -104.112 510
203.725 -104.112 510
202.856 -104.112 510
201.986 -104.112 510
200.722 -103.907 509
199.855 -103.907 509
198.596 -103.703 508
197.73 -103.703 508
196.864 -103.703 508
195.226 -103.295 506
193.595 -102.887 504
191.971 -102.479 502
191.116 -102.479 502
189.881 -102.274 501
188.65 -102.07 500
187.797 -102.07 500
186.945 -102.07 500
186.092 -102.07 500
184.87 -101.866 499
184.019 -101.866 499
183.168 -101.866 499
182.318 -101.866 499
181.467 -101.866 499
180.616 -101.866 499
179.766 -101.866 499
178.915 -101.866 499
178.064 -101.866 499
177.214 -101.866 499
176.363 -101.866 499
175.512 -101.866 499
174.311 -101.662 498
173.463 -101.662 498
172.614 -101.662 498
171.765 -101.662 498
170.916 -101.662 498
170.067 -101.662 498
169.218 -101.662 498
168.369 -101.662 498
167.52 -101.662 498
166.671 -101.662 498
165.822 -101.662 498
164.642 -101.458 497
136.887 -93.4963 458
136.107 -93.4963 458
135.326 -93.4963 458
133.957 -93.088 456
133.18 -93.088 456
131.822 -92.6798 454
131.048 -92.6798 454
129.7 -92.2715 452
128.93 -92.2715 452
127.876 -92.0673 451
126.543 -91.6591 449
125.498 -91.4549 448
124.455 -91.2508 447
123.693 -91.2508 447
122.931 -91.2508 447
121.896 -91.0466 446
120.864 -90.8425 445
120.105 -90.8425 445
118.81 -90.4342 443
117.789 -90.2301 442
116.77 -90.0259 441
116.019 -90.0259 441
115.267 -90.0259 441
114.255 -89.8218 440
113.247 -89.6177 439
112.499 -89.6177 439
111.496 -89.4135 438
110.749 -89.4135 438
109.752 -89.2094 437
108.508 -88.8011 435
107.766 -88.8011 435
107.025 -88.8011 435
106.039 -88.597 434
105.299 -88.597 434
104.559 -88.597 434
103.58 -88.3928 433
102.842 -88.3928 433
102.104 -88.3928 433
101.365 -88.3928 433
100.395 -88.1887 432
99.6584 -88.1887 432
98.9219 -88.1887 432
98.1855 -88.1887 432
97.449 -88.1887 432
96.7126 -88.1887 432
95.9761 -88.1887 432
95.4601 -88.3928 433
94.722 -88.3928 433
93.9838 -88.3928 433
93.2457 -88.3928 433
92.5075 -88.3928 433
91.7694 -88.3928 433
299.945 -113.421 551
299.005 -113.421 551
298.607 -113.627 552
297.666 -113.627 552
297.263 -113.833 553
296.32 -113.833 553
295.911 -114.039 554
294.967 -114.039 554
294.022 -114.039 554
293.078 -114.039 554
291.606 -113.833 553
290.663 -113.833 553
289.721 -113.833 553
288.778 -113.833 553
287.835 -113.833 553
286.893 -113.833 553
285.95 -113.833 553
284.492 -113.627 552
283.551 -113.627 552
282.61 -113.627 552
281.669 -113.627 552
280.728 -113.627 552
279.787 -113.627 552
278.846 -113.627 552
277.905 -113.627 552
276.964 -113.627 552
276.023 -113.627 552
275.082 -113.627 552
274.141 -113.627 552
272.705 -113.421 551
271.765 -113.421 551
270.826 -113.421 551
269.887 -113.421 551
268.947 -113.421 551
267.522 -113.216 550
266.099 -113.01 549
265.163 -113.01 549
263.265 -112.598 547
261.853 -112.392 546
259.966 -111.981 544
259.039 -111.981 544
258.111 -111.981 544
256.711 -111.775 543
255.786 -111.775 543
254.86 -111.775 543
253.934 -111.775 543
253.009 -111.775 543
244.241 -109.099 530
243.337 -109.099 530
242.434 -109.099 530
241.53 -109.099 530
240.627 -109.099 530
239.723 -109.099 530
238.369 -108.893 529
237.018 -108.687 528
235.671 -108.481 527
234.773 -108.481 527
233.43 -108.275 526
232.092 -108.069 525
230.756 -107.864 524
229.863 -107.864 524
228.096 -107.452 522
227.206 -107.452 522
225.883 -107.246 521
224.994 -107.246 521
224.106 -107.246 521
223.218 -107.246 521
222.33 -107.246 521
221.442 -107.246 521
220.13 -107.04 520
218.822 -106.834 519
217.937 -106.834 519
217.053 -106.834 519
215.751 -106.629 518
214.453 -106.423 517
213.159 -106.217 516
211.868 -106.011 515
210.99 -106.011 515
209.296 -105.599 513
208.015 -105.393 512
206.738 -105.188 511
205.867 -105.188 511
204.594 -104.982 510
203.326 -104.776 509
202.458 -104.776 509
201.59 -104.776 509
200.722 -104.776 509
199.462 -104.57 508
198.596 -104.57 508
197.73 -104.57 508
196.476 -104.364 507
194.455 -103.747 504
192.827 -103.335 502
191.589 -103.129 501
190.735 -103.129 501
189.502 -102.923 500
188.272 -102.717 499
187.422 -102.717 499
186.571 -102.717 499
185.72 -102.717 499
184.87 -102.717 499
184.019 -102.717 499
183.168 -102.717 499
181.952 -102.512 498
181.103 -102.512 498
180.254 -102.512 498
179.405 -102.512 498
178.556 -102.512 498
177.707 -102.512 498
176.858 -102.512 498
176.009 -102.512 498
175.16 -102.512 498
174.311 -102.512 498
173.463 -102.512 498
172.614 -102.512 498
171.765 -102.512 498
170.916 -102.512 498
170.067 -102.512 498
169.218 -102.512 498
168.369 -102.512 498
167.52 -102.512 498
166.671 -102.512 498
165.822 -102.512 498
164.642 -102.306 497
164.124 -102.512 498
163.275 -102.512 498
162.426 -102.512 498
140.446 -95.1011 462
139.658 -95.1011 462
138.87 -95.1011 462
136.887 -94.2777 458
136.107 -94.2777 458
134.735 -93.866 456
133.37 -93.4543 454
132.596 -93.4543 454
131.532 -93.2485 453
130.471 -93.0426 452
129.413 -92.8368 451
128.644 -92.8368 451
127.309 -92.4251 449
126.261 -92.2193 448
125.217 -92.0134 447
124.455 -92.0134 447
123.693 -92.0134 447
122.656 -91.8076 446
121.623 -91.6017 445
120.321 -91.19 443
119.566 -91.19 443
118.542 -90.9842 442
117.522 -90.7783 441
116.506 -90.5725 440
115.756 -90.5725 440
115.006 -90.5725 440
113.996 -90.3666 439
113.247 -90.3666 439
112.499 -90.3666 439
111.496 -90.1608 438
110.497 -89.9549 437
109.249 -89.5433 435
108.508 -89.5433 435
107.766 -89.5433 435
106.779 -89.3374 434
105.794 -89.1316 433
105.056 -89.1316 433
104.318 -89.1316 433
103.58 -89.1316 433
102.842 -89.1316 433
101.868 -88.9257 432
101.131 -88.9257 432
100.395 -88.9257 432
99.6584 -88.9257 432
98.9219 -88.9257 432
98.1855 -88.9257 432
97.449 -88.9257 432
96.7126 -88.9257 432
95.9761 -88.9257 432
95.4601 -89.1316 433
94.722 -89.1316 433
93.9838 -89.1316 433
93.2457 -89.1316 433
92.5075 -89.1316 433
300.884 -114.362 551
299.945 -114.362 551
299.005 -114.362 551
298.066 -114.362 551
297.127 -114.362 551
296.725 -114.569 552
295.784 -114.569 552
294.843 -114.569 552
293.902 -114.569 552
292.961 -114.569 552
292.02 -114.569 552
291.079 -114.569 552
290.138 -114.569 552
289.197 -114.569 552
288.256 -114.569 552
287.315 -114.569 552
286.374 -114.569 552
285.433 -114.569 552
283.976 -114.362 551
283.037 -114.362 551
282.098 -114.362 551
281.158 -114.362 551
280.219 -114.362 551
279.28 -114.362 551
278.34 -114.362 551
277.401 -114.362 551
276.462 -114.362 551
275.522 -114.362 551
274.583 -114.362 551
273.644 -114.362 551
272.705 -114.362 551
271.765 -114.362 551
270.826 -114.362 551
269.887 -114.362 551
268.947 -114.362 551
267.522 -114.154 550
266.099 -113.946 549
265.163 -113.946 549
263.265 -113.531 547
261.853 -113.324 546
259.966 -112.909 544
259.039 -112.909 544
258.111 -112.909 544
256.711 -112.701 543
255.786 -112.701 543
254.86 -112.701 543
253.934 -112.701 543
253.009 -112.701 543
244.241 -110.003 530
243.337 -110.003 530
242.434 -110.003 530
241.53 -110.003 530
240.627 -110.003 530
239.723 -110.003 530
238.369 -109.795 529
237.018 -109.588 528
235.671 -109.38 527
234.773 -109.38 527
232.099 -108.55 523
230.765 -108.342 522
229.876 -108.342 522
228.986 -108.342 522
227.659 -108.135 521
226.335 -107.927 520
225.449 -107.927 520
224.562 -107.927 520
223.676 -107.927 520
222.79 -107.927 520
221.903 -107.927 520
221.017 -107.927 520
219.707 -107.72 519
218.4 -107.512 518
217.517 -107.512 518
216.634 -107.512 518
215.335 -107.305 517
214.039 -107.097 516
212.746 -106.89 515
211.045 -106.475 513
210.171 -106.475 513
208.888 -106.267 512
207.609 -106.059 511
206.333 -105.852 510
205.464 -105.852 510
204.193 -105.644 509
203.326 -105.644 509
202.458 -105.644 509
201.59 -105.644 509
200.328 -105.437 508
199.462 -105.437 508
198.205 -105.229 507
197.341 -105.229 507
196.089 -105.022 506
193.683 -104.191 502
192.443 -103.984 501
191.207 -103.776 500
190.354 -103.776 500
189.123 -103.569 499
188.272 -103.569 499
187.422 -103.569 499
186.571 -103.569 499
185.72 -103.569 499
184.499 -103.361 498
183.65 -103.361 498
182.801 -103.361 498
181.952 -103.361 498
181.103 -103.361 498
179.892 -103.154 497
179.045 -103.154 497
178.198 -103.154 497
177.35 -103.154 497
176.503 -103.154 497
175.656 -103.154 497
174.809 -103.154 497
173.961 -103.154 497
173.114 -103.154 497
172.267 -103.154 497
171.42 -103.154 497
170.572 -103.154 497
169.042 -102.739 495
168.538 -102.946 496
167.693 -102.946 496
166.847 -102.946 496
166.336 -103.154 497
165.489 -103.154 497
164.642 -103.154 497
164.124 -103.361 498
163.275 -103.361 498
162.426 -103.361 498
140.446 -95.8893 462
139.658 -95.8893 462
138.87 -95.8893 462
136.887 -95.0591 458
136.107 -95.0591 458
134.735 -94.644 456
133.37 -94.2289 454
132.596 -94.2289 454
131.532 -94.0214 453
130.471 -93.8138 452
129.413 -93.6062 451
128.644 -93.6062 451
127.309 -93.1911 449
126.261 -92.9836 448
125.217 -92.776 447
124.455 -92.776 447
123.693 -92.776 447
122.656 -92.5685 446
121.623 -92.3609 445
120.321 -91.9458 443
119.566 -91.9458 443
118.542 -91.7383 442
117.522 -91.5307 441
116.506 -91.3232 440
115.756 -91.3232 440
115.006 -91.3232 440
113.996 -91.1156 439
113.247 -91.1156 439
112.499 -91.1156 439
111.496 -90.9081 438
110.497 -90.7005 437
109.249 -90.2854 435
108.258 -90.0779 434
107.518 -90.0779 434
106.532 -89.8703 433
105.794 -89.8703 433
104.814 -89.6627 432
104.077 -89.6627 432
103.341 -89.6627 432
102.604 -89.6627 432
101.868 -89.6627 432
101.131 -89.6627 432
100.162 -89.4552 431
99.4277 -89.4552 431
98.9219 -89.6627 432
98.1855 -89.6627 432
97.449 -89.6627 432
96.4887 -89.4552 431
95.754 -89.4552 431
95.4601 -89.8703 433
94.722 -89.8703 433
93.9838 -89.8703 433
93.2457 -89.8703 433
92.5075 -89.8703 433
300.884 -115.302 551
299.945 -115.302 551
299.005 -115.302 551
298.066 -115.302 551
297.127 -115.302 551
296.725 -115.511 552
295.784 -115.511 552
294.843 -115.511 552
293.902 -115.511 552
292.961 -115.511 552
292.02 -115.511 552
291.079 -115.511 552
289.612 -115.302 551
288.673 -115.302 551
287.734 -115.302 551
286.794 -115.302 551
285.855 -115.302 551
284.916 -115.302 551
283.976 -115.302 551
283.037 -115.302 551
282.098 -115.302 551
281.158 -115.302 551
280.219 -115.302 551
278.773 -115.092 550
277.835 -115.092 550
276.898 -115.092 550
275.96 -115.092 550
275.022 -115.092 550
274.085 -115.092 550
273.147 -115.092 550
271.715 -114.883 549
270.779 -114.883 549
269.843 -114.883 549
268.907 -114.883 549
267.971 -114.883 549
266.062 -114.465 547
264.645 -114.255 546
262.748 -113.837 544
261.821 -113.837 544
260.414 -113.628 543
259.01 -113.418 542
257.61 -113.209 541
256.688 -113.209 541
255.293 -113 540
253.901 -112.79 539
252.983 -112.79 539
252.064 -112.79 539
251.145 -112.79 539
241.937 -109.861 525
241.96 -110.279 527
241.061 -110.279 527
240.163 -110.279 527
239.265 -110.279 527
238.366 -110.279 527
237.468 -110.279 527
236.121 -110.07 526
234.329 -109.652 524
233.436 -109.652 524
232.099 -109.442 523
230.765 -109.233 522
229.876 -109.233 522
228.986 -109.233 522
227.659 -109.024 521
226.335 -108.815 520
225.449 -108.815 520
224.562 -108.815 520
223.676 -108.815 520
222.79 -108.815 520
221.903 -108.815 520
221.017 -108.815 520
219.707 -108.605 519
218.4 -108.396 518
217.517 -108.396 518
216.634 -108.396 518
215.335 -108.187 517
214.039 -107.978 516
212.746 -107.768 515
211.045 -107.35 513
210.171 -107.35 513
208.888 -107.14 512
207.609 -106.931 511
206.333 -106.722 510
205.464 -106.722 510
204.193 -106.513 509
203.326 -106.513 509
202.458 -106.513 509
201.59 -106.513 509
200.328 -106.303 508
199.069 -106.094 507
197.814 -105.885 506
196.952 -105.885 506
194.539 -105.048 502
193.297 -104.839 501
192.059 -104.629 500
190.824 -104.42 499
189.974 -104.42 499
189.123 -104.42 499
188.272 -104.42 499
187.046 -104.211 498
186.197 -104.211 498
185.348 -104.211 498
184.499 -104.211 498
183.281 -104.002 497
182.434 -104.002 497
181.221 -103.792 496
180.376 -103.792 496
179.168 -103.583 495
178.324 -103.583 495
177.481 -103.583 495
176.637 -103.583 495
175.793 -103.583 495
174.949 -103.583 495
174.105 -103.583 495
173.261 -103.583 495
172.418 -103.583 495
171.574 -103.583 495
170.73 -103.583 495
169.886 -103.583 495
168.359 -103.165 493
167.859 -103.374 494
167.016 -103.374 494
166.174 -103.374 494
165.667 -103.583 495
165.489 -104.002 497
164.642 -104.002 497
164.124 -104.211 498
163.275 -104.211 498
162.426 -104.211 498
141.713 -96.4683 461
140.928 -96.4683 461
140.446 -96.6775 462
139.658 -96.6775 462
138.87 -96.6775 462
137.485 -96.259 460
136.107 -95.8405 458
134.735 -95.422 456
133.076 -94.7942 453
132.304 -94.7942 453
131.241 -94.585 452
130.182 -94.3757 451
128.839 -93.9572 449
128.074 -93.9572 449
127.025 -93.7479 448
125.979 -93.5387 447
125.217 -93.5387 447
124.177 -93.3294 446
123.417 -93.3294 446
122.381 -93.1201 445
121.076 -92.7016 443
119.778 -92.2831 441
119.026 -92.2831 441
118.274 -92.2831 441
117.256 -92.0739 440
116.241 -91.8646 439
115.493 -91.8646 439
114.744 -91.8646 439
113.996 -91.8646 439
112.989 -91.6553 438
112.243 -91.6553 438
111.241 -91.4461 437
109.991 -91.0276 435
109.249 -91.0276 435
108.258 -90.8183 434
107.518 -90.8183 434
106.532 -90.609 433
105.794 -90.609 433
104.814 -90.3998 432
104.077 -90.3998 432
103.341 -90.3998 432
102.604 -90.3998 432
101.868 -90.3998 432
101.131 -90.3998 432
100.162 -90.1905 431
99.4277 -90.1905 431
98.9219 -90.3998 432
98.1855 -90.3998 432
97.449 -90.3998 432
96.4887 -90.1905 431
95.754 -90.1905 431
95.4601 -90.609 433
94.722 -90.609 433
93.9838 -90.609 433
93.2457 -90.609 433
92.5075 -90.609 433
299.632 -115.398 547
300.884 -116.242 551
299.945 -116.242 551
299.005 -116.242 551
298.066 -116.242 551
297.127 -116.242 551
296.187 -116.242 551
295.248 -116.242 551
294.843 -116.453 552
293.902 -116.453 552
292.961 -116.453 552
291.491 -116.242 551
290.552 -116.242 551
289.612 -116.242 551
288.673 -116.242 551
287.734 -116.242 551
286.794 -116.242 551
285.855 -116.242 551
284.916 -116.242 551
283.976 -116.242 551
283.037 -116.242 551
282.098 -116.242 551
281.158 -116.242 551
279.711 -116.031 550
278.773 -116.031 550
277.835 -116.031 550
276.898 -116.031 550
275.96 -116.031 550
275.022 -116.031 550
273.587 -115.82 549
272.651 -115.82 549
271.715 -115.82 549
270.779 -115.82 549
269.351 -115.609 548
268.417 -115.609 548
266.995 -115.398 547
265.576 -115.187 546
263.676 -114.765 544
262.265 -114.554 543
261.34 -114.554 543
259.934 -114.343 542
258.533 -114.132 541
257.134 -113.921 540
256.214 -113.921 540
254.82 -113.71 539
252.959 -113.288 537
250.166 -112.444 533
249.258 -112.444 533
247.883 -112.233 532
246.048 -111.811 530
243.294 -110.968 526
242.397 -110.968 526
241.501 -110.968 526
240.147 -110.757 525
239.252 -110.757 525
238.357 -110.757 525
237.462 -110.757 525
236.567 -110.757 525
235.223 -110.546 524
233.882 -110.335 523
232.991 -110.335 523
231.212 -109.913 521
230.323 -109.913 521
228.995 -109.702 520
228.108 -109.702 520
227.222 -109.702 520
225.9 -109.491 519
225.015 -109.491 519
224.131 -109.491 519
223.246 -109.491 519
222.361 -109.491 519
221.476 -109.491 519
220.592 -109.491 519
219.283 -109.28 518
217.979 -109.069 517
216.678 -108.858 516
215.798 -108.858 516
214.918 -108.858 516
213.209 -108.436 514
211.507 -108.014 512
210.222 -107.803 511
209.351 -107.803 511
208.48 -107.803 511
207.203 -107.592 510
206.333 -107.592 510
205.464 -107.592 510
204.193 -107.381 509
203.326 -107.381 509
202.06 -107.17 508
201.194 -107.17 508
200.328 -107.17 508
199.069 -106.959 507
197.814 -106.748 506
196.952 -106.748 506
194.539 -105.904 502
193.297 -105.693 501
192.059 -105.482 500
190.824 -105.271 499
189.974 -105.271 499
189.123 -105.271 499
188.272 -105.271 499
187.046 -105.061 498
186.197 -105.061 498
185.348 -105.061 498
184.499 -105.061 498
183.281 -104.85 497
182.434 -104.85 497
181.221 -104.639 496
180.376 -104.639 496
179.168 -104.428 495
178.324 -104.428 495
177.481 -104.428 495
176.637 -104.428 495
175.793 -104.428 495
174.949 -104.428 495
174.105 -104.428 495
173.261 -104.428 495
172.069 -104.217 494
171.227 -104.217 494
170.04 -104.006 493
169.2 -104.006 493
168.018 -103.795 492
167.519 -104.006 493
166.678 -104.006 493
165.838 -104.006 493
164.997 -104.006 493
164.49 -104.217 494
163.648 -104.217 494
163.794 -104.85 497
162.947 -104.85 497
162.1 -104.85 497
141.713 -97.2548 461
140.928 -97.2548 461
140.142 -97.2548 461
139.356 -97.2548 461
138.57 -97.2548 461
137.485 -97.0438 460
135.809 -96.4109 457
134.735 -96.2 456
133.076 -95.5671 453
132.304 -95.5671 453
130.951 -95.1452 451
129.605 -94.7232 449
128.839 -94.7232 449
128.074 -94.7232 449
127.025 -94.5123 448
125.979 -94.3013 447
124.937 -94.0903 446
123.62 -93.6684 444
122.863 -93.6684 444
121.831 -93.4574 443
120.529 -93.0355 441
119.778 -93.0355 441
119.026 -93.0355 441
118.006 -92.8245 440
116.989 -92.6136 439
116.241 -92.6136 439
115.493 -92.6136 439
114.744 -92.6136 439
113.736 -92.4026 438
112.731 -92.1916 437
111.986 -92.1916 437
110.732 -91.7697 435
109.738 -91.5588 434
108.998 -91.5588 434
108.009 -91.3478 433
107.271 -91.3478 433
106.532 -91.3478 433
105.55 -91.1368 432
104.814 -91.1368 432
104.077 -91.1368 432
103.341 -91.1368 432
102.604 -91.1368 432
101.632 -90.9259 431
100.897 -90.9259 431
100.162 -90.9259 431
99.4277 -90.9259 431
98.6929 -90.9259 431
97.9582 -90.9259 431
97.2234 -90.9259 431
96.4887 -90.9259 431
95.754 -90.9259 431
95.2397 -91.1368 432
94.5032 -91.1368 432
93.7668 -91.1368 432
93.0303 -91.1368 432
92.2939 -91.1368 432
299.632 -116.331 547
300.884 -117.182 551
299.945 -117.182 551
299.005 -117.182 551
298.066 -117.182 551
297.127 -117.182 551
296.187 -117.182 551
295.248 -117.182 551
294.843 -117.394 552
293.902 -117.394 552
292.961 -117.394 552
291.491 -117.182 551
290.552 -117.182 551
289.612 -117.182 551
288.673 -117.182 551
287.734 -117.182 551
286.794 -117.182 551
285.855 -117.182 551
284.916 -117.182 551
283.976 -117.182 551
283.037 -117.182 551
282.098 -117.182 551
281.158 -117.182 551
279.711 -116.969 550
278.773 -116.969 550
277.835 -116.969 550
276.898 -116.969 550
275.96 -116.969 550
275.022 -116.969 550
273.587 -116.756 549
272.651 -116.756 549
271.715 -116.756 549
270.286 -116.544 548
268.86 -116.331 547
267.927 -116.331 547
265.531 -115.693 544
264.603 -115.693 544
263.191 -115.48 543
261.782 -115.268 542
260.858 -115.268 542
259.455 -115.055 541
258.055 -114.842 540
256.658 -114.63 539
255.739 -114.63 539
253.875 -114.204 537
251.075 -113.354 533
249.697 -113.141 532
248.79 -113.141 532
247.417 -112.928 531
246.048 -112.716 530
243.757 -112.078 527
242.397 -111.865 526
241.501 -111.865 526
240.147 -111.652 525
238.796 -111.44 524
237.903 -111.44 524
237.009 -111.44 524
236.116 -111.44 524
234.774 -111.227 523
232.988 -110.802 521
232.1 -110.802 521
231.212 -110.802 521
229.881 -110.589 520
228.995 -110.589 520
228.108 -110.589 520
226.785 -110.376 519
225.9 -110.376 519
225.015 -110.376 519
224.131 -110.376 519
223.246 -110.376 519
221.933 -110.164 518
221.05 -110.164 518
220.167 -110.164 518
218.86 -109.951 517
217.557 -109.738 516
215.838 -109.313 514
214.961 -109.313 514
214.085 -109.313 514
212.379 -108.888 512
211.093 -108.675 511
209.811 -108.462 510
208.941 -108.462 510
208.072 -108.462 510
207.203 -108.462 510
205.929 -108.25 509
205.061 -108.25 509
204.193 -108.25 509
202.926 -108.037 508
201.662 -107.824 507
200.798 -107.824 507
199.539 -107.612 506
198.677 -107.612 506
196.25 -106.761 502
195.005 -106.548 501
194.151 -106.548 501
192.911 -106.335 500
191.675 -106.123 499
190.442 -105.91 498
189.593 -105.91 498
188.744 -105.91 498
187.518 -105.697 497
186.295 -105.485 496
185.449 -105.485 496
184.604 -105.485 496
183.758 -105.485 496
182.175 -105.059 494
181.333 -105.059 494
180.125 -104.847 493
179.285 -104.847 493
178.082 -104.634 492
177.604 -104.847 493
176.764 -104.847 493
175.923 -104.847 493
175.438 -105.059 494
174.596 -105.059 494
173.754 -105.059 494
172.911 -105.059 494
172.069 -105.059 494
171.227 -105.059 494
170.04 -104.847 493
169.2 -104.847 493
168.018 -104.634 492
167.519 -104.847 493
166.678 -104.847 493
165.838 -104.847 493
164.997 -104.847 493
164.49 -105.059 494
163.648 -105.059 494
163.794 -105.697 497
162.947 -105.697 497
162.1 -105.697 497
141.713 -98.0413 461
140.928 -98.0413 461
140.142 -98.0413 461
139.356 -98.0413 461
138.57 -98.0413 461
137.485 -97.8286 460
135.809 -97.1906 457
133.848 -96.34 453
132.782 -96.1273 452
132.012 -96.1273 452
130.37 -95.4893 449
129.605 -95.4893 449
128.552 -95.2766 448
127.789 -95.2766 448
126.741 -95.0639 447
125.698 -94.8512 446
124.377 -94.4259 444
123.342 -94.2132 443
122.586 -94.2132 443
121.281 -93.7879 441
120.529 -93.7879 441
119.506 -93.5752 440
118.756 -93.5752 440
117.738 -93.3625 439
116.989 -93.3625 439
115.976 -93.1499 438
115.229 -93.1499 438
114.483 -93.1499 438
113.476 -92.9372 437
112.473 -92.7245 436
111.218 -92.2992 434
110.478 -92.2992 434
109.738 -92.2992 434
108.998 -92.2992 434
108.009 -92.0865 433
107.271 -92.0865 433
106.532 -92.0865 433
105.55 -91.8739 432
104.814 -91.8739 432
104.077 -91.8739 432
103.341 -91.8739 432
102.604 -91.8739 432
101.632 -91.6612 431
100.897 -91.6612 431
100.162 -91.6612 431
99.197 -91.4485 430
98.464 -91.4485 430
97.7309 -91.4485 430
96.9979 -91.4485 430
96.2648 -91.4485 430
95.5318 -91.4485 430
95.0192 -91.6612 431
94.2845 -91.6612 431
93.7668 -91.8739 432
93.0303 -91.8739 432
92.2939 -91.8739 432
308.957 -117.264 547
308.025 -117.264 547
307.654 -117.479 548
306.719 -117.479 548
305.785 -117.479 548
304.295 -117.264 547
301.698 -116.621 544
300.771 -116.621 544
300.395 -116.835 545
299.466 -116.835 545
299.632 -117.264 547
299.792 -117.693 549
298.856 -117.693 549
297.92 -117.693 549
296.984 -117.693 549
296.048 -117.693 549
295.65 -117.907 550
294.712 -117.907 550
293.775 -117.907 550
292.837 -117.907 550
291.899 -117.907 550
290.962 -117.907 550
290.024 -117.907 550
289.612 -118.122 551
288.673 -118.122 551
287.734 -118.122 551
286.794 -118.122 551
285.855 -118.122 551
284.916 -118.122 551
283.976 -118.122 551
283.037 -118.122 551
281.586 -117.907 550
280.648 -117.907 550
279.711 -117.907 550
278.773 -117.907 550
277.835 -117.907 550
276.898 -117.907 550
275.96 -117.907 550
274.522 -117.693 549
273.587 -117.693 549
272.651 -117.693 549
271.715 -117.693 549
270.286 -117.479 548
268.86 -117.264 547
267.927 -117.264 547
265.531 -116.621 544
264.603 -116.621 544
263.191 -116.407 543
261.782 -116.192 542
260.858 -116.192 542
259.455 -115.978 541
258.055 -115.764 540
256.658 -115.549 539
255.739 -115.549 539
253.875 -115.12 537
251.075 -114.263 533
249.697 -114.049 532
248.79 -114.049 532
247.417 -113.834 531
246.048 -113.62 530
243.757 -112.977 527
242.397 -112.762 526
241.501 -112.762 526
240.147 -112.548 525
238.796 -112.334 524
237.903 -112.334 524
237.009 -112.334 524
236.116 -112.334 524
234.774 -112.119 523
232.988 -111.69 521
232.1 -111.69 521
231.212 -111.69 521
229.881 -111.476 520
228.554 -111.262 519
227.67 -111.262 519
226.785 -111.262 519
225.465 -111.047 518
224.582 -111.047 518
223.699 -111.047 518
222.386 -110.833 517
221.504 -110.833 517
220.623 -110.833 517
219.742 -110.833 517
218.437 -110.619 516
216.714 -110.19 514
215.418 -109.975 513
214.125 -109.761 512
213.252 -109.761 512
211.965 -109.547 511
210.68 -109.332 510
209.4 -109.118 509
208.532 -109.118 509
207.664 -109.118 509
206.796 -109.118 509
205.524 -108.904 508
204.658 -108.904 508
203.391 -108.689 507
202.127 -108.475 506
200.469 -108.046 504
199.61 -108.046 504
197.962 -107.617 502
196.714 -107.403 501
195.468 -107.189 500
194.227 -106.974 499
193.376 -106.974 499
192.14 -106.76 498
190.907 -106.545 497
190.059 -106.545 497
189.212 -106.545 497
187.607 -106.117 495
186.386 -105.902 494
185.168 -105.688 493
184.328 -105.688 493
183.487 -105.688 493
182.647 -105.688 493
181.437 -105.474 492
180.599 -105.474 492
179.395 -105.259 491
178.558 -105.259 491
177.721 -105.259 491
177.244 -105.474 492
176.405 -105.474 492
175.566 -105.474 492
174.728 -105.474 492
173.889 -105.474 492
173.05 -105.474 492
172.211 -105.474 492
171.373 -105.474 492
170.534 -105.474 492
169.695 -105.474 492
168.856 -105.474 492
167.676 -105.259 491
166.839 -105.259 491
166.002 -105.259 491
165.165 -105.259 491
164.328 -105.259 491
163.824 -105.474 492
162.985 -105.474 492
162.146 -105.474 492
161.308 -105.474 492
160.469 -105.474 492
141.713 -98.8278 461
140.928 -98.8278 461
140.142 -98.8278 461
139.356 -98.8278 461
138.57 -98.8278 461
137.485 -98.6134 460
135.809 -97.9703 457
133.848 -97.1128 453
132.782 -96.8984 452
132.012 -96.8984 452
130.37 -96.2553 449
129.605 -96.2553 449
128.552 -96.0409 448
127.789 -96.0409 448
126.741 -95.8266 447
125.698 -95.6122 446
124.377 -95.1834 444
123.342 -94.969 443
122.586 -94.969 443
121.281 -94.5403 441
120.529 -94.5403 441
119.506 -94.3259 440
118.756 -94.3259 440
117.738 -94.1115 439
116.989 -94.1115 439
115.976 -93.8972 438
115.229 -93.8972 438
114.483 -93.8972 438
113.476 -93.6828 437
112.473 -93.4684 436
111.218 -93.0396 434
110.478 -93.0396 434
109.738 -93.0396 434
108.998 -93.0396 434
108.009 -92.8253 433
107.271 -92.8253 433
106.532 -92.8253 433
105.55 -92.6109 432
104.571 -92.3965 431
103.836 -92.3965 431
103.101 -92.3965 431
102.367 -92.3965 431
101.632 -92.3965 431
100.897 -92.3965 431
100.162 -92.3965 431
99.197 -92.1821 430
98.464 -92.1821 430
97.7309 -92.1821 430
96.9979 -92.1821 430
96.2648 -92.1821 430
95.3096 -91.9678 429
94.7988 -92.1821 430
94.0657 -92.1821 430
93.3327 -92.1821 430
92.5996 -92.1821 430
91.8666 -92.1821 430
308.957 -118.198 547
308.025 -118.198 547
307.654 -118.414 548
306.719 -118.414 548
305.785 -118.414 548
304.295 -118.198 547
301.698 -117.549 544
300.771 -117.549 544
300.395 -117.765 545
299.466 -117.765 545
299.085 -117.981 546
298.7 -118.198 547
297.767 -118.198 547
296.835 -118.198 547
296.443 -118.414 548
295.509 -118.414 548
295.112 -118.63 549
294.176 -118.63 549
293.241 -118.63 549
292.837 -118.846 550
291.899 -118.846 550
290.962 -118.846 550
290.024 -118.846 550
289.087 -118.846 550
288.149 -118.846 550
287.211 -118.846 550
286.274 -118.846 550
285.336 -118.846 550
284.399 -118.846 550
283.461 -118.846 550
282.523 -118.846 550
281.586 -118.846 550
280.648 -118.846 550
279.202 -118.63 549
278.266 -118.63 549
277.33 -118.63 549
276.394 -118.63 549
275.458 -118.63 549
274.522 -118.63 549
273.088 -118.414 548
272.154 -118.414 548
271.22 -118.414 548
269.299 -117.981 546
267.385 -117.549 544
266.458 -117.549 544
265.531 -117.549 544
263.63 -117.117 542
262.222 -116.901 541
261.299 -116.901 541
260.377 -116.901 541
258.975 -116.685 540
257.577 -116.469 539
256.182 -116.253 538
255.265 -116.253 538
252.929 -115.604 535
250.604 -114.956 532
249.228 -114.74 531
248.322 -114.74 531
246.951 -114.524 530
246.048 -114.524 530
243.757 -113.876 527
242.397 -113.66 526
241.501 -113.66 526
240.147 -113.444 525
238.796 -113.228 524
237.449 -113.011 523
236.557 -113.011 523
235.215 -112.795 522
234.325 -112.795 522
232.988 -112.579 521
232.1 -112.579 521
230.768 -112.363 520
229.881 -112.363 520
228.554 -112.147 519
227.67 -112.147 519
226.785 -112.147 519
225.465 -111.931 518
224.582 -111.931 518
223.699 -111.931 518
222.386 -111.715 517
221.504 -111.715 517
220.623 -111.715 517
219.742 -111.715 517
218.437 -111.499 516
216.714 -111.067 514
215.418 -110.851 513
214.125 -110.635 512
213.252 -110.635 512
211.965 -110.419 511
210.68 -110.202 510
209.4 -109.986 509
208.532 -109.986 509
207.664 -109.986 509
206.796 -109.986 509
205.524 -109.77 508
204.658 -109.77 508
203.391 -109.554 507
202.127 -109.338 506
200.469 -108.906 504
199.61 -108.906 504
197.962 -108.474 502
196.321 -108.042 500
195.078 -107.826 499
193.838 -107.609 498
192.989 -107.609 498
191.754 -107.393 497
190.907 -107.393 497
189.295 -106.961 495
188.451 -106.961 495
187.228 -106.745 494
186.008 -106.529 493
185.168 -106.529 493
184.328 -106.529 493
183.115 -106.313 492
182.276 -106.313 492
181.069 -106.097 491
180.232 -106.097 491
179.395 -106.097 491
178.194 -105.881 490
177.359 -105.881 490
176.883 -106.097 491
176.046 -106.097 491
175.209 -106.097 491
174.372 -106.097 491
173.535 -106.097 491
172.698 -106.097 491
171.861 -106.097 491
171.024 -106.097 491
170.187 -106.097 491
169.35 -106.097 491
168.513 -106.097 491
167.335 -105.881 490
166.499 -105.881 490
165.664 -105.881 490
164.829 -105.881 490
163.993 -105.881 490
163.158 -105.881 490
162.323 -105.881 490
161.487 -105.881 490
160.652 -105.881 490
159.817 -105.881 490
141.406 -99.3983 460
140.622 -99.3983 460
139.838 -99.3983 460
139.053 -99.3983 460
138.269 -99.3983 460
136.29 -98.5339 456
135.512 -98.5339 456
133.553 -97.6696 452
131.901 -97.0213 449
131.136 -97.0213 449
130.08 -96.8053 448
129.027 -96.5892 447
128.265 -96.5892 447
127.503 -96.5892 447
126.741 -96.5892 447
125.134 -95.9409 444
124.097 -95.7248 443
123.063 -95.5088 442
122.31 -95.5088 442
121.281 -95.2927 441
120.529 -95.2927 441
119.506 -95.0766 440
118.756 -95.0766 440
117.738 -94.8605 439
116.723 -94.6444 438
115.976 -94.6444 438
115.229 -94.6444 438
114.221 -94.4283 437
113.476 -94.4283 437
112.215 -93.9962 435
111.218 -93.7801 434
110.478 -93.7801 434
109.738 -93.7801 434
108.747 -93.564 433
108.009 -93.564 433
107.271 -93.564 433
106.532 -93.564 433
105.55 -93.3479 432
104.571 -93.1318 431
103.836 -93.1318 431
103.101 -93.1318 431
102.367 -93.1318 431
101.632 -93.1318 431
100.897 -93.1318 431
100.162 -93.1318 431
99.197 -92.9158 430
98.464 -92.9158 430
97.7309 -92.9158 430
96.9979 -92.9158 430
96.2648 -92.9158 430
95.3096 -92.6997 429
94.7988 -92.9158 430
94.0657 -92.9158 430
93.3327 -92.9158 430
92.5996 -92.9158 430
91.8666 -92.9158 430
308.957 -119.131 547
308.025 -119.131 547
307.654 -119.349 548
306.719 -119.349 548
305.785 -119.349 548
304.295 -119.131 547
301.698 -118.477 544
300.771 -118.477 544
300.395 -118.695 545
299.466 -118.695 545
299.085 -118.913 546
298.7 -119.131 547
297.767 -119.131 547
296.835 -119.131 547
295.902 -119.131 547
294.97 -119.131 547
294.575 -119.349 548
293.641 -119.349 548
292.706 -119.349 548
291.772 -119.349 548
290.838 -119.349 548
289.904 -119.349 548
288.97 -119.349 548
288.035 -119.349 548
287.101 -119.349 548
286.167 -119.349 548
285.233 -119.349 548
284.299 -119.349 548
283.364 -119.349 548
282.43 -119.349 548
281.496 -119.349 548
280.562 -119.349 548
279.628 -119.349 548
278.693 -119.349 548
277.252 -119.131 547
276.32 -119.131 547
275.387 -119.131 547
273.953 -118.913 546
273.022 -118.913 546
271.593 -118.695 545
270.664 -118.695 545
269.24 -118.477 544
267.326 -118.042 542
266.402 -118.042 542
264.988 -117.824 541
264.066 -117.824 541
263.144 -117.824 541
262.222 -117.824 541
260.816 -117.606 540
259.896 -117.606 540
258.975 -117.606 540
257.577 -117.388 539
255.706 -116.953 537
254.79 -116.953 537
251.984 -116.082 533
250.133 -115.646 531
248.758 -115.428 530
247.855 -115.428 530
246.951 -115.428 530
245.584 -115.211 529
243.757 -114.775 527
242.397 -114.557 526
241.501 -114.557 526
240.147 -114.339 525
238.34 -113.904 523
236.995 -113.686 522
236.105 -113.686 522
235.215 -113.686 522
233.876 -113.468 521
232.541 -113.25 520
231.654 -113.25 520
230.768 -113.25 520
229.881 -113.25 520
228.554 -113.033 519
227.67 -113.033 519
226.348 -112.815 518
225.465 -112.815 518
224.148 -112.597 517
223.267 -112.597 517
221.955 -112.379 516
221.076 -112.379 516
220.196 -112.379 516
219.316 -112.379 516
217.59 -111.944 514
216.292 -111.726 513
214.578 -111.29 511
213.707 -111.29 511
212.836 -111.29 511
211.55 -111.073 510
210.267 -110.855 509
209.4 -110.855 509
208.532 -110.855 509
207.256 -110.637 508
206.39 -110.637 508
205.12 -110.419 507
204.255 -110.419 507
202.589 -109.984 505
200.929 -109.548 503
199.673 -109.33 502
198.422 -109.112 501
197.568 -109.112 501
196.321 -108.895 500
195.078 -108.677 499
193.838 -108.459 498
192.989 -108.459 498
191.754 -108.241 497
190.907 -108.241 497
189.295 -107.806 495
188.451 -107.806 495
187.228 -107.588 494
186.008 -107.37 493
185.168 -107.37 493
184.328 -107.37 493
183.115 -107.152 492
182.276 -107.152 492
181.069 -106.935 491
180.232 -106.935 491
179.395 -106.935 491
178.194 -106.717 490
177.359 -106.717 490
176.883 -106.935 491
176.046 -106.935 491
175.209 -106.935 491
174.372 -106.935 491
173.535 -106.935 491
172.698 -106.935 491
171.861 -106.935 491
171.024 -106.935 491
170.187 -106.935 491
169.35 -106.935 491
168.17 -106.717 490
167.335 -106.717 490
166.499 -106.717 490
165.326 -106.499 489
164.492 -106.499 489
163.659 -106.499 489
162.825 -106.499 489
161.991 -106.499 489
161.158 -106.499 489
160.324 -106.499 489
159.491 -106.499 489
158.657 -106.499 489
140.791 -99.7475 458
140.01 -99.7475 458
139.23 -99.7475 458
138.449 -99.7475 458
137.668 -99.7475 458
134.795 -98.223 451
134.026 -98.223 451
132.667 -97.7874 449
131.607 -97.5696 448
130.844 -97.5696 448
129.79 -97.3518 447
129.027 -97.3518 447
128.265 -97.3518 447
127.503 -97.3518 447
126.174 -96.9162 445
125.134 -96.6984 444
123.817 -96.2629 442
122.785 -96.0451 441
122.033 -96.0451 441
121.281 -96.0451 441
120.256 -95.8273 440
119.234 -95.6095 439
118.486 -95.6095 439
117.738 -95.6095 439
116.723 -95.3917 438
115.711 -95.1739 437
114.966 -95.1739 437
114.221 -95.1739 437
113.217 -94.9561 436
112.215 -94.7383 435
111.218 -94.5205 434
110.478 -94.5205 434
109.485 -94.3027 433
108.747 -94.3027 433
108.009 -94.3027 433
107.271 -94.3027 433
106.286 -94.085 432
105.306 -93.8672 431
104.571 -93.8672 431
103.836 -93.8672 431
103.101 -93.8672 431
102.367 -93.8672 431
101.632 -93.8672 431
100.897 -93.8672 431
100.162 -93.8672 431
99.197 -93.6494 430
98.464 -93.6494 430
97.7309 -93.6494 430
96.9979 -93.6494 430
96.2648 -93.6494 430
95.0875 -93.2138 428
94.7988 -93.6494 430
94.0657 -93.6494 430
93.3327 -93.6494 430
92.5996 -93.6494 430
91.8666 -93.6494 430
308.957 -120.064 547
308.025 -120.064 547
307.092 -120.064 547
306.16 -120.064 547
305.227 -120.064 547
304.295 -120.064 547
301.698 -119.405 544
300.771 -119.405 544
300.395 -119.625 545
299.466 -119.625 545
299.085 -119.844 546
298.154 -119.844 546
297.223 -119.844 546
296.292 -119.844 546
295.361 -119.844 546
294.97 -120.064 547
294.575 -120.283 548
293.641 -120.283 548
292.706 -120.283 548
291.772 -120.283 548
290.838 -120.283 548
289.904 -120.283 548
288.97 -120.283 548
288.035 -120.283 548
287.101 -120.283 548
286.167 -120.283 548
285.233 -120.283 548
284.299 -120.283 548
283.364 -120.283 548
282.43 -120.283 548
281.496 -120.283 548
280.562 -120.283 548
279.628 -120.283 548
278.693 -120.283 548
277.252 -120.064 547
276.32 -120.064 547
275.387 -120.064 547
273.953 -119.844 546
273.022 -119.844 546
271.593 -119.625 545
270.664 -119.625 545
269.24 -119.405 544
267.326 -118.966 542
266.402 -118.966 542
264.988 -118.747 541
264.066 -118.747 541
263.144 -118.747 541
262.222 -118.747 541
260.816 -118.527 540
259.896 -118.527 540
258.496 -118.308 539
257.099 -118.089 538
255.229 -117.65 536
254.316 -117.65 536
251.984 -116.991 533
250.133 -116.552 531
248.758 -116.333 530
247.855 -116.333 530
246.485 -116.113 529
245.584 -116.113 529
243.757 -115.674 527
241.937 -115.235 525
241.042 -115.235 525
239.689 -115.016 524
238.34 -114.796 523
236.995 -114.577 522
236.105 -114.577 522
234.764 -114.357 521
233.427 -114.138 520
232.541 -114.138 520
231.654 -114.138 520
230.768 -114.138 520
229.439 -113.918 519
228.554 -113.918 519
227.67 -113.918 519
226.348 -113.699 518
225.03 -113.479 517
223.715 -113.26 516
222.835 -113.26 516
221.525 -113.04 515
220.219 -112.821 514
219.343 -112.821 514
218.041 -112.601 513
217.167 -112.601 513
215.449 -112.162 511
214.158 -111.943 510
213.289 -111.943 510
212.419 -111.943 510
211.135 -111.723 509
210.267 -111.723 509
208.988 -111.504 508
208.122 -111.504 508
206.848 -111.284 507
205.578 -111.065 506
204.31 -110.845 505
203.449 -110.845 505
201.786 -110.406 503
200.13 -109.967 501
199.276 -109.967 501
198.026 -109.748 500
197.173 -109.748 500
195.928 -109.528 499
195.078 -109.528 499
193.838 -109.309 498
192.989 -109.309 498
191.754 -109.089 497
190.523 -108.87 496
188.912 -108.431 494
188.07 -108.431 494
186.849 -108.211 493
185.631 -107.992 492
184.792 -107.992 492
183.954 -107.992 492
182.743 -107.772 491
181.906 -107.772 491
180.7 -107.553 490
179.865 -107.553 490
179.029 -107.553 490
178.194 -107.553 490
177.359 -107.553 490
176.523 -107.553 490
175.688 -107.553 490
175.209 -107.772 491
174.372 -107.772 491
173.535 -107.772 491
172.698 -107.772 491
171.861 -107.772 491
171.024 -107.772 491
170.187 -107.772 491
169.35 -107.772 491
168.17 -107.553 490
167.335 -107.553 490
166.499 -107.553 490
165.326 -107.333 489
164.492 -107.333 489
163.659 -107.333 489
162.825 -107.333 489
161.991 -107.333 489
161.158 -107.333 489
160.324 -107.333 489
159.491 -107.333 489
158.657 -107.333 489
140.791 -100.529 458
140.01 -100.529 458
139.23 -100.529 458
138.449 -100.529 458
137.668 -100.529 458
135.094 -99.2119 452
134.026 -98.9924 451
132.667 -98.5534 449
131.314 -98.1144 447
130.552 -98.1144 447
129.79 -98.1144 447
129.027 -98.1144 447
127.979 -97.8949 446
127.218 -97.8949 446
125.891 -97.4559 444
124.852 -97.2365 443
123.817 -97.017 442
122.785 -96.7975 441
122.033 -96.7975 441
121.006 -96.578 440
120.256 -96.578 440
119.234 -96.3585 439
118.486 -96.3585 439
117.469 -96.139 438
116.456 -95.9195 437
115.447 -95.7 436
114.703 -95.7 436
113.699 -95.4805 435
112.957 -95.4805 435
111.958 -95.261 434
110.961 -95.0415 433
110.223 -95.0415 433
109.485 -95.0415 433
108.496 -94.822 432
107.759 -94.822 432
107.023 -94.822 432
106.04 -94.6025 431
105.306 -94.6025 431
104.328 -94.383 430
103.595 -94.383 430
102.862 -94.383 430
102.129 -94.383 430
101.396 -94.383 430
100.663 -94.383 430
99.6976 -94.1635 429
98.9663 -94.1635 429
98.235 -94.1635 429
97.5036 -94.1635 429
96.7723 -94.1635 429
95.8171 -93.944 428
95.0875 -93.944 428
94.3578 -93.944 428
93.6282 -93.944 428
308.392 -120.776 546
307.462 -120.776 546
306.531 -120.776 546
305.6 -120.776 546
304.669 -120.776 546
303.182 -120.555 545
301.698 -120.334 544
300.771 -120.334 544
299.844 -120.334 544
298.916 -120.334 544
297.989 -120.334 544
297.608 -120.555 545
296.679 -120.555 545
295.749 -120.555 545
294.82 -120.555 545
294.431 -120.776 546
293.5 -120.776 546
292.569 -120.776 546
292.172 -120.997 547
291.24 -120.997 547
290.307 -120.997 547
288.846 -120.776 546
287.915 -120.776 546
286.984 -120.776 546
286.053 -120.776 546
285.123 -120.776 546
284.192 -120.776 546
283.261 -120.776 546
282.33 -120.776 546
281.399 -120.776 546
280.469 -120.776 546
279.538 -120.776 546
278.607 -120.776 546
277.676 -120.776 546
276.239 -120.555 545
275.31 -120.555 545
274.38 -120.555 545
272.95 -120.334 544
272.022 -120.334 544
270.596 -120.112 543
269.174 -119.891 542
268.25 -119.891 542
267.326 -119.891 542
265.911 -119.67 541
264.988 -119.67 541
264.066 -119.67 541
263.144 -119.67 541
262.222 -119.67 541
260.816 -119.449 540
259.896 -119.449 540
258.496 -119.228 539
257.099 -119.006 538
255.229 -118.564 536
254.316 -118.564 536
251.984 -117.9 533
250.133 -117.458 531
248.758 -117.237 530
247.855 -117.237 530
246.485 -117.016 529
245.584 -117.016 529
243.757 -116.573 527
241.937 -116.131 525
241.042 -116.131 525
239.689 -115.91 524
238.34 -115.688 523
236.995 -115.467 522
236.105 -115.467 522
234.764 -115.246 521
233.427 -115.025 520
232.541 -115.025 520
231.654 -115.025 520
230.768 -115.025 520
229.439 -114.804 519
228.114 -114.582 518
227.231 -114.582 518
225.474 -114.14 516
224.159 -113.919 515
222.414 -113.476 513
221.108 -113.255 512
220.235 -113.255 512
218.934 -113.034 511
218.062 -113.034 511
217.191 -113.034 511
216.32 -113.034 511
215.027 -112.813 510
214.158 -112.813 510
212.87 -112.592 509
212.003 -112.592 509
211.135 -112.592 509
209.854 -112.37 508
208.577 -112.149 507
207.712 -112.149 507
206.848 -112.149 507
205.171 -111.707 505
203.501 -111.264 503
202.644 -111.264 503
201.385 -111.043 502
200.13 -110.822 501
198.878 -110.601 500
197.63 -110.38 499
196.779 -110.38 499
195.928 -110.38 499
194.687 -110.158 498
193.838 -110.158 498
192.989 -110.158 498
191.368 -109.716 496
189.754 -109.274 494
188.53 -109.052 493
187.689 -109.052 493
186.47 -108.831 492
185.254 -108.61 491
184.041 -108.389 490
183.206 -108.389 490
182.371 -108.389 490
181.535 -108.389 490
180.7 -108.389 490
179.865 -108.389 490
178.664 -108.168 489
177.83 -108.168 489
176.997 -108.168 489
176.163 -108.168 489
175.329 -108.168 489
174.853 -108.389 490
174.017 -108.389 490
173.182 -108.389 490
172.347 -108.389 490
171.511 -108.389 490
170.676 -108.389 490
169.841 -108.389 490
169.005 -108.389 490
167.827 -108.168 489
166.993 -108.168 489
166.16 -108.168 489
164.988 -107.946 488
164.156 -107.946 488
163.324 -107.946 488
162.825 -108.168 489
161.991 -108.168 489
161.158 -108.168 489
160.324 -108.168 489
159.491 -108.168 489
158.657 -108.168 489
140.791 -101.31 458
140.01 -101.31 458
139.23 -101.31 458
138.449 -101.31 458
137.668 -101.31 458
135.094 -99.9831 452
134.026 -99.7619 451
132.667 -99.3195 449
131.314 -98.8771 447
130.552 -98.8771 447
129.79 -98.8771 447
129.027 -98.8771 447
127.979 -98.6559 446
127.218 -98.6559 446
125.891 -98.2135 444
124.852 -97.9923 443
123.817 -97.7711 442
122.785 -97.5499 441
122.033 -97.5499 441
121.006 -97.3287 440
120.256 -97.3287 440
119.234 -97.1074 439
118.486 -97.1074 439
117.469 -96.8862 438
116.456 -96.665 437
115.447 -96.4438 436
114.703 -96.4438 436
113.699 -96.2226 435
112.957 -96.2226 435
111.958 -96.0014 434
110.961 -95.7802 433
110.223 -95.7802 433
109.485 -95.7802 433
108.496 -95.559 432
107.759 -95.559 432
107.023 -95.559 432
106.04 -95.3378 431
105.306 -95.3378 431
104.086 -94.8954 429
103.354 -94.8954 429
102.623 -94.8954 429
101.892 -94.8954 429
101.16 -94.8954 429
100.429 -94.8954 429
99.6976 -94.8954 429
98.7356 -94.6742 428
97.777 -94.453 427
97.0491 -94.453 427
96.3211 -94.453 427
95.5932 -94.453 427
94.8653 -94.453 427
94.1374 -94.453 427
93.1907 -94.2318 426
306.133 -120.816 542
305.772 -121.039 543
304.847 -121.039 543
303.921 -121.039 543
302.995 -121.039 543
302.07 -121.039 543
301.144 -121.039 543
299.665 -120.816 542
298.741 -120.816 542
298.367 -121.039 543
297.441 -121.039 543
296.516 -121.039 543
295.59 -121.039 543
295.207 -121.262 544
294.279 -121.262 544
293.352 -121.262 544
292.962 -121.485 545
292.033 -121.485 545
291.104 -121.485 545
290.175 -121.485 545
289.246 -121.485 545
288.317 -121.485 545
287.388 -121.485 545
286.459 -121.485 545
285.529 -121.485 545
284.6 -121.485 545
283.671 -121.485 545
282.742 -121.485 545
282.33 -121.708 546
281.399 -121.708 546
280.469 -121.708 546
279.026 -121.485 545
278.097 -121.485 545
277.168 -121.485 545
276.239 -121.485 545
274.804 -121.262 544
273.877 -121.262 544
272.448 -121.039 543
271.522 -121.039 543
270.596 -121.039 543
269.174 -120.816 542
268.25 -120.816 542
267.326 -120.816 542
265.911 -120.593 541
264.988 -120.593 541
264.066 -120.593 541
263.144 -120.593 541
261.737 -120.37 540
260.816 -120.37 540
259.896 -120.37 540
258.016 -119.924 538
256.621 -119.701 537
254.753 -119.256 535
253.841 -119.256 535
251.511 -118.587 532
249.662 -118.141 530
248.289 -117.918 529
247.387 -117.918 529
246.485 -117.918 529
244.655 -117.472 527
243.294 -117.249 526
241.476 -116.804 524
240.583 -116.804 524
239.232 -116.581 523
237.884 -116.358 522
236.541 -116.135 521
235.652 -116.135 521
234.314 -115.912 520
233.427 -115.912 520
232.093 -115.689 519
231.209 -115.689 519
230.324 -115.689 519
229.439 -115.689 519
228.114 -115.466 518
227.231 -115.466 518
225.474 -115.02 516
224.159 -114.797 515
222.414 -114.352 513
221.108 -114.129 512
220.235 -114.129 512
218.934 -113.906 511
218.062 -113.906 511
217.191 -113.906 511
216.32 -113.906 511
215.027 -113.683 510
214.158 -113.683 510
212.87 -113.46 509
212.003 -113.46 509
211.135 -113.46 509
209.854 -113.237 508
208.577 -113.014 507
207.712 -113.014 507
206.848 -113.014 507
205.171 -112.568 505
203.501 -112.123 503
202.644 -112.123 503
201.385 -111.9 502
200.13 -111.677 501
198.878 -111.454 500
197.63 -111.231 499
196.779 -111.231 499
195.928 -111.231 499
194.687 -111.008 498
193.059 -110.562 496
192.214 -110.562 496
190.596 -110.116 494
188.986 -109.671 492
187.765 -109.448 491
186.928 -109.448 491
185.712 -109.225 490
184.877 -109.225 490
183.666 -109.002 489
182.832 -109.002 489
181.998 -109.002 489
181.165 -109.002 489
179.962 -108.779 488
179.13 -108.779 488
178.298 -108.779 488
177.467 -108.779 488
176.635 -108.779 488
175.442 -108.556 487
174.971 -108.779 488
174.139 -108.779 488
173.307 -108.779 488
172.829 -109.002 489
171.995 -109.002 489
171.161 -109.002 489
170.328 -109.002 489
169.494 -109.002 489
168.66 -109.002 489
167.827 -109.002 489
166.652 -108.779 488
165.82 -108.779 488
164.65 -108.556 487
163.82 -108.556 487
162.989 -108.556 487
161.826 -108.333 486
160.998 -108.333 486
160.828 -108.779 488
160.324 -109.002 489
159.491 -109.002 489
158.657 -109.002 489
140.176 -101.646 456
139.399 -101.646 456
138.622 -101.646 456
137.844 -101.646 456
137.067 -101.646 456
135.094 -100.754 452
133.729 -100.308 450
132.371 -99.8626 448
131.314 -99.6397 447
130.552 -99.6397 447
129.499 -99.4168 446
128.45 -99.1939 445
127.405 -98.971 444
126.362 -98.7481 443
125.607 -98.7481 443
124.57 -98.5252 442
123.537 -98.3022 441
122.506 -98.0793 440
121.756 -98.0793 440
121.006 -98.0793 440
119.983 -97.8564 439
118.963 -97.6335 438
118.216 -97.6335 438
117.201 -97.4106 437
116.19 -97.1877 436
115.182 -96.9648 435
114.44 -96.9648 435
113.699 -96.9648 435
112.697 -96.7419 434
111.7 -96.519 433
110.961 -96.519 433
110.223 -96.519 433
109.232 -96.2961 432
108.496 -96.2961 432
107.759 -96.2961 432
107.023 -96.2961 432
106.04 -96.0732 431
105.061 -95.8503 430
104.086 -95.6274 429
103.354 -95.6274 429
102.623 -95.6274 429
101.892 -95.6274 429
101.16 -95.6274 429
100.429 -95.6274 429
99.6976 -95.6274 429
98.7356 -95.4044 428
97.777 -95.1815 427
97.0491 -95.1815 427
96.3211 -95.1815 427
95.5932 -95.1815 427
94.8653 -95.1815 427
94.1374 -95.1815 427
93.1907 -94.9586 426
306.133 -121.741 542
305.772 -121.965 543
304.847 -121.965 543
303.921 -121.965 543
302.995 -121.965 543
302.07 -121.965 543
301.144 -121.965 543
299.665 -121.741 542
298.741 -121.741 542
298.367 -121.965 543
297.441 -121.965 543
296.516 -121.965 543
295.59 -121.965 543
295.207 -122.19 544
294.279 -122.19 544
293.352 -122.19 544
292.425 -122.19 544
291.497 -122.19 544
290.57 -122.19 544
289.642 -122.19 544
288.715 -122.19 544
287.788 -122.19 544
286.86 -122.19 544
285.933 -122.19 544
285.006 -122.19 544
284.078 -122.19 544
283.151 -122.19 544
282.223 -122.19 544
281.296 -122.19 544
280.369 -122.19 544
279.441 -122.19 544
278.514 -122.19 544
277.586 -122.19 544
276.151 -121.965 543
275.225 -121.965 543
274.299 -121.965 543
273.374 -121.965 543
272.448 -121.965 543
271.522 -121.965 543
270.098 -121.741 542
269.174 -121.741 542
268.25 -121.741 542
266.833 -121.516 541
265.911 -121.516 541
264.499 -121.291 540
263.578 -121.291 540
262.658 -121.291 540
261.737 -121.291 540
259.85 -120.842 538
258.933 -120.842 538
257.537 -120.618 537
255.665 -120.168 535
253.325 -119.494 532
252.418 -119.494 532
251.038 -119.27 531
249.662 -119.045 530
247.82 -118.596 528
246.452 -118.371 527
245.553 -118.371 527
244.191 -118.147 526
242.369 -117.698 524
240.093 -117.024 521
239.205 -117.024 521
238.317 -117.024 521
237.429 -117.024 521
235.633 -116.575 519
234.748 -116.575 519
233.863 -116.575 519
232.978 -116.575 519
231.199 -116.125 517
230.318 -116.125 517
229.436 -116.125 517
228.113 -115.901 516
227.233 -115.901 516
226.354 -115.901 516
225.037 -115.676 515
223.289 -115.227 513
221.98 -115.002 512
220.676 -114.778 511
219.805 -114.778 511
218.934 -114.778 511
218.062 -114.778 511
216.766 -114.553 510
215.897 -114.553 510
214.606 -114.328 509
213.738 -114.328 509
212.452 -114.104 508
211.586 -114.104 508
210.72 -114.104 508
209.441 -113.879 507
208.165 -113.655 506
207.303 -113.655 506
206.032 -113.43 505
204.359 -112.981 503
202.692 -112.531 501
201.838 -112.531 501
200.984 -112.531 501
199.73 -112.307 500
198.48 -112.082 499
197.63 -112.082 499
196.779 -112.082 499
195.536 -111.858 498
194.687 -111.858 498
193.059 -111.408 496
192.214 -111.408 496
190.596 -110.959 494
188.986 -110.51 492
187.765 -110.285 491
186.928 -110.285 491
185.712 -110.061 490
184.877 -110.061 490
183.666 -109.836 489
182.832 -109.836 489
181.998 -109.836 489
181.165 -109.836 489
179.962 -109.611 488
179.13 -109.611 488
178.298 -109.611 488
177.467 -109.611 488
176.635 -109.611 488
175.442 -109.387 487
174.971 -109.611 488
174.139 -109.611 488
173.307 -109.611 488
172.829 -109.836 489
171.995 -109.836 489
171.161 -109.836 489
170.328 -109.836 489
169.494 -109.836 489
168.66 -109.836 489
167.827 -109.836 489
166.31 -109.387 487
165.48 -109.387 487
164.65 -109.387 487
163.82 -109.387 487
162.989 -109.387 487
161.826 -109.162 486
160.998 -109.162 486
160.169 -109.162 486
139.869 -102.199 455
139.093 -102.199 455
138.318 -102.199 455
137.24 -101.975 454
135.865 -101.525 452
135.094 -101.525 452
133.729 -101.076 450
132.371 -100.627 448
131.314 -100.402 447
130.552 -100.402 447
129.209 -99.9531 445
127.873 -99.5039 443
126.831 -99.2793 442
125.792 -99.0546 441
125.04 -99.0546 441
124.288 -99.0546 441
123.256 -98.83 440
122.506 -98.83 440
121.756 -98.83 440
120.731 -98.6054 439
119.983 -98.6054 439
118.963 -98.3808 438
118.216 -98.3808 438
116.933 -97.9316 436
115.923 -97.707 435
115.182 -97.707 435
114.44 -97.707 435
113.437 -97.4823 434
112.697 -97.4823 434
111.7 -97.2577 433
110.961 -97.2577 433
110.223 -97.2577 433
109.232 -97.0331 432
108.496 -97.0331 432
107.51 -96.8085 431
106.775 -96.8085 431
106.04 -96.8085 431
104.817 -96.3593 429
104.086 -96.3593 429
103.354 -96.3593 429
102.623 -96.3593 429
101.892 -96.3593 429
100.925 -96.1347 428
100.195 -96.1347 428
99.4652 -96.1347 428
98.5049 -95.91 427
97.777 -95.91 427
97.0491 -95.91 427
96.3211 -95.91 427
95.5932 -95.91 427
94.6431 -95.6854 426
93.9169 -95.6854 426
93.1907 -95.6854 426
305.568 -122.439 541
305.209 -122.665 542
304.285 -122.665 542
303.361 -122.665 542
302.437 -122.665 542
301.513 -122.665 542
300.589 -122.665 542
299.112 -122.439 541
298.19 -122.439 541
297.817 -122.665 542
296.893 -122.665 542
295.969 -122.665 542
295.59 -122.892 543
294.664 -122.892 543
293.738 -122.892 543
292.813 -122.892 543
292.425 -123.118 544
291.497 -123.118 544
290.57 -123.118 544
289.642 -123.118 544
288.715 -123.118 544
287.788 -123.118 544
286.86 -123.118 544
285.933 -123.118 544
285.006 -123.118 544
284.078 -123.118 544
283.151 -123.118 544
282.223 -123.118 544
281.296 -123.118 544
280.369 -123.118 544
279.441 -123.118 544
278.514 -123.118 544
277.586 -123.118 544
276.151 -122.892 543
275.225 -122.892 543
274.299 -122.892 543
273.374 -122.892 543
272.448 -122.892 543
271.522 -122.892 543
270.098 -122.665 542
269.174 -122.665 542
268.25 -122.665 542
266.833 -122.439 541
265.911 -122.439 541
264.499 -122.213 540
263.578 -122.213 540
262.171 -121.986 539
260.768 -121.76 538
259.367 -121.534 537
258.452 -121.534 537
256.577 -121.081 535
254.71 -120.628 533
252.849 -120.176 531
251.943 -120.176 531
250.565 -119.949 530
248.72 -119.497 528
247.35 -119.271 527
245.517 -118.818 525
244.622 -118.818 525
242.798 -118.365 523
241.444 -118.139 522
240.093 -117.913 521
239.205 -117.913 521
237.86 -117.686 520
236.517 -117.46 519
235.633 -117.46 519
234.748 -117.46 519
233.412 -117.234 518
232.08 -117.007 517
230.752 -116.781 516
229.872 -116.781 516
228.549 -116.555 515
227.229 -116.328 514
225.912 -116.102 513
224.599 -115.876 512
223.726 -115.876 512
222.853 -115.876 512
221.547 -115.649 511
220.244 -115.423 510
219.375 -115.423 510
218.505 -115.423 510
217.636 -115.423 510
216.341 -115.197 509
215.474 -115.197 509
214.606 -115.197 509
213.318 -114.97 508
212.034 -114.744 507
211.17 -114.744 507
209.891 -114.518 506
208.615 -114.291 505
206.931 -113.839 503
206.074 -113.839 503
204.808 -113.613 502
203.546 -113.386 501
202.287 -113.16 500
201.032 -112.934 499
200.182 -112.934 499
199.331 -112.934 499
198.082 -112.707 498
196.837 -112.481 497
195.99 -112.481 497
194.75 -112.255 496
193.514 -112.028 495
191.891 -111.576 493
191.051 -111.576 493
189.439 -111.123 491
188.602 -111.123 491
187.382 -110.897 490
186.547 -110.897 490
185.712 -110.897 490
184.499 -110.67 489
183.666 -110.67 489
182.832 -110.67 489
181.626 -110.444 488
180.794 -110.444 488
179.594 -110.218 487
178.763 -110.218 487
177.933 -110.218 487
176.739 -109.991 486
175.911 -109.991 486
175.082 -109.991 486
174.612 -110.218 487
173.782 -110.218 487
172.952 -110.218 487
172.475 -110.444 488
171.643 -110.444 488
170.811 -110.444 488
169.979 -110.444 488
169.147 -110.444 488
168.315 -110.444 488
167.484 -110.444 488
166.31 -110.218 487
165.48 -110.218 487
164.65 -110.218 487
163.82 -110.218 487
162.989 -110.218 487
161.826 -109.991 486
160.998 -109.991 486
160.169 -109.991 486
140.645 -102.976 455
139.869 -102.976 455
139.093 -102.976 455
138.318 -102.976 455
137.24 -102.749 454
136.466 -102.749 454
135.094 -102.297 452
133.729 -101.844 450
132.371 -101.391 448
131.314 -101.165 447
130.552 -101.165 447
129.209 -100.712 445
127.584 -100.033 442
126.544 -99.807 441
125.792 -99.807 441
125.04 -99.807 441
124.007 -99.5807 440
123.256 -99.5807 440
122.228 -99.3544 439
121.48 -99.3544 439
120.731 -99.3544 439
119.71 -99.1281 438
118.42 -98.6754 436
117.676 -98.6754 436
116.665 -98.4491 435
115.923 -98.4491 435
114.917 -98.2228 434
114.177 -98.2228 434
113.437 -98.2228 434
112.697 -98.2228 434
111.7 -97.9965 433
110.705 -97.7701 432
109.969 -97.7701 432
109.232 -97.7701 432
108.496 -97.7701 432
107.51 -97.5438 431
106.775 -97.5438 431
106.04 -97.5438 431
104.817 -97.0912 429
103.843 -96.8649 428
103.113 -96.8649 428
102.384 -96.8649 428
101.654 -96.8649 428
100.925 -96.8649 428
100.195 -96.8649 428
99.4652 -96.8649 428
98.5049 -96.6385 427
97.777 -96.6385 427
97.0491 -96.6385 427
96.3211 -96.6385 427
95.5932 -96.6385 427
94.6431 -96.4122 426
93.9169 -96.4122 426
93.1907 -96.4122 426
305.568 -123.362 541
304.646 -123.362 541
303.724 -123.362 541
303.361 -123.59 542
302.437 -123.59 542
301.513 -123.59 542
300.035 -123.362 541
299.112 -123.362 541
298.19 -123.362 541
297.817 -123.59 542
296.893 -123.59 542
295.969 -123.59 542
295.045 -123.59 542
294.121 -123.59 542
293.197 -123.59 542
292.274 -123.59 542
291.35 -123.59 542
290.426 -123.59 542
289.502 -123.59 542
288.578 -123.59 542
287.654 -123.59 542
286.73 -123.59 542
285.806 -123.59 542
284.882 -123.59 542
283.958 -123.59 542
283.034 -123.59 542
282.11 -123.59 542
281.186 -123.59 542
280.262 -123.59 542
279.338 -123.59 542
278.414 -123.59 542
277.49 -123.59 542
276.566 -123.59 542
275.642 -123.59 542
274.718 -123.59 542
273.289 -123.362 541
272.367 -123.362 541
271.444 -123.362 541
270.522 -123.362 541
269.6 -123.362 541
268.678 -123.362 541
267.755 -123.362 541
266.833 -123.362 541
265.419 -123.134 540
264.009 -122.906 539
263.09 -122.906 539
262.171 -122.906 539
260.768 -122.678 538
259.367 -122.45 537
258.452 -122.45 537
256.577 -121.994 535
254.71 -121.538 533
252.849 -121.082 531
251.943 -121.082 531
250.565 -120.854 530
248.72 -120.398 528
247.35 -120.17 527
245.517 -119.714 525
244.622 -119.714 525
242.798 -119.258 523
241.444 -119.03 522
240.093 -118.801 521
239.205 -118.801 521
237.86 -118.573 520
236.517 -118.345 519
235.633 -118.345 519
234.748 -118.345 519
233.412 -118.117 518
232.08 -117.889 517
230.752 -117.661 516
229.872 -117.661 516
228.549 -117.433 515
227.229 -117.205 514
225.912 -116.977 513
224.16 -116.521 511
223.289 -116.521 511
221.983 -116.293 510
221.113 -116.293 510
220.244 -116.293 510
219.375 -116.293 510
218.077 -116.065 509
217.209 -116.065 509
216.341 -116.065 509
215.474 -116.065 509
214.184 -115.837 508
212.898 -115.609 507
211.616 -115.381 506
210.753 -115.381 506
209.476 -115.153 505
207.789 -114.697 503
206.52 -114.469 502
205.664 -114.469 502
204.4 -114.241 501
203.14 -114.013 500
201.883 -113.785 499
201.032 -113.785 499
200.182 -113.785 499
198.931 -113.557 498
197.685 -113.329 497
196.441 -113.101 496
195.596 -113.101 496
194.358 -112.873 495
192.732 -112.417 493
191.113 -111.961 491
190.276 -111.961 491
189.439 -111.961 491
188.218 -111.733 490
187.382 -111.733 490
186.547 -111.733 490
185.333 -111.505 489
184.499 -111.505 489
183.29 -111.277 488
182.084 -111.049 487
181.254 -111.049 487
180.424 -111.049 487
179.225 -110.821 486
178.029 -110.593 485
177.202 -110.593 485
176.376 -110.593 485
175.549 -110.593 485
174.362 -110.365 484
173.895 -110.593 485
173.068 -110.593 485
172.597 -110.821 486
172.122 -111.049 487
171.291 -111.049 487
170.461 -111.049 487
169.979 -111.277 488
169.147 -111.277 488
168.315 -111.277 488
166.797 -110.821 486
165.627 -110.593 485
165.14 -110.821 486
164.312 -110.821 486
163.483 -110.821 486
162.655 -110.821 486
161.826 -110.821 486
160.998 -110.821 486
140.645 -103.752 455
139.869 -103.752 455
139.093 -103.752 455
138.318 -103.752 455
137.24 -103.524 454
136.466 -103.524 454
134.496 -102.612 450
133.432 -102.384 449
132.371 -102.156 448
130.726 -101.472 445
129.967 -101.472 445
128.628 -101.015 443
127.584 -100.787 442
126.544 -100.559 441
125.792 -100.559 441
125.04 -100.559 441
124.007 -100.331 440
123.256 -100.331 440
122.228 -100.103 439
121.48 -100.103 439
120.731 -100.103 439
119.71 -99.8753 438
118.42 -99.4193 436
117.676 -99.4193 436
116.665 -99.1913 435
115.923 -99.1913 435
114.917 -98.9632 434
114.177 -98.9632 434
113.437 -98.9632 434
112.697 -98.9632 434
111.7 -98.7352 433
110.705 -98.5072 432
109.969 -98.5072 432
109.232 -98.5072 432
108.496 -98.5072 432
107.51 -98.2792 431
106.775 -98.2792 431
106.04 -98.2792 431
104.817 -97.8231 429
103.843 -97.5951 428
103.113 -97.5951 428
102.384 -97.5951 428
101.654 -97.5951 428
100.925 -97.5951 428
100.195 -97.5951 428
99.4652 -97.5951 428
98.5049 -97.3671 427
97.548 -97.139 426
96.8218 -97.139 426
96.0956 -97.139 426
95.3693 -97.139 426
94.6431 -97.139 426
93.9169 -97.139 426
92.9719 -96.911 425
305.568 -124.285 541
304.646 -124.285 541
303.724 -124.285 541
302.802 -124.285 541
301.879 -124.285 541
300.957 -124.285 541
300.035 -124.285 541
299.112 -124.285 541
298.19 -124.285 541
297.268 -124.285 541
296.346 -124.285 541
295.423 -124.285 541
295.045 -124.515 542
294.121 -124.515 542
293.197 -124.515 542
292.274 -124.515 542
291.35 -124.515 542
290.426 -124.515 542
289.502 -124.515 542
288.578 -124.515 542
287.654 -124.515 542
286.73 -124.515 542
285.806 -124.515 542
284.882 -124.515 542
283.958 -124.515 542
283.034 -124.515 542
282.11 -124.515 542
280.667 -124.285 541
279.745 -124.285 541
278.823 -124.285 541
277.9 -124.285 541
276.978 -124.285 541
276.056 -124.285 541
275.133 -124.285 541
274.211 -124.285 541
273.289 -124.285 541
272.367 -124.285 541
271.444 -124.285 541
270.522 -124.285 541
269.6 -124.285 541
268.678 -124.285 541
267.755 -124.285 541
266.34 -124.055 540
264.928 -123.826 539
264.009 -123.826 539
263.09 -123.826 539
261.198 -123.366 537
260.283 -123.366 537
258.884 -123.136 536
257.971 -123.136 536
256.098 -122.677 534
254.232 -122.217 532
252.849 -121.988 531
251.943 -121.988 531
250.565 -121.758 530
248.72 -121.298 528
246.881 -120.839 526
245.049 -120.38 524
244.156 -120.38 524
242.798 -120.15 523
241.444 -119.92 522
240.093 -119.69 521
239.205 -119.69 521
237.402 -119.231 519
236.517 -119.231 519
235.179 -119.001 518
234.296 -119.001 518
232.962 -118.771 517
231.632 -118.542 516
230.305 -118.312 515
229.427 -118.312 515
228.105 -118.082 514
226.345 -117.623 512
225.031 -117.393 511
224.16 -117.393 511
223.289 -117.393 511
221.983 -117.163 510
221.113 -117.163 510
220.244 -117.163 510
219.375 -117.163 510
218.077 -116.934 509
217.209 -116.934 509
216.341 -116.934 509
215.474 -116.934 509
214.184 -116.704 508
212.898 -116.474 507
211.616 -116.244 506
210.753 -116.244 506
209.476 -116.015 505
207.789 -115.555 503
206.52 -115.325 502
205.664 -115.325 502
204.4 -115.096 501
203.14 -114.866 500
201.883 -114.636 499
201.032 -114.636 499
200.182 -114.636 499
198.931 -114.407 498
197.685 -114.177 497
196.441 -113.947 496
195.596 -113.947 496
194.358 -113.717 495
192.732 -113.258 493
191.113 -112.798 491
190.276 -112.798 491
189.053 -112.569 490
188.218 -112.569 490
187 -112.339 489
186.166 -112.339 489
185.333 -112.339 489
184.122 -112.109 488
182.914 -111.879 487
181.71 -111.65 486
180.882 -111.65 486
180.053 -111.65 486
178.856 -111.42 485
177.295 -110.961 483
176.472 -110.961 483
175.648 -110.961 483
174.825 -110.961 483
173.641 -110.731 482
173.178 -110.961 483
172.355 -110.961 483
171.886 -111.19 484
171.061 -111.19 484
170.588 -111.42 485
169.761 -111.42 485
168.934 -111.42 485
168.108 -111.42 485
167.281 -111.42 485
166.454 -111.42 485
164.944 -110.961 483
164.121 -110.961 483
163.297 -110.961 483
162.474 -110.961 483
161.651 -110.961 483
140.645 -104.528 455
139.869 -104.528 455
139.093 -104.528 455
138.318 -104.528 455
137.24 -104.298 454
136.466 -104.298 454
134.496 -103.379 450
133.135 -102.92 448
132.076 -102.69 447
130.432 -102.001 444
129.091 -101.542 442
128.338 -101.542 442
127.296 -101.312 441
126.257 -101.082 440
125.507 -101.082 440
124.757 -101.082 440
124.007 -101.082 440
122.976 -100.852 439
122.228 -100.852 439
121.48 -100.852 439
120.456 -100.623 438
119.163 -100.163 436
118.148 -99.9334 435
117.406 -99.9334 435
116.665 -99.9334 435
115.657 -99.7037 434
114.917 -99.7037 434
114.177 -99.7037 434
113.437 -99.7037 434
112.438 -99.474 433
111.7 -99.474 433
110.705 -99.2442 432
109.969 -99.2442 432
109.232 -99.2442 432
108.245 -99.0145 431
107.51 -99.0145 431
106.775 -99.0145 431
105.794 -98.7848 430
104.573 -98.3253 428
103.843 -98.3253 428
103.113 -98.3253 428
102.384 -98.3253 428
101.654 -98.3253 428
100.925 -98.3253 428
100.195 -98.3253 428
99.4652 -98.3253 428
98.5049 -98.0956 427
97.548 -97.8658 426
96.8218 -97.8658 426
96.0956 -97.8658 426
95.3693 -97.8658 426
94.6431 -97.8658 426
93.9169 -97.8658 426
92.9719 -97.6361 425
305.568 -125.208 541
304.646 -125.208 541
303.724 -125.208 541
302.802 -125.208 541
301.879 -125.208 541
300.957 -125.208 541
300.035 -125.208 541
299.112 -125.208 541
298.19 -125.208 541
297.268 -125.208 541
296.346 -125.208 541
295.423 -125.208 541
295.045 -125.439 542
294.121 -125.439 542
293.197 -125.439 542
292.274 -125.439 542
291.35 -125.439 542
290.426 -125.439 542
288.967 -125.208 541
288.045 -125.208 541
287.123 -125.208 541
286.201 -125.208 541
285.278 -125.208 541
284.356 -125.208 541
283.434 -125.208 541
282.512 -125.208 541
281.069 -124.977 540
280.148 -124.977 540
279.228 -124.977 540
278.307 -124.977 540
277.387 -124.977 540
276.466 -124.977 540
275.545 -124.977 540
274.625 -124.977 540
273.704 -124.977 540
272.784 -124.977 540
272.367 -125.208 541
271.444 -125.208 541
270.522 -125.208 541
269.6 -125.208 541
268.678 -125.208 541
267.26 -124.977 540
266.34 -124.977 540
265.419 -124.977 540
263.519 -124.514 538
262.602 -124.514 538
261.685 -124.514 538
260.283 -124.282 537
259.367 -124.282 537
258.452 -124.282 537
257.057 -124.051 536
255.187 -123.588 534
253.325 -123.125 532
252.418 -123.125 532
250.565 -122.662 530
248.72 -122.199 528
247.35 -121.968 527
246.452 -121.968 527
244.622 -121.505 525
243.262 -121.274 524
241.444 -120.811 522
240.093 -120.579 521
239.205 -120.579 521
237.402 -120.116 519
236.517 -120.116 519
235.179 -119.885 518
234.296 -119.885 518
232.511 -119.422 516
231.183 -119.191 515
229.41 -118.728 513
228.09 -118.496 512
227.217 -118.496 512
225.903 -118.265 511
224.591 -118.033 510
223.722 -118.033 510
222.852 -118.033 510
221.983 -118.033 510
221.113 -118.033 510
219.812 -117.802 509
218.944 -117.802 509
218.077 -117.802 509
217.209 -117.802 509
215.916 -117.571 508
215.05 -117.571 508
213.763 -117.339 507
212.478 -117.108 506
211.198 -116.876 505
210.337 -116.876 505
208.646 -116.413 503
207.376 -116.182 502
206.52 -116.182 502
205.664 -116.182 502
204.4 -115.95 501
203.14 -115.719 500
201.883 -115.488 499
201.032 -115.488 499
200.182 -115.488 499
198.931 -115.256 498
197.685 -115.025 497
196.045 -114.562 495
195.202 -114.562 495
193.572 -114.099 493
192.341 -113.868 492
191.113 -113.636 491
190.276 -113.636 491
189.053 -113.405 490
188.218 -113.405 490
187 -113.173 489
186.166 -113.173 489
185.333 -113.173 489
184.122 -112.942 488
182.914 -112.71 487
181.71 -112.479 486
180.882 -112.479 486
180.053 -112.479 486
178.856 -112.247 485
177.295 -111.785 483
176.472 -111.785 483
175.648 -111.785 483
174.825 -111.785 483
173.641 -111.553 482
173.178 -111.785 483
172.355 -111.785 483
171.886 -112.016 484
171.061 -112.016 484
170.588 -112.247 485
169.761 -112.247 485
168.934 -112.247 485
168.108 -112.247 485
167.281 -112.247 485
166.454 -112.247 485
164.944 -111.785 483
163.781 -111.553 482
162.959 -111.553 482
162.138 -111.553 482
161.316 -111.553 482
140.633 -104.147 450
139.866 -104.147 450
140.645 -105.304 455
139.869 -105.304 455
139.093 -105.304 455
137.102 -104.379 451
136.333 -104.379 451
134.963 -103.916 449
134.197 -103.916 449
132.838 -103.453 447
131.78 -103.221 446
129.845 -102.296 442
128.799 -102.064 441
128.047 -102.064 441
127.007 -101.833 440
126.257 -101.833 440
125.222 -101.601 439
124.473 -101.601 439
123.725 -101.601 439
122.976 -101.601 439
121.95 -101.37 438
121.203 -101.37 438
119.906 -100.907 436
118.89 -100.676 435
117.876 -100.444 434
117.137 -100.444 434
116.397 -100.444 434
115.657 -100.444 434
114.652 -100.213 433
113.914 -100.213 433
113.176 -100.213 433
112.438 -100.213 433
111.442 -99.9813 432
110.705 -99.9813 432
109.969 -99.9813 432
108.979 -99.7498 431
107.993 -99.5184 430
107.26 -99.5184 430
106.527 -99.5184 430
105.548 -99.2869 429
104.573 -99.0555 428
103.6 -98.8241 427
103.113 -99.0555 428
102.384 -99.0555 428
101.654 -99.0555 428
100.689 -98.8241 427
99.9608 -98.8241 427
99.2329 -98.8241 427
98.2742 -98.5926 426
97.548 -98.5926 426
96.8218 -98.5926 426
96.0956 -98.5926 426
95.3693 -98.5926 426
94.421 -98.3612 425
93.6964 -98.3612 425
92.9719 -98.3612 425
305.003 -125.898 540
304.083 -125.898 540
303.162 -125.898 540
302.802 -126.131 541
301.879 -126.131 541
300.957 -126.131 541
300.035 -126.131 541
298.56 -125.898 540
298.19 -126.131 541
297.268 -126.131 541
296.346 -126.131 541
295.423 -126.131 541
294.501 -126.131 541
293.579 -126.131 541
292.657 -126.131 541
291.734 -126.131 541
290.812 -126.131 541
289.89 -126.131 541
288.967 -126.131 541
288.045 -126.131 541
287.123 -126.131 541
286.201 -126.131 541
285.278 -126.131 541
284.356 -126.131 541
283.434 -126.131 541
282.512 -126.131 541
281.069 -125.898 540
280.148 -125.898 540
279.228 -125.898 540
278.307 -125.898 540
277.387 -125.898 540
276.466 -125.898 540
275.545 -125.898 540
274.625 -125.898 540
273.704 -125.898 540
272.784 -125.898 540
272.367 -126.131 541
271.444 -126.131 541
270.522 -126.131 541
269.6 -126.131 541
268.678 -126.131 541
267.26 -125.898 540
266.34 -125.898 540
265.419 -125.898 540
264.499 -125.898 540
262.602 -125.432 538
261.685 -125.432 538
260.768 -125.432 538
259.367 -125.198 537
258.452 -125.198 537
257.057 -124.965 536
255.187 -124.499 534
253.801 -124.266 533
252.892 -124.266 533
251.038 -123.8 531
248.72 -123.1 528
247.35 -122.867 527
246.452 -122.867 527
244.622 -122.401 525
243.262 -122.168 524
241.444 -121.701 522
239.632 -121.235 520
238.746 -121.235 520
237.402 -121.002 519
236.062 -120.769 518
234.725 -120.536 517
233.843 -120.536 517
232.061 -120.069 515
230.285 -119.603 513
228.963 -119.37 512
227.645 -119.137 511
226.774 -119.137 511
225.461 -118.904 510
224.591 -118.904 510
223.722 -118.904 510
222.852 -118.904 510
221.548 -118.67 509
220.68 -118.67 509
219.812 -118.67 509
218.944 -118.67 509
218.077 -118.67 509
216.782 -118.437 508
215.491 -118.204 507
214.627 -118.204 507
213.763 -118.204 507
212.058 -117.738 505
210.361 -117.272 503
209.504 -117.272 503
208.231 -117.038 502
207.376 -117.038 502
206.108 -116.805 501
205.254 -116.805 501
203.992 -116.572 500
202.734 -116.339 499
201.883 -116.339 499
200.629 -116.106 498
199.78 -116.106 498
198.532 -115.873 497
196.889 -115.406 495
195.649 -115.173 494
194.807 -115.173 494
193.18 -114.707 492
191.95 -114.474 491
190.724 -114.241 490
189.888 -114.241 490
189.053 -114.241 490
187.834 -114.008 489
186.618 -113.774 488
185.786 -113.774 488
184.954 -113.774 488
183.745 -113.541 487
182.163 -113.075 485
180.963 -112.842 484
180.137 -112.842 484
178.942 -112.609 483
178.118 -112.609 483
177.295 -112.609 483
176.472 -112.609 483
175.285 -112.376 482
174.463 -112.376 482
173.641 -112.376 482
172.82 -112.376 482
171.998 -112.376 482
171.176 -112.376 482
170.708 -112.609 483
169.885 -112.609 483
169.061 -112.609 483
168.238 -112.609 483
167.414 -112.609 483
166.591 -112.609 483
165.768 -112.609 483
164.603 -112.376 482
163.781 -112.376 482
162.959 -112.376 482
162.138 -112.376 482
161.316 -112.376 482
141.4 -104.915 450
140.633 -104.915 450
139.866 -104.915 450
140.645 -106.081 455
139.869 -106.081 455
139.093 -106.081 455
137.102 -105.148 451
136.333 -105.148 451
134.963 -104.682 449
134.197 -104.682 449
132.838 -104.215 447
131.78 -103.982 446
129.845 -103.05 442
128.799 -102.817 441
128.047 -102.817 441
127.007 -102.583 440
125.97 -102.35 439
125.222 -102.35 439
124.473 -102.35 439
123.443 -102.117 438
122.696 -102.117 438
121.393 -101.651 436
120.649 -101.651 436
119.631 -101.418 435
118.616 -101.185 434
117.605 -100.951 433
116.867 -100.951 433
116.128 -100.951 433
115.39 -100.951 433
114.652 -100.951 433
113.914 -100.951 433
113.176 -100.951 433
112.178 -100.718 432
111.442 -100.718 432
110.449 -100.485 431
109.714 -100.485 431
108.727 -100.252 430
107.742 -100.019 429
107.011 -100.019 429
106.28 -100.019 429
105.302 -99.7857 428
104.328 -99.5526 427
103.6 -99.5526 427
102.872 -99.5526 427
102.145 -99.5526 427
101.417 -99.5526 427
100.689 -99.5526 427
99.9608 -99.5526 427
99.0005 -99.3194 426
98.2742 -99.3194 426
97.09 -98.8531 424
96.3672 -98.8531 424
95.6444 -98.8531 424
95.1455 -99.0863 425
94.421 -99.0863 425
93.6964 -99.0863 425
92.5344 -98.62 423
304.439 -126.584 539
304.083 -126.819 540
303.162 -126.819 540
302.242 -126.819 540
301.321 -126.819 540
300.401 -126.819 540
299.48 -126.819 540
298.007 -126.584 539
297.639 -126.819 540
296.718 -126.819 540
295.798 -126.819 540
294.877 -126.819 540
293.957 -126.819 540
293.036 -126.819 540
292.116 -126.819 540
291.195 -126.819 540
290.274 -126.819 540
289.354 -126.819 540
288.433 -126.819 540
287.513 -126.819 540
286.592 -126.819 540
285.672 -126.819 540
284.751 -126.819 540
283.831 -126.819 540
282.91 -126.819 540
281.989 -126.819 540
280.548 -126.584 539
280.148 -126.819 540
279.228 -126.819 540
278.307 -126.819 540
277.387 -126.819 540
275.954 -126.584 539
275.035 -126.584 539
274.116 -126.584 539
273.197 -126.584 539
272.784 -126.819 540
271.863 -126.819 540
270.943 -126.819 540
270.022 -126.819 540
269.102 -126.819 540
268.181 -126.819 540
267.26 -126.819 540
266.34 -126.819 540
265.419 -126.819 540
264.499 -126.819 540
262.602 -126.349 538
261.685 -126.349 538
260.768 -126.349 538
259.367 -126.115 537
258.452 -126.115 537
257.537 -126.115 537
255.665 -125.645 535
254.277 -125.41 534
253.367 -125.41 534
251.984 -125.175 533
248.72 -124.001 528
247.35 -123.766 527
246.452 -123.766 527
244.622 -123.296 525
243.262 -123.062 524
241.444 -122.592 522
239.632 -122.122 520
238.746 -122.122 520
237.402 -121.887 519
236.062 -121.652 518
234.725 -121.418 517
233.843 -121.418 517
232.061 -120.948 515
230.285 -120.478 513
228.963 -120.243 512
227.645 -120.009 511
226.774 -120.009 511
225.461 -119.774 510
224.591 -119.774 510
223.722 -119.774 510
222.852 -119.774 510
221.548 -119.539 509
220.68 -119.539 509
219.38 -119.304 508
218.514 -119.304 508
217.648 -119.304 508
216.355 -119.069 507
215.491 -119.069 507
214.627 -119.069 507
212.919 -118.599 505
211.219 -118.13 503
209.943 -117.895 502
209.087 -117.895 502
207.817 -117.66 501
206.962 -117.66 501
205.697 -117.425 500
204.845 -117.425 500
203.584 -117.19 499
202.734 -117.19 499
201.478 -116.955 498
200.227 -116.721 497
199.379 -116.721 497
197.733 -116.251 495
196.491 -116.016 494
194.857 -115.546 492
194.018 -115.546 492
192.787 -115.312 491
191.559 -115.077 490
190.724 -115.077 490
189.888 -115.077 490
188.667 -114.842 489
187.45 -114.607 488
186.618 -114.607 488
185.786 -114.607 488
184.575 -114.372 487
182.99 -113.902 485
181.788 -113.668 484
180.589 -113.433 483
179.765 -113.433 483
178.942 -113.433 483
177.75 -113.198 482
176.928 -113.198 482
176.106 -113.198 482
175.285 -113.198 482
174.463 -113.198 482
173.281 -112.963 481
172.461 -112.963 481
171.641 -112.963 481
171.176 -113.198 482
170.354 -113.198 482
169.533 -113.198 482
168.711 -113.198 482
168.238 -113.433 483
167.414 -113.433 483
166.591 -113.433 483
165.424 -113.198 482
164.261 -112.963 481
163.441 -112.963 481
162.621 -112.963 481
161.801 -112.963 481
141.4 -105.683 450
140.633 -105.683 450
139.866 -105.683 450
139.408 -105.917 451
138.639 -105.917 451
137.871 -105.917 451
137.102 -105.917 451
135.728 -105.448 449
134.662 -105.213 448
133.899 -105.213 448
132.838 -104.978 447
131.485 -104.508 445
129.845 -103.804 442
128.507 -103.334 440
127.757 -103.334 440
127.007 -103.334 440
125.97 -103.099 439
125.222 -103.099 439
124.473 -103.099 439
123.443 -102.864 438
122.696 -102.864 438
121.393 -102.395 436
120.649 -102.395 436
119.631 -102.16 435
118.616 -101.925 434
117.605 -101.69 433
116.867 -101.69 433
116.128 -101.69 433
115.39 -101.69 433
114.652 -101.69 433
113.914 -101.69 433
113.176 -101.69 433
112.178 -101.455 432
111.442 -101.455 432
110.449 -101.22 431
109.714 -101.22 431
108.727 -100.986 430
107.742 -100.751 429
107.011 -100.751 429
106.28 -100.751 429
105.302 -100.516 428
104.328 -100.281 427
103.6 -100.281 427
102.872 -100.281 427
102.145 -100.281 427
101.179 -100.046 426
100.453 -100.046 426
99.7267 -100.046 426
98.7681 -99.8114 425
97.8129 -99.5765 424
96.4031 -98.872 421
95.6854 -98.872 421
94.9677 -98.872 421
94.25 -98.872 421
93.5323 -98.872 421
92.5941 -98.6371 420
91.8781 -98.6371 420
90.4461 -98.6371 420
89.7301 -98.6371 420
89.0142 -98.6371 420
88.2982 -98.6371 420
304.439 -127.504 539
303.52 -127.504 539
302.601 -127.504 539
301.682 -127.504 539
300.763 -127.504 539
299.844 -127.504 539
298.926 -127.504 539
298.007 -127.504 539
297.088 -127.504 539
296.169 -127.504 539
295.25 -127.504 539
294.331 -127.504 539
293.412 -127.504 539
292.493 -127.504 539
291.034 -127.267 538
290.117 -127.267 538
289.199 -127.267 538
288.282 -127.267 538
287.365 -127.267 538
286.98 -127.504 539
286.061 -127.504 539
285.143 -127.504 539
284.224 -127.504 539
283.305 -127.504 539
282.386 -127.504 539
281.467 -127.504 539
280.548 -127.504 539
279.629 -127.504 539
278.711 -127.504 539
277.792 -127.504 539
276.873 -127.504 539
275.954 -127.504 539
274.525 -127.267 538
274.116 -127.504 539
273.197 -127.504 539
272.279 -127.504 539
271.863 -127.74 540
270.943 -127.74 540
270.022 -127.74 540
269.102 -127.74 540
268.181 -127.74 540
267.26 -127.74 540
266.34 -127.74 540
265.419 -127.74 540
264.499 -127.74 540
262.602 -127.267 538
261.685 -127.267 538
260.768 -127.267 538
259.367 -127.031 537
258.452 -127.031 537
257.537 -127.031 537
255.665 -126.558 535
254.277 -126.321 534
253.367 -126.321 534
251.984 -126.085 533
248.72 -124.902 528
247.35 -124.665 527
246.452 -124.665 527
244.622 -124.192 525
242.334 -123.482 522
240.981 -123.246 521
239.632 -123.009 520
238.746 -123.009 520
237.402 -122.773 519
236.062 -122.536 518
234.271 -122.063 516
233.391 -122.063 516
231.159 -121.353 513
229.836 -121.117 512
228.516 -120.88 511
227.645 -120.88 511
226.774 -120.88 511
225.461 -120.644 510
224.591 -120.644 510
223.283 -120.407 509
222.415 -120.407 509
221.548 -120.407 509
220.68 -120.407 509
219.38 -120.171 508
218.514 -120.171 508
217.648 -120.171 508
216.355 -119.934 507
215.491 -119.934 507
214.627 -119.934 507
212.919 -119.461 505
211.219 -118.988 503
209.943 -118.751 502
209.087 -118.751 502
207.817 -118.515 501
206.962 -118.515 501
205.697 -118.278 500
204.845 -118.278 500
203.584 -118.042 499
202.734 -118.042 499
201.478 -117.805 498
200.227 -117.569 497
199.379 -117.569 497
197.733 -117.095 495
196.491 -116.859 494
194.857 -116.386 492
194.018 -116.386 492
192.787 -116.149 491
191.559 -115.913 490
190.724 -115.913 490
189.888 -115.913 490
188.667 -115.676 489
187.45 -115.44 488
186.235 -115.203 487
185.405 -115.203 487
183.817 -114.73 485
182.613 -114.493 484
181.412 -114.257 483
180.589 -114.257 483
179.765 -114.257 483
178.571 -114.02 482
177.75 -114.02 482
176.928 -114.02 482
176.106 -114.02 482
175.285 -114.02 482
174.101 -113.784 481
173.281 -113.784 481
172.461 -113.784 481
171.641 -113.784 481
170.821 -113.784 481
170.001 -113.784 481
169.533 -114.02 482
168.711 -114.02 482
167.889 -114.02 482
167.068 -114.02 482
166.246 -114.02 482
165.081 -113.784 481
164.261 -113.784 481
163.441 -113.784 481
162.621 -113.784 481
161.801 -113.784 481
141.852 -106.214 449
141.4 -106.45 450
140.633 -106.45 450
139.866 -106.45 450
139.099 -106.45 450
138.025 -106.214 449
137.259 -106.214 449
136.494 -106.214 449
135.728 -106.214 449
134.362 -105.741 447
133.6 -105.741 447
132.54 -105.504 446
130.894 -104.794 443
129.845 -104.558 442
128.507 -104.085 440
127.757 -104.085 440
126.718 -103.848 439
125.97 -103.848 439
125.222 -103.848 439
124.473 -103.848 439
123.443 -103.612 438
122.416 -103.375 437
121.114 -102.902 435
120.373 -102.902 435
119.356 -102.665 434
118.343 -102.429 433
117.605 -102.429 433
116.867 -102.429 433
116.128 -102.429 433
115.39 -102.429 433
114.652 -102.429 433
113.914 -102.429 433
112.914 -102.192 432
112.178 -102.192 432
111.184 -101.956 431
110.193 -101.719 430
109.46 -101.719 430
108.727 -101.719 430
107.491 -101.246 428
106.762 -101.246 428
106.032 -101.246 428
105.056 -101.01 427
104.084 -100.773 426
103.358 -100.773 426
102.632 -100.773 426
101.905 -100.773 426
101.179 -100.773 426
100.453 -100.773 426
99.7267 -100.773 426
98.7681 -100.536 425
97.8129 -100.3 424
96.4031 -99.5902 421
95.6854 -99.5902 421
94.9677 -99.5902 421
94.25 -99.5902 421
93.5323 -99.5902 421
92.5941 -99.3537 420
91.8781 -99.3537 420
91.1621 -99.3537 420
90.4461 -99.3537 420
89.7301 -99.3537 420
89.0142 -99.3537 420
88.2982 -99.3537 420
304.439 -128.424 539
303.52 -128.424 539
302.601 -128.424 539
301.682 -128.424 539
300.763 -128.424 539
299.844 -128.424 539
298.926 -128.424 539
298.007 -128.424 539
297.088 -128.424 539
296.169 -128.424 539
295.25 -128.424 539
294.331 -128.424 539
293.412 -128.424 539
292.493 -128.424 539
291.034 -128.185 538
290.117 -128.185 538
289.199 -128.185 538
288.282 -128.185 538
287.365 -128.185 538
286.448 -128.185 538
285.531 -128.185 538
284.614 -128.185 538
283.696 -128.185 538
282.779 -128.185 538
281.862 -128.185 538
280.945 -128.185 538
280.028 -128.185 538
279.111 -128.185 538
278.711 -128.424 539
277.792 -128.424 539
276.873 -128.424 539
275.442 -128.185 538
274.525 -128.185 538
273.608 -128.185 538
272.691 -128.185 538
272.279 -128.424 539
271.863 -128.662 540
270.943 -128.662 540
270.022 -128.662 540
269.102 -128.662 540
268.181 -128.662 540
267.26 -128.662 540
266.34 -128.662 540
264.928 -128.424 539
264.009 -128.424 539
263.09 -128.424 539
261.685 -128.185 538
260.768 -128.185 538
259.367 -127.947 537
258.452 -127.947 537
257.537 -127.947 537
256.143 -127.709 536
254.753 -127.47 535
253.841 -127.47 535
251.984 -126.994 533
246.412 -125.088 525
245.517 -125.088 525
244.622 -125.088 525
241.87 -124.135 521
240.519 -123.897 520
239.172 -123.658 519
238.287 -123.658 519
236.945 -123.42 518
235.606 -123.182 517
234.271 -122.943 516
233.391 -122.943 516
231.159 -122.229 513
229.387 -121.752 511
228.516 -121.752 511
227.199 -121.514 510
226.33 -121.514 510
225.461 -121.514 510
224.151 -121.276 509
223.283 -121.276 509
222.415 -121.276 509
221.548 -121.276 509
220.246 -121.037 508
218.948 -120.799 507
218.084 -120.799 507
216.791 -120.561 506
215.502 -120.323 505
214.216 -120.084 504
213.357 -120.084 504
212.076 -119.846 503
210.379 -119.37 501
209.525 -119.37 501
208.671 -119.37 501
207.402 -119.131 500
206.549 -119.131 500
205.286 -118.893 499
204.435 -118.893 499
203.176 -118.655 498
201.921 -118.416 497
200.669 -118.178 496
199.421 -117.94 495
198.577 -117.94 495
197.334 -117.702 494
195.696 -117.225 492
194.461 -116.987 491
193.624 -116.987 491
192.394 -116.749 490
191.559 -116.749 490
190.335 -116.51 489
189.501 -116.51 489
188.281 -116.272 488
187.45 -116.272 488
186.235 -116.034 487
185.405 -116.034 487
183.817 -115.557 485
182.613 -115.319 484
181.412 -115.081 483
180.589 -115.081 483
179.765 -115.081 483
178.571 -114.843 482
177.75 -114.843 482
176.928 -114.843 482
176.106 -114.843 482
175.285 -114.843 482
174.101 -114.604 481
173.281 -114.604 481
172.461 -114.604 481
171.641 -114.604 481
170.821 -114.604 481
170.001 -114.604 481
169.533 -114.843 482
168.711 -114.843 482
167.889 -114.843 482
167.068 -114.843 482
166.246 -114.843 482
165.081 -114.604 481
164.261 -114.604 481
163.441 -114.604 481
162.621 -114.604 481
141.852 -106.98 449
141.4 -107.218 450
140.633 -107.218 450
139.866 -107.218 450
138.79 -106.98 449
138.025 -106.98 449
137.259 -106.98 449
136.494 -106.98 449
135.426 -106.742 448
134.362 -106.503 447
133.6 -106.503 447
132.243 -106.027 445
130.894 -105.55 443
129.551 -105.074 441
128.507 -104.836 440
127.757 -104.836 440
126.718 -104.597 439
125.97 -104.597 439
124.936 -104.359 438
124.19 -104.359 438
123.443 -104.359 438
122.416 -104.121 437
121.114 -103.644 435
120.373 -103.644 435
119.356 -103.406 434
118.343 -103.168 433
117.605 -103.168 433
116.867 -103.168 433
116.128 -103.168 433
115.39 -103.168 433
114.387 -102.929 432
113.651 -102.929 432
112.914 -102.929 432
112.178 -102.929 432
111.184 -102.691 431
110.193 -102.453 430
109.46 -102.453 430
108.474 -102.215 429
107.491 -101.976 428
106.512 -101.738 427
105.784 -101.738 427
104.81 -101.5 426
104.084 -101.5 426
103.115 -101.262 425
102.391 -101.262 425
101.427 -101.023 424
100.704 -101.023 424
99.7455 -100.785 423
99.0244 -100.785 423
98.3033 -100.785 423
97.1208 -100.309 421
96.4031 -100.309 421
95.4581 -100.07 420
94.7421 -100.07 420
94.0261 -100.07 420
93.3101 -100.07 420
92.5941 -100.07 420
91.8781 -100.07 420
91.1621 -100.07 420
90.4461 -100.07 420
89.7301 -100.07 420
89.0142 -100.07 420
88.2982 -100.07 420
303.309 -128.863 537
302.394 -128.863 537
301.478 -128.863 537
301.122 -129.103 538
300.205 -129.103 538
299.288 -129.103 538
298.371 -129.103 538
297.454 -129.103 538
296.537 -129.103 538
295.619 -129.103 538
294.702 -129.103 538
293.785 -129.103 538
292.868 -129.103 538
291.951 -129.103 538
291.034 -129.103 538
290.117 -129.103 538
289.199 -129.103 538
288.282 -129.103 538
287.365 -129.103 538
286.448 -129.103 538
285.531 -129.103 538
284.614 -129.103 538
283.696 -129.103 538
282.779 -129.103 538
281.862 -129.103 538
280.945 -129.103 538
280.028 -129.103 538
279.111 -129.103 538
278.711 -129.343 539
277.792 -129.343 539
276.873 -129.343 539
275.442 -129.103 538
274.525 -129.103 538
273.608 -129.103 538
272.691 -129.103 538
272.279 -129.343 539
271.863 -129.583 540
270.943 -129.583 540
270.022 -129.583 540
269.102 -129.583 540
268.181 -129.583 540
267.26 -129.583 540
266.34 -129.583 540
264.928 -129.343 539
264.009 -129.343 539
263.09 -129.343 539
261.685 -129.103 538
260.768 -129.103 538
259.85 -129.103 538
258.452 -128.863 537
257.537 -128.863 537
256.143 -128.623 536
255.229 -128.623 536
254.316 -128.623 536
243.178 -124.784 520
242.292 -124.784 520
241.405 -124.784 520
240.519 -124.784 520
239.172 -124.544 519
238.287 -124.544 519
236.487 -124.064 517
235.15 -123.824 516
232.908 -123.104 513
232.034 -123.104 513
230.258 -122.624 511
228.938 -122.384 510
228.069 -122.384 510
226.754 -122.144 509
225.886 -122.144 509
225.018 -122.144 509
223.71 -121.904 508
222.406 -121.664 507
221.541 -121.664 507
220.677 -121.664 507
219.379 -121.424 506
218.085 -121.184 505
217.224 -121.184 505
215.934 -120.944 504
214.222 -120.464 502
213.366 -120.464 502
212.51 -120.464 502
211.233 -120.224 501
210.379 -120.224 501
209.106 -119.984 500
208.254 -119.984 500
206.987 -119.744 499
206.136 -119.744 499
204.874 -119.504 498
203.616 -119.264 497
202.768 -119.264 497
201.515 -119.024 496
199.455 -118.305 493
197.809 -117.825 491
196.972 -117.825 491
195.736 -117.585 490
194.9 -117.585 490
194.065 -117.585 490
193.23 -117.585 490
192.002 -117.345 489
191.168 -117.345 489
190.335 -117.345 489
189.501 -117.345 489
187.896 -116.865 487
186.681 -116.625 486
185.47 -116.385 485
184.263 -116.145 484
183.438 -116.145 484
182.235 -115.905 483
181.412 -115.905 483
180.215 -115.665 482
179.393 -115.665 482
178.571 -115.665 482
177.75 -115.665 482
176.561 -115.425 481
175.741 -115.425 481
174.921 -115.425 481
174.101 -115.425 481
173.281 -115.425 481
172.461 -115.425 481
171.641 -115.425 481
170.821 -115.425 481
170.001 -115.425 481
169.181 -115.425 481
168.361 -115.425 481
167.541 -115.425 481
166.721 -115.425 481
165.901 -115.425 481
165.081 -115.425 481
163.92 -115.185 480
163.101 -115.185 480
162.283 -115.185 480
141.852 -107.746 449
141.4 -107.986 450
140.633 -107.986 450
139.866 -107.986 450
138.79 -107.746 449
138.025 -107.746 449
137.259 -107.746 449
136.494 -107.746 449
135.426 -107.506 448
134.362 -107.266 447
133.6 -107.266 447
132.243 -106.786 445
130.894 -106.306 443
129.551 -105.826 441
128.507 -105.586 440
127.757 -105.586 440
126.718 -105.346 439
125.97 -105.346 439
124.936 -105.106 438
124.19 -105.106 438
123.161 -104.866 437
122.136 -104.626 436
121.114 -104.386 435
120.373 -104.386 435
119.356 -104.146 434
118.343 -103.906 433
117.605 -103.906 433
116.867 -103.906 433
116.128 -103.906 433
115.124 -103.666 432
114.387 -103.666 432
113.651 -103.666 432
112.914 -103.666 432
111.918 -103.426 431
111.184 -103.426 431
110.193 -103.187 430
109.46 -103.187 430
108.474 -102.947 429
107.24 -102.467 427
106.263 -102.227 426
105.536 -102.227 426
104.81 -102.227 426
103.84 -101.987 425
102.873 -101.747 424
102.15 -101.747 424
101.427 -101.747 424
100.467 -101.507 423
99.5097 -101.267 422
98.5562 -101.027 421
97.8385 -101.027 421
97.1208 -101.027 421
96.1741 -100.787 420
95.4581 -100.787 420
94.7421 -100.787 420
94.0261 -100.787 420
93.3101 -100.787 420
92.5941 -100.787 420
91.8781 -100.787 420
91.1621 -100.787 420
90.4461 -100.787 420
89.7301 -100.787 420
89.0142 -100.787 420
88.2982 -100.787 420
303.309 -129.779 537
302.394 -129.779 537
301.478 -129.779 537
300.563 -129.779 537
299.647 -129.779 537
298.732 -129.779 537
297.816 -129.779 537
296.901 -129.779 537
296.537 -130.021 538
295.619 -130.021 538
294.702 -130.021 538
293.785 -130.021 538
292.324 -129.779 537
291.408 -129.779 537
289.952 -129.538 536
289.577 -129.779 537
288.662 -129.779 537
288.282 -130.021 538
287.365 -130.021 538
286.448 -130.021 538
285.531 -130.021 538
284.614 -130.021 538
283.696 -130.021 538
282.779 -130.021 538
281.862 -130.021 538
280.945 -130.021 538
280.028 -130.021 538
279.111 -130.021 538
278.194 -130.021 538
277.276 -130.021 538
276.359 -130.021 538
275.442 -130.021 538
274.525 -130.021 538
273.608 -130.021 538
272.691 -130.021 538
272.279 -130.263 539
271.863 -130.504 540
270.943 -130.504 540
270.022 -130.504 540
269.102 -130.504 540
268.181 -130.504 540
267.26 -130.504 540
266.34 -130.504 540
264.928 -130.263 539
264.009 -130.263 539
263.09 -130.263 539
261.685 -130.021 538
260.768 -130.021 538
259.85 -130.021 538
258.452 -129.779 537
257.537 -129.779 537
256.621 -129.779 537
255.229 -129.538 536
254.316 -129.538 536
243.178 -125.671 520
242.292 -125.671 520
241.405 -125.671 520
240.519 -125.671 520
239.172 -125.429 519
238.287 -125.429 519
236.487 -124.946 517
235.15 -124.704 516
232.908 -123.979 513
232.034 -123.979 513
230.258 -123.496 511
228.938 -123.254 510
228.069 -123.254 510
226.754 -123.012 509
225.886 -123.012 509
225.018 -123.012 509
223.71 -122.771 508
222.406 -122.529 507
221.541 -122.529 507
220.677 -122.529 507
218.512 -121.804 504
217.221 -121.562 503
216.364 -121.562 503
215.078 -121.321 502
213.795 -121.079 501
212.941 -121.079 501
212.087 -121.079 501
210.811 -120.837 500
209.959 -120.837 500
208.688 -120.596 499
207.838 -120.596 499
206.987 -120.596 499
205.723 -120.354 498
204.463 -120.112 497
203.206 -119.871 496
202.36 -119.871 496
200.296 -119.146 493
198.646 -118.662 491
197.406 -118.421 490
196.571 -118.421 490
195.736 -118.421 490
194.9 -118.421 490
194.065 -118.421 490
193.23 -118.421 490
192.002 -118.179 489
191.168 -118.179 489
189.556 -117.696 487
188.726 -117.696 487
187.51 -117.454 486
186.297 -117.212 485
185.088 -116.971 484
183.882 -116.729 483
183.059 -116.729 483
182.235 -116.729 483
181.036 -116.487 482
180.215 -116.487 482
179.393 -116.487 482
178.201 -116.246 481
177.381 -116.246 481
176.561 -116.246 481
175.741 -116.246 481
174.921 -116.246 481
174.101 -116.246 481
173.281 -116.246 481
172.461 -116.246 481
171.641 -116.246 481
170.466 -116.004 480
169.648 -116.004 480
169.181 -116.246 481
168.361 -116.246 481
167.541 -116.246 481
166.721 -116.246 481
165.901 -116.246 481
164.738 -116.004 480
163.92 -116.004 480
162.762 -115.762 479
161.945 -115.762 479
160.456 -115.279 477
141.852 -108.512 449
141.086 -108.512 449
140.321 -108.512 449
139.555 -108.512 449
138.79 -108.512 449
138.025 -108.512 449
137.259 -108.512 449
136.494 -108.512 449
135.426 -108.27 448
134.061 -107.787 446
133.301 -107.787 446
131.649 -107.062 443
130.303 -106.579 441
129.551 -106.579 441
128.507 -106.337 440
127.757 -106.337 440
126.718 -106.095 439
125.683 -105.854 438
124.936 -105.854 438
124.19 -105.854 438
123.161 -105.612 437
122.136 -105.37 436
121.114 -105.129 435
120.373 -105.129 435
119.356 -104.887 434
118.343 -104.645 433
117.605 -104.645 433
116.867 -104.645 433
116.128 -104.645 433
115.124 -104.403 432
114.387 -104.403 432
113.651 -104.403 432
112.914 -104.403 432
111.918 -104.162 431
111.184 -104.162 431
110.193 -103.92 430
109.46 -103.92 430
108.474 -103.678 429
107.24 -103.195 427
106.263 -102.953 426
105.536 -102.953 426
104.81 -102.953 426
103.84 -102.712 425
102.873 -102.47 424
102.15 -102.47 424
101.427 -102.47 424
100.467 -102.228 423
99.5097 -101.987 422
98.5562 -101.745 421
97.8385 -101.745 421
96.8901 -101.503 420
96.1741 -101.503 420
95.4581 -101.503 420
94.7421 -101.503 420
94.0261 -101.503 420
93.088 -101.262 419
92.3737 -101.262 419
91.8781 -101.503 420
91.1621 -101.503 420
90.4461 -101.503 420
89.7301 -101.503 420
89.0142 -101.503 420
88.2982 -101.503 420
302.744 -130.452 536
301.83 -130.452 536
300.917 -130.452 536
300.003 -130.452 536
299.089 -130.452 536
298.175 -130.452 536
297.262 -130.452 536
296.348 -130.452 536
295.985 -130.696 537
295.07 -130.696 537
294.155 -130.696 537
293.239 -130.696 537
291.779 -130.452 536
290.866 -130.452 536
289.411 -130.209 535
288.499 -130.209 535
287.587 -130.209 535
286.675 -130.209 535
285.763 -130.209 535
284.851 -130.209 535
283.939 -130.209 535
283.027 -130.209 535
282.115 -130.209 535
281.202 -130.209 535
280.29 -130.209 535
279.378 -130.209 535
278.466 -130.209 535
278.073 -130.452 536
277.159 -130.452 536
276.761 -130.696 537
275.846 -130.696 537
274.93 -130.696 537
274.015 -130.696 537
273.099 -130.696 537
272.184 -130.696 537
271.773 -130.939 538
271.36 -131.182 539
270.441 -131.182 539
270.022 -131.426 540
269.102 -131.426 540
268.181 -131.426 540
267.26 -131.426 540
266.34 -131.426 540
264.928 -131.182 539
264.009 -131.182 539
263.09 -131.182 539
261.685 -130.939 538
260.768 -130.939 538
259.85 -130.939 538
258.933 -130.939 538
257.537 -130.696 537
256.621 -130.696 537
255.229 -130.452 536
254.316 -130.452 536
243.178 -126.558 520
242.292 -126.558 520
241.405 -126.558 520
240.519 -126.558 520
238.25 -125.828 517
237.369 -125.828 517
234.2 -124.611 512
233.327 -124.611 512
232 -124.368 511
230.677 -124.124 510
229.808 -124.124 510
228.489 -123.881 509
227.174 -123.637 508
225.863 -123.394 507
224.999 -123.394 507
224.134 -123.394 507
222.83 -123.151 506
221.528 -122.907 505
220.667 -122.907 505
219.371 -122.664 504
218.512 -122.664 504
217.221 -122.421 503
216.364 -122.421 503
215.078 -122.177 502
213.795 -121.934 501
212.941 -121.934 501
212.087 -121.934 501
210.811 -121.69 500
209.959 -121.69 500
208.688 -121.447 499
207.838 -121.447 499
206.987 -121.447 499
205.723 -121.204 498
204.463 -120.96 497
203.206 -120.717 496
202.36 -120.717 496
200.296 -119.987 493
198.646 -119.5 491
197.406 -119.257 490
196.571 -119.257 490
195.736 -119.257 490
194.9 -119.257 490
194.065 -119.257 490
193.23 -119.257 490
192.002 -119.013 489
191.168 -119.013 489
189.556 -118.526 487
188.726 -118.526 487
187.51 -118.283 486
186.297 -118.04 485
185.088 -117.796 484
183.882 -117.553 483
183.059 -117.553 483
181.858 -117.31 482
181.036 -117.31 482
179.841 -117.066 481
179.021 -117.066 481
178.201 -117.066 481
177.381 -117.066 481
176.561 -117.066 481
175.741 -117.066 481
174.921 -117.066 481
174.101 -117.066 481
172.921 -116.823 480
172.102 -116.823 480
171.284 -116.823 480
170.466 -116.823 480
169.648 -116.823 480
168.829 -116.823 480
168.011 -116.823 480
167.193 -116.823 480
166.374 -116.823 480
165.556 -116.823 480
164.395 -116.579 479
163.578 -116.579 479
162.422 -116.336 478
161.607 -116.336 478
160.456 -116.093 477
159.308 -115.849 476
143.383 -109.278 449
142.617 -109.278 449
141.852 -109.278 449
141.086 -109.278 449
140.321 -109.278 449
139.555 -109.278 449
138.481 -109.035 448
137.41 -108.791 447
136.648 -108.791 447
135.886 -108.791 447
134.821 -108.548 446
133.46 -108.061 444
132.703 -108.061 444
131.352 -107.574 442
130.303 -107.331 441
129.257 -107.088 440
128.215 -106.844 439
127.467 -106.844 439
126.43 -106.601 438
125.683 -106.601 438
124.366 -106.114 436
123.623 -106.114 436
122.879 -106.114 436
121.856 -105.871 435
120.836 -105.627 434
120.096 -105.627 434
119.081 -105.384 433
118.343 -105.384 433
117.333 -105.141 432
116.597 -105.141 432
115.86 -105.141 432
114.857 -104.897 431
114.123 -104.897 431
113.388 -104.897 431
112.653 -104.897 431
111.918 -104.897 431
110.926 -104.654 430
109.936 -104.41 429
109.205 -104.41 429
107.968 -103.924 427
106.989 -103.68 426
106.263 -103.68 426
105.536 -103.68 426
104.564 -103.437 425
103.84 -103.437 425
102.873 -103.193 424
102.15 -103.193 424
101.188 -102.95 423
100.229 -102.707 422
99.2739 -102.463 421
98.5562 -102.463 421
97.8385 -102.463 421
96.8901 -102.22 420
96.1741 -102.22 420
95.4581 -102.22 420
94.7421 -102.22 420
94.0261 -102.22 420
93.088 -101.977 419
92.3737 -101.977 419
91.8781 -102.22 420
91.1621 -102.22 420
90.4461 -102.22 420
89.7301 -102.22 420
89.0142 -102.22 420
88.2982 -102.22 420
302.744 -131.367 536
301.83 -131.367 536
300.917 -131.367 536
300.003 -131.367 536
299.089 -131.367 536
298.175 -131.367 536
297.262 -131.367 536
296.348 -131.367 536
295.985 -131.612 537
295.07 -131.612 537
294.155 -131.612 537
293.239 -131.612 537
291.779 -131.367 536
290.866 -131.367 536
289.411 -131.122 535
288.499 -131.122 535
287.587 -131.122 535
286.675 -131.122 535
285.763 -131.122 535
284.851 -131.122 535
283.408 -130.876 534
282.497 -130.876 534
281.587 -130.876 534
280.677 -130.876 534
279.243 -130.631 533
278.334 -130.631 533
277.425 -130.631 533
276.517 -130.631 533
276.125 -130.876 534
275.73 -131.122 535
274.818 -131.122 535
273.906 -131.122 535
272.994 -131.122 535
272.591 -131.367 536
271.677 -131.367 536
271.268 -131.612 537
270.856 -131.857 538
269.939 -131.857 538
269.522 -132.102 539
268.603 -132.102 539
267.684 -132.102 539
266.765 -132.102 539
265.847 -132.102 539
264.928 -132.102 539
264.009 -132.102 539
262.602 -131.857 538
261.685 -131.857 538
260.768 -131.857 538
259.85 -131.857 538
258.933 -131.857 538
258.016 -131.857 538
257.099 -131.857 538
256.182 -131.857 538
254.316 -131.367 536
242.711 -127.2 519
241.826 -127.2 519
240.941 -127.2 519
238.669 -126.465 516
235.946 -125.485 512
235.073 -125.485 512
234.2 -125.485 512
232.416 -124.994 510
231.092 -124.749 509
230.225 -124.749 509
229.357 -124.749 509
228.04 -124.504 508
226.727 -124.259 507
225.417 -124.014 506
224.555 -124.014 506
223.692 -124.014 506
221.949 -123.524 504
220.651 -123.279 503
219.793 -123.279 503
218.936 -123.279 503
217.645 -123.034 502
216.789 -123.034 502
215.933 -123.034 502
214.649 -122.789 501
213.368 -122.543 500
212.516 -122.543 500
211.664 -122.543 500
210.811 -122.543 500
209.539 -122.298 499
208.688 -122.298 499
207.838 -122.298 499
206.572 -122.053 498
205.31 -121.808 497
204.051 -121.563 496
201.977 -120.828 493
201.136 -120.828 493
199.89 -120.583 492
198.646 -120.338 491
197.406 -120.093 490
196.571 -120.093 490
195.736 -120.093 490
194.9 -120.093 490
193.669 -119.848 489
192.835 -119.848 489
192.002 -119.848 489
191.168 -119.848 489
189.556 -119.357 487
188.726 -119.357 487
187.51 -119.112 486
186.297 -118.867 485
185.088 -118.622 484
183.882 -118.377 483
183.059 -118.377 483
181.858 -118.132 482
181.036 -118.132 482
179.841 -117.887 481
179.021 -117.887 481
178.201 -117.887 481
177.381 -117.887 481
176.561 -117.887 481
175.741 -117.887 481
174.921 -117.887 481
174.101 -117.887 481
172.921 -117.642 480
172.102 -117.642 480
171.284 -117.642 480
170.466 -117.642 480
169.648 -117.642 480
168.829 -117.642 480
168.011 -117.642 480
167.193 -117.642 480
166.374 -117.642 480
165.556 -117.642 480
164.395 -117.397 479
163.578 -117.397 479
162.422 -117.152 478
161.607 -117.152 478
160.456 -116.906 477
159.308 -116.661 476
143.383 -110.044 449
142.617 -110.044 449
141.852 -110.044 449
140.772 -109.799 448
140.008 -109.799 448
139.245 -109.799 448
138.172 -109.554 447
137.41 -109.554 447
136.648 -109.554 447
135.582 -109.309 446
134.217 -108.819 444
132.859 -108.328 442
132.105 -108.328 442
131.055 -108.083 441
130.007 -107.838 440
129.257 -107.838 440
128.215 -107.593 439
127.467 -107.593 439
126.43 -107.348 438
125.109 -106.858 436
124.366 -106.858 436
123.623 -106.858 436
122.597 -106.613 435
121.576 -106.368 434
120.557 -106.123 433
119.819 -106.123 433
119.081 -106.123 433
118.07 -105.878 432
117.333 -105.878 432
116.597 -105.878 432
115.592 -105.632 431
114.857 -105.632 431
113.858 -105.387 430
112.862 -105.142 429
112.13 -105.142 429
111.399 -105.142 429
110.41 -104.897 428
109.424 -104.652 427
108.696 -104.652 427
107.968 -104.652 427
106.989 -104.407 426
106.013 -104.162 425
105.289 -104.162 425
104.564 -104.162 425
103.595 -103.917 424
102.63 -103.672 423
101.909 -103.672 423
100.948 -103.427 422
99.9916 -103.182 421
99.2739 -103.182 421
98.3221 -102.937 420
97.6061 -102.937 420
96.8901 -102.937 420
96.1741 -102.937 420
95.2308 -102.691 419
94.5165 -102.691 419
93.8022 -102.691 419
93.088 -102.691 419
92.3737 -102.691 419
91.6594 -102.691 419
90.9451 -102.691 419
90.4461 -102.937 420
89.7301 -102.937 420
89.0142 -102.937 420
88.2982 -102.937 420
302.744 -132.281 536
301.83 -132.281 536
300.917 -132.281 536
300.003 -132.281 536
299.089 -132.281 536
298.175 -132.281 536
297.262 -132.281 536
296.348 -132.281 536
294.883 -132.034 535
293.971 -132.034 535
293.059 -132.034 535
292.147 -132.034 535
291.235 -132.034 535
290.323 -132.034 535
288.87 -131.787 534
287.96 -131.787 534
287.049 -131.787 534
286.139 -131.787 534
285.229 -131.787 534
284.318 -131.787 534
283.408 -131.787 534
282.497 -131.787 534
281.587 -131.787 534
280.677 -131.787 534
279.243 -131.541 533
278.334 -131.541 533
277.425 -131.541 533
276.517 -131.541 533
276.125 -131.787 534
275.73 -132.034 535
274.818 -132.034 535
273.906 -132.034 535
272.994 -132.034 535
272.591 -132.281 536
271.677 -132.281 536
271.268 -132.528 537
270.856 -132.775 538
269.939 -132.775 538
269.522 -133.021 539
268.603 -133.021 539
267.684 -133.021 539
266.765 -133.021 539
265.847 -133.021 539
264.928 -133.021 539
264.009 -133.021 539
262.602 -132.775 538
261.685 -132.775 538
261.252 -133.021 539
260.333 -133.021 539
259.415 -133.021 539
258.496 -133.021 539
257.577 -133.021 539
256.658 -133.021 539
240.372 -126.852 514
239.496 -126.852 514
238.62 -126.852 514
236.819 -126.358 512
235.485 -126.111 511
234.614 -126.111 511
233.285 -125.864 510
231.96 -125.618 509
231.092 -125.618 509
229.772 -125.371 508
228.906 -125.371 508
227.591 -125.124 507
226.28 -124.877 506
224.972 -124.63 505
224.111 -124.63 505
222.808 -124.384 504
221.068 -123.89 502
219.774 -123.643 501
218.92 -123.643 501
218.065 -123.643 501
216.778 -123.397 500
215.925 -123.397 500
215.073 -123.397 500
214.221 -123.397 500
213.368 -123.397 500
212.091 -123.15 499
211.24 -123.15 499
210.39 -123.15 499
209.539 -123.15 499
208.27 -122.903 498
207.421 -122.903 498
206.157 -122.656 497
204.897 -122.409 496
203.229 -121.916 494
201.977 -121.669 493
201.136 -121.669 493
199.89 -121.422 492
198.646 -121.175 491
197.406 -120.929 490
196.571 -120.929 490
195.736 -120.929 490
194.9 -120.929 490
193.669 -120.682 489
192.835 -120.682 489
192.002 -120.682 489
190.777 -120.435 488
189.167 -119.941 486
188.338 -119.941 486
187.124 -119.695 485
185.913 -119.448 484
184.706 -119.201 483
183.501 -118.954 482
182.68 -118.954 482
181.858 -118.954 482
180.661 -118.707 481
179.841 -118.707 481
179.021 -118.707 481
177.83 -118.461 480
177.012 -118.461 480
176.194 -118.461 480
175.376 -118.461 480
174.557 -118.461 480
173.739 -118.461 480
172.921 -118.461 480
172.102 -118.461 480
171.284 -118.461 480
170.111 -118.214 479
169.294 -118.214 479
168.478 -118.214 479
167.661 -118.214 479
166.844 -118.214 479
166.028 -118.214 479
165.211 -118.214 479
164.052 -117.967 478
162.895 -117.72 477
162.082 -117.72 477
161.269 -117.72 477
160.456 -117.72 477
159.308 -117.473 476
143.383 -110.81 449
142.617 -110.81 449
141.852 -110.81 449
140.772 -110.563 448
140.008 -110.563 448
139.245 -110.563 448
138.172 -110.316 447
137.41 -110.316 447
136.648 -110.316 447
135.582 -110.07 446
134.217 -109.576 444
132.859 -109.083 442
132.105 -109.083 442
131.055 -108.836 441
130.007 -108.589 440
129.257 -108.589 440
128.215 -108.342 439
127.467 -108.342 439
126.43 -108.095 438
125.109 -107.602 436
124.366 -107.602 436
123.623 -107.602 436
122.597 -107.355 435
121.576 -107.108 434
120.557 -106.861 433
119.819 -106.861 433
119.081 -106.861 433
118.07 -106.615 432
117.333 -106.615 432
116.597 -106.615 432
115.592 -106.368 431
114.591 -106.121 430
113.593 -105.874 429
112.599 -105.627 428
111.869 -105.627 428
111.139 -105.627 428
110.152 -105.381 427
109.424 -105.381 427
108.696 -105.381 427
107.715 -105.134 426
106.738 -104.887 425
105.764 -104.64 424
105.041 -104.64 424
104.072 -104.393 423
103.351 -104.393 423
102.145 -103.9 421
101.186 -103.653 420
100.47 -103.653 420
99.7541 -103.653 420
99.0381 -103.653 420
98.3221 -103.653 420
97.6061 -103.653 420
96.6594 -103.406 419
95.9451 -103.406 419
95.2308 -103.406 419
94.5165 -103.406 419
93.8022 -103.406 419
93.088 -103.406 419
92.3737 -103.406 419
91.6594 -103.406 419
90.9451 -103.406 419
90.2308 -103.406 419
89.5165 -103.406 419
88.8022 -103.406 419
88.0879 -103.406 419
302.744 -133.196 536
301.83 -133.196 536
300.917 -133.196 536
300.003 -133.196 536
299.089 -133.196 536
298.175 -133.196 536
296.707 -132.947 535
295.795 -132.947 535
294.883 -132.947 535
293.971 -132.947 535
293.059 -132.947 535
292.147 -132.947 535
290.691 -132.699 534
289.78 -132.699 534
288.87 -132.699 534
287.42 -132.45 533
286.512 -132.45 533
285.603 -132.45 533
284.694 -132.45 533
283.786 -132.45 533
282.877 -132.45 533
281.968 -132.45 533
281.06 -132.45 533
280.151 -132.45 533
279.243 -132.45 533
278.334 -132.45 533
276.905 -132.202 532
276.517 -132.45 533
275.608 -132.45 533
275.215 -132.699 534
274.305 -132.699 534
273.394 -132.699 534
272.484 -132.699 534
272.082 -132.947 535
271.17 -132.947 535
270.763 -133.196 536
270.353 -133.444 537
269.437 -133.444 537
269.022 -133.693 538
268.603 -133.941 539
267.684 -133.941 539
266.765 -133.941 539
265.847 -133.941 539
264.928 -133.941 539
264.009 -133.941 539
262.602 -133.693 538
261.685 -133.693 538
261.252 -133.941 539
260.333 -133.941 539
259.415 -133.941 539
258.496 -133.941 539
257.577 -133.941 539
256.658 -133.941 539
239.299 -126.238 508
238.433 -126.238 508
240.372 -127.729 514
239.496 -127.729 514
238.62 -127.729 514
236.819 -127.232 512
235.485 -126.983 511
234.614 -126.983 511
233.285 -126.735 510
231.96 -126.486 509
231.092 -126.486 509
229.772 -126.238 508
228.906 -126.238 508
227.591 -125.989 507
226.28 -125.741 506
224.972 -125.492 505
224.111 -125.492 505
222.808 -125.244 504
221.068 -124.747 502
219.774 -124.498 501
218.92 -124.498 501
218.065 -124.498 501
216.778 -124.25 500
215.925 -124.25 500
215.073 -124.25 500
213.792 -124.001 499
212.942 -124.001 499
211.666 -123.753 498
210.817 -123.753 498
209.968 -123.753 498
209.119 -123.753 498
207.852 -123.504 497
207.005 -123.504 497
205.328 -123.007 495
204.071 -122.759 494
202.817 -122.51 493
201.567 -122.262 492
200.728 -122.262 492
199.483 -122.013 491
198.646 -122.013 491
197.406 -121.765 490
196.571 -121.765 490
195.736 -121.765 490
194.503 -121.516 489
193.669 -121.516 489
192.835 -121.516 489
191.609 -121.268 488
189.995 -120.771 486
188.778 -120.522 485
187.951 -120.522 485
186.738 -120.274 484
185.529 -120.025 483
184.323 -119.777 482
183.501 -119.777 482
182.68 -119.777 482
181.481 -119.528 481
180.661 -119.528 481
179.467 -119.28 480
178.649 -119.28 480
177.83 -119.28 480
177.012 -119.28 480
175.827 -119.031 479
175.01 -119.031 479
174.194 -119.031 479
173.377 -119.031 479
172.2 -118.783 478
171.385 -118.783 478
170.57 -118.783 478
169.4 -118.534 477
168.234 -118.286 476
167.774 -118.534 477
166.961 -118.534 477
166.148 -118.534 477
165.335 -118.534 477
164.521 -118.534 477
163.365 -118.286 476
162.554 -118.286 476
161.742 -118.286 476
160.931 -118.286 476
160.119 -118.286 476
159.308 -118.286 476
143.063 -111.328 448
142.299 -111.328 448
141.536 -111.328 448
140.772 -111.328 448
140.008 -111.328 448
138.934 -111.079 447
138.172 -111.079 447
137.102 -110.831 446
136.342 -110.831 446
134.974 -110.334 444
133.612 -109.837 442
132.859 -109.837 442
132.105 -109.837 442
130.757 -109.34 440
130.007 -109.34 440
128.963 -109.091 439
127.923 -108.843 438
127.176 -108.843 438
126.141 -108.594 437
125.109 -108.346 436
124.081 -108.097 435
123.339 -108.097 435
122.597 -108.097 435
121.576 -107.849 434
120.557 -107.6 433
119.819 -107.6 433
119.081 -107.6 433
118.07 -107.352 432
117.333 -107.352 432
116.597 -107.352 432
115.592 -107.103 431
114.591 -106.855 430
113.593 -106.606 429
112.599 -106.358 428
111.869 -106.358 428
111.139 -106.358 428
110.152 -106.109 427
109.424 -106.109 427
108.696 -106.109 427
107.715 -105.861 426
106.738 -105.612 425
105.764 -105.364 424
105.041 -105.364 424
104.072 -105.115 423
103.351 -105.115 423
102.145 -104.618 421
101.186 -104.37 420
100.47 -104.37 420
99.7541 -104.37 420
99.0381 -104.37 420
98.3221 -104.37 420
97.6061 -104.37 420
96.6594 -104.121 419
95.9451 -104.121 419
95.2308 -104.121 419
94.5165 -104.121 419
93.8022 -104.121 419
93.088 -104.121 419
92.3737 -104.121 419
91.6594 -104.121 419
90.9451 -104.121 419
90.2308 -104.121 419
89.5165 -104.121 419
88.8022 -104.121 419
88.0879 -104.121 419
301.615 -133.61 534
300.704 -133.61 534
299.794 -133.61 534
298.884 -133.61 534
297.973 -133.61 534
297.063 -133.61 534
296.153 -133.61 534
295.242 -133.61 534
294.332 -133.61 534
293.422 -133.61 534
292.511 -133.61 534
291.601 -133.61 534
290.146 -133.359 533
289.238 -133.359 533
288.329 -133.359 533
287.42 -133.359 533
286.512 -133.359 533
285.603 -133.359 533
284.694 -133.359 533
283.786 -133.359 533
282.877 -133.359 533
281.968 -133.359 533
281.06 -133.359 533
280.151 -133.359 533
278.719 -133.109 532
277.812 -133.109 532
276.905 -133.109 532
275.998 -133.109 532
275.608 -133.359 533
274.699 -133.359 533
273.791 -133.359 533
273.394 -133.61 534
272.484 -133.61 534
271.573 -133.61 534
270.663 -133.61 534
270.763 -134.11 536
270.353 -134.36 537
269.437 -134.36 537
269.022 -134.61 538
268.105 -134.61 538
267.188 -134.61 538
266.271 -134.61 538
265.353 -134.61 538
264.436 -134.61 538
263.519 -134.61 538
262.602 -134.61 538
261.685 -134.61 538
261.252 -134.861 539
260.333 -134.861 539
259.415 -134.861 539
258.496 -134.861 539
257.577 -134.861 539
256.658 -134.861 539
239.299 -127.104 508
238.433 -127.104 508
238.034 -127.354 509
237.166 -127.354 509
236.299 -127.354 509
235.431 -127.354 509
234.563 -127.354 509
233.236 -127.104 508
232.37 -127.104 508
231.049 -126.854 507
230.184 -126.854 507
228.868 -126.604 506
228.005 -126.604 506
226.245 -126.103 504
224.491 -125.603 502
223.635 -125.603 502
222.78 -125.603 502
221.482 -125.353 501
220.187 -125.103 500
219.335 -125.103 500
218.483 -125.103 500
217.195 -124.852 499
216.344 -124.852 499
215.494 -124.852 499
214.643 -124.852 499
213.792 -124.852 499
212.942 -124.852 499
211.666 -124.602 498
210.817 -124.602 498
209.968 -124.602 498
209.119 -124.602 498
207.852 -124.352 497
207.005 -124.352 497
205.328 -123.852 495
204.071 -123.601 494
202.817 -123.351 493
201.567 -123.101 492
200.728 -123.101 492
199.483 -122.851 491
198.646 -122.851 491
197.406 -122.601 490
196.571 -122.601 490
195.736 -122.601 490
194.503 -122.35 489
193.669 -122.35 489
192.835 -122.35 489
191.609 -122.1 488
189.995 -121.6 486
188.778 -121.35 485
187.951 -121.35 485
186.738 -121.099 484
185.529 -120.849 483
184.323 -120.599 482
183.121 -120.349 481
182.301 -120.349 481
181.481 -120.349 481
180.285 -120.099 480
179.093 -119.848 479
178.277 -119.848 479
177.089 -119.598 478
176.275 -119.598 478
175.093 -119.348 477
174.279 -119.348 477
173.466 -119.348 477
172.653 -119.348 477
171.48 -119.098 476
170.668 -119.098 476
169.5 -118.847 475
168.69 -118.847 475
167.88 -118.847 475
167.071 -118.847 475
166.261 -118.847 475
165.799 -119.098 476
164.988 -119.098 476
164.177 -119.098 476
163.022 -118.847 475
162.212 -118.847 475
161.402 -118.847 475
160.593 -118.847 475
159.783 -118.847 475
143.063 -112.092 448
142.299 -112.092 448
141.536 -112.092 448
140.772 -112.092 448
140.008 -112.092 448
138.934 -111.842 447
137.863 -111.592 446
136.795 -111.341 445
136.036 -111.341 445
134.67 -110.841 443
133.612 -110.591 442
132.558 -110.341 441
131.806 -110.341 441
130.757 -110.09 440
130.007 -110.09 440
128.963 -109.84 439
127.923 -109.59 438
127.176 -109.59 438
126.141 -109.34 437
124.822 -108.839 435
124.081 -108.839 435
123.339 -108.839 435
122.316 -108.589 434
121.576 -108.589 434
120.557 -108.339 433
119.819 -108.339 433
119.081 -108.339 433
118.07 -108.089 432
117.333 -108.089 432
116.597 -108.089 432
115.324 -107.588 430
114.324 -107.338 429
113.328 -107.088 428
112.599 -107.088 428
111.869 -107.088 428
110.88 -106.838 427
110.152 -106.838 427
109.168 -106.587 426
108.441 -106.587 426
107.715 -106.587 426
106.487 -106.087 424
105.514 -105.837 423
104.793 -105.837 423
103.826 -105.587 422
102.862 -105.336 421
101.902 -105.086 420
101.186 -105.086 420
100.47 -105.086 420
99.5166 -104.836 419
98.8023 -104.836 419
98.088 -104.836 419
97.3737 -104.836 419
96.6594 -104.836 419
95.9451 -104.836 419
95.2308 -104.836 419
94.5165 -104.836 419
93.8022 -104.836 419
93.088 -104.836 419
92.3737 -104.836 419
91.6594 -104.836 419
90.9451 -104.836 419
90.2308 -104.836 419
89.5165 -104.836 419
88.8022 -104.836 419
88.0879 -104.836 419
301.615 -134.521 534
300.704 -134.521 534
299.794 -134.521 534
298.884 -134.521 534
297.973 -134.521 534
297.063 -134.521 534
296.153 -134.521 534
295.242 -134.521 534
294.332 -134.521 534
293.422 -134.521 534
292.511 -134.521 534
291.601 -134.521 534
290.146 -134.269 533
289.238 -134.269 533
288.329 -134.269 533
287.42 -134.269 533
286.512 -134.269 533
285.603 -134.269 533
284.694 -134.269 533
283.786 -134.269 533
282.877 -134.269 533
281.968 -134.269 533
280.533 -134.017 532
279.626 -134.017 532
278.719 -134.017 532
277.812 -134.017 532
276.905 -134.017 532
275.998 -134.017 532
275.091 -134.017 532
274.699 -134.269 533
273.791 -134.269 533
272.882 -134.269 533
272.484 -134.521 534
271.573 -134.521 534
270.663 -134.521 534
270.258 -134.773 535
270.353 -135.276 537
269.437 -135.276 537
269.022 -135.528 538
268.105 -135.528 538
267.188 -135.528 538
266.271 -135.528 538
265.353 -135.528 538
264.436 -135.528 538
263.519 -135.528 538
262.602 -135.528 538
261.685 -135.528 538
261.252 -135.78 539
260.333 -135.78 539
259.415 -135.78 539
258.496 -135.78 539
257.577 -135.78 539
256.658 -135.78 539
239.299 -127.971 508
238.433 -127.971 508
237.567 -127.971 508
236.701 -127.971 508
235.834 -127.971 508
234.968 -127.971 508
233.642 -127.719 507
232.777 -127.719 507
231.913 -127.719 507
230.593 -127.467 506
229.276 -127.215 505
227.963 -126.963 504
227.104 -126.963 504
225.347 -126.459 502
224.491 -126.459 502
223.19 -126.208 501
222.336 -126.208 501
221.04 -125.956 500
220.187 -125.956 500
218.896 -125.704 499
218.046 -125.704 499
217.195 -125.704 499
216.344 -125.704 499
215.062 -125.452 498
214.213 -125.452 498
213.364 -125.452 498
212.515 -125.452 498
211.241 -125.2 497
210.394 -125.2 497
209.546 -125.2 497
208.279 -124.948 496
207.015 -124.696 495
205.755 -124.444 494
204.913 -124.444 494
203.658 -124.192 493
202.406 -123.94 492
201.157 -123.688 491
200.32 -123.688 491
199.483 -123.688 491
198.242 -123.437 490
197.406 -123.437 490
196.571 -123.437 490
195.336 -123.185 489
194.503 -123.185 489
193.273 -122.933 488
192.441 -122.933 488
190.824 -122.429 486
189.604 -122.177 485
187.999 -121.673 483
187.176 -121.673 483
186.352 -121.673 483
185.145 -121.421 482
184.323 -121.421 482
183.121 -121.169 481
182.301 -121.169 481
181.481 -121.169 481
180.285 -120.917 480
179.093 -120.666 479
178.277 -120.666 479
177.089 -120.414 478
176.275 -120.414 478
175.093 -120.162 477
174.279 -120.162 477
173.466 -120.162 477
172.653 -120.162 477
171.48 -119.91 476
170.668 -119.91 476
169.5 -119.658 475
168.69 -119.658 475
167.88 -119.658 475
167.071 -119.658 475
166.261 -119.658 475
165.799 -119.91 476
164.988 -119.91 476
164.177 -119.91 476
163.022 -119.658 475
162.212 -119.658 475
161.402 -119.658 475
160.593 -119.658 475
159.783 -119.658 475
143.827 -112.856 448
143.063 -112.856 448
142.299 -112.856 448
141.536 -112.856 448
140.772 -112.856 448
140.008 -112.856 448
138.623 -112.352 446
137.863 -112.352 446
136.795 -112.101 445
136.036 -112.101 445
134.366 -111.345 442
133.31 -111.093 441
132.258 -110.841 440
131.507 -110.841 440
130.757 -110.841 440
129.712 -110.589 439
128.963 -110.589 439
127.923 -110.337 438
127.176 -110.337 438
126.141 -110.085 437
124.822 -109.581 435
123.795 -109.33 434
123.055 -109.33 434
122.316 -109.33 434
121.296 -109.078 433
120.557 -109.078 433
119.819 -109.078 433
118.806 -108.826 432
118.07 -108.826 432
116.79 -108.322 430
115.787 -108.07 429
115.056 -108.07 429
114.058 -107.818 428
113.063 -107.566 427
112.336 -107.566 427
111.608 -107.566 427
110.62 -107.314 426
109.894 -107.314 426
109.168 -107.314 426
108.441 -107.314 426
107.462 -107.062 425
106.235 -106.559 423
105.015 -106.055 421
104.298 -106.055 421
103.58 -106.055 421
102.862 -106.055 421
101.902 -105.803 420
100.945 -105.551 419
100.231 -105.551 419
99.5166 -105.551 419
98.8023 -105.551 419
98.088 -105.551 419
97.3737 -105.551 419
96.6594 -105.551 419
95.9451 -105.551 419
95.0035 -105.299 418
94.291 -105.299 418
93.5784 -105.299 418
92.8658 -105.299 418
92.1532 -105.299 418
91.6594 -105.551 419
90.9451 -105.551 419
90.2308 -105.551 419
89.3029 -105.299 418
88.5903 -105.299 418
87.8777 -105.299 418
300.485 -134.924 532
299.578 -134.924 532
298.11 -134.671 531
297.204 -134.671 531
296.299 -134.671 531
295.394 -134.671 531
294.489 -134.671 531
293.584 -134.671 531
292.678 -134.671 531
291.773 -134.671 531
290.868 -134.671 531
289.963 -134.671 531
289.057 -134.671 531
288.152 -134.671 531
287.247 -134.671 531
286.342 -134.671 531
285.437 -134.671 531
284.531 -134.671 531
283.626 -134.671 531
282.721 -134.671 531
282.346 -134.924 532
281.439 -134.924 532
280.533 -134.924 532
279.626 -134.924 532
278.719 -134.924 532
277.812 -134.924 532
276.905 -134.924 532
275.998 -134.924 532
275.091 -134.924 532
274.699 -135.178 533
273.791 -135.178 533
272.882 -135.178 533
272.484 -135.432 534
271.573 -135.432 534
270.663 -135.432 534
270.258 -135.685 535
270.353 -136.193 537
269.437 -136.193 537
269.022 -136.446 538
268.105 -136.446 538
267.188 -136.446 538
266.271 -136.446 538
265.353 -136.446 538
264.436 -136.446 538
263.519 -136.446 538
262.602 -136.446 538
261.685 -136.446 538
261.252 -136.7 539
260.333 -136.7 539
259.415 -136.7 539
258.016 -136.446 538
257.099 -136.446 538
256.182 -136.446 538
239.299 -128.838 508
238.433 -128.838 508
237.567 -128.838 508
236.701 -128.838 508
235.834 -128.838 508
234.506 -128.584 507
233.181 -128.33 506
232.318 -128.33 506
231.456 -128.33 506
230.137 -128.077 505
228.822 -127.823 504
227.511 -127.57 503
226.653 -127.57 503
225.347 -127.316 502
224.044 -127.062 501
223.19 -127.062 501
222.336 -127.062 501
221.04 -126.809 500
220.187 -126.809 500
218.896 -126.555 499
218.046 -126.555 499
217.195 -126.555 499
215.911 -126.301 498
215.062 -126.301 498
214.213 -126.301 498
213.364 -126.301 498
212.088 -126.048 497
211.241 -126.048 497
210.394 -126.048 497
209.125 -125.794 496
207.859 -125.541 495
206.597 -125.287 494
205.339 -125.033 493
204.498 -125.033 493
203.245 -124.78 492
201.994 -124.526 491
201.157 -124.526 491
200.32 -124.526 491
199.077 -124.273 490
198.242 -124.273 490
197.004 -124.019 489
196.17 -124.019 489
194.937 -123.765 488
193.707 -123.512 487
192.481 -123.258 486
191.652 -123.258 486
190.039 -122.751 484
188.823 -122.497 483
187.61 -122.244 482
186.401 -121.99 481
185.581 -121.99 481
184.761 -121.99 481
183.941 -121.99 481
182.74 -121.736 480
181.922 -121.736 480
181.104 -121.736 480
179.91 -121.483 479
178.345 -120.976 477
177.532 -120.976 477
176.348 -120.722 476
175.168 -120.468 475
174.359 -120.468 475
173.549 -120.468 475
172.375 -120.215 474
171.567 -120.215 474
170.759 -120.215 474
169.951 -120.215 474
169.143 -120.215 474
168.335 -120.215 474
167.527 -120.215 474
166.719 -120.215 474
165.911 -120.215 474
165.103 -120.215 474
164.295 -120.215 474
163.487 -120.215 474
162.679 -120.215 474
161.871 -120.215 474
161.063 -120.215 474
160.255 -120.215 474
143.827 -113.621 448
143.063 -113.621 448
142.299 -113.621 448
141.536 -113.621 448
140.772 -113.621 448
140.008 -113.621 448
138.623 -113.113 446
137.863 -113.113 446
136.795 -112.86 445
136.036 -112.86 445
134.366 -112.099 442
133.31 -111.845 441
132.258 -111.592 440
131.507 -111.592 440
130.757 -111.592 440
129.712 -111.338 439
128.963 -111.338 439
127.923 -111.084 438
127.176 -111.084 438
126.141 -110.831 437
124.822 -110.324 435
123.795 -110.07 434
123.055 -110.07 434
122.316 -110.07 434
121.296 -109.816 433
120.279 -109.563 432
119.543 -109.563 432
118.806 -109.563 432
117.796 -109.309 431
116.518 -108.802 429
115.517 -108.548 428
114.788 -108.548 428
113.791 -108.295 427
113.063 -108.295 427
112.072 -108.041 426
111.346 -108.041 426
110.62 -108.041 426
109.894 -108.041 426
108.911 -107.787 425
108.187 -107.787 425
107.209 -107.534 424
105.733 -106.773 421
105.015 -106.773 421
104.298 -106.773 421
103.58 -106.773 421
102.618 -106.519 420
101.659 -106.266 419
100.945 -106.266 419
100.231 -106.266 419
99.5166 -106.266 419
98.8023 -106.266 419
98.088 -106.266 419
97.3737 -106.266 419
96.6594 -106.266 419
95.7161 -106.012 418
95.0035 -106.012 418
94.291 -106.012 418
93.5784 -106.012 418
92.8658 -106.012 418
92.1532 -106.012 418
91.4406 -106.012 418
90.728 -106.012 418
90.0154 -106.012 418
89.3029 -106.012 418
88.5903 -106.012 418
87.8777 -106.012 418
299.92 -135.577 531
299.015 -135.577 531
297.548 -135.321 530
296.645 -135.321 530
295.741 -135.321 530
294.838 -135.321 530
293.934 -135.321 530
293.031 -135.321 530
292.127 -135.321 530
291.224 -135.321 530
290.32 -135.321 530
289.417 -135.321 530
288.513 -135.321 530
287.61 -135.321 530
286.706 -135.321 530
285.803 -135.321 530
284.899 -135.321 530
283.995 -135.321 530
283.092 -135.321 530
282.188 -135.321 530
281.285 -135.321 530
280.381 -135.321 530
279.478 -135.321 530
279.1 -135.577 531
278.195 -135.577 531
277.29 -135.577 531
276.384 -135.577 531
275.479 -135.577 531
274.574 -135.577 531
274.184 -135.832 532
273.277 -135.832 532
272.37 -135.832 532
271.974 -136.087 533
271.065 -136.087 533
270.156 -136.087 533
269.753 -136.343 534
269.346 -136.598 535
268.434 -136.598 535
268.522 -137.109 537
268.105 -137.364 538
267.188 -137.364 538
266.271 -137.364 538
265.353 -137.364 538
264.436 -137.364 538
263.519 -137.364 538
262.602 -137.364 538
261.685 -137.364 538
260.768 -137.364 538
259.85 -137.364 538
258.933 -137.364 538
258.016 -137.364 538
257.099 -137.364 538
256.182 -137.364 538
239.299 -129.704 508
238.433 -129.704 508
237.567 -129.704 508
236.701 -129.704 508
235.834 -129.704 508
234.506 -129.449 507
233.181 -129.194 506
232.318 -129.194 506
231.456 -129.194 506
230.137 -128.938 505
228.822 -128.683 504
227.511 -128.428 503
226.653 -128.428 503
225.347 -128.172 502
224.044 -127.917 501
223.19 -127.917 501
222.336 -127.917 501
221.04 -127.662 500
220.187 -127.662 500
218.896 -127.406 499
218.046 -127.406 499
217.195 -127.406 499
215.911 -127.151 498
215.062 -127.151 498
214.213 -127.151 498
213.364 -127.151 498
212.088 -126.896 497
210.816 -126.64 496
209.97 -126.64 496
208.703 -126.385 495
207.439 -126.13 494
206.597 -126.13 494
205.339 -125.875 493
204.498 -125.875 493
203.245 -125.619 492
201.994 -125.364 491
201.157 -125.364 491
200.32 -125.364 491
199.077 -125.109 490
197.837 -124.853 489
196.601 -124.598 488
195.769 -124.598 488
194.537 -124.343 487
193.309 -124.087 486
191.689 -123.577 484
190.864 -123.577 484
189.646 -123.321 483
188.432 -123.066 482
187.221 -122.811 481
186.401 -122.811 481
185.581 -122.811 481
184.761 -122.811 481
183.558 -122.555 480
182.74 -122.555 480
181.922 -122.555 480
180.349 -122.045 478
179.158 -121.789 477
177.971 -121.534 476
177.16 -121.534 476
175.978 -121.279 475
174.799 -121.023 474
173.991 -121.023 474
173.183 -121.023 474
172.375 -121.023 474
171.567 -121.023 474
170.759 -121.023 474
169.951 -121.023 474
169.143 -121.023 474
168.335 -121.023 474
167.174 -120.768 473
166.719 -121.023 474
165.911 -121.023 474
165.103 -121.023 474
164.295 -121.023 474
163.487 -121.023 474
162.336 -120.768 473
161.529 -120.768 473
159.364 -119.747 469
143.827 -114.385 448
143.063 -114.385 448
142.299 -114.385 448
141.536 -114.385 448
140.458 -114.13 447
139.696 -114.13 447
138.623 -113.874 446
137.863 -113.874 446
136.795 -113.619 445
136.036 -113.619 445
134.366 -112.853 442
133.31 -112.598 441
132.258 -112.342 440
131.507 -112.342 440
130.757 -112.342 440
129.712 -112.087 439
128.963 -112.087 439
127.631 -111.576 437
126.886 -111.576 437
125.852 -111.321 436
124.535 -110.81 434
123.51 -110.555 433
122.772 -110.555 433
122.034 -110.555 433
121.296 -110.555 433
120.279 -110.3 432
119.543 -110.3 432
118.806 -110.3 432
117.796 -110.044 431
116.518 -109.534 429
115.517 -109.278 428
114.788 -109.278 428
113.791 -109.023 427
113.063 -109.023 427
112.072 -108.768 426
111.346 -108.768 426
110.62 -108.768 426
109.894 -108.768 426
108.911 -108.513 425
108.187 -108.513 425
107.209 -108.257 424
105.733 -107.491 421
105.015 -107.491 421
104.298 -107.491 421
103.58 -107.491 421
102.618 -107.236 420
101.659 -106.981 419
100.945 -106.981 419
100.231 -106.981 419
99.5166 -106.981 419
98.8023 -106.981 419
98.088 -106.981 419
97.3737 -106.981 419
96.6594 -106.981 419
95.4871 -106.47 417
94.7763 -106.47 417
94.0654 -106.47 417
93.3545 -106.47 417
92.6436 -106.47 417
91.9327 -106.47 417
91.2219 -106.47 417
90.511 -106.47 417
89.8001 -106.47 417
89.0892 -106.47 417
88.3783 -106.47 417
87.6675 -106.47 417
299.355 -136.226 530
298.452 -136.226 530
297.548 -136.226 530
296.645 -136.226 530
295.183 -135.969 529
294.838 -136.226 530
293.934 -136.226 530
293.031 -136.226 530
292.127 -136.226 530
291.224 -136.226 530
290.32 -136.226 530
289.417 -136.226 530
288.513 -136.226 530
287.61 -136.226 530
286.706 -136.226 530
285.803 -136.226 530
284.361 -135.969 529
283.46 -135.969 529
282.558 -135.969 529
281.656 -135.969 529
280.754 -135.969 529
279.852 -135.969 529
278.951 -135.969 529
278.574 -136.226 530
277.671 -136.226 530
276.767 -136.226 530
275.864 -136.226 530
274.96 -136.226 530
274.057 -136.226 530
273.669 -136.483 531
272.763 -136.483 531
271.858 -136.483 531
270.953 -136.483 531
270.556 -136.74 532
269.649 -136.74 532
268.743 -136.74 532
268.842 -137.254 534
267.932 -137.254 534
267.522 -137.511 535
266.61 -137.511 535
265.698 -137.511 535
264.786 -137.511 535
264.367 -137.768 536
263.453 -137.768 536
262.539 -137.768 536
261.626 -137.768 536
260.712 -137.768 536
259.798 -137.768 536
258.884 -137.768 536
257.971 -137.768 536
257.057 -137.768 536
239.299 -130.571 508
238.433 -130.571 508
237.567 -130.571 508
236.235 -130.314 507
235.37 -130.314 507
234.043 -130.057 506
233.181 -130.057 506
231.859 -129.8 505
230.998 -129.8 505
229.682 -129.543 504
228.368 -129.286 503
227.511 -129.286 503
226.653 -129.286 503
225.347 -129.029 502
224.044 -128.772 501
223.19 -128.772 501
222.336 -128.772 501
221.04 -128.515 500
220.187 -128.515 500
218.896 -128.258 499
218.046 -128.258 499
217.195 -128.258 499
215.911 -128.001 498
215.062 -128.001 498
214.213 -128.001 498
212.935 -127.744 497
212.088 -127.744 497
210.816 -127.487 496
209.97 -127.487 496
208.703 -127.23 495
207.439 -126.973 494
206.597 -126.973 494
205.339 -126.716 493
204.498 -126.716 493
203.245 -126.459 492
201.994 -126.202 491
201.157 -126.202 491
200.32 -126.202 491
199.077 -125.945 490
197.837 -125.688 489
196.601 -125.43 488
195.769 -125.43 488
194.537 -125.173 487
193.309 -124.916 486
191.689 -124.402 484
190.864 -124.402 484
189.646 -124.145 483
188.432 -123.888 482
187.221 -123.631 481
186.401 -123.631 481
185.581 -123.631 481
184.761 -123.631 481
183.558 -123.374 480
182.74 -123.374 480
181.922 -123.374 480
179.972 -122.603 477
178.783 -122.346 476
177.224 -121.832 474
176.416 -121.832 474
175.608 -121.832 474
174.799 -121.832 474
173.991 -121.832 474
173.183 -121.832 474
172.012 -121.575 473
171.205 -121.575 473
170.399 -121.575 473
169.593 -121.575 473
168.786 -121.575 473
167.98 -121.575 473
166.82 -121.318 472
166.016 -121.318 472
165.211 -121.318 472
164.406 -121.318 472
163.602 -121.318 472
162.797 -121.318 472
161.992 -121.318 472
160.846 -121.061 471
159.364 -120.547 469
143.827 -115.149 448
143.063 -115.149 448
142.299 -115.149 448
141.536 -115.149 448
140.458 -114.892 447
139.696 -114.892 447
138.623 -114.635 446
137.554 -114.378 445
136.488 -114.121 444
135.731 -114.121 444
134.062 -113.35 441
133.008 -113.093 440
132.258 -113.093 440
131.507 -113.093 440
130.46 -112.836 439
129.712 -112.836 439
128.67 -112.579 438
127.339 -112.065 436
126.596 -112.065 436
125.564 -111.808 435
124.248 -111.294 433
123.51 -111.294 433
122.772 -111.294 433
122.034 -111.294 433
121.015 -111.037 432
120.279 -111.037 432
119.543 -111.037 432
118.531 -110.78 431
117.25 -110.266 429
116.247 -110.009 428
115.247 -109.752 427
114.519 -109.752 427
113.791 -109.752 427
112.799 -109.495 426
112.072 -109.495 426
111.346 -109.495 426
110.36 -109.238 425
109.636 -109.238 425
108.655 -108.981 424
107.932 -108.981 424
106.957 -108.724 423
105.733 -108.209 421
105.015 -108.209 421
104.298 -108.209 421
103.334 -107.952 420
102.374 -107.695 419
101.659 -107.695 419
100.945 -107.695 419
100.231 -107.695 419
99.5166 -107.695 419
98.8023 -107.695 419
98.088 -107.695 419
97.3737 -107.695 419
96.4287 -107.438 418
95.4871 -107.181 417
94.7763 -107.181 417
94.0654 -107.181 417
93.3545 -107.181 417
92.6436 -107.181 417
91.9327 -107.181 417
91.2219 -107.181 417
90.511 -107.181 417
89.8001 -107.181 417
89.0892 -107.181 417
88.3783 -107.181 417
87.6675 -107.181 417
299.355 -137.13 530
298.452 -137.13 530
297.548 -137.13 530
296.645 -137.13 530
295.183 -136.871 529
294.838 -137.13 530
293.934 -137.13 530
293.031 -137.13 530
292.127 -137.13 530
291.224 -137.13 530
290.32 -137.13 530
289.417 -137.13 530
288.513 -137.13 530
287.61 -137.13 530
286.706 -137.13 530
285.803 -137.13 530
284.361 -136.871 529
283.46 -136.871 529
282.558 -136.871 529
281.656 -136.871 529
280.754 -136.871 529
279.852 -136.871 529
278.951 -136.871 529
278.049 -136.871 529
277.671 -137.13 530
276.767 -137.13 530
275.864 -137.13 530
274.96 -137.13 530
274.057 -137.13 530
273.153 -137.13 530
272.25 -137.13 530
271.346 -137.13 530
270.953 -137.389 531
270.048 -137.389 531
269.143 -137.389 531
268.237 -137.389 531
267.836 -137.647 532
267.43 -137.906 533
266.522 -137.906 533
265.613 -137.906 533
265.201 -138.165 534
264.291 -138.165 534
263.38 -138.165 534
262.47 -138.165 534
261.56 -138.165 534
260.649 -138.165 534
259.253 -137.906 533
258.344 -137.906 533
257.435 -137.906 533
256.527 -137.906 533
254.659 -137.389 531
238.827 -131.179 507
237.963 -131.179 507
237.099 -131.179 507
236.235 -131.179 507
235.37 -131.179 507
234.043 -130.92 506
233.181 -130.92 506
231.859 -130.662 505
230.998 -130.662 505
229.682 -130.403 504
228.368 -130.144 503
227.511 -130.144 503
226.653 -130.144 503
225.347 -129.885 502
224.044 -129.627 501
223.19 -129.627 501
222.336 -129.627 501
221.04 -129.368 500
220.187 -129.368 500
218.896 -129.109 499
218.046 -129.109 499
216.76 -128.85 498
215.911 -128.85 498
214.63 -128.592 497
213.783 -128.592 497
212.935 -128.592 497
211.661 -128.333 496
210.391 -128.074 495
209.547 -128.074 495
208.281 -127.815 494
207.439 -127.815 494
206.179 -127.557 493
204.922 -127.298 492
204.083 -127.298 492
202.831 -127.039 491
201.994 -127.039 491
200.748 -126.781 490
199.912 -126.781 490
199.077 -126.781 490
197.837 -126.522 489
196.198 -126.004 487
195.368 -126.004 487
194.138 -125.746 486
192.514 -125.228 484
191.293 -124.969 483
190.469 -124.969 483
189.253 -124.711 482
188.432 -124.711 482
187.221 -124.452 481
186.401 -124.452 481
185.581 -124.452 481
184.377 -124.193 480
183.558 -124.193 480
182.359 -123.934 479
181.543 -123.934 479
179.972 -123.417 477
178.783 -123.158 476
177.224 -122.641 474
176.416 -122.641 474
175.608 -122.641 474
174.799 -122.641 474
173.991 -122.641 474
173.183 -122.641 474
172.012 -122.382 473
171.205 -122.382 473
170.399 -122.382 473
169.593 -122.382 473
168.786 -122.382 473
167.98 -122.382 473
166.82 -122.123 472
166.016 -122.123 472
165.211 -122.123 472
164.406 -122.123 472
163.602 -122.123 472
162.797 -122.123 472
161.992 -122.123 472
160.846 -121.865 471
159.364 -121.347 469
156.874 -120.053 464
156.083 -120.053 464
143.827 -115.914 448
143.063 -115.914 448
142.299 -115.914 448
141.536 -115.914 448
140.458 -115.655 447
139.696 -115.655 447
138.312 -115.137 445
137.244 -114.879 444
136.18 -114.62 443
135.425 -114.62 443
134.062 -114.102 441
133.008 -113.844 440
131.957 -113.585 439
131.209 -113.585 439
130.46 -113.585 439
129.416 -113.326 438
128.67 -113.326 438
127.339 -112.809 436
126.596 -112.809 436
125.275 -112.291 434
124.248 -112.033 433
123.51 -112.033 433
122.772 -112.033 433
121.752 -111.774 432
121.015 -111.774 432
120.001 -111.515 431
119.266 -111.515 431
118.531 -111.515 431
117.25 -110.998 429
116.247 -110.739 428
115.247 -110.48 427
114.519 -110.48 427
113.525 -110.221 426
112.799 -110.221 426
111.809 -109.963 425
111.085 -109.963 425
110.36 -109.963 425
109.378 -109.704 424
108.399 -109.445 423
107.678 -109.445 423
106.704 -109.186 422
105.733 -108.928 421
104.766 -108.669 420
104.05 -108.669 420
103.088 -108.41 419
102.374 -108.41 419
101.417 -108.152 418
100.704 -108.152 418
99.9916 -108.152 418
99.2791 -108.152 418
98.5665 -108.152 418
97.8539 -108.152 418
97.1413 -108.152 418
96.198 -107.893 417
95.4871 -107.893 417
94.549 -107.634 416
94.0654 -107.893 417
93.3545 -107.893 417
92.6436 -107.893 417
91.9327 -107.893 417
91.2219 -107.893 417
90.511 -107.893 417
89.8001 -107.893 417
89.0892 -107.893 417
88.3783 -107.893 417
87.6675 -107.893 417
299.355 -138.034 530
298.452 -138.034 530
296.987 -137.774 529
296.085 -137.774 529
295.183 -137.774 529
294.281 -137.774 529
293.38 -137.774 529
292.478 -137.774 529
291.576 -137.774 529
291.224 -138.034 530
290.32 -138.034 530
289.417 -138.034 530
288.513 -138.034 530
287.61 -138.034 530
286.706 -138.034 530
285.263 -137.774 529
284.361 -137.774 529
283.46 -137.774 529
282.558 -137.774 529
281.656 -137.774 529
280.754 -137.774 529
279.852 -137.774 529
278.951 -137.774 529
278.049 -137.774 529
277.671 -138.034 530
276.767 -138.034 530
275.864 -138.034 530
274.96 -138.034 530
274.057 -138.034 530
273.153 -138.034 530
272.25 -138.034 530
271.346 -138.034 530
270.953 -138.295 531
270.048 -138.295 531
269.143 -138.295 531
268.237 -138.295 531
267.836 -138.555 532
267.43 -138.816 533
266.522 -138.816 533
265.613 -138.816 533
265.201 -139.076 534
264.291 -139.076 534
263.38 -139.076 534
262.47 -139.076 534
261.56 -139.076 534
260.649 -139.076 534
259.253 -138.816 533
258.344 -138.816 533
257.435 -138.816 533
256.527 -138.816 533
254.659 -138.295 531
238.827 -132.044 507
237.963 -132.044 507
237.099 -132.044 507
235.769 -131.784 506
234.906 -131.784 506
234.043 -131.784 506
232.72 -131.523 505
231.4 -131.263 504
230.541 -131.263 504
229.226 -131.002 503
228.368 -131.002 503
227.059 -130.742 502
226.203 -130.742 502
225.347 -130.742 502
224.044 -130.481 501
222.744 -130.221 500
221.892 -130.221 500
221.04 -130.221 500
219.747 -129.96 499
218.458 -129.7 498
217.609 -129.7 498
216.76 -129.7 498
215.477 -129.44 497
214.198 -129.179 496
213.353 -129.179 496
212.507 -129.179 496
211.235 -128.919 495
209.966 -128.658 494
209.124 -128.658 494
208.281 -128.658 494
207.019 -128.398 493
205.761 -128.137 492
204.922 -128.137 492
204.083 -128.137 492
202.831 -127.877 491
201.583 -127.617 490
200.748 -127.617 490
199.912 -127.617 490
198.671 -127.356 489
197.433 -127.096 488
195.795 -126.575 486
194.966 -126.575 486
193.738 -126.314 485
192.116 -125.793 483
190.897 -125.533 482
190.075 -125.533 482
189.253 -125.533 482
188.041 -125.273 481
187.221 -125.273 481
186.013 -125.012 480
185.195 -125.012 480
184.377 -125.012 480
183.176 -124.752 479
181.598 -124.231 477
180.785 -124.231 477
179.217 -123.71 475
178.032 -123.449 474
177.224 -123.449 474
176.416 -123.449 474
175.237 -123.189 473
174.431 -123.189 473
173.624 -123.189 473
172.818 -123.189 473
171.648 -122.929 472
170.843 -122.929 472
170.039 -122.929 472
169.234 -122.929 472
168.429 -122.929 472
167.625 -122.929 472
166.467 -122.668 471
165.664 -122.668 471
164.861 -122.668 471
163.71 -122.408 470
162.908 -122.408 470
162.107 -122.408 470
161.306 -122.408 470
159.48 -121.626 467
158.004 -121.105 465
156.874 -120.845 464
156.083 -120.845 464
143.827 -116.678 448
143.063 -116.678 448
142.299 -116.678 448
141.536 -116.678 448
140.458 -116.418 447
139.696 -116.418 447
138.312 -115.897 445
137.244 -115.636 444
136.18 -115.376 443
135.425 -115.376 443
134.062 -114.855 441
133.008 -114.594 440
131.957 -114.334 439
131.209 -114.334 439
130.46 -114.334 439
129.416 -114.074 438
128.67 -114.074 438
127.339 -113.553 436
126.596 -113.553 436
125.275 -113.032 434
124.248 -112.771 433
123.51 -112.771 433
122.772 -112.771 433
121.752 -112.511 432
121.015 -112.511 432
120.001 -112.25 431
119.266 -112.25 431
117.981 -111.73 429
116.976 -111.469 428
115.975 -111.209 427
114.977 -110.948 426
114.251 -110.948 426
113.525 -110.948 426
112.534 -110.688 425
111.809 -110.688 425
111.085 -110.688 425
109.841 -110.167 423
109.12 -110.167 423
108.143 -109.906 422
107.423 -109.906 422
106.451 -109.646 421
105.482 -109.386 420
104.517 -109.125 419
103.802 -109.125 419
103.088 -109.125 419
102.129 -108.865 418
101.417 -108.865 418
100.704 -108.865 418
99.9916 -108.865 418
99.2791 -108.865 418
98.5665 -108.865 418
97.8539 -108.865 418
97.1413 -108.865 418
96.198 -108.604 417
95.4871 -108.604 417
94.7763 -108.604 417
94.0654 -108.604 417
93.3545 -108.604 417
92.6436 -108.604 417
91.9327 -108.604 417
91.2219 -108.604 417
90.511 -108.604 417
89.8001 -108.604 417
89.0892 -108.604 417
88.3783 -108.604 417
87.6675 -108.604 417
298.79 -138.676 529
297.889 -138.676 529
296.987 -138.676 529
296.085 -138.676 529
294.625 -138.414 528
293.725 -138.414 528
292.825 -138.414 528
292.478 -138.676 529
291.576 -138.676 529
290.674 -138.676 529
289.772 -138.676 529
288.871 -138.676 529
287.969 -138.676 529
287.067 -138.676 529
286.165 -138.676 529
285.263 -138.676 529
284.361 -138.676 529
283.46 -138.676 529
282.558 -138.676 529
281.656 -138.676 529
280.754 -138.676 529
279.852 -138.676 529
278.951 -138.676 529
278.049 -138.676 529
277.147 -138.676 529
276.767 -138.938 530
275.864 -138.938 530
274.96 -138.938 530
274.057 -138.938 530
273.153 -138.938 530
272.25 -138.938 530
271.346 -138.938 530
270.443 -138.938 530
270.048 -139.201 531
269.143 -139.201 531
268.237 -139.201 531
267.332 -139.201 531
266.929 -139.463 532
266.022 -139.463 532
265.613 -139.725 533
264.704 -139.725 533
263.796 -139.725 533
262.887 -139.725 533
261.979 -139.725 533
261.07 -139.725 533
260.161 -139.725 533
259.253 -139.725 533
257.859 -139.463 532
256.952 -139.463 532
256.046 -139.463 532
238.827 -132.909 507
237.963 -132.909 507
237.099 -132.909 507
235.769 -132.647 506
234.906 -132.647 506
234.043 -132.647 506
232.72 -132.385 505
231.4 -132.123 504
230.541 -132.123 504
229.226 -131.86 503
228.368 -131.86 503
227.059 -131.598 502
226.203 -131.598 502
225.347 -131.598 502
224.044 -131.336 501
222.744 -131.074 500
221.892 -131.074 500
221.04 -131.074 500
219.747 -130.812 499
218.458 -130.55 498
217.609 -130.55 498
216.76 -130.55 498
215.477 -130.288 497
214.198 -130.025 496
213.353 -130.025 496
212.507 -130.025 496
211.235 -129.763 495
209.966 -129.501 494
209.124 -129.501 494
207.86 -129.239 493
206.6 -128.977 492
205.761 -128.977 492
204.506 -128.715 491
203.668 -128.715 491
202.831 -128.715 491
201.583 -128.452 490
200.338 -128.19 489
199.504 -128.19 489
198.671 -128.19 489
197.028 -127.666 487
195.392 -127.142 485
194.565 -127.142 485
193.339 -126.88 484
192.116 -126.617 483
190.897 -126.355 482
190.075 -126.355 482
188.861 -126.093 481
188.041 -126.093 481
186.831 -125.831 480
186.013 -125.831 480
185.195 -125.831 480
183.993 -125.569 479
182.411 -125.045 477
180.837 -124.52 475
180.027 -124.52 475
178.84 -124.258 474
177.656 -123.996 473
176.85 -123.996 473
176.043 -123.996 473
174.867 -123.734 472
174.062 -123.734 472
172.89 -123.472 471
172.087 -123.472 471
171.284 -123.472 471
170.119 -123.21 470
169.318 -123.21 470
168.517 -123.21 470
167.716 -123.21 470
166.915 -123.21 470
166.113 -123.21 470
165.312 -123.21 470
164.161 -122.947 469
163.361 -122.947 469
162.215 -122.685 468
161.072 -122.423 467
160.276 -122.423 467
159.139 -122.161 466
157.665 -121.637 464
156.874 -121.637 464
156.083 -121.637 464
143.827 -117.442 448
143.063 -117.442 448
142.299 -117.442 448
141.22 -117.18 447
140.458 -117.18 447
139.696 -117.18 447
138.312 -116.656 445
137.244 -116.394 444
136.18 -116.132 443
135.425 -116.132 443
134.062 -115.607 441
133.008 -115.345 440
131.957 -115.083 439
131.209 -115.083 439
130.46 -115.083 439
129.416 -114.821 438
128.376 -114.559 437
127.047 -114.034 435
126.305 -114.034 435
125.275 -113.772 434
124.248 -113.51 433
123.225 -113.248 432
122.488 -113.248 432
121.752 -113.248 432
120.735 -112.986 431
120.001 -112.986 431
119.266 -112.986 431
117.981 -112.461 429
116.976 -112.199 428
115.975 -111.937 427
114.977 -111.675 426
114.251 -111.675 426
113.525 -111.675 426
112.534 -111.413 425
111.809 -111.413 425
111.085 -111.413 425
109.841 -110.889 423
109.12 -110.889 423
108.143 -110.626 422
107.423 -110.626 422
106.451 -110.364 421
105.482 -110.102 420
104.517 -109.84 419
103.802 -109.84 419
103.088 -109.84 419
102.129 -109.578 418
101.417 -109.578 418
100.704 -109.578 418
99.9916 -109.578 418
99.2791 -109.578 418
98.5665 -109.578 418
97.8539 -109.578 418
97.1413 -109.578 418
96.198 -109.316 417
95.4871 -109.316 417
94.7763 -109.316 417
94.0654 -109.316 417
93.3545 -109.316 417
92.6436 -109.316 417
91.9327 -109.316 417
91.2219 -109.316 417
90.511 -109.316 417
89.8001 -109.316 417
89.0892 -109.316 417
88.3783 -109.316 417
87.6675 -109.316 417
298.79 -139.579 529
297.889 -139.579 529
296.425 -139.315 528
295.525 -139.315 528
294.625 -139.315 528
293.725 -139.315 528
292.825 -139.315 528
291.925 -139.315 528
291.025 -139.315 528
290.125 -139.315 528
289.225 -139.315 528
288.324 -139.315 528
287.424 -139.315 528
287.067 -139.579 529
286.165 -139.579 529
285.263 -139.579 529
284.361 -139.579 529
283.46 -139.579 529
282.558 -139.579 529
281.656 -139.579 529
280.754 -139.579 529
279.852 -139.579 529
278.951 -139.579 529
278.049 -139.579 529
277.147 -139.579 529
276.245 -139.579 529
275.343 -139.579 529
274.442 -139.579 529
273.54 -139.579 529
273.153 -139.843 530
272.25 -139.843 530
271.346 -139.843 530
270.443 -139.843 530
270.048 -140.107 531
269.143 -140.107 531
268.237 -140.107 531
267.332 -140.107 531
266.929 -140.37 532
266.022 -140.37 532
265.613 -140.634 533
264.704 -140.634 533
263.796 -140.634 533
262.887 -140.634 533
261.979 -140.634 533
261.07 -140.634 533
260.161 -140.634 533
259.253 -140.634 533
257.859 -140.37 532
256.952 -140.37 532
256.046 -140.37 532
236.164 -133.246 505
235.303 -133.246 505
234.442 -133.246 505
233.581 -133.246 505
231.798 -132.719 503
230.941 -132.719 503
230.083 -132.719 503
228.77 -132.455 502
227.914 -132.455 502
226.606 -132.191 501
225.752 -132.191 501
224.898 -132.191 501
223.597 -131.927 500
222.744 -131.927 500
221.892 -131.927 500
220.598 -131.663 499
219.307 -131.399 498
218.458 -131.399 498
217.609 -131.399 498
216.324 -131.135 497
215.044 -130.872 496
214.198 -130.872 496
213.353 -130.872 496
212.079 -130.608 495
211.235 -130.608 495
209.966 -130.344 494
209.124 -130.344 494
207.86 -130.08 493
206.6 -129.816 492
205.761 -129.816 492
204.506 -129.552 491
203.668 -129.552 491
202.831 -129.552 491
201.583 -129.288 490
200.338 -129.025 489
199.504 -129.025 489
198.671 -129.025 489
197.028 -128.497 487
195.392 -127.969 485
194.565 -127.969 485
193.339 -127.705 484
192.116 -127.442 483
190.897 -127.178 482
190.075 -127.178 482
188.861 -126.914 481
188.041 -126.914 481
186.831 -126.65 480
186.013 -126.65 480
185.195 -126.65 480
183.993 -126.386 479
182.411 -125.858 477
180.837 -125.331 475
180.027 -125.331 475
178.84 -125.067 474
177.656 -124.803 473
176.476 -124.539 472
175.671 -124.539 472
174.496 -124.275 471
173.324 -124.011 470
172.156 -123.748 469
171.357 -123.748 469
170.557 -123.748 469
169.034 -123.22 467
168.237 -123.22 467
167.441 -123.22 467
166.645 -123.22 467
165.849 -123.22 467
165.406 -123.484 468
164.609 -123.484 468
163.811 -123.484 468
162.665 -123.22 467
161.869 -123.22 467
160.727 -122.956 466
159.933 -122.956 466
158.797 -122.692 465
157.665 -122.428 464
156.536 -122.164 463
155.746 -122.164 463
143.506 -117.943 447
142.744 -117.943 447
141.982 -117.943 447
141.22 -117.943 447
139.829 -117.415 445
139.071 -117.415 445
138.001 -117.151 444
136.935 -116.887 443
135.565 -116.36 441
134.814 -116.36 441
133.758 -116.096 440
132.705 -115.832 439
131.957 -115.832 439
131.209 -115.832 439
130.46 -115.832 439
129.121 -115.304 437
128.082 -115.04 436
126.755 -114.513 434
126.015 -114.513 434
124.986 -114.249 433
124.248 -114.249 433
123.225 -113.985 432
122.488 -113.985 432
121.47 -113.721 431
120.735 -113.721 431
119.722 -113.457 430
118.989 -113.457 430
117.706 -112.93 428
116.703 -112.666 427
115.704 -112.402 426
114.977 -112.402 426
114.251 -112.402 426
113.258 -112.138 425
112.534 -112.138 425
111.283 -111.61 423
110.562 -111.61 423
109.581 -111.346 422
108.604 -111.083 421
107.886 -111.083 421
107.169 -111.083 421
106.198 -110.819 420
105.231 -110.555 419
104.517 -110.555 419
103.802 -110.555 419
103.088 -110.555 419
102.129 -110.291 418
101.417 -110.291 418
100.704 -110.291 418
99.9916 -110.291 418
99.2791 -110.291 418
98.5665 -110.291 418
97.8539 -110.291 418
97.1413 -110.291 418
96.198 -110.027 417
95.4871 -110.027 417
94.7763 -110.027 417
94.0654 -110.027 417
93.3545 -110.027 417
92.6436 -110.027 417
91.9327 -110.027 417
91.2219 -110.027 417
90.511 -110.027 417
89.8001 -110.027 417
89.0892 -110.027 417
88.3783 -110.027 417
87.6675 -110.027 417
298.79 -140.481 529
297.889 -140.481 529
296.425 -140.216 528
295.525 -140.216 528
294.625 -140.216 528
293.725 -140.216 528
292.825 -140.216 528
291.925 -140.216 528
291.025 -140.216 528
290.125 -140.216 528
289.225 -140.216 528
288.324 -140.216 528
287.424 -140.216 528
287.067 -140.481 529
286.165 -140.481 529
285.263 -140.481 529
284.361 -140.481 529
283.46 -140.481 529
282.558 -140.481 529
281.656 -140.481 529
280.754 -140.481 529
279.852 -140.481 529
278.951 -140.481 529
278.049 -140.481 529
277.147 -140.481 529
276.245 -140.481 529
275.343 -140.481 529
274.442 -140.481 529
273.54 -140.481 529
272.638 -140.481 529
271.736 -140.481 529
271.346 -140.747 530
270.443 -140.747 530
269.539 -140.747 530
268.636 -140.747 530
268.237 -141.012 531
267.332 -141.012 531
266.929 -141.278 532
266.022 -141.278 532
265.613 -141.544 533
264.704 -141.544 533
263.796 -141.544 533
262.887 -141.544 533
261.979 -141.544 533
261.07 -141.544 533
260.161 -141.544 533
259.253 -141.544 533
257.859 -141.278 532
256.952 -141.278 532
256.046 -141.278 532
235.696 -133.842 504
234.837 -133.842 504
233.978 -133.842 504
233.118 -133.842 504
231.798 -133.577 503
230.482 -133.311 502
229.626 -133.311 502
228.77 -133.311 502
227.46 -133.046 501
226.606 -133.046 501
225.752 -133.046 501
224.449 -132.78 500
223.597 -132.78 500
222.299 -132.515 499
221.448 -132.515 499
220.598 -132.515 499
219.307 -132.249 498
218.019 -131.983 497
217.172 -131.983 497
216.324 -131.983 497
215.044 -131.718 496
213.766 -131.452 495
212.922 -131.452 495
212.079 -131.452 495
211.235 -131.452 495
209.966 -131.187 494
209.124 -131.187 494
207.86 -130.921 493
206.6 -130.656 492
205.761 -130.656 492
204.506 -130.39 491
203.668 -130.39 491
202.831 -130.39 491
201.583 -130.124 490
200.338 -129.859 489
199.504 -129.859 489
198.264 -129.593 488
196.623 -129.062 486
194.989 -128.531 484
194.164 -128.531 484
193.339 -128.531 484
192.116 -128.266 483
190.897 -128 482
190.075 -128 482
188.861 -127.734 481
187.65 -127.469 480
186.831 -127.469 480
185.626 -127.203 479
184.809 -127.203 479
183.608 -126.938 478
182.029 -126.407 476
180.456 -125.876 474
179.648 -125.876 474
178.84 -125.876 474
177.656 -125.61 473
176.476 -125.344 472
175.671 -125.344 472
174.496 -125.079 471
173.324 -124.813 470
172.156 -124.548 469
171.357 -124.548 469
170.557 -124.548 469
169.034 -124.017 467
168.237 -124.017 467
167.441 -124.017 467
166.645 -124.017 467
165.849 -124.017 467
165.406 -124.282 468
164.609 -124.282 468
163.811 -124.282 468
162.665 -124.017 467
161.869 -124.017 467
160.727 -123.751 466
159.933 -123.751 466
158.797 -123.485 465
157.665 -123.22 464
156.536 -122.954 463
155.746 -122.954 463
142.009 -116.846 440
142.222 -117.643 443
141.467 -117.643 443
140.711 -117.643 443
139.956 -117.643 443
138.887 -117.378 442
138.133 -117.378 442
137.069 -117.112 441
136.317 -117.112 441
135.258 -116.846 440
134.508 -116.846 440
133.454 -116.581 439
132.705 -116.581 439
131.656 -116.315 438
130.91 -116.315 438
130.163 -116.315 438
128.825 -115.784 436
127.788 -115.519 435
126.755 -115.253 434
126.015 -115.253 434
124.986 -114.988 433
123.961 -114.722 432
122.94 -114.456 431
122.205 -114.456 431
121.47 -114.456 431
120.455 -114.191 430
119.165 -113.66 428
118.436 -113.66 428
117.431 -113.394 427
116.43 -113.129 426
115.704 -113.129 426
114.707 -112.863 425
113.983 -112.863 425
113.258 -112.863 425
112.004 -112.332 423
111.02 -112.066 422
110.301 -112.066 422
109.322 -111.801 421
108.346 -111.535 420
107.63 -111.535 420
106.914 -111.535 420
105.945 -111.27 419
105.231 -111.27 419
104.517 -111.27 419
103.802 -111.27 419
102.842 -111.004 418
102.129 -111.004 418
101.417 -111.004 418
100.704 -111.004 418
99.9916 -111.004 418
99.2791 -111.004 418
98.5665 -111.004 418
97.8539 -111.004 418
97.1413 -111.004 418
96.198 -110.739 417
95.4871 -110.739 417
94.7763 -110.739 417
94.0654 -110.739 417
93.3545 -110.739 417
92.6436 -110.739 417
91.9327 -110.739 417
91.2219 -110.739 417
90.511 -110.739 417
89.8001 -110.739 417
89.0892 -110.739 417
88.3783 -110.739 417
87.6675 -110.739 417
298.226 -141.117 528
297.326 -141.117 528
296.425 -141.117 528
294.966 -140.849 527
294.067 -140.849 527
293.169 -140.849 527
292.27 -140.849 527
291.372 -140.849 527
290.474 -140.849 527
290.125 -141.117 528
289.225 -141.117 528
288.324 -141.117 528
287.424 -141.117 528
286.524 -141.117 528
285.624 -141.117 528
284.724 -141.117 528
283.824 -141.117 528
282.924 -141.117 528
282.024 -141.117 528
281.124 -141.117 528
280.223 -141.117 528
279.323 -141.117 528
278.423 -141.117 528
278.049 -141.384 529
277.147 -141.384 529
276.245 -141.384 529
275.343 -141.384 529
274.442 -141.384 529
273.54 -141.384 529
272.638 -141.384 529
271.736 -141.384 529
271.346 -141.651 530
270.443 -141.651 530
269.539 -141.651 530
268.636 -141.651 530
268.237 -141.918 531
267.332 -141.918 531
266.929 -142.186 532
266.022 -142.186 532
265.613 -142.453 533
264.704 -142.453 533
263.796 -142.453 533
262.887 -142.453 533
261.979 -142.453 533
261.07 -142.453 533
260.161 -142.453 533
259.253 -142.453 533
257.859 -142.186 532
256.952 -142.186 532
256.046 -142.186 532
235.696 -134.702 504
234.837 -134.702 504
233.978 -134.702 504
233.118 -134.702 504
231.798 -134.435 503
230.482 -134.168 502
229.626 -134.168 502
228.77 -134.168 502
227.46 -133.9 501
226.606 -133.9 501
225.752 -133.9 501
224.449 -133.633 500
223.597 -133.633 500
222.299 -133.366 499
221.448 -133.366 499
220.598 -133.366 499
219.307 -133.099 498
218.019 -132.831 497
217.172 -132.831 497
215.889 -132.564 496
214.61 -132.297 495
213.766 -132.297 495
212.922 -132.297 495
212.079 -132.297 495
210.808 -132.03 494
209.541 -131.762 493
208.277 -131.495 492
207.438 -131.495 492
206.6 -131.495 492
205.343 -131.228 491
204.506 -131.228 491
203.668 -131.228 491
202.418 -130.96 490
201.172 -130.693 489
199.928 -130.426 488
199.096 -130.426 488
197.858 -130.159 487
196.623 -129.891 486
194.989 -129.357 484
194.164 -129.357 484
192.94 -129.09 483
191.718 -128.822 482
190.897 -128.822 482
190.075 -128.822 482
188.861 -128.555 481
187.65 -128.288 480
186.442 -128.021 479
185.238 -127.753 478
184.423 -127.753 478
183.224 -127.486 477
182.029 -127.219 476
180.456 -126.684 474
179.648 -126.684 474
178.462 -126.417 473
177.28 -126.15 472
176.102 -125.882 471
175.299 -125.882 471
174.126 -125.615 470
172.956 -125.348 469
171.789 -125.081 468
170.626 -124.813 467
169.83 -124.813 467
168.672 -124.546 466
167.877 -124.546 466
167.083 -124.546 466
166.645 -124.813 467
165.849 -124.813 467
165.053 -124.813 467
164.257 -124.813 467
163.461 -124.813 467
162.665 -124.813 467
161.522 -124.546 466
160.383 -124.279 465
159.59 -124.279 465
158.797 -124.279 465
157.665 -124.012 464
142.009 -117.597 440
142.222 -118.399 443
141.467 -118.399 443
140.711 -118.399 443
139.956 -118.399 443
138.887 -118.132 442
138.133 -118.132 442
137.069 -117.864 441
136.317 -117.864 441
135.258 -117.597 440
134.508 -117.597 440
133.454 -117.33 439
132.705 -117.33 439
131.656 -117.063 438
130.91 -117.063 438
130.163 -117.063 438
128.825 -116.528 436
127.788 -116.261 435
126.755 -115.994 434
126.015 -115.994 434
124.986 -115.726 433
123.961 -115.459 432
122.94 -115.192 431
122.205 -115.192 431
121.47 -115.192 431
120.455 -114.924 430
119.165 -114.39 428
118.436 -114.39 428
117.431 -114.123 427
116.43 -113.855 426
115.432 -113.588 425
114.707 -113.588 425
113.983 -113.588 425
112.992 -113.321 424
112.004 -113.054 423
111.02 -112.786 422
110.301 -112.786 422
109.062 -112.252 420
108.346 -112.252 420
107.374 -111.985 419
106.659 -111.985 419
105.945 -111.985 419
105.231 -111.985 419
104.517 -111.985 419
103.802 -111.985 419
103.088 -111.985 419
102.129 -111.717 418
101.417 -111.717 418
100.704 -111.717 418
99.9916 -111.717 418
99.2791 -111.717 418
98.5665 -111.717 418
97.8539 -111.717 418
97.1413 -111.717 418
96.198 -111.45 417
95.4871 -111.45 417
94.7763 -111.45 417
94.0654 -111.45 417
93.3545 -111.45 417
92.6436 -111.45 417
91.9327 -111.45 417
91.2219 -111.45 417
90.511 -111.45 417
89.8001 -111.45 417
89.0892 -111.45 417
88.3783 -111.45 417
87.6675 -111.45 417
298.226 -142.017 528
297.326 -142.017 528
295.864 -141.748 527
294.966 -141.748 527
294.067 -141.748 527
293.169 -141.748 527
292.27 -141.748 527
291.372 -141.748 527
290.474 -141.748 527
289.575 -141.748 527
288.677 -141.748 527
287.778 -141.748 527
286.88 -141.748 527
286.524 -142.017 528
285.624 -142.017 528
284.724 -142.017 528
283.824 -142.017 528
282.924 -142.017 528
282.024 -142.017 528
281.124 -142.017 528
280.223 -142.017 528
279.323 -142.017 528
278.423 -142.017 528
277.523 -142.017 528
276.623 -142.017 528
276.245 -142.286 529
275.343 -142.286 529
274.442 -142.286 529
273.54 -142.286 529
272.638 -142.286 529
271.736 -142.286 529
270.834 -142.286 529
270.443 -142.555 530
269.539 -142.555 530
268.636 -142.555 530
267.732 -142.555 530
267.332 -142.824 531
266.427 -142.824 531
265.522 -142.824 531
265.115 -143.093 532
264.208 -143.093 532
263.301 -143.093 532
262.394 -143.093 532
261.487 -143.093 532
261.07 -143.362 533
260.161 -143.362 533
259.253 -143.362 533
257.859 -143.093 532
256.952 -143.093 532
256.046 -143.093 532
235.696 -135.562 504
234.837 -135.562 504
233.978 -135.562 504
233.118 -135.562 504
231.798 -135.293 503
230.482 -135.024 502
229.626 -135.024 502
228.77 -135.024 502
227.46 -134.755 501
226.606 -134.755 501
225.752 -134.755 501
224.449 -134.486 500
223.597 -134.486 500
222.299 -134.217 499
221.448 -134.217 499
220.598 -134.217 499
219.307 -133.948 498
218.019 -133.679 497
217.172 -133.679 497
215.889 -133.41 496
214.61 -133.141 495
213.766 -133.141 495
212.922 -133.141 495
212.079 -133.141 495
210.808 -132.872 494
209.541 -132.603 493
207.854 -132.065 491
207.017 -132.065 491
206.18 -132.065 491
205.343 -132.065 491
204.089 -131.796 490
203.254 -131.796 490
202.005 -131.527 489
200.76 -131.259 488
199.519 -130.99 487
198.688 -130.99 487
197.452 -130.721 486
196.219 -130.452 485
194.989 -130.183 484
194.164 -130.183 484
192.94 -129.914 483
191.718 -129.645 482
190.897 -129.645 482
190.075 -129.645 482
188.861 -129.376 481
187.65 -129.107 480
186.442 -128.838 479
184.851 -128.3 477
184.037 -128.3 477
182.84 -128.031 476
181.646 -127.762 475
180.075 -127.224 473
179.269 -127.224 473
178.085 -126.955 472
176.905 -126.686 471
175.728 -126.417 470
174.927 -126.417 470
173.755 -126.148 469
172.587 -125.879 468
171.055 -125.341 466
170.26 -125.341 466
169.466 -125.341 466
168.31 -125.072 465
167.517 -125.072 465
166.724 -125.072 465
165.932 -125.072 465
165.139 -125.072 465
164.7 -125.341 466
163.905 -125.341 466
163.111 -125.341 466
162.316 -125.341 466
161.175 -125.072 465
160.383 -125.072 465
159.59 -125.072 465
158.456 -124.803 464
142.009 -118.348 440
141.58 -118.617 441
140.828 -118.617 441
140.076 -118.617 441
139.324 -118.617 441
138.572 -118.617 441
137.821 -118.617 441
137.069 -118.617 441
136.008 -118.348 440
135.258 -118.348 440
134.508 -118.348 440
133.454 -118.079 439
132.403 -117.81 438
131.656 -117.81 438
130.91 -117.81 438
129.866 -117.541 437
128.825 -117.272 436
127.788 -117.003 435
126.755 -116.734 434
126.015 -116.734 434
124.986 -116.465 433
123.674 -115.927 431
122.94 -115.927 431
122.205 -115.927 431
121.188 -115.658 430
120.175 -115.389 429
119.165 -115.12 428
118.436 -115.12 428
117.431 -114.851 427
116.43 -114.582 426
115.432 -114.313 425
114.707 -114.313 425
113.983 -114.313 425
112.992 -114.044 424
112.004 -113.775 423
111.02 -113.506 422
110.301 -113.506 422
109.062 -112.968 420
108.346 -112.968 420
107.374 -112.699 419
106.659 -112.699 419
105.945 -112.699 419
105.231 -112.699 419
104.517 -112.699 419
103.802 -112.699 419
103.088 -112.699 419
102.129 -112.43 418
101.417 -112.43 418
100.704 -112.43 418
99.9916 -112.43 418
99.2791 -112.43 418
98.5665 -112.43 418
97.8539 -112.43 418
97.1413 -112.43 418
96.198 -112.161 417
95.4871 -112.161 417
94.7763 -112.161 417
94.0654 -112.161 417
93.3545 -112.161 417
92.6436 -112.161 417
91.9327 -112.161 417
91.2219 -112.161 417
90.2939 -111.893 416
89.5848 -111.893 416
89.0892 -112.161 417
88.3783 -112.161 417
87.6675 -112.161 417
297.096 -142.377 526
296.199 -142.377 526
294.741 -142.106 525
293.286 -141.836 524
292.951 -142.106 525
292.056 -142.106 525
291.161 -142.106 525
290.266 -142.106 525
289.371 -142.106 525
289.026 -142.377 526
288.129 -142.377 526
287.232 -142.377 526
286.336 -142.377 526
285.982 -142.648 527
285.083 -142.648 527
284.185 -142.648 527
283.286 -142.648 527
282.388 -142.648 527
281.49 -142.648 527
280.591 -142.648 527
279.693 -142.648 527
278.794 -142.648 527
277.896 -142.648 527
277.523 -142.918 528
276.623 -142.918 528
275.723 -142.918 528
274.823 -142.918 528
273.923 -142.918 528
273.023 -142.918 528
272.638 -143.189 529
271.736 -143.189 529
270.834 -143.189 529
269.932 -143.189 529
269.539 -143.46 530
268.636 -143.46 530
267.732 -143.46 530
266.829 -143.46 530
266.427 -143.73 531
265.522 -143.73 531
264.616 -143.73 531
263.711 -143.73 531
262.806 -143.73 531
262.394 -144.001 532
261.487 -144.001 532
260.58 -144.001 532
259.673 -144.001 532
259.739 -144.542 534
258.829 -144.542 534
257.918 -144.542 534
257.008 -144.542 534
235.696 -136.422 504
234.837 -136.422 504
233.978 -136.422 504
233.118 -136.422 504
231.798 -136.151 503
230.482 -135.881 502
229.626 -135.881 502
228.314 -135.61 501
227.46 -135.61 501
226.606 -135.61 501
225.752 -135.61 501
224.449 -135.339 500
223.597 -135.339 500
222.299 -135.069 499
221.448 -135.069 499
220.156 -134.798 498
218.866 -134.527 497
217.142 -133.986 495
216.298 -133.986 495
215.019 -133.715 494
214.176 -133.715 494
212.903 -133.445 493
212.062 -133.445 493
211.222 -133.445 493
210.381 -133.445 493
209.116 -133.174 492
207.854 -132.903 491
207.017 -132.903 491
206.18 -132.903 491
205.343 -132.903 491
204.089 -132.632 490
203.254 -132.632 490
202.005 -132.362 489
200.76 -132.091 488
199.519 -131.82 487
198.688 -131.82 487
197.452 -131.55 486
196.219 -131.279 485
194.989 -131.008 484
194.164 -131.008 484
192.94 -130.738 483
191.718 -130.467 482
190.897 -130.467 482
190.075 -130.467 482
188.861 -130.196 481
187.65 -129.926 480
186.442 -129.655 479
184.851 -129.114 477
184.037 -129.114 477
182.84 -128.843 476
181.646 -128.572 475
180.075 -128.031 473
179.269 -128.031 473
178.085 -127.76 472
176.905 -127.49 471
175.728 -127.219 470
174.927 -127.219 470
173.014 -126.407 467
171.849 -126.136 466
170.688 -125.865 465
169.53 -125.595 464
168.739 -125.595 464
167.948 -125.595 464
167.157 -125.595 464
166.366 -125.595 464
165.575 -125.595 464
164.784 -125.595 464
163.993 -125.595 464
163.202 -125.595 464
162.411 -125.595 464
161.62 -125.595 464
160.829 -125.595 464
159.693 -125.324 463
158.903 -125.324 463
157.773 -125.053 462
143.509 -119.099 440
142.759 -119.099 440
142.009 -119.099 440
141.259 -119.099 440
140.828 -119.369 441
140.076 -119.369 441
139.324 -119.369 441
138.572 -119.369 441
137.821 -119.369 441
136.758 -119.099 440
136.008 -119.099 440
134.951 -118.828 439
134.202 -118.828 439
133.15 -118.557 438
132.101 -118.286 437
131.356 -118.286 437
130.312 -118.016 436
129.569 -118.016 436
128.53 -117.745 435
127.495 -117.474 434
126.463 -117.204 433
125.725 -117.204 433
124.698 -116.933 432
123.674 -116.662 431
122.654 -116.392 430
121.921 -116.392 430
120.906 -116.121 429
119.895 -115.85 428
118.887 -115.58 427
117.882 -115.309 426
117.156 -115.309 426
116.43 -115.309 426
115.432 -115.038 425
114.707 -115.038 425
113.983 -115.038 425
112.992 -114.768 424
112.004 -114.497 423
111.02 -114.226 422
110.301 -114.226 422
109.062 -113.685 420
108.088 -113.414 419
107.374 -113.414 419
106.659 -113.414 419
105.945 -113.414 419
105.231 -113.414 419
104.517 -113.414 419
103.802 -113.414 419
103.088 -113.414 419
102.129 -113.144 418
101.417 -113.144 418
100.704 -113.144 418
99.9916 -113.144 418
99.2791 -113.144 418
98.5665 -113.144 418
97.8539 -113.144 418
97.1413 -113.144 418
96.198 -112.873 417
95.4871 -112.873 417
94.7763 -112.873 417
94.0654 -112.873 417
93.3545 -112.873 417
92.6436 -112.873 417
91.9327 -112.873 417
91.2219 -112.873 417
90.2939 -112.602 416
89.5848 -112.602 416
89.0892 -112.873 417
88.3783 -112.873 417
87.6675 -112.873 417
297.096 -143.274 526
296.199 -143.274 526
294.741 -143.002 525
293.286 -142.73 524
292.951 -143.002 525
292.056 -143.002 525
291.161 -143.002 525
290.266 -143.002 525
289.371 -143.002 525
289.026 -143.274 526
288.129 -143.274 526
287.232 -143.274 526
286.336 -143.274 526
285.982 -143.547 527
285.083 -143.547 527
284.185 -143.547 527
283.286 -143.547 527
282.388 -143.547 527
281.49 -143.547 527
280.591 -143.547 527
279.693 -143.547 527
278.794 -143.547 527
277.896 -143.547 527
277.523 -143.819 528
276.623 -143.819 528
275.723 -143.819 528
274.823 -143.819 528
273.923 -143.819 528
273.023 -143.819 528
272.123 -143.819 528
271.222 -143.819 528
270.834 -144.091 529
269.932 -144.091 529
269.539 -144.364 530
268.636 -144.364 530
267.732 -144.364 530
266.829 -144.364 530
265.925 -144.364 530
265.022 -144.364 530
264.616 -144.636 531
263.711 -144.636 531
262.806 -144.636 531
261.901 -144.636 531
260.996 -144.636 531
260.09 -144.636 531
259.185 -144.636 531
259.739 -145.453 534
258.829 -145.453 534
257.918 -145.453 534
257.008 -145.453 534
235.696 -137.282 504
234.837 -137.282 504
233.978 -137.282 504
232.656 -137.009 503
231.337 -136.737 502
230.023 -136.465 501
229.169 -136.465 501
228.314 -136.465 501
227.006 -136.192 500
226.154 -136.192 500
225.302 -136.192 500
224.449 -136.192 500
223.15 -135.92 499
221.853 -135.648 498
221.005 -135.648 498
219.713 -135.375 497
217.985 -134.83 495
216.703 -134.558 494
215.861 -134.558 494
214.583 -134.286 493
213.743 -134.286 493
212.471 -134.013 492
211.632 -134.013 492
210.793 -134.013 492
209.954 -134.013 492
208.691 -133.741 491
207.854 -133.741 491
207.017 -133.741 491
205.76 -133.468 490
204.924 -133.468 490
203.673 -133.196 489
202.839 -133.196 489
201.592 -132.924 488
200.349 -132.651 487
199.109 -132.379 486
198.28 -132.379 486
197.046 -132.107 485
195.814 -131.834 484
194.586 -131.562 483
193.763 -131.562 483
192.54 -131.289 482
191.718 -131.289 482
190.501 -131.017 481
189.681 -131.017 481
188.468 -130.745 480
187.259 -130.472 479
185.664 -129.927 477
184.463 -129.655 476
183.652 -129.655 476
182.456 -129.383 475
181.264 -129.11 474
179.694 -128.566 472
178.89 -128.566 472
177.708 -128.293 471
176.529 -128.021 470
175.354 -127.748 469
174.555 -127.748 469
173.014 -127.204 467
171.849 -126.931 466
170.688 -126.659 465
169.53 -126.386 464
168.739 -126.386 464
167.948 -126.386 464
167.157 -126.386 464
166.366 -126.386 464
165.575 -126.386 464
164.784 -126.386 464
163.993 -126.386 464
163.202 -126.386 464
162.411 -126.386 464
161.62 -126.386 464
160.829 -126.386 464
159.693 -126.114 463
158.903 -126.114 463
157.773 -125.842 462
155.286 -124.48 457
143.509 -119.849 440
142.759 -119.849 440
142.009 -119.849 440
141.259 -119.849 440
140.828 -120.122 441
140.076 -120.122 441
139.324 -120.122 441
138.572 -120.122 441
137.821 -120.122 441
136.758 -119.849 440
135.699 -119.577 439
134.643 -119.304 438
133.896 -119.304 438
132.238 -118.487 435
131.194 -118.215 434
130.454 -118.215 434
129.714 -118.215 434
128.974 -118.215 434
127.939 -117.943 433
127.201 -117.943 433
126.171 -117.67 432
125.434 -117.67 432
124.409 -117.398 431
123.387 -117.125 430
122.369 -116.853 429
121.638 -116.853 429
120.625 -116.581 428
119.895 -116.581 428
118.887 -116.308 427
117.882 -116.036 426
117.156 -116.036 426
116.43 -116.036 426
115.432 -115.763 425
114.707 -115.763 425
113.983 -115.763 425
112.992 -115.491 424
111.74 -114.946 422
110.757 -114.674 421
110.039 -114.674 421
109.062 -114.402 420
108.088 -114.129 419
107.374 -114.129 419
106.659 -114.129 419
105.945 -114.129 419
105.231 -114.129 419
104.517 -114.129 419
103.802 -114.129 419
103.088 -114.129 419
102.374 -114.129 419
101.417 -113.857 418
100.704 -113.857 418
99.9916 -113.857 418
99.2791 -113.857 418
98.5665 -113.857 418
97.8539 -113.857 418
97.1413 -113.857 418
96.198 -113.584 417
95.4871 -113.584 417
94.7763 -113.584 417
94.0654 -113.584 417
93.3545 -113.584 417
92.6436 -113.584 417
91.9327 -113.584 417
91.2219 -113.584 417
90.2939 -113.312 416
89.5848 -113.312 416
89.0892 -113.584 417
88.3783 -113.584 417
87.6675 -113.584 417
295.402 -143.349 523
294.51 -143.349 523
293.618 -143.349 523
292.167 -143.075 522
291.835 -143.349 523
290.944 -143.349 523
290.052 -143.349 523
289.16 -143.349 523
288.269 -143.349 523
287.927 -143.624 524
287.033 -143.624 524
286.14 -143.624 524
285.791 -143.898 525
285.439 -144.172 526
284.542 -144.172 526
283.646 -144.172 526
282.749 -144.172 526
281.852 -144.172 526
280.955 -144.172 526
280.059 -144.172 526
279.162 -144.172 526
278.265 -144.172 526
277.369 -144.172 526
276.998 -144.446 527
276.099 -144.446 527
275.723 -144.72 528
274.823 -144.72 528
273.923 -144.72 528
273.023 -144.72 528
272.123 -144.72 528
271.222 -144.72 528
270.834 -144.994 529
269.932 -144.994 529
269.539 -145.268 530
268.636 -145.268 530
267.732 -145.268 530
266.829 -145.268 530
265.925 -145.268 530
265.022 -145.268 530
264.616 -145.542 531
263.711 -145.542 531
262.806 -145.542 531
261.901 -145.542 531
260.996 -145.542 531
260.09 -145.542 531
259.185 -145.542 531
259.739 -146.364 534
258.829 -146.364 534
257.918 -146.364 534
257.008 -146.364 534
235.228 -137.868 503
234.371 -137.868 503
233.513 -137.868 503
232.193 -137.594 502
230.877 -137.319 501
230.023 -137.319 501
229.169 -137.319 501
227.859 -137.045 500
227.006 -137.045 500
225.702 -136.771 499
224.851 -136.771 499
224 -136.771 499
222.702 -136.497 498
221.408 -136.223 497
220.561 -136.223 497
219.271 -135.949 496
217.545 -135.401 494
216.264 -135.127 493
215.424 -135.127 493
214.148 -134.853 492
213.309 -134.853 492
212.471 -134.853 492
211.632 -134.853 492
210.365 -134.579 491
209.528 -134.579 491
208.691 -134.579 491
207.43 -134.304 490
206.595 -134.304 490
205.76 -134.304 490
204.506 -134.03 489
203.673 -134.03 489
202.839 -134.03 489
201.592 -133.756 488
200.349 -133.482 487
198.699 -132.934 485
197.872 -132.934 485
196.639 -132.66 484
195.41 -132.386 483
194.586 -132.386 483
193.763 -132.386 483
192.54 -132.112 482
191.321 -131.838 481
190.501 -131.838 481
189.681 -131.838 481
188.468 -131.564 480
186.868 -131.015 478
185.275 -130.467 476
184.076 -130.193 475
183.266 -130.193 475
182.072 -129.919 474
180.881 -129.645 473
179.314 -129.097 471
178.511 -129.097 471
177.331 -128.823 470
176.154 -128.549 469
174.606 -128 467
173.438 -127.726 466
172.644 -127.726 466
171.48 -127.452 465
170.321 -127.178 464
169.53 -127.178 464
168.739 -127.178 464
167.586 -126.904 463
166.796 -126.904 463
166.007 -126.904 463
165.218 -126.904 463
164.429 -126.904 463
163.639 -126.904 463
162.85 -126.904 463
162.061 -126.904 463
161.271 -126.904 463
160.482 -126.904 463
159.003 -126.356 461
158.217 -126.356 461
157.09 -126.082 460
155.286 -125.259 457
143.509 -120.6 440
142.759 -120.6 440
142.009 -120.6 440
141.259 -120.6 440
140.828 -120.874 441
140.076 -120.874 441
139.324 -120.874 441
138.572 -120.874 441
137.821 -120.874 441
136.758 -120.6 440
135.699 -120.326 439
134.643 -120.052 438
133.896 -120.052 438
132.238 -119.229 435
131.194 -118.955 434
130.454 -118.955 434
129.714 -118.955 434
128.974 -118.955 434
127.939 -118.681 433
127.201 -118.681 433
126.171 -118.407 432
125.434 -118.407 432
124.409 -118.133 431
123.387 -117.859 430
122.369 -117.585 429
121.638 -117.585 429
120.625 -117.311 428
119.895 -117.311 428
118.887 -117.037 427
117.882 -116.763 426
117.156 -116.763 426
116.43 -116.763 426
115.432 -116.489 425
114.707 -116.489 425
113.983 -116.489 425
112.725 -115.94 423
111.74 -115.666 422
110.757 -115.392 421
110.039 -115.392 421
109.062 -115.118 420
108.088 -114.844 419
107.374 -114.844 419
106.659 -114.844 419
105.945 -114.844 419
105.231 -114.844 419
104.517 -114.844 419
103.802 -114.844 419
103.088 -114.844 419
102.374 -114.844 419
101.417 -114.57 418
100.704 -114.57 418
99.9916 -114.57 418
99.2791 -114.57 418
98.5665 -114.57 418
97.8539 -114.57 418
97.1413 -114.57 418
96.198 -114.296 417
95.4871 -114.296 417
94.7763 -114.296 417
94.0654 -114.296 417
93.1306 -114.022 416
92.6436 -114.296 417
91.9327 -114.296 417
91.2219 -114.296 417
90.2939 -114.022 416
89.5848 -114.022 416
89.0892 -114.296 417
88.3783 -114.296 417
87.6675 -114.296 417
294.837 -143.966 522
293.947 -143.966 522
293.057 -143.966 522
291.607 -143.69 521
291.277 -143.966 522
290.387 -143.966 522
289.497 -143.966 522
288.608 -143.966 522
287.718 -143.966 522
286.828 -143.966 522
285.938 -143.966 522
285.594 -144.242 523
285.247 -144.518 524
284.354 -144.518 524
283.46 -144.518 524
283.106 -144.793 525
282.211 -144.793 525
281.316 -144.793 525
280.421 -144.793 525
279.526 -144.793 525
278.631 -144.793 525
278.265 -145.069 526
277.369 -145.069 526
276.472 -145.069 526
276.099 -145.345 527
275.201 -145.345 527
274.302 -145.345 527
273.404 -145.345 527
273.023 -145.621 528
272.123 -145.621 528
271.222 -145.621 528
270.322 -145.621 528
269.932 -145.897 529
269.031 -145.897 529
268.129 -145.897 529
267.732 -146.172 530
266.829 -146.172 530
265.925 -146.172 530
265.022 -146.172 530
264.118 -146.172 530
263.215 -146.172 530
262.311 -146.172 530
261.408 -146.172 530
260.504 -146.172 530
259.601 -146.172 530
258.697 -146.172 530
257.793 -146.172 530
258.829 -147.275 534
257.918 -147.275 534
257.008 -147.275 534
235.228 -138.726 503
234.371 -138.726 503
233.513 -138.726 503
232.193 -138.45 502
230.877 -138.174 501
230.023 -138.174 501
229.169 -138.174 501
227.859 -137.898 500
227.006 -137.898 500
225.702 -137.623 499
224.851 -137.623 499
224 -137.623 499
222.702 -137.347 498
221.408 -137.071 497
220.561 -137.071 497
219.271 -136.795 496
217.545 -136.244 494
216.264 -135.968 493
215.424 -135.968 493
214.148 -135.692 492
213.309 -135.692 492
212.471 -135.692 492
211.632 -135.692 492
210.365 -135.416 491
209.528 -135.416 491
208.691 -135.416 491
207.43 -135.14 490
206.595 -135.14 490
205.76 -135.14 490
204.506 -134.865 489
203.256 -134.589 488
202.424 -134.589 488
201.179 -134.313 487
199.526 -133.761 485
198.699 -133.761 485
197.872 -133.761 485
196.639 -133.486 484
195.41 -133.21 483
194.183 -132.934 482
193.362 -132.934 482
192.141 -132.658 481
191.321 -132.658 481
190.105 -132.382 480
189.286 -132.382 480
188.075 -132.107 479
186.477 -131.555 477
184.885 -131.003 475
183.688 -130.728 474
182.88 -130.728 474
181.688 -130.452 473
180.499 -130.176 472
178.933 -129.624 470
178.132 -129.624 470
176.953 -129.349 469
175.778 -129.073 468
174.606 -128.797 467
173.066 -128.245 465
172.273 -128.245 465
171.112 -127.97 464
170.321 -127.97 464
169.164 -127.694 463
168.375 -127.694 463
167.586 -127.694 463
166.796 -127.694 463
166.007 -127.694 463
165.218 -127.694 463
164.073 -127.418 462
163.286 -127.418 462
162.498 -127.418 462
161.711 -127.418 462
160.923 -127.418 462
159.789 -127.142 461
158.658 -126.867 460
157.874 -126.867 460
156.407 -126.315 458
155.286 -126.039 457
142.857 -120.799 438
142.11 -120.799 438
141.686 -121.075 439
141.259 -121.351 440
140.509 -121.351 440
139.758 -121.351 440
139.008 -121.351 440
137.944 -121.075 439
137.196 -121.075 439
136.447 -121.075 439
134.772 -120.247 436
133.413 -119.696 434
132.368 -119.42 433
131.63 -119.42 433
130.892 -119.42 433
130.153 -119.42 433
129.415 -119.42 433
128.677 -119.42 433
127.644 -119.144 432
126.907 -119.144 432
125.879 -118.868 431
125.144 -118.868 431
124.12 -118.593 430
123.1 -118.317 429
122.084 -118.041 428
121.354 -118.041 428
120.343 -117.765 427
119.615 -117.765 427
118.608 -117.489 426
117.882 -117.489 426
117.156 -117.489 426
116.43 -117.489 426
115.432 -117.214 425
114.707 -117.214 425
113.983 -117.214 425
112.725 -116.662 423
111.74 -116.386 422
110.757 -116.11 421
110.039 -116.11 421
109.062 -115.835 420
108.088 -115.559 419
107.374 -115.559 419
106.659 -115.559 419
105.945 -115.559 419
105.231 -115.559 419
104.517 -115.559 419
103.802 -115.559 419
103.088 -115.559 419
102.374 -115.559 419
101.417 -115.283 418
100.704 -115.283 418
99.9916 -115.283 418
99.2791 -115.283 418
98.5665 -115.283 418
97.8539 -115.283 418
97.1413 -115.283 418
96.198 -115.007 417
95.4871 -115.007 417
94.7763 -115.007 417
94.0654 -115.007 417
93.1306 -114.731 416
92.4215 -114.731 416
91.7123 -114.731 416
91.0031 -114.731 416
90.2939 -114.731 416
89.5848 -114.731 416
88.8756 -114.731 416
88.1664 -114.731 416
294.272 -144.579 521
293.384 -144.579 521
292.496 -144.579 521
291.607 -144.579 521
290.719 -144.579 521
289.831 -144.579 521
288.943 -144.579 521
288.055 -144.579 521
287.167 -144.579 521
286.828 -144.857 522
285.938 -144.857 522
285.048 -144.857 522
284.703 -145.134 523
284.354 -145.412 524
283.46 -145.412 524
282.567 -145.412 524
281.674 -145.412 524
280.78 -145.412 524
279.887 -145.412 524
278.994 -145.412 524
278.631 -145.689 525
277.736 -145.689 525
276.841 -145.689 525
276.472 -145.967 526
275.575 -145.967 526
275.201 -146.244 527
274.302 -146.244 527
273.404 -146.244 527
272.506 -146.244 527
272.123 -146.522 528
271.222 -146.522 528
270.322 -146.522 528
269.422 -146.522 528
269.031 -146.799 529
268.129 -146.799 529
267.227 -146.799 529
266.829 -147.077 530
265.925 -147.077 530
265.022 -147.077 530
264.118 -147.077 530
263.215 -147.077 530
262.311 -147.077 530
261.408 -147.077 530
260.504 -147.077 530
259.601 -147.077 530
258.697 -147.077 530
257.793 -147.077 530
256.89 -147.077 530
255.986 -147.077 530
254.602 -146.799 529
234.761 -139.306 502
233.905 -139.306 502
233.049 -139.306 502
232.193 -139.306 502
230.877 -139.029 501
229.563 -138.751 500
228.711 -138.751 500
227.859 -138.751 500
226.552 -138.474 499
225.702 -138.474 499
224.851 -138.474 499
224 -138.474 499
222.702 -138.196 498
221.408 -137.919 497
220.561 -137.919 497
219.271 -137.641 496
217.545 -137.086 494
216.264 -136.809 493
215.424 -136.809 493
214.148 -136.531 492
213.309 -136.531 492
212.039 -136.254 491
211.202 -136.254 491
210.365 -136.254 491
209.528 -136.254 491
208.266 -135.976 490
207.43 -135.976 490
206.595 -135.976 490
205.34 -135.699 489
204.506 -135.699 489
203.256 -135.421 488
202.424 -135.421 488
201.179 -135.144 487
199.526 -134.589 485
198.699 -134.589 485
197.872 -134.589 485
196.639 -134.311 484
195.41 -134.034 483
194.183 -133.756 482
193.362 -133.756 482
192.141 -133.479 481
191.321 -133.479 481
190.105 -133.201 480
189.286 -133.201 480
188.075 -132.924 479
186.477 -132.369 477
184.885 -131.814 475
183.688 -131.536 474
182.88 -131.536 474
181.688 -131.259 473
180.499 -130.981 472
178.933 -130.426 470
178.132 -130.426 470
176.953 -130.149 469
175.778 -129.871 468
174.606 -129.594 467
173.066 -129.039 465
172.273 -129.039 465
171.112 -128.761 464
169.954 -128.484 463
169.164 -128.484 463
168.375 -128.484 463
167.586 -128.484 463
166.436 -128.206 462
165.649 -128.206 462
164.861 -128.206 462
163.718 -127.929 461
162.932 -127.929 461
162.147 -127.929 461
161.361 -127.929 461
160.226 -127.651 460
159.096 -127.374 459
157.968 -127.096 458
157.187 -127.096 458
156.065 -126.819 457
154.946 -126.541 456
142.857 -121.546 438
142.11 -121.546 438
141.363 -121.546 438
140.617 -121.546 438
139.87 -121.546 438
139.123 -121.546 438
137.745 -120.991 436
137.001 -120.991 436
135.633 -120.436 434
134.893 -120.436 434
134.153 -120.436 434
133.106 -120.159 433
132.368 -120.159 433
131.63 -120.159 433
130.589 -119.881 432
129.853 -119.881 432
128.818 -119.604 431
128.083 -119.604 431
127.053 -119.326 430
126.32 -119.326 430
125.586 -119.326 430
124.853 -119.326 430
123.832 -119.049 429
122.527 -118.494 427
121.799 -118.494 427
121.071 -118.494 427
120.343 -118.494 427
119.335 -118.216 426
118.608 -118.216 426
117.882 -118.216 426
117.156 -118.216 426
116.156 -117.939 425
115.432 -117.939 425
114.438 -117.661 424
113.715 -117.661 424
112.725 -117.384 423
111.74 -117.106 422
110.757 -116.829 421
110.039 -116.829 421
109.062 -116.551 420
108.088 -116.274 419
107.374 -116.274 419
106.659 -116.274 419
105.945 -116.274 419
105.231 -116.274 419
104.517 -116.274 419
103.802 -116.274 419
103.088 -116.274 419
102.129 -115.996 418
101.417 -115.996 418
100.704 -115.996 418
99.9916 -115.996 418
99.2791 -115.996 418
98.5665 -115.996 418
97.8539 -115.996 418
96.9089 -115.719 417
96.198 -115.719 417
95.4871 -115.719 417
94.7763 -115.719 417
93.6142 -115.164 415
92.9068 -115.164 415
92.4215 -115.441 416
91.7123 -115.441 416
91.0031 -115.441 416
90.2939 -115.441 416
89.5848 -115.441 416
88.8756 -115.441 416
88.1664 -115.441 416
294.272 -145.468 521
293.384 -145.468 521
292.496 -145.468 521
291.607 -145.468 521
290.719 -145.468 521
289.831 -145.468 521
288.943 -145.468 521
288.055 -145.468 521
287.167 -145.468 521
286.828 -145.747 522
285.938 -145.747 522
285.048 -145.747 522
284.703 -146.026 523
284.354 -146.306 524
283.46 -146.306 524
282.567 -146.306 524
281.674 -146.306 524
280.78 -146.306 524
279.887 -146.306 524
278.994 -146.306 524
278.631 -146.585 525
277.736 -146.585 525
276.841 -146.585 525
276.472 -146.864 526
275.575 -146.864 526
275.201 -147.143 527
274.302 -147.143 527
273.404 -147.143 527
272.506 -147.143 527
272.123 -147.422 528
271.222 -147.422 528
270.322 -147.422 528
269.932 -147.702 529
269.031 -147.702 529
268.129 -147.702 529
267.227 -147.702 529
266.829 -147.981 530
265.925 -147.981 530
265.022 -147.981 530
264.118 -147.981 530
263.215 -147.981 530
262.311 -147.981 530
261.408 -147.981 530
260.504 -147.981 530
259.601 -147.981 530
258.697 -147.981 530
257.793 -147.981 530
256.405 -147.702 529
255.503 -147.702 529
254.602 -147.702 529
232.121 -139.605 500
231.268 -139.605 500
230.416 -139.605 500
229.563 -139.605 500
228.711 -139.605 500
227.859 -139.605 500
226.552 -139.325 499
225.702 -139.325 499
224.851 -139.325 499
224 -139.325 499
222.702 -139.046 498
220.963 -138.488 496
220.117 -138.488 496
218.829 -138.208 495
217.105 -137.65 493
215.826 -137.371 492
214.987 -137.371 492
214.148 -137.371 492
212.876 -137.092 491
212.039 -137.092 491
211.202 -137.092 491
210.365 -137.092 491
209.101 -136.812 490
208.266 -136.812 490
207.007 -136.533 489
206.173 -136.533 489
205.34 -136.533 489
204.088 -136.254 488
202.839 -135.975 487
202.009 -135.975 487
200.353 -135.416 485
199.526 -135.416 485
198.29 -135.137 484
197.464 -135.137 484
196.233 -134.858 483
195.005 -134.579 482
193.781 -134.3 481
192.961 -134.3 481
192.141 -134.3 481
190.923 -134.02 480
189.709 -133.741 479
188.892 -133.741 479
187.29 -133.183 477
185.695 -132.624 475
184.496 -132.345 474
183.301 -132.066 473
182.494 -132.066 473
181.304 -131.787 472
180.117 -131.507 471
178.933 -131.228 470
178.132 -131.228 470
176.576 -130.67 468
175.403 -130.391 467
174.233 -130.111 466
173.066 -129.832 465
172.273 -129.832 465
171.112 -129.553 464
169.954 -129.274 463
169.164 -129.274 463
168.375 -129.274 463
167.586 -129.274 463
166.436 -128.995 462
165.649 -128.995 462
164.861 -128.995 462
163.718 -128.715 461
162.932 -128.715 461
162.147 -128.715 461
161.361 -128.715 461
160.226 -128.436 460
159.096 -128.157 459
157.968 -127.878 458
157.187 -127.878 458
156.065 -127.599 457
154.946 -127.319 456
142.857 -122.294 438
142.11 -122.294 438
141.363 -122.294 438
140.617 -122.294 438
139.87 -122.294 438
139.123 -122.294 438
137.429 -121.456 435
136.373 -121.177 434
135.633 -121.177 434
134.893 -121.177 434
133.844 -120.898 433
133.106 -120.898 433
132.062 -120.618 432
131.326 -120.618 432
130.589 -120.618 432
129.552 -120.339 431
128.519 -120.06 430
127.786 -120.06 430
126.757 -119.781 429
125.732 -119.501 428
125.002 -119.501 428
124.273 -119.501 428
123.254 -119.222 427
122.527 -119.222 427
121.513 -118.943 426
120.787 -118.943 426
120.061 -118.943 426
119.335 -118.943 426
118.33 -118.664 425
117.606 -118.664 425
116.881 -118.664 425
115.883 -118.385 424
115.16 -118.385 424
114.168 -118.105 423
113.447 -118.105 423
112.459 -117.826 422
111.475 -117.547 421
110.494 -117.268 420
109.778 -117.268 420
109.062 -117.268 420
108.088 -116.989 419
107.374 -116.989 419
106.659 -116.989 419
105.945 -116.989 419
105.231 -116.989 419
104.267 -116.709 418
103.555 -116.709 418
102.842 -116.709 418
102.129 -116.709 418
101.417 -116.709 418
100.704 -116.709 418
99.9916 -116.709 418
99.0415 -116.43 417
98.3307 -116.43 417
97.6198 -116.43 417
96.9089 -116.43 417
95.7366 -115.872 415
95.0292 -115.872 415
94.3217 -115.872 415
93.6142 -115.872 415
92.6829 -115.593 414
92.1993 -115.872 415
91.4918 -115.872 415
90.7843 -115.872 415
90.0769 -115.872 415
293.707 -146.076 520
292.821 -146.076 520
291.934 -146.076 520
291.048 -146.076 520
290.161 -146.076 520
289.275 -146.076 520
288.388 -146.076 520
288.055 -146.357 521
287.167 -146.357 521
286.278 -146.357 521
285.39 -146.357 521
284.502 -146.357 521
284.158 -146.638 522
283.268 -146.638 522
282.378 -146.638 522
282.028 -146.919 523
281.136 -146.919 523
280.245 -146.919 523
279.353 -146.919 523
278.461 -146.919 523
278.101 -147.2 524
277.207 -147.2 524
276.314 -147.2 524
276.472 -147.761 526
275.575 -147.761 526
275.201 -148.042 527
274.302 -148.042 527
273.404 -148.042 527
272.506 -148.042 527
272.123 -148.323 528
271.222 -148.323 528
270.322 -148.323 528
269.932 -148.604 529
269.031 -148.604 529
268.129 -148.604 529
267.227 -148.604 529
266.829 -148.885 530
265.925 -148.885 530
265.022 -148.885 530
264.118 -148.885 530
263.215 -148.885 530
262.311 -148.885 530
261.408 -148.885 530
260.504 -148.885 530
259.601 -148.885 530
258.697 -148.885 530
257.793 -148.885 530
256.405 -148.604 529
255.503 -148.604 529
254.602 -148.604 529
231.656 -140.177 499
230.806 -140.177 499
229.955 -140.177 499
229.104 -140.177 499
228.254 -140.177 499
227.403 -140.177 499
226.552 -140.177 499
225.702 -140.177 499
224.851 -140.177 499
223.551 -139.896 498
222.255 -139.615 497
220.517 -139.053 495
219.673 -139.053 495
217.945 -138.491 493
216.664 -138.21 492
215.387 -137.929 491
214.55 -137.929 491
213.713 -137.929 491
212.876 -137.929 491
211.607 -137.648 490
210.772 -137.648 490
209.936 -137.648 490
209.101 -137.648 490
207.841 -137.367 489
206.584 -137.087 488
205.752 -137.087 488
204.5 -136.806 487
203.67 -136.806 487
202.006 -136.244 485
201.18 -136.244 485
200.353 -136.244 485
199.115 -135.963 484
197.88 -135.682 483
197.056 -135.682 483
195.827 -135.401 482
194.601 -135.12 481
193.781 -135.12 481
192.961 -135.12 481
191.741 -134.839 480
190.525 -134.558 479
189.312 -134.277 478
187.315 -133.435 475
186.505 -133.435 475
185.304 -133.154 474
184.107 -132.873 473
182.913 -132.592 472
182.108 -132.592 472
180.92 -132.311 471
179.734 -132.03 470
178.172 -131.468 468
177.374 -131.468 468
176.199 -131.187 467
175.027 -130.906 466
173.859 -130.626 465
172.694 -130.345 464
171.903 -130.345 464
170.743 -130.064 463
169.954 -130.064 463
169.164 -130.064 463
168.375 -130.064 463
167.224 -129.783 462
166.436 -129.783 462
165.29 -129.502 461
164.504 -129.502 461
163.718 -129.502 461
162.579 -129.221 460
161.443 -128.94 459
160.661 -128.94 459
159.878 -128.94 459
158.749 -128.659 458
157.623 -128.378 457
156.844 -128.378 457
155.724 -128.097 456
154.946 -128.097 456
142.857 -123.041 438
142.11 -123.041 438
141.363 -123.041 438
140.617 -123.041 438
139.87 -123.041 438
138.488 -122.479 436
137.429 -122.198 435
136.373 -121.917 434
135.633 -121.917 434
134.893 -121.917 434
133.844 -121.636 433
133.106 -121.636 433
132.062 -121.355 432
131.326 -121.355 432
130.589 -121.355 432
129.552 -121.074 431
128.519 -120.793 430
127.786 -120.793 430
126.757 -120.513 429
125.732 -120.232 428
125.002 -120.232 428
124.273 -120.232 428
123.254 -119.951 427
122.527 -119.951 427
121.513 -119.67 426
120.787 -119.67 426
120.061 -119.67 426
119.335 -119.67 426
118.33 -119.389 425
117.606 -119.389 425
116.881 -119.389 425
115.883 -119.108 424
115.16 -119.108 424
114.168 -118.827 423
113.447 -118.827 423
112.459 -118.546 422
111.21 -117.984 420
110.494 -117.984 420
109.778 -117.984 420
108.802 -117.703 419
108.088 -117.703 419
107.374 -117.703 419
106.659 -117.703 419
105.945 -117.703 419
104.98 -117.423 418
104.267 -117.423 418
103.555 -117.423 418
102.842 -117.423 418
101.885 -117.142 417
101.174 -117.142 417
100.463 -117.142 417
99.7524 -117.142 417
99.0415 -117.142 417
97.859 -116.58 415
97.1516 -116.58 415
96.4441 -116.58 415
95.506 -116.299 414
94.8002 -116.299 414
93.8671 -116.018 413
93.1631 -116.018 413
92.459 -116.018 413
91.755 -116.018 413
91.0509 -116.018 413
90.3468 -116.018 413
293.707 -146.963 520
292.821 -146.963 520
291.934 -146.963 520
291.048 -146.963 520
290.161 -146.963 520
289.275 -146.963 520
288.388 -146.963 520
287.502 -146.963 520
286.615 -146.963 520
285.729 -146.963 520
284.842 -146.963 520
284.502 -147.246 521
283.614 -147.246 521
282.726 -147.246 521
281.837 -147.246 521
281.488 -147.528 522
280.599 -147.528 522
279.709 -147.528 522
278.819 -147.528 522
278.461 -147.811 523
277.57 -147.811 523
277.207 -148.094 524
276.314 -148.094 524
275.946 -148.376 525
275.575 -148.659 526
275.201 -148.941 527
274.302 -148.941 527
273.404 -148.941 527
272.506 -148.941 527
272.123 -149.224 528
271.222 -149.224 528
270.322 -149.224 528
269.932 -149.507 529
269.031 -149.507 529
268.129 -149.507 529
267.227 -149.507 529
266.829 -149.789 530
265.925 -149.789 530
265.022 -149.789 530
264.118 -149.789 530
263.215 -149.789 530
262.311 -149.789 530
261.408 -149.789 530
260.504 -149.789 530
259.601 -149.789 530
258.697 -149.789 530
257.793 -149.789 530
256.405 -149.507 529
255.503 -149.507 529
254.602 -149.507 529
231.656 -141.028 499
230.806 -141.028 499
229.955 -141.028 499
229.104 -141.028 499
228.254 -141.028 499
227.403 -141.028 499
226.552 -141.028 499
225.702 -141.028 499
224.851 -141.028 499
223.551 -140.745 498
222.255 -140.463 497
220.517 -139.898 495
219.673 -139.898 495
217.945 -139.332 493
216.664 -139.05 492
215.387 -138.767 491
214.55 -138.767 491
213.713 -138.767 491
212.876 -138.767 491
211.607 -138.484 490
210.772 -138.484 490
209.936 -138.484 490
209.101 -138.484 490
207.841 -138.202 489
206.584 -137.919 488
205.752 -137.919 488
204.5 -137.637 487
203.67 -137.637 487
201.173 -136.506 483
200.35 -136.506 483
199.527 -136.506 483
198.292 -136.223 482
197.47 -136.223 482
196.649 -136.223 482
195.421 -135.941 481
194.601 -135.941 481
193.378 -135.658 480
192.559 -135.658 480
190.942 -135.093 478
189.73 -134.81 477
188.124 -134.245 475
186.92 -133.962 474
186.112 -133.962 474
184.913 -133.68 473
183.718 -133.397 472
182.525 -133.115 471
181.723 -133.115 471
180.535 -132.832 470
179.734 -132.832 470
177.791 -131.984 467
176.995 -131.984 467
175.821 -131.701 466
174.651 -131.419 465
173.485 -131.136 464
172.322 -130.854 463
171.532 -130.854 463
170.743 -130.854 463
169.587 -130.571 462
168.799 -130.571 462
168.011 -130.571 462
166.862 -130.288 461
166.076 -130.288 461
164.932 -130.006 460
164.147 -130.006 460
163.008 -129.723 459
162.226 -129.723 459
161.091 -129.441 458
160.311 -129.441 458
159.53 -129.441 458
158.402 -129.158 457
157.623 -129.158 457
156.844 -129.158 457
155.724 -128.875 456
154.946 -128.875 456
142.857 -123.788 438
142.11 -123.788 438
141.363 -123.788 438
140.617 -123.788 438
139.87 -123.788 438
138.488 -123.223 436
137.429 -122.94 435
136.373 -122.658 434
135.633 -122.658 434
134.893 -122.658 434
133.844 -122.375 433
132.799 -122.092 432
132.062 -122.092 432
131.326 -122.092 432
130.287 -121.81 431
129.252 -121.527 430
128.22 -121.244 429
127.488 -121.244 429
126.462 -120.962 428
125.438 -120.679 427
124.71 -120.679 427
123.982 -120.679 427
122.966 -120.397 426
122.24 -120.397 426
121.513 -120.397 426
120.787 -120.397 426
120.061 -120.397 426
119.055 -120.114 425
118.33 -120.114 425
117.329 -119.831 424
116.606 -119.831 424
115.337 -119.266 422
114.617 -119.266 422
113.628 -118.984 421
112.91 -118.984 421
112.192 -118.984 421
111.21 -118.701 420
110.494 -118.701 420
109.778 -118.701 420
108.802 -118.418 419
108.088 -118.418 419
107.374 -118.418 419
106.659 -118.418 419
105.945 -118.418 419
104.98 -118.136 418
104.267 -118.136 418
103.555 -118.136 418
102.842 -118.136 418
101.885 -117.853 417
101.174 -117.853 417
100.463 -117.853 417
99.7524 -117.853 417
99.0415 -117.853 417
97.859 -117.288 415
97.1516 -117.288 415
96.4441 -117.288 415
95.506 -117.005 414
94.8002 -117.005 414
93.8671 -116.723 413
93.1631 -116.723 413
92.459 -116.723 413
91.755 -116.723 413
91.0509 -116.723 413
90.3468 -116.723 413
293.142 -147.566 519
292.257 -147.566 519
291.373 -147.566 519
291.048 -147.85 520
290.161 -147.85 520
289.275 -147.85 520
288.388 -147.85 520
287.502 -147.85 520
286.615 -147.85 520
285.729 -147.85 520
284.842 -147.85 520
283.956 -147.85 520
283.614 -148.135 521
282.726 -148.135 521
281.837 -148.135 521
280.949 -148.135 521
280.061 -148.135 521
279.709 -148.419 522
278.819 -148.419 522
277.929 -148.419 522
277.039 -148.419 522
276.678 -148.703 523
275.787 -148.703 523
275.421 -148.988 524
275.051 -149.272 525
274.679 -149.556 526
273.782 -149.556 526
273.404 -149.84 527
272.506 -149.84 527
271.607 -149.84 527
270.709 -149.84 527
270.322 -150.125 528
269.932 -150.409 529
269.031 -150.409 529
268.129 -150.409 529
267.227 -150.409 529
266.829 -150.693 530
265.925 -150.693 530
265.022 -150.693 530
264.118 -150.693 530
263.215 -150.693 530
262.311 -150.693 530
261.408 -150.693 530
260.504 -150.693 530
259.601 -150.693 530
258.697 -150.693 530
257.793 -150.693 530
256.405 -150.409 529
255.503 -150.409 529
254.602 -150.409 529
231.656 -141.879 499
230.806 -141.879 499
229.955 -141.879 499
229.104 -141.879 499
228.254 -141.879 499
227.403 -141.879 499
226.098 -141.595 498
225.249 -141.595 498
224.4 -141.595 498
223.103 -141.311 497
221.361 -140.742 495
219.626 -140.173 493
218.786 -140.173 493
217.503 -139.889 492
216.224 -139.605 491
214.948 -139.32 490
214.113 -139.32 490
213.278 -139.32 490
212.442 -139.32 490
211.175 -139.036 489
210.341 -139.036 489
209.508 -139.036 489
208.674 -139.036 489
206.991 -138.467 487
205.737 -138.183 486
204.909 -138.183 486
203.66 -137.899 485
202.415 -137.614 484
201.173 -137.33 483
200.35 -137.33 483
199.527 -137.33 483
198.292 -137.046 482
197.47 -137.046 482
196.649 -137.046 482
195.421 -136.761 481
194.601 -136.761 481
193.378 -136.477 480
192.559 -136.477 480
190.942 -135.908 478
189.73 -135.624 477
188.124 -135.055 475
186.92 -134.771 474
186.112 -134.771 474
184.913 -134.487 473
183.718 -134.202 472
182.525 -133.918 471
181.723 -133.918 471
180.535 -133.634 470
179.734 -133.634 470
177.791 -132.781 467
176.995 -132.781 467
175.821 -132.497 466
174.651 -132.212 465
173.485 -131.928 464
172.322 -131.644 463
171.532 -131.644 463
170.743 -131.644 463
169.587 -131.359 462
168.434 -131.075 461
167.648 -131.075 461
166.5 -130.791 460
165.716 -130.791 460
164.573 -130.506 459
163.79 -130.506 459
163.008 -130.506 459
161.872 -130.222 458
160.74 -129.938 457
159.961 -129.938 457
159.181 -129.938 457
158.402 -129.938 457
157.623 -129.938 457
156.844 -129.938 457
155.724 -129.653 456
154.607 -129.369 455
142.204 -123.967 436
141.461 -123.967 436
140.718 -123.967 436
139.974 -123.967 436
139.231 -123.967 436
138.17 -123.682 435
137.113 -123.398 434
136.373 -123.398 434
135.321 -123.114 433
134.582 -123.114 433
133.844 -123.114 433
132.799 -122.829 432
131.757 -122.545 431
131.022 -122.545 431
129.985 -122.261 430
128.651 -121.692 428
127.622 -121.408 427
126.894 -121.408 427
126.166 -121.408 427
125.144 -121.123 426
124.418 -121.123 426
123.692 -121.123 426
122.966 -121.123 426
122.24 -121.123 426
121.228 -120.839 425
120.504 -120.839 425
119.779 -120.839 425
119.055 -120.839 425
118.052 -120.555 424
116.775 -119.986 422
116.056 -119.986 422
115.337 -119.986 422
114.346 -119.702 421
113.628 -119.702 421
112.91 -119.702 421
111.926 -119.417 420
111.21 -119.417 420
110.231 -119.133 419
109.517 -119.133 419
108.802 -119.133 419
108.088 -119.133 419
107.374 -119.133 419
106.659 -119.133 419
105.945 -119.133 419
104.98 -118.849 418
104.267 -118.849 418
103.555 -118.849 418
102.596 -118.564 417
101.885 -118.564 417
101.174 -118.564 417
100.463 -118.564 417
99.5132 -118.28 416
98.5665 -117.996 415
97.6232 -117.712 414
96.9175 -117.712 414
96.2117 -117.712 414
95.2753 -117.427 413
94.5712 -117.427 413
93.8671 -117.427 413
93.1631 -117.427 413
92.459 -117.427 413
91.5328 -117.143 412
90.8304 -117.143 412
90.1281 -117.143 412
293.142 -148.451 519
292.257 -148.451 519
291.373 -148.451 519
291.048 -148.737 520
290.161 -148.737 520
289.275 -148.737 520
288.388 -148.737 520
287.502 -148.737 520
286.615 -148.737 520
285.729 -148.737 520
284.842 -148.737 520
283.956 -148.737 520
283.614 -149.023 521
282.726 -149.023 521
281.837 -149.023 521
280.949 -149.023 521
280.061 -149.023 521
279.709 -149.309 522
278.819 -149.309 522
277.929 -149.309 522
277.039 -149.309 522
276.678 -149.595 523
275.787 -149.595 523
275.421 -149.882 524
275.051 -150.168 525
274.679 -150.454 526
273.782 -150.454 526
273.404 -150.74 527
272.506 -150.74 527
272.123 -151.026 528
271.222 -151.026 528
270.322 -151.026 528
269.932 -151.312 529
269.031 -151.312 529
268.129 -151.312 529
267.227 -151.312 529
266.829 -151.598 530
265.925 -151.598 530
265.022 -151.598 530
264.118 -151.598 530
263.215 -151.598 530
262.311 -151.598 530
261.408 -151.598 530
260.504 -151.598 530
259.601 -151.598 530
258.697 -151.598 530
257.793 -151.598 530
256.89 -151.598 530
255.986 -151.598 530
255.083 -151.598 530
253.7 -151.312 529
231.656 -142.731 499
230.806 -142.731 499
229.955 -142.731 499
229.104 -142.731 499
228.254 -142.731 499
226.947 -142.445 498
226.098 -142.445 498
224.797 -142.159 497
223.95 -142.159 497
222.654 -141.873 496
220.466 -141.014 493
219.181 -140.728 492
218.342 -140.728 492
217.061 -140.442 491
215.784 -140.156 490
214.948 -140.156 490
214.113 -140.156 490
212.842 -139.87 489
212.009 -139.87 489
210.743 -139.584 488
209.911 -139.584 488
209.079 -139.584 488
207.821 -139.298 487
206.566 -139.012 486
204.89 -138.44 484
204.065 -138.44 484
202.82 -138.154 483
201.997 -138.154 483
200.757 -137.868 482
199.935 -137.868 482
199.114 -137.868 482
197.88 -137.582 481
197.061 -137.582 481
196.241 -137.582 481
195.014 -137.296 480
194.196 -137.296 480
192.572 -136.724 478
191.757 -136.724 478
190.942 -136.724 478
189.332 -136.152 476
188.124 -135.866 475
186.92 -135.58 474
186.112 -135.58 474
184.913 -135.294 473
183.718 -135.008 472
182.525 -134.722 471
181.723 -134.722 471
180.535 -134.436 470
179.352 -134.15 469
177.41 -133.292 466
176.237 -133.006 465
175.444 -133.006 465
174.276 -132.72 464
173.111 -132.433 463
172.322 -132.433 463
171.532 -132.433 463
170.374 -132.147 462
169.22 -131.861 461
168.434 -131.861 461
167.648 -131.861 461
166.5 -131.575 460
165.716 -131.575 460
164.573 -131.289 459
163.79 -131.289 459
163.008 -131.289 459
161.872 -131.003 458
160.74 -130.717 457
159.961 -130.717 457
159.181 -130.717 457
158.402 -130.717 457
157.623 -130.717 457
156.844 -130.717 457
155.724 -130.431 456
154.607 -130.145 455
142.204 -124.711 436
141.461 -124.711 436
140.718 -124.711 436
139.974 -124.711 436
139.231 -124.711 436
138.17 -124.425 435
137.113 -124.139 434
136.059 -123.852 433
135.321 -123.852 433
134.582 -123.852 433
133.535 -123.566 432
132.491 -123.28 431
131.451 -122.994 430
130.718 -122.994 430
129.38 -122.422 428
128.35 -122.136 427
127.622 -122.136 427
126.894 -122.136 427
125.871 -121.85 426
125.144 -121.85 426
124.126 -121.564 425
123.402 -121.564 425
122.677 -121.564 425
121.953 -121.564 425
121.228 -121.564 425
120.504 -121.564 425
119.779 -121.564 425
118.774 -121.278 424
117.773 -120.992 423
116.775 -120.706 422
116.056 -120.706 422
115.063 -120.42 421
114.346 -120.42 421
113.358 -120.134 420
112.642 -120.134 420
111.926 -120.134 420
110.945 -119.848 419
110.231 -119.848 419
109.517 -119.848 419
108.802 -119.848 419
108.088 -119.848 419
107.374 -119.848 419
106.659 -119.848 419
105.692 -119.562 418
104.98 -119.562 418
104.018 -119.276 417
103.307 -119.276 417
102.596 -119.276 417
101.641 -118.99 416
100.932 -118.99 416
100.222 -118.99 416
99.274 -118.704 415
98.329 -118.418 414
97.6232 -118.418 414
96.6834 -118.132 413
95.9793 -118.132 413
95.2753 -118.132 413
94.5712 -118.132 413
93.8671 -118.132 413
93.1631 -118.132 413
92.459 -118.132 413
91.755 -118.132 413
293.142 -149.337 519
292.257 -149.337 519
291.373 -149.337 519
290.488 -149.337 519
289.603 -149.337 519
289.275 -149.625 520
288.388 -149.625 520
287.502 -149.625 520
286.615 -149.625 520
285.729 -149.625 520
284.842 -149.625 520
283.956 -149.625 520
283.614 -149.912 521
282.726 -149.912 521
281.837 -149.912 521
280.949 -149.912 521
280.061 -149.912 521
279.173 -149.912 521
278.285 -149.912 521
277.929 -150.2 522
277.039 -150.2 522
276.149 -150.2 522
275.259 -150.2 522
274.895 -150.488 523
275.051 -151.063 525
274.679 -151.351 526
273.782 -151.351 526
272.885 -151.351 526
272.506 -151.639 527
272.123 -151.926 528
271.222 -151.926 528
270.322 -151.926 528
269.932 -152.214 529
269.031 -152.214 529
268.129 -152.214 529
267.227 -152.214 529
266.829 -152.502 530
265.925 -152.502 530
265.022 -152.502 530
264.118 -152.502 530
263.215 -152.502 530
262.311 -152.502 530
261.408 -152.502 530
260.504 -152.502 530
259.601 -152.502 530
258.697 -152.502 530
257.793 -152.502 530
256.89 -152.502 530
255.986 -152.502 530
255.083 -152.502 530
254.179 -152.502 530
231.192 -143.294 498
230.343 -143.294 498
229.494 -143.294 498
228.645 -143.294 498
227.796 -143.294 498
226.492 -143.007 497
225.644 -143.007 497
224.345 -142.719 496
223.499 -142.719 496
221.756 -142.143 494
220.019 -141.568 492
218.735 -141.28 491
217.898 -141.28 491
217.061 -141.28 491
215.784 -140.992 490
214.51 -140.705 489
213.239 -140.417 488
212.407 -140.417 488
211.575 -140.417 488
210.743 -140.417 488
209.051 -139.841 486
208.223 -139.841 486
207.394 -139.841 486
205.715 -139.266 484
204.467 -138.978 483
203.644 -138.978 483
202.82 -138.978 483
201.579 -138.69 482
200.757 -138.69 482
199.935 -138.69 482
198.7 -138.403 481
197.88 -138.403 481
196.651 -138.115 480
195.833 -138.115 480
195.014 -138.115 480
193.387 -137.539 478
192.572 -137.539 478
191.757 -137.539 478
190.143 -136.964 476
188.934 -136.676 475
187.728 -136.389 474
186.526 -136.101 473
185.72 -136.101 473
184.522 -135.813 472
183.328 -135.525 471
182.138 -135.238 470
181.337 -135.238 470
180.151 -134.95 469
178.205 -134.087 466
177.029 -133.799 465
175.858 -133.511 464
175.067 -133.511 464
173.9 -133.223 463
173.111 -133.223 463
171.949 -132.936 462
171.162 -132.936 462
170.005 -132.648 461
168.852 -132.36 460
168.068 -132.36 460
167.284 -132.36 460
166.138 -132.072 459
165.355 -132.072 459
164.214 -131.785 458
163.434 -131.785 458
162.653 -131.785 458
161.519 -131.497 457
160.74 -131.497 457
159.961 -131.497 457
159.181 -131.497 457
158.402 -131.497 457
157.623 -131.497 457
156.844 -131.497 457
155.724 -131.209 456
141.878 -125.167 435
141.137 -125.167 435
140.395 -125.167 435
139.653 -125.167 435
138.592 -124.879 434
137.853 -124.879 434
136.797 -124.591 433
136.059 -124.591 433
135.321 -124.591 433
134.582 -124.591 433
133.535 -124.303 432
132.491 -124.016 431
131.451 -123.728 430
130.718 -123.728 430
129.38 -123.153 428
128.35 -122.865 427
127.622 -122.865 427
126.894 -122.865 427
125.871 -122.577 426
125.144 -122.577 426
124.126 -122.289 425
123.402 -122.289 425
122.677 -122.289 425
121.953 -122.289 425
121.228 -122.289 425
120.504 -122.289 425
119.779 -122.289 425
118.774 -122.002 424
117.773 -121.714 423
116.775 -121.426 422
116.056 -121.426 422
115.063 -121.138 421
114.346 -121.138 421
113.358 -120.851 420
112.642 -120.851 420
111.926 -120.851 420
110.945 -120.563 419
110.231 -120.563 419
109.517 -120.563 419
108.802 -120.563 419
108.088 -120.563 419
107.117 -120.275 418
106.405 -120.275 418
105.692 -120.275 418
104.729 -119.987 417
104.018 -119.987 417
103.307 -119.987 417
102.596 -119.987 417
101.396 -119.412 415
100.689 -119.412 415
99.9815 -119.412 415
99.274 -119.412 415
98.329 -119.124 414
97.3874 -118.836 413
96.6834 -118.836 413
95.9793 -118.836 413
95.2753 -118.836 413
94.5712 -118.836 413
93.8671 -118.836 413
93.1631 -118.836 413
92.459 -118.836 413
91.755 -118.836 413
91.0509 -118.836 413
90.3468 -118.836 413
292.577 -149.933 518
291.694 -149.933 518
290.811 -149.933 518
290.488 -150.222 519
289.603 -150.222 519
288.718 -150.222 519
287.834 -150.222 519
286.949 -150.222 519
286.615 -150.512 520
285.729 -150.512 520
284.842 -150.512 520
283.956 -150.512 520
283.069 -150.512 520
282.726 -150.801 521
281.837 -150.801 521
280.949 -150.801 521
280.061 -150.801 521
279.173 -150.801 521
278.285 -150.801 521
277.397 -150.801 521
277.039 -151.091 522
276.149 -151.091 522
275.259 -151.091 522
274.895 -151.38 523
275.051 -151.959 525
274.679 -152.248 526
273.782 -152.248 526
272.885 -152.248 526
272.506 -152.538 527
272.123 -152.827 528
271.222 -152.827 528
270.322 -152.827 528
269.932 -153.117 529
269.031 -153.117 529
268.129 -153.117 529
267.227 -153.117 529
266.325 -153.117 529
265.423 -153.117 529
265.022 -153.406 530
264.118 -153.406 530
263.215 -153.406 530
262.311 -153.406 530
261.408 -153.406 530
260.504 -153.406 530
259.601 -153.406 530
258.697 -153.406 530
257.793 -153.406 530
256.89 -153.406 530
255.986 -153.406 530
255.083 -153.406 530
254.179 -153.406 530
231.192 -144.144 498
230.343 -144.144 498
229.494 -144.144 498
228.645 -144.144 498
227.796 -144.144 498
226.492 -143.854 497
225.644 -143.854 497
224.345 -143.565 496
223.499 -143.565 496
221.756 -142.986 494
220.019 -142.407 492
218.735 -142.118 491
217.898 -142.118 491
217.061 -142.118 491
215.784 -141.828 490
214.51 -141.539 489
213.239 -141.249 488
212.407 -141.249 488
211.575 -141.249 488
210.743 -141.249 488
209.051 -140.671 486
208.223 -140.671 486
207.394 -140.671 486
205.715 -140.092 484
204.467 -139.802 483
203.644 -139.802 483
202.82 -139.802 483
201.579 -139.513 482
200.757 -139.513 482
199.935 -139.513 482
198.287 -138.934 480
197.469 -138.934 480
196.241 -138.644 479
195.425 -138.644 479
194.202 -138.355 478
193.387 -138.355 478
191.766 -137.776 476
190.152 -137.197 474
189.344 -137.197 474
188.139 -136.908 473
186.936 -136.618 472
185.737 -136.329 471
184.934 -136.329 471
184.131 -136.329 471
182.55 -135.75 469
181.363 -135.461 468
180.565 -135.461 468
178.999 -134.882 466
177.822 -134.592 465
176.649 -134.303 464
175.479 -134.013 463
174.689 -134.013 463
173.9 -134.013 463
172.363 -133.434 461
171.205 -133.145 460
170.421 -133.145 460
169.268 -132.856 459
168.485 -132.856 459
167.338 -132.566 458
166.557 -132.566 458
165.776 -132.566 458
164.995 -132.566 458
164.214 -132.566 458
163.434 -132.566 458
162.298 -132.277 457
161.519 -132.277 457
160.74 -132.277 457
159.961 -132.277 457
159.181 -132.277 457
158.402 -132.277 457
157.623 -132.277 457
156.844 -132.277 457
141.552 -125.619 434
140.812 -125.619 434
140.072 -125.619 434
139.332 -125.619 434
138.273 -125.33 433
137.535 -125.33 433
136.797 -125.33 433
136.059 -125.33 433
135.008 -125.041 432
134.272 -125.041 432
133.226 -124.751 431
132.184 -124.462 430
130.839 -123.883 428
130.11 -123.883 428
129.078 -123.593 427
128.35 -123.593 427
127.323 -123.304 426
126.597 -123.304 426
125.871 -123.304 426
124.851 -123.014 425
124.126 -123.014 425
123.402 -123.014 425
122.677 -123.014 425
121.953 -123.014 425
120.943 -122.725 424
120.22 -122.725 424
119.497 -122.725 424
118.494 -122.436 423
117.495 -122.146 422
116.499 -121.857 421
115.781 -121.857 421
115.063 -121.857 421
114.074 -121.567 420
113.358 -121.567 420
112.642 -121.567 420
111.926 -121.567 420
110.945 -121.278 419
110.231 -121.278 419
109.517 -121.278 419
108.802 -121.278 419
108.088 -121.278 419
107.117 -120.988 418
106.405 -120.988 418
105.692 -120.988 418
104.729 -120.699 417
104.018 -120.699 417
103.307 -120.699 417
102.596 -120.699 417
101.396 -120.12 415
100.689 -120.12 415
99.9815 -120.12 415
99.274 -120.12 415
98.329 -119.83 414
97.3874 -119.541 413
96.6834 -119.541 413
95.9793 -119.541 413
95.2753 -119.541 413
94.5712 -119.541 413
93.8671 -119.541 413
93.1631 -119.541 413
92.459 -119.541 413
91.755 -119.541 413
91.0509 -119.541 413
90.3468 -119.541 413
292.577 -150.817 518
291.694 -150.817 518
290.811 -150.817 518
289.928 -150.817 518
289.045 -150.817 518
288.162 -150.817 518
287.279 -150.817 518
286.949 -151.108 519
286.064 -151.108 519
285.179 -151.108 519
284.295 -151.108 519
283.956 -151.399 520
283.069 -151.399 520
282.183 -151.399 520
281.296 -151.399 520
280.41 -151.399 520
280.061 -151.69 521
279.173 -151.69 521
278.285 -151.69 521
277.397 -151.69 521
277.039 -151.981 522
276.149 -151.981 522
275.259 -151.981 522
274.895 -152.272 523
275.051 -152.855 525
274.679 -153.146 526
273.782 -153.146 526
272.885 -153.146 526
272.506 -153.437 527
271.607 -153.437 527
271.222 -153.728 528
270.322 -153.728 528
269.932 -154.019 529
269.031 -154.019 529
268.129 -154.019 529
267.227 -154.019 529
266.829 -154.31 530
265.925 -154.31 530
265.022 -154.31 530
264.118 -154.31 530
263.215 -154.31 530
262.311 -154.31 530
261.408 -154.31 530
260.504 -154.31 530
259.601 -154.31 530
258.697 -154.31 530
257.793 -154.31 530
256.89 -154.31 530
255.986 -154.31 530
255.083 -154.31 530
254.179 -154.31 530
230.728 -144.702 497
229.881 -144.702 497
229.033 -144.702 497
228.186 -144.702 497
227.339 -144.702 497
226.492 -144.702 497
225.19 -144.411 496
223.892 -144.12 495
223.049 -144.12 495
221.307 -143.538 493
220.019 -143.247 492
218.735 -142.956 491
217.898 -142.956 491
216.619 -142.664 490
215.784 -142.664 490
214.071 -142.082 488
213.239 -142.082 488
212.407 -142.082 488
211.142 -141.791 487
209.88 -141.5 486
209.051 -141.5 486
208.223 -141.5 486
206.541 -140.917 484
205.29 -140.626 483
204.044 -140.335 482
203.222 -140.335 482
202.4 -140.335 482
201.16 -140.044 481
200.34 -140.044 481
199.52 -140.044 481
198.287 -139.753 480
197.469 -139.753 480
196.241 -139.462 479
195.425 -139.462 479
194.202 -139.171 478
193.387 -139.171 478
191.766 -138.588 476
190.152 -138.006 474
189.344 -138.006 474
188.139 -137.715 473
186.936 -137.424 472
185.737 -137.132 471
184.934 -137.132 471
184.131 -137.132 471
182.55 -136.55 469
181.363 -136.259 468
180.565 -136.259 468
178.999 -135.677 466
177.822 -135.386 465
176.649 -135.094 464
175.479 -134.803 463
174.689 -134.803 463
173.9 -134.803 463
172.363 -134.221 461
171.205 -133.93 460
170.421 -133.93 460
169.268 -133.639 459
168.485 -133.639 459
167.338 -133.347 458
166.557 -133.347 458
165.052 -132.765 456
164.275 -132.765 456
163.497 -132.765 456
162.72 -132.765 456
161.943 -132.765 456
161.165 -132.765 456
160.388 -132.765 456
159.611 -132.765 456
158.833 -132.765 456
158.056 -132.765 456
157.278 -132.765 456
156.501 -132.765 456
141.552 -126.36 434
140.812 -126.36 434
140.072 -126.36 434
139.011 -126.069 433
138.273 -126.069 433
137.535 -126.069 433
136.481 -125.778 432
135.744 -125.778 432
134.696 -125.486 431
133.961 -125.486 431
132.917 -125.195 430
131.569 -124.613 428
130.534 -124.322 427
129.806 -124.322 427
129.078 -124.322 427
128.049 -124.031 426
127.323 -124.031 426
126.597 -124.031 426
125.575 -123.739 425
124.851 -123.739 425
124.126 -123.739 425
123.402 -123.739 425
122.677 -123.739 425
121.666 -123.448 424
120.943 -123.448 424
119.937 -123.157 423
119.215 -123.157 423
118.214 -122.866 422
117.216 -122.575 421
116.499 -122.575 421
115.781 -122.575 421
114.79 -122.284 420
114.074 -122.284 420
113.358 -122.284 420
112.642 -122.284 420
111.659 -121.993 419
110.945 -121.993 419
110.231 -121.993 419
109.517 -121.993 419
108.802 -121.993 419
107.83 -121.701 418
107.117 -121.701 418
106.405 -121.701 418
105.692 -121.701 418
104.729 -121.41 417
104.018 -121.41 417
103.307 -121.41 417
102.35 -121.119 416
101.396 -120.828 415
100.689 -120.828 415
99.9815 -120.828 415
99.0348 -120.537 414
98.329 -120.537 414
97.3874 -120.246 413
96.6834 -120.246 413
95.9793 -120.246 413
95.2753 -120.246 413
94.5712 -120.246 413
93.8671 -120.246 413
93.1631 -120.246 413
92.459 -120.246 413
91.755 -120.246 413
91.0509 -120.246 413
90.3468 -120.246 413
292.013 -151.408 517
291.131 -151.408 517
290.25 -151.408 517
289.928 -151.7 518
289.045 -151.7 518
288.162 -151.7 518
287.279 -151.7 518
286.949 -151.993 519
286.064 -151.993 519
285.179 -151.993 519
284.295 -151.993 519
283.956 -152.286 520
283.069 -152.286 520
282.183 -152.286 520
281.296 -152.286 520
280.41 -152.286 520
280.061 -152.579 521
279.173 -152.579 521
278.285 -152.579 521
277.397 -152.579 521
277.039 -152.872 522
276.149 -152.872 522
275.259 -152.872 522
274.895 -153.165 523
275.051 -153.75 525
274.679 -154.043 526
273.782 -154.043 526
272.885 -154.043 526
272.506 -154.336 527
271.607 -154.336 527
271.222 -154.629 528
270.322 -154.629 528
269.932 -154.922 529
269.031 -154.922 529
268.129 -154.922 529
267.227 -154.922 529
266.829 -155.215 530
265.925 -155.215 530
265.022 -155.215 530
264.118 -155.215 530
263.215 -155.215 530
262.311 -155.215 530
261.408 -155.215 530
260.996 -155.508 531
260.09 -155.508 531
259.185 -155.508 531
258.28 -155.508 531
256.89 -155.215 530
255.986 -155.215 530
255.083 -155.215 530
254.179 -155.215 530
231.192 -145.843 498
230.343 -145.843 498
229.494 -145.843 498
228.186 -145.55 497
227.339 -145.55 497
226.036 -145.257 496
225.19 -145.257 496
223.892 -144.965 495
223.049 -144.965 495
221.307 -144.379 493
220.019 -144.086 492
218.735 -143.793 491
217.898 -143.793 491
216.619 -143.5 490
215.343 -143.207 489
214.071 -142.915 488
213.239 -142.915 488
212.407 -142.915 488
211.142 -142.622 487
209.88 -142.329 486
208.191 -141.743 484
207.366 -141.743 484
206.114 -141.45 483
204.865 -141.157 482
204.044 -141.157 482
203.222 -141.157 482
201.98 -140.865 481
200.742 -140.572 480
199.924 -140.572 480
199.106 -140.572 480
197.874 -140.279 479
196.646 -139.986 478
195.831 -139.986 478
195.017 -139.986 478
193.795 -139.693 477
192.578 -139.4 476
190.96 -138.815 474
189.751 -138.522 473
188.945 -138.522 473
187.741 -138.229 472
186.54 -137.936 471
185.737 -137.936 471
184.934 -137.936 471
183.349 -137.35 469
182.161 -137.057 468
180.588 -136.472 466
179.793 -136.472 466
178.615 -136.179 465
177.44 -135.886 464
176.268 -135.593 463
175.479 -135.593 463
174.689 -135.593 463
173.149 -135.007 461
171.615 -134.422 459
170.461 -134.129 458
169.68 -134.129 458
168.53 -133.836 457
167.751 -133.836 457
166.972 -133.836 457
166.193 -133.836 457
165.052 -133.543 456
164.275 -133.543 456
163.497 -133.543 456
162.72 -133.543 456
161.943 -133.543 456
161.165 -133.543 456
160.388 -133.543 456
159.611 -133.543 456
158.833 -133.543 456
158.056 -133.543 456
157.278 -133.543 456
156.501 -133.543 456
141.552 -127.1 434
140.812 -127.1 434
140.072 -127.1 434
139.011 -126.807 433
138.273 -126.807 433
137.535 -126.807 433
136.481 -126.515 432
135.744 -126.515 432
134.696 -126.222 431
133.961 -126.222 431
132.608 -125.636 429
131.569 -125.343 428
130.534 -125.05 427
129.806 -125.05 427
128.776 -124.757 426
128.049 -124.757 426
127.024 -124.465 425
126.3 -124.465 425
125.575 -124.465 425
124.851 -124.465 425
123.834 -124.172 424
123.111 -124.172 424
122.389 -124.172 424
121.666 -124.172 424
120.658 -123.879 423
119.653 -123.586 422
118.934 -123.586 422
118.214 -123.586 422
117.216 -123.293 421
116.222 -123 420
115.506 -123 420
114.79 -123 420
114.074 -123 420
113.088 -122.707 419
112.374 -122.707 419
111.659 -122.707 419
110.945 -122.707 419
110.231 -122.707 419
109.517 -122.707 419
108.802 -122.707 419
107.83 -122.415 418
107.117 -122.415 418
106.405 -122.415 418
105.439 -122.122 417
104.729 -122.122 417
103.768 -121.829 416
103.059 -121.829 416
102.104 -121.536 415
101.152 -121.243 414
100.446 -121.243 414
99.7405 -121.243 414
99.0348 -121.243 414
98.0915 -120.95 413
97.3874 -120.95 413
96.4493 -120.657 412
95.9793 -120.95 413
95.2753 -120.95 413
94.5712 -120.95 413
93.8671 -120.95 413
93.1631 -120.95 413
92.459 -120.95 413
91.755 -120.95 413
91.0509 -120.95 413
90.3468 -120.95 413
292.013 -152.29 517
291.131 -152.29 517
290.25 -152.29 517
289.369 -152.29 517
289.045 -152.584 518
288.162 -152.584 518
287.279 -152.584 518
286.396 -152.584 518
286.064 -152.879 519
285.179 -152.879 519
284.295 -152.879 519
283.41 -152.879 519
283.069 -153.173 520
282.183 -153.173 520
281.296 -153.173 520
280.41 -153.173 520
279.524 -153.173 520
279.173 -153.468 521
278.285 -153.468 521
277.397 -153.468 521
277.039 -153.762 522
276.149 -153.762 522
275.259 -153.762 522
274.895 -154.057 523
275.051 -154.646 525
274.679 -154.941 526
273.782 -154.941 526
272.885 -154.941 526
272.506 -155.235 527
271.607 -155.235 527
271.222 -155.53 528
270.322 -155.53 528
269.932 -155.824 529
269.031 -155.824 529
268.129 -155.824 529
267.227 -155.824 529
266.829 -156.119 530
265.925 -156.119 530
265.022 -156.119 530
264.118 -156.119 530
263.215 -156.119 530
262.311 -156.119 530
261.901 -156.413 531
260.996 -156.413 531
260.09 -156.413 531
259.185 -156.413 531
258.28 -156.413 531
257.375 -156.413 531
256.469 -156.413 531
255.083 -156.119 530
254.179 -156.119 530
231.109 -146.104 496
231.192 -146.693 498
230.343 -146.693 498
229.494 -146.693 498
228.186 -146.398 497
227.339 -146.398 497
226.036 -146.104 496
224.736 -145.809 495
222.988 -145.22 493
222.147 -145.22 493
220.858 -144.925 492
219.572 -144.631 491
218.29 -144.336 490
217.454 -144.336 490
216.177 -144.042 489
215.343 -144.042 489
214.071 -143.747 488
213.239 -143.747 488
211.972 -143.453 487
210.708 -143.158 486
209.016 -142.569 484
207.761 -142.274 483
206.937 -142.274 483
206.114 -142.274 483
204.865 -141.98 482
203.62 -141.685 481
202.8 -141.685 481
201.56 -141.391 480
200.742 -141.391 480
199.507 -141.096 479
198.691 -141.096 479
197.461 -140.802 478
196.646 -140.802 478
195.422 -140.507 477
194.609 -140.507 477
193.389 -140.212 476
192.173 -139.918 475
190.558 -139.329 473
189.35 -139.034 472
188.545 -139.034 472
187.741 -139.034 472
186.54 -138.74 471
184.949 -138.15 469
184.149 -138.15 469
182.959 -137.856 468
181.382 -137.267 466
180.2 -136.972 465
179.408 -136.972 465
178.231 -136.678 464
177.057 -136.383 463
176.268 -136.383 463
174.721 -135.794 461
173.935 -135.794 461
172.398 -135.205 459
171.241 -134.91 458
170.088 -134.616 457
169.309 -134.616 457
168.162 -134.321 456
167.384 -134.321 456
166.607 -134.321 456
165.829 -134.321 456
165.052 -134.321 456
164.275 -134.321 456
163.497 -134.321 456
162.72 -134.321 456
161.587 -134.027 455
160.812 -134.027 455
160.036 -134.027 455
159.26 -134.027 455
158.485 -134.027 455
157.709 -134.027 455
156.934 -134.027 455
156.158 -134.027 455
141.226 -127.546 433
140.488 -127.546 433
139.749 -127.546 433
138.69 -127.252 432
137.954 -127.252 432
137.217 -127.252 432
136.165 -126.957 431
135.43 -126.957 431
134.383 -126.662 430
133.65 -126.662 430
132.608 -126.368 429
131.569 -126.073 428
130.534 -125.779 427
129.806 -125.779 427
128.776 -125.484 426
128.049 -125.484 426
127.024 -125.19 425
126.3 -125.19 425
125.575 -125.19 425
124.851 -125.19 425
123.834 -124.895 424
123.111 -124.895 424
122.389 -124.895 424
121.666 -124.895 424
120.658 -124.601 423
119.653 -124.306 422
118.934 -124.306 422
118.214 -124.306 422
117.216 -124.011 421
116.222 -123.717 420
115.506 -123.717 420
114.79 -123.717 420
114.074 -123.717 420
113.088 -123.422 419
112.374 -123.422 419
111.659 -123.422 419
110.945 -123.422 419
110.231 -123.422 419
109.517 -123.422 419
108.802 -123.422 419
107.83 -123.128 418
107.117 -123.128 418
106.405 -123.128 418
105.439 -122.833 417
104.477 -122.539 416
103.519 -122.244 415
102.811 -122.244 415
102.104 -122.244 415
101.152 -121.949 414
100.446 -121.949 414
99.7405 -121.949 414
98.7956 -121.655 413
98.0915 -121.655 413
97.1516 -121.36 412
96.4493 -121.36 412
95.7469 -121.36 412
95.0446 -121.36 412
94.3422 -121.36 412
93.8671 -121.655 413
93.1631 -121.655 413
92.459 -121.655 413
91.755 -121.655 413
91.0509 -121.655 413
292.013 -153.172 517
291.131 -153.172 517
290.25 -153.172 517
289.369 -153.172 517
289.045 -153.468 518
288.162 -153.468 518
287.279 -153.468 518
286.396 -153.468 518
286.064 -153.764 519
285.179 -153.764 519
284.295 -153.764 519
283.41 -153.764 519
283.069 -154.06 520
282.183 -154.06 520
281.296 -154.06 520
280.41 -154.06 520
279.524 -154.06 520
279.173 -154.357 521
278.285 -154.357 521
277.397 -154.357 521
277.039 -154.653 522
276.149 -154.653 522
275.259 -154.653 522
274.895 -154.949 523
275.051 -155.542 525
274.679 -155.838 526
273.782 -155.838 526
272.885 -155.838 526
272.506 -156.134 527
271.607 -156.134 527
271.222 -156.431 528
270.322 -156.431 528
269.932 -156.727 529
269.031 -156.727 529
268.129 -156.727 529
267.227 -156.727 529
266.829 -157.023 530
265.925 -157.023 530
265.022 -157.023 530
264.118 -157.023 530
263.215 -157.023 530
262.311 -157.023 530
261.901 -157.319 531
260.996 -157.319 531
260.09 -157.319 531
259.185 -157.319 531
258.28 -157.319 531
257.375 -157.319 531
256.469 -157.319 531
255.083 -157.023 530
254.179 -157.023 530
231.109 -146.95 496
231.192 -147.542 498
230.343 -147.542 498
229.494 -147.542 498
228.186 -147.246 497
227.339 -147.246 497
226.036 -146.95 496
224.736 -146.654 495
222.988 -146.061 493
222.147 -146.061 493
220.858 -145.765 492
219.572 -145.469 491
218.29 -145.172 490
217.454 -145.172 490
216.177 -144.876 489
215.343 -144.876 489
214.071 -144.58 488
213.239 -144.58 488
211.972 -144.284 487
210.708 -143.987 486
209.016 -143.395 484
207.761 -143.098 483
206.937 -143.098 483
206.114 -143.098 483
204.865 -142.802 482
203.62 -142.506 481
202.8 -142.506 481
201.56 -142.21 480
200.742 -142.21 480
199.507 -141.913 479
198.691 -141.913 479
197.461 -141.617 478
196.646 -141.617 478
195.012 -141.025 476
194.201 -141.025 476
192.983 -140.728 475
191.364 -140.136 473
190.558 -140.136 473
189.35 -139.839 472
188.545 -139.839 472
187.343 -139.543 471
185.748 -138.951 469
184.16 -138.358 467
183.364 -138.358 467
182.177 -138.062 466
180.993 -137.766 465
179.813 -137.469 464
178.636 -137.173 463
177.847 -137.173 463
177.057 -137.173 463
175.507 -136.58 461
173.963 -135.988 459
173.18 -135.988 459
172.022 -135.692 458
170.868 -135.395 457
169.716 -135.099 456
168.939 -135.099 456
168.162 -135.099 456
167.384 -135.099 456
166.607 -135.099 456
165.829 -135.099 456
164.69 -134.803 455
163.914 -134.803 455
163.139 -134.803 455
162.363 -134.803 455
161.587 -134.803 455
160.812 -134.803 455
160.036 -134.803 455
159.26 -134.803 455
158.137 -134.507 454
157.363 -134.507 454
156.589 -134.507 454
155.815 -134.507 454
140.9 -127.989 432
140.163 -127.989 432
139.427 -127.989 432
138.69 -127.989 432
137.635 -127.692 431
136.9 -127.692 431
135.849 -127.396 430
135.116 -127.396 430
134.07 -127.1 429
133.339 -127.1 429
132.299 -126.804 428
131.262 -126.507 427
130.228 -126.211 426
129.502 -126.211 426
128.776 -126.211 426
128.049 -126.211 426
127.024 -125.915 425
126.3 -125.915 425
125.575 -125.915 425
124.557 -125.618 424
123.834 -125.618 424
123.111 -125.618 424
122.389 -125.618 424
121.379 -125.322 423
120.372 -125.026 422
119.653 -125.026 422
118.934 -125.026 422
117.934 -124.73 421
116.938 -124.433 420
116.222 -124.433 420
115.506 -124.433 420
114.79 -124.433 420
113.802 -124.137 419
113.088 -124.137 419
112.374 -124.137 419
111.659 -124.137 419
110.945 -124.137 419
110.231 -124.137 419
109.517 -124.137 419
108.802 -124.137 419
107.83 -123.841 418
107.117 -123.841 418
106.405 -123.841 418
105.439 -123.545 417
104.477 -123.248 416
103.519 -122.952 415
102.811 -122.952 415
102.104 -122.952 415
101.152 -122.656 414
100.446 -122.656 414
99.7405 -122.656 414
98.7956 -122.36 413
98.0915 -122.36 413
97.1516 -122.063 412
96.4493 -122.063 412
95.7469 -122.063 412
95.0446 -122.063 412
94.3422 -122.063 412
93.8671 -122.36 413
93.1631 -122.36 413
92.459 -122.36 413
91.755 -122.36 413
91.0509 -122.36 413
89.4718 -121.174 409
292.013 -154.054 517
291.131 -154.054 517
290.25 -154.054 517
289.369 -154.054 517
289.045 -154.352 518
288.162 -154.352 518
287.279 -154.352 518
286.396 -154.352 518
286.064 -154.65 519
285.179 -154.65 519
284.295 -154.65 519
283.41 -154.65 519
283.069 -154.948 520
282.183 -154.948 520
281.296 -154.948 520
280.41 -154.948 520
280.061 -155.246 521
279.173 -155.246 521
278.285 -155.246 521
277.397 -155.246 521
276.508 -155.246 521
276.149 -155.544 522
275.259 -155.544 522
274.895 -155.842 523
275.051 -156.437 525
274.679 -156.735 526
273.782 -156.735 526
273.404 -157.033 527
272.506 -157.033 527
271.607 -157.033 527
271.222 -157.331 528
270.322 -157.331 528
269.932 -157.629 529
269.031 -157.629 529
268.129 -157.629 529
267.732 -157.927 530
266.829 -157.927 530
265.925 -157.927 530
265.022 -157.927 530
264.118 -157.927 530
263.711 -158.225 531
262.806 -158.225 531
261.901 -158.225 531
260.996 -158.225 531
260.09 -158.225 531
259.185 -158.225 531
258.28 -158.225 531
257.375 -158.225 531
256.469 -158.225 531
255.564 -158.225 531
254.659 -158.225 531
231.109 -147.796 496
230.728 -148.094 497
229.881 -148.094 497
229.033 -148.094 497
227.727 -147.796 496
226.881 -147.796 496
225.58 -147.498 495
224.282 -147.2 494
222.535 -146.604 492
221.697 -146.604 492
220.409 -146.306 491
219.125 -146.008 490
218.29 -146.008 490
217.454 -146.008 490
216.177 -145.71 489
214.903 -145.412 488
214.071 -145.412 488
213.239 -145.412 488
211.537 -144.816 486
210.275 -144.518 485
209.016 -144.22 484
207.761 -143.922 483
206.937 -143.922 483
205.687 -143.624 482
204.865 -143.624 482
203.62 -143.327 481
202.8 -143.327 481
201.56 -143.029 480
200.324 -142.731 479
199.091 -142.433 478
198.276 -142.433 478
197.461 -142.433 478
196.235 -142.135 477
195.012 -141.837 476
194.201 -141.837 476
192.983 -141.539 475
191.364 -140.943 473
190.558 -140.943 473
189.35 -140.645 472
188.545 -140.645 472
187.343 -140.347 471
185.748 -139.751 469
184.16 -139.155 467
183.364 -139.155 467
182.177 -138.857 466
180.993 -138.559 465
179.813 -138.261 464
178.636 -137.963 463
177.847 -137.963 463
177.057 -137.963 463
175.507 -137.367 461
173.963 -136.771 459
173.18 -136.771 459
172.022 -136.473 458
170.868 -136.175 457
169.716 -135.877 456
168.939 -135.877 456
168.162 -135.877 456
167.384 -135.877 456
166.607 -135.877 456
165.829 -135.877 456
164.69 -135.579 455
163.914 -135.579 455
163.139 -135.579 455
162.363 -135.579 455
161.587 -135.579 455
160.458 -135.281 454
159.684 -135.281 454
158.91 -135.281 454
158.137 -135.281 454
157.363 -135.281 454
156.589 -135.281 454
155.815 -135.281 454
140.653 -127.832 429
140.9 -128.726 432
140.163 -128.726 432
139.427 -128.726 432
138.369 -128.428 431
137.315 -128.13 430
136.582 -128.13 430
135.849 -128.13 430
134.802 -127.832 429
133.758 -127.534 428
133.028 -127.534 428
131.99 -127.236 427
130.954 -126.938 426
130.228 -126.938 426
129.502 -126.938 426
128.473 -126.64 425
127.749 -126.64 425
127.024 -126.64 425
126.3 -126.64 425
125.575 -126.64 425
124.557 -126.342 424
123.542 -126.044 423
122.821 -126.044 423
122.1 -126.044 423
121.092 -125.746 422
120.372 -125.746 422
119.369 -125.448 421
118.652 -125.448 421
117.934 -125.448 421
116.938 -125.15 420
116.222 -125.15 420
115.506 -125.15 420
114.517 -124.852 419
113.802 -124.852 419
113.088 -124.852 419
112.374 -124.852 419
111.659 -124.852 419
110.945 -124.852 419
110.231 -124.852 419
109.517 -124.852 419
108.543 -124.554 418
107.83 -124.554 418
106.861 -124.256 417
106.15 -124.256 417
105.187 -123.958 416
104.226 -123.66 415
103.519 -123.66 415
102.811 -123.66 415
101.858 -123.362 414
101.152 -123.362 414
100.204 -123.064 413
99.4996 -123.064 413
98.7956 -123.064 413
98.0915 -123.064 413
97.1516 -122.766 412
96.4493 -122.766 412
95.7469 -122.766 412
95.0446 -122.766 412
94.3422 -122.766 412
93.6399 -122.766 412
92.9375 -122.766 412
92.2351 -122.766 412
91.3106 -122.468 411
90.169 -121.872 409
89.4718 -121.872 409
292.013 -154.936 517
291.131 -154.936 517
290.25 -154.936 517
289.369 -154.936 517
289.045 -155.235 518
288.162 -155.235 518
287.279 -155.235 518
286.396 -155.235 518
286.064 -155.535 519
285.179 -155.535 519
284.295 -155.535 519
283.41 -155.535 519
283.069 -155.835 520
282.183 -155.835 520
281.296 -155.835 520
280.41 -155.835 520
280.061 -156.134 521
279.173 -156.134 521
278.285 -156.134 521
277.397 -156.134 521
277.039 -156.434 522
276.149 -156.434 522
275.259 -156.434 522
274.895 -156.734 523
275.575 -157.633 526
274.679 -157.633 526
273.782 -157.633 526
273.404 -157.933 527
273.023 -158.232 528
272.123 -158.232 528
271.222 -158.232 528
270.834 -158.532 529
269.932 -158.532 529
269.031 -158.532 529
268.636 -158.832 530
267.732 -158.832 530
266.829 -158.832 530
265.925 -158.832 530
265.022 -158.832 530
264.616 -159.131 531
263.711 -159.131 531
262.806 -159.131 531
261.901 -159.131 531
261.487 -159.431 532
260.58 -159.431 532
259.673 -159.431 532
258.766 -159.431 532
257.859 -159.431 532
256.952 -159.431 532
256.046 -159.431 532
256.098 -160.03 534
255.187 -160.03 534
254.277 -160.03 534
231.109 -148.642 496
230.264 -148.642 496
229.418 -148.642 496
228.112 -148.343 495
227.268 -148.343 495
226.424 -148.343 495
225.124 -148.043 494
223.828 -147.743 493
222.083 -147.144 491
221.246 -147.144 491
220.409 -147.144 491
219.125 -146.844 490
217.844 -146.545 489
217.01 -146.545 489
216.177 -146.545 489
214.903 -146.245 488
213.632 -145.945 487
211.928 -145.346 485
211.101 -145.346 485
209.841 -145.046 484
208.584 -144.747 483
207.33 -144.447 482
206.509 -144.447 482
205.687 -144.447 482
204.44 -144.147 481
203.197 -143.847 480
202.379 -143.847 480
201.141 -143.548 479
200.324 -143.548 479
199.091 -143.248 478
198.276 -143.248 478
197.048 -142.948 477
195.412 -142.349 475
194.193 -142.049 474
193.385 -142.049 474
192.577 -142.049 474
191.364 -141.75 473
190.155 -141.45 472
188.949 -141.15 471
188.146 -141.15 471
186.548 -140.551 469
184.956 -139.952 467
183.765 -139.652 466
182.971 -139.652 466
181.786 -139.352 465
180.604 -139.053 464
179.425 -138.753 463
178.636 -138.753 463
177.847 -138.753 463
176.293 -138.154 461
175.126 -137.854 460
173.584 -137.254 458
172.803 -137.254 458
171.647 -136.955 457
170.494 -136.655 456
169.716 -136.655 456
168.939 -136.655 456
168.162 -136.655 456
167.017 -136.355 455
166.241 -136.355 455
165.466 -136.355 455
164.69 -136.355 455
163.914 -136.355 455
163.139 -136.355 455
162.363 -136.355 455
161.587 -136.355 455
160.458 -136.056 454
159.684 -136.056 454
159.26 -136.355 455
158.485 -136.355 455
157.709 -136.355 455
156.934 -136.355 455
156.158 -136.355 455
140.653 -128.564 429
140.9 -129.463 432
140.163 -129.463 432
139.427 -129.463 432
138.369 -129.163 431
137.315 -128.863 430
136.582 -128.863 430
135.849 -128.863 430
134.802 -128.564 429
133.758 -128.264 428
133.028 -128.264 428
131.99 -127.964 427
130.954 -127.665 426
129.922 -127.365 425
129.198 -127.365 425
128.473 -127.365 425
127.749 -127.365 425
127.024 -127.365 425
126.3 -127.365 425
125.28 -127.065 424
124.263 -126.766 423
123.542 -126.766 423
122.531 -126.466 422
121.811 -126.466 422
121.092 -126.466 422
120.087 -126.166 421
119.369 -126.166 421
118.652 -126.166 421
117.654 -125.867 420
116.938 -125.867 420
115.945 -125.567 419
115.231 -125.567 419
114.517 -125.567 419
113.802 -125.567 419
113.088 -125.567 419
112.374 -125.567 419
111.659 -125.567 419
110.68 -125.267 418
109.968 -125.267 418
109.255 -125.267 418
108.543 -125.267 418
107.572 -124.967 417
106.605 -124.668 416
105.896 -124.668 416
104.934 -124.368 415
103.975 -124.068 414
103.269 -124.068 414
102.564 -124.068 414
101.858 -124.068 414
100.908 -123.769 413
100.204 -123.769 413
99.4996 -123.769 413
98.7956 -123.769 413
97.854 -123.469 412
97.1516 -123.469 412
96.4493 -123.469 412
95.7469 -123.469 412
94.8139 -123.169 411
94.1132 -123.169 411
93.4126 -123.169 411
92.7119 -123.169 411
91.7874 -122.87 410
90.8663 -122.57 409
90.169 -122.57 409
89.4718 -122.57 409
88.5575 -122.27 408
291.448 -155.516 516
291.131 -155.818 517
290.25 -155.818 517
289.369 -155.818 517
289.045 -156.119 518
288.162 -156.119 518
287.279 -156.119 518
286.396 -156.119 518
286.064 -156.421 519
285.179 -156.421 519
284.295 -156.421 519
283.41 -156.421 519
283.069 -156.722 520
282.183 -156.722 520
281.296 -156.722 520
280.41 -156.722 520
280.061 -157.023 521
279.173 -157.023 521
278.285 -157.023 521
277.397 -157.023 521
277.039 -157.325 522
276.149 -157.325 522
275.259 -157.325 522
274.895 -157.626 523
275.575 -158.53 526
274.679 -158.53 526
273.782 -158.53 526
273.404 -158.832 527
273.023 -159.133 528
272.123 -159.133 528
271.222 -159.133 528
270.834 -159.434 529
269.932 -159.434 529
269.031 -159.434 529
268.636 -159.736 530
267.732 -159.736 530
266.829 -159.736 530
265.925 -159.736 530
265.022 -159.736 530
264.616 -160.037 531
263.711 -160.037 531
262.806 -160.037 531
261.901 -160.037 531
261.487 -160.339 532
261.07 -160.64 533
260.161 -160.64 533
259.253 -160.64 533
258.344 -160.64 533
257.435 -160.64 533
256.527 -160.64 533
256.577 -161.243 535
256.143 -161.544 536
255.229 -161.544 536
254.316 -161.544 536
231.109 -149.489 496
230.264 -149.489 496
229.418 -149.489 496
228.112 -149.187 495
226.809 -148.886 494
225.967 -148.886 494
224.669 -148.584 493
223.374 -148.283 492
222.083 -147.982 491
221.246 -147.982 491
219.96 -147.68 490
218.678 -147.379 489
217.844 -147.379 489
217.01 -147.379 489
215.735 -147.078 488
214.462 -146.776 487
212.755 -146.173 485
211.491 -145.872 484
210.666 -145.872 484
209.407 -145.571 483
208.152 -145.269 482
207.33 -145.269 482
206.509 -145.269 482
205.26 -144.968 481
204.015 -144.666 480
202.774 -144.365 479
201.957 -144.365 479
201.141 -144.365 479
199.906 -144.064 478
198.674 -143.762 477
197.861 -143.762 477
196.222 -143.159 475
195.001 -142.858 474
194.193 -142.858 474
192.977 -142.557 473
192.17 -142.557 473
190.959 -142.255 472
189.752 -141.954 471
188.147 -141.351 469
187.347 -141.351 469
185.752 -140.748 467
184.56 -140.447 466
183.371 -140.146 465
182.578 -140.146 465
181.395 -139.844 464
180.604 -139.844 464
179.425 -139.543 463
177.864 -138.94 461
177.078 -138.94 461
175.91 -138.639 460
174.745 -138.337 459
173.205 -137.734 457
172.426 -137.734 457
171.271 -137.433 456
170.494 -137.433 456
169.716 -137.433 456
168.939 -137.433 456
167.793 -137.132 455
167.017 -137.132 455
166.241 -137.132 455
165.466 -137.132 455
164.69 -137.132 455
163.914 -137.132 455
163.139 -137.132 455
162.363 -137.132 455
161.232 -136.83 454
160.458 -136.83 454
159.684 -136.83 454
159.26 -137.132 455
158.485 -137.132 455
157.709 -137.132 455
156.934 -137.132 455
156.158 -137.132 455
140.653 -129.296 429
140.573 -129.898 431
139.839 -129.898 431
139.104 -129.898 431
138.048 -129.597 430
136.996 -129.296 429
136.264 -129.296 429
135.217 -128.994 428
134.488 -128.994 428
133.445 -128.693 427
132.717 -128.693 427
131.68 -128.391 426
130.954 -128.391 426
129.922 -128.09 425
129.198 -128.09 425
128.473 -128.09 425
127.749 -128.09 425
127.024 -128.09 425
126.3 -128.09 425
125.28 -127.789 424
124.263 -127.487 423
123.542 -127.487 423
122.531 -127.186 422
121.811 -127.186 422
121.092 -127.186 422
120.087 -126.884 421
119.369 -126.884 421
118.652 -126.884 421
117.654 -126.583 420
116.938 -126.583 420
115.945 -126.282 419
115.231 -126.282 419
114.517 -126.282 419
113.802 -126.282 419
113.088 -126.282 419
112.374 -126.282 419
111.659 -126.282 419
110.68 -125.98 418
109.968 -125.98 418
109.255 -125.98 418
108.543 -125.98 418
107.572 -125.679 417
106.349 -125.076 415
105.641 -125.076 415
104.681 -124.775 414
103.975 -124.775 414
103.269 -124.775 414
102.564 -124.775 414
101.612 -124.473 413
100.908 -124.473 413
99.9611 -124.172 412
99.2587 -124.172 412
98.5564 -124.172 412
97.854 -124.172 412
96.9158 -123.871 411
96.2152 -123.871 411
95.5145 -123.871 411
94.3525 -123.268 409
93.6553 -123.268 409
92.958 -123.268 409
92.2608 -123.268 409
91.5635 -123.268 409
90.6441 -122.966 408
89.9486 -122.966 408
89.253 -122.966 408
88.5575 -122.966 408
291.448 -156.397 516
291.131 -156.7 517
290.25 -156.7 517
289.369 -156.7 517
289.045 -157.003 518
288.162 -157.003 518
287.279 -157.003 518
286.396 -157.003 518
286.064 -157.306 519
285.179 -157.306 519
284.295 -157.306 519
283.41 -157.306 519
283.069 -157.609 520
282.183 -157.609 520
281.296 -157.609 520
280.41 -157.609 520
280.061 -157.912 521
279.173 -157.912 521
278.285 -157.912 521
277.397 -157.912 521
277.039 -158.215 522
276.678 -158.518 523
275.787 -158.518 523
274.895 -158.518 523
275.575 -159.428 526
274.679 -159.428 526
274.302 -159.731 527
273.404 -159.731 527
273.023 -160.034 528
272.123 -160.034 528
271.736 -160.337 529
270.834 -160.337 529
269.932 -160.337 529
269.031 -160.337 529
268.636 -160.64 530
267.732 -160.64 530
266.829 -160.64 530
265.925 -160.64 530
265.022 -160.64 530
264.616 -160.943 531
263.711 -160.943 531
262.806 -160.943 531
261.901 -160.943 531
261.487 -161.246 532
261.07 -161.549 533
260.161 -161.549 533
259.253 -161.549 533
258.344 -161.549 533
257.435 -161.549 533
256.527 -161.549 533
256.577 -162.156 535
256.143 -162.459 536
255.229 -162.459 536
254.316 -162.459 536
230.177 -149.729 494
229.335 -149.729 494
228.493 -149.729 494
227.651 -149.729 494
226.809 -149.729 494
225.967 -149.729 494
224.669 -149.426 493
223.374 -149.122 492
222.083 -148.819 491
221.246 -148.819 491
219.96 -148.516 490
218.678 -148.213 489
217.844 -148.213 489
217.01 -148.213 489
215.735 -147.91 488
214.462 -147.607 487
212.755 -147.001 485
211.491 -146.698 484
210.666 -146.698 484
209.407 -146.395 483
208.152 -146.092 482
207.33 -146.092 482
206.509 -146.092 482
205.26 -145.788 481
204.015 -145.485 480
202.774 -145.182 479
201.957 -145.182 479
201.141 -145.182 479
199.906 -144.879 478
198.674 -144.576 477
197.861 -144.576 477
196.222 -143.97 475
195.001 -143.667 474
194.193 -143.667 474
192.569 -143.061 472
191.764 -143.061 472
190.959 -143.061 472
189.752 -142.757 471
187.745 -141.848 468
186.948 -141.848 468
185.354 -141.242 466
184.164 -140.939 465
182.977 -140.636 464
182.186 -140.636 464
181.395 -140.636 464
180.215 -140.333 463
179.038 -140.03 462
177.864 -139.727 461
177.078 -139.727 461
175.91 -139.423 460
174.364 -138.817 458
173.205 -138.514 457
172.426 -138.514 457
171.271 -138.211 456
170.12 -137.908 455
169.344 -137.908 455
168.568 -137.908 455
167.793 -137.908 455
167.017 -137.908 455
165.876 -137.605 454
165.102 -137.605 454
164.328 -137.605 454
163.554 -137.605 454
162.78 -137.605 454
162.006 -137.605 454
161.232 -137.605 454
160.458 -137.605 454
160.036 -137.908 455
159.26 -137.908 455
158.485 -137.908 455
157.709 -137.908 455
156.934 -137.908 455
156.158 -137.908 455
141.121 -129.118 426
140.395 -129.118 426
140.325 -129.724 428
139.595 -129.724 428
138.865 -129.724 428
138.136 -129.724 428
137.406 -129.724 428
136.357 -129.421 427
135.629 -129.421 427
134.901 -129.421 427
134.173 -129.421 427
133.133 -129.118 426
132.407 -129.118 426
131.68 -129.118 426
130.647 -128.815 425
129.922 -128.815 425
129.198 -128.815 425
128.473 -128.815 425
127.749 -128.815 425
126.725 -128.512 424
126.003 -128.512 424
125.28 -128.512 424
124.263 -128.209 423
123.25 -127.906 422
122.24 -127.603 421
121.523 -127.603 421
120.805 -127.603 421
120.087 -127.603 421
119.086 -127.3 420
118.37 -127.3 420
117.654 -127.3 420
116.938 -127.3 420
115.945 -126.997 419
115.231 -126.997 419
114.517 -126.997 419
113.802 -126.997 419
113.088 -126.997 419
112.374 -126.997 419
111.393 -126.693 418
110.68 -126.693 418
109.968 -126.693 418
109.255 -126.693 418
108.283 -126.39 417
107.314 -126.087 416
106.349 -125.784 415
105.641 -125.784 415
104.681 -125.481 414
103.975 -125.481 414
103.269 -125.481 414
102.564 -125.481 414
101.612 -125.178 413
100.908 -125.178 413
99.9611 -124.875 412
99.2587 -124.875 412
98.5564 -124.875 412
97.854 -124.875 412
96.9158 -124.572 411
96.2152 -124.572 411
95.5145 -124.572 411
94.3525 -123.966 409
93.6553 -123.966 409
92.958 -123.966 409
92.2608 -123.966 409
91.5635 -123.966 409
90.6441 -123.663 408
89.9486 -123.663 408
89.253 -123.663 408
88.5575 -123.663 408
291.448 -157.277 516
291.131 -157.582 517
290.25 -157.582 517
289.369 -157.582 517
288.487 -157.582 517
288.162 -157.887 518
287.279 -157.887 518
286.396 -157.887 518
286.064 -158.191 519
285.179 -158.191 519
284.295 -158.191 519
283.41 -158.191 519
283.069 -158.496 520
282.183 -158.496 520
281.296 -158.496 520
280.41 -158.496 520
280.061 -158.801 521
279.173 -158.801 521
278.285 -158.801 521
277.397 -158.801 521
277.039 -159.106 522
276.678 -159.411 523
275.787 -159.411 523
275.421 -159.715 524
275.575 -160.325 526
274.679 -160.325 526
274.302 -160.63 527
273.404 -160.63 527
273.023 -160.935 528
272.123 -160.935 528
271.736 -161.24 529
270.834 -161.24 529
269.932 -161.24 529
269.031 -161.24 529
268.636 -161.544 530
267.732 -161.544 530
266.829 -161.544 530
265.925 -161.544 530
265.022 -161.544 530
264.616 -161.849 531
263.711 -161.849 531
262.806 -161.849 531
262.394 -162.154 532
261.487 -162.154 532
261.07 -162.459 533
260.161 -162.459 533
259.253 -162.459 533
258.344 -162.459 533
257.918 -162.764 534
257.008 -162.764 534
257.057 -163.373 536
256.143 -163.373 536
255.229 -163.373 536
254.316 -163.373 536
253.402 -163.373 536
252.488 -163.373 536
230.177 -150.571 494
229.335 -150.571 494
228.493 -150.571 494
227.651 -150.571 494
226.35 -150.267 493
225.509 -150.267 493
224.213 -149.962 492
222.92 -149.657 491
222.083 -149.657 491
221.246 -149.657 491
219.96 -149.352 490
218.678 -149.047 489
217.844 -149.047 489
217.01 -149.047 489
215.293 -148.438 487
214.022 -148.133 486
212.316 -147.523 484
211.054 -147.219 483
210.231 -147.219 483
209.407 -147.219 483
208.152 -146.914 482
206.9 -146.609 481
206.08 -146.609 481
205.26 -146.609 481
204.015 -146.304 480
202.774 -145.999 479
201.957 -145.999 479
200.721 -145.695 478
199.488 -145.39 477
198.258 -145.085 476
197.446 -145.085 476
196.222 -144.78 475
195.001 -144.475 474
193.783 -144.171 473
192.569 -143.866 472
191.764 -143.866 472
190.959 -143.866 472
189.752 -143.561 471
187.745 -142.647 468
186.948 -142.647 468
185.354 -142.037 466
184.164 -141.732 465
182.977 -141.427 464
182.186 -141.427 464
181.395 -141.427 464
180.215 -141.123 463
179.038 -140.818 462
177.864 -140.513 461
177.078 -140.513 461
175.91 -140.208 460
174.364 -139.599 458
173.205 -139.294 457
172.426 -139.294 457
171.271 -138.989 456
170.12 -138.684 455
169.344 -138.684 455
168.568 -138.684 455
167.793 -138.684 455
167.017 -138.684 455
165.876 -138.379 454
165.102 -138.379 454
164.328 -138.379 454
163.554 -138.379 454
162.78 -138.379 454
162.006 -138.379 454
161.232 -138.379 454
160.458 -138.379 454
160.036 -138.684 455
159.611 -138.989 456
158.833 -138.989 456
158.056 -138.989 456
157.278 -138.989 456
156.501 -138.989 456
155.724 -138.989 456
141.121 -129.845 426
140.395 -129.845 426
139.669 -129.845 426
138.943 -129.845 426
138.216 -129.845 426
137.49 -129.845 426
136.764 -129.845 426
136.038 -129.845 426
135.312 -129.845 426
134.585 -129.845 426
133.859 -129.845 426
133.133 -129.845 426
132.407 -129.845 426
131.371 -129.54 425
130.647 -129.54 425
129.922 -129.54 425
129.198 -129.54 425
128.171 -129.235 424
127.448 -129.235 424
126.725 -129.235 424
126.003 -129.235 424
125.28 -129.235 424
123.969 -128.626 422
122.958 -128.321 421
122.24 -128.321 421
121.523 -128.321 421
120.805 -128.321 421
119.802 -128.016 420
119.086 -128.016 420
118.37 -128.016 420
117.654 -128.016 420
116.66 -127.711 419
115.945 -127.711 419
115.231 -127.711 419
114.517 -127.711 419
113.802 -127.711 419
112.818 -127.407 418
112.106 -127.407 418
111.393 -127.407 418
110.68 -127.407 418
109.705 -127.102 417
108.994 -127.102 417
108.023 -126.797 416
107.056 -126.492 415
106.092 -126.187 414
105.387 -126.187 414
104.681 -126.187 414
103.724 -125.883 413
103.02 -125.883 413
102.316 -125.883 413
101.612 -125.883 413
100.663 -125.578 412
99.7184 -125.273 411
99.0178 -125.273 411
98.3171 -125.273 411
97.379 -124.968 410
96.4442 -124.663 409
95.747 -124.663 409
95.0497 -124.663 409
94.1218 -124.359 408
93.4263 -124.359 408
92.7307 -124.359 408
92.0352 -124.359 408
91.3397 -124.359 408
90.6441 -124.359 408
89.7281 -124.054 407
89.0343 -124.054 407
88.3405 -124.054 407
291.448 -158.157 516
290.568 -158.157 516
289.688 -158.157 516
289.369 -158.464 517
288.487 -158.464 517
288.162 -158.77 518
287.279 -158.77 518
286.396 -158.77 518
286.064 -159.077 519
285.179 -159.077 519
284.295 -159.077 519
283.41 -159.077 519
283.069 -159.383 520
282.183 -159.383 520
281.296 -159.383 520
280.41 -159.383 520
280.061 -159.69 521
279.173 -159.69 521
278.285 -159.69 521
277.397 -159.69 521
277.039 -159.996 522
276.678 -160.303 523
275.787 -160.303 523
275.421 -160.609 524
275.575 -161.223 526
274.679 -161.223 526
274.302 -161.529 527
273.923 -161.836 528
273.023 -161.836 528
272.123 -161.836 528
271.736 -162.142 529
270.834 -162.142 529
269.932 -162.142 529
269.031 -162.142 529
268.636 -162.449 530
267.732 -162.449 530
266.829 -162.449 530
265.925 -162.449 530
265.522 -162.755 531
264.616 -162.755 531
264.208 -163.062 532
263.301 -163.062 532
262.394 -163.062 532
261.979 -163.368 533
261.56 -163.675 534
260.649 -163.675 534
259.739 -163.675 534
258.829 -163.675 534
258.401 -163.981 535
257.489 -163.981 535
257.057 -164.288 536
256.143 -164.288 536
255.229 -164.288 536
254.316 -164.288 536
253.402 -164.288 536
252.488 -164.288 536
251.105 -163.981 535
229.711 -151.108 493
228.871 -151.108 493
228.03 -151.108 493
227.19 -151.108 493
226.35 -151.108 493
225.509 -151.108 493
224.213 -150.801 492
222.92 -150.495 491
221.631 -150.188 490
220.796 -150.188 490
219.96 -150.188 490
218.678 -149.882 489
217.399 -149.575 488
216.567 -149.575 488
214.851 -148.962 486
214.022 -148.962 486
212.316 -148.349 484
211.054 -148.043 483
210.231 -148.043 483
209.407 -148.043 483
208.152 -147.736 482
206.9 -147.43 481
206.08 -147.43 481
205.26 -147.43 481
204.015 -147.123 480
202.774 -146.817 479
201.957 -146.817 479
200.721 -146.51 478
199.488 -146.204 477
197.841 -145.591 475
197.032 -145.591 475
195.809 -145.284 474
194.589 -144.978 473
193.783 -144.978 473
192.569 -144.671 472
191.764 -144.671 472
190.555 -144.365 471
189.349 -144.058 470
187.745 -143.445 468
186.948 -143.445 468
184.957 -142.526 465
183.768 -142.219 464
182.977 -142.219 464
182.186 -142.219 464
181.004 -141.913 463
180.215 -141.913 463
179.038 -141.606 462
177.478 -140.993 460
176.694 -140.993 460
175.528 -140.687 459
173.984 -140.074 457
172.826 -139.767 456
172.048 -139.767 456
170.895 -139.461 455
170.12 -139.461 455
168.972 -139.154 454
168.198 -139.154 454
167.424 -139.154 454
166.65 -139.154 454
165.511 -138.848 453
164.738 -138.848 453
163.966 -138.848 453
163.194 -138.848 453
162.78 -139.154 454
162.006 -139.154 454
161.232 -139.154 454
160.458 -139.154 454
160.036 -139.461 455
159.611 -139.767 456
158.833 -139.767 456
158.056 -139.767 456
157.278 -139.767 456
156.501 -139.767 456
155.724 -139.767 456
141.121 -130.572 426
140.395 -130.572 426
139.669 -130.572 426
138.943 -130.572 426
138.216 -130.572 426
137.49 -130.572 426
136.764 -130.572 426
136.038 -130.572 426
135.312 -130.572 426
134.585 -130.572 426
133.859 -130.572 426
133.133 -130.572 426
132.407 -130.572 426
131.371 -130.265 425
130.647 -130.265 425
129.922 -130.265 425
129.198 -130.265 425
128.171 -129.959 424
127.448 -129.959 424
126.426 -129.652 423
125.705 -129.652 423
124.689 -129.346 422
123.676 -129.039 421
122.958 -129.039 421
122.24 -129.039 421
121.523 -129.039 421
120.518 -128.733 420
119.802 -128.733 420
119.086 -128.733 420
118.37 -128.733 420
117.374 -128.426 419
116.66 -128.426 419
115.945 -128.426 419
115.231 -128.426 419
114.243 -128.12 418
113.531 -128.12 418
112.818 -128.12 418
112.106 -128.12 418
111.126 -127.813 417
110.416 -127.813 417
109.442 -127.507 416
108.732 -127.507 416
107.764 -127.2 415
106.798 -126.894 414
105.836 -126.587 413
105.132 -126.587 413
104.428 -126.587 413
103.724 -126.587 413
103.02 -126.587 413
102.316 -126.587 413
101.366 -126.281 412
100.663 -126.281 412
99.7184 -125.974 411
98.7769 -125.668 410
98.0779 -125.668 410
97.1415 -125.361 409
96.4442 -125.361 409
95.5129 -125.055 408
94.8173 -125.055 408
93.8911 -124.748 407
93.1973 -124.748 407
92.5034 -124.748 407
91.8096 -124.748 407
91.1158 -124.748 407
90.422 -124.748 407
89.7281 -124.748 407
89.0343 -124.748 407
88.3405 -124.748 407
87.2159 -124.135 405
86.5255 -124.135 405
85.8351 -124.135 405
291.448 -159.038 516
290.568 -159.038 516
289.688 -159.038 516
289.369 -159.346 517
288.487 -159.346 517
288.162 -159.654 518
287.279 -159.654 518
286.396 -159.654 518
286.064 -159.962 519
285.179 -159.962 519
284.295 -159.962 519
283.41 -159.962 519
283.069 -160.271 520
282.183 -160.271 520
281.296 -160.271 520
280.41 -160.271 520
280.061 -160.579 521
279.173 -160.579 521
278.285 -160.579 521
277.397 -160.579 521
277.039 -160.887 522
276.678 -161.195 523
275.787 -161.195 523
275.421 -161.503 524
275.575 -162.12 526
274.679 -162.12 526
274.302 -162.428 527
273.923 -162.736 528
273.023 -162.736 528
272.123 -162.736 528
271.736 -163.045 529
270.834 -163.045 529
269.932 -163.045 529
269.031 -163.045 529
268.636 -163.353 530
268.237 -163.661 531
267.332 -163.661 531
266.427 -163.661 531
265.522 -163.661 531
265.115 -163.969 532
264.208 -163.969 532
263.301 -163.969 532
262.887 -164.277 533
262.47 -164.586 534
261.56 -164.586 534
261.138 -164.894 535
260.226 -164.894 535
259.314 -164.894 535
258.401 -164.894 535
257.489 -164.894 535
257.537 -165.51 537
256.621 -165.51 537
255.706 -165.51 537
254.79 -165.51 537
253.875 -165.51 537
252.959 -165.51 537
252.044 -165.51 537
229.711 -151.949 493
228.871 -151.949 493
228.03 -151.949 493
227.19 -151.949 493
226.35 -151.949 493
225.509 -151.949 493
224.213 -151.641 492
222.466 -151.024 490
221.631 -151.024 490
220.796 -151.024 490
219.511 -150.716 489
218.23 -150.408 488
216.508 -149.791 486
215.679 -149.791 486
214.851 -149.791 486
213.141 -149.175 484
211.878 -148.867 483
211.054 -148.867 483
210.231 -148.867 483
208.974 -148.559 482
207.72 -148.25 481
206.9 -148.25 481
206.08 -148.25 481
204.834 -147.942 480
204.015 -147.942 480
202.774 -147.634 479
201.957 -147.634 479
200.301 -147.017 477
199.069 -146.709 476
197.425 -146.093 474
196.617 -146.093 474
195.809 -146.093 474
194.589 -145.785 473
193.373 -145.476 472
192.161 -145.168 471
191.358 -145.168 471
190.15 -144.86 470
188.543 -144.244 468
186.943 -143.627 466
186.149 -143.627 466
184.559 -143.011 464
183.768 -143.011 464
182.582 -142.703 463
181.793 -142.703 463
181.004 -142.703 463
179.825 -142.394 462
178.65 -142.086 461
177.093 -141.47 459
176.31 -141.47 459
174.763 -140.853 457
173.603 -140.545 456
172.447 -140.237 455
171.671 -140.237 455
170.52 -139.929 454
169.746 -139.929 454
168.6 -139.62 453
167.827 -139.62 453
167.055 -139.62 453
166.283 -139.62 453
165.145 -139.312 452
164.375 -139.312 452
163.242 -139.004 451
162.473 -139.004 451
162.063 -139.312 452
162.006 -139.929 454
161.232 -139.929 454
160.458 -139.929 454
160.036 -140.237 455
159.611 -140.545 456
158.833 -140.545 456
158.056 -140.545 456
157.278 -140.545 456
156.501 -140.545 456
155.724 -140.545 456
139.341 -130.99 425
138.617 -130.99 425
137.892 -130.99 425
137.168 -130.99 425
136.443 -130.99 425
135.718 -130.99 425
134.994 -130.99 425
134.269 -130.99 425
133.545 -130.99 425
132.82 -130.99 425
132.096 -130.99 425
131.062 -130.682 424
130.339 -130.682 424
129.617 -130.682 424
128.894 -130.682 424
128.171 -130.682 424
127.448 -130.682 424
126.426 -130.374 423
125.705 -130.374 423
124.689 -130.066 422
123.676 -129.758 421
122.958 -129.758 421
122.24 -129.758 421
121.523 -129.758 421
120.518 -129.449 420
119.802 -129.449 420
119.086 -129.449 420
118.37 -129.449 420
117.374 -129.141 419
116.66 -129.141 419
115.945 -129.141 419
115.231 -129.141 419
114.243 -128.833 418
113.531 -128.833 418
112.818 -128.833 418
112.106 -128.833 418
111.126 -128.525 417
110.416 -128.525 417
109.442 -128.217 416
108.732 -128.217 416
107.764 -127.908 415
106.798 -127.6 414
105.836 -127.292 413
105.132 -127.292 413
104.428 -127.292 413
103.724 -127.292 413
102.77 -126.984 412
102.068 -126.984 412
101.366 -126.984 412
100.419 -126.675 411
99.7184 -126.675 411
98.7769 -126.367 410
98.0779 -126.367 410
97.1415 -126.059 409
96.2084 -125.751 408
95.5129 -125.751 408
94.8173 -125.751 408
93.8911 -125.443 407
93.1973 -125.443 407
92.5034 -125.443 407
91.8096 -125.443 407
91.1158 -125.443 407
90.422 -125.443 407
89.7281 -125.443 407
89.0343 -125.443 407
88.3405 -125.443 407
87.2159 -124.826 405
86.5255 -124.826 405
85.8351 -124.826 405
291.448 -159.918 516
290.568 -159.918 516
289.688 -159.918 516
289.369 -160.228 517
288.487 -160.228 517
288.162 -160.538 518
287.279 -160.538 518
286.396 -160.538 518
286.064 -160.848 519
285.179 -160.848 519
284.295 -160.848 519
283.41 -160.848 519
283.069 -161.158 520
282.183 -161.158 520
281.296 -161.158 520
280.41 -161.158 520
280.061 -161.468 521
279.173 -161.468 521
278.285 -161.468 521
277.929 -161.778 522
277.57 -162.088 523
276.678 -162.088 523
276.314 -162.397 524
275.946 -162.707 525
276.099 -163.327 527
275.201 -163.327 527
274.823 -163.637 528
273.923 -163.637 528
273.54 -163.947 529
272.638 -163.947 529
271.736 -163.947 529
270.834 -163.947 529
270.443 -164.257 530
269.539 -164.257 530
268.636 -164.257 530
268.237 -164.567 531
267.332 -164.567 531
266.427 -164.567 531
265.522 -164.567 531
265.115 -164.877 532
264.208 -164.877 532
263.301 -164.877 532
262.887 -165.187 533
262.47 -165.497 534
261.56 -165.497 534
261.138 -165.807 535
260.226 -165.807 535
259.314 -165.807 535
258.401 -165.807 535
257.489 -165.807 535
257.537 -166.426 537
256.621 -166.426 537
255.706 -166.426 537
254.79 -166.426 537
253.875 -166.426 537
252.959 -166.426 537
252.044 -166.426 537
229.245 -152.48 492
228.407 -152.48 492
227.568 -152.48 492
226.729 -152.48 492
225.89 -152.48 492
225.052 -152.48 492
223.757 -152.17 491
222.466 -151.86 490
221.631 -151.86 490
220.796 -151.86 490
219.511 -151.55 489
218.23 -151.24 488
216.508 -150.621 486
215.679 -150.621 486
214.851 -150.621 486
213.141 -150.001 484
211.878 -149.691 483
211.054 -149.691 483
210.231 -149.691 483
208.974 -149.381 482
207.72 -149.071 481
206.9 -149.071 481
206.08 -149.071 481
204.834 -148.761 480
204.015 -148.761 480
202.774 -148.451 479
201.957 -148.451 479
200.301 -147.831 477
199.069 -147.521 476
197.425 -146.902 474
196.617 -146.902 474
195.809 -146.902 474
194.589 -146.592 473
193.373 -146.282 472
192.161 -145.972 471
191.358 -145.972 471
190.15 -145.662 470
187.738 -144.422 466
186.141 -143.802 464
185.35 -143.802 464
184.161 -143.492 463
183.372 -143.492 463
182.188 -143.183 462
181.008 -142.873 461
180.222 -142.873 461
179.436 -142.873 461
177.875 -142.253 459
176.707 -141.943 458
175.926 -141.943 458
174.763 -141.633 457
173.603 -141.323 456
172.068 -140.703 454
171.294 -140.703 454
170.52 -140.703 454
169.372 -140.393 453
168.6 -140.393 453
167.827 -140.393 453
166.686 -140.083 452
165.916 -140.083 452
164.78 -139.773 451
163.647 -139.464 450
162.88 -139.464 450
162.113 -139.464 450
161.705 -139.773 451
161.293 -140.083 452
160.522 -140.083 452
160.105 -140.393 453
159.684 -140.703 454
159.611 -141.323 456
158.833 -141.323 456
158.056 -141.323 456
157.278 -141.323 456
156.501 -141.323 456
155.724 -141.323 456
139.341 -131.716 425
138.617 -131.716 425
137.892 -131.716 425
137.168 -131.716 425
136.122 -131.406 424
135.399 -131.406 424
134.676 -131.406 424
133.954 -131.406 424
133.231 -131.406 424
132.508 -131.406 424
131.785 -131.406 424
130.753 -131.096 423
129.725 -130.786 422
129.005 -130.786 422
128.286 -130.786 422
127.566 -130.786 422
126.847 -130.786 422
125.829 -130.476 421
125.111 -130.476 421
124.393 -130.476 421
123.382 -130.166 420
122.666 -130.166 420
121.95 -130.166 420
121.234 -130.166 420
120.518 -130.166 420
119.517 -129.856 419
118.802 -129.856 419
118.088 -129.856 419
117.374 -129.856 419
116.66 -129.856 419
115.668 -129.546 418
114.956 -129.546 418
113.97 -129.236 417
113.259 -129.236 417
112.548 -129.236 417
111.837 -129.236 417
110.86 -128.926 416
109.886 -128.616 415
109.179 -128.616 415
108.471 -128.616 415
107.504 -128.306 414
106.54 -127.996 413
105.836 -127.996 413
105.132 -127.996 413
104.428 -127.996 413
103.724 -127.996 413
102.77 -127.687 412
102.068 -127.687 412
101.366 -127.687 412
100.419 -127.377 411
99.7184 -127.377 411
98.7769 -127.067 410
98.0779 -127.067 410
97.1415 -126.757 409
96.2084 -126.447 408
95.5129 -126.447 408
94.8173 -126.447 408
93.8911 -126.137 407
93.1973 -126.137 407
92.5034 -126.137 407
91.8096 -126.137 407
91.1158 -126.137 407
90.422 -126.137 407
89.7281 -126.137 407
89.0343 -126.137 407
88.3405 -126.137 407
87.2159 -125.517 405
86.5255 -125.517 405
85.8351 -125.517 405
291.448 -160.798 516
290.568 -160.798 516
289.688 -160.798 516
289.369 -161.11 517
288.487 -161.11 517
288.162 -161.422 518
287.279 -161.422 518
286.396 -161.422 518
286.064 -161.733 519
285.179 -161.733 519
284.295 -161.733 519
283.41 -161.733 519
283.069 -162.045 520
282.183 -162.045 520
281.296 -162.045 520
280.949 -162.357 521
280.061 -162.357 521
279.709 -162.668 522
278.819 -162.668 522
277.929 -162.668 522
278.101 -163.291 524
277.207 -163.291 524
276.841 -163.603 525
276.472 -163.915 526
276.623 -164.538 528
275.723 -164.538 528
274.823 -164.538 528
274.442 -164.85 529
273.54 -164.85 529
272.638 -164.85 529
271.736 -164.85 529
271.346 -165.161 530
270.443 -165.161 530
269.539 -165.161 530
269.143 -165.473 531
268.237 -165.473 531
267.332 -165.473 531
266.427 -165.473 531
266.022 -165.784 532
265.115 -165.784 532
264.704 -166.096 533
263.796 -166.096 533
263.38 -166.408 534
262.962 -166.719 535
262.05 -166.719 535
261.138 -166.719 535
260.226 -166.719 535
259.314 -166.719 535
258.401 -166.719 535
257.971 -167.031 536
257.537 -167.343 537
256.621 -167.343 537
255.706 -167.343 537
254.79 -167.343 537
254.348 -167.654 538
253.43 -167.654 538
252.513 -167.654 538
251.596 -167.654 538
228.313 -152.696 490
227.478 -152.696 490
226.643 -152.696 490
225.808 -152.696 490
224.972 -152.696 490
224.137 -152.696 490
223.302 -152.696 490
222.012 -152.385 489
221.179 -152.385 489
220.345 -152.385 489
218.614 -151.761 487
216.889 -151.138 485
215.617 -150.826 484
214.348 -150.515 483
213.524 -150.515 483
212.261 -150.203 482
211.439 -150.203 482
210.18 -149.892 481
209.36 -149.892 481
208.54 -149.892 481
207.72 -149.892 481
206.47 -149.58 480
205.652 -149.58 480
204.834 -149.58 480
203.59 -149.268 479
201.927 -148.645 477
201.114 -148.645 477
199.881 -148.333 476
198.233 -147.71 474
197.425 -147.71 474
196.617 -147.71 474
195.396 -147.399 473
194.178 -147.087 472
192.964 -146.775 471
191.345 -146.152 469
190.545 -146.152 469
188.937 -145.529 467
187.738 -145.217 466
186.141 -144.594 464
185.35 -144.594 464
184.161 -144.282 463
183.372 -144.282 463
182.188 -143.971 462
181.008 -143.659 461
180.222 -143.659 461
179.436 -143.659 461
177.875 -143.036 459
176.707 -142.724 458
175.926 -142.724 458
174.763 -142.413 457
173.603 -142.101 456
172.068 -141.478 454
171.294 -141.478 454
170.52 -141.478 454
169.372 -141.166 453
168.6 -141.166 453
167.827 -141.166 453
166.686 -140.854 452
165.916 -140.854 452
164.78 -140.543 451
163.647 -140.231 450
162.88 -140.231 450
162.113 -140.231 450
161.705 -140.543 451
161.293 -140.854 452
160.522 -140.854 452
160.105 -141.166 453
159.684 -141.478 454
159.26 -141.789 455
158.485 -141.789 455
158.056 -142.101 456
157.278 -142.101 456
156.501 -142.101 456
155.724 -142.101 456
139.341 -132.441 425
138.617 -132.441 425
137.892 -132.441 425
137.168 -132.441 425
136.122 -132.129 424
135.08 -131.817 423
134.359 -131.817 423
133.322 -131.506 422
132.602 -131.506 422
131.883 -131.506 422
130.853 -131.194 421
130.135 -131.194 421
129.417 -131.194 421
128.7 -131.194 421
127.678 -130.882 420
126.962 -130.882 420
126.246 -130.882 420
125.53 -130.882 420
124.814 -130.882 420
124.098 -130.882 420
123.088 -130.571 419
122.374 -130.571 419
121.66 -130.571 419
120.945 -130.571 419
120.231 -130.571 419
119.517 -130.571 419
118.519 -130.259 418
117.806 -130.259 418
117.094 -130.259 418
116.381 -130.259 418
115.392 -129.948 417
114.681 -129.948 417
113.697 -129.636 416
112.988 -129.636 416
112.278 -129.636 416
111.569 -129.636 416
110.594 -129.324 415
109.621 -129.013 414
108.915 -129.013 414
108.21 -129.013 414
107.504 -129.013 414
106.54 -128.701 413
105.836 -128.701 413
105.132 -128.701 413
104.428 -128.701 413
103.473 -128.389 412
102.77 -128.389 412
102.068 -128.389 412
101.12 -128.078 411
100.419 -128.078 411
99.4758 -127.766 410
98.5359 -127.455 409
97.8387 -127.455 409
96.9039 -127.143 408
96.2084 -127.143 408
95.2788 -126.831 407
94.5849 -126.831 407
93.6604 -126.52 406
92.9683 -126.52 406
92.2762 -126.52 406
91.584 -126.52 406
90.8919 -126.52 406
90.422 -126.831 407
89.7281 -126.831 407
89.0343 -126.831 407
88.1234 -126.52 406
87.2159 -126.208 405
86.5255 -126.208 405
85.8351 -126.208 405
291.448 -161.679 516
290.568 -161.679 516
289.688 -161.679 516
289.369 -161.992 517
288.487 -161.992 517
288.162 -162.306 518
287.279 -162.306 518
286.949 -162.619 519
286.064 -162.619 519
285.179 -162.619 519
284.295 -162.619 519
283.956 -162.932 520
283.069 -162.932 520
282.183 -162.932 520
281.296 -162.932 520
280.949 -163.245 521
280.599 -163.559 522
279.709 -163.559 522
278.819 -163.559 522
278.461 -163.872 523
278.631 -164.499 525
277.736 -164.499 525
276.841 -164.499 525
276.472 -164.812 526
276.623 -165.439 528
275.723 -165.439 528
275.343 -165.752 529
274.442 -165.752 529
273.54 -165.752 529
272.638 -165.752 529
272.25 -166.065 530
271.346 -166.065 530
270.443 -166.065 530
269.539 -166.065 530
269.143 -166.379 531
268.237 -166.379 531
267.332 -166.379 531
266.427 -166.379 531
266.022 -166.692 532
265.115 -166.692 532
264.704 -167.005 533
263.796 -167.005 533
263.874 -167.632 535
263.453 -167.945 536
262.539 -167.945 536
261.626 -167.945 536
260.712 -167.945 536
259.798 -167.945 536
258.884 -167.945 536
257.971 -167.945 536
257.537 -168.259 537
256.621 -168.259 537
255.706 -168.259 537
255.265 -168.572 538
254.348 -168.572 538
253.901 -168.885 539
252.983 -168.885 539
252.064 -168.885 539
227.848 -153.219 489
227.014 -153.219 489
226.18 -153.219 489
225.347 -153.219 489
224.513 -153.219 489
223.679 -153.219 489
222.39 -152.906 488
220.65 -152.279 486
219.369 -151.966 485
218.543 -151.966 485
216.818 -151.339 483
215.547 -151.026 482
214.28 -150.712 481
213.46 -150.712 481
212.64 -150.712 481
211.82 -150.712 481
211 -150.712 481
209.743 -150.399 480
208.925 -150.399 480
208.107 -150.399 480
207.288 -150.399 480
206.04 -150.086 479
205.223 -150.086 479
204.407 -150.086 479
203.165 -149.772 478
201.504 -149.146 476
200.692 -149.146 476
199.041 -148.519 474
197.815 -148.206 473
197.008 -148.206 473
196.202 -148.206 473
194.983 -147.892 472
193.767 -147.579 471
192.144 -146.952 469
190.529 -146.326 467
189.733 -146.326 467
188.532 -146.012 466
186.932 -145.386 464
185.74 -145.072 463
184.95 -145.072 463
184.161 -145.072 463
182.976 -144.759 462
181.794 -144.446 461
181.008 -144.446 461
180.222 -144.446 461
179.047 -144.132 460
177.875 -143.819 459
176.321 -143.192 457
175.542 -143.192 457
174.38 -142.879 456
173.222 -142.566 455
172.068 -142.252 454
171.294 -142.252 454
170.144 -141.939 453
169.372 -141.939 453
168.228 -141.626 452
167.457 -141.626 452
166.686 -141.626 452
165.549 -141.312 451
164.415 -140.999 450
163.284 -140.686 449
162.518 -140.686 449
161.753 -140.686 449
160.629 -140.372 448
160.222 -140.686 449
159.457 -140.686 449
160.105 -141.939 453
159.684 -142.252 454
159.26 -142.566 455
158.485 -142.566 455
158.056 -142.879 456
157.278 -142.879 456
156.501 -142.879 456
155.724 -142.879 456
139.341 -133.166 425
138.617 -133.166 425
137.892 -133.166 425
137.168 -133.166 425
136.122 -132.852 424
135.08 -132.539 423
134.359 -132.539 423
133.322 -132.226 422
132.602 -132.226 422
131.883 -132.226 422
130.853 -131.912 421
130.135 -131.912 421
129.417 -131.912 421
128.7 -131.912 421
127.678 -131.599 420
126.962 -131.599 420
126.246 -131.599 420
125.231 -131.286 419
124.517 -131.286 419
123.802 -131.286 419
123.088 -131.286 419
122.374 -131.286 419
121.66 -131.286 419
120.945 -131.286 419
119.944 -130.972 418
119.231 -130.972 418
118.235 -130.659 417
117.524 -130.659 417
116.814 -130.659 417
116.103 -130.659 417
115.115 -130.346 416
114.406 -130.346 416
113.423 -130.032 415
112.716 -130.032 415
111.739 -129.719 414
111.033 -129.719 414
110.327 -129.719 414
109.621 -129.719 414
108.915 -129.719 414
108.21 -129.719 414
107.244 -129.406 413
106.282 -129.092 412
105.58 -129.092 412
104.878 -129.092 412
104.175 -129.092 412
103.473 -129.092 412
102.521 -128.779 411
101.82 -128.779 411
100.874 -128.466 410
100.175 -128.466 410
98.9906 -127.839 408
98.0541 -127.526 407
97.3603 -127.526 407
96.6664 -127.526 407
95.9726 -127.526 407
95.0447 -127.212 406
94.3525 -127.212 406
93.6604 -127.212 406
92.9683 -127.212 406
92.2762 -127.212 406
91.584 -127.212 406
90.8919 -127.212 406
90.1998 -127.212 406
89.5077 -127.212 406
88.8155 -127.212 406
88.1234 -127.212 406
87.2159 -126.899 405
86.3119 -126.586 404
85.6231 -126.586 404
291.448 -162.559 516
290.568 -162.559 516
289.688 -162.559 516
289.369 -162.874 517
289.045 -163.189 518
288.162 -163.189 518
287.279 -163.189 518
286.949 -163.504 519
286.064 -163.504 519
285.179 -163.504 519
284.295 -163.504 519
283.956 -163.819 520
283.069 -163.819 520
282.183 -163.819 520
281.296 -163.819 520
280.949 -164.134 521
280.599 -164.449 522
279.709 -164.449 522
278.819 -164.449 522
278.461 -164.764 523
278.631 -165.395 525
277.736 -165.395 525
276.841 -165.395 525
276.472 -165.71 526
276.623 -166.34 528
275.723 -166.34 528
275.343 -166.655 529
274.442 -166.655 529
273.54 -166.655 529
272.638 -166.655 529
272.25 -166.97 530
271.346 -166.97 530
270.443 -166.97 530
269.539 -166.97 530
269.143 -167.285 531
268.237 -167.285 531
267.332 -167.285 531
266.427 -167.285 531
266.022 -167.6 532
265.613 -167.915 533
264.704 -167.915 533
264.291 -168.23 534
263.874 -168.545 535
263.453 -168.86 536
262.539 -168.86 536
262.114 -169.175 537
261.198 -169.175 537
260.283 -169.175 537
258.884 -168.86 536
258.452 -169.175 537
257.537 -169.175 537
257.099 -169.49 538
256.182 -169.49 538
255.265 -169.49 538
254.348 -169.49 538
253.901 -169.805 539
252.983 -169.805 539
252.064 -169.805 539
227.848 -154.053 489
227.014 -154.053 489
226.18 -154.053 489
225.347 -154.053 489
224.513 -154.053 489
223.679 -154.053 489
222.39 -153.738 488
220.65 -153.108 486
218.465 -152.163 483
217.191 -151.848 482
216.369 -151.848 482
215.1 -151.533 481
214.28 -151.533 481
213.46 -151.533 481
212.64 -151.533 481
211.82 -151.533 481
210.562 -151.218 480
209.743 -151.218 480
208.925 -151.218 480
207.673 -150.903 479
206.857 -150.903 479
206.04 -150.903 479
205.223 -150.903 479
203.98 -150.588 478
202.74 -150.273 477
201.08 -149.643 475
200.271 -149.643 475
198.621 -149.013 473
197.815 -149.013 473
196.592 -148.698 472
195.372 -148.383 471
194.569 -148.383 471
193.355 -148.067 470
191.325 -147.122 467
190.121 -146.807 466
189.326 -146.807 466
187.723 -146.177 464
186.932 -146.177 464
185.74 -145.862 463
184.95 -145.862 463
183.763 -145.547 462
182.58 -145.232 461
181.794 -145.232 461
180.615 -144.917 460
179.831 -144.917 460
178.658 -144.602 459
177.488 -144.287 458
176.321 -143.972 457
175.542 -143.972 457
174.38 -143.657 456
173.222 -143.342 455
172.068 -143.027 454
171.294 -143.027 454
170.144 -142.712 453
168.998 -142.397 452
167.855 -142.082 451
167.086 -142.082 451
166.318 -142.082 451
165.182 -141.767 450
164.049 -141.452 449
163.284 -141.452 449
162.518 -141.452 449
161.393 -141.137 448
160.629 -141.137 448
159.865 -141.137 448
159.457 -141.452 449
158.691 -141.452 449
157.926 -141.452 449
138.685 -133.261 423
137.964 -133.261 423
137.243 -133.261 423
136.522 -133.261 423
135.801 -133.261 423
134.441 -132.631 421
133.723 -132.631 421
133.006 -132.631 421
132.288 -132.631 421
131.57 -132.631 421
130.542 -132.316 420
129.826 -132.316 420
129.11 -132.316 420
128.394 -132.316 420
127.374 -132.001 419
126.66 -132.001 419
125.945 -132.001 419
125.231 -132.001 419
124.517 -132.001 419
123.802 -132.001 419
123.088 -132.001 419
122.374 -132.001 419
121.66 -132.001 419
120.945 -132.001 419
119.944 -131.686 418
119.231 -131.686 418
118.235 -131.37 417
117.524 -131.37 417
116.814 -131.37 417
116.103 -131.37 417
115.115 -131.055 416
114.406 -131.055 416
113.423 -130.74 415
112.716 -130.74 415
111.739 -130.425 414
111.033 -130.425 414
110.327 -130.425 414
109.621 -130.425 414
108.915 -130.425 414
108.21 -130.425 414
107.244 -130.11 413
106.282 -129.795 412
105.58 -129.795 412
104.878 -129.795 412
104.175 -129.795 412
103.473 -129.795 412
102.022 -128.85 409
101.077 -128.535 408
100.382 -128.535 408
99.4418 -128.22 407
98.5053 -127.905 406
97.8132 -127.905 406
97.1211 -127.905 406
96.4289 -127.905 406
95.7368 -127.905 406
95.0447 -127.905 406
94.3525 -127.905 406
93.6604 -127.905 406
92.7393 -127.59 405
92.2762 -127.905 406
91.584 -127.905 406
90.8919 -127.905 406
90.1998 -127.905 406
89.5077 -127.905 406
88.8155 -127.905 406
87.9063 -127.59 405
87.2159 -127.59 405
86.3119 -127.275 404
85.6231 -127.275 404
291.448 -163.44 516
291.131 -163.756 517
290.25 -163.756 517
289.928 -164.073 518
289.045 -164.073 518
288.162 -164.073 518
287.279 -164.073 518
286.949 -164.39 519
286.064 -164.39 519
285.729 -164.707 520
284.842 -164.707 520
283.956 -164.707 520
283.069 -164.707 520
282.726 -165.023 521
281.837 -165.023 521
280.949 -165.023 521
280.599 -165.34 522
279.709 -165.34 522
279.353 -165.657 523
278.461 -165.657 523
278.631 -166.29 525
277.736 -166.29 525
277.369 -166.607 526
276.472 -166.607 526
276.623 -167.24 528
275.723 -167.24 528
275.343 -167.557 529
274.442 -167.557 529
273.54 -167.557 529
272.638 -167.557 529
272.25 -167.874 530
271.346 -167.874 530
270.443 -167.874 530
269.539 -167.874 530
269.143 -168.191 531
268.237 -168.191 531
267.332 -168.191 531
266.427 -168.191 531
266.022 -168.507 532
265.613 -168.824 533
264.704 -168.824 533
264.291 -169.141 534
263.874 -169.458 535
263.453 -169.774 536
262.539 -169.774 536
262.114 -170.091 537
261.198 -170.091 537
260.283 -170.091 537
258.884 -169.774 536
258.452 -170.091 537
257.537 -170.091 537
257.099 -170.408 538
256.182 -170.408 538
255.265 -170.408 538
254.348 -170.408 538
253.901 -170.725 539
252.983 -170.725 539
252.064 -170.725 539
227.848 -154.887 489
227.014 -154.887 489
226.18 -154.887 489
225.347 -154.887 489
224.054 -154.571 488
223.222 -154.571 488
221.479 -153.937 486
220.196 -153.62 485
218.465 -152.987 483
217.191 -152.67 482
216.369 -152.67 482
215.1 -152.354 481
214.28 -152.354 481
213.46 -152.354 481
212.64 -152.354 481
211.82 -152.354 481
210.562 -152.037 480
209.743 -152.037 480
208.925 -152.037 480
207.673 -151.72 479
206.857 -151.72 479
206.04 -151.72 479
205.223 -151.72 479
203.98 -151.403 478
202.74 -151.087 477
201.08 -150.453 475
200.271 -150.453 475
198.621 -149.82 473
197.815 -149.82 473
196.592 -149.503 472
195.372 -149.186 471
194.569 -149.186 471
193.355 -148.869 470
191.325 -147.919 467
190.121 -147.602 466
189.326 -147.602 466
187.723 -146.969 464
186.932 -146.969 464
185.74 -146.652 463
184.95 -146.652 463
183.763 -146.335 462
182.58 -146.019 461
181.399 -145.702 460
180.223 -145.385 459
179.44 -145.385 459
178.268 -145.068 458
177.1 -144.752 457
176.321 -144.752 457
175.542 -144.752 457
174.38 -144.435 456
173.222 -144.118 455
172.068 -143.801 454
171.294 -143.801 454
169.769 -143.168 452
168.624 -142.851 451
167.855 -142.851 451
167.086 -142.851 451
165.949 -142.534 450
164.815 -142.218 449
164.049 -142.218 449
162.92 -141.901 448
162.156 -141.901 448
161.393 -141.901 448
160.27 -141.584 447
159.508 -141.584 447
158.746 -141.584 447
157.984 -141.584 447
139.465 -133.349 421
138.747 -133.349 421
138.685 -133.982 423
137.964 -133.982 423
137.243 -133.982 423
136.522 -133.982 423
135.159 -133.349 421
134.122 -133.032 420
133.406 -133.032 420
132.69 -133.032 420
131.974 -133.032 420
131.258 -133.032 420
130.231 -132.715 419
129.517 -132.715 419
128.802 -132.715 419
128.088 -132.715 419
127.374 -132.715 419
126.66 -132.715 419
125.945 -132.715 419
125.231 -132.715 419
124.517 -132.715 419
123.802 -132.715 419
122.794 -132.399 418
122.082 -132.399 418
121.369 -132.399 418
120.657 -132.399 418
119.944 -132.399 418
118.946 -132.082 417
118.235 -132.082 417
117.524 -132.082 417
116.533 -131.765 416
115.824 -131.765 416
114.838 -131.448 415
114.131 -131.448 415
113.15 -131.132 414
112.173 -130.815 413
111.469 -130.815 413
110.765 -130.815 413
110.061 -130.815 413
109.356 -130.815 413
108.389 -130.498 412
107.687 -130.498 412
106.985 -130.498 412
106.282 -130.498 412
105.324 -130.181 411
104.623 -130.181 411
103.922 -130.181 411
103.222 -130.181 411
102.022 -129.548 409
101.077 -129.231 408
100.382 -129.231 408
99.4418 -128.915 407
98.5053 -128.598 406
97.8132 -128.598 406
97.1211 -128.598 406
96.4289 -128.598 406
95.7368 -128.598 406
95.0447 -128.598 406
94.3525 -128.598 406
93.6604 -128.598 406
92.7393 -128.281 405
92.2762 -128.598 406
91.584 -128.598 406
90.8919 -128.598 406
90.1998 -128.598 406
89.5077 -128.598 406
88.8155 -128.598 406
87.9063 -128.281 405
87.2159 -128.281 405
86.3119 -127.964 404
85.6231 -127.964 404
291.448 -164.32 516
291.131 -164.638 517
290.25 -164.638 517
289.928 -164.957 518
289.045 -164.957 518
288.162 -164.957 518
287.279 -164.957 518
286.949 -165.275 519
286.615 -165.594 520
285.729 -165.594 520
284.842 -165.594 520
283.956 -165.594 520
283.069 -165.594 520
282.726 -165.912 521
281.837 -165.912 521
280.949 -165.912 521
280.599 -166.231 522
279.709 -166.231 522
279.353 -166.549 523
278.461 -166.549 523
278.631 -167.186 525
277.736 -167.186 525
277.369 -167.504 526
276.472 -167.504 526
276.623 -168.141 528
275.723 -168.141 528
275.343 -168.46 529
274.442 -168.46 529
274.057 -168.778 530
273.153 -168.778 530
272.25 -168.778 530
271.346 -168.778 530
270.443 -168.778 530
269.539 -168.778 530
269.143 -169.097 531
268.237 -169.097 531
267.836 -169.415 532
266.929 -169.415 532
266.022 -169.415 532
266.111 -170.052 534
265.201 -170.052 534
264.786 -170.37 535
264.367 -170.689 536
263.945 -171.007 537
263.029 -171.007 537
262.114 -171.007 537
261.198 -171.007 537
260.283 -171.007 537
259.367 -171.007 537
258.452 -171.007 537
258.016 -171.326 538
257.577 -171.644 539
256.658 -171.644 539
255.739 -171.644 539
254.82 -171.644 539
253.901 -171.644 539
252.983 -171.644 539
252.064 -171.644 539
227.848 -155.722 489
227.014 -155.722 489
226.18 -155.722 489
225.347 -155.722 489
224.054 -155.403 488
223.222 -155.403 488
221.479 -154.766 486
219.742 -154.13 484
218.465 -153.811 483
217.191 -153.493 482
216.369 -153.493 482
215.1 -153.174 481
214.28 -153.174 481
213.46 -153.174 481
212.64 -153.174 481
211.38 -152.856 480
210.562 -152.856 480
209.306 -152.537 479
208.49 -152.537 479
207.673 -152.537 479
206.425 -152.219 478
205.61 -152.219 478
204.795 -152.219 478
203.553 -151.9 477
202.315 -151.582 476
200.657 -150.945 474
199.849 -150.945 474
198.621 -150.627 473
197.397 -150.308 472
196.175 -149.99 471
195.372 -149.99 471
194.569 -149.99 471
192.944 -149.353 469
191.325 -148.716 467
189.713 -148.079 465
188.92 -148.079 465
187.723 -147.761 464
186.529 -147.442 463
185.74 -147.442 463
184.95 -147.442 463
183.763 -147.124 462
182.58 -146.805 461
181.399 -146.487 460
180.223 -146.168 459
179.44 -146.168 459
178.268 -145.85 458
177.1 -145.531 457
176.321 -145.531 457
175.542 -145.531 457
174.38 -145.213 456
173.222 -144.894 455
172.068 -144.576 454
171.294 -144.576 454
169.769 -143.939 452
168.624 -143.621 451
167.855 -143.621 451
167.086 -143.621 451
165.949 -143.302 450
164.815 -142.984 449
164.049 -142.984 449
162.92 -142.665 448
162.156 -142.665 448
161.393 -142.665 448
160.27 -142.347 447
159.508 -142.347 447
158.746 -142.347 447
157.984 -142.347 447
147.374 -133.43 419
147.01 -133.749 420
146.294 -133.749 420
145.578 -133.749 420
142.336 -134.067 421
141.618 -134.067 421
140.9 -134.067 421
140.183 -134.067 421
139.465 -134.067 421
138.747 -134.067 421
138.03 -134.067 421
137.312 -134.067 421
136.594 -134.067 421
135.877 -134.067 421
134.838 -133.749 420
134.122 -133.749 420
133.088 -133.43 419
132.374 -133.43 419
131.66 -133.43 419
130.945 -133.43 419
130.231 -133.43 419
129.517 -133.43 419
128.495 -133.112 418
127.782 -133.112 418
127.07 -133.112 418
126.357 -133.112 418
125.645 -133.112 418
124.932 -133.112 418
124.22 -133.112 418
123.507 -133.112 418
122.794 -133.112 418
122.082 -133.112 418
121.079 -132.793 417
120.368 -132.793 417
119.657 -132.793 417
118.661 -132.475 416
117.952 -132.475 416
117.243 -132.475 416
116.253 -132.156 415
115.267 -131.838 414
114.562 -131.838 414
113.856 -131.838 414
112.877 -131.52 413
112.173 -131.52 413
111.469 -131.52 413
110.765 -131.52 413
109.794 -131.201 412
109.092 -131.201 412
108.389 -131.201 412
107.687 -131.201 412
106.725 -130.883 411
106.024 -130.883 411
105.067 -130.564 410
104.114 -130.246 409
103.417 -130.246 409
102.719 -130.246 409
101.773 -129.927 408
100.829 -129.609 407
100.136 -129.609 407
99.1974 -129.29 406
98.5053 -129.29 406
97.8132 -129.29 406
97.1211 -129.29 406
96.4289 -129.29 406
95.501 -128.972 405
94.8106 -128.972 405
94.1202 -128.972 405
93.4297 -128.972 405
92.7393 -128.972 405
92.0489 -128.972 405
91.3585 -128.972 405
90.668 -128.972 405
89.9776 -128.972 405
89.2872 -128.972 405
88.5968 -128.972 405
87.9063 -128.972 405
87.0006 -128.654 404
86.0982 -128.335 403
85.4112 -128.335 403
291.448 -165.2 516
291.131 -165.52 517
290.25 -165.52 517
289.928 -165.841 518
289.045 -165.841 518
288.162 -165.841 518
287.279 -165.841 518
286.949 -166.161 519
286.615 -166.481 520
285.729 -166.481 520
284.842 -166.481 520
283.956 -166.481 520
283.614 -166.801 521
282.726 -166.801 521
281.837 -166.801 521
281.488 -167.121 522
281.136 -167.441 523
280.245 -167.441 523
279.353 -167.441 523
278.994 -167.761 524
278.631 -168.082 525
277.736 -168.082 525
277.369 -168.402 526
276.472 -168.402 526
276.623 -169.042 528
275.723 -169.042 528
275.343 -169.362 529
274.442 -169.362 529
274.057 -169.682 530
273.153 -169.682 530
272.25 -169.682 530
271.346 -169.682 530
270.443 -169.682 530
269.539 -169.682 530
269.143 -170.003 531
268.743 -170.323 532
267.836 -170.323 532
266.929 -170.323 532
266.522 -170.643 533
266.111 -170.963 534
265.201 -170.963 534
265.281 -171.603 536
264.86 -171.924 537
263.945 -171.924 537
263.029 -171.924 537
262.602 -172.244 538
261.685 -172.244 538
260.768 -172.244 538
259.85 -172.244 538
258.452 -171.924 537
258.496 -172.564 539
257.577 -172.564 539
256.658 -172.564 539
255.739 -172.564 539
254.82 -172.564 539
254.372 -172.884 540
253.452 -172.884 540
252.531 -172.884 540
227.848 -156.556 489
227.014 -156.556 489
226.18 -156.556 489
224.886 -156.236 488
223.595 -155.916 487
222.765 -155.916 487
221.479 -155.596 486
219.742 -154.955 484
217.108 -153.675 480
216.29 -153.675 480
215.471 -153.675 480
214.653 -153.675 480
213.835 -153.675 480
213.016 -153.675 480
212.198 -153.675 480
211.38 -153.675 480
210.123 -153.354 479
209.306 -153.354 479
208.49 -153.354 479
207.24 -153.034 478
205.993 -152.714 477
205.18 -152.714 477
204.367 -152.714 477
203.127 -152.394 476
201.465 -151.754 474
200.657 -151.754 474
199.849 -151.754 474
198.621 -151.434 473
197.397 -151.113 472
196.175 -150.793 471
194.958 -150.473 470
194.156 -150.473 470
192.532 -149.833 468
190.505 -148.872 465
189.305 -148.552 464
188.514 -148.552 464
187.723 -148.552 464
186.529 -148.232 463
185.338 -147.912 462
184.551 -147.912 462
183.366 -147.592 461
181.788 -146.951 459
180.611 -146.631 458
179.437 -146.311 457
178.658 -146.311 457
177.879 -146.311 457
177.1 -146.311 457
175.935 -145.991 456
175.158 -145.991 456
173.998 -145.671 455
172.842 -145.351 454
171.689 -145.03 453
170.916 -145.03 453
169.393 -144.39 451
168.25 -144.07 450
167.111 -143.75 449
166.346 -143.75 449
165.58 -143.75 449
164.815 -143.75 449
163.684 -143.43 448
162.92 -143.43 448
162.156 -143.43 448
161.032 -143.11 447
159.912 -142.789 446
159.152 -142.789 446
158.391 -142.789 446
148.088 -134.145 419
147.374 -134.145 419
147.01 -134.465 420
146.294 -134.465 420
145.578 -134.465 420
144.862 -134.465 420
144.489 -134.785 421
143.771 -134.785 421
143.054 -134.785 421
142.336 -134.785 421
141.618 -134.785 421
140.9 -134.785 421
140.183 -134.785 421
139.465 -134.785 421
138.747 -134.785 421
138.03 -134.785 421
137.312 -134.785 421
136.594 -134.785 421
135.877 -134.785 421
134.838 -134.465 420
134.122 -134.465 420
133.088 -134.145 419
132.374 -134.145 419
131.66 -134.145 419
130.945 -134.145 419
130.231 -134.145 419
129.517 -134.145 419
128.495 -133.825 418
127.782 -133.825 418
127.07 -133.825 418
126.357 -133.825 418
125.645 -133.825 418
124.932 -133.825 418
123.922 -133.505 417
123.211 -133.505 417
122.207 -133.185 416
121.498 -133.185 416
120.788 -133.185 416
120.079 -133.185 416
119.083 -132.865 415
118.09 -132.544 414
117.385 -132.544 414
116.679 -132.544 414
115.973 -132.544 414
114.989 -132.224 413
114.285 -132.224 413
113.581 -132.224 413
112.603 -131.904 412
111.901 -131.904 412
111.199 -131.904 412
110.496 -131.904 412
109.794 -131.904 412
108.827 -131.584 411
108.126 -131.584 411
107.426 -131.584 411
106.465 -131.264 410
105.508 -130.944 409
104.811 -130.944 409
103.859 -130.623 408
103.164 -130.623 408
102.217 -130.303 407
101.523 -130.303 407
100.582 -129.983 406
99.8896 -129.983 406
99.1974 -129.983 406
98.5053 -129.983 406
97.5723 -129.663 405
96.8818 -129.663 405
96.1914 -129.663 405
95.501 -129.663 405
94.8106 -129.663 405
94.1202 -129.663 405
93.199 -129.343 404
92.5103 -129.343 404
91.8216 -129.343 404
91.1329 -129.343 404
90.4442 -129.343 404
89.7554 -129.343 404
89.0667 -129.343 404
88.378 -129.343 404
87.6893 -129.343 404
87.0006 -129.343 404
85.8846 -128.703 402
85.1993 -128.703 402
291.448 -166.081 516
291.131 -166.402 517
290.25 -166.402 517
289.928 -166.724 518
289.045 -166.724 518
288.162 -166.724 518
287.279 -166.724 518
286.949 -167.046 519
286.615 -167.368 520
285.729 -167.368 520
284.842 -167.368 520
283.956 -167.368 520
283.614 -167.69 521
282.726 -167.69 521
281.837 -167.69 521
281.488 -168.012 522
281.136 -168.334 523
280.245 -168.334 523
279.353 -168.334 523
278.994 -168.655 524
278.631 -168.977 525
277.736 -168.977 525
277.369 -169.299 526
276.472 -169.299 526
276.623 -169.943 528
275.723 -169.943 528
275.343 -170.265 529
274.442 -170.265 529
274.057 -170.587 530
273.153 -170.587 530
272.25 -170.587 530
271.346 -170.587 530
270.443 -170.587 530
269.539 -170.587 530
269.143 -170.909 531
268.743 -171.23 532
267.836 -171.23 532
266.929 -171.23 532
267.022 -171.874 534
266.61 -172.196 535
265.698 -172.196 535
265.281 -172.518 536
264.86 -172.84 537
264.436 -173.162 538
263.519 -173.162 538
262.602 -173.162 538
261.685 -173.162 538
260.768 -173.162 538
259.85 -173.162 538
258.933 -173.162 538
258.496 -173.483 539
257.577 -173.483 539
256.658 -173.483 539
255.739 -173.483 539
255.293 -173.805 540
254.372 -173.805 540
253.452 -173.805 540
252.531 -173.805 540
227.848 -157.39 489
227.014 -157.39 489
226.18 -157.39 489
224.886 -157.068 488
223.595 -156.747 487
222.765 -156.747 487
221.479 -156.425 486
219.742 -155.781 484
217.108 -154.494 480
216.29 -154.494 480
215.471 -154.494 480
214.206 -154.172 479
213.389 -154.172 479
212.573 -154.172 479
211.756 -154.172 479
210.939 -154.172 479
210.123 -154.172 479
208.432 -153.528 477
207.619 -153.528 477
206.806 -153.528 477
205.561 -153.206 476
204.319 -152.884 475
203.51 -152.884 475
202.273 -152.562 474
201.465 -152.562 474
200.234 -152.241 473
199.427 -152.241 473
198.201 -151.919 472
196.978 -151.597 471
195.759 -151.275 470
194.128 -150.631 468
193.33 -150.631 468
191.71 -149.988 466
190.505 -149.666 465
189.305 -149.344 464
188.514 -149.344 464
187.318 -149.022 463
186.126 -148.7 462
184.937 -148.378 461
184.151 -148.378 461
182.57 -147.734 459
181.391 -147.413 458
180.216 -147.091 457
179.045 -146.769 456
178.267 -146.769 456
177.49 -146.769 456
176.713 -146.769 456
175.549 -146.447 455
174.774 -146.447 455
173.616 -146.125 454
172.461 -145.803 453
170.931 -145.16 451
170.162 -145.16 451
169.017 -144.838 450
167.876 -144.516 449
167.111 -144.516 449
166.346 -144.516 449
165.58 -144.516 449
164.448 -144.194 448
163.684 -144.194 448
162.556 -143.872 447
161.794 -143.872 447
160.672 -143.55 446
159.912 -143.55 446
148.088 -134.86 419
147.726 -135.182 420
147.01 -135.182 420
146.294 -135.182 420
145.578 -135.182 420
144.862 -135.182 420
144.489 -135.504 421
143.771 -135.504 421
143.054 -135.504 421
142.336 -135.504 421
141.618 -135.504 421
140.9 -135.504 421
140.183 -135.504 421
139.465 -135.504 421
138.747 -135.504 421
138.03 -135.504 421
137.312 -135.504 421
136.27 -135.182 420
135.554 -135.182 420
134.838 -135.182 420
133.802 -134.86 419
133.088 -134.86 419
132.374 -134.86 419
131.66 -134.86 419
130.633 -134.538 418
129.92 -134.538 418
129.208 -134.538 418
128.495 -134.538 418
127.782 -134.538 418
126.766 -134.216 417
126.055 -134.216 417
125.344 -134.216 417
124.633 -134.216 417
123.922 -134.216 417
123.211 -134.216 417
122.207 -133.894 416
121.498 -133.894 416
120.788 -133.894 416
120.079 -133.894 416
119.083 -133.573 415
118.09 -133.251 414
117.385 -133.251 414
116.679 -133.251 414
115.973 -133.251 414
114.989 -132.929 413
114.285 -132.929 413
113.581 -132.929 413
112.603 -132.607 412
111.901 -132.607 412
111.199 -132.607 412
110.496 -132.607 412
109.794 -132.607 412
108.827 -132.285 411
108.126 -132.285 411
107.426 -132.285 411
106.465 -131.963 410
105.508 -131.641 409
104.811 -131.641 409
103.859 -131.32 408
103.164 -131.32 408
102.217 -130.998 407
101.523 -130.998 407
100.582 -130.676 406
99.8896 -130.676 406
98.9531 -130.354 405
98.2627 -130.354 405
97.5723 -130.354 405
96.8818 -130.354 405
95.9539 -130.032 404
95.2652 -130.032 404
94.5765 -130.032 404
93.8878 -130.032 404
92.9684 -129.71 403
92.2813 -129.71 403
91.5943 -129.71 403
91.1329 -130.032 404
90.4442 -130.032 404
89.7554 -130.032 404
87.9405 -129.388 402
87.2552 -129.388 402
86.5699 -129.388 402
291.448 -166.961 516
290.568 -166.961 516
289.688 -166.961 516
289.928 -167.608 518
289.045 -167.608 518
288.162 -167.608 518
287.279 -167.608 518
286.949 -167.932 519
286.615 -168.255 520
285.729 -168.255 520
284.842 -168.255 520
283.956 -168.255 520
283.614 -168.579 521
282.726 -168.579 521
281.837 -168.579 521
281.488 -168.902 522
281.136 -169.226 523
280.245 -169.226 523
279.887 -169.549 524
278.994 -169.549 524
279.162 -170.197 526
278.265 -170.197 526
277.369 -170.197 526
276.472 -170.197 526
276.623 -170.844 528
275.723 -170.844 528
275.343 -171.167 529
274.442 -171.167 529
274.057 -171.491 530
273.153 -171.491 530
272.25 -171.491 530
271.346 -171.491 530
270.443 -171.491 530
269.539 -171.491 530
269.143 -171.814 531
268.743 -172.138 532
267.836 -172.138 532
266.929 -172.138 532
267.022 -172.785 534
266.61 -173.109 535
265.698 -173.109 535
265.281 -173.432 536
264.86 -173.756 537
264.436 -174.079 538
263.519 -174.079 538
262.602 -174.079 538
261.685 -174.079 538
260.768 -174.079 538
259.85 -174.079 538
258.933 -174.079 538
258.496 -174.403 539
257.577 -174.403 539
256.658 -174.403 539
255.739 -174.403 539
255.293 -174.727 540
254.372 -174.727 540
253.452 -174.727 540
252.531 -174.727 540
227.382 -157.901 488
226.55 -157.901 488
225.718 -157.901 488
224.886 -157.901 488
223.595 -157.577 487
222.765 -157.577 487
220.567 -156.607 484
218.834 -155.96 482
216.655 -154.989 479
215.839 -154.989 479
215.022 -154.989 479
214.206 -154.989 479
213.389 -154.989 479
212.573 -154.989 479
211.756 -154.989 479
210.939 -154.989 479
210.123 -154.989 479
208.432 -154.342 477
207.619 -154.342 477
206.806 -154.342 477
205.561 -154.018 476
204.319 -153.695 475
203.51 -153.695 475
202.273 -153.371 474
201.465 -153.371 474
200.234 -153.048 473
199.427 -153.048 473
198.201 -152.724 472
196.978 -152.4 471
195.759 -152.077 470
194.128 -151.43 468
193.33 -151.43 468
191.71 -150.783 466
190.505 -150.459 465
189.305 -150.135 464
188.514 -150.135 464
187.318 -149.812 463
186.126 -149.488 462
184.937 -149.165 461
184.151 -149.165 461
182.57 -148.518 459
180.995 -147.87 457
179.822 -147.547 456
179.045 -147.547 456
178.267 -147.547 456
177.49 -147.547 456
176.325 -147.223 455
175.164 -146.9 454
174.39 -146.9 454
173.233 -146.576 453
172.461 -146.576 453
170.931 -145.929 451
170.162 -145.929 451
169.017 -145.605 450
167.876 -145.282 449
167.111 -145.282 449
165.975 -144.958 448
165.211 -144.958 448
164.448 -144.958 448
163.318 -144.635 447
162.556 -144.635 447
161.794 -144.635 447
160.672 -144.311 446
159.912 -144.311 446
149.517 -135.575 419
148.803 -135.575 419
148.442 -135.898 420
147.726 -135.898 420
147.01 -135.898 420
146.294 -135.898 420
145.578 -135.898 420
144.862 -135.898 420
144.489 -136.222 421
143.771 -136.222 421
143.054 -136.222 421
142.336 -136.222 421
141.618 -136.222 421
140.9 -136.222 421
140.183 -136.222 421
139.465 -136.222 421
138.747 -136.222 421
138.03 -136.222 421
136.986 -135.898 420
136.27 -135.898 420
135.554 -135.898 420
134.838 -135.898 420
133.802 -135.575 419
133.088 -135.575 419
132.374 -135.575 419
131.345 -135.251 418
130.633 -135.251 418
129.609 -134.928 417
128.898 -134.928 417
128.188 -134.928 417
127.477 -134.928 417
126.766 -134.928 417
126.055 -134.928 417
125.044 -134.604 416
124.035 -134.281 415
123.328 -134.281 415
122.621 -134.281 415
121.913 -134.281 415
120.914 -133.957 414
120.208 -133.957 414
119.502 -133.957 414
118.796 -133.957 414
117.805 -133.633 413
117.101 -133.633 413
116.397 -133.633 413
115.693 -133.633 413
114.711 -133.31 412
114.008 -133.31 412
113.306 -133.31 412
112.33 -132.986 411
111.63 -132.986 411
110.929 -132.986 411
110.228 -132.986 411
109.261 -132.663 410
108.562 -132.663 410
107.6 -132.339 409
106.903 -132.339 409
106.206 -132.339 409
104.992 -131.692 407
104.299 -131.692 407
103.605 -131.692 407
102.911 -131.692 407
102.217 -131.692 407
101.274 -131.368 406
100.334 -131.045 405
99.6435 -131.045 405
98.9531 -131.045 405
98.2627 -131.045 405
97.5723 -131.045 405
96.8818 -131.045 405
95.9539 -130.721 404
95.2652 -130.721 404
94.5765 -130.721 404
93.8878 -130.721 404
92.9684 -130.398 403
92.2813 -130.398 403
91.5943 -130.398 403
91.1329 -130.721 404
90.4442 -130.721 404
89.7554 -130.721 404
87.9405 -130.074 402
87.2552 -130.074 402
86.5699 -130.074 402
291.448 -167.841 516
290.568 -167.841 516
289.688 -167.841 516
289.928 -168.492 518
289.045 -168.492 518
288.162 -168.492 518
287.279 -168.492 518
286.949 -168.817 519
286.064 -168.817 519
285.729 -169.142 520
284.842 -169.142 520
283.956 -169.142 520
283.614 -169.468 521
282.726 -169.468 521
281.837 -169.468 521
281.488 -169.793 522
281.674 -170.443 524
280.78 -170.443 524
279.887 -170.443 524
278.994 -170.443 524
279.162 -171.094 526
278.265 -171.094 526
277.369 -171.094 526
276.472 -171.094 526
276.623 -171.745 528
275.723 -171.745 528
275.343 -172.07 529
274.442 -172.07 529
274.057 -172.395 530
273.153 -172.395 530
272.25 -172.395 530
271.346 -172.395 530
270.443 -172.395 530
269.539 -172.395 530
269.143 -172.72 531
268.743 -173.046 532
267.836 -173.046 532
267.43 -173.371 533
267.022 -173.696 534
267.108 -174.347 536
266.194 -174.347 536
265.776 -174.672 537
265.353 -174.997 538
264.436 -174.997 538
263.519 -174.997 538
262.602 -174.997 538
261.685 -174.997 538
260.768 -174.997 538
259.85 -174.997 538
258.933 -174.997 538
258.496 -175.323 539
257.577 -175.323 539
256.658 -175.323 539
256.214 -175.648 540
255.293 -175.648 540
254.372 -175.648 540
253.452 -175.648 540
252.531 -175.648 540
227.382 -158.734 488
226.55 -158.734 488
225.718 -158.734 488
224.886 -158.734 488
223.595 -158.408 487
222.765 -158.408 487
220.112 -157.107 483
218.834 -156.782 482
217.108 -156.131 480
215.839 -155.806 479
215.022 -155.806 479
213.759 -155.481 478
212.944 -155.481 478
212.129 -155.481 478
211.314 -155.481 478
210.499 -155.481 478
209.246 -155.156 477
207.995 -154.83 476
207.184 -154.83 476
205.939 -154.505 475
205.129 -154.505 475
203.889 -154.18 474
203.081 -154.18 474
201.846 -153.855 473
201.04 -153.855 473
199.81 -153.529 472
199.006 -153.529 472
197.781 -153.204 471
196.56 -152.879 470
194.926 -152.228 468
193.298 -151.578 466
192.504 -151.578 466
191.298 -151.252 465
190.096 -150.927 464
188.897 -150.602 463
188.107 -150.602 463
186.914 -150.277 462
185.723 -149.951 461
184.536 -149.626 460
183.752 -149.626 460
182.57 -149.301 459
180.995 -148.65 457
179.822 -148.325 456
179.045 -148.325 456
178.267 -148.325 456
177.49 -148.325 456
176.325 -148 455
175.164 -147.674 454
174.39 -147.674 454
173.233 -147.349 453
172.461 -147.349 453
170.931 -146.698 451
170.162 -146.698 451
169.017 -146.373 450
167.876 -146.048 449
167.111 -146.048 449
165.975 -145.723 448
165.211 -145.723 448
164.448 -145.723 448
163.318 -145.397 447
162.556 -145.397 447
161.794 -145.397 447
160.672 -145.072 446
159.912 -145.072 446
149.517 -136.29 419
148.803 -136.29 419
148.442 -136.615 420
147.726 -136.615 420
147.01 -136.615 420
146.294 -136.615 420
145.578 -136.615 420
144.862 -136.615 420
144.146 -136.615 420
143.771 -136.94 421
143.054 -136.94 421
142.336 -136.94 421
141.282 -136.615 420
140.566 -136.615 420
139.85 -136.615 420
139.134 -136.615 420
138.418 -136.615 420
137.702 -136.615 420
136.986 -136.615 420
136.27 -136.615 420
135.554 -136.615 420
134.517 -136.29 419
133.802 -136.29 419
132.771 -135.964 418
132.058 -135.964 418
131.345 -135.964 418
130.32 -135.639 417
129.609 -135.639 417
128.898 -135.639 417
127.88 -135.314 416
127.171 -135.314 416
126.462 -135.314 416
125.753 -135.314 416
124.743 -134.989 415
123.737 -134.663 414
123.031 -134.663 414
122.325 -134.663 414
121.619 -134.663 414
120.621 -134.338 413
119.917 -134.338 413
119.213 -134.338 413
118.509 -134.338 413
117.52 -134.013 412
116.818 -134.013 412
116.115 -134.013 412
115.133 -133.688 411
114.432 -133.688 411
113.455 -133.362 410
112.481 -133.037 409
111.784 -133.037 409
110.815 -132.712 408
110.119 -132.712 408
109.155 -132.386 407
108.462 -132.386 407
107.768 -132.386 407
107.074 -132.386 407
106.119 -132.061 406
105.427 -132.061 406
104.734 -132.061 406
103.786 -131.736 405
103.096 -131.736 405
102.405 -131.736 405
101.715 -131.736 405
100.775 -131.411 404
99.8385 -131.085 403
99.1515 -131.085 403
98.2201 -130.76 402
97.5348 -130.76 402
96.8495 -130.76 402
96.1642 -130.76 402
95.4789 -130.76 402
94.7936 -130.76 402
94.1083 -130.76 402
93.423 -130.76 402
92.7377 -130.76 402
92.0524 -130.76 402
91.367 -130.76 402
90.6817 -130.76 402
89.9964 -130.76 402
291.448 -168.722 516
290.568 -168.722 516
289.688 -168.722 516
289.369 -169.049 517
289.045 -169.376 518
288.162 -169.376 518
287.279 -169.376 518
286.949 -169.703 519
286.064 -169.703 519
285.729 -170.03 520
284.842 -170.03 520
283.956 -170.03 520
283.614 -170.357 521
282.726 -170.357 521
281.837 -170.357 521
281.488 -170.684 522
281.674 -171.337 524
280.78 -171.337 524
279.887 -171.337 524
278.994 -171.337 524
279.162 -171.991 526
278.265 -171.991 526
277.369 -171.991 526
276.472 -171.991 526
276.623 -172.645 528
275.723 -172.645 528
275.343 -172.972 529
274.96 -173.299 530
274.057 -173.299 530
273.153 -173.299 530
272.25 -173.299 530
271.346 -173.299 530
270.953 -173.626 531
270.048 -173.626 531
269.649 -173.953 532
269.248 -174.28 533
268.339 -174.28 533
268.434 -174.934 535
267.522 -174.934 535
267.606 -175.588 537
266.691 -175.588 537
266.271 -175.915 538
265.353 -175.915 538
264.928 -176.242 539
264.009 -176.242 539
263.09 -176.242 539
262.171 -176.242 539
261.252 -176.242 539
260.333 -176.242 539
259.415 -176.242 539
258.975 -176.569 540
258.055 -176.569 540
257.134 -176.569 540
256.214 -176.569 540
255.293 -176.569 540
254.372 -176.569 540
253.452 -176.569 540
252.531 -176.569 540
227.382 -159.566 488
226.55 -159.566 488
225.718 -159.566 488
224.886 -159.566 488
223.595 -159.239 487
222.765 -159.239 487
219.656 -157.604 482
218.38 -157.277 481
217.108 -156.95 480
215.839 -156.623 479
215.022 -156.623 479
213.311 -155.969 477
212.498 -155.969 477
211.685 -155.969 477
210.872 -155.969 477
210.059 -155.969 477
208.807 -155.642 476
207.558 -155.315 475
206.749 -155.315 475
205.939 -155.315 475
204.697 -154.988 474
203.459 -154.661 473
202.653 -154.661 473
201.42 -154.335 472
200.615 -154.335 472
199.387 -154.008 471
198.584 -154.008 471
197.361 -153.681 470
195.724 -153.027 468
194.093 -152.373 466
192.884 -152.046 465
192.091 -152.046 465
190.887 -151.719 464
189.686 -151.392 463
188.489 -151.065 462
187.701 -151.065 462
186.509 -150.738 461
185.32 -150.411 460
184.135 -150.084 459
182.953 -149.757 458
182.172 -149.757 458
180.995 -149.43 457
179.822 -149.103 456
179.045 -149.103 456
178.267 -149.103 456
177.101 -148.776 455
176.325 -148.776 455
175.164 -148.449 454
174.39 -148.449 454
173.233 -148.122 453
172.08 -147.795 452
170.931 -147.468 451
170.162 -147.468 451
169.017 -147.141 450
167.876 -146.814 449
166.739 -146.487 448
165.975 -146.487 448
165.211 -146.487 448
164.448 -146.487 448
163.318 -146.16 447
162.556 -146.16 447
161.794 -146.16 447
160.672 -145.833 446
149.517 -137.005 419
148.803 -137.005 419
148.442 -137.332 420
147.726 -137.332 420
147.01 -137.332 420
146.294 -137.332 420
145.578 -137.332 420
144.862 -137.332 420
144.146 -137.332 420
143.771 -137.659 421
143.054 -137.659 421
142.336 -137.659 421
141.282 -137.332 420
140.566 -137.332 420
139.85 -137.332 420
139.134 -137.332 420
138.418 -137.332 420
137.702 -137.332 420
136.986 -137.332 420
136.27 -137.332 420
135.554 -137.332 420
134.517 -137.005 419
133.802 -137.005 419
132.771 -136.678 418
132.058 -136.678 418
131.345 -136.678 418
130.32 -136.351 417
129.609 -136.351 417
128.898 -136.351 417
127.88 -136.024 416
127.171 -136.024 416
126.462 -136.024 416
125.753 -136.024 416
124.743 -135.697 415
123.737 -135.37 414
123.031 -135.37 414
122.325 -135.37 414
121.619 -135.37 414
120.621 -135.043 413
119.917 -135.043 413
119.213 -135.043 413
118.222 -134.716 412
117.52 -134.716 412
116.534 -134.389 411
115.833 -134.389 411
115.133 -134.389 411
114.154 -134.062 410
112.901 -133.408 408
111.931 -133.081 407
111.237 -133.081 407
110.543 -133.081 407
109.849 -133.081 407
108.887 -132.754 406
108.195 -132.754 406
107.503 -132.754 406
106.811 -132.754 406
106.119 -132.754 406
105.427 -132.754 406
104.477 -132.427 405
103.53 -132.1 404
102.587 -131.773 403
101.9 -131.773 403
101.213 -131.773 403
100.276 -131.446 402
99.5907 -131.446 402
98.9054 -131.446 402
97.9758 -131.119 401
97.2922 -131.119 401
96.6086 -131.119 401
95.925 -131.119 401
95.2414 -131.119 401
94.5578 -131.119 401
93.8742 -131.119 401
93.1906 -131.119 401
92.507 -131.119 401
91.8234 -131.119 401
91.1398 -131.119 401
90.4562 -131.119 401
291.448 -169.602 516
291.131 -169.931 517
290.25 -169.931 517
289.928 -170.259 518
289.045 -170.259 518
288.162 -170.259 518
287.279 -170.259 518
286.949 -170.588 519
286.064 -170.588 519
285.729 -170.917 520
284.842 -170.917 520
283.956 -170.917 520
283.614 -171.245 521
282.726 -171.245 521
281.837 -171.245 521
281.488 -171.574 522
281.674 -172.231 524
280.78 -172.231 524
279.887 -172.231 524
278.994 -172.231 524
279.162 -172.889 526
278.265 -172.889 526
277.369 -172.889 526
276.472 -172.889 526
276.623 -173.546 528
275.723 -173.546 528
275.343 -173.875 529
274.96 -174.204 530
274.057 -174.204 530
273.153 -174.204 530
272.25 -174.204 530
271.346 -174.204 530
270.953 -174.532 531
270.048 -174.532 531
269.649 -174.861 532
269.248 -175.19 533
268.339 -175.19 533
268.434 -175.847 535
268.022 -176.176 536
268.105 -176.833 538
267.188 -176.833 538
266.271 -176.833 538
265.847 -177.162 539
264.928 -177.162 539
264.009 -177.162 539
263.09 -177.162 539
262.171 -177.162 539
261.252 -177.162 539
260.333 -177.162 539
259.896 -177.49 540
258.975 -177.49 540
258.055 -177.49 540
257.134 -177.49 540
256.214 -177.49 540
255.293 -177.49 540
254.372 -177.49 540
253.452 -177.49 540
252.531 -177.49 540
227.382 -160.399 488
226.55 -160.399 488
225.718 -160.399 488
224.886 -160.399 488
223.595 -160.07 487
222.765 -160.07 487
219.656 -158.427 482
218.38 -158.098 481
217.108 -157.769 480
215.839 -157.441 479
215.022 -157.441 479
213.311 -156.783 477
212.053 -156.455 476
211.241 -156.455 476
210.43 -156.455 476
209.618 -156.455 476
208.368 -156.126 475
207.558 -156.126 475
206.749 -156.126 475
205.505 -155.797 474
204.265 -155.468 473
203.029 -155.14 472
202.224 -155.14 472
201.42 -155.14 472
200.19 -154.811 471
198.964 -154.482 470
198.163 -154.482 470
196.941 -154.154 469
194.887 -153.168 466
193.676 -152.839 465
192.469 -152.51 464
191.678 -152.51 464
190.475 -152.182 463
189.276 -151.853 462
188.081 -151.524 461
187.295 -151.524 461
186.104 -151.196 460
184.917 -150.867 459
183.734 -150.538 458
182.554 -150.21 457
181.774 -150.21 457
180.599 -149.881 456
179.822 -149.881 456
178.652 -149.552 455
177.876 -149.552 455
177.101 -149.552 455
175.937 -149.223 454
174.778 -148.895 453
174.005 -148.895 453
172.851 -148.566 452
171.7 -148.237 451
170.552 -147.909 450
169.785 -147.909 450
168.642 -147.58 449
167.876 -147.58 449
166.739 -147.251 448
165.975 -147.251 448
165.211 -147.251 448
164.448 -147.251 448
163.318 -146.923 447
162.193 -146.594 446
161.432 -146.594 446
160.672 -146.594 446
149.513 -138.377 421
148.795 -138.377 421
148.077 -138.377 421
147.01 -138.048 420
146.294 -138.048 420
145.578 -138.048 420
144.862 -138.048 420
144.146 -138.048 420
143.771 -138.377 421
143.054 -138.377 421
142.336 -138.377 421
141.282 -138.048 420
140.566 -138.048 420
139.85 -138.048 420
139.134 -138.048 420
138.418 -138.048 420
137.702 -138.048 420
136.986 -138.048 420
135.945 -137.719 419
135.231 -137.719 419
134.517 -137.719 419
133.483 -137.391 418
132.771 -137.391 418
132.058 -137.391 418
131.345 -137.391 418
130.32 -137.062 417
129.299 -136.733 416
128.589 -136.733 416
127.573 -136.405 415
126.865 -136.405 415
125.854 -136.076 414
125.148 -136.076 414
124.442 -136.076 414
123.438 -135.747 413
122.734 -135.747 413
122.03 -135.747 413
121.326 -135.747 413
120.621 -135.747 413
119.917 -135.747 413
119.213 -135.747 413
118.222 -135.419 412
117.52 -135.419 412
116.534 -135.09 411
115.833 -135.09 411
115.133 -135.09 411
114.154 -134.761 410
112.901 -134.104 408
111.931 -133.775 407
111.237 -133.775 407
110.543 -133.775 407
109.849 -133.775 407
108.887 -133.447 406
108.195 -133.447 406
107.503 -133.447 406
106.811 -133.447 406
106.119 -133.447 406
105.427 -133.447 406
104.477 -133.118 405
103.53 -132.789 404
102.587 -132.46 403
101.9 -132.46 403
101.213 -132.46 403
100.276 -132.132 402
99.5907 -132.132 402
98.9054 -132.132 402
97.9758 -131.803 401
97.2922 -131.803 401
96.6086 -131.803 401
95.925 -131.803 401
95.2414 -131.803 401
94.5578 -131.803 401
93.8742 -131.803 401
93.1906 -131.803 401
92.507 -131.803 401
91.8234 -131.803 401
91.1398 -131.803 401
90.4562 -131.803 401
291.448 -170.482 516
291.131 -170.813 517
290.25 -170.813 517
289.928 -171.143 518
289.045 -171.143 518
288.162 -171.143 518
287.279 -171.143 518
286.949 -171.474 519
286.064 -171.474 519
285.179 -171.474 519
284.842 -171.804 520
283.956 -171.804 520
283.614 -172.134 521
282.726 -172.134 521
281.837 -172.134 521
281.488 -172.465 522
281.674 -173.125 524
280.78 -173.125 524
279.887 -173.125 524
278.994 -173.125 524
279.162 -173.786 526
278.265 -173.786 526
277.369 -173.786 526
276.998 -174.117 527
277.147 -174.777 529
276.245 -174.777 529
275.864 -175.108 530
274.96 -175.108 530
274.057 -175.108 530
273.153 -175.108 530
272.763 -175.438 531
271.858 -175.438 531
270.953 -175.438 531
270.556 -175.769 532
270.156 -176.099 533
269.753 -176.429 534
268.842 -176.429 534
268.936 -177.09 536
268.022 -177.09 536
268.105 -177.751 538
267.188 -177.751 538
266.271 -177.751 538
265.847 -178.081 539
264.928 -178.081 539
264.009 -178.081 539
263.09 -178.081 539
262.171 -178.081 539
261.252 -178.081 539
260.333 -178.081 539
259.896 -178.412 540
258.975 -178.412 540
258.055 -178.412 540
257.134 -178.412 540
256.214 -178.412 540
255.293 -178.412 540
254.372 -178.412 540
253.452 -178.412 540
252.531 -178.412 540
227.382 -161.231 488
226.55 -161.231 488
225.718 -161.231 488
224.425 -160.901 487
223.136 -160.571 486
222.307 -160.571 486
219.656 -159.249 482
218.38 -158.919 481
216.655 -158.258 479
215.388 -157.927 478
214.573 -157.927 478
212.864 -157.267 476
212.053 -157.267 476
211.241 -157.267 476
210.43 -157.267 476
209.618 -157.267 476
208.368 -156.936 475
207.558 -156.936 475
206.749 -156.936 475
205.505 -156.606 474
204.265 -156.275 473
203.029 -155.945 472
202.224 -155.945 472
201.42 -155.945 472
200.19 -155.615 471
198.964 -155.284 470
198.163 -155.284 470
196.941 -154.954 469
194.887 -153.963 466
193.676 -153.632 465
192.469 -153.302 464
191.678 -153.302 464
190.475 -152.972 463
189.276 -152.641 462
188.081 -152.311 461
187.295 -152.311 461
186.104 -151.98 460
184.917 -151.65 459
183.734 -151.32 458
182.554 -150.989 457
181.774 -150.989 457
180.599 -150.659 456
179.428 -150.328 455
178.652 -150.328 455
177.876 -150.328 455
176.711 -149.998 454
175.937 -149.998 454
174.778 -149.668 453
174.005 -149.668 453
172.851 -149.337 452
171.319 -148.676 450
170.173 -148.346 449
169.407 -148.346 449
168.642 -148.346 449
167.503 -148.016 448
166.739 -148.016 448
165.975 -148.016 448
165.211 -148.016 448
164.081 -147.685 447
163.318 -147.685 447
162.193 -147.355 446
161.432 -147.355 446
152.747 -140.086 424
152.024 -140.086 424
151.301 -140.086 424
150.223 -139.756 423
148.795 -139.095 421
148.077 -139.095 421
147.01 -138.765 420
146.294 -138.765 420
145.578 -138.765 420
144.862 -138.765 420
144.146 -138.765 420
143.43 -138.765 420
142.714 -138.765 420
141.998 -138.765 420
141.282 -138.765 420
140.566 -138.765 420
139.517 -138.434 419
138.802 -138.434 419
138.088 -138.434 419
137.374 -138.434 419
136.66 -138.434 419
135.945 -138.434 419
135.231 -138.434 419
134.517 -138.434 419
133.483 -138.104 418
132.771 -138.104 418
132.058 -138.104 418
131.031 -137.774 417
130.008 -137.443 416
128.988 -137.113 415
128.28 -137.113 415
127.265 -136.782 414
126.56 -136.782 414
125.854 -136.782 414
125.148 -136.782 414
124.142 -136.452 413
123.438 -136.452 413
122.734 -136.452 413
122.03 -136.452 413
121.326 -136.452 413
120.329 -136.122 412
119.627 -136.122 412
118.925 -136.122 412
118.222 -136.122 412
117.235 -135.791 411
115.967 -135.13 409
115.27 -135.13 409
114.573 -135.13 409
113.597 -134.8 408
112.625 -134.47 407
111.931 -134.47 407
111.237 -134.47 407
110.271 -134.139 406
109.579 -134.139 406
108.887 -134.139 406
108.195 -134.139 406
107.238 -133.809 405
106.548 -133.809 405
105.857 -133.809 405
105.167 -133.809 405
104.219 -133.478 404
103.017 -132.818 402
102.332 -132.818 402
101.647 -132.818 402
100.961 -132.818 402
100.276 -132.818 402
99.343 -132.487 401
98.6594 -132.487 401
97.9758 -132.487 401
97.2922 -132.487 401
96.6086 -132.487 401
95.925 -132.487 401
95.2414 -132.487 401
94.5578 -132.487 401
93.8742 -132.487 401
93.1906 -132.487 401
92.507 -132.487 401
91.8234 -132.487 401
91.1398 -132.487 401
90.4562 -132.487 401
291.448 -171.363 516
291.131 -171.695 517
290.25 -171.695 517
289.928 -172.027 518
289.045 -172.027 518
288.162 -172.027 518
287.279 -172.027 518
286.949 -172.359 519
286.064 -172.359 519
285.179 -172.359 519
284.842 -172.691 520
283.956 -172.691 520
283.614 -173.023 521
282.726 -173.023 521
281.837 -173.023 521
282.028 -173.687 523
281.674 -174.019 524
280.78 -174.019 524
279.887 -174.019 524
279.526 -174.352 525
279.162 -174.684 526
278.265 -174.684 526
277.896 -175.016 527
276.998 -175.016 527
277.147 -175.68 529
276.245 -175.68 529
275.864 -176.012 530
274.96 -176.012 530
274.057 -176.012 530
273.669 -176.344 531
272.763 -176.344 531
272.37 -176.676 532
271.463 -176.676 532
270.556 -176.676 532
270.663 -177.34 534
270.258 -177.673 535
269.346 -177.673 535
268.936 -178.005 536
268.522 -178.337 537
268.105 -178.669 538
267.188 -178.669 538
266.765 -179.001 539
265.847 -179.001 539
264.928 -179.001 539
264.009 -179.001 539
263.578 -179.333 540
262.658 -179.333 540
261.737 -179.333 540
260.816 -179.333 540
259.896 -179.333 540
259.455 -179.665 541
258.533 -179.665 541
257.61 -179.665 541
256.688 -179.665 541
255.766 -179.665 541
254.844 -179.665 541
253.921 -179.665 541
252.999 -179.665 541
252.077 -179.665 541
251.154 -179.665 541
224.793 -161.4 486
223.964 -161.4 486
222.677 -161.068 485
221.85 -161.068 485
219.2 -159.739 481
217.926 -159.407 480
216.203 -158.743 478
214.487 -158.079 476
213.676 -158.079 476
212.417 -157.747 475
211.607 -157.747 475
210.797 -157.747 475
209.988 -157.747 475
209.178 -157.747 475
207.93 -157.415 474
206.685 -157.082 473
205.878 -157.082 473
205.072 -157.082 473
203.834 -156.75 472
203.029 -156.75 472
202.224 -156.75 472
200.993 -156.418 471
199.765 -156.086 470
198.54 -155.754 469
197.319 -155.422 468
196.521 -155.422 468
194.469 -154.426 465
193.26 -154.094 464
192.054 -153.761 463
191.265 -153.761 463
190.475 -153.761 463
188.867 -153.097 461
187.673 -152.765 460
186.889 -152.765 460
185.7 -152.433 459
184.515 -152.101 458
183.333 -151.769 457
182.154 -151.437 456
181.377 -151.437 456
180.599 -151.437 456
179.428 -151.105 455
178.652 -151.105 455
177.876 -151.105 455
176.711 -150.773 454
175.937 -150.773 454
174.778 -150.44 453
174.005 -150.44 453
172.851 -150.108 452
171.319 -149.444 450
170.173 -149.112 449
169.407 -149.112 449
168.642 -149.112 449
167.503 -148.78 448
166.739 -148.78 448
165.975 -148.78 448
165.211 -148.78 448
164.081 -148.448 447
163.318 -148.448 447
162.193 -148.116 446
161.432 -148.116 446
153.107 -141.142 425
152.382 -141.142 425
151.301 -140.81 424
150.223 -140.478 423
148.795 -139.813 421
148.077 -139.813 421
147.01 -139.481 420
146.294 -139.481 420
145.578 -139.481 420
144.862 -139.481 420
144.146 -139.481 420
143.43 -139.481 420
142.714 -139.481 420
141.998 -139.481 420
141.282 -139.481 420
140.231 -139.149 419
139.517 -139.149 419
138.802 -139.149 419
138.088 -139.149 419
137.374 -139.149 419
136.66 -139.149 419
135.945 -139.149 419
135.231 -139.149 419
133.875 -138.485 417
132.844 -138.153 416
132.135 -138.153 416
131.426 -138.153 416
130.717 -138.153 416
129.695 -137.821 415
128.677 -137.489 414
127.971 -137.489 414
126.958 -137.157 413
126.254 -137.157 413
125.246 -136.824 412
124.544 -136.824 412
123.841 -136.824 412
123.139 -136.824 412
122.139 -136.492 411
121.439 -136.492 411
120.738 -136.492 411
119.745 -136.16 410
119.046 -136.16 410
118.347 -136.16 410
117.648 -136.16 410
116.379 -135.496 408
115.4 -135.164 407
114.706 -135.164 407
114.012 -135.164 407
113.318 -135.164 407
112.348 -134.832 406
111.656 -134.832 406
110.964 -134.832 406
110.271 -134.832 406
109.309 -134.5 405
108.619 -134.5 405
107.929 -134.5 405
107.238 -134.5 405
106.285 -134.168 404
105.596 -134.168 404
104.907 -134.168 404
103.703 -133.503 402
103.017 -133.503 402
102.332 -133.503 402
101.647 -133.503 402
100.71 -133.171 401
100.027 -133.171 401
99.0953 -132.839 400
98.4134 -132.839 400
97.7315 -132.839 400
97.0496 -132.839 400
96.3677 -132.839 400
95.6858 -132.839 400
95.0039 -132.839 400
94.322 -132.839 400
93.6401 -132.839 400
92.9582 -132.839 400
92.2763 -132.839 400
91.5944 -132.839 400
291.448 -172.243 516
291.131 -172.577 517
290.25 -172.577 517
289.928 -172.911 518
289.045 -172.911 518
288.162 -172.911 518
287.279 -172.911 518
286.949 -173.244 519
286.064 -173.244 519
285.179 -173.244 519
284.842 -173.578 520
283.956 -173.578 520
283.614 -173.912 521
282.726 -173.912 521
282.378 -174.246 522
282.028 -174.58 523
281.674 -174.913 524
280.78 -174.913 524
280.421 -175.247 525
280.059 -175.581 526
279.162 -175.581 526
278.265 -175.581 526
277.896 -175.915 527
277.523 -176.249 528
277.147 -176.582 529
276.245 -176.582 529
275.864 -176.916 530
275.479 -177.25 531
274.574 -177.25 531
273.669 -177.25 531
273.277 -177.584 532
272.37 -177.584 532
271.463 -177.584 532
270.556 -177.584 532
270.663 -178.252 534
270.763 -178.919 536
269.849 -178.919 536
268.936 -178.919 536
269.022 -179.587 538
268.105 -179.587 538
267.188 -179.587 538
266.765 -179.921 539
266.34 -180.254 540
265.419 -180.254 540
264.499 -180.254 540
263.578 -180.254 540
262.658 -180.254 540
262.222 -180.588 541
261.299 -180.588 541
260.377 -180.588 541
259.455 -180.588 541
258.533 -180.588 541
257.61 -180.588 541
256.688 -180.588 541
255.766 -180.588 541
254.844 -180.588 541
254.391 -180.922 542
253.467 -180.922 542
252.543 -180.922 542
251.619 -180.922 542
222.48 -160.56 481
221.66 -160.56 481
220.84 -160.56 481
220.02 -160.56 481
219.2 -160.56 481
217.018 -159.558 478
215.751 -159.225 477
214.487 -158.891 476
213.676 -158.891 476
211.97 -158.223 474
210.716 -157.889 473
209.91 -157.889 473
209.104 -157.889 473
208.297 -157.889 473
207.491 -157.889 473
206.248 -157.556 472
205.443 -157.556 472
204.638 -157.556 472
203.834 -157.556 472
202.599 -157.222 471
201.796 -157.222 471
200.566 -156.888 470
199.34 -156.554 469
198.117 -156.22 468
196.476 -155.553 466
195.682 -155.553 466
194.051 -154.885 464
192.843 -154.551 463
192.054 -154.551 463
191.265 -154.551 463
190.064 -154.218 462
188.457 -153.55 460
187.265 -153.216 459
186.482 -153.216 459
185.7 -153.216 459
184.515 -152.882 458
183.333 -152.549 457
182.154 -152.215 456
181.377 -152.215 456
180.599 -152.215 456
179.428 -151.881 455
178.259 -151.547 454
177.485 -151.547 454
176.711 -151.547 454
175.55 -151.213 453
174.392 -150.88 452
173.621 -150.88 452
172.468 -150.546 451
171.319 -150.212 450
170.173 -149.878 449
169.407 -149.878 449
168.266 -149.544 448
167.503 -149.544 448
166.739 -149.544 448
165.975 -149.544 448
164.843 -149.211 447
164.081 -149.211 447
162.953 -148.877 446
155.283 -142.534 427
154.555 -142.534 427
153.107 -141.867 425
152.382 -141.867 425
151.301 -141.533 424
150.223 -141.199 423
148.795 -140.532 421
148.077 -140.532 421
147.01 -140.198 420
146.294 -140.198 420
145.578 -140.198 420
144.862 -140.198 420
144.146 -140.198 420
143.43 -140.198 420
142.714 -140.198 420
141.998 -140.198 420
141.282 -140.198 420
140.231 -139.864 419
139.517 -139.864 419
138.802 -139.864 419
138.088 -139.864 419
137.374 -139.864 419
136.66 -139.864 419
135.945 -139.864 419
135.231 -139.864 419
133.875 -139.196 417
132.844 -138.863 416
132.135 -138.863 416
131.426 -138.863 416
130.717 -138.863 416
129.695 -138.529 415
128.677 -138.195 414
127.971 -138.195 414
126.958 -137.861 413
126.254 -137.861 413
125.246 -137.527 412
124.544 -137.527 412
123.841 -137.527 412
123.139 -137.527 412
122.139 -137.194 411
121.439 -137.194 411
120.738 -137.194 411
119.745 -136.86 410
119.046 -136.86 410
118.347 -136.86 410
117.075 -136.192 408
116.094 -135.858 407
115.4 -135.858 407
114.424 -135.525 406
113.732 -135.525 406
113.04 -135.525 406
112.348 -135.525 406
111.656 -135.525 406
110.964 -135.525 406
110 -135.191 405
109.309 -135.191 405
108.351 -134.857 404
107.662 -134.857 404
106.973 -134.857 404
106.022 -134.523 403
105.073 -134.189 402
104.388 -134.189 402
103.703 -134.189 402
102.761 -133.856 401
102.077 -133.856 401
101.394 -133.856 401
100.71 -133.856 401
99.7772 -133.522 400
99.0953 -133.522 400
98.4134 -133.522 400
97.7315 -133.522 400
97.0496 -133.522 400
96.3677 -133.522 400
95.6858 -133.522 400
95.0039 -133.522 400
94.322 -133.522 400
93.6401 -133.522 400
92.9582 -133.522 400
92.2763 -133.522 400
91.5944 -133.522 400
291.448 -173.123 516
291.131 -173.459 517
290.25 -173.459 517
289.928 -173.794 518
289.045 -173.794 518
288.162 -173.794 518
287.834 -174.13 519
286.949 -174.13 519
286.064 -174.13 519
285.179 -174.13 519
284.842 -174.465 520
284.502 -174.801 521
283.614 -174.801 521
282.726 -174.801 521
282.378 -175.136 522
282.028 -175.472 523
281.674 -175.807 524
280.78 -175.807 524
280.421 -176.143 525
280.059 -176.478 526
279.162 -176.478 526
278.265 -176.478 526
277.896 -176.814 527
277.523 -177.15 528
277.147 -177.485 529
276.245 -177.485 529
275.864 -177.821 530
275.479 -178.156 531
274.574 -178.156 531
273.669 -178.156 531
273.277 -178.492 532
272.37 -178.492 532
271.463 -178.492 532
270.556 -178.492 532
270.663 -179.163 534
270.763 -179.834 536
269.849 -179.834 536
268.936 -179.834 536
269.022 -180.505 538
268.603 -180.84 539
267.684 -180.84 539
267.26 -181.176 540
266.34 -181.176 540
265.419 -181.176 540
264.499 -181.176 540
264.066 -181.511 541
263.144 -181.511 541
262.222 -181.511 541
261.299 -181.511 541
260.377 -181.511 541
259.455 -181.511 541
258.533 -181.511 541
257.61 -181.511 541
256.688 -181.511 541
256.239 -181.847 542
255.315 -181.847 542
254.391 -181.847 542
253.467 -181.847 542
252.543 -181.847 542
251.619 -181.847 542
222.48 -161.381 481
221.66 -161.381 481
220.84 -161.381 481
220.02 -161.381 481
219.2 -161.381 481
217.018 -160.374 478
215.751 -160.038 477
214.487 -159.703 476
213.676 -159.703 476
211.97 -159.032 474
210.716 -158.696 473
209.91 -158.696 473
209.104 -158.696 473
208.297 -158.696 473
207.052 -158.361 472
206.248 -158.361 472
205.443 -158.361 472
204.638 -158.361 472
203.834 -158.361 472
202.169 -157.69 470
201.367 -157.69 470
200.14 -157.354 469
198.915 -157.019 468
197.694 -156.683 467
196.476 -156.348 466
195.682 -156.348 466
194.051 -155.677 464
192.843 -155.341 463
191.639 -155.006 462
190.852 -155.006 462
189.653 -154.67 461
188.457 -154.335 460
187.265 -153.999 459
186.482 -153.999 459
185.295 -153.664 458
184.112 -153.328 457
182.931 -152.993 456
182.154 -152.993 456
181.377 -152.993 456
180.203 -152.657 455
179.033 -152.322 454
178.259 -152.322 454
177.485 -152.322 454
176.322 -151.986 453
175.162 -151.651 452
174.006 -151.315 451
173.237 -151.315 451
172.086 -150.98 450
170.938 -150.644 449
169.794 -150.309 448
169.03 -150.309 448
168.266 -150.309 448
167.503 -150.309 448
166.367 -149.973 447
165.605 -149.973 447
164.843 -149.973 447
163.346 -149.302 445
161.857 -148.631 443
160.011 -147.625 440
159.261 -147.625 440
156.349 -145.612 434
152.382 -142.592 425
151.301 -142.256 424
150.223 -141.921 423
148.795 -141.25 421
148.077 -141.25 421
147.01 -140.914 420
146.294 -140.914 420
145.578 -140.914 420
144.862 -140.914 420
144.146 -140.914 420
143.43 -140.914 420
142.714 -140.914 420
141.998 -140.914 420
140.945 -140.579 419
140.231 -140.579 419
139.517 -140.579 419
138.471 -140.243 418
137.759 -140.243 418
137.046 -140.243 418
136.333 -140.243 418
135.296 -139.908 417
134.586 -139.908 417
133.554 -139.572 416
132.844 -139.572 416
131.818 -139.237 415
131.11 -139.237 415
130.088 -138.901 414
129.07 -138.566 413
128.366 -138.566 413
127.662 -138.566 413
126.651 -138.23 412
125.948 -138.23 412
125.246 -138.23 412
124.544 -138.23 412
123.841 -138.23 412
122.84 -137.895 411
121.842 -137.559 410
121.143 -137.559 410
120.15 -137.224 409
119.453 -137.224 409
118.466 -136.888 408
117.77 -136.888 408
117.075 -136.888 408
116.094 -136.553 407
115.4 -136.553 407
114.424 -136.217 406
113.732 -136.217 406
113.04 -136.217 406
112.348 -136.217 406
111.656 -136.217 406
110.964 -136.217 406
110 -135.882 405
109.309 -135.882 405
108.351 -135.546 404
107.662 -135.546 404
106.973 -135.546 404
106.022 -135.211 403
105.073 -134.875 402
104.388 -134.875 402
103.703 -134.875 402
102.761 -134.54 401
102.077 -134.54 401
101.394 -134.54 401
100.71 -134.54 401
99.7772 -134.204 400
99.0953 -134.204 400
98.4134 -134.204 400
97.7315 -134.204 400
97.0496 -134.204 400
96.3677 -134.204 400
95.6858 -134.204 400
95.0039 -134.204 400
94.322 -134.204 400
93.6401 -134.204 400
92.9582 -134.204 400
92.0456 -133.869 399
91.3654 -133.869 399
90.4579 -133.533 398
291.448 -174.004 516
291.131 -174.341 517
290.25 -174.341 517
289.928 -174.678 518
289.603 -175.015 519
288.718 -175.015 519
287.834 -175.015 519
286.949 -175.015 519
286.615 -175.353 520
285.729 -175.353 520
284.842 -175.353 520
284.502 -175.69 521
284.158 -176.027 522
283.268 -176.027 522
282.919 -176.364 523
282.567 -176.701 524
282.211 -177.039 525
281.316 -177.039 525
280.955 -177.376 526
280.059 -177.376 526
279.693 -177.713 527
278.794 -177.713 527
278.423 -178.05 528
277.523 -178.05 528
277.147 -178.388 529
276.767 -178.725 530
276.384 -179.062 531
275.479 -179.062 531
274.574 -179.062 531
274.184 -179.399 532
273.277 -179.399 532
272.37 -179.399 532
271.463 -179.399 532
271.573 -180.074 534
271.17 -180.411 535
270.763 -180.748 536
269.849 -180.748 536
269.939 -181.422 538
269.022 -181.422 538
268.603 -181.76 539
267.684 -181.76 539
267.26 -182.097 540
266.34 -182.097 540
265.419 -182.097 540
264.499 -182.097 540
264.066 -182.434 541
263.144 -182.434 541
262.222 -182.434 541
261.299 -182.434 541
260.377 -182.434 541
259.455 -182.434 541
258.533 -182.434 541
257.61 -182.434 541
256.688 -182.434 541
256.239 -182.771 542
255.315 -182.771 542
254.391 -182.771 542
253.467 -182.771 542
252.543 -182.771 542
251.619 -182.771 542
219.004 -160.852 477
218.19 -160.852 477
217.377 -160.852 477
216.564 -160.852 477
215.299 -160.515 476
214.036 -160.178 475
213.227 -160.178 475
211.523 -159.503 473
210.716 -159.503 473
209.91 -159.503 473
209.104 -159.503 473
208.297 -159.503 473
207.052 -159.166 472
206.248 -159.166 472
205.443 -159.166 472
204.638 -159.166 472
203.834 -159.166 472
202.169 -158.492 470
201.367 -158.492 470
200.14 -158.155 469
198.915 -157.817 468
197.694 -157.48 467
196.476 -157.143 466
195.682 -157.143 466
194.051 -156.468 464
192.843 -156.131 463
191.639 -155.794 462
190.852 -155.794 462
189.653 -155.457 461
188.457 -155.12 460
187.265 -154.782 459
186.482 -154.782 459
185.295 -154.445 458
184.112 -154.108 457
182.931 -153.771 456
182.154 -153.771 456
181.377 -153.771 456
180.203 -153.434 455
179.033 -153.096 454
178.259 -153.096 454
177.485 -153.096 454
175.544 -152.085 451
174.387 -151.747 450
173.234 -151.41 449
172.469 -151.41 449
171.704 -151.41 449
170.557 -151.073 448
169.415 -150.736 447
168.653 -150.736 447
167.891 -150.736 447
167.129 -150.736 447
165.994 -150.399 446
164.864 -150.061 445
164.105 -150.061 445
162.612 -149.387 443
161.126 -148.712 441
160.011 -148.375 440
159.261 -148.375 440
156.349 -146.352 434
152.382 -143.317 425
151.301 -142.98 424
149.513 -141.968 421
148.442 -141.631 420
147.726 -141.631 420
147.01 -141.631 420
146.294 -141.631 420
145.231 -141.294 419
144.517 -141.294 419
143.802 -141.294 419
143.088 -141.294 419
142.374 -141.294 419
141.66 -141.294 419
140.945 -141.294 419
140.231 -141.294 419
139.184 -140.957 418
138.471 -140.957 418
137.759 -140.957 418
136.718 -140.619 417
136.007 -140.619 417
135.296 -140.619 417
134.586 -140.619 417
133.554 -140.282 416
132.525 -139.945 415
131.5 -139.608 414
130.794 -139.608 414
129.774 -139.27 413
129.07 -139.27 413
128.366 -139.27 413
127.662 -139.27 413
126.651 -138.933 412
125.948 -138.933 412
125.246 -138.933 412
124.544 -138.933 412
123.541 -138.596 411
122.541 -138.259 410
121.545 -137.922 409
120.552 -137.584 408
119.857 -137.584 408
119.161 -137.584 408
118.175 -137.247 407
117.481 -137.247 407
116.788 -137.247 407
116.094 -137.247 407
115.116 -136.91 406
114.424 -136.91 406
113.732 -136.91 406
113.04 -136.91 406
112.348 -136.91 406
111.381 -136.573 405
110.69 -136.573 405
110 -136.573 405
109.04 -136.235 404
108.351 -136.235 404
107.662 -136.235 404
106.709 -135.898 403
105.759 -135.561 402
105.073 -135.561 402
104.388 -135.561 402
103.445 -135.224 401
102.761 -135.224 401
101.823 -134.887 400
101.141 -134.887 400
100.459 -134.887 400
99.7772 -134.887 400
99.0953 -134.887 400
98.4134 -134.887 400
97.4871 -134.549 399
96.8069 -134.549 399
96.3677 -134.887 400
95.6858 -134.887 400
95.0039 -134.887 400
94.322 -134.887 400
93.6401 -134.887 400
92.9582 -134.887 400
92.0456 -134.549 399
91.3654 -134.549 399
90.4579 -134.212 398
292.013 -175.223 517
291.131 -175.223 517
290.811 -175.562 518
289.928 -175.562 518
289.603 -175.901 519
288.718 -175.901 519
287.834 -175.901 519
287.502 -176.24 520
286.615 -176.24 520
285.729 -176.24 520
284.842 -176.24 520
284.502 -176.579 521
284.158 -176.918 522
283.268 -176.918 522
282.919 -177.257 523
282.567 -177.595 524
282.749 -178.273 526
281.852 -178.273 526
280.955 -178.273 526
280.591 -178.612 527
279.693 -178.612 527
278.794 -178.612 527
278.423 -178.951 528
278.049 -179.29 529
277.147 -179.29 529
276.767 -179.629 530
276.905 -180.307 532
275.998 -180.307 532
275.091 -180.307 532
274.699 -180.646 533
273.791 -180.646 533
273.394 -180.985 534
272.484 -180.985 534
272.082 -181.324 535
271.677 -181.663 536
271.268 -182.001 537
270.353 -182.001 537
269.939 -182.34 538
269.522 -182.679 539
269.102 -183.018 540
268.181 -183.018 540
267.26 -183.018 540
266.34 -183.018 540
265.911 -183.357 541
264.988 -183.357 541
264.066 -183.357 541
263.144 -183.357 541
262.222 -183.357 541
261.299 -183.357 541
260.858 -183.696 542
259.934 -183.696 542
259.01 -183.696 542
258.087 -183.696 542
257.163 -183.696 542
256.711 -184.035 543
255.786 -184.035 543
254.86 -184.035 543
253.934 -184.035 543
253.009 -184.035 543
251.619 -183.696 542
213.942 -160.31 473
213.135 -160.31 473
212.329 -160.31 473
211.075 -159.971 472
210.271 -159.971 472
209.466 -159.971 472
208.661 -159.971 472
207.857 -159.971 472
207.052 -159.971 472
206.248 -159.971 472
205.443 -159.971 472
204.638 -159.971 472
203.834 -159.971 472
202.169 -159.294 470
201.367 -159.294 470
199.713 -158.616 468
198.49 -158.277 467
197.27 -157.938 466
195.633 -157.26 464
194.842 -157.26 464
193.633 -156.921 463
192.427 -156.582 462
191.224 -156.243 461
190.439 -156.243 461
189.241 -155.904 460
187.638 -155.227 458
186.857 -155.227 458
186.076 -155.227 458
184.891 -154.888 457
183.709 -154.549 456
182.931 -154.549 456
181.755 -154.21 455
180.979 -154.21 455
180.203 -154.21 455
179.033 -153.871 454
177.474 -153.193 452
176.704 -153.193 452
175.544 -152.854 451
174.387 -152.515 450
173.234 -152.176 449
172.469 -152.176 449
171.704 -152.176 449
170.557 -151.837 448
169.415 -151.498 447
168.653 -151.498 447
167.891 -151.498 447
167.129 -151.498 447
165.994 -151.159 446
164.864 -150.821 445
164.105 -150.821 445
162.612 -150.143 443
161.126 -149.465 441
160.011 -149.126 440
159.261 -149.126 440
156.349 -147.092 434
152.382 -144.042 425
151.301 -143.703 424
149.513 -142.686 421
148.442 -142.348 420
147.726 -142.348 420
147.01 -142.348 420
146.294 -142.348 420
145.231 -142.009 419
144.517 -142.009 419
143.802 -142.009 419
143.088 -142.009 419
142.374 -142.009 419
141.66 -142.009 419
140.945 -142.009 419
140.231 -142.009 419
139.184 -141.67 418
138.14 -141.331 417
137.429 -141.331 417
136.718 -141.331 417
136.007 -141.331 417
134.972 -140.992 416
134.263 -140.992 416
133.554 -140.992 416
132.206 -140.314 414
131.5 -140.314 414
130.794 -140.314 414
129.774 -139.975 413
129.07 -139.975 413
128.055 -139.636 412
127.353 -139.636 412
126.651 -139.636 412
125.948 -139.636 412
124.942 -139.297 411
124.241 -139.297 411
123.24 -138.958 410
122.541 -138.958 410
121.545 -138.619 409
120.552 -138.28 408
119.857 -138.28 408
118.869 -137.942 407
118.175 -137.942 407
117.481 -137.942 407
116.788 -137.942 407
116.094 -137.942 407
115.116 -137.603 406
114.424 -137.603 406
113.732 -137.603 406
113.04 -137.603 406
112.071 -137.264 405
111.381 -137.264 405
110.69 -137.264 405
109.728 -136.925 404
109.04 -136.925 404
108.083 -136.586 403
107.396 -136.586 403
106.444 -136.247 402
105.759 -136.247 402
104.812 -135.908 401
104.128 -135.908 401
103.445 -135.908 401
102.505 -135.569 400
101.823 -135.569 400
101.141 -135.569 400
100.459 -135.569 400
99.7772 -135.569 400
98.8475 -135.23 399
98.1673 -135.23 399
97.4871 -135.23 399
96.8069 -135.23 399
96.1267 -135.23 399
95.4466 -135.23 399
94.7664 -135.23 399
94.0862 -135.23 399
93.406 -135.23 399
92.7258 -135.23 399
92.0456 -135.23 399
91.1364 -134.891 398
90.4579 -134.891 398
292.013 -176.105 517
291.131 -176.105 517
290.811 -176.446 518
289.928 -176.446 518
289.603 -176.786 519
288.718 -176.786 519
287.834 -176.786 519
287.502 -177.127 520
286.615 -177.127 520
285.729 -177.127 520
284.842 -177.127 520
284.502 -177.468 521
284.158 -177.808 522
283.268 -177.808 522
282.919 -178.149 523
282.567 -178.489 524
282.749 -179.171 526
281.852 -179.171 526
281.49 -179.511 527
280.591 -179.511 527
280.223 -179.852 528
279.323 -179.852 528
278.951 -180.193 529
278.574 -180.533 530
277.671 -180.533 530
277.812 -181.214 532
276.905 -181.214 532
276.517 -181.555 533
275.608 -181.555 533
274.699 -181.555 533
274.305 -181.896 534
273.906 -182.236 535
272.994 -182.236 535
272.591 -182.577 536
272.184 -182.918 537
271.773 -183.258 538
270.856 -183.258 538
270.441 -183.599 539
270.022 -183.94 540
269.102 -183.94 540
268.181 -183.94 540
267.755 -184.28 541
266.833 -184.28 541
265.911 -184.28 541
264.988 -184.28 541
264.066 -184.28 541
263.63 -184.621 542
262.706 -184.621 542
261.782 -184.621 542
261.34 -184.961 543
260.414 -184.961 543
259.488 -184.961 543
259.039 -185.302 544
258.111 -185.302 544
257.184 -185.302 544
256.257 -185.302 544
255.329 -185.302 544
254.402 -185.302 544
253.475 -185.302 544
251.619 -184.621 542
212.234 -160.436 471
211.431 -160.436 471
210.628 -160.436 471
209.825 -160.436 471
209.022 -160.436 471
208.219 -160.436 471
207.416 -160.436 471
206.614 -160.436 471
205.811 -160.436 471
205.008 -160.436 471
204.205 -160.436 471
202.97 -160.096 470
201.308 -159.414 468
200.082 -159.074 467
199.286 -159.074 467
197.64 -158.392 465
196.847 -158.392 465
195.211 -157.711 463
194.422 -157.711 463
193.214 -157.37 462
192.01 -157.03 461
190.81 -156.689 460
190.025 -156.689 460
188.418 -156.008 458
187.228 -155.667 457
186.041 -155.327 456
185.264 -155.327 456
184.486 -155.327 456
183.709 -155.327 456
182.53 -154.986 455
181.755 -154.986 455
180.979 -154.986 455
179.807 -154.645 454
178.245 -153.964 452
177.081 -153.624 451
176.313 -153.624 451
175.155 -153.283 450
174 -152.942 449
172.849 -152.602 448
172.085 -152.602 448
171.321 -152.602 448
170.177 -152.261 447
169.415 -152.261 447
168.653 -152.261 447
167.891 -152.261 447
166.755 -151.92 446
165.622 -151.58 445
164.123 -150.899 443
163.367 -150.899 443
162.245 -150.558 442
161.126 -150.217 441
154.92 -145.108 426
154.193 -145.108 426
152.747 -144.427 424
152.024 -144.427 424
150.587 -143.745 422
149.513 -143.405 421
148.442 -143.064 420
147.726 -143.064 420
147.01 -143.064 420
145.945 -142.723 419
145.231 -142.723 419
144.517 -142.723 419
143.802 -142.723 419
143.088 -142.723 419
142.374 -142.723 419
141.66 -142.723 419
140.945 -142.723 419
140.231 -142.723 419
139.184 -142.383 418
138.14 -142.042 417
137.429 -142.042 417
136.718 -142.042 417
136.007 -142.042 417
134.972 -141.702 416
134.263 -141.702 416
133.554 -141.702 416
132.206 -141.02 414
131.5 -141.02 414
130.794 -141.02 414
129.774 -140.68 413
129.07 -140.68 413
128.055 -140.339 412
127.353 -140.339 412
126.651 -140.339 412
125.948 -140.339 412
124.942 -139.998 411
124.241 -139.998 411
123.24 -139.658 410
122.541 -139.658 410
121.545 -139.317 409
120.552 -138.977 408
119.857 -138.977 408
118.869 -138.636 407
118.175 -138.636 407
117.481 -138.636 407
116.788 -138.636 407
115.809 -138.295 406
115.116 -138.295 406
114.424 -138.295 406
113.732 -138.295 406
112.762 -137.955 405
112.071 -137.955 405
111.381 -137.955 405
110.69 -137.955 405
109.728 -137.614 404
108.77 -137.273 403
107.814 -136.933 402
107.129 -136.933 402
106.444 -136.933 402
105.495 -136.592 401
104.812 -136.592 401
104.128 -136.592 401
103.187 -136.251 400
102.505 -136.251 400
101.823 -136.251 400
101.141 -136.251 400
100.459 -136.251 400
99.5277 -135.911 399
98.8475 -135.911 399
98.1673 -135.911 399
97.4871 -135.911 399
96.8069 -135.911 399
96.1267 -135.911 399
95.4466 -135.911 399
94.7664 -135.911 399
94.0862 -135.911 399
93.1719 -135.57 398
92.4934 -135.57 398
91.8149 -135.57 398
91.1364 -135.57 398
90.4579 -135.57 398
89.7794 -135.57 398
292.013 -176.987 517
291.131 -176.987 517
290.811 -177.329 518
290.488 -177.672 519
289.603 -177.672 519
288.718 -177.672 519
288.388 -178.014 520
287.502 -178.014 520
286.615 -178.014 520
285.729 -178.014 520
284.842 -178.014 520
284.502 -178.356 521
284.158 -178.699 522
283.268 -178.699 522
282.919 -179.041 523
282.567 -179.383 524
282.749 -180.068 526
281.852 -180.068 526
281.49 -180.41 527
280.591 -180.41 527
280.223 -180.753 528
279.323 -180.753 528
278.951 -181.095 529
278.574 -181.437 530
277.671 -181.437 530
277.812 -182.122 532
276.905 -182.122 532
276.517 -182.464 533
275.608 -182.464 533
274.699 -182.464 533
274.305 -182.807 534
273.906 -183.149 535
272.994 -183.149 535
272.591 -183.491 536
272.184 -183.834 537
271.773 -184.176 538
270.856 -184.176 538
270.441 -184.518 539
270.022 -184.861 540
269.102 -184.861 540
268.181 -184.861 540
267.755 -185.203 541
266.833 -185.203 541
265.911 -185.203 541
265.478 -185.545 542
264.554 -185.545 542
263.63 -185.545 542
262.706 -185.545 542
262.265 -185.888 543
261.34 -185.888 543
260.894 -186.23 544
259.966 -186.23 544
259.039 -186.23 544
258.111 -186.23 544
257.657 -186.572 545
256.728 -186.572 545
255.799 -186.572 545
254.87 -186.572 545
253.941 -186.572 545
251.619 -185.545 542
212.234 -161.24 471
211.431 -161.24 471
210.628 -161.24 471
209.825 -161.24 471
209.022 -161.24 471
208.219 -161.24 471
207.416 -161.24 471
206.175 -160.897 470
205.374 -160.897 470
204.572 -160.897 470
203.771 -160.897 470
202.538 -160.555 469
200.878 -159.87 467
199.225 -159.186 465
198.433 -159.186 465
197.64 -159.186 465
196.424 -158.843 464
195.211 -158.501 463
194.422 -158.501 463
193.214 -158.159 462
191.594 -157.474 460
189.98 -156.789 458
189.199 -156.789 458
188.007 -156.447 457
186.818 -156.105 456
186.041 -156.105 456
184.857 -155.762 455
184.082 -155.762 455
183.306 -155.762 455
182.53 -155.762 455
181.355 -155.42 454
180.581 -155.42 454
179.411 -155.078 453
177.85 -154.393 451
176.689 -154.051 450
175.922 -154.051 450
174.765 -153.708 449
173.612 -153.366 448
172.849 -153.366 448
172.085 -153.366 448
170.939 -153.024 447
170.177 -153.024 447
169.415 -153.024 447
168.653 -153.024 447
167.515 -152.681 446
166.381 -152.339 445
164.878 -151.654 443
164.123 -151.654 443
163.367 -151.654 443
161.878 -150.97 441
160.396 -150.285 439
154.556 -145.492 425
153.107 -144.808 423
152.386 -144.808 423
151.665 -144.808 423
150.587 -144.465 422
149.513 -144.123 421
148.442 -143.781 420
147.726 -143.781 420
147.01 -143.781 420
145.945 -143.438 419
145.231 -143.438 419
144.517 -143.438 419
143.802 -143.438 419
143.088 -143.438 419
142.374 -143.438 419
141.66 -143.438 419
140.945 -143.438 419
139.896 -143.096 418
139.184 -143.096 418
138.14 -142.754 417
137.429 -142.754 417
136.39 -142.411 416
135.681 -142.411 416
134.972 -142.411 416
134.263 -142.411 416
133.233 -142.069 415
132.206 -141.727 414
131.182 -141.384 413
130.478 -141.384 413
129.774 -141.384 413
129.07 -141.384 413
128.055 -141.042 412
127.353 -141.042 412
126.651 -141.042 412
125.643 -140.7 411
124.638 -140.357 410
123.939 -140.357 410
123.24 -140.357 410
122.242 -140.015 409
121.248 -139.673 408
120.257 -139.33 407
119.563 -139.33 407
118.869 -139.33 407
118.175 -139.33 407
117.481 -139.33 407
116.788 -139.33 407
115.809 -138.988 406
115.116 -138.988 406
114.424 -138.988 406
113.732 -138.988 406
112.762 -138.646 405
112.071 -138.646 405
111.381 -138.646 405
110.69 -138.646 405
109.728 -138.303 404
108.77 -137.961 403
107.814 -137.619 402
107.129 -137.619 402
106.444 -137.619 402
105.495 -137.276 401
104.812 -137.276 401
104.128 -137.276 401
103.187 -136.934 400
102.505 -136.934 400
101.823 -136.934 400
101.141 -136.934 400
100.459 -136.934 400
99.5277 -136.592 399
98.8475 -136.592 399
98.1673 -136.592 399
97.4871 -136.592 399
96.8069 -136.592 399
96.1267 -136.592 399
95.4466 -136.592 399
94.7664 -136.592 399
94.0862 -136.592 399
93.1719 -136.249 398
92.4934 -136.249 398
91.8149 -136.249 398
91.1364 -136.249 398
90.4579 -136.249 398
89.7794 -136.249 398
292.577 -178.213 518
291.694 -178.213 518
290.811 -178.213 518
290.488 -178.557 519
289.603 -178.557 519
288.718 -178.557 519
288.388 -178.901 520
287.502 -178.901 520
286.615 -178.901 520
285.729 -178.901 520
284.842 -178.901 520
284.502 -179.245 521
284.158 -179.589 522
283.268 -179.589 522
282.919 -179.933 523
283.106 -180.622 525
283.286 -181.31 527
282.388 -181.31 527
281.49 -181.31 527
280.591 -181.31 527
280.223 -181.654 528
279.323 -181.654 528
278.951 -181.998 529
278.574 -182.342 530
277.671 -182.342 530
277.812 -183.03 532
277.425 -183.374 533
276.517 -183.374 533
275.608 -183.374 533
275.215 -183.718 534
274.818 -184.062 535
274.418 -184.406 536
273.504 -184.406 536
273.099 -184.75 537
272.691 -185.094 538
272.279 -185.438 539
271.36 -185.438 539
270.943 -185.782 540
270.022 -185.782 540
269.102 -185.782 540
268.678 -186.126 541
267.755 -186.126 541
266.833 -186.126 541
265.911 -186.126 541
265.478 -186.47 542
264.554 -186.47 542
263.63 -186.47 542
262.706 -186.47 542
262.265 -186.814 543
261.34 -186.814 543
260.894 -187.158 544
259.966 -187.158 544
259.039 -187.158 544
258.111 -187.158 544
257.657 -187.502 545
256.728 -187.502 545
255.799 -187.502 545
254.87 -187.502 545
253.941 -187.502 545
212.234 -162.043 471
211.431 -162.043 471
210.628 -162.043 471
209.38 -161.699 470
208.579 -161.699 470
207.777 -161.699 470
206.976 -161.699 470
206.175 -161.699 470
205.374 -161.699 470
204.572 -161.699 470
203.771 -161.699 470
202.538 -161.355 469
200.878 -160.667 467
199.225 -159.979 465
198.433 -159.979 465
197.64 -159.979 465
196.424 -159.635 464
195.211 -159.291 463
194.422 -159.291 463
193.214 -158.947 462
191.594 -158.259 460
189.98 -157.571 458
189.199 -157.571 458
188.007 -157.227 457
186.818 -156.883 456
186.041 -156.883 456
184.857 -156.539 455
184.082 -156.539 455
183.306 -156.539 455
182.53 -156.539 455
181.355 -156.195 454
180.581 -156.195 454
179.411 -155.851 453
177.85 -155.162 451
176.689 -154.818 450
175.922 -154.818 450
174.765 -154.474 449
173.612 -154.13 448
172.463 -153.786 447
171.701 -153.786 447
170.939 -153.786 447
170.177 -153.786 447
158.551 -146.561 426
157.824 -146.561 426
157.098 -146.561 426
156.005 -146.217 425
155.28 -146.217 425
154.192 -145.873 424
153.469 -145.873 424
152.747 -145.873 424
152.024 -145.873 424
150.587 -145.185 422
149.513 -144.841 421
148.795 -144.841 421
148.077 -144.841 421
147.01 -144.497 420
145.945 -144.153 419
145.231 -144.153 419
144.517 -144.153 419
143.802 -144.153 419
143.088 -144.153 419
142.374 -144.153 419
141.66 -144.153 419
140.609 -143.809 418
139.896 -143.809 418
138.851 -143.465 417
137.809 -143.121 416
137.099 -143.121 416
136.39 -143.121 416
135.355 -142.777 415
134.648 -142.777 415
133.94 -142.777 415
132.912 -142.433 414
132.206 -142.433 414
131.182 -142.089 413
130.478 -142.089 413
129.774 -142.089 413
129.07 -142.089 413
128.055 -141.745 412
127.353 -141.745 412
126.343 -141.401 411
125.337 -141.057 410
124.638 -141.057 410
123.939 -141.057 410
122.939 -140.713 409
121.943 -140.369 408
120.951 -140.025 407
120.257 -140.025 407
119.563 -140.025 407
118.869 -140.025 407
117.885 -139.681 406
117.193 -139.681 406
116.501 -139.681 406
115.809 -139.681 406
115.116 -139.681 406
114.142 -139.337 405
113.452 -139.337 405
112.762 -139.337 405
112.071 -139.337 405
111.106 -138.993 404
110.417 -138.993 404
109.457 -138.648 403
108.5 -138.304 402
107.546 -137.96 401
106.863 -137.96 401
106.179 -137.96 401
105.495 -137.96 401
104.55 -137.616 400
103.869 -137.616 400
103.187 -137.616 400
102.505 -137.616 400
101.823 -137.616 400
101.141 -137.616 400
100.208 -137.272 399
99.5277 -137.272 399
98.8475 -137.272 399
98.1673 -137.272 399
97.2428 -136.928 398
96.8069 -137.272 399
96.1267 -137.272 399
95.4466 -137.272 399
94.7664 -137.272 399
93.8504 -136.928 398
93.1719 -136.928 398
92.4934 -136.928 398
91.8149 -136.928 398
91.1364 -136.928 398
90.4579 -136.928 398
89.7794 -136.928 398
292.577 -179.097 518
291.694 -179.097 518
290.811 -179.097 518
290.488 -179.443 519
289.603 -179.443 519
288.718 -179.443 519
288.388 -179.788 520
287.502 -179.788 520
286.615 -179.788 520
285.729 -179.788 520
285.39 -180.134 521
285.048 -180.48 522
284.158 -180.48 522
283.268 -180.48 522
282.919 -180.826 523
283.106 -181.517 525
283.286 -182.209 527
282.388 -182.209 527
281.49 -182.209 527
280.591 -182.209 527
280.223 -182.554 528
279.323 -182.554 528
278.951 -182.9 529
278.574 -183.246 530
277.671 -183.246 530
277.812 -183.937 532
277.425 -184.283 533
277.035 -184.629 534
276.125 -184.629 534
275.215 -184.629 534
274.818 -184.975 535
274.418 -185.32 536
273.504 -185.32 536
273.608 -186.012 538
272.691 -186.012 538
272.784 -186.703 540
271.863 -186.703 540
270.943 -186.703 540
270.522 -187.049 541
269.6 -187.049 541
268.678 -187.049 541
267.755 -187.049 541
267.326 -187.395 542
266.402 -187.395 542
265.478 -187.395 542
264.554 -187.395 542
264.117 -187.741 543
263.191 -187.741 543
262.265 -187.741 543
261.821 -188.086 544
260.894 -188.086 544
259.966 -188.086 544
259.515 -188.432 545
258.586 -188.432 545
258.13 -188.778 546
257.199 -188.778 546
256.268 -188.778 546
255.337 -188.778 546
254.406 -188.778 546
211.333 -162.155 469
210.982 -162.501 470
210.181 -162.501 470
209.38 -162.501 470
208.579 -162.501 470
207.777 -162.501 470
206.976 -162.501 470
206.175 -162.501 470
204.937 -162.155 469
204.137 -162.155 469
203.338 -162.155 469
202.538 -162.155 469
200.448 -161.118 466
199.225 -160.772 465
198.433 -160.772 465
197.215 -160.427 464
196 -160.081 463
195.211 -160.081 463
194.422 -160.081 463
192.796 -159.389 461
191.177 -158.698 459
189.98 -158.352 458
189.199 -158.352 458
188.007 -158.006 457
186.818 -157.661 456
185.633 -157.315 455
184.857 -157.315 455
184.082 -157.315 455
183.306 -157.315 455
182.129 -156.969 454
180.956 -156.623 453
180.183 -156.623 453
179.411 -156.623 453
177.85 -155.932 451
176.296 -155.24 449
175.531 -155.24 449
174.376 -154.895 448
173.612 -154.895 448
172.463 -154.549 447
171.701 -154.549 447
170.939 -154.549 447
170.177 -154.549 447
158.551 -147.288 426
157.824 -147.288 426
157.098 -147.288 426
156.005 -146.942 425
155.28 -146.942 425
154.192 -146.597 424
153.469 -146.597 424
152.747 -146.597 424
152.024 -146.597 424
150.587 -145.905 422
149.513 -145.56 421
148.795 -145.56 421
148.077 -145.56 421
147.01 -145.214 420
145.945 -144.868 419
145.231 -144.868 419
144.517 -144.868 419
143.802 -144.868 419
143.088 -144.868 419
142.374 -144.868 419
141.66 -144.868 419
140.609 -144.522 418
139.896 -144.522 418
138.851 -144.177 417
137.477 -143.485 415
136.77 -143.485 415
136.062 -143.485 415
135.355 -143.485 415
134.323 -143.139 414
133.617 -143.139 414
132.912 -143.139 414
131.886 -142.794 413
131.182 -142.794 413
130.478 -142.794 413
129.774 -142.794 413
128.758 -142.448 412
128.055 -142.448 412
127.353 -142.448 412
126.343 -142.102 411
125.337 -141.756 410
124.334 -141.411 409
123.637 -141.411 409
122.639 -141.065 408
121.644 -140.719 407
120.951 -140.719 407
119.961 -140.373 406
119.269 -140.373 406
118.577 -140.373 406
117.885 -140.373 406
117.193 -140.373 406
116.501 -140.373 406
115.809 -140.373 406
114.833 -140.028 405
114.142 -140.028 405
113.452 -140.028 405
112.483 -139.682 404
111.794 -139.682 404
110.831 -139.336 403
110.144 -139.336 403
109.185 -138.99 402
108.5 -138.99 402
107.546 -138.645 401
106.863 -138.645 401
105.914 -138.299 400
105.232 -138.299 400
104.55 -138.299 400
103.869 -138.299 400
103.187 -138.299 400
102.505 -138.299 400
101.568 -137.953 399
100.888 -137.953 399
100.208 -137.953 399
99.5277 -137.953 399
98.8475 -137.953 399
98.1673 -137.953 399
97.2428 -137.607 398
96.5643 -137.607 398
95.8858 -137.607 398
95.2073 -137.607 398
94.5289 -137.607 398
93.8504 -137.607 398
93.1719 -137.607 398
92.4934 -137.607 398
91.8149 -137.607 398
91.1364 -137.607 398
292.577 -179.981 518
291.694 -179.981 518
290.811 -179.981 518
290.488 -180.328 519
289.603 -180.328 519
288.718 -180.328 519
288.388 -180.676 520
287.502 -180.676 520
286.615 -180.676 520
285.729 -180.676 520
285.39 -181.023 521
285.048 -181.371 522
284.158 -181.371 522
283.268 -181.371 522
282.919 -181.718 523
283.106 -182.413 525
283.286 -183.108 527
282.388 -183.108 527
281.49 -183.108 527
281.124 -183.455 528
280.223 -183.455 528
279.852 -183.803 529
278.951 -183.803 529
278.574 -184.15 530
277.671 -184.15 530
277.812 -184.845 532
277.425 -185.193 533
277.035 -185.54 534
276.125 -185.54 534
275.73 -185.887 535
274.818 -185.887 535
274.93 -186.582 537
274.015 -186.582 537
273.608 -186.93 538
273.197 -187.277 539
272.784 -187.625 540
271.863 -187.625 540
270.943 -187.625 540
270.522 -187.972 541
269.6 -187.972 541
268.678 -187.972 541
268.25 -188.32 542
267.326 -188.32 542
266.402 -188.32 542
265.478 -188.32 542
265.042 -188.667 543
264.117 -188.667 543
263.191 -188.667 543
262.748 -189.015 544
262.302 -189.362 545
261.373 -189.362 545
260.444 -189.362 545
259.991 -189.709 546
259.06 -189.709 546
258.602 -190.057 547
257.67 -190.057 547
256.737 -190.057 547
255.805 -190.057 547
254.872 -190.057 547
210.432 -162.261 467
210.533 -162.956 469
209.734 -162.956 469
208.934 -162.956 469
208.135 -162.956 469
207.335 -162.956 469
206.536 -162.956 469
205.298 -162.608 468
204.5 -162.608 468
203.702 -162.608 468
202.904 -162.608 468
201.674 -162.261 467
200.018 -161.566 465
198.797 -161.218 464
198.006 -161.218 464
197.215 -161.218 464
196 -160.871 463
194.79 -160.523 462
194.002 -160.523 462
192.796 -160.176 461
191.177 -159.481 459
189.565 -158.786 457
188.786 -158.786 457
188.007 -158.786 457
186.818 -158.439 456
185.633 -158.091 455
184.857 -158.091 455
184.082 -158.091 455
182.903 -157.744 454
182.129 -157.744 454
180.956 -157.396 453
180.183 -157.396 453
179.015 -157.049 452
177.456 -156.354 450
176.296 -156.006 449
175.531 -156.006 449
174.376 -155.659 448
173.225 -155.312 447
172.077 -154.964 446
171.317 -154.964 446
170.174 -154.617 445
158.551 -148.015 426
157.824 -148.015 426
157.098 -148.015 426
156.005 -147.668 425
155.28 -147.668 425
154.192 -147.32 424
153.469 -147.32 424
152.747 -147.32 424
152.024 -147.32 424
150.587 -146.625 422
149.513 -146.278 421
148.795 -146.278 421
148.077 -146.278 421
147.01 -145.93 420
145.945 -145.583 419
145.231 -145.583 419
144.517 -145.583 419
143.802 -145.583 419
143.088 -145.583 419
142.034 -145.235 418
141.322 -145.235 418
140.609 -145.235 418
139.562 -144.888 417
138.851 -144.888 417
137.477 -144.193 415
136.77 -144.193 415
136.062 -144.193 415
135.355 -144.193 415
134.323 -143.846 414
133.617 -143.846 414
132.912 -143.846 414
131.886 -143.498 413
131.182 -143.498 413
130.478 -143.498 413
129.774 -143.498 413
128.758 -143.151 412
128.055 -143.151 412
127.353 -143.151 412
126.343 -142.803 411
125.337 -142.456 410
124.334 -142.108 409
123.637 -142.108 409
122.639 -141.761 408
121.644 -141.413 407
120.951 -141.413 407
119.961 -141.066 406
119.269 -141.066 406
118.577 -141.066 406
117.885 -141.066 406
117.193 -141.066 406
116.501 -141.066 406
115.809 -141.066 406
114.833 -140.719 405
113.861 -140.371 404
113.172 -140.371 404
112.483 -140.371 404
111.518 -140.024 403
110.556 -139.676 402
109.87 -139.676 402
109.185 -139.676 402
108.23 -139.329 401
107.278 -138.981 400
106.596 -138.981 400
105.914 -138.981 400
105.232 -138.981 400
104.55 -138.981 400
103.869 -138.981 400
103.187 -138.981 400
102.248 -138.634 399
101.568 -138.634 399
100.888 -138.634 399
100.208 -138.634 399
99.5277 -138.634 399
98.8475 -138.634 399
98.1673 -138.634 399
97.2428 -138.286 398
96.5643 -138.286 398
95.8858 -138.286 398
95.2073 -138.286 398
94.5289 -138.286 398
93.8504 -138.286 398
93.1719 -138.286 398
92.4934 -138.286 398
91.8149 -138.286 398
292.577 -180.865 518
291.694 -180.865 518
290.811 -180.865 518
290.488 -181.214 519
290.161 -181.563 520
289.275 -181.563 520
288.388 -181.563 520
287.502 -181.563 520
287.167 -181.912 521
286.278 -181.912 521
285.39 -181.912 521
285.048 -182.261 522
284.703 -182.61 523
283.811 -182.61 523
283.46 -182.959 524
283.106 -183.309 525
283.286 -184.007 527
282.388 -184.007 527
281.49 -184.007 527
281.124 -184.356 528
280.223 -184.356 528
279.852 -184.705 529
278.951 -184.705 529
278.574 -185.054 530
277.671 -185.054 530
277.812 -185.753 532
277.425 -186.102 533
277.035 -186.451 534
276.125 -186.451 534
275.73 -186.8 535
274.818 -186.8 535
274.93 -187.499 537
274.015 -187.499 537
273.608 -187.848 538
273.197 -188.197 539
272.784 -188.546 540
271.863 -188.546 540
270.943 -188.546 540
270.522 -188.895 541
269.6 -188.895 541
268.678 -188.895 541
268.25 -189.244 542
267.326 -189.244 542
266.402 -189.244 542
265.968 -189.593 543
265.042 -189.593 543
264.603 -189.943 544
263.676 -189.943 544
263.231 -190.292 545
262.784 -190.641 546
261.853 -190.641 546
260.922 -190.641 546
260.467 -190.99 547
259.535 -190.99 547
259.075 -191.339 548
258.141 -191.339 548
257.207 -191.339 548
256.273 -191.339 548
255.338 -191.339 548
210.432 -163.057 467
210.533 -163.756 469
209.734 -163.756 469
208.934 -163.756 469
208.135 -163.756 469
207.335 -163.756 469
206.536 -163.756 469
205.298 -163.407 468
204.5 -163.407 468
203.702 -163.407 468
202.471 -163.057 467
200.811 -162.359 465
200.018 -162.359 465
198.797 -162.01 464
198.006 -162.01 464
196.79 -161.661 463
195.577 -161.312 462
194.368 -160.962 461
193.582 -160.962 461
191.96 -160.264 459
190.761 -159.915 458
189.565 -159.566 457
188.786 -159.566 457
187.596 -159.217 456
186.409 -158.867 455
185.633 -158.867 455
184.451 -158.518 454
183.677 -158.518 454
182.903 -158.518 454
181.728 -158.169 453
180.556 -157.82 452
179.786 -157.82 452
178.223 -157.122 450
177.062 -156.773 449
175.903 -156.423 448
175.14 -156.423 448
173.987 -156.074 447
172.45 -155.376 445
170.919 -154.678 443
169.78 -154.328 442
169.027 -154.328 442
158.551 -148.742 426
157.824 -148.742 426
157.098 -148.742 426
156.005 -148.393 425
155.28 -148.393 425
154.192 -148.044 424
153.469 -148.044 424
152.747 -148.044 424
152.024 -148.044 424
150.587 -147.345 422
149.513 -146.996 421
148.442 -146.647 420
147.726 -146.647 420
147.01 -146.647 420
145.945 -146.298 419
145.231 -146.298 419
144.517 -146.298 419
143.802 -146.298 419
142.747 -145.949 418
142.034 -145.949 418
141.322 -145.949 418
140.273 -145.599 417
139.562 -145.599 417
138.518 -145.25 416
137.477 -144.901 415
136.77 -144.901 415
135.735 -144.552 414
135.029 -144.552 414
134.323 -144.552 414
133.617 -144.552 414
132.59 -144.203 413
131.886 -144.203 413
131.182 -144.203 413
130.478 -144.203 413
129.46 -143.854 412
128.758 -143.854 412
127.744 -143.504 411
127.044 -143.504 411
126.036 -143.155 410
125.031 -142.806 409
124.03 -142.457 408
123.334 -142.457 408
122.338 -142.108 407
121.644 -142.108 407
120.653 -141.759 406
119.961 -141.759 406
119.269 -141.759 406
118.577 -141.759 406
117.885 -141.759 406
116.904 -141.41 405
116.214 -141.41 405
115.523 -141.41 405
114.833 -141.41 405
113.861 -141.06 404
113.172 -141.06 404
112.483 -141.06 404
111.518 -140.711 403
110.556 -140.362 402
109.87 -140.362 402
109.185 -140.362 402
108.23 -140.013 401
107.278 -139.664 400
106.596 -139.664 400
105.914 -139.664 400
105.232 -139.664 400
104.55 -139.664 400
103.869 -139.664 400
103.187 -139.664 400
102.248 -139.315 399
101.568 -139.315 399
100.888 -139.315 399
100.208 -139.315 399
99.5277 -139.315 399
98.8475 -139.315 399
98.1673 -139.315 399
97.2428 -138.965 398
96.5643 -138.965 398
95.8858 -138.965 398
95.2073 -138.965 398
94.5289 -138.965 398
93.8504 -138.965 398
93.1719 -138.965 398
92.4934 -138.965 398
91.5842 -138.616 397
292.577 -181.748 518
291.694 -181.748 518
291.373 -182.099 519
290.488 -182.099 519
290.161 -182.45 520
289.275 -182.45 520
288.388 -182.45 520
288.055 -182.801 521
287.167 -182.801 521
286.278 -182.801 521
285.938 -183.152 522
285.594 -183.503 523
285.247 -183.853 524
284.354 -183.853 524
284.001 -184.204 525
283.646 -184.555 526
283.286 -184.906 527
282.388 -184.906 527
282.024 -185.257 528
281.124 -185.257 528
280.223 -185.257 528
279.852 -185.608 529
278.951 -185.608 529
279.1 -186.31 531
278.195 -186.31 531
277.812 -186.66 532
277.946 -187.362 534
277.554 -187.713 535
276.642 -187.713 535
275.73 -187.713 535
275.332 -188.064 536
275.442 -188.766 538
274.525 -188.766 538
274.116 -189.116 539
273.197 -189.116 539
272.279 -189.116 539
271.863 -189.467 540
271.444 -189.818 541
270.522 -189.818 541
269.6 -189.818 541
269.174 -190.169 542
268.25 -190.169 542
267.326 -190.169 542
266.402 -190.169 542
265.968 -190.52 543
265.042 -190.52 543
264.603 -190.871 544
263.676 -190.871 544
263.231 -191.222 545
262.784 -191.572 546
261.853 -191.572 546
260.922 -191.572 546
260.467 -191.923 547
259.535 -191.923 547
259.075 -192.274 548
258.141 -192.274 548
257.207 -192.274 548
256.273 -192.274 548
255.338 -192.274 548
210.432 -163.854 467
210.084 -164.205 468
209.287 -164.205 468
208.489 -164.205 468
207.691 -164.205 468
206.893 -164.205 468
206.095 -164.205 468
204.859 -163.854 467
204.063 -163.854 467
203.267 -163.854 467
202.471 -163.854 467
200.811 -163.152 465
200.018 -163.152 465
198.797 -162.802 464
198.006 -162.802 464
196.79 -162.451 463
195.577 -162.1 462
194.368 -161.749 461
193.582 -161.749 461
191.96 -161.047 459
190.761 -160.696 458
189.565 -160.345 457
188.786 -160.345 457
187.596 -159.995 456
186.409 -159.644 455
185.633 -159.644 455
184.451 -159.293 454
183.677 -159.293 454
182.903 -159.293 454
181.728 -158.942 453
180.556 -158.591 452
179.786 -158.591 452
178.223 -157.889 450
177.062 -157.539 449
175.903 -157.188 448
175.14 -157.188 448
173.987 -156.837 447
172.45 -156.135 445
170.919 -155.433 443
169.012 -154.381 440
168.262 -154.381 440
158.551 -149.469 426
157.824 -149.469 426
157.098 -149.469 426
156.005 -149.118 425
155.28 -149.118 425
154.192 -148.767 424
153.469 -148.767 424
152.386 -148.416 423
151.665 -148.416 423
150.23 -147.714 421
149.158 -147.363 420
148.442 -147.363 420
147.726 -147.363 420
146.66 -147.013 419
145.945 -147.013 419
145.231 -147.013 419
144.517 -147.013 419
143.802 -147.013 419
142.747 -146.662 418
141.694 -146.311 417
140.983 -146.311 417
140.273 -146.311 417
139.227 -145.96 416
138.185 -145.609 415
137.146 -145.258 414
136.44 -145.258 414
135.735 -145.258 414
134.703 -144.907 413
133.999 -144.907 413
133.295 -144.907 413
132.59 -144.907 413
131.886 -144.907 413
130.865 -144.557 412
130.162 -144.557 412
129.46 -144.557 412
128.445 -144.206 411
127.434 -143.855 410
126.735 -143.855 410
125.728 -143.504 409
124.725 -143.153 408
123.726 -142.802 407
123.032 -142.802 407
122.338 -142.802 407
121.346 -142.451 406
120.653 -142.451 406
119.961 -142.451 406
119.269 -142.451 406
118.285 -142.1 405
117.595 -142.1 405
116.904 -142.1 405
116.214 -142.1 405
115.238 -141.75 404
114.549 -141.75 404
113.579 -141.399 403
112.892 -141.399 403
111.926 -141.048 402
111.241 -141.048 402
110.556 -141.048 402
109.87 -141.048 402
108.913 -140.697 401
107.96 -140.346 400
107.278 -140.346 400
106.596 -140.346 400
105.914 -140.346 400
105.232 -140.346 400
104.55 -140.346 400
103.869 -140.346 400
102.929 -139.995 399
102.248 -139.995 399
101.568 -139.995 399
100.888 -139.995 399
100.208 -139.995 399
99.5277 -139.995 399
98.5998 -139.644 398
97.9213 -139.644 398
97.2428 -139.644 398
96.5643 -139.644 398
95.8858 -139.644 398
95.2073 -139.644 398
94.5289 -139.644 398
93.6146 -139.294 397
92.9378 -139.294 397
92.261 -139.294 397
91.5842 -139.294 397
292.577 -182.632 518
291.694 -182.632 518
291.373 -182.985 519
290.488 -182.985 519
290.161 -183.337 520
289.275 -183.337 520
288.943 -183.69 521
288.055 -183.69 521
287.167 -183.69 521
286.278 -183.69 521
285.938 -184.042 522
286.14 -184.747 524
285.791 -185.1 525
284.896 -185.1 525
284.542 -185.453 526
283.646 -185.453 526
283.286 -185.805 527
282.924 -186.158 528
282.024 -186.158 528
281.656 -186.51 529
280.754 -186.51 529
279.852 -186.51 529
279.478 -186.863 530
279.1 -187.215 531
278.195 -187.215 531
278.334 -187.921 533
278.466 -188.626 535
278.073 -188.978 536
277.159 -188.978 536
276.246 -188.978 536
275.846 -189.331 537
275.954 -190.036 539
275.035 -190.036 539
274.116 -190.036 539
273.704 -190.389 540
272.784 -190.389 540
271.863 -190.389 540
271.444 -190.741 541
270.522 -190.741 541
269.6 -190.741 541
269.174 -191.094 542
268.25 -191.094 542
267.819 -191.446 543
266.894 -191.446 543
265.968 -191.446 543
265.531 -191.799 544
264.603 -191.799 544
263.676 -191.799 544
263.714 -192.504 546
263.265 -192.857 547
262.332 -192.857 547
261.4 -192.857 547
260.944 -193.209 548
260.009 -193.209 548
259.075 -193.209 548
258.141 -193.209 548
257.207 -193.209 548
256.273 -193.209 548
255.338 -193.209 548
209.636 -164.651 467
208.839 -164.651 467
208.489 -165.003 468
207.691 -165.003 468
206.893 -165.003 468
204.774 -163.946 465
203.982 -163.946 465
202.752 -163.593 464
201.961 -163.593 464
201.17 -163.593 464
200.379 -163.593 464
199.588 -163.593 464
198.368 -163.241 463
197.579 -163.241 463
196.365 -162.888 462
195.154 -162.535 461
193.946 -162.183 460
193.162 -162.183 460
191.96 -161.83 459
190.344 -161.125 457
189.15 -160.773 456
188.373 -160.773 456
187.596 -160.773 456
186.409 -160.42 455
185.225 -160.067 454
184.451 -160.067 454
183.677 -160.067 454
182.097 -159.362 452
180.524 -158.657 450
179.757 -158.657 450
178.99 -158.657 450
177.827 -158.305 449
176.667 -157.952 448
175.511 -157.599 447
174.749 -157.599 447
173.208 -156.894 445
171.675 -156.189 443
170.534 -155.837 442
169.012 -155.131 440
168.262 -155.131 440
158.551 -150.195 426
157.824 -150.195 426
157.098 -150.195 426
156.372 -150.195 426
155.28 -149.843 425
154.192 -149.49 424
153.469 -149.49 424
152.386 -149.138 423
151.665 -149.138 423
150.23 -148.433 421
149.158 -148.08 420
148.442 -148.08 420
147.726 -148.08 420
146.66 -147.727 419
145.945 -147.727 419
145.231 -147.727 419
144.517 -147.727 419
143.802 -147.727 419
142.747 -147.375 418
141.694 -147.022 417
140.983 -147.022 417
140.273 -147.022 417
139.227 -146.67 416
138.185 -146.317 415
137.146 -145.965 414
136.44 -145.965 414
135.407 -145.612 413
134.703 -145.612 413
133.999 -145.612 413
133.295 -145.612 413
132.269 -145.259 412
131.567 -145.259 412
130.865 -145.259 412
130.162 -145.259 412
128.832 -144.554 410
128.133 -144.554 410
127.123 -144.202 409
126.426 -144.202 409
125.421 -143.849 408
124.42 -143.497 407
123.422 -143.144 406
122.73 -143.144 406
122.038 -143.144 406
121.346 -143.144 406
120.356 -142.791 405
119.666 -142.791 405
118.975 -142.791 405
118.285 -142.791 405
117.304 -142.439 404
116.327 -142.086 403
115.64 -142.086 403
114.953 -142.086 403
114.266 -142.086 403
113.297 -141.734 402
112.612 -141.734 402
111.926 -141.734 402
110.964 -141.381 401
110.281 -141.381 401
109.597 -141.381 401
108.913 -141.381 401
107.96 -141.029 400
107.278 -141.029 400
106.596 -141.029 400
105.914 -141.029 400
104.969 -140.676 399
104.289 -140.676 399
103.609 -140.676 399
102.929 -140.676 399
102.248 -140.676 399
101.314 -140.323 398
100.635 -140.323 398
99.9568 -140.323 398
99.2783 -140.323 398
98.5998 -140.323 398
97.9213 -140.323 398
96.9985 -139.971 397
96.3217 -139.971 397
95.6449 -139.971 397
94.7289 -139.618 396
94.0538 -139.618 396
93.143 -139.266 395
92.4696 -139.266 395
91.7962 -139.266 395
91.1228 -139.266 395
292.577 -183.516 518
291.694 -183.516 518
291.373 -183.87 519
290.488 -183.87 519
290.161 -184.224 520
289.275 -184.224 520
288.943 -184.579 521
288.055 -184.579 521
287.167 -184.579 521
286.278 -184.579 521
285.938 -184.933 522
286.14 -185.641 524
285.791 -185.996 525
284.896 -185.996 525
284.542 -186.35 526
283.646 -186.35 526
283.286 -186.704 527
282.924 -187.059 528
282.558 -187.413 529
281.656 -187.413 529
280.754 -187.413 529
280.381 -187.767 530
279.478 -187.767 530
279.626 -188.476 532
278.719 -188.476 532
278.334 -188.83 533
278.466 -189.538 535
278.073 -189.893 536
277.159 -189.893 536
276.246 -189.893 536
275.846 -190.247 537
275.954 -190.956 539
275.035 -190.956 539
274.116 -190.956 539
273.704 -191.31 540
272.784 -191.31 540
272.367 -191.664 541
271.444 -191.664 541
270.522 -191.664 541
269.6 -191.664 541
269.174 -192.018 542
268.25 -192.018 542
267.819 -192.373 543
266.894 -192.373 543
266.458 -192.727 544
265.531 -192.727 544
265.576 -193.436 546
264.645 -193.436 546
264.197 -193.79 547
263.746 -194.144 548
262.812 -194.144 548
261.878 -194.144 548
261.42 -194.498 549
260.484 -194.498 549
259.548 -194.498 549
258.612 -194.498 549
257.676 -194.498 549
207.945 -164.739 465
207.152 -164.739 465
206.36 -164.739 465
205.567 -164.739 465
204.774 -164.739 465
203.543 -164.385 464
202.752 -164.385 464
201.961 -164.385 464
201.17 -164.385 464
200.379 -164.385 464
199.158 -164.031 463
197.94 -163.676 462
197.152 -163.676 462
196.365 -163.676 462
195.154 -163.322 461
193.525 -162.613 459
192.742 -162.613 459
191.542 -162.259 458
190.344 -161.905 457
189.15 -161.551 456
188.373 -161.551 456
187.184 -161.196 455
185.999 -160.842 454
184.817 -160.488 453
183.232 -159.779 451
182.463 -159.779 451
181.292 -159.425 450
180.123 -159.071 449
178.958 -158.716 448
178.195 -158.716 448
177.431 -158.716 448
176.273 -158.362 447
174.726 -157.654 445
173.967 -157.654 445
172.43 -156.945 443
170.9 -156.236 441
169.762 -155.882 440
168.628 -155.528 439
167.879 -155.528 439
157.824 -150.922 426
157.098 -150.922 426
156.372 -150.922 426
155.28 -150.568 425
154.192 -150.214 424
153.469 -150.214 424
152.386 -149.859 423
151.665 -149.859 423
150.23 -149.151 421
149.158 -148.797 420
148.442 -148.797 420
147.726 -148.797 420
146.66 -148.442 419
145.945 -148.442 419
145.231 -148.442 419
144.517 -148.442 419
143.802 -148.442 419
142.747 -148.088 418
141.694 -147.734 417
140.983 -147.734 417
140.273 -147.734 417
139.227 -147.379 416
137.852 -146.671 414
137.146 -146.671 414
136.44 -146.671 414
135.407 -146.317 413
134.703 -146.317 413
133.999 -146.317 413
133.295 -146.317 413
132.269 -145.962 412
131.567 -145.962 412
130.865 -145.962 412
130.162 -145.962 412
128.832 -145.254 410
128.133 -145.254 410
127.123 -144.9 409
126.426 -144.9 409
125.421 -144.545 408
124.42 -144.191 407
123.422 -143.837 406
122.73 -143.837 406
122.038 -143.837 406
121.346 -143.837 406
120.356 -143.482 405
119.666 -143.482 405
118.975 -143.482 405
118.285 -143.482 405
117.304 -143.128 404
116.327 -142.774 403
115.64 -142.774 403
114.953 -142.774 403
114.266 -142.774 403
113.297 -142.42 402
112.612 -142.42 402
111.926 -142.42 402
110.964 -142.065 401
110.006 -141.711 400
109.324 -141.711 400
108.642 -141.711 400
107.96 -141.711 400
107.01 -141.357 399
106.33 -141.357 399
105.649 -141.357 399
104.969 -141.357 399
104.289 -141.357 399
103.609 -141.357 399
102.671 -141.002 398
101.992 -141.002 398
101.314 -141.002 398
100.635 -141.002 398
99.7056 -140.648 397
99.0288 -140.648 397
98.3521 -140.648 397
97.6753 -140.648 397
96.7542 -140.294 396
96.0791 -140.294 396
95.404 -140.294 396
94.4897 -139.94 395
93.8163 -139.94 395
93.143 -139.94 395
92.4696 -139.94 395
91.5638 -139.585 394
90.8921 -139.585 394
293.142 -184.756 519
292.257 -184.756 519
291.373 -184.756 519
291.048 -185.112 520
290.161 -185.112 520
289.275 -185.112 520
288.943 -185.467 521
288.055 -185.467 521
287.718 -185.823 522
286.828 -185.823 522
286.486 -186.179 523
286.686 -186.891 525
285.791 -186.891 525
284.896 -186.891 525
284.542 -187.247 526
284.185 -187.603 527
283.286 -187.603 527
282.924 -187.959 528
282.558 -188.315 529
281.656 -188.315 529
280.754 -188.315 529
280.381 -188.671 530
279.478 -188.671 530
279.626 -189.383 532
278.719 -189.383 532
278.334 -189.739 533
278.466 -190.451 535
278.073 -190.807 536
277.159 -190.807 536
276.246 -190.807 536
275.846 -191.163 537
275.954 -191.875 539
275.035 -191.875 539
274.116 -191.875 539
273.704 -192.231 540
272.784 -192.231 540
272.367 -192.587 541
271.444 -192.587 541
270.522 -192.587 541
269.6 -192.587 541
269.174 -192.943 542
268.25 -192.943 542
267.819 -193.299 543
266.894 -193.299 543
266.458 -193.655 544
266.507 -194.367 546
266.062 -194.723 547
265.13 -194.723 547
264.68 -195.079 548
264.227 -195.435 549
263.292 -195.435 549
262.356 -195.435 549
261.42 -195.435 549
260.958 -195.791 550
260.021 -195.791 550
259.083 -195.791 550
258.145 -195.791 550
257.208 -195.791 550
207.945 -165.532 465
207.152 -165.532 465
206.36 -165.532 465
205.567 -165.532 465
204.774 -165.532 465
203.543 -165.176 464
202.752 -165.176 464
201.961 -165.176 464
201.17 -165.176 464
199.947 -164.82 463
198.728 -164.464 462
197.94 -164.464 462
197.152 -164.464 462
195.94 -164.108 461
194.307 -163.396 459
193.103 -163.041 458
192.322 -163.041 458
191.123 -162.685 457
189.928 -162.329 456
188.736 -161.973 455
187.96 -161.973 455
187.184 -161.973 455
185.589 -161.261 453
184.001 -160.549 451
182.826 -160.193 450
182.059 -160.193 450
180.889 -159.837 449
179.722 -159.481 448
178.559 -159.125 447
177.797 -159.125 447
177.035 -159.125 447
175.09 -158.057 444
173.548 -157.345 442
172.403 -156.989 441
171.651 -156.989 441
170.512 -156.633 440
169.376 -156.277 439
167.86 -155.565 437
167.115 -155.565 437
165.608 -154.853 435
157.824 -151.649 426
157.098 -151.649 426
156.372 -151.649 426
155.28 -151.293 425
154.192 -150.937 424
153.469 -150.937 424
152.386 -150.581 423
151.665 -150.581 423
150.23 -149.869 421
149.158 -149.513 420
148.442 -149.513 420
147.726 -149.513 420
146.66 -149.157 419
145.945 -149.157 419
145.231 -149.157 419
144.517 -149.157 419
143.459 -148.801 418
142.747 -148.801 418
141.694 -148.445 417
140.983 -148.445 417
139.936 -148.089 416
138.892 -147.733 415
137.852 -147.377 414
136.815 -147.021 413
136.111 -147.021 413
135.407 -147.021 413
134.376 -146.665 412
133.674 -146.665 412
132.972 -146.665 412
131.948 -146.309 411
131.248 -146.309 411
130.229 -145.953 410
129.531 -145.953 410
128.517 -145.597 409
127.508 -145.241 408
126.812 -145.241 408
126.117 -145.241 408
125.114 -144.885 407
124.114 -144.529 406
123.422 -144.529 406
122.73 -144.529 406
122.038 -144.529 406
121.047 -144.173 405
120.356 -144.173 405
119.666 -144.173 405
118.975 -144.173 405
117.993 -143.817 404
117.014 -143.461 403
116.038 -143.105 402
115.353 -143.105 402
114.668 -143.105 402
113.982 -143.105 402
113.015 -142.749 401
112.331 -142.749 401
111.648 -142.749 401
110.964 -142.749 401
110.006 -142.393 400
109.324 -142.393 400
108.642 -142.393 400
107.96 -142.393 400
107.01 -142.037 399
106.33 -142.037 399
105.649 -142.037 399
104.969 -142.037 399
104.289 -142.037 399
103.609 -142.037 399
102.671 -141.682 398
101.992 -141.682 398
101.314 -141.682 398
100.635 -141.682 398
99.7056 -141.326 397
99.0288 -141.326 397
98.3521 -141.326 397
97.6753 -141.326 397
96.7542 -140.97 396
96.0791 -140.97 396
95.404 -140.97 396
94.4897 -140.614 395
93.8163 -140.614 395
93.143 -140.614 395
92.4696 -140.614 395
91.5638 -140.258 394
90.8921 -140.258 394
293.142 -185.641 519
292.257 -185.641 519
291.373 -185.641 519
291.048 -185.999 520
290.161 -185.999 520
289.275 -185.999 520
288.943 -186.356 521
288.055 -186.356 521
287.718 -186.714 522
286.828 -186.714 522
286.486 -187.072 523
286.686 -187.787 525
285.791 -187.787 525
285.439 -188.145 526
284.542 -188.145 526
284.185 -188.503 527
283.286 -188.503 527
283.46 -189.218 529
282.558 -189.218 529
281.656 -189.218 529
280.754 -189.218 529
280.381 -189.576 530
279.478 -189.576 530
279.626 -190.291 532
278.719 -190.291 532
278.334 -190.649 533
278.987 -191.722 536
278.073 -191.722 536
277.159 -191.722 536
276.761 -192.079 537
275.846 -192.079 537
274.93 -192.079 537
275.035 -192.795 539
274.625 -193.152 540
273.704 -193.152 540
272.784 -193.152 540
272.367 -193.51 541
271.444 -193.51 541
271.022 -193.868 542
270.098 -193.868 542
269.174 -193.868 542
268.745 -194.226 543
268.313 -194.583 544
267.385 -194.583 544
266.948 -194.941 545
266.507 -195.299 546
266.062 -195.656 547
265.13 -195.656 547
264.68 -196.014 548
264.227 -196.372 549
263.292 -196.372 549
262.356 -196.372 549
261.42 -196.372 549
260.958 -196.729 550
260.021 -196.729 550
259.083 -196.729 550
258.145 -196.729 550
257.208 -196.729 550
205.916 -165.968 464
205.125 -165.968 464
204.334 -165.968 464
203.104 -165.61 463
202.315 -165.61 463
201.526 -165.61 463
200.736 -165.61 463
199.947 -165.61 463
198.728 -165.253 462
197.94 -165.253 462
197.152 -165.253 462
195.94 -164.895 461
194.307 -164.18 459
193.103 -163.822 458
192.322 -163.822 458
191.123 -163.464 457
189.928 -163.107 456
188.736 -162.749 455
187.96 -162.749 455
187.184 -162.749 455
185.589 -162.033 453
184.001 -161.318 451
182.826 -160.96 450
182.059 -160.96 450
180.889 -160.603 449
179.722 -160.245 448
178.559 -159.887 447
177.797 -159.887 447
177.035 -159.887 447
175.09 -158.814 444
173.548 -158.099 442
172.403 -157.741 441
171.651 -157.741 441
170.512 -157.383 440
169.376 -157.026 439
167.86 -156.31 437
167.115 -156.31 437
165.608 -155.595 435
164.488 -155.237 434
160.754 -153.091 428
160.025 -153.091 428
159.295 -153.091 428
157.824 -152.376 426
157.098 -152.376 426
156.372 -152.376 426
155.28 -152.018 425
154.192 -151.66 424
153.469 -151.66 424
152.386 -151.303 423
151.665 -151.303 423
150.23 -150.587 421
149.158 -150.23 420
148.442 -150.23 420
147.726 -150.23 420
146.66 -149.872 419
145.945 -149.872 419
144.884 -149.514 418
144.172 -149.514 418
143.459 -149.514 418
142.405 -149.157 417
141.355 -148.799 416
140.645 -148.799 416
139.6 -148.441 415
138.558 -148.084 414
137.519 -147.726 413
136.484 -147.368 412
135.781 -147.368 412
135.079 -147.368 412
134.05 -147.01 411
133.35 -147.01 411
132.649 -147.01 411
131.627 -146.653 410
130.609 -146.295 409
129.594 -145.937 408
128.899 -145.937 408
127.889 -145.58 407
127.195 -145.58 407
126.501 -145.58 407
125.807 -145.58 407
124.806 -145.222 406
124.114 -145.222 406
123.422 -145.222 406
122.427 -144.864 405
121.737 -144.864 405
121.047 -144.864 405
120.059 -144.507 404
119.37 -144.507 404
118.682 -144.507 404
117.701 -144.149 403
116.723 -143.791 402
116.038 -143.791 402
115.353 -143.791 402
114.382 -143.434 401
113.699 -143.434 401
113.015 -143.434 401
112.331 -143.434 401
111.369 -143.076 400
110.688 -143.076 400
110.006 -143.076 400
109.324 -143.076 400
108.642 -143.076 400
107.69 -142.718 399
107.01 -142.718 399
106.33 -142.718 399
105.649 -142.718 399
104.706 -142.361 398
104.028 -142.361 398
103.349 -142.361 398
102.671 -142.361 398
101.992 -142.361 398
101.059 -142.003 397
100.382 -142.003 397
99.7056 -142.003 397
99.0288 -142.003 397
98.1043 -141.645 396
97.4292 -141.645 396
96.7542 -141.645 396
95.8364 -141.287 395
95.1631 -141.287 395
94.4897 -141.287 395
93.8163 -141.287 395
92.9072 -140.93 394
92.2355 -140.93 394
91.5638 -140.93 394
90.8921 -140.93 394
293.142 -186.526 519
292.257 -186.526 519
291.373 -186.526 519
291.048 -186.886 520
290.161 -186.886 520
289.275 -186.886 520
288.943 -187.245 521
288.055 -187.245 521
287.718 -187.605 522
286.828 -187.605 522
286.486 -187.964 523
286.686 -188.683 525
285.791 -188.683 525
285.439 -189.042 526
284.542 -189.042 526
284.185 -189.402 527
283.286 -189.402 527
283.46 -190.12 529
282.558 -190.12 529
282.188 -190.48 530
281.285 -190.48 530
280.381 -190.48 530
280.005 -190.839 531
280.151 -191.558 533
279.243 -191.558 533
279.378 -192.277 535
278.987 -192.636 536
278.592 -192.996 537
277.676 -192.996 537
276.761 -192.996 537
276.873 -193.714 539
275.954 -193.714 539
275.545 -194.074 540
274.625 -194.074 540
274.211 -194.433 541
273.289 -194.433 541
272.367 -194.433 541
271.444 -194.433 541
271.022 -194.793 542
270.098 -194.793 542
269.671 -195.152 543
269.24 -195.511 544
268.806 -195.871 545
267.877 -195.871 545
267.438 -196.23 546
266.995 -196.59 547
267.035 -197.308 549
266.099 -197.308 549
265.163 -197.308 549
264.709 -197.668 550
263.771 -197.668 550
262.833 -197.668 550
262.372 -198.027 551
261.433 -198.027 551
260.493 -198.027 551
259.554 -198.027 551
258.615 -198.027 551
257.676 -198.027 551
205.472 -166.4 463
204.683 -166.4 463
203.893 -166.4 463
203.104 -166.4 463
201.878 -166.041 462
201.09 -166.041 462
200.303 -166.041 462
199.515 -166.041 462
198.728 -166.041 462
197.512 -165.682 461
196.726 -165.682 461
195.09 -164.963 459
193.884 -164.603 458
192.681 -164.244 457
191.902 -164.244 457
191.123 -164.244 457
189.928 -163.885 456
188.736 -163.525 455
187.96 -163.525 455
186.773 -163.166 454
185.18 -162.447 452
183.593 -161.728 450
182.42 -161.369 449
181.654 -161.369 449
180.486 -161.009 448
179.321 -160.65 447
178.559 -160.65 447
177.797 -160.65 447
176.243 -159.931 445
174.301 -158.853 442
173.155 -158.494 441
172.403 -158.494 441
171.651 -158.494 441
170.125 -157.775 439
168.605 -157.056 437
167.86 -157.056 437
167.115 -157.056 437
165.608 -156.337 435
164.488 -155.978 434
162.616 -154.9 431
161.881 -154.9 431
161.146 -154.9 431
160.039 -154.54 430
158.195 -153.462 427
157.098 -153.103 426
156.372 -153.103 426
155.28 -152.743 425
154.192 -152.384 424
153.469 -152.384 424
152.386 -152.024 423
151.665 -152.024 423
150.23 -151.306 421
149.158 -150.946 420
148.442 -150.946 420
147.726 -150.946 420
146.66 -150.587 419
145.945 -150.587 419
144.884 -150.227 418
144.172 -150.227 418
143.459 -150.227 418
142.405 -149.868 417
141.355 -149.509 416
140.645 -149.509 416
139.6 -149.149 415
138.558 -148.79 414
137.519 -148.43 413
136.484 -148.071 412
135.781 -148.071 412
135.079 -148.071 412
134.05 -147.712 411
133.025 -147.352 410
132.326 -147.352 410
131.306 -146.993 409
129.97 -146.274 407
129.277 -146.274 407
128.583 -146.274 407
127.889 -146.274 407
126.883 -145.915 406
126.19 -145.915 406
125.498 -145.915 406
124.806 -145.915 406
124.114 -145.915 406
123.118 -145.555 405
122.427 -145.555 405
121.737 -145.555 405
120.748 -145.196 404
120.059 -145.196 404
119.075 -144.837 403
118.388 -144.837 403
117.409 -144.477 402
116.723 -144.477 402
115.749 -144.118 401
115.066 -144.118 401
114.382 -144.118 401
113.699 -144.118 401
112.733 -143.758 400
112.051 -143.758 400
111.369 -143.758 400
110.688 -143.758 400
109.731 -143.399 399
109.05 -143.399 399
108.37 -143.399 399
107.69 -143.399 399
107.01 -143.399 399
106.33 -143.399 399
105.385 -143.04 398
104.706 -143.04 398
104.028 -143.04 398
103.349 -143.04 398
102.671 -143.04 398
101.736 -142.68 397
101.059 -142.68 397
100.382 -142.68 397
99.7056 -142.68 397
98.7794 -142.321 396
98.1043 -142.321 396
97.1832 -141.961 395
96.5098 -141.961 395
95.8364 -141.961 395
95.1631 -141.961 395
94.4897 -141.961 395
93.8163 -141.961 395
92.9072 -141.602 394
293.142 -187.412 519
292.257 -187.412 519
291.373 -187.412 519
291.048 -187.773 520
290.161 -187.773 520
289.275 -187.773 520
288.943 -188.134 521
288.055 -188.134 521
287.718 -188.495 522
286.828 -188.495 522
286.486 -188.856 523
286.686 -189.579 525
285.791 -189.579 525
285.439 -189.94 526
284.542 -189.94 526
284.185 -190.301 527
283.286 -190.301 527
283.46 -191.023 529
283.092 -191.384 530
282.188 -191.384 530
281.285 -191.384 530
280.91 -191.745 531
280.533 -192.106 532
280.677 -192.828 534
279.767 -192.828 534
279.901 -193.551 536
279.507 -193.912 537
278.592 -193.912 537
278.194 -194.273 538
277.792 -194.634 539
276.873 -194.634 539
275.954 -194.634 539
275.545 -194.995 540
275.133 -195.356 541
274.211 -195.356 541
273.289 -195.356 541
272.367 -195.356 541
271.946 -195.717 542
271.522 -196.078 543
270.596 -196.078 543
269.671 -196.078 543
269.24 -196.439 544
268.806 -196.801 545
267.877 -196.801 545
267.927 -197.523 547
267.483 -197.884 548
267.035 -198.245 549
266.099 -198.245 549
265.646 -198.606 550
264.709 -198.606 550
263.771 -198.606 550
263.311 -198.967 551
262.372 -198.967 551
261.433 -198.967 551
260.493 -198.967 551
259.554 -198.967 551
258.615 -198.967 551
257.676 -198.967 551
206.603 -166.829 462
205.816 -166.829 462
205.028 -166.829 462
204.241 -166.829 462
203.453 -166.829 462
202.227 -166.468 461
201.441 -166.468 461
200.655 -166.468 461
199.869 -166.468 461
199.083 -166.468 461
198.297 -166.468 461
196.655 -165.746 459
195.872 -165.746 459
195.09 -165.746 459
193.884 -165.385 458
192.681 -165.024 457
191.902 -165.024 457
191.123 -165.024 457
189.928 -164.663 456
188.321 -163.94 454
187.547 -163.94 454
186.773 -163.94 454
185.18 -163.218 452
183.185 -162.135 449
182.013 -161.774 448
181.25 -161.774 448
180.486 -161.774 448
179.321 -161.413 447
177.76 -160.69 445
177.001 -160.69 445
175.451 -159.968 443
174.301 -159.607 442
173.155 -159.246 441
172.012 -158.885 440
171.262 -158.885 440
170.125 -158.524 439
168.99 -158.163 438
167.475 -157.44 436
166.732 -157.44 436
165.608 -157.079 435
164.488 -156.718 434
163.37 -156.357 433
161.881 -155.635 431
161.146 -155.635 431
160.039 -155.274 430
158.195 -154.191 427
157.098 -153.829 426
156.372 -153.829 426
155.28 -153.468 425
154.192 -153.107 424
153.107 -152.746 423
152.026 -152.385 422
151.307 -152.385 422
150.23 -152.024 421
149.158 -151.663 420
148.088 -151.302 419
147.374 -151.302 419
146.66 -151.302 419
145.597 -150.941 418
144.884 -150.941 418
144.172 -150.941 418
143.116 -150.58 417
142.064 -150.218 416
141.015 -149.857 415
139.969 -149.496 414
139.263 -149.496 414
138.223 -149.135 413
137.186 -148.774 412
136.484 -148.774 412
135.781 -148.774 412
134.751 -148.413 411
134.05 -148.413 411
133.025 -148.052 410
132.326 -148.052 410
131.306 -147.691 409
129.97 -146.969 407
129.277 -146.969 407
128.583 -146.969 407
127.889 -146.969 407
126.883 -146.607 406
126.19 -146.607 406
125.498 -146.607 406
124.806 -146.607 406
124.114 -146.607 406
123.118 -146.246 405
122.427 -146.246 405
121.737 -146.246 405
120.748 -145.885 404
120.059 -145.885 404
119.075 -145.524 403
118.388 -145.524 403
117.409 -145.163 402
116.723 -145.163 402
115.749 -144.802 401
115.066 -144.802 401
114.382 -144.802 401
113.699 -144.802 401
112.733 -144.441 400
112.051 -144.441 400
111.369 -144.441 400
110.688 -144.441 400
109.731 -144.08 399
109.05 -144.08 399
108.37 -144.08 399
107.69 -144.08 399
106.742 -143.719 398
106.063 -143.719 398
105.385 -143.719 398
104.706 -143.719 398
103.766 -143.357 397
103.09 -143.357 397
102.413 -143.357 397
101.736 -143.357 397
100.805 -142.996 396
100.13 -142.996 396
99.4545 -142.996 396
98.7794 -142.996 396
97.8566 -142.635 395
97.1832 -142.635 395
96.5098 -142.635 395
95.8364 -142.635 395
95.1631 -142.635 395
94.4897 -142.635 395
93.8163 -142.635 395
293.142 -188.297 519
292.257 -188.297 519
291.934 -188.66 520
291.048 -188.66 520
290.719 -189.023 521
289.831 -189.023 521
288.943 -189.023 521
288.608 -189.386 522
287.718 -189.386 522
286.828 -189.386 522
286.486 -189.749 523
286.686 -190.474 525
285.791 -190.474 525
285.439 -190.837 526
285.083 -191.2 527
284.185 -191.2 527
283.286 -191.2 527
283.46 -191.925 529
283.092 -192.288 530
282.188 -192.288 530
281.285 -192.288 530
280.91 -192.651 531
280.533 -193.014 532
280.677 -193.74 534
279.767 -193.74 534
279.901 -194.465 536
279.507 -194.828 537
278.592 -194.828 537
278.194 -195.191 538
277.792 -195.554 539
276.873 -195.554 539
275.954 -195.554 539
275.545 -195.916 540
275.133 -196.279 541
274.211 -196.279 541
273.289 -196.279 541
272.367 -196.279 541
271.946 -196.642 542
271.522 -197.005 543
270.596 -197.005 543
269.671 -197.005 543
269.24 -197.368 544
268.806 -197.73 545
267.877 -197.73 545
267.927 -198.456 547
267.483 -198.819 548
267.035 -199.182 549
266.099 -199.182 549
265.646 -199.544 550
264.709 -199.544 550
263.771 -199.544 550
263.311 -199.907 551
262.372 -199.907 551
261.907 -200.27 552
260.966 -200.27 552
260.496 -200.633 553
259.554 -200.633 553
258.611 -200.633 553
206.603 -167.617 462
205.816 -167.617 462
205.028 -167.617 462
204.241 -167.617 462
203.453 -167.617 462
202.227 -167.255 461
201.441 -167.255 461
200.655 -167.255 461
199.869 -167.255 461
199.083 -167.255 461
198.297 -167.255 461
196.655 -166.529 459
195.872 -166.529 459
194.665 -166.166 458
193.461 -165.803 457
192.681 -165.803 457
191.902 -165.803 457
190.705 -165.44 456
189.511 -165.078 455
188.321 -164.715 454
187.547 -164.715 454
186.361 -164.352 453
184.77 -163.626 451
183.185 -162.901 449
182.013 -162.538 448
181.25 -162.538 448
180.083 -162.175 447
178.92 -161.812 446
177.361 -161.087 444
176.604 -161.087 444
175.055 -160.361 442
174.301 -160.361 442
173.155 -159.998 441
172.012 -159.636 440
171.262 -159.636 440
170.125 -159.273 439
168.99 -158.91 438
167.475 -158.184 436
166.732 -158.184 436
165.608 -157.822 435
164.488 -157.459 434
163.37 -157.096 433
161.881 -156.37 431
161.146 -156.37 431
160.039 -156.007 430
158.565 -155.282 428
157.098 -154.556 426
156.372 -154.556 426
155.28 -154.193 425
154.192 -153.831 424
153.107 -153.468 423
151.666 -152.742 421
150.948 -152.742 421
149.874 -152.379 420
148.803 -152.017 419
148.088 -152.017 419
147.374 -152.017 419
146.31 -151.654 418
145.597 -151.654 418
144.538 -151.291 417
143.827 -151.291 417
142.773 -150.928 416
141.722 -150.565 415
140.675 -150.203 414
139.631 -149.84 413
138.927 -149.84 413
138.223 -149.84 413
137.186 -149.477 412
136.152 -149.114 411
135.452 -149.114 411
134.751 -149.114 411
133.724 -148.751 410
132.701 -148.389 409
132.004 -148.389 409
130.664 -147.663 407
129.97 -147.663 407
129.277 -147.663 407
128.583 -147.663 407
127.575 -147.3 406
126.883 -147.3 406
126.19 -147.3 406
125.498 -147.3 406
124.806 -147.3 406
123.808 -146.937 405
123.118 -146.937 405
122.125 -146.574 404
121.436 -146.574 404
120.449 -146.212 403
119.465 -145.849 402
118.779 -145.849 402
118.094 -145.849 402
117.409 -145.849 402
116.433 -145.486 401
115.461 -145.123 400
114.779 -145.123 400
114.097 -145.123 400
113.415 -145.123 400
112.733 -145.123 400
112.051 -145.123 400
111.091 -144.76 399
110.411 -144.76 399
109.731 -144.76 399
109.05 -144.76 399
108.37 -144.76 399
107.69 -144.76 399
106.742 -144.398 398
106.063 -144.398 398
105.385 -144.398 398
104.706 -144.398 398
103.766 -144.035 397
103.09 -144.035 397
102.413 -144.035 397
101.736 -144.035 397
100.805 -143.672 396
100.13 -143.672 396
99.4545 -143.672 396
98.7794 -143.672 396
97.8566 -143.309 395
97.1832 -143.309 395
96.5098 -143.309 395
95.8364 -143.309 395
95.1631 -143.309 395
94.4897 -143.309 395
93.8163 -143.309 395
293.707 -189.547 520
292.821 -189.547 520
291.934 -189.547 520
291.607 -189.912 521
290.719 -189.912 521
289.831 -189.912 521
289.497 -190.276 522
288.608 -190.276 522
288.269 -190.641 523
287.377 -190.641 523
287.581 -191.37 525
287.232 -191.734 526
286.336 -191.734 526
285.982 -192.099 527
285.083 -192.099 527
284.724 -192.463 528
283.824 -192.463 528
283.995 -193.193 530
283.092 -193.193 530
282.721 -193.557 531
281.816 -193.557 531
281.439 -193.922 532
281.06 -194.286 533
281.728 -195.38 536
280.814 -195.38 536
279.901 -195.38 536
280.028 -196.109 538
279.111 -196.109 538
278.711 -196.473 539
277.792 -196.473 539
276.873 -196.473 539
275.954 -196.473 539
275.545 -196.838 540
275.133 -197.202 541
274.211 -197.202 541
273.289 -197.202 541
272.367 -197.202 541
271.946 -197.567 542
271.522 -197.931 543
270.596 -197.931 543
269.671 -197.931 543
269.24 -198.296 544
268.806 -198.66 545
267.877 -198.66 545
267.927 -199.389 547
267.483 -199.754 548
267.035 -200.118 549
266.099 -200.118 549
265.646 -200.483 550
264.709 -200.483 550
263.771 -200.483 550
263.311 -200.847 551
262.372 -200.847 551
261.907 -201.212 552
260.966 -201.212 552
260.496 -201.576 553
259.554 -201.576 553
258.611 -201.576 553
206.603 -168.406 462
205.816 -168.406 462
205.028 -168.406 462
204.241 -168.406 462
203.453 -168.406 462
202.227 -168.041 461
201.441 -168.041 461
200.655 -168.041 461
199.869 -168.041 461
199.083 -168.041 461
198.297 -168.041 461
196.655 -167.312 459
195.872 -167.312 459
194.665 -166.947 458
193.461 -166.583 457
192.681 -166.583 457
191.902 -166.583 457
190.705 -166.218 456
189.511 -165.854 455
188.321 -165.489 454
187.547 -165.489 454
186.361 -165.125 453
184.77 -164.396 451
183.185 -163.667 449
182.013 -163.302 448
181.25 -163.302 448
180.083 -162.938 447
178.92 -162.573 446
177.361 -161.844 444
176.604 -161.844 444
175.055 -161.115 442
174.301 -161.115 442
173.155 -160.751 441
172.012 -160.386 440
171.262 -160.386 440
170.125 -160.022 439
168.99 -159.657 438
167.475 -158.928 436
166.732 -158.928 436
165.608 -158.564 435
164.488 -158.199 434
163.37 -157.835 433
161.881 -157.106 431
161.146 -157.106 431
159.667 -156.377 429
158.565 -156.012 428
157.098 -155.283 426
156.372 -155.283 426
155.28 -154.919 425
154.192 -154.554 424
153.107 -154.189 423
151.666 -153.46 421
150.948 -153.46 421
149.874 -153.096 420
148.803 -152.731 419
148.088 -152.731 419
147.374 -152.731 419
146.31 -152.367 418
145.249 -152.002 417
144.538 -152.002 417
143.827 -152.002 417
142.773 -151.638 416
141.381 -150.909 414
140.335 -150.544 413
139.631 -150.544 413
138.927 -150.544 413
137.888 -150.18 412
137.186 -150.18 412
136.152 -149.815 411
135.452 -149.815 411
134.423 -149.451 410
133.724 -149.451 410
132.376 -148.722 408
131.681 -148.722 408
130.664 -148.357 407
129.97 -148.357 407
128.959 -147.993 406
128.267 -147.993 406
127.575 -147.993 406
126.883 -147.993 406
125.88 -147.628 405
125.189 -147.628 405
124.499 -147.628 405
123.808 -147.628 405
122.814 -147.264 404
121.823 -146.899 403
121.136 -146.899 403
120.15 -146.535 402
119.465 -146.535 402
118.484 -146.17 401
117.8 -146.17 401
117.117 -146.17 401
116.143 -145.806 400
115.461 -145.806 400
114.779 -145.806 400
114.097 -145.806 400
113.132 -145.441 399
112.451 -145.441 399
111.771 -145.441 399
111.091 -145.441 399
110.411 -145.441 399
109.456 -145.077 398
108.777 -145.077 398
108.099 -145.077 398
107.42 -145.077 398
106.473 -144.712 397
105.797 -144.712 397
104.855 -144.348 396
104.18 -144.348 396
103.505 -144.348 396
102.57 -143.983 395
101.897 -143.983 395
101.223 -143.983 395
100.55 -143.983 395
99.8767 -143.983 395
99.2033 -143.983 395
98.53 -143.983 395
97.8566 -143.983 395
97.1832 -143.983 395
96.5098 -143.983 395
95.8364 -143.983 395
94.9222 -143.619 394
94.2505 -143.619 394
93.5788 -143.619 394
293.707 -190.435 520
292.821 -190.435 520
291.934 -190.435 520
291.607 -190.801 521
290.719 -190.801 521
289.831 -190.801 521
289.497 -191.167 522
289.16 -191.533 523
288.269 -191.533 523
288.476 -192.266 525
288.129 -192.632 526
287.778 -192.998 527
286.88 -192.998 527
285.982 -192.998 527
285.624 -193.364 528
285.263 -193.731 529
284.361 -193.731 529
283.995 -194.097 530
283.092 -194.097 530
282.721 -194.463 531
281.816 -194.463 531
281.439 -194.829 532
281.06 -195.195 533
281.728 -196.294 536
280.814 -196.294 536
279.901 -196.294 536
280.028 -197.027 538
279.111 -197.027 538
278.711 -197.393 539
277.792 -197.393 539
276.873 -197.393 539
275.954 -197.393 539
275.545 -197.759 540
275.133 -198.125 541
274.211 -198.125 541
273.289 -198.125 541
272.87 -198.491 542
271.946 -198.491 542
271.522 -198.858 543
270.596 -198.858 543
270.167 -199.224 544
269.24 -199.224 544
269.299 -199.956 546
268.368 -199.956 546
268.417 -200.689 548
267.971 -201.055 549
267.035 -201.055 549
266.099 -201.055 549
265.646 -201.421 550
265.19 -201.787 551
264.251 -201.787 551
263.311 -201.787 551
262.848 -202.154 552
262.382 -202.52 553
261.439 -202.52 553
260.496 -202.52 553
259.554 -202.52 553
258.611 -202.52 553
206.603 -169.194 462
205.816 -169.194 462
205.028 -169.194 462
203.799 -168.828 461
203.013 -168.828 461
202.227 -168.828 461
201.004 -168.461 460
200.22 -168.461 460
199.436 -168.461 460
198.651 -168.461 460
197.437 -168.095 459
196.655 -168.095 459
195.872 -168.095 459
194.665 -167.729 458
193.461 -167.363 457
192.26 -166.996 456
191.482 -166.996 456
190.705 -166.996 456
189.511 -166.63 455
187.906 -165.898 453
187.134 -165.898 453
185.95 -165.532 452
184.36 -164.799 450
182.777 -164.067 448
181.607 -163.7 447
180.845 -163.7 447
180.083 -163.7 447
178.519 -162.968 445
176.961 -162.236 443
175.808 -161.869 442
175.055 -161.869 442
173.907 -161.503 441
173.155 -161.503 441
172.012 -161.137 440
171.262 -161.137 440
170.125 -160.771 439
168.99 -160.404 438
166.707 -158.94 434
165.967 -158.94 434
165.227 -158.94 434
164.109 -158.573 433
163.37 -158.573 433
161.881 -157.841 431
161.146 -157.841 431
159.667 -157.109 429
158.565 -156.742 428
157.098 -156.01 426
156.372 -156.01 426
155.28 -155.644 425
154.192 -155.277 424
153.107 -154.911 423
151.666 -154.179 421
150.948 -154.179 421
149.874 -153.813 420
148.803 -153.446 419
148.088 -153.446 419
147.374 -153.446 419
146.31 -153.08 418
145.249 -152.714 417
144.538 -152.714 417
143.827 -152.714 417
142.773 -152.348 416
141.381 -151.615 414
140.335 -151.249 413
139.631 -151.249 413
138.927 -151.249 413
137.888 -150.883 412
137.186 -150.883 412
136.152 -150.517 411
135.452 -150.517 411
134.423 -150.15 410
133.724 -150.15 410
132.376 -149.418 408
131.681 -149.418 408
130.664 -149.052 407
129.651 -148.685 406
128.959 -148.685 406
128.267 -148.685 406
127.575 -148.685 406
126.57 -148.319 405
125.88 -148.319 405
125.189 -148.319 405
124.499 -148.319 405
123.503 -147.953 404
122.51 -147.587 403
121.823 -147.587 403
121.136 -147.587 403
120.15 -147.221 402
119.168 -146.854 401
118.188 -146.488 400
117.507 -146.488 400
116.825 -146.488 400
116.143 -146.488 400
115.172 -146.122 399
114.492 -146.122 399
113.812 -146.122 399
113.132 -146.122 399
112.451 -146.122 399
111.771 -146.122 399
110.813 -145.756 398
110.134 -145.756 398
109.456 -145.756 398
108.777 -145.756 398
107.827 -145.389 397
107.15 -145.389 397
106.205 -145.023 396
105.53 -145.023 396
104.855 -145.023 396
103.917 -144.657 395
103.244 -144.657 395
102.57 -144.657 395
101.897 -144.657 395
101.223 -144.657 395
100.296 -144.291 394
99.6239 -144.291 394
98.9522 -144.291 394
98.2805 -144.291 394
97.6088 -144.291 394
96.9372 -144.291 394
96.2655 -144.291 394
95.5938 -144.291 394
94.9222 -144.291 394
94.2505 -144.291 394
93.5788 -144.291 394
293.707 -191.322 520
292.821 -191.322 520
291.934 -191.322 520
291.607 -191.69 521
290.719 -191.69 521
289.831 -191.69 521
289.497 -192.058 522
289.16 -192.426 523
288.269 -192.426 523
288.476 -193.161 525
288.129 -193.529 526
287.778 -193.897 527
286.88 -193.897 527
285.982 -193.897 527
285.624 -194.265 528
285.263 -194.633 529
284.361 -194.633 529
283.995 -195.001 530
283.092 -195.001 530
282.721 -195.369 531
281.816 -195.369 531
281.439 -195.737 532
281.06 -196.105 533
281.728 -197.209 536
280.814 -197.209 536
279.901 -197.209 536
280.028 -197.944 538
279.111 -197.944 538
278.711 -198.312 539
277.792 -198.312 539
277.387 -198.68 540
276.466 -198.68 540
275.545 -198.68 540
275.133 -199.048 541
274.211 -199.048 541
273.289 -199.048 541
272.87 -199.416 542
272.448 -199.784 543
271.522 -199.784 543
270.596 -199.784 543
270.167 -200.152 544
270.23 -200.888 546
270.286 -201.624 548
269.351 -201.624 548
268.907 -201.992 549
267.971 -201.992 549
267.035 -201.992 549
266.584 -202.36 550
266.129 -202.727 551
265.19 -202.727 551
264.251 -202.727 551
263.789 -203.095 552
263.324 -203.463 553
262.382 -203.463 553
261.439 -203.463 553
260.967 -203.831 554
260.023 -203.831 554
259.078 -203.831 554
206.156 -169.614 461
205.37 -169.614 461
204.585 -169.614 461
203.799 -169.614 461
203.013 -169.614 461
201.788 -169.246 460
200.567 -168.878 459
199.785 -168.878 459
199.002 -168.878 459
198.22 -168.878 459
197.437 -168.878 459
196.226 -168.51 458
195.445 -168.51 458
194.24 -168.142 457
193.037 -167.774 456
192.26 -167.774 456
191.482 -167.774 456
190.287 -167.407 455
189.511 -167.407 455
187.906 -166.671 453
187.134 -166.671 453
185.95 -166.303 452
184.36 -165.567 450
182.777 -164.831 448
181.607 -164.463 447
180.845 -164.463 447
179.68 -164.095 446
178.117 -163.359 444
176.562 -162.623 442
175.41 -162.256 441
174.659 -162.256 441
173.907 -162.256 441
172.762 -161.888 440
172.012 -161.888 440
171.262 -161.888 440
170.125 -161.52 439
165.585 -159.312 433
164.847 -159.312 433
164.109 -159.312 433
162.993 -158.944 432
161.506 -158.208 430
160.772 -158.208 430
159.295 -157.473 428
157.824 -156.737 426
156.729 -156.369 425
156.005 -156.369 425
155.28 -156.369 425
153.829 -155.633 423
152.746 -155.265 422
151.666 -154.897 421
150.948 -154.897 421
149.874 -154.529 420
148.803 -154.161 419
148.088 -154.161 419
147.374 -154.161 419
146.31 -153.793 418
145.249 -153.425 417
144.538 -153.425 417
143.827 -153.425 417
142.773 -153.057 416
141.381 -152.322 414
140.335 -151.954 413
139.631 -151.954 413
138.927 -151.954 413
137.888 -151.586 412
136.853 -151.218 411
135.821 -150.85 410
135.122 -150.85 410
134.423 -150.85 410
133.072 -150.114 408
132.376 -150.114 408
131.681 -150.114 408
130.664 -149.746 407
129.651 -149.378 406
128.959 -149.378 406
128.267 -149.378 406
127.575 -149.378 406
126.57 -149.01 405
125.88 -149.01 405
125.189 -149.01 405
124.499 -149.01 405
123.503 -148.642 404
122.51 -148.274 403
121.823 -148.274 403
121.136 -148.274 403
120.15 -147.906 402
119.168 -147.538 401
118.188 -147.171 400
117.507 -147.171 400
116.825 -147.171 400
116.143 -147.171 400
115.172 -146.803 399
114.492 -146.803 399
113.812 -146.803 399
113.132 -146.803 399
112.451 -146.803 399
111.771 -146.803 399
110.813 -146.435 398
110.134 -146.435 398
109.456 -146.435 398
108.777 -146.435 398
107.827 -146.067 397
106.88 -145.699 396
105.937 -145.331 395
105.264 -145.331 395
104.59 -145.331 395
103.917 -145.331 395
103.244 -145.331 395
102.57 -145.331 395
101.897 -145.331 395
100.967 -144.963 394
100.296 -144.963 394
99.6239 -144.963 394
98.9522 -144.963 394
98.2805 -144.963 394
97.6088 -144.963 394
96.9372 -144.963 394
96.2655 -144.963 394
95.5938 -144.963 394
293.707 -192.209 520
292.821 -192.209 520
292.496 -192.579 521
291.607 -192.579 521
291.277 -192.948 522
290.387 -192.948 522
290.052 -193.318 523
289.713 -193.687 524
288.82 -193.687 524
288.476 -194.057 525
288.677 -194.796 527
287.778 -194.796 527
286.88 -194.796 527
286.524 -195.166 528
285.624 -195.166 528
285.263 -195.536 529
284.361 -195.536 529
283.995 -195.905 530
283.626 -196.275 531
282.721 -196.275 531
281.816 -196.275 531
281.439 -196.645 532
281.06 -197.014 533
281.202 -197.753 535
280.29 -197.753 535
279.901 -198.123 536
280.028 -198.862 538
279.111 -198.862 538
278.711 -199.232 539
277.792 -199.232 539
277.387 -199.602 540
276.466 -199.602 540
275.545 -199.602 540
275.133 -199.971 541
274.211 -199.971 541
273.289 -199.971 541
272.87 -200.341 542
272.448 -200.71 543
271.522 -200.71 543
270.596 -200.71 543
270.167 -201.08 544
270.23 -201.819 546
270.286 -202.559 548
269.351 -202.559 548
268.907 -202.928 549
267.971 -202.928 549
267.035 -202.928 549
266.584 -203.298 550
266.129 -203.668 551
265.671 -204.037 552
264.73 -204.037 552
264.267 -204.407 553
263.801 -204.776 554
262.856 -204.776 554
261.912 -204.776 554
260.967 -204.776 554
260.023 -204.776 554
259.078 -204.776 554
206.156 -170.401 461
205.37 -170.401 461
204.585 -170.401 461
203.799 -170.401 461
203.013 -170.401 461
201.788 -170.031 460
200.567 -169.661 459
199.785 -169.661 459
199.002 -169.661 459
198.22 -169.661 459
197.437 -169.661 459
196.226 -169.292 458
195.445 -169.292 458
194.24 -168.922 457
193.037 -168.552 456
192.26 -168.552 456
191.482 -168.552 456
190.287 -168.183 455
189.511 -168.183 455
187.906 -167.444 453
187.134 -167.444 453
185.95 -167.074 452
183.95 -165.965 449
182.369 -165.226 447
181.607 -165.226 447
180.845 -165.226 447
179.68 -164.856 446
177.716 -163.747 443
176.162 -163.008 441
175.41 -163.008 441
174.659 -163.008 441
173.512 -162.638 440
172.762 -162.638 440
171.621 -162.269 439
170.873 -162.269 439
158.903 -157.094 425
158.179 -157.094 425
157.454 -157.094 425
156.729 -157.094 425
156.005 -157.094 425
154.915 -156.724 424
153.829 -156.355 423
152.384 -155.615 421
151.306 -155.246 420
150.59 -155.246 420
149.874 -155.246 420
148.803 -154.876 419
148.088 -154.876 419
147.374 -154.876 419
146.31 -154.506 418
145.249 -154.137 417
144.191 -153.767 416
143.482 -153.767 416
142.43 -153.397 415
141.381 -153.028 414
140.335 -152.658 413
139.631 -152.658 413
138.927 -152.658 413
137.554 -151.919 411
136.52 -151.549 410
135.821 -151.549 410
135.122 -151.549 410
133.767 -150.81 408
133.072 -150.81 408
132.052 -150.44 407
131.358 -150.44 407
130.343 -150.071 406
129.651 -150.071 406
128.959 -150.071 406
128.267 -150.071 406
127.575 -150.071 406
126.57 -149.701 405
125.88 -149.701 405
125.189 -149.701 405
124.499 -149.701 405
123.503 -149.332 404
122.51 -148.962 403
121.521 -148.592 402
120.835 -148.592 402
119.851 -148.223 401
118.87 -147.853 400
118.188 -147.853 400
117.507 -147.853 400
116.825 -147.853 400
115.852 -147.483 399
115.172 -147.483 399
114.492 -147.483 399
113.812 -147.483 399
113.132 -147.483 399
112.17 -147.114 398
111.491 -147.114 398
110.534 -146.744 397
109.857 -146.744 397
109.181 -146.744 397
108.504 -146.744 397
107.827 -146.744 397
106.88 -146.374 396
105.937 -146.005 395
105.264 -146.005 395
104.59 -146.005 395
103.917 -146.005 395
103.244 -146.005 395
102.57 -146.005 395
101.897 -146.005 395
100.967 -145.635 394
100.296 -145.635 394
99.6239 -145.635 394
98.9522 -145.635 394
98.2805 -145.635 394
97.6088 -145.635 394
96.9372 -145.635 394
96.2655 -145.635 394
95.5938 -145.635 394
293.707 -193.096 520
292.821 -193.096 520
292.496 -193.467 521
291.607 -193.467 521
291.277 -193.839 522
290.387 -193.839 522
290.607 -194.581 524
289.713 -194.581 524
288.82 -194.581 524
289.026 -195.324 526
288.677 -195.695 527
287.778 -195.695 527
286.88 -195.695 527
286.524 -196.067 528
285.624 -196.067 528
285.263 -196.438 529
284.361 -196.438 529
283.995 -196.809 530
283.626 -197.181 531
283.253 -197.552 532
282.346 -197.552 532
281.439 -197.552 532
281.06 -197.923 533
281.202 -198.666 535
280.814 -199.037 536
280.423 -199.409 537
280.028 -199.78 538
279.111 -199.78 538
278.711 -200.152 539
278.307 -200.523 540
277.387 -200.523 540
276.466 -200.523 540
276.056 -200.894 541
275.133 -200.894 541
274.718 -201.266 542
273.794 -201.266 542
273.374 -201.637 543
272.448 -201.637 543
272.022 -202.008 544
271.095 -202.008 544
270.167 -202.008 544
270.725 -203.122 547
270.286 -203.494 548
269.843 -203.865 549
268.907 -203.865 549
267.971 -203.865 549
267.035 -203.865 549
267.069 -204.608 551
266.129 -204.608 551
265.671 -204.979 552
264.73 -204.979 552
264.267 -205.35 553
263.801 -205.722 554
262.856 -205.722 554
261.912 -205.722 554
260.967 -205.722 554
260.023 -205.722 554
259.078 -205.722 554
205.709 -170.816 460
204.925 -170.816 460
204.141 -170.816 460
203.357 -170.816 460
202.572 -170.816 460
201.349 -170.444 459
200.13 -170.073 458
199.349 -170.073 458
198.568 -170.073 458
197.788 -170.073 458
197.007 -170.073 458
195.798 -169.702 457
195.019 -169.702 457
194.24 -169.702 457
193.037 -169.33 456
192.26 -169.33 456
191.482 -169.33 456
190.287 -168.959 455
189.511 -168.959 455
187.906 -168.216 453
187.134 -168.216 453
185.95 -167.845 452
183.95 -166.731 449
182.369 -165.988 447
181.607 -165.988 447
180.845 -165.988 447
179.68 -165.617 446
177.716 -164.503 443
176.162 -163.76 441
175.41 -163.76 441
174.659 -163.76 441
173.512 -163.389 440
172.762 -163.389 440
171.621 -163.018 439
170.873 -163.018 439
157.434 -157.076 423
156.713 -157.076 423
155.992 -157.076 423
155.271 -157.076 423
154.55 -157.076 423
153.465 -156.705 422
152.384 -156.334 421
151.306 -155.962 420
150.59 -155.962 420
149.517 -155.591 419
148.803 -155.591 419
147.735 -155.22 418
147.022 -155.22 418
145.96 -154.848 417
144.9 -154.477 416
144.191 -154.477 416
143.482 -154.477 416
142.43 -154.106 415
141.039 -153.363 413
140.335 -153.363 413
139.293 -152.992 412
138.591 -152.992 412
137.554 -152.62 411
136.52 -152.249 410
135.158 -151.506 408
134.463 -151.506 408
133.767 -151.506 408
132.746 -151.135 407
132.052 -151.135 407
131.358 -151.135 407
130.343 -150.763 406
129.651 -150.763 406
128.959 -150.763 406
128.267 -150.763 406
127.26 -150.392 405
126.57 -150.392 405
125.88 -150.392 405
125.189 -150.392 405
124.191 -150.021 404
123.197 -149.649 403
122.206 -149.278 402
121.218 -148.907 401
120.535 -148.907 401
119.851 -148.907 401
118.87 -148.535 400
117.893 -148.164 399
117.213 -148.164 399
116.533 -148.164 399
115.852 -148.164 399
114.884 -147.793 398
114.205 -147.793 398
113.527 -147.793 398
112.848 -147.793 398
111.888 -147.421 397
111.211 -147.421 397
110.256 -147.05 396
109.581 -147.05 396
108.906 -147.05 396
108.231 -147.05 396
107.555 -147.05 396
106.61 -146.679 395
105.937 -146.679 395
104.997 -146.307 394
104.326 -146.307 394
103.654 -146.307 394
102.982 -146.307 394
102.311 -146.307 394
101.639 -146.307 394
100.967 -146.307 394
100.296 -146.307 394
99.6239 -146.307 394
98.9522 -146.307 394
98.2805 -146.307 394
97.6088 -146.307 394
96.9372 -146.307 394
96.2655 -146.307 394
294.272 -194.356 521
293.384 -194.356 521
292.496 -194.356 521
292.167 -194.729 522
291.277 -194.729 522
290.387 -194.729 522
290.607 -195.475 524
289.713 -195.475 524
288.82 -195.475 524
289.026 -196.222 526
288.677 -196.595 527
287.778 -196.595 527
286.88 -196.595 527
286.524 -196.968 528
286.165 -197.341 529
285.263 -197.341 529
284.361 -197.341 529
283.995 -197.714 530
283.626 -198.087 531
283.253 -198.46 532
282.346 -198.46 532
281.439 -198.46 532
281.587 -199.206 534
280.677 -199.206 534
281.338 -200.325 537
280.945 -200.698 538
280.548 -201.071 539
279.629 -201.071 539
279.228 -201.444 540
278.307 -201.444 540
277.9 -201.817 541
276.978 -201.817 541
276.566 -202.19 542
276.151 -202.563 543
275.225 -202.563 543
274.299 -202.563 543
273.374 -202.563 543
272.95 -202.936 544
272.022 -202.936 544
271.095 -202.936 544
271.161 -203.682 546
271.22 -204.428 548
270.286 -204.428 548
269.843 -204.802 549
268.907 -204.802 549
268.459 -205.175 550
267.522 -205.175 550
267.069 -205.548 551
266.612 -205.921 552
266.153 -206.294 553
265.21 -206.294 553
264.745 -206.667 554
263.801 -206.667 554
262.856 -206.667 554
261.912 -206.667 554
260.967 -206.667 554
260.023 -206.667 554
259.078 -206.667 554
205.262 -171.228 459
204.479 -171.228 459
203.697 -171.228 459
202.914 -171.228 459
202.132 -171.228 459
201.349 -171.228 459
199.693 -170.481 457
198.914 -170.481 457
198.135 -170.481 457
197.356 -170.481 457
196.577 -170.481 457
195.798 -170.481 457
195.019 -170.481 457
193.815 -170.108 456
193.037 -170.108 456
191.838 -169.735 455
191.063 -169.735 455
190.287 -169.735 455
189.511 -169.735 455
187.491 -168.616 452
186.721 -168.616 452
185.539 -168.243 451
183.95 -167.497 449
182.369 -166.751 447
181.607 -166.751 447
180.845 -166.751 447
179.277 -166.005 445
177.716 -165.259 443
176.162 -164.513 441
175.41 -164.513 441
174.659 -164.513 441
157.434 -157.798 423
156.713 -157.798 423
155.992 -157.798 423
155.271 -157.798 423
154.55 -157.798 423
153.465 -157.425 422
152.384 -157.052 421
151.306 -156.679 420
150.59 -156.679 420
149.517 -156.306 419
148.803 -156.306 419
147.735 -155.933 418
147.022 -155.933 418
145.96 -155.56 417
144.9 -155.187 416
144.191 -155.187 416
143.482 -155.187 416
142.43 -154.814 415
141.039 -154.067 413
140.335 -154.067 413
139.293 -153.694 412
138.591 -153.694 412
137.554 -153.321 411
136.52 -152.948 410
135.158 -152.202 408
134.463 -152.202 408
133.767 -152.202 408
132.746 -151.829 407
132.052 -151.829 407
131.358 -151.829 407
130.343 -151.456 406
129.651 -151.456 406
128.641 -151.083 405
127.951 -151.083 405
127.26 -151.083 405
126.258 -150.71 404
125.569 -150.71 404
124.571 -150.337 403
123.884 -150.337 403
122.891 -149.964 402
121.902 -149.591 401
121.218 -149.591 401
120.535 -149.591 401
119.552 -149.218 400
118.573 -148.845 399
117.893 -148.845 399
117.213 -148.845 399
116.533 -148.845 399
115.562 -148.472 398
114.884 -148.472 398
114.205 -148.472 398
113.241 -148.099 397
112.565 -148.099 397
111.606 -147.726 396
110.931 -147.726 396
109.977 -147.353 395
109.304 -147.353 395
108.631 -147.353 395
107.957 -147.353 395
107.284 -147.353 395
106.61 -147.353 395
105.669 -146.98 394
104.997 -146.98 394
104.326 -146.98 394
103.654 -146.98 394
102.982 -146.98 394
102.311 -146.98 394
101.639 -146.98 394
100.967 -146.98 394
100.041 -146.607 393
99.371 -146.607 393
98.701 -146.607 393
98.0311 -146.607 393
97.3611 -146.607 393
294.272 -195.245 521
293.384 -195.245 521
292.496 -195.245 521
292.167 -195.62 522
291.277 -195.62 522
290.387 -195.62 522
290.607 -196.369 524
289.713 -196.369 524
288.82 -196.369 524
289.026 -197.119 526
288.677 -197.494 527
287.778 -197.494 527
286.88 -197.494 527
286.524 -197.868 528
286.165 -198.243 529
285.263 -198.243 529
284.361 -198.243 529
283.995 -198.618 530
283.626 -198.993 531
283.253 -199.367 532
282.346 -199.367 532
281.968 -199.742 533
281.587 -200.117 534
280.677 -200.117 534
281.862 -201.616 538
280.945 -201.616 538
281.069 -202.365 540
280.148 -202.365 540
279.228 -202.365 540
278.823 -202.74 541
278.414 -203.115 542
277.49 -203.115 542
277.076 -203.49 543
276.659 -203.864 544
275.732 -203.864 544
274.804 -203.864 544
273.877 -203.864 544
273.451 -204.239 545
273.022 -204.614 546
272.092 -204.614 546
271.657 -204.989 547
271.715 -205.738 549
270.779 -205.738 549
270.334 -206.113 550
269.397 -206.113 550
268.947 -206.488 551
268.008 -206.488 551
267.069 -206.488 551
267.095 -207.237 553
266.153 -207.237 553
265.21 -207.237 553
264.745 -207.612 554
264.277 -207.987 555
263.331 -207.987 555
262.384 -207.987 555
261.909 -208.361 556
260.962 -208.361 556
260.014 -208.361 556
203.697 -172.011 459
202.914 -172.011 459
202.132 -172.011 459
200.911 -171.636 458
199.693 -171.261 457
198.914 -171.261 457
198.135 -171.261 457
197.356 -171.261 457
196.577 -171.261 457
195.369 -170.886 456
194.592 -170.886 456
193.815 -170.886 456
192.614 -170.512 455
191.838 -170.512 455
191.063 -170.512 455
190.287 -170.512 455
189.095 -170.137 454
187.076 -169.013 451
185.894 -168.638 450
185.127 -168.638 450
183.541 -167.888 448
182.369 -167.514 447
181.201 -167.139 446
180.44 -167.139 446
179.277 -166.764 445
177.716 -166.015 443
176.162 -165.265 441
175.013 -164.89 440
174.263 -164.89 440
157.781 -158.145 422
157.062 -158.145 422
156.343 -158.145 422
155.623 -158.145 422
154.904 -158.145 422
154.184 -158.145 422
153.101 -157.77 421
152.022 -157.395 420
150.945 -157.021 419
150.231 -157.021 419
149.517 -157.021 419
148.803 -157.021 419
147.735 -156.646 418
147.022 -156.646 418
145.96 -156.271 417
144.9 -155.896 416
143.845 -155.522 415
143.137 -155.522 415
142.086 -155.147 414
141.039 -154.772 413
140.335 -154.772 413
139.293 -154.397 412
138.591 -154.397 412
137.554 -154.023 411
136.187 -153.273 409
135.158 -152.898 408
134.463 -152.898 408
133.44 -152.524 407
132.746 -152.524 407
131.727 -152.149 406
131.035 -152.149 406
130.343 -152.149 406
129.332 -151.774 405
128.641 -151.774 405
127.951 -151.774 405
127.26 -151.774 405
126.258 -151.399 404
125.569 -151.399 404
124.571 -151.025 403
123.884 -151.025 403
122.891 -150.65 402
121.902 -150.275 401
121.218 -150.275 401
120.535 -150.275 401
119.552 -149.9 400
118.573 -149.526 399
117.893 -149.526 399
117.213 -149.526 399
116.533 -149.526 399
115.562 -149.151 398
114.884 -149.151 398
114.205 -149.151 398
113.241 -148.776 397
112.565 -148.776 397
111.606 -148.401 396
110.931 -148.401 396
109.977 -148.027 395
109.304 -148.027 395
108.631 -148.027 395
107.957 -148.027 395
107.284 -148.027 395
106.61 -148.027 395
105.669 -147.652 394
104.997 -147.652 394
104.326 -147.652 394
103.654 -147.652 394
102.721 -147.277 393
102.051 -147.277 393
101.381 -147.277 393
100.711 -147.277 393
100.041 -147.277 393
99.371 -147.277 393
98.701 -147.277 393
98.0311 -147.277 393
97.3611 -147.277 393
294.272 -196.134 521
293.384 -196.134 521
293.057 -196.511 522
292.167 -196.511 522
291.277 -196.511 522
290.944 -196.887 523
290.607 -197.263 524
290.819 -198.016 526
289.922 -198.016 526
289.026 -198.016 526
288.677 -198.393 527
288.324 -198.769 528
287.424 -198.769 528
287.067 -199.146 529
286.165 -199.146 529
285.803 -199.522 530
284.899 -199.522 530
284.531 -199.899 531
283.626 -199.899 531
283.253 -200.275 532
282.346 -200.275 532
281.968 -200.652 533
281.587 -201.028 534
280.677 -201.028 534
281.862 -202.534 538
280.945 -202.534 538
281.069 -203.287 540
280.148 -203.287 540
279.228 -203.287 540
278.823 -203.663 541
278.414 -204.04 542
277.49 -204.04 542
277.076 -204.416 543
276.659 -204.793 544
275.732 -204.793 544
274.804 -204.793 544
273.877 -204.793 544
273.451 -205.169 545
273.022 -205.545 546
272.092 -205.545 546
271.657 -205.922 547
271.715 -206.675 549
270.779 -206.675 549
270.334 -207.051 550
269.397 -207.051 550
268.947 -207.428 551
268.008 -207.428 551
267.069 -207.428 551
267.095 -208.181 553
266.634 -208.557 554
265.689 -208.557 554
265.223 -208.934 555
264.277 -208.934 555
263.805 -209.31 556
262.857 -209.31 556
261.909 -209.31 556
260.962 -209.31 556
260.014 -209.31 556
203.697 -172.794 459
202.914 -172.794 459
202.132 -172.794 459
200.911 -172.417 458
199.693 -172.041 457
198.914 -172.041 457
198.135 -172.041 457
197.356 -172.041 457
196.577 -172.041 457
195.369 -171.664 456
194.592 -171.664 456
193.815 -171.664 456
192.614 -171.288 455
191.838 -171.288 455
191.063 -171.288 455
189.869 -170.911 454
189.095 -170.911 454
187.076 -169.782 451
185.894 -169.406 450
185.127 -169.406 450
183.541 -168.653 448
182.369 -168.276 447
181.201 -167.9 446
180.44 -167.9 446
179.277 -167.523 445
177.716 -166.77 443
176.162 -166.018 441
175.013 -165.641 440
174.263 -165.641 440
157.781 -158.865 422
157.062 -158.865 422
156.343 -158.865 422
155.254 -158.488 421
154.537 -158.488 421
153.819 -158.488 421
152.738 -158.112 420
152.022 -158.112 420
150.945 -157.735 419
150.231 -157.735 419
149.517 -157.735 419
148.447 -157.359 418
147.735 -157.359 418
147.022 -157.359 418
145.96 -156.983 417
144.9 -156.606 416
143.845 -156.23 415
143.137 -156.23 415
142.086 -155.853 414
141.039 -155.477 413
139.995 -155.1 412
138.955 -154.724 411
138.254 -154.724 411
137.219 -154.347 410
135.854 -153.594 408
134.827 -153.218 407
134.133 -153.218 407
133.44 -153.218 407
132.42 -152.842 406
131.727 -152.842 406
131.035 -152.842 406
130.022 -152.465 405
129.332 -152.465 405
128.641 -152.465 405
127.951 -152.465 405
126.946 -152.089 404
126.258 -152.089 404
125.258 -151.712 403
124.262 -151.336 402
123.577 -151.336 402
122.586 -150.959 401
121.902 -150.959 401
120.916 -150.583 400
120.234 -150.583 400
119.552 -150.583 400
118.573 -150.206 399
117.893 -150.206 399
117.213 -150.206 399
116.241 -149.83 398
115.562 -149.83 398
114.595 -149.453 397
113.918 -149.453 397
113.241 -149.453 397
112.281 -149.077 396
111.324 -148.7 395
110.651 -148.7 395
109.977 -148.7 395
109.304 -148.7 395
108.631 -148.7 395
107.957 -148.7 395
107.284 -148.7 395
106.341 -148.324 394
105.669 -148.324 394
104.997 -148.324 394
104.326 -148.324 394
103.654 -148.324 394
102.982 -148.324 394
102.311 -148.324 394
101.639 -148.324 394
100.711 -147.948 393
100.041 -147.948 393
99.371 -147.948 393
98.701 -147.948 393
98.0311 -147.948 393
97.3611 -147.948 393
294.272 -197.023 521
293.384 -197.023 521
293.057 -197.401 522
292.727 -197.779 523
291.835 -197.779 523
290.944 -197.779 523
291.161 -198.536 525
290.819 -198.914 526
289.922 -198.914 526
289.575 -199.292 527
289.225 -199.67 528
288.871 -200.048 529
287.969 -200.048 529
287.067 -200.048 529
286.165 -200.048 529
285.803 -200.426 530
284.899 -200.426 530
284.531 -200.805 531
284.16 -201.183 532
283.786 -201.561 533
282.877 -201.561 533
281.968 -201.561 533
281.587 -201.939 534
280.677 -201.939 534
281.862 -203.452 538
280.945 -203.452 538
281.069 -204.208 540
280.148 -204.208 540
279.745 -204.586 541
278.823 -204.586 541
278.414 -204.964 542
277.49 -204.964 542
277.586 -205.721 544
276.659 -205.721 544
276.239 -206.099 545
275.31 -206.099 545
274.884 -206.477 546
273.953 -206.477 546
273.022 -206.477 546
272.59 -206.855 547
272.154 -207.233 548
272.21 -207.99 550
271.272 -207.99 550
270.334 -207.99 550
269.887 -208.368 551
268.947 -208.368 551
268.008 -208.368 551
267.553 -208.746 552
267.095 -209.124 553
266.634 -209.502 554
265.689 -209.502 554
265.223 -209.88 555
264.277 -209.88 555
263.805 -210.259 556
262.857 -210.259 556
261.909 -210.259 556
260.962 -210.259 556
260.014 -210.259 556
203.253 -173.199 458
202.472 -173.199 458
201.692 -173.199 458
200.472 -172.82 457
199.693 -172.82 457
198.914 -172.82 457
198.135 -172.82 457
196.924 -172.442 456
196.147 -172.442 456
195.369 -172.442 456
194.592 -172.442 456
193.39 -172.064 455
192.614 -172.064 455
191.838 -172.064 455
191.063 -172.064 455
189.869 -171.686 454
189.095 -171.686 454
187.076 -170.552 451
185.894 -170.173 450
185.127 -170.173 450
183.541 -169.417 448
182.369 -169.039 447
181.201 -168.661 446
180.44 -168.661 446
179.277 -168.283 445
177.716 -167.526 443
176.162 -166.77 441
175.013 -166.392 440
174.263 -166.392 440
157.781 -159.585 422
157.062 -159.585 422
156.343 -159.585 422
155.254 -159.207 421
154.17 -158.828 420
153.454 -158.828 420
152.738 -158.828 420
151.66 -158.45 419
150.945 -158.45 419
150.231 -158.45 419
149.517 -158.45 419
148.447 -158.072 418
147.381 -157.694 417
146.67 -157.694 417
145.61 -157.316 416
144.552 -156.938 415
143.498 -156.559 414
142.792 -156.559 414
141.743 -156.181 413
141.039 -156.181 413
139.995 -155.803 412
138.955 -155.425 411
138.254 -155.425 411
136.884 -154.669 409
135.854 -154.291 408
134.827 -153.912 407
134.133 -153.912 407
133.112 -153.534 406
132.42 -153.534 406
131.727 -153.534 406
131.035 -153.534 406
130.022 -153.156 405
129.332 -153.156 405
128.324 -152.778 404
127.635 -152.778 404
126.946 -152.778 404
125.945 -152.4 403
124.947 -152.022 402
124.262 -152.022 402
123.577 -152.022 402
122.586 -151.643 401
121.598 -151.265 400
120.916 -151.265 400
120.234 -151.265 400
119.552 -151.265 400
118.573 -150.887 399
117.597 -150.509 398
116.919 -150.509 398
116.241 -150.509 398
115.562 -150.509 398
114.595 -150.131 397
113.918 -150.131 397
112.956 -149.753 396
112.281 -149.753 396
111.324 -149.374 395
110.651 -149.374 395
109.977 -149.374 395
109.304 -149.374 395
108.631 -149.374 395
107.957 -149.374 395
107.012 -148.996 394
106.341 -148.996 394
105.669 -148.996 394
104.997 -148.996 394
104.326 -148.996 394
103.654 -148.996 394
102.982 -148.996 394
102.311 -148.996 394
101.639 -148.996 394
100.711 -148.618 393
100.041 -148.618 393
99.1181 -148.24 392
98.4499 -148.24 392
97.7816 -148.24 392
97.1134 -148.24 392
294.272 -197.912 521
293.384 -197.912 521
293.618 -198.672 523
292.727 -198.672 523
291.835 -198.672 523
291.5 -199.051 524
291.716 -199.811 526
291.372 -200.191 527
290.474 -200.191 527
290.125 -200.571 528
289.225 -200.571 528
288.871 -200.951 529
287.969 -200.951 529
287.067 -200.951 529
286.706 -201.331 530
286.342 -201.71 531
285.437 -201.71 531
285.067 -202.09 532
284.694 -202.47 533
283.786 -202.47 533
282.877 -202.47 533
282.497 -202.85 534
282.115 -203.23 535
281.202 -203.23 535
281.862 -204.37 538
281.467 -204.749 539
281.069 -205.129 540
280.148 -205.129 540
279.745 -205.509 541
278.823 -205.509 541
278.928 -206.269 543
278.002 -206.269 543
277.586 -206.649 544
277.168 -207.029 545
276.239 -207.029 545
275.815 -207.409 546
274.884 -207.409 546
274.455 -207.788 547
273.522 -207.788 547
272.59 -207.788 547
272.154 -208.168 548
272.21 -208.928 550
271.272 -208.928 550
270.826 -209.308 551
269.887 -209.308 551
268.947 -209.308 551
268.008 -209.308 551
267.553 -209.688 552
267.095 -210.068 553
267.115 -210.827 555
266.169 -210.827 555
265.223 -210.827 555
264.753 -211.207 556
263.805 -211.207 556
262.857 -211.207 556
261.909 -211.207 556
202.809 -173.6 457
202.03 -173.6 457
201.251 -173.6 457
200.472 -173.6 457
199.256 -173.22 456
198.043 -172.84 455
197.268 -172.84 455
196.492 -172.84 455
195.717 -172.84 455
194.941 -172.84 455
194.165 -172.84 455
192.965 -172.461 454
192.191 -172.461 454
191.417 -172.461 454
190.643 -172.461 454
189.869 -172.461 454
188.262 -171.701 452
186.662 -170.941 450
185.481 -170.561 449
184.716 -170.561 449
183.541 -170.181 448
181.961 -169.422 446
180.794 -169.042 445
180.036 -169.042 445
178.874 -168.662 444
177.315 -167.902 442
175.763 -167.142 440
174.615 -166.763 439
173.866 -166.763 439
157.781 -160.305 422
157.062 -160.305 422
156.343 -160.305 422
155.254 -159.925 421
154.17 -159.545 420
153.454 -159.545 420
152.738 -159.545 420
151.66 -159.165 419
150.945 -159.165 419
150.231 -159.165 419
149.517 -159.165 419
148.447 -158.785 418
147.381 -158.405 417
146.67 -158.405 417
145.61 -158.026 416
144.552 -157.646 415
143.498 -157.266 414
142.792 -157.266 414
141.743 -156.886 413
141.039 -156.886 413
139.995 -156.506 412
138.955 -156.126 411
138.254 -156.126 411
136.884 -155.366 409
135.854 -154.987 408
134.827 -154.607 407
134.133 -154.607 407
133.112 -154.227 406
132.42 -154.227 406
131.727 -154.227 406
131.035 -154.227 406
130.022 -153.847 405
129.332 -153.847 405
128.324 -153.467 404
127.635 -153.467 404
126.632 -153.087 403
125.632 -152.707 402
124.947 -152.707 402
123.953 -152.328 401
123.269 -152.328 401
122.28 -151.948 400
121.598 -151.948 400
120.916 -151.948 400
120.234 -151.948 400
119.253 -151.568 399
118.573 -151.568 399
117.597 -151.188 398
116.919 -151.188 398
116.241 -151.188 398
114.981 -150.428 396
114.306 -150.428 396
113.631 -150.428 396
112.956 -150.428 396
111.997 -150.048 395
111.324 -150.048 395
110.651 -150.048 395
109.977 -150.048 395
109.027 -149.668 394
108.356 -149.668 394
107.684 -149.668 394
107.012 -149.668 394
106.341 -149.668 394
105.669 -149.668 394
104.997 -149.668 394
104.326 -149.668 394
103.654 -149.668 394
102.982 -149.668 394
102.311 -149.668 394
101.639 -149.668 394
100.711 -149.289 393
294.272 -198.801 521
293.384 -198.801 521
293.618 -199.564 523
292.727 -199.564 523
291.835 -199.564 523
291.5 -199.945 524
291.716 -200.709 526
291.372 -201.09 527
290.474 -201.09 527
290.125 -201.472 528
289.225 -201.472 528
288.871 -201.853 529
287.969 -201.853 529
287.067 -201.853 529
286.706 -202.235 530
286.342 -202.616 531
285.437 -202.616 531
285.067 -202.998 532
284.694 -203.38 533
283.786 -203.38 533
282.877 -203.38 533
282.497 -203.761 534
282.115 -204.143 535
281.202 -204.143 535
281.862 -205.287 538
281.467 -205.669 539
281.589 -206.432 541
280.667 -206.432 541
279.745 -206.432 541
279.338 -206.814 542
278.928 -207.195 543
278.002 -207.195 543
278.097 -207.958 545
277.676 -208.34 546
276.745 -208.34 546
276.32 -208.722 547
275.387 -208.722 547
274.455 -208.722 547
273.522 -208.722 547
273.088 -209.103 548
272.154 -209.103 548
272.705 -210.248 551
271.765 -210.248 551
270.826 -210.248 551
269.887 -210.248 551
268.947 -210.248 551
268.008 -210.248 551
268.038 -211.011 553
267.578 -211.393 554
267.596 -212.156 556
266.649 -212.156 556
266.179 -212.537 557
265.229 -212.537 557
264.28 -212.537 557
262.857 -212.156 556
201.588 -173.998 456
200.811 -173.998 456
200.033 -173.998 456
198.819 -173.617 455
198.043 -173.617 455
197.268 -173.617 455
196.06 -173.235 454
195.286 -173.235 454
194.084 -172.854 453
193.312 -172.854 453
192.114 -172.472 452
191.344 -172.472 452
190.573 -172.472 452
189.803 -172.472 452
188.614 -172.09 451
187.845 -172.09 451
186.247 -171.327 449
185.068 -170.946 448
184.304 -170.946 448
183.131 -170.564 447
181.961 -170.183 446
180.388 -169.419 444
179.631 -169.419 444
178.472 -169.038 443
176.914 -168.275 441
175.363 -167.512 439
174.615 -167.512 439
173.866 -167.512 439
157.781 -161.025 422
157.062 -161.025 422
156.343 -161.025 422
154.886 -160.262 420
154.17 -160.262 420
153.454 -160.262 420
152.374 -159.88 419
151.66 -159.88 419
150.945 -159.88 419
150.231 -159.88 419
149.16 -159.498 418
148.447 -159.498 418
147.381 -159.117 417
146.67 -159.117 417
145.26 -158.354 415
144.204 -157.972 414
143.498 -157.972 414
142.792 -157.972 414
141.743 -157.591 413
140.698 -157.209 412
139.995 -157.209 412
138.617 -156.446 410
137.918 -156.446 410
136.884 -156.064 409
135.521 -155.301 407
134.496 -154.92 406
133.804 -154.92 406
133.112 -154.92 406
132.42 -154.92 406
131.403 -154.538 405
130.713 -154.538 405
130.022 -154.538 405
129.012 -154.156 404
128.324 -154.156 404
127.635 -154.156 404
126.632 -153.775 403
125.632 -153.393 402
124.947 -153.393 402
123.953 -153.012 401
123.269 -153.012 401
122.28 -152.63 400
121.598 -152.63 400
120.916 -152.63 400
120.234 -152.63 400
119.253 -152.249 399
118.573 -152.249 399
117.597 -151.867 398
116.919 -151.867 398
116.241 -151.867 398
114.981 -151.104 396
114.306 -151.104 396
113.631 -151.104 396
112.956 -151.104 396
111.997 -150.722 395
111.324 -150.722 395
110.651 -150.722 395
109.977 -150.722 395
109.027 -150.341 394
108.356 -150.341 394
107.684 -150.341 394
107.012 -150.341 394
106.341 -150.341 394
105.669 -150.341 394
104.997 -150.341 394
104.326 -150.341 394
103.654 -150.341 394
102.982 -150.341 394
102.311 -150.341 394
101.639 -150.341 394
100.967 -150.341 394
294.272 -199.69 521
293.384 -199.69 521
293.618 -200.456 523
292.727 -200.456 523
291.835 -200.456 523
291.5 -200.839 524
291.716 -201.606 526
291.372 -201.989 527
290.474 -201.989 527
290.125 -202.373 528
289.772 -202.756 529
288.871 -202.756 529
287.969 -202.756 529
287.067 -202.756 529
286.706 -203.139 530
286.342 -203.522 531
285.437 -203.522 531
285.067 -203.906 532
284.694 -204.289 533
283.786 -204.289 533
282.877 -204.289 533
282.497 -204.672 534
282.115 -205.056 535
281.202 -205.056 535
281.862 -206.205 538
281.467 -206.589 539
281.589 -207.355 541
280.667 -207.355 541
279.745 -207.355 541
279.338 -207.738 542
278.928 -208.122 543
278.002 -208.122 543
278.097 -208.888 545
277.676 -209.272 546
276.745 -209.272 546
276.32 -209.655 547
275.387 -209.655 547
274.455 -209.655 547
273.522 -209.655 547
273.088 -210.038 548
272.154 -210.038 548
272.705 -211.188 551
271.765 -211.188 551
270.826 -211.188 551
269.887 -211.188 551
268.947 -211.188 551
268.008 -211.188 551
268.038 -211.955 553
267.578 -212.338 554
267.596 -213.104 556
266.649 -213.104 556
266.179 -213.488 557
265.229 -213.488 557
264.28 -213.488 557
262.857 -213.104 556
201.588 -174.776 456
200.811 -174.776 456
200.033 -174.776 456
198.819 -174.393 455
198.043 -174.393 455
197.268 -174.393 455
196.06 -174.01 454
195.286 -174.01 454
194.084 -173.626 453
193.312 -173.626 453
192.114 -173.243 452
191.344 -173.243 452
190.573 -173.243 452
189.803 -173.243 452
188.614 -172.86 451
187.012 -172.093 449
185.832 -171.71 448
184.655 -171.327 447
183.893 -171.327 447
182.721 -170.943 446
181.553 -170.56 445
179.982 -169.794 443
179.227 -169.794 443
178.069 -169.41 442
176.914 -169.027 441
175.363 -168.26 439
174.615 -168.26 439
173.866 -168.26 439
156.318 -160.978 420
155.602 -160.978 420
154.886 -160.978 420
153.803 -160.595 419
153.088 -160.595 419
152.374 -160.595 419
151.298 -160.212 418
150.585 -160.212 418
149.873 -160.212 418
149.16 -160.212 418
148.092 -159.828 417
147.028 -159.445 416
146.319 -159.445 416
144.91 -158.678 414
144.204 -158.678 414
143.151 -158.295 413
142.447 -158.295 413
141.743 -158.295 413
140.698 -157.912 412
139.656 -157.529 411
138.279 -156.762 409
137.581 -156.762 409
136.55 -156.379 408
135.521 -155.995 407
134.496 -155.612 406
133.804 -155.612 406
133.112 -155.612 406
132.42 -155.612 406
131.403 -155.229 405
130.713 -155.229 405
129.701 -154.846 404
129.012 -154.846 404
128.006 -154.462 403
127.003 -154.079 402
126.318 -154.079 402
125.632 -154.079 402
124.636 -153.696 401
123.953 -153.696 401
123.269 -153.696 401
122.28 -153.313 400
121.598 -153.313 400
120.614 -152.929 399
119.934 -152.929 399
119.253 -152.929 399
118.276 -152.546 398
117.302 -152.163 397
116.625 -152.163 397
115.656 -151.779 396
114.981 -151.779 396
114.018 -151.396 395
113.344 -151.396 395
112.671 -151.396 395
111.997 -151.396 395
111.324 -151.396 395
110.651 -151.396 395
109.699 -151.013 394
109.027 -151.013 394
108.356 -151.013 394
107.684 -151.013 394
107.012 -151.013 394
106.341 -151.013 394
105.669 -151.013 394
104.997 -151.013 394
104.326 -151.013 394
103.654 -151.013 394
102.982 -151.013 394
102.311 -151.013 394
101.639 -151.013 394
100.967 -151.013 394
294.272 -200.578 521
293.384 -200.578 521
293.618 -201.348 523
293.286 -201.733 524
292.393 -201.733 524
291.5 -201.733 524
291.716 -202.503 526
291.372 -202.888 527
290.474 -202.888 527
290.125 -203.273 528
289.772 -203.658 529
288.871 -203.658 529
287.969 -203.658 529
287.067 -203.658 529
286.706 -204.043 530
286.342 -204.428 531
285.437 -204.428 531
285.067 -204.813 532
284.694 -205.198 533
283.786 -205.198 533
283.408 -205.583 534
283.027 -205.968 535
282.642 -206.353 536
281.728 -206.353 536
282.386 -207.508 539
281.989 -207.893 540
281.589 -208.278 541
280.667 -208.278 541
280.262 -208.663 542
279.338 -208.663 542
279.441 -209.433 544
278.514 -209.433 544
278.607 -210.203 546
278.185 -210.588 547
277.252 -210.588 547
276.825 -210.973 548
275.891 -210.973 548
274.957 -210.973 548
274.022 -210.973 548
273.088 -210.973 548
272.651 -211.358 549
272.705 -212.128 551
271.765 -212.128 551
270.826 -212.128 551
269.887 -212.128 551
268.947 -212.128 551
268.008 -212.128 551
268.038 -212.898 553
268.061 -213.668 555
267.596 -214.053 556
267.608 -214.823 558
267.134 -215.208 559
266.181 -215.208 559
265.229 -215.208 559
201.146 -175.169 455
200.37 -175.169 455
199.595 -175.169 455
198.382 -174.784 454
197.608 -174.784 454
196.834 -174.784 454
196.06 -174.784 454
194.856 -174.399 453
193.656 -174.014 452
192.885 -174.014 452
191.689 -173.629 451
190.497 -173.244 450
189.73 -173.244 450
188.963 -173.244 450
188.196 -173.244 450
187.012 -172.859 449
185.832 -172.474 448
184.655 -172.089 447
183.893 -172.089 447
182.721 -171.704 446
181.553 -171.319 445
179.982 -170.549 443
179.227 -170.549 443
178.069 -170.164 442
176.914 -169.779 441
175.363 -169.009 439
174.615 -169.009 439
173.866 -169.009 439
156.286 -160.925 418
156.318 -161.695 420
155.602 -161.695 420
154.886 -161.695 420
153.803 -161.31 419
153.088 -161.31 419
152.01 -160.925 418
151.298 -160.925 418
150.585 -160.925 418
149.873 -160.925 418
148.803 -160.54 417
147.737 -160.155 416
147.028 -160.155 416
146.319 -160.155 416
144.91 -159.385 414
143.855 -159 413
143.151 -159 413
142.447 -159 413
141.4 -158.615 412
140.356 -158.23 411
139.316 -157.845 410
137.941 -157.075 408
137.245 -157.075 408
136.215 -156.69 407
135.188 -156.305 406
134.496 -156.305 406
133.804 -156.305 406
133.112 -156.305 406
132.093 -155.92 405
131.403 -155.92 405
130.713 -155.92 405
129.701 -155.535 404
128.693 -155.15 403
127.688 -154.765 402
126.687 -154.38 401
126.004 -154.38 401
125.32 -154.38 401
124.636 -154.38 401
123.644 -153.995 400
122.962 -153.995 400
122.28 -153.995 400
121.294 -153.61 399
120.614 -153.61 399
119.934 -153.61 399
118.954 -153.225 398
117.979 -152.84 397
117.007 -152.455 396
116.331 -152.455 396
115.656 -152.455 396
114.691 -152.07 395
114.018 -152.07 395
113.344 -152.07 395
112.671 -152.07 395
111.997 -152.07 395
111.042 -151.685 394
110.371 -151.685 394
109.699 -151.685 394
109.027 -151.685 394
108.356 -151.685 394
107.684 -151.685 394
107.012 -151.685 394
106.341 -151.685 394
105.401 -151.3 393
104.731 -151.3 393
104.061 -151.3 393
103.654 -151.685 394
102.982 -151.685 394
102.311 -151.685 394
101.639 -151.685 394
100.967 -151.685 394
294.272 -201.467 521
293.384 -201.467 521
293.618 -202.241 523
293.286 -202.627 524
292.393 -202.627 524
292.056 -203.014 525
292.27 -203.787 527
291.925 -204.174 528
291.025 -204.174 528
290.125 -204.174 528
289.772 -204.561 529
288.871 -204.561 529
287.969 -204.561 529
287.61 -204.948 530
286.706 -204.948 530
286.342 -205.334 531
285.437 -205.334 531
285.067 -205.721 532
284.694 -206.108 533
283.786 -206.108 533
283.939 -206.881 535
283.556 -207.268 536
283.169 -207.654 537
282.254 -207.654 537
282.91 -208.814 540
282.512 -209.201 541
282.11 -209.588 542
281.186 -209.588 542
280.262 -209.588 542
279.853 -209.975 543
279.441 -210.361 544
279.026 -210.748 545
278.607 -211.135 546
278.693 -211.908 548
277.759 -211.908 548
276.825 -211.908 548
275.891 -211.908 548
274.957 -211.908 548
274.022 -211.908 548
273.587 -212.295 549
272.651 -212.295 549
272.705 -213.068 551
271.765 -213.068 551
270.826 -213.068 551
269.887 -213.068 551
269.435 -213.455 552
268.494 -213.455 552
268.038 -213.842 553
268.544 -215.002 556
267.596 -215.002 556
268.567 -216.548 560
268.09 -216.935 561
267.134 -216.935 561
266.177 -216.935 561
199.93 -175.559 454
199.156 -175.559 454
198.382 -175.559 454
197.608 -175.559 454
196.834 -175.559 454
195.197 -174.785 452
194.426 -174.785 452
193.227 -174.399 451
192.458 -174.399 451
191.264 -174.012 450
190.074 -173.625 449
189.308 -173.625 449
188.543 -173.625 449
187.778 -173.625 449
186.596 -173.239 448
185.417 -172.852 447
184.242 -172.465 446
183.482 -172.465 446
182.312 -172.079 445
180.737 -171.305 443
179.576 -170.919 442
178.822 -170.919 442
177.666 -170.532 441
176.513 -170.145 440
175.363 -169.758 439
174.615 -169.758 439
173.866 -169.758 439
156.286 -161.638 418
155.945 -162.025 419
155.231 -162.025 419
154.517 -162.025 419
153.803 -162.025 419
153.088 -162.025 419
152.01 -161.638 418
151.298 -161.638 418
150.585 -161.638 418
149.873 -161.638 418
148.803 -161.251 417
147.737 -160.865 416
147.028 -160.865 416
146.319 -160.865 416
144.91 -160.091 414
143.855 -159.704 413
143.151 -159.704 413
142.447 -159.704 413
141.4 -159.318 412
140.356 -158.931 411
139.316 -158.544 410
137.941 -157.771 408
137.245 -157.771 408
136.215 -157.384 407
135.188 -156.998 406
134.496 -156.998 406
133.804 -156.998 406
133.112 -156.998 406
132.093 -156.611 405
131.403 -156.611 405
130.713 -156.611 405
129.701 -156.224 404
128.693 -155.837 403
127.688 -155.451 402
126.687 -155.064 401
126.004 -155.064 401
125.32 -155.064 401
124.326 -154.677 400
123.644 -154.677 400
122.962 -154.677 400
121.974 -154.291 399
121.294 -154.291 399
120.614 -154.291 399
119.934 -154.291 399
118.954 -153.904 398
117.979 -153.517 397
117.007 -153.131 396
116.331 -153.131 396
115.656 -153.131 396
114.691 -152.744 395
114.018 -152.744 395
113.344 -152.744 395
112.671 -152.744 395
111.997 -152.744 395
111.042 -152.357 394
110.371 -152.357 394
109.699 -152.357 394
109.027 -152.357 394
108.356 -152.357 394
107.684 -152.357 394
107.012 -152.357 394
106.341 -152.357 394
105.401 -151.971 393
104.731 -151.971 393
104.061 -151.971 393
103.654 -152.357 394
102.982 -152.357 394
102.311 -152.357 394
101.639 -152.357 394
100.967 -152.357 394
293.707 -201.968 520
293.384 -202.356 521
293.618 -203.133 523
293.286 -203.521 524
292.393 -203.521 524
292.056 -203.91 525
292.27 -204.687 527
291.925 -205.075 528
291.025 -205.075 528
290.125 -205.075 528
289.772 -205.463 529
288.871 -205.463 529
287.969 -205.463 529
287.61 -205.852 530
286.706 -205.852 530
286.342 -206.24 531
285.437 -206.24 531
285.067 -206.629 532
284.694 -207.017 533
283.786 -207.017 533
283.939 -207.794 535
283.556 -208.182 536
283.169 -208.571 537
282.254 -208.571 537
282.91 -209.736 540
282.512 -210.124 541
282.11 -210.513 542
281.186 -210.513 542
280.262 -210.513 542
279.853 -210.901 543
279.441 -211.289 544
279.026 -211.678 545
278.607 -212.066 546
278.693 -212.843 548
277.759 -212.843 548
277.33 -213.231 549
276.394 -213.231 549
275.458 -213.231 549
274.522 -213.231 549
273.587 -213.231 549
273.147 -213.62 550
272.705 -214.008 551
271.765 -214.008 551
271.317 -214.397 552
270.376 -214.397 552
269.923 -214.785 553
268.981 -214.785 553
268.523 -215.173 554
270.476 -217.504 560
269.522 -217.504 560
269.526 -218.281 562
268.568 -218.281 562
267.61 -218.281 562
266.652 -218.281 562
199.049 -175.557 452
198.279 -175.557 452
197.508 -175.557 452
196.302 -175.168 451
195.534 -175.168 451
194.333 -174.78 450
193.566 -174.78 450
192.799 -174.78 450
192.032 -174.78 450
190.839 -174.391 449
190.074 -174.391 449
188.887 -174.003 448
188.123 -174.003 448
187.359 -174.003 448
186.179 -173.615 447
185.417 -173.615 447
183.829 -172.838 445
183.07 -172.838 445
181.492 -172.061 443
180.329 -171.673 442
179.169 -171.284 441
178.418 -171.284 441
177.263 -170.896 440
176.513 -170.896 440
175.363 -170.507 439
174.615 -170.507 439
173.47 -170.119 438
156.286 -162.351 418
155.573 -162.351 418
154.861 -162.351 418
154.148 -162.351 418
153.435 -162.351 418
152.723 -162.351 418
152.01 -162.351 418
151.298 -162.351 418
150.225 -161.963 417
149.514 -161.963 417
148.803 -161.963 417
147.737 -161.574 416
146.674 -161.186 415
145.967 -161.186 415
144.91 -160.797 414
143.855 -160.409 413
143.151 -160.409 413
142.447 -160.409 413
141.4 -160.021 412
140.356 -159.632 411
138.976 -158.855 409
137.603 -158.079 407
136.909 -158.079 407
136.215 -158.079 407
135.188 -157.69 406
134.496 -157.69 406
133.804 -157.69 406
132.784 -157.302 405
132.093 -157.302 405
131.079 -156.913 404
130.39 -156.913 404
129.38 -156.525 403
128.374 -156.137 402
127.688 -156.137 402
126.687 -155.748 401
126.004 -155.748 401
125.32 -155.748 401
124.326 -155.36 400
123.644 -155.36 400
122.962 -155.36 400
121.974 -154.971 399
121.294 -154.971 399
120.614 -154.971 399
119.934 -154.971 399
118.954 -154.583 398
117.979 -154.195 397
117.007 -153.806 396
116.331 -153.806 396
115.656 -153.806 396
114.691 -153.418 395
114.018 -153.418 395
113.344 -153.418 395
112.671 -153.418 395
111.997 -153.418 395
111.042 -153.029 394
110.371 -153.029 394
109.699 -153.029 394
109.027 -153.029 394
108.356 -153.029 394
107.684 -153.029 394
107.012 -153.029 394
106.341 -153.029 394
105.401 -152.641 393
104.731 -152.641 393
104.061 -152.641 393
103.654 -153.029 394
102.982 -153.029 394
102.311 -153.029 394
101.639 -153.029 394
100.967 -153.029 394
294.272 -203.245 521
293.384 -203.245 521
293.618 -204.025 523
293.846 -204.806 525
292.951 -204.806 525
293.169 -205.586 527
292.27 -205.586 527
291.925 -205.976 528
291.025 -205.976 528
290.674 -206.366 529
289.772 -206.366 529
289.417 -206.756 530
288.513 -206.756 530
287.61 -206.756 530
287.247 -207.146 531
286.342 -207.146 531
285.974 -207.536 532
285.603 -207.926 533
285.763 -208.707 535
284.851 -208.707 535
284.469 -209.097 536
284.085 -209.487 537
283.696 -209.877 538
282.779 -209.877 538
282.91 -210.657 540
282.512 -211.047 541
282.11 -211.437 542
281.186 -211.437 542
280.262 -211.437 542
279.853 -211.827 543
278.928 -211.827 543
279.026 -212.608 545
278.607 -212.998 546
278.693 -213.778 548
277.759 -213.778 548
277.33 -214.168 549
276.394 -214.168 549
275.458 -214.168 549
274.522 -214.168 549
273.587 -214.168 549
273.147 -214.558 550
272.705 -214.948 551
271.765 -214.948 551
271.317 -215.338 552
270.376 -215.338 552
269.923 -215.728 553
268.981 -215.728 553
268.523 -216.119 554
270.476 -218.459 560
269.522 -218.459 560
269.526 -219.239 562
268.568 -219.239 562
267.61 -219.239 562
266.652 -219.239 562
199.049 -176.328 452
198.279 -176.328 452
197.508 -176.328 452
196.302 -175.938 451
195.534 -175.938 451
194.333 -175.548 450
193.566 -175.548 450
192.799 -175.548 450
192.032 -175.548 450
190.839 -175.157 449
190.074 -175.157 449
188.887 -174.767 448
188.123 -174.767 448
187.359 -174.767 448
186.179 -174.377 447
184.588 -173.597 445
183.003 -172.817 443
182.248 -172.817 443
181.083 -172.427 442
179.921 -172.037 441
179.169 -172.037 441
178.418 -172.037 441
177.263 -171.647 440
176.112 -171.256 439
175.363 -171.256 439
174.615 -171.256 439
173.47 -170.866 438
171.146 -169.306 434
170.407 -169.306 434
158.424 -163.064 418
157.711 -163.064 418
156.998 -163.064 418
156.286 -163.064 418
155.573 -163.064 418
154.861 -163.064 418
154.148 -163.064 418
153.435 -163.064 418
152.723 -163.064 418
152.01 -163.064 418
150.936 -162.674 417
150.225 -162.674 417
149.514 -162.674 417
148.446 -162.284 416
147.382 -161.894 415
146.321 -161.504 414
145.615 -161.504 414
144.56 -161.114 413
143.855 -161.114 413
142.805 -160.724 412
142.102 -160.724 412
141.4 -160.724 412
140.015 -159.943 410
138.636 -159.163 408
137.603 -158.773 407
136.909 -158.773 407
135.88 -158.383 406
135.188 -158.383 406
134.165 -157.993 405
133.474 -157.993 405
132.784 -157.993 405
132.093 -157.993 405
131.079 -157.603 404
130.39 -157.603 404
129.38 -157.213 403
128.374 -156.823 402
127.371 -156.432 401
126.687 -156.432 401
126.004 -156.432 401
125.007 -156.042 400
124.326 -156.042 400
123.644 -156.042 400
122.962 -156.042 400
121.974 -155.652 399
121.294 -155.652 399
120.614 -155.652 399
119.934 -155.652 399
118.954 -155.262 398
117.682 -154.482 396
117.007 -154.482 396
116.331 -154.482 396
115.364 -154.092 395
114.691 -154.092 395
114.018 -154.092 395
113.344 -154.092 395
112.386 -153.702 394
111.714 -153.702 394
111.042 -153.702 394
110.371 -153.702 394
109.699 -153.702 394
109.027 -153.702 394
108.356 -153.702 394
107.684 -153.702 394
107.012 -153.702 394
106.341 -153.702 394
105.401 -153.312 393
104.731 -153.312 393
104.061 -153.312 393
103.654 -153.702 394
102.982 -153.702 394
102.311 -153.702 394
101.639 -153.702 394
100.967 -153.702 394
294.272 -204.134 521
294.51 -204.918 523
294.741 -205.701 525
294.406 -206.093 526
293.509 -206.093 526
293.169 -206.485 527
292.825 -206.877 528
292.478 -207.268 529
291.576 -207.268 529
291.224 -207.66 530
290.32 -207.66 530
289.963 -208.052 531
289.057 -208.052 531
288.152 -208.052 531
287.788 -208.444 532
286.881 -208.444 532
286.512 -208.836 533
286.139 -209.228 534
286.297 -210.011 536
285.383 -210.011 536
285 -210.403 537
284.614 -210.795 538
283.696 -210.795 538
282.779 -210.795 538
283.434 -211.97 541
282.512 -211.97 541
282.11 -212.362 542
281.186 -212.362 542
280.262 -212.362 542
279.853 -212.754 543
278.928 -212.754 543
279.026 -213.537 545
279.117 -214.321 547
278.693 -214.713 548
277.759 -214.713 548
277.33 -215.105 549
276.394 -215.105 549
275.458 -215.105 549
274.522 -215.105 549
274.085 -215.497 550
273.644 -215.888 551
273.199 -216.28 552
272.258 -216.28 552
271.809 -216.672 553
270.866 -216.672 553
270.412 -217.064 554
269.467 -217.064 554
271.431 -219.415 560
271.442 -220.198 562
270.484 -220.198 562
270.006 -220.59 563
269.046 -220.59 563
268.086 -220.59 563
267.126 -220.59 563
198.169 -176.315 450
197.401 -176.315 450
196.634 -176.315 450
195.867 -176.315 450
195.1 -176.315 450
193.901 -175.924 449
193.136 -175.924 449
192.37 -175.924 449
191.178 -175.532 448
190.414 -175.532 448
189.651 -175.532 448
188.465 -175.14 447
187.703 -175.14 447
186.941 -175.14 447
186.179 -175.14 447
184.588 -174.356 445
183.003 -173.573 443
182.248 -173.573 443
181.083 -173.181 442
179.921 -172.789 441
179.169 -172.789 441
178.418 -172.789 441
177.263 -172.397 440
176.112 -172.005 439
175.363 -172.005 439
174.615 -172.005 439
173.47 -171.614 438
171.541 -170.438 435
170.799 -170.438 435
170.058 -170.438 435
169.316 -170.438 435
159.849 -163.777 418
159.136 -163.777 418
158.424 -163.777 418
157.711 -163.777 418
156.998 -163.777 418
156.286 -163.777 418
155.573 -163.777 418
154.861 -163.777 418
154.148 -163.777 418
153.435 -163.777 418
152.723 -163.777 418
152.01 -163.777 418
150.936 -163.386 417
149.865 -162.994 416
149.155 -162.994 416
148.089 -162.602 415
147.382 -162.602 415
146.321 -162.21 414
145.615 -162.21 414
144.56 -161.818 413
143.855 -161.818 413
142.805 -161.426 412
142.102 -161.426 412
141.057 -161.035 411
139.332 -159.859 408
138.296 -159.467 407
137.264 -159.076 406
136.572 -159.076 406
135.88 -159.076 406
134.855 -158.684 405
134.165 -158.684 405
133.474 -158.684 405
132.784 -158.684 405
131.767 -158.292 404
130.754 -157.9 403
130.067 -157.9 403
129.059 -157.508 402
128.054 -157.117 401
127.371 -157.117 401
126.687 -157.117 401
126.004 -157.117 401
125.007 -156.725 400
124.326 -156.725 400
123.644 -156.725 400
122.962 -156.725 400
121.974 -156.333 399
121.294 -156.333 399
120.311 -155.941 398
119.633 -155.941 398
118.656 -155.549 397
117.682 -155.157 396
116.711 -154.766 395
116.038 -154.766 395
115.364 -154.766 395
114.691 -154.766 395
113.729 -154.374 394
113.057 -154.374 394
112.386 -154.374 394
111.714 -154.374 394
111.042 -154.374 394
110.371 -154.374 394
109.699 -154.374 394
109.027 -154.374 394
108.356 -154.374 394
107.684 -154.374 394
107.012 -154.374 394
106.341 -154.374 394
105.401 -153.982 393
104.731 -153.982 393
104.061 -153.982 393
103.654 -154.374 394
102.982 -154.374 394
102.311 -154.374 394
101.639 -154.374 394
294.837 -205.416 522
294.51 -205.81 523
295.303 -206.99 526
294.966 -207.384 527
294.067 -207.384 527
293.725 -207.777 528
293.38 -208.171 529
293.031 -208.565 530
292.127 -208.565 530
291.224 -208.565 530
290.868 -208.958 531
289.963 -208.958 531
289.057 -208.958 531
288.695 -209.352 532
288.329 -209.745 533
287.42 -209.745 533
287.049 -210.139 534
286.675 -210.532 535
286.297 -210.926 536
285.383 -210.926 536
285 -211.319 537
284.614 -211.713 538
284.224 -212.106 539
283.305 -212.106 539
283.434 -212.893 541
282.512 -212.893 541
282.11 -213.287 542
281.186 -213.287 542
280.262 -213.287 542
279.853 -213.68 543
278.928 -213.68 543
279.026 -214.467 545
279.628 -215.648 548
279.202 -216.041 549
278.266 -216.041 549
277.33 -216.041 549
276.394 -216.041 549
275.458 -216.041 549
274.522 -216.041 549
274.085 -216.435 550
274.141 -217.222 552
273.694 -217.615 553
272.752 -217.615 553
271.809 -217.615 553
270.866 -217.615 553
270.412 -218.009 554
269.467 -218.009 554
271.431 -220.37 560
271.442 -221.157 562
270.484 -221.157 562
270.006 -221.551 563
269.046 -221.551 563
268.086 -221.551 563
267.126 -221.551 563
196.963 -176.69 449
196.197 -176.69 449
195.432 -176.69 449
194.233 -176.296 448
193.469 -176.296 448
192.705 -176.296 448
191.942 -176.296 448
190.751 -175.903 447
189.989 -175.903 447
189.227 -175.903 447
188.044 -175.509 446
187.283 -175.509 446
186.523 -175.509 446
184.93 -174.722 444
183.758 -174.328 443
182.59 -173.935 442
181.836 -173.935 442
180.673 -173.541 441
179.921 -173.541 441
178.763 -173.148 440
178.013 -173.148 440
177.263 -173.148 440
176.112 -172.754 439
174.964 -172.361 438
173.024 -171.18 435
172.282 -171.18 435
171.541 -171.18 435
170.799 -171.18 435
170.058 -171.18 435
169.316 -171.18 435
159.849 -164.491 418
159.136 -164.491 418
158.424 -164.491 418
157.711 -164.491 418
156.998 -164.491 418
156.286 -164.491 418
155.573 -164.491 418
154.861 -164.491 418
154.148 -164.491 418
153.435 -164.491 418
152.723 -164.491 418
151.647 -164.097 417
150.936 -164.097 417
149.865 -163.703 416
149.155 -163.703 416
148.089 -163.31 415
147.382 -163.31 415
146.321 -162.916 414
145.615 -162.916 414
144.56 -162.523 413
143.855 -162.523 413
142.805 -162.129 412
142.102 -162.129 412
141.057 -161.736 411
139.332 -160.555 408
138.296 -160.162 407
137.264 -159.768 406
136.572 -159.768 406
135.88 -159.768 406
134.855 -159.375 405
134.165 -159.375 405
133.474 -159.375 405
132.784 -159.375 405
131.767 -158.981 404
130.754 -158.588 403
130.067 -158.588 403
129.059 -158.194 402
128.054 -157.801 401
127.371 -157.801 401
126.687 -157.801 401
126.004 -157.801 401
125.007 -157.407 400
124.326 -157.407 400
123.644 -157.407 400
122.962 -157.407 400
121.974 -157.014 399
120.99 -156.62 398
120.009 -156.227 397
119.332 -156.227 397
118.357 -155.833 396
117.384 -155.44 395
116.711 -155.44 395
116.038 -155.44 395
115.364 -155.44 395
114.401 -155.046 394
113.729 -155.046 394
113.057 -155.046 394
112.386 -155.046 394
111.714 -155.046 394
111.042 -155.046 394
110.371 -155.046 394
109.699 -155.046 394
109.027 -155.046 394
108.356 -155.046 394
107.684 -155.046 394
107.012 -155.046 394
106.341 -155.046 394
105.401 -154.653 393
104.731 -154.653 393
104.061 -154.653 393
103.654 -155.046 394
102.982 -155.046 394
102.311 -155.046 394
294.837 -206.307 522
294.51 -206.702 523
295.303 -207.888 526
294.966 -208.283 527
294.067 -208.283 527
293.725 -208.678 528
293.38 -209.074 529
293.031 -209.469 530
292.127 -209.469 530
291.224 -209.469 530
290.868 -209.864 531
289.963 -209.864 531
289.057 -209.864 531
288.695 -210.259 532
288.329 -210.654 533
287.42 -210.654 533
287.049 -211.05 534
286.675 -211.445 535
286.297 -211.84 536
285.383 -211.84 536
285 -212.235 537
284.614 -212.631 538
284.224 -213.026 539
283.305 -213.026 539
283.434 -213.816 541
282.512 -213.816 541
282.11 -214.211 542
281.186 -214.211 542
280.262 -214.211 542
279.853 -214.607 543
278.928 -214.607 543
279.026 -215.397 545
279.628 -216.583 548
279.202 -216.978 549
278.266 -216.978 549
277.33 -216.978 549
276.394 -216.978 549
275.96 -217.373 550
275.022 -217.373 550
274.583 -217.768 551
274.141 -218.164 552
273.694 -218.559 553
272.752 -218.559 553
271.809 -218.559 553
270.866 -218.559 553
270.412 -218.954 554
269.467 -218.954 554
271.431 -221.325 560
271.442 -222.116 562
270.484 -222.116 562
270.006 -222.511 563
269.046 -222.511 563
268.086 -222.511 563
267.126 -222.511 563
196.085 -176.665 447
195.323 -176.665 447
194.561 -176.665 447
193.799 -176.665 447
193.037 -176.665 447
192.275 -176.665 447
191.513 -176.665 447
190.751 -176.665 447
189.989 -176.665 447
188.804 -176.27 446
188.044 -176.27 446
186.443 -175.479 444
185.687 -175.479 444
184.513 -175.084 443
183.343 -174.689 442
182.177 -174.294 441
181.425 -174.294 441
180.673 -174.294 441
179.513 -173.899 440
178.763 -173.899 440
178.013 -173.899 440
176.86 -173.503 439
176.112 -173.503 439
174.564 -172.713 437
173.024 -171.922 435
172.282 -171.922 435
171.541 -171.922 435
170.799 -171.922 435
170.058 -171.922 435
169.316 -171.922 435
159.849 -165.204 418
159.136 -165.204 418
158.424 -165.204 418
157.711 -165.204 418
156.998 -165.204 418
156.286 -165.204 418
155.573 -165.204 418
154.861 -165.204 418
153.779 -164.808 417
153.068 -164.808 417
152.358 -164.808 417
151.647 -164.808 417
150.574 -164.413 416
149.504 -164.018 415
148.797 -164.018 415
148.089 -164.018 415
147.027 -163.623 414
146.321 -163.623 414
145.615 -163.623 414
144.56 -163.228 413
143.855 -163.228 413
142.805 -162.832 412
142.102 -162.832 412
141.057 -162.437 411
139.332 -161.251 408
138.296 -160.856 407
137.264 -160.461 406
136.572 -160.461 406
135.88 -160.461 406
134.855 -160.066 405
134.165 -160.066 405
133.474 -160.066 405
132.456 -159.671 404
131.441 -159.275 403
130.43 -158.88 402
129.744 -158.88 402
129.059 -158.88 402
128.054 -158.485 401
127.371 -158.485 401
126.371 -158.09 400
125.689 -158.09 400
125.007 -158.09 400
124.326 -158.09 400
123.335 -157.694 399
122.654 -157.694 399
121.974 -157.694 399
120.99 -157.299 398
120.009 -156.904 397
119.332 -156.904 397
118.357 -156.509 396
117.384 -156.113 395
116.711 -156.113 395
116.038 -156.113 395
115.364 -156.113 395
114.401 -155.718 394
113.729 -155.718 394
113.057 -155.718 394
112.386 -155.718 394
111.714 -155.718 394
111.042 -155.718 394
110.371 -155.718 394
109.699 -155.718 394
109.027 -155.718 394
108.356 -155.718 394
107.684 -155.718 394
107.012 -155.718 394
106.341 -155.718 394
105.401 -155.323 393
104.731 -155.323 393
104.061 -155.323 393
103.654 -155.718 394
102.982 -155.718 394
102.311 -155.718 394
295.402 -207.594 523
295.073 -207.991 524
295.864 -209.182 527
295.525 -209.579 528
294.625 -209.579 528
294.281 -209.976 529
293.934 -210.373 530
293.031 -210.373 530
292.678 -210.77 531
291.773 -210.77 531
290.868 -210.77 531
289.963 -210.77 531
289.602 -211.167 532
289.238 -211.564 533
288.329 -211.564 533
287.42 -211.564 533
287.587 -212.358 535
286.675 -212.358 535
286.297 -212.755 536
285.383 -212.755 536
285 -213.152 537
284.614 -213.548 538
284.224 -213.945 539
283.305 -213.945 539
283.434 -214.739 541
282.512 -214.739 541
282.11 -215.136 542
281.186 -215.136 542
280.262 -215.136 542
279.338 -215.136 542
278.414 -215.136 542
279.026 -216.327 545
279.628 -217.518 548
279.202 -217.915 549
278.266 -217.915 549
277.33 -217.915 549
276.394 -217.915 549
275.96 -218.312 550
275.022 -218.312 550
274.583 -218.709 551
274.141 -219.105 552
273.694 -219.502 553
272.752 -219.502 553
271.809 -219.502 553
270.866 -219.502 553
270.412 -219.899 554
269.467 -219.899 554
271.431 -222.281 560
271.442 -223.075 562
270.484 -223.075 562
270.006 -223.472 563
269.046 -223.472 563
268.086 -223.472 563
196.085 -177.428 447
195.323 -177.428 447
194.561 -177.428 447
193.799 -177.428 447
193.037 -177.428 447
192.275 -177.428 447
191.513 -177.428 447
190.751 -177.428 447
189.989 -177.428 447
188.804 -177.031 446
188.044 -177.031 446
186.443 -176.237 444
185.687 -176.237 444
184.513 -175.84 443
183.343 -175.443 442
182.177 -175.046 441
181.425 -175.046 441
180.263 -174.649 440
179.513 -174.649 440
178.357 -174.252 439
177.608 -174.252 439
176.86 -174.252 439
175.71 -173.855 438
174.564 -173.458 437
173.024 -172.665 435
172.282 -172.665 435
171.541 -172.665 435
170.799 -172.665 435
159.849 -165.917 418
159.136 -165.917 418
158.424 -165.917 418
157.711 -165.917 418
156.998 -165.917 418
155.912 -165.52 417
155.201 -165.52 417
154.49 -165.52 417
153.779 -165.52 417
153.068 -165.52 417
152.358 -165.52 417
151.647 -165.52 417
150.574 -165.123 416
149.504 -164.726 415
148.797 -164.726 415
148.089 -164.726 415
147.027 -164.329 414
146.321 -164.329 414
145.615 -164.329 414
144.56 -163.932 413
143.855 -163.932 413
142.805 -163.535 412
142.102 -163.535 412
141.057 -163.138 411
139.332 -161.948 408
138.296 -161.551 407
137.264 -161.154 406
136.572 -161.154 406
135.88 -161.154 406
134.855 -160.757 405
134.165 -160.757 405
133.474 -160.757 405
132.456 -160.36 404
131.441 -159.963 403
130.43 -159.566 402
129.744 -159.566 402
128.738 -159.169 401
128.054 -159.169 401
127.053 -158.772 400
126.371 -158.772 400
125.689 -158.772 400
125.007 -158.772 400
124.015 -158.375 399
123.335 -158.375 399
122.654 -158.375 399
121.668 -157.978 398
120.686 -157.581 397
120.009 -157.581 397
119.332 -157.581 397
118.357 -157.184 396
117.384 -156.787 395
116.711 -156.787 395
116.038 -156.787 395
115.364 -156.787 395
114.401 -156.39 394
113.729 -156.39 394
113.057 -156.39 394
112.386 -156.39 394
111.714 -156.39 394
111.042 -156.39 394
110.371 -156.39 394
109.699 -156.39 394
109.027 -156.39 394
108.356 -156.39 394
107.684 -156.39 394
107.012 -156.39 394
106.341 -156.39 394
105.401 -155.994 393
104.731 -155.994 393
103.796 -155.597 392
103.128 -155.597 392
102.459 -155.597 392
101.791 -155.597 392
295.966 -208.885 524
296.199 -209.683 526
296.425 -210.48 528
296.085 -210.879 529
295.183 -210.879 529
294.281 -210.879 529
293.934 -211.277 530
293.031 -211.277 530
292.678 -211.676 531
292.323 -212.074 532
291.963 -212.473 533
291.055 -212.473 533
290.146 -212.473 533
289.238 -212.473 533
288.87 -212.872 534
287.96 -212.872 534
288.124 -213.669 536
287.211 -213.669 536
286.297 -213.669 536
285.383 -213.669 536
285 -214.068 537
285.143 -214.865 539
284.751 -215.264 540
283.831 -215.264 540
283.434 -215.662 541
282.512 -215.662 541
282.11 -216.061 542
281.186 -216.061 542
280.262 -216.061 542
279.853 -216.459 543
278.928 -216.459 543
279.538 -217.655 546
280.138 -218.851 549
279.711 -219.25 550
278.773 -219.25 550
277.835 -219.25 550
276.898 -219.25 550
276.462 -219.649 551
275.522 -219.649 551
275.082 -220.047 552
275.134 -220.844 554
274.189 -220.844 554
273.245 -220.844 554
272.3 -220.844 554
270.866 -220.446 553
270.412 -220.844 554
269.467 -220.844 554
268.523 -220.844 554
267.578 -220.844 554
266.634 -220.844 554
196.085 -178.19 447
195.323 -178.19 447
194.561 -178.19 447
193.799 -178.19 447
193.037 -178.19 447
192.275 -178.19 447
191.513 -178.19 447
190.325 -177.792 446
189.564 -177.792 446
188.804 -177.792 446
187.622 -177.393 445
186.024 -176.596 443
185.268 -176.596 443
184.097 -176.197 442
182.928 -175.799 441
182.177 -175.799 441
181.425 -175.799 441
180.263 -175.4 440
179.513 -175.4 440
178.357 -175.001 439
177.608 -175.001 439
176.86 -175.001 439
175.71 -174.603 438
174.564 -174.204 437
173.024 -173.407 435
172.282 -173.407 435
171.541 -173.407 435
170.799 -173.407 435
159.849 -166.63 418
159.136 -166.63 418
158.424 -166.63 418
157.711 -166.63 418
156.998 -166.63 418
156.286 -166.63 418
155.573 -166.63 418
154.861 -166.63 418
153.779 -166.231 417
153.068 -166.231 417
152.358 -166.231 417
151.647 -166.231 417
150.574 -165.833 416
149.865 -165.833 416
149.155 -165.833 416
148.089 -165.434 415
147.382 -165.434 415
146.321 -165.035 414
145.615 -165.035 414
144.91 -165.035 414
143.855 -164.637 413
142.805 -164.238 412
142.102 -164.238 412
141.057 -163.84 411
139.332 -162.644 408
138.296 -162.245 407
137.264 -161.846 406
136.572 -161.846 406
135.546 -161.448 405
134.855 -161.448 405
133.833 -161.049 404
133.145 -161.049 404
132.456 -161.049 404
131.115 -160.252 402
130.105 -159.853 401
129.422 -159.853 401
128.738 -159.853 401
127.735 -159.454 400
127.053 -159.454 400
126.371 -159.454 400
125.689 -159.454 400
124.695 -159.056 399
124.015 -159.056 399
123.025 -158.657 398
122.347 -158.657 398
121.668 -158.657 398
120.686 -158.259 397
120.009 -158.259 397
119.332 -158.259 397
118.357 -157.86 396
117.384 -157.461 395
116.711 -157.461 395
116.038 -157.461 395
115.364 -157.461 395
114.401 -157.063 394
113.729 -157.063 394
113.057 -157.063 394
112.386 -157.063 394
111.714 -157.063 394
111.042 -157.063 394
110.371 -157.063 394
109.699 -157.063 394
109.027 -157.063 394
108.356 -157.063 394
107.684 -157.063 394
107.012 -157.063 394
106.341 -157.063 394
105.401 -156.664 393
104.731 -156.664 393
103.796 -156.265 392
103.128 -156.265 392
102.459 -156.265 392
101.791 -156.265 392
297.096 -210.58 526
296.762 -210.98 527
296.987 -211.781 529
296.085 -211.781 529
295.183 -211.781 529
294.838 -212.181 530
294.489 -212.582 531
293.584 -212.582 531
293.229 -212.982 532
292.872 -213.382 533
292.511 -213.783 534
291.601 -213.783 534
290.691 -213.783 534
289.78 -213.783 534
290.493 -214.984 537
289.577 -214.984 537
288.662 -214.984 537
287.746 -214.984 537
286.831 -214.984 537
285.915 -214.984 537
285.531 -215.384 538
285.143 -215.785 539
284.751 -216.185 540
283.831 -216.185 540
283.434 -216.585 541
283.034 -216.986 542
282.11 -216.986 542
281.705 -217.386 543
280.779 -217.386 543
280.369 -217.786 544
279.441 -217.786 544
280.562 -219.388 548
281.158 -220.589 551
280.219 -220.589 551
279.28 -220.589 551
278.846 -220.989 552
277.905 -220.989 552
277.465 -221.389 553
276.523 -221.389 553
276.078 -221.79 554
275.63 -222.19 555
274.684 -222.19 555
273.738 -222.19 555
272.3 -221.79 554
270.866 -221.389 553
269.923 -221.389 553
196.085 -178.953 447
195.323 -178.953 447
194.561 -178.953 447
193.799 -178.953 447
193.037 -178.953 447
192.275 -178.953 447
191.513 -178.953 447
190.325 -178.553 446
189.564 -178.553 446
188.804 -178.553 446
187.622 -178.152 445
186.024 -177.352 443
185.268 -177.352 443
184.097 -176.951 442
182.928 -176.551 441
182.177 -176.551 441
181.425 -176.551 441
180.263 -176.151 440
179.513 -176.151 440
178.357 -175.75 439
177.608 -175.75 439
176.457 -175.35 438
175.309 -174.95 437
174.165 -174.549 436
173.024 -174.149 435
172.282 -174.149 435
171.541 -174.149 435
159.849 -167.343 418
159.136 -167.343 418
158.424 -167.343 418
157.711 -167.343 418
156.998 -167.343 418
156.286 -167.343 418
155.573 -167.343 418
154.861 -167.343 418
153.779 -166.943 417
153.068 -166.943 417
152.358 -166.943 417
151.647 -166.943 417
150.574 -166.542 416
149.865 -166.542 416
149.155 -166.542 416
148.089 -166.142 415
147.382 -166.142 415
146.674 -166.142 415
145.967 -166.142 415
144.91 -165.742 414
143.855 -165.341 413
142.805 -164.941 412
142.102 -164.941 412
141.057 -164.541 411
139.673 -163.74 409
138.296 -162.939 407
137.264 -162.539 406
136.572 -162.539 406
135.546 -162.139 405
134.855 -162.139 405
133.833 -161.738 404
133.145 -161.738 404
132.456 -161.738 404
131.115 -160.938 402
130.105 -160.537 401
129.422 -160.537 401
128.738 -160.537 401
127.735 -160.137 400
127.053 -160.137 400
126.371 -160.137 400
125.689 -160.137 400
124.695 -159.737 399
124.015 -159.737 399
123.025 -159.336 398
122.347 -159.336 398
121.668 -159.336 398
120.686 -158.936 397
119.707 -158.536 396
119.032 -158.536 396
118.357 -158.536 396
117.384 -158.135 395
116.711 -158.135 395
116.038 -158.135 395
115.364 -158.135 395
114.401 -157.735 394
113.729 -157.735 394
113.057 -157.735 394
112.386 -157.735 394
111.714 -157.735 394
111.042 -157.735 394
110.371 -157.735 394
109.699 -157.735 394
109.027 -157.735 394
108.356 -157.735 394
107.684 -157.735 394
107.012 -157.735 394
106.341 -157.735 394
105.401 -157.335 393
104.731 -157.335 393
103.796 -156.934 392
103.128 -156.934 392
102.459 -156.934 392
101.791 -156.934 392
297.096 -211.477 526
296.762 -211.88 527
296.987 -212.684 529
296.085 -212.684 529
295.183 -212.684 529
294.838 -213.086 530
294.489 -213.488 531
293.584 -213.488 531
293.229 -213.89 532
292.872 -214.292 533
292.511 -214.694 534
291.601 -214.694 534
290.691 -214.694 534
289.78 -214.694 534
290.493 -215.9 537
289.577 -215.9 537
288.662 -215.9 537
287.746 -215.9 537
286.831 -215.9 537
285.915 -215.9 537
285.531 -216.302 538
285.143 -216.704 539
284.751 -217.106 540
283.831 -217.106 540
283.434 -217.508 541
283.034 -217.91 542
282.11 -217.91 542
281.705 -218.312 543
281.296 -218.714 544
280.369 -218.714 544
279.441 -218.714 544
282.098 -221.529 551
281.669 -221.931 552
281.236 -222.333 553
280.293 -222.333 553
279.351 -222.333 553
278.408 -222.333 553
277.465 -222.333 553
276.523 -222.333 553
276.078 -222.735 554
275.63 -223.137 555
274.684 -223.137 555
273.738 -223.137 555
272.3 -222.735 554
270.866 -222.333 553
269.923 -222.333 553
194.561 -179.716 447
193.799 -179.716 447
193.037 -179.716 447
192.275 -179.716 447
191.513 -179.716 447
190.325 -179.314 446
189.564 -179.314 446
188.381 -178.912 445
187.2 -178.51 444
186.024 -178.107 443
185.268 -178.107 443
183.68 -177.303 441
180.602 -176.499 439
179.854 -176.499 439
179.105 -176.499 439
177.951 -176.097 438
177.204 -176.097 438
176.054 -175.695 437
174.908 -175.293 436
173.765 -174.891 435
172.626 -174.489 434
171.886 -174.489 434
160.231 -168.458 419
159.517 -168.458 419
158.803 -168.458 419
157.711 -168.056 418
156.998 -168.056 418
156.286 -168.056 418
155.573 -168.056 418
154.861 -168.056 418
154.148 -168.056 418
153.435 -168.056 418
152.723 -168.056 418
151.647 -167.654 417
150.936 -167.654 417
149.865 -167.252 416
149.155 -167.252 416
148.446 -167.252 416
147.382 -166.85 415
146.674 -166.85 415
145.967 -166.85 415
144.91 -166.448 414
143.855 -166.046 413
142.805 -165.644 412
142.102 -165.644 412
141.057 -165.242 411
139.673 -164.438 409
138.296 -163.634 407
137.264 -163.232 406
136.572 -163.232 406
135.546 -162.83 405
134.855 -162.83 405
133.833 -162.428 404
133.145 -162.428 404
132.128 -162.026 403
131.115 -161.623 402
130.105 -161.221 401
129.422 -161.221 401
128.738 -161.221 401
127.735 -160.819 400
127.053 -160.819 400
126.371 -160.819 400
125.689 -160.819 400
124.695 -160.417 399
124.015 -160.417 399
123.025 -160.015 398
122.347 -160.015 398
121.668 -160.015 398
120.686 -159.613 397
119.707 -159.211 396
119.032 -159.211 396
118.357 -159.211 396
117.682 -159.211 396
116.711 -158.809 395
116.038 -158.809 395
115.364 -158.809 395
114.401 -158.407 394
113.729 -158.407 394
113.057 -158.407 394
112.386 -158.407 394
111.714 -158.407 394
111.042 -158.407 394
110.371 -158.407 394
109.699 -158.407 394
109.027 -158.407 394
108.356 -158.407 394
107.684 -158.407 394
107.012 -158.407 394
106.341 -158.407 394
105.401 -158.005 393
104.731 -158.005 393
103.796 -157.603 392
103.128 -157.603 392
102.459 -157.603 392
101.791 -157.603 392
297.661 -212.779 527
296.762 -212.779 527
296.987 -213.586 529
296.085 -213.586 529
295.741 -213.99 530
294.838 -213.99 530
295.043 -214.797 532
294.136 -214.797 532
294.332 -215.605 534
293.422 -215.605 534
292.511 -215.605 534
291.601 -215.605 534
290.691 -215.605 534
290.866 -216.412 536
291.034 -217.22 538
290.117 -217.22 538
289.199 -217.22 538
288.282 -217.22 538
287.365 -217.22 538
286.448 -217.22 538
286.061 -217.624 539
285.672 -218.027 540
285.278 -218.431 541
284.356 -218.431 541
283.958 -218.835 542
283.556 -219.239 543
282.63 -219.239 543
281.705 -219.239 543
281.296 -219.642 544
280.369 -219.642 544
279.441 -219.642 544
282.098 -222.469 551
281.669 -222.873 552
281.236 -223.276 553
280.293 -223.276 553
279.351 -223.276 553
278.408 -223.276 553
277.465 -223.276 553
276.523 -223.276 553
276.078 -223.68 554
275.63 -224.084 555
274.684 -224.084 555
273.738 -224.084 555
194.561 -180.478 447
193.799 -180.478 447
193.037 -180.478 447
192.275 -180.478 447
191.513 -180.478 447
190.325 -180.075 446
189.564 -180.075 446
188.381 -179.671 445
187.2 -179.267 444
186.024 -178.863 443
185.268 -178.863 443
183.68 -178.056 441
180.602 -177.248 439
179.854 -177.248 439
179.105 -177.248 439
177.951 -176.845 438
177.204 -176.845 438
176.054 -176.441 437
174.507 -175.633 435
173.366 -175.229 434
172.626 -175.229 434
171.886 -175.229 434
170.752 -174.826 433
162.098 -170.384 422
161.378 -170.384 422
160.659 -170.384 422
159.182 -169.577 420
158.088 -169.173 419
157.374 -169.173 419
156.66 -169.173 419
155.573 -168.769 418
154.861 -168.769 418
154.148 -168.769 418
153.435 -168.769 418
152.723 -168.769 418
152.01 -168.769 418
150.936 -168.366 417
150.225 -168.366 417
149.514 -168.366 417
148.446 -167.962 416
147.737 -167.962 416
146.674 -167.558 415
145.967 -167.558 415
145.26 -167.558 415
144.204 -167.154 414
143.151 -166.751 413
142.447 -166.751 413
141.4 -166.347 412
139.673 -165.136 409
138.296 -164.328 407
137.264 -163.924 406
136.572 -163.924 406
135.546 -163.521 405
134.855 -163.521 405
133.833 -163.117 404
133.145 -163.117 404
132.128 -162.713 403
131.115 -162.309 402
130.105 -161.906 401
129.422 -161.906 401
128.738 -161.906 401
127.735 -161.502 400
127.053 -161.502 400
126.371 -161.502 400
125.689 -161.502 400
124.695 -161.098 399
124.015 -161.098 399
123.025 -160.694 398
122.347 -160.694 398
121.668 -160.694 398
120.686 -160.291 397
119.707 -159.887 396
119.032 -159.887 396
118.357 -159.887 396
117.682 -159.887 396
116.711 -159.483 395
116.038 -159.483 395
115.364 -159.483 395
114.401 -159.079 394
113.729 -159.079 394
113.057 -159.079 394
112.386 -159.079 394
111.714 -159.079 394
111.042 -159.079 394
110.371 -159.079 394
109.699 -159.079 394
108.751 -158.676 393
108.356 -159.079 394
107.684 -159.079 394
107.012 -159.079 394
106.071 -158.676 393
105.132 -158.272 392
104.464 -158.272 392
103.796 -158.272 392
102.865 -157.868 391
101.937 -157.464 390
297.661 -213.678 527
297.326 -214.083 528
296.987 -214.489 529
296.085 -214.489 529
295.741 -214.894 530
295.394 -215.3 531
295.598 -216.111 533
294.689 -216.111 533
294.883 -216.921 535
293.971 -216.921 535
293.059 -216.921 535
292.147 -216.921 535
291.779 -217.327 536
291.408 -217.732 537
291.575 -218.543 539
290.656 -218.543 539
290.274 -218.949 540
289.354 -218.949 540
288.433 -218.949 540
286.98 -218.543 539
286.592 -218.949 540
286.201 -219.354 541
285.278 -219.354 541
284.882 -219.76 542
284.482 -220.165 543
284.6 -220.976 545
283.671 -220.976 545
282.742 -220.976 545
281.813 -220.976 545
280.884 -220.976 545
279.955 -220.976 545
283.122 -224.22 553
282.179 -224.22 553
281.236 -224.22 553
280.293 -224.22 553
279.351 -224.22 553
278.408 -224.22 553
277.465 -224.22 553
277.023 -224.625 554
276.078 -224.625 554
275.134 -224.625 554
274.189 -224.625 554
180.191 -177.592 438
179.444 -177.592 438
178.697 -177.592 438
177.951 -177.592 438
177.204 -177.592 438
176.054 -177.186 437
174.507 -176.375 435
173.366 -175.97 434
172.626 -175.97 434
171.886 -175.97 434
171.146 -175.97 434
170.014 -175.564 433
169.276 -175.564 433
168.538 -175.564 433
167.799 -175.564 433
166.29 -174.754 431
164.018 -173.132 427
163.29 -173.132 427
161.801 -172.321 425
159.561 -170.699 421
158.466 -170.293 420
157.374 -169.888 419
156.66 -169.888 419
155.945 -169.888 419
155.231 -169.888 419
154.517 -169.888 419
153.803 -169.888 419
153.088 -169.888 419
152.01 -169.483 418
151.298 -169.483 418
150.585 -169.483 418
149.514 -169.077 417
148.803 -169.077 417
147.737 -168.672 416
146.674 -168.266 415
145.967 -168.266 415
145.26 -168.266 415
144.204 -167.861 414
143.151 -167.455 413
142.447 -167.455 413
141.4 -167.05 412
139.673 -165.833 409
138.296 -165.022 407
137.264 -164.617 406
136.572 -164.617 406
135.546 -164.212 405
134.855 -164.212 405
133.833 -163.806 404
133.145 -163.806 404
132.128 -163.401 403
131.441 -163.401 403
130.43 -162.995 402
129.744 -162.995 402
128.738 -162.59 401
127.735 -162.184 400
127.053 -162.184 400
126.371 -162.184 400
125.689 -162.184 400
124.695 -161.779 399
124.015 -161.779 399
123.335 -161.779 399
122.654 -161.779 399
121.668 -161.373 398
120.686 -160.968 397
120.009 -160.968 397
119.332 -160.968 397
118.357 -160.562 396
117.682 -160.562 396
117.007 -160.562 396
116.331 -160.562 396
115.364 -160.157 395
114.401 -159.752 394
113.729 -159.752 394
113.057 -159.752 394
112.386 -159.752 394
111.714 -159.752 394
111.042 -159.752 394
110.371 -159.752 394
109.699 -159.752 394
108.751 -159.346 393
108.081 -159.346 393
107.411 -159.346 393
106.741 -159.346 393
106.071 -159.346 393
105.132 -158.941 392
104.464 -158.941 392
103.796 -158.941 392
103.128 -158.941 392
102.459 -158.941 392
101.791 -158.941 392
297.661 -214.577 527
297.889 -215.391 529
297.548 -215.798 530
296.645 -215.798 530
296.299 -216.206 531
295.95 -216.613 532
296.707 -217.834 535
295.795 -217.834 535
295.985 -218.649 537
295.07 -218.649 537
294.155 -218.649 537
293.239 -218.649 537
292.324 -218.649 537
291.951 -219.056 538
292.116 -219.87 540
291.195 -219.87 540
290.274 -219.87 540
289.354 -219.87 540
288.433 -219.87 540
287.513 -219.87 540
287.123 -220.277 541
286.73 -220.684 542
285.806 -220.684 542
285.407 -221.092 543
285.529 -221.906 545
285.123 -222.313 546
284.192 -222.313 546
283.261 -222.313 546
282.33 -222.313 546
281.399 -222.313 546
279.955 -221.906 545
283.122 -225.163 553
282.179 -225.163 553
281.236 -225.163 553
280.293 -225.163 553
279.351 -225.163 553
278.408 -225.163 553
277.465 -225.163 553
277.023 -225.57 554
276.078 -225.57 554
275.134 -225.57 554
274.189 -225.57 554
180.937 -178.339 438
180.191 -178.339 438
179.444 -178.339 438
178.697 -178.339 438
177.951 -178.339 438
177.204 -178.339 438
176.054 -177.932 437
174.507 -177.118 435
173.366 -176.71 434
172.626 -176.71 434
171.886 -176.71 434
171.146 -176.71 434
170.014 -176.303 433
169.276 -176.303 433
168.538 -176.303 433
167.799 -176.303 433
166.29 -175.489 431
164.018 -173.86 427
163.29 -173.86 427
161.801 -173.046 425
159.561 -171.417 421
158.466 -171.01 420
157.374 -170.603 419
156.66 -170.603 419
155.945 -170.603 419
155.231 -170.603 419
154.517 -170.603 419
153.803 -170.603 419
153.088 -170.603 419
152.01 -170.196 418
151.298 -170.196 418
150.585 -170.196 418
149.514 -169.789 417
148.803 -169.789 417
147.737 -169.381 416
146.674 -168.974 415
145.967 -168.974 415
145.26 -168.974 415
144.552 -168.974 415
143.151 -168.16 413
142.447 -168.16 413
141.4 -167.753 412
139.673 -166.531 409
138.296 -165.717 407
137.264 -165.31 406
136.572 -165.31 406
135.88 -165.31 406
134.855 -164.903 405
134.165 -164.903 405
133.474 -164.903 405
132.456 -164.495 404
131.441 -164.088 403
130.43 -163.681 402
129.744 -163.681 402
129.059 -163.681 402
128.054 -163.274 401
127.053 -162.867 400
126.371 -162.867 400
125.689 -162.867 400
125.007 -162.867 400
124.015 -162.46 399
123.335 -162.46 399
122.654 -162.46 399
121.668 -162.052 398
120.99 -162.052 398
120.009 -161.645 397
119.332 -161.645 397
118.656 -161.645 397
117.682 -161.238 396
117.007 -161.238 396
116.331 -161.238 396
115.364 -160.831 395
114.401 -160.424 394
113.729 -160.424 394
113.057 -160.424 394
112.386 -160.424 394
111.714 -160.424 394
111.042 -160.424 394
110.371 -160.424 394
109.699 -160.424 394
108.751 -160.017 393
108.081 -160.017 393
107.411 -160.017 393
106.741 -160.017 393
106.071 -160.017 393
105.132 -159.609 392
104.464 -159.609 392
103.796 -159.609 392
103.391 -160.017 393
102.721 -160.017 393
102.051 -160.017 393
101.381 -160.017 393
297.661 -215.476 527
297.889 -216.294 529
297.548 -216.703 530
296.645 -216.703 530
296.299 -217.111 531
295.95 -217.52 532
296.707 -218.747 535
295.795 -218.747 535
295.985 -219.565 537
295.07 -219.565 537
294.155 -219.565 537
293.239 -219.565 537
292.324 -219.565 537
291.951 -219.974 538
292.116 -220.791 540
291.195 -220.791 540
290.274 -220.791 540
289.354 -220.791 540
288.433 -220.791 540
287.513 -220.791 540
287.123 -221.2 541
286.73 -221.609 542
285.806 -221.609 542
285.407 -222.018 543
285.529 -222.836 545
285.123 -223.245 546
284.192 -223.245 546
283.261 -223.245 546
282.33 -223.245 546
281.399 -223.245 546
279.955 -222.836 545
283.122 -226.107 553
282.179 -226.107 553
281.236 -226.107 553
280.293 -226.107 553
279.351 -226.107 553
278.408 -226.107 553
277.465 -226.107 553
277.023 -226.516 554
276.078 -226.516 554
275.134 -226.516 554
274.189 -226.516 554
180.937 -179.086 438
180.191 -179.086 438
179.444 -179.086 438
178.697 -179.086 438
177.951 -179.086 438
177.204 -179.086 438
176.054 -178.677 437
174.507 -177.86 435
173.366 -177.451 434
172.626 -177.451 434
171.886 -177.451 434
171.146 -177.451 434
170.014 -177.042 433
169.276 -177.042 433
168.538 -177.042 433
167.799 -177.042 433
166.29 -176.224 431
164.018 -174.589 427
163.29 -174.589 427
161.801 -173.771 425
159.561 -172.135 421
158.466 -171.727 420
157.374 -171.318 419
156.66 -171.318 419
155.945 -171.318 419
155.231 -171.318 419
154.517 -171.318 419
153.803 -171.318 419
153.088 -171.318 419
152.01 -170.909 418
151.298 -170.909 418
150.585 -170.909 418
149.514 -170.5 417
148.803 -170.5 417
147.737 -170.091 416
146.674 -169.682 415
145.967 -169.682 415
145.26 -169.682 415
144.552 -169.682 415
143.151 -168.865 413
142.447 -168.865 413
141.4 -168.456 412
139.673 -167.229 409
138.296 -166.411 407
137.264 -166.002 406
136.572 -166.002 406
135.88 -166.002 406
134.855 -165.594 405
134.165 -165.594 405
133.474 -165.594 405
132.456 -165.185 404
131.441 -164.776 403
130.43 -164.367 402
129.744 -164.367 402
129.059 -164.367 402
128.054 -163.958 401
127.053 -163.549 400
126.371 -163.549 400
125.689 -163.549 400
125.007 -163.549 400
124.015 -163.14 399
123.335 -163.14 399
122.654 -163.14 399
121.668 -162.731 398
120.99 -162.731 398
120.009 -162.323 397
119.332 -162.323 397
118.656 -162.323 397
117.682 -161.914 396
117.007 -161.914 396
116.331 -161.914 396
115.364 -161.505 395
114.401 -161.096 394
113.729 -161.096 394
113.057 -161.096 394
112.386 -161.096 394
111.714 -161.096 394
111.042 -161.096 394
110.371 -161.096 394
109.699 -161.096 394
108.751 -160.687 393
108.081 -160.687 393
107.411 -160.687 393
106.741 -160.687 393
106.071 -160.687 393
105.132 -160.278 392
104.464 -160.278 392
103.796 -160.278 392
103.391 -160.687 393
102.721 -160.687 393
102.051 -160.687 393
101.381 -160.687 393
