ply
format ascii 1.0
comment File generated
element vertex 41109
property float x
property float y
property float z
end_header
2016.76 1512.83 3800
2010.28 1512.83 3800
2003.8 1512.83 3800
1979.46 1499.3 3766
1959.41 1488.95 3740
1953.04 1488.95 3740
1946.66 1488.95 3740
1931.99 1482.58 3724
1916.85 1475.81 3707
1894.03 1463.07 3675
1887.77 1463.07 3675
1872.8 1456.3 3658
1883.4 1469.44 3691
1889.83 1479.39 3716
1908.83 1499.3 3766
1902.41 1499.3 3766
1900.02 1502.48 3774
1898.1 1506.07 3783
1891.65 1506.07 3783
1885.21 1506.07 3783
1599.47 1516.42 3809
1592.97 1516.42 3809
1586.48 1516.42 3809
1579.99 1516.42 3809
1559.03 1502.48 3774
1567 1516.42 3809
1560.51 1516.42 3809
1582.98 1544.68 3880
1594.65 1562.6 3925
1587.96 1562.6 3925
1581.27 1562.6 3925
1585.81 1573.75 3953
1579.07 1573.75 3953
1572.33 1573.75 3953
1565.59 1573.75 3953
1562.8 1577.73 3963
1559.57 1581.31 3972
1556.71 1585.29 3982
1549.92 1585.29 3982
1543.13 1585.29 3982
1539.82 1588.87 3991
1536.86 1592.85 4001
1530.04 1592.85 4001
1523.21 1592.85 4001
1519.81 1596.44 4010
1512.97 1596.44 4010
1506.13 1596.44 4010
1495.93 1592.85 4001
1478.32 1581.31 3972
1471.55 1581.31 3972
1451.13 1566.58 3935
1437.45 1559.02 3916
1427.48 1555.43 3907
1420.82 1555.43 3907
1414.16 1555.43 3907
1404.26 1551.85 3898
1397.62 1551.85 3898
1390.97 1551.85 3898
1368.34 1533.93 3853
1349.41 1520 3818
1339.73 1516.42 3809
1333.24 1516.42 3809
1311.77 1499.3 3766
1299.45 1492.53 3749
1293.06 1492.53 3749
1286.67 1492.53 3749
1280.28 1492.53 3749
1270.83 1488.95 3740
1261.75 1485.76 3732
1255.39 1485.76 3732
1243.67 1479.39 3716
1234.34 1475.81 3707
1228.02 1475.81 3707
1221.7 1475.81 3707
1212.76 1472.62 3699
1198.63 1463.07 3675
1192.36 1463.07 3675
1186.1 1463.07 3675
1179.83 1463.07 3675
1176.12 1466.25 3683
1169.84 1466.25 3683
1171.15 1475.81 3707
1164.83 1475.81 3707
1158.51 1475.81 3707
1152.19 1475.81 3707
1145.87 1475.81 3707
1134.63 1469.44 3691
1125.89 1466.25 3683
1114.75 1459.88 3667
1108.5 1459.88 3667
1102.25 1459.88 3667
1100.78 1466.25 3683
1096.88 1469.44 3691
1090.58 1469.44 3691
1084.29 1469.44 3691
1078 1469.44 3691
1071.71 1469.44 3691
1065.41 1469.44 3691
1056.83 1466.25 3683
1048.27 1463.07 3675
1037.18 1456.3 3658
1030.95 1456.3 3658
1024.71 1456.3 3658
1016.25 1453.12 3650
1005.87 1447.14 3635
999.676 1447.14 3635
993.48 1447.14 3635
982.937 1440.78 3619
976.768 1440.78 3619
970.598 1440.78 3619
964.429 1440.78 3619
958.259 1440.78 3619
952.09 1440.78 3619
943.829 1437.59 3611
937.673 1437.59 3611
931.518 1437.59 3611
927.412 1440.78 3619
921.242 1440.78 3619
915.073 1440.78 3619
908.903 1440.78 3619
904.729 1443.96 3627
902.262 1449.93 3642
896.054 1449.93 3642
889.845 1449.93 3642
885.577 1453.12 3650
881.282 1456.3 3658
879.113 1463.07 3675
872.848 1463.07 3675
866.583 1463.07 3675
860.318 1463.07 3675
855.912 1466.25 3683
849.634 1466.25 3683
845.187 1469.44 3691
840.713 1472.62 3699
834.407 1472.62 3699
828.101 1472.62 3699
821.796 1472.62 3699
815.49 1472.62 3699
809.184 1472.62 3699
802.878 1472.62 3699
794.849 1469.44 3691
788.557 1469.44 3691
782.265 1469.44 3691
772.609 1463.07 3675
766.344 1463.07 3675
756.563 1456.3 3658
750.327 1456.3 3658
739.413 1447.14 3635
728.375 1437.59 3611
720.619 1434.41 3603
714.477 1434.41 3603
705.385 1428.43 3588
697.71 1425.25 3580
691.607 1425.25 3580
685.504 1425.25 3580
676.554 1419.28 3565
667.468 1412.91 3549
657.317 1404.15 3527
651.305 1404.15 3527
644.011 1401.36 3520
635.292 1395.39 3505
627.88 1392.21 3497
621.919 1392.21 3497
615.957 1392.21 3497
608.775 1389.42 3490
602.825 1389.42 3490
596.876 1389.42 3490
590.926 1389.42 3490
583.803 1386.63 3483
577.865 1386.63 3483
571.928 1386.63 3483
565.99 1386.63 3483
560.053 1386.63 3483
553.001 1383.84 3476
547.076 1383.84 3476
539.904 1380.66 3468
535.224 1383.84 3476
529.299 1383.84 3476
523.373 1383.84 3476
517.447 1383.84 3476
511.521 1383.84 3476
505.596 1383.84 3476
499.67 1383.84 3476
493.744 1383.84 3476
486.696 1380.66 3468
480.784 1380.66 3468
474.872 1380.66 3468
467.067 1375.09 3454
461.178 1375.09 3454
456.213 1377.87 3461
450.313 1377.87 3461
444.413 1377.87 3461
438.512 1377.87 3461
432.612 1377.87 3461
426.712 1377.87 3461
420.812 1377.87 3461
416.71 1383.84 3476
411.612 1386.63 3483
405.674 1386.63 3483
399.736 1386.63 3483
393.007 1383.84 3476
384.632 1375.09 3454
378.744 1375.09 3454
371.344 1369.51 3440
364.736 1366.73 3433
-14.6928 174.374 438
-15.4395 174.374 438
-16.1862 174.374 438
-16.9328 174.374 438
-17.6392 173.976 437
-18.3841 173.976 437
-19.1291 173.976 437
-19.8286 173.578 436
-20.4775 172.782 434
-21.2174 172.782 434
-21.9066 172.383 433
-22.6448 172.383 433
-23.3829 172.383 433
-24.0097 171.587 431
-24.5722 170.393 428
-25.3018 170.393 428
-25.9706 169.995 427
-26.5735 169.199 425
-27.1696 168.402 423
-27.7588 167.606 421
-28.4765 167.606 421
-29.1249 167.208 420
-29.7698 166.81 419
-30.4113 166.412 418
-31.1239 166.412 418
-31.7603 166.014 417
-32.3934 165.615 416
-33.1025 165.615 416
-33.6492 164.819 414
-34.3549 164.819 414
-35.0607 164.819 414
-35.6801 164.421 413
-36.3841 164.421 413
-37.0882 164.421 413
-37.7007 164.023 412
-38.3099 163.625 411
-38.9156 163.227 410
-39.6146 163.227 410
-40.2152 162.829 409
-40.8124 162.431 408
-41.4062 162.032 407
-42.1 162.032 407
-42.7939 162.032 407
-43.3808 161.634 406
-43.9644 161.236 405
-44.6548 161.236 405
-45.3453 161.236 405
-45.922 160.838 404
-46.4954 160.44 403
-47.1824 160.44 403
-47.8694 160.44 403
-48.5564 160.44 403
-49.1212 160.042 402
-49.8065 160.042 402
-50.4918 160.042 402
-51.0498 159.644 401
-51.7334 159.644 401
-52.2863 159.246 400
-52.9682 159.246 400
-53.6501 159.246 400
-65.4406 156.459 393
-66.1106 156.459 393
-66.7805 156.459 393
-67.4505 156.459 393
-67.9471 156.061 392
-68.7904 156.459 393
-69.4604 156.459 393
-70.1304 156.459 393
-70.8003 156.459 393
-71.4703 156.459 393
-72.1403 156.459 393
-72.8102 156.459 393
-73.4802 156.459 393
-74.1502 156.459 393
-74.8201 156.459 393
-75.4901 156.459 393
-76.1601 156.459 393
-77.0255 156.857 394
-77.6972 156.857 394
-78.5678 157.255 395
-79.6424 158.051 397
-80.3192 158.051 397
-81.2 158.449 398
-81.8784 158.449 398
-82.7644 158.848 399
-83.4446 158.848 399
-84.1248 158.848 399
-84.8049 158.848 399
-85.6994 159.246 400
-86.3813 159.246 400
-87.0632 159.246 400
-87.7451 159.246 400
-88.427 159.246 400
-89.1089 159.246 400
-89.7908 159.246 400
-90.4727 159.246 400
-91.1546 159.246 400
-91.8365 159.246 400
-92.5184 159.246 400
-93.2003 159.246 400
-93.8822 159.246 400
-94.5641 159.246 400
-102.406 168.8 424
-103.129 168.8 424
-103.852 168.8 424
-105.068 169.597 426
-105.794 169.597 426
-106.521 169.597 426
-107.247 169.597 426
-107.973 169.597 426
-108.954 169.995 427
-109.939 170.393 428
-110.669 170.393 428
-111.398 170.393 428
-112.128 170.393 428
-112.858 170.393 428
-113.853 170.791 429
-115.118 171.587 431
-116.122 171.985 432
-116.858 171.985 432
-117.595 171.985 432
-118.605 172.383 433
-119.343 172.383 433
-120.081 172.383 433
-120.82 172.383 433
-121.838 172.782 434
-122.861 173.18 435
-123.602 173.18 435
-125.201 174.374 438
-126.236 174.772 439
-126.984 174.772 439
-128.314 175.568 441
-129.359 175.966 442
-130.407 176.365 443
-131.162 176.365 443
-131.917 176.365 443
-132.972 176.763 444
-133.729 176.763 444
-134.486 176.763 444
-155.167 199.455 501
-156.021 199.455 501
-156.875 199.455 501
-157.729 199.455 501
-158.267 199.057 500
-159.119 199.057 500
-159.971 199.057 500
-160.824 199.057 500
-161.676 199.057 500
-162.854 199.455 501
-163.708 199.455 501
-164.562 199.455 501
-859.805 922.43 2317
-863.754 922.43 2317
-872.573 927.606 2330
-876.545 927.606 2330
-881.651 928.8 2333
-885.628 928.8 2333
-892.274 931.587 2340
-896.263 931.587 2340
-900.252 931.587 2340
-904.241 931.587 2340
-903.185 926.412 2327
-905.592 924.819 2323
-909.553 924.819 2323
-911.153 922.43 2317
-912.733 920.042 2311
-916.673 920.042 2311
-920.613 920.042 2311
-922.952 918.449 2307
-922.064 913.672 2295
-925.976 913.672 2295
-929.889 913.672 2295
-924.85 904.913 2273
-926.273 902.525 2267
-928.907 901.33 2264
-932.766 901.33 2264
-936.626 901.33 2264
-940.485 901.33 2264
-944.345 901.33 2264
-948.204 901.33 2264
-950.802 900.136 2261
-949.168 894.961 2248
-944.098 886.6 2227
-947.894 886.6 2227
-950.409 885.406 2224
-949.48 881.027 2213
-950.668 878.638 2207
-954.431 878.638 2207
-956.891 877.444 2204
-959.34 876.249 2201
-960.467 873.861 2195
-964.209 873.861 2195
-966.628 872.666 2192
-970.365 872.666 2192
-972.768 871.472 2189
-976.5 871.472 2189
-980.232 871.472 2189
-982.615 870.278 2186
-981.378 865.898 2175
-985.086 865.898 2175
-986.066 863.51 2169
-988.851 862.713 2167
-987.049 857.936 2155
-990.723 857.936 2155
-992.089 855.945 2150
-995.755 855.945 2150
-998.025 854.751 2147
-1001.69 854.751 2147
-1001.6 851.566 2139
-1003.84 850.372 2136
-1006.06 849.177 2133
-1009.7 849.177 2133
-1012.38 848.381 2131
-1014.59 847.187 2128
-1018.21 847.187 2128
-1021.84 847.187 2128
-1025.47 847.187 2128
-1027.65 845.993 2125
-1029.81 844.798 2122
-1033.43 844.798 2122
-1036.07 844.002 2120
-1036.74 841.613 2114
-1040.35 841.613 2114
-1043.95 841.613 2114
-1045.08 839.623 2109
-1047.18 838.428 2106
-1050.77 838.428 2106
-1054.36 838.428 2106
-1056.95 837.632 2104
-1054.99 833.253 2093
-1057.54 832.457 2091
-1061.11 832.457 2091
-1064.67 832.457 2091
-1066.71 831.262 2088
-1067.7 829.272 2083
-1069.71 828.077 2080
2044.89 1527.36 3853
2038.32 1527.36 3853
2031.75 1527.36 3853
2002.06 1509.92 3809
1968.32 1489.31 3757
1961.91 1489.31 3757
1955.51 1489.31 3757
1940.29 1482.57 3740
1925.64 1476.22 3724
1902.28 1463.14 3691
1895.99 1463.14 3691
1889.7 1463.14 3691
1896.16 1473.05 3716
1893.89 1476.22 3724
1908.83 1492.87 3766
1902.41 1492.87 3766
1900.02 1496.04 3774
1898.1 1499.61 3783
1891.65 1499.61 3783
1885.21 1499.61 3783
1599.47 1509.92 3809
1603.85 1520.22 3835
1597.31 1520.22 3835
1590.77 1520.22 3835
1573.49 1509.92 3809
1581.4 1523.79 3844
1574.85 1523.79 3844
1601.34 1555.9 3925
1613.74 1574.53 3972
1606.97 1574.53 3972
1600.2 1574.53 3972
1585.81 1567 3953
1579.07 1567 3953
1572.33 1567 3953
1565.59 1567 3953
1566.34 1574.53 3972
1567.03 1582.06 3991
1560.23 1582.06 3991
1553.43 1582.06 3991
1546.62 1582.06 3991
1543.68 1586.03 4001
1540.31 1589.6 4010
1533.48 1589.6 4010
1526.64 1589.6 4010
1523.6 1593.56 4020
1516.74 1593.56 4020
1509.89 1593.56 4020
1503.04 1593.56 4020
1492.46 1589.6 4010
1485.62 1589.6 4010
1464.78 1574.53 3972
1447.73 1563.43 3944
1430.77 1552.33 3916
1424.1 1552.33 3916
1417.42 1552.33 3916
1410.74 1552.33 3916
1404.07 1552.33 3916
1397.39 1552.33 3916
1377.93 1538.06 3880
1361.78 1527.36 3853
1342.9 1513.49 3818
1336.39 1513.49 3818
1326.74 1509.92 3809
1320.25 1509.92 3809
1310.65 1506.35 3800
1304.18 1506.35 3800
1297.7 1506.35 3800
1285.44 1499.61 3783
1267.5 1486.13 3749
1261.11 1486.13 3749
1249.03 1479.39 3732
1242.66 1479.39 3732
1233.65 1476.22 3724
1227.3 1476.22 3724
1215.38 1469.48 3707
1206.45 1466.31 3699
1194.96 1459.97 3683
1188.68 1459.97 3683
1182.4 1459.97 3683
1183.78 1469.48 3707
1177.46 1469.48 3707
1171.15 1469.48 3707
1164.83 1469.48 3707
1158.51 1469.48 3707
1152.19 1469.48 3707
1145.87 1469.48 3707
1134.63 1463.14 3691
1125.89 1459.97 3683
1114.75 1453.63 3667
1108.5 1453.63 3667
1102.25 1453.63 3667
1100.78 1459.97 3683
1096.88 1463.14 3691
1090.58 1463.14 3691
1084.29 1463.14 3691
1078 1463.14 3691
1071.71 1463.14 3691
1065.41 1463.14 3691
1056.83 1459.97 3683
1048.27 1456.8 3675
1037.18 1450.06 3658
1030.95 1450.06 3658
1024.71 1450.06 3658
1016.25 1446.89 3650
1005.87 1440.94 3635
999.676 1440.94 3635
993.48 1440.94 3635
985.11 1437.77 3627
978.927 1437.77 3627
972.744 1437.77 3627
966.561 1437.77 3627
960.378 1437.77 3627
954.194 1437.77 3627
945.92 1434.6 3619
939.751 1434.6 3619
933.581 1434.6 3619
927.412 1434.6 3619
923.279 1437.77 3627
919.118 1440.94 3635
912.922 1440.94 3635
908.471 1443.72 3642
904.244 1446.89 3650
898.022 1446.89 3650
891.8 1446.89 3650
889.702 1453.63 3667
885.378 1456.8 3675
879.113 1456.8 3675
874.748 1459.97 3683
868.47 1459.97 3683
862.191 1459.97 3683
855.912 1459.97 3683
853.325 1466.31 3699
847.019 1466.31 3699
842.531 1469.48 3707
836.212 1469.48 3707
829.892 1469.48 3707
823.573 1469.48 3707
817.253 1469.48 3707
810.934 1469.48 3707
804.614 1469.48 3707
798.295 1469.48 3707
791.975 1469.48 3707
785.656 1469.48 3707
775.973 1463.14 3691
769.68 1463.14 3691
760.079 1456.8 3675
753.814 1456.8 3675
744.091 1450.06 3658
733.216 1440.94 3635
722.219 1431.43 3611
716.063 1431.43 3611
708.334 1428.26 3603
700.633 1425.09 3595
694.505 1425.09 3595
688.376 1425.09 3595
679.401 1419.14 3580
668.972 1410.02 3557
661.417 1406.85 3549
655.367 1406.85 3549
648.036 1404.08 3542
640.548 1400.91 3534
634.524 1400.91 3534
628.499 1400.91 3534
621.241 1398.13 3527
615.229 1398.13 3527
608.007 1395.36 3520
602.006 1395.36 3520
594.651 1392.19 3512
588.664 1392.19 3512
582.677 1392.19 3512
576.69 1392.19 3512
570.703 1392.19 3512
563.59 1389.41 3505
555.229 1383.46 3490
549.279 1383.46 3490
542.24 1380.69 3483
536.302 1380.69 3483
530.364 1380.69 3483
524.427 1380.69 3483
518.489 1380.69 3483
511.521 1377.91 3476
505.596 1377.91 3476
499.67 1377.91 3476
493.744 1377.91 3476
486.696 1374.74 3468
480.784 1374.74 3468
474.872 1374.74 3468
467.067 1369.19 3454
461.178 1369.19 3454
456.213 1371.97 3461
450.313 1371.97 3461
444.413 1371.97 3461
438.512 1371.97 3461
432.612 1371.97 3461
426.712 1371.97 3461
420.812 1371.97 3461
416.71 1377.91 3476
411.612 1380.69 3483
405.674 1380.69 3483
399.736 1380.69 3483
393.007 1377.91 3476
384.632 1369.19 3454
378.744 1369.19 3454
371.344 1363.64 3440
364.736 1360.87 3433
-14.6928 173.627 438
-15.4395 173.627 438
-16.1862 173.627 438
-16.9328 173.627 438
-17.6392 173.23 437
-18.3841 173.23 437
-19.1291 173.23 437
-19.8286 172.834 436
-20.4775 172.041 434
-21.2174 172.041 434
-21.9066 171.645 433
-22.6448 171.645 433
-23.3829 171.645 433
-24.0097 170.852 431
-24.5722 169.663 428
-25.3018 169.663 428
-25.9706 169.266 427
-26.5735 168.473 425
-27.1696 167.681 423
-27.7588 166.888 421
-28.4765 166.888 421
-29.1249 166.491 420
-29.7698 166.095 419
-30.4113 165.699 418
-31.1239 165.699 418
-31.7603 165.302 417
-32.3934 164.906 416
-33.1025 164.906 416
-33.6492 164.113 414
-34.3549 164.113 414
-35.0607 164.113 414
-35.6801 163.717 413
-36.3841 163.717 413
-37.0882 163.717 413
-37.7007 163.32 412
-38.3099 162.924 411
-38.9156 162.527 410
-39.6146 162.527 410
-40.2152 162.131 409
-40.8124 161.734 408
-41.4062 161.338 407
-42.1 161.338 407
-42.7939 161.338 407
-43.3808 160.942 406
-43.9644 160.545 405
-44.6548 160.545 405
-45.3453 160.545 405
-45.922 160.149 404
-46.4954 159.752 403
-47.1824 159.752 403
-47.8694 159.752 403
-48.5564 159.752 403
-49.1212 159.356 402
-49.8065 159.356 402
-50.4918 159.356 402
-51.0498 158.96 401
-51.7334 158.96 401
-52.2863 158.563 400
-52.9682 158.563 400
-53.6501 158.563 400
-65.4406 155.788 393
-66.1106 155.788 393
-66.7805 155.788 393
-67.4505 155.788 393
-68.1205 155.788 393
-68.7904 155.788 393
-69.4604 155.788 393
-70.1304 155.788 393
-70.8003 155.788 393
-71.4703 155.788 393
-72.1403 155.788 393
-72.8102 155.788 393
-73.4802 155.788 393
-74.1502 155.788 393
-74.8201 155.788 393
-75.4901 155.788 393
-76.1601 155.788 393
-77.0255 156.185 394
-77.6972 156.185 394
-78.5678 156.581 395
-79.6424 157.374 397
-80.3192 157.374 397
-81.2 157.77 398
-81.8784 157.77 398
-82.7644 158.167 399
-83.4446 158.167 399
-84.1248 158.167 399
-84.8049 158.167 399
-85.6994 158.563 400
-86.3813 158.563 400
-87.0632 158.563 400
-87.7451 158.563 400
-88.427 158.563 400
-89.1089 158.563 400
-89.7908 158.563 400
-90.4727 158.563 400
-91.1546 158.563 400
-91.8365 158.563 400
-92.5184 158.563 400
-93.2003 158.563 400
-93.8822 158.563 400
-94.5641 158.563 400
-102.406 168.077 424
-103.129 168.077 424
-103.852 168.077 424
-105.068 168.87 426
-105.794 168.87 426
-106.521 168.87 426
-107.247 168.87 426
-107.973 168.87 426
-108.954 169.266 427
-109.939 169.663 428
-110.669 169.663 428
-111.398 169.663 428
-112.128 169.663 428
-112.858 169.663 428
-113.853 170.059 429
-115.118 170.852 431
-116.122 171.248 432
-116.858 171.248 432
-117.595 171.248 432
-118.605 171.645 433
-119.343 171.645 433
-120.081 171.645 433
-120.82 171.645 433
-121.838 172.041 434
-122.861 172.438 435
-123.602 172.438 435
-125.487 174.023 439
-126.523 174.42 440
-127.273 174.42 440
-128.314 174.816 441
-129.359 175.212 442
-130.407 175.609 443
-131.162 175.609 443
-131.917 175.609 443
-132.972 176.005 444
-133.729 176.005 444
-134.486 176.005 444
-155.167 198.6 501
-156.021 198.6 501
-156.875 198.6 501
-157.729 198.6 501
-158.267 198.204 500
-159.119 198.204 500
-159.971 198.204 500
-160.824 198.204 500
-161.676 198.204 500
-162.854 198.6 501
-163.708 198.6 501
-164.562 198.6 501
-859.805 918.477 2317
-863.754 918.477 2317
-872.573 923.631 2330
-876.545 923.631 2330
-881.651 924.82 2333
-885.628 924.82 2333
-892.274 927.595 2340
-896.263 927.595 2340
-900.252 927.595 2340
-904.241 927.595 2340
-903.185 922.442 2327
-905.592 920.856 2323
-909.553 920.856 2323
-911.153 918.477 2317
-912.733 916.099 2311
-916.673 916.099 2311
-920.613 916.099 2311
-922.952 914.513 2307
-922.064 909.756 2295
-925.976 909.756 2295
-929.889 909.756 2295
-924.85 901.035 2273
-927.499 899.846 2270
-928.907 897.468 2264
-932.766 897.468 2264
-936.626 897.468 2264
-940.485 897.468 2264
-944.345 897.468 2264
-948.204 897.468 2264
-950.802 896.279 2261
-949.168 891.125 2248
-944.098 882.801 2227
-947.894 882.801 2227
-950.409 881.611 2224
-949.48 877.251 2213
-950.668 874.872 2207
-954.431 874.872 2207
-956.891 873.683 2204
-959.34 872.494 2201
-960.467 870.116 2195
-964.209 870.116 2195
-966.628 868.926 2192
-970.365 868.926 2192
-972.768 867.737 2189
-976.5 867.737 2189
-980.232 867.737 2189
-982.615 866.548 2186
-981.378 862.188 2175
-985.086 862.188 2175
-986.066 859.809 2169
-988.851 859.016 2167
-987.049 854.259 2155
-990.723 854.259 2155
-992.089 852.277 2150
-995.755 852.277 2150
-998.025 851.088 2147
-1001.69 851.088 2147
-1001.6 847.917 2139
-1003.84 846.728 2136
-1006.06 845.538 2133
-1009.7 845.538 2133
-1012.38 844.746 2131
-1014.59 843.556 2128
-1018.21 843.556 2128
-1021.84 843.556 2128
-1025.47 843.556 2128
-1027.65 842.367 2125
-1029.81 841.178 2122
-1033.43 841.178 2122
-1036.07 840.385 2120
-1036.74 838.007 2114
-1040.35 838.007 2114
-1043.95 838.007 2114
-1045.08 836.025 2109
-1047.18 834.835 2106
-1050.77 834.835 2106
-1054.36 834.835 2106
-1056.95 834.043 2104
-1054.99 829.682 2093
-1057.54 828.889 2091
-1061.11 828.889 2091
-1064.67 828.889 2091
-1066.71 827.7 2088
-1067.7 825.718 2083
-1069.71 824.529 2080
2044.89 1520.79 3853
2038.32 1520.79 3853
2031.75 1520.79 3853
2002.06 1503.42 3809
2004.47 1510.13 3826
1997.95 1510.13 3826
1991.42 1510.13 3826
1984.9 1510.13 3826
1951.49 1489.61 3774
1945.06 1489.61 3774
1925.78 1479.74 3749
1906.59 1469.87 3724
1900.24 1469.87 3724
1906.61 1479.74 3749
1908.83 1486.45 3766
1902.41 1486.45 3766
1904.55 1493.16 3783
1924.19 1513.68 3835
1917.66 1513.68 3835
1911.12 1513.68 3835
1603.85 1513.68 3835
1597.31 1513.68 3835
1590.77 1513.68 3835
1573.49 1503.42 3809
1581.4 1517.23 3844
1574.85 1517.23 3844
1601.34 1549.21 3925
1613.74 1567.76 3972
1606.97 1567.76 3972
1600.2 1567.76 3972
1585.81 1560.26 3953
1579.07 1560.26 3953
1572.33 1560.26 3953
1565.59 1560.26 3953
1566.34 1567.76 3972
1567.03 1575.26 3991
1564.14 1579.2 4001
1557.32 1579.2 4001
1550.5 1579.2 4001
1543.68 1579.2 4001
1540.31 1582.75 4010
1533.48 1582.75 4010
1526.64 1582.75 4010
1527.39 1590.65 4030
1520.51 1590.65 4030
1513.64 1590.65 4030
1506.77 1590.65 4030
1496.18 1586.7 4020
1489.33 1586.7 4020
1468.46 1571.7 3982
1451.03 1560.26 3953
1444.29 1560.26 3953
1437.55 1560.26 3953
1430.81 1560.26 3953
1420.83 1556.7 3944
1414.11 1556.7 3944
1407.39 1556.7 3944
1390.72 1545.65 3916
1371.32 1531.44 3880
1348.88 1513.68 3835
1342.34 1513.68 3835
1329.88 1506.97 3818
1323.37 1506.97 3818
1313.76 1503.42 3809
1307.26 1503.42 3809
1300.77 1503.42 3809
1291.22 1499.87 3800
1278.99 1493.16 3783
1272.54 1493.16 3783
1254.72 1479.74 3749
1248.33 1479.74 3749
1238.95 1476.19 3740
1232.58 1476.19 3740
1220.96 1469.87 3724
1212 1466.71 3716
1202.74 1463.16 3707
1196.42 1463.16 3707
1190.1 1463.16 3707
1183.78 1463.16 3707
1180.32 1466.71 3716
1173.99 1466.71 3716
1167.65 1466.71 3716
1161.32 1466.71 3716
1154.98 1466.71 3716
1148.65 1466.71 3716
1139.55 1463.16 3707
1125.89 1453.69 3683
1114.75 1447.37 3667
1113.33 1453.69 3683
1107.06 1453.69 3683
1105.56 1460 3699
1099.25 1460 3699
1095.31 1463.16 3707
1088.99 1463.16 3707
1082.67 1463.16 3707
1071.71 1456.84 3691
1065.41 1456.84 3691
1056.83 1453.69 3683
1048.27 1450.53 3675
1039.73 1447.37 3667
1033.48 1447.37 3667
1024.71 1443.82 3658
1016.25 1440.66 3650
1007.81 1437.5 3642
1001.6 1437.5 3642
993.48 1434.74 3635
985.11 1431.58 3627
978.927 1431.58 3627
972.744 1431.58 3627
966.561 1431.58 3627
960.378 1431.58 3627
954.194 1431.58 3627
945.92 1428.43 3619
939.751 1428.43 3619
933.581 1428.43 3619
927.412 1428.43 3619
923.279 1431.58 3627
919.118 1434.74 3635
912.922 1434.74 3635
908.471 1437.5 3642
904.244 1440.66 3650
898.022 1440.66 3650
891.8 1440.66 3650
889.702 1447.37 3667
885.378 1450.53 3675
879.113 1450.53 3675
874.748 1453.69 3683
868.47 1453.69 3683
869.916 1466.71 3716
863.581 1466.71 3716
859.092 1469.87 3724
852.744 1469.87 3724
848.213 1473.03 3732
841.851 1473.03 3732
835.489 1473.03 3732
827.35 1469.87 3724
821.001 1469.87 3724
814.653 1469.87 3724
808.304 1469.87 3724
801.956 1469.87 3724
795.607 1469.87 3724
789.259 1469.87 3724
781.229 1466.71 3716
771.349 1460 3699
765.043 1460 3699
757.096 1456.84 3691
745.922 1447.37 3667
736.241 1440.66 3650
727.019 1434.74 3635
720.822 1434.74 3635
714.626 1434.74 3635
706.87 1431.58 3627
696.05 1422.11 3603
689.908 1422.11 3603
682.247 1418.95 3595
671.793 1409.88 3572
664.399 1407.11 3565
658.322 1407.11 3565
649.317 1400.8 3549
641.998 1398.03 3542
635.96 1398.03 3542
629.922 1398.03 3542
623.883 1398.03 3542
616.45 1394.88 3534
610.425 1394.88 3534
604.401 1394.88 3534
596.006 1389.35 3520
588.664 1386.19 3512
582.677 1386.19 3512
576.69 1386.19 3512
570.703 1386.19 3512
563.59 1383.43 3505
556.342 1380.27 3497
550.381 1380.27 3497
542.24 1374.75 3483
537.38 1377.51 3490
531.43 1377.51 3490
525.481 1377.51 3490
519.531 1377.51 3490
511.521 1371.98 3476
505.596 1371.98 3476
499.67 1371.98 3476
493.744 1371.98 3476
487.819 1371.98 3476
480.784 1368.83 3468
474.872 1368.83 3468
468.013 1366.06 3461
462.113 1366.06 3461
458.19 1371.98 3476
452.264 1371.98 3476
446.339 1371.98 3476
440.413 1371.98 3476
433.487 1368.83 3468
428.562 1371.98 3476
422.636 1371.98 3476
418.388 1377.51 3490
412.439 1377.51 3490
406.489 1377.51 3490
400.54 1377.51 3490
393.799 1374.75 3483
387.082 1371.98 3476
381.156 1371.98 3476
375.23 1371.98 3476
366.223 1360.54 3447
-9.57411 174.853 443
-10.3293 174.853 443
-11.0845 174.853 443
-11.8397 174.853 443
-12.5381 174.064 441
-13.2899 174.064 441
-13.978 173.274 439
-14.7263 173.274 439
-15.4747 173.274 439
-16.2231 173.274 439
-16.9328 172.879 438
-17.6392 172.485 437
-18.3841 172.485 437
-19.1291 172.485 437
-19.8286 172.09 436
-20.4775 171.301 434
-21.2174 171.301 434
-21.9572 171.301 434
-22.6448 170.906 433
-23.3829 170.906 433
-24.0097 170.117 431
-24.5722 168.932 428
-25.3018 168.932 428
-25.9706 168.538 427
-26.5735 167.748 425
-27.1696 166.959 423
-27.7588 166.17 421
-28.4765 166.17 421
-29.0555 165.38 419
-29.7698 165.38 419
-30.4113 164.985 418
-31.1239 164.985 418
-31.7603 164.591 417
-32.3934 164.196 416
-33.023 163.801 415
-33.6492 163.407 414
-34.3549 163.407 414
-35.0607 163.407 414
-35.6801 163.012 413
-36.296 162.617 412
-36.9984 162.617 412
-37.7007 162.617 412
-38.3099 162.222 411
-38.9156 161.828 410
-39.6146 161.828 410
-40.2152 161.433 409
-40.8124 161.038 408
-41.4062 160.644 407
-42.1 160.644 407
-42.7939 160.644 407
-43.3808 160.249 406
-43.9644 159.854 405
-44.6548 159.854 405
-45.3453 159.854 405
-45.922 159.46 404
-46.4954 159.065 403
-47.1824 159.065 403
-47.8694 159.065 403
-48.5564 159.065 403
-49.2434 159.065 403
-49.9304 159.065 403
-50.6174 159.065 403
-51.3045 159.065 403
-51.9915 159.065 403
-52.2863 157.881 400
-52.9682 157.881 400
-53.6501 157.881 400
-66.1106 155.118 393
-66.7805 155.118 393
-67.4505 155.118 393
-68.1205 155.118 393
-68.7904 155.118 393
-69.4604 155.118 393
-70.1304 155.118 393
-70.8003 155.118 393
-71.4703 155.118 393
-72.1403 155.118 393
-72.8102 155.118 393
-73.6672 155.513 394
-74.3388 155.513 394
-75.0105 155.513 394
-75.6822 155.513 394
-76.3539 155.513 394
-77.221 155.907 395
-77.8944 155.907 395
-78.7667 156.302 396
-79.843 157.091 398
-80.5215 157.091 398
-81.2 157.091 398
-82.0842 157.486 399
-82.7644 157.486 399
-83.4446 157.486 399
-84.1248 157.486 399
-85.0175 157.881 400
-85.6994 157.881 400
-86.3813 157.881 400
-87.0632 157.881 400
-87.7451 157.881 400
-88.427 157.881 400
-89.1089 157.881 400
-89.7908 157.881 400
-90.4727 157.881 400
-91.1546 157.881 400
-91.8365 157.881 400
-92.5184 157.881 400
-93.2003 157.881 400
-93.8822 157.881 400
-94.5641 157.881 400
-102.406 167.354 424
-103.129 167.354 424
-103.852 167.354 424
-104.821 167.748 425
-105.794 168.143 426
-106.521 168.143 426
-107.247 168.143 426
-107.973 168.143 426
-108.954 168.538 427
-109.939 168.932 428
-110.669 168.932 428
-111.398 168.932 428
-112.128 168.932 428
-112.858 168.932 428
-113.853 169.327 429
-115.118 170.117 431
-116.122 170.511 432
-116.858 170.511 432
-117.595 170.511 432
-118.605 170.906 433
-119.343 170.906 433
-120.081 170.906 433
-121.099 171.301 434
-121.838 171.301 434
-122.861 171.695 435
-123.602 171.695 435
-125.487 173.274 439
-126.523 173.669 440
-127.273 173.669 440
-128.314 174.064 441
-129.359 174.458 442
-130.407 174.853 443
-131.162 174.853 443
-132.215 175.248 444
-133.271 175.642 445
-134.03 175.642 445
-134.788 175.642 445
-155.167 197.746 501
-156.021 197.746 501
-156.875 197.746 501
-157.729 197.746 501
-859.805 914.524 2317
-863.754 914.524 2317
-873.696 920.84 2333
-877.673 920.84 2333
-881.651 920.84 2333
-885.628 920.84 2333
-892.274 923.603 2340
-896.263 923.603 2340
-900.252 923.603 2340
-904.241 923.603 2340
-903.185 918.471 2327
-905.592 916.893 2323
-909.553 916.893 2323
-911.153 914.524 2317
-912.733 912.156 2311
-915.087 910.577 2307
-919.019 910.577 2307
-921.752 909.393 2304
-922.064 905.841 2295
-924.766 904.657 2292
-928.673 904.657 2292
-924.85 897.157 2273
-927.499 895.973 2270
-928.907 893.605 2264
-932.766 893.605 2264
-935.385 892.421 2261
-939.239 892.421 2261
-943.094 892.421 2261
-946.948 892.421 2261
-949.12 890.842 2257
-946.635 884.922 2242
-944.098 879.001 2227
-947.894 879.001 2227
-947.844 875.449 2218
-949.48 873.475 2213
-950.668 871.107 2207
-954.431 871.107 2207
-956.891 869.923 2204
-959.34 868.739 2201
-960.467 866.371 2195
-964.209 866.371 2195
-966.628 865.187 2192
-970.365 865.187 2192
-972.768 864.003 2189
-976.5 864.003 2189
-980.232 864.003 2189
-982.615 862.818 2186
-981.378 858.477 2175
-985.086 858.477 2175
-986.066 856.109 2169
-988.851 855.319 2167
-987.049 850.583 2155
-990.723 850.583 2155
-992.089 848.609 2150
-995.755 848.609 2150
-998.025 847.425 2147
-1001.69 847.425 2147
-1001.6 844.267 2139
-1003.84 843.083 2136
-1006.06 841.899 2133
-1009.7 841.899 2133
-1012.38 841.11 2131
-1014.59 839.926 2128
-1018.21 839.926 2128
-1021.84 839.926 2128
-1025.47 839.926 2128
-1027.65 838.742 2125
-1028.84 836.768 2120
-1032.46 836.768 2120
-1034.61 835.584 2117
-1036.74 834.4 2114
-1039.36 833.611 2112
-1042.96 833.611 2112
-1045.08 832.426 2109
-1047.18 831.242 2106
-1050.77 831.242 2106
-1054.36 831.242 2106
-1056.95 830.453 2104
-1056.5 827.295 2096
-1057.54 825.322 2091
-1061.11 825.322 2091
-1063.15 824.138 2088
-1065.17 822.954 2085
-1066.17 820.98 2080
-1069.71 820.98 2080
2044.89 1514.21 3853
2038.32 1514.21 3853
2031.75 1514.21 3853
2025.18 1514.21 3853
2018.61 1514.21 3853
2012.05 1514.21 3853
2005.48 1514.21 3853
1994.24 1510.68 3844
1978.38 1503.6 3826
1971.86 1503.6 3826
1938.62 1483.17 3774
1919.39 1473.34 3749
1913 1473.34 3749
1915.25 1480.02 3766
1908.83 1480.02 3766
1902.41 1480.02 3766
1926.2 1503.6 3826
1928.71 1510.68 3844
1922.16 1510.68 3844
1915.6 1510.68 3844
1607.61 1510.68 3844
1601.06 1510.68 3844
1594.5 1510.68 3844
1587.95 1510.68 3844
1596.21 1524.82 3880
1589.59 1524.82 3880
1605.42 1546.44 3935
1625.53 1572.38 4001
1618.7 1572.38 4001
1611.88 1572.38 4001
1593.43 1560.98 3972
1579.07 1553.51 3953
1572.33 1553.51 3953
1565.59 1553.51 3953
1566.34 1560.98 3972
1567.03 1568.45 3991
1564.14 1572.38 4001
1557.32 1572.38 4001
1550.5 1572.38 4001
1543.68 1572.38 4001
1540.31 1575.91 4010
1533.48 1575.91 4010
1526.64 1575.91 4010
1527.39 1583.77 4030
1520.51 1583.77 4030
1513.64 1583.77 4030
1506.77 1583.77 4030
1496.18 1579.84 4020
1489.33 1579.84 4020
1468.46 1564.91 3982
1451.03 1553.51 3953
1444.29 1553.51 3953
1437.55 1553.51 3953
1430.81 1553.51 3953
1420.83 1549.98 3944
1414.11 1549.98 3944
1407.39 1549.98 3944
1400.66 1549.98 3944
1384.04 1538.97 3916
1361.54 1521.29 3871
1354.94 1521.29 3871
1335.8 1507.14 3835
1329.26 1507.14 3835
1322.73 1507.14 3835
1316.19 1507.14 3835
1306.58 1503.6 3826
1294.28 1496.92 3809
1278.99 1486.7 3783
1272.54 1486.7 3783
1257.39 1476.49 3757
1248.33 1473.34 3749
1238.95 1469.8 3740
1232.58 1469.8 3740
1220.96 1463.52 3724
1212 1460.37 3716
1205.66 1460.37 3716
1199.33 1460.37 3716
1192.99 1460.37 3716
1186.66 1460.37 3716
1180.32 1460.37 3716
1173.99 1460.37 3716
1167.65 1460.37 3716
1161.32 1460.37 3716
1154.98 1460.37 3716
1148.65 1460.37 3716
1139.55 1456.84 3707
1128.34 1450.55 3691
1119.61 1447.4 3683
1115.75 1450.55 3691
1109.46 1450.55 3691
1107.95 1456.84 3707
1101.63 1456.84 3707
1095.31 1456.84 3707
1088.99 1456.84 3707
1082.67 1456.84 3707
1071.71 1450.55 3691
1065.41 1450.55 3691
1056.83 1447.4 3683
1048.27 1444.26 3675
1039.73 1441.12 3667
1033.48 1441.12 3667
1024.71 1437.58 3658
1016.25 1434.43 3650
1010.02 1434.43 3650
1003.8 1434.43 3650
993.48 1428.54 3635
987.283 1428.54 3635
981.086 1428.54 3635
976.767 1431.29 3642
970.558 1431.29 3642
964.349 1431.29 3642
958.141 1431.29 3642
951.932 1431.29 3642
943.906 1428.54 3635
937.709 1428.54 3635
931.512 1428.54 3635
927.097 1431.29 3642
920.889 1431.29 3642
916.689 1434.43 3650
912.462 1437.58 3658
912.42 1447.4 3683
906.141 1447.4 3683
899.862 1447.4 3683
895.525 1450.55 3691
891.16 1453.69 3699
884.854 1453.69 3699
880.448 1456.84 3707
874.129 1456.84 3707
869.916 1460.37 3716
863.581 1460.37 3716
859.092 1463.52 3724
852.744 1463.52 3724
848.213 1466.66 3732
841.851 1466.66 3732
835.489 1466.66 3732
827.35 1463.52 3724
821.001 1463.52 3724
814.653 1463.52 3724
808.304 1463.52 3724
801.956 1463.52 3724
795.607 1463.52 3724
789.259 1463.52 3724
781.229 1460.37 3716
771.349 1453.69 3699
765.043 1453.69 3699
757.096 1450.55 3691
745.922 1441.12 3667
736.241 1434.43 3650
727.019 1428.54 3635
720.822 1428.54 3635
714.626 1428.54 3635
706.87 1425.4 3627
696.05 1415.96 3603
689.908 1415.96 3603
682.247 1412.82 3595
673.298 1406.93 3580
665.704 1403.78 3572
659.615 1403.78 3572
650.781 1397.89 3557
643.267 1394.74 3549
637.217 1394.74 3549
631.167 1394.74 3549
625.116 1394.74 3549
617.845 1391.99 3542
610.425 1388.85 3534
604.401 1388.85 3534
596.006 1383.35 3520
588.664 1380.2 3512
582.677 1380.2 3512
576.69 1380.2 3512
570.703 1380.2 3512
563.59 1377.45 3505
556.342 1374.31 3497
550.381 1374.31 3497
542.24 1368.8 3483
537.38 1371.56 3490
531.43 1371.56 3490
525.481 1371.56 3490
519.531 1371.56 3490
512.552 1368.8 3483
505.596 1366.05 3476
500.676 1368.8 3483
494.739 1368.8 3483
488.801 1368.8 3483
481.893 1366.05 3476
475.967 1366.05 3476
468.96 1362.91 3468
464.116 1366.05 3476
459.113 1368.8 3483
453.175 1368.8 3483
447.237 1368.8 3483
441.3 1368.8 3483
434.487 1366.05 3476
429.425 1368.8 3483
423.487 1368.8 3483
418.388 1371.56 3490
412.439 1371.56 3490
406.489 1371.56 3490
400.54 1371.56 3490
393.799 1368.8 3483
387.082 1366.05 3476
381.156 1366.05 3476
375.23 1366.05 3476
366.967 1357.41 3454
360.347 1354.66 3447
354.471 1354.66 3447
-9.57411 174.097 443
-10.3293 174.097 443
-11.0845 174.097 443
-11.8397 174.097 443
-12.5949 174.097 443
-13.32 173.704 442
-14.0098 172.918 440
-14.7599 172.918 440
-15.4747 172.525 439
-16.2231 172.525 439
-16.9715 172.525 439
-17.6795 172.132 438
-18.3841 171.739 437
-19.1291 171.739 437
-19.8286 171.346 436
-20.5247 170.953 435
-21.2174 170.56 434
-21.9572 170.56 434
-22.6448 170.167 433
-23.3829 170.167 433
-24.0097 169.381 431
-24.5722 168.202 428
-25.3018 168.202 428
-25.9706 167.809 427
-26.511 166.63 424
-27.1053 165.844 422
-27.7588 165.451 421
-28.4765 165.451 421
-29.0555 164.665 419
-29.7698 164.665 419
-30.4113 164.272 418
-31.1239 164.272 418
-31.7603 163.879 417
-32.3934 163.486 416
-33.023 163.093 415
-33.6492 162.7 414
-34.3549 162.7 414
-35.0607 162.7 414
-35.6801 162.307 413
-36.296 161.914 412
-36.9984 161.914 412
-37.7007 161.914 412
-38.3099 161.521 411
-38.9156 161.128 410
-39.6146 161.128 410
-40.2152 160.735 409
-40.8124 160.342 408
-41.4062 159.949 407
-42.1 159.949 407
-42.7939 159.949 407
-43.3808 159.556 406
-43.9644 159.163 405
-44.6548 159.163 405
-45.3453 159.163 405
-45.922 158.77 404
-46.4954 158.377 403
-47.1824 158.377 403
-47.8694 158.377 403
-48.5564 158.377 403
-49.2434 158.377 403
-49.9304 158.377 403
-50.6174 158.377 403
-51.3045 158.377 403
-51.9915 158.377 403
-66.1106 154.447 393
-66.7805 154.447 393
-67.4505 154.447 393
-68.1205 154.447 393
-68.7904 154.447 393
-69.4604 154.447 393
-70.1304 154.447 393
-70.8003 154.447 393
-71.4703 154.447 393
-72.1403 154.447 393
-72.9955 154.84 394
-73.6672 154.84 394
-74.3388 154.84 394
-75.0105 154.84 394
-75.6822 154.84 394
-76.3539 154.84 394
-77.221 155.233 395
-77.8944 155.233 395
-78.7667 155.626 396
-79.843 156.412 398
-80.5215 156.412 398
-81.404 156.805 399
-82.0842 156.805 399
-82.7644 156.805 399
-83.4446 156.805 399
-84.1248 156.805 399
-85.0175 157.198 400
-85.6994 157.198 400
-86.3813 157.198 400
-87.0632 157.198 400
-87.7451 157.198 400
-88.427 157.198 400
-89.1089 157.198 400
-89.7908 157.198 400
-90.6989 157.591 401
-91.3825 157.591 401
-92.0661 157.591 401
-92.7497 157.591 401
-93.4333 157.591 401
-94.1169 157.591 401
-101.204 165.844 422
-102.165 166.237 423
-103.129 166.63 424
-103.852 166.63 424
-104.821 167.023 425
-105.794 167.416 426
-106.521 167.416 426
-107.247 167.416 426
-107.973 167.416 426
-108.954 167.809 427
-109.682 167.809 427
-110.669 168.202 428
-111.398 168.202 428
-112.128 168.202 428
-112.858 168.202 428
-113.853 168.595 429
-115.118 169.381 431
-116.122 169.774 432
-116.858 169.774 432
-117.595 169.774 432
-118.605 170.167 433
-119.343 170.167 433
-120.081 170.167 433
-121.099 170.56 434
-121.838 170.56 434
-122.861 170.953 435
-123.602 170.953 435
-125.487 172.525 439
-126.523 172.918 440
-127.273 172.918 440
-128.314 173.311 441
-129.359 173.704 442
-130.407 174.097 443
-131.162 174.097 443
-132.215 174.49 444
-133.271 174.883 445
-134.03 174.883 445
-134.788 174.883 445
-873.696 916.859 2333
-877.673 916.859 2333
-881.651 916.859 2333
-884.489 915.68 2330
-888.461 915.68 2330
-892.433 915.68 2330
-896.405 915.68 2330
-900.377 915.68 2330
-903.185 914.501 2327
-904.423 911.75 2320
-908.378 911.75 2320
-909.974 909.392 2314
-912.733 908.213 2311
-913.897 905.462 2304
-917.824 905.462 2304
-918.151 901.925 2295
-922.064 901.925 2295
-924.766 900.746 2292
-928.673 900.746 2292
-924.85 893.28 2273
-927.499 892.101 2270
-928.907 889.743 2264
-932.766 889.743 2264
-935.385 888.564 2261
-939.239 888.564 2261
-941.425 886.992 2257
-945.273 886.992 2257
-949.12 886.992 2257
-945.368 879.918 2239
-942.826 874.023 2224
-946.617 874.023 2224
-947.844 871.665 2218
-949.48 869.7 2213
-950.668 867.342 2207
-954.431 867.342 2207
-956.891 866.163 2204
-959.34 864.984 2201
-960.467 862.626 2195
-964.209 862.626 2195
-966.628 861.447 2192
-970.365 861.447 2192
-972.768 860.268 2189
-976.5 860.268 2189
-980.232 860.268 2189
-982.615 859.089 2186
-981.378 854.766 2175
-985.086 854.766 2175
-986.066 852.408 2169
-988.851 851.622 2167
-987.049 846.906 2155
-990.723 846.906 2155
-992.089 844.941 2150
-995.755 844.941 2150
-998.025 843.762 2147
-1001.69 843.762 2147
-1001.6 840.618 2139
-1003.84 839.439 2136
-1005.12 837.474 2131
-1008.75 837.474 2131
-1012.38 837.474 2131
-1014.59 836.295 2128
-1018.21 836.295 2128
-1021.84 836.295 2128
-1024.02 835.116 2125
-1027.65 835.116 2125
-1028.84 833.151 2120
-1032.46 833.151 2120
-1034.61 831.972 2117
-1036.74 830.793 2114
-1039.36 830.007 2112
-1042.96 830.007 2112
-1045.08 828.828 2109
-1047.18 827.649 2106
-1050.77 827.649 2106
-1054.36 827.649 2106
-1056.95 826.863 2104
-1056.5 823.719 2096
-1058.56 822.54 2093
-1062.12 822.54 2093
-1063.15 820.575 2088
-1065.17 819.396 2085
-1066.17 817.431 2080
-1069.71 817.431 2080
2052.6 1518.2 3880
2045.99 1518.2 3880
2039.37 1518.2 3880
2018.61 1507.64 3853
2012.05 1507.64 3853
2005.48 1507.64 3853
1994.24 1504.12 3844
1978.38 1497.07 3826
1971.86 1497.07 3826
1938.62 1476.73 3774
1919.39 1466.95 3749
1913 1466.95 3749
1915.25 1473.6 3766
1908.83 1473.6 3766
1902.41 1473.6 3766
1926.2 1497.07 3826
1928.71 1504.12 3844
1922.16 1504.12 3844
1915.6 1504.12 3844
1607.61 1504.12 3844
1601.06 1504.12 3844
1594.5 1504.12 3844
1587.95 1504.12 3844
1596.21 1518.2 3880
1589.59 1518.2 3880
1605.42 1539.73 3935
1625.53 1565.55 4001
1618.7 1565.55 4001
1611.88 1565.55 4001
1593.43 1554.2 3972
1579.07 1546.77 3953
1572.33 1546.77 3953
1562.03 1543.25 3944
1566.34 1554.2 3972
1567.03 1561.64 3991
1564.14 1565.55 4001
1557.32 1565.55 4001
1550.5 1565.55 4001
1547.15 1569.07 4010
1544.15 1572.98 4020
1537.3 1572.98 4020
1534.26 1576.9 4030
1534.59 1584.33 4049
1527.68 1584.33 4049
1520.78 1584.33 4049
1513.88 1584.33 4049
1503.25 1580.42 4039
1496.37 1580.42 4039
1475.47 1565.55 4001
1461.67 1558.12 3982
1451.23 1554.2 3972
1444.46 1554.2 3972
1437.69 1554.2 3972
1430.92 1554.2 3972
1420.92 1550.68 3963
1414.17 1550.68 3963
1400.66 1543.25 3944
1384.04 1532.29 3916
1361.54 1514.68 3871
1354.94 1514.68 3871
1335.8 1500.6 3835
1329.26 1500.6 3835
1322.73 1500.6 3835
1316.19 1500.6 3835
1306.58 1497.07 3826
1294.28 1490.42 3809
1278.99 1480.25 3783
1272.54 1480.25 3783
1257.39 1470.08 3757
1248.33 1466.95 3749
1238.95 1463.42 3740
1232.58 1463.42 3740
1220.96 1457.16 3724
1212 1454.03 3716
1205.66 1454.03 3716
1199.33 1454.03 3716
1192.99 1454.03 3716
1186.66 1454.03 3716
1182.86 1457.16 3724
1179.04 1460.29 3732
1172.68 1460.29 3732
1166.32 1460.29 3732
1159.96 1460.29 3732
1153.6 1460.29 3732
1142.31 1454.03 3716
1133.23 1450.51 3707
1122.04 1444.25 3691
1118.17 1447.38 3699
1111.87 1447.38 3699
1113.03 1457.16 3724
1106.68 1457.16 3724
1100.33 1457.16 3724
1091.64 1454.03 3716
1085.3 1454.03 3716
1076.35 1450.51 3707
1070.03 1450.51 3707
1059.12 1444.25 3691
1050.55 1441.12 3683
1039.73 1434.86 3667
1033.48 1434.86 3667
1027.23 1434.86 3667
1016.25 1428.21 3650
1010.02 1428.21 3650
1003.8 1428.21 3650
995.393 1425.08 3642
989.184 1425.08 3642
985.135 1428.21 3650
978.912 1428.21 3650
972.69 1428.21 3650
966.468 1428.21 3650
960.245 1428.21 3650
954.023 1428.21 3650
945.723 1425.08 3642
939.515 1425.08 3642
933.306 1425.08 3642
929.134 1428.21 3650
922.911 1428.21 3650
918.698 1431.34 3658
918.698 1441.12 3683
914.402 1444.25 3691
908.109 1444.25 3691
903.772 1447.38 3699
897.466 1447.38 3699
893.087 1450.51 3707
886.768 1450.51 3707
882.586 1454.03 3716
878.138 1457.16 3724
871.789 1457.16 3724
865.441 1457.16 3724
860.938 1460.29 3732
854.576 1460.29 3732
850.032 1463.42 3740
843.656 1463.42 3740
837.28 1463.42 3740
830.904 1463.42 3740
824.529 1463.42 3740
818.153 1463.42 3740
811.777 1463.42 3740
805.401 1463.42 3740
799.026 1463.42 3740
790.954 1460.29 3732
782.91 1457.16 3724
774.894 1454.03 3716
768.559 1454.03 3716
760.378 1450.51 3707
749.176 1441.12 3683
739.671 1434.86 3667
733.419 1434.86 3667
723.797 1428.21 3650
716.002 1425.08 3642
708.429 1422.34 3635
700.686 1419.21 3627
694.503 1419.21 3627
683.766 1409.82 3603
673.298 1400.82 3580
665.704 1397.69 3572
659.615 1397.69 3572
650.781 1391.82 3557
643.267 1388.69 3549
637.217 1388.69 3549
631.167 1388.69 3549
625.116 1388.69 3549
617.845 1385.95 3542
610.425 1382.82 3534
604.401 1382.82 3534
596.006 1377.34 3520
588.664 1374.21 3512
582.677 1374.21 3512
576.69 1374.21 3512
570.703 1374.21 3512
563.59 1371.47 3505
556.342 1368.34 3497
550.381 1368.34 3497
542.24 1362.86 3483
537.38 1365.6 3490
531.43 1365.6 3490
526.535 1368.34 3497
520.573 1368.34 3497
514.612 1368.34 3497
507.632 1365.6 3490
501.682 1365.6 3490
495.733 1365.6 3490
489.783 1365.6 3490
482.863 1362.86 3483
476.926 1362.86 3483
470.988 1362.86 3483
465.985 1365.6 3490
460.035 1365.6 3490
454.086 1365.6 3490
448.136 1365.6 3490
442.187 1365.6 3490
436.237 1365.6 3490
430.288 1365.6 3490
424.338 1365.6 3490
418.388 1365.6 3490
412.439 1365.6 3490
406.489 1365.6 3490
400.54 1365.6 3490
393.799 1362.86 3483
387.082 1360.12 3476
381.156 1360.12 3476
375.23 1360.12 3476
367.711 1354.25 3461
361.811 1354.25 3461
355.911 1354.25 3461
-8.8189 173.341 443
-9.57411 173.341 443
-10.3293 173.341 443
-11.0845 173.341 443
-11.8397 173.341 443
-12.5949 173.341 443
-13.32 172.95 442
-14.0416 172.559 441
-14.7599 172.167 440
-15.51 172.167 440
-16.2601 172.167 440
-16.9715 171.776 439
-17.6795 171.385 438
-18.3841 170.994 437
-19.1291 170.994 437
-19.8286 170.602 436
-20.5247 170.211 435
-21.2174 169.82 434
-21.9572 169.82 434
-22.6448 169.428 433
-23.3829 169.428 433
-24.0097 168.646 431
-24.5722 167.472 428
-25.3018 167.472 428
-25.9706 167.081 427
-26.511 165.907 424
-27.1053 165.124 422
-27.7588 164.733 421
-28.4765 164.733 421
-29.0555 163.95 419
-29.7698 163.95 419
-30.4113 163.559 418
-31.1239 163.559 418
-31.7603 163.168 417
-32.3934 162.777 416
-33.023 162.385 415
-33.6492 161.994 414
-34.3549 161.994 414
-35.0607 161.994 414
-35.6801 161.603 413
-36.296 161.211 412
-36.9984 161.211 412
-37.7007 161.211 412
-38.3099 160.82 411
-38.9156 160.429 410
-39.6146 160.429 410
-40.2152 160.037 409
-40.8124 159.646 408
-41.4062 159.255 407
-42.1 159.255 407
-42.7939 159.255 407
-43.3808 158.864 406
-43.9644 158.472 405
-44.6548 158.472 405
-45.3453 158.472 405
-46.0357 158.472 405
-46.4954 157.69 403
-47.1824 157.69 403
-47.8694 157.69 403
-48.5564 157.69 403
-49.2434 157.69 403
-49.9304 157.69 403
-50.6174 157.69 403
-51.3045 157.69 403
-51.9915 157.69 403
-66.1106 153.777 393
-66.7805 153.777 393
-67.4505 153.777 393
-68.1205 153.777 393
-68.7904 153.777 393
-69.4604 153.777 393
-70.1304 153.777 393
-70.8003 153.777 393
-71.4703 153.777 393
-72.1403 153.777 393
-72.9955 154.168 394
-73.6672 154.168 394
-74.3388 154.168 394
-75.0105 154.168 394
-75.6822 154.168 394
-76.5476 154.559 395
-77.4165 154.951 396
-78.0916 154.951 396
-78.9656 155.342 397
-79.843 155.733 398
-80.5215 155.733 398
-81.404 156.125 399
-82.0842 156.125 399
-82.7644 156.125 399
-83.4446 156.125 399
-84.3356 156.516 400
-85.0175 156.516 400
-85.6994 156.516 400
-86.3813 156.516 400
-87.0632 156.516 400
-87.7451 156.516 400
-88.6481 156.907 401
-89.3317 156.907 401
-90.0153 156.907 401
-90.6989 156.907 401
-91.3825 156.907 401
-92.0661 156.907 401
-92.7497 156.907 401
-93.4333 156.907 401
-94.1169 156.907 401
-101.204 165.124 422
-102.165 165.516 423
-102.886 165.516 423
-103.607 165.516 423
-104.821 166.298 425
-105.546 166.298 425
-106.521 166.689 426
-107.247 166.689 426
-107.973 166.689 426
-108.954 167.081 427
-109.682 167.081 427
-110.669 167.472 428
-111.398 167.472 428
-112.128 167.472 428
-112.858 167.472 428
-113.853 167.863 429
-115.118 168.646 431
-116.122 169.037 432
-116.858 169.037 432
-117.867 169.428 433
-118.605 169.428 433
-119.619 169.82 434
-120.359 169.82 434
-121.099 169.82 434
-122.119 170.211 435
-122.861 170.211 435
-124.171 170.994 437
-125.773 172.167 440
-126.811 172.559 441
-127.563 172.559 441
-128.314 172.559 441
-129.651 173.341 443
-130.407 173.341 443
-131.458 173.733 444
-132.215 173.733 444
-133.271 174.124 445
-134.03 174.124 445
-134.788 174.124 445
-873.696 912.879 2333
-877.673 912.879 2333
-881.651 912.879 2333
-884.489 911.705 2330
-888.461 911.705 2330
-892.433 911.705 2330
-896.405 911.705 2330
-900.377 911.705 2330
-903.185 910.531 2327
-904.423 907.792 2320
-908.378 907.792 2320
-909.974 905.444 2314
-912.733 904.271 2311
-913.897 901.531 2304
-917.824 901.531 2304
-918.151 898.01 2295
-920.859 896.836 2292
-920.731 892.923 2282
-924.621 892.923 2282
-923.629 888.228 2270
-923.821 884.706 2261
-927.676 884.706 2261
-931.53 884.706 2261
-935.385 884.706 2261
-937.578 883.141 2257
-941.425 883.141 2257
-945.273 883.141 2257
-946.597 880.793 2251
-942.834 873.75 2233
-941.554 869.055 2221
-945.34 869.055 2221
-946.562 866.707 2215
-949.48 865.924 2213
-950.668 863.576 2207
-954.431 863.576 2207
-956.891 862.403 2204
-958.033 860.055 2198
-959.154 857.707 2192
-962.891 857.707 2192
-965.305 856.533 2189
-969.037 856.533 2189
-972.768 856.533 2189
-976.5 856.533 2189
-978.888 855.359 2186
-979.019 852.229 2178
-981.378 851.055 2175
-985.086 851.055 2175
-986.066 848.707 2169
-987.482 846.751 2164
-986.133 842.447 2153
-989.803 842.447 2153
-992.089 841.273 2150
-994.365 840.099 2147
-996.631 838.925 2144
-1000.29 838.925 2144
-1001.6 836.969 2139
-1003.84 835.795 2136
-1005.12 833.838 2131
-1008.75 833.838 2131
-1010.96 832.665 2128
-1013.16 831.491 2125
-1016.78 831.491 2125
-1020.4 831.491 2125
-1022.58 830.317 2122
-1026.2 830.317 2122
-1028.84 829.534 2120
-1032.46 829.534 2120
-1033.14 827.187 2114
-1035.76 826.404 2112
-1039.36 826.404 2112
-1042.96 826.404 2112
-1045.08 825.23 2109
-1047.18 824.056 2106
-1050.77 824.056 2106
-1054.36 824.056 2106
-1056.95 823.274 2104
-1056.5 820.143 2096
-1058.56 818.969 2093
-1062.12 818.969 2093
-1063.15 817.013 2088
-1065.17 815.839 2085
-1066.17 813.883 2080
-1069.71 813.883 2080
2052.6 1511.58 3880
2045.99 1511.58 3880
2039.37 1511.58 3880
2018.61 1501.07 3853
2012.05 1501.07 3853
2005.48 1501.07 3853
1998.91 1501.07 3853
1978.38 1490.55 3826
1971.86 1490.55 3826
1943.25 1473.79 3783
1923.49 1463.67 3757
1913 1460.55 3749
1915.25 1467.17 3766
1908.83 1467.17 3766
1902.41 1467.17 3766
1926.2 1490.55 3826
1928.71 1497.56 3844
1922.16 1497.56 3844
1915.6 1497.56 3844
1607.61 1497.56 3844
1601.06 1497.56 3844
1594.5 1497.56 3844
1587.95 1497.56 3844
1596.21 1511.58 3880
1589.59 1511.58 3880
1605.42 1533.01 3935
1625.53 1558.72 4001
1618.7 1558.72 4001
1611.88 1558.72 4001
1593.43 1547.43 3972
1575.47 1536.52 3944
1568.75 1536.52 3944
1540.24 1515.09 3889
1566.34 1547.43 3972
1567.03 1554.83 3991
1564.14 1558.72 4001
1557.32 1558.72 4001
1550.5 1558.72 4001
1547.15 1562.23 4010
1544.15 1566.13 4020
1537.3 1566.13 4020
1534.26 1570.02 4030
1534.59 1577.42 4049
1527.68 1577.42 4049
1520.78 1577.42 4049
1513.88 1577.42 4049
1503.25 1573.53 4039
1496.37 1573.53 4039
1475.47 1558.72 4001
1464.98 1554.83 3991
1454.89 1551.32 3982
1448.1 1551.32 3982
1441.31 1551.32 3982
1430.92 1547.43 3972
1424.15 1547.43 3972
1417.38 1547.43 3972
1403.86 1540.02 3953
1387.22 1529.12 3925
1364.7 1511.58 3880
1358.09 1511.58 3880
1348.34 1508.08 3871
1332.38 1497.56 3844
1322.73 1494.05 3835
1316.19 1494.05 3835
1309.65 1494.05 3835
1300.05 1490.55 3826
1282.04 1477.3 3792
1275.57 1477.3 3792
1260.41 1467.17 3766
1250.99 1463.67 3757
1241.93 1460.55 3749
1235.54 1460.55 3749
1226.2 1457.04 3740
1214.61 1450.81 3724
1205.66 1447.69 3716
1199.33 1447.69 3716
1192.99 1447.69 3716
1189.21 1450.81 3724
1182.86 1450.81 3724
1179.04 1453.93 3732
1172.68 1453.93 3732
1166.32 1453.93 3732
1159.96 1453.93 3732
1153.6 1453.93 3732
1142.31 1447.69 3716
1133.23 1444.19 3707
1122.04 1437.95 3691
1118.17 1441.07 3699
1111.87 1441.07 3699
1113.03 1450.81 3724
1106.68 1450.81 3724
1100.33 1450.81 3724
1091.64 1447.69 3716
1085.3 1447.69 3716
1076.35 1444.19 3707
1070.03 1444.19 3707
1059.12 1437.95 3691
1050.55 1434.84 3683
1039.73 1428.6 3667
1033.48 1428.6 3667
1027.23 1428.6 3667
1016.25 1421.98 3650
1010.02 1421.98 3650
1006 1425.1 3658
999.766 1425.1 3658
993.53 1425.1 3658
987.294 1425.1 3658
981.058 1425.1 3658
974.822 1425.1 3658
968.586 1425.1 3658
962.35 1425.1 3658
956.114 1425.1 3658
947.801 1421.98 3650
941.578 1421.98 3650
935.356 1421.98 3650
931.17 1425.1 3658
924.934 1425.1 3658
920.959 1428.6 3667
920.694 1437.95 3691
916.384 1441.07 3699
910.078 1441.07 3699
903.772 1441.07 3699
899.407 1444.19 3707
897.183 1450.81 3724
890.835 1450.81 3724
884.486 1450.81 3724
878.138 1450.81 3724
873.662 1453.93 3732
867.3 1453.93 3732
862.783 1457.04 3740
856.407 1457.04 3740
852.077 1460.55 3749
845.686 1460.55 3749
839.295 1460.55 3749
832.904 1460.55 3749
826.513 1460.55 3749
820.122 1460.55 3749
813.731 1460.55 3749
807.339 1460.55 3749
800.948 1460.55 3749
792.65 1457.04 3740
786.274 1457.04 3740
778.23 1453.93 3732
771.868 1453.93 3732
762.224 1447.69 3716
752.431 1441.07 3699
741.284 1431.72 3675
735.019 1431.72 3675
727.168 1428.6 3667
717.574 1421.98 3650
709.793 1418.86 3642
703.584 1418.86 3642
696.035 1416.14 3635
683.766 1403.67 3603
674.802 1397.83 3588
665.704 1391.59 3572
659.615 1391.59 3572
652.244 1388.87 3565
644.717 1385.75 3557
637.217 1382.63 3549
631.167 1382.63 3549
625.116 1382.63 3549
617.845 1379.91 3542
610.425 1376.79 3534
604.401 1376.79 3534
598.376 1376.79 3534
590.005 1371.33 3520
584.004 1371.33 3520
578.003 1371.33 3520
570.703 1368.22 3512
563.59 1365.49 3505
556.342 1362.37 3497
550.381 1362.37 3497
544.419 1362.37 3497
538.458 1362.37 3497
532.496 1362.37 3497
526.535 1362.37 3497
520.573 1362.37 3497
514.612 1362.37 3497
507.632 1359.65 3490
501.682 1359.65 3490
495.733 1359.65 3490
489.783 1359.65 3490
482.863 1356.92 3483
476.926 1356.92 3483
470.988 1356.92 3483
465.985 1359.65 3490
460.035 1359.65 3490
454.086 1359.65 3490
448.136 1359.65 3490
442.187 1359.65 3490
436.237 1359.65 3490
430.288 1359.65 3490
424.338 1359.65 3490
418.388 1359.65 3490
412.439 1359.65 3490
406.489 1359.65 3490
399.736 1356.92 3483
393.007 1354.19 3476
387.082 1354.19 3476
381.156 1354.19 3476
375.23 1354.19 3476
367.711 1348.35 3461
361.811 1348.35 3461
355.911 1348.35 3461
-8.8189 172.586 443
-9.57411 172.586 443
-10.3293 172.586 443
-11.0845 172.586 443
-11.8397 172.586 443
-12.5949 172.586 443
-13.32 172.196 442
-14.0416 171.806 441
-14.7599 171.417 440
-15.51 171.417 440
-16.2601 171.417 440
-16.9715 171.027 439
-17.6795 170.638 438
-18.3 169.469 435
-19.0416 169.469 435
-19.7831 169.469 435
-20.5247 169.469 435
-21.2174 169.079 434
-21.9572 169.079 434
-22.6448 168.69 433
-23.3829 168.69 433
-24.0097 167.911 431
-24.5722 166.742 428
-25.3018 166.742 428
-25.9706 166.352 427
-26.511 165.183 424
-27.1053 164.404 422
-27.7588 164.015 421
-28.4765 164.015 421
-29.0555 163.236 419
-29.7698 163.236 419
-30.4113 162.846 418
-31.1239 162.846 418
-31.7603 162.456 417
-32.3934 162.067 416
-33.023 161.677 415
-33.6492 161.288 414
-34.3549 161.288 414
-35.0607 161.288 414
-35.6801 160.898 413
-36.296 160.508 412
-36.9984 160.508 412
-37.7007 160.508 412
-38.3099 160.119 411
-38.9156 159.729 410
-39.6146 159.729 410
-40.2152 159.34 409
-40.8124 158.95 408
-41.4062 158.561 407
-42.1 158.561 407
-42.7939 158.561 407
-43.3808 158.171 406
-43.9644 157.781 405
-44.6548 157.781 405
-45.3453 157.781 405
-46.0357 157.781 405
-46.6107 157.392 404
-47.2995 157.392 404
-47.9882 157.392 404
-48.5564 157.002 403
-49.2434 157.002 403
-49.9304 157.002 403
-50.6174 157.002 403
-51.1771 156.613 402
-66.1106 153.106 393
-66.7805 153.106 393
-67.4505 153.106 393
-68.1205 153.106 393
-68.7904 153.106 393
-69.4604 153.106 393
-70.1304 153.106 393
-70.8003 153.106 393
-71.4703 153.106 393
-72.1403 153.106 393
-72.9955 153.496 394
-73.6672 153.496 394
-74.3388 153.496 394
-75.0105 153.496 394
-75.6822 153.496 394
-76.5476 153.886 395
-77.4165 154.275 396
-78.0916 154.275 396
-78.9656 154.665 397
-79.843 155.054 398
-80.5215 155.054 398
-81.404 155.444 399
-82.0842 155.444 399
-82.7644 155.444 399
-83.4446 155.444 399
-84.3356 155.833 400
-85.0175 155.833 400
-85.6994 155.833 400
-86.3813 155.833 400
-87.0632 155.833 400
-87.7451 155.833 400
-88.6481 156.223 401
-89.3317 156.223 401
-90.0153 156.223 401
-90.6989 156.223 401
-91.6104 156.613 402
-92.2957 156.613 402
-92.981 156.613 402
-93.4333 156.223 401
-94.1169 156.223 401
-101.204 164.404 422
-102.165 164.794 423
-102.886 164.794 423
-103.607 164.794 423
-104.821 165.573 425
-105.546 165.573 425
-106.521 165.963 426
-107.247 165.963 426
-107.973 165.963 426
-108.954 166.352 427
-109.682 166.352 427
-110.669 166.742 428
-111.398 166.742 428
-112.128 166.742 428
-112.858 166.742 428
-114.118 167.521 430
-115.385 168.3 432
-116.391 168.69 433
-117.129 168.69 433
-117.867 168.69 433
-118.879 169.079 434
-119.619 169.079 434
-120.359 169.079 434
-121.378 169.469 435
-122.4 169.858 436
-123.143 169.858 436
-124.455 170.638 438
-125.773 171.417 440
-126.811 171.806 441
-127.563 171.806 441
-128.314 171.806 441
-129.651 172.586 443
-130.407 172.586 443
-131.458 172.975 444
-132.513 173.365 445
-133.271 173.365 445
-134.03 173.365 445
-134.788 173.365 445
-876.545 907.73 2330
-880.517 907.73 2330
-884.489 907.73 2330
-888.461 907.73 2330
-892.433 907.73 2330
-896.405 907.73 2330
-897.672 905.003 2323
-900.468 903.834 2320
-902.084 901.497 2314
-906.029 901.497 2314
-908.794 900.328 2311
-908.784 896.432 2301
-910.327 894.094 2295
-914.239 894.094 2295
-916.951 892.926 2292
-920.859 892.926 2292
-920.731 889.03 2282
-924.621 889.03 2282
-923.629 884.355 2270
-923.821 880.849 2261
-927.676 880.849 2261
-931.53 880.849 2261
-935.385 880.849 2261
-937.578 879.29 2257
-941.425 879.29 2257
-945.273 879.29 2257
-946.597 876.953 2251
-942.834 869.94 2233
-941.554 865.265 2221
-945.34 865.265 2221
-946.562 862.928 2215
-949.48 862.149 2213
-950.668 859.811 2207
-954.431 859.811 2207
-956.891 858.642 2204
-958.033 856.305 2198
-959.154 853.967 2192
-962.891 853.967 2192
-965.305 852.799 2189
-969.037 852.799 2189
-970.546 850.851 2184
-974.27 850.851 2184
-975.306 848.513 2178
-979.019 848.513 2178
-978.671 845.007 2169
-982.369 845.007 2169
-985.157 844.228 2167
-986.113 841.89 2161
-986.133 838.774 2153
-989.803 838.774 2153
-992.089 837.605 2150
-994.365 836.436 2147
-995.701 834.488 2142
-999.353 834.488 2142
-1000.19 832.151 2136
-1002.43 830.982 2133
-1003.7 829.034 2128
-1007.33 829.034 2128
-1010.96 829.034 2128
-1013.16 827.865 2125
-1016.78 827.865 2125
-1020.4 827.865 2125
-1022.58 826.696 2122
-1026.2 826.696 2122
-1028.84 825.917 2120
-1032.46 825.917 2120
-1033.14 823.58 2114
-1035.76 822.801 2112
-1039.36 822.801 2112
-1042.96 822.801 2112
-1045.08 821.632 2109
-1048.67 821.632 2109
-1050.77 820.463 2106
-1054.36 820.463 2106
-1056.95 819.684 2104
-1056.5 816.567 2096
-1058.56 815.399 2093
-1062.12 815.399 2093
-1063.15 813.451 2088
-1065.17 812.282 2085
-1066.17 810.334 2080
-1069.71 810.334 2080
2052.6 1504.96 3880
2045.99 1504.96 3880
2039.37 1504.96 3880
2032.76 1504.96 3880
2026.15 1504.96 3880
2019.53 1504.96 3880
2008.25 1501.47 3871
1992.34 1494.49 3853
1985.77 1494.49 3853
1947.87 1470.83 3792
1932.19 1463.85 3774
1913 1454.15 3749
1910.68 1457.26 3757
1904.27 1457.26 3757
1902.41 1460.75 3766
1909.08 1470.83 3792
1919.68 1484.02 3826
1913.16 1484.02 3826
1906.63 1484.02 3826
1896.14 1480.92 3818
1889.63 1480.92 3818
1625.53 1551.9 4001
1618.7 1551.9 4001
1611.88 1551.9 4001
1593.43 1540.65 3972
1575.47 1529.79 3944
1568.75 1529.79 3944
1540.24 1508.46 3889
1566.34 1540.65 3972
1567.03 1548.02 3991
1564.14 1551.9 4001
1557.32 1551.9 4001
1550.5 1551.9 4001
1547.15 1555.39 4010
1544.15 1559.27 4020
1537.3 1559.27 4020
1534.26 1563.15 4030
1534.59 1570.52 4049
1527.68 1570.52 4049
1520.78 1570.52 4049
1513.88 1570.52 4049
1503.25 1566.64 4039
1496.37 1566.64 4039
1475.47 1551.9 4001
1464.98 1548.02 3991
1454.89 1544.53 3982
1448.1 1544.53 3982
1441.31 1544.53 3982
1430.92 1540.65 3972
1424.15 1540.65 3972
1417.38 1540.65 3972
1403.86 1533.28 3953
1387.22 1522.42 3925
1371.03 1511.95 3898
1364.39 1511.95 3898
1351.47 1504.96 3880
1341.74 1501.47 3871
1335.14 1501.47 3871
1328.54 1501.47 3871
1318.87 1497.98 3862
1303.11 1487.51 3835
1293.53 1484.02 3826
1287.01 1484.02 3826
1266.1 1467.34 3783
1253.99 1460.75 3766
1244.58 1457.26 3757
1238.18 1457.26 3757
1231.78 1457.26 3757
1222.76 1454.15 3749
1208.26 1444.46 3724
1201.91 1444.46 3724
1195.56 1444.46 3724
1197.2 1454.15 3749
1190.81 1454.15 3749
1184.41 1454.15 3749
1178.02 1454.15 3749
1171.63 1454.15 3749
1165.24 1454.15 3749
1158.85 1454.15 3749
1147.23 1447.56 3732
1135.98 1441.35 3716
1124.48 1434.76 3699
1125.73 1444.46 3724
1119.38 1444.46 3724
1115.42 1447.56 3732
1109.06 1447.56 3732
1102.7 1447.56 3732
1096.34 1447.56 3732
1089.97 1447.56 3732
1081.29 1444.46 3724
1074.94 1444.46 3724
1066.3 1441.35 3716
1052.83 1431.66 3691
1044.27 1428.55 3683
1037.99 1428.55 3683
1029.47 1425.45 3675
1020.98 1422.35 3667
1014.73 1422.35 3667
1008.48 1422.35 3667
999.766 1418.86 3658
993.53 1418.86 3658
987.294 1418.86 3658
981.058 1418.86 3658
974.822 1418.86 3658
968.586 1418.86 3658
962.35 1418.86 3658
956.114 1418.86 3658
947.801 1415.75 3650
941.578 1415.75 3650
935.356 1415.75 3650
931.17 1418.86 3658
924.934 1418.86 3658
920.959 1422.35 3667
920.694 1431.66 3691
916.384 1434.76 3699
910.078 1434.76 3699
903.772 1434.76 3699
899.407 1437.86 3707
897.183 1444.46 3724
890.835 1444.46 3724
884.486 1444.46 3724
878.138 1444.46 3724
875.535 1450.66 3740
869.159 1450.66 3740
864.859 1454.15 3749
858.468 1454.15 3749
853.895 1457.26 3757
847.491 1457.26 3757
841.086 1457.26 3757
836.681 1460.75 3766
830.261 1460.75 3766
823.841 1460.75 3766
817.421 1460.75 3766
809.062 1457.26 3757
802.658 1457.26 3757
796.253 1457.26 3757
788.166 1454.15 3749
779.898 1450.66 3740
773.523 1450.66 3740
765.506 1447.56 3732
755.889 1441.35 3716
746.125 1434.76 3699
739.819 1434.76 3699
728.754 1425.45 3675
719.147 1418.86 3658
711.352 1415.75 3650
705.13 1415.75 3650
697.376 1412.65 3642
686.802 1403.73 3619
676.119 1394.42 3595
667.195 1388.6 3580
661.092 1388.6 3580
653.525 1385.5 3572
646.167 1382.78 3565
638.653 1379.68 3557
632.589 1379.68 3557
626.526 1379.68 3557
619.066 1376.58 3549
611.807 1373.86 3542
605.769 1373.86 3542
598.376 1370.76 3534
592.352 1370.76 3534
585.166 1368.04 3527
579.153 1368.04 3527
572.003 1365.33 3520
566.002 1365.33 3520
558.729 1362.23 3512
552.742 1362.23 3512
545.665 1359.51 3505
540.767 1362.23 3512
534.78 1362.23 3512
528.793 1362.23 3512
522.806 1362.23 3512
516.819 1362.23 3512
510.832 1362.23 3512
504.845 1362.23 3512
497.864 1359.51 3505
491.888 1359.51 3505
485.913 1359.51 3505
479.938 1359.51 3505
472.881 1356.41 3497
466.92 1356.41 3497
462.935 1362.23 3512
456.948 1362.23 3512
450.961 1362.23 3512
444.974 1362.23 3512
437.112 1356.41 3497
432.137 1359.51 3505
426.162 1359.51 3505
420.187 1359.51 3505
412.439 1353.69 3490
406.489 1353.69 3490
399.736 1350.98 3483
393.007 1348.26 3476
386.191 1345.16 3468
380.279 1345.16 3468
373.611 1342.44 3461
367.711 1342.44 3461
361.811 1342.44 3461
355.911 1342.44 3461
-8.8189 171.83 443
-9.57411 171.83 443
-10.3293 171.83 443
-11.0845 171.83 443
-11.8397 171.83 443
-12.5949 171.83 443
-13.32 171.442 442
-14.0416 171.054 441
-14.7599 170.666 440
-15.51 170.666 440
-16.2601 170.666 440
-16.9715 170.278 439
-19.0416 168.727 435
-19.7831 168.727 435
-20.5247 168.727 435
-21.2174 168.339 434
-21.9572 168.339 434
-22.6448 167.951 433
-23.3829 167.951 433
-24.0097 167.175 431
-24.5722 166.012 428
-25.3018 166.012 428
-25.9706 165.624 427
-26.511 164.46 424
-27.1053 163.684 422
-27.7588 163.296 421
-28.4765 163.296 421
-29.0555 162.521 419
-29.6988 162.133 418
-30.4113 162.133 418
-31.1239 162.133 418
-31.7603 161.745 417
-32.3934 161.357 416
-33.023 160.969 415
-33.6492 160.581 414
-34.3549 160.581 414
-34.976 160.193 413
-35.6801 160.193 413
-36.296 159.806 412
-36.9984 159.806 412
-37.7007 159.806 412
-38.3099 159.418 411
-38.9156 159.03 410
-39.6146 159.03 410
-40.2152 158.642 409
-40.8124 158.254 408
-41.4062 157.866 407
-42.1 157.866 407
-42.7939 157.866 407
-43.3808 157.478 406
-43.9644 157.09 405
-44.6548 157.09 405
-45.3453 157.09 405
-46.0357 157.09 405
-46.6107 156.703 404
-47.2995 156.703 404
-47.9882 156.703 404
-48.6769 156.703 404
-49.2434 156.315 403
-49.9304 156.315 403
-50.6174 156.315 403
-51.3045 156.315 403
-66.1106 152.436 393
-66.7805 152.436 393
-67.4505 152.436 393
-67.9471 152.048 392
-68.7904 152.436 393
-69.4604 152.436 393
-70.1304 152.436 393
-70.8003 152.436 393
-71.6522 152.824 394
-72.3238 152.824 394
-72.9955 152.824 394
-73.6672 152.824 394
-74.3388 152.824 394
-75.0105 152.824 394
-75.8743 153.212 395
-76.5476 153.212 395
-77.4165 153.6 396
-78.0916 153.6 396
-79.1645 154.375 398
-80.0436 154.763 399
-80.7238 154.763 399
-81.404 154.763 399
-82.0842 154.763 399
-82.9718 155.151 400
-83.6537 155.151 400
-84.3356 155.151 400
-85.0175 155.151 400
-85.6994 155.151 400
-86.3813 155.151 400
-87.0632 155.151 400
-87.9645 155.539 401
-88.6481 155.539 401
-89.3317 155.539 401
-90.0153 155.539 401
-90.6989 155.539 401
-91.6104 155.927 402
-92.2957 155.927 402
-92.981 155.927 402
-101.204 163.684 422
-102.165 164.072 423
-102.886 164.072 423
-103.607 164.072 423
-104.575 164.46 424
-105.546 164.848 425
-106.521 165.236 426
-107.247 165.236 426
-107.973 165.236 426
-108.954 165.624 427
-109.682 165.624 427
-110.669 166.012 428
-111.398 166.012 428
-112.128 166.012 428
-112.858 166.012 428
-114.118 166.787 430
-115.385 167.563 432
-116.391 167.951 433
-117.129 167.951 433
-117.867 167.951 433
-118.879 168.339 434
-119.619 168.339 434
-120.359 168.339 434
-121.378 168.727 435
-122.4 169.115 436
-123.143 169.115 436
-124.455 169.89 438
-125.773 170.666 440
-126.811 171.054 441
-127.563 171.054 441
-128.314 171.054 441
-129.651 171.83 443
-130.407 171.83 443
-131.458 172.218 444
-132.513 172.605 445
-133.571 172.993 446
-134.331 172.993 446
-135.091 172.993 446
-880.517 903.755 2330
-884.489 903.755 2330
-888.461 903.755 2330
-891.284 902.591 2327
-895.251 902.591 2327
-897.672 901.039 2323
-898.139 897.549 2314
-900.914 896.385 2311
-904.854 896.385 2311
-907.221 894.833 2307
-906.414 890.179 2295
-909.137 889.015 2292
-913.044 889.015 2292
-915.351 887.464 2288
-919.251 887.464 2288
-919.521 883.973 2279
-923.406 883.973 2279
-923.629 880.482 2270
-923.821 876.991 2261
-927.676 876.991 2261
-931.53 876.991 2261
-933.73 875.44 2257
-937.578 875.44 2257
-938.922 873.112 2251
-942.76 873.112 2251
-945.336 871.949 2248
-942.834 866.13 2233
-941.554 861.476 2221
-945.34 861.476 2221
-945.708 858.373 2213
-948.193 857.209 2210
-948.084 853.718 2201
-951.836 853.718 2201
-952.983 851.391 2195
-955.418 850.228 2192
-957.842 849.064 2189
-961.573 849.064 2189
-963.1 847.125 2184
-966.823 847.125 2184
-970.546 847.125 2184
-974.27 847.125 2184
-975.306 844.797 2178
-979.019 844.797 2178
-978.671 841.306 2169
-982.369 841.306 2169
-985.157 840.531 2167
-986.113 838.203 2161
-986.133 835.1 2153
-989.803 835.1 2153
-992.089 833.937 2150
-994.365 832.773 2147
-995.701 830.834 2142
-999.353 830.834 2142
-1000.19 828.506 2136
-1002.43 827.343 2133
-1003.7 825.403 2128
-1007.33 825.403 2128
-1010.96 825.403 2128
-1013.16 824.24 2125
-1016.78 824.24 2125
-1020.4 824.24 2125
-1022.58 823.076 2122
-1026.2 823.076 2122
-1028.84 822.3 2120
-1032.46 822.3 2120
-1032.16 819.197 2112
-1035.76 819.197 2112
-1037.89 818.034 2109
-1041.48 818.034 2109
-1045.08 818.034 2109
-1048.67 818.034 2109
-1050.77 816.87 2106
-1054.36 816.87 2106
-1056.95 816.094 2104
-1056.5 812.991 2096
-1058.56 811.828 2093
-1062.12 811.828 2093
-1063.15 809.888 2088
-1064.15 807.949 2083
-1066.17 806.785 2080
-1069.71 806.785 2080
2052.6 1498.35 3880
2045.99 1498.35 3880
2039.37 1498.35 3880
2037.48 1501.82 3889
2049.65 1515.72 3925
2042.95 1515.72 3925
2036.26 1515.72 3925
2020.26 1508.77 3907
2013.6 1508.77 3907
1965.34 1477.49 3826
1936.8 1460.89 3783
1913 1447.76 3749
1910.68 1450.85 3757
1904.27 1450.85 3757
1902.41 1454.32 3766
1909.08 1464.36 3792
1919.68 1477.49 3826
1913.16 1477.49 3826
1929.06 1494.87 3871
1926.93 1498.35 3880
1920.32 1498.35 3880
1913.7 1498.35 3880
1578.59 1519.58 3935
1571.88 1519.58 3935
1565.17 1519.58 3935
1547.81 1515.72 3925
1567.03 1541.21 3991
1560.23 1541.21 3991
1553.43 1541.21 3991
1546.62 1541.21 3991
1543.68 1545.07 4001
1540.31 1548.55 4010
1533.48 1548.55 4010
1534.26 1556.27 4030
1534.59 1563.61 4049
1527.68 1563.61 4049
1520.78 1563.61 4049
1513.88 1563.61 4049
1503.25 1559.75 4039
1496.37 1559.75 4039
1475.47 1545.07 4001
1464.98 1541.21 3991
1454.89 1537.73 3982
1448.1 1537.73 3982
1441.31 1537.73 3982
1430.92 1533.87 3972
1424.15 1533.87 3972
1417.38 1533.87 3972
1403.86 1526.54 3953
1387.22 1515.72 3925
1371.03 1505.3 3898
1364.39 1505.3 3898
1351.47 1498.35 3880
1341.74 1494.87 3871
1335.14 1494.87 3871
1328.54 1494.87 3871
1318.87 1491.39 3862
1309.23 1487.92 3853
1293.53 1477.49 3826
1287.01 1477.49 3826
1269.11 1464.36 3792
1259.65 1460.89 3783
1247.57 1454.32 3766
1241.15 1454.32 3766
1231.78 1450.85 3757
1222.76 1447.76 3749
1216.37 1447.76 3749
1209.98 1447.76 3749
1203.59 1447.76 3749
1199.75 1450.85 3757
1193.35 1450.85 3757
1186.94 1450.85 3757
1180.54 1450.85 3757
1171.63 1447.76 3749
1165.24 1447.76 3749
1158.85 1447.76 3749
1149.69 1444.28 3740
1135.98 1435.01 3716
1126.91 1431.54 3707
1125.73 1438.1 3724
1119.38 1438.1 3724
1120.5 1447.76 3749
1114.11 1447.76 3749
1107.72 1447.76 3749
1101.33 1447.76 3749
1094.94 1447.76 3749
1085.93 1444.28 3740
1079.56 1444.28 3740
1070.89 1441.19 3732
1059.96 1435.01 3716
1046.54 1425.36 3691
1040.25 1425.36 3691
1033.95 1425.36 3691
1027.66 1425.36 3691
1021.37 1425.36 3691
1015.08 1425.36 3691
1008.78 1425.36 3691
1000.32 1422.27 3683
994.041 1422.27 3683
987.763 1422.27 3683
981.484 1422.27 3683
975.206 1422.27 3683
968.927 1422.27 3683
962.648 1422.27 3683
952.215 1416.09 3667
943.642 1412.61 3658
937.406 1412.61 3658
933.461 1416.09 3667
927.21 1416.09 3667
922.968 1419.18 3675
920.694 1425.36 3691
916.384 1428.45 3699
910.078 1428.45 3699
905.726 1431.54 3707
903.532 1438.1 3724
897.183 1438.1 3724
890.835 1438.1 3724
884.486 1438.1 3724
880.024 1441.19 3732
875.535 1444.28 3740
869.159 1444.28 3740
864.859 1447.76 3749
858.468 1447.76 3749
853.895 1450.85 3757
847.491 1450.85 3757
841.086 1450.85 3757
836.681 1454.32 3766
830.261 1454.32 3766
823.841 1454.32 3766
817.421 1454.32 3766
809.062 1450.85 3757
802.658 1450.85 3757
796.253 1450.85 3757
788.166 1447.76 3749
779.898 1444.28 3740
773.523 1444.28 3740
765.506 1441.19 3732
755.889 1435.01 3716
746.125 1428.45 3699
739.819 1428.45 3699
728.754 1419.18 3675
719.147 1412.61 3658
711.352 1409.53 3650
705.13 1409.53 3650
697.376 1406.44 3642
686.802 1397.55 3619
680.633 1397.55 3619
674.463 1397.55 3619
663.862 1388.29 3595
656.452 1385.58 3588
648.886 1382.49 3580
642.783 1382.49 3580
636.68 1382.49 3580
627.935 1376.7 3565
621.857 1376.7 3565
615.78 1376.7 3565
609.702 1376.7 3565
599.731 1367.82 3542
592.352 1364.73 3534
586.327 1364.73 3534
580.302 1364.73 3534
574.278 1364.73 3534
568.253 1364.73 3534
562.229 1364.73 3534
556.204 1364.73 3534
550.18 1364.73 3534
546.465 1370.52 3549
540.414 1370.52 3549
534.364 1370.52 3549
528.314 1370.52 3549
520.057 1364.73 3534
514.032 1364.73 3534
508.007 1364.73 3534
501.983 1364.73 3534
495.958 1364.73 3534
488.963 1362.03 3527
482.951 1362.03 3527
475.991 1359.32 3520
469.991 1359.32 3520
464.913 1362.03 3527
458.9 1362.03 3527
452.887 1362.03 3527
445.988 1359.32 3520
438.987 1356.23 3512
433 1356.23 3512
427.013 1356.23 3512
421.026 1356.23 3512
414.212 1353.53 3505
408.236 1353.53 3505
400.54 1347.74 3490
393.007 1342.33 3476
385.411 1336.54 3461
379.511 1336.54 3461
372.1 1331.13 3447
366.223 1331.13 3447
360.347 1331.13 3447
354.471 1331.13 3447
-8.8189 171.074 443
-9.57411 171.074 443
-10.3293 171.074 443
-11.0845 171.074 443
-11.8397 171.074 443
-12.5949 171.074 443
-13.32 170.688 442
-14.0416 170.302 441
-14.7599 169.915 440
-15.51 169.915 440
-16.2601 169.915 440
-16.9715 169.529 439
-17.6392 168.757 437
-18.3 167.985 435
-19.0416 167.985 435
-19.7831 167.985 435
-20.4775 167.598 434
-21.2174 167.598 434
-21.9572 167.598 434
-22.6448 167.212 433
-23.3289 166.826 432
-24.0097 166.44 431
-24.6296 165.668 429
-25.3609 165.668 429
-25.9706 164.895 427
-26.511 163.737 424
-27.1696 163.351 423
-27.8907 163.351 423
-28.4765 162.578 421
-29.0555 161.806 419
-29.6988 161.42 418
-30.3386 161.033 417
-31.0495 161.033 417
-31.7603 161.033 417
-32.3934 160.647 416
-32.9434 159.875 414
-33.6492 159.875 414
-34.3549 159.875 414
-34.976 159.489 413
-35.6801 159.489 413
-36.296 159.103 412
-36.9984 159.103 412
-37.7007 159.103 412
-38.3099 158.716 411
-38.9156 158.33 410
-39.6146 158.33 410
-40.2152 157.944 409
-40.8124 157.558 408
-41.4062 157.172 407
-42.1 157.172 407
-42.7939 157.172 407
-43.3808 156.786 406
-43.9644 156.399 405
-44.6548 156.399 405
-45.3453 156.399 405
-46.0357 156.399 405
-46.6107 156.013 404
-47.2995 156.013 404
-47.9882 156.013 404
-48.6769 156.013 404
-49.2434 155.627 403
-49.9304 155.627 403
-50.6174 155.627 403
-51.3045 155.627 403
-66.1106 151.765 393
-66.7805 151.765 393
-67.4505 151.765 393
-68.1205 151.765 393
-68.9655 152.152 394
-69.6371 152.152 394
-70.3088 152.152 394
-70.9805 152.152 394
-71.6522 152.152 394
-72.3238 152.152 394
-73.1808 152.538 395
-73.8541 152.538 395
-74.5275 152.538 395
-75.2009 152.538 395
-75.8743 152.538 395
-76.7414 152.924 396
-77.4165 152.924 396
-78.2888 153.31 397
-79.1645 153.696 398
-80.0436 154.082 399
-80.7238 154.082 399
-81.404 154.082 399
-82.0842 154.082 399
-82.9718 154.469 400
-83.6537 154.469 400
-84.3356 154.469 400
-85.0175 154.469 400
-85.6994 154.469 400
-86.3813 154.469 400
-87.0632 154.469 400
-87.9645 154.855 401
-88.6481 154.855 401
-89.3317 154.855 401
-90.0153 154.855 401
-90.925 155.241 402
-91.6104 155.241 402
-92.2957 155.241 402
-92.981 155.241 402
-102.165 163.351 423
-102.886 163.351 423
-103.607 163.351 423
-104.575 163.737 424
-105.546 164.123 425
-106.521 164.509 426
-107.247 164.509 426
-108.226 164.895 427
-108.954 164.895 427
-109.682 164.895 427
-110.669 165.281 428
-111.398 165.281 428
-112.39 165.668 429
-113.121 165.668 429
-114.383 166.44 431
-115.385 166.826 432
-116.391 167.212 433
-117.129 167.212 433
-117.867 167.212 433
-118.879 167.598 434
-119.619 167.598 434
-120.359 167.598 434
-121.378 167.985 435
-122.4 168.371 436
-123.143 168.371 436
-124.455 169.143 438
-125.773 169.915 440
-126.811 170.302 441
-127.563 170.302 441
-128.314 170.302 441
-129.651 171.074 443
-130.407 171.074 443
-131.458 171.46 444
-132.513 171.846 445
-133.571 172.232 446
-134.331 172.232 446
-135.091 172.232 446
-880.517 899.779 2330
-884.489 899.779 2330
-888.461 899.779 2330
-891.284 898.621 2327
-895.251 898.621 2327
-897.672 897.076 2323
-898.139 893.601 2314
-900.914 892.442 2311
-904.854 892.442 2311
-906.041 889.739 2304
-906.414 886.263 2295
-909.137 885.105 2292
-913.044 885.105 2292
-915.351 883.56 2288
-918.046 882.402 2285
-919.521 880.085 2279
-923.406 880.085 2279
-919.967 873.134 2261
-923.821 873.134 2261
-923.573 869.272 2251
-927.41 869.272 2251
-931.248 869.272 2251
-935.085 869.272 2251
-937.671 868.113 2248
-941.503 868.113 2248
-940.289 863.479 2236
-941.568 861.162 2230
-938.163 854.597 2213
-941.935 854.597 2213
-943.144 852.28 2207
-944.332 849.963 2201
-945.499 847.646 2195
-949.241 847.646 2195
-951.681 846.488 2192
-951.931 843.398 2184
-954.341 842.24 2181
-958.059 842.24 2181
-960.454 841.081 2178
-964.167 841.081 2178
-967.88 841.081 2178
-971.593 841.081 2178
-975.306 841.081 2178
-974.973 837.606 2169
-978.671 837.606 2169
-982.369 837.606 2169
-983.793 835.675 2164
-984.744 833.358 2158
-986.133 831.427 2153
-989.803 831.427 2153
-992.089 830.269 2150
-992.976 827.952 2144
-995.701 827.179 2142
-999.353 827.179 2142
-1000.19 824.862 2136
-1002.43 823.704 2133
-1003.7 821.773 2128
-1007.33 821.773 2128
-1010.96 821.773 2128
-1011.73 819.456 2122
-1015.34 819.456 2122
-1018.96 819.456 2122
-1022.58 819.456 2122
-1025.23 818.683 2120
-1028.84 818.683 2120
-1032.46 818.683 2120
-1032.16 815.594 2112
-1035.76 815.594 2112
-1037.89 814.435 2109
-1041.48 814.435 2109
-1045.08 814.435 2109
-1048.67 814.435 2109
-1050.77 813.277 2106
-1054.36 813.277 2106
-1056.95 812.505 2104
-1056.5 809.415 2096
-1058.56 808.257 2093
-1062.12 808.257 2093
-1063.15 806.326 2088
-1064.15 804.395 2083
-1066.17 803.237 2080
-1069.71 803.237 2080
2052.6 1491.73 3880
2045.99 1491.73 3880
2039.37 1491.73 3880
2037.48 1495.19 3889
2049.65 1509.03 3925
2042.95 1509.03 3925
2036.26 1509.03 3925
2020.26 1502.11 3907
2013.6 1502.11 3907
1965.34 1470.96 3826
1936.8 1454.43 3783
1913 1441.36 3749
1910.68 1444.44 3757
1904.27 1444.44 3757
1902.41 1447.9 3766
1909.08 1457.89 3792
1915.66 1467.89 3818
1909.16 1467.89 3818
1929.06 1488.27 3871
1926.93 1491.73 3880
1920.32 1491.73 3880
1913.7 1491.73 3880
1478.59 1534.4 3991
1471.78 1534.4 3991
1464.98 1534.4 3991
1451.23 1527.1 3972
1444.46 1527.1 3972
1437.69 1527.1 3972
1430.92 1527.1 3972
1424.15 1527.1 3972
1417.38 1527.1 3972
1403.86 1519.79 3953
1387.22 1509.03 3925
1371.03 1498.65 3898
1364.39 1498.65 3898
1351.47 1491.73 3880
1341.74 1488.27 3871
1335.14 1488.27 3871
1328.54 1488.27 3871
1318.87 1484.81 3862
1309.23 1481.34 3853
1293.53 1470.96 3826
1287.01 1470.96 3826
1269.11 1457.89 3792
1259.65 1454.43 3783
1247.57 1447.9 3766
1241.15 1447.9 3766
1231.78 1444.44 3757
1222.76 1441.36 3749
1216.37 1441.36 3749
1209.98 1441.36 3749
1203.59 1441.36 3749
1199.75 1444.44 3757
1193.35 1444.44 3757
1186.94 1444.44 3757
1180.54 1444.44 3757
1174.13 1444.44 3757
1165.24 1441.36 3749
1158.85 1441.36 3749
1149.69 1437.9 3740
1138.43 1431.75 3724
1126.91 1425.21 3707
1128.15 1434.82 3732
1121.78 1434.82 3732
1122.89 1444.44 3757
1119.16 1447.9 3766
1112.74 1447.9 3766
1106.32 1447.9 3766
1099.9 1447.9 3766
1090.87 1444.44 3757
1084.47 1444.44 3757
1075.77 1441.36 3749
1064.53 1434.82 3732
1053.63 1428.67 3716
1047.29 1428.67 3716
1036.19 1422.14 3699
1027.66 1419.06 3691
1021.37 1419.06 3691
1015.08 1419.06 3691
1008.78 1419.06 3691
1002.49 1419.06 3691
996.2 1419.06 3691
992.054 1422.14 3699
985.748 1422.14 3699
979.442 1422.14 3699
971.032 1419.06 3691
964.739 1419.06 3691
956.37 1415.99 3683
948.027 1412.91 3675
939.712 1409.83 3667
935.498 1412.91 3675
929.233 1412.91 3675
924.977 1415.99 3683
922.689 1422.14 3699
918.365 1425.21 3707
912.046 1425.21 3707
911.835 1434.82 3732
905.473 1434.82 3732
901.038 1437.9 3740
894.662 1437.9 3740
888.286 1437.9 3740
884.033 1441.36 3749
877.642 1441.36 3749
871.25 1441.36 3749
866.705 1444.44 3757
860.3 1444.44 3757
855.941 1447.9 3766
849.521 1447.9 3766
843.101 1447.9 3766
838.458 1450.97 3774
832.024 1450.97 3774
825.591 1450.97 3774
819.157 1450.97 3774
811 1447.9 3766
804.58 1447.9 3766
796.253 1444.44 3757
789.848 1444.44 3757
781.775 1441.36 3749
775.384 1441.36 3749
765.506 1434.82 3732
757.516 1431.75 3724
746.125 1422.14 3699
739.819 1422.14 3699
730.341 1415.99 3683
722.489 1412.91 3675
714.665 1409.83 3667
708.414 1409.83 3667
698.907 1403.3 3650
686.802 1391.38 3619
680.633 1391.38 3619
674.463 1391.38 3619
663.862 1382.15 3595
656.452 1379.46 3588
648.886 1376.39 3580
642.783 1376.39 3580
636.68 1376.39 3580
627.935 1370.62 3565
621.857 1370.62 3565
615.78 1370.62 3565
609.702 1370.62 3565
599.731 1361.78 3542
592.352 1358.7 3534
586.327 1358.7 3534
580.302 1358.7 3534
574.278 1358.7 3534
568.253 1358.7 3534
562.229 1358.7 3534
556.204 1358.7 3534
550.18 1358.7 3534
546.465 1364.47 3549
540.414 1364.47 3549
536.773 1370.62 3565
530.696 1370.62 3565
524.618 1370.62 3565
517.377 1367.54 3557
511.314 1367.54 3557
505.25 1367.54 3557
498.063 1364.47 3549
492.013 1364.47 3549
485.963 1364.47 3549
477.885 1358.7 3534
471.86 1358.7 3534
465.835 1358.7 3534
459.811 1358.7 3534
453.786 1358.7 3534
447.762 1358.7 3534
441.737 1358.7 3534
435.712 1358.7 3534
427.986 1353.32 3520
421.985 1353.32 3520
415.984 1353.32 3520
409.984 1353.32 3520
402.261 1347.55 3505
393.007 1336.4 3476
385.411 1330.63 3461
379.511 1330.63 3461
372.1 1325.25 3447
366.223 1325.25 3447
358.152 1317.18 3426
352.311 1317.18 3426
-8.8189 170.318 443
-9.57411 170.318 443
-10.3293 170.318 443
-11.0845 170.318 443
-11.8397 170.318 443
-12.5949 170.318 443
-13.32 169.934 442
-14.0416 169.549 441
-14.7599 169.165 440
-15.51 169.165 440
-16.2601 169.165 440
-16.9715 168.78 439
-17.6392 168.011 437
-18.3 167.242 435
-19.0416 167.242 435
-19.7831 167.242 435
-20.4775 166.858 434
-21.2174 166.858 434
-21.9572 166.858 434
-22.6448 166.473 433
-23.3289 166.089 432
-24.0097 165.705 431
-24.6296 164.936 429
-25.3609 164.936 429
-25.9706 164.167 427
-26.5735 163.398 425
-27.1696 162.629 423
-27.8907 162.629 423
-28.4765 161.86 421
-29.0555 161.091 419
-29.6988 160.706 418
-30.3386 160.322 417
-31.0495 160.322 417
-31.7603 160.322 417
-32.3934 159.938 416
-32.9434 159.169 414
-33.6492 159.169 414
-34.3549 159.169 414
-34.976 158.784 413
-35.6801 158.784 413
-36.296 158.4 412
-36.9984 158.4 412
-37.7007 158.4 412
-38.3099 158.015 411
-38.9156 157.631 410
-39.6146 157.631 410
-40.2152 157.246 409
-40.8124 156.862 408
-41.4062 156.477 407
-42.1 156.477 407
-42.7939 156.477 407
-43.3808 156.093 406
-43.9644 155.708 405
-44.6548 155.708 405
-45.3453 155.708 405
-46.0357 155.708 405
-46.6107 155.324 404
-47.2995 155.324 404
-47.9882 155.324 404
-48.6769 155.324 404
-49.3656 155.324 404
-50.0543 155.324 404
-50.743 155.324 404
-51.3045 154.94 403
-67.2789 150.71 392
-68.1205 151.095 393
-68.9655 151.479 394
-69.6371 151.479 394
-70.3088 151.479 394
-70.9805 151.479 394
-71.6522 151.479 394
-72.3238 151.479 394
-73.1808 151.864 395
-73.8541 151.864 395
-74.5275 151.864 395
-75.2009 151.864 395
-75.8743 151.864 395
-76.7414 152.248 396
-77.4165 152.248 396
-78.486 153.017 398
-79.1645 153.017 398
-80.0436 153.402 399
-80.7238 153.402 399
-81.404 153.402 399
-82.0842 153.402 399
-82.9718 153.786 400
-83.6537 153.786 400
-84.3356 153.786 400
-85.0175 153.786 400
-85.6994 153.786 400
-86.3813 153.786 400
-87.2808 154.171 401
-87.9645 154.171 401
-88.6481 154.171 401
-89.3317 154.171 401
-90.0153 154.171 401
-90.925 154.555 402
-91.6104 154.555 402
-92.2957 154.555 402
-92.981 154.555 402
-102.165 162.629 423
-102.886 162.629 423
-103.607 162.629 423
-104.575 163.013 424
-105.546 163.398 425
-106.521 163.782 426
-107.247 163.782 426
-108.226 164.167 427
-108.954 164.167 427
-109.682 164.167 427
-110.669 164.551 428
-111.398 164.551 428
-112.39 164.936 429
-113.121 164.936 429
-114.383 165.705 431
-115.385 166.089 432
-116.391 166.473 433
-117.129 166.473 433
-117.867 166.473 433
-118.879 166.858 434
-119.619 166.858 434
-120.359 166.858 434
-121.378 167.242 435
-122.4 167.627 436
-123.143 167.627 436
-124.455 168.396 438
-125.773 169.165 440
-126.811 169.549 441
-127.563 169.549 441
-128.314 169.549 441
-129.651 170.318 443
-130.407 170.318 443
-131.754 171.087 445
-132.513 171.087 445
-133.571 171.472 446
-134.331 171.472 446
-135.091 171.472 446
-880.517 895.804 2330
-884.489 895.804 2330
-888.461 895.804 2330
-891.284 894.651 2327
-895.251 894.651 2327
-897.672 893.113 2323
-898.139 889.653 2314
-900.914 888.499 2311
-904.854 888.499 2311
-906.041 885.808 2304
-906.414 882.348 2295
-909.137 881.194 2292
-913.044 881.194 2292
-915.351 879.657 2288
-918.046 878.503 2285
-919.521 876.196 2279
-923.406 876.196 2279
-919.967 869.276 2261
-920.961 866.585 2254
-923.573 865.431 2251
-927.41 865.431 2251
-928.765 863.125 2245
-932.593 863.125 2245
-935.168 861.971 2242
-938.99 861.971 2242
-940.289 859.664 2236
-936.501 852.744 2218
-936.891 849.668 2210
-940.658 849.668 2210
-941.862 847.362 2204
-940.47 842.748 2192
-941.623 840.441 2186
-945.349 840.441 2186
-948.207 839.672 2184
-950.623 838.519 2181
-953.028 837.365 2178
-956.741 837.365 2178
-957.808 835.059 2172
-961.511 835.059 2172
-963.881 833.905 2169
-967.578 833.905 2169
-971.276 833.905 2169
-974.973 833.905 2169
-977.769 833.136 2167
-981.463 833.136 2167
-982.429 830.83 2161
-984.744 829.676 2158
-984.759 826.6 2150
-988.424 826.6 2150
-990.705 825.447 2147
-992.049 823.525 2142
-992.912 821.218 2136
-996.553 821.218 2136
-998.79 820.065 2133
-1001.49 819.296 2131
-1003.7 818.142 2128
-1007.33 818.142 2128
-1010.96 818.142 2128
-1011.73 815.835 2122
-1015.34 815.835 2122
-1018.96 815.835 2122
-1021.62 815.066 2120
-1025.23 815.066 2120
-1027.39 813.913 2117
-1031 813.913 2117
-1032.16 811.991 2112
-1034.29 810.837 2109
-1037.89 810.837 2109
-1041.48 810.837 2109
-1045.08 810.837 2109
-1047.18 809.684 2106
-1050.77 809.684 2106
-1054.36 809.684 2106
-1055.44 807.762 2101
-1054.99 804.686 2093
-1058.56 804.686 2093
-1062.12 804.686 2093
-1061.62 801.61 2085
-1062.62 799.688 2080
-1065.14 798.919 2078
-1068.68 798.919 2078
2057.36 1488.55 3889
2050.74 1488.55 3889
2073.01 1509.6 3944
2066.29 1509.6 3944
2064.27 1513.05 3953
2057.53 1513.05 3953
2050.79 1513.05 3953
2029.57 1502.33 3925
2022.88 1502.33 3925
1993.07 1485.11 3880
1941.41 1451.42 3792
1913 1434.96 3749
1915.25 1441.47 3766
1908.83 1441.47 3766
1906.46 1444.53 3774
1922.17 1461.37 3818
1933.23 1474.77 3853
1926.66 1474.77 3853
1929.06 1481.66 3871
1926.93 1485.11 3880
1920.32 1485.11 3880
1913.7 1485.11 3880
1454.7 1516.87 3963
1451.23 1520.32 3972
1444.46 1520.32 3972
1437.69 1520.32 3972
1424.07 1513.05 3953
1417.34 1513.05 3953
1410.6 1513.05 3953
1400.66 1509.6 3944
1384.04 1498.89 3916
1371.03 1492 3898
1364.39 1492 3898
1351.47 1485.11 3880
1341.74 1481.66 3871
1335.14 1481.66 3871
1328.54 1481.66 3871
1318.87 1478.22 3862
1309.23 1474.77 3853
1293.53 1464.44 3826
1287.01 1464.44 3826
1271.79 1454.48 3800
1259.65 1447.98 3783
1247.57 1441.47 3766
1241.15 1441.47 3766
1231.78 1438.03 3757
1222.76 1434.96 3749
1216.37 1434.96 3749
1212.56 1438.03 3757
1206.16 1438.03 3757
1202.63 1441.47 3766
1196.21 1441.47 3766
1189.79 1441.47 3766
1180.54 1438.03 3757
1174.13 1438.03 3757
1165.24 1434.96 3749
1158.85 1434.96 3749
1149.69 1431.52 3740
1138.43 1425.4 3724
1126.91 1418.89 3707
1128.15 1428.46 3732
1121.78 1428.46 3732
1122.89 1438.03 3757
1119.16 1441.47 3766
1112.74 1441.47 3766
1106.32 1441.47 3766
1099.9 1441.47 3766
1090.87 1438.03 3757
1084.47 1438.03 3757
1075.77 1434.96 3749
1064.53 1428.46 3732
1053.63 1422.33 3716
1047.29 1422.33 3716
1036.19 1415.83 3699
1027.66 1412.76 3691
1021.37 1412.76 3691
1015.08 1412.76 3691
1008.78 1412.76 3691
1002.49 1412.76 3691
996.2 1412.76 3691
992.054 1415.83 3699
985.748 1415.83 3699
979.442 1415.83 3699
971.032 1412.76 3691
964.739 1412.76 3691
956.37 1409.7 3683
948.027 1406.64 3675
941.763 1406.64 3675
937.534 1409.7 3683
931.255 1409.7 3683
926.986 1412.76 3691
924.685 1418.89 3707
922.577 1425.4 3724
916.229 1425.4 3724
911.835 1428.46 3732
907.413 1431.52 3740
901.038 1431.52 3740
894.662 1431.52 3740
888.286 1431.52 3740
885.919 1438.03 3757
879.514 1438.03 3757
873.11 1438.03 3757
870.627 1444.53 3774
864.193 1444.53 3774
857.759 1444.53 3774
851.326 1444.53 3774
846.907 1447.98 3783
840.458 1447.98 3783
834.009 1447.98 3783
827.559 1447.98 3783
821.11 1447.98 3783
812.723 1444.53 3774
806.289 1444.53 3774
798.16 1441.47 3766
791.74 1441.47 3766
785.32 1441.47 3766
778.9 1441.47 3766
770.634 1438.03 3757
759.144 1428.46 3732
749.554 1422.33 3716
743.219 1422.33 3716
731.927 1412.76 3691
724.062 1409.7 3683
716.224 1406.64 3675
709.959 1406.64 3675
702.163 1403.58 3667
692.685 1397.07 3650
682.137 1388.27 3627
675.954 1388.27 3627
668.294 1385.21 3619
660.66 1382.14 3611
654.505 1382.14 3611
648.349 1382.14 3611
640.77 1379.08 3603
634.628 1379.08 3603
627.09 1376.02 3595
620.962 1376.02 3595
612.268 1370.28 3580
604.81 1367.22 3572
598.721 1367.22 3572
592.632 1367.22 3572
585.393 1364.54 3565
579.315 1364.54 3565
573.238 1364.54 3565
567.16 1364.54 3565
561.083 1364.54 3565
556.095 1367.22 3572
551.238 1370.28 3580
545.135 1370.28 3580
539.032 1370.28 3580
532.929 1370.28 3580
524.618 1364.54 3565
517.377 1361.47 3557
511.314 1361.47 3557
505.25 1361.47 3557
498.063 1358.41 3549
492.013 1358.41 3549
485.963 1358.41 3549
477.885 1352.67 3534
471.86 1352.67 3534
465.835 1352.67 3534
459.811 1352.67 3534
453.786 1352.67 3534
447.762 1352.67 3534
441.737 1352.67 3534
435.712 1352.67 3534
427.986 1347.31 3520
421.985 1347.31 3520
415.984 1347.31 3520
409.984 1347.31 3520
402.261 1341.57 3505
393.007 1330.47 3476
385.411 1324.73 3461
379.511 1324.73 3461
369.833 1311.33 3426
363.992 1311.33 3426
358.152 1311.33 3426
352.311 1311.33 3426
-8.8189 169.562 443
-9.57411 169.562 443
-10.3293 169.562 443
-11.0845 169.562 443
-11.8397 169.562 443
-12.5949 169.562 443
-13.2899 168.797 441
-14.0098 168.414 440
-14.7599 168.414 440
-15.4747 168.031 439
-16.2231 168.031 439
-16.9328 167.649 438
-17.6392 167.266 437
-18.3 166.5 435
-19.0416 166.5 435
-19.7831 166.5 435
-20.4775 166.118 434
-21.2174 166.118 434
-21.9572 166.118 434
-22.6448 165.735 433
-23.3289 165.352 432
-23.954 164.586 430
-24.6296 164.204 429
-25.3609 164.204 429
-25.9706 163.438 427
-26.5735 162.673 425
-27.1696 161.907 423
-27.8907 161.907 423
-28.4765 161.142 421
-29.0555 160.376 419
-29.6988 159.993 418
-30.3386 159.611 417
-31.0495 159.611 417
-31.7603 159.611 417
-32.3934 159.228 416
-32.9434 158.462 414
-33.6492 158.462 414
-34.3549 158.462 414
-34.976 158.08 413
-35.6801 158.08 413
-36.296 157.697 412
-36.9984 157.697 412
-37.7007 157.697 412
-38.3099 157.314 411
-38.9156 156.931 410
-39.6146 156.931 410
-40.2152 156.549 409
-40.8124 156.166 408
-41.4062 155.783 407
-42.1 155.783 407
-42.7939 155.783 407
-43.3808 155.4 406
-43.9644 155.017 405
-44.6548 155.017 405
-45.3453 155.017 405
-46.0357 155.017 405
-46.6107 154.635 404
-47.2995 154.635 404
-47.9882 154.635 404
-48.6769 154.635 404
-49.3656 154.635 404
-50.0543 154.635 404
-50.743 154.635 404
-51.3045 154.252 403
-68.1205 150.424 393
-68.9655 150.807 394
-69.6371 150.807 394
-70.3088 150.807 394
-71.1606 151.19 395
-71.834 151.19 395
-72.6909 151.573 396
-73.366 151.573 396
-74.0411 151.573 396
-74.5275 151.19 395
-75.2009 151.19 395
-75.8743 151.19 395
-76.7414 151.573 396
-77.4165 151.573 396
-78.486 152.338 398
-79.1645 152.338 398
-80.0436 152.721 399
-80.7238 152.721 399
-81.404 152.721 399
-82.0842 152.721 399
-82.9718 153.104 400
-83.6537 153.104 400
-84.3356 153.104 400
-85.0175 153.104 400
-85.6994 153.104 400
-86.3813 153.104 400
-87.2808 153.486 401
-87.9645 153.486 401
-88.6481 153.486 401
-89.3317 153.486 401
-90.0153 153.486 401
-90.925 153.869 402
-91.6104 153.869 402
-92.2957 153.869 402
-92.981 153.869 402
-102.165 161.907 423
-102.886 161.907 423
-103.607 161.907 423
-104.575 162.29 424
-105.546 162.673 425
-106.521 163.055 426
-107.247 163.055 426
-108.226 163.438 427
-108.954 163.438 427
-109.682 163.438 427
-110.669 163.821 428
-111.398 163.821 428
-112.39 164.204 429
-113.121 164.204 429
-114.383 164.969 431
-115.385 165.352 432
-116.391 165.735 433
-117.129 165.735 433
-117.867 165.735 433
-118.879 166.118 434
-119.619 166.118 434
-120.359 166.118 434
-121.378 166.5 435
-122.681 167.266 437
-123.426 167.266 437
-124.455 167.649 438
-125.773 168.414 440
-126.811 168.797 441
-127.563 168.797 441
-128.314 168.797 441
-129.651 169.562 443
-130.407 169.562 443
-131.754 170.328 445
-132.81 170.711 446
-133.87 171.093 447
-134.632 171.093 447
-135.394 171.093 447
-879.383 890.681 2327
-883.35 890.681 2327
-887.317 890.681 2327
-891.284 890.681 2327
-895.251 890.681 2327
-894.194 885.705 2314
-896.975 884.557 2311
-898.186 881.877 2304
-902.113 881.877 2304
-902.502 878.432 2295
-905.229 877.284 2292
-907.55 875.753 2288
-911.451 875.753 2288
-914.151 874.605 2285
-918.046 874.605 2285
-919.521 872.308 2279
-923.406 872.308 2279
-919.967 865.419 2261
-920.961 862.739 2254
-923.573 861.591 2251
-927.41 861.591 2251
-928.765 859.294 2245
-932.593 859.294 2245
-935.168 858.146 2242
-938.99 858.146 2242
-940.289 855.85 2236
-936.501 848.96 2218
-936.891 845.898 2210
-940.658 845.898 2210
-941.862 843.601 2204
-940.47 839.008 2192
-941.623 836.712 2186
-945.349 836.712 2186
-948.207 835.946 2184
-950.623 834.798 2181
-953.028 833.65 2178
-956.741 833.65 2178
-957.808 831.353 2172
-960.183 830.205 2169
-963.881 830.205 2169
-967.578 830.205 2169
-971.276 830.205 2169
-974.973 830.205 2169
-977.769 829.439 2167
-981.463 829.439 2167
-981.065 825.994 2158
-984.744 825.994 2158
-984.759 822.932 2150
-988.424 822.932 2150
-990.705 821.784 2147
-992.049 819.87 2142
-992.912 817.574 2136
-996.553 817.574 2136
-998.79 816.425 2133
-1001.49 815.66 2131
-1003.7 814.512 2128
-1007.33 814.512 2128
-1010.96 814.512 2128
-1013.16 813.363 2125
-1015.34 812.215 2122
-1018.96 812.215 2122
-1021.62 811.45 2120
-1025.23 811.45 2120
-1027.39 810.301 2117
-1031 810.301 2117
-1032.16 808.387 2112
-1034.29 807.239 2109
-1036.41 806.091 2106
-1040 806.091 2106
-1043.59 806.091 2106
-1047.18 806.091 2106
-1049.77 805.325 2104
-1053.36 805.325 2104
-1053.93 803.029 2098
-1054.99 801.115 2093
-1057.54 800.349 2091
-1061.11 800.349 2091
-1060.6 797.287 2083
-1061.6 795.374 2078
-1062.06 793.077 2072
-1065.6 793.077 2072
2057.36 1481.92 3889
2050.74 1481.92 3889
2077.74 1506.3 3953
2071.01 1506.3 3953
2069.49 1510.11 3963
2062.73 1510.11 3963
2055.98 1510.11 3963
2039.4 1502.87 3944
2032.67 1502.87 3944
1993.07 1478.49 3880
1941.41 1444.95 3792
1913 1428.57 3749
1915.25 1435.05 3766
1908.83 1435.05 3766
1906.46 1438.09 3774
1922.17 1454.86 3818
1933.23 1468.2 3853
1926.66 1468.2 3853
1929.06 1475.06 3871
1926.93 1478.49 3880
1920.32 1478.49 3880
1913.7 1478.49 3880
1454.7 1510.11 3963
1451.23 1513.54 3972
1444.46 1513.54 3972
1437.69 1513.54 3972
1424.07 1506.3 3953
1417.34 1506.3 3953
1410.6 1506.3 3953
1400.66 1502.87 3944
1387.22 1495.63 3925
1374.2 1488.77 3907
1367.54 1488.77 3907
1357.74 1485.35 3898
1341.74 1475.06 3871
1335.14 1475.06 3871
1328.54 1475.06 3871
1318.87 1471.63 3862
1309.23 1468.2 3853
1287.78 1451.43 3809
1281.29 1451.43 3809
1271.79 1448 3800
1256.65 1438.09 3774
1244.58 1431.62 3757
1238.18 1431.62 3757
1231.78 1431.62 3757
1222.76 1428.57 3749
1213.45 1425.14 3740
1212.56 1431.62 3757
1206.16 1431.62 3757
1202.63 1435.05 3766
1196.21 1435.05 3766
1189.79 1435.05 3766
1183.36 1435.05 3766
1174.13 1431.62 3757
1165.24 1428.57 3749
1158.85 1428.57 3749
1149.69 1425.14 3740
1138.43 1419.04 3724
1129.64 1415.99 3716
1130.56 1425.14 3740
1124.19 1425.14 3740
1125.58 1435.05 3766
1121.54 1438.09 3774
1115.11 1438.09 3774
1108.67 1438.09 3774
1102.24 1438.09 3774
1093.48 1435.05 3766
1087.06 1435.05 3766
1078.06 1431.62 3757
1066.81 1425.14 3740
1053.63 1415.99 3716
1047.29 1415.99 3716
1036.19 1409.52 3699
1029.89 1409.52 3699
1021.37 1406.47 3691
1015.08 1406.47 3691
1008.78 1406.47 3691
1002.49 1406.47 3691
996.2 1406.47 3691
992.054 1409.52 3699
985.748 1409.52 3699
979.442 1409.52 3699
971.032 1406.47 3691
964.739 1406.47 3691
956.37 1403.42 3683
948.027 1400.37 3675
941.763 1400.37 3675
937.534 1403.42 3683
931.255 1403.42 3683
926.986 1406.47 3691
924.685 1412.56 3707
922.577 1419.04 3724
916.229 1419.04 3724
911.835 1422.09 3732
907.413 1425.14 3740
901.038 1425.14 3740
894.662 1425.14 3740
888.286 1425.14 3740
885.919 1431.62 3757
883.494 1438.09 3774
877.06 1438.09 3774
872.703 1441.52 3783
866.254 1441.52 3783
859.805 1441.52 3783
853.356 1441.52 3783
846.907 1441.52 3783
842.457 1444.95 3792
835.993 1444.95 3792
829.528 1444.95 3792
823.064 1444.95 3792
814.661 1441.52 3783
808.212 1441.52 3783
799.856 1438.09 3774
793.422 1438.09 3774
786.988 1438.09 3774
780.555 1438.09 3774
772.48 1435.05 3766
762.602 1428.57 3749
752.782 1422.09 3732
746.42 1422.09 3732
735.1 1412.56 3707
725.635 1406.47 3691
717.784 1403.42 3683
711.505 1403.42 3683
703.695 1400.37 3675
695.911 1397.32 3667
684.958 1387.8 3642
678.75 1387.8 3642
671.248 1385.13 3635
665.051 1385.13 3635
657.405 1382.08 3627
651.222 1382.08 3627
643.616 1379.03 3619
636.037 1375.98 3611
628.486 1372.93 3603
622.344 1372.93 3603
616.201 1372.93 3603
607.519 1367.22 3588
600.062 1364.17 3580
593.959 1364.17 3580
587.856 1364.17 3580
581.753 1364.17 3580
575.65 1364.17 3580
569.547 1364.17 3580
563.444 1364.17 3580
557.341 1364.17 3580
553.547 1369.89 3595
547.419 1369.89 3595
541.29 1369.89 3595
535.162 1369.89 3595
528.003 1367.22 3588
521.886 1367.22 3588
514.62 1364.17 3580
508.517 1364.17 3580
502.414 1364.17 3580
496.311 1364.17 3580
489.112 1361.12 3572
482.076 1358.45 3565
475.999 1358.45 3565
469.922 1358.45 3565
463.844 1358.45 3565
457.767 1358.45 3565
451.689 1358.45 3565
445.612 1358.45 3565
438.548 1355.41 3557
432.484 1355.41 3557
426.421 1355.41 3557
416.811 1343.97 3527
410.799 1343.97 3527
403.065 1338.26 3512
393.799 1327.21 3483
384.632 1316.16 3454
378.744 1316.16 3454
369.833 1305.49 3426
363.992 1305.49 3426
358.152 1305.49 3426
352.311 1305.49 3426
-8.8189 168.807 443
-9.57411 168.807 443
-10.3293 168.807 443
-11.0845 168.807 443
-11.8397 168.807 443
-12.5949 168.807 443
-13.2899 168.044 441
-14.0098 167.663 440
-14.7263 167.282 439
-15.4395 166.901 438
-16.1862 166.901 438
-16.8942 166.52 437
-17.5988 166.139 436
-18.3 165.758 435
-19.0416 165.758 435
-19.7831 165.758 435
-20.4775 165.377 434
-21.2174 165.377 434
-21.9572 165.377 434
-22.6448 164.996 433
-23.3289 164.615 432
-24.0097 164.234 431
-24.7444 164.234 431
-25.4201 163.853 430
-26.0315 163.091 428
-26.5735 161.948 425
-27.1696 161.185 423
-27.8907 161.185 423
-28.4765 160.423 421
-29.0555 159.661 419
-29.6988 159.28 418
-30.3386 158.899 417
-31.0495 158.899 417
-31.7603 158.899 417
-32.3934 158.518 416
-32.9434 157.756 414
-33.6492 157.756 414
-34.3549 157.756 414
-34.976 157.375 413
-35.6801 157.375 413
-36.296 156.994 412
-36.9984 156.994 412
-37.7007 156.994 412
-38.2167 156.232 410
-38.9156 156.232 410
-39.6146 156.232 410
-40.2152 155.851 409
-40.8124 155.47 408
-41.4062 155.089 407
-42.1 155.089 407
-42.7939 155.089 407
-43.3808 154.708 406
-43.9644 154.327 405
-44.6548 154.327 405
-45.3453 154.327 405
-46.0357 154.327 405
-46.6107 153.945 404
-47.2995 153.945 404
-47.9882 153.945 404
-48.6769 153.945 404
-49.3656 153.945 404
-50.0543 153.945 404
-50.743 153.945 404
-51.3045 153.564 403
-68.9655 150.135 394
-69.6371 150.135 394
-70.4873 150.516 395
-71.3408 150.897 396
-72.0159 150.897 396
-72.6909 150.897 396
-73.366 150.897 396
-74.0411 150.897 396
-74.7162 150.897 396
-75.2009 150.516 395
-76.0664 150.897 396
-76.9352 151.278 397
-77.612 151.278 397
-78.486 151.659 398
-79.3634 152.04 399
-80.0436 152.04 399
-80.7238 152.04 399
-81.404 152.04 399
-82.0842 152.04 399
-82.9718 152.421 400
-83.6537 152.421 400
-84.3356 152.421 400
-85.0175 152.421 400
-85.6994 152.421 400
-86.3813 152.421 400
-87.2808 152.802 401
-87.9645 152.802 401
-88.6481 152.802 401
-89.3317 152.802 401
-90.2397 153.183 402
-90.925 153.183 402
-91.6104 153.183 402
-92.2957 153.183 402
-102.165 161.185 423
-102.886 161.185 423
-103.607 161.185 423
-104.575 161.567 424
-105.546 161.948 425
-106.27 161.948 425
-107.247 162.329 426
-107.973 162.329 426
-108.954 162.71 427
-109.682 162.71 427
-110.41 162.71 427
-111.398 163.091 428
-112.39 163.472 429
-113.121 163.472 429
-114.383 164.234 431
-115.385 164.615 432
-116.391 164.996 433
-117.129 164.996 433
-118.139 165.377 434
-118.879 165.377 434
-119.619 165.377 434
-120.636 165.758 435
-121.657 166.139 436
-122.681 166.52 437
-123.426 166.52 437
-124.455 166.901 438
-125.773 167.663 440
-126.811 168.044 441
-127.563 168.044 441
-128.605 168.425 442
-129.944 169.188 444
-130.701 169.188 444
-132.05 169.95 446
-133.108 170.331 447
-133.87 170.331 447
-134.632 170.331 447
-135.394 170.331 447
-875.604 882.9 2317
-879.554 882.9 2317
-883.504 882.9 2317
-886.305 881.757 2314
-890.25 881.757 2314
-893.035 880.614 2311
-895.422 879.09 2307
-894.677 874.517 2295
-898.589 874.517 2295
-902.502 874.517 2295
-903.65 871.849 2288
-907.55 871.849 2288
-911.451 871.849 2288
-914.151 870.706 2285
-918.046 870.706 2285
-918.31 867.277 2276
-922.19 867.277 2276
-918.339 860.037 2257
-919.735 857.751 2251
-922.342 856.607 2248
-926.174 856.607 2248
-928.765 855.464 2245
-931.346 854.321 2242
-932.666 852.035 2236
-936.477 852.035 2236
-939.028 850.892 2233
-936.501 845.176 2218
-934.347 839.841 2204
-938.104 839.841 2204
-941.862 839.841 2204
-937.896 832.982 2186
-940.761 832.22 2184
-944.484 832.22 2184
-946.905 831.077 2181
-950.623 831.077 2181
-950.403 827.647 2172
-954.106 827.647 2172
-957.808 827.647 2172
-960.183 826.504 2169
-963.881 826.504 2169
-967.578 826.504 2169
-971.276 826.504 2169
-974.973 826.504 2169
-977.769 825.742 2167
-981.463 825.742 2167
-981.065 822.313 2158
-984.744 822.313 2158
-984.759 819.264 2150
-988.424 819.264 2150
-990.705 818.121 2147
-992.049 816.216 2142
-992.912 813.929 2136
-996.553 813.929 2136
-998.79 812.786 2133
-1002.43 812.786 2133
-1003.7 810.881 2128
-1007.33 810.881 2128
-1010.96 810.881 2128
-1013.16 809.738 2125
-1015.34 808.595 2122
-1018.96 808.595 2122
-1021.62 807.833 2120
-1025.23 807.833 2120
-1027.39 806.689 2117
-1031 806.689 2117
-1030.7 803.641 2109
-1034.29 803.641 2109
-1036.41 802.498 2106
-1040 802.498 2106
-1043.59 802.498 2106
-1046.19 801.736 2104
-1048.28 800.593 2101
-1051.86 800.593 2101
-1052.93 798.687 2096
-1054.99 797.544 2093
-1057.54 796.782 2091
-1061.11 796.782 2091
-1059.07 792.59 2080
-1061.6 791.828 2078
-1061.04 788.78 2070
-1064.57 788.78 2070
2057.36 1475.28 3889
2050.74 1475.28 3889
2077.74 1499.56 3953
2071.01 1499.56 3953
2069.49 1503.35 3963
2062.73 1503.35 3963
2055.98 1503.35 3963
2039.4 1496.14 3944
2032.67 1496.14 3944
1993.07 1471.87 3880
1941.41 1438.48 3792
1913 1422.17 3749
1915.25 1428.62 3766
1908.83 1428.62 3766
1906.46 1431.66 3774
1922.17 1448.35 3818
1933.23 1461.62 3853
1926.66 1461.62 3853
1929.06 1468.45 3871
1926.93 1471.87 3880
1920.32 1471.87 3880
1913.7 1471.87 3880
1454.7 1503.35 3963
1451.23 1506.77 3972
1444.46 1506.77 3972
1437.69 1506.77 3972
1424.07 1499.56 3953
1417.34 1499.56 3953
1410.6 1499.56 3953
1400.66 1496.14 3944
1387.22 1488.94 3925
1377.37 1485.52 3916
1370.69 1485.52 3916
1364.01 1485.52 3916
1351.1 1478.69 3898
1341.35 1475.28 3889
1334.72 1475.28 3889
1328.09 1475.28 3889
1312.29 1465.04 3862
1290.83 1448.35 3818
1284.32 1448.35 3818
1271.79 1441.52 3800
1256.65 1431.66 3774
1244.58 1425.21 3757
1238.18 1425.21 3757
1231.78 1425.21 3757
1222.76 1422.17 3749
1213.45 1418.76 3740
1215.47 1428.62 3766
1209.05 1428.62 3766
1208.05 1435.07 3783
1201.6 1435.07 3783
1195.16 1435.07 3783
1185.88 1431.66 3774
1176.94 1428.62 3766
1167.73 1425.21 3757
1161.32 1425.21 3757
1152.46 1422.17 3749
1138.43 1412.69 3724
1129.64 1409.65 3716
1135.7 1425.21 3757
1129.3 1425.21 3757
1127.98 1431.66 3774
1124.22 1435.07 3783
1120.43 1438.48 3792
1113.96 1438.48 3792
1107.5 1438.48 3792
1101.03 1438.48 3792
1094.57 1438.48 3792
1085.52 1435.07 3783
1071.66 1425.21 3757
1058.16 1415.72 3732
1051.8 1415.72 3732
1040.96 1409.65 3716
1029.89 1403.2 3699
1023.58 1403.2 3699
1017.28 1403.2 3699
1010.97 1403.2 3699
1004.67 1403.2 3699
1000.52 1406.24 3707
994.199 1406.24 3707
987.88 1406.24 3707
981.56 1406.24 3707
973.136 1403.2 3699
966.83 1403.2 3699
958.447 1400.17 3691
948.027 1394.1 3675
943.813 1397.14 3683
939.57 1400.17 3691
933.278 1400.17 3691
926.986 1400.17 3691
924.685 1406.24 3707
924.559 1415.72 3732
918.197 1415.72 3732
915.988 1422.17 3749
909.597 1422.17 3749
905.133 1425.21 3757
898.729 1425.21 3757
892.324 1425.21 3757
888.041 1428.62 3766
883.494 1431.66 3774
877.06 1431.66 3774
872.703 1435.07 3783
866.254 1435.07 3783
859.805 1435.07 3783
853.356 1435.07 3783
846.907 1435.07 3783
842.457 1438.48 3792
835.993 1438.48 3792
829.528 1438.48 3792
823.064 1438.48 3792
814.661 1435.07 3783
808.212 1435.07 3783
799.856 1431.66 3774
793.422 1431.66 3774
786.988 1431.66 3774
780.555 1431.66 3774
772.48 1428.62 3766
762.602 1422.17 3749
752.782 1415.72 3732
746.42 1415.72 3732
735.1 1406.24 3707
725.635 1400.17 3691
717.784 1397.14 3683
711.505 1397.14 3683
703.695 1394.1 3675
697.43 1394.1 3675
686.463 1384.62 3650
680.24 1384.62 3650
672.541 1381.58 3642
666.332 1381.58 3642
658.855 1378.93 3635
652.658 1378.93 3635
645.038 1375.89 3627
637.446 1372.86 3619
629.881 1369.82 3611
623.725 1369.82 3611
617.57 1369.82 3611
607.519 1361.1 3588
601.403 1361.1 3588
595.286 1361.1 3588
587.856 1358.06 3580
581.753 1358.06 3580
575.65 1358.06 3580
569.547 1358.06 3580
563.444 1358.06 3580
558.586 1361.1 3588
553.547 1363.75 3595
547.419 1363.75 3595
541.29 1363.75 3595
535.162 1363.75 3595
529.033 1363.75 3595
522.905 1363.75 3595
516.776 1363.75 3595
509.653 1361.1 3588
503.537 1361.1 3588
497.42 1361.1 3588
490.208 1358.06 3580
483.023 1355.03 3572
476.934 1355.03 3572
470.844 1355.03 3572
464.755 1355.03 3572
458.666 1355.03 3572
452.576 1355.03 3572
446.487 1355.03 3572
439.535 1352.37 3565
433.457 1352.37 3565
426.421 1349.34 3557
420.357 1349.34 3557
414.293 1349.34 3557
403.065 1332.27 3512
395.382 1326.58 3497
384.632 1310.26 3454
378.744 1310.26 3454
371.344 1304.95 3440
363.992 1299.64 3426
357.42 1296.99 3419
351.592 1296.99 3419
-8.8189 168.051 443
-9.57411 168.051 443
-10.3293 168.051 443
-11.0845 168.051 443
-11.813 167.671 442
-12.5665 167.671 442
-13.2899 167.292 441
-13.978 166.533 439
-14.7263 166.533 439
-15.4042 165.775 437
-16.1492 165.775 437
-16.8942 165.775 437
-17.5988 165.395 436
-18.3 165.016 435
-19.0416 165.016 435
-19.7831 165.016 435
-20.4775 164.637 434
-21.2174 164.637 434
-21.9572 164.637 434
-22.6448 164.257 433
-23.3289 163.878 432
-24.0097 163.499 431
-24.7444 163.499 431
-25.4201 163.119 430
-26.0315 162.361 428
-26.5735 161.222 425
-28.2736 158.567 418
-28.9862 158.567 418
-29.6988 158.567 418
-30.3386 158.188 417
-31.0495 158.188 417
-31.7603 158.188 417
-32.3934 157.808 416
-32.9434 157.05 414
-33.6492 157.05 414
-34.3549 157.05 414
-34.976 156.67 413
-35.6801 156.67 413
-36.296 156.291 412
-36.9984 156.291 412
-37.6092 155.912 411
-38.2167 155.532 410
-38.8207 155.153 409
-39.5179 155.153 409
-40.2152 155.153 409
-40.8124 154.774 408
-41.4062 154.394 407
-42.1 154.394 407
-42.7939 154.394 407
-43.3808 154.015 406
-43.9644 153.636 405
-44.6548 153.636 405
-45.3453 153.636 405
-46.0357 153.636 405
-46.6107 153.256 404
-47.2995 153.256 404
-47.9882 153.256 404
-48.6769 153.256 404
-49.3656 153.256 404
-50.0543 153.256 404
-50.743 153.256 404
-51.3045 152.877 403
-68.9655 149.463 394
-69.6371 149.463 394
-70.6657 150.221 396
-71.3408 150.221 396
-72.0159 150.221 396
-72.8745 150.601 397
-73.5513 150.601 397
-74.2281 150.601 397
-74.9049 150.601 397
-75.3913 150.221 396
-76.0664 150.221 396
-76.9352 150.601 397
-77.612 150.601 397
-78.486 150.98 398
-79.3634 151.359 399
-80.0436 151.359 399
-80.7238 151.359 399
-81.404 151.359 399
-82.2899 151.739 400
-82.9718 151.739 400
-83.6537 151.739 400
-84.3356 151.739 400
-85.0175 151.739 400
-85.9136 152.118 401
-86.5972 152.118 401
-87.2808 152.118 401
-87.9645 152.118 401
-88.6481 152.118 401
-89.3317 152.118 401
-90.2397 152.497 402
-91.1512 152.877 403
-91.8382 152.877 403
-92.5253 152.877 403
-101.444 160.464 423
-102.165 160.464 423
-102.886 160.464 423
-103.607 160.464 423
-104.575 160.843 424
-105.546 161.222 425
-106.27 161.222 425
-106.995 161.222 425
-107.973 161.602 426
-108.954 161.981 427
-109.682 161.981 427
-110.41 161.981 427
-111.398 162.361 428
-112.128 162.361 428
-112.858 162.361 428
-114.383 163.499 431
-115.652 164.257 433
-116.391 164.257 433
-117.129 164.257 433
-118.139 164.637 434
-118.879 164.637 434
-119.619 164.637 434
-120.636 165.016 435
-121.657 165.395 436
-122.681 165.775 437
-123.426 165.775 437
-124.455 166.154 438
-125.773 166.913 440
-126.811 167.292 441
-127.563 167.292 441
-128.605 167.671 442
-129.944 168.43 444
-130.701 168.43 444
-132.05 169.189 446
-133.108 169.568 447
-133.87 169.568 447
-134.632 169.568 447
-135.394 169.568 447
-879.691 875.154 2307
-883.624 875.154 2307
-887.557 875.154 2307
-886.852 870.601 2295
-890.765 870.601 2295
-893.508 869.463 2292
-897.415 869.463 2292
-899.749 867.946 2288
-901.28 865.67 2282
-905.17 865.67 2282
-909.06 865.67 2282
-912.951 865.67 2282
-914.43 863.394 2276
-915.889 861.118 2270
-919.759 861.118 2270
-917.119 855.048 2254
-918.51 852.772 2248
-921.111 851.634 2245
-924.938 851.634 2245
-927.524 850.496 2242
-928.854 848.22 2236
-931.414 847.082 2233
-935.221 847.082 2233
-933.981 842.53 2221
-935.234 840.254 2215
-934.347 836.081 2204
-938.104 836.081 2204
-939.298 833.805 2198
-937.896 829.253 2186
-940.761 828.494 2184
-944.484 828.494 2184
-946.905 827.356 2181
-949.315 826.218 2178
-950.403 823.942 2172
-954.106 823.942 2172
-957.808 823.942 2172
-960.183 822.804 2169
-963.881 822.804 2169
-967.578 822.804 2169
-971.276 822.804 2169
-974.973 822.804 2169
-976.415 820.907 2164
-980.104 820.907 2164
-981.065 818.631 2158
-984.744 818.631 2158
-984.759 815.596 2150
-988.424 815.596 2150
-990.705 814.458 2147
-992.049 812.561 2142
-992.912 810.285 2136
-996.553 810.285 2136
-998.79 809.147 2133
-1002.43 809.147 2133
-1003.7 807.25 2128
-1007.33 807.25 2128
-1010.96 807.25 2128
-1013.16 806.112 2125
-1015.34 804.974 2122
-1018.96 804.974 2122
-1021.62 804.216 2120
-1023.78 803.078 2117
-1027.39 803.078 2117
-1031 803.078 2117
-1030.7 800.043 2109
-1034.29 800.043 2109
-1036.41 798.905 2106
-1040 798.905 2106
-1043.59 798.905 2106
-1046.19 798.146 2104
-1048.28 797.008 2101
-1051.86 797.008 2101
-1052.93 795.111 2096
-1054.99 793.973 2093
-1057.54 793.215 2091
-1061.11 793.215 2091
-1059.07 789.042 2080
-1061.6 788.283 2078
-1061.04 785.248 2070
-1064.57 785.248 2070
2077.74 1492.81 3953
2071.01 1492.81 3953
2069.49 1496.59 3963
2062.73 1496.59 3963
2055.98 1496.59 3963
2039.4 1489.42 3944
2032.67 1489.42 3944
1988.45 1461.85 3871
1910.69 1409.36 3732
1904.33 1409.36 3732
1910.68 1418.8 3757
1904.27 1418.8 3757
1906.46 1425.22 3774
1917.64 1438.43 3809
1933.23 1455.05 3853
1926.66 1455.05 3853
1929.06 1461.85 3871
1926.93 1465.25 3880
1920.32 1465.25 3880
1913.7 1465.25 3880
1458 1499.99 3972
1451.23 1499.99 3972
1444.46 1499.99 3972
1437.69 1499.99 3972
1424.07 1492.81 3953
1417.34 1492.81 3953
1410.6 1492.81 3953
1397.47 1486.02 3935
1387.22 1482.24 3925
1377.37 1478.84 3916
1370.69 1478.84 3916
1364.01 1478.84 3916
1351.1 1472.04 3898
1341.35 1468.65 3889
1334.72 1468.65 3889
1328.09 1468.65 3889
1312.29 1458.45 3862
1290.83 1441.83 3818
1284.32 1441.83 3818
1271.79 1435.04 3800
1253.99 1422.2 3766
1241.93 1415.78 3749
1235.54 1415.78 3749
1229.15 1415.78 3749
1219.83 1412.38 3740
1213.45 1412.38 3740
1215.47 1422.2 3766
1209.05 1422.2 3766
1210.93 1432.01 3792
1204.46 1432.01 3792
1198 1432.01 3792
1191.53 1432.01 3792
1179.45 1425.22 3774
1167.73 1418.8 3757
1161.32 1418.8 3757
1152.46 1415.78 3749
1138.43 1406.33 3724
1129.64 1403.31 3716
1135.7 1418.8 3757
1129.3 1418.8 3757
1130.67 1428.62 3783
1126.89 1432.01 3792
1125.45 1438.43 3809
1118.96 1438.43 3809
1112.46 1438.43 3809
1105.97 1438.43 3809
1099.48 1438.43 3809
1088.1 1432.01 3792
1074.22 1422.2 3766
1062.98 1415.78 3749
1056.59 1415.78 3749
1043.2 1406.33 3724
1034.62 1403.31 3716
1028.29 1403.31 3716
1021.95 1403.31 3716
1015.62 1403.31 3716
1009.28 1403.31 3716
1002.95 1403.31 3716
998.759 1406.33 3724
992.41 1406.33 3724
986.062 1406.33 3724
979.713 1406.33 3724
973.365 1406.33 3724
960.525 1396.89 3699
954.219 1396.89 3699
945.863 1393.87 3691
939.57 1393.87 3691
933.278 1393.87 3691
931.004 1399.91 3707
930.921 1409.36 3732
928.77 1415.78 3749
922.379 1415.78 3749
917.943 1418.8 3757
911.538 1418.8 3757
907.302 1422.2 3766
900.882 1422.2 3766
894.461 1422.2 3766
889.928 1425.22 3774
885.601 1428.62 3783
879.152 1428.62 3783
872.703 1428.62 3783
866.254 1428.62 3783
861.85 1432.01 3792
855.386 1432.01 3792
848.922 1432.01 3792
844.234 1435.04 3800
837.756 1435.04 3800
831.278 1435.04 3800
824.8 1435.04 3800
818.322 1435.04 3800
811.844 1435.04 3800
801.763 1428.62 3783
795.314 1428.62 3783
786.988 1425.22 3774
780.555 1425.22 3774
774.121 1425.22 3774
764.229 1418.8 3757
754.395 1412.38 3740
748.02 1412.38 3740
738.471 1406.33 3724
728.78 1399.91 3707
720.902 1396.89 3699
714.596 1396.89 3699
706.758 1393.87 3691
697.43 1387.83 3675
686.463 1378.39 3650
680.24 1378.39 3650
672.541 1375.37 3642
666.332 1375.37 3642
658.855 1372.72 3635
652.658 1372.72 3635
645.038 1369.7 3627
637.446 1366.68 3619
629.881 1363.66 3611
623.725 1363.66 3611
617.57 1363.66 3611
607.519 1354.98 3588
601.403 1354.98 3588
595.286 1354.98 3588
587.856 1351.95 3580
581.753 1351.95 3580
575.65 1351.95 3580
569.547 1351.95 3580
563.444 1351.95 3580
558.586 1354.98 3588
553.547 1357.62 3595
548.637 1360.64 3603
542.495 1360.64 3603
536.353 1360.64 3603
530.211 1360.64 3603
524.068 1360.64 3603
516.776 1357.62 3595
510.647 1357.62 3595
504.519 1357.62 3595
498.39 1357.62 3595
491.303 1354.98 3588
484.105 1351.95 3580
476.934 1348.93 3572
470.844 1348.93 3572
464.755 1348.93 3572
458.666 1348.93 3572
452.576 1348.93 3572
446.487 1348.93 3572
440.398 1348.93 3572
433.457 1346.29 3565
427.38 1346.29 3565
421.302 1346.29 3565
414.293 1343.27 3557
403.983 1329.3 3520
395.382 1320.61 3497
384.632 1304.37 3454
378.744 1304.37 3454
372.1 1301.73 3447
364.736 1296.44 3433
357.42 1291.15 3419
351.592 1291.15 3419
-8.8189 167.295 443
-9.57411 167.295 443
-10.3293 167.295 443
-11.0845 167.295 443
-11.813 166.917 442
-12.5665 166.917 442
-13.2899 166.54 441
-13.978 165.784 439
-14.7263 165.784 439
-15.4042 165.029 437
-16.1492 165.029 437
-16.8942 165.029 437
-17.5988 164.651 436
-18.3 164.274 435
-19.0416 164.274 435
-19.7831 164.274 435
-20.4775 163.896 434
-21.2174 163.896 434
-21.9572 163.896 434
-22.6448 163.519 433
-23.3289 163.141 432
-24.0097 162.763 431
-24.7444 162.763 431
-25.4201 162.386 430
-26.0315 161.63 428
-29.6277 157.476 417
-30.3386 157.476 417
-31.0495 157.476 417
-31.7603 157.476 417
-32.3934 157.099 416
-32.9434 156.343 414
-33.6492 156.343 414
-34.3549 156.343 414
-34.976 155.966 413
-35.5937 155.588 412
-36.296 155.588 412
-36.9984 155.588 412
-37.6092 155.21 411
-38.2167 154.833 410
-38.8207 154.455 409
-39.5179 154.455 409
-40.2152 154.455 409
-40.8124 154.077 408
-41.4062 153.7 407
-42.1 153.7 407
-42.7939 153.7 407
-43.3808 153.322 406
-43.9644 152.945 405
-44.6548 152.945 405
-45.3453 152.945 405
-46.0357 152.945 405
-46.6107 152.567 404
-47.2995 152.567 404
-47.9882 152.567 404
-48.6769 152.567 404
-49.2434 152.189 403
-49.9304 152.189 403
-50.6174 152.189 403
-51.3045 152.189 403
-68.9655 148.791 394
-69.6371 148.791 394
-70.6657 149.546 396
-71.3408 149.546 396
-72.0159 149.546 396
-72.8745 149.923 397
-73.5513 149.923 397
-74.2281 149.923 397
-74.9049 149.923 397
-75.3913 149.546 396
-76.0664 149.546 396
-77.129 150.301 398
-77.8075 150.301 398
-78.6832 150.679 399
-79.3634 150.679 399
-80.0436 150.679 399
-80.7238 150.679 399
-81.404 150.679 399
-82.2899 151.056 400
-82.9718 151.056 400
-83.6537 151.056 400
-84.3356 151.056 400
-85.0175 151.056 400
-85.9136 151.434 401
-86.5972 151.434 401
-87.2808 151.434 401
-87.9645 151.434 401
-88.6481 151.434 401
-89.5544 151.812 402
-90.4642 152.189 403
-91.1512 152.189 403
-91.8382 152.189 403
-92.5253 152.189 403
-101.444 159.742 423
-102.165 159.742 423
-102.886 159.742 423
-103.607 159.742 423
-104.575 160.12 424
-105.298 160.12 424
-106.02 160.12 424
-106.995 160.497 425
-107.973 160.875 426
-108.699 160.875 426
-109.425 160.875 426
-110.41 161.253 427
-111.138 161.253 427
-112.39 162.008 429
-113.121 162.008 429
-114.383 162.763 431
-115.652 163.519 433
-116.391 163.519 433
-117.399 163.896 434
-118.139 163.896 434
-119.153 164.274 435
-119.894 164.274 435
-120.636 164.274 435
-121.657 164.651 436
-122.961 165.407 438
-123.708 165.407 438
-124.739 165.784 439
-125.773 166.162 440
-126.811 166.54 441
-127.563 166.54 441
-128.605 166.917 442
-129.944 167.673 444
-130.701 167.673 444
-132.05 168.428 446
-133.108 168.805 447
-133.87 168.805 447
-134.632 168.805 447
-135.394 168.805 447
-879.691 871.218 2307
-883.624 871.218 2307
-887.557 871.218 2307
-886.852 866.686 2295
-890.765 866.686 2295
-893.508 865.553 2292
-897.415 865.553 2292
-899.749 864.042 2288
-901.28 861.777 2282
-905.17 861.777 2282
-909.06 861.777 2282
-912.951 861.777 2282
-912.02 857.245 2270
-912.258 853.846 2261
-916.112 853.846 2261
-915.898 850.07 2251
-914.832 845.538 2239
-917.418 844.405 2236
-921.23 844.405 2236
-923.801 843.272 2233
-925.115 841.006 2227
-926.409 838.74 2221
-930.195 838.74 2221
-931.458 836.475 2215
-930.59 832.321 2204
-933.075 831.188 2201
-936.828 831.188 2201
-936.734 827.789 2192
-937.896 825.523 2186
-939.469 823.635 2181
-943.187 823.635 2181
-945.602 822.502 2178
-948.008 821.369 2175
-950.403 820.236 2172
-954.106 820.236 2172
-956.485 819.103 2169
-960.183 819.103 2169
-963.881 819.103 2169
-967.578 819.103 2169
-971.276 819.103 2169
-972.726 817.215 2164
-975.061 816.082 2161
-978.745 816.082 2161
-981.065 814.949 2158
-983.375 813.816 2155
-984.759 811.928 2150
-988.424 811.928 2150
-990.705 810.795 2147
-992.976 809.662 2144
-994.306 807.774 2139
-997.953 807.774 2139
-998.79 805.508 2133
-1002.43 805.508 2133
-1005.12 804.753 2131
-1008.75 804.753 2131
-1010.96 803.62 2128
-1013.16 802.487 2125
-1015.34 801.354 2122
-1018.96 801.354 2122
-1021.62 800.599 2120
-1023.78 799.466 2117
-1027.39 799.466 2117
-1031 799.466 2117
-1030.7 796.445 2109
-1034.29 796.445 2109
-1036.41 795.312 2106
-1040 795.312 2106
-1042.6 794.556 2104
-1046.19 794.556 2104
-1048.28 793.424 2101
-1051.86 793.424 2101
-1052.93 791.535 2096
-1053.98 789.647 2091
-1054.51 787.381 2085
-1058.06 787.381 2085
-1058.05 784.738 2078
-1058.53 782.472 2072
-1061.04 781.717 2070
-1064.57 781.717 2070
1906.4 1390.58 3699
1900.1 1390.58 3699
1893.79 1390.58 3699
1887.49 1390.58 3699
1889.83 1396.97 3716
1883.49 1396.97 3716
1897.87 1412.39 3757
1909.08 1425.54 3792
1902.62 1425.54 3792
1896.15 1425.54 3792
1893.68 1428.55 3800
1913.52 1448.48 3853
1906.95 1448.48 3853
1900.38 1448.48 3853
1464.98 1500.36 3991
1458.17 1500.36 3991
1451.37 1500.36 3991
1444.57 1500.36 3991
1424.07 1486.07 3953
1417.34 1486.07 3953
1404.17 1479.3 3935
1393.91 1475.54 3925
1387.22 1475.54 3925
1380.53 1475.54 3925
1373.84 1475.54 3925
1367.15 1475.54 3925
1360.46 1475.54 3925
1350.66 1472.16 3916
1343.99 1472.16 3916
1337.31 1472.16 3916
1321.46 1462.01 3889
1296.57 1441.71 3835
1290.04 1441.71 3835
1271.79 1428.55 3800
1253.99 1415.77 3766
1241.93 1409.38 3749
1235.54 1409.38 3749
1229.15 1409.38 3749
1219.83 1406 3740
1213.45 1406 3740
1218.05 1418.78 3774
1211.61 1418.78 3774
1210.93 1425.54 3792
1204.46 1425.54 3792
1198 1425.54 3792
1191.53 1425.54 3792
1179.45 1418.78 3774
1167.73 1412.39 3757
1161.32 1412.39 3757
1152.46 1409.38 3749
1138.43 1399.98 3724
1129.64 1396.97 3716
1135.7 1412.39 3757
1129.3 1412.39 3757
1130.67 1422.16 3783
1126.89 1425.54 3792
1125.45 1431.94 3809
1118.96 1431.94 3809
1112.46 1431.94 3809
1105.97 1431.94 3809
1099.48 1431.94 3809
1088.1 1425.54 3792
1074.22 1415.77 3766
1062.98 1409.38 3749
1056.59 1409.38 3749
1043.2 1399.98 3724
1034.62 1396.97 3716
1030.5 1399.98 3724
1024.15 1399.98 3724
1017.8 1399.98 3724
1011.46 1399.98 3724
1007.27 1402.99 3732
1000.9 1402.99 3732
994.542 1402.99 3732
988.18 1402.99 3732
981.818 1402.99 3732
975.456 1402.99 3732
967.016 1399.98 3724
958.604 1396.97 3716
952.269 1396.97 3716
947.971 1399.98 3724
941.622 1399.98 3724
935.274 1399.98 3724
930.921 1402.99 3732
930.752 1412.39 3757
924.348 1412.39 3757
920.142 1415.77 3766
920.03 1425.54 3792
913.565 1425.54 3792
907.101 1425.54 3792
900.637 1425.54 3792
898.181 1431.94 3809
893.795 1435.32 3818
887.286 1435.32 3818
880.777 1435.32 3818
874.268 1435.32 3818
867.76 1435.32 3818
857.19 1428.55 3800
850.712 1428.55 3800
846.234 1431.94 3809
841.725 1435.32 3818
835.216 1435.32 3818
828.707 1435.32 3818
820.26 1431.94 3809
813.767 1431.94 3809
803.671 1425.54 3792
797.206 1425.54 3792
788.865 1422.16 3783
782.416 1422.16 3783
774.121 1418.78 3774
764.229 1412.39 3757
754.395 1406 3740
748.02 1406 3740
740.057 1402.99 3732
730.55 1396.97 3716
722.461 1393.59 3707
716.141 1393.59 3707
708.29 1390.58 3699
698.948 1384.57 3683
686.463 1372.16 3650
680.24 1372.16 3650
674.018 1372.16 3650
667.796 1372.16 3650
660.123 1369.15 3642
653.915 1369.15 3642
645.038 1363.52 3627
638.855 1363.52 3627
631.277 1360.51 3619
625.107 1360.51 3619
617.57 1357.5 3611
608.705 1351.49 3595
602.576 1351.49 3595
596.447 1351.49 3595
589.169 1348.85 3588
583.053 1348.85 3588
575.65 1345.85 3580
570.82 1348.85 3588
564.703 1348.85 3588
559.676 1351.49 3595
554.779 1354.49 3603
548.637 1354.49 3603
542.495 1354.49 3603
536.353 1354.49 3603
530.211 1354.49 3603
524.068 1354.49 3603
516.776 1351.49 3595
510.647 1351.49 3595
504.519 1351.49 3595
498.39 1351.49 3595
491.303 1348.85 3588
484.105 1345.85 3580
476.934 1342.84 3572
470.844 1342.84 3572
464.755 1342.84 3572
458.666 1342.84 3572
452.576 1342.84 3572
446.487 1342.84 3572
440.398 1342.84 3572
433.457 1340.21 3565
427.38 1340.21 3565
421.302 1340.21 3565
414.293 1337.2 3557
403.983 1323.29 3520
395.382 1314.64 3497
384.632 1298.48 3454
378.744 1298.48 3454
372.1 1295.85 3447
364.736 1290.58 3433
357.42 1285.32 3419
351.592 1285.32 3419
-16.0753 163.532 435
-16.8169 163.532 435
-17.5584 163.532 435
-18.3 163.532 435
-19.0416 163.532 435
-19.7831 163.532 435
-20.4303 162.78 433
-21.1685 162.78 433
-21.9066 162.78 433
-22.5925 162.404 432
-23.3289 162.404 432
-24.0097 162.028 431
-24.7444 162.028 431
-25.4201 161.652 430
-29.6277 156.765 417
-30.3386 156.765 417
-31.0495 156.765 417
-31.7603 156.765 417
-32.3934 156.389 416
-32.9434 155.637 414
-33.6492 155.637 414
-34.3549 155.637 414
-34.976 155.261 413
-35.6801 155.261 413
-36.3841 155.261 413
-36.9984 154.885 412
-37.6092 154.509 411
-38.2167 154.133 410
-38.8207 153.757 409
-39.5179 153.757 409
-40.2152 153.757 409
-40.8124 153.381 408
-41.4062 153.005 407
-42.1 153.005 407
-42.7939 153.005 407
-43.3808 152.63 406
-43.9644 152.254 405
-44.6548 152.254 405
-45.3453 152.254 405
-46.0357 152.254 405
-46.6107 151.878 404
-47.2995 151.878 404
-47.9882 151.878 404
-48.5564 151.502 403
-49.2434 151.502 403
-49.9304 151.502 403
-50.6174 151.502 403
-51.3045 151.502 403
-68.9655 148.118 394
-69.6371 148.118 394
-70.6657 148.87 396
-71.3408 148.87 396
-72.0159 148.87 396
-72.8745 149.246 397
-73.5513 149.246 397
-74.2281 149.246 397
-74.9049 149.246 397
-75.3913 148.87 396
-76.0664 148.87 396
-77.129 149.622 398
-77.8075 149.622 398
-78.6832 149.998 399
-79.3634 149.998 399
-80.0436 149.998 399
-80.7238 149.998 399
-81.404 149.998 399
-82.2899 150.374 400
-82.9718 150.374 400
-83.6537 150.374 400
-84.3356 150.374 400
-85.0175 150.374 400
-85.9136 150.75 401
-86.5972 150.75 401
-87.2808 150.75 401
-87.9645 150.75 401
-88.6481 150.75 401
-89.5544 151.126 402
-90.4642 151.502 403
-91.1512 151.502 403
-91.8382 151.502 403
-92.5253 151.502 403
-101.444 159.02 423
-102.165 159.02 423
-102.886 159.02 423
-103.607 159.02 423
-104.575 159.396 424
-105.298 159.396 424
-106.02 159.396 424
-106.995 159.772 425
-107.973 160.148 426
-108.699 160.148 426
-109.425 160.148 426
-110.41 160.524 427
-111.138 160.524 427
-112.652 161.652 430
-113.385 161.652 430
-114.383 162.028 431
-115.652 162.78 433
-116.391 162.78 433
-117.399 163.156 434
-118.139 163.156 434
-119.153 163.532 435
-119.894 163.532 435
-120.913 163.908 436
-121.657 163.908 436
-122.961 164.659 438
-123.708 164.659 438
-124.739 165.035 439
-125.773 165.411 440
-126.523 165.411 440
-127.563 165.787 441
-128.605 166.163 442
-129.944 166.915 444
-130.701 166.915 444
-132.05 167.667 446
-133.108 168.043 447
-133.87 168.043 447
-134.632 168.043 447
-135.394 168.043 447
-879.691 867.282 2307
-883.624 867.282 2307
-887.557 867.282 2307
-885.693 861.643 2292
-889.6 861.643 2292
-886.101 854.5 2273
-889.976 854.5 2273
-893.85 854.5 2273
-895.356 852.244 2267
-900.41 853.372 2270
-904.28 853.372 2270
-908.15 853.372 2270
-912.02 853.372 2270
-912.258 849.989 2261
-916.112 849.989 2261
-915.898 846.229 2251
-914.832 841.718 2239
-917.418 840.59 2236
-921.23 840.59 2236
-923.801 839.462 2233
-925.115 837.207 2227
-926.409 834.951 2221
-930.195 834.951 2221
-931.458 832.696 2215
-930.59 828.56 2204
-933.075 827.432 2201
-936.828 827.432 2201
-936.734 824.049 2192
-937.896 821.793 2186
-939.469 819.914 2181
-943.187 819.914 2181
-945.602 818.786 2178
-948.008 817.658 2175
-950.403 816.53 2172
-954.106 816.53 2172
-956.485 815.403 2169
-960.183 815.403 2169
-963.881 815.403 2169
-967.578 815.403 2169
-970.38 814.651 2167
-972.726 813.523 2164
-975.061 812.395 2161
-978.745 812.395 2161
-981.065 811.267 2158
-983.375 810.139 2155
-984.759 808.26 2150
-988.424 808.26 2150
-990.705 807.132 2147
-992.976 806.004 2144
-994.306 804.125 2139
-997.953 804.125 2139
-1000.19 802.997 2136
-1002.43 801.869 2133
-1005.12 801.117 2131
-1008.75 801.117 2131
-1010.96 799.989 2128
-1013.16 798.861 2125
-1015.34 797.734 2122
-1018.96 797.734 2122
-1021.62 796.982 2120
-1023.78 795.854 2117
-1025.93 794.726 2114
-1029.54 794.726 2114
-1030.7 792.846 2109
-1034.29 792.846 2109
-1036.41 791.719 2106
-1040 791.719 2106
-1042.6 790.967 2104
-1044.69 789.839 2101
-1048.28 789.839 2101
-1051.86 789.839 2101
-1051.42 786.832 2093
-1052.47 784.952 2088
-1054.51 783.824 2085
-1058.06 783.824 2085
-1058.05 781.193 2078
-1057.51 778.185 2070
-1056.94 775.178 2062
-1060.45 775.178 2062
1885.27 1368.93 3658
1879.04 1368.93 3658
1885.6 1378.28 3683
1879.32 1378.28 3683
1885.25 1387.27 3707
1878.93 1387.27 3707
1893.83 1402.98 3749
1904.55 1415.71 3783
1902.62 1419.08 3792
1896.15 1419.08 3792
1889.69 1419.08 3792
1887.2 1422.07 3800
1880.72 1422.07 3800
1874.24 1422.07 3800
1471.95 1500.66 4010
1465.12 1500.66 4010
1458.28 1500.66 4010
1451.44 1500.66 4010
1430.92 1486.44 3972
1424.15 1486.44 3972
1417.38 1486.44 3972
1414.16 1490.18 3982
1407.37 1490.18 3982
1400.58 1490.18 3982
1393.79 1490.18 3982
1383.52 1486.44 3972
1376.75 1486.44 3972
1369.98 1486.44 3972
1353.6 1475.96 3944
1346.87 1475.96 3944
1337.09 1472.59 3935
1330.38 1472.59 3935
1305.17 1452.01 3880
1283.5 1435.17 3835
1265.31 1422.07 3800
1247.57 1409.35 3766
1241.15 1409.35 3766
1231.78 1405.98 3757
1222.76 1402.98 3749
1216.37 1402.98 3749
1220.95 1415.71 3783
1214.5 1415.71 3783
1210.93 1419.08 3792
1204.46 1419.08 3792
1198 1419.08 3792
1191.53 1419.08 3792
1179.45 1412.34 3774
1167.73 1405.98 3757
1161.32 1405.98 3757
1152.46 1402.98 3749
1138.43 1393.63 3724
1129.64 1390.63 3716
1138.42 1409.35 3766
1132 1409.35 3766
1130.67 1415.71 3783
1129.27 1422.07 3800
1128.11 1428.81 3818
1121.6 1428.81 3818
1115.09 1428.81 3818
1108.58 1428.81 3818
1102.07 1428.81 3818
1092.98 1425.44 3809
1079.07 1415.71 3783
1067.8 1409.35 3766
1061.38 1409.35 3766
1045.44 1396.62 3732
1036.85 1393.63 3724
1030.5 1393.63 3724
1024.15 1393.63 3724
1017.8 1393.63 3724
1011.46 1393.63 3724
1007.27 1396.62 3732
1000.9 1396.62 3732
994.542 1396.62 3732
988.18 1396.62 3732
981.818 1396.62 3732
975.456 1396.62 3732
967.016 1393.63 3724
958.604 1390.63 3716
952.269 1390.63 3716
947.971 1393.63 3724
941.622 1393.63 3724
935.274 1393.63 3724
930.921 1396.62 3732
930.752 1405.98 3757
924.348 1405.98 3757
920.142 1409.35 3766
920.03 1419.08 3792
913.565 1419.08 3792
907.101 1419.08 3792
900.637 1419.08 3792
900.303 1428.81 3818
895.667 1431.8 3826
889.145 1431.8 3826
882.623 1431.8 3826
876.1 1431.8 3826
869.578 1431.8 3826
861.251 1428.81 3818
854.742 1428.81 3818
848.233 1428.81 3818
841.725 1428.81 3818
835.216 1428.81 3818
828.707 1428.81 3818
820.26 1425.44 3809
813.767 1425.44 3809
805.366 1422.07 3800
798.888 1422.07 3800
790.742 1419.08 3792
784.277 1419.08 3792
775.967 1415.71 3783
766.06 1409.35 3766
756.211 1402.98 3749
749.82 1402.98 3749
741.644 1399.62 3740
732.122 1393.63 3724
724.215 1390.63 3716
717.88 1390.63 3716
708.29 1384.27 3699
698.948 1378.28 3683
686.463 1365.93 3650
680.24 1365.93 3650
674.018 1365.93 3650
667.796 1365.93 3650
660.123 1362.94 3642
653.915 1362.94 3642
646.461 1360.32 3635
638.855 1357.33 3627
632.672 1357.33 3627
626.489 1357.33 3627
618.938 1354.33 3619
610.059 1348.35 3603
602.576 1345.35 3595
596.447 1345.35 3595
590.319 1345.35 3595
583.053 1342.73 3588
576.936 1342.73 3588
570.82 1342.73 3588
564.703 1342.73 3588
560.922 1348.35 3603
556.011 1351.34 3611
549.855 1351.34 3611
543.699 1351.34 3611
537.544 1351.34 3611
531.388 1351.34 3611
525.232 1351.34 3611
517.926 1348.35 3603
511.784 1348.35 3603
504.519 1345.35 3595
498.39 1345.35 3595
492.262 1345.35 3595
486.133 1345.35 3595
478.002 1339.74 3580
472.953 1342.73 3588
466.837 1342.73 3588
460.72 1342.73 3588
453.59 1339.74 3580
447.487 1339.74 3580
441.384 1339.74 3580
434.308 1336.74 3572
428.219 1336.74 3572
422.129 1336.74 3572
414.293 1331.13 3557
405.59 1322.52 3534
397.078 1314.29 3512
391.091 1314.29 3512
381.156 1300.82 3476
372.1 1289.97 3447
364.736 1284.73 3433
-21.1196 161.667 432
-21.856 161.667 432
-22.5925 161.667 432
-23.3289 161.667 432
-23.954 160.918 430
-24.687 160.918 430
-29.6277 156.053 417
-30.3386 156.053 417
-31.0495 156.053 417
-31.7603 156.053 417
-32.3934 155.679 416
-32.9434 154.931 414
-33.6492 154.931 414
-34.3549 154.931 414
-34.976 154.556 413
-35.6801 154.556 413
-36.3841 154.556 413
-36.9984 154.182 412
-37.6092 153.808 411
-38.2167 153.434 410
-38.8207 153.06 409
-39.5179 153.06 409
-40.2152 153.06 409
-40.8124 152.685 408
-41.4062 152.311 407
-42.1 152.311 407
-42.7939 152.311 407
-43.3808 151.937 406
-43.9644 151.563 405
-44.6548 151.563 405
-45.3453 151.563 405
-46.0357 151.563 405
-46.6107 151.188 404
-47.2995 151.188 404
-47.9882 151.188 404
-48.5564 150.814 403
-49.2434 150.814 403
-49.9304 150.814 403
-50.6174 150.814 403
-51.3045 150.814 403
-68.9655 147.446 394
-69.6371 147.446 394
-70.6657 148.195 396
-71.3408 148.195 396
-72.0159 148.195 396
-72.8745 148.569 397
-73.5513 148.569 397
-74.2281 148.569 397
-74.9049 148.569 397
-75.3913 148.195 396
-76.2584 148.569 397
-77.129 148.943 398
-77.8075 148.943 398
-78.6832 149.317 399
-79.3634 149.317 399
-80.0436 149.317 399
-80.7238 149.317 399
-81.404 149.317 399
-82.2899 149.691 400
-82.9718 149.691 400
-83.6537 149.691 400
-84.3356 149.691 400
-85.23 150.066 401
-85.9136 150.066 401
-86.5972 150.066 401
-87.2808 150.066 401
-88.1838 150.44 402
-88.8691 150.44 402
-89.5544 150.44 402
-90.4642 150.814 403
-91.1512 150.814 403
-91.8382 150.814 403
-92.5253 150.814 403
-101.444 158.299 423
-102.165 158.299 423
-102.886 158.299 423
-103.607 158.299 423
-104.328 158.299 423
-105.298 158.673 424
-106.02 158.673 424
-106.995 159.047 425
-107.973 159.421 426
-108.699 159.421 426
-109.425 159.421 426
-110.41 159.796 427
-111.138 159.796 427
-112.652 160.918 430
-113.385 160.918 430
-114.383 161.293 431
-115.652 162.041 433
-116.391 162.041 433
-117.399 162.415 434
-118.139 162.415 434
-119.153 162.789 435
-119.894 162.789 435
-120.913 163.164 436
-121.657 163.164 436
-122.961 163.912 438
-123.708 163.912 438
-124.739 164.286 439
-125.773 164.661 440
-126.523 164.661 440
-127.563 165.035 441
-128.605 165.409 442
-129.944 166.158 444
-130.701 166.158 444
-132.05 166.906 446
-133.108 167.28 447
-133.87 167.28 447
-134.632 167.28 447
-135.394 167.28 447
-873.971 857.732 2292
-877.878 857.732 2292
-881.786 857.732 2292
-885.693 857.732 2292
-882.226 850.622 2273
-884.931 849.499 2270
-888.801 849.499 2270
-891.491 848.376 2267
-892.986 846.131 2261
-894.064 843.511 2254
-897.906 843.511 2254
-901.749 843.511 2254
-905.591 843.511 2254
-908.223 842.389 2251
-912.061 842.389 2251
-911.016 837.898 2239
-911.155 834.53 2230
-914.957 834.53 2230
-918.758 834.53 2230
-920.078 832.285 2224
-922.623 831.162 2221
-923.906 828.917 2215
-927.682 828.917 2215
-928.094 825.923 2207
-929.323 823.677 2201
-930.532 821.432 2195
-934.274 821.432 2195
-935.451 819.187 2189
-935.751 816.193 2181
-938.177 815.07 2178
-941.89 815.07 2178
-944.3 813.947 2175
-948.008 813.947 2175
-950.403 812.825 2172
-954.106 812.825 2172
-956.485 811.702 2169
-960.183 811.702 2169
-963.881 811.702 2169
-967.578 811.702 2169
-970.38 810.954 2167
-972.726 809.831 2164
-975.061 808.708 2161
-978.745 808.708 2161
-981.065 807.586 2158
-983.375 806.463 2155
-984.759 804.592 2150
-988.424 804.592 2150
-990.705 803.469 2147
-992.976 802.346 2144
-994.306 800.475 2139
-997.953 800.475 2139
-1000.19 799.352 2136
-1002.43 798.23 2133
-1005.12 797.481 2131
-1008.75 797.481 2131
-1012.38 797.481 2131
-1014.59 796.359 2128
-1015.34 794.113 2122
-1018.96 794.113 2122
-1021.62 793.365 2120
-1023.78 792.242 2117
-1025.93 791.119 2114
-1029.54 791.119 2114
-1030.7 789.248 2109
-1034.29 789.248 2109
-1035.43 787.377 2104
-1039.01 787.377 2104
-1042.6 787.377 2104
-1044.69 786.254 2101
-1048.28 786.254 2101
-1051.86 786.254 2101
-1050.42 782.512 2091
-1050.96 780.267 2085
-1053.5 779.518 2083
-1057.05 779.518 2083
-1053.98 774.653 2070
-1054.96 772.782 2065
-1053.35 769.04 2055
-1056.85 769.04 2055
1885.27 1362.69 3658
1879.04 1362.69 3658
1885.6 1372 3683
1879.32 1372 3683
1893.89 1387.27 3724
1887.55 1387.27 3724
1897.87 1399.57 3757
1909.08 1412.61 3792
1906.63 1415.59 3800
1900.16 1415.59 3800
1893.68 1415.59 3800
1887.2 1415.59 3800
1880.72 1415.59 3800
1874.24 1415.59 3800
1471.95 1493.82 4010
1465.12 1493.82 4010
1458.28 1493.82 4010
1451.44 1493.82 4010
1441.37 1490.46 4001
1434.55 1490.46 4001
1427.72 1490.46 4001
1420.9 1490.46 4001
1417.26 1493.82 4010
1410.43 1493.82 4010
1403.59 1493.82 4010
1396.76 1493.82 4010
1389.92 1493.82 4010
1383.08 1493.82 4010
1376.25 1493.82 4010
1362.92 1486.74 3991
1349.66 1479.66 3972
1342.89 1479.66 3972
1323.68 1465.88 3935
1298.56 1445.39 3880
1279.96 1431.98 3844
1261.81 1418.94 3809
1255.32 1418.94 3809
1234.73 1402.92 3766
1228.31 1402.92 3766
1224.48 1405.9 3774
1226.44 1415.59 3800
1219.96 1415.59 3800
1219.23 1422.29 3818
1212.72 1422.29 3818
1206.21 1422.29 3818
1199.7 1422.29 3818
1185.07 1412.61 3792
1173.01 1405.9 3774
1166.58 1405.9 3774
1154.92 1399.57 3757
1143.32 1393.23 3740
1136.94 1393.23 3740
1138.42 1402.92 3766
1132 1402.92 3766
1135.75 1415.59 3800
1131.94 1418.94 3809
1128.11 1422.29 3818
1121.6 1422.29 3818
1115.09 1422.29 3818
1108.58 1422.29 3818
1102.07 1422.29 3818
1095.57 1422.29 3818
1081.64 1412.61 3792
1067.8 1402.92 3766
1061.38 1402.92 3766
1047.68 1393.23 3740
1039.08 1390.25 3732
1032.71 1390.25 3732
1026.35 1390.25 3732
1019.99 1390.25 3732
1013.63 1390.25 3732
1011.85 1396.59 3749
1005.46 1396.59 3749
999.073 1396.59 3749
992.681 1396.59 3749
986.29 1396.59 3749
979.899 1396.59 3749
971.171 1393.23 3740
960.668 1387.27 3724
954.319 1387.27 3724
950.007 1390.25 3732
943.645 1390.25 3732
943.562 1399.57 3757
937.157 1399.57 3757
941.405 1415.59 3800
934.927 1415.59 3800
930.648 1418.94 3809
926.338 1422.29 3818
919.829 1422.29 3818
913.321 1422.29 3818
906.812 1422.29 3818
900.303 1422.29 3818
895.667 1425.27 3826
889.145 1425.27 3826
882.623 1425.27 3826
876.1 1425.27 3826
869.578 1425.27 3826
861.251 1422.29 3818
854.742 1422.29 3818
848.233 1422.29 3818
841.725 1422.29 3818
835.216 1422.29 3818
828.707 1422.29 3818
820.26 1418.94 3809
813.767 1418.94 3809
805.366 1415.59 3800
798.888 1415.59 3800
790.742 1412.61 3792
784.277 1412.61 3792
775.967 1409.25 3783
766.06 1402.92 3766
756.211 1396.59 3749
749.82 1396.59 3749
741.644 1393.23 3740
732.122 1387.27 3724
724.215 1384.29 3716
717.88 1384.29 3716
708.29 1377.96 3699
698.948 1372 3683
692.669 1372 3683
686.391 1372 3683
675.495 1362.69 3658
669.259 1362.69 3658
663.023 1362.69 3658
656.788 1362.69 3658
649.129 1359.71 3650
640.264 1354.12 3635
632.672 1351.14 3627
626.489 1351.14 3627
620.306 1351.14 3627
611.414 1345.18 3611
603.917 1342.2 3603
597.775 1342.2 3603
591.633 1342.2 3603
584.19 1339.22 3595
579.348 1342.2 3603
573.206 1342.2 3603
567.064 1342.2 3603
562.167 1345.18 3611
557.243 1348.16 3619
552.292 1351.14 3627
546.108 1351.14 3627
541.116 1354.12 3635
534.92 1354.12 3635
528.723 1354.12 3635
521.376 1351.14 3627
515.193 1351.14 3627
509.01 1351.14 3627
502.827 1351.14 3627
495.548 1348.16 3619
487.215 1342.2 3603
481.073 1342.2 3603
474.931 1342.2 3603
468.788 1342.2 3603
462.646 1342.2 3603
456.504 1342.2 3603
450.362 1342.2 3603
444.22 1342.2 3603
436.254 1336.61 3588
430.137 1336.61 3588
424.02 1336.61 3588
416.04 1330.65 3572
407.311 1322.08 3549
398.774 1313.89 3527
392.761 1313.89 3527
385.981 1311.28 3520
377.497 1302.71 3497
-21.1196 160.93 432
-21.856 160.93 432
-22.5925 160.93 432
-23.3289 160.93 432
-23.954 160.185 430
-24.687 160.185 430
-29.6277 155.342 417
-30.3386 155.342 417
-31.0495 155.342 417
-31.7603 155.342 417
-32.3934 154.969 416
-32.9434 154.224 414
-33.6492 154.224 414
-34.3549 154.224 414
-34.976 153.852 413
-35.6801 153.852 413
-36.3841 153.852 413
-36.9984 153.479 412
-37.6092 153.107 411
-38.2167 152.734 410
-38.8207 152.362 409
-39.5179 152.362 409
-40.2152 152.362 409
-40.8124 151.989 408
-41.4062 151.617 407
-42.1 151.617 407
-42.7939 151.617 407
-43.3808 151.244 406
-43.9644 150.872 405
-44.6548 150.872 405
-45.3453 150.872 405
-46.0357 150.872 405
-46.6107 150.499 404
-47.2995 150.499 404
-47.9882 150.499 404
-48.5564 150.127 403
-49.1212 149.754 402
-49.8065 149.754 402
-50.4918 149.754 402
-51.0498 149.382 401
-68.9655 146.774 394
-69.6371 146.774 394
-70.6657 147.519 396
-71.3408 147.519 396
-72.0159 147.519 396
-72.8745 147.891 397
-73.5513 147.891 397
-74.2281 147.891 397
-74.9049 147.891 397
-75.5817 147.891 397
-76.2584 147.891 397
-77.129 148.264 398
-77.8075 148.264 398
-78.6832 148.637 399
-79.3634 148.637 399
-80.0436 148.637 399
-80.7238 148.637 399
-81.404 148.637 399
-82.2899 149.009 400
-82.9718 149.009 400
-83.6537 149.009 400
-84.3356 149.009 400
-85.23 149.382 401
-85.9136 149.382 401
-86.5972 149.382 401
-87.2808 149.382 401
-88.1838 149.754 402
-88.8691 149.754 402
-89.5544 149.754 402
-90.4642 150.127 403
-91.1512 150.127 403
-91.8382 150.127 403
-92.5253 150.127 403
-101.444 157.577 423
-102.165 157.577 423
-102.886 157.577 423
-103.607 157.577 423
-104.328 157.577 423
-105.546 158.322 425
-106.27 158.322 425
-107.247 158.695 426
-107.973 158.695 426
-108.954 159.067 427
-109.682 159.067 427
-110.41 159.067 427
-111.398 159.44 428
-112.652 160.185 430
-113.385 160.185 430
-114.649 160.93 432
-115.652 161.302 433
-116.391 161.302 433
-117.399 161.675 434
-118.139 161.675 434
-119.153 162.047 435
-119.894 162.047 435
-120.913 162.42 436
-121.657 162.42 436
-122.961 163.165 438
-123.708 163.165 438
-124.739 163.537 439
-125.773 163.91 440
-126.523 163.91 440
-127.563 164.282 441
-128.605 164.655 442
-129.651 165.027 443
-130.407 165.027 443
-131.754 165.773 445
-132.81 166.145 446
-133.87 166.518 447
-134.632 166.518 447
-135.394 166.518 447
-873.971 853.822 2292
-877.878 853.822 2292
-881.786 853.822 2292
-885.693 853.822 2292
-881.061 845.626 2270
-882.592 843.391 2264
-886.452 843.391 2264
-889.131 842.274 2261
-890.221 839.666 2254
-891.684 837.431 2248
-895.516 837.431 2248
-899.348 837.431 2248
-903.181 837.431 2248
-904.592 835.196 2242
-908.414 835.196 2242
-907.354 830.725 2230
-908.704 828.49 2224
-912.495 828.49 2224
-916.286 828.49 2224
-918.836 827.373 2221
-919.299 824.392 2213
-921.821 823.275 2210
-925.588 823.275 2210
-925.571 819.922 2201
-926.79 817.687 2195
-929.26 816.57 2192
-932.997 816.57 2192
-935.451 815.452 2189
-934.464 811.354 2178
-936.884 810.237 2175
-940.592 810.237 2175
-944.3 810.237 2175
-946.7 809.119 2172
-950.403 809.119 2172
-954.106 809.119 2172
-956.485 808.002 2169
-959.298 807.256 2167
-961.659 806.139 2164
-965.348 806.139 2164
-969.037 806.139 2164
-971.377 805.021 2161
-973.708 803.904 2158
-977.387 803.904 2158
-979.702 802.786 2155
-983.375 802.786 2155
-984.759 800.924 2150
-988.424 800.924 2150
-989.321 798.688 2144
-992.049 797.943 2142
-992.912 795.708 2136
-996.553 795.708 2136
-1000.19 795.708 2136
-1002.43 794.591 2133
-1005.12 793.846 2131
-1008.75 793.846 2131
-1012.38 793.846 2131
-1014.59 792.728 2128
-1015.34 790.493 2122
-1018.96 790.493 2122
-1021.62 789.748 2120
-1023.78 788.63 2117
-1025.93 787.513 2114
-1029.54 787.513 2114
-1030.7 785.65 2109
-1034.29 785.65 2109
-1035.43 783.788 2104
-1039.01 783.788 2104
-1042.6 783.788 2104
-1044.69 782.67 2101
-1048.28 782.67 2101
-1051.86 782.67 2101
-1050.42 778.945 2091
-1050.96 776.71 2085
-1053.5 775.965 2083
-1057.05 775.965 2083
-1053.98 771.122 2070
-1054.96 769.259 2065
-1053.35 765.534 2055
-1056.85 765.534 2055
1873.42 1347.92 3635
1867.22 1347.92 3635
1885.6 1365.72 3683
1879.32 1365.72 3683
1893.89 1380.92 3724
1887.55 1380.92 3724
1897.87 1393.16 3757
1909.08 1406.14 3792
1906.63 1409.1 3800
1900.16 1409.1 3800
1893.68 1409.1 3800
1887.2 1409.1 3800
1880.72 1409.1 3800
1874.24 1409.1 3800
1479.29 1494.39 4030
1472.42 1494.39 4030
1465.55 1494.39 4030
1451.44 1486.97 4010
1441.37 1483.64 4001
1434.55 1483.64 4001
1427.72 1483.64 4001
1420.9 1483.64 4001
1417.26 1486.97 4010
1410.43 1486.97 4010
1403.59 1486.97 4010
1396.76 1486.97 4010
1389.92 1486.97 4010
1383.08 1486.97 4010
1376.25 1486.97 4010
1362.92 1479.93 3991
1349.66 1472.88 3972
1342.89 1472.88 3972
1323.68 1459.16 3935
1298.56 1438.77 3880
1279.96 1425.42 3844
1261.81 1412.44 3809
1255.32 1412.44 3809
1234.73 1396.49 3766
1228.31 1396.49 3766
1224.48 1399.46 3774
1226.44 1409.1 3800
1219.96 1409.1 3800
1241.9 1442.11 3889
1235.27 1442.11 3889
1228.64 1442.11 3889
1222.01 1442.11 3889
1198.51 1422.08 3835
1186.69 1415.78 3818
1180.18 1415.78 3818
1157.68 1396.49 3766
1148.51 1393.16 3757
1142.11 1393.16 3757
1143.56 1402.8 3783
1137.11 1402.8 3783
1141.13 1415.78 3818
1134.62 1415.78 3818
1133.13 1422.08 3835
1126.59 1422.08 3835
1120.06 1422.08 3835
1108.58 1415.78 3818
1102.07 1415.78 3818
1095.57 1415.78 3818
1081.64 1406.14 3792
1070.07 1399.46 3774
1063.64 1399.46 3774
1047.68 1386.85 3740
1041.3 1386.85 3740
1034.93 1386.85 3740
1031.03 1390.19 3749
1024.64 1390.19 3749
1018.25 1390.19 3749
1016.44 1396.49 3766
1010.02 1396.49 3766
1003.6 1396.49 3766
997.183 1396.49 3766
990.763 1396.49 3766
984.343 1396.49 3766
977.922 1396.49 3766
969.181 1393.16 3757
962.776 1393.16 3757
956.371 1393.16 3757
949.967 1393.16 3757
945.822 1396.49 3766
947.883 1409.1 3800
943.635 1412.44 3809
937.141 1412.44 3809
939.199 1425.42 3844
932.646 1425.42 3844
926.093 1425.42 3844
919.54 1425.42 3844
912.987 1425.42 3844
906.434 1425.42 3844
899.881 1425.42 3844
893.328 1425.42 3844
886.775 1425.42 3844
880.222 1425.42 3844
873.669 1425.42 3844
865.086 1422.08 3835
856.533 1418.74 3826
850.011 1418.74 3826
843.488 1418.74 3826
836.966 1418.74 3826
830.444 1418.74 3826
823.921 1418.74 3826
817.399 1418.74 3826
807.274 1412.44 3809
798.888 1409.1 3800
792.41 1409.1 3800
785.932 1409.1 3800
779.454 1409.1 3800
769.518 1402.8 3783
759.64 1396.49 3766
753.22 1396.49 3766
743.429 1390.19 3749
735.268 1386.85 3740
725.774 1380.92 3724
719.426 1380.92 3724
709.822 1374.62 3707
698.948 1365.72 3683
692.669 1365.72 3683
686.391 1365.72 3683
675.495 1356.45 3658
669.259 1356.45 3658
663.023 1356.45 3658
656.788 1356.45 3658
649.129 1353.48 3650
640.264 1347.92 3635
632.672 1344.95 3627
626.489 1344.95 3627
620.306 1344.95 3627
611.414 1339.02 3611
603.917 1336.05 3603
597.775 1336.05 3603
591.633 1336.05 3603
584.19 1333.09 3595
579.348 1336.05 3603
573.206 1336.05 3603
567.064 1336.05 3603
562.167 1339.02 3611
557.243 1341.98 3619
553.51 1347.92 3635
547.313 1347.92 3635
541.116 1347.92 3635
534.92 1347.92 3635
528.723 1347.92 3635
522.526 1347.92 3635
516.329 1347.92 3635
509.01 1344.95 3627
502.827 1344.95 3627
496.644 1344.95 3627
490.46 1344.95 3627
483.209 1341.98 3619
477.04 1341.98 3619
470.87 1341.98 3619
464.701 1341.98 3619
458.531 1341.98 3619
452.362 1341.98 3619
445.206 1339.02 3611
438.077 1336.05 3603
431.935 1336.05 3603
425.793 1336.05 3603
417.904 1330.49 3588
409.951 1324.56 3572
401.261 1316.03 3549
396.102 1318.99 3557
390.038 1318.99 3557
383.974 1318.99 3557
-21.1196 160.193 432
-21.856 160.193 432
-22.5925 160.193 432
-23.3289 160.193 432
-23.954 159.451 430
-24.687 159.451 430
-29.6277 154.63 417
-30.3386 154.63 417
-31.0495 154.63 417
-31.7603 154.63 417
-32.3934 154.26 416
-32.9434 153.518 414
-33.6492 153.518 414
-34.3549 153.518 414
-34.976 153.147 413
-35.6801 153.147 413
-36.3841 153.147 413
-36.9984 152.776 412
-37.6092 152.406 411
-38.2167 152.035 410
-38.8207 151.664 409
-39.5179 151.664 409
-40.2152 151.664 409
-40.8124 151.293 408
-41.4062 150.922 407
-42.1 150.922 407
-42.7939 150.922 407
-43.3808 150.551 406
-43.9644 150.181 405
-44.6548 150.181 405
-45.3453 150.181 405
-46.0357 150.181 405
-46.6107 149.81 404
-47.2995 149.81 404
-47.8694 149.439 403
-48.5564 149.439 403
-48.999 148.697 401
-49.6826 148.697 401
-50.3662 148.697 401
-51.0498 148.697 401
-51.6044 148.327 400
-68.9655 146.102 394
-69.6371 146.102 394
-70.3088 146.102 394
-71.3408 146.843 396
-72.0159 146.843 396
-72.8745 147.214 397
-73.5513 147.214 397
-74.2281 147.214 397
-74.9049 147.214 397
-75.5817 147.214 397
-76.2584 147.214 397
-77.129 147.585 398
-77.8075 147.585 398
-78.6832 147.956 399
-79.3634 147.956 399
-80.0436 147.956 399
-80.7238 147.956 399
-81.404 147.956 399
-82.2899 148.327 400
-82.9718 148.327 400
-83.6537 148.327 400
-84.3356 148.327 400
-85.23 148.697 401
-85.9136 148.697 401
-86.5972 148.697 401
-87.4985 149.068 402
-88.1838 149.068 402
-88.8691 149.068 402
-89.7772 149.439 403
-90.4642 149.439 403
-91.1512 149.439 403
-91.8382 149.439 403
-92.5253 149.439 403
-101.444 156.855 423
-102.165 156.855 423
-102.886 156.855 423
-103.607 156.855 423
-104.575 157.226 424
-105.546 157.597 425
-106.27 157.597 425
-107.247 157.968 426
-108.226 158.339 427
-108.954 158.339 427
-109.682 158.339 427
-110.669 158.709 428
-111.659 159.08 429
-112.914 159.822 431
-113.649 159.822 431
-114.649 160.193 432
-115.652 160.564 433
-116.391 160.564 433
-117.399 160.934 434
-118.411 161.305 435
-119.153 161.305 435
-119.894 161.305 435
-120.913 161.676 436
-121.936 162.047 437
-122.961 162.418 438
-123.708 162.418 438
-124.739 162.788 439
-125.773 163.159 440
-126.523 163.159 440
-127.852 163.901 442
-128.605 163.901 442
-129.944 164.643 444
-130.701 164.643 444
-131.754 165.013 445
-132.81 165.384 446
-133.87 165.755 447
-134.632 165.755 447
-135.394 165.755 447
-873.971 849.911 2292
-877.878 849.911 2292
-881.786 849.911 2292
-885.693 849.911 2292
-881.061 841.753 2270
-882.592 839.529 2264
-886.452 839.529 2264
-889.131 838.416 2261
-890.221 835.82 2254
-891.684 833.595 2248
-895.516 833.595 2248
-899.348 833.595 2248
-900.77 831.371 2242
-903.382 830.258 2239
-907.199 830.258 2239
-904.912 824.696 2224
-908.704 824.696 2224
-912.495 824.696 2224
-916.286 824.696 2224
-915.527 820.617 2213
-918.053 819.504 2210
-919.318 817.28 2204
-923.075 817.28 2204
-924.309 815.055 2198
-926.79 813.942 2195
-929.26 812.83 2192
-932.997 812.83 2192
-934.169 810.605 2186
-933.177 806.526 2175
-936.884 806.526 2175
-940.592 806.526 2175
-942.997 805.413 2172
-946.7 805.413 2172
-949.09 804.301 2169
-952.788 804.301 2169
-955.604 803.559 2167
-957.97 802.447 2164
-961.659 802.447 2164
-965.348 802.447 2164
-967.693 801.334 2161
-970.029 800.222 2158
-972.354 799.109 2155
-976.028 799.109 2155
-978.792 798.368 2153
-982.463 798.368 2153
-984.759 797.255 2150
-988.424 797.255 2150
-989.321 795.031 2144
-992.049 794.289 2142
-992.912 792.064 2136
-996.553 792.064 2136
-1000.19 792.064 2136
-1002.43 790.952 2133
-1005.12 790.21 2131
-1008.75 790.21 2131
-1012.38 790.21 2131
-1014.59 789.097 2128
-1015.34 786.873 2122
-1018.96 786.873 2122
-1022.58 786.873 2122
-1023.78 785.018 2117
-1025.93 783.906 2114
-1029.54 783.906 2114
-1030.7 782.052 2109
-1034.29 782.052 2109
-1035.43 780.198 2104
-1039.01 780.198 2104
-1041.11 779.085 2101
-1044.69 779.085 2101
-1048.28 779.085 2101
-1051.86 779.085 2101
-1048.91 774.265 2088
-1050.96 773.152 2085
-1053.5 772.411 2083
-1057.05 772.411 2083
-1053.98 767.59 2070
-1054.96 765.736 2065
-1051.81 760.915 2052
-1055.31 760.915 2052
1877.03 1344.3 3642
1870.82 1344.3 3642
1889.7 1362.39 3691
1891.57 1368.29 3707
1906.61 1383.79 3749
1900.22 1383.79 3749
1902.41 1390.07 3766
1917.64 1405.94 3809
1911.15 1405.94 3809
1904.66 1405.94 3809
1898.16 1405.94 3809
1887.2 1402.62 3800
1880.72 1402.62 3800
1874.24 1402.62 3800
1479.29 1487.51 4030
1472.42 1487.51 4030
1465.55 1487.51 4030
1451.44 1480.13 4010
1441.37 1476.81 4001
1434.55 1476.81 4001
1427.72 1476.81 4001
1424.1 1480.13 4010
1420.8 1483.82 4020
1417.46 1487.51 4030
1410.59 1487.51 4030
1406.86 1490.84 4039
1399.97 1490.84 4039
1393.09 1490.84 4039
1386.2 1490.84 4039
1372.83 1483.82 4020
1356.12 1473.12 3991
1349.32 1473.12 3991
1336.12 1466.11 3972
1313.62 1448.76 3925
1291.95 1432.15 3880
1285.33 1432.15 3880
1269.82 1422.18 3853
1257.35 1415.54 3835
1250.81 1415.54 3835
1235.84 1405.94 3809
1240.64 1418.86 3844
1234.09 1418.86 3844
1241.9 1435.47 3889
1235.27 1435.47 3889
1228.64 1435.47 3889
1222.01 1435.47 3889
1198.51 1415.54 3835
1186.69 1409.26 3818
1180.18 1409.26 3818
1157.68 1390.07 3766
1148.51 1386.75 3757
1142.11 1386.75 3757
1143.56 1396.34 3783
1137.11 1396.34 3783
1141.13 1409.26 3818
1134.62 1409.26 3818
1133.13 1415.54 3835
1126.59 1415.54 3835
1120.06 1415.54 3835
1108.58 1409.26 3818
1102.07 1409.26 3818
1095.57 1409.26 3818
1081.64 1399.67 3792
1070.07 1393.02 3774
1063.64 1393.02 3774
1047.68 1380.47 3740
1046.04 1386.75 3757
1039.63 1386.75 3757
1035.7 1390.07 3766
1029.28 1390.07 3766
1025.04 1393.02 3774
1021.03 1396.34 3783
1017 1399.67 3792
1010.53 1399.67 3792
1004.07 1399.67 3792
997.603 1399.67 3792
991.138 1399.67 3792
984.674 1399.67 3792
978.21 1399.67 3792
971.745 1399.67 3792
965.281 1399.67 3792
958.816 1399.67 3792
956.621 1405.94 3809
954.369 1412.22 3826
956.765 1425.5 3862
950.181 1425.5 3862
945.796 1428.83 3871
941.381 1432.15 3880
934.766 1432.15 3880
928.152 1432.15 3880
921.538 1432.15 3880
917.045 1435.47 3889
912.523 1438.79 3898
905.877 1438.79 3898
899.232 1438.79 3898
888.465 1432.15 3880
881.851 1432.15 3880
875.237 1432.15 3880
864.593 1425.5 3862
856.009 1422.18 3853
849.441 1422.18 3853
842.872 1422.18 3853
836.304 1422.18 3853
827.798 1418.86 3844
821.245 1418.86 3844
814.691 1418.86 3844
808.138 1418.86 3844
799.709 1415.54 3835
793.171 1415.54 3835
784.787 1412.22 3826
774.807 1405.94 3809
764.884 1399.67 3792
758.42 1399.67 3792
748.386 1393.02 3774
738.61 1386.75 3757
730.646 1383.79 3749
724.255 1383.79 3749
713.077 1374.57 3724
703.502 1368.29 3707
692.669 1359.43 3683
686.391 1359.43 3683
680.112 1359.43 3683
673.833 1359.43 3683
666.105 1356.48 3675
659.84 1356.48 3675
650.552 1350.21 3658
642.906 1347.25 3650
636.684 1347.25 3650
630.462 1347.25 3650
621.674 1341.72 3635
614.123 1338.76 3627
605.258 1332.86 3611
599.102 1332.86 3611
592.946 1332.86 3611
585.49 1329.9 3603
579.348 1329.9 3603
575.751 1335.81 3619
569.582 1335.81 3619
564.658 1338.76 3627
559.707 1341.72 3635
553.51 1341.72 3635
547.313 1341.72 3635
541.116 1341.72 3635
534.92 1341.72 3635
528.723 1341.72 3635
522.526 1341.72 3635
516.329 1341.72 3635
509.01 1338.76 3627
502.827 1338.76 3627
496.644 1338.76 3627
490.46 1338.76 3627
483.209 1335.81 3619
477.04 1335.81 3619
470.87 1335.81 3619
464.701 1335.81 3619
458.531 1335.81 3619
452.362 1335.81 3619
445.206 1332.86 3611
438.077 1329.9 3603
431.935 1329.9 3603
425.793 1329.9 3603
417.904 1324.37 3588
409.951 1318.46 3572
401.261 1309.97 3549
396.102 1312.93 3557
390.038 1312.93 3557
383.974 1312.93 3557
-21.1196 159.456 432
-21.856 159.456 432
-22.5925 159.456 432
-23.3289 159.456 432
-29.6277 153.919 417
-30.3386 153.919 417
-31.0495 153.919 417
-31.7603 153.919 417
-32.3934 153.55 416
-32.9434 152.812 414
-33.6492 152.812 414
-34.3549 152.812 414
-34.976 152.443 413
-35.6801 152.443 413
-36.3841 152.443 413
-36.9984 152.073 412
-37.6092 151.704 411
-38.2167 151.335 410
-38.8207 150.966 409
-39.5179 150.966 409
-40.2152 150.966 409
-40.8124 150.597 408
-41.4062 150.228 407
-42.1 150.228 407
-42.7939 150.228 407
-43.3808 149.859 406
-43.9644 149.49 405
-44.6548 149.49 405
-45.3453 149.49 405
-45.922 149.121 404
-46.4954 148.751 403
-47.1824 148.751 403
-47.8694 148.751 403
-48.4359 148.382 402
-48.999 148.013 401
-49.6826 148.013 401
-50.3662 148.013 401
-50.9225 147.644 400
-51.6044 147.644 400
-52.0249 146.906 398
-52.7034 146.906 398
-69.6371 145.429 394
-70.3088 145.429 394
-71.3408 146.168 396
-72.0159 146.168 396
-72.8745 146.537 397
-73.5513 146.537 397
-74.2281 146.537 397
-74.9049 146.537 397
-75.5817 146.537 397
-76.2584 146.537 397
-77.129 146.906 398
-77.8075 146.906 398
-78.6832 147.275 399
-79.3634 147.275 399
-80.0436 147.275 399
-80.7238 147.275 399
-81.404 147.275 399
-82.2899 147.644 400
-82.9718 147.644 400
-83.6537 147.644 400
-84.3356 147.644 400
-85.23 148.013 401
-85.9136 148.013 401
-86.5972 148.013 401
-87.4985 148.382 402
-88.1838 148.382 402
-88.8691 148.382 402
-89.7772 148.751 403
-90.4642 148.751 403
-91.1512 148.751 403
-91.8382 148.751 403
-92.5253 148.751 403
-101.444 156.134 423
-102.165 156.134 423
-102.886 156.134 423
-103.852 156.503 424
-104.575 156.503 424
-105.794 157.241 426
-106.521 157.241 426
-107.247 157.241 426
-108.226 157.61 427
-108.954 157.61 427
-109.682 157.61 427
-110.927 158.348 429
-111.919 158.717 430
-112.914 159.087 431
-113.649 159.087 431
-114.649 159.456 432
-115.652 159.825 433
-116.391 159.825 433
-117.399 160.194 434
-118.411 160.563 435
-119.427 160.932 436
-120.17 160.932 436
-120.913 160.932 436
-121.936 161.301 437
-122.961 161.67 438
-123.708 161.67 438
-124.739 162.039 439
-125.773 162.409 440
-126.523 162.409 440
-127.852 163.147 442
-128.896 163.516 443
-129.944 163.885 444
-130.701 163.885 444
-132.05 164.623 446
-132.81 164.623 446
-133.87 164.992 447
-134.632 164.992 447
-135.394 164.992 447
-873.971 846.001 2292
-877.878 846.001 2292
-881.786 846.001 2292
-876.032 836.773 2267
-877.568 834.559 2261
-879.863 833.082 2257
-883.711 833.082 2257
-886.379 831.975 2254
-886.667 828.653 2245
-889.304 827.545 2242
-893.126 827.545 2242
-896.948 827.545 2242
-900.77 827.545 2242
-903.382 826.438 2239
-907.199 826.438 2239
-904.912 820.901 2224
-908.704 820.901 2224
-912.495 820.901 2224
-916.286 820.901 2224
-915.527 816.841 2213
-918.053 815.734 2210
-919.318 813.519 2204
-923.075 813.519 2204
-924.309 811.305 2198
-926.79 810.197 2195
-929.26 809.09 2192
-932.997 809.09 2192
-934.169 806.875 2186
-933.177 802.815 2175
-936.884 802.815 2175
-940.592 802.815 2175
-942.997 801.708 2172
-946.7 801.708 2172
-949.09 800.6 2169
-952.788 800.6 2169
-955.604 799.862 2167
-955.313 796.54 2158
-958.992 796.54 2158
-962.671 796.54 2158
-965.007 795.433 2155
-968.68 795.433 2155
-971.452 794.695 2153
-975.122 794.695 2153
-978.792 794.695 2153
-981.094 793.587 2150
-983.385 792.48 2147
-987.045 792.48 2147
-988.398 790.634 2142
-990.66 789.527 2139
-992.912 788.42 2136
-996.553 788.42 2136
-998.79 787.312 2133
-1001.49 786.574 2131
-1005.12 786.574 2131
-1008.75 786.574 2131
-1010.96 785.467 2128
-1014.59 785.467 2128
-1015.34 783.252 2122
-1018.96 783.252 2122
-1022.58 783.252 2122
-1023.78 781.407 2117
-1025.93 780.299 2114
-1029.54 780.299 2114
-1030.7 778.454 2109
-1034.29 778.454 2109
-1035.43 776.608 2104
-1039.01 776.608 2104
-1041.11 775.501 2101
-1044.69 775.501 2101
-1045.78 773.655 2096
-1049.35 773.655 2096
-1048.91 770.702 2088
-1049.95 768.857 2083
-1049.45 765.904 2075
-1052.99 765.904 2075
-1053.98 764.058 2070
-1049.85 758.522 2055
-1050.28 756.307 2049
-1053.77 756.307 2049
1877.03 1338.09 3642
1870.82 1338.09 3642
1893.79 1359.03 3699
1891.57 1361.97 3707
1906.61 1377.4 3749
1900.22 1377.4 3749
1902.41 1383.64 3766
1917.64 1399.44 3809
1911.15 1399.44 3809
1904.66 1399.44 3809
1898.16 1399.44 3809
1887.2 1396.14 3800
1880.72 1396.14 3800
1874.24 1396.14 3800
1851.05 1383.64 3766
1479.29 1480.64 4030
1472.42 1480.64 4030
1465.55 1480.64 4030
1451.44 1473.29 4010
1437.76 1466.31 3991
1430.96 1466.31 3991
1424.16 1466.31 3991
1424.1 1473.29 4010
1420.8 1476.97 4020
1420.63 1483.95 4039
1413.74 1483.95 4039
1413.82 1491.29 4059
1406.9 1491.29 4059
1399.98 1491.29 4059
1386.2 1483.95 4039
1379.32 1483.95 4039
1365.97 1476.97 4020
1359.12 1476.97 4020
1342.51 1466.31 3991
1319.98 1449.04 3944
1303.93 1438.76 3916
1297.26 1438.76 3916
1278.72 1425.53 3880
1269.15 1422.22 3871
1253.75 1412.3 3844
1247.19 1412.3 3844
1240.64 1412.3 3844
1251.42 1432.14 3898
1247.65 1435.45 3907
1240.99 1435.45 3907
1234.33 1435.45 3907
1227.67 1435.45 3907
1215.38 1428.84 3889
1208.76 1428.84 3889
1188.22 1412.3 3844
1173.67 1402.75 3818
1151.26 1383.64 3766
1147.28 1386.58 3774
1151.42 1399.44 3809
1144.93 1399.44 3809
1146.21 1409 3835
1142.34 1412.3 3844
1135.79 1412.3 3844
1129.24 1412.3 3844
1120.06 1409 3835
1110.91 1405.69 3826
1104.38 1405.69 3826
1095.57 1402.75 3818
1081.64 1393.2 3792
1070.07 1386.58 3774
1063.64 1386.58 3774
1052.44 1380.34 3757
1046.04 1380.34 3757
1039.63 1380.34 3757
1035.7 1383.64 3766
1029.28 1383.64 3766
1025.04 1386.58 3774
1021.03 1389.89 3783
1017 1393.2 3792
1010.53 1393.2 3792
1004.07 1393.2 3792
997.603 1393.2 3792
991.138 1393.2 3792
984.674 1393.2 3792
978.21 1393.2 3792
971.745 1393.2 3792
965.281 1393.2 3792
958.816 1393.2 3792
956.621 1399.44 3809
954.369 1405.69 3826
956.765 1418.92 3862
950.181 1418.92 3862
945.796 1422.22 3871
941.381 1425.53 3880
934.766 1425.53 3880
928.152 1425.53 3880
921.538 1425.53 3880
919.168 1432.14 3898
916.736 1438.76 3916
910.061 1438.76 3916
903.385 1438.76 3916
894.648 1435.45 3907
887.988 1435.45 3907
881.327 1435.45 3907
870.637 1428.84 3889
860.008 1422.22 3871
853.409 1422.22 3871
846.81 1422.22 3871
840.211 1422.22 3871
833.612 1422.22 3871
827.013 1422.22 3871
820.414 1422.22 3871
808.138 1412.3 3844
801.585 1412.3 3844
795.032 1412.3 3844
786.633 1409 3835
776.637 1402.75 3818
768.313 1399.44 3809
761.82 1399.44 3809
751.955 1393.2 3792
741.952 1386.58 3774
730.646 1377.4 3749
724.255 1377.4 3749
716.141 1374.09 3740
703.502 1361.97 3707
694.174 1356.09 3691
687.882 1356.09 3691
681.589 1356.09 3691
675.297 1356.09 3691
669.005 1356.09 3691
662.713 1356.09 3691
653.575 1350.21 3675
645.901 1347.27 3667
636.684 1341.03 3650
630.462 1341.03 3650
624.24 1341.03 3650
615.477 1335.51 3635
607.94 1332.58 3627
601.757 1332.58 3627
595.573 1332.58 3627
589.39 1332.58 3627
583.207 1332.58 3627
577.024 1332.58 3627
570.841 1332.58 3627
566.993 1338.09 3642
562.016 1341.03 3650
555.794 1341.03 3650
549.572 1341.03 3650
543.349 1341.03 3650
537.127 1341.03 3650
530.905 1341.03 3650
524.682 1341.03 3650
518.46 1341.03 3650
512.238 1341.03 3650
506.015 1341.03 3650
499.793 1341.03 3650
491.542 1335.51 3635
484.277 1332.58 3627
478.094 1332.58 3627
471.911 1332.58 3627
465.728 1332.58 3627
458.531 1329.64 3619
452.362 1329.64 3619
446.192 1329.64 3619
439.05 1326.7 3611
432.894 1326.7 3611
426.738 1326.7 3611
419.651 1323.76 3603
412.59 1320.82 3595
403.861 1312.37 3572
397.772 1312.37 3572
391.683 1312.37 3572
385.593 1312.37 3572
-16.0753 159.821 435
-16.8169 159.821 435
-17.5584 159.821 435
-18.3 159.821 435
-19.0416 159.821 435
-21.1196 158.719 432
-21.856 158.719 432
-22.5925 158.719 432
-23.3289 158.719 432
-29.6277 153.208 417
-30.3386 153.208 417
-31.0495 153.208 417
-31.7603 153.208 417
-32.3155 152.473 415
-32.9434 152.105 414
-33.6492 152.105 414
-34.3549 152.105 414
-34.976 151.738 413
-35.6801 151.738 413
-36.3841 151.738 413
-36.9984 151.371 412
-37.6092 151.003 411
-38.2167 150.636 410
-38.8207 150.268 409
-39.5179 150.268 409
-40.2152 150.268 409
-40.8124 149.901 408
-41.4062 149.534 407
-42.1 149.534 407
-42.7939 149.534 407
-43.3808 149.166 406
-43.9644 148.799 405
-44.6548 148.799 405
-45.3453 148.799 405
-45.922 148.431 404
-46.4954 148.064 403
-47.1824 148.064 403
-47.8694 148.064 403
-48.4359 147.697 402
-48.999 147.329 401
-49.6826 147.329 401
-50.3662 147.329 401
-50.9225 146.962 400
-51.6044 146.962 400
-52.0249 146.227 398
-52.7034 146.227 398
-53.2478 145.859 397
-53.9245 145.859 397
-54.4638 145.492 396
-55.1389 145.492 396
-55.673 145.125 395
-56.3464 145.125 395
-68.2938 144.757 394
-68.9655 144.757 394
-69.6371 144.757 394
-70.3088 144.757 394
-71.3408 145.492 396
-72.0159 145.492 396
-72.8745 145.859 397
-73.5513 145.859 397
-74.2281 145.859 397
-74.9049 145.859 397
-75.5817 145.859 397
-76.4505 146.227 398
-77.129 146.227 398
-77.8075 146.227 398
-78.6832 146.594 399
-79.3634 146.594 399
-80.0436 146.594 399
-80.7238 146.594 399
-81.608 146.962 400
-82.2899 146.962 400
-82.9718 146.962 400
-83.6537 146.962 400
-84.5464 147.329 401
-85.23 147.329 401
-85.9136 147.329 401
-86.8132 147.697 402
-87.4985 147.697 402
-88.4032 148.064 403
-89.0902 148.064 403
-89.7772 148.064 403
-90.6887 148.431 404
-91.3774 148.431 404
-92.0661 148.431 404
-92.7548 148.431 404
-101.444 155.412 423
-102.165 155.412 423
-102.886 155.412 423
-103.852 155.779 424
-104.575 155.779 424
-105.794 156.514 426
-106.521 156.514 426
-107.247 156.514 426
-108.226 156.882 427
-108.954 156.882 427
-109.682 156.882 427
-110.927 157.616 429
-111.919 157.984 430
-112.914 158.351 431
-113.649 158.351 431
-114.649 158.719 432
-115.652 159.086 433
-116.391 159.086 433
-117.399 159.453 434
-118.411 159.821 435
-119.427 160.188 436
-120.17 160.188 436
-120.913 160.188 436
-121.936 160.556 437
-122.961 160.923 438
-123.708 160.923 438
-124.739 161.29 439
-125.773 161.658 440
-126.523 161.658 440
-127.852 162.393 442
-128.896 162.76 443
-129.944 163.128 444
-130.701 163.128 444
-132.05 163.862 446
-132.81 163.862 446
-133.87 164.23 447
-134.632 164.23 447
-135.394 164.23 447
-864.438 832.906 2267
-868.303 832.906 2267
-872.168 832.906 2267
-874.873 831.803 2264
-874.851 828.129 2254
-875.185 824.823 2245
-879.012 824.823 2245
-882.839 824.823 2245
-884.297 822.618 2239
-888.114 822.618 2239
-891.931 822.618 2239
-895.748 822.618 2239
-899.565 822.618 2239
-900.961 820.414 2233
-904.767 820.414 2233
-904.912 817.107 2224
-907.478 816.005 2221
-910.033 814.903 2218
-913.814 814.903 2218
-914.286 811.963 2210
-916.807 810.861 2207
-919.318 809.759 2204
-923.075 809.759 2204
-924.309 807.555 2198
-925.523 805.35 2192
-927.988 804.248 2189
-931.72 804.248 2189
-934.169 803.146 2186
-933.177 799.104 2175
-935.592 798.002 2172
-939.295 798.002 2172
-941.695 796.9 2169
-945.393 796.9 2169
-948.215 796.165 2167
-951.909 796.165 2167
-954.281 795.063 2164
-955.313 792.858 2158
-958.992 792.858 2158
-962.671 792.858 2158
-965.007 791.756 2155
-968.68 791.756 2155
-971.452 791.021 2153
-975.122 791.021 2153
-978.792 791.021 2153
-981.094 789.919 2150
-983.385 788.817 2147
-987.045 788.817 2147
-988.398 786.98 2142
-990.66 785.878 2139
-992.912 784.776 2136
-996.553 784.776 2136
-998.79 783.673 2133
-1001.49 782.939 2131
-1005.12 782.939 2131
-1008.75 782.939 2131
-1010.96 781.836 2128
-1014.59 781.836 2128
-1015.34 779.632 2122
-1018.96 779.632 2122
-1022.58 779.632 2122
-1023.78 777.795 2117
-1024.96 775.958 2112
-1028.56 775.958 2112
-1030.7 774.856 2109
-1031.84 773.019 2104
-1033.95 771.916 2101
-1037.53 771.916 2101
-1041.11 771.916 2101
-1042.21 770.079 2096
-1043.29 768.242 2091
-1046.85 768.242 2091
-1047.4 766.038 2085
-1047.43 763.466 2078
-1047.94 761.262 2072
-1051.47 761.262 2072
-1049.91 757.588 2062
-1046.78 752.811 2049
-1047.71 750.974 2044
-1051.2 750.974 2044
1877.03 1331.87 3642
1870.82 1331.87 3642
1928.09 1377.22 3766
1921.67 1377.22 3766
1915.25 1377.22 3766
1900.22 1371 3749
1902.41 1377.22 3766
1922.17 1396.24 3818
1919.68 1399.16 3826
1913.16 1399.16 3826
1906.63 1399.16 3826
1887.2 1389.65 3800
1880.72 1389.65 3800
1874.24 1389.65 3800
1863.83 1386.73 3792
1857.37 1386.73 3792
1850.9 1386.73 3792
1465.12 1466.45 4010
1458.28 1466.45 4010
1451.44 1466.45 4010
1437.76 1459.5 3991
1430.96 1459.5 3991
1424.16 1459.5 3991
1424.1 1466.45 4010
1420.8 1470.11 4020
1420.63 1477.05 4039
1413.74 1477.05 4039
1413.82 1484.37 4059
1406.9 1484.37 4059
1399.98 1484.37 4059
1389.63 1480.71 4049
1379.32 1477.05 4039
1365.97 1470.11 4020
1359.12 1470.11 4020
1342.51 1459.5 3991
1319.98 1442.31 3944
1303.93 1432.07 3916
1297.26 1432.07 3916
1278.72 1418.91 3880
1272.1 1418.91 3880
1262.55 1415.62 3871
1255.95 1415.62 3871
1240.64 1405.74 3844
1254.31 1428.78 3907
1259.47 1442.31 3944
1252.74 1442.31 3944
1246.02 1442.31 3944
1239.3 1442.31 3944
1215.38 1422.2 3889
1208.76 1422.2 3889
1191 1409.04 3853
1181.66 1405.74 3844
1151.26 1377.22 3766
1150.01 1383.44 3783
1159.28 1402.45 3835
1152.74 1402.45 3835
1148.9 1405.74 3844
1142.34 1405.74 3844
1135.79 1405.74 3844
1129.24 1405.74 3844
1122.68 1405.74 3844
1116.13 1405.74 3844
1109.58 1405.74 3844
1097.86 1399.16 3826
1083.92 1389.65 3800
1075.18 1386.73 3792
1068.71 1386.73 3792
1057.2 1380.14 3774
1050.77 1380.14 3774
1049.32 1386.73 3792
1045.05 1389.65 3800
1038.58 1389.65 3800
1032.1 1389.65 3800
1025.62 1389.65 3800
1023.97 1396.24 3818
1017.46 1396.24 3818
1010.95 1396.24 3818
1004.44 1396.24 3818
997.934 1396.24 3818
989.088 1392.94 3809
982.595 1392.94 3809
976.102 1392.94 3809
969.608 1392.94 3809
963.115 1392.94 3809
960.891 1399.16 3826
963.349 1412.33 3862
961.224 1418.91 3880
954.61 1418.91 3880
956.791 1432.07 3916
950.115 1432.07 3916
943.439 1432.07 3916
936.764 1432.07 3916
925.813 1425.49 3898
919.168 1425.49 3898
916.736 1432.07 3916
910.061 1432.07 3916
903.385 1432.07 3916
894.648 1428.78 3907
887.988 1428.78 3907
881.327 1428.78 3907
870.637 1422.2 3889
860.008 1415.62 3871
853.409 1415.62 3871
846.81 1415.62 3871
840.211 1415.62 3871
833.612 1415.62 3871
827.013 1415.62 3871
820.414 1415.62 3871
808.138 1405.74 3844
801.585 1405.74 3844
795.032 1405.74 3844
786.633 1402.45 3835
776.637 1396.24 3818
768.313 1392.94 3809
761.82 1392.94 3809
751.955 1386.73 3792
741.952 1380.14 3774
730.646 1371 3749
724.255 1371 3749
717.864 1371 3749
705.21 1358.93 3716
695.678 1352.72 3699
689.372 1352.72 3699
681.589 1349.79 3691
675.297 1349.79 3691
669.005 1349.79 3691
662.713 1349.79 3691
653.575 1343.94 3675
645.901 1341.02 3667
638.08 1337.72 3658
631.844 1337.72 3658
624.24 1334.8 3650
616.663 1331.87 3642
610.454 1331.87 3642
604.245 1331.87 3642
595.573 1326.39 3627
589.39 1326.39 3627
585.619 1331.87 3642
580.683 1334.8 3650
574.461 1334.8 3650
570.885 1341.02 3667
565.866 1343.94 3675
560.819 1346.87 3683
554.54 1346.87 3683
548.262 1346.87 3683
541.983 1346.87 3683
535.705 1346.87 3683
529.426 1346.87 3683
523.147 1346.87 3683
515.746 1343.94 3675
509.481 1343.94 3675
503.216 1343.94 3675
495.869 1341.02 3667
488.416 1337.72 3658
482.18 1337.72 3658
475.944 1337.72 3658
468.681 1334.8 3650
462.459 1334.8 3650
456.237 1334.8 3650
449.028 1331.87 3642
441.968 1329.31 3635
435.771 1329.31 3635
429.575 1329.31 3635
422.446 1326.39 3627
414.427 1320.54 3611
406.462 1314.68 3595
400.333 1314.68 3595
392.56 1309.2 3580
386.457 1309.2 3580
-16.1123 159.444 436
-16.8555 159.444 436
-17.5988 159.444 436
-18.3421 159.444 436
-19.0853 159.444 436
-19.8286 159.444 436
-20.4303 158.347 433
-21.1685 158.347 433
-21.9066 158.347 433
-22.6448 158.347 433
-23.3289 157.982 432
-29.6277 152.496 417
-30.3386 152.496 417
-31.0495 152.496 417
-31.7603 152.496 417
-32.3155 151.765 415
-32.9434 151.399 414
-33.6492 151.399 414
-34.3549 151.399 414
-34.976 151.033 413
-35.6801 151.033 413
-36.3841 151.033 413
-36.9984 150.668 412
-37.6092 150.302 411
-38.2167 149.936 410
-38.8207 149.571 409
-39.5179 149.571 409
-40.2152 149.571 409
-40.8124 149.205 408
-41.4062 148.839 407
-42.1 148.839 407
-42.6887 148.473 406
-43.3808 148.473 406
-43.9644 148.108 405
-44.6548 148.108 405
-45.3453 148.108 405
-45.922 147.742 404
-46.4954 147.376 403
-47.1824 147.376 403
-47.7506 147.011 402
-48.3154 146.645 401
-48.8768 146.279 400
-49.5587 146.279 400
-50.2406 146.279 400
-50.9225 146.279 400
-51.4754 145.914 399
-52.0249 145.548 398
-52.7034 145.548 398
-53.2478 145.182 397
-53.9245 145.182 397
-54.4638 144.816 396
-55.1389 144.816 396
-55.673 144.451 395
-56.3464 144.451 395
-68.2938 144.085 394
-68.9655 144.085 394
-69.6371 144.085 394
-70.4873 144.451 395
-71.7011 145.548 398
-72.3796 145.548 398
-73.0581 145.548 398
-73.7366 145.548 398
-74.4151 145.548 398
-75.0935 145.548 398
-75.772 145.548 398
-76.4505 145.548 398
-77.3228 145.914 399
-78.003 145.914 399
-78.6832 145.914 399
-79.5623 146.279 400
-80.2442 146.279 400
-80.9261 146.279 400
-81.608 146.279 400
-82.2899 146.279 400
-82.9718 146.279 400
-83.6537 146.279 400
-84.5464 146.645 401
-85.4426 147.011 402
-86.1279 147.011 402
-86.8132 147.011 402
-87.7162 147.376 403
-88.6225 147.742 404
-89.3113 147.742 404
-90 147.742 404
-90.6887 147.742 404
-91.3774 147.742 404
-92.0661 147.742 404
-92.7548 147.742 404
-100.723 154.69 423
-101.684 155.056 424
-102.406 155.056 424
-103.129 155.056 424
-103.852 155.056 424
-104.821 155.422 425
-105.794 155.787 426
-106.521 155.787 426
-107.247 155.787 426
-108.226 156.153 427
-108.954 156.153 427
-109.682 156.153 427
-110.927 156.885 429
-111.919 157.25 430
-112.652 157.25 430
-113.649 157.616 431
-114.914 158.347 433
-115.92 158.713 434
-116.659 158.713 434
-117.399 158.713 434
-118.411 159.079 435
-119.427 159.444 436
-120.17 159.444 436
-120.913 159.444 436
-121.936 159.81 437
-122.961 160.176 438
-123.708 160.176 438
-124.739 160.542 439
-125.773 160.907 440
-126.523 160.907 440
-127.852 161.639 442
-128.896 162.004 443
-129.944 162.37 444
-130.701 162.37 444
-132.05 163.101 446
-132.81 163.101 446
-133.87 163.467 447
-134.632 163.467 447
-135.394 163.467 447
-864.438 829.038 2267
-868.303 829.038 2267
-872.168 829.038 2267
-874.873 827.941 2264
-874.851 824.284 2254
-875.185 820.992 2245
-879.012 820.992 2245
-882.839 820.992 2245
-880.742 815.507 2230
-883.354 814.41 2227
-889.541 816.604 2233
-893.347 816.604 2233
-897.154 816.604 2233
-900.961 816.604 2233
-904.767 816.604 2233
-906.133 814.41 2227
-908.704 813.313 2224
-910.033 811.119 2218
-913.814 811.119 2218
-913.045 807.096 2207
-915.561 805.999 2204
-916.815 803.805 2198
-920.562 803.805 2198
-923.048 802.707 2195
-924.256 800.513 2189
-926.716 799.416 2186
-930.443 799.416 2186
-933.315 798.685 2184
-933.177 795.393 2175
-935.592 794.296 2172
-939.295 794.296 2172
-942.997 794.296 2172
-945.393 793.199 2169
-948.215 792.468 2167
-951.909 792.468 2167
-952.958 790.274 2161
-955.313 789.177 2158
-957.659 788.08 2155
-961.333 788.08 2155
-965.007 788.08 2155
-968.68 788.08 2155
-971.452 787.348 2153
-975.122 787.348 2153
-977.429 786.251 2150
-981.094 786.251 2150
-983.385 785.154 2147
-987.045 785.154 2147
-988.398 783.326 2142
-990.66 782.228 2139
-991.517 780.034 2133
-995.154 780.034 2133
-998.79 780.034 2133
-1001.49 779.303 2131
-1003.7 778.206 2128
-1007.33 778.206 2128
-1010.96 778.206 2128
-1013.16 777.109 2125
-1015.34 776.012 2122
-1018.96 776.012 2122
-1020.17 774.183 2117
-1023.78 774.183 2117
-1024.96 772.355 2112
-1028.56 772.355 2112
-1030.7 771.257 2109
-1031.84 769.429 2104
-1033.95 768.332 2101
-1037.53 768.332 2101
-1041.11 768.332 2101
-1042.21 766.503 2096
-1043.29 764.675 2091
-1046.85 764.675 2091
-1047.4 762.481 2085
-1047.43 759.921 2078
-1047.94 757.727 2072
-1051.47 757.727 2072
-1049.91 754.07 2062
-1046.78 749.316 2049
-1047.71 747.487 2044
-1051.2 747.487 2044
1877.03 1325.66 3642
1870.82 1325.66 3642
1928.09 1370.79 3766
1921.67 1370.79 3766
1915.25 1370.79 3766
1900.22 1364.61 3749
1902.41 1370.79 3766
1922.17 1389.72 3818
1919.68 1392.63 3826
1913.16 1392.63 3826
1906.63 1392.63 3826
1870.31 1370.79 3766
1863.89 1370.79 3766
1857.47 1370.79 3766
1863.83 1380.26 3792
1857.37 1380.26 3792
1850.9 1380.26 3792
1458.17 1452.69 3991
1451.37 1452.69 3991
1444.57 1452.69 3991
1437.76 1452.69 3991
1430.96 1452.69 3991
1417.38 1445.78 3972
1420.9 1456.33 4001
1420.8 1463.25 4020
1420.63 1470.16 4039
1413.74 1470.16 4039
1413.82 1477.44 4059
1406.9 1477.44 4059
1399.98 1477.44 4059
1389.63 1473.8 4049
1379.32 1470.16 4039
1365.97 1463.25 4020
1359.12 1463.25 4020
1342.51 1452.69 3991
1319.98 1435.58 3944
1303.93 1425.39 3916
1297.26 1425.39 3916
1278.72 1412.29 3880
1272.1 1412.29 3880
1262.55 1409.01 3871
1255.95 1409.01 3871
1240.64 1399.19 3844
1254.31 1422.12 3907
1259.47 1435.58 3944
1252.74 1435.58 3944
1246.02 1435.58 3944
1239.3 1435.58 3944
1215.38 1415.57 3889
1208.76 1415.57 3889
1196.56 1409.01 3871
1181.66 1399.19 3844
1161.66 1383.17 3800
1155.18 1383.17 3800
1159.28 1395.91 3835
1155.45 1399.19 3844
1154.28 1405.74 3862
1150.37 1409.01 3871
1143.77 1409.01 3871
1137.17 1409.01 3871
1130.57 1409.01 3871
1123.97 1409.01 3871
1112.18 1402.46 3853
1103.03 1399.19 3844
1091.34 1392.63 3826
1077.44 1383.17 3800
1070.97 1383.17 3800
1062.25 1380.26 3792
1058.01 1383.17 3800
1056.51 1389.72 3818
1050 1389.72 3818
1043.5 1389.72 3818
1036.99 1389.72 3818
1032.64 1392.63 3826
1026.11 1392.63 3826
1019.59 1392.63 3826
1013.07 1392.63 3826
1004.44 1389.72 3818
997.934 1389.72 3818
991.425 1389.72 3818
984.917 1389.72 3818
978.408 1389.72 3818
973.936 1392.63 3826
967.413 1392.63 3826
965.412 1399.19 3844
965.594 1409.01 3871
965.683 1418.84 3898
959.038 1418.84 3898
961.433 1432.31 3935
954.725 1432.31 3935
948.017 1432.31 3935
941.309 1432.31 3935
927.95 1422.12 3907
923.412 1425.39 3916
916.736 1425.39 3916
914.476 1432.31 3935
907.768 1432.31 3935
901.06 1432.31 3935
894.352 1432.31 3935
887.643 1432.31 3935
874.667 1422.12 3907
864.007 1415.57 3889
857.378 1415.57 3889
850.748 1415.57 3889
844.118 1415.57 3889
837.488 1415.57 3889
830.858 1415.57 3889
820.414 1409.01 3871
813.815 1409.01 3871
803.462 1402.46 3853
796.894 1402.46 3853
788.479 1399.19 3844
781.926 1399.19 3844
770.129 1389.72 3818
763.62 1389.72 3818
751.955 1380.26 3792
741.952 1373.71 3774
732.205 1367.52 3757
725.801 1367.52 3757
717.864 1364.61 3749
705.21 1352.59 3716
695.678 1346.41 3699
689.372 1346.41 3699
681.589 1343.49 3691
675.297 1343.49 3691
669.005 1343.49 3691
662.713 1343.49 3691
653.575 1337.67 3675
645.901 1334.76 3667
638.08 1331.48 3658
631.844 1331.48 3658
624.24 1328.57 3650
616.663 1325.66 3642
610.454 1325.66 3642
604.245 1325.66 3642
595.573 1320.2 3627
589.39 1320.2 3627
585.619 1325.66 3642
580.683 1328.57 3650
574.461 1328.57 3650
570.885 1334.76 3667
565.866 1337.67 3675
563.255 1346.41 3699
556.949 1346.41 3699
550.643 1346.41 3699
544.338 1346.41 3699
538.032 1346.41 3699
531.726 1346.41 3699
525.42 1346.41 3699
517.992 1343.49 3691
511.699 1343.49 3691
505.407 1343.49 3691
498.033 1340.58 3683
490.686 1337.67 3675
484.421 1337.67 3675
477.115 1334.76 3667
469.708 1331.48 3658
463.473 1331.48 3658
457.237 1331.48 3658
450.014 1328.57 3650
443.792 1328.57 3650
436.611 1325.66 3642
430.402 1325.66 3642
424.193 1325.66 3642
416.263 1320.2 3627
407.366 1311.46 3603
401.224 1311.46 3603
394.205 1308.55 3595
387.32 1306 3588
-16.1123 158.701 436
-16.8555 158.701 436
-17.5988 158.701 436
-18.3421 158.701 436
-19.0853 158.701 436
-19.8286 158.701 436
-20.4775 157.973 434
-21.1685 157.609 433
-21.9066 157.609 433
-22.6448 157.609 433
-23.3289 157.245 432
-29.6277 151.785 417
-30.3386 151.785 417
-31.0495 151.785 417
-31.7603 151.785 417
-32.3155 151.057 415
-32.9434 150.693 414
-33.6492 150.693 414
-34.3549 150.693 414
-34.976 150.329 413
-35.5937 149.965 412
-36.296 149.965 412
-36.9984 149.965 412
-37.6092 149.601 411
-38.2167 149.237 410
-38.9156 149.237 410
-39.5179 148.873 409
-40.1169 148.509 408
-40.7124 148.145 407
-41.4062 148.145 407
-42.1 148.145 407
-42.6887 147.781 406
-43.3808 147.781 406
-43.9644 147.417 405
-44.6548 147.417 405
-45.2333 147.053 404
-45.8083 146.689 403
-46.38 146.325 402
-46.9482 145.961 401
-47.6318 145.961 401
-48.3154 145.961 401
-48.8768 145.597 400
-49.5587 145.597 400
-50.2406 145.597 400
-50.7952 145.233 399
-51.4754 145.233 399
-52.0249 144.869 398
-52.7034 144.869 398
-53.2478 144.505 397
-53.9245 144.505 397
-54.4638 144.141 396
-55.1389 144.141 396
-55.673 143.777 395
-56.3464 143.777 395
-57.0198 143.777 395
-57.6931 143.777 395
-68.2938 143.413 394
-68.9655 143.413 394
-69.6371 143.413 394
-70.4873 143.777 395
-71.7011 144.869 398
-72.3796 144.869 398
-73.0581 144.869 398
-73.7366 144.869 398
-74.4151 144.869 398
-75.0935 144.869 398
-75.772 144.869 398
-76.6426 145.233 399
-77.3228 145.233 399
-78.003 145.233 399
-78.6832 145.233 399
-79.5623 145.597 400
-80.2442 145.597 400
-80.9261 145.597 400
-81.608 145.597 400
-82.2899 145.597 400
-82.9718 145.597 400
-83.8628 145.961 401
-84.5464 145.961 401
-85.4426 146.325 402
-86.1279 146.325 402
-86.8132 146.325 402
-87.9338 147.053 404
-88.6225 147.053 404
-89.3113 147.053 404
-90.2227 147.417 405
-90.9132 147.417 405
-91.6036 147.417 405
-92.294 147.417 405
-93.214 147.781 406
-93.9062 147.781 406
-94.5983 147.781 406
-98.811 153.241 421
-99.5287 153.241 421
-100.723 153.969 423
-101.684 154.333 424
-102.406 154.333 424
-103.129 154.333 424
-103.852 154.333 424
-104.821 154.697 425
-105.794 155.061 426
-106.521 155.061 426
-107.247 155.061 426
-108.226 155.425 427
-108.954 155.425 427
-109.682 155.425 427
-110.927 156.153 429
-112.179 156.881 431
-112.914 156.881 431
-113.649 156.881 431
-114.914 157.609 433
-115.92 157.973 434
-116.659 157.973 434
-117.399 157.973 434
-118.411 158.337 435
-119.427 158.701 436
-120.17 158.701 436
-120.913 158.701 436
-121.936 159.065 437
-122.961 159.429 438
-123.708 159.429 438
-124.739 159.793 439
-125.487 159.793 439
-126.236 159.793 439
-127.852 160.884 442
-128.896 161.248 443
-129.944 161.612 444
-130.701 161.612 444
-132.05 162.34 446
-132.81 162.34 446
-133.571 162.34 446
-134.331 162.34 446
-864.438 825.17 2267
-868.303 825.17 2267
-872.168 825.17 2267
-874.873 824.078 2264
-874.851 820.438 2254
-875.185 817.162 2245
-879.012 817.162 2245
-882.839 817.162 2245
-880.742 811.702 2230
-883.354 810.61 2227
-888.346 811.702 2230
-892.147 811.702 2230
-895.949 811.702 2230
-899.75 811.702 2230
-903.552 811.702 2230
-906.133 810.61 2227
-908.704 809.518 2224
-911.264 808.426 2221
-913.814 807.334 2218
-911.804 802.239 2204
-913.068 800.055 2198
-916.815 800.055 2198
-920.562 800.055 2198
-921.786 797.871 2192
-924.256 796.779 2189
-926.716 795.687 2186
-930.443 795.687 2186
-933.315 794.959 2184
-933.177 791.683 2175
-935.592 790.591 2172
-939.295 790.591 2172
-942.997 790.591 2172
-945.393 789.499 2169
-949.09 789.499 2169
-952.788 789.499 2169
-952.958 786.587 2161
-955.313 785.495 2158
-957.659 784.403 2155
-961.333 784.403 2155
-965.007 784.403 2155
-968.68 784.403 2155
-971.452 783.675 2153
-975.122 783.675 2153
-978.792 783.675 2153
-981.094 782.583 2150
-983.385 781.491 2147
-987.045 781.491 2147
-988.398 779.671 2142
-990.66 778.579 2139
-991.517 776.395 2133
-995.154 776.395 2133
-997.853 775.667 2131
-1000.08 774.575 2128
-1003.7 774.575 2128
-1007.33 774.575 2128
-1009.53 773.483 2125
-1010.77 771.663 2120
-1014.39 771.663 2120
-1018 771.663 2120
-1018.72 769.479 2114
-1021.36 768.751 2112
-1023.5 767.659 2109
-1027.1 767.659 2109
-1028.25 765.839 2104
-1030.37 764.747 2101
-1031.49 762.927 2096
-1035.06 762.927 2096
-1037.15 761.835 2093
-1039.72 761.107 2091
-1039.29 758.195 2083
-1042.85 758.195 2083
-1043.89 756.375 2078
-1044.4 754.192 2072
-1042.88 750.552 2062
-1046.39 750.552 2062
-1044.82 746.912 2052
-1045.76 745.092 2047
-1042.59 740.36 2034
-1046.05 740.36 2034
1928.09 1364.37 3766
1921.67 1364.37 3766
1928.48 1373.79 3792
1922.01 1373.79 3792
1915.55 1373.79 3792
1926.2 1386.11 3826
1919.68 1386.11 3826
1913.16 1386.11 3826
1906.63 1386.11 3826
1874.29 1367.27 3774
1876.76 1373.79 3792
1870.3 1373.79 3792
1863.83 1373.79 3792
1857.37 1373.79 3792
1850.9 1373.79 3792
1424.3 1425.6 3935
1417.59 1425.6 3935
1410.88 1425.6 3935
1400.6 1421.97 3925
1420.8 1456.39 4020
1417.46 1460.01 4030
1410.59 1460.01 4030
1413.82 1470.52 4059
1406.9 1470.52 4059
1399.98 1470.52 4059
1389.63 1466.9 4049
1379.32 1463.27 4039
1365.97 1456.39 4020
1359.12 1456.39 4020
1342.51 1445.88 3991
1319.98 1428.86 3944
1303.93 1418.71 3916
1297.26 1418.71 3916
1278.72 1405.67 3880
1272.1 1405.67 3880
1262.55 1402.41 3871
1255.95 1402.41 3871
1243.54 1395.89 3853
1254.31 1415.45 3907
1259.47 1428.86 3944
1252.74 1428.86 3944
1246.02 1428.86 3944
1239.3 1428.86 3944
1215.38 1408.93 3889
1208.76 1408.93 3889
1196.56 1402.41 3871
1181.66 1392.63 3844
1161.66 1376.69 3800
1155.18 1376.69 3800
1159.28 1389.37 3835
1155.45 1392.63 3844
1154.28 1399.15 3862
1150.37 1402.41 3871
1143.77 1402.41 3871
1137.17 1402.41 3871
1130.57 1402.41 3871
1123.97 1402.41 3871
1112.18 1395.89 3853
1103.03 1392.63 3844
1091.34 1386.11 3826
1077.44 1376.69 3800
1070.97 1376.69 3800
1062.25 1373.79 3792
1080.28 1405.67 3880
1073.67 1405.67 3880
1067.05 1405.67 3880
1060.44 1405.67 3880
1053.83 1405.67 3880
1047.21 1405.67 3880
1030.94 1392.63 3844
1024.39 1392.63 3844
1017.84 1392.63 3844
1011.28 1392.63 3844
1004.73 1392.63 3844
993.503 1386.11 3826
986.98 1386.11 3826
980.458 1386.11 3826
978.518 1392.63 3844
971.965 1392.63 3844
974.453 1405.67 3880
972.328 1412.19 3898
965.683 1412.19 3898
968.141 1425.6 3935
963.632 1428.86 3944
956.909 1428.86 3944
950.185 1428.86 3944
943.462 1428.86 3944
934.601 1425.6 3935
927.892 1425.6 3935
921.184 1425.6 3935
918.659 1432.12 3953
911.92 1432.12 3953
905.181 1432.12 3953
898.443 1432.12 3953
889.674 1428.86 3944
880.935 1425.6 3935
874.227 1425.6 3935
865.314 1421.97 3925
854.685 1415.45 3907
849.978 1418.71 3916
843.303 1418.71 3916
836.627 1418.71 3916
828.044 1415.45 3907
817.599 1408.93 3889
810.969 1408.93 3889
804.339 1408.93 3889
794.018 1402.41 3871
785.588 1399.15 3862
777.189 1395.89 3853
770.62 1395.89 3853
757.111 1383.21 3818
745.491 1373.79 3792
735.519 1367.27 3774
729.085 1367.27 3774
717.864 1358.21 3749
706.729 1349.15 3724
695.678 1340.1 3699
689.372 1340.1 3699
683.067 1340.1 3699
676.761 1340.1 3699
670.455 1340.1 3699
664.149 1340.1 3699
656.42 1337.2 3691
647.31 1331.4 3675
639.65 1328.5 3667
633.398 1328.5 3667
627.147 1328.5 3667
618.017 1322.34 3650
610.454 1319.45 3642
604.245 1319.45 3642
598.037 1319.45 3642
591.828 1319.45 3642
586.906 1322.34 3650
583.388 1328.5 3667
577.136 1328.5 3667
573.376 1334.3 3683
568.329 1337.2 3691
563.255 1340.1 3699
556.949 1340.1 3699
550.643 1340.1 3699
544.338 1340.1 3699
538.032 1340.1 3699
531.726 1340.1 3699
525.42 1340.1 3699
517.992 1337.2 3691
511.699 1337.2 3691
505.407 1337.2 3691
498.033 1334.3 3683
490.686 1331.4 3675
484.421 1331.4 3675
477.115 1328.5 3667
469.708 1325.24 3658
463.473 1325.24 3658
457.237 1325.24 3658
450.014 1322.34 3650
443.792 1322.34 3650
436.611 1319.45 3642
430.402 1319.45 3642
424.193 1319.45 3642
416.263 1314.01 3627
407.366 1305.32 3603
401.224 1305.32 3603
394.205 1302.42 3595
388.076 1302.42 3595
381.204 1299.88 3588
375.087 1299.88 3588
-16.1123 157.957 436
-16.8555 157.957 436
-17.5988 157.957 436
-18.3421 157.957 436
-19.0853 157.957 436
-19.8286 157.957 436
-20.4775 157.232 434
-21.1685 156.87 433
-21.9066 156.87 433
-22.6448 156.87 433
-23.3289 156.508 432
-29.6277 151.073 417
-30.3386 151.073 417
-31.0495 151.073 417
-31.7603 151.073 417
-32.3155 150.349 415
-32.9434 149.986 414
-33.6492 149.986 414
-34.3549 149.986 414
-34.976 149.624 413
-35.5937 149.262 412
-36.296 149.262 412
-36.9984 149.262 412
-37.6092 148.9 411
-38.2167 148.537 410
-38.9156 148.537 410
-39.5179 148.175 409
-40.1169 147.813 408
-40.7124 147.45 407
-41.4062 147.45 407
-42.1 147.45 407
-42.6887 147.088 406
-43.274 146.726 405
-43.8559 146.364 404
-44.5446 146.364 404
-45.1213 146.001 403
-45.6947 145.639 402
-46.2646 145.277 401
-46.9482 145.277 401
-47.6318 145.277 401
-48.1949 144.914 400
-48.8768 144.914 400
-49.4348 144.552 399
-50.115 144.552 399
-50.7952 144.552 399
-51.3464 144.19 398
-52.0249 144.19 398
-52.7034 144.19 398
-53.2478 143.828 397
-53.9245 143.828 397
-54.4638 143.465 396
-55.1389 143.465 396
-55.8139 143.465 396
-56.3464 143.103 395
-57.0198 143.103 395
-57.6931 143.103 395
-68.2938 142.741 394
-68.9655 142.741 394
-69.6371 142.741 394
-70.6657 143.465 396
-71.7011 144.19 398
-72.3796 144.19 398
-73.0581 144.19 398
-73.7366 144.19 398
-74.4151 144.19 398
-75.0935 144.19 398
-75.772 144.19 398
-76.6426 144.552 399
-77.3228 144.552 399
-78.003 144.552 399
-78.6832 144.552 399
-79.5623 144.914 400
-80.2442 144.914 400
-80.9261 144.914 400
-81.608 144.914 400
-82.2899 144.914 400
-82.9718 144.914 400
-83.8628 145.277 401
-84.5464 145.277 401
-85.4426 145.639 402
-86.1279 145.639 402
-86.8132 145.639 402
-87.9338 146.364 404
-88.6225 146.364 404
-89.3113 146.364 404
-90.2227 146.726 405
-90.9132 146.726 405
-91.6036 146.726 405
-92.294 146.726 405
-93.214 147.088 406
-95.2939 149.262 412
-95.9963 149.262 412
-98.811 152.522 421
-99.5287 152.522 421
-100.723 153.247 423
-101.684 153.609 424
-102.406 153.609 424
-103.129 153.609 424
-103.852 153.609 424
-105.068 154.334 426
-105.794 154.334 426
-106.521 154.334 426
-107.247 154.334 426
-108.226 154.696 427
-109.21 155.058 428
-109.939 155.058 428
-111.186 155.783 430
-112.179 156.145 431
-112.914 156.145 431
-113.912 156.508 432
-114.914 156.87 433
-115.92 157.232 434
-116.659 157.232 434
-117.67 157.594 435
-118.411 157.594 435
-119.427 157.957 436
-120.17 157.957 436
-120.913 157.957 436
-121.936 158.319 437
-122.681 158.319 437
-123.99 159.044 439
-124.739 159.044 439
-125.773 159.406 440
-126.523 159.406 440
-128.141 160.493 443
-129.187 160.855 444
-130.237 161.217 445
-130.995 161.217 445
-132.05 161.58 446
-132.81 161.58 446
-133.571 161.58 446
-134.331 161.58 446
-864.438 821.302 2267
-868.303 821.302 2267
-872.168 821.302 2267
-874.873 820.215 2264
-873.687 815.506 2251
-875.185 813.332 2245
-879.012 813.332 2245
-882.839 813.332 2245
-879.557 806.811 2227
-883.354 806.811 2227
-888.346 807.898 2230
-892.147 807.898 2230
-895.949 807.898 2230
-899.75 807.898 2230
-903.552 807.898 2230
-906.133 806.811 2227
-908.704 805.724 2224
-911.264 804.637 2221
-913.814 803.55 2218
-911.804 798.478 2204
-913.068 796.305 2198
-916.815 796.305 2198
-920.562 796.305 2198
-921.786 794.131 2192
-924.256 793.044 2189
-926.716 791.957 2186
-930.443 791.957 2186
-933.315 791.233 2184
-933.177 787.972 2175
-935.592 786.885 2172
-939.295 786.885 2172
-942.997 786.885 2172
-945.393 785.798 2169
-949.09 785.798 2169
-952.788 785.798 2169
-952.958 782.9 2161
-955.313 781.813 2158
-956.77 780.002 2153
-961.333 780.726 2155
-965.007 780.726 2155
-968.68 780.726 2155
-971.452 780.002 2153
-975.122 780.002 2153
-978.792 780.002 2153
-981.094 778.915 2150
-983.385 777.828 2147
-987.045 777.828 2147
-988.398 776.017 2142
-990.66 774.93 2139
-991.517 772.756 2133
-995.154 772.756 2133
-997.853 772.031 2131
-1001.49 772.031 2131
-1002.29 769.858 2125
-1005.91 769.858 2125
-1009.53 769.858 2125
-1010.77 768.046 2120
-1012.95 766.959 2117
-1016.56 766.959 2117
-1017.76 765.148 2112
-1019.91 764.061 2109
-1022.05 762.974 2106
-1025.64 762.974 2106
-1026.79 761.163 2101
-1028.9 760.076 2098
-1030.01 758.265 2093
-1033.58 758.265 2093
-1036.16 757.54 2091
-1036.74 755.366 2085
-1039.29 754.642 2083
-1042.85 754.642 2083
-1042.38 751.743 2075
-1039.36 747.034 2062
-1041.87 746.309 2060
-1045.38 746.309 2060
-1043.29 742.324 2049
-1043.21 739.788 2042
-1042.59 736.89 2034
-1046.05 736.89 2034
1928.09 1357.94 3766
1921.67 1357.94 3766
1928.48 1367.32 3792
1922.01 1367.32 3792
1915.55 1367.32 3792
1926.2 1379.58 3826
1919.68 1379.58 3826
1913.16 1379.58 3826
1906.63 1379.58 3826
1900.11 1379.58 3826
1893.59 1379.58 3826
1887.07 1379.58 3826
1880.54 1379.58 3826
1857.37 1367.32 3792
1850.9 1367.32 3792
1417.46 1453.14 4030
1410.59 1453.14 4030
1410.34 1459.99 4049
1410.37 1467.2 4069
1403.43 1467.2 4069
1396.5 1467.2 4069
1379.32 1456.38 4039
1359.52 1442.68 4001
1352.7 1442.68 4001
1333.09 1428.98 3963
1322.99 1425.37 3953
1300.94 1408.79 3907
1294.28 1408.79 3907
1281.68 1402.3 3889
1275.05 1402.3 3889
1268.42 1402.3 3889
1267.63 1408.79 3907
1260.97 1408.79 3907
1257.2 1412.03 3916
1259.47 1422.13 3944
1252.74 1422.13 3944
1246.02 1422.13 3944
1239.3 1422.13 3944
1218.2 1405.54 3898
1211.55 1405.54 3898
1196.56 1395.8 3871
1187.2 1392.56 3862
1167.16 1376.69 3818
1168.56 1386.07 3844
1162 1386.07 3844
1163.57 1395.8 3871
1173.11 1415.28 3925
1174.74 1425.37 3953
1168 1425.37 3953
1166.84 1432.22 3972
1160.07 1432.22 3972
1153.3 1432.22 3972
1141.04 1425.37 3953
1126.27 1415.28 3925
1111.88 1405.54 3898
1105.23 1405.54 3898
1096.05 1402.3 3889
1076.81 1386.07 3844
1080.28 1399.05 3880
1073.67 1399.05 3880
1067.05 1399.05 3880
1060.44 1399.05 3880
1053.83 1399.05 3880
1047.21 1399.05 3880
1030.94 1386.07 3844
1024.39 1386.07 3844
1017.84 1386.07 3844
1011.28 1386.07 3844
1004.73 1386.07 3844
993.503 1379.58 3826
986.98 1379.58 3826
980.458 1379.58 3826
978.518 1386.07 3844
971.965 1386.07 3844
974.453 1399.05 3880
972.328 1405.54 3898
965.683 1405.54 3898
968.141 1418.88 3935
963.632 1422.13 3944
956.909 1422.13 3944
950.185 1422.13 3944
943.462 1422.13 3944
934.601 1418.88 3935
932.137 1425.37 3953
925.398 1425.37 3953
923.075 1432.22 3972
916.303 1432.22 3972
909.532 1432.22 3972
902.761 1432.22 3972
895.99 1432.22 3972
882.95 1422.13 3944
876.226 1422.13 3944
869.503 1422.13 3944
858.623 1415.28 3925
854.102 1418.88 3935
847.394 1418.88 3935
840.686 1418.88 3935
831.858 1415.28 3925
823.275 1412.03 3916
816.599 1412.03 3916
808.062 1408.79 3907
797.71 1402.3 3889
787.418 1395.8 3871
779.004 1392.56 3862
772.42 1392.56 3862
764.052 1389.31 3853
750.603 1376.69 3818
739.027 1367.32 3792
732.562 1367.32 3792
721.119 1357.94 3766
709.765 1348.57 3740
700.38 1342.8 3724
695.523 1345.68 3732
689.16 1345.68 3732
682.798 1345.68 3732
676.436 1345.68 3732
670.074 1345.68 3732
659.266 1336.67 3707
651.537 1333.78 3699
645.231 1333.78 3699
638.926 1333.78 3699
629.883 1328.02 3683
622.25 1325.13 3675
615.985 1325.13 3675
609.72 1325.13 3675
603.455 1325.13 3675
597.19 1325.13 3675
590.925 1325.13 3675
587.206 1330.9 3691
580.914 1330.9 3691
577.112 1336.67 3707
573.411 1342.8 3724
567.062 1342.8 3724
560.714 1342.8 3724
554.365 1342.8 3724
548.017 1342.8 3724
541.668 1342.8 3724
535.32 1342.8 3724
528.971 1342.8 3724
520.237 1336.67 3707
513.917 1336.67 3707
507.598 1336.67 3707
499.115 1330.9 3691
492.823 1330.9 3691
486.53 1330.9 3691
479.197 1328.02 3683
471.891 1325.13 3675
465.626 1325.13 3675
459.362 1325.13 3675
451.001 1319 3658
444.765 1319 3658
438.529 1319 3658
432.293 1319 3658
425.125 1316.12 3650
418.903 1316.12 3650
410.08 1307.82 3627
403.897 1307.82 3627
395.082 1299.17 3603
388.076 1296.28 3595
381.204 1293.76 3588
375.087 1293.76 3588
-16.1123 157.213 436
-16.8555 157.213 436
-17.5988 157.213 436
-18.3421 157.213 436
-19.0853 157.213 436
-19.7831 156.852 435
-20.4775 156.492 434
-21.1685 156.131 433
-21.9066 156.131 433
-22.6448 156.131 433
-23.3289 155.771 432
-29.6277 150.362 417
-30.3386 150.362 417
-31.0495 150.362 417
-31.7603 150.362 417
-32.3155 149.641 415
-32.9434 149.28 414
-33.6492 149.28 414
-34.3549 149.28 414
-34.976 148.919 413
-35.5937 148.559 412
-36.296 148.559 412
-36.9984 148.559 412
-37.6092 148.198 411
-38.2167 147.838 410
-38.9156 147.838 410
-39.5179 147.477 409
-40.1169 147.117 408
-40.7124 146.756 407
-41.3045 146.395 406
-41.9966 146.395 406
-42.6887 146.395 406
-43.274 146.035 405
-43.8559 145.674 404
-44.5446 145.674 404
-45.1213 145.314 403
-45.6947 144.953 402
-46.2646 144.593 401
-46.9482 144.593 401
-47.6318 144.593 401
-48.1949 144.232 400
-48.8768 144.232 400
-49.4348 143.871 399
-50.115 143.871 399
-50.7952 143.871 399
-51.3464 143.511 398
-52.0249 143.511 398
-52.7034 143.511 398
-53.2478 143.15 397
-53.9245 143.15 397
-54.4638 142.79 396
-55.1389 142.79 396
-55.8139 142.79 396
-56.3464 142.429 395
-57.0198 142.429 395
-57.6931 142.429 395
-58.3665 142.429 395
-68.2938 142.068 394
-68.9655 142.068 394
-69.8139 142.429 395
-70.8442 143.15 397
-71.7011 143.511 398
-72.3796 143.511 398
-73.0581 143.511 398
-73.7366 143.511 398
-74.4151 143.511 398
-75.0935 143.511 398
-75.9624 143.871 399
-76.6426 143.871 399
-77.3228 143.871 399
-78.003 143.871 399
-78.8804 144.232 400
-79.5623 144.232 400
-80.2442 144.232 400
-80.9261 144.232 400
-81.608 144.232 400
-82.2899 144.232 400
-82.9718 144.232 400
-83.8628 144.593 401
-84.5464 144.593 401
-85.4426 144.953 402
-86.1279 144.953 402
-87.0291 145.314 403
-87.9338 145.674 404
-88.8419 146.035 405
-89.5323 146.035 405
-90.4455 146.395 406
-91.1376 146.395 406
-91.8298 146.395 406
-92.5219 146.395 406
-93.214 146.395 406
-95.2939 148.559 412
-95.9963 148.559 412
-98.811 151.804 421
-99.5287 151.804 421
-100.485 152.165 422
-101.684 152.886 424
-102.406 152.886 424
-103.129 152.886 424
-103.852 152.886 424
-105.068 153.607 426
-105.794 153.607 426
-106.521 153.607 426
-107.247 153.607 426
-108.226 153.968 427
-109.21 154.328 428
-109.939 154.328 428
-111.186 155.049 430
-112.179 155.41 431
-112.914 155.41 431
-113.912 155.771 432
-114.914 156.131 433
-115.92 156.492 434
-116.659 156.492 434
-117.67 156.852 435
-118.411 156.852 435
-119.427 157.213 436
-120.17 157.213 436
-121.191 157.573 437
-122.215 157.934 438
-122.961 157.934 438
-123.99 158.295 439
-124.739 158.295 439
-125.773 158.655 440
-126.523 158.655 440
-128.43 160.097 444
-129.478 160.458 445
-130.237 160.458 445
-131.29 160.819 446
-132.346 161.179 447
-133.108 161.179 447
-133.87 161.179 447
-134.331 160.819 446
-863.294 816.353 2264
-867.154 816.353 2264
-871.013 816.353 2264
-871.009 812.747 2254
-871.358 809.502 2245
-875.185 809.502 2245
-875.488 806.257 2236
-879.3 806.257 2236
-879.557 803.011 2227
-883.354 803.011 2227
-887.15 803.011 2227
-892.147 804.093 2230
-895.949 804.093 2230
-899.75 804.093 2230
-903.552 804.093 2230
-904.912 801.93 2224
-907.478 800.848 2221
-911.264 800.848 2221
-913.814 799.766 2218
-910.562 793.636 2201
-913.068 792.555 2198
-914.313 790.391 2192
-918.049 790.391 2192
-920.525 789.309 2189
-922.99 788.228 2186
-926.716 788.228 2186
-930.443 788.228 2186
-933.315 787.506 2184
-933.177 784.261 2175
-935.592 783.179 2172
-939.295 783.179 2172
-942.997 783.179 2172
-945.393 782.098 2169
-949.09 782.098 2169
-952.788 782.098 2169
-952.958 779.213 2161
-955.313 778.131 2158
-956.77 776.328 2153
-961.333 777.05 2155
-965.007 777.05 2155
-968.68 777.05 2155
-971.452 776.328 2153
-975.122 776.328 2153
-978.792 776.328 2153
-981.094 775.247 2150
-983.385 774.165 2147
-987.045 774.165 2147
-988.398 772.362 2142
-990.66 771.28 2139
-994.306 771.28 2139
-995.154 769.117 2133
-997.853 768.396 2131
-1001.49 768.396 2131
-1005.12 768.396 2131
-1005.91 766.232 2125
-1009.53 766.232 2125
-1010.77 764.429 2120
-1012.95 763.348 2117
-1016.56 763.348 2117
-1017.76 761.545 2112
-1019.91 760.463 2109
-1021.08 758.66 2104
-1024.67 758.66 2104
-1025.32 756.497 2098
-1026.44 754.694 2093
-1027.55 752.891 2088
-1031.11 752.891 2088
-1033.18 751.809 2085
-1035.74 751.088 2083
-1037.8 750.006 2080
-1041.34 750.006 2080
-1035.85 743.516 2062
-1038.35 742.794 2060
-1037.82 739.91 2052
-1041.32 739.91 2052
-1040.74 737.025 2044
-1040.65 734.501 2037
-1041.56 732.698 2032
-1045.03 732.698 2032
1928.09 1351.52 3766
1921.67 1351.52 3766
1928.48 1360.85 3792
1922.01 1360.85 3792
1915.55 1360.85 3792
1926.2 1373.05 3826
1919.68 1373.05 3826
1913.16 1373.05 3826
1906.63 1373.05 3826
1900.11 1373.05 3826
1893.59 1373.05 3826
1887.07 1373.05 3826
1880.54 1373.05 3826
1857.37 1360.85 3792
1850.9 1360.85 3792
1420.63 1449.49 4039
1413.74 1449.49 4039
1420.79 1463.85 4079
1413.84 1463.85 4079
1406.88 1463.85 4079
1399.93 1463.85 4079
1392.98 1463.85 4079
1372.43 1449.49 4039
1365.54 1449.49 4039
1345.88 1435.85 4001
1326.34 1422.22 3963
1316.25 1418.63 3953
1309.51 1418.63 3953
1299.81 1415.4 3944
1290.13 1412.17 3935
1283.43 1412.17 3935
1276.72 1412.17 3935
1263.88 1405.35 3916
1266.19 1415.4 3944
1262.34 1418.63 3953
1255.6 1418.63 3953
1248.86 1418.63 3953
1236.47 1412.17 3935
1223.82 1405.35 3916
1217.15 1405.35 3916
1202.13 1395.66 3889
1189.96 1389.2 3871
1177.86 1382.74 3853
1174.03 1385.97 3862
1167.44 1385.97 3862
1174.39 1402.12 3907
1178.79 1415.4 3944
1180.38 1425.45 3972
1173.61 1425.45 3972
1166.84 1425.45 3972
1160.07 1425.45 3972
1153.3 1425.45 3972
1146.53 1425.45 3972
1137.17 1422.22 3963
1130.42 1422.22 3963
1123.66 1422.22 3963
1103.66 1405.35 3916
1089.42 1395.66 3889
1090.31 1405.35 3916
1093.87 1418.63 3953
1087.13 1418.63 3953
1080.39 1418.63 3953
1073.65 1418.63 3953
1066.91 1418.63 3953
1050.25 1405.35 3916
1043.58 1405.35 3916
1032.13 1398.89 3898
1025.49 1398.89 3898
1018.84 1398.89 3898
1012.2 1398.89 3898
1005.55 1398.89 3898
998.909 1398.89 3898
992.264 1398.89 3898
983.343 1395.66 3889
983.494 1405.35 3916
981.558 1412.17 3935
974.85 1412.17 3935
970.356 1415.4 3944
975.116 1432.27 3991
968.312 1432.27 3991
961.508 1432.27 3991
954.705 1432.27 3991
941.251 1422.22 3963
934.495 1422.22 3963
925.398 1418.63 3953
923.075 1425.45 3972
916.303 1425.45 3972
909.532 1425.45 3972
902.761 1425.45 3972
895.99 1425.45 3972
882.95 1415.4 3944
876.226 1415.4 3944
869.503 1415.4 3944
858.623 1408.58 3925
854.102 1412.17 3935
847.394 1412.17 3935
840.686 1412.17 3935
831.858 1408.58 3925
823.275 1405.35 3916
816.599 1405.35 3916
808.062 1402.12 3907
797.71 1395.66 3889
787.418 1389.2 3871
779.004 1385.97 3862
772.42 1385.97 3862
764.052 1382.74 3853
750.603 1370.18 3818
739.027 1360.85 3792
732.562 1360.85 3792
726.098 1360.85 3792
714.699 1351.52 3766
703.389 1342.19 3740
700.182 1348.29 3757
693.777 1348.29 3757
687.372 1348.29 3757
680.968 1348.29 3757
674.563 1348.29 3757
663.712 1339.32 3732
655.941 1336.45 3724
648.197 1333.57 3716
641.862 1333.57 3716
633.988 1330.34 3707
626.314 1327.47 3699
620.008 1327.47 3699
613.702 1327.47 3699
607.396 1327.47 3699
599.79 1324.6 3691
594.785 1327.47 3699
589.751 1330.34 3707
583.432 1330.34 3707
581.004 1339.32 3732
575.874 1342.19 3740
570.869 1345.42 3749
564.478 1345.42 3749
558.087 1345.42 3749
551.696 1345.42 3749
545.304 1345.42 3749
537.62 1342.19 3740
531.244 1342.19 3740
523.745 1339.32 3732
517.383 1339.32 3732
509.926 1336.45 3724
502.495 1333.57 3716
493.891 1327.47 3699
487.585 1327.47 3699
480.238 1324.6 3691
473.946 1324.6 3691
466.64 1321.73 3683
460.361 1321.73 3683
453.097 1318.86 3675
446.832 1318.86 3675
439.608 1315.99 3667
433.356 1315.99 3667
427.105 1315.99 3667
419.821 1312.76 3658
412.68 1309.89 3650
406.458 1309.89 3650
397.714 1301.64 3627
388.076 1290.15 3595
381.948 1290.15 3595
375.819 1290.15 3595
368.971 1287.64 3588
-15.3337 156.11 435
-16.0753 156.11 435
-16.8555 156.469 436
-17.5988 156.469 436
-18.3421 156.469 436
-19.0416 156.11 435
-19.7831 156.11 435
-20.4775 155.751 434
-21.1685 155.392 433
-21.9066 155.392 433
-22.6448 155.392 433
-23.3289 155.033 432
-24.0097 154.675 431
-24.7444 154.675 431
-29.6277 149.65 417
-30.3386 149.65 417
-31.0495 149.65 417
-31.7603 149.65 417
-32.3155 148.933 415
-32.9434 148.574 414
-33.6492 148.574 414
-34.3549 148.574 414
-34.976 148.215 413
-35.5937 147.856 412
-36.296 147.856 412
-36.9984 147.856 412
-37.6092 147.497 411
-38.2167 147.138 410
-38.9156 147.138 410
-39.5179 146.779 409
-40.1169 146.421 408
-40.7124 146.062 407
-41.3045 145.703 406
-41.9966 145.703 406
-42.6887 145.703 406
-43.274 145.344 405
-43.8559 144.985 404
-44.5446 144.985 404
-45.1213 144.626 403
-45.6947 144.267 402
-46.2646 143.908 401
-46.8311 143.55 400
-47.513 143.55 400
-48.1949 143.55 400
-48.7546 143.191 399
-49.4348 143.191 399
-50.115 143.191 399
-50.7952 143.191 399
-51.3464 142.832 398
-51.8942 142.473 397
-52.571 142.473 397
-53.2478 142.473 397
-53.9245 142.473 397
-54.4638 142.114 396
-55.1389 142.114 396
-55.8139 142.114 396
-56.3464 141.755 395
-57.0198 141.755 395
-57.6931 141.755 395
-58.3665 141.755 395
-68.2938 141.396 394
-68.9655 141.396 394
-69.8139 141.755 395
-70.8442 142.473 397
-71.7011 142.832 398
-72.3796 142.832 398
-73.0581 142.832 398
-73.9218 143.191 399
-74.602 143.191 399
-75.2822 143.191 399
-75.9624 143.191 399
-76.6426 143.191 399
-77.3228 143.191 399
-78.003 143.191 399
-78.8804 143.55 400
-79.5623 143.55 400
-80.2442 143.55 400
-80.9261 143.55 400
-81.608 143.55 400
-82.4956 143.908 401
-83.1792 143.908 401
-83.8628 143.908 401
-84.7573 144.267 402
-85.6551 144.626 403
-86.3421 144.626 403
-87.2451 144.985 404
-88.1515 145.344 405
-88.8419 145.344 405
-89.7534 145.703 406
-90.4455 145.703 406
-91.1376 145.703 406
-91.8298 145.703 406
-92.5219 145.703 406
-93.6732 146.421 408
-95.2939 147.856 412
-95.9963 147.856 412
-98.811 151.086 421
-99.5287 151.086 421
-100.246 151.086 421
-101.684 152.162 424
-102.406 152.162 424
-103.129 152.162 424
-103.852 152.162 424
-105.068 152.88 426
-105.794 152.88 426
-106.521 152.88 426
-107.247 152.88 426
-108.226 153.239 427
-109.21 153.598 428
-109.939 153.598 428
-111.186 154.316 430
-112.179 154.675 431
-112.914 154.675 431
-113.912 155.033 432
-114.914 155.392 433
-115.92 155.751 434
-116.659 155.751 434
-117.67 156.11 435
-118.411 156.11 435
-119.427 156.469 436
-120.17 156.469 436
-121.191 156.828 437
-122.215 157.187 438
-122.961 157.187 438
-123.99 157.546 439
-124.739 157.546 439
-125.773 157.904 440
-126.523 157.904 440
-128.43 159.34 444
-129.478 159.699 445
-130.237 159.699 445
-131.29 160.058 446
-132.346 160.417 447
-133.108 160.417 447
-133.87 160.417 447
-856.049 805.672 2245
-859.877 805.672 2245
-863.704 805.672 2245
-867.531 805.672 2245
-871.358 805.672 2245
-875.185 805.672 2245
-871.965 799.212 2227
-875.761 799.212 2227
-874.818 794.905 2215
-879.784 795.982 2218
-883.565 795.982 2218
-888.547 797.059 2221
-894.743 799.212 2227
-898.54 799.212 2227
-902.336 799.212 2227
-903.691 797.059 2221
-906.252 795.982 2218
-910.033 795.982 2218
-912.578 794.905 2215
-909.321 788.805 2198
-911.822 787.728 2195
-915.564 787.728 2195
-918.049 786.651 2192
-920.525 785.575 2189
-922.145 783.78 2184
-925.868 783.78 2184
-929.592 783.78 2184
-932.033 782.704 2181
-931.889 779.474 2172
-935.592 779.474 2172
-939.295 779.474 2172
-942.997 779.474 2172
-945.393 778.397 2169
-949.09 778.397 2169
-951.909 777.679 2167
-952.958 775.526 2161
-955.313 774.45 2158
-956.77 772.655 2153
-960.441 772.655 2153
-964.111 772.655 2153
-967.781 772.655 2153
-971.452 772.655 2153
-975.122 772.655 2153
-978.792 772.655 2153
-981.094 771.579 2150
-982.011 769.425 2144
-985.666 769.425 2144
-988.398 768.708 2142
-990.66 767.631 2139
-994.306 767.631 2139
-995.154 765.478 2133
-997.853 764.76 2131
-1001.49 764.76 2131
-1005.12 764.76 2131
-1005.91 762.607 2125
-1009.53 762.607 2125
-1010.77 760.812 2120
-1011.52 758.659 2114
-1015.12 758.659 2114
-1017.76 757.941 2112
-1018.46 755.788 2106
-1021.08 755.07 2104
-1024.67 755.07 2104
-1025.32 752.917 2098
-1026.44 751.123 2093
-1027.55 749.328 2088
-1031.11 749.328 2088
-1033.18 748.252 2085
-1035.74 747.534 2083
-1037.8 746.457 2080
-1041.34 746.457 2080
-1035.85 739.998 2062
-1038.35 739.28 2060
-1037.82 736.409 2052
-1041.32 736.409 2052
-1040.74 733.538 2044
-1040.65 731.026 2037
-1041.56 729.231 2032
-1045.03 729.231 2032
1906.63 1366.52 3826
1900.11 1366.52 3826
1893.59 1366.52 3826
1887.07 1366.52 3826
1880.54 1366.52 3826
1420.63 1442.6 4039
1413.74 1442.6 4039
1420.79 1456.89 4079
1413.84 1456.89 4079
1406.88 1456.89 4079
1399.93 1456.89 4079
1392.98 1456.89 4079
1372.43 1442.6 4039
1365.54 1442.6 4039
1345.88 1429.03 4001
1326.34 1415.46 3963
1316.25 1411.88 3953
1309.51 1411.88 3953
1299.81 1408.67 3944
1290.13 1405.45 3935
1283.43 1405.45 3935
1276.72 1405.45 3935
1263.88 1398.67 3916
1278.39 1422.24 3982
1271.6 1422.24 3982
1264.81 1422.24 3982
1258.03 1422.24 3982
1242.12 1411.88 3953
1229.76 1405.45 3935
1223.05 1405.45 3935
1210.47 1398.67 3916
1195.5 1389.03 3889
1183.36 1382.6 3871
1176.76 1382.6 3871
1170.16 1382.6 3871
1174.39 1395.45 3907
1178.79 1408.67 3944
1180.38 1418.67 3972
1173.61 1418.67 3972
1166.84 1418.67 3972
1162.99 1422.24 3982
1156.2 1422.24 3982
1149.41 1422.24 3982
1139.75 1418.67 3972
1130.42 1415.46 3963
1123.66 1415.46 3963
1114.09 1411.88 3953
1099.5 1401.88 3925
1100.61 1411.88 3953
1099.13 1418.67 3972
1092.36 1418.67 3972
1088.32 1422.24 3982
1081.53 1422.24 3982
1074.74 1422.24 3982
1062.86 1415.46 3963
1056.1 1415.46 3963
1049.35 1415.46 3963
1042.59 1415.46 3963
1035.83 1415.46 3963
1031.41 1418.67 3972
1024.64 1418.67 3972
1017.87 1418.67 3972
1011.1 1418.67 3972
1004.33 1418.67 3972
997.559 1418.67 3972
995.527 1425.46 3991
988.723 1425.46 3991
984.38 1429.03 4001
986.844 1442.6 4039
982.384 1446.17 4049
975.482 1446.17 4049
968.579 1446.17 4049
952.414 1432.24 4010
945.578 1432.24 4010
934.294 1425.46 3991
929.814 1429.03 4001
922.993 1429.03 4001
916.173 1429.03 4001
909.352 1429.03 4001
900.276 1425.46 3991
889.218 1418.67 3972
882.447 1418.67 3972
871.487 1411.88 3953
864.748 1411.88 3953
858.009 1411.88 3953
851.271 1411.88 3953
844.532 1411.88 3953
833.978 1405.45 3935
827.27 1405.45 3935
820.562 1405.45 3935
811.785 1401.88 3925
801.402 1395.45 3907
791.08 1389.03 3889
784.45 1389.03 3889
774.22 1382.6 3871
764.052 1376.17 3853
752.175 1366.52 3826
742.34 1360.45 3809
735.846 1360.45 3809
726.098 1354.38 3792
714.699 1345.09 3766
703.389 1335.81 3740
700.182 1341.88 3757
693.777 1341.88 3757
687.372 1341.88 3757
680.968 1341.88 3757
674.563 1341.88 3757
663.712 1332.95 3732
655.941 1330.09 3724
648.197 1327.23 3716
641.862 1327.23 3716
633.988 1324.02 3707
626.314 1321.16 3699
620.008 1321.16 3699
613.702 1321.16 3699
607.396 1321.16 3699
599.79 1318.31 3691
594.785 1321.16 3699
589.751 1324.02 3707
583.432 1324.02 3707
581.004 1332.95 3732
579.878 1345.09 3766
573.457 1345.09 3766
567.037 1345.09 3766
560.617 1345.09 3766
554.197 1345.09 3766
547.777 1345.09 3766
540.063 1341.88 3757
533.659 1341.88 3757
526.131 1339.02 3749
519.74 1339.02 3749
512.117 1335.81 3740
504.659 1332.95 3732
497.229 1330.09 3724
490.88 1330.09 3724
484.532 1330.09 3724
476 1324.02 3707
469.681 1324.02 3707
463.361 1324.02 3707
455.069 1318.31 3691
448.777 1318.31 3691
442.485 1318.31 3691
436.193 1318.31 3691
429.9 1318.31 3691
421.772 1312.59 3675
414.602 1309.73 3667
408.351 1309.73 3667
401.113 1306.52 3658
391.53 1295.45 3627
385.347 1295.45 3627
379.164 1295.45 3627
372.158 1292.59 3619
-15.3337 155.368 435
-16.0753 155.368 435
-16.8555 155.725 436
-17.5988 155.725 436
-18.3421 155.725 436
-19.0416 155.368 435
-19.7831 155.368 435
-20.4775 155.011 434
-21.1685 154.654 433
-21.9066 154.654 433
-22.6448 154.654 433
-23.3289 154.296 432
-24.0097 153.939 431
-24.7444 153.939 431
-29.6277 148.939 417
-30.3386 148.939 417
-31.0495 148.939 417
-31.7603 148.939 417
-32.3155 148.225 415
-32.9434 147.867 414
-33.6492 147.867 414
-34.3549 147.867 414
-34.976 147.51 413
-35.5937 147.153 412
-36.296 147.153 412
-36.9984 147.153 412
-37.6092 146.796 411
-38.2167 146.439 410
-38.9156 146.439 410
-39.5179 146.082 409
-40.1169 145.724 408
-40.7124 145.367 407
-41.3045 145.01 406
-41.9966 145.01 406
-42.6887 145.01 406
-43.274 144.653 405
-43.8559 144.296 404
-44.5446 144.296 404
-45.0094 143.581 402
-45.6947 143.581 402
-46.1492 142.867 400
-46.8311 142.867 400
-47.513 142.867 400
-48.1949 142.867 400
-48.7546 142.51 399
-49.4348 142.51 399
-50.115 142.51 399
-50.7952 142.51 399
-51.3464 142.153 398
-51.8942 141.796 397
-52.571 141.796 397
-53.2478 141.796 397
-53.9245 141.796 397
-54.4638 141.438 396
-55.1389 141.438 396
-55.8139 141.438 396
-56.3464 141.081 395
-57.0198 141.081 395
-57.6931 141.081 395
-58.3665 141.081 395
-68.2938 140.724 394
-68.9655 140.724 394
-69.8139 141.081 395
-70.8442 141.796 397
-71.7011 142.153 398
-72.3796 142.153 398
-73.0581 142.153 398
-73.9218 142.51 399
-74.602 142.51 399
-75.2822 142.51 399
-75.9624 142.51 399
-76.6426 142.51 399
-77.3228 142.51 399
-78.003 142.51 399
-78.8804 142.867 400
-79.5623 142.867 400
-80.2442 142.867 400
-80.9261 142.867 400
-81.608 142.867 400
-82.4956 143.224 401
-83.1792 143.224 401
-83.8628 143.224 401
-84.7573 143.581 402
-85.8677 144.296 404
-86.5564 144.296 404
-87.4611 144.653 405
-88.3691 145.01 406
-89.0613 145.01 406
-89.7534 145.01 406
-90.6683 145.367 407
-91.3621 145.367 407
-92.056 145.367 407
-92.9777 145.724 408
-93.9028 146.082 409
-95.2939 147.153 412
-96.2293 147.51 413
-98.811 150.368 421
-99.5287 150.368 421
-100.246 150.368 421
-101.684 151.439 424
-102.406 151.439 424
-103.129 151.439 424
-103.852 151.439 424
-105.068 152.153 426
-105.794 152.153 426
-106.521 152.153 426
-107.247 152.153 426
-108.226 152.511 427
-109.21 152.868 428
-109.939 152.868 428
-111.186 153.582 430
-112.44 154.296 432
-113.176 154.296 432
-113.912 154.296 432
-114.914 154.654 433
-115.92 155.011 434
-116.659 155.011 434
-117.67 155.368 435
-118.411 155.368 435
-119.427 155.725 436
-120.17 155.725 436
-121.191 156.082 437
-122.215 156.439 438
-122.961 156.439 438
-123.99 156.797 439
-124.739 156.797 439
-125.773 157.154 440
-126.523 157.154 440
-128.43 158.582 444
-129.478 158.94 445
-130.237 158.94 445
-131.584 159.654 447
-132.346 159.654 447
-133.108 159.654 447
-133.87 159.654 447
-856.049 801.841 2245
-859.877 801.841 2245
-863.704 801.841 2245
-867.531 801.841 2245
-871.358 801.841 2245
-875.185 801.841 2245
-871.965 795.412 2227
-875.761 795.412 2227
-874.818 791.126 2215
-879.784 792.198 2218
-883.565 792.198 2218
-887.346 792.198 2218
-892.333 793.269 2221
-896.119 793.269 2221
-899.905 793.269 2221
-902.471 792.198 2218
-906.252 792.198 2218
-910.033 792.198 2218
-912.578 791.126 2215
-909.321 785.055 2198
-911.822 783.983 2195
-915.564 783.983 2195
-918.049 782.911 2192
-920.525 781.84 2189
-922.145 780.054 2184
-925.868 780.054 2184
-929.592 780.054 2184
-932.033 778.983 2181
-931.889 775.768 2172
-935.592 775.768 2172
-939.295 775.768 2172
-941.695 774.697 2169
-945.393 774.697 2169
-949.09 774.697 2169
-951.909 773.982 2167
-951.635 770.768 2158
-953.985 769.696 2155
-956.77 768.982 2153
-959.102 767.91 2150
-961.424 766.839 2147
-965.084 766.839 2147
-968.744 766.839 2147
-972.405 766.839 2147
-976.065 766.839 2147
-978.356 765.767 2144
-982.011 765.767 2144
-985.666 765.767 2144
-988.398 765.053 2142
-990.66 763.982 2139
-994.306 763.982 2139
-995.154 761.839 2133
-997.853 761.124 2131
-1001.49 761.124 2131
-1005.12 761.124 2131
-1005.91 758.981 2125
-1009.53 758.981 2125
-1010.77 757.195 2120
-1014.39 757.195 2120
-1015.12 755.052 2114
-1017.76 754.338 2112
-1018.46 752.195 2106
-1022.05 752.195 2106
-1024.67 751.481 2104
-1025.32 749.338 2098
-1026.44 747.552 2093
-1026.08 744.695 2085
-1029.63 744.695 2085
-1032.19 743.98 2083
-1034.25 742.909 2080
-1032.81 739.337 2070
-1036.34 739.337 2070
-1034.84 735.765 2060
-1034.32 732.908 2052
-1033.77 730.051 2044
-1037.26 730.051 2044
-1039.72 729.336 2042
-1038.1 725.765 2032
-1039 723.979 2027
-1042.45 723.979 2027
1420.63 1435.71 4039
1413.74 1435.71 4039
1420.79 1449.93 4079
1413.84 1449.93 4079
1406.88 1449.93 4079
1399.93 1449.93 4079
1392.98 1449.93 4079
1372.43 1435.71 4039
1365.54 1435.71 4039
1355.63 1432.51 4030
1339.06 1422.2 4001
1319.58 1408.69 3963
1312.83 1408.69 3963
1306.07 1408.69 3963
1299.31 1408.69 3963
1289.3 1405.14 3953
1282.56 1405.14 3953
1275.82 1405.14 3953
1278.39 1415.45 3982
1271.6 1415.45 3982
1264.81 1415.45 3982
1258.03 1415.45 3982
1242.12 1405.14 3953
1229.76 1398.74 3935
1223.05 1398.74 3935
1210.47 1391.99 3916
1195.5 1382.39 3889
1183.36 1375.99 3871
1176.76 1375.99 3871
1170.16 1375.99 3871
1174.39 1388.79 3907
1178.79 1401.94 3944
1180.38 1411.89 3972
1173.61 1411.89 3972
1166.84 1411.89 3972
1162.99 1415.45 3982
1156.2 1415.45 3982
1149.41 1415.45 3982
1139.75 1411.89 3972
1130.42 1408.69 3963
1123.66 1408.69 3963
1114.09 1405.14 3953
1104.83 1401.94 3944
1105.9 1411.89 3972
1104.39 1418.65 3991
1097.58 1418.65 3991
1090.78 1418.65 3991
1083.97 1418.65 3991
1077.17 1418.65 3991
1067.95 1415.45 3982
1063.56 1418.65 3991
1059.41 1422.2 4001
1052.59 1422.2 4001
1045.77 1422.2 4001
1043.88 1428.96 4020
1037.03 1428.96 4020
1030.17 1428.96 4020
1023.32 1428.96 4020
1019 1432.51 4030
1014.39 1435.71 4039
1007.5 1435.71 4039
1000.61 1435.71 4039
996.189 1439.26 4049
989.287 1439.26 4049
987.237 1446.37 4069
980.3 1446.37 4069
973.364 1446.37 4069
961.677 1439.26 4049
954.774 1439.26 4049
945.531 1435.71 4039
938.645 1435.71 4039
931.76 1435.71 4039
924.874 1435.71 4039
917.989 1435.71 4039
904.562 1425.4 4010
893.472 1418.65 3991
886.668 1418.65 3991
875.676 1411.89 3972
864.748 1405.14 3953
860.18 1408.69 3963
853.424 1408.69 3963
846.668 1408.69 3963
837.793 1405.14 3953
829.162 1401.94 3944
822.438 1401.94 3944
813.853 1398.74 3935
805.094 1395.19 3925
794.741 1388.79 3907
788.081 1388.79 3907
777.82 1382.39 3889
765.836 1372.79 3862
757.483 1369.59 3853
750.915 1369.59 3853
739.131 1360 3826
729.353 1353.95 3809
717.925 1344.71 3783
708.279 1338.67 3766
706.705 1347.91 3792
700.24 1347.91 3792
693.776 1347.91 3792
687.311 1347.91 3792
680.847 1347.91 3792
669.759 1338.67 3766
661.753 1335.47 3757
652.383 1329.43 3740
646.007 1329.43 3740
639.632 1329.43 3740
631.901 1326.58 3732
624.198 1323.74 3724
617.85 1323.74 3724
611.501 1323.74 3724
606.453 1326.58 3732
601.377 1329.43 3740
596.433 1332.63 3749
590.042 1332.63 3749
586.298 1338.67 3766
579.878 1338.67 3766
573.457 1338.67 3766
567.037 1338.67 3766
560.617 1338.67 3766
554.197 1338.67 3766
547.777 1338.67 3766
540.063 1335.47 3757
533.659 1335.47 3757
526.131 1332.63 3749
519.74 1332.63 3749
512.117 1329.43 3740
504.659 1326.58 3732
497.229 1323.74 3724
490.88 1323.74 3724
484.532 1323.74 3724
476 1317.7 3707
469.681 1317.7 3707
463.361 1317.7 3707
455.069 1312.01 3691
448.777 1312.01 3691
442.485 1312.01 3691
436.193 1312.01 3691
429.9 1312.01 3691
421.772 1306.32 3675
414.602 1303.48 3667
408.351 1303.48 3667
402.1 1303.48 3667
395.848 1303.48 3667
388.641 1300.28 3658
382.405 1300.28 3658
375.346 1297.43 3650
-15.3337 154.626 435
-16.0753 154.626 435
-16.8169 154.626 435
-17.5584 154.626 435
-18.3 154.626 435
-19.0416 154.626 435
-19.7376 154.27 434
-20.4775 154.27 434
-21.1685 153.915 433
-21.9066 153.915 433
-22.6448 153.915 433
-23.3289 153.559 432
-24.0097 153.204 431
-24.7444 153.204 431
-29.6277 148.227 417
-30.3386 148.227 417
-31.0495 148.227 417
-31.7603 148.227 417
-32.3155 147.517 415
-33.023 147.517 415
-33.7304 147.517 415
-34.3549 147.161 414
-34.976 146.806 413
-35.5937 146.45 412
-36.296 146.45 412
-36.9984 146.45 412
-37.6092 146.095 411
-38.2167 145.739 410
-38.9156 145.739 410
-39.5179 145.384 409
-40.1169 145.028 408
-40.7124 144.673 407
-41.3045 144.317 406
-41.9966 144.317 406
-42.5836 143.962 405
-43.274 143.962 405
-43.7473 143.251 403
-44.4343 143.251 403
-45.0094 142.896 402
-45.581 142.54 401
-46.1492 142.185 400
-46.8311 142.185 400
-47.513 142.185 400
-48.1949 142.185 400
-48.7546 141.829 399
-49.4348 141.829 399
-50.115 141.829 399
-50.7952 141.829 399
-51.3464 141.474 398
-51.8942 141.118 397
-52.571 141.118 397
-53.2478 141.118 397
-53.7887 140.763 396
-54.4638 140.763 396
-55.1389 140.763 396
-55.8139 140.763 396
-56.489 140.763 396
-57.0198 140.407 395
-57.6931 140.407 395
-58.3665 140.407 395
-59.0399 140.407 395
-69.8139 140.407 395
-70.8442 141.118 397
-71.7011 141.474 398
-72.3796 141.474 398
-73.0581 141.474 398
-73.9218 141.829 399
-74.602 141.829 399
-75.2822 141.829 399
-75.9624 141.829 399
-76.6426 141.829 399
-77.3228 141.829 399
-78.003 141.829 399
-78.8804 142.185 400
-79.5623 142.185 400
-80.2442 142.185 400
-80.9261 142.185 400
-81.608 142.185 400
-82.4956 142.54 401
-83.1792 142.54 401
-83.8628 142.54 401
-84.7573 142.896 402
-85.8677 143.606 404
-86.5564 143.606 404
-87.4611 143.962 405
-88.3691 144.317 406
-89.0613 144.317 406
-89.7534 144.317 406
-90.6683 144.673 407
-91.3621 144.673 407
-92.056 144.673 407
-92.9777 145.028 408
-94.362 146.095 411
-95.2939 146.45 412
-96.6953 147.517 415
-98.811 149.649 421
-99.5287 149.649 421
-100.246 149.649 421
-101.684 150.716 424
-102.406 150.716 424
-103.129 150.716 424
-103.852 150.716 424
-105.068 151.427 426
-105.794 151.427 426
-106.521 151.427 426
-107.498 151.782 427
-108.226 151.782 427
-109.21 152.138 428
-109.939 152.138 428
-111.444 153.204 431
-112.44 153.559 432
-113.176 153.559 432
-113.912 153.559 432
-114.914 153.915 433
-115.92 154.27 434
-116.659 154.27 434
-117.67 154.626 435
-118.411 154.626 435
-119.427 154.981 436
-120.17 154.981 436
-121.191 155.337 437
-122.215 155.692 438
-122.961 155.692 438
-123.99 156.048 439
-124.739 156.048 439
-125.773 156.403 440
-126.523 156.403 440
-128.72 158.18 445
-129.769 158.536 446
-130.529 158.536 446
-131.584 158.891 447
-132.346 158.891 447
-133.108 158.891 447
-133.87 158.891 447
-856.049 798.011 2245
-859.877 798.011 2245
-863.704 798.011 2245
-866.372 796.945 2242
-869.029 795.878 2239
-872.846 795.878 2239
-871.965 791.613 2227
-875.761 791.613 2227
-872.843 785.57 2210
-877.801 786.636 2213
-881.573 786.636 2213
-887.346 788.414 2218
-892.333 789.48 2221
-896.119 789.48 2221
-899.905 789.48 2221
-902.471 788.414 2218
-906.252 788.414 2218
-910.033 788.414 2218
-912.578 787.347 2215
-909.321 781.305 2198
-911.822 780.238 2195
-915.564 780.238 2195
-918.049 779.172 2192
-920.525 778.105 2189
-922.145 776.328 2184
-925.868 776.328 2184
-929.592 776.328 2184
-932.033 775.262 2181
-931.889 772.062 2172
-935.592 772.062 2172
-939.295 772.062 2172
-941.695 770.996 2169
-945.393 770.996 2169
-949.09 770.996 2169
-951.909 770.285 2167
-951.635 767.086 2158
-953.1 765.309 2153
-956.77 765.309 2153
-957.764 763.176 2147
-961.424 763.176 2147
-965.084 763.176 2147
-968.744 763.176 2147
-972.405 763.176 2147
-974.701 762.11 2144
-977.443 761.399 2142
-981.095 761.399 2142
-984.746 761.399 2142
-988.398 761.399 2142
-990.66 760.332 2139
-994.306 760.332 2139
-995.154 758.2 2133
-997.853 757.489 2131
-1001.49 757.489 2131
-1005.12 757.489 2131
-1007.33 756.422 2128
-1009.53 755.356 2125
-1010.77 753.578 2120
-1014.39 753.578 2120
-1015.12 751.446 2114
-1017.76 750.735 2112
-1018.46 748.602 2106
-1022.05 748.602 2106
-1023.2 746.825 2101
-1025.32 745.758 2098
-1023.99 742.204 2088
-1027.55 742.204 2088
-1029.63 741.137 2085
-1030.71 739.36 2080
-1030.27 736.516 2072
-1031.31 734.739 2067
-1034.84 734.739 2067
-1030.82 729.407 2052
-1031.8 727.63 2047
-1033.77 726.563 2044
-1037.26 726.563 2044
-1035.65 723.009 2034
-1035.54 720.521 2027
-1039 720.521 2027
-1042.45 720.521 2027
1379.32 1428.82 4039
1372.43 1428.82 4039
1365.54 1428.82 4039
1355.63 1425.63 4030
1345.41 1422.1 4020
1335.23 1418.56 4010
1328.4 1418.56 4010
1312.33 1408.65 3982
1305.54 1408.65 3982
1295.49 1405.12 3972
1291.97 1408.65 3982
1285.18 1408.65 3982
1281.28 1411.84 3991
1274.48 1411.84 3991
1267.67 1411.84 3991
1260.87 1411.84 3991
1248.1 1405.12 3972
1235.39 1398.4 3953
1228.65 1398.4 3953
1213.25 1388.49 3925
1206.56 1388.49 3925
1188.87 1375.76 3889
1182.24 1375.76 3889
1170.16 1369.39 3871
1174.39 1382.12 3907
1173.11 1388.49 3925
1174.74 1398.4 3953
1168 1398.4 3953
1166.84 1405.12 3972
1162.99 1408.65 3982
1156.2 1408.65 3982
1149.41 1408.65 3982
1139.75 1405.12 3972
1130.42 1401.93 3963
1123.66 1401.93 3963
1114.09 1398.4 3953
1104.83 1395.21 3944
1105.9 1405.12 3972
1104.39 1411.84 3991
1097.58 1411.84 3991
1090.78 1411.84 3991
1083.97 1411.84 3991
1077.17 1411.84 3991
1067.95 1408.65 3982
1063.56 1411.84 3991
1059.41 1415.38 4001
1052.59 1415.38 4001
1045.77 1415.38 4001
1043.88 1422.1 4020
1037.03 1422.1 4020
1030.17 1422.1 4020
1023.32 1422.1 4020
1019 1425.63 4030
1014.39 1428.82 4039
1007.5 1428.82 4039
1000.61 1428.82 4039
996.189 1432.36 4049
989.287 1432.36 4049
987.237 1439.43 4069
980.3 1439.43 4069
973.364 1439.43 4069
961.677 1432.36 4049
954.774 1432.36 4049
945.531 1428.82 4039
938.645 1428.82 4039
931.76 1428.82 4039
924.874 1428.82 4039
917.989 1428.82 4039
909.073 1425.63 4030
897.726 1418.56 4010
890.89 1418.56 4010
877.881 1408.65 3982
864.748 1398.4 3953
860.18 1401.93 3963
853.424 1401.93 3963
846.668 1401.93 3963
839.912 1401.93 3963
831.054 1398.4 3953
824.315 1398.4 3953
817.576 1398.4 3953
807.145 1392.03 3935
794.741 1382.12 3907
788.081 1382.12 3907
779.62 1378.94 3898
769.406 1372.57 3880
759.253 1366.2 3862
752.669 1366.2 3862
744.347 1363.02 3853
732.608 1353.47 3826
721.152 1344.27 3800
714.674 1344.27 3800
706.705 1341.44 3792
703.379 1347.45 3809
698.533 1350.64 3818
692.024 1350.64 3818
685.515 1350.64 3818
675.805 1344.27 3800
666.333 1338.26 3783
658.314 1335.07 3774
651.88 1335.07 3774
645.447 1335.07 3774
637.658 1332.24 3766
631.238 1332.24 3766
626.145 1335.07 3774
619.712 1335.07 3774
613.278 1335.07 3774
606.844 1335.07 3774
600.411 1335.07 3774
593.977 1335.07 3774
587.543 1335.07 3774
583.881 1341.44 3792
578.635 1344.27 3800
572.157 1344.27 3800
565.679 1344.27 3800
559.201 1344.27 3800
552.723 1344.27 3800
543.801 1338.26 3783
537.352 1338.26 3783
529.64 1335.07 3774
523.206 1335.07 3774
515.677 1332.24 3766
509.257 1332.24 3766
502.837 1332.24 3766
496.417 1332.24 3766
488.825 1329.06 3757
479.211 1320.22 3732
472.848 1320.22 3732
466.486 1320.22 3732
458.152 1314.56 3716
451.817 1314.56 3716
445.482 1314.56 3716
439.147 1314.56 3716
432.812 1314.56 3716
426.477 1314.56 3716
418.22 1308.54 3699
411.915 1308.54 3699
403.854 1302.88 3683
395.848 1297.22 3667
388.641 1294.04 3658
382.405 1294.04 3658
375.346 1291.21 3650
-15.3337 153.884 435
-16.0753 153.884 435
-16.8169 153.884 435
-17.5584 153.884 435
-18.3 153.884 435
-19.0416 153.884 435
-19.7376 153.53 434
-20.4775 153.53 434
-21.1685 153.176 433
-21.9066 153.176 433
-22.5925 152.822 432
-23.3289 152.822 432
-24.0097 152.469 431
-24.7444 152.469 431
-30.2658 147.162 416
-30.975 147.162 416
-31.6842 147.162 416
-32.3155 146.809 415
-33.023 146.809 415
-33.7304 146.809 415
-34.3549 146.455 414
-34.8913 145.747 412
-35.5937 145.747 412
-36.296 145.747 412
-36.9984 145.747 412
-37.5177 145.04 410
-38.2167 145.04 410
-38.9156 145.04 410
-39.4213 144.332 408
-40.0185 143.978 407
-40.6123 143.625 406
-41.3045 143.625 406
-41.9966 143.625 406
-42.5836 143.271 405
-43.274 143.271 405
-43.7473 142.563 403
-44.4343 142.563 403
-45.0094 142.21 402
-45.581 141.856 401
-46.1492 141.502 400
-46.8311 141.502 400
-47.513 141.502 400
-48.1949 141.502 400
-48.7546 141.148 399
-49.4348 141.148 399
-50.115 141.148 399
-50.7952 141.148 399
-51.3464 140.795 398
-51.8942 140.441 397
-52.571 140.441 397
-53.2478 140.441 397
-53.7887 140.087 396
-54.4638 140.087 396
-55.1389 140.087 396
-55.8139 140.087 396
-56.489 140.087 396
-57.0198 139.733 395
-57.6931 139.733 395
-58.3665 139.733 395
-59.0399 139.733 395
-59.5621 139.38 394
-60.2338 139.38 394
-60.9054 139.38 394
-68.2938 139.38 394
-68.9655 139.38 394
-69.9906 140.087 396
-70.8442 140.441 397
-71.7011 140.795 398
-72.3796 140.795 398
-73.0581 140.795 398
-73.9218 141.148 399
-74.602 141.148 399
-75.2822 141.148 399
-75.9624 141.148 399
-76.6426 141.148 399
-77.3228 141.148 399
-78.003 141.148 399
-78.8804 141.502 400
-79.5623 141.502 400
-80.2442 141.502 400
-80.9261 141.502 400
-81.608 141.502 400
-82.4956 141.856 401
-83.1792 141.856 401
-84.072 142.21 402
-84.9681 142.563 403
-85.8677 142.917 404
-86.5564 142.917 404
-87.4611 143.271 405
-88.3691 143.625 406
-89.0613 143.625 406
-89.9745 143.978 407
-90.6683 143.978 407
-91.5866 144.332 408
-92.2821 144.332 408
-93.2056 144.686 409
-94.362 145.393 411
-95.0626 145.393 411
-96.6953 146.809 415
-98.5763 148.577 420
-99.2923 148.577 420
-100.246 148.931 421
-101.444 149.639 423
-102.406 149.992 424
-103.129 149.992 424
-103.852 149.992 424
-105.068 150.7 426
-105.794 150.7 426
-106.521 150.7 426
-107.498 151.054 427
-108.226 151.054 427
-109.21 151.407 428
-109.939 151.407 428
-111.444 152.469 431
-112.44 152.822 432
-113.176 152.822 432
-113.912 152.822 432
-114.914 153.176 433
-115.92 153.53 434
-116.659 153.53 434
-117.67 153.884 435
-118.411 153.884 435
-119.427 154.237 436
-120.17 154.237 436
-121.191 154.591 437
-122.215 154.945 438
-122.961 154.945 438
-123.99 155.299 439
-124.739 155.299 439
-125.773 155.652 440
-126.523 155.652 440
-128.72 157.421 445
-129.769 157.775 446
-130.529 157.775 446
-131.584 158.129 447
-132.346 158.129 447
-133.108 158.129 447
-133.87 158.129 447
-858.337 796.304 2251
-862.175 796.304 2251
-866.012 796.304 2251
-869.849 796.304 2251
-869.029 792.058 2239
-872.846 792.058 2239
-870.79 786.752 2224
-874.581 786.752 2224
-870.474 779.677 2204
-877.801 782.861 2213
-881.573 782.861 2213
-886.146 783.568 2215
-891.128 784.63 2218
-894.909 784.63 2218
-898.69 784.63 2218
-901.25 783.568 2215
-905.026 783.568 2215
-908.802 783.568 2215
-909.282 780.738 2207
-909.321 777.555 2198
-910.576 775.432 2192
-914.313 775.432 2192
-916.793 774.371 2189
-919.263 773.309 2186
-922.145 772.602 2184
-925.868 772.602 2184
-929.592 772.602 2184
-929.469 769.418 2175
-930.602 767.296 2169
-934.3 767.296 2169
-937.997 767.296 2169
-941.695 767.296 2169
-944.521 766.588 2167
-948.215 766.588 2167
-949.274 764.466 2161
-951.635 763.404 2158
-953.1 761.635 2153
-956.77 761.635 2153
-957.764 759.513 2147
-961.424 759.513 2147
-965.084 759.513 2147
-968.744 759.513 2147
-972.405 759.513 2147
-974.701 758.452 2144
-977.443 757.744 2142
-981.095 757.744 2142
-984.746 757.744 2142
-988.398 757.744 2142
-990.66 756.683 2139
-994.306 756.683 2139
-995.154 754.56 2133
-998.79 754.56 2133
-1001.49 753.853 2131
-1005.12 753.853 2131
-1007.33 752.792 2128
-1010.96 752.792 2128
-1010.77 749.962 2120
-1014.39 749.962 2120
-1015.12 747.839 2114
-1017.76 747.132 2112
-1018.46 745.009 2106
-1022.05 745.009 2106
-1023.2 743.24 2101
-1026.79 743.24 2101
-1023.99 738.641 2088
-1027.55 738.641 2088
-1029.63 737.58 2085
-1028.23 734.043 2075
-1029.28 732.274 2070
-1032.81 732.274 2070
-1034.84 731.213 2067
-1028.31 724.137 2047
-1030.29 723.076 2044
-1033.77 723.076 2044
-1037.26 723.076 2044
-1034.63 718.831 2032
-1035.54 717.062 2027
-1035.41 714.586 2020
-1038.85 714.586 2020
1379.32 1421.93 4039
1372.43 1421.93 4039
1365.54 1421.93 4039
1355.63 1418.76 4030
1345.41 1415.24 4020
1335.23 1411.72 4010
1328.4 1411.72 4010
1312.33 1401.86 3982
1305.54 1401.86 3982
1298.76 1401.86 3982
1291.97 1401.86 3982
1285.18 1401.86 3982
1284.49 1408.55 4001
1277.67 1408.55 4001
1270.85 1408.55 4001
1264.03 1408.55 4001
1254.07 1405.03 3991
1241.32 1398.34 3972
1234.55 1398.34 3972
1221.91 1391.65 3953
1209.64 1385.31 3935
1199.87 1381.79 3925
1193.18 1381.79 3925
1181.05 1375.46 3907
1179.8 1381.79 3925
1181.47 1391.65 3953
1177.71 1395.17 3963
1170.95 1395.17 3963
1164.2 1395.17 3963
1162.99 1401.86 3982
1156.2 1401.86 3982
1149.41 1401.86 3982
1142.62 1401.86 3982
1135.84 1401.86 3982
1129.05 1401.86 3982
1116.9 1395.17 3963
1112.67 1398.34 3972
1111.19 1405.03 3991
1109.64 1411.72 4010
1102.81 1411.72 4010
1095.97 1411.72 4010
1089.13 1411.72 4010
1082.3 1411.72 4010
1073.05 1408.55 4001
1066.23 1408.55 4001
1061.79 1411.72 4010
1060.22 1418.76 4030
1053.35 1418.76 4030
1048.81 1421.93 4039
1041.93 1421.93 4039
1035.04 1421.93 4039
1028.16 1421.93 4039
1021.27 1421.93 4039
1016.9 1425.45 4049
1009.99 1425.45 4049
1003.09 1425.45 4049
998.65 1428.97 4059
991.73 1428.97 4059
987.237 1432.49 4069
980.3 1432.49 4069
973.364 1432.49 4069
964.052 1428.97 4059
957.132 1428.97 4059
945.531 1421.93 4039
938.645 1421.93 4039
931.76 1421.93 4039
924.874 1421.93 4039
917.989 1421.93 4039
909.073 1418.76 4030
897.726 1411.72 4010
890.89 1411.72 4010
877.881 1401.86 3982
864.748 1391.65 3953
860.18 1395.17 3963
853.424 1395.17 3963
846.668 1395.17 3963
839.912 1395.17 3963
831.054 1391.65 3953
824.315 1391.65 3953
817.576 1391.65 3953
807.145 1385.31 3935
794.741 1375.46 3907
788.081 1375.46 3907
779.62 1372.29 3898
769.406 1365.95 3880
759.253 1359.61 3862
752.669 1359.61 3862
746.085 1359.61 3862
737.778 1356.45 3853
727.794 1350.11 3835
721.256 1350.11 3835
711.55 1344.12 3818
708.181 1350.11 3835
701.643 1350.11 3835
695.105 1350.11 3835
688.568 1350.11 3835
679.007 1344.12 3818
669.327 1337.79 3800
662.849 1337.79 3800
656.371 1337.79 3800
649.893 1337.79 3800
643.415 1337.79 3800
636.937 1337.79 3800
630.459 1337.79 3800
623.981 1337.79 3800
617.503 1337.79 3800
611.025 1337.79 3800
603.274 1334.97 3792
596.81 1334.97 3792
591.591 1337.79 3800
586.499 1340.96 3809
580.005 1340.96 3809
576.071 1346.94 3826
569.549 1346.94 3826
563.027 1346.94 3826
556.504 1346.94 3826
547.538 1340.96 3809
541.045 1340.96 3809
534.551 1340.96 3809
526.81 1337.79 3800
519.237 1334.97 3792
512.773 1334.97 3792
506.308 1334.97 3792
499.844 1334.97 3792
491.037 1328.63 3774
483.576 1325.82 3766
473.862 1316.66 3740
467.486 1316.66 3740
460.124 1313.85 3732
453.762 1313.85 3732
450.397 1322.65 3757
443.992 1322.65 3757
437.588 1322.65 3757
430.265 1319.83 3749
421.047 1311.03 3724
414.698 1311.03 3724
405.609 1302.23 3699
398.439 1299.41 3691
392.147 1299.41 3691
385.855 1299.41 3691
377.917 1293.78 3675
-15.3337 153.141 435
-16.0753 153.141 435
-16.8169 153.141 435
-17.5584 153.141 435
-18.3 153.141 435
-19.0416 153.141 435
-19.7831 153.141 435
-20.4775 152.789 434
-21.1685 152.437 433
-21.9066 152.437 433
-22.5925 152.085 432
-23.2749 151.733 431
-30.975 146.453 416
-31.6842 146.453 416
-32.3934 146.453 416
-33.023 146.1 415
-33.7304 146.1 415
-34.3549 145.748 414
-34.976 145.396 413
-35.5937 145.044 412
-36.296 145.044 412
-36.9984 145.044 412
-37.6092 144.692 411
-38.2167 144.34 410
-38.9156 144.34 410
-39.5179 143.988 409
-40.1169 143.636 408
-40.7124 143.284 407
-41.3045 142.932 406
-41.9966 142.932 406
-42.5836 142.58 405
-43.274 142.58 405
-43.7473 141.876 403
-44.4343 141.876 403
-44.8974 141.172 401
-45.581 141.172 401
-46.1492 140.82 400
-46.8311 140.82 400
-47.513 140.82 400
-48.1949 140.82 400
-48.7546 140.468 399
-49.4348 140.468 399
-50.115 140.468 399
-50.6679 140.116 398
-51.3464 140.116 398
-51.8942 139.764 397
-52.571 139.764 397
-53.2478 139.764 397
-53.7887 139.412 396
-54.4638 139.412 396
-55.1389 139.412 396
-55.8139 139.412 396
-56.489 139.412 396
-57.0198 139.059 395
-57.6931 139.059 395
-58.3665 139.059 395
-59.0399 139.059 395
-59.8644 139.412 396
-60.5395 139.412 396
-61.2146 139.412 396
-61.8897 139.412 396
-62.4068 139.059 395
-63.0801 139.059 395
-63.7535 139.059 395
-64.2638 138.707 394
-64.9354 138.707 394
-65.6071 138.707 394
-66.2788 138.707 394
-66.9505 138.707 394
-67.7938 139.059 395
-68.4671 139.059 395
-69.1405 139.059 395
-69.9906 139.412 396
-70.8442 139.764 397
-71.7011 140.116 398
-72.3796 140.116 398
-73.0581 140.116 398
-73.9218 140.468 399
-74.602 140.468 399
-75.2822 140.468 399
-75.9624 140.468 399
-76.6426 140.468 399
-77.3228 140.468 399
-78.003 140.468 399
-78.8804 140.82 400
-79.5623 140.82 400
-80.2442 140.82 400
-80.9261 140.82 400
-81.608 140.82 400
-82.4956 141.172 401
-83.1792 141.172 401
-84.072 141.524 402
-84.9681 141.876 403
-85.8677 142.228 404
-86.7706 142.58 405
-87.677 142.932 406
-88.5868 143.284 407
-89.2806 143.284 407
-89.9745 143.284 407
-91.1138 143.988 409
-92.0356 144.34 410
-92.7345 144.34 410
-93.6613 144.692 411
-94.8212 145.396 413
-95.5252 145.396 413
-96.9283 146.453 416
-98.3416 147.509 419
-99.2923 147.861 420
-100.008 147.861 420
-101.204 148.565 422
-102.406 149.269 424
-103.129 149.269 424
-103.852 149.269 424
-105.068 149.973 426
-105.794 149.973 426
-106.521 149.973 426
-107.498 150.325 427
-108.48 150.677 428
-109.21 150.677 428
-110.196 151.029 429
-111.444 151.733 431
-112.44 152.085 432
-113.176 152.085 432
-113.912 152.085 432
-114.914 152.437 433
-115.92 152.789 434
-116.659 152.789 434
-117.67 153.141 435
-118.411 153.141 435
-119.427 153.494 436
-120.17 153.494 436
-121.191 153.846 437
-122.215 154.198 438
-122.961 154.198 438
-123.99 154.55 439
-124.739 154.55 439
-125.773 154.902 440
-126.523 154.902 440
-128.72 156.662 445
-129.769 157.014 446
-130.529 157.014 446
-131.584 157.366 447
-132.346 157.366 447
-133.108 157.366 447
-133.87 157.366 447
-854.5 792.463 2251
-858.337 792.463 2251
-862.175 792.463 2251
-866.012 792.463 2251
-869.849 792.463 2251
-865.536 785.07 2230
-869.338 785.07 2230
-868.441 780.845 2218
-871.042 779.789 2215
-870.474 775.917 2204
-877.801 779.085 2213
-881.573 779.085 2213
-885.346 779.085 2213
-891.128 780.845 2218
-894.909 780.845 2218
-898.69 780.845 2218
-897.995 776.973 2207
-901.758 776.973 2207
-905.52 776.973 2207
-909.282 776.973 2207
-909.321 773.805 2198
-908.083 769.58 2186
-911.81 769.58 2186
-914.699 768.876 2184
-917.161 767.82 2181
-920.879 767.82 2181
-924.597 767.82 2181
-927.038 766.763 2178
-928.187 764.651 2172
-930.602 763.595 2169
-934.3 763.595 2169
-935.835 761.835 2164
-939.524 761.835 2164
-943.213 761.835 2164
-946.902 761.835 2164
-947.956 759.722 2158
-950.312 758.666 2155
-951.772 756.906 2150
-955.437 756.906 2150
-956.426 754.794 2144
-960.081 754.794 2144
-963.736 754.794 2144
-967.391 754.794 2144
-971.046 754.794 2144
-973.792 754.09 2142
-977.443 754.09 2142
-981.095 754.09 2142
-983.367 753.034 2139
-987.013 753.034 2139
-990.66 753.034 2139
-994.306 753.034 2139
-995.154 750.921 2133
-998.79 750.921 2133
-1001.49 750.217 2131
-1005.12 750.217 2131
-1007.33 749.161 2128
-1010.96 749.161 2128
-1010.77 746.345 2120
-1014.39 746.345 2120
-1015.12 744.232 2114
-1017.76 743.528 2112
-1018.46 741.416 2106
-1022.05 741.416 2106
-1023.2 739.656 2101
-1026.79 739.656 2101
-1023.99 735.079 2088
-1027.55 735.079 2088
-1029.63 734.023 2085
-1028.23 730.502 2075
-1029.28 728.742 2070
-1032.81 728.742 2070
-1034.84 727.686 2067
-1028.31 720.645 2047
-1030.29 719.589 2044
-1033.77 719.589 2044
-1037.26 719.589 2044
-1034.63 715.364 2032
-1035.54 713.604 2027
-1035.41 711.14 2020
-1038.85 711.14 2020
1359.12 1408.38 4020
1352.27 1408.38 4020
1345.41 1408.38 4020
1335.23 1404.88 4010
1328.4 1404.88 4010
1312.33 1395.07 3982
1305.54 1395.07 3982
1298.76 1395.07 3982
1294.89 1398.22 3991
1288.08 1398.22 3991
1287.38 1404.88 4010
1280.54 1404.88 4010
1273.71 1404.88 4010
1266.87 1404.88 4010
1260.04 1404.88 4010
1247.26 1398.22 3991
1240.46 1398.22 3991
1225 1388.41 3963
1215.17 1384.91 3953
1202.93 1378.6 3935
1201.69 1384.91 3953
1194.95 1384.91 3953
1188.21 1384.91 3953
1187.15 1391.56 3972
1189 1401.72 4001
1182.18 1401.72 4001
1175.36 1401.72 4001
1168.54 1401.72 4001
1161.72 1401.72 4001
1154.9 1401.72 4001
1150.66 1404.88 4010
1143.82 1404.88 4010
1136.99 1404.88 4010
1124.8 1398.22 3991
1117.99 1398.22 3991
1119.26 1408.38 4020
1117.67 1415.04 4039
1110.78 1415.04 4039
1103.9 1415.04 4039
1097.01 1415.04 4039
1090.13 1415.04 4039
1080.83 1411.88 4030
1071.29 1408.38 4020
1067.09 1411.88 4030
1062.58 1415.04 4039
1055.7 1415.04 4039
1054.01 1422.04 4059
1047.09 1422.04 4059
1040.17 1422.04 4059
1033.25 1422.04 4059
1023.8 1418.54 4049
1019.41 1422.04 4059
1012.49 1422.04 4059
1005.57 1422.04 4059
1003.57 1429.05 4079
996.617 1429.05 4079
989.663 1429.05 4079
973.364 1425.55 4069
966.427 1425.55 4069
959.49 1425.55 4069
950.213 1422.04 4059
940.969 1418.54 4049
934.067 1418.54 4049
927.164 1418.54 4049
920.262 1418.54 4049
911.103 1415.04 4039
897.726 1404.88 4010
890.89 1404.88 4010
879.865 1398.22 3991
868.905 1391.56 3972
860.18 1388.41 3963
855.362 1391.56 3972
848.591 1391.56 3972
841.82 1391.56 3972
833.156 1388.41 3963
826.4 1388.41 3963
817.576 1384.91 3953
810.837 1384.91 3953
798.403 1375.1 3925
791.712 1375.1 3925
781.42 1368.79 3907
772.975 1365.64 3898
766.33 1365.64 3898
759.685 1365.64 3898
746.085 1353.03 3862
737.778 1349.87 3853
727.794 1343.57 3835
721.256 1343.57 3835
711.55 1337.61 3818
708.181 1343.57 3835
701.643 1343.57 3835
695.105 1343.57 3835
688.568 1343.57 3835
679.007 1337.61 3818
669.327 1331.3 3800
662.849 1331.3 3800
656.371 1331.3 3800
649.893 1331.3 3800
643.415 1331.3 3800
636.937 1331.3 3800
630.459 1331.3 3800
623.981 1331.3 3800
617.503 1331.3 3800
611.025 1331.3 3800
603.274 1328.5 3792
596.81 1328.5 3792
591.591 1331.3 3800
589.116 1340.41 3826
582.594 1340.41 3826
577.427 1343.57 3835
570.889 1343.57 3835
564.351 1343.57 3835
557.813 1343.57 3835
551.276 1343.57 3835
542.323 1337.61 3818
535.815 1337.61 3818
528.058 1334.46 3809
520.332 1331.3 3800
512.773 1328.5 3792
506.308 1328.5 3792
499.844 1328.5 3792
493.379 1328.5 3792
483.576 1319.39 3766
477.156 1319.39 3766
469.611 1316.24 3757
462.22 1313.44 3749
455.829 1313.44 3749
450.397 1316.24 3757
443.992 1316.24 3757
437.588 1316.24 3757
430.265 1313.44 3749
421.952 1307.48 3732
415.589 1307.48 3732
407.473 1301.88 3716
400.166 1298.72 3707
392.147 1293.12 3691
385.855 1293.12 3691
379.563 1293.12 3691
-15.3337 152.399 435
-16.0753 152.399 435
-16.8169 152.399 435
-17.5584 152.399 435
-18.3 152.399 435
-19.0416 152.399 435
-19.7831 152.399 435
-20.4775 152.049 434
-21.1685 151.699 433
-21.9066 151.699 433
-22.5925 151.348 432
-23.2749 150.998 431
-30.975 145.743 416
-31.6842 145.743 416
-32.3934 145.743 416
-33.1025 145.743 416
-33.7304 145.392 415
-34.3549 145.042 414
-34.976 144.692 413
-35.6801 144.692 413
-36.3841 144.692 413
-36.9984 144.341 412
-37.6092 143.991 411
-38.3099 143.991 411
-39.0105 143.991 411
-39.5179 143.29 409
-40.1169 142.94 408
-40.7124 142.59 407
-41.3045 142.239 406
-41.9966 142.239 406
-42.5836 141.889 405
-43.1671 141.539 404
-43.7473 141.188 403
-44.4343 141.188 403
-44.8974 140.488 401
-45.4673 140.137 400
-46.1492 140.137 400
-46.8311 140.137 400
-47.513 140.137 400
-48.0744 139.787 399
-48.7546 139.787 399
-49.3109 139.437 398
-49.9894 139.437 398
-50.6679 139.437 398
-51.2174 139.086 397
-51.8942 139.086 397
-52.571 139.086 397
-53.1136 138.736 396
-53.7887 138.736 396
-54.4638 138.736 396
-55.1389 138.736 396
-55.8139 138.736 396
-56.489 138.736 396
-57.0198 138.386 395
-57.6931 138.386 395
-58.3665 138.386 395
-58.8904 138.035 394
-59.8644 138.736 396
-60.5395 138.736 396
-61.2146 138.736 396
-61.8897 138.736 396
-62.4068 138.386 395
-63.0801 138.386 395
-63.7535 138.386 395
-64.2638 138.035 394
-64.9354 138.035 394
-65.6071 138.035 394
-66.2788 138.035 394
-66.9505 138.035 394
-67.7938 138.386 395
-68.4671 138.386 395
-69.1405 138.386 395
-69.9906 138.736 396
-70.8442 139.086 397
-71.521 139.086 397
-72.1977 139.086 397
-73.0581 139.437 398
-73.7366 139.437 398
-74.4151 139.437 398
-75.2822 139.787 399
-75.9624 139.787 399
-76.6426 139.787 399
-77.3228 139.787 399
-78.003 139.787 399
-78.8804 140.137 400
-79.5623 140.137 400
-80.2442 140.137 400
-80.9261 140.137 400
-81.608 140.137 400
-82.7013 140.838 402
-83.3867 140.838 402
-84.072 140.838 402
-85.3898 141.889 405
-86.0802 141.889 405
-86.9849 142.239 406
-87.677 142.239 406
-88.5868 142.59 407
-89.2806 142.59 407
-90.4166 143.29 409
-91.3366 143.641 410
-92.0356 143.641 410
-93.1869 144.341 412
-94.1171 144.692 413
-95.5099 145.743 416
-96.2191 145.743 416
-97.1613 146.093 417
-98.3416 146.794 419
-99.0559 146.794 419
-100.008 147.144 420
-100.964 147.495 421
-102.406 148.546 424
-103.129 148.546 424
-103.852 148.546 424
-105.068 149.246 426
-105.794 149.246 426
-106.521 149.246 426
-107.498 149.597 427
-108.48 149.947 428
-109.21 149.947 428
-110.196 150.297 429
-111.444 150.998 431
-112.44 151.348 432
-113.176 151.348 432
-113.912 151.348 432
-114.914 151.699 433
-115.92 152.049 434
-116.659 152.049 434
-117.67 152.399 435
-118.411 152.399 435
-119.153 152.399 435
-120.17 152.75 436
-121.191 153.1 437
-122.215 153.45 438
-122.961 153.45 438
-123.99 153.801 439
-125.023 154.151 440
-126.059 154.501 441
-126.811 154.501 441
-129.009 156.253 446
-130.06 156.603 447
-130.822 156.603 447
-131.584 156.603 447
-132.346 156.603 447
-133.108 156.603 447
-832.529 775.31 2213
-836.302 775.31 2213
-854.5 788.623 2251
-858.337 788.623 2251
-862.175 788.623 2251
-866.012 788.623 2251
-869.849 788.623 2251
-865.536 781.265 2230
-869.338 781.265 2230
-868.441 777.061 2218
-871.042 776.01 2215
-870.474 772.156 2204
-877.801 775.31 2213
-881.573 775.31 2213
-885.346 775.31 2213
-886.708 773.208 2207
-890.47 773.208 2207
-894.233 773.208 2207
-897.995 773.208 2207
-901.758 773.208 2207
-905.52 773.208 2207
-906.81 771.105 2201
-904.357 765.85 2186
-907.253 765.15 2184
-910.976 765.15 2184
-913.443 764.099 2181
-915.899 763.048 2178
-918.345 761.997 2175
-922.053 761.997 2175
-924.484 760.946 2172
-926.905 759.895 2169
-928.457 758.143 2164
-932.146 758.143 2164
-935.835 758.143 2164
-938.222 757.092 2161
-941.906 757.092 2161
-945.59 757.092 2161
-947.956 756.041 2158
-950.312 754.99 2155
-951.772 753.238 2150
-955.437 753.238 2150
-956.426 751.136 2144
-960.081 751.136 2144
-963.736 751.136 2144
-967.391 751.136 2144
-970.14 750.435 2142
-973.792 750.435 2142
-977.443 750.435 2142
-981.095 750.435 2142
-983.367 749.384 2139
-987.013 749.384 2139
-990.66 749.384 2139
-994.306 749.384 2139
-996.553 748.333 2136
-998.79 747.282 2133
-1001.49 746.581 2131
-1005.12 746.581 2131
-1007.33 745.53 2128
-1010.96 745.53 2128
-1010.77 742.728 2120
-1014.39 742.728 2120
-1015.12 740.626 2114
-1017.76 739.925 2112
-1019.91 738.874 2109
-1023.5 738.874 2109
-1023.2 736.071 2101
-1026.79 736.071 2101
-1023.99 731.517 2088
-1027.55 731.517 2088
-1029.63 730.466 2085
-1028.23 726.962 2075
-1029.28 725.211 2070
-1032.81 725.211 2070
-1033.83 723.459 2065
-1028.31 717.153 2047
-1030.29 716.102 2044
-1031.25 714.35 2039
-1034.72 714.35 2039
-1034.63 711.897 2032
-1035.54 710.146 2027
-1033.87 706.642 2017
-1037.31 706.642 2017
1342.07 1398.03 4010
1335.23 1398.03 4010
1328.4 1398.03 4010
1318.59 1394.9 4001
1311.77 1394.9 4001
1301.69 1391.41 3991
1294.89 1391.41 3991
1288.08 1391.41 3991
1287.38 1398.03 4010
1280.54 1398.03 4010
1273.71 1398.03 4010
1266.87 1398.03 4010
1260.04 1398.03 4010
1247.26 1391.41 3991
1240.46 1391.41 3991
1225 1381.65 3963
1215.17 1378.16 3953
1202.93 1371.89 3935
1201.69 1378.16 3953
1194.95 1378.16 3953
1188.21 1378.16 3953
1187.15 1384.79 3972
1189 1394.9 4001
1182.18 1394.9 4001
1175.36 1394.9 4001
1168.54 1394.9 4001
1161.72 1394.9 4001
1154.9 1394.9 4001
1150.66 1398.03 4010
1143.82 1398.03 4010
1136.99 1398.03 4010
1124.8 1391.41 3991
1128.92 1405.01 4030
1127.34 1411.63 4049
1125.97 1418.6 4069
1119.03 1418.6 4069
1114.83 1422.09 4079
1107.88 1422.09 4079
1100.92 1422.09 4079
1093.97 1422.09 4079
1081.68 1415.12 4059
1072.12 1411.63 4049
1067.85 1415.12 4059
1060.93 1415.12 4059
1054.01 1415.12 4059
1052.25 1422.09 4079
1045.29 1422.09 4079
1038.34 1422.09 4079
1028.86 1418.6 4069
1024.43 1422.09 4079
1017.48 1422.09 4079
1010.52 1422.09 4079
1003.57 1422.09 4079
996.617 1422.09 4079
989.663 1422.09 4079
975.756 1422.09 4079
968.802 1422.09 4079
961.848 1422.09 4079
950.213 1415.12 4059
945.617 1418.6 4069
938.68 1418.6 4069
931.744 1418.6 4069
924.807 1418.6 4069
915.615 1415.12 4059
904.218 1408.15 4039
897.332 1408.15 4039
884.053 1398.03 4010
873.061 1391.41 3991
864.304 1388.27 3982
859.454 1391.41 3991
852.65 1391.41 3991
845.846 1391.41 3991
839.043 1391.41 3991
832.239 1391.41 3991
821.506 1384.79 3972
812.888 1381.65 3963
804.098 1378.16 3953
797.36 1378.16 3953
785.021 1368.4 3925
778.329 1368.4 3925
769.869 1365.26 3916
763.193 1365.26 3916
754.779 1362.13 3907
742.948 1352.71 3880
732.918 1346.44 3862
726.334 1346.44 3862
716.396 1340.16 3844
713.167 1346.44 3862
706.583 1346.44 3862
699.999 1346.44 3862
693.415 1346.44 3862
683.63 1340.16 3844
675.492 1337.02 3835
668.954 1337.02 3835
662.417 1337.02 3835
655.879 1337.02 3835
652.389 1343.3 3853
645.821 1343.3 3853
639.252 1343.3 3853
628.25 1333.89 3826
621.728 1333.89 3826
615.206 1333.89 3826
607.411 1331.1 3818
600.902 1331.1 3818
592.992 1327.96 3809
589.116 1333.89 3826
582.594 1333.89 3826
577.427 1337.02 3835
570.889 1337.02 3835
564.351 1337.02 3835
557.813 1337.02 3835
551.276 1337.02 3835
542.323 1331.1 3818
535.815 1331.1 3818
528.058 1327.96 3809
520.332 1324.82 3800
512.773 1322.03 3792
506.308 1322.03 3792
499.844 1322.03 3792
493.379 1322.03 3792
483.576 1312.97 3766
477.156 1312.97 3766
469.611 1309.83 3757
462.22 1307.04 3749
455.829 1307.04 3749
450.397 1309.83 3757
443.992 1309.83 3757
437.588 1309.83 3757
430.265 1307.04 3749
421.952 1301.11 3732
415.589 1301.11 3732
407.473 1295.54 3716
400.166 1292.4 3707
392.997 1289.61 3699
386.691 1289.61 3699
379.563 1286.82 3691
-16.8169 151.657 435
-17.5584 151.657 435
-18.3 151.657 435
-19.0416 151.657 435
-19.7831 151.657 435
-30.975 145.033 416
-31.6842 145.033 416
-32.3934 145.033 416
-33.1025 145.033 416
-33.7304 144.684 415
-34.3549 144.336 414
-34.976 143.987 413
-35.6801 143.987 413
-36.3841 143.987 413
-36.9984 143.639 412
-37.6092 143.29 411
-38.3099 143.29 411
-39.0105 143.29 411
-39.5179 142.593 409
-40.1169 142.244 408
-40.7124 141.895 407
-41.3045 141.547 406
-41.9966 141.547 406
-42.4784 140.849 404
-43.0603 140.501 403
-43.6388 140.152 402
-44.3241 140.152 402
-44.8974 139.803 401
-45.4673 139.455 400
-46.1492 139.455 400
-46.8311 139.455 400
-47.3943 139.106 399
-48.0744 139.106 399
-48.6325 138.758 398
-49.3109 138.758 398
-49.9894 138.758 398
-50.6679 138.758 398
-51.2174 138.409 397
-51.7635 138.06 396
-52.4385 138.06 396
-53.1136 138.06 396
-53.7887 138.06 396
-54.4638 138.06 396
-55.1389 138.06 396
-55.8139 138.06 396
-56.489 138.06 396
-57.0198 137.712 395
-57.6931 137.712 395
-58.3665 137.712 395
-58.8904 137.363 394
-59.8644 138.06 396
-60.5395 138.06 396
-61.2146 138.06 396
-61.8897 138.06 396
-62.4068 137.712 395
-63.0801 137.712 395
-63.7535 137.712 395
-64.2638 137.363 394
-64.9354 137.363 394
-65.6071 137.363 394
-66.2788 137.363 394
-67.2903 138.06 396
-67.9654 138.06 396
-68.6405 138.06 396
-69.3156 138.06 396
-69.9906 138.06 396
-70.6657 138.06 396
-71.521 138.409 397
-72.1977 138.409 397
-73.0581 138.758 398
-73.7366 138.758 398
-74.4151 138.758 398
-75.0935 138.758 398
-75.9624 139.106 399
-76.6426 139.106 399
-77.3228 139.106 399
-78.003 139.106 399
-78.8804 139.455 400
-79.5623 139.455 400
-80.2442 139.455 400
-80.9261 139.455 400
-81.608 139.455 400
-82.7013 140.152 402
-83.3867 140.152 402
-84.072 140.152 402
-85.3898 141.198 405
-86.0802 141.198 405
-86.9849 141.547 406
-87.677 141.547 406
-88.5868 141.895 407
-89.2806 141.895 407
-90.4166 142.593 409
-91.3366 142.941 410
-92.0356 142.941 410
-93.1869 143.639 412
-94.1171 143.987 413
-95.7395 145.382 417
-96.4504 145.382 417
-97.3943 145.73 418
-98.3416 146.079 419
-99.0559 146.079 419
-100.246 146.776 421
-101.204 147.125 422
-102.406 147.822 424
-103.129 147.822 424
-103.852 147.822 424
-105.068 148.519 426
-105.794 148.519 426
-106.521 148.519 426
-107.498 148.868 427
-108.48 149.217 428
-109.21 149.217 428
-110.196 149.565 429
-111.444 150.263 431
-112.44 150.611 432
-113.176 150.611 432
-113.912 150.611 432
-114.914 150.96 433
-115.92 151.309 434
-116.659 151.309 434
-117.67 151.657 435
-118.411 151.657 435
-119.153 151.657 435
-120.17 152.006 436
-121.191 152.354 437
-122.215 152.703 438
-122.961 152.703 438
-123.99 153.052 439
-125.023 153.4 440
-126.631 154.446 443
-127.386 154.446 443
-129.009 155.492 446
-130.06 155.841 447
-130.822 155.841 447
-131.584 155.841 447
-832.529 771.534 2213
-836.302 771.534 2213
-854.5 784.782 2251
-858.337 784.782 2251
-862.175 784.782 2251
-866.012 784.782 2251
-855.938 772.231 2215
-859.714 772.231 2215
-863.49 772.231 2215
-866.483 771.534 2213
-867.896 769.442 2207
-866.919 765.258 2195
-871.851 766.304 2198
-875.598 766.304 2198
-880.545 767.35 2201
-886.708 769.442 2207
-890.47 769.442 2207
-894.233 769.442 2207
-897.995 769.442 2207
-901.758 769.442 2207
-905.52 769.442 2207
-906.81 767.35 2201
-904.357 762.121 2186
-907.253 761.424 2184
-910.976 761.424 2184
-913.443 760.378 2181
-915.899 759.332 2178
-918.345 758.286 2175
-922.053 758.286 2175
-924.484 757.24 2172
-926.905 756.194 2169
-928.457 754.451 2164
-932.146 754.451 2164
-935.835 754.451 2164
-938.222 753.405 2161
-941.906 753.405 2161
-945.59 753.405 2161
-947.956 752.359 2158
-950.312 751.313 2155
-951.772 749.57 2150
-955.437 749.57 2150
-956.426 747.478 2144
-960.081 747.478 2144
-962.837 746.781 2142
-966.488 746.781 2142
-970.14 746.781 2142
-972.428 745.735 2139
-976.074 745.735 2139
-979.721 745.735 2139
-983.367 745.735 2139
-987.013 745.735 2139
-989.271 744.689 2136
-992.912 744.689 2136
-996.553 744.689 2136
-998.79 743.643 2133
-1001.49 742.946 2131
-1005.12 742.946 2131
-1007.33 741.9 2128
-1010.96 741.9 2128
-1010.77 739.111 2120
-1014.39 739.111 2120
-1015.12 737.019 2114
-1017.76 736.322 2112
-1019.91 735.276 2109
-1023.5 735.276 2109
-1023.2 732.487 2101
-1026.79 732.487 2101
-1022.52 726.908 2085
-1026.08 726.908 2085
-1027.16 725.165 2080
-1025.75 721.679 2070
-1026.79 719.936 2065
-1030.31 719.936 2065
-1029.83 717.147 2057
-1026.81 712.614 2044
-1026.76 710.174 2037
-1028.72 709.128 2034
-1032.18 709.128 2034
-1032.09 706.688 2027
-1032.99 704.944 2022
-1032.85 702.504 2015
-1036.28 702.504 2015
1342.07 1391.19 4010
1335.23 1391.19 4010
1328.4 1391.19 4010
1318.59 1388.07 4001
1311.77 1388.07 4001
1301.69 1384.6 3991
1301.05 1391.19 4010
1294.22 1391.19 4010
1293.8 1398.13 4030
1286.93 1398.13 4030
1280.06 1398.13 4030
1273.19 1398.13 4030
1266.32 1398.13 4030
1253.2 1391.19 4010
1246.36 1391.19 4010
1233.65 1384.6 3991
1218.24 1374.89 3963
1208.43 1371.42 3953
1201.69 1371.42 3953
1194.95 1371.42 3953
1191.22 1374.89 3963
1192.83 1384.6 3991
1189 1388.07 4001
1182.18 1388.07 4001
1183.88 1398.13 4030
1177.01 1398.13 4030
1170.14 1398.13 4030
1163.27 1398.13 4030
1156.4 1398.13 4030
1149.53 1398.13 4030
1142.66 1398.13 4030
1135.79 1398.13 4030
1128.92 1398.13 4030
1127.34 1404.72 4049
1125.97 1411.66 4069
1119.03 1411.66 4069
1114.83 1415.13 4079
1107.88 1415.13 4079
1100.92 1415.13 4079
1093.97 1415.13 4079
1081.68 1408.19 4059
1072.12 1404.72 4049
1067.85 1408.19 4059
1060.93 1408.19 4059
1054.01 1408.19 4059
1052.25 1415.13 4079
1045.29 1415.13 4079
1038.34 1415.13 4079
1028.86 1411.66 4069
1024.43 1415.13 4079
1017.48 1415.13 4079
1010.52 1415.13 4079
1003.57 1415.13 4079
996.617 1415.13 4079
989.663 1415.13 4079
975.756 1415.13 4079
968.802 1415.13 4079
961.848 1415.13 4079
954.895 1415.13 4079
947.941 1415.13 4079
940.987 1415.13 4079
934.034 1415.13 4079
927.08 1415.13 4079
920.126 1415.13 4079
908.695 1408.19 4059
901.776 1408.19 4059
890.447 1401.25 4039
879.405 1394.66 4020
872.552 1394.66 4020
867.852 1398.13 4030
860.982 1398.13 4030
854.112 1398.13 4030
845.14 1394.66 4020
838.286 1394.66 4020
829.365 1391.19 4010
816.786 1381.48 3982
806.133 1374.89 3963
799.377 1374.89 3963
792.621 1374.89 3963
782.097 1368.3 3944
775.374 1368.3 3944
768.65 1368.3 3944
760.188 1365.17 3935
749.842 1358.58 3916
738.042 1349.21 3889
731.412 1349.21 3889
723.105 1346.09 3880
719.814 1352.34 3898
713.169 1352.34 3898
706.524 1352.34 3898
699.879 1352.34 3898
691.633 1349.21 3889
681.833 1342.97 3871
675.234 1342.97 3871
665.526 1336.73 3853
660.497 1339.85 3862
656.961 1346.09 3880
650.346 1346.09 3880
643.732 1346.09 3880
634.162 1339.85 3862
627.578 1339.85 3862
620.994 1339.85 3862
610.115 1330.48 3835
603.577 1330.48 3835
594.393 1324.58 3818
589.116 1327.36 3826
582.594 1327.36 3826
580.137 1336.73 3853
573.568 1336.73 3853
567 1336.73 3853
560.432 1336.73 3853
552.569 1333.6 3844
544.738 1330.48 3835
538.2 1330.48 3835
531.663 1330.48 3835
522.797 1324.58 3818
515.071 1321.46 3809
508.578 1321.46 3809
500.898 1318.34 3800
493.379 1315.56 3792
484.604 1309.32 3774
478.17 1309.32 3774
469.611 1303.42 3757
462.22 1300.64 3749
455.829 1300.64 3749
450.397 1303.42 3757
443.992 1303.42 3757
437.588 1303.42 3757
430.265 1300.64 3749
423.874 1300.64 3749
415.589 1294.75 3732
407.473 1289.2 3716
400.166 1286.07 3707
392.997 1283.3 3699
386.691 1283.3 3699
379.563 1280.52 3691
-16.8169 150.915 435
-17.5584 150.915 435
-18.3 150.915 435
-19.0416 150.915 435
-31.6842 144.323 416
-32.3934 144.323 416
-33.1025 144.323 416
-33.7304 143.976 415
-34.3549 143.629 414
-34.976 143.283 413
-35.6801 143.283 413
-36.3841 143.283 413
-36.9984 142.936 412
-37.6092 142.589 411
-38.3099 142.589 411
-39.0105 142.589 411
-39.5179 141.895 409
-40.1169 141.548 408
-40.7124 141.201 407
-41.3045 140.854 406
-41.9966 140.854 406
-42.4784 140.16 404
-43.0603 139.813 403
-43.6388 139.466 402
-44.3241 139.466 402
-44.8974 139.119 401
-45.4673 138.772 400
-46.1492 138.772 400
-46.8311 138.772 400
-47.3943 138.425 399
-48.0744 138.425 399
-48.6325 138.079 398
-49.3109 138.079 398
-49.9894 138.079 398
-50.6679 138.079 398
-51.2174 137.732 397
-51.7635 137.385 396
-52.4385 137.385 396
-53.1136 137.385 396
-53.7887 137.385 396
-54.4638 137.385 396
-55.1389 137.385 396
-55.8139 137.385 396
-56.489 137.385 396
-57.0198 137.038 395
-57.6931 137.038 395
-58.3665 137.038 395
-58.8904 136.691 394
-59.8644 137.385 396
-60.5395 137.385 396
-61.2146 137.385 396
-61.8897 137.385 396
-62.4068 137.038 395
-63.0801 137.038 395
-63.7535 137.038 395
-64.4269 137.038 395
-65.1003 137.038 395
-65.7736 137.038 395
-66.447 137.038 395
-67.2903 137.385 396
-67.9654 137.385 396
-68.6405 137.385 396
-69.3156 137.385 396
-69.9906 137.385 396
-70.6657 137.385 396
-71.521 137.732 397
-72.1977 137.732 397
-73.0581 138.079 398
-73.7366 138.079 398
-74.4151 138.079 398
-75.0935 138.079 398
-75.9624 138.425 399
-76.6426 138.425 399
-77.3228 138.425 399
-78.003 138.425 399
-78.6832 138.425 399
-79.5623 138.772 400
-80.2442 138.772 400
-80.9261 138.772 400
-81.812 139.119 401
-82.7013 139.466 402
-83.3867 139.466 402
-84.2811 139.813 403
-85.3898 140.507 405
-86.0802 140.507 405
-86.9849 140.854 406
-87.893 141.201 407
-89.0221 141.895 409
-89.7194 141.895 409
-90.6377 142.242 410
-91.7822 142.936 412
-92.4845 142.936 412
-93.413 143.283 413
-94.345 143.629 414
-95.7395 144.67 417
-96.4504 144.67 417
-97.3943 145.017 418
-98.3416 145.364 419
-99.0559 145.364 419
-100.246 146.058 421
-101.204 146.405 422
-102.406 147.099 424
-103.129 147.099 424
-103.852 147.099 424
-105.068 147.793 426
-105.794 147.793 426
-106.521 147.793 426
-107.247 147.793 426
-108.48 148.486 428
-109.21 148.486 428
-110.196 148.833 429
-111.444 149.527 431
-112.44 149.874 432
-113.176 149.874 432
-113.912 149.874 432
-114.914 150.221 433
-115.92 150.568 434
-116.659 150.568 434
-117.67 150.915 435
-118.684 151.262 436
-119.427 151.262 436
-120.446 151.609 437
-121.468 151.956 438
-122.494 152.303 439
-123.242 152.303 439
-124.273 152.65 440
-125.023 152.65 440
-126.631 153.69 443
-127.673 154.037 444
-129.298 155.078 447
-130.06 155.078 447
-130.822 155.078 447
-131.584 155.078 447
-832.529 767.758 2213
-836.302 767.758 2213
-840.834 768.452 2215
-844.61 768.452 2215
-848.386 768.452 2215
-851.393 767.758 2213
-855.165 767.758 2213
-854.28 763.595 2201
-858.032 763.595 2201
-861.784 763.595 2201
-861.997 760.473 2192
-864.549 759.432 2189
-870.661 761.514 2195
-874.403 761.514 2195
-879.345 762.554 2198
-885.503 764.636 2204
-889.26 764.636 2204
-893.017 764.636 2204
-895.554 763.595 2201
-899.306 763.595 2201
-903.058 763.595 2201
-905.574 762.554 2198
-904.357 758.391 2186
-906.006 756.657 2181
-909.724 756.657 2181
-912.186 755.616 2178
-915.899 755.616 2178
-918.345 754.575 2175
-922.053 754.575 2175
-924.484 753.534 2172
-926.05 751.8 2167
-928.457 750.759 2164
-932.146 750.759 2164
-935.835 750.759 2164
-938.222 749.718 2161
-941.906 749.718 2161
-945.59 749.718 2161
-947.956 748.677 2158
-950.312 747.636 2155
-951.772 745.902 2150
-955.437 745.902 2150
-956.426 743.82 2144
-960.081 743.82 2144
-962.837 743.126 2142
-966.488 743.126 2142
-970.14 743.126 2142
-972.428 742.085 2139
-976.074 742.085 2139
-979.721 742.085 2139
-983.367 742.085 2139
-987.013 742.085 2139
-989.271 741.045 2136
-992.912 741.045 2136
-996.553 741.045 2136
-998.79 740.004 2133
-1001.49 739.31 2131
-1005.12 739.31 2131
-1007.33 738.269 2128
-1010.96 738.269 2128
-1010.77 735.494 2120
-1014.39 735.494 2120
-1015.12 733.412 2114
-1017.76 732.718 2112
-1019.91 731.678 2109
-1023.5 731.678 2109
-1023.2 728.902 2101
-1026.79 728.902 2101
-1023.99 724.392 2088
-1027.55 724.392 2088
-1026.17 720.923 2078
-1024.26 717.106 2067
-1024.31 714.678 2060
-1027.82 714.678 2060
-1027.33 711.902 2052
-1023.29 706.699 2037
-1024.24 704.964 2032
-1027.71 704.964 2032
-1030.15 704.27 2030
-1032.09 703.229 2027
-1032.99 701.495 2022
-1036.44 701.495 2022
-1034.74 698.025 2012
1342.07 1384.35 4010
1335.23 1384.35 4010
1328.4 1384.35 4010
1318.59 1381.24 4001
1318 1387.8 4020
1314.41 1391.26 4030
1310.46 1394.36 4039
1303.58 1394.36 4039
1299.9 1397.82 4049
1293 1397.82 4049
1286.1 1397.82 4049
1279.19 1397.82 4049
1272.29 1397.82 4049
1253.2 1384.35 4010
1246.36 1384.35 4010
1239.53 1384.35 4010
1224.08 1374.69 3982
1214.24 1371.23 3972
1207.47 1371.23 3972
1197.98 1368.13 3963
1193.93 1371.23 3972
1195.82 1381.24 4001
1197.62 1391.26 4030
1190.75 1391.26 4030
1183.88 1391.26 4030
1185.48 1401.27 4059
1178.56 1401.27 4059
1171.64 1401.27 4059
1164.72 1401.27 4059
1154.95 1397.82 4049
1148.04 1397.82 4049
1138.32 1394.36 4039
1131.44 1394.36 4039
1130.12 1401.27 4059
1125.97 1404.72 4069
1119.03 1404.72 4069
1117.56 1411.62 4089
1110.59 1411.62 4089
1103.62 1411.62 4089
1096.65 1411.62 4089
1087.01 1408.17 4079
1077.41 1404.72 4069
1070.48 1404.72 4069
1063.54 1404.72 4069
1061.8 1411.62 4089
1054.83 1411.62 4089
1047.85 1411.62 4089
1040.88 1411.62 4089
1031.39 1408.17 4079
1026.94 1411.62 4089
1019.97 1411.62 4089
1013 1411.62 4089
1003.57 1408.17 4079
975.756 1408.17 4079
968.802 1408.17 4079
961.848 1408.17 4079
954.895 1408.17 4079
947.941 1408.17 4079
940.987 1408.17 4079
934.034 1408.17 4079
927.08 1408.17 4079
920.126 1408.17 4079
908.695 1401.27 4059
901.776 1401.27 4059
890.447 1394.36 4039
879.405 1387.8 4020
872.552 1387.8 4020
867.852 1391.26 4030
860.982 1391.26 4030
854.112 1391.26 4030
845.14 1387.8 4020
838.286 1387.8 4020
829.365 1384.35 4010
816.786 1374.69 3982
806.133 1368.13 3963
799.377 1368.13 3963
792.621 1368.13 3963
782.097 1361.57 3944
779.109 1368.13 3963
772.353 1368.13 3963
765.597 1368.13 3963
756.926 1364.67 3953
746.772 1358.46 3935
740.063 1358.46 3935
733.355 1358.46 3935
726.647 1358.46 3935
718.109 1355.01 3925
711.418 1355.01 3925
704.727 1355.01 3925
698.036 1355.01 3925
688.174 1348.79 3907
681.514 1348.79 3907
674.853 1348.79 3907
666.654 1345.69 3898
661.532 1348.79 3907
654.872 1348.79 3907
648.211 1348.79 3907
641.551 1348.79 3907
630.503 1339.47 3880
623.889 1339.47 3880
614.411 1333.26 3862
607.827 1333.26 3862
597.04 1323.94 3835
594.659 1333.26 3862
588.076 1333.26 3862
581.492 1333.26 3862
577.588 1339.47 3880
570.973 1339.47 3880
564.359 1339.47 3880
553.863 1330.15 3853
546.016 1327.04 3844
539.463 1327.04 3844
531.663 1323.94 3835
525.125 1323.94 3835
517.37 1320.83 3826
510.848 1320.83 3826
503.271 1318.07 3818
493.379 1309.09 3792
484.604 1302.88 3774
478.17 1302.88 3774
470.736 1300.12 3766
463.206 1297.01 3757
455.829 1294.25 3749
450.397 1297.01 3757
443.992 1297.01 3757
437.588 1297.01 3757
431.183 1297.01 3757
424.778 1297.01 3757
417.482 1294.25 3749
409.227 1288.38 3732
401.138 1282.86 3716
394.803 1282.86 3716
387.527 1279.75 3707
381.208 1279.75 3707
-32.3155 143.268 415
-33.023 143.268 415
-33.7304 143.268 415
-34.3549 142.923 414
-34.976 142.578 413
-35.6801 142.578 413
-36.3841 142.578 413
-36.9984 142.233 412
-37.6092 141.887 411
-38.3099 141.887 411
-39.0105 141.887 411
-39.5179 141.197 409
-40.0185 140.507 407
-40.6123 140.161 406
-41.3045 140.161 406
-41.9966 140.161 406
-42.4784 139.471 404
-42.9534 138.78 402
-43.5302 138.435 401
-44.2138 138.435 401
-44.7854 138.09 400
-45.4673 138.09 400
-46.0339 137.745 399
-46.7141 137.745 399
-47.3943 137.745 399
-48.0744 137.745 399
-48.6325 137.4 398
-49.3109 137.4 398
-49.9894 137.4 398
-50.5406 137.054 397
-51.2174 137.054 397
-51.7635 136.709 396
-52.4385 136.709 396
-53.1136 136.709 396
-53.7887 136.709 396
-54.4638 136.709 396
-55.1389 136.709 396
-55.8139 136.709 396
-56.3464 136.364 395
-57.0198 136.364 395
-57.6931 136.364 395
-58.3665 136.364 395
-59.0399 136.364 395
-59.8644 136.709 396
-60.5395 136.709 396
-61.2146 136.709 396
-61.8897 136.709 396
-62.4068 136.364 395
-63.0801 136.364 395
-63.7535 136.364 395
-64.4269 136.364 395
-65.1003 136.364 395
-65.7736 136.364 395
-66.447 136.364 395
-67.2903 136.709 396
-67.9654 136.709 396
-68.6405 136.709 396
-69.3156 136.709 396
-69.9906 136.709 396
-70.6657 136.709 396
-71.521 137.054 397
-72.1977 137.054 397
-73.0581 137.4 398
-73.7366 137.4 398
-74.4151 137.4 398
-75.0935 137.4 398
-75.9624 137.745 399
-76.6426 137.745 399
-77.3228 137.745 399
-78.003 137.745 399
-78.6832 137.745 399
-79.5623 138.09 400
-80.2442 138.09 400
-80.9261 138.09 400
-81.812 138.435 401
-82.7013 138.78 402
-83.3867 138.78 402
-84.2811 139.126 403
-85.6006 140.161 406
-86.2928 140.161 406
-86.9849 140.161 406
-87.893 140.507 407
-89.2398 141.542 410
-89.9387 141.542 410
-90.8587 141.887 411
-92.0049 142.578 413
-92.709 142.578 413
-93.6392 142.923 414
-95.0287 143.959 417
-95.7395 143.959 417
-96.4504 143.959 417
-97.3943 144.304 418
-98.5763 144.994 420
-99.2923 144.994 420
-100.485 145.685 422
-101.684 146.375 424
-102.406 146.375 424
-103.129 146.375 424
-104.342 147.066 426
-105.068 147.066 426
-105.794 147.066 426
-106.521 147.066 426
-107.498 147.411 427
-108.48 147.756 428
-109.21 147.756 428
-110.196 148.102 429
-111.444 148.792 431
-112.44 149.137 432
-113.176 149.137 432
-113.912 149.137 432
-114.914 149.482 433
-115.92 149.828 434
-116.928 150.173 435
-117.67 150.173 435
-118.684 150.518 436
-119.427 150.518 436
-120.446 150.863 437
-121.468 151.209 438
-122.494 151.554 439
-123.242 151.554 439
-124.273 151.899 440
-125.023 151.899 440
-126.631 152.935 443
-127.673 153.28 444
-129.298 154.316 447
-130.06 154.316 447
-130.822 154.316 447
-832.529 763.983 2213
-836.302 763.983 2213
-840.075 763.983 2213
-843.847 763.983 2213
-847.62 763.983 2213
-844.468 757.769 2195
-847.05 756.733 2192
-850.787 756.733 2192
-854.524 756.733 2192
-858.261 756.733 2192
-861.997 756.733 2192
-863.365 754.662 2186
-870.661 757.769 2195
-874.403 757.769 2195
-879.345 758.804 2198
-884.297 759.84 2201
-888.049 759.84 2201
-891.802 759.84 2201
-894.333 758.804 2198
-898.08 758.804 2198
-901.827 758.804 2198
-905.574 758.804 2198
-904.357 754.662 2186
-906.006 752.936 2181
-909.724 752.936 2181
-912.186 751.9 2178
-915.899 751.9 2178
-918.345 750.864 2175
-922.053 750.864 2175
-924.484 749.829 2172
-926.05 748.102 2167
-928.457 747.067 2164
-932.146 747.067 2164
-934.538 746.031 2161
-938.222 746.031 2161
-941.906 746.031 2161
-945.59 746.031 2161
-947.956 744.995 2158
-949.43 743.269 2153
-950.444 741.198 2147
-954.104 741.198 2147
-956.426 740.162 2144
-959.185 739.472 2142
-962.837 739.472 2142
-966.488 739.472 2142
-968.781 738.436 2139
-972.428 738.436 2139
-974.705 737.4 2136
-978.347 737.4 2136
-981.988 737.4 2136
-985.629 737.4 2136
-989.271 737.4 2136
-992.912 737.4 2136
-995.154 736.365 2133
-998.79 736.365 2133
-1001.49 735.674 2131
-1005.12 735.674 2131
-1007.33 734.639 2128
-1009.53 733.603 2125
-1010.77 731.877 2120
-1014.39 731.877 2120
-1015.12 729.805 2114
-1017.76 729.115 2112
-1019.91 728.079 2109
-1023.5 728.079 2109
-1023.2 725.318 2101
-1026.79 725.318 2101
-1025.46 721.865 2091
-1029.03 721.865 2091
-1027.16 718.068 2080
-1024.26 713.58 2067
-1024.31 711.163 2060
-1027.82 711.163 2060
-1027.33 708.402 2052
-1023.29 703.223 2037
-1024.24 701.497 2032
-1027.71 701.497 2032
-1030.15 700.807 2030
-1032.09 699.771 2027
-1032.99 698.045 2022
-1036.44 698.045 2022
-1034.74 694.593 2012
1332.24 1374.42 4001
1325.41 1374.42 4001
1318.59 1374.42 4001
1318 1380.95 4020
1314.41 1384.38 4030
1310.46 1387.47 4039
1303.58 1387.47 4039
1299.9 1390.91 4049
1293 1390.91 4049
1289.27 1394.34 4059
1282.35 1394.34 4059
1275.43 1394.34 4059
1265.39 1390.91 4049
1258.49 1390.91 4049
1239.53 1377.51 4010
1229.92 1374.42 4001
1214.24 1364.46 3972
1207.47 1364.46 3972
1200.7 1364.46 3972
1196.93 1367.89 3982
1195.82 1374.42 4001
1197.62 1384.38 4030
1190.75 1384.38 4030
1186.52 1387.47 4039
1188.4 1397.78 4069
1181.46 1397.78 4069
1174.53 1397.78 4069
1167.59 1397.78 4069
1157.8 1394.34 4059
1150.88 1394.34 4059
1141.14 1390.91 4049
1137.04 1394.34 4059
1132.91 1397.78 4069
1131.5 1404.65 4089
1124.53 1404.65 4089
1117.56 1404.65 4089
1110.59 1404.65 4089
1103.62 1404.65 4089
1096.65 1404.65 4089
1089.68 1404.65 4089
1080.06 1401.21 4079
1075.74 1404.65 4089
1068.77 1404.65 4089
1061.8 1404.65 4089
1054.83 1404.65 4089
1047.85 1404.65 4089
1040.88 1404.65 4089
1031.39 1401.21 4079
1026.94 1404.65 4089
1019.97 1404.65 4089
1013 1404.65 4089
968.802 1401.21 4079
964.206 1404.65 4089
957.236 1404.65 4089
950.265 1404.65 4089
943.294 1404.65 4089
936.324 1404.65 4089
929.353 1404.65 4089
920.126 1401.21 4079
913.173 1401.21 4079
906.219 1401.21 4079
894.856 1394.34 4059
883.561 1387.47 4039
876.676 1387.47 4039
871.944 1390.91 4049
865.041 1390.91 4049
858.139 1390.91 4049
847.242 1384.38 4030
840.372 1384.38 4030
833.502 1384.38 4030
822.529 1377.51 4010
809.997 1367.89 3982
803.209 1367.89 3982
796.421 1367.89 3982
785.865 1361.37 3963
779.109 1361.37 3963
772.353 1361.37 3963
765.597 1361.37 3963
756.926 1357.93 3953
746.772 1351.75 3935
740.063 1351.75 3935
733.355 1351.75 3935
726.647 1351.75 3935
718.109 1348.31 3925
711.418 1348.31 3925
704.727 1348.31 3925
698.036 1348.31 3925
688.174 1342.13 3907
681.514 1342.13 3907
674.853 1342.13 3907
666.654 1339.04 3898
661.532 1342.13 3907
654.872 1342.13 3907
648.211 1342.13 3907
641.551 1342.13 3907
630.503 1332.85 3880
623.889 1332.85 3880
614.411 1326.67 3862
607.827 1326.67 3862
597.04 1317.39 3835
598.817 1335.94 3889
592.187 1335.94 3889
585.557 1335.94 3889
582.947 1345.22 3916
576.271 1345.22 3916
569.595 1345.22 3916
560.332 1339.04 3898
552.408 1335.94 3889
545.779 1335.94 3889
536.653 1329.76 3871
527.59 1323.58 3853
519.804 1320.49 3844
513.251 1320.49 3844
506.698 1320.49 3844
496.762 1311.55 3818
486.915 1302.62 3792
480.451 1302.62 3792
473.986 1302.62 3792
465.302 1296.44 3774
458.869 1296.44 3774
453.514 1299.53 3783
447.065 1299.53 3783
440.616 1299.53 3783
434.167 1299.53 3783
427.718 1299.53 3783
418.373 1290.6 3757
411.091 1287.85 3749
403.729 1284.76 3740
397.353 1284.76 3740
389.305 1279.26 3724
382.133 1276.52 3716
-32.8638 141.873 413
-33.5679 141.873 413
-34.2719 141.873 413
-34.976 141.873 413
-35.6801 141.873 413
-36.3841 141.873 413
-36.9984 141.53 412
-37.6092 141.186 411
-38.2167 140.843 410
-38.9156 140.843 410
-39.5179 140.499 409
-40.0185 139.812 407
-40.6123 139.469 406
-41.2027 139.125 405
-41.8931 139.125 405
-42.4784 138.782 404
-42.9534 138.095 402
-43.6388 138.095 402
-44.3241 138.095 402
-44.7854 137.408 400
-45.4673 137.408 400
-46.0339 137.064 399
-46.7141 137.064 399
-47.3943 137.064 399
-48.0744 137.064 399
-48.6325 136.72 398
-49.3109 136.72 398
-49.9894 136.72 398
-50.5406 136.377 397
-51.2174 136.377 397
-51.8942 136.377 397
-52.571 136.377 397
-53.1136 136.033 396
-53.7887 136.033 396
-54.4638 136.033 396
-55.1389 136.033 396
-55.8139 136.033 396
-56.489 136.033 396
-57.0198 135.69 395
-57.6931 135.69 395
-58.3665 135.69 395
-59.0399 135.69 395
-59.8644 136.033 396
-60.5395 136.033 396
-61.2146 136.033 396
-61.8897 136.033 396
-62.4068 135.69 395
-63.0801 135.69 395
-63.7535 135.69 395
-64.4269 135.69 395
-65.1003 135.69 395
-65.7736 135.69 395
-66.447 135.69 395
-67.2903 136.033 396
-67.9654 136.033 396
-68.6405 136.033 396
-69.3156 136.033 396
-69.9906 136.033 396
-70.6657 136.033 396
-71.3408 136.033 396
-72.1977 136.377 397
-73.0581 136.72 398
-73.7366 136.72 398
-74.4151 136.72 398
-75.2822 137.064 399
-75.9624 137.064 399
-76.6426 137.064 399
-77.3228 137.064 399
-78.003 137.064 399
-78.6832 137.064 399
-79.5623 137.408 400
-80.2442 137.408 400
-80.9261 137.408 400
-81.812 137.751 401
-82.7013 138.095 402
-83.3867 138.095 402
-84.2811 138.438 403
-85.6006 139.469 406
-86.2928 139.469 406
-86.9849 139.469 406
-87.893 139.812 407
-89.2398 140.843 410
-89.9387 140.843 410
-91.0798 141.53 412
-92.0049 141.873 413
-92.709 141.873 413
-93.6392 142.217 414
-95.0287 143.247 417
-95.7395 143.247 417
-96.6817 143.591 418
-97.6273 143.934 419
-99.0457 144.965 422
-99.7651 144.965 422
-100.961 145.652 424
-101.684 145.652 424
-102.648 145.995 425
-103.372 145.995 425
-104.342 146.339 426
-105.315 146.683 427
-106.043 146.683 427
-106.771 146.683 427
-107.75 147.026 428
-108.733 147.37 429
-109.465 147.37 429
-110.71 148.057 431
-111.703 148.4 432
-112.44 148.4 432
-113.176 148.4 432
-114.176 148.744 433
-114.914 148.744 433
-115.652 148.744 433
-116.928 149.431 435
-117.94 149.774 436
-118.956 150.118 437
-119.701 150.118 437
-120.721 150.461 438
-121.468 150.461 438
-122.494 150.805 439
-123.242 150.805 439
-124.273 151.148 440
-125.307 151.492 441
-126.059 151.492 441
-127.961 152.866 445
-129.298 153.553 447
-130.06 153.553 447
-130.822 153.553 447
-832.529 760.207 2213
-836.302 760.207 2213
-840.075 760.207 2213
-843.847 760.207 2213
-847.62 760.207 2213
-844.468 754.024 2195
-847.05 752.993 2192
-850.787 752.993 2192
-854.524 752.993 2192
-858.261 752.993 2192
-861.997 752.993 2192
-863.365 750.932 2186
-870.661 754.024 2195
-874.403 754.024 2195
-879.345 755.054 2198
-883.092 755.054 2198
-886.839 755.054 2198
-890.586 755.054 2198
-894.333 755.054 2198
-898.08 755.054 2198
-901.827 755.054 2198
-903.102 752.993 2192
-904.357 750.932 2186
-904.76 748.184 2178
-908.473 748.184 2178
-910.93 747.153 2175
-914.637 747.153 2175
-917.079 746.123 2172
-920.781 746.123 2172
-923.207 745.092 2169
-924.768 743.375 2164
-927.17 742.344 2161
-930.854 742.344 2161
-934.538 742.344 2161
-938.222 742.344 2161
-941.906 742.344 2161
-945.59 742.344 2161
-947.956 741.314 2158
-949.43 739.596 2153
-950.444 737.535 2147
-954.104 737.535 2147
-956.426 736.504 2144
-959.185 735.817 2142
-961.488 734.787 2139
-965.135 734.787 2139
-967.422 733.756 2136
-971.064 733.756 2136
-973.336 732.726 2133
-976.972 732.726 2133
-980.609 732.726 2133
-984.245 732.726 2133
-987.881 732.726 2133
-991.517 732.726 2133
-995.154 732.726 2133
-997.853 732.039 2131
-1000.08 731.008 2128
-1003.7 731.008 2128
-1005.91 729.977 2125
-1008.11 728.947 2122
-1010.77 728.26 2120
-1014.39 728.26 2120
-1014.16 725.512 2112
-1016.31 724.481 2109
-1018.46 723.451 2106
-1022.05 723.451 2106
-1023.2 721.733 2101
-1026.79 721.733 2101
-1025.46 718.298 2091
-1029.03 718.298 2091
-1027.16 714.519 2080
-1023.27 709.366 2065
-1024.31 707.649 2060
-1027.82 707.649 2060
-1027.33 704.901 2052
-1021.78 698.717 2034
-1024.24 698.03 2032
-1027.71 698.03 2032
-1030.15 697.343 2030
-1032.09 696.313 2027
-1032.99 694.595 2022
-1036.44 694.595 2022
-1034.74 691.16 2012
1332.24 1367.59 4001
1325.41 1367.59 4001
1318.59 1367.59 4001
1318 1374.09 4020
1314.41 1377.51 4030
1310.46 1380.58 4039
1303.58 1380.58 4039
1299.9 1384 4049
1293 1384 4049
1289.27 1387.42 4059
1282.35 1387.42 4059
1275.43 1387.42 4059
1265.39 1384 4049
1258.49 1384 4049
1239.53 1370.67 4010
1229.92 1367.59 4001
1214.24 1357.68 3972
1207.47 1357.68 3972
1200.7 1357.68 3972
1196.93 1361.1 3982
1195.82 1367.59 4001
1197.62 1377.51 4030
1190.75 1377.51 4030
1186.52 1380.58 4039
1188.4 1390.84 4069
1181.46 1390.84 4069
1174.53 1390.84 4069
1167.59 1390.84 4069
1157.8 1387.42 4059
1156.55 1394.25 4079
1149.6 1394.25 4079
1142.64 1394.25 4079
1138.47 1397.67 4089
1131.5 1397.67 4089
1124.53 1397.67 4089
1117.56 1397.67 4089
1110.59 1397.67 4089
1103.62 1397.67 4089
1096.65 1397.67 4089
1089.68 1397.67 4089
1080.06 1394.25 4079
1075.74 1397.67 4089
1068.77 1397.67 4089
1061.8 1397.67 4089
1054.83 1397.67 4089
1047.85 1397.67 4089
1040.88 1397.67 4089
1031.39 1394.25 4079
1026.94 1397.67 4089
1019.97 1397.67 4089
1013 1397.67 4089
964.206 1397.67 4089
957.236 1397.67 4089
950.265 1397.67 4089
943.294 1397.67 4089
936.324 1397.67 4089
929.353 1397.67 4089
922.382 1397.67 4089
913.173 1394.25 4079
906.219 1394.25 4079
897.061 1390.84 4069
887.937 1387.42 4059
878.846 1384 4049
874.097 1387.42 4059
867.178 1387.42 4059
860.258 1387.42 4059
851.236 1384 4049
844.334 1384 4049
837.431 1384 4049
824.58 1374.09 4020
817.727 1374.09 4020
810.874 1374.09 4020
796.421 1361.1 3982
789.633 1361.1 3982
782.844 1361.1 3982
776.056 1361.1 3982
769.268 1361.1 3982
760.564 1357.68 3972
753.793 1357.68 3972
747.022 1357.68 3972
738.573 1354.6 3963
728.309 1348.11 3944
721.585 1348.11 3944
714.862 1348.11 3944
708.138 1348.11 3944
699.814 1345.03 3935
693.106 1345.03 3935
686.398 1345.03 3935
679.69 1345.03 3935
672.982 1345.03 3935
666.273 1345.03 3935
659.565 1345.03 3935
652.857 1345.03 3935
644.507 1341.61 3925
634.891 1335.46 3907
628.23 1335.46 3907
621.57 1335.46 3907
610.66 1326.23 3880
604.045 1326.23 3880
598.817 1329.31 3889
592.187 1329.31 3889
585.557 1329.31 3889
582.947 1338.54 3916
576.271 1338.54 3916
569.595 1338.54 3916
560.332 1332.39 3898
552.408 1329.31 3889
545.779 1329.31 3889
536.653 1323.16 3871
527.59 1317 3853
519.804 1313.93 3844
513.251 1313.93 3844
506.698 1313.93 3844
496.762 1305.04 3818
486.915 1296.15 3792
480.451 1296.15 3792
473.986 1296.15 3792
465.302 1290 3774
458.869 1290 3774
453.514 1293.08 3783
447.065 1293.08 3783
440.616 1293.08 3783
434.167 1293.08 3783
427.718 1293.08 3783
418.373 1284.19 3757
411.969 1284.19 3757
404.7 1281.46 3749
398.309 1281.46 3749
389.305 1272.91 3724
382.956 1272.91 3724
-32.8638 141.169 413
-33.5679 141.169 413
-34.2719 141.169 413
-34.976 141.169 413
-35.6801 141.169 413
-36.3841 141.169 413
-36.9984 140.827 412
-37.6092 140.485 411
-38.2167 140.143 410
-38.9156 140.143 410
-39.5179 139.801 409
-40.0185 139.118 407
-40.6123 138.776 406
-41.3045 138.776 406
-41.8931 138.434 405
-42.4784 138.092 404
-42.9534 137.409 402
-43.6388 137.409 402
-44.3241 137.409 402
-44.7854 136.725 400
-45.4673 136.725 400
-46.0339 136.383 399
-46.7141 136.383 399
-47.3943 136.383 399
-48.0744 136.383 399
-48.6325 136.041 398
-49.3109 136.041 398
-49.9894 136.041 398
-50.5406 135.7 397
-51.2174 135.7 397
-51.8942 135.7 397
-52.571 135.7 397
-53.2478 135.7 397
-53.7887 135.358 396
-54.4638 135.358 396
-55.1389 135.358 396
-55.8139 135.358 396
-56.489 135.358 396
-57.1641 135.358 396
-57.8392 135.358 396
-58.3665 135.016 395
-59.0399 135.016 395
-59.8644 135.358 396
-60.5395 135.358 396
-61.2146 135.358 396
-61.8897 135.358 396
-62.4068 135.016 395
-63.0801 135.016 395
-63.7535 135.016 395
-64.4269 135.016 395
-65.1003 135.016 395
-65.7736 135.016 395
-66.447 135.016 395
-67.2903 135.358 396
-67.9654 135.358 396
-68.6405 135.358 396
-69.3156 135.358 396
-69.9906 135.358 396
-70.8442 135.7 397
-71.521 135.7 397
-72.1977 135.7 397
-73.0581 136.041 398
-73.7366 136.041 398
-74.4151 136.041 398
-75.2822 136.383 399
-75.9624 136.383 399
-76.6426 136.383 399
-77.3228 136.383 399
-78.003 136.383 399
-78.6832 136.383 399
-79.5623 136.725 400
-80.2442 136.725 400
-80.9261 136.725 400
-81.812 137.067 401
-82.7013 137.409 402
-83.3867 137.409 402
-84.2811 137.751 403
-85.6006 138.776 406
-86.2928 138.776 406
-86.9849 138.776 406
-87.893 139.118 407
-89.2398 140.143 410
-89.9387 140.143 410
-91.0798 140.827 412
-92.0049 141.169 413
-92.709 141.169 413
-93.6392 141.51 414
-95.0287 142.536 417
-95.7395 142.536 417
-96.6817 142.878 418
-97.6273 143.22 419
-99.0457 144.245 422
-99.7651 144.245 422
-100.961 144.929 424
-101.923 145.27 425
-102.648 145.27 425
-103.616 145.612 426
-104.587 145.954 427
-105.315 145.954 427
-106.043 145.954 427
-107.021 146.296 428
-108.002 146.638 429
-109.24 147.321 431
-109.975 147.321 431
-110.71 147.321 431
-111.703 147.663 432
-112.7 148.005 433
-113.438 148.005 433
-114.176 148.005 433
-115.18 148.347 434
-115.92 148.347 434
-117.197 149.03 436
-118.211 149.372 437
-118.956 149.372 437
-119.701 149.372 437
-120.721 149.714 438
-121.745 150.056 439
-122.773 150.398 440
-123.523 150.398 440
-124.555 150.739 441
-125.591 151.081 442
-126.345 151.081 442
-128.248 152.448 446
-129.298 152.79 447
-130.06 152.79 447
-130.822 152.79 447
-826.887 751.304 2198
-830.634 751.304 2198
-834.381 751.304 2198
-835.84 749.253 2192
-839.577 749.253 2192
-842.159 748.228 2189
-845.891 748.228 2189
-849.623 748.228 2189
-853.354 748.228 2189
-857.086 748.228 2189
-859.638 747.203 2186
-862.575 746.519 2184
-870.661 750.279 2195
-874.403 750.279 2195
-879.345 751.304 2198
-883.092 751.304 2198
-886.839 751.304 2198
-890.586 751.304 2198
-894.333 751.304 2198
-898.08 751.304 2198
-901.827 751.304 2198
-903.102 749.253 2192
-904.357 747.203 2186
-904.76 744.468 2178
-908.473 744.468 2178
-910.93 743.443 2175
-914.637 743.443 2175
-917.079 742.417 2172
-920.781 742.417 2172
-923.207 741.392 2169
-924.768 739.683 2164
-927.17 738.657 2161
-930.854 738.657 2161
-934.538 738.657 2161
-938.222 738.657 2161
-941.906 738.657 2161
-945.59 738.657 2161
-947.956 737.632 2158
-949.43 735.923 2153
-949.116 732.846 2144
-952.771 732.846 2144
-955.534 732.163 2142
-957.842 731.137 2139
-961.488 731.137 2139
-965.135 731.137 2139
-967.422 730.112 2136
-971.064 730.112 2136
-973.336 729.087 2133
-976.972 729.087 2133
-980.609 729.087 2133
-984.245 729.087 2133
-987.881 729.087 2133
-991.517 729.087 2133
-994.221 728.403 2131
-996.448 727.377 2128
-998.666 726.352 2125
-1002.29 726.352 2125
-1005.91 726.352 2125
-1007.16 724.643 2120
-1009.34 723.618 2117
-1012.95 723.618 2117
-1014.16 721.909 2112
-1016.31 720.883 2109
-1018.46 719.858 2106
-1022.05 719.858 2106
-1023.2 718.148 2101
-1026.79 718.148 2101
-1025.46 714.73 2091
-1029.03 714.73 2091
-1027.16 710.97 2080
-1023.27 705.843 2065
-1024.31 704.134 2060
-1027.82 704.134 2060
-1027.33 701.4 2052
-1021.78 695.247 2034
-1023.23 693.88 2030
-1026.69 693.88 2030
-1030.15 693.88 2030
-1031.07 692.171 2025
-1031.97 690.462 2020
-1035.41 690.462 2020
-1034.74 687.727 2012
1289.27 1380.49 4059
1282.35 1380.49 4059
1275.43 1380.49 4059
1268.51 1380.49 4059
1261.59 1380.49 4059
1242.62 1367.23 4020
1229.92 1360.77 4001
1220.05 1357.37 3991
1213.24 1357.37 3991
1203.72 1354.3 3982
1199.64 1357.37 3991
1198.51 1363.83 4010
1197.62 1370.63 4030
1190.75 1370.63 4030
1186.52 1373.69 4039
1188.4 1383.89 4069
1181.46 1383.89 4069
1174.53 1383.89 4069
1167.59 1383.89 4069
1160.65 1383.89 4069
1156.55 1387.29 4079
1149.6 1387.29 4079
1142.64 1387.29 4079
1138.47 1390.7 4089
1131.5 1390.7 4089
1124.53 1390.7 4089
1117.56 1390.7 4089
1110.59 1390.7 4089
1103.62 1390.7 4089
1096.65 1390.7 4089
1089.68 1390.7 4089
1080.06 1387.29 4079
1075.74 1390.7 4089
1068.77 1390.7 4089
1061.8 1390.7 4089
964.206 1390.7 4089
957.236 1390.7 4089
950.265 1390.7 4089
943.294 1390.7 4089
936.324 1390.7 4089
929.353 1390.7 4089
922.382 1390.7 4089
913.173 1387.29 4079
906.219 1387.29 4079
897.061 1383.89 4069
887.937 1380.49 4059
883.187 1383.89 4069
876.251 1383.89 4069
869.314 1383.89 4069
862.378 1383.89 4069
855.441 1383.89 4069
848.504 1383.89 4069
839.5 1380.49 4059
828.478 1373.69 4039
819.761 1370.63 4030
812.891 1370.63 4030
804.021 1367.23 4020
799.151 1370.63 4030
792.281 1370.63 4030
785.411 1370.63 4030
776.609 1367.23 4020
769.756 1367.23 4020
761.005 1363.83 4010
754.169 1363.83 4010
745.655 1360.77 4001
736.988 1357.37 3991
730.184 1357.37 3991
723.381 1357.37 3991
713.166 1350.9 3972
706.394 1350.9 3972
701.385 1354.3 3982
694.596 1354.3 3982
687.808 1354.3 3982
681.02 1354.3 3982
674.231 1354.3 3982
667.443 1354.3 3982
658.996 1350.9 3972
650.747 1347.84 3963
642.366 1344.44 3953
635.627 1344.44 3953
627.456 1341.38 3944
616.326 1331.86 3916
608.249 1328.8 3907
602.974 1331.86 3916
596.298 1331.86 3916
592.483 1338.32 3935
585.775 1338.32 3935
579.067 1338.32 3935
572.359 1338.32 3935
562.919 1331.86 3916
556.244 1331.86 3916
549.568 1331.86 3916
540.397 1325.74 3898
530.054 1316.55 3871
522.238 1313.49 3862
515.654 1313.49 3862
509.071 1313.49 3862
500.145 1307.37 3844
489.098 1295.47 3809
482.604 1295.47 3809
474.986 1292.41 3800
467.522 1289.68 3792
461.057 1289.68 3792
455.552 1292.41 3800
449.074 1292.41 3800
442.596 1292.41 3800
435.2 1289.68 3792
428.735 1289.68 3792
421.269 1286.62 3783
411.969 1277.78 3757
404.7 1275.06 3749
398.309 1275.06 3749
389.305 1266.56 3724
382.956 1266.56 3724
-32.8638 140.464 413
-33.5679 140.464 413
-34.2719 140.464 413
-34.976 140.464 413
-35.5937 140.124 412
-36.296 140.124 412
-36.9984 140.124 412
-37.6092 139.784 411
-38.2167 139.444 410
-38.9156 139.444 410
-39.4213 138.764 408
-40.0185 138.423 407
-40.6123 138.083 406
-41.3045 138.083 406
-41.8931 137.743 405
-42.4784 137.403 404
-42.9534 136.723 402
-43.6388 136.723 402
-44.3241 136.723 402
-44.7854 136.043 400
-45.4673 136.043 400
-46.0339 135.703 399
-46.7141 135.703 399
-47.3943 135.703 399
-48.0744 135.703 399
-48.6325 135.362 398
-49.3109 135.362 398
-49.9894 135.362 398
-50.5406 135.022 397
-51.2174 135.022 397
-51.8942 135.022 397
-52.571 135.022 397
-53.2478 135.022 397
-53.7887 134.682 396
-54.4638 134.682 396
-55.1389 134.682 396
-55.8139 134.682 396
-56.489 134.682 396
-57.1641 134.682 396
-57.8392 134.682 396
-58.5143 134.682 396
-59.0399 134.342 395
-59.7133 134.342 395
-60.5395 134.682 396
-61.2146 134.682 396
-61.8897 134.682 396
-62.4068 134.342 395
-63.0801 134.342 395
-63.7535 134.342 395
-64.4269 134.342 395
-65.1003 134.342 395
-65.7736 134.342 395
-66.447 134.342 395
-67.2903 134.682 396
-67.9654 134.682 396
-68.6405 134.682 396
-69.3156 134.682 396
-70.1674 135.022 397
-70.8442 135.022 397
-71.521 135.022 397
-72.1977 135.022 397
-73.0581 135.362 398
-73.7366 135.362 398
-74.4151 135.362 398
-75.2822 135.703 399
-75.9624 135.703 399
-76.6426 135.703 399
-77.3228 135.703 399
-78.003 135.703 399
-78.8804 136.043 400
-79.5623 136.043 400
-80.2442 136.043 400
-81.1284 136.383 401
-82.016 136.723 402
-82.7013 136.723 402
-83.3867 136.723 402
-84.2811 137.063 403
-85.6006 138.083 406
-86.2928 138.083 406
-87.1991 138.423 407
-88.1089 138.764 408
-89.2398 139.444 410
-89.9387 139.444 410
-91.0798 140.124 412
-92.0049 140.464 413
-92.709 140.464 413
-93.6392 140.804 414
-95.0287 141.824 417
-95.7395 141.824 417
-96.6817 142.165 418
-97.6273 142.505 419
-99.0457 143.525 422
-99.7651 143.525 422
-100.961 144.205 424
-101.923 144.545 425
-102.648 144.545 425
-103.616 144.885 426
-104.587 145.226 427
-105.315 145.226 427
-106.043 145.226 427
-107.021 145.566 428
-108.002 145.906 429
-109.24 146.586 431
-109.975 146.586 431
-110.71 146.586 431
-111.703 146.926 432
-112.7 147.266 433
-113.438 147.266 433
-114.176 147.266 433
-115.18 147.606 434
-115.92 147.606 434
-117.197 148.286 436
-118.211 148.627 437
-119.228 148.967 438
-119.975 148.967 438
-120.721 148.967 438
-121.745 149.307 439
-122.773 149.647 440
-123.523 149.647 440
-124.838 150.327 442
-125.591 150.327 442
-126.345 150.327 442
-128.248 151.688 446
-129.298 152.028 447
-130.06 152.028 447
-130.822 152.028 447
-829.144 749.595 2204
-832.901 749.595 2204
-836.658 749.595 2204
-835.84 745.514 2192
-839.577 745.514 2192
-842.159 744.493 2189
-845.891 744.493 2189
-849.623 744.493 2189
-853.354 744.493 2189
-855.911 743.473 2186
-859.638 743.473 2186
-862.575 742.793 2184
-867.091 743.473 2186
-870.818 743.473 2186
-878.145 746.534 2195
-883.092 747.554 2198
-886.839 747.554 2198
-890.586 747.554 2198
-891.892 745.514 2192
-895.629 745.514 2192
-899.365 745.514 2192
-900.63 743.473 2186
-899.806 739.732 2175
-902.268 738.712 2172
-905.97 738.712 2172
-908.417 737.691 2169
-912.114 737.691 2169
-915.812 737.691 2169
-919.51 737.691 2169
-922.356 737.011 2167
-923.486 734.97 2161
-925.883 733.95 2158
-929.562 733.95 2158
-933.24 733.95 2158
-936.919 733.95 2158
-940.598 733.95 2158
-944.277 733.95 2158
-945.759 732.25 2153
-948.107 731.229 2150
-949.116 729.189 2144
-952.771 729.189 2144
-955.534 728.508 2142
-957.842 727.488 2139
-961.488 727.488 2139
-965.135 727.488 2139
-967.422 726.468 2136
-971.064 726.468 2136
-973.336 725.447 2133
-976.972 725.447 2133
-980.609 725.447 2133
-984.245 725.447 2133
-987.881 725.447 2133
-991.517 725.447 2133
-994.221 724.767 2131
-996.448 723.747 2128
-998.666 722.727 2125
-1002.29 722.727 2125
-1005.91 722.727 2125
-1007.16 721.026 2120
-1009.34 720.006 2117
-1012.95 720.006 2117
-1014.16 718.305 2112
-1016.31 717.285 2109
-1018.46 716.265 2106
-1022.05 716.265 2106
-1023.2 714.564 2101
-1025.32 713.544 2098
-1025.46 711.163 2091
-1029.03 711.163 2091
-1027.16 707.422 2080
-1023.27 702.32 2065
-1024.31 700.62 2060
-1027.82 700.62 2060
-1025.82 696.878 2049
-1021.78 691.777 2034
-1023.23 690.416 2030
-1026.69 690.416 2030
-1030.15 690.416 2030
-1031.07 688.716 2025
-1031.97 687.015 2020
-1035.41 687.015 2020
-1034.74 684.294 2012
1278.57 1376.95 4069
1271.64 1376.95 4069
1264.7 1376.95 4069
1248.49 1366.8 4039
1232.69 1356.99 4010
1223.1 1353.94 4001
1216.28 1353.94 4001
1209.46 1353.94 4001
1205.35 1356.99 4010
1201.5 1360.37 4020
1200.29 1366.8 4039
1193.41 1366.8 4039
1195.34 1376.95 4069
1191.32 1380.34 4079
1184.37 1380.34 4079
1177.41 1380.34 4079
1173.33 1383.72 4089
1166.36 1383.72 4089
1159.39 1383.72 4089
1152.42 1383.72 4089
1142.64 1380.34 4079
1138.47 1383.72 4089
1131.5 1383.72 4089
1124.53 1383.72 4089
964.206 1383.72 4089
957.236 1383.72 4089
950.265 1383.72 4089
943.294 1383.72 4089
936.324 1383.72 4089
929.353 1383.72 4089
922.382 1383.72 4089
913.173 1380.34 4079
906.219 1380.34 4079
897.061 1376.95 4069
887.937 1373.57 4059
883.187 1376.95 4069
876.251 1376.95 4069
869.314 1376.95 4069
862.378 1376.95 4069
855.441 1376.95 4069
848.504 1376.95 4069
839.5 1373.57 4059
828.478 1366.8 4039
819.761 1363.75 4030
812.891 1363.75 4030
804.021 1360.37 4020
799.151 1363.75 4030
794.05 1366.8 4039
787.165 1366.8 4039
780.279 1366.8 4039
773.394 1366.8 4039
766.508 1366.8 4039
759.623 1366.8 4039
751.06 1363.75 4030
742.343 1360.37 4020
735.49 1360.37 4020
728.637 1360.37 4020
716.577 1350.56 3991
709.773 1350.56 3991
702.97 1350.56 3991
696.166 1350.56 3991
689.362 1350.56 3991
682.559 1350.56 3991
675.755 1350.56 3991
668.952 1350.56 3991
662.148 1350.56 3991
652.224 1344.13 3972
645.453 1344.13 3972
638.682 1344.13 3972
630.479 1341.08 3963
622.149 1337.7 3953
615.41 1337.7 3953
608.671 1337.7 3953
599.192 1331.61 3935
596.699 1341.08 3963
589.943 1341.08 3963
583.187 1341.08 3963
576.431 1341.08 3963
568.238 1337.7 3953
560.221 1334.65 3944
553.497 1334.65 3944
545.526 1331.61 3935
534.984 1322.13 3907
528.323 1322.13 3907
521.663 1322.13 3907
512.63 1316.04 3889
506 1316.04 3889
494.748 1303.86 3853
488.179 1303.86 3853
477.236 1292.01 3818
468.508 1285.92 3800
463.124 1288.97 3809
456.631 1288.97 3809
450.137 1288.97 3809
443.644 1288.97 3809
436.118 1285.92 3800
429.64 1285.92 3800
421.269 1280.17 3783
412.955 1274.42 3766
404.7 1268.66 3749
398.309 1268.66 3749
389.305 1260.2 3724
382.956 1260.2 3724
373.27 1249.04 3691
366.978 1249.04 3691
-32.8638 139.759 413
-33.5679 139.759 413
-34.2719 139.759 413
-34.976 139.759 413
-35.5937 139.421 412
-36.296 139.421 412
-36.9984 139.421 412
-37.6092 139.083 411
-38.2167 138.744 410
-38.9156 138.744 410
-39.4213 138.067 408
-40.0185 137.729 407
-40.6123 137.391 406
-41.3045 137.391 406
-41.8931 137.052 405
-42.4784 136.714 404
-42.9534 136.037 402
-43.6388 136.037 402
-44.3241 136.037 402
-44.7854 135.36 400
-45.4673 135.36 400
-46.0339 135.022 399
-46.7141 135.022 399
-47.3943 135.022 399
-48.0744 135.022 399
-48.6325 134.683 398
-49.3109 134.683 398
-49.9894 134.683 398
-50.5406 134.345 397
-51.2174 134.345 397
-51.8942 134.345 397
-52.571 134.345 397
-53.2478 134.345 397
-53.7887 134.007 396
-54.4638 134.007 396
-55.1389 134.007 396
-55.8139 134.007 396
-56.489 134.007 396
-57.1641 134.007 396
-57.8392 134.007 396
-58.5143 134.007 396
-59.1894 134.007 396
-59.8644 134.007 396
-60.5395 134.007 396
-61.2146 134.007 396
-61.8897 134.007 396
-62.5648 134.007 396
-63.2398 134.007 396
-63.7535 133.668 395
-64.59 134.007 396
-65.2651 134.007 396
-65.9401 134.007 396
-66.6152 134.007 396
-67.2903 134.007 396
-67.9654 134.007 396
-68.6405 134.007 396
-69.3156 134.007 396
-70.1674 134.345 397
-70.8442 134.345 397
-71.521 134.345 397
-72.1977 134.345 397
-73.0581 134.683 398
-73.9218 135.022 399
-74.602 135.022 399
-75.2822 135.022 399
-75.9624 135.022 399
-76.6426 135.022 399
-77.3228 135.022 399
-78.1985 135.36 400
-78.8804 135.36 400
-79.5623 135.36 400
-80.2442 135.36 400
-81.1284 135.699 401
-82.016 136.037 402
-82.7013 136.037 402
-83.5941 136.375 403
-84.4902 136.714 404
-85.6006 137.391 406
-86.2928 137.391 406
-87.1991 137.729 407
-88.3249 138.406 409
-89.0221 138.406 409
-89.9387 138.744 410
-91.0798 139.421 412
-92.0049 139.759 413
-92.709 139.759 413
-93.6392 140.098 414
-95.0287 141.113 417
-95.7395 141.113 417
-96.6817 141.451 418
-97.6273 141.79 419
-99.0457 142.805 422
-99.7651 142.805 422
-101.199 143.82 425
-102.163 144.159 426
-102.889 144.159 426
-103.616 144.159 426
-104.587 144.497 427
-105.561 144.835 428
-106.291 144.835 428
-107.271 145.174 429
-108.254 145.512 430
-109.24 145.851 431
-109.975 145.851 431
-110.967 146.189 432
-111.962 146.527 433
-112.7 146.527 433
-113.438 146.527 433
-114.44 146.866 434
-115.18 146.866 434
-115.92 146.866 434
-117.466 147.881 437
-118.211 147.881 437
-119.228 148.219 438
-119.975 148.219 438
-120.721 148.219 438
-121.745 148.558 439
-122.773 148.896 440
-123.523 148.896 440
-124.838 149.573 442
-125.591 149.573 442
-126.345 149.573 442
-128.248 150.927 446
-129.009 150.927 446
-129.769 150.927 446
-829.144 745.835 2204
-832.901 745.835 2204
-836.658 745.835 2204
-835.84 741.774 2192
-839.577 741.774 2192
-842.159 740.759 2189
-845.891 740.759 2189
-849.623 740.759 2189
-853.354 740.759 2189
-855.911 739.744 2186
-857.672 738.052 2181
-860.205 737.036 2178
-866.298 739.067 2184
-870.021 739.067 2184
-874.544 739.744 2186
-880.681 741.774 2192
-884.418 741.774 2192
-888.155 741.774 2192
-890.671 740.759 2189
-893.177 739.744 2186
-896.904 739.744 2186
-898.57 738.052 2181
-898.565 735.006 2172
-901.022 733.991 2169
-904.719 733.991 2169
-907.579 733.314 2167
-911.273 733.314 2167
-914.967 733.314 2167
-918.662 733.314 2167
-919.802 731.284 2161
-922.204 730.268 2158
-925.883 730.268 2158
-929.562 730.268 2158
-933.24 730.268 2158
-936.919 730.268 2158
-939.291 729.253 2155
-942.964 729.253 2155
-945.759 728.576 2153
-946.784 726.546 2147
-948.231 724.854 2142
-951.882 724.854 2142
-954.195 723.839 2139
-957.842 723.839 2139
-961.488 723.839 2139
-965.135 723.839 2139
-967.422 722.823 2136
-971.064 722.823 2136
-973.336 721.808 2133
-976.972 721.808 2133
-979.689 721.132 2131
-983.322 721.132 2131
-986.955 721.132 2131
-990.588 721.132 2131
-994.221 721.132 2131
-996.448 720.116 2128
-998.666 719.101 2125
-1002.29 719.101 2125
-1004.49 718.086 2122
-1007.16 717.409 2120
-1009.34 716.394 2117
-1012.95 716.394 2117
-1014.16 714.702 2112
-1016.31 713.687 2109
-1018.46 712.672 2106
-1022.05 712.672 2106
-1024.67 711.995 2104
-1025.32 709.964 2098
-1025.46 707.595 2091
-1029.03 707.595 2091
-1027.16 703.873 2080
-1023.27 698.797 2065
-1024.31 697.105 2060
-1027.82 697.105 2060
-1025.82 693.383 2049
-1021.78 688.307 2034
-1023.23 686.953 2030
-1026.69 686.953 2030
-1030.15 686.953 2030
-1031.07 685.261 2025
-1031.97 683.569 2020
-1035.41 683.569 2020
-1034.74 680.862 2012
1284.86 1376.74 4089
1277.89 1376.74 4089
1270.92 1376.74 4089
1254.67 1366.64 4059
1235.77 1353.51 4020
1228.91 1353.51 4020
1230.88 1363.28 4049
1223.97 1363.28 4049
1217.07 1363.28 4049
1210.17 1363.28 4049
1209.21 1370.01 4069
1202.27 1370.01 4069
1198.27 1373.38 4079
1191.32 1373.38 4079
1184.37 1373.38 4079
1177.41 1373.38 4079
1173.33 1376.74 4089
1166.36 1376.74 4089
1159.39 1376.74 4089
1152.42 1376.74 4089
964.206 1376.74 4089
957.236 1376.74 4089
950.265 1376.74 4089
943.294 1376.74 4089
936.324 1376.74 4089
929.353 1376.74 4089
922.382 1376.74 4089
915.411 1376.74 4089
908.441 1376.74 4089
899.265 1373.38 4079
890.124 1370.01 4069
885.358 1373.38 4079
878.404 1373.38 4079
871.451 1373.38 4079
864.497 1373.38 4079
857.543 1373.38 4079
850.59 1373.38 4079
843.636 1373.38 4079
832.58 1366.64 4059
823.626 1363.28 4049
816.724 1363.28 4049
807.821 1359.91 4039
800.936 1359.91 4039
794.05 1359.91 4039
787.165 1359.91 4039
780.279 1359.91 4039
773.394 1359.91 4039
766.508 1359.91 4039
759.623 1359.91 4039
751.06 1356.88 4030
742.343 1353.51 4020
735.49 1353.51 4020
728.637 1353.51 4020
716.577 1343.75 3991
709.773 1343.75 3991
702.97 1343.75 3991
696.166 1343.75 3991
689.362 1343.75 3991
682.559 1343.75 3991
675.755 1343.75 3991
668.952 1343.75 3991
662.148 1343.75 3991
652.224 1337.35 3972
645.453 1337.35 3972
638.682 1337.35 3972
630.479 1334.32 3963
622.149 1330.95 3953
621.326 1343.75 3991
614.522 1343.75 3991
607.719 1343.75 3991
600.915 1343.75 3991
596.94 1350.14 4010
590.104 1350.14 4010
583.268 1350.14 4010
572.407 1340.72 3982
565.618 1340.72 3982
558.83 1340.72 3982
549.408 1334.32 3963
541.283 1330.95 3953
534.544 1330.95 3953
527.805 1330.95 3953
519.88 1327.92 3944
507.171 1312.43 3898
499.37 1309.4 3889
492.741 1309.4 3889
483.861 1303.34 3871
475.042 1297.28 3853
465.191 1288.19 3826
458.669 1288.19 3826
452.147 1288.19 3826
443.644 1282.47 3809
437.151 1282.47 3809
430.657 1282.47 3809
423.162 1279.44 3800
412.955 1267.99 3766
404.7 1262.27 3749
398.309 1262.27 3749
389.305 1253.85 3724
381.208 1248.13 3707
374.079 1245.43 3699
367.773 1245.43 3699
358.341 1234.66 3667
352.089 1234.66 3667
-32.8638 139.055 413
-33.5679 139.055 413
-34.2719 139.055 413
-34.8913 138.718 412
-35.5937 138.718 412
-36.296 138.718 412
-36.9984 138.718 412
-37.6092 138.381 411
-38.2167 138.045 410
-38.9156 138.045 410
-39.4213 137.371 408
-40.0185 137.035 407
-40.6123 136.698 406
-41.3045 136.698 406
-41.8931 136.361 405
-42.3733 135.688 403
-42.9534 135.351 402
-43.5302 135.014 401
-44.2138 135.014 401
-44.7854 134.678 400
-45.4673 134.678 400
-46.0339 134.341 399
-46.7141 134.341 399
-47.3943 134.341 399
-47.954 134.004 398
-48.6325 134.004 398
-49.3109 134.004 398
-49.9894 134.004 398
-50.5406 133.668 397
-51.2174 133.668 397
-51.8942 133.668 397
-52.571 133.668 397
-53.2478 133.668 397
-53.7887 133.331 396
-54.4638 133.331 396
-55.1389 133.331 396
-55.8139 133.331 396
-56.489 133.331 396
-57.1641 133.331 396
-57.8392 133.331 396
-58.5143 133.331 396
-59.1894 133.331 396
-59.8644 133.331 396
-60.5395 133.331 396
-61.2146 133.331 396
-61.8897 133.331 396
-62.5648 133.331 396
-63.2398 133.331 396
-63.7535 132.994 395
-64.59 133.331 396
-65.2651 133.331 396
-65.9401 133.331 396
-66.6152 133.331 396
-67.2903 133.331 396
-67.9654 133.331 396
-68.6405 133.331 396
-69.3156 133.331 396
-70.1674 133.668 397
-70.8442 133.668 397
-71.521 133.668 397
-72.1977 133.668 397
-73.0581 134.004 398
-73.9218 134.341 399
-74.602 134.341 399
-75.2822 134.341 399
-75.9624 134.341 399
-76.8347 134.678 400
-77.5166 134.678 400
-78.1985 134.678 400
-78.8804 134.678 400
-79.7612 135.014 401
-80.4448 135.014 401
-81.1284 135.014 401
-82.2201 135.688 403
-82.9071 135.688 403
-83.8015 136.025 404
-84.6994 136.361 405
-85.6006 136.698 406
-86.2928 136.698 406
-87.1991 137.035 407
-88.3249 137.708 409
-89.0221 137.708 409
-89.9387 138.045 410
-91.0798 138.718 412
-92.0049 139.055 413
-92.709 139.055 413
-93.6392 139.391 414
-95.0287 140.402 417
-95.7395 140.402 417
-96.6817 140.738 418
-97.6273 141.075 419
-99.2804 142.422 423
-100.002 142.422 423
-101.437 143.432 426
-102.163 143.432 426
-102.889 143.432 426
-103.616 143.432 426
-104.587 143.769 427
-105.561 144.105 428
-106.291 144.105 428
-107.271 144.442 429
-108.506 145.115 431
-109.24 145.115 431
-109.975 145.115 431
-110.967 145.452 432
-111.962 145.789 433
-112.7 145.789 433
-113.7 146.125 434
-114.44 146.125 434
-115.18 146.125 434
-115.92 146.125 434
-117.466 147.135 437
-118.481 147.472 438
-119.228 147.472 438
-119.975 147.472 438
-120.721 147.472 438
-121.745 147.809 439
-122.773 148.146 440
-123.523 148.146 440
-124.838 148.819 442
-125.591 148.819 442
-126.345 148.819 442
-127.098 148.819 442
-818.646 736.014 2186
-829.144 742.074 2204
-832.901 742.074 2204
-836.658 742.074 2204
-835.84 738.034 2192
-839.577 738.034 2192
-842.159 737.024 2189
-845.891 737.024 2189
-849.623 737.024 2189
-853.354 737.024 2189
-855.911 736.014 2186
-857.672 734.331 2181
-860.205 733.32 2178
-866.298 735.341 2184
-870.021 735.341 2184
-873.744 735.341 2184
-878.271 736.014 2186
-881.997 736.014 2186
-885.724 736.014 2186
-887.416 734.331 2181
-891.134 734.331 2181
-894.852 734.331 2181
-896.098 732.31 2175
-896.496 729.617 2167
-898.944 728.607 2164
-902.633 728.607 2164
-905.066 727.597 2161
-908.75 727.597 2161
-911.167 726.587 2158
-914.846 726.587 2158
-918.525 726.587 2158
-920.922 725.576 2155
-924.596 725.576 2155
-928.269 725.576 2155
-931.943 725.576 2155
-934.748 724.903 2153
-937.111 723.893 2150
-940.776 723.893 2150
-943.124 722.883 2147
-945.461 721.873 2144
-948.231 721.199 2142
-951.882 721.199 2142
-954.195 720.189 2139
-957.842 720.189 2139
-961.488 720.189 2139
-965.135 720.189 2139
-967.422 719.179 2136
-969.7 718.169 2133
-972.424 717.496 2131
-976.056 717.496 2131
-979.689 717.496 2131
-983.322 717.496 2131
-986.955 717.496 2131
-990.588 717.496 2131
-992.821 716.486 2128
-995.044 715.476 2125
-998.666 715.476 2125
-1002.29 715.476 2125
-1004.49 714.466 2122
-1007.16 713.792 2120
-1010.77 713.792 2120
-1014.39 713.792 2120
-1014.16 711.099 2112
-1016.31 710.089 2109
-1018.46 709.078 2106
-1022.05 709.078 2106
-1024.67 708.405 2104
-1025.32 706.385 2098
-1023.99 703.018 2088
-1027.55 703.018 2088
-1023.21 697.631 2072
-1020.8 693.59 2060
-1020.33 690.897 2052
-1023.83 690.897 2052
-1022.32 687.53 2042
-1019.77 683.49 2030
-1021.72 682.48 2027
-1025.18 682.48 2027
-1027.62 681.806 2025
-1028.52 680.123 2020
-1031.97 680.123 2020
-1035.41 680.123 2020
-1034.74 677.429 2012
1284.86 1369.77 4089
1277.89 1369.77 4089
1270.92 1369.77 4089
1254.67 1359.72 4059
1235.77 1346.65 4020
1228.91 1346.65 4020
1230.88 1356.37 4049
1223.97 1356.37 4049
1217.07 1356.37 4049
1210.17 1356.37 4049
1209.21 1363.07 4069
1202.27 1363.07 4069
1198.27 1366.42 4079
1191.32 1366.42 4079
1184.37 1366.42 4079
1177.41 1366.42 4079
1173.33 1369.77 4089
1166.36 1369.77 4089
1159.39 1369.77 4089
1152.42 1369.77 4089
950.265 1369.77 4089
943.294 1369.77 4089
936.324 1369.77 4089
929.353 1369.77 4089
922.382 1369.77 4089
915.411 1369.77 4089
908.441 1369.77 4089
901.47 1369.77 4089
894.499 1369.77 4089
885.358 1366.42 4079
878.404 1366.42 4079
871.451 1366.42 4079
864.497 1366.42 4079
859.646 1369.77 4089
852.675 1369.77 4089
845.704 1369.77 4089
836.682 1366.42 4079
825.66 1359.72 4059
818.741 1359.72 4059
811.821 1359.72 4059
802.919 1356.37 4049
796.016 1356.37 4049
789.114 1356.37 4049
782.211 1356.37 4049
775.309 1356.37 4049
766.508 1353.02 4039
759.623 1353.02 4039
752.737 1353.02 4039
745.852 1353.02 4039
737.32 1350 4030
730.45 1350 4030
721.784 1346.65 4020
711.552 1340.29 4001
704.731 1340.29 4001
697.911 1340.29 4001
691.09 1340.29 4001
682.559 1336.94 3991
675.755 1336.94 3991
668.952 1336.94 3991
662.148 1336.94 3991
655.344 1336.94 3991
647.078 1333.92 3982
641.737 1336.94 3991
634.933 1336.94 3991
628.13 1336.94 3991
621.326 1336.94 3991
614.522 1336.94 3991
607.719 1336.94 3991
600.915 1336.94 3991
596.94 1343.3 4010
590.104 1343.3 4010
583.268 1343.3 4010
572.407 1333.92 3982
565.618 1333.92 3982
558.83 1333.92 3982
549.408 1327.56 3963
541.283 1324.21 3953
534.544 1324.21 3953
527.805 1324.21 3953
519.88 1321.19 3944
507.171 1305.78 3898
499.37 1302.77 3889
492.741 1302.77 3889
483.861 1296.74 3871
475.042 1290.71 3853
465.191 1281.67 3826
458.669 1281.67 3826
452.147 1281.67 3826
443.644 1275.97 3809
437.151 1275.97 3809
430.657 1275.97 3809
423.162 1272.96 3800
412.955 1261.57 3766
404.7 1255.87 3749
398.309 1255.87 3749
390.141 1250.18 3732
381.208 1241.8 3707
374.079 1239.12 3699
367.773 1239.12 3699
359.904 1233.76 3683
352.089 1228.4 3667
345.838 1228.4 3667
339.587 1228.4 3667
-32.8638 138.35 413
-33.5679 138.35 413
-34.2719 138.35 413
-34.8913 138.015 412
-35.5937 138.015 412
-36.296 138.015 412
-36.9984 138.015 412
-37.6092 137.68 411
-38.2167 137.345 410
-38.9156 137.345 410
-39.4213 136.675 408
-40.0185 136.34 407
-40.6123 136.005 406
-41.3045 136.005 406
-41.8931 135.67 405
-42.2681 134.665 402
-42.9534 134.665 402
-43.5302 134.33 401
-44.2138 134.33 401
-44.7854 133.995 400
-45.4673 133.995 400
-46.0339 133.66 399
-46.7141 133.66 399
-47.3943 133.66 399
-47.954 133.325 398
-48.6325 133.325 398
-49.3109 133.325 398
-49.9894 133.325 398
-50.6679 133.325 398
-51.2174 132.99 397
-51.8942 132.99 397
-52.571 132.99 397
-53.2478 132.99 397
-53.9245 132.99 397
-54.6013 132.99 397
-55.1389 132.655 396
-55.8139 132.655 396
-56.489 132.655 396
-57.1641 132.655 396
-57.8392 132.655 396
-58.5143 132.655 396
-59.1894 132.655 396
-59.8644 132.655 396
-60.5395 132.655 396
-61.2146 132.655 396
-61.8897 132.655 396
-62.5648 132.655 396
-63.2398 132.655 396
-63.9149 132.655 396
-64.59 132.655 396
-65.2651 132.655 396
-65.9401 132.655 396
-66.6152 132.655 396
-67.2903 132.655 396
-67.9654 132.655 396
-68.6405 132.655 396
-69.3156 132.655 396
-70.1674 132.99 397
-70.8442 132.99 397
-71.521 132.99 397
-72.1977 132.99 397
-73.0581 133.325 398
-73.9218 133.66 399
-74.602 133.66 399
-75.2822 133.66 399
-75.9624 133.66 399
-76.8347 133.995 400
-77.5166 133.995 400
-78.1985 133.995 400
-78.8804 133.995 400
-79.7612 134.33 401
-80.4448 134.33 401
-81.1284 134.33 401
-82.2201 135 403
-82.9071 135 403
-83.8015 135.335 404
-84.6994 135.67 405
-85.6006 136.005 406
-86.2928 136.005 406
-87.1991 136.34 407
-88.3249 137.01 409
-89.0221 137.01 409
-89.9387 137.345 410
-91.0798 138.015 412
-92.0049 138.35 413
-92.709 138.35 413
-93.6392 138.685 414
-95.0287 139.69 417
-95.7395 139.69 417
-96.6817 140.025 418
-97.6273 140.36 419
-99.5151 142.035 424
-100.238 142.035 424
-101.437 142.705 426
-102.163 142.705 426
-102.889 142.705 426
-103.616 142.705 426
-104.832 143.375 428
-105.561 143.375 428
-106.291 143.375 428
-107.271 143.71 429
-108.506 144.38 431
-109.494 144.715 432
-110.23 144.715 432
-110.967 144.715 432
-112.22 145.385 434
-112.96 145.385 434
-113.7 145.385 434
-114.44 145.385 434
-115.445 145.72 435
-116.187 145.72 435
-117.735 146.725 438
-118.481 146.725 438
-119.228 146.725 438
-119.975 146.725 438
-120.721 146.725 438
-121.745 147.06 439
-122.773 147.395 440
-123.523 147.395 440
-124.273 147.395 440
-125.023 147.395 440
-125.773 147.395 440
-818.646 732.284 2186
-829.144 738.314 2204
-832.901 738.314 2204
-836.658 738.314 2204
-835.84 734.294 2192
-839.577 734.294 2192
-842.159 733.289 2189
-844.732 732.284 2186
-848.458 732.284 2186
-852.185 732.284 2186
-855.128 731.614 2184
-855.312 728.6 2175
-857.835 727.595 2172
-865.108 730.609 2181
-868.826 730.609 2181
-873.744 731.614 2184
-878.271 732.284 2186
-881.997 732.284 2186
-885.724 732.284 2186
-887.416 730.609 2181
-891.134 730.609 2181
-894.852 730.609 2181
-896.098 728.6 2175
-896.496 725.92 2167
-898.944 724.915 2164
-902.633 724.915 2164
-905.066 723.91 2161
-908.75 723.91 2161
-911.167 722.905 2158
-914.846 722.905 2158
-918.525 722.905 2158
-920.922 721.9 2155
-924.596 721.9 2155
-928.269 721.9 2155
-931.943 721.9 2155
-934.748 721.23 2153
-937.111 720.225 2150
-940.776 720.225 2150
-943.124 719.22 2147
-945.461 718.215 2144
-946.902 716.54 2139
-950.549 716.54 2139
-951.519 714.53 2133
-955.155 714.53 2133
-958.791 714.53 2133
-962.427 714.53 2133
-966.064 714.53 2133
-968.791 713.86 2131
-971.055 712.855 2128
-974.682 712.855 2128
-978.31 712.855 2128
-981.938 712.855 2128
-985.565 712.855 2128
-989.193 712.855 2128
-992.821 712.855 2128
-995.044 711.85 2125
-997.256 710.845 2122
-1000.87 710.845 2122
-1004.49 710.845 2122
-1007.16 710.175 2120
-1010.77 710.175 2120
-1014.39 710.175 2120
-1014.16 707.495 2112
-1016.31 706.49 2109
-1018.46 705.485 2106
-1022.05 705.485 2106
-1024.67 704.815 2104
-1024.34 702.135 2096
-1023.99 699.456 2088
-1027.55 699.456 2088
-1020.74 692.421 2067
-1018.32 688.401 2055
-1016.35 684.716 2044
-1019.84 684.716 2044
-1018.31 681.366 2034
-1019.77 680.026 2030
-1020.71 678.351 2025
-1024.16 678.351 2025
-1027.62 678.351 2025
-1028.52 676.676 2020
-1029.41 675.001 2015
-1032.85 675.001 2015
-1033.71 673.326 2010
1284.86 1362.79 4089
1277.89 1362.79 4089
1270.92 1362.79 4089
1263.95 1362.79 4089
1247.75 1352.79 4059
1240.83 1352.79 4059
1233.92 1352.79 4059
1227 1352.79 4059
1220.08 1352.79 4059
1219.13 1359.46 4079
1215.15 1362.79 4089
1208.18 1362.79 4089
1201.21 1362.79 4089
1191.32 1359.46 4079
1184.37 1359.46 4079
950.265 1362.79 4089
943.294 1362.79 4089
936.324 1362.79 4089
929.353 1362.79 4089
922.382 1362.79 4089
915.411 1362.79 4089
908.441 1362.79 4089
901.47 1362.79 4089
894.499 1362.79 4089
885.358 1359.46 4079
878.404 1359.46 4079
871.451 1359.46 4079
864.497 1359.46 4079
859.646 1362.79 4089
852.675 1362.79 4089
845.704 1362.79 4089
838.734 1362.79 4089
831.763 1362.79 4089
824.792 1362.79 4089
813.821 1356.13 4069
804.902 1352.79 4059
797.982 1352.79 4059
791.062 1352.79 4059
784.143 1352.79 4059
777.223 1352.79 4059
768.406 1349.46 4049
761.504 1349.46 4049
752.737 1346.13 4039
745.852 1346.13 4039
737.32 1343.13 4030
730.45 1343.13 4030
721.784 1339.79 4020
713.153 1336.46 4010
704.731 1333.46 4001
697.911 1333.46 4001
691.09 1333.46 4001
684.269 1333.46 4001
675.755 1330.13 3991
668.952 1330.13 3991
662.148 1330.13 3991
655.344 1330.13 3991
650.166 1333.46 4001
644.792 1336.46 4010
637.956 1336.46 4010
631.12 1336.46 4010
624.284 1336.46 4010
617.448 1336.46 4010
610.612 1336.46 4010
603.776 1336.46 4010
598.428 1339.79 4020
591.575 1339.79 4020
584.722 1339.79 4020
576.432 1336.46 4010
566.897 1330.13 3991
560.093 1330.13 3991
552.042 1327.13 3982
545.254 1327.13 3982
535.896 1320.8 3963
529.14 1320.8 3963
521.066 1317.46 3953
513.156 1314.46 3944
500.526 1299.13 3898
493.881 1299.13 3898
487.236 1299.13 3898
478.371 1293.14 3880
470.663 1290.14 3871
464.064 1290.14 3871
456.401 1287.14 3862
446.672 1278.14 3835
438.184 1272.47 3818
431.675 1272.47 3818
423.162 1266.47 3800
412.955 1255.14 3766
404.7 1249.47 3749
398.309 1249.47 3749
390.141 1243.81 3732
381.208 1235.48 3707
374.079 1232.81 3699
367.773 1232.81 3699
359.904 1227.48 3683
352.089 1222.15 3667
345.838 1222.15 3667
339.587 1222.15 3667
-33.4866 137.312 412
-34.189 137.312 412
-34.8913 137.312 412
-35.5937 137.312 412
-36.296 137.312 412
-36.9086 136.979 411
-37.5177 136.646 410
-38.1235 136.312 409
-38.8207 136.312 409
-39.4213 135.979 408
-39.9202 135.313 406
-40.5123 134.979 405
-41.2027 134.979 405
-41.7897 134.646 404
-42.2681 133.979 402
-42.9534 133.979 402
-43.5302 133.646 401
-44.2138 133.646 401
-44.7854 133.313 400
-45.4673 133.313 400
-46.0339 132.98 399
-46.7141 132.98 399
-47.3943 132.98 399
-48.0744 132.98 399
-48.6325 132.646 398
-49.3109 132.646 398
-49.9894 132.646 398
-50.6679 132.646 398
-51.2174 132.313 397
-51.8942 132.313 397
-52.571 132.313 397
-53.2478 132.313 397
-53.9245 132.313 397
-54.6013 132.313 397
-55.2781 132.313 397
-55.9549 132.313 397
-56.489 131.98 396
-57.1641 131.98 396
-57.8392 131.98 396
-58.5143 131.98 396
-59.1894 131.98 396
-59.8644 131.98 396
-60.5395 131.98 396
-61.2146 131.98 396
-61.8897 131.98 396
-62.5648 131.98 396
-63.2398 131.98 396
-63.9149 131.98 396
-64.59 131.98 396
-65.2651 131.98 396
-65.9401 131.98 396
-66.6152 131.98 396
-67.2903 131.98 396
-67.9654 131.98 396
-68.6405 131.98 396
-69.3156 131.98 396
-70.1674 132.313 397
-70.8442 132.313 397
-71.521 132.313 397
-72.1977 132.313 397
-73.0581 132.646 398
-73.7366 132.646 398
-74.4151 132.646 398
-75.2822 132.98 399
-75.9624 132.98 399
-76.8347 133.313 400
-77.5166 133.313 400
-78.1985 133.313 400
-78.8804 133.313 400
-79.7612 133.646 401
-80.4448 133.646 401
-81.3307 133.979 402
-82.2201 134.313 403
-82.9071 134.313 403
-83.8015 134.646 404
-84.6994 134.979 405
-85.6006 135.313 406
-86.2928 135.313 406
-87.1991 135.646 407
-88.3249 136.312 409
-89.0221 136.312 409
-90.1581 136.979 411
-91.0798 137.312 412
-92.0049 137.646 413
-92.709 137.646 413
-93.8654 138.312 415
-95.2565 139.312 418
-95.9691 139.312 418
-96.6817 139.312 418
-97.6273 139.645 419
-99.5151 141.312 424
-100.238 141.312 424
-101.437 141.978 426
-102.163 141.978 426
-102.889 141.978 426
-103.616 141.978 426
-104.832 142.645 428
-105.561 142.645 428
-106.291 142.645 428
-107.271 142.978 429
-108.506 143.645 431
-109.494 143.978 432
-110.23 143.978 432
-110.967 143.978 432
-112.22 144.644 434
-112.96 144.644 434
-113.7 144.644 434
-114.44 144.644 434
-115.445 144.978 435
-116.187 144.978 435
-117.735 145.978 438
-118.481 145.978 438
-119.228 145.978 438
-119.975 145.978 438
-120.721 145.978 438
-121.745 146.311 439
-122.773 146.644 440
-123.523 146.644 440
-124.273 146.644 440
-125.023 146.644 440
-125.773 146.644 440
-805.945 730.555 2192
-809.682 730.555 2192
-813.419 730.555 2192
-809.7 723.889 2172
-818.646 728.555 2186
-824.629 730.555 2192
-828.366 730.555 2192
-832.103 730.555 2192
-834.696 729.555 2189
-838.427 729.555 2189
-840.236 727.888 2184
-842.799 726.888 2181
-846.518 726.888 2181
-850.236 726.888 2181
-850.43 723.889 2172
-854.132 723.889 2172
-855.86 722.223 2167
-861.538 723.889 2172
-865.241 723.889 2172
-871.344 725.889 2178
-875.057 725.889 2178
-878.77 725.889 2178
-882.482 725.889 2178
-884.975 724.889 2175
-888.683 724.889 2175
-892.39 724.889 2175
-893.626 722.889 2169
-894.014 720.223 2161
-896.452 719.223 2158
-900.131 719.223 2158
-903.81 719.223 2158
-906.227 718.223 2155
-909.901 718.223 2155
-913.574 718.223 2155
-917.248 718.223 2155
-920.067 717.557 2153
-922.45 716.557 2150
-926.116 716.557 2150
-929.781 716.557 2150
-933.446 716.557 2150
-935.804 715.557 2147
-939.464 715.557 2147
-941.806 714.557 2144
-944.579 713.891 2142
-946.902 712.891 2139
-950.549 712.891 2139
-951.519 710.891 2133
-955.155 710.891 2133
-958.791 710.891 2133
-962.427 710.891 2133
-966.064 710.891 2133
-968.791 710.224 2131
-971.055 709.224 2128
-974.682 709.224 2128
-978.31 709.224 2128
-981.938 709.224 2128
-985.565 709.224 2128
-989.193 709.224 2128
-992.821 709.224 2128
-995.044 708.225 2125
-997.256 707.225 2122
-1000.87 707.225 2122
-1004.49 707.225 2122
-1007.16 706.558 2120
-1010.77 706.558 2120
-1014.39 706.558 2120
-1014.16 703.892 2112
-1016.31 702.892 2109
-1018.46 701.892 2106
-1022.05 701.892 2106
-1023.2 700.226 2101
-1024.34 698.56 2096
-1022.52 694.893 2085
-1026.08 694.893 2085
-1020.74 688.894 2067
-1016.83 683.895 2052
-1013.87 679.562 2039
-1017.34 679.562 2039
-1017.31 677.229 2032
-1017.26 674.896 2025
-1018.19 673.23 2020
-1021.64 673.23 2020
-1025.08 673.23 2020
-1027 672.23 2017
-1029.41 671.564 2015
-1032.85 671.564 2015
-1032.68 669.231 2008
1277.89 1355.81 4089
1270.92 1355.81 4089
1263.95 1355.81 4089
1253.9 1352.5 4079
1246.95 1352.5 4079
1239.99 1352.5 4079
1233.04 1352.5 4079
1226.09 1352.5 4079
1222.12 1355.81 4089
1215.15 1355.81 4089
1208.18 1355.81 4089
1201.21 1355.81 4089
915.411 1355.81 4089
908.441 1355.81 4089
901.47 1355.81 4089
894.499 1355.81 4089
859.646 1355.81 4089
852.675 1355.81 4089
845.704 1355.81 4089
838.734 1355.81 4089
831.763 1355.81 4089
824.792 1355.81 4089
813.821 1349.18 4069
810.851 1355.81 4089
803.88 1355.81 4089
796.909 1355.81 4089
786.075 1349.18 4069
779.138 1349.18 4069
770.304 1345.87 4059
763.384 1345.87 4059
756.465 1345.87 4059
745.852 1339.24 4039
737.32 1336.25 4030
730.45 1336.25 4030
721.784 1332.94 4020
713.153 1329.62 4010
706.316 1329.62 4010
699.48 1329.62 4010
691.09 1326.64 4001
684.269 1326.64 4001
677.448 1326.64 4001
670.628 1326.64 4001
663.807 1326.64 4001
656.986 1326.64 4001
650.166 1326.64 4001
644.792 1329.62 4010
637.956 1329.62 4010
632.694 1332.94 4020
625.841 1332.94 4020
618.988 1332.94 4020
612.135 1332.94 4020
605.282 1332.94 4020
599.917 1336.25 4030
593.047 1336.25 4030
586.177 1336.25 4030
576.432 1329.62 4010
569.596 1329.62 4010
562.76 1329.62 4010
553.29 1323.32 3991
545.254 1320.34 3982
538.465 1320.34 3982
531.677 1320.34 3982
522.384 1314.04 3963
515.628 1314.04 3963
505.277 1304.75 3935
498.569 1304.75 3935
490.611 1301.44 3925
482.81 1298.45 3916
476.134 1298.45 3916
469.458 1298.45 3916
457.464 1283.53 3871
450.865 1283.53 3871
441.168 1274.58 3844
434.615 1274.58 3844
425.166 1265.96 3818
416.684 1259.99 3800
406.535 1248.72 3766
400.115 1248.72 3766
391.918 1243.08 3749
383.779 1237.44 3732
374.079 1226.5 3699
367.773 1226.5 3699
361.468 1226.5 3699
355.162 1226.5 3699
348.856 1226.5 3699
342.55 1226.5 3699
334.79 1221.19 3683
-33.4866 136.609 412
-34.189 136.609 412
-34.8913 136.609 412
-35.5073 136.278 411
-36.2079 136.278 411
-36.8188 135.946 410
-37.4262 135.615 409
-38.0302 135.283 408
-38.7258 135.283 408
-39.3247 134.951 407
-39.9202 134.62 406
-40.5123 134.288 405
-41.2027 134.288 405
-41.7897 133.957 404
-42.2681 133.294 402
-42.9534 133.294 402
-43.5302 132.962 401
-44.2138 132.962 401
-44.7854 132.63 400
-45.4673 132.63 400
-46.0339 132.299 399
-46.7141 132.299 399
-47.3943 132.299 399
-48.0744 132.299 399
-48.6325 131.967 398
-49.3109 131.967 398
-49.9894 131.967 398
-50.6679 131.967 398
-51.2174 131.636 397
-51.8942 131.636 397
-52.571 131.636 397
-53.2478 131.636 397
-53.9245 131.636 397
-54.6013 131.636 397
-55.2781 131.636 397
-55.9549 131.636 397
-56.489 131.304 396
-57.3085 131.636 397
-57.9852 131.636 397
-58.662 131.636 397
-59.3388 131.636 397
-60.0156 131.636 397
-60.6924 131.636 397
-61.3692 131.636 397
-62.046 131.636 397
-62.7227 131.636 397
-63.3995 131.636 397
-63.9149 131.304 396
-64.59 131.304 396
-65.2651 131.304 396
-65.9401 131.304 396
-66.6152 131.304 396
-67.2903 131.304 396
-67.9654 131.304 396
-68.6405 131.304 396
-69.4906 131.636 397
-70.1674 131.636 397
-70.8442 131.636 397
-71.521 131.636 397
-72.1977 131.636 397
-73.0581 131.967 398
-73.9218 132.299 399
-74.602 132.299 399
-75.2822 132.299 399
-75.9624 132.299 399
-76.8347 132.63 400
-77.5166 132.63 400
-78.1985 132.63 400
-78.8804 132.63 400
-79.7612 132.962 401
-80.4448 132.962 401
-81.3307 133.294 402
-82.2201 133.625 403
-82.9071 133.625 403
-84.0089 134.288 405
-84.6994 134.288 405
-85.6006 134.62 406
-86.2928 134.62 406
-87.1991 134.951 407
-88.5408 135.946 410
-89.2398 135.946 410
-90.1581 136.278 411
-91.0798 136.609 412
-92.2277 137.273 414
-92.9335 137.273 414
-93.8654 137.604 415
-95.2565 138.599 418
-95.9691 138.599 418
-96.913 138.93 419
-97.8603 139.262 420
-99.5151 140.588 424
-100.711 141.251 426
-101.437 141.251 426
-102.163 141.251 426
-102.889 141.251 426
-103.859 141.583 427
-104.832 141.915 428
-105.808 142.246 429
-106.539 142.246 429
-107.521 142.578 430
-108.506 142.909 431
-109.494 143.241 432
-110.23 143.241 432
-110.967 143.241 432
-112.22 143.904 434
-112.96 143.904 434
-113.7 143.904 434
-114.44 143.904 434
-115.445 144.236 435
-116.187 144.236 435
-117.735 145.23 438
-118.481 145.23 438
-119.228 145.23 438
-119.975 145.23 438
-120.721 145.23 438
-121.468 145.23 438
-122.215 145.23 438
-802.208 726.815 2192
-805.945 726.815 2192
-809.682 726.815 2192
-813.419 726.815 2192
-809.7 720.183 2172
-817.897 724.162 2184
-821.62 724.162 2184
-825.343 724.162 2184
-825.65 721.178 2175
-829.357 721.178 2175
-833.065 721.178 2175
-835.619 720.183 2172
-839.322 720.183 2172
-843.024 720.183 2172
-846.727 720.183 2172
-849.255 719.189 2169
-850.987 717.531 2164
-854.676 717.531 2164
-859.555 718.525 2167
-863.249 718.525 2167
-868.943 720.183 2172
-873.851 721.178 2175
-877.559 721.178 2175
-881.267 721.178 2175
-883.754 720.183 2172
-886.231 719.189 2169
-889.929 719.189 2169
-892.802 718.525 2167
-892.773 715.541 2158
-895.206 714.547 2155
-898.88 714.547 2155
-902.553 714.547 2155
-906.227 714.547 2155
-909.901 714.547 2155
-913.574 714.547 2155
-916.397 713.883 2153
-917.503 711.894 2147
-921.163 711.894 2147
-924.823 711.894 2147
-928.483 711.894 2147
-932.143 711.894 2147
-934.496 710.899 2144
-938.151 710.899 2144
-940.927 710.236 2142
-944.579 710.236 2142
-945.574 708.247 2136
-949.216 708.247 2136
-951.519 707.252 2133
-954.26 706.589 2131
-957.892 706.589 2131
-961.525 706.589 2131
-965.158 706.589 2131
-967.427 705.594 2128
-971.055 705.594 2128
-974.682 705.594 2128
-978.31 705.594 2128
-981.938 705.594 2128
-985.565 705.594 2128
-989.193 705.594 2128
-991.421 704.599 2125
-995.044 704.599 2125
-996.317 702.941 2120
-999.931 702.941 2120
-1003.54 702.941 2120
-1007.16 702.941 2120
-1010.77 702.941 2120
-1014.39 702.941 2120
-1014.16 700.289 2112
-1016.31 699.294 2109
-1018.46 698.299 2106
-1022.05 698.299 2106
-1023.2 696.641 2101
-1024.34 694.984 2096
-1022.52 691.336 2085
-1026.08 691.336 2085
-1020.74 685.368 2067
-1016.83 680.394 2052
-1013.87 676.084 2039
-1017.34 676.084 2039
-1017.31 673.763 2032
-1017.26 671.442 2025
-1018.19 669.784 2020
-1021.64 669.784 2020
-1025.08 669.784 2020
-1027 668.789 2017
-1029.41 668.126 2015
-1032.85 668.126 2015
-1032.68 665.805 2008
1277.89 1348.84 4089
1270.92 1348.84 4089
1263.95 1348.84 4089
1253.9 1345.54 4079
1246.95 1345.54 4079
1239.99 1345.54 4079
1233.04 1345.54 4079
1226.09 1345.54 4079
1222.12 1348.84 4089
1215.15 1348.84 4089
1208.18 1348.84 4089
1201.21 1348.84 4089
838.734 1348.84 4089
831.763 1348.84 4089
824.792 1348.84 4089
817.821 1348.84 4089
810.851 1348.84 4089
803.88 1348.84 4089
796.909 1348.84 4089
786.075 1342.24 4069
779.138 1342.24 4069
770.304 1338.94 4059
763.384 1338.94 4059
756.465 1338.94 4059
745.852 1332.34 4039
737.32 1329.38 4030
730.45 1329.38 4030
721.784 1326.08 4020
713.153 1322.78 4010
706.316 1322.78 4010
699.48 1322.78 4010
691.09 1319.81 4001
684.269 1319.81 4001
677.448 1319.81 4001
670.628 1319.81 4001
663.807 1319.81 4001
656.986 1319.81 4001
650.166 1319.81 4001
644.792 1322.78 4010
637.956 1322.78 4010
632.694 1326.08 4020
625.841 1326.08 4020
620.527 1329.38 4030
613.657 1329.38 4030
608.142 1332.34 4039
601.257 1332.34 4039
594.371 1332.34 4039
587.486 1332.34 4039
579.307 1329.38 4030
572.437 1329.38 4030
565.566 1329.38 4030
555.924 1322.78 4010
549.088 1322.78 4010
539.682 1316.51 3991
532.879 1316.51 3991
526.075 1316.51 3991
518.1 1313.54 3982
508.872 1307.27 3963
502.116 1307.27 3963
492.986 1301.01 3944
485.152 1298.04 3935
478.444 1298.04 3935
471.736 1298.04 3935
462.783 1291.77 3916
452.962 1282.86 3889
443.233 1273.96 3862
436.65 1273.96 3862
427.059 1265.05 3835
418.657 1259.44 3818
408.371 1247.9 3783
401.921 1247.9 3783
391.918 1236.68 3749
383.779 1231.07 3732
374.079 1220.19 3699
367.773 1220.19 3699
361.468 1220.19 3699
355.162 1220.19 3699
351.214 1228.44 3724
346.347 1233.71 3740
339.971 1233.71 3740
333.595 1233.71 3740
327.22 1233.71 3740
320.844 1233.71 3740
-33.324 135.247 410
-34.023 135.247 410
-34.7219 135.247 410
-35.4209 135.247 410
-36.1198 135.247 410
-36.729 134.917 409
-37.3347 134.587 408
-37.937 134.257 407
-38.6309 134.257 407
-39.3247 134.257 407
-39.9202 133.927 406
-40.5123 133.597 405
-41.2027 133.597 405
-41.7897 133.267 404
-42.3733 132.938 403
-42.9534 132.608 402
-43.6388 132.608 402
-44.3241 132.608 402
-44.8974 132.278 401
-45.4673 131.948 400
-46.1492 131.948 400
-46.8311 131.948 400
-47.3943 131.618 399
-48.0744 131.618 399
-48.7546 131.618 399
-49.4348 131.618 399
-49.9894 131.288 398
-50.6679 131.288 398
-51.3464 131.288 398
-52.0249 131.288 398
-52.571 130.958 397
-53.2478 130.958 397
-53.9245 130.958 397
-54.6013 130.958 397
-55.2781 130.958 397
-55.9549 130.958 397
-56.6317 130.958 397
-57.3085 130.958 397
-57.9852 130.958 397
-58.662 130.958 397
-59.3388 130.958 397
-60.0156 130.958 397
-60.6924 130.958 397
-61.3692 130.958 397
-62.046 130.958 397
-62.7227 130.958 397
-63.3995 130.958 397
-63.9149 130.629 396
-64.59 130.629 396
-65.2651 130.629 396
-65.9401 130.629 396
-66.6152 130.629 396
-67.2903 130.629 396
-67.9654 130.629 396
-68.6405 130.629 396
-69.4906 130.958 397
-70.1674 130.958 397
-70.8442 130.958 397
-71.521 130.958 397
-72.1977 130.958 397
-73.0581 131.288 398
-73.9218 131.618 399
-74.602 131.618 399
-75.2822 131.618 399
-76.1528 131.948 400
-76.8347 131.948 400
-77.5166 131.948 400
-78.1985 131.948 400
-79.0776 132.278 401
-79.7612 132.278 401
-80.4448 132.278 401
-81.533 132.938 403
-82.4241 133.267 404
-83.1128 133.267 404
-84.0089 133.597 405
-84.9085 133.927 406
-85.8115 134.257 407
-86.5053 134.257 407
-87.4134 134.587 408
-88.5408 135.247 410
-89.2398 135.247 410
-90.3774 135.906 412
-91.3009 136.236 413
-92.4505 136.896 415
-93.1579 136.896 415
-94.3178 137.556 417
-95.4844 138.216 419
-96.1987 138.216 419
-97.1443 138.545 420
-99.0253 140.195 425
-99.7498 140.195 425
-100.711 140.525 426
-101.675 140.854 427
-102.403 140.854 427
-103.131 140.854 427
-103.859 140.854 427
-104.832 141.184 428
-105.808 141.514 429
-106.539 141.514 429
-107.521 141.844 430
-108.757 142.504 432
-109.494 142.504 432
-110.23 142.504 432
-110.967 142.504 432
-111.962 142.834 433
-112.7 142.834 433
-113.7 143.164 434
-114.44 143.164 434
-115.445 143.493 435
-116.187 143.493 435
-117.735 144.483 438
-118.752 144.813 439
-119.5 144.813 439
-120.249 144.813 439
-120.721 144.483 438
-802.208 723.075 2192
-805.945 723.075 2192
-809.682 723.075 2192
-813.419 723.075 2192
-814.173 720.436 2184
-817.897 720.436 2184
-821.62 720.436 2184
-825.343 720.436 2184
-825.65 717.467 2175
-829.357 717.467 2175
-833.065 717.467 2175
-835.619 716.478 2172
-839.322 716.478 2172
-843.024 716.478 2172
-846.727 716.478 2172
-849.255 715.488 2169
-850.987 713.839 2164
-854.676 713.839 2164
-859.555 714.828 2167
-863.249 714.828 2167
-866.943 714.828 2167
-871.441 715.488 2169
-875.138 715.488 2169
-878.836 715.488 2169
-881.72 714.828 2167
-885.414 714.828 2167
-889.108 714.828 2167
-892.802 714.828 2167
-894.014 712.849 2161
-895.206 710.87 2155
-898.88 710.87 2155
-902.553 710.87 2155
-906.227 710.87 2155
-909.056 710.21 2153
-912.727 710.21 2153
-915.12 709.221 2150
-917.503 708.231 2147
-921.163 708.231 2147
-924.823 708.231 2147
-928.483 708.231 2147
-932.143 708.231 2147
-933.624 706.582 2142
-937.276 706.582 2142
-940.927 706.582 2142
-943.256 705.592 2139
-945.574 704.602 2136
-949.216 704.602 2136
-950.627 702.953 2131
-954.26 702.953 2131
-957.892 702.953 2131
-961.525 702.953 2131
-963.799 701.963 2128
-967.427 701.963 2128
-971.055 701.963 2128
-974.682 701.963 2128
-978.31 701.963 2128
-981.938 701.963 2128
-985.565 701.963 2128
-989.193 701.963 2128
-991.421 700.974 2125
-995.044 700.974 2125
-996.317 699.324 2120
-999.931 699.324 2120
-1003.54 699.324 2120
-1005.73 698.335 2117
-1009.34 698.335 2117
-1012.95 698.335 2117
-1012.72 695.696 2109
-1014.87 694.706 2106
-1016.04 693.057 2101
-1019.62 693.057 2101
-1021.74 692.067 2098
-1022.88 690.418 2093
-1022.52 687.779 2085
-1026.08 687.779 2085
-1020.74 681.841 2067
-1016.83 676.893 2052
-1013.87 672.605 2039
-1017.34 672.605 2039
-1017.31 670.296 2032
-1015.75 666.997 2022
-1018.19 666.337 2020
-1021.64 666.337 2020
-1023.56 665.348 2017
-1027 665.348 2017
-1027.88 663.698 2012
-1031.31 663.698 2012
-1032.68 662.379 2008
1253.9 1338.58 4079
1246.95 1338.58 4079
1239.99 1338.58 4079
1233.04 1338.58 4079
1226.09 1338.58 4079
1222.12 1341.86 4089
1215.15 1341.86 4089
1208.18 1341.86 4089
831.763 1341.86 4089
824.792 1341.86 4089
817.821 1341.86 4089
810.851 1341.86 4089
803.88 1341.86 4089
796.909 1341.86 4089
786.075 1335.3 4069
782.968 1341.86 4089
775.997 1341.86 4089
769.026 1341.86 4089
758.328 1335.3 4069
749.545 1332.02 4059
738.966 1325.45 4039
732.081 1325.45 4039
723.579 1322.5 4030
714.931 1319.22 4020
706.316 1315.94 4010
699.48 1315.94 4010
692.644 1315.94 4010
685.808 1315.94 4010
678.972 1315.94 4010
672.136 1315.94 4010
663.807 1312.98 4001
656.986 1312.98 4001
653.253 1319.22 4020
648.008 1322.5 4030
641.138 1322.5 4030
634.268 1322.5 4030
627.398 1322.5 4030
620.527 1322.5 4030
613.657 1322.5 4030
608.142 1325.45 4039
601.257 1325.45 4039
594.371 1325.45 4039
587.486 1325.45 4039
579.307 1322.5 4030
572.437 1322.5 4030
565.566 1322.5 4030
555.924 1315.94 4010
549.088 1315.94 4010
539.682 1309.7 3991
532.879 1309.7 3991
526.075 1309.7 3991
518.1 1306.75 3982
508.872 1300.51 3963
502.116 1300.51 3963
492.986 1294.28 3944
485.152 1291.32 3935
478.444 1291.32 3935
471.736 1291.32 3935
462.783 1285.09 3916
452.962 1276.23 3889
443.233 1267.37 3862
436.65 1267.37 3862
427.059 1258.51 3835
418.657 1252.93 3818
408.371 1241.44 3783
401.921 1241.44 3783
391.918 1230.29 3749
383.779 1224.71 3732
374.079 1213.88 3699
367.773 1213.88 3699
361.468 1213.88 3699
357.562 1222.08 3724
351.214 1222.08 3724
346.347 1227.33 3740
339.971 1227.33 3740
333.595 1227.33 3740
327.22 1227.33 3740
320.844 1227.33 3740
-33.324 134.547 410
-34.023 134.547 410
-34.7219 134.547 410
-35.4209 134.547 410
-36.1198 134.547 410
-36.729 134.219 409
-37.3347 133.891 408
-37.937 133.563 407
-38.6309 133.563 407
-39.3247 133.563 407
-39.9202 133.235 406
-40.5123 132.906 405
-41.2027 132.906 405
-41.7897 132.578 404
-42.3733 132.25 403
-43.0603 132.25 403
-43.6388 131.922 402
-44.3241 131.922 402
-44.8974 131.594 401
-45.581 131.594 401
-46.1492 131.266 400
-46.8311 131.266 400
-47.3943 130.937 399
-48.0744 130.937 399
-48.7546 130.937 399
-49.4348 130.937 399
-50.115 130.937 399
-50.6679 130.609 398
-51.3464 130.609 398
-52.0249 130.609 398
-52.7034 130.609 398
-53.3819 130.609 398
-53.9245 130.281 397
-54.6013 130.281 397
-55.2781 130.281 397
-55.9549 130.281 397
-56.6317 130.281 397
-57.3085 130.281 397
-57.9852 130.281 397
-58.662 130.281 397
-59.3388 130.281 397
-60.0156 130.281 397
-60.6924 130.281 397
-61.3692 130.281 397
-62.046 130.281 397
-62.7227 130.281 397
-63.3995 130.281 397
-64.0763 130.281 397
-64.7531 130.281 397
-65.4299 130.281 397
-66.1067 130.281 397
-66.7835 130.281 397
-67.4602 130.281 397
-68.137 130.281 397
-68.8138 130.281 397
-69.4906 130.281 397
-70.1674 130.281 397
-70.8442 130.281 397
-71.521 130.281 397
-72.3796 130.609 398
-73.2416 130.937 399
-73.9218 130.937 399
-74.602 130.937 399
-75.2822 130.937 399
-76.1528 131.266 400
-76.8347 131.266 400
-77.5166 131.266 400
-78.1985 131.266 400
-79.0776 131.594 401
-79.7612 131.594 401
-80.4448 131.594 401
-81.533 132.25 403
-82.4241 132.578 404
-83.1128 132.578 404
-84.0089 132.906 405
-84.9085 133.235 406
-85.8115 133.563 407
-86.5053 133.563 407
-87.4134 133.891 408
-88.5408 134.547 410
-89.2398 134.547 410
-90.3774 135.204 412
-91.3009 135.532 413
-92.4505 136.188 415
-93.1579 136.188 415
-94.3178 136.844 417
-95.4844 137.501 419
-96.1987 137.501 419
-97.8382 138.813 423
-99.2583 139.798 426
-99.9845 139.798 426
-100.947 140.126 427
-101.675 140.126 427
-102.403 140.126 427
-103.131 140.126 427
-104.102 140.454 428
-105.077 140.782 429
-106.055 141.11 430
-106.788 141.11 430
-107.771 141.439 431
-108.757 141.767 432
-109.494 141.767 432
-110.23 141.767 432
-111.223 142.095 433
-111.962 142.095 433
-112.7 142.095 433
-113.7 142.423 434
-114.703 142.751 435
-115.71 143.079 436
-116.454 143.079 436
-118.003 144.064 439
-118.752 144.064 439
-119.5 144.064 439
-120.249 144.064 439
-802.208 719.335 2192
-805.945 719.335 2192
-809.682 719.335 2192
-810.45 716.71 2184
-814.173 716.71 2184
-814.526 713.756 2175
-818.234 713.756 2175
-821.942 713.756 2175
-825.65 713.756 2175
-828.213 712.772 2172
-831.916 712.772 2172
-835.619 712.772 2172
-838.162 711.788 2169
-841.86 711.788 2169
-845.557 711.788 2169
-847.297 710.147 2164
-849.807 709.162 2161
-851.121 707.193 2155
-858.365 710.147 2164
-862.054 710.147 2164
-868.943 712.772 2172
-873.851 713.756 2175
-877.559 713.756 2175
-881.267 713.756 2175
-882.534 711.788 2169
-886.231 711.788 2169
-889.929 711.788 2169
-892.802 711.131 2167
-894.014 709.162 2161
-896.452 708.178 2158
-900.131 708.178 2158
-902.553 707.193 2155
-906.227 707.193 2155
-909.056 706.537 2153
-912.727 706.537 2153
-915.12 705.552 2150
-917.503 704.568 2147
-921.163 704.568 2147
-924.823 704.568 2147
-928.483 704.568 2147
-932.143 704.568 2147
-933.624 702.927 2142
-937.276 702.927 2142
-940.927 702.927 2142
-943.256 701.943 2139
-945.574 700.958 2136
-949.216 700.958 2136
-950.627 699.317 2131
-954.26 699.317 2131
-956.544 698.333 2128
-960.171 698.333 2128
-963.799 698.333 2128
-967.427 698.333 2128
-969.686 697.348 2125
-974.682 698.333 2128
-978.31 698.333 2128
-981.938 698.333 2128
-985.565 698.333 2128
-989.193 698.333 2128
-991.421 697.348 2125
-993.639 696.364 2122
-996.317 695.707 2120
-999.931 695.707 2120
-1003.54 695.707 2120
-1005.73 694.723 2117
-1009.34 694.723 2117
-1012.95 694.723 2117
-1012.72 692.098 2109
-1012.46 689.472 2101
-1016.04 689.472 2101
-1019.62 689.472 2101
-1021.74 688.488 2098
-1021.9 686.191 2091
-1021.54 683.565 2083
-1025.09 683.565 2083
-1018.27 676.674 2062
-1016.83 673.392 2052
-1013.87 669.126 2039
-1017.34 669.126 2039
-1017.31 666.829 2032
-1014.75 662.891 2020
-1018.19 662.891 2020
-1021.64 662.891 2020
-1023.56 661.907 2017
-1025.98 661.25 2015
-1027.88 660.266 2012
-1031.31 660.266 2012
-1032.68 658.953 2008
831.763 1334.89 4089
824.792 1334.89 4089
817.821 1334.89 4089
810.851 1334.89 4089
782.968 1334.89 4089
775.997 1334.89 4089
769.026 1334.89 4089
762.056 1334.89 4089
751.392 1328.36 4069
742.626 1325.09 4059
735.706 1325.09 4059
725.195 1318.56 4039
716.709 1315.62 4030
709.839 1315.62 4030
702.969 1315.62 4030
696.099 1315.62 4030
689.229 1315.62 4030
682.359 1315.62 4030
675.489 1315.62 4030
668.618 1315.62 4030
661.748 1315.62 4030
654.878 1315.62 4030
649.455 1318.56 4039
642.57 1318.56 4039
635.684 1318.56 4039
628.799 1318.56 4039
621.913 1318.56 4039
615.028 1318.56 4039
608.142 1318.56 4039
604.234 1325.09 4059
597.315 1325.09 4059
590.395 1325.09 4059
580.6 1318.56 4039
572.437 1315.62 4030
565.566 1315.62 4030
558.696 1315.62 4030
550.457 1312.36 4020
542.252 1309.1 4010
535.416 1309.1 4010
526.075 1302.89 3991
518.1 1299.95 3982
508.872 1293.75 3963
502.116 1293.75 3963
492.986 1287.55 3944
485.152 1284.61 3935
478.444 1284.61 3935
471.736 1284.61 3935
462.783 1278.41 3916
455.058 1275.47 3907
446.332 1269.59 3889
439.702 1269.59 3889
428.061 1254.9 3844
418.657 1246.42 3818
408.371 1234.99 3783
401.921 1234.99 3783
391.918 1223.89 3749
383.779 1218.34 3732
373.27 1204.96 3691
366.978 1204.96 3691
360.686 1204.96 3691
357.562 1215.73 3724
351.214 1215.73 3724
346.347 1220.95 3740
339.971 1220.95 3740
333.595 1220.95 3740
327.22 1220.95 3740
320.844 1220.95 3740
-34.5526 133.195 408
-35.2481 133.195 408
-35.9436 133.195 408
-36.6392 133.195 408
-37.2432 132.868 407
-37.937 132.868 407
-38.6309 132.868 407
-39.2281 132.542 406
-39.8219 132.215 405
-40.5123 132.215 405
-41.2027 132.215 405
-41.7897 131.889 404
-42.3733 131.562 403
-43.0603 131.562 403
-43.7473 131.562 403
-44.3241 131.236 402
-44.8974 130.91 401
-45.581 130.91 401
-46.1492 130.583 400
-46.8311 130.583 400
-47.513 130.583 400
-48.0744 130.257 399
-48.7546 130.257 399
-49.4348 130.257 399
-50.115 130.257 399
-50.6679 129.93 398
-51.3464 129.93 398
-52.0249 129.93 398
-52.7034 129.93 398
-53.3819 129.93 398
-54.0604 129.93 398
-54.7389 129.93 398
-55.4173 129.93 398
-56.0958 129.93 398
-56.7743 129.93 398
-57.4528 129.93 398
-57.9852 129.604 397
-58.662 129.604 397
-59.3388 129.604 397
-60.0156 129.604 397
-60.6924 129.604 397
-61.3692 129.604 397
-62.046 129.604 397
-62.7227 129.604 397
-63.3995 129.604 397
-64.0763 129.604 397
-64.7531 129.604 397
-65.4299 129.604 397
-66.1067 129.604 397
-66.7835 129.604 397
-67.4602 129.604 397
-68.137 129.604 397
-68.8138 129.604 397
-69.4906 129.604 397
-70.1674 129.604 397
-70.8442 129.604 397
-71.521 129.604 397
-72.3796 129.93 398
-73.2416 130.257 399
-73.9218 130.257 399
-74.602 130.257 399
-75.2822 130.257 399
-76.1528 130.583 400
-76.8347 130.583 400
-77.5166 130.583 400
-78.1985 130.583 400
-79.0776 130.91 401
-79.7612 130.91 401
-80.6454 131.236 402
-81.7354 131.889 404
-82.6281 132.215 405
-83.3185 132.215 405
-84.0089 132.215 405
-84.9085 132.542 406
-85.8115 132.868 407
-86.5053 132.868 407
-87.6276 133.521 409
-88.7568 134.174 411
-89.4574 134.174 411
-90.3774 134.501 412
-91.743 135.48 415
-92.4505 135.48 415
-93.6069 136.133 417
-94.7701 136.786 419
-95.7123 137.112 420
-96.4283 137.112 420
-97.8382 138.092 423
-99.2583 139.071 426
-99.9845 139.071 426
-100.947 139.397 427
-101.675 139.397 427
-102.403 139.397 427
-103.131 139.397 427
-104.102 139.724 428
-105.077 140.05 429
-106.055 140.377 430
-106.788 140.377 430
-107.771 140.703 431
-108.757 141.03 432
-109.494 141.03 432
-110.23 141.03 432
-111.223 141.356 433
-111.962 141.356 433
-112.7 141.356 433
-113.7 141.683 434
-114.703 142.009 435
-115.71 142.336 436
-116.454 142.336 436
-118.003 143.315 439
-118.752 143.315 439
-119.5 143.315 439
-120.249 143.315 439
-804.842 714.616 2189
-811.898 717.554 2198
-815.645 717.554 2198
-819.392 717.554 2198
-823.139 717.554 2198
-826.887 717.554 2198
-830.634 717.554 2198
-834.381 717.554 2198
-833.552 713.637 2186
-837.278 713.637 2186
-837.927 711.025 2178
-841.64 711.025 2178
-843.024 709.066 2172
-846.727 709.066 2172
-849.255 708.087 2169
-849.807 705.475 2161
-853.491 705.475 2161
-858.365 706.455 2164
-862.054 706.455 2164
-868.943 709.066 2172
-873.851 710.046 2175
-877.559 710.046 2175
-881.267 710.046 2175
-882.534 708.087 2169
-886.231 708.087 2169
-889.929 708.087 2169
-892.802 707.434 2167
-894.014 705.475 2161
-896.452 704.496 2158
-900.131 704.496 2158
-902.553 703.517 2155
-906.227 703.517 2155
-909.056 702.864 2153
-912.727 702.864 2153
-915.12 701.884 2150
-916.221 699.925 2144
-919.876 699.925 2144
-923.531 699.925 2144
-927.186 699.925 2144
-930.841 699.925 2144
-933.624 699.273 2142
-937.276 699.273 2142
-939.61 698.293 2139
-943.256 698.293 2139
-945.574 697.314 2136
-949.216 697.314 2136
-950.627 695.682 2131
-954.26 695.682 2131
-956.544 694.702 2128
-960.171 694.702 2128
-963.799 694.702 2128
-967.427 694.702 2128
-969.686 693.723 2125
-974.682 694.702 2128
-978.31 694.702 2128
-981.938 694.702 2128
-985.565 694.702 2128
-989.193 694.702 2128
-991.421 693.723 2125
-993.639 692.743 2122
-996.317 692.091 2120
-999.931 692.091 2120
-1003.54 692.091 2120
-1005.73 691.111 2117
-1009.34 691.111 2117
-1012.95 691.111 2117
-1012.72 688.499 2109
-1012.46 685.888 2101
-1016.04 685.888 2101
-1019.62 685.888 2101
-1020.77 684.256 2096
-1021.9 682.623 2091
-1021.54 680.012 2083
-1025.09 680.012 2083
-1018.27 673.156 2062
-1015.34 668.912 2049
-1011.38 664.015 2034
-1014.85 664.015 2034
-1014.81 661.73 2027
-1014.75 659.445 2020
-1015.67 657.812 2015
-1019.11 657.812 2015
-1022.54 657.812 2015
-1024.45 656.833 2012
-1025.84 655.527 2008
-1029.26 655.527 2008
-1027.54 652.263 1998
782.968 1327.91 4089
775.997 1327.91 4089
769.026 1327.91 4089
762.056 1327.91 4089
753.238 1324.66 4079
744.455 1321.41 4069
737.518 1321.41 4069
728.786 1318.17 4059
720.088 1314.92 4049
713.186 1314.92 4049
706.283 1314.92 4049
699.381 1314.92 4049
690.768 1311.67 4039
683.883 1311.67 4039
676.997 1311.67 4039
670.112 1311.67 4039
663.226 1311.67 4039
656.341 1311.67 4039
652.671 1318.17 4059
645.752 1318.17 4059
638.832 1318.17 4059
631.912 1318.17 4059
624.993 1318.17 4059
618.073 1318.17 4059
612.659 1321.41 4069
607.211 1324.66 4079
600.258 1324.66 4079
593.304 1324.66 4079
586.35 1324.66 4079
576.556 1318.17 4059
569.636 1318.17 4059
559.944 1311.67 4039
553.059 1311.67 4039
543.604 1305.5 4020
536.751 1305.5 4020
526.075 1296.08 3991
518.1 1293.16 3982
507.588 1283.74 3953
500.849 1283.74 3953
494.11 1283.74 3953
486.262 1280.82 3944
479.538 1280.82 3944
472.815 1280.82 3944
465.028 1277.9 3935
455.058 1268.8 3907
446.332 1262.96 3889
439.702 1262.96 3889
428.061 1248.35 3844
418.657 1239.9 3818
408.371 1228.54 3783
401.921 1228.54 3783
366.978 1198.66 3691
360.686 1198.66 3691
357.562 1209.38 3724
351.214 1209.38 3724
346.347 1214.57 3740
339.971 1214.57 3740
333.595 1214.57 3740
327.22 1214.57 3740
320.844 1214.57 3740
-34.5526 132.499 408
-35.2481 132.499 408
-35.9436 132.499 408
-36.5494 132.174 407
-37.2432 132.174 407
-37.937 132.174 407
-38.6309 132.174 407
-39.2281 131.849 406
-39.8219 131.524 405
-40.5123 131.524 405
-41.2027 131.524 405
-41.7897 131.2 404
-42.3733 130.875 403
-43.0603 130.875 403
-43.7473 130.875 403
-44.3241 130.55 402
-44.8974 130.225 401
-45.581 130.225 401
-46.1492 129.901 400
-46.8311 129.901 400
-47.513 129.901 400
-48.0744 129.576 399
-48.7546 129.576 399
-49.4348 129.576 399
-50.115 129.576 399
-50.6679 129.251 398
-51.3464 129.251 398
-52.0249 129.251 398
-52.7034 129.251 398
-53.3819 129.251 398
-54.0604 129.251 398
-54.7389 129.251 398
-55.4173 129.251 398
-56.0958 129.251 398
-56.7743 129.251 398
-57.4528 129.251 398
-57.9852 128.926 397
-58.662 128.926 397
-59.3388 128.926 397
-60.0156 128.926 397
-60.6924 128.926 397
-61.3692 128.926 397
-62.046 128.926 397
-62.7227 128.926 397
-63.3995 128.926 397
-64.0763 128.926 397
-64.7531 128.926 397
-65.4299 128.926 397
-66.1067 128.926 397
-66.7835 128.926 397
-67.4602 128.926 397
-68.137 128.926 397
-68.8138 128.926 397
-69.4906 128.926 397
-70.1674 128.926 397
-71.0226 129.251 398
-71.7011 129.251 398
-72.3796 129.251 398
-73.2416 129.576 399
-73.9218 129.576 399
-74.602 129.576 399
-75.2822 129.576 399
-76.1528 129.901 400
-76.8347 129.901 400
-77.5166 129.901 400
-78.1985 129.901 400
-79.0776 130.225 401
-79.7612 130.225 401
-80.6454 130.55 402
-81.7354 131.2 404
-82.6281 131.524 405
-83.3185 131.524 405
-84.0089 131.524 405
-84.9085 131.849 406
-85.8115 132.174 407
-86.5053 132.174 407
-87.6276 132.823 409
-88.7568 133.473 411
-89.4574 133.473 411
-90.3774 133.798 412
-92.1851 135.421 417
-92.896 135.421 417
-93.8314 135.746 418
-94.7701 136.071 419
-96.1681 137.045 422
-96.8875 137.045 422
-98.3008 138.019 425
-99.4913 138.669 427
-100.219 138.669 427
-100.947 138.669 427
-101.913 138.994 428
-102.643 138.994 428
-103.372 138.994 428
-104.102 138.994 428
-105.077 139.318 429
-106.055 139.643 430
-106.788 139.643 430
-107.771 139.968 431
-108.757 140.293 432
-109.494 140.293 432
-110.485 140.617 433
-111.223 140.617 433
-112.22 140.942 434
-112.96 140.942 434
-113.962 141.267 435
-114.967 141.592 436
-116.241 142.241 438
-116.988 142.241 438
-118.272 142.891 440
-119.022 142.891 440
-119.772 142.891 440
-120.522 142.891 440
-810.357 715.753 2204
-814.115 715.753 2204
-817.872 715.753 2204
-821.629 715.753 2204
-823.139 713.804 2198
-826.887 713.804 2198
-830.634 713.804 2198
-834.381 713.804 2198
-835.84 711.856 2192
-839.577 711.856 2192
-841.005 709.907 2186
-843.959 709.258 2184
-845.353 707.309 2178
-849.066 707.309 2178
-851.604 706.335 2175
-852.953 704.386 2169
-856.65 704.386 2169
-861.538 705.361 2172
-865.241 705.361 2172
-870.143 706.335 2175
-875.057 707.309 2178
-878.77 707.309 2178
-882.482 707.309 2178
-883.754 705.361 2172
-887.457 705.361 2172
-891.16 705.361 2172
-893.626 704.386 2169
-894.014 701.788 2161
-897.698 701.788 2161
-901.382 701.788 2161
-903.81 700.814 2158
-906.227 699.84 2155
-909.056 699.19 2153
-912.727 699.19 2153
-915.12 698.216 2150
-916.221 696.268 2144
-919.876 696.268 2144
-923.531 696.268 2144
-927.186 696.268 2144
-930.841 696.268 2144
-933.624 695.618 2142
-937.276 695.618 2142
-939.61 694.644 2139
-941.933 693.67 2136
-944.246 692.695 2133
-947.883 692.695 2133
-950.627 692.046 2131
-952.916 691.072 2128
-956.544 691.072 2128
-960.171 691.072 2128
-962.44 690.097 2125
-966.063 690.097 2125
-969.686 690.097 2125
-973.308 690.097 2125
-976.931 690.097 2125
-980.553 690.097 2125
-984.176 690.097 2125
-987.799 690.097 2125
-991.421 690.097 2125
-992.703 688.474 2120
-996.317 688.474 2120
-999.931 688.474 2120
-1002.12 687.499 2117
-1005.73 687.499 2117
-1009.34 687.499 2117
-1012.95 687.499 2117
-1012.72 684.901 2109
-1012.46 682.303 2101
-1014.59 681.329 2098
-1018.17 681.329 2098
-1020.77 680.68 2096
-1021.9 679.056 2091
-1021.54 676.458 2083
-1025.09 676.458 2083
-1018.27 669.638 2062
-1015.34 665.416 2049
-1011.38 660.545 2034
-1014.85 660.545 2034
-1014.81 658.272 2027
-1014.75 655.998 2020
-1015.67 654.375 2015
-1019.11 654.375 2015
-1022.54 654.375 2015
-1024.45 653.4 2012
-1025.84 652.101 2008
-1029.26 652.101 2008
-1027.54 648.854 1998
775.997 1320.93 4089
769.026 1320.93 4089
762.056 1320.93 4089
753.238 1317.7 4079
744.455 1314.47 4069
737.518 1314.47 4069
728.786 1311.24 4059
720.088 1308.01 4049
713.186 1308.01 4049
706.283 1308.01 4049
699.381 1308.01 4049
690.768 1304.78 4039
683.883 1304.78 4039
676.997 1304.78 4039
670.112 1304.78 4039
663.226 1304.78 4039
656.341 1304.78 4039
652.671 1311.24 4059
645.752 1311.24 4059
638.832 1311.24 4059
633.469 1314.47 4069
626.533 1314.47 4069
619.596 1314.47 4069
614.165 1317.7 4079
607.211 1317.7 4079
600.258 1317.7 4079
593.304 1317.7 4079
586.35 1317.7 4079
579.397 1317.7 4079
572.443 1317.7 4079
564.103 1314.47 4069
557.166 1314.47 4069
543.604 1298.64 4020
536.751 1298.64 4020
528.579 1295.41 4010
519.271 1289.27 3991
510.028 1283.14 3972
503.257 1283.14 3972
496.485 1283.14 3972
493.29 1292.51 4001
486.469 1292.51 4001
479.648 1292.51 4001
465.028 1271.18 3935
455.058 1262.14 3907
446.332 1256.32 3889
439.702 1256.32 3889
428.061 1241.79 3844
-34.4679 131.48 407
-35.1617 131.48 407
-35.8555 131.48 407
-36.5494 131.48 407
-37.2432 131.48 407
-37.8438 131.157 406
-38.5359 131.157 406
-39.2281 131.157 406
-39.8219 130.833 405
-40.5123 130.833 405
-41.2027 130.833 405
-41.7897 130.51 404
-42.3733 130.187 403
-43.0603 130.187 403
-43.7473 130.187 403
-44.3241 129.864 402
-44.8974 129.541 401
-45.581 129.541 401
-46.1492 129.218 400
-46.8311 129.218 400
-47.513 129.218 400
-48.0744 128.895 399
-48.7546 128.895 399
-49.4348 128.895 399
-50.115 128.895 399
-50.6679 128.572 398
-51.3464 128.572 398
-52.0249 128.572 398
-52.7034 128.572 398
-53.3819 128.572 398
-54.0604 128.572 398
-54.7389 128.572 398
-55.4173 128.572 398
-56.0958 128.572 398
-56.7743 128.572 398
-57.4528 128.572 398
-58.1313 128.572 398
-58.662 128.249 397
-59.3388 128.249 397
-60.0156 128.249 397
-60.6924 128.249 397
-61.3692 128.249 397
-62.046 128.249 397
-62.7227 128.249 397
-63.3995 128.249 397
-64.0763 128.249 397
-64.7531 128.249 397
-65.4299 128.249 397
-66.1067 128.249 397
-66.7835 128.249 397
-67.4602 128.249 397
-68.137 128.249 397
-68.8138 128.249 397
-69.4906 128.249 397
-70.1674 128.249 397
-71.0226 128.572 398
-71.7011 128.572 398
-72.3796 128.572 398
-73.2416 128.895 399
-73.9218 128.895 399
-74.602 128.895 399
-75.4709 129.218 400
-76.1528 129.218 400
-76.8347 129.218 400
-77.5166 129.218 400
-78.394 129.541 401
-79.2748 129.864 402
-79.9601 129.864 402
-80.846 130.187 403
-81.7354 130.51 404
-82.6281 130.833 405
-83.3185 130.833 405
-84.2164 131.157 406
-84.9085 131.157 406
-85.8115 131.48 407
-86.7178 131.803 408
-87.6276 132.126 409
-88.7568 132.772 411
-89.4574 132.772 411
-90.3774 133.095 412
-92.1851 134.71 417
-92.896 134.71 417
-94.0558 135.356 419
-95.2225 136.002 421
-96.1681 136.325 422
-97.5763 137.294 425
-98.5321 137.617 426
-99.4913 137.94 427
-100.219 137.94 427
-101.184 138.264 428
-101.913 138.264 428
-102.643 138.264 428
-103.372 138.264 428
-104.345 138.587 429
-105.567 139.233 431
-106.301 139.233 431
-107.036 139.233 431
-108.021 139.556 432
-109.009 139.879 433
-109.747 139.879 433
-110.485 139.879 433
-111.48 140.202 434
-112.479 140.525 435
-113.22 140.525 435
-113.962 140.525 435
-115.231 141.171 437
-116.241 141.494 438
-117.522 142.14 440
-118.81 142.786 442
-119.563 142.786 442
-120.317 142.786 442
-121.07 142.786 442
-810.357 711.992 2204
-814.115 711.992 2204
-817.872 711.992 2204
-821.629 711.992 2204
-823.139 710.054 2198
-826.887 710.054 2198
-830.634 710.054 2198
-834.381 710.054 2198
-835.84 708.116 2192
-839.577 708.116 2192
-843.313 708.116 2192
-844.732 706.178 2186
-847.682 705.532 2184
-851.405 705.532 2184
-851.604 702.624 2175
-854.132 701.655 2172
-857.835 701.655 2172
-862.728 702.624 2175
-866.436 702.624 2175
-872.544 704.562 2181
-876.262 704.562 2181
-879.98 704.562 2181
-883.698 704.562 2181
-886.195 703.593 2178
-887.457 701.655 2172
-891.16 701.655 2172
-893.626 700.686 2169
-894.014 698.102 2161
-897.698 698.102 2161
-901.382 698.102 2161
-903.81 697.132 2158
-906.227 696.163 2155
-907.79 694.548 2150
-911.455 694.548 2150
-915.12 694.548 2150
-916.221 692.61 2144
-919.876 692.61 2144
-923.531 692.61 2144
-927.186 692.61 2144
-930.841 692.61 2144
-932.317 690.995 2139
-935.963 690.995 2139
-939.61 690.995 2139
-941.933 690.025 2136
-943.361 688.41 2131
-946.994 688.41 2131
-950.627 688.41 2131
-952.916 687.441 2128
-955.195 686.472 2125
-958.818 686.472 2125
-961.082 685.503 2122
-964.699 685.503 2122
-968.317 685.503 2122
-971.934 685.503 2122
-975.552 685.503 2122
-979.169 685.503 2122
-982.787 685.503 2122
-986.404 685.503 2122
-989.089 684.857 2120
-992.703 684.857 2120
-994.907 683.888 2117
-998.516 683.888 2117
-1002.12 683.888 2117
-1005.73 683.888 2117
-1006.96 682.272 2112
-1010.56 682.272 2112
-1012.72 681.303 2109
-1012.46 678.719 2101
-1013.62 677.104 2096
-1017.2 677.104 2096
-1018.33 675.488 2091
-1017.99 672.904 2083
-1015.16 668.704 2070
-1018.69 668.704 2070
-1013.33 662.89 2052
-1009.4 658.044 2037
-1007.9 654.813 2027
-1011.35 654.813 2027
-1011.31 652.552 2020
-1010.73 649.968 2012
-1012.14 648.676 2008
-1015.57 648.676 2008
-1018.99 648.676 2008
-1020.89 647.706 2005
-1023.28 647.06 2003
-1026.7 647.06 2003
-1027.54 645.445 1998
767.146 1310.74 4079
762.056 1313.96 4089
755.085 1313.96 4089
748.114 1313.96 4089
739.331 1310.74 4079
728.786 1304.32 4059
721.867 1304.32 4059
714.947 1304.32 4059
708.028 1304.32 4059
701.108 1304.32 4059
692.478 1301.1 4049
683.883 1297.89 4039
676.997 1297.89 4039
670.112 1297.89 4039
664.868 1301.1 4049
657.966 1301.1 4049
652.671 1304.32 4059
645.752 1304.32 4059
640.406 1307.53 4069
633.469 1307.53 4069
626.533 1307.53 4069
619.596 1307.53 4069
614.165 1310.74 4079
607.211 1310.74 4079
600.258 1310.74 4079
593.304 1310.74 4079
586.35 1310.74 4079
579.397 1310.74 4079
572.443 1310.74 4079
564.103 1307.53 4069
557.166 1307.53 4069
543.604 1291.78 4020
536.751 1291.78 4020
528.579 1288.57 4010
519.271 1282.47 3991
510.028 1276.36 3972
503.257 1276.36 3972
496.485 1276.36 3972
493.29 1285.68 4001
486.469 1285.68 4001
479.648 1285.68 4001
465.028 1264.47 3935
-34.4679 130.785 407
-35.1617 130.785 407
-35.8555 130.785 407
-36.5494 130.785 407
-37.2432 130.785 407
-37.8438 130.464 406
-38.5359 130.464 406
-39.2281 130.464 406
-39.8219 130.142 405
-40.5123 130.142 405
-41.2027 130.142 405
-41.7897 129.821 404
-42.3733 129.5 403
-43.0603 129.5 403
-43.7473 129.5 403
-44.3241 129.178 402
-44.8974 128.857 401
-45.581 128.857 401
-46.1492 128.536 400
-46.8311 128.536 400
-47.513 128.536 400
-48.0744 128.214 399
-48.7546 128.214 399
-49.4348 128.214 399
-50.115 128.214 399
-50.7952 128.214 399
-51.3464 127.893 398
-52.0249 127.893 398
-52.7034 127.893 398
-53.3819 127.893 398
-54.0604 127.893 398
-54.7389 127.893 398
-55.4173 127.893 398
-56.0958 127.893 398
-56.7743 127.893 398
-57.4528 127.893 398
-58.1313 127.893 398
-58.662 127.572 397
-59.3388 127.572 397
-60.0156 127.572 397
-60.6924 127.572 397
-61.3692 127.572 397
-62.046 127.572 397
-62.7227 127.572 397
-63.3995 127.572 397
-64.0763 127.572 397
-64.7531 127.572 397
-65.4299 127.572 397
-66.1067 127.572 397
-66.7835 127.572 397
-67.4602 127.572 397
-68.137 127.572 397
-68.8138 127.572 397
-69.4906 127.572 397
-70.3441 127.893 398
-71.0226 127.893 398
-71.7011 127.893 398
-72.3796 127.893 398
-73.2416 128.214 399
-73.9218 128.214 399
-74.602 128.214 399
-75.4709 128.536 400
-76.1528 128.536 400
-76.8347 128.536 400
-77.5166 128.536 400
-78.394 128.857 401
-79.2748 129.178 402
-79.9601 129.178 402
-80.846 129.5 403
-81.7354 129.821 404
-82.6281 130.142 405
-83.3185 130.142 405
-84.2164 130.464 406
-84.9085 130.464 406
-85.8115 130.785 407
-86.7178 131.107 408
-87.6276 131.428 409
-88.7568 132.071 411
-89.4574 132.071 411
-90.3774 132.392 412
-92.1851 133.999 417
-92.896 133.999 417
-94.0558 134.641 419
-95.2225 135.284 421
-96.1681 135.605 422
-97.5763 136.569 425
-98.7634 137.212 427
-99.7243 137.533 428
-100.454 137.533 428
-101.184 137.533 428
-102.151 137.855 429
-102.883 137.855 429
-103.614 137.855 429
-104.589 138.176 430
-105.567 138.497 431
-106.301 138.497 431
-107.036 138.497 431
-108.021 138.819 432
-109.009 139.14 433
-109.747 139.14 433
-110.74 139.461 434
-111.48 139.461 434
-112.479 139.783 435
-113.22 139.783 435
-114.486 140.425 437
-115.495 140.747 438
-116.241 140.747 438
-118.056 142.032 442
-119.347 142.675 444
-120.104 142.675 444
-120.861 142.675 444
-121.618 142.675 444
-810.357 708.232 2204
-814.115 708.232 2204
-817.872 708.232 2204
-821.629 708.232 2204
-823.139 706.304 2198
-826.887 706.304 2198
-830.634 706.304 2198
-834.381 706.304 2198
-835.84 704.376 2192
-839.577 704.376 2192
-843.313 704.376 2192
-844.732 702.448 2186
-847.682 701.805 2184
-851.405 701.805 2184
-851.604 698.913 2175
-854.132 697.949 2172
-857.835 697.949 2172
-862.728 698.913 2175
-866.436 698.913 2175
-872.544 700.841 2181
-876.262 700.841 2181
-879.98 700.841 2181
-883.698 700.841 2181
-886.195 699.877 2178
-887.457 697.949 2172
-891.16 697.949 2172
-893.626 696.985 2169
-894.014 694.415 2161
-897.698 694.415 2161
-901.382 694.415 2161
-903.81 693.451 2158
-906.227 692.487 2155
-907.79 690.88 2150
-911.455 690.88 2150
-915.12 690.88 2150
-916.221 688.952 2144
-919.876 688.952 2144
-923.531 688.952 2144
-927.186 688.952 2144
-930.841 688.952 2144
-932.317 687.345 2139
-935.963 687.345 2139
-939.61 687.345 2139
-941.933 686.381 2136
-943.361 684.774 2131
-946.994 684.774 2131
-950.627 684.774 2131
-952.916 683.81 2128
-955.195 682.846 2125
-958.818 682.846 2125
-961.082 681.882 2122
-964.699 681.882 2122
-966.035 680.276 2117
-969.644 680.276 2117
-973.253 680.276 2117
-976.862 680.276 2117
-980.471 680.276 2117
-984.08 680.276 2117
-987.689 680.276 2117
-989.893 679.312 2114
-992.557 678.669 2112
-996.157 678.669 2112
-999.758 678.669 2112
-1003.36 678.669 2112
-1005.53 677.705 2109
-1009.12 677.705 2109
-1008.88 675.134 2101
-1010.05 673.528 2096
-1008.3 669.993 2085
-1011.86 669.993 2085
-1014.44 669.35 2083
-1014.08 666.779 2075
-1013.69 664.209 2067
-1017.22 664.209 2067
-1009.38 656.818 2044
-1005.93 652.319 2030
-1005.41 649.748 2022
-1008.86 649.748 2022
-1008.8 647.499 2015
-1010.73 646.535 2012
-1012.14 645.25 2008
-1015.57 645.25 2008
-1017.47 644.286 2005
-1019.87 643.643 2003
-1020.73 642.036 1998
-1024.13 642.036 1998
-1026.51 641.394 1996
762.056 1306.98 4089
755.085 1306.98 4089
748.114 1306.98 4089
741.144 1306.98 4089
730.582 1300.59 4069
721.867 1297.39 4059
714.947 1297.39 4059
708.028 1297.39 4059
701.108 1297.39 4059
692.478 1294.2 4049
685.576 1294.2 4049
676.997 1291 4039
670.112 1291 4039
664.868 1294.2 4049
657.966 1294.2 4049
652.671 1297.39 4059
647.342 1300.59 4069
640.406 1300.59 4069
633.469 1300.59 4069
626.533 1300.59 4069
619.596 1300.59 4069
614.165 1303.78 4079
607.211 1303.78 4079
600.258 1303.78 4079
593.304 1303.78 4079
586.35 1303.78 4079
579.397 1303.78 4079
572.443 1303.78 4079
565.489 1303.78 4079
557.166 1300.59 4069
550.23 1300.59 4069
543.293 1300.59 4069
529.898 1284.93 4020
520.572 1278.85 4001
513.752 1278.85 4001
506.931 1278.85 4001
500.11 1278.85 4001
493.29 1278.85 4001
486.469 1278.85 4001
479.648 1278.85 4001
-16.4818 142.556 446
-17.2421 142.556 446
-18.0024 142.556 446
-18.7628 142.556 446
-34.4679 130.091 407
-35.1617 130.091 407
-35.8555 130.091 407
-36.5494 130.091 407
-37.1517 129.771 406
-37.8438 129.771 406
-38.5359 129.771 406
-39.2281 129.771 406
-39.8219 129.452 405
-40.5123 129.452 405
-41.2027 129.452 405
-41.7897 129.132 404
-42.4784 129.132 404
-43.0603 128.812 403
-43.7473 128.812 403
-44.4343 128.812 403
-45.0094 128.493 402
-45.581 128.173 401
-46.1492 127.853 400
-46.8311 127.853 400
-47.513 127.853 400
-48.1949 127.853 400
-48.7546 127.534 399
-49.4348 127.534 399
-50.115 127.534 399
-50.7952 127.534 399
-51.4754 127.534 399
-52.1556 127.534 399
-52.7034 127.214 398
-53.3819 127.214 398
-54.0604 127.214 398
-54.7389 127.214 398
-55.4173 127.214 398
-56.0958 127.214 398
-56.7743 127.214 398
-57.4528 127.214 398
-58.1313 127.214 398
-58.8098 127.214 398
-59.3388 126.894 397
-60.0156 126.894 397
-60.6924 126.894 397
-61.3692 126.894 397
-62.046 126.894 397
-62.7227 126.894 397
-63.3995 126.894 397
-64.0763 126.894 397
-64.7531 126.894 397
-65.4299 126.894 397
-66.1067 126.894 397
-66.7835 126.894 397
-67.4602 126.894 397
-68.3086 127.214 398
-68.9871 127.214 398
-69.6656 127.214 398
-70.3441 127.214 398
-71.0226 127.214 398
-71.7011 127.214 398
-72.5614 127.534 399
-73.2416 127.534 399
-73.9218 127.534 399
-74.789 127.853 400
-75.4709 127.853 400
-76.1528 127.853 400
-76.8347 127.853 400
-77.7104 128.173 401
-78.394 128.173 401
-79.2748 128.493 402
-79.9601 128.493 402
-81.0466 129.132 404
-81.9377 129.452 405
-82.8321 129.771 406
-83.5242 129.771 406
-84.2164 129.771 406
-85.1176 130.091 407
-85.8115 130.091 407
-86.9304 130.73 409
-87.8419 131.05 410
-88.7568 131.369 411
-89.4574 131.369 411
-90.5968 132.009 413
-92.4062 133.607 418
-93.1188 133.607 418
-94.5048 134.566 421
-95.901 135.525 424
-96.6239 135.525 424
-97.8059 136.164 426
-98.7634 136.483 427
-99.7243 136.803 428
-100.454 136.803 428
-101.184 136.803 428
-102.151 137.123 429
-102.883 137.123 429
-103.614 137.123 429
-104.589 137.442 430
-105.567 137.762 431
-106.301 137.762 431
-107.036 137.762 431
-108.021 138.082 432
-109.009 138.401 433
-109.747 138.401 433
-110.74 138.721 434
-111.48 138.721 434
-112.479 139.041 435
-113.22 139.041 435
-114.486 139.68 437
-115.495 139.999 438
-116.241 139.999 438
-118.056 141.278 442
-119.347 141.917 444
-120.104 141.917 444
-120.861 141.917 444
-121.618 141.917 444
-804.842 699.677 2189
-808.574 699.677 2189
-812.306 699.677 2189
-816.037 699.677 2189
-820.893 700.636 2192
-824.629 700.636 2192
-828.366 700.636 2192
-832.103 700.636 2192
-835.84 700.636 2192
-839.577 700.636 2192
-843.313 700.636 2192
-844.732 698.719 2186
-847.682 698.079 2184
-851.405 698.079 2184
-851.604 695.203 2175
-855.312 695.203 2175
-859.02 695.203 2175
-862.728 695.203 2175
-866.436 695.203 2175
-872.544 697.12 2181
-876.262 697.12 2181
-879.98 697.12 2181
-883.698 697.12 2181
-886.195 696.161 2178
-886.231 693.285 2169
-889.929 693.285 2169
-893.626 693.285 2169
-894.014 690.728 2161
-897.698 690.728 2161
-901.382 690.728 2161
-903.81 689.769 2158
-906.227 688.81 2155
-907.79 687.212 2150
-911.455 687.212 2150
-913.843 686.253 2147
-916.221 685.294 2144
-919.876 685.294 2144
-923.531 685.294 2144
-927.186 685.294 2144
-930.841 685.294 2144
-932.317 683.696 2139
-935.963 683.696 2139
-939.61 683.696 2139
-941.933 682.737 2136
-943.361 681.139 2131
-946.994 681.139 2131
-950.627 681.139 2131
-952.916 680.18 2128
-955.195 679.221 2125
-958.818 679.221 2125
-961.082 678.262 2122
-964.699 678.262 2122
-966.035 676.664 2117
-969.644 676.664 2117
-973.253 676.664 2117
-976.862 676.664 2117
-980.471 676.664 2117
-984.08 676.664 2117
-987.689 676.664 2117
-989.893 675.705 2114
-992.557 675.066 2112
-996.157 675.066 2112
-999.758 675.066 2112
-1003.36 675.066 2112
-1005.53 674.107 2109
-1009.12 674.107 2109
-1008.88 671.55 2101
-1010.05 669.952 2096
-1008.3 666.436 2085
-1011.86 666.436 2085
-1008.11 661.641 2070
-1010.17 660.682 2067
-1003.88 654.29 2047
-1007.37 654.29 2047
-1005.93 651.093 2037
-1004.44 647.897 2027
-1004.42 645.659 2020
-1007.86 645.659 2020
-1007.3 643.102 2012
-1008.72 641.824 2008
-1012.14 641.824 2008
-1015.57 641.824 2008
-1017.47 640.865 2005
-1019.87 640.226 2003
-1020.73 638.628 1998
-1024.13 638.628 1998
-1024.97 637.029 1993
762.056 1300 4089
755.085 1300 4089
748.114 1300 4089
741.144 1300 4089
734.173 1300 4089
723.645 1293.65 4069
716.709 1293.65 4069
709.772 1293.65 4069
702.835 1293.65 4069
694.189 1290.47 4059
687.269 1290.47 4059
676.997 1284.11 4039
670.112 1284.11 4039
664.868 1287.29 4049
657.966 1287.29 4049
652.671 1290.47 4059
647.342 1293.65 4069
641.98 1296.83 4079
635.026 1296.83 4079
628.072 1296.83 4079
621.119 1296.83 4079
614.165 1296.83 4079
607.211 1296.83 4079
587.788 1300 4089
580.817 1300 4089
573.846 1300 4089
565.489 1296.83 4079
558.536 1296.83 4079
551.582 1296.83 4079
543.293 1293.65 4069
533.72 1287.29 4049
521.743 1274.89 4010
514.907 1274.89 4010
506.931 1272.03 4001
500.11 1272.03 4001
493.29 1272.03 4001
486.469 1272.03 4001
479.648 1272.03 4001
-16.4818 141.796 446
-17.2421 141.796 446
-18.0024 141.796 446
-18.7628 141.796 446
-19.5231 141.796 446
-20.2834 141.796 446
-34.4679 129.396 407
-35.1617 129.396 407
-35.8555 129.396 407
-36.5494 129.396 407
-37.2432 129.396 407
-37.8438 129.078 406
-38.5359 129.078 406
-39.2281 129.078 406
-39.9202 129.078 406
-40.5123 128.761 405
-41.2027 128.761 405
-41.8931 128.761 405
-42.4784 128.443 404
-43.0603 128.125 403
-43.7473 128.125 403
-44.4343 128.125 403
-45.0094 127.807 402
-45.581 127.489 401
-46.1492 127.171 400
-46.8311 127.171 400
-47.513 127.171 400
-48.1949 127.171 400
-48.7546 126.853 399
-49.4348 126.853 399
-50.115 126.853 399
-50.7952 126.853 399
-51.4754 126.853 399
-52.1556 126.853 399
-52.7034 126.535 398
-53.3819 126.535 398
-54.0604 126.535 398
-54.7389 126.535 398
-55.4173 126.535 398
-56.0958 126.535 398
-56.7743 126.535 398
-57.4528 126.535 398
-58.1313 126.535 398
-58.8098 126.535 398
-59.3388 126.217 397
-60.0156 126.217 397
-60.6924 126.217 397
-61.3692 126.217 397
-62.046 126.217 397
-62.7227 126.217 397
-63.3995 126.217 397
-64.0763 126.217 397
-64.7531 126.217 397
-65.4299 126.217 397
-66.1067 126.217 397
-66.9517 126.535 398
-67.6302 126.535 398
-68.3086 126.535 398
-68.9871 126.535 398
-69.6656 126.535 398
-70.3441 126.535 398
-71.0226 126.535 398
-71.7011 126.535 398
-72.5614 126.853 399
-73.2416 126.853 399
-73.9218 126.853 399
-74.789 127.171 400
-75.4709 127.171 400
-76.3432 127.489 401
-77.0268 127.489 401
-77.7104 127.489 401
-78.394 127.489 401
-79.2748 127.807 402
-79.9601 127.807 402
-81.0466 128.443 404
-81.9377 128.761 405
-82.8321 129.078 406
-83.5242 129.078 406
-84.4238 129.396 407
-85.3268 129.714 408
-86.0223 129.714 408
-87.1429 130.35 410
-87.8419 130.35 410
-88.9727 130.986 412
-89.6751 130.986 412
-90.8162 131.622 414
-92.6273 133.212 419
-93.3416 133.212 419
-94.9538 134.483 423
-96.3534 135.437 426
-97.0796 135.437 426
-98.0354 135.755 427
-98.7634 135.755 427
-99.7243 136.073 428
-100.454 136.073 428
-101.42 136.391 429
-102.151 136.391 429
-102.883 136.391 429
-103.856 136.709 430
-104.832 137.027 431
-105.567 137.027 431
-106.301 137.027 431
-107.284 137.345 432
-108.021 137.345 432
-109.261 137.98 434
-110.001 137.98 434
-110.74 137.98 434
-111.737 138.298 435
-112.996 138.934 437
-113.741 138.934 437
-114.748 139.252 438
-116.022 139.888 440
-116.772 139.888 440
-118.323 140.842 443
-119.616 141.478 445
-120.645 141.796 446
-121.406 141.796 446
-122.166 141.796 446
-800.798 692.446 2178
-808.574 695.943 2189
-812.306 695.943 2189
-816.037 695.943 2189
-819.769 695.943 2189
-824.629 696.897 2192
-828.366 696.897 2192
-832.103 696.897 2192
-835.84 696.897 2192
-839.577 696.897 2192
-843.313 696.897 2192
-844.732 694.989 2186
-847.682 694.353 2184
-851.405 694.353 2184
-851.604 691.492 2175
-855.312 691.492 2175
-859.02 691.492 2175
-862.728 691.492 2175
-866.436 691.492 2175
-872.544 693.399 2181
-876.262 693.399 2181
-879.98 693.399 2181
-883.698 693.399 2181
-886.195 692.446 2178
-887.457 690.538 2172
-891.16 690.538 2172
-892.802 688.948 2167
-894.014 687.041 2161
-896.452 686.087 2158
-900.131 686.087 2158
-902.553 685.133 2155
-905.386 684.497 2153
-907.79 683.544 2150
-911.455 683.544 2150
-913.843 682.59 2147
-916.221 681.636 2144
-919.018 681 2142
-922.67 681 2142
-926.321 681 2142
-929.973 681 2142
-932.317 680.046 2139
-935.963 680.046 2139
-938.292 679.093 2136
-940.61 678.139 2133
-943.361 677.503 2131
-946.994 677.503 2131
-949.288 676.549 2128
-951.573 675.595 2125
-955.195 675.595 2125
-958.818 675.595 2125
-960.176 674.006 2120
-963.79 674.006 2120
-964.666 672.098 2114
-968.27 672.098 2114
-971.874 672.098 2114
-974.555 671.462 2112
-978.155 671.462 2112
-981.756 671.462 2112
-985.356 671.462 2112
-987.552 670.509 2109
-991.147 670.509 2109
-994.742 670.509 2109
-998.338 670.509 2109
-1000.51 669.555 2106
-1001.71 667.965 2101
-1005.3 667.965 2101
-1007.44 667.011 2098
-1004.75 662.878 2085
-1005.89 661.289 2080
-1009.43 661.289 2080
-1008.11 658.109 2070
-1010.17 657.156 2067
-1003.88 650.797 2047
-1007.37 650.797 2047
-1005.93 647.618 2037
-1004.44 644.439 2027
-1004.42 642.213 2020
-1007.86 642.213 2020
-1007.3 639.67 2012
-1008.72 638.398 2008
-1012.14 638.398 2008
-1015.57 638.398 2008
-1017.47 637.444 2005
-1019.87 636.808 2003
-1020.73 635.219 1998
-1024.13 635.219 1998
-1024.97 633.629 1993
755.085 1293.03 4089
748.114 1293.03 4089
741.144 1293.03 4089
734.173 1293.03 4089
723.645 1286.7 4069
716.709 1286.7 4069
709.772 1286.7 4069
702.835 1286.7 4069
694.189 1283.54 4059
687.269 1283.54 4059
676.997 1277.22 4039
670.112 1277.22 4039
663.226 1277.22 4039
657.966 1280.38 4049
651.063 1280.38 4049
647.342 1286.7 4069
641.98 1289.87 4079
635.026 1289.87 4079
628.072 1289.87 4079
621.119 1289.87 4079
614.165 1289.87 4079
607.211 1289.87 4079
587.788 1293.03 4089
580.817 1293.03 4089
573.846 1293.03 4089
565.489 1289.87 4079
558.536 1289.87 4079
551.582 1289.87 4079
543.293 1286.7 4069
536.357 1286.7 4069
526.818 1280.38 4049
519.915 1280.38 4049
508.071 1268.05 4010
500.11 1265.2 4001
493.29 1265.2 4001
486.469 1265.2 4001
479.648 1265.2 4001
-15.8625 142.3 450
-16.6296 142.3 450
-17.3968 142.3 450
-18.0832 141.667 448
-18.8048 141.351 447
-19.5668 141.351 447
-20.3289 141.351 447
-34.4679 128.702 407
-35.1617 128.702 407
-35.8555 128.702 407
-36.5494 128.702 407
-37.2432 128.702 407
-37.8438 128.386 406
-38.5359 128.386 406
-39.2281 128.386 406
-39.9202 128.386 406
-40.5123 128.07 405
-41.2027 128.07 405
-41.8931 128.07 405
-42.4784 127.753 404
-43.0603 127.437 403
-43.7473 127.437 403
-44.4343 127.437 403
-45.0094 127.121 402
-45.581 126.805 401
-46.2646 126.805 401
-46.8311 126.488 400
-47.513 126.488 400
-48.1949 126.488 400
-48.7546 126.172 399
-49.4348 126.172 399
-50.115 126.172 399
-50.7952 126.172 399
-51.4754 126.172 399
-52.1556 126.172 399
-52.8358 126.172 399
-53.516 126.172 399
-54.0604 125.856 398
-54.7389 125.856 398
-55.4173 125.856 398
-56.0958 125.856 398
-56.7743 125.856 398
-57.4528 125.856 398
-58.1313 125.856 398
-58.8098 125.856 398
-59.3388 125.54 397
-60.0156 125.54 397
-60.6924 125.54 397
-61.3692 125.54 397
-62.046 125.54 397
-62.7227 125.54 397
-63.3995 125.54 397
-64.0763 125.54 397
-64.7531 125.54 397
-65.4299 125.54 397
-66.1067 125.54 397
-66.9517 125.856 398
-67.6302 125.856 398
-68.3086 125.856 398
-68.9871 125.856 398
-69.6656 125.856 398
-70.3441 125.856 398
-71.0226 125.856 398
-71.7011 125.856 398
-72.5614 126.172 399
-73.2416 126.172 399
-73.9218 126.172 399
-74.789 126.488 400
-75.4709 126.488 400
-76.3432 126.805 401
-77.0268 126.805 401
-77.7104 126.805 401
-78.5895 127.121 402
-79.6692 127.753 404
-80.3579 127.753 404
-81.2472 128.07 405
-82.14 128.386 406
-82.8321 128.386 406
-83.5242 128.386 406
-84.6312 129.018 408
-85.5359 129.334 409
-86.2331 129.334 409
-87.1429 129.651 410
-88.0561 129.967 411
-88.9727 130.283 412
-89.6751 130.283 412
-91.4743 131.864 417
-93.0694 133.129 421
-93.7871 133.129 421
-95.1782 134.078 424
-96.3534 134.71 426
-97.0796 134.71 426
-98.0354 135.026 427
-98.7634 135.026 427
-99.7243 135.343 428
-100.454 135.343 428
-101.42 135.659 429
-102.389 135.975 430
-103.122 135.975 430
-104.097 136.291 431
-104.832 136.291 431
-105.811 136.608 432
-106.548 136.608 432
-107.284 136.608 432
-108.271 136.924 433
-109.261 137.24 434
-110.001 137.24 434
-110.996 137.556 435
-112.508 138.505 438
-113.255 138.505 438
-114.261 138.821 439
-115.272 139.137 440
-116.813 140.086 443
-117.568 140.086 443
-118.858 140.718 445
-119.885 141.035 446
-120.645 141.035 446
-121.406 141.035 446
-122.166 141.035 446
-800.798 688.73 2178
-808.574 692.208 2189
-812.306 692.208 2189
-816.037 692.208 2189
-819.769 692.208 2189
-824.629 693.157 2192
-828.366 693.157 2192
-832.103 693.157 2192
-835.84 693.157 2192
-839.577 693.157 2192
-843.313 693.157 2192
-844.732 691.259 2186
-847.682 690.627 2184
-851.405 690.627 2184
-852.779 688.73 2178
-855.312 687.781 2175
-859.02 687.781 2175
-862.728 687.781 2175
-866.436 687.781 2175
-871.344 688.73 2178
-875.057 688.73 2178
-878.77 688.73 2178
-882.482 688.73 2178
-884.975 687.781 2175
-888.683 687.781 2175
-891.16 686.832 2172
-892.802 685.251 2167
-894.014 683.354 2161
-896.452 682.405 2158
-900.131 682.405 2158
-902.553 681.457 2155
-905.386 680.824 2153
-907.79 679.876 2150
-911.455 679.876 2150
-913.843 678.927 2147
-916.221 677.978 2144
-919.876 677.978 2144
-923.531 677.978 2144
-927.186 677.978 2144
-929.973 677.346 2142
-932.317 676.397 2139
-935.963 676.397 2139
-938.292 675.448 2136
-940.61 674.5 2133
-942.033 672.919 2128
-945.661 672.919 2128
-949.288 672.919 2128
-951.573 671.97 2125
-953.847 671.021 2122
-957.464 671.021 2122
-960.176 670.389 2120
-961.062 668.492 2114
-963.753 667.859 2112
-967.354 667.859 2112
-970.954 667.859 2112
-971.786 665.962 2106
-975.376 665.962 2106
-978.967 665.962 2106
-981.624 665.329 2104
-983.806 664.381 2101
-985.977 663.432 2098
-989.554 663.432 2098
-993.131 663.432 2098
-996.707 663.432 2098
-1000.28 663.432 2098
-1003.86 663.432 2098
-1001.19 659.321 2085
-1003.78 658.689 2083
-1001.05 654.578 2070
-1004.58 654.578 2070
-1005.67 652.997 2065
-1006.75 651.416 2060
-1002.41 646.356 2044
-1005.9 646.356 2044
-1004.44 643.194 2034
-1001.97 639.399 2022
-1001.93 637.186 2015
-1005.37 637.186 2015
-1005.3 634.972 2008
-1008.72 634.972 2008
-1010.63 634.023 2005
-1014.05 634.023 2005
-1017.47 634.023 2005
-1017.32 631.81 1998
-1019.71 631.177 1996
-1023.11 631.177 1996
-1022.4 628.648 1988
748.114 1286.05 4089
741.144 1286.05 4089
734.173 1286.05 4089
727.202 1286.05 4089
720.231 1286.05 4089
711.516 1282.91 4079
704.563 1282.91 4079
695.899 1279.76 4069
688.962 1279.76 4069
680.349 1276.62 4059
668.618 1267.5 4030
661.748 1267.5 4030
659.591 1276.62 4059
652.671 1276.62 4059
647.342 1279.76 4069
641.98 1282.91 4079
635.026 1282.91 4079
628.072 1282.91 4079
621.119 1282.91 4079
614.165 1282.91 4079
607.211 1282.91 4079
587.788 1286.05 4089
580.817 1286.05 4089
573.846 1286.05 4089
565.489 1282.91 4079
558.536 1282.91 4079
551.582 1282.91 4079
543.293 1279.76 4069
536.357 1279.76 4069
526.818 1273.47 4049
519.915 1273.47 4049
508.071 1261.21 4010
500.11 1258.37 4001
-15.8625 141.532 450
-16.6296 141.532 450
-17.3968 141.532 450
-18.0832 140.903 448
-18.8048 140.588 447
-19.5668 140.588 447
-20.3289 140.588 447
-32.9989 127.693 406
-33.6911 127.693 406
-34.4679 128.008 407
-35.1617 128.008 407
-35.8555 128.008 407
-36.5494 128.008 407
-37.2432 128.008 407
-37.8438 127.693 406
-38.5359 127.693 406
-39.2281 127.693 406
-39.9202 127.693 406
-40.5123 127.379 405
-41.2027 127.379 405
-41.8931 127.379 405
-42.4784 127.064 404
-43.0603 126.75 403
-43.7473 126.75 403
-44.4343 126.75 403
-45.0094 126.435 402
-45.581 126.121 401
-46.2646 126.121 401
-46.9482 126.121 401
-47.513 125.806 400
-48.1949 125.806 400
-48.8768 125.806 400
-49.5587 125.806 400
-50.115 125.492 399
-50.7952 125.492 399
-51.4754 125.492 399
-52.1556 125.492 399
-52.8358 125.492 399
-53.516 125.492 399
-54.1962 125.492 399
-54.8764 125.492 399
-55.4173 125.177 398
-56.0958 125.177 398
-56.7743 125.177 398
-57.4528 125.177 398
-58.1313 125.177 398
-58.8098 125.177 398
-59.4883 125.177 398
-60.1668 125.177 398
-60.6924 124.862 397
-61.3692 124.862 397
-62.046 124.862 397
-62.7227 124.862 397
-63.3995 124.862 397
-64.0763 124.862 397
-64.9162 125.177 398
-65.5947 125.177 398
-66.2732 125.177 398
-66.9517 125.177 398
-67.6302 125.177 398
-68.3086 125.177 398
-68.9871 125.177 398
-69.6656 125.177 398
-70.3441 125.177 398
-71.0226 125.177 398
-71.7011 125.177 398
-72.5614 125.492 399
-73.2416 125.492 399
-73.9218 125.492 399
-74.789 125.806 400
-75.4709 125.806 400
-76.3432 126.121 401
-77.0268 126.121 401
-77.7104 126.121 401
-78.5895 126.435 402
-79.6692 127.064 404
-80.3579 127.064 404
-81.2472 127.379 405
-82.14 127.693 406
-82.8321 127.693 406
-83.5242 127.693 406
-84.6312 128.322 408
-85.5359 128.637 409
-86.2331 128.637 409
-87.1429 128.951 410
-88.0561 129.266 411
-88.9727 129.58 412
-89.6751 129.58 412
-91.4743 131.153 417
-93.0694 132.411 421
-93.7871 132.411 421
-95.1782 133.354 424
-96.3534 133.983 426
-97.0796 133.983 426
-98.0354 134.298 427
-98.7634 134.298 427
-99.7243 134.612 428
-100.689 134.927 429
-101.656 135.241 430
-102.628 135.556 431
-103.362 135.556 431
-104.097 135.556 431
-105.075 135.871 432
-105.811 135.871 432
-106.548 135.871 432
-107.533 136.185 433
-108.271 136.185 433
-109.513 136.814 435
-110.254 136.814 435
-111.761 137.758 438
-112.765 138.072 439
-113.513 138.072 439
-114.782 138.701 441
-115.796 139.016 442
-117.34 139.959 445
-118.099 139.959 445
-119.125 140.274 446
-120.154 140.588 447
-120.916 140.588 447
-121.678 140.588 447
-122.44 140.588 447
-123.202 140.588 447
-797.489 682.183 2169
-802.294 683.127 2172
-805.997 683.127 2172
-809.7 683.127 2172
-819.769 688.474 2189
-823.501 688.474 2189
-827.232 688.474 2189
-832.103 689.417 2192
-835.84 689.417 2192
-839.577 689.417 2192
-840.236 686.901 2184
-843.959 686.901 2184
-845.353 685.014 2178
-849.066 685.014 2178
-852.779 685.014 2178
-855.312 684.07 2175
-859.02 684.07 2175
-862.728 684.07 2175
-866.436 684.07 2175
-871.344 685.014 2178
-875.057 685.014 2178
-878.77 685.014 2178
-882.482 685.014 2178
-884.975 684.07 2175
-888.683 684.07 2175
-891.16 683.127 2172
-892.802 681.554 2167
-894.014 679.667 2161
-897.698 679.667 2161
-900.131 678.724 2158
-902.553 677.78 2155
-905.386 677.151 2153
-909.056 677.151 2153
-911.455 676.207 2150
-913.843 675.264 2147
-916.221 674.32 2144
-919.876 674.32 2144
-923.531 674.32 2144
-927.186 674.32 2144
-929.973 673.691 2142
-933.624 673.691 2142
-935.963 672.748 2139
-938.292 671.804 2136
-940.61 670.861 2133
-944.246 670.861 2133
-945.661 669.288 2128
-949.288 669.288 2128
-951.573 668.345 2125
-955.195 668.345 2125
-958.818 668.345 2125
-961.082 667.401 2122
-960.153 664.256 2112
-963.753 664.256 2112
-967.354 664.256 2112
-969.575 663.312 2109
-971.786 662.369 2106
-975.376 662.369 2106
-978.967 662.369 2106
-980.224 660.796 2101
-982.401 659.853 2098
-985.977 659.853 2098
-989.554 659.853 2098
-992.184 659.224 2096
-995.757 659.224 2096
-999.33 659.224 2096
-1002.9 659.224 2096
-1000.23 655.135 2083
-997.52 651.046 2070
-997.18 648.53 2062
-1000.7 648.53 2062
-1001.78 646.958 2057
-1000.4 643.812 2047
-998.981 640.667 2037
-1002.45 640.667 2037
-1000 636.893 2025
-998.497 633.748 2015
-998.451 631.546 2008
-1001.87 631.546 2008
-1003.8 630.603 2005
-1006.21 629.974 2003
-1007.1 628.401 1998
-1010.51 628.401 1998
-1013.92 628.401 1998
-1016.3 627.772 1996
-1017.15 626.199 1991
-1020.55 626.199 1991
-1020.34 623.998 1984
734.173 1279.08 4089
727.202 1279.08 4089
720.231 1279.08 4089
711.516 1275.95 4079
706.29 1279.08 4089
699.319 1279.08 4089
692.349 1279.08 4089
683.702 1275.95 4079
673.43 1269.69 4059
666.51 1269.69 4059
661.216 1272.82 4069
654.279 1272.82 4069
648.933 1275.95 4079
641.98 1275.95 4079
635.026 1275.95 4079
628.072 1275.95 4079
621.119 1275.95 4079
557.166 1272.82 4069
550.23 1272.82 4069
543.293 1272.82 4069
536.357 1272.82 4069
526.818 1266.56 4049
519.915 1266.56 4049
508.071 1254.36 4010
-14.36 141.077 451
-15.1289 141.077 451
-15.8977 141.077 451
-16.6296 140.764 450
-17.3968 140.764 450
-18.1639 140.764 450
-18.8469 140.138 448
-19.5668 139.826 447
-20.3289 139.826 447
-32.9989 127 406
-33.6911 127 406
-34.4679 127.313 407
-35.1617 127.313 407
-35.8555 127.313 407
-36.5494 127.313 407
-37.2432 127.313 407
-37.8438 127 406
-38.5359 127 406
-39.2281 127 406
-39.9202 127 406
-40.5123 126.688 405
-41.2027 126.688 405
-41.8931 126.688 405
-42.4784 126.375 404
-43.1671 126.375 404
-43.8559 126.375 404
-44.4343 126.062 403
-45.0094 125.749 402
-45.581 125.436 401
-46.2646 125.436 401
-46.9482 125.436 401
-47.6318 125.436 401
-48.1949 125.124 400
-48.8768 125.124 400
-49.5587 125.124 400
-50.2406 125.124 400
-50.7952 124.811 399
-51.4754 124.811 399
-52.1556 124.811 399
-52.8358 124.811 399
-53.516 124.811 399
-54.1962 124.811 399
-54.8764 124.811 399
-55.5566 124.811 399
-56.0958 124.498 398
-56.7743 124.498 398
-57.4528 124.498 398
-58.1313 124.498 398
-58.8098 124.498 398
-59.4883 124.498 398
-60.1668 124.498 398
-60.8453 124.498 398
-61.5238 124.498 398
-62.2022 124.498 398
-62.8807 124.498 398
-63.5592 124.498 398
-64.2377 124.498 398
-64.9162 124.498 398
-65.5947 124.498 398
-66.2732 124.498 398
-66.9517 124.498 398
-67.6302 124.498 398
-68.3086 124.498 398
-68.9871 124.498 398
-69.6656 124.498 398
-70.3441 124.498 398
-71.0226 124.498 398
-71.8813 124.811 399
-72.5614 124.811 399
-73.2416 124.811 399
-73.9218 124.811 399
-74.789 125.124 400
-75.4709 125.124 400
-76.3432 125.436 401
-77.0268 125.436 401
-77.9042 125.749 402
-78.5895 125.749 402
-79.6692 126.375 404
-80.3579 126.375 404
-81.2472 126.688 405
-82.14 127 406
-82.8321 127 406
-83.73 127.313 407
-84.8387 127.939 409
-85.9542 128.564 411
-86.6548 128.564 411
-87.3555 128.564 411
-88.2704 128.877 412
-88.9727 128.877 412
-90.1104 129.503 414
-92.1323 131.38 420
-93.0694 131.693 421
-94.2326 132.318 423
-95.4027 132.944 425
-96.3534 133.257 426
-97.0796 133.257 426
-98.0354 133.569 427
-98.7634 133.569 427
-99.7243 133.882 428
-100.689 134.195 429
-101.656 134.508 430
-102.628 134.821 431
-103.362 134.821 431
-104.097 134.821 431
-105.075 135.133 432
-105.811 135.133 432
-106.548 135.133 432
-107.533 135.446 433
-108.271 135.446 433
-109.513 136.072 435
-110.254 136.072 435
-111.761 137.01 438
-112.765 137.323 439
-113.513 137.323 439
-114.782 137.949 441
-115.796 138.262 442
-117.34 139.2 445
-118.099 139.2 445
-119.125 139.513 446
-120.154 139.826 447
-120.916 139.826 447
-121.678 139.826 447
-122.44 139.826 447
-123.202 139.826 447
-787.936 673.478 2153
-795.65 676.919 2164
-799.339 676.919 2164
-803.029 676.919 2164
-806.718 676.919 2164
-809.283 675.98 2161
-820.491 682.236 2181
-824.209 682.236 2181
-829.066 683.175 2184
-832.789 683.175 2184
-836.512 683.175 2184
-840.236 683.175 2184
-842.799 682.236 2181
-845.353 681.298 2178
-849.066 681.298 2178
-852.779 681.298 2178
-856.492 681.298 2178
-860.205 681.298 2178
-862.728 680.359 2175
-868.826 682.236 2181
-872.544 682.236 2181
-876.262 682.236 2181
-878.77 681.298 2178
-882.482 681.298 2178
-884.975 680.359 2175
-888.683 680.359 2175
-891.16 679.421 2172
-892.802 677.857 2167
-894.014 675.98 2161
-897.698 675.98 2161
-900.131 675.042 2158
-902.553 674.103 2155
-905.386 673.478 2153
-909.056 673.478 2153
-910.183 671.601 2147
-913.843 671.601 2147
-916.221 670.662 2144
-919.876 670.662 2144
-923.531 670.662 2144
-927.186 670.662 2144
-929.973 670.037 2142
-933.624 670.037 2142
-935.963 669.098 2139
-938.292 668.16 2136
-940.61 667.221 2133
-944.246 667.221 2133
-945.661 665.657 2128
-949.288 665.657 2128
-951.573 664.719 2125
-955.195 664.719 2125
-958.818 664.719 2125
-961.082 663.781 2122
-960.153 660.653 2112
-963.753 660.653 2112
-967.354 660.653 2112
-969.575 659.714 2109
-971.786 658.776 2106
-975.376 658.776 2106
-978.967 658.776 2106
-980.224 657.212 2101
-982.401 656.273 2098
-985.977 656.273 2098
-989.554 656.273 2098
-992.184 655.648 2096
-995.757 655.648 2096
-999.33 655.648 2096
-1002.9 655.648 2096
-1000.23 651.581 2083
-997.52 647.515 2070
-997.18 645.012 2062
-1000.7 645.012 2062
-1001.78 643.448 2057
-996.485 637.817 2039
-996.529 635.628 2032
-999.993 635.628 2032
-1000 633.438 2025
-997.01 629.372 2012
-996.959 627.182 2005
-1000.38 627.182 2005
-1002.79 626.556 2003
-1003.7 624.992 1998
-1006.09 624.367 1996
-1009.5 624.367 1996
-1011.38 623.428 1993
-1012.23 621.864 1988
-1014.6 621.239 1986
-1017.98 621.239 1986
-1017.77 619.049 1979
734.173 1272.1 4089
727.202 1272.1 4089
720.231 1272.1 4089
711.516 1268.99 4079
706.29 1272.1 4089
699.319 1272.1 4089
692.349 1272.1 4089
683.702 1268.99 4079
675.089 1265.88 4069
668.152 1265.88 4069
661.216 1265.88 4069
654.279 1265.88 4069
648.933 1268.99 4079
641.98 1268.99 4079
635.026 1268.99 4079
550.23 1265.88 4069
543.293 1265.88 4069
536.357 1265.88 4069
529.42 1265.88 4069
522.483 1265.88 4069
-14.36 140.307 451
-15.1289 140.307 451
-15.8977 140.307 451
-16.6666 140.307 451
-17.4354 140.307 451
-18.1639 139.996 450
-18.931 139.996 450
-19.6544 139.685 449
-20.4198 139.685 449
-32.9989 126.308 406
-33.6911 126.308 406
-34.3832 126.308 406
-35.0753 126.308 406
-35.7674 126.308 406
-36.4596 126.308 406
-37.1517 126.308 406
-37.8438 126.308 406
-38.5359 126.308 406
-39.2281 126.308 406
-39.8219 125.997 405
-40.5123 125.997 405
-41.2027 125.997 405
-41.8931 125.997 405
-42.4784 125.686 404
-43.1671 125.686 404
-43.8559 125.686 404
-44.4343 125.374 403
-45.0094 125.063 402
-45.581 124.752 401
-46.2646 124.752 401
-46.9482 124.752 401
-47.6318 124.752 401
-48.1949 124.441 400
-48.8768 124.441 400
-49.5587 124.441 400
-50.2406 124.441 400
-50.7952 124.13 399
-51.4754 124.13 399
-52.1556 124.13 399
-52.8358 124.13 399
-53.516 124.13 399
-54.1962 124.13 399
-54.8764 124.13 399
-55.5566 124.13 399
-56.0958 123.819 398
-56.7743 123.819 398
-57.4528 123.819 398
-58.2774 124.13 399
-58.9576 124.13 399
-59.6378 124.13 399
-60.1668 123.819 398
-60.8453 123.819 398
-61.5238 123.819 398
-62.2022 123.819 398
-62.8807 123.819 398
-63.5592 123.819 398
-64.2377 123.819 398
-64.9162 123.819 398
-65.5947 123.819 398
-66.2732 123.819 398
-66.9517 123.819 398
-67.6302 123.819 398
-68.3086 123.819 398
-68.9871 123.819 398
-69.6656 123.819 398
-70.5209 124.13 399
-71.2011 124.13 399
-71.8813 124.13 399
-72.5614 124.13 399
-73.4252 124.441 400
-74.1071 124.441 400
-74.789 124.441 400
-75.6596 124.752 401
-76.5336 125.063 402
-77.2189 125.063 402
-77.9042 125.063 402
-78.9805 125.686 404
-79.6692 125.686 404
-80.5568 125.997 405
-81.4479 126.308 406
-82.3423 126.619 407
-83.0361 126.619 407
-84.1414 127.241 409
-85.2535 127.863 411
-85.9542 127.863 411
-86.6548 127.863 411
-87.568 128.174 412
-88.2704 128.174 412
-88.9727 128.174 412
-90.5457 129.419 416
-92.1323 130.663 420
-92.8483 130.663 420
-94.2326 131.597 423
-95.4027 132.219 425
-96.3534 132.53 426
-97.0796 132.53 426
-98.0354 132.841 427
-98.9947 133.152 428
-99.7243 133.152 428
-100.689 133.463 429
-101.893 134.085 431
-102.628 134.085 431
-103.362 134.085 431
-104.339 134.396 432
-105.075 134.396 432
-106.056 134.708 433
-106.795 134.708 433
-107.533 134.708 433
-108.521 135.019 434
-109.513 135.33 435
-111.014 136.263 438
-112.016 136.574 439
-113.278 137.196 441
-114.03 137.196 441
-115.042 137.507 442
-116.32 138.13 444
-117.34 138.441 445
-118.364 138.752 446
-119.392 139.063 447
-120.154 139.063 447
-120.916 139.063 447
-121.678 139.063 447
-122.44 139.063 447
-123.202 139.063 447
-791.961 673.227 2164
-795.65 673.227 2164
-799.339 673.227 2164
-803.029 673.227 2164
-806.718 673.227 2164
-810.407 673.227 2164
-818.234 676.649 2175
-821.942 676.649 2175
-830.964 681.004 2189
-834.696 681.004 2189
-838.427 681.004 2189
-842.159 681.004 2189
-844.732 680.071 2186
-848.458 680.071 2186
-851.405 679.449 2184
-855.128 679.449 2184
-857.672 678.515 2181
-861.39 678.515 2181
-865.108 678.515 2181
-868.826 678.515 2181
-872.544 678.515 2181
-876.262 678.515 2181
-877.559 676.649 2175
-881.267 676.649 2175
-884.975 676.649 2175
-888.683 676.649 2175
-891.16 675.715 2172
-890.33 672.293 2161
-894.014 672.293 2161
-897.698 672.293 2161
-900.131 671.36 2158
-902.553 670.427 2155
-905.386 669.804 2153
-909.056 669.804 2153
-910.183 667.938 2147
-913.843 667.938 2147
-916.221 667.005 2144
-919.876 667.005 2144
-923.531 667.005 2144
-927.186 667.005 2144
-929.973 666.382 2142
-933.624 666.382 2142
-935.963 665.449 2139
-938.292 664.516 2136
-940.61 663.582 2133
-944.246 663.582 2133
-945.661 662.027 2128
-949.288 662.027 2128
-951.573 661.094 2125
-955.195 661.094 2125
-958.818 661.094 2125
-961.082 660.16 2122
-960.153 657.049 2112
-963.753 657.049 2112
-967.354 657.049 2112
-969.575 656.116 2109
-971.786 655.183 2106
-975.376 655.183 2106
-978.967 655.183 2106
-978.824 652.694 2098
-982.401 652.694 2098
-985.977 652.694 2098
-988.611 652.072 2096
-992.184 652.072 2096
-995.757 652.072 2096
-999.33 652.072 2096
-1000.51 650.516 2091
-998.793 647.094 2080
-995.111 642.427 2065
-994.762 639.939 2057
-998.269 639.939 2057
-996.906 636.828 2047
-996.485 634.339 2039
-996.529 632.161 2032
-999.993 632.161 2032
-1000 629.983 2025
-997.01 625.939 2012
-996.959 623.761 2005
-1000.38 623.761 2005
-1002.79 623.139 2003
-1003.7 621.583 1998
-1006.09 620.961 1996
-1009.5 620.961 1996
-1011.38 620.028 1993
-1012.23 618.472 1988
-1014.6 617.85 1986
-1017.98 617.85 1986
-1017.77 615.673 1979
706.29 1265.12 4089
699.319 1265.12 4089
692.349 1265.12 4089
683.702 1262.03 4079
675.089 1258.94 4069
668.152 1258.94 4069
661.216 1258.94 4069
654.279 1258.94 4069
648.933 1262.03 4079
641.98 1262.03 4079
635.026 1262.03 4079
550.23 1258.94 4069
543.293 1258.94 4069
536.357 1258.94 4069
529.42 1258.94 4069
522.483 1258.94 4069
-14.4237 140.157 453
-15.196 140.157 453
-15.9682 140.157 453
-16.7405 140.157 453
-17.5127 140.157 453
-18.2043 139.538 451
-18.931 139.229 450
-19.8295 140.157 453
-20.6017 140.157 453
-21.374 140.157 453
-22.8173 139.538 451
-23.5861 139.538 451
-24.355 139.538 451
-33.0802 125.924 407
-33.774 125.924 407
-34.4679 125.924 407
-35.1617 125.924 407
-35.8555 125.924 407
-36.4596 125.615 406
-37.1517 125.615 406
-37.8438 125.615 406
-38.5359 125.615 406
-39.2281 125.615 406
-39.8219 125.306 405
-40.5123 125.306 405
-41.2027 125.306 405
-41.8931 125.306 405
-42.5836 125.306 405
-43.1671 124.996 404
-43.8559 124.996 404
-44.5446 124.996 404
-45.1213 124.687 403
-45.6947 124.377 402
-46.38 124.377 402
-46.9482 124.068 401
-47.6318 124.068 401
-48.3154 124.068 401
-48.999 124.068 401
-49.5587 123.759 400
-50.2406 123.759 400
-50.9225 123.759 400
-51.6044 123.759 400
-52.2863 123.759 400
-52.9682 123.759 400
-53.516 123.449 399
-54.1962 123.449 399
-54.8764 123.449 399
-55.5566 123.449 399
-56.2368 123.449 399
-56.917 123.449 399
-57.5972 123.449 399
-58.2774 123.449 399
-58.9576 123.449 399
-59.6378 123.449 399
-60.1668 123.14 398
-60.8453 123.14 398
-61.5238 123.14 398
-62.2022 123.14 398
-62.8807 123.14 398
-63.5592 123.14 398
-64.2377 123.14 398
-64.9162 123.14 398
-65.5947 123.14 398
-66.2732 123.14 398
-66.9517 123.14 398
-67.6302 123.14 398
-68.3086 123.14 398
-68.9871 123.14 398
-69.6656 123.14 398
-70.5209 123.449 399
-71.2011 123.449 399
-71.8813 123.449 399
-72.5614 123.449 399
-73.4252 123.759 400
-74.1071 123.759 400
-74.789 123.759 400
-75.8483 124.377 402
-76.5336 124.377 402
-77.2189 124.377 402
-78.098 124.687 403
-79.176 125.306 405
-79.8664 125.306 405
-80.7557 125.615 406
-81.6485 125.924 407
-82.5446 126.234 408
-83.2402 126.234 408
-84.3471 126.853 410
-85.2535 127.162 411
-85.9542 127.162 411
-86.6548 127.162 411
-87.568 127.471 412
-88.4846 127.781 413
-89.1887 127.781 413
-90.7634 129.018 417
-92.1323 129.947 420
-92.8483 129.947 420
-94.4554 131.184 424
-95.6272 131.803 426
-96.5796 132.112 427
-97.3075 132.112 427
-98.265 132.422 428
-99.226 132.731 429
-99.9573 132.731 429
-101.158 133.35 431
-101.893 133.35 431
-102.866 133.659 432
-103.602 133.659 432
-104.58 133.969 433
-105.318 133.969 433
-106.056 133.969 433
-106.795 133.969 433
-107.781 134.278 434
-109.521 135.516 438
-110.268 135.516 438
-111.268 135.825 439
-112.271 136.135 440
-113.278 136.444 441
-114.03 136.444 441
-115.303 137.063 443
-116.582 137.682 445
-117.34 137.682 445
-118.364 137.991 446
-119.392 138.3 447
-120.154 138.3 447
-120.916 138.3 447
-121.678 138.3 447
-122.44 138.3 447
-123.202 138.3 447
-788.571 672.938 2175
-792.279 672.938 2175
-795.987 672.938 2175
-799.695 672.938 2175
-803.403 672.938 2175
-805.997 672.01 2172
-808.582 671.082 2169
-813.403 672.01 2172
-818.234 672.938 2175
-821.942 672.938 2175
-832.103 678.198 2192
-835.84 678.198 2192
-839.577 678.198 2192
-843.313 678.198 2192
-847.05 678.198 2192
-850.787 678.198 2192
-853.354 677.27 2189
-857.086 677.27 2189
-858.851 675.723 2184
-862.575 675.723 2184
-866.298 675.723 2184
-870.818 676.341 2186
-874.544 676.341 2186
-878.271 676.341 2186
-877.559 672.938 2175
-881.267 672.938 2175
-883.754 672.01 2172
-887.457 672.01 2172
-889.929 671.082 2169
-890.33 668.606 2161
-892.773 667.678 2158
-896.452 667.678 2158
-898.88 666.75 2155
-902.553 666.75 2155
-904.124 665.203 2150
-907.79 665.203 2150
-910.183 664.275 2147
-912.566 663.347 2144
-916.221 663.347 2144
-919.876 663.347 2144
-922.67 662.728 2142
-926.321 662.728 2142
-928.67 661.8 2139
-932.317 661.8 2139
-935.963 661.8 2139
-936.974 659.943 2133
-940.61 659.943 2133
-944.246 659.943 2133
-945.661 658.396 2128
-949.288 658.396 2128
-951.573 657.468 2125
-955.195 657.468 2125
-958.818 657.468 2125
-961.082 656.54 2122
-960.153 653.446 2112
-963.753 653.446 2112
-967.354 653.446 2112
-969.575 652.518 2109
-971.786 651.59 2106
-975.376 651.59 2106
-978.037 650.971 2104
-978.824 649.114 2098
-980.06 647.567 2093
-983.628 647.567 2093
-986.252 646.949 2091
-989.817 646.949 2091
-993.382 646.949 2091
-996.946 646.949 2091
-995.247 643.545 2080
-994.952 641.07 2072
-988.846 634.882 2052
-989.926 633.335 2047
-993.416 633.335 2047
-992.036 630.241 2037
-993.065 628.694 2032
-993.096 626.528 2025
-996.548 626.528 2025
-993.58 622.506 2012
-993.541 620.341 2005
-994.473 618.794 2000
-997.883 618.794 2000
-997.788 616.628 1993
-1000.18 616.009 1991
-1003.57 616.009 1991
-1006.97 616.009 1991
-1008.84 615.081 1988
-1010.19 613.843 1984
-1011.02 612.296 1979
-1014.39 612.296 1979
-1016.74 611.677 1977
697.609 1255.07 4079
690.655 1255.07 4079
683.702 1255.07 4079
675.089 1251.99 4069
668.152 1251.99 4069
661.216 1251.99 4069
654.279 1251.99 4069
647.342 1251.99 4069
550.23 1251.99 4069
543.293 1251.99 4069
536.357 1251.99 4069
529.42 1251.99 4069
522.483 1251.99 4069
-14.4237 139.384 453
-15.196 139.384 453
-15.9682 139.384 453
-16.7405 139.384 453
-17.5127 139.384 453
-18.2043 138.768 451
-18.931 138.461 450
-19.8295 139.384 453
-20.6017 139.384 453
-21.374 139.384 453
-22.8173 138.768 451
-23.5861 138.768 451
-24.355 138.768 451
-33.0802 125.23 407
-33.774 125.23 407
-34.4679 125.23 407
-35.1617 125.23 407
-35.8555 125.23 407
-36.5494 125.23 407
-37.1517 124.922 406
-37.8438 124.922 406
-38.5359 124.922 406
-39.2281 124.922 406
-39.9202 124.922 406
-40.5123 124.615 405
-41.2027 124.615 405
-41.8931 124.615 405
-42.5836 124.615 405
-43.1671 124.307 404
-43.8559 124.307 404
-44.5446 124.307 404
-45.1213 123.999 403
-45.6947 123.692 402
-46.38 123.692 402
-47.0653 123.692 402
-47.6318 123.384 401
-48.3154 123.384 401
-48.999 123.384 401
-49.5587 123.076 400
-50.2406 123.076 400
-50.9225 123.076 400
-51.6044 123.076 400
-52.2863 123.076 400
-52.9682 123.076 400
-53.6501 123.076 400
-54.332 123.076 400
-54.8764 122.769 399
-55.5566 122.769 399
-56.2368 122.769 399
-56.917 122.769 399
-57.5972 122.769 399
-58.2774 122.769 399
-58.9576 122.769 399
-59.6378 122.769 399
-60.318 122.769 399
-60.9981 122.769 399
-61.5238 122.461 398
-62.2022 122.461 398
-62.8807 122.461 398
-63.5592 122.461 398
-64.2377 122.461 398
-64.9162 122.461 398
-65.5947 122.461 398
-66.2732 122.461 398
-66.9517 122.461 398
-67.8001 122.769 399
-68.4803 122.769 399
-69.1605 122.769 399
-69.8407 122.769 399
-70.5209 122.769 399
-71.2011 122.769 399
-71.8813 122.769 399
-72.7433 123.076 400
-73.4252 123.076 400
-74.1071 123.076 400
-74.976 123.384 401
-75.8483 123.692 402
-76.5336 123.692 402
-77.2189 123.692 402
-78.098 123.999 403
-79.176 124.615 405
-79.8664 124.615 405
-80.7557 124.922 406
-81.6485 125.23 407
-82.5446 125.538 408
-83.2402 125.538 408
-84.3471 126.153 410
-85.2535 126.461 411
-85.9542 126.461 411
-86.6548 126.461 411
-87.568 126.769 412
-88.4846 127.076 413
-89.1887 127.076 413
-90.7634 128.307 417
-92.1323 129.23 420
-92.8483 129.23 420
-94.4554 130.461 424
-95.6272 131.076 426
-96.5796 131.384 427
-97.3075 131.384 427
-98.265 131.692 428
-99.6886 132.615 431
-100.423 132.615 431
-101.393 132.922 432
-102.129 132.922 432
-103.104 133.23 433
-103.842 133.23 433
-104.58 133.23 433
-105.561 133.538 434
-106.301 133.538 434
-107.534 134.153 436
-108.774 134.768 438
-109.771 135.076 439
-110.52 135.076 439
-111.521 135.384 440
-112.271 135.384 440
-113.535 135.999 442
-114.289 135.999 442
-115.823 136.922 445
-116.844 137.23 446
-117.604 137.23 446
-118.63 137.538 447
-119.392 137.538 447
-120.154 137.538 447
-120.916 137.538 447
-121.678 137.538 447
-122.44 137.538 447
-123.202 137.538 447
-788.571 669.227 2175
-792.279 669.227 2175
-795.987 669.227 2175
-799.695 669.227 2175
-803.403 669.227 2175
-805.997 668.304 2172
-808.582 667.381 2169
-813.403 668.304 2172
-818.234 669.227 2175
-821.942 669.227 2175
-832.103 674.458 2192
-835.84 674.458 2192
-839.577 674.458 2192
-843.313 674.458 2192
-847.05 674.458 2192
-850.787 674.458 2192
-853.354 673.535 2189
-857.086 673.535 2189
-858.851 671.996 2184
-862.575 671.996 2184
-866.298 671.996 2184
-870.818 672.612 2186
-874.544 672.612 2186
-878.271 672.612 2186
-878.77 670.15 2178
-881.267 669.227 2175
-883.754 668.304 2172
-887.457 668.304 2172
-889.929 667.381 2169
-890.33 664.919 2161
-892.773 663.996 2158
-896.452 663.996 2158
-898.88 663.073 2155
-902.553 663.073 2155
-904.124 661.535 2150
-907.79 661.535 2150
-910.183 660.612 2147
-912.566 659.689 2144
-916.221 659.689 2144
-919.876 659.689 2144
-922.67 659.073 2142
-926.321 659.073 2142
-928.67 658.15 2139
-932.317 658.15 2139
-935.963 658.15 2139
-936.974 656.304 2133
-940.61 656.304 2133
-944.246 656.304 2133
-945.661 654.766 2128
-947.95 653.843 2125
-950.229 652.92 2122
-953.847 652.92 2122
-957.464 652.92 2122
-960.176 652.304 2120
-960.153 649.843 2112
-963.753 649.843 2112
-964.606 647.997 2106
-968.196 647.997 2106
-970.863 647.381 2104
-974.45 647.381 2104
-975.248 645.535 2098
-976.492 643.997 2093
-977.718 642.458 2088
-981.278 642.458 2088
-982.479 640.92 2083
-986.03 640.92 2083
-989.581 640.92 2083
-993.132 640.92 2083
-991.42 637.535 2072
-985.348 631.381 2052
-982.582 627.381 2039
-980.254 623.689 2027
-983.71 623.689 2027
-986.191 623.074 2025
-985.734 620.612 2017
-986.72 619.074 2012
-990.15 619.074 2012
-990.123 616.92 2005
-991.064 615.381 2000
-990.993 613.227 1993
-994.39 613.227 1993
-996.786 612.612 1991
-997.669 611.074 1986
-1001.05 611.074 1986
-1004.44 611.074 1986
-1006.81 610.458 1984
-1008.67 609.535 1981
-1010 608.304 1977
-1013.37 608.304 1977
-1015.2 607.381 1974
695.899 1245.05 4069
688.962 1245.05 4069
682.026 1245.05 4069
675.089 1245.05 4069
668.152 1245.05 4069
661.216 1245.05 4069
654.279 1245.05 4069
647.342 1245.05 4069
550.23 1245.05 4069
543.293 1245.05 4069
536.357 1245.05 4069
-14.4237 138.611 453
-15.196 138.611 453
-15.9682 138.611 453
-16.7405 138.611 453
-17.5127 138.611 453
-18.285 138.611 453
-19.0572 138.611 453
-19.8733 138.917 454
-20.6472 138.917 454
-21.4212 138.917 454
-22.1951 138.917 454
-22.9691 138.917 454
-23.6907 138.611 453
-24.355 137.999 451
-25.1238 137.999 451
-25.8353 137.693 450
-26.6024 137.693 450
-33.0802 124.536 407
-33.774 124.536 407
-34.4679 124.536 407
-35.1617 124.536 407
-35.8555 124.536 407
-36.5494 124.536 407
-37.1517 124.23 406
-37.8438 124.23 406
-38.5359 124.23 406
-39.2281 124.23 406
-39.9202 124.23 406
-40.5123 123.924 405
-41.2027 123.924 405
-41.8931 123.924 405
-42.5836 123.924 405
-43.1671 123.618 404
-43.8559 123.618 404
-44.5446 123.618 404
-45.1213 123.312 403
-45.6947 123.006 402
-46.38 123.006 402
-47.0653 123.006 402
-47.7506 123.006 402
-48.3154 122.7 401
-48.999 122.7 401
-49.6826 122.7 401
-50.2406 122.394 400
-50.9225 122.394 400
-51.6044 122.394 400
-52.2863 122.394 400
-52.9682 122.394 400
-53.6501 122.394 400
-54.332 122.394 400
-55.0139 122.394 400
-55.5566 122.088 399
-56.2368 122.088 399
-56.917 122.088 399
-57.5972 122.088 399
-58.2774 122.088 399
-58.9576 122.088 399
-59.6378 122.088 399
-60.318 122.088 399
-60.9981 122.088 399
-61.6783 122.088 399
-62.3585 122.088 399
-63.0387 122.088 399
-63.7189 122.088 399
-64.3991 122.088 399
-65.0793 122.088 399
-65.7595 122.088 399
-66.4397 122.088 399
-67.1199 122.088 399
-67.8001 122.088 399
-68.4803 122.088 399
-69.1605 122.088 399
-69.8407 122.088 399
-70.5209 122.088 399
-71.2011 122.088 399
-72.0614 122.394 400
-72.7433 122.394 400
-73.6088 122.7 401
-74.2924 122.7 401
-75.1629 123.006 402
-75.8483 123.006 402
-76.7239 123.312 403
-77.411 123.312 403
-78.2918 123.618 404
-79.176 123.924 405
-79.8664 123.924 405
-80.7557 124.23 406
-81.6485 124.536 407
-82.5446 124.842 408
-83.2402 124.842 408
-84.3471 125.454 410
-85.2535 125.76 411
-85.9542 125.76 411
-86.6548 125.76 411
-87.568 126.066 412
-88.4846 126.372 413
-89.1887 126.372 413
-90.981 127.902 418
-92.7904 129.431 423
-93.5115 129.431 423
-94.6782 130.043 425
-95.6272 130.349 426
-96.5796 130.655 427
-97.3075 130.655 427
-98.4946 131.267 429
-99.6886 131.879 431
-100.423 131.879 431
-101.393 132.185 432
-102.129 132.185 432
-103.104 132.491 433
-103.842 132.491 433
-104.58 132.491 433
-105.561 132.797 434
-106.301 132.797 434
-107.534 133.409 436
-108.774 134.021 438
-109.771 134.327 439
-110.52 134.327 439
-111.521 134.633 440
-112.271 134.633 440
-113.535 135.245 442
-114.289 135.245 442
-115.823 136.163 445
-116.844 136.469 446
-117.604 136.469 446
-118.63 136.775 447
-119.392 136.775 447
-120.154 136.775 447
-120.916 136.775 447
-121.678 136.775 447
-788.571 665.516 2175
-792.279 665.516 2175
-795.987 665.516 2175
-799.695 665.516 2175
-803.403 665.516 2175
-807.11 665.516 2175
-809.7 664.598 2172
-813.403 664.598 2172
-817.105 664.598 2172
-821.942 665.516 2175
-834.381 672.554 2198
-838.128 672.554 2198
-841.875 672.554 2198
-845.622 672.554 2198
-848.209 671.636 2195
-851.951 671.636 2195
-854.524 670.718 2192
-858.261 670.718 2192
-861.997 670.718 2192
-865.734 670.718 2192
-867.091 668.882 2186
-870.818 668.882 2186
-874.544 668.882 2186
-878.271 668.882 2186
-878.77 666.434 2178
-880.051 664.598 2172
-882.534 663.68 2169
-886.231 663.68 2169
-889.929 663.68 2169
-890.33 661.233 2161
-892.773 660.315 2158
-896.452 660.315 2158
-898.88 659.397 2155
-901.716 658.785 2153
-904.124 657.867 2150
-907.79 657.867 2150
-910.183 656.949 2147
-912.566 656.031 2144
-916.221 656.031 2144
-919.876 656.031 2144
-922.67 655.419 2142
-925.024 654.501 2139
-928.67 654.501 2139
-932.317 654.501 2139
-934.65 653.583 2136
-936.974 652.665 2133
-939.728 652.053 2131
-943.361 652.053 2131
-945.661 651.135 2128
-947.95 650.217 2125
-950.229 649.299 2122
-953.847 649.299 2122
-957.464 649.299 2122
-960.176 648.687 2120
-960.153 646.239 2112
-963.753 646.239 2112
-964.606 644.403 2106
-968.196 644.403 2106
-970.863 643.792 2104
-974.45 643.792 2104
-975.248 641.956 2098
-976.492 640.426 2093
-977.718 638.896 2088
-981.278 638.896 2088
-982.479 637.366 2083
-986.03 637.366 2083
-989.581 637.366 2083
-993.132 637.366 2083
-991.42 634 2072
-985.348 627.88 2052
-982.582 623.902 2039
-980.254 620.231 2027
-983.71 620.231 2027
-986.191 619.619 2025
-981.335 614.417 2008
-983.287 613.499 2005
-986.705 613.499 2005
-987.654 611.969 2000
-987.595 609.827 1993
-988.506 608.297 1988
-991.895 608.297 1988
-994.283 607.685 1986
-997.669 607.685 1986
-1000.05 607.073 1984
-1003.43 607.073 1984
-1005.29 606.155 1981
-1006.63 604.931 1977
-1008.47 604.013 1974
-1011.83 604.013 1974
-1014.17 603.401 1972
695.899 1238.11 4069
688.962 1238.11 4069
682.026 1238.11 4069
675.089 1238.11 4069
668.152 1238.11 4069
661.216 1238.11 4069
654.279 1238.11 4069
647.342 1238.11 4069
-15.196 137.838 453
-16.0035 138.142 454
-16.7774 138.142 454
-17.5514 138.142 454
-18.3253 138.142 454
-19.0993 138.142 454
-19.8733 138.142 454
-20.6472 138.142 454
-21.4212 138.142 454
-22.1951 138.142 454
-22.9691 138.142 454
-23.6907 137.838 453
-24.409 137.534 452
-25.1238 137.23 451
-25.8353 136.925 450
-26.6024 136.925 450
-27.2479 136.317 448
-34.6039 126.884 417
-35.3147 126.884 417
-36.0256 126.884 417
-36.3841 125.667 413
-37.0882 125.667 413
-37.2432 123.841 407
-37.8438 123.537 406
-38.5359 123.537 406
-39.2281 123.537 406
-39.9202 123.537 406
-40.5123 123.233 405
-41.2027 123.233 405
-41.8931 123.233 405
-42.5836 123.233 405
-43.1671 122.928 404
-43.8559 122.928 404
-44.5446 122.928 404
-45.1213 122.624 403
-45.6947 122.32 402
-46.38 122.32 402
-47.0653 122.32 402
-47.7506 122.32 402
-48.3154 122.016 401
-48.999 122.016 401
-49.6826 122.016 401
-50.2406 121.711 400
-50.9225 121.711 400
-51.6044 121.711 400
-52.2863 121.711 400
-52.9682 121.711 400
-53.6501 121.711 400
-54.332 121.711 400
-55.0139 121.711 400
-55.5566 121.407 399
-56.2368 121.407 399
-56.917 121.407 399
-57.5972 121.407 399
-58.2774 121.407 399
-58.9576 121.407 399
-59.6378 121.407 399
-60.318 121.407 399
-60.9981 121.407 399
-61.6783 121.407 399
-62.3585 121.407 399
-63.0387 121.407 399
-63.7189 121.407 399
-64.3991 121.407 399
-65.0793 121.407 399
-65.7595 121.407 399
-66.4397 121.407 399
-67.1199 121.407 399
-67.8001 121.407 399
-68.4803 121.407 399
-69.1605 121.407 399
-69.8407 121.407 399
-70.5209 121.407 399
-71.2011 121.407 399
-72.0614 121.711 400
-72.7433 121.711 400
-73.6088 122.016 401
-74.2924 122.016 401
-75.1629 122.32 402
-76.0369 122.624 403
-76.7239 122.624 403
-77.6031 122.928 404
-78.2918 122.928 404
-79.176 123.233 405
-79.8664 123.233 405
-80.9546 123.841 407
-81.8491 124.146 408
-82.7469 124.45 409
-83.4442 124.45 409
-84.3471 124.754 410
-85.2535 125.058 411
-85.9542 125.058 411
-86.6548 125.058 411
-87.568 125.363 412
-88.4846 125.667 413
-89.1887 125.667 413
-90.981 127.188 418
-93.0098 129.014 424
-93.7326 129.014 424
-94.901 129.623 426
-95.8517 129.927 427
-96.5796 129.927 427
-97.7633 130.535 429
-98.9538 131.144 431
-99.9198 131.448 432
-100.656 131.448 432
-101.393 131.448 432
-102.366 131.753 433
-103.104 131.753 433
-103.842 131.753 433
-104.822 132.057 434
-106.048 132.665 436
-106.791 132.665 436
-108.028 133.274 438
-109.023 133.578 439
-110.021 133.883 440
-110.771 133.883 440
-111.521 133.883 440
-112.527 134.187 441
-113.535 134.491 442
-115.065 135.404 445
-116.083 135.708 446
-117.106 136.012 447
-117.868 136.012 447
-118.63 136.012 447
-119.392 136.012 447
-120.154 136.012 447
-120.916 136.012 447
-121.678 136.012 447
-792.279 661.806 2175
-795.987 661.806 2175
-799.695 661.806 2175
-803.403 661.806 2175
-807.11 661.806 2175
-809.7 660.893 2172
-813.403 660.893 2172
-817.105 660.893 2172
-821.942 661.806 2175
-834.381 668.804 2198
-838.128 668.804 2198
-841.875 668.804 2198
-845.622 668.804 2198
-848.209 667.891 2195
-851.951 667.891 2195
-854.524 666.978 2192
-859.435 667.891 2195
-863.177 667.891 2195
-866.919 667.891 2195
-869.471 666.978 2192
-872.013 666.066 2189
-874.544 665.153 2186
-878.271 665.153 2186
-879.98 663.631 2181
-880.051 660.893 2172
-882.534 659.98 2169
-886.231 659.98 2169
-889.929 659.98 2169
-889.094 656.633 2158
-892.773 656.633 2158
-896.452 656.633 2158
-898.045 655.112 2153
-901.716 655.112 2153
-902.863 653.286 2147
-906.523 653.286 2147
-908.911 652.373 2144
-912.566 652.373 2144
-915.366 651.764 2142
-919.018 651.764 2142
-921.377 650.852 2139
-925.024 650.852 2139
-927.368 649.939 2136
-931.009 649.939 2136
-933.338 649.026 2133
-936.974 649.026 2133
-939.728 648.417 2131
-943.361 648.417 2131
-945.661 647.505 2128
-946.612 645.679 2122
-950.229 645.679 2122
-953.847 645.679 2122
-956.562 645.07 2120
-958.817 644.157 2117
-960.153 642.636 2112
-963.753 642.636 2112
-963.69 640.202 2104
-965.897 639.289 2101
-968.095 638.376 2098
-971.671 638.376 2098
-972.924 636.855 2093
-974.159 635.333 2088
-973.972 632.899 2080
-977.518 632.899 2080
-981.064 632.899 2080
-984.61 632.899 2080
-987.206 632.291 2078
-990.748 632.291 2078
-989.027 628.944 2067
-979.106 620.424 2039
-976.799 616.772 2027
-977.836 615.251 2022
-981.283 615.251 2022
-981.321 613.121 2015
-981.335 610.991 2008
-983.287 610.078 2005
-986.705 610.078 2005
-987.654 608.557 2000
-987.595 606.427 1993
-988.506 604.906 1988
-991.895 604.906 1988
-994.283 604.297 1986
-997.669 604.297 1986
-1000.05 603.688 1984
-1003.43 603.688 1984
-1005.29 602.776 1981
-1006.63 601.558 1977
-1008.47 600.646 1974
-1011.83 600.646 1974
-1014.17 600.037 1972
685.576 1225.12 4049
678.673 1225.12 4049
671.771 1225.12 4049
664.868 1225.12 4049
657.966 1225.12 4049
651.063 1225.12 4049
-15.196 137.065 453
-16.0035 137.368 454
-16.7774 137.368 454
-17.5514 137.368 454
-18.3253 137.368 454
-19.0993 137.368 454
-19.8733 137.368 454
-20.6472 137.368 454
-21.4212 137.368 454
-22.1951 137.368 454
-22.9691 137.368 454
-23.6907 137.065 453
-24.463 137.065 453
-25.1238 136.46 451
-25.8353 136.158 450
-26.6024 136.158 450
-27.3087 135.855 449
-27.9491 135.25 447
-28.6469 134.947 446
-29.4072 134.947 446
-34.0555 126.778 419
-34.7698 126.778 419
-35.4841 126.778 419
-36.1984 126.778 419
-36.7365 126.173 417
-37.178 125.265 414
-37.2432 123.147 407
-37.8438 122.844 406
-38.5359 122.844 406
-39.2281 122.844 406
-39.9202 122.844 406
-40.5123 122.542 405
-41.2027 122.542 405
-41.8931 122.542 405
-42.5836 122.542 405
-43.274 122.542 405
-43.9644 122.542 405
-44.5446 122.239 404
-45.2333 122.239 404
-45.8083 121.937 403
-46.4954 121.937 403
-47.0653 121.634 402
-47.7506 121.634 402
-48.4359 121.634 402
-49.1212 121.634 402
-49.6826 121.332 401
-50.3662 121.332 401
-50.9225 121.029 400
-51.6044 121.029 400
-52.2863 121.029 400
-52.9682 121.029 400
-53.6501 121.029 400
-54.332 121.029 400
-55.0139 121.029 400
-55.5566 120.726 399
-56.2368 120.726 399
-56.917 120.726 399
-57.5972 120.726 399
-58.2774 120.726 399
-58.9576 120.726 399
-59.6378 120.726 399
-60.318 120.726 399
-60.9981 120.726 399
-61.6783 120.726 399
-62.3585 120.726 399
-63.0387 120.726 399
-63.7189 120.726 399
-64.3991 120.726 399
-65.0793 120.726 399
-65.7595 120.726 399
-66.4397 120.726 399
-67.1199 120.726 399
-67.8001 120.726 399
-68.4803 120.726 399
-69.1605 120.726 399
-69.8407 120.726 399
-70.5209 120.726 399
-71.2011 120.726 399
-72.0614 121.029 400
-72.7433 121.029 400
-73.6088 121.332 401
-74.2924 121.332 401
-75.1629 121.634 402
-76.2256 122.239 404
-76.9143 122.239 404
-77.6031 122.239 404
-78.4856 122.542 405
-79.3715 122.844 406
-80.0636 122.844 406
-80.9546 123.147 407
-82.0497 123.752 409
-82.9492 124.055 410
-83.6482 124.055 410
-84.5529 124.357 411
-85.2535 124.357 411
-85.9542 124.357 411
-86.8657 124.66 412
-87.568 124.66 412
-88.4846 124.962 413
-89.1887 124.962 413
-91.1987 126.778 419
-93.0098 128.291 424
-93.7326 128.291 424
-94.901 128.896 426
-95.8517 129.198 427
-96.5796 129.198 427
-97.9912 130.106 430
-98.9538 130.409 431
-99.9198 130.711 432
-100.656 130.711 432
-101.393 130.711 432
-102.366 131.014 433
-103.104 131.014 433
-103.842 131.014 433
-104.822 131.316 434
-106.048 131.922 436
-106.791 131.922 436
-108.274 132.829 439
-109.271 133.132 440
-110.271 133.434 441
-111.023 133.434 441
-111.775 133.434 441
-113.037 134.04 443
-113.792 134.04 443
-115.323 134.947 446
-116.604 135.552 448
-117.368 135.552 448
-118.131 135.552 448
-119.161 135.855 449
-119.926 135.855 449
-120.691 135.855 449
-121.457 135.855 449
-121.678 135.25 447
-779.812 653.859 2161
-783.495 653.859 2161
-792.279 658.095 2175
-795.987 658.095 2175
-799.695 658.095 2175
-803.403 658.095 2175
-807.11 658.095 2175
-809.7 657.187 2172
-813.403 657.187 2172
-817.105 657.187 2172
-824.209 659.91 2181
-834.381 665.054 2198
-838.128 665.054 2198
-841.875 665.054 2198
-845.622 665.054 2198
-848.209 664.146 2195
-851.951 664.146 2195
-854.524 663.239 2192
-859.435 664.146 2195
-863.177 664.146 2195
-866.919 664.146 2195
-870.661 664.146 2195
-873.208 663.239 2192
-876.945 663.239 2192
-880.681 663.239 2192
-881.19 660.818 2184
-881.267 658.095 2175
-883.754 657.187 2172
-887.457 657.187 2172
-889.929 656.279 2169
-889.094 652.951 2158
-892.773 652.951 2158
-896.452 652.951 2158
-898.88 652.043 2155
-901.716 651.438 2153
-902.863 649.623 2147
-906.523 649.623 2147
-910.183 649.623 2147
-912.566 648.715 2144
-915.366 648.11 2142
-919.018 648.11 2142
-921.377 647.202 2139
-925.024 647.202 2139
-927.368 646.294 2136
-931.009 646.294 2136
-933.338 645.387 2133
-936.974 645.387 2133
-938.405 643.874 2128
-942.033 643.874 2128
-944.328 642.966 2125
-946.612 642.059 2122
-947.99 640.546 2117
-951.599 640.546 2117
-955.208 640.546 2117
-958.817 640.546 2117
-957.425 637.217 2106
-961.016 637.217 2106
-963.69 636.612 2104
-964.518 634.797 2098
-967.172 634.192 2096
-970.745 634.192 2096
-972.924 633.284 2093
-970.426 629.35 2080
-973.036 628.745 2078
-976.578 628.745 2078
-980.121 628.745 2078
-983.663 628.745 2078
-981.98 625.417 2067
-985.503 625.417 2067
-984.242 622.391 2057
-976.705 615.432 2034
-974.389 611.801 2022
-974.451 609.683 2015
-977.886 609.683 2015
-977.912 607.565 2008
-979.869 606.658 2005
-979.854 604.54 1998
-983.26 604.54 1998
-985.679 603.934 1996
-987.595 603.027 1993
-987.512 600.909 1986
-990.898 600.909 1986
-994.283 600.909 1986
-994.152 598.791 1979
-997.526 598.791 1979
-1000.9 598.791 1979
-1003.26 598.186 1977
-1005.1 597.278 1974
-1007.44 596.673 1972
-1010.81 596.673 1972
-1011.6 595.16 1967
-16.0035 136.593 454
-16.7774 136.593 454
-17.5514 136.593 454
-18.3253 136.593 454
-19.0993 136.593 454
-19.8733 136.593 454
-20.6472 136.593 454
-21.4212 136.593 454
-22.1951 136.593 454
-22.9691 136.593 454
-23.6907 136.292 453
-24.463 136.292 453
-25.1238 135.691 451
-25.8353 135.39 450
-26.6024 135.39 450
-27.3087 135.089 449
-28.0116 134.788 448
-28.7111 134.487 447
-29.4731 134.487 447
-33.8187 127.868 425
-34.5432 127.868 425
-35.2677 127.868 425
-35.8229 127.266 423
-36.1984 126.063 419
-36.8246 125.762 418
-37.4474 125.461 417
-38.1583 125.461 417
-37.8438 122.152 406
-38.5359 122.152 406
-39.2281 122.152 406
-39.9202 122.152 406
-40.5123 121.851 405
-41.2027 121.851 405
-41.8931 121.851 405
-42.5836 121.851 405
-43.274 121.851 405
-43.9644 121.851 405
-44.5446 121.55 404
-45.2333 121.55 404
-45.8083 121.249 403
-46.4954 121.249 403
-47.0653 120.948 402
-47.7506 120.948 402
-48.4359 120.948 402
-49.1212 120.948 402
-49.8065 120.948 402
-50.4918 120.948 402
-51.0498 120.647 401
-51.7334 120.647 401
-52.417 120.647 401
-52.9682 120.346 400
-53.6501 120.346 400
-54.332 120.346 400
-55.0139 120.346 400
-55.6958 120.346 400
-56.3777 120.346 400
-57.0596 120.346 400
-57.7415 120.346 400
-58.4234 120.346 400
-58.9576 120.046 399
-59.6378 120.046 399
-60.318 120.046 399
-60.9981 120.046 399
-61.6783 120.046 399
-62.3585 120.046 399
-63.0387 120.046 399
-63.7189 120.046 399
-64.3991 120.046 399
-65.0793 120.046 399
-65.7595 120.046 399
-66.4397 120.046 399
-67.1199 120.046 399
-67.8001 120.046 399
-68.4803 120.046 399
-69.1605 120.046 399
-69.8407 120.046 399
-70.6976 120.346 400
-71.3795 120.346 400
-72.0614 120.346 400
-72.9252 120.647 401
-73.6088 120.647 401
-74.2924 120.647 401
-75.3499 121.249 403
-76.2256 121.55 404
-76.9143 121.55 404
-77.6031 121.55 404
-78.4856 121.851 405
-79.3715 122.152 406
-80.0636 122.152 406
-80.9546 122.453 407
-82.0497 123.054 409
-82.9492 123.355 410
-83.6482 123.355 410
-84.5529 123.656 411
-85.2535 123.656 411
-85.9542 123.656 411
-86.8657 123.957 412
-87.568 123.957 412
-88.4846 124.258 413
-89.1887 124.258 413
-91.1987 126.063 419
-93.0098 127.567 424
-93.7326 127.567 424
-94.901 128.169 426
-95.8517 128.47 427
-96.5796 128.47 427
-97.9912 129.372 430
-98.9538 129.673 431
-100.151 130.275 433
-100.889 130.275 433
-101.627 130.275 433
-102.366 130.275 433
-103.104 130.275 433
-103.842 130.275 433
-104.822 130.576 434
-106.778 132.08 439
-107.526 132.08 439
-108.768 132.682 441
-109.519 132.682 441
-110.771 133.284 443
-111.527 133.284 443
-112.282 133.284 443
-113.547 133.885 445
-114.306 133.885 445
-115.84 134.788 448
-116.864 135.089 449
-117.63 135.089 449
-118.395 135.089 449
-119.161 135.089 449
-120.193 135.39 450
-120.96 135.39 450
-121.727 135.39 450
-122.494 135.39 450
-779.812 650.172 2161
-783.495 650.172 2161
-789.365 651.977 2167
-795.987 654.384 2175
-799.695 654.384 2175
-803.403 654.384 2175
-807.11 654.384 2175
-808.582 652.579 2169
-812.279 652.579 2169
-815.977 652.579 2169
-824.209 656.189 2181
-829.066 657.092 2184
-834.696 658.596 2189
-838.427 658.596 2189
-842.159 658.596 2189
-847.05 659.499 2192
-850.787 659.499 2192
-854.524 659.499 2192
-859.435 660.401 2195
-863.177 660.401 2195
-866.919 660.401 2195
-870.661 660.401 2195
-873.208 659.499 2192
-876.945 659.499 2192
-880.681 659.499 2192
-881.997 657.694 2186
-881.267 654.384 2175
-884.975 654.384 2175
-888.683 654.384 2175
-891.16 653.481 2172
-891.566 651.075 2164
-892.773 649.269 2158
-896.452 649.269 2158
-900.131 649.269 2158
-902.553 648.367 2155
-904.124 646.862 2150
-907.79 646.862 2150
-910.183 645.96 2147
-913.843 645.96 2147
-916.221 645.057 2144
-919.876 645.057 2144
-921.377 643.553 2139
-925.024 643.553 2139
-927.368 642.65 2136
-931.009 642.65 2136
-933.338 641.748 2133
-936.974 641.748 2133
-938.405 640.243 2128
-942.033 640.243 2128
-944.328 639.341 2125
-946.612 638.438 2122
-947.99 636.934 2117
-951.599 636.934 2117
-955.208 636.934 2117
-958.817 636.934 2117
-957.425 633.624 2106
-961.016 633.624 2106
-963.69 633.023 2104
-964.518 631.217 2098
-967.172 630.616 2096
-970.745 630.616 2096
-972.924 629.713 2093
-969.493 625.2 2078
-971.631 624.297 2075
-975.168 624.297 2075
-978.706 624.297 2075
-979.876 622.793 2070
-981.98 621.891 2067
-985.503 621.891 2067
-984.242 618.882 2057
-975.744 611.36 2032
-971.016 606.245 2015
-973 605.343 2012
-976.43 605.343 2012
-977.912 604.139 2008
-976.448 601.131 1998
-978.874 600.529 1996
-982.276 600.529 1996
-984.197 599.626 1993
-985.117 598.122 1988
-985.026 596.016 1981
-988.403 596.016 1981
-990.779 595.414 1979
-993.148 594.813 1977
-996.518 594.813 1977
-999.888 594.813 1977
-1001.74 593.91 1974
-1003.06 592.706 1970
-1004.89 591.804 1967
-1008.24 591.804 1967
-1010.57 591.202 1965
-16.7774 135.819 454
-17.5514 135.819 454
-18.3253 135.819 454
-19.0993 135.819 454
-19.8733 135.819 454
-20.6472 135.819 454
-21.4212 135.819 454
-22.1951 135.819 454
-22.9691 135.819 454
-23.6907 135.52 453
-24.463 135.52 453
-25.1238 134.921 451
-25.8927 134.921 451
-26.6024 134.622 450
-27.3087 134.323 449
-28.0116 134.024 448
-28.7111 133.725 447
-29.4731 133.725 447
-33.8187 127.143 425
-34.5432 127.143 425
-35.2677 127.143 425
-35.8229 126.545 423
-36.1984 125.348 419
-36.8246 125.049 418
-37.4474 124.75 417
-38.1583 124.75 417
-37.8438 121.459 406
-38.5359 121.459 406
-39.2281 121.459 406
-39.9202 121.459 406
-40.5123 121.16 405
-41.2027 121.16 405
-41.8931 121.16 405
-42.5836 121.16 405
-43.274 121.16 405
-43.9644 121.16 405
-44.6548 121.16 405
-45.2333 120.861 404
-45.922 120.861 404
-46.6107 120.861 404
-47.2995 120.861 404
-47.9882 120.861 404
-48.6769 120.861 404
-49.3656 120.861 404
-49.9304 120.562 403
-50.6174 120.562 403
-51.1771 120.262 402
-51.8625 120.262 402
-52.417 119.963 401
-53.1007 119.963 401
-53.7843 119.963 401
-54.4679 119.963 401
-55.0139 119.664 400
-55.6958 119.664 400
-56.3777 119.664 400
-57.0596 119.664 400
-57.7415 119.664 400
-58.4234 119.664 400
-59.1053 119.664 400
-59.7872 119.664 400
-60.4691 119.664 400
-60.9981 119.365 399
-61.6783 119.365 399
-62.3585 119.365 399
-63.0387 119.365 399
-63.7189 119.365 399
-64.3991 119.365 399
-65.0793 119.365 399
-65.7595 119.365 399
-66.4397 119.365 399
-67.1199 119.365 399
-67.8001 119.365 399
-68.4803 119.365 399
-69.1605 119.365 399
-70.0157 119.664 400
-70.6976 119.664 400
-71.3795 119.664 400
-72.2416 119.963 401
-72.9252 119.963 401
-73.9759 120.562 403
-74.6629 120.562 403
-75.5369 120.861 404
-76.4143 121.16 405
-77.1047 121.16 405
-77.7951 121.16 405
-78.6794 121.459 406
-79.567 121.758 407
-80.2608 121.758 407
-81.3524 122.356 409
-82.2503 122.656 410
-82.9492 122.656 410
-83.8522 122.955 411
-84.5529 122.955 411
-85.4609 123.254 412
-86.1633 123.254 412
-86.8657 123.254 412
-87.7806 123.553 413
-88.6989 123.852 414
-89.4046 123.852 414
-91.4163 125.647 420
-93.0098 126.844 424
-93.7326 126.844 424
-94.901 127.442 426
-96.0761 128.041 428
-96.8058 128.041 428
-98.2191 128.938 431
-99.1834 129.237 432
-100.151 129.536 433
-100.889 129.536 433
-101.627 129.536 433
-102.366 129.536 433
-103.104 129.536 433
-103.842 129.536 433
-104.822 129.835 434
-106.778 131.331 439
-107.526 131.331 439
-108.768 131.93 441
-109.519 131.93 441
-110.771 132.528 443
-111.527 132.528 443
-112.282 132.528 443
-113.547 133.126 445
-114.306 133.126 445
-115.84 134.024 448
-116.864 134.323 449
-117.63 134.323 449
-118.395 134.323 449
-119.161 134.323 449
-120.193 134.622 450
-120.96 134.622 450
-121.727 134.622 450
-122.494 134.622 450
-780.894 647.383 2164
-784.583 647.383 2164
-789.365 648.28 2167
-800.013 653.964 2186
-803.739 653.964 2186
-807.466 653.964 2186
-810.45 653.366 2184
-811.937 651.571 2178
-816.773 652.468 2181
-820.491 652.468 2181
-825.343 653.366 2184
-829.066 653.366 2184
-833.552 653.964 2186
-837.278 653.964 2186
-841.005 653.964 2186
-847.05 655.759 2192
-851.951 656.656 2195
-855.693 656.656 2195
-859.435 656.656 2195
-863.177 656.656 2195
-866.919 656.656 2195
-870.661 656.656 2195
-873.208 655.759 2192
-876.945 655.759 2192
-880.681 655.759 2192
-881.997 653.964 2186
-881.267 650.673 2175
-884.975 650.673 2175
-888.683 650.673 2175
-891.16 649.776 2172
-891.566 647.383 2164
-892.773 645.588 2158
-896.452 645.588 2158
-900.131 645.588 2158
-902.553 644.69 2155
-904.124 643.194 2150
-907.79 643.194 2150
-910.183 642.297 2147
-913.843 642.297 2147
-916.221 641.399 2144
-919.876 641.399 2144
-921.377 639.904 2139
-925.024 639.904 2139
-927.368 639.006 2136
-931.009 639.006 2136
-933.338 638.109 2133
-936.095 637.51 2131
-938.405 636.613 2128
-942.033 636.613 2128
-944.328 635.715 2125
-947.95 635.715 2125
-947.99 633.322 2117
-951.599 633.322 2117
-955.208 633.322 2117
-958.817 633.322 2117
-957.425 630.031 2106
-961.016 630.031 2106
-963.69 629.433 2104
-964.518 627.638 2098
-967.172 627.04 2096
-970.745 627.04 2096
-972.924 626.142 2093
-969.493 621.655 2078
-971.631 620.757 2075
-975.168 620.757 2075
-978.706 620.757 2075
-979.876 619.261 2070
-981.98 618.364 2067
-985.503 618.364 2067
-984.242 615.372 2057
-975.744 607.893 2032
-971.016 602.808 2015
-973 601.91 2012
-976.43 601.91 2012
-977.912 600.714 2008
-975.471 597.124 1996
-977.402 596.226 1993
-980.8 596.226 1993
-981.728 594.73 1988
-981.649 592.636 1981
-984.031 592.038 1979
-987.405 592.038 1979
-987.274 589.944 1972
-989.631 589.345 1970
-992.989 589.345 1970
-996.348 589.345 1970
-999.706 589.345 1970
-1000.52 587.85 1965
-1002.85 587.251 1963
-1006.19 587.251 1963
-1005.94 585.157 1956
-16.7774 135.044 454
-17.5514 135.044 454
-18.3253 135.044 454
-19.0993 135.044 454
-19.8733 135.044 454
-20.6472 135.044 454
-21.4212 135.044 454
-22.1951 135.044 454
-22.9691 135.044 454
-23.743 135.044 454
-24.463 134.747 453
-25.1238 134.152 451
-25.8927 134.152 451
-26.6024 133.854 450
-27.3087 133.557 449
-28.0116 133.259 448
-28.7753 133.259 448
-29.5391 133.259 448
-30.2352 132.962 447
-32.6743 127.608 429
-33.4057 127.608 429
-34.137 127.608 429
-34.6245 126.715 426
-35.3507 126.715 426
-35.9922 126.418 425
-36.2848 124.931 420
-36.9127 124.633 419
-37.4474 124.038 417
-38.1583 124.038 417
-38.0302 121.361 408
-38.7258 121.361 408
-39.2281 120.766 406
-39.9202 120.766 406
-40.6123 120.766 406
-41.3045 120.766 406
-41.9966 120.766 406
-42.5836 120.469 405
-43.274 120.469 405
-43.9644 120.469 405
-44.6548 120.469 405
-45.2333 120.171 404
-45.922 120.171 404
-46.6107 120.171 404
-47.2995 120.171 404
-47.9882 120.171 404
-48.6769 120.171 404
-49.3656 120.171 404
-49.9304 119.874 403
-50.6174 119.874 403
-51.1771 119.577 402
-51.8625 119.577 402
-52.417 119.279 401
-53.1007 119.279 401
-53.7843 119.279 401
-54.4679 119.279 401
-55.0139 118.982 400
-55.6958 118.982 400
-56.3777 118.982 400
-57.0596 118.982 400
-57.7415 118.982 400
-58.4234 118.982 400
-59.1053 118.982 400
-59.7872 118.982 400
-60.4691 118.982 400
-61.151 118.982 400
-61.8329 118.982 400
-62.5148 118.982 400
-63.1967 118.982 400
-63.8786 118.982 400
-64.5605 118.982 400
-65.2424 118.982 400
-65.9243 118.982 400
-66.6062 118.982 400
-67.2881 118.982 400
-67.97 118.982 400
-68.6519 118.982 400
-69.3338 118.982 400
-70.1908 119.279 401
-70.8744 119.279 401
-71.558 119.279 401
-72.4217 119.577 402
-73.2889 119.874 403
-73.9759 119.874 403
-74.8482 120.171 404
-75.7239 120.469 405
-76.4143 120.469 405
-77.1047 120.469 405
-77.7951 120.469 405
-78.6794 120.766 406
-79.7625 121.361 408
-80.458 121.361 408
-81.5514 121.956 410
-82.4509 122.254 411
-83.1516 122.254 411
-84.0562 122.551 412
-84.7586 122.551 412
-85.4609 122.551 412
-86.1633 122.551 412
-87.0765 122.849 413
-87.9931 123.146 414
-88.6989 123.146 414
-90.2684 124.336 418
-91.4163 124.931 420
-93.0098 126.121 424
-93.7326 126.121 424
-94.6782 126.418 425
-96.0761 127.31 428
-96.8058 127.31 428
-99.3585 129.69 436
-100.102 129.69 436
-100.845 129.69 436
-101.821 129.987 437
-102.566 129.987 437
-103.311 129.987 437
-104.056 129.987 437
-104.822 129.095 434
-107.507 131.475 442
-108.261 131.475 442
-109.508 132.07 444
-110.264 132.07 444
-111.021 132.07 444
-112.03 132.367 445
-112.789 132.367 445
-114.058 132.962 447
-114.82 132.962 447
-116.099 133.557 449
-116.864 133.557 449
-117.63 133.557 449
-118.395 133.557 449
-119.426 133.854 450
-120.193 133.854 450
-121.229 134.152 451
-121.998 134.152 451
-122.767 134.152 451
-784.863 646.963 2175
-788.571 646.963 2175
-796.286 650.234 2186
-802.208 652.019 2192
-805.945 652.019 2192
-809.682 652.019 2192
-813.419 652.019 2192
-814.919 650.234 2186
-818.646 650.234 2186
-822.372 650.234 2186
-828.366 652.019 2192
-832.103 652.019 2192
-835.84 652.019 2192
-838.427 651.127 2189
-843.313 652.019 2192
-848.209 652.912 2195
-854.28 654.696 2201
-858.032 654.696 2201
-861.784 654.696 2201
-865.537 654.696 2201
-869.289 654.696 2201
-873.041 654.696 2201
-876.793 654.696 2201
-880.545 654.696 2201
-884.297 654.696 2201
-883.208 651.127 2189
-883.698 648.747 2181
-886.195 647.855 2178
-889.908 647.855 2178
-892.39 646.963 2175
-892.802 644.583 2167
-895.255 643.69 2164
-898.944 643.69 2164
-901.382 642.798 2161
-903.81 641.906 2158
-905.386 640.419 2153
-909.056 640.419 2153
-911.455 639.526 2150
-915.12 639.526 2150
-917.503 638.634 2147
-921.163 638.634 2147
-923.531 637.741 2144
-926.321 637.147 2142
-928.67 636.254 2139
-932.317 636.254 2139
-934.65 635.362 2136
-936.974 634.469 2133
-939.728 633.875 2131
-943.361 633.875 2131
-945.661 632.982 2128
-947.95 632.09 2125
-947.99 629.71 2117
-951.599 629.71 2117
-955.208 629.71 2117
-956.553 628.223 2112
-957.425 626.438 2106
-961.016 626.438 2106
-960.941 624.059 2098
-963.599 623.464 2096
-965.787 622.571 2093
-969.355 622.571 2093
-970.599 621.084 2088
-968.094 617.217 2075
-970.226 616.325 2072
-973.758 616.325 2072
-976.347 615.73 2070
-978.456 614.837 2067
-977.229 611.863 2057
-980.736 611.863 2057
-977.065 607.401 2042
-972.383 602.344 2025
-969.57 598.477 2012
-973 598.477 2012
-974.489 597.288 2008
-974.016 594.908 2000
-975.471 593.718 1996
-977.402 592.826 1993
-980.8 592.826 1993
-981.728 591.339 1988
-981.649 589.256 1981
-984.031 588.661 1979
-987.405 588.661 1979
-987.274 586.579 1972
-989.631 585.984 1970
-992.989 585.984 1970
-996.348 585.984 1970
-999.706 585.984 1970
-1000.52 584.497 1965
-1002.85 583.902 1963
-1006.19 583.902 1963
-1005.94 581.82 1956
-16.7774 134.27 454
-17.5514 134.27 454
-18.3253 134.27 454
-19.1414 134.565 455
-19.917 134.565 455
-20.6927 134.565 455
-21.4684 134.565 455
-22.1951 134.27 454
-22.9691 134.27 454
-23.743 134.27 454
-24.517 134.27 454
-25.1795 133.678 452
-25.9501 133.678 452
-26.6615 133.382 451
-27.3695 133.087 450
-28.0741 132.791 449
-28.7753 132.495 448
-29.5391 132.495 448
-30.2352 132.199 447
-30.7891 131.312 444
-31.3329 130.425 441
-32.0847 130.425 441
-32.0919 127.467 431
-32.8266 127.467 431
-33.5614 127.467 431
-34.2166 127.172 430
-34.787 126.58 428
-35.5167 126.58 428
-36.0769 125.989 426
-36.4576 124.806 422
-36.9127 123.918 419
-37.5372 123.623 418
-38.2498 123.623 418
-38.7759 123.031 416
-39.0105 121.552 411
-39.3247 120.369 407
-40.0185 120.369 407
-40.7124 120.369 407
-41.3045 120.074 406
-41.9966 120.074 406
-42.6887 120.074 406
-43.3808 120.074 406
-43.9644 119.778 405
-44.6548 119.778 405
-45.3453 119.778 405
-46.0357 119.778 405
-46.7261 119.778 405
-47.4165 119.778 405
-48.107 119.778 405
-48.7974 119.778 405
-49.4878 119.778 405
-50.0543 119.482 404
-50.743 119.482 404
-51.3045 119.186 403
-51.9915 119.186 403
-52.5478 118.891 402
-53.1007 118.595 401
-53.7843 118.595 401
-54.4679 118.595 401
-55.1515 118.595 401
-55.8351 118.595 401
-56.3777 118.299 400
-57.0596 118.299 400
-57.7415 118.299 400
-58.4234 118.299 400
-59.1053 118.299 400
-59.7872 118.299 400
-60.4691 118.299 400
-61.151 118.299 400
-61.8329 118.299 400
-62.5148 118.299 400
-63.1967 118.299 400
-63.8786 118.299 400
-64.5605 118.299 400
-65.2424 118.299 400
-65.9243 118.299 400
-66.6062 118.299 400
-67.2881 118.299 400
-67.97 118.299 400
-68.6519 118.299 400
-69.3338 118.299 400
-70.1908 118.595 401
-70.8744 118.595 401
-71.558 118.595 401
-72.4217 118.891 402
-73.2889 119.186 403
-73.9759 119.186 403
-74.8482 119.482 404
-75.7239 119.778 405
-76.4143 119.778 405
-77.1047 119.778 405
-77.9872 120.074 406
-78.6794 120.074 406
-79.7625 120.665 408
-80.458 120.665 408
-81.5514 121.257 410
-82.4509 121.552 411
-83.1516 121.552 411
-84.0562 121.848 412
-84.7586 121.848 412
-85.6684 122.144 413
-86.3724 122.144 413
-87.0765 122.144 413
-87.9931 122.44 414
-89.1274 123.031 416
-90.2684 123.623 418
-91.4163 124.214 420
-93.0098 125.397 424
-93.7326 125.397 424
-94.6782 125.693 425
-96.0761 126.58 428
-96.8058 126.58 428
-99.3585 128.946 436
-100.102 128.946 436
-100.845 128.946 436
-101.821 129.242 437
-102.566 129.242 437
-103.311 129.242 437
-104.056 129.242 437
-104.801 129.242 437
-107.507 130.721 442
-108.261 130.721 442
-109.508 131.312 444
-110.513 131.608 445
-111.271 131.608 445
-112.03 131.608 445
-113.042 131.904 446
-114.058 132.199 447
-114.82 132.199 447
-116.099 132.791 449
-117.124 133.087 450
-117.892 133.087 450
-118.659 133.087 450
-119.426 133.087 450
-120.46 133.382 451
-121.229 133.382 451
-121.998 133.382 451
-122.767 133.382 451
-123.536 133.382 451
-780.078 642.365 2172
-790.998 648.279 2192
-794.735 648.279 2192
-798.472 648.279 2192
-806.6 651.828 2204
-810.357 651.828 2204
-814.115 651.828 2204
-816.759 650.941 2201
-820.511 650.941 2201
-824.263 650.941 2201
-828.015 650.941 2201
-831.767 650.941 2201
-835.519 650.941 2201
-839.272 650.941 2201
-843.024 650.941 2201
-846.776 650.941 2201
-852.847 652.716 2207
-858.938 654.49 2213
-862.71 654.49 2213
-866.483 654.49 2213
-870.256 654.49 2213
-874.028 654.49 2213
-877.801 654.49 2213
-880.378 653.603 2210
-882.946 652.716 2207
-886.708 652.716 2207
-885.629 649.167 2195
-884.914 645.913 2184
-887.416 645.026 2181
-891.134 645.026 2181
-894.852 645.026 2181
-893.626 641.477 2169
-895.255 639.999 2164
-898.944 639.999 2164
-902.633 639.999 2164
-905.066 639.111 2161
-905.386 636.745 2153
-909.056 636.745 2153
-912.727 636.745 2153
-915.12 635.858 2150
-917.503 634.971 2147
-921.163 634.971 2147
-923.531 634.084 2144
-926.321 633.492 2142
-928.67 632.605 2139
-932.317 632.605 2139
-934.65 631.718 2136
-936.974 630.83 2133
-939.728 630.239 2131
-943.361 630.239 2131
-945.661 629.352 2128
-947.95 628.464 2125
-947.99 626.098 2117
-951.599 626.098 2117
-955.208 626.098 2117
-956.553 624.62 2112
-955.152 621.366 2101
-958.734 621.366 2101
-960.025 619.888 2096
-961.3 618.409 2091
-963.48 617.522 2088
-967.04 617.522 2088
-968.275 616.043 2083
-966.694 612.79 2072
-965.544 609.832 2062
-969.059 609.832 2062
-969.272 607.762 2055
-972.776 607.762 2055
-971.053 604.509 2044
-974.538 604.509 2044
-969.888 599.481 2027
-966.141 595.045 2012
-967.643 593.862 2008
-971.066 593.862 2008
-969.636 590.904 1998
-970.607 589.426 1993
-970.584 587.355 1986
-971.517 585.877 1981
-974.894 585.877 1981
-978.272 585.877 1981
-979.666 584.694 1977
-980.551 583.215 1972
-983.912 583.215 1972
-986.273 582.623 1970
-988.124 581.736 1967
-990.469 581.145 1965
-993.819 581.145 1965
-997.169 581.145 1965
-997.973 579.666 1960
-1000.29 579.074 1958
-1002.61 578.483 1956
-1003.37 577.004 1951
-16.7774 133.495 454
-17.5514 133.495 454
-18.3253 133.495 454
-19.1414 133.789 455
-19.917 133.789 455
-20.6927 133.789 455
-21.4684 133.789 455
-22.1951 133.495 454
-22.9691 133.495 454
-23.743 133.495 454
-24.517 133.495 454
-25.1795 132.907 452
-25.9501 132.907 452
-26.6615 132.613 451
-27.3695 132.319 450
-28.0741 132.025 449
-28.7753 131.731 448
-29.5391 131.731 448
-30.2352 131.437 447
-30.7891 130.555 444
-31.3329 129.672 441
-32.0847 129.672 441
-32.3897 127.908 435
-33.0551 127.614 434
-33.6393 127.026 432
-34.2961 126.732 431
-35.0309 126.732 431
-35.5997 126.144 429
-36.0769 125.262 426
-36.4576 124.086 422
-36.9127 123.204 419
-37.5372 122.909 418
-38.2498 122.909 418
-38.9624 122.909 418
-39.4851 122.321 416
-39.7112 120.851 411
-40.3135 120.557 410
-41.0125 120.557 410
-41.4062 119.675 407
-42.1 119.675 407
-42.6887 119.381 406
-43.3808 119.381 406
-44.073 119.381 406
-44.7651 119.381 406
-45.3453 119.087 405
-46.0357 119.087 405
-46.7261 119.087 405
-47.4165 119.087 405
-48.107 119.087 405
-48.7974 119.087 405
-49.4878 119.087 405
-50.1782 119.087 405
-50.8686 119.087 405
-51.5591 119.087 405
-52.1205 118.793 404
-52.6785 118.499 403
-53.3655 118.499 403
-53.9184 118.205 402
-54.6037 118.205 402
-55.289 118.205 402
-55.9743 118.205 402
-56.5187 117.911 401
-57.3449 118.205 402
-58.0302 118.205 402
-58.7155 118.205 402
-59.4008 118.205 402
-60.0862 118.205 402
-60.6203 117.911 401
-61.3039 117.911 401
-61.9875 117.911 401
-62.6711 117.911 401
-63.3547 117.911 401
-64.0383 117.911 401
-64.7219 117.911 401
-65.4055 117.911 401
-66.0891 117.911 401
-66.7727 117.911 401
-67.4563 117.911 401
-68.1399 117.911 401
-68.8235 117.911 401
-69.6805 118.205 402
-70.3658 118.205 402
-71.0511 118.205 402
-71.7364 118.205 402
-72.6019 118.499 403
-73.4707 118.793 404
-74.1595 118.793 404
-75.0334 119.087 405
-75.7239 119.087 405
-76.4143 119.087 405
-77.1047 119.087 405
-77.9872 119.381 406
-78.6794 119.381 406
-79.7625 119.969 408
-80.458 119.969 408
-81.5514 120.557 410
-82.4509 120.851 411
-83.1516 120.851 411
-84.0562 121.145 412
-84.7586 121.145 412
-85.6684 121.439 413
-86.3724 121.439 413
-87.0765 121.439 413
-87.9931 121.733 414
-89.1274 122.321 416
-90.2684 122.909 418
-91.4163 123.498 420
-92.1323 123.498 420
-92.8483 123.498 420
-99.3585 128.202 436
-100.102 128.202 436
-100.845 128.202 436
-101.821 128.496 437
-102.566 128.496 437
-103.311 128.496 437
-104.056 128.496 437
-104.801 128.496 437
-107.507 129.966 442
-108.261 129.966 442
-109.754 130.849 445
-110.513 130.849 445
-111.271 130.849 445
-112.282 131.143 446
-113.296 131.437 447
-114.313 131.731 448
-115.076 131.731 448
-116.357 132.319 450
-117.124 132.319 450
-117.892 132.319 450
-118.659 132.319 450
-119.426 132.319 450
-120.46 132.613 451
-121.229 132.613 451
-121.998 132.613 451
-122.767 132.613 451
-123.536 132.613 451
-780.078 638.659 2172
-790.998 644.54 2192
-794.735 644.54 2192
-798.472 644.54 2192
-806.6 648.068 2204
-810.357 648.068 2204
-814.115 648.068 2204
-816.759 647.186 2201
-820.511 647.186 2201
-824.263 647.186 2201
-828.015 647.186 2201
-831.767 647.186 2201
-835.519 647.186 2201
-839.272 647.186 2201
-843.024 647.186 2201
-846.776 647.186 2201
-852.847 648.95 2207
-858.938 650.715 2213
-862.71 650.715 2213
-866.483 650.715 2213
-870.256 650.715 2213
-874.028 650.715 2213
-877.801 650.715 2213
-880.378 649.832 2210
-882.946 648.95 2207
-886.708 648.95 2207
-888.049 647.186 2201
-884.914 642.187 2184
-888.637 642.187 2184
-892.36 642.187 2184
-896.083 642.187 2184
-893.626 637.777 2169
-895.255 636.307 2164
-898.944 636.307 2164
-902.633 636.307 2164
-905.066 635.424 2161
-905.386 633.072 2153
-909.056 633.072 2153
-912.727 633.072 2153
-915.12 632.19 2150
-917.503 631.308 2147
-921.163 631.308 2147
-923.531 630.426 2144
-926.321 629.838 2142
-928.67 628.955 2139
-932.317 628.955 2139
-934.65 628.073 2136
-936.974 627.191 2133
-940.61 627.191 2133
-944.246 627.191 2133
-945.661 625.721 2128
-947.95 624.839 2125
-947.99 622.487 2117
-951.599 622.487 2117
-953.855 621.604 2114
-956.553 621.016 2112
-952.879 616.312 2096
-956.452 616.312 2096
-957.735 614.841 2091
-959.921 613.959 2088
-962.096 613.077 2085
-965.65 613.077 2085
-968.275 612.489 2083
-963.428 607.196 2065
-962.266 604.256 2055
-965.769 604.256 2055
-969.272 604.256 2055
-968.989 601.904 2047
-971.053 601.021 2044
-974.538 601.021 2044
-967.495 594.553 2022
-965.18 591.024 2010
-962.824 587.496 1998
-966.23 587.496 1998
-968.665 586.907 1996
-967.198 583.967 1986
-968.14 582.497 1981
-971.517 582.497 1981
-973.91 581.909 1979
-976.296 581.321 1977
-977.189 579.85 1972
-980.551 579.85 1972
-983.912 579.85 1972
-984.771 578.38 1967
-987.119 577.792 1965
-990.469 577.792 1965
-992.808 577.204 1963
-994.632 576.322 1960
-996.954 575.734 1958
-1000.29 575.734 1958
-1000.04 573.676 1951
-1002.34 573.088 1949
-18.3657 133.013 455
-19.1414 133.013 455
-19.917 133.013 455
-20.6927 133.013 455
-21.4684 133.013 455
-22.244 133.013 455
-23.0197 133.013 455
-23.7953 133.013 455
-24.517 132.72 454
-25.2352 132.428 453
-26.0075 132.428 453
-26.6615 131.843 451
-27.3695 131.551 450
-28.0741 131.259 449
-28.7753 130.966 448
-29.5391 130.966 448
-30.2352 130.674 447
-30.7891 129.797 444
-31.3329 128.92 441
-32.0847 128.92 441
-32.3897 127.166 435
-33.0551 126.874 434
-33.6393 126.289 432
-34.2961 125.997 431
-35.0309 125.997 431
-35.5997 125.412 429
-36.0769 124.535 426
-36.4576 123.366 422
-36.9127 122.489 419
-37.5372 122.196 418
-38.2498 122.196 418
-38.9624 122.196 418
-39.4851 121.612 416
-39.7112 120.15 411
-40.3135 119.858 410
-41.0125 119.858 410
-41.4062 118.981 407
-42.1 118.981 407
-42.6887 118.688 406
-43.3808 118.688 406
-44.073 118.688 406
-44.7651 118.688 406
-45.4572 118.688 406
-46.1494 118.688 406
-46.8415 118.688 406
-47.5336 118.688 406
-48.2257 118.688 406
-48.9179 118.688 406
-49.61 118.688 406
-50.3021 118.688 406
-50.8686 118.396 405
-51.5591 118.396 405
-52.2495 118.396 405
-52.8092 118.104 404
-53.3655 117.811 403
-54.0525 117.811 403
-54.7395 117.811 403
-55.4265 117.811 403
-55.9743 117.519 402
-56.6596 117.519 402
-57.3449 117.519 402
-58.0302 117.519 402
-58.7155 117.519 402
-59.4008 117.519 402
-60.0862 117.519 402
-60.7715 117.519 402
-61.4568 117.519 402
-61.9875 117.227 401
-62.6711 117.227 401
-63.3547 117.227 401
-64.0383 117.227 401
-64.7219 117.227 401
-65.4055 117.227 401
-66.0891 117.227 401
-66.7727 117.227 401
-67.4563 117.227 401
-68.3099 117.519 402
-68.9952 117.519 402
-69.6805 117.519 402
-70.5408 117.811 403
-71.2278 117.811 403
-71.9148 117.811 403
-72.782 118.104 404
-73.6526 118.396 405
-74.343 118.396 405
-75.0334 118.396 405
-75.9108 118.688 406
-76.603 118.688 406
-77.2951 118.688 406
-77.9872 118.688 406
-78.8731 118.981 407
-79.7625 119.273 408
-80.8524 119.858 410
-81.9492 120.442 412
-82.6515 120.442 412
-83.3539 120.442 412
-84.0562 120.442 412
-84.9643 120.735 413
-85.6684 120.735 413
-86.3724 120.735 413
-87.2873 121.027 414
-89.2684 122.781 420
-89.9844 122.781 420
-90.9163 123.073 421
-92.7223 124.535 426
-93.4485 124.535 426
-94.1747 124.535 426
-99.3585 127.458 436
-100.102 127.458 436
-100.845 127.458 436
-101.821 127.751 437
-102.566 127.751 437
-103.311 127.751 437
-104.056 127.751 437
-104.801 127.751 437
-107.507 129.212 442
-108.261 129.212 442
-109.754 130.089 445
-110.513 130.089 445
-111.271 130.089 445
-112.282 130.382 446
-113.296 130.674 447
-114.313 130.966 448
-115.076 130.966 448
-116.357 131.551 450
-117.124 131.551 450
-117.892 131.551 450
-118.659 131.551 450
-119.426 131.551 450
-120.46 131.843 451
-121.229 131.843 451
-121.998 131.843 451
-122.767 131.843 451
-123.536 131.843 451
-781.156 635.83 2175
-792.081 641.677 2195
-795.823 641.677 2195
-802.843 644.308 2204
-806.6 644.308 2204
-810.357 644.308 2204
-814.115 644.308 2204
-817.872 644.308 2204
-824.984 646.939 2213
-828.757 646.939 2213
-832.529 646.939 2213
-836.302 646.939 2213
-837.797 645.185 2207
-841.559 645.185 2207
-844.173 644.308 2204
-847.93 644.308 2204
-855.938 647.524 2215
-862.043 649.278 2221
-865.829 649.278 2221
-869.615 649.278 2221
-873.402 649.278 2221
-877.188 649.278 2221
-880.974 649.278 2221
-881.573 646.939 2213
-882.946 645.185 2207
-886.708 645.185 2207
-888.049 643.431 2201
-884.914 638.461 2184
-888.637 638.461 2184
-892.36 638.461 2184
-896.083 638.461 2184
-893.626 634.076 2169
-895.255 632.615 2164
-898.944 632.615 2164
-902.633 632.615 2164
-905.066 631.737 2161
-905.386 629.399 2153
-909.056 629.399 2153
-912.727 629.399 2153
-915.12 628.522 2150
-917.503 627.645 2147
-921.163 627.645 2147
-923.531 626.768 2144
-926.321 626.183 2142
-928.67 625.306 2139
-932.317 625.306 2139
-934.65 624.429 2136
-936.974 623.552 2133
-940.61 623.552 2133
-944.246 623.552 2133
-945.661 622.09 2128
-947.95 621.213 2125
-947.99 618.875 2117
-951.599 618.875 2117
-953.855 617.998 2114
-956.553 617.413 2112
-952.879 612.736 2096
-956.452 612.736 2096
-957.735 611.274 2091
-959.921 610.397 2088
-962.096 609.52 2085
-965.65 609.52 2085
-968.275 608.935 2083
-963.428 603.673 2065
-962.266 600.75 2055
-965.769 600.75 2055
-969.272 600.75 2055
-968.989 598.411 2047
-971.053 597.534 2044
-974.538 597.534 2044
-967.495 591.103 2022
-965.18 587.595 2010
-962.824 584.087 1998
-966.23 584.087 1998
-968.665 583.502 1996
-967.198 580.579 1986
-967.163 578.532 1979
-970.536 578.532 1979
-972.926 577.948 1977
-974.815 577.071 1974
-977.189 576.486 1972
-980.551 576.486 1972
-980.42 574.44 1965
-983.77 574.44 1965
-986.115 573.855 1963
-989.461 573.855 1963
-991.29 572.978 1960
-993.617 572.393 1958
-996.954 572.393 1958
-1000.29 572.393 1958
-1000.04 570.347 1951
-999.768 568.301 1944
-4.79098 143.862 495
-5.63483 143.862 495
-6.49177 144.152 496
-7.35211 144.443 497
-8.19937 144.443 497
-9.04663 144.443 497
-9.89389 144.443 497
-18.3657 132.236 455
-19.1414 132.236 455
-19.917 132.236 455
-20.6927 132.236 455
-21.4684 132.236 455
-22.244 132.236 455
-23.0197 132.236 455
-23.7953 132.236 455
-24.517 131.946 454
-25.2352 131.655 453
-26.0075 131.655 453
-26.6615 131.074 451
-27.3695 130.783 450
-28.0741 130.493 449
-28.8396 130.493 449
-29.5391 130.202 448
-30.1675 129.621 446
-30.7198 128.749 443
-31.3329 128.168 441
-32.0847 128.168 441
-32.8365 128.168 441
-33.1313 126.424 435
-33.795 126.133 434
-34.4553 125.843 433
-35.1934 125.843 433
-35.8486 125.552 432
-36.0769 123.808 426
-36.4576 122.646 422
-36.9127 121.774 419
-37.5372 121.483 418
-38.2498 121.483 418
-38.9624 121.483 418
-39.6749 121.483 418
-40.4841 121.774 419
-41.1984 121.774 419
-41.9127 121.774 419
-41.9149 119.739 412
-42.4103 119.158 410
-42.7939 118.286 407
-43.4877 118.286 407
-44.073 117.996 406
-44.7651 117.996 406
-45.4572 117.996 406
-46.1494 117.996 406
-46.8415 117.996 406
-47.5336 117.996 406
-48.2257 117.996 406
-48.9179 117.996 406
-49.61 117.996 406
-50.3021 117.996 406
-50.8686 117.705 405
-51.5591 117.705 405
-52.2495 117.705 405
-52.8092 117.414 404
-53.3655 117.124 403
-54.0525 117.124 403
-54.7395 117.124 403
-55.4265 117.124 403
-55.9743 116.833 402
-56.6596 116.833 402
-57.3449 116.833 402
-58.0302 116.833 402
-58.7155 116.833 402
-59.4008 116.833 402
-60.0862 116.833 402
-60.7715 116.833 402
-61.4568 116.833 402
-62.1421 116.833 402
-62.8274 116.833 402
-63.5127 116.833 402
-64.198 116.833 402
-64.8833 116.833 402
-65.5686 116.833 402
-66.2539 116.833 402
-66.9392 116.833 402
-67.6245 116.833 402
-68.3099 116.833 402
-69.1668 117.124 403
-69.8538 117.124 403
-70.5408 117.124 403
-71.2278 117.124 403
-72.0933 117.414 404
-72.9622 117.705 405
-73.6526 117.705 405
-74.343 117.705 405
-75.2187 117.996 406
-75.9108 117.996 406
-76.603 117.996 406
-77.2951 117.996 406
-78.1793 118.286 407
-79.4545 119.158 410
-80.1535 119.158 410
-81.0496 119.449 411
-81.9492 119.739 412
-82.8521 120.03 413
-83.5562 120.03 413
-84.4643 120.321 414
-85.7872 121.193 417
-86.4981 121.193 417
-87.4181 121.483 418
-88.1307 121.483 418
-89.906 122.936 423
-90.6271 122.936 423
-91.7801 123.518 425
-94.2459 125.843 433
-94.9841 125.843 433
-96.6065 127.005 437
-97.3515 127.005 437
-98.0964 127.005 437
-98.8414 127.005 437
-99.8143 127.296 438
-100.561 127.296 438
-101.308 127.296 438
-101.821 127.005 437
-102.566 127.005 437
-103.311 127.005 437
-104.056 127.005 437
-104.801 127.005 437
-107.507 128.458 442
-108.751 129.04 444
-109.754 129.33 445
-110.761 129.621 446
-111.521 129.621 446
-112.534 129.911 447
-113.549 130.202 448
-114.568 130.493 449
-115.333 130.493 449
-116.357 130.783 450
-117.124 130.783 450
-117.892 130.783 450
-118.659 130.783 450
-119.691 131.074 451
-120.46 131.074 451
-121.229 131.074 451
-121.998 131.074 451
-122.767 131.074 451
-123.536 131.074 451
-781.156 632.119 2175
-792.081 637.932 2195
-795.823 637.932 2195
-802.843 640.548 2204
-806.6 640.548 2204
-810.357 640.548 2204
-814.115 640.548 2204
-817.872 640.548 2204
-824.984 643.163 2213
-828.757 643.163 2213
-832.529 643.163 2213
-836.302 643.163 2213
-837.797 641.42 2207
-841.559 641.42 2207
-844.173 640.548 2204
-847.93 640.548 2204
-855.938 643.745 2215
-862.043 645.488 2221
-865.829 645.488 2221
-869.615 645.488 2221
-873.402 645.488 2221
-877.188 645.488 2221
-880.974 645.488 2221
-881.573 643.163 2213
-882.946 641.42 2207
-886.708 641.42 2207
-888.049 639.676 2201
-884.914 634.735 2184
-888.637 634.735 2184
-892.36 634.735 2184
-896.083 634.735 2184
-893.626 630.376 2169
-895.255 628.922 2164
-898.944 628.922 2164
-902.633 628.922 2164
-903.81 627.179 2158
-905.386 625.726 2153
-909.056 625.726 2153
-912.727 625.726 2153
-915.12 624.854 2150
-917.503 623.982 2147
-921.163 623.982 2147
-922.67 622.529 2142
-926.321 622.529 2142
-927.368 620.785 2136
-931.009 620.785 2136
-934.65 620.785 2136
-936.974 619.913 2133
-940.61 619.913 2133
-944.246 619.913 2133
-945.661 618.46 2128
-947.95 617.588 2125
-947.99 615.263 2117
-951.599 615.263 2117
-953.855 614.391 2114
-955.194 612.938 2109
-952.879 609.16 2096
-956.452 609.16 2096
-956.361 606.835 2088
-958.542 605.963 2085
-961.173 605.382 2083
-964.724 605.382 2083
-966.88 604.51 2080
-963.428 600.15 2065
-958.52 594.919 2047
-962.009 594.919 2047
-965.499 594.919 2047
-967.569 594.047 2044
-971.053 594.047 2044
-974.538 594.047 2044
-967.495 587.653 2022
-964.22 583.584 2008
-962.824 580.678 1998
-966.23 580.678 1998
-967.21 579.225 1993
-967.198 577.19 1986
-967.163 575.156 1979
-970.536 575.156 1979
-972.926 574.575 1977
-974.815 573.703 1974
-977.189 573.122 1972
-980.551 573.122 1972
-980.42 571.087 1965
-983.77 571.087 1965
-986.115 570.506 1963
-989.461 570.506 1963
-991.29 569.634 1960
-993.617 569.053 1958
-996.954 569.053 1958
-1000.29 569.053 1958
-1000.04 567.018 1951
-999.768 564.984 1944
-4.79098 143.017 495
-5.63483 143.017 495
-6.49177 143.306 496
-7.35211 143.595 497
-8.19937 143.595 497
-9.04663 143.595 497
-9.89389 143.595 497
-10.7412 143.595 497
-11.5884 143.595 497
-18.3657 131.46 455
-19.1414 131.46 455
-19.917 131.46 455
-20.6927 131.46 455
-21.4684 131.46 455
-22.244 131.46 455
-23.0197 131.46 455
-23.7953 131.46 455
-24.571 131.46 455
-25.2909 131.171 454
-26.0649 131.171 454
-26.6615 130.305 451
-27.3695 130.016 450
-28.0741 129.727 449
-28.8396 129.727 449
-29.5391 129.438 448
-30.1675 128.86 446
-30.7891 128.282 444
-31.3329 127.415 441
-32.0847 127.415 441
-32.8365 127.415 441
-33.3598 126.548 438
-33.8729 125.682 435
-34.5349 125.393 434
-35.2747 125.393 434
-36.0146 125.393 434
-36.5004 124.526 431
-36.4576 121.926 422
-36.9127 121.059 419
-37.5372 120.77 418
-38.2498 120.77 418
-38.9624 120.77 418
-39.6749 120.77 418
-40.4841 121.059 419
-41.1984 121.059 419
-41.9127 121.059 419
-42.3218 120.192 416
-42.6172 119.036 412
-43.3196 119.036 412
-43.8082 118.459 410
-44.2901 117.881 408
-44.8754 117.592 407
-45.5692 117.592 407
-46.263 117.592 407
-46.9569 117.592 407
-47.6507 117.592 407
-48.2257 117.303 406
-48.9179 117.303 406
-49.61 117.303 406
-50.3021 117.303 406
-50.9942 117.303 406
-51.6864 117.303 406
-52.3785 117.303 406
-52.9399 117.014 405
-53.4979 116.725 404
-54.1866 116.725 404
-54.7395 116.436 403
-55.4265 116.436 403
-56.1135 116.436 403
-56.8006 116.436 403
-57.4876 116.436 403
-58.1746 116.436 403
-58.8616 116.436 403
-59.5486 116.436 403
-60.2356 116.436 403
-60.7715 116.147 402
-61.4568 116.147 402
-62.1421 116.147 402
-62.8274 116.147 402
-63.5127 116.147 402
-64.198 116.147 402
-64.8833 116.147 402
-65.5686 116.147 402
-66.2539 116.147 402
-66.9392 116.147 402
-67.6245 116.147 402
-68.3099 116.147 402
-69.1668 116.436 403
-69.8538 116.436 403
-70.5408 116.436 403
-71.2278 116.436 403
-72.0933 116.725 404
-72.9622 117.014 405
-73.6526 117.014 405
-74.343 117.014 405
-75.2187 117.303 406
-75.9108 117.303 406
-76.9803 117.881 408
-77.6759 117.881 408
-78.5635 118.17 409
-79.6483 118.748 411
-80.349 118.748 411
-81.2468 119.036 412
-82.1481 119.325 413
-83.2534 119.903 415
-83.9608 119.903 415
-85.0763 120.481 417
-85.9929 120.77 418
-86.7055 120.77 418
-87.6272 121.059 419
-89.1849 122.215 423
-89.906 122.215 423
-91.2699 123.081 426
-93.5077 125.104 433
-94.2459 125.104 433
-95.8615 126.26 437
-96.6065 126.26 437
-97.5742 126.548 438
-98.3209 126.548 438
-99.0676 126.548 438
-100.042 126.837 439
-100.791 126.837 439
-101.539 126.837 439
-102.287 126.837 439
-103.27 127.126 440
-104.02 127.126 440
-104.771 127.126 440
-106.995 127.993 443
-107.751 127.993 443
-108.751 128.282 444
-110.001 128.86 446
-111.01 129.149 447
-111.772 129.149 447
-112.534 129.149 447
-113.549 129.438 448
-114.568 129.727 449
-115.59 130.016 450
-116.357 130.016 450
-117.124 130.016 450
-117.892 130.016 450
-118.922 130.305 451
-119.691 130.305 451
-120.46 130.305 451
-121.229 130.305 451
-121.998 130.305 451
-122.767 130.305 451
-123.536 130.305 451
-781.156 628.409 2175
-792.081 634.187 2195
-795.823 634.187 2195
-802.843 636.787 2204
-806.6 636.787 2204
-810.357 636.787 2204
-814.115 636.787 2204
-817.872 636.787 2204
-824.984 639.388 2213
-828.757 639.388 2213
-832.529 639.388 2213
-836.302 639.388 2213
-837.797 637.654 2207
-841.559 637.654 2207
-844.173 636.787 2204
-847.93 636.787 2204
-855.938 639.966 2215
-862.043 641.699 2221
-865.829 641.699 2221
-869.615 641.699 2221
-873.402 641.699 2221
-877.188 641.699 2221
-880.974 641.699 2221
-881.573 639.388 2213
-882.946 637.654 2207
-886.708 637.654 2207
-886.839 635.054 2198
-884.914 631.009 2184
-888.637 631.009 2184
-892.36 631.009 2184
-896.083 631.009 2184
-892.802 626.097 2167
-895.255 625.23 2164
-898.944 625.23 2164
-901.382 624.364 2161
-903.81 623.497 2158
-905.386 622.052 2153
-909.056 622.052 2153
-911.455 621.186 2150
-913.843 620.319 2147
-917.503 620.319 2147
-921.163 620.319 2147
-922.67 618.874 2142
-925.024 618.007 2139
-927.368 617.141 2136
-931.009 617.141 2136
-934.65 617.141 2136
-936.974 616.274 2133
-939.728 615.696 2131
-943.361 615.696 2131
-945.661 614.829 2128
-946.612 613.096 2122
-947.99 611.651 2117
-951.599 611.651 2117
-952.952 610.206 2112
-953.835 608.473 2106
-951.515 604.717 2093
-955.083 604.717 2093
-956.361 603.272 2088
-958.542 602.406 2085
-959.789 600.961 2080
-963.335 600.961 2080
-963.162 598.649 2072
-958.763 593.738 2055
-957.115 590.56 2044
-960.6 590.56 2044
-960.782 588.537 2037
-964.255 588.537 2037
-966.302 587.67 2034
-969.77 587.67 2034
-964.146 582.181 2015
-961.819 578.714 2003
-961.86 576.691 1996
-965.263 576.691 1996
-966.239 575.247 1991
-964.763 572.357 1981
-967.163 571.78 1979
-970.536 571.78 1979
-972.926 571.202 1977
-973.827 569.757 1972
-977.189 569.757 1972
-980.551 569.757 1972
-980.42 567.735 1965
-981.266 566.29 1960
-983.603 565.712 1958
-986.941 565.712 1958
-990.279 565.712 1958
-993.617 565.712 1958
-994.409 564.268 1953
-997.738 564.268 1953
-999.017 563.112 1949
-999.768 561.667 1944
-3.94713 142.173 495
-4.79098 142.173 495
-5.63483 142.173 495
-6.49177 142.46 496
-7.35211 142.747 497
-8.19937 142.747 497
-9.04663 142.747 497
-9.89389 142.747 497
-10.7412 142.747 497
-11.5884 142.747 497
-19.1414 130.684 455
-19.917 130.684 455
-20.6927 130.684 455
-21.4684 130.684 455
-22.244 130.684 455
-23.0197 130.684 455
-23.7953 130.684 455
-24.571 130.684 455
-25.2909 130.397 454
-26.0649 130.397 454
-26.6615 129.535 451
-27.3695 129.248 450
-28.1367 129.248 450
-28.9038 129.248 450
-29.5391 128.673 448
-30.2352 128.386 447
-30.9278 128.099 446
-31.404 126.95 442
-32.1574 126.95 442
-32.8365 126.663 441
-33.436 126.088 439
-34.1065 125.801 438
-34.8531 125.801 438
-35.4373 125.227 436
-36.0976 124.94 435
-36.6698 124.365 433
-36.4576 121.206 422
-36.9127 120.344 419
-37.5372 120.057 418
-38.2498 120.057 418
-38.9624 120.057 418
-39.6749 120.057 418
-40.4841 120.344 419
-41.1984 120.344 419
-41.9127 120.344 419
-42.3218 119.482 416
-42.7207 118.621 413
-43.4247 118.621 413
-44.0219 118.334 412
-44.6157 118.046 411
-45.3164 118.046 411
-46.017 118.046 411
-46.7177 118.046 411
-47.303 117.759 410
-47.8848 117.472 409
-48.4633 117.185 408
-49.1588 117.185 408
-49.8544 117.185 408
-50.426 116.897 407
-51.1198 116.897 407
-51.8137 116.897 407
-52.3785 116.61 406
-53.0706 116.61 406
-53.6303 116.323 405
-54.3208 116.323 405
-55.0112 116.323 405
-55.7016 116.323 405
-56.392 116.323 405
-57.0824 116.323 405
-57.7729 116.323 405
-58.4633 116.323 405
-59.1537 116.323 405
-59.8441 116.323 405
-60.3851 116.036 404
-61.0738 116.036 404
-61.7625 116.036 404
-62.4512 116.036 404
-62.9837 115.749 403
-63.6707 115.749 403
-64.3577 115.749 403
-65.0447 115.749 403
-65.7317 115.749 403
-66.4187 115.749 403
-67.1058 115.749 403
-67.961 116.036 404
-68.6497 116.036 404
-69.3384 116.036 404
-70.0271 116.036 404
-70.7159 116.036 404
-71.4046 116.036 404
-72.2718 116.323 405
-72.9622 116.323 405
-73.8345 116.61 406
-74.5266 116.61 406
-75.2187 116.61 406
-76.0978 116.897 407
-76.9803 117.185 408
-77.6759 117.185 408
-78.5635 117.472 409
-79.6483 118.046 411
-80.349 118.046 411
-81.2468 118.334 412
-82.1481 118.621 413
-83.2534 119.195 415
-83.9608 119.195 415
-85.0763 119.77 417
-85.9929 120.057 418
-86.7055 120.057 418
-87.6272 120.344 419
-89.1849 121.493 423
-89.906 121.493 423
-91.2699 122.355 426
-93.5077 124.365 433
-94.2459 124.365 433
-95.8615 125.514 437
-96.6065 125.514 437
-97.5742 125.801 438
-98.3209 125.801 438
-99.0676 125.801 438
-100.042 126.088 439
-100.791 126.088 439
-101.539 126.088 439
-102.52 126.376 440
-103.27 126.376 440
-104.02 126.376 440
-105.009 126.663 441
-106 126.95 442
-107.237 127.525 444
-107.994 127.525 444
-108.996 127.812 445
-110.001 128.099 446
-111.01 128.386 447
-111.772 128.386 447
-112.785 128.673 448
-113.802 128.961 449
-114.568 128.961 449
-115.59 129.248 450
-116.616 129.535 451
-117.385 129.535 451
-118.154 129.535 451
-118.922 129.535 451
-119.691 129.535 451
-120.46 129.535 451
-121.229 129.535 451
-121.998 129.535 451
-122.767 129.535 451
-123.536 129.535 451
-780.078 623.836 2172
-788.111 627.283 2184
-791.834 627.283 2184
-796.286 627.857 2186
-806.6 633.027 2204
-810.357 633.027 2204
-814.115 633.027 2204
-816.759 632.166 2201
-821.629 633.027 2204
-825.386 633.027 2204
-829.144 633.027 2204
-832.901 633.027 2204
-836.658 633.027 2204
-840.416 633.027 2204
-844.173 633.027 2204
-847.93 633.027 2204
-855.938 636.187 2215
-862.043 637.91 2221
-865.829 637.91 2221
-869.615 637.91 2221
-873.402 637.91 2221
-877.188 637.91 2221
-880.974 637.91 2221
-881.573 635.612 2213
-882.946 633.889 2207
-886.708 633.889 2207
-886.839 631.304 2198
-884.914 627.283 2184
-888.637 627.283 2184
-892.36 627.283 2184
-896.083 627.283 2184
-892.802 622.4 2167
-895.255 621.538 2164
-898.944 621.538 2164
-901.382 620.677 2161
-903.81 619.815 2158
-906.227 618.953 2155
-909.901 618.953 2155
-912.727 618.379 2153
-916.397 618.379 2153
-917.503 616.656 2147
-921.163 616.656 2147
-923.531 615.794 2144
-925.024 614.358 2139
-927.368 613.496 2136
-931.009 613.496 2136
-934.65 613.496 2136
-936.974 612.635 2133
-939.728 612.06 2131
-943.361 612.06 2131
-945.661 611.199 2128
-944.381 608.039 2117
-946.647 607.178 2114
-950.251 607.178 2114
-951.599 605.742 2109
-950.212 602.582 2098
-949.242 599.71 2088
-952.802 599.71 2088
-954.071 598.274 2083
-956.243 597.412 2080
-956.097 595.114 2072
-959.629 595.114 2072
-959.908 593.104 2065
-953.631 587.072 2044
-952.432 584.2 2034
-955.9 584.2 2034
-959.367 584.2 2034
-962.835 584.2 2034
-965.352 583.626 2032
-968.816 583.626 2032
-961.754 577.307 2010
-960.378 574.435 2000
-961.86 573.286 1996
-965.263 573.286 1996
-964.783 570.988 1988
-964.763 568.978 1981
-966.185 567.829 1977
-969.556 567.829 1977
-970.465 566.393 1972
-973.827 566.393 1972
-973.72 564.382 1965
-977.07 564.382 1965
-979.422 563.808 1963
-980.265 562.372 1958
-981.091 560.936 1953
-984.421 560.936 1953
-987.75 560.936 1953
-991.079 560.936 1953
-993.39 560.361 1951
-996.716 560.361 1951
-997.992 559.212 1947
-998.74 557.776 1942
-3.94713 141.328 495
-4.79098 141.328 495
-5.63483 141.328 495
-6.49177 141.614 496
-7.35211 141.899 497
-8.19937 141.899 497
-9.04663 141.899 497
-9.89389 141.899 497
-10.7412 141.899 497
-11.5884 141.899 497
-19.1414 129.908 455
-19.917 129.908 455
-20.6927 129.908 455
-21.4684 129.908 455
-22.244 129.908 455
-23.0197 129.908 455
-23.7953 129.908 455
-24.571 129.908 455
-25.2909 129.622 454
-26.0649 129.622 454
-26.7206 129.051 452
-27.4303 128.766 451
-28.1367 128.48 450
-28.9038 128.48 450
-29.5391 127.909 448
-30.2352 127.624 447
-30.9278 127.338 446
-31.404 126.196 442
-32.1574 126.196 442
-32.8365 125.91 441
-33.436 125.339 439
-34.1065 125.054 438
-34.8531 125.054 438
-35.4373 124.483 436
-36.0976 124.197 435
-36.6698 123.626 433
-36.3712 120.2 421
-36.9127 119.629 419
-37.5372 119.344 418
-38.2498 119.344 418
-38.9624 119.344 418
-39.6749 119.344 418
-40.4841 119.629 419
-41.1984 119.629 419
-41.9127 119.629 419
-42.3218 118.773 416
-42.7207 117.916 413
-43.4247 117.916 413
-44.1288 117.916 413
-44.8328 117.916 413
-45.5369 117.916 413
-46.241 117.916 413
-46.945 117.916 413
-47.5337 117.631 412
-48.0019 117.06 410
-48.7009 117.06 410
-49.3998 117.06 410
-49.9766 116.774 409
-50.5499 116.489 408
-51.2454 116.489 408
-51.941 116.489 408
-52.5075 116.203 407
-53.0706 115.918 406
-53.7628 115.918 406
-54.4549 115.918 406
-55.147 115.918 406
-55.8391 115.918 406
-56.5313 115.918 406
-57.2234 115.918 406
-57.9155 115.918 406
-58.4633 115.632 405
-59.1537 115.632 405
-59.8441 115.632 405
-60.5346 115.632 405
-61.225 115.632 405
-61.9154 115.632 405
-62.6058 115.632 405
-63.2963 115.632 405
-63.9867 115.632 405
-64.6771 115.632 405
-65.3675 115.632 405
-66.0579 115.632 405
-66.7484 115.632 405
-67.4388 115.632 405
-68.1292 115.632 405
-68.8196 115.632 405
-69.5101 115.632 405
-70.2005 115.632 405
-70.8909 115.632 405
-71.5813 115.632 405
-72.4502 115.918 406
-73.1423 115.918 406
-73.8345 115.918 406
-74.5266 115.918 406
-75.404 116.203 407
-76.2848 116.489 408
-76.9803 116.489 408
-77.8662 116.774 409
-78.9477 117.345 411
-79.8421 117.631 412
-80.5444 117.631 412
-81.6412 118.202 414
-82.7448 118.773 416
-83.454 118.773 416
-84.3655 119.058 417
-85.2803 119.344 418
-85.9929 119.344 418
-86.7055 119.344 418
-87.6272 119.629 419
-89.6066 121.342 425
-90.3311 121.342 425
-92.9838 123.912 434
-94.3716 124.768 437
-95.1165 124.768 437
-96.3002 125.339 439
-97.0486 125.339 439
-97.797 125.339 439
-98.5454 125.339 439
-99.2938 125.339 439
-100.042 125.339 439
-100.791 125.339 439
-101.539 125.339 439
-102.52 125.625 440
-103.27 125.625 440
-104.02 125.625 440
-105.009 125.91 441
-106 126.196 442
-107.237 126.767 444
-107.994 126.767 444
-108.996 127.053 445
-110.001 127.338 446
-111.01 127.624 447
-111.772 127.624 447
-112.785 127.909 448
-113.802 128.195 449
-114.568 128.195 449
-115.59 128.48 450
-116.616 128.766 451
-117.385 128.766 451
-118.154 128.766 451
-118.922 128.766 451
-119.691 128.766 451
-120.46 128.766 451
-121.229 128.766 451
-121.998 128.766 451
-779.001 619.274 2169
-785.946 621.844 2178
-789.659 621.844 2178
-794.465 622.7 2181
-800.013 624.128 2186
-804.842 624.984 2189
-808.574 624.984 2189
-813.419 625.841 2192
-819.392 627.554 2198
-823.139 627.554 2198
-826.887 627.554 2198
-829.5 626.697 2195
-833.242 626.697 2195
-836.984 626.697 2195
-840.726 626.697 2195
-845.622 627.554 2198
-851.687 629.267 2204
-859.714 632.408 2215
-863.49 632.408 2215
-867.266 632.408 2215
-870.256 631.836 2213
-874.028 631.836 2213
-877.801 631.836 2213
-876.793 628.41 2201
-879.345 627.554 2198
-883.092 627.554 2198
-881.19 623.557 2184
-883.698 622.7 2181
-887.416 622.7 2181
-891.134 622.7 2181
-893.621 621.844 2178
-892.802 618.703 2167
-895.255 617.846 2164
-898.944 617.846 2164
-900.131 616.133 2158
-902.553 615.277 2155
-906.227 615.277 2155
-909.901 615.277 2155
-912.727 614.706 2153
-916.397 614.706 2153
-917.503 612.993 2147
-921.163 612.993 2147
-923.531 612.136 2144
-925.024 610.709 2139
-927.368 609.852 2136
-931.009 609.852 2136
-933.338 608.996 2133
-936.095 608.425 2131
-939.728 608.425 2131
-943.361 608.425 2131
-944.328 606.712 2125
-944.381 604.427 2117
-946.647 603.571 2114
-950.251 603.571 2114
-951.599 602.143 2109
-950.212 599.003 2098
-949.242 596.148 2088
-952.802 596.148 2088
-954.071 594.72 2083
-956.243 593.863 2080
-956.097 591.579 2072
-959.629 591.579 2072
-959.908 589.581 2065
-953.631 583.585 2044
-952.432 580.73 2034
-955.9 580.73 2034
-959.367 580.73 2034
-962.835 580.73 2034
-965.352 580.159 2032
-968.816 580.159 2032
-961.754 573.878 2010
-960.378 571.023 2000
-961.86 569.881 1996
-965.263 569.881 1996
-964.783 567.596 1988
-964.763 565.598 1981
-966.185 564.456 1977
-969.556 564.456 1977
-970.465 563.028 1972
-973.827 563.028 1972
-972.729 560.459 1963
-976.076 560.459 1963
-979.422 560.459 1963
-979.264 558.46 1956
-981.091 557.604 1953
-984.421 557.604 1953
-987.75 557.604 1953
-990.064 557.033 1951
-992.372 556.462 1949
-995.695 556.462 1949
-996.454 555.034 1944
-997.711 553.892 1940
-3.94713 140.484 495
-4.79098 140.484 495
-5.63483 140.484 495
-6.49177 140.767 496
-7.35211 141.051 497
-8.19937 141.051 497
-9.04663 141.051 497
-19.1414 129.131 455
-19.917 129.131 455
-20.6927 129.131 455
-21.4684 129.131 455
-22.244 129.131 455
-23.0197 129.131 455
-23.7953 129.131 455
-24.571 129.131 455
-25.2909 128.848 454
-26.0649 128.848 454
-26.7797 128.564 453
-27.4303 127.996 451
-28.1367 127.712 450
-28.9038 127.712 450
-29.605 127.429 449
-30.3028 127.145 448
-30.9972 126.861 447
-31.7592 126.861 447
-32.303 126.01 444
-32.9109 125.442 442
-33.5121 124.874 440
-34.1843 124.59 439
-34.9327 124.59 439
-35.5998 124.307 438
-36.0976 123.455 435
-36.7544 123.171 434
-36.3712 119.482 421
-36.9127 118.914 419
-37.5372 118.631 418
-38.2498 118.631 418
-38.9624 118.631 418
-39.6749 118.631 418
-40.3875 118.631 418
-41.1001 118.631 418
-41.8127 118.631 418
-42.3218 118.063 416
-42.8241 117.495 414
-43.5299 117.495 414
-44.1288 117.212 413
-44.8328 117.212 413
-45.5369 117.212 413
-46.241 117.212 413
-46.945 117.212 413
-47.5337 116.928 412
-48.0019 116.36 410
-48.7009 116.36 410
-49.3998 116.36 410
-49.9766 116.076 409
-50.5499 115.793 408
-51.2454 115.793 408
-51.941 115.793 408
-52.5075 115.509 407
-53.0706 115.225 406
-53.7628 115.225 406
-54.4549 115.225 406
-55.147 115.225 406
-55.8391 115.225 406
-56.5313 115.225 406
-57.2234 115.225 406
-57.9155 115.225 406
-58.4633 114.941 405
-59.1537 114.941 405
-59.9919 115.225 406
-60.684 115.225 406
-61.3762 115.225 406
-62.0683 115.225 406
-62.7604 115.225 406
-63.4525 115.225 406
-64.1447 115.225 406
-64.8368 115.225 406
-65.5289 115.225 406
-66.0579 114.941 405
-66.7484 114.941 405
-67.4388 114.941 405
-68.2974 115.225 406
-68.9896 115.225 406
-69.6817 115.225 406
-70.3738 115.225 406
-71.0659 115.225 406
-71.7581 115.225 406
-72.4502 115.225 406
-73.3225 115.509 407
-74.0163 115.509 407
-74.7101 115.509 407
-75.7745 116.076 409
-76.6587 116.36 410
-77.3577 116.36 410
-78.247 116.644 411
-79.1397 116.928 412
-80.0359 117.212 413
-80.74 117.212 413
-82.0356 118.063 416
-82.7448 118.063 416
-83.454 118.063 416
-84.3655 118.347 417
-85.2803 118.631 418
-86.1987 118.914 419
-86.913 118.914 419
-87.6272 118.914 419
-89.6066 120.617 425
-92.0314 122.888 433
-93.1981 123.455 435
-94.8035 124.59 439
-95.5518 124.59 439
-96.3002 124.59 439
-97.0486 124.59 439
-97.797 124.59 439
-98.5454 124.59 439
-99.2938 124.59 439
-100.042 124.59 439
-101.02 124.874 440
-101.77 124.874 440
-102.52 124.874 440
-103.505 125.158 441
-104.257 125.158 441
-105.247 125.442 442
-106.24 125.726 443
-107.478 126.293 445
-108.237 126.293 445
-109.241 126.577 446
-110.247 126.861 447
-111.258 127.145 448
-112.022 127.145 448
-113.037 127.429 449
-114.309 127.996 451
-115.078 127.996 451
-115.847 127.996 451
-116.616 127.996 451
-117.385 127.996 451
-118.154 127.996 451
-118.922 127.996 451
-119.691 127.996 451
-120.46 127.996 451
-121.229 127.996 451
-121.998 127.996 451
-773.973 611.6 2155
-784.863 617.276 2175
-788.571 617.276 2175
-793.372 618.128 2178
-797.085 618.128 2178
-803.004 619.831 2184
-806.727 619.831 2184
-811.192 620.398 2186
-817.156 622.101 2192
-820.893 622.101 2192
-824.629 622.101 2192
-826.099 620.398 2186
-829.825 620.398 2186
-833.552 620.398 2186
-836.512 619.831 2184
-841.005 620.398 2186
-849.369 623.804 2198
-855.445 625.507 2204
-859.202 625.507 2204
-862.959 625.507 2204
-866.716 625.507 2204
-870.474 625.507 2204
-874.231 625.507 2204
-874.403 622.952 2195
-878.145 622.952 2195
-881.887 622.952 2195
-879.98 618.979 2181
-882.482 618.128 2178
-886.195 618.128 2178
-889.908 618.128 2178
-893.621 618.128 2178
-892.802 615.006 2167
-895.255 614.154 2164
-898.944 614.154 2164
-900.131 612.452 2158
-902.553 611.6 2155
-906.227 611.6 2155
-909.901 611.6 2155
-913.574 611.6 2155
-917.248 611.6 2155
-917.503 609.33 2147
-921.163 609.33 2147
-923.531 608.478 2144
-925.024 607.059 2139
-927.368 606.208 2136
-931.009 606.208 2136
-932.463 604.789 2131
-936.095 604.789 2131
-938.405 603.937 2128
-942.033 603.937 2128
-942.106 601.667 2120
-944.381 600.816 2117
-944.408 598.545 2109
-948.003 598.545 2109
-950.245 597.694 2106
-949.306 594.856 2096
-947.878 591.734 2085
-951.433 591.734 2085
-952.697 590.315 2080
-953.944 588.896 2075
-953.79 586.625 2067
-957.314 586.625 2067
-957.584 584.639 2060
-951.298 578.679 2039
-950.559 576.125 2030
-954.96 576.692 2032
-958.424 576.692 2032
-961.888 576.692 2032
-964.402 576.125 2030
-967.863 576.125 2030
-959.361 569.029 2005
-960.378 567.61 2000
-961.86 566.475 1996
-965.263 566.475 1996
-964.783 564.205 1988
-964.763 562.218 1981
-966.185 561.083 1977
-969.556 561.083 1977
-970.465 559.664 1972
-973.827 559.664 1972
-972.729 557.11 1963
-976.076 557.11 1963
-979.422 557.11 1963
-980.265 555.691 1958
-981.091 554.272 1953
-984.421 554.272 1953
-987.75 554.272 1953
-990.064 553.704 1951
-992.372 553.136 1949
-995.695 553.136 1949
-996.454 551.717 1944
-997.711 550.582 1940
-3.94713 139.639 495
-4.79098 139.639 495
-5.63483 139.639 495
-6.47868 139.639 495
-7.32253 139.639 495
-8.16638 139.639 495
-19.1834 128.637 456
-19.9608 128.637 456
-20.7382 128.637 456
-21.4684 128.355 455
-22.244 128.355 455
-23.0197 128.355 455
-23.7953 128.355 455
-24.571 128.355 455
-25.3467 128.355 455
-26.1223 128.355 455
-26.8389 128.073 454
-27.4912 127.509 452
-28.1367 126.945 450
-28.9038 126.945 450
-29.605 126.662 449
-30.3028 126.38 448
-30.9972 126.098 447
-31.7592 126.098 447
-32.3757 125.534 445
-32.9109 124.688 442
-33.5121 124.124 440
-34.1843 123.842 439
-34.9327 123.842 439
-35.6811 123.842 439
-36.1805 122.995 436
-36.8391 122.713 435
-37.4943 122.431 434
-38.2342 122.431 434
-38.8842 122.149 433
-38.4328 118.482 420
-39.1488 118.482 420
-39.8648 118.482 420
-40.5808 118.482 420
-41.2968 118.482 420
-41.9127 118.2 419
-42.5253 117.917 418
-43.1344 117.635 417
-43.8453 117.635 417
-44.4493 117.353 416
-45.1585 117.353 416
-45.8677 117.353 416
-46.5769 117.353 416
-47.286 117.353 416
-47.7645 116.789 414
-48.2361 116.225 412
-48.9384 116.225 412
-49.5203 115.943 411
-50.0988 115.661 410
-50.6738 115.379 409
-51.371 115.379 409
-52.0683 115.379 409
-52.6365 115.096 408
-53.2013 114.814 407
-53.8952 114.814 407
-54.589 114.814 407
-55.147 114.532 406
-55.8391 114.532 406
-56.5313 114.532 406
-57.2234 114.532 406
-57.9155 114.532 406
-58.6077 114.532 406
-59.2998 114.532 406
-59.9919 114.532 406
-60.684 114.532 406
-61.3762 114.532 406
-62.0683 114.532 406
-62.7604 114.532 406
-63.4525 114.532 406
-64.1447 114.532 406
-64.8368 114.532 406
-65.5289 114.532 406
-66.0579 114.25 405
-66.7484 114.25 405
-67.4388 114.25 405
-68.2974 114.532 406
-68.9896 114.532 406
-69.6817 114.532 406
-70.3738 114.532 406
-71.0659 114.532 406
-71.7581 114.532 406
-72.4502 114.532 406
-73.3225 114.814 407
-74.0163 114.814 407
-74.7101 114.814 407
-75.7745 115.379 409
-76.6587 115.661 410
-77.3577 115.661 410
-78.4374 116.225 412
-79.1397 116.225 412
-80.0359 116.507 413
-81.3264 117.353 416
-82.0356 117.353 416
-82.9437 117.635 417
-83.6546 117.635 417
-84.5678 117.917 418
-85.4844 118.2 419
-86.1987 118.2 419
-90.2318 122.713 435
-90.9734 122.713 435
-91.715 122.713 435
-93.3067 123.842 439
-94.0551 123.842 439
-95.0194 124.124 440
-95.7695 124.124 440
-96.5196 124.124 440
-97.2697 124.124 440
-98.0198 124.124 440
-98.7699 124.124 440
-99.52 124.124 440
-100.498 124.406 441
-101.25 124.406 441
-102.002 124.406 441
-102.753 124.406 441
-103.74 124.688 442
-104.493 124.688 442
-105.485 124.97 443
-106.72 125.534 445
-107.72 125.816 446
-108.48 125.816 446
-109.485 126.098 447
-110.494 126.38 448
-111.258 126.38 448
-112.272 126.662 449
-113.037 126.662 449
-114.309 127.227 451
-115.078 127.227 451
-115.847 127.227 451
-117.133 127.791 453
-117.905 127.791 453
-118.678 127.791 453
-119.186 127.509 452
-119.691 127.227 451
-120.46 127.227 451
-121.229 127.227 451
-121.998 127.227 451
-773.973 607.924 2155
-784.863 613.566 2175
-788.571 613.566 2175
-795.558 616.104 2184
-804.404 620.054 2198
-809.254 620.9 2201
-813.007 620.9 2201
-816.759 620.9 2201
-818.274 619.208 2195
-822.016 619.208 2195
-825.758 619.208 2195
-828.366 618.361 2192
-829.825 616.669 2186
-833.552 616.669 2186
-836.512 616.104 2184
-841.005 616.669 2186
-849.369 620.054 2198
-855.445 621.746 2204
-859.202 621.746 2204
-862.959 621.746 2204
-866.716 621.746 2204
-870.474 621.746 2204
-874.231 621.746 2204
-874.403 619.208 2195
-878.145 619.208 2195
-881.887 619.208 2195
-878.77 614.412 2178
-882.482 614.412 2178
-886.195 614.412 2178
-889.908 614.412 2178
-893.621 614.412 2178
-891.566 610.462 2164
-895.255 610.462 2164
-898.944 610.462 2164
-900.131 608.77 2158
-902.553 607.924 2155
-906.227 607.924 2155
-909.901 607.924 2155
-913.574 607.924 2155
-917.248 607.924 2155
-917.503 605.667 2147
-921.163 605.667 2147
-923.531 604.82 2144
-925.024 603.41 2139
-926.065 601.717 2133
-929.701 601.717 2133
-932.463 601.153 2131
-934.778 600.307 2128
-938.405 600.307 2128
-942.033 600.307 2128
-940.772 597.204 2117
-942.151 595.793 2112
-943.065 594.101 2106
-946.655 594.101 2106
-949.342 593.536 2104
-947.947 590.433 2093
-947.878 588.177 2085
-951.433 588.177 2085
-952.697 586.766 2080
-952.565 584.509 2072
-953.79 583.099 2067
-957.314 583.099 2067
-956.189 580.278 2057
-951.298 575.2 2039
-953.837 574.636 2037
-957.31 574.636 2037
-957.481 572.661 2030
-960.941 572.661 2030
-964.402 572.661 2030
-967.863 572.661 2030
-959.361 565.609 2005
-960.378 564.198 2000
-961.86 563.07 1996
-965.263 563.07 1996
-964.783 560.813 1988
-966.224 559.685 1984
-966.185 557.71 1977
-969.556 557.71 1977
-970.465 556.299 1972
-972.839 555.735 1970
-972.729 553.76 1963
-976.076 553.76 1963
-977.925 552.914 1960
-980.265 552.35 1958
-981.091 550.94 1953
-984.421 550.94 1953
-986.738 550.375 1951
-990.064 550.375 1951
-992.372 549.811 1949
-995.695 549.811 1949
-996.454 548.401 1944
-996.683 546.708 1938
-3.93915 138.514 494
-4.7813 138.514 494
-5.62344 138.514 494
-6.46559 138.514 494
-7.27815 137.953 492
-8.11688 137.953 492
-19.1834 127.859 456
-19.9608 127.859 456
-20.7382 127.859 456
-21.4684 127.579 455
-22.244 127.579 455
-23.0197 127.579 455
-23.7953 127.579 455
-24.571 127.579 455
-25.3467 127.579 455
-26.1223 127.579 455
-26.8389 127.298 454
-27.4912 126.738 452
-28.1992 126.457 451
-28.968 126.457 451
-29.605 125.896 449
-30.3028 125.616 448
-30.9972 125.336 447
-31.7592 125.336 447
-32.3757 124.775 445
-32.9109 123.934 442
-33.5121 123.373 440
-34.2622 123.373 440
-35.0123 123.373 440
-35.6811 123.093 439
-36.3465 122.812 438
-36.9238 122.251 436
-37.6671 122.251 436
-38.4104 122.251 436
-39.1536 122.251 436
-39.6224 121.41 433
-39.5216 118.887 424
-40.0546 118.326 422
-40.774 118.326 422
-41.3951 118.045 421
-42.0128 117.765 420
-42.627 117.485 419
-43.3413 117.485 419
-43.9504 117.204 418
-44.663 117.204 418
-45.2671 116.924 417
-45.9779 116.924 417
-46.6888 116.924 417
-47.3997 116.924 417
-47.8798 116.363 415
-48.4702 116.083 414
-49.176 116.083 414
-49.6408 115.522 412
-50.221 115.242 411
-50.7977 114.961 410
-51.4967 114.961 410
-52.0683 114.681 409
-52.7655 114.681 409
-53.3321 114.4 408
-54.0276 114.4 408
-54.7231 114.4 408
-55.2828 114.12 407
-55.9767 114.12 407
-56.6705 114.12 407
-57.3643 114.12 407
-58.0582 114.12 407
-58.752 114.12 407
-59.2998 113.84 406
-59.9919 113.84 406
-60.684 113.84 406
-61.3762 113.84 406
-62.0683 113.84 406
-62.7604 113.84 406
-63.4525 113.84 406
-64.1447 113.84 406
-64.8368 113.84 406
-65.5289 113.84 406
-66.2211 113.84 406
-66.9132 113.84 406
-67.6053 113.84 406
-68.2974 113.84 406
-68.9896 113.84 406
-69.6817 113.84 406
-70.3738 113.84 406
-71.241 114.12 407
-71.9348 114.12 407
-72.6286 114.12 407
-73.3225 114.12 407
-74.0163 114.12 407
-75.0773 114.681 409
-75.9598 114.961 410
-76.8457 115.242 411
-77.5463 115.242 411
-78.4374 115.522 412
-79.1397 115.522 412
-80.0359 115.802 413
-81.3264 116.643 416
-82.0356 116.643 416
-82.9437 116.924 417
-83.6546 116.924 417
-84.5678 117.204 418
-85.4844 117.485 419
-86.1987 117.485 419
-90.2318 121.971 435
-90.9734 121.971 435
-91.715 121.971 435
-93.3067 123.093 439
-94.0551 123.093 439
-95.0194 123.373 440
-95.7695 123.373 440
-96.5196 123.373 440
-97.2697 123.373 440
-98.0198 123.373 440
-98.7699 123.373 440
-99.52 123.373 440
-100.498 123.653 441
-101.25 123.653 441
-102.002 123.653 441
-102.986 123.934 442
-103.74 123.934 442
-104.493 123.934 442
-105.485 124.214 443
-106.96 125.055 446
-107.961 125.336 447
-108.723 125.336 447
-109.73 125.616 448
-110.741 125.896 449
-111.506 125.896 449
-112.272 125.896 449
-113.541 126.457 451
-114.309 126.457 451
-115.078 126.457 451
-116.361 127.018 453
-117.133 127.018 453
-117.905 127.018 453
-118.678 127.018 453
-119.45 127.018 453
-119.957 126.738 452
-120.727 126.738 452
-121.498 126.738 452
-121.998 126.457 451
-773.973 604.247 2155
-784.863 609.855 2175
-788.571 609.855 2175
-795.558 612.378 2184
-804.404 616.304 2198
-809.254 617.145 2201
-813.007 617.145 2201
-816.759 617.145 2201
-818.274 615.463 2195
-822.016 615.463 2195
-825.758 615.463 2195
-828.366 614.621 2192
-827.927 611.537 2181
-831.645 611.537 2181
-835.363 611.537 2181
-839.081 611.537 2181
-845.891 613.78 2189
-854.28 617.145 2201
-858.032 617.145 2201
-861.784 617.145 2201
-865.537 617.145 2201
-869.289 617.145 2201
-870.661 615.463 2195
-874.403 615.463 2195
-873.744 612.378 2184
-877.467 612.378 2184
-878.77 610.696 2178
-882.482 610.696 2178
-886.195 610.696 2178
-889.908 610.696 2178
-893.621 610.696 2178
-891.566 606.77 2164
-895.255 606.77 2164
-898.944 606.77 2164
-900.131 605.088 2158
-902.553 604.247 2155
-906.227 604.247 2155
-909.901 604.247 2155
-913.574 604.247 2155
-917.248 604.247 2155
-917.503 602.004 2147
-921.163 602.004 2147
-923.531 601.163 2144
-925.024 599.761 2139
-926.065 598.078 2133
-929.701 598.078 2133
-932.463 597.517 2131
-934.778 596.676 2128
-938.405 596.676 2128
-942.033 596.676 2128
-940.772 593.592 2117
-940.813 591.349 2109
-942.169 589.947 2104
-945.756 589.947 2104
-946.635 588.264 2098
-947.947 586.863 2093
-947.878 584.619 2085
-951.433 584.619 2085
-952.697 583.217 2080
-952.565 580.974 2072
-953.79 579.572 2067
-957.314 579.572 2067
-956.189 576.768 2057
-951.298 571.721 2039
-953.837 571.161 2037
-957.31 571.161 2037
-957.481 569.198 2030
-960.941 569.198 2030
-964.402 569.198 2030
-967.863 569.198 2030
-960.797 563.029 2008
-960.378 560.786 2000
-961.86 559.664 1996
-965.263 559.664 1996
-964.783 557.421 1988
-966.224 556.3 1984
-966.185 554.337 1977
-969.556 554.337 1977
-970.465 552.935 1972
-971.358 551.533 1967
-972.729 550.411 1963
-976.076 550.411 1963
-977.925 549.57 1960
-980.265 549.01 1958
-981.091 547.607 1953
-984.421 547.607 1953
-986.738 547.047 1951
-989.049 546.486 1949
-989.826 545.084 1944
-993.14 545.084 1944
-995.429 544.523 1942
-996.683 543.402 1938
-3.9232 137.114 492
-4.76194 137.114 492
-5.60068 137.114 492
-6.43941 137.114 492
-7.27815 137.114 492
-8.11688 137.114 492
-8.95562 137.114 492
-9.79436 137.114 492
-19.1834 127.081 456
-19.9608 127.081 456
-20.7382 127.081 456
-21.5155 127.081 456
-22.2929 127.081 456
-23.0703 127.081 456
-23.8476 127.081 456
-24.625 127.081 456
-25.3467 126.803 455
-26.1223 126.803 455
-26.898 126.803 455
-27.552 126.245 453
-28.1992 125.688 451
-28.968 125.688 451
-29.605 125.13 449
-30.3028 124.852 448
-30.9972 124.573 447
-31.7592 124.573 447
-32.3757 124.016 445
-32.9109 123.18 442
-33.5121 122.622 440
-34.2622 122.622 440
-35.0123 122.622 440
-35.6811 122.344 439
-36.3465 122.065 438
-36.9238 121.507 436
-37.6671 121.507 436
-38.4104 121.507 436
-39.1536 121.507 436
-39.6224 120.671 433
-39.5216 118.163 424
-40.0546 117.606 422
-40.774 117.606 422
-41.3951 117.327 421
-42.0128 117.048 420
-42.627 116.77 419
-43.3413 116.77 419
-43.9504 116.491 418
-44.663 116.491 418
-45.3756 116.491 418
-46.0882 116.491 418
-46.6888 116.212 417
-47.3997 116.212 417
-47.8798 115.655 415
-48.4702 115.376 414
-49.176 115.376 414
-49.7613 115.098 413
-50.3431 114.819 412
-50.9216 114.54 411
-51.6223 114.54 411
-52.1956 114.262 410
-52.8945 114.262 410
-53.4628 113.983 409
-54.16 113.983 409
-54.8573 113.983 409
-55.5545 113.983 409
-56.1142 113.704 408
-56.8097 113.704 408
-57.5053 113.704 408
-58.0582 113.426 407
-58.752 113.426 407
-59.4458 113.426 407
-60.1397 113.426 407
-60.8335 113.426 407
-61.3762 113.147 406
-62.0683 113.147 406
-62.7604 113.147 406
-63.4525 113.147 406
-64.1447 113.147 406
-64.8368 113.147 406
-65.5289 113.147 406
-66.2211 113.147 406
-66.9132 113.147 406
-67.6053 113.147 406
-68.2974 113.147 406
-68.9896 113.147 406
-69.6817 113.147 406
-70.5471 113.426 407
-71.241 113.426 407
-71.9348 113.426 407
-72.6286 113.426 407
-73.5026 113.704 408
-74.1982 113.704 408
-75.0773 113.983 409
-75.9598 114.262 410
-76.8457 114.54 411
-77.5463 114.54 411
-78.4374 114.819 412
-79.1397 114.819 412
-86.6248 124.573 447
-87.3868 124.573 447
-88.346 124.852 448
-89.1098 124.852 448
-89.8735 124.852 448
-84.5678 116.491 418
-90.7889 124.016 445
-91.5475 124.016 445
-92.3061 124.016 445
-92.2282 122.901 441
-92.98 122.901 441
-93.5192 122.622 440
-94.4836 122.901 441
-95.2354 122.901 441
-95.9872 122.901 441
-96.739 122.901 441
-97.4907 122.901 441
-98.2425 122.901 441
-98.9943 122.901 441
-99.7461 122.901 441
-100.498 122.901 441
-101.25 122.901 441
-102.002 122.901 441
-102.986 123.18 442
-103.74 123.18 442
-104.493 123.18 442
-105.485 123.458 443
-106.96 124.294 446
-107.961 124.573 447
-108.723 124.573 447
-109.73 124.852 448
-110.741 125.13 449
-111.506 125.13 449
-112.272 125.13 449
-113.541 125.688 451
-114.309 125.688 451
-115.078 125.688 451
-116.361 126.245 453
-117.133 126.245 453
-117.905 126.245 453
-118.678 126.245 453
-119.45 126.245 453
-119.957 125.966 452
-120.727 125.966 452
-121.498 125.966 452
-121.998 125.688 451
-784.388 608.652 2184
-793.163 612.554 2198
-796.91 612.554 2198
-801.75 613.39 2201
-808.796 615.898 2210
-812.563 615.898 2210
-816.331 615.898 2210
-818.985 615.062 2207
-821.629 614.226 2204
-825.386 614.226 2204
-829.144 614.226 2204
-829.5 611.718 2195
-829.825 609.21 2186
-833.552 609.21 2186
-835.363 607.816 2181
-840.236 608.652 2184
-845.891 610.046 2189
-851.951 611.718 2195
-855.693 611.718 2195
-859.435 611.718 2195
-863.177 611.718 2195
-866.919 611.718 2195
-870.661 611.718 2195
-872.013 610.046 2189
-873.744 608.652 2184
-877.467 608.652 2184
-877.559 606.144 2175
-878.836 604.472 2169
-882.534 604.472 2169
-886.231 604.472 2169
-889.929 604.472 2169
-891.566 603.078 2164
-894.014 602.242 2161
-897.698 602.242 2161
-900.131 601.406 2158
-901.716 600.013 2153
-905.386 600.013 2153
-909.056 600.013 2153
-912.727 600.013 2153
-915.12 599.177 2150
-917.503 598.341 2147
-921.163 598.341 2147
-922.67 596.947 2142
-923.726 595.275 2136
-925.197 593.882 2131
-928.83 593.882 2131
-931.15 593.046 2128
-934.778 593.046 2128
-935.759 591.374 2122
-939.377 591.374 2122
-940.772 589.98 2117
-940.813 587.751 2109
-942.169 586.357 2104
-945.756 586.357 2104
-946.635 584.685 2098
-947.947 583.292 2093
-947.878 581.062 2085
-951.433 581.062 2085
-952.697 579.669 2080
-952.565 577.439 2072
-953.79 576.046 2067
-957.314 576.046 2067
-956.189 573.259 2057
-951.298 568.243 2039
-953.837 567.685 2037
-957.31 567.685 2037
-957.481 565.734 2030
-960.941 565.734 2030
-964.402 565.734 2030
-967.863 565.734 2030
-960.797 559.603 2008
-960.378 557.374 2000
-961.86 556.259 1996
-965.263 556.259 1996
-964.783 554.03 1988
-966.224 552.915 1984
-966.185 550.964 1977
-969.556 550.964 1977
-969.481 549.013 1970
-971.358 548.177 1967
-972.729 547.062 1963
-976.076 547.062 1963
-977.925 546.226 1960
-980.265 545.669 1958
-980.086 543.718 1951
-983.412 543.718 1951
-986.738 543.718 1951
-988.034 542.603 1947
-989.826 541.767 1944
-993.14 541.767 1944
-995.429 541.21 1942
-996.683 540.095 1938
-3.9232 136.275 492
-4.76194 136.275 492
-5.60068 136.275 492
-6.43941 136.275 492
-7.27815 136.275 492
-8.11688 136.275 492
-8.95562 136.275 492
-9.79436 136.275 492
-10.6331 136.275 492
-11.4718 136.275 492
-19.1834 126.303 456
-19.9608 126.303 456
-20.8746 127.134 459
-21.6571 127.134 459
-22.4396 127.134 459
-23.222 127.134 459
-24.0045 127.134 459
-24.679 126.58 457
-25.4581 126.58 457
-26.1797 126.303 456
-26.898 126.026 455
-27.552 125.472 453
-28.1992 124.918 451
-28.968 124.918 451
-29.605 124.364 449
-30.3028 124.087 448
-30.9972 123.81 447
-31.7592 123.81 447
-32.4485 123.533 446
-32.9109 122.426 442
-33.5883 122.149 441
-34.2622 121.872 440
-35.0123 121.872 440
-35.6811 121.595 439
-36.3465 121.318 438
-37.0932 121.318 438
-37.8399 121.318 438
-38.5865 121.318 438
-39.3332 121.318 438
-39.9884 121.041 437
-40.7334 121.041 437
-41.0987 119.933 433
-40.8706 117.163 423
-41.3951 116.609 421
-42.0128 116.332 420
-42.627 116.055 419
-43.3413 116.055 419
-44.0556 116.055 419
-44.663 115.778 418
-45.3756 115.778 418
-46.0882 115.778 418
-46.6888 115.501 417
-47.3997 115.501 417
-47.8798 114.947 415
-48.4702 114.67 414
-49.176 114.67 414
-49.7613 114.393 413
-50.3431 114.116 412
-50.9216 113.839 411
-51.6223 113.839 411
-52.1956 113.562 410
-52.8945 113.562 410
-53.4628 113.285 409
-54.16 113.285 409
-54.8573 113.285 409
-55.5545 113.285 409
-56.1142 113.008 408
-56.8097 113.008 408
-57.5053 113.008 408
-58.0582 112.731 407
-58.752 112.731 407
-59.4458 112.731 407
-60.1397 112.731 407
-60.8335 112.731 407
-61.5273 112.731 407
-62.2212 112.731 407
-62.915 112.731 407
-63.6088 112.731 407
-64.3027 112.731 407
-64.9965 112.731 407
-65.6903 112.731 407
-66.2211 112.454 406
-66.9132 112.454 406
-67.6053 112.454 406
-68.4657 112.731 407
-69.1595 112.731 407
-69.8533 112.731 407
-70.5471 112.731 407
-71.241 112.731 407
-71.9348 112.731 407
-72.8071 113.008 408
-73.5026 113.008 408
-74.1982 113.008 408
-75.0773 113.285 409
-76.1451 113.839 411
-77.0327 114.116 412
-77.735 114.116 412
-78.4374 114.116 412
-86.0549 124.087 448
-87.0124 124.364 449
-87.7778 124.364 449
-89.9237 126.303 456
-90.8999 126.58 457
-91.679 126.58 457
-92.6604 126.857 458
-93.4412 126.857 458
-94.2219 126.857 458
-95.0027 126.857 458
-92.2282 122.149 441
-92.98 122.149 441
-93.5192 121.872 440
-94.4836 122.149 441
-95.2354 122.149 441
-95.9872 122.149 441
-96.739 122.149 441
-97.4907 122.149 441
-98.2425 122.149 441
-98.9943 122.149 441
-99.7461 122.149 441
-100.498 122.149 441
-101.25 122.149 441
-102.002 122.149 441
-102.986 122.426 442
-103.74 122.426 442
-104.493 122.426 442
-105.485 122.702 443
-106.96 123.533 446
-107.961 123.81 447
-108.723 123.81 447
-109.73 124.087 448
-110.741 124.364 449
-111.506 124.364 449
-112.522 124.641 450
-113.541 124.918 451
-114.309 124.918 451
-115.078 124.918 451
-116.361 125.472 453
-117.133 125.472 453
-117.905 125.472 453
-118.678 125.472 453
-119.45 125.472 453
-119.957 125.195 452
-120.727 125.195 452
-121.498 125.195 452
-121.998 124.918 451
-791.571 610.466 2204
-797.493 612.128 2210
-801.261 612.128 2210
-806.85 613.512 2215
-811.724 614.343 2218
-815.505 614.343 2218
-820.394 615.174 2221
-824.18 615.174 2221
-827.967 615.174 2221
-830.629 614.343 2218
-833.282 613.512 2215
-831.767 609.635 2201
-830.964 606.311 2189
-834.696 606.311 2189
-835.363 604.095 2181
-840.236 604.926 2184
-845.891 606.311 2189
-851.951 607.973 2195
-855.693 607.973 2195
-859.435 607.973 2195
-863.177 607.973 2195
-866.919 607.973 2195
-870.661 607.973 2195
-872.013 606.311 2189
-873.744 604.926 2184
-877.467 604.926 2184
-875.138 600.771 2169
-878.836 600.771 2169
-882.534 600.771 2169
-886.231 600.771 2169
-889.929 600.771 2169
-891.566 599.386 2164
-892.773 597.724 2158
-896.452 597.724 2158
-900.131 597.724 2158
-900.459 595.509 2150
-904.124 595.509 2150
-907.79 595.509 2150
-910.183 594.678 2147
-913.843 594.678 2147
-915.366 593.293 2142
-919.018 593.293 2142
-920.085 591.631 2136
-922.429 590.8 2133
-922.592 588.584 2125
-926.215 588.584 2125
-928.524 587.753 2122
-932.142 587.753 2122
-933.555 586.368 2117
-937.163 586.368 2117
-939.439 585.537 2114
-939.474 583.322 2106
-939.482 581.106 2098
-943.059 581.106 2098
-944.379 579.721 2093
-947.041 579.167 2091
-946.969 576.951 2083
-950.52 576.951 2083
-951.781 575.566 2078
-952.565 573.904 2072
-951.483 571.134 2062
-954.998 571.134 2062
-956.189 569.749 2057
-951.298 564.764 2039
-953.837 564.21 2037
-957.31 564.21 2037
-957.481 562.271 2030
-960.941 562.271 2030
-962.027 560.886 2025
-965.479 560.886 2025
-960.797 556.177 2008
-960.378 553.962 2000
-961.86 552.854 1996
-965.263 552.854 1996
-963.812 550.084 1986
-964.763 548.699 1981
-966.185 547.591 1977
-969.556 547.591 1977
-969.481 545.652 1970
-971.358 544.821 1967
-972.729 543.713 1963
-976.076 543.713 1963
-977.925 542.882 1960
-980.265 542.328 1958
-980.086 540.39 1951
-983.412 540.39 1951
-986.738 540.39 1951
-988.034 539.282 1947
-989.826 538.451 1944
-993.14 538.451 1944
-995.429 537.897 1942
-996.683 536.789 1938
-4.76194 135.435 492
-5.60068 135.435 492
-6.43941 135.435 492
-7.27815 135.435 492
-8.11688 135.435 492
-8.95562 135.435 492
-9.79436 135.435 492
-10.6331 135.435 492
-11.4718 135.435 492
-12.3106 135.435 492
-19.1834 125.525 456
-19.9608 125.525 456
-20.8746 126.351 459
-21.6571 126.351 459
-22.4396 126.351 459
-23.222 126.351 459
-24.0045 126.351 459
-24.787 126.351 459
-25.5695 126.351 459
-26.2371 125.801 457
-26.9571 125.525 456
-27.6128 124.975 454
-28.1992 124.149 451
-28.968 124.149 451
-29.605 123.598 449
-30.3028 123.323 448
-31.0665 123.323 448
-31.8302 123.323 448
-32.4485 122.773 446
-32.9854 121.947 443
-33.5883 121.396 441
-34.2622 121.121 440
-35.0123 121.121 440
-35.6811 120.846 439
-36.3465 120.57 438
-37.0932 120.57 438
-37.8399 120.57 438
-38.5865 120.57 438
-39.3332 120.57 438
-40.0799 120.57 438
-40.8266 120.57 438
-41.0987 119.194 433
-40.8706 116.441 423
-41.3951 115.891 421
-42.0128 115.615 420
-42.627 115.34 419
-43.3413 115.34 419
-44.0556 115.34 419
-44.663 115.065 418
-45.3756 115.065 418
-46.0882 115.065 418
-46.6888 114.79 417
-47.3997 114.79 417
-47.8798 114.239 415
-48.4702 113.964 414
-49.176 113.964 414
-49.7613 113.688 413
-50.3431 113.413 412
-51.0455 113.413 412
-51.7479 113.413 412
-52.3229 113.138 411
-53.0236 113.138 411
-53.5935 112.863 410
-54.2924 112.863 410
-54.9914 112.863 410
-55.5545 112.587 409
-56.2517 112.587 409
-56.949 112.587 409
-57.6462 112.587 409
-58.2008 112.312 408
-58.8964 112.312 408
-59.4458 112.037 407
-60.1397 112.037 407
-60.8335 112.037 407
-61.5273 112.037 407
-62.2212 112.037 407
-62.915 112.037 407
-63.6088 112.037 407
-64.3027 112.037 407
-64.9965 112.037 407
-65.6903 112.037 407
-66.2211 111.762 406
-66.9132 111.762 406
-67.6053 111.762 406
-68.4657 112.037 407
-69.1595 112.037 407
-69.8533 112.037 407
-70.5471 112.037 407
-71.241 112.037 407
-71.9348 112.037 407
-72.8071 112.312 408
-73.5026 112.312 408
-74.1982 112.312 408
-75.0773 112.587 409
-76.1451 113.138 411
-77.0327 113.413 412
-77.735 113.413 412
-85.1008 123.048 447
-86.2469 123.598 449
-87.0124 123.598 449
-87.7778 123.598 449
-89.9237 125.525 456
-90.8999 125.801 457
-91.679 125.801 457
-92.6604 126.076 458
-93.4412 126.076 458
-94.2219 126.076 458
-95.0027 126.076 458
-92.2282 121.396 441
-92.98 121.396 441
-93.5192 121.121 440
-94.4836 121.396 441
-95.2354 121.396 441
-95.9872 121.396 441
-96.739 121.396 441
-97.4907 121.396 441
-98.2425 121.396 441
-98.9943 121.396 441
-99.7461 121.396 441
-100.498 121.396 441
-101.25 121.396 441
-102.002 121.396 441
-102.986 121.671 442
-103.74 121.671 442
-104.493 121.671 442
-105.485 121.947 443
-106.96 122.773 446
-107.961 123.048 447
-108.723 123.048 447
-109.73 123.323 448
-110.741 123.598 449
-111.506 123.598 449
-112.522 123.874 450
-113.541 124.149 451
-114.563 124.424 452
-115.333 124.424 452
-116.361 124.699 453
-117.133 124.699 453
-117.905 124.699 453
-118.678 124.699 453
-119.45 124.699 453
-119.957 124.424 452
-120.727 124.424 452
-121.498 124.424 452
-121.998 124.149 451
-791.571 606.705 2204
-797.493 608.357 2210
-801.261 608.357 2210
-806.85 609.733 2215
-812.822 611.385 2221
-816.608 611.385 2221
-820.394 611.385 2221
-824.18 611.385 2221
-827.967 611.385 2221
-830.629 610.559 2218
-834.411 610.559 2218
-834.035 607.531 2207
-837.797 607.531 2207
-834.696 602.576 2189
-836.512 601.2 2184
-840.236 601.2 2184
-845.891 602.576 2189
-851.951 604.228 2195
-855.693 604.228 2195
-859.435 604.228 2195
-863.177 604.228 2195
-866.919 604.228 2195
-870.661 604.228 2195
-872.013 602.576 2189
-873.744 601.2 2184
-877.467 601.2 2184
-875.138 597.071 2169
-878.836 597.071 2169
-882.534 597.071 2169
-886.231 597.071 2169
-889.929 597.071 2169
-889.094 594.043 2158
-892.773 594.043 2158
-895.206 593.217 2155
-896.794 591.841 2150
-897.946 590.189 2144
-901.601 590.189 2144
-905.256 590.189 2144
-908.911 590.189 2144
-912.566 590.189 2144
-915.366 589.638 2142
-917.731 588.812 2139
-918.793 587.161 2133
-918.969 584.959 2125
-920.421 583.582 2120
-924.035 583.582 2120
-926.337 582.756 2117
-928.628 581.931 2114
-932.232 581.931 2114
-935.835 581.931 2114
-937.217 580.554 2109
-937.244 578.352 2101
-938.586 576.976 2096
-942.16 576.976 2096
-943.477 575.599 2091
-944.324 573.948 2085
-944.696 572.021 2078
-948.238 572.021 2078
-949.033 570.369 2072
-949.347 568.442 2065
-949.176 566.24 2057
-952.682 566.24 2057
-951.541 563.487 2047
-950.365 560.735 2037
-951.496 559.358 2032
-954.96 559.358 2032
-957.481 558.808 2030
-959.521 557.982 2027
-960.601 556.605 2022
-964.048 556.605 2022
-960.797 552.752 2008
-960.378 550.549 2000
-961.86 549.448 1996
-965.263 549.448 1996
-962.842 546.145 1984
-964.763 545.319 1981
-966.185 544.218 1977
-969.556 544.218 1977
-969.481 542.291 1970
-971.358 541.465 1967
-972.729 540.364 1963
-976.076 540.364 1963
-977.925 539.538 1960
-980.265 538.988 1958
-980.086 537.061 1951
-983.412 537.061 1951
-986.738 537.061 1951
-986.512 535.134 1944
-989.826 535.134 1944
-993.14 535.134 1944
-995.429 534.583 1942
-996.683 533.482 1938
-4.75226 134.322 491
-5.58929 134.322 491
-6.42632 134.322 491
-7.26336 134.322 491
-8.11688 134.596 492
-8.95562 134.596 492
-9.79436 134.596 492
-10.6331 134.596 492
-11.4718 134.596 492
-12.3106 134.596 492
-20.8746 125.568 459
-21.6571 125.568 459
-22.4396 125.568 459
-23.222 125.568 459
-24.0045 125.568 459
-24.787 125.568 459
-25.5695 125.568 459
-26.2371 125.021 457
-26.9571 124.747 456
-27.6128 124.2 454
-28.2617 123.653 452
-29.0323 123.653 452
-29.6709 123.106 450
-30.3704 122.832 449
-31.0665 122.559 448
-31.8302 122.559 448
-32.5212 122.285 447
-32.9854 121.191 443
-33.6644 120.917 442
-34.3401 120.644 441
-35.0919 120.644 441
-35.7624 120.37 440
-36.4295 120.097 439
-37.1779 120.097 439
-37.9263 120.097 439
-38.6746 120.097 439
-39.423 120.097 439
-40.0799 119.823 438
-40.8266 119.823 438
-41.0987 118.455 433
-40.9673 115.993 424
-41.5917 115.72 423
-42.0128 114.899 420
-42.627 114.625 419
-43.3413 114.625 419
-44.0556 114.625 419
-44.663 114.352 418
-45.3756 114.352 418
-46.0882 114.352 418
-46.6888 114.078 417
-47.286 113.805 416
-47.8798 113.531 415
-48.4702 113.257 414
-49.176 113.257 414
-49.7613 112.984 413
-50.4653 112.984 413
-51.0455 112.71 412
-51.7479 112.71 412
-52.4502 112.71 412
-53.0236 112.437 411
-53.7242 112.437 411
-54.4249 112.437 411
-54.9914 112.163 410
-55.6903 112.163 410
-56.3893 112.163 410
-57.0882 112.163 410
-57.7872 112.163 410
-58.3435 111.89 409
-58.8964 111.616 408
-59.5919 111.616 408
-60.2874 111.616 408
-60.983 111.616 408
-61.6785 111.616 408
-62.374 111.616 408
-62.915 111.342 407
-63.6088 111.342 407
-64.3027 111.342 407
-64.9965 111.342 407
-65.6903 111.342 407
-66.3842 111.342 407
-67.078 111.342 407
-67.7718 111.342 407
-68.4657 111.342 407
-69.1595 111.342 407
-69.8533 111.342 407
-70.5471 111.342 407
-71.241 111.342 407
-72.1116 111.616 408
-72.8071 111.616 408
-73.5026 111.616 408
-74.1982 111.616 408
-75.2608 112.163 410
-76.1451 112.437 411
-83.2028 121.738 445
-83.9614 121.738 445
-85.1008 122.285 447
-86.2469 122.832 449
-87.0124 122.832 449
-87.7778 122.832 449
-89.9237 124.747 456
-90.8999 125.021 457
-91.679 125.021 457
-92.6604 125.294 458
-93.4412 125.294 458
-94.2219 125.294 458
-95.0027 125.294 458
-92.0191 120.37 440
-92.7691 120.37 440
-93.5192 120.37 440
-94.4836 120.644 441
-95.2354 120.644 441
-95.9872 120.644 441
-96.739 120.644 441
-97.4907 120.644 441
-98.2425 120.644 441
-98.9943 120.644 441
-99.7461 120.644 441
-100.498 120.644 441
-101.25 120.644 441
-102.002 120.644 441
-102.986 120.917 442
-103.74 120.917 442
-104.493 120.917 442
-105.485 121.191 443
-106.96 122.012 446
-107.961 122.285 447
-108.723 122.285 447
-109.73 122.559 448
-110.987 123.106 450
-111.755 123.106 450
-112.772 123.379 451
-113.792 123.653 452
-115.07 124.2 454
-115.844 124.2 454
-116.618 124.2 454
-117.133 123.927 453
-117.905 123.927 453
-118.678 123.927 453
-119.45 123.927 453
-119.957 123.653 452
-120.727 123.653 452
-121.498 123.653 452
-121.998 123.379 451
-791.571 602.945 2204
-797.493 604.587 2210
-801.261 604.587 2210
-806.85 605.954 2215
-812.822 607.596 2221
-816.608 607.596 2221
-820.394 607.596 2221
-824.18 607.596 2221
-827.967 607.596 2221
-830.629 606.775 2218
-834.411 606.775 2218
-834.035 603.766 2207
-837.797 603.766 2207
-834.696 598.842 2189
-836.512 597.474 2184
-840.236 597.474 2184
-845.891 598.842 2189
-850.787 599.662 2192
-854.524 599.662 2192
-858.261 599.662 2192
-861.997 599.662 2192
-865.734 599.662 2192
-868.281 598.842 2189
-870.021 597.474 2184
-872.544 596.653 2181
-876.262 596.653 2181
-875.138 593.37 2169
-878.836 593.37 2169
-882.534 593.37 2169
-886.231 593.37 2169
-889.929 593.37 2169
-891.566 592.002 2164
-895.255 592.002 2164
-896.452 590.361 2158
-896.794 588.172 2150
-897.946 586.531 2144
-901.601 586.531 2144
-905.256 586.531 2144
-908.911 586.531 2144
-912.566 586.531 2144
-915.366 585.984 2142
-917.731 585.163 2139
-918.793 583.522 2133
-918.969 581.333 2125
-921.289 580.513 2122
-924.035 579.965 2120
-926.337 579.145 2117
-928.628 578.324 2114
-932.232 578.324 2114
-935.835 578.324 2114
-937.217 576.956 2109
-935.013 573.4 2096
-936.348 572.032 2091
-939.912 572.032 2091
-940.77 570.391 2085
-941.154 568.476 2078
-941.968 566.834 2072
-945.501 566.834 2072
-945.827 564.919 2065
-947.048 563.551 2060
-945.484 560.542 2049
-948.977 560.542 2049
-947.822 557.806 2039
-950.365 557.259 2037
-950.559 555.344 2030
-954.02 555.344 2030
-955.122 553.976 2025
-957.154 553.156 2022
-959.651 552.609 2020
-963.095 552.609 2020
-960.797 549.326 2008
-960.378 547.137 2000
-961.86 546.043 1996
-965.263 546.043 1996
-962.842 542.76 1984
-964.763 541.939 1981
-966.185 540.845 1977
-969.556 540.845 1977
-969.481 538.93 1970
-971.358 538.109 1967
-971.242 536.194 1960
-974.584 536.194 1960
-976.927 535.647 1958
-979.264 535.1 1956
-980.086 533.732 1951
-983.412 533.732 1951
-985.727 533.185 1949
-986.512 531.817 1944
-989.826 531.817 1944
-993.14 531.817 1944
-995.429 531.27 1942
-996.683 530.176 1938
-4.75226 133.484 491
-5.58929 133.484 491
-6.42632 133.484 491
-7.26336 133.484 491
-8.10039 133.484 491
-8.93742 133.484 491
-9.79436 133.756 492
-10.6331 133.756 492
-11.4718 133.756 492
-12.3106 133.756 492
-13.1493 133.756 492
-19.3096 124.785 459
-20.0921 124.785 459
-20.8746 124.785 459
-21.6571 124.785 459
-22.4396 124.785 459
-23.222 124.785 459
-24.0045 124.785 459
-24.787 124.785 459
-25.5695 124.785 459
-26.2371 124.241 457
-26.9571 123.969 456
-27.6736 123.697 455
-28.4493 123.697 455
-29.0323 122.882 452
-29.6709 122.338 450
-30.3704 122.066 449
-31.0665 121.794 448
-31.8302 121.794 448
-32.5212 121.523 447
-32.9854 120.435 443
-33.6644 120.163 442
-34.3401 119.891 441
-35.0919 119.891 441
-35.7624 119.619 440
-36.4295 119.348 439
-37.1779 119.348 439
-37.9263 119.348 439
-38.6746 119.348 439
-39.423 119.348 439
-40.0799 119.076 438
-40.8266 119.076 438
-41.0987 117.716 433
-40.9673 115.27 424
-41.5917 114.998 423
-42.0128 114.182 420
-42.627 113.91 419
-43.3413 113.91 419
-44.0556 113.91 419
-44.663 113.639 418
-45.3756 113.639 418
-46.0882 113.639 418
-46.6888 113.367 417
-47.3997 113.367 417
-47.8798 112.823 415
-48.4702 112.551 414
-49.176 112.551 414
-49.7613 112.279 413
-50.4653 112.279 413
-51.0455 112.007 412
-51.7479 112.007 412
-52.4502 112.007 412
-53.1526 112.007 412
-53.7242 111.735 411
-54.4249 111.735 411
-55.1255 111.735 411
-55.8262 111.735 411
-56.5268 111.735 411
-57.2275 111.735 411
-57.7872 111.464 410
-58.4861 111.464 410
-59.0407 111.192 409
-59.7379 111.192 409
-60.2874 110.92 408
-60.983 110.92 408
-61.6785 110.92 408
-62.374 110.92 408
-63.0696 110.92 408
-63.7651 110.92 408
-64.3027 110.648 407
-64.9965 110.648 407
-65.6903 110.648 407
-66.3842 110.648 407
-67.078 110.648 407
-67.7718 110.648 407
-68.4657 110.648 407
-69.1595 110.648 407
-69.8533 110.648 407
-70.5471 110.648 407
-71.241 110.648 407
-72.1116 110.92 408
-72.8071 110.92 408
-73.5026 110.92 408
-74.1982 110.92 408
-75.2608 111.464 410
-82.6294 121.251 446
-83.3897 121.251 446
-84.1501 121.251 446
-85.1008 121.523 447
-86.2469 122.066 449
-87.0124 122.066 449
-87.7778 122.066 449
-88.5432 122.066 449
-90.701 123.969 456
-91.4784 123.969 456
-92.6604 124.513 458
-93.4412 124.513 458
-94.2219 124.513 458
-91.4764 119.891 441
-92.0191 119.619 440
-92.7691 119.619 440
-93.7318 119.891 441
-94.4836 119.891 441
-95.2354 119.891 441
-95.9872 119.891 441
-96.739 119.891 441
-97.4907 119.891 441
-98.2425 119.891 441
-98.9943 119.891 441
-99.7461 119.891 441
-100.726 120.163 442
-101.479 120.163 442
-102.233 120.163 442
-102.986 120.163 442
-103.74 120.163 442
-104.493 120.163 442
-105.247 120.163 442
-106.96 121.251 446
-107.961 121.523 447
-108.723 121.523 447
-109.73 121.794 448
-110.987 122.338 450
-111.755 122.338 450
-112.772 122.61 451
-113.792 122.882 452
-115.07 123.426 454
-115.844 123.426 454
-116.618 123.426 454
-117.133 123.154 453
-117.905 123.154 453
-118.678 123.154 453
-119.45 123.154 453
-119.957 122.882 452
-120.727 122.882 452
-121.229 122.61 451
-791.571 599.185 2204
-797.493 600.816 2210
-801.261 600.816 2210
-806.85 602.175 2215
-812.822 603.807 2221
-816.608 603.807 2221
-820.394 603.807 2221
-824.18 603.807 2221
-827.967 603.807 2221
-830.629 602.991 2218
-834.411 602.991 2218
-834.035 600 2207
-837.797 600 2207
-834.696 595.107 2189
-836.512 593.748 2184
-839.081 592.932 2181
-845.891 595.107 2189
-849.623 595.107 2189
-853.354 595.107 2189
-857.086 595.107 2189
-860.818 595.107 2189
-864.549 595.107 2189
-867.091 594.291 2186
-868.826 592.932 2181
-872.544 592.932 2181
-872.646 590.485 2172
-873.121 588.31 2164
-878.026 589.126 2167
-881.72 589.126 2167
-885.414 589.126 2167
-889.108 589.126 2167
-891.566 588.31 2164
-895.255 588.31 2164
-896.452 586.679 2158
-895.543 583.689 2147
-897.109 582.329 2142
-900.76 582.329 2142
-904.412 582.329 2142
-908.063 582.329 2142
-911.715 582.329 2142
-915.366 582.329 2142
-917.731 581.514 2139
-918.793 579.883 2133
-917.672 576.892 2122
-921.289 576.892 2122
-924.035 576.348 2120
-926.337 575.533 2117
-928.628 574.717 2114
-932.232 574.717 2114
-934.95 574.174 2112
-935.884 572.542 2106
-935.013 569.824 2096
-936.348 568.464 2091
-939.912 568.464 2091
-940.77 566.833 2085
-941.154 564.93 2078
-941.968 563.299 2072
-945.501 563.299 2072
-945.827 561.396 2065
-947.048 560.037 2060
-945.484 557.046 2049
-948.977 557.046 2049
-947.822 554.328 2039
-950.365 553.784 2037
-950.559 551.881 2030
-954.02 551.881 2030
-955.122 550.522 2025
-957.154 549.706 2022
-959.651 549.162 2020
-963.095 549.162 2020
-960.797 545.9 2008
-960.378 543.725 2000
-961.86 542.638 1996
-965.263 542.638 1996
-962.842 539.375 1984
-964.763 538.56 1981
-966.185 537.472 1977
-969.556 537.472 1977
-969.481 535.569 1970
-971.358 534.753 1967
-971.242 532.85 1960
-974.584 532.85 1960
-976.927 532.307 1958
-979.264 531.763 1956
-980.086 530.404 1951
-983.412 530.404 1951
-984.715 529.316 1947
-986.512 528.501 1944
-989.826 528.501 1944
-993.14 528.501 1944
-995.429 527.957 1942
-996.683 526.87 1938
-4.75226 132.647 491
-5.58929 132.647 491
-6.42632 132.647 491
-7.26336 132.647 491
-8.10039 132.647 491
-8.91922 132.377 490
-9.77445 132.647 491
-10.6331 132.917 492
-11.4718 132.917 492
-12.3106 132.917 492
-13.1493 132.917 492
-19.3096 124.002 459
-20.0921 124.002 459
-20.8746 124.002 459
-21.6571 124.002 459
-22.4396 124.002 459
-23.222 124.002 459
-24.0045 124.002 459
-24.733 123.732 458
-25.5138 123.732 458
-26.2945 123.732 458
-26.9571 123.191 456
-27.7345 123.191 456
-28.5118 123.191 456
-29.0965 122.381 453
-29.7369 121.841 451
-30.4381 121.57 450
-31.1359 121.3 449
-31.9013 121.3 449
-32.594 121.03 448
-33.1343 120.22 445
-33.6644 119.409 442
-34.3401 119.139 441
-35.0919 119.139 441
-35.7624 118.869 440
-36.5125 118.869 440
-37.2626 118.869 440
-38.0127 118.869 440
-38.7627 118.869 440
-39.5128 118.869 440
-40.1714 118.599 439
-40.9198 118.599 439
-41.0987 116.978 433
-41.0639 114.816 425
-41.6901 114.546 424
-42.0128 113.466 420
-42.627 113.196 419
-43.3413 113.196 419
-44.0556 113.196 419
-44.663 112.925 418
-45.3756 112.925 418
-46.0882 112.925 418
-46.6888 112.655 417
-47.3997 112.655 417
-47.8798 112.115 415
-48.4702 111.845 414
-49.176 111.845 414
-49.7613 111.575 413
-50.4653 111.575 413
-51.0455 111.304 412
-51.7479 111.304 412
-52.4502 111.304 412
-53.1526 111.304 412
-53.7242 111.034 411
-54.4249 111.034 411
-55.1255 111.034 411
-55.8262 111.034 411
-56.5268 111.034 411
-57.2275 111.034 411
-57.7872 110.764 410
-58.4861 110.764 410
-59.0407 110.494 409
-59.7379 110.494 409
-60.2874 110.224 408
-60.983 110.224 408
-61.6785 110.224 408
-62.374 110.224 408
-63.0696 110.224 408
-63.7651 110.224 408
-64.3027 109.954 407
-64.9965 109.954 407
-65.6903 109.954 407
-66.3842 109.954 407
-67.078 109.954 407
-67.7718 109.954 407
-68.4657 109.954 407
-69.1595 109.954 407
-69.8533 109.954 407
-70.5471 109.954 407
-71.241 109.954 407
-72.1116 110.224 408
-72.8071 110.224 408
-73.5026 110.224 408
-74.1982 110.224 408
-82.0527 120.76 447
-82.8147 120.76 447
-83.5767 120.76 447
-84.3387 120.76 447
-84.9104 120.49 446
-85.8628 120.76 447
-86.6248 120.76 447
-87.7778 121.3 449
-88.5432 121.3 449
-89.3087 121.3 449
-89.0711 119.949 444
-89.6256 119.679 443
-90.1768 119.409 442
-90.7246 119.139 441
-91.4764 119.139 441
-92.0191 118.869 440
-92.98 119.139 441
-93.7318 119.139 441
-94.6978 119.409 442
-95.4513 119.409 442
-96.2048 119.409 442
-96.9583 119.409 442
-97.7118 119.409 442
-98.4653 119.409 442
-99.2188 119.409 442
-99.9723 119.409 442
-100.726 119.409 442
-101.479 119.409 442
-102.233 119.409 442
-102.986 119.409 442
-103.74 119.409 442
-104.493 119.409 442
-105.723 119.949 444
-107.439 121.03 448
-108.203 121.03 448
-108.967 121.03 448
-110.22 121.57 450
-111.234 121.841 451
-112.003 121.841 451
-113.272 122.381 453
-114.044 122.381 453
-115.07 122.651 454
-115.844 122.651 454
-116.618 122.651 454
-117.392 122.651 454
-118.166 122.651 454
-118.678 122.381 453
-119.45 122.381 453
-119.691 121.841 451
-120.46 121.841 451
-121.229 121.841 451
-785.106 590.562 2186
-788.833 590.562 2186
-799.086 595.425 2204
-802.843 595.425 2204
-809.894 597.856 2213
-813.666 597.856 2213
-819.286 599.207 2218
-823.067 599.207 2218
-826.848 599.207 2218
-828.757 597.856 2213
-830.272 596.235 2207
-831.767 594.614 2201
-835.519 594.614 2201
-833.552 590.562 2186
-834.214 588.401 2178
-837.927 588.401 2178
-842.799 589.211 2181
-846.518 589.211 2181
-852.185 590.562 2186
-855.911 590.562 2186
-859.638 590.562 2186
-863.365 590.562 2186
-865.108 589.211 2181
-867.631 588.401 2178
-871.344 588.401 2178
-872.646 586.78 2172
-873.121 584.618 2164
-878.026 585.429 2167
-881.72 585.429 2167
-885.414 585.429 2167
-889.108 585.429 2167
-892.802 585.429 2167
-896.496 585.429 2167
-897.698 583.808 2161
-896.794 580.836 2150
-897.109 578.675 2142
-900.76 578.675 2142
-904.412 578.675 2142
-908.063 578.675 2142
-911.715 578.675 2142
-915.366 578.675 2142
-917.731 577.864 2139
-918.793 576.244 2133
-917.672 573.272 2122
-921.289 573.272 2122
-924.035 572.732 2120
-926.337 571.921 2117
-928.628 571.111 2114
-932.232 571.111 2114
-934.95 570.57 2112
-935.884 568.949 2106
-935.013 566.248 2096
-937.243 565.437 2093
-939.912 564.897 2091
-939.867 562.736 2083
-939.795 560.574 2075
-941.059 559.224 2070
-944.588 559.224 2070
-945.827 557.873 2065
-944.75 555.171 2055
-944.561 553.01 2047
-948.051 553.01 2047
-946.892 550.309 2037
-948.032 548.958 2032
-948.218 547.067 2025
-951.67 547.067 2025
-953.707 546.256 2022
-956.208 545.716 2020
-957.276 544.365 2015
-960.711 544.365 2015
-959.361 541.664 2005
-960.378 540.313 2000
-961.86 539.232 1996
-965.263 539.232 1996
-962.842 535.99 1984
-963.789 534.639 1979
-966.185 534.099 1977
-969.556 534.099 1977
-969.481 532.208 1970
-971.358 531.398 1967
-971.242 529.506 1960
-974.584 529.506 1960
-976.927 528.966 1958
-979.264 528.426 1956
-980.086 527.075 1951
-983.412 527.075 1951
-984.715 525.994 1947
-986.512 525.184 1944
-989.826 525.184 1944
-993.14 525.184 1944
-995.429 524.644 1942
-996.683 523.563 1938
-4.74258 131.541 490
-5.57791 131.541 490
-6.41324 131.541 490
-7.24856 131.541 490
-8.08389 131.541 490
-8.91922 131.541 490
-9.77445 131.809 491
-10.6331 132.078 492
-11.4718 132.078 492
-12.3106 132.078 492
-13.1493 132.078 492
-19.3096 123.219 459
-20.0921 123.219 459
-20.8746 123.219 459
-21.7043 123.487 460
-22.4885 123.487 460
-23.2726 123.487 460
-24.0568 123.487 460
-24.787 123.219 459
-25.5695 123.219 459
-26.2945 122.95 458
-27.0162 122.682 457
-27.7345 122.413 456
-28.5118 122.413 456
-29.1607 121.876 454
-29.7369 121.071 451
-30.4381 120.803 450
-31.1359 120.534 449
-31.9013 120.534 449
-32.594 120.266 448
-33.1343 119.46 445
-33.7406 118.923 443
-34.4179 118.655 442
-35.1714 118.655 442
-35.8437 118.387 441
-36.5955 118.387 441
-37.3473 118.387 441
-38.099 118.387 441
-38.8508 118.387 441
-39.6026 118.387 441
-40.2629 118.118 440
-41.013 118.118 440
-41.0987 116.239 433
-41.0639 114.091 425
-41.6901 113.823 424
-43.2379 112.212 418
-45.8431 117.044 436
-46.5863 117.044 436
-47.3296 117.044 436
-47.9626 116.776 435
-46.8008 112.212 418
-47.3997 111.944 417
-47.8798 111.407 415
-48.4702 111.138 414
-49.176 111.138 414
-49.7613 110.87 413
-50.4653 110.87 413
-51.0455 110.602 412
-51.7479 110.602 412
-52.4502 110.602 412
-53.1526 110.602 412
-53.7242 110.333 411
-54.4249 110.333 411
-55.1255 110.333 411
-55.8262 110.333 411
-56.5268 110.333 411
-57.2275 110.333 411
-57.7872 110.065 410
-58.4861 110.065 410
-59.1851 110.065 410
-59.884 110.065 410
-60.2874 109.528 408
-60.983 109.528 408
-61.6785 109.528 408
-62.374 109.528 408
-63.0696 109.528 408
-63.7651 109.528 408
-64.3027 109.259 407
-64.9965 109.259 407
-65.6903 109.259 407
-66.3842 109.259 407
-67.078 109.259 407
-67.7718 109.259 407
-68.4657 109.259 407
-69.1595 109.259 407
-69.8533 109.259 407
-70.5471 109.259 407
-71.241 109.259 407
-71.9348 109.259 407
-72.8071 109.528 408
-73.5026 109.528 408
-74.1982 109.528 408
-82.0527 119.997 447
-82.8147 119.997 447
-83.5767 119.997 447
-84.3387 119.997 447
-84.9104 119.729 446
-85.8628 119.997 447
-86.6248 119.997 447
-87.7778 120.534 449
-88.5432 120.534 449
-89.3087 120.534 449
-89.0711 119.192 444
-89.6256 118.923 443
-90.3809 118.923 443
-90.9303 118.655 442
-91.8913 118.923 443
-92.6465 118.923 443
-93.4017 118.923 443
-94.1569 118.923 443
-95.1263 119.192 444
-95.8832 119.192 444
-96.6401 119.192 444
-97.1777 118.923 443
-97.9329 118.923 443
-98.6881 118.923 443
-99.4433 118.923 443
-100.198 118.923 443
-101.182 119.192 444
-101.938 119.192 444
-102.695 119.192 444
-103.452 119.192 444
-104.209 119.192 444
-104.966 119.192 444
-106.675 120.266 448
-108.398 121.34 452
-109.169 121.34 452
-110.183 121.608 453
-111.445 122.145 455
-112.221 122.145 455
-112.996 122.145 455
-113.522 121.876 454
-114.296 121.876 454
-115.07 121.876 454
-116.099 122.145 455
-116.875 122.145 455
-117.65 122.145 455
-118.166 121.876 454
-118.94 121.876 454
-119.45 121.608 453
-120.222 121.608 453
-120.994 121.608 453
-121.229 121.071 451
-785.106 586.832 2186
-788.833 586.832 2186
-799.086 591.664 2204
-802.843 591.664 2204
-809.894 594.08 2213
-813.666 594.08 2213
-819.286 595.423 2218
-823.067 595.423 2218
-826.848 595.423 2218
-828.757 594.08 2213
-830.272 592.47 2207
-831.767 590.859 2201
-835.519 590.859 2201
-833.552 586.832 2186
-834.214 584.685 2178
-837.927 584.685 2178
-842.799 585.49 2181
-846.518 585.49 2181
-852.185 586.832 2186
-855.911 586.832 2186
-859.638 586.832 2186
-863.365 586.832 2186
-865.108 585.49 2181
-867.631 584.685 2178
-871.344 584.685 2178
-872.646 583.074 2172
-873.121 580.926 2164
-878.836 582.269 2169
-882.534 582.269 2169
-886.231 582.269 2169
-889.929 582.269 2169
-892.802 581.732 2167
-896.496 581.732 2167
-898.944 580.926 2164
-896.794 577.168 2150
-897.946 575.557 2144
-901.601 575.557 2144
-905.256 575.557 2144
-908.911 575.557 2144
-912.566 575.557 2144
-916.221 575.557 2144
-917.731 574.215 2139
-917.931 572.068 2131
-917.672 569.651 2122
-921.289 569.651 2122
-924.035 569.115 2120
-926.337 568.309 2117
-928.628 567.504 2114
-932.232 567.504 2114
-934.95 566.967 2112
-935.884 565.356 2106
-933.675 561.866 2093
-937.243 561.866 2093
-938.564 560.524 2088
-937.611 557.84 2078
-938.436 556.229 2072
-938.786 554.35 2065
-942.306 554.35 2065
-943.536 553.008 2060
-943.37 550.86 2052
-943.177 548.712 2044
-946.662 548.712 2044
-946.892 546.833 2037
-947.099 544.954 2030
-948.218 543.612 2025
-951.67 543.612 2025
-951.349 541.464 2017
-953.841 540.927 2015
-953.95 539.048 2008
-957.373 539.048 2008
-956.969 536.901 2000
-958.457 535.827 1996
-960.414 535.021 1993
-963.812 535.021 1993
-962.842 532.605 1984
-962.815 530.726 1977
-964.719 529.921 1974
-968.084 529.921 1974
-968.005 528.042 1967
-969.383 526.968 1963
-971.242 526.163 1960
-974.584 526.163 1960
-975.929 525.089 1956
-977.762 524.283 1953
-978.077 522.673 1947
-981.396 522.673 1947
-983.198 521.867 1944
-985.497 521.33 1942
-988.808 521.33 1942
-992.118 521.33 1942
-995.429 521.33 1942
-996.683 520.257 1938
-4.74258 130.705 490
-5.57791 130.705 490
-6.41324 130.705 490
-7.24856 130.705 490
-8.08389 130.705 490
-8.91922 130.705 490
-9.75454 130.705 490
-10.5899 130.705 490
-11.4252 130.705 490
-12.2605 130.705 490
-19.3096 122.436 459
-20.0921 122.436 459
-20.8746 122.436 459
-21.7043 122.702 460
-22.4885 122.702 460
-23.2726 122.702 460
-24.0568 122.702 460
-24.787 122.436 459
-25.5695 122.436 459
-26.2945 122.169 458
-27.0162 121.902 457
-27.7345 121.635 456
-28.5118 121.635 456
-29.1607 121.102 454
-29.8028 120.568 452
-30.5057 120.302 451
-31.2052 120.035 450
-31.9723 120.035 450
-32.594 119.501 448
-33.2088 118.968 446
-33.8168 118.434 444
-34.5737 118.434 444
-35.251 118.168 443
-35.9249 117.901 442
-36.5955 117.634 441
-37.3473 117.634 441
-38.099 117.634 441
-38.8508 117.634 441
-39.6026 117.634 441
-40.3544 117.634 441
-41.1062 117.634 441
-41.3834 116.3 436
-42.3199 116.834 438
-43.0666 116.834 438
-43.8133 116.834 438
-44.3565 116.3 436
-45.0998 116.3 436
-45.8431 116.3 436
-46.5863 116.3 436
-47.3296 116.3 436
-48.0729 116.3 436
-48.7042 116.034 435
-49.4457 116.034 435
-50.1873 116.034 435
-48.4702 110.432 414
-49.176 110.432 414
-49.7613 110.165 413
-50.4653 110.165 413
-51.0455 109.899 412
-51.7479 109.899 412
-52.4502 109.899 412
-53.1526 109.899 412
-53.7242 109.632 411
-54.4249 109.632 411
-55.1255 109.632 411
-55.8262 109.632 411
-56.5268 109.632 411
-57.2275 109.632 411
-57.9281 109.632 411
-58.4861 109.365 410
-59.1851 109.365 410
-59.884 109.365 410
-60.2874 108.832 408
-60.983 108.832 408
-61.6785 108.832 408
-62.374 108.832 408
-63.0696 108.832 408
-63.7651 108.832 408
-64.3027 108.565 407
-64.9965 108.565 407
-65.6903 108.565 407
-66.3842 108.565 407
-67.078 108.565 407
-67.7718 108.565 407
-68.4657 108.565 407
-69.1595 108.565 407
-69.8533 108.565 407
-70.5471 108.565 407
-71.241 108.565 407
-71.9348 108.565 407
-72.9855 109.098 409
-73.6828 109.098 409
-74.38 109.098 409
-82.0527 119.235 447
-82.8147 119.235 447
-83.5767 119.235 447
-84.3387 119.235 447
-84.9104 118.968 446
-85.2865 118.434 444
-86.0434 118.434 444
-86.8003 118.434 444
-87.5572 118.434 444
-88.1152 118.168 443
-88.8704 118.168 443
-89.6256 118.168 443
-90.3809 118.168 443
-90.9303 117.901 442
-91.8913 118.168 443
-92.6465 118.168 443
-93.4017 118.168 443
-94.1569 118.168 443
-95.1263 118.434 444
-95.8832 118.434 444
-96.6401 118.434 444
-97.1777 118.168 443
-97.9329 118.168 443
-98.6881 118.168 443
-99.4433 118.168 443
-100.198 118.168 443
-101.182 118.434 444
-101.938 118.434 444
-102.695 118.434 444
-103.452 118.434 444
-104.444 118.701 445
-105.203 118.701 445
-107.628 120.568 452
-108.638 120.835 453
-109.411 120.835 453
-110.669 121.369 455
-111.445 121.369 455
-112.221 121.369 455
-112.996 121.369 455
-113.772 121.369 455
-114.548 121.369 455
-115.323 121.369 455
-116.099 121.369 455
-116.875 121.369 455
-117.65 121.369 455
-118.426 121.369 455
-118.94 121.102 454
-119.45 120.835 453
-120.222 120.835 453
-120.994 120.835 453
-121.229 120.302 451
-784.388 582.569 2184
-788.111 582.569 2184
-791.834 582.569 2184
-796.286 583.103 2186
-800.013 583.103 2186
-803.739 583.103 2186
-811.898 586.304 2198
-815.645 586.304 2198
-820.511 587.104 2201
-824.263 587.104 2201
-828.015 587.104 2201
-830.634 586.304 2198
-834.381 586.304 2198
-833.552 583.103 2186
-831.916 579.368 2172
-836.773 580.169 2175
-842.799 581.769 2181
-846.518 581.769 2181
-852.185 583.103 2186
-855.911 583.103 2186
-859.638 583.103 2186
-863.365 583.103 2186
-863.918 580.969 2178
-867.631 580.969 2178
-871.344 580.969 2178
-871.441 578.568 2169
-873.121 577.234 2164
-878.836 578.568 2169
-882.534 578.568 2169
-886.231 578.568 2169
-889.929 578.568 2169
-893.626 578.568 2169
-897.324 578.568 2169
-898.944 577.234 2164
-898.045 574.3 2153
-899.203 572.7 2147
-902.863 572.7 2147
-905.256 571.899 2144
-908.911 571.899 2144
-912.566 571.899 2144
-916.221 571.899 2144
-917.731 570.566 2139
-917.931 568.432 2131
-917.672 566.031 2122
-921.289 566.031 2122
-924.035 565.498 2120
-926.337 564.697 2117
-928.628 563.897 2114
-932.232 563.897 2114
-934.95 563.364 2112
-935.884 561.763 2106
-933.675 558.296 2093
-937.243 558.296 2093
-936.316 555.628 2083
-934.904 552.694 2072
-935.266 550.827 2065
-934.24 548.159 2055
-937.743 548.159 2055
-939.872 547.359 2052
-939.693 545.225 2044
-938.563 542.558 2034
-942.03 542.558 2034
-943.638 541.491 2030
-944.766 540.157 2025
-944.472 538.023 2017
-947.911 538.023 2017
-948.991 536.689 2012
-949.107 534.822 2005
-950.15 533.488 2000
-953.559 533.488 2000
-956.969 533.488 2000
-957.017 531.621 1993
-957.041 529.754 1986
-960.427 529.754 1986
-961.386 528.42 1981
-962.815 527.353 1977
-963.742 526.019 1972
-967.104 526.019 1972
-968.005 524.686 1967
-969.383 523.619 1963
-971.242 522.819 1960
-974.584 522.819 1960
-975.929 521.752 1956
-977.762 520.951 1953
-978.077 519.351 1947
-981.396 519.351 1947
-983.198 518.551 1944
-985.497 518.017 1942
-988.808 518.017 1942
-992.118 518.017 1942
-995.429 518.017 1942
-995.14 516.15 1935
-4.74258 129.869 490
-5.57791 129.869 490
-6.41324 129.869 490
-7.23377 129.604 489
-8.06739 129.604 489
-8.90101 129.604 489
-9.75454 129.869 490
-10.5899 129.869 490
-11.4252 129.869 490
-12.2605 129.869 490
-19.3096 121.652 459
-20.0921 121.652 459
-20.9201 121.918 460
-21.7043 121.918 460
-22.4885 121.918 460
-23.2726 121.918 460
-24.0568 121.918 460
-24.841 121.918 460
-25.6252 121.918 460
-26.352 121.652 459
-27.0162 121.122 457
-27.7345 120.857 456
-28.5118 120.857 456
-29.1607 120.327 454
-29.8028 119.797 452
-30.5057 119.532 451
-31.2052 119.267 450
-31.9723 119.267 450
-32.594 118.737 448
-33.2088 118.207 446
-33.8168 117.677 444
-34.5737 117.677 444
-35.251 117.412 443
-35.9249 117.147 442
-36.5955 116.882 441
-37.3473 116.882 441
-38.099 116.882 441
-38.8508 116.882 441
-39.6026 116.882 441
-40.3544 116.882 441
-41.1062 116.882 441
-41.3834 115.557 436
-42.3199 116.087 438
-43.0666 116.087 438
-43.8133 116.087 438
-44.3565 115.557 436
-45.0998 115.557 436
-45.8431 115.557 436
-46.5863 115.557 436
-47.3296 115.557 436
-48.0729 115.557 436
-48.7042 115.292 435
-49.4457 115.292 435
-50.1873 115.292 435
-48.4702 109.726 414
-49.176 109.726 414
-49.7613 109.461 413
-50.4653 109.461 413
-51.0455 109.196 412
-51.7479 109.196 412
-52.4502 109.196 412
-53.1526 109.196 412
-53.7242 108.931 411
-54.4249 108.931 411
-55.1255 108.931 411
-55.8262 108.931 411
-56.5268 108.931 411
-57.2275 108.931 411
-57.9281 108.931 411
-58.4861 108.666 410
-59.1851 108.666 410
-59.884 108.666 410
-60.2874 108.136 408
-60.983 108.136 408
-61.6785 108.136 408
-62.374 108.136 408
-63.0696 108.136 408
-63.7651 108.136 408
-64.3027 107.87 407
-64.9965 107.87 407
-65.6903 107.87 407
-66.3842 107.87 407
-67.078 107.87 407
-67.7718 107.87 407
-68.4657 107.87 407
-69.1595 107.87 407
-69.8533 107.87 407
-70.5471 107.87 407
-71.241 107.87 407
-71.9348 107.87 407
-72.9855 108.401 409
-80.5286 118.472 447
-81.2906 118.472 447
-82.0527 118.472 447
-82.8147 118.472 447
-83.5767 118.472 447
-84.1501 118.207 446
-84.3392 117.412 443
-85.0944 117.412 443
-86.0434 117.677 444
-86.8003 117.677 444
-87.5572 117.677 444
-88.3141 117.677 444
-89.0711 117.677 444
-89.6256 117.412 443
-90.3809 117.412 443
-91.1361 117.412 443
-91.8913 117.412 443
-92.6465 117.412 443
-93.8233 117.942 445
-94.582 117.942 445
-95.3406 117.942 445
-96.0992 117.942 445
-96.6401 117.677 444
-97.397 117.677 444
-98.154 117.677 444
-98.9109 117.677 444
-99.6678 117.677 444
-100.425 117.677 444
-101.409 117.942 445
-102.168 117.942 445
-102.927 117.942 445
-103.685 117.942 445
-104.444 117.942 445
-105.203 117.942 445
-107.628 119.797 452
-108.638 120.062 453
-109.411 120.062 453
-110.669 120.592 455
-111.445 120.592 455
-112.221 120.592 455
-112.996 120.592 455
-113.772 120.592 455
-114.548 120.592 455
-115.323 120.592 455
-116.099 120.592 455
-116.875 120.592 455
-117.65 120.592 455
-118.426 120.592 455
-118.94 120.327 454
-119.45 120.062 453
-120.222 120.062 453
-120.994 120.062 453
-121.229 119.532 451
-777.205 573.542 2164
-782.698 574.868 2169
-786.396 574.868 2169
-791.186 575.663 2172
-797.085 577.253 2178
-800.798 577.253 2178
-807.466 579.373 2186
-814.532 581.759 2195
-819.392 582.554 2198
-823.139 582.554 2198
-826.887 582.554 2198
-829.5 581.759 2195
-833.242 581.759 2195
-832.789 578.843 2184
-831.916 575.663 2172
-836.773 576.458 2175
-841.64 577.253 2178
-845.353 577.253 2178
-851.405 578.843 2184
-855.128 578.843 2184
-858.851 578.843 2184
-862.575 578.843 2184
-863.918 577.253 2178
-866.436 576.458 2175
-870.143 576.458 2175
-871.441 574.868 2169
-873.121 573.542 2164
-878.836 574.868 2169
-882.534 574.868 2169
-886.231 574.868 2169
-889.929 574.868 2169
-893.626 574.868 2169
-897.324 574.868 2169
-898.944 573.542 2164
-898.045 570.627 2153
-899.203 569.037 2147
-902.863 569.037 2147
-905.256 568.242 2144
-908.911 568.242 2144
-912.566 568.242 2144
-916.221 568.242 2144
-917.731 566.916 2139
-917.931 564.796 2131
-916.807 561.881 2120
-920.421 561.881 2120
-922.728 561.086 2117
-926.337 561.086 2117
-928.628 560.29 2114
-932.232 560.29 2114
-934.95 559.76 2112
-934.995 557.64 2104
-932.783 554.195 2091
-936.348 554.195 2091
-936.316 552.074 2083
-934.904 549.159 2072
-935.266 547.304 2065
-934.24 544.653 2055
-937.743 544.653 2055
-939.872 543.858 2052
-939.693 541.738 2044
-938.563 539.087 2034
-942.03 539.087 2034
-943.638 538.027 2030
-944.766 536.702 2025
-944.472 534.582 2017
-947.911 534.582 2017
-948.991 533.257 2012
-949.107 531.401 2005
-950.15 530.076 2000
-953.559 530.076 2000
-956.969 530.076 2000
-957.017 528.221 1993
-957.041 526.366 1986
-960.427 526.366 1986
-961.386 525.04 1981
-962.815 523.98 1977
-963.742 522.655 1972
-967.104 522.655 1972
-967.02 520.8 1965
-969.383 520.27 1963
-971.242 519.475 1960
-974.584 519.475 1960
-975.929 518.414 1956
-977.762 517.619 1953
-978.077 516.029 1947
-981.396 516.029 1947
-983.198 515.234 1944
-985.497 514.704 1942
-988.808 514.704 1942
-992.118 514.704 1942
-993.379 513.644 1938
-995.14 512.849 1935
-4.74258 129.033 490
-5.57791 129.033 490
-6.41324 129.033 490
-7.23377 128.769 489
-8.06739 128.769 489
-8.90101 128.769 489
-9.75454 129.033 490
-10.5899 129.033 490
-11.4252 129.033 490
-12.2605 129.033 490
-19.3096 120.869 459
-20.0921 120.869 459
-20.9201 121.133 460
-21.7043 121.133 460
-22.4885 121.133 460
-23.2726 121.133 460
-24.0568 121.133 460
-24.841 121.133 460
-25.6252 121.133 460
-26.352 120.869 459
-27.0753 120.606 458
-27.7953 120.343 457
-28.5743 120.343 457
-29.225 119.816 455
-29.8687 119.289 453
-30.5057 118.763 451
-31.2052 118.499 450
-31.9723 118.499 450
-32.594 117.973 448
-33.2088 117.446 446
-33.8929 117.183 445
-34.6516 117.183 445
-35.251 116.656 443
-35.9249 116.393 442
-36.5955 116.129 441
-37.3473 116.129 441
-38.099 116.129 441
-38.8508 116.129 441
-39.6026 116.129 441
-40.3544 116.129 441
-41.1062 116.129 441
-41.858 116.129 441
-42.5132 115.866 440
-43.2633 115.866 440
-44.0134 115.866 440
-44.56 115.339 438
-45.0998 114.813 436
-45.8431 114.813 436
-46.5863 114.813 436
-47.3296 114.813 436
-48.0729 114.813 436
-48.7042 114.549 435
-49.4457 114.549 435
-50.1873 114.549 435
-54.4249 108.229 411
-55.1255 108.229 411
-55.8262 108.229 411
-56.5268 108.229 411
-57.2275 108.229 411
-57.9281 108.229 411
-58.4861 107.966 410
-59.1851 107.966 410
-59.884 107.966 410
-60.2874 107.439 408
-60.983 107.439 408
-61.6785 107.439 408
-62.374 107.439 408
-63.0696 107.439 408
-63.7651 107.439 408
-64.3027 107.176 407
-64.9965 107.176 407
-65.6903 107.176 407
-66.3842 107.176 407
-67.078 107.176 407
-67.7718 107.176 407
-68.4657 107.176 407
-69.1595 107.176 407
-69.8533 107.176 407
-70.5471 107.176 407
-71.241 107.176 407
-71.9348 107.176 407
-72.9855 107.703 409
-80.5286 117.709 447
-81.2906 117.709 447
-82.0527 117.709 447
-82.8147 117.709 447
-83.5767 117.709 447
-84.1501 117.446 446
-84.3392 116.656 443
-85.2865 116.919 444
-86.0434 116.919 444
-86.8003 116.919 444
-87.7544 117.183 445
-88.5131 117.183 445
-89.2717 117.183 445
-90.0303 117.183 445
-90.7889 117.183 445
-91.3418 116.919 444
-92.3061 117.183 445
-93.0647 117.183 445
-93.8233 117.183 445
-94.582 117.183 445
-95.3406 117.183 445
-96.0992 117.183 445
-96.8578 117.183 445
-97.6164 117.183 445
-98.375 117.183 445
-99.1336 117.183 445
-99.8922 117.183 445
-100.651 117.183 445
-101.409 117.183 445
-102.168 117.183 445
-102.927 117.183 445
-103.685 117.183 445
-104.444 117.183 445
-105.439 117.446 446
-108.104 119.553 454
-108.878 119.553 454
-109.652 119.553 454
-110.669 119.816 455
-111.69 120.079 456
-112.467 120.079 456
-113.245 120.079 456
-113.772 119.816 455
-114.548 119.816 455
-115.323 119.816 455
-116.099 119.816 455
-116.875 119.816 455
-117.65 119.816 455
-118.426 119.816 455
-118.94 119.553 454
-119.45 119.289 453
-120.222 119.289 453
-120.994 119.289 453
-780.078 571.957 2172
-783.781 571.957 2172
-787.484 571.957 2172
-791.186 571.957 2172
-795.987 572.747 2175
-799.695 572.747 2175
-807.466 575.644 2186
-812.306 576.434 2189
-817.156 577.224 2192
-820.893 577.224 2192
-824.629 577.224 2192
-826.099 575.644 2186
-829.825 575.644 2186
-830.501 573.537 2178
-830.767 571.167 2169
-835.619 571.957 2172
-841.64 573.537 2178
-845.353 573.537 2178
-851.405 575.117 2184
-855.128 575.117 2184
-858.851 575.117 2184
-862.575 575.117 2184
-863.918 573.537 2178
-866.436 572.747 2175
-870.143 572.747 2175
-871.441 571.167 2169
-873.121 569.85 2164
-878.836 571.167 2169
-882.534 571.167 2169
-886.231 571.167 2169
-889.929 571.167 2169
-893.626 571.167 2169
-897.324 571.167 2169
-898.944 569.85 2164
-898.045 566.954 2153
-899.203 565.374 2147
-902.863 565.374 2147
-905.256 564.584 2144
-908.911 564.584 2144
-912.566 564.584 2144
-916.221 564.584 2144
-916.444 562.477 2136
-917.931 561.16 2131
-915.51 557.474 2117
-919.119 557.474 2117
-922.728 557.474 2117
-925.024 556.684 2114
-927.749 556.157 2112
-931.35 556.157 2112
-933.622 555.367 2109
-933.662 553.26 2101
-930.106 549.047 2085
-933.661 549.047 2085
-934.069 547.204 2078
-931.745 543.781 2065
-933.001 542.464 2060
-930.603 539.041 2047
-934.092 539.041 2047
-936.208 538.251 2044
-935.095 535.617 2034
-936.717 534.564 2030
-940.178 534.564 2030
-942.244 533.774 2027
-941.034 531.141 2017
-942.131 529.824 2012
-945.561 529.824 2012
-945.689 527.981 2005
-948.16 527.454 2003
-950.15 526.664 2000
-953.559 526.664 2000
-953.619 524.821 1993
-956.057 524.294 1991
-957.041 522.977 1986
-960.427 522.977 1986
-960.415 521.134 1979
-962.815 520.607 1977
-963.742 519.291 1972
-967.104 519.291 1972
-967.02 517.447 1965
-969.383 516.921 1963
-971.242 516.131 1960
-974.584 516.131 1960
-975.929 515.077 1956
-979.264 515.077 1956
-979.082 513.234 1949
-982.404 513.234 1949
-983.198 511.917 1944
-985.497 511.391 1942
-988.808 511.391 1942
-992.118 511.391 1942
-993.379 510.337 1938
-995.14 509.547 1935
-4.7329 127.935 489
-5.56653 127.935 489
-6.40015 127.935 489
-7.23377 127.935 489
-8.06739 127.935 489
-8.90101 127.935 489
-9.75454 128.197 490
-10.5899 128.197 490
-11.4252 128.197 490
-12.2605 128.197 490
-19.3938 120.61 461
-20.1797 120.61 461
-20.9656 120.61 461
-21.7515 120.61 461
-22.5373 120.61 461
-23.3232 120.61 461
-24.0568 120.348 460
-24.841 120.348 460
-25.6252 120.348 460
-26.352 120.086 459
-27.0753 119.825 458
-27.7953 119.563 457
-28.5743 119.563 457
-29.225 119.04 455
-29.8687 118.517 453
-30.5734 118.255 452
-31.3439 118.255 452
-31.9723 117.732 450
-32.594 117.208 448
-33.2088 116.685 446
-33.8929 116.424 445
-34.6516 116.424 445
-35.4102 116.424 445
-36.0062 115.9 443
-36.5955 115.377 441
-37.3473 115.377 441
-38.099 115.377 441
-38.8508 115.377 441
-39.6026 115.377 441
-40.3544 115.377 441
-41.1062 115.377 441
-41.858 115.377 441
-42.5132 115.115 440
-43.2633 115.115 440
-44.0134 115.115 440
-44.56 114.592 438
-45.2032 114.33 437
-45.9482 114.33 437
-46.6932 114.33 437
-47.4381 114.33 437
-48.1831 114.33 437
-48.8161 114.069 436
-49.5594 114.069 436
-50.1873 113.807 435
-54.2924 107.267 410
-54.9914 107.267 410
-55.8262 107.528 411
-56.5268 107.528 411
-57.2275 107.528 411
-57.9281 107.528 411
-58.4861 107.267 410
-59.1851 107.267 410
-59.884 107.267 410
-60.2874 106.743 408
-60.983 106.743 408
-61.6785 106.743 408
-62.374 106.743 408
-62.915 106.482 407
-63.6088 106.482 407
-64.3027 106.482 407
-64.9965 106.482 407
-65.6903 106.482 407
-66.3842 106.482 407
-67.078 106.482 407
-67.7718 106.482 407
-68.4657 106.482 407
-69.1595 106.482 407
-69.8533 106.482 407
-70.5471 106.482 407
-71.241 106.482 407
-71.7581 106.22 406
-80.5286 116.947 447
-81.2906 116.947 447
-82.0527 116.947 447
-82.8147 116.947 447
-83.5767 116.947 447
-83.584 115.9 443
-84.3392 115.9 443
-85.4786 116.424 445
-86.2372 116.424 445
-86.9958 116.424 445
-87.9516 116.685 446
-88.712 116.685 446
-89.4723 116.685 446
-90.2326 116.685 446
-90.9929 116.685 446
-91.5475 116.424 445
-92.3061 116.424 445
-93.0647 116.424 445
-94.245 116.947 447
-95.007 116.947 447
-95.7691 116.947 447
-96.5311 116.947 447
-96.8578 116.424 445
-97.6164 116.424 445
-98.375 116.424 445
-99.3564 116.685 446
-100.117 116.685 446
-100.877 116.685 446
-101.637 116.685 446
-102.398 116.685 446
-103.158 116.685 446
-103.918 116.685 446
-107.26 119.563 457
-108.039 119.563 457
-108.819 119.563 457
-109.598 119.563 457
-109.652 118.778 454
-110.669 119.04 455
-111.69 119.301 456
-112.467 119.301 456
-113.245 119.301 456
-113.772 119.04 455
-114.548 119.04 455
-115.323 119.04 455
-116.099 119.04 455
-116.875 119.04 455
-117.65 119.04 455
-118.426 119.04 455
-118.94 118.778 454
-119.45 118.517 453
-120.222 118.517 453
-120.994 118.517 453
-782.233 569.821 2178
-785.946 569.821 2178
-789.659 569.821 2178
-791.186 568.251 2172
-795.987 569.036 2175
-799.695 569.036 2175
-807.466 571.914 2186
-812.306 572.699 2189
-817.156 573.484 2192
-820.893 573.484 2192
-824.629 573.484 2192
-826.099 571.914 2186
-829.825 571.914 2186
-830.501 569.821 2178
-830.767 567.466 2169
-835.619 568.251 2172
-841.64 569.821 2178
-845.353 569.821 2178
-851.405 571.391 2184
-855.128 571.391 2184
-858.851 571.391 2184
-862.575 571.391 2184
-863.918 569.821 2178
-866.436 569.036 2175
-870.143 569.036 2175
-871.441 567.466 2169
-874.331 566.943 2167
-880.051 568.251 2172
-883.754 568.251 2172
-887.457 568.251 2172
-891.16 568.251 2172
-893.626 567.466 2169
-897.324 567.466 2169
-898.944 566.158 2164
-898.88 563.804 2155
-899.203 561.711 2147
-902.863 561.711 2147
-905.256 560.926 2144
-908.911 560.926 2144
-911.715 560.403 2142
-915.366 560.403 2142
-916.444 558.833 2136
-917.931 557.525 2131
-915.51 553.862 2117
-919.119 553.862 2117
-922.728 553.862 2117
-924.149 552.554 2112
-926.431 551.769 2109
-930.027 551.769 2109
-930.081 549.676 2101
-930.107 547.583 2093
-927.876 544.182 2080
-931.422 544.182 2080
-931.372 542.089 2072
-929.489 538.949 2060
-927.113 535.548 2047
-930.603 535.548 2047
-932.724 534.763 2044
-931.628 532.147 2034
-935.095 532.147 2034
-936.717 531.1 2030
-940.178 531.1 2030
-938.99 528.484 2020
-940.101 527.176 2015
-941.194 525.868 2010
-944.621 525.868 2010
-944.746 524.037 2003
-946.74 523.252 2000
-950.15 523.252 2000
-953.559 523.252 2000
-952.662 520.897 1991
-956.057 520.897 1991
-957.041 519.589 1986
-960.427 519.589 1986
-960.415 517.758 1979
-962.815 517.234 1977
-963.742 515.926 1972
-967.104 515.926 1972
-967.02 514.095 1965
-969.383 513.572 1963
-971.242 512.787 1960
-974.584 512.787 1960
-975.929 511.74 1956
-979.264 511.74 1956
-979.082 509.909 1949
-982.404 509.909 1949
-983.198 508.601 1944
-985.497 508.077 1942
-988.808 508.077 1942
-992.118 508.077 1942
-993.379 507.031 1938
-995.14 506.246 1935
-4.7329 127.101 489
-5.56653 127.101 489
-6.40015 127.101 489
-7.23377 127.101 489
-8.06739 127.101 489
-8.90101 127.101 489
-9.73463 127.101 489
-10.5899 127.361 490
-11.4252 127.361 490
-12.2605 127.361 490
-19.3938 119.823 461
-20.1797 119.823 461
-20.9656 119.823 461
-21.7515 119.823 461
-22.5373 119.823 461
-23.3232 119.823 461
-24.0568 119.563 460
-24.841 119.563 460
-25.6252 119.563 460
-26.352 119.303 459
-27.0753 119.043 458
-27.7953 118.783 457
-28.5743 118.783 457
-29.2892 118.523 456
-29.9347 118.004 454
-30.641 117.744 453
-31.4132 117.744 453
-31.9723 116.964 450
-32.594 116.444 448
-33.2832 116.184 447
-33.9691 115.924 446
-34.7294 115.924 446
-35.4102 115.664 445
-36.0062 115.144 443
-36.6784 114.885 442
-37.4319 114.885 442
-38.099 114.625 441
-38.8508 114.625 441
-39.6026 114.625 441
-40.3544 114.625 441
-41.1062 114.625 441
-41.858 114.625 441
-42.5132 114.365 440
-43.2633 114.365 440
-44.0134 114.365 440
-44.6617 114.105 439
-45.3067 113.845 438
-45.9482 113.585 437
-46.6932 113.585 437
-47.4381 113.585 437
-48.1831 113.585 437
-48.8161 113.325 436
-49.5594 113.325 436
-50.1873 113.065 435
-54.2924 106.567 410
-54.9914 106.567 410
-55.6903 106.567 410
-56.3893 106.567 410
-57.0882 106.567 410
-57.7872 106.567 410
-58.4861 106.567 410
-59.1851 106.567 410
-59.884 106.567 410
-60.4352 106.307 409
-60.983 106.047 408
-61.6785 106.047 408
-62.374 106.047 408
-62.915 105.787 407
-63.6088 105.787 407
-64.3027 105.787 407
-64.9965 105.787 407
-65.6903 105.787 407
-66.3842 105.787 407
-66.9132 105.527 406
-67.7718 105.787 407
-68.4657 105.787 407
-69.1595 105.787 407
-69.8533 105.787 407
-70.5471 105.787 407
-71.241 105.787 407
-71.7581 105.527 406
-81.3184 115.144 443
-82.0736 115.144 443
-82.8288 115.144 443
-83.584 115.144 443
-84.3392 115.144 443
-85.4786 115.664 445
-86.2372 115.664 445
-86.9958 115.664 445
-87.9516 115.924 446
-88.712 115.924 446
-89.4723 115.924 446
-90.2326 115.924 446
-90.9929 115.924 446
-91.5475 115.664 445
-92.3061 115.664 445
-93.0647 115.664 445
-94.245 116.184 447
-95.007 116.184 447
-95.7691 116.184 447
-96.5311 116.184 447
-96.8578 115.664 445
-97.6164 115.664 445
-98.375 115.664 445
-99.3564 115.924 446
-100.117 115.924 446
-100.877 115.924 446
-101.637 115.924 446
-102.398 115.924 446
-103.158 115.924 446
-103.918 115.924 446
-107.495 119.043 458
-108.276 119.043 458
-109.057 119.043 458
-109.837 119.043 458
-109.652 118.004 454
-110.669 118.263 455
-111.69 118.523 456
-112.467 118.523 456
-113.245 118.523 456
-113.772 118.263 455
-114.548 118.263 455
-115.323 118.263 455
-116.099 118.263 455
-116.875 118.263 455
-117.65 118.263 455
-118.426 118.263 455
-118.94 118.004 454
-119.45 117.744 453
-120.222 117.744 453
-120.994 117.744 453
-773.371 570.524 2195
-777.113 570.524 2195
-782.989 572.083 2201
-786.741 572.083 2201
-790.494 572.083 2201
-794.246 572.083 2201
-789.659 566.105 2178
-791.186 564.546 2172
-794.889 564.546 2172
-798.592 564.546 2172
-803.403 565.325 2175
-810.45 567.665 2184
-814.919 568.185 2186
-818.646 568.185 2186
-822.372 568.185 2186
-825.343 567.665 2184
-829.066 567.665 2184
-829.357 565.325 2175
-830.001 563.246 2167
-833.695 563.246 2167
-839.322 564.546 2172
-843.024 564.546 2172
-849.066 566.105 2178
-852.779 566.105 2178
-856.492 566.105 2178
-860.205 566.105 2178
-862.728 565.325 2175
-865.241 564.546 2172
-868.943 564.546 2172
-871.441 563.766 2169
-874.331 563.246 2167
-880.051 564.546 2172
-883.754 564.546 2172
-887.457 564.546 2172
-891.16 564.546 2172
-893.626 563.766 2169
-897.324 563.766 2169
-898.944 562.466 2164
-898.88 560.127 2155
-899.203 558.048 2147
-902.863 558.048 2147
-905.256 557.268 2144
-908.911 557.268 2144
-911.715 556.748 2142
-915.366 556.748 2142
-916.444 555.189 2136
-917.931 553.889 2131
-915.51 550.25 2117
-919.119 550.25 2117
-922.728 550.25 2117
-924.149 548.951 2112
-926.431 548.171 2109
-930.027 548.171 2109
-930.081 546.091 2101
-930.107 544.012 2093
-927.876 540.633 2080
-931.422 540.633 2080
-930.473 538.034 2070
-929.489 535.435 2060
-927.113 532.056 2047
-930.603 532.056 2047
-932.724 531.276 2044
-931.628 528.677 2034
-933.256 527.637 2030
-936.717 527.637 2030
-940.178 527.637 2030
-938.99 525.038 2020
-940.101 523.738 2015
-942.131 522.958 2012
-944.621 522.439 2010
-944.746 520.619 2003
-946.74 519.839 2000
-949.2 519.32 1998
-952.606 519.32 1998
-952.662 517.5 1991
-956.057 517.5 1991
-957.041 516.201 1986
-960.427 516.201 1986
-960.415 514.381 1979
-962.815 513.861 1977
-964.719 513.082 1974
-968.084 513.082 1974
-967.02 510.742 1965
-969.383 510.222 1963
-972.729 510.222 1963
-976.076 510.222 1963
-976.927 508.923 1958
-979.264 508.403 1956
-979.082 506.584 1949
-982.404 506.584 1949
-984.715 506.064 1947
-985.497 504.764 1942
-988.808 504.764 1942
-992.118 504.764 1942
-995.429 504.764 1942
-995.14 502.945 1935
-4.7329 126.266 489
-5.56653 126.266 489
-6.40015 126.266 489
-7.23377 126.266 489
-8.06739 126.266 489
-8.90101 126.266 489
-9.73463 126.266 489
-10.5683 126.266 489
-11.4019 126.266 489
-12.2355 126.266 489
-13.0691 126.266 489
-14.7364 126.266 489
-15.57 126.266 489
-16.4036 126.266 489
-17.202 126.008 488
-18.0339 126.008 488
-18.8658 126.008 488
-19.3938 119.036 461
-20.1797 119.036 461
-21.011 119.295 462
-21.7986 119.295 462
-22.5862 119.295 462
-23.3738 119.295 462
-24.1614 119.295 462
-24.949 119.295 462
-25.6809 119.036 461
-26.4094 118.778 460
-27.1344 118.52 459
-27.8561 118.262 458
-28.6369 118.262 458
-29.2892 117.745 456
-29.9347 117.229 454
-30.641 116.971 453
-31.4132 116.971 453
-31.9723 116.196 450
-32.594 115.68 448
-33.2832 115.422 447
-33.9691 115.163 446
-34.7294 115.163 446
-35.4102 114.905 445
-36.0062 114.389 443
-36.6784 114.13 442
-37.4319 114.13 442
-38.099 113.872 441
-38.8508 113.872 441
-39.6026 113.872 441
-40.3544 113.872 441
-41.1062 113.872 441
-41.858 113.872 441
-42.5132 113.614 440
-43.2633 113.614 440
-44.0134 113.614 440
-44.6617 113.356 439
-45.3067 113.098 438
-45.9482 112.839 437
-46.6932 112.839 437
-47.4381 112.839 437
-48.1831 112.839 437
-48.8161 112.581 436
-49.5594 112.581 436
-50.1873 112.323 435
-54.2924 105.868 410
-54.9914 105.868 410
-55.6903 105.868 410
-56.3893 105.868 410
-57.0882 105.868 410
-57.7872 105.868 410
-58.4861 105.868 410
-59.1851 105.868 410
-59.884 105.868 410
-60.583 105.868 410
-61.2819 105.868 410
-61.6785 105.351 408
-62.374 105.351 408
-63.0696 105.351 408
-63.6088 105.093 407
-64.3027 105.093 407
-64.9965 105.093 407
-65.6903 105.093 407
-66.3842 105.093 407
-66.9132 104.835 406
-67.7718 105.093 407
-68.4657 105.093 407
-69.1595 105.093 407
-69.8533 105.093 407
-70.5471 105.093 407
-71.241 105.093 407
-81.8691 115.163 446
-82.6294 115.163 446
-83.3897 115.163 446
-83.584 114.389 443
-84.72 114.905 445
-85.8628 115.422 447
-86.6248 115.422 447
-87.5823 115.68 448
-88.346 115.68 448
-89.1098 115.68 448
-91.4784 117.745 456
-92.4581 118.004 457
-93.2371 118.004 457
-94.0162 118.004 457
-94.7953 118.004 457
-95.3652 117.745 456
-96.1426 117.745 456
-96.9199 117.745 456
-97.6973 117.745 456
-98.2587 117.487 455
-99.0344 117.487 455
-99.5907 117.229 454
-100.586 117.487 455
-101.361 117.487 455
-102.137 117.487 455
-102.913 117.487 455
-104.372 118.262 458
-105.153 118.262 458
-105.934 118.262 458
-106.714 118.262 458
-107.495 118.262 458
-108.276 118.262 458
-109.057 118.262 458
-109.837 118.262 458
-773.371 566.779 2195
-777.113 566.779 2195
-782.989 568.328 2201
-786.741 568.328 2201
-790.494 568.328 2201
-794.246 568.328 2201
-789.659 562.389 2178
-791.186 560.84 2172
-794.889 560.84 2172
-792.341 556.45 2155
-802.294 560.84 2172
-809.337 563.164 2181
-813.055 563.164 2181
-816.773 563.164 2181
-820.491 563.164 2181
-823.075 562.389 2178
-826.788 562.389 2178
-829.357 561.615 2175
-830.767 560.065 2169
-833.695 559.549 2167
-839.322 560.84 2172
-843.024 560.84 2172
-849.066 562.389 2178
-852.779 562.389 2178
-856.492 562.389 2178
-860.205 562.389 2178
-861.538 560.84 2172
-865.241 560.84 2172
-868.943 560.84 2172
-872.646 560.84 2172
-874.331 559.549 2167
-880.051 560.84 2172
-883.754 560.84 2172
-887.457 560.84 2172
-891.16 560.84 2172
-893.626 560.065 2169
-897.324 560.065 2169
-898.944 558.774 2164
-898.88 556.45 2155
-899.203 554.385 2147
-902.863 554.385 2147
-905.256 553.61 2144
-908.063 553.094 2142
-910.438 552.319 2139
-914.084 552.319 2139
-916.444 551.544 2136
-916.639 549.479 2128
-915.51 546.638 2117
-919.119 546.638 2117
-922.728 546.638 2117
-922.836 544.573 2109
-925.114 543.798 2106
-928.704 543.798 2106
-928.752 541.732 2098
-927.885 539.15 2088
-925.645 535.793 2075
-929.183 535.793 2075
-930.473 534.502 2070
-929.489 531.92 2060
-927.113 528.563 2047
-930.603 528.563 2047
-932.724 527.789 2044
-931.628 525.207 2034
-933.256 524.174 2030
-936.717 524.174 2030
-940.178 524.174 2030
-938.99 521.592 2020
-940.101 520.301 2015
-942.131 519.526 2012
-944.621 519.009 2010
-944.746 517.202 2003
-946.74 516.427 2000
-949.2 515.911 1998
-952.606 515.911 1998
-952.662 514.103 1991
-956.057 514.103 1991
-957.041 512.812 1986
-960.427 512.812 1986
-960.415 511.005 1979
-962.815 510.488 1977
-964.719 509.714 1974
-968.084 509.714 1974
-967.02 507.39 1965
-969.383 506.873 1963
-972.729 506.873 1963
-976.076 506.873 1963
-976.927 505.582 1958
-979.264 505.066 1956
-979.082 503.258 1949
-982.404 503.258 1949
-984.715 502.742 1947
-985.497 501.451 1942
-988.808 501.451 1942
-992.118 501.451 1942
-995.429 501.451 1942
-995.14 499.643 1935
-4.7329 125.432 489
-5.56653 125.432 489
-6.40015 125.432 489
-7.23377 125.432 489
-8.06739 125.432 489
-8.90101 125.432 489
-9.73463 125.432 489
-10.5683 125.432 489
-11.4019 125.432 489
-12.2355 125.432 489
-13.0691 125.432 489
-13.9027 125.432 489
-14.7364 125.432 489
-15.57 125.432 489
-16.4036 125.432 489
-17.202 125.176 488
-18.0339 125.176 488
-18.8658 125.176 488
-19.617 124.663 486
-19.3938 118.25 461
-20.1797 118.25 461
-21.011 118.506 462
-21.7986 118.506 462
-22.5862 118.506 462
-23.3738 118.506 462
-24.1614 118.506 462
-24.949 118.506 462
-25.6809 118.25 461
-26.4094 117.993 460
-27.1344 117.737 459
-27.8561 117.48 458
-28.6369 117.48 458
-29.2892 116.967 456
-30.0006 116.711 455
-30.7086 116.454 454
-31.4826 116.454 454
-32.1144 115.941 452
-32.594 114.915 448
-33.3577 114.915 448
-34.0453 114.659 447
-34.8073 114.659 447
-35.4102 114.146 445
-36.0875 113.889 444
-36.7614 113.633 443
-37.5166 113.633 443
-38.2718 113.633 443
-39.027 113.633 443
-39.6924 113.376 442
-40.4459 113.376 442
-41.1994 113.376 442
-41.858 113.12 441
-42.5132 112.863 440
-43.2633 112.863 440
-44.0134 112.863 440
-44.6617 112.607 439
-45.4101 112.607 439
-45.9482 112.094 437
-46.6932 112.094 437
-47.4381 112.094 437
-48.1831 112.094 437
-48.8161 111.837 436
-49.5594 111.837 436
-54.2924 105.168 410
-54.9914 105.168 410
-55.6903 105.168 410
-56.3893 105.168 410
-57.0882 105.168 410
-57.7872 105.168 410
-58.4861 105.168 410
-59.1851 105.168 410
-59.884 105.168 410
-60.583 105.168 410
-61.2819 105.168 410
-61.9809 105.168 410
-62.6798 105.168 410
-63.0696 104.655 408
-63.6088 104.399 407
-64.3027 104.399 407
-64.9965 104.399 407
-65.6903 104.399 407
-66.3842 104.399 407
-66.9132 104.142 406
-67.7718 104.399 407
-68.4657 104.399 407
-69.1595 104.399 407
-69.8533 104.399 407
-70.5471 104.399 407
-71.241 104.399 407
-81.8691 114.402 446
-82.6294 114.402 446
-83.3897 114.402 446
-84.1501 114.402 446
-85.1008 114.659 447
-86.0549 114.915 448
-86.8186 114.915 448
-87.5823 114.915 448
-89.1348 115.941 452
-89.9054 115.941 452
-91.8796 117.48 458
-92.6604 117.48 458
-93.4412 117.48 458
-94.2219 117.48 458
-95.0027 117.48 458
-95.7835 117.48 458
-96.5643 117.48 458
-97.345 117.48 458
-98.1258 117.48 458
-98.6906 117.224 457
-99.4697 117.224 457
-100.249 117.224 457
-101.028 117.224 457
-102.03 117.48 458
-103.035 117.737 459
-103.817 117.737 459
-105.056 118.25 461
-106.071 118.506 462
-106.859 118.506 462
-107.646 118.506 462
-108.434 118.506 462
-108.985 118.25 461
-109.771 118.25 461
-110.317 117.993 460
-773.371 563.034 2195
-777.113 563.034 2195
-782.989 564.573 2201
-786.741 564.573 2201
-790.494 564.573 2201
-794.246 564.573 2201
-787.484 557.134 2172
-784.994 552.774 2155
-788.668 552.774 2155
-791.606 552.261 2153
-796.015 552.774 2155
-808.224 558.673 2178
-811.937 558.673 2178
-815.65 558.673 2178
-819.362 558.673 2178
-823.075 558.673 2178
-826.788 558.673 2178
-829.357 557.904 2175
-830.767 556.365 2169
-834.465 556.365 2169
-839.322 557.134 2172
-843.024 557.134 2172
-852.185 560.725 2186
-855.911 560.725 2186
-859.638 560.725 2186
-863.365 560.725 2186
-861.538 557.134 2172
-865.241 557.134 2172
-868.943 557.134 2172
-872.646 557.134 2172
-874.331 555.852 2167
-880.051 557.134 2172
-883.754 557.134 2172
-887.457 557.134 2172
-891.16 557.134 2172
-892.802 555.852 2167
-896.496 555.852 2167
-898.944 555.082 2164
-898.045 552.261 2153
-897.946 549.952 2144
-901.601 549.952 2144
-903.145 548.67 2139
-906.791 548.67 2139
-910.438 548.67 2139
-914.084 548.67 2139
-916.444 547.9 2136
-916.639 545.848 2128
-915.51 543.026 2117
-919.119 543.026 2117
-921.42 542.257 2114
-922.836 540.974 2109
-925.114 540.205 2106
-928.704 540.205 2106
-928.752 538.153 2098
-927.885 535.588 2088
-923.415 530.971 2070
-926.944 530.971 2070
-928.225 529.688 2065
-928.136 527.636 2057
-927.113 525.071 2047
-930.603 525.071 2047
-930.442 523.019 2039
-931.628 521.736 2034
-933.256 520.71 2030
-936.717 520.71 2030
-936.472 518.658 2022
-938.99 518.145 2020
-938.701 516.093 2012
-942.131 516.093 2012
-943.681 515.067 2008
-943.331 513.015 2000
-945.794 512.502 1998
-948.249 511.989 1996
-951.652 511.989 1996
-952.662 510.707 1991
-953.656 509.424 1986
-957.041 509.424 1986
-959.46 508.911 1984
-960.415 507.628 1979
-961.354 506.346 1974
-964.719 506.346 1974
-968.084 506.346 1974
-967.02 504.037 1965
-969.383 503.524 1963
-972.729 503.524 1963
-976.076 503.524 1963
-976.927 502.242 1958
-979.264 501.729 1956
-981.091 500.959 1953
-982.404 499.933 1949
-984.715 499.42 1947
-985.497 498.138 1942
-988.808 498.138 1942
-992.118 498.138 1942
-995.429 498.138 1942
-995.14 496.342 1935
-4.7329 124.598 489
-5.56653 124.598 489
-6.40015 124.598 489
-7.23377 124.598 489
-8.06739 124.598 489
-8.90101 124.598 489
-9.73463 124.598 489
-10.5683 124.598 489
-11.4019 124.598 489
-12.2355 124.598 489
-13.0691 124.598 489
-13.9027 124.598 489
-14.7364 124.598 489
-15.57 124.598 489
-16.4036 124.598 489
-17.202 124.343 488
-18.0339 124.343 488
-18.8658 124.343 488
-19.617 123.833 486
-19.3938 117.463 461
-20.1797 117.463 461
-21.011 117.718 462
-21.7986 117.718 462
-22.5862 117.718 462
-23.3738 117.718 462
-24.1614 117.718 462
-24.949 117.718 462
-25.6809 117.463 461
-26.4094 117.209 460
-27.1344 116.954 459
-27.8561 116.699 458
-28.6369 116.699 458
-29.2892 116.189 456
-30.0006 115.935 455
-30.7086 115.68 454
-31.4826 115.68 454
-32.1855 115.425 453
-32.6667 114.406 449
-33.3577 114.151 448
-34.1214 114.151 448
-34.8852 114.151 448
-35.5693 113.896 447
-36.1688 113.387 445
-36.7614 112.877 443
-37.6013 113.132 444
-38.3582 113.132 444
-39.1151 113.132 444
-39.7822 112.877 443
-40.5374 112.877 443
-41.1994 112.622 442
-41.858 112.367 441
-42.4166 111.858 439
-43.1649 111.858 439
-43.9133 111.858 439
-44.6617 111.858 439
-45.4101 111.858 439
-54.2924 104.469 410
-54.9914 104.469 410
-55.6903 104.469 410
-56.3893 104.469 410
-57.0882 104.469 410
-57.7872 104.469 410
-58.6288 104.723 411
-59.3294 104.723 411
-60.0301 104.723 411
-60.583 104.469 410
-61.2819 104.469 410
-61.9809 104.469 410
-62.6798 104.469 410
-63.0696 103.959 408
-63.6088 103.704 407
-64.3027 103.704 407
-64.9965 103.704 407
-65.6903 103.704 407
-66.3842 103.704 407
-66.9132 103.449 406
-67.6053 103.449 406
-68.2974 103.449 406
-81.8691 113.641 446
-82.6294 113.641 446
-83.3897 113.641 446
-84.1501 113.641 446
-85.1008 113.896 447
-86.0549 114.151 448
-86.8186 114.151 448
-87.7778 114.406 449
-89.9237 116.189 456
-90.701 116.189 456
-92.0802 116.954 459
-92.8627 116.954 459
-93.8492 117.209 460
-94.6334 117.209 460
-95.4176 117.209 460
-96.4109 117.463 461
-97.1968 117.463 461
-97.9827 117.463 461
-98.5543 117.209 460
-99.3385 117.209 460
-100.34 117.463 461
-101.126 117.463 461
-101.912 117.463 461
-102.698 117.463 461
-103.933 117.973 463
-104.722 117.973 463
-105.511 117.973 463
-106.53 118.228 464
-107.321 118.228 464
-108.112 118.228 464
-108.903 118.228 464
-109.694 118.228 464
-110.247 117.973 463
-110.797 117.718 462
-773.371 559.289 2195
-777.113 559.289 2195
-780.855 559.289 2195
-784.597 559.289 2195
-788.339 559.289 2195
-792.081 559.289 2195
-787.484 553.429 2172
-784.994 549.097 2155
-788.668 549.097 2155
-791.606 548.588 2153
-796.015 549.097 2155
-808.224 554.958 2178
-811.937 554.958 2178
-815.65 554.958 2178
-819.362 554.958 2178
-823.075 554.958 2178
-826.788 554.958 2178
-829.357 554.193 2175
-831.916 553.429 2172
-834.465 552.664 2169
-839.322 553.429 2172
-843.024 553.429 2172
-852.185 556.996 2186
-855.911 556.996 2186
-859.638 556.996 2186
-863.365 556.996 2186
-861.538 553.429 2172
-865.241 553.429 2172
-868.943 553.429 2172
-872.646 553.429 2172
-874.331 552.155 2167
-878.836 552.664 2169
-882.534 552.664 2169
-886.231 552.664 2169
-889.929 552.664 2169
-892.802 552.155 2167
-896.496 552.155 2167
-898.944 551.39 2164
-896.794 547.823 2150
-897.109 545.785 2142
-900.76 545.785 2142
-903.145 545.02 2139
-908.063 545.785 2142
-911.715 545.785 2142
-915.366 545.785 2142
-917.731 545.02 2139
-915.347 541.453 2125
-915.51 539.415 2117
-919.119 539.415 2117
-920.548 538.141 2112
-922.836 537.376 2109
-924.235 536.102 2104
-927.822 536.102 2104
-928.752 534.573 2098
-927.885 532.025 2088
-922.077 526.675 2067
-925.6 526.675 2067
-926.877 525.401 2062
-925.88 522.853 2052
-924.849 520.305 2042
-928.33 520.305 2042
-928.16 518.266 2034
-929.796 517.247 2030
-930.958 515.973 2025
-934.41 515.973 2025
-935.546 514.699 2020
-936.665 513.425 2015
-936.835 511.641 2008
-940.258 511.641 2008
-941.331 510.367 2003
-943.331 509.603 2000
-944.847 508.584 1996
-948.249 508.584 1996
-950.222 507.819 1993
-951.227 506.545 1988
-953.656 506.036 1986
-957.041 506.036 1986
-958.009 504.762 1981
-959.445 503.742 1977
-961.354 502.978 1974
-963.742 502.468 1972
-967.104 502.468 1972
-967.02 500.685 1965
-969.383 500.175 1963
-972.729 500.175 1963
-976.076 500.175 1963
-976.927 498.901 1958
-979.264 498.392 1956
-981.091 497.627 1953
-982.404 496.608 1949
-983.198 495.334 1944
-985.497 494.824 1942
-988.808 494.824 1942
-992.118 494.824 1942
-994.404 494.315 1940
-995.14 493.041 1935
-4.7329 123.764 489
-5.56653 123.764 489
-6.40015 123.764 489
-7.23377 123.764 489
-8.06739 123.764 489
-8.90101 123.764 489
-9.73463 123.764 489
-10.5683 123.764 489
-11.4019 123.764 489
-12.2355 123.764 489
-13.0691 123.764 489
-13.9027 123.764 489
-14.7364 123.764 489
-15.5381 123.511 488
-16.3701 123.511 488
-17.202 123.511 488
-18.0339 123.511 488
-18.8272 123.257 487
-19.617 123.004 486
-21.011 116.93 462
-21.7986 116.93 462
-22.5862 116.93 462
-23.3738 116.93 462
-24.1614 116.93 462
-24.949 116.93 462
-25.6809 116.677 461
-26.4094 116.424 460
-27.1344 116.171 459
-27.8561 115.918 458
-28.6369 115.918 458
-29.2892 115.411 456
-30.0665 115.411 456
-30.7763 115.158 455
-31.5519 115.158 455
-32.1855 114.652 453
-32.7395 113.893 450
-33.4322 113.64 449
-34.1214 113.387 448
-34.8852 113.387 448
-35.5693 113.134 447
-36.1688 112.627 445
-36.8444 112.374 444
-37.686 112.627 445
-38.4446 112.627 445
-39.2032 112.627 445
-39.9618 112.627 445
-40.7205 112.627 445
-41.1994 111.868 442
-41.858 111.615 441
-42.4166 111.109 439
-43.1649 111.109 439
-43.9133 111.109 439
-44.6617 111.109 439
-45.4101 111.109 439
-58.6288 104.022 411
-59.3294 104.022 411
-60.0301 104.022 411
-60.7307 104.022 411
-61.2819 103.769 410
-61.9809 103.769 410
-62.6798 103.769 410
-63.3787 103.769 410
-81.8691 112.881 446
-82.6294 112.881 446
-83.3897 112.881 446
-84.1501 112.881 446
-85.1008 113.134 447
-86.0549 113.387 448
-86.8186 113.387 448
-87.7778 113.64 449
-89.9237 115.411 456
-90.701 115.411 456
-92.0802 116.171 459
-92.8627 116.171 459
-93.8492 116.424 460
-94.6334 116.424 460
-95.4176 116.424 460
-96.4109 116.677 461
-97.1968 116.677 461
-97.9827 116.677 461
-98.5543 116.424 460
-99.3385 116.424 460
-100.34 116.677 461
-101.126 116.677 461
-101.912 116.677 461
-102.698 116.677 461
-103.933 117.183 463
-104.722 117.183 463
-105.511 117.183 463
-106.53 117.436 464
-107.321 117.436 464
-108.112 117.436 464
-108.903 117.436 464
-109.694 117.436 464
-110.485 117.436 464
-111.037 117.183 463
-772.314 554.785 2192
-776.051 554.785 2192
-779.788 554.785 2192
-776.375 549.723 2172
-780.078 549.723 2172
-783.781 549.723 2172
-780.595 544.914 2153
-780.987 542.636 2144
-786.838 544.155 2150
-790.503 544.155 2150
-796.015 545.42 2155
-804.884 548.964 2169
-811.937 551.242 2178
-815.65 551.242 2178
-819.362 551.242 2178
-823.075 551.242 2178
-826.788 551.242 2178
-829.357 550.482 2175
-831.916 549.723 2172
-834.465 548.964 2169
-839.322 549.723 2172
-843.024 549.723 2172
-852.185 553.266 2186
-855.911 553.266 2186
-859.638 553.266 2186
-863.365 553.266 2186
-861.538 549.723 2172
-865.241 549.723 2172
-868.943 549.723 2172
-872.646 549.723 2172
-874.331 548.458 2167
-878.836 548.964 2169
-882.534 548.964 2169
-886.231 548.964 2169
-889.929 548.964 2169
-892.802 548.458 2167
-896.496 548.458 2167
-898.944 547.698 2164
-896.794 544.155 2150
-897.109 542.13 2142
-900.76 542.13 2142
-903.145 541.371 2139
-908.063 542.13 2142
-911.715 542.13 2142
-915.366 542.13 2142
-917.731 541.371 2139
-915.347 537.828 2125
-915.51 535.803 2117
-919.119 535.803 2117
-920.548 534.537 2112
-922.836 533.778 2109
-924.235 532.513 2104
-927.822 532.513 2104
-928.752 530.994 2098
-927.885 528.463 2088
-922.077 523.148 2067
-925.6 523.148 2067
-922.381 519.352 2052
-921.368 516.821 2042
-921.225 514.796 2034
-924.693 514.796 2034
-927.248 514.29 2032
-927.505 512.518 2025
-928.659 511.253 2020
-932.102 511.253 2020
-934.157 510.493 2017
-933.411 508.215 2008
-934.502 506.95 2003
-937.917 506.95 2003
-941.331 506.95 2003
-941.444 505.178 1996
-943.427 504.419 1993
-946.824 504.419 1993
-949.268 503.913 1991
-950.27 502.647 1986
-952.695 502.141 1984
-956.077 502.141 1984
-957.042 500.876 1979
-957.989 499.61 1974
-960.38 499.104 1972
-963.742 499.104 1972
-964.651 497.839 1967
-967.02 497.332 1965
-969.383 496.826 1963
-972.729 496.826 1963
-973.589 495.561 1958
-975.929 495.054 1956
-977.762 494.295 1953
-981.091 494.295 1953
-981.396 492.777 1947
-982.187 491.511 1942
-985.497 491.511 1942
-988.808 491.511 1942
-991.097 491.005 1940
-993.379 490.499 1938
-994.111 489.233 1933
-4.7329 122.929 489
-5.56653 122.929 489
-6.40015 122.929 489
-7.23377 122.929 489
-8.06739 122.929 489
-8.90101 122.929 489
-9.73463 122.929 489
-10.5683 122.929 489
-11.4019 122.929 489
-12.2355 122.929 489
-13.0691 122.929 489
-13.9027 122.929 489
-14.7364 122.929 489
-16.3365 122.427 487
-17.1667 122.427 487
-17.9969 122.427 487
-18.7885 122.175 486
-19.617 122.175 486
-21.011 116.142 462
-21.7986 116.142 462
-22.5862 116.142 462
-23.3738 116.142 462
-24.1614 116.142 462
-24.949 116.142 462
-25.6809 115.89 461
-26.4094 115.639 460
-27.1344 115.388 459
-27.8561 115.136 458
-28.6369 115.136 458
-29.3534 114.885 457
-30.0665 114.633 456
-30.7763 114.382 455
-31.5519 114.382 455
-32.1855 113.879 453
-32.7395 113.125 450
-33.4322 112.874 449
-34.1214 112.622 448
-34.8852 112.622 448
-35.5693 112.371 447
-36.1688 111.868 445
-36.8444 111.617 444
-37.686 111.868 445
-38.4446 111.868 445
-39.2032 111.868 445
-39.9618 111.868 445
-40.7205 111.868 445
-41.1994 111.114 442
-58.6288 103.321 411
-59.3294 103.321 411
-60.0301 103.321 411
-60.7307 103.321 411
-61.2819 103.07 410
-61.9809 103.07 410
-62.6798 103.07 410
-63.3787 103.07 410
-81.8691 112.12 446
-82.6294 112.12 446
-83.3897 112.12 446
-84.3387 112.371 447
-85.1008 112.371 447
-86.0549 112.622 448
-86.8186 112.622 448
-88.3643 113.628 452
-90.5153 115.388 459
-91.2977 115.388 459
-92.4814 115.89 461
-93.2673 115.89 461
-94.0532 115.89 461
-94.8391 115.89 461
-95.8324 116.142 462
-96.8291 116.393 463
-97.6184 116.393 463
-98.4077 116.393 463
-99.197 116.393 463
-99.9863 116.393 463
-100.776 116.393 463
-101.565 116.393 463
-102.354 116.393 463
-103.144 116.393 463
-103.933 116.393 463
-104.948 116.645 464
-105.739 116.645 464
-106.53 116.645 464
-107.321 116.645 464
-108.112 116.645 464
-108.903 116.645 464
-109.694 116.645 464
-110.485 116.645 464
-111.037 116.393 463
-767.692 542.498 2158
-771.371 542.498 2158
-775.05 542.498 2158
-776.925 541.241 2153
-775.519 537.722 2139
-779.166 537.722 2139
-785.74 539.733 2147
-789.4 539.733 2147
-795.276 541.241 2153
-804.142 544.76 2167
-809.7 546.017 2172
-813.403 546.017 2172
-819.362 547.526 2178
-823.075 547.526 2178
-826.788 547.526 2178
-829.357 546.772 2175
-831.916 546.017 2172
-833.695 544.76 2167
-838.162 545.263 2169
-841.86 545.263 2169
-851.405 549.034 2184
-855.128 549.034 2184
-858.851 549.034 2184
-862.575 549.034 2184
-861.538 546.017 2172
-865.241 546.017 2172
-868.943 546.017 2172
-872.646 546.017 2172
-873.121 544.006 2164
-878.836 545.263 2169
-882.534 545.263 2169
-886.231 545.263 2169
-889.929 545.263 2169
-891.566 544.006 2164
-895.255 544.006 2164
-897.698 543.252 2161
-896.794 540.487 2150
-897.109 538.476 2142
-900.76 538.476 2142
-903.145 537.722 2139
-908.063 538.476 2142
-911.715 538.476 2142
-915.366 538.476 2142
-917.731 537.722 2139
-915.347 534.202 2125
-915.51 532.191 2117
-919.119 532.191 2117
-920.548 530.934 2112
-921.523 529.426 2106
-922.917 528.169 2101
-926.499 528.169 2101
-927.867 526.912 2096
-926.552 524.147 2085
-919.846 518.365 2062
-923.361 518.365 2062
-922.381 515.851 2052
-921.368 513.337 2042
-921.225 511.326 2034
-924.693 511.326 2034
-927.248 510.823 2032
-927.505 509.063 2025
-928.659 507.806 2020
-932.102 507.806 2020
-934.157 507.052 2017
-933.411 504.79 2008
-934.502 503.533 2003
-937.917 503.533 2003
-941.331 503.533 2003
-941.444 501.773 1996
-943.427 501.019 1993
-946.824 501.019 1993
-949.268 500.516 1991
-950.27 499.259 1986
-952.695 498.756 1984
-956.077 498.756 1984
-957.042 497.499 1979
-957.989 496.242 1974
-960.38 495.74 1972
-963.742 495.74 1972
-964.651 494.483 1967
-966.036 493.477 1963
-967.901 492.723 1960
-971.242 492.723 1960
-973.589 492.22 1958
-975.929 491.717 1956
-976.76 490.46 1951
-980.086 490.46 1951
-979.884 488.701 1944
-982.187 488.198 1942
-984.482 487.695 1940
-987.789 487.695 1940
-990.075 487.192 1938
-991.841 486.438 1935
-993.083 485.433 1931
-4.7329 122.095 489
-5.56653 122.095 489
-6.40015 122.095 489
-7.23377 122.095 489
-8.06739 122.095 489
-8.90101 122.095 489
-9.71473 121.845 488
-10.5466 121.845 488
-11.3786 121.845 488
-12.2105 121.845 488
-13.0424 121.845 488
-13.8459 121.596 487
-14.6761 121.596 487
-17.0962 121.096 485
-17.923 121.096 485
-18.7498 121.096 485
-19.5766 121.096 485
-20.3614 120.847 484
-21.1865 120.847 484
-21.011 115.354 462
-21.7986 115.354 462
-22.5862 115.354 462
-23.3738 115.354 462
-24.1614 115.354 462
-24.949 115.354 462
-25.6809 115.104 461
-26.4668 115.104 461
-27.1344 114.605 459
-27.8561 114.355 458
-28.6369 114.355 458
-29.3534 114.105 457
-30.0665 113.856 456
-30.7763 113.606 455
-31.5519 113.606 455
-32.1855 113.106 453
-32.7395 112.357 450
-33.4322 112.108 449
-34.1976 112.108 449
-34.963 112.108 449
-35.5693 111.608 447
-36.1688 111.109 445
-37.0104 111.359 446
-37.7707 111.359 446
-38.531 111.359 446
-39.2913 111.359 446
-39.9618 111.109 445
-40.7205 111.109 445
-41.2926 110.61 443
-58.6288 102.62 411
-59.3294 102.62 411
-60.0301 102.62 411
-60.7307 102.62 411
-61.2819 102.37 410
-61.9809 102.37 410
-62.6798 102.37 410
-63.3787 102.37 410
-81.1088 111.359 446
-82.0527 111.608 447
-82.8147 111.608 447
-83.5767 111.608 447
-84.5274 111.858 448
-85.2911 111.858 448
-86.439 112.357 450
-87.2062 112.357 450
-89.1463 113.856 456
-90.9097 115.104 461
-91.6955 115.104 461
-92.682 115.354 462
-93.4696 115.354 462
-94.2572 115.354 462
-95.0448 115.354 462
-96.0398 115.603 463
-96.8291 115.603 463
-97.6184 115.603 463
-98.4077 115.603 463
-99.197 115.603 463
-99.9863 115.603 463
-100.776 115.603 463
-101.565 115.603 463
-102.354 115.603 463
-103.144 115.603 463
-103.933 115.603 463
-104.948 115.853 464
-105.739 115.853 464
-106.53 115.853 464
-107.321 115.853 464
-108.112 115.853 464
-108.903 115.853 464
-109.694 115.853 464
-110.485 115.853 464
-111.276 115.853 464
-767.692 538.816 2158
-771.371 538.816 2158
-775.05 538.816 2158
-776.925 537.568 2153
-773.344 532.574 2133
-779.166 534.072 2139
-782.812 534.072 2139
-786.458 534.072 2139
-793.06 536.07 2147
-799.689 538.067 2155
-807.836 541.063 2167
-811.53 541.063 2167
-817.105 542.312 2172
-820.808 542.312 2172
-824.511 542.312 2172
-828.213 542.312 2172
-831.916 542.312 2172
-833.695 541.063 2167
-837.389 541.063 2167
-841.084 541.063 2167
-847.897 543.061 2175
-851.604 543.061 2175
-855.312 543.061 2175
-859.02 543.061 2175
-861.538 542.312 2172
-865.241 542.312 2172
-868.943 542.312 2172
-871.441 541.563 2169
-873.121 540.314 2164
-876.81 540.314 2164
-881.72 541.063 2167
-885.414 541.063 2167
-889.108 541.063 2167
-891.566 540.314 2164
-895.255 540.314 2164
-897.698 539.565 2161
-896.794 536.819 2150
-897.109 534.821 2142
-900.76 534.821 2142
-901.878 533.323 2136
-906.791 534.072 2139
-910.438 534.072 2139
-914.084 534.072 2139
-916.444 533.323 2136
-915.347 530.577 2125
-915.51 528.579 2117
-919.119 528.579 2117
-919.241 526.582 2109
-920.648 525.333 2104
-921.599 523.835 2098
-925.176 523.835 2098
-922.998 520.589 2085
-924.33 519.341 2080
-918.954 514.347 2060
-922.466 514.347 2060
-922.381 512.35 2052
-920.014 509.104 2039
-921.225 507.855 2034
-924.693 507.855 2034
-924.966 506.108 2027
-925.215 504.36 2020
-927.28 503.611 2017
-930.718 503.611 2017
-933.23 503.112 2015
-933.411 501.364 2008
-934.502 500.115 2003
-937.917 500.115 2003
-939.921 499.366 2000
-940.029 497.618 1993
-942.48 497.119 1991
-945.874 497.119 1991
-947.838 496.37 1988
-949.313 495.371 1984
-952.695 495.371 1984
-956.077 495.371 1984
-954.624 492.874 1974
-957.018 492.375 1972
-959.406 491.876 1970
-962.764 491.876 1970
-964.651 491.127 1967
-966.036 490.128 1963
-967.901 489.379 1960
-971.242 489.379 1960
-973.589 488.88 1958
-975.929 488.38 1956
-976.76 487.132 1951
-980.086 487.132 1951
-979.884 485.384 1944
-982.187 484.885 1942
-984.482 484.385 1940
-987.789 484.385 1940
-990.075 483.886 1938
-991.841 483.137 1935
-993.083 482.138 1931
-4.7329 121.261 489
-5.56653 121.261 489
-6.40015 121.261 489
-7.23377 121.261 489
-8.06739 121.261 489
-8.88281 121.013 488
-9.71473 121.013 488
-10.5466 121.013 488
-11.3786 121.013 488
-12.2105 121.013 488
-13.0424 121.013 488
-13.8459 120.765 487
-14.6761 120.765 487
-17.0962 120.269 485
-17.923 120.269 485
-18.7498 120.269 485
-19.5766 120.269 485
-20.3614 120.021 484
-21.1865 120.021 484
-21.0565 114.813 463
-21.8458 114.813 463
-22.6351 114.813 463
-23.4244 114.813 463
-24.1614 114.565 462
-24.949 114.565 462
-25.7366 114.565 462
-26.4668 114.317 461
-27.1936 114.069 460
-27.9777 114.069 460
-28.6994 113.821 459
-29.3534 113.325 457
-30.0665 113.078 456
-30.8439 113.078 456
-31.6213 113.078 456
-32.1855 112.334 453
-32.885 112.086 452
-33.5066 111.59 450
-34.2738 111.59 450
-34.963 111.342 449
-37.0104 110.598 446
-37.7707 110.598 446
-38.531 110.598 446
-39.2913 110.598 446
-39.9618 110.35 445
-40.7205 110.35 445
-41.2926 109.854 443
-42.0478 109.854 443
-58.6288 101.919 411
-59.3294 101.919 411
-60.0301 101.919 411
-60.7307 101.919 411
-61.2819 101.671 410
-61.9809 101.671 410
-62.6798 101.671 410
-81.1088 110.598 446
-82.0527 110.846 447
-82.8147 110.846 447
-83.5767 110.846 447
-84.5274 111.094 448
-85.2911 111.094 448
-86.439 111.59 450
-88.3689 113.078 456
-89.3418 113.325 457
-90.9097 114.317 461
-92.0934 114.813 463
-92.8827 114.813 463
-93.672 114.813 463
-94.4613 114.813 463
-95.0448 114.565 462
-96.0398 114.813 463
-96.8291 114.813 463
-97.6184 114.813 463
-98.4077 114.813 463
-99.197 114.813 463
-100.202 115.061 464
-100.993 115.061 464
-101.784 115.061 464
-102.575 115.061 464
-103.366 115.061 464
-103.933 114.813 463
-104.948 115.061 464
-105.739 115.061 464
-106.76 115.309 465
-107.553 115.309 465
-108.345 115.309 465
-108.903 115.061 464
-109.694 115.061 464
-110.485 115.061 464
-111.276 115.061 464
-773.344 528.935 2133
-779.166 530.423 2139
-782.812 530.423 2139
-786.458 530.423 2139
-793.06 532.407 2147
-799.689 534.391 2155
-807.836 537.366 2167
-811.53 537.366 2167
-817.105 538.606 2172
-820.808 538.606 2172
-824.511 538.606 2172
-828.213 538.606 2172
-831.916 538.606 2172
-833.695 537.366 2167
-837.389 537.366 2167
-841.084 537.366 2167
-847.897 539.35 2175
-851.604 539.35 2175
-855.312 539.35 2175
-859.02 539.35 2175
-861.538 538.606 2172
-865.241 538.606 2172
-868.943 538.606 2172
-871.441 537.862 2169
-873.121 536.622 2164
-875.594 535.878 2161
-879.278 535.878 2161
-882.962 535.878 2161
-886.646 535.878 2161
-890.33 535.878 2161
-894.014 535.878 2161
-897.698 535.878 2161
-894.291 531.663 2144
-894.596 529.679 2136
-898.237 529.679 2136
-901.878 529.679 2136
-905.52 529.679 2136
-909.161 529.679 2136
-912.802 529.679 2136
-914.299 528.439 2131
-914.055 526.207 2122
-914.212 524.223 2114
-917.816 524.223 2114
-919.241 522.984 2109
-918.023 520.256 2098
-918.524 518.52 2091
-922.089 518.52 2091
-922.998 517.032 2085
-925.663 516.536 2083
-919.846 511.329 2062
-923.361 511.329 2062
-923.73 509.593 2055
-920.014 505.625 2039
-922.584 505.129 2037
-926.057 505.129 2037
-924.966 502.649 2027
-925.215 500.914 2020
-927.28 500.17 2017
-930.718 500.17 2017
-933.23 499.674 2015
-933.411 497.938 2008
-933.102 495.954 2000
-936.512 495.954 2000
-938.981 495.458 1998
-939.086 493.722 1991
-941.06 492.978 1988
-944.449 492.978 1988
-946.884 492.482 1986
-949.313 491.986 1984
-951.255 491.242 1981
-954.632 491.242 1981
-954.624 489.507 1974
-957.018 489.011 1972
-957.945 487.771 1967
-961.298 487.771 1967
-964.651 487.771 1967
-964.56 486.035 1960
-966.913 485.539 1958
-970.251 485.539 1958
-973.589 485.539 1958
-974.432 484.299 1953
-976.76 483.803 1951
-980.086 483.803 1951
-978.876 481.571 1942
-981.175 481.075 1940
-983.467 480.579 1938
-986.771 480.579 1938
-988.542 479.836 1935
-991.841 479.836 1935
-992.054 478.348 1929
-4.7329 120.426 489
-5.56653 120.426 489
-6.40015 120.426 489
-7.21898 120.18 488
-8.05089 120.18 488
-8.88281 120.18 488
-9.71473 120.18 488
-10.5466 120.18 488
-11.3786 120.18 488
-12.2105 120.18 488
-13.0424 120.18 488
-13.8459 119.934 487
-14.6761 119.934 487
-17.0962 119.441 485
-17.923 119.441 485
-18.7498 119.441 485
-19.5766 119.441 485
-20.3614 119.195 484
-21.1865 119.195 484
-21.0565 114.023 463
-21.8458 114.023 463
-22.6351 114.023 463
-23.4244 114.023 463
-24.1614 113.777 462
-24.949 113.777 462
-25.7366 113.777 462
-26.4668 113.531 461
-27.1936 113.285 460
-27.9777 113.285 460
-28.6994 113.038 459
-29.3534 112.546 457
-30.1325 112.546 457
-30.8439 112.3 456
-31.6213 112.3 456
-32.3276 112.053 455
-32.9577 111.561 453
-33.6555 111.314 452
-34.4261 111.314 452
-35.1966 111.314 452
-37.1763 110.329 448
-37.9401 110.329 448
-38.7038 110.329 448
-39.3794 110.083 447
-40.0516 109.837 446
-40.812 109.837 446
-41.4791 109.591 445
-42.0478 109.098 443
-42.7064 108.852 442
-43.4599 108.852 442
-44.2134 108.852 442
-81.1088 109.837 446
-82.0527 110.083 447
-83 110.329 448
-83.7637 110.329 448
-84.7161 110.576 449
-86.243 111.561 453
-87.0153 111.561 453
-88.3689 112.3 456
-89.3418 112.546 457
-90.9097 113.531 461
-92.0934 114.023 463
-92.8827 114.023 463
-93.672 114.023 463
-94.4613 114.023 463
-95.0448 113.777 462
-96.0398 114.023 463
-96.8291 114.023 463
-97.6184 114.023 463
-98.4077 114.023 463
-99.197 114.023 463
-100.202 114.27 464
-100.993 114.27 464
-101.784 114.27 464
-102.575 114.27 464
-103.366 114.27 464
-103.933 114.023 463
-104.948 114.27 464
-105.739 114.27 464
-106.76 114.516 465
-107.553 114.516 465
-108.345 114.516 465
-108.903 114.27 464
-109.694 114.27 464
-110.485 114.27 464
-111.276 114.27 464
-775.159 524.065 2128
-780.616 525.296 2133
-784.252 525.296 2133
-790.105 526.773 2139
-796.72 528.744 2147
-805.599 532.191 2161
-809.283 532.191 2161
-815.977 534.162 2169
-819.674 534.162 2169
-823.372 534.162 2169
-827.07 534.162 2169
-830.001 533.669 2167
-831.387 532.191 2161
-836.23 532.93 2164
-839.919 532.93 2164
-847.897 535.639 2175
-851.604 535.639 2175
-855.312 535.639 2175
-859.02 535.639 2175
-861.538 534.9 2172
-864.045 534.162 2169
-867.743 534.162 2169
-871.441 534.162 2169
-873.121 532.93 2164
-875.594 532.191 2161
-880.499 532.93 2164
-884.188 532.93 2164
-887.877 532.93 2164
-891.566 532.93 2164
-895.255 532.93 2164
-897.698 532.191 2161
-895.543 528.744 2147
-894.596 526.035 2136
-898.237 526.035 2136
-901.878 526.035 2136
-905.52 526.035 2136
-909.161 526.035 2136
-912.802 526.035 2136
-914.299 524.803 2131
-914.055 522.587 2122
-915.51 521.356 2117
-919.119 521.356 2117
-920.548 520.124 2112
-918.023 516.676 2098
-918.524 514.952 2091
-922.089 514.952 2091
-922.998 513.475 2085
-925.663 512.982 2083
-919.846 507.811 2062
-923.361 507.811 2062
-923.73 506.087 2055
-920.014 502.146 2039
-922.584 501.654 2037
-926.057 501.654 2037
-924.966 499.191 2027
-925.215 497.467 2020
-927.28 496.728 2017
-930.718 496.728 2017
-933.23 496.236 2015
-933.411 494.512 2008
-932.169 492.049 1998
-935.575 492.049 1998
-938.041 491.557 1996
-937.671 489.587 1988
-940.113 489.094 1986
-943.499 489.094 1986
-945.931 488.601 1984
-947.878 487.863 1981
-950.294 487.37 1979
-953.668 487.37 1979
-953.656 485.646 1972
-956.048 485.154 1970
-957.945 484.415 1967
-961.298 484.415 1967
-963.671 483.922 1965
-963.576 482.198 1958
-966.913 482.198 1958
-970.251 482.198 1958
-972.595 481.706 1956
-974.432 480.967 1953
-975.759 479.982 1949
-979.082 479.982 1949
-978.876 478.258 1942
-981.175 477.766 1940
-983.467 477.273 1938
-986.771 477.273 1938
-988.542 476.534 1935
-990.816 476.042 1933
-990.511 474.318 1926
-4.72323 119.348 488
-5.55514 119.348 488
-6.38706 119.348 488
-7.21898 119.348 488
-8.05089 119.348 488
-8.88281 119.348 488
-9.69482 119.103 487
-10.525 119.103 487
-11.3552 119.103 487
-12.1855 119.103 487
-13.0157 119.103 487
-13.8459 119.103 487
-14.6761 119.103 487
-17.061 118.369 484
-17.8861 118.369 484
-18.7112 118.369 484
-19.5363 118.369 484
-20.3614 118.369 484
-21.1865 118.369 484
-21.0565 113.234 463
-21.8458 113.234 463
-22.6351 113.234 463
-23.4244 113.234 463
-24.2137 113.234 463
-25.003 113.234 463
-25.7366 112.989 462
-26.4668 112.744 461
-27.1936 112.5 460
-27.9777 112.5 460
-28.6994 112.255 459
-29.3534 111.766 457
-30.1325 111.766 457
-30.8439 111.522 456
-31.6213 111.522 456
-32.3276 111.277 455
-32.9577 110.788 453
-33.6555 110.543 452
-34.4261 110.543 452
-35.1966 110.543 452
-37.1763 109.565 448
-37.9401 109.565 448
-38.7038 109.565 448
-39.3794 109.32 447
-40.0516 109.076 446
-40.812 109.076 446
-41.4791 108.831 445
-42.0478 108.342 443
-42.7064 108.098 442
-43.4599 108.098 442
-44.2134 108.098 442
-82.0527 109.32 447
-83.1852 109.81 449
-83.9507 109.81 449
-84.9048 110.054 450
-86.6238 111.277 455
-87.3995 111.277 455
-88.5627 111.766 457
-90.1238 112.744 461
-90.9097 112.744 461
-92.0934 113.234 463
-92.8827 113.234 463
-93.672 113.234 463
-94.4613 113.234 463
-95.2505 113.234 463
-96.0398 113.234 463
-96.8291 113.234 463
-97.6184 113.234 463
-98.4077 113.234 463
-99.197 113.234 463
-100.202 113.478 464
-100.993 113.478 464
-101.784 113.478 464
-102.575 113.478 464
-103.366 113.478 464
-104.157 113.478 464
-104.948 113.478 464
-105.967 113.723 465
-106.76 113.723 465
-107.553 113.723 465
-108.345 113.723 465
-109.138 113.723 465
-109.931 113.723 465
-110.723 113.723 465
-774.066 519.7 2125
-780.616 521.657 2133
-784.252 521.657 2133
-790.105 523.124 2139
-794.865 523.858 2142
-805.599 528.505 2161
-809.283 528.505 2161
-814.096 529.238 2164
-817.785 529.238 2164
-821.474 529.238 2164
-825.163 529.238 2164
-828.852 529.238 2164
-832.541 529.238 2164
-836.23 529.238 2164
-838.755 528.505 2161
-847.897 531.928 2175
-851.604 531.928 2175
-855.312 531.928 2175
-859.02 531.928 2175
-860.348 530.461 2169
-864.045 530.461 2169
-867.743 530.461 2169
-871.441 530.461 2169
-871.911 528.505 2161
-875.594 528.505 2161
-880.499 529.238 2164
-884.188 529.238 2164
-887.877 529.238 2164
-891.566 529.238 2164
-895.255 529.238 2164
-897.698 528.505 2161
-895.543 525.081 2147
-892.502 521.168 2131
-896.134 521.168 2131
-899.767 521.168 2131
-903.4 521.168 2131
-907.033 521.168 2131
-910.666 521.168 2131
-914.299 521.168 2131
-914.055 518.967 2122
-915.51 517.744 2117
-919.119 517.744 2117
-920.548 516.521 2112
-918.023 513.097 2098
-918.524 511.385 2091
-922.089 511.385 2091
-922.112 509.429 2083
-925.663 509.429 2083
-919.846 504.293 2062
-923.361 504.293 2062
-923.73 502.581 2055
-920.014 498.668 2039
-922.584 498.179 2037
-926.057 498.179 2037
-924.966 495.733 2027
-925.215 494.021 2020
-927.28 493.287 2017
-930.718 493.287 2017
-933.23 492.798 2015
-933.411 491.086 2008
-932.169 488.641 1998
-935.575 488.641 1998
-938.041 488.151 1996
-937.671 486.195 1988
-940.113 485.706 1986
-943.499 485.706 1986
-945.931 485.217 1984
-947.878 484.483 1981
-950.294 483.994 1979
-953.668 483.994 1979
-953.656 482.282 1972
-956.048 481.793 1970
-957.945 481.059 1967
-961.298 481.059 1967
-963.671 480.57 1965
-963.576 478.858 1958
-965.926 478.369 1956
-969.26 478.369 1956
-972.595 478.369 1956
-974.432 477.635 1953
-975.759 476.657 1949
-979.082 476.657 1949
-977.868 474.456 1940
-981.175 474.456 1940
-983.467 473.967 1938
-986.771 473.967 1938
-988.542 473.233 1935
-990.816 472.744 1933
-989.483 470.543 1924
-3.89928 118.758 489
-4.7329 118.758 489
-5.56653 118.758 489
-6.38706 118.515 488
-7.21898 118.515 488
-8.05089 118.515 488
-8.88281 118.515 488
-9.69482 118.272 487
-10.525 118.272 487
-11.3552 118.272 487
-12.1855 118.272 487
-13.0157 118.272 487
-13.8459 118.272 487
-14.6761 118.272 487
-15.5063 118.272 487
-16.2359 117.544 484
-17.061 117.544 484
-17.8861 117.544 484
-18.7112 117.544 484
-19.5363 117.544 484
-20.3614 117.544 484
-21.1865 117.544 484
-21.0565 112.444 463
-21.8458 112.444 463
-22.6351 112.444 463
-23.4244 112.444 463
-24.2137 112.444 463
-25.003 112.444 463
-25.7366 112.201 462
-26.4668 111.958 461
-27.1936 111.715 460
-27.9777 111.715 460
-28.6994 111.472 459
-29.3534 110.986 457
-30.1325 110.986 457
-30.8439 110.744 456
-31.6213 110.744 456
-32.3276 110.501 455
-33.1033 110.501 455
-33.8045 110.258 454
-34.5784 110.258 454
-35.2745 110.015 453
-37.1763 108.801 448
-37.9401 108.801 448
-38.7038 108.801 448
-39.3794 108.558 447
-40.0516 108.315 446
-40.812 108.315 446
-41.4791 108.072 445
-42.0478 107.586 443
-42.7064 107.344 442
-43.4599 107.344 442
-44.2134 107.344 442
-82.4198 109.044 449
-83.1852 109.044 449
-84.6985 110.015 453
-85.8482 110.501 455
-87.0046 110.986 457
-87.7836 110.986 457
-89.3379 111.958 461
-90.5148 112.444 463
-91.3041 112.444 463
-92.2923 112.686 464
-93.0833 112.686 464
-93.8743 112.686 464
-94.4613 112.444 463
-95.2505 112.444 463
-96.0398 112.444 463
-96.8291 112.444 463
-97.6184 112.444 463
-98.4077 112.444 463
-99.4113 112.686 464
-100.202 112.686 464
-100.993 112.686 464
-101.784 112.686 464
-102.575 112.686 464
-103.366 112.686 464
-104.157 112.686 464
-105.174 112.929 465
-105.967 112.929 465
-106.76 112.929 465
-107.553 112.929 465
-108.345 112.929 465
-109.138 112.929 465
-109.931 112.929 465
-110.723 112.929 465
-764.642 512.189 2109
-774.066 516.075 2125
-779.884 517.532 2131
-783.517 517.532 2131
-788.997 518.746 2136
-794.865 520.203 2142
-803.362 523.361 2155
-807.036 523.361 2155
-812.967 524.818 2161
-817.785 525.546 2164
-821.474 525.546 2164
-825.163 525.546 2164
-828.852 525.546 2164
-832.541 525.546 2164
-836.23 525.546 2164
-838.755 524.818 2161
-847.897 528.218 2175
-851.604 528.218 2175
-855.312 528.218 2175
-859.02 528.218 2175
-860.348 526.761 2169
-864.045 526.761 2169
-867.743 526.761 2169
-871.441 526.761 2169
-871.911 524.818 2161
-875.594 524.818 2161
-881.72 526.275 2167
-885.414 526.275 2167
-889.108 526.275 2167
-891.566 525.546 2164
-895.255 525.546 2164
-897.698 524.818 2161
-895.543 521.418 2147
-894.596 518.746 2136
-898.237 518.746 2136
-899.767 517.532 2131
-903.4 517.532 2131
-907.033 517.532 2131
-910.666 517.532 2131
-914.299 517.532 2131
-914.055 515.346 2122
-915.51 514.132 2117
-919.119 514.132 2117
-920.548 512.918 2112
-918.023 509.518 2098
-918.524 507.818 2091
-922.089 507.818 2091
-922.112 505.875 2083
-925.663 505.875 2083
-919.846 500.775 2062
-923.361 500.775 2062
-923.73 499.075 2055
-920.014 495.189 2039
-921.225 493.975 2034
-924.693 493.975 2034
-924.966 492.275 2027
-923.841 489.846 2017
-927.28 489.846 2017
-930.718 489.846 2017
-930.915 488.146 2010
-932.017 486.932 2005
-932.169 485.232 1998
-935.575 485.232 1998
-936.632 484.017 1993
-936.727 482.317 1986
-939.166 481.832 1984
-942.549 481.832 1984
-944.5 481.103 1981
-946.921 480.617 1979
-947.893 479.403 1974
-951.259 479.403 1974
-953.656 478.917 1972
-954.592 477.703 1967
-956.971 477.217 1965
-960.321 477.217 1965
-962.69 476.732 1963
-963.576 475.517 1958
-965.926 475.032 1956
-969.26 475.032 1956
-972.595 475.032 1956
-974.432 474.303 1953
-975.759 473.332 1949
-979.082 473.332 1949
-979.884 472.117 1944
-981.175 471.146 1940
-983.467 470.66 1938
-986.771 470.66 1938
-988.542 469.932 1935
-990.816 469.446 1933
-989.483 467.26 1924
-3.89928 117.924 489
-4.7329 117.924 489
-5.56653 117.924 489
-6.38706 117.682 488
-7.21898 117.682 488
-8.05089 117.682 488
-8.86461 117.441 487
-9.69482 117.441 487
-10.525 117.441 487
-11.3552 117.441 487
-12.1855 117.441 487
-13.0157 117.441 487
-13.8459 117.441 487
-14.6761 117.441 487
-15.5063 117.441 487
-16.3365 117.441 487
-17.1667 117.441 487
-17.9969 117.441 487
-18.7112 116.718 484
-19.5363 116.718 484
-20.3614 116.718 484
-21.1865 116.718 484
-21.0565 111.654 463
-21.8458 111.654 463
-22.6351 111.654 463
-23.4244 111.654 463
-24.2137 111.654 463
-25.003 111.654 463
-25.7366 111.413 462
-26.4668 111.171 461
-27.1936 110.93 460
-27.9777 110.93 460
-28.6994 110.689 459
-29.3534 110.207 457
-30.1325 110.207 457
-30.9116 110.207 457
-31.6213 109.966 456
-32.3986 109.966 456
-33.1033 109.724 455
-33.8789 109.724 455
-34.6546 109.724 455
-35.2745 109.242 453
-37.1763 108.036 448
-37.9401 108.036 448
-38.7038 108.036 448
-39.3794 107.795 447
-40.0516 107.554 446
-40.812 107.554 446
-41.4791 107.313 445
-42.0478 106.831 443
-42.7064 106.589 442
-43.4599 106.589 442
-44.2134 106.589 442
-82.4198 108.278 449
-83.1852 108.278 449
-84.6985 109.242 453
-85.8482 109.724 455
-87.0046 110.207 457
-87.7836 110.207 457
-89.7255 111.654 463
-90.7103 111.895 464
-91.5013 111.895 464
-92.2923 111.895 464
-93.0833 111.895 464
-93.8743 111.895 464
-94.6653 111.895 464
-95.2505 111.654 463
-96.0398 111.654 463
-97.0383 111.895 464
-97.8293 111.895 464
-98.6203 111.895 464
-99.4113 111.895 464
-100.418 112.136 465
-101.211 112.136 465
-102.004 112.136 465
-102.796 112.136 465
-103.589 112.136 465
-104.157 111.895 464
-105.401 112.377 466
-106.195 112.377 466
-106.99 112.377 466
-107.784 112.377 466
-108.345 112.136 465
-109.138 112.136 465
-109.931 112.136 465
-110.723 112.136 465
-764.642 508.591 2109
-774.066 512.449 2125
-779.884 513.896 2131
-783.517 513.896 2131
-788.997 515.102 2136
-794.865 516.549 2142
-803.362 519.684 2155
-807.036 519.684 2155
-812.967 521.131 2161
-817.785 521.854 2164
-821.474 521.854 2164
-825.163 521.854 2164
-828.852 521.854 2164
-832.541 521.854 2164
-836.23 521.854 2164
-838.755 521.131 2161
-847.897 524.507 2175
-851.604 524.507 2175
-855.312 524.507 2175
-859.02 524.507 2175
-860.348 523.06 2169
-864.045 523.06 2169
-867.743 523.06 2169
-871.441 523.06 2169
-871.911 521.131 2161
-875.594 521.131 2161
-881.72 522.578 2167
-885.414 522.578 2167
-889.108 522.578 2167
-892.802 522.578 2167
-896.496 522.578 2167
-898.944 521.854 2164
-896.794 518.478 2150
-894.596 515.102 2136
-898.237 515.102 2136
-899.767 513.896 2131
-903.4 513.896 2131
-907.033 513.896 2131
-910.666 513.896 2131
-914.299 513.896 2131
-914.055 511.726 2122
-916.807 511.243 2120
-920.421 511.243 2120
-920.548 509.314 2112
-920.648 507.385 2104
-917.207 503.527 2088
-920.766 503.527 2088
-924.326 503.527 2088
-925.663 502.321 2083
-917.616 496.051 2057
-921.122 496.051 2057
-918.786 492.916 2044
-919.112 491.228 2037
-918.055 488.816 2027
-921.51 488.816 2027
-920.403 486.405 2017
-920.635 484.717 2010
-923.142 484.234 2008
-926.565 484.234 2008
-928.599 483.511 2005
-929.693 482.305 2000
-929.836 480.617 1993
-933.234 480.617 1993
-933.342 478.929 1986
-935.784 478.447 1984
-936.799 477.241 1979
-940.173 477.241 1979
-942.593 476.759 1977
-944.528 476.035 1974
-946.933 475.553 1972
-950.295 475.553 1972
-951.238 474.347 1967
-953.621 473.865 1965
-956.971 473.865 1965
-960.321 473.865 1965
-961.219 472.659 1960
-962.591 471.694 1956
-965.926 471.694 1956
-969.26 471.694 1956
-971.103 470.971 1953
-974.432 470.971 1953
-975.759 470.006 1949
-979.082 470.006 1949
-979.884 468.801 1944
-981.175 467.836 1940
-983.467 467.354 1938
-986.771 467.354 1938
-988.542 466.63 1935
-990.816 466.148 1933
-989.483 463.978 1924
-3.89928 117.089 489
-4.7329 117.089 489
-5.56653 117.089 489
-6.40015 117.089 489
-7.21898 116.85 488
-8.05089 116.85 488
-8.84641 116.371 486
-9.69482 116.61 487
-10.525 116.61 487
-11.3552 116.61 487
-12.1855 116.61 487
-13.0157 116.61 487
-13.8459 116.61 487
-14.6761 116.61 487
-15.5063 116.61 487
-16.3365 116.61 487
-17.1667 116.61 487
-17.9969 116.61 487
-18.7112 115.892 484
-19.5363 115.892 484
-20.3614 115.892 484
-21.1865 115.892 484
-21.0565 110.864 463
-21.8458 110.864 463
-22.6351 110.864 463
-23.4244 110.864 463
-24.2137 110.864 463
-25.003 110.864 463
-25.7366 110.624 462
-26.4668 110.385 461
-27.1936 110.145 460
-27.9777 110.145 460
-28.6994 109.906 459
-29.3534 109.427 457
-30.1325 109.427 457
-30.9116 109.427 457
-31.6906 109.427 457
-32.3986 109.188 456
-33.1033 108.948 455
-33.8789 108.948 455
-34.6546 108.948 455
-35.2745 108.469 453
-37.1763 107.272 448
-37.9401 107.272 448
-38.7038 107.272 448
-39.3794 107.033 447
-40.0516 106.793 446
-40.812 106.793 446
-41.4791 106.554 445
-42.0478 106.075 443
-42.7064 105.835 442
-43.4599 105.835 442
-44.2134 105.835 442
-83.7047 109.188 456
-84.4821 109.188 456
-85.2595 109.188 456
-86.2255 109.427 457
-87.7661 110.385 461
-88.552 110.385 461
-89.7255 110.864 463
-90.7103 111.103 464
-91.5013 111.103 464
-92.2923 111.103 464
-93.0833 111.103 464
-93.8743 111.103 464
-94.6653 111.103 464
-95.2505 110.864 463
-96.0398 110.864 463
-97.0383 111.103 464
-97.8293 111.103 464
-98.6203 111.103 464
-99.4113 111.103 464
-100.418 111.343 465
-101.211 111.343 465
-102.004 111.343 465
-102.796 111.343 465
-103.589 111.343 465
-104.157 111.103 464
-105.401 111.582 466
-106.195 111.582 466
-106.99 111.582 466
-107.784 111.582 466
-108.345 111.343 465
-109.138 111.343 465
-109.931 111.343 465
-764.642 504.993 2109
-771.152 506.908 2117
-777.688 508.824 2125
-781.311 508.824 2125
-787.889 510.739 2133
-793.751 512.176 2139
-800.38 514.092 2147
-804.04 514.092 2147
-812.967 517.444 2161
-816.651 517.444 2161
-821.474 518.162 2164
-825.163 518.162 2164
-828.852 518.162 2164
-832.541 518.162 2164
-836.23 518.162 2164
-838.755 517.444 2161
-847.897 520.796 2175
-851.604 520.796 2175
-855.312 520.796 2175
-859.02 520.796 2175
-860.348 519.359 2169
-863.249 518.881 2167
-866.943 518.881 2167
-870.637 518.881 2167
-871.911 517.444 2161
-875.594 517.444 2161
-882.534 519.359 2169
-886.231 519.359 2169
-891.16 520.078 2172
-894.862 520.078 2172
-898.565 520.078 2172
-902.268 520.078 2172
-902.633 518.162 2164
-894.596 511.458 2136
-898.237 511.458 2136
-899.767 510.261 2131
-903.4 510.261 2131
-907.033 510.261 2131
-910.666 510.261 2131
-914.299 510.261 2131
-914.055 508.105 2122
-916.807 507.627 2120
-920.421 507.627 2120
-922.728 506.908 2117
-920.648 503.795 2104
-917.207 499.964 2088
-920.766 499.964 2088
-924.326 499.964 2088
-925.663 498.767 2083
-917.616 492.541 2057
-921.122 492.541 2057
-918.786 489.429 2044
-914.599 485.358 2027
-912.62 482.485 2015
-916.055 482.485 2015
-917.209 481.287 2010
-918.345 480.09 2005
-919.464 478.893 2000
-922.874 478.893 2000
-926.283 478.893 2000
-926.439 477.217 1993
-928.903 476.738 1991
-932.297 476.738 1991
-932.402 475.062 1984
-933.426 473.865 1979
-935.853 473.386 1977
-939.223 473.386 1977
-941.163 472.667 1974
-943.571 472.189 1972
-945.973 471.71 1970
-949.331 471.71 1970
-950.271 470.512 1965
-952.651 470.033 1963
-954.536 469.315 1960
-957.877 469.315 1960
-960.238 468.836 1958
-962.591 468.357 1956
-964.444 467.639 1953
-967.774 467.639 1953
-971.103 467.639 1953
-972.437 466.681 1949
-974.758 466.202 1947
-978.077 466.202 1947
-979.884 465.484 1944
-982.187 465.005 1942
-983.467 464.047 1938
-986.771 464.047 1938
-988.542 463.329 1935
-990.816 462.85 1933
-989.483 460.695 1924
-3.89928 116.255 489
-4.7329 116.255 489
-5.56653 116.255 489
-6.40015 116.255 489
-7.21898 116.017 488
-8.05089 116.017 488
-8.84641 115.542 486
-9.69482 115.78 487
-10.525 115.78 487
-11.3552 115.78 487
-12.1855 115.78 487
-13.0157 115.78 487
-13.8459 115.78 487
-14.6761 115.78 487
-15.5063 115.78 487
-16.3365 115.78 487
-17.1667 115.78 487
-17.9969 115.78 487
-18.7112 115.066 484
-19.5363 115.066 484
-20.3614 115.066 484
-21.1865 115.066 484
-21.0565 110.074 463
-21.8458 110.074 463
-22.6351 110.074 463
-23.4244 110.074 463
-24.1614 109.836 462
-24.949 109.836 462
-25.7366 109.836 462
-26.4668 109.598 461
-27.1936 109.361 460
-27.9777 109.361 460
-28.6994 109.123 459
-29.4176 108.885 458
-30.1325 108.647 457
-30.9116 108.647 457
-31.6906 108.647 457
-32.3986 108.41 456
-33.1033 108.172 455
-33.8789 108.172 455
-34.6546 108.172 455
-35.1966 107.459 452
-83.6548 109.361 460
-84.439 109.361 460
-85.2232 109.361 460
-86.0074 109.361 460
-86.9802 109.598 461
-87.7661 109.598 461
-88.7441 109.836 462
-89.7255 110.074 463
-90.7103 110.312 464
-91.5013 110.312 464
-92.2923 110.312 464
-93.0833 110.312 464
-93.8743 110.312 464
-94.6653 110.312 464
-95.2505 110.074 463
-96.2473 110.312 464
-97.0383 110.312 464
-97.8293 110.312 464
-98.6203 110.312 464
-99.4113 110.312 464
-100.418 110.549 465
-101.211 110.549 465
-102.004 110.549 465
-102.796 110.549 465
-103.589 110.549 465
-104.382 110.549 465
-105.401 110.787 466
-106.195 110.787 466
-106.99 110.787 466
-107.784 110.787 466
-108.578 110.787 466
-109.138 110.549 465
-109.931 110.549 465
-764.642 501.395 2109
-768.238 501.395 2109
-774.761 503.296 2117
-778.37 503.296 2117
-783.825 504.485 2122
-791.525 507.1 2133
-797.398 508.527 2139
-801.044 508.527 2139
-809.958 511.855 2153
-814.384 512.331 2155
-819.196 513.044 2158
-822.875 513.044 2158
-826.554 513.044 2158
-830.233 513.044 2158
-835.071 513.757 2161
-838.755 513.757 2161
-844.778 515.183 2167
-848.472 515.183 2167
-852.166 515.183 2167
-855.86 515.183 2167
-859.555 515.183 2167
-862.054 514.47 2164
-865.743 514.47 2164
-869.432 514.47 2164
-871.911 513.757 2161
-875.594 513.757 2161
-882.534 515.659 2169
-886.231 515.659 2169
-891.16 516.372 2172
-894.862 516.372 2172
-898.565 516.372 2172
-902.268 516.372 2172
-902.633 514.47 2164
-894.596 507.813 2136
-898.237 507.813 2136
-899.767 506.625 2131
-902.128 505.912 2128
-904.683 503.296 2117
-908.292 503.296 2117
-913.193 504.01 2120
-916.807 504.01 2120
-920.421 504.01 2120
-922.728 503.296 2117
-920.648 500.206 2104
-917.207 496.402 2088
-920.766 496.402 2088
-924.326 496.402 2088
-924.33 494.5 2080
-913.155 486.655 2047
-916.644 486.655 2047
-914.29 483.564 2034
-914.599 481.9 2027
-912.62 479.047 2015
-916.055 479.047 2015
-917.209 477.858 2010
-918.345 476.67 2005
-919.464 475.481 2000
-922.874 475.481 2000
-926.283 475.481 2000
-926.439 473.817 1993
-928.903 473.341 1991
-932.297 473.341 1991
-932.402 471.677 1984
-933.426 470.488 1979
-935.853 470.013 1977
-939.223 470.013 1977
-941.163 469.3 1974
-943.571 468.824 1972
-945.973 468.349 1970
-949.331 468.349 1970
-950.271 467.16 1965
-952.651 466.684 1963
-954.536 465.971 1960
-957.877 465.971 1960
-960.238 465.496 1958
-962.591 465.02 1956
-964.444 464.307 1953
-967.774 464.307 1953
-970.109 463.832 1951
-972.437 463.356 1949
-974.758 462.881 1947
-978.077 462.881 1947
-979.884 462.167 1944
-982.187 461.692 1942
-983.467 460.741 1938
-986.771 460.741 1938
-988.542 460.028 1935
-990.816 459.552 1933
-989.483 457.413 1924
-3.89928 115.421 489
-4.7329 115.421 489
-5.56653 115.421 489
-6.40015 115.421 489
-7.21898 115.185 488
-8.05089 115.185 488
-8.84641 114.713 486
-9.69482 114.949 487
-10.525 114.949 487
-11.3552 114.949 487
-12.1855 114.949 487
-13.0157 114.949 487
-13.8459 114.949 487
-14.6761 114.949 487
-15.5063 114.949 487
-16.3365 114.949 487
-17.1667 114.949 487
-17.9969 114.949 487
-18.7112 114.241 484
-19.5363 114.241 484
-20.311 109.52 464
-21.102 109.52 464
-21.893 109.52 464
-22.684 109.52 464
-23.4244 109.284 463
-24.2137 109.284 463
-25.003 109.284 463
-25.7366 109.048 462
-26.4668 108.812 461
-27.1936 108.576 460
-27.9777 108.576 460
-28.6994 108.34 459
-29.4176 108.104 458
-30.1325 107.868 457
-30.9116 107.868 457
-31.6906 107.868 457
-32.3986 107.632 456
-33.1033 107.396 455
-33.8789 107.396 455
-34.6546 107.396 455
-84.0185 109.048 462
-84.8061 109.048 462
-85.5937 109.048 462
-86.1943 108.812 461
-86.9802 108.812 461
-87.7661 108.812 461
-88.9362 109.284 463
-89.9193 109.52 464
-90.7103 109.52 464
-91.5013 109.52 464
-92.2923 109.52 464
-93.0833 109.52 464
-93.8743 109.52 464
-94.6653 109.52 464
-95.4563 109.52 464
-96.2473 109.52 464
-97.0383 109.52 464
-97.8293 109.52 464
-98.6203 109.52 464
-99.6255 109.756 465
-100.418 109.756 465
-101.211 109.756 465
-102.004 109.756 465
-102.796 109.756 465
-103.589 109.756 465
-104.382 109.756 465
-105.627 110.228 467
-106.423 110.228 467
-107.219 110.228 467
-108.015 110.228 467
-108.578 109.992 466
-109.373 109.992 466
-110.167 109.992 466
-758.116 493.548 2091
-764.231 495.2 2098
-771.833 497.796 2109
-775.428 497.796 2109
-781.979 499.685 2117
-787.443 500.865 2122
-796.279 504.169 2136
-799.921 504.169 2136
-805.819 505.585 2142
-813.628 508.182 2153
-817.298 508.182 2153
-820.969 508.182 2153
-824.639 508.182 2153
-828.309 508.182 2153
-831.979 508.182 2153
-834.485 507.474 2150
-844.778 511.486 2167
-848.472 511.486 2167
-852.166 511.486 2167
-855.86 511.486 2167
-855.985 509.362 2158
-860.859 510.07 2161
-864.543 510.07 2161
-868.227 510.07 2161
-871.911 510.07 2161
-875.594 510.07 2161
-882.534 511.958 2169
-886.231 511.958 2169
-891.16 512.667 2172
-894.862 512.667 2172
-898.565 512.667 2172
-902.268 512.667 2172
-902.633 510.778 2164
-915.51 499.685 2117
-919.119 499.685 2117
-922.728 499.685 2117
-920.648 496.616 2104
-917.207 492.84 2088
-920.766 492.84 2088
-924.326 492.84 2088
-924.33 490.951 2080
-908.694 480.802 2037
-912.166 480.802 2037
-911.144 478.442 2027
-912.343 477.261 2022
-912.62 475.609 2015
-916.055 475.609 2015
-917.209 474.429 2010
-915.139 471.597 1998
-918.545 471.597 1998
-921.951 471.597 1998
-925.357 471.597 1998
-925.509 469.944 1991
-926.571 468.764 1986
-929.956 468.764 1986
-932.402 468.292 1984
-932.482 466.64 1977
-934.433 465.932 1974
-937.798 465.932 1974
-941.163 465.932 1974
-943.571 465.46 1972
-944.532 464.279 1967
-947.885 464.279 1967
-950.271 463.807 1965
-952.651 463.335 1963
-954.536 462.627 1960
-957.877 462.627 1960
-960.238 462.155 1958
-961.115 460.975 1953
-964.444 460.975 1953
-967.774 460.975 1953
-970.109 460.503 1951
-972.437 460.031 1949
-974.758 459.559 1947
-978.077 459.559 1947
-979.884 458.851 1944
-982.187 458.379 1942
-983.467 457.434 1938
-986.771 457.434 1938
-988.542 456.726 1935
-990.816 456.254 1933
-989.483 454.13 1924
-3.89928 114.586 489
-4.7329 114.586 489
-5.56653 114.586 489
-6.40015 114.586 489
-7.21898 114.352 488
-8.05089 114.352 488
-8.84641 113.883 486
-9.69482 114.118 487
-10.525 114.118 487
-11.3552 114.118 487
-12.1855 114.118 487
-13.0157 114.118 487
-13.8459 114.118 487
-14.6761 114.118 487
-15.5063 114.118 487
-16.3365 114.118 487
-17.1667 114.118 487
-17.9969 114.118 487
-18.7112 113.415 484
-19.5363 113.415 484
-20.2352 112.712 481
-21.0551 112.712 481
-21.3294 109.9 469
-21.9402 108.963 465
-22.684 108.728 464
-23.475 108.728 464
-24.2137 108.494 463
-25.003 108.494 463
-25.7366 108.26 462
-26.4668 108.025 461
-27.1936 107.791 460
-27.9777 107.791 460
-28.6994 107.557 459
-29.4176 107.322 458
-30.1325 107.088 457
-30.9116 107.088 457
-31.6906 107.088 457
-32.3986 106.854 456
-33.176 106.854 456
-33.9534 106.854 456
-84.0185 108.26 462
-84.8061 108.26 462
-85.5937 108.26 462
-86.1943 108.025 461
-86.9802 108.025 461
-87.7661 108.025 461
-88.9362 108.494 463
-89.9193 108.728 464
-90.7103 108.728 464
-91.5013 108.728 464
-92.2923 108.728 464
-93.0833 108.728 464
-93.8743 108.728 464
-94.6653 108.728 464
-95.4563 108.728 464
-96.2473 108.728 464
-97.0383 108.728 464
-97.8293 108.728 464
-98.6203 108.728 464
-99.6255 108.963 465
-100.418 108.963 465
-101.211 108.963 465
-102.004 108.963 465
-102.796 108.963 465
-103.589 108.963 465
-104.382 108.963 465
-105.627 109.431 467
-106.423 109.431 467
-107.219 109.431 467
-108.015 109.431 467
-108.811 109.431 467
-109.373 109.197 466
-110.167 109.197 466
-758.116 489.98 2091
-764.231 491.621 2098
-771.833 494.198 2109
-775.428 494.198 2109
-781.979 496.073 2117
-787.443 497.244 2122
-796.279 500.525 2136
-799.921 500.525 2136
-805.819 501.931 2142
-813.628 504.509 2153
-817.298 504.509 2153
-820.969 504.509 2153
-824.639 504.509 2153
-828.309 504.509 2153
-831.979 504.509 2153
-834.485 503.806 2150
-844.778 507.789 2167
-848.472 507.789 2167
-852.166 507.789 2167
-855.86 507.789 2167
-855.985 505.68 2158
-860.859 506.383 2161
-864.543 506.383 2161
-868.227 506.383 2161
-871.911 506.383 2161
-875.594 506.383 2161
-879.278 506.383 2161
-884.188 507.086 2164
-891.16 508.961 2172
-894.862 508.961 2172
-898.565 508.961 2172
-902.268 508.961 2172
-913.647 489.277 2088
-917.207 489.277 2088
-920.766 489.277 2088
-922.998 488.574 2085
-922.108 486.231 2075
-907.356 476.624 2034
-910.823 476.624 2034
-911.144 474.983 2027
-909.185 472.171 2015
-910.355 471 2010
-913.782 471 2010
-914.014 469.359 2003
-915.139 468.188 1998
-918.545 468.188 1998
-921.951 468.188 1998
-922.115 466.547 1991
-922.255 464.907 1984
-925.637 464.907 1984
-929.02 464.907 1984
-927.702 462.564 1974
-931.068 462.564 1974
-934.433 462.564 1974
-937.798 462.564 1974
-940.209 462.095 1972
-942.614 461.627 1970
-942.611 459.986 1963
-945.958 459.986 1963
-949.304 459.986 1963
-952.651 459.986 1963
-953.562 458.815 1958
-956.9 458.815 1958
-959.257 458.346 1956
-961.115 457.643 1953
-963.457 457.174 1951
-966.783 457.174 1951
-969.114 456.706 1949
-972.437 456.706 1949
-974.758 456.237 1947
-978.077 456.237 1947
-979.884 455.534 1944
-982.187 455.065 1942
-981.945 453.425 1935
-985.244 453.425 1935
-987.521 452.956 1933
-989.791 452.488 1931
-988.454 450.379 1922
-3.89928 113.752 489
-4.7329 113.752 489
-5.56653 113.752 489
-6.40015 113.752 489
-7.21898 113.52 488
-8.05089 113.52 488
-8.84641 113.054 486
-9.67491 113.054 486
-10.525 113.287 487
-11.3552 113.287 487
-12.1855 113.287 487
-12.9889 113.054 486
-13.8459 113.287 487
-14.6761 113.287 487
-15.5063 113.287 487
-16.3365 113.287 487
-17.0962 112.822 485
-17.923 112.822 485
-18.7112 112.589 484
-19.5363 112.589 484
-20.2352 111.891 481
-21.0551 111.891 481
-21.3294 109.1 469
-21.9402 108.169 465
-22.684 107.937 464
-23.475 107.937 464
-24.2137 107.704 463
-25.003 107.704 463
-25.7366 107.471 462
-26.4668 107.239 461
-27.1936 107.006 460
-27.9777 107.006 460
-28.6994 106.774 459
-29.4176 106.541 458
-30.1325 106.308 457
-30.9116 106.308 457
-31.6906 106.308 457
-32.3986 106.076 456
-33.176 106.076 456
-33.9534 106.076 456
-83.0508 107.239 461
-84.0185 107.471 462
-84.8061 107.471 462
-85.5937 107.471 462
-86.3813 107.471 462
-87.1689 107.471 462
-87.7661 107.239 461
-88.9362 107.704 463
-89.9193 107.937 464
-90.7103 107.937 464
-91.5013 107.937 464
-92.2923 107.937 464
-93.0833 107.937 464
-93.8743 107.937 464
-94.6653 107.937 464
-95.4563 107.937 464
-96.2473 107.937 464
-97.0383 107.937 464
-97.8293 107.937 464
-98.6203 107.937 464
-99.6255 108.169 465
-100.418 108.169 465
-101.211 108.169 465
-102.004 108.169 465
-102.796 108.169 465
-103.589 108.169 465
-104.382 108.169 465
-105.627 108.635 467
-106.423 108.635 467
-107.219 108.635 467
-108.015 108.635 467
-108.811 108.635 467
-109.373 108.402 466
-110.167 108.402 466
-757.028 485.715 2088
-762.409 486.878 2093
-767.807 488.041 2098
-771.384 488.041 2098
-777.177 489.437 2104
-780.763 489.437 2104
-791.06 493.624 2122
-794.678 493.624 2122
-798.295 493.624 2122
-810.227 498.742 2144
-813.882 498.742 2144
-817.537 498.742 2144
-821.192 498.742 2144
-824.077 498.277 2142
-828.502 498.742 2144
-832.157 498.742 2144
-838.151 500.138 2150
-841.816 500.138 2150
-848.627 501.998 2158
-852.306 501.998 2158
-855.985 501.998 2158
-860.859 502.696 2161
-864.543 502.696 2161
-868.227 502.696 2161
-871.911 502.696 2161
-875.594 502.696 2161
-879.278 502.696 2161
-884.188 503.394 2164
-891.16 505.255 2172
-894.862 505.255 2172
-898.565 505.255 2172
-902.268 505.255 2172
-913.647 485.715 2088
-917.207 485.715 2088
-920.766 485.715 2088
-922.998 485.017 2085
-922.108 482.691 2075
-907.356 473.153 2034
-910.823 473.153 2034
-911.144 471.525 2027
-909.185 468.734 2015
-907.185 465.942 2003
-910.6 465.942 2003
-911.733 464.779 1998
-908.726 461.522 1984
-912.109 461.522 1984
-915.491 461.522 1984
-918.873 461.522 1984
-919.001 459.894 1977
-920.039 458.731 1972
-923.401 458.731 1972
-925.822 458.266 1970
-929.181 458.266 1970
-932.539 458.266 1970
-935.897 458.266 1970
-939.256 458.266 1970
-941.179 457.568 1967
-942.611 456.637 1963
-945.958 456.637 1963
-949.304 456.637 1963
-950.224 455.474 1958
-953.562 455.474 1958
-956.9 455.474 1958
-957.786 454.311 1953
-960.131 453.846 1951
-962.469 453.38 1949
-965.792 453.38 1949
-968.12 452.915 1947
-971.439 452.915 1947
-973.256 452.217 1944
-976.57 452.217 1944
-978.876 451.752 1942
-982.187 451.752 1942
-981.945 450.124 1935
-985.244 450.124 1935
-986.499 449.193 1931
-987.228 448.03 1926
-987.425 446.634 1920
-3.89131 112.687 488
-4.72323 112.687 488
-5.55514 112.687 488
-6.38706 112.687 488
-7.20418 112.456 487
-8.0344 112.456 487
-8.84641 112.225 486
-9.67491 112.225 486
-10.5034 112.225 486
-11.3319 112.225 486
-12.1604 112.225 486
-12.9622 111.994 485
-13.789 111.994 485
-14.6158 111.994 485
-15.4426 111.994 485
-16.2694 111.994 485
-17.061 111.763 484
-17.8861 111.763 484
-18.7112 111.763 484
-19.4959 111.532 483
-20.2352 111.071 481
-21.0551 111.071 481
-21.3749 108.531 470
-21.9874 107.607 466
-22.7329 107.376 465
-23.475 107.145 464
-24.266 107.145 464
-25.057 107.145 464
-25.7923 106.914 463
-26.4668 106.452 461
-27.1936 106.221 460
-27.9777 106.221 460
-28.6994 105.99 459
-29.4176 105.76 458
-30.1325 105.529 457
-30.9116 105.529 457
-31.6906 105.529 457
-32.3986 105.298 456
-33.176 105.298 456
-33.9534 105.298 456
-83.0508 106.452 461
-84.0185 106.683 462
-84.8061 106.683 462
-85.5937 106.683 462
-86.3813 106.683 462
-87.1689 106.683 462
-87.9565 106.683 462
-88.9362 106.914 463
-89.9193 107.145 464
-90.7103 107.145 464
-91.5013 107.145 464
-92.2923 107.145 464
-93.0833 107.145 464
-93.8743 107.145 464
-94.6653 107.145 464
-95.4563 107.145 464
-96.2473 107.145 464
-97.0383 107.145 464
-97.8293 107.145 464
-98.6203 107.145 464
-99.6255 107.376 465
-100.418 107.376 465
-101.211 107.376 465
-102.004 107.376 465
-102.796 107.376 465
-103.589 107.376 465
-104.382 107.376 465
-105.627 107.838 467
-106.423 107.838 467
-107.219 107.838 467
-108.015 107.838 467
-108.811 107.838 467
-760.588 482.153 2088
-765.977 483.307 2093
-769.545 483.307 2093
-774.96 484.462 2098
-779.65 485.154 2101
-783.232 485.154 2101
-786.813 485.154 2101
-811.984 493.929 2139
-815.63 493.929 2139
-820.426 494.622 2142
-824.077 494.622 2142
-827.729 494.622 2142
-831.38 494.622 2142
-836.981 495.777 2147
-841.816 496.469 2150
-848.627 498.317 2158
-852.306 498.317 2158
-855.985 498.317 2158
-860.859 499.009 2161
-864.543 499.009 2161
-868.227 499.009 2161
-871.911 499.009 2161
-875.594 499.009 2161
-878.058 498.317 2158
-884.188 499.702 2164
-889.108 500.395 2167
-892.802 500.395 2167
-896.496 500.395 2167
-897.698 499.009 2161
-915.033 479.151 2075
-918.571 479.151 2075
-922.108 479.151 2075
-904.233 468.067 2027
-907.688 468.067 2027
-908.896 466.912 2022
-909.185 465.296 2015
-907.185 462.525 2003
-910.6 462.525 2003
-911.733 461.37 1998
-908.726 458.137 1984
-912.109 458.137 1984
-915.491 458.137 1984
-918.873 458.137 1984
-919.001 456.521 1977
-920.039 455.366 1972
-923.401 455.366 1972
-925.822 454.904 1970
-929.181 454.904 1970
-932.539 454.904 1970
-935.897 454.904 1970
-939.256 454.904 1970
-941.179 454.212 1967
-942.611 453.288 1963
-945.958 453.288 1963
-949.304 453.288 1963
-950.224 452.134 1958
-953.562 452.134 1958
-956.9 452.134 1958
-957.786 450.979 1953
-960.131 450.517 1951
-961.481 449.593 1947
-964.8 449.593 1947
-968.12 449.593 1947
-971.439 449.593 1947
-972.255 448.439 1942
-975.565 448.439 1942
-978.876 448.439 1942
-981.175 447.977 1940
-981.945 446.822 1935
-985.244 446.822 1935
-986.499 445.899 1931
-986.203 444.282 1924
-986.397 442.897 1918
-3.89131 111.854 488
-4.72323 111.854 488
-5.55514 111.854 488
-6.38706 111.854 488
-7.20418 111.625 487
-8.0344 111.625 487
-8.84641 111.396 486
-9.65501 111.167 485
-10.4818 111.167 485
-11.3086 111.167 485
-12.1354 111.167 485
-12.9355 110.938 484
-13.7606 110.938 484
-14.5857 110.938 484
-15.4108 110.938 484
-16.2359 110.938 484
-17.061 110.938 484
-17.8861 110.938 484
-18.5952 110.25 481
-19.3345 109.792 479
-20.0248 109.104 476
-20.5736 107.729 470
-21.3749 107.729 470
-22.0817 107.27 468
-22.7818 106.812 466
-23.5256 106.583 465
-24.3183 106.583 465
-25.057 106.353 464
-25.7923 106.124 463
-26.5242 105.895 462
-27.2527 105.666 461
-28.0386 105.666 461
-28.6994 105.207 459
-29.4176 104.978 458
-30.1325 104.749 457
-30.9116 104.749 457
-31.6906 104.749 457
-32.3986 104.52 456
-33.176 104.52 456
-33.9534 104.52 456
-83.0508 105.666 461
-84.0185 105.895 462
-84.8061 105.895 462
-85.5937 105.895 462
-86.3813 105.895 462
-87.3576 106.124 463
-88.1469 106.124 463
-88.9362 106.124 463
-89.9193 106.353 464
-90.7103 106.353 464
-91.5013 106.353 464
-92.2923 106.353 464
-93.0833 106.353 464
-93.8743 106.353 464
-94.6653 106.353 464
-95.4563 106.353 464
-96.2473 106.353 464
-97.0383 106.353 464
-97.8293 106.353 464
-98.6203 106.353 464
-99.4113 106.353 464
-100.418 106.583 465
-101.211 106.583 465
-102.004 106.583 465
-102.796 106.583 465
-103.589 106.583 465
-104.382 106.583 465
-105.627 107.041 467
-106.423 107.041 467
-107.219 107.041 467
-108.015 107.041 467
-108.578 106.812 466
-820.426 490.968 2142
-824.077 490.968 2142
-827.729 490.968 2142
-831.38 490.968 2142
-841.269 494.635 2158
-844.948 494.635 2158
-848.627 494.635 2158
-852.306 494.635 2158
-855.985 494.635 2158
-860.859 495.323 2161
-864.543 495.323 2161
-868.227 495.323 2161
-870.7 494.635 2158
-874.379 494.635 2158
-878.058 494.635 2158
-882.962 495.323 2161
-886.646 495.323 2161
-890.33 495.323 2161
-892.773 494.635 2158
-896.452 494.635 2158
-896.941 459.107 2003
-900.356 459.107 2003
-903.77 459.107 2003
-904.92 457.961 1998
-908.327 457.961 1998
-905.344 454.752 1984
-907.352 454.065 1981
-910.729 454.065 1981
-914.107 454.065 1981
-915.631 453.148 1977
-917.607 452.46 1974
-919.106 451.543 1970
-922.464 451.543 1970
-925.822 451.543 1970
-929.181 451.543 1970
-932.539 451.543 1970
-935.897 451.543 1970
-939.256 451.543 1970
-939.265 449.939 1963
-941.171 449.251 1960
-944.512 449.251 1960
-947.853 449.251 1960
-949.253 448.335 1956
-951.127 447.647 1953
-954.456 447.647 1953
-956.805 447.188 1951
-959.146 446.73 1949
-961.481 446.272 1947
-964.8 446.272 1947
-968.12 446.272 1947
-971.439 446.272 1947
-972.255 445.126 1942
-975.565 445.126 1942
-978.876 445.126 1942
-981.175 444.667 1940
-981.945 443.521 1935
-985.244 443.521 1935
-986.499 442.604 1931
-986.203 441 1924
-986.397 439.625 1918
-3.89131 111.022 488
-4.72323 111.022 488
-5.55514 111.022 488
-6.38706 111.022 488
-7.20418 110.794 487
-8.0344 110.794 487
-8.8282 110.339 485
-9.65501 110.339 485
-10.4818 110.339 485
-11.3086 110.339 485
-12.1354 110.339 485
-12.9355 110.112 484
-13.7606 110.112 484
-14.5857 110.112 484
-15.4108 110.112 484
-16.2359 110.112 484
-17.061 110.112 484
-17.8861 110.112 484
-18.5952 109.429 481
-19.3345 108.974 479
-20.0248 108.292 476
-20.5736 106.927 470
-21.3749 106.927 470
-22.0817 106.472 468
-22.8307 106.244 467
-23.5256 105.789 465
-24.3183 105.789 465
-25.057 105.562 464
-25.7923 105.334 463
-26.5242 105.107 462
-27.2527 104.879 461
-28.0386 104.879 461
-28.6994 104.424 459
-29.4176 104.197 458
-30.1325 103.969 457
-30.9116 103.969 457
-31.6906 103.969 457
-32.3986 103.742 456
-33.176 103.742 456
-33.9534 103.742 456
-83.0508 104.879 461
-84.0185 105.107 462
-84.8061 105.107 462
-85.5937 105.107 462
-86.3813 105.107 462
-87.3576 105.334 463
-88.1469 105.334 463
-88.9362 105.334 463
-89.9193 105.562 464
-90.7103 105.562 464
-91.5013 105.562 464
-92.2923 105.562 464
-93.0833 105.562 464
-93.8743 105.562 464
-94.6653 105.562 464
-95.4563 105.562 464
-96.2473 105.562 464
-97.0383 105.562 464
-97.8293 105.562 464
-98.6203 105.562 464
-99.4113 105.562 464
-100.418 105.789 465
-101.211 105.789 465
-102.004 105.789 465
-102.796 105.789 465
-103.589 105.789 465
-104.382 105.789 465
-105.627 106.244 467
-106.423 106.244 467
-107.219 106.244 467
-108.015 106.244 467
-108.578 106.017 466
-820.426 487.313 2142
-824.077 487.313 2142
-827.729 487.313 2142
-831.38 487.313 2142
-841.269 490.953 2158
-844.948 490.953 2158
-848.627 490.953 2158
-852.306 490.953 2158
-855.985 490.953 2158
-860.859 491.636 2161
-864.543 491.636 2161
-868.227 491.636 2161
-870.7 490.953 2158
-874.379 490.953 2158
-878.058 490.953 2158
-904.146 449.092 1974
-907.511 449.092 1974
-910.876 449.092 1974
-914.242 449.092 1974
-915.747 448.182 1970
-919.106 448.182 1970
-922.464 448.182 1970
-925.822 448.182 1970
-929.181 448.182 1970
-932.539 448.182 1970
-935.897 448.182 1970
-939.256 448.182 1970
-939.265 446.59 1963
-940.21 445.452 1958
-943.548 445.452 1958
-946.886 445.452 1958
-949.253 444.997 1956
-951.127 444.315 1953
-954.456 444.315 1953
-955.824 443.405 1949
-958.162 442.95 1947
-961.481 442.95 1947
-964.8 442.95 1947
-968.12 442.95 1947
-969.942 442.267 1944
-971.253 441.357 1940
-974.561 441.357 1940
-977.868 441.357 1940
-980.164 440.902 1938
-980.93 439.765 1933
-984.225 439.765 1933
-983.944 438.172 1926
-985.177 437.262 1922
-983.826 435.215 1913
-3.05312 109.963 487
-3.88333 109.963 487
-4.71355 109.963 487
-5.54376 109.963 487
-6.37397 109.963 487
-7.18939 109.738 486
-8.0179 109.738 486
-8.81 109.286 484
-9.61519 109.06 483
-10.4386 109.06 483
-11.262 109.06 483
-12.0854 109.06 483
-12.882 108.834 482
-13.7037 108.834 482
-14.5254 108.834 482
-15.3471 108.834 482
-16.1688 108.834 482
-16.9552 108.609 481
-17.7752 108.609 481
-18.5565 108.383 480
-19.2537 107.705 477
-19.8986 106.802 473
-20.5736 106.125 470
-21.3749 106.125 470
-22.0817 105.673 468
-22.8307 105.448 467
-23.5256 104.996 465
-24.3183 104.996 465
-25.057 104.77 464
-25.7923 104.544 463
-26.5242 104.319 462
-27.2527 104.093 461
-28.0386 104.093 461
-28.6994 103.641 459
-29.4176 103.415 458
-30.1984 103.415 458
-30.9792 103.415 458
-31.6906 103.19 457
-32.3986 102.964 456
-33.176 102.964 456
-33.9534 102.964 456
-82.8706 103.867 460
-84.2004 104.544 463
-84.9897 104.544 463
-85.779 104.544 463
-86.5683 104.544 463
-87.3576 104.544 463
-88.1469 104.544 463
-88.9362 104.544 463
-89.9193 104.77 464
-90.7103 104.77 464
-91.5013 104.77 464
-92.2923 104.77 464
-93.0833 104.77 464
-93.8743 104.77 464
-94.6653 104.77 464
-95.4563 104.77 464
-96.2473 104.77 464
-97.0383 104.77 464
-97.8293 104.77 464
-98.6203 104.77 464
-99.4113 104.77 464
-100.202 104.77 464
-100.993 104.77 464
-101.784 104.77 464
-102.796 104.996 465
-103.589 104.996 465
-104.382 104.996 465
-105.401 105.222 466
-106.423 105.448 467
-107.219 105.448 467
-108.015 105.448 467
-108.345 104.996 465
-841.269 487.271 2158
-844.948 487.271 2158
-848.627 487.271 2158
-852.306 487.271 2158
-855.985 487.271 2158
-860.859 487.949 2161
-864.543 487.949 2161
-868.227 487.949 2161
-931.147 442.563 1960
-934.488 442.563 1960
-937.829 442.563 1960
-937.809 440.983 1953
-941.139 440.983 1953
-944.468 440.983 1953
-946.827 440.531 1951
-950.153 440.531 1951
-953.479 440.531 1951
-954.843 439.628 1947
-956.686 438.951 1944
-959.012 438.499 1942
-962.323 438.499 1942
-964.639 438.047 1940
-967.946 438.047 1940
-971.253 438.047 1940
-974.561 438.047 1940
-977.868 438.047 1940
-978.646 436.919 1935
-980.93 436.467 1933
-984.225 436.467 1933
-983.944 434.886 1926
-985.177 433.983 1922
-981.768 431.048 1909
-3.05312 109.133 487
-3.88333 109.133 487
-4.71355 109.133 487
-5.54376 109.133 487
-6.36088 108.909 486
-7.1598 108.46 484
-7.9849 108.46 484
-8.7918 108.236 483
-9.59528 108.012 482
-10.417 108.012 482
-11.2387 108.012 482
-12.0603 108.012 482
-12.882 108.012 482
-13.6753 107.788 481
-14.4953 107.788 481
-15.3153 107.788 481
-16.1352 107.788 481
-16.92 107.564 480
-17.7383 107.564 480
-18.4406 106.892 477
-19.173 106.443 475
-19.8986 105.995 473
-20.6174 105.547 471
-21.4203 105.547 471
-22.1289 105.099 469
-22.8796 104.875 468
-23.5762 104.427 466
-24.3706 104.427 466
-25.111 104.203 465
-25.7923 103.754 463
-26.5242 103.53 462
-27.2527 103.306 461
-28.0386 103.306 461
-28.6994 102.858 459
-29.4176 102.634 458
-30.1984 102.634 458
-30.9792 102.634 458
-31.6906 102.41 457
-32.3986 102.186 456
-33.176 102.186 456
-33.9534 102.186 456
-82.8706 103.082 460
-84.2004 103.754 463
-84.9897 103.754 463
-85.779 103.754 463
-86.5683 103.754 463
-87.3576 103.754 463
-88.1469 103.754 463
-89.1283 103.978 464
-89.9193 103.978 464
-90.7103 103.978 464
-91.5013 103.978 464
-92.2923 103.978 464
-93.0833 103.978 464
-93.8743 103.978 464
-94.6653 103.978 464
-95.4563 103.978 464
-96.0398 103.754 463
-96.8291 103.754 463
-97.6184 103.754 463
-98.4077 103.754 463
-99.197 103.754 463
-100.202 103.978 464
-100.993 103.978 464
-101.784 103.978 464
-102.575 103.978 464
-103.366 103.978 464
-104.157 103.978 464
-105.401 104.427 466
-106.195 104.427 466
-106.99 104.427 466
-107.784 104.427 466
-108.345 104.203 465
-843.774 482.917 2155
-847.447 482.917 2155
-852.306 483.59 2158
-855.985 483.59 2158
-859.664 483.59 2158
-931.147 439.219 1960
-934.488 439.219 1960
-937.829 439.219 1960
-937.809 437.651 1953
-941.139 437.651 1953
-944.468 437.651 1953
-946.827 437.203 1951
-950.153 437.203 1951
-953.479 437.203 1951
-954.843 436.306 1947
-958.162 436.306 1947
-959.012 435.186 1942
-962.323 435.186 1942
-964.639 434.738 1940
-967.946 434.738 1940
-971.253 434.738 1940
-974.561 434.738 1940
-976.86 434.289 1938
-980.164 434.289 1938
-979.915 432.721 1931
-983.207 432.721 1931
-983.944 431.6 1926
-985.177 430.704 1922
-981.768 427.791 1909
-3.05312 108.302 487
-3.88333 108.302 487
-4.71355 108.302 487
-5.54376 108.302 487
-6.36088 108.079 486
-7.18939 108.079 486
-7.9849 107.635 484
-8.7918 107.412 483
-9.59528 107.19 482
-10.417 107.19 482
-11.2387 107.19 482
-12.0603 107.19 482
-12.8553 106.967 481
-13.6753 106.967 481
-14.4953 106.967 481
-15.3153 106.967 481
-16.1017 106.745 480
-16.8847 106.523 479
-17.7013 106.523 479
-18.4406 106.078 477
-19.1326 105.411 474
-19.8986 105.188 473
-20.6174 104.744 471
-21.4203 104.744 471
-22.1289 104.299 469
-22.8796 104.076 468
-23.6268 103.854 467
-24.4229 103.854 467
-25.111 103.409 465
-25.7923 102.964 463
-26.5242 102.742 462
-27.2527 102.52 461
-28.0386 102.52 461
-28.6994 102.075 459
-29.4176 101.853 458
-30.1984 101.853 458
-30.9792 101.853 458
-31.6906 101.63 457
-32.3986 101.408 456
-33.176 101.408 456
-33.9534 101.408 456
-82.8706 102.297 460
-84.2004 102.964 463
-84.9897 102.964 463
-85.9642 103.187 464
-86.7552 103.187 464
-87.5462 103.187 464
-88.3372 103.187 464
-89.3203 103.409 465
-90.113 103.409 465
-90.9058 103.409 465
-91.6985 103.409 465
-92.6901 103.632 466
-93.4845 103.632 466
-94.2789 103.632 466
-94.8693 103.409 465
-95.4563 103.187 464
-96.2473 103.187 464
-97.0383 103.187 464
-97.6184 102.964 463
-98.4077 102.964 463
-98.9828 102.742 462
-100.202 103.187 464
-100.993 103.187 464
-101.784 103.187 464
-102.575 103.187 464
-103.366 103.187 464
-104.157 103.187 464
-105.174 103.409 465
-106.195 103.632 466
-106.99 103.632 466
-107.784 103.632 466
-931.609 432.984 1947
-935.889 433.429 1949
-939.211 433.429 1949
-942.534 433.429 1949
-944.886 432.984 1947
-948.205 432.984 1947
-951.524 432.984 1947
-954.843 432.984 1947
-958.162 432.984 1947
-961.481 432.984 1947
-964.8 432.984 1947
-968.12 432.984 1947
-969.942 432.317 1944
-973.256 432.317 1944
-976.57 432.317 1944
-976.86 430.983 1938
-980.164 430.983 1938
-979.915 429.426 1931
-983.207 429.426 1931
-983.944 428.314 1926
-985.177 427.425 1922
-984.854 425.868 1915
-3.05312 107.471 487
-3.88333 107.471 487
-4.71355 107.471 487
-5.54376 107.471 487
-6.36088 107.25 486
-7.18939 107.25 486
-7.9849 106.809 484
-8.77359 106.367 482
-9.59528 106.367 482
-10.417 106.367 482
-11.2387 106.367 482
-12.0603 106.367 482
-12.8553 106.147 481
-13.6753 106.147 481
-14.4953 106.147 481
-15.3153 106.147 481
-16.1017 105.926 480
-16.8847 105.705 479
-17.7013 105.705 479
-18.4406 105.264 477
-19.1326 104.602 474
-19.8986 104.381 473
-20.6174 103.94 471
-21.4203 103.94 471
-22.1289 103.499 469
-22.8796 103.278 468
-23.6268 103.057 467
-24.4229 103.057 467
-25.111 102.616 465
-25.848 102.395 464
-26.5242 101.954 462
-27.2527 101.733 461
-28.0386 101.733 461
-28.7619 101.513 460
-29.4819 101.292 459
-30.1984 101.071 458
-30.9792 101.071 458
-31.6906 100.85 457
-32.3986 100.63 456
-33.176 100.63 456
-33.9534 100.63 456
-82.8706 101.513 460
-84.2004 102.175 463
-84.9897 102.175 463
-85.9642 102.395 464
-86.7552 102.395 464
-87.5462 102.395 464
-88.3372 102.395 464
-89.3203 102.616 465
-90.113 102.616 465
-91.1013 102.837 466
-91.8957 102.837 466
-92.6901 102.837 466
-93.4845 102.837 466
-94.2789 102.837 466
-94.8693 102.616 465
-95.4563 102.395 464
-96.2473 102.395 464
-97.0383 102.395 464
-97.6184 102.175 463
-98.4077 102.175 463
-98.9828 101.954 462
-100.202 102.395 464
-100.993 102.395 464
-102.004 102.616 465
-102.796 102.616 465
-103.589 102.616 465
-104.382 102.616 465
-105.174 102.616 465
-106.195 102.837 466
-106.99 102.837 466
-107.784 102.837 466
-944.886 429.663 1947
-948.205 429.663 1947
-951.524 429.663 1947
-954.843 429.663 1947
-958.162 429.663 1947
-961.481 429.663 1947
-964.8 429.663 1947
-968.12 429.663 1947
-969.942 429.001 1944
-973.256 429.001 1944
-976.57 429.001 1944
-976.86 427.677 1938
-980.164 427.677 1938
-979.915 426.132 1931
-983.207 426.132 1931
-983.944 425.028 1926
-985.177 424.146 1922
-984.854 422.601 1915
-3.05312 106.64 487
-3.88333 106.64 487
-4.71355 106.64 487
-5.54376 106.64 487
-6.36088 106.421 486
-7.18939 106.421 486
-7.9849 105.983 484
-8.77359 105.545 482
-9.59528 105.545 482
-10.417 105.545 482
-11.2387 105.545 482
-12.0353 105.326 481
-12.8553 105.326 481
-13.6753 105.326 481
-14.4953 105.326 481
-15.2834 105.107 480
-16.1017 105.107 480
-16.8495 104.669 478
-17.6643 104.669 478
-18.4019 104.231 476
-19.1326 103.793 474
-19.8986 103.574 473
-20.6174 103.136 471
-21.4203 103.136 471
-22.1289 102.698 469
-22.8796 102.479 468
-23.6268 102.261 467
-24.4229 102.261 467
-25.111 101.823 465
-25.848 101.604 464
-26.5242 101.166 462
-27.2527 100.947 461
-28.0386 100.947 461
-28.7619 100.728 460
-29.4819 100.509 459
-30.1984 100.29 458
-30.9792 100.29 458
-31.6906 100.071 457
-32.3986 99.8518 456
-33.176 99.8518 456
-33.9534 99.8518 456
-85.9642 101.604 464
-86.7552 101.604 464
-87.7349 101.823 465
-88.5276 101.823 465
-89.3203 101.823 465
-90.113 101.823 465
-91.1013 102.042 466
-91.8957 102.042 466
-92.6901 102.042 466
-93.4845 102.042 466
-94.2789 102.042 466
-94.8693 101.823 465
-95.4563 101.604 464
-96.2473 101.604 464
-97.0383 101.604 464
-97.6184 101.385 463
-98.4077 101.385 463
-98.9828 101.166 462
-100.202 101.604 464
-100.993 101.604 464
-102.004 101.823 465
-102.796 101.823 465
-103.589 101.823 465
-104.382 101.823 465
-105.174 101.823 465
-105.967 101.823 465
-106.76 101.823 465
-951.524 426.341 1947
-954.843 426.341 1947
-958.162 426.341 1947
-961.481 426.341 1947
-964.8 426.341 1947
-968.12 426.341 1947
-971.439 426.341 1947
-973.256 425.684 1944
-976.57 425.684 1944
-977.868 424.808 1940
-980.164 424.37 1938
-979.915 422.837 1931
-983.207 422.837 1931
-983.944 421.742 1926
-985.177 420.867 1922
-984.854 419.334 1915
-3.05312 105.809 487
-3.88333 105.809 487
-4.71355 105.809 487
-5.54376 105.809 487
-6.34779 105.375 485
-7.1746 105.375 485
-7.9849 105.157 484
-8.77359 104.723 482
-9.59528 104.723 482
-10.3954 104.506 481
-11.2153 104.506 481
-12.0353 104.506 481
-12.8553 104.506 481
-13.6469 104.288 480
-14.4651 104.288 480
-15.2834 104.288 480
-16.0682 104.071 479
-16.779 103.419 476
-17.5904 103.419 476
-18.3246 102.985 474
-19.0923 102.767 473
-19.8565 102.55 472
-20.6174 102.333 471
-21.4203 102.333 471
-22.1289 101.898 469
-22.8796 101.681 468
-23.6268 101.464 467
-24.4229 101.464 467
-25.165 101.246 466
-25.848 100.812 464
-26.5816 100.595 463
-27.3709 100.595 463
-28.0994 100.377 462
-28.8245 100.16 461
-29.4819 99.7256 459
-30.1984 99.5084 458
-30.9792 99.5084 458
-31.6906 99.2911 457
-32.3986 99.0738 456
-86.7552 100.812 464
-87.7349 101.029 465
-88.5276 101.029 465
-89.3203 101.029 465
-90.113 101.029 465
-91.1013 101.246 466
-91.8957 101.246 466
-92.6901 101.246 466
-93.4845 101.246 466
-94.2789 101.246 466
-94.8693 101.029 465
-95.4563 100.812 464
-96.2473 100.812 464
-97.0383 100.812 464
-97.1968 100.16 461
-97.9827 100.16 461
-98.7685 100.16 461
-100.202 100.812 464
-100.993 100.812 464
-102.004 101.029 465
-102.796 101.029 465
-103.589 101.029 465
-104.382 101.029 465
-951.524 423.019 1947
-954.843 423.019 1947
-958.162 423.019 1947
-961.481 423.019 1947
-964.8 423.019 1947
-968.12 423.019 1947
-971.439 423.019 1947
-973.256 422.367 1944
-976.57 422.367 1944
-977.868 421.498 1940
-980.164 421.064 1938
-979.915 419.543 1931
-983.207 419.543 1931
-983.944 418.457 1926
-984.152 417.153 1920
-983.826 415.632 1913
-3.05312 104.978 487
-3.88333 104.978 487
-4.71355 104.978 487
-5.54376 104.978 487
-6.34779 104.547 485
-7.1746 104.547 485
-7.9849 104.332 484
-8.77359 103.9 482
-9.59528 103.9 482
-10.3954 103.685 481
-11.2153 103.685 481
-12.0353 103.685 481
-12.8286 103.469 480
-13.6469 103.469 480
-14.4651 103.469 480
-15.2516 103.254 479
-16.0011 102.823 477
-16.7437 102.391 475
-17.5535 102.391 475
-18.2859 101.96 473
-19.0519 101.745 472
-19.8565 101.745 472
-20.5736 101.314 470
-21.3749 101.314 470
-22.1289 101.098 469
-22.8796 100.883 468
-23.6268 100.667 467
-24.4229 100.667 467
-25.165 100.451 466
-25.848 100.02 464
-26.5816 99.8048 463
-27.3709 99.8048 463
-28.1602 99.8048 463
-28.887 99.5892 462
-29.5461 99.1581 460
-30.3303 99.1581 460
-31.1145 99.1581 460
-31.76 98.727 458
-32.3986 98.2958 456
-86.7552 100.02 464
-87.7349 100.236 465
-88.5276 100.236 465
-89.3203 100.236 465
-90.113 100.236 465
-90.9058 100.236 465
-91.6985 100.236 465
-91.8099 94.6313 439
-92.7691 94.8469 440
-96.9199 98.2958 456
-97.6973 98.2958 456
-100.202 100.02 464
-100.993 100.02 464
-101.784 100.02 464
-961.481 419.697 1947
-964.8 419.697 1947
-968.12 419.697 1947
-971.439 419.697 1947
-973.256 419.051 1944
-976.57 419.051 1944
-977.868 418.188 1940
-980.164 417.757 1938
-981.945 417.111 1935
-983.207 416.248 1931
-983.944 415.171 1926
-984.152 413.877 1920
-983.826 412.368 1913
-3.05312 104.147 487
-3.88333 104.147 487
-4.71355 104.147 487
-5.54376 104.147 487
-6.34779 103.72 485
-7.1746 103.72 485
-7.9849 103.506 484
-8.77359 103.078 482
-9.57538 102.864 481
-10.3954 102.864 481
-11.2153 102.864 481
-12.0353 102.864 481
-12.8286 102.65 480
-13.6469 102.65 480
-14.4651 102.65 480
-15.2516 102.437 479
-16.0011 102.009 477
-16.7437 101.581 475
-17.5535 101.581 475
-18.2859 101.153 473
-19.0519 100.94 472
-19.8565 100.94 472
-20.5736 100.512 470
-21.3749 100.512 470
-22.1289 100.298 469
-22.8796 100.084 468
-23.6774 100.084 468
-24.4752 100.084 468
-25.219 99.8703 467
-25.9037 99.4426 465
-26.639 99.2287 464
-27.43 99.2287 464
-28.1602 99.0148 463
-28.887 98.801 462
-29.6103 98.5871 461
-30.3962 98.5871 461
-31.1145 98.3733 460
-31.76 97.9456 458
-87.7349 99.4426 465
-88.5276 99.4426 465
-89.3203 99.4426 465
-85.9796 93.2408 436
-86.9218 93.4546 437
-87.6668 93.4546 437
-88.6141 93.6685 438
-89.5648 93.8823 439
-90.3132 93.8823 439
-91.0615 93.8823 439
-91.8099 93.8823 439
-92.7691 94.0962 440
-96.9199 97.5179 456
-97.6973 97.5179 456
-100.202 99.2287 464
-100.993 99.2287 464
-101.784 99.2287 464
-961.332 414.879 1940
-964.639 414.879 1940
-968.944 415.306 1942
-972.255 415.306 1942
-975.565 415.306 1942
-977.868 414.879 1940
-978.646 413.809 1935
-981.945 413.809 1935
-983.207 412.954 1931
-981.901 411.029 1922
-981.589 409.532 1915
-982.797 408.677 1911
-2.22291 103.316 487
-3.05312 103.316 487
-3.88333 103.316 487
-4.71355 103.316 487
-5.53238 103.104 486
-6.34779 102.892 485
-7.1746 102.892 485
-7.9849 102.68 484
-8.77359 102.256 482
-9.57538 102.044 481
-10.3954 102.044 481
-11.2153 102.044 481
-12.0103 101.831 480
-12.8286 101.831 480
-13.6184 101.619 479
-14.435 101.619 479
-15.2197 101.407 478
-15.934 100.771 475
-16.6732 100.346 473
-17.4796 100.346 473
-18.2859 100.346 473
-19.0519 100.134 472
-19.8145 99.9221 471
-20.5736 99.71 470
-21.3749 99.71 470
-22.1289 99.4978 469
-22.8796 99.2857 468
-23.6774 99.2857 468
-24.4752 99.2857 468
-25.219 99.0735 467
-25.9037 98.6492 465
-26.639 98.4371 464
-27.43 98.4371 464
-28.1602 98.2249 463
-28.887 98.0128 462
-29.6103 97.8006 461
-30.3962 97.8006 461
-31.1145 97.5885 460
-31.76 97.1642 458
-83.7498 92.4969 436
-84.4931 92.4969 436
-85.2364 92.4969 436
-85.9796 92.4969 436
-86.9218 92.709 437
-87.6668 92.709 437
-88.6141 92.9212 438
-89.5648 93.1333 439
-90.3132 93.1333 439
-91.0615 93.1333 439
-91.8099 93.1333 439
-92.7691 93.3455 440
-93.9443 93.7698 442
-94.6978 93.7698 442
-95.4513 93.7698 442
-95.7695 93.3455 440
-96.5196 93.3455 440
-969.114 413.478 1949
-972.437 413.478 1949
-975.759 413.478 1949
-979.082 413.478 1949
-978.876 411.993 1942
-982.187 411.993 1942
-985.497 411.993 1942
-985.244 410.508 1935
-986.499 409.659 1931
-985.177 407.75 1922
-988.454 407.75 1922
-0.562486 102.486 487
-1.3927 102.486 487
-2.22291 102.486 487
-3.05312 102.486 487
-3.88333 102.486 487
-4.71355 102.486 487
-5.53238 102.275 486
-6.33471 101.854 484
-7.1598 101.854 484
-7.9684 101.644 483
-8.75539 101.223 481
-9.57538 101.223 481
-10.3737 101.013 480
-11.192 101.013 480
-12.0103 101.013 480
-12.8019 100.802 479
-13.59 100.592 478
-14.4049 100.592 478
-15.1561 100.171 476
-15.9004 99.7499 474
-16.6732 99.5394 473
-17.4796 99.5394 473
-18.2473 99.329 472
-19.0519 99.329 472
-19.8145 99.1185 471
-20.5736 98.9081 470
-21.3749 98.9081 470
-22.1289 98.6976 469
-22.8796 98.4872 468
-23.6774 98.4872 468
-24.4752 98.4872 468
-25.219 98.2768 467
-25.9037 97.8559 465
-26.639 97.6454 464
-27.43 97.6454 464
-28.1602 97.435 463
-28.887 97.2245 462
-29.6103 97.0141 461
-30.3962 97.0141 461
-31.1145 96.8037 460
-81.1461 91.3321 434
-81.8859 91.3321 434
-82.8162 91.5426 435
-83.7498 91.753 436
-84.4931 91.753 436
-85.2364 91.753 436
-85.9796 91.753 436
-86.9218 91.9635 437
-87.6668 91.9635 437
-88.6141 92.1739 438
-89.5648 92.3844 439
-90.3132 92.3844 439
-91.0615 92.3844 439
-91.8099 92.3844 439
-92.7691 92.5948 440
-93.5192 92.5948 440
-94.2693 92.5948 440
-95.0194 92.5948 440
-95.7695 92.5948 440
-96.5196 92.5948 440
-969.114 410.153 1949
-972.437 410.153 1949
-975.759 410.153 1949
-979.082 410.153 1949
-982.404 410.153 1949
-983.198 409.101 1944
-986.512 409.101 1944
-985.244 407.207 1935
-988.542 407.207 1935
-987.228 405.313 1926
-990.511 405.313 1926
-0.562486 101.655 487
-1.3927 101.655 487
-2.22291 101.655 487
-3.05312 101.655 487
-3.88333 101.655 487
-4.71355 101.655 487
-5.53238 101.446 486
-6.33471 101.029 484
-7.1598 101.029 484
-7.9684 100.82 483
-8.75539 100.402 481
-9.57538 100.402 481
-10.3737 100.194 480
-11.192 100.194 480
-11.9853 99.9848 479
-12.8019 99.9848 479
-13.5616 99.5674 477
-14.3747 99.5674 477
-15.1561 99.3586 476
-15.9004 98.9412 474
-16.6732 98.7324 473
-17.4796 98.7324 473
-18.2473 98.5237 472
-19.0519 98.5237 472
-19.8145 98.315 471
-20.6174 98.315 471
-21.3749 98.1062 470
-22.1289 97.8975 469
-22.8796 97.6888 468
-23.6774 97.6888 468
-24.4752 97.6888 468
-25.219 97.48 467
-25.9037 97.0625 465
-26.639 96.8538 464
-27.43 96.8538 464
-28.1602 96.6451 463
-28.887 96.4363 462
-29.6103 96.2276 461
-30.3962 96.2276 461
-31.1145 96.0189 460
-79.4828 90.383 433
-80.2209 90.383 433
-81.1461 90.5917 434
-81.8859 90.5917 434
-82.8162 90.8004 435
-83.7498 91.0092 436
-84.4931 91.0092 436
-85.2364 91.0092 436
-85.9796 91.0092 436
-86.9218 91.2179 437
-87.6668 91.2179 437
-88.6141 91.4267 438
-89.5648 91.6354 439
-90.3132 91.6354 439
-91.0615 91.6354 439
-91.8099 91.6354 439
-92.5583 91.6354 439
-93.5192 91.8441 440
-94.2693 91.8441 440
-95.0194 91.8441 440
-95.7695 91.8441 440
-96.5196 91.8441 440
-969.114 406.828 1949
-972.437 406.828 1949
-975.759 406.828 1949
-979.082 406.828 1949
-982.404 406.828 1949
-983.198 405.784 1944
-986.512 405.784 1944
-985.244 403.905 1935
-988.542 403.905 1935
-993.379 404.532 1938
-996.683 404.532 1938
-0.562486 100.824 487
-1.3927 100.824 487
-2.22291 100.824 487
-3.05312 100.824 487
-3.88333 100.824 487
-4.70387 100.617 486
-5.53238 100.617 486
-6.33471 100.203 484
-7.1598 100.203 484
-7.9684 99.9958 483
-8.75539 99.5817 481
-9.55547 99.3747 480
-10.3737 99.3747 480
-11.192 99.3747 480
-11.9853 99.1676 479
-12.8019 99.1676 479
-13.5616 98.7536 477
-14.3747 98.7536 477
-15.1561 98.5465 476
-15.9004 98.1325 474
-16.6732 97.9254 473
-17.4796 97.9254 473
-18.2473 97.7184 472
-19.0519 97.7184 472
-19.8145 97.5114 471
-20.6174 97.5114 471
-21.3749 97.3044 470
-22.1289 97.0973 469
-22.8796 96.8903 468
-23.6774 96.8903 468
-24.4752 96.8903 468
-25.219 96.6833 467
-25.9037 96.2692 465
-26.639 96.0622 464
-27.43 96.0622 464
-28.221 96.0622 464
-28.9495 95.8551 463
-29.6103 95.4411 461
-30.3962 95.4411 461
-31.1145 95.234 460
-79.4828 89.6442 433
-80.2209 89.6442 433
-81.1461 89.8512 434
-81.8859 89.8512 434
-82.8162 90.0583 435
-83.7498 90.2653 436
-84.4931 90.2653 436
-85.2364 90.2653 436
-85.9796 90.2653 436
-86.9218 90.4723 437
-87.6668 90.4723 437
-88.6141 90.6794 438
-89.5648 90.8864 439
-90.3132 90.8864 439
-91.0615 90.8864 439
-91.8099 90.8864 439
-92.5583 90.8864 439
-93.5192 91.0934 440
-94.2693 91.0934 440
-95.0194 91.0934 440
-95.7695 91.0934 440
-96.5196 91.0934 440
-969.114 403.503 1949
-972.437 403.503 1949
-975.759 403.503 1949
-979.082 403.503 1949
-982.404 403.503 1949
-983.198 402.467 1944
-986.512 402.467 1944
-985.244 400.604 1935
-988.542 400.604 1935
-993.379 401.225 1938
-996.683 401.225 1938
-0.562486 99.993 487
-1.3927 99.993 487
-2.22291 99.993 487
-3.05312 99.993 487
-3.88333 99.993 487
-4.70387 99.7877 486
-5.52099 99.5824 485
-6.33471 99.377 484
-7.1598 99.377 484
-7.9684 99.1717 483
-8.75539 98.761 481
-9.55547 98.5557 480
-10.3737 98.5557 480
-11.192 98.5557 480
-11.9853 98.3504 479
-12.7751 98.1451 478
-13.5616 97.9398 477
-14.3747 97.9398 477
-15.1561 97.7344 476
-15.9004 97.3238 474
-16.6732 97.1185 473
-17.4796 97.1185 473
-18.2473 96.9131 472
-19.0115 96.7078 471
-19.8145 96.7078 471
-20.6174 96.7078 471
-21.3749 96.5025 470
-22.1289 96.2972 469
-22.8796 96.0918 468
-23.6268 95.8865 467
-24.4229 95.8865 467
-25.219 95.8865 467
-25.9037 95.4759 465
-26.639 95.2705 464
-27.43 95.2705 464
-28.221 95.2705 464
-28.9495 95.0652 463
-29.6103 94.6546 461
-30.3962 94.6546 461
-31.1145 94.4492 460
-78.0065 88.9055 433
-78.7446 88.9055 433
-79.4828 88.9055 433
-80.2209 88.9055 433
-81.1461 89.1108 434
-81.8859 89.1108 434
-82.6258 89.1108 434
-83.5577 89.3161 435
-84.2993 89.3161 435
-85.0409 89.3161 435
-85.7824 89.3161 435
-86.7229 89.5215 436
-87.4662 89.5215 436
-88.4118 89.7268 437
-89.5648 90.1374 439
-90.3132 90.1374 439
-91.0615 90.1374 439
-91.8099 90.1374 439
-92.5583 90.1374 439
-93.3067 90.1374 439
-94.0551 90.1374 439
-95.0194 90.3428 440
-95.7695 90.3428 440
-96.5196 90.3428 440
-981.945 397.303 1935
-985.244 397.303 1935
-988.542 397.303 1935
-999.017 400.177 1949
-1002.34 400.177 1949
-0.562486 99.1621 487
-1.3927 99.1621 487
-2.22291 99.1621 487
-3.04685 98.9585 486
-3.87536 98.9585 486
-4.70387 98.9585 486
-5.52099 98.7549 485
-6.32162 98.3476 483
-7.14501 98.3476 483
-7.95191 98.144 482
-8.75539 97.9404 481
-9.55547 97.7368 480
-10.3521 97.5332 479
-11.1687 97.5332 479
-11.9853 97.5332 479
-12.7484 97.1259 477
-13.5331 96.9223 476
-14.3446 96.9223 476
-15.0924 96.5151 474
-15.8669 96.3115 473
-16.638 96.1078 472
-17.4426 96.1078 472
-18.2473 96.1078 472
-19.0115 95.9042 471
-19.8145 95.9042 471
-20.6174 95.9042 471
-21.3749 95.7006 470
-22.1289 95.497 469
-22.8796 95.2934 468
-23.6774 95.2934 468
-24.4752 95.2934 468
-25.219 95.0898 467
-25.9037 94.6825 465
-26.6964 94.6825 465
-27.4891 94.6825 465
-28.221 94.4789 464
-28.9495 94.2753 463
-74.5667 86.7414 426
-75.293 86.7414 426
-76.1976 86.945 427
-78.0065 88.1667 433
-78.7446 88.1667 433
-79.4828 88.1667 433
-80.2209 88.1667 433
-80.9591 88.1667 433
-81.6973 88.1667 433
-82.6258 88.3704 434
-83.3656 88.3704 434
-84.1055 88.3704 434
-84.8454 88.3704 434
-85.5852 88.3704 434
-86.524 88.574 435
-87.2656 88.574 435
-88.2094 88.7776 436
-89.1567 88.9812 437
-90.1074 89.1848 438
-90.8541 89.1848 438
-91.8099 89.3885 439
-92.5583 89.3885 439
-93.3067 89.3885 439
-94.0551 89.3885 439
-94.8035 89.3885 439
-999.017 396.852 1949
-1002.34 396.852 1949
-0.562486 98.3313 487
-1.3927 98.3313 487
-2.22291 98.3313 487
-3.04685 98.1293 486
-3.87536 98.1293 486
-4.70387 98.1293 486
-5.52099 97.9274 485
-6.32162 97.5236 483
-7.14501 97.5236 483
-7.95191 97.3217 482
-8.75539 97.1198 481
-9.55547 96.9179 480
-10.3521 96.716 479
-11.1687 96.716 479
-11.9352 96.3121 477
-12.7217 96.1102 476
-13.5047 95.9083 475
-14.3145 95.9083 475
-15.0924 95.7064 474
-15.8669 95.5045 473
-16.638 95.3026 472
-17.4426 95.3026 472
-18.2473 95.3026 472
-19.0115 95.1007 471
-19.8145 95.1007 471
-20.6174 95.1007 471
-21.3749 94.8987 470
-22.1289 94.6968 469
-22.9284 94.6968 469
-23.6774 94.4949 468
-24.4752 94.4949 468
-25.273 94.4949 468
-25.9594 94.0911 466
-26.6964 93.8892 465
-27.4891 93.8892 465
-28.221 93.6873 464
-29.012 93.6873 464
-74.5667 86.0146 426
-75.293 86.0146 426
-76.1976 86.2165 427
-78.0065 87.428 433
-78.7446 87.428 433
-79.4828 87.428 433
-80.2209 87.428 433
-80.9591 87.428 433
-81.6973 87.428 433
-82.6258 87.6299 434
-83.3656 87.6299 434
-84.1055 87.6299 434
-84.8454 87.6299 434
-85.5852 87.6299 434
-86.3251 87.6299 434
-87.0649 87.6299 434
-88.0071 87.8318 435
-89.1567 88.2356 437
-89.9017 88.2356 437
-90.6467 88.2356 437
-91.6008 88.4376 438
-92.5583 88.6395 439
-93.3067 88.6395 439
-94.0551 88.6395 439
-94.8035 88.6395 439
-999.017 393.527 1949
-1002.34 393.527 1949
-0.561331 97.3002 486
-1.38984 97.3002 486
-2.21835 97.3002 486
-3.04685 97.3002 486
-3.87536 97.3002 486
-4.70387 97.3002 486
-5.52099 97.1 485
-6.32162 96.6996 483
-7.14501 96.6996 483
-7.95191 96.4994 482
-8.73719 96.0989 480
-9.53556 95.8987 479
-10.3521 95.8987 479
-11.1687 95.8987 479
-11.9352 95.4983 477
-12.7217 95.2981 476
-13.5047 95.0979 475
-14.3145 95.0979 475
-15.0924 94.8977 474
-15.8669 94.6975 473
-16.638 94.4973 472
-17.4426 94.4973 472
-18.2473 94.4973 472
-19.0519 94.4973 472
-19.8145 94.2971 471
-20.6174 94.2971 471
-21.3749 94.0969 470
-22.1761 94.0969 470
-22.9284 93.8967 469
-23.728 93.8967 469
-24.5275 93.8967 469
-25.273 93.6965 468
-25.9594 93.2961 466
-26.7538 93.2961 466
-27.5483 93.2961 466
-28.221 92.8956 464
-29.012 92.8956 464
-74.5667 85.2878 426
-75.293 85.2878 426
-76.1976 85.488 427
-78.0065 86.6893 433
-78.7446 86.6893 433
-79.4828 86.6893 433
-80.2209 86.6893 433
-80.9591 86.6893 433
-81.6973 86.6893 433
-82.4354 86.6893 433
-83.1736 86.6893 433
-84.1055 86.8895 434
-84.8454 86.8895 434
-85.5852 86.8895 434
-86.3251 86.8895 434
-87.0649 86.8895 434
-88.0071 87.0897 435
-89.1567 87.4901 437
-89.9017 87.4901 437
-90.6467 87.4901 437
-91.6008 87.6903 438
-92.5583 87.8905 439
-93.3067 87.8905 439
-94.0551 87.8905 439
-94.8035 87.8905 439
0.266627 96.2725 485
-0.561331 96.471 486
-1.38984 96.471 486
-2.21835 96.471 486
-3.04685 96.471 486
-3.87536 96.471 486
-4.69419 96.2725 485
-5.50961 96.074 484
-6.30853 95.677 482
-7.13022 95.677 482
-7.95191 95.677 482
-8.73719 95.28 480
-9.53556 95.0815 479
-10.3305 94.883 478
-11.1454 94.883 478
-11.9102 94.486 476
-12.695 94.2875 475
-13.4763 94.089 474
-14.2843 94.089 474
-15.0924 94.089 474
-15.8669 93.8905 473
-16.638 93.692 472
-17.4426 93.692 472
-18.2473 93.692 472
-19.0519 93.692 472
-19.8145 93.4935 471
-20.6174 93.4935 471
-21.3749 93.295 470
-22.1761 93.295 470
-22.9284 93.0965 469
-23.728 93.0965 469
-24.5275 93.0965 469
-25.273 92.898 468
-25.9594 92.501 466
-26.7538 92.501 466
-27.5483 92.501 466
-28.221 92.104 464
-29.012 92.104 464
-75.293 84.561 426
-76.1976 84.7595 427
-77.8263 85.752 432
-78.5628 85.752 432
-79.4828 85.9505 433
-80.2209 85.9505 433
-80.9591 85.9505 433
-81.6973 85.9505 433
-82.4354 85.9505 433
-83.1736 85.9505 433
-83.9117 85.9505 433
-84.6499 85.9505 433
-85.5852 86.149 434
-86.3251 86.149 434
-87.0649 86.149 434
-88.0071 86.3475 435
-88.9527 86.546 436
-89.9017 86.7445 437
-90.6467 86.7445 437
-91.3917 86.7445 437
-92.3475 86.943 438
-93.0942 86.943 438
-93.8408 86.943 438
0.266627 95.4451 485
-0.560176 95.4451 485
-1.38698 95.4451 485
-2.21378 95.4451 485
-3.04058 95.4451 485
-3.86739 95.4451 485
-4.68451 95.2483 484
-5.49822 95.0515 483
-6.30853 94.8547 482
-7.13022 94.8547 482
-7.93541 94.6579 481
-8.71899 94.2643 479
-9.51565 94.0675 478
-10.3089 93.8707 477
-11.1221 93.8707 477
-11.8852 93.4771 475
-12.695 93.4771 475
-13.4763 93.2803 474
-14.2843 93.2803 474
-15.0605 93.0835 473
-15.8333 92.8867 472
-16.638 92.8867 472
-17.4426 92.8867 472
-18.2473 92.8867 472
-19.0519 92.8867 472
-19.8145 92.6899 471
-20.6174 92.6899 471
-21.3749 92.4931 470
-22.1761 92.4931 470
-22.9284 92.2963 469
-23.728 92.2963 469
-24.5275 92.2963 469
-25.273 92.0996 468
-25.9594 91.706 466
-26.7538 91.706 466
-27.5483 91.706 466
-28.221 91.3124 464
-29.012 91.3124 464
-75.293 83.8342 426
-76.1976 84.031 427
-77.8263 85.015 432
-78.5628 85.015 432
-79.2992 85.015 432
-80.0357 85.015 432
-80.9591 85.2118 433
-81.6973 85.2118 433
-82.4354 85.2118 433
-83.1736 85.2118 433
-83.9117 85.2118 433
-84.6499 85.2118 433
-85.5852 85.4086 434
-86.3251 85.4086 434
-87.0649 85.4086 434
-88.0071 85.6053 435
-88.9527 85.8021 436
-89.696 85.8021 436
-90.4393 85.8021 436
-91.3917 85.9989 437
-92.1366 85.9989 437
-92.8816 85.9989 437
1.09343 94.6176 485
0.266627 94.6176 485
-0.560176 94.6176 485
-1.38698 94.6176 485
-2.21378 94.6176 485
-3.04058 94.6176 485
-3.86739 94.6176 485
-4.68451 94.4225 484
-5.49822 94.2274 483
-6.30853 94.0323 482
-7.13022 94.0323 482
-7.93541 93.8372 481
-8.71899 93.4471 479
-9.51565 93.252 478
-10.3089 93.0569 477
-11.1221 93.0569 477
-11.8852 92.6667 475
-12.6682 92.4716 474
-13.4763 92.4716 474
-14.2843 92.4716 474
-15.0605 92.2765 473
-15.8333 92.0814 472
-16.638 92.0814 472
-17.4426 92.0814 472
-18.2473 92.0814 472
-19.0519 92.0814 472
-19.8145 91.8864 471
-20.6174 91.8864 471
-21.3749 91.6913 470
-22.1761 91.6913 470
-22.9284 91.4962 469
-23.728 91.4962 469
-24.5275 91.4962 469
-25.273 91.3011 468
-25.9594 90.9109 466
-26.6964 90.7158 465
-27.4891 90.7158 465
-28.2818 90.7158 465
-29.012 90.5207 464
-74.2167 82.7172 424
-75.293 83.1074 426
-76.1976 83.3025 427
-77.8263 84.2779 432
-78.5628 84.2779 432
-79.2992 84.2779 432
-80.0357 84.2779 432
-80.9591 84.473 433
-81.6973 84.473 433
-82.4354 84.473 433
-83.1736 84.473 433
-83.9117 84.473 433
-84.6499 84.473 433
-85.5852 84.6681 434
-86.3251 84.6681 434
-87.0649 84.6681 434
-88.0071 84.8632 435
-88.7487 84.8632 435
-89.696 85.0583 436
-90.4393 85.0583 436
-91.1825 85.0583 436
1.09343 93.7901 485
0.266627 93.7901 485
-0.560176 93.7901 485
-1.38698 93.7901 485
-2.21378 93.7901 485
-3.04058 93.7901 485
-3.86739 93.7901 485
-4.68451 93.5967 484
-5.49822 93.4034 483
-6.29544 93.0166 481
-7.11543 93.0166 481
-7.91891 92.8232 480
-8.71899 92.6298 479
-9.51565 92.4365 478
-10.3089 92.2431 477
-11.1221 92.2431 477
-11.8852 91.8563 475
-12.6682 91.6629 474
-13.4763 91.6629 474
-14.2843 91.6629 474
-15.0605 91.4696 473
-15.8333 91.2762 472
-16.638 91.2762 472
-17.4426 91.2762 472
-18.2473 91.2762 472
-19.0519 91.2762 472
-19.8145 91.0828 471
-20.6174 91.0828 471
-21.3749 90.8894 470
-22.1761 90.8894 470
-22.9284 90.696 469
-23.728 90.696 469
-24.5275 90.696 469
-25.273 90.5026 468
-25.9594 90.1159 466
-26.6964 89.9225 465
-27.4891 89.9225 465
-28.2818 89.9225 465
-29.012 89.7291 464
-74.2167 81.9938 424
-75.293 82.3806 426
-76.0192 82.3806 426
-77.466 83.1541 430
-78.1991 83.1541 430
-79.2992 83.5409 432
-80.0357 83.5409 432
-80.7721 83.5409 432
-81.6973 83.7343 433
-82.4354 83.7343 433
-83.1736 83.7343 433
-83.9117 83.7343 433
-84.6499 83.7343 433
-85.5852 83.9277 434
-86.3251 83.9277 434
-87.0649 83.9277 434
-88.0071 84.121 435
-88.7487 84.121 435
-89.696 84.3144 436
-90.4393 84.3144 436
-91.1825 84.3144 436
1.09343 92.9627 485
0.266627 92.9627 485
-0.560176 92.9627 485
-1.38698 92.9627 485
-2.21378 92.9627 485
-3.03431 92.771 484
-3.85941 92.771 484
-4.67483 92.5793 483
-5.48684 92.3876 482
-6.29544 92.196 481
-7.11543 92.196 481
-7.91891 92.0043 480
-8.71899 91.8126 479
-9.49575 91.4293 477
-10.2873 91.2376 476
-11.0988 91.2376 476
-11.8852 91.0459 475
-12.6682 90.8542 474
-13.4763 90.8542 474
-14.2843 90.8542 474
-15.0605 90.6626 473
-15.8333 90.4709 472
-16.638 90.4709 472
-17.4426 90.4709 472
-18.2473 90.4709 472
-19.0115 90.2792 471
-19.8145 90.2792 471
-20.6174 90.2792 471
-21.3749 90.0875 470
-22.1761 90.0875 470
-22.9284 89.8959 469
-23.728 89.8959 469
-24.4752 89.7042 468
-25.273 89.7042 468
-25.9594 89.3208 466
-26.6964 89.1292 465
-27.4891 89.1292 465
-28.2818 89.1292 465
-74.2167 81.2705 424
-74.9395 81.2705 424
-76.0192 81.6538 426
-77.466 82.4205 430
-78.1991 82.4205 430
-79.1157 82.6122 431
-80.0357 82.8039 432
-80.7721 82.8039 432
-81.5086 82.8039 432
-82.245 82.8039 432
-83.1736 82.9955 433
-83.9117 82.9955 433
-84.6499 82.9955 433
-85.388 82.9955 433
-86.3251 83.1872 434
-87.0649 83.1872 434
-87.8048 83.1872 434
-88.7487 83.3789 435
-89.4903 83.3789 435
-90.2318 83.3789 435
-90.9734 83.3789 435
1.09343 92.1352 485
0.266627 92.1352 485
-0.560176 92.1352 485
-1.38698 92.1352 485
-2.20922 91.9452 484
-3.03431 91.9452 484
-3.85941 91.9452 484
-4.67483 91.7553 483
-5.48684 91.5653 482
-6.29544 91.3753 481
-7.11543 91.3753 481
-7.91891 91.1854 480
-8.71899 90.9954 479
-9.49575 90.6154 477
-10.2873 90.4255 476
-11.0988 90.4255 476
-11.8852 90.2355 475
-12.6682 90.0455 474
-13.4763 90.0455 474
-14.2843 90.0455 474
-15.0605 89.8556 473
-15.8333 89.6656 472
-16.638 89.6656 472
-17.4426 89.6656 472
-18.2473 89.6656 472
-19.0115 89.4756 471
-19.8145 89.4756 471
-20.6174 89.4756 471
-21.3749 89.2857 470
-22.1761 89.2857 470
-22.9284 89.0957 469
-23.728 89.0957 469
-24.5275 89.0957 469
-25.273 88.9057 468
-25.9594 88.5258 466
-26.6964 88.3358 465
-27.4891 88.3358 465
-75.6623 80.5471 424
-77.1057 81.3069 428
-77.8353 81.3069 428
-78.9321 81.6869 430
-80.0357 82.0668 432
-80.7721 82.0668 432
-81.5086 82.0668 432
-82.245 82.0668 432
-82.9815 82.0668 432
-83.7179 82.0668 432
-84.4544 82.0668 432
-85.388 82.2568 433
-86.1262 82.2568 433
-86.8643 82.2568 433
-87.8048 82.4468 434
-88.5447 82.4468 434
-89.2845 82.4468 434
-90.0244 82.4468 434
-90.346 82.0668 432
1124.53 769.809 4089
1117.56 769.809 4089
1110.59 769.809 4089
1103.62 769.809 4089
1096.65 769.809 4089
1.09343 91.3077 485
0.266627 91.3077 485
-0.560176 91.3077 485
-1.38698 91.3077 485
-2.20922 91.1195 484
-3.03431 91.1195 484
-3.85941 91.1195 484
-4.67483 90.9312 483
-5.48684 90.743 482
-6.29544 90.5547 481
-7.11543 90.5547 481
-7.91891 90.3664 480
-8.71899 90.1782 479
-9.49575 89.8016 477
-10.2873 89.6134 476
-11.0988 89.6134 476
-11.8852 89.4251 475
-12.6682 89.2369 474
-13.4763 89.2369 474
-14.2843 89.2369 474
-15.0924 89.2369 474
-15.8669 89.0486 473
-16.638 88.8603 472
-17.4426 88.8603 472
-18.2473 88.8603 472
-19.0115 88.6721 471
-19.8145 88.6721 471
-20.6174 88.6721 471
-21.4203 88.6721 471
-22.1761 88.4838 470
-22.9284 88.2955 469
-23.728 88.2955 469
-24.5275 88.2955 469
-25.327 88.2955 469
-25.9594 87.7307 466
-26.7538 87.7307 466
-27.4891 87.5425 465
-75.6623 79.8237 424
-77.1057 80.5767 428
-77.8353 80.5767 428
-78.9321 80.9533 430
-80.0357 81.3298 432
-80.7721 81.3298 432
-81.5086 81.3298 432
-82.245 81.3298 432
-82.9815 81.3298 432
-83.7179 81.3298 432
-84.4544 81.3298 432
-85.388 81.5181 433
-86.1262 81.5181 433
-86.8643 81.5181 433
-87.6025 81.5181 433
-88.3407 81.5181 433
-89.0788 81.5181 433
-89.817 81.5181 433
-90.346 81.3298 432
-91.0824 81.3298 432
-91.8189 81.3298 432
1124.53 762.833 4089
1117.56 762.833 4089
1110.59 762.833 4089
1103.62 762.833 4089
1096.65 762.833 4089
1.09343 90.4803 485
0.266627 90.4803 485
-0.560176 90.4803 485
-1.38698 90.4803 485
-2.20922 90.2937 484
-3.02805 90.1072 483
-3.85144 90.1072 483
-4.67483 90.1072 483
-5.47546 89.7341 481
-6.28235 89.5475 480
-7.10063 89.5475 480
-7.91891 89.5475 480
-8.71899 89.3609 479
-9.49575 88.9878 477
-10.2873 88.8013 476
-11.0988 88.8013 476
-11.8852 88.6147 475
-12.6682 88.4282 474
-13.4763 88.4282 474
-14.2843 88.4282 474
-15.0924 88.4282 474
-15.8669 88.2416 473
-16.638 88.055 472
-17.4426 88.055 472
-18.2473 88.055 472
-19.0115 87.8685 471
-19.8145 87.8685 471
-20.6174 87.8685 471
-21.4203 87.8685 471
-22.1761 87.6819 470
-22.9284 87.4954 469
-23.728 87.4954 469
-24.5275 87.4954 469
-25.327 87.4954 469
-26.1265 87.4954 469
-26.9261 87.4954 469
-27.4891 86.7491 465
-75.6623 79.1003 424
-77.1057 79.8465 428
-77.8353 79.8465 428
-78.9321 80.2196 430
-79.8504 80.4062 431
-80.5852 80.4062 431
-81.5086 80.5928 432
-82.245 80.5928 432
-82.9815 80.5928 432
-83.7179 80.5928 432
-84.4544 80.5928 432
-85.388 80.7793 433
-86.1262 80.7793 433
-86.8643 80.7793 433
-87.6025 80.7793 433
-88.3407 80.7793 433
-89.0788 80.7793 433
-89.817 80.7793 433
-90.346 80.5928 432
-91.0824 80.5928 432
-91.8189 80.5928 432
-92.3411 80.4062 431
1152.42 755.857 4089
1145.44 755.857 4089
1138.47 755.857 4089
1131.5 755.857 4089
1124.53 755.857 4089
1117.56 755.857 4089
1110.59 755.857 4089
1103.62 755.857 4089
1096.65 755.857 4089
1089.68 755.857 4089
0.266077 89.468 484
-0.559021 89.468 484
-1.38412 89.468 484
-2.20465 89.2831 483
-3.02805 89.2831 483
-3.85144 89.2831 483
-4.66515 89.0983 482
-5.47546 88.9134 481
-6.28235 88.7286 480
-7.10063 88.7286 480
-7.90241 88.5437 479
-8.71899 88.5437 479
-9.49575 88.174 477
-10.2873 87.9892 476
-11.0988 87.9892 476
-11.8852 87.8043 475
-12.6682 87.6195 474
-13.4763 87.6195 474
-14.2843 87.6195 474
-15.0924 87.6195 474
-15.8669 87.4346 473
-16.638 87.2498 472
-17.4426 87.2498 472
-18.2473 87.2498 472
-19.0115 87.0649 471
-19.8145 87.0649 471
-20.6174 87.0649 471
-21.4203 87.0649 471
-22.1761 86.8801 470
-22.9284 86.6952 469
-23.728 86.6952 469
-24.5275 86.6952 469
-25.327 86.6952 469
-26.1265 86.6952 469
-26.9261 86.6952 469
-75.6623 78.3769 424
-76.9256 78.9315 427
-77.6535 78.9315 427
-78.565 79.1163 428
-79.6651 79.486 430
-80.3982 79.486 430
-81.3199 79.6709 431
-82.0546 79.6709 431
-82.7894 79.6709 431
-83.5241 79.6709 431
-84.4544 79.8557 432
-85.1908 79.8557 432
-85.9273 79.8557 432
-86.6637 79.8557 432
-87.4002 79.8557 432
-88.1366 79.8557 432
-88.8731 79.8557 432
-89.6095 79.8557 432
-90.346 79.8557 432
-91.0824 79.8557 432
-91.8189 79.8557 432
-92.3411 79.6709 431
1152.42 748.88 4089
1145.44 748.88 4089
1138.47 748.88 4089
1131.5 748.88 4089
1124.53 748.88 4089
1117.56 748.88 4089
1110.59 748.88 4089
1103.62 748.88 4089
1096.65 748.88 4089
1089.68 748.88 4089
-0.557866 88.4591 483
-1.38126 88.4591 483
-2.20465 88.4591 483
-3.02805 88.4591 483
-3.85144 88.4591 483
-4.66515 88.2759 482
-5.46407 87.9096 480
-6.28235 87.9096 480
-7.10063 87.9096 480
-7.90241 87.7265 479
-8.70079 87.5434 478
-9.47584 87.1771 476
-10.2657 86.9939 475
-11.0754 86.9939 475
-11.8852 86.9939 475
-12.6682 86.8108 474
-13.4763 86.8108 474
-14.2843 86.8108 474
-15.0924 86.8108 474
-15.8669 86.6276 473
-16.638 86.4445 472
-17.4426 86.4445 472
-18.2473 86.4445 472
-19.0115 86.2613 471
-19.8145 86.2613 471
-20.6174 86.2613 471
-21.4203 86.2613 471
-22.1761 86.0782 470
-22.9284 85.895 469
-23.728 85.895 469
-24.5275 85.895 469
-25.327 85.895 469
-26.1265 85.895 469
-26.9261 85.895 469
-75.6623 77.6535 424
-76.7454 78.0198 426
-77.4716 78.0198 426
-78.3814 78.2029 427
-79.4799 78.5692 429
-80.3982 78.7524 430
-81.1312 78.7524 430
-81.8643 78.7524 430
-82.5973 78.7524 430
-83.3303 78.7524 430
-84.2589 78.9355 431
-85.1908 79.1187 432
-85.9273 79.1187 432
-86.6637 79.1187 432
-87.4002 79.1187 432
-88.1366 79.1187 432
-88.8731 79.1187 432
-89.6095 79.1187 432
-90.1369 78.9355 431
-90.8716 78.9355 431
-91.6063 78.9355 431
-92.3411 78.9355 431
-93.0758 78.9355 431
1152.42 741.904 4089
1145.44 741.904 4089
1138.47 741.904 4089
1131.5 741.904 4089
1124.53 741.904 4089
1117.56 741.904 4089
1107.88 740.09 4079
1103.62 741.904 4089
1096.65 741.904 4089
1089.68 741.904 4089
-0.557866 87.635 483
-1.38126 87.635 483
-2.20465 87.635 483
-3.02805 87.635 483
-3.85144 87.635 483
-4.66515 87.4536 482
-5.46407 87.0907 480
-6.28235 87.0907 480
-7.10063 87.0907 480
-7.90241 86.9093 479
-8.70079 86.7278 478
-9.47584 86.365 476
-10.2657 86.1835 475
-11.0754 86.1835 475
-11.8852 86.1835 475
-12.6682 86.0021 474
-13.4763 86.0021 474
-14.2843 86.0021 474
-15.0924 86.0021 474
-15.8669 85.8206 473
-16.638 85.6392 472
-17.4426 85.6392 472
-18.2473 85.6392 472
-19.0115 85.4578 471
-19.8145 85.4578 471
-20.6174 85.4578 471
-21.4203 85.4578 471
-22.1761 85.2763 470
-22.9284 85.0949 469
-23.728 85.0949 469
-24.5275 85.0949 469
-25.327 85.0949 469
-26.1265 85.0949 469
-26.9261 85.0949 469
-75.6623 76.9301 424
-76.7454 77.293 426
-77.4716 77.293 426
-78.3814 77.4744 427
-79.4799 77.8373 429
-80.3982 78.0188 430
-81.1312 78.0188 430
-81.8643 78.0188 430
-82.5973 78.0188 430
-83.3303 78.0188 430
-84.2589 78.2002 431
-85.1908 78.3816 432
-85.9273 78.3816 432
-86.6637 78.3816 432
-87.4002 78.3816 432
-88.1366 78.3816 432
-88.8731 78.3816 432
-89.4021 78.2002 431
-90.1369 78.2002 431
-90.8716 78.2002 431
-91.6063 78.2002 431
-92.3411 78.2002 431
-93.0758 78.2002 431
1152.42 734.928 4089
1145.44 734.928 4089
1138.47 734.928 4089
1131.5 734.928 4089
1124.53 734.928 4089
1117.56 734.928 4089
1107.88 733.13 4079
1103.62 734.928 4089
1096.65 734.928 4089
1089.68 734.928 4089
-0.556711 86.6312 482
-1.3784 86.6312 482
-2.20009 86.6312 482
-3.02178 86.6312 482
-3.84346 86.6312 482
-4.66515 86.6312 482
-5.46407 86.2718 480
-6.26927 86.092 479
-7.08584 86.092 479
-7.88592 85.9123 478
-8.68258 85.7326 477
-9.45593 85.3731 475
-10.2657 85.3731 475
-11.0754 85.3731 475
-11.8852 85.3731 475
-12.695 85.3731 475
-13.4763 85.1934 474
-14.2843 85.1934 474
-15.0924 85.1934 474
-15.8669 85.0136 473
-16.638 84.8339 472
-17.4426 84.8339 472
-18.2473 84.8339 472
-19.0519 84.8339 472
-19.8145 84.6542 471
-20.6174 84.6542 471
-21.4203 84.6542 471
-22.2233 84.6542 471
-22.9284 84.2947 469
-23.728 84.2947 469
-24.5275 84.2947 469
-25.327 84.2947 469
-26.1265 84.2947 469
-26.9261 84.2947 469
-75.3054 75.8473 422
-76.7454 76.5662 426
-77.4716 76.5662 426
-78.3814 76.7459 427
-79.2946 76.9257 428
-80.2112 77.1054 429
-80.9425 77.1054 429
-81.6739 77.1054 429
-82.4052 77.1054 429
-83.1366 77.1054 429
-84.0634 77.2851 430
-84.7964 77.2851 430
-85.9273 77.6446 432
-86.6637 77.6446 432
-87.4002 77.6446 432
-88.1366 77.6446 432
-88.8731 77.6446 432
-89.4021 77.4649 431
-90.1369 77.4649 431
-90.8716 77.4649 431
-91.6063 77.4649 431
-92.3411 77.4649 431
-93.0758 77.4649 431
1152.42 727.951 4089
1145.44 727.951 4089
1138.47 727.951 4089
1131.5 727.951 4089
1124.53 727.951 4089
1117.56 727.951 4089
1110.59 727.951 4089
1103.62 727.951 4089
1096.65 727.951 4089
1089.68 727.951 4089
-2.20009 85.8089 482
-3.02178 85.8089 482
-3.84346 85.8089 482
-4.65547 85.6309 481
-5.45269 85.2748 479
-6.25618 85.0968 478
-7.07105 85.0968 478
-7.88592 85.0968 478
-8.68258 84.9188 477
-9.45593 84.5627 475
-10.2657 84.5627 475
-11.0754 84.5627 475
-11.8852 84.5627 475
-12.695 84.5627 475
-13.4763 84.3847 474
-14.2843 84.3847 474
-15.0924 84.3847 474
-15.8669 84.2067 473
-16.638 84.0286 472
-17.4426 84.0286 472
-18.2473 84.0286 472
-19.0519 84.0286 472
-19.8145 83.8506 471
-20.6174 83.8506 471
-21.4203 83.8506 471
-22.2233 83.8506 471
-22.9284 83.4946 469
-23.728 83.4946 469
-24.5275 83.4946 469
-25.327 83.4946 469
-75.3054 75.1273 422
-76.5652 75.6614 425
-77.2898 75.6614 425
-78.1978 75.8394 426
-79.2946 76.1955 428
-80.0242 76.1955 428
-80.7539 76.1955 428
-81.4835 76.1955 428
-82.021 76.0174 427
-82.749 76.0174 427
-83.4769 76.0174 427
-84.2048 76.0174 427
-85.1317 76.1955 428
-85.8613 76.1955 428
-86.5909 76.1955 428
-87.3206 76.1955 428
-88.0502 76.1955 428
-88.7798 76.1955 428
-89.5095 76.1955 428
-90.2391 76.1955 428
-90.9687 76.1955 428
-91.6983 76.1955 428
-92.428 76.1955 428
1152.42 720.975 4089
1145.44 720.975 4089
1138.47 720.975 4089
1131.5 720.975 4089
1124.53 720.975 4089
1117.56 720.975 4089
1110.59 720.975 4089
1103.62 720.975 4089
1096.65 720.975 4089
-2.19552 84.8102 481
-3.01551 84.8102 481
-3.83549 84.8102 481
-4.6458 84.6339 480
-5.45269 84.4576 479
-6.25618 84.2813 478
-7.07105 84.2813 478
-7.86942 84.105 477
-8.66438 83.9286 476
-9.47584 83.9286 476
-10.2873 83.9286 476
-11.0988 83.9286 476
-11.9102 83.9286 476
-12.695 83.7523 475
-13.5047 83.7523 475
-14.2843 83.576 474
-15.0924 83.576 474
-15.8669 83.3997 473
-16.6732 83.3997 473
-17.4796 83.3997 473
-18.2473 83.2234 472
-19.0519 83.2234 472
-19.8145 83.047 471
-20.6174 83.047 471
-21.4203 83.047 471
-22.2233 83.047 471
-22.9773 82.8707 470
-23.7786 82.8707 470
-24.5275 82.6944 469
-25.327 82.6944 469
-79.1093 75.2889 427
-79.8373 75.2889 427
-80.5652 75.2889 427
-81.2931 75.2889 427
-82.021 75.2889 427
-82.749 75.2889 427
-83.2814 75.1126 426
-84.0076 75.1126 426
-84.9328 75.2889 427
-85.8613 75.4652 428
-86.5909 75.4652 428
-87.3206 75.4652 428
-88.0502 75.4652 428
-88.7798 75.4652 428
-89.3003 75.2889 427
-90.0282 75.2889 427
1124.53 713.999 4089
1117.56 713.999 4089
1110.59 713.999 4089
1103.62 713.999 4089
1096.65 713.999 4089
-2.19552 83.9896 481
-3.01551 83.9896 481
-3.83549 83.9896 481
-4.6458 83.815 480
-5.45269 83.6404 479
-6.25618 83.4658 478
-7.07105 83.4658 478
-7.86942 83.2911 477
-8.66438 83.1165 476
-9.47584 83.1165 476
-10.2873 83.1165 476
-11.0988 83.1165 476
-11.9102 83.1165 476
-12.7217 83.1165 476
-13.5331 83.1165 476
-14.3145 82.9419 475
-15.0924 82.7673 474
-15.8669 82.5927 473
-16.6732 82.5927 473
-17.4796 82.5927 473
-18.2473 82.4181 472
-19.0519 82.4181 472
-19.8565 82.4181 472
-20.6612 82.4181 472
-21.4658 82.4181 472
-22.2233 82.2435 471
-23.0262 82.2435 471
-23.8292 82.2435 471
-24.5275 81.8942 469
-25.327 81.8942 469
-79.1093 74.5604 427
-79.8373 74.5604 427
-80.5652 74.5604 427
-81.2931 74.5604 427
-82.021 74.5604 427
-82.749 74.5604 427
-83.2814 74.3858 426
-84.0076 74.3858 426
-84.9328 74.5604 427
-85.6607 74.5604 427
-86.5909 74.735 428
-87.3206 74.735 428
-88.0502 74.735 428
-88.7798 74.735 428
-89.3003 74.5604 427
1117.56 707.023 4089
1110.59 707.023 4089
1103.62 707.023 4089
1096.65 707.023 4089
-2.19096 82.9961 480
-3.00924 82.9961 480
-3.82752 82.9961 480
-4.6458 82.9961 480
-5.44131 82.6502 478
-6.25618 82.6502 478
-7.07105 82.6502 478
-7.86942 82.4773 477
-8.66438 82.3044 476
-9.47584 82.3044 476
-10.2873 82.3044 476
-11.0988 82.3044 476
-11.9352 82.4773 477
-12.7484 82.4773 477
-13.5616 82.4773 477
-14.3145 82.1315 475
-15.0924 81.9586 474
-15.8669 81.7857 473
-16.6732 81.7857 473
-17.4796 81.7857 473
-18.2859 81.7857 473
-19.0519 81.6128 472
-19.8565 81.6128 472
-20.6612 81.6128 472
-21.4658 81.6128 472
-22.2233 81.4399 471
-23.0262 81.4399 471
-23.8292 81.4399 471
-24.5275 81.0941 469
-25.327 81.0941 469
-84.9328 73.8319 427
-85.6607 73.8319 427
-86.5909 74.0048 428
-87.3206 74.0048 428
-88.0502 74.0048 428
-88.7798 74.0048 428
-89.3003 73.8319 427
1117.56 700.046 4089
1110.59 700.046 4089
1103.62 700.046 4089
1096.65 700.046 4089
-2.18639 82.0059 479
-3.00297 82.0059 479
-3.81954 82.0059 479
-4.63612 82.0059 479
-5.44131 81.8347 478
-6.25618 81.8347 478
-7.07105 81.8347 478
-7.85292 81.4923 476
-8.66438 81.4923 476
-9.49575 81.6635 477
-10.3089 81.6635 477
-11.1221 81.6635 477
-11.9352 81.6635 477
-12.7484 81.6635 477
-13.5616 81.6635 477
-14.3145 81.3211 475
-15.0924 81.1499 474
-15.8669 80.9787 473
-16.6732 80.9787 473
-17.4796 80.9787 473
-18.2859 80.9787 473
-19.0519 80.8075 472
-19.8565 80.8075 472
-20.6612 80.8075 472
-21.4658 80.8075 472
-22.2233 80.6363 471
-23.0262 80.6363 471
-23.8292 80.6363 471
-86.5909 73.2746 428
-87.3206 73.2746 428
-88.0502 73.2746 428
-88.7798 73.2746 428
1117.56 693.07 4089
1110.59 693.07 4089
1103.62 693.07 4089
1096.65 693.07 4089
-2.18639 81.1887 479
-3.00297 81.1887 479
-3.81954 81.1887 479
-4.63612 81.1887 479
-5.44131 81.0192 478
-6.24309 80.8497 477
-7.05625 80.8497 477
-7.85292 80.6802 476
-8.66438 80.6802 476
-9.51565 81.0192 478
-10.3305 81.0192 478
-11.1454 81.0192 478
-11.9603 81.0192 478
-12.7484 80.8497 477
-13.5616 80.8497 477
-14.3145 80.5107 475
-15.0924 80.3412 474
-15.8669 80.1717 473
-16.6732 80.1717 473
-17.4796 80.1717 473
-18.2859 80.1717 473
-19.0519 80.0022 472
-19.8565 80.0022 472
-20.6612 80.0022 472
-21.4658 80.0022 472
-22.2233 79.8327 471
1117.56 686.094 4089
1110.59 686.094 4089
1103.62 686.094 4089
1096.65 686.094 4089
-0.552091 80.2037 478
-1.36696 80.2037 478
-2.18639 80.3715 479
-3.00297 80.3715 479
-3.81954 80.3715 479
-4.63612 80.3715 479
-5.44131 80.2037 478
-6.24309 80.0359 477
-7.05625 80.0359 477
-7.86942 80.0359 477
-8.68258 80.0359 477
-9.51565 80.2037 478
-10.3305 80.2037 478
-11.1454 80.2037 478
-11.9603 80.2037 478
-12.7484 80.0359 477
-13.5616 80.0359 477
-14.3145 79.7003 475
-15.0924 79.5325 474
-15.9004 79.5325 474
-16.7085 79.5325 474
-17.4796 79.3647 473
-18.2859 79.3647 473
-19.0519 79.197 472
-19.8565 79.197 472
-20.6612 79.197 472
-21.4658 79.197 472
-22.2233 79.0292 471
1117.56 679.118 4089
1110.59 679.118 4089
1103.62 679.118 4089
1096.65 679.118 4089
1089.68 679.118 4089
-0.552091 79.3882 478
-1.36696 79.3882 478
-2.18639 79.5543 479
-3.00297 79.5543 479
-3.81954 79.5543 479
-4.62644 79.3882 478
-5.42992 79.2221 477
-6.24309 79.2221 477
-7.05625 79.2221 477
-7.86942 79.2221 477
-8.68258 79.2221 477
-9.51565 79.3882 478
-10.3305 79.3882 478
-11.1454 79.3882 478
-11.9603 79.3882 478
-12.7484 79.2221 477
-13.5616 79.2221 477
-14.3145 78.8899 475
-15.0924 78.7238 474
-15.9004 78.7238 474
-16.7085 78.7238 474
-17.4796 78.5578 473
-18.2859 78.5578 473
-19.0519 78.3917 472
-19.8565 78.3917 472
-20.6612 78.3917 472
-21.4658 78.3917 472
-22.2233 78.2256 471
1117.56 672.141 4089
1110.59 672.141 4089
1103.62 672.141 4089
1096.65 672.141 4089
1089.68 672.141 4089
-0.553246 78.737 479
-1.36982 78.737 479
-2.18639 78.737 479
-3.00297 78.737 479
-3.81954 78.737 479
-4.63612 78.737 479
-5.44131 78.5727 478
-6.24309 78.4083 477
-7.07105 78.5727 478
-7.88592 78.5727 478
-8.70079 78.5727 478
-9.53556 78.737 479
-10.3521 78.737 479
-11.1687 78.737 479
-11.9853 78.737 479
-12.7484 78.4083 477
-13.5616 78.4083 477
-14.3145 78.0795 475
-15.0924 77.9151 474
-15.9004 77.9151 474
-16.7085 77.9151 474
-17.4796 77.7508 473
-18.2859 77.7508 473
-19.0519 77.5864 472
-19.8565 77.5864 472
-20.6612 77.5864 472
-21.4658 77.5864 472
-22.2233 77.422 471
1117.56 665.165 4089
1110.59 665.165 4089
1103.62 665.165 4089
1096.65 665.165 4089
1089.68 665.165 4089
-0.553246 77.9198 479
-1.36982 77.9198 479
-2.18639 77.9198 479
-3.00297 77.9198 479
-3.81954 77.9198 479
-4.63612 77.9198 479
-5.44131 77.7571 478
-6.25618 77.7571 478
-7.07105 77.7571 478
-7.88592 77.7571 478
-8.70079 77.7571 478
-9.53556 77.9198 479
-10.3521 77.9198 479
-11.1687 77.9198 479
-11.9853 77.9198 479
-12.7751 77.7571 478
-13.59 77.7571 478
-14.3446 77.4318 476
-15.0924 77.1065 474
-15.9004 77.1065 474
-16.7085 77.1065 474
-17.4796 76.9438 473
-18.2859 76.9438 473
-19.0923 76.9438 473
-19.8986 76.9438 473
-20.6612 76.7811 472
-21.4658 76.7811 472
1117.56 658.189 4089
1110.59 658.189 4089
1103.62 658.189 4089
1096.65 658.189 4089
1089.68 658.189 4089
1082.71 658.189 4089
1075.74 658.189 4089
-0.553246 77.1026 479
-1.36982 77.1026 479
-2.18639 77.1026 479
-3.00297 77.1026 479
-3.81954 77.1026 479
-4.63612 77.1026 479
-5.44131 76.9416 478
-6.25618 76.9416 478
-7.08584 77.1026 479
-7.90241 77.1026 479
-8.71899 77.1026 479
-9.53556 77.1026 479
-10.3521 77.1026 479
-11.1687 77.1026 479
-11.9853 77.1026 479
-12.7751 76.9416 478
-13.59 76.9416 478
-14.3446 76.6197 476
-15.0924 76.2978 474
-15.9004 76.2978 474
-16.7085 76.2978 474
-17.4796 76.1368 473
-18.2859 76.1368 473
-19.0923 76.1368 473
-19.8986 76.1368 473
-20.6612 75.9758 472
1117.56 651.213 4089
1110.59 651.213 4089
1103.62 651.213 4089
1093.97 649.62 4079
1089.68 651.213 4089
1082.71 651.213 4089
1075.74 651.213 4089
-0.553246 76.2854 479
-1.36982 76.2854 479
-2.18639 76.2854 479
-3.00297 76.2854 479
-3.81954 76.2854 479
-4.63612 76.2854 479
-5.44131 76.1261 478
-6.25618 76.1261 478
-7.08584 76.2854 479
-7.90241 76.2854 479
-8.71899 76.2854 479
-9.53556 76.2854 479
-10.3521 76.2854 479
-11.1687 76.2854 479
-11.9853 76.2854 479
-12.7751 76.1261 478
-13.59 76.1261 478
-14.3446 75.8076 476
-15.0924 75.4891 474
-15.9004 75.4891 474
-16.7085 75.4891 474
-17.4796 75.3298 473
-18.2859 75.3298 473
-19.0923 75.3298 473
-19.8986 75.3298 473
-20.6612 75.1705 472
1117.56 644.236 4089
1110.59 644.236 4089
1103.62 644.236 4089
1093.97 642.661 4079
1089.68 644.236 4089
1082.71 644.236 4089
1075.74 644.236 4089
1068.77 644.236 4089
1061.8 644.236 4089
1019.97 644.236 4089
1013 644.236 4089
1006.03 644.236 4089
999.06 644.236 4089
992.089 644.236 4089
-0.553246 75.4681 479
-1.36982 75.4681 479
-2.18639 75.4681 479
-3.00297 75.4681 479
-3.81954 75.4681 479
-4.63612 75.4681 479
-5.44131 75.3106 478
-6.26927 75.4681 479
-7.08584 75.4681 479
-7.90241 75.4681 479
-8.71899 75.4681 479
-9.55547 75.6257 480
-10.3737 75.6257 480
-11.192 75.6257 480
-12.0103 75.6257 480
-12.8019 75.4681 479
-13.6184 75.4681 479
-14.3446 74.9955 476
-15.0924 74.6804 474
-15.9004 74.6804 474
-16.7085 74.6804 474
-17.4796 74.5228 473
-18.2859 74.5228 473
-19.0923 74.5228 473
-19.8986 74.5228 473
1117.56 637.26 4089
1110.59 637.26 4089
1103.62 637.26 4089
1093.97 635.702 4079
1089.68 637.26 4089
1082.71 637.26 4089
1075.74 637.26 4089
1068.77 637.26 4089
1061.8 637.26 4089
1019.97 637.26 4089
1013 637.26 4089
1006.03 637.26 4089
999.06 637.26 4089
992.089 637.26 4089
-0.553246 74.6509 479
-1.36982 74.6509 479
-2.18639 74.6509 479
-3.00297 74.6509 479
-3.81954 74.6509 479
-4.63612 74.6509 479
-5.44131 74.4951 478
-6.26927 74.6509 479
-7.08584 74.6509 479
-7.90241 74.6509 479
-8.73719 74.8068 480
-9.55547 74.8068 480
-10.3737 74.8068 480
-11.192 74.8068 480
-12.0103 74.8068 480
-12.8019 74.6509 479
-13.6184 74.6509 479
-14.3446 74.1834 476
-15.0924 73.8717 474
-15.9004 73.8717 474
-16.7085 73.8717 474
-17.5165 73.8717 474
-18.3246 73.8717 474
-19.0923 73.7158 473
-19.8986 73.7158 473
1131.5 630.284 4089
1124.53 630.284 4089
1117.56 630.284 4089
1110.59 630.284 4089
1103.62 630.284 4089
1093.97 628.742 4079
1087.01 628.742 4079
1082.71 630.284 4089
1075.74 630.284 4089
1068.77 630.284 4089
1061.8 630.284 4089
1054.83 630.284 4089
1047.85 630.284 4089
1040.88 630.284 4089
1033.91 630.284 4089
1026.94 630.284 4089
1019.97 630.284 4089
1013 630.284 4089
1006.03 630.284 4089
999.06 630.284 4089
992.089 630.284 4089
-0.553246 73.8337 479
-1.36982 73.8337 479
-2.18639 73.8337 479
-3.00297 73.8337 479
-3.81954 73.8337 479
-4.63612 73.8337 479
-5.44131 73.6796 478
-6.28235 73.9878 480
-7.10063 73.9878 480
-7.91891 73.9878 480
-8.73719 73.9878 480
-9.55547 73.9878 480
-10.3737 73.9878 480
-11.192 73.9878 480
-12.0103 73.9878 480
-12.8286 73.9878 480
-13.6184 73.8337 479
-14.3747 73.5254 477
-15.1242 73.2171 475
-15.934 73.2171 475
-16.7437 73.2171 475
-17.5535 73.2171 475
-18.3246 73.063 474
1131.5 623.308 4089
1124.53 623.308 4089
1117.56 623.308 4089
1107.88 621.783 4079
1100.92 621.783 4079
1091.29 620.259 4069
1087.01 621.783 4079
1080.06 621.783 4079
1075.74 623.308 4089
1068.77 623.308 4089
1061.8 623.308 4089
1054.83 623.308 4089
1047.85 623.308 4089
1040.88 623.308 4089
1033.91 623.308 4089
1026.94 623.308 4089
1019.97 623.308 4089
1013 623.308 4089
1006.03 623.308 4089
999.06 623.308 4089
992.089 623.308 4089
-0.553246 73.0165 479
-1.36982 73.0165 479
-2.18639 73.0165 479
-3.00297 73.0165 479
-3.81954 73.0165 479
-4.63612 73.0165 479
-5.44131 72.864 478
-6.28235 73.1689 480
-7.10063 73.1689 480
-7.91891 73.1689 480
-8.73719 73.1689 480
-9.55547 73.1689 480
-10.3737 73.1689 480
-11.192 73.1689 480
-12.0103 73.1689 480
-12.8286 73.1689 480
-13.6184 73.0165 479
-14.3747 72.7116 477
-15.1242 72.4067 475
-15.934 72.4067 475
-16.7437 72.4067 475
-17.5535 72.4067 475
-18.3246 72.2543 474
1131.5 616.331 4089
1124.53 616.331 4089
1117.56 616.331 4089
1107.88 614.824 4079
1100.92 614.824 4079
1093.97 614.824 4079
1087.01 614.824 4079
1080.06 614.824 4079
1075.74 616.331 4089
1068.77 616.331 4089
1061.8 616.331 4089
1054.83 616.331 4089
1047.85 616.331 4089
1040.88 616.331 4089
1033.91 616.331 4089
1026.94 616.331 4089
1019.97 616.331 4089
1010.52 614.824 4079
1003.57 614.824 4079
996.617 614.824 4079
989.663 614.824 4079
-0.553246 72.1992 479
-1.36982 72.1992 479
-2.18639 72.1992 479
-3.00297 72.1992 479
-3.81954 72.1992 479
-4.62644 72.0485 478
-5.44131 72.0485 478
-6.28235 72.35 480
-7.10063 72.35 480
-7.91891 72.35 480
-8.73719 72.35 480
-9.55547 72.35 480
-10.3737 72.35 480
-11.192 72.35 480
-12.0103 72.35 480
-12.8286 72.35 480
-13.6184 72.1992 479
-14.3747 71.8978 477
-15.1242 71.5963 475
-15.934 71.5963 475
-16.7437 71.5963 475
-17.5535 71.5963 475
-18.3246 71.4456 474
1131.5 609.355 4089
1124.53 609.355 4089
1117.56 609.355 4089
1107.88 607.865 4079
1100.92 607.865 4079
1093.97 607.865 4079
1084.35 606.375 4069
1080.06 607.865 4079
1073.11 607.865 4079
1066.15 607.865 4079
1061.8 609.355 4089
1054.83 609.355 4089
1047.85 609.355 4089
1040.88 609.355 4089
1033.91 609.355 4089
1024.43 607.865 4079
1017.48 607.865 4079
1010.52 607.865 4079
1003.57 607.865 4079
996.617 607.865 4079
989.663 607.865 4079
-0.552091 71.233 478
-1.36696 71.233 478
-2.18639 71.382 479
-3.00297 71.382 479
-3.81954 71.382 479
-4.62644 71.233 478
-5.44131 71.233 478
-6.28235 71.5311 480
-7.10063 71.5311 480
-7.91891 71.5311 480
-8.73719 71.5311 480
-9.55547 71.5311 480
-10.3737 71.5311 480
-11.192 71.5311 480
-12.0103 71.5311 480
-12.8286 71.5311 480
-13.6184 71.382 479
-14.3747 71.084 477
-15.1242 70.7859 475
-15.934 70.7859 475
-16.7437 70.7859 475
-17.5535 70.7859 475
1131.5 602.379 4089
1124.53 602.379 4089
1117.56 602.379 4089
1107.88 600.906 4079
1100.92 600.906 4079
1093.97 600.906 4079
1084.35 599.432 4069
1080.06 600.906 4079
1075.74 602.379 4089
1068.77 602.379 4089
1061.8 602.379 4089
1054.83 602.379 4089
1047.85 602.379 4089
1040.88 602.379 4089
1033.91 602.379 4089
1024.43 600.906 4079
1017.48 600.906 4079
1010.52 600.906 4079
1001.11 599.432 4069
994.173 599.432 4069
987.237 599.432 4069
-0.552091 70.4175 478
-1.36696 70.4175 478
-2.18639 70.5648 479
-3.00297 70.5648 479
-3.81954 70.5648 479
-4.62644 70.4175 478
-5.44131 70.4175 478
-6.28235 70.7121 480
-7.10063 70.7121 480
-7.91891 70.7121 480
-8.73719 70.7121 480
-9.55547 70.7121 480
-10.3737 70.7121 480
-11.192 70.7121 480
-12.0103 70.7121 480
-12.8286 70.7121 480
-13.6184 70.5648 479
-14.3747 70.2702 477
-15.1242 69.9755 475
-15.9004 69.8282 474
-16.7085 69.8282 474
-17.5165 69.8282 474
1159.39 595.403 4089
1152.42 595.403 4089
1145.44 595.403 4089
1138.47 595.403 4089
1131.5 595.403 4089
1124.53 595.403 4089
1117.56 595.403 4089
1107.88 593.946 4079
1100.92 593.946 4079
1093.97 593.946 4079
1084.35 592.49 4069
1080.06 593.946 4079
1075.74 595.403 4089
1068.77 595.403 4089
1061.8 595.403 4089
1054.83 595.403 4089
1047.85 595.403 4089
1040.88 595.403 4089
1033.91 595.403 4089
1024.43 593.946 4079
1017.48 593.946 4079
1010.52 593.946 4079
1001.11 592.49 4069
999.06 595.403 4089
992.089 595.403 4089
985.119 595.403 4089
961.848 593.946 4079
954.895 593.946 4079
947.941 593.946 4079
940.987 593.946 4079
934.034 593.946 4079
-2.18639 69.7476 479
-3.00297 69.7476 479
-3.81954 69.7476 479
-4.62644 69.602 478
-5.44131 69.602 478
-6.28235 69.8932 480
-7.10063 69.8932 480
-7.91891 69.8932 480
-8.73719 69.8932 480
-9.55547 69.8932 480
-10.3737 69.8932 480
-11.192 69.8932 480
-11.9853 69.7476 479
-12.8019 69.7476 479
-13.6184 69.7476 479
-14.3747 69.4564 477
-15.1242 69.1651 475
-15.9004 69.0195 474
-16.7085 69.0195 474
-17.5165 69.0195 474
1173.33 588.426 4089
1166.36 588.426 4089
1159.39 588.426 4089
1152.42 588.426 4089
1145.44 588.426 4089
1138.47 588.426 4089
1131.5 588.426 4089
1124.53 588.426 4089
1117.56 588.426 4089
1107.88 586.987 4079
1100.92 586.987 4079
1093.97 586.987 4079
1084.35 585.548 4069
1080.06 586.987 4079
1075.74 588.426 4089
1068.77 588.426 4089
1061.8 588.426 4089
1054.83 588.426 4089
1047.85 588.426 4089
1040.88 588.426 4089
1033.91 588.426 4089
1026.94 588.426 4089
1019.97 588.426 4089
1010.52 586.987 4079
1001.11 585.548 4069
999.06 588.426 4089
992.089 588.426 4089
985.119 588.426 4089
978.148 588.426 4089
971.177 588.426 4089
964.206 588.426 4089
957.236 588.426 4089
947.941 586.987 4079
940.987 586.987 4079
934.034 586.987 4079
-2.18639 68.9304 479
-3.00297 68.9304 479
-3.81954 68.9304 479
-4.63612 68.9304 479
-5.45269 68.9304 479
-6.28235 69.0743 480
-7.10063 69.0743 480
-7.91891 69.0743 480
-8.73719 69.0743 480
-9.55547 69.0743 480
-10.3737 69.0743 480
-11.1687 68.9304 479
-11.9853 68.9304 479
-12.8019 68.9304 479
-13.6184 68.9304 479
-14.3747 68.6425 477
-15.0924 68.2108 474
-15.9004 68.2108 474
-16.7085 68.2108 474
-17.4796 68.0669 473
1173.33 581.45 4089
1166.36 581.45 4089
1159.39 581.45 4089
1152.42 581.45 4089
1145.44 581.45 4089
1138.47 581.45 4089
1131.5 581.45 4089
1124.53 581.45 4089
1114.83 580.028 4079
1107.88 580.028 4079
1100.92 580.028 4079
1093.97 580.028 4079
1084.35 578.606 4069
1080.06 580.028 4079
1075.74 581.45 4089
1068.77 581.45 4089
1061.8 581.45 4089
1054.83 581.45 4089
1047.85 581.45 4089
1040.88 581.45 4089
1033.91 581.45 4089
1026.94 581.45 4089
1019.97 581.45 4089
1010.52 580.028 4079
1001.11 578.606 4069
999.06 581.45 4089
992.089 581.45 4089
985.119 581.45 4089
978.148 581.45 4089
971.177 581.45 4089
964.206 581.45 4089
957.236 581.45 4089
947.941 580.028 4079
940.987 580.028 4079
934.034 580.028 4079
-2.18639 68.1131 479
-3.00297 68.1131 479
-3.81954 68.1131 479
-4.63612 68.1131 479
-5.46407 68.2553 480
-6.28235 68.2553 480
-7.10063 68.2553 480
-7.91891 68.2553 480
-8.73719 68.2553 480
-9.55547 68.2553 480
-10.3521 68.1131 479
-11.1687 68.1131 479
-11.9853 68.1131 479
-12.8019 68.1131 479
-13.6184 68.1131 479
-14.3446 67.6865 476
-15.0924 67.4021 474
-15.9004 67.4021 474
-16.7085 67.4021 474
1215.15 574.474 4089
1208.18 574.474 4089
1201.21 574.474 4089
1194.24 574.474 4089
1187.27 574.474 4089
1180.3 574.474 4089
1173.33 574.474 4089
1166.36 574.474 4089
1159.39 574.474 4089
1152.42 574.474 4089
1142.64 573.069 4079
1135.69 573.069 4079
1128.74 573.069 4079
1121.78 573.069 4079
1114.83 573.069 4079
1105.16 571.664 4069
1098.22 571.664 4069
1091.29 571.664 4069
1084.35 571.664 4069
1080.06 573.069 4079
1073.11 573.069 4079
1066.15 573.069 4079
1061.8 574.474 4089
1054.83 574.474 4089
1047.85 574.474 4089
1040.88 574.474 4089
1033.91 574.474 4089
1026.94 574.474 4089
1019.97 574.474 4089
1008.05 571.664 4069
1001.11 571.664 4069
996.617 573.069 4079
992.089 574.474 4089
985.119 574.474 4089
978.148 574.474 4089
971.177 574.474 4089
964.206 574.474 4089
957.236 574.474 4089
943.293 570.259 4059
936.374 570.259 4059
929.454 570.259 4059
-2.18639 67.2959 479
-3.00924 67.4364 480
-3.82752 67.4364 480
-4.6458 67.4364 480
-5.46407 67.4364 480
-6.28235 67.4364 480
-7.10063 67.4364 480
-7.91891 67.4364 480
-8.73719 67.4364 480
-9.55547 67.4364 480
-10.3521 67.2959 479
-11.1687 67.2959 479
-11.9853 67.2959 479
-12.8019 67.2959 479
-13.6184 67.2959 479
-14.3446 66.8744 476
-15.0924 66.5934 474
-15.9004 66.5934 474
-16.7085 66.5934 474
1222.12 567.497 4089
1215.15 567.497 4089
1208.18 567.497 4089
1201.21 567.497 4089
1194.24 567.497 4089
1187.27 567.497 4089
1180.3 567.497 4089
1173.33 567.497 4089
1163.5 566.11 4079
1156.55 566.11 4079
1149.6 566.11 4079
1139.84 564.722 4069
1132.91 564.722 4069
1125.97 564.722 4069
1119.03 564.722 4069
1112.1 564.722 4069
1105.16 564.722 4069
1098.22 564.722 4069
1091.29 564.722 4069
1084.35 564.722 4069
1077.41 564.722 4069
1073.11 566.11 4079
1066.15 566.11 4079
1061.8 567.497 4089
1054.83 567.497 4089
1047.85 567.497 4089
1040.88 567.497 4089
1033.91 567.497 4089
1026.94 567.497 4089
1019.97 567.497 4089
1010.52 566.11 4079
1001.11 564.722 4069
996.617 566.11 4079
989.663 566.11 4079
982.709 566.11 4079
978.148 567.497 4089
971.177 567.497 4089
964.206 567.497 4089
954.895 566.11 4079
936.554 559.309 4030
929.683 559.309 4030
922.813 559.309 4030
-3.00924 66.6175 480
-3.82752 66.6175 480
-4.6458 66.6175 480
-5.46407 66.6175 480
-6.28235 66.6175 480
-7.10063 66.6175 480
-7.91891 66.6175 480
-8.73719 66.6175 480
-9.55547 66.6175 480
-10.3521 66.4787 479
-11.1687 66.4787 479
-11.9853 66.4787 479
-12.8019 66.4787 479
-13.6184 66.4787 479
-14.3446 66.0623 476
-15.0924 65.7848 474
-15.9004 65.7848 474
-16.7085 65.7848 474
1222.12 560.521 4089
1215.15 560.521 4089
1208.18 560.521 4089
1201.21 560.521 4089
1194.24 560.521 4089
1187.27 560.521 4089
1180.3 560.521 4089
1173.33 560.521 4089
1163.5 559.15 4079
1156.55 559.15 4079
1149.6 559.15 4079
1139.84 557.78 4069
1132.91 557.78 4069
1125.97 557.78 4069
1119.03 557.78 4069
1112.1 557.78 4069
1105.16 557.78 4069
1098.22 557.78 4069
1091.29 557.78 4069
1084.35 557.78 4069
1077.41 557.78 4069
1075.74 560.521 4089
1068.77 560.521 4089
1061.8 560.521 4089
1054.83 560.521 4089
1047.85 560.521 4089
1040.88 560.521 4089
1033.91 560.521 4089
1026.94 560.521 4089
1019.97 560.521 4089
1010.52 559.15 4079
1003.57 559.15 4079
996.617 559.15 4079
989.663 559.15 4079
982.709 559.15 4079
978.148 560.521 4089
971.177 560.521 4089
964.206 560.521 4089
957.236 560.521 4089
950.265 560.521 4089
938.68 557.78 4069
931.744 557.78 4069
-3.00924 65.7985 480
-3.82752 65.7985 480
-4.6458 65.7985 480
-5.46407 65.7985 480
-6.28235 65.7985 480
-7.10063 65.7985 480
-7.91891 65.7985 480
-8.73719 65.7985 480
-9.55547 65.7985 480
-10.3521 65.6615 479
-11.1687 65.6615 479
-11.9603 65.5244 478
-12.7751 65.5244 478
-13.59 65.5244 478
-14.3446 65.2502 476
-15.0924 64.9761 474
1222.12 553.545 4089
1215.15 553.545 4089
1208.18 553.545 4089
1201.21 553.545 4089
1194.24 553.545 4089
1187.27 553.545 4089
1180.3 553.545 4089
1173.33 553.545 4089
1160.65 550.838 4069
1153.72 550.838 4069
1143.96 549.484 4059
1137.04 549.484 4059
1130.12 549.484 4059
1123.2 549.484 4059
1116.28 549.484 4059
1109.36 549.484 4059
1102.44 549.484 4059
1095.52 549.484 4059
1088.6 549.484 4059
1081.68 549.484 4059
1077.41 550.838 4069
1075.74 553.545 4089
1068.77 553.545 4089
1061.8 553.545 4089
1054.83 553.545 4089
1047.85 553.545 4089
1040.88 553.545 4089
1033.91 553.545 4089
1026.94 553.545 4089
1019.97 553.545 4089
1010.52 552.191 4079
1003.57 552.191 4079
996.617 552.191 4079
989.663 552.191 4079
982.709 552.191 4079
978.148 553.545 4089
971.177 553.545 4089
964.206 553.545 4089
957.236 553.545 4089
950.265 553.545 4089
938.68 550.838 4069
931.744 550.838 4069
-3.00924 64.9796 480
-3.82752 64.9796 480
-4.6458 64.9796 480
-5.46407 64.9796 480
-6.28235 64.9796 480
-7.10063 64.9796 480
-7.91891 64.9796 480
-8.73719 64.9796 480
-9.55547 64.9796 480
-10.3305 64.7089 478
-11.1454 64.7089 478
-11.9603 64.7089 478
-12.7751 64.7089 478
-13.5616 64.5735 477
-14.3145 64.3027 475
-15.0924 64.1674 474
1219.13 545.232 4079
1212.18 545.232 4079
1205.23 545.232 4079
1198.27 545.232 4079
1191.32 545.232 4079
1184.37 545.232 4079
1177.41 545.232 4079
1167.59 543.895 4069
1160.65 543.895 4069
1153.72 543.895 4069
1143.96 542.559 4059
1134.24 541.222 4049
1130.12 542.559 4059
1123.2 542.559 4059
1116.28 542.559 4059
1109.36 542.559 4059
1102.44 542.559 4059
1095.52 542.559 4059
1088.6 542.559 4059
1081.68 542.559 4059
1077.41 543.895 4069
1075.74 546.569 4089
1068.77 546.569 4089
1061.8 546.569 4089
1054.83 546.569 4089
1047.85 546.569 4089
1040.88 546.569 4089
1033.91 546.569 4089
1026.94 546.569 4089
1019.97 546.569 4089
1010.52 545.232 4079
1003.57 545.232 4079
996.617 545.232 4079
989.663 545.232 4079
964.206 546.569 4089
957.236 546.569 4089
950.265 546.569 4089
938.68 543.895 4069
931.744 543.895 4069
-3.00924 64.1607 480
-3.82752 64.1607 480
-4.6458 64.1607 480
-5.46407 64.1607 480
-6.28235 64.1607 480
-7.10063 64.1607 480
-7.91891 64.1607 480
-8.73719 64.1607 480
-9.55547 64.1607 480
-10.3305 63.8933 478
-11.1454 63.8933 478
-11.9603 63.8933 478
-12.7751 63.8933 478
-13.5616 63.7597 477
-14.3145 63.4923 475
-15.0605 63.225 473
1222.12 539.592 4089
1215.15 539.592 4089
1208.18 539.592 4089
1198.27 538.273 4079
1191.32 538.273 4079
1184.37 538.273 4079
1174.53 536.953 4069
1167.59 536.953 4069
1157.8 535.634 4059
1150.88 535.634 4059
1141.14 534.314 4049
1134.24 534.314 4049
1127.34 534.314 4049
1123.2 535.634 4059
1116.28 535.634 4059
1109.36 535.634 4059
1102.44 535.634 4059
1095.52 535.634 4059
1088.6 535.634 4059
1081.68 535.634 4059
1077.41 536.953 4069
1075.74 539.592 4089
1068.77 539.592 4089
1061.8 539.592 4089
1054.83 539.592 4089
1047.85 539.592 4089
1040.88 539.592 4089
1033.91 539.592 4089
1026.94 539.592 4089
1019.97 539.592 4089
-3.00297 63.2098 479
-3.81954 63.2098 479
-4.63612 63.2098 479
-5.45269 63.2098 479
-6.26927 63.2098 479
-7.08584 63.2098 479
-7.90241 63.2098 479
-8.71899 63.2098 479
-9.53556 63.2098 479
-10.3305 63.0778 478
-11.0988 62.8139 476
-11.9102 62.8139 476
-12.7217 62.8139 476
-13.5331 62.8139 476
-14.3145 62.6819 475
-15.0605 62.418 473
1222.12 532.616 4089
1215.15 532.616 4089
1208.18 532.616 4089
1195.34 530.011 4069
1188.4 530.011 4069
1181.46 530.011 4069
1174.53 530.011 4069
1167.59 530.011 4069
1157.8 528.709 4059
1150.88 528.709 4059
1141.14 527.406 4049
1134.24 527.406 4049
1127.34 527.406 4049
1123.2 528.709 4059
1116.28 528.709 4059
1109.36 528.709 4059
1102.44 528.709 4059
1095.52 528.709 4059
1088.6 528.709 4059
1081.68 528.709 4059
1077.41 530.011 4069
1075.74 532.616 4089
1068.77 532.616 4089
1061.8 532.616 4089
1054.83 532.616 4089
1047.85 532.616 4089
1040.88 532.616 4089
1033.91 532.616 4089
1026.94 532.616 4089
1019.97 532.616 4089
1013 532.616 4089
-3.00297 62.3926 479
-3.81954 62.3926 479
-4.63612 62.3926 479
-5.45269 62.3926 479
-6.26927 62.3926 479
-7.08584 62.3926 479
-7.88592 62.2623 478
-8.70079 62.2623 478
-9.51565 62.2623 478
-10.3305 62.2623 478
-11.0988 62.0018 476
-11.9102 62.0018 476
-12.7217 62.0018 476
-13.5331 62.0018 476
-14.2843 61.7413 474
-15.0605 61.611 473
1222.12 525.64 4089
1215.15 525.64 4089
1208.18 525.64 4089
1195.34 523.069 4069
1188.4 523.069 4069
1181.46 523.069 4069
1174.53 523.069 4069
1164.72 521.784 4059
1154.95 520.498 4049
1148.04 520.498 4049
1138.32 519.213 4039
1134.24 520.498 4049
1127.34 520.498 4049
1123.2 521.784 4059
1116.28 521.784 4059
1109.36 521.784 4059
1102.44 521.784 4059
1095.52 521.784 4059
1088.6 521.784 4059
1081.68 521.784 4059
1074.76 521.784 4059
1073.11 524.354 4079
1066.15 524.354 4079
1061.8 525.64 4089
1054.83 525.64 4089
1047.85 525.64 4089
1040.88 525.64 4089
1033.91 525.64 4089
1026.94 525.64 4089
1019.97 525.64 4089
1013 525.64 4089
-3.00297 61.5753 479
-3.81954 61.5753 479
-4.63612 61.5753 479
-5.45269 61.5753 479
-6.26927 61.5753 479
-7.08584 61.5753 479
-7.90241 61.5753 479
-8.71899 61.5753 479
-9.53556 61.5753 479
-10.3305 61.4468 478
-11.0988 61.1897 476
1222.12 518.664 4089
1215.15 518.664 4089
1208.18 518.664 4089
1201.21 518.664 4089
1191.32 517.395 4079
1184.37 517.395 4079
1174.53 516.127 4069
1167.59 516.127 4069
1157.8 514.858 4059
1150.88 514.858 4059
1141.14 513.59 4049
1137.04 514.858 4059
1130.12 514.858 4059
1123.2 514.858 4059
1116.28 514.858 4059
1112.1 516.127 4069
1105.16 516.127 4069
1098.22 516.127 4069
1088.6 514.858 4059
1081.68 514.858 4059
1074.76 514.858 4059
1073.11 517.395 4079
1066.15 517.395 4079
1061.8 518.664 4089
1054.83 518.664 4089
1047.85 518.664 4089
1040.88 518.664 4089
1033.91 518.664 4089
1026.94 518.664 4089
1019.97 518.664 4089
1013 518.664 4089
-3.00297 60.7581 479
-3.81954 60.7581 479
-4.63612 60.7581 479
-5.45269 60.7581 479
-6.26927 60.7581 479
-7.08584 60.7581 479
-7.90241 60.7581 479
-8.71899 60.7581 479
-9.53556 60.7581 479
-10.3305 60.6313 478
-11.0988 60.3776 476
1222.12 511.687 4089
1215.15 511.687 4089
1208.18 511.687 4089
1201.21 511.687 4089
1191.32 510.436 4079
1184.37 510.436 4079
1174.53 509.185 4069
1167.59 509.185 4069
1157.8 507.933 4059
1150.88 507.933 4059
1141.14 506.682 4049
1137.04 507.933 4059
1130.12 507.933 4059
1123.2 507.933 4059
1116.28 507.933 4059
1112.1 509.185 4069
1105.16 509.185 4069
1098.22 509.185 4069
1088.6 507.933 4059
1081.68 507.933 4059
1077.41 509.185 4069
1073.11 510.436 4079
1066.15 510.436 4079
1061.8 511.687 4089
1054.83 511.687 4089
1047.85 511.687 4089
1040.88 511.687 4089
1033.91 511.687 4089
1026.94 511.687 4089
1019.97 511.687 4089
-3.00297 59.9409 479
-3.81954 59.9409 479
-4.63612 59.9409 479
-5.45269 59.9409 479
-6.26927 59.9409 479
-7.08584 59.9409 479
-7.90241 59.9409 479
-8.71899 59.9409 479
-9.53556 59.9409 479
1222.12 504.711 4089
1215.15 504.711 4089
1208.18 504.711 4089
1201.21 504.711 4089
1191.32 503.477 4079
1184.37 503.477 4079
1174.53 502.243 4069
1167.59 502.243 4069
1157.8 501.008 4059
1150.88 501.008 4059
1141.14 499.774 4049
1137.04 501.008 4059
1130.12 501.008 4059
1123.2 501.008 4059
1119.03 502.243 4069
1112.1 502.243 4069
1105.16 502.243 4069
1098.22 502.243 4069
1091.29 502.243 4069
1084.35 502.243 4069
1077.41 502.243 4069
1073.11 503.477 4079
1068.77 504.711 4089
1061.8 504.711 4089
1054.83 504.711 4089
1047.85 504.711 4089
1040.88 504.711 4089
1033.91 504.711 4089
1026.94 504.711 4089
1019.97 504.711 4089
-3.00297 59.1237 479
-3.81954 59.1237 479
-4.63612 59.1237 479
-5.44131 59.0002 478
-6.25618 59.0002 478
-7.05625 58.8768 477
-7.86942 58.8768 477
-8.66438 58.7534 476
-9.47584 58.7534 476
1256.98 497.735 4089
1250.01 497.735 4089
1243.03 497.735 4089
1236.06 497.735 4089
1223.08 495.3 4069
1222.12 497.735 4089
1215.15 497.735 4089
1208.18 497.735 4089
1195.34 495.3 4069
1188.4 495.3 4069
1181.46 495.3 4069
1171.64 494.083 4059
1164.72 494.083 4059
1154.95 492.866 4049
1148.04 492.866 4049
1138.32 491.649 4039
1137.04 494.083 4059
1130.12 494.083 4059
1123.2 494.083 4059
1119.03 495.3 4069
1112.1 495.3 4069
1105.16 495.3 4069
1098.22 495.3 4069
1091.29 495.3 4069
1084.35 495.3 4069
1077.41 495.3 4069
1073.11 496.518 4079
1068.77 497.735 4089
1061.8 497.735 4089
1054.83 497.735 4089
1047.85 497.735 4089
1040.88 497.735 4089
1033.91 497.735 4089
-2.9967 58.1847 478
-3.81157 58.1847 478
-4.62644 58.1847 478
-5.42992 58.063 477
-6.24309 58.063 477
-7.04146 57.9413 476
-7.85292 57.9413 476
-8.66438 57.9413 476
-9.47584 57.9413 476
1277.89 490.759 4089
1270.92 490.759 4089
1263.95 490.759 4089
1256.98 490.759 4089
1250.01 490.759 4089
1243.03 490.759 4089
1236.06 490.759 4089
1223.08 488.358 4069
1216.15 488.358 4069
1206.24 487.158 4059
1196.36 485.958 4049
1186.52 484.758 4039
1174.09 482.477 4020
1170.14 483.678 4030
1163.27 483.678 4030
1156.4 483.678 4030
1149.53 483.678 4030
1145.21 484.758 4039
1138.32 484.758 4039
1137.04 487.158 4059
1130.12 487.158 4059
1123.2 487.158 4059
1119.03 488.358 4069
1112.1 488.358 4069
1105.16 488.358 4069
1098.22 488.358 4069
1091.29 488.358 4069
1084.35 488.358 4069
1080.06 489.559 4079
1073.11 489.559 4079
1068.77 490.759 4089
1061.8 490.759 4089
1054.83 490.759 4089
-2.9967 57.3692 478
-3.81157 57.3692 478
-4.62644 57.3692 478
-5.42992 57.2492 477
-6.24309 57.2492 477
-7.04146 57.1292 476
-7.85292 57.1292 476
-8.66438 57.1292 476
-9.47584 57.1292 476
1291.83 483.782 4089
1284.86 483.782 4089
1277.89 483.782 4089
1270.92 483.782 4089
1263.95 483.782 4089
1256.98 483.782 4089
1250.01 483.782 4089
1243.03 483.782 4089
1236.06 483.782 4089
1223.08 481.416 4069
1216.15 481.416 4069
1206.24 480.233 4059
1196.36 479.05 4049
1186.52 477.867 4039
1174.09 475.619 4020
1167.23 475.619 4020
1163.27 476.802 4030
1156.4 476.802 4030
1149.53 476.802 4030
1142.66 476.802 4030
1138.32 477.867 4039
1134.24 479.05 4049
1132.91 481.416 4069
1125.97 481.416 4069
1119.03 481.416 4069
1112.1 481.416 4069
1105.16 481.416 4069
1098.22 481.416 4069
1091.29 481.416 4069
1084.35 481.416 4069
1080.06 482.599 4079
1073.11 482.599 4079
1066.15 482.599 4079
82.6554 68.0301 575
81.8172 68.1484 576
80.8353 68.1484 576
79.8534 68.1484 576
78.8714 68.1484 576
77.8895 68.1484 576
-2.99043 56.4354 477
-3.80359 56.4354 477
-4.61676 56.4354 477
-5.42992 56.4354 477
-6.24309 56.4354 477
-7.02667 56.1987 475
1291.83 476.806 4089
1284.86 476.806 4089
1277.89 476.806 4089
1270.92 476.806 4089
1263.95 476.806 4089
1247.75 473.308 4059
1240.83 473.308 4059
1233.92 473.308 4059
1227 473.308 4059
1217.07 472.142 4049
1210.17 472.142 4049
1200.29 470.976 4039
1190.75 469.926 4030
1180.94 468.76 4020
1174.09 468.76 4020
1167.23 468.76 4020
1163.27 469.926 4030
1156.4 469.926 4030
1149.53 469.926 4030
1142.66 469.926 4030
1138.32 470.976 4039
1134.24 472.142 4049
1132.91 474.474 4069
1125.97 474.474 4069
1119.03 474.474 4069
1112.1 474.474 4069
1105.16 474.474 4069
1098.22 474.474 4069
1091.29 474.474 4069
1084.35 474.474 4069
1080.06 475.64 4079
1073.11 475.64 4079
1066.15 475.64 4079
87.0998 66.6992 572
86.1246 66.6992 572
85.1495 66.6992 572
82.6554 67.049 575
81.8172 67.1657 576
80.8353 67.1657 576
79.8534 67.1657 576
78.8714 67.1657 576
77.8895 67.1657 576
-2.98416 55.505 476
-3.79562 55.505 476
-4.60708 55.505 476
-5.41854 55.505 476
-6.23 55.505 476
1305.77 469.83 4089
1298.8 469.83 4089
1291.83 469.83 4089
1284.86 469.83 4089
1277.89 469.83 4089
1264.7 467.532 4069
1254.67 466.383 4059
1244.68 465.234 4049
1237.78 465.234 4049
1230.88 465.234 4049
1223.97 465.234 4049
1217.07 465.234 4049
1210.17 465.234 4049
1200.29 464.085 4039
1190.75 463.051 4030
1183.88 463.051 4030
1177.01 463.051 4030
1167.23 461.902 4020
1163.27 463.051 4030
1156.4 463.051 4030
1149.53 463.051 4030
1142.66 463.051 4030
1138.32 464.085 4039
1134.24 465.234 4049
1132.91 467.532 4069
1125.97 467.532 4069
1119.03 467.532 4069
1112.1 467.532 4069
1105.16 467.532 4069
1098.22 467.532 4069
1091.29 467.532 4069
1084.35 467.532 4069
1080.06 468.681 4079
1073.11 468.681 4079
1066.15 468.681 4079
89.7103 65.4935 570
88.7386 65.4935 570
87.7669 65.4935 570
87.0998 65.7233 572
86.1246 65.7233 572
85.1495 65.7233 572
84.1744 65.7233 572
83.3447 65.8382 573
82.6554 66.068 575
81.8172 66.1829 576
80.8353 66.1829 576
79.8534 66.1829 576
78.8714 66.1829 576
77.8895 66.1829 576
76.774 66.068 575
1305.77 462.854 4089
1298.8 462.854 4089
1291.83 462.854 4089
1281.72 461.722 4079
1274.76 461.722 4079
1264.7 460.59 4069
1251.58 458.326 4049
1241.61 457.194 4039
1237.78 458.326 4049
1230.88 458.326 4049
1223.97 458.326 4049
1217.07 458.326 4049
1210.17 458.326 4049
1203.27 458.326 4049
1190.75 456.175 4030
1183.88 456.175 4030
1177.01 456.175 4030
1167.23 455.043 4020
1163.27 456.175 4030
1156.4 456.175 4030
1149.53 456.175 4030
1142.66 456.175 4030
1138.32 457.194 4039
1134.24 458.326 4049
1130.12 459.458 4059
1123.2 459.458 4059
1116.28 459.458 4059
1112.1 460.59 4069
1105.16 460.59 4069
1098.22 460.59 4069
1091.29 460.59 4069
1084.35 460.59 4069
1080.06 461.722 4079
1073.11 461.722 4079
1068.77 462.854 4089
1061.8 462.854 4089
1054.83 462.854 4089
90.0457 64.0683 566
89.7103 64.5211 570
88.7386 64.5211 570
87.7669 64.5211 570
87.0998 64.7474 572
86.1246 64.7474 572
85.1495 64.7474 572
84.1744 64.7474 572
83.3447 64.8606 573
82.6554 65.087 575
81.6752 65.087 575
80.695 65.087 575
79.8534 65.2002 576
78.8714 65.2002 576
77.8895 65.2002 576
76.774 65.087 575
75.5302 64.8606 573
74.4232 64.7474 572
73.4481 64.7474 572
72.473 64.7474 572
1312.74 455.877 4089
1305.77 455.877 4089
1298.8 455.877 4089
1291.83 455.877 4089
1281.72 454.763 4079
1274.76 454.763 4079
1264.7 453.648 4069
1251.58 451.418 4049
1241.61 450.303 4039
1237.78 451.418 4049
1230.88 451.418 4049
1223.97 451.418 4049
1217.07 451.418 4049
1210.17 451.418 4049
1203.27 451.418 4049
1190.75 449.3 4030
1183.88 449.3 4030
1177.01 449.3 4030
1167.23 448.185 4020
1160.38 448.185 4020
1153.53 448.185 4020
1146.68 448.185 4020
1139.82 448.185 4020
1132.97 448.185 4020
1134.24 451.418 4049
1127.34 451.418 4049
1120.43 451.418 4049
1113.53 451.418 4049
1106.63 451.418 4049
1099.73 451.418 4049
1092.82 451.418 4049
1091.29 453.648 4069
1084.35 453.648 4069
1080.06 454.763 4079
1073.11 454.763 4079
1068.77 455.877 4089
1061.8 455.877 4089
1054.83 455.877 4089
90.0457 63.1026 566
89.7103 63.5486 570
88.7386 63.5486 570
87.7669 63.5486 570
87.0998 63.7716 572
86.1246 63.7716 572
85.1495 63.7716 572
84.1744 63.7716 572
83.3447 63.883 573
82.6554 64.106 575
81.6752 64.106 575
80.695 64.106 575
79.8534 64.2175 576
78.8714 64.2175 576
77.8895 64.2175 576
76.774 64.106 575
75.5302 63.883 573
74.4232 63.7716 572
73.4481 63.7716 572
72.473 63.7716 572
1312.74 448.901 4089
1305.77 448.901 4089
1298.8 448.901 4089
1291.83 448.901 4089
1281.72 447.803 4079
1274.76 447.803 4079
1264.7 446.706 4069
1251.58 444.51 4049
1241.61 443.412 4039
1237.78 444.51 4049
1230.88 444.51 4049
1223.97 444.51 4049
1217.07 444.51 4049
1210.17 444.51 4049
1203.27 444.51 4049
1190.75 442.424 4030
1183.88 442.424 4030
1177.01 442.424 4030
1167.23 441.326 4020
1160.38 441.326 4020
1153.53 441.326 4020
1146.68 441.326 4020
1139.82 441.326 4020
1132.97 441.326 4020
1134.24 444.51 4049
1127.34 444.51 4049
1120.43 444.51 4049
1113.53 444.51 4049
1106.63 444.51 4049
1099.73 444.51 4049
1092.82 444.51 4049
1091.29 446.706 4069
1084.35 446.706 4069
1080.06 447.803 4079
1073.11 447.803 4079
1068.77 448.901 4089
1061.8 448.901 4089
1054.83 448.901 4089
1047.85 448.901 4089
98.3808 61.9174 564
97.4193 61.9174 564
96.4578 61.9174 564
95.4964 61.9174 564
94.7025 62.0272 565
93.7393 62.0272 565
92.9403 62.137 566
91.9754 62.137 566
91.0106 62.137 566
90.0457 62.137 566
89.3956 62.3565 568
88.5829 62.4663 569
87.6129 62.4663 569
86.7952 62.5761 570
85.9741 62.6859 571
85.0007 62.6859 571
84.0273 62.6859 571
83.1993 62.7957 572
82.3679 62.9054 573
81.6752 63.125 575
80.695 63.125 575
79.7147 63.125 575
78.4606 62.9054 573
77.4838 62.9054 573
76.507 62.9054 573
75.5302 62.9054 573
74.4232 62.7957 572
73.4481 62.7957 572
72.473 62.7957 572
1319.71 441.925 4089
1312.74 441.925 4089
1305.77 441.925 4089
1298.8 441.925 4089
1285.51 439.763 4069
1278.57 439.763 4069
1271.64 439.763 4069
1261.59 438.683 4059
1248.49 436.521 4039
1241.61 436.521 4039
1237.78 437.602 4049
1230.88 437.602 4049
1223.97 437.602 4049
1214.06 436.521 4039
1207.18 436.521 4039
1200.29 436.521 4039
1190.75 435.548 4030
1183.88 435.548 4030
1177.01 435.548 4030
1164.33 433.387 4010
1157.49 433.387 4010
1150.66 433.387 4010
1143.82 433.387 4010
1136.99 433.387 4010
1130.15 433.387 4010
1128.92 435.548 4030
1124.55 436.521 4039
1117.67 436.521 4039
1110.78 436.521 4039
1103.9 436.521 4039
1097.01 436.521 4039
1090.13 436.521 4039
1083.24 436.521 4039
1079.02 437.602 4049
1077.41 439.763 4069
1070.48 439.763 4069
1066.15 440.844 4079
1061.8 441.925 4089
1054.83 441.925 4089
1047.85 441.925 4089
99.1661 60.8471 563
98.3808 60.9552 564
97.4193 60.9552 564
96.4578 60.9552 564
95.4964 60.9552 564
94.7025 61.0632 565
93.7393 61.0632 565
92.9403 61.1713 566
91.9754 61.1713 566
91.0106 61.1713 566
90.0457 61.1713 566
89.2382 61.2794 567
88.4273 61.3875 568
87.459 61.3875 568
86.6429 61.4955 569
85.6729 61.4955 569
84.8518 61.6036 570
83.8801 61.6036 570
83.0538 61.7117 571
82.2242 61.8198 572
81.3911 61.9278 573
80.4143 61.9278 573
79.4375 61.9278 573
78.4606 61.9278 573
77.4838 61.9278 573
76.507 61.9278 573
75.5302 61.9278 573
74.4232 61.8198 572
73.4481 61.8198 572
72.473 61.8198 572
1365.16 433.885 4079
1361.54 434.949 4089
1354.57 434.949 4089
1347.6 434.949 4089
1340.62 434.949 4089
1333.65 434.949 4089
1326.68 434.949 4089
1319.71 434.949 4089
1312.74 434.949 4089
1305.77 434.949 4089
1295.62 433.885 4079
1282.35 431.758 4059
1275.43 431.758 4059
1268.51 431.758 4059
1258.49 430.694 4049
1248.49 429.63 4039
1244.68 430.694 4049
1237.78 430.694 4049
1230.88 430.694 4049
1223.97 430.694 4049
1217.07 430.694 4049
1210.17 430.694 4049
1203.27 430.694 4049
1193.41 429.63 4039
1180.94 427.609 4020
1174.09 427.609 4020
1167.23 427.609 4020
1154.9 425.588 4001
1148.08 425.588 4001
1141.26 425.588 4001
1134.44 425.588 4001
1130.15 426.545 4010
1128.92 428.673 4030
1122.05 428.673 4030
1115.18 428.673 4030
1110.78 429.63 4039
1103.9 429.63 4039
1097.01 429.63 4039
1090.13 429.63 4039
1083.24 429.63 4039
1076.35 429.63 4039
1074.76 431.758 4059
1067.85 431.758 4059
1066.15 433.885 4079
1061.8 434.949 4089
1054.83 434.949 4089
1047.85 434.949 4089
99.1661 59.8865 563
98.3808 59.9929 564
97.4193 59.9929 564
96.4578 59.9929 564
95.4964 59.9929 564
94.7025 60.0993 565
93.7393 60.0993 565
92.9403 60.2057 566
91.9754 60.2057 566
91.0106 60.2057 566
90.0457 60.2057 566
89.2382 60.312 567
88.4273 60.4184 568
87.459 60.4184 568
86.6429 60.5248 569
85.6729 60.5248 569
84.7029 60.5248 569
83.7329 60.5248 569
82.9084 60.6311 570
82.2242 60.8439 572
81.2491 60.8439 572
80.2739 60.8439 572
79.2988 60.8439 572
78.3237 60.8439 572
77.3486 60.8439 572
76.3735 60.8439 572
75.3984 60.8439 572
74.4232 60.8439 572
73.4481 60.8439 572
72.2196 60.6311 570
1365.16 426.926 4079
1361.54 427.972 4089
1354.57 427.972 4089
1347.6 427.972 4089
1340.62 427.972 4089
1333.65 427.972 4089
1326.68 427.972 4089
1319.71 427.972 4089
1312.74 427.972 4089
1305.77 427.972 4089
1295.62 426.926 4079
1282.35 424.832 4059
1275.43 424.832 4059
1268.51 424.832 4059
1258.49 423.786 4049
1251.58 423.786 4049
1250.83 425.879 4069
1243.89 425.879 4069
1236.96 425.879 4069
1230.02 425.879 4069
1220.08 424.832 4059
1213.16 424.832 4059
1206.24 424.832 4059
1196.36 423.786 4049
1186.52 422.739 4039
1179.64 422.739 4039
1167.23 420.751 4020
1160.38 420.751 4020
1150.66 419.704 4010
1143.82 419.704 4010
1136.99 419.704 4010
1130.15 419.704 4010
1128.92 421.797 4030
1124.55 422.739 4039
1117.67 422.739 4039
1113.53 423.786 4049
1106.63 423.786 4049
1099.73 423.786 4049
1092.82 423.786 4049
1085.92 423.786 4049
1079.02 423.786 4049
1080.06 426.926 4079
1073.11 426.926 4079
1068.77 427.972 4089
1061.8 427.972 4089
1054.83 427.972 4089
99.1661 58.926 563
98.2064 58.926 563
97.2466 58.926 563
96.4578 59.0307 564
95.4964 59.0307 564
94.5349 59.0307 564
93.7393 59.1353 565
92.7761 59.1353 565
91.9754 59.24 566
91.0106 59.24 566
90.0457 59.24 566
89.2382 59.3447 567
88.4273 59.4493 568
87.459 59.4493 568
86.4907 59.4493 568
85.6729 59.554 569
84.7029 59.554 569
83.7329 59.554 569
82.9084 59.6587 570
82.2242 59.868 572
81.2491 59.868 572
80.2739 59.868 572
79.2988 59.868 572
78.3237 59.868 572
77.3486 59.868 572
76.3735 59.868 572
75.3984 59.868 572
74.4232 59.868 572
73.4481 59.868 572
72.2196 59.6587 570
1318.87 397.625 3862
1312.29 397.625 3862
1305.7 397.625 3862
1311.23 401.331 3898
1365.16 419.967 4079
1361.54 420.996 4089
1354.57 420.996 4089
1347.6 420.996 4089
1340.62 420.996 4089
1333.65 420.996 4089
1326.68 420.996 4089
1319.71 420.996 4089
1309.53 419.967 4079
1302.58 419.967 4079
1289.27 417.907 4059
1279.19 416.878 4049
1272.29 416.878 4049
1265.39 416.878 4049
1258.49 416.878 4049
1251.58 416.878 4049
1250.83 418.937 4069
1243.89 418.937 4069
1236.96 418.937 4069
1230.02 418.937 4069
1220.08 417.907 4059
1213.16 417.907 4059
1206.24 417.907 4059
1196.36 416.878 4049
1186.52 415.848 4039
1179.64 415.848 4039
1167.23 413.892 4020
1160.38 413.892 4020
1153.53 413.892 4020
1146.68 413.892 4020
1139.82 413.892 4020
1135.79 414.922 4030
1131.44 415.848 4039
1127.34 416.878 4049
1120.43 416.878 4049
1113.53 416.878 4049
1106.63 416.878 4049
1099.73 416.878 4049
1092.82 416.878 4049
1085.92 416.878 4049
1081.68 417.907 4059
1080.06 419.967 4079
1073.11 419.967 4079
1068.77 420.996 4089
1061.8 420.996 4089
1054.83 420.996 4089
99.1661 57.9655 563
98.2064 57.9655 563
97.2466 57.9655 563
96.2868 57.9655 563
95.327 57.9655 563
94.3673 57.9655 563
93.5734 58.0684 564
92.7761 58.1714 565
91.8129 58.1714 565
90.8498 58.1714 565
89.8866 58.1714 565
89.0808 58.2743 566
88.2716 58.3773 567
87.305 58.3773 567
86.4907 58.4803 568
85.5224 58.4803 568
84.7029 58.5832 569
83.7329 58.5832 569
82.9084 58.6862 570
82.0804 58.7891 571
81.2491 58.8921 572
80.2739 58.8921 572
79.2988 58.8921 572
78.1868 58.7891 571
77.2134 58.7891 571
76.24 58.7891 571
75.2665 58.7891 571
74.2931 58.7891 571
73.3197 58.7891 571
72.2196 58.6862 570
1318.87 391.036 3862
1312.29 391.036 3862
1305.7 391.036 3862
1311.23 394.681 3898
1335.71 404.097 3991
1348.22 409.97 4049
1341.32 409.97 4049
1344.3 413.007 4079
1337.35 413.007 4079
1330.39 413.007 4079
1323.44 413.007 4079
1316.49 413.007 4079
1306.32 411.995 4069
1299.38 411.995 4069
1286.1 409.97 4049
1279.19 409.97 4049
1272.29 409.97 4049
1265.39 409.97 4049
1258.49 409.97 4049
1254.67 410.982 4059
1250.83 411.995 4069
1243.89 411.995 4069
1236.96 411.995 4069
1230.02 411.995 4069
1220.08 410.982 4059
1213.16 410.982 4059
1206.24 410.982 4059
1196.36 409.97 4049
1186.52 408.957 4039
1179.64 408.957 4039
1167.23 407.033 4020
1160.38 407.033 4020
1153.53 407.033 4020
1146.68 407.033 4020
1139.82 407.033 4020
1135.79 408.046 4030
1131.44 408.957 4039
1127.34 409.97 4049
1120.43 409.97 4049
1113.53 409.97 4049
1106.63 409.97 4049
1099.73 409.97 4049
1092.82 409.97 4049
1085.92 409.97 4049
1081.68 410.982 4059
1080.06 413.007 4079
1073.11 413.007 4079
1068.77 414.02 4089
1061.8 414.02 4089
1054.83 414.02 4089
99.9481 56.9037 562
99.1661 57.0049 563
98.2064 57.0049 563
97.2466 57.0049 563
96.2868 57.0049 563
95.327 57.0049 563
94.3673 57.0049 563
93.4075 57.0049 563
92.6119 57.1062 564
91.6504 57.1062 564
90.689 57.1062 564
89.8866 57.2074 565
88.9234 57.2074 565
88.1159 57.3087 566
87.151 57.3087 566
86.1861 57.3087 566
85.3718 57.4099 567
84.4052 57.4099 567
83.4386 57.4099 567
82.6175 57.5112 568
81.9367 57.7137 570
80.965 57.7137 570
79.9933 57.7137 570
79.0216 57.7137 570
78.0499 57.7137 570
77.0781 57.7137 570
76.1064 57.7137 570
75.1347 57.7137 570
74.163 57.7137 570
73.1913 57.7137 570
72.0929 57.6124 569
70.8729 57.4099 567
1318.87 384.447 3862
1312.29 384.447 3862
1305.7 384.447 3862
1311.23 388.03 3898
1329.35 395.397 3972
1344.89 402.066 4039
1338 402.066 4039
1334.41 403.062 4049
1327.51 403.062 4049
1327.13 405.053 4069
1320.19 405.053 4069
1313.26 405.053 4069
1299.9 403.062 4049
1293 403.062 4049
1282.92 402.066 4039
1276.03 402.066 4039
1272.29 403.062 4049
1265.39 403.062 4049
1258.49 403.062 4049
1254.67 404.057 4059
1250.83 405.053 4069
1243.89 405.053 4069
1236.96 405.053 4069
1230.02 405.053 4069
1220.08 404.057 4059
1213.16 404.057 4059
1206.24 404.057 4059
1196.36 403.062 4049
1186.52 402.066 4039
1179.64 402.066 4039
1167.23 400.175 4020
1160.38 400.175 4020
1153.53 400.175 4020
1146.68 400.175 4020
1139.82 400.175 4020
1135.79 401.17 4030
1131.44 402.066 4039
1127.34 403.062 4049
1120.43 403.062 4049
1113.53 403.062 4049
1106.63 403.062 4049
1099.73 403.062 4049
1092.82 403.062 4049
1085.92 403.062 4049
1081.68 404.057 4059
1080.06 406.048 4079
1073.11 406.048 4079
1066.15 406.048 4079
1059.2 406.048 4079
1052.25 406.048 4079
101.683 55.8453 561
100.727 55.8453 561
99.9481 55.9449 562
99.1661 56.0444 563
98.2064 56.0444 563
97.2466 56.0444 563
96.2868 56.0444 563
95.327 56.0444 563
94.3673 56.0444 563
93.4075 56.0444 563
92.6119 56.1439 564
91.6504 56.1439 564
90.689 56.1439 564
89.8866 56.2435 565
88.9234 56.2435 565
88.1159 56.343 566
87.151 56.343 566
86.1861 56.343 566
85.3718 56.4426 567
84.4052 56.4426 567
83.4386 56.4426 567
82.472 56.4426 567
81.6492 56.5421 568
80.8229 56.6417 569
79.8529 56.6417 569
78.8829 56.6417 569
77.9129 56.6417 569
76.9429 56.6417 569
75.9729 56.6417 569
75.0029 56.6417 569
73.9028 56.5421 568
72.9345 56.5421 568
71.9662 56.5421 568
70.8729 56.4426 567
1318.87 377.858 3862
1312.29 377.858 3862
1305.7 377.858 3862
1308.2 380.499 3889
1329.35 388.62 3972
1344.89 395.175 4039
1338 395.175 4039
1334.41 396.154 4049
1327.51 396.154 4049
1327.13 398.111 4069
1320.19 398.111 4069
1313.26 398.111 4069
1299.9 396.154 4049
1293 396.154 4049
1282.92 395.175 4039
1276.03 395.175 4039
1272.29 396.154 4049
1265.39 396.154 4049
1258.49 396.154 4049
1254.67 397.132 4059
1250.83 398.111 4069
1243.89 398.111 4069
1236.96 398.111 4069
1230.02 398.111 4069
1220.08 397.132 4059
1213.16 397.132 4059
1206.24 397.132 4059
1196.36 396.154 4049
1186.52 395.175 4039
1179.64 395.175 4039
1167.23 393.316 4020
1157.49 392.338 4010
1150.66 392.338 4010
1149.53 394.295 4030
1142.66 394.295 4030
1135.79 394.295 4030
1131.44 395.175 4039
1124.55 395.175 4039
1117.67 395.175 4039
1110.78 395.175 4039
1103.9 395.175 4039
1097.01 395.175 4039
1087.7 394.295 4030
1083.24 395.175 4039
1079.02 396.154 4049
1077.41 398.111 4069
1070.48 398.111 4069
1066.15 399.089 4079
1059.2 399.089 4079
1052.25 399.089 4079
101.683 54.8882 561
100.727 54.8882 561
99.9481 54.986 562
99.1661 55.0839 563
98.2064 55.0839 563
97.2466 55.0839 563
96.2868 55.0839 563
95.327 55.0839 563
94.3673 55.0839 563
93.4075 55.0839 563
92.6119 55.1817 564
91.6504 55.1817 564
90.689 55.1817 564
89.7275 55.1817 564
88.9234 55.2795 565
88.1159 55.3774 566
87.151 55.3774 566
86.1861 55.3774 566
85.2212 55.3774 566
84.4052 55.4752 567
83.4386 55.4752 567
82.472 55.4752 567
81.6492 55.5731 568
80.8229 55.6709 569
79.8529 55.6709 569
78.8829 55.6709 569
77.9129 55.6709 569
76.9429 55.6709 569
75.9729 55.6709 569
75.0029 55.6709 569
73.9028 55.5731 568
72.9345 55.5731 568
71.9662 55.5731 568
70.8729 55.4752 567
1312.29 371.269 3862
1305.7 371.269 3862
1308.2 373.864 3889
1326.34 380.978 3963
1341.89 387.419 4030
1335.02 387.419 4030
1331.12 388.284 4039
1324.23 388.284 4039
1320.61 389.246 4049
1313.71 389.246 4049
1306.8 389.246 4049
1296.69 388.284 4039
1289.8 388.284 4039
1280.06 387.419 4030
1273.19 387.419 4030
1272.29 389.246 4049
1265.39 389.246 4049
1258.49 389.246 4049
1251.58 389.246 4049
1247.75 390.207 4059
1240.83 390.207 4059
1233.92 390.207 4059
1227 390.207 4059
1220.08 390.207 4059
1213.16 390.207 4059
1206.24 390.207 4059
1196.36 389.246 4049
1186.52 388.284 4039
1179.64 388.284 4039
1167.23 386.458 4020
1160.38 386.458 4020
1156.4 387.419 4030
1152.09 388.284 4039
1145.21 388.284 4039
1138.32 388.284 4039
1137.04 390.207 4059
1130.12 390.207 4059
1123.2 390.207 4059
1116.28 390.207 4059
1103.9 388.284 4039
1097.01 388.284 4039
1090.13 388.284 4039
1085.92 389.246 4049
1081.68 390.207 4059
1080.06 392.13 4079
1073.11 392.13 4079
1068.77 393.091 4089
1061.8 393.091 4089
1054.83 393.091 4089
101.683 53.9311 561
100.727 53.9311 561
99.9481 54.0272 562
99.1661 54.1233 563
98.2064 54.1233 563
97.2466 54.1233 563
96.2868 54.1233 563
95.327 54.1233 563
94.3673 54.1233 563
93.4075 54.1233 563
92.6119 54.2195 564
91.6504 54.2195 564
90.689 54.2195 564
89.7275 54.2195 564
88.9234 54.3156 565
87.9602 54.3156 565
86.997 54.3156 565
86.1861 54.4117 566
85.2212 54.4117 566
84.2563 54.4117 566
83.2915 54.4117 566
82.472 54.5079 567
81.6492 54.604 568
80.6809 54.604 568
79.7126 54.604 568
78.7443 54.604 568
77.776 54.604 568
76.8077 54.604 568
75.8394 54.604 568
74.8711 54.604 568
73.9028 54.604 568
72.9345 54.604 568
71.8395 54.5079 567
70.8729 54.5079 567
1306.17 362.98 3844
1299.62 362.98 3844
1317.28 369.779 3916
1313.62 370.629 3925
1335.23 378.655 4010
1328.4 378.655 4010
1324.86 379.599 4020
1318 379.599 4020
1314.41 380.544 4030
1307.54 380.544 4030
1300.67 380.544 4030
1290.59 379.599 4020
1283.74 379.599 4020
1276.88 379.599 4020
1270.03 379.599 4020
1269.15 381.393 4039
1265.39 382.338 4049
1258.49 382.338 4049
1251.58 382.338 4049
1247.75 383.282 4059
1240.83 383.282 4059
1233.92 383.282 4059
1227 383.282 4059
1220.08 383.282 4059
1213.16 383.282 4059
1206.24 383.282 4059
1196.36 382.338 4049
1186.52 381.393 4039
1179.64 381.393 4039
1170.14 380.544 4030
1160.38 379.599 4020
1156.4 380.544 4030
1152.09 381.393 4039
1145.21 381.393 4039
1138.32 381.393 4039
1137.04 383.282 4059
1130.12 383.282 4059
1123.2 383.282 4059
1116.28 383.282 4059
1103.9 381.393 4039
1097.01 381.393 4039
1090.13 381.393 4039
1085.92 382.338 4049
1081.68 383.282 4059
1080.06 385.171 4079
1073.11 385.171 4079
1068.77 386.115 4089
1061.8 386.115 4089
1054.83 386.115 4089
101.683 52.9739 561
100.727 52.9739 561
99.7702 52.9739 561
98.99 53.0684 562
98.0319 53.0684 562
97.2466 53.1628 563
96.2868 53.1628 563
95.327 53.1628 563
94.3673 53.1628 563
93.4075 53.1628 563
92.4477 53.1628 563
91.6504 53.2572 564
90.689 53.2572 564
89.7275 53.2572 564
88.9234 53.3516 565
87.9602 53.3516 565
86.997 53.3516 565
86.0338 53.3516 565
85.2212 53.4461 566
84.2563 53.4461 566
83.2915 53.4461 566
82.3266 53.4461 566
81.5054 53.5405 567
80.5388 53.5405 567
79.5723 53.5405 567
78.6057 53.5405 567
77.6391 53.5405 567
76.6725 53.5405 567
75.7059 53.5405 567
74.7393 53.5405 567
73.7727 53.5405 567
72.8061 53.5405 567
71.8395 53.5405 567
70.7479 53.4461 566
69.6597 53.3516 565
68.6966 53.3516 565
1306.17 356.422 3844
1299.62 356.422 3844
1320.31 363.932 3925
1326.34 367.456 3963
1332.24 370.979 4001
1325.41 370.979 4001
1321.56 371.814 4010
1314.72 371.814 4010
1307.89 371.814 4010
1301.05 371.814 4010
1294.22 371.814 4010
1284.49 370.979 4001
1277.67 370.979 4001
1270.85 370.979 4001
1266.87 371.814 4010
1269.15 374.503 4039
1265.39 375.43 4049
1258.49 375.43 4049
1251.58 375.43 4049
1244.68 375.43 4049
1240.83 376.357 4059
1233.92 376.357 4059
1227 376.357 4059
1217.07 375.43 4049
1210.17 375.43 4049
1203.27 375.43 4049
1196.36 375.43 4049
1186.52 374.503 4039
1179.64 374.503 4039
1170.14 373.668 4030
1165.87 374.503 4039
1158.98 374.503 4039
1154.95 375.43 4049
1148.04 375.43 4049
1143.96 376.357 4059
1137.04 376.357 4059
1130.12 376.357 4059
1123.2 376.357 4059
1116.28 376.357 4059
1106.63 375.43 4049
1099.73 375.43 4049
1092.82 375.43 4049
1085.92 375.43 4049
1084.35 377.284 4069
1080.06 378.211 4079
1073.11 378.211 4079
1068.77 379.139 4089
1061.8 379.139 4089
1054.83 379.139 4089
101.542 51.4605 555
101.683 52.0168 561
100.727 52.0168 561
99.7702 52.0168 561
98.99 52.1095 562
98.0319 52.1095 562
97.2466 52.2023 563
96.2868 52.2023 563
95.327 52.2023 563
94.3673 52.2023 563
93.4075 52.2023 563
92.4477 52.2023 563
91.6504 52.295 564
90.689 52.295 564
89.7275 52.295 564
88.9234 52.3877 565
87.9602 52.3877 565
86.997 52.3877 565
86.0338 52.3877 565
85.2212 52.4804 566
84.2563 52.4804 566
83.2915 52.4804 566
82.3266 52.4804 566
81.3617 52.4804 566
80.5388 52.5731 567
79.5723 52.5731 567
78.6057 52.5731 567
77.6391 52.5731 567
76.6725 52.5731 567
75.7059 52.5731 567
74.7393 52.5731 567
73.7727 52.5731 567
72.8061 52.5731 567
71.7128 52.4804 566
70.7479 52.4804 566
69.6597 52.3877 565
68.6966 52.3877 565
67.6135 52.295 564
66.652 52.295 564
1320.31 357.236 3925
1326.34 360.694 3963
1332.24 364.153 4001
1325.41 364.153 4001
1321.56 364.972 4010
1314.72 364.972 4010
1307.89 364.972 4010
1301.05 364.972 4010
1294.22 364.972 4010
1284.49 364.153 4001
1277.67 364.153 4001
1270.85 364.153 4001
1266.87 364.972 4010
1269.15 367.612 4039
1265.39 368.522 4049
1258.49 368.522 4049
1251.58 368.522 4049
1244.68 368.522 4049
1240.83 369.432 4059
1233.92 369.432 4059
1227 369.432 4059
1217.07 368.522 4049
1210.17 368.522 4049
1203.27 368.522 4049
1196.36 368.522 4049
1186.52 367.612 4039
1179.64 367.612 4039
1170.14 366.792 4030
1165.87 367.612 4039
1158.98 367.612 4039
1154.95 368.522 4049
1148.04 368.522 4049
1143.96 369.432 4059
1137.04 369.432 4059
1130.12 369.432 4059
1123.2 369.432 4059
1116.28 369.432 4059
1106.63 368.522 4049
1099.73 368.522 4049
1092.82 368.522 4049
1085.92 368.522 4049
1084.35 370.342 4069
1080.06 371.252 4079
1073.11 371.252 4079
1068.77 372.162 4089
1061.8 372.162 4089
1054.83 372.162 4089
101.542 50.5136 555
101.32 50.8777 559
100.367 50.8777 559
99.5924 50.9687 560
98.8138 51.0597 561
97.8575 51.0597 561
96.9011 51.0597 561
96.1158 51.1507 562
95.1577 51.1507 562
94.1996 51.1507 562
93.2416 51.1507 562
92.4477 51.2417 563
91.4879 51.2417 563
90.5282 51.2417 563
89.5684 51.2417 563
88.766 51.3327 564
87.8045 51.3327 564
86.8431 51.3327 564
85.8816 51.3327 564
85.0707 51.4238 565
84.1075 51.4238 565
83.1443 51.4238 565
82.1811 51.4238 565
81.3617 51.5148 566
80.5388 51.6058 567
79.5723 51.6058 567
78.6057 51.6058 567
77.6391 51.6058 567
76.6725 51.6058 567
75.7059 51.6058 567
74.7393 51.6058 567
73.7727 51.6058 567
72.8061 51.6058 567
71.7128 51.5148 566
70.7479 51.5148 566
69.6597 51.4238 565
68.6966 51.4238 565
67.6135 51.3327 564
66.652 51.3327 564
65.5741 51.2417 563
64.6143 51.2417 563
1343.21 353.04 3953
1336.47 353.04 3953
1329.73 353.04 3953
1326.34 353.933 3963
1332.24 357.327 4001
1325.41 357.327 4001
1318.59 357.327 4001
1311.77 357.327 4001
1304.95 357.327 4001
1294.89 356.434 3991
1288.08 356.434 3991
1284.49 357.327 4001
1277.67 357.327 4001
1270.85 357.327 4001
1264.03 357.327 4001
1266.32 359.917 4030
1262.26 360.721 4039
1255.38 360.721 4039
1251.58 361.614 4049
1244.68 361.614 4049
1240.83 362.507 4059
1233.92 362.507 4059
1227 362.507 4059
1217.07 361.614 4049
1210.17 361.614 4049
1203.27 361.614 4049
1196.36 361.614 4049
1186.52 360.721 4039
1179.64 360.721 4039
1170.14 359.917 4030
1165.87 360.721 4039
1158.98 360.721 4039
1154.95 361.614 4049
1148.04 361.614 4049
1143.96 362.507 4059
1137.04 362.507 4059
1130.12 362.507 4059
1123.2 362.507 4059
1116.28 362.507 4059
1106.63 361.614 4049
1099.73 361.614 4049
1092.82 361.614 4049
1085.92 361.614 4049
1084.35 363.4 4069
1080.06 364.293 4079
1073.11 364.293 4079
1068.77 365.186 4089
1061.8 365.186 4089
1054.83 365.186 4089
104.192 49.4774 554
103.247 49.4774 554
102.488 49.5667 555
101.542 49.5667 555
101.139 49.8346 558
100.188 49.8346 558
99.4145 49.9239 559
98.4616 49.9239 559
97.6831 50.0133 560
96.7284 50.0133 560
95.7737 50.0133 560
94.9884 50.1026 561
94.032 50.1026 561
93.2416 50.1919 562
92.2835 50.1919 562
91.4879 50.2812 563
90.5282 50.2812 563
89.5684 50.2812 563
88.766 50.3705 564
87.8045 50.3705 564
86.8431 50.3705 564
85.8816 50.3705 564
84.9201 50.3705 564
83.9586 50.3705 564
82.9971 50.3705 564
82.1811 50.4598 565
81.2179 50.4598 565
80.2548 50.4598 565
79.2916 50.4598 565
78.3284 50.4598 565
77.3652 50.4598 565
76.5372 50.5491 566
75.5724 50.5491 566
74.6075 50.5491 566
73.6426 50.5491 566
72.6777 50.5491 566
71.5861 50.4598 565
70.4979 50.3705 564
69.5365 50.3705 564
68.575 50.3705 564
67.6135 50.3705 564
66.652 50.3705 564
65.5741 50.2812 563
64.6143 50.2812 563
1343.21 346.296 3953
1336.47 346.296 3953
1329.73 346.296 3953
1326.34 347.172 3963
1332.24 350.501 4001
1325.41 350.501 4001
1318.59 350.501 4001
1311.77 350.501 4001
1304.95 350.501 4001
1291.97 348.836 3982
1285.18 348.836 3982
1281.28 349.625 3991
1274.48 349.625 3991
1267.67 349.625 3991
1264.03 350.501 4001
1266.32 353.041 4030
1259.45 353.041 4030
1252.58 353.041 4030
1248.49 353.83 4039
1244.68 354.706 4049
1237.78 354.706 4049
1230.88 354.706 4049
1223.97 354.706 4049
1217.07 354.706 4049
1210.17 354.706 4049
1203.27 354.706 4049
1196.36 354.706 4049
1186.52 353.83 4039
1179.64 353.83 4039
1170.14 353.041 4030
1165.87 353.83 4039
1158.98 353.83 4039
1154.95 354.706 4049
1148.04 354.706 4049
1143.96 355.582 4059
1137.04 355.582 4059
1130.12 355.582 4059
1123.2 355.582 4059
1116.28 355.582 4059
1106.63 354.706 4049
1099.73 354.706 4049
1092.82 354.706 4049
1085.92 354.706 4049
1084.35 356.458 4069
1080.06 357.334 4079
1073.11 357.334 4079
1068.77 358.21 4089
1061.8 358.21 4089
1054.83 358.21 4089
105.136 48.5322 554
104.192 48.5322 554
103.247 48.5322 554
102.488 48.6198 555
101.542 48.6198 555
100.595 48.6198 555
99.6493 48.6198 555
99.0588 48.795 557
98.2854 48.8826 558
97.5086 48.9702 559
96.5557 48.9702 559
95.6027 48.9702 559
94.8191 49.0578 560
93.8644 49.0578 560
93.0757 49.1454 561
92.1193 49.1454 561
91.3254 49.233 562
90.3674 49.233 562
89.5684 49.3206 563
88.6086 49.3206 563
87.6488 49.3206 563
86.6891 49.3206 563
85.7293 49.3206 563
84.9201 49.4082 564
83.9586 49.4082 564
82.9971 49.4082 564
82.0357 49.4082 564
81.2179 49.4959 565
80.2548 49.4959 565
79.2916 49.4959 565
78.3284 49.4959 565
77.3652 49.4959 565
76.402 49.4959 565
75.4388 49.4959 565
74.4757 49.4959 565
73.5125 49.4959 565
72.5493 49.4959 565
71.5861 49.4959 565
70.4979 49.4082 564
69.5365 49.4082 564
68.575 49.4082 564
67.6135 49.4082 564
66.652 49.4082 564
65.5741 49.3206 563
64.6143 49.3206 563
1346.87 338.778 3944
1343.21 339.552 3953
1336.47 339.552 3953
1329.73 339.552 3953
1326.34 340.41 3963
1322.58 341.184 3972
1315.81 341.184 3972
1312.33 342.043 3982
1305.54 342.043 3982
1298.76 342.043 3982
1288.72 341.184 3972
1281.95 341.184 3972
1278.39 342.043 3982
1271.6 342.043 3982
1264.81 342.043 3982
1264.03 343.675 4001
1260.04 344.448 4010
1259.45 346.166 4030
1252.58 346.166 4030
1245.71 346.166 4030
1241.61 346.939 4039
1237.78 347.798 4049
1230.88 347.798 4049
1223.97 347.798 4049
1217.07 347.798 4049
1210.17 347.798 4049
1203.27 347.798 4049
1193.41 346.939 4039
1183.88 346.166 4030
1177.01 346.166 4030
1167.23 345.307 4020
1163.27 346.166 4030
1158.98 346.939 4039
1152.09 346.939 4039
1145.21 346.939 4039
1141.14 347.798 4049
1137.04 348.657 4059
1130.12 348.657 4059
1123.2 348.657 4059
1113.53 347.798 4049
1103.9 346.939 4039
1097.01 346.939 4039
1090.13 346.939 4039
1085.92 347.798 4049
1081.68 348.657 4059
1080.06 350.375 4079
1073.11 350.375 4079
1066.15 350.375 4079
1061.8 351.234 4089
1054.83 351.234 4089
1047.85 351.234 4089
105.136 47.587 554
104.192 47.587 554
103.247 47.587 554
102.488 47.6729 555
101.542 47.6729 555
100.595 47.6729 555
99.6493 47.6729 555
99.0588 47.8447 557
98.2854 47.9306 558
97.5086 48.0165 559
96.5557 48.0165 559
95.6027 48.0165 559
94.8191 48.1024 560
93.8644 48.1024 560
93.0757 48.1883 561
92.1193 48.1883 561
91.3254 48.2742 562
90.3674 48.2742 562
89.5684 48.3601 563
88.6086 48.3601 563
87.6488 48.3601 563
86.6891 48.3601 563
85.7293 48.3601 563
84.9201 48.446 564
83.9586 48.446 564
82.9971 48.446 564
82.0357 48.446 564
81.0742 48.446 564
80.1127 48.446 564
79.1512 48.446 564
78.1898 48.446 564
77.2283 48.446 564
76.2668 48.446 564
75.3053 48.446 564
74.3438 48.446 564
73.3824 48.446 564
72.4209 48.446 564
71.4594 48.446 564
70.4979 48.446 564
69.4132 48.3601 563
68.4534 48.3601 563
67.4936 48.3601 563
66.5338 48.3601 563
65.4576 48.2742 562
64.4995 48.2742 562
1346.87 332.05 3944
1343.21 332.807 3953
1336.47 332.807 3953
1329.73 332.807 3953
1329.35 334.407 3972
1322.58 334.407 3972
1315.81 334.407 3972
1312.33 335.249 3982
1305.54 335.249 3982
1298.76 335.249 3982
1288.72 334.407 3972
1281.95 334.407 3972
1278.39 335.249 3982
1271.6 335.249 3982
1264.81 335.249 3982
1266.87 337.606 4010
1263.18 338.448 4020
1259.45 339.29 4030
1252.58 339.29 4030
1245.71 339.29 4030
1241.61 340.048 4039
1237.78 340.89 4049
1230.88 340.89 4049
1223.97 340.89 4049
1217.07 340.89 4049
1210.17 340.89 4049
1203.27 340.89 4049
1193.41 340.048 4039
1183.88 339.29 4030
1177.01 339.29 4030
1167.23 338.448 4020
1160.38 338.448 4020
1153.53 338.448 4020
1149.53 339.29 4030
1142.66 339.29 4030
1138.32 340.048 4039
1131.44 340.048 4039
1124.55 340.048 4039
1117.67 340.048 4039
1110.78 340.048 4039
1101.44 339.29 4030
1094.57 339.29 4030
1087.7 339.29 4030
1083.24 340.048 4039
1079.02 340.89 4049
1077.41 342.573 4069
1070.48 342.573 4069
1063.54 342.573 4069
1061.8 344.257 4089
1054.83 344.257 4089
1047.85 344.257 4089
105.136 46.6419 554
104.192 46.6419 554
103.247 46.6419 554
102.488 46.726 555
101.542 46.726 555
100.595 46.726 555
99.6493 46.726 555
99.0588 46.8944 557
98.1093 46.8944 557
97.1597 46.8944 557
96.2102 46.8944 557
95.6027 47.0628 559
94.6497 47.0628 559
93.6968 47.0628 559
92.7438 47.0628 559
91.9551 47.147 560
91.1629 47.2312 561
90.2066 47.2312 561
89.4093 47.3154 562
88.6086 47.3996 563
87.6488 47.3996 563
86.6891 47.3996 563
85.7293 47.3996 563
84.7695 47.3996 563
83.8098 47.3996 563
82.85 47.3996 563
81.8902 47.3996 563
81.0742 47.4838 564
80.1127 47.4838 564
79.1512 47.4838 564
78.1898 47.4838 564
77.2283 47.4838 564
76.2668 47.4838 564
75.3053 47.4838 564
74.3438 47.4838 564
73.3824 47.4838 564
72.4209 47.4838 564
71.4594 47.4838 564
70.4979 47.4838 564
69.4132 47.3996 563
68.4534 47.3996 563
67.4936 47.3996 563
66.5338 47.3996 563
65.4576 47.3154 562
64.4995 47.3154 562
1349.95 326.063 3953
1346.61 326.888 3963
1339.85 326.888 3963
1333.09 326.888 3963
1329.35 327.63 3972
1322.58 327.63 3972
1315.81 327.63 3972
1309.04 327.63 3972
1302.27 327.63 3972
1295.49 327.63 3972
1288.72 327.63 3972
1281.95 327.63 3972
1278.39 328.455 3982
1271.6 328.455 3982
1264.81 328.455 3982
1266.87 330.765 4010
1263.18 331.59 4020
1256.32 331.59 4020
1249.47 331.59 4020
1245.71 332.414 4030
1238.84 332.414 4030
1234.72 333.157 4039
1227.84 333.157 4039
1220.95 333.157 4039
1214.06 333.157 4039
1207.18 333.157 4039
1200.29 333.157 4039
1190.75 332.414 4030
1180.94 331.59 4020
1174.09 331.59 4020
1167.23 331.59 4020
1160.38 331.59 4020
1153.53 331.59 4020
1149.53 332.414 4030
1142.66 332.414 4030
1138.32 333.157 4039
1131.44 333.157 4039
1124.55 333.157 4039
1117.67 333.157 4039
1110.78 333.157 4039
1101.44 332.414 4030
1094.57 332.414 4030
1087.7 332.414 4030
1083.24 333.157 4039
1079.02 333.982 4049
1077.41 335.631 4069
1070.48 335.631 4069
1063.54 335.631 4069
1061.8 337.281 4089
1054.83 337.281 4089
1047.85 337.281 4089
105.136 45.6967 554
104.192 45.6967 554
103.247 45.6967 554
102.488 45.7792 555
101.542 45.7792 555
100.595 45.7792 555
99.6493 45.7792 555
98.881 45.8616 556
97.9332 45.8616 556
96.9853 45.8616 556
96.0375 45.8616 556
95.2607 45.9441 557
94.3111 45.9441 557
93.3616 45.9441 557
92.5779 46.0266 558
91.7909 46.1091 559
91.0004 46.1916 560
90.0458 46.1916 560
89.2502 46.2741 561
88.4512 46.3566 562
87.4932 46.3566 562
86.5351 46.3566 562
85.577 46.3566 562
84.619 46.3566 562
83.6609 46.3566 562
82.7028 46.3566 562
81.7448 46.3566 562
80.9304 46.439 563
79.9707 46.439 563
79.0109 46.439 563
78.0511 46.439 563
77.0913 46.439 563
76.1316 46.439 563
75.1718 46.439 563
74.3438 46.5215 564
73.3824 46.5215 564
72.4209 46.5215 564
71.3327 46.439 563
70.3729 46.439 563
69.4132 46.439 563
68.4534 46.439 563
67.3737 46.3566 562
66.4157 46.3566 562
65.4576 46.3566 562
64.4995 46.3566 562
1382.73 327.074 4049
1382.62 328.689 4069
1375.69 328.689 4069
1368.75 328.689 4069
1361.81 328.689 4069
1354.88 328.689 4069
1341.32 327.074 4049
1331.12 326.266 4039
1324.23 326.266 4039
1317.35 326.266 4039
1301.05 323.923 4010
1294.22 323.923 4010
1287.38 323.923 4010
1280.54 323.923 4010
1273.71 323.923 4010
1270.03 324.731 4020
1269.15 326.266 4039
1265.39 327.074 4049
1258.49 327.074 4049
1251.58 327.074 4049
1244.68 327.074 4049
1237.78 327.074 4049
1230.88 327.074 4049
1223.97 327.074 4049
1217.07 327.074 4049
1210.17 327.074 4049
1203.27 327.074 4049
1190.75 325.539 4030
1183.88 325.539 4030
1177.01 325.539 4030
1164.33 323.923 4010
1160.38 324.731 4020
1153.53 324.731 4020
1146.68 324.731 4020
1139.82 324.731 4020
1135.79 325.539 4030
1128.92 325.539 4030
1122.05 325.539 4030
1115.18 325.539 4030
1105.56 324.731 4020
1098.7 324.731 4020
1091.85 324.731 4020
1085 324.731 4020
1078.14 324.731 4020
1076.35 326.266 4039
1074.76 327.881 4059
1067.85 327.881 4059
1060.93 327.881 4059
1059.2 329.497 4079
1052.25 329.497 4079
1045.29 329.497 4079
105.136 44.7515 554
104.192 44.7515 554
103.247 44.7515 554
102.303 44.7515 554
101.542 44.8323 555
100.595 44.8323 555
99.6493 44.8323 555
98.7031 44.8323 555
97.9332 44.913 556
96.9853 44.913 556
96.0375 44.913 556
94.9186 44.8323 555
93.9725 44.8323 555
93.194 44.913 556
92.2461 44.913 556
91.4625 44.9938 557
90.5129 44.9938 557
89.5634 44.9938 557
88.932 45.1554 559
88.1365 45.2362 560
87.1818 45.2362 560
86.2271 45.2362 560
85.2725 45.2362 560
84.3178 45.2362 560
83.3632 45.2362 560
82.4085 45.2362 560
81.4538 45.2362 560
80.6429 45.3169 561
79.6866 45.3169 561
78.7302 45.3169 561
77.7738 45.3169 561
76.9544 45.3977 562
75.9964 45.3977 562
75.0383 45.3977 562
74.0802 45.3977 562
73.1221 45.3977 562
72.1641 45.3977 562
71.206 45.3977 562
70.2479 45.3977 562
69.2899 45.3977 562
68.3318 45.3977 562
67.2539 45.3169 561
66.2975 45.3169 561
65.2247 45.2362 560
64.27 45.2362 560
1389.63 320.166 4049
1392.98 322.538 4079
1389.42 323.329 4089
1382.45 323.329 4089
1375.48 323.329 4089
1361.81 321.747 4069
1354.88 321.747 4069
1341.32 320.166 4049
1337.71 320.956 4059
1330.79 320.956 4059
1323.87 320.956 4059
1316.95 320.956 4059
1310.03 320.956 4059
1293.8 318.663 4030
1286.93 318.663 4030
1280.06 318.663 4030
1282.35 320.956 4059
1278.57 321.747 4069
1271.64 321.747 4069
1264.7 321.747 4069
1257.76 321.747 4069
1250.83 321.747 4069
1243.89 321.747 4069
1230.88 320.166 4049
1223.97 320.166 4049
1217.07 320.166 4049
1210.17 320.166 4049
1203.27 320.166 4049
1190.75 318.663 4030
1183.88 318.663 4030
1177.01 318.663 4030
1164.33 317.082 4010
1160.38 317.872 4020
1153.53 317.872 4020
1146.68 317.872 4020
1139.82 317.872 4020
1132.97 317.872 4020
1128.92 318.663 4030
1122.05 318.663 4030
1115.18 318.663 4030
1105.56 317.872 4020
1095.97 317.082 4010
1089.13 317.082 4010
1082.3 317.082 4010
1078.14 317.872 4020
1071.29 317.872 4020
1069.47 319.375 4039
1062.58 319.375 4039
1055.7 319.375 4039
1048.81 319.375 4039
1041.93 319.375 4039
105.136 43.8063 554
104.192 43.8063 554
103.247 43.8063 554
102.303 43.8063 554
101.542 43.8854 555
100.595 43.8854 555
99.6493 43.8854 555
98.7031 43.8854 555
97.9332 43.9645 556
96.9853 43.9645 556
96.0375 43.9645 556
94.9186 43.8854 555
93.9725 43.8854 555
93.194 43.9645 556
92.2461 43.9645 556
91.4625 44.0435 557
90.5129 44.0435 557
89.5634 44.0435 557
88.932 44.2017 559
88.1365 44.2807 560
87.1818 44.2807 560
86.2271 44.2807 560
85.2725 44.2807 560
84.3178 44.2807 560
83.3632 44.2807 560
82.4085 44.2807 560
81.4538 44.2807 560
80.4992 44.2807 560
79.5445 44.2807 560
78.5899 44.2807 560
77.6352 44.2807 560
76.8175 44.3598 561
75.8611 44.3598 561
74.9048 44.3598 561
74.0802 44.4389 562
73.1221 44.4389 562
72.1641 44.4389 562
71.206 44.4389 562
70.1229 44.3598 561
69.1666 44.3598 561
68.2102 44.3598 561
67.134 44.2807 560
66.1793 44.2807 560
1389.63 313.258 4049
1392.98 315.579 4079
1389.42 316.352 4089
1382.45 316.352 4089
1375.48 316.352 4089
1361.81 314.805 4069
1354.88 314.805 4069
1341.32 313.258 4049
1337.71 314.031 4059
1334.07 314.805 4069
1327.13 314.805 4069
1320.19 314.805 4069
1310.03 314.031 4059
1299.9 313.258 4049
1296.19 314.031 4059
1289.27 314.031 4059
1282.35 314.031 4059
1278.57 314.805 4069
1271.64 314.805 4069
1264.7 314.805 4069
1257.76 314.805 4069
1250.83 314.805 4069
1243.89 314.805 4069
1236.96 314.805 4069
1227 314.031 4059
1217.07 313.258 4049
1210.17 313.258 4049
1203.27 313.258 4049
1190.75 311.788 4030
1183.88 311.788 4030
1177.01 311.788 4030
1164.33 310.24 4010
1157.49 310.24 4010
1150.66 310.24 4010
1143.82 310.24 4010
1136.99 310.24 4010
1130.15 310.24 4010
1126.12 311.014 4020
1119.26 311.014 4020
1112.41 311.014 4020
1102.81 310.24 4010
1090.78 308.77 3991
1083.97 308.77 3991
1077.17 308.77 3991
1075.46 310.24 4010
1068.63 310.24 4010
1064.44 311.014 4020
1057.59 311.014 4020
1055.7 312.484 4039
1048.81 312.484 4039
1041.93 312.484 4039
105.889 42.7838 553
104.947 42.7838 553
104.004 42.7838 553
103.061 42.7838 553
102.303 42.8611 554
101.359 42.8611 554
100.414 42.8611 554
99.4697 42.8611 554
98.5253 42.8611 554
97.5809 42.8611 554
96.6364 42.8611 554
95.692 42.8611 554
94.7476 42.8611 554
93.8032 42.8611 554
92.8587 42.8611 554
91.9143 42.8611 554
91.1341 42.9385 555
90.3504 43.0159 556
89.4026 43.0159 556
88.4548 43.0159 556
87.8217 43.1706 558
86.8704 43.1706 558
85.9192 43.1706 558
84.9679 43.1706 558
84.0167 43.1706 558
83.0654 43.1706 558
82.1142 43.1706 558
81.3084 43.248 559
80.3554 43.248 559
79.5445 43.3253 560
78.5899 43.3253 560
77.6352 43.3253 560
76.8175 43.4027 561
75.8611 43.4027 561
74.9048 43.4027 561
74.0802 43.4801 562
73.1221 43.4801 562
72.1641 43.4801 562
71.206 43.4801 562
70.1229 43.4027 561
69.1666 43.4027 561
68.2102 43.4027 561
67.134 43.3253 560
66.1793 43.3253 560
1393.07 307.106 4059
1396.39 309.376 4089
1389.42 309.376 4089
1382.45 309.376 4089
1375.48 309.376 4089
1337.71 307.106 4059
1334.07 307.863 4069
1327.13 307.863 4069
1320.19 307.863 4069
1310.03 307.106 4059
1299.9 306.35 4049
1296.19 307.106 4059
1289.27 307.106 4059
1282.35 307.106 4059
1278.57 307.863 4069
1271.64 307.863 4069
1264.7 307.863 4069
1257.76 307.863 4069
1250.83 307.863 4069
1243.89 307.863 4069
1236.96 307.863 4069
1227 307.106 4059
1217.07 306.35 4049
1210.17 306.35 4049
1203.27 306.35 4049
1190.75 304.912 4030
1180.94 304.155 4020
1174.09 304.155 4020
1164.33 303.399 4010
1157.49 303.399 4010
1150.66 303.399 4010
1143.82 303.399 4010
1136.99 303.399 4010
1130.15 303.399 4010
1126.12 304.155 4020
1119.26 304.155 4020
1112.41 304.155 4020
1102.81 303.399 4010
1090.78 301.961 3991
1083.97 301.961 3991
1077.17 301.961 3991
1075.46 303.399 4010
1068.63 303.399 4010
1064.44 304.155 4020
1057.59 304.155 4020
1055.7 305.593 4039
1048.81 305.593 4039
1041.93 305.593 4039
108.521 41.7646 552
107.58 41.7646 552
106.639 41.7646 552
105.889 41.8403 553
104.947 41.8403 553
104.004 41.8403 553
103.061 41.8403 553
102.118 41.8403 553
101.176 41.8403 553
100.233 41.8403 553
99.2902 41.8403 553
98.3475 41.8403 553
97.4047 41.8403 553
96.462 41.8403 553
95.5193 41.8403 553
94.5766 41.8403 553
93.6338 41.8403 553
92.8587 41.9159 554
91.9143 41.9159 554
90.9699 41.9159 554
90.1879 41.9916 555
89.2418 41.9916 555
88.2957 41.9916 555
87.5069 42.0673 556
86.5591 42.0673 556
85.6112 42.0673 556
84.6634 42.0673 556
83.565 41.9916 555
82.6189 41.9916 555
81.6727 41.9916 555
80.872 42.0673 556
79.9242 42.0673 556
78.9764 42.0673 556
78.0285 42.0673 556
77.3579 42.2186 558
76.5436 42.2943 559
75.5907 42.2943 559
74.6377 42.2943 559
73.8166 42.3699 560
72.8619 42.3699 560
71.9073 42.3699 560
70.9526 42.3699 560
69.9979 42.3699 560
68.92 42.2943 559
67.967 42.2943 559
67.0141 42.2943 559
66.0611 42.2943 559
1393.39 297.297 4020
1386.53 297.297 4020
1393.07 300.181 4059
1396.39 302.4 4089
1389.42 302.4 4089
1382.45 302.4 4089
1375.48 302.4 4089
1368.51 302.4 4089
1361.54 302.4 4089
1354.57 302.4 4089
1334.07 300.921 4069
1327.13 300.921 4069
1320.19 300.921 4069
1310.03 300.181 4059
1299.9 299.442 4049
1296.19 300.181 4059
1289.27 300.181 4059
1282.35 300.181 4059
1278.57 300.921 4069
1271.64 300.921 4069
1264.7 300.921 4069
1257.76 300.921 4069
1250.83 300.921 4069
1243.89 300.921 4069
1236.96 300.921 4069
1227 300.181 4059
1217.07 299.442 4049
1210.17 299.442 4049
1203.27 299.442 4049
1193.41 298.702 4039
1180.94 297.297 4020
1174.09 297.297 4020
1164.33 296.557 4010
1154.9 295.892 4001
1148.08 295.892 4001
1141.26 295.892 4001
1134.44 295.892 4001
1130.15 296.557 4010
1123.31 296.557 4010
1116.48 296.557 4010
1109.64 296.557 4010
1097.58 295.152 3991
1088.32 294.487 3982
1081.53 294.487 3982
1074.74 294.487 3982
1067.95 294.487 3982
1061.16 294.487 3982
1061.79 296.557 4010
1054.95 296.557 4010
1048.12 296.557 4010
108.521 40.8229 552
107.58 40.8229 552
106.639 40.8229 552
105.889 40.8968 553
104.947 40.8968 553
104.004 40.8968 553
103.061 40.8968 553
101.934 40.8229 552
100.993 40.8229 552
100.052 40.8229 552
99.1106 40.8229 552
98.1696 40.8229 552
97.2286 40.8229 552
96.2876 40.8229 552
95.3466 40.8229 552
94.4055 40.8229 552
93.4645 40.8229 552
92.6911 40.8968 553
91.7484 40.8968 553
90.9699 40.9708 554
90.0254 40.9708 554
89.081 40.9708 554
88.1366 40.9708 554
87.3495 41.0447 555
86.4034 41.0447 555
85.4573 41.0447 555
84.5111 41.0447 555
83.565 41.0447 555
82.6189 41.0447 555
81.6727 41.0447 555
80.7266 41.0447 555
79.7804 41.0447 555
78.9764 41.1187 556
78.0285 41.1187 556
77.0807 41.1187 556
76.2698 41.1926 557
75.4555 41.2666 558
74.5042 41.2666 558
73.6848 41.3405 559
72.7318 41.3405 559
71.7789 41.3405 559
70.8259 41.3405 559
69.748 41.2666 558
68.7967 41.2666 558
67.8455 41.2666 558
66.8942 41.2666 558
65.943 41.2666 558
1393.39 290.438 4020
1386.53 290.438 4020
1393.07 293.256 4059
1396.39 295.423 4089
1389.42 295.423 4089
1382.45 295.423 4089
1375.48 295.423 4089
1368.51 295.423 4089
1361.54 295.423 4089
1354.57 295.423 4089
1330.79 293.256 4059
1323.87 293.256 4059
1316.95 293.256 4059
1306.8 292.534 4049
1299.9 292.534 4049
1296.19 293.256 4059
1289.27 293.256 4059
1282.35 293.256 4059
1278.57 293.979 4069
1271.64 293.979 4069
1264.7 293.979 4069
1260.86 294.701 4079
1253.9 294.701 4079
1246.95 294.701 4079
1236.96 293.979 4069
1230.02 293.979 4069
1223.08 293.979 4069
1216.15 293.979 4069
1209.21 293.979 4069
1193.41 291.811 4039
1183.88 291.161 4030
1177.01 291.161 4030
1164.33 289.716 4010
1154.9 289.066 4001
1150.66 289.716 4010
1143.82 289.716 4010
1136.99 289.716 4010
1138.32 291.811 4039
1131.44 291.811 4039
1124.55 291.811 4039
1117.67 291.811 4039
1108.31 291.161 4030
1093.51 289.066 4001
1086.69 289.066 4001
1079.87 289.066 4001
1067.95 287.693 3982
1061.16 287.693 3982
1054.38 287.693 3982
108.521 39.8811 552
107.58 39.8811 552
106.639 39.8811 552
105.889 39.9533 553
104.947 39.9533 553
104.004 39.9533 553
102.875 39.8811 552
101.934 39.8811 552
100.993 39.8811 552
100.052 39.8811 552
99.1106 39.8811 552
98.1696 39.8811 552
97.2286 39.8811 552
96.2876 39.8811 552
95.3466 39.8811 552
94.4055 39.8811 552
93.4645 39.8811 552
92.6911 39.9533 553
91.7484 39.9533 553
90.9699 40.0256 554
90.0254 40.0256 554
89.081 40.0256 554
88.1366 40.0256 554
87.3495 40.0978 555
86.4034 40.0978 555
85.4573 40.0978 555
84.5111 40.0978 555
83.565 40.0978 555
82.6189 40.0978 555
81.6727 40.0978 555
80.7266 40.0978 555
79.7804 40.0978 555
78.8343 40.0978 555
77.8882 40.0978 555
76.8034 40.0256 554
75.9959 40.0978 555
75.3202 40.2423 557
74.3707 40.2423 557
73.4211 40.2423 557
72.4716 40.2423 557
71.522 40.2423 557
70.5725 40.2423 557
69.623 40.2423 557
68.5501 40.1701 556
67.6023 40.1701 556
66.6544 40.1701 556
65.7066 40.1701 556
1393.39 283.58 4020
1386.53 283.58 4020
1386.2 284.92 4039
1392.98 287.742 4079
1389.42 288.447 4089
1382.45 288.447 4089
1375.48 288.447 4089
1368.51 288.447 4089
1361.54 288.447 4089
1354.57 288.447 4089
1337.35 287.742 4079
1330.39 287.742 4079
1323.44 287.742 4079
1306.8 285.626 4049
1299.9 285.626 4049
1296.19 286.331 4059
1289.27 286.331 4059
1285.51 287.036 4069
1281.72 287.742 4079
1274.76 287.742 4079
1267.81 287.742 4079
1260.86 287.742 4079
1253.9 287.742 4079
1246.95 287.742 4079
1236.96 287.036 4069
1230.02 287.036 4069
1223.08 287.036 4069
1216.15 287.036 4069
1209.21 287.036 4069
1193.41 284.92 4039
1183.88 284.285 4030
1177.01 284.285 4030
1164.33 282.874 4010
1154.9 282.24 4001
1150.66 282.874 4010
1143.82 282.874 4010
1136.99 282.874 4010
1138.32 284.92 4039
1131.44 284.92 4039
1124.55 284.92 4039
1117.67 284.92 4039
1108.31 284.285 4030
1098.7 283.58 4020
1091.85 283.58 4020
1082.3 282.874 4010
1073.05 282.24 4001
1061.16 280.899 3982
1054.38 280.899 3982
122.631 40.4912 574
121.653 40.4912 574
120.674 40.4912 574
109.264 38.8688 551
108.521 38.9393 552
107.58 38.9393 552
106.639 38.9393 552
105.698 38.9393 552
104.757 38.9393 552
103.816 38.9393 552
102.688 38.8688 551
101.749 38.8688 551
100.81 38.8688 551
99.8704 38.8688 551
98.9311 38.8688 551
97.9918 38.8688 551
97.0525 38.8688 551
96.1131 38.8688 551
95.1738 38.8688 551
94.2345 38.8688 551
93.2952 38.8688 551
92.5235 38.9393 552
91.5825 38.9393 552
90.6414 38.9393 552
89.7004 38.9393 552
88.9202 39.0099 553
87.9775 39.0099 553
87.1921 39.0804 554
86.2477 39.0804 554
85.3033 39.0804 554
84.3588 39.0804 554
83.2639 39.0099 553
82.3211 39.0099 553
81.3784 39.0099 553
80.5811 39.0804 554
79.6367 39.0804 554
78.6923 39.0804 554
77.7478 39.0804 554
76.8034 39.0804 554
75.9959 39.1509 555
75.3202 39.292 557
74.3707 39.292 557
73.4211 39.292 557
72.4716 39.292 557
71.522 39.292 557
70.5725 39.292 557
69.623 39.292 557
68.5501 39.2215 556
67.6023 39.2215 556
66.6544 39.2215 556
65.7066 39.2215 556
1413.82 279.406 4059
1406.9 279.406 4059
1399.98 279.406 4059
1393.07 279.406 4059
1386.15 279.406 4059
1386.02 280.783 4079
1379.07 280.783 4079
1372.11 280.783 4079
1365.16 280.783 4079
1358.21 280.783 4079
1351.25 280.783 4079
1337.35 280.783 4079
1330.39 280.783 4079
1323.44 280.783 4079
1306.8 278.718 4049
1299.9 278.718 4049
1296.19 279.406 4059
1289.27 279.406 4059
1285.51 280.094 4069
1281.72 280.783 4079
1274.76 280.783 4079
1267.81 280.783 4079
1260.86 280.783 4079
1253.9 280.783 4079
1246.95 280.783 4079
1236.96 280.094 4069
1230.02 280.094 4069
1223.08 280.094 4069
1216.15 280.094 4069
1209.21 280.094 4069
1193.41 278.029 4039
1183.88 277.41 4030
1177.01 277.41 4030
1164.33 276.033 4010
1154.9 275.413 4001
1150.66 276.033 4010
1143.82 276.033 4010
1136.99 276.033 4010
1138.32 278.029 4039
1131.44 278.029 4039
1124.55 278.029 4039
1117.67 278.029 4039
1108.31 277.41 4030
1101.44 277.41 4030
1091.85 276.721 4020
1082.3 276.033 4010
1073.05 275.413 4001
1061.16 274.105 3982
1054.38 274.105 3982
123.61 39.5119 574
122.631 39.5119 574
121.653 39.5119 574
120.674 39.5119 574
119.279 39.3743 572
117.683 39.1678 569
116.508 39.0989 568
115.54 39.0989 568
113.966 38.8924 565
110.403 37.9975 552
109.462 37.9975 552
108.324 37.9287 551
107.385 37.9287 551
106.446 37.9287 551
105.506 37.9287 551
104.567 37.9287 551
103.628 37.9287 551
102.688 37.9287 551
101.564 37.8599 550
100.627 37.8599 550
99.6892 37.8599 550
98.7515 37.8599 550
97.8139 37.8599 550
96.8763 37.8599 550
95.9387 37.8599 550
95.0011 37.8599 550
94.0635 37.8599 550
93.2952 37.9287 551
92.3559 37.9287 551
91.4166 37.9287 551
90.4772 37.9287 551
89.5379 37.9287 551
88.7594 37.9975 552
87.8184 37.9975 552
86.8774 37.9975 552
85.9363 37.9975 552
84.9953 37.9975 552
84.0543 37.9975 552
83.1133 37.9975 552
82.1723 37.9975 552
81.2312 37.9975 552
80.2902 37.9975 552
79.3492 37.9975 552
78.5502 38.0664 553
77.6075 38.0664 553
76.8034 38.1352 554
75.859 38.1352 554
74.9146 38.1352 554
73.9701 38.1352 554
73.1575 38.2041 555
72.2114 38.2041 555
71.2652 38.2041 555
70.3191 38.2041 555
69.373 38.2041 555
68.4268 38.2041 555
67.4807 38.2041 555
66.4147 38.1352 554
65.4702 38.1352 554
48.872 35.0376 509
48.0042 35.0376 509
47.1365 35.0376 509
46.2688 35.0376 509
45.4011 35.0376 509
44.5334 35.0376 509
1413.82 272.481 4059
1406.9 272.481 4059
1399.98 272.481 4059
1393.07 272.481 4059
1386.15 272.481 4059
1379.23 272.481 4059
1372.11 273.823 4079
1365.16 273.823 4079
1358.21 273.823 4079
1351.25 273.823 4079
1337.35 273.823 4079
1330.39 273.823 4079
1323.44 273.823 4079
1310.03 272.481 4059
1303.11 272.481 4059
1289.8 271.138 4039
1289.27 272.481 4059
1285.51 273.152 4069
1281.72 273.823 4079
1274.76 273.823 4079
1267.81 273.823 4079
1260.86 273.823 4079
1253.9 273.823 4079
1246.95 273.823 4079
1236.96 273.152 4069
1230.02 273.152 4069
1223.08 273.152 4069
1216.15 273.152 4069
1209.21 273.152 4069
1193.41 271.138 4039
1183.88 270.534 4030
1177.01 270.534 4030
1161.72 268.587 4001
1152.01 267.916 3991
1150.66 269.191 4010
1143.82 269.191 4010
1136.99 269.191 4010
1138.32 271.138 4039
1131.44 271.138 4039
1124.55 271.138 4039
1117.67 271.138 4039
1108.31 270.534 4030
1101.44 270.534 4030
1091.85 269.863 4020
1082.3 269.191 4010
1073.05 268.587 4001
134.557 38.8683 579
133.57 38.8683 579
132.583 38.8683 579
131.596 38.8683 579
130.609 38.8683 579
123.61 38.5326 574
122.631 38.5326 574
121.653 38.5326 574
120.674 38.5326 574
119.279 38.3984 572
117.683 38.197 569
116.713 38.197 569
115.54 38.1299 568
113.966 37.9285 565
111.203 37.3243 556
109.858 37.19 554
108.914 37.19 554
107.58 37.0558 552
106.446 36.9887 551
105.506 36.9887 551
104.567 36.9887 551
103.628 36.9887 551
102.688 36.9887 551
101.38 36.8544 549
100.444 36.8544 549
99.5079 36.8544 549
98.572 36.8544 549
97.6361 36.8544 549
96.7002 36.8544 549
95.7643 36.8544 549
94.8284 36.8544 549
94.0635 36.9215 550
93.1259 36.9215 550
92.1883 36.9215 550
91.2507 36.9215 550
90.4772 36.9887 551
89.5379 36.9887 551
88.5986 36.9887 551
87.6593 36.9887 551
86.8774 37.0558 552
85.9363 37.0558 552
84.9953 37.0558 552
84.0543 37.0558 552
83.1133 37.0558 552
82.1723 37.0558 552
81.2312 37.0558 552
80.2902 37.0558 552
79.3492 37.0558 552
78.4082 37.0558 552
77.4672 37.0558 552
76.6648 37.1229 553
75.7221 37.1229 553
74.9146 37.19 554
73.9701 37.19 554
73.0257 37.19 554
72.2114 37.2572 555
71.2652 37.2572 555
70.3191 37.2572 555
69.248 37.19 554
68.1802 37.1229 553
67.2375 37.1229 553
66.2948 37.1229 553
65.3521 37.1229 553
64.2929 37.0558 552
63.3518 37.0558 552
48.872 34.1692 509
48.0042 34.1692 509
47.1365 34.1692 509
46.2688 34.1692 509
45.4011 34.1692 509
44.5334 34.1692 509
1413.82 265.556 4059
1406.9 265.556 4059
1399.98 265.556 4059
1393.07 265.556 4059
1386.15 265.556 4059
1379.23 265.556 4059
1372.11 266.864 4079
1365.16 266.864 4079
1358.21 266.864 4079
1337.35 266.864 4079
1330.39 266.864 4079
1323.44 266.864 4079
1313.26 266.21 4069
1306.32 266.21 4069
1289.8 264.247 4039
1289.27 265.556 4059
1285.51 266.21 4069
1278.57 266.21 4069
1271.64 266.21 4069
1261.59 265.556 4059
1248.49 264.247 4039
1241.61 264.247 4039
1231.97 263.658 4030
1222.06 263.004 4020
1215.21 263.004 4020
1208.35 263.004 4020
1198.51 262.35 4010
1191.68 262.35 4010
1184.84 262.35 4010
1175.36 261.761 4001
1168.54 261.761 4001
1156.2 260.518 3982
1149.41 260.518 3982
1142.62 260.518 3982
1135.84 260.518 3982
1129.05 260.518 3982
1122.26 260.518 3982
1123.31 262.35 4010
1116.48 262.35 4010
1115.18 263.658 4030
1108.31 263.658 4030
1101.44 263.658 4030
134.557 37.8805 579
133.57 37.8805 579
132.583 37.8805 579
131.596 37.8805 579
130.609 37.8805 579
123.61 37.5533 574
122.631 37.5533 574
121.653 37.5533 574
120.674 37.5533 574
119.279 37.4225 572
117.683 37.2262 569
116.713 37.2262 569
115.54 37.1608 568
113.966 36.9645 565
111.203 36.3757 556
109.858 36.2449 554
108.914 36.2449 554
107.58 36.114 552
106.446 36.0486 551
105.506 36.0486 551
104.567 36.0486 551
103.628 36.0486 551
102.502 35.9832 550
101.38 35.9177 549
100.444 35.9177 549
99.5079 35.9177 549
98.572 35.9177 549
97.6361 35.9177 549
96.7002 35.9177 549
95.7643 35.9177 549
94.8284 35.9177 549
94.0635 35.9832 550
93.1259 35.9832 550
92.1883 35.9832 550
91.2507 35.9832 550
90.4772 36.0486 551
89.5379 36.0486 551
88.5986 36.0486 551
87.6593 36.0486 551
86.8774 36.114 552
85.9363 36.114 552
84.9953 36.114 552
84.0543 36.114 552
83.1133 36.114 552
82.1723 36.114 552
81.2312 36.114 552
80.2902 36.114 552
79.3492 36.114 552
78.4082 36.114 552
77.4672 36.114 552
76.5261 36.114 552
75.5851 36.114 552
74.7793 36.1794 553
73.8366 36.1794 553
72.8939 36.1794 553
71.9511 36.1794 553
71.0084 36.1794 553
70.0657 36.1794 553
69.123 36.1794 553
68.057 36.114 552
67.1159 36.114 552
66.1749 36.114 552
65.2339 36.114 552
64.2929 36.114 552
63.3518 36.114 552
49.8374 33.3662 510
48.968 33.3662 510
48.0985 33.3662 510
47.1365 33.3008 509
46.2688 33.3008 509
45.4011 33.3008 509
44.5334 33.3008 509
1337.35 259.905 4079
1330.39 259.905 4079
1323.44 259.905 4079
1313.26 259.268 4069
1306.32 259.268 4069
1289.8 257.356 4039
1289.27 258.631 4059
1285.51 259.268 4069
1278.57 259.268 4069
1271.64 259.268 4069
1261.59 258.631 4059
1248.49 257.356 4039
1241.61 257.356 4039
1231.97 256.783 4030
1222.06 256.146 4020
1215.21 256.146 4020
1208.35 256.146 4020
1198.51 255.508 4010
1191.68 255.508 4010
1184.84 255.508 4010
1175.36 254.935 4001
1168.54 254.935 4001
1156.2 253.724 3982
1143.93 252.514 3963
1134.3 251.877 3953
1127.56 251.877 3953
1120.83 251.877 3953
1114.09 251.877 3953
1107.35 251.877 3953
1100.61 251.877 3953
1081.14 248.946 3907
134.557 36.8926 579
133.57 36.8926 579
132.583 36.8926 579
131.596 36.8926 579
130.609 36.8926 579
123.61 36.574 574
122.631 36.574 574
121.653 36.574 574
120.464 36.5103 573
119.279 36.4466 572
117.683 36.2554 569
116.713 36.2554 569
115.54 36.1917 568
113.966 36.0006 565
111.203 35.4271 556
109.858 35.2997 554
108.914 35.2997 554
107.58 35.1722 552
106.446 35.1085 551
105.315 35.0448 550
104.187 34.9811 549
103.252 34.9811 549
102.129 34.9174 548
101.01 34.8537 547
100.078 34.8537 547
99.1454 34.8537 547
98.2129 34.8537 547
97.4582 34.9174 548
96.524 34.9174 548
95.5898 34.9174 548
94.6556 34.9174 548
93.7214 34.9174 548
92.7872 34.9174 548
92.0207 34.9811 549
91.0847 34.9811 549
90.313 35.0448 550
89.3754 35.0448 550
88.5986 35.1085 551
87.6593 35.1085 551
86.72 35.1085 551
85.9363 35.1722 552
84.9953 35.1722 552
84.0543 35.1722 552
83.1133 35.1722 552
82.1723 35.1722 552
81.2312 35.1722 552
80.2902 35.1722 552
79.3492 35.1722 552
78.4082 35.1722 552
77.4672 35.1722 552
76.5261 35.1722 552
75.5851 35.1722 552
74.7793 35.236 553
73.8366 35.236 553
72.8939 35.236 553
71.9511 35.236 553
71.0084 35.236 553
70.0657 35.236 553
69.123 35.236 553
68.057 35.1722 552
67.1159 35.1722 552
66.1749 35.1722 552
65.2339 35.1722 552
64.2929 35.1722 552
63.3518 35.1722 552
52.3428 32.4324 509
51.4751 32.4324 509
50.6074 32.4324 509
49.8374 32.4961 510
48.968 32.4961 510
48.0985 32.4961 510
47.1365 32.4324 509
46.2688 32.4324 509
45.4011 32.4324 509
44.5334 32.4324 509
1337.35 252.946 4079
1330.39 252.946 4079
1323.44 252.946 4079
1313.26 252.326 4069
1306.32 252.326 4069
1289.8 250.465 4039
1282.92 250.465 4039
1279.19 251.085 4049
1272.29 251.085 4049
1265.39 251.085 4049
1255.38 250.465 4039
1236.75 248.109 4001
1229.92 248.109 4001
1220.05 247.489 3991
1213.24 247.489 3991
1206.44 247.489 3991
1199.64 247.489 3991
1192.83 247.489 3991
1186.03 247.489 3991
1176.57 246.931 3982
1169.78 246.931 3982
1160.07 246.311 3972
1147.78 245.132 3953
1138.44 244.574 3944
1134.3 245.132 3953
1127.56 245.132 3953
1120.83 245.132 3953
1114.09 245.132 3953
1107.35 245.132 3953
1100.61 245.132 3953
1081.14 242.28 3907
132.583 35.9048 579
131.596 35.9048 579
130.609 35.9048 579
128.95 35.7188 576
127.746 35.6567 575
122.418 35.5327 573
121.441 35.5327 573
120.464 35.5327 573
119.279 35.4707 572
117.683 35.2847 569
116.713 35.2847 569
115.336 35.1606 567
113.764 34.9746 564
111.003 34.4165 555
109.858 34.3545 554
108.914 34.3545 554
107.58 34.2305 552
106.252 34.1064 550
105.123 34.0444 549
103.998 33.9824 548
103.063 33.9824 548
101.757 33.8584 546
100.826 33.8584 546
99.8949 33.8584 546
98.9641 33.8584 546
98.0333 33.8584 546
97.1026 33.8584 546
96.1718 33.8584 546
95.241 33.8584 546
94.3102 33.8584 546
93.3794 33.8584 546
92.6179 33.9204 547
91.6854 33.9204 547
90.7529 33.9204 547
89.9846 33.9824 548
89.2129 34.0444 549
88.277 34.0444 549
87.3411 34.0444 549
86.5626 34.1064 550
85.625 34.1064 550
84.6874 34.1064 550
83.7498 34.1064 550
82.9627 34.1685 551
82.0234 34.1685 551
81.0841 34.1685 551
80.1448 34.1685 551
79.2055 34.1685 551
78.2661 34.1685 551
77.3268 34.1685 551
76.3875 34.1685 551
75.5851 34.2305 552
74.6441 34.2305 552
73.7031 34.2305 552
72.7621 34.2305 552
71.821 34.2305 552
70.88 34.2305 552
69.939 34.2305 552
68.873 34.1685 551
68.057 34.2305 552
67.1159 34.2305 552
66.1749 34.2305 552
65.2339 34.2305 552
63.9435 34.0444 549
52.3428 31.564 509
51.4751 31.564 509
50.6074 31.564 509
49.8374 31.626 510
48.968 31.626 510
48.0985 31.626 510
47.1365 31.564 509
46.2688 31.564 509
45.4011 31.564 509
44.5334 31.564 509
1354.57 246.59 4089
1347.6 246.59 4089
1340.62 246.59 4089
1333.65 246.59 4089
1323.44 245.987 4079
1313.26 245.384 4069
1306.32 245.384 4069
1286.93 243.032 4030
1282.92 243.574 4039
1276.03 243.574 4039
1269.15 243.574 4039
1262.26 243.574 4039
1249.47 242.429 4020
1230.87 240.137 3982
1224.08 240.137 3982
1217.3 240.137 3982
1213.24 240.68 3991
1206.44 240.68 3991
1199.64 240.68 3991
1192.83 240.68 3991
1186.03 240.68 3991
1176.57 240.137 3982
1169.78 240.137 3982
1160.07 239.534 3972
1153.3 239.534 3972
1138.44 237.845 3944
1131.72 237.845 3944
1125 237.845 3944
1118.27 237.845 3944
1111.55 237.845 3944
1104.83 237.845 3944
1095.6 237.303 3935
1078.65 235.071 3898
132.583 34.917 579
131.596 34.917 579
130.609 34.917 579
128.95 34.736 576
127.746 34.6757 575
126.545 34.6154 574
125.567 34.6154 574
123.179 34.4948 572
122.418 34.5551 573
121.441 34.5551 573
120.464 34.5551 573
119.279 34.4948 572
117.683 34.3139 569
116.713 34.3139 569
115.336 34.1933 567
113.764 34.0124 564
111.003 33.4696 555
109.858 33.4093 554
108.914 33.4093 554
107.58 33.2887 552
106.252 33.1681 550
105.123 33.1078 549
103.998 33.0475 548
103.063 33.0475 548
101.757 32.9269 546
100.826 32.9269 546
99.529 32.8063 544
98.6016 32.8063 544
97.6743 32.8063 544
96.9247 32.8666 545
95.9956 32.8666 545
95.0665 32.8666 545
94.1375 32.8666 545
93.2084 32.8666 545
92.2793 32.8666 545
91.5178 32.9269 546
90.587 32.9269 546
89.8204 32.9872 547
89.0504 33.0475 548
88.1162 33.0475 548
87.182 33.0475 548
86.2478 33.0475 548
85.4693 33.1078 549
84.5334 33.1078 549
83.5975 33.1078 549
82.6616 33.1078 549
81.7257 33.1078 549
80.7898 33.1078 549
79.8539 33.1078 549
78.918 33.1078 549
77.9821 33.1078 549
77.0462 33.1078 549
76.2489 33.1681 550
75.3113 33.1681 550
74.3736 33.1681 550
73.436 33.1681 550
72.4984 33.1681 550
71.5608 33.1681 550
70.6232 33.1681 550
69.6856 33.1681 550
68.623 33.1078 549
67.5638 33.0475 548
66.1432 32.8063 544
65.2159 32.8063 544
54.2907 30.8162 511
53.4196 30.8162 511
52.5485 30.8162 511
51.4751 30.6956 509
50.6074 30.6956 509
49.7397 30.6956 509
48.872 30.6956 509
47.9099 30.6353 508
47.0439 30.6353 508
46.1779 30.6353 508
45.3119 30.6353 508
44.4459 30.6353 508
1368.51 239.613 4089
1361.54 239.613 4089
1354.57 239.613 4089
1347.6 239.613 4089
1340.62 239.613 4089
1333.65 239.613 4089
1323.44 239.027 4079
1313.26 238.441 4069
1306.32 238.441 4069
1286.93 236.156 4030
1282.92 236.683 4039
1276.03 236.683 4039
1269.15 236.683 4039
1256.32 235.57 4020
1246.36 234.984 4010
1230.87 233.343 3982
1224.08 233.343 3982
1217.3 233.343 3982
1210.51 233.343 3982
1203.72 233.343 3982
1196.93 233.343 3982
1190.14 233.343 3982
1183.35 233.343 3982
1173.61 232.757 3972
1166.84 232.757 3972
1160.07 232.757 3972
1153.3 232.757 3972
1127.76 228.948 3907
1129.14 230.589 3935
1122.43 230.589 3935
1118.27 231.117 3944
1111.55 231.117 3944
1104.83 231.117 3944
1098.1 231.117 3944
1078.65 228.421 3898
132.125 33.8119 577
131.141 33.8119 577
130.158 33.8119 577
128.95 33.7533 576
127.746 33.6947 575
126.545 33.6361 574
125.567 33.6361 574
123.179 33.5189 572
122.204 33.5189 572
121.229 33.5189 572
120.043 33.4603 571
119.07 33.4603 571
114.046 32.5813 556
113.099 32.5813 556
112.151 32.5813 556
110.803 32.4641 554
109.462 32.3469 552
108.521 32.3469 552
107.19 32.2297 550
106.059 32.1711 549
104.74 32.0539 547
103.618 31.9953 546
102.687 31.9953 546
101.57 31.9367 545
100.456 31.8781 544
99.529 31.8781 544
98.6016 31.8781 544
97.6743 31.8781 544
96.9247 31.9367 545
95.9956 31.9367 545
95.0665 31.9367 545
94.1375 31.9367 545
93.2084 31.9367 545
92.2793 31.9367 545
91.5178 31.9953 546
90.587 31.9953 546
89.8204 32.0539 547
89.0504 32.1125 548
88.1162 32.1125 548
87.182 32.1125 548
86.2478 32.1125 548
85.4693 32.1711 549
84.5334 32.1711 549
83.5975 32.1711 549
82.6616 32.1711 549
81.7257 32.1711 549
80.7898 32.1711 549
79.8539 32.1711 549
78.918 32.1711 549
77.9821 32.1711 549
77.0462 32.1711 549
76.1102 32.1711 549
75.1743 32.1711 549
74.3736 32.2297 550
73.436 32.2297 550
72.4984 32.2297 550
71.5608 32.2297 550
70.6232 32.2297 550
69.5589 32.1711 549
54.2907 29.9444 511
53.4196 29.9444 511
52.5485 29.9444 511
51.4751 29.8272 509
50.6074 29.8272 509
49.7397 29.8272 509
48.872 29.8272 509
47.9099 29.7686 508
47.0439 29.7686 508
45.9961 29.6514 506
45.1335 29.6514 506
44.2709 29.6514 506
1368.51 232.637 4089
1361.54 232.637 4089
1354.57 232.637 4089
1347.6 232.637 4089
1340.62 232.637 4089
1333.65 232.637 4089
1323.44 232.068 4079
1313.26 231.499 4069
1306.32 231.499 4069
1286.93 229.28 4030
1282.92 229.792 4039
1276.03 229.792 4039
1269.15 229.792 4039
1256.32 228.712 4020
1246.36 228.143 4010
1230.87 226.55 3982
1224.08 226.55 3982
1217.3 226.55 3982
1210.51 226.55 3982
1203.72 226.55 3982
1196.93 226.55 3982
1190.14 226.55 3982
1183.35 226.55 3982
1173.61 225.981 3972
1166.84 225.981 3972
1160.07 225.981 3972
1153.3 225.981 3972
1123.69 222.795 3916
1117.01 222.795 3916
1118.27 224.388 3944
1111.55 224.388 3944
1104.83 224.388 3944
1098.1 224.388 3944
130.687 32.7137 575
129.706 32.7137 575
128.726 32.7137 575
127.524 32.6568 574
126.545 32.6568 574
125.567 32.6568 574
124.371 32.5999 573
123.394 32.5999 573
122.204 32.543 572
121.229 32.543 572
119.833 32.4292 570
112.285 31.4052 552
111.344 31.4052 552
110.403 31.4052 552
109.462 31.4052 552
108.521 31.4052 552
106.995 31.2345 549
105.673 31.1207 547
104.549 31.0638 546
103.428 31.0069 545
102.499 31.0069 545
101.384 30.95 544
100.272 30.8931 543
99.3461 30.8931 543
98.6016 30.95 544
97.6743 30.95 544
96.7469 30.95 544
95.8195 30.95 544
94.8921 30.95 544
93.9647 30.95 544
93.0373 30.95 544
92.2793 31.0069 545
91.3502 31.0069 545
90.4211 31.0069 545
89.6562 31.0638 546
88.8879 31.1207 547
88.1162 31.1776 548
87.182 31.1776 548
86.2478 31.1776 548
85.3136 31.1776 548
84.5334 31.2345 549
83.5975 31.2345 549
82.6616 31.2345 549
81.7257 31.2345 549
80.7898 31.2345 549
79.8539 31.2345 549
78.918 31.2345 549
77.84 31.1776 548
77.0462 31.2345 549
76.1102 31.2345 549
75.1743 31.2345 549
74.3736 31.2914 550
73.436 31.2914 550
72.4984 31.2914 550
71.5608 31.2914 550
70.6232 31.2914 550
69.5589 31.2345 549
55.8137 28.9587 509
54.946 28.9587 509
54.2907 29.0725 511
53.4196 29.0725 511
52.5485 29.0725 511
51.4751 28.9587 509
50.6074 28.9587 509
49.7397 28.9587 509
48.872 28.9587 509
47.9099 28.9019 508
47.0439 28.9019 508
45.9961 28.7881 506
45.1335 28.7881 506
44.2709 28.7881 506
1372.11 225.109 4079
1368.51 225.661 4089
1361.54 225.661 4089
1354.57 225.661 4089
1344.3 225.109 4079
1337.35 225.109 4079
1330.39 225.109 4079
1320.19 224.557 4069
1310.03 224.005 4059
1303.11 224.005 4059
1283.74 221.853 4020
1273.71 221.301 4010
1266.87 221.301 4010
1260.04 221.301 4010
1250.39 220.804 4001
1237.66 219.756 3982
1216.34 217.162 3935
1212.4 217.659 3944
1205.68 217.659 3944
1207.47 219.204 3972
1200.7 219.204 3972
1193.93 219.204 3972
1187.15 219.204 3972
1180.38 219.204 3972
1173.61 219.204 3972
1166.84 219.204 3972
1160.07 219.204 3972
1123.69 216.113 3916
1117.01 216.113 3916
1118.27 217.659 3944
1111.55 217.659 3944
1104.83 217.659 3944
1098.1 217.659 3944
130.687 31.7327 575
129.706 31.7327 575
128.726 31.7327 575
127.524 31.6775 574
126.545 31.6775 574
125.567 31.6775 574
124.371 31.6223 573
123.394 31.6223 573
122.204 31.5671 572
121.229 31.5671 572
119.833 31.4568 570
113.431 30.5186 553
112.488 30.5186 553
111.546 30.5186 553
110.603 30.5186 553
109.462 30.4634 552
108.521 30.4634 552
106.995 30.2978 549
105.673 30.1875 547
104.357 30.0771 545
103.049 29.9667 543
102.123 29.9667 543
101.197 29.9667 543
100.087 29.9115 542
99.1631 29.9115 542
98.4204 29.9667 543
97.4947 29.9667 543
96.569 29.9667 543
95.6433 29.9667 543
94.7177 29.9667 543
93.792 29.9667 543
92.8663 29.9667 543
92.11 30.0219 544
91.1826 30.0219 544
90.2552 30.0219 544
89.492 30.0771 545
88.7254 30.1323 546
87.9554 30.1875 547
87.0229 30.1875 547
86.0904 30.1875 547
85.3136 30.2426 548
84.3794 30.2426 548
83.4452 30.2426 548
82.511 30.2426 548
81.5768 30.2426 548
80.6426 30.2426 548
79.7084 30.2426 548
78.7742 30.2426 548
77.698 30.1875 547
76.7655 30.1875 547
75.833 30.1875 547
74.9005 30.1875 547
74.2384 30.2978 549
73.3025 30.2978 549
72.3666 30.2978 549
55.8137 28.0903 509
54.946 28.0903 509
54.1845 28.1455 510
53.3151 28.1455 510
52.4457 28.1455 510
51.4751 28.0903 509
50.6074 28.0903 509
49.7397 28.0903 509
48.872 28.0903 509
47.9099 28.0352 508
46.8587 27.9248 506
45.9961 27.9248 506
45.1335 27.9248 506
44.2709 27.9248 506
1455.56 218.15 4079
1448.6 218.15 4079
1441.65 218.15 4079
1434.7 218.15 4079
1431.24 218.685 4089
1424.27 218.685 4089
1417.3 218.685 4089
1410.33 218.685 4089
1382.45 218.685 4089
1375.48 218.685 4089
1368.51 218.685 4089
1358.21 218.15 4079
1351.25 218.15 4079
1341 217.615 4069
1334.07 217.615 4069
1327.13 217.615 4069
1320.19 217.615 4069
1310.03 217.08 4059
1303.11 217.08 4059
1289.8 216.011 4039
1273.71 214.46 4010
1264.03 213.978 4001
1257.21 213.978 4001
1247.26 213.443 3991
1234.55 212.427 3972
1210.47 209.432 3916
1203.8 209.432 3916
1194.37 208.951 3907
1201.69 211.411 3953
1194.95 211.411 3953
1188.21 211.411 3953
1181.47 211.411 3953
1174.74 211.411 3953
1165.34 210.93 3944
1158.61 210.93 3944
130.687 30.7517 575
129.706 30.7517 575
128.726 30.7517 575
127.524 30.6982 574
126.545 30.6982 574
125.567 30.6982 574
124.371 30.6447 573
123.394 30.6447 573
122.204 30.5912 572
121.229 30.5912 572
119.833 30.4843 570
118.444 30.3773 568
115.615 29.896 559
114.662 29.896 559
113.709 29.896 559
111.546 29.5751 553
110.603 29.5751 553
109.462 29.5216 552
108.521 29.5216 552
106.995 29.3612 549
105.673 29.2542 547
104.357 29.1473 545
103.049 29.0403 543
102.123 29.0403 543
101.197 29.0403 543
100.087 28.9868 542
99.1631 28.9868 542
98.2391 28.9868 542
97.3152 28.9868 542
96.569 29.0403 543
95.6433 29.0403 543
94.7177 29.0403 543
93.792 29.0403 543
92.8663 29.0403 543
91.9406 29.0403 543
91.015 29.0403 543
90.0893 29.0403 543
89.3278 29.0938 544
88.5629 29.1473 545
87.6338 29.1473 545
86.7048 29.1473 545
85.9331 29.2007 546
85.0023 29.2007 546
84.0715 29.2007 546
83.1407 29.2007 546
82.3604 29.2542 547
81.4279 29.2542 547
80.4955 29.2542 547
79.4175 29.2007 546
78.4867 29.2007 546
77.5559 29.2007 546
76.6251 29.2007 546
75.5557 29.1473 545
74.6266 29.1473 545
73.6975 29.1473 545
72.7684 29.1473 545
57.5491 27.2219 509
56.6814 27.2219 509
55.8137 27.2219 509
54.946 27.2219 509
54.0783 27.2219 509
53.2105 27.2219 509
52.3428 27.2219 509
51.4751 27.2219 509
50.6074 27.2219 509
49.7397 27.2219 509
48.872 27.2219 509
47.9099 27.1685 508
46.8587 27.0615 506
45.9961 27.0615 506
44.9551 26.9545 504
44.0959 26.9545 504
1459.13 211.708 4089
1452.16 211.708 4089
1445.19 211.708 4089
1434.7 211.191 4079
1431.24 211.708 4089
1424.27 211.708 4089
1417.3 211.708 4089
1410.33 211.708 4089
1382.45 211.708 4089
1375.48 211.708 4089
1368.51 211.708 4089
1358.21 211.191 4079
1351.25 211.191 4079
1341 210.673 4069
1334.07 210.673 4069
1327.13 210.673 4069
1320.19 210.673 4069
1313.26 210.673 4069
1306.32 210.673 4069
1289.8 209.12 4039
1280.06 208.654 4030
1266.87 207.618 4010
1260.04 207.618 4010
1247.26 206.634 3991
1237.66 206.168 3982
1213.25 203.217 3925
1206.56 203.217 3925
1194.37 202.285 3907
1187.71 202.285 3907
1186.49 203.217 3925
1188.21 204.667 3953
1181.47 204.667 3953
1174.74 204.667 3953
130.459 29.7189 574
129.481 29.7189 574
128.502 29.7189 574
127.524 29.7189 574
126.545 29.7189 574
125.567 29.7189 574
124.371 29.6671 573
123.179 29.6154 572
122.204 29.6154 572
121.229 29.6154 572
119.833 29.5118 570
118.444 29.4083 568
115.615 28.9423 559
114.662 28.9423 559
113.709 28.9423 559
111.546 28.6316 553
110.603 28.6316 553
109.264 28.5281 551
108.324 28.5281 551
106.8 28.3728 548
105.286 28.2174 545
104.166 28.1657 544
103.049 28.1139 543
102.123 28.1139 543
101.011 28.0621 542
100.087 28.0621 542
99.1631 28.0621 542
98.2391 28.0621 542
97.3152 28.0621 542
96.569 28.1139 543
95.6433 28.1139 543
94.7177 28.1139 543
93.792 28.1139 543
92.8663 28.1139 543
91.9406 28.1139 543
91.015 28.1139 543
90.0893 28.1139 543
89.3278 28.1657 544
88.5629 28.2174 545
87.6338 28.2174 545
86.7048 28.2174 545
85.9331 28.2692 546
85.0023 28.2692 546
84.0715 28.2692 546
83.1407 28.2692 546
82.3604 28.321 547
81.4279 28.321 547
80.4955 28.321 547
79.4175 28.2692 546
78.4867 28.2692 546
77.5559 28.2692 546
76.6251 28.2692 546
75.5557 28.2174 545
74.4897 28.1657 544
57.5491 26.3535 509
56.6814 26.3535 509
55.8137 26.3535 509
54.946 26.3535 509
54.0783 26.3535 509
53.106 26.3018 508
52.24 26.3018 508
51.374 26.3018 508
50.508 26.3018 508
49.6419 26.3018 508
48.7759 26.3018 508
47.8156 26.25 507
46.8587 26.1982 506
45.9052 26.1464 505
44.9551 26.0947 504
44.0959 26.0947 504
1459.13 204.732 4089
1452.16 204.732 4089
1445.19 204.732 4089
1434.7 204.231 4079
1431.24 204.732 4089
1424.27 204.732 4089
1417.3 204.732 4089
1410.33 204.732 4089
1382.45 204.732 4089
1375.48 204.732 4089
1368.51 204.732 4089
1358.21 204.231 4079
1351.25 204.231 4079
1344.3 204.231 4079
1340.62 204.732 4089
1333.65 204.732 4089
1326.68 204.732 4089
1319.71 204.732 4089
1312.74 204.732 4089
1296.19 203.23 4059
1282.92 202.229 4039
1270.03 201.277 4020
1263.18 201.277 4020
1250.39 200.326 4001
1240.46 199.825 3991
1213.25 196.521 3925
1206.56 196.521 3925
1194.37 195.62 3907
1187.71 195.62 3907
1186.49 196.521 3925
1188.21 197.923 3953
1181.47 197.923 3953
1174.74 197.923 3953
130.459 28.7396 574
129.481 28.7396 574
128.502 28.7396 574
127.524 28.7396 574
126.325 28.6895 573
125.348 28.6895 573
124.154 28.6395 572
123.179 28.6395 572
121.777 28.5393 570
120.805 28.5393 570
119.623 28.4893 569
118.444 28.4392 568
116.442 28.1888 563
114.662 27.9886 559
113.709 27.9886 559
111.546 27.6882 553
110.203 27.588 551
109.065 27.5379 550
108.128 27.5379 550
106.605 27.3877 547
105.093 27.2375 544
103.974 27.1875 543
102.859 27.1374 542
101.935 27.1374 542
100.825 27.0873 541
99.9024 27.0873 541
98.9801 27.0873 541
98.2391 27.1374 542
97.3152 27.1374 542
96.3912 27.1374 542
95.4672 27.1374 542
94.5432 27.1374 542
93.6193 27.1374 542
92.6953 27.1374 542
91.7713 27.1374 542
91.015 27.1875 543
90.0893 27.1875 543
89.1636 27.1875 543
88.4004 27.2375 544
87.473 27.2375 544
86.5457 27.2375 544
85.7757 27.2876 545
84.8466 27.2876 545
83.9175 27.2876 545
82.9884 27.2876 545
82.0593 27.2876 545
81.1302 27.2876 545
80.2011 27.2876 545
79.272 27.2876 545
78.343 27.2876 545
77.2718 27.2375 544
76.3445 27.2375 544
75.4171 27.2375 544
74.4897 27.2375 544
57.5491 25.4851 509
56.6814 25.4851 509
55.8137 25.4851 509
54.946 25.4851 509
54.0783 25.4851 509
53.106 25.4351 508
52.24 25.4351 508
51.374 25.4351 508
50.508 25.4351 508
49.6419 25.4351 508
48.7759 25.4351 508
47.8156 25.385 507
46.8587 25.3349 506
45.7234 25.1847 503
1459.13 197.756 4089
1452.16 197.756 4089
1445.19 197.756 4089
1438.21 197.756 4089
1427.74 197.272 4079
1424.27 197.756 4089
1417.3 197.756 4089
1410.33 197.756 4089
1403.36 197.756 4089
1396.39 197.756 4089
1382.45 197.756 4089
1375.48 197.756 4089
1368.51 197.756 4089
1354.88 196.789 4069
1347.94 196.789 4069
1344.3 197.272 4079
1340.62 197.756 4089
1333.65 197.756 4089
1326.68 197.756 4089
1319.71 197.756 4089
1312.74 197.756 4089
1296.19 196.305 4059
1282.92 195.338 4039
1270.03 194.419 4020
1263.18 194.419 4020
1250.39 193.5 4001
1240.46 193.016 3991
1213.25 189.824 3925
1206.56 189.824 3925
1194.37 188.954 3907
1187.71 188.954 3907
1181.05 188.954 3907
1174.39 188.954 3907
1162.35 188.083 3889
130.232 27.7119 573
129.255 27.7119 573
128.278 27.7119 573
127.302 27.7119 573
125.884 27.6152 571
124.911 27.6152 571
123.72 27.5668 570
122.748 27.5668 570
121.563 27.5185 569
120.593 27.5185 569
119.413 27.4701 568
117.819 27.325 565
116.442 27.2283 563
114.662 27.0349 559
113.709 27.0349 559
111.546 26.7447 553
110.003 26.5996 550
108.47 26.4545 547
106.948 26.3094 544
106.021 26.3094 544
104.9 26.2611 543
103.591 26.1643 541
102.479 26.116 540
101.559 26.116 540
100.638 26.116 540
99.9024 26.1643 541
98.9801 26.1643 541
98.0579 26.1643 541
97.1356 26.1643 541
96.2133 26.1643 541
95.2911 26.1643 541
94.3688 26.1643 541
93.4465 26.1643 541
92.5243 26.1643 541
91.602 26.1643 541
90.8473 26.2127 542
89.9234 26.2127 542
89.1636 26.2611 543
88.2379 26.2611 543
87.3122 26.2611 543
86.3866 26.2611 543
85.6183 26.3094 544
84.6909 26.3094 544
83.7635 26.3094 544
82.8361 26.3094 544
81.9087 26.3094 544
80.9814 26.3094 544
80.054 26.3094 544
79.1266 26.3094 544
78.1992 26.3094 544
77.2718 26.3094 544
76.3445 26.3094 544
75.2784 26.2611 543
57.5491 24.6167 509
56.6814 24.6167 509
55.8137 24.6167 509
54.946 24.6167 509
54.0783 24.6167 509
53.0015 24.52 507
52.1371 24.52 507
51.2728 24.52 507
50.4085 24.52 507
49.5442 24.52 507
48.6799 24.52 507
47.7213 24.4716 506
46.7661 24.4233 505
45.7234 24.3265 503
1452.16 190.78 4089
1445.19 190.78 4089
1438.21 190.78 4089
1427.74 190.313 4079
1424.27 190.78 4089
1417.3 190.78 4089
1410.33 190.78 4089
1403.36 190.78 4089
1396.39 190.78 4089
1389.42 190.78 4089
1382.45 190.78 4089
1375.48 190.78 4089
1368.51 190.78 4089
1354.88 189.846 4069
1347.94 189.846 4069
1344.3 190.313 4079
1340.62 190.78 4089
1333.65 190.78 4089
1326.68 190.78 4089
1319.71 190.78 4089
1312.74 190.78 4089
1296.19 189.38 4059
1282.92 188.447 4039
1270.03 187.56 4020
1263.18 187.56 4020
1250.39 186.674 4001
1240.46 186.207 3991
1213.25 183.128 3925
1206.56 183.128 3925
1194.37 182.288 3907
1187.71 182.288 3907
1181.05 182.288 3907
1174.39 182.288 3907
130.232 26.7343 573
129.255 26.7343 573
128.278 26.7343 573
127.302 26.7343 573
125.884 26.641 571
124.911 26.641 571
123.72 26.5944 570
122.748 26.5944 570
121.563 26.5477 569
120.593 26.5477 569
119.413 26.5011 568
117.819 26.3611 565
116.442 26.2678 563
114.662 26.0811 559
113.709 26.0811 559
111.546 25.8012 553
110.003 25.6612 550
108.47 25.5213 547
106.948 25.3813 544
106.021 25.3813 544
104.9 25.3346 543
103.591 25.2413 541
102.479 25.1947 540
101.559 25.1947 540
100.638 25.1947 540
99.9024 25.2413 541
98.9801 25.2413 541
98.0579 25.2413 541
96.9561 25.1947 540
96.0355 25.1947 540
95.1149 25.1947 540
94.1944 25.1947 540
93.2738 25.1947 540
92.3532 25.1947 540
91.602 25.2413 541
90.6797 25.2413 541
89.7575 25.2413 541
88.9994 25.288 542
88.2379 25.3346 543
87.3122 25.3346 543
86.3866 25.3346 543
85.4609 25.3346 543
84.5352 25.3346 543
83.6095 25.3346 543
82.6839 25.3346 543
81.7582 25.3346 543
80.8325 25.3346 543
79.9068 25.3346 543
78.9811 25.3346 543
78.0555 25.3346 543
77.1298 25.3346 543
76.2041 25.3346 543
75.1398 25.288 542
57.5491 23.7483 509
56.6814 23.7483 509
55.8137 23.7483 509
54.946 23.7483 509
54.0783 23.7483 509
53.0015 23.655 507
52.1371 23.655 507
51.2728 23.655 507
50.3091 23.6083 506
49.4465 23.6083 506
48.5839 23.6083 506
47.627 23.5617 505
46.4883 23.4217 502
45.6325 23.4217 502
1455.56 183.354 4079
1452.16 183.803 4089
1445.19 183.803 4089
1438.21 183.803 4089
1427.74 183.354 4079
1424.27 183.803 4089
1417.3 183.803 4089
1410.33 183.803 4089
1403.36 183.803 4089
1396.39 183.803 4089
1389.42 183.803 4089
1382.45 183.803 4089
1375.48 183.803 4089
1368.51 183.803 4089
1354.88 182.904 4069
1347.94 182.904 4069
1341 182.904 4069
1340.62 183.803 4089
1333.65 183.803 4089
1326.68 183.803 4089
1319.71 183.803 4089
1312.74 183.803 4089
1296.19 182.455 4059
1280.06 181.151 4030
1266.87 180.252 4010
1260.04 180.252 4010
1250.39 179.848 4001
1231.76 178.14 3963
1213.25 176.431 3925
1206.56 176.431 3925
1183.36 174.004 3871
1174.03 173.6 3862
129.55 25.6219 570
128.579 25.6219 570
127.607 25.6219 570
126.635 25.6219 570
125.223 25.532 568
124.473 25.5769 569
123.503 25.5769 569
122.533 25.5769 569
121.349 25.532 568
120.381 25.532 568
119.413 25.532 568
117.819 25.3971 565
116.235 25.2623 562
113.841 24.9476 555
112.895 24.9476 555
110.94 24.7229 550
109.203 24.5431 546
107.677 24.4082 543
106.555 24.3633 542
105.631 24.3633 542
104.514 24.3183 541
103.4 24.2734 540
102.479 24.2734 540
101.559 24.2734 540
100.452 24.2284 539
99.5331 24.2284 539
98.7972 24.2734 540
97.8766 24.2734 540
96.9561 24.2734 540
96.0355 24.2734 540
95.1149 24.2734 540
94.1944 24.2734 540
93.2738 24.2734 540
92.3532 24.2734 540
91.602 24.3183 541
90.6797 24.3183 541
89.7575 24.3183 541
88.9994 24.3633 542
88.2379 24.4082 543
87.3122 24.4082 543
86.3866 24.4082 543
85.4609 24.4082 543
84.5352 24.4082 543
83.6095 24.4082 543
82.6839 24.4082 543
81.7582 24.4082 543
80.8325 24.4082 543
79.9068 24.4082 543
78.9811 24.4082 543
78.0555 24.4082 543
77.1298 24.4082 543
76.2041 24.4082 543
75.1398 24.3633 542
66.1713 22.5652 502
65.4456 22.6102 503
64.5881 22.6102 503
63.7306 22.6102 503
62.8732 22.6102 503
61.8924 22.5652 502
61.0366 22.5652 502
60.1808 22.5652 502
59.325 22.5652 502
58.4692 22.5652 502
57.6135 22.5652 502
57.4361 22.8349 508
56.57 22.8349 508
55.704 22.8349 508
54.838 22.8349 508
53.8658 22.79 507
52.8969 22.745 506
52.0343 22.745 506
51.1717 22.745 506
50.2097 22.7001 505
49.0556 22.5652 502
48.1998 22.5652 502
47.3441 22.5652 502
46.3957 22.5203 501
45.4507 22.4753 500
1455.56 176.395 4079
1448.6 176.395 4079
1441.65 176.395 4079
1434.7 176.395 4079
1420.74 175.53 4059
1413.82 175.53 4059
1406.9 175.53 4059
1410.33 176.827 4089
1403.36 176.827 4089
1396.39 176.827 4089
1389.42 176.827 4089
1382.45 176.827 4089
1372.11 176.395 4079
1365.16 176.395 4079
1351.55 175.53 4059
1344.63 175.53 4059
1341 175.962 4069
1340.62 176.827 4089
1333.65 176.827 4089
1326.68 176.827 4089
1319.71 176.827 4089
1312.74 176.827 4089
1296.19 175.53 4059
1280.06 174.276 4030
1266.87 173.411 4010
1260.04 173.411 4010
1250.39 173.022 4001
1231.76 171.378 3963
1213.25 169.735 3925
1206.56 169.735 3925
1183.36 167.4 3871
1174.03 167.011 3862
129.096 24.5629 568
128.127 24.5629 568
127.159 24.5629 568
126.191 24.5629 568
125.002 24.5197 567
124.035 24.5197 567
122.852 24.4764 566
121.672 24.4332 565
120.495 24.3899 564
119.533 24.3899 564
118.362 24.3467 563
117.193 24.3035 562
114.787 24.0007 555
113.021 23.8278 551
112.082 23.8278 551
110.134 23.6115 546
108.603 23.4818 543
107.479 23.4386 542
106.358 23.3953 541
105.436 23.3953 541
104.514 23.3953 541
103.4 23.3521 540
102.29 23.3088 539
101.371 23.3088 539
100.452 23.3088 539
99.5331 23.3088 539
98.6142 23.3088 539
97.6954 23.3088 539
96.7765 23.3088 539
96.0355 23.3521 540
95.1149 23.3521 540
94.1944 23.3521 540
93.2738 23.3521 540
92.3532 23.3521 540
91.4327 23.3521 540
90.6797 23.3953 541
89.7575 23.3953 541
88.9994 23.4386 542
88.0754 23.4386 542
87.3122 23.4818 543
86.3866 23.4818 543
85.4609 23.4818 543
84.5352 23.4818 543
83.6095 23.4818 543
82.6839 23.4818 543
81.7582 23.4818 543
80.8325 23.4818 543
79.9068 23.4818 543
78.9811 23.4818 543
77.9117 23.4386 542
76.9877 23.4386 542
76.0638 23.4386 542
75.1398 23.4386 542
68.0181 21.752 503
67.1606 21.752 503
66.3031 21.752 503
65.4456 21.752 503
64.5881 21.752 503
63.7306 21.752 503
62.8732 21.752 503
61.8924 21.7088 502
61.0366 21.7088 502
60.1808 21.7088 502
59.325 21.7088 502
58.4692 21.7088 502
57.6135 21.7088 502
57.4361 21.9682 508
56.57 21.9682 508
55.704 21.9682 508
54.838 21.9682 508
53.8658 21.925 507
52.8969 21.8818 506
52.0343 21.8818 506
51.1717 21.8818 506
50.2097 21.8385 505
49.0556 21.7088 502
48.1998 21.7088 502
47.3441 21.7088 502
46.3957 21.6655 501
45.4507 21.6223 500
23.0442 19.9358 461
22.2583 19.9358 461
21.4724 19.9358 461
1455.56 169.435 4079
1448.6 169.435 4079
1441.65 169.435 4079
1434.7 169.435 4079
1417.24 168.189 4049
1413.82 168.605 4059
1406.9 168.605 4059
1399.98 168.605 4059
1399.93 169.435 4079
1392.98 169.435 4079
1386.02 169.435 4079
1379.07 169.435 4079
1365.39 168.605 4059
1358.47 168.605 4059
1348.22 168.189 4049
1341.32 168.189 4049
1341 169.02 4069
1334.07 169.02 4069
1327.13 169.02 4069
1320.19 169.02 4069
1310.03 168.605 4059
1303.11 168.605 4059
1293 168.189 4049
1276.88 166.985 4020
1264.03 166.195 4001
1257.21 166.195 4001
1244.45 165.406 3982
1231.76 164.617 3963
1202.13 161.543 3889
1195.5 161.543 3889
1183.36 160.795 3871
129.096 23.5939 568
128.127 23.5939 568
127.159 23.5939 568
126.191 23.5939 568
124.782 23.5108 566
123.817 23.5108 566
122.635 23.4692 565
121.672 23.4692 565
120.495 23.4277 564
119.533 23.4277 564
118.362 23.3862 563
116.568 23.22 559
114.787 23.0539 555
113.021 22.8877 551
112.082 22.8877 551
110.134 22.68 546
108.603 22.5554 543
107.479 22.5139 542
106.358 22.4723 541
105.436 22.4723 541
104.321 22.4308 540
103.209 22.3892 539
102.1 22.3477 538
101.183 22.3477 538
100.266 22.3477 538
99.3484 22.3477 538
98.4313 22.3477 538
97.6954 22.3892 539
96.7765 22.3892 539
95.8577 22.3892 539
94.9388 22.3892 539
94.1944 22.4308 540
93.2738 22.4308 540
92.3532 22.4308 540
91.4327 22.4308 540
90.5121 22.4308 540
89.5916 22.4308 540
88.8352 22.4723 541
88.0754 22.5139 542
87.1515 22.5139 542
86.2275 22.5139 542
85.4609 22.5554 543
84.5352 22.5554 543
83.6095 22.5554 543
82.6839 22.5554 543
81.7582 22.5554 543
80.8325 22.5554 543
79.9068 22.5554 543
78.8357 22.5139 542
77.9117 22.5139 542
76.9877 22.5139 542
76.0638 22.5139 542
68.0181 20.8939 503
67.1606 20.8939 503
66.3031 20.8939 503
65.4456 20.8939 503
64.5881 20.8939 503
63.7306 20.8939 503
62.8732 20.8939 503
61.8924 20.8523 502
61.0366 20.8523 502
60.1808 20.8523 502
59.325 20.8523 502
58.4692 20.8523 502
57.6135 20.8523 502
56.4587 21.06 507
55.5944 21.06 507
54.7301 21.06 507
53.4408 20.8939 503
52.3742 20.8108 501
51.5201 20.8108 501
50.6661 20.8108 501
49.812 20.8108 501
48.8602 20.7692 500
48.0078 20.7692 500
47.1554 20.7692 500
46.3031 20.7692 500
45.3598 20.7277 499
25.5121 19.2323 463
24.7228 19.2323 463
23.9335 19.2323 463
23.1442 19.2323 463
22.3549 19.2323 463
21.4724 19.1492 461
20.6417 19.1077 460
19.8575 19.1077 460
19.0733 19.1077 460
1448.42 161.68 4059
1441.5 161.68 4059
1434.58 161.68 4059
1424.15 161.281 4049
1410.59 160.524 4030
1403.72 160.524 4030
1386.8 159.369 4001
1373.43 158.613 3982
1376.25 159.728 4010
1369.41 159.728 4010
1362.58 159.728 4010
1355.74 159.728 4010
1348.9 159.728 4010
1342.07 159.728 4010
1335.23 159.728 4010
1328.4 159.728 4010
1331.12 160.883 4039
1324.23 160.883 4039
1317.35 160.883 4039
1310.46 160.883 4039
1300.67 160.524 4030
1293.8 160.524 4030
1283.74 160.126 4020
1264.81 158.613 3982
1254.87 158.214 3972
1248.1 158.214 3972
1238.51 157.856 3963
1214.35 155.625 3907
1202.13 154.908 3889
1195.5 154.908 3889
129.323 22.6646 569
128.353 22.6646 569
127.383 22.6646 569
126.191 22.6248 568
124.782 22.5451 566
123.817 22.5451 566
122.635 22.5053 565
121.672 22.5053 565
120.495 22.4655 564
119.533 22.4655 564
118.362 22.4256 563
116.568 22.2663 559
114.787 22.107 555
113.021 21.9476 551
112.082 21.9476 551
110.134 21.7485 546
108.603 21.629 543
107.479 21.5891 542
106.358 21.5493 541
105.436 21.5493 541
104.321 21.5095 540
103.209 21.4697 539
102.1 21.4298 538
101.183 21.4298 538
100.266 21.4298 538
99.3484 21.4298 538
98.4313 21.4298 538
97.5141 21.4298 538
96.597 21.4298 538
95.6798 21.4298 538
94.9388 21.4697 539
94.0199 21.4697 539
93.1011 21.4697 539
92.1822 21.4697 539
91.2634 21.4697 539
90.5121 21.5095 540
89.5916 21.5095 540
88.8352 21.5493 541
87.9129 21.5493 541
87.1515 21.5891 542
86.2275 21.5891 542
85.3035 21.5891 542
84.3795 21.5891 542
83.4556 21.5891 542
82.5316 21.5891 542
81.7582 21.629 543
80.8325 21.629 543
79.9068 21.629 543
78.8357 21.5891 542
77.9117 21.5891 542
69.0125 20.0755 504
68.1533 20.0755 504
67.2941 20.0755 504
66.4349 20.0755 504
65.4456 20.0357 503
64.5881 20.0357 503
63.7306 20.0357 503
62.8732 20.0357 503
61.8924 19.9959 502
61.0366 19.9959 502
60.1808 19.9959 502
59.325 19.9959 502
58.4692 19.9959 502
57.6135 19.9959 502
56.6446 19.956 501
55.6792 19.9162 500
54.8268 19.9162 500
53.9744 19.9162 500
53.1221 19.9162 500
52.2697 19.9162 500
51.4173 19.9162 500
50.5649 19.9162 500
49.6131 19.8764 499
48.7625 19.8764 499
47.9118 19.8764 499
47.0611 19.8764 499
46.1178 19.8365 498
45.2689 19.8365 498
25.5121 18.4424 463
24.7228 18.4424 463
23.9335 18.4424 463
23.1442 18.4424 463
22.3549 18.4424 463
21.4724 18.3627 461
20.6417 18.3229 460
19.8575 18.3229 460
19.0733 18.3229 460
18.1698 18.2034 457
17.3527 18.1636 456
16.5753 18.1636 456
1448.42 154.755 4059
1441.5 154.755 4059
1434.58 154.755 4059
1424.15 154.373 4049
1410.59 153.649 4030
1403.72 153.649 4030
1386.8 152.543 4001
1373.43 151.819 3982
1376.25 152.886 4010
1369.41 152.886 4010
1362.58 152.886 4010
1355.74 152.886 4010
1348.9 152.886 4010
1342.07 152.886 4010
1335.23 152.886 4010
1328.4 152.886 4010
1315.3 152.162 3991
1311.77 152.543 4001
1304.95 152.543 4001
1298.13 152.543 4001
1291.31 152.543 4001
1284.49 152.543 4001
1277.67 152.543 4001
1261.64 151.438 3972
1252.02 151.094 3963
1245.27 151.094 3963
1229.76 150.027 3935
1208.76 148.273 3889
1202.13 148.273 3889
1195.5 148.273 3889
129.323 21.6938 569
128.353 21.6938 569
127.383 21.6938 569
126.191 21.6557 568
124.561 21.5413 565
123.598 21.5413 565
122.418 21.5032 564
121.241 21.4651 563
120.281 21.4651 563
119.321 21.4651 563
117.521 21.3126 559
116.151 21.2363 557
114.374 21.0838 553
112.816 20.9694 550
111.878 20.9694 550
109.932 20.7788 545
108.603 20.7026 543
107.281 20.6263 541
106.162 20.5882 540
105.241 20.5882 540
104.321 20.5882 540
103.017 20.5119 538
102.1 20.5119 538
101.183 20.5119 538
100.266 20.5119 538
99.3484 20.5119 538
98.4313 20.5119 538
97.5141 20.5119 538
96.597 20.5119 538
95.6798 20.5119 538
94.9388 20.5501 539
94.0199 20.5501 539
93.1011 20.5501 539
92.1822 20.5501 539
91.2634 20.5501 539
90.5121 20.5882 540
89.5916 20.5882 540
88.8352 20.6263 541
87.9129 20.6263 541
87.1515 20.6644 542
86.2275 20.6644 542
85.3035 20.6644 542
84.3795 20.6644 542
83.4556 20.6644 542
82.5316 20.6644 542
81.7582 20.7026 543
80.8325 20.7026 543
79.9068 20.7026 543
78.8357 20.6644 542
77.9117 20.6644 542
69.1494 19.2538 505
68.2885 19.2538 505
67.4276 19.2538 505
66.4349 19.2156 504
65.5757 19.2156 504
64.7165 19.2156 504
63.7306 19.1775 503
62.7482 19.1394 502
61.8924 19.1394 502
61.0366 19.1394 502
60.1808 19.1394 502
59.325 19.1394 502
58.4692 19.1394 502
57.6135 19.1394 502
56.6446 19.1013 501
55.6792 19.0631 500
54.8268 19.0631 500
53.9744 19.0631 500
53.1221 19.0631 500
52.1651 19.025 499
51.3145 19.025 499
50.4638 19.025 499
49.6131 19.025 499
48.6647 18.9869 498
47.8158 18.9869 498
46.9668 18.9869 498
46.0252 18.9488 497
45.0871 18.9106 496
43.9739 18.7963 493
43.1335 18.7963 493
26.3014 17.6525 463
25.5121 17.6525 463
24.7228 17.6525 463
23.9335 17.6525 463
23.1442 17.6525 463
22.3549 17.6525 463
21.4724 17.5762 461
20.6417 17.5381 460
19.8575 17.5381 460
19.0733 17.5381 460
18.1698 17.4237 457
17.3527 17.3856 456
16.5753 17.3856 456
1444.85 147.465 4049
1437.95 147.465 4049
1431.05 147.465 4049
1420.63 147.101 4039
1400.44 145.717 4001
1393.62 145.717 4001
1383.33 145.353 3991
1366.87 144.333 3963
1366.64 145.025 3982
1366.34 145.717 4001
1359.52 145.717 4001
1352.7 145.717 4001
1345.88 145.717 4001
1339.06 145.717 4001
1325.91 145.025 3982
1319.12 145.025 3982
1315.3 145.353 3991
1311.77 145.717 4001
1304.95 145.717 4001
1298.13 145.717 4001
1291.31 145.717 4001
1284.49 145.717 4001
1277.67 145.717 4001
1261.64 144.661 3972
1252.02 144.333 3963
1245.27 144.333 3963
1229.76 143.313 3935
1208.76 141.638 3889
1202.13 141.638 3889
1195.5 141.638 3889
129.323 20.7231 569
128.353 20.7231 569
127.383 20.7231 569
126.191 20.6867 568
124.561 20.5774 565
123.598 20.5774 565
122.201 20.5046 563
120.81 20.4317 561
119.427 20.3589 559
118.05 20.286 557
117.1 20.286 557
115.525 20.1768 554
113.96 20.0675 551
112.2 19.9218 547
111.268 19.9218 547
109.529 19.7762 543
108.203 19.7033 541
107.082 19.6669 540
106.162 19.6669 540
105.241 19.6669 540
104.127 19.6305 539
102.826 19.5576 537
101.72 19.5212 536
100.807 19.5212 536
99.8928 19.5212 536
98.9791 19.5212 536
98.0654 19.5212 536
97.3329 19.5576 537
96.4174 19.5576 537
95.502 19.5576 537
94.7626 19.5941 538
93.8455 19.5941 538
92.9283 19.5941 538
92.0112 19.5941 538
91.094 19.5941 538
90.1769 19.5941 538
89.2597 19.5941 538
88.671 19.6669 540
87.9129 19.7033 541
86.9907 19.7033 541
86.0684 19.7033 541
85.1461 19.7033 541
84.3795 19.7397 542
83.4556 19.7397 542
82.5316 19.7397 542
81.6076 19.7397 542
80.6836 19.7397 542
79.7597 19.7397 542
69.1494 18.3922 505
68.2885 18.3922 505
67.4276 18.3922 505
66.5667 18.3922 505
65.7058 18.3922 505
64.7165 18.3558 504
63.7306 18.3193 503
62.7482 18.2829 502
61.8924 18.2829 502
61.0366 18.2829 502
60.1808 18.2829 502
59.325 18.2829 502
58.4692 18.2829 502
57.6135 18.2829 502
56.6446 18.2465 501
55.6792 18.2101 500
54.8268 18.2101 500
53.9744 18.2101 500
53.1221 18.2101 500
52.1651 18.1737 499
51.3145 18.1737 499
50.4638 18.1737 499
49.6131 18.1737 499
48.6647 18.1372 498
47.8158 18.1372 498
46.9668 18.1372 498
46.0252 18.1008 497
45.0871 18.0644 496
43.9739 17.9551 493
43.1335 17.9551 493
26.3014 16.8625 463
25.5121 16.8625 463
24.7228 16.8625 463
23.9335 16.8625 463
23.1442 16.8625 463
22.3549 16.8625 463
21.4724 16.7897 461
20.6417 16.7533 460
19.8143 16.7169 459
19.0318 16.7169 459
18.1698 16.644 457
17.3527 16.6076 456
16.5753 16.6076 456
1427.65 139.551 4020
1420.8 139.551 4020
1413.95 139.551 4020
1396.94 138.544 3991
1390.14 138.544 3991
1373.63 137.572 3963
1366.87 137.572 3963
1360.12 137.572 3963
1359.85 138.231 3982
1353.06 138.231 3982
1346.27 138.231 3982
1339.49 138.231 3982
1332.7 138.231 3982
1322.58 137.884 3972
1315.81 137.884 3972
1299.81 136.912 3944
1305.54 138.231 3982
1298.76 138.231 3982
1291.97 138.231 3982
1285.18 138.231 3982
1278.39 138.231 3982
1268.41 137.884 3972
1252.74 136.912 3944
1240.02 136.253 3925
1233.33 136.253 3925
128.919 19.544 563
129.096 19.7176 568
128.127 19.7176 568
127.159 19.7176 568
126.191 19.7176 568
124.12 19.544 563
123.16 19.544 563
121.767 19.4746 561
120.38 19.4052 559
118.786 19.301 556
117.414 19.2316 554
116.469 19.2316 554
114.899 19.1274 551
113.34 19.0233 548
111.585 18.8845 544
110.047 18.7803 541
109.125 18.7803 541
108.003 18.7456 540
107.082 18.7456 540
105.965 18.7109 539
105.046 18.7109 539
103.741 18.6415 537
102.634 18.6067 536
101.531 18.572 535
100.619 18.572 535
99.7065 18.572 535
98.7944 18.572 535
97.8824 18.572 535
97.1516 18.6067 536
96.2379 18.6067 536
95.3241 18.6067 536
94.4104 18.6067 536
93.4966 18.6067 536
92.5829 18.6067 536
91.6691 18.6067 536
90.7554 18.6067 536
89.8417 18.6067 536
88.9279 18.6067 536
88.3426 18.6762 538
87.7504 18.7456 540
86.8299 18.7456 540
85.9093 18.7456 540
85.1461 18.7803 541
84.2238 18.7803 541
83.3016 18.7803 541
82.3793 18.7803 541
69.1494 17.5306 505
68.2885 17.5306 505
67.4276 17.5306 505
66.5667 17.5306 505
65.7058 17.5306 505
64.7165 17.4959 504
63.7306 17.4612 503
62.7482 17.4265 502
61.8924 17.4265 502
61.0366 17.4265 502
60.1808 17.4265 502
59.325 17.4265 502
58.3528 17.3917 501
57.4987 17.3917 501
56.6446 17.3917 501
55.6792 17.357 500
54.8268 17.357 500
53.9744 17.357 500
53.1221 17.357 500
52.1651 17.3223 499
51.3145 17.3223 499
50.4638 17.3223 499
49.6131 17.3223 499
48.6647 17.2876 498
47.8158 17.2876 498
46.9668 17.2876 498
45.9326 17.2182 496
45.0871 17.2182 496
43.9739 17.114 493
43.1335 17.114 493
41.9499 16.9752 489
40.6118 16.7669 483
39.7884 16.7669 483
27.1492 16.1073 464
26.3582 16.1073 464
25.5672 16.1073 464
24.7762 16.1073 464
23.9335 16.0726 463
23.1442 16.0726 463
22.3549 16.0726 463
21.519 16.0379 462
20.6865 16.0032 461
19.8143 15.9338 459
19.0318 15.9338 459
18.2096 15.899 458
17.3908 15.8643 457
16.5753 15.8296 456
1380.53 129.556 3925
1373.84 129.556 3925
1367.15 129.556 3925
1360.46 129.556 3925
1357.22 129.886 3935
1353.6 130.183 3944
1349.95 130.48 3953
1343.21 130.48 3953
1342.89 131.108 3972
1336.12 131.108 3972
1329.35 131.108 3972
1319.58 130.811 3963
1309.51 130.48 3953
1299.81 130.183 3944
1293.09 130.183 3944
1286.36 130.183 3944
1279.64 130.183 3944
1272.91 130.183 3944
1266.19 130.183 3944
1259.47 130.183 3944
128.919 18.5835 563
129.096 18.7485 568
128.127 18.7485 568
127.159 18.7485 568
126.191 18.7485 568
124.12 18.5835 563
123.16 18.5835 563
121.767 18.5175 561
120.38 18.4515 559
118.786 18.3524 556
117.414 18.2864 554
116.469 18.2864 554
114.899 18.1874 551
113.34 18.0884 548
111.585 17.9563 544
110.047 17.8573 541
109.125 17.8573 541
108.003 17.8243 540
107.082 17.8243 540
105.965 17.7913 539
105.046 17.7913 539
103.741 17.7253 537
102.634 17.6923 536
101.531 17.6593 535
100.619 17.6593 535
99.7065 17.6593 535
98.7944 17.6593 535
97.8824 17.6593 535
96.9704 17.6593 535
96.0583 17.6593 535
95.1463 17.6593 535
94.2342 17.6593 535
93.3222 17.6593 535
92.4102 17.6593 535
91.4981 17.6593 535
90.5861 17.6593 535
89.674 17.6593 535
88.5961 17.6263 534
87.85 17.6593 535
87.2629 17.7253 537
86.6691 17.7913 539
85.7502 17.7913 539
84.8313 17.7913 539
83.9125 17.7913 539
82.9936 17.7913 539
69.1494 16.669 505
68.2885 16.669 505
67.4276 16.669 505
66.5667 16.669 505
65.7058 16.669 505
64.7165 16.636 504
63.7306 16.603 503
62.7482 16.57 502
61.8924 16.57 502
61.0366 16.57 502
60.1808 16.57 502
59.325 16.57 502
58.3528 16.537 501
57.4987 16.537 501
56.6446 16.537 501
55.7905 16.537 501
54.9365 16.537 501
54.0824 16.537 501
53.1221 16.504 500
52.2697 16.504 500
51.3145 16.471 499
50.4638 16.471 499
49.6131 16.471 499
48.6647 16.438 498
47.6237 16.3719 496
46.7782 16.3719 496
45.84 16.3389 495
44.8144 16.2729 493
43.8847 16.2399 492
43.046 16.2399 492
41.9499 16.1409 489
40.6118 15.9428 483
39.7884 15.9428 483
27.1492 15.3157 464
26.3582 15.3157 464
25.5672 15.3157 464
24.7762 15.3157 464
23.9335 15.2827 463
23.1442 15.2827 463
22.3549 15.2827 463
21.519 15.2497 462
20.6865 15.2167 461
19.8143 15.1507 459
19.0318 15.1507 459
18.2096 15.1176 458
17.3908 15.0846 457
16.5753 15.0516 456
1403.75 124.926 3991
1396.94 124.926 3991
1390.14 124.926 3991
1373.63 124.049 3963
1360.32 123.455 3944
1366.64 124.644 3982
1359.85 124.644 3982
1353.06 124.644 3982
1346.27 124.644 3982
1339.49 124.644 3982
1332.7 124.644 3982
1322.58 124.331 3972
1309.51 123.736 3953
1299.81 123.455 3944
1293.09 123.455 3944
1286.36 123.455 3944
1279.64 123.455 3944
1272.91 123.455 3944
1266.19 123.455 3944
137.568 17.7482 567
136.601 17.7482 567
135.635 17.7482 567
134.43 17.7169 566
133.23 17.6856 565
132.033 17.6542 564
131.071 17.6542 564
129.879 17.6229 563
128.919 17.6229 563
127.959 17.6229 563
127 17.6229 563
126.04 17.6229 563
124.858 17.5916 562
123.9 17.5916 562
122.942 17.5916 562
121.55 17.529 560
119.733 17.4038 556
118.358 17.3412 554
117.414 17.3412 554
116.469 17.3412 554
114.899 17.2473 551
113.133 17.1221 547
111.175 16.9656 542
110.047 16.9343 541
109.125 16.9343 541
107.803 16.8717 539
106.884 16.8717 539
105.572 16.8091 537
104.656 16.8091 537
103.548 16.7778 536
102.443 16.7465 535
101.341 16.7152 534
100.43 16.7152 534
99.5201 16.7152 534
98.6098 16.7152 534
97.6994 16.7152 534
96.9704 16.7465 535
96.0583 16.7465 535
95.1463 16.7465 535
94.2342 16.7465 535
93.3222 16.7465 535
92.4102 16.7465 535
91.4981 16.7465 535
90.5861 16.7465 535
89.674 16.7465 535
88.5961 16.7152 534
87.85 16.7465 535
87.2629 16.8091 537
86.6691 16.8717 539
85.7502 16.8717 539
84.8313 16.8717 539
83.9125 16.8717 539
82.9936 16.8717 539
70.149 15.8387 506
69.2864 15.8387 506
68.4238 15.8387 506
67.5612 15.8387 506
66.5667 15.8074 505
65.7058 15.8074 505
64.7165 15.7761 504
63.7306 15.7448 503
62.7482 15.7135 502
61.8924 15.7135 502
61.0366 15.7135 502
60.1808 15.7135 502
59.325 15.7135 502
58.3528 15.6822 501
57.4987 15.6822 501
56.6446 15.6822 501
55.7905 15.6822 501
54.9365 15.6822 501
54.0824 15.6822 501
53.1221 15.6509 500
52.2697 15.6509 500
51.3145 15.6196 499
50.4638 15.6196 499
49.6131 15.6196 499
48.6647 15.5883 498
47.6237 15.5257 496
46.7782 15.5257 496
45.7474 15.4631 494
44.7235 15.4005 492
43.7063 15.3379 490
42.871 15.3379 490
41.9499 15.3066 489
40.6118 15.1188 483
39.7884 15.1188 483
38.8037 15.0562 481
37.9837 15.0562 481
37.1637 15.0562 481
29.6494 14.5867 466
28.855 14.5867 466
28.0606 14.5867 466
27.2077 14.5554 465
26.415 14.5554 465
25.6223 14.5554 465
24.7762 14.5241 464
23.9852 14.5241 464
23.1442 14.4928 463
22.3549 14.4928 463
21.519 14.4615 462
20.6865 14.4302 461
19.9007 14.4302 461
19.1148 14.4302 461
18.2096 14.3363 458
17.3908 14.3049 457
1403.75 118.117 3991
1396.94 118.117 3991
1390.14 118.117 3991
1373.63 117.288 3963
1360.32 116.726 3944
1366.64 117.85 3982
1359.85 117.85 3982
1353.06 117.85 3982
1346.27 117.85 3982
1339.49 117.85 3982
1332.7 117.85 3982
1322.58 117.554 3972
1306.53 116.726 3944
1299.81 116.726 3944
1293.09 116.726 3944
1286.36 116.726 3944
1279.64 116.726 3944
1272.91 116.726 3944
1266.19 116.726 3944
137.568 16.7808 567
136.601 16.7808 567
135.635 16.7808 567
134.43 16.7512 566
133.23 16.7216 565
132.033 16.692 564
131.071 16.692 564
129.879 16.6624 563
128.919 16.6624 563
127.732 16.6328 562
126.774 16.6328 562
125.816 16.6328 562
124.858 16.6328 562
123.679 16.6032 561
122.723 16.6032 561
121.332 16.544 559
119.733 16.4552 556
118.358 16.396 554
116.99 16.3369 552
116.049 16.3369 552
114.482 16.2481 549
112.306 16.0705 543
110.97 16.0113 541
109.641 15.9521 539
108.722 15.9521 539
107.203 15.8633 536
106.289 15.8633 536
105.179 15.8337 535
104.267 15.8337 535
102.968 15.7745 533
102.06 15.7745 533
100.961 15.7449 532
100.054 15.7449 532
99.1474 15.7449 532
98.2404 15.7449 532
97.5165 15.7745 533
96.6079 15.7745 533
95.6992 15.7745 533
94.9684 15.8041 534
94.0581 15.8041 534
93.1478 15.8041 534
92.2374 15.8041 534
91.1561 15.7745 533
90.2474 15.7745 533
89.3388 15.7745 533
88.2643 15.7449 532
87.3573 15.7449 532
86.4504 15.7449 532
85.8651 15.8041 534
84.9547 15.8041 534
84.2018 15.8337 535
83.2898 15.8337 535
82.3777 15.8337 535
70.149 14.9755 506
69.2864 14.9755 506
68.4238 14.9755 506
67.5612 14.9755 506
66.5667 14.9459 505
65.7058 14.9459 505
64.7165 14.9163 504
63.7306 14.8867 503
62.7482 14.8571 502
61.8924 14.8571 502
61.0366 14.8571 502
60.1808 14.8571 502
59.325 14.8571 502
58.3528 14.8275 501
57.4987 14.8275 501
56.6446 14.8275 501
55.7905 14.8275 501
54.9365 14.8275 501
54.0824 14.8275 501
53.1221 14.7979 500
52.2697 14.7979 500
51.3145 14.7683 499
50.4638 14.7683 499
49.6131 14.7683 499
48.6647 14.7387 498
47.6237 14.6795 496
46.7782 14.6795 496
45.7474 14.6203 494
44.7235 14.5611 492
43.7063 14.5019 490
42.871 14.5019 490
41.7783 14.4131 487
40.6118 14.2947 483
39.7884 14.2947 483
38.8037 14.2356 481
37.9837 14.2356 481
37.1637 14.2356 481
35.8904 14.058 475
35.0806 14.058 475
34.0544 13.9692 472
33.2498 13.9692 472
31.9639 13.762 465
31.1712 13.762 465
30.3785 13.762 465
29.6494 13.7916 466
28.855 13.7916 466
28.0606 13.7916 466
27.2077 13.762 465
26.415 13.762 465
25.6223 13.762 465
24.7762 13.7324 464
23.9852 13.7324 464
23.1442 13.7028 463
22.3549 13.7028 463
21.519 13.6732 462
20.6865 13.6436 461
19.9007 13.6436 461
19.1148 13.6436 461
18.2096 13.5549 458
1403.75 111.308 3991
1396.94 111.308 3991
1390.14 111.308 3991
1373.63 110.527 3963
1369.98 110.778 3972
1366.64 111.057 3982
1362.92 111.308 3991
1356.12 111.308 3991
1349.32 111.308 3991
1342.51 111.308 3991
1335.71 111.308 3991
1328.91 111.308 3991
1306.53 109.997 3944
1290.58 109.216 3916
1283.9 109.216 3916
1277.23 109.216 3916
137.568 15.8134 567
136.601 15.8134 567
135.635 15.8134 567
134.43 15.7855 566
133.23 15.7577 565
132.033 15.7298 564
131.071 15.7298 564
129.879 15.7019 563
128.919 15.7019 563
127.732 15.674 562
126.774 15.674 562
125.592 15.6461 561
124.636 15.6461 561
123.238 15.5903 559
122.285 15.5903 559
120.898 15.5345 557
119.303 15.4509 554
118.145 15.423 553
116.354 15.3114 549
115.418 15.3114 549
113.231 15.1441 543
111.892 15.0883 541
110.354 15.0046 538
109.03 14.9489 536
108.117 14.9489 536
106.403 14.8373 532
105.496 14.8373 532
104.589 14.8373 532
103.682 14.8373 532
102.582 14.8094 531
101.677 14.8094 531
100.771 14.8094 531
99.8662 14.8094 531
98.961 14.8094 531
98.0558 14.8094 531
97.1506 14.8094 531
96.4266 14.8373 532
95.5197 14.8373 532
94.6127 14.8373 532
93.7058 14.8373 532
92.7989 14.8373 532
91.892 14.8373 532
90.985 14.8373 532
90.0781 14.8373 532
89.1712 14.8373 532
88.0984 14.8094 531
87.1931 14.8094 531
86.2879 14.8094 531
85.5435 14.8373 532
84.6366 14.8373 532
83.7296 14.8373 532
72.8805 14.1401 507
72.0162 14.1401 507
71.1519 14.1401 507
70.149 14.1122 506
69.2864 14.1122 506
68.4238 14.1122 506
67.5612 14.1122 506
66.4349 14.0564 504
65.5757 14.0564 504
64.7165 14.0564 504
63.7306 14.0285 503
62.7482 14.0006 502
61.8924 14.0006 502
61.0366 14.0006 502
60.1808 14.0006 502
59.2068 13.9727 501
58.3528 13.9727 501
57.4987 13.9727 501
56.6446 13.9727 501
55.7905 13.9727 501
54.9365 13.9727 501
54.0824 13.9727 501
53.1221 13.9448 500
52.2697 13.9448 500
51.3145 13.9169 499
50.4638 13.9169 499
49.6131 13.9169 499
48.567 13.8612 497
47.5277 13.8054 495
46.6839 13.8054 495
45.5622 13.7217 492
44.5417 13.6659 490
43.6171 13.638 489
42.7835 13.638 489
41.7783 13.5823 487
40.6118 13.4707 483
39.7884 13.4707 483
38.8037 13.4149 481
37.9837 13.4149 481
37.1637 13.4149 481
35.8904 13.2476 475
35.0806 13.2476 475
34.0544 13.1639 472
33.2498 13.1639 472
32.3764 13.136 471
31.2383 12.9966 466
30.3785 12.9687 465
29.6494 12.9966 466
28.855 12.9966 466
28.0606 12.9966 466
27.2077 12.9687 465
26.415 12.9687 465
25.6223 12.9687 465
24.7762 12.9408 464
23.9852 12.9408 464
23.1442 12.9129 463
22.3549 12.9129 463
21.519 12.885 462
20.6865 12.8571 461
19.9007 12.8571 461
19.1148 12.8571 461
18.2096 12.7735 458
1403.75 104.499 3991
1396.94 104.499 3991
1390.14 104.499 3991
1373.63 103.765 3963
1369.98 104.001 3972
1366.64 104.263 3982
1362.92 104.499 3991
1356.12 104.499 3991
1349.32 104.499 3991
1342.51 104.499 3991
1335.71 104.499 3991
1328.91 104.499 3991
1306.53 103.268 3944
1290.58 102.535 3916
1283.9 102.535 3916
137.325 14.8199 566
136.36 14.8199 566
135.395 14.8199 566
134.43 14.8199 566
133.23 14.7937 565
132.033 14.7675 564
131.071 14.7675 564
129.879 14.7413 563
128.69 14.7152 562
127.732 14.7152 562
126.774 14.7152 562
125.592 14.689 561
124.636 14.689 561
123.238 14.6366 559
122.285 14.6366 559
120.898 14.5842 557
119.303 14.5057 554
118.145 14.4795 553
116.566 14.401 550
115.629 14.401 550
113.231 14.2177 543
111.892 14.1653 541
110.354 14.0867 538
109.03 14.0344 536
108.117 14.0344 536
106.403 13.9296 532
105.496 13.9296 532
104.589 13.9296 532
103.682 13.9296 532
102.582 13.9035 531
101.677 13.9035 531
100.771 13.9035 531
99.8662 13.9035 531
98.961 13.9035 531
98.0558 13.9035 531
97.1506 13.9035 531
96.2454 13.9035 531
95.3401 13.9035 531
94.4349 13.9035 531
93.5297 13.9035 531
92.6245 13.9035 531
91.7192 13.9035 531
90.814 13.9035 531
89.7395 13.8773 530
88.836 13.8773 530
87.9324 13.8773 530
87.0289 13.8773 530
86.1254 13.8773 530
85.2219 13.8773 530
84.3184 13.8773 530
74.6091 13.2751 507
73.7448 13.2751 507
72.8805 13.2751 507
72.0162 13.2751 507
71.1519 13.2751 507
70.149 13.2489 506
69.2864 13.2489 506
68.4238 13.2489 506
67.4276 13.2227 505
66.4349 13.1965 504
65.5757 13.1965 504
64.5881 13.1703 503
63.6039 13.1441 502
62.7482 13.1441 502
61.8924 13.1441 502
61.0366 13.1441 502
60.0609 13.118 501
59.2068 13.118 501
58.3528 13.118 501
57.3839 13.0918 500
56.5315 13.0918 500
55.6792 13.0918 500
54.8268 13.0918 500
53.9744 13.0918 500
53.0158 13.0656 499
52.1651 13.0656 499
51.3145 13.0656 499
50.4638 13.0656 499
49.4143 13.0132 497
48.4693 12.987 496
47.2397 12.8823 492
46.401 12.8823 492
45.377 12.8299 490
44.4508 12.8038 489
43.4388 12.7514 487
42.3461 12.6728 484
41.521 12.6728 484
40.5277 12.6205 482
39.6236 12.5943 481
38.723 12.5681 480
37.9047 12.5681 480
37.0864 12.5681 480
35.8904 12.4372 475
35.0806 12.4372 475
34.0544 12.3586 472
33.2498 12.3586 472
32.3764 12.3324 471
31.2383 12.2015 466
30.3785 12.1753 465
29.5858 12.1753 465
28.7931 12.1753 465
28.0004 12.1753 465
27.2077 12.1753 465
26.415 12.1753 465
25.6223 12.1753 465
24.7762 12.1492 464
23.9852 12.1492 464
23.1442 12.123 463
22.3549 12.123 463
21.519 12.0968 462
20.6865 12.0706 461
1403.75 97.6895 3991
1396.94 97.6895 3991
1390.14 97.6895 3991
1373.63 97.0041 3963
1369.98 97.2244 3972
1366.64 97.4692 3982
1362.92 97.6895 3991
1356.12 97.6895 3991
1349.32 97.6895 3991
1342.51 97.6895 3991
1335.71 97.6895 3991
1328.91 97.6895 3991
1306.53 96.539 3944
137.083 13.8298 565
136.119 13.8298 565
135.156 13.8298 565
134.193 13.8298 565
132.758 13.7808 563
131.798 13.7808 563
130.839 13.7808 563
129.648 13.7563 562
128.461 13.7318 561
127.277 13.7074 560
126.323 13.7074 560
125.368 13.7074 560
124.191 13.6829 559
123.018 13.6584 558
122.067 13.6584 558
120.464 13.585 555
119.303 13.5605 554
117.717 13.4871 551
116.566 13.4626 550
115.629 13.4626 550
113.231 13.2913 543
111.478 13.1933 539
110.149 13.1444 537
108.217 13.022 532
107.31 13.022 532
106.403 13.022 532
105.298 12.9975 531
104.392 12.9975 531
103.487 12.9975 531
102.582 12.9975 531
101.677 12.9975 531
100.582 12.973 530
99.6782 12.973 530
98.7746 12.973 530
97.8711 12.973 530
96.9676 12.973 530
96.2454 12.9975 531
95.3401 12.9975 531
94.4349 12.9975 531
93.5297 12.9975 531
92.6245 12.9975 531
91.7192 12.9975 531
90.814 12.9975 531
89.7395 12.973 530
88.836 12.973 530
87.9324 12.973 530
87.0289 12.973 530
86.1254 12.973 530
85.2219 12.973 530
84.3184 12.973 530
74.6091 12.4101 507
73.7448 12.4101 507
72.8805 12.4101 507
72.0162 12.4101 507
71.1519 12.4101 507
70.149 12.3856 506
69.2864 12.3856 506
68.4238 12.3856 506
67.4276 12.3611 505
66.4349 12.3366 504
65.5757 12.3366 504
64.4597 12.2877 502
63.6039 12.2877 502
62.6232 12.2632 501
61.7691 12.2632 501
60.915 12.2632 501
59.941 12.2387 500
59.0887 12.2387 500
58.2363 12.2387 500
57.3839 12.2387 500
56.4185 12.2142 499
55.5678 12.2142 499
54.7171 12.2142 499
53.8665 12.2142 499
53.0158 12.2142 499
52.0606 12.1898 498
51.1088 12.1653 497
50.2615 12.1653 497
49.3149 12.1408 496
48.2739 12.0919 494
47.0477 11.9939 490
46.2123 11.9939 490
45.2844 11.9695 489
44.269 11.9205 487
43.1712 11.8471 484
42.1711 11.7981 482
41.3494 11.7981 482
40.3595 11.7492 480
39.5413 11.7492 480
38.723 11.7492 480
37.9047 11.7492 480
36.8546 11.6757 477
35.8904 11.6268 475
34.9329 11.5778 473
34.0544 11.5534 472
33.2498 11.5534 472
32.3764 11.5289 471
31.2383 11.4065 466
30.3785 11.382 465
29.5858 11.382 465
28.7312 11.3575 464
27.9402 11.3575 464
27.1492 11.3575 464
26.3582 11.3575 464
25.5672 11.3575 464
24.7762 11.3575 464
23.9335 11.3331 463
23.0942 11.3086 462
22.3066 11.3086 462
21.4724 11.2841 461
20.6417 11.2596 460
1384.05 89.6052 3935
1377.34 89.6052 3935
1370.63 89.6052 3935
1357.34 89.1726 3916
1350.66 89.1726 3916
1356.69 90.0151 3953
1359.85 90.6755 3982
1353.06 90.6755 3982
1346.27 90.6755 3982
1339.49 90.6755 3982
1332.7 90.6755 3982
1325.91 90.6755 3982
154.749 13.1391 577
153.765 13.1391 577
152.781 13.1391 577
151.798 13.1391 577
150.814 13.1391 577
149.571 13.1163 576
148.331 13.0935 575
146.582 13.0252 572
145.098 12.9797 570
144.126 12.9797 570
142.903 12.9569 569
136.84 12.843 564
135.878 12.843 564
134.917 12.843 564
133.718 12.8203 563
132.522 12.7975 562
131.564 12.7975 562
130.606 12.7975 562
129.417 12.7747 561
128.232 12.752 560
127.05 12.7292 559
126.097 12.7292 559
125.144 12.7292 559
123.969 12.7064 558
122.797 12.6836 557
121.848 12.6836 557
120.464 12.6381 555
119.087 12.5926 553
117.717 12.547 551
116.566 12.5242 550
115.629 12.5242 550
113.231 12.3648 543
111.478 12.2738 539
110.149 12.2282 537
108.217 12.1144 532
107.31 12.1144 532
106.203 12.0916 531
105.298 12.0916 531
104.392 12.0916 531
103.487 12.0916 531
102.582 12.0916 531
101.485 12.0688 530
100.582 12.0688 530
99.6782 12.0688 530
98.7746 12.0688 530
97.8711 12.0688 530
96.9676 12.0688 530
96.0641 12.0688 530
95.1606 12.0688 530
94.2571 12.0688 530
93.3535 12.0688 530
92.45 12.0688 530
91.5465 12.0688 530
90.643 12.0688 530
89.7395 12.0688 530
88.836 12.0688 530
87.7665 12.046 529
86.8647 12.046 529
74.6091 11.5451 507
73.7448 11.5451 507
72.8805 11.5451 507
72.0162 11.5451 507
71.0116 11.5223 506
70.149 11.5223 506
69.2864 11.5223 506
68.4238 11.5223 506
67.4276 11.4995 505
66.4349 11.4768 504
65.5757 11.4768 504
64.4597 11.4312 502
63.6039 11.4312 502
62.6232 11.4084 501
61.7691 11.4084 501
60.915 11.4084 501
59.941 11.3857 500
59.0887 11.3857 500
58.2363 11.3857 500
57.3839 11.3857 500
56.4185 11.3629 499
55.5678 11.3629 499
54.7171 11.3629 499
53.8665 11.3629 499
53.0158 11.3629 499
52.0606 11.3401 498
51.1088 11.3174 497
50.2615 11.3174 497
49.3149 11.2946 496
48.2739 11.249 494
47.0477 11.158 490
46.2123 11.158 490
45.2844 11.1352 489
44.269 11.0896 487
43.1712 11.0213 484
42.1711 10.9758 482
41.3494 10.9758 482
40.3595 10.9302 480
39.2941 10.8619 477
38.481 10.8619 477
37.6678 10.8619 477
36.7001 10.8164 475
35.8148 10.7936 474
34.9329 10.7708 473
34.0544 10.7481 472
33.2498 10.7481 472
32.3764 10.7253 471
31.2383 10.6114 466
30.3785 10.5887 465
29.5858 10.5887 465
28.7312 10.5659 464
27.9402 10.5659 464
27.0907 10.5431 463
26.3014 10.5431 463
25.5121 10.5431 463
24.6694 10.5204 462
23.8818 10.5204 462
22.9942 10.4748 460
22.21 10.4748 460
21.3793 10.452 459
20.507 10.4065 457
1358.09 81.7331 3880
1351.47 81.7331 3880
1344.86 81.7331 3880
1338.25 81.7331 3880
1343.99 82.4915 3916
1353.36 83.4815 3963
1346.61 83.4815 3963
1339.85 83.4815 3963
1329.73 83.2709 3953
1322.99 83.2709 3953
155.732 12.1546 577
154.749 12.1546 577
153.765 12.1546 577
152.781 12.1546 577
151.798 12.1546 577
150.814 12.1546 577
149.571 12.1336 576
148.331 12.1125 575
146.582 12.0493 572
145.607 12.0493 572
144.126 12.0072 570
142.903 11.9861 569
136.84 11.8808 564
135.878 11.8808 564
134.917 11.8808 564
133.718 11.8597 563
132.522 11.8387 562
131.564 11.8387 562
130.606 11.8387 562
129.417 11.8176 561
128.232 11.7965 560
127.05 11.7755 559
126.097 11.7755 559
125.144 11.7755 559
123.747 11.7333 557
122.357 11.6912 555
121.192 11.6701 554
120.247 11.6701 554
119.087 11.6491 553
117.717 11.6069 551
116.354 11.5648 549
115.418 11.5648 549
113.231 11.4384 543
111.271 11.3331 538
110.149 11.312 537
108.013 11.1856 531
107.108 11.1856 531
106.203 11.1856 531
105.298 11.1856 531
104.392 11.1856 531
103.487 11.1856 531
102.389 11.1646 530
101.485 11.1646 530
100.392 11.1435 529
99.4901 11.1435 529
98.5883 11.1435 529
97.6865 11.1435 529
96.7847 11.1435 529
96.0641 11.1646 530
95.1606 11.1646 530
94.2571 11.1646 530
93.3535 11.1646 530
92.45 11.1646 530
91.5465 11.1646 530
90.643 11.1646 530
89.5702 11.1435 529
88.6683 11.1435 529
87.7665 11.1435 529
74.6091 10.6801 507
73.7448 10.6801 507
72.8805 10.6801 507
71.8742 10.659 506
71.0116 10.659 506
70.0103 10.6379 505
69.1494 10.6379 505
68.2885 10.6379 505
67.2941 10.6169 504
66.1713 10.5747 502
65.3155 10.5747 502
64.4597 10.5747 502
63.4772 10.5537 501
62.6232 10.5537 501
61.7691 10.5537 501
60.7934 10.5326 500
59.941 10.5326 500
58.9705 10.5116 499
58.1198 10.5116 499
57.2692 10.5116 499
56.3054 10.4905 498
55.4565 10.4905 498
54.6075 10.4905 498
53.7585 10.4905 498
52.9096 10.4905 498
51.8515 10.4484 496
50.9031 10.4273 495
50.0593 10.4273 495
49.116 10.4062 494
48.0784 10.3641 492
46.9516 10.3009 489
46.118 10.3009 489
45.1918 10.2798 488
43.9963 10.1956 484
42.9928 10.1534 482
41.9961 10.1113 480
41.1778 10.1113 480
40.3595 10.1113 480
39.2941 10.0481 477
38.481 10.0481 477
37.6678 10.0481 477
36.7001 10.006 475
35.8148 9.98492 474
34.9329 9.96386 473
34.0544 9.94279 472
33.2498 9.94279 472
32.3764 9.92173 471
31.2383 9.8164 466
30.3785 9.79533 465
29.5858 9.79533 465
28.7312 9.77427 464
27.9402 9.77427 464
27.0907 9.7532 463
26.3014 9.7532 463
25.5121 9.7532 463
24.6694 9.73214 462
23.8818 9.73214 462
22.9942 9.69001 460
22.21 9.69001 460
21.3793 9.66894 459
20.507 9.62681 457
1358.09 75.1134 3880
1351.47 75.1134 3880
1344.86 75.1134 3880
1338.25 75.1134 3880
1343.99 75.8104 3916
1349.95 76.5266 3953
1343.21 76.5266 3953
1336.47 76.5266 3953
1317.28 75.8104 3916
1310.61 75.8104 3916
158.408 11.1509 576
157.426 11.1509 576
156.716 11.1702 577
155.732 11.1702 577
154.749 11.1702 577
153.765 11.1702 577
152.781 11.1702 577
151.798 11.1702 577
150.814 11.1702 577
149.571 11.1509 576
148.331 11.1315 575
146.582 11.0734 572
145.607 11.0734 572
144.126 11.0347 570
142.903 11.0153 569
136.597 10.8992 563
135.637 10.8992 563
134.678 10.8992 563
133.48 10.8798 562
132.287 10.8605 561
131.33 10.8605 561
130.374 10.8605 561
129.187 10.8411 560
128.003 10.8218 559
127.05 10.8218 559
126.097 10.8218 559
124.697 10.783 557
123.747 10.783 557
122.357 10.7443 555
121.192 10.725 554
120.247 10.725 554
119.087 10.7056 553
117.717 10.6669 551
116.354 10.6282 549
115.418 10.6282 549
113.231 10.512 543
111.271 10.4152 538
110.149 10.3959 537
108.013 10.2797 531
107.108 10.2797 531
106.203 10.2797 531
105.298 10.2797 531
104.392 10.2797 531
103.487 10.2797 531
102.389 10.2603 530
101.485 10.2603 530
100.392 10.241 529
99.4901 10.241 529
98.5883 10.241 529
97.6865 10.241 529
96.7847 10.241 529
96.0641 10.2603 530
95.1606 10.2603 530
94.2571 10.2603 530
93.3535 10.2603 530
92.45 10.2603 530
91.5465 10.2603 530
90.472 10.241 529
89.5702 10.241 529
88.6683 10.241 529
87.6006 10.2216 528
73.4539 9.77636 505
72.593 9.77636 505
71.7321 9.77636 505
70.8712 9.77636 505
70.0103 9.77636 505
69.1494 9.77636 505
68.2885 9.77636 505
63.3505 9.67957 500
62.4982 9.67957 500
61.6458 9.67957 500
60.7934 9.67957 500
59.8212 9.66021 499
58.9705 9.66021 499
58.0033 9.64085 498
57.1544 9.64085 498
56.3054 9.64085 498
55.4565 9.64085 498
54.6075 9.64085 498
53.7585 9.64085 498
52.6971 9.60213 496
51.747 9.58277 495
50.8003 9.56341 494
49.9582 9.56341 494
48.9172 9.52469 492
47.883 9.48597 490
46.8556 9.44726 488
46.0237 9.44726 488
44.8214 9.36982 484
43.8145 9.3311 482
42.9036 9.31174 481
41.9961 9.29238 480
41.1778 9.29238 480
40.1073 9.23431 477
39.2941 9.23431 477
38.4003 9.21495 476
37.5888 9.21495 476
36.6228 9.17623 474
35.7392 9.15687 473
34.9329 9.15687 473
34.0544 9.13751 472
33.2498 9.13751 472
32.3764 9.11815 471
31.2383 9.02136 466
30.3132 8.98264 464
29.4586 8.96328 463
28.6693 8.96328 463
27.88 8.96328 463
27.0322 8.94392 462
26.2446 8.94392 462
25.457 8.94392 462
24.616 8.92456 461
23.7784 8.9052 460
22.8942 8.86648 458
22.1135 8.86648 458
21.2861 8.84712 457
20.507 8.84712 457
1358.09 68.4938 3880
1351.47 68.4938 3880
1344.86 68.4938 3880
1338.25 68.4938 3880
1343.99 69.1293 3916
1349.95 69.7824 3953
1343.21 69.7824 3953
1336.47 69.7824 3953
1317.28 69.1293 3916
1310.61 69.1293 3916
159.667 10.1858 577
158.683 10.1858 577
157.7 10.1858 577
156.716 10.1858 577
155.732 10.1858 577
154.749 10.1858 577
153.765 10.1858 577
152.781 10.1858 577
151.798 10.1858 577
150.814 10.1858 577
149.571 10.1681 576
148.331 10.1505 575
146.582 10.0975 572
145.607 10.0975 572
144.126 10.0622 570
142.903 10.0446 569
141.185 9.99161 566
138.271 9.921 562
137.313 9.921 562
136.355 9.921 562
135.397 9.921 562
134.439 9.921 562
133.243 9.90335 561
132.051 9.8857 560
130.862 9.86804 559
129.909 9.86804 559
128.725 9.85039 558
127.545 9.83274 557
126.368 9.81508 556
125.421 9.81508 556
124.249 9.79743 555
123.303 9.79743 555
122.136 9.77978 554
120.973 9.76213 553
120.03 9.76213 553
118.872 9.74447 552
117.504 9.70917 550
115.93 9.65621 547
114.998 9.65621 547
113.231 9.58559 543
111.065 9.47968 537
109.944 9.46202 536
108.013 9.37376 531
107.108 9.37376 531
106.003 9.3561 530
105.099 9.3561 530
104.196 9.3561 530
103.292 9.3561 530
102.196 9.33845 529
101.294 9.33845 529
100.392 9.33845 529
99.4901 9.33845 529
98.5883 9.33845 529
97.6865 9.33845 529
96.7847 9.33845 529
95.8828 9.33845 529
94.981 9.33845 529
94.0792 9.33845 529
93.3535 9.3561 530
92.45 9.3561 530
91.5465 9.3561 530
90.472 9.33845 529
89.5702 9.33845 529
88.6683 9.33845 529
87.6006 9.3208 528
73.4539 8.91478 505
72.593 8.91478 505
71.7321 8.91478 505
70.8712 8.91478 505
70.0103 8.91478 505
69.1494 8.91478 505
68.2885 8.91478 505
62.2482 8.79121 498
61.3992 8.79121 498
60.5502 8.79121 498
59.7013 8.79121 498
58.8523 8.79121 498
57.8869 8.77356 497
57.0396 8.77356 497
56.1924 8.77356 497
55.2337 8.7559 496
54.3882 8.7559 496
53.5426 8.7559 496
52.5908 8.73825 495
51.5379 8.70294 493
50.4918 8.66764 491
49.6548 8.66764 491
48.7183 8.64998 490
47.7853 8.63233 489
46.6636 8.57937 486
45.4578 8.50876 482
44.6362 8.50876 482
43.7236 8.49111 481
42.8144 8.47345 480
41.9086 8.4558 479
41.092 8.4558 479
40.0232 8.40284 476
39.1294 8.38519 475
38.2389 8.36754 474
37.3519 8.34988 473
36.5456 8.34988 473
35.7392 8.34988 473
34.9329 8.34988 473
34.0544 8.33223 472
33.2498 8.33223 472
32.3764 8.31458 471
31.2383 8.22631 466
30.2479 8.17335 463
29.3949 8.1557 462
28.6073 8.1557 462
27.8198 8.1557 462
26.9736 8.13805 461
26.1878 8.13805 461
25.4019 8.13805 461
24.616 8.13805 461
23.7267 8.10274 459
22.8443 8.06743 457
22.0652 8.06743 457
21.2861 8.06743 457
20.4622 8.04978 456
166.841 9.21732 578
165.856 9.21732 578
164.87 9.21732 578
163.885 9.21732 578
162.9 9.21732 578
161.634 9.20138 577
160.65 9.20138 577
159.667 9.20138 577
158.683 9.20138 577
157.7 9.20138 577
156.716 9.20138 577
155.732 9.20138 577
154.749 9.20138 577
153.765 9.20138 577
152.781 9.20138 577
151.798 9.20138 577
150.814 9.20138 577
149.311 9.16948 575
148.073 9.15353 574
146.326 9.10569 571
145.352 9.10569 571
143.873 9.0738 569
142.652 9.05785 568
141.185 9.02596 566
139.477 8.97812 563
138.517 8.97812 563
137.313 8.96217 562
136.355 8.96217 562
135.156 8.94623 561
134.199 8.94623 561
133.005 8.93028 560
131.815 8.91433 559
130.394 8.88244 557
129.444 8.88244 557
128.495 8.88244 557
127.316 8.86649 556
126.141 8.85054 555
125.195 8.85054 555
124.025 8.8346 554
123.08 8.8346 554
122.136 8.8346 554
120.754 8.8027 552
119.813 8.8027 552
118.872 8.8027 552
117.076 8.73891 548
115.718 8.70702 546
114.788 8.70702 546
113.231 8.65918 543
111.065 8.5635 537
109.739 8.5316 535
108.013 8.46782 531
107.108 8.46782 531
106.003 8.45187 530
105.099 8.45187 530
104.196 8.45187 530
103.292 8.45187 530
102.196 8.43592 529
101.294 8.43592 529
100.202 8.41998 528
99.302 8.41998 528
98.4019 8.41998 528
97.5018 8.41998 528
96.7847 8.43592 529
95.8828 8.43592 529
94.981 8.43592 529
94.0792 8.43592 529
93.1774 8.43592 529
92.2756 8.43592 529
91.3738 8.43592 529
90.472 8.43592 529
89.5702 8.43592 529
88.6683 8.43592 529
62.2482 7.94157 498
61.3992 7.94157 498
60.5502 7.94157 498
59.7013 7.94157 498
58.8523 7.94157 498
57.8869 7.92562 497
57.0396 7.92562 497
56.1924 7.92562 497
55.2337 7.90967 496
54.3882 7.90967 496
53.5426 7.90967 496
52.5908 7.89373 495
51.5379 7.86183 493
50.4918 7.82994 491
49.6548 7.82994 491
48.7183 7.81399 490
47.7853 7.79805 489
46.6636 7.75021 486
45.4578 7.68642 482
44.6362 7.68642 482
43.7236 7.67047 481
42.8144 7.65452 480
41.9086 7.63858 479
41.092 7.63858 479
40.0232 7.59074 476
39.047 7.55884 474
38.2389 7.55884 474
37.3519 7.5429 473
36.5456 7.5429 473
35.7392 7.5429 473
34.9329 7.5429 473
34.1265 7.5429 473
33.3202 7.5429 473
32.4451 7.52695 472
31.2383 7.43127 466
30.2479 7.38343 463
29.3313 7.35153 461
28.5454 7.35153 461
27.7595 7.35153 461
26.9736 7.35153 461
26.1878 7.35153 461
25.4019 7.35153 461
24.5092 7.31964 459
23.675 7.30369 458
22.8443 7.28774 457
22.0652 7.28774 457
21.2395 7.2718 456
20.4622 7.2718 456
166.841 8.23119 578
165.856 8.23119 578
164.87 8.23119 578
163.885 8.23119 578
162.9 8.23119 578
161.634 8.21695 577
160.65 8.21695 577
159.667 8.21695 577
158.683 8.21695 577
157.7 8.21695 577
156.444 8.20271 576
155.732 8.21695 577
154.749 8.21695 577
153.765 8.21695 577
152.781 8.21695 577
151.798 8.21695 577
150.814 8.21695 577
149.311 8.18847 575
148.073 8.17423 574
146.326 8.13151 571
145.352 8.13151 571
143.873 8.10303 569
142.652 8.08879 568
141.185 8.0603 566
139.477 8.01758 563
138.517 8.01758 563
137.313 8.00334 562
136.355 8.00334 562
135.156 7.9891 561
134.199 7.9891 561
133.005 7.97486 560
131.815 7.96062 559
130.394 7.93214 557
129.444 7.93214 557
128.495 7.93214 557
127.316 7.9179 556
126.141 7.90366 555
125.195 7.90366 555
124.025 7.88941 554
123.08 7.88941 554
121.916 7.87517 553
120.754 7.86093 552
119.813 7.86093 552
118.657 7.84669 551
117.076 7.80397 548
115.506 7.76125 545
114.577 7.76125 545
113.023 7.71853 542
111.065 7.64732 537
109.739 7.61884 535
108.013 7.56188 531
107.108 7.56188 531
106.003 7.54764 530
104.901 7.53339 529
103.999 7.53339 529
103.097 7.53339 529
102.196 7.53339 529
101.294 7.53339 529
100.202 7.51915 528
99.302 7.51915 528
98.4019 7.51915 528
97.5018 7.51915 528
96.6017 7.51915 528
95.7016 7.51915 528
94.8015 7.51915 528
93.9014 7.51915 528
93.1774 7.53339 529
92.2756 7.53339 529
91.3738 7.53339 529
90.3009 7.51915 528
89.2315 7.50491 527
88.3331 7.50491 527
61.7482 7.03497 494
61.0293 7.04921 495
60.1855 7.04921 495
59.3416 7.04921 495
58.4978 7.04921 495
57.5375 7.03497 494
56.6953 7.03497 494
55.7401 7.02072 493
54.7883 7.00648 492
53.9496 7.00648 492
53.1108 7.00648 492
52.0596 6.978 490
51.2243 6.978 490
50.2861 6.96376 489
49.4525 6.96376 489
48.6189 6.96376 489
47.6875 6.94952 488
46.4716 6.89256 484
45.3635 6.84983 481
44.5435 6.84983 481
43.6327 6.83559 480
42.7252 6.82135 479
41.6461 6.77863 476
40.8347 6.77863 476
39.9391 6.76439 475
39.047 6.75015 474
38.2389 6.75015 474
37.4309 6.75015 474
36.6228 6.75015 474
35.8148 6.75015 474
35.0067 6.75015 474
34.1987 6.75015 474
33.3906 6.75015 474
32.4451 6.72167 472
31.2383 6.63622 466
30.2479 6.5935 463
29.3313 6.56502 461
28.5454 6.56502 461
27.7595 6.56502 461
26.9736 6.56502 461
26.1878 6.56502 461
25.4019 6.56502 461
24.5092 6.53654 459
23.675 6.5223 458
22.8443 6.50806 457
22.0652 6.50806 457
21.2395 6.49381 456
20.4622 6.49381 456
167.826 7.24507 578
166.841 7.24507 578
165.856 7.24507 578
164.87 7.24507 578
163.885 7.24507 578
162.9 7.24507 578
161.634 7.23253 577
160.65 7.23253 577
159.667 7.23253 577
158.683 7.23253 577
157.426 7.22 576
156.444 7.22 576
155.462 7.22 576
154.48 7.22 576
153.498 7.22 576
152.517 7.22 576
151.535 7.22 576
150.553 7.22 576
149.311 7.20746 575
147.815 7.18239 573
145.813 7.13225 569
144.588 7.11972 568
143.62 7.11972 568
142.15 7.09465 566
140.686 7.06958 564
139.477 7.05705 563
138.517 7.05705 563
137.313 7.04451 562
136.355 7.04451 562
135.156 7.03198 561
134.199 7.03198 561
133.005 7.01944 560
131.343 6.98184 557
130.394 6.98184 557
129.444 6.98184 557
128.264 6.9693 556
127.087 6.95677 555
125.914 6.94423 554
124.969 6.94423 554
124.025 6.94423 554
123.08 6.94423 554
121.916 6.9317 553
120.754 6.91916 552
119.813 6.91916 552
118.657 6.90663 551
117.076 6.86903 548
115.506 6.83142 545
114.577 6.83142 545
113.023 6.79382 542
111.065 6.73114 537
109.944 6.71861 536
108.217 6.66847 532
107.31 6.66847 532
106.003 6.6434 530
104.901 6.63087 529
103.999 6.63087 529
103.097 6.63087 529
102.196 6.63087 529
101.294 6.63087 529
100.202 6.61833 528
99.302 6.61833 528
98.4019 6.61833 528
97.5018 6.61833 528
96.6017 6.61833 528
95.7016 6.61833 528
94.8015 6.61833 528
93.9014 6.61833 528
93.0013 6.61833 528
92.1012 6.61833 528
90.8556 6.59326 526
89.9589 6.59326 526
89.0622 6.59326 526
88.1655 6.59326 526
61.6232 6.17962 493
60.7827 6.17962 493
59.9423 6.17962 493
59.1019 6.17962 493
58.2614 6.17962 493
57.3045 6.16708 492
56.4658 6.16708 492
55.627 6.16708 492
54.677 6.15455 491
53.7303 6.14201 490
52.8949 6.14201 490
52.0596 6.14201 490
51.1197 6.12948 489
50.2861 6.12948 489
49.4525 6.12948 489
48.42 6.10441 487
47.3944 6.07934 485
46.3755 6.05427 483
45.2692 6.01666 480
44.4509 6.01666 480
43.5418 6.00413 479
42.5468 5.97906 477
41.5586 5.95399 475
40.7489 5.95399 475
39.8551 5.94146 474
39.047 5.94146 474
38.2389 5.94146 474
37.4309 5.94146 474
36.6228 5.94146 474
35.8148 5.94146 474
35.0067 5.94146 474
34.1987 5.94146 474
33.3906 5.94146 474
32.4451 5.91639 472
31.2383 5.84118 466
30.1825 5.79104 462
29.2677 5.76597 460
28.4835 5.76597 460
27.6993 5.76597 460
26.8566 5.75344 459
26.0741 5.75344 459
25.2917 5.75344 459
24.4558 5.7409 458
23.6233 5.72837 457
22.7943 5.71583 456
22.0169 5.71583 456
21.193 5.7033 455
20.4173 5.7033 455
167.826 6.25894 578
166.841 6.25894 578
165.856 6.25894 578
164.87 6.25894 578
163.601 6.24811 577
162.618 6.24811 577
161.634 6.24811 577
160.65 6.24811 577
159.39 6.23728 576
158.408 6.23728 576
157.153 6.22645 575
156.173 6.22645 575
155.192 6.22645 575
154.48 6.23728 576
153.498 6.23728 576
152.517 6.23728 576
151.272 6.22645 575
150.291 6.22645 575
149.051 6.21562 574
147.557 6.19397 572
145.813 6.16148 569
144.334 6.13982 567
143.367 6.13982 567
142.15 6.129 566
140.686 6.10734 564
139.477 6.09651 563
138.517 6.09651 563
137.313 6.08568 562
136.112 6.07485 561
134.915 6.06402 560
133.96 6.06402 560
132.768 6.0532 559
131.343 6.03154 557
130.16 6.02071 556
129.212 6.02071 556
128.033 6.00988 555
126.858 5.99905 554
125.914 5.99905 554
124.969 5.99905 554
123.801 5.98822 553
122.858 5.98822 553
121.695 5.9774 552
120.535 5.96657 551
119.596 5.96657 551
118.226 5.94491 549
116.649 5.91242 546
115.295 5.89077 544
114.367 5.89077 544
113.023 5.86911 542
111.065 5.81497 537
109.944 5.80414 536
108.217 5.76082 532
107.31 5.76082 532
106.003 5.73917 530
104.901 5.72834 529
103.999 5.72834 529
103.097 5.72834 529
102.196 5.72834 529
101.294 5.72834 529
100.202 5.71751 528
99.302 5.71751 528
98.4019 5.71751 528
97.3171 5.70668 527
96.4187 5.70668 527
95.5203 5.70668 527
94.6219 5.70668 527
93.7235 5.70668 527
92.8251 5.70668 527
91.9267 5.70668 527
90.8556 5.69585 526
89.9589 5.69585 526
89.0622 5.69585 526
88.1655 5.69585 526
60.6595 5.32768 492
59.9423 5.33851 493
59.1019 5.33851 493
58.2614 5.33851 493
57.3045 5.32768 492
56.4658 5.32768 492
55.627 5.32768 492
54.677 5.31685 491
53.7303 5.30602 490
52.8949 5.30602 490
51.8471 5.28436 488
51.0152 5.28436 488
50.0805 5.27354 487
49.2502 5.27354 487
48.2212 5.25188 485
47.2967 5.24105 484
46.2795 5.21939 482
45.2692 5.19773 480
44.4509 5.19773 480
43.36 5.16525 477
42.3684 5.14359 475
41.5586 5.14359 475
40.7489 5.14359 475
39.8551 5.13276 474
38.2389 5.13276 474
37.4309 5.13276 474
36.6228 5.13276 474
35.8148 5.13276 474
35.0067 5.13276 474
34.1987 5.13276 474
33.3906 5.13276 474
32.4451 5.11111 472
31.1712 5.03531 465
30.0519 4.98116 460
29.1404 4.95951 458
28.3597 4.95951 458
27.5187 4.94868 457
26.6811 4.93785 456
25.9037 4.93785 456
25.1264 4.93785 456
24.349 4.93785 456
23.5716 4.93785 456
22.7443 4.92702 455
21.9686 4.92702 455
21.193 4.92702 455
20.4173 4.92702 455
19.5985 4.91619 454
18.8245 4.91619 454
170.487 5.26369 577
169.503 5.26369 577
168.52 5.26369 577
167.826 5.27281 578
166.841 5.27281 578
165.856 5.27281 578
164.87 5.27281 578
163.601 5.26369 577
162.618 5.26369 577
161.634 5.26369 577
160.65 5.26369 577
159.39 5.25457 576
158.408 5.25457 576
157.153 5.24544 575
156.173 5.24544 575
155.192 5.24544 575
154.212 5.24544 575
153.232 5.24544 575
152.252 5.24544 575
151.008 5.23632 574
150.03 5.23632 574
148.532 5.21808 572
147.041 5.19983 570
145.557 5.18159 568
144.334 5.17246 567
143.367 5.17246 567
141.898 5.15422 565
140.686 5.1451 564
139.477 5.13597 563
138.517 5.13597 563
137.068 5.11773 561
136.112 5.11773 561
134.674 5.09948 559
133.721 5.09948 559
132.53 5.09036 558
131.108 5.07212 556
129.692 5.05387 554
128.747 5.05387 554
127.803 5.05387 554
126.858 5.05387 554
125.687 5.04475 553
124.744 5.04475 553
123.577 5.03563 552
122.636 5.03563 552
121.475 5.0265 551
120.317 5.01738 550
119.379 5.01738 550
118.011 4.99914 548
116.222 4.96265 544
115.295 4.96265 544
114.367 4.96265 544
113.023 4.9444 542
111.065 4.89879 537
109.944 4.88967 536
108.217 4.85318 532
107.31 4.85318 532
106.003 4.83493 530
104.901 4.82581 529
103.999 4.82581 529
103.097 4.82581 529
102.002 4.81669 528
101.102 4.81669 528
100.012 4.80756 527
99.1139 4.80756 527
98.2155 4.80756 527
97.3171 4.80756 527
96.4187 4.80756 527
95.5203 4.80756 527
94.6219 4.80756 527
93.7235 4.80756 527
92.649 4.79844 526
91.7523 4.79844 526
90.5101 4.7802 524
89.4458 4.77107 523
88.2156 4.75283 521
60.6595 4.48828 492
59.9423 4.4974 493
59.1019 4.4974 493
58.2614 4.4974 493
57.3045 4.48828 492
56.4658 4.48828 492
55.627 4.48828 492
54.677 4.47915 491
53.7303 4.47003 490
52.8949 4.47003 490
51.8471 4.45179 488
51.0152 4.45179 488
50.0805 4.44266 487
49.2502 4.44266 487
48.2212 4.42442 485
47.2967 4.4153 484
46.2795 4.39705 482
45.2692 4.37881 480
44.4509 4.37881 480
43.36 4.35144 477
42.3684 4.33319 475
41.5586 4.33319 475
40.7489 4.33319 475
39.8551 4.32407 474
37.4309 4.32407 474
36.6228 4.32407 474
35.8148 4.32407 474
35.0067 4.32407 474
34.1987 4.32407 474
33.3906 4.32407 474
32.4451 4.30582 472
30.8361 4.19635 460
29.9212 4.17811 458
29.0768 4.16899 457
28.2977 4.16899 457
27.4585 4.15986 456
26.6811 4.15986 456
25.8469 4.15074 455
25.0713 4.15074 455
24.2956 4.15074 455
23.5199 4.15074 455
22.7443 4.15074 455
21.9686 4.15074 455
21.193 4.15074 455
20.4173 4.15074 455
19.5985 4.14162 454
18.8245 4.14162 454
170.487 4.27927 577
169.503 4.27927 577
168.52 4.27927 577
167.536 4.27927 577
166.552 4.27927 577
165.569 4.27927 577
164.585 4.27927 577
163.318 4.27185 576
162.336 4.27185 576
161.354 4.27185 576
160.372 4.27185 576
159.113 4.26443 575
158.133 4.26443 575
157.153 4.26443 575
155.901 4.25702 574
154.923 4.25702 574
154.212 4.26443 575
153.232 4.26443 575
152.252 4.26443 575
151.008 4.25702 574
150.03 4.25702 574
148.532 4.24218 572
147.041 4.22735 570
145.557 4.21252 568
144.334 4.2051 567
143.367 4.2051 567
141.898 4.19027 565
140.686 4.18285 564
139.477 4.17544 563
138.517 4.17544 563
137.068 4.1606 561
136.112 4.1606 561
134.674 4.14577 559
133.721 4.14577 559
132.53 4.13836 558
131.108 4.12352 556
129.692 4.10869 554
128.747 4.10869 554
127.803 4.10869 554
126.858 4.10869 554
125.687 4.10127 553
124.744 4.10127 553
123.577 4.09386 552
122.636 4.09386 552
121.475 4.08644 551
120.317 4.07902 550
119.379 4.07902 550
118.011 4.06419 548
116.222 4.03453 544
115.083 4.02711 543
114.157 4.02711 543
113.023 4.01969 542
111.065 3.98261 537
109.944 3.97519 536
108.217 3.94553 532
107.31 3.94553 532
106.003 3.9307 530
104.901 3.92328 529
103.999 3.92328 529
103.097 3.92328 529
102.002 3.91586 528
101.102 3.91586 528
100.012 3.90845 527
99.1139 3.90845 527
98.2155 3.90845 527
97.1325 3.90103 526
96.4187 3.90845 527
95.5203 3.90845 527
94.6219 3.90845 527
93.5457 3.90103 526
92.1206 3.87878 523
90.8801 3.86395 521
89.992 3.86395 521
88.9327 3.85653 520
87.877 3.84912 519
85.9865 3.80462 513
85.112 3.80462 513
54.3429 3.61921 488
53.511 3.61921 488
52.679 3.61921 488
51.8471 3.61921 488
50.9107 3.61179 487
49.8748 3.59696 485
49.048 3.59696 485
48.1218 3.58954 484
47.1989 3.58212 483
46.2795 3.57471 482
45.2692 3.55988 480
44.4509 3.55988 480
43.2691 3.53021 476
42.2792 3.51538 474
41.4712 3.51538 474
40.6631 3.51538 474
37.4309 3.51538 474
36.6228 3.51538 474
35.8148 3.51538 474
35.0067 3.51538 474
34.1987 3.51538 474
33.3906 3.51538 474
32.4451 3.50054 472
30.8361 3.41155 460
29.9212 3.39671 458
29.0768 3.3893 457
28.2977 3.3893 457
27.4585 3.38188 456
26.6811 3.38188 456
25.8469 3.37447 455
25.0713 3.37447 455
24.2956 3.37447 455
23.5199 3.37447 455
22.7443 3.37447 455
21.9686 3.37447 455
21.193 3.37447 455
20.4173 3.37447 455
19.5985 3.36705 454
18.8245 3.36705 454
18.0506 3.36705 454
171.47 3.29484 577
170.487 3.29484 577
169.503 3.29484 577
168.52 3.29484 577
167.536 3.29484 577
166.552 3.29484 577
165.282 3.28913 576
164.3 3.28913 576
163.034 3.28342 575
162.054 3.28342 575
161.074 3.28342 575
160.094 3.28342 575
159.113 3.28342 575
158.133 3.28342 575
156.88 3.27771 574
155.629 3.272 573
154.653 3.272 573
153.944 3.27771 574
152.965 3.27771 574
151.987 3.27771 574
150.745 3.272 573
149.769 3.272 573
148.272 3.26058 571
146.783 3.24916 569
145.301 3.23774 567
144.079 3.23203 566
143.114 3.23203 566
141.898 3.22632 565
140.686 3.22061 564
139.477 3.2149 563
138.517 3.2149 563
137.068 3.20348 561
135.627 3.19206 559
134.433 3.18635 558
133.482 3.18635 558
132.055 3.17493 556
130.636 3.16351 554
129.692 3.16351 554
128.747 3.16351 554
127.572 3.1578 553
126.629 3.1578 553
125.459 3.15209 552
124.518 3.15209 552
123.577 3.15209 552
122.636 3.15209 552
121.475 3.14638 551
120.317 3.14067 550
119.379 3.14067 550
118.011 3.12925 548
116.222 3.1064 544
115.083 3.10069 543
114.157 3.10069 543
113.023 3.09498 542
111.065 3.06643 537
109.944 3.06072 536
108.217 3.03788 532
107.31 3.03788 532
106.003 3.02646 530
104.901 3.02075 529
103.999 3.02075 529
103.097 3.02075 529
102.002 3.01504 528
101.102 3.01504 528
100.012 3.00933 527
99.1139 3.00933 527
98.2155 3.00933 527
97.1325 3.00362 526
96.4187 3.00933 527
95.5203 3.00933 527
94.6219 3.00933 527
93.5457 3.00362 526
92.1206 2.98649 523
90.5313 2.96365 519
89.6465 2.96365 519
88.5907 2.95794 518
87.5383 2.95223 517
85.9865 2.92939 513
85.112 2.92939 513
53.2916 2.77521 486
52.4631 2.77521 486
51.6346 2.77521 486
50.597 2.76379 484
49.772 2.76379 484
48.9469 2.76379 484
48.0223 2.75808 483
47.1012 2.75237 482
46.1835 2.74666 481
45.0806 2.72952 478
44.2657 2.72952 478
43.0873 2.70668 474
42.19 2.70097 473
41.3837 2.70097 473
40.5773 2.70097 473
39.6869 2.69526 472
37.3519 2.70097 473
36.5456 2.70097 473
35.7392 2.70097 473
34.9329 2.70097 473
34.1265 2.70097 473
33.3202 2.70097 473
31.689 2.63245 461
30.8361 2.62674 460
29.9212 2.61532 458
29.0768 2.60961 457
28.2977 2.60961 457
27.4585 2.6039 456
26.6811 2.6039 456
25.8469 2.59819 455
25.0713 2.59819 455
24.2956 2.59819 455
23.5199 2.59819 455
22.7443 2.59819 455
21.9686 2.59819 455
21.193 2.59819 455
20.4173 2.59819 455
19.5985 2.59248 454
18.8245 2.59248 454
18.0506 2.59248 454
171.47 2.31042 577
170.487 2.31042 577
169.503 2.31042 577
168.52 2.31042 577
167.246 2.30642 576
166.264 2.30642 576
165.282 2.30642 576
164.014 2.30241 575
163.034 2.30241 575
162.054 2.30241 575
160.794 2.29841 574
159.815 2.29841 574
158.837 2.29841 574
157.858 2.29841 574
156.606 2.29441 573
155.358 2.2904 572
154.383 2.2904 572
153.676 2.29441 573
152.699 2.29441 573
151.722 2.29441 573
150.219 2.2864 571
149.246 2.2864 571
147.753 2.27839 569
146.267 2.27038 567
145.044 2.26638 566
143.825 2.26237 565
142.862 2.26237 565
141.647 2.25837 564
140.436 2.25436 563
139.229 2.25036 562
138.271 2.25036 562
136.58 2.23835 559
135.384 2.23434 558
133.951 2.22633 556
133.003 2.22633 556
131.818 2.22233 555
130.636 2.21833 554
129.457 2.21432 553
128.515 2.21432 553
127.341 2.21032 552
126.4 2.21032 552
125.459 2.21032 552
124.518 2.21032 552
123.577 2.21032 552
122.414 2.20631 551
121.254 2.20231 550
120.098 2.19831 549
119.162 2.19831 549
117.795 2.1903 547
116.222 2.17828 544
115.083 2.17428 543
114.157 2.17428 543
112.814 2.16627 541
111.065 2.15025 537
109.739 2.14225 535
108.013 2.12623 531
107.108 2.12623 531
105.803 2.11822 529
104.703 2.11422 528
103.803 2.11422 528
102.902 2.11422 528
101.809 2.11021 527
100.911 2.11021 527
99.8226 2.10621 526
98.9259 2.10621 526
98.0292 2.10621 526
97.1325 2.10621 526
96.2358 2.10621 526
95.3391 2.10621 526
94.4424 2.10621 526
93.0122 2.0942 523
91.5922 2.08218 520
90.5313 2.07818 519
89.6465 2.07818 519
88.5907 2.07418 518
87.5383 2.07017 517
85.9865 2.05415 513
85.112 2.05415 513
83.7448 2.04214 510
53.2916 1.94604 486
52.4631 1.94604 486
51.6346 1.94604 486
50.4925 1.93403 483
49.6691 1.93403 483
48.8457 1.93403 483
48.0223 1.93403 483
46.8081 1.91801 479
45.9915 1.91801 479
45.0806 1.91401 478
44.2657 1.91401 478
42.9964 1.89399 473
42.19 1.89399 473
41.2962 1.88998 472
40.4915 1.88998 472
39.6869 1.88998 472
38.7999 1.88598 471
37.9969 1.88598 471
37.3519 1.89399 473
36.5456 1.89399 473
35.7392 1.89399 473
34.859 1.88998 472
34.0544 1.88998 472
33.2498 1.88998 472
31.6202 1.84193 460
30.702 1.83392 458
29.9212 1.83392 458
29.0768 1.82992 457
28.2977 1.82992 457
27.4585 1.82591 456
26.6811 1.82591 456
25.8469 1.82191 455
25.0713 1.82191 455
24.2956 1.82191 455
23.5199 1.82191 455
22.7443 1.82191 455
21.9686 1.82191 455
21.193 1.82191 455
20.3724 1.81791 454
19.5985 1.81791 454
18.8245 1.81791 454
18.0506 1.81791 454
172.454 1.326 577
171.47 1.326 577
170.487 1.326 577
169.503 1.326 577
168.52 1.326 577
167.246 1.3237 576
166.264 1.3237 576
165.282 1.3237 576
164.014 1.32141 575
163.034 1.32141 575
162.054 1.32141 575
160.794 1.31911 574
159.815 1.31911 574
158.837 1.31911 574
157.858 1.31911 574
156.606 1.31681 573
155.358 1.31451 572
154.383 1.31451 572
153.408 1.31451 572
152.433 1.31451 572
150.928 1.30991 570
149.693 1.30762 569
148.723 1.30762 569
147.234 1.30302 567
146.009 1.30072 566
144.788 1.29842 565
143.825 1.29842 565
142.862 1.29842 565
141.647 1.29613 564
140.187 1.29153 562
138.981 1.28923 561
138.025 1.28923 561
136.335 1.28234 558
134.899 1.27774 556
133.71 1.27544 555
132.764 1.27544 555
131.58 1.27315 554
130.4 1.27085 553
129.457 1.27085 553
128.515 1.27085 553
127.341 1.26855 552
126.4 1.26855 552
125.232 1.26625 551
124.293 1.26625 551
123.129 1.26395 550
122.192 1.26395 550
121.034 1.26165 549
119.879 1.25936 548
118.945 1.25936 548
117.365 1.25246 545
116.008 1.24787 543
114.659 1.24327 541
113.736 1.24327 541
112.814 1.24327 541
110.651 1.22948 535
109.534 1.22718 534
108.013 1.22029 531
107.108 1.22029 531
105.803 1.21569 529
104.703 1.21339 528
103.803 1.21339 528
102.902 1.21339 528
101.809 1.2111 527
100.911 1.2111 527
99.8226 1.2088 526
98.9259 1.2088 526
97.6564 1.2042 524
96.7632 1.2042 524
95.6869 1.2019 523
94.7953 1.2019 523
93.9037 1.2019 523
92.6565 1.19731 521
91.416 1.19271 519
90.3568 1.19041 518
89.4738 1.19041 518
88.4197 1.18812 517
86.861 1.17892 513
85.8189 1.17663 512
84.9461 1.17663 512
83.7448 1.17203 510
53.2916 1.11687 486
52.4631 1.11687 486
51.6346 1.11687 486
50.4925 1.10998 483
49.6691 1.10998 483
48.8457 1.10998 483
48.0223 1.10998 483
46.8081 1.10079 479
45.9915 1.10079 479
45.0806 1.09849 478
44.2657 1.09849 478
42.9964 1.087 473
42.19 1.087 473
41.2962 1.0847 472
40.4915 1.0847 472
39.6869 1.0847 472
38.7999 1.0824 471
37.9969 1.0824 471
37.194 1.0824 471
34.0466 1.05942 461
33.2608 1.05942 461
32.4749 1.05942 461
31.4828 1.05253 458
30.702 1.05253 458
29.8559 1.05023 457
29.0132 1.04793 456
28.2358 1.04793 456
27.4585 1.04793 456
26.6226 1.04563 455
25.8469 1.04563 455
25.0713 1.04563 455
24.2956 1.04563 455
23.5199 1.04563 455
22.7443 1.04563 455
21.9686 1.04563 455
21.1464 1.04334 454
20.3724 1.04334 454
19.5985 1.04334 454
18.8245 1.04334 454
18.0506 1.04334 454
172.454 0.341579 577
171.47 0.341579 577
170.487 0.341579 577
169.503 0.341579 577
168.52 0.341579 577
167.246 0.340987 576
166.264 0.340987 576
164.995 0.340395 575
164.014 0.340395 575
162.751 0.339803 574
161.772 0.339803 574
160.794 0.339803 574
159.537 0.339211 573
158.56 0.339211 573
157.583 0.339211 573
156.333 0.33862 572
155.086 0.338028 571
154.113 0.338028 571
153.139 0.338028 571
151.9 0.337436 570
150.928 0.337436 570
149.693 0.336844 569
148.723 0.336844 569
147.234 0.33566 567
146.009 0.335068 566
144.788 0.334476 565
143.825 0.334476 565
142.862 0.334476 565
141.647 0.333884 564
140.187 0.3327 562
138.981 0.332108 561
138.025 0.332108 561
136.335 0.330332 558
134.899 0.329148 556
133.71 0.328556 555
132.764 0.328556 555
131.58 0.327964 554
130.4 0.327372 553
129.457 0.327372 553
128.515 0.327372 553
127.341 0.32678 552
126.4 0.32678 552
125.232 0.326188 551
124.293 0.326188 551
123.129 0.325596 550
122.192 0.325596 550
121.034 0.325004 549
119.66 0.32382 547
118.728 0.32382 547
117.365 0.322636 545
116.008 0.321452 543
114.871 0.32086 542
113.947 0.32086 542
112.814 0.320268 541
111.065 0.3179 537
109.534 0.316124 534
108.623 0.316124 534
107.713 0.316124 534
105.803 0.313164 529
104.703 0.312572 528
103.803 0.312572 528
102.902 0.312572 528
102.002 0.312572 528
100.911 0.31198 527
100.012 0.31198 527
99.1139 0.31198 527
97.6564 0.310204 524
96.5785 0.309612 523
95.6869 0.309612 523
94.7953 0.309612 523
93.9037 0.309612 523
92.6565 0.308428 521
91.416 0.307244 519
90.1824 0.30606 517
89.301 0.30606 517
88.2486 0.305468 516
86.861 0.303692 513
85.6513 0.302508 511
84.7802 0.302508 511
83.7448 0.301916 510
53.2916 0.287708 486
52.4631 0.287708 486
51.6346 0.287708 486
50.4925 0.285932 483
49.6691 0.285932 483
48.8457 0.285932 483
47.7241 0.284156 480
46.7103 0.282972 478
45.8955 0.282972 478
44.892 0.281788 476
44.0805 0.281788 476
42.9964 0.280012 473
42.1008 0.27942 472
41.2962 0.27942 472
40.4915 0.27942 472
39.6869 0.27942 472
38.7999 0.278828 471
37.9969 0.278828 471
37.194 0.278828 471
34.0466 0.272908 461
33.2608 0.272908 461
32.4749 0.272908 461
31.4828 0.271132 458
30.702 0.271132 458
29.8559 0.27054 457
29.0132 0.269948 456
28.2977 0.27054 457
27.5187 0.27054 457
26.7396 0.27054 457
25.8469 0.269356 455
25.0713 0.269356 455
24.2956 0.269356 455
23.5199 0.269356 455
22.7443 0.269356 455
21.9686 0.269356 455
21.1464 0.268764 454
20.3724 0.268764 454
19.5985 0.268764 454
18.8245 0.268764 454
18.0506 0.268764 454
172.454 -0.642842 577
171.47 -0.642842 577
170.487 -0.642842 577
169.503 -0.642842 577
168.52 -0.642842 577
167.246 -0.641728 576
166.264 -0.641728 576
164.995 -0.640614 575
164.014 -0.640614 575
162.751 -0.6395 574
161.772 -0.6395 574
160.514 -0.638386 573
159.537 -0.638386 573
158.283 -0.637272 572
157.308 -0.637272 572
156.06 -0.636158 571
154.815 -0.635044 570
153.573 -0.633929 569
152.603 -0.633929 569
151.367 -0.632815 568
150.398 -0.632815 568
149.167 -0.631701 567
148.2 -0.631701 567
146.974 -0.630587 566
145.751 -0.629473 565
144.788 -0.629473 565
143.57 -0.628359 564
142.609 -0.628359 564
141.396 -0.627245 563
140.187 -0.626131 562
138.733 -0.623902 560
137.779 -0.623902 560
136.335 -0.621674 558
134.899 -0.619446 556
133.71 -0.618332 555
132.764 -0.618332 555
131.58 -0.617218 554
130.4 -0.616104 553
129.223 -0.61499 552
128.282 -0.61499 552
127.341 -0.61499 552
126.171 -0.613875 551
125.232 -0.613875 551
124.293 -0.613875 551
123.129 -0.612761 550
121.97 -0.611647 549
121.034 -0.611647 549
119.66 -0.609419 547
118.728 -0.609419 547
117.365 -0.607191 545
116.008 -0.604963 543
114.871 -0.603848 542
113.947 -0.603848 542
112.814 -0.602734 541
111.065 -0.598278 537
109.739 -0.59605 535
108.827 -0.59605 535
107.713 -0.594936 534
105.803 -0.589365 529
104.703 -0.588251 528
103.803 -0.588251 528
102.902 -0.588251 528
102.002 -0.588251 528
101.102 -0.588251 528
100.012 -0.587137 527
99.1139 -0.587137 527
97.8428 -0.584909 525
96.5785 -0.58268 523
95.6869 -0.58268 523
94.7953 -0.58268 523
93.9037 -0.58268 523
92.6565 -0.580452 521
91.416 -0.578224 519
90.1824 -0.575996 517
89.301 -0.575996 517
88.0776 -0.573767 515
86.6917 -0.570425 512
85.4837 -0.568197 510
84.6142 -0.568197 510
83.7448 -0.568197 510
52.1393 -0.538116 483
51.3159 -0.538116 483
50.4925 -0.538116 483
49.6691 -0.538116 483
48.8457 -0.538116 483
47.7241 -0.534774 480
46.8081 -0.533659 479
45.8955 -0.532545 478
44.892 -0.530317 476
44.0805 -0.530317 476
42.9964 -0.526975 473
42.1008 -0.525861 472
41.2962 -0.525861 472
40.4915 -0.525861 472
39.6869 -0.525861 472
38.7999 -0.524747 471
37.9969 -0.524747 471
37.194 -0.524747 471
32.9722 -0.509149 457
32.1931 -0.509149 457
31.414 -0.509149 457
30.635 -0.509149 457
29.7906 -0.508035 456
29.0132 -0.508035 456
28.2977 -0.509149 457
27.5187 -0.509149 457
26.7396 -0.509149 457
25.8469 -0.506921 455
25.0713 -0.506921 455
24.2956 -0.506921 455
23.4682 -0.505807 454
22.6943 -0.505807 454
21.9203 -0.505807 454
21.0998 -0.504692 453
20.3276 -0.504692 453
19.5553 -0.504692 453
18.7831 -0.504692 453
173.817 -1.62162 575
172.837 -1.62162 575
172.454 -1.62726 577
171.47 -1.62726 577
170.487 -1.62726 577
169.503 -1.62726 577
168.227 -1.62444 576
167.246 -1.62444 576
166.264 -1.62444 576
164.995 -1.62162 575
163.729 -1.6188 574
162.467 -1.61598 573
161.49 -1.61598 573
160.514 -1.61598 573
159.258 -1.61316 572
158.283 -1.61316 572
157.308 -1.61316 572
155.786 -1.60752 570
154.543 -1.6047 569
153.303 -1.60188 568
152.335 -1.60188 568
151.1 -1.59906 567
150.133 -1.59906 567
148.904 -1.59624 566
147.939 -1.59624 566
146.974 -1.59624 566
145.751 -1.59342 565
144.532 -1.5906 564
143.316 -1.58778 563
142.356 -1.58778 563
141.396 -1.58778 563
139.937 -1.58214 561
138.486 -1.5765 559
137.533 -1.5765 559
136.091 -1.57086 557
134.656 -1.56522 555
133.469 -1.5624 554
132.525 -1.5624 554
131.58 -1.5624 554
130.4 -1.55958 553
129.223 -1.55676 552
128.282 -1.55676 552
127.341 -1.55676 552
126.171 -1.55394 551
125.232 -1.55394 551
124.293 -1.55394 551
123.129 -1.55112 550
121.97 -1.5483 549
121.034 -1.5483 549
120.098 -1.5483 549
118.728 -1.54266 547
117.365 -1.53702 545
116.008 -1.53138 543
114.871 -1.52856 542
113.947 -1.52856 542
112.814 -1.52574 541
111.065 -1.51446 537
109.739 -1.50882 535
108.827 -1.50882 535
107.713 -1.50599 534
105.603 -1.48907 528
104.703 -1.48907 528
103.803 -1.48907 528
102.902 -1.48907 528
102.002 -1.48907 528
101.102 -1.48907 528
100.012 -1.48625 527
99.1139 -1.48625 527
97.8428 -1.48061 525
96.5785 -1.47497 523
95.504 -1.47215 522
94.6141 -1.47215 522
93.7242 -1.47215 522
92.6565 -1.46933 521
91.2399 -1.46087 518
90.1824 -1.45805 517
89.301 -1.45805 517
88.0776 -1.45241 515
86.6917 -1.44395 512
85.4837 -1.43831 510
84.6142 -1.43831 510
83.7448 -1.43831 510
50.9972 -1.3537 480
50.1789 -1.3537 480
49.3606 -1.3537 480
48.5423 -1.3537 480
47.7241 -1.3537 480
46.8081 -1.35088 479
45.8955 -1.34806 478
44.9863 -1.34524 477
44.1731 -1.34524 477
42.9964 -1.33396 473
42.1008 -1.33114 472
41.2962 -1.33114 472
40.4915 -1.33114 472
39.6028 -1.32832 471
38.7999 -1.32832 471
32.8279 -1.2832 455
32.1227 -1.28602 456
31.3453 -1.28602 456
30.5679 -1.28602 456
29.7906 -1.28602 456
29.0132 -1.28602 456
28.2977 -1.28884 457
27.5187 -1.28884 457
26.7396 -1.28884 457
25.9037 -1.28602 456
25.1264 -1.28602 456
24.2422 -1.28038 454
23.4682 -1.28038 454
22.6443 -1.27756 453
21.8721 -1.27756 453
21.0998 -1.27756 453
20.3276 -1.27756 453
19.5553 -1.27756 453
18.7831 -1.27756 453
174.189 -2.59358 573
173.817 -2.60263 575
172.837 -2.60263 575
172.454 -2.61169 577
171.47 -2.61169 577
170.487 -2.61169 577
169.503 -2.61169 577
168.227 -2.60716 576
167.246 -2.60716 576
166.264 -2.60716 576
164.995 -2.60263 575
163.729 -2.59811 574
162.467 -2.59358 573
161.49 -2.59358 573
160.514 -2.59358 573
159.258 -2.58905 572
158.283 -2.58905 572
157.308 -2.58905 572
155.786 -2.58 570
154.543 -2.57548 569
153.303 -2.57095 568
152.335 -2.57095 568
151.1 -2.56642 567
150.133 -2.56642 567
148.904 -2.5619 566
147.939 -2.5619 566
146.974 -2.5619 566
145.751 -2.55737 565
144.532 -2.55284 564
143.57 -2.55284 564
142.356 -2.54832 563
141.396 -2.54832 563
139.937 -2.53926 561
138.486 -2.53021 559
137.533 -2.53021 559
136.091 -2.52116 557
134.656 -2.51211 555
133.469 -2.50758 554
132.525 -2.50758 554
131.343 -2.50305 553
130.164 -2.49853 552
129.223 -2.49853 552
128.282 -2.49853 552
127.111 -2.494 551
126.171 -2.494 551
125.005 -2.48948 550
124.067 -2.48948 550
123.129 -2.48948 550
121.97 -2.48495 549
121.034 -2.48495 549
120.098 -2.48495 549
118.728 -2.4759 547
117.365 -2.46684 545
116.008 -2.45779 543
114.871 -2.45326 542
113.947 -2.45326 542
112.814 -2.44874 541
111.065 -2.43063 537
109.739 -2.42158 535
108.827 -2.42158 535
104.703 -2.3899 528
103.803 -2.3899 528
102.902 -2.3899 528
102.002 -2.3899 528
101.102 -2.3899 528
100.012 -2.38537 527
99.1139 -2.38537 527
97.8428 -2.37632 525
96.3938 -2.36274 522
95.504 -2.36274 522
94.6141 -2.36274 522
93.7242 -2.36274 522
92.4786 -2.35369 520
91.2399 -2.34463 518
90.0079 -2.33558 516
89.1283 -2.33558 516
88.0776 -2.33105 515
86.6917 -2.31748 512
50.9972 -2.17263 480
50.1789 -2.17263 480
49.3606 -2.17263 480
48.5423 -2.17263 480
47.7241 -2.17263 480
46.8081 -2.16811 479
45.8955 -2.16358 478
44.9863 -2.15905 477
44.1731 -2.15905 477
42.9964 -2.14095 473
42.1008 -2.13642 472
41.2962 -2.13642 472
40.4915 -2.13642 472
39.6028 -2.1319 471
38.7999 -2.1319 471
32.8279 -2.05947 455
32.0522 -2.05947 455
31.2765 -2.05947 455
30.5009 -2.05947 455
29.7906 -2.064 456
29.0132 -2.064 456
28.2977 -2.06853 457
27.5187 -2.06853 457
26.7396 -2.06853 457
25.9037 -2.064 456
25.1264 -2.064 456
24.2422 -2.05495 454
23.4166 -2.05042 453
22.5943 -2.0459 452
21.8238 -2.0459 452
21.0532 -2.0459 452
20.2827 -2.0459 452
19.5121 -2.0459 452
18.7416 -2.0459 452
174.189 -3.57118 573
173.817 -3.58364 575
172.837 -3.58364 575
171.856 -3.58364 575
170.876 -3.58364 575
169.896 -3.58364 575
168.916 -3.58364 575
167.935 -3.58364 575
166.955 -3.58364 575
165.975 -3.58364 575
164.708 -3.57741 574
163.444 -3.57118 573
162.467 -3.57118 573
161.49 -3.57118 573
160.233 -3.56495 572
159.258 -3.56495 572
158.006 -3.55871 571
157.033 -3.55871 571
155.513 -3.54625 569
154.271 -3.54002 568
153.033 -3.53378 567
152.067 -3.53378 567
151.1 -3.53378 567
150.133 -3.53378 567
148.904 -3.52755 566
147.939 -3.52755 566
146.974 -3.52755 566
145.751 -3.52132 565
144.532 -3.51509 564
143.57 -3.51509 564
142.609 -3.51509 564
141.396 -3.50885 563
139.937 -3.49639 561
138.486 -3.48392 559
137.533 -3.48392 559
136.091 -3.47146 557
134.656 -3.45899 555
133.469 -3.45276 554
132.525 -3.45276 554
131.343 -3.44653 553
130.164 -3.4403 552
129.223 -3.4403 552
128.282 -3.4403 552
127.111 -3.43406 551
126.171 -3.43406 551
125.005 -3.42783 550
124.067 -3.42783 550
123.129 -3.42783 550
121.97 -3.4216 549
121.034 -3.4216 549
120.098 -3.4216 549
118.511 -3.4029 546
117.149 -3.39044 544
116.008 -3.38421 543
115.083 -3.38421 543
114.157 -3.38421 543
112.814 -3.37174 541
111.065 -3.34681 537
109.534 -3.32811 534
108.623 -3.32811 534
104.703 -3.29072 528
103.803 -3.29072 528
102.902 -3.29072 528
102.002 -3.29072 528
101.102 -3.29072 528
100.012 -3.28449 527
99.1139 -3.28449 527
97.6564 -3.26579 524
96.3938 -3.25332 522
95.504 -3.25332 522
94.6141 -3.25332 522
93.7242 -3.25332 522
92.4786 -3.24086 520
91.2399 -3.22839 518
90.0079 -3.21593 516
89.1283 -3.21593 516
87.9066 -3.20347 514
49.3606 -2.99156 480
48.5423 -2.99156 480
47.7241 -2.99156 480
46.8081 -2.98533 479
45.8955 -2.9791 478
44.9863 -2.97287 477
44.1731 -2.97287 477
42.9964 -2.94794 473
42.1008 -2.9417 472
41.2962 -2.9417 472
40.4915 -2.9417 472
39.6028 -2.93547 471
34.3036 -2.82952 454
33.5297 -2.82952 454
32.8279 -2.83575 455
32.0522 -2.83575 455
31.2765 -2.83575 455
30.5009 -2.83575 455
29.7906 -2.84198 456
29.0132 -2.84198 456
28.2977 -2.84822 457
27.5187 -2.84822 457
26.7396 -2.84822 457
25.9037 -2.84198 456
25.1264 -2.84198 456
24.2422 -2.82952 454
23.4166 -2.82329 453
22.5943 -2.81705 452
21.8238 -2.81705 452
21.0532 -2.81705 452
20.2827 -2.81705 452
19.5121 -2.81705 452
18.7416 -2.81705 452
175.883 -4.51702 569
174.913 -4.51702 569
173.943 -4.51702 569
174.189 -4.54878 573
173.515 -4.55671 574
172.536 -4.55671 574
171.557 -4.55671 574
170.876 -4.56465 575
169.896 -4.56465 575
168.916 -4.56465 575
167.643 -4.55671 574
166.665 -4.55671 574
165.686 -4.55671 574
164.421 -4.54878 573
163.444 -4.54878 573
162.184 -4.54084 572
161.209 -4.54084 572
160.233 -4.54084 572
158.98 -4.5329 571
157.73 -4.52496 570
156.758 -4.52496 570
155.24 -4.50908 568
154.271 -4.50908 568
153.033 -4.50114 567
152.067 -4.50114 567
151.1 -4.50114 567
149.869 -4.49321 566
148.904 -4.49321 566
147.939 -4.49321 566
146.974 -4.49321 566
145.751 -4.48527 565
144.532 -4.47733 564
143.57 -4.47733 564
142.609 -4.47733 564
141.396 -4.46939 563
139.937 -4.45351 561
138.486 -4.43764 559
137.533 -4.43764 559
136.091 -4.42176 557
134.656 -4.40588 555
133.469 -4.39794 554
132.525 -4.39794 554
131.343 -4.39001 553
130.164 -4.38207 552
129.223 -4.38207 552
128.282 -4.38207 552
127.111 -4.37413 551
126.171 -4.37413 551
125.005 -4.36619 550
124.067 -4.36619 550
122.906 -4.35825 549
121.97 -4.35825 549
120.813 -4.35031 548
119.879 -4.35031 548
118.511 -4.33444 546
117.149 -4.31856 544
116.008 -4.31062 543
115.083 -4.31062 543
114.157 -4.31062 543
112.814 -4.29474 541
111.065 -4.26299 537
109.534 -4.23917 534
108.623 -4.23917 534
104.703 -4.19154 528
103.803 -4.19154 528
102.902 -4.19154 528
102.002 -4.19154 528
101.102 -4.19154 528
100.012 -4.1836 527
99.1139 -4.1836 527
97.6564 -4.15979 524
96.3938 -4.14391 522
95.504 -4.14391 522
94.6141 -4.14391 522
93.7242 -4.14391 522
92.4786 -4.12803 520
91.2399 -4.11216 518
90.0079 -4.09628 516
89.1283 -4.09628 516
87.9066 -4.0804 514
45.5114 -3.76286 474
44.7034 -3.76286 474
43.8953 -3.76286 474
42.9964 -3.75492 473
42.1008 -3.74698 472
41.2962 -3.74698 472
40.4915 -3.74698 472
39.6028 -3.73905 471
34.3036 -3.60409 454
33.5297 -3.60409 454
32.8279 -3.61203 455
32.0522 -3.61203 455
31.2765 -3.61203 455
30.5009 -3.61203 455
29.7252 -3.61203 455
28.9496 -3.61203 455
28.2358 -3.61997 456
27.4585 -3.61997 456
26.6811 -3.61997 456
25.7901 -3.60409 454
25.0162 -3.60409 454
24.1888 -3.59615 453
23.4166 -3.59615 453
22.5943 -3.58821 452
21.8238 -3.58821 452
21.0066 -3.58028 451
20.2378 -3.58028 451
19.469 -3.58028 451
18.7001 -3.58028 451
175.883 -5.48779 569
174.913 -5.48779 569
173.943 -5.48779 569
173.885 -5.51673 572
173.212 -5.52637 573
172.235 -5.52637 573
171.557 -5.53602 574
170.579 -5.53602 574
169.6 -5.53602 574
168.622 -5.53602 574
167.643 -5.53602 574
166.374 -5.52637 573
165.398 -5.52637 573
164.421 -5.52637 573
163.159 -5.51673 572
161.9 -5.50708 571
160.927 -5.50708 571
159.953 -5.50708 571
158.701 -5.49744 570
157.453 -5.48779 569
156.483 -5.48779 569
155.24 -5.47815 568
154 -5.4685 567
152.763 -5.45886 566
151.798 -5.45886 566
150.834 -5.45886 566
149.869 -5.45886 566
148.904 -5.45886 566
147.939 -5.45886 566
146.714 -5.44922 565
145.751 -5.44922 565
144.532 -5.43957 564
143.57 -5.43957 564
142.609 -5.43957 564
141.396 -5.42993 563
139.937 -5.41064 561
138.486 -5.39135 559
137.533 -5.39135 559
136.091 -5.37206 557
134.656 -5.35277 555
133.469 -5.34312 554
132.525 -5.34312 554
131.343 -5.33348 553
130.164 -5.32384 552
128.989 -5.31419 551
128.05 -5.31419 551
127.111 -5.31419 551
125.942 -5.30455 550
125.005 -5.30455 550
124.067 -5.30455 550
122.906 -5.2949 549
121.97 -5.2949 549
120.813 -5.28526 548
119.879 -5.28526 548
118.511 -5.26597 546
117.149 -5.24668 544
116.008 -5.23703 543
115.083 -5.23703 543
114.157 -5.23703 543
103.803 -5.09236 528
102.902 -5.09236 528
102.002 -5.09236 528
101.102 -5.09236 528
99.8226 -5.07307 526
98.9259 -5.07307 526
97.6564 -5.05379 524
96.3938 -5.0345 522
95.321 -5.02485 521
94.4328 -5.02485 521
93.5446 -5.02485 521
92.3008 -5.00556 519
91.2399 -4.99592 518
90.0079 -4.97663 516
89.1283 -4.97663 516
35.0003 -4.36902 453
34.3036 -4.37866 454
33.5297 -4.37866 454
32.8279 -4.38831 455
32.0522 -4.38831 455
31.2765 -4.38831 455
30.5009 -4.38831 455
29.7252 -4.38831 455
28.8859 -4.37866 454
28.112 -4.37866 454
27.2778 -4.36902 453
26.5056 -4.36902 453
25.7333 -4.36902 453
24.9611 -4.36902 453
24.1354 -4.35937 452
23.3649 -4.35937 452
22.5443 -4.34973 451
21.7755 -4.34973 451
21.0066 -4.34973 451
20.2378 -4.34973 451
19.4258 -4.34008 450
18.6587 -4.34008 450
175.883 -6.45857 569
174.913 -6.45857 569
173.943 -6.45857 569
173.885 -6.49262 572
173.212 -6.50397 573
172.235 -6.50397 573
171.557 -6.51532 574
170.579 -6.51532 574
169.6 -6.51532 574
168.622 -6.51532 574
167.643 -6.51532 574
166.374 -6.50397 573
165.398 -6.50397 573
164.421 -6.50397 573
163.159 -6.49262 572
161.9 -6.48127 571
160.927 -6.48127 571
159.953 -6.48127 571
158.701 -6.46992 570
157.453 -6.45857 569
156.483 -6.45857 569
155.24 -6.44722 568
154 -6.43587 567
152.763 -6.42451 566
151.798 -6.42451 566
150.834 -6.42451 566
149.869 -6.42451 566
148.641 -6.41316 565
147.678 -6.41316 565
146.714 -6.41316 565
145.751 -6.41316 565
144.532 -6.40181 564
143.57 -6.40181 564
142.609 -6.40181 564
141.396 -6.39046 563
139.937 -6.36776 561
138.486 -6.34506 559
137.533 -6.34506 559
135.847 -6.31101 556
134.414 -6.28831 554
133.469 -6.28831 554
132.525 -6.28831 554
131.343 -6.27696 553
130.164 -6.2656 552
128.989 -6.25425 551
128.05 -6.25425 551
127.111 -6.25425 551
125.942 -6.2429 550
124.777 -6.23155 549
123.841 -6.23155 549
122.906 -6.23155 549
121.747 -6.2202 548
120.813 -6.2202 548
119.879 -6.2202 548
118.511 -6.1975 546
117.149 -6.1748 544
116.008 -6.16345 543
35.7726 -5.14188 453
35.0003 -5.14188 453
34.2281 -5.14188 453
33.4558 -5.14188 453
32.6836 -5.14188 453
31.9113 -5.14188 453
31.1391 -5.14188 453
30.3668 -5.14188 453
29.5946 -5.14188 453
28.7587 -5.13053 452
27.9881 -5.13053 452
27.2176 -5.13053 452
26.447 -5.13053 452
25.6765 -5.13053 452
24.906 -5.13053 452
24.082 -5.11918 451
23.3132 -5.11918 451
22.5443 -5.11918 451
21.7755 -5.11918 451
20.9601 -5.10783 450
20.1929 -5.10783 450
19.4258 -5.10783 450
18.6587 -5.10783 450
175.574 -7.41628 568
174.606 -7.41628 568
173.943 -7.42934 569
173.581 -7.45545 571
172.91 -7.46851 572
171.935 -7.46851 572
170.96 -7.46851 572
169.985 -7.46851 572
169.009 -7.46851 572
168.034 -7.46851 572
167.059 -7.46851 572
166.084 -7.46851 572
165.109 -7.46851 572
164.134 -7.46851 572
162.874 -7.45545 571
161.9 -7.45545 571
160.927 -7.45545 571
159.673 -7.4424 570
158.423 -7.42934 569
157.176 -7.41628 568
156.208 -7.41628 568
154.966 -7.40323 567
153.728 -7.39017 566
152.763 -7.39017 566
151.798 -7.39017 566
150.834 -7.39017 566
149.869 -7.39017 566
148.641 -7.37711 565
147.678 -7.37711 565
146.714 -7.37711 565
145.751 -7.37711 565
144.532 -7.36406 564
143.57 -7.36406 564
142.609 -7.36406 564
141.396 -7.351 563
139.937 -7.32489 561
138.486 -7.29877 559
137.533 -7.29877 559
135.847 -7.2596 556
134.414 -7.23349 554
133.469 -7.23349 554
132.525 -7.23349 554
131.343 -7.22043 553
130.164 -7.20737 552
128.989 -7.19432 551
128.05 -7.19432 551
127.111 -7.19432 551
125.942 -7.18126 550
124.777 -7.1682 549
123.841 -7.1682 549
122.906 -7.1682 549
121.747 -7.15515 548
120.813 -7.15515 548
119.879 -7.15515 548
118.511 -7.12903 546
117.149 -7.10292 544
116.008 -7.08986 543
35.7726 -5.91475 453
35.0003 -5.91475 453
34.2281 -5.91475 453
33.4558 -5.91475 453
32.6836 -5.91475 453
31.9113 -5.91475 453
31.1391 -5.91475 453
30.3668 -5.91475 453
29.5946 -5.91475 453
28.7587 -5.90169 452
27.9881 -5.90169 452
27.2176 -5.90169 452
26.447 -5.90169 452
25.6765 -5.90169 452
24.906 -5.90169 452
24.082 -5.88863 451
23.3132 -5.88863 451
22.5443 -5.88863 451
21.7755 -5.88863 451
20.9601 -5.87558 450
20.1929 -5.87558 450
19.4258 -5.87558 450
18.6587 -5.87558 450
175.574 -8.38535 568
174.606 -8.38535 568
173.637 -8.38535 568
172.973 -8.40011 569
172.608 -8.42964 571
171.634 -8.42964 571
170.661 -8.42964 571
169.687 -8.42964 571
169.009 -8.4444 572
168.034 -8.4444 572
167.059 -8.4444 572
166.084 -8.4444 572
165.109 -8.4444 572
163.847 -8.42964 571
162.588 -8.41488 570
161.617 -8.41488 570
160.645 -8.41488 570
159.393 -8.40011 569
158.145 -8.38535 568
156.9 -8.37059 567
155.933 -8.37059 567
154.693 -8.35582 566
153.728 -8.35582 566
152.493 -8.34106 565
151.53 -8.34106 565
150.567 -8.34106 565
149.604 -8.34106 565
148.641 -8.34106 565
147.678 -8.34106 565
146.714 -8.34106 565
145.493 -8.3263 564
144.532 -8.3263 564
143.57 -8.3263 564
142.356 -8.31154 563
141.145 -8.29677 562
139.937 -8.28201 561
138.486 -8.25248 559
137.533 -8.25248 559
135.847 -8.20819 556
134.414 -8.17867 554
133.228 -8.16391 553
132.286 -8.16391 553
131.343 -8.16391 553
130.164 -8.14914 552
128.989 -8.13438 551
128.05 -8.13438 551
126.88 -8.11962 550
125.942 -8.11962 550
124.777 -8.10485 549
123.841 -8.10485 549
122.906 -8.10485 549
121.747 -8.09009 548
120.372 -8.06057 546
119.223 -8.0458 545
118.294 -8.0458 545
117.149 -8.03104 544
116.008 -8.01628 543
37.3171 -6.68761 453
36.5448 -6.68761 453
35.7726 -6.68761 453
35.0003 -6.68761 453
34.2281 -6.68761 453
33.4558 -6.68761 453
32.6836 -6.68761 453
31.8409 -6.67285 452
31.0703 -6.67285 452
30.2998 -6.67285 452
29.5292 -6.67285 452
28.7587 -6.67285 452
27.9881 -6.67285 452
27.1574 -6.65809 451
26.3885 -6.65809 451
25.6197 -6.65809 451
24.8509 -6.65809 451
24.082 -6.65809 451
23.3132 -6.65809 451
22.5443 -6.65809 451
21.7755 -6.65809 451
20.9601 -6.64332 450
20.1929 -6.64332 450
19.4258 -6.64332 450
18.6587 -6.64332 450
175.574 -9.35442 568
174.606 -9.35442 568
173.637 -9.35442 568
172.973 -9.37089 569
172.003 -9.37089 569
171.033 -9.37089 569
170.063 -9.37089 569
169.093 -9.37089 569
168.714 -9.40382 571
167.741 -9.40382 571
166.767 -9.40382 571
165.794 -9.40382 571
164.82 -9.40382 571
163.273 -9.37089 569
162.303 -9.37089 569
161.333 -9.37089 569
160.363 -9.37089 569
159.113 -9.35442 568
157.866 -9.33795 567
156.9 -9.33795 567
155.933 -9.33795 567
154.693 -9.32148 566
153.457 -9.30501 565
152.493 -9.30501 565
151.53 -9.30501 565
150.567 -9.30501 565
149.604 -9.30501 565
148.378 -9.28854 564
147.416 -9.28854 564
146.455 -9.28854 564
145.235 -9.27207 563
144.275 -9.27207 563
143.316 -9.27207 563
142.356 -9.27207 563
141.145 -9.2556 562
139.688 -9.22266 560
138.238 -9.18973 558
137.287 -9.18973 558
135.602 -9.14032 555
134.414 -9.12385 554
133.228 -9.10738 553
132.286 -9.10738 553
131.105 -9.09091 552
129.929 -9.07444 551
128.989 -9.07444 551
128.05 -9.07444 551
126.88 -9.05797 550
125.713 -9.04151 549
124.777 -9.04151 549
123.841 -9.04151 549
122.458 -9.00857 547
121.303 -8.9921 546
120.152 -8.97563 545
119.004 -8.95916 544
118.077 -8.95916 544
116.934 -8.94269 543
115.795 -8.92622 542
37.3171 -7.46048 453
36.5448 -7.46048 453
35.7726 -7.46048 453
35.0003 -7.46048 453
34.2281 -7.46048 453
33.4558 -7.46048 453
32.6114 -7.44401 452
31.8409 -7.44401 452
31.0703 -7.44401 452
30.2998 -7.44401 452
29.5292 -7.44401 452
28.7587 -7.44401 452
27.9881 -7.44401 452
27.1574 -7.42754 451
26.3885 -7.42754 451
25.6197 -7.42754 451
24.8509 -7.42754 451
24.082 -7.42754 451
23.3132 -7.42754 451
22.5443 -7.42754 451
21.7755 -7.42754 451
20.9601 -7.41107 450
20.1929 -7.41107 450
175.574 -10.3235 568
174.606 -10.3235 568
173.637 -10.3235 568
172.973 -10.3417 569
172.003 -10.3417 569
171.033 -10.3417 569
170.063 -10.3417 569
169.093 -10.3417 569
168.714 -10.378 571
167.741 -10.378 571
166.767 -10.378 571
165.794 -10.378 571
164.82 -10.378 571
163.273 -10.3417 569
162.303 -10.3417 569
161.333 -10.3417 569
160.363 -10.3417 569
159.113 -10.3235 568
157.866 -10.3053 567
156.9 -10.3053 567
155.933 -10.3053 567
154.693 -10.2871 566
153.457 -10.269 565
152.493 -10.269 565
151.53 -10.269 565
150.567 -10.269 565
149.604 -10.269 565
148.378 -10.2508 564
147.416 -10.2508 564
146.195 -10.2326 563
145.235 -10.2326 563
144.275 -10.2326 563
143.316 -10.2326 563
142.103 -10.2144 562
140.894 -10.1963 561
139.439 -10.1599 559
137.99 -10.1236 557
137.041 -10.1236 557
135.602 -10.0872 555
134.171 -10.0509 553
132.987 -10.0327 552
132.046 -10.0327 552
131.105 -10.0327 552
129.929 -10.0145 551
128.755 -9.99633 550
127.817 -9.99633 550
126.88 -9.99633 550
125.713 -9.97816 549
124.323 -9.94181 547
123.39 -9.94181 547
122.234 -9.92363 546
121.081 -9.90546 545
119.931 -9.88728 544
119.004 -9.88728 544
118.077 -9.88728 544
116.934 -9.86911 543
115.795 -9.85093 542
38.0893 -8.23334 453
37.3171 -8.23334 453
36.5448 -8.23334 453
35.7726 -8.23334 453
35.0003 -8.23334 453
34.2281 -8.23334 453
33.382 -8.21517 452
32.6114 -8.21517 452
31.8409 -8.21517 452
31.0703 -8.21517 452
30.2998 -8.21517 452
29.5292 -8.21517 452
28.6951 -8.19699 451
27.9262 -8.19699 451
27.1574 -8.19699 451
26.3885 -8.19699 451
25.6197 -8.19699 451
24.8509 -8.19699 451
24.082 -8.19699 451
23.3132 -8.19699 451
22.5443 -8.19699 451
21.7755 -8.19699 451
20.9601 -8.17882 450
175.265 -11.2727 567
174.298 -11.2727 567
173.637 -11.2926 568
172.669 -11.2926 568
171.701 -11.2926 568
170.732 -11.2926 568
169.764 -11.2926 568
168.796 -11.2926 568
167.828 -11.2926 568
166.859 -11.2926 568
165.891 -11.2926 568
164.923 -11.2926 568
163.954 -11.2926 568
162.986 -11.2926 568
161.733 -11.2727 567
160.766 -11.2727 567
159.799 -11.2727 567
158.833 -11.2727 567
157.866 -11.2727 567
156.623 -11.2528 566
155.658 -11.2528 566
154.42 -11.2329 565
153.457 -11.2329 565
152.224 -11.213 564
151.262 -11.213 564
150.301 -11.213 564
149.339 -11.213 564
148.378 -11.213 564
147.416 -11.213 564
146.195 -11.1931 563
145.235 -11.1931 563
144.275 -11.1931 563
143.316 -11.1931 563
142.103 -11.1733 562
140.894 -11.1534 561
139.439 -11.1136 559
137.99 -11.0739 557
137.041 -11.0739 557
135.602 -11.0341 555
134.171 -10.9943 553
132.987 -10.9745 552
132.046 -10.9745 552
131.105 -10.9745 552
129.929 -10.9546 551
128.755 -10.9347 550
127.817 -10.9347 550
126.88 -10.9347 550
125.713 -10.9148 549
124.323 -10.875 547
123.39 -10.875 547
122.234 -10.8552 546
121.081 -10.8353 545
119.931 -10.8154 544
119.004 -10.8154 544
118.077 -10.8154 544
116.934 -10.7955 543
115.795 -10.7756 542
38.0893 -9.00621 453
37.3171 -9.00621 453
36.5448 -9.00621 453
35.7726 -9.00621 453
35.0003 -9.00621 453
34.2281 -9.00621 453
33.382 -8.98633 452
32.6114 -8.98633 452
31.8409 -8.98633 452
31.0703 -8.98633 452
30.2998 -8.98633 452
29.5292 -8.98633 452
28.6951 -8.96644 451
27.9262 -8.96644 451
27.1574 -8.96644 451
26.3885 -8.96644 451
25.6197 -8.96644 451
24.8509 -8.96644 451
24.082 -8.96644 451
23.3132 -8.96644 451
22.5443 -8.96644 451
21.7755 -8.96644 451
20.9601 -8.94656 450
175.921 -12.2184 566
175.265 -12.24 567
174.298 -12.24 567
173.637 -12.2616 568
172.669 -12.2616 568
171.701 -12.2616 568
170.732 -12.2616 568
169.764 -12.2616 568
168.796 -12.2616 568
167.828 -12.2616 568
166.859 -12.2616 568
165.891 -12.2616 568
164.632 -12.24 567
163.666 -12.24 567
162.699 -12.24 567
161.733 -12.24 567
160.766 -12.24 567
159.799 -12.24 567
158.833 -12.24 567
157.588 -12.2184 566
156.346 -12.1969 565
155.383 -12.1969 565
154.42 -12.1969 565
153.185 -12.1753 564
152.224 -12.1753 564
151.262 -12.1753 564
150.301 -12.1753 564
149.339 -12.1753 564
148.378 -12.1753 564
147.416 -12.1753 564
146.195 -12.1537 563
145.235 -12.1537 563
144.275 -12.1537 563
143.316 -12.1537 563
142.103 -12.1321 562
140.894 -12.1105 561
139.439 -12.0673 559
137.99 -12.0242 557
137.041 -12.0242 557
135.602 -11.981 555
134.171 -11.9378 553
132.987 -11.9162 552
132.046 -11.9162 552
131.105 -11.9162 552
129.929 -11.8946 551
128.755 -11.873 550
127.817 -11.873 550
126.88 -11.873 550
125.484 -11.8299 548
124.323 -11.8083 547
123.39 -11.8083 547
122.01 -11.7651 545
121.081 -11.7651 545
119.931 -11.7435 544
118.785 -11.7219 543
117.86 -11.7219 543
116.934 -11.7219 543
115.795 -11.7003 542
46.6869 -9.80066 454
45.913 -9.80066 454
45.139 -9.80066 454
44.365 -9.80066 454
43.5911 -9.80066 454
38.9474 -9.80066 454
38.1734 -9.80066 454
37.3994 -9.80066 454
36.6255 -9.80066 454
35.7726 -9.77907 453
34.9231 -9.75749 452
34.1525 -9.75749 452
33.382 -9.75749 452
32.6114 -9.75749 452
31.7704 -9.7359 451
31.0016 -9.7359 451
30.2327 -9.7359 451
29.4639 -9.7359 451
28.6951 -9.7359 451
27.9262 -9.7359 451
27.1574 -9.7359 451
26.3885 -9.7359 451
25.6197 -9.7359 451
24.8509 -9.7359 451
24.082 -9.7359 451
23.3132 -9.7359 451
22.5443 -9.7359 451
21.7755 -9.7359 451
175.921 -13.1841 566
174.956 -13.1841 566
173.991 -13.1841 566
173.026 -13.1841 566
172.365 -13.2074 567
171.701 -13.2307 568
170.732 -13.2307 568
169.764 -13.2307 568
168.499 -13.2074 567
167.532 -13.2074 567
166.566 -13.2074 567
165.599 -13.2074 567
164.632 -13.2074 567
163.666 -13.2074 567
162.699 -13.2074 567
161.447 -13.1841 566
160.482 -13.1841 566
159.518 -13.1841 566
158.553 -13.1841 566
157.588 -13.1841 566
156.346 -13.1608 565
155.383 -13.1608 565
154.42 -13.1608 565
153.185 -13.1375 564
152.224 -13.1375 564
151.262 -13.1375 564
150.301 -13.1375 564
149.339 -13.1375 564
148.378 -13.1375 564
147.416 -13.1375 564
146.195 -13.1142 563
145.235 -13.1142 563
144.275 -13.1142 563
143.316 -13.1142 563
142.103 -13.0909 562
140.894 -13.0676 561
139.439 -13.021 559
138.486 -13.021 559
137.041 -12.9745 557
135.602 -12.9279 555
134.171 -12.8813 553
132.987 -12.858 552
132.046 -12.858 552
130.868 -12.8347 551
129.929 -12.8347 551
128.755 -12.8114 550
127.817 -12.8114 550
126.649 -12.7881 549
125.255 -12.7415 547
124.096 -12.7182 546
123.165 -12.7182 546
122.01 -12.6949 545
120.859 -12.6716 544
119.711 -12.6483 543
118.785 -12.6483 543
117.86 -12.6483 543
116.934 -12.6483 543
115.795 -12.6251 542
47.6699 -10.6218 456
46.8926 -10.6218 456
46.1152 -10.6218 456
45.2384 -10.5985 455
44.365 -10.5752 454
43.5911 -10.5752 454
42.8171 -10.5752 454
38.9474 -10.5752 454
38.1734 -10.5752 454
37.3994 -10.5752 454
36.6255 -10.5752 454
35.7726 -10.5519 453
35.0003 -10.5519 453
34.2281 -10.5519 453
33.382 -10.5286 452
32.6114 -10.5286 452
31.7704 -10.5054 451
31.0016 -10.5054 451
30.2327 -10.5054 451
29.4639 -10.5054 451
28.6951 -10.5054 451
27.9262 -10.5054 451
27.1574 -10.5054 451
26.3885 -10.5054 451
25.6197 -10.5054 451
24.8509 -10.5054 451
24.082 -10.5054 451
23.3132 -10.5054 451
175.921 -14.1498 566
174.956 -14.1498 566
173.991 -14.1498 566
173.026 -14.1498 566
172.365 -14.1748 567
171.701 -14.1998 568
170.732 -14.1998 568
169.764 -14.1998 568
168.499 -14.1748 567
167.532 -14.1748 567
166.566 -14.1748 567
165.599 -14.1748 567
164.632 -14.1748 567
163.666 -14.1748 567
162.699 -14.1748 567
161.447 -14.1498 566
160.482 -14.1498 566
159.518 -14.1498 566
158.553 -14.1498 566
157.588 -14.1498 566
156.346 -14.1248 565
155.383 -14.1248 565
154.42 -14.1248 565
153.185 -14.0998 564
152.224 -14.0998 564
151.262 -14.0998 564
150.301 -14.0998 564
149.339 -14.0998 564
148.378 -14.0998 564
147.416 -14.0998 564
146.195 -14.0748 563
145.235 -14.0748 563
144.019 -14.0498 562
143.061 -14.0498 562
142.103 -14.0498 562
140.894 -14.0248 561
139.439 -13.9748 559
138.486 -13.9748 559
137.041 -13.9248 557
135.358 -13.8498 554
133.928 -13.7998 552
132.746 -13.7748 551
131.807 -13.7748 551
130.868 -13.7748 551
129.693 -13.7498 550
128.521 -13.7248 549
127.585 -13.7248 549
126.188 -13.6748 547
125.026 -13.6498 546
123.868 -13.6248 545
122.939 -13.6248 545
121.786 -13.5998 544
120.637 -13.5748 543
119.711 -13.5748 543
118.785 -13.5748 543
117.86 -13.5748 543
116.719 -13.5498 542
115.795 -13.5498 542
47.6699 -11.3998 456
46.8926 -11.3998 456
46.1152 -11.3998 456
45.2384 -11.3748 455
44.365 -11.3498 454
43.5911 -11.3498 454
42.8171 -11.3498 454
41.9506 -11.3248 453
41.1783 -11.3248 453
40.4953 -11.3498 454
39.7213 -11.3498 454
38.9474 -11.3498 454
38.1734 -11.3498 454
37.3994 -11.3498 454
36.6255 -11.3498 454
35.7726 -11.3248 453
35.0003 -11.3248 453
34.2281 -11.3248 453
33.4558 -11.3248 453
32.6114 -11.2998 452
31.7704 -11.2748 451
31.0016 -11.2748 451
30.2327 -11.2748 451
29.5292 -11.2998 452
28.7587 -11.2998 452
27.9881 -11.2998 452
27.1574 -11.2748 451
26.3885 -11.2748 451
25.6197 -11.2748 451
24.8509 -11.2748 451
24.082 -11.2748 451
175.921 -15.1154 566
174.956 -15.1154 566
173.991 -15.1154 566
173.026 -15.1154 566
172.061 -15.1154 566
171.096 -15.1154 566
170.131 -15.1154 566
169.166 -15.1154 566
168.202 -15.1154 566
167.237 -15.1154 566
166.272 -15.1154 566
165.307 -15.1154 566
164.342 -15.1154 566
163.377 -15.1154 566
162.412 -15.1154 566
161.447 -15.1154 566
160.482 -15.1154 566
159.518 -15.1154 566
158.553 -15.1154 566
157.309 -15.0887 565
156.346 -15.0887 565
155.383 -15.0887 565
154.146 -15.062 564
153.185 -15.062 564
152.224 -15.062 564
151.262 -15.062 564
150.301 -15.062 564
149.339 -15.062 564
148.378 -15.062 564
147.416 -15.062 564
146.195 -15.0353 563
145.235 -15.0353 563
144.019 -15.0086 562
143.061 -15.0086 562
142.103 -15.0086 562
140.894 -14.9819 561
139.439 -14.9285 559
138.486 -14.9285 559
137.041 -14.8751 557
135.358 -14.7949 554
133.928 -14.7415 552
132.746 -14.7148 551
131.807 -14.7148 551
130.868 -14.7148 551
129.693 -14.6881 550
128.521 -14.6614 549
127.585 -14.6614 549
126.188 -14.608 547
125.026 -14.5813 546
123.868 -14.5546 545
122.939 -14.5546 545
121.786 -14.5279 544
120.637 -14.5012 543
119.711 -14.5012 543
118.785 -14.5012 543
117.86 -14.5012 543
116.719 -14.4745 542
47.6699 -12.1778 456
46.8926 -12.1778 456
46.1152 -12.1778 456
45.2384 -12.1511 455
44.365 -12.1244 454
43.5911 -12.1244 454
42.8171 -12.1244 454
41.9506 -12.0977 453
41.1783 -12.0977 453
40.4953 -12.1244 454
39.7213 -12.1244 454
38.9474 -12.1244 454
38.1734 -12.1244 454
37.3994 -12.1244 454
36.6255 -12.1244 454
35.7726 -12.0977 453
35.0003 -12.0977 453
34.2281 -12.0977 453
33.4558 -12.0977 453
32.6114 -12.071 452
31.8409 -12.071 452
31.0703 -12.071 452
30.2998 -12.071 452
29.5292 -12.071 452
28.7587 -12.071 452
27.9881 -12.071 452
27.1574 -12.0443 451
26.3885 -12.0443 451
25.6197 -12.0443 451
24.8509 -12.0443 451
24.082 -12.0443 451
174.647 -16.0526 565
173.683 -16.0526 565
172.72 -16.0526 565
172.061 -16.0811 566
171.096 -16.0811 566
170.131 -16.0811 566
169.166 -16.0811 566
168.202 -16.0811 566
167.237 -16.0811 566
166.272 -16.0811 566
165.307 -16.0811 566
164.342 -16.0811 566
163.377 -16.0811 566
162.412 -16.0811 566
161.447 -16.0811 566
160.199 -16.0526 565
159.236 -16.0526 565
158.273 -16.0526 565
157.309 -16.0526 565
156.069 -16.0242 564
155.108 -16.0242 564
154.146 -16.0242 564
152.913 -15.9958 563
151.954 -15.9958 563
150.994 -15.9958 563
150.034 -15.9958 563
149.074 -15.9958 563
148.115 -15.9958 563
147.155 -15.9958 563
145.935 -15.9674 562
144.977 -15.9674 562
144.019 -15.9674 562
143.061 -15.9674 562
141.85 -15.939 561
140.392 -15.8822 559
139.189 -15.8538 558
138.238 -15.8538 558
136.795 -15.7969 556
135.358 -15.7401 554
133.928 -15.6833 552
132.746 -15.6549 551
131.807 -15.6549 551
130.63 -15.6265 550
129.457 -15.5981 549
128.287 -15.5697 548
127.353 -15.5697 548
125.957 -15.5128 546
124.797 -15.4844 545
123.641 -15.456 544
122.714 -15.456 544
121.562 -15.4276 543
120.637 -15.4276 543
119.711 -15.4276 543
118.785 -15.4276 543
117.643 -15.3992 542
116.719 -15.3992 542
47.6699 -12.9558 456
46.8926 -12.9558 456
46.1152 -12.9558 456
45.2384 -12.9274 455
44.365 -12.8989 454
43.5911 -12.8989 454
42.7228 -12.8705 453
42.0432 -12.8989 454
41.2692 -12.8989 454
40.4953 -12.8989 454
39.7213 -12.8989 454
38.9474 -12.8989 454
38.1734 -12.8989 454
37.3994 -12.8989 454
36.6255 -12.8989 454
35.8515 -12.8989 454
35.0003 -12.8705 453
34.2281 -12.8705 453
33.4558 -12.8705 453
32.6836 -12.8705 453
31.8409 -12.8421 452
31.0703 -12.8421 452
30.2998 -12.8421 452
29.5292 -12.8421 452
28.7587 -12.8421 452
27.9881 -12.8421 452
27.1574 -12.8137 451
174.647 -17.0166 565
173.683 -17.0166 565
172.72 -17.0166 565
172.061 -17.0467 566
171.096 -17.0467 566
170.131 -17.0467 566
169.166 -17.0467 566
168.202 -17.0467 566
167.237 -17.0467 566
166.272 -17.0467 566
165.307 -17.0467 566
164.342 -17.0467 566
163.377 -17.0467 566
162.412 -17.0467 566
161.162 -17.0166 565
160.199 -17.0166 565
159.236 -17.0166 565
158.273 -17.0166 565
157.031 -16.9865 564
156.069 -16.9865 564
155.108 -16.9865 564
153.873 -16.9564 563
152.642 -16.9262 562
151.684 -16.9262 562
150.726 -16.9262 562
149.768 -16.9262 562
148.81 -16.9262 562
147.851 -16.9262 562
146.893 -16.9262 562
145.676 -16.8961 561
144.461 -16.866 560
143.507 -16.866 560
142.552 -16.866 560
141.344 -16.8359 559
140.14 -16.8058 558
138.69 -16.7455 556
137.247 -16.6853 554
136.303 -16.6853 554
135.114 -16.6552 553
133.686 -16.5949 551
132.506 -16.5648 550
131.568 -16.5648 550
130.393 -16.5347 549
129.221 -16.5046 548
128.053 -16.4745 547
127.12 -16.4745 547
125.957 -16.4444 546
124.568 -16.3841 544
123.641 -16.3841 544
122.714 -16.3841 544
121.562 -16.354 543
120.637 -16.354 543
119.491 -16.3239 542
118.567 -16.3239 542
117.643 -16.3239 542
116.719 -16.3239 542
47.5654 -13.7036 455
46.7897 -13.7036 455
46.0141 -13.7036 455
45.2384 -13.7036 455
44.365 -13.6735 454
43.5911 -13.6735 454
42.7228 -13.6434 453
42.0432 -13.6735 454
41.2692 -13.6735 454
40.4953 -13.6735 454
39.7213 -13.6735 454
38.9474 -13.6735 454
38.1734 -13.6735 454
37.3994 -13.6735 454
36.6255 -13.6735 454
35.8515 -13.6735 454
35.0776 -13.6735 454
34.2281 -13.6434 453
33.4558 -13.6434 453
32.6836 -13.6434 453
31.8409 -13.6133 452
31.0703 -13.6133 452
30.2998 -13.6133 452
29.5292 -13.6133 452
28.7587 -13.6133 452
27.9881 -13.6133 452
174.647 -17.9805 565
173.683 -17.9805 565
173.026 -18.0124 566
172.061 -18.0124 566
171.096 -18.0124 566
170.131 -18.0124 566
169.166 -18.0124 566
168.202 -18.0124 566
167.237 -18.0124 566
166.272 -18.0124 566
165.307 -18.0124 566
164.342 -18.0124 566
163.377 -18.0124 566
162.412 -18.0124 566
161.162 -17.9805 565
160.199 -17.9805 565
159.236 -17.9805 565
158.273 -17.9805 565
157.031 -17.9487 564
156.069 -17.9487 564
155.108 -17.9487 564
153.873 -17.9169 563
152.642 -17.8851 562
151.684 -17.8851 562
150.726 -17.8851 562
149.768 -17.8851 562
148.81 -17.8851 562
147.851 -17.8851 562
146.893 -17.8851 562
145.676 -17.8533 561
144.203 -17.7896 559
143.25 -17.7896 559
142.297 -17.7896 559
141.092 -17.7578 558
139.638 -17.6941 556
138.441 -17.6623 555
137.247 -17.6305 554
136.303 -17.6305 554
134.869 -17.5668 552
133.443 -17.5032 550
132.506 -17.5032 550
131.568 -17.5032 550
130.393 -17.4714 549
129.221 -17.4395 548
127.819 -17.3759 546
126.888 -17.3759 546
125.726 -17.3441 545
124.568 -17.3122 544
123.414 -17.2804 543
122.488 -17.2804 543
121.338 -17.2486 542
120.414 -17.2486 542
119.491 -17.2486 542
118.567 -17.2486 542
117.643 -17.2486 542
47.5654 -14.4799 455
46.7897 -14.4799 455
46.0141 -14.4799 455
45.2384 -14.4799 455
44.365 -14.4481 454
43.5911 -14.4481 454
42.7228 -14.4163 453
42.0432 -14.4481 454
41.2692 -14.4481 454
40.4953 -14.4481 454
39.7213 -14.4481 454
38.9474 -14.4481 454
38.1734 -14.4481 454
37.3994 -14.4481 454
36.6255 -14.4481 454
35.8515 -14.4481 454
35.0776 -14.4481 454
34.2281 -14.4163 453
33.4558 -14.4163 453
32.6836 -14.4163 453
31.8409 -14.3844 452
31.0703 -14.3844 452
30.2998 -14.3844 452
29.5292 -14.3844 452
173.026 -18.978 566
172.061 -18.978 566
171.096 -18.978 566
170.131 -18.978 566
169.166 -18.978 566
168.202 -18.978 566
167.237 -18.978 566
166.272 -18.978 566
165.307 -18.978 566
164.342 -18.978 566
163.377 -18.978 566
162.125 -18.9445 565
161.162 -18.9445 565
159.915 -18.911 564
158.954 -18.911 564
157.992 -18.911 564
157.031 -18.911 564
155.793 -18.8774 563
154.833 -18.8774 563
153.6 -18.8439 562
152.37 -18.8104 561
151.414 -18.8104 561
150.457 -18.8104 561
149.501 -18.8104 561
148.545 -18.8104 561
147.588 -18.8104 561
146.632 -18.8104 561
145.416 -18.7768 560
144.203 -18.7433 559
143.25 -18.7433 559
142.297 -18.7433 559
141.092 -18.7098 558
139.638 -18.6427 556
138.441 -18.6092 555
137.247 -18.5757 554
136.303 -18.5757 554
134.869 -18.5086 552
133.443 -18.4415 550
132.506 -18.4415 550
131.568 -18.4415 550
130.393 -18.408 549
129.221 -18.3745 548
127.819 -18.3074 546
126.888 -18.3074 546
125.726 -18.2739 545
124.568 -18.2404 544
123.414 -18.2068 543
122.488 -18.2068 543
121.338 -18.1733 542
120.414 -18.1733 542
119.491 -18.1733 542
118.567 -18.1733 542
117.643 -18.1733 542
47.5654 -15.2562 455
46.7897 -15.2562 455
46.0141 -15.2562 455
45.139 -15.2227 454
44.365 -15.2227 454
43.5911 -15.2227 454
42.7228 -15.1891 453
42.0432 -15.2227 454
41.2692 -15.2227 454
40.4953 -15.2227 454
39.7213 -15.2227 454
38.9474 -15.2227 454
38.1734 -15.2227 454
37.3994 -15.2227 454
36.6255 -15.2227 454
35.8515 -15.2227 454
35.0776 -15.2227 454
34.2281 -15.1891 453
33.4558 -15.1891 453
32.6836 -15.1891 453
31.8409 -15.1556 452
31.0703 -15.1556 452
30.2998 -15.1556 452
29.5292 -15.1556 452
173.026 -19.9437 566
172.061 -19.9437 566
171.096 -19.9437 566
170.131 -19.9437 566
169.166 -19.9437 566
168.202 -19.9437 566
167.237 -19.9437 566
166.272 -19.9437 566
165.307 -19.9437 566
164.342 -19.9437 566
163.377 -19.9437 566
162.125 -19.9084 565
160.877 -19.8732 564
159.915 -19.8732 564
158.954 -19.8732 564
157.992 -19.8732 564
156.753 -19.838 563
155.516 -19.8027 562
154.558 -19.8027 562
153.327 -19.7675 561
151.827 -19.697 559
150.874 -19.697 559
150.189 -19.7323 560
149.235 -19.7323 560
148.28 -19.7323 560
147.325 -19.7323 560
146.371 -19.7323 560
145.156 -19.697 559
143.945 -19.6618 558
142.994 -19.6618 558
142.043 -19.6618 558
140.586 -19.5913 556
139.387 -19.5561 555
138.191 -19.5208 554
136.999 -19.4856 553
136.056 -19.4856 553
134.869 -19.4504 552
133.443 -19.3799 550
132.265 -19.3447 549
131.329 -19.3447 549
130.155 -19.3094 548
128.985 -19.2742 547
127.819 -19.239 546
126.888 -19.239 546
125.496 -19.1685 544
124.339 -19.1332 543
123.186 -19.098 542
122.262 -19.098 542
121.338 -19.098 542
120.192 -19.0628 541
119.27 -19.0628 541
118.348 -19.0628 541
47.5654 -16.0325 455
46.7897 -16.0325 455
46.0141 -16.0325 455
45.139 -15.9972 454
44.365 -15.9972 454
43.4951 -15.962 453
42.7228 -15.962 453
42.0432 -15.9972 454
41.2692 -15.9972 454
40.4953 -15.9972 454
39.7213 -15.9972 454
38.9474 -15.9972 454
38.1734 -15.9972 454
37.3994 -15.9972 454
36.5448 -15.962 453
35.7726 -15.962 453
35.0003 -15.962 453
34.2281 -15.962 453
33.4558 -15.962 453
32.6114 -15.9268 452
31.8409 -15.9268 452
31.0703 -15.9268 452
30.2998 -15.9268 452
172.72 -20.8724 565
172.061 -20.9093 566
171.096 -20.9093 566
170.131 -20.9093 566
169.166 -20.9093 566
167.904 -20.8724 565
166.941 -20.8724 565
165.978 -20.8724 565
165.015 -20.8724 565
164.052 -20.8724 565
163.088 -20.8724 565
161.838 -20.8355 564
160.877 -20.8355 564
159.348 -20.7616 562
158.39 -20.7616 562
157.432 -20.7616 562
156.474 -20.7616 562
154.963 -20.6877 560
154.008 -20.6877 560
152.78 -20.6507 559
151.284 -20.5769 557
150.604 -20.6138 558
149.921 -20.6507 559
148.968 -20.6507 559
148.015 -20.6507 559
146.799 -20.6138 558
145.848 -20.6138 558
144.897 -20.6138 558
143.429 -20.5399 556
142.482 -20.5399 556
141.534 -20.5399 556
140.333 -20.503 555
139.136 -20.466 554
138.191 -20.466 554
136.751 -20.3921 552
135.81 -20.3921 552
134.869 -20.3921 552
133.443 -20.3183 550
132.265 -20.2813 549
131.329 -20.2813 549
129.918 -20.2074 547
128.749 -20.1705 546
127.585 -20.1335 545
126.656 -20.1335 545
125.496 -20.0966 544
124.11 -20.0227 542
123.186 -20.0227 542
122.262 -20.0227 542
121.115 -19.9858 541
120.192 -19.9858 541
45.913 -16.7718 454
45.139 -16.7718 454
44.365 -16.7718 454
43.4951 -16.7349 453
42.7228 -16.7349 453
41.9506 -16.7349 453
41.2692 -16.7718 454
40.4953 -16.7718 454
39.7213 -16.7718 454
38.9474 -16.7718 454
38.1734 -16.7718 454
37.3171 -16.7349 453
36.5448 -16.7349 453
35.7726 -16.7349 453
35.0003 -16.7349 453
34.2281 -16.7349 453
33.4558 -16.7349 453
32.6114 -16.6979 452
31.8409 -16.6979 452
31.0703 -16.6979 452
30.2998 -16.6979 452
172.72 -21.8363 565
172.061 -21.875 566
171.096 -21.875 566
170.131 -21.875 566
169.166 -21.875 566
167.904 -21.8363 565
166.941 -21.8363 565
165.978 -21.8363 565
165.015 -21.8363 565
164.052 -21.8363 565
163.088 -21.8363 565
161.838 -21.7977 564
160.877 -21.7977 564
159.348 -21.7204 562
158.39 -21.7204 562
157.432 -21.7204 562
156.474 -21.7204 562
154.963 -21.6431 560
154.008 -21.6431 560
152.78 -21.6045 559
151.284 -21.5272 557
150.604 -21.5658 558
149.921 -21.6045 559
148.968 -21.6045 559
148.015 -21.6045 559
146.799 -21.5658 558
145.848 -21.5658 558
144.897 -21.5658 558
143.429 -21.4885 556
142.482 -21.4885 556
141.534 -21.4885 556
140.08 -21.4112 554
139.136 -21.4112 554
137.942 -21.3726 553
136.751 -21.3339 552
135.81 -21.3339 552
134.869 -21.3339 552
133.443 -21.2566 550
45.913 -17.5464 454
45.139 -17.5464 454
44.365 -17.5464 454
43.4951 -17.5077 453
42.7228 -17.5077 453
41.9506 -17.5077 453
41.2692 -17.5464 454
40.4953 -17.5464 454
39.7213 -17.5464 454
38.9474 -17.5464 454
38.1734 -17.5464 454
37.3171 -17.5077 453
36.5448 -17.5077 453
35.7726 -17.5077 453
35.0003 -17.5077 453
34.2281 -17.5077 453
33.4558 -17.5077 453
32.6836 -17.5077 453
31.9113 -17.5077 453
31.1391 -17.5077 453
172.415 -22.7599 564
171.453 -22.7599 564
170.492 -22.7599 564
169.53 -22.7599 564
168.569 -22.7599 564
167.607 -22.7599 564
166.646 -22.7599 564
165.684 -22.7599 564
164.723 -22.7599 564
163.761 -22.7599 564
162.8 -22.7599 564
161.838 -22.7599 564
160.592 -22.7196 563
159.348 -22.6792 562
158.39 -22.6792 562
156.872 -22.5985 560
155.917 -22.5985 560
154.686 -22.5582 559
153.733 -22.5582 559
152.507 -22.5178 558
151.012 -22.4371 556
149.794 -22.3967 555
149.385 -22.4775 557
148.435 -22.4775 557
147.486 -22.4775 557
146.273 -22.4371 556
145.325 -22.4371 556
144.377 -22.4371 556
143.429 -22.4371 556
142.482 -22.4371 556
141.534 -22.4371 556
140.08 -22.3564 554
139.136 -22.3564 554
137.942 -22.316 553
136.751 -22.2757 552
135.81 -22.2757 552
134.869 -22.2757 552
133.443 -22.195 550
45.0396 -18.2806 453
44.2673 -18.2806 453
43.4951 -18.2806 453
42.7228 -18.2806 453
41.9506 -18.2806 453
41.1783 -18.2806 453
40.4061 -18.2806 453
39.6338 -18.2806 453
38.8616 -18.2806 453
38.0893 -18.2806 453
37.3171 -18.2806 453
36.5448 -18.2806 453
35.7726 -18.2806 453
35.0003 -18.2806 453
34.2281 -18.2806 453
33.4558 -18.2806 453
32.6836 -18.2806 453
31.9113 -18.2806 453
31.1391 -18.2806 453
30.3668 -18.2806 453
172.415 -23.7222 564
171.453 -23.7222 564
170.492 -23.7222 564
169.53 -23.7222 564
168.569 -23.7222 564
159.451 -23.5119 559
158.498 -23.5119 559
157.545 -23.5119 559
156.592 -23.5119 559
155.639 -23.5119 559
154.686 -23.5119 559
153.733 -23.5119 559
152.233 -23.4278 557
143.858 -23.3016 554
142.914 -23.3016 554
141.969 -23.3016 554
141.025 -23.3016 554
140.08 -23.3016 554
138.885 -23.2595 553
137.692 -23.2175 552
136.751 -23.2175 552
135.81 -23.2175 552
134.625 -23.1754 551
45.139 -19.0955 454
44.365 -19.0955 454
43.5911 -19.0955 454
42.8171 -19.0955 454
41.9506 -19.0535 453
41.1783 -19.0535 453
40.4061 -19.0535 453
39.6338 -19.0535 453
38.8616 -19.0535 453
38.0893 -19.0535 453
37.3171 -19.0535 453
36.5448 -19.0535 453
35.7726 -19.0535 453
35.0003 -19.0535 453
34.2281 -19.0535 453
33.4558 -19.0535 453
32.6836 -19.0535 453
31.9113 -19.0535 453
31.1391 -19.0535 453
30.3668 -19.0535 453
172.415 -24.6844 564
171.453 -24.6844 564
170.492 -24.6844 564
169.23 -24.6407 563
157.263 -24.4218 558
156.312 -24.4218 558
155.36 -24.4218 558
139.575 -24.1592 552
138.634 -24.1592 552
137.692 -24.1592 552
45.139 -19.8701 454
44.365 -19.8701 454
43.5911 -19.8701 454
42.8171 -19.8701 454
42.0432 -19.8701 454
41.2692 -19.8701 454
40.4061 -19.8263 453
39.6338 -19.8263 453
38.8616 -19.8263 453
38.0893 -19.8263 453
37.3171 -19.8263 453
36.5448 -19.8263 453
35.7726 -19.8263 453
35.0003 -19.8263 453
34.2281 -19.8263 453
33.4558 -19.8263 453
32.6836 -19.8263 453
31.9113 -19.8263 453
31.1391 -19.8263 453
30.3668 -19.8263 453
172.109 -25.6012 563
171.149 -25.6012 563
170.189 -25.6012 563
169.23 -25.6012 563
157.263 -25.3738 558
156.312 -25.3738 558
155.36 -25.3738 558
45.139 -20.6447 454
44.365 -20.6447 454
43.5911 -20.6447 454
42.8171 -20.6447 454
42.0432 -20.6447 454
41.2692 -20.6447 454
40.4953 -20.6447 454
39.7213 -20.6447 454
38.8616 -20.5992 453
38.0893 -20.5992 453
37.3171 -20.5992 453
36.5448 -20.5992 453
35.7726 -20.5992 453
35.0003 -20.5992 453
34.2281 -20.5992 453
33.4558 -20.5992 453
32.6836 -20.5992 453
31.9113 -20.5992 453
31.1391 -20.5992 453
170.886 -26.373 559
169.933 -26.373 559
168.98 -26.373 559
168.027 -26.373 559
45.139 -21.4192 454
44.365 -21.4192 454
43.5911 -21.4192 454
42.8171 -21.4192 454
42.0432 -21.4192 454
41.2692 -21.4192 454
40.4953 -21.4192 454
39.7213 -21.4192 454
38.8616 -21.372 453
38.0893 -21.372 453
37.3171 -21.372 453
36.5448 -21.372 453
35.7726 -21.372 453
35.0003 -21.372 453
34.2281 -21.372 453
33.4558 -21.372 453
32.6836 -21.372 453
31.9113 -21.372 453
31.1391 -21.372 453
45.139 -22.1938 454
44.365 -22.1938 454
43.5911 -22.1938 454
42.8171 -22.1938 454
42.0432 -22.1938 454
41.2692 -22.1938 454
40.4953 -22.1938 454
39.7213 -22.1938 454
38.9474 -22.1938 454
38.1734 -22.1938 454
37.3994 -22.1938 454
36.6255 -22.1938 454
35.8515 -22.1938 454
35.0776 -22.1938 454
34.3036 -22.1938 454
33.5297 -22.1938 454
32.7557 -22.1938 454
31.9818 -22.1938 454
31.1391 -22.1449 453
44.4628 -23.019 455
43.6871 -23.019 455
42.9114 -23.019 455
42.1358 -23.019 455
41.3601 -23.019 455
40.5845 -23.019 455
39.8088 -23.019 455
39.0331 -23.019 455
38.2575 -23.019 455
37.4818 -23.019 455
36.7062 -23.019 455
35.9305 -23.019 455
35.1548 -23.019 455
34.3792 -23.019 455
33.6035 -23.019 455
32.8279 -23.019 455
32.0522 -23.019 455
31.2765 -23.019 455
44.4628 -23.7952 455
43.6871 -23.7952 455
42.9114 -23.7952 455
42.1358 -23.7952 455
41.3601 -23.7952 455
40.5845 -23.7952 455
39.8088 -23.7952 455
39.0331 -23.7952 455
38.2575 -23.7952 455
37.4818 -23.7952 455
36.7062 -23.7952 455
35.9305 -23.7952 455
35.1548 -23.7952 455
34.3792 -23.7952 455
33.6035 -23.7952 455
32.8279 -23.7952 455
32.0522 -23.7952 455
31.2765 -23.7952 455
44.4628 -24.5715 455
43.6871 -24.5715 455
42.9114 -24.5715 455
42.1358 -24.5715 455
41.3601 -24.5715 455
40.5845 -24.5715 455
39.8088 -24.5715 455
39.0331 -24.5715 455
38.2575 -24.5715 455
37.4818 -24.5715 455
36.7062 -24.5715 455
35.9305 -24.5715 455
35.1548 -24.5715 455
34.3792 -24.5715 455
33.6035 -24.5715 455
32.8279 -24.5715 455
32.0522 -24.5715 455
31.2765 -24.5715 455
44.4628 -25.3478 455
43.6871 -25.3478 455
42.9114 -25.3478 455
42.1358 -25.3478 455
41.3601 -25.3478 455
40.5845 -25.3478 455
39.8088 -25.3478 455
39.0331 -25.3478 455
38.2575 -25.3478 455
37.4818 -25.3478 455
36.7062 -25.3478 455
35.9305 -25.3478 455
35.1548 -25.3478 455
34.3792 -25.3478 455
33.6035 -25.3478 455
32.8279 -25.3478 455
32.0522 -25.3478 455
31.2765 -25.3478 455
44.4628 -26.1241 455
43.6871 -26.1241 455
42.9114 -26.1241 455
42.1358 -26.1241 455
41.3601 -26.1241 455
40.5845 -26.1241 455
39.8088 -26.1241 455
39.0331 -26.1241 455
38.2575 -26.1241 455
37.4818 -26.1241 455
36.7062 -26.1241 455
35.9305 -26.1241 455
35.1548 -26.1241 455
34.3792 -26.1241 455
33.6035 -26.1241 455
32.8279 -26.1241 455
32.0522 -26.1241 455
31.2765 -26.1241 455
44.4628 -26.9003 455
43.6871 -26.9003 455
42.9114 -26.9003 455
42.1358 -26.9003 455
41.3601 -26.9003 455
40.5845 -26.9003 455
39.8088 -26.9003 455
39.0331 -26.9003 455
38.2575 -26.9003 455
37.4818 -26.9003 455
36.7062 -26.9003 455
35.9305 -26.9003 455
35.1548 -26.9003 455
34.3792 -26.9003 455
33.6035 -26.9003 455
32.8279 -26.9003 455
32.0522 -26.9003 455
31.2765 -26.9003 455
41.3601 -27.6766 455
40.5845 -27.6766 455
39.8088 -27.6766 455
39.0331 -27.6766 455
38.2575 -27.6766 455
37.4818 -27.6766 455
