1849.76 1615.95 4059
1842.84 1615.95 4059
1835.92 1615.95 4059
1838.01 1623.91 4079
1835.55 1627.89 4089
1828.57 1627.89 4089
1821.6 1627.89 4089
1814.63 1627.89 4089
1798.82 1619.93 4069
1791.88 1619.93 4069
1784.95 1619.93 4069
1786.75 1627.89 4089
1779.78 1627.89 4089
1772.81 1627.89 4089
1751.9 1627.89 4089
1744.93 1627.89 4089
1737.96 1627.89 4089
1730.98 1627.89 4089
1724.01 1627.89 4089
1717.04 1627.89 4089
1710.07 1627.89 4089
1703.1 1627.89 4089
1687.84 1619.93 4069
1680.9 1619.93 4069
1673.96 1619.93 4069
1658.83 1611.96 4049
1651.93 1611.96 4049
1649.09 1615.95 4059
1642.17 1615.95 4059
1635.25 1615.95 4059
1628.33 1615.95 4059
1613.42 1607.98 4039
1606.54 1607.98 4039
1592.13 1600.42 4020
1570.29 1585.29 3982
1567.03 1588.87 3991
1567.66 1596.44 4010
1560.82 1596.44 4010
1557.86 1600.42 4020
1551.01 1600.42 4020
1544.15 1600.42 4020
1537.3 1600.42 4020
1530.45 1600.42 4020
1523.6 1600.42 4020
1516.74 1600.42 4020
1509.89 1600.42 4020
1492.19 1588.87 3991
1478.32 1581.31 3972
1471.55 1581.31 3972
1461.46 1577.73 3963
1437.45 1559.02 3916
1417.62 1544.68 3880
1411 1544.68 3880
1401.13 1541.1 3871
1394.53 1541.1 3871
1378.25 1530.35 3844
1371.7 1530.35 3844
1358.76 1523.18 3826
1352.23 1523.18 3826
1330.59 1506.07 3783
1324.14 1506.07 3783
1308.63 1495.71 3757
1284.9 1475.81 3707
1275.82 1472.62 3699
1269.51 1472.62 3699
1255.01 1463.07 3675
1246.03 1459.88 3667
1239.78 1459.88 3667
1236.22 1463.07 3675
1229.95 1463.07 3675
1223.69 1463.07 3675
1220.07 1466.25 3683
1213.79 1466.25 3683
1207.51 1466.25 3683
1201.23 1466.25 3683
1194.96 1466.25 3683
1191.26 1469.44 3691
1184.97 1469.44 3691
1181.23 1472.62 3699
1177.46 1475.81 3707
1186.94 1495.71 3757
1180.54 1495.71 3757
1176.94 1499.3 3766
1170.52 1499.3 3766
1164.1 1499.3 3766
1157.68 1499.3 3766
1151.26 1499.3 3766
1142.11 1495.71 3757
1135.7 1495.71 3757
1129.3 1495.71 3757
1122.89 1495.71 3757
1114.11 1492.53 3749
1107.72 1492.53 3749
1101.33 1492.53 3749
1089.97 1485.76 3732
1081.29 1482.58 3724
1074.94 1482.58 3724
1063.71 1475.81 3707
1057.39 1475.81 3707
1053.63 1479.39 3716
1047.29 1479.39 3716
1040.96 1479.39 3716
1034.62 1479.39 3716
1023.58 1472.62 3699
1017.28 1472.62 3699
1008.78 1469.44 3691
998.147 1463.07 3675
991.882 1463.07 3675
985.617 1463.07 3675
977.22 1459.88 3667
970.969 1459.88 3667
962.35 1456.3 3658
954.023 1453.12 3650
947.801 1453.12 3650
941.578 1453.12 3650
935.356 1453.12 3650
927.097 1449.93 3642
920.889 1449.93 3642
914.68 1449.93 3642
908.471 1449.93 3642
902.262 1449.93 3642
896.054 1449.93 3642
889.845 1449.93 3642
881.938 1447.14 3635
869.959 1437.59 3611
863.803 1437.59 3611
855.747 1434.41 3603
849.605 1434.41 3603
845.336 1437.59 3611
839.18 1437.59 3611
833.024 1437.59 3611
825.036 1434.41 3603
820.712 1437.59 3611
814.557 1437.59 3611
808.401 1437.59 3611
802.245 1437.59 3611
799.616 1443.96 3627
793.433 1443.96 3627
787.25 1443.96 3627
781.067 1443.96 3627
774.884 1443.96 3627
768.701 1443.96 3627
760.836 1440.78 3619
752.998 1437.59 3611
745.188 1434.41 3603
739.045 1434.41 3603
732.903 1434.41 3603
728.375 1437.59 3611
722.219 1437.59 3611
716.063 1437.59 3611
709.907 1437.59 3611
705.31 1440.78 3619
699.141 1440.78 3619
692.972 1440.78 3619
686.802 1440.78 3619
680.633 1440.78 3619
671.481 1434.41 3603
665.339 1434.41 3603
657.733 1431.22 3595
647.436 1422.06 3572
638.653 1416.09 3557
632.589 1416.09 3557
625.116 1412.91 3549
617.845 1410.12 3542
611.807 1410.12 3542
605.769 1410.12 3542
599.731 1410.12 3542
592.352 1406.94 3534
586.327 1406.94 3534
580.302 1406.94 3534
573.14 1404.15 3527
567.128 1404.15 3527
560.001 1401.36 3520
554.001 1401.36 3520
543.329 1389.42 3490
537.38 1389.42 3490
531.43 1389.42 3490
525.481 1389.42 3490
519.531 1389.42 3490
513.582 1389.42 3490
507.632 1389.42 3490
501.682 1389.42 3490
495.733 1389.42 3490
488.801 1386.63 3483
482.863 1386.63 3483
476.926 1386.63 3483
470.041 1383.84 3476
464.116 1383.84 3476
457.136 1380.66 3468
451.223 1380.66 3468
443.514 1375.09 3454
436.739 1372.3 3447
429.112 1366.73 3433
423.26 1366.73 3433
415.705 1361.15 3419
409.038 1358.37 3412
404.048 1361.15 3419
398.22 1361.15 3419
392.391 1361.15 3419
382.606 1347.22 3384
376.837 1347.22 3384
371.068 1347.22 3384
365.299 1347.22 3384
358.786 1344.43 3377
351.566 1338.86 3363
345.833 1338.86 3363
-6.65684 179.151 450
-7.42398 179.151 450
-8.19112 179.151 450
-8.95825 179.151 450
-9.72539 179.151 450
-10.4459 178.355 448
-11.1846 177.957 447
-11.9466 177.957 447
-12.7086 177.957 447
-13.4405 177.559 446
-14.169 177.161 445
-14.8941 176.763 444
-15.651 176.763 444
-18.5103 175.17 440
-19.2604 175.17 440
-20.0105 175.17 440
-20.7606 175.17 440
-21.4618 174.772 439
-22.2102 174.772 439
-22.9063 174.374 438
-23.545 173.578 436
-24.1768 172.782 434
-24.8593 172.383 433
-25.5974 172.383 433
-26.0923 170.791 429
-26.636 169.597 426
-27.298 169.199 425
-27.9566 168.8 424
-28.6794 168.8 424
-29.3329 168.402 423
-29.9119 167.606 421
-30.5569 167.208 420
-31.2728 167.208 420
-31.9127 166.81 419
-32.5491 166.412 418
-33.2617 166.412 418
-33.9743 166.412 418
-34.6039 166.014 417
-35.2301 165.615 416
-35.7664 164.819 414
-36.4722 164.819 414
-37.178 164.819 414
-37.7922 164.421 413
-38.4031 164.023 412
-39.1054 164.023 412
-39.8078 164.023 412
-40.4118 163.625 411
-41.0125 163.227 410
-41.6097 162.829 409
-42.3069 162.829 409
-42.899 162.431 408
-43.4877 162.032 407
-44.073 161.634 406
-44.7651 161.634 406
-45.4572 161.634 406
-46.1494 161.634 406
-46.7261 161.236 405
-47.4165 161.236 405
-48.107 161.236 405
-48.7974 161.236 405
-49.3656 160.838 404
-50.0543 160.838 404
-50.743 160.838 404
-51.3045 160.44 403
-51.8625 160.042 402
-52.5478 160.042 402
-53.2331 160.042 402
-53.9184 160.042 402
-54.6037 160.042 402
-57.6931 157.255 395
-58.3665 157.255 395
-59.0399 157.255 395
-59.7133 157.255 395
-60.3866 157.255 395
-61.06 157.255 395
-61.7334 157.255 395
-62.4068 157.255 395
-63.2398 157.653 396
-63.9149 157.653 396
-64.59 157.653 396
-65.2651 157.653 396
-65.9401 157.653 396
-66.6152 157.653 396
-67.2903 157.653 396
-67.7938 157.255 395
-68.4671 157.255 395
-69.1405 157.255 395
-69.8139 157.255 395
-70.4873 157.255 395
-71.1606 157.255 395
-71.834 157.255 395
-72.3238 156.857 394
-73.1808 157.255 395
-74.0411 157.653 396
-74.7162 157.653 396
-75.3913 157.653 396
-76.2584 158.051 397
-77.3228 158.848 399
-78.003 158.848 399
-78.6832 158.848 399
-79.5623 159.246 400
-80.4448 159.644 401
-81.1284 159.644 401
-81.812 159.644 401
-82.7013 160.042 402
-83.3867 160.042 402
-84.072 160.042 402
-84.7573 160.042 402
-85.6551 160.44 403
-86.3421 160.44 403
-87.0291 160.44 403
-87.9338 160.838 404
-88.6225 160.838 404
-89.3113 160.838 404
-90 160.838 404
-90.6887 160.838 404
-91.3774 160.838 404
-92.0661 160.838 404
-92.7548 160.838 404
-101.923 169.199 425
-102.648 169.199 425
-103.616 169.597 426
-104.342 169.597 426
-105.068 169.597 426
-105.794 169.597 426
-106.771 169.995 427
-107.498 169.995 427
-108.226 169.995 427
-109.21 170.393 428
-109.939 170.393 428
-111.186 171.189 430
-111.919 171.189 430
-112.914 171.587 431
-113.649 171.587 431
-114.649 171.985 432
-115.652 172.383 433
-116.659 172.782 434
-117.399 172.782 434
-118.411 173.18 435
-119.153 173.18 435
-120.17 173.578 436
-120.913 173.578 436
-121.936 173.976 437
-122.961 174.374 438
-123.708 174.374 438
-124.739 174.772 439
-126.059 175.568 441
-126.811 175.568 441
-127.563 175.568 441
-128.605 175.966 442
-129.359 175.966 442
-130.407 176.365 443
-131.162 176.365 443
-131.917 176.365 443
-132.672 176.365 443
-133.427 176.365 443
-155.786 200.251 503
-156.644 200.251 503
-157.501 200.251 503
-158.359 200.251 503
-159.216 200.251 503
-160.074 200.251 503
-160.611 199.853 502
-161.467 199.853 502
-162.323 199.853 502
-163.504 200.251 503
-164.361 200.251 503
-165.219 200.251 503
-166.076 200.251 503
-166.934 200.251 503
-167.791 200.251 503
-940.619 1042.66 2619
-950.858 1049.03 2635
-955.35 1049.03 2635
-959.842 1049.03 2635
-958.478 1042.66 2619
-926.875 985.333 2475
-931.094 985.333 2475
-935.313 985.333 2475
-916.376 961.048 2414
-907.527 947.512 2380
-900.094 935.568 2350
-904.1 935.568 2350
-903.082 930.393 2337
-899.304 922.43 2317
-897.016 916.061 2301
-900.939 916.061 2301
-899.749 910.885 2288
-900.095 907.302 2279
-898.03 901.33 2264
-901.89 901.33 2264
-904.549 900.136 2261
-908.404 900.136 2261
-914.679 902.525 2267
-919.759 903.719 2270
-923.629 903.719 2270
-927.499 903.719 2270
-931.368 903.719 2270
-935.238 903.719 2270
-939.108 903.719 2270
-941.732 902.525 2267
-944.345 901.33 2264
-948.204 901.33 2264
-949.12 898.544 2257
-947.901 893.766 2245
-947.913 890.183 2236
-951.725 890.183 2236
-952.973 887.795 2230
-955.487 886.6 2227
-953.253 881.027 2213
-957.026 881.027 2213
-959.496 879.832 2210
-960.648 877.444 2204
-960.467 873.861 2195
-964.209 873.861 2195
-966.628 872.666 2192
-966.823 869.481 2184
-967.88 867.093 2178
-971.593 867.093 2178
-975.306 867.093 2178
-977.67 865.898 2175
-978.671 863.51 2169
-982.369 863.51 2169
-983.793 861.519 2164
-986.113 860.325 2161
-986.133 857.14 2153
-989.803 857.14 2153
-992.089 855.945 2150
-994.365 854.751 2147
-995.701 852.76 2142
-999.353 852.76 2142
-1001.6 851.566 2139
-1003.84 850.372 2136
-1005.12 848.381 2131
-1008.75 848.381 2131
-1009.53 845.993 2125
-1011.73 844.798 2122
-1015.34 844.798 2122
-1018.96 844.798 2122
-1021.62 844.002 2120
-1025.23 844.002 2120
-1027.39 842.808 2117
-1031 842.808 2117
-1030.7 839.623 2109
-1034.29 839.623 2109
-1036.41 838.428 2106
-1036.05 835.243 2098
-1039.63 835.243 2098
-1044.69 836.438 2101
-1048.28 836.438 2101
-1051.86 836.438 2101
-1055.44 836.438 2101
-1056.5 834.447 2096
-1058.56 833.253 2093
-1061.11 832.457 2091
-1064.67 832.457 2091
-1066.71 831.262 2088
-1070.27 831.262 2088
-1073.83 831.262 2088
1849.76 1609.02 4059
1842.84 1609.02 4059
1835.92 1609.02 4059
1838.01 1616.95 4079
1835.55 1620.91 4089
1828.57 1620.91 4089
1821.6 1620.91 4089
1814.63 1620.91 4089
1798.82 1612.98 4069
1791.88 1612.98 4069
1784.95 1612.98 4069
1786.75 1620.91 4089
1779.78 1620.91 4089
1772.81 1620.91 4089
1758.87 1620.91 4089
1751.9 1620.91 4089
1744.93 1620.91 4089
1737.96 1620.91 4089
1730.98 1620.91 4089
1724.01 1620.91 4089
1717.04 1620.91 4089
1710.07 1620.91 4089
1703.1 1620.91 4089
1687.84 1612.98 4069
1680.9 1612.98 4069
1673.96 1612.98 4069
1658.83 1605.06 4049
1656.01 1609.02 4059
1649.09 1609.02 4059
1642.17 1609.02 4059
1635.25 1609.02 4059
1628.33 1609.02 4059
1617.42 1605.06 4049
1610.51 1605.06 4049
1592.13 1593.56 4020
1570.29 1578.5 3982
1567.03 1582.06 3991
1567.66 1589.6 4010
1560.82 1589.6 4010
1557.86 1593.56 4020
1551.01 1593.56 4020
1544.15 1593.56 4020
1537.3 1593.56 4020
1530.45 1593.56 4020
1523.6 1593.56 4020
1516.74 1593.56 4020
1509.89 1593.56 4020
1499.3 1589.6 4010
1482.04 1578.5 3982
1475.25 1578.5 3982
1461.46 1570.97 3963
1437.45 1552.33 3916
1417.62 1538.06 3880
1411 1538.06 3880
1401.13 1534.5 3871
1394.53 1534.5 3871
1387.93 1534.5 3871
1381.34 1534.5 3871
1371.54 1530.93 3862
1358.59 1523.79 3844
1339.73 1509.92 3809
1333.24 1509.92 3809
1317.69 1499.61 3783
1308.12 1496.04 3774
1298.93 1492.87 3766
1292.51 1492.87 3766
1283.01 1489.31 3757
1273.89 1486.13 3749
1261.75 1479.39 3732
1255.39 1479.39 3732
1249.03 1479.39 3732
1248.33 1486.13 3749
1247.57 1492.87 3766
1241.15 1492.87 3766
1234.73 1492.87 3766
1228.31 1492.87 3766
1221.89 1492.87 3766
1215.47 1492.87 3766
1209.05 1492.87 3766
1202.63 1492.87 3766
1196.21 1492.87 3766
1189.79 1492.87 3766
1183.36 1492.87 3766
1176.94 1492.87 3766
1170.52 1492.87 3766
1164.1 1492.87 3766
1157.68 1492.87 3766
1151.26 1492.87 3766
1142.11 1489.31 3757
1135.7 1489.31 3757
1129.3 1489.31 3757
1122.89 1489.31 3757
1114.11 1486.13 3749
1107.72 1486.13 3749
1101.33 1486.13 3749
1089.97 1479.39 3732
1081.29 1476.22 3724
1074.94 1476.22 3724
1063.71 1469.48 3707
1057.39 1469.48 3707
1053.63 1473.05 3716
1047.29 1473.05 3716
1040.96 1473.05 3716
1034.62 1473.05 3716
1023.58 1466.31 3699
1017.28 1466.31 3699
1010.97 1466.31 3699
1004.67 1466.31 3699
996.2 1463.14 3691
989.908 1463.14 3691
983.616 1463.14 3691
977.324 1463.14 3691
971.032 1463.14 3691
964.739 1463.14 3691
956.37 1459.97 3683
950.091 1459.97 3683
939.712 1453.63 3667
933.461 1453.63 3667
927.21 1453.63 3667
920.959 1453.63 3667
914.707 1453.63 3667
908.456 1453.63 3667
899.99 1450.06 3658
893.754 1450.06 3658
883.636 1443.72 3642
873.814 1437.77 3627
867.631 1437.77 3627
861.448 1437.77 3627
855.264 1437.77 3627
849.081 1437.77 3627
842.898 1437.77 3627
836.715 1437.77 3627
828.7 1434.6 3619
820.712 1431.43 3611
816.361 1434.6 3619
810.192 1434.6 3619
805.8 1437.77 3627
799.616 1437.77 3627
793.433 1437.77 3627
787.25 1437.77 3627
781.067 1437.77 3627
774.884 1437.77 3627
768.701 1437.77 3627
762.518 1437.77 3627
754.666 1434.6 3619
746.842 1431.43 3611
742.327 1434.6 3619
736.158 1434.6 3619
729.988 1434.6 3619
725.419 1437.77 3627
719.236 1437.77 3627
713.053 1437.77 3627
706.87 1437.77 3627
702.232 1440.94 3635
696.035 1440.94 3635
689.839 1440.94 3635
683.642 1440.94 3635
674.463 1434.6 3619
668.294 1434.6 3619
659.197 1428.26 3603
650.336 1422.31 3588
642.783 1419.14 3580
636.68 1419.14 3580
629.168 1415.97 3572
621.857 1413.19 3565
614.398 1410.02 3557
608.334 1410.02 3557
602.27 1410.02 3557
594.866 1406.85 3549
588.816 1406.85 3549
582.765 1406.85 3549
576.715 1406.85 3549
569.54 1404.08 3542
561.115 1398.13 3527
555.102 1398.13 3527
548 1395.36 3520
538.458 1386.24 3497
531.43 1383.46 3490
525.481 1383.46 3490
519.531 1383.46 3490
513.582 1383.46 3490
507.632 1383.46 3490
501.682 1383.46 3490
495.733 1383.46 3490
488.801 1380.69 3483
482.863 1380.69 3483
476.926 1380.69 3483
470.041 1377.91 3476
464.116 1377.91 3476
457.136 1374.74 3468
451.223 1374.74 3468
443.514 1369.19 3454
436.739 1366.42 3447
429.112 1360.87 3433
423.26 1360.87 3433
415.705 1355.32 3419
409.038 1352.54 3412
404.048 1355.32 3419
398.22 1355.32 3419
392.391 1355.32 3419
382.606 1341.44 3384
376.837 1341.44 3384
371.068 1341.44 3384
365.299 1341.44 3384
358.786 1338.67 3377
351.566 1333.12 3363
345.833 1333.12 3363
-6.67164 178.78 451
-7.44048 178.78 451
-8.20932 178.78 451
-8.95825 178.384 450
-9.72539 178.384 450
-10.4459 177.591 448
-11.1846 177.194 447
-11.9466 177.194 447
-12.7086 177.194 447
-13.4405 176.798 446
-14.169 176.402 445
-14.8941 176.005 444
-15.651 176.005 444
-18.5103 174.42 440
-19.2604 174.42 440
-20.0105 174.42 440
-20.7606 174.42 440
-21.4618 174.023 439
-22.2102 174.023 439
-22.9063 173.627 438
-23.545 172.834 436
-24.1768 172.041 434
-24.8593 171.645 433
-25.5974 171.645 433
-26.0923 170.059 429
-26.636 168.87 426
-27.298 168.473 425
-27.9566 168.077 424
-28.6794 168.077 424
-29.3329 167.681 423
-29.9119 166.888 421
-30.5569 166.491 420
-31.2728 166.491 420
-31.9127 166.095 419
-32.5491 165.699 418
-33.2617 165.699 418
-33.9743 165.699 418
-34.6039 165.302 417
-35.2301 164.906 416
-35.7664 164.113 414
-36.4722 164.113 414
-37.178 164.113 414
-37.7922 163.717 413
-38.4031 163.32 412
-39.1054 163.32 412
-39.8078 163.32 412
-40.4118 162.924 411
-41.0125 162.527 410
-41.6097 162.131 409
-42.3069 162.131 409
-42.899 161.734 408
-43.4877 161.338 407
-44.073 160.942 406
-44.7651 160.942 406
-45.4572 160.942 406
-46.1494 160.942 406
-46.7261 160.545 405
-47.4165 160.545 405
-48.107 160.545 405
-48.7974 160.545 405
-49.3656 160.149 404
-50.0543 160.149 404
-50.743 160.149 404
-51.3045 159.752 403
-51.8625 159.356 402
-52.5478 159.356 402
-53.2331 159.356 402
-53.9184 159.356 402
-54.6037 159.356 402
-57.6931 156.581 395
-58.3665 156.581 395
-59.0399 156.581 395
-59.7133 156.581 395
-60.3866 156.581 395
-61.06 156.581 395
-61.7334 156.581 395
-62.4068 156.581 395
-63.2398 156.978 396
-63.9149 156.978 396
-64.59 156.978 396
-65.2651 156.978 396
-65.9401 156.978 396
-66.6152 156.978 396
-67.2903 156.978 396
-67.9654 156.978 396
-68.4671 156.581 395
-69.1405 156.581 395
-69.8139 156.581 395
-70.4873 156.581 395
-71.1606 156.581 395
-71.834 156.581 395
-72.5074 156.581 395
-73.1808 156.581 395
-74.0411 156.978 396
-74.7162 156.978 396
-75.3913 156.978 396
-76.2584 157.374 397
-77.3228 158.167 399
-78.003 158.167 399
-78.6832 158.167 399
-79.5623 158.563 400
-80.4448 158.96 401
-81.1284 158.96 401
-81.812 158.96 401
-82.7013 159.356 402
-83.3867 159.356 402
-84.072 159.356 402
-84.7573 159.356 402
-85.6551 159.752 403
-86.3421 159.752 403
-87.0291 159.752 403
-87.9338 160.149 404
-88.6225 160.149 404
-89.3113 160.149 404
-90 160.149 404
-90.6887 160.149 404
-91.3774 160.149 404
-92.0661 160.149 404
-92.7548 160.149 404
-101.923 168.473 425
-102.648 168.473 425
-103.616 168.87 426
-104.342 168.87 426
-105.068 168.87 426
-105.794 168.87 426
-106.771 169.266 427
-107.498 169.266 427
-108.226 169.266 427
-109.21 169.663 428
-109.939 169.663 428
-111.186 170.455 430
-111.919 170.455 430
-112.914 170.852 431
-113.649 170.852 431
-114.649 171.248 432
-115.652 171.645 433
-116.659 172.041 434
-117.399 172.041 434
-118.411 172.438 435
-119.153 172.438 435
-120.17 172.834 436
-120.913 172.834 436
-121.936 173.23 437
-122.961 173.627 438
-123.708 173.627 438
-124.739 174.023 439
-126.059 174.816 441
-127.098 175.212 442
-127.852 175.212 442
-128.605 175.212 442
-129.359 175.212 442
-130.407 175.609 443
-131.162 175.609 443
-131.917 175.609 443
-132.672 175.609 443
-133.427 175.609 443
-155.786 199.393 503
-156.644 199.393 503
-157.501 199.393 503
-158.359 199.393 503
-159.216 199.393 503
-160.074 199.393 503
-160.611 198.997 502
-161.467 198.997 502
-162.97 199.79 504
-163.829 199.79 504
-164.688 199.79 504
-165.547 199.79 504
-166.406 199.79 504
-167.266 199.79 504
-167.791 199.393 503
-940.619 1038.19 2619
-950.858 1044.54 2635
-955.35 1044.54 2635
-959.842 1044.54 2635
-958.478 1038.19 2619
-926.875 981.11 2475
-931.094 981.11 2475
-935.313 981.11 2475
-916.376 956.929 2414
-907.527 943.451 2380
-900.094 931.559 2350
-904.1 931.559 2350
-903.082 926.406 2337
-899.304 918.477 2317
-897.016 912.135 2301
-900.939 912.135 2301
-899.749 906.982 2288
-900.095 903.414 2279
-898.03 897.468 2264
-901.89 897.468 2264
-904.549 896.279 2261
-910.814 898.657 2267
-917.1 901.035 2273
-920.975 901.035 2273
-924.85 901.035 2273
-928.724 901.035 2273
-932.599 901.035 2273
-936.474 901.035 2273
-939.108 899.846 2270
-942.978 899.846 2270
-945.596 898.657 2267
-949.461 898.657 2267
-949.12 894.693 2257
-947.901 889.936 2245
-950.457 888.747 2242
-954.279 888.747 2242
-954.255 885.179 2233
-956.774 883.99 2230
-955.407 879.233 2218
-959.188 879.233 2218
-960.798 877.251 2213
-961.956 874.872 2207
-961.78 871.305 2198
-965.527 871.305 2198
-967.951 870.116 2195
-966.823 865.755 2184
-967.88 863.377 2178
-971.593 863.377 2178
-975.306 863.377 2178
-977.67 862.188 2175
-978.671 859.809 2169
-982.369 859.809 2169
-983.793 857.827 2164
-986.113 856.638 2161
-986.133 853.466 2153
-989.803 853.466 2153
-992.089 852.277 2150
-994.365 851.088 2147
-995.701 849.106 2142
-999.353 849.106 2142
-1001.6 847.917 2139
-1003.84 846.728 2136
-1005.12 844.746 2131
-1008.75 844.746 2131
-1010.96 843.556 2128
-1013.16 842.367 2125
-1015.34 841.178 2122
-1018.96 841.178 2122
-1022.58 841.178 2122
-1025.23 840.385 2120
-1028.84 840.385 2120
-1032.46 840.385 2120
-1030.7 836.025 2109
-1034.29 836.025 2109
-1036.41 834.835 2106
-1040 834.835 2106
-1039.63 831.664 2098
-1044.69 832.853 2101
-1048.28 832.853 2101
-1051.86 832.853 2101
-1055.44 832.853 2101
-1056.5 830.871 2096
-1058.56 829.682 2093
-1062.12 829.682 2093
-1064.67 828.889 2091
-1066.71 827.7 2088
-1070.27 827.7 2088
-1073.83 827.7 2088
1836.54 1590.65 4030
1829.67 1590.65 4030
1822.8 1590.65 4030
1819.99 1594.2 4039
1817.59 1598.15 4049
1810.69 1598.15 4049
1803.78 1598.15 4049
1796.88 1598.15 4049
1789.98 1598.15 4049
1791.88 1606.04 4069
1784.95 1606.04 4069
1782.38 1609.99 4079
1775.43 1609.99 4079
1768.47 1609.99 4079
1758.87 1613.94 4089
1751.9 1613.94 4089
1744.93 1613.94 4089
1737.96 1613.94 4089
1730.98 1613.94 4089
1724.01 1613.94 4089
1717.04 1613.94 4089
1710.07 1613.94 4089
1703.1 1613.94 4089
1687.84 1606.04 4069
1680.9 1606.04 4069
1673.96 1606.04 4069
1658.83 1598.15 4049
1656.01 1602.1 4059
1649.09 1602.1 4059
1642.17 1602.1 4059
1635.25 1602.1 4059
1628.33 1602.1 4059
1617.42 1598.15 4049
1610.51 1598.15 4049
1592.13 1586.7 4020
1570.29 1571.7 3982
1567.03 1575.26 3991
1567.66 1582.75 4010
1560.82 1582.75 4010
1557.86 1586.7 4020
1551.01 1586.7 4020
1544.15 1586.7 4020
1537.3 1586.7 4020
1530.45 1586.7 4020
1523.6 1586.7 4020
1516.74 1586.7 4020
1509.89 1586.7 4020
1499.3 1582.75 4010
1485.39 1575.26 3991
1478.59 1575.26 3991
1464.78 1567.76 3972
1437.45 1545.65 3916
1417.62 1531.44 3880
1411 1531.44 3880
1401.13 1527.89 3871
1394.53 1527.89 3871
1387.93 1527.89 3871
1381.34 1527.89 3871
1371.54 1524.34 3862
1364.96 1524.34 3862
1352.04 1517.23 3844
1345.49 1517.23 3844
1329.88 1506.97 3818
1320.25 1503.42 3809
1313.76 1503.42 3809
1307.26 1503.42 3809
1297.7 1499.87 3800
1291.22 1499.87 3800
1270.2 1482.9 3757
1263.8 1482.9 3757
1257.39 1482.9 3757
1256.65 1489.61 3774
1258.83 1499.87 3800
1258.28 1506.97 3818
1251.77 1506.97 3818
1245.27 1506.97 3818
1241.35 1510.13 3826
1234.83 1510.13 3826
1228.31 1510.13 3826
1216.36 1503.42 3809
1209.86 1503.42 3809
1203.37 1503.42 3809
1194.05 1499.87 3800
1185.07 1496.71 3792
1175.81 1493.16 3783
1169.36 1493.16 3783
1160.14 1489.61 3774
1153.71 1489.61 3774
1144.84 1486.45 3766
1138.42 1486.45 3766
1132 1486.45 3766
1127.98 1489.61 3774
1121.54 1489.61 3774
1115.11 1489.61 3774
1106.32 1486.45 3766
1094.94 1479.74 3749
1081.29 1469.87 3724
1074.94 1469.87 3724
1068.59 1469.87 3724
1064.53 1473.03 3732
1058.16 1473.03 3732
1051.8 1473.03 3732
1045.44 1473.03 3732
1039.08 1473.03 3732
1028.29 1466.71 3716
1021.95 1466.71 3716
1015.62 1466.71 3716
1004.67 1460 3699
996.2 1456.84 3691
989.908 1456.84 3691
983.616 1456.84 3691
977.324 1456.84 3691
971.032 1456.84 3691
964.739 1456.84 3691
956.37 1453.69 3683
950.091 1453.69 3683
939.712 1447.37 3667
933.461 1447.37 3667
927.21 1447.37 3667
920.959 1447.37 3667
914.707 1447.37 3667
908.456 1447.37 3667
899.99 1443.82 3658
893.754 1443.82 3658
883.636 1437.5 3642
873.814 1431.58 3627
867.631 1431.58 3627
861.448 1431.58 3627
855.264 1431.58 3627
849.081 1431.58 3627
842.898 1431.58 3627
836.715 1431.58 3627
830.532 1431.58 3627
824.349 1431.58 3627
818.166 1431.58 3627
811.983 1431.58 3627
807.577 1434.74 3635
801.38 1434.74 3635
796.715 1437.5 3642
790.506 1437.5 3642
784.297 1437.5 3642
778.089 1437.5 3642
771.88 1437.5 3642
764.2 1434.74 3635
756.335 1431.58 3627
748.497 1428.43 3619
743.968 1431.58 3627
737.785 1431.58 3627
731.602 1431.58 3627
725.419 1431.58 3627
720.822 1434.74 3635
714.626 1434.74 3635
709.793 1437.5 3642
703.584 1437.5 3642
697.376 1437.5 3642
691.167 1437.5 3642
684.958 1437.5 3642
677.445 1434.74 3635
671.248 1434.74 3635
662.124 1428.43 3619
653.055 1422.11 3603
645.476 1418.95 3595
639.347 1418.95 3595
631.986 1416.19 3588
624.474 1413.03 3580
616.989 1409.88 3572
610.9 1409.88 3572
604.81 1409.88 3572
597.548 1407.11 3565
591.47 1407.11 3565
585.393 1407.11 3565
578.015 1403.95 3557
570.665 1400.8 3549
563.501 1398.03 3542
557.463 1398.03 3542
549.09 1392.11 3527
538.458 1380.27 3497
532.496 1380.27 3497
526.535 1380.27 3497
520.573 1380.27 3497
513.582 1377.51 3490
507.632 1377.51 3490
501.682 1377.51 3490
495.733 1377.51 3490
488.801 1374.75 3483
482.863 1374.75 3483
476.926 1374.75 3483
470.041 1371.98 3476
464.116 1371.98 3476
457.136 1368.83 3468
451.223 1368.83 3468
445.311 1368.83 3468
437.626 1363.3 3454
431.737 1363.3 3454
425.849 1363.3 3454
417.408 1355.01 3433
410.716 1352.25 3426
404.876 1352.25 3426
399.035 1352.25 3426
393.195 1352.25 3426
387.354 1352.25 3426
376.837 1335.67 3384
371.068 1335.67 3384
365.299 1335.67 3384
358.786 1332.91 3377
351.566 1327.38 3363
345.833 1327.38 3363
-6.67164 178.011 451
-7.44048 178.011 451
-8.20932 178.011 451
-8.95825 177.616 450
-9.72539 177.616 450
-10.4459 176.826 448
-11.2096 176.826 448
-11.9466 176.432 447
-12.7086 176.432 447
-13.4405 176.037 446
-14.169 175.642 445
-14.8941 175.248 444
-15.651 175.248 444
-18.5103 173.669 440
-19.2604 173.669 440
-20.0105 173.669 440
-20.7606 173.669 440
-21.4618 173.274 439
-22.2102 173.274 439
-22.9063 172.879 438
-23.545 172.09 436
-24.1768 171.301 434
-24.8593 170.906 433
-25.5974 170.906 433
-26.0923 169.327 429
-26.636 168.143 426
-27.298 167.748 425
-27.9566 167.354 424
-28.6794 167.354 424
-29.2636 166.564 422
-29.8409 165.775 420
-30.4841 165.38 419
-31.1984 165.38 419
-31.9127 165.38 419
-32.5491 164.985 418
-33.1821 164.591 417
-33.893 164.591 417
-34.6039 164.591 417
-35.1454 163.801 415
-35.7664 163.407 414
-36.4722 163.407 414
-37.178 163.407 414
-37.7922 163.012 413
-38.4031 162.617 412
-39.1054 162.617 412
-39.8078 162.617 412
-40.4118 162.222 411
-41.0125 161.828 410
-41.6097 161.433 409
-42.3069 161.433 409
-42.899 161.038 408
-43.4877 160.644 407
-44.073 160.249 406
-44.7651 160.249 406
-45.4572 160.249 406
-46.1494 160.249 406
-46.7261 159.854 405
-47.4165 159.854 405
-48.107 159.854 405
-48.7974 159.854 405
-49.3656 159.46 404
-50.0543 159.46 404
-50.743 159.46 404
-51.4318 159.46 404
-51.8625 158.67 402
-52.5478 158.67 402
-53.2331 158.67 402
-53.9184 158.67 402
-54.6037 158.67 402
-58.3665 155.907 395
-59.0399 155.907 395
-59.7133 155.907 395
-60.3866 155.907 395
-61.06 155.907 395
-61.7334 155.907 395
-62.4068 155.907 395
-63.2398 156.302 396
-63.9149 156.302 396
-64.59 156.302 396
-65.2651 156.302 396
-65.9401 156.302 396
-66.6152 156.302 396
-67.2903 156.302 396
-67.9654 156.302 396
-68.4671 155.907 395
-69.1405 155.907 395
-69.8139 155.907 395
-70.4873 155.907 395
-71.1606 155.907 395
-71.834 155.907 395
-72.5074 155.907 395
-73.366 156.302 396
-74.0411 156.302 396
-74.9049 156.697 397
-75.5817 156.697 397
-76.2584 156.697 397
-77.3228 157.486 399
-78.003 157.486 399
-78.8804 157.881 400
-79.5623 157.881 400
-80.4448 158.275 401
-81.1284 158.275 401
-81.812 158.275 401
-82.7013 158.67 402
-83.3867 158.67 402
-84.072 158.67 402
-84.7573 158.67 402
-85.6551 159.065 403
-86.3421 159.065 403
-87.0291 159.065 403
-87.9338 159.46 404
-88.6225 159.46 404
-89.3113 159.46 404
-90 159.46 404
-90.6887 159.46 404
-91.3774 159.46 404
-92.0661 159.46 404
-92.7548 159.46 404
-101.923 167.748 425
-102.648 167.748 425
-103.372 167.748 425
-104.097 167.748 425
-105.068 168.143 426
-105.794 168.143 426
-106.771 168.538 427
-107.498 168.538 427
-108.226 168.538 427
-109.21 168.932 428
-109.939 168.932 428
-111.186 169.722 430
-111.919 169.722 430
-112.914 170.117 431
-113.649 170.117 431
-114.649 170.511 432
-115.652 170.906 433
-116.659 171.301 434
-117.399 171.301 434
-118.411 171.695 435
-119.427 172.09 436
-120.17 172.09 436
-120.913 172.09 436
-121.936 172.485 437
-122.961 172.879 438
-123.708 172.879 438
-124.739 173.274 439
-126.059 174.064 441
-127.098 174.458 442
-127.852 174.458 442
-128.605 174.458 442
-129.651 174.853 443
-130.407 174.853 443
-131.162 174.853 443
-131.917 174.853 443
-132.672 174.853 443
-133.427 174.853 443
-155.786 198.535 503
-156.644 198.535 503
-157.501 198.535 503
-158.359 198.535 503
-159.216 198.535 503
-160.074 198.535 503
-160.611 198.14 502
-161.467 198.14 502
-162.97 198.93 504
-163.829 198.93 504
-164.688 198.93 504
-165.547 198.93 504
-166.406 198.93 504
-167.266 198.93 504
-168.125 198.93 504
-940.619 1033.72 2619
-949.414 1038.46 2631
-953.899 1038.46 2631
-958.385 1038.46 2631
-958.478 1033.72 2619
-943.824 1013.2 2567
-948.2 1013.2 2567
-951.092 1011.62 2563
-953.97 1010.04 2559
-953.838 1005.31 2547
-958.18 1005.31 2547
-952.319 994.649 2520
-932.699 969.783 2457
-923.161 955.573 2421
-911.584 939.391 2380
-915.641 939.391 2380
-908.106 927.55 2350
-904.349 919.656 2330
-902.084 913.34 2314
-906.029 913.34 2314
-904.861 908.209 2301
-902.465 901.894 2285
-905.17 900.71 2282
-909.06 900.71 2282
-904.549 892.421 2261
-910.814 894.789 2267
-917.1 897.157 2273
-920.975 897.157 2273
-924.85 897.157 2273
-928.724 897.157 2273
-932.599 897.157 2273
-936.474 897.157 2273
-939.108 895.973 2270
-942.978 895.973 2270
-945.596 894.789 2267
-949.461 894.789 2267
-949.12 890.842 2257
-947.901 886.106 2245
-950.457 884.922 2242
-954.279 884.922 2242
-954.255 881.369 2233
-956.774 880.185 2230
-955.407 875.449 2218
-959.188 875.449 2218
-960.798 873.475 2213
-961.956 871.107 2207
-961.78 867.555 2198
-965.527 867.555 2198
-967.951 866.371 2195
-966.823 862.029 2184
-967.88 859.661 2178
-971.593 859.661 2178
-975.306 859.661 2178
-977.67 858.477 2175
-978.671 856.109 2169
-982.369 856.109 2169
-983.793 854.135 2164
-986.113 852.951 2161
-986.133 849.793 2153
-989.803 849.793 2153
-992.089 848.609 2150
-994.365 847.425 2147
-995.701 845.452 2142
-999.353 845.452 2142
-1001.6 844.267 2139
-1003.84 843.083 2136
-1005.12 841.11 2131
-1008.75 841.11 2131
-1010.96 839.926 2128
-1013.16 838.742 2125
-1015.34 837.558 2122
-1018.96 837.558 2122
-1022.58 837.558 2122
-1025.23 836.768 2120
-1028.84 836.768 2120
-1032.46 836.768 2120
-1030.7 832.426 2109
-1034.29 832.426 2109
-1036.41 831.242 2106
-1040 831.242 2106
-1041.11 829.269 2101
-1044.69 829.269 2101
-1048.28 829.269 2101
-1051.86 829.269 2101
-1055.44 829.269 2101
-1056.5 827.295 2096
-1058.56 826.111 2093
-1062.12 826.111 2093
-1064.67 825.322 2091
-1066.71 824.138 2088
-1068.73 822.954 2085
-1072.28 822.954 2085
1843.41 1583.77 4030
1836.54 1583.77 4030
1829.67 1583.77 4030
1822.8 1583.77 4030
1815.93 1583.77 4030
1813.1 1587.31 4039
1810.69 1591.24 4049
1803.78 1591.24 4049
1796.88 1591.24 4049
1789.98 1591.24 4049
1787.48 1595.17 4059
1780.56 1595.17 4059
1778.01 1599.1 4069
1771.07 1599.1 4069
1764.14 1599.1 4069
1758.87 1606.96 4089
1751.9 1606.96 4089
1744.93 1606.96 4089
1733.71 1603.03 4079
1726.75 1603.03 4079
1719.8 1603.03 4079
1717.04 1606.96 4089
1710.07 1606.96 4089
1703.1 1606.96 4089
1687.84 1599.1 4069
1680.9 1599.1 4069
1673.96 1599.1 4069
1662.93 1595.17 4059
1664.17 1603.03 4079
1657.21 1603.03 4079
1650.26 1603.03 4079
1639.28 1599.1 4069
1632.34 1599.1 4069
1625.41 1599.1 4069
1610.51 1591.24 4049
1588.17 1575.91 4010
1566.34 1560.98 3972
1567.03 1568.45 3991
1564.14 1572.38 4001
1557.32 1572.38 4001
1557.86 1579.84 4020
1551.01 1579.84 4020
1544.15 1579.84 4020
1533.48 1575.91 4010
1526.64 1575.91 4010
1523.6 1579.84 4020
1516.74 1579.84 4020
1509.89 1579.84 4020
1499.3 1575.91 4010
1485.39 1568.45 3991
1478.59 1568.45 3991
1464.78 1560.98 3972
1437.45 1538.97 3916
1414.33 1521.29 3871
1407.73 1521.29 3871
1401.13 1521.29 3871
1394.53 1521.29 3871
1387.93 1521.29 3871
1381.34 1521.29 3871
1371.54 1517.75 3862
1364.96 1517.75 3862
1355.21 1514.21 3853
1348.64 1514.21 3853
1332.67 1503.6 3826
1323.37 1500.46 3818
1316.86 1500.46 3818
1310.35 1500.46 3818
1303.84 1500.46 3818
1291.22 1493.38 3800
1278.99 1486.7 3783
1272.54 1486.7 3783
1266.1 1486.7 3783
1265.31 1493.38 3800
1264.79 1500.46 3818
1266.85 1510.68 3844
1260.3 1510.68 3844
1253.75 1510.68 3844
1247.19 1510.68 3844
1240.64 1510.68 3844
1234.09 1510.68 3844
1230.41 1514.21 3853
1223.84 1514.21 3853
1217.27 1514.21 3853
1205.05 1507.14 3835
1198.51 1507.14 3835
1191.97 1507.14 3835
1185.43 1507.14 3835
1173.67 1500.46 3818
1164.41 1496.92 3809
1157.92 1496.92 3809
1151.42 1496.92 3809
1144.93 1496.92 3809
1135.75 1493.38 3800
1129.27 1493.38 3800
1122.79 1493.38 3800
1116.31 1493.38 3800
1104.87 1486.7 3783
1090.87 1476.49 3757
1084.47 1476.49 3757
1075.77 1473.34 3749
1064.53 1466.66 3732
1062.98 1473.34 3749
1056.59 1473.34 3749
1050.2 1473.34 3749
1043.81 1473.34 3749
1037.42 1473.34 3749
1031.03 1473.34 3749
1022.18 1469.8 3740
1009.28 1460.37 3716
1002.95 1460.37 3716
996.613 1460.37 3716
990.278 1460.37 3716
983.943 1460.37 3716
977.609 1460.37 3716
971.274 1460.37 3716
962.602 1456.84 3707
954.219 1453.69 3699
945.863 1450.55 3691
939.57 1450.55 3691
931.255 1447.4 3683
924.977 1447.4 3683
918.698 1447.4 3683
912.42 1447.4 3683
904.173 1444.26 3675
897.908 1444.26 3675
887.518 1437.58 3658
881.282 1437.58 3658
871.219 1431.29 3642
863.348 1428.54 3635
858.802 1431.29 3642
852.593 1431.29 3642
846.384 1431.29 3642
840.175 1431.29 3642
830.532 1425.4 3627
824.349 1425.4 3627
818.166 1425.4 3627
811.983 1425.4 3627
807.577 1428.54 3635
801.38 1428.54 3635
796.715 1431.29 3642
790.506 1431.29 3642
784.297 1431.29 3642
778.089 1431.29 3642
771.88 1431.29 3642
764.2 1428.54 3635
756.335 1425.4 3627
748.497 1422.25 3619
743.968 1425.4 3627
737.785 1425.4 3627
731.602 1425.4 3627
725.419 1425.4 3627
720.822 1428.54 3635
714.626 1428.54 3635
709.793 1431.29 3642
703.584 1431.29 3642
700.439 1437.58 3658
694.203 1437.58 3658
687.967 1437.58 3658
680.24 1434.43 3650
674.018 1434.43 3650
663.588 1425.4 3627
655.955 1422.25 3619
646.912 1415.96 3603
640.77 1415.96 3603
633.219 1412.82 3595
625.869 1410.07 3588
618.371 1406.93 3580
612.268 1406.93 3580
606.165 1406.93 3580
598.721 1403.78 3572
592.632 1403.78 3572
586.542 1403.78 3572
579.315 1401.03 3565
571.951 1397.89 3557
563.501 1391.99 3542
557.463 1391.99 3542
549.09 1386.1 3527
538.458 1374.31 3497
532.496 1374.31 3497
526.535 1374.31 3497
520.573 1374.31 3497
513.582 1371.56 3490
507.632 1371.56 3490
501.682 1371.56 3490
495.733 1371.56 3490
489.783 1371.56 3490
482.863 1368.8 3483
476.926 1368.8 3483
470.988 1368.8 3483
465.05 1368.8 3483
459.113 1368.8 3483
453.175 1368.8 3483
445.311 1362.91 3468
438.512 1360.16 3461
431.737 1357.41 3454
425.849 1357.41 3454
419.961 1357.41 3454
412.394 1351.91 3440
406.53 1351.91 3440
400.666 1351.91 3440
393.998 1349.15 3433
387.354 1346.4 3426
377.616 1332.65 3391
371.835 1332.65 3391
365.299 1329.9 3384
358.786 1327.15 3377
351.566 1321.65 3363
345.833 1321.65 3363
-6.67164 177.241 451
-7.44048 177.241 451
-8.20932 177.241 451
-8.95825 176.848 450
-9.72539 176.848 450
-10.4459 176.062 448
-11.2096 176.062 448
-11.9466 175.669 447
-12.7086 175.669 447
-13.4405 175.276 446
-14.2008 175.276 446
-14.9276 174.883 445
-15.6862 174.883 445
-18.5524 173.311 441
-19.3042 173.311 441
-20.056 173.311 441
-20.7606 172.918 440
-21.4618 172.525 439
-22.2102 172.525 439
-22.9063 172.132 438
-23.545 171.346 436
-24.1211 170.167 433
-24.8018 169.774 432
-25.5383 169.774 432
-26.0315 168.202 428
-26.636 167.416 426
-27.2338 166.63 424
-27.9566 166.63 424
-28.6794 166.63 424
-29.2636 165.844 422
-29.8409 165.058 420
-30.4841 164.665 419
-31.1984 164.665 419
-31.9127 164.665 419
-32.5491 164.272 418
-33.1821 163.879 417
-33.893 163.879 417
-34.6039 163.879 417
-35.1454 163.093 415
-35.7664 162.7 414
-36.4722 162.7 414
-37.178 162.7 414
-37.7922 162.307 413
-38.4031 161.914 412
-39.1054 161.914 412
-39.8078 161.914 412
-40.4118 161.521 411
-40.9124 160.735 409
-41.5079 160.342 408
-42.2035 160.342 408
-42.899 160.342 408
-43.4877 159.949 407
-44.073 159.556 406
-44.7651 159.556 406
-45.4572 159.556 406
-46.1494 159.556 406
-46.7261 159.163 405
-47.4165 159.163 405
-48.107 159.163 405
-48.7974 159.163 405
-49.3656 158.77 404
-50.0543 158.77 404
-50.743 158.77 404
-51.4318 158.77 404
-51.8625 157.984 402
-52.5478 157.984 402
-53.2331 157.984 402
-53.9184 157.984 402
-54.6037 157.984 402
-58.3665 155.233 395
-59.0399 155.233 395
-59.7133 155.233 395
-60.3866 155.233 395
-61.06 155.233 395
-61.7334 155.233 395
-62.4068 155.233 395
-63.2398 155.626 396
-63.9149 155.626 396
-64.59 155.626 396
-65.2651 155.626 396
-65.9401 155.626 396
-66.6152 155.626 396
-67.2903 155.626 396
-67.9654 155.626 396
-68.4671 155.233 395
-69.1405 155.233 395
-69.8139 155.233 395
-70.4873 155.233 395
-71.1606 155.233 395
-71.834 155.233 395
-72.5074 155.233 395
-73.366 155.626 396
-74.2281 156.019 397
-74.9049 156.019 397
-75.5817 156.019 397
-76.4505 156.412 398
-77.3228 156.805 399
-78.003 156.805 399
-78.8804 157.198 400
-79.7612 157.591 401
-80.4448 157.591 401
-81.1284 157.591 401
-81.812 157.591 401
-82.7013 157.984 402
-83.3867 157.984 402
-84.072 157.984 402
-84.9681 158.377 403
-85.6551 158.377 403
-86.3421 158.377 403
-87.2451 158.77 404
-87.9338 158.77 404
-88.6225 158.77 404
-89.3113 158.77 404
-90 158.77 404
-90.9132 159.163 405
-91.6036 159.163 405
-92.294 159.163 405
-92.9844 159.163 405
-100.711 167.416 426
-101.437 167.416 426
-102.163 167.416 426
-102.648 167.023 425
-103.372 167.023 425
-104.097 167.023 425
-105.068 167.416 426
-105.794 167.416 426
-106.771 167.809 427
-107.498 167.809 427
-108.226 167.809 427
-109.21 168.202 428
-109.939 168.202 428
-110.927 168.595 429
-112.179 169.381 431
-113.176 169.774 432
-113.912 169.774 432
-114.914 170.167 433
-115.652 170.167 433
-116.659 170.56 434
-117.399 170.56 434
-118.411 170.953 435
-119.427 171.346 436
-120.17 171.346 436
-120.913 171.346 436
-121.936 171.739 437
-122.961 172.132 438
-123.708 172.132 438
-124.739 172.525 439
-126.059 173.311 441
-127.098 173.704 442
-127.852 173.704 442
-128.605 173.704 442
-129.651 174.097 443
-130.407 174.097 443
-131.162 174.097 443
-131.917 174.097 443
-132.672 174.097 443
-133.427 174.097 443
-155.786 197.677 503
-156.644 197.677 503
-157.501 197.677 503
-158.359 197.677 503
-159.216 197.677 503
-160.074 197.677 503
-160.611 197.284 502
-161.467 197.284 502
-162.97 198.07 504
-163.829 198.07 504
-164.688 198.07 504
-165.547 198.07 504
-166.406 198.07 504
-167.266 198.07 504
-168.125 198.07 504
-940.619 1029.26 2619
-949.414 1033.97 2631
-953.899 1033.97 2631
-958.385 1033.97 2631
-958.478 1029.26 2619
-943.824 1008.82 2567
-948.2 1008.82 2567
-951.092 1007.25 2563
-953.97 1005.68 2559
-956.834 1004.1 2555
-961.19 1004.1 2555
-955.342 993.493 2528
-949.402 982.883 2501
-925.83 954.194 2428
-923.458 947.513 2411
-927.568 947.513 2411
-908.106 923.54 2350
-904.349 915.68 2330
-904.423 911.75 2320
-908.378 911.75 2320
-906.041 905.462 2304
-906.414 901.925 2295
-906.36 897.995 2285
-910.255 897.995 2285
-910.55 894.459 2276
-914.43 894.459 2276
-918.31 894.459 2276
-922.19 894.459 2276
-926.07 894.459 2276
-929.95 894.459 2276
-932.599 893.28 2273
-936.474 893.28 2273
-940.349 893.28 2273
-942.978 892.101 2270
-945.596 890.922 2267
-949.461 890.922 2267
-952.064 889.743 2264
-950.435 884.634 2251
-951.728 882.276 2245
-955.556 882.276 2245
-956.819 879.918 2239
-958.061 877.56 2233
-956.699 872.844 2221
-960.485 872.844 2221
-961.666 870.486 2215
-963.263 868.521 2210
-963.093 864.984 2201
-966.845 864.984 2201
-967.951 862.626 2195
-967.709 859.089 2186
-967.88 855.945 2178
-971.593 855.945 2178
-973.963 854.766 2175
-977.67 854.766 2175
-977.769 851.622 2167
-981.463 851.622 2167
-983.793 850.443 2164
-984.744 848.085 2158
-986.133 846.12 2153
-989.803 846.12 2153
-990.705 843.762 2147
-992.976 842.583 2144
-995.701 841.797 2142
-999.353 841.797 2142
-1001.6 840.618 2139
-1003.84 839.439 2136
-1005.12 837.474 2131
-1008.75 837.474 2131
-1010.96 836.295 2128
-1013.16 835.116 2125
-1015.34 833.937 2122
-1018.96 833.937 2122
-1022.58 833.937 2122
-1025.23 833.151 2120
-1028.84 833.151 2120
-1032.46 833.151 2120
-1030.7 828.828 2109
-1034.29 828.828 2109
-1037.89 828.828 2109
-1041.48 828.828 2109
-1041.11 825.684 2101
-1044.69 825.684 2101
-1048.28 825.684 2101
-1051.86 825.684 2101
-1055.44 825.684 2101
-1056.5 823.719 2096
-1058.56 822.54 2093
-1062.12 822.54 2093
-1064.67 821.754 2091
-1066.71 820.575 2088
-1068.73 819.396 2085
-1072.28 819.396 2085
1843.41 1576.9 4030
1836.54 1576.9 4030
1829.67 1576.9 4030
1822.8 1576.9 4030
1815.93 1576.9 4030
1813.1 1580.42 4039
1810.69 1584.33 4049
1803.78 1584.33 4049
1796.88 1584.33 4049
1789.98 1584.33 4049
1791.88 1592.16 4069
1784.95 1592.16 4069
1778.01 1592.16 4069
1771.07 1592.16 4069
1764.14 1592.16 4069
1747.61 1596.07 4079
1740.66 1596.07 4079
1733.71 1596.07 4079
1726.75 1596.07 4079
1719.8 1596.07 4079
1712.84 1596.07 4079
1701.71 1592.16 4069
1686.44 1584.33 4049
1687.84 1592.16 4069
1680.9 1592.16 4069
1673.96 1592.16 4069
1671.12 1596.07 4079
1664.17 1596.07 4079
1657.21 1596.07 4079
1650.26 1596.07 4079
1643.31 1596.07 4079
1632.34 1592.16 4069
1625.41 1592.16 4069
1614.49 1588.24 4059
1596.09 1576.9 4030
1573.84 1561.64 3991
1570.96 1565.55 4001
1564.14 1565.55 4001
1557.32 1565.55 4001
1557.86 1572.98 4020
1551.01 1572.98 4020
1544.15 1572.98 4020
1533.48 1569.07 4010
1526.64 1569.07 4010
1523.6 1572.98 4020
1516.74 1572.98 4020
1509.89 1572.98 4020
1503.04 1572.98 4020
1492.46 1569.07 4010
1485.62 1569.07 4010
1468.46 1558.12 3982
1437.45 1532.29 3916
1414.33 1514.68 3871
1407.73 1514.68 3871
1401.13 1514.68 3871
1394.53 1514.68 3871
1387.93 1514.68 3871
1381.34 1514.68 3871
1371.54 1511.16 3862
1364.96 1511.16 3862
1355.21 1507.64 3853
1348.64 1507.64 3853
1332.67 1497.07 3826
1323.37 1493.94 3818
1316.86 1493.94 3818
1310.35 1493.94 3818
1303.84 1493.94 3818
1291.22 1486.9 3800
1278.99 1480.25 3783
1272.54 1480.25 3783
1266.1 1480.25 3783
1265.31 1486.9 3800
1264.79 1493.94 3818
1266.85 1504.12 3844
1260.3 1504.12 3844
1253.75 1504.12 3844
1247.19 1504.12 3844
1240.64 1504.12 3844
1234.09 1504.12 3844
1230.41 1507.64 3853
1223.84 1507.64 3853
1217.27 1507.64 3853
1210.7 1507.64 3853
1204.13 1507.64 3853
1203.16 1514.68 3871
1196.56 1514.68 3871
1189.96 1514.68 3871
1183.36 1514.68 3871
1176.76 1514.68 3871
1170.16 1514.68 3871
1163.57 1514.68 3871
1148.9 1504.12 3844
1139.67 1500.6 3835
1133.13 1500.6 3835
1123.95 1497.07 3826
1109.83 1486.9 3800
1095.81 1476.73 3774
1089.37 1476.73 3774
1078.06 1470.08 3757
1071.66 1470.08 3757
1070.07 1476.73 3774
1063.64 1476.73 3774
1057.2 1476.73 3774
1053.28 1480.25 3783
1046.83 1480.25 3783
1040.38 1480.25 3783
1024.64 1466.95 3749
1015.8 1463.42 3740
1005.11 1457.16 3724
998.759 1457.16 3724
992.41 1457.16 3724
986.062 1457.16 3724
977.609 1454.03 3716
971.274 1454.03 3716
964.939 1454.03 3716
958.604 1454.03 3716
952.269 1454.03 3716
945.934 1454.03 3716
937.324 1450.51 3707
931.004 1450.51 3707
924.685 1450.51 3707
918.365 1450.51 3707
910.078 1447.38 3699
901.817 1444.25 3691
891.643 1437.99 3675
885.378 1437.99 3675
875.046 1431.34 3658
868.81 1431.34 3658
862.574 1431.34 3658
856.339 1431.34 3658
850.103 1431.34 3658
842.021 1428.21 3650
833.967 1425.08 3642
827.758 1425.08 3642
819.97 1422.34 3635
813.774 1422.34 3635
807.577 1422.34 3635
801.38 1422.34 3635
796.715 1425.08 3642
790.506 1425.08 3642
784.297 1425.08 3642
778.089 1425.08 3642
771.88 1425.08 3642
765.671 1425.08 3642
758.003 1422.34 3635
751.806 1422.34 3635
745.609 1422.34 3635
739.413 1422.34 3635
734.628 1425.08 3642
728.419 1425.08 3642
723.797 1428.21 3650
717.574 1428.21 3650
712.911 1431.34 3658
706.675 1431.34 3658
700.439 1431.34 3658
694.203 1431.34 3658
687.967 1431.34 3658
680.24 1428.21 3650
674.018 1428.21 3650
663.588 1419.21 3627
655.955 1416.08 3619
646.912 1409.82 3603
640.77 1409.82 3603
633.219 1406.69 3595
625.869 1403.95 3588
618.371 1400.82 3580
612.268 1400.82 3580
606.165 1400.82 3580
598.721 1397.69 3572
592.632 1397.69 3572
586.542 1397.69 3572
579.315 1394.95 3565
571.951 1391.82 3557
563.501 1385.95 3542
557.463 1385.95 3542
549.09 1380.08 3527
538.458 1368.34 3497
532.496 1368.34 3497
527.739 1371.47 3505
521.764 1371.47 3505
515.789 1371.47 3505
509.814 1371.47 3505
503.839 1371.47 3505
497.864 1371.47 3505
490.766 1368.34 3497
484.804 1368.34 3497
478.843 1368.34 3497
472.881 1368.34 3497
465.985 1365.6 3490
459.113 1362.86 3483
453.175 1362.86 3483
447.237 1362.86 3483
439.399 1356.99 3468
433.487 1356.99 3468
427.575 1356.99 3468
419.961 1351.51 3454
414.073 1351.51 3454
408.185 1351.51 3454
402.296 1351.51 3454
394.801 1346.04 3440
387.354 1340.56 3426
377.616 1326.86 3391
371.835 1326.86 3391
365.299 1324.12 3384
358.786 1321.39 3377
351.566 1315.91 3363
345.833 1315.91 3363
-6.65684 176.08 450
-7.42398 176.08 450
-8.19112 176.08 450
-8.95825 176.08 450
-9.72539 176.08 450
-10.4459 175.298 448
-11.2096 175.298 448
-11.9466 174.907 447
-12.7086 174.907 447
-13.4405 174.515 446
-14.2008 174.515 446
-14.9276 174.124 445
-15.6862 174.124 445
-18.5524 172.559 441
-19.3042 172.559 441
-20.056 172.559 441
-20.7606 172.167 440
-21.5107 172.167 440
-22.2608 172.167 440
-22.9063 171.385 438
-23.545 170.602 436
-24.1211 169.428 433
-24.8593 169.428 433
-25.5974 169.428 433
-26.0315 167.472 428
-26.636 166.689 426
-27.2338 165.907 424
-27.9566 165.907 424
-28.6118 165.516 423
-29.1942 164.733 421
-29.8409 164.342 420
-30.4841 163.95 419
-31.1984 163.95 419
-31.9127 163.95 419
-32.5491 163.559 418
-33.1821 163.168 417
-33.893 163.168 417
-34.6039 163.168 417
-35.1454 162.385 415
-35.7664 161.994 414
-36.4722 161.994 414
-37.178 161.994 414
-37.7922 161.603 413
-38.4031 161.211 412
-39.1054 161.211 412
-39.8078 161.211 412
-40.4118 160.82 411
-40.9124 160.037 409
-41.5079 159.646 408
-42.2035 159.646 408
-42.899 159.646 408
-43.4877 159.255 407
-44.073 158.864 406
-44.7651 158.864 406
-45.4572 158.864 406
-46.1494 158.864 406
-46.7261 158.472 405
-47.4165 158.472 405
-48.107 158.472 405
-48.7974 158.472 405
-49.3656 158.081 404
-50.0543 158.081 404
-50.743 158.081 404
-51.4318 158.081 404
-51.8625 157.298 402
-52.5478 157.298 402
-53.2331 157.298 402
-53.9184 157.298 402
-54.6037 157.298 402
-58.3665 154.559 395
-59.0399 154.559 395
-59.7133 154.559 395
-60.3866 154.559 395
-61.06 154.559 395
-61.7334 154.559 395
-62.4068 154.559 395
-63.2398 154.951 396
-63.9149 154.951 396
-64.59 154.951 396
-65.2651 154.951 396
-65.9401 154.951 396
-66.6152 154.951 396
-67.2903 154.951 396
-67.9654 154.951 396
-68.4671 154.559 395
-69.1405 154.559 395
-69.8139 154.559 395
-70.4873 154.559 395
-71.1606 154.559 395
-71.834 154.559 395
-72.5074 154.559 395
-73.366 154.951 396
-74.2281 155.342 397
-74.9049 155.342 397
-75.772 155.733 398
-76.6426 156.125 399
-77.5166 156.516 400
-78.1985 156.516 400
-78.8804 156.516 400
-79.7612 156.907 401
-80.4448 156.907 401
-81.1284 156.907 401
-82.016 157.298 402
-82.7013 157.298 402
-83.5941 157.69 403
-84.2811 157.69 403
-84.9681 157.69 403
-85.8677 158.081 404
-86.5564 158.081 404
-87.2451 158.081 404
-87.9338 158.081 404
-88.8419 158.472 405
-89.5323 158.472 405
-90.2227 158.472 405
-90.9132 158.472 405
-91.6036 158.472 405
-92.294 158.472 405
-92.9844 158.472 405
-100.711 166.689 426
-101.437 166.689 426
-102.163 166.689 426
-102.889 166.689 426
-103.616 166.689 426
-104.097 166.298 425
-105.068 166.689 426
-105.794 166.689 426
-106.771 167.081 427
-107.498 167.081 427
-108.226 167.081 427
-109.21 167.472 428
-109.939 167.472 428
-110.927 167.863 429
-112.179 168.646 431
-113.176 169.037 432
-113.912 169.037 432
-114.914 169.428 433
-115.92 169.82 434
-116.928 170.211 435
-117.67 170.211 435
-118.411 170.211 435
-119.427 170.602 436
-120.17 170.602 436
-121.191 170.994 437
-122.215 171.385 438
-123.242 171.776 439
-123.99 171.776 439
-125.023 172.167 440
-126.345 172.95 442
-127.098 172.95 442
-127.852 172.95 442
-128.896 173.341 443
-129.651 173.341 443
-130.407 173.341 443
-131.162 173.341 443
-132.215 173.733 444
-132.972 173.733 444
-133.729 173.733 444
-134.486 173.733 444
-155.786 196.819 503
-156.644 196.819 503
-157.501 196.819 503
-158.359 196.819 503
-158.9 196.427 502
-159.756 196.427 502
-160.611 196.427 502
-161.467 196.427 502
-162.97 197.21 504
-163.829 197.21 504
-164.688 197.21 504
-165.547 197.21 504
-166.406 197.21 504
-167.266 197.21 504
-168.125 197.21 504
-940.619 1024.79 2619
-949.414 1029.48 2631
-953.899 1029.48 2631
-958.385 1029.48 2631
-958.478 1024.79 2619
-943.824 1004.44 2567
-948.2 1004.44 2567
-951.092 1002.88 2563
-953.97 1001.31 2559
-956.834 999.745 2555
-961.19 999.745 2555
-955.342 989.18 2528
-949.402 978.616 2501
-925.83 950.052 2428
-923.458 943.399 2411
-927.568 943.399 2411
-908.106 919.531 2350
-904.349 911.705 2330
-904.423 907.792 2320
-908.378 907.792 2320
-908.794 904.271 2311
-908.784 900.358 2301
-906.36 894.097 2285
-910.255 894.097 2285
-912.951 892.923 2282
-914.43 890.575 2276
-918.31 890.575 2276
-922.19 890.575 2276
-926.07 890.575 2276
-929.95 890.575 2276
-932.599 889.402 2273
-936.474 889.402 2273
-940.349 889.402 2273
-942.978 888.228 2270
-945.596 887.054 2267
-949.461 887.054 2267
-952.064 885.88 2264
-951.701 881.967 2254
-951.728 878.445 2245
-955.556 878.445 2245
-958.101 877.272 2242
-958.061 873.75 2233
-956.699 869.055 2221
-960.485 869.055 2221
-961.666 866.707 2215
-963.263 864.75 2210
-963.093 861.229 2201
-966.845 861.229 2201
-967.951 858.881 2195
-967.709 855.359 2186
-967.88 852.229 2178
-971.593 852.229 2178
-973.963 851.055 2175
-976.322 849.881 2172
-977.769 847.925 2167
-981.463 847.925 2167
-983.793 846.751 2164
-984.744 844.403 2158
-986.133 842.447 2153
-989.803 842.447 2153
-990.705 840.099 2147
-992.976 838.925 2144
-996.631 838.925 2144
-1000.29 838.925 2144
-1003 838.143 2142
-1003.84 835.795 2136
-1005.12 833.838 2131
-1008.75 833.838 2131
-1012.38 833.838 2131
-1014.59 832.665 2128
-1016.78 831.491 2125
-1020.4 831.491 2125
-1022.58 830.317 2122
-1025.23 829.534 2120
-1028.84 829.534 2120
-1032.46 829.534 2120
-1030.7 825.23 2109
-1034.29 825.23 2109
-1037.89 825.23 2109
-1041.48 825.23 2109
-1041.11 822.1 2101
-1044.69 822.1 2101
-1048.28 822.1 2101
-1051.86 822.1 2101
-1055.44 822.1 2101
-1054.99 818.969 2093
-1057.54 818.187 2091
-1061.11 818.187 2091
-1063.15 817.013 2088
-1066.71 817.013 2088
-1068.73 815.839 2085
-1072.28 815.839 2085
1843.41 1570.02 4030
1836.54 1570.02 4030
1829.67 1570.02 4030
1805.16 1554.83 3991
1794.3 1551.32 3982
1787.51 1551.32 3982
1793.25 1562.23 4010
1786.41 1562.23 4010
1784.01 1566.13 4020
1798.82 1585.22 4069
1800.69 1593.01 4089
1793.72 1593.01 4089
1786.75 1593.01 4089
1771.07 1585.22 4069
1764.14 1585.22 4069
1747.61 1589.11 4079
1740.66 1589.11 4079
1733.71 1589.11 4079
1726.75 1589.11 4079
1719.8 1589.11 4079
1712.84 1589.11 4079
1701.71 1585.22 4069
1686.44 1577.42 4049
1687.84 1585.22 4069
1680.9 1585.22 4069
1673.96 1585.22 4069
1671.12 1589.11 4079
1668.25 1593.01 4089
1661.28 1593.01 4089
1654.31 1593.01 4089
1647.34 1593.01 4089
1636.35 1589.11 4079
1629.4 1589.11 4079
1618.47 1585.22 4069
1596.09 1570.02 4030
1577.78 1558.72 4001
1574.49 1562.23 4010
1567.66 1562.23 4010
1560.82 1562.23 4010
1557.86 1566.13 4020
1551.01 1566.13 4020
1544.15 1566.13 4020
1537.3 1566.13 4020
1530.45 1566.13 4020
1527.39 1570.02 4030
1520.51 1570.02 4030
1513.64 1570.02 4030
1506.77 1570.02 4030
1499.9 1570.02 4030
1493.03 1570.02 4030
1478.79 1562.23 4010
1468.65 1558.72 4001
1411.04 1504.57 3862
1404.46 1504.57 3862
1397.88 1504.57 3862
1391.29 1504.57 3862
1384.71 1504.57 3862
1378.12 1504.57 3862
1371.54 1504.57 3862
1364.96 1504.57 3862
1355.21 1501.07 3853
1348.64 1501.07 3853
1342.07 1501.07 3853
1326.14 1490.55 3826
1319.62 1490.55 3826
1313.1 1490.55 3826
1306.58 1490.55 3826
1297.34 1487.43 3818
1284.74 1480.42 3800
1278.26 1480.42 3800
1266.1 1473.79 3783
1268.3 1483.92 3809
1273.41 1497.56 3844
1272.78 1504.57 3862
1266.2 1504.57 3862
1259.62 1504.57 3862
1255.95 1508.08 3871
1249.35 1508.08 3871
1242.75 1508.08 3871
1239.03 1511.58 3880
1232.42 1511.58 3880
1225.8 1511.58 3880
1210.7 1501.07 3853
1204.13 1501.07 3853
1203.16 1508.08 3871
1196.56 1508.08 3871
1189.96 1508.08 3871
1183.36 1508.08 3871
1176.76 1508.08 3871
1170.16 1508.08 3871
1163.57 1508.08 3871
1148.9 1497.56 3844
1139.67 1494.05 3835
1133.13 1494.05 3835
1123.95 1490.55 3826
1109.83 1480.42 3800
1095.81 1470.29 3774
1089.37 1470.29 3774
1078.06 1463.67 3757
1071.66 1463.67 3757
1070.07 1470.29 3774
1063.64 1470.29 3774
1057.2 1470.29 3774
1053.28 1473.79 3783
1046.83 1473.79 3783
1040.38 1473.79 3783
1024.64 1460.55 3749
1018.25 1460.55 3749
1011.85 1460.55 3749
1005.46 1460.55 3749
999.073 1460.55 3749
992.681 1460.55 3749
986.29 1460.55 3749
979.899 1460.55 3749
973.508 1460.55 3749
964.795 1457.04 3740
956.369 1453.93 3732
950.007 1453.93 3732
939.6 1447.69 3716
935.274 1450.81 3724
928.925 1450.81 3724
922.577 1450.81 3724
916.229 1450.81 3724
907.925 1447.69 3716
897.466 1441.07 3699
891.16 1441.07 3699
882.94 1437.95 3691
870.948 1428.6 3667
866.583 1431.72 3675
860.318 1431.72 3675
854.053 1431.72 3675
845.943 1428.6 3667
837.631 1425.1 3658
831.395 1425.1 3658
823.354 1421.98 3650
817.132 1421.98 3650
810.909 1421.98 3650
804.687 1421.98 3650
798.465 1421.98 3650
793.979 1425.1 3658
787.743 1425.1 3658
781.507 1425.1 3658
775.271 1425.1 3658
769.035 1425.1 3658
761.131 1421.98 3650
754.908 1421.98 3650
747.045 1418.86 3642
742.464 1421.98 3650
736.241 1421.98 3650
730.019 1421.98 3650
723.797 1421.98 3650
719.147 1425.1 3658
714.665 1428.6 3667
708.414 1428.6 3667
702.163 1428.6 3667
695.911 1428.6 3667
689.66 1428.6 3667
683.409 1428.6 3667
675.495 1425.1 3658
666.332 1418.86 3642
657.405 1413.02 3627
649.785 1409.9 3619
643.616 1409.9 3619
636.037 1406.79 3611
628.486 1403.67 3603
620.962 1400.55 3595
614.833 1400.55 3595
607.519 1397.83 3588
600.062 1394.71 3580
593.959 1394.71 3580
587.856 1394.71 3580
580.453 1391.59 3572
573.238 1388.87 3565
565.888 1385.75 3557
559.824 1385.75 3557
551.425 1379.91 3542
541.999 1371.33 3520
534.78 1368.22 3512
528.793 1368.22 3512
522.806 1368.22 3512
515.789 1365.49 3505
509.814 1365.49 3505
503.839 1365.49 3505
497.864 1365.49 3505
490.766 1362.37 3497
484.804 1362.37 3497
478.843 1362.37 3497
472.881 1362.37 3497
465.985 1359.65 3490
459.113 1356.92 3483
453.175 1356.92 3483
447.237 1356.92 3483
439.399 1351.08 3468
433.487 1351.08 3468
427.575 1351.08 3468
419.961 1345.62 3454
414.073 1345.62 3454
408.185 1345.62 3454
402.296 1345.62 3454
394.801 1340.17 3440
387.354 1334.71 3426
377.616 1321.08 3391
371.835 1321.08 3391
365.299 1318.35 3384
358.786 1315.62 3377
351.566 1310.17 3363
345.833 1310.17 3363
-5.91588 176.092 452
-6.68643 176.092 452
-7.45697 176.092 452
-8.22752 176.092 452
-8.99807 176.092 452
-9.72539 175.313 450
-10.4459 174.533 448
-11.2096 174.533 448
-11.9466 174.144 447
-12.7086 174.144 447
-13.4405 173.754 446
-14.2008 173.754 446
-14.9276 173.365 445
-15.6862 173.365 445
-18.5524 171.806 441
-19.3042 171.806 441
-20.056 171.806 441
-20.7606 171.417 440
-21.5107 171.417 440
-22.2608 171.417 440
-22.9063 170.638 438
-23.545 169.858 436
-24.1211 168.69 433
-24.8593 168.69 433
-25.5974 168.69 433
-26.0315 166.742 428
-26.636 165.963 426
-27.2338 165.183 424
-27.9566 165.183 424
-28.6118 164.794 423
-29.1942 164.015 421
-29.8409 163.625 420
-30.4841 163.236 419
-31.1984 163.236 419
-31.9127 163.236 419
-32.5491 162.846 418
-33.1821 162.456 417
-33.893 162.456 417
-34.6039 162.456 417
-35.1454 161.677 415
-35.7664 161.288 414
-36.4722 161.288 414
-37.178 161.288 414
-37.7922 160.898 413
-38.4031 160.508 412
-39.1054 160.508 412
-39.8078 160.508 412
-40.4118 160.119 411
-40.9124 159.34 409
-41.6097 159.34 409
-42.3069 159.34 409
-42.899 158.95 408
-43.4877 158.561 407
-44.073 158.171 406
-44.7651 158.171 406
-45.4572 158.171 406
-46.1494 158.171 406
-46.7261 157.781 405
-47.4165 157.781 405
-48.107 157.781 405
-48.7974 157.781 405
-49.3656 157.392 404
-50.0543 157.392 404
-50.743 157.392 404
-51.4318 157.392 404
-51.8625 156.613 402
-52.5478 156.613 402
-53.2331 156.613 402
-53.9184 156.613 402
-54.6037 156.613 402
-60.3866 153.886 395
-61.06 153.886 395
-61.7334 153.886 395
-62.4068 153.886 395
-63.0801 153.886 395
-63.9149 154.275 396
-64.59 154.275 396
-65.2651 154.275 396
-65.9401 154.275 396
-66.6152 154.275 396
-67.2903 154.275 396
-67.9654 154.275 396
-68.4671 153.886 395
-69.1405 153.886 395
-69.8139 153.886 395
-70.4873 153.886 395
-71.1606 153.886 395
-72.0159 154.275 396
-72.6909 154.275 396
-73.5513 154.665 397
-74.2281 154.665 397
-74.9049 154.665 397
-75.772 155.054 398
-76.6426 155.444 399
-77.5166 155.833 400
-78.1985 155.833 400
-78.8804 155.833 400
-79.7612 156.223 401
-80.4448 156.223 401
-81.1284 156.223 401
-82.016 156.613 402
-82.7013 156.613 402
-83.5941 157.002 403
-84.2811 157.002 403
-84.9681 157.002 403
-85.8677 157.392 404
-86.5564 157.392 404
-87.2451 157.392 404
-87.9338 157.392 404
-88.8419 157.781 405
-89.5323 157.781 405
-90.2227 157.781 405
-90.9132 157.781 405
-91.6036 157.781 405
-92.294 157.781 405
-92.9844 157.781 405
-100.711 165.963 426
-101.437 165.963 426
-102.163 165.963 426
-102.889 165.963 426
-103.616 165.963 426
-104.097 165.573 425
-105.068 165.963 426
-105.794 165.963 426
-106.771 166.352 427
-107.498 166.352 427
-108.226 166.352 427
-109.21 166.742 428
-109.939 166.742 428
-111.186 167.521 430
-112.179 167.911 431
-113.176 168.3 432
-113.912 168.3 432
-114.914 168.69 433
-115.92 169.079 434
-116.928 169.469 435
-117.67 169.469 435
-118.684 169.858 436
-119.701 170.248 437
-120.446 170.248 437
-121.468 170.638 438
-122.215 170.638 438
-123.523 171.417 440
-124.273 171.417 440
-125.023 171.417 440
-126.345 172.196 442
-127.386 172.586 443
-128.141 172.586 443
-128.896 172.586 443
-129.651 172.586 443
-130.407 172.586 443
-131.458 172.975 444
-132.215 172.975 444
-133.271 173.365 445
-134.03 173.365 445
-134.788 173.365 445
-158.044 195.571 502
-158.9 195.571 502
-159.756 195.571 502
-160.611 195.571 502
-161.467 195.571 502
-162.323 195.571 502
-163.179 195.571 502
-164.034 195.571 502
-940.619 1020.32 2619
-949.414 1024.99 2631
-953.899 1024.99 2631
-958.385 1024.99 2631
-958.478 1020.32 2619
-943.824 1000.06 2567
-948.2 1000.06 2567
-951.092 998.503 2563
-953.97 996.945 2559
-956.834 995.386 2555
-961.19 995.386 2555
-955.342 984.867 2528
-949.402 974.349 2501
-925.83 945.909 2428
-923.458 939.286 2411
-927.568 939.286 2411
-908.106 915.522 2350
-904.349 907.73 2330
-904.423 903.834 2320
-908.378 903.834 2320
-908.794 900.328 2311
-908.784 896.432 2301
-906.36 890.199 2285
-910.255 890.199 2285
-912.951 889.03 2282
-915.635 887.861 2279
-918.31 886.692 2276
-922.19 886.692 2276
-926.07 886.692 2276
-929.95 886.692 2276
-932.599 885.524 2273
-936.474 885.524 2273
-940.349 885.524 2273
-942.978 884.355 2270
-945.596 883.186 2267
-949.461 883.186 2267
-952.064 882.017 2264
-951.701 878.121 2254
-951.728 874.615 2245
-955.556 874.615 2245
-958.101 873.446 2242
-958.061 869.94 2233
-956.699 865.265 2221
-960.485 865.265 2221
-961.666 862.928 2215
-963.263 860.98 2210
-963.093 857.474 2201
-966.845 857.474 2201
-967.951 855.136 2195
-967.709 851.63 2186
-966.547 847.344 2175
-970.255 847.344 2175
-973.963 847.344 2175
-976.322 846.176 2172
-977.769 844.228 2167
-981.463 844.228 2167
-981.065 840.721 2158
-984.744 840.721 2158
-986.133 838.774 2153
-989.803 838.774 2153
-990.705 836.436 2147
-992.976 835.267 2144
-996.631 835.267 2144
-1000.29 835.267 2144
-1003 834.488 2142
-1005.25 833.319 2139
-1007.48 832.151 2136
-1011.12 832.151 2136
-1012.38 830.203 2131
-1016.02 830.203 2131
-1018.21 829.034 2128
-1021.84 829.034 2128
-1024.02 827.865 2125
-1025.23 825.917 2120
-1028.84 825.917 2120
-1032.46 825.917 2120
-1030.7 821.632 2109
-1034.29 821.632 2109
-1037.89 821.632 2109
-1041.48 821.632 2109
-1042.6 819.684 2104
-1044.69 818.515 2101
-1048.28 818.515 2101
-1051.86 818.515 2101
-1055.44 818.515 2101
-1054.99 815.399 2093
-1056.03 813.451 2088
-1059.59 813.451 2088
-1063.15 813.451 2088
-1065.17 812.282 2085
-1065.14 809.555 2078
-1068.68 809.555 2078
1843.41 1563.15 4030
1836.54 1563.15 4030
1829.67 1563.15 4030
1805.16 1548.02 3991
1785.74 1537.16 3963
1783.02 1540.65 3972
1789.22 1551.9 4001
1782.4 1551.9 4001
1784.01 1559.27 4020
1798.82 1578.27 4069
1800.69 1586.03 4089
1793.72 1586.03 4089
1786.75 1586.03 4089
1740.66 1582.15 4079
1733.71 1582.15 4079
1726.75 1582.15 4079
1715.58 1578.27 4069
1708.65 1578.27 4069
1701.71 1578.27 4069
1686.44 1570.52 4049
1687.84 1578.27 4069
1680.9 1578.27 4069
1673.96 1578.27 4069
1671.12 1582.15 4079
1668.25 1586.03 4089
1661.28 1586.03 4089
1654.31 1586.03 4089
1647.34 1586.03 4089
1636.35 1582.15 4079
1629.4 1582.15 4079
1618.47 1578.27 4069
1599.65 1566.64 4039
1592.77 1566.64 4039
1585.88 1566.64 4039
1578.99 1566.64 4039
1572.11 1566.64 4039
1565.22 1566.64 4039
1562.2 1570.52 4049
1555.29 1570.52 4049
1556.04 1578.27 4069
1549.1 1578.27 4069
1549.75 1586.03 4089
1542.78 1586.03 4089
1535.8 1586.03 4089
1506.77 1563.15 4030
1521.86 1586.03 4089
1514.89 1586.03 4089
1507.92 1586.03 4089
1489.94 1574.39 4059
1483.02 1574.39 4059
1455.01 1551.9 4001
1448.19 1551.9 4001
1437.76 1548.02 3991
1430.96 1548.02 3991
1424.16 1548.02 3991
1414.16 1544.53 3982
1397.12 1533.28 3953
1387.21 1529.79 3944
1380.49 1529.79 3944
1354.61 1508.46 3889
1347.98 1508.46 3889
1332.04 1497.98 3862
1325.45 1497.98 3862
1318.87 1497.98 3862
1306.17 1491 3844
1290.83 1480.92 3818
1284.32 1480.92 3818
1274.8 1477.43 3809
1276.96 1487.51 3835
1279.37 1497.98 3862
1284.65 1511.95 3898
1278 1511.95 3898
1274.29 1515.44 3907
1267.63 1515.44 3907
1260.97 1515.44 3907
1254.31 1515.44 3907
1247.65 1515.44 3907
1240.99 1515.44 3907
1234.33 1515.44 3907
1222.01 1508.46 3889
1215.38 1508.46 3889
1214.35 1515.44 3907
1207.69 1515.44 3907
1201.03 1515.44 3907
1194.37 1515.44 3907
1187.71 1515.44 3907
1181.05 1515.44 3907
1168.98 1508.46 3889
1159.66 1504.96 3880
1150.37 1501.47 3871
1143.77 1501.47 3871
1137.17 1501.47 3871
1120.06 1487.51 3835
1105.97 1477.43 3809
1099.48 1477.43 3809
1090.4 1473.93 3800
1079.07 1467.34 3783
1077.44 1473.93 3800
1070.97 1473.93 3800
1064.49 1473.93 3800
1058.01 1473.93 3800
1049.32 1470.83 3792
1042.85 1470.83 3792
1036.39 1470.83 3792
1018.25 1454.15 3749
1011.85 1454.15 3749
1005.46 1454.15 3749
999.073 1454.15 3749
992.681 1454.15 3749
986.29 1454.15 3749
979.899 1454.15 3749
973.508 1454.15 3749
964.795 1450.66 3740
956.369 1447.56 3732
950.007 1447.56 3732
939.6 1441.35 3716
935.274 1444.46 3724
928.925 1444.46 3724
922.577 1444.46 3724
916.229 1444.46 3724
907.925 1441.35 3716
897.466 1434.76 3699
891.16 1434.76 3699
882.94 1431.66 3691
870.948 1422.35 3667
866.583 1425.45 3675
869.916 1441.35 3716
863.581 1441.35 3716
857.247 1441.35 3716
848.851 1437.86 3707
842.531 1437.86 3707
832.603 1431.66 3691
826.31 1431.66 3691
820.018 1431.66 3691
813.726 1431.66 3691
807.434 1431.66 3691
801.142 1431.66 3691
794.849 1431.66 3691
788.557 1431.66 3691
782.265 1431.66 3691
774.291 1428.55 3683
766.344 1425.45 3675
760.079 1425.45 3675
752.173 1422.35 3667
745.922 1422.35 3667
737.855 1418.86 3658
733.419 1422.35 3667
727.168 1422.35 3667
720.917 1422.35 3667
716.224 1425.45 3675
709.959 1425.45 3675
703.695 1425.45 3675
697.43 1425.45 3675
691.165 1425.45 3675
684.9 1425.45 3675
677.157 1422.35 3667
666.332 1412.65 3642
658.855 1409.93 3635
652.658 1409.93 3635
645.038 1406.83 3627
637.446 1403.73 3619
629.881 1400.63 3611
622.344 1397.52 3603
616.201 1397.52 3603
610.059 1397.52 3603
602.576 1394.42 3595
596.447 1394.42 3595
590.319 1394.42 3595
581.753 1388.6 3580
575.65 1388.6 3580
568.274 1385.5 3572
562.185 1385.5 3572
552.515 1376.58 3549
545.387 1373.86 3542
535.998 1365.33 3520
529.998 1365.33 3520
523.997 1365.33 3520
517.996 1365.33 3520
510.832 1362.23 3512
504.845 1362.23 3512
498.858 1362.23 3512
492.871 1362.23 3512
485.913 1359.51 3505
479.938 1359.51 3505
473.963 1359.51 3505
467.988 1359.51 3505
460.035 1353.69 3490
454.086 1353.69 3490
448.136 1353.69 3490
440.413 1348.26 3476
434.487 1348.26 3476
428.562 1348.26 3476
421.663 1345.16 3468
415.751 1345.16 3468
408.185 1339.73 3454
402.296 1339.73 3454
394.801 1334.3 3440
383.397 1315.29 3391
377.616 1315.29 3391
371.835 1315.29 3391
363.032 1304.43 3363
355.918 1299.39 3350
346.025 1283.87 3310
340.383 1283.87 3310
-5.15672 175.709 453
-5.92897 175.709 453
-6.70122 175.709 453
-7.45697 175.321 452
-8.22752 175.321 452
-8.99807 175.321 452
-9.72539 174.545 450
-10.4459 173.769 448
-11.2096 173.769 448
-11.9466 173.381 447
-12.7086 173.381 447
-13.4405 172.993 446
-14.2008 172.993 446
-14.9276 172.605 445
-15.6862 172.605 445
-18.5524 171.054 441
-19.3042 171.054 441
-20.056 171.054 441
-20.7606 170.666 440
-21.5107 170.666 440
-22.2608 170.666 440
-22.9063 169.89 438
-23.545 169.115 436
-24.1211 167.951 433
-24.8593 167.951 433
-25.5974 167.951 433
-26.0923 166.399 429
-26.636 165.236 426
-27.2338 164.46 424
-27.9566 164.46 424
-28.6118 164.072 423
-29.1942 163.296 421
-29.8409 162.909 420
-30.4841 162.521 419
-31.1984 162.521 419
-31.9127 162.521 419
-32.5491 162.133 418
-33.1821 161.745 417
-33.893 161.745 417
-34.6039 161.745 417
-35.1454 160.969 415
-35.7664 160.581 414
-36.4722 160.581 414
-37.178 160.581 414
-37.7922 160.193 413
-38.4031 159.806 412
-39.1054 159.806 412
-39.8078 159.806 412
-40.4118 159.418 411
-40.9124 158.642 409
-41.6097 158.642 409
-42.3069 158.642 409
-42.899 158.254 408
-43.4877 157.866 407
-44.073 157.478 406
-44.7651 157.478 406
-45.4572 157.478 406
-46.1494 157.478 406
-46.7261 157.09 405
-47.4165 157.09 405
-48.107 157.09 405
-48.7974 157.09 405
-49.3656 156.703 404
-50.0543 156.703 404
-50.8686 157.09 405
-51.5591 157.09 405
-52.2495 157.09 405
-52.5478 155.927 402
-53.2331 155.927 402
-53.9184 155.927 402
-54.6037 155.927 402
-61.06 153.212 395
-61.7334 153.212 395
-62.5648 153.6 396
-63.2398 153.6 396
-63.9149 153.6 396
-64.7531 153.987 397
-65.4299 153.987 397
-66.1067 153.987 397
-66.7835 153.987 397
-67.2903 153.6 396
-67.9654 153.6 396
-68.4671 153.212 395
-69.3156 153.6 396
-69.9906 153.6 396
-70.6657 153.6 396
-71.3408 153.6 396
-72.0159 153.6 396
-73.0581 154.375 398
-73.7366 154.375 398
-74.4151 154.375 398
-75.0935 154.375 398
-75.9624 154.763 399
-76.6426 154.763 399
-77.5166 155.151 400
-78.1985 155.151 400
-79.0776 155.539 401
-79.7612 155.539 401
-80.4448 155.539 401
-81.1284 155.539 401
-82.016 155.927 402
-82.9071 156.315 403
-83.5941 156.315 403
-84.2811 156.315 403
-84.9681 156.315 403
-85.8677 156.703 404
-86.5564 156.703 404
-87.2451 156.703 404
-88.1515 157.09 405
-88.8419 157.09 405
-89.5323 157.09 405
-90.2227 157.09 405
-90.9132 157.09 405
-91.6036 157.09 405
-92.294 157.09 405
-92.9844 157.09 405
-100.711 165.236 426
-101.437 165.236 426
-102.163 165.236 426
-102.889 165.236 426
-103.616 165.236 426
-104.097 164.848 425
-104.821 164.848 425
-105.794 165.236 426
-106.521 165.236 426
-107.247 165.236 426
-108.226 165.624 427
-109.21 166.012 428
-109.939 166.012 428
-111.186 166.787 430
-112.179 167.175 431
-113.176 167.563 432
-113.912 167.563 432
-114.914 167.951 433
-115.92 168.339 434
-116.928 168.727 435
-117.67 168.727 435
-118.956 169.502 437
-119.701 169.502 437
-120.446 169.502 437
-121.468 169.89 438
-122.215 169.89 438
-123.523 170.666 440
-124.273 170.666 440
-125.023 170.666 440
-126.345 171.442 442
-127.386 171.83 443
-128.141 171.83 443
-128.896 171.83 443
-129.651 171.83 443
-130.407 171.83 443
-131.458 172.218 444
-132.513 172.605 445
-133.271 172.605 445
-134.03 172.605 445
-134.788 172.605 445
-940.619 1015.85 2619
-949.414 1020.51 2631
-953.899 1020.51 2631
-958.385 1020.51 2631
-957.014 1014.3 2615
-943.824 995.682 2567
-948.2 995.682 2567
-951.092 994.13 2563
-952.478 991.027 2555
-953.838 987.924 2547
-958.18 987.924 2547
-955.342 980.554 2528
-949.402 970.082 2501
-925.83 941.767 2428
-926.139 937.888 2418
-919.489 927.027 2390
-908.106 911.512 2350
-904.349 903.755 2330
-904.423 899.876 2320
-908.378 899.876 2320
-908.794 896.385 2311
-908.784 892.506 2301
-907.55 887.464 2288
-911.451 887.464 2288
-912.951 885.136 2282
-915.635 883.973 2279
-918.31 882.809 2276
-922.19 882.809 2276
-926.07 882.809 2276
-929.95 882.809 2276
-932.599 881.646 2273
-936.474 881.646 2273
-940.349 881.646 2273
-941.732 879.318 2267
-945.596 879.318 2267
-949.461 879.318 2267
-952.064 878.155 2264
-951.701 874.276 2254
-951.728 870.785 2245
-955.556 870.785 2245
-958.101 869.621 2242
-958.061 866.13 2233
-956.699 861.476 2221
-960.485 861.476 2221
-960.798 858.373 2213
-963.263 857.209 2210
-961.78 852.555 2198
-965.527 852.555 2198
-966.628 850.228 2192
-967.709 847.9 2186
-966.547 843.634 2175
-970.255 843.634 2175
-973.963 843.634 2175
-976.322 842.47 2172
-977.769 840.531 2167
-981.463 840.531 2167
-981.065 837.04 2158
-984.744 837.04 2158
-986.133 835.1 2153
-989.803 835.1 2153
-990.705 832.773 2147
-992.976 831.609 2144
-996.631 831.609 2144
-1000.29 831.609 2144
-1003 830.834 2142
-1006.66 830.834 2142
-1008.89 829.67 2139
-1012.54 829.67 2139
-1013.33 827.343 2133
-1016.02 826.567 2131
-1019.65 826.567 2131
-1023.28 826.567 2131
-1024.02 824.24 2125
-1026.2 823.076 2122
-1028.84 822.3 2120
-1032.46 822.3 2120
-1030.7 818.034 2109
-1034.29 818.034 2109
-1037.89 818.034 2109
-1041.48 818.034 2109
-1042.6 816.094 2104
-1046.19 816.094 2104
-1048.28 814.931 2101
-1051.86 814.931 2101
-1053.93 813.767 2098
-1052.47 809.888 2088
-1054.51 808.725 2085
-1058.06 808.725 2085
-1061.62 808.725 2085
-1060.06 804.846 2075
-1063.6 804.846 2075
-1067.14 804.846 2075
1870.4 1579.05 4089
1863.43 1579.05 4089
1856.46 1579.05 4089
1831.39 1563.61 4049
1798.36 1541.21 3991
1796.04 1545.07 4001
1810.69 1563.61 4049
1803.78 1563.61 4049
1814.63 1579.05 4089
1807.66 1579.05 4089
1800.69 1579.05 4089
1793.72 1579.05 4089
1786.75 1579.05 4089
1715.58 1571.33 4069
1717.04 1579.05 4089
1710.07 1579.05 4089
1703.1 1579.05 4089
1687.84 1571.33 4069
1680.9 1571.33 4069
1673.96 1571.33 4069
1671.12 1575.19 4079
1668.25 1579.05 4089
1661.28 1579.05 4089
1654.31 1579.05 4089
1647.34 1579.05 4089
1640.37 1579.05 4089
1633.39 1579.05 4089
1618.47 1571.33 4069
1599.65 1559.75 4039
1592.77 1559.75 4039
1585.88 1559.75 4039
1578.99 1559.75 4039
1572.11 1559.75 4039
1565.22 1559.75 4039
1562.2 1563.61 4049
1555.29 1563.61 4049
1556.04 1571.33 4069
1549.1 1571.33 4069
1549.75 1579.05 4089
1542.78 1579.05 4089
1535.8 1579.05 4089
1506.77 1556.27 4030
1521.86 1579.05 4089
1514.89 1579.05 4089
1507.92 1579.05 4089
1489.94 1567.47 4059
1483.02 1567.47 4059
1455.01 1545.07 4001
1448.19 1545.07 4001
1455.06 1559.75 4039
1448.17 1559.75 4039
1441.28 1559.75 4039
1424.1 1548.55 4010
1414.08 1545.07 4001
1397.06 1533.87 3972
1390.29 1533.87 3972
1380.39 1530.4 3963
1363.92 1519.58 3935
1350.66 1512.25 3916
1343.99 1512.25 3916
1331.16 1505.3 3898
1312.29 1491.39 3862
1296.57 1480.97 3835
1290.04 1480.97 3835
1283.5 1480.97 3835
1285.95 1491.39 3862
1285.33 1498.35 3880
1287.61 1508.77 3907
1280.95 1508.77 3907
1274.29 1508.77 3907
1267.63 1508.77 3907
1260.97 1508.77 3907
1254.31 1508.77 3907
1247.65 1508.77 3907
1240.99 1508.77 3907
1234.33 1508.77 3907
1222.01 1501.82 3889
1221.01 1508.77 3907
1219.94 1515.72 3925
1216.34 1519.58 3935
1209.64 1519.58 3935
1202.93 1519.58 3935
1196.22 1519.58 3935
1189.51 1519.58 3935
1179.8 1515.72 3925
1173.11 1515.72 3925
1163.74 1512.25 3916
1157.06 1512.25 3916
1139.81 1498.35 3880
1130.57 1494.87 3871
1110.91 1477.49 3826
1104.38 1477.49 3826
1092.98 1470.93 3809
1083.92 1467.45 3800
1080 1470.93 3809
1073.5 1470.93 3809
1067.01 1470.93 3809
1060.52 1470.93 3809
1054.02 1470.93 3809
1047.53 1470.93 3809
1036.39 1464.36 3792
1029.92 1464.36 3792
1011.85 1447.76 3749
1007.61 1450.85 3757
1001.2 1450.85 3757
994.8 1450.85 3757
988.395 1450.85 3757
981.99 1450.85 3757
975.586 1450.85 3757
969.181 1450.85 3757
958.42 1444.28 3740
952.044 1444.28 3740
945.668 1444.28 3740
939.292 1444.28 3740
932.917 1444.28 3740
926.541 1444.28 3740
920.165 1444.28 3740
911.835 1441.19 3732
903.532 1438.1 3724
897.183 1438.1 3724
888.921 1435.01 3716
882.586 1435.01 3716
876.251 1435.01 3716
869.916 1435.01 3716
863.581 1435.01 3716
857.247 1435.01 3716
848.851 1431.54 3707
842.531 1431.54 3707
832.603 1425.36 3691
826.31 1425.36 3691
820.018 1425.36 3691
813.726 1425.36 3691
807.434 1425.36 3691
801.142 1425.36 3691
794.849 1425.36 3691
788.557 1425.36 3691
782.265 1425.36 3691
774.291 1422.27 3683
766.344 1419.18 3675
760.079 1419.18 3675
752.173 1416.09 3667
745.922 1416.09 3667
737.855 1412.61 3658
733.419 1416.09 3667
727.168 1416.09 3667
720.917 1416.09 3667
716.224 1419.18 3675
709.959 1419.18 3675
703.695 1419.18 3675
697.43 1419.18 3675
691.165 1419.18 3675
684.9 1419.18 3675
678.635 1419.18 3675
669.259 1412.61 3658
660.123 1406.44 3642
653.915 1406.44 3642
646.461 1403.73 3635
640.264 1403.73 3635
632.672 1400.64 3627
626.489 1400.64 3627
617.57 1394.46 3611
611.414 1394.46 3611
605.258 1394.46 3611
599.102 1394.46 3611
591.633 1391.38 3603
585.49 1391.38 3603
578.062 1388.29 3595
571.933 1388.29 3595
564.703 1385.58 3588
556.095 1379.4 3572
547.696 1373.61 3557
539.348 1367.82 3542
533.31 1367.82 3542
526.081 1364.73 3534
520.057 1364.73 3534
514.032 1364.73 3534
508.007 1364.73 3534
501.983 1364.73 3534
493.993 1359.32 3520
487.993 1359.32 3520
481.992 1359.32 3520
475.991 1359.32 3520
469.991 1359.32 3520
462.013 1353.53 3505
456.038 1353.53 3505
449.035 1350.44 3497
442.187 1347.74 3490
434.487 1342.33 3476
428.562 1342.33 3476
422.636 1342.33 3476
416.71 1342.33 3476
409.839 1339.24 3468
403.927 1339.24 3468
396.408 1333.84 3454
386.563 1320.32 3419
377.616 1309.51 3391
371.835 1309.51 3391
363.032 1298.69 3363
355.918 1293.67 3350
346.757 1280.93 3317
341.102 1280.93 3317
334.74 1278.23 3310
-5.15672 174.936 453
-5.92897 174.936 453
-6.70122 174.936 453
-7.47347 174.936 453
-8.22752 174.549 452
-8.99807 174.549 452
-9.72539 173.777 450
-10.4459 173.005 448
-11.2096 173.005 448
-11.9466 172.619 447
-12.7086 172.619 447
-13.4405 172.232 446
-14.169 171.846 445
-14.9276 171.846 445
-15.6862 171.846 445
-19.2604 169.915 440
-20.0105 169.915 440
-20.7606 169.915 440
-21.5107 169.915 440
-22.2608 169.915 440
-22.9063 169.143 438
-23.4909 167.985 435
-24.1211 167.212 433
-24.8593 167.212 433
-25.5974 167.212 433
-26.3356 167.212 433
-26.636 164.509 426
-27.2338 163.737 424
-27.9566 163.737 424
-28.6118 163.351 423
-29.1249 162.192 420
-29.8409 162.192 420
-30.4841 161.806 419
-31.1984 161.806 419
-31.9127 161.806 419
-32.5491 161.42 418
-33.1821 161.033 417
-33.893 161.033 417
-34.5209 160.647 416
-35.1454 160.261 415
-35.7664 159.875 414
-36.3841 159.489 413
-37.0882 159.489 413
-37.7922 159.489 413
-38.4031 159.103 412
-39.0105 158.716 411
-39.7112 158.716 411
-40.4118 158.716 411
-40.9124 157.944 409
-41.6097 157.944 409
-42.3069 157.944 409
-42.899 157.558 408
-43.4877 157.172 407
-44.073 156.786 406
-44.7651 156.786 406
-45.4572 156.786 406
-46.1494 156.786 406
-46.7261 156.399 405
-47.4165 156.399 405
-48.107 156.399 405
-48.7974 156.399 405
-49.3656 156.013 404
-50.0543 156.013 404
-50.8686 156.399 405
-51.5591 156.399 405
-52.2495 156.399 405
-52.5478 155.241 402
-53.2331 155.241 402
-53.9184 155.241 402
-54.6037 155.241 402
-61.06 152.538 395
-61.7334 152.538 395
-62.5648 152.924 396
-63.3995 153.31 397
-64.0763 153.31 397
-64.7531 153.31 397
-65.4299 153.31 397
-66.1067 153.31 397
-66.7835 153.31 397
-67.4602 153.31 397
-67.9654 152.924 396
-68.4671 152.538 395
-69.3156 152.924 396
-70.1674 153.31 397
-71.0226 153.696 398
-71.7011 153.696 398
-72.3796 153.696 398
-73.2416 154.082 399
-73.9218 154.082 399
-74.602 154.082 399
-75.2822 154.082 399
-75.9624 154.082 399
-76.6426 154.082 399
-77.5166 154.469 400
-78.1985 154.469 400
-79.0776 154.855 401
-79.7612 154.855 401
-80.6454 155.241 402
-81.3307 155.241 402
-82.016 155.241 402
-82.9071 155.627 403
-83.5941 155.627 403
-84.2811 155.627 403
-84.9681 155.627 403
-85.8677 156.013 404
-86.5564 156.013 404
-87.4611 156.399 405
-88.1515 156.399 405
-88.8419 156.399 405
-89.5323 156.399 405
-90.2227 156.399 405
-90.9132 156.399 405
-91.6036 156.399 405
-92.294 156.399 405
-92.9844 156.399 405
-100.711 164.509 426
-101.437 164.509 426
-102.163 164.509 426
-102.889 164.509 426
-103.616 164.509 426
-104.097 164.123 425
-104.821 164.123 425
-105.794 164.509 426
-106.521 164.509 426
-107.498 164.895 427
-108.226 164.895 427
-109.21 165.281 428
-109.939 165.281 428
-111.444 166.44 431
-112.44 166.826 432
-113.438 167.212 433
-114.176 167.212 433
-115.18 167.598 434
-115.92 167.598 434
-116.659 167.598 434
-117.67 167.985 435
-118.956 168.757 437
-119.701 168.757 437
-120.446 168.757 437
-121.468 169.143 438
-122.215 169.143 438
-123.523 169.915 440
-124.273 169.915 440
-125.023 169.915 440
-126.345 170.688 442
-127.386 171.074 443
-128.141 171.074 443
-128.896 171.074 443
-129.651 171.074 443
-130.407 171.074 443
-131.458 171.46 444
-132.513 171.846 445
-133.271 171.846 445
-134.03 171.846 445
-134.788 171.846 445
-931.64 1001.73 2594
-945.084 1011.38 2619
-949.549 1011.38 2619
-954.013 1011.38 2619
-936.52 988.213 2559
-940.882 988.213 2559
-945.245 988.213 2559
-945.154 983.579 2547
-948.005 982.034 2543
-946.723 976.241 2528
-951.032 976.241 2528
-950.807 971.607 2516
-946.745 963.112 2494
-922.017 933.762 2418
-926.139 933.762 2418
-915.641 919.088 2380
-906.56 905.958 2346
-903.185 898.621 2327
-904.423 895.918 2320
-908.378 895.918 2320
-907.221 890.897 2307
-907.599 887.422 2298
-907.55 883.56 2288
-911.451 883.56 2288
-912.951 881.243 2282
-915.635 880.085 2279
-918.31 878.926 2276
-922.19 878.926 2276
-926.07 878.926 2276
-929.95 878.926 2276
-932.599 877.768 2273
-936.474 877.768 2273
-937.867 875.451 2267
-941.732 875.451 2267
-944.345 874.292 2264
-948.204 874.292 2264
-949.12 871.589 2257
-951.701 870.43 2254
-951.728 866.955 2245
-955.556 866.955 2245
-954.255 862.321 2233
-955.487 860.004 2227
-951.961 853.439 2210
-955.728 853.439 2210
-959.496 853.439 2210
-958.033 848.805 2198
-959.154 846.488 2192
-962.891 846.488 2192
-965.305 845.329 2189
-966.823 843.398 2184
-966.547 839.923 2175
-970.255 839.923 2175
-972.619 838.764 2172
-974.973 837.606 2169
-977.769 836.833 2167
-981.463 836.833 2167
-981.065 833.358 2158
-984.744 833.358 2158
-986.133 831.427 2153
-989.803 831.427 2153
-990.705 829.11 2147
-992.976 827.952 2144
-995.701 827.179 2142
-999.353 827.179 2142
-1003 827.179 2142
-1006.66 827.179 2142
-1008.89 826.021 2139
-1012.54 826.021 2139
-1013.33 823.704 2133
-1016.02 822.931 2131
-1019.65 822.931 2131
-1023.28 822.931 2131
-1024.02 820.614 2125
-1026.2 819.456 2122
-1028.84 818.683 2120
-1032.46 818.683 2120
-1030.7 814.435 2109
-1034.29 814.435 2109
-1037.89 814.435 2109
-1041.48 814.435 2109
-1042.6 812.505 2104
-1046.19 812.505 2104
-1048.28 811.346 2101
-1051.86 811.346 2101
-1053.93 810.188 2098
-1052.47 806.326 2088
-1054.51 805.167 2085
-1058.06 805.167 2085
-1061.62 805.167 2085
-1060.06 801.306 2075
-1063.6 801.306 2075
-1067.14 801.306 2075
1870.4 1572.08 4089
1863.43 1572.08 4089
1856.46 1572.08 4089
1849.49 1572.08 4089
1824.49 1556.7 4049
1817.59 1556.7 4049
1828.57 1572.08 4089
1821.6 1572.08 4089
1814.63 1572.08 4089
1807.66 1572.08 4089
1800.69 1572.08 4089
1793.72 1572.08 4089
1726.75 1568.23 4079
1719.8 1568.23 4079
1717.04 1572.08 4089
1710.07 1572.08 4089
1703.1 1572.08 4089
1683.69 1560.54 4059
1676.77 1560.54 4059
1669.85 1560.54 4059
1667.03 1564.39 4069
1664.17 1568.23 4079
1661.28 1572.08 4089
1654.31 1572.08 4089
1647.34 1572.08 4089
1640.37 1572.08 4089
1633.39 1572.08 4089
1626.42 1572.08 4089
1619.45 1572.08 4089
1604.6 1564.39 4069
1601.59 1568.23 4079
1594.63 1568.23 4079
1587.68 1568.23 4079
1580.72 1568.23 4079
1577.63 1572.08 4089
1570.66 1572.08 4089
1563.69 1572.08 4089
1549.1 1564.39 4069
1549.75 1572.08 4089
1542.78 1572.08 4089
1535.8 1572.08 4089
1521.86 1572.08 4089
1514.89 1572.08 4089
1507.92 1572.08 4089
1500.95 1572.08 4089
1493.98 1572.08 4089
1479.74 1564.39 4069
1469.18 1560.54 4059
1455.06 1552.86 4039
1448.17 1552.86 4039
1441.28 1552.86 4039
1424.1 1541.71 4010
1414.08 1538.25 4001
1397.06 1527.1 3972
1390.29 1527.1 3972
1380.39 1523.64 3963
1363.92 1512.87 3935
1350.66 1505.57 3916
1343.99 1505.57 3916
1331.16 1498.65 3898
1312.29 1484.81 3862
1296.57 1474.42 3835
1290.04 1474.42 3835
1283.5 1474.42 3835
1285.95 1484.81 3862
1285.33 1491.73 3880
1287.61 1502.11 3907
1280.95 1502.11 3907
1274.29 1502.11 3907
1267.63 1502.11 3907
1260.97 1502.11 3907
1254.31 1502.11 3907
1247.65 1502.11 3907
1240.99 1502.11 3907
1234.33 1502.11 3907
1224.84 1498.65 3898
1223.82 1505.57 3916
1225.85 1516.33 3944
1219.13 1516.33 3944
1212.4 1516.33 3944
1208.43 1519.79 3953
1201.69 1519.79 3953
1194.95 1519.79 3953
1182.8 1512.87 3935
1173.11 1509.03 3925
1166.42 1509.03 3925
1159.72 1509.03 3925
1150.39 1505.57 3916
1133.2 1491.73 3880
1121.36 1484.81 3862
1114.77 1484.81 3862
1097.86 1470.96 3826
1091.34 1470.96 3826
1082.55 1467.89 3818
1076.04 1467.89 3818
1069.53 1467.89 3818
1065.25 1470.96 3826
1058.73 1470.96 3826
1052.2 1470.96 3826
1043.5 1467.89 3818
1029.92 1457.89 3792
1014.01 1444.44 3757
1010.02 1447.9 3766
1003.6 1447.9 3766
997.183 1447.9 3766
990.763 1447.9 3766
984.343 1447.9 3766
975.586 1444.44 3757
969.181 1444.44 3757
962.776 1444.44 3757
958.662 1447.9 3766
952.242 1447.9 3766
945.822 1447.9 3766
939.402 1447.9 3766
932.982 1447.9 3766
924.348 1444.44 3757
915.988 1441.36 3749
907.413 1437.9 3740
901.038 1437.9 3740
894.662 1437.9 3740
890.424 1441.36 3749
888.041 1447.9 3766
881.621 1447.9 3766
875.201 1447.9 3766
866.705 1444.44 3757
860.3 1444.44 3757
853.895 1444.44 3757
841.851 1434.82 3732
835.489 1434.82 3732
829.127 1434.82 3732
822.765 1434.82 3732
816.403 1434.82 3732
808.304 1431.75 3724
801.956 1431.75 3724
795.607 1431.75 3724
789.259 1431.75 3724
779.336 1425.21 3707
771.349 1422.14 3699
765.043 1422.14 3699
758.737 1422.14 3699
750.804 1419.06 3691
741.284 1412.91 3675
735.019 1412.91 3675
728.754 1412.91 3675
722.489 1412.91 3675
716.224 1412.91 3675
709.959 1412.91 3675
703.695 1412.91 3675
697.43 1412.91 3675
691.165 1412.91 3675
684.9 1412.91 3675
678.635 1412.91 3675
669.259 1406.37 3658
660.123 1400.22 3642
653.915 1400.22 3642
646.461 1397.53 3635
640.264 1397.53 3635
632.672 1394.46 3627
626.489 1394.46 3627
617.57 1388.3 3611
611.414 1388.3 3611
605.258 1388.3 3611
599.102 1388.3 3611
591.633 1385.23 3603
585.49 1385.23 3603
578.062 1382.15 3595
571.933 1382.15 3595
564.703 1379.46 3588
556.095 1373.31 3572
547.696 1367.54 3557
539.348 1361.78 3542
534.364 1364.47 3549
528.314 1364.47 3549
522.264 1364.47 3549
516.214 1364.47 3549
510.164 1364.47 3549
504.113 1364.47 3549
498.063 1364.47 3549
492.013 1364.47 3549
485.963 1364.47 3549
479.913 1364.47 3549
473.863 1364.47 3549
466.89 1361.78 3542
460.852 1361.78 3542
453.786 1358.7 3534
445.988 1353.32 3520
438.987 1350.24 3512
433 1350.24 3512
427.013 1350.24 3512
421.026 1350.24 3512
413.266 1344.48 3497
407.305 1344.48 3497
399.736 1339.09 3483
388.937 1322.56 3440
383.073 1322.56 3440
377.208 1322.56 3440
369.077 1314.49 3419
360.274 1303.72 3391
353.761 1301.03 3384
347.992 1301.03 3384
342.223 1301.03 3384
333.074 1287.96 3350
-5.15672 174.163 453
-5.92897 174.163 453
-6.70122 174.163 453
-7.47347 174.163 453
-8.22752 173.778 452
-8.99807 173.778 452
-9.72539 173.009 450
-10.4459 172.24 448
-11.2096 172.24 448
-11.9466 171.856 447
-12.7086 171.856 447
-13.4405 171.472 446
-14.169 171.087 445
-14.9276 171.087 445
-15.6862 171.087 445
-19.2604 169.165 440
-20.0105 169.165 440
-20.7606 169.165 440
-21.5107 169.165 440
-22.2608 169.165 440
-22.9063 168.396 438
-23.4909 167.242 435
-24.1768 166.858 434
-24.9167 166.858 434
-25.5974 166.473 433
-26.3356 166.473 433
-26.636 163.782 426
-27.0411 161.86 421
-27.7588 161.86 421
-28.4765 161.86 421
-29.1249 161.475 420
-29.7698 161.091 419
-30.4841 161.091 419
-31.1984 161.091 419
-31.9127 161.091 419
-32.5491 160.706 418
-33.1821 160.322 417
-33.893 160.322 417
-34.5209 159.938 416
-35.1454 159.553 415
-35.7664 159.169 414
-36.4722 159.169 414
-37.0882 158.784 413
-37.7922 158.784 413
-38.4031 158.4 412
-39.0105 158.015 411
-39.7112 158.015 411
-40.4118 158.015 411
-40.9124 157.246 409
-41.6097 157.246 409
-42.3069 157.246 409
-42.899 156.862 408
-43.4877 156.477 407
-44.073 156.093 406
-44.7651 156.093 406
-45.4572 156.093 406
-46.1494 156.093 406
-46.7261 155.708 405
-47.4165 155.708 405
-48.107 155.708 405
-48.7974 155.708 405
-49.3656 155.324 404
-50.0543 155.324 404
-50.8686 155.708 405
-51.5591 155.708 405
-52.2495 155.708 405
-61.06 151.864 395
-61.7334 151.864 395
-62.5648 152.248 396
-63.3995 152.633 397
-64.0763 152.633 397
-64.7531 152.633 397
-65.4299 152.633 397
-66.1067 152.633 397
-66.7835 152.633 397
-67.4602 152.633 397
-67.9654 152.248 396
-68.4671 151.864 395
-69.3156 152.248 396
-70.1674 152.633 397
-71.0226 153.017 398
-71.7011 153.017 398
-72.3796 153.017 398
-73.2416 153.402 399
-73.9218 153.402 399
-74.602 153.402 399
-75.2822 153.402 399
-75.9624 153.402 399
-76.6426 153.402 399
-77.5166 153.786 400
-78.1985 153.786 400
-79.0776 154.171 401
-79.7612 154.171 401
-80.6454 154.555 402
-81.3307 154.555 402
-82.016 154.555 402
-82.9071 154.94 403
-83.5941 154.94 403
-84.2811 154.94 403
-85.1789 155.324 404
-85.8677 155.324 404
-86.5564 155.324 404
-87.4611 155.708 405
-88.1515 155.708 405
-88.8419 155.708 405
-89.5323 155.708 405
-90.2227 155.708 405
-91.1376 156.093 406
-91.8298 156.093 406
-92.5219 156.093 406
-93.214 156.093 406
-102.163 163.782 426
-102.889 163.782 426
-103.616 163.782 426
-104.342 163.782 426
-105.068 163.782 426
-105.794 163.782 426
-106.521 163.782 426
-107.498 164.167 427
-108.226 164.167 427
-109.21 164.551 428
-109.939 164.551 428
-111.444 165.705 431
-112.44 166.089 432
-113.438 166.473 433
-114.176 166.473 433
-115.18 166.858 434
-115.92 166.858 434
-116.659 166.858 434
-117.67 167.242 435
-118.956 168.011 437
-119.701 168.011 437
-120.446 168.011 437
-121.468 168.396 438
-122.215 168.396 438
-123.523 169.165 440
-124.273 169.165 440
-125.023 169.165 440
-126.345 169.934 442
-127.098 169.934 442
-127.852 169.934 442
-128.896 170.318 443
-129.651 170.318 443
-130.407 170.318 443
-131.162 170.318 443
-132.513 171.087 445
-133.271 171.087 445
-134.03 171.087 445
-134.788 171.087 445
-931.64 997.303 2594
-945.084 1006.91 2619
-949.549 1006.91 2619
-954.013 1006.91 2619
-936.52 983.847 2559
-940.882 983.847 2559
-945.245 983.847 2559
-945.154 979.233 2547
-948.005 977.695 2543
-946.723 971.928 2528
-951.032 971.928 2528
-950.807 967.315 2516
-946.745 958.857 2494
-922.017 929.637 2418
-926.139 929.637 2418
-915.641 915.027 2380
-906.56 901.956 2346
-903.185 894.651 2327
-904.423 891.96 2320
-908.378 891.96 2320
-907.221 886.961 2307
-907.599 883.501 2298
-907.55 879.657 2288
-911.451 879.657 2288
-912.951 877.35 2282
-915.635 876.196 2279
-918.31 875.043 2276
-922.19 875.043 2276
-926.07 875.043 2276
-929.95 875.043 2276
-931.368 872.736 2270
-935.238 872.736 2270
-937.867 871.583 2267
-940.485 870.429 2264
-943.094 869.276 2261
-946.948 869.276 2261
-947.859 866.585 2254
-947.901 863.125 2245
-949.185 860.818 2239
-953.002 860.818 2239
-952.973 857.358 2230
-948.193 849.668 2210
-950.668 848.515 2207
-954.431 848.515 2207
-952.983 843.901 2195
-955.418 842.748 2192
-956.529 840.441 2186
-960.256 840.441 2186
-961.777 838.519 2181
-962.839 836.212 2175
-965.214 835.059 2172
-968.917 835.059 2172
-971.276 833.905 2169
-974.074 833.136 2167
-977.769 833.136 2167
-981.463 833.136 2167
-981.065 829.676 2158
-983.375 828.523 2155
-984.759 826.6 2150
-988.424 826.6 2150
-990.705 825.447 2147
-992.976 824.294 2144
-995.701 823.525 2142
-999.353 823.525 2142
-1003 823.525 2142
-1006.66 823.525 2142
-1008.89 822.371 2139
-1012.54 822.371 2139
-1014.76 821.218 2136
-1016.97 820.065 2133
-1019.65 819.296 2131
-1023.28 819.296 2131
-1024.02 816.989 2125
-1026.2 815.835 2122
-1028.84 815.066 2120
-1032.46 815.066 2120
-1030.7 810.837 2109
-1034.29 810.837 2109
-1036.41 809.684 2106
-1040 809.684 2106
-1042.6 808.915 2104
-1046.19 808.915 2104
-1048.28 807.762 2101
-1051.86 807.762 2101
-1053.93 806.608 2098
-1050.96 801.61 2085
-1054.51 801.61 2085
-1058.06 801.61 2085
-1058.05 798.919 2078
-1060.06 797.766 2075
-1062.06 796.612 2072
-1065.6 796.612 2072
1870.4 1565.1 4089
1863.43 1565.1 4089
1856.46 1565.1 4089
1849.49 1565.1 4089
1824.49 1549.79 4049
1817.59 1549.79 4049
1828.57 1565.1 4089
1821.6 1565.1 4089
1814.63 1565.1 4089
1807.66 1565.1 4089
1800.69 1565.1 4089
1793.72 1565.1 4089
1726.75 1561.27 4079
1719.8 1561.27 4079
1717.04 1565.1 4089
1710.07 1565.1 4089
1703.1 1565.1 4089
1683.69 1553.62 4059
1676.77 1553.62 4059
1669.85 1553.62 4059
1667.03 1557.45 4069
1664.17 1561.27 4079
1661.28 1565.1 4089
1654.31 1565.1 4089
1647.34 1565.1 4089
1640.37 1565.1 4089
1633.39 1565.1 4089
1626.42 1565.1 4089
1619.45 1565.1 4089
1604.6 1557.45 4069
1601.59 1561.27 4079
1594.63 1561.27 4079
1587.68 1561.27 4079
1584.6 1565.1 4089
1577.63 1565.1 4089
1570.66 1565.1 4089
1563.69 1565.1 4089
1507.92 1565.1 4089
1500.95 1565.1 4089
1493.98 1565.1 4089
1487.01 1565.1 4089
1469.18 1553.62 4059
1458.66 1549.79 4049
1451.76 1549.79 4049
1441.28 1545.96 4039
1427.65 1538.69 4020
1417.26 1534.86 4010
1400.58 1524.15 3982
1393.79 1524.15 3982
1383.52 1520.32 3972
1367.04 1509.6 3944
1353.77 1502.33 3925
1347.08 1502.33 3925
1334.24 1495.44 3907
1324.52 1492 3898
1296.57 1467.88 3835
1290.04 1467.88 3835
1283.5 1467.88 3835
1285.95 1478.22 3862
1285.33 1485.11 3880
1287.61 1495.44 3907
1280.95 1495.44 3907
1274.29 1495.44 3907
1267.63 1495.44 3907
1260.97 1495.44 3907
1254.31 1495.44 3907
1247.65 1495.44 3907
1240.99 1495.44 3907
1234.33 1495.44 3907
1224.84 1492 3898
1223.82 1498.89 3916
1225.85 1509.6 3944
1219.13 1509.6 3944
1212.4 1509.6 3944
1208.43 1513.05 3953
1201.69 1513.05 3953
1194.95 1513.05 3953
1182.8 1506.16 3935
1173.11 1502.33 3925
1166.42 1502.33 3925
1159.72 1502.33 3925
1150.39 1498.89 3916
1133.2 1485.11 3880
1121.36 1478.22 3862
1114.77 1478.22 3862
1097.86 1464.44 3826
1091.34 1464.44 3826
1082.55 1461.37 3818
1076.04 1461.37 3818
1069.53 1461.37 3818
1065.25 1464.44 3826
1061.22 1467.88 3835
1054.68 1467.88 3835
1048.14 1467.88 3835
1032.1 1454.48 3800
1021.03 1447.98 3783
1014.58 1447.98 3783
1005.73 1444.53 3774
999.301 1444.53 3774
992.867 1444.53 3774
988.786 1447.98 3783
982.337 1447.98 3783
975.888 1447.98 3783
969.439 1447.98 3783
962.99 1447.98 3783
954.265 1444.53 3774
950.092 1447.98 3783
943.643 1447.98 3783
937.193 1447.98 3783
930.744 1447.98 3783
922.096 1444.53 3774
911.538 1438.03 3757
907.302 1441.47 3766
900.882 1441.47 3766
898.499 1447.98 3783
902.19 1464.44 3826
895.667 1464.44 3826
889.145 1464.44 3826
882.623 1464.44 3826
876.1 1464.44 3826
869.578 1464.44 3826
849.521 1441.47 3766
843.101 1441.47 3766
834.681 1438.03 3757
828.277 1438.03 3757
821.872 1438.03 3757
813.731 1434.96 3749
807.339 1434.96 3749
800.948 1434.96 3749
792.65 1431.52 3740
784.592 1428.46 3732
776.562 1425.4 3724
770.213 1425.4 3724
763.865 1425.4 3724
755.889 1422.33 3716
746.125 1415.83 3699
739.819 1415.83 3699
733.513 1415.83 3699
727.208 1415.83 3699
720.902 1415.83 3699
714.596 1415.83 3699
708.29 1415.83 3699
701.984 1415.83 3699
695.678 1415.83 3699
689.372 1415.83 3699
678.635 1406.64 3675
670.906 1403.58 3667
661.573 1397.07 3650
655.351 1397.07 3650
649.129 1397.07 3650
641.497 1394.01 3642
634.068 1391.33 3635
627.871 1391.33 3635
621.674 1391.33 3635
615.477 1391.33 3635
609.281 1391.33 3635
603.084 1391.33 3635
596.887 1391.33 3635
589.39 1388.27 3627
581.921 1385.21 3619
575.751 1385.21 3619
567.064 1379.08 3603
558.586 1373.34 3588
550.006 1367.22 3572
543.917 1367.22 3572
536.773 1364.54 3565
529.505 1361.47 3557
522.264 1358.41 3549
516.214 1358.41 3549
510.164 1358.41 3549
504.113 1358.41 3549
498.063 1358.41 3549
492.013 1358.41 3549
485.963 1358.41 3549
479.913 1358.41 3549
473.863 1358.41 3549
466.89 1355.73 3542
460.852 1355.73 3542
453.786 1352.67 3534
445.988 1347.31 3520
438.987 1344.25 3512
433 1344.25 3512
427.013 1344.25 3512
421.026 1344.25 3512
413.266 1338.51 3497
407.305 1338.51 3497
399.736 1333.15 3483
388.937 1316.69 3440
383.073 1316.69 3440
377.208 1316.69 3440
371.344 1316.69 3440
365.48 1316.69 3440
356.688 1305.97 3412
350.872 1305.97 3412
343.639 1300.62 3398
337.151 1297.94 3391
-5.15672 173.39 453
-5.92897 173.39 453
-6.70122 173.39 453
-7.47347 173.39 453
-8.22752 173.007 452
-8.99807 173.007 452
-9.72539 172.242 450
-10.4459 171.476 448
-11.1846 171.093 447
-11.9466 171.093 447
-12.7086 171.093 447
-13.4104 170.328 445
-14.169 170.328 445
-19.2167 168.031 439
-19.965 168.031 439
-20.7134 168.031 439
-21.4618 168.031 439
-22.2102 168.031 439
-22.854 167.266 437
-23.4909 166.5 435
-24.1768 166.118 434
-24.9167 166.118 434
-25.5974 165.735 433
-26.3356 165.735 433
-27.0411 161.142 421
-27.7588 161.142 421
-28.4765 161.142 421
-29.1249 160.759 420
-29.7698 160.376 419
-30.4841 160.376 419
-31.1984 160.376 419
-31.9127 160.376 419
-32.5491 159.993 418
-33.1821 159.611 417
-33.893 159.611 417
-34.5209 159.228 416
-35.1454 158.845 415
-35.7664 158.462 414
-36.4722 158.462 414
-37.0882 158.08 413
-37.7922 158.08 413
-38.4031 157.697 412
-39.0105 157.314 411
-39.7112 157.314 411
-40.4118 157.314 411
-40.9124 156.549 409
-41.6097 156.549 409
-42.3069 156.549 409
-42.899 156.166 408
-43.4877 155.783 407
-44.073 155.4 406
-44.7651 155.4 406
-45.4572 155.4 406
-46.1494 155.4 406
-46.7261 155.017 405
-47.4165 155.017 405
-48.107 155.017 405
-48.7974 155.017 405
-49.3656 154.635 404
-50.0543 154.635 404
-50.743 154.635 404
-51.5591 155.017 405
-52.2495 155.017 405
-52.9399 155.017 405
-61.06 151.19 395
-61.7334 151.19 395
-62.7227 151.955 397
-63.3995 151.955 397
-64.0763 151.955 397
-64.7531 151.955 397
-65.4299 151.955 397
-66.1067 151.955 397
-66.7835 151.955 397
-67.4602 151.955 397
-68.137 151.955 397
-68.8138 151.955 397
-69.3156 151.573 396
-70.3441 152.338 398
-71.0226 152.338 398
-71.8813 152.721 399
-72.5614 152.721 399
-73.2416 152.721 399
-73.9218 152.721 399
-74.602 152.721 399
-75.2822 152.721 399
-75.9624 152.721 399
-76.6426 152.721 399
-77.5166 153.104 400
-78.1985 153.104 400
-79.0776 153.486 401
-79.7612 153.486 401
-80.6454 153.869 402
-81.3307 153.869 402
-82.016 153.869 402
-82.9071 154.252 403
-83.5941 154.252 403
-84.2811 154.252 403
-85.1789 154.635 404
-85.8677 154.635 404
-86.5564 154.635 404
-87.4611 155.017 405
-88.1515 155.017 405
-88.8419 155.017 405
-89.5323 155.017 405
-90.2227 155.017 405
-91.1376 155.4 406
-91.8298 155.4 406
-92.5219 155.4 406
-93.214 155.4 406
-101.437 163.055 426
-102.163 163.055 426
-102.889 163.055 426
-103.616 163.055 426
-104.342 163.055 426
-105.068 163.055 426
-105.794 163.055 426
-106.521 163.055 426
-107.498 163.438 427
-108.226 163.438 427
-109.21 163.821 428
-109.939 163.821 428
-111.444 164.969 431
-112.44 165.352 432
-113.438 165.735 433
-114.176 165.735 433
-115.18 166.118 434
-115.92 166.118 434
-116.659 166.118 434
-117.67 166.5 435
-118.684 166.883 436
-119.701 167.266 437
-120.446 167.266 437
-121.468 167.649 438
-122.494 168.031 439
-123.523 168.414 440
-124.273 168.414 440
-125.023 168.414 440
-126.345 169.18 442
-127.098 169.18 442
-127.852 169.18 442
-128.896 169.562 443
-129.651 169.562 443
-130.407 169.562 443
-131.458 169.945 444
-132.513 170.328 445
-133.571 170.711 446
-134.331 170.711 446
-135.091 170.711 446
-905.063 964.553 2520
-912.246 967.615 2528
-916.555 967.615 2528
-920.865 967.615 2528
-915.294 957.281 2501
-926.543 964.553 2520
-932.316 966.084 2524
-936.619 966.084 2524
-940.922 966.084 2524
-942.229 963.022 2516
-946.518 963.022 2516
-942.493 954.601 2494
-928.524 936.229 2446
-910.196 913.646 2387
-902.392 901.781 2356
-906.408 901.781 2356
-903.082 894.508 2337
-900.468 888.001 2320
-902.084 885.705 2314
-906.029 885.705 2314
-907.221 883.026 2307
-907.599 879.581 2298
-907.55 875.753 2288
-911.451 875.753 2288
-912.951 873.456 2282
-915.635 872.308 2279
-918.31 871.16 2276
-922.19 871.16 2276
-926.07 871.16 2276
-929.95 871.16 2276
-931.368 868.863 2270
-935.238 868.863 2270
-937.867 867.715 2267
-940.485 866.567 2264
-943.094 865.419 2261
-946.948 865.419 2261
-947.859 862.739 2254
-947.901 859.294 2245
-949.185 856.998 2239
-953.002 856.998 2239
-952.973 853.553 2230
-948.193 845.898 2210
-950.668 844.75 2207
-954.431 844.75 2207
-952.983 840.156 2195
-955.418 839.008 2192
-956.529 836.712 2186
-960.256 836.712 2186
-961.777 834.798 2181
-961.511 831.353 2172
-963.881 830.205 2169
-967.578 830.205 2169
-970.38 829.439 2167
-974.074 829.439 2167
-976.415 828.291 2164
-980.104 828.291 2164
-981.065 825.994 2158
-983.375 824.846 2155
-986.133 824.081 2153
-989.803 824.081 2153
-992.089 822.932 2150
-994.365 821.784 2147
-998.025 821.784 2147
-1001.69 821.784 2147
-1005.35 821.784 2147
-1006.66 819.87 2142
-1010.31 819.87 2142
-1013.96 819.87 2142
-1016.19 818.722 2139
-1016.97 816.425 2133
-1020.61 816.425 2133
-1024.24 816.425 2133
-1025.47 814.512 2128
-1026.2 812.215 2122
-1028.84 811.45 2120
-1032.46 811.45 2120
-1030.7 807.239 2109
-1034.29 807.239 2109
-1036.41 806.091 2106
-1040 806.091 2106
-1042.6 805.325 2104
-1044.69 804.177 2101
-1046.78 803.029 2098
-1050.36 803.029 2098
-1052.93 802.263 2096
-1050.96 798.053 2085
-1054.51 798.053 2085
-1058.06 798.053 2085
-1058.05 795.374 2078
-1060.06 794.225 2075
-1062.06 793.077 2072
-1065.6 793.077 2072
1863.43 1558.13 4089
1856.46 1558.13 4089
1849.49 1558.13 4089
1833.5 1550.51 4069
1826.57 1550.51 4069
1828.57 1558.13 4089
1821.6 1558.13 4089
1814.63 1558.13 4089
1807.66 1558.13 4089
1800.69 1558.13 4089
1726.75 1554.32 4079
1719.8 1554.32 4079
1717.04 1558.13 4089
1710.07 1558.13 4089
1703.1 1558.13 4089
1683.69 1546.69 4059
1676.77 1546.69 4059
1669.85 1546.69 4059
1667.03 1550.51 4069
1664.17 1554.32 4079
1661.28 1558.13 4089
1654.31 1558.13 4089
1647.34 1558.13 4089
1640.37 1558.13 4089
1633.39 1558.13 4089
1626.42 1558.13 4089
1619.45 1558.13 4089
1604.6 1550.51 4069
1601.59 1554.32 4079
1594.63 1554.32 4079
1587.68 1554.32 4079
1584.6 1558.13 4089
1577.63 1558.13 4089
1570.66 1558.13 4089
1563.69 1558.13 4089
1507.92 1558.13 4089
1500.95 1558.13 4089
1493.98 1558.13 4089
1487.01 1558.13 4089
1472.8 1550.51 4069
1458.66 1542.88 4049
1451.76 1542.88 4049
1441.28 1539.07 4039
1427.65 1531.83 4020
1417.26 1528.02 4010
1410.43 1528.02 4010
1396.94 1520.78 3991
1387 1517.35 3982
1370.16 1506.3 3953
1357.22 1499.44 3935
1350.51 1499.44 3935
1337.31 1492.2 3916
1324.52 1485.35 3898
1296.57 1461.34 3835
1290.04 1461.34 3835
1283.5 1461.34 3835
1285.95 1471.63 3862
1285.33 1478.49 3880
1284.65 1485.35 3898
1278 1485.35 3898
1277.23 1492.2 3916
1270.55 1492.2 3916
1263.88 1492.2 3916
1254.31 1488.77 3907
1247.65 1488.77 3907
1240.99 1488.77 3907
1234.33 1488.77 3907
1224.84 1485.35 3898
1223.82 1492.2 3916
1225.85 1502.87 3944
1219.13 1502.87 3944
1212.4 1502.87 3944
1208.43 1506.3 3953
1201.69 1506.3 3953
1194.95 1506.3 3953
1182.8 1499.44 3935
1173.11 1495.63 3925
1166.42 1495.63 3925
1159.72 1495.63 3925
1150.39 1492.2 3916
1133.2 1478.49 3880
1121.36 1471.63 3862
1114.77 1471.63 3862
1100.44 1461.34 3835
1091.34 1457.91 3826
1084.82 1457.91 3826
1080.83 1461.34 3835
1074.29 1461.34 3835
1067.75 1461.34 3835
1061.22 1461.34 3835
1054.68 1461.34 3835
1048.14 1461.34 3835
1032.1 1448 3800
1021.03 1441.52 3783
1014.58 1441.52 3783
1005.73 1438.09 3774
999.301 1438.09 3774
992.867 1438.09 3774
988.786 1441.52 3783
982.337 1441.52 3783
975.888 1441.52 3783
969.439 1441.52 3783
962.99 1441.52 3783
954.265 1438.09 3774
950.092 1441.52 3783
943.643 1441.52 3783
937.193 1441.52 3783
930.744 1441.52 3783
922.096 1438.09 3774
911.538 1431.62 3757
907.302 1435.05 3766
900.882 1435.05 3766
898.499 1441.52 3783
910.679 1471.63 3862
904.095 1471.63 3862
897.511 1471.63 3862
890.927 1471.63 3862
884.344 1471.63 3862
877.76 1471.63 3862
863.055 1457.91 3826
856.533 1457.91 3826
846.234 1451.43 3809
839.741 1451.43 3809
833.247 1451.43 3809
823.064 1444.95 3792
814.661 1441.52 3783
808.212 1441.52 3783
799.856 1438.09 3774
789.848 1431.62 3757
783.443 1431.62 3757
777.039 1431.62 3757
770.634 1431.62 3757
760.771 1425.14 3740
752.782 1422.09 3732
746.42 1422.09 3732
736.885 1415.99 3716
730.55 1415.99 3716
724.215 1415.99 3716
717.88 1415.99 3716
711.545 1415.99 3716
705.21 1415.99 3716
697.183 1412.56 3707
690.863 1412.56 3707
683.067 1409.52 3699
672.37 1400.37 3675
664.655 1397.32 3667
658.403 1397.32 3667
650.552 1393.89 3658
642.906 1390.84 3650
635.289 1387.8 3642
629.08 1387.8 3642
621.674 1385.13 3635
615.477 1385.13 3635
609.281 1385.13 3635
603.084 1385.13 3635
596.887 1385.13 3635
590.69 1385.13 3635
583.207 1382.08 3627
577.024 1382.08 3627
569.582 1379.03 3619
560.922 1372.93 3603
552.47 1367.22 3588
546.353 1367.22 3588
539.032 1364.17 3580
531.738 1361.12 3572
524.618 1358.45 3565
518.541 1358.45 3565
512.464 1358.45 3565
506.386 1358.45 3565
500.309 1358.45 3565
494.231 1358.45 3565
488.154 1358.45 3565
482.076 1358.45 3565
475.999 1358.45 3565
469.922 1358.45 3565
462.803 1355.41 3557
454.813 1349.69 3542
447.762 1346.64 3534
441.737 1346.64 3534
435.712 1346.64 3534
427.986 1341.31 3520
421.985 1341.31 3520
415.039 1338.26 3512
409.052 1338.26 3512
402.261 1335.59 3505
393.799 1327.21 3483
386.191 1321.49 3468
380.279 1321.49 3468
371.344 1310.82 3440
365.48 1310.82 3440
356.688 1300.15 3412
350.872 1300.15 3412
343.639 1294.82 3398
337.151 1292.15 3391
-5.92897 172.617 453
-6.70122 172.617 453
-7.47347 172.617 453
-8.22752 172.236 452
-8.99807 172.236 452
-9.72539 171.474 450
-10.4459 170.712 448
-11.1846 170.331 447
-11.9466 170.331 447
-12.7086 170.331 447
-13.4104 169.569 445
-14.1372 169.188 444
-14.827 168.425 442
-15.5805 168.425 442
-18.4683 167.282 439
-19.2167 167.282 439
-19.965 167.282 439
-20.7134 167.282 439
-21.4129 166.901 438
-22.1596 166.901 438
-22.854 166.52 437
-23.4909 165.758 435
-24.1768 165.377 434
-24.9167 165.377 434
-25.6565 165.377 434
-28.3412 159.661 419
-29.0555 159.661 419
-29.7698 159.661 419
-30.4841 159.661 419
-31.1984 159.661 419
-31.9127 159.661 419
-32.5491 159.28 418
-33.1821 158.899 417
-33.893 158.899 417
-34.5209 158.518 416
-35.0607 157.756 414
-35.7664 157.756 414
-36.4722 157.756 414
-37.0882 157.375 413
-37.7922 157.375 413
-38.4031 156.994 412
-39.0105 156.613 411
-39.7112 156.613 411
-40.4118 156.613 411
-40.9124 155.851 409
-41.5079 155.47 408
-42.2035 155.47 408
-42.7939 155.089 407
-43.4877 155.089 407
-44.073 154.708 406
-44.7651 154.708 406
-45.4572 154.708 406
-46.1494 154.708 406
-46.7261 154.327 405
-47.4165 154.327 405
-48.107 154.327 405
-48.7974 154.327 405
-49.3656 153.945 404
-50.0543 153.945 404
-50.743 153.945 404
-51.5591 154.327 405
-52.2495 154.327 405
-52.9399 154.327 405
-62.7227 151.278 397
-63.5592 151.659 398
-64.2377 151.659 398
-64.9162 151.659 398
-65.4299 151.278 397
-66.1067 151.278 397
-66.7835 151.278 397
-67.4602 151.278 397
-68.137 151.278 397
-68.8138 151.278 397
-69.4906 151.278 397
-70.3441 151.659 398
-71.2011 152.04 399
-71.8813 152.04 399
-72.5614 152.04 399
-73.2416 152.04 399
-73.9218 152.04 399
-74.602 152.04 399
-75.2822 152.04 399
-75.9624 152.04 399
-76.6426 152.04 399
-77.5166 152.421 400
-78.1985 152.421 400
-79.0776 152.802 401
-79.7612 152.802 401
-80.6454 153.183 402
-81.3307 153.183 402
-82.016 153.183 402
-82.9071 153.564 403
-83.5941 153.564 403
-84.2811 153.564 403
-85.1789 153.945 404
-85.8677 153.945 404
-86.5564 153.945 404
-87.4611 154.327 405
-88.1515 154.327 405
-88.8419 154.327 405
-89.5323 154.327 405
-90.4455 154.708 406
-91.1376 154.708 406
-91.8298 154.708 406
-92.5219 154.708 406
-93.214 154.708 406
-101.437 162.329 426
-102.163 162.329 426
-102.889 162.329 426
-103.616 162.329 426
-104.342 162.329 426
-105.068 162.329 426
-105.794 162.329 426
-106.521 162.329 426
-107.498 162.71 427
-108.226 162.71 427
-109.21 163.091 428
-109.939 163.091 428
-111.444 164.234 431
-112.44 164.615 432
-113.438 164.996 433
-114.176 164.996 433
-115.18 165.377 434
-115.92 165.377 434
-116.659 165.377 434
-117.67 165.758 435
-118.956 166.52 437
-119.975 166.901 438
-120.721 166.901 438
-121.745 167.282 439
-122.494 167.282 439
-123.523 167.663 440
-124.273 167.663 440
-125.307 168.044 441
-126.345 168.425 442
-127.098 168.425 442
-127.852 168.425 442
-128.896 168.807 443
-129.651 168.807 443
-130.407 168.807 443
-131.458 169.188 444
-132.513 169.569 445
-133.571 169.95 446
-134.331 169.95 446
-135.091 169.95 446
-905.063 960.254 2520
-912.246 963.302 2528
-916.555 963.302 2528
-920.865 963.302 2528
-920.783 958.73 2516
-919.557 953.014 2501
-923.821 953.014 2501
-925.487 950.346 2494
-928.247 948.822 2490
-932.492 948.822 2490
-936.737 948.822 2490
-931.156 938.915 2464
-913.719 917.195 2407
-898.375 897.761 2356
-895.114 890.521 2337
-899.098 890.521 2337
-896.513 884.043 2320
-898.139 881.757 2314
-899.355 879.09 2307
-903.288 879.09 2307
-904.861 876.803 2301
-906.414 874.517 2295
-905.17 869.563 2282
-909.06 869.563 2282
-911.75 868.42 2279
-915.635 868.42 2279
-917.1 866.134 2273
-920.975 866.134 2273
-923.629 864.991 2270
-927.499 864.991 2270
-930.138 863.847 2267
-934.002 863.847 2267
-936.626 862.704 2264
-939.239 861.561 2261
-941.425 860.037 2257
-945.273 860.037 2257
-946.597 857.751 2251
-945.368 853.178 2239
-946.641 850.892 2233
-950.448 850.892 2233
-952.973 849.748 2230
-946.906 840.984 2207
-946.792 837.555 2198
-950.539 837.555 2198
-952.983 836.412 2195
-952.802 832.982 2186
-954.341 831.077 2181
-958.059 831.077 2181
-961.777 831.077 2181
-961.511 827.647 2172
-963.881 826.504 2169
-967.578 826.504 2169
-970.38 825.742 2167
-974.074 825.742 2167
-976.415 824.599 2164
-980.104 824.599 2164
-981.065 822.313 2158
-983.375 821.169 2155
-986.133 820.407 2153
-989.803 820.407 2153
-992.089 819.264 2150
-994.365 818.121 2147
-998.025 818.121 2147
-1001.69 818.121 2147
-1005.35 818.121 2147
-1007.6 816.978 2144
-1010.31 816.216 2142
-1013.96 816.216 2142
-1016.19 815.073 2139
-1018.4 813.929 2136
-1020.61 812.786 2133
-1024.24 812.786 2133
-1025.47 810.881 2128
-1026.2 808.595 2122
-1028.84 807.833 2120
-1032.46 807.833 2120
-1030.7 803.641 2109
-1034.29 803.641 2109
-1036.41 802.498 2106
-1040 802.498 2106
-1042.6 801.736 2104
-1044.69 800.593 2101
-1046.78 799.449 2098
-1050.36 799.449 2098
-1052.93 798.687 2096
-1050.96 794.496 2085
-1054.51 794.496 2085
-1058.06 794.496 2085
-1058.05 791.828 2078
-1060.06 790.685 2075
-1062.06 789.542 2072
-1065.6 789.542 2072
1863.43 1551.15 4089
1856.46 1551.15 4089
1849.49 1551.15 4089
1838.01 1547.36 4079
1831.06 1547.36 4079
1828.57 1551.15 4089
1821.6 1551.15 4089
1814.63 1551.15 4089
1726.75 1547.36 4079
1719.8 1547.36 4079
1712.84 1547.36 4079
1705.89 1547.36 4079
1698.94 1547.36 4079
1683.69 1539.77 4059
1676.77 1539.77 4059
1669.85 1539.77 4059
1654.73 1532.18 4039
1656.01 1539.77 4059
1661.28 1551.15 4089
1654.31 1551.15 4089
1647.34 1551.15 4089
1640.37 1551.15 4089
1633.39 1551.15 4089
1626.42 1551.15 4089
1619.45 1551.15 4089
1604.6 1543.56 4069
1601.59 1547.36 4079
1594.63 1547.36 4079
1587.68 1547.36 4079
1584.6 1551.15 4089
1577.63 1551.15 4089
1570.66 1551.15 4089
1563.69 1551.15 4089
1500.95 1551.15 4089
1493.98 1551.15 4089
1487.01 1551.15 4089
1472.8 1543.56 4069
1458.66 1535.98 4049
1451.76 1535.98 4049
1441.28 1532.18 4039
1431.2 1528.77 4030
1417.26 1521.18 4010
1410.43 1521.18 4010
1396.94 1513.97 3991
1390.14 1513.97 3991
1373.63 1503.35 3963
1363.42 1499.56 3953
1356.69 1499.56 3953
1340.38 1488.94 3925
1324.52 1478.69 3898
1305.7 1465.04 3862
1299.12 1465.04 3862
1286.51 1458.21 3844
1288.95 1468.45 3871
1288.31 1475.28 3889
1284.65 1478.69 3898
1278 1478.69 3898
1277.23 1485.52 3916
1270.55 1485.52 3916
1263.88 1485.52 3916
1257.2 1485.52 3916
1250.53 1485.52 3916
1240.99 1482.11 3907
1234.33 1482.11 3907
1219.19 1471.87 3880
1212.57 1471.87 3880
1219.94 1488.94 3925
1216.34 1492.73 3935
1209.64 1492.73 3935
1202.93 1492.73 3935
1196.22 1492.73 3935
1189.51 1492.73 3935
1179.8 1488.94 3925
1173.11 1488.94 3925
1163.74 1485.52 3916
1157.06 1485.52 3916
1145.1 1478.69 3898
1130.57 1468.45 3871
1121.36 1465.04 3862
1114.77 1465.04 3862
1100.44 1454.8 3835
1093.91 1454.8 3835
1087.37 1454.8 3835
1085.9 1461.62 3853
1079.33 1461.62 3853
1075.27 1465.04 3862
1068.69 1465.04 3862
1062.1 1465.04 3862
1053.06 1461.62 3853
1039.16 1451.38 3826
1023.46 1438.48 3792
1019.14 1441.52 3800
1012.66 1441.52 3800
1006.19 1441.52 3800
999.707 1441.52 3800
993.229 1441.52 3800
986.751 1441.52 3800
986.98 1451.38 3826
980.458 1451.38 3826
976.227 1454.8 3835
969.689 1454.8 3835
963.151 1454.8 3835
954.369 1451.38 3826
947.846 1451.38 3826
937.141 1444.93 3809
930.648 1444.93 3809
924.155 1444.93 3809
917.661 1444.93 3809
907.101 1438.48 3792
904.674 1444.93 3809
910.679 1465.04 3862
904.095 1465.04 3862
897.511 1465.04 3862
890.927 1465.04 3862
884.344 1465.04 3862
877.76 1465.04 3862
863.055 1451.38 3826
856.533 1451.38 3826
846.234 1444.93 3809
839.741 1444.93 3809
833.247 1444.93 3809
823.064 1438.48 3792
814.661 1435.07 3783
808.212 1435.07 3783
799.856 1431.66 3774
789.848 1425.21 3757
783.443 1425.21 3757
777.039 1425.21 3757
770.634 1425.21 3757
760.771 1418.76 3740
752.782 1415.72 3732
746.42 1415.72 3732
736.885 1409.65 3716
730.55 1409.65 3716
724.215 1409.65 3716
720.971 1415.72 3732
714.609 1415.72 3732
708.247 1415.72 3732
700.38 1412.69 3724
694.032 1412.69 3724
684.544 1406.24 3707
676.761 1403.2 3699
666.105 1394.1 3675
659.84 1394.1 3675
652.152 1391.07 3667
644.316 1387.65 3658
636.684 1384.62 3650
630.462 1384.62 3650
622.871 1381.58 3642
615.477 1378.93 3635
609.281 1378.93 3635
603.084 1378.93 3635
596.887 1378.93 3635
590.69 1378.93 3635
583.207 1375.89 3627
577.024 1375.89 3627
570.841 1375.89 3627
563.412 1372.86 3619
554.779 1366.79 3603
548.637 1366.79 3603
540.236 1361.1 3588
532.929 1358.06 3580
526.826 1358.06 3580
520.723 1358.06 3580
514.62 1358.06 3580
508.517 1358.06 3580
502.414 1358.06 3580
496.311 1358.06 3580
490.208 1358.06 3580
484.105 1358.06 3580
478.002 1358.06 3580
471.899 1358.06 3580
464.755 1355.03 3572
456.74 1349.34 3557
448.775 1343.65 3542
442.737 1343.65 3542
436.699 1343.65 3542
429.688 1340.61 3534
423.663 1340.61 3534
417.639 1340.61 3534
410.799 1337.96 3527
403.065 1332.27 3512
395.382 1326.58 3497
387.861 1321.27 3483
381.923 1321.27 3483
374.367 1315.58 3468
366.967 1310.26 3454
358.884 1302.3 3433
353.031 1302.3 3433
345.763 1296.99 3419
338.543 1291.68 3405
332.738 1291.68 3405
326.933 1291.68 3405
-5.92897 171.844 453
-6.70122 171.844 453
-7.47347 171.844 453
-8.24572 171.844 453
-9.01797 171.844 453
-9.72539 170.706 450
-10.4459 169.947 448
-11.1846 169.568 447
-11.9466 169.568 447
-12.7086 169.568 447
-13.3803 168.43 444
-14.1053 168.051 443
-14.827 167.671 442
-15.5805 167.671 442
-16.2601 166.913 440
-16.9715 166.533 439
-17.7199 166.533 439
-18.4683 166.533 439
-19.2167 166.533 439
-19.965 166.533 439
-20.7134 166.533 439
-21.4129 166.154 438
-22.1596 166.154 438
-22.854 165.775 437
-23.4909 165.016 435
-24.1768 164.637 434
-24.9167 164.637 434
-25.6565 164.637 434
-28.3412 158.946 419
-29.0555 158.946 419
-29.7698 158.946 419
-30.4841 158.946 419
-31.1984 158.946 419
-31.8365 158.567 418
-32.5491 158.567 418
-33.1821 158.188 417
-33.893 158.188 417
-34.5209 157.808 416
-35.0607 157.05 414
-35.7664 157.05 414
-36.4722 157.05 414
-37.0882 156.67 413
-37.7922 156.67 413
-38.4031 156.291 412
-39.0105 155.912 411
-39.7112 155.912 411
-40.3135 155.532 410
-40.9124 155.153 409
-41.5079 154.774 408
-42.2035 154.774 408
-42.7939 154.394 407
-43.4877 154.394 407
-44.073 154.015 406
-44.7651 154.015 406
-45.4572 154.015 406
-46.1494 154.015 406
-46.7261 153.636 405
-47.4165 153.636 405
-48.107 153.636 405
-48.7974 153.636 405
-49.3656 153.256 404
-50.0543 153.256 404
-50.743 153.256 404
-51.5591 153.636 405
-52.2495 153.636 405
-52.9399 153.636 405
-62.7227 150.601 397
-63.5592 150.98 398
-64.2377 150.98 398
-65.0793 151.359 399
-65.7595 151.359 399
-66.4397 151.359 399
-66.9517 150.98 398
-67.6302 150.98 398
-68.3086 150.98 398
-68.9871 150.98 398
-69.6656 150.98 398
-70.5209 151.359 399
-71.2011 151.359 399
-71.8813 151.359 399
-72.5614 151.359 399
-73.2416 151.359 399
-73.9218 151.359 399
-74.602 151.359 399
-75.2822 151.359 399
-75.9624 151.359 399
-76.8347 151.739 400
-77.7104 152.118 401
-78.394 152.118 401
-79.0776 152.118 401
-79.7612 152.118 401
-80.6454 152.497 402
-81.3307 152.497 402
-82.016 152.497 402
-82.9071 152.877 403
-83.5941 152.877 403
-84.2811 152.877 403
-85.1789 153.256 404
-86.0802 153.636 405
-86.7706 153.636 405
-87.4611 153.636 405
-88.1515 153.636 405
-89.0613 154.015 406
-89.7534 154.015 406
-90.4455 154.015 406
-91.1376 154.015 406
-91.8298 154.015 406
-92.5219 154.015 406
-93.214 154.015 406
-101.437 161.602 426
-102.163 161.602 426
-102.889 161.602 426
-103.616 161.602 426
-104.342 161.602 426
-105.068 161.602 426
-105.794 161.602 426
-106.521 161.602 426
-107.498 161.981 427
-108.226 161.981 427
-109.21 162.361 428
-109.939 162.361 428
-111.186 163.119 430
-112.44 163.878 432
-113.438 164.257 433
-114.176 164.257 433
-115.18 164.637 434
-116.187 165.016 435
-116.928 165.016 435
-117.94 165.395 436
-118.956 165.775 437
-119.975 166.154 438
-120.721 166.154 438
-121.745 166.533 439
-122.494 166.533 439
-123.523 166.913 440
-124.273 166.913 440
-125.307 167.292 441
-126.345 167.671 442
-127.098 167.671 442
-127.852 167.671 442
-128.605 167.671 442
-129.651 168.051 443
-130.407 168.051 443
-131.458 168.43 444
-132.513 168.809 445
-133.571 169.189 446
-134.331 169.189 446
-135.091 169.189 446
-905.063 955.954 2520
-912.246 958.989 2528
-916.555 958.989 2528
-920.865 958.989 2528
-920.783 954.437 2516
-916.983 946.091 2494
-921.235 946.091 2494
-919.92 940.401 2479
-924.146 940.401 2479
-928.372 940.401 2479
-932.599 940.401 2479
-924.354 927.883 2446
-917.895 917.261 2418
-898.375 893.742 2356
-891.284 882.74 2327
-895.251 882.74 2327
-894.194 877.809 2314
-895.422 875.154 2307
-897.016 872.877 2301
-900.939 872.877 2301
-902.502 870.601 2295
-902.465 866.808 2285
-903.98 864.532 2279
-907.865 864.532 2279
-910.55 863.394 2276
-913.225 862.256 2273
-915.889 861.118 2270
-919.759 861.118 2270
-923.629 861.118 2270
-927.499 861.118 2270
-928.907 858.842 2264
-932.766 858.842 2264
-935.385 857.704 2261
-937.578 856.186 2257
-938.922 853.91 2251
-942.76 853.91 2251
-942.812 850.496 2242
-944.101 848.22 2236
-945.369 845.944 2230
-949.171 845.944 2230
-950.409 843.668 2224
-946.906 837.219 2207
-946.792 833.805 2198
-950.539 833.805 2198
-951.681 831.529 2192
-952.802 829.253 2186
-954.341 827.356 2181
-958.059 827.356 2181
-959.131 825.08 2175
-961.511 823.942 2172
-962.992 822.045 2167
-966.686 822.045 2167
-970.38 822.045 2167
-974.074 822.045 2167
-976.415 820.907 2164
-980.104 820.907 2164
-981.065 818.631 2158
-983.375 817.493 2155
-986.133 816.734 2153
-989.803 816.734 2153
-992.089 815.596 2150
-994.365 814.458 2147
-998.025 814.458 2147
-1001.69 814.458 2147
-1005.35 814.458 2147
-1007.6 813.32 2144
-1010.31 812.561 2142
-1013.96 812.561 2142
-1016.19 811.423 2139
-1018.4 810.285 2136
-1020.61 809.147 2133
-1024.24 809.147 2133
-1025.47 807.25 2128
-1026.2 804.974 2122
-1028.84 804.216 2120
-1032.46 804.216 2120
-1032.16 801.181 2112
-1034.29 800.043 2109
-1036.41 798.905 2106
-1040 798.905 2106
-1042.6 798.146 2104
-1046.19 798.146 2104
-1046.78 795.87 2098
-1050.36 795.87 2098
-1052.93 795.111 2096
-1052.47 792.077 2088
-1054.51 790.939 2085
-1058.06 790.939 2085
-1058.05 788.283 2078
-1060.06 787.145 2075
-1062.06 786.007 2072
-1065.6 786.007 2072
1863.43 1544.17 4089
1856.46 1544.17 4089
1849.49 1544.17 4089
1842.52 1544.17 4089
1835.55 1544.17 4089
1828.57 1544.17 4089
1821.6 1544.17 4089
1814.63 1544.17 4089
1730.98 1544.17 4089
1724.01 1544.17 4089
1717.04 1544.17 4089
1705.89 1540.4 4079
1698.94 1540.4 4079
1683.69 1532.84 4059
1676.77 1532.84 4059
1645.99 1510.94 4001
1642.85 1514.34 4010
1644.18 1521.89 4030
1649.09 1532.84 4059
1642.17 1532.84 4059
1643.31 1540.4 4079
1636.35 1540.4 4079
1629.4 1540.4 4079
1622.45 1540.4 4079
1615.49 1540.4 4079
1604.6 1536.62 4069
1601.59 1540.4 4079
1594.63 1540.4 4079
1587.68 1540.4 4079
1580.72 1540.4 4079
1577.63 1544.17 4089
1570.66 1544.17 4089
1563.69 1544.17 4089
1500.95 1544.17 4089
1493.98 1544.17 4089
1487.01 1544.17 4089
1472.8 1536.62 4069
1458.66 1529.07 4049
1451.76 1529.07 4049
1441.28 1525.29 4039
1431.2 1521.89 4030
1417.26 1514.34 4010
1410.43 1514.34 4010
1396.94 1507.16 3991
1390.14 1507.16 3991
1373.63 1496.59 3963
1363.42 1492.81 3953
1356.69 1492.81 3953
1340.38 1482.24 3925
1324.52 1472.04 3898
1305.7 1458.45 3862
1299.12 1458.45 3862
1286.51 1451.65 3844
1288.95 1461.85 3871
1288.31 1468.65 3889
1284.65 1472.04 3898
1278 1472.04 3898
1277.23 1478.84 3916
1270.55 1478.84 3916
1263.88 1478.84 3916
1257.2 1478.84 3916
1250.53 1478.84 3916
1243.85 1478.84 3916
1237.17 1478.84 3916
1224.84 1472.04 3898
1215.38 1468.65 3889
1219.94 1482.24 3925
1216.34 1486.02 3935
1209.64 1486.02 3935
1202.93 1486.02 3935
1196.22 1486.02 3935
1189.51 1486.02 3935
1179.8 1482.24 3925
1173.11 1482.24 3925
1163.74 1478.84 3916
1157.06 1478.84 3916
1145.1 1472.04 3898
1130.57 1461.85 3871
1121.36 1458.45 3862
1114.77 1458.45 3862
1105.61 1455.05 3853
1093.91 1448.25 3835
1092.47 1455.05 3853
1088.44 1458.45 3862
1081.86 1458.45 3862
1080.28 1465.25 3880
1073.67 1465.25 3880
1067.05 1465.25 3880
1060.44 1465.25 3880
1044.05 1451.65 3844
1030.48 1441.83 3818
1023.97 1441.83 3818
1017.46 1441.83 3818
1010.95 1441.83 3818
1008.92 1448.25 3835
1002.38 1448.25 3835
995.84 1448.25 3835
989.302 1448.25 3835
982.764 1448.25 3835
983.1 1458.45 3862
976.516 1458.45 3862
969.932 1458.45 3862
963.349 1458.45 3862
956.765 1458.45 3862
950.181 1458.45 3862
934.802 1444.85 3826
926.338 1441.83 3818
926.093 1451.65 3844
919.54 1451.65 3844
919.4 1461.85 3871
930.015 1489.42 3944
923.291 1489.42 3944
916.568 1489.42 3944
909.844 1489.42 3944
894.648 1475.44 3907
887.988 1475.44 3907
871.176 1458.45 3862
864.593 1458.45 3862
858.009 1458.45 3862
851.425 1458.45 3862
844.841 1458.45 3862
830.444 1444.85 3826
822.198 1441.83 3818
815.69 1441.83 3818
805.366 1435.04 3800
797.206 1432.01 3792
790.742 1432.01 3792
784.277 1432.01 3792
777.813 1432.01 3792
767.687 1425.22 3774
757.824 1418.8 3757
751.42 1418.8 3757
740.057 1409.36 3732
733.695 1409.36 3732
728.892 1412.38 3740
722.517 1412.38 3740
716.141 1412.38 3740
708.247 1409.36 3732
700.38 1406.33 3724
694.032 1406.33 3724
684.544 1399.91 3707
676.761 1396.89 3699
666.105 1387.83 3675
659.84 1387.83 3675
652.152 1384.81 3667
644.316 1381.41 3658
636.684 1378.39 3650
630.462 1378.39 3650
622.871 1375.37 3642
615.477 1372.72 3635
609.281 1372.72 3635
603.084 1372.72 3635
596.887 1372.72 3635
590.69 1372.72 3635
583.207 1369.7 3627
577.024 1369.7 3627
570.841 1369.7 3627
563.412 1366.68 3619
554.779 1360.64 3603
548.637 1360.64 3603
542.495 1360.64 3603
536.353 1360.64 3603
528.003 1354.98 3588
521.886 1354.98 3588
515.77 1354.98 3588
509.653 1354.98 3588
503.537 1354.98 3588
497.42 1354.98 3588
491.303 1354.98 3588
485.187 1354.98 3588
479.07 1354.98 3588
472.953 1354.98 3588
465.796 1351.95 3580
457.767 1346.29 3565
450.676 1343.27 3557
444.612 1343.27 3557
436.699 1337.6 3542
430.661 1337.6 3542
424.622 1337.6 3542
418.584 1337.6 3542
411.614 1334.58 3534
403.065 1326.27 3512
396.286 1323.63 3505
390.311 1323.63 3505
383.459 1320.61 3497
375.23 1312.68 3476
367.711 1307.02 3461
360.347 1301.73 3447
354.471 1301.73 3447
346.471 1293.8 3426
339.238 1288.51 3412
332.738 1285.87 3405
326.933 1285.87 3405
-5.92897 171.071 453
-6.70122 171.071 453
-7.47347 171.071 453
-8.24572 171.071 453
-9.01797 171.071 453
-9.72539 169.938 450
-10.4459 169.183 448
-11.1846 168.805 447
-11.9466 168.805 447
-12.7086 168.805 447
-13.3803 167.673 444
-14.1053 167.295 443
-14.827 166.917 442
-15.5805 166.917 442
-16.2601 166.162 440
-16.9715 165.784 439
-17.7199 165.784 439
-18.4683 165.784 439
-19.2167 165.784 439
-19.965 165.784 439
-20.7134 165.784 439
-21.4129 165.407 438
-22.1596 165.407 438
-22.854 165.029 437
-23.4909 164.274 435
-24.1768 163.896 434
-24.9167 163.896 434
-25.6565 163.896 434
-29.7698 158.232 419
-30.4841 158.232 419
-31.1984 158.232 419
-31.8365 157.854 418
-32.4712 157.476 417
-33.1821 157.476 417
-33.893 157.476 417
-34.5209 157.099 416
-35.0607 156.343 414
-35.6801 155.966 413
-36.3841 155.966 413
-37.0882 155.966 413
-37.7007 155.588 412
-38.3099 155.21 411
-39.0105 155.21 411
-39.7112 155.21 411
-40.3135 154.833 410
-40.9124 154.455 409
-41.5079 154.077 408
-42.2035 154.077 408
-42.7939 153.7 407
-43.3808 153.322 406
-44.073 153.322 406
-44.7651 153.322 406
-45.4572 153.322 406
-46.1494 153.322 406
-46.7261 152.945 405
-47.4165 152.945 405
-48.107 152.945 405
-48.7974 152.945 405
-49.3656 152.567 404
-50.0543 152.567 404
-50.743 152.567 404
-51.4318 152.567 404
-52.1205 152.567 404
-62.7227 149.923 397
-63.5592 150.301 398
-64.2377 150.301 398
-65.0793 150.679 399
-65.7595 150.679 399
-66.4397 150.679 399
-66.9517 150.301 398
-67.6302 150.301 398
-68.3086 150.301 398
-68.9871 150.301 398
-69.6656 150.301 398
-70.5209 150.679 399
-71.2011 150.679 399
-71.8813 150.679 399
-72.5614 150.679 399
-73.2416 150.679 399
-73.9218 150.679 399
-74.602 150.679 399
-75.2822 150.679 399
-76.1528 151.056 400
-76.8347 151.056 400
-77.7104 151.434 401
-78.394 151.434 401
-79.0776 151.434 401
-79.7612 151.434 401
-80.6454 151.812 402
-81.3307 151.812 402
-82.016 151.812 402
-82.9071 152.189 403
-83.5941 152.189 403
-84.4902 152.567 404
-85.1789 152.567 404
-86.0802 152.945 405
-86.7706 152.945 405
-87.4611 152.945 405
-88.1515 152.945 405
-89.0613 153.322 406
-89.7534 153.322 406
-90.4455 153.322 406
-91.1376 153.322 406
-91.8298 153.322 406
-92.5219 153.322 406
-93.214 153.322 406
-101.437 160.875 426
-102.163 160.875 426
-102.889 160.875 426
-103.616 160.875 426
-104.342 160.875 426
-105.068 160.875 426
-105.794 160.875 426
-106.521 160.875 426
-107.498 161.253 427
-108.226 161.253 427
-109.21 161.63 428
-109.939 161.63 428
-111.186 162.386 430
-112.44 163.141 432
-113.438 163.519 433
-114.176 163.519 433
-115.18 163.896 434
-116.187 164.274 435
-116.928 164.274 435
-118.211 165.029 437
-119.228 165.407 438
-119.975 165.407 438
-120.721 165.407 438
-121.745 165.784 439
-122.773 166.162 440
-123.523 166.162 440
-124.555 166.54 441
-125.307 166.54 441
-126.345 166.917 442
-127.098 166.917 442
-127.852 166.917 442
-128.605 166.917 442
-129.651 167.295 443
-130.407 167.295 443
-131.458 167.673 444
-132.513 168.05 445
-133.571 168.428 446
-134.331 168.428 446
-135.091 168.428 446
-905.063 951.655 2520
-912.246 954.676 2528
-916.555 954.676 2528
-920.865 954.676 2528
-920.783 950.144 2516
-916.983 941.836 2494
-921.235 941.836 2494
-919.92 936.172 2479
-924.146 936.172 2479
-928.372 936.172 2479
-932.599 936.172 2479
-924.354 923.71 2446
-917.895 913.136 2418
-898.375 889.722 2356
-898.561 885.946 2346
-895.251 878.77 2327
-894.194 873.861 2314
-895.422 871.218 2307
-897.016 868.952 2301
-900.939 868.952 2301
-902.502 866.686 2295
-902.465 862.909 2285
-903.98 860.644 2279
-907.865 860.644 2279
-910.55 859.511 2276
-912.02 857.245 2270
-914.679 856.112 2267
-918.544 856.112 2267
-921.188 854.979 2264
-925.047 854.979 2264
-927.676 853.846 2261
-931.53 853.846 2261
-933.73 852.336 2257
-935.085 850.07 2251
-936.42 847.804 2245
-940.247 847.804 2245
-942.812 846.671 2242
-944.101 844.405 2236
-945.369 842.139 2230
-949.171 842.139 2230
-950.409 839.873 2224
-946.906 833.453 2207
-946.792 830.055 2198
-950.539 830.055 2198
-951.681 827.789 2192
-952.802 825.523 2186
-954.341 823.635 2181
-958.059 823.635 2181
-959.131 821.369 2175
-961.511 820.236 2172
-962.992 818.348 2167
-966.686 818.348 2167
-970.38 818.348 2167
-974.074 818.348 2167
-976.415 817.215 2164
-980.104 817.215 2164
-981.065 814.949 2158
-983.375 813.816 2155
-986.133 813.061 2153
-989.803 813.061 2153
-992.089 811.928 2150
-994.365 810.795 2147
-998.025 810.795 2147
-1001.69 810.795 2147
-1005.35 810.795 2147
-1007.6 809.662 2144
-1010.31 808.907 2142
-1013.96 808.907 2142
-1016.19 807.774 2139
-1018.4 806.641 2136
-1020.61 805.508 2133
-1024.24 805.508 2133
-1025.47 803.62 2128
-1026.2 801.354 2122
-1028.84 800.599 2120
-1032.46 800.599 2120
-1032.16 797.578 2112
-1034.29 796.445 2109
-1036.41 795.312 2106
-1040 795.312 2106
-1042.6 794.556 2104
-1046.19 794.556 2104
-1046.78 792.291 2098
-1050.36 792.291 2098
-1051.42 790.402 2093
-1052.47 788.514 2088
-1054.51 787.381 2085
-1058.06 787.381 2085
-1058.05 784.738 2078
-1060.06 783.605 2075
-1062.06 782.472 2072
-1065.6 782.472 2072
1863.43 1537.2 4089
1856.46 1537.2 4089
1849.49 1537.2 4089
1842.52 1537.2 4089
1835.55 1537.2 4089
1828.57 1537.2 4089
1817.15 1533.44 4079
1730.98 1537.2 4089
1724.01 1537.2 4089
1717.04 1537.2 4089
1705.89 1533.44 4079
1698.94 1533.44 4079
1683.69 1525.92 4059
1676.77 1525.92 4059
1645.99 1504.12 4001
1642.85 1507.5 4010
1644.18 1515.02 4030
1649.09 1525.92 4059
1642.17 1525.92 4059
1635.25 1525.92 4059
1628.33 1525.92 4059
1621.41 1525.92 4059
1610.51 1522.16 4049
1603.61 1522.16 4049
1596.71 1522.16 4049
1597.66 1529.68 4069
1590.72 1529.68 4069
1583.79 1529.68 4069
1584.6 1537.2 4089
1577.63 1537.2 4089
1570.66 1537.2 4089
1563.69 1537.2 4089
1493.98 1537.2 4089
1487.01 1537.2 4089
1480.04 1537.2 4089
1469.47 1533.44 4079
1462.51 1533.44 4079
1448.42 1525.92 4059
1437.95 1522.16 4049
1424.33 1515.02 4030
1417.46 1515.02 4030
1403.59 1507.5 4010
1393.62 1504.12 4001
1383.33 1500.36 3991
1376.53 1500.36 3991
1366.64 1496.97 3982
1349.95 1486.07 3953
1340.15 1482.69 3944
1317.87 1465.39 3898
1311.23 1465.39 3898
1301.57 1462.01 3889
1297.94 1465.39 3898
1297.26 1472.16 3916
1290.58 1472.16 3916
1283.9 1472.16 3916
1280.16 1475.54 3925
1279.64 1482.69 3944
1272.91 1482.69 3944
1266.19 1482.69 3944
1259.47 1482.69 3944
1243.85 1472.16 3916
1237.17 1472.16 3916
1224.84 1465.39 3898
1215.38 1462.01 3889
1214.35 1468.78 3907
1207.69 1468.78 3907
1201.03 1468.78 3907
1199.87 1475.54 3925
1193.18 1475.54 3925
1186.49 1475.54 3925
1174.39 1468.78 3907
1165.04 1465.39 3898
1158.39 1465.39 3898
1151.75 1465.39 3898
1139.81 1458.63 3880
1130.57 1455.24 3871
1121.36 1451.86 3862
1114.77 1451.86 3862
1105.61 1448.48 3853
1093.91 1441.71 3835
1092.47 1448.48 3853
1088.44 1451.86 3862
1081.86 1451.86 3862
1080.28 1458.63 3880
1076.16 1462.01 3889
1069.53 1462.01 3889
1062.9 1462.01 3889
1044.05 1445.09 3844
1035.07 1441.71 3835
1033.36 1448.48 3853
1026.79 1448.48 3853
1027.37 1458.63 3880
1020.75 1458.63 3880
1016.49 1462.01 3889
1009.86 1462.01 3889
1003.23 1462.01 3889
996.603 1462.01 3889
989.973 1462.01 3889
981.067 1458.63 3880
974.453 1458.63 3880
967.839 1458.63 3880
961.224 1458.63 3880
950.181 1451.86 3862
943.597 1451.86 3862
939.197 1455.24 3871
934.766 1458.63 3880
928.152 1458.63 3880
925.813 1465.39 3898
930.015 1482.69 3944
925.398 1486.07 3953
918.659 1486.07 3953
911.92 1486.07 3953
905.181 1486.07 3953
898.443 1486.07 3953
879.297 1465.39 3898
870.637 1462.01 3889
864.007 1462.01 3889
857.378 1462.01 3889
850.748 1462.01 3889
836.304 1448.48 3853
827.798 1445.09 3844
821.245 1445.09 3844
809.181 1435.32 3818
800.78 1431.94 3809
794.287 1431.94 3809
787.793 1431.94 3809
777.813 1425.54 3792
771.349 1425.54 3792
761.253 1418.78 3774
754.82 1418.78 3774
745.015 1412.39 3757
738.61 1412.39 3757
730.646 1409.38 3749
724.255 1409.38 3749
717.864 1409.38 3749
709.765 1406 3740
701.885 1402.99 3732
695.523 1402.99 3732
687.683 1399.98 3724
679.871 1396.97 3716
670.455 1390.58 3699
664.149 1390.58 3699
656.42 1387.58 3691
648.719 1384.57 3683
639.65 1378.55 3667
633.398 1378.55 3667
627.147 1378.55 3667
620.896 1378.55 3667
613.136 1375.17 3658
606.9 1375.17 3658
600.664 1375.17 3658
594.428 1375.17 3658
586.906 1372.16 3650
580.683 1372.16 3650
574.461 1372.16 3650
565.903 1366.52 3635
557.243 1360.51 3619
551.073 1360.51 3619
542.495 1354.49 3603
536.353 1354.49 3603
528.003 1348.85 3588
521.886 1348.85 3588
515.77 1348.85 3588
509.653 1348.85 3588
503.537 1348.85 3588
497.42 1348.85 3588
491.303 1348.85 3588
485.187 1348.85 3588
479.07 1348.85 3588
472.953 1348.85 3588
465.796 1345.85 3580
457.767 1340.21 3565
450.676 1337.2 3557
444.612 1337.2 3557
436.699 1331.56 3542
430.661 1331.56 3542
424.622 1331.56 3542
418.584 1331.56 3542
411.614 1328.55 3534
403.065 1320.28 3512
396.286 1317.65 3505
390.311 1317.65 3505
383.459 1314.64 3497
375.23 1306.75 3476
367.711 1301.11 3461
361.079 1298.48 3454
355.191 1298.48 3454
346.471 1287.95 3426
339.238 1282.69 3412
332.738 1280.06 3405
326.933 1280.06 3405
-5.92897 170.298 453
-6.70122 170.298 453
-7.47347 170.298 453
-8.24572 170.298 453
-9.01797 170.298 453
-9.72539 169.171 450
-10.4226 168.043 447
-11.1846 168.043 447
-11.9466 168.043 447
-12.7086 168.043 447
-13.3803 166.915 444
-14.0735 166.163 442
-14.7934 165.787 441
-15.5452 165.787 441
-16.2601 165.411 440
-16.9715 165.035 439
-17.7199 165.035 439
-18.4683 165.035 439
-19.2167 165.035 439
-19.965 165.035 439
-20.6662 164.659 438
-21.4129 164.659 438
-22.1596 164.659 438
-22.854 164.284 437
-23.4909 163.532 435
-24.1768 163.156 434
-24.9167 163.156 434
-29.7698 157.517 419
-30.4841 157.517 419
-31.1984 157.517 419
-31.9127 157.517 419
-32.4712 156.765 417
-33.1821 156.765 417
-33.893 156.765 417
-34.5209 156.389 416
-35.0607 155.637 414
-35.6801 155.261 413
-36.3841 155.261 413
-37.0882 155.261 413
-37.7007 154.885 412
-38.3099 154.509 411
-39.0105 154.509 411
-39.7112 154.509 411
-40.3135 154.133 410
-40.9124 153.757 409
-41.5079 153.381 408
-42.2035 153.381 408
-42.7939 153.005 407
-43.3808 152.63 406
-44.073 152.63 406
-44.7651 152.63 406
-45.4572 152.63 406
-46.0357 152.254 405
-46.7261 152.254 405
-47.4165 152.254 405
-47.9882 151.878 404
-48.6769 151.878 404
-49.2434 151.502 403
-49.9304 151.502 403
-50.6174 151.502 403
-51.3045 151.502 403
-51.7334 150.75 401
-63.7189 149.998 399
-64.3991 149.998 399
-65.0793 149.998 399
-65.7595 149.998 399
-66.4397 149.998 399
-67.1199 149.998 399
-67.8001 149.998 399
-68.4803 149.998 399
-69.1605 149.998 399
-69.6656 149.622 398
-70.5209 149.998 399
-71.2011 149.998 399
-72.0614 150.374 400
-72.7433 150.374 400
-73.4252 150.374 400
-74.1071 150.374 400
-74.789 150.374 400
-75.2822 149.998 399
-76.1528 150.374 400
-76.8347 150.374 400
-77.7104 150.75 401
-78.394 150.75 401
-79.0776 150.75 401
-79.7612 150.75 401
-80.4448 150.75 401
-81.3307 151.126 402
-82.016 151.126 402
-82.9071 151.502 403
-83.5941 151.502 403
-84.4902 151.878 404
-85.1789 151.878 404
-86.0802 152.254 405
-86.7706 152.254 405
-87.4611 152.254 405
-88.1515 152.254 405
-89.0613 152.63 406
-89.7534 152.63 406
-90.4455 152.63 406
-91.1376 152.63 406
-91.8298 152.63 406
-92.5219 152.63 406
-93.214 152.63 406
-101.437 160.148 426
-102.163 160.148 426
-102.889 160.148 426
-103.616 160.148 426
-104.342 160.148 426
-105.068 160.148 426
-105.794 160.148 426
-106.521 160.148 426
-107.498 160.524 427
-108.48 160.9 428
-109.465 161.276 429
-110.196 161.276 429
-111.444 162.028 431
-112.44 162.404 432
-113.438 162.78 433
-114.176 162.78 433
-115.18 163.156 434
-116.454 163.908 436
-117.197 163.908 436
-118.211 164.284 437
-119.228 164.659 438
-120.249 165.035 439
-120.997 165.035 439
-121.745 165.035 439
-122.773 165.411 440
-123.523 165.411 440
-124.555 165.787 441
-125.307 165.787 441
-126.345 166.163 442
-127.098 166.163 442
-127.852 166.163 442
-128.605 166.163 442
-129.359 166.163 442
-130.112 166.163 442
-131.458 166.915 444
-132.513 167.291 445
-133.271 167.291 445
-134.03 167.291 445
-134.788 167.291 445
-912.246 950.363 2528
-916.555 950.363 2528
-920.865 950.363 2528
-920.783 945.852 2516
-916.983 937.581 2494
-921.235 937.581 2494
-919.92 931.942 2479
-924.146 931.942 2479
-928.372 931.942 2479
-932.599 931.942 2479
-921.709 916.905 2439
-917.895 909.01 2418
-894.562 881.943 2346
-898.561 881.943 2346
-893.712 873.297 2323
-891.489 867.282 2307
-893.093 865.026 2301
-894.677 862.77 2295
-898.589 862.77 2295
-901.322 861.643 2292
-901.28 857.883 2282
-902.79 855.628 2276
-906.67 855.628 2276
-908.15 853.372 2270
-912.02 853.372 2270
-914.679 852.244 2267
-918.544 852.244 2267
-922.408 852.244 2267
-926.273 852.244 2267
-928.907 851.116 2264
-932.766 851.116 2264
-933.73 848.485 2257
-935.085 846.229 2251
-936.42 843.974 2245
-940.247 843.974 2245
-942.812 842.846 2242
-944.101 840.59 2236
-946.641 839.462 2233
-950.448 839.462 2233
-950.409 836.079 2224
-946.906 829.688 2207
-946.792 826.305 2198
-950.539 826.305 2198
-951.681 824.049 2192
-952.802 821.793 2186
-954.341 819.914 2181
-958.059 819.914 2181
-959.131 817.658 2175
-961.511 816.53 2172
-962.992 814.651 2167
-966.686 814.651 2167
-970.38 814.651 2167
-972.726 813.523 2164
-976.415 813.523 2164
-980.104 813.523 2164
-981.065 811.267 2158
-983.375 810.139 2155
-986.133 809.388 2153
-989.803 809.388 2153
-990.705 807.132 2147
-992.976 806.004 2144
-996.631 806.004 2144
-1000.29 806.004 2144
-1003.94 806.004 2144
-1006.66 805.252 2142
-1008.89 804.125 2139
-1012.54 804.125 2139
-1016.19 804.125 2139
-1018.4 802.997 2136
-1020.61 801.869 2133
-1024.24 801.869 2133
-1026.92 801.117 2131
-1027.65 798.861 2125
-1028.84 796.982 2120
-1032.46 796.982 2120
-1032.16 793.974 2112
-1034.29 792.846 2109
-1037.89 792.846 2109
-1041.48 792.846 2109
-1042.6 790.967 2104
-1046.19 790.967 2104
-1046.78 788.711 2098
-1050.36 788.711 2098
-1051.42 786.832 2093
-1052.47 784.952 2088
-1054.51 783.824 2085
-1058.06 783.824 2085
-1058.05 781.193 2078
-1058.53 778.937 2072
-1059.5 777.057 2067
-1063.03 777.057 2067
1856.46 1530.22 4089
1849.49 1530.22 4089
1842.52 1530.22 4089
1835.55 1530.22 4089
1828.57 1530.22 4089
1730.98 1530.22 4089
1724.01 1530.22 4089
1717.04 1530.22 4089
1689.16 1511.51 4039
1682.28 1511.51 4039
1651.75 1490.18 3982
1644.96 1490.18 3982
1638.17 1490.18 3982
1639.17 1497.29 4001
1636.02 1500.66 4010
1637.31 1508.14 4030
1630.44 1508.14 4030
1639.28 1522.74 4069
1632.34 1522.74 4069
1625.41 1522.74 4069
1618.47 1522.74 4069
1603.61 1515.25 4049
1596.71 1515.25 4049
1597.66 1522.74 4069
1590.72 1522.74 4069
1583.79 1522.74 4069
1584.6 1530.22 4089
1577.63 1530.22 4089
1570.66 1530.22 4089
1563.69 1530.22 4089
1493.98 1530.22 4089
1487.01 1530.22 4089
1480.04 1530.22 4089
1473.07 1530.22 4089
1466.1 1530.22 4089
1459.13 1530.22 4089
1448.6 1526.48 4079
1434.58 1518.99 4059
1427.66 1518.99 4059
1410.59 1508.14 4030
1403.72 1508.14 4030
1389.92 1500.66 4010
1383.08 1500.66 4010
1369.73 1493.55 3991
1362.92 1493.55 3991
1343.21 1479.33 3953
1336.47 1479.33 3953
1326.7 1475.96 3944
1319.98 1475.96 3944
1310.26 1472.59 3935
1303.55 1472.59 3935
1296.84 1472.59 3935
1293.09 1475.96 3944
1286.36 1475.96 3944
1282.56 1479.33 3953
1275.82 1479.33 3953
1275.18 1486.44 3972
1268.41 1486.44 3972
1261.64 1486.44 3972
1246.02 1475.96 3944
1230.5 1465.48 3916
1218.2 1458.74 3898
1214.35 1462.11 3907
1207.69 1462.11 3907
1201.03 1462.11 3907
1194.37 1462.11 3907
1187.71 1462.11 3907
1181.05 1462.11 3907
1168.98 1455.38 3889
1162.35 1455.38 3889
1153.04 1452.01 3880
1149.09 1455.38 3889
1142.46 1455.38 3889
1135.83 1455.38 3889
1129.2 1455.38 3889
1122.57 1455.38 3889
1113.36 1452.01 3880
1106.74 1452.01 3880
1097.58 1448.64 3871
1093.51 1452.01 3880
1086.9 1452.01 3880
1085.3 1458.74 3898
1078.65 1458.74 3898
1072.01 1458.74 3898
1062.9 1455.38 3889
1044.05 1438.54 3844
1035.07 1435.17 3835
1033.36 1441.9 3853
1026.79 1441.9 3853
1027.37 1452.01 3880
1020.75 1452.01 3880
1016.49 1455.38 3889
1009.86 1455.38 3889
1003.23 1455.38 3889
996.603 1455.38 3889
989.973 1455.38 3889
981.067 1452.01 3880
974.453 1452.01 3880
967.839 1452.01 3880
961.224 1452.01 3880
950.181 1445.27 3862
943.597 1445.27 3862
939.197 1448.64 3871
934.766 1452.01 3880
928.152 1452.01 3880
925.813 1458.74 3898
932.137 1479.33 3953
925.398 1479.33 3953
918.659 1479.33 3953
911.92 1479.33 3953
905.181 1479.33 3953
898.443 1479.33 3953
883.357 1465.48 3916
876.682 1465.48 3916
870.006 1465.48 3916
863.33 1465.48 3916
852.717 1458.74 3898
840.211 1448.64 3871
827.798 1438.54 3844
821.245 1438.54 3844
810.877 1431.8 3826
802.672 1428.81 3818
796.164 1428.81 3818
789.655 1428.81 3818
781.3 1425.44 3809
771.349 1419.08 3792
763.069 1415.71 3783
756.62 1415.71 3783
748.386 1412.34 3774
740.38 1409.35 3766
730.646 1402.98 3749
724.255 1402.98 3749
717.864 1402.98 3749
709.765 1399.62 3740
703.389 1399.62 3740
697.013 1399.62 3740
689.16 1396.62 3732
681.335 1393.63 3724
671.905 1387.27 3707
665.585 1387.27 3707
657.843 1384.27 3699
650.128 1381.28 3691
642.44 1378.28 3683
636.162 1378.28 3683
627.147 1372.3 3667
620.896 1372.3 3667
614.644 1372.3 3667
608.393 1372.3 3667
602.142 1372.3 3667
595.89 1372.3 3667
589.639 1372.3 3667
583.388 1372.3 3667
577.136 1372.3 3667
568.239 1365.93 3650
559.707 1360.32 3635
553.51 1360.32 3635
544.904 1354.33 3619
537.544 1351.34 3611
530.211 1348.35 3603
524.068 1348.35 3603
516.776 1345.35 3595
510.647 1345.35 3595
504.519 1345.35 3595
498.39 1345.35 3595
492.262 1345.35 3595
486.133 1345.35 3595
480.005 1345.35 3595
473.876 1345.35 3595
466.837 1342.73 3588
459.693 1339.74 3580
451.689 1334.13 3565
445.612 1334.13 3565
438.548 1331.13 3557
430.661 1325.52 3542
424.622 1325.52 3542
418.584 1325.52 3542
411.614 1322.52 3534
403.983 1317.29 3520
396.286 1311.67 3505
390.311 1311.67 3505
383.459 1308.68 3497
375.23 1300.82 3476
367.711 1295.21 3461
361.079 1292.59 3454
355.191 1292.59 3454
346.471 1282.11 3426
339.238 1276.87 3412
332.738 1274.25 3405
326.933 1274.25 3405
-14.0098 164.661 440
-14.7599 164.661 440
-15.51 164.661 440
-16.2231 164.286 439
-16.9715 164.286 439
-17.7199 164.286 439
-18.4683 164.286 439
-19.2167 164.286 439
-19.965 164.286 439
-20.6662 163.912 438
-21.364 163.538 437
-22.109 163.538 437
-22.7494 162.789 435
-23.4369 162.415 434
-29.7698 156.802 419
-30.4841 156.802 419
-31.1984 156.802 419
-31.9127 156.802 419
-32.4712 156.053 417
-33.1821 156.053 417
-33.893 156.053 417
-34.5209 155.679 416
-35.0607 154.931 414
-35.6801 154.556 413
-36.3841 154.556 413
-36.9984 154.182 412
-37.7007 154.182 412
-38.3099 153.808 411
-39.0105 153.808 411
-39.7112 153.808 411
-40.3135 153.434 410
-40.8124 152.685 408
-41.5079 152.685 408
-42.2035 152.685 408
-42.7939 152.311 407
-43.3808 151.937 406
-44.073 151.937 406
-44.7651 151.937 406
-45.4572 151.937 406
-46.0357 151.563 405
-46.7261 151.563 405
-47.4165 151.563 405
-47.9882 151.188 404
-48.6769 151.188 404
-49.2434 150.814 403
-49.9304 150.814 403
-50.6174 150.814 403
-51.3045 150.814 403
-51.7334 150.066 401
-52.7034 148.943 398
-53.3819 148.943 398
-54.0604 148.943 398
-54.7389 148.943 398
-55.4173 148.943 398
-56.0958 148.943 398
-56.6317 148.569 397
-63.0387 149.317 399
-63.7189 149.317 399
-64.3991 149.317 399
-65.0793 149.317 399
-65.7595 149.317 399
-66.4397 149.317 399
-67.1199 149.317 399
-67.8001 149.317 399
-68.4803 149.317 399
-69.1605 149.317 399
-69.6656 148.943 398
-70.5209 149.317 399
-71.2011 149.317 399
-72.0614 149.691 400
-72.7433 149.691 400
-73.4252 149.691 400
-74.1071 149.691 400
-74.789 149.691 400
-75.4709 149.691 400
-76.1528 149.691 400
-76.8347 149.691 400
-77.7104 150.066 401
-78.394 150.066 401
-79.0776 150.066 401
-79.7612 150.066 401
-80.4448 150.066 401
-81.3307 150.44 402
-82.016 150.44 402
-83.1128 151.188 404
-83.8015 151.188 404
-84.4902 151.188 404
-85.3898 151.563 405
-86.0802 151.563 405
-86.7706 151.563 405
-87.4611 151.563 405
-88.3691 151.937 406
-89.0613 151.937 406
-89.7534 151.937 406
-90.4455 151.937 406
-91.1376 151.937 406
-92.056 152.311 407
-92.7498 152.311 407
-93.4436 152.311 407
-101.437 159.421 426
-102.163 159.421 426
-102.889 159.421 426
-103.616 159.421 426
-104.342 159.421 426
-105.068 159.421 426
-105.794 159.421 426
-106.521 159.421 426
-107.498 159.796 427
-108.48 160.17 428
-109.465 160.544 429
-110.196 160.544 429
-111.444 161.293 431
-112.44 161.667 432
-113.176 161.667 432
-114.176 162.041 433
-115.18 162.415 434
-116.454 163.164 436
-117.197 163.164 436
-118.211 163.538 437
-119.228 163.912 438
-120.249 164.286 439
-120.997 164.286 439
-121.745 164.286 439
-122.773 164.661 440
-123.523 164.661 440
-124.555 165.035 441
-125.307 165.035 441
-126.345 165.409 442
-127.098 165.409 442
-127.852 165.409 442
-128.605 165.409 442
-129.359 165.409 442
-130.112 165.409 442
-131.458 166.158 444
-132.513 166.532 445
-133.271 166.532 445
-134.03 166.532 445
-134.788 166.532 445
-920.046 923.596 2468
-924.253 923.596 2468
-928.46 923.596 2468
-914.906 906.008 2421
-899.673 886.922 2370
-894.562 877.94 2346
-898.561 877.94 2346
-892.558 868.211 2320
-890.33 862.223 2304
-893.093 861.1 2301
-893.508 857.732 2292
-897.415 857.732 2292
-898.569 855.113 2285
-898.91 851.745 2276
-901.6 850.622 2273
-905.475 850.622 2273
-908.15 849.499 2270
-912.02 849.499 2270
-914.679 848.376 2267
-918.544 848.376 2267
-922.408 848.376 2267
-926.273 848.376 2267
-928.907 847.254 2264
-932.766 847.254 2264
-931.248 842.389 2251
-933.839 841.266 2248
-936.42 840.143 2245
-940.247 840.143 2245
-941.551 837.898 2239
-944.101 836.775 2236
-946.641 835.653 2233
-950.448 835.653 2233
-950.409 832.285 2224
-944.332 823.677 2201
-946.792 822.555 2198
-950.539 822.555 2198
-951.681 820.309 2192
-952.802 818.064 2186
-954.341 816.193 2181
-958.059 816.193 2181
-959.131 813.947 2175
-961.511 812.825 2172
-962.992 810.954 2167
-966.686 810.954 2167
-970.38 810.954 2167
-972.726 809.831 2164
-976.415 809.831 2164
-980.104 809.831 2164
-981.065 807.586 2158
-983.375 806.463 2155
-986.133 805.714 2153
-989.803 805.714 2153
-990.705 803.469 2147
-992.976 802.346 2144
-996.631 802.346 2144
-1000.29 802.346 2144
-1003.94 802.346 2144
-1006.66 801.598 2142
-1008.89 800.475 2139
-1012.54 800.475 2139
-1016.19 800.475 2139
-1018.4 799.352 2136
-1020.61 798.23 2133
-1024.24 798.23 2133
-1026.92 797.481 2131
-1027.65 795.236 2125
-1028.84 793.365 2120
-1032.46 793.365 2120
-1032.16 790.371 2112
-1035.76 790.371 2112
-1037.89 789.248 2109
-1041.48 789.248 2109
-1042.6 787.377 2104
-1046.19 787.377 2104
-1046.78 785.132 2098
-1050.36 785.132 2098
-1051.42 783.261 2093
-1052.47 781.39 2088
-1054.51 780.267 2085
-1058.06 780.267 2085
-1056.53 776.525 2075
-1057.51 774.653 2070
-1055.91 770.911 2060
-1059.43 770.911 2060
1639.72 1472.58 3953
1632.98 1472.58 3953
1626.24 1472.58 3953
1639.17 1490.46 4001
1640.1 1497.54 4020
1640.96 1504.62 4039
1634.08 1504.62 4039
1639.28 1515.79 4069
1632.34 1515.79 4069
1625.41 1515.79 4069
1618.47 1515.79 4069
1603.61 1508.34 4049
1576 1508.34 4049
1584.6 1523.24 4089
1577.63 1523.24 4089
1570.66 1523.24 4089
1563.69 1523.24 4089
1493.98 1523.24 4089
1487.01 1523.24 4089
1480.04 1523.24 4089
1473.07 1523.24 4089
1466.1 1523.24 4089
1459.13 1523.24 4089
1452.16 1523.24 4089
1438.12 1515.79 4069
1431.18 1515.79 4069
1417.24 1508.34 4049
1403.72 1501.27 4030
1396.85 1501.27 4030
1389.98 1501.27 4030
1376.25 1493.82 4010
1362.92 1486.74 3991
1356.12 1486.74 3991
1349.32 1486.74 3991
1329.73 1472.58 3953
1322.99 1472.58 3953
1313.26 1469.23 3944
1306.53 1469.23 3944
1299.81 1469.23 3944
1293.09 1469.23 3944
1289.3 1472.58 3953
1288.72 1479.66 3972
1281.95 1479.66 3972
1275.18 1479.66 3972
1268.41 1479.66 3972
1261.64 1479.66 3972
1254.87 1479.66 3972
1239.3 1469.23 3944
1223.82 1458.8 3916
1217.15 1458.8 3916
1210.47 1458.8 3916
1203.8 1458.8 3916
1197.12 1458.8 3916
1187.71 1455.45 3907
1181.05 1455.45 3907
1168.98 1448.74 3889
1159.66 1445.39 3880
1153.04 1445.39 3880
1151.75 1452.09 3898
1145.1 1452.09 3898
1143.71 1458.8 3916
1137.04 1458.8 3916
1130.36 1458.8 3916
1121.1 1455.45 3907
1111.88 1452.09 3898
1105.23 1452.09 3898
1103.66 1458.8 3916
1096.98 1458.8 3916
1092.81 1462.15 3925
1086.12 1462.15 3925
1079.43 1462.15 3925
1072.74 1462.15 3925
1056.27 1448.74 3889
1039.92 1435.33 3853
1040.6 1445.39 3880
1033.98 1445.39 3880
1029.75 1448.74 3889
1025.49 1452.09 3898
1021.2 1455.45 3907
1014.54 1455.45 3907
1007.88 1455.45 3907
1001.22 1455.45 3907
994.555 1455.45 3907
985.619 1452.09 3898
978.974 1452.09 3898
972.328 1452.09 3898
965.683 1452.09 3898
959.038 1452.09 3898
950.194 1448.74 3889
945.748 1452.09 3898
941.271 1455.45 3907
934.611 1455.45 3907
936.738 1469.23 3944
932.137 1472.58 3953
925.398 1472.58 3953
918.659 1472.58 3953
911.92 1472.58 3953
905.181 1472.58 3953
898.443 1472.58 3953
883.357 1458.8 3916
876.682 1458.8 3916
870.006 1458.8 3916
863.33 1458.8 3916
852.717 1452.09 3898
840.211 1442.03 3871
827.798 1431.98 3844
821.245 1431.98 3844
810.877 1425.27 3826
802.672 1422.29 3818
796.164 1422.29 3818
789.655 1422.29 3818
781.3 1418.94 3809
771.349 1412.61 3792
763.069 1409.25 3783
756.62 1409.25 3783
748.386 1405.9 3774
740.38 1402.92 3766
730.646 1396.59 3749
724.255 1396.59 3749
717.864 1396.59 3749
711.473 1396.59 3749
703.389 1393.23 3740
697.013 1393.23 3740
689.16 1390.25 3732
681.335 1387.27 3724
673.536 1384.29 3716
667.201 1384.29 3716
659.266 1380.94 3707
651.537 1377.96 3699
642.44 1372 3683
636.162 1372 3683
629.883 1372 3683
622.25 1369.02 3675
615.985 1369.02 3675
609.72 1369.02 3675
603.455 1369.02 3675
597.19 1369.02 3675
590.925 1369.02 3675
584.661 1369.02 3675
577.136 1366.04 3667
570.885 1366.04 3667
562.016 1359.71 3650
555.794 1359.71 3650
547.313 1354.12 3635
541.116 1354.12 3635
533.742 1351.14 3627
527.559 1351.14 3627
520.226 1348.16 3619
514.057 1348.16 3619
507.887 1348.16 3619
501.718 1348.16 3619
495.548 1348.16 3619
489.379 1348.16 3619
483.209 1348.16 3619
477.04 1348.16 3619
469.829 1345.18 3611
461.619 1339.22 3595
454.603 1336.61 3588
448.487 1336.61 3588
440.398 1330.65 3572
432.484 1325.06 3557
426.421 1325.06 3557
420.357 1325.06 3557
412.546 1319.47 3542
405.59 1316.49 3534
397.982 1311.28 3520
391.981 1311.28 3520
384.336 1305.69 3505
376.742 1300.1 3490
369.305 1294.89 3476
363.379 1294.89 3476
355.191 1286.69 3454
347.887 1281.48 3440
339.238 1271.05 3412
333.422 1271.05 3412
327.605 1271.05 3412
-14.7263 163.537 439
-15.4747 163.537 439
-16.2231 163.537 439
-16.9715 163.537 439
-17.7199 163.537 439
-18.4683 163.537 439
-19.1729 163.165 438
-19.9196 163.165 438
-20.6191 162.792 437
-21.3151 162.42 436
-22.0584 162.42 436
-22.7494 162.047 435
-23.4369 161.675 434
-29.7698 156.087 419
-30.4841 156.087 419
-31.1984 156.087 419
-31.9127 156.087 419
-32.4712 155.342 417
-33.1821 155.342 417
-33.893 155.342 417
-34.5209 154.969 416
-35.0607 154.224 414
-35.6801 153.852 413
-36.3841 153.852 413
-36.9984 153.479 412
-37.7007 153.479 412
-38.3099 153.107 411
-38.9156 152.734 410
-39.6146 152.734 410
-40.3135 152.734 410
-40.8124 151.989 408
-41.4062 151.617 407
-42.1 151.617 407
-42.7939 151.617 407
-43.3808 151.244 406
-44.073 151.244 406
-44.7651 151.244 406
-45.3453 150.872 405
-46.0357 150.872 405
-46.6107 150.499 404
-47.2995 150.499 404
-47.9882 150.499 404
-48.5564 150.127 403
-49.2434 150.127 403
-49.8065 149.754 402
-50.4918 149.754 402
-51.0498 149.382 401
-51.7334 149.382 401
-52.7034 148.264 398
-53.3819 148.264 398
-54.0604 148.264 398
-54.7389 148.264 398
-55.4173 148.264 398
-56.0958 148.264 398
-56.6317 147.891 397
-57.9852 147.891 397
-58.662 147.891 397
-59.6378 148.637 399
-60.318 148.637 399
-60.9981 148.637 399
-61.6783 148.637 399
-62.3585 148.637 399
-63.0387 148.637 399
-63.7189 148.637 399
-64.3991 148.637 399
-65.0793 148.637 399
-65.7595 148.637 399
-66.4397 148.637 399
-67.1199 148.637 399
-67.8001 148.637 399
-68.4803 148.637 399
-69.1605 148.637 399
-69.6656 148.264 398
-70.5209 148.637 399
-71.2011 148.637 399
-72.0614 149.009 400
-72.7433 149.009 400
-73.4252 149.009 400
-74.1071 149.009 400
-74.789 149.009 400
-75.4709 149.009 400
-76.1528 149.009 400
-76.8347 149.009 400
-77.7104 149.382 401
-78.394 149.382 401
-79.0776 149.382 401
-79.7612 149.382 401
-80.4448 149.382 401
-81.3307 149.754 402
-82.016 149.754 402
-83.1128 150.499 404
-83.8015 150.499 404
-84.4902 150.499 404
-85.3898 150.872 405
-86.0802 150.872 405
-86.7706 150.872 405
-87.677 151.244 406
-88.3691 151.244 406
-89.0613 151.244 406
-89.7534 151.244 406
-90.4455 151.244 406
-91.1376 151.244 406
-92.056 151.617 407
-92.7498 151.617 407
-93.4436 151.617 407
-101.437 158.695 426
-102.163 158.695 426
-102.889 158.695 426
-103.616 158.695 426
-104.342 158.695 426
-105.068 158.695 426
-105.794 158.695 426
-106.521 158.695 426
-107.498 159.067 427
-108.48 159.44 428
-109.465 159.812 429
-110.196 159.812 429
-111.444 160.557 431
-112.44 160.93 432
-113.176 160.93 432
-114.176 161.302 433
-115.18 161.675 434
-116.454 162.42 436
-117.197 162.42 436
-118.211 162.792 437
-119.228 163.165 438
-120.249 163.537 439
-120.997 163.537 439
-121.745 163.537 439
-122.773 163.91 440
-123.523 163.91 440
-124.555 164.282 441
-125.307 164.282 441
-126.345 164.655 442
-127.098 164.655 442
-127.852 164.655 442
-128.605 164.655 442
-129.359 164.655 442
-130.112 164.655 442
-131.162 165.027 443
-132.215 165.4 444
-132.972 165.4 444
-133.729 165.4 444
-882.564 873.938 2346
-886.563 873.938 2346
-890.563 873.938 2346
-884.648 864.252 2320
-882.475 858.292 2304
-886.402 858.292 2304
-886.852 854.939 2295
-889.6 853.822 2292
-889.609 850.097 2282
-893.499 850.097 2282
-895.03 847.861 2276
-896.54 845.626 2270
-899.22 844.509 2267
-903.085 844.509 2267
-906.95 844.509 2267
-908.404 842.274 2261
-912.258 842.274 2261
-918.544 844.509 2267
-922.408 844.509 2267
-926.273 844.509 2267
-928.907 843.391 2264
-932.766 843.391 2264
-931.248 838.548 2251
-933.839 837.431 2248
-936.42 836.313 2245
-940.247 836.313 2245
-941.551 834.078 2239
-944.101 832.961 2236
-946.641 831.843 2233
-950.448 831.843 2233
-950.409 828.49 2224
-944.332 819.922 2201
-946.792 818.805 2198
-950.539 818.805 2198
-951.681 816.57 2192
-952.802 814.334 2186
-954.341 812.472 2181
-958.059 812.472 2181
-959.131 810.237 2175
-961.511 809.119 2172
-962.992 807.256 2167
-966.686 807.256 2167
-969.037 806.139 2164
-972.726 806.139 2164
-973.708 803.904 2158
-977.387 803.904 2158
-979.702 802.786 2155
-981.094 800.924 2150
-984.759 800.924 2150
-988.424 800.924 2150
-989.321 798.688 2144
-992.976 798.688 2144
-995.701 797.943 2142
-999.353 797.943 2142
-1003 797.943 2142
-1006.66 797.943 2142
-1008.89 796.826 2139
-1012.54 796.826 2139
-1016.19 796.826 2139
-1018.4 795.708 2136
-1020.61 794.591 2133
-1024.24 794.591 2133
-1026.92 793.846 2131
-1027.65 791.61 2125
-1028.84 789.748 2120
-1032.46 789.748 2120
-1032.16 786.768 2112
-1035.76 786.768 2112
-1037.89 785.65 2109
-1041.48 785.65 2109
-1042.6 783.788 2104
-1046.19 783.788 2104
-1046.78 781.552 2098
-1050.36 781.552 2098
-1051.42 779.69 2093
-1052.47 777.827 2088
-1054.51 776.71 2085
-1058.06 776.71 2085
-1056.53 772.984 2075
-1057.51 771.122 2070
-1055.91 767.397 2060
-1059.43 767.397 2060
1627.29 1472.88 3972
1640.1 1490.68 4020
1640.96 1497.73 4039
1634.08 1497.73 4039
1639.28 1508.85 4069
1632.34 1508.85 4069
1625.41 1508.85 4069
1618.47 1508.85 4069
1480.04 1516.27 4089
1473.07 1516.27 4089
1466.1 1516.27 4089
1459.13 1516.27 4089
1452.16 1516.27 4089
1438.12 1508.85 4069
1431.18 1508.85 4069
1417.24 1501.44 4049
1403.72 1494.39 4030
1396.85 1494.39 4030
1389.98 1494.39 4030
1376.25 1486.97 4010
1362.92 1479.93 3991
1356.12 1479.93 3991
1349.32 1479.93 3991
1329.73 1465.84 3953
1322.99 1465.84 3953
1313.26 1462.5 3944
1306.53 1462.5 3944
1299.81 1462.5 3944
1293.09 1462.5 3944
1289.3 1465.84 3953
1288.72 1472.88 3972
1281.95 1472.88 3972
1275.18 1472.88 3972
1268.41 1472.88 3972
1261.64 1472.88 3972
1254.87 1472.88 3972
1245.27 1469.55 3963
1232.57 1462.5 3944
1225.85 1462.5 3944
1219.13 1462.5 3944
1206.56 1455.45 3925
1199.87 1455.45 3925
1193.18 1455.45 3925
1181.05 1448.78 3907
1174.39 1448.78 3907
1162.35 1442.11 3889
1155.72 1442.11 3889
1157.06 1452.12 3916
1150.39 1452.12 3916
1146.34 1455.45 3925
1139.65 1455.45 3925
1132.96 1455.45 3925
1126.27 1455.45 3925
1114.44 1448.78 3907
1107.78 1448.78 3907
1106.2 1455.45 3925
1099.5 1455.45 3925
1092.81 1455.45 3925
1086.12 1455.45 3925
1079.43 1455.45 3925
1072.74 1455.45 3925
1058.71 1445.44 3898
1047.21 1438.77 3880
1045.42 1445.44 3898
1038.78 1445.44 3898
1032.13 1445.44 3898
1025.49 1445.44 3898
1025.9 1455.45 3925
1019.21 1455.45 3925
1012.52 1455.45 3925
1005.83 1455.45 3925
999.137 1455.45 3925
987.894 1448.78 3907
983.494 1452.12 3916
979.063 1455.45 3925
972.372 1455.45 3925
965.681 1455.45 3925
956.791 1452.12 3916
950.115 1452.12 3916
950.185 1462.5 3944
943.462 1462.5 3944
938.876 1465.84 3953
941.097 1479.93 3991
934.294 1479.93 3991
927.49 1479.93 3991
920.687 1479.93 3991
913.883 1479.93 3991
907.079 1479.93 3991
891.704 1465.84 3953
880.935 1459.16 3935
872.005 1455.45 3925
865.314 1455.45 3925
858.623 1455.45 3925
846.071 1445.44 3898
831.674 1432.09 3862
825.09 1432.09 3862
814.691 1425.42 3844
808.138 1425.42 3844
797.832 1418.74 3826
791.31 1418.74 3826
781.3 1412.44 3809
772.976 1409.1 3800
763.069 1402.8 3783
756.62 1402.8 3783
750.171 1402.8 3783
740.38 1396.49 3766
733.959 1396.49 3766
727.539 1396.49 3766
719.396 1393.16 3757
711.473 1390.19 3749
703.389 1386.85 3740
697.013 1386.85 3740
689.16 1383.89 3732
681.335 1380.92 3724
673.536 1377.95 3716
667.201 1377.95 3716
659.266 1374.62 3707
651.537 1371.65 3699
642.44 1365.72 3683
636.162 1365.72 3683
629.883 1365.72 3683
622.25 1362.75 3675
615.985 1362.75 3675
609.72 1362.75 3675
603.455 1362.75 3675
597.19 1362.75 3675
590.925 1362.75 3675
584.661 1362.75 3675
577.136 1359.78 3667
570.885 1359.78 3667
562.016 1353.48 3650
555.794 1353.48 3650
548.367 1350.51 3642
542.158 1350.51 3642
534.92 1347.92 3635
528.723 1347.92 3635
522.526 1347.92 3635
516.329 1347.92 3635
510.133 1347.92 3635
503.936 1347.92 3635
497.739 1347.92 3635
491.542 1347.92 3635
485.345 1347.92 3635
479.149 1347.92 3635
471.911 1344.95 3627
463.673 1339.02 3611
455.49 1333.09 3595
449.362 1333.09 3595
442.37 1330.49 3588
434.308 1324.56 3572
428.219 1324.56 3572
422.129 1324.56 3572
415.225 1321.96 3565
408.229 1318.99 3557
400.469 1313.43 3542
394.431 1313.43 3542
385.981 1305.27 3520
378.361 1299.71 3505
370.792 1294.15 3490
364.842 1294.15 3490
357.453 1288.96 3476
350.718 1285.99 3468
343.414 1280.8 3454
337.526 1280.8 3454
330.294 1275.61 3440
-14.7263 162.788 439
-15.4747 162.788 439
-16.2231 162.788 439
-16.9715 162.788 439
-17.7199 162.788 439
-18.4683 162.788 439
-19.2167 162.788 439
-19.9196 162.418 438
-20.6662 162.418 438
-21.4129 162.418 438
-22.109 162.047 437
-22.7494 161.305 435
-23.4369 160.934 434
-29.6988 155.001 418
-30.4113 155.001 418
-31.1239 155.001 418
-31.8365 155.001 418
-32.4712 154.63 417
-33.1821 154.63 417
-33.893 154.63 417
-34.4379 153.889 415
-35.0607 153.518 414
-35.6801 153.147 413
-36.3841 153.147 413
-36.9984 152.776 412
-37.7007 152.776 412
-38.3099 152.406 411
-38.9156 152.035 410
-39.6146 152.035 410
-40.3135 152.035 410
-40.8124 151.293 408
-41.4062 150.922 407
-42.1 150.922 407
-42.7939 150.922 407
-43.3808 150.551 406
-43.9644 150.181 405
-44.6548 150.181 405
-45.3453 150.181 405
-46.0357 150.181 405
-46.6107 149.81 404
-47.2995 149.81 404
-47.9882 149.81 404
-48.5564 149.439 403
-49.1212 149.068 402
-49.6826 148.697 401
-50.3662 148.697 401
-51.0498 148.697 401
-51.7334 148.697 401
-52.2863 148.327 400
-52.9682 148.327 400
-53.6501 148.327 400
-54.1962 147.956 399
-54.7389 147.585 398
-55.4173 147.585 398
-56.0958 147.585 398
-56.7743 147.585 398
-57.3085 147.214 397
-57.9852 147.214 397
-58.662 147.214 397
-59.6378 147.956 399
-60.318 147.956 399
-60.9981 147.956 399
-61.6783 147.956 399
-62.3585 147.956 399
-63.0387 147.956 399
-63.7189 147.956 399
-64.3991 147.956 399
-65.0793 147.956 399
-65.7595 147.956 399
-66.4397 147.956 399
-67.1199 147.956 399
-67.8001 147.956 399
-68.4803 147.956 399
-69.1605 147.956 399
-69.6656 147.585 398
-70.5209 147.956 399
-71.2011 147.956 399
-72.0614 148.327 400
-72.7433 148.327 400
-73.4252 148.327 400
-74.1071 148.327 400
-74.789 148.327 400
-75.4709 148.327 400
-76.1528 148.327 400
-76.8347 148.327 400
-77.7104 148.697 401
-78.394 148.697 401
-79.0776 148.697 401
-79.7612 148.697 401
-80.4448 148.697 401
-81.3307 149.068 402
-82.016 149.068 402
-83.1128 149.81 404
-83.8015 149.81 404
-84.4902 149.81 404
-85.3898 150.181 405
-86.0802 150.181 405
-86.7706 150.181 405
-87.677 150.551 406
-88.3691 150.551 406
-89.0613 150.551 406
-89.7534 150.551 406
-90.4455 150.551 406
-91.3621 150.922 407
-92.056 150.922 407
-92.7498 150.922 407
-93.4436 150.922 407
-101.437 157.968 426
-102.163 157.968 426
-102.889 157.968 426
-103.616 157.968 426
-104.342 157.968 426
-105.068 157.968 426
-106.043 158.339 427
-106.771 158.339 427
-107.498 158.339 427
-108.48 158.709 428
-109.72 159.451 430
-110.453 159.451 430
-111.703 160.193 432
-112.7 160.564 433
-113.438 160.564 433
-114.176 160.564 433
-115.445 161.305 435
-116.454 161.676 436
-117.197 161.676 436
-118.211 162.047 437
-119.228 162.418 438
-120.249 162.788 439
-120.997 162.788 439
-121.745 162.788 439
-122.773 163.159 440
-123.523 163.159 440
-124.555 163.53 441
-125.307 163.53 441
-126.345 163.901 442
-127.098 163.901 442
-127.852 163.901 442
-128.605 163.901 442
-129.359 163.901 442
-130.112 163.901 442
-131.162 164.272 443
-131.917 164.272 443
-132.672 164.272 443
-133.427 164.272 443
-882.564 869.935 2346
-886.563 869.935 2346
-890.563 869.935 2346
-884.648 860.294 2320
-882.475 854.361 2304
-886.402 854.361 2304
-886.852 851.024 2295
-889.6 849.911 2292
-889.609 846.203 2282
-893.499 846.203 2282
-895.03 843.978 2276
-896.54 841.753 2270
-899.22 840.641 2267
-903.085 840.641 2267
-906.95 840.641 2267
-906.797 836.933 2257
-910.644 836.933 2257
-916.112 838.416 2261
-919.967 838.416 2261
-923.821 838.416 2261
-926.035 836.933 2257
-929.882 836.933 2257
-931.248 834.708 2251
-932.593 832.483 2245
-933.917 830.258 2239
-937.734 830.258 2239
-940.289 829.146 2236
-942.834 828.033 2233
-944.098 825.808 2227
-947.894 825.808 2227
-950.409 824.696 2224
-943.045 815.055 2198
-944.207 812.83 2192
-947.944 812.83 2192
-951.681 812.83 2192
-951.931 809.863 2184
-953.028 807.638 2178
-956.741 807.638 2178
-957.808 805.413 2172
-959.298 803.559 2167
-961.659 802.447 2164
-965.348 802.447 2164
-969.037 802.447 2164
-971.377 801.334 2161
-972.354 799.109 2155
-976.028 799.109 2155
-978.792 798.368 2153
-981.094 797.255 2150
-982.011 795.031 2144
-985.666 795.031 2144
-989.321 795.031 2144
-992.049 794.289 2142
-995.701 794.289 2142
-999.353 794.289 2142
-1003 794.289 2142
-1006.66 794.289 2142
-1008.89 793.176 2139
-1012.54 793.176 2139
-1016.19 793.176 2139
-1018.4 792.064 2136
-1020.61 790.952 2133
-1024.24 790.952 2133
-1027.88 790.952 2133
-1027.65 787.985 2125
-1028.84 786.131 2120
-1032.46 786.131 2120
-1032.16 783.164 2112
-1035.76 783.164 2112
-1037.89 782.052 2109
-1041.48 782.052 2109
-1042.6 780.198 2104
-1046.19 780.198 2104
-1046.78 777.973 2098
-1050.36 777.973 2098
-1050.42 775.377 2091
-1052.47 774.265 2088
-1053.5 772.411 2083
-1057.05 772.411 2083
-1056.53 769.444 2075
-1055.98 766.478 2067
-1055.91 763.882 2060
-1059.43 763.882 2060
1627.29 1466.11 3972
1640.1 1483.82 4020
1640.96 1490.84 4039
1634.08 1490.84 4039
1627.19 1490.84 4039
1466.1 1509.29 4089
1459.13 1509.29 4089
1452.16 1509.29 4089
1441.65 1505.6 4079
1434.7 1505.6 4079
1424.24 1501.91 4069
1410.34 1494.53 4049
1403.44 1494.53 4049
1396.54 1494.53 4049
1383.11 1487.51 4030
1369.41 1480.13 4010
1356.12 1473.12 3991
1349.32 1473.12 3991
1333.09 1462.78 3963
1326.34 1462.78 3963
1316.25 1459.09 3953
1309.51 1459.09 3953
1302.77 1459.09 3953
1296.04 1459.09 3953
1289.3 1459.09 3953
1291.97 1469.8 3982
1285.18 1469.8 3982
1278.39 1469.8 3982
1271.6 1469.8 3982
1264.81 1469.8 3982
1254.87 1466.11 3972
1245.27 1462.78 3963
1232.57 1455.77 3944
1225.85 1455.77 3944
1219.13 1455.77 3944
1206.56 1448.76 3925
1199.87 1448.76 3925
1193.18 1448.76 3925
1181.05 1442.11 3907
1174.39 1442.11 3907
1162.35 1435.47 3889
1155.72 1435.47 3889
1157.06 1445.44 3916
1150.39 1445.44 3916
1146.34 1448.76 3925
1139.65 1448.76 3925
1132.96 1448.76 3925
1126.27 1448.76 3925
1114.44 1442.11 3907
1107.78 1442.11 3907
1106.2 1448.76 3925
1099.5 1448.76 3925
1100.61 1459.09 3953
1093.87 1459.09 3953
1087.13 1459.09 3953
1075.47 1452.45 3935
1066.05 1448.76 3925
1052.07 1438.79 3898
1050.25 1445.44 3916
1043.58 1445.44 3916
1036.9 1445.44 3916
1035.22 1452.45 3935
1028.52 1452.45 3935
1021.81 1452.45 3935
1017.42 1455.77 3944
1010.7 1455.77 3944
1003.97 1455.77 3944
994.974 1452.45 3935
990.526 1455.77 3944
983.803 1455.77 3944
977.079 1455.77 3944
968.141 1452.45 3935
961.433 1452.45 3935
961.519 1462.78 3963
956.931 1466.11 3972
950.16 1466.11 3972
945.764 1469.8 3982
947.936 1483.82 4020
941.083 1483.82 4020
934.23 1483.82 4020
927.377 1483.82 4020
920.523 1483.82 4020
911.398 1480.13 4010
902.531 1476.81 4001
895.711 1476.81 4001
888.89 1476.81 4001
882.069 1476.81 4001
866.936 1462.78 3963
856.056 1455.77 3944
843.303 1445.44 3916
836.627 1445.44 3916
824.229 1435.47 3889
813.815 1428.83 3871
807.216 1428.83 3871
800.617 1428.83 3871
786.633 1415.54 3835
778.265 1412.22 3826
766.498 1402.62 3800
760.02 1402.62 3800
750.171 1396.34 3783
743.722 1396.34 3783
735.519 1393.02 3774
729.085 1393.02 3774
722.651 1393.02 3774
712.991 1386.75 3757
706.586 1386.75 3757
700.182 1386.75 3757
690.638 1380.47 3740
684.262 1380.47 3740
674.986 1374.57 3724
668.638 1374.57 3724
660.867 1371.61 3716
651.537 1365.34 3699
645.231 1365.34 3699
638.926 1365.34 3699
629.883 1359.43 3683
623.605 1359.43 3683
617.326 1359.43 3683
611.048 1359.43 3683
604.769 1359.43 3683
598.49 1359.43 3683
592.212 1359.43 3683
585.933 1359.43 3683
579.655 1359.43 3683
572.131 1356.48 3675
564.634 1353.53 3667
558.383 1353.53 3667
549.572 1347.25 3650
542.158 1344.3 3642
534.92 1341.72 3635
528.723 1341.72 3635
522.526 1341.72 3635
516.329 1341.72 3635
510.133 1341.72 3635
503.936 1341.72 3635
497.739 1341.72 3635
491.542 1341.72 3635
485.345 1341.72 3635
479.149 1341.72 3635
471.911 1338.76 3627
463.673 1332.86 3611
455.49 1326.95 3595
449.362 1326.95 3595
442.37 1324.37 3588
434.308 1318.46 3572
428.219 1318.46 3572
422.129 1318.46 3572
415.225 1315.88 3565
408.229 1312.93 3557
400.469 1307.39 3542
394.431 1307.39 3542
385.981 1299.27 3520
379.116 1296.32 3512
373.129 1296.32 3512
367.142 1296.32 3512
361.155 1296.32 3512
352.235 1285.61 3483
345.602 1283.03 3476
339.676 1283.03 3476
332.31 1277.49 3461
-15.4747 162.039 439
-16.2231 162.039 439
-16.9715 162.039 439
-17.7199 162.039 439
-18.4683 162.039 439
-19.2167 162.039 439
-19.9196 161.67 438
-20.6662 161.67 438
-21.4129 161.67 438
-22.109 161.301 437
-22.7494 160.563 435
-23.4369 160.194 434
-29.6988 154.288 418
-30.4113 154.288 418
-31.1239 154.288 418
-31.8365 154.288 418
-32.4712 153.919 417
-33.1821 153.919 417
-33.893 153.919 417
-34.4379 153.181 415
-35.0607 152.812 414
-35.6801 152.443 413
-36.3841 152.443 413
-36.9984 152.073 412
-37.7007 152.073 412
-38.3099 151.704 411
-39.0105 151.704 411
-39.6146 151.335 410
-40.3135 151.335 410
-40.8124 150.597 408
-41.4062 150.228 407
-42.1 150.228 407
-42.7939 150.228 407
-43.3808 149.859 406
-43.9644 149.49 405
-44.6548 149.49 405
-45.3453 149.49 405
-46.0357 149.49 405
-46.6107 149.121 404
-47.2995 149.121 404
-47.8694 148.751 403
-48.5564 148.751 403
-49.1212 148.382 402
-49.6826 148.013 401
-50.3662 148.013 401
-51.0498 148.013 401
-51.6044 147.644 400
-52.2863 147.644 400
-52.9682 147.644 400
-53.6501 147.644 400
-54.1962 147.275 399
-54.8764 147.275 399
-55.5566 147.275 399
-56.0958 146.906 398
-56.7743 146.906 398
-57.3085 146.537 397
-57.9852 146.537 397
-58.662 146.537 397
-59.6378 147.275 399
-60.318 147.275 399
-61.151 147.644 400
-61.8329 147.644 400
-62.5148 147.644 400
-63.0387 147.275 399
-63.7189 147.275 399
-64.3991 147.275 399
-65.0793 147.275 399
-65.5947 146.906 398
-66.4397 147.275 399
-67.1199 147.275 399
-67.8001 147.275 399
-68.4803 147.275 399
-69.1605 147.275 399
-69.8407 147.275 399
-70.5209 147.275 399
-71.2011 147.275 399
-72.0614 147.644 400
-72.7433 147.644 400
-73.4252 147.644 400
-74.1071 147.644 400
-74.789 147.644 400
-75.4709 147.644 400
-76.1528 147.644 400
-76.8347 147.644 400
-77.5166 147.644 400
-78.394 148.013 401
-79.0776 148.013 401
-79.7612 148.013 401
-80.4448 148.013 401
-81.3307 148.382 402
-82.016 148.382 402
-83.1128 149.121 404
-83.8015 149.121 404
-84.4902 149.121 404
-85.3898 149.49 405
-86.0802 149.49 405
-86.7706 149.49 405
-87.677 149.859 406
-88.3691 149.859 406
-89.0613 149.859 406
-89.7534 149.859 406
-90.4455 149.859 406
-91.3621 150.228 407
-92.056 150.228 407
-92.7498 150.228 407
-93.4436 150.228 407
-101.437 157.241 426
-102.163 157.241 426
-102.889 157.241 426
-103.616 157.241 426
-104.342 157.241 426
-105.068 157.241 426
-106.043 157.61 427
-106.771 157.61 427
-107.498 157.61 427
-108.733 158.348 429
-109.72 158.717 430
-110.453 158.717 430
-111.703 159.456 432
-112.7 159.825 433
-113.438 159.825 433
-114.176 159.825 433
-115.445 160.563 435
-116.454 160.932 436
-117.197 160.932 436
-118.211 161.301 437
-119.228 161.67 438
-120.249 162.039 439
-120.997 162.039 439
-121.745 162.039 439
-122.773 162.409 440
-123.523 162.409 440
-124.555 162.778 441
-125.307 162.778 441
-126.345 163.147 442
-127.098 163.147 442
-127.852 163.147 442
-128.605 163.147 442
-129.359 163.147 442
-130.112 163.147 442
-130.866 163.147 442
-131.619 163.147 442
-132.373 163.147 442
-860.744 844.525 2288
-864.645 844.525 2288
-868.545 844.525 2288
-872.446 844.525 2288
-872.899 841.203 2279
-876.784 841.203 2279
-879.51 840.095 2276
-883.39 840.095 2276
-886.101 838.988 2273
-889.976 838.988 2273
-893.85 838.988 2273
-895.356 836.773 2267
-896.84 834.559 2261
-900.695 834.559 2261
-902.949 833.082 2257
-906.797 833.082 2257
-910.644 833.082 2257
-916.112 834.559 2261
-919.967 834.559 2261
-923.821 834.559 2261
-926.035 833.082 2257
-929.882 833.082 2257
-931.248 830.867 2251
-932.593 828.653 2245
-933.917 826.438 2239
-937.734 826.438 2239
-940.289 825.331 2236
-942.834 824.223 2233
-944.098 822.009 2227
-947.894 822.009 2227
-950.409 820.901 2224
-943.045 811.305 2198
-944.207 809.09 2192
-947.944 809.09 2192
-951.681 809.09 2192
-951.931 806.137 2184
-953.028 803.922 2178
-956.741 803.922 2178
-957.808 801.708 2172
-957.97 798.755 2164
-960.326 797.648 2161
-964.01 797.648 2161
-966.35 796.54 2158
-970.029 796.54 2158
-972.354 795.433 2155
-976.028 795.433 2155
-977.429 793.587 2150
-981.094 793.587 2150
-982.011 791.373 2144
-985.666 791.373 2144
-989.321 791.373 2144
-992.049 790.634 2142
-995.701 790.634 2142
-999.353 790.634 2142
-1003 790.634 2142
-1006.66 790.634 2142
-1008.89 789.527 2139
-1012.54 789.527 2139
-1016.19 789.527 2139
-1018.4 788.42 2136
-1020.61 787.312 2133
-1024.24 787.312 2133
-1027.88 787.312 2133
-1027.65 784.36 2125
-1028.84 782.514 2120
-1032.46 782.514 2120
-1032.16 779.561 2112
-1034.29 778.454 2109
-1036.41 777.346 2106
-1040 777.346 2106
-1042.6 776.608 2104
-1043.2 774.394 2098
-1046.78 774.394 2098
-1050.36 774.394 2098
-1050.42 771.81 2091
-1049.95 768.857 2083
-1049.45 765.904 2075
-1052.99 765.904 2075
-1055 764.797 2072
-1053.42 761.106 2062
-1051.81 757.414 2052
-1055.31 757.414 2052
1466.1 1502.32 4089
1459.13 1502.32 4089
1452.16 1502.32 4089
1441.65 1498.64 4079
1434.7 1498.64 4079
1424.24 1494.97 4069
1413.82 1491.29 4059
1403.44 1487.62 4049
1396.54 1487.62 4049
1383.11 1480.64 4030
1372.83 1476.97 4020
1356.12 1466.31 3991
1349.32 1466.31 3991
1333.09 1456.02 3963
1326.34 1456.02 3963
1316.25 1452.35 3953
1309.51 1452.35 3953
1302.77 1452.35 3953
1296.04 1452.35 3953
1289.3 1452.35 3953
1291.97 1463 3982
1285.18 1463 3982
1278.39 1463 3982
1271.6 1463 3982
1264.81 1463 3982
1258.03 1463 3982
1245.27 1456.02 3963
1232.57 1449.04 3944
1225.85 1449.04 3944
1219.13 1449.04 3944
1209.64 1445.74 3935
1202.93 1445.74 3935
1196.22 1445.74 3935
1186.49 1442.06 3925
1179.8 1442.06 3925
1167.73 1435.45 3907
1163.74 1438.76 3916
1157.06 1438.76 3916
1155.97 1445.74 3935
1154.52 1452.35 3953
1147.78 1452.35 3953
1141.04 1452.35 3953
1129.14 1445.74 3935
1119.58 1442.06 3925
1118.27 1449.04 3944
1111.55 1449.04 3944
1107.35 1452.35 3953
1100.61 1452.35 3953
1093.87 1452.35 3953
1087.13 1452.35 3953
1075.47 1445.74 3935
1066.05 1442.06 3925
1052.07 1432.14 3898
1050.25 1438.76 3916
1043.58 1438.76 3916
1036.9 1438.76 3916
1035.22 1445.74 3935
1028.52 1445.74 3935
1021.81 1445.74 3935
1017.42 1449.04 3944
1010.7 1449.04 3944
1003.97 1449.04 3944
994.974 1445.74 3935
990.526 1449.04 3944
983.803 1449.04 3944
977.079 1449.04 3944
968.141 1445.74 3935
961.433 1445.74 3935
961.519 1456.02 3963
956.931 1459.33 3972
950.16 1459.33 3972
945.764 1463 3982
952.416 1483.95 4039
945.531 1483.95 4039
938.645 1483.95 4039
931.76 1483.95 4039
924.874 1483.95 4039
917.989 1483.95 4039
906.817 1476.97 4020
899.964 1476.97 4020
893.111 1476.97 4020
886.258 1476.97 4020
877.217 1473.29 4010
860.18 1456.02 3963
849.332 1449.04 3944
842.609 1449.04 3944
829.951 1438.76 3916
819.491 1432.14 3898
810.969 1428.84 3889
804.339 1428.84 3889
794.018 1422.22 3871
783.757 1415.61 3853
771.742 1405.69 3826
765.22 1405.69 3826
753.542 1396.14 3800
745.491 1393.2 3792
739.027 1393.2 3792
732.562 1393.2 3792
722.651 1386.58 3774
716.217 1386.58 3774
706.586 1380.34 3757
700.182 1380.34 3757
693.777 1380.34 3757
684.262 1374.09 3740
676.436 1371.15 3732
670.074 1371.15 3732
662.289 1368.21 3724
654.532 1365.27 3716
646.627 1361.97 3707
640.307 1361.97 3707
631.252 1356.09 3691
624.959 1356.09 3691
621.349 1361.97 3707
615.029 1361.97 3707
608.71 1361.97 3707
602.39 1361.97 3707
596.071 1361.97 3707
589.751 1361.97 3707
583.432 1361.97 3707
575.867 1359.03 3699
568.329 1356.09 3691
562.037 1356.09 3691
553.336 1350.21 3675
545.88 1347.27 3667
538.304 1343.96 3658
532.068 1343.96 3658
524.682 1341.03 3650
520.875 1347.27 3667
514.623 1347.27 3667
508.372 1347.27 3667
502.121 1347.27 3667
494.652 1343.96 3658
488.416 1343.96 3658
482.18 1343.96 3658
474.904 1341.03 3650
465.728 1332.58 3627
458.531 1329.64 3619
452.362 1329.64 3619
444.22 1323.76 3603
436.254 1318.25 3588
430.137 1318.25 3588
424.02 1318.25 3588
416.972 1315.31 3580
409.951 1312.37 3572
403.07 1309.8 3565
396.993 1309.8 3565
389.161 1303.92 3549
382.355 1301.35 3542
373.129 1290.32 3512
367.142 1290.32 3512
361.155 1290.32 3512
352.235 1279.67 3483
345.602 1277.1 3476
339.676 1277.1 3476
332.31 1271.59 3461
-15.4747 161.29 439
-16.2231 161.29 439
-16.9715 161.29 439
-17.7199 161.29 439
-18.4683 161.29 439
-19.2167 161.29 439
-19.9196 160.923 438
-20.6662 160.923 438
-21.4129 160.923 438
-22.109 160.556 437
-22.7494 159.821 435
-23.4909 159.821 435
-29.6988 153.575 418
-30.4113 153.575 418
-31.1239 153.575 418
-31.8365 153.575 418
-32.4712 153.208 417
-33.1025 152.84 416
-33.8117 152.84 416
-34.4379 152.473 415
-35.0607 152.105 414
-35.6801 151.738 413
-36.3841 151.738 413
-36.9984 151.371 412
-37.7007 151.371 412
-38.3099 151.003 411
-39.0105 151.003 411
-39.6146 150.636 410
-40.3135 150.636 410
-40.8124 149.901 408
-41.4062 149.534 407
-42.1 149.534 407
-42.7939 149.534 407
-43.3808 149.166 406
-43.9644 148.799 405
-44.6548 148.799 405
-45.3453 148.799 405
-46.0357 148.799 405
-46.6107 148.431 404
-47.2995 148.431 404
-47.8694 148.064 403
-48.5564 148.064 403
-49.1212 147.697 402
-49.6826 147.329 401
-50.3662 147.329 401
-51.0498 147.329 401
-51.6044 146.962 400
-52.2863 146.962 400
-52.9682 146.962 400
-53.6501 146.962 400
-54.1962 146.594 399
-54.8764 146.594 399
-55.5566 146.594 399
-56.2368 146.594 399
-56.7743 146.227 398
-57.3085 145.859 397
-57.9852 145.859 397
-58.662 145.859 397
-59.4883 146.227 398
-60.4691 146.962 400
-61.151 146.962 400
-61.8329 146.962 400
-62.5148 146.962 400
-63.1967 146.962 400
-63.8786 146.962 400
-64.5605 146.962 400
-65.2424 146.962 400
-65.7595 146.594 399
-66.4397 146.594 399
-67.1199 146.594 399
-67.8001 146.594 399
-68.4803 146.594 399
-69.1605 146.594 399
-69.8407 146.594 399
-70.5209 146.594 399
-71.2011 146.594 399
-72.0614 146.962 400
-72.7433 146.962 400
-73.4252 146.962 400
-74.1071 146.962 400
-74.789 146.962 400
-75.4709 146.962 400
-76.1528 146.962 400
-76.8347 146.962 400
-77.5166 146.962 400
-78.394 147.329 401
-79.0776 147.329 401
-79.9601 147.697 402
-80.6454 147.697 402
-81.3307 147.697 402
-82.2201 148.064 403
-83.1128 148.431 404
-83.8015 148.431 404
-84.6994 148.799 405
-85.3898 148.799 405
-86.2928 149.166 406
-86.9849 149.166 406
-87.677 149.166 406
-88.3691 149.166 406
-89.0613 149.166 406
-89.7534 149.166 406
-90.4455 149.166 406
-91.3621 149.534 407
-92.056 149.534 407
-92.7498 149.534 407
-93.4436 149.534 407
-94.1375 149.534 407
-101.199 156.147 425
-101.923 156.147 425
-102.889 156.514 426
-103.616 156.514 426
-104.342 156.514 426
-105.068 156.514 426
-106.043 156.882 427
-106.771 156.882 427
-107.498 156.882 427
-108.733 157.616 429
-109.72 157.984 430
-110.453 157.984 430
-111.703 158.719 432
-112.7 159.086 433
-113.438 159.086 433
-114.176 159.086 433
-115.445 159.821 435
-116.454 160.188 436
-117.197 160.188 436
-118.211 160.556 437
-119.228 160.923 438
-120.249 161.29 439
-120.997 161.29 439
-121.745 161.29 439
-122.773 161.658 440
-123.523 161.658 440
-124.555 162.025 441
-125.307 162.025 441
-126.345 162.393 442
-127.098 162.393 442
-127.852 162.393 442
-128.605 162.393 442
-129.359 162.393 442
-130.112 162.393 442
-130.866 162.393 442
-131.619 162.393 442
-132.373 162.393 442
-858.976 835.11 2273
-862.851 835.11 2273
-866.726 835.11 2273
-870.601 835.11 2273
-874.476 835.11 2273
-877.192 834.008 2270
-881.061 834.008 2270
-884.931 834.008 2270
-888.801 834.008 2270
-892.671 834.008 2270
-892.986 830.701 2261
-894.064 828.129 2254
-897.906 828.129 2254
-900.549 827.027 2251
-904.386 827.027 2251
-907.013 825.925 2248
-913.276 828.129 2254
-917.119 828.129 2254
-920.961 828.129 2254
-922.342 825.925 2248
-926.174 825.925 2248
-928.765 824.823 2245
-928.854 821.516 2236
-932.666 821.516 2236
-936.477 821.516 2236
-936.505 818.209 2227
-940.301 818.209 2227
-941.554 816.005 2221
-945.34 816.005 2221
-945.708 813.066 2213
-943.045 807.555 2198
-944.207 805.35 2192
-947.944 805.35 2192
-949.076 803.146 2186
-949.315 800.206 2178
-950.403 798.002 2172
-954.106 798.002 2172
-955.604 796.165 2167
-957.97 795.063 2164
-960.326 793.961 2161
-964.01 793.961 2161
-966.35 792.858 2158
-970.029 792.858 2158
-972.354 791.756 2155
-976.028 791.756 2155
-977.429 789.919 2150
-981.094 789.919 2150
-982.011 787.715 2144
-985.666 787.715 2144
-989.321 787.715 2144
-992.049 786.98 2142
-995.701 786.98 2142
-999.353 786.98 2142
-1003 786.98 2142
-1006.66 786.98 2142
-1008.89 785.878 2139
-1012.54 785.878 2139
-1016.19 785.878 2139
-1018.4 784.776 2136
-1020.61 783.673 2133
-1024.24 783.673 2133
-1027.88 783.673 2133
-1027.65 780.734 2125
-1028.84 778.897 2120
-1032.46 778.897 2120
-1032.16 775.958 2112
-1034.29 774.856 2109
-1036.41 773.753 2106
-1040 773.753 2106
-1041.11 771.916 2101
-1043.2 770.814 2098
-1046.78 770.814 2098
-1050.36 770.814 2098
-1048.91 767.14 2088
-1049.95 765.303 2083
-1049.45 762.364 2075
-1052.99 762.364 2075
-1051.44 758.69 2065
-1050.87 755.751 2057
-1046.69 750.24 2042
-1050.17 750.24 2042
1473.07 1495.34 4089
1466.1 1495.34 4089
1459.13 1495.34 4089
1452.16 1495.34 4089
1441.65 1491.68 4079
1434.7 1491.68 4079
1424.24 1488.03 4069
1413.82 1484.37 4059
1403.44 1480.71 4049
1396.54 1480.71 4049
1386.2 1477.05 4039
1372.83 1470.11 4020
1362.58 1466.45 4010
1355.74 1466.45 4010
1339.49 1456.21 3982
1326.34 1449.26 3963
1319.58 1449.26 3963
1312.83 1449.26 3963
1306.07 1449.26 3963
1296.04 1445.6 3953
1289.3 1445.6 3953
1291.97 1456.21 3982
1285.18 1456.21 3982
1287.38 1466.45 4010
1280.54 1466.45 4010
1273.71 1466.45 4010
1264.03 1463.16 4001
1251.24 1456.21 3982
1232.57 1442.31 3944
1225.85 1442.31 3944
1219.13 1442.31 3944
1209.64 1439.02 3935
1202.93 1439.02 3935
1196.22 1439.02 3935
1186.49 1435.37 3925
1179.8 1435.37 3925
1170.42 1432.07 3916
1163.74 1432.07 3916
1157.06 1432.07 3916
1158.61 1442.31 3944
1154.52 1445.6 3953
1147.78 1445.6 3953
1141.04 1445.6 3953
1131.72 1442.31 3944
1122.43 1439.02 3935
1120.83 1445.6 3953
1114.09 1445.6 3953
1107.35 1445.6 3953
1103.39 1449.26 3963
1096.64 1449.26 3963
1089.88 1449.26 3963
1080.39 1445.6 3953
1066.05 1435.37 3925
1059.36 1435.37 3925
1050.25 1432.07 3916
1043.58 1432.07 3916
1041.93 1439.02 3935
1035.22 1439.02 3935
1028.52 1439.02 3935
1024.14 1442.31 3944
1019.74 1445.6 3953
1013 1445.6 3953
1006.26 1445.6 3953
999.526 1445.6 3953
992.787 1445.6 3953
986.048 1445.6 3953
979.309 1445.6 3953
972.57 1445.6 3953
968.275 1449.26 3963
963.702 1452.55 3972
956.931 1452.55 3972
952.552 1456.21 3982
954.789 1470.11 4020
952.416 1477.05 4039
945.531 1477.05 4039
938.645 1477.05 4039
931.76 1477.05 4039
924.874 1477.05 4039
917.989 1477.05 4039
906.817 1470.11 4020
899.964 1470.11 4020
893.111 1470.11 4020
886.258 1470.11 4020
877.217 1466.45 4010
860.18 1449.26 3963
849.332 1442.31 3944
842.609 1442.31 3944
829.951 1432.07 3916
819.491 1425.49 3898
810.969 1422.2 3889
804.339 1422.2 3889
794.018 1415.62 3871
783.757 1409.04 3853
771.742 1399.16 3826
765.22 1399.16 3826
753.542 1389.65 3800
745.491 1386.73 3792
739.027 1386.73 3792
732.562 1386.73 3792
726.098 1386.73 3792
717.925 1383.44 3783
709.784 1380.14 3774
703.35 1380.14 3774
693.777 1373.93 3757
685.909 1371 3749
677.886 1367.71 3740
671.51 1367.71 3740
662.289 1361.86 3724
655.941 1361.86 3724
646.627 1355.64 3707
640.307 1355.64 3707
632.62 1352.72 3699
627.668 1355.64 3707
622.857 1358.93 3716
617.85 1361.86 3724
611.501 1361.86 3724
607.753 1367.71 3740
601.377 1367.71 3740
595.001 1367.71 3740
587.367 1364.79 3732
581.004 1364.79 3732
572.179 1358.93 3716
565.844 1358.93 3716
559.509 1358.93 3716
550.643 1352.72 3699
543.16 1349.79 3691
536.868 1349.79 3691
529.426 1346.87 3683
523.147 1346.87 3683
519.114 1352.72 3699
512.808 1352.72 3699
506.502 1352.72 3699
499.115 1349.79 3691
492.823 1349.79 3691
486.53 1349.79 3691
477.115 1341.02 3667
468.681 1334.8 3650
461.445 1331.87 3642
455.237 1331.87 3642
447.179 1326.39 3627
438.077 1317.61 3603
431.935 1317.61 3603
425.793 1317.61 3603
419.651 1317.61 3603
412.59 1314.68 3595
404.766 1309.2 3580
398.663 1309.2 3580
392.56 1309.2 3580
385.593 1306.27 3572
377.91 1300.79 3557
371.846 1300.79 3557
364.96 1297.86 3549
355.977 1287.26 3520
349.976 1287.26 3520
343.976 1287.26 3520
337.207 1284.33 3512
-16.9715 160.542 439
-17.7199 160.542 439
-18.4683 160.542 439
-19.2167 160.542 439
-19.9196 160.176 438
-20.6662 160.176 438
-21.4129 160.176 438
-22.109 159.81 437
-22.7494 159.079 435
-23.4909 159.079 435
-29.6988 152.862 418
-30.4113 152.862 418
-31.1239 152.862 418
-31.8365 152.862 418
-32.4712 152.496 417
-33.1025 152.13 416
-33.8117 152.13 416
-34.4379 151.765 415
-34.976 151.033 413
-35.6801 151.033 413
-36.3841 151.033 413
-36.9984 150.668 412
-37.7007 150.668 412
-38.3099 150.302 411
-39.0105 150.302 411
-39.6146 149.936 410
-40.2152 149.571 409
-40.8124 149.205 408
-41.4062 148.839 407
-42.1 148.839 407
-42.6887 148.473 406
-43.3808 148.473 406
-43.9644 148.108 405
-44.6548 148.108 405
-45.3453 148.108 405
-45.922 147.742 404
-46.4954 147.376 403
-47.1824 147.376 403
-47.8694 147.376 403
-48.4359 147.011 402
-48.999 146.645 401
-49.6826 146.645 401
-50.3662 146.645 401
-51.0498 146.645 401
-51.6044 146.279 400
-52.2863 146.279 400
-52.9682 146.279 400
-53.6501 146.279 400
-54.1962 145.914 399
-54.8764 145.914 399
-55.5566 145.914 399
-56.2368 145.914 399
-56.7743 145.548 398
-57.3085 145.182 397
-57.9852 145.182 397
-58.662 145.182 397
-59.4883 145.548 398
-60.4691 146.279 400
-61.151 146.279 400
-61.8329 146.279 400
-62.5148 146.279 400
-63.1967 146.279 400
-63.8786 146.279 400
-64.5605 146.279 400
-65.2424 146.279 400
-65.9243 146.279 400
-66.6062 146.279 400
-67.1199 145.914 399
-67.8001 145.914 399
-68.4803 145.914 399
-69.1605 145.914 399
-69.8407 145.914 399
-70.5209 145.914 399
-71.3795 146.279 400
-72.0614 146.279 400
-72.7433 146.279 400
-73.4252 146.279 400
-74.1071 146.279 400
-74.789 146.279 400
-75.4709 146.279 400
-76.1528 146.279 400
-76.8347 146.279 400
-77.5166 146.279 400
-78.394 146.645 401
-79.2748 147.011 402
-79.9601 147.011 402
-80.6454 147.011 402
-81.533 147.376 403
-82.2201 147.376 403
-83.1128 147.742 404
-83.8015 147.742 404
-84.6994 148.108 405
-85.6006 148.473 406
-86.2928 148.473 406
-86.9849 148.473 406
-87.677 148.473 406
-88.3691 148.473 406
-89.0613 148.473 406
-89.7534 148.473 406
-90.6683 148.839 407
-91.3621 148.839 407
-92.056 148.839 407
-92.7498 148.839 407
-93.6732 149.205 408
-94.3688 149.205 408
-95.0643 149.205 408
-99.5151 155.056 424
-100.238 155.056 424
-101.199 155.422 425
-102.163 155.787 426
-102.889 155.787 426
-103.616 155.787 426
-104.342 155.787 426
-105.068 155.787 426
-106.043 156.153 427
-106.771 156.153 427
-107.498 156.153 427
-108.733 156.885 429
-109.72 157.25 430
-110.453 157.25 430
-111.703 157.982 432
-112.7 158.347 433
-113.438 158.347 433
-114.176 158.347 433
-115.445 159.079 435
-116.454 159.444 436
-117.197 159.444 436
-118.211 159.81 437
-119.228 160.176 438
-120.249 160.542 439
-120.997 160.542 439
-121.745 160.542 439
-122.773 160.907 440
-123.523 160.907 440
-124.555 161.273 441
-125.307 161.273 441
-126.059 161.273 441
-126.811 161.273 441
-127.852 161.639 442
-128.605 161.639 442
-129.359 161.639 442
-130.112 161.639 442
-130.866 161.639 442
-131.619 161.639 442
-132.373 161.639 442
-852.93 825.381 2257
-856.778 825.381 2257
-865.582 830.135 2270
-869.452 830.135 2270
-873.322 830.135 2270
-877.192 830.135 2270
-881.061 830.135 2270
-884.931 830.135 2270
-887.626 829.038 2267
-890.311 827.941 2264
-891.406 825.381 2257
-894.064 824.284 2254
-897.906 824.284 2254
-900.549 823.187 2251
-903.181 822.09 2248
-905.802 820.992 2245
-910.845 822.09 2248
-914.677 822.09 2248
-918.51 822.09 2248
-919.88 819.895 2242
-923.702 819.895 2242
-925.042 817.701 2236
-926.361 815.507 2230
-928.912 814.41 2227
-932.708 814.41 2227
-933.981 812.216 2221
-935.234 810.021 2215
-938.163 809.29 2213
-941.935 809.29 2213
-941.862 805.999 2204
-940.47 801.61 2192
-941.623 799.416 2186
-945.349 799.416 2186
-946.905 797.588 2181
-948.008 795.393 2175
-949.09 793.199 2169
-952.788 793.199 2169
-955.604 792.468 2167
-956.642 790.274 2161
-960.326 790.274 2161
-964.01 790.274 2161
-966.35 789.177 2158
-968.68 788.08 2155
-972.354 788.08 2155
-976.028 788.08 2155
-977.429 786.251 2150
-979.725 785.154 2147
-982.011 784.057 2144
-985.666 784.057 2144
-989.321 784.057 2144
-992.049 783.326 2142
-995.701 783.326 2142
-999.353 783.326 2142
-1003 783.326 2142
-1006.66 783.326 2142
-1008.89 782.228 2139
-1012.54 782.228 2139
-1014.76 781.131 2136
-1018.4 781.131 2136
-1020.61 780.034 2133
-1024.24 780.034 2133
-1027.88 780.034 2133
-1027.65 777.109 2125
-1028.84 775.28 2120
-1032.46 775.28 2120
-1032.16 772.355 2112
-1034.29 771.257 2109
-1036.41 770.16 2106
-1040 770.16 2106
-1041.11 768.332 2101
-1043.2 767.235 2098
-1046.78 767.235 2098
-1050.36 767.235 2098
-1048.91 763.578 2088
-1049.95 761.749 2083
-1049.45 758.824 2075
-1052.99 758.824 2075
-1051.44 755.167 2065
-1050.87 752.241 2057
-1046.69 746.756 2042
-1050.17 746.756 2042
1473.07 1488.36 4089
1466.1 1488.36 4089
1459.13 1488.36 4089
1452.16 1488.36 4089
1438.12 1481.08 4069
1431.18 1481.08 4069
1420.74 1477.44 4059
1413.82 1477.44 4059
1403.44 1473.8 4049
1396.54 1473.8 4049
1386.2 1470.16 4039
1372.83 1463.25 4020
1362.58 1459.61 4010
1355.74 1459.61 4010
1339.49 1449.42 3982
1326.34 1442.5 3963
1319.58 1442.5 3963
1312.83 1442.5 3963
1306.07 1442.5 3963
1296.04 1438.86 3953
1289.3 1438.86 3953
1291.97 1449.42 3982
1285.18 1449.42 3982
1290.59 1463.25 4020
1286.93 1466.89 4030
1280.06 1466.89 4030
1273.19 1466.89 4030
1257.21 1456.33 4001
1244.45 1449.42 3982
1237.66 1449.42 3982
1227.78 1445.78 3972
1218.24 1442.5 3963
1205.68 1435.58 3944
1198.96 1435.58 3944
1189.51 1432.31 3935
1182.8 1432.31 3935
1170.42 1425.39 3916
1163.74 1425.39 3916
1157.06 1425.39 3916
1158.61 1435.58 3944
1154.52 1438.86 3953
1147.78 1438.86 3953
1141.04 1438.86 3953
1131.72 1435.58 3944
1122.43 1432.31 3935
1120.83 1438.86 3953
1114.09 1438.86 3953
1110.15 1442.5 3963
1103.39 1442.5 3963
1096.64 1442.5 3963
1089.88 1442.5 3963
1080.39 1438.86 3953
1073.65 1438.86 3953
1066.91 1438.86 3953
1047.84 1422.12 3907
1048.64 1432.31 3935
1041.93 1432.31 3935
1035.22 1432.31 3935
1028.52 1432.31 3935
1026.48 1438.86 3953
1022.32 1442.5 3963
1015.57 1442.5 3963
1008.81 1442.5 3963
999.526 1438.86 3953
995.298 1442.5 3963
988.542 1442.5 3963
981.786 1442.5 3963
975.03 1442.5 3963
968.275 1442.5 3963
963.702 1445.78 3972
956.931 1445.78 3972
952.552 1449.42 3982
954.789 1463.25 4020
952.416 1470.16 4039
945.531 1470.16 4039
940.969 1473.8 4049
934.067 1473.8 4049
927.164 1473.8 4049
917.989 1470.16 4039
906.817 1463.25 4020
899.964 1463.25 4020
893.111 1463.25 4020
886.258 1463.25 4020
879.405 1463.25 4020
862.133 1445.78 3972
855.362 1445.78 3972
844.532 1438.86 3953
833.978 1432.31 3935
825.167 1428.67 3925
814.723 1422.12 3907
808.062 1422.12 3907
799.556 1418.84 3898
791.08 1415.57 3889
777.189 1402.46 3853
770.62 1402.46 3853
758.698 1392.63 3826
748.833 1386.45 3809
739.027 1380.26 3792
732.562 1380.26 3792
726.098 1380.26 3792
717.925 1376.98 3783
709.784 1373.71 3774
703.35 1373.71 3774
693.777 1367.52 3757
685.909 1364.61 3749
677.886 1361.33 3740
671.51 1361.33 3740
662.289 1355.51 3724
655.941 1355.51 3724
646.627 1349.32 3707
640.307 1349.32 3707
632.62 1346.41 3699
627.668 1349.32 3707
622.857 1352.59 3716
617.85 1355.51 3724
611.501 1355.51 3724
607.753 1361.33 3740
601.377 1361.33 3740
595.001 1361.33 3740
587.367 1358.42 3732
581.004 1358.42 3732
572.179 1352.59 3716
565.844 1352.59 3716
559.509 1352.59 3716
553.174 1352.59 3716
544.338 1346.41 3699
538.032 1346.41 3699
531.726 1346.41 3699
526.556 1349.32 3707
520.237 1349.32 3707
513.917 1349.32 3707
507.598 1349.32 3707
501.278 1349.32 3707
493.891 1346.41 3699
487.585 1346.41 3699
480.238 1343.49 3691
471.891 1337.67 3675
463.473 1331.48 3658
457.237 1331.48 3658
449.028 1325.66 3642
440.995 1320.2 3627
434.812 1320.2 3627
428.629 1320.2 3627
422.446 1320.2 3627
416.263 1320.2 3627
408.271 1314.38 3611
402.115 1314.38 3611
395.959 1314.38 3611
389.803 1314.38 3611
383.647 1314.38 3611
377.492 1314.38 3611
368.971 1306 3588
360.528 1297.63 3565
352.164 1289.26 3542
346.126 1289.26 3542
340.087 1289.26 3542
-16.9715 159.793 439
-17.7199 159.793 439
-18.4683 159.793 439
-19.2167 159.793 439
-19.9196 159.429 438
-20.6662 159.429 438
-21.4129 159.429 438
-22.109 159.065 437
-22.7494 158.337 435
-23.4909 158.337 435
-30.3386 151.785 417
-31.0495 151.785 417
-31.7603 151.785 417
-32.4712 151.785 417
-33.1025 151.421 416
-33.8117 151.421 416
-34.4379 151.057 415
-34.976 150.329 413
-35.6801 150.329 413
-36.3841 150.329 413
-36.9984 149.965 412
-37.7007 149.965 412
-38.3099 149.601 411
-39.0105 149.601 411
-39.6146 149.237 410
-40.2152 148.873 409
-40.7124 148.145 407
-41.4062 148.145 407
-42.1 148.145 407
-42.6887 147.781 406
-43.3808 147.781 406
-43.9644 147.417 405
-44.6548 147.417 405
-45.2333 147.053 404
-45.922 147.053 404
-46.4954 146.689 403
-47.1824 146.689 403
-47.7506 146.325 402
-48.4359 146.325 402
-48.999 145.961 401
-49.6826 145.961 401
-50.3662 145.961 401
-51.0498 145.961 401
-51.6044 145.597 400
-52.2863 145.597 400
-52.9682 145.597 400
-53.6501 145.597 400
-54.1962 145.233 399
-54.8764 145.233 399
-55.5566 145.233 399
-56.2368 145.233 399
-56.7743 144.869 398
-57.3085 144.505 397
-57.9852 144.505 397
-58.662 144.505 397
-59.3388 144.505 397
-60.4691 145.597 400
-61.151 145.597 400
-61.8329 145.597 400
-62.5148 145.597 400
-63.1967 145.597 400
-63.8786 145.597 400
-64.5605 145.597 400
-65.2424 145.597 400
-65.9243 145.597 400
-66.6062 145.597 400
-67.1199 145.233 399
-67.8001 145.233 399
-68.4803 145.233 399
-69.1605 145.233 399
-69.8407 145.233 399
-70.5209 145.233 399
-71.3795 145.597 400
-72.0614 145.597 400
-72.7433 145.597 400
-73.4252 145.597 400
-74.1071 145.597 400
-74.789 145.597 400
-75.6596 145.961 401
-76.3432 145.961 401
-77.0268 145.961 401
-77.7104 145.961 401
-78.5895 146.325 402
-79.2748 146.325 402
-79.9601 146.325 402
-80.6454 146.325 402
-81.533 146.689 403
-82.4241 147.053 404
-83.3185 147.417 405
-84.0089 147.417 405
-84.6994 147.417 405
-85.6006 147.781 406
-86.2928 147.781 406
-86.9849 147.781 406
-87.677 147.781 406
-88.3691 147.781 406
-89.0613 147.781 406
-89.9745 148.145 407
-90.6683 148.145 407
-91.3621 148.145 407
-92.056 148.145 407
-92.9777 148.509 408
-94.1324 149.237 410
-94.8313 149.237 410
-97.3943 152.149 418
-99.5151 154.333 424
-100.238 154.333 424
-101.199 154.697 425
-102.163 155.061 426
-102.889 155.061 426
-103.616 155.061 426
-104.342 155.061 426
-105.315 155.425 427
-106.043 155.425 427
-106.771 155.425 427
-107.75 155.789 428
-108.733 156.153 429
-109.72 156.517 430
-110.71 156.881 431
-111.703 157.245 432
-112.7 157.609 433
-113.438 157.609 433
-114.44 157.973 434
-115.445 158.337 435
-116.454 158.701 436
-117.197 158.701 436
-118.211 159.065 437
-119.228 159.429 438
-119.975 159.429 438
-120.997 159.793 439
-121.745 159.793 439
-122.773 160.157 440
-123.523 160.157 440
-124.555 160.521 441
-125.307 160.521 441
-126.059 160.521 441
-126.811 160.521 441
-127.852 160.884 442
-128.605 160.884 442
-129.359 160.884 442
-130.112 160.884 442
-130.866 160.884 442
-131.619 160.884 442
-132.373 160.884 442
-852.93 821.53 2257
-856.778 821.53 2257
-865.582 826.262 2270
-869.452 826.262 2270
-873.322 826.262 2270
-877.192 826.262 2270
-881.061 826.262 2270
-884.931 826.262 2270
-887.626 825.17 2267
-890.311 824.078 2264
-891.406 821.53 2257
-894.064 820.438 2254
-897.906 820.438 2254
-900.549 819.346 2251
-901.975 817.162 2245
-905.802 817.162 2245
-908.414 816.07 2242
-912.236 816.07 2242
-916.058 816.07 2242
-919.88 816.07 2242
-921.23 813.886 2236
-922.56 811.702 2230
-923.869 809.518 2224
-926.409 808.426 2221
-928.939 807.334 2218
-930.617 805.514 2213
-933.123 804.422 2210
-936.891 804.422 2210
-940.658 804.422 2210
-940.58 801.147 2201
-937.896 795.687 2186
-940.761 794.959 2184
-944.484 794.959 2184
-946.905 793.867 2181
-948.008 791.683 2175
-949.09 789.499 2169
-952.788 789.499 2169
-955.604 788.771 2167
-956.642 786.587 2161
-958.992 785.495 2158
-962.671 785.495 2158
-966.35 785.495 2158
-968.68 784.403 2155
-972.354 784.403 2155
-976.028 784.403 2155
-977.429 782.583 2150
-979.725 781.491 2147
-982.011 780.399 2144
-985.666 780.399 2144
-988.398 779.671 2142
-990.66 778.579 2139
-995.701 779.671 2142
-999.353 779.671 2142
-1003 779.671 2142
-1003.84 777.487 2136
-1007.48 777.487 2136
-1011.12 777.487 2136
-1014.76 777.487 2136
-1016.97 776.395 2133
-1020.61 776.395 2133
-1024.24 776.395 2133
-1024.02 773.483 2125
-1026.2 772.391 2122
-1027.39 770.571 2117
-1031 770.571 2117
-1032.16 768.751 2112
-1034.29 767.659 2109
-1035.43 765.839 2104
-1039.01 765.839 2104
-1041.11 764.747 2101
-1043.2 763.655 2098
-1044.28 761.835 2093
-1047.85 761.835 2093
-1046.4 758.195 2083
-1047.43 756.375 2078
-1049.45 755.284 2075
-1052.99 755.284 2075
-1049.91 750.552 2062
-1050.87 748.732 2057
-1046.69 743.272 2042
-1050.17 743.272 2042
1476.42 1477.76 4079
1473.07 1481.39 4089
1466.1 1481.39 4089
1459.13 1481.39 4089
1452.16 1481.39 4089
1438.12 1474.14 4069
1431.18 1474.14 4069
1417.24 1466.9 4049
1410.34 1466.9 4049
1403.44 1466.9 4049
1396.54 1466.9 4049
1386.2 1463.27 4039
1372.83 1456.39 4020
1362.58 1452.77 4010
1355.74 1452.77 4010
1345.88 1449.51 4001
1332.7 1442.62 3982
1322.58 1439 3972
1315.81 1439 3972
1309.04 1439 3972
1302.27 1439 3972
1295.49 1439 3972
1301.05 1452.77 4010
1294.22 1452.77 4010
1290.59 1456.39 4020
1286.93 1460.01 4030
1280.06 1460.01 4030
1273.19 1460.01 4030
1257.21 1449.51 4001
1244.45 1442.62 3982
1237.66 1442.62 3982
1227.78 1439 3972
1218.24 1435.74 3963
1205.68 1428.86 3944
1198.96 1428.86 3944
1189.51 1425.6 3935
1182.8 1425.6 3935
1170.42 1418.71 3916
1163.74 1418.71 3916
1157.06 1418.71 3916
1158.61 1428.86 3944
1154.52 1432.12 3953
1147.78 1432.12 3953
1141.04 1432.12 3953
1131.72 1428.86 3944
1122.43 1425.6 3935
1120.83 1432.12 3953
1114.09 1432.12 3953
1110.15 1435.74 3963
1103.39 1435.74 3963
1096.64 1435.74 3963
1089.88 1435.74 3963
1083.13 1435.74 3963
1073.65 1432.12 3953
1066.91 1432.12 3953
1055.35 1425.6 3935
1048.64 1425.6 3935
1041.93 1425.6 3935
1039.96 1432.12 3953
1033.22 1432.12 3953
1026.48 1432.12 3953
1022.32 1435.74 3963
1015.57 1435.74 3963
1008.81 1435.74 3963
1002.05 1435.74 3963
997.559 1439 3972
990.787 1439 3972
984.016 1439 3972
977.245 1439 3972
968.275 1435.74 3963
963.702 1439 3972
956.931 1439 3972
952.552 1442.62 3982
954.789 1456.39 4020
952.416 1463.27 4039
945.531 1463.27 4039
940.969 1466.9 4049
934.067 1466.9 4049
927.164 1466.9 4049
920.262 1466.9 4049
906.817 1456.39 4020
902.203 1460.01 4030
895.333 1460.01 4030
888.463 1460.01 4030
881.593 1460.01 4030
864.304 1442.62 3982
857.516 1442.62 3982
848.591 1439 3972
837.793 1432.12 3953
827.27 1425.6 3935
820.562 1425.6 3935
813.853 1425.6 3935
805.094 1421.97 3925
794.741 1415.45 3907
784.45 1408.93 3889
777.82 1408.93 3889
764.052 1395.89 3853
752.175 1386.11 3826
744.094 1383.21 3818
737.585 1383.21 3818
729.353 1379.95 3809
719.633 1373.79 3792
711.476 1370.53 3783
705.027 1370.53 3783
696.916 1367.27 3774
687.372 1361.11 3757
677.886 1354.95 3740
671.51 1354.95 3740
665.135 1354.95 3740
655.941 1349.15 3724
648.197 1346.25 3716
641.862 1346.25 3716
635.527 1346.25 3716
629.192 1346.25 3716
625.539 1352.05 3732
620.504 1354.95 3740
614.129 1354.95 3740
609.215 1358.21 3749
604.111 1361.11 3757
597.706 1361.11 3757
591.301 1361.11 3757
582.25 1354.95 3740
574.642 1352.05 3732
568.28 1352.05 3732
560.714 1349.15 3724
553.174 1346.25 3716
544.338 1340.1 3699
538.032 1340.1 3699
531.726 1340.1 3699
526.556 1342.99 3707
520.237 1342.99 3707
513.917 1342.99 3707
507.598 1342.99 3707
501.278 1342.99 3707
493.891 1340.1 3699
487.585 1340.1 3699
480.238 1337.2 3691
471.891 1331.4 3675
463.473 1325.24 3658
457.237 1325.24 3658
449.028 1319.45 3642
440.995 1314.01 3627
434.812 1314.01 3627
428.629 1314.01 3627
422.446 1314.01 3627
416.263 1314.01 3627
408.271 1308.21 3611
404.788 1316.91 3635
398.591 1316.91 3635
392.394 1316.91 3635
386.197 1316.91 3635
380.001 1316.91 3635
372.158 1311.11 3619
364.371 1305.32 3603
355.147 1294.09 3572
349.057 1294.09 3572
341.528 1288.65 3557
-16.9715 159.044 439
-17.7199 159.044 439
-18.4683 159.044 439
-19.2167 159.044 439
-19.9196 158.681 438
-20.6662 158.681 438
-21.4129 158.681 438
-22.109 158.319 437
-22.7494 157.594 435
-23.4909 157.594 435
-30.3386 151.073 417
-31.0495 151.073 417
-31.7603 151.073 417
-32.4712 151.073 417
-33.1025 150.711 416
-33.8117 150.711 416
-34.4379 150.349 415
-34.976 149.624 413
-35.6801 149.624 413
-36.3841 149.624 413
-36.9984 149.262 412
-37.7007 149.262 412
-38.3099 148.9 411
-39.0105 148.9 411
-39.6146 148.537 410
-40.2152 148.175 409
-40.7124 147.45 407
-41.4062 147.45 407
-42.1 147.45 407
-42.6887 147.088 406
-43.274 146.726 405
-43.9644 146.726 405
-44.6548 146.726 405
-45.2333 146.364 404
-45.8083 146.001 403
-46.4954 146.001 403
-47.1824 146.001 403
-47.7506 145.639 402
-48.4359 145.639 402
-48.999 145.277 401
-49.6826 145.277 401
-50.3662 145.277 401
-51.0498 145.277 401
-51.6044 144.914 400
-52.2863 144.914 400
-52.9682 144.914 400
-53.6501 144.914 400
-54.1962 144.552 399
-54.8764 144.552 399
-55.5566 144.552 399
-56.0958 144.19 398
-56.7743 144.19 398
-57.1641 143.465 396
-57.8392 143.465 396
-58.3665 143.103 395
-59.0399 143.103 395
-60.318 144.552 399
-61.151 144.914 400
-61.8329 144.914 400
-62.5148 144.914 400
-63.1967 144.914 400
-63.8786 144.914 400
-64.5605 144.914 400
-65.2424 144.914 400
-65.9243 144.914 400
-66.6062 144.914 400
-67.1199 144.552 399
-67.8001 144.552 399
-68.4803 144.552 399
-69.1605 144.552 399
-69.8407 144.552 399
-70.5209 144.552 399
-71.3795 144.914 400
-72.0614 144.914 400
-72.9252 145.277 401
-73.6088 145.277 401
-74.2924 145.277 401
-74.976 145.277 401
-75.6596 145.277 401
-76.3432 145.277 401
-77.0268 145.277 401
-77.7104 145.277 401
-78.5895 145.639 402
-79.2748 145.639 402
-79.9601 145.639 402
-80.6454 145.639 402
-81.533 146.001 403
-82.4241 146.364 404
-83.3185 146.726 405
-84.0089 146.726 405
-84.6994 146.726 405
-85.6006 147.088 406
-86.2928 147.088 406
-86.9849 147.088 406
-87.677 147.088 406
-88.3691 147.088 406
-89.0613 147.088 406
-89.9745 147.45 407
-90.6683 147.45 407
-91.3621 147.45 407
-92.056 147.45 407
-92.9777 147.813 408
-94.5916 149.262 412
-95.2939 149.262 412
-97.3943 151.436 418
-99.5151 153.609 424
-100.238 153.609 424
-101.199 153.972 425
-102.163 154.334 426
-102.889 154.334 426
-103.616 154.334 426
-104.587 154.696 427
-105.315 154.696 427
-106.291 155.058 428
-107.021 155.058 428
-108.002 155.421 429
-109.24 156.145 431
-109.975 156.145 431
-110.71 156.145 431
-111.962 156.87 433
-112.96 157.232 434
-113.7 157.232 434
-114.44 157.232 434
-115.71 157.957 436
-116.721 158.319 437
-117.466 158.319 437
-118.481 158.681 438
-119.228 158.681 438
-119.975 158.681 438
-120.997 159.044 439
-121.745 159.044 439
-122.773 159.406 440
-123.523 159.406 440
-124.555 159.768 441
-125.307 159.768 441
-126.345 160.13 442
-127.098 160.13 442
-127.852 160.13 442
-128.605 160.13 442
-129.359 160.13 442
-130.112 160.13 442
-130.866 160.13 442
-864.438 821.302 2267
-868.303 821.302 2267
-872.168 821.302 2267
-877.192 822.389 2270
-881.061 822.389 2270
-884.931 822.389 2270
-887.626 821.302 2267
-890.311 820.215 2264
-890.221 816.593 2254
-894.064 816.593 2254
-897.906 816.593 2254
-900.549 815.506 2251
-901.975 813.332 2245
-905.802 813.332 2245
-908.414 812.245 2242
-912.236 812.245 2242
-916.058 812.245 2242
-919.88 812.245 2242
-921.23 810.071 2236
-922.56 807.898 2230
-923.869 805.724 2224
-926.409 804.637 2221
-928.939 803.55 2218
-930.617 801.739 2213
-933.123 800.652 2210
-936.891 800.652 2210
-940.658 800.652 2210
-940.58 797.391 2201
-937.896 791.957 2186
-940.761 791.233 2184
-944.484 791.233 2184
-946.905 790.146 2181
-948.008 787.972 2175
-949.09 785.798 2169
-952.788 785.798 2169
-955.604 785.074 2167
-956.642 782.9 2161
-958.992 781.813 2158
-962.671 781.813 2158
-966.35 781.813 2158
-968.68 780.726 2155
-971.452 780.002 2153
-975.122 780.002 2153
-976.065 777.828 2147
-978.356 776.741 2144
-981.095 776.017 2142
-984.746 776.017 2142
-987.013 774.93 2139
-990.66 774.93 2139
-992.912 773.843 2136
-996.553 773.843 2136
-1000.19 773.843 2136
-1003.84 773.843 2136
-1007.48 773.843 2136
-1011.12 773.843 2136
-1013.33 772.756 2133
-1016.02 772.031 2131
-1016.78 769.858 2125
-1020.4 769.858 2125
-1022.58 768.771 2122
-1025.23 768.046 2120
-1025.93 765.873 2114
-1029.54 765.873 2114
-1030.7 764.061 2109
-1031.84 762.25 2104
-1033.95 761.163 2101
-1037.53 761.163 2101
-1041.11 761.163 2101
-1043.2 760.076 2098
-1044.28 758.265 2093
-1047.85 758.265 2093
-1044.89 753.555 2080
-1045.92 751.743 2075
-1046.92 749.932 2070
-1050.45 749.932 2070
-1049.91 747.034 2062
-1050.87 745.222 2057
-1046.69 739.788 2042
-1050.17 739.788 2042
1476.42 1470.81 4079
1469.47 1470.81 4079
1462.51 1470.81 4079
1455.56 1470.81 4079
1445.05 1467.2 4069
1431.05 1459.99 4049
1427.66 1463.59 4059
1420.74 1463.59 4059
1413.82 1463.59 4059
1403.44 1459.99 4049
1396.54 1459.99 4049
1386.2 1456.38 4039
1379.32 1456.38 4039
1362.58 1445.93 4010
1355.74 1445.93 4010
1348.9 1445.93 4010
1332.7 1435.83 3982
1325.91 1435.83 3982
1319.12 1435.83 3982
1312.33 1435.83 3982
1302.27 1432.22 3972
1295.49 1432.22 3972
1301.05 1445.93 4010
1294.22 1445.93 4010
1296.69 1456.38 4039
1296.19 1463.59 4059
1289.27 1463.59 4059
1282.35 1463.59 4059
1266.32 1453.14 4030
1250.39 1442.68 4001
1243.57 1442.68 4001
1236.75 1442.68 4001
1224.08 1435.83 3982
1217.3 1435.83 3982
1210.51 1435.83 3982
1189.51 1418.88 3935
1182.8 1418.88 3935
1176.1 1418.88 3935
1172.06 1422.13 3944
1165.34 1422.13 3944
1158.61 1422.13 3944
1151.89 1422.13 3944
1145.17 1422.13 3944
1138.44 1422.13 3944
1131.72 1422.13 3944
1122.43 1418.88 3935
1123.66 1428.98 3963
1116.9 1428.98 3963
1110.15 1428.98 3963
1103.39 1428.98 3963
1096.64 1428.98 3963
1089.88 1428.98 3963
1083.13 1428.98 3963
1073.65 1425.37 3953
1066.91 1425.37 3953
1055.35 1418.88 3935
1048.64 1418.88 3935
1041.93 1418.88 3935
1039.96 1425.37 3953
1033.22 1425.37 3953
1026.48 1425.37 3953
1022.32 1428.98 3963
1015.57 1428.98 3963
1008.81 1428.98 3963
1002.05 1428.98 3963
997.559 1432.22 3972
990.787 1432.22 3972
984.016 1432.22 3972
977.245 1432.22 3972
968.275 1428.98 3963
963.702 1432.22 3972
956.931 1432.22 3972
952.552 1435.83 3982
954.789 1449.53 4020
952.416 1456.38 4039
945.531 1456.38 4039
940.969 1459.99 4049
934.067 1459.99 4049
927.164 1459.99 4049
920.262 1459.99 4049
909.073 1453.14 4030
902.203 1453.14 4030
895.333 1453.14 4030
888.463 1453.14 4030
881.593 1453.14 4030
870.381 1445.93 4010
863.545 1445.93 4010
852.65 1439.07 3991
841.82 1432.22 3972
833.156 1428.98 3963
826.4 1428.98 3963
819.644 1428.98 3963
810.837 1425.37 3953
800.437 1418.88 3935
793.729 1418.88 3935
781.42 1408.79 3907
771.191 1402.3 3889
757.483 1389.31 3853
745.653 1379.58 3826
739.131 1379.58 3826
731.076 1376.69 3818
722.86 1373.45 3809
711.476 1364.07 3783
705.027 1364.07 3783
698.578 1364.07 3783
689.019 1357.94 3766
680.968 1354.7 3757
674.563 1354.7 3757
665.135 1348.57 3740
657.35 1345.68 3732
649.592 1342.8 3724
643.244 1342.8 3724
635.527 1339.91 3716
630.547 1342.8 3724
625.539 1345.68 3732
621.998 1351.81 3749
615.607 1351.81 3749
610.515 1354.7 3757
605.558 1357.94 3766
599.138 1357.94 3766
592.718 1357.94 3766
584.896 1354.7 3757
575.874 1348.57 3740
569.498 1348.57 3740
563.123 1348.57 3740
556.747 1348.57 3740
548.017 1342.8 3724
541.668 1342.8 3724
534.17 1339.91 3716
527.835 1339.91 3716
522.623 1342.8 3724
516.274 1342.8 3724
509.926 1342.8 3724
502.495 1339.91 3716
494.959 1336.67 3707
488.639 1336.67 3707
480.238 1330.9 3691
472.919 1328.02 3683
464.613 1322.25 3667
458.362 1322.25 3667
451.001 1319 3658
442.819 1313.23 3642
436.611 1313.23 3642
431.347 1316.12 3650
425.125 1316.12 3650
418.903 1316.12 3650
411.776 1313.23 3642
405.567 1313.23 3642
399.358 1313.23 3642
392.394 1310.71 3635
386.197 1310.71 3635
380.001 1310.71 3635
372.158 1304.94 3619
364.371 1299.17 3603
355.147 1287.99 3572
349.057 1287.99 3572
341.528 1282.58 3557
-16.9715 158.295 439
-17.7199 158.295 439
-18.4683 158.295 439
-19.2167 158.295 439
-19.9196 157.934 438
-20.6662 157.934 438
-21.4129 157.934 438
-22.109 157.573 437
-22.7494 156.852 435
-23.4909 156.852 435
-30.3386 150.362 417
-31.0495 150.362 417
-31.7603 150.362 417
-32.3934 150.001 416
-33.1025 150.001 416
-33.8117 150.001 416
-34.4379 149.641 415
-34.976 148.919 413
-35.6801 148.919 413
-36.3841 148.919 413
-36.9984 148.559 412
-37.7007 148.559 412
-38.2167 147.838 410
-38.9156 147.838 410
-39.6146 147.838 410
-40.1169 147.117 408
-40.7124 146.756 407
-41.3045 146.395 406
-41.9966 146.395 406
-42.6887 146.395 406
-43.274 146.035 405
-43.9644 146.035 405
-44.6548 146.035 405
-45.2333 145.674 404
-45.8083 145.314 403
-46.4954 145.314 403
-47.1824 145.314 403
-47.7506 144.953 402
-48.4359 144.953 402
-48.999 144.593 401
-49.6826 144.593 401
-50.3662 144.593 401
-51.0498 144.593 401
-51.6044 144.232 400
-52.2863 144.232 400
-52.9682 144.232 400
-53.6501 144.232 400
-54.1962 143.871 399
-54.8764 143.871 399
-55.5566 143.871 399
-56.0958 143.511 398
-56.7743 143.511 398
-57.1641 142.79 396
-57.8392 142.79 396
-58.3665 142.429 395
-59.0399 142.429 395
-60.1668 143.511 398
-61.151 144.232 400
-61.8329 144.232 400
-62.5148 144.232 400
-63.1967 144.232 400
-63.8786 144.232 400
-64.5605 144.232 400
-65.2424 144.232 400
-65.9243 144.232 400
-66.6062 144.232 400
-67.1199 143.871 399
-67.8001 143.871 399
-68.4803 143.871 399
-69.1605 143.871 399
-69.8407 143.871 399
-70.6976 144.232 400
-71.3795 144.232 400
-72.0614 144.232 400
-72.9252 144.593 401
-73.6088 144.593 401
-74.2924 144.593 401
-74.976 144.593 401
-75.6596 144.593 401
-76.3432 144.593 401
-77.0268 144.593 401
-77.7104 144.593 401
-78.5895 144.953 402
-79.2748 144.953 402
-79.9601 144.953 402
-80.6454 144.953 402
-81.533 145.314 403
-82.4241 145.674 404
-83.3185 146.035 405
-84.0089 146.035 405
-84.6994 146.035 405
-85.6006 146.395 406
-86.2928 146.395 406
-86.9849 146.395 406
-87.677 146.395 406
-88.5868 146.756 407
-89.2806 146.756 407
-89.9745 146.756 407
-90.8911 147.117 408
-91.5866 147.117 408
-92.2821 147.117 408
-93.4334 147.838 410
-94.5916 148.559 412
-95.2939 148.559 412
-97.3943 150.722 418
-99.5151 152.886 424
-100.238 152.886 424
-101.199 153.246 425
-102.163 153.607 426
-102.889 153.607 426
-103.616 153.607 426
-104.587 153.968 427
-105.315 153.968 427
-106.291 154.328 428
-107.021 154.328 428
-108.002 154.689 429
-109.24 155.41 431
-109.975 155.41 431
-110.71 155.41 431
-111.962 156.131 433
-112.96 156.492 434
-113.7 156.492 434
-114.44 156.492 434
-115.71 157.213 436
-116.721 157.573 437
-117.466 157.573 437
-118.481 157.934 438
-119.228 157.934 438
-119.975 157.934 438
-120.997 158.295 439
-122.023 158.655 440
-123.052 159.016 441
-123.804 159.016 441
-124.555 159.016 441
-125.307 159.016 441
-126.631 159.737 443
-127.386 159.737 443
-128.141 159.737 443
-128.896 159.737 443
-129.651 159.737 443
-130.112 159.376 442
-130.866 159.376 442
-864.438 817.435 2267
-868.303 817.435 2267
-872.168 817.435 2267
-876.032 817.435 2267
-881.061 818.516 2270
-884.931 818.516 2270
-888.801 818.516 2270
-892.671 818.516 2270
-891.406 813.829 2257
-895.254 813.829 2257
-897.906 812.747 2254
-899.348 810.584 2248
-901.975 809.502 2245
-905.802 809.502 2245
-905.983 806.257 2236
-909.795 806.257 2236
-913.607 806.257 2236
-917.418 806.257 2236
-919.994 805.175 2233
-920.078 801.93 2224
-922.623 800.848 2221
-926.409 800.848 2221
-926.845 797.963 2213
-929.356 796.882 2210
-930.59 794.718 2204
-934.347 794.718 2204
-938.104 794.718 2204
-940.58 793.636 2201
-937.896 788.228 2186
-939.469 786.425 2181
-943.187 786.425 2181
-945.602 785.343 2178
-948.008 784.261 2175
-949.09 782.098 2169
-952.788 782.098 2169
-954.281 780.295 2164
-956.642 779.213 2161
-958.992 778.131 2158
-962.671 778.131 2158
-966.35 778.131 2158
-968.68 777.05 2155
-971.452 776.328 2153
-975.122 776.328 2153
-976.065 774.165 2147
-978.356 773.083 2144
-981.095 772.362 2142
-984.746 772.362 2142
-987.013 771.28 2139
-990.66 771.28 2139
-992.912 770.199 2136
-996.553 770.199 2136
-1000.19 770.199 2136
-1003.84 770.199 2136
-1007.48 770.199 2136
-1011.12 770.199 2136
-1013.33 769.117 2133
-1016.02 768.396 2131
-1016.78 766.232 2125
-1020.4 766.232 2125
-1022.58 765.151 2122
-1025.23 764.429 2120
-1023.5 760.463 2109
-1027.1 760.463 2109
-1028.25 758.66 2104
-1030.37 757.578 2101
-1031.49 755.775 2096
-1035.06 755.775 2096
-1038.63 755.775 2096
-1040.72 754.694 2093
-1041.79 752.891 2088
-1045.35 752.891 2088
-1042.38 748.203 2075
-1043.4 746.4 2070
-1045.41 745.319 2067
-1048.93 745.319 2067
-1048.89 742.794 2060
-1049.85 740.992 2055
-1046.69 736.304 2042
-1050.17 736.304 2042
1476.42 1463.85 4079
1473.07 1467.43 4089
1466.1 1467.43 4089
1459.13 1467.43 4089
1445.05 1460.26 4069
1438.12 1460.26 4069
1434.7 1463.85 4079
1427.74 1463.85 4079
1420.79 1463.85 4079
1413.84 1463.85 4079
1406.88 1463.85 4079
1396.5 1460.26 4069
1379.32 1449.49 4039
1372.43 1449.49 4039
1365.54 1449.49 4039
1348.9 1439.08 4010
1342.07 1439.08 4010
1325.91 1429.04 3982
1319.12 1429.04 3982
1312.33 1429.04 3982
1302.27 1425.45 3972
1304.95 1435.85 4001
1304.3 1442.67 4020
1297.44 1442.67 4020
1303.11 1456.67 4059
1299.38 1460.26 4069
1292.45 1460.26 4069
1285.51 1460.26 4069
1275.43 1456.67 4059
1265.39 1453.08 4049
1258.49 1453.08 4049
1245.71 1446.26 4030
1235.77 1442.67 4020
1223.1 1435.85 4001
1216.28 1435.85 4001
1203.72 1429.04 3982
1193.93 1425.45 3972
1184.46 1422.22 3963
1177.71 1422.22 3963
1170.95 1422.22 3963
1166.84 1425.45 3972
1165.62 1432.27 3991
1158.81 1432.27 3991
1152.01 1432.27 3991
1145.21 1432.27 3991
1138.4 1432.27 3991
1131.6 1432.27 3991
1124.8 1432.27 3991
1117.99 1432.27 3991
1113.97 1435.85 4001
1107.15 1435.85 4001
1100.33 1435.85 4001
1088.32 1429.04 3982
1081.53 1429.04 3982
1074.74 1429.04 3982
1057.76 1415.4 3944
1058.5 1425.45 3972
1051.73 1425.45 3972
1044.96 1425.45 3972
1038.19 1425.45 3972
1034.01 1429.04 3982
1029.54 1432.27 3991
1022.74 1432.27 3991
1015.94 1432.27 3991
1009.13 1432.27 3991
1004.84 1435.85 4001
998.021 1435.85 4001
991.2 1435.85 4001
981.919 1432.27 3991
975.116 1432.27 3991
968.312 1432.27 3991
961.508 1432.27 3991
957.097 1435.85 4001
954.789 1442.67 4020
952.416 1449.49 4039
945.531 1449.49 4039
940.969 1453.08 4049
934.067 1453.08 4049
927.164 1453.08 4049
920.262 1453.08 4049
909.073 1446.26 4030
902.203 1446.26 4030
895.333 1446.26 4030
888.463 1446.26 4030
881.593 1446.26 4030
870.381 1439.08 4010
863.545 1439.08 4010
852.65 1432.27 3991
841.82 1425.45 3972
833.156 1422.22 3963
826.4 1422.22 3963
819.644 1422.22 3963
810.837 1418.63 3953
800.437 1412.17 3935
793.729 1412.17 3935
781.42 1402.12 3907
771.191 1395.66 3889
757.483 1382.74 3853
745.653 1373.05 3826
739.131 1373.05 3826
732.608 1373.05 3826
724.568 1370.18 3818
713.169 1360.85 3792
706.705 1360.85 3792
698.578 1357.62 3783
690.483 1354.39 3774
680.968 1348.29 3757
674.563 1348.29 3757
666.735 1345.42 3749
658.759 1342.19 3740
650.988 1339.32 3732
644.626 1339.32 3732
638.264 1339.32 3732
631.901 1339.32 3732
626.88 1342.19 3740
623.325 1348.29 3757
616.92 1348.29 3757
611.978 1351.52 3766
606.844 1354.39 3774
600.411 1354.39 3774
593.977 1354.39 3774
586.298 1351.52 3766
578.492 1348.29 3757
572.087 1348.29 3757
565.682 1348.29 3757
559.278 1348.29 3757
550.371 1342.19 3740
543.995 1342.19 3740
536.47 1339.32 3732
530.107 1339.32 3732
524.868 1342.19 3740
518.492 1342.19 3740
512.117 1342.19 3740
503.577 1336.45 3724
497.229 1336.45 3724
490.88 1336.45 3724
482.32 1330.34 3707
474.973 1327.47 3699
466.64 1321.73 3683
460.361 1321.73 3683
452.11 1315.99 3667
444.765 1312.76 3658
437.57 1309.89 3650
432.293 1312.76 3658
426.057 1312.76 3658
419.821 1312.76 3658
413.585 1312.76 3658
407.349 1312.76 3658
401.113 1312.76 3658
394.877 1312.76 3658
388.641 1312.76 3658
382.405 1312.76 3658
373.804 1304.51 3635
366.798 1301.64 3627
358.229 1293.02 3603
352.086 1293.02 3603
341.528 1276.51 3557
-16.9715 157.546 439
-17.7199 157.546 439
-18.4683 157.546 439
-19.2167 157.546 439
-19.9196 157.187 438
-20.6662 157.187 438
-21.4129 157.187 438
-22.109 156.828 437
-22.7494 156.11 435
-23.4909 156.11 435
-30.3386 149.65 417
-31.0495 149.65 417
-31.7603 149.65 417
-32.3934 149.291 416
-33.1025 149.291 416
-33.8117 149.291 416
-34.4379 148.933 415
-34.976 148.215 413
-35.6801 148.215 413
-36.3841 148.215 413
-36.9984 147.856 412
-37.6092 147.497 411
-38.2167 147.138 410
-38.9156 147.138 410
-39.5179 146.779 409
-40.1169 146.421 408
-40.7124 146.062 407
-41.3045 145.703 406
-41.9966 145.703 406
-42.6887 145.703 406
-43.274 145.344 405
-43.9644 145.344 405
-44.6548 145.344 405
-45.2333 144.985 404
-45.8083 144.626 403
-46.38 144.267 402
-47.0653 144.267 402
-47.7506 144.267 402
-48.3154 143.908 401
-48.999 143.908 401
-49.6826 143.908 401
-50.3662 143.908 401
-50.9225 143.55 400
-51.6044 143.55 400
-52.2863 143.55 400
-52.9682 143.55 400
-53.6501 143.55 400
-54.1962 143.191 399
-54.8764 143.191 399
-55.5566 143.191 399
-56.0958 142.832 398
-56.6317 142.473 397
-57.0198 141.755 395
-57.6931 141.755 395
-58.3665 141.755 395
-59.0399 141.755 395
-60.1668 142.832 398
-61.151 143.55 400
-61.8329 143.55 400
-62.5148 143.55 400
-63.1967 143.55 400
-63.8786 143.55 400
-64.5605 143.55 400
-65.2424 143.55 400
-65.9243 143.55 400
-66.6062 143.55 400
-67.1199 143.191 399
-67.8001 143.191 399
-68.4803 143.191 399
-69.1605 143.191 399
-69.8407 143.191 399
-70.6976 143.55 400
-71.3795 143.55 400
-72.0614 143.55 400
-72.9252 143.908 401
-73.6088 143.908 401
-74.2924 143.908 401
-74.976 143.908 401
-75.6596 143.908 401
-76.3432 143.908 401
-77.0268 143.908 401
-77.7104 143.908 401
-78.5895 144.267 402
-79.2748 144.267 402
-80.159 144.626 403
-80.846 144.626 403
-81.7354 144.985 404
-82.4241 144.985 404
-83.3185 145.344 405
-84.0089 145.344 405
-84.9085 145.703 406
-85.6006 145.703 406
-86.2928 145.703 406
-86.9849 145.703 406
-87.893 146.062 407
-88.5868 146.062 407
-89.2806 146.062 407
-90.1955 146.421 408
-91.1138 146.779 409
-92.0356 147.138 410
-92.7345 147.138 410
-93.8892 147.856 412
-94.5916 147.856 412
-95.2939 147.856 412
-97.3943 150.009 418
-99.5151 152.162 424
-100.238 152.162 424
-101.199 152.521 425
-102.163 152.88 426
-103.131 153.239 427
-103.859 153.239 427
-104.587 153.239 427
-105.561 153.598 428
-106.539 153.957 429
-107.271 153.957 429
-108.002 153.957 429
-109.24 154.675 431
-109.975 154.675 431
-110.71 154.675 431
-111.962 155.392 433
-112.96 155.751 434
-113.7 155.751 434
-114.44 155.751 434
-115.71 156.469 436
-116.721 156.828 437
-117.466 156.828 437
-118.481 157.187 438
-119.228 157.187 438
-119.975 157.187 438
-120.997 157.546 439
-122.023 157.904 440
-123.052 158.263 441
-123.804 158.263 441
-124.555 158.263 441
-125.307 158.263 441
-126.631 158.981 443
-127.386 158.981 443
-128.141 158.981 443
-128.896 158.981 443
-129.651 158.981 443
-130.112 158.622 442
-864.438 813.567 2267
-868.303 813.567 2267
-872.168 813.567 2267
-876.032 813.567 2267
-881.061 814.643 2270
-884.931 814.643 2270
-888.801 814.643 2270
-892.671 814.643 2270
-891.406 809.978 2257
-895.254 809.978 2257
-897.906 808.901 2254
-900.549 807.825 2251
-903.181 806.748 2248
-907.013 806.748 2248
-905.983 802.442 2236
-909.795 802.442 2236
-913.607 802.442 2236
-917.418 802.442 2236
-919.994 801.365 2233
-920.078 798.135 2224
-921.377 795.982 2218
-925.158 795.982 2218
-926.845 794.188 2213
-926.833 790.958 2204
-930.59 790.958 2204
-934.347 790.958 2204
-936.828 789.881 2201
-936.734 786.651 2192
-937.038 783.78 2184
-939.469 782.704 2181
-941.89 781.627 2178
-944.3 780.55 2175
-946.7 779.474 2172
-949.09 778.397 2169
-952.788 778.397 2169
-954.281 776.603 2164
-956.642 775.526 2161
-958.992 774.45 2158
-962.671 774.45 2158
-965.007 773.373 2155
-967.781 772.655 2153
-971.452 772.655 2153
-975.122 772.655 2153
-976.065 770.502 2147
-977.443 768.708 2142
-981.095 768.708 2142
-984.746 768.708 2142
-987.013 767.631 2139
-989.271 766.554 2136
-992.912 766.554 2136
-996.553 766.554 2136
-1000.19 766.554 2136
-1002.43 765.478 2133
-1006.06 765.478 2133
-1009.7 765.478 2133
-1012.38 764.76 2131
-1013.16 762.607 2125
-1015.34 761.53 2122
-1018.96 761.53 2122
-1021.62 760.812 2120
-1022.33 758.659 2114
-1023.5 756.865 2109
-1027.1 756.865 2109
-1028.25 755.07 2104
-1030.37 753.994 2101
-1031.49 752.199 2096
-1035.06 752.199 2096
-1038.63 752.199 2096
-1040.72 751.123 2093
-1041.79 749.328 2088
-1045.35 749.328 2088
-1042.38 744.663 2075
-1043.4 742.869 2070
-1045.41 741.792 2067
-1048.93 741.792 2067
-1048.89 739.28 2060
-1049.85 737.486 2055
-1046.69 732.82 2042
-1050.17 732.82 2042
1472.8 1453.32 4069
1473.07 1460.46 4089
1466.1 1460.46 4089
1459.13 1460.46 4089
1445.05 1453.32 4069
1438.12 1453.32 4069
1434.7 1456.89 4079
1427.74 1456.89 4079
1420.79 1456.89 4079
1413.84 1456.89 4079
1406.88 1456.89 4079
1396.5 1453.32 4069
1379.32 1442.6 4039
1372.43 1442.6 4039
1365.54 1442.6 4039
1348.9 1432.24 4010
1342.07 1432.24 4010
1325.91 1422.24 3982
1319.12 1422.24 3982
1312.33 1422.24 3982
1302.27 1418.67 3972
1304.95 1429.03 4001
1304.3 1435.81 4020
1297.44 1435.81 4020
1306.32 1453.32 4069
1299.38 1453.32 4069
1292.45 1453.32 4069
1285.51 1453.32 4069
1284.86 1460.46 4089
1277.89 1460.46 4089
1270.92 1460.46 4089
1248.49 1442.6 4039
1238.84 1439.39 4030
1225.86 1432.24 4010
1219.02 1432.24 4010
1206.44 1425.46 3991
1196.93 1422.24 3982
1187.15 1418.67 3972
1180.38 1418.67 3972
1170.95 1415.46 3963
1172.42 1425.46 3991
1171.17 1432.24 4010
1164.33 1432.24 4010
1157.49 1432.24 4010
1150.66 1432.24 4010
1143.82 1432.24 4010
1139.82 1435.81 4020
1132.97 1435.81 4020
1128.92 1439.39 4030
1124.55 1442.6 4039
1117.67 1442.6 4039
1110.78 1442.6 4039
1101.44 1439.39 4030
1091.85 1435.81 4020
1085 1435.81 4020
1073.05 1429.03 4001
1066.23 1429.03 4001
1059.41 1429.03 4001
1052.59 1429.03 4001
1045.77 1429.03 4001
1041.28 1432.24 4010
1034.45 1432.24 4010
1027.61 1432.24 4010
1020.77 1432.24 4010
1013.94 1432.24 4010
1009.61 1435.81 4020
1002.76 1435.81 4020
995.907 1435.81 4020
989.054 1435.81 4020
979.758 1432.24 4010
972.922 1432.24 4010
963.918 1429.03 4001
961.642 1435.81 4020
957.164 1439.39 4030
954.774 1446.17 4049
947.872 1446.17 4049
940.969 1446.17 4049
934.067 1446.17 4049
927.164 1446.17 4049
920.262 1446.17 4049
913.359 1446.17 4049
906.456 1446.17 4049
899.554 1446.17 4049
892.651 1446.17 4049
883.561 1442.6 4039
872.552 1435.81 4020
865.699 1435.81 4020
856.709 1432.24 4010
845.846 1425.46 3991
839.043 1425.46 3991
832.239 1425.46 3991
825.435 1425.46 3991
814.735 1418.67 3972
804.098 1411.88 3953
797.36 1411.88 3953
785.021 1401.88 3925
774.76 1395.45 3907
759.253 1379.38 3862
752.669 1379.38 3862
740.869 1369.74 3835
732.608 1366.52 3826
724.568 1363.67 3818
713.169 1354.38 3792
706.705 1354.38 3792
698.578 1351.17 3783
690.483 1347.95 3774
680.968 1341.88 3757
674.563 1341.88 3757
666.735 1339.02 3749
658.759 1335.81 3740
650.988 1332.95 3732
644.626 1332.95 3732
638.264 1332.95 3732
631.901 1332.95 3732
626.88 1335.81 3740
623.325 1341.88 3757
616.92 1341.88 3757
611.978 1345.09 3766
606.844 1347.95 3774
600.411 1347.95 3774
593.977 1347.95 3774
586.298 1345.09 3766
582.495 1351.17 3783
576.046 1351.17 3783
569.597 1351.17 3783
561.808 1347.95 3774
555.375 1347.95 3774
548.941 1347.95 3774
538.913 1339.02 3749
532.522 1339.02 3749
529.64 1347.95 3774
523.206 1347.95 3774
516.772 1347.95 3774
508.04 1341.88 3757
501.635 1341.88 3757
495.23 1341.88 3757
486.614 1335.81 3740
476 1324.02 3707
468.667 1321.16 3699
462.361 1321.16 3699
454.083 1315.45 3683
445.859 1309.73 3667
439.608 1309.73 3667
433.356 1309.73 3667
427.105 1309.73 3667
420.854 1309.73 3667
415.507 1312.59 3675
409.242 1312.59 3675
402.977 1312.59 3675
396.712 1312.59 3675
390.447 1312.59 3675
384.182 1312.59 3675
377.095 1309.73 3667
368.315 1300.8 3642
360.615 1295.45 3627
354.432 1295.45 3627
347.481 1292.59 3619
-16.9715 156.797 439
-17.7199 156.797 439
-18.4683 156.797 439
-19.2167 156.797 439
-19.9196 156.439 438
-20.6662 156.439 438
-21.4129 156.439 438
-22.109 156.082 437
-22.7494 155.368 435
-23.4909 155.368 435
-24.2325 155.368 435
-30.975 148.582 416
-31.6842 148.582 416
-32.3934 148.582 416
-33.1025 148.582 416
-33.8117 148.582 416
-34.4379 148.225 415
-34.976 147.51 413
-35.6801 147.51 413
-36.3841 147.51 413
-36.9984 147.153 412
-37.6092 146.796 411
-38.2167 146.439 410
-38.9156 146.439 410
-39.5179 146.082 409
-40.1169 145.724 408
-40.7124 145.367 407
-41.3045 145.01 406
-41.9966 145.01 406
-42.6887 145.01 406
-43.274 144.653 405
-43.8559 144.296 404
-44.5446 144.296 404
-45.1213 143.939 403
-45.8083 143.939 403
-46.38 143.581 402
-47.0653 143.581 402
-47.6318 143.224 401
-48.3154 143.224 401
-48.999 143.224 401
-49.6826 143.224 401
-50.2406 142.867 400
-50.9225 142.867 400
-51.6044 142.867 400
-52.2863 142.867 400
-52.9682 142.867 400
-53.516 142.51 399
-54.1962 142.51 399
-54.7389 142.153 398
-55.4173 142.153 398
-56.0958 142.153 398
-56.6317 141.796 397
-57.0198 141.081 395
-57.6931 141.081 395
-58.3665 141.081 395
-59.0399 141.081 395
-59.7133 141.081 395
-60.3866 141.081 395
-61.06 141.081 395
-63.7189 142.51 399
-64.5605 142.867 400
-65.2424 142.867 400
-65.9243 142.867 400
-66.6062 142.867 400
-67.1199 142.51 399
-67.8001 142.51 399
-68.4803 142.51 399
-69.1605 142.51 399
-69.8407 142.51 399
-70.6976 142.867 400
-71.3795 142.867 400
-72.0614 142.867 400
-72.9252 143.224 401
-73.6088 143.224 401
-74.2924 143.224 401
-74.976 143.224 401
-75.6596 143.224 401
-76.3432 143.224 401
-77.0268 143.224 401
-77.7104 143.224 401
-78.5895 143.581 402
-79.2748 143.581 402
-80.159 143.939 403
-80.846 143.939 403
-81.7354 144.296 404
-82.6281 144.653 405
-83.3185 144.653 405
-84.0089 144.653 405
-84.9085 145.01 406
-85.6006 145.01 406
-86.2928 145.01 406
-87.1991 145.367 407
-87.893 145.367 407
-88.8045 145.724 408
-89.5 145.724 408
-90.6377 146.439 410
-91.3366 146.439 410
-92.4845 147.153 412
-93.1869 147.153 412
-93.8892 147.153 412
-94.8212 147.51 413
-95.5252 147.51 413
-97.1613 148.939 417
-99.5151 151.439 424
-100.238 151.439 424
-101.199 151.796 425
-102.403 152.511 427
-103.131 152.511 427
-103.859 152.511 427
-104.587 152.511 427
-105.561 152.868 428
-106.539 153.225 429
-107.271 153.225 429
-108.254 153.582 430
-109.24 153.939 431
-109.975 153.939 431
-110.71 153.939 431
-111.962 154.654 433
-112.96 155.011 434
-113.7 155.011 434
-114.44 155.011 434
-115.71 155.725 436
-116.721 156.082 437
-117.466 156.082 437
-118.481 156.439 438
-119.228 156.439 438
-119.975 156.439 438
-120.997 156.797 439
-122.023 157.154 440
-123.052 157.511 441
-123.804 157.511 441
-124.555 157.511 441
-125.307 157.511 441
-126.631 158.225 443
-127.386 158.225 443
-128.141 158.225 443
-128.896 158.225 443
-129.651 158.225 443
-864.438 809.699 2267
-868.303 809.699 2267
-872.168 809.699 2267
-876.032 809.699 2267
-881.061 810.771 2270
-884.931 810.771 2270
-888.801 810.771 2270
-892.671 810.771 2270
-891.406 806.127 2257
-895.254 806.127 2257
-897.906 805.056 2254
-900.549 803.984 2251
-903.181 802.913 2248
-907.013 802.913 2248
-905.983 798.627 2236
-909.795 798.627 2236
-913.607 798.627 2236
-917.418 798.627 2236
-919.994 797.555 2233
-920.078 794.341 2224
-919.299 790.412 2213
-923.072 790.412 2213
-926.845 790.412 2213
-925.571 786.126 2201
-928.056 785.055 2198
-931.804 785.055 2198
-935.551 785.055 2198
-936.734 782.911 2192
-935.751 778.983 2181
-939.469 778.983 2181
-940.592 776.84 2175
-942.997 775.768 2172
-945.393 774.697 2169
-949.09 774.697 2169
-950.591 772.911 2164
-952.958 771.839 2161
-955.313 770.768 2158
-957.659 769.696 2155
-961.333 769.696 2155
-964.111 768.982 2153
-967.781 768.982 2153
-971.452 768.982 2153
-973.763 767.91 2150
-974.701 765.767 2144
-977.443 765.053 2142
-981.095 765.053 2142
-983.367 763.982 2139
-987.013 763.982 2139
-989.271 762.91 2136
-992.912 762.91 2136
-995.154 761.839 2133
-998.79 761.839 2133
-1002.43 761.839 2133
-1006.06 761.839 2133
-1008.75 761.124 2131
-1010.96 760.053 2128
-1011.73 757.91 2122
-1015.34 757.91 2122
-1018 757.195 2120
-1021.62 757.195 2120
-1021.36 754.338 2112
-1024.96 754.338 2112
-1025.64 752.195 2106
-1026.79 750.409 2101
-1028.9 749.338 2098
-1030.01 747.552 2093
-1033.58 747.552 2093
-1037.15 747.552 2093
-1038.23 745.766 2088
-1040.29 744.695 2085
-1043.85 744.695 2085
-1039.87 739.337 2070
-1041.88 738.266 2067
-1041.87 735.765 2060
-1045.38 735.765 2060
-1046.34 733.98 2055
-1043.21 729.336 2042
-1044.12 727.551 2037
-1047.6 727.551 2037
1473.07 1453.48 4089
1466.1 1453.48 4089
1459.13 1453.48 4089
1445.05 1446.37 4069
1438.12 1446.37 4069
1438.21 1453.48 4089
1431.24 1453.48 4089
1424.27 1453.48 4089
1413.84 1449.93 4079
1406.88 1449.93 4079
1396.5 1446.37 4069
1389.56 1446.37 4069
1382.62 1446.37 4069
1375.69 1446.37 4069
1365.39 1442.82 4059
1355.12 1439.26 4049
1325.91 1415.45 3982
1319.12 1415.45 3982
1312.33 1415.45 3982
1302.27 1411.89 3972
1304.95 1422.2 4001
1310.46 1435.71 4039
1303.58 1435.71 4039
1306.32 1446.37 4069
1299.38 1446.37 4069
1292.45 1446.37 4069
1285.51 1446.37 4069
1284.86 1453.48 4089
1277.89 1453.48 4089
1270.92 1453.48 4089
1248.49 1435.71 4039
1238.84 1432.51 4030
1225.86 1425.4 4010
1219.02 1425.4 4010
1206.44 1418.65 3991
1196.93 1415.45 3982
1187.15 1411.89 3972
1180.38 1411.89 3972
1170.95 1408.69 3963
1172.42 1418.65 3991
1171.17 1425.4 4010
1164.33 1425.4 4010
1157.49 1425.4 4010
1150.66 1425.4 4010
1143.82 1425.4 4010
1139.82 1428.96 4020
1132.97 1428.96 4020
1128.92 1432.51 4030
1124.55 1435.71 4039
1117.67 1435.71 4039
1110.78 1435.71 4039
1101.44 1432.51 4030
1091.85 1428.96 4020
1085 1428.96 4020
1075.46 1425.4 4010
1071.29 1428.96 4020
1067.09 1432.51 4030
1060.22 1432.51 4030
1053.35 1432.51 4030
1046.48 1432.51 4030
1039.61 1432.51 4030
1032.74 1432.51 4030
1025.87 1432.51 4030
1021.27 1435.71 4039
1014.39 1435.71 4039
1007.5 1435.71 4039
1000.61 1435.71 4039
991.515 1432.51 4030
982.201 1428.96 4020
975.348 1428.96 4020
968.495 1428.96 4020
964.034 1432.51 4030
959.302 1435.71 4039
954.774 1439.26 4049
947.872 1439.26 4049
940.969 1439.26 4049
934.067 1439.26 4049
927.164 1439.26 4049
920.262 1439.26 4049
913.359 1439.26 4049
906.456 1439.26 4049
899.554 1439.26 4049
892.651 1439.26 4049
885.749 1439.26 4049
872.552 1428.96 4020
865.699 1428.96 4020
858.846 1428.96 4020
849.873 1425.4 4010
841.145 1422.2 4001
834.324 1422.2 4001
825.435 1418.65 3991
818.632 1418.65 3991
804.098 1405.14 3953
797.36 1405.14 3953
790.621 1405.14 3953
778.329 1395.19 3925
762.791 1379.19 3880
756.177 1379.19 3880
744.347 1369.59 3853
734.332 1363.2 3835
726.086 1360 3826
713.169 1347.91 3792
706.705 1347.91 3792
698.578 1344.71 3783
690.483 1341.51 3774
684.049 1341.51 3774
677.615 1341.51 3774
668.158 1335.47 3757
658.759 1329.43 3740
652.383 1329.43 3740
646.007 1329.43 3740
639.632 1329.43 3740
633.256 1329.43 3740
629.73 1335.47 3757
624.818 1338.67 3766
618.398 1338.67 3766
616.203 1347.91 3792
609.739 1347.91 3792
603.274 1347.91 3792
596.81 1347.91 3792
588.944 1344.71 3783
582.495 1344.71 3783
576.046 1344.71 3783
569.597 1344.71 3783
561.808 1341.51 3774
555.375 1341.51 3774
548.941 1341.51 3774
538.913 1332.63 3749
532.522 1332.63 3749
529.64 1341.51 3774
523.206 1341.51 3774
516.772 1341.51 3774
508.04 1335.47 3757
501.635 1335.47 3757
495.23 1335.47 3757
486.614 1329.43 3740
476 1317.7 3707
468.667 1314.85 3699
462.361 1314.85 3699
454.083 1309.16 3683
445.859 1303.48 3667
439.608 1303.48 3667
433.356 1303.48 3667
427.105 1303.48 3667
420.854 1303.48 3667
415.507 1306.32 3675
411.024 1312.01 3691
404.731 1312.01 3691
398.439 1312.01 3691
392.147 1312.01 3691
385.855 1312.01 3691
379.563 1312.01 3691
371.652 1306.32 3675
362.106 1294.59 3642
355.898 1294.59 3642
349.017 1292.1 3635
-16.9715 156.048 439
-17.7199 156.048 439
-18.4683 156.048 439
-19.1729 155.692 438
-19.9196 155.692 438
-20.6662 155.692 438
-21.4129 155.692 438
-22.109 155.337 437
-22.7494 154.626 435
-23.4909 154.626 435
-24.2325 154.626 435
-30.975 147.872 416
-31.6842 147.872 416
-32.3934 147.872 416
-33.1025 147.872 416
-33.8117 147.872 416
-34.4379 147.517 415
-34.976 146.806 413
-35.6801 146.806 413
-36.3841 146.806 413
-36.9984 146.45 412
-37.6092 146.095 411
-38.2167 145.739 410
-38.9156 145.739 410
-39.5179 145.384 409
-40.1169 145.028 408
-40.7124 144.673 407
-41.3045 144.317 406
-41.9966 144.317 406
-42.5836 143.962 405
-43.274 143.962 405
-43.8559 143.606 404
-44.5446 143.606 404
-45.1213 143.251 403
-45.6947 142.896 402
-46.38 142.896 402
-47.0653 142.896 402
-47.6318 142.54 401
-48.3154 142.54 401
-48.8768 142.185 400
-49.5587 142.185 400
-50.2406 142.185 400
-50.9225 142.185 400
-51.6044 142.185 400
-52.1556 141.829 399
-52.8358 141.829 399
-53.516 141.829 399
-54.1962 141.829 399
-54.7389 141.474 398
-55.4173 141.474 398
-55.9549 141.118 397
-56.489 140.763 396
-57.0198 140.407 395
-57.6931 140.407 395
-58.3665 140.407 395
-59.0399 140.407 395
-60.1668 141.474 398
-60.9981 141.829 399
-61.6783 141.829 399
-62.3585 141.829 399
-62.8807 141.474 398
-63.7189 141.829 399
-64.3991 141.829 399
-65.0793 141.829 399
-65.7595 141.829 399
-66.4397 141.829 399
-67.1199 141.829 399
-67.8001 141.829 399
-68.4803 141.829 399
-69.1605 141.829 399
-69.8407 141.829 399
-70.6976 142.185 400
-71.3795 142.185 400
-72.0614 142.185 400
-72.9252 142.54 401
-73.6088 142.54 401
-74.2924 142.54 401
-74.976 142.54 401
-75.6596 142.54 401
-76.3432 142.54 401
-77.0268 142.54 401
-77.7104 142.54 401
-78.5895 142.896 402
-79.2748 142.896 402
-80.159 143.251 403
-80.846 143.251 403
-81.7354 143.606 404
-82.6281 143.962 405
-83.3185 143.962 405
-84.0089 143.962 405
-84.9085 144.317 406
-85.6006 144.317 406
-86.2928 144.317 406
-87.1991 144.673 407
-87.893 144.673 407
-88.8045 145.028 408
-89.5 145.028 408
-90.6377 145.739 410
-91.3366 145.739 410
-92.4845 146.45 412
-93.1869 146.45 412
-93.8892 146.45 412
-95.5099 147.872 416
-96.2191 147.872 416
-97.3943 148.583 418
-99.5151 150.716 424
-100.238 150.716 424
-101.199 151.071 425
-102.403 151.782 427
-103.131 151.782 427
-103.859 151.782 427
-104.587 151.782 427
-105.561 152.138 428
-106.539 152.493 429
-107.271 152.493 429
-108.254 152.848 430
-109.24 153.204 431
-109.975 153.204 431
-110.967 153.559 432
-111.962 153.915 433
-112.96 154.27 434
-113.7 154.27 434
-114.703 154.626 435
-115.71 154.981 436
-116.721 155.337 437
-117.466 155.337 437
-118.481 155.692 438
-119.228 155.692 438
-119.975 155.692 438
-120.997 156.048 439
-122.023 156.403 440
-123.052 156.759 441
-123.804 156.759 441
-124.555 156.759 441
-125.591 157.114 442
-126.631 157.469 443
-127.386 157.469 443
-128.43 157.825 444
-129.187 157.825 444
-129.944 157.825 444
-863.294 804.765 2264
-867.154 804.765 2264
-871.013 804.765 2264
-876.032 805.831 2267
-881.061 806.898 2270
-884.931 806.898 2270
-888.801 806.898 2270
-892.671 806.898 2270
-891.406 802.277 2257
-895.254 802.277 2257
-897.906 801.21 2254
-900.549 800.144 2251
-903.181 799.078 2248
-907.013 799.078 2248
-905.983 794.812 2236
-909.795 794.812 2236
-913.607 794.812 2236
-917.418 794.812 2236
-919.994 793.746 2233
-920.078 790.547 2224
-919.299 786.636 2213
-923.072 786.636 2213
-926.845 786.636 2213
-925.571 782.371 2201
-928.056 781.305 2198
-931.804 781.305 2198
-935.551 781.305 2198
-936.734 779.172 2192
-935.751 775.262 2181
-939.469 775.262 2181
-940.592 773.129 2175
-942.997 772.062 2172
-945.393 770.996 2169
-949.09 770.996 2169
-950.591 769.219 2164
-952.958 768.152 2161
-953.985 766.02 2155
-957.659 766.02 2155
-960.441 765.309 2153
-964.111 765.309 2153
-966.433 764.242 2150
-970.098 764.242 2150
-973.763 764.242 2150
-974.701 762.11 2144
-977.443 761.399 2142
-981.095 761.399 2142
-983.367 760.332 2139
-985.629 759.266 2136
-989.271 759.266 2136
-992.912 759.266 2136
-995.154 758.2 2133
-998.79 758.2 2133
-1002.43 758.2 2133
-1006.06 758.2 2133
-1008.75 757.489 2131
-1010.96 756.422 2128
-1011.73 754.289 2122
-1015.34 754.289 2122
-1018 753.578 2120
-1020.17 752.512 2117
-1021.36 750.735 2112
-1024.96 750.735 2112
-1024.67 747.891 2104
-1025.32 745.758 2098
-1026.44 743.981 2093
-1029.03 743.27 2091
-1031.11 742.204 2088
-1034.67 742.204 2088
-1035.74 740.426 2083
-1036.8 738.649 2078
-1040.34 738.649 2078
-1038.36 734.739 2067
-1036.84 731.184 2057
-1037.82 729.407 2052
-1041.32 729.407 2052
-1042.27 727.63 2047
-1041.67 724.786 2039
-1041.56 722.298 2032
-1045.03 722.298 2032
1466.1 1446.51 4089
1459.13 1446.51 4089
1452.16 1446.51 4089
1438.12 1439.43 4069
1438.21 1446.51 4089
1431.24 1446.51 4089
1424.27 1446.51 4089
1389.56 1439.43 4069
1389.42 1446.51 4089
1382.45 1446.51 4089
1375.48 1446.51 4089
1361.81 1439.43 4069
1351.55 1435.89 4059
1344.63 1435.89 4059
1321.56 1418.56 4010
1311.77 1415.38 4001
1304.95 1415.38 4001
1313.71 1432.36 4049
1306.8 1432.36 4049
1306.32 1439.43 4069
1299.38 1439.43 4069
1292.45 1439.43 4069
1284.86 1446.51 4089
1277.89 1446.51 4089
1270.92 1446.51 4089
1248.49 1428.82 4039
1238.84 1425.63 4030
1225.86 1418.56 4010
1219.02 1418.56 4010
1206.44 1411.84 3991
1196.93 1408.65 3982
1187.15 1405.12 3972
1180.38 1405.12 3972
1170.95 1401.93 3963
1172.42 1411.84 3991
1171.17 1418.56 4010
1164.33 1418.56 4010
1157.49 1418.56 4010
1150.66 1418.56 4010
1143.82 1418.56 4010
1142.66 1425.63 4030
1135.79 1425.63 4030
1128.92 1425.63 4030
1124.55 1428.82 4039
1117.67 1428.82 4039
1110.78 1428.82 4039
1101.44 1425.63 4030
1091.85 1422.1 4020
1085 1422.1 4020
1075.46 1418.56 4010
1071.29 1422.1 4020
1067.09 1425.63 4030
1060.22 1425.63 4030
1053.35 1425.63 4030
1046.48 1425.63 4030
1039.61 1425.63 4030
1032.74 1425.63 4030
1025.87 1425.63 4030
1021.27 1428.82 4039
1014.39 1428.82 4039
1007.5 1428.82 4039
1000.61 1428.82 4039
991.515 1425.63 4030
982.201 1422.1 4020
975.348 1422.1 4020
968.495 1422.1 4020
964.034 1425.63 4030
959.302 1428.82 4039
954.774 1432.36 4049
947.872 1432.36 4049
940.969 1432.36 4049
934.067 1432.36 4049
927.164 1432.36 4049
920.262 1432.36 4049
913.359 1432.36 4049
906.456 1432.36 4049
899.554 1432.36 4049
892.651 1432.36 4049
885.749 1432.36 4049
872.552 1422.1 4020
865.699 1422.1 4020
858.846 1422.1 4020
851.993 1422.1 4020
845.14 1422.1 4020
838.286 1422.1 4020
827.504 1415.38 4001
820.683 1415.38 4001
809.997 1408.65 3982
803.209 1408.65 3982
790.621 1398.4 3953
780.312 1392.03 3935
768.1 1382.12 3907
761.439 1382.12 3907
747.824 1369.39 3871
736.055 1359.84 3844
727.794 1356.65 3835
721.256 1356.65 3835
708.196 1344.27 3800
698.578 1338.26 3783
692.129 1338.26 3783
685.68 1338.26 3783
679.231 1338.26 3783
671.181 1335.07 3774
661.753 1329.06 3757
655.349 1329.06 3757
648.944 1329.06 3757
641.171 1326.23 3749
634.78 1326.23 3749
631.238 1332.24 3766
629.132 1341.44 3792
622.667 1341.44 3792
618.965 1347.45 3809
613.919 1350.64 3818
607.411 1350.64 3818
600.902 1350.64 3818
595.639 1353.47 3826
589.116 1353.47 3826
582.594 1353.47 3826
576.071 1353.47 3826
569.549 1353.47 3826
563.027 1353.47 3826
552.723 1344.27 3800
545.095 1341.44 3792
539.766 1344.27 3800
534.551 1347.45 3809
528.058 1347.45 3809
521.565 1347.45 3809
513.854 1344.27 3800
507.376 1344.27 3800
500.898 1344.27 3800
489.996 1332.24 3766
480.238 1323.05 3740
470.821 1314.56 3716
464.486 1314.56 3716
456.056 1308.54 3699
448.777 1305.71 3691
442.485 1305.71 3691
436.193 1305.71 3691
429.9 1305.71 3691
423.608 1305.71 3691
417.316 1305.71 3691
411.024 1305.71 3691
404.731 1305.71 3691
398.439 1305.71 3691
392.147 1305.71 3691
385.855 1305.71 3691
379.563 1305.71 3691
371.652 1300.05 3675
362.106 1288.38 3642
355.898 1288.38 3642
349.017 1285.9 3635
-16.9328 154.945 438
-17.6795 154.945 438
-18.4262 154.945 438
-19.1729 154.945 438
-19.9196 154.945 438
-20.6191 154.591 437
-21.364 154.591 437
-22.0584 154.237 436
-22.7494 153.884 435
-23.4909 153.884 435
-24.2325 153.884 435
-30.975 147.162 416
-31.6842 147.162 416
-32.3934 147.162 416
-33.1025 147.162 416
-33.8117 147.162 416
-34.4379 146.809 415
-34.976 146.101 413
-35.5937 145.747 412
-36.296 145.747 412
-36.9984 145.747 412
-37.6092 145.393 411
-38.2167 145.04 410
-38.9156 145.04 410
-39.4213 144.332 408
-40.0185 143.978 407
-40.7124 143.978 407
-41.3045 143.625 406
-41.9966 143.625 406
-42.5836 143.271 405
-43.274 143.271 405
-43.8559 142.917 404
-44.5446 142.917 404
-45.1213 142.563 403
-45.6947 142.21 402
-46.38 142.21 402
-47.0653 142.21 402
-47.6318 141.856 401
-48.3154 141.856 401
-48.8768 141.502 400
-49.5587 141.502 400
-50.2406 141.502 400
-50.9225 141.502 400
-51.6044 141.502 400
-52.1556 141.148 399
-52.8358 141.148 399
-53.516 141.148 399
-54.1962 141.148 399
-54.7389 140.795 398
-55.4173 140.795 398
-56.0958 140.795 398
-56.6317 140.441 397
-57.1641 140.087 396
-57.8392 140.087 396
-58.3665 139.733 395
-59.0399 139.733 395
-60.1668 140.795 398
-60.9981 141.148 399
-61.6783 141.148 399
-62.3585 141.148 399
-62.8807 140.795 398
-63.5592 140.795 398
-64.2377 140.795 398
-64.9162 140.795 398
-65.5947 140.795 398
-66.2732 140.795 398
-66.9517 140.795 398
-67.8001 141.148 399
-68.4803 141.148 399
-69.1605 141.148 399
-69.8407 141.148 399
-70.6976 141.502 400
-71.3795 141.502 400
-72.0614 141.502 400
-72.7433 141.502 400
-73.4252 141.502 400
-74.2924 141.856 401
-74.976 141.856 401
-75.6596 141.856 401
-76.3432 141.856 401
-77.0268 141.856 401
-77.7104 141.856 401
-78.5895 142.21 402
-79.472 142.563 403
-80.159 142.563 403
-80.846 142.563 403
-81.7354 142.917 404
-82.6281 143.271 405
-83.3185 143.271 405
-84.2164 143.625 406
-84.9085 143.625 406
-85.8115 143.978 407
-86.5053 143.978 407
-87.1991 143.978 407
-88.1089 144.332 408
-89.2398 145.04 410
-89.9387 145.04 410
-90.8587 145.393 411
-91.7822 145.747 412
-92.4845 145.747 412
-93.1869 145.747 412
-94.1171 146.101 413
-95.5099 147.162 416
-96.2191 147.162 416
-97.3943 147.87 418
-99.0457 149.285 422
-99.7651 149.285 422
-101.199 150.346 425
-102.403 151.054 427
-103.131 151.054 427
-103.859 151.054 427
-104.587 151.054 427
-105.561 151.407 428
-106.291 151.407 428
-107.271 151.761 429
-108.254 152.115 430
-109.24 152.469 431
-109.975 152.469 431
-110.967 152.822 432
-111.962 153.176 433
-112.96 153.53 434
-113.7 153.53 434
-114.703 153.884 435
-115.71 154.237 436
-116.454 154.237 436
-117.466 154.591 437
-118.481 154.945 438
-119.228 154.945 438
-119.975 154.945 438
-120.997 155.299 439
-122.023 155.652 440
-123.052 156.006 441
-123.804 156.006 441
-124.838 156.36 442
-125.591 156.36 442
-126.916 157.067 444
-127.673 157.067 444
-128.43 157.067 444
-129.187 157.067 444
-129.944 157.067 444
-856.049 794.181 2245
-864.473 798.426 2257
-868.32 798.426 2257
-873.714 799.841 2261
-879.897 801.964 2267
-883.762 801.964 2267
-887.626 801.964 2267
-887.558 798.426 2257
-891.406 798.426 2257
-895.254 798.426 2257
-897.906 797.365 2254
-899.348 795.242 2248
-898.359 790.997 2236
-902.171 790.997 2236
-905.983 790.997 2236
-908.574 789.936 2233
-912.381 789.936 2233
-916.188 789.936 2233
-918.758 788.875 2230
-920.078 786.752 2224
-919.299 782.861 2213
-923.072 782.861 2213
-921.819 778.616 2201
-925.571 778.616 2201
-928.056 777.555 2198
-931.804 777.555 2198
-932.997 775.432 2192
-934.169 773.309 2186
-934.464 770.479 2178
-938.177 770.479 2178
-939.295 768.357 2172
-941.695 767.296 2169
-944.521 766.588 2167
-948.215 766.588 2167
-949.274 764.466 2161
-951.635 763.404 2158
-953.985 762.343 2155
-957.659 762.343 2155
-960.441 761.635 2153
-964.111 761.635 2153
-966.433 760.574 2150
-970.098 760.574 2150
-973.763 760.574 2150
-974.701 758.452 2144
-977.443 757.744 2142
-981.095 757.744 2142
-983.367 756.683 2139
-985.629 755.622 2136
-989.271 755.622 2136
-992.912 755.622 2136
-995.154 754.56 2133
-998.79 754.56 2133
-1002.43 754.56 2133
-1006.06 754.56 2133
-1008.75 753.853 2131
-1010.96 752.792 2128
-1011.73 750.669 2122
-1015.34 750.669 2122
-1018 749.962 2120
-1020.17 748.9 2117
-1021.36 747.132 2112
-1024.96 747.132 2112
-1023.2 743.24 2101
-1024.34 741.471 2096
-1025.46 739.703 2091
-1029.03 739.703 2091
-1029.63 737.58 2085
-1032.19 736.873 2083
-1033.26 735.104 2078
-1036.8 735.104 2078
-1038.84 734.043 2075
-1033.34 727.675 2057
-1034.32 725.906 2052
-1035.29 724.137 2047
-1038.78 724.137 2047
-1038.2 721.307 2039
-1039.12 719.539 2034
-1037.97 716.355 2025
-1041.43 716.355 2025
1466.1 1439.53 4089
1459.13 1439.53 4089
1452.16 1439.53 4089
1441.65 1436.01 4079
1438.21 1439.53 4089
1431.24 1439.53 4089
1424.27 1439.53 4089
1389.56 1432.49 4069
1389.42 1439.53 4089
1382.45 1439.53 4089
1375.48 1439.53 4089
1368.51 1439.53 4089
1358.21 1436.01 4079
1351.25 1436.01 4079
1321.56 1411.72 4010
1311.77 1408.55 4001
1304.95 1408.55 4001
1313.71 1425.45 4049
1306.8 1425.45 4049
1299.9 1425.45 4049
1284.86 1439.53 4089
1277.89 1439.53 4089
1270.92 1439.53 4089
1248.49 1421.93 4039
1235.77 1415.24 4020
1223.1 1408.55 4001
1216.28 1408.55 4001
1203.72 1401.86 3982
1193.93 1398.34 3972
1184.46 1395.17 3963
1177.71 1395.17 3963
1170.95 1395.17 3963
1166.84 1398.34 3972
1179.64 1421.93 4039
1172.75 1421.93 4039
1165.87 1421.93 4039
1158.98 1421.93 4039
1152.09 1421.93 4039
1145.21 1421.93 4039
1135.79 1418.76 4030
1131.44 1421.93 4039
1124.55 1421.93 4039
1117.67 1421.93 4039
1110.78 1421.93 4039
1103.9 1421.93 4039
1097.01 1421.93 4039
1090.13 1421.93 4039
1080.83 1418.76 4030
1073.96 1418.76 4030
1067.09 1418.76 4030
1062.58 1421.93 4039
1055.7 1421.93 4039
1048.81 1421.93 4039
1041.93 1421.93 4039
1035.04 1421.93 4039
1028.16 1421.93 4039
1021.27 1421.93 4039
1014.39 1421.93 4039
1007.5 1421.93 4039
1000.61 1421.93 4039
991.515 1418.76 4030
982.201 1415.24 4020
975.348 1415.24 4020
968.495 1415.24 4020
964.034 1418.76 4030
959.302 1421.93 4039
954.774 1425.45 4049
947.872 1425.45 4049
940.969 1425.45 4049
934.067 1425.45 4049
927.164 1425.45 4049
920.262 1425.45 4049
911.103 1421.93 4039
906.456 1425.45 4049
899.554 1425.45 4049
892.651 1425.45 4049
885.749 1425.45 4049
872.552 1415.24 4020
865.699 1415.24 4020
858.846 1415.24 4020
851.993 1415.24 4020
845.14 1415.24 4020
838.286 1415.24 4020
827.504 1408.55 4001
820.683 1408.55 4001
809.997 1401.86 3982
803.209 1401.86 3982
790.621 1391.65 3953
780.312 1385.31 3935
768.1 1375.46 3907
761.439 1375.46 3907
749.563 1365.95 3880
741.225 1362.78 3871
729.502 1353.28 3844
722.949 1353.28 3844
711.55 1344.12 3818
701.717 1337.79 3800
695.239 1337.79 3800
688.761 1337.79 3800
682.283 1337.79 3800
674.383 1334.97 3792
664.748 1328.63 3774
658.314 1328.63 3774
651.88 1328.63 3774
644.078 1325.82 3766
637.658 1325.82 3766
635.596 1334.97 3792
629.132 1334.97 3792
626.937 1344.12 3818
621.728 1346.94 3826
616.653 1350.11 3835
610.115 1350.11 3835
603.577 1350.11 3835
597.04 1350.11 3835
591.888 1353.28 3844
585.335 1353.28 3844
578.782 1353.28 3844
572.229 1353.28 3844
565.676 1353.28 3844
557.813 1350.11 3835
548.832 1344.12 3818
542.323 1344.12 3818
536.937 1346.94 3826
530.415 1346.94 3826
523.893 1346.94 3826
516.288 1344.12 3818
509.78 1344.12 3818
503.271 1344.12 3818
494.42 1337.79 3800
483.576 1325.82 3766
473.862 1316.66 3740
467.486 1316.66 3740
458.152 1308.22 3716
450.722 1305.05 3707
443.444 1302.23 3699
437.138 1302.23 3699
430.832 1302.23 3699
424.526 1302.23 3699
418.22 1302.23 3699
411.915 1302.23 3699
405.609 1302.23 3699
399.303 1302.23 3699
392.147 1299.41 3691
385.855 1299.41 3691
379.563 1299.41 3691
373.27 1299.41 3691
365.387 1293.78 3675
359.122 1293.78 3675
349.689 1282.16 3642
-16.9328 154.198 438
-17.6795 154.198 438
-18.4262 154.198 438
-19.1729 154.198 438
-19.8741 153.846 437
-20.6191 153.846 437
-21.364 153.846 437
-22.0584 153.494 436
-22.7494 153.141 435
-32.3934 146.453 416
-33.1025 146.453 416
-33.8117 146.453 416
-34.4379 146.1 415
-34.976 145.396 413
-35.6801 145.396 413
-36.3841 145.396 413
-36.9984 145.044 412
-37.6092 144.692 411
-38.2167 144.34 410
-38.9156 144.34 410
-39.4213 143.636 408
-40.0185 143.284 407
-40.6123 142.932 406
-41.3045 142.932 406
-41.9966 142.932 406
-42.5836 142.58 405
-43.274 142.58 405
-43.8559 142.228 404
-44.5446 142.228 404
-45.1213 141.876 403
-45.6947 141.524 402
-46.2646 141.172 401
-46.9482 141.172 401
-47.6318 141.172 401
-48.3154 141.172 401
-48.8768 140.82 400
-49.5587 140.82 400
-50.2406 140.82 400
-50.9225 140.82 400
-51.4754 140.468 399
-52.1556 140.468 399
-52.8358 140.468 399
-53.516 140.468 399
-54.1962 140.468 399
-54.7389 140.116 398
-55.4173 140.116 398
-56.0958 140.116 398
-56.6317 139.764 397
-57.1641 139.412 396
-57.8392 139.412 396
-58.5143 139.412 396
-59.1894 139.412 396
-60.1668 140.116 398
-60.9981 140.468 399
-61.6783 140.468 399
-62.3585 140.468 399
-62.8807 140.116 398
-63.5592 140.116 398
-64.2377 140.116 398
-64.9162 140.116 398
-65.5947 140.116 398
-66.2732 140.116 398
-67.1199 140.468 399
-67.8001 140.468 399
-68.4803 140.468 399
-69.1605 140.468 399
-69.8407 140.468 399
-70.6976 140.82 400
-71.3795 140.82 400
-72.0614 140.82 400
-72.7433 140.82 400
-73.4252 140.82 400
-74.2924 141.172 401
-74.976 141.172 401
-75.6596 141.172 401
-76.3432 141.172 401
-77.0268 141.172 401
-77.7104 141.172 401
-78.5895 141.524 402
-79.472 141.876 403
-80.159 141.876 403
-80.846 141.876 403
-81.9377 142.58 405
-82.6281 142.58 405
-83.3185 142.58 405
-84.2164 142.932 406
-84.9085 142.932 406
-85.8115 143.284 407
-86.5053 143.284 407
-87.4134 143.636 408
-88.3249 143.988 409
-89.4574 144.692 411
-90.1581 144.692 411
-91.0798 145.044 412
-91.7822 145.044 412
-92.4845 145.044 412
-93.413 145.396 413
-94.5729 146.1 415
-95.9691 147.157 418
-96.6817 147.157 418
-97.6273 147.509 419
-98.811 148.213 421
-99.5287 148.213 421
-101.199 149.621 425
-102.403 150.325 427
-103.131 150.325 427
-103.859 150.325 427
-104.587 150.325 427
-105.561 150.677 428
-106.291 150.677 428
-107.271 151.029 429
-108.254 151.381 430
-109.494 152.085 432
-110.23 152.085 432
-110.967 152.085 432
-111.962 152.437 433
-112.96 152.789 434
-113.7 152.789 434
-114.703 153.141 435
-115.71 153.494 436
-116.454 153.494 436
-117.466 153.846 437
-118.481 154.198 438
-119.228 154.198 438
-119.975 154.198 438
-120.997 154.55 439
-122.023 154.902 440
-123.052 155.254 441
-123.804 155.254 441
-124.838 155.606 442
-125.591 155.606 442
-126.916 156.31 444
-127.673 156.31 444
-128.43 156.31 444
-129.187 156.31 444
-129.944 156.31 444
-847.667 786.126 2233
-854.905 789.295 2242
-861.026 791.407 2248
-864.858 791.407 2248
-869.849 792.463 2251
-873.687 792.463 2251
-877.524 792.463 2251
-881.362 792.463 2251
-884.019 791.407 2248
-884.297 788.238 2239
-888.114 788.238 2239
-891.931 788.238 2239
-894.548 787.182 2236
-895.949 785.07 2230
-899.75 785.07 2230
-902.336 784.014 2227
-906.133 784.014 2227
-909.929 784.014 2227
-913.726 784.014 2227
-913.814 780.845 2218
-915.527 779.085 2213
-914.315 774.861 2201
-918.067 774.861 2201
-920.562 773.805 2198
-921.786 771.692 2192
-924.256 770.636 2189
-927.988 770.636 2189
-930.443 769.58 2186
-930.751 766.763 2178
-931.889 764.651 2172
-935.592 764.651 2172
-937.997 763.595 2169
-939.524 761.835 2164
-941.906 760.779 2161
-945.59 760.779 2161
-947.956 759.722 2158
-950.312 758.666 2155
-951.772 756.906 2150
-955.437 756.906 2150
-959.102 756.906 2150
-962.768 756.906 2150
-966.433 756.906 2150
-970.098 756.906 2150
-972.405 755.85 2147
-974.701 754.794 2144
-977.443 754.09 2142
-981.095 754.09 2142
-983.367 753.034 2139
-985.629 751.977 2136
-989.271 751.977 2136
-992.912 751.977 2136
-995.154 750.921 2133
-998.79 750.921 2133
-1002.43 750.921 2133
-1006.06 750.921 2133
-1007.33 749.161 2128
-1010.96 749.161 2128
-1011.73 747.049 2122
-1015.34 747.049 2122
-1018 746.345 2120
-1018.72 744.232 2114
-1018.46 741.416 2106
-1022.05 741.416 2106
-1023.2 739.656 2101
-1024.34 737.895 2096
-1025.46 736.135 2091
-1029.03 736.135 2091
-1029.63 734.023 2085
-1032.19 733.319 2083
-1033.26 731.559 2078
-1036.8 731.559 2078
-1038.84 730.502 2075
-1033.34 724.166 2057
-1034.32 722.405 2052
-1035.29 720.645 2047
-1038.78 720.645 2047
-1038.2 717.829 2039
-1039.12 716.068 2034
-1037.97 712.9 2025
-1041.43 712.9 2025
1466.1 1432.55 4089
1459.13 1432.55 4089
1452.16 1432.55 4089
1441.65 1429.05 4079
1434.7 1429.05 4079
1427.74 1429.05 4079
1389.42 1432.55 4089
1382.45 1432.55 4089
1375.48 1432.55 4089
1368.51 1432.55 4089
1358.21 1429.05 4079
1351.25 1429.05 4079
1321.56 1404.88 4010
1311.77 1401.72 4001
1304.95 1401.72 4001
1316.95 1422.04 4059
1310.03 1422.04 4059
1303.11 1422.04 4059
1284.86 1432.55 4089
1277.89 1432.55 4089
1270.92 1432.55 4089
1248.49 1415.04 4039
1235.77 1408.38 4020
1223.1 1401.72 4001
1216.28 1401.72 4001
1203.72 1395.07 3982
1193.93 1391.56 3972
1187.15 1391.56 3972
1180.38 1391.56 3972
1173.61 1391.56 3972
1178 1404.88 4010
1185.48 1422.04 4059
1181.46 1425.55 4069
1174.53 1425.55 4069
1170.46 1429.05 4079
1163.5 1429.05 4079
1156.55 1429.05 4079
1149.6 1429.05 4079
1145.44 1432.55 4089
1138.47 1432.55 4089
1131.5 1432.55 4089
1124.53 1432.55 4089
1117.56 1432.55 4089
1107.88 1429.05 4079
1100.92 1429.05 4079
1093.97 1429.05 4079
1081.68 1422.04 4059
1072.12 1418.54 4049
1065.21 1418.54 4049
1058.31 1418.54 4049
1051.41 1418.54 4049
1044.51 1418.54 4049
1037.6 1418.54 4049
1028.16 1415.04 4039
1019 1411.88 4030
1012.13 1411.88 4030
1005.25 1411.88 4030
998.385 1411.88 4030
991.515 1411.88 4030
982.201 1408.38 4020
975.348 1408.38 4020
968.495 1408.38 4020
961.642 1408.38 4020
957.164 1411.88 4030
954.774 1418.54 4049
947.872 1418.54 4049
940.969 1418.54 4049
934.067 1418.54 4049
927.164 1418.54 4049
917.989 1415.04 4039
911.103 1415.04 4039
904.218 1415.04 4039
897.332 1415.04 4039
890.447 1415.04 4039
881.593 1411.88 4030
872.552 1408.38 4020
865.699 1408.38 4020
858.846 1408.38 4020
851.993 1408.38 4020
845.14 1408.38 4020
838.286 1408.38 4020
831.433 1408.38 4020
824.58 1408.38 4020
811.828 1398.22 3991
805.025 1398.22 3991
794.421 1391.56 3972
783.882 1384.91 3953
768.1 1368.79 3907
761.439 1368.79 3907
749.563 1359.33 3880
741.225 1356.18 3871
729.502 1346.72 3844
722.949 1346.72 3844
711.55 1337.61 3818
701.717 1331.3 3800
695.239 1331.3 3800
688.761 1331.3 3800
682.283 1331.3 3800
674.383 1328.5 3792
664.748 1322.2 3774
658.314 1322.2 3774
651.88 1322.2 3774
644.078 1319.39 3766
637.658 1319.39 3766
635.596 1328.5 3792
629.132 1328.5 3792
626.937 1337.61 3818
621.728 1340.41 3826
616.653 1343.57 3835
610.115 1343.57 3835
603.577 1343.57 3835
597.04 1343.57 3835
596.045 1356.18 3871
589.446 1356.18 3871
582.847 1356.18 3871
574.908 1353.03 3862
568.324 1353.03 3862
561.741 1353.03 3862
552.569 1346.72 3844
547.295 1349.87 3853
540.726 1349.87 3853
534.158 1349.87 3853
527.59 1349.87 3853
519.804 1346.72 3844
513.251 1346.72 3844
504.325 1340.41 3826
496.762 1337.61 3818
485.759 1325.35 3783
479.31 1325.35 3783
469.611 1316.24 3757
460.124 1307.48 3732
451.817 1301.88 3716
445.482 1301.88 3716
439.147 1301.88 3716
432.812 1301.88 3716
426.477 1301.88 3716
419.125 1298.72 3707
412.805 1298.72 3707
406.486 1298.72 3707
400.166 1298.72 3707
392.997 1295.92 3699
386.691 1295.92 3699
380.385 1295.92 3699
374.079 1295.92 3699
367.773 1295.92 3699
361.468 1295.92 3699
349.689 1275.95 3642
-16.9328 153.45 438
-17.6795 153.45 438
-18.4262 153.45 438
-19.1729 153.45 438
-19.8741 153.1 437
-20.6191 153.1 437
-21.364 153.1 437
-22.0584 152.75 436
-22.7494 152.399 435
-32.3934 145.743 416
-33.1025 145.743 416
-33.8117 145.743 416
-34.4379 145.392 415
-34.976 144.692 413
-35.6801 144.692 413
-36.3841 144.692 413
-36.9984 144.341 412
-37.6092 143.991 411
-38.2167 143.641 410
-38.9156 143.641 410
-39.4213 142.94 408
-40.0185 142.59 407
-40.6123 142.239 406
-41.3045 142.239 406
-41.9966 142.239 406
-42.5836 141.889 405
-43.274 141.889 405
-43.8559 141.539 404
-44.5446 141.539 404
-45.0094 140.838 402
-45.6947 140.838 402
-46.2646 140.488 401
-46.9482 140.488 401
-47.6318 140.488 401
-48.1949 140.137 400
-48.8768 140.137 400
-49.5587 140.137 400
-50.2406 140.137 400
-50.9225 140.137 400
-51.4754 139.787 399
-52.1556 139.787 399
-52.8358 139.787 399
-53.516 139.787 399
-54.1962 139.787 399
-54.8764 139.787 399
-55.5566 139.787 399
-56.0958 139.437 398
-56.6317 139.086 397
-57.3085 139.086 397
-57.9852 139.086 397
-58.5143 138.736 396
-59.1894 138.736 396
-60.1668 139.437 398
-60.8453 139.437 398
-61.5238 139.437 398
-62.2022 139.437 398
-62.8807 139.437 398
-63.5592 139.437 398
-64.2377 139.437 398
-64.9162 139.437 398
-65.5947 139.437 398
-66.2732 139.437 398
-67.1199 139.787 399
-67.8001 139.787 399
-68.4803 139.787 399
-69.1605 139.787 399
-69.8407 139.787 399
-70.6976 140.137 400
-71.3795 140.137 400
-72.0614 140.137 400
-72.7433 140.137 400
-73.4252 140.137 400
-74.2924 140.488 401
-74.976 140.488 401
-75.6596 140.488 401
-76.3432 140.488 401
-77.2189 140.838 402
-77.9042 140.838 402
-78.5895 140.838 402
-79.472 141.188 403
-80.159 141.188 403
-80.846 141.188 403
-81.9377 141.889 405
-82.8321 142.239 406
-83.5242 142.239 406
-84.2164 142.239 406
-85.1176 142.59 407
-86.0223 142.94 408
-86.7178 142.94 408
-87.6276 143.29 409
-88.7568 143.991 411
-89.4574 143.991 411
-90.3774 144.341 412
-91.0798 144.341 412
-92.0049 144.692 413
-92.709 144.692 413
-93.6392 145.042 414
-95.2565 146.443 418
-96.1987 146.794 419
-96.913 146.794 419
-97.8603 147.144 420
-99.2804 148.195 423
-100.002 148.195 423
-101.199 148.896 425
-102.403 149.597 427
-103.131 149.597 427
-103.859 149.597 427
-104.587 149.597 427
-105.561 149.947 428
-106.291 149.947 428
-107.271 150.297 429
-108.254 150.648 430
-109.494 151.348 432
-110.23 151.348 432
-110.967 151.348 432
-111.962 151.699 433
-112.96 152.049 434
-113.7 152.049 434
-114.703 152.399 435
-115.71 152.75 436
-116.454 152.75 436
-117.466 153.1 437
-118.481 153.45 438
-119.228 153.45 438
-119.975 153.45 438
-120.997 153.801 439
-122.023 154.151 440
-123.331 154.852 442
-124.084 154.852 442
-124.838 154.852 442
-125.875 155.202 443
-126.916 155.552 444
-127.961 155.903 445
-128.72 155.903 445
-129.478 155.903 445
-129.944 155.552 444
-843.439 785.47 2242
-847.261 785.47 2242
-851.083 785.47 2242
-854.905 785.47 2242
-861.026 787.572 2248
-864.858 787.572 2248
-869.849 788.623 2251
-873.687 788.623 2251
-877.524 788.623 2251
-881.362 788.623 2251
-884.019 787.572 2248
-884.297 784.419 2239
-888.114 784.419 2239
-891.931 784.419 2239
-894.548 783.367 2236
-889.922 776.01 2215
-893.698 776.01 2215
-895.448 774.259 2210
-899.216 774.259 2210
-902.983 774.259 2210
-906.751 774.259 2210
-910.518 774.259 2210
-910.562 771.105 2201
-913.068 770.054 2198
-916.815 770.054 2198
-916.793 766.901 2189
-919.263 765.85 2186
-920.879 764.099 2181
-924.597 764.099 2181
-928.315 764.099 2181
-928.187 760.946 2172
-930.602 759.895 2169
-934.3 759.895 2169
-935.835 758.143 2164
-938.222 757.092 2161
-940.598 756.041 2158
-944.277 756.041 2158
-946.638 754.99 2155
-950.312 754.99 2155
-951.772 753.238 2150
-955.437 753.238 2150
-959.102 753.238 2150
-962.768 753.238 2150
-965.084 752.187 2147
-968.744 752.187 2147
-971.046 751.136 2144
-973.792 750.435 2142
-976.074 749.384 2139
-979.721 749.384 2139
-981.988 748.333 2136
-985.629 748.333 2136
-987.881 747.282 2133
-991.517 747.282 2133
-995.154 747.282 2133
-998.79 747.282 2133
-1000.08 745.53 2128
-1003.7 745.53 2128
-1007.33 745.53 2128
-1008.11 743.428 2122
-1010.77 742.728 2120
-1014.39 742.728 2120
-1015.12 740.626 2114
-1014.87 737.823 2106
-1016.04 736.071 2101
-1019.62 736.071 2101
-1020.77 734.319 2096
-1020.43 731.517 2088
-1023.99 731.517 2088
-1027.55 731.517 2088
-1027.16 728.714 2080
-1029.72 728.013 2078
-1031.77 726.962 2075
-1035.3 726.962 2075
-1036.34 725.211 2070
-1030.82 718.904 2052
-1031.8 717.153 2047
-1033.77 716.102 2044
-1037.26 716.102 2044
-1037.18 713.649 2037
-1038.1 711.897 2032
-1036.44 708.394 2022
-1039.88 708.394 2022
1473.07 1425.58 4089
1466.1 1425.58 4089
1459.13 1425.58 4089
1452.16 1425.58 4089
1441.65 1422.09 4079
1434.7 1422.09 4079
1427.74 1422.09 4079
1382.45 1425.58 4089
1375.48 1425.58 4089
1368.51 1425.58 4089
1361.54 1425.58 4089
1354.57 1425.58 4089
1334.41 1411.63 4049
1314.72 1398.03 4010
1304.95 1394.9 4001
1316.95 1415.12 4059
1310.03 1415.12 4059
1303.11 1415.12 4059
1272.29 1411.63 4049
1265.39 1411.63 4049
1258.49 1411.63 4049
1248.49 1408.15 4039
1229.92 1394.9 4001
1214.24 1384.79 3972
1207.47 1384.79 3972
1200.7 1384.79 3972
1193.93 1384.79 3972
1187.15 1384.79 3972
1180.38 1384.79 3972
1173.61 1384.79 3972
1178 1398.03 4010
1185.48 1415.12 4059
1181.46 1418.6 4069
1174.53 1418.6 4069
1170.46 1422.09 4079
1163.5 1422.09 4079
1156.55 1422.09 4079
1149.6 1422.09 4079
1145.44 1425.58 4089
1138.47 1425.58 4089
1131.5 1425.58 4089
1124.53 1425.58 4089
1117.56 1425.58 4089
1110.59 1425.58 4089
1103.62 1425.58 4089
1096.65 1425.58 4089
1087.01 1422.09 4079
1077.41 1418.6 4069
1070.48 1418.6 4069
1060.93 1415.12 4059
1054.01 1415.12 4059
1044.51 1411.63 4049
1037.6 1411.63 4049
1030.7 1411.63 4049
1021.27 1408.15 4039
1012.13 1405.01 4030
1005.25 1405.01 4030
998.385 1405.01 4030
991.515 1405.01 4030
982.201 1401.52 4020
975.348 1401.52 4020
968.495 1401.52 4020
961.642 1401.52 4020
954.789 1401.52 4020
950.294 1405.01 4030
943.424 1405.01 4030
936.554 1405.01 4030
929.683 1405.01 4030
922.813 1405.01 4030
915.943 1405.01 4030
909.073 1405.01 4030
902.203 1405.01 4030
895.333 1405.01 4030
888.463 1405.01 4030
881.593 1405.01 4030
874.722 1405.01 4030
867.852 1405.01 4030
858.846 1401.52 4020
851.993 1401.52 4020
845.14 1401.52 4020
838.286 1401.52 4020
831.433 1401.52 4020
824.58 1401.52 4020
817.727 1401.52 4020
810.874 1401.52 4020
798.221 1391.41 3991
787.65 1384.79 3972
779.109 1381.65 3963
772.353 1381.65 3963
754.779 1362.13 3907
748.118 1362.13 3907
732.918 1346.44 3862
726.334 1346.44 3862
716.396 1340.16 3844
706.519 1333.89 3826
699.996 1333.89 3826
693.474 1333.89 3826
686.952 1333.89 3826
677.406 1327.96 3809
669.327 1324.82 3800
662.849 1324.82 3800
654.989 1322.03 3792
648.525 1322.03 3792
642.061 1322.03 3792
636.937 1324.82 3800
630.459 1324.82 3800
628.25 1333.89 3826
624.653 1340.16 3844
619.547 1343.3 3853
612.979 1343.3 3853
606.41 1343.3 3853
602.644 1349.57 3871
596.045 1349.57 3871
589.446 1349.57 3871
582.847 1349.57 3871
574.908 1346.44 3862
568.324 1346.44 3862
561.741 1346.44 3862
552.569 1340.16 3844
547.295 1343.3 3853
540.726 1343.3 3853
534.158 1343.3 3853
527.59 1343.3 3853
519.804 1340.16 3844
513.251 1340.16 3844
504.325 1333.89 3826
496.762 1331.1 3818
485.759 1318.89 3783
479.31 1318.89 3783
469.611 1309.83 3757
460.124 1301.11 3732
451.817 1295.54 3716
445.482 1295.54 3716
439.147 1295.54 3716
432.812 1295.54 3716
426.477 1295.54 3716
419.125 1292.4 3707
415.589 1301.11 3732
409.227 1301.11 3732
402.865 1301.11 3732
395.653 1298.32 3724
389.305 1298.32 3724
382.133 1295.54 3716
375.799 1295.54 3716
368.569 1292.4 3707
362.249 1292.4 3707
349.689 1269.74 3642
-16.9328 152.703 438
-17.6795 152.703 438
-18.4262 152.703 438
-19.1729 152.703 438
-19.8741 152.354 437
-20.5719 152.006 436
-21.3151 152.006 436
-22.0584 152.006 436
-32.3934 145.033 416
-33.1025 145.033 416
-33.8117 145.033 416
-34.4379 144.684 415
-35.0607 144.336 414
-35.6801 143.987 413
-36.3841 143.987 413
-36.9984 143.639 412
-37.6092 143.29 411
-38.2167 142.941 410
-38.9156 142.941 410
-39.4213 142.244 408
-40.0185 141.895 407
-40.6123 141.547 406
-41.3045 141.547 406
-41.9966 141.547 406
-42.5836 141.198 405
-43.1671 140.849 404
-43.7473 140.501 403
-44.4343 140.501 403
-45.0094 140.152 402
-45.581 139.803 401
-46.2646 139.803 401
-46.9482 139.803 401
-47.6318 139.803 401
-48.1949 139.455 400
-48.8768 139.455 400
-49.5587 139.455 400
-50.2406 139.455 400
-50.9225 139.455 400
-51.4754 139.106 399
-52.1556 139.106 399
-52.8358 139.106 399
-53.516 139.106 399
-54.1962 139.106 399
-54.8764 139.106 399
-55.5566 139.106 399
-56.0958 138.758 398
-56.6317 138.409 397
-57.3085 138.409 397
-57.9852 138.409 397
-58.5143 138.06 396
-59.1894 138.06 396
-60.0156 138.409 397
-60.8453 138.758 398
-61.5238 138.758 398
-62.2022 138.758 398
-62.8807 138.758 398
-63.5592 138.758 398
-64.2377 138.758 398
-64.9162 138.758 398
-65.7595 139.106 399
-66.4397 139.106 399
-67.1199 139.106 399
-67.8001 139.106 399
-68.4803 139.106 399
-69.1605 139.106 399
-69.8407 139.106 399
-70.6976 139.455 400
-71.3795 139.455 400
-72.0614 139.455 400
-72.7433 139.455 400
-73.6088 139.803 401
-74.2924 139.803 401
-74.976 139.803 401
-75.6596 139.803 401
-76.3432 139.803 401
-77.2189 140.152 402
-77.9042 140.152 402
-78.5895 140.152 402
-79.472 140.501 403
-80.159 140.501 403
-80.846 140.501 403
-81.9377 141.198 405
-82.8321 141.547 406
-83.5242 141.547 406
-84.2164 141.547 406
-85.1176 141.895 407
-86.0223 142.244 408
-86.7178 142.244 408
-87.6276 142.593 409
-88.7568 143.29 411
-89.4574 143.29 411
-90.3774 143.639 412
-91.0798 143.639 412
-92.0049 143.987 413
-92.709 143.987 413
-93.6392 144.336 414
-95.2565 145.73 418
-96.1987 146.079 419
-97.1443 146.428 420
-98.0933 146.776 421
-99.5151 147.822 424
-100.238 147.822 424
-101.437 148.519 426
-102.403 148.868 427
-103.131 148.868 427
-103.859 148.868 427
-104.832 149.217 428
-105.561 149.217 428
-106.291 149.217 428
-107.271 149.565 429
-108.254 149.914 430
-109.494 150.611 432
-110.23 150.611 432
-110.967 150.611 432
-111.962 150.96 433
-112.96 151.309 434
-113.7 151.309 434
-114.703 151.657 435
-115.71 152.006 436
-116.454 152.006 436
-117.466 152.354 437
-118.481 152.703 438
-119.5 153.052 439
-120.249 153.052 439
-120.997 153.052 439
-122.023 153.4 440
-123.331 154.098 442
-124.084 154.098 442
-125.12 154.446 443
-126.16 154.795 444
-126.916 154.795 444
-128.248 155.492 446
-129.009 155.492 446
-129.769 155.492 446
-843.439 781.644 2242
-847.261 781.644 2242
-851.083 781.644 2242
-852.618 779.553 2236
-858.727 781.644 2242
-862.549 781.644 2242
-867.531 782.69 2245
-871.358 782.69 2245
-875.185 782.69 2245
-877.838 781.644 2242
-879.3 779.553 2236
-880.742 777.461 2230
-884.544 777.461 2230
-884.76 774.323 2221
-888.547 774.323 2221
-889.922 772.231 2215
-893.698 772.231 2215
-895.448 770.488 2210
-899.216 770.488 2210
-902.983 770.488 2210
-906.751 770.488 2210
-910.518 770.488 2210
-910.562 767.35 2201
-913.068 766.304 2198
-916.815 766.304 2198
-916.793 763.167 2189
-919.263 762.121 2186
-920.879 760.378 2181
-924.597 760.378 2181
-928.315 760.378 2181
-928.187 757.24 2172
-930.602 756.194 2169
-934.3 756.194 2169
-935.835 754.451 2164
-938.222 753.405 2161
-940.598 752.359 2158
-944.277 752.359 2158
-946.638 751.313 2155
-950.312 751.313 2155
-951.772 749.57 2150
-955.437 749.57 2150
-957.764 748.524 2147
-961.424 748.524 2147
-963.736 747.478 2144
-967.391 747.478 2144
-970.14 746.781 2142
-972.428 745.735 2139
-974.705 744.689 2136
-978.347 744.689 2136
-981.988 744.689 2136
-984.245 743.643 2133
-987.881 743.643 2133
-991.517 743.643 2133
-995.154 743.643 2133
-996.448 741.9 2128
-1000.08 741.9 2128
-1003.7 741.9 2128
-1005.91 740.854 2125
-1007.16 739.111 2120
-1007.91 737.019 2114
-1011.52 737.019 2114
-1012.72 735.276 2109
-1013.9 733.533 2104
-1013.62 730.743 2096
-1017.2 730.743 2096
-1019.31 729.698 2093
-1018.97 726.908 2085
-1022.52 726.908 2085
-1026.08 726.908 2085
-1026.17 724.468 2078
-1026.74 722.376 2072
-1027.79 720.633 2067
-1031.31 720.633 2067
-1033.83 719.936 2065
-1029.32 714.357 2049
-1030.29 712.614 2044
-1033.77 712.614 2044
-1036.24 711.917 2042
-1037.18 710.174 2037
-1038.1 708.431 2032
-1040.54 707.733 2030
-1039.88 704.944 2022
1473.07 1418.6 4089
1466.1 1418.6 4089
1459.13 1418.6 4089
1452.16 1418.6 4089
1441.65 1415.13 4079
1434.7 1415.13 4079
1427.74 1415.13 4079
1368.51 1418.6 4089
1361.54 1418.6 4089
1354.57 1418.6 4089
1337.71 1408.19 4059
1321.28 1398.13 4030
1314.41 1398.13 4030
1326.68 1418.6 4089
1319.71 1418.6 4089
1312.74 1418.6 4089
1278.57 1411.66 4069
1271.64 1411.66 4069
1264.7 1411.66 4069
1245.71 1398.13 4030
1232.69 1391.19 4010
1217.3 1381.48 3982
1216.28 1388.07 4001
1209.46 1388.07 4001
1202.64 1388.07 4001
1195.82 1388.07 4001
1191.68 1391.19 4010
1184.84 1391.19 4010
1192.4 1408.19 4059
1194.24 1418.6 4089
1187.27 1418.6 4089
1180.3 1418.6 4089
1170.46 1415.13 4079
1163.5 1415.13 4079
1156.55 1415.13 4079
1149.6 1415.13 4079
1145.44 1418.6 4089
1138.47 1418.6 4089
1131.5 1418.6 4089
1124.53 1418.6 4089
1117.56 1418.6 4089
1110.59 1418.6 4089
1103.62 1418.6 4089
1096.65 1418.6 4089
1087.01 1415.13 4079
1077.41 1411.66 4069
1070.48 1411.66 4069
1060.93 1408.19 4059
1054.01 1408.19 4059
1044.51 1404.72 4049
1037.6 1404.72 4049
1030.7 1404.72 4049
1021.27 1401.25 4039
1012.13 1398.13 4030
1005.25 1398.13 4030
998.385 1398.13 4030
989.054 1394.66 4020
977.559 1388.07 4001
970.738 1388.07 4001
963.918 1388.07 4001
957.097 1388.07 4001
954.789 1394.66 4020
950.294 1398.13 4030
943.424 1398.13 4030
936.554 1398.13 4030
931.76 1401.25 4039
927.164 1404.72 4049
920.262 1404.72 4049
915.615 1408.19 4059
910.934 1411.66 4069
903.997 1411.66 4069
897.061 1411.66 4069
890.124 1411.66 4069
878.846 1404.72 4049
871.944 1404.72 4049
862.905 1401.25 4039
856.019 1401.25 4039
851.236 1404.72 4049
844.334 1404.72 4049
837.431 1404.72 4049
826.631 1398.13 4030
817.727 1394.66 4020
810.874 1394.66 4020
804.021 1394.66 4020
791.417 1384.6 3991
782.844 1381.48 3982
776.056 1381.48 3982
760.188 1365.17 3935
748.118 1355.46 3907
736.334 1346.09 3880
729.719 1346.09 3880
718.073 1336.73 3853
711.505 1336.73 3853
703.29 1333.6 3844
696.737 1333.6 3844
690.184 1333.6 3844
680.429 1327.36 3826
672.498 1324.58 3818
665.989 1324.58 3818
657.926 1321.46 3809
648.525 1315.56 3792
643.415 1318.34 3800
639.954 1324.58 3818
633.445 1324.58 3818
632.684 1336.73 3853
629.041 1342.97 3871
623.889 1346.09 3880
617.274 1346.09 3880
610.66 1346.09 3880
606.848 1352.34 3898
601.588 1355.46 3907
594.928 1355.46 3907
588.267 1355.46 3907
580.267 1352.34 3898
573.622 1352.34 3898
565.668 1349.21 3889
555.157 1339.85 3862
547.295 1336.73 3853
541.989 1339.85 3862
535.406 1339.85 3862
528.822 1339.85 3862
522.238 1339.85 3862
515.654 1339.85 3862
509.071 1339.85 3862
497.803 1327.36 3826
486.915 1315.56 3792
480.451 1315.56 3792
472.861 1312.44 3783
462.22 1300.64 3749
453.762 1294.75 3732
446.441 1291.97 3724
440.092 1291.97 3724
433.744 1291.97 3724
427.395 1291.97 3724
421.047 1291.97 3724
415.589 1294.75 3732
409.227 1294.75 3732
402.865 1294.75 3732
395.653 1291.97 3724
389.305 1291.97 3724
382.133 1289.2 3716
375.799 1289.2 3716
368.569 1286.07 3707
362.249 1286.07 3707
-17.6392 151.609 437
-18.3841 151.609 437
-19.1291 151.609 437
-19.8741 151.609 437
-20.5719 151.262 436
-21.3151 151.262 436
-22.0584 151.262 436
-32.9434 143.629 414
-33.6492 143.629 414
-34.3549 143.629 414
-35.0607 143.629 414
-35.6801 143.283 413
-36.3841 143.283 413
-36.9984 142.936 412
-37.6092 142.589 411
-38.2167 142.242 410
-38.9156 142.242 410
-39.4213 141.548 408
-40.0185 141.201 407
-40.6123 140.854 406
-41.2027 140.507 405
-41.8931 140.507 405
-42.5836 140.507 405
-43.1671 140.16 404
-43.7473 139.813 403
-44.4343 139.813 403
-45.0094 139.466 402
-45.581 139.119 401
-46.2646 139.119 401
-46.9482 139.119 401
-47.6318 139.119 401
-48.1949 138.772 400
-48.8768 138.772 400
-49.5587 138.772 400
-50.2406 138.772 400
-50.9225 138.772 400
-51.4754 138.425 399
-52.1556 138.425 399
-52.8358 138.425 399
-53.516 138.425 399
-54.1962 138.425 399
-54.8764 138.425 399
-55.5566 138.425 399
-56.0958 138.079 398
-56.7743 138.079 398
-57.4528 138.079 398
-57.9852 137.732 397
-58.662 137.732 397
-59.1894 137.385 396
-60.0156 137.732 397
-60.6924 137.732 397
-61.3692 137.732 397
-62.2022 138.079 398
-62.8807 138.079 398
-63.5592 138.079 398
-64.2377 138.079 398
-65.0793 138.425 399
-65.7595 138.425 399
-66.4397 138.425 399
-67.1199 138.425 399
-67.8001 138.425 399
-68.4803 138.425 399
-69.1605 138.425 399
-69.8407 138.425 399
-70.6976 138.772 400
-71.3795 138.772 400
-72.0614 138.772 400
-72.7433 138.772 400
-73.6088 139.119 401
-74.2924 139.119 401
-74.976 139.119 401
-75.6596 139.119 401
-76.5336 139.466 402
-77.2189 139.466 402
-77.9042 139.466 402
-78.5895 139.466 402
-79.472 139.813 403
-80.159 139.813 403
-81.0466 140.16 404
-81.9377 140.507 405
-82.8321 140.854 406
-83.5242 140.854 406
-84.2164 140.854 406
-85.3268 141.548 408
-86.0223 141.548 408
-86.7178 141.548 408
-87.8419 142.242 410
-88.9727 142.936 412
-89.6751 142.936 412
-90.3774 142.936 412
-91.3009 143.283 413
-92.2277 143.629 414
-92.9335 143.629 414
-94.3178 144.67 417
-95.4844 145.364 419
-96.1987 145.364 419
-97.1443 145.711 420
-98.0933 146.058 421
-99.5151 147.099 424
-100.238 147.099 424
-101.437 147.793 426
-102.403 148.14 427
-103.131 148.14 427
-103.859 148.14 427
-104.832 148.486 428
-105.561 148.486 428
-106.291 148.486 428
-107.271 148.833 429
-108.254 149.18 430
-109.494 149.874 432
-110.23 149.874 432
-110.967 149.874 432
-111.962 150.221 433
-112.96 150.568 434
-113.7 150.568 434
-114.44 150.568 434
-115.445 150.915 435
-116.187 150.915 435
-117.466 151.609 437
-118.481 151.956 438
-119.5 152.303 439
-120.249 152.303 439
-121.273 152.65 440
-122.3 152.997 441
-123.61 153.69 443
-124.365 153.69 443
-125.685 154.384 445
-126.728 154.731 446
-127.488 154.731 446
-128.248 154.731 446
-129.009 154.731 446
-129.769 154.731 446
-844.568 778.86 2245
-848.395 778.86 2245
-852.222 778.86 2245
-854.905 777.819 2242
-858.727 777.819 2242
-859.087 774.697 2233
-864.053 775.738 2236
-867.865 775.738 2236
-871.677 775.738 2236
-873.139 773.656 2230
-873.402 770.534 2221
-874.028 767.758 2213
-877.801 767.758 2213
-881.573 767.758 2213
-885.346 767.758 2213
-885.503 764.636 2204
-889.26 764.636 2204
-893.017 764.636 2204
-896.774 764.636 2204
-900.532 764.636 2204
-904.289 764.636 2204
-908.046 764.636 2204
-910.562 763.595 2201
-909.33 759.432 2189
-913.061 759.432 2189
-916.793 759.432 2189
-918.422 757.697 2184
-920.879 756.657 2181
-924.597 756.657 2181
-927.038 755.616 2178
-926.905 752.493 2169
-929.744 751.8 2167
-933.438 751.8 2167
-934.538 749.718 2161
-938.222 749.718 2161
-939.291 747.636 2155
-942.964 747.636 2155
-946.638 747.636 2155
-949.43 746.943 2153
-951.772 745.902 2150
-955.437 745.902 2150
-957.764 744.861 2147
-961.424 744.861 2147
-963.736 743.82 2144
-967.391 743.82 2144
-970.14 743.126 2142
-972.428 742.085 2139
-974.705 741.045 2136
-978.347 741.045 2136
-981.988 741.045 2136
-984.245 740.004 2133
-987.881 740.004 2133
-991.517 740.004 2133
-995.154 740.004 2133
-996.448 738.269 2128
-1000.08 738.269 2128
-1003.7 738.269 2128
-1005.91 737.228 2125
-1007.16 735.494 2120
-1007.91 733.412 2114
-1011.52 733.412 2114
-1012.72 731.678 2109
-1013.9 729.943 2104
-1013.62 727.167 2096
-1017.2 727.167 2096
-1016.87 724.392 2088
-1018.97 723.351 2085
-1020.07 721.617 2080
-1023.61 721.617 2080
-1023.21 718.841 2072
-1024.26 717.106 2067
-1024.31 714.678 2060
-1027.82 714.678 2060
-1029.83 713.637 2057
-1026.81 709.127 2044
-1029.28 708.433 2042
-1032.76 708.433 2042
-1034.72 707.392 2039
-1034.63 704.964 2032
-1037.08 704.27 2030
-1040.54 704.27 2030
-1039.88 701.495 2022
1473.07 1411.62 4089
1466.1 1411.62 4089
1459.13 1411.62 4089
1452.16 1411.62 4089
1441.65 1408.17 4079
1434.7 1408.17 4079
1427.74 1408.17 4079
1368.51 1411.62 4089
1361.54 1411.62 4089
1354.57 1411.62 4089
1347.6 1411.62 4089
1327.51 1397.82 4049
1323.87 1401.27 4059
1326.68 1411.62 4089
1319.71 1411.62 4089
1312.74 1411.62 4089
1278.57 1404.72 4069
1271.64 1404.72 4069
1264.7 1404.72 4069
1245.71 1391.26 4030
1232.69 1384.35 4010
1225.86 1384.35 4010
1219.02 1384.35 4010
1212.18 1384.35 4010
1205.35 1384.35 4010
1201.5 1387.8 4020
1200.29 1394.36 4039
1193.41 1394.36 4039
1195.34 1404.72 4069
1194.24 1411.62 4089
1187.27 1411.62 4089
1180.3 1411.62 4089
1110.59 1411.62 4089
1103.62 1411.62 4089
1096.65 1411.62 4089
1089.68 1411.62 4089
1080.06 1408.17 4079
1073.11 1408.17 4079
1063.54 1404.72 4069
1056.6 1404.72 4069
1047.09 1401.27 4059
1040.17 1401.27 4059
1033.25 1401.27 4059
1023.8 1397.82 4049
1016.9 1397.82 4049
1009.99 1397.82 4049
1000.61 1394.36 4039
991.515 1391.26 4030
982.201 1387.8 4020
975.348 1387.8 4020
963.918 1381.24 4001
957.097 1381.24 4001
954.789 1387.8 4020
950.294 1391.26 4030
943.424 1391.26 4030
936.554 1391.26 4030
931.76 1394.36 4039
927.164 1397.82 4049
920.262 1397.82 4049
915.615 1401.27 4059
910.934 1404.72 4069
903.997 1404.72 4069
897.061 1404.72 4069
890.124 1404.72 4069
878.846 1397.82 4049
871.944 1397.82 4049
862.905 1394.36 4039
856.019 1394.36 4039
851.236 1397.82 4049
844.334 1397.82 4049
837.431 1397.82 4049
826.631 1391.26 4030
817.727 1387.8 4020
810.874 1387.8 4020
804.021 1387.8 4020
791.417 1377.79 3991
782.844 1374.69 3982
776.056 1374.69 3982
765.597 1368.13 3963
751.565 1355.01 3925
738.042 1342.58 3889
731.412 1342.58 3889
718.073 1330.15 3853
711.505 1330.15 3853
704.936 1330.15 3853
698.368 1330.15 3853
691.799 1330.15 3853
682.03 1323.94 3835
675.492 1323.94 3835
668.954 1323.94 3835
659.48 1318.07 3818
651.432 1314.96 3809
646.463 1318.07 3818
644.312 1327.04 3844
637.759 1327.04 3844
635.64 1336.37 3871
633.428 1345.69 3898
628.23 1348.79 3907
621.57 1348.79 3907
614.909 1348.79 3907
609.65 1351.9 3916
604.36 1355.01 3925
597.669 1355.01 3925
590.978 1355.01 3925
584.286 1355.01 3925
577.595 1355.01 3925
570.904 1355.01 3925
560.332 1345.69 3898
553.687 1345.69 3898
547.042 1345.69 3898
540.397 1345.69 3898
533.751 1345.69 3898
527.106 1345.69 3898
520.461 1345.69 3898
513.816 1345.69 3898
502.487 1333.26 3862
490.253 1318.07 3818
483.745 1318.07 3818
473.986 1309.09 3792
464.316 1300.12 3766
455.829 1294.25 3749
449.438 1294.25 3749
441.038 1288.38 3732
434.676 1288.38 3732
428.314 1288.38 3732
422.856 1291.14 3740
416.48 1291.14 3740
410.104 1291.14 3740
403.729 1291.14 3740
397.353 1291.14 3740
390.141 1288.38 3732
382.956 1285.62 3724
375.799 1282.86 3716
369.464 1282.86 3716
363.129 1282.86 3716
-18.3841 150.863 437
-19.1291 150.863 437
-19.8741 150.863 437
-20.6191 150.863 437
-21.364 150.863 437
-22.0584 150.518 436
-32.9434 142.923 414
-33.6492 142.923 414
-34.3549 142.923 414
-35.0607 142.923 414
-35.6801 142.578 413
-36.3841 142.578 413
-36.9984 142.233 412
-37.6092 141.887 411
-38.2167 141.542 410
-38.9156 141.542 410
-39.4213 140.852 408
-40.0185 140.507 407
-40.6123 140.161 406
-41.2027 139.816 405
-41.8931 139.816 405
-42.4784 139.471 404
-43.1671 139.471 404
-43.7473 139.126 403
-44.4343 139.126 403
-45.0094 138.78 402
-45.581 138.435 401
-46.2646 138.435 401
-46.9482 138.435 401
-47.6318 138.435 401
-48.1949 138.09 400
-48.8768 138.09 400
-49.5587 138.09 400
-50.2406 138.09 400
-50.9225 138.09 400
-51.4754 137.745 399
-52.1556 137.745 399
-52.8358 137.745 399
-53.516 137.745 399
-54.1962 137.745 399
-54.8764 137.745 399
-55.5566 137.745 399
-56.0958 137.4 398
-56.7743 137.4 398
-57.4528 137.4 398
-57.9852 137.054 397
-58.662 137.054 397
-59.3388 137.054 397
-60.1668 137.4 398
-60.8453 137.4 398
-61.5238 137.4 398
-62.2022 137.4 398
-62.8807 137.4 398
-63.5592 137.4 398
-64.2377 137.4 398
-65.0793 137.745 399
-65.7595 137.745 399
-66.4397 137.745 399
-67.1199 137.745 399
-67.8001 137.745 399
-68.4803 137.745 399
-69.1605 137.745 399
-69.8407 137.745 399
-70.6976 138.09 400
-71.3795 138.09 400
-72.0614 138.09 400
-72.7433 138.09 400
-73.6088 138.435 401
-74.2924 138.435 401
-74.976 138.435 401
-75.6596 138.435 401
-76.5336 138.78 402
-77.2189 138.78 402
-77.9042 138.78 402
-78.5895 138.78 402
-79.6692 139.471 404
-80.3579 139.471 404
-81.0466 139.471 404
-82.14 140.161 406
-82.8321 140.161 406
-83.5242 140.161 406
-84.2164 140.161 406
-85.3268 140.852 408
-86.444 141.542 410
-87.1429 141.542 410
-88.0561 141.887 411
-88.9727 142.233 412
-89.6751 142.233 412
-90.5968 142.578 413
-91.5219 142.923 414
-92.6732 143.614 416
-93.3824 143.614 416
-94.544 144.304 418
-95.7123 144.994 420
-96.4283 144.994 420
-97.3756 145.34 421
-98.7923 146.375 424
-99.9845 147.066 426
-100.711 147.066 426
-101.437 147.066 426
-102.403 147.411 427
-103.131 147.411 427
-104.102 147.756 428
-104.832 147.756 428
-105.808 148.102 429
-106.539 148.102 429
-107.521 148.447 430
-108.506 148.792 431
-109.494 149.137 432
-110.23 149.137 432
-110.967 149.137 432
-111.962 149.482 433
-112.96 149.828 434
-113.7 149.828 434
-114.44 149.828 434
-115.445 150.173 435
-116.187 150.173 435
-117.735 151.209 438
-118.752 151.554 439
-119.5 151.554 439
-120.249 151.554 439
-121.273 151.899 440
-122.3 152.244 441
-123.61 152.935 443
-124.365 152.935 443
-125.685 153.625 445
-126.728 153.97 446
-127.488 153.97 446
-128.248 153.97 446
-129.009 153.97 446
-129.769 153.97 446
-845.696 776.066 2248
-849.529 776.066 2248
-853.361 776.066 2248
-854.905 773.994 2242
-858.727 773.994 2242
-860.241 771.923 2236
-861.734 769.852 2230
-865.536 769.852 2230
-869.338 769.852 2230
-870.79 767.78 2224
-870.256 763.983 2213
-874.028 763.983 2213
-877.801 763.983 2213
-879.183 761.911 2207
-881.745 760.876 2204
-884.297 759.84 2201
-889.26 760.876 2204
-893.017 760.876 2204
-896.774 760.876 2204
-900.532 760.876 2204
-904.289 760.876 2204
-908.046 760.876 2204
-909.321 758.804 2198
-909.33 755.697 2189
-913.061 755.697 2189
-915.537 754.662 2186
-917.161 752.936 2181
-919.612 751.9 2178
-923.325 751.9 2178
-927.038 751.9 2178
-926.905 748.793 2169
-928.457 747.067 2164
-932.146 747.067 2164
-934.538 746.031 2161
-936.919 744.995 2158
-939.291 743.96 2155
-942.964 743.96 2155
-946.638 743.96 2155
-949.43 743.269 2153
-950.444 741.198 2147
-954.104 741.198 2147
-956.426 740.162 2144
-960.081 740.162 2144
-962.837 739.472 2142
-966.488 739.472 2142
-968.781 738.436 2139
-971.064 737.4 2136
-973.336 736.365 2133
-976.972 736.365 2133
-980.609 736.365 2133
-983.322 735.674 2131
-986.955 735.674 2131
-990.588 735.674 2131
-992.821 734.639 2128
-996.448 734.639 2128
-998.666 733.603 2125
-1002.29 733.603 2125
-1003.54 731.877 2120
-1005.73 730.841 2117
-1005.53 728.079 2109
-1009.12 728.079 2109
-1010.32 726.353 2104
-1012.46 725.318 2101
-1013.62 723.591 2096
-1017.2 723.591 2096
-1016.87 720.83 2088
-1018.97 719.794 2085
-1021.54 719.104 2083
-1025.09 719.104 2083
-1023.21 715.306 2072
-1024.26 713.58 2067
-1024.31 711.163 2060
-1027.82 711.163 2060
-1029.83 710.128 2057
-1026.81 705.64 2044
-1029.28 704.949 2042
-1032.76 704.949 2042
-1034.72 703.914 2039
-1034.63 701.497 2032
-1037.08 700.807 2030
-1040.54 700.807 2030
-1039.88 698.045 2022
1473.07 1404.65 4089
1466.1 1404.65 4089
1459.13 1404.65 4089
1452.16 1404.65 4089
1441.65 1401.21 4079
1434.7 1401.21 4079
1427.74 1401.21 4079
1361.54 1404.65 4089
1354.57 1404.65 4089
1347.6 1404.65 4089
1327.51 1390.91 4049
1323.87 1394.34 4059
1326.68 1404.65 4089
1319.71 1404.65 4089
1312.74 1404.65 4089
1284.86 1404.65 4089
1277.89 1404.65 4089
1270.92 1404.65 4089
1245.71 1384.38 4030
1235.77 1380.95 4020
1228.91 1380.95 4020
1222.06 1380.95 4020
1215.21 1380.95 4020
1208.35 1380.95 4020
1201.5 1380.95 4020
1200.29 1387.47 4039
1193.41 1387.47 4039
1198.27 1401.21 4079
1194.24 1404.65 4089
1187.27 1404.65 4089
1180.3 1404.65 4089
1103.62 1404.65 4089
1096.65 1404.65 4089
1089.68 1404.65 4089
1082.71 1404.65 4089
1075.74 1404.65 4089
1068.77 1404.65 4089
1061.8 1404.65 4089
1052.25 1401.21 4079
1045.29 1401.21 4079
1038.34 1401.21 4079
1028.86 1397.78 4069
1019.41 1394.34 4059
1012.49 1394.34 4059
1003.09 1390.91 4049
991.515 1384.38 4030
984.645 1384.38 4030
979.958 1387.47 4039
973.073 1387.47 4039
966.187 1387.47 4039
959.302 1387.47 4039
954.774 1390.91 4049
947.872 1390.91 4049
943.293 1394.34 4059
938.68 1397.78 4069
934.034 1401.21 4079
927.08 1401.21 4079
922.382 1404.65 4089
915.411 1404.65 4089
908.441 1404.65 4089
901.47 1404.65 4089
892.312 1401.21 4079
885.358 1401.21 4079
878.404 1401.21 4079
869.314 1397.78 4069
862.378 1397.78 4069
855.441 1397.78 4069
848.504 1397.78 4069
841.568 1397.78 4069
832.58 1394.34 4059
819.761 1384.38 4030
812.891 1384.38 4030
804.021 1380.95 4020
795.185 1377.51 4010
782.844 1367.89 3982
776.056 1367.89 3982
765.597 1361.37 3963
751.565 1348.31 3925
738.042 1335.94 3889
731.412 1335.94 3889
718.073 1323.58 3853
711.505 1323.58 3853
704.936 1323.58 3853
698.368 1323.58 3853
691.799 1323.58 3853
682.03 1317.39 3835
675.492 1317.39 3835
668.954 1317.39 3835
659.48 1311.55 3818
651.432 1308.46 3809
646.463 1311.55 3818
644.312 1320.49 3844
637.759 1320.49 3844
635.64 1329.76 3871
633.428 1339.04 3898
628.23 1342.13 3907
621.57 1342.13 3907
614.909 1342.13 3907
609.65 1345.22 3916
608.671 1357.93 3953
601.932 1357.93 3953
596.699 1361.37 3963
589.943 1361.37 3963
583.187 1361.37 3963
576.431 1361.37 3963
568.238 1357.93 3953
561.499 1357.93 3953
556.164 1361.37 3963
549.408 1361.37 3963
542.652 1361.37 3963
534.544 1357.93 3953
527.805 1357.93 3953
521.066 1357.93 3953
507.171 1339.04 3898
495.903 1326.67 3862
489.32 1326.67 3862
476.111 1308.46 3809
467.522 1302.62 3792
455.829 1287.85 3749
449.438 1287.85 3749
443.047 1287.85 3749
436.656 1287.85 3749
429.232 1284.76 3740
423.874 1287.85 3749
417.482 1287.85 3749
411.091 1287.85 3749
404.7 1287.85 3749
398.309 1287.85 3749
390.977 1284.76 3740
383.779 1282.01 3732
376.608 1279.26 3724
370.259 1279.26 3724
363.129 1276.52 3716
-18.3841 150.118 437
-19.1291 150.118 437
-19.8741 150.118 437
-20.6191 150.118 437
-21.364 150.118 437
-22.0584 149.774 436
-33.5679 141.873 413
-34.2719 141.873 413
-34.976 141.873 413
-35.6801 141.873 413
-36.3841 141.873 413
-36.9984 141.53 412
-37.6092 141.186 411
-38.2167 140.843 410
-38.9156 140.843 410
-39.4213 140.156 408
-40.0185 139.812 407
-40.6123 139.469 406
-41.2027 139.125 405
-41.8931 139.125 405
-42.4784 138.782 404
-43.1671 138.782 404
-43.7473 138.438 403
-44.4343 138.438 403
-45.0094 138.095 402
-45.581 137.751 401
-46.2646 137.751 401
-46.9482 137.751 401
-47.6318 137.751 401
-48.1949 137.408 400
-48.8768 137.408 400
-49.5587 137.408 400
-50.2406 137.408 400
-50.9225 137.408 400
-51.6044 137.408 400
-52.2863 137.408 400
-52.8358 137.064 399
-53.516 137.064 399
-54.1962 137.064 399
-54.8764 137.064 399
-55.5566 137.064 399
-56.0958 136.72 398
-56.7743 136.72 398
-57.4528 136.72 398
-58.1313 136.72 398
-58.662 136.377 397
-59.3388 136.377 397
-60.1668 136.72 398
-60.8453 136.72 398
-61.5238 136.72 398
-62.2022 136.72 398
-62.8807 136.72 398
-63.5592 136.72 398
-64.2377 136.72 398
-65.0793 137.064 399
-65.7595 137.064 399
-66.4397 137.064 399
-67.1199 137.064 399
-67.8001 137.064 399
-68.4803 137.064 399
-69.1605 137.064 399
-69.8407 137.064 399
-70.6976 137.408 400
-71.3795 137.408 400
-72.0614 137.408 400
-72.7433 137.408 400
-73.6088 137.751 401
-74.2924 137.751 401
-74.976 137.751 401
-75.8483 138.095 402
-76.5336 138.095 402
-77.2189 138.095 402
-77.9042 138.095 402
-78.5895 138.095 402
-79.6692 138.782 404
-80.3579 138.782 404
-81.0466 138.782 404
-82.14 139.469 406
-82.8321 139.469 406
-83.5242 139.469 406
-84.2164 139.469 406
-85.3268 140.156 408
-86.444 140.843 410
-87.1429 140.843 410
-88.0561 141.186 411
-88.9727 141.53 412
-89.6751 141.53 412
-90.5968 141.873 413
-91.743 142.56 415
-92.6732 142.904 416
-93.3824 142.904 416
-94.544 143.591 418
-95.7123 144.278 420
-96.4283 144.278 420
-97.3756 144.621 421
-99.0253 145.995 425
-99.9845 146.339 426
-100.711 146.339 426
-101.675 146.683 427
-102.403 146.683 427
-103.131 146.683 427
-104.102 147.026 428
-105.077 147.37 429
-106.055 147.713 430
-106.788 147.713 430
-107.771 148.057 431
-108.757 148.4 432
-109.494 148.4 432
-110.23 148.4 432
-111.223 148.744 433
-112.22 149.087 434
-112.96 149.087 434
-113.7 149.087 434
-114.703 149.431 435
-115.71 149.774 436
-116.454 149.774 436
-118.003 150.805 439
-118.752 150.805 439
-119.772 151.148 440
-120.522 151.148 440
-121.548 151.492 441
-122.577 151.835 442
-123.61 152.179 443
-124.926 152.866 445
-125.968 153.209 446
-126.728 153.209 446
-127.488 153.209 446
-128.248 153.209 446
-852.35 781.849 2276
-856.23 781.849 2276
-860.11 781.849 2276
-859.435 777.727 2264
-857.193 772.23 2248
-861.026 772.23 2248
-860.241 768.108 2236
-864.053 768.108 2236
-867.865 768.108 2236
-871.677 768.108 2236
-870.79 763.986 2224
-870.256 760.207 2213
-874.028 760.207 2213
-877.801 760.207 2213
-879.183 758.146 2207
-881.745 757.115 2204
-884.297 756.085 2201
-889.26 757.115 2204
-893.017 757.115 2204
-896.774 757.115 2204
-900.532 757.115 2204
-904.289 757.115 2204
-908.046 757.115 2204
-909.321 755.054 2198
-909.33 751.963 2189
-913.061 751.963 2189
-914.699 750.245 2184
-917.161 749.215 2181
-919.612 748.184 2178
-923.325 748.184 2178
-924.484 746.123 2172
-926.05 744.405 2167
-927.17 742.344 2161
-930.854 742.344 2161
-934.538 742.344 2161
-936.919 741.314 2158
-939.291 740.283 2155
-942.964 740.283 2155
-945.759 739.596 2153
-948.107 738.565 2150
-949.116 736.504 2144
-952.771 736.504 2144
-954.195 734.787 2139
-957.842 734.787 2139
-961.488 734.787 2139
-965.135 734.787 2139
-966.064 732.726 2133
-969.7 732.726 2133
-972.424 732.039 2131
-976.056 732.039 2131
-979.689 732.039 2131
-983.322 732.039 2131
-985.565 731.008 2128
-989.193 731.008 2128
-992.821 731.008 2128
-995.044 729.977 2125
-997.256 728.947 2122
-1000.87 728.947 2122
-1003.54 728.26 2120
-1004.31 726.199 2114
-1005.53 724.481 2109
-1009.12 724.481 2109
-1010.32 722.764 2104
-1011.01 720.703 2098
-1013.62 720.015 2096
-1017.2 720.015 2096
-1016.87 717.267 2088
-1018.97 716.237 2085
-1021.54 715.55 2083
-1025.09 715.55 2083
-1023.21 711.771 2072
-1020.8 707.649 2060
-1022.82 706.618 2057
-1026.32 706.618 2057
-1025.82 703.87 2049
-1025.8 701.465 2042
-1026.76 699.748 2037
-1030.23 699.748 2037
-1032.18 698.717 2034
-1034.63 698.03 2032
-1035.54 696.313 2027
-1039 696.313 2027
-1039.88 694.595 2022
1361.54 1397.67 4089
1354.57 1397.67 4089
1347.6 1397.67 4089
1340.62 1397.67 4089
1333.65 1397.67 4089
1326.68 1397.67 4089
1310.03 1387.42 4059
1284.86 1397.67 4089
1277.89 1397.67 4089
1270.92 1397.67 4089
1245.71 1377.51 4030
1235.77 1374.09 4020
1228.91 1374.09 4020
1222.06 1374.09 4020
1215.21 1374.09 4020
1208.35 1374.09 4020
1201.5 1374.09 4020
1200.29 1380.58 4039
1193.41 1380.58 4039
1198.27 1394.25 4079
1191.32 1394.25 4079
1184.37 1394.25 4079
1103.62 1397.67 4089
1096.65 1397.67 4089
1089.68 1397.67 4089
1082.71 1397.67 4089
1075.74 1397.67 4089
1068.77 1397.67 4089
1061.8 1397.67 4089
1054.83 1397.67 4089
1047.85 1397.67 4089
1040.88 1397.67 4089
1031.39 1394.25 4079
1024.43 1394.25 4079
1017.48 1394.25 4079
1008.05 1390.84 4069
996.189 1384 4049
986.844 1380.58 4039
979.958 1380.58 4039
973.073 1380.58 4039
968.579 1384 4049
961.677 1384 4049
957.132 1387.42 4059
950.213 1387.42 4059
945.617 1390.84 4069
940.987 1394.25 4079
936.324 1397.67 4089
929.353 1397.67 4089
922.382 1397.67 4089
915.411 1397.67 4089
908.441 1397.67 4089
901.47 1397.67 4089
894.499 1397.67 4089
887.529 1397.67 4089
880.558 1397.67 4089
871.451 1394.25 4079
864.497 1394.25 4079
857.543 1394.25 4079
850.59 1394.25 4079
843.636 1394.25 4079
836.682 1394.25 4079
827.695 1390.84 4069
820.758 1390.84 4069
806.021 1377.51 4030
795.185 1370.67 4010
786.58 1367.59 4001
779.759 1367.59 4001
765.597 1354.6 3963
753.48 1345.03 3935
738.042 1329.31 3889
731.412 1329.31 3889
721.428 1323.16 3871
713.167 1320.08 3862
706.583 1320.08 3862
699.999 1320.08 3862
693.415 1320.08 3862
683.63 1313.93 3844
677.077 1313.93 3844
670.524 1313.93 3844
660.862 1307.78 3826
654.34 1307.78 3826
650.865 1313.93 3844
648.838 1323.16 3871
642.239 1323.16 3871
643.029 1338.54 3916
637.816 1341.61 3925
632.732 1345.03 3935
626.024 1345.03 3935
619.316 1345.03 3935
614.009 1348.11 3944
608.671 1351.19 3953
601.932 1351.19 3953
596.699 1354.6 3963
589.943 1354.6 3963
583.187 1354.6 3963
576.431 1354.6 3963
568.238 1351.19 3953
561.499 1351.19 3953
556.164 1354.6 3963
549.408 1354.6 3963
542.652 1354.6 3963
534.544 1351.19 3953
527.805 1351.19 3953
521.066 1351.19 3953
507.171 1332.39 3898
495.903 1320.08 3862
489.32 1320.08 3862
476.111 1301.96 3809
467.522 1296.15 3792
455.829 1281.46 3749
449.438 1281.46 3749
443.047 1281.46 3749
436.656 1281.46 3749
429.232 1278.38 3740
424.778 1284.19 3757
418.373 1284.19 3757
411.969 1284.19 3757
405.564 1284.19 3757
399.159 1284.19 3757
390.977 1278.38 3740
383.779 1275.65 3732
376.608 1272.91 3724
370.259 1272.91 3724
363.129 1270.18 3716
-19.8741 149.372 437
-20.6191 149.372 437
-21.364 149.372 437
-33.5679 141.169 413
-34.2719 141.169 413
-34.976 141.169 413
-35.6801 141.169 413
-36.3841 141.169 413
-36.9984 140.827 412
-37.6092 140.485 411
-38.2167 140.143 410
-38.9156 140.143 410
-39.4213 139.46 408
-40.0185 139.118 407
-40.6123 138.776 406
-41.3045 138.776 406
-41.8931 138.434 405
-42.4784 138.092 404
-43.1671 138.092 404
-43.7473 137.751 403
-44.4343 137.751 403
-45.0094 137.409 402
-45.581 137.067 401
-46.2646 137.067 401
-46.9482 137.067 401
-47.6318 137.067 401
-48.1949 136.725 400
-48.8768 136.725 400
-49.5587 136.725 400
-50.2406 136.725 400
-50.9225 136.725 400
-51.6044 136.725 400
-52.2863 136.725 400
-52.9682 136.725 400
-53.516 136.383 399
-54.1962 136.383 399
-54.8764 136.383 399
-55.5566 136.383 399
-56.2368 136.383 399
-56.7743 136.041 398
-57.4528 136.041 398
-58.1313 136.041 398
-58.8098 136.041 398
-59.3388 135.7 397
-60.1668 136.041 398
-60.8453 136.041 398
-61.5238 136.041 398
-62.2022 136.041 398
-62.8807 136.041 398
-63.5592 136.041 398
-64.2377 136.041 398
-65.0793 136.383 399
-65.7595 136.383 399
-66.4397 136.383 399
-67.1199 136.383 399
-67.8001 136.383 399
-68.4803 136.383 399
-69.1605 136.383 399
-69.8407 136.383 399
-70.6976 136.725 400
-71.3795 136.725 400
-72.0614 136.725 400
-72.7433 136.725 400
-73.6088 137.067 401
-74.2924 137.067 401
-74.976 137.067 401
-75.8483 137.409 402
-76.5336 137.409 402
-77.2189 137.409 402
-77.9042 137.409 402
-78.5895 137.409 402
-79.6692 138.092 404
-80.3579 138.092 404
-81.0466 138.092 404
-82.14 138.776 406
-82.8321 138.776 406
-83.5242 138.776 406
-84.2164 138.776 406
-85.3268 139.46 408
-86.444 140.143 410
-87.1429 140.143 410
-88.0561 140.485 411
-88.9727 140.827 412
-89.6751 140.827 412
-90.5968 141.169 413
-91.743 141.852 415
-92.6732 142.194 416
-93.3824 142.194 416
-94.544 142.878 418
-95.7123 143.561 420
-96.4283 143.561 420
-97.6069 144.245 422
-99.2583 145.612 426
-99.9845 145.612 426
-100.711 145.612 426
-101.675 145.954 427
-102.643 146.296 428
-103.372 146.296 428
-104.345 146.638 429
-105.322 146.979 430
-106.301 147.321 431
-107.036 147.321 431
-108.021 147.663 432
-108.757 147.663 432
-109.747 148.005 433
-110.485 148.005 433
-111.223 148.005 433
-112.22 148.347 434
-112.96 148.347 434
-113.962 148.689 435
-114.703 148.689 435
-115.976 149.372 437
-116.721 149.372 437
-118.003 150.056 439
-118.752 150.056 439
-119.772 150.398 440
-120.522 150.398 440
-121.548 150.739 441
-123.409 152.107 445
-124.168 152.107 445
-125.207 152.448 446
-126.532 153.132 448
-127.296 153.132 448
-128.06 153.132 448
-128.824 153.132 448
-852.35 777.966 2276
-856.23 777.966 2276
-860.11 777.966 2276
-859.435 773.864 2264
-857.193 768.395 2248
-861.026 768.395 2248
-860.241 764.293 2236
-864.053 764.293 2236
-867.865 764.293 2236
-871.677 764.293 2236
-866.483 756.432 2213
-870.256 756.432 2213
-869.289 752.33 2201
-873.041 752.33 2201
-876.793 752.33 2201
-880.545 752.33 2201
-884.297 752.33 2201
-889.26 753.355 2204
-893.017 753.355 2204
-896.774 753.355 2204
-900.532 753.355 2204
-904.289 753.355 2204
-908.046 753.355 2204
-909.321 751.304 2198
-909.33 748.228 2189
-913.061 748.228 2189
-914.699 746.519 2184
-917.161 745.494 2181
-919.612 744.468 2178
-923.325 744.468 2178
-924.484 742.417 2172
-926.05 740.708 2167
-927.17 738.657 2161
-930.854 738.657 2161
-934.538 738.657 2161
-936.919 737.632 2158
-939.291 736.606 2155
-942.964 736.606 2155
-945.759 735.923 2153
-948.107 734.897 2150
-946.902 731.137 2139
-950.549 731.137 2139
-954.195 731.137 2139
-956.498 730.112 2136
-960.14 730.112 2136
-963.781 730.112 2136
-966.064 729.087 2133
-968.791 728.403 2131
-972.424 728.403 2131
-976.056 728.403 2131
-979.689 728.403 2131
-981.938 727.377 2128
-985.565 727.377 2128
-989.193 727.377 2128
-991.421 726.352 2125
-995.044 726.352 2125
-997.256 725.327 2122
-1000.87 725.327 2122
-1000.7 722.592 2114
-1004.31 722.592 2114
-1004.1 719.858 2106
-1007.69 719.858 2106
-1008.88 718.148 2101
-1011.01 717.123 2098
-1013.62 716.439 2096
-1017.2 716.439 2096
-1016.87 713.705 2088
-1018.97 712.68 2085
-1021.54 711.996 2083
-1025.09 711.996 2083
-1023.21 708.236 2072
-1020.8 704.134 2060
-1022.82 703.109 2057
-1026.32 703.109 2057
-1025.82 700.374 2049
-1023.29 696.273 2037
-1024.24 694.563 2032
-1027.71 694.563 2032
-1030.15 693.88 2030
-1032.09 692.854 2027
-1032.99 691.145 2022
-1036.44 691.145 2022
-1037.31 689.436 2017
1354.57 1390.7 4089
1347.6 1390.7 4089
1340.62 1390.7 4089
1333.65 1390.7 4089
1326.68 1390.7 4089
1284.86 1390.7 4089
1277.89 1390.7 4089
1270.92 1390.7 4089
1254.67 1380.49 4059
1235.77 1367.23 4020
1228.91 1367.23 4020
1222.06 1367.23 4020
1215.21 1367.23 4020
1208.35 1367.23 4020
1207.18 1373.69 4039
1209.21 1383.89 4069
1202.27 1383.89 4069
1198.27 1387.29 4079
1191.32 1387.29 4079
1184.37 1387.29 4079
1082.71 1390.7 4089
1075.74 1390.7 4089
1068.77 1390.7 4089
1061.8 1390.7 4089
1054.83 1390.7 4089
1047.85 1390.7 4089
1040.88 1390.7 4089
1031.39 1387.29 4079
1024.43 1387.29 4079
1017.48 1387.29 4079
1008.05 1383.89 4069
996.189 1377.09 4049
986.844 1373.69 4039
979.958 1373.69 4039
973.073 1373.69 4039
968.579 1377.09 4049
966.427 1383.89 4069
959.49 1383.89 4069
952.554 1383.89 4069
947.941 1387.29 4079
943.294 1390.7 4089
936.324 1390.7 4089
929.353 1390.7 4089
922.382 1390.7 4089
915.411 1390.7 4089
908.441 1390.7 4089
901.47 1390.7 4089
894.499 1390.7 4089
887.529 1390.7 4089
880.558 1390.7 4089
871.451 1387.29 4079
864.497 1387.29 4079
857.543 1387.29 4079
850.59 1387.29 4079
843.636 1387.29 4079
838.734 1390.7 4089
831.763 1390.7 4089
824.792 1390.7 4089
813.821 1383.89 4069
800.936 1373.69 4039
788.349 1363.83 4010
781.513 1363.83 4010
769.268 1354.3 3982
756.926 1344.44 3953
743.166 1331.86 3916
736.49 1331.86 3916
724.782 1322.67 3889
718.152 1322.67 3889
713.169 1325.74 3898
706.524 1325.74 3898
699.879 1325.74 3898
691.633 1322.67 3889
681.833 1316.55 3871
675.234 1316.55 3871
668.635 1316.55 3871
660.497 1313.49 3862
653.913 1313.49 3862
653.363 1325.74 3898
646.718 1325.74 3898
649.104 1344.44 3953
643.991 1347.84 3963
638.682 1350.9 3972
631.911 1350.9 3972
625.139 1350.9 3972
619.925 1354.3 3982
614.522 1357.37 3991
607.719 1357.37 3991
600.915 1357.37 3991
594.111 1357.37 3991
587.308 1357.37 3991
580.504 1357.37 3991
573.7 1357.37 3991
566.897 1357.37 3991
561.497 1360.77 4001
554.676 1360.77 4001
547.855 1360.77 4001
538.465 1354.3 3982
531.677 1354.3 3982
523.57 1350.9 3972
514.327 1344.44 3953
498.215 1319.61 3880
491.6 1319.61 3880
478.236 1301.25 3826
469.618 1295.47 3809
457.896 1280.84 3766
451.476 1280.84 3766
443.992 1277.78 3757
437.588 1277.78 3757
431.183 1277.78 3757
424.778 1277.78 3757
418.373 1277.78 3757
411.969 1277.78 3757
405.564 1277.78 3757
399.159 1277.78 3757
390.977 1272 3740
383.779 1269.28 3732
376.608 1266.56 3724
370.259 1266.56 3724
363.129 1263.84 3716
-33.5679 140.464 413
-34.2719 140.464 413
-34.976 140.464 413
-35.6801 140.464 413
-36.3841 140.464 413
-36.9984 140.124 412
-37.6092 139.784 411
-38.2167 139.444 410
-38.9156 139.444 410
-39.3247 138.423 407
-39.9202 138.083 406
-40.6123 138.083 406
-41.3045 138.083 406
-41.8931 137.743 405
-42.4784 137.403 404
-43.1671 137.403 404
-43.7473 137.063 403
-44.4343 137.063 403
-45.0094 136.723 402
-45.581 136.383 401
-46.2646 136.383 401
-46.9482 136.383 401
-47.6318 136.383 401
-48.1949 136.043 400
-48.8768 136.043 400
-49.5587 136.043 400
-50.2406 136.043 400
-50.9225 136.043 400
-51.6044 136.043 400
-52.2863 136.043 400
-52.9682 136.043 400
-53.6501 136.043 400
-54.1962 135.703 399
-54.8764 135.703 399
-55.5566 135.703 399
-56.2368 135.703 399
-56.917 135.703 399
-57.5972 135.703 399
-58.2774 135.703 399
-58.8098 135.362 398
-59.4883 135.362 398
-60.1668 135.362 398
-60.8453 135.362 398
-61.5238 135.362 398
-62.2022 135.362 398
-62.8807 135.362 398
-63.5592 135.362 398
-64.2377 135.362 398
-65.0793 135.703 399
-65.7595 135.703 399
-66.4397 135.703 399
-67.1199 135.703 399
-67.8001 135.703 399
-68.4803 135.703 399
-69.1605 135.703 399
-69.8407 135.703 399
-70.6976 136.043 400
-71.3795 136.043 400
-72.0614 136.043 400
-72.7433 136.043 400
-73.6088 136.383 401
-74.2924 136.383 401
-74.976 136.383 401
-75.8483 136.723 402
-76.5336 136.723 402
-77.2189 136.723 402
-77.9042 136.723 402
-78.785 137.063 403
-79.6692 137.403 404
-80.3579 137.403 404
-81.2472 137.743 405
-82.14 138.083 406
-82.8321 138.083 406
-83.5242 138.083 406
-84.2164 138.083 406
-85.5359 139.104 409
-86.444 139.444 410
-87.3555 139.784 411
-88.0561 139.784 411
-89.1887 140.464 413
-89.8927 140.464 413
-90.8162 140.804 414
-91.9641 141.484 416
-92.896 141.824 417
-93.6069 141.824 417
-94.7701 142.505 419
-95.7123 142.845 420
-96.4283 142.845 420
-97.6069 143.525 422
-99.2583 144.885 426
-99.9845 144.885 426
-100.711 144.885 426
-101.675 145.226 427
-102.643 145.566 428
-103.372 145.566 428
-104.345 145.906 429
-105.322 146.246 430
-106.301 146.586 431
-107.036 146.586 431
-108.021 146.926 432
-108.757 146.926 432
-109.747 147.266 433
-110.485 147.266 433
-111.223 147.266 433
-112.22 147.606 434
-112.96 147.606 434
-113.962 147.946 435
-114.703 147.946 435
-115.976 148.627 437
-116.721 148.627 437
-118.003 149.307 439
-118.752 149.307 439
-119.772 149.647 440
-120.522 149.647 440
-121.824 150.327 442
-123.687 151.688 446
-124.447 151.688 446
-125.769 152.368 448
-126.532 152.368 448
-127.58 152.708 449
-128.346 152.708 449
-129.111 152.708 449
-851.825 777.144 2285
-855.721 777.144 2285
-859.616 777.144 2285
-862.378 776.123 2282
-863.99 774.083 2276
-859.481 766.6 2254
-863.324 766.6 2254
-861.395 761.499 2239
-865.212 761.499 2239
-869.029 761.499 2239
-872.846 761.499 2239
-866.483 752.656 2213
-865.537 748.575 2201
-869.289 748.575 2201
-873.041 748.575 2201
-876.793 748.575 2201
-880.545 748.575 2201
-883.092 747.554 2198
-888.049 748.575 2201
-891.802 748.575 2201
-895.554 748.575 2201
-899.306 748.575 2201
-903.058 748.575 2201
-906.81 748.575 2201
-906.839 745.514 2192
-907.253 742.793 2184
-910.976 742.793 2184
-913.443 741.773 2181
-915.899 740.752 2178
-917.079 738.712 2172
-920.781 738.712 2172
-923.207 737.691 2169
-923.486 734.97 2161
-925.883 733.95 2158
-929.562 733.95 2158
-933.24 733.95 2158
-935.617 732.93 2155
-938.419 732.25 2153
-942.089 732.25 2153
-944.442 731.229 2150
-946.784 730.209 2147
-946.902 727.488 2139
-950.549 727.488 2139
-954.195 727.488 2139
-956.498 726.468 2136
-960.14 726.468 2136
-963.781 726.468 2136
-966.064 725.447 2133
-968.791 724.767 2131
-972.424 724.767 2131
-976.056 724.767 2131
-979.689 724.767 2131
-981.938 723.747 2128
-985.565 723.747 2128
-989.193 723.747 2128
-991.421 722.727 2125
-995.044 722.727 2125
-997.256 721.706 2122
-1000.87 721.706 2122
-1000.7 718.985 2114
-1004.31 718.985 2114
-1004.1 716.265 2106
-1007.69 716.265 2106
-1008.88 714.564 2101
-1011.01 713.544 2098
-1013.62 712.863 2096
-1017.2 712.863 2096
-1016.87 710.143 2088
-1017.99 708.442 2083
-1021.54 708.442 2083
-1025.09 708.442 2083
-1023.21 704.701 2072
-1020.8 700.62 2060
-1021.82 698.919 2055
-1025.32 698.919 2055
-1024.82 696.198 2047
-1021.78 691.777 2034
-1023.23 690.416 2030
-1026.69 690.416 2030
-1030.15 690.416 2030
-1029.54 687.696 2022
-1031.97 687.015 2020
-1035.41 687.015 2020
-1036.28 685.315 2015
1354.57 1383.72 4089
1347.6 1383.72 4089
1340.62 1383.72 4089
1333.65 1383.72 4089
1326.68 1383.72 4089
1284.86 1383.72 4089
1277.89 1383.72 4089
1270.92 1383.72 4089
1260.86 1380.34 4079
1238.84 1363.75 4030
1231.97 1363.75 4030
1225.1 1363.75 4030
1215.21 1360.37 4020
1208.35 1360.37 4020
1207.18 1366.8 4039
1209.21 1376.95 4069
1202.27 1376.95 4069
1195.34 1376.95 4069
1075.74 1383.72 4089
1068.77 1383.72 4089
1061.8 1383.72 4089
1054.83 1383.72 4089
1047.85 1383.72 4089
1040.88 1383.72 4089
1031.39 1380.34 4079
1026.94 1383.72 4089
1019.97 1383.72 4089
1013 1383.72 4089
998.65 1373.57 4059
989.287 1370.18 4049
982.384 1370.18 4049
975.482 1370.18 4049
968.579 1370.18 4049
966.427 1376.95 4069
959.49 1376.95 4069
952.554 1376.95 4069
947.941 1380.34 4079
943.294 1383.72 4089
936.324 1383.72 4089
929.353 1383.72 4089
922.382 1383.72 4089
915.411 1383.72 4089
908.441 1383.72 4089
901.47 1383.72 4089
894.499 1383.72 4089
887.529 1383.72 4089
880.558 1383.72 4089
871.451 1380.34 4079
864.497 1380.34 4079
857.543 1380.34 4079
850.59 1380.34 4079
843.636 1380.34 4079
838.734 1383.72 4089
831.763 1383.72 4089
824.792 1383.72 4089
813.821 1376.95 4069
800.936 1366.8 4039
788.349 1356.99 4010
781.513 1356.99 4010
772.938 1353.94 4001
764.203 1350.56 3991
750.187 1337.7 3953
743.449 1337.7 3953
733.355 1331.61 3935
723.138 1325.18 3916
716.463 1325.18 3916
709.787 1325.18 3916
703.111 1325.18 3916
694.835 1322.13 3907
686.589 1319.09 3898
679.944 1319.09 3898
671.744 1316.04 3889
663.575 1312.99 3880
660.008 1319.09 3898
654.872 1322.13 3907
648.211 1322.13 3907
650.747 1341.08 3963
647.078 1347.51 3982
641.737 1350.56 3991
634.933 1350.56 3991
628.13 1350.56 3991
621.326 1350.56 3991
616.062 1353.94 4001
609.241 1353.94 4001
602.421 1353.94 4001
595.6 1353.94 4001
588.779 1353.94 4001
581.959 1353.94 4001
576.432 1356.99 4010
569.596 1356.99 4010
562.76 1356.99 4010
555.924 1356.99 4010
549.088 1356.99 4010
542.252 1356.99 4010
535.416 1356.99 4010
526.075 1350.56 3991
514.327 1337.7 3953
499.37 1316.04 3889
492.741 1316.04 3889
484.986 1312.99 3880
471.714 1294.72 3826
463.124 1288.97 3809
456.631 1288.97 3809
445.056 1274.42 3766
438.636 1274.42 3766
431.183 1271.37 3757
426.7 1277.12 3774
420.266 1277.12 3774
413.833 1277.12 3774
406.535 1274.42 3766
400.115 1274.42 3766
392.754 1271.37 3757
383.779 1262.91 3732
376.608 1260.2 3724
370.259 1260.2 3724
363.129 1257.5 3716
-33.5679 139.759 413
-34.2719 139.759 413
-34.976 139.759 413
-35.6801 139.759 413
-36.3841 139.759 413
-36.9984 139.421 412
-37.5177 138.744 410
-38.1235 138.406 409
-38.8207 138.406 409
-39.3247 137.729 407
-39.9202 137.391 406
-40.6123 137.391 406
-41.3045 137.391 406
-41.8931 137.052 405
-42.4784 136.714 404
-43.1671 136.714 404
-43.7473 136.375 403
-44.4343 136.375 403
-45.0094 136.037 402
-45.581 135.699 401
-46.2646 135.699 401
-46.9482 135.699 401
-47.6318 135.699 401
-48.1949 135.36 400
-48.8768 135.36 400
-49.5587 135.36 400
-50.2406 135.36 400
-50.9225 135.36 400
-51.6044 135.36 400
-52.2863 135.36 400
-52.9682 135.36 400
-53.6501 135.36 400
-54.1962 135.022 399
-54.8764 135.022 399
-55.5566 135.022 399
-56.2368 135.022 399
-56.917 135.022 399
-57.5972 135.022 399
-58.2774 135.022 399
-58.9576 135.022 399
-59.4883 134.683 398
-60.1668 134.683 398
-60.8453 134.683 398
-61.5238 134.683 398
-62.2022 134.683 398
-62.8807 134.683 398
-63.5592 134.683 398
-64.2377 134.683 398
-65.0793 135.022 399
-65.7595 135.022 399
-66.4397 135.022 399
-67.1199 135.022 399
-67.8001 135.022 399
-68.4803 135.022 399
-69.1605 135.022 399
-69.8407 135.022 399
-70.6976 135.36 400
-71.3795 135.36 400
-72.0614 135.36 400
-72.7433 135.36 400
-73.6088 135.699 401
-74.2924 135.699 401
-74.976 135.699 401
-75.8483 136.037 402
-76.5336 136.037 402
-77.2189 136.037 402
-78.098 136.375 403
-78.785 136.375 403
-79.6692 136.714 404
-80.3579 136.714 404
-81.2472 137.052 405
-82.14 137.391 406
-82.8321 137.391 406
-83.5242 137.391 406
-84.4238 137.729 407
-85.5359 138.406 409
-86.2331 138.406 409
-87.3555 139.083 411
-88.2704 139.421 412
-89.1887 139.759 413
-89.8927 139.759 413
-90.8162 140.098 414
-91.9641 140.775 416
-92.896 141.113 417
-93.6069 141.113 417
-94.7701 141.79 419
-95.9402 142.467 421
-96.6579 142.467 421
-97.8382 143.143 423
-99.2583 144.159 426
-99.9845 144.159 426
-100.947 144.497 427
-101.913 144.835 428
-102.883 145.174 429
-103.614 145.174 429
-104.589 145.512 430
-105.567 145.851 431
-106.301 145.851 431
-107.036 145.851 431
-108.021 146.189 432
-108.757 146.189 432
-109.747 146.527 433
-110.485 146.527 433
-111.48 146.866 434
-112.479 147.204 435
-113.22 147.204 435
-113.962 147.204 435
-114.967 147.543 436
-116.241 148.219 438
-116.988 148.219 438
-118.272 148.896 440
-119.022 148.896 440
-119.772 148.896 440
-120.522 148.896 440
-121.824 149.573 442
-123.687 150.927 446
-124.447 150.927 446
-125.769 151.603 448
-126.532 151.603 448
-127.58 151.942 449
-128.346 151.942 449
-129.111 151.942 449
-841.818 771.215 2279
-845.703 771.215 2279
-854.435 775.614 2292
-858.342 775.614 2292
-862.249 775.614 2292
-863.511 773.245 2285
-866.268 772.23 2282
-859.481 762.755 2254
-863.324 762.755 2254
-862.549 758.694 2242
-866.372 758.694 2242
-869.029 757.679 2239
-872.846 757.679 2239
-866.483 748.88 2213
-865.537 744.82 2201
-868.104 743.804 2198
-871.851 743.804 2198
-875.598 743.804 2198
-879.345 743.804 2198
-881.887 742.789 2195
-885.629 742.789 2195
-889.371 742.789 2195
-895.554 744.82 2201
-899.306 744.82 2201
-903.058 744.82 2201
-903.102 741.774 2192
-905.598 740.759 2189
-907.253 739.067 2184
-910.976 739.067 2184
-910.93 736.021 2175
-913.376 735.006 2172
-915.812 733.991 2169
-919.51 733.991 2169
-921.079 732.299 2164
-922.204 730.268 2158
-925.883 730.268 2158
-929.562 730.268 2158
-931.943 729.253 2155
-934.748 728.576 2153
-937.111 727.561 2150
-940.776 727.561 2150
-943.124 726.546 2147
-944.579 724.854 2142
-946.902 723.839 2139
-950.549 723.839 2139
-952.857 722.823 2136
-956.498 722.823 2136
-958.791 721.808 2133
-962.427 721.808 2133
-965.158 721.132 2131
-967.427 720.116 2128
-971.055 720.116 2128
-974.682 720.116 2128
-978.31 720.116 2128
-981.938 720.116 2128
-984.176 719.101 2125
-987.799 719.101 2125
-991.421 719.101 2125
-993.639 718.086 2122
-997.256 718.086 2122
-1000.87 718.086 2122
-1000.7 715.379 2114
-1003.36 714.702 2112
-1004.1 712.672 2106
-1007.69 712.672 2106
-1007.44 709.964 2098
-1011.01 709.964 2098
-1013.62 709.287 2096
-1017.2 709.287 2096
-1016.87 706.58 2088
-1018.97 705.565 2085
-1021.54 704.888 2083
-1025.09 704.888 2083
-1023.21 701.166 2072
-1020.8 697.105 2060
-1021.82 695.413 2055
-1025.32 695.413 2055
-1024.82 692.706 2047
-1021.78 688.307 2034
-1023.23 686.953 2030
-1026.69 686.953 2030
-1030.15 686.953 2030
-1029.54 684.246 2022
-1031.97 683.569 2020
-1035.41 683.569 2020
-1036.28 681.877 2015
1284.86 1376.74 4089
1277.89 1376.74 4089
1270.92 1376.74 4089
1260.86 1373.38 4079
1247.75 1366.64 4059
1250.01 1376.74 4089
1243.03 1376.74 4089
1236.06 1376.74 4089
1208.35 1353.51 4020
1207.18 1359.91 4039
1209.21 1370.01 4069
1202.27 1370.01 4069
1195.34 1370.01 4069
1026.94 1376.74 4089
1019.97 1376.74 4089
1013 1376.74 4089
1006.03 1376.74 4089
994.173 1370.01 4069
987.237 1370.01 4069
980.3 1370.01 4069
973.364 1370.01 4069
971.177 1376.74 4089
964.206 1376.74 4089
957.236 1376.74 4089
950.265 1376.74 4089
943.294 1376.74 4089
936.324 1376.74 4089
929.353 1376.74 4089
838.734 1376.74 4089
831.763 1376.74 4089
824.792 1376.74 4089
817.821 1376.74 4089
806.885 1370.01 4069
796.016 1363.28 4049
789.114 1363.28 4049
772.938 1347.11 4001
764.203 1343.75 3991
750.187 1330.95 3953
743.449 1330.95 3953
733.355 1324.89 3935
723.138 1318.5 3916
716.463 1318.5 3916
709.787 1318.5 3916
703.111 1318.5 3916
694.835 1315.47 3907
686.589 1312.43 3898
679.944 1312.43 3898
671.744 1309.4 3889
663.575 1306.37 3880
660.008 1312.43 3898
654.872 1315.47 3907
648.211 1315.47 3907
650.747 1334.32 3963
647.078 1340.72 3982
641.737 1343.75 3991
634.933 1343.75 3991
628.13 1343.75 3991
628.799 1359.91 4039
621.913 1359.91 4039
615.028 1359.91 4039
608.142 1359.91 4039
601.257 1359.91 4039
594.371 1359.91 4039
587.486 1359.91 4039
580.6 1359.91 4039
573.715 1359.91 4039
566.829 1359.91 4039
559.944 1359.91 4039
553.059 1359.91 4039
542.252 1350.14 4010
535.416 1350.14 4010
527.393 1347.11 4001
516.799 1337.35 3972
506.433 1327.92 3944
499.709 1327.92 3944
486.111 1309.4 3889
471.714 1288.19 3826
463.124 1282.47 3809
456.631 1282.47 3809
449.074 1279.44 3800
441.664 1276.75 3792
435.2 1276.75 3792
428.735 1276.75 3792
421.269 1273.71 3783
414.82 1273.71 3783
406.535 1267.99 3766
400.115 1267.99 3766
392.754 1264.96 3757
383.779 1256.54 3732
376.608 1253.85 3724
370.259 1253.85 3724
361.468 1245.43 3699
-33.5679 139.055 413
-34.2719 139.055 413
-34.976 139.055 413
-35.5937 138.718 412
-36.296 138.718 412
-36.9984 138.718 412
-37.4262 137.708 409
-38.0302 137.371 408
-38.7258 137.371 408
-39.3247 137.035 407
-39.9202 136.698 406
-40.5123 136.361 405
-41.2027 136.361 405
-41.8931 136.361 405
-42.4784 136.025 404
-43.1671 136.025 404
-43.7473 135.688 403
-44.4343 135.688 403
-45.0094 135.351 402
-45.581 135.014 401
-46.2646 135.014 401
-46.9482 135.014 401
-47.6318 135.014 401
-48.3154 135.014 401
-48.8768 134.678 400
-49.5587 134.678 400
-50.2406 134.678 400
-50.9225 134.678 400
-51.6044 134.678 400
-52.2863 134.678 400
-52.9682 134.678 400
-53.6501 134.678 400
-54.332 134.678 400
-55.0139 134.678 400
-55.5566 134.341 399
-56.2368 134.341 399
-56.917 134.341 399
-57.5972 134.341 399
-58.2774 134.341 399
-58.9576 134.341 399
-59.4883 134.004 398
-60.1668 134.004 398
-60.8453 134.004 398
-61.5238 134.004 398
-62.2022 134.004 398
-62.8807 134.004 398
-63.5592 134.004 398
-64.2377 134.004 398
-65.0793 134.341 399
-65.7595 134.341 399
-66.4397 134.341 399
-67.1199 134.341 399
-67.8001 134.341 399
-68.4803 134.341 399
-69.1605 134.341 399
-69.8407 134.341 399
-70.6976 134.678 400
-71.3795 134.678 400
-72.0614 134.678 400
-72.7433 134.678 400
-73.6088 135.014 401
-74.2924 135.014 401
-74.976 135.014 401
-75.8483 135.351 402
-76.7239 135.688 403
-77.411 135.688 403
-78.098 135.688 403
-78.9805 136.025 404
-79.8664 136.361 405
-80.5568 136.361 405
-81.2472 136.361 405
-82.14 136.698 406
-83.0361 137.035 407
-83.73 137.035 407
-84.4238 137.035 407
-85.745 138.045 410
-86.444 138.045 410
-87.3555 138.381 411
-88.2704 138.718 412
-89.1887 139.055 413
-89.8927 139.055 413
-90.8162 139.391 414
-92.1851 140.402 417
-92.896 140.402 417
-93.8314 140.738 418
-94.7701 141.075 419
-96.1681 142.085 422
-96.8875 142.085 422
-98.0695 142.758 424
-99.2583 143.432 426
-99.9845 143.432 426
-100.947 143.769 427
-101.913 144.105 428
-102.883 144.442 429
-103.614 144.442 429
-104.589 144.779 430
-105.567 145.115 431
-106.301 145.115 431
-107.036 145.115 431
-108.021 145.452 432
-109.009 145.789 433
-109.747 145.789 433
-110.485 145.789 433
-111.48 146.125 434
-112.479 146.462 435
-113.22 146.462 435
-114.224 146.799 436
-115.231 147.135 437
-116.507 147.809 439
-117.255 147.809 439
-118.272 148.146 440
-119.022 148.146 440
-120.045 148.482 441
-120.796 148.482 441
-121.824 148.819 442
-123.687 150.166 446
-124.447 150.166 446
-125.769 150.839 448
-126.532 150.839 448
-127.58 151.176 449
-128.346 151.176 449
-129.111 151.176 449
-835.023 779.111 2314
-838.967 779.111 2314
-842.912 779.111 2314
-846.857 779.111 2314
-843.816 772.714 2295
-847.728 772.714 2295
-846.817 768.337 2282
-854.435 771.704 2292
-858.342 771.704 2292
-862.249 771.704 2292
-866.157 771.704 2292
-866.268 768.337 2282
-860.625 759.919 2257
-864.473 759.919 2257
-862.549 754.869 2242
-866.372 754.869 2242
-869.029 753.859 2239
-872.846 753.859 2239
-866.483 745.105 2213
-865.537 741.064 2201
-868.104 740.054 2198
-871.851 740.054 2198
-875.598 740.054 2198
-879.345 740.054 2198
-880.681 738.034 2192
-884.418 738.034 2192
-886.94 737.024 2189
-890.671 737.024 2189
-894.403 737.024 2189
-898.135 737.024 2189
-901.866 737.024 2189
-903.529 735.341 2184
-903.514 732.31 2175
-907.222 732.31 2175
-907.579 729.617 2167
-910.012 728.607 2164
-913.701 728.607 2164
-917.39 728.607 2164
-918.525 726.587 2158
-920.067 724.903 2153
-923.737 724.903 2153
-927.408 724.903 2153
-929.781 723.893 2150
-932.143 722.883 2147
-934.496 721.873 2144
-938.151 721.873 2144
-940.927 721.199 2142
-943.256 720.189 2139
-945.574 719.179 2136
-949.216 719.179 2136
-951.519 718.169 2133
-955.155 718.169 2133
-957.892 717.496 2131
-961.525 717.496 2131
-963.799 716.486 2128
-967.427 716.486 2128
-969.686 715.476 2125
-973.308 715.476 2125
-976.931 715.476 2125
-980.553 715.476 2125
-984.176 715.476 2125
-987.799 715.476 2125
-990.021 714.466 2122
-993.639 714.466 2122
-994.907 712.782 2117
-998.516 712.782 2117
-1000.7 711.772 2114
-1001.93 710.089 2109
-1004.1 709.078 2106
-1007.69 709.078 2106
-1007.44 706.385 2098
-1011.01 706.385 2098
-1012.17 704.701 2093
-1015.74 704.701 2093
-1016.87 703.018 2088
-1018.97 702.008 2085
-1021.54 701.334 2083
-1025.09 701.334 2083
-1022.22 696.957 2070
-1019.31 692.58 2057
-1018.84 689.887 2049
-1022.33 689.887 2049
-1020.82 686.52 2039
-1020.78 684.163 2032
-1021.72 682.48 2027
-1025.18 682.48 2027
-1026.09 680.796 2022
-1028.52 680.123 2020
-1031.97 680.123 2020
-1035.41 680.123 2020
-1036.28 678.439 2015
1274.76 1366.42 4079
1267.81 1366.42 4079
1260.86 1366.42 4079
1247.75 1359.72 4059
1250.01 1369.77 4089
1243.03 1369.77 4089
1236.06 1369.77 4089
1026.94 1369.77 4089
1019.97 1369.77 4089
1013 1369.77 4089
1006.03 1369.77 4089
996.617 1366.42 4079
992.089 1369.77 4089
985.119 1369.77 4089
978.148 1369.77 4089
971.177 1369.77 4089
964.206 1369.77 4089
957.236 1369.77 4089
950.265 1369.77 4089
831.763 1369.77 4089
824.792 1369.77 4089
817.821 1369.77 4089
808.868 1366.42 4079
801.914 1366.42 4079
794.96 1366.42 4079
782.211 1356.37 4049
771.67 1350 4030
757.399 1336.94 3991
750.595 1336.94 3991
738.573 1327.56 3963
729.971 1324.21 3953
721.585 1321.19 3944
714.862 1321.19 3944
708.138 1321.19 3944
696.435 1311.81 3916
688.174 1308.8 3907
681.514 1308.8 3907
673.299 1305.78 3898
666.654 1305.78 3898
661.532 1308.8 3907
661.074 1321.19 3944
654.35 1321.19 3944
653.866 1333.92 3982
651.628 1343.3 4010
646.4 1346.65 4020
639.547 1346.65 4020
632.694 1346.65 4020
628.799 1353.02 4039
621.913 1353.02 4039
615.028 1353.02 4039
608.142 1353.02 4039
601.257 1353.02 4039
594.371 1353.02 4039
587.486 1353.02 4039
580.6 1353.02 4039
573.715 1353.02 4039
566.829 1353.02 4039
559.944 1353.02 4039
553.059 1353.02 4039
542.252 1343.3 4010
535.416 1343.3 4010
527.393 1340.29 4001
516.799 1330.57 3972
506.433 1321.19 3944
499.709 1321.19 3944
486.111 1302.77 3889
471.714 1281.67 3826
463.124 1275.97 3809
456.631 1275.97 3809
449.074 1272.96 3800
441.664 1270.28 3792
435.2 1270.28 3792
428.735 1270.28 3792
421.269 1267.26 3783
414.82 1267.26 3783
407.399 1264.25 3774
400.965 1264.25 3774
392.754 1258.55 3757
383.779 1250.18 3732
376.608 1247.5 3724
370.259 1247.5 3724
361.468 1239.12 3699
-33.5679 138.35 413
-34.2719 138.35 413
-34.976 138.35 413
-35.5937 138.015 412
-36.296 138.015 412
-36.9984 138.015 412
-37.4262 137.01 409
-38.0302 136.675 408
-38.7258 136.675 408
-39.3247 136.34 407
-39.9202 136.005 406
-40.5123 135.67 405
-41.2027 135.67 405
-41.8931 135.67 405
-42.4784 135.335 404
-43.1671 135.335 404
-43.7473 135 403
-44.4343 135 403
-45.0094 134.665 402
-45.581 134.33 401
-46.2646 134.33 401
-46.9482 134.33 401
-47.6318 134.33 401
-48.3154 134.33 401
-48.999 134.33 401
-49.6826 134.33 401
-50.2406 133.995 400
-50.9225 133.995 400
-51.6044 133.995 400
-52.2863 133.995 400
-52.9682 133.995 400
-53.6501 133.995 400
-54.332 133.995 400
-55.0139 133.995 400
-55.5566 133.66 399
-56.2368 133.66 399
-56.917 133.66 399
-57.5972 133.66 399
-58.2774 133.66 399
-58.9576 133.66 399
-59.4883 133.325 398
-60.1668 133.325 398
-60.8453 133.325 398
-61.5238 133.325 398
-62.2022 133.325 398
-62.8807 133.325 398
-63.5592 133.325 398
-64.2377 133.325 398
-65.0793 133.66 399
-65.7595 133.66 399
-66.4397 133.66 399
-67.1199 133.66 399
-67.8001 133.66 399
-68.4803 133.66 399
-69.1605 133.66 399
-69.8407 133.66 399
-70.6976 133.995 400
-71.3795 133.995 400
-72.0614 133.995 400
-72.7433 133.995 400
-73.6088 134.33 401
-74.4776 134.665 402
-75.1629 134.665 402
-75.8483 134.665 402
-76.7239 135 403
-77.411 135 403
-78.098 135 403
-78.9805 135.335 404
-79.8664 135.67 405
-80.5568 135.67 405
-81.2472 135.67 405
-82.14 136.005 406
-83.0361 136.34 407
-83.73 136.34 407
-84.4238 136.34 407
-85.745 137.345 410
-86.444 137.345 410
-87.3555 137.68 411
-88.2704 138.015 412
-89.1887 138.35 413
-89.8927 138.35 413
-90.8162 138.685 414
-92.1851 139.69 417
-92.896 139.69 417
-93.8314 140.025 418
-94.7701 140.36 419
-96.1681 141.365 422
-96.8875 141.365 422
-98.5321 142.705 426
-99.4913 143.04 427
-100.219 143.04 427
-101.184 143.375 428
-102.151 143.71 429
-103.122 144.045 430
-103.856 144.045 430
-104.589 144.045 430
-105.567 144.38 431
-106.548 144.715 432
-107.284 144.715 432
-108.021 144.715 432
-109.009 145.05 433
-109.747 145.05 433
-110.485 145.05 433
-111.737 145.72 435
-112.737 146.055 436
-113.481 146.055 436
-114.486 146.39 437
-115.495 146.725 438
-116.507 147.06 439
-117.255 147.06 439
-118.272 147.395 440
-119.293 147.73 441
-120.045 147.73 441
-121.07 148.065 442
-122.926 149.405 446
-124.241 150.075 448
-125.005 150.075 448
-125.769 150.075 448
-127.097 150.745 450
-127.864 150.745 450
-128.632 150.745 450
-129.399 150.745 450
-130.166 150.745 450
-835.023 775.163 2314
-838.967 775.163 2314
-842.912 775.163 2314
-846.857 775.163 2314
-843.816 768.798 2295
-847.728 768.798 2295
-846.817 764.443 2282
-854.435 767.793 2292
-858.342 767.793 2292
-862.249 767.793 2292
-866.157 767.793 2292
-866.268 764.443 2282
-860.625 756.069 2257
-864.473 756.069 2257
-862.549 751.044 2242
-866.372 751.044 2242
-869.029 750.039 2239
-872.846 750.039 2239
-861.784 737.309 2201
-864.357 736.304 2198
-866.919 735.299 2195
-870.661 735.299 2195
-873.208 734.294 2192
-876.945 734.294 2192
-880.681 734.294 2192
-884.418 734.294 2192
-886.94 733.289 2189
-890.671 733.289 2189
-894.403 733.289 2189
-898.135 733.289 2189
-901.866 733.289 2189
-903.529 731.614 2184
-903.514 728.6 2175
-907.222 728.6 2175
-907.579 725.92 2167
-910.012 724.915 2164
-913.701 724.915 2164
-917.39 724.915 2164
-918.525 722.905 2158
-920.067 721.23 2153
-923.737 721.23 2153
-927.408 721.23 2153
-929.781 720.225 2150
-932.143 719.22 2147
-934.496 718.215 2144
-938.151 718.215 2144
-940.927 717.545 2142
-943.256 716.54 2139
-944.246 714.53 2133
-947.883 714.53 2133
-950.627 713.86 2131
-952.916 712.855 2128
-955.195 711.85 2125
-958.818 711.85 2125
-962.44 711.85 2125
-964.699 710.845 2122
-967.404 710.175 2120
-971.018 710.175 2120
-974.632 710.175 2120
-978.246 710.175 2120
-981.86 710.175 2120
-985.474 710.175 2120
-987.689 709.17 2117
-991.298 709.17 2117
-993.497 708.165 2114
-997.101 708.165 2114
-999.758 707.495 2112
-1000.51 705.485 2106
-1003.14 704.815 2104
-1006.73 704.815 2104
-1006.48 702.135 2096
-1008.6 701.131 2093
-1012.17 701.131 2093
-1015.74 701.131 2093
-1018.33 700.461 2091
-1018.97 698.451 2085
-1022.52 698.451 2085
-1026.08 698.451 2085
-1024.69 695.101 2075
-1021.79 690.746 2062
-1020.33 687.396 2052
-1023.83 687.396 2052
-1020.82 683.041 2039
-1020.78 680.696 2032
-1021.72 679.021 2027
-1025.18 679.021 2027
-1026.09 677.346 2022
-1029.54 677.346 2022
-1031.97 676.676 2020
-1035.41 676.676 2020
-1037.31 675.671 2017
1274.76 1359.46 4079
1267.81 1359.46 4079
1260.86 1359.46 4079
1253.9 1359.46 4079
1250.01 1362.79 4089
1243.03 1362.79 4089
1236.06 1362.79 4089
1019.97 1362.79 4089
1013 1362.79 4089
1006.03 1362.79 4089
996.617 1359.46 4079
992.089 1362.79 4089
985.119 1362.79 4089
978.148 1362.79 4089
971.177 1362.79 4089
964.206 1362.79 4089
957.236 1362.79 4089
950.265 1362.79 4089
831.763 1362.79 4089
824.792 1362.79 4089
817.821 1362.79 4089
808.868 1359.46 4079
801.914 1359.46 4079
794.96 1359.46 4079
788.007 1359.46 4079
775.309 1349.46 4049
764.8 1343.13 4030
757.93 1343.13 4030
745.655 1333.46 4001
736.988 1330.13 3991
726.708 1323.8 3972
719.937 1323.8 3972
713.166 1323.8 3972
703.015 1317.46 3953
696.277 1317.46 3953
689.538 1317.46 3953
679.69 1311.47 3935
672.982 1311.47 3935
667.797 1314.46 3944
665.767 1323.8 3972
658.996 1323.8 3972
660.106 1339.79 4020
653.253 1339.79 4020
651.063 1349.46 4049
644.161 1349.46 4049
637.258 1349.46 4049
631.912 1352.79 4059
624.993 1352.79 4059
618.073 1352.79 4059
611.154 1352.79 4059
602.745 1349.46 4049
595.843 1349.46 4049
588.94 1349.46 4049
580.6 1346.13 4039
573.715 1346.13 4039
568.233 1349.46 4049
561.33 1349.46 4049
554.428 1349.46 4049
546.173 1346.13 4039
539.288 1346.13 4039
528.579 1336.46 4010
519.271 1330.13 3991
506.433 1314.46 3944
499.709 1314.46 3944
486.111 1296.13 3889
478.371 1293.14 3880
463.124 1269.47 3809
456.631 1269.47 3809
449.074 1266.47 3800
441.664 1263.81 3792
435.2 1263.81 3792
428.735 1263.81 3792
421.269 1260.81 3783
414.82 1260.81 3783
407.399 1257.81 3774
400.965 1257.81 3774
392.754 1252.14 3757
383.779 1243.81 3732
374.079 1232.81 3699
367.773 1232.81 3699
-33.4866 137.312 412
-34.189 137.312 412
-34.8913 137.312 412
-35.5937 137.312 412
-36.296 137.312 412
-36.9984 137.312 412
-37.4262 136.312 409
-37.937 135.646 407
-38.6309 135.646 407
-39.2281 135.313 406
-39.9202 135.313 406
-40.5123 134.979 405
-41.2027 134.979 405
-41.8931 134.979 405
-42.4784 134.646 404
-43.1671 134.646 404
-43.8559 134.646 404
-44.4343 134.313 403
-45.0094 133.979 402
-45.6947 133.979 402
-46.2646 133.646 401
-46.9482 133.646 401
-47.6318 133.646 401
-48.3154 133.646 401
-48.999 133.646 401
-49.6826 133.646 401
-50.3662 133.646 401
-50.9225 133.313 400
-51.6044 133.313 400
-52.2863 133.313 400
-52.9682 133.313 400
-53.6501 133.313 400
-54.332 133.313 400
-55.0139 133.313 400
-55.5566 132.98 399
-56.2368 132.98 399
-56.917 132.98 399
-57.5972 132.98 399
-58.2774 132.98 399
-58.9576 132.98 399
-59.6378 132.98 399
-60.318 132.98 399
-60.8453 132.646 398
-61.6783 132.98 399
-62.3585 132.98 399
-63.0387 132.98 399
-63.7189 132.98 399
-64.2377 132.646 398
-65.0793 132.98 399
-65.7595 132.98 399
-66.4397 132.98 399
-67.1199 132.98 399
-67.8001 132.98 399
-68.4803 132.98 399
-69.1605 132.98 399
-69.8407 132.98 399
-70.6976 133.313 400
-71.3795 133.313 400
-72.0614 133.313 400
-72.7433 133.313 400
-73.6088 133.646 401
-74.4776 133.979 402
-75.1629 133.979 402
-76.0369 134.313 403
-76.7239 134.313 403
-77.411 134.313 403
-78.2918 134.646 404
-78.9805 134.646 404
-79.8664 134.979 405
-80.5568 134.979 405
-81.4479 135.313 406
-82.14 135.313 406
-83.0361 135.646 407
-83.73 135.646 407
-84.6312 135.979 408
-85.745 136.646 410
-86.444 136.646 410
-87.3555 136.979 411
-88.2704 137.312 412
-89.1887 137.646 413
-89.8927 137.646 413
-90.8162 137.979 414
-92.1851 138.979 417
-92.896 138.979 417
-93.8314 139.312 418
-94.7701 139.645 419
-96.6239 141.312 424
-97.3467 141.312 424
-98.5321 141.978 426
-99.4913 142.312 427
-100.219 142.312 427
-101.184 142.645 428
-102.151 142.978 429
-103.122 143.311 430
-103.856 143.311 430
-104.589 143.311 430
-105.567 143.645 431
-106.548 143.978 432
-107.284 143.978 432
-108.021 143.978 432
-109.009 144.311 433
-109.747 144.311 433
-110.485 144.311 433
-111.737 144.978 435
-112.737 145.311 436
-113.481 145.311 436
-114.486 145.644 437
-115.495 145.978 438
-116.507 146.311 439
-117.255 146.311 439
-118.272 146.644 440
-119.293 146.977 441
-120.045 146.977 441
-121.618 147.977 444
-123.477 149.31 448
-124.241 149.31 448
-125.563 149.977 450
-126.33 149.977 450
-127.097 149.977 450
-127.864 149.977 450
-128.632 149.977 450
-129.399 149.977 450
-130.166 149.977 450
-835.023 771.215 2314
-838.967 771.215 2314
-842.912 771.215 2314
-846.857 771.215 2314
-843.816 764.883 2295
-847.728 764.883 2295
-846.817 760.55 2282
-854.435 763.883 2292
-858.342 763.883 2292
-862.249 763.883 2292
-866.157 763.883 2292
-866.268 760.55 2282
-860.625 752.218 2257
-864.473 752.218 2257
-862.549 747.219 2242
-866.372 747.219 2242
-869.029 746.219 2239
-872.846 746.219 2239
-861.784 733.554 2201
-861.997 730.555 2192
-864.549 729.555 2189
-868.281 729.555 2189
-872.013 729.555 2189
-875.744 729.555 2189
-877.467 727.888 2184
-881.19 727.888 2184
-883.698 726.888 2181
-887.416 726.888 2181
-891.134 726.888 2181
-894.852 726.888 2181
-898.57 726.888 2181
-899.806 724.889 2175
-900.191 722.223 2167
-903.885 722.223 2167
-906.323 721.223 2164
-907.488 719.223 2158
-909.901 718.223 2155
-913.574 718.223 2155
-916.397 717.557 2153
-920.067 717.557 2153
-921.163 715.557 2147
-924.823 715.557 2147
-928.483 715.557 2147
-930.841 714.557 2144
-933.624 713.891 2142
-937.276 713.891 2142
-939.61 712.891 2139
-941.933 711.891 2136
-944.246 710.891 2133
-947.883 710.891 2133
-950.627 710.224 2131
-952.916 709.224 2128
-955.195 708.225 2125
-958.818 708.225 2125
-962.44 708.225 2125
-964.699 707.225 2122
-967.404 706.558 2120
-971.018 706.558 2120
-974.632 706.558 2120
-978.246 706.558 2120
-981.86 706.558 2120
-985.474 706.558 2120
-987.689 705.558 2117
-991.298 705.558 2117
-993.497 704.559 2114
-997.101 704.559 2114
-999.758 703.892 2112
-1000.51 701.892 2106
-1003.14 701.226 2104
-1006.73 701.226 2104
-1006.48 698.56 2096
-1008.6 697.56 2093
-1012.17 697.56 2093
-1015.74 697.56 2093
-1018.33 696.893 2091
-1020.43 695.893 2088
-1022.52 694.893 2085
-1026.08 694.893 2085
-1024.69 691.561 2075
-1023.27 688.228 2065
-1021.82 684.895 2055
-1025.32 684.895 2055
-1022.32 680.562 2042
-1020.78 677.229 2032
-1024.24 677.229 2032
-1027.71 677.229 2032
-1027.62 674.896 2025
-1029.54 673.897 2022
-1032.99 673.897 2022
-1036.44 673.897 2022
-1037.31 672.23 2017
1274.76 1352.5 4079
1267.81 1352.5 4079
1260.86 1352.5 4079
1253.9 1352.5 4079
1250.01 1355.81 4089
1243.03 1355.81 4089
1236.06 1355.81 4089
1019.97 1355.81 4089
1013 1355.81 4089
1006.03 1355.81 4089
999.06 1355.81 4089
992.089 1355.81 4089
985.119 1355.81 4089
978.148 1355.81 4089
971.177 1355.81 4089
964.206 1355.81 4089
808.868 1352.5 4079
801.914 1352.5 4079
794.96 1352.5 4079
788.007 1352.5 4079
781.053 1352.5 4079
768.406 1342.55 4049
761.504 1342.55 4049
751.06 1336.25 4030
740.497 1329.62 4010
732.014 1326.64 4001
725.193 1326.64 4001
716.577 1323.32 3991
708.173 1320.34 3982
698.038 1314.04 3963
691.282 1314.04 3963
682.799 1310.72 3953
674.521 1307.74 3944
672.538 1317.02 3972
668.952 1323.32 3991
662.148 1323.32 3991
660.106 1332.94 4020
657.966 1342.55 4049
651.063 1342.55 4049
644.161 1342.55 4049
637.258 1342.55 4049
631.912 1345.87 4059
624.993 1345.87 4059
618.073 1345.87 4059
611.154 1345.87 4059
604.234 1345.87 4059
597.315 1345.87 4059
588.94 1342.55 4049
580.6 1339.24 4039
575.135 1342.55 4049
568.233 1342.55 4049
561.33 1342.55 4049
554.428 1342.55 4049
546.173 1339.24 4039
539.288 1339.24 4039
529.898 1332.94 4020
519.271 1323.32 3991
507.588 1310.72 3953
500.849 1310.72 3953
487.236 1292.48 3898
478.371 1286.52 3880
463.124 1262.97 3809
456.631 1262.97 3809
449.074 1259.99 3800
441.664 1257.34 3792
435.2 1257.34 3792
428.735 1257.34 3792
421.269 1254.35 3783
414.82 1254.35 3783
407.399 1251.37 3774
400.965 1251.37 3774
392.754 1245.73 3757
383.779 1237.44 3732
-33.4866 136.609 412
-34.189 136.609 412
-34.8913 136.609 412
-35.5937 136.609 412
-36.296 136.609 412
-36.9086 136.278 411
-37.4262 135.615 409
-37.937 134.951 407
-38.6309 134.951 407
-39.2281 134.62 406
-39.9202 134.62 406
-40.5123 134.288 405
-41.2027 134.288 405
-41.8931 134.288 405
-42.4784 133.957 404
-43.1671 133.957 404
-43.8559 133.957 404
-44.4343 133.625 403
-45.0094 133.294 402
-45.6947 133.294 402
-46.2646 132.962 401
-46.9482 132.962 401
-47.6318 132.962 401
-48.3154 132.962 401
-48.999 132.962 401
-49.6826 132.962 401
-50.3662 132.962 401
-50.9225 132.63 400
-51.6044 132.63 400
-52.2863 132.63 400
-52.9682 132.63 400
-53.6501 132.63 400
-54.332 132.63 400
-55.0139 132.63 400
-55.5566 132.299 399
-56.2368 132.299 399
-56.917 132.299 399
-57.5972 132.299 399
-58.2774 132.299 399
-58.9576 132.299 399
-59.6378 132.299 399
-60.318 132.299 399
-60.9981 132.299 399
-61.6783 132.299 399
-62.3585 132.299 399
-63.0387 132.299 399
-63.7189 132.299 399
-64.3991 132.299 399
-65.0793 132.299 399
-65.7595 132.299 399
-66.4397 132.299 399
-67.1199 132.299 399
-67.8001 132.299 399
-68.4803 132.299 399
-69.1605 132.299 399
-70.0157 132.63 400
-70.6976 132.63 400
-71.3795 132.63 400
-72.0614 132.63 400
-72.7433 132.63 400
-73.6088 132.962 401
-74.4776 133.294 402
-75.1629 133.294 402
-76.0369 133.625 403
-76.7239 133.625 403
-77.411 133.625 403
-78.2918 133.957 404
-78.9805 133.957 404
-79.8664 134.288 405
-80.5568 134.288 405
-81.4479 134.62 406
-82.3423 134.951 407
-83.0361 134.951 407
-83.73 134.951 407
-84.8387 135.615 409
-85.9542 136.278 411
-86.6548 136.278 411
-87.568 136.609 412
-88.2704 136.609 412
-89.1887 136.941 413
-89.8927 136.941 413
-90.8162 137.273 414
-92.1851 138.267 417
-92.896 138.267 417
-93.8314 138.599 418
-94.9963 139.262 420
-96.6239 140.588 424
-97.5763 140.92 425
-98.5321 141.251 426
-99.7243 141.915 428
-100.454 141.915 428
-101.42 142.246 429
-102.389 142.578 430
-103.122 142.578 430
-103.856 142.578 430
-104.832 142.909 431
-105.811 143.241 432
-106.548 143.241 432
-107.284 143.241 432
-108.271 143.572 433
-109.009 143.572 433
-109.747 143.572 433
-110.74 143.904 434
-111.737 144.236 435
-112.737 144.567 436
-113.481 144.567 436
-114.486 144.899 437
-115.495 145.23 438
-116.772 145.893 440
-117.522 145.893 440
-118.541 146.225 441
-119.834 146.888 443
-120.589 146.888 443
-121.618 147.22 444
-123.477 148.546 448
-124.241 148.546 448
-125.563 149.209 450
-126.33 149.209 450
-127.097 149.209 450
-127.864 149.209 450
-128.632 149.209 450
-129.399 149.209 450
-130.166 149.209 450
-835.023 767.267 2314
-838.967 767.267 2314
-842.912 767.267 2314
-841.001 761.962 2298
-842.713 759.972 2292
-846.62 759.972 2292
-842.364 752.678 2270
-848.47 754.667 2276
-855.721 757.651 2285
-859.616 757.651 2285
-863.511 757.651 2285
-861.712 752.678 2270
-856.049 744.388 2245
-859.877 744.388 2245
-862.549 743.394 2242
-866.372 743.394 2242
-864.372 738.42 2227
-868.168 738.42 2227
-859.435 727.81 2195
-859.638 724.825 2186
-862.575 724.162 2184
-866.298 724.162 2184
-870.021 724.162 2184
-873.744 724.162 2184
-876.262 723.167 2181
-879.98 723.167 2181
-882.482 722.173 2178
-886.195 722.173 2178
-889.908 722.173 2178
-893.621 722.173 2178
-896.098 721.178 2175
-896.496 718.525 2167
-898.944 717.531 2164
-902.633 717.531 2164
-903.81 715.541 2158
-906.227 714.547 2155
-909.056 713.883 2153
-912.727 713.883 2153
-916.397 713.883 2153
-917.503 711.894 2147
-921.163 711.894 2147
-924.823 711.894 2147
-927.186 710.899 2144
-929.973 710.236 2142
-932.317 709.241 2139
-935.963 709.241 2139
-938.292 708.247 2136
-940.61 707.252 2133
-943.361 706.589 2131
-946.994 706.589 2131
-949.288 705.594 2128
-951.573 704.599 2125
-955.195 704.599 2125
-958.818 704.599 2125
-960.176 702.941 2120
-963.79 702.941 2120
-966.035 701.947 2117
-969.644 701.947 2117
-973.253 701.947 2117
-975.478 700.952 2114
-979.081 700.952 2114
-982.685 700.952 2114
-986.289 700.952 2114
-988.956 700.289 2112
-992.557 700.289 2112
-996.157 700.289 2112
-996.918 698.299 2106
-999.558 697.636 2104
-1003.14 697.636 2104
-1006.73 697.636 2104
-1005.04 693.989 2093
-1008.6 693.989 2093
-1011.2 693.326 2091
-1014.77 693.326 2091
-1018.33 693.326 2091
-1020.43 692.331 2088
-1022.52 691.336 2085
-1026.08 691.336 2085
-1024.69 688.02 2075
-1023.27 684.705 2065
-1021.82 681.389 2055
-1025.32 681.389 2055
-1022.32 677.078 2042
-1020.78 673.763 2032
-1024.24 673.763 2032
-1027.71 673.763 2032
-1027.62 671.442 2025
-1029.54 670.447 2022
-1032.99 670.447 2022
-1036.44 670.447 2022
-1037.31 668.789 2017
1274.76 1345.54 4079
1267.81 1345.54 4079
1260.86 1345.54 4079
1253.9 1345.54 4079
1250.01 1348.84 4089
1243.03 1348.84 4089
1236.06 1348.84 4089
1006.03 1348.84 4089
999.06 1348.84 4089
992.089 1348.84 4089
985.119 1348.84 4089
801.914 1345.54 4079
794.96 1345.54 4079
788.007 1345.54 4079
781.053 1345.54 4079
768.406 1335.64 4049
761.504 1335.64 4049
751.06 1329.38 4030
740.497 1322.78 4010
732.014 1319.81 4001
725.193 1319.81 4001
716.577 1316.51 3991
708.173 1313.54 3982
698.038 1307.27 3963
691.282 1307.27 3963
682.799 1303.98 3953
674.521 1301.01 3944
672.538 1310.24 3972
668.952 1316.51 3991
662.148 1316.51 3991
660.106 1326.08 4020
657.966 1335.64 4049
651.063 1335.64 4049
644.161 1335.64 4049
637.258 1335.64 4049
631.912 1338.94 4059
624.993 1338.94 4059
618.073 1338.94 4059
611.154 1338.94 4059
604.234 1338.94 4059
597.315 1338.94 4059
588.94 1335.64 4049
580.6 1332.34 4039
575.135 1335.64 4049
568.233 1335.64 4049
561.33 1335.64 4049
554.428 1335.64 4049
546.173 1332.34 4039
539.288 1332.34 4039
529.898 1326.08 4020
519.271 1316.51 3991
508.872 1307.27 3963
502.116 1307.27 3963
488.361 1288.8 3907
478.371 1279.9 3880
464.219 1259.44 3818
457.71 1259.44 3818
449.074 1253.51 3800
441.664 1250.87 3792
435.2 1250.87 3792
428.735 1250.87 3792
421.269 1247.9 3783
412.955 1242.29 3766
406.535 1242.29 3766
400.115 1242.29 3766
391.918 1236.68 3749
383.779 1231.07 3732
-33.4866 135.906 412
-34.189 135.906 412
-34.8913 135.906 412
-35.5073 135.577 411
-36.2079 135.577 411
-36.729 134.917 409
-37.3347 134.587 408
-37.937 134.257 407
-38.6309 134.257 407
-39.2281 133.927 406
-39.9202 133.927 406
-40.5123 133.597 405
-41.2027 133.597 405
-41.8931 133.597 405
-42.5836 133.597 405
-43.1671 133.267 404
-43.8559 133.267 404
-44.5446 133.267 404
-45.1213 132.938 403
-45.6947 132.608 402
-46.38 132.608 402
-47.0653 132.608 402
-47.6318 132.278 401
-48.3154 132.278 401
-48.999 132.278 401
-49.6826 132.278 401
-50.3662 132.278 401
-50.9225 131.948 400
-51.6044 131.948 400
-52.2863 131.948 400
-52.9682 131.948 400
-53.6501 131.948 400
-54.332 131.948 400
-55.0139 131.948 400
-55.5566 131.618 399
-56.2368 131.618 399
-56.917 131.618 399
-57.5972 131.618 399
-58.2774 131.618 399
-58.9576 131.618 399
-59.6378 131.618 399
-60.318 131.618 399
-60.9981 131.618 399
-61.6783 131.618 399
-62.3585 131.618 399
-63.0387 131.618 399
-63.7189 131.618 399
-64.3991 131.618 399
-65.0793 131.618 399
-65.7595 131.618 399
-66.4397 131.618 399
-67.1199 131.618 399
-67.8001 131.618 399
-68.4803 131.618 399
-69.1605 131.618 399
-70.0157 131.948 400
-70.6976 131.948 400
-71.3795 131.948 400
-72.0614 131.948 400
-72.7433 131.948 400
-73.6088 132.278 401
-74.2924 132.278 401
-75.1629 132.608 402
-76.0369 132.938 403
-76.9143 133.267 404
-77.6031 133.267 404
-78.2918 133.267 404
-79.176 133.597 405
-79.8664 133.597 405
-80.5568 133.597 405
-81.4479 133.927 406
-82.3423 134.257 407
-83.2402 134.587 408
-83.9357 134.587 408
-85.0461 135.247 410
-86.1633 135.906 412
-86.8657 135.906 412
-87.568 135.906 412
-88.4846 136.236 413
-89.4046 136.566 414
-90.1104 136.566 414
-91.4743 137.556 417
-92.4062 137.886 418
-93.1188 137.886 418
-94.0558 138.216 419
-96.1272 140.195 425
-96.8517 140.195 425
-97.8059 140.525 426
-98.7634 140.854 427
-99.9573 141.514 429
-100.689 141.514 429
-101.656 141.844 430
-102.628 142.174 431
-103.362 142.174 431
-104.097 142.174 431
-105.075 142.504 432
-105.811 142.504 432
-106.548 142.504 432
-107.284 142.504 432
-108.271 142.834 433
-109.261 143.164 434
-110.001 143.164 434
-110.74 143.164 434
-111.737 143.493 435
-112.996 144.153 437
-113.741 144.153 437
-114.748 144.483 438
-115.495 144.483 438
-116.772 145.143 440
-117.522 145.143 440
-119.079 146.132 443
-120.375 146.792 445
-121.133 146.792 445
-122.44 147.452 447
-124.029 148.441 450
-124.796 148.441 450
-126.121 149.101 452
-126.892 149.101 452
-127.662 149.101 452
-128.433 149.101 452
-129.203 149.101 452
-129.974 149.101 452
-130.744 149.101 452
-835.023 763.319 2314
-838.967 763.319 2314
-842.912 763.319 2314
-841.001 758.041 2298
-842.713 756.062 2292
-846.62 756.062 2292
-844.59 750.784 2276
-852.944 754.743 2288
-856.844 754.743 2288
-860.744 754.743 2288
-863.511 753.753 2285
-861.712 748.805 2270
-856.049 740.558 2245
-859.877 740.558 2245
-862.549 739.569 2242
-866.372 739.569 2242
-864.372 734.62 2227
-868.168 734.62 2227
-859.435 724.065 2195
-859.638 721.096 2186
-862.575 720.436 2184
-866.298 720.436 2184
-870.021 720.436 2184
-873.744 720.436 2184
-873.851 717.467 2175
-877.559 717.467 2175
-881.267 717.467 2175
-884.975 717.467 2175
-888.683 717.467 2175
-892.39 717.467 2175
-896.098 717.467 2175
-896.496 714.828 2167
-897.698 712.849 2161
-901.382 712.849 2161
-903.81 711.859 2158
-906.227 710.87 2155
-909.056 710.21 2153
-912.727 710.21 2153
-915.12 709.221 2150
-917.503 708.231 2147
-919.876 707.241 2144
-923.531 707.241 2144
-926.321 706.582 2142
-928.67 705.592 2139
-931.009 704.602 2136
-934.65 704.602 2136
-936.974 703.613 2133
-939.728 702.953 2131
-942.033 701.963 2128
-945.661 701.963 2128
-947.95 700.974 2125
-950.229 699.984 2122
-952.948 699.324 2120
-956.562 699.324 2120
-960.176 699.324 2120
-962.426 698.335 2117
-964.666 697.345 2114
-968.27 697.345 2114
-971.874 697.345 2114
-975.478 697.345 2114
-979.081 697.345 2114
-982.685 697.345 2114
-985.356 696.685 2112
-988.956 696.685 2112
-992.557 696.685 2112
-996.157 696.685 2112
-996.918 694.706 2106
-999.558 694.047 2104
-1001.71 693.057 2101
-1005.3 693.057 2101
-1005.04 690.418 2093
-1008.6 690.418 2093
-1011.2 689.758 2091
-1014.77 689.758 2091
-1018.33 689.758 2091
-1020.43 688.769 2088
-1022.52 687.779 2085
-1026.08 687.779 2085
-1024.69 684.48 2075
-1023.27 681.182 2065
-1021.82 677.883 2055
-1025.32 677.883 2055
-1022.32 673.595 2042
-1020.78 670.296 2032
-1024.24 670.296 2032
-1027.71 670.296 2032
-1027.62 667.987 2025
-1029.54 666.997 2022
-1032.99 666.997 2022
-1036.44 666.997 2022
-1037.31 665.348 2017
1274.76 1338.58 4079
1267.81 1338.58 4079
1260.86 1338.58 4079
1253.9 1338.58 4079
1006.03 1341.86 4089
999.06 1341.86 4089
992.089 1341.86 4089
985.119 1341.86 4089
794.96 1338.58 4079
788.007 1338.58 4079
781.053 1338.58 4079
774.099 1338.58 4079
767.146 1338.58 4079
754.601 1328.74 4049
745.852 1325.45 4039
735.49 1319.22 4020
728.637 1319.22 4020
719.989 1315.94 4010
711.552 1312.98 4001
701.385 1306.75 3982
694.596 1306.75 3982
687.808 1306.75 3982
676.06 1297.23 3953
672.538 1303.47 3972
670.628 1312.98 4001
663.807 1312.98 4001
660.106 1319.22 4020
657.966 1328.74 4049
651.063 1328.74 4049
644.161 1328.74 4049
637.258 1328.74 4049
631.912 1332.02 4059
624.993 1332.02 4059
618.073 1332.02 4059
611.154 1332.02 4059
604.234 1332.02 4059
597.315 1332.02 4059
588.94 1328.74 4049
580.6 1325.45 4039
575.135 1328.74 4049
568.233 1328.74 4049
561.33 1328.74 4049
554.428 1328.74 4049
546.173 1325.45 4039
539.288 1325.45 4039
529.898 1319.22 4020
519.271 1309.7 3991
508.872 1300.51 3963
502.116 1300.51 3963
488.361 1282.14 3907
478.371 1273.28 3880
464.219 1252.93 3818
457.71 1252.93 3818
448.128 1244.4 3792
441.664 1244.4 3792
432.216 1235.87 3766
425.796 1235.87 3766
419.376 1235.87 3766
412.955 1235.87 3766
406.535 1235.87 3766
400.115 1235.87 3766
391.918 1230.29 3749
383.779 1224.71 3732
-33.4866 135.204 412
-34.189 135.204 412
-34.8913 135.204 412
-35.5073 134.875 411
-36.2079 134.875 411
-36.729 134.219 409
-37.3347 133.891 408
-37.937 133.563 407
-38.6309 133.563 407
-39.3247 133.563 407
-39.9202 133.235 406
-40.6123 133.235 406
-41.3045 133.235 406
-41.8931 132.906 405
-42.5836 132.906 405
-43.1671 132.578 404
-43.8559 132.578 404
-44.5446 132.578 404
-45.1213 132.25 403
-45.6947 131.922 402
-46.38 131.922 402
-47.0653 131.922 402
-47.7506 131.922 402
-48.3154 131.594 401
-48.999 131.594 401
-49.6826 131.594 401
-50.3662 131.594 401
-50.9225 131.266 400
-51.6044 131.266 400
-52.2863 131.266 400
-52.9682 131.266 400
-53.6501 131.266 400
-54.332 131.266 400
-55.0139 131.266 400
-55.5566 130.937 399
-56.2368 130.937 399
-56.917 130.937 399
-57.5972 130.937 399
-58.2774 130.937 399
-58.9576 130.937 399
-59.6378 130.937 399
-60.318 130.937 399
-60.9981 130.937 399
-61.6783 130.937 399
-62.3585 130.937 399
-63.0387 130.937 399
-63.7189 130.937 399
-64.3991 130.937 399
-65.0793 130.937 399
-65.7595 130.937 399
-66.4397 130.937 399
-67.1199 130.937 399
-67.8001 130.937 399
-68.6519 131.266 400
-69.3338 131.266 400
-70.0157 131.266 400
-70.6976 131.266 400
-71.3795 131.266 400
-72.0614 131.266 400
-72.9252 131.594 401
-73.6088 131.594 401
-74.2924 131.594 401
-75.1629 131.922 402
-76.0369 132.25 403
-76.9143 132.578 404
-77.6031 132.578 404
-78.2918 132.578 404
-79.176 132.906 405
-79.8664 132.906 405
-80.5568 132.906 405
-81.4479 133.235 406
-82.3423 133.563 407
-83.2402 133.891 408
-83.9357 133.891 408
-85.0461 134.547 410
-86.1633 135.204 412
-86.8657 135.204 412
-87.568 135.204 412
-88.4846 135.532 413
-89.4046 135.86 414
-90.1104 135.86 414
-91.4743 136.844 417
-92.4062 137.173 418
-93.1188 137.173 418
-94.0558 137.501 419
-96.1272 139.47 425
-96.8517 139.47 425
-97.8059 139.798 426
-98.9947 140.454 428
-100.19 141.11 430
-100.923 141.11 430
-101.893 141.439 431
-102.628 141.439 431
-103.362 141.439 431
-104.097 141.439 431
-105.075 141.767 432
-105.811 141.767 432
-106.548 141.767 432
-107.533 142.095 433
-108.271 142.095 433
-109.261 142.423 434
-110.001 142.423 434
-110.996 142.751 435
-111.994 143.079 436
-112.996 143.408 437
-113.741 143.408 437
-114.748 143.736 438
-115.758 144.064 439
-116.772 144.392 440
-117.789 144.72 441
-119.616 146.033 445
-120.916 146.689 447
-121.678 146.689 447
-122.44 146.689 447
-124.029 147.674 450
-124.796 147.674 450
-126.121 148.33 452
-126.892 148.33 452
-127.662 148.33 452
-128.433 148.33 452
-129.203 148.33 452
-129.974 148.33 452
-130.744 148.33 452
-828.166 753.136 2295
-832.079 753.136 2295
-835.991 753.136 2295
-839.904 753.136 2295
-839.036 748.87 2282
-842.926 748.87 2282
-844.59 746.901 2276
-852.944 750.839 2288
-856.844 750.839 2288
-860.744 750.839 2288
-860.11 746.901 2276
-861.712 744.932 2270
-856.049 736.728 2245
-859.877 736.728 2245
-861.395 734.759 2239
-865.212 734.759 2239
-864.372 730.821 2227
-868.168 730.821 2227
-858.261 719.335 2192
-857.672 715.725 2181
-861.39 715.725 2181
-865.108 715.725 2181
-868.826 715.725 2181
-872.544 715.725 2181
-873.851 713.756 2175
-877.559 713.756 2175
-881.267 713.756 2175
-884.975 713.756 2175
-888.683 713.756 2175
-892.39 713.756 2175
-896.098 713.756 2175
-896.496 711.131 2167
-898.944 710.147 2164
-902.633 710.147 2164
-903.81 708.178 2158
-906.227 707.193 2155
-909.056 706.537 2153
-912.727 706.537 2153
-915.12 705.552 2150
-917.503 704.568 2147
-919.876 703.583 2144
-923.531 703.583 2144
-926.321 702.927 2142
-928.67 701.943 2139
-931.009 700.958 2136
-934.65 700.958 2136
-936.974 699.974 2133
-939.728 699.317 2131
-942.033 698.333 2128
-945.661 698.333 2128
-947.95 697.348 2125
-950.229 696.364 2122
-952.948 695.707 2120
-956.562 695.707 2120
-960.176 695.707 2120
-962.426 694.723 2117
-964.666 693.738 2114
-968.27 693.738 2114
-971.874 693.738 2114
-975.478 693.738 2114
-979.081 693.738 2114
-982.685 693.738 2114
-985.356 693.082 2112
-988.956 693.082 2112
-992.557 693.082 2112
-996.157 693.082 2112
-996.918 691.113 2106
-999.558 690.457 2104
-1001.71 689.472 2101
-1005.3 689.472 2101
-1005.04 686.847 2093
-1007.64 686.191 2091
-1009.75 685.206 2088
-1013.31 685.206 2088
-1015.41 684.222 2085
-1017.99 683.565 2083
-1020.07 682.581 2080
-1023.61 682.581 2080
-1024.69 680.94 2075
-1023.27 677.658 2065
-1021.82 674.377 2055
-1025.32 674.377 2055
-1022.32 670.111 2042
-1020.78 666.829 2032
-1023.23 666.173 2030
-1026.69 666.173 2030
-1027.62 664.532 2025
-1029.54 663.547 2022
-1030.43 661.907 2017
-1033.87 661.907 2017
-1036.28 661.25 2015
782.968 1334.89 4089
775.997 1334.89 4089
769.026 1334.89 4089
758.328 1328.36 4069
747.698 1321.83 4049
738.966 1318.56 4039
732.081 1318.56 4039
723.579 1315.62 4030
713.153 1309.1 4010
702.97 1302.89 3991
696.166 1302.89 3991
687.808 1299.95 3982
679.309 1296.69 3972
674.231 1299.95 3982
670.628 1306.16 4001
663.807 1306.16 4001
660.106 1312.36 4020
656.341 1318.56 4039
651.063 1321.83 4049
644.161 1321.83 4049
637.258 1321.83 4049
630.356 1321.83 4049
624.993 1325.09 4059
618.073 1325.09 4059
611.154 1325.09 4059
602.745 1321.83 4049
595.843 1321.83 4049
588.94 1321.83 4049
580.6 1318.56 4039
573.715 1318.56 4039
568.233 1321.83 4049
561.33 1321.83 4049
554.428 1321.83 4049
546.173 1318.56 4039
539.288 1318.56 4039
529.898 1312.36 4020
519.271 1302.89 3991
510.028 1296.69 3972
503.257 1296.69 3972
490.611 1281.35 3925
479.481 1269.59 3889
465.191 1249.03 3826
458.669 1249.03 3826
451.201 1246.42 3818
441.664 1237.93 3792
433.134 1232.05 3774
426.7 1232.05 3774
418.373 1226.5 3757
411.091 1223.89 3749
404.7 1223.89 3749
398.309 1223.89 3749
-33.4053 134.174 411
-34.106 134.174 411
-34.8066 134.174 411
-35.3345 133.521 409
-36.0317 133.521 409
-36.729 133.521 409
-37.3347 133.195 408
-37.937 132.868 407
-38.6309 132.868 407
-39.3247 132.868 407
-39.9202 132.542 406
-40.6123 132.542 406
-41.3045 132.542 406
-41.8931 132.215 405
-42.5836 132.215 405
-43.274 132.215 405
-43.9644 132.215 405
-44.5446 131.889 404
-45.1213 131.562 403
-45.6947 131.236 402
-46.38 131.236 402
-47.0653 131.236 402
-47.7506 131.236 402
-48.3154 130.91 401
-48.999 130.91 401
-49.6826 130.91 401
-50.3662 130.91 401
-51.0498 130.91 401
-51.6044 130.583 400
-52.2863 130.583 400
-52.9682 130.583 400
-53.6501 130.583 400
-54.332 130.583 400
-55.0139 130.583 400
-55.5566 130.257 399
-56.2368 130.257 399
-56.917 130.257 399
-57.5972 130.257 399
-58.2774 130.257 399
-58.9576 130.257 399
-59.6378 130.257 399
-60.318 130.257 399
-60.9981 130.257 399
-61.6783 130.257 399
-62.3585 130.257 399
-63.0387 130.257 399
-63.7189 130.257 399
-64.3991 130.257 399
-65.0793 130.257 399
-65.7595 130.257 399
-66.4397 130.257 399
-67.1199 130.257 399
-67.8001 130.257 399
-68.6519 130.583 400
-69.3338 130.583 400
-70.0157 130.583 400
-70.6976 130.583 400
-71.3795 130.583 400
-72.0614 130.583 400
-72.9252 130.91 401
-73.7923 131.236 402
-74.4776 131.236 402
-75.1629 131.236 402
-76.0369 131.562 403
-76.9143 131.889 404
-77.6031 131.889 404
-78.2918 131.889 404
-79.176 132.215 405
-79.8664 132.215 405
-80.5568 132.215 405
-81.4479 132.542 406
-82.5446 133.195 408
-83.2402 133.195 408
-84.3471 133.848 410
-85.2535 134.174 411
-86.1633 134.501 412
-86.8657 134.501 412
-87.7806 134.827 413
-88.4846 134.827 413
-89.6206 135.48 415
-90.3281 135.48 415
-91.6936 136.459 418
-92.8483 137.112 420
-93.5643 137.112 420
-94.9538 138.092 423
-96.3534 139.071 426
-97.0796 139.071 426
-98.0354 139.397 427
-98.9947 139.724 428
-100.19 140.377 430
-100.923 140.377 430
-101.893 140.703 431
-102.628 140.703 431
-103.362 140.703 431
-104.097 140.703 431
-105.075 141.03 432
-105.811 141.03 432
-106.548 141.03 432
-107.533 141.356 433
-108.271 141.356 433
-109.261 141.683 434
-110.001 141.683 434
-110.996 142.009 435
-111.994 142.336 436
-112.996 142.662 437
-113.741 142.662 437
-114.748 142.989 438
-115.758 143.315 439
-116.772 143.641 440
-117.789 143.968 441
-119.616 145.274 445
-120.916 145.927 447
-121.678 145.927 447
-122.714 146.253 448
-124.029 146.906 450
-124.796 146.906 450
-126.121 147.559 452
-126.892 147.559 452
-127.662 147.559 452
-128.433 147.559 452
-129.203 147.559 452
-129.974 147.559 452
-130.744 147.559 452
-827.638 734.857 2251
-840.71 743.018 2276
-850.527 748.241 2292
-854.435 748.241 2292
-858.342 748.241 2292
-862.249 748.241 2292
-866.157 748.241 2292
-862.851 742.039 2273
-866.726 742.039 2273
-863.324 735.836 2254
-860.241 729.96 2236
-862.894 728.98 2233
-865.536 728.001 2230
-869.338 728.001 2230
-858.261 715.595 2192
-858.851 712.984 2184
-861.39 712.004 2181
-865.108 712.004 2181
-868.826 712.004 2181
-872.544 712.004 2181
-873.851 710.046 2175
-877.559 710.046 2175
-881.267 710.046 2175
-884.975 710.046 2175
-888.683 710.046 2175
-892.39 710.046 2175
-896.098 710.046 2175
-896.496 707.434 2167
-898.944 706.455 2164
-902.633 706.455 2164
-903.81 704.496 2158
-906.227 703.517 2155
-909.056 702.864 2153
-912.727 702.864 2153
-915.12 701.884 2150
-916.221 699.925 2144
-919.876 699.925 2144
-923.531 699.925 2144
-925.024 698.293 2139
-927.368 697.314 2136
-931.009 697.314 2136
-934.65 697.314 2136
-936.974 696.334 2133
-939.728 695.682 2131
-942.033 694.702 2128
-945.661 694.702 2128
-947.95 693.723 2125
-950.229 692.743 2122
-952.948 692.091 2120
-956.562 692.091 2120
-960.176 692.091 2120
-962.426 691.111 2117
-964.666 690.132 2114
-968.27 690.132 2114
-971.874 690.132 2114
-975.478 690.132 2114
-979.081 690.132 2114
-982.685 690.132 2114
-985.356 689.479 2112
-988.956 689.479 2112
-992.557 689.479 2112
-996.157 689.479 2112
-996.918 687.52 2106
-999.558 686.867 2104
-1001.71 685.888 2101
-1005.3 685.888 2101
-1005.04 683.276 2093
-1007.64 682.623 2091
-1009.75 681.644 2088
-1013.31 681.644 2088
-1014.44 680.012 2083
-1015.55 678.379 2078
-1019.09 678.379 2078
-1022.63 678.379 2078
-1020.74 674.788 2067
-1020.8 672.503 2060
-1017.84 668.259 2047
-1021.33 668.259 2047
-1019.82 664.995 2037
-1019.77 662.709 2030
-1020.71 661.077 2025
-1024.16 661.077 2025
-1023.56 658.465 2017
-1027 658.465 2017
-1029.41 657.812 2015
-1032.85 657.812 2015
-1032.68 655.527 2008
782.968 1327.91 4089
775.997 1327.91 4089
769.026 1327.91 4089
760.192 1324.66 4079
747.698 1314.92 4049
738.966 1311.67 4039
732.081 1311.67 4039
725.195 1311.67 4039
716.709 1308.75 4030
706.316 1302.25 4010
699.48 1302.25 4010
691.09 1299.33 4001
681.02 1293.16 3982
677.448 1299.33 4001
670.628 1299.33 4001
663.807 1299.33 4001
661.748 1308.75 4030
656.341 1311.67 4039
651.063 1314.92 4049
644.161 1314.92 4049
637.258 1314.92 4049
630.356 1314.92 4049
623.453 1314.92 4049
616.551 1314.92 4049
609.648 1314.92 4049
602.745 1314.92 4049
595.843 1314.92 4049
587.486 1311.67 4039
580.6 1311.67 4039
573.715 1311.67 4039
566.829 1311.67 4039
559.944 1311.67 4039
553.059 1311.67 4039
546.173 1311.67 4039
539.288 1311.67 4039
529.898 1305.5 4020
519.271 1296.08 3991
510.028 1289.91 3972
503.257 1289.91 3972
490.611 1274.65 3925
479.481 1262.96 3889
465.191 1242.5 3826
458.669 1242.5 3826
451.201 1239.9 3818
441.664 1231.46 3792
435.2 1231.46 3792
428.735 1231.46 3792
420.266 1225.61 3774
410.104 1214.57 3740
-33.324 133.148 410
-34.023 133.148 410
-34.7219 133.148 410
-35.4209 133.148 410
-36.1198 133.148 410
-36.729 132.823 409
-37.3347 132.499 408
-38.0302 132.499 408
-38.7258 132.499 408
-39.3247 132.174 407
-39.9202 131.849 406
-40.6123 131.849 406
-41.3045 131.849 406
-41.8931 131.524 405
-42.5836 131.524 405
-43.274 131.524 405
-43.9644 131.524 405
-44.5446 131.2 404
-45.1213 130.875 403
-45.6947 130.55 402
-46.38 130.55 402
-47.0653 130.55 402
-47.7506 130.55 402
-48.3154 130.225 401
-48.999 130.225 401
-49.6826 130.225 401
-50.3662 130.225 401
-51.0498 130.225 401
-51.6044 129.901 400
-52.2863 129.901 400
-52.9682 129.901 400
-53.6501 129.901 400
-54.332 129.901 400
-55.0139 129.901 400
-55.5566 129.576 399
-56.2368 129.576 399
-56.917 129.576 399
-57.5972 129.576 399
-58.2774 129.576 399
-58.9576 129.576 399
-59.6378 129.576 399
-60.318 129.576 399
-60.9981 129.576 399
-61.6783 129.576 399
-62.3585 129.576 399
-63.0387 129.576 399
-63.7189 129.576 399
-64.3991 129.576 399
-65.0793 129.576 399
-65.7595 129.576 399
-66.4397 129.576 399
-67.1199 129.576 399
-67.97 129.901 400
-68.6519 129.901 400
-69.3338 129.901 400
-70.0157 129.901 400
-70.6976 129.901 400
-71.3795 129.901 400
-72.0614 129.901 400
-72.9252 130.225 401
-73.7923 130.55 402
-74.4776 130.55 402
-75.1629 130.55 402
-76.0369 130.875 403
-76.9143 131.2 404
-77.6031 131.2 404
-78.2918 131.2 404
-79.176 131.524 405
-80.0636 131.849 406
-80.7557 131.849 406
-81.6485 132.174 407
-82.5446 132.499 408
-83.2402 132.499 408
-84.3471 133.148 410
-85.4609 133.798 412
-86.1633 133.798 412
-86.8657 133.798 412
-87.7806 134.122 413
-88.6989 134.447 414
-89.6206 134.772 415
-90.3281 134.772 415
-92.1323 136.396 420
-93.5115 137.37 423
-94.2326 137.37 423
-95.6272 138.344 426
-96.3534 138.344 426
-97.0796 138.344 426
-98.265 138.994 428
-99.226 139.318 429
-100.423 139.968 431
-101.158 139.968 431
-101.893 139.968 431
-102.628 139.968 431
-103.362 139.968 431
-104.339 140.293 432
-105.075 140.293 432
-106.056 140.617 433
-106.795 140.617 433
-107.533 140.617 433
-108.271 140.617 433
-109.513 141.267 435
-110.254 141.267 435
-110.996 141.267 435
-112.251 141.916 437
-113.255 142.241 438
-114.001 142.241 438
-115.01 142.566 439
-116.022 142.891 440
-116.772 142.891 440
-118.858 144.514 445
-120.154 145.164 447
-120.916 145.164 447
-121.678 145.164 447
-122.714 145.489 448
-124.029 146.138 450
-124.796 146.138 450
-126.121 146.788 452
-126.892 146.788 452
-127.662 146.788 452
-128.433 146.788 452
-129.203 146.788 452
-850.527 744.331 2292
-854.435 744.331 2292
-858.342 744.331 2292
-862.249 744.331 2292
-866.157 744.331 2292
-862.851 738.161 2273
-866.726 738.161 2273
-863.324 731.99 2254
-860.241 726.145 2236
-862.894 725.171 2233
-865.536 724.196 2230
-869.338 724.196 2230
-858.261 711.856 2192
-858.851 709.258 2184
-861.39 708.283 2181
-865.108 708.283 2181
-868.826 708.283 2181
-872.544 708.283 2181
-875.057 707.309 2178
-878.77 707.309 2178
-881.267 706.335 2175
-884.975 706.335 2175
-888.683 706.335 2175
-892.39 706.335 2175
-896.098 706.335 2175
-896.496 703.737 2167
-898.944 702.763 2164
-902.633 702.763 2164
-903.81 700.814 2158
-906.227 699.84 2155
-909.056 699.19 2153
-912.727 699.19 2153
-915.12 698.216 2150
-916.221 696.268 2144
-919.018 695.618 2142
-922.67 695.618 2142
-925.024 694.644 2139
-927.368 693.67 2136
-931.009 693.67 2136
-934.65 693.67 2136
-936.974 692.695 2133
-939.728 692.046 2131
-942.033 691.072 2128
-945.661 691.072 2128
-947.95 690.097 2125
-950.229 689.123 2122
-952.948 688.474 2120
-956.562 688.474 2120
-960.176 688.474 2120
-962.426 687.499 2117
-964.666 686.525 2114
-968.27 686.525 2114
-971.874 686.525 2114
-975.478 686.525 2114
-978.155 685.876 2112
-981.756 685.876 2112
-985.356 685.876 2112
-988.956 685.876 2112
-991.147 684.901 2109
-994.742 684.901 2109
-996.918 683.927 2106
-999.558 683.278 2104
-1001.71 682.303 2101
-1005.3 682.303 2101
-1005.04 679.705 2093
-1007.64 679.056 2091
-1008.3 677.107 2085
-1011.86 677.107 2085
-1014.44 676.458 2083
-1015.55 674.834 2078
-1019.09 674.834 2078
-1022.63 674.834 2078
-1020.74 671.262 2067
-1020.8 668.988 2060
-1017.84 664.767 2047
-1021.33 664.767 2047
-1019.82 661.519 2037
-1019.77 659.246 2030
-1020.71 657.622 2025
-1024.16 657.622 2025
-1023.56 655.024 2017
-1027 655.024 2017
-1029.41 654.375 2015
-1032.85 654.375 2015
-1032.68 652.101 2008
782.968 1320.93 4089
775.997 1320.93 4089
769.026 1320.93 4089
760.192 1317.7 4079
747.698 1308.01 4049
738.966 1304.78 4039
732.081 1304.78 4039
725.195 1304.78 4039
716.709 1301.87 4030
706.316 1295.41 4010
699.48 1295.41 4010
691.09 1292.51 4001
681.02 1286.37 3982
677.448 1292.51 4001
670.628 1292.51 4001
663.807 1292.51 4001
661.748 1301.87 4030
656.341 1304.78 4039
649.455 1304.78 4039
642.57 1304.78 4039
635.684 1304.78 4039
631.912 1311.24 4059
624.993 1311.24 4059
618.073 1311.24 4059
611.154 1311.24 4059
604.234 1311.24 4059
597.315 1311.24 4059
588.94 1308.01 4049
580.6 1304.78 4039
573.715 1304.78 4039
566.829 1304.78 4039
559.944 1304.78 4039
553.059 1304.78 4039
546.173 1304.78 4039
539.288 1304.78 4039
529.898 1298.64 4020
519.271 1289.27 3991
510.028 1283.14 3972
503.257 1283.14 3972
490.611 1267.95 3925
479.481 1256.32 3889
465.191 1235.97 3826
458.669 1235.97 3826
451.201 1233.39 3818
443.644 1230.48 3809
435.2 1224.99 3792
428.735 1224.99 3792
420.266 1219.17 3774
-33.324 132.449 410
-34.023 132.449 410
-34.7219 132.449 410
-35.4209 132.449 410
-36.1198 132.449 410
-36.8188 132.449 410
-37.3347 131.803 408
-38.0302 131.803 408
-38.7258 131.803 408
-39.3247 131.48 407
-39.9202 131.157 406
-40.6123 131.157 406
-41.3045 131.157 406
-41.8931 130.833 405
-42.5836 130.833 405
-43.274 130.833 405
-43.9644 130.833 405
-44.5446 130.51 404
-45.1213 130.187 403
-45.6947 129.864 402
-46.38 129.864 402
-47.0653 129.864 402
-47.7506 129.864 402
-48.3154 129.541 401
-48.999 129.541 401
-49.6826 129.541 401
-50.3662 129.541 401
-51.0498 129.541 401
-51.6044 129.218 400
-52.2863 129.218 400
-52.9682 129.218 400
-53.6501 129.218 400
-54.332 129.218 400
-55.0139 129.218 400
-55.5566 128.895 399
-56.2368 128.895 399
-56.917 128.895 399
-57.5972 128.895 399
-58.2774 128.895 399
-58.9576 128.895 399
-59.6378 128.895 399
-60.318 128.895 399
-60.9981 128.895 399
-61.6783 128.895 399
-62.3585 128.895 399
-63.0387 128.895 399
-63.7189 128.895 399
-64.3991 128.895 399
-65.0793 128.895 399
-65.7595 128.895 399
-66.4397 128.895 399
-67.1199 128.895 399
-67.97 129.218 400
-68.6519 129.218 400
-69.3338 129.218 400
-70.0157 129.218 400
-70.6976 129.218 400
-71.3795 129.218 400
-72.0614 129.218 400
-72.9252 129.541 401
-73.7923 129.864 402
-74.4776 129.864 402
-75.1629 129.864 402
-76.2256 130.51 404
-76.9143 130.51 404
-77.6031 130.51 404
-78.4856 130.833 405
-79.176 130.833 405
-80.0636 131.157 406
-80.7557 131.157 406
-81.6485 131.48 407
-82.7469 132.126 409
-83.4442 132.126 409
-84.5529 132.772 411
-85.4609 133.095 412
-86.3724 133.418 413
-87.0765 133.418 413
-87.7806 133.418 413
-88.6989 133.741 414
-89.6206 134.064 415
-90.5457 134.387 416
-92.5711 136.325 422
-93.5115 136.648 423
-94.901 137.617 426
-95.6272 137.617 426
-96.5796 137.94 427
-97.3075 137.94 427
-98.4946 138.587 429
-99.4573 138.91 430
-100.423 139.233 431
-101.158 139.233 431
-102.129 139.556 432
-102.866 139.556 432
-103.602 139.556 432
-104.339 139.556 432
-105.075 139.556 432
-106.056 139.879 433
-106.795 139.879 433
-107.533 139.879 433
-108.521 140.202 434
-109.513 140.525 435
-110.254 140.525 435
-111.251 140.848 436
-112.251 141.171 437
-113.255 141.494 438
-114.261 141.817 439
-115.272 142.14 440
-116.813 143.109 443
-117.568 143.109 443
-119.392 144.401 447
-120.423 144.724 448
-121.186 144.724 448
-121.95 144.724 448
-122.988 145.047 449
-124.304 145.694 451
-125.073 145.694 451
-126.4 146.34 453
-127.172 146.34 453
-127.945 146.34 453
-128.717 146.34 453
-850.527 740.42 2292
-854.435 740.42 2292
-858.342 740.42 2292
-862.249 740.42 2292
-866.157 740.42 2292
-862.851 734.283 2273
-866.726 734.283 2273
-863.324 728.145 2254
-860.241 722.33 2236
-862.894 721.361 2233
-865.536 720.392 2230
-869.338 720.392 2230
-858.261 708.116 2192
-858.851 705.532 2184
-861.39 704.562 2181
-865.108 704.562 2181
-868.826 704.562 2181
-872.544 704.562 2181
-875.057 703.593 2178
-878.77 703.593 2178
-882.482 703.593 2178
-884.975 702.624 2175
-888.683 702.624 2175
-892.39 702.624 2175
-894.862 701.655 2172
-896.496 700.04 2167
-898.944 699.071 2164
-902.633 699.071 2164
-903.81 697.132 2158
-906.227 696.163 2155
-909.056 695.517 2153
-912.727 695.517 2153
-915.12 694.548 2150
-916.221 692.61 2144
-919.018 691.964 2142
-922.67 691.964 2142
-925.024 690.995 2139
-927.368 690.025 2136
-931.009 690.025 2136
-934.65 690.025 2136
-936.974 689.056 2133
-939.728 688.41 2131
-942.033 687.441 2128
-945.661 687.441 2128
-947.95 686.472 2125
-950.229 685.503 2122
-952.948 684.857 2120
-956.562 684.857 2120
-960.176 684.857 2120
-962.426 683.888 2117
-964.666 682.918 2114
-968.27 682.918 2114
-971.874 682.918 2114
-975.478 682.918 2114
-978.155 682.272 2112
-981.756 682.272 2112
-983.956 681.303 2109
-987.552 681.303 2109
-991.147 681.303 2109
-994.742 681.303 2109
-996.918 680.334 2106
-999.558 679.688 2104
-1001.71 678.719 2101
-1005.3 678.719 2101
-1004.08 675.488 2091
-1006.19 674.519 2088
-1008.3 673.55 2085
-1011.86 673.55 2085
-1012 671.289 2078
-1014.08 670.32 2075
-1016.15 669.35 2072
-1019.68 669.35 2072
-1018.27 666.12 2062
-1015.34 661.92 2049
-1012.87 658.044 2037
-1016.34 658.044 2037
-1016.31 655.783 2030
-1015.75 653.198 2022
-1016.68 651.583 2017
-1020.12 651.583 2017
-1021.02 649.968 2012
-1022.41 648.676 2008
-1025.84 648.676 2008
-1029.26 648.676 2008
-1030.11 647.06 2003
775.997 1313.96 4089
769.026 1313.96 4089
762.056 1313.96 4089
753.238 1310.74 4079
746.285 1310.74 4079
733.893 1301.1 4049
726.991 1301.1 4049
718.31 1297.89 4039
709.839 1295 4030
702.969 1295 4030
694.372 1291.78 4020
687.519 1291.78 4020
680.666 1291.78 4020
675.489 1295 4030
668.618 1295 4030
663.226 1297.89 4039
657.966 1301.1 4049
651.063 1301.1 4049
648.933 1310.74 4079
641.98 1310.74 4079
635.026 1310.74 4079
628.072 1310.74 4079
618.073 1304.32 4059
611.154 1304.32 4059
604.234 1304.32 4059
597.315 1304.32 4059
588.94 1301.1 4049
580.6 1297.89 4039
573.715 1297.89 4039
566.829 1297.89 4039
559.944 1297.89 4039
551.826 1295 4030
544.956 1295 4030
538.086 1295 4030
528.579 1288.57 4010
519.271 1282.47 3991
510.028 1276.36 3972
503.257 1276.36 3972
490.611 1261.26 3925
479.481 1249.69 3889
465.191 1229.44 3826
458.669 1229.44 3826
451.201 1226.87 3818
443.644 1223.98 3809
435.2 1218.52 3792
428.735 1218.52 3792
420.266 1212.74 3774
-30.3382 137.212 427
-31.0661 137.212 427
-31.7941 137.212 427
-32.4458 136.891 426
-33.172 136.891 426
-33.8983 136.891 426
-34.5432 136.569 425
-34.9358 135.284 421
-35.6535 135.284 421
-35.5073 132.071 411
-36.1198 131.749 410
-36.8188 131.749 410
-37.4262 131.428 409
-38.0302 131.107 408
-38.7258 131.107 408
-39.3247 130.785 407
-39.9202 130.464 406
-40.6123 130.464 406
-41.3045 130.464 406
-41.8931 130.142 405
-42.5836 130.142 405
-43.274 130.142 405
-43.9644 130.142 405
-44.5446 129.821 404
-45.2333 129.821 404
-45.8083 129.5 403
-46.4954 129.5 403
-47.0653 129.178 402
-47.7506 129.178 402
-48.4359 129.178 402
-49.1212 129.178 402
-49.6826 128.857 401
-50.3662 128.857 401
-51.0498 128.857 401
-51.7334 128.857 401
-52.417 128.857 401
-52.9682 128.536 400
-53.6501 128.536 400
-54.332 128.536 400
-55.0139 128.536 400
-55.6958 128.536 400
-56.2368 128.214 399
-56.917 128.214 399
-57.5972 128.214 399
-58.2774 128.214 399
-58.9576 128.214 399
-59.6378 128.214 399
-60.318 128.214 399
-60.9981 128.214 399
-61.6783 128.214 399
-62.3585 128.214 399
-63.0387 128.214 399
-63.7189 128.214 399
-64.3991 128.214 399
-65.0793 128.214 399
-65.7595 128.214 399
-66.4397 128.214 399
-67.2881 128.536 400
-67.97 128.536 400
-68.6519 128.536 400
-69.3338 128.536 400
-70.0157 128.536 400
-70.6976 128.536 400
-71.3795 128.536 400
-72.0614 128.536 400
-72.9252 128.857 401
-73.7923 129.178 402
-74.4776 129.178 402
-75.3499 129.5 403
-76.2256 129.821 404
-76.9143 129.821 404
-77.6031 129.821 404
-78.4856 130.142 405
-79.176 130.142 405
-80.0636 130.464 406
-80.7557 130.464 406
-81.6485 130.785 407
-82.7469 131.428 409
-83.4442 131.428 409
-84.5529 132.071 411
-85.4609 132.392 412
-86.3724 132.713 413
-87.0765 132.713 413
-87.7806 132.713 413
-88.6989 133.035 414
-89.4046 133.035 414
-90.5457 133.677 416
-92.5711 135.605 422
-93.5115 135.927 423
-94.901 136.891 426
-95.6272 136.891 426
-96.5796 137.212 427
-97.3075 137.212 427
-98.4946 137.855 429
-99.6886 138.497 431
-100.423 138.497 431
-101.393 138.819 432
-102.129 138.819 432
-102.866 138.819 432
-103.602 138.819 432
-104.339 138.819 432
-105.318 139.14 433
-106.056 139.14 433
-106.795 139.14 433
-107.533 139.14 433
-108.521 139.461 434
-109.764 140.104 436
-110.508 140.104 436
-111.506 140.425 437
-112.508 140.747 438
-113.255 140.747 438
-114.261 141.068 439
-115.272 141.389 440
-117.34 142.996 445
-118.099 142.996 445
-119.659 143.96 448
-120.423 143.96 448
-121.186 143.96 448
-121.95 143.96 448
-122.988 144.281 449
-124.58 145.245 452
-125.351 145.245 452
-126.4 145.567 453
-127.172 145.567 453
-127.945 145.567 453
-128.717 145.567 453
-849.043 735.225 2288
-854.435 736.51 2292
-858.342 736.51 2292
-862.249 736.51 2292
-862.378 733.297 2282
-860.574 728.477 2267
-864.438 728.477 2267
-862.175 723.335 2251
-857.933 716.587 2230
-861.734 716.587 2230
-860.878 712.731 2218
-864.66 712.731 2218
-858.261 704.376 2192
-858.851 701.805 2184
-861.39 700.841 2181
-865.108 700.841 2181
-868.826 700.841 2181
-872.544 700.841 2181
-875.057 699.877 2178
-878.77 699.877 2178
-882.482 699.877 2178
-884.975 698.913 2175
-888.683 698.913 2175
-892.39 698.913 2175
-894.862 697.949 2172
-896.496 696.343 2167
-898.944 695.379 2164
-902.633 695.379 2164
-903.81 693.451 2158
-906.227 692.487 2155
-909.056 691.844 2153
-912.727 691.844 2153
-915.12 690.88 2150
-916.221 688.952 2144
-919.018 688.309 2142
-922.67 688.309 2142
-925.024 687.345 2139
-927.368 686.381 2136
-931.009 686.381 2136
-934.65 686.381 2136
-936.974 685.417 2133
-939.728 684.774 2131
-942.033 683.81 2128
-945.661 683.81 2128
-947.95 682.846 2125
-950.229 681.882 2122
-952.948 681.24 2120
-956.562 681.24 2120
-960.176 681.24 2120
-961.062 679.312 2114
-964.666 679.312 2114
-968.27 679.312 2114
-971.874 679.312 2114
-973.17 677.705 2109
-976.766 677.705 2109
-980.361 677.705 2109
-983.956 677.705 2109
-987.552 677.705 2109
-989.737 676.741 2106
-993.327 676.741 2106
-994.551 675.134 2101
-998.132 675.134 2101
-1000.28 674.17 2098
-1003.86 674.17 2098
-1004.08 671.921 2091
-1004.75 669.993 2085
-1004.92 667.743 2078
-1008.46 667.743 2078
-1009.08 665.815 2072
-1012.61 665.815 2072
-1013.69 664.209 2067
-1017.22 664.209 2067
-1014.81 660.353 2055
-1012.87 656.818 2044
-1010.38 652.962 2032
-1013.85 652.962 2032
-1012.31 649.748 2022
-1013.24 648.142 2017
-1014.16 646.535 2012
-1017.59 646.535 2012
-1018.99 645.25 2008
-1022.41 645.25 2008
-1023.28 643.643 2003
-1026.7 643.643 2003
-1028.57 642.679 2000
775.997 1306.98 4089
769.026 1306.98 4089
762.056 1306.98 4089
755.085 1306.98 4089
748.114 1306.98 4089
739.331 1303.78 4079
730.582 1300.59 4069
720.088 1294.2 4049
713.186 1294.2 4049
704.539 1291 4039
696.099 1288.12 4030
689.229 1288.12 4030
683.883 1291 4039
676.997 1291 4039
671.771 1294.2 4049
668.152 1300.59 4069
662.841 1303.78 4079
655.887 1303.78 4079
648.933 1303.78 4079
643.554 1306.98 4089
636.583 1306.98 4089
629.612 1306.98 4089
621.119 1303.78 4079
614.165 1303.78 4079
607.211 1303.78 4079
597.315 1297.39 4059
590.395 1297.39 4059
582.038 1294.2 4049
575.135 1294.2 4049
565.566 1288.12 4030
541.035 1278.85 4001
534.214 1278.85 4001
527.393 1278.85 4001
518.1 1272.78 3982
510.028 1269.58 3972
503.257 1269.58 3972
489.486 1251.68 3916
478.371 1240.18 3880
465.191 1222.92 3826
458.669 1222.92 3826
450.137 1217.48 3809
443.644 1217.48 3809
435.2 1212.05 3792
428.735 1212.05 3792
-30.3382 136.483 427
-31.0661 136.483 427
-31.7941 136.483 427
-32.4458 136.164 426
-33.172 136.164 426
-33.8983 136.164 426
-34.5432 135.844 425
-34.9358 134.566 421
-35.6535 134.566 421
-35.5073 131.369 411
-36.1198 131.05 410
-36.8188 131.05 410
-37.4262 130.73 409
-38.0302 130.41 408
-38.7258 130.41 408
-39.3247 130.091 407
-39.9202 129.771 406
-40.6123 129.771 406
-41.3045 129.771 406
-41.8931 129.452 405
-42.5836 129.452 405
-43.274 129.452 405
-43.9644 129.452 405
-44.6548 129.452 405
-45.2333 129.132 404
-45.8083 128.812 403
-46.4954 128.812 403
-47.1824 128.812 403
-47.8694 128.812 403
-48.4359 128.493 402
-49.1212 128.493 402
-49.8065 128.493 402
-50.4918 128.493 402
-51.0498 128.173 401
-51.7334 128.173 401
-52.417 128.173 401
-53.1007 128.173 401
-53.6501 127.853 400
-54.332 127.853 400
-55.0139 127.853 400
-55.6958 127.853 400
-56.3777 127.853 400
-57.0596 127.853 400
-57.7415 127.853 400
-58.4234 127.853 400
-58.9576 127.534 399
-59.6378 127.534 399
-60.318 127.534 399
-60.9981 127.534 399
-61.6783 127.534 399
-62.3585 127.534 399
-63.0387 127.534 399
-63.7189 127.534 399
-64.3991 127.534 399
-65.0793 127.534 399
-65.7595 127.534 399
-66.6062 127.853 400
-67.2881 127.853 400
-67.97 127.853 400
-68.6519 127.853 400
-69.3338 127.853 400
-70.0157 127.853 400
-70.6976 127.853 400
-71.3795 127.853 400
-72.2416 128.173 401
-72.9252 128.173 401
-73.7923 128.493 402
-74.4776 128.493 402
-75.3499 128.812 403
-76.2256 129.132 404
-76.9143 129.132 404
-77.6031 129.132 404
-78.4856 129.452 405
-79.176 129.452 405
-80.0636 129.771 406
-80.7557 129.771 406
-81.6485 130.091 407
-82.9492 131.05 410
-83.6482 131.05 410
-84.7586 131.689 412
-85.6684 132.009 413
-86.3724 132.009 413
-87.0765 132.009 413
-87.9931 132.328 414
-88.9131 132.648 415
-89.6206 132.648 415
-91.1987 133.926 419
-93.4485 136.164 426
-94.1747 136.164 426
-94.901 136.164 426
-95.8517 136.483 427
-96.8058 136.803 428
-97.5354 136.803 428
-98.7242 137.442 430
-99.6886 137.762 431
-100.423 137.762 431
-101.393 138.082 432
-102.129 138.082 432
-102.866 138.082 432
-103.602 138.082 432
-104.339 138.082 432
-105.318 138.401 433
-106.056 138.401 433
-106.795 138.401 433
-107.533 138.401 433
-108.521 138.721 434
-109.764 139.36 436
-110.508 139.36 436
-111.506 139.68 437
-112.508 139.999 438
-113.255 139.999 438
-114.261 140.319 439
-115.272 140.639 440
-117.34 142.237 445
-118.099 142.237 445
-119.659 143.196 448
-120.423 143.196 448
-121.186 143.196 448
-121.95 143.196 448
-123.262 143.835 450
-124.856 144.794 453
-125.628 144.794 453
-126.679 145.114 454
-127.453 145.114 454
-128.227 145.114 454
-128.717 144.794 453
-848.47 727.486 2276
-852.35 727.486 2276
-856.23 727.486 2276
-860.11 727.486 2276
-858.296 722.691 2261
-862.15 722.691 2261
-857.578 715.659 2239
-857.933 712.782 2230
-857.097 708.947 2218
-858.938 707.349 2213
-862.71 707.349 2213
-858.261 700.636 2192
-857.672 697.12 2181
-860.205 696.161 2178
-863.918 696.161 2178
-867.631 696.161 2178
-871.344 696.161 2178
-875.057 696.161 2178
-878.77 696.161 2178
-882.482 696.161 2178
-884.975 695.203 2175
-888.683 695.203 2175
-892.39 695.203 2175
-894.862 694.244 2172
-896.496 692.646 2167
-898.944 691.687 2164
-902.633 691.687 2164
-903.81 689.769 2158
-906.227 688.81 2155
-909.056 688.171 2153
-912.727 688.171 2153
-915.12 687.212 2150
-916.221 685.294 2144
-919.018 684.655 2142
-922.67 684.655 2142
-925.024 683.696 2139
-927.368 682.737 2136
-929.701 681.778 2133
-933.338 681.778 2133
-936.974 681.778 2133
-939.728 681.139 2131
-940.705 679.221 2125
-944.328 679.221 2125
-947.95 679.221 2125
-950.229 678.262 2122
-952.948 677.623 2120
-956.562 677.623 2120
-960.176 677.623 2120
-961.062 675.705 2114
-964.666 675.705 2114
-968.27 675.705 2114
-971.874 675.705 2114
-973.17 674.107 2109
-976.766 674.107 2109
-980.361 674.107 2109
-983.956 674.107 2109
-987.552 674.107 2109
-989.737 673.148 2106
-993.327 673.148 2106
-994.551 671.55 2101
-998.132 671.55 2101
-1000.28 670.591 2098
-1003.86 670.591 2098
-1004.08 668.353 2091
-1004.75 666.436 2085
-1004.92 664.198 2078
-1008.46 664.198 2078
-1005.67 660.043 2065
-1009.19 660.043 2065
-1008.79 657.486 2057
-1012.3 657.486 2057
-1014.81 656.847 2055
-1012.87 653.331 2044
-1010.38 649.495 2032
-1013.85 649.495 2032
-1009.8 644.701 2017
-1012.24 644.061 2015
-1013.15 642.463 2010
-1016.58 642.463 2010
-1018.99 641.824 2008
-1020.89 640.865 2005
-1023.28 640.226 2003
-1026.7 640.226 2003
-1028.57 639.267 2000
775.997 1300 4089
769.026 1300 4089
762.056 1300 4089
755.085 1300 4089
748.114 1300 4089
741.144 1300 4089
734.173 1300 4089
725.424 1296.83 4079
718.47 1296.83 4079
709.772 1293.65 4069
701.108 1290.47 4059
694.189 1290.47 4059
687.269 1290.47 4059
680.349 1290.47 4059
673.43 1290.47 4059
668.152 1293.65 4069
662.841 1296.83 4079
655.887 1296.83 4079
648.933 1296.83 4079
643.554 1300 4089
636.583 1300 4089
629.612 1300 4089
622.641 1300 4089
614.165 1296.83 4079
607.211 1296.83 4079
597.315 1290.47 4059
590.395 1290.47 4059
582.038 1287.29 4049
575.135 1287.29 4049
530.342 1262.81 3972
523.57 1262.81 3972
516.799 1262.81 3972
508.872 1259.95 3963
502.116 1259.95 3963
-29.6103 135.755 427
-30.3382 135.755 427
-31.0661 135.755 427
-31.7941 135.755 427
-32.522 135.755 427
-33.172 135.437 426
-33.8983 135.437 426
-34.5432 135.119 425
-34.9358 133.847 421
-35.6535 133.847 421
-35.5937 130.986 412
-36.2079 130.668 411
-36.8188 130.35 410
-37.5177 130.35 410
-38.2167 130.35 410
-38.8207 130.032 409
-39.3247 129.396 407
-40.0185 129.396 407
-40.6123 129.078 406
-41.3045 129.078 406
-41.9966 129.078 406
-42.5836 128.761 405
-43.274 128.761 405
-43.9644 128.761 405
-44.6548 128.761 405
-45.2333 128.443 404
-45.8083 128.125 403
-46.4954 128.125 403
-47.1824 128.125 403
-47.8694 128.125 403
-48.4359 127.807 402
-49.1212 127.807 402
-49.8065 127.807 402
-50.4918 127.807 402
-51.0498 127.489 401
-51.7334 127.489 401
-52.417 127.489 401
-53.1007 127.489 401
-53.6501 127.171 400
-54.332 127.171 400
-55.0139 127.171 400
-55.6958 127.171 400
-56.3777 127.171 400
-57.0596 127.171 400
-57.7415 127.171 400
-58.4234 127.171 400
-59.1053 127.171 400
-59.6378 126.853 399
-60.318 126.853 399
-60.9981 126.853 399
-61.6783 126.853 399
-62.3585 126.853 399
-63.0387 126.853 399
-63.7189 126.853 399
-64.3991 126.853 399
-65.2424 127.171 400
-65.9243 127.171 400
-66.6062 127.171 400
-67.2881 127.171 400
-67.97 127.171 400
-68.6519 127.171 400
-69.3338 127.171 400
-70.0157 127.171 400
-70.8744 127.489 401
-71.558 127.489 401
-72.2416 127.489 401
-73.107 127.807 402
-73.9759 128.125 403
-74.6629 128.125 403
-75.5369 128.443 404
-76.2256 128.443 404
-77.1047 128.761 405
-77.7951 128.761 405
-78.4856 128.761 405
-79.176 128.761 405
-80.0636 129.078 406
-80.7557 129.078 406
-81.6485 129.396 407
-82.9492 130.35 410
-83.6482 130.35 410
-84.7586 130.986 412
-85.6684 131.304 413
-86.3724 131.304 413
-87.2873 131.622 414
-88.2057 131.94 415
-89.5559 132.894 418
-90.2684 132.894 418
-91.8517 134.165 422
-93.4485 135.437 426
-94.1747 135.437 426
-95.1237 135.755 427
-96.0761 136.073 428
-97.2581 136.709 430
-97.9912 136.709 430
-98.9538 137.027 431
-99.9198 137.345 432
-100.656 137.345 432
-101.393 137.345 432
-102.129 137.345 432
-102.866 137.345 432
-103.602 137.345 432
-104.339 137.345 432
-105.318 137.663 433
-106.056 137.663 433
-106.795 137.663 433
-107.533 137.663 433
-108.771 138.298 435
-109.764 138.616 436
-110.508 138.616 436
-111.506 138.934 437
-112.765 139.57 439
-113.513 139.57 439
-114.522 139.888 440
-116.058 140.842 443
-117.34 141.478 445
-118.63 142.113 447
-119.659 142.431 448
-120.691 142.749 449
-121.457 142.749 449
-122.222 142.749 449
-123.262 143.067 450
-124.856 144.021 453
-125.628 144.021 453
-126.679 144.339 454
-127.453 144.339 454
-128.227 144.339 454
-847.352 722.649 2273
-851.227 722.649 2273
-855.102 722.649 2273
-854.442 718.834 2261
-854.5 715.654 2251
-858.337 715.654 2251
-856.429 710.885 2236
-852.162 704.209 2215
-852.847 701.665 2207
-854.28 699.758 2201
-858.032 699.758 2201
-853.954 693.399 2181
-854.132 690.538 2172
-856.65 689.584 2169
-860.348 689.584 2169
-864.045 689.584 2169
-868.943 690.538 2172
-872.646 690.538 2172
-877.559 691.492 2175
-881.267 691.492 2175
-884.975 691.492 2175
-887.457 690.538 2172
-891.16 690.538 2172
-892.802 688.948 2167
-895.255 687.995 2164
-896.452 686.087 2158
-900.131 686.087 2158
-902.553 685.133 2155
-905.386 684.497 2153
-907.79 683.544 2150
-911.455 683.544 2150
-913.843 682.59 2147
-915.366 681 2142
-919.018 681 2142
-922.67 681 2142
-925.024 680.046 2139
-927.368 679.093 2136
-929.701 678.139 2133
-933.338 678.139 2133
-936.095 677.503 2131
-938.405 676.549 2128
-940.705 675.595 2125
-944.328 675.595 2125
-946.612 674.642 2122
-949.334 674.006 2120
-952.948 674.006 2120
-956.562 674.006 2120
-958.817 673.052 2117
-961.062 672.098 2114
-962.384 670.509 2109
-965.98 670.509 2109
-969.575 670.509 2109
-973.17 670.509 2109
-975.376 669.555 2106
-978.967 669.555 2106
-981.624 668.919 2104
-985.21 668.919 2104
-987.387 667.965 2101
-990.969 667.965 2101
-994.551 667.965 2101
-996.707 667.011 2098
-997.9 665.422 2093
-1001.47 665.422 2093
-1002.63 663.832 2088
-1001.38 660.653 2078
-1002.02 658.745 2072
-1005.55 658.745 2072
-1005.67 656.52 2065
-1009.19 656.52 2065
-1008.79 653.976 2057
-1012.3 653.976 2057
-1014.81 653.341 2055
-1012.87 649.843 2044
-1010.38 646.028 2032
-1013.85 646.028 2032
-1009.8 641.259 2017
-1012.24 640.623 2015
-1013.15 639.034 2010
-1016.58 639.034 2010
-1018.99 638.398 2008
-1020.89 637.444 2005
-1023.28 636.808 2003
-1026.7 636.808 2003
-1028.57 635.855 2000
762.056 1293.03 4089
755.085 1293.03 4089
748.114 1293.03 4089
741.144 1293.03 4089
734.173 1293.03 4089
725.424 1289.87 4079
718.47 1289.87 4079
709.772 1286.7 4069
701.108 1283.54 4059
694.189 1283.54 4059
687.269 1283.54 4059
680.349 1283.54 4059
673.43 1283.54 4059
668.152 1286.7 4069
662.841 1289.87 4079
655.887 1289.87 4079
648.933 1289.87 4079
643.554 1293.03 4089
636.583 1293.03 4089
629.612 1293.03 4089
622.641 1293.03 4089
614.165 1289.87 4079
607.211 1289.87 4079
597.315 1283.54 4059
590.395 1283.54 4059
582.038 1280.38 4049
575.135 1280.38 4049
530.342 1256.03 3972
523.57 1256.03 3972
516.799 1256.03 3972
508.872 1253.18 3963
502.116 1253.18 3963
-29.6103 135.026 427
-30.3382 135.026 427
-31.0661 135.026 427
-31.7941 135.026 427
-32.522 135.026 427
-33.172 134.71 426
-33.8983 134.71 426
-34.4619 134.078 424
-34.9358 133.129 421
-35.6535 133.129 421
-35.5937 130.283 412
-36.296 130.283 412
-36.9086 129.967 411
-37.5177 129.651 410
-38.2167 129.651 410
-38.8207 129.334 409
-39.4213 129.018 408
-40.0185 128.702 407
-40.6123 128.386 406
-41.3045 128.386 406
-41.9966 128.386 406
-42.6887 128.386 406
-43.274 128.07 405
-43.9644 128.07 405
-44.6548 128.07 405
-45.3453 128.07 405
-45.922 127.753 404
-46.6107 127.753 404
-47.1824 127.437 403
-47.8694 127.437 403
-48.5564 127.437 403
-49.2434 127.437 403
-49.8065 127.121 402
-50.4918 127.121 402
-51.1771 127.121 402
-51.8625 127.121 402
-52.417 126.805 401
-53.1007 126.805 401
-53.7843 126.805 401
-54.4679 126.805 401
-55.0139 126.488 400
-55.6958 126.488 400
-56.3777 126.488 400
-57.0596 126.488 400
-57.7415 126.488 400
-58.4234 126.488 400
-59.1053 126.488 400
-59.6378 126.172 399
-60.318 126.172 399
-60.9981 126.172 399
-61.6783 126.172 399
-62.3585 126.172 399
-63.0387 126.172 399
-63.7189 126.172 399
-64.3991 126.172 399
-65.2424 126.488 400
-65.9243 126.488 400
-66.6062 126.488 400
-67.2881 126.488 400
-67.97 126.488 400
-68.6519 126.488 400
-69.3338 126.488 400
-70.0157 126.488 400
-70.8744 126.805 401
-71.558 126.805 401
-72.2416 126.805 401
-73.107 127.121 402
-73.9759 127.437 403
-74.6629 127.437 403
-75.5369 127.753 404
-76.4143 128.07 405
-77.1047 128.07 405
-77.7951 128.07 405
-78.4856 128.07 405
-79.3715 128.386 406
-80.0636 128.386 406
-80.7557 128.386 406
-81.6485 128.702 407
-82.9492 129.651 410
-83.6482 129.651 410
-84.9643 130.599 413
-86.0832 131.232 415
-86.7907 131.232 415
-87.4982 131.232 415
-88.6307 131.864 417
-89.7701 132.497 419
-90.4844 132.497 419
-92.0693 133.762 423
-93.4485 134.71 426
-94.1747 134.71 426
-95.1237 135.026 427
-96.0761 135.343 428
-97.2581 135.975 430
-98.2191 136.291 431
-98.9538 136.291 431
-99.9198 136.608 432
-100.656 136.608 432
-101.393 136.608 432
-102.129 136.608 432
-103.104 136.924 433
-103.842 136.924 433
-104.58 136.924 433
-105.318 136.924 433
-106.056 136.924 433
-106.795 136.924 433
-107.781 137.24 434
-109.021 137.872 436
-110.016 138.189 437
-110.761 138.189 437
-112.016 138.821 439
-113.022 139.137 440
-113.772 139.137 440
-115.303 140.086 443
-117.106 141.351 447
-117.868 141.351 447
-119.161 141.983 449
-119.926 141.983 449
-120.691 141.983 449
-121.457 141.983 449
-122.494 142.3 450
-123.536 142.616 451
-125.131 143.564 454
-125.905 143.564 454
-126.958 143.881 455
-127.734 143.881 455
-128.509 143.881 455
-847.352 718.771 2273
-851.227 718.771 2273
-855.102 718.771 2273
-854.442 714.976 2261
-854.5 711.814 2251
-858.337 711.814 2251
-856.429 707.07 2236
-852.162 700.43 2215
-852.847 697.9 2207
-854.28 696.003 2201
-858.032 696.003 2201
-853.954 689.678 2181
-854.132 686.832 2172
-856.65 685.884 2169
-860.348 685.884 2169
-864.045 685.884 2169
-867.743 685.884 2169
-870.637 685.251 2167
-874.331 685.251 2167
-878.026 685.251 2167
-881.72 685.251 2167
-884.188 684.303 2164
-887.877 684.303 2164
-891.566 684.303 2164
-892.773 682.405 2158
-895.206 681.457 2155
-898.88 681.457 2155
-901.716 680.824 2153
-904.124 679.876 2150
-906.523 678.927 2147
-910.183 678.927 2147
-911.715 677.346 2142
-915.366 677.346 2142
-917.731 676.397 2139
-921.377 676.397 2139
-923.726 675.448 2136
-926.065 674.5 2133
-928.83 673.867 2131
-932.463 673.867 2131
-936.095 673.867 2131
-938.405 672.919 2128
-940.705 671.97 2125
-944.328 671.97 2125
-945.72 670.389 2120
-949.334 670.389 2120
-951.599 669.44 2117
-955.208 669.44 2117
-958.817 669.44 2117
-958.789 666.91 2109
-961.016 665.962 2106
-964.606 665.962 2106
-968.196 665.962 2106
-971.786 665.962 2106
-974.45 665.329 2104
-978.037 665.329 2104
-980.224 664.381 2101
-983.806 664.381 2101
-987.387 664.381 2101
-990.969 664.381 2101
-992.184 662.8 2096
-995.757 662.8 2096
-996.946 661.218 2091
-1000.51 661.218 2091
-997.833 657.108 2078
-998.484 655.21 2072
-998.631 652.997 2065
-1002.15 652.997 2065
-1004.21 652.048 2062
-1004.3 649.835 2055
-1007.81 649.835 2055
-1011.31 649.835 2055
-1009.38 646.356 2044
-1009.4 644.143 2037
-1009.39 641.929 2030
-1012.85 641.929 2030
-1008.8 637.186 2015
-1010.73 636.237 2012
-1012.14 634.972 2008
-1015.57 634.972 2008
-1017.47 634.023 2005
-1019.87 633.391 2003
-1021.75 632.442 2000
-1025.16 632.442 2000
-1026.51 631.177 1996
748.114 1286.05 4089
741.144 1286.05 4089
734.173 1286.05 4089
725.424 1282.91 4079
718.47 1282.91 4079
711.516 1282.91 4079
704.563 1282.91 4079
695.899 1279.76 4069
688.962 1279.76 4069
682.026 1279.76 4069
675.089 1279.76 4069
668.152 1279.76 4069
661.216 1279.76 4069
654.279 1279.76 4069
636.583 1286.05 4089
629.612 1286.05 4089
622.641 1286.05 4089
614.165 1282.91 4079
607.211 1282.91 4079
-29.6103 134.298 427
-30.3382 134.298 427
-31.0661 134.298 427
-31.7941 134.298 427
-32.522 134.298 427
-33.172 133.983 426
-33.8983 133.983 426
-34.4619 133.354 424
-34.9358 132.411 421
-35.6535 132.411 421
-35.5937 129.58 412
-36.296 129.58 412
-36.9086 129.266 411
-37.5177 128.951 410
-38.2167 128.951 410
-38.8207 128.637 409
-39.4213 128.322 408
-40.0185 128.008 407
-40.6123 127.693 406
-41.3045 127.693 406
-41.9966 127.693 406
-42.6887 127.693 406
-43.274 127.379 405
-43.9644 127.379 405
-44.6548 127.379 405
-45.3453 127.379 405
-45.922 127.064 404
-46.6107 127.064 404
-47.2995 127.064 404
-47.8694 126.75 403
-48.5564 126.75 403
-49.2434 126.75 403
-49.9304 126.75 403
-50.4918 126.435 402
-51.1771 126.435 402
-51.8625 126.435 402
-52.5478 126.435 402
-53.1007 126.121 401
-53.7843 126.121 401
-54.4679 126.121 401
-55.1515 126.121 401
-55.6958 125.806 400
-56.3777 125.806 400
-57.0596 125.806 400
-57.7415 125.806 400
-58.4234 125.806 400
-59.1053 125.806 400
-59.7872 125.806 400
-60.4691 125.806 400
-60.9981 125.492 399
-61.6783 125.492 399
-62.5148 125.806 400
-63.1967 125.806 400
-63.8786 125.806 400
-64.5605 125.806 400
-65.2424 125.806 400
-65.9243 125.806 400
-66.6062 125.806 400
-67.2881 125.806 400
-67.97 125.806 400
-68.6519 125.806 400
-69.3338 125.806 400
-70.0157 125.806 400
-70.8744 126.121 401
-71.558 126.121 401
-72.2416 126.121 401
-73.107 126.435 402
-73.9759 126.75 403
-74.6629 126.75 403
-75.5369 127.064 404
-76.4143 127.379 405
-77.1047 127.379 405
-77.7951 127.379 405
-78.4856 127.379 405
-79.3715 127.693 406
-80.0636 127.693 406
-80.7557 127.693 406
-81.6485 128.008 407
-82.9492 128.951 410
-83.6482 128.951 410
-84.9643 129.895 413
-86.0832 130.524 415
-86.7907 130.524 415
-87.4982 130.524 415
-88.6307 131.153 417
-89.7701 131.782 419
-90.4844 131.782 419
-92.0693 133.04 423
-93.4485 133.983 426
-94.1747 133.983 426
-95.1237 134.298 427
-96.0761 134.612 428
-97.2581 135.241 430
-98.2191 135.556 431
-98.9538 135.556 431
-99.9198 135.871 432
-100.656 135.871 432
-101.627 136.185 433
-102.366 136.185 433
-103.104 136.185 433
-103.842 136.185 433
-104.58 136.185 433
-105.561 136.5 434
-106.301 136.5 434
-107.041 136.5 434
-108.029 136.814 435
-109.271 137.443 437
-110.016 137.443 437
-111.268 138.072 439
-112.271 138.387 440
-113.792 139.33 443
-114.547 139.33 443
-116.083 140.274 446
-117.368 140.903 448
-118.131 140.903 448
-119.161 141.217 449
-120.193 141.532 450
-120.96 141.532 450
-121.727 141.532 450
-122.767 141.846 451
-123.809 142.161 452
-125.131 142.79 454
-126.182 143.104 455
-126.958 143.104 455
-127.734 143.104 455
-128.509 143.104 455
-839.15 707.973 2251
-842.988 707.973 2251
-846.825 707.973 2251
-850.662 707.973 2251
-854.5 707.973 2251
-858.337 707.973 2251
-855.28 702.312 2233
-849.084 694.135 2207
-850.528 692.248 2201
-850.787 689.417 2192
-854.524 689.417 2192
-850.43 683.127 2172
-852.166 681.554 2167
-855.86 681.554 2167
-859.555 681.554 2167
-863.249 681.554 2167
-866.943 681.554 2167
-870.637 681.554 2167
-874.331 681.554 2167
-878.026 681.554 2167
-881.72 681.554 2167
-884.188 680.611 2164
-887.877 680.611 2164
-891.566 680.611 2164
-892.773 678.724 2158
-895.206 677.78 2155
-898.88 677.78 2155
-901.716 677.151 2153
-904.124 676.207 2150
-906.523 675.264 2147
-910.183 675.264 2147
-911.715 673.691 2142
-915.366 673.691 2142
-917.731 672.748 2139
-921.377 672.748 2139
-923.726 671.804 2136
-926.065 670.861 2133
-928.83 670.232 2131
-932.463 670.232 2131
-936.095 670.232 2131
-938.405 669.288 2128
-940.705 668.345 2125
-944.328 668.345 2125
-945.72 666.772 2120
-947.99 665.828 2117
-951.599 665.828 2117
-955.208 665.828 2117
-957.458 664.885 2114
-956.516 661.74 2104
-961.016 662.369 2106
-964.606 662.369 2106
-968.196 662.369 2106
-971.786 662.369 2106
-975.376 662.369 2106
-976.642 660.796 2101
-978.824 659.853 2098
-982.401 659.853 2098
-985.977 659.853 2098
-989.554 659.853 2098
-992.184 659.224 2096
-994.332 658.28 2093
-997.9 658.28 2093
-1000.51 657.651 2091
-996.392 652.619 2075
-998.484 651.675 2072
-998.631 649.474 2065
-1002.15 649.474 2065
-1000.8 646.328 2055
-1004.3 646.328 2055
-1004.87 644.441 2049
-1008.36 644.441 2049
-1009.38 642.869 2044
-1009.4 640.667 2037
-1007.9 637.522 2027
-1011.35 637.522 2027
-1008.8 633.748 2015
-1010.73 632.804 2012
-1010.63 630.603 2005
-1014.05 630.603 2005
-1016.45 629.974 2003
-1017.32 628.401 1998
-1020.73 628.401 1998
-1024.13 628.401 1998
-1024.97 626.828 1993
725.424 1275.95 4079
718.47 1275.95 4079
711.516 1275.95 4079
704.563 1275.95 4079
695.899 1272.82 4069
688.962 1272.82 4069
682.026 1272.82 4069
675.089 1272.82 4069
668.152 1272.82 4069
661.216 1272.82 4069
-29.6103 133.569 427
-30.3382 133.569 427
-31.0661 133.569 427
-31.7941 133.569 427
-32.522 133.569 427
-33.172 133.257 426
-33.8983 133.257 426
-34.4619 132.631 424
-34.8528 131.38 420
-35.5688 131.38 420
-35.5937 128.877 412
-36.296 128.877 412
-36.9086 128.564 411
-37.5177 128.252 410
-38.2167 128.252 410
-38.8207 127.939 409
-39.4213 127.626 408
-40.0185 127.313 407
-40.6123 127 406
-41.3045 127 406
-41.9966 127 406
-42.6887 127 406
-43.3808 127 406
-44.073 127 406
-44.6548 126.688 405
-45.3453 126.688 405
-46.0357 126.688 405
-46.7261 126.688 405
-47.2995 126.375 404
-47.9882 126.375 404
-48.6769 126.375 404
-49.3656 126.375 404
-50.0543 126.375 404
-50.6174 126.062 403
-51.3045 126.062 403
-51.9915 126.062 403
-52.5478 125.749 402
-53.2331 125.749 402
-53.9184 125.749 402
-54.6037 125.749 402
-55.1515 125.436 401
-55.8351 125.436 401
-56.5187 125.436 401
-57.2023 125.436 401
-57.8859 125.436 401
-58.5695 125.436 401
-59.1053 125.124 400
-59.7872 125.124 400
-60.4691 125.124 400
-61.151 125.124 400
-61.8329 125.124 400
-62.5148 125.124 400
-63.1967 125.124 400
-63.8786 125.124 400
-64.5605 125.124 400
-65.2424 125.124 400
-65.9243 125.124 400
-66.6062 125.124 400
-67.2881 125.124 400
-67.97 125.124 400
-68.6519 125.124 400
-69.3338 125.124 400
-70.1908 125.436 401
-70.8744 125.436 401
-71.558 125.436 401
-72.2416 125.436 401
-73.107 125.749 402
-74.1595 126.375 404
-74.8482 126.375 404
-75.5369 126.375 404
-76.4143 126.688 405
-77.1047 126.688 405
-77.7951 126.688 405
-78.4856 126.688 405
-79.3715 127 406
-80.0636 127 406
-80.7557 127 406
-81.6485 127.313 407
-82.3423 127.313 407
-83.0361 127.313 407
-84.9643 129.19 413
-86.4981 130.441 417
-87.209 130.441 417
-87.9199 130.441 417
-89.0558 131.067 419
-89.7701 131.067 419
-91.1323 132.005 422
-92.5046 132.944 425
-93.4485 133.257 426
-94.1747 133.257 426
-95.1237 133.569 427
-96.3006 134.195 429
-97.032 134.195 429
-98.2191 134.821 431
-98.9538 134.821 431
-99.9198 135.133 432
-100.656 135.133 432
-101.627 135.446 433
-102.366 135.446 433
-103.104 135.446 433
-103.842 135.446 433
-104.58 135.446 433
-105.561 135.759 434
-106.301 135.759 434
-107.041 135.759 434
-108.029 136.072 435
-109.271 136.698 437
-110.016 136.698 437
-111.268 137.323 439
-112.271 137.636 440
-113.792 138.574 443
-114.547 138.574 443
-116.083 139.513 446
-117.368 140.138 448
-118.131 140.138 448
-119.161 140.451 449
-120.193 140.764 450
-120.96 140.764 450
-121.727 140.764 450
-122.767 141.077 451
-124.083 141.702 453
-125.131 142.015 454
-126.46 142.641 456
-127.237 142.641 456
-128.015 142.641 456
-128.792 142.641 456
-836.914 702.256 2245
-840.741 702.256 2245
-844.568 702.256 2245
-848.395 702.256 2245
-848.806 699.441 2236
-852.618 699.441 2236
-848.386 692.872 2215
-846.776 688.493 2201
-847.05 685.677 2192
-845.353 681.298 2178
-849.066 681.298 2178
-848.472 677.857 2167
-848.627 675.042 2158
-852.306 675.042 2158
-855.985 675.042 2158
-859.664 675.042 2158
-865.743 676.919 2164
-869.432 676.919 2164
-873.121 676.919 2164
-876.81 676.919 2164
-880.499 676.919 2164
-884.188 676.919 2164
-887.877 676.919 2164
-889.094 675.042 2158
-892.773 675.042 2158
-895.206 674.103 2155
-898.88 674.103 2155
-900.459 672.539 2150
-902.863 671.601 2147
-905.256 670.662 2144
-908.911 670.662 2144
-911.715 670.037 2142
-914.084 669.098 2139
-916.444 668.16 2136
-920.085 668.16 2136
-923.726 668.16 2136
-925.197 666.596 2131
-928.83 666.596 2131
-932.463 666.596 2131
-934.778 665.657 2128
-937.082 664.719 2125
-940.705 664.719 2125
-942.106 663.155 2120
-945.72 663.155 2120
-947.99 662.217 2117
-951.599 662.217 2117
-955.208 662.217 2117
-957.458 661.278 2114
-956.516 658.15 2104
-961.016 658.776 2106
-964.606 658.776 2106
-968.196 658.776 2106
-971.786 658.776 2106
-975.376 658.776 2106
-976.642 657.212 2101
-978.824 656.273 2098
-982.401 656.273 2098
-985.977 656.273 2098
-989.554 656.273 2098
-992.184 655.648 2096
-994.332 654.709 2093
-997.9 654.709 2093
-1000.51 654.083 2091
-996.392 649.079 2075
-998.484 648.14 2072
-998.631 645.951 2065
-1002.15 645.951 2065
-1000.8 642.822 2055
-1004.3 642.822 2055
-1003.88 640.32 2047
-1007.37 640.32 2047
-1008.39 638.756 2042
-1009.4 637.192 2037
-1007.9 634.064 2027
-1011.35 634.064 2027
-1007.3 629.372 2012
-1008.72 628.12 2008
-1009.62 626.556 2003
-1013.04 626.556 2003
-1013.92 624.992 1998
-1016.3 624.367 1996
-1018.17 623.428 1993
-1021.57 623.428 1993
-1022.4 621.864 1988
725.424 1268.99 4079
718.47 1268.99 4079
711.516 1268.99 4079
704.563 1268.99 4079
695.899 1265.88 4069
688.962 1265.88 4069
682.026 1265.88 4069
675.089 1265.88 4069
668.152 1265.88 4069
661.216 1265.88 4069
-19.917 141.552 455
-20.6927 141.552 455
-21.4684 141.552 455
-29.6103 132.841 427
-30.3382 132.841 427
-31.0661 132.841 427
-31.7941 132.841 427
-32.522 132.841 427
-33.172 132.53 426
-33.8983 132.53 426
-34.4619 131.908 424
-34.9358 130.974 421
-35.6535 130.974 421
-35.5937 128.174 412
-36.2079 127.863 411
-36.8188 127.552 410
-37.4262 127.241 409
-38.1235 127.241 409
-38.8207 127.241 409
-39.4213 126.93 408
-40.0185 126.619 407
-40.7124 126.619 407
-41.4062 126.619 407
-41.9966 126.308 406
-42.6887 126.308 406
-43.3808 126.308 406
-44.073 126.308 406
-44.6548 125.997 405
-45.3453 125.997 405
-46.0357 125.997 405
-46.7261 125.997 405
-47.2995 125.686 404
-47.9882 125.686 404
-48.6769 125.686 404
-49.3656 125.686 404
-50.0543 125.686 404
-50.6174 125.374 403
-51.3045 125.374 403
-51.9915 125.374 403
-52.5478 125.063 402
-53.2331 125.063 402
-53.9184 125.063 402
-54.6037 125.063 402
-55.1515 124.752 401
-55.8351 124.752 401
-56.5187 124.752 401
-57.2023 124.752 401
-57.8859 124.752 401
-58.5695 124.752 401
-59.2531 124.752 401
-59.9367 124.752 401
-60.4691 124.441 400
-61.151 124.441 400
-61.8329 124.441 400
-62.5148 124.441 400
-63.1967 124.441 400
-63.8786 124.441 400
-64.5605 124.441 400
-65.2424 124.441 400
-65.9243 124.441 400
-66.6062 124.441 400
-67.2881 124.441 400
-67.97 124.441 400
-68.6519 124.441 400
-69.3338 124.441 400
-70.1908 124.752 401
-70.8744 124.752 401
-71.558 124.752 401
-72.4217 125.063 402
-73.107 125.063 402
-74.1595 125.686 404
-74.8482 125.686 404
-75.7239 125.997 405
-76.4143 125.997 405
-77.1047 125.997 405
-77.7951 125.997 405
-78.6794 126.308 406
-79.3715 126.308 406
-80.0636 126.308 406
-80.7557 126.308 406
-81.4479 126.308 406
-82.14 126.308 406
-86.7055 130.041 418
-87.4181 130.041 418
-88.1307 130.041 418
-89.4809 130.974 421
-90.1986 130.974 421
-91.3482 131.597 423
-92.5046 132.219 425
-93.4485 132.53 426
-94.1747 132.53 426
-95.3465 133.152 428
-96.3006 133.463 429
-97.032 133.463 429
-98.2191 134.085 431
-99.1834 134.396 432
-99.9198 134.396 432
-100.656 134.396 432
-101.627 134.708 433
-102.366 134.708 433
-103.104 134.708 433
-103.842 134.708 433
-104.822 135.019 434
-105.561 135.019 434
-106.546 135.33 435
-107.288 135.33 435
-108.278 135.641 436
-109.771 136.574 439
-110.52 136.574 439
-111.521 136.885 440
-112.271 136.885 440
-113.792 137.819 443
-114.547 137.819 443
-116.083 138.752 446
-117.63 139.685 449
-118.395 139.685 449
-119.426 139.996 450
-120.46 140.307 451
-121.229 140.307 451
-121.998 140.307 451
-123.039 140.618 452
-124.083 140.93 453
-124.856 140.93 453
-126.46 141.863 456
-127.237 141.863 456
-128.015 141.863 456
-128.792 141.863 456
-832.44 694.693 2233
-836.247 694.693 2233
-840.054 694.693 2233
-843.86 694.693 2233
-846.528 693.759 2230
-850.33 693.759 2230
-844.173 685.671 2204
-841.005 680.071 2186
-841.64 677.582 2178
-844.189 676.649 2175
-845.557 674.782 2169
-846.123 672.293 2161
-847.447 670.427 2155
-851.121 670.427 2155
-855.985 671.36 2158
-859.664 671.36 2158
-863.342 671.36 2158
-867.021 671.36 2158
-870.7 671.36 2158
-876.81 673.227 2164
-880.499 673.227 2164
-884.188 673.227 2164
-886.646 672.293 2161
-889.094 671.36 2158
-891.532 670.427 2155
-895.206 670.427 2155
-898.045 669.804 2153
-900.459 668.871 2150
-901.601 667.005 2144
-904.412 666.382 2142
-908.063 666.382 2142
-910.438 665.449 2139
-912.802 664.516 2136
-916.444 664.516 2136
-920.085 664.516 2136
-922.429 663.582 2133
-925.197 662.96 2131
-928.83 662.96 2131
-931.15 662.027 2128
-934.778 662.027 2128
-937.082 661.094 2125
-940.705 661.094 2125
-942.106 659.538 2120
-945.72 659.538 2120
-947.99 658.605 2117
-951.599 658.605 2117
-955.208 658.605 2117
-957.458 657.671 2114
-956.516 654.56 2104
-961.016 655.183 2106
-964.606 655.183 2106
-968.196 655.183 2106
-971.786 655.183 2106
-975.376 655.183 2106
-975.248 652.694 2098
-978.824 652.694 2098
-982.401 652.694 2098
-985.977 652.694 2098
-988.611 652.072 2096
-992.184 652.072 2096
-994.332 651.138 2093
-997.9 651.138 2093
-1000.51 650.516 2091
-996.392 645.538 2075
-998.484 644.605 2072
-998.631 642.427 2065
-1002.15 642.427 2065
-1000.8 639.316 2055
-1004.3 639.316 2055
-1003.88 636.828 2047
-1007.37 636.828 2047
-1008.39 635.272 2042
-1009.4 633.717 2037
-1007.9 630.606 2027
-1011.35 630.606 2027
-1007.3 625.939 2012
-1008.72 624.695 2008
-1009.62 623.139 2003
-1013.04 623.139 2003
-1013.92 621.583 1998
-1016.3 620.961 1996
-1018.17 620.028 1993
-1021.57 620.028 1993
-1022.4 618.472 1988
-18.4061 141.085 456
-19.1834 141.085 456
-19.9608 141.085 456
-20.7382 141.085 456
-21.5155 141.085 456
-22.2929 141.085 456
-23.0703 141.085 456
-23.7953 140.776 455
-24.463 140.157 453
-25.1795 139.847 452
-25.8353 139.229 450
-26.6024 139.229 450
-29.6103 132.112 427
-30.3382 132.112 427
-31.0661 132.112 427
-31.7196 131.803 426
-32.4458 131.803 426
-33.172 131.803 426
-33.8983 131.803 426
-34.4619 131.184 424
-35.0188 130.565 422
-35.7382 130.565 422
-35.5937 127.471 412
-36.2079 127.162 411
-36.729 126.543 409
-37.4262 126.543 409
-38.1235 126.543 409
-38.7258 126.234 408
-39.4213 126.234 408
-40.0185 125.924 407
-40.7124 125.924 407
-41.4062 125.924 407
-42.1 125.924 407
-42.6887 125.615 406
-43.3808 125.615 406
-44.073 125.615 406
-44.7651 125.615 406
-45.3453 125.306 405
-46.0357 125.306 405
-46.7261 125.306 405
-47.4165 125.306 405
-48.107 125.306 405
-48.7974 125.306 405
-49.4878 125.306 405
-50.0543 124.996 404
-50.743 124.996 404
-51.4318 124.996 404
-52.1205 124.996 404
-52.6785 124.687 403
-53.3655 124.687 403
-53.9184 124.377 402
-54.6037 124.377 402
-55.289 124.377 402
-55.8351 124.068 401
-56.5187 124.068 401
-57.2023 124.068 401
-57.8859 124.068 401
-58.5695 124.068 401
-59.2531 124.068 401
-59.9367 124.068 401
-60.4691 123.759 400
-61.151 123.759 400
-61.8329 123.759 400
-62.5148 123.759 400
-63.1967 123.759 400
-63.8786 123.759 400
-64.5605 123.759 400
-65.2424 123.759 400
-65.9243 123.759 400
-66.6062 123.759 400
-67.2881 123.759 400
-67.97 123.759 400
-68.6519 123.759 400
-69.3338 123.759 400
-70.1908 124.068 401
-70.8744 124.068 401
-71.558 124.068 401
-72.4217 124.377 402
-73.107 124.377 402
-74.1595 124.996 404
-74.8482 124.996 404
-75.7239 125.306 405
-76.4143 125.306 405
-77.1047 125.306 405
-77.7951 125.306 405
-78.6794 125.615 406
-79.3715 125.615 406
-80.0636 125.615 406
-80.7557 125.615 406
-81.4479 125.615 406
-82.14 125.615 406
-86.7055 129.328 418
-87.4181 129.328 418
-88.3415 129.637 419
-89.4809 130.256 421
-90.1986 130.256 421
-91.5642 131.184 424
-92.5046 131.494 425
-93.4485 131.803 426
-94.1747 131.803 426
-95.3465 132.422 428
-96.5251 133.041 430
-97.2581 133.041 430
-98.4469 133.659 432
-99.1834 133.659 432
-100.151 133.969 433
-100.889 133.969 433
-101.627 133.969 433
-102.602 134.278 434
-103.342 134.278 434
-104.082 134.278 434
-105.063 134.588 435
-106.048 134.897 436
-106.791 134.897 436
-107.534 134.897 436
-109.023 135.825 439
-110.021 136.135 440
-110.771 136.135 440
-111.521 136.135 440
-112.782 136.753 442
-114.306 137.682 445
-115.065 137.682 445
-116.604 138.61 448
-117.892 139.229 450
-118.659 139.229 450
-119.691 139.538 451
-120.46 139.538 451
-121.498 139.847 452
-122.268 139.847 452
-123.039 139.847 452
-124.083 140.157 453
-124.856 140.157 453
-126.46 141.085 456
-127.237 141.085 456
-128.015 141.085 456
-128.792 141.085 456
-832.44 690.883 2233
-836.247 690.883 2233
-840.054 690.883 2233
-843.86 690.883 2233
-846.528 689.955 2230
-850.33 689.955 2230
-844.173 681.91 2204
-841.005 676.341 2186
-841.64 673.866 2178
-844.189 672.938 2175
-845.557 671.082 2169
-846.123 668.606 2161
-847.447 666.75 2155
-851.121 666.75 2155
-855.985 667.678 2158
-859.664 667.678 2158
-863.342 667.678 2158
-867.021 667.678 2158
-870.7 667.678 2158
-874.379 667.678 2158
-878.058 667.678 2158
-881.737 667.678 2158
-885.415 667.678 2158
-887.034 666.131 2153
-890.705 666.131 2153
-894.375 666.131 2153
-896.794 665.203 2150
-899.203 664.275 2147
-900.76 662.728 2142
-904.412 662.728 2142
-908.063 662.728 2142
-910.438 661.8 2139
-912.802 660.871 2136
-916.444 660.871 2136
-918.793 659.943 2133
-921.564 659.325 2131
-923.894 658.396 2128
-927.522 658.396 2128
-931.15 658.396 2128
-933.46 657.468 2125
-935.759 656.54 2122
-939.377 656.54 2122
-942.106 655.921 2120
-944.381 654.993 2117
-947.99 654.993 2117
-951.599 654.993 2117
-953.855 654.065 2114
-957.458 654.065 2114
-956.516 650.971 2104
-960.103 650.971 2104
-963.69 650.971 2104
-967.276 650.971 2104
-968.095 649.114 2098
-971.671 649.114 2098
-974.318 648.496 2096
-977.891 648.496 2096
-981.464 648.496 2096
-985.037 648.496 2096
-988.611 648.496 2096
-989.817 646.949 2091
-993.382 646.949 2091
-996.946 646.949 2091
-994.291 642.926 2078
-996.392 641.998 2075
-995.111 638.904 2065
-998.631 638.904 2065
-998.269 636.429 2057
-997.88 633.954 2049
-1001.37 633.954 2049
-1002.41 632.407 2044
-1005.9 632.407 2044
-1006.91 630.86 2039
-1004.44 627.147 2027
-1000.44 622.506 2012
-1003.87 622.506 2012
-1005.3 621.269 2008
-1006.21 619.722 2003
-1007.1 618.175 1998
-1010.51 618.175 1998
-1012.9 617.556 1996
-1013.76 616.009 1991
-1015.62 615.081 1988
-1019.01 615.081 1988
-1020.34 613.843 1984
-18.4061 140.307 456
-19.1834 140.307 456
-19.9608 140.307 456
-20.7382 140.307 456
-21.5155 140.307 456
-22.2929 140.307 456
-23.0703 140.307 456
-23.7953 139.999 455
-24.463 139.384 453
-25.1795 139.076 452
-25.8353 138.461 450
-26.6024 138.461 450
-29.6103 131.384 427
-30.3382 131.384 427
-31.0661 131.384 427
-31.7196 131.076 426
-32.4458 131.076 426
-33.172 131.076 426
-33.8983 131.076 426
-34.4619 130.461 424
-35.1847 130.461 424
-35.9076 130.461 424
-36.3712 129.538 421
-36.2079 126.461 411
-36.8188 126.153 410
-37.5177 126.153 410
-38.2167 126.153 410
-38.8207 125.845 409
-39.4213 125.538 408
-40.1169 125.538 408
-40.8124 125.538 408
-41.4062 125.23 407
-42.1 125.23 407
-42.7939 125.23 407
-43.3808 124.922 406
-44.073 124.922 406
-44.7651 124.922 406
-45.4572 124.922 406
-46.0357 124.615 405
-46.7261 124.615 405
-47.4165 124.615 405
-48.107 124.615 405
-48.7974 124.615 405
-49.4878 124.615 405
-50.1782 124.615 405
-50.743 124.307 404
-51.4318 124.307 404
-52.1205 124.307 404
-52.8092 124.307 404
-53.3655 123.999 403
-54.0525 123.999 403
-54.7395 123.999 403
-55.289 123.692 402
-55.9743 123.692 402
-56.5187 123.384 401
-57.2023 123.384 401
-57.8859 123.384 401
-58.5695 123.384 401
-59.2531 123.384 401
-59.9367 123.384 401
-60.6203 123.384 401
-61.3039 123.384 401
-61.8329 123.076 400
-62.5148 123.076 400
-63.1967 123.076 400
-63.8786 123.076 400
-64.5605 123.076 400
-65.2424 123.076 400
-65.9243 123.076 400
-66.6062 123.076 400
-67.2881 123.076 400
-67.97 123.076 400
-68.6519 123.076 400
-69.5071 123.384 401
-70.1908 123.384 401
-70.8744 123.384 401
-71.558 123.384 401
-72.4217 123.692 402
-73.2889 123.999 403
-74.1595 124.307 404
-74.8482 124.307 404
-75.7239 124.615 405
-76.4143 124.615 405
-77.1047 124.615 405
-77.7951 124.615 405
-78.6794 124.922 406
-79.3715 124.922 406
-80.0636 124.922 406
-86.7055 128.615 418
-87.4181 128.615 418
-88.3415 128.922 419
-89.4809 129.538 421
-90.1986 129.538 421
-91.5642 130.461 424
-92.5046 130.769 425
-93.4485 131.076 426
-94.1747 131.076 426
-95.3465 131.692 428
-96.5251 132.307 430
-97.2581 132.307 430
-98.4469 132.922 432
-99.1834 132.922 432
-100.151 133.23 433
-100.889 133.23 433
-101.862 133.538 434
-102.602 133.538 434
-103.58 133.845 435
-104.322 133.845 435
-105.305 134.153 436
-106.534 134.768 438
-107.281 134.768 438
-108.274 135.076 439
-109.271 135.384 440
-110.271 135.692 441
-111.023 135.692 441
-112.028 135.999 442
-113.292 136.615 444
-114.306 136.922 445
-115.582 137.538 447
-116.864 138.153 449
-117.892 138.461 450
-118.659 138.461 450
-119.691 138.768 451
-120.727 139.076 452
-121.498 139.076 452
-122.268 139.076 452
-123.039 139.076 452
-124.083 139.384 453
-124.856 139.384 453
-126.46 140.307 456
-127.237 140.307 456
-128.015 140.307 456
-128.792 140.307 456
-832.44 687.073 2233
-836.247 687.073 2233
-840.054 687.073 2233
-843.86 687.073 2233
-840.834 681.535 2215
-844.61 681.535 2215
-843.024 677.227 2201
-840.236 671.996 2184
-840.481 669.227 2175
-844.189 669.227 2175
-845.557 667.381 2169
-846.123 664.919 2161
-847.447 663.073 2155
-851.121 663.073 2155
-854.795 663.073 2155
-858.468 663.073 2155
-863.342 663.996 2158
-867.021 663.996 2158
-870.7 663.996 2158
-874.379 663.996 2158
-878.058 663.996 2158
-881.737 663.996 2158
-885.415 663.996 2158
-887.034 662.458 2153
-890.705 662.458 2153
-894.375 662.458 2153
-896.794 661.535 2150
-899.203 660.612 2147
-900.76 659.073 2142
-904.412 659.073 2142
-908.063 659.073 2142
-910.438 658.15 2139
-912.802 657.227 2136
-916.444 657.227 2136
-918.793 656.304 2133
-921.564 655.689 2131
-923.894 654.766 2128
-927.522 654.766 2128
-931.15 654.766 2128
-933.46 653.843 2125
-935.759 652.92 2122
-939.377 652.92 2122
-942.106 652.304 2120
-943.043 650.458 2114
-946.647 650.458 2114
-950.251 650.458 2114
-953.855 650.458 2114
-956.553 649.843 2112
-955.152 646.458 2101
-958.734 646.458 2101
-960.941 645.535 2098
-963.599 644.92 2096
-967.172 644.92 2096
-970.745 644.92 2096
-971.994 643.381 2091
-972.759 641.535 2085
-975.377 640.92 2083
-978.928 640.92 2083
-981.064 639.997 2080
-984.61 639.997 2080
-984.355 637.535 2072
-987.887 637.535 2072
-991.42 637.535 2072
-989.19 633.843 2060
-984.991 628.92 2044
-983.64 625.843 2034
-987.107 625.843 2034
-987.165 623.689 2027
-989.644 623.074 2025
-990.643 621.535 2020
-994.087 621.535 2020
-996.049 620.612 2017
-997.01 619.074 2012
-998.451 617.843 2008
-1001.87 617.843 2008
-1000.29 614.766 1998
-1001.19 613.227 1993
-1002.06 611.689 1988
-1005.45 611.689 1988
-1006.81 610.458 1984
-1010.19 610.458 1984
-1011.02 608.92 1979
-1014.39 608.92 1979
-1017.77 608.92 1979
-13.0782 140.753 460
-13.8624 140.753 460
-14.6466 140.753 460
-15.4308 140.753 460
-16.1445 140.141 458
-16.9253 140.141 458
-17.6674 139.835 457
-18.4464 139.835 457
-19.1834 139.529 456
-19.9608 139.529 456
-20.7382 139.529 456
-21.5155 139.529 456
-22.2929 139.529 456
-23.0703 139.529 456
-23.8476 139.529 456
-24.517 138.917 454
-25.1795 138.305 452
-25.8927 137.999 451
-26.6615 137.999 451
-27.3695 137.693 450
-29.5409 130.349 426
-30.2672 130.349 426
-30.9934 130.349 426
-31.7196 130.349 426
-32.4458 130.349 426
-33.172 130.349 426
-33.8983 130.349 426
-34.4619 129.737 424
-35.1847 129.737 424
-35.9076 129.737 424
-36.3712 128.819 421
-36.2079 125.76 411
-36.8188 125.454 410
-37.5177 125.454 410
-38.2167 125.454 410
-38.8207 125.148 409
-39.4213 124.842 408
-40.1169 124.842 408
-40.8124 124.842 408
-41.4062 124.536 407
-42.1 124.536 407
-42.7939 124.536 407
-43.4877 124.536 407
-44.1815 124.536 407
-44.7651 124.23 406
-45.4572 124.23 406
-46.0357 123.924 405
-46.7261 123.924 405
-47.4165 123.924 405
-48.107 123.924 405
-48.7974 123.924 405
-49.4878 123.924 405
-50.1782 123.924 405
-50.8686 123.924 405
-51.4318 123.618 404
-52.1205 123.618 404
-52.8092 123.618 404
-53.4979 123.618 404
-54.0525 123.312 403
-54.7395 123.312 403
-55.289 123.006 402
-55.9743 123.006 402
-56.6596 123.006 402
-57.3449 123.006 402
-58.0302 123.006 402
-58.7155 123.006 402
-59.2531 122.7 401
-59.9367 122.7 401
-60.6203 122.7 401
-61.3039 122.7 401
-61.9875 122.7 401
-62.6711 122.7 401
-63.3547 122.7 401
-64.0383 122.7 401
-64.7219 122.7 401
-65.4055 122.7 401
-66.0891 122.7 401
-66.7727 122.7 401
-67.4563 122.7 401
-68.1399 122.7 401
-68.8235 122.7 401
-69.5071 122.7 401
-70.1908 122.7 401
-71.0511 123.006 402
-71.7364 123.006 402
-72.4217 123.006 402
-73.2889 123.312 403
-74.1595 123.618 404
-74.8482 123.618 404
-75.7239 123.924 405
-76.4143 123.924 405
-77.1047 123.924 405
-77.7951 123.924 405
-78.4856 123.924 405
-79.176 123.924 405
-86.913 128.208 419
-87.6272 128.208 419
-88.5524 128.514 420
-89.906 129.431 423
-90.6271 129.431 423
-91.7801 130.043 425
-92.7223 130.349 426
-93.6679 130.655 427
-94.3958 130.655 427
-95.3465 130.961 428
-96.5251 131.573 430
-97.2581 131.573 430
-98.4469 132.185 432
-99.413 132.491 433
-100.151 132.491 433
-100.889 132.491 433
-101.862 132.797 434
-102.602 132.797 434
-103.58 133.103 435
-104.322 133.103 435
-105.305 133.409 436
-106.534 134.021 438
-107.281 134.021 438
-108.274 134.327 439
-109.271 134.633 440
-110.271 134.939 441
-111.023 134.939 441
-112.028 135.245 442
-113.292 135.857 444
-114.306 136.163 445
-115.582 136.775 447
-116.864 137.387 449
-117.892 137.693 450
-118.659 137.693 450
-119.691 137.999 451
-120.727 138.305 452
-121.498 138.305 452
-122.268 138.305 452
-123.039 138.305 452
-124.083 138.611 453
-124.856 138.611 453
-126.46 139.529 456
-127.237 139.529 456
-128.015 139.529 456
-128.792 139.529 456
-666.407 614.417 2008
-669.83 614.417 2008
-673.253 614.417 2008
-669.263 607.685 1986
-832.44 683.263 2233
-836.247 683.263 2233
-840.054 683.263 2233
-839.325 679.592 2221
-838.936 676.226 2210
-842.703 676.226 2210
-840.726 671.636 2195
-840.236 668.27 2184
-839.322 664.598 2172
-843.024 664.598 2172
-845.557 663.68 2169
-846.123 661.233 2161
-847.447 659.397 2155
-852.306 660.315 2158
-855.985 660.315 2158
-859.664 660.315 2158
-863.342 660.315 2158
-867.021 660.315 2158
-870.7 660.315 2158
-874.379 660.315 2158
-878.058 660.315 2158
-881.737 660.315 2158
-883.364 658.785 2153
-887.034 658.785 2153
-889.464 657.867 2150
-893.129 657.867 2150
-895.543 656.949 2147
-899.203 656.949 2147
-900.76 655.419 2142
-904.412 655.419 2142
-906.791 654.501 2139
-910.438 654.501 2139
-912.802 653.583 2136
-916.444 653.583 2136
-918.793 652.665 2133
-921.564 652.053 2131
-923.894 651.135 2128
-927.522 651.135 2128
-929.837 650.217 2125
-932.142 649.299 2122
-934.878 648.687 2120
-938.492 648.687 2120
-940.772 647.769 2117
-943.043 646.851 2114
-946.647 646.851 2114
-950.251 646.851 2114
-953.855 646.851 2114
-956.553 646.239 2112
-955.152 642.874 2101
-958.734 642.874 2101
-960.941 641.956 2098
-963.599 641.344 2096
-967.172 641.344 2096
-970.745 641.344 2096
-971.994 639.814 2091
-972.759 637.978 2085
-975.377 637.366 2083
-978.928 637.366 2083
-981.064 636.448 2080
-984.61 636.448 2080
-984.355 634 2072
-987.887 634 2072
-991.42 634 2072
-989.19 630.328 2060
-984.991 625.432 2044
-983.64 622.373 2034
-987.107 622.373 2034
-987.165 620.231 2027
-981.335 614.417 2008
-983.287 613.499 2005
-986.705 613.499 2005
-990.123 613.499 2005
-993.541 613.499 2005
-993.479 611.357 1998
-996.885 611.357 1998
-997.788 609.827 1993
-997.669 607.685 1986
-1000.05 607.073 1984
-1003.43 607.073 1984
-1004.27 605.543 1979
-1007.65 605.543 1979
-1008.47 604.013 1974
-1011.83 604.013 1974
-1014.17 603.401 1972
-13.0782 139.968 460
-13.8624 139.968 460
-14.6466 139.968 460
-15.4308 139.968 460
-16.1797 139.664 459
-16.9622 139.664 459
-17.6674 139.055 457
-18.4464 139.055 457
-19.2255 139.055 457
-20.0046 139.055 457
-20.7382 138.751 456
-21.5155 138.751 456
-22.2929 138.751 456
-23.0703 138.751 456
-23.8476 138.751 456
-24.625 138.751 456
-25.2352 137.838 453
-26.0075 137.838 453
-26.6615 137.23 451
-27.3695 136.925 450
-28.1367 136.925 450
-29.5409 129.623 426
-30.2672 129.623 426
-30.9934 129.623 426
-31.7196 129.623 426
-32.4458 129.623 426
-33.172 129.623 426
-33.8983 129.623 426
-34.6245 129.623 426
-35.3507 129.623 426
-36.0769 129.623 426
-36.6304 129.014 424
-36.2079 125.058 411
-36.8188 124.754 410
-37.5177 124.754 410
-38.2167 124.754 410
-38.8207 124.45 409
-39.4213 124.146 408
-40.1169 124.146 408
-40.8124 124.146 408
-41.5079 124.146 408
-42.1 123.841 407
-42.7939 123.841 407
-43.4877 123.841 407
-44.1815 123.841 407
-44.7651 123.537 406
-45.4572 123.537 406
-46.0357 123.233 405
-46.7261 123.233 405
-47.4165 123.233 405
-48.107 123.233 405
-48.7974 123.233 405
-49.4878 123.233 405
-50.1782 123.233 405
-50.8686 123.233 405
-51.4318 122.928 404
-52.1205 122.928 404
-52.8092 122.928 404
-53.4979 122.928 404
-54.0525 122.624 403
-54.7395 122.624 403
-55.289 122.32 402
-55.9743 122.32 402
-56.6596 122.32 402
-57.3449 122.32 402
-58.0302 122.32 402
-58.7155 122.32 402
-59.4008 122.32 402
-60.0862 122.32 402
-60.7715 122.32 402
-61.4568 122.32 402
-62.1421 122.32 402
-62.8274 122.32 402
-63.3547 122.016 401
-64.0383 122.016 401
-64.7219 122.016 401
-65.4055 122.016 401
-66.0891 122.016 401
-66.7727 122.016 401
-67.4563 122.016 401
-68.1399 122.016 401
-68.8235 122.016 401
-69.5071 122.016 401
-70.1908 122.016 401
-71.0511 122.32 402
-71.7364 122.32 402
-72.6019 122.624 403
-73.4707 122.928 404
-74.1595 122.928 404
-75.0334 123.233 405
-75.7239 123.233 405
-76.4143 123.233 405
-77.1047 123.233 405
-77.9872 123.537 406
-78.6794 123.537 406
-79.3715 123.537 406
-86.913 127.493 419
-87.6272 127.493 419
-88.7632 128.101 421
-90.3311 129.318 425
-91.0556 129.318 425
-91.9961 129.623 426
-92.9399 129.927 427
-93.6679 129.927 427
-94.6169 130.231 428
-95.5693 130.535 429
-96.7496 131.144 431
-97.4843 131.144 431
-98.6748 131.753 433
-99.413 131.753 433
-100.382 132.057 434
-101.122 132.057 434
-101.862 132.057 434
-102.838 132.361 435
-103.58 132.361 435
-104.322 132.361 435
-105.788 133.274 438
-106.778 133.578 439
-107.526 133.578 439
-108.521 133.883 440
-109.519 134.187 441
-110.521 134.491 442
-111.275 134.491 442
-112.535 135.1 444
-113.802 135.708 446
-114.563 135.708 446
-115.84 136.317 448
-117.124 136.925 450
-118.154 137.23 451
-118.922 137.23 451
-119.957 137.534 452
-120.727 137.534 452
-121.498 137.534 452
-122.268 137.534 452
-123.311 137.838 453
-124.083 137.838 453
-124.856 137.838 453
-126.46 138.751 456
-127.237 138.751 456
-128.015 138.751 456
-128.792 138.751 456
-667.071 611.6 2010
-670.497 611.6 2010
-673.924 611.6 2010
-677.351 611.6 2010
-672.648 604.297 1986
-814.173 664.544 2184
-823.139 668.804 2198
-826.887 668.804 2198
-830.634 668.804 2198
-834.381 668.804 2198
-838.128 668.804 2198
-840.726 667.891 2195
-839.081 663.631 2181
-839.322 660.893 2172
-843.024 660.893 2172
-844.778 659.371 2167
-847.297 658.459 2164
-848.627 656.633 2158
-852.306 656.633 2158
-855.985 656.633 2158
-859.664 656.633 2158
-863.342 656.633 2158
-867.021 656.633 2158
-870.7 656.633 2158
-873.163 655.72 2155
-876.837 655.72 2155
-880.511 655.72 2155
-883.364 655.112 2153
-885.798 654.199 2150
-889.464 654.199 2150
-893.129 654.199 2150
-895.543 653.286 2147
-897.946 652.373 2144
-899.499 650.852 2139
-903.145 650.852 2139
-906.791 650.852 2139
-909.161 649.939 2136
-912.802 649.939 2136
-916.444 649.939 2136
-918.793 649.026 2133
-920.267 647.505 2128
-923.894 647.505 2128
-927.522 647.505 2128
-929.837 646.592 2125
-932.142 645.679 2122
-934.878 645.07 2120
-938.492 645.07 2120
-939.439 643.245 2114
-943.043 643.245 2114
-945.751 642.636 2112
-949.352 642.636 2112
-952.952 642.636 2112
-955.194 641.723 2109
-952.879 637.768 2096
-956.452 637.768 2096
-960.025 637.768 2096
-961.3 636.246 2091
-964.865 636.246 2091
-968.429 636.246 2091
-966.88 632.899 2080
-969.493 632.291 2078
-971.631 631.378 2075
-975.168 631.378 2075
-976.347 629.856 2070
-979.876 629.856 2070
-981.03 628.335 2065
-984.55 628.335 2065
-983.285 625.292 2055
-981.507 621.945 2044
-979.208 618.294 2032
-976.869 614.642 2020
-980.313 614.642 2020
-979.86 612.208 2012
-981.335 610.991 2008
-983.287 610.078 2005
-986.705 610.078 2005
-990.123 610.078 2005
-993.541 610.078 2005
-993.479 607.948 1998
-996.885 607.948 1998
-997.788 606.427 1993
-997.669 604.297 1986
-1000.05 603.688 1984
-1003.43 603.688 1984
-1004.27 602.167 1979
-1007.65 602.167 1979
-1008.47 600.646 1974
-1011.83 600.646 1974
-1014.17 600.037 1972
-13.0782 139.183 460
-13.8624 139.183 460
-14.6466 139.183 460
-15.4308 139.183 460
-16.1797 138.881 459
-16.9622 138.881 459
-17.6674 138.276 457
-18.4464 138.276 457
-19.2255 138.276 457
-20.0046 138.276 457
-20.7836 138.276 457
-21.5155 137.973 456
-22.2929 137.973 456
-23.0703 137.973 456
-23.8476 137.973 456
-24.625 137.973 456
-25.2352 137.065 453
-26.0075 137.065 453
-26.6615 136.46 451
-27.4303 136.46 451
-28.1367 136.158 450
-28.133 132.527 438
-28.8823 129.198 427
-29.6103 129.198 427
-30.3382 129.198 427
-31.0661 129.198 427
-31.7196 128.896 426
-32.4458 128.896 426
-33.172 128.896 426
-33.8983 128.896 426
-34.6245 128.896 426
-35.3507 128.896 426
-36.0769 128.896 426
-36.8032 128.896 426
-37.177 127.686 422
-36.9086 124.357 411
-37.6092 124.357 411
-38.3099 124.357 411
-38.9156 124.055 410
-39.5179 123.752 409
-40.1169 123.45 408
-40.8124 123.45 408
-41.5079 123.45 408
-42.2035 123.45 408
-42.899 123.45 408
-43.5945 123.45 408
-44.1815 123.147 407
-44.7651 122.844 406
-45.4572 122.844 406
-46.1494 122.844 406
-46.8415 122.844 406
-47.4165 122.542 405
-48.107 122.542 405
-48.7974 122.542 405
-49.4878 122.542 405
-50.1782 122.542 405
-50.8686 122.542 405
-51.5591 122.542 405
-52.2495 122.542 405
-52.8092 122.239 404
-53.4979 122.239 404
-54.1866 122.239 404
-54.8754 122.239 404
-55.4265 121.937 403
-55.9743 121.634 402
-56.6596 121.634 402
-57.3449 121.634 402
-58.0302 121.634 402
-58.7155 121.634 402
-59.4008 121.634 402
-60.0862 121.634 402
-60.7715 121.634 402
-61.4568 121.634 402
-62.1421 121.634 402
-62.8274 121.634 402
-63.3547 121.332 401
-64.0383 121.332 401
-64.7219 121.332 401
-65.4055 121.332 401
-66.0891 121.332 401
-66.7727 121.332 401
-67.4563 121.332 401
-68.1399 121.332 401
-68.8235 121.332 401
-69.5071 121.332 401
-70.1908 121.332 401
-71.0511 121.634 402
-71.7364 121.634 402
-72.6019 121.937 403
-73.4707 122.239 404
-74.1595 122.239 404
-75.0334 122.542 405
-75.7239 122.542 405
-76.603 122.844 406
-77.2951 122.844 406
-77.9872 122.844 406
-78.6794 122.844 406
-79.3715 122.844 406
-86.913 126.778 419
-88.0455 127.383 421
-89.6066 128.593 425
-90.5436 128.896 426
-91.2699 128.896 426
-92.212 129.198 427
-92.9399 129.198 427
-93.6679 129.198 427
-94.6169 129.501 428
-95.792 130.106 430
-96.974 130.711 432
-97.7105 130.711 432
-98.6748 131.014 433
-99.413 131.014 433
-100.382 131.316 434
-101.122 131.316 434
-101.862 131.316 434
-102.838 131.619 435
-103.58 131.619 435
-104.561 131.922 436
-106.029 132.829 439
-107.021 133.132 440
-107.771 133.132 440
-108.768 133.434 441
-109.768 133.737 442
-110.521 133.737 442
-111.778 134.342 444
-113.042 134.947 446
-114.058 135.25 447
-114.82 135.25 447
-116.099 135.855 449
-117.385 136.46 451
-118.416 136.763 452
-119.186 136.763 452
-119.957 136.763 452
-120.994 137.065 453
-121.767 137.065 453
-122.539 137.065 453
-123.311 137.065 453
-124.083 137.065 453
-124.856 137.065 453
-667.071 608.17 2010
-670.497 608.17 2010
-673.924 608.17 2010
-677.351 608.17 2010
-672.648 600.909 1986
-814.173 660.818 2184
-823.139 665.054 2198
-826.887 665.054 2198
-830.634 665.054 2198
-834.381 665.054 2198
-838.128 665.054 2198
-840.726 664.146 2195
-839.081 659.91 2181
-839.322 657.187 2172
-843.024 657.187 2172
-844.778 655.674 2167
-847.297 654.767 2164
-849.807 653.859 2161
-853.491 653.859 2161
-857.175 653.859 2161
-860.859 653.859 2161
-864.543 653.859 2161
-868.227 653.859 2161
-870.7 652.951 2158
-873.163 652.043 2155
-876.837 652.043 2155
-880.511 652.043 2155
-884.185 652.043 2155
-885.798 650.531 2150
-889.464 650.531 2150
-893.129 650.531 2150
-895.543 649.623 2147
-897.946 648.715 2144
-899.499 647.202 2139
-903.145 647.202 2139
-906.791 647.202 2139
-909.161 646.294 2136
-912.802 646.294 2136
-916.444 646.294 2136
-917.931 644.782 2131
-920.267 643.874 2128
-923.894 643.874 2128
-927.522 643.874 2128
-928.524 642.059 2122
-931.263 641.453 2120
-933.555 640.546 2117
-937.163 640.546 2117
-939.439 639.638 2114
-942.151 639.033 2112
-944.408 638.125 2109
-948.003 638.125 2109
-951.599 638.125 2109
-955.194 638.125 2109
-950.606 632.679 2091
-954.171 632.679 2091
-957.735 632.679 2091
-961.3 632.679 2091
-961.173 630.258 2083
-964.724 630.258 2083
-965.951 628.745 2078
-965.761 626.325 2070
-969.29 626.325 2070
-972.818 626.325 2070
-976.347 626.325 2070
-976.089 623.904 2062
-978.654 623.299 2060
-982.166 623.299 2060
-981.85 620.878 2052
-975.744 614.827 2032
-973.426 611.196 2020
-973 608.776 2012
-976.43 608.776 2012
-977.912 607.565 2008
-979.869 606.658 2005
-980.835 605.145 2000
-984.245 605.145 2000
-987.654 605.145 2000
-990.073 604.54 1998
-992.484 603.934 1996
-995.887 603.934 1996
-995.284 601.514 1988
-996.664 600.304 1984
-997.526 598.791 1979
-1000.9 598.791 1979
-1001.74 597.278 1974
-1004.08 596.673 1972
-1007.44 596.673 1972
-1010.81 596.673 1972
-1013.14 596.068 1970
-13.0782 138.398 460
-13.8624 138.398 460
-14.6466 138.398 460
-15.4308 138.398 460
-16.1797 138.098 459
-16.9622 138.098 459
-17.6674 137.496 457
-18.4464 137.496 457
-19.2255 137.496 457
-20.0046 137.496 457
-20.7836 137.496 457
-21.5155 137.195 456
-22.2929 137.195 456
-23.0703 137.195 456
-23.8476 137.195 456
-24.625 137.195 456
-25.2352 136.292 453
-26.0075 136.292 453
-26.6615 135.691 451
-27.4303 135.691 451
-28.1367 135.39 450
-28.8396 135.089 449
-29.605 135.089 449
-29.2882 130.275 433
-29.957 129.974 432
-30.3382 128.47 427
-31.0661 128.47 427
-31.7196 128.169 426
-32.4458 128.169 426
-33.172 128.169 426
-33.8983 128.169 426
-34.6245 128.169 426
-35.3507 128.169 426
-36.0769 128.169 426
-36.8032 128.169 426
-37.177 126.966 422
-36.9086 123.656 411
-37.6092 123.656 411
-38.3099 123.656 411
-38.9156 123.355 410
-39.5179 123.054 409
-40.2152 123.054 409
-40.9124 123.054 409
-41.6097 123.054 409
-42.3069 123.054 409
-42.899 122.753 408
-43.5945 122.753 408
-44.2901 122.753 408
-44.8754 122.453 407
-45.4572 122.152 406
-46.1494 122.152 406
-46.8415 122.152 406
-47.5336 122.152 406
-48.2257 122.152 406
-48.9179 122.152 406
-49.4878 121.851 405
-50.1782 121.851 405
-50.8686 121.851 405
-51.5591 121.851 405
-52.2495 121.851 405
-52.9399 121.851 405
-53.4979 121.55 404
-54.1866 121.55 404
-54.8754 121.55 404
-55.4265 121.249 403
-56.1135 121.249 403
-56.8006 121.249 403
-57.4876 121.249 403
-58.1746 121.249 403
-58.7155 120.948 402
-59.4008 120.948 402
-60.0862 120.948 402
-60.7715 120.948 402
-61.4568 120.948 402
-62.1421 120.948 402
-62.8274 120.948 402
-63.5127 120.948 402
-64.198 120.948 402
-64.7219 120.647 401
-65.4055 120.647 401
-66.0891 120.647 401
-66.7727 120.647 401
-67.4563 120.647 401
-68.1399 120.647 401
-68.8235 120.647 401
-69.6805 120.948 402
-70.3658 120.948 402
-71.2278 121.249 403
-71.9148 121.249 403
-72.6019 121.249 403
-73.4707 121.55 404
-74.1595 121.55 404
-75.0334 121.851 405
-75.7239 121.851 405
-76.603 122.152 406
-77.2951 122.152 406
-77.9872 122.152 406
-78.6794 122.152 406
-79.3715 122.152 406
-86.913 126.063 419
-88.0455 126.665 421
-89.6066 127.868 425
-90.5436 128.169 426
-91.2699 128.169 426
-92.212 128.47 427
-92.9399 128.47 427
-93.6679 128.47 427
-94.6169 128.771 428
-95.792 129.372 430
-96.974 129.974 432
-97.7105 129.974 432
-98.6748 130.275 433
-99.413 130.275 433
-100.382 130.576 434
-101.122 130.576 434
-102.097 130.877 435
-103.075 131.178 436
-103.818 131.178 436
-105.281 132.08 439
-106.271 132.381 440
-107.264 132.682 441
-108.016 132.682 441
-109.014 132.983 442
-110.264 133.585 444
-111.021 133.585 444
-112.03 133.885 445
-113.042 134.186 446
-114.313 134.788 448
-115.076 134.788 448
-116.357 135.39 450
-117.385 135.691 451
-118.416 135.992 452
-119.186 135.992 452
-119.957 135.992 452
-120.994 136.292 453
-121.767 136.292 453
-122.539 136.292 453
-123.311 136.292 453
-124.083 136.292 453
-124.856 136.292 453
-669.394 606.847 2017
-672.833 606.847 2017
-676.271 606.847 2017
-679.709 606.847 2017
-679.084 603.237 2005
-810.818 654.384 2175
-819.769 658.596 2189
-823.501 658.596 2189
-828.366 659.499 2192
-832.103 659.499 2192
-835.84 659.499 2192
-836.512 657.092 2184
-835.619 653.481 2172
-838.162 652.579 2169
-841.86 652.579 2169
-844.778 651.977 2167
-847.297 651.075 2164
-849.807 650.172 2161
-853.491 650.172 2161
-857.175 650.172 2161
-860.859 650.172 2161
-864.543 650.172 2161
-868.227 650.172 2161
-870.7 649.269 2158
-874.379 649.269 2158
-878.058 649.269 2158
-881.737 649.269 2158
-884.185 648.367 2155
-887.034 647.765 2153
-889.464 646.862 2150
-893.129 646.862 2150
-895.543 645.96 2147
-899.203 645.96 2147
-899.499 643.553 2139
-903.145 643.553 2139
-906.791 643.553 2139
-909.161 642.65 2136
-912.802 642.65 2136
-916.444 642.65 2136
-917.931 641.146 2131
-920.267 640.243 2128
-923.894 640.243 2128
-927.522 640.243 2128
-928.524 638.438 2122
-931.263 637.836 2120
-933.555 636.934 2117
-937.163 636.934 2117
-939.439 636.031 2114
-942.151 635.43 2112
-945.751 635.43 2112
-949.352 635.43 2112
-951.599 634.527 2109
-955.194 634.527 2109
-950.606 629.111 2091
-954.171 629.111 2091
-957.735 629.111 2091
-959.921 628.209 2088
-961.173 626.704 2083
-964.724 626.704 2083
-963.162 623.395 2072
-965.761 622.793 2070
-969.29 622.793 2070
-972.818 622.793 2070
-972.574 620.386 2062
-975.142 619.784 2060
-974.854 617.378 2052
-978.352 617.378 2052
-978.022 614.971 2044
-975.744 611.36 2032
-971.016 606.245 2015
-974.451 606.245 2015
-975.46 604.741 2010
-976.451 603.237 2005
-977.426 601.732 2000
-979.854 601.131 1998
-983.26 601.131 1998
-986.667 601.131 1998
-989.082 600.529 1996
-989.998 599.025 1991
-993.392 599.025 1991
-994.283 597.52 1986
-994.152 595.414 1979
-995.006 593.91 1974
-998.371 593.91 1974
-1000.72 593.308 1972
-1003.06 592.706 1970
-1006.42 592.706 1970
-1009.78 592.706 1970
-1010.57 591.202 1965
-13.0782 137.614 460
-13.8624 137.614 460
-14.6466 137.614 460
-15.4308 137.614 460
-16.1797 137.314 459
-16.9622 137.314 459
-17.6674 136.716 457
-18.4464 136.716 457
-19.2255 136.716 457
-20.0046 136.716 457
-20.7836 136.716 457
-21.5627 136.716 457
-22.3418 136.716 457
-23.1209 136.716 457
-23.8476 136.417 456
-24.625 136.417 456
-25.2909 135.819 454
-26.0649 135.819 454
-26.7206 135.22 452
-27.4303 134.921 451
-28.1367 134.622 450
-28.8396 134.323 449
-29.605 134.323 449
-29.2882 129.536 433
-29.957 129.237 432
-30.3382 127.741 427
-31.0661 127.741 427
-31.7196 127.442 426
-32.4458 127.442 426
-33.172 127.442 426
-33.8983 127.442 426
-34.6245 127.442 426
-35.3507 127.442 426
-36.0769 127.442 426
-36.8032 127.442 426
-37.177 126.246 422
-36.9086 122.955 411
-37.6092 122.955 411
-38.3099 122.955 411
-38.9156 122.656 410
-39.5179 122.356 409
-40.2152 122.356 409
-40.9124 122.356 409
-41.6097 122.356 409
-42.3069 122.356 409
-43.0041 122.356 409
-43.7014 122.356 409
-44.2901 122.057 408
-44.8754 121.758 407
-45.4572 121.459 406
-46.1494 121.459 406
-46.8415 121.459 406
-47.5336 121.459 406
-48.2257 121.459 406
-48.9179 121.459 406
-49.61 121.459 406
-50.3021 121.459 406
-50.9942 121.459 406
-51.6864 121.459 406
-52.2495 121.16 405
-52.9399 121.16 405
-53.6303 121.16 405
-54.3208 121.16 405
-54.8754 120.861 404
-55.5641 120.861 404
-56.2528 120.861 404
-56.8006 120.562 403
-57.4876 120.562 403
-58.1746 120.562 403
-58.8616 120.562 403
-59.5486 120.562 403
-60.2356 120.562 403
-60.9226 120.562 403
-61.4568 120.262 402
-62.1421 120.262 402
-62.8274 120.262 402
-63.5127 120.262 402
-64.198 120.262 402
-64.8833 120.262 402
-65.5686 120.262 402
-66.2539 120.262 402
-66.9392 120.262 402
-67.6245 120.262 402
-68.3099 120.262 402
-68.9952 120.262 402
-69.6805 120.262 402
-70.5408 120.562 403
-71.2278 120.562 403
-71.9148 120.562 403
-72.782 120.861 404
-73.6526 121.16 405
-74.343 121.16 405
-75.0334 121.16 405
-75.9108 121.459 406
-76.603 121.459 406
-77.2951 121.459 406
-77.9872 121.459 406
-78.8731 121.758 407
-79.567 121.758 407
-80.2608 121.758 407
-88.882 127.143 425
-89.8174 127.442 426
-90.5436 127.442 426
-91.4841 127.741 427
-92.428 128.041 428
-93.1576 128.041 428
-93.8872 128.041 428
-94.8379 128.34 429
-95.792 128.639 430
-96.974 129.237 432
-97.7105 129.237 432
-98.6748 129.536 433
-99.413 129.536 433
-100.382 129.835 434
-101.122 129.835 434
-102.097 130.135 435
-103.075 130.434 436
-103.818 130.434 436
-105.281 131.331 439
-106.271 131.63 440
-107.264 131.93 441
-108.016 131.93 441
-109.014 132.229 442
-110.264 132.827 444
-111.021 132.827 444
-112.03 133.126 445
-113.042 133.425 446
-114.313 134.024 448
-115.076 134.024 448
-116.357 134.622 450
-117.385 134.921 451
-118.416 135.22 452
-119.186 135.22 452
-119.957 135.22 452
-120.994 135.52 453
-121.767 135.52 453
-122.539 135.52 453
-123.311 135.52 453
-124.083 135.52 453
-675.036 608.492 2034
-678.503 608.492 2034
-681.971 608.492 2034
-685.438 608.492 2034
-681.454 601.91 2012
-682.502 599.816 2005
-685.92 599.816 2005
-687.619 598.32 2000
-696.211 602.808 2015
-704.854 607.295 2030
-709.013 607.893 2032
-712.477 607.893 2032
-717.702 609.389 2037
-721.175 609.389 2037
-724.648 609.389 2037
-728.12 609.389 2037
-789.669 636.613 2128
-804.481 645.588 2158
-813.403 649.776 2172
-817.105 649.776 2172
-824.209 652.468 2181
-827.927 652.468 2181
-831.645 652.468 2181
-831.916 649.776 2172
-833.695 648.28 2167
-837.389 648.28 2167
-841.084 648.28 2167
-843.608 647.383 2164
-846.123 646.485 2161
-849.807 646.485 2161
-853.491 646.485 2161
-857.175 646.485 2161
-860.859 646.485 2161
-864.543 646.485 2161
-868.227 646.485 2161
-870.7 645.588 2158
-874.379 645.588 2158
-878.058 645.588 2158
-881.737 645.588 2158
-884.185 644.69 2155
-887.034 644.092 2153
-889.464 643.194 2150
-893.129 643.194 2150
-895.543 642.297 2147
-899.203 642.297 2147
-899.499 639.904 2139
-903.145 639.904 2139
-906.791 639.904 2139
-909.161 639.006 2136
-912.802 639.006 2136
-916.444 639.006 2136
-917.931 637.51 2131
-920.267 636.613 2128
-922.592 635.715 2125
-926.215 635.715 2125
-928.524 634.818 2122
-931.263 634.219 2120
-933.555 633.322 2117
-937.163 633.322 2117
-939.439 632.424 2114
-943.043 632.424 2114
-945.751 631.826 2112
-949.352 631.826 2112
-951.599 630.929 2109
-955.194 630.929 2109
-950.606 625.544 2091
-954.171 625.544 2091
-957.735 625.544 2091
-959.921 624.646 2088
-961.173 623.151 2083
-964.724 623.151 2083
-963.162 619.86 2072
-965.761 619.261 2070
-969.29 619.261 2070
-972.818 619.261 2070
-972.574 616.868 2062
-975.142 616.27 2060
-974.854 613.877 2052
-978.352 613.877 2052
-978.022 611.483 2044
-975.744 607.893 2032
-971.016 602.808 2015
-974.451 602.808 2015
-975.46 601.312 2010
-976.451 599.816 2005
-976.448 597.722 1998
-978.874 597.124 1996
-982.276 597.124 1996
-985.679 597.124 1996
-986.604 595.628 1991
-986.517 593.534 1984
-989.9 593.534 1984
-991.78 592.636 1981
-991.641 590.542 1974
-993.998 589.944 1972
-997.359 589.944 1972
-999.706 589.345 1970
-1001.54 588.448 1967
-1003.87 587.85 1965
-1007.22 587.85 1965
-1009.54 587.251 1963
-13.0782 136.829 460
-13.8624 136.829 460
-14.6466 136.829 460
-15.3973 136.531 459
-16.1797 136.531 459
-16.9622 136.531 459
-17.6674 135.936 457
-18.4464 135.936 457
-19.2255 135.936 457
-20.0046 135.936 457
-20.7836 135.936 457
-21.5627 135.936 457
-22.3418 135.936 457
-23.1209 135.936 457
-23.8999 135.936 457
-24.625 135.639 456
-25.2909 135.044 454
-26.0649 135.044 454
-26.7206 134.449 452
-27.4912 134.449 452
-28.1992 134.152 451
-28.968 134.152 451
-29.6709 133.854 450
-29.6264 130.285 438
-29.957 128.5 432
-30.4803 127.608 429
-31.0661 127.013 427
-31.7196 126.715 426
-32.4458 126.715 426
-33.172 126.715 426
-33.9778 127.013 427
-34.7058 127.013 427
-35.4337 127.013 427
-36.0769 126.715 426
-36.8032 126.715 426
-36.296 122.551 412
-36.9984 122.551 412
-37.6092 122.254 411
-38.3099 122.254 411
-39.0105 122.254 411
-39.6146 121.956 410
-40.2152 121.659 409
-40.9124 121.659 409
-41.6097 121.659 409
-42.3069 121.659 409
-43.0041 121.659 409
-43.7014 121.659 409
-44.2901 121.361 408
-44.8754 121.064 407
-45.4572 120.766 406
-46.1494 120.766 406
-46.8415 120.766 406
-47.5336 120.766 406
-48.2257 120.766 406
-48.9179 120.766 406
-49.61 120.766 406
-50.3021 120.766 406
-50.9942 120.766 406
-51.6864 120.766 406
-52.2495 120.469 405
-52.9399 120.469 405
-53.6303 120.469 405
-54.3208 120.469 405
-54.8754 120.171 404
-55.5641 120.171 404
-56.2528 120.171 404
-56.8006 119.874 403
-57.4876 119.874 403
-58.1746 119.874 403
-59.0077 120.171 404
-59.6964 120.171 404
-60.3851 120.171 404
-61.0738 120.171 404
-61.7625 120.171 404
-62.4512 120.171 404
-63.14 120.171 404
-63.8287 120.171 404
-64.3577 119.874 403
-65.0447 119.874 403
-65.7317 119.874 403
-66.4187 119.874 403
-67.1058 119.874 403
-67.7928 119.874 403
-68.4798 119.874 403
-69.1668 119.874 403
-69.8538 119.874 403
-70.7159 120.171 404
-71.4046 120.171 404
-72.0933 120.171 404
-72.9622 120.469 405
-73.6526 120.469 405
-74.343 120.469 405
-75.2187 120.766 406
-75.9108 120.766 406
-76.603 120.766 406
-77.2951 120.766 406
-78.1793 121.064 407
-78.8731 121.064 407
-79.567 121.064 407
-80.2608 121.064 407
-89.0912 126.715 426
-89.8174 126.715 426
-90.5436 126.715 426
-91.4841 127.013 427
-92.428 127.31 428
-93.3753 127.608 429
-94.1066 127.608 429
-95.059 127.905 430
-96.0148 128.203 431
-96.974 128.5 432
-97.7105 128.5 432
-98.6748 128.798 433
-99.6426 129.095 434
-100.382 129.095 434
-101.355 129.393 435
-102.566 129.987 437
-103.311 129.987 437
-104.056 129.987 437
-106.24 131.772 443
-106.995 131.772 443
-107.751 131.772 443
-108.261 131.475 442
-109.261 131.772 443
-110.513 132.367 445
-111.271 132.367 445
-112.282 132.665 446
-113.296 132.962 447
-114.313 133.259 448
-115.076 133.259 448
-116.357 133.854 450
-117.385 134.152 451
-118.154 134.152 451
-118.922 134.152 451
-119.957 134.449 452
-120.727 134.449 452
-121.498 134.449 452
-122.268 134.449 452
-123.039 134.449 452
-123.809 134.449 452
-124.58 134.449 452
-676.695 606.509 2039
-680.171 606.509 2039
-683.647 606.509 2039
-685.438 605.022 2034
-681.454 598.477 2012
-684.884 598.477 2012
-688.314 598.477 2012
-691.744 598.477 2012
-696.211 599.37 2015
-705.549 604.427 2032
-710.757 605.914 2037
-714.23 605.914 2037
-730.034 616.325 2072
-733.566 616.325 2072
-737.099 616.325 2072
-740.631 616.325 2072
-781.714 635.362 2136
-785.355 635.362 2136
-788.997 635.362 2136
-792.638 635.362 2136
-801.499 639.526 2150
-809.283 642.798 2161
-812.967 642.798 2161
-817.785 643.69 2164
-821.474 643.69 2164
-825.163 643.69 2164
-828.852 643.69 2164
-832.541 643.69 2164
-835.071 642.798 2161
-838.755 642.798 2161
-842.439 642.798 2161
-846.123 642.798 2161
-850.987 643.69 2164
-855.86 644.583 2167
-859.555 644.583 2167
-863.249 644.583 2167
-865.743 643.69 2164
-869.432 643.69 2164
-871.911 642.798 2161
-874.379 641.906 2158
-878.058 641.906 2158
-881.737 641.906 2158
-884.185 641.013 2155
-887.034 640.419 2153
-890.705 640.419 2153
-894.375 640.419 2153
-896.794 639.526 2150
-899.203 638.634 2147
-899.499 636.254 2139
-903.145 636.254 2139
-906.791 636.254 2139
-910.438 636.254 2139
-912.802 635.362 2136
-916.444 635.362 2136
-917.931 633.875 2131
-920.267 632.982 2128
-922.592 632.09 2125
-926.215 632.09 2125
-928.524 631.197 2122
-929.946 629.71 2117
-933.555 629.71 2117
-937.163 629.71 2117
-939.439 628.818 2114
-943.043 628.818 2114
-945.751 628.223 2112
-949.352 628.223 2112
-951.599 627.331 2109
-955.194 627.331 2109
-950.606 621.976 2091
-954.171 621.976 2091
-957.735 621.976 2091
-959.921 621.084 2088
-961.173 619.597 2083
-964.724 619.597 2083
-963.162 616.325 2072
-965.761 615.73 2070
-966.948 614.243 2065
-970.469 614.243 2065
-971.631 612.755 2060
-969.935 609.483 2049
-972.478 608.888 2047
-975.968 608.888 2047
-972.28 604.427 2032
-973.343 602.939 2027
-971.016 599.37 2015
-974.451 599.37 2015
-973.033 596.395 2005
-974.016 594.908 2000
-976.448 594.313 1998
-978.874 593.718 1996
-982.276 593.718 1996
-985.679 593.718 1996
-986.604 592.231 1991
-986.517 590.149 1984
-989.9 590.149 1984
-991.78 589.256 1981
-991.641 587.174 1974
-993.998 586.579 1972
-997.359 586.579 1972
-999.706 585.984 1970
-1001.54 585.092 1967
-1003.87 584.497 1965
-1007.22 584.497 1965
-1009.54 583.902 1963
-13.0782 136.044 460
-13.8624 136.044 460
-14.6466 136.044 460
-15.3973 135.748 459
-16.1797 135.748 459
-16.9622 135.748 459
-17.6674 135.157 457
-18.4464 135.157 457
-19.2255 135.157 457
-20.0046 135.157 457
-20.7836 135.157 457
-21.5627 135.157 457
-22.3418 135.157 457
-23.1209 135.157 457
-23.8999 135.157 457
-24.625 134.861 456
-25.2909 134.27 454
-26.0649 134.27 454
-26.7797 133.974 453
-27.4912 133.678 452
-28.1992 133.382 451
-28.968 133.382 451
-29.6709 133.087 450
-30.3704 132.791 449
-29.957 127.763 432
-30.4803 126.876 429
-31.2116 126.876 429
-31.7941 126.284 427
-32.522 126.284 427
-33.2499 126.284 427
-34.0574 126.58 428
-34.787 126.58 428
-35.5167 126.58 428
-36.1616 126.284 427
-36.8032 125.989 426
-37.4413 125.693 425
-38.1658 125.693 425
-38.7073 125.101 423
-38.3099 121.552 411
-39.0105 121.552 411
-39.6146 121.257 410
-40.3135 121.257 410
-41.0125 121.257 410
-41.7114 121.257 410
-42.3069 120.961 409
-43.0041 120.961 409
-43.7014 120.961 409
-44.2901 120.665 408
-44.8754 120.369 407
-45.5692 120.369 407
-46.263 120.369 407
-46.8415 120.074 406
-47.5336 120.074 406
-48.2257 120.074 406
-48.9179 120.074 406
-49.61 120.074 406
-50.3021 120.074 406
-50.9942 120.074 406
-51.6864 120.074 406
-52.3785 120.074 406
-53.0706 120.074 406
-53.6303 119.778 405
-54.3208 119.778 405
-55.0112 119.778 405
-55.7016 119.778 405
-56.392 119.778 405
-57.0824 119.778 405
-57.7729 119.778 405
-58.4633 119.778 405
-59.0077 119.482 404
-59.6964 119.482 404
-60.3851 119.482 404
-61.0738 119.482 404
-61.7625 119.482 404
-62.4512 119.482 404
-63.14 119.482 404
-63.8287 119.482 404
-64.3577 119.186 403
-65.0447 119.186 403
-65.7317 119.186 403
-66.4187 119.186 403
-67.1058 119.186 403
-67.7928 119.186 403
-68.4798 119.186 403
-69.1668 119.186 403
-69.8538 119.186 403
-70.7159 119.482 404
-71.4046 119.482 404
-72.0933 119.482 404
-72.9622 119.778 405
-73.6526 119.778 405
-74.343 119.778 405
-75.2187 120.074 406
-75.9108 120.074 406
-76.7916 120.369 407
-77.4855 120.369 407
-78.1793 120.369 407
-78.8731 120.369 407
-81.9129 123.918 419
-83.0216 124.51 421
-83.7393 124.51 421
-84.457 124.51 421
-89.0912 125.989 426
-90.0282 126.284 427
-90.7562 126.284 427
-91.6983 126.58 428
-92.6439 126.876 429
-93.5929 127.172 430
-94.326 127.172 430
-95.2801 127.467 431
-96.2376 127.763 432
-97.1985 128.059 433
-97.9367 128.059 433
-99.1306 128.65 435
-100.102 128.946 436
-100.845 128.946 436
-101.821 129.242 437
-103.036 129.833 439
-103.784 129.833 439
-105.485 131.016 443
-106.24 131.016 443
-107.237 131.312 444
-107.994 131.312 444
-108.996 131.608 445
-109.754 131.608 445
-110.761 131.904 446
-111.521 131.904 446
-112.534 132.199 447
-113.549 132.495 448
-114.568 132.791 449
-115.333 132.791 449
-116.357 133.087 450
-117.385 133.382 451
-118.154 133.382 451
-118.922 133.382 451
-119.957 133.678 452
-120.727 133.678 452
-121.498 133.678 452
-122.268 133.678 452
-123.039 133.678 452
-123.809 133.678 452
-124.58 133.678 452
-676.695 603.03 2039
-680.171 603.03 2039
-683.647 603.03 2039
-685.438 601.551 2034
-681.454 595.045 2012
-684.884 595.045 2012
-688.314 595.045 2012
-691.744 595.045 2012
-696.211 595.932 2015
-705.549 600.96 2032
-710.757 602.439 2037
-714.23 602.439 2037
-730.034 612.79 2072
-733.566 612.79 2072
-744.569 619 2093
-748.137 619 2093
-751.705 619 2093
-779.166 632.605 2139
-782.812 632.605 2139
-786.458 632.605 2139
-790.105 632.605 2139
-793.751 632.605 2139
-801.499 635.858 2150
-810.407 639.999 2164
-814.096 639.999 2164
-820.808 642.365 2172
-824.511 642.365 2172
-828.213 642.365 2172
-831.916 642.365 2172
-832.541 639.999 2164
-837.389 640.886 2167
-841.084 640.886 2167
-844.778 640.886 2167
-848.472 640.886 2167
-852.166 640.886 2167
-856.65 641.477 2169
-860.348 641.477 2169
-864.045 641.477 2169
-866.943 640.886 2167
-870.637 640.886 2167
-871.911 639.111 2161
-874.379 638.224 2158
-878.058 638.224 2158
-881.737 638.224 2158
-883.364 636.745 2153
-887.034 636.745 2153
-890.705 636.745 2153
-894.375 636.745 2153
-896.794 635.858 2150
-899.203 634.971 2147
-899.499 632.605 2139
-903.145 632.605 2139
-906.791 632.605 2139
-910.438 632.605 2139
-912.802 631.718 2136
-916.444 631.718 2136
-917.931 630.239 2131
-920.267 629.352 2128
-922.592 628.464 2125
-926.215 628.464 2125
-928.524 627.577 2122
-929.946 626.098 2117
-932.232 625.211 2114
-935.835 625.211 2114
-939.439 625.211 2114
-943.043 625.211 2114
-945.751 624.62 2112
-949.352 624.62 2112
-951.599 623.732 2109
-953.835 622.845 2106
-949.242 617.522 2088
-952.802 617.522 2088
-954.987 616.634 2085
-957.622 616.043 2083
-961.173 616.043 2083
-964.724 616.043 2083
-963.162 612.79 2072
-963.428 610.719 2065
-964.607 609.241 2060
-968.119 609.241 2060
-966.442 605.987 2049
-967.569 604.509 2044
-970.103 603.917 2042
-973.584 603.917 2042
-969.888 599.481 2027
-967.581 595.932 2015
-967.643 593.862 2008
-971.066 593.862 2008
-970.607 591.496 2000
-972.068 590.313 1996
-970.584 587.355 1986
-973.969 587.355 1986
-977.355 587.355 1986
-980.741 587.355 1986
-983.135 586.764 1984
-986.517 586.764 1984
-987.405 585.285 1979
-989.777 584.694 1977
-990.636 583.215 1972
-992.989 582.623 1970
-996.348 582.623 1970
-997.169 581.145 1965
-1000.52 581.145 1965
-1001.31 579.666 1960
-1004.66 579.666 1960
-1006.97 579.074 1958
-16.1092 134.377 457
-16.8883 134.377 457
-17.6674 134.377 457
-18.4464 134.377 457
-19.2255 134.377 457
-20.0046 134.377 457
-20.7836 134.377 457
-21.5627 134.377 457
-22.3418 134.377 457
-23.1209 134.377 457
-23.8999 134.377 457
-24.625 134.083 456
-25.2909 133.495 454
-26.0649 133.495 454
-26.7797 133.201 453
-27.4912 132.907 452
-28.1992 132.613 451
-28.968 132.613 451
-29.6709 132.319 450
-30.3704 132.025 449
-29.957 127.026 432
-30.5514 126.438 430
-31.2116 126.144 429
-31.8685 125.85 428
-32.5981 125.85 428
-33.3278 125.85 428
-34.0574 125.85 428
-34.787 125.85 428
-35.5167 125.85 428
-36.2463 125.85 428
-36.8895 125.556 427
-37.5294 125.262 426
-38.2556 125.262 426
-38.9818 125.262 426
-39.708 125.262 426
-39.0105 120.851 411
-39.7112 120.851 411
-40.3135 120.557 410
-41.0125 120.557 410
-41.7114 120.557 410
-42.4103 120.557 410
-43.1093 120.557 410
-43.8082 120.557 410
-44.3986 120.263 409
-44.9856 119.969 408
-45.5692 119.675 407
-46.263 119.675 407
-46.8415 119.381 406
-47.5336 119.381 406
-48.3445 119.675 407
-49.0383 119.675 407
-49.7322 119.675 407
-50.426 119.675 407
-51.1198 119.675 407
-51.8137 119.675 407
-52.5075 119.675 407
-53.0706 119.381 406
-53.7628 119.381 406
-54.4549 119.381 406
-55.147 119.381 406
-55.8391 119.381 406
-56.5313 119.381 406
-57.2234 119.381 406
-57.9155 119.381 406
-58.6077 119.381 406
-59.1537 119.087 405
-59.9919 119.381 406
-60.684 119.381 406
-61.3762 119.381 406
-62.0683 119.381 406
-62.7604 119.381 406
-63.2963 119.087 405
-63.9867 119.087 405
-64.6771 119.087 405
-65.3675 119.087 405
-65.8948 118.793 404
-66.5836 118.793 404
-67.2723 118.793 404
-67.961 118.793 404
-68.6497 118.793 404
-69.3384 118.793 404
-70.0271 118.793 404
-70.7159 118.793 404
-71.4046 118.793 404
-72.2718 119.087 405
-72.9622 119.087 405
-73.8345 119.381 406
-74.5266 119.381 406
-75.2187 119.381 406
-75.9108 119.381 406
-76.7916 119.675 407
-77.4855 119.675 407
-78.1793 119.675 407
-78.8731 119.675 407
-81.9129 123.204 419
-83.0216 123.792 421
-83.7393 123.792 421
-84.457 123.792 421
-89.0912 125.262 426
-90.0282 125.556 427
-90.7562 125.556 427
-91.6983 125.85 428
-92.6439 126.144 429
-93.5929 126.438 430
-94.326 126.438 430
-95.2801 126.732 431
-96.2376 127.026 432
-97.1985 127.32 433
-97.9367 127.32 433
-99.1306 127.908 435
-100.102 128.202 436
-100.845 128.202 436
-102.287 129.084 439
-103.27 129.378 440
-104.257 129.672 441
-105.485 130.261 443
-106.24 130.261 443
-107.72 131.143 446
-108.48 131.143 446
-109.241 131.143 446
-110.247 131.437 447
-111.01 131.437 447
-111.772 131.437 447
-112.785 131.731 448
-113.802 132.025 449
-114.568 132.025 449
-115.333 132.025 449
-116.616 132.613 451
-117.385 132.613 451
-118.154 132.613 451
-118.922 132.613 451
-119.957 132.907 452
-120.727 132.907 452
-121.498 132.907 452
-122.268 132.907 452
-123.039 132.907 452
-123.809 132.907 452
-124.58 132.907 452
-125.351 132.907 452
-676.695 599.551 2039
-680.171 599.551 2039
-683.647 599.551 2039
-687.123 599.551 2039
-684.841 594.553 2022
-685.906 592.494 2015
-689.341 592.494 2015
-691.744 591.612 2012
-696.211 592.494 2015
-705.549 597.493 2032
-722.272 608.667 2070
-725.801 608.667 2070
-730.034 609.255 2072
-734.628 610.137 2075
-744.569 615.43 2093
-748.137 615.43 2093
-751.705 615.43 2093
-779.166 628.955 2139
-782.812 628.955 2139
-786.458 628.955 2139
-790.105 628.955 2139
-793.751 628.955 2139
-798.516 629.838 2142
-810.407 636.307 2164
-814.096 636.307 2164
-820.808 638.659 2172
-824.511 638.659 2172
-828.213 638.659 2172
-831.916 638.659 2172
-832.541 636.307 2164
-837.389 637.189 2167
-841.084 637.189 2167
-844.778 637.189 2167
-848.472 637.189 2167
-852.166 637.189 2167
-856.65 637.777 2169
-860.348 637.777 2169
-864.045 637.777 2169
-866.943 637.189 2167
-870.637 637.189 2167
-871.911 635.424 2161
-874.379 634.542 2158
-878.058 634.542 2158
-881.737 634.542 2158
-883.364 633.072 2153
-887.034 633.072 2153
-890.705 633.072 2153
-894.375 633.072 2153
-896.794 632.19 2150
-899.203 631.308 2147
-899.499 628.955 2139
-903.145 628.955 2139
-906.791 628.955 2139
-910.438 628.955 2139
-912.802 628.073 2136
-916.444 628.073 2136
-917.931 626.603 2131
-920.267 625.721 2128
-922.592 624.839 2125
-926.215 624.839 2125
-928.524 623.957 2122
-929.946 622.487 2117
-933.555 622.487 2117
-937.163 622.487 2117
-940.772 622.487 2117
-943.043 621.604 2114
-944.408 620.134 2109
-948.003 620.134 2109
-950.245 619.252 2106
-951.571 617.782 2101
-946.969 612.489 2083
-950.52 612.489 2083
-952.697 611.607 2080
-956.243 611.607 2080
-956.097 609.255 2072
-959.629 609.255 2072
-959.908 607.196 2065
-961.095 605.726 2060
-959.456 602.492 2049
-962.949 602.492 2049
-963.141 600.433 2042
-964.255 598.963 2037
-965.352 597.493 2032
-968.816 597.493 2032
-967.495 594.553 2022
-965.18 591.024 2010
-963.788 588.084 2000
-967.197 588.084 2000
-968.665 586.907 1996
-967.198 583.967 1986
-968.14 582.497 1981
-971.517 582.497 1981
-974.894 582.497 1981
-978.272 582.497 1981
-980.658 581.909 1979
-984.031 581.909 1979
-986.407 581.321 1977
-987.274 579.85 1972
-988.124 578.38 1967
-991.477 578.38 1967
-993.819 577.792 1965
-994.632 576.322 1960
-997.973 576.322 1960
-1001.31 576.322 1960
-1003.63 575.734 1958
-1004.4 574.264 1953
-16.8883 133.597 457
-17.6674 133.597 457
-18.4464 133.597 457
-19.2255 133.597 457
-20.0046 133.597 457
-20.7836 133.597 457
-21.5627 133.597 457
-22.4396 134.182 459
-23.222 134.182 459
-24.0045 134.182 459
-24.679 133.597 457
-25.3467 133.013 455
-26.1223 133.013 455
-26.7797 132.428 453
-27.552 132.428 453
-28.1992 131.843 451
-28.968 131.843 451
-29.6709 131.551 450
-30.3704 131.259 449
-29.957 126.289 432
-30.5514 125.704 430
-31.2116 125.412 429
-31.8685 125.12 428
-32.5981 125.12 428
-33.3278 125.12 428
-34.0574 125.12 428
-34.787 125.12 428
-35.5167 125.12 428
-36.2463 125.12 428
-36.8895 124.827 427
-37.5294 124.535 426
-38.2556 124.535 426
-38.9818 124.535 426
-39.708 124.535 426
-39.0105 120.15 411
-39.7112 120.15 411
-40.3135 119.858 410
-41.0125 119.858 410
-41.7114 119.858 410
-42.4103 119.858 410
-43.1093 119.858 410
-43.8082 119.858 410
-44.3986 119.565 409
-44.9856 119.273 408
-45.5692 118.981 407
-46.263 118.981 407
-46.9569 118.981 407
-47.6507 118.981 407
-48.3445 118.981 407
-49.0383 118.981 407
-49.7322 118.981 407
-50.5499 119.273 408
-51.2454 119.273 408
-51.941 119.273 408
-52.5075 118.981 407
-53.2013 118.981 407
-53.7628 118.688 406
-54.4549 118.688 406
-55.147 118.688 406
-55.8391 118.688 406
-56.5313 118.688 406
-57.2234 118.688 406
-57.9155 118.688 406
-58.6077 118.688 406
-59.2998 118.688 406
-59.9919 118.688 406
-60.684 118.688 406
-61.3762 118.688 406
-62.0683 118.688 406
-62.7604 118.688 406
-63.4525 118.688 406
-63.9867 118.396 405
-64.6771 118.396 405
-65.3675 118.396 405
-66.0579 118.396 405
-66.7484 118.396 405
-67.2723 118.104 404
-67.961 118.104 404
-68.6497 118.104 404
-69.3384 118.104 404
-70.0271 118.104 404
-70.8909 118.396 405
-71.5813 118.396 405
-72.2718 118.396 405
-73.1423 118.688 406
-73.8345 118.688 406
-74.5266 118.688 406
-75.404 118.981 407
-76.0978 118.981 407
-76.7916 118.981 407
-77.4855 118.981 407
-80.4844 122.489 419
-81.1986 122.489 419
-82.3039 123.073 421
-83.6132 123.95 424
-84.5349 124.243 425
-85.2595 124.243 425
-85.984 124.243 425
-88.5724 124.827 427
-89.3003 124.827 427
-90.2391 125.12 428
-90.9687 125.12 428
-91.9126 125.412 429
-92.8599 125.704 430
-93.8106 125.997 431
-94.5453 125.997 431
-95.5011 126.289 432
-96.4604 126.581 433
-97.1985 126.581 433
-98.389 127.166 435
-99.3585 127.458 436
-100.331 127.751 437
-101.076 127.751 437
-102.287 128.335 439
-103.27 128.628 440
-104.257 128.92 441
-105.485 129.505 443
-106.24 129.505 443
-107.72 130.382 446
-108.48 130.382 446
-109.241 130.382 446
-110.247 130.674 447
-111.01 130.674 447
-111.772 130.674 447
-112.785 130.966 448
-113.802 131.259 449
-114.568 131.259 449
-115.333 131.259 449
-116.616 131.843 451
-117.385 131.843 451
-118.154 131.843 451
-118.922 131.843 451
-119.957 132.136 452
-120.727 132.136 452
-121.498 132.136 452
-122.268 132.136 452
-123.039 132.136 452
-123.809 132.136 452
-124.58 132.136 452
-125.351 132.136 452
-678.355 597.534 2044
-681.839 597.534 2044
-685.324 597.534 2044
-688.808 597.534 2044
-688.228 594.026 2032
-686.586 589.641 2017
-690.025 589.641 2017
-692.776 589.057 2015
-692.756 586.133 2005
-705.549 594.026 2032
-722.97 605.72 2072
-726.502 605.72 2072
-735.671 610.397 2088
-740.293 611.274 2091
-744.569 611.859 2093
-756.716 618.875 2117
-764.276 622.09 2128
-771.873 625.306 2139
-775.519 625.306 2139
-780.987 626.768 2144
-784.642 626.768 2144
-788.297 626.768 2144
-791.213 626.183 2142
-794.865 626.183 2142
-799.262 626.768 2144
-812.279 634.076 2169
-815.977 634.076 2169
-823.075 636.707 2178
-826.788 636.707 2178
-830.501 636.707 2178
-834.214 636.707 2178
-834.465 634.076 2169
-837.389 633.491 2167
-841.084 633.491 2167
-844.778 633.491 2167
-848.472 633.491 2167
-852.166 633.491 2167
-856.65 634.076 2169
-860.348 634.076 2169
-864.045 634.076 2169
-866.943 633.491 2167
-870.637 633.491 2167
-871.911 631.737 2161
-874.379 630.86 2158
-878.058 630.86 2158
-881.737 630.86 2158
-883.364 629.399 2153
-887.034 629.399 2153
-890.705 629.399 2153
-894.375 629.399 2153
-896.794 628.522 2150
-899.203 627.645 2147
-899.499 625.306 2139
-903.145 625.306 2139
-906.791 625.306 2139
-909.161 624.429 2136
-912.802 624.429 2136
-916.444 624.429 2136
-917.931 622.967 2131
-920.267 622.09 2128
-922.592 621.213 2125
-926.215 621.213 2125
-927.649 619.752 2120
-929.946 618.875 2117
-933.555 618.875 2117
-937.163 618.875 2117
-940.772 618.875 2117
-943.043 617.998 2114
-944.408 616.536 2109
-948.003 616.536 2109
-950.245 615.659 2106
-951.571 614.197 2101
-946.969 608.935 2083
-950.52 608.935 2083
-952.697 608.058 2080
-956.243 608.058 2080
-956.097 605.72 2072
-959.629 605.72 2072
-959.908 603.673 2065
-961.095 602.212 2060
-959.456 598.996 2049
-962.949 598.996 2049
-963.141 596.95 2042
-964.255 595.488 2037
-965.352 594.026 2032
-968.816 594.026 2032
-967.495 591.103 2022
-965.18 587.595 2010
-963.788 584.671 2000
-967.197 584.671 2000
-968.665 583.502 1996
-967.198 580.579 1986
-966.185 577.948 1977
-969.556 577.948 1977
-972.926 577.948 1977
-976.296 577.948 1977
-979.666 577.948 1977
-983.037 577.948 1977
-983.912 576.486 1972
-984.771 575.024 1967
-987.119 574.44 1965
-990.469 574.44 1965
-991.29 572.978 1960
-993.617 572.393 1958
-996.954 572.393 1958
-1000.29 572.393 1958
-1000.04 570.347 1951
-1002.34 569.762 1949
-21.5627 132.818 457
-22.4396 133.399 459
-23.222 133.399 459
-24.0045 133.399 459
-24.787 133.399 459
-25.5695 133.399 459
-26.1797 132.527 456
-26.898 132.236 455
-27.552 131.655 453
-28.1992 131.074 451
-28.968 131.074 451
-29.6709 130.783 450
-30.3704 130.493 449
-29.957 125.552 432
-30.5514 124.971 430
-31.2116 124.68 429
-31.8685 124.389 428
-32.5981 124.389 428
-33.3278 124.389 428
-34.0574 124.389 428
-34.787 124.389 428
-35.5167 124.389 428
-36.2463 124.389 428
-36.8895 124.099 427
-37.5294 123.808 426
-38.2556 123.808 426
-38.9818 123.808 426
-39.8013 124.099 427
-40.5292 124.099 427
-41.2571 124.099 427
-41.8867 123.808 426
-42.6129 123.808 426
-43.3392 123.808 426
-44.0654 123.808 426
-44.7916 123.808 426
-43.8082 119.158 410
-44.3986 118.868 409
-44.9856 118.577 408
-45.5692 118.286 407
-46.263 118.286 407
-46.9569 118.286 407
-47.6507 118.286 407
-48.3445 118.286 407
-49.0383 118.286 407
-49.7322 118.286 407
-50.5499 118.577 408
-51.2454 118.577 408
-51.941 118.577 408
-52.5075 118.286 407
-53.2013 118.286 407
-53.7628 117.996 406
-54.4549 117.996 406
-55.147 117.996 406
-55.8391 117.996 406
-56.5313 117.996 406
-57.2234 117.996 406
-57.9155 117.996 406
-58.6077 117.996 406
-59.2998 117.996 406
-59.9919 117.996 406
-60.684 117.996 406
-61.3762 117.996 406
-62.0683 117.996 406
-62.7604 117.996 406
-63.4525 117.996 406
-64.1447 117.996 406
-64.8368 117.996 406
-65.5289 117.996 406
-66.0579 117.705 405
-66.7484 117.705 405
-67.4388 117.705 405
-68.1292 117.705 405
-68.8196 117.705 405
-69.5101 117.705 405
-70.2005 117.705 405
-70.8909 117.705 405
-71.5813 117.705 405
-72.2718 117.705 405
-73.1423 117.996 406
-74.0163 118.286 407
-74.7101 118.286 407
-75.5892 118.577 408
-76.4718 118.868 409
-77.169 118.868 409
-80.1508 122.355 421
-81.2527 122.936 423
-81.9738 122.936 423
-82.6949 122.936 423
-83.8104 123.518 425
-84.5349 123.518 425
-85.4601 123.808 426
-86.1863 123.808 426
-87.1165 124.099 427
-87.8445 124.099 427
-88.5724 124.099 427
-89.5095 124.389 428
-90.4499 124.68 429
-91.1813 124.68 429
-92.1268 124.971 430
-93.0758 125.261 431
-94.0282 125.552 432
-94.7647 125.552 432
-95.7222 125.843 433
-96.6831 126.133 434
-97.423 126.133 434
-98.6152 126.715 436
-99.8143 127.296 438
-100.791 127.586 439
-101.539 127.586 439
-102.52 127.877 440
-103.505 128.168 441
-104.257 128.168 441
-105.485 128.749 443
-106.96 129.621 446
-107.961 129.911 447
-108.723 129.911 447
-109.485 129.911 447
-110.494 130.202 448
-111.258 130.202 448
-112.022 130.202 448
-113.037 130.493 449
-113.802 130.493 449
-114.823 130.783 450
-115.59 130.783 450
-116.616 131.074 451
-117.385 131.074 451
-118.154 131.074 451
-118.922 131.074 451
-119.957 131.365 452
-120.727 131.365 452
-121.498 131.365 452
-122.268 131.365 452
-123.039 131.365 452
-123.809 131.365 452
-124.58 131.365 452
-125.351 131.365 452
-678.355 594.047 2044
-681.839 594.047 2044
-685.324 594.047 2044
-688.808 594.047 2044
-688.228 590.559 2032
-686.586 586.2 2017
-690.025 586.2 2017
-692.776 585.619 2015
-692.756 582.712 2005
-705.549 590.559 2032
-722.97 602.185 2072
-726.502 602.185 2072
-735.671 606.835 2088
-740.293 607.706 2091
-743.858 607.706 2091
-756.716 615.263 2117
-764.276 618.46 2128
-772.955 622.529 2142
-776.607 622.529 2142
-780.987 623.11 2144
-784.642 623.11 2144
-788.297 623.11 2144
-791.952 623.11 2144
-795.607 623.11 2144
-801.499 624.854 2150
-812.279 630.376 2169
-815.977 630.376 2169
-823.075 632.991 2178
-826.788 632.991 2178
-830.501 632.991 2178
-834.214 632.991 2178
-834.465 630.376 2169
-837.389 629.794 2167
-841.084 629.794 2167
-844.778 629.794 2167
-848.472 629.794 2167
-852.166 629.794 2167
-856.65 630.376 2169
-860.348 630.376 2169
-864.045 630.376 2169
-866.943 629.794 2167
-870.637 629.794 2167
-871.911 628.051 2161
-874.379 627.179 2158
-878.058 627.179 2158
-881.737 627.179 2158
-883.364 625.726 2153
-887.034 625.726 2153
-889.464 624.854 2150
-893.129 624.854 2150
-896.794 624.854 2150
-897.946 623.11 2144
-899.499 621.657 2139
-903.145 621.657 2139
-905.52 620.785 2136
-909.161 620.785 2136
-912.802 620.785 2136
-916.444 620.785 2136
-917.931 619.332 2131
-920.267 618.46 2128
-922.592 617.588 2125
-926.215 617.588 2125
-927.649 616.135 2120
-929.946 615.263 2117
-933.555 615.263 2117
-937.163 615.263 2117
-940.772 615.263 2117
-943.043 614.391 2114
-944.408 612.938 2109
-948.003 612.938 2109
-950.245 612.066 2106
-951.571 610.613 2101
-944.696 603.928 2078
-948.238 603.928 2078
-950.407 603.056 2075
-952.565 602.185 2072
-956.097 602.185 2072
-959.629 602.185 2072
-957.584 598.697 2060
-957.363 596.372 2052
-956.179 593.466 2042
-959.66 593.466 2042
-960.782 592.013 2037
-962.835 591.141 2034
-962.977 589.106 2027
-966.432 589.106 2027
-962.711 584.747 2012
-962.779 582.712 2005
-961.86 580.097 1996
-965.263 580.097 1996
-966.239 578.644 1991
-964.763 575.737 1981
-966.185 574.575 1977
-969.556 574.575 1977
-972.926 574.575 1977
-976.296 574.575 1977
-979.666 574.575 1977
-983.037 574.575 1977
-983.912 573.122 1972
-984.771 571.668 1967
-987.119 571.087 1965
-990.469 571.087 1965
-991.29 569.634 1960
-993.617 569.053 1958
-996.954 569.053 1958
-1000.29 569.053 1958
-1000.04 567.018 1951
-1002.34 566.437 1949
-21.6571 132.616 459
-22.4396 132.616 459
-23.222 132.616 459
-24.0045 132.616 459
-24.787 132.616 459
-25.5695 132.616 459
-26.1797 131.749 456
-26.898 131.46 455
-27.6128 131.171 454
-28.3242 130.882 453
-29.0965 130.882 453
-29.7369 130.305 451
-30.3704 129.727 449
-29.8877 124.526 431
-30.5514 124.237 430
-31.2116 123.948 429
-31.8685 123.659 428
-32.5981 123.659 428
-33.3278 123.659 428
-34.0574 123.659 428
-34.787 123.659 428
-35.5167 123.659 428
-36.1616 123.37 427
-36.8895 123.37 427
-37.5294 123.081 426
-38.2556 123.081 426
-38.9818 123.081 426
-39.8013 123.37 427
-40.5292 123.37 427
-41.2571 123.37 427
-41.985 123.37 427
-42.6129 123.081 426
-43.3392 123.081 426
-44.0654 123.081 426
-44.7916 123.081 426
-45.5178 123.081 426
-44.6157 118.748 411
-45.0959 118.17 409
-45.6811 117.881 408
-46.3767 117.881 408
-46.9569 117.592 407
-47.6507 117.592 407
-48.4633 117.881 408
-49.1588 117.881 408
-49.8544 117.881 408
-50.5499 117.881 408
-51.2454 117.881 408
-51.941 117.881 408
-52.6365 117.881 408
-53.3321 117.881 408
-53.8952 117.592 407
-54.589 117.592 407
-55.2828 117.592 407
-55.9767 117.592 407
-56.6705 117.592 407
-57.3643 117.592 407
-58.0582 117.592 407
-58.6077 117.303 406
-59.2998 117.303 406
-59.9919 117.303 406
-60.684 117.303 406
-61.3762 117.303 406
-62.0683 117.303 406
-62.7604 117.303 406
-63.4525 117.303 406
-64.1447 117.303 406
-64.8368 117.303 406
-65.5289 117.303 406
-66.0579 117.014 405
-66.7484 117.014 405
-67.4388 117.014 405
-68.1292 117.014 405
-68.8196 117.014 405
-69.5101 117.014 405
-70.2005 117.014 405
-70.8909 117.014 405
-71.5813 117.014 405
-72.2718 117.014 405
-73.1423 117.303 406
-74.0163 117.592 407
-74.7101 117.592 407
-75.5892 117.881 408
-76.4718 118.17 409
-77.169 118.17 409
-80.5316 122.215 423
-81.4448 122.504 424
-82.1676 122.504 424
-83.0859 122.792 425
-84.0076 123.081 426
-84.7338 123.081 426
-85.4601 123.081 426
-86.3886 123.37 427
-87.1165 123.37 427
-87.8445 123.37 427
-88.7798 123.659 428
-89.7186 123.948 429
-90.6608 124.237 430
-91.3938 124.237 430
-92.3411 124.526 431
-93.2918 124.815 432
-94.2459 125.104 433
-94.9841 125.104 433
-95.9433 125.393 434
-97.3515 126.26 437
-98.0964 126.26 437
-99.2938 126.837 439
-100.27 127.126 440
-101.02 127.126 440
-101.77 127.126 440
-102.753 127.415 441
-103.74 127.704 442
-104.493 127.704 442
-105.723 128.282 444
-107.199 129.149 447
-107.961 129.149 447
-108.723 129.149 447
-109.73 129.438 448
-110.494 129.438 448
-111.506 129.727 449
-112.272 129.727 449
-113.037 129.727 449
-113.802 129.727 449
-114.823 130.016 450
-115.847 130.305 451
-116.875 130.593 452
-117.645 130.593 452
-118.416 130.593 452
-119.186 130.593 452
-119.957 130.593 452
-120.727 130.593 452
-121.498 130.593 452
-122.268 130.593 452
-123.039 130.593 452
-123.809 130.593 452
-124.58 130.593 452
-678.355 590.56 2044
-681.839 590.56 2044
-685.324 590.56 2044
-688.808 590.56 2044
-688.228 587.093 2032
-686.586 582.759 2017
-690.025 582.759 2017
-692.776 582.181 2015
-722.97 598.649 2072
-726.502 598.649 2072
-735.671 603.272 2088
-740.293 604.139 2091
-743.858 604.139 2091
-760.648 614.829 2128
-769.304 618.874 2142
-773.677 619.452 2144
-777.332 619.452 2144
-780.987 619.452 2144
-784.642 619.452 2144
-789.4 620.319 2147
-793.06 620.319 2147
-796.72 620.319 2147
-801.499 621.186 2150
-812.279 626.675 2169
-815.977 626.675 2169
-823.075 629.275 2178
-826.788 629.275 2178
-830.501 629.275 2178
-834.214 629.275 2178
-834.465 626.675 2169
-837.389 626.097 2167
-841.084 626.097 2167
-844.778 626.097 2167
-848.472 626.097 2167
-852.166 626.097 2167
-856.65 626.675 2169
-860.348 626.675 2169
-864.045 626.675 2169
-866.943 626.097 2167
-870.637 626.097 2167
-870.7 623.497 2158
-873.163 622.63 2155
-876.837 622.63 2155
-880.511 622.63 2155
-883.364 622.052 2153
-885.798 621.186 2150
-889.464 621.186 2150
-893.129 621.186 2150
-896.794 621.186 2150
-897.946 619.452 2144
-898.237 617.141 2136
-901.878 617.141 2136
-905.52 617.141 2136
-909.161 617.141 2136
-912.802 617.141 2136
-916.444 617.141 2136
-917.931 615.696 2131
-918.969 613.962 2125
-921.289 613.096 2122
-924.907 613.096 2122
-927.649 612.518 2120
-929.946 611.651 2117
-933.555 611.651 2117
-937.163 611.651 2117
-940.772 611.651 2117
-940.813 609.34 2109
-944.408 609.34 2109
-948.003 609.34 2109
-947.989 607.028 2101
-950.212 606.161 2098
-943.332 599.516 2075
-946.87 599.516 2075
-949.033 598.649 2072
-950.266 597.205 2067
-950.56 595.182 2060
-954.072 595.182 2060
-953.865 592.871 2052
-952.697 589.982 2042
-951.496 587.093 2032
-954.96 587.093 2032
-956.066 585.648 2027
-959.521 585.648 2027
-958.226 582.759 2017
-961.664 582.759 2017
-960.797 580.158 2008
-959.418 577.269 1998
-959.451 575.247 1991
-962.845 575.247 1991
-963.812 573.802 1986
-962.815 571.202 1977
-963.742 569.757 1972
-967.104 569.757 1972
-970.465 569.757 1972
-973.827 569.757 1972
-976.198 569.179 1970
-979.556 569.179 1970
-981.418 568.313 1967
-981.266 566.29 1960
-983.603 565.712 1958
-986.941 565.712 1958
-989.267 565.134 1956
-991.079 564.268 1953
-993.39 563.69 1951
-996.716 563.69 1951
-997.992 562.534 1947
-999.768 561.667 1944
-21.6571 131.833 459
-22.4396 131.833 459
-23.222 131.833 459
-24.0045 131.833 459
-24.787 131.833 459
-25.5695 131.833 459
-26.1797 130.971 456
-26.898 130.684 455
-27.6128 130.397 454
-28.3868 130.397 454
-29.1607 130.397 454
-29.8028 129.822 452
-30.4381 129.248 450
-29.8877 123.791 431
-30.6224 123.791 431
-31.2116 123.216 429
-31.8685 122.929 428
-32.5981 122.929 428
-33.3278 122.929 428
-34.0574 122.929 428
-34.787 122.929 428
-35.5167 122.929 428
-36.2463 122.929 428
-36.8895 122.642 427
-37.5294 122.355 426
-38.2556 122.355 426
-38.9818 122.355 426
-39.8013 122.642 427
-40.5292 122.642 427
-41.2571 122.642 427
-41.985 122.642 427
-42.6129 122.355 426
-43.3392 122.355 426
-44.0654 122.355 426
-44.7916 122.355 426
-45.5178 122.355 426
-44.7243 118.334 412
-45.3164 118.046 411
-45.7931 117.472 409
-46.4904 117.472 409
-47.1876 117.472 409
-47.8848 117.472 409
-48.7009 117.759 410
-49.3998 117.759 410
-50.0988 117.759 410
-50.7977 117.759 410
-51.4967 117.759 410
-52.1956 117.759 410
-52.8945 117.759 410
-53.4628 117.472 409
-54.16 117.472 409
-54.8573 117.472 409
-55.5545 117.472 409
-56.1142 117.185 408
-56.8097 117.185 408
-57.5053 117.185 408
-58.2008 117.185 408
-58.752 116.897 407
-59.4458 116.897 407
-60.1397 116.897 407
-60.8335 116.897 407
-61.5273 116.897 407
-62.2212 116.897 407
-62.915 116.897 407
-63.4525 116.61 406
-64.1447 116.61 406
-64.8368 116.61 406
-65.5289 116.61 406
-66.2211 116.61 406
-66.7484 116.323 405
-67.4388 116.323 405
-68.1292 116.323 405
-68.8196 116.323 405
-69.5101 116.323 405
-70.2005 116.323 405
-70.8909 116.323 405
-71.5813 116.323 405
-72.4502 116.61 406
-73.3225 116.897 407
-74.1982 117.185 408
-74.8937 117.185 408
-76.1451 118.046 411
-76.8457 118.046 411
-79.6218 121.206 422
-80.5316 121.493 423
-81.4448 121.78 424
-82.1676 121.78 424
-83.0859 122.067 425
-84.0076 122.355 426
-84.7338 122.355 426
-85.4601 122.355 426
-86.3886 122.642 427
-87.1165 122.642 427
-87.8445 122.642 427
-88.7798 122.929 428
-89.7186 123.216 429
-90.6608 123.503 430
-91.3938 123.503 430
-92.3411 123.791 431
-93.2918 124.078 432
-94.2459 124.365 433
-94.9841 124.365 433
-95.9433 124.652 434
-97.3515 125.514 437
-98.0964 125.514 437
-99.2938 126.088 439
-100.27 126.376 440
-101.02 126.376 440
-101.77 126.376 440
-103.219 127.237 443
-104.209 127.525 444
-104.966 127.525 444
-106.199 128.099 446
-107.199 128.386 447
-108.203 128.673 448
-108.967 128.673 448
-109.73 128.673 448
-110.741 128.961 449
-111.506 128.961 449
-112.272 128.961 449
-113.037 128.961 449
-114.056 129.248 450
-114.823 129.248 450
-116.104 129.822 452
-116.875 129.822 452
-117.645 129.822 452
-118.416 129.822 452
-119.186 129.822 452
-119.957 129.822 452
-120.727 129.822 452
-121.498 129.822 452
-122.268 129.822 452
-123.039 129.822 452
-123.809 129.822 452
-124.58 129.822 452
-676.695 585.636 2039
-680.171 585.636 2039
-683.647 585.636 2039
-686.449 585.062 2037
-687.551 583.051 2030
-685.906 578.743 2015
-689.341 578.743 2015
-692.776 578.743 2015
-722.97 595.114 2072
-726.502 595.114 2072
-735.671 599.71 2088
-740.293 600.572 2091
-743.858 600.572 2091
-760.648 611.199 2128
-769.304 615.22 2142
-773.677 615.794 2144
-777.332 615.794 2144
-780.987 615.794 2144
-784.642 615.794 2144
-789.4 616.656 2147
-793.06 616.656 2147
-796.72 616.656 2147
-801.499 617.517 2150
-812.279 622.975 2169
-815.977 622.975 2169
-821.942 624.698 2175
-825.65 624.698 2175
-829.357 624.698 2175
-833.065 624.698 2175
-834.465 622.975 2169
-837.389 622.4 2167
-841.084 622.4 2167
-844.778 622.4 2167
-848.472 622.4 2167
-852.166 622.4 2167
-855.86 622.4 2167
-858.365 621.538 2164
-862.054 621.538 2164
-865.743 621.538 2164
-869.432 621.538 2164
-870.7 619.815 2158
-873.163 618.953 2155
-876.837 618.953 2155
-880.511 618.953 2155
-883.364 618.379 2153
-885.798 617.517 2150
-889.464 617.517 2150
-893.129 617.517 2150
-896.794 617.517 2150
-897.946 615.794 2144
-898.237 613.496 2136
-901.878 613.496 2136
-905.52 613.496 2136
-909.161 613.496 2136
-912.802 613.496 2136
-916.444 613.496 2136
-917.931 612.06 2131
-918.969 610.337 2125
-921.289 609.475 2122
-924.907 609.475 2122
-927.649 608.901 2120
-929.946 608.039 2117
-933.555 608.039 2117
-937.163 608.039 2117
-940.772 608.039 2117
-938.582 604.305 2104
-942.169 604.305 2104
-945.756 604.305 2104
-946.635 602.582 2098
-943.418 598.274 2083
-939.695 593.678 2067
-943.219 593.678 2067
-941.246 590.232 2055
-943.37 589.37 2052
-946.868 589.37 2052
-950.367 589.37 2052
-949.216 586.498 2042
-947.099 583.051 2030
-948.218 581.615 2025
-951.67 581.615 2025
-951.349 579.318 2017
-954.788 579.318 2017
-955.851 577.881 2012
-959.281 577.881 2012
-956.012 573.86 1998
-956.057 571.85 1991
-957.041 570.414 1986
-960.427 570.414 1986
-961.386 568.978 1981
-960.38 566.393 1972
-962.764 565.818 1970
-966.123 565.818 1970
-968.005 564.957 1967
-971.358 564.957 1967
-974.711 564.957 1967
-978.064 564.957 1967
-977.925 562.946 1960
-980.265 562.372 1958
-981.091 560.936 1953
-984.421 560.936 1953
-986.738 560.361 1951
-989.049 559.787 1949
-989.826 558.351 1944
-993.14 558.351 1944
-996.454 558.351 1944
-998.74 557.776 1942
-18.5272 131.05 459
-19.3096 131.05 459
-20.0921 131.05 459
-20.8746 131.05 459
-21.6571 131.05 459
-22.4396 131.05 459
-23.222 131.05 459
-24.0045 131.05 459
-24.733 130.764 458
-25.4024 130.193 456
-26.1797 130.193 456
-26.9571 130.193 456
-27.6736 129.908 455
-28.3868 129.622 454
-29.1607 129.622 454
-29.8028 129.051 452
-30.4381 128.48 450
-29.8877 123.055 431
-30.6224 123.055 431
-31.1389 122.199 428
-31.8685 122.199 428
-32.5981 122.199 428
-33.3278 122.199 428
-34.0574 122.199 428
-34.787 122.199 428
-35.5167 122.199 428
-36.2463 122.199 428
-36.8895 121.913 427
-37.5294 121.628 426
-38.2556 121.628 426
-38.9818 121.628 426
-39.8013 121.913 427
-40.5292 121.913 427
-41.2571 121.913 427
-41.985 121.913 427
-42.6129 121.628 426
-43.3392 121.628 426
-44.0654 121.628 426
-44.7916 121.628 426
-45.5178 121.628 426
-46.1355 121.342 425
-46.86 121.342 425
-46.017 117.345 411
-46.604 117.06 410
-47.1876 116.774 409
-48.0019 117.06 410
-48.8196 117.345 411
-49.5203 117.345 411
-50.221 117.345 411
-50.9216 117.345 411
-51.6223 117.345 411
-52.3229 117.345 411
-53.0236 117.345 411
-53.5935 117.06 410
-54.2924 117.06 410
-54.9914 117.06 410
-55.5545 116.774 409
-56.2517 116.774 409
-56.949 116.774 409
-57.6462 116.774 409
-58.2008 116.489 408
-58.8964 116.489 408
-59.4458 116.203 407
-60.2874 116.489 408
-60.983 116.489 408
-61.6785 116.489 408
-62.374 116.489 408
-63.0696 116.489 408
-63.6088 116.203 407
-64.3027 116.203 407
-64.8368 115.918 406
-65.5289 115.918 406
-66.2211 115.918 406
-66.9132 115.918 406
-67.6053 115.918 406
-68.2974 115.918 406
-68.9896 115.918 406
-69.6817 115.918 406
-70.3738 115.918 406
-71.0659 115.918 406
-71.7581 115.918 406
-72.6286 116.203 407
-73.5026 116.489 408
-74.1982 116.489 408
-75.628 117.631 412
-77.6272 119.629 419
-78.3415 119.629 419
-80.1878 121.342 425
-80.9124 121.342 425
-81.6369 121.342 425
-82.3614 121.342 425
-83.2814 121.628 426
-84.0076 121.628 426
-84.7338 121.628 426
-85.4601 121.628 426
-86.3886 121.913 427
-87.3206 122.199 428
-88.0502 122.199 428
-88.7798 122.199 428
-89.9277 122.77 430
-90.8716 123.055 431
-91.6063 123.055 431
-92.5553 123.341 432
-93.5077 123.626 433
-94.2459 123.626 433
-95.2034 123.912 434
-96.6065 124.768 437
-98.0198 125.625 440
-98.7699 125.625 440
-99.52 125.625 440
-100.498 125.91 441
-101.25 125.91 441
-102.233 126.196 442
-103.219 126.481 443
-104.209 126.767 444
-104.966 126.767 444
-106.199 127.338 446
-107.199 127.624 447
-108.203 127.909 448
-108.967 127.909 448
-109.73 127.909 448
-110.741 128.195 449
-111.506 128.195 449
-112.272 128.195 449
-113.037 128.195 449
-114.056 128.48 450
-114.823 128.48 450
-116.104 129.051 452
-116.875 129.051 452
-117.645 129.051 452
-118.416 129.051 452
-119.186 129.051 452
-119.957 129.051 452
-120.727 129.051 452
-121.498 129.051 452
-122.268 129.051 452
-123.039 129.051 452
-123.809 129.051 452
-663.752 571.023 2000
-667.162 571.023 2000
-670.571 571.023 2000
-673.981 571.023 2000
-678.406 571.879 2003
-681.821 571.879 2003
-685.235 571.879 2003
-688.65 571.879 2003
-722.97 591.579 2072
-726.502 591.579 2072
-735.671 596.148 2088
-739.231 596.148 2088
-742.79 596.148 2088
-760.648 607.568 2128
-769.304 611.565 2142
-773.677 612.136 2144
-777.332 612.136 2144
-782.08 612.993 2147
-785.74 612.993 2147
-790.503 613.849 2150
-794.168 613.849 2150
-797.833 613.849 2150
-803.362 615.277 2155
-810.407 617.846 2164
-814.096 617.846 2164
-819.674 619.274 2169
-823.372 619.274 2169
-827.07 619.274 2169
-830.767 619.274 2169
-833.695 618.703 2167
-836.23 617.846 2164
-839.919 617.846 2164
-842.439 616.99 2161
-846.123 616.99 2161
-849.807 616.99 2161
-853.491 616.99 2161
-857.175 616.99 2161
-860.859 616.99 2161
-863.342 616.133 2158
-867.021 616.133 2158
-869.49 615.277 2155
-873.163 615.277 2155
-876.837 615.277 2155
-880.511 615.277 2155
-882.133 613.849 2150
-885.798 613.849 2150
-889.464 613.849 2150
-893.129 613.849 2150
-895.543 612.993 2147
-897.946 612.136 2144
-898.237 609.852 2136
-901.878 609.852 2136
-905.52 609.852 2136
-909.161 609.852 2136
-912.802 609.852 2136
-916.444 609.852 2136
-917.931 608.425 2131
-918.969 606.712 2125
-921.289 605.855 2122
-924.907 605.855 2122
-926.337 604.427 2117
-929.946 604.427 2117
-932.232 603.571 2114
-935.835 603.571 2114
-939.439 603.571 2114
-938.582 600.716 2104
-942.169 600.716 2104
-945.756 600.716 2104
-946.635 599.003 2098
-943.418 594.72 2083
-939.695 590.152 2067
-943.219 590.152 2067
-941.246 586.726 2055
-943.37 585.869 2052
-946.868 585.869 2052
-950.367 585.869 2052
-949.216 583.014 2042
-947.099 579.588 2030
-948.218 578.16 2025
-951.67 578.16 2025
-951.349 575.876 2017
-954.788 575.876 2017
-955.851 574.449 2012
-959.281 574.449 2012
-956.012 570.452 1998
-956.057 568.453 1991
-957.041 567.025 1986
-960.427 567.025 1986
-961.386 565.598 1981
-960.38 563.028 1972
-962.764 562.457 1970
-966.123 562.457 1970
-968.005 561.601 1967
-970.37 561.03 1965
-972.729 560.459 1963
-976.076 560.459 1963
-976.927 559.031 1958
-977.762 557.604 1953
-980.086 557.033 1951
-983.412 557.033 1951
-985.727 556.462 1949
-986.512 555.034 1944
-989.826 555.034 1944
-993.14 555.034 1944
-995.429 554.463 1942
-995.14 552.464 1935
-18.5272 130.267 459
-19.3096 130.267 459
-20.0921 130.267 459
-20.8746 130.267 459
-21.6571 130.267 459
-22.4396 130.267 459
-23.1715 129.983 458
-23.9522 129.983 458
-24.679 129.699 457
-25.4024 129.415 456
-26.1797 129.415 456
-26.9571 129.415 456
-27.6736 129.131 455
-28.3868 128.848 454
-29.1607 128.848 454
-29.8028 128.28 452
-30.5057 127.996 451
-31.2052 127.712 450
-31.9723 127.712 450
-32.3757 126.293 445
-32.0919 122.32 431
-32.5981 121.469 428
-33.7171 122.888 433
-34.4553 122.888 433
-35.1934 122.888 433
-35.7656 122.32 431
-36.2463 121.469 428
-36.9759 121.469 428
-37.6175 121.185 427
-38.3454 121.185 427
-39.0733 121.185 427
-39.8013 121.185 427
-40.5292 121.185 427
-41.2571 121.185 427
-41.985 121.185 427
-42.6129 120.901 426
-43.3392 120.901 426
-44.0654 120.901 426
-44.7916 120.901 426
-45.5178 120.901 426
-46.1355 120.617 425
-46.86 120.617 425
-46.017 116.644 411
-46.604 116.36 410
-47.1876 116.076 409
-48.0019 116.36 410
-48.8196 116.644 411
-49.5203 116.644 411
-50.221 116.644 411
-50.9216 116.644 411
-51.6223 116.644 411
-52.3229 116.644 411
-53.0236 116.644 411
-53.5935 116.36 410
-54.2924 116.36 410
-54.9914 116.36 410
-55.5545 116.076 409
-56.2517 116.076 409
-56.949 116.076 409
-57.6462 116.076 409
-58.2008 115.793 408
-58.8964 115.793 408
-59.4458 115.509 407
-60.4352 116.076 409
-61.1324 116.076 409
-61.8297 116.076 409
-62.374 115.793 408
-63.0696 115.793 408
-63.7651 115.793 408
-64.3027 115.509 407
-64.9965 115.509 407
-65.6903 115.509 407
-66.2211 115.225 406
-66.9132 115.225 406
-67.6053 115.225 406
-68.2974 115.225 406
-68.9896 115.225 406
-69.6817 115.225 406
-70.3738 115.225 406
-71.241 115.509 407
-71.9348 115.509 407
-72.6286 115.509 407
-74.2232 116.928 412
-74.9256 116.928 412
-76.9129 118.914 419
-77.6272 118.914 419
-79.4633 120.617 425
-80.3765 120.901 426
-81.1027 120.901 426
-81.829 120.901 426
-82.5552 120.901 426
-83.2814 120.901 426
-84.0076 120.901 426
-84.7338 120.901 426
-85.6607 121.185 427
-86.5909 121.469 428
-87.3206 121.469 428
-88.0502 121.469 428
-89.4021 122.32 431
-90.1369 122.32 431
-91.0824 122.604 432
-91.8189 122.604 432
-92.7696 122.888 433
-93.9397 123.455 435
-94.6812 123.455 435
-96.0809 124.307 438
-97.2697 124.874 440
-98.0198 124.874 440
-98.9943 125.158 441
-99.9723 125.442 442
-100.726 125.442 442
-101.479 125.442 442
-102.695 126.01 444
-103.452 126.01 444
-104.679 126.577 446
-105.439 126.577 446
-106.437 126.861 447
-107.439 127.145 448
-108.203 127.145 448
-108.967 127.145 448
-109.975 127.429 449
-110.987 127.712 450
-111.755 127.712 450
-112.522 127.712 450
-113.289 127.712 450
-114.563 128.28 452
-115.333 128.28 452
-116.104 128.28 452
-116.875 128.28 452
-117.645 128.28 452
-118.416 128.28 452
-119.186 128.28 452
-119.957 128.28 452
-120.727 128.28 452
-121.498 128.28 452
-122.268 128.28 452
-123.039 128.28 452
-123.809 128.28 452
-663.752 567.61 2000
-667.162 567.61 2000
-670.571 567.61 2000
-673.981 567.61 2000
-678.406 568.462 2003
-681.821 568.462 2003
-685.235 568.462 2003
-688.65 568.462 2003
-722.215 590.315 2080
-725.761 590.315 2080
-730.359 591.166 2083
-735.671 592.585 2088
-743.833 596.275 2101
-747.415 596.275 2101
-756.716 600.816 2117
-768.226 607.059 2139
-774.759 609.33 2147
-778.42 609.33 2147
-784.265 611.033 2153
-788.668 611.6 2155
-792.341 611.6 2155
-796.015 611.6 2155
-799.689 611.6 2155
-805.599 613.303 2161
-811.53 615.006 2167
-815.224 615.006 2167
-819.674 615.573 2169
-823.372 615.573 2169
-827.07 615.573 2169
-830.001 615.006 2167
-831.387 613.303 2161
-833.912 612.452 2158
-837.59 612.452 2158
-841.269 612.452 2158
-844.948 612.452 2158
-849.807 613.303 2161
-853.491 613.303 2161
-857.175 613.303 2161
-860.859 613.303 2161
-861.342 611.033 2153
-865.012 611.033 2153
-867.472 610.181 2150
-872.353 611.033 2153
-876.023 611.033 2153
-879.694 611.033 2153
-882.133 610.181 2150
-885.798 610.181 2150
-888.222 609.33 2147
-891.882 609.33 2147
-894.291 608.478 2144
-897.109 607.911 2142
-896.975 605.357 2133
-901.878 606.208 2136
-905.52 606.208 2136
-909.161 606.208 2136
-912.802 606.208 2136
-916.444 606.208 2136
-917.931 604.789 2131
-917.672 602.235 2122
-920.421 601.667 2120
-924.035 601.667 2120
-924.149 599.397 2112
-927.749 599.397 2112
-930.027 598.545 2109
-933.622 598.545 2109
-934.995 597.126 2104
-937.244 596.275 2101
-939.482 595.423 2098
-943.059 595.423 2098
-943.477 593.437 2091
-937.53 587.477 2070
-932.876 582.368 2052
-936.374 582.368 2052
-937.582 580.949 2047
-941.072 580.949 2047
-942.254 579.53 2042
-945.735 579.53 2042
-943.638 576.125 2030
-944.766 574.706 2025
-944.472 572.435 2017
-947.911 572.435 2017
-950.406 571.867 2015
-952.421 571.016 2012
-954.901 570.448 2010
-958.327 570.448 2010
-955.055 566.475 1996
-956.057 565.056 1991
-957.041 563.637 1986
-960.427 563.637 1986
-960.415 561.651 1979
-960.38 559.664 1972
-962.764 559.096 1970
-966.123 559.096 1970
-968.005 558.245 1967
-970.37 557.677 1965
-972.729 557.11 1963
-976.076 557.11 1963
-976.927 555.691 1958
-977.762 554.272 1953
-980.086 553.704 1951
-983.412 553.704 1951
-985.727 553.136 1949
-986.512 551.717 1944
-989.826 551.717 1944
-993.14 551.717 1944
-995.429 551.15 1942
-995.14 549.163 1935
-18.5272 129.483 459
-19.3096 129.483 459
-20.0921 129.483 459
-20.8746 129.483 459
-21.6571 129.483 459
-22.4396 129.483 459
-23.222 129.483 459
-24.0045 129.483 459
-24.733 129.201 458
-25.5138 129.201 458
-26.2371 128.919 457
-26.9571 128.637 456
-27.7345 128.637 456
-28.4493 128.355 455
-29.225 128.355 455
-29.8687 127.791 453
-30.5057 127.227 451
-31.2052 126.945 450
-31.9723 126.945 450
-32.6667 126.662 449
-32.9854 124.97 443
-33.7406 124.97 443
-34.0286 123.277 437
-34.7736 123.277 437
-35.4373 122.995 436
-35.9316 122.149 433
-36.4157 121.303 430
-36.9759 120.738 428
-37.7056 120.738 428
-38.3454 120.456 427
-39.0733 120.456 427
-39.8013 120.456 427
-40.5292 120.456 427
-41.2571 120.456 427
-41.985 120.456 427
-42.6129 120.174 426
-43.3392 120.174 426
-44.0654 120.174 426
-44.7916 120.174 426
-45.5178 120.174 426
-46.1355 119.892 425
-46.86 119.892 425
-46.017 115.943 411
-46.7177 115.943 411
-47.303 115.661 410
-48.119 115.943 411
-48.9384 116.225 412
-49.6408 116.225 412
-50.3431 116.225 412
-51.0455 116.225 412
-51.7479 116.225 412
-52.4502 116.225 412
-53.0236 115.943 411
-53.7242 115.943 411
-54.4249 115.943 411
-54.9914 115.661 410
-55.6903 115.661 410
-56.3893 115.661 410
-57.0882 115.661 410
-57.6462 115.379 409
-58.3435 115.379 409
-58.8964 115.096 408
-59.5919 115.096 408
-60.4352 115.379 409
-61.1324 115.379 409
-61.8297 115.379 409
-62.374 115.096 408
-63.0696 115.096 408
-63.7651 115.096 408
-64.3027 114.814 407
-64.9965 114.814 407
-65.6903 114.814 407
-66.2211 114.532 406
-66.9132 114.532 406
-67.6053 114.532 406
-68.2974 114.532 406
-68.9896 114.532 406
-69.6817 114.532 406
-70.3738 114.532 406
-71.241 114.814 407
-71.9348 114.814 407
-72.6286 114.814 407
-74.2232 116.225 412
-74.9256 116.225 412
-76.9129 118.2 419
-77.6272 118.2 419
-79.4633 119.892 425
-80.3765 120.174 426
-81.1027 120.174 426
-81.829 120.174 426
-82.5552 120.174 426
-83.2814 120.174 426
-84.2048 120.456 427
-84.9328 120.456 427
-85.8613 120.738 428
-86.7932 121.021 429
-87.9326 121.585 431
-88.6674 121.585 431
-89.4021 121.585 431
-90.346 121.867 432
-91.0824 121.867 432
-92.6691 122.995 436
-93.8408 123.559 438
-94.5875 123.559 438
-96.2048 124.688 442
-96.9583 124.688 442
-97.9329 124.97 443
-98.6881 124.97 443
-99.4433 124.97 443
-100.651 125.534 445
-101.409 125.534 445
-102.168 125.534 445
-103.158 125.816 446
-103.918 125.816 446
-104.913 126.098 447
-105.675 126.098 447
-106.675 126.38 448
-107.439 126.38 448
-108.444 126.662 449
-109.21 126.662 449
-110.22 126.945 450
-111.727 127.791 453
-112.5 127.791 453
-113.272 127.791 453
-114.044 127.791 453
-114.816 127.791 453
-115.589 127.791 453
-116.361 127.791 453
-117.133 127.791 453
-117.905 127.791 453
-118.678 127.791 453
-119.186 127.509 452
-119.957 127.509 452
-120.727 127.509 452
-121.498 127.509 452
-121.998 127.227 451
-660.765 561.659 1991
-665.827 563.07 1996
-669.901 563.634 1998
-673.307 563.634 1998
-676.713 563.634 1998
-681.821 565.044 2003
-685.235 565.044 2003
-688.65 565.044 2003
-722.215 586.766 2080
-725.761 586.766 2080
-730.359 587.612 2083
-735.671 589.023 2088
-743.833 592.69 2101
-747.415 592.69 2101
-756.716 597.204 2117
-768.226 603.41 2139
-775.842 606.513 2150
-779.507 606.513 2150
-786.087 608.77 2158
-789.766 608.77 2158
-794.547 609.616 2161
-798.231 609.616 2161
-801.915 609.616 2161
-807.836 611.309 2167
-812.279 611.873 2169
-815.977 611.873 2169
-820.808 612.719 2172
-824.511 612.719 2172
-828.213 612.719 2172
-830.767 611.873 2169
-831.387 609.616 2161
-835.071 609.616 2161
-838.755 609.616 2161
-842.439 609.616 2161
-846.123 609.616 2161
-849.807 609.616 2161
-853.491 609.616 2161
-857.175 609.616 2161
-860.859 609.616 2161
-861.342 607.359 2153
-865.012 607.359 2153
-867.472 606.513 2150
-869.922 605.667 2147
-873.582 605.667 2147
-878.468 606.513 2150
-882.133 606.513 2150
-885.798 606.513 2150
-888.222 605.667 2147
-891.882 605.667 2147
-894.291 604.82 2144
-897.109 604.256 2142
-896.975 601.717 2133
-900.612 601.717 2133
-904.248 601.717 2133
-907.884 601.717 2133
-911.52 601.717 2133
-915.157 601.717 2133
-917.931 601.153 2131
-916.807 598.05 2120
-917.816 596.357 2114
-921.42 596.357 2114
-924.149 595.793 2112
-926.431 594.947 2109
-928.704 594.101 2106
-932.294 594.101 2106
-934.995 593.536 2104
-935.013 591.28 2096
-937.243 590.433 2093
-940.811 590.433 2093
-940.77 588.177 2085
-936.172 583.099 2067
-929.239 576.611 2044
-932.724 576.611 2044
-936.208 576.611 2044
-938.773 576.046 2042
-942.254 576.046 2042
-945.735 576.046 2042
-943.638 572.661 2030
-944.766 571.251 2025
-944.472 568.994 2017
-947.911 568.994 2017
-950.406 568.43 2015
-952.421 567.583 2012
-954.901 567.019 2010
-958.327 567.019 2010
-956.012 563.634 1998
-956.057 561.659 1991
-957.041 560.249 1986
-960.427 560.249 1986
-960.415 558.274 1979
-960.38 556.299 1972
-962.764 555.735 1970
-966.123 555.735 1970
-968.005 554.889 1967
-970.37 554.325 1965
-972.729 553.76 1963
-976.076 553.76 1963
-976.927 552.35 1958
-976.76 550.375 1951
-979.082 549.811 1949
-982.404 549.811 1949
-985.727 549.811 1949
-986.512 548.401 1944
-988.808 547.836 1942
-992.118 547.836 1942
-995.429 547.836 1942
-994.111 545.298 1933
-18.5272 128.7 459
-19.3096 128.7 459
-20.0921 128.7 459
-20.8746 128.7 459
-21.6571 128.7 459
-22.4396 128.7 459
-23.222 128.7 459
-24.0045 128.7 459
-24.733 128.42 458
-25.5138 128.42 458
-26.2371 128.14 457
-26.9571 127.859 456
-27.7345 127.859 456
-28.4493 127.579 455
-29.225 127.579 455
-29.8687 127.018 453
-30.5057 126.457 451
-31.2052 126.177 450
-31.9723 126.177 450
-32.6667 125.896 449
-33.1343 124.775 445
-33.7406 124.214 443
-34.3401 123.653 441
-35.0919 123.653 441
-35.6811 123.093 439
-36.0146 121.691 434
-36.5851 121.13 432
-37.1487 120.569 430
-37.8818 120.569 430
-38.4352 120.008 428
-39.1648 120.008 428
-39.8945 120.008 428
-40.6241 120.008 428
-41.2571 119.728 427
-41.985 119.728 427
-42.6129 119.447 426
-43.3392 119.447 426
-44.0654 119.447 426
-44.7916 119.447 426
-45.5178 119.447 426
-46.1355 119.167 425
-46.86 119.167 425
-47.5845 119.167 425
-48.1954 118.887 424
-48.9182 118.887 424
-49.641 118.887 424
-49.8887 117.765 420
-50.4842 117.485 419
-50.4653 115.802 413
-51.1694 115.802 413
-51.8735 115.802 413
-52.4502 115.522 412
-53.1526 115.522 412
-53.7242 115.242 411
-54.4249 115.242 411
-55.1255 115.242 411
-55.8262 115.242 411
-56.5268 115.242 411
-57.2275 115.242 411
-57.7872 114.961 410
-58.3435 114.681 409
-59.0407 114.681 409
-59.7379 114.681 409
-60.4352 114.681 409
-61.1324 114.681 409
-61.8297 114.681 409
-62.5269 114.681 409
-63.2242 114.681 409
-63.7651 114.4 408
-64.4607 114.4 408
-64.9965 114.12 407
-65.6903 114.12 407
-66.2211 113.84 406
-66.9132 113.84 406
-67.6053 113.84 406
-68.2974 113.84 406
-68.9896 113.84 406
-69.6817 113.84 406
-70.3738 113.84 406
-71.241 114.12 407
-71.9348 114.12 407
-72.8071 114.4 408
-74.2232 115.522 412
-76.1986 117.485 419
-77.8307 118.887 424
-78.5535 118.887 424
-79.6503 119.447 426
-80.3765 119.447 426
-81.1027 119.447 426
-81.829 119.447 426
-82.5552 119.447 426
-83.2814 119.447 426
-84.2048 119.728 427
-84.9328 119.728 427
-85.8613 120.008 428
-86.7932 120.289 429
-87.9326 120.849 431
-88.6674 120.849 431
-89.4021 120.849 431
-90.346 121.13 432
-91.0824 121.13 432
-92.6691 122.251 436
-93.8408 122.812 438
-94.5875 122.812 438
-96.2048 123.934 442
-96.9583 123.934 442
-97.9329 124.214 443
-98.6881 124.214 443
-99.4433 124.214 443
-100.651 124.775 445
-101.409 124.775 445
-102.168 124.775 445
-103.158 125.055 446
-103.918 125.055 446
-104.913 125.336 447
-105.675 125.336 447
-106.675 125.616 448
-107.679 125.896 449
-108.444 125.896 449
-109.453 126.177 450
-110.955 127.018 453
-111.727 127.018 453
-112.5 127.018 453
-113.272 127.018 453
-114.044 127.018 453
-114.816 127.018 453
-115.589 127.018 453
-116.618 127.298 454
-117.392 127.298 454
-118.166 127.298 454
-118.94 127.298 454
-119.45 127.018 453
-119.957 126.738 452
-120.727 126.738 452
-121.498 126.738 452
-121.998 126.457 451
-663.088 560.225 1998
-666.494 560.225 1998
-671.577 561.627 2003
-674.992 561.627 2003
-678.406 561.627 2003
-681.821 561.627 2003
-685.235 561.627 2003
-688.65 561.627 2003
-716.942 581.815 2075
-724.993 585.461 2088
-728.552 585.461 2088
-733.164 586.302 2091
-740.252 589.106 2101
-748.436 592.751 2114
-752.04 592.751 2114
-756.716 593.592 2117
-768.226 599.761 2139
-775.842 602.845 2150
-779.507 602.845 2150
-786.087 605.088 2158
-789.766 605.088 2158
-794.547 605.929 2161
-798.231 605.929 2161
-801.915 605.929 2161
-807.836 607.612 2167
-812.279 608.172 2169
-815.977 608.172 2169
-820.808 609.014 2172
-824.511 609.014 2172
-828.213 609.014 2172
-830.767 608.172 2169
-831.387 605.929 2161
-835.071 605.929 2161
-838.755 605.929 2161
-842.439 605.929 2161
-846.123 605.929 2161
-849.807 605.929 2161
-853.491 605.929 2161
-857.175 605.929 2161
-860.859 605.929 2161
-861.342 603.686 2153
-865.012 603.686 2153
-867.472 602.845 2150
-869.922 602.004 2147
-873.582 602.004 2147
-878.468 602.845 2150
-882.133 602.845 2150
-885.798 602.845 2150
-888.222 602.004 2147
-891.882 602.004 2147
-894.291 601.163 2144
-897.109 600.602 2142
-896.975 598.078 2133
-900.612 598.078 2133
-904.248 598.078 2133
-907.884 598.078 2133
-911.52 598.078 2133
-915.157 598.078 2133
-917.931 597.517 2131
-916.807 594.433 2120
-917.816 592.751 2114
-921.42 592.751 2114
-924.149 592.19 2112
-926.431 591.349 2109
-928.704 590.508 2106
-932.294 590.508 2106
-934.995 589.947 2104
-933.675 586.863 2093
-935.004 585.461 2088
-938.564 585.461 2088
-937.611 582.657 2078
-933.907 578.17 2062
-928.33 572.562 2042
-931.811 572.562 2042
-935.292 572.562 2042
-938.773 572.562 2042
-940.87 571.721 2039
-944.346 571.721 2039
-942.244 568.357 2027
-943.366 566.955 2022
-944.472 565.553 2017
-947.911 565.553 2017
-950.406 564.992 2015
-952.421 564.151 2012
-954.901 563.59 2010
-958.327 563.59 2010
-956.012 560.225 1998
-956.057 558.262 1991
-957.041 556.86 1986
-960.427 556.86 1986
-960.415 554.898 1979
-960.38 552.935 1972
-962.764 552.374 1970
-966.123 552.374 1970
-967.02 550.972 1965
-969.383 550.411 1963
-971.242 549.57 1960
-974.584 549.57 1960
-975.929 548.449 1956
-976.76 547.047 1951
-979.082 546.486 1949
-982.404 546.486 1949
-982.187 544.523 1942
-985.497 544.523 1942
-988.808 544.523 1942
-992.118 544.523 1942
-994.404 543.962 1940
-994.111 542 1933
-20.8746 127.917 459
-21.7043 128.196 460
-22.4885 128.196 460
-23.2726 128.196 460
-24.0568 128.196 460
-24.841 128.196 460
-25.6252 128.196 460
-26.2945 127.639 458
-27.0162 127.36 457
-27.7345 127.081 456
-28.5118 127.081 456
-29.225 126.803 455
-29.8687 126.245 453
-30.5057 125.688 451
-31.2052 125.409 450
-31.9723 125.409 450
-32.6667 125.13 449
-33.1343 124.016 445
-33.7406 123.458 443
-34.3401 122.901 441
-35.0919 122.901 441
-35.6811 122.344 439
-36.0146 120.95 434
-36.5851 120.393 432
-37.1487 119.835 430
-37.8818 119.835 430
-38.4352 119.278 428
-39.1648 119.278 428
-39.8945 119.278 428
-40.6241 119.278 428
-41.2571 118.999 427
-41.985 118.999 427
-42.6129 118.721 426
-43.3392 118.721 426
-44.0654 118.721 426
-44.7916 118.721 426
-45.5178 118.721 426
-46.1355 118.442 425
-46.9703 118.721 426
-47.6965 118.721 426
-48.4227 118.721 426
-49.1489 118.721 426
-49.8752 118.721 426
-50.3638 118.163 424
-50.6047 117.048 420
-51.1985 116.77 419
-51.9128 116.77 419
-51.9991 115.376 414
-52.5775 115.098 413
-53.1526 114.819 412
-53.8549 114.819 412
-54.5573 114.819 412
-55.2596 114.819 412
-55.8262 114.54 411
-56.5268 114.54 411
-57.2275 114.54 411
-57.7872 114.262 410
-58.4861 114.262 410
-59.0407 113.983 409
-59.7379 113.983 409
-60.4352 113.983 409
-61.2819 114.262 410
-61.9809 114.262 410
-62.6798 114.262 410
-63.3787 114.262 410
-63.9214 113.983 409
-64.4607 113.704 408
-64.9965 113.426 407
-65.6903 113.426 407
-66.3842 113.426 407
-66.9132 113.147 406
-67.6053 113.147 406
-68.2974 113.147 406
-68.9896 113.147 406
-69.6817 113.147 406
-70.3738 113.147 406
-71.241 113.426 407
-71.9348 113.426 407
-75.1269 117.327 421
-75.8446 117.327 421
-77.1079 118.163 424
-78.1978 118.721 426
-78.9241 118.721 426
-79.6503 118.721 426
-80.5652 118.999 427
-81.2931 118.999 427
-82.021 118.999 427
-82.749 118.999 427
-83.4769 118.999 427
-84.402 119.278 428
-85.1317 119.278 428
-86.0619 119.557 429
-87.1979 120.114 431
-87.9326 120.114 431
-88.6674 120.114 431
-89.6095 120.393 432
-91.1825 121.507 436
-91.9258 121.507 436
-93.0942 122.065 438
-94.6978 123.18 442
-95.4513 123.18 442
-96.8578 124.016 445
-97.6164 124.016 445
-98.375 124.016 445
-99.1336 124.016 445
-99.8922 124.016 445
-100.877 124.294 446
-101.637 124.294 446
-102.398 124.294 446
-103.158 124.294 446
-103.918 124.294 446
-104.913 124.573 447
-105.675 124.573 447
-106.675 124.852 448
-107.679 125.13 449
-108.444 125.13 449
-109.453 125.409 450
-110.955 126.245 453
-111.727 126.245 453
-112.5 126.245 453
-113.272 126.245 453
-114.044 126.245 453
-114.816 126.245 453
-115.589 126.245 453
-116.618 126.524 454
-117.392 126.524 454
-118.166 126.524 454
-118.94 126.524 454
-119.45 126.245 453
-119.957 125.966 452
-120.727 125.966 452
-121.498 125.966 452
-121.998 125.688 451
-663.088 556.816 1998
-667.162 557.374 2000
-671.577 558.21 2003
-674.992 558.21 2003
-678.406 558.21 2003
-681.821 558.21 2003
-685.235 558.21 2003
-688.65 558.21 2003
-719.706 580.505 2083
-726.034 582.734 2091
-729.599 582.734 2091
-736.67 585.521 2101
-742.013 586.915 2106
-748.436 589.144 2114
-752.04 589.144 2114
-756.716 589.98 2117
-769.304 596.947 2142
-777.646 600.57 2155
-781.32 600.57 2155
-789.365 603.914 2167
-793.059 603.914 2167
-796.753 603.914 2167
-800.448 603.914 2167
-804.142 603.914 2167
-809.7 605.308 2172
-813.403 605.308 2172
-817.105 605.308 2172
-820.808 605.308 2172
-824.511 605.308 2172
-828.213 605.308 2172
-830.767 604.472 2169
-831.387 602.242 2161
-835.071 602.242 2161
-838.755 602.242 2161
-842.439 602.242 2161
-846.123 602.242 2161
-849.807 602.242 2161
-853.491 602.242 2161
-857.175 602.242 2161
-860.859 602.242 2161
-861.342 600.013 2153
-865.012 600.013 2153
-866.262 598.341 2147
-869.922 598.341 2147
-873.582 598.341 2147
-878.468 599.177 2150
-882.133 599.177 2150
-885.798 599.177 2150
-886.981 597.505 2144
-890.636 597.505 2144
-894.291 597.505 2144
-895.852 596.111 2139
-896.975 594.439 2133
-900.612 594.439 2133
-904.248 594.439 2133
-907.884 594.439 2133
-910.666 593.882 2131
-914.299 593.882 2131
-914.055 591.374 2122
-914.212 589.144 2114
-916.948 588.587 2112
-920.548 588.587 2112
-921.523 586.915 2106
-925.114 586.915 2106
-926.499 585.521 2101
-930.081 585.521 2101
-933.662 585.521 2101
-933.675 583.292 2093
-935.004 581.898 2088
-938.564 581.898 2088
-937.611 579.111 2078
-933.907 574.652 2062
-928.33 569.079 2042
-931.811 569.079 2042
-935.292 569.079 2042
-938.773 569.079 2042
-940.87 568.243 2039
-944.346 568.243 2039
-942.244 564.898 2027
-943.366 563.505 2022
-944.472 562.111 2017
-947.911 562.111 2017
-950.406 561.554 2015
-952.421 560.718 2012
-954.901 560.161 2010
-958.327 560.161 2010
-956.012 556.816 1998
-956.057 554.866 1991
-957.041 553.472 1986
-960.427 553.472 1986
-960.415 551.521 1979
-960.38 549.571 1972
-962.764 549.013 1970
-966.123 549.013 1970
-967.02 547.62 1965
-967.901 546.226 1960
-969.26 545.112 1956
-972.595 545.112 1956
-973.435 543.718 1951
-975.759 543.161 1949
-976.57 541.767 1944
-979.884 541.767 1944
-982.187 541.21 1942
-984.482 540.653 1940
-987.789 540.653 1940
-991.097 540.653 1940
-993.379 540.095 1938
-993.083 538.144 1931
-21.7515 127.688 461
-22.5373 127.688 461
-23.3232 127.688 461
-24.1091 127.688 461
-24.895 127.688 461
-25.6809 127.688 461
-26.352 127.134 459
-27.0162 126.58 457
-27.7953 126.58 457
-28.5743 126.58 457
-29.225 126.026 455
-29.8687 125.472 453
-30.5057 124.918 451
-31.2052 124.641 450
-31.9723 124.641 450
-32.6667 124.364 449
-33.1343 123.256 445
-33.8168 122.979 444
-34.4958 122.702 443
-35.251 122.702 443
-35.7624 121.872 440
-36.1805 120.764 436
-36.6698 119.933 433
-37.3215 119.656 432
-38.058 119.656 432
-38.525 118.825 429
-39.1648 118.548 428
-39.8945 118.548 428
-40.6241 118.548 428
-41.3537 118.548 428
-41.985 118.271 427
-42.6129 117.994 426
-43.3392 117.994 426
-44.0654 117.994 426
-44.7916 117.994 426
-45.5178 117.994 426
-46.1355 117.717 425
-46.9703 117.994 426
-47.6965 117.994 426
-48.4227 117.994 426
-49.1489 117.994 426
-49.8752 117.994 426
-50.3638 117.44 424
-50.6047 116.332 420
-51.1985 116.055 419
-51.9128 116.055 419
-51.9991 114.67 414
-52.5775 114.393 413
-53.1526 114.116 412
-53.8549 114.116 412
-54.5573 114.116 412
-55.2596 114.116 412
-55.8262 113.839 411
-56.5268 113.839 411
-57.2275 113.839 411
-57.7872 113.562 410
-58.4861 113.562 410
-59.0407 113.285 409
-59.7379 113.285 409
-60.4352 113.285 409
-61.2819 113.562 410
-61.9809 113.562 410
-62.6798 113.562 410
-63.3787 113.562 410
-63.9214 113.285 409
-64.6186 113.285 409
-65.3159 113.285 409
-65.8517 113.008 408
-66.3842 112.731 407
-67.078 112.731 407
-67.6053 112.454 406
-68.2974 112.454 406
-68.9896 112.454 406
-69.6817 112.454 406
-70.3738 112.454 406
-71.241 112.731 407
-71.9348 112.731 407
-75.1269 116.609 421
-76.9256 118.271 427
-77.6535 118.271 427
-78.3814 118.271 427
-79.1093 118.271 427
-80.0242 118.548 428
-80.7539 118.548 428
-81.4835 118.548 428
-82.2131 118.548 428
-83.1366 118.825 429
-83.8679 118.825 429
-84.5992 118.825 429
-85.3306 118.825 429
-86.4631 119.379 431
-87.4002 119.656 432
-88.1366 119.656 432
-88.8731 119.656 432
-89.817 119.933 433
-91.6008 121.318 438
-92.3475 121.318 438
-93.9443 122.426 442
-95.3406 123.256 445
-96.0992 123.256 445
-96.8578 123.256 445
-97.6164 123.256 445
-98.375 123.256 445
-99.1336 123.256 445
-100.117 123.533 446
-100.877 123.533 446
-101.865 123.81 447
-102.627 123.81 447
-103.389 123.81 447
-104.151 123.81 447
-104.913 123.81 447
-105.675 123.81 447
-106.675 124.087 448
-107.919 124.641 450
-108.686 124.641 450
-109.696 124.918 451
-110.955 125.472 453
-111.727 125.472 453
-112.5 125.472 453
-113.272 125.472 453
-114.044 125.472 453
-115.07 125.749 454
-115.844 125.749 454
-116.618 125.749 454
-117.392 125.749 454
-118.166 125.749 454
-118.94 125.749 454
-119.45 125.472 453
-119.957 125.195 452
-120.727 125.195 452
-121.229 124.918 451
-121.998 124.918 451
-663.088 553.408 1998
-667.162 553.962 2000
-671.577 554.792 2003
-674.992 554.792 2003
-678.406 554.792 2003
-681.821 554.792 2003
-685.235 554.792 2003
-688.65 554.792 2003
-722.47 579.167 2091
-730.548 582.768 2104
-734.135 582.768 2104
-738.423 583.322 2106
-744.832 585.537 2114
-749.498 586.368 2117
-753.107 586.368 2117
-760.648 589.415 2128
-778.282 600.217 2167
-782.698 600.771 2169
-786.396 600.771 2169
-793.372 603.264 2178
-797.085 603.264 2178
-800.798 603.264 2178
-804.511 603.264 2178
-808.224 603.264 2178
-810.818 602.433 2175
-815.65 603.264 2178
-819.362 603.264 2178
-823.075 603.264 2178
-826.788 603.264 2178
-830.501 603.264 2178
-830.767 600.771 2169
-833.695 600.217 2167
-835.071 598.555 2161
-838.755 598.555 2161
-842.439 598.555 2161
-846.123 598.555 2161
-849.807 598.555 2161
-853.491 598.555 2161
-857.175 598.555 2161
-860.859 598.555 2161
-861.342 596.34 2153
-865.012 596.34 2153
-866.262 594.678 2147
-868.706 593.847 2144
-872.361 593.847 2144
-878.468 595.509 2150
-882.133 595.509 2150
-885.798 595.509 2150
-886.981 593.847 2144
-890.636 593.847 2144
-893.457 593.293 2142
-893.339 590.8 2133
-896.134 590.246 2131
-899.767 590.246 2131
-903.4 590.246 2131
-907.033 590.246 2131
-908.102 588.584 2125
-911.724 588.584 2125
-910.608 585.537 2114
-913.347 584.983 2112
-912.172 581.937 2101
-915.754 581.937 2101
-919.336 581.937 2101
-922.917 581.937 2101
-924.294 580.552 2096
-927.867 580.552 2096
-930.107 579.721 2093
-931.445 578.336 2088
-931.422 576.12 2080
-934.968 576.12 2080
-934.001 573.35 2070
-930.737 569.195 2055
-928.33 565.595 2042
-931.811 565.595 2042
-935.292 565.595 2042
-937.394 564.764 2039
-937.64 562.825 2032
-941.104 562.825 2032
-942.244 561.44 2027
-942.433 559.501 2020
-944.472 558.67 2017
-947.911 558.67 2017
-950.406 558.116 2015
-951.474 556.731 2010
-954.901 556.731 2010
-958.327 556.731 2010
-956.012 553.408 1998
-956.057 551.469 1991
-957.041 550.084 1986
-960.427 550.084 1986
-960.415 548.145 1979
-960.38 546.206 1972
-962.764 545.652 1970
-966.123 545.652 1970
-967.02 544.267 1965
-967.901 542.882 1960
-969.26 541.774 1956
-972.595 541.774 1956
-973.435 540.39 1951
-975.759 539.836 1949
-976.57 538.451 1944
-979.884 538.451 1944
-982.187 537.897 1942
-984.482 537.343 1940
-987.789 537.343 1940
-991.097 537.343 1940
-993.379 536.789 1938
-993.083 534.85 1931
-21.7515 126.902 461
-22.5862 127.177 462
-23.3738 127.177 462
-24.1614 127.177 462
-24.895 126.902 461
-25.6809 126.902 461
-26.4094 126.626 460
-27.0162 125.801 457
-27.7953 125.801 457
-28.5743 125.801 457
-29.2892 125.525 456
-29.9347 124.975 454
-30.5734 124.424 452
-31.2052 123.874 450
-31.9723 123.874 450
-32.6667 123.598 449
-33.3577 123.323 448
-33.8929 122.497 445
-34.6516 122.497 445
-35.251 121.947 443
-35.7624 121.121 440
-36.1805 120.02 436
-36.6698 119.194 433
-37.3215 118.919 432
-38.058 118.919 432
-38.525 118.093 429
-39.1648 117.818 428
-39.8945 117.818 428
-40.6241 117.818 428
-41.3537 117.818 428
-41.985 117.542 427
-42.6129 117.267 426
-43.3392 117.267 426
-44.0654 117.267 426
-44.7916 117.267 426
-45.5178 117.267 426
-46.244 117.267 426
-46.9703 117.267 426
-47.6965 117.267 426
-48.4227 117.267 426
-49.1489 117.267 426
-49.8752 117.267 426
-50.3638 116.716 424
-50.6047 115.615 420
-51.1985 115.34 419
-51.9128 115.34 419
-52.2503 114.514 416
-52.7048 113.964 414
-53.2816 113.688 413
-53.8549 113.413 412
-54.5573 113.413 412
-55.2596 113.413 412
-55.962 113.413 412
-56.5268 113.138 411
-57.2275 113.138 411
-57.9281 113.138 411
-58.4861 112.863 410
-59.1851 112.863 410
-59.884 112.863 410
-60.583 112.863 410
-61.2819 112.863 410
-61.9809 112.863 410
-62.6798 112.863 410
-63.3787 112.863 410
-63.9214 112.587 409
-64.6186 112.587 409
-65.3159 112.587 409
-65.8517 112.312 408
-66.3842 112.037 407
-67.078 112.037 407
-67.6053 111.762 406
-68.2974 111.762 406
-68.9896 111.762 406
-69.6817 111.762 406
-70.3738 111.762 406
-71.0659 111.762 406
-71.7581 111.762 406
-75.1269 115.891 421
-76.9256 117.542 427
-77.6535 117.542 427
-78.3814 117.542 427
-79.1093 117.542 427
-80.0242 117.818 428
-80.7539 117.818 428
-81.6739 118.093 429
-82.4052 118.093 429
-83.1366 118.093 429
-83.8679 118.093 429
-84.5992 118.093 429
-85.3306 118.093 429
-86.6637 118.919 432
-87.6025 119.194 433
-88.3407 119.194 433
-89.0788 119.194 433
-90.2318 119.744 435
-91.6008 120.57 438
-92.7691 121.121 440
-94.582 122.497 445
-95.7691 123.048 447
-96.5311 123.048 447
-97.2931 123.048 447
-97.8358 122.773 446
-98.5961 122.773 446
-99.3564 122.773 446
-100.117 122.773 446
-101.103 123.048 447
-101.865 123.048 447
-102.627 123.048 447
-103.389 123.048 447
-104.151 123.048 447
-104.913 123.048 447
-105.675 123.048 447
-106.914 123.598 449
-107.919 123.874 450
-108.686 123.874 450
-109.94 124.424 452
-110.955 124.699 453
-111.727 124.699 453
-112.5 124.699 453
-113.522 124.975 454
-114.296 124.975 454
-115.07 124.975 454
-115.844 124.975 454
-116.618 124.975 454
-117.392 124.975 454
-118.166 124.975 454
-118.94 124.975 454
-119.45 124.699 453
-119.691 124.149 451
-120.46 124.149 451
-121.229 124.149 451
-121.727 123.874 450
-667.162 550.549 2000
-671.577 551.375 2003
-674.992 551.375 2003
-678.406 551.375 2003
-681.821 551.375 2003
-685.235 551.375 2003
-688.65 551.375 2003
-722.47 575.599 2091
-730.548 579.178 2104
-734.135 579.178 2104
-738.423 579.728 2106
-744.832 581.931 2114
-749.498 582.756 2117
-753.107 582.756 2117
-760.648 585.784 2128
-780.078 597.897 2172
-787.029 600.374 2181
-790.747 600.374 2181
-794.465 600.374 2181
-800.013 601.75 2186
-803.739 601.75 2186
-807.466 601.75 2186
-811.192 601.75 2186
-814.919 601.75 2186
-818.646 601.75 2186
-822.372 601.75 2186
-826.099 601.75 2186
-829.066 601.2 2184
-832.789 601.2 2184
-833.065 598.722 2175
-834.465 597.071 2169
-837.389 596.52 2167
-841.084 596.52 2167
-843.608 595.694 2164
-846.123 594.869 2161
-849.807 594.869 2161
-853.491 594.869 2161
-857.175 594.869 2161
-860.859 594.869 2161
-861.342 592.666 2153
-865.012 592.666 2153
-865.051 590.189 2144
-867.896 589.638 2142
-871.548 589.638 2142
-876.016 590.189 2144
-879.671 590.189 2144
-883.326 590.189 2144
-886.154 589.638 2142
-889.805 589.638 2142
-889.703 587.161 2133
-892.502 586.61 2131
-896.134 586.61 2131
-899.767 586.61 2131
-903.4 586.61 2131
-905.756 585.784 2128
-906.82 584.133 2122
-910.437 584.133 2122
-911.901 582.756 2117
-909.888 579.178 2104
-910.87 577.526 2098
-914.446 577.526 2098
-917.148 576.976 2096
-920.721 576.976 2096
-922.971 576.15 2093
-926.539 576.15 2093
-929.218 575.599 2091
-929.214 573.397 2083
-929.183 571.195 2075
-932.72 571.195 2075
-931.745 568.442 2065
-927.113 563.487 2047
-926.966 561.285 2039
-930.442 561.285 2039
-931.628 559.909 2034
-934.176 559.358 2032
-935.333 557.982 2027
-938.788 557.982 2027
-939.919 556.605 2022
-940.101 554.679 2015
-941.194 553.302 2010
-944.621 553.302 2010
-948.047 553.302 2010
-951.474 553.302 2010
-952.525 551.926 2005
-955.943 551.926 2005
-955.055 549.448 1996
-956.057 548.072 1991
-957.041 546.696 1986
-960.427 546.696 1986
-959.445 544.218 1977
-959.406 542.291 1970
-961.298 541.465 1967
-964.651 541.465 1967
-966.036 540.364 1963
-967.901 539.538 1960
-969.26 538.437 1956
-972.595 538.437 1956
-972.437 536.51 1949
-973.256 535.134 1944
-975.565 534.583 1942
-978.876 534.583 1942
-981.175 534.033 1940
-983.467 533.482 1938
-986.771 533.482 1938
-990.075 533.482 1938
-991.841 532.656 1935
-993.083 531.555 1931
-21.7515 126.115 461
-22.5862 126.389 462
-23.3738 126.389 462
-24.1614 126.389 462
-24.895 126.115 461
-25.6809 126.115 461
-26.4094 125.842 460
-27.0162 125.021 457
-27.7953 125.021 457
-28.5743 125.021 457
-29.2892 124.747 456
-30.0006 124.474 455
-30.641 123.927 453
-31.2746 123.379 451
-32.0434 123.379 451
-32.7395 123.106 450
-33.4322 122.832 449
-34.0453 122.285 447
-34.8073 122.285 447
-35.4102 121.738 445
-36.0062 121.191 443
-36.5125 120.37 440
-36.6698 118.455 433
-37.3215 118.182 432
-38.058 118.182 432
-38.525 117.361 429
-39.2563 117.361 429
-39.9877 117.361 429
-40.719 117.361 429
-41.3537 117.087 428
-42.0834 117.087 428
-42.713 116.814 427
-43.4409 116.814 427
-44.0654 116.54 426
-44.7916 116.54 426
-45.5178 116.54 426
-46.244 116.54 426
-46.86 116.267 425
-47.5845 116.267 425
-48.3091 116.267 425
-49.0336 116.267 425
-49.7581 116.267 425
-50.3638 115.993 424
-50.4842 114.625 419
-51.1985 114.625 419
-51.9128 114.625 419
-52.5015 114.352 418
-52.9594 113.805 416
-53.4106 113.257 414
-53.9856 112.984 413
-54.6897 112.984 413
-55.2596 112.71 412
-55.962 112.71 412
-56.5268 112.437 411
-57.2275 112.437 411
-57.9281 112.437 411
-58.4861 112.163 410
-59.1851 112.163 410
-59.884 112.163 410
-60.583 112.163 410
-61.2819 112.163 410
-61.9809 112.163 410
-62.6798 112.163 410
-63.3787 112.163 410
-63.9214 111.89 409
-64.6186 111.89 409
-65.3159 111.89 409
-65.8517 111.616 408
-66.3842 111.342 407
-67.078 111.342 407
-67.7718 111.342 407
-68.4657 111.342 407
-69.1595 111.342 407
-69.8533 111.342 407
-70.5471 111.342 407
-71.241 111.342 407
-77.9441 120.644 441
-79.2313 121.464 444
-79.9882 121.464 444
-80.7451 121.464 444
-81.3184 121.191 443
-79.4799 117.361 429
-80.2112 117.361 429
-80.9425 117.361 429
-81.6739 117.361 429
-82.4052 117.361 429
-83.1366 117.361 429
-83.8679 117.361 429
-84.5992 117.361 429
-85.3306 117.361 429
-86.6637 118.182 432
-87.6025 118.455 433
-88.3407 118.455 433
-89.0788 118.455 433
-90.2318 119.002 435
-91.6008 119.823 438
-92.7691 120.37 440
-94.582 121.738 445
-95.7691 122.285 447
-96.5311 122.285 447
-97.2931 122.285 447
-97.8358 122.012 446
-98.5961 122.012 446
-99.3564 122.012 446
-100.117 122.012 446
-101.103 122.285 447
-101.865 122.285 447
-102.627 122.285 447
-103.389 122.285 447
-104.151 122.285 447
-104.913 122.285 447
-105.675 122.285 447
-106.914 122.832 449
-108.398 123.653 452
-109.169 123.653 452
-110.183 123.927 453
-111.2 124.2 454
-111.974 124.2 454
-112.748 124.2 454
-113.522 124.2 454
-114.296 124.2 454
-115.07 124.2 454
-115.844 124.2 454
-116.618 124.2 454
-117.392 124.2 454
-118.166 124.2 454
-118.94 124.2 454
-119.45 123.927 453
-119.691 123.379 451
-120.46 123.379 451
-121.229 123.379 451
-121.727 123.106 450
-722.47 572.032 2091
-734.021 578.324 2114
-737.624 578.324 2114
-742.28 579.145 2117
-745.889 579.145 2117
-752.33 581.333 2125
-755.953 581.333 2125
-774.588 592.823 2167
-780.078 594.191 2172
-787.029 596.653 2181
-790.747 596.653 2181
-794.465 596.653 2181
-800.013 598.021 2186
-803.739 598.021 2186
-807.466 598.021 2186
-811.192 598.021 2186
-814.919 598.021 2186
-818.646 598.021 2186
-822.372 598.021 2186
-826.099 598.021 2186
-829.066 597.474 2184
-832.789 597.474 2184
-833.065 595.012 2175
-834.465 593.37 2169
-837.389 592.823 2167
-841.084 592.823 2167
-843.608 592.002 2164
-846.123 591.182 2161
-849.807 591.182 2161
-853.491 591.182 2161
-857.175 591.182 2161
-860.859 591.182 2161
-861.342 588.993 2153
-865.012 588.993 2153
-865.051 586.531 2144
-867.896 585.984 2142
-871.548 585.984 2142
-876.016 586.531 2144
-879.671 586.531 2144
-883.326 586.531 2144
-886.154 585.984 2142
-889.805 585.984 2142
-889.703 583.522 2133
-892.502 582.975 2131
-896.134 582.975 2131
-899.767 582.975 2131
-903.4 582.975 2131
-905.756 582.154 2128
-906.82 580.513 2122
-910.437 580.513 2122
-911.901 579.145 2117
-909.888 575.588 2104
-910.87 573.947 2098
-914.446 573.947 2098
-917.148 573.4 2096
-920.721 573.4 2096
-922.971 572.579 2093
-926.539 572.579 2093
-929.218 572.032 2091
-929.214 569.843 2083
-927.839 566.834 2072
-931.372 566.834 2072
-930.392 564.098 2062
-924.849 558.627 2042
-924.693 556.439 2034
-928.16 556.439 2034
-930.712 555.891 2032
-931.877 554.523 2027
-934.41 553.976 2025
-937.862 553.976 2025
-936.665 551.241 2015
-938.701 550.42 2012
-941.194 549.873 2010
-944.621 549.873 2010
-947.104 549.326 2008
-949.107 548.505 2005
-951.575 547.958 2003
-954.99 547.958 2003
-955.055 546.043 1996
-956.057 544.675 1991
-956.077 542.76 1984
-959.46 542.76 1984
-959.445 540.845 1977
-959.406 538.93 1970
-961.298 538.109 1967
-964.651 538.109 1967
-966.036 537.015 1963
-967.901 536.194 1960
-969.26 535.1 1956
-972.595 535.1 1956
-972.437 533.185 1949
-973.256 531.817 1944
-974.561 530.723 1940
-977.868 530.723 1940
-980.164 530.176 1938
-981.945 529.355 1935
-985.244 529.355 1935
-988.542 529.355 1935
-990.816 528.808 1933
-990.511 526.893 1926
-4.7813 134.3 494
-5.62344 134.3 494
-6.46559 134.3 494
-22.5862 125.6 462
-23.3738 125.6 462
-24.1614 125.6 462
-24.949 125.6 462
-25.7366 125.6 462
-26.4094 125.057 460
-27.0753 124.513 458
-27.7953 124.241 457
-28.5743 124.241 457
-29.2892 123.969 456
-30.0006 123.697 455
-30.641 123.154 453
-31.2746 122.61 451
-32.0434 122.61 451
-32.7395 122.338 450
-33.4322 122.066 449
-34.0453 121.523 447
-34.8073 121.523 447
-35.4102 120.979 445
-36.0062 120.435 443
-36.5125 119.619 440
-36.6698 117.716 433
-37.3215 117.445 432
-38.058 117.445 432
-38.525 116.629 429
-39.2563 116.629 429
-39.9877 116.629 429
-40.719 116.629 429
-41.3537 116.357 428
-42.0834 116.357 428
-42.713 116.085 427
-43.4409 116.085 427
-44.0654 115.813 426
-44.7916 115.813 426
-45.5178 115.813 426
-46.244 115.813 426
-46.86 115.542 425
-47.5845 115.542 425
-48.3091 115.542 425
-49.0336 115.542 425
-49.7581 115.542 425
-50.3638 115.27 424
-50.4842 113.91 419
-51.1985 113.91 419
-51.9128 113.91 419
-52.5015 113.639 418
-53.0867 113.367 417
-53.6686 113.095 416
-54.3778 113.095 416
-54.6897 112.279 413
-55.2596 112.007 412
-55.962 112.007 412
-56.5268 111.735 411
-57.2275 111.735 411
-57.9281 111.735 411
-58.4861 111.464 410
-59.1851 111.464 410
-59.884 111.464 410
-60.583 111.464 410
-61.2819 111.464 410
-61.9809 111.464 410
-62.6798 111.464 410
-63.3787 111.464 410
-64.0777 111.464 410
-64.6186 111.192 409
-65.3159 111.192 409
-66.0131 111.192 409
-66.5473 110.92 408
-67.078 110.648 407
-67.7718 110.648 407
-68.4657 110.648 407
-69.1595 110.648 407
-69.8533 110.648 407
-76.4405 119.891 441
-77.1923 119.891 441
-78.1209 120.163 442
-79.4097 120.979 445
-80.1683 120.979 445
-80.9269 120.979 445
-81.502 120.707 444
-79.8504 117.173 431
-80.3982 116.901 430
-81.1312 116.901 430
-81.8643 116.901 430
-82.5973 116.901 430
-83.3303 116.901 430
-84.0634 116.901 430
-84.7964 116.901 430
-85.5295 116.901 430
-86.8643 117.716 433
-87.6025 117.716 433
-88.3407 117.716 433
-89.2845 117.988 434
-91.0615 119.348 439
-91.8099 119.348 439
-94.0342 121.251 446
-95.007 121.523 447
-95.7691 121.523 447
-96.5311 121.523 447
-97.2931 121.523 447
-98.0551 121.523 447
-98.8172 121.523 447
-99.5792 121.523 447
-100.341 121.523 447
-101.103 121.523 447
-101.865 121.523 447
-102.627 121.523 447
-103.389 121.523 447
-104.151 121.523 447
-104.913 121.523 447
-105.675 121.523 447
-106.914 122.066 449
-108.398 122.882 452
-109.169 122.882 452
-110.183 123.154 453
-111.2 123.426 454
-111.974 123.426 454
-112.748 123.426 454
-113.522 123.426 454
-114.296 123.426 454
-115.07 123.426 454
-115.844 123.426 454
-116.618 123.426 454
-117.392 123.426 454
-118.166 123.426 454
-118.94 123.426 454
-119.186 122.882 452
-119.426 122.338 450
-120.193 122.338 450
-120.96 122.338 450
-121.457 122.066 449
-735.062 575.533 2117
-738.671 575.533 2117
-745.085 577.708 2125
-748.708 577.708 2125
-752.33 577.708 2125
-755.953 577.708 2125
-780.665 593.748 2184
-785.106 594.291 2186
-792.081 596.738 2195
-795.823 596.738 2195
-800.657 597.554 2198
-804.404 597.554 2198
-808.151 597.554 2198
-811.898 597.554 2198
-815.645 597.554 2198
-819.392 597.554 2198
-823.139 597.554 2198
-826.887 597.554 2198
-829.5 596.738 2195
-833.242 596.738 2195
-835.84 595.923 2192
-836.512 593.748 2184
-834.465 589.67 2169
-837.389 589.126 2167
-841.084 589.126 2167
-844.778 589.126 2167
-846.123 587.495 2161
-849.807 587.495 2161
-853.491 587.495 2161
-855.985 586.679 2158
-859.664 586.679 2158
-861.342 585.32 2153
-865.012 585.32 2153
-865.051 582.873 2144
-867.896 582.329 2142
-871.548 582.329 2142
-876.016 582.873 2144
-879.671 582.873 2144
-883.326 582.873 2144
-886.154 582.329 2142
-889.805 582.329 2142
-889.703 579.883 2133
-892.502 579.339 2131
-896.134 579.339 2131
-899.767 579.339 2131
-903.4 579.339 2131
-905.756 578.523 2128
-906.82 576.892 2122
-910.437 576.892 2122
-911.901 575.533 2117
-909.888 571.999 2104
-910.87 570.367 2098
-914.446 570.367 2098
-917.148 569.824 2096
-920.721 569.824 2096
-922.089 568.464 2091
-925.654 568.464 2091
-929.218 568.464 2091
-927.876 565.474 2080
-927.839 563.299 2072
-931.372 563.299 2072
-930.392 560.58 2062
-924.849 555.143 2042
-924.693 552.968 2034
-928.16 552.968 2034
-930.712 552.424 2032
-931.877 551.065 2027
-934.41 550.522 2025
-937.862 550.522 2025
-936.665 547.803 2015
-938.701 546.987 2012
-941.194 546.444 2010
-944.621 546.444 2010
-947.104 545.9 2008
-949.107 545.084 2005
-951.575 544.541 2003
-954.99 544.541 2003
-955.055 542.638 1996
-956.057 541.278 1991
-956.077 539.375 1984
-959.46 539.375 1984
-959.445 537.472 1977
-959.406 535.569 1970
-961.298 534.753 1967
-964.651 534.753 1967
-966.036 533.666 1963
-967.901 532.85 1960
-969.26 531.763 1956
-972.595 531.763 1956
-971.439 529.316 1947
-972.255 527.957 1942
-974.561 527.413 1940
-977.868 527.413 1940
-980.164 526.87 1938
-981.945 526.054 1935
-984.225 525.51 1933
-987.521 525.51 1933
-990.816 525.51 1933
-989.483 523.063 1924
-3.93915 133.457 494
-4.7813 133.457 494
-5.62344 133.457 494
-6.46559 133.457 494
-7.29294 133.187 493
-8.13338 133.187 493
-8.95562 132.917 492
-16.5042 132.917 492
-17.343 132.917 492
-18.1817 132.917 492
-19.0205 132.917 492
-22.5862 124.812 462
-23.3738 124.812 462
-24.1614 124.812 462
-24.949 124.812 462
-25.7366 124.812 462
-26.4094 124.272 460
-27.0753 123.732 458
-27.7953 123.461 457
-28.5743 123.461 457
-29.2892 123.191 456
-30.0006 122.921 455
-30.7086 122.651 454
-31.4826 122.651 454
-32.1855 122.381 453
-32.7395 121.57 450
-33.4322 121.3 449
-34.1214 121.03 448
-34.8852 121.03 448
-35.5693 120.76 447
-36.0875 119.949 444
-36.5125 118.869 440
-37.7937 115.897 429
-38.525 115.897 429
-39.4394 116.437 431
-40.1741 116.437 431
-40.9089 116.437 431
-41.6436 116.437 431
-42.1817 115.897 429
-42.713 115.357 427
-43.4409 115.357 427
-44.1688 115.357 427
-44.8968 115.357 427
-45.5178 115.087 426
-46.244 115.087 426
-46.86 114.816 425
-47.5845 114.816 425
-48.3091 114.816 425
-49.0336 114.816 425
-49.7581 114.816 425
-50.1263 114.006 422
-50.4842 113.196 419
-51.1985 113.196 419
-51.9128 113.196 419
-52.5015 112.925 418
-53.0867 112.655 417
-53.6686 112.385 416
-54.3778 112.385 416
-54.6897 111.575 413
-55.2596 111.304 412
-55.962 111.304 412
-56.5268 111.034 411
-57.2275 111.034 411
-57.9281 111.034 411
-58.4861 110.764 410
-59.1851 110.764 410
-59.884 110.764 410
-60.583 110.764 410
-61.5808 111.304 412
-62.2832 111.304 412
-62.9855 111.304 412
-63.5333 111.034 411
-64.3903 111.304 412
-65.0926 111.304 412
-70.1068 118.599 439
-70.8552 118.599 439
-71.6035 118.599 439
-72.3519 118.599 439
-67.9383 110.224 408
-68.4657 109.954 407
-69.1595 109.954 407
-75.6887 119.139 441
-76.6139 119.409 442
-77.3674 119.409 442
-78.6511 120.22 445
-79.7666 120.76 447
-80.5286 120.76 447
-81.2906 120.76 447
-81.8691 120.49 446
-80.0357 116.708 432
-80.5852 116.437 431
-81.3199 116.437 431
-82.0546 116.437 431
-82.7894 116.437 431
-83.3303 116.167 430
-84.0634 116.167 430
-84.7964 116.167 430
-85.7284 116.437 431
-86.8643 116.978 433
-87.8048 117.248 434
-88.5447 117.248 434
-89.4903 117.518 435
-91.0615 118.599 439
-93.6921 121.03 448
-94.4559 121.03 448
-95.2196 121.03 448
-95.9833 121.03 448
-96.747 121.03 448
-97.5108 121.03 448
-98.2745 121.03 448
-99.0382 121.03 448
-99.802 121.03 448
-100.341 120.76 447
-101.103 120.76 447
-101.865 120.76 447
-102.627 120.76 447
-103.389 120.76 447
-104.151 120.76 447
-104.913 120.76 447
-105.675 120.76 447
-107.152 121.57 450
-108.638 122.381 453
-109.411 122.381 453
-110.426 122.651 454
-111.445 122.921 455
-112.221 122.921 455
-112.996 122.921 455
-113.772 122.921 455
-114.548 122.921 455
-115.323 122.921 455
-116.099 122.921 455
-116.618 122.651 454
-117.392 122.651 454
-118.166 122.651 454
-118.94 122.651 454
-118.922 121.841 451
-119.426 121.57 450
-120.193 121.57 450
-120.691 121.3 449
-735.062 571.921 2117
-738.671 571.921 2117
-745.085 574.082 2125
-748.708 574.082 2125
-752.33 574.082 2125
-755.953 574.082 2125
-780.665 590.021 2184
-789.416 593.804 2198
-793.163 593.804 2198
-796.91 593.804 2198
-801.75 594.614 2201
-805.502 594.614 2201
-809.254 594.614 2201
-811.898 593.804 2198
-815.645 593.804 2198
-819.392 593.804 2198
-823.139 593.804 2198
-826.887 593.804 2198
-829.5 592.993 2195
-833.242 592.993 2195
-836.984 592.993 2195
-836.512 590.021 2184
-834.465 585.969 2169
-838.162 585.969 2169
-841.86 585.969 2169
-844.778 585.429 2167
-846.123 583.808 2161
-849.807 583.808 2161
-853.491 583.808 2161
-855.985 582.997 2158
-859.664 582.997 2158
-863.342 582.997 2158
-865.012 581.647 2153
-865.051 579.215 2144
-867.896 578.675 2142
-871.548 578.675 2142
-876.016 579.215 2144
-879.671 579.215 2144
-883.326 579.215 2144
-886.981 579.215 2144
-889.805 578.675 2142
-889.703 576.244 2133
-892.502 575.703 2131
-896.134 575.703 2131
-898.5 574.893 2128
-902.128 574.893 2128
-903.202 573.272 2122
-905.965 572.732 2120
-909.579 572.732 2120
-910.608 571.111 2114
-909.888 568.409 2104
-910.87 566.788 2098
-914.446 566.788 2098
-917.148 566.248 2096
-919.403 565.437 2093
-922.089 564.897 2091
-925.654 564.897 2091
-929.218 564.897 2091
-927.876 561.925 2080
-927.839 559.764 2072
-931.372 559.764 2072
-928.136 555.712 2057
-924.849 551.659 2042
-923.784 548.958 2032
-927.248 548.958 2032
-928.422 547.607 2027
-931.877 547.607 2027
-934.41 547.067 2025
-937.862 547.067 2025
-935.271 543.555 2012
-938.701 543.555 2012
-941.194 543.014 2010
-944.621 543.014 2010
-945.689 541.664 2005
-948.16 541.123 2003
-951.575 541.123 2003
-954.99 541.123 2003
-953.619 538.422 1993
-956.057 537.881 1991
-956.077 535.99 1984
-959.46 535.99 1984
-959.445 534.099 1977
-959.406 532.208 1970
-961.298 531.398 1967
-964.651 531.398 1967
-966.036 530.317 1963
-967.901 529.506 1960
-969.26 528.426 1956
-972.595 528.426 1956
-971.439 525.994 1947
-972.255 524.644 1942
-974.561 524.103 1940
-977.868 524.103 1940
-980.164 523.563 1938
-981.945 522.753 1935
-985.244 522.753 1935
-988.542 522.753 1935
-990.816 522.212 1933
-990.511 520.321 1926
-3.93915 132.614 494
-4.7813 132.614 494
-5.62344 132.614 494
-6.46559 132.614 494
-7.29294 132.346 493
-8.13338 132.346 493
-8.95562 132.078 492
-9.81426 132.346 493
-10.6547 132.346 493
-11.4951 132.346 493
-16.5042 132.078 492
-17.343 132.078 492
-18.1817 132.078 492
-19.0205 132.078 492
-22.5862 124.024 462
-23.3738 124.024 462
-24.1614 124.024 462
-24.949 124.024 462
-25.7366 124.024 462
-26.4094 123.487 460
-27.0753 122.95 458
-27.8561 122.95 458
-28.6369 122.95 458
-29.2892 122.413 456
-30.0006 122.145 455
-30.7086 121.876 454
-31.4826 121.876 454
-32.1855 121.608 453
-32.7395 120.803 450
-33.4322 120.534 449
-34.1214 120.266 448
-34.8852 120.266 448
-35.5693 119.997 447
-36.1688 119.46 445
-39.5309 115.971 432
-40.2673 115.971 432
-41.0038 115.971 432
-41.7402 115.971 432
-42.3783 115.702 431
-42.913 115.165 429
-43.6444 115.165 429
-44.2723 114.897 428
-44.8968 114.628 427
-45.6247 114.628 427
-46.3526 114.628 427
-46.86 114.091 425
-47.5845 114.091 425
-48.3091 114.091 425
-49.0336 114.091 425
-49.7581 114.091 425
-50.0075 113.018 421
-50.4842 112.481 419
-51.1985 112.481 419
-51.9128 112.481 419
-52.5015 112.212 418
-53.0867 111.944 417
-53.6686 111.675 416
-54.3778 111.675 416
-54.9545 111.407 415
-58.4861 110.065 410
-59.1851 110.065 410
-60.0301 110.333 411
-60.7307 110.333 411
-61.5808 110.602 412
-62.2832 110.602 412
-62.9855 110.602 412
-63.5333 110.333 411
-64.3903 110.602 412
-65.0926 110.602 412
-70.1068 117.85 439
-70.8552 117.85 439
-71.6035 117.85 439
-72.3519 117.85 439
-67.9383 109.528 408
-68.4657 109.259 407
-69.1595 109.259 407
-75.6887 118.387 441
-76.6139 118.655 442
-77.3674 118.655 442
-78.6511 119.46 445
-79.7666 119.997 447
-80.5286 119.997 447
-81.2906 119.997 447
-81.8691 119.729 446
-80.0357 115.971 432
-80.5852 115.702 431
-81.3199 115.702 431
-82.0546 115.702 431
-82.7894 115.702 431
-83.5241 115.702 431
-84.2589 115.702 431
-84.9936 115.702 431
-85.7284 115.702 431
-87.0649 116.507 434
-88.0071 116.776 435
-88.7487 116.776 435
-92.3704 120.534 449
-93.1358 120.534 449
-93.9013 120.534 449
-94.6667 120.534 449
-95.4321 120.534 449
-95.9833 120.266 448
-96.963 120.534 449
-97.7284 120.534 449
-98.4939 120.534 449
-99.0382 120.266 448
-99.802 120.266 448
-100.566 120.266 448
-101.329 120.266 448
-102.093 120.266 448
-102.857 120.266 448
-103.389 119.997 447
-104.151 119.997 447
-104.913 119.997 447
-105.675 119.997 447
-107.866 121.608 453
-108.638 121.608 453
-110.135 122.413 456
-110.913 122.413 456
-111.69 122.413 456
-112.467 122.413 456
-113.245 122.413 456
-114.022 122.413 456
-114.799 122.413 456
-115.577 122.413 456
-116.099 122.145 455
-116.875 122.145 455
-117.65 122.145 455
-118.166 121.876 454
-118.678 121.608 453
-118.659 120.803 450
-119.426 120.803 450
-120.193 120.803 450
-735.062 568.309 2117
-738.671 568.309 2117
-745.085 570.457 2125
-748.708 570.457 2125
-752.33 570.457 2125
-780.665 586.295 2184
-789.416 590.054 2198
-793.163 590.054 2198
-796.91 590.054 2198
-801.75 590.859 2201
-805.502 590.859 2201
-809.254 590.859 2201
-811.898 590.054 2198
-815.645 590.054 2198
-819.392 590.054 2198
-823.139 590.054 2198
-826.887 590.054 2198
-829.5 589.248 2195
-833.242 589.248 2195
-836.984 589.248 2195
-836.512 586.295 2184
-834.465 582.269 2169
-838.162 582.269 2169
-841.86 582.269 2169
-844.778 581.732 2167
-846.123 580.121 2161
-849.807 580.121 2161
-853.491 580.121 2161
-857.175 580.121 2161
-859.664 579.316 2158
-863.342 579.316 2158
-865.012 577.973 2153
-865.051 575.557 2144
-867.896 575.021 2142
-871.548 575.021 2142
-875.199 575.021 2142
-879.671 575.557 2144
-883.326 575.557 2144
-886.981 575.557 2144
-890.636 575.557 2144
-889.703 572.604 2133
-892.502 572.068 2131
-896.134 572.068 2131
-895.967 569.651 2122
-899.585 569.651 2122
-902.351 569.115 2120
-905.965 569.115 2120
-908.292 568.309 2117
-908.455 566.162 2109
-908.591 564.014 2101
-910.001 562.672 2096
-913.574 562.672 2096
-915.835 561.866 2093
-919.403 561.866 2093
-922.089 561.329 2091
-925.654 561.329 2091
-929.218 561.329 2091
-927.876 558.377 2080
-926.944 555.692 2070
-930.473 555.692 2070
-928.136 552.202 2057
-924.849 548.175 2042
-923.784 545.491 2032
-927.248 545.491 2032
-928.422 544.149 2027
-930.958 543.612 2025
-932.102 542.27 2020
-935.546 542.27 2020
-935.271 540.122 2012
-937.768 539.585 2010
-940.258 539.048 2008
-943.681 539.048 2008
-945.689 538.243 2005
-948.16 537.706 2003
-949.2 536.364 1998
-952.606 536.364 1998
-953.619 535.021 1993
-953.656 533.142 1986
-954.632 531.8 1981
-958.009 531.8 1981
-957.989 529.921 1974
-959.406 528.847 1970
-961.298 528.042 1967
-964.651 528.042 1967
-966.036 526.968 1963
-967.901 526.163 1960
-969.26 525.089 1956
-972.595 525.089 1956
-971.439 522.673 1947
-972.255 521.33 1942
-974.561 520.794 1940
-977.868 520.794 1940
-980.164 520.257 1938
-981.945 519.451 1935
-985.244 519.451 1935
-988.542 519.451 1935
-990.816 518.914 1933
-990.511 517.035 1926
-3.93915 131.772 494
-4.7813 131.772 494
-5.62344 131.772 494
-6.46559 131.772 494
-7.29294 131.505 493
-8.13338 131.505 493
-8.97382 131.505 493
-9.81426 131.505 493
-10.6547 131.505 493
-11.4951 131.505 493
-16.5042 131.238 492
-17.343 131.238 492
-18.1817 131.238 492
-19.0205 131.238 492
-22.5862 123.236 462
-23.3738 123.236 462
-24.1614 123.236 462
-24.949 123.236 462
-25.7366 123.236 462
-26.4094 122.702 460
-27.0753 122.169 458
-27.8561 122.169 458
-28.6369 122.169 458
-29.3534 121.902 457
-30.0665 121.635 456
-30.7763 121.369 455
-31.5519 121.369 455
-32.1855 120.835 453
-32.7395 120.035 450
-33.4322 119.768 449
-34.1976 119.768 449
-34.963 119.768 449
-35.5693 119.235 447
-36.2501 118.968 446
-39.6224 115.5 433
-40.3605 115.5 433
-41.0987 115.5 433
-41.8368 115.5 433
-42.4767 115.233 432
-43.1131 114.967 431
-43.8478 114.967 431
-44.3757 114.433 429
-45.0019 114.166 428
-45.6247 113.9 427
-46.3526 113.9 427
-46.86 113.366 425
-47.5845 113.366 425
-48.3091 113.366 425
-49.0336 113.366 425
-49.4069 112.566 422
-49.7699 111.766 419
-50.4842 111.766 419
-51.0763 111.499 418
-51.7889 111.499 418
-52.3759 111.232 417
-52.9594 110.966 416
-53.6686 110.966 416
-54.3778 110.966 416
-54.9545 110.699 415
-59.1851 109.365 410
-60.1761 109.899 412
-60.8785 109.899 412
-61.5808 109.899 412
-62.2832 109.899 412
-62.9855 109.899 412
-67.8616 117.101 439
-68.61 117.101 439
-69.5164 117.367 440
-70.2665 117.367 440
-71.0166 117.367 440
-71.7667 117.367 440
-72.5167 117.367 440
-73.2668 117.367 440
-68.4657 108.565 407
-69.1595 108.565 407
-75.6887 117.634 441
-76.7872 118.168 443
-77.5424 118.168 443
-78.8278 118.968 446
-79.9451 119.501 448
-80.7088 119.501 448
-81.4725 119.501 448
-81.8691 118.968 446
-80.0357 115.233 432
-80.7721 115.233 432
-81.5086 115.233 432
-82.245 115.233 432
-82.7894 114.967 431
-83.5241 114.967 431
-84.2589 114.967 431
-84.9936 114.967 431
-85.7284 114.967 431
-87.0649 115.767 434
-88.0071 116.034 435
-88.7487 116.034 435
-92.3704 119.768 449
-93.1358 119.768 449
-93.9013 119.768 449
-94.6667 119.768 449
-95.4321 119.768 449
-95.9833 119.501 448
-96.963 119.768 449
-97.7284 119.768 449
-98.4939 119.768 449
-99.0382 119.501 448
-99.802 119.501 448
-100.566 119.501 448
-101.329 119.501 448
-102.093 119.501 448
-102.857 119.501 448
-103.389 119.235 447
-104.151 119.235 447
-104.913 119.235 447
-105.675 119.235 447
-108.58 121.635 456
-109.358 121.635 456
-110.135 121.635 456
-111.156 121.902 457
-111.935 121.902 457
-112.714 121.902 457
-113.493 121.902 457
-114.022 121.635 456
-114.799 121.635 456
-115.577 121.635 456
-116.099 121.369 455
-116.875 121.369 455
-117.65 121.369 455
-118.166 121.102 454
-118.678 120.835 453
-118.659 120.035 450
-119.426 120.035 450
-120.193 120.035 450
-789.416 586.304 2198
-793.163 586.304 2198
-796.91 586.304 2198
-801.75 587.104 2201
-805.502 587.104 2201
-809.254 587.104 2201
-811.898 586.304 2198
-815.645 586.304 2198
-819.392 586.304 2198
-823.139 586.304 2198
-826.887 586.304 2198
-829.5 585.503 2195
-833.242 585.503 2195
-836.984 585.503 2195
-836.512 582.569 2184
-834.465 578.568 2169
-838.162 578.568 2169
-841.86 578.568 2169
-844.778 578.035 2167
-846.123 576.434 2161
-849.807 576.434 2161
-853.491 576.434 2161
-857.175 576.434 2161
-859.664 575.634 2158
-863.342 575.634 2158
-865.012 574.3 2153
-864.244 571.366 2142
-867.896 571.366 2142
-871.548 571.366 2142
-875.199 571.366 2142
-879.671 571.899 2144
-883.326 571.899 2144
-886.981 571.899 2144
-890.636 571.899 2144
-889.703 568.965 2133
-892.502 568.432 2131
-896.134 568.432 2131
-895.967 566.031 2122
-899.585 566.031 2122
-902.351 565.498 2120
-905.965 565.498 2120
-908.292 564.697 2117
-908.455 562.563 2109
-908.591 560.429 2101
-910.001 559.096 2096
-913.574 559.096 2096
-915.835 558.296 2093
-919.403 558.296 2093
-922.089 557.762 2091
-925.654 557.762 2091
-929.218 557.762 2091
-927.876 554.828 2080
-930.526 554.294 2078
-930.473 552.16 2070
-924.526 546.559 2049
-920.32 542.024 2032
-920.601 540.157 2025
-924.053 540.157 2025
-926.131 539.357 2022
-928.659 538.823 2020
-930.718 538.023 2017
-934.157 538.023 2017
-935.271 536.689 2012
-936.835 535.622 2008
-938.853 534.822 2005
-942.271 534.822 2005
-944.746 534.289 2003
-945.794 532.955 1998
-946.824 531.621 1993
-950.222 531.621 1993
-952.662 531.088 1991
-952.695 529.22 1984
-953.668 527.887 1979
-957.042 527.887 1979
-957.989 526.553 1974
-959.406 525.486 1970
-961.298 524.686 1967
-964.651 524.686 1967
-966.036 523.619 1963
-967.901 522.819 1960
-969.26 521.752 1956
-972.595 521.752 1956
-972.437 519.884 1949
-972.255 518.017 1942
-974.561 517.484 1940
-977.868 517.484 1940
-980.164 516.95 1938
-981.945 516.15 1935
-985.244 516.15 1935
-988.542 516.15 1935
-990.816 515.616 1933
-990.511 513.749 1926
-3.94713 131.194 495
-4.79098 131.194 495
-5.63483 131.194 495
-6.46559 130.929 494
-7.29294 130.664 493
-8.13338 130.664 493
-8.97382 130.664 493
-9.81426 130.664 493
-10.6547 130.664 493
-11.5185 130.929 494
-12.3606 130.929 494
-13.2028 130.929 494
-14.8569 130.664 493
-15.6973 130.664 493
-16.5378 130.664 493
-17.343 130.399 492
-18.1817 130.399 492
-19.0205 130.399 492
-22.6351 122.713 463
-23.4244 122.713 463
-24.2137 122.713 463
-25.003 122.713 463
-25.7923 122.713 463
-26.4668 122.183 461
-27.1344 121.652 459
-27.8561 121.387 458
-28.6369 121.387 458
-29.3534 121.122 457
-30.0665 120.857 456
-30.7763 120.592 455
-31.5519 120.592 455
-32.1855 120.062 453
-32.7395 119.267 450
-33.4322 119.002 449
-34.1976 119.002 449
-34.963 119.002 449
-35.5693 118.472 447
-36.2501 118.207 446
-39.6224 114.761 433
-40.3605 114.761 433
-41.0987 114.761 433
-41.8368 114.761 433
-42.4767 114.496 432
-43.1131 114.231 431
-43.8478 114.231 431
-44.3757 113.701 429
-45.0019 113.436 428
-45.7315 113.436 428
-46.4612 113.436 428
-46.86 112.641 425
-47.5845 112.641 425
-48.3091 112.641 425
-49.0336 112.641 425
-49.4069 111.846 422
-49.7699 111.051 419
-50.4842 111.051 419
-51.0763 110.786 418
-51.7889 110.786 418
-52.3759 110.521 417
-52.9594 110.256 416
-53.6686 110.256 416
-54.3778 110.256 416
-54.9545 109.991 415
-59.1851 108.666 410
-60.1761 109.196 412
-60.8785 109.196 412
-61.7303 109.461 413
-62.4344 109.461 413
-67.1132 116.352 439
-67.8616 116.352 439
-68.61 116.352 439
-69.5164 116.617 440
-70.2665 116.617 440
-71.0166 116.617 440
-71.7667 116.617 440
-72.5167 116.617 440
-73.2668 116.617 440
-75.6887 116.882 441
-76.7872 117.412 443
-77.5424 117.412 443
-78.8278 118.207 446
-79.9451 118.737 448
-80.7088 118.737 448
-81.4725 118.737 448
-80.7677 116.617 440
-80.0357 114.496 432
-80.7721 114.496 432
-81.5086 114.496 432
-82.245 114.496 432
-82.7894 114.231 431
-83.5241 114.231 431
-84.2589 114.231 431
-84.9936 114.231 431
-85.7284 114.231 431
-92.4814 122.183 461
-93.2673 122.183 461
-94.0532 122.183 461
-94.8391 122.183 461
-93.5507 119.532 451
-93.9013 119.002 449
-94.6667 119.002 449
-95.4321 119.002 449
-96.1976 119.002 449
-96.963 119.002 449
-97.7284 119.002 449
-98.4939 119.002 449
-99.2593 119.002 449
-99.802 118.737 448
-100.566 118.737 448
-101.329 118.737 448
-102.093 118.737 448
-102.857 118.737 448
-103.389 118.472 447
-104.151 118.472 447
-104.913 118.472 447
-105.675 118.472 447
-108.58 120.857 456
-109.358 120.857 456
-110.135 120.857 456
-111.156 121.122 457
-111.935 121.122 457
-112.714 121.122 457
-113.493 121.122 457
-114.022 120.857 456
-114.799 120.857 456
-115.577 120.857 456
-116.099 120.592 455
-116.875 120.592 455
-117.65 120.592 455
-789.416 582.554 2198
-793.163 582.554 2198
-796.91 582.554 2198
-800.657 582.554 2198
-804.404 582.554 2198
-808.151 582.554 2198
-811.898 582.554 2198
-814.532 581.759 2195
-818.274 581.759 2195
-822.016 581.759 2195
-825.758 581.759 2195
-829.5 581.759 2195
-833.242 581.759 2195
-836.984 581.759 2195
-836.512 578.843 2184
-834.465 574.868 2169
-838.162 574.868 2169
-841.86 574.868 2169
-844.778 574.337 2167
-846.123 572.747 2161
-849.807 572.747 2161
-853.491 572.747 2161
-857.175 572.747 2161
-860.859 572.747 2161
-864.543 572.747 2161
-863.807 569.832 2150
-864.244 567.712 2142
-867.896 567.712 2142
-871.548 567.712 2142
-875.199 567.712 2142
-879.671 568.242 2144
-883.326 568.242 2144
-886.981 568.242 2144
-890.636 568.242 2144
-889.703 565.326 2133
-889.989 563.206 2125
-893.611 563.206 2125
-895.967 562.411 2122
-898.737 561.881 2120
-901.074 561.086 2117
-904.683 561.086 2117
-907.005 560.29 2114
-908.455 558.965 2109
-906.428 555.52 2096
-907.831 554.195 2091
-911.395 554.195 2091
-914.96 554.195 2091
-918.524 554.195 2091
-922.089 554.195 2091
-925.654 554.195 2091
-929.218 554.195 2091
-927.876 551.279 2080
-930.526 550.749 2078
-930.473 548.629 2070
-924.526 543.063 2049
-920.32 538.557 2032
-920.601 536.702 2025
-924.053 536.702 2025
-926.131 535.907 2022
-928.659 535.377 2020
-930.718 534.582 2017
-934.157 534.582 2017
-935.271 533.257 2012
-936.835 532.196 2008
-938.853 531.401 2005
-942.271 531.401 2005
-944.746 530.871 2003
-945.794 529.546 1998
-946.824 528.221 1993
-950.222 528.221 1993
-952.662 527.691 1991
-952.695 525.836 1984
-953.668 524.51 1979
-957.042 524.51 1979
-957.989 523.185 1974
-959.406 522.125 1970
-961.298 521.33 1967
-964.651 521.33 1967
-964.56 519.475 1960
-966.913 518.945 1958
-969.26 518.414 1956
-972.595 518.414 1956
-972.437 516.559 1949
-973.256 515.234 1944
-974.561 514.174 1940
-977.868 514.174 1940
-980.164 513.644 1938
-981.945 512.849 1935
-984.225 512.319 1933
-987.521 512.319 1933
-989.791 511.788 1931
-990.511 510.463 1926
-3.9551 130.613 496
-4.80066 130.613 496
-5.64621 130.613 496
-6.46559 130.086 494
-7.29294 129.823 493
-8.13338 129.823 493
-8.97382 129.823 493
-9.79436 129.559 492
-10.6547 129.823 493
-11.5185 130.086 494
-12.3606 130.086 494
-13.2028 130.086 494
-14.0733 130.349 495
-14.9172 130.349 495
-15.761 130.349 495
-16.5713 130.086 494
-17.3782 129.823 493
-18.2187 129.823 493
-19.0205 129.559 492
-22.6351 121.923 463
-23.4244 121.923 463
-24.2137 121.923 463
-25.003 121.923 463
-25.7923 121.923 463
-26.4668 121.396 461
-27.2527 121.396 461
-27.9169 120.869 459
-28.6994 120.869 459
-29.3534 120.343 457
-30.0665 120.079 456
-30.7763 119.816 455
-31.5519 119.816 455
-32.2565 119.553 454
-32.8122 118.763 451
-33.4322 118.236 449
-34.1976 118.236 449
-34.963 118.236 449
-35.6489 117.973 448
-36.2501 117.446 446
-39.423 115.603 439
-40.1714 115.603 439
-40.9198 115.603 439
-41.4783 115.076 437
-42.1267 114.813 436
-42.7716 114.549 435
-43.5132 114.549 435
-44.0513 114.023 433
-44.7895 114.023 433
-45.107 112.969 429
-45.7315 112.706 428
-46.4612 112.706 428
-46.86 111.916 425
-46.6888 109.809 417
-47.286 109.546 416
-47.9952 109.546 416
-48.7044 109.546 416
-49.2948 109.283 415
-50.0023 109.283 415
-50.7097 109.283 415
-51.4172 109.283 415
-52.1247 109.283 415
-52.8321 109.283 415
-53.5396 109.283 415
-54.2471 109.283 415
-54.9545 109.283 415
-60.1761 108.493 412
-60.8785 108.493 412
-61.7303 108.756 413
-62.4344 108.756 413
-67.1132 115.603 439
-67.8616 115.603 439
-68.61 115.603 439
-69.5164 115.866 440
-70.2665 115.866 440
-71.0166 115.866 440
-72.0929 116.393 442
-73.6704 117.709 447
-74.4324 117.709 447
-75.1945 117.709 447
-75.9565 117.709 447
-76.7185 117.709 447
-77.4805 117.709 447
-77.5424 116.656 443
-78.8278 117.446 446
-79.9451 117.973 448
-80.7088 117.973 448
-81.4725 117.973 448
-80.7677 115.866 440
-80.2209 114.023 433
-80.9591 114.023 433
-81.6973 114.023 433
-82.4354 114.023 433
-83.1736 114.023 433
-88.7565 120.606 458
-90.1238 121.396 461
-91.3041 121.923 463
-92.0934 121.923 463
-92.8827 121.923 463
-93.672 121.923 463
-94.4613 121.923 463
-95.2505 121.923 463
-95.8324 121.659 462
-94.3195 118.763 451
-94.8775 118.499 450
-95.6447 118.499 450
-96.1976 118.236 449
-96.963 118.236 449
-97.7284 118.236 449
-98.4939 118.236 449
-99.2593 118.236 449
-100.025 118.236 449
-100.566 117.973 448
-101.329 117.973 448
-102.093 117.973 448
-102.857 117.973 448
-103.621 117.973 448
-104.384 117.973 448
-105.148 117.973 448
-105.675 117.709 447
-108.58 120.079 456
-109.358 120.079 456
-110.135 120.079 456
-111.156 120.343 457
-111.935 120.343 457
-112.714 120.343 457
-113.493 120.343 457
-114.022 120.079 456
-114.799 120.079 456
-115.577 120.079 456
-787.814 580.384 2204
-791.571 580.384 2204
-795.328 580.384 2204
-796.91 578.804 2198
-800.657 578.804 2198
-804.404 578.804 2198
-808.151 578.804 2198
-809.682 577.224 2192
-813.419 577.224 2192
-817.156 577.224 2192
-820.893 577.224 2192
-824.629 577.224 2192
-828.366 577.224 2192
-832.103 577.224 2192
-834.696 576.434 2189
-836.512 575.117 2184
-834.465 571.167 2169
-838.162 571.167 2169
-841.86 571.167 2169
-843.608 569.85 2164
-846.123 569.06 2161
-849.807 569.06 2161
-853.491 569.06 2161
-857.175 569.06 2161
-860.859 569.06 2161
-864.543 569.06 2161
-863.807 566.164 2150
-864.244 564.057 2142
-867.896 564.057 2142
-871.548 564.057 2142
-875.199 564.057 2142
-879.671 564.584 2144
-883.326 564.584 2144
-886.981 564.584 2144
-890.636 564.584 2144
-889.703 561.687 2133
-889.989 559.58 2125
-893.611 559.58 2125
-895.123 558.264 2120
-898.737 558.264 2120
-901.074 557.474 2117
-904.683 557.474 2117
-906.147 556.157 2112
-909.747 556.157 2112
-904.266 550.627 2091
-907.831 550.627 2091
-911.395 550.627 2091
-914.96 550.627 2091
-918.524 550.627 2091
-922.089 550.627 2091
-925.654 550.627 2091
-927.885 549.837 2088
-926.984 547.204 2078
-930.526 547.204 2078
-929.124 544.307 2067
-923.624 539.041 2047
-919.414 534.564 2030
-919.237 532.457 2022
-922.684 532.457 2022
-923.841 531.141 2017
-927.28 531.141 2017
-929.795 530.614 2015
-933.23 530.614 2015
-933.411 528.771 2008
-935.435 527.981 2005
-937.917 527.454 2003
-941.331 527.454 2003
-942.387 526.137 1998
-944.847 525.611 1996
-946.824 524.821 1993
-950.222 524.821 1993
-950.27 522.977 1986
-952.695 522.451 1984
-953.668 521.134 1979
-957.042 521.134 1979
-957.989 519.817 1974
-957.945 517.974 1967
-960.321 517.447 1965
-963.671 517.447 1965
-964.56 516.131 1960
-966.913 515.604 1958
-969.26 515.077 1956
-972.595 515.077 1956
-972.437 513.234 1949
-973.256 511.917 1944
-974.561 510.864 1940
-977.868 510.864 1940
-980.164 510.337 1938
-981.945 509.547 1935
-984.225 509.021 1933
-987.521 509.021 1933
-989.791 508.494 1931
-990.511 507.177 1926
-3.9551 129.766 496
-4.80066 129.766 496
-5.64621 129.766 496
-6.46559 129.243 494
-7.29294 128.982 493
-8.13338 128.982 493
-8.97382 128.982 493
-9.79436 128.72 492
-10.6547 128.982 493
-11.5185 129.243 494
-12.3606 129.243 494
-13.2028 129.243 494
-14.0733 129.505 495
-14.9172 129.505 495
-15.761 129.505 495
-16.5713 129.243 494
-17.3782 128.982 493
-18.2187 128.982 493
-19.0205 128.72 492
-22.6351 121.133 463
-23.4244 121.133 463
-24.2137 121.133 463
-25.003 121.133 463
-25.7923 121.133 463
-26.4668 120.61 461
-27.2527 120.61 461
-27.9169 120.086 459
-28.6994 120.086 459
-29.3534 119.563 457
-30.0665 119.301 456
-30.7763 119.04 455
-31.5519 119.04 455
-32.2565 118.778 454
-32.8122 117.993 451
-33.4322 117.47 449
-34.1976 117.47 449
-34.963 117.47 449
-35.6489 117.208 448
-36.2501 116.685 446
-39.423 114.854 439
-40.1714 114.854 439
-40.9198 114.854 439
-41.6682 114.854 439
-42.4166 114.854 439
-42.87 114.069 436
-43.6132 114.069 436
-44.2548 113.807 435
-44.8929 113.546 434
-45.6328 113.546 434
-46.3726 113.546 434
-46.4612 111.976 428
-45.9779 109.098 417
-46.4649 108.575 415
-47.1724 108.575 415
-47.8798 108.575 415
-48.4702 108.313 414
-49.176 108.313 414
-49.8818 108.313 414
-50.5875 108.313 414
-51.2933 108.313 414
-51.9991 108.313 414
-52.7048 108.313 414
-53.4106 108.313 414
-61.7303 108.051 413
-62.4344 108.051 413
-67.1132 114.854 439
-67.8616 114.854 439
-68.61 114.854 439
-69.5164 115.115 440
-70.2665 115.115 440
-71.0166 115.115 440
-72.0929 115.639 442
-73.6704 116.947 447
-74.4324 116.947 447
-75.1945 116.947 447
-75.9565 116.947 447
-76.7185 116.947 447
-77.4805 116.947 447
-77.5424 115.9 443
-78.2976 115.9 443
-79.7666 116.947 447
-80.5286 116.947 447
-81.2906 116.947 447
-79.8499 113.807 435
-80.2209 113.284 433
-80.9591 113.284 433
-81.6973 113.284 433
-87.195 119.825 458
-87.9757 119.825 458
-89.3379 120.61 461
-90.1238 120.61 461
-91.3041 121.133 463
-92.0934 121.133 463
-92.8827 121.133 463
-93.672 121.133 463
-94.4613 121.133 463
-95.2505 121.133 463
-95.8324 120.871 462
-95.1561 119.04 455
-95.0884 117.993 451
-95.8572 117.993 451
-96.4118 117.732 450
-97.3949 117.993 451
-98.1637 117.993 451
-98.9326 117.993 451
-99.7014 117.993 451
-100.47 117.993 451
-101.239 117.993 451
-102.008 117.993 451
-102.777 117.993 451
-103.546 117.993 451
-104.777 118.517 453
-105.549 118.517 453
-107.965 120.348 460
-108.749 120.348 460
-109.533 120.348 460
-110.317 120.348 460
-110.618 119.825 458
-111.156 119.563 457
-111.935 119.563 457
-112.714 119.563 457
-113.493 119.563 457
-787.814 576.623 2204
-791.571 576.623 2204
-795.328 576.623 2204
-796.91 575.054 2198
-800.657 575.054 2198
-804.404 575.054 2198
-808.151 575.054 2198
-809.682 573.484 2192
-813.419 573.484 2192
-819.392 575.054 2198
-823.139 575.054 2198
-826.887 575.054 2198
-828.366 573.484 2192
-832.103 573.484 2192
-834.696 572.699 2189
-836.512 571.391 2184
-834.465 567.466 2169
-838.162 567.466 2169
-841.86 567.466 2169
-843.608 566.158 2164
-846.123 565.373 2161
-849.807 565.373 2161
-853.491 565.373 2161
-857.175 565.373 2161
-860.859 565.373 2161
-864.543 565.373 2161
-863.807 562.496 2150
-864.244 560.403 2142
-867.896 560.403 2142
-872.361 560.926 2144
-876.016 560.926 2144
-879.671 560.926 2144
-883.326 560.926 2144
-886.981 560.926 2144
-890.636 560.926 2144
-889.703 558.048 2133
-891.245 556.74 2128
-894.873 556.74 2128
-895.123 554.647 2120
-898.737 554.647 2120
-901.074 553.862 2117
-904.683 553.862 2117
-907.005 553.077 2114
-909.747 552.554 2112
-906.428 548.368 2096
-910.001 548.368 2096
-911.395 547.06 2091
-914.96 547.06 2091
-918.524 547.06 2091
-922.089 547.06 2091
-925.654 547.06 2091
-925.663 544.967 2083
-925.645 542.874 2075
-929.183 542.874 2075
-928.225 540.257 2065
-922.27 534.763 2044
-918.055 530.316 2027
-919.237 529.007 2022
-922.684 529.007 2022
-922.925 527.176 2015
-926.36 527.176 2015
-929.795 527.176 2015
-933.23 527.176 2015
-933.411 525.345 2008
-935.435 524.56 2005
-937.917 524.037 2003
-941.331 524.037 2003
-942.387 522.728 1998
-944.847 522.205 1996
-946.824 521.42 1993
-950.222 521.42 1993
-950.27 519.589 1986
-952.695 519.066 1984
-953.668 517.758 1979
-957.042 517.758 1979
-957.989 516.449 1974
-957.945 514.618 1967
-960.321 514.095 1965
-963.671 514.095 1965
-964.56 512.787 1960
-966.913 512.263 1958
-969.26 511.74 1956
-972.595 511.74 1956
-972.437 509.909 1949
-973.256 508.601 1944
-974.561 507.554 1940
-977.868 507.554 1940
-980.164 507.031 1938
-980.93 505.723 1933
-983.207 505.2 1931
-986.499 505.2 1931
-988.766 504.676 1929
-989.483 503.368 1924
-3.9551 128.92 496
-4.80066 128.92 496
-5.64621 128.92 496
-6.46559 128.4 494
-7.29294 128.14 493
-8.13338 128.14 493
-8.97382 128.14 493
-9.79436 127.881 492
-10.6331 127.881 492
-11.5185 128.4 494
-12.3606 128.4 494
-13.2028 128.4 494
-14.0733 128.66 495
-14.9172 128.66 495
-15.761 128.66 495
-16.5713 128.4 494
-17.3782 128.14 493
-18.2187 128.14 493
-19.0205 127.881 492
-23.4244 120.343 463
-24.2137 120.343 463
-25.003 120.343 463
-25.7923 120.343 463
-26.4668 119.823 461
-27.2527 119.823 461
-27.9169 119.303 459
-28.6994 119.303 459
-29.3534 118.783 457
-30.1325 118.783 457
-30.8439 118.523 456
-31.6213 118.523 456
-32.2565 118.004 454
-32.9577 117.744 453
-33.5811 117.224 451
-34.3499 117.224 451
-34.963 116.704 449
-35.6489 116.444 448
-36.3313 116.184 447
-39.6026 114.625 441
-40.3544 114.625 441
-41.1062 114.625 441
-41.6682 114.105 439
-42.4166 114.105 439
-43.0666 113.845 438
-43.8133 113.845 438
-44.2548 113.065 435
-44.9963 113.065 435
-45.6328 112.805 434
-46.3726 112.805 434
-44.9414 107.607 414
-45.6472 107.607 414
-46.3529 107.607 414
-47.0587 107.607 414
-47.7645 107.607 414
-48.4702 107.607 414
-49.176 107.607 414
-49.8818 107.607 414
-50.5875 107.607 414
-51.2933 107.607 414
-51.9991 107.607 414
-52.7048 107.607 414
-67.1132 114.105 439
-67.8616 114.105 439
-68.61 114.105 439
-69.5164 114.365 440
-70.2665 114.365 440
-71.0166 114.365 440
-72.9084 116.184 447
-73.6704 116.184 447
-74.4324 116.184 447
-75.1945 116.184 447
-76.2963 116.704 449
-77.0618 116.704 449
-77.8272 116.704 449
-78.7677 116.964 450
-79.5348 116.964 450
-80.3019 116.964 450
-79.4477 114.625 441
-79.1083 113.065 435
-79.8499 113.065 435
-80.5915 113.065 435
-81.333 113.065 435
-82.0746 113.065 435
-87.195 119.043 458
-87.9757 119.043 458
-89.3379 119.823 461
-90.1238 119.823 461
-91.3041 120.343 463
-92.0934 120.343 463
-92.8827 120.343 463
-93.672 120.343 463
-94.4613 120.343 463
-95.2505 120.343 463
-95.8324 120.083 462
-95.1561 118.263 455
-95.0884 117.224 451
-95.8572 117.224 451
-96.4118 116.964 450
-97.3949 117.224 451
-98.1637 117.224 451
-98.9326 117.224 451
-99.7014 117.224 451
-100.47 117.224 451
-101.239 117.224 451
-102.008 117.224 451
-102.777 117.224 451
-103.546 117.224 451
-104.777 117.744 453
-105.549 117.744 453
-108.669 120.343 463
-109.458 120.343 463
-110.247 120.343 463
-111.037 120.343 463
-110.618 119.043 458
-111.156 118.783 457
-111.935 118.783 457
-112.714 118.783 457
-113.493 118.783 457
-788.886 573.643 2207
-792.648 573.643 2207
-796.411 573.643 2207
-796.91 571.304 2198
-800.657 571.304 2198
-804.404 571.304 2198
-808.151 571.304 2198
-809.682 569.744 2192
-813.419 569.744 2192
-819.392 571.304 2198
-823.139 571.304 2198
-826.887 571.304 2198
-828.366 569.744 2192
-832.103 569.744 2192
-834.696 568.964 2189
-836.512 567.665 2184
-834.465 563.766 2169
-838.162 563.766 2169
-841.084 563.246 2167
-843.608 562.466 2164
-846.123 561.687 2161
-849.807 561.687 2161
-852.306 560.907 2158
-855.985 560.907 2158
-858.468 560.127 2155
-862.142 560.127 2155
-863.807 558.827 2150
-865.051 557.268 2144
-869.922 558.048 2147
-873.582 558.048 2147
-877.242 558.048 2147
-882.133 558.827 2150
-885.798 558.827 2150
-889.464 558.827 2150
-890.636 557.268 2144
-890.954 555.189 2136
-891.245 553.109 2128
-894.873 553.109 2128
-895.967 551.55 2122
-898.737 551.03 2120
-901.074 550.25 2117
-904.683 550.25 2117
-907.005 549.47 2114
-910.608 549.47 2114
-906.428 544.792 2096
-910.001 544.792 2096
-912.267 544.012 2093
-914.96 543.492 2091
-918.524 543.492 2091
-922.089 543.492 2091
-925.654 543.492 2091
-925.663 541.413 2083
-925.645 539.333 2075
-929.183 539.333 2075
-926.877 535.954 2062
-922.27 531.276 2044
-918.055 526.857 2027
-921.51 526.857 2027
-922.684 525.558 2022
-922.925 523.738 2015
-926.36 523.738 2015
-929.795 523.738 2015
-933.23 523.738 2015
-933.411 521.919 2008
-934.502 520.619 2003
-936.512 519.839 2000
-939.921 519.839 2000
-941.444 518.8 1996
-944.847 518.8 1996
-945.874 517.5 1991
-949.268 517.5 1991
-950.27 516.201 1986
-952.695 515.681 1984
-953.668 514.381 1979
-957.042 514.381 1979
-957.018 512.562 1972
-956.971 510.742 1965
-960.321 510.742 1965
-963.671 510.742 1965
-963.576 508.923 1958
-965.926 508.403 1956
-969.26 508.403 1956
-972.595 508.403 1956
-971.439 506.064 1947
-972.255 504.764 1942
-973.556 503.724 1938
-976.86 503.724 1938
-978.646 502.945 1935
-979.915 501.905 1931
-982.189 501.385 1929
-985.477 501.385 1929
-988.766 501.385 1929
-987.425 499.046 1920
-3.94713 127.816 495
-4.79098 127.816 495
-5.63483 127.816 495
-6.46559 127.558 494
-7.29294 127.299 493
-8.13338 127.299 493
-8.95562 127.041 492
-9.79436 127.041 492
-10.6331 127.041 492
-11.4951 127.299 493
-12.3356 127.299 493
-13.176 127.299 493
-14.0449 127.558 494
-14.887 127.558 494
-15.7292 127.558 494
-16.5378 127.299 493
-17.3782 127.299 493
-18.2187 127.299 493
-19.0205 127.041 492
-19.8188 126.783 491
-23.4244 119.553 463
-24.2137 119.553 463
-25.003 119.553 463
-25.7923 119.553 463
-26.5242 119.295 462
-27.2527 119.036 461
-27.9777 118.778 460
-28.7619 118.778 460
-29.3534 118.004 457
-30.1325 118.004 457
-30.8439 117.745 456
-31.6213 117.745 456
-32.2565 117.229 454
-32.9577 116.971 453
-33.5811 116.454 451
-34.3499 116.454 451
-34.963 115.938 449
-35.6489 115.68 448
-36.3313 115.422 447
-39.6026 113.872 441
-40.3544 113.872 441
-41.1062 113.872 441
-41.6682 113.356 439
-42.4166 113.356 439
-43.0666 113.098 438
-43.8133 113.098 438
-44.2548 112.323 435
-44.9963 112.323 435
-45.6328 112.065 434
-46.3726 112.065 434
-44.9414 106.9 414
-45.6472 106.9 414
-46.3529 106.9 414
-47.0587 106.9 414
-47.7645 106.9 414
-48.4702 106.9 414
-49.176 106.9 414
-49.8818 106.9 414
-50.8319 107.417 416
-51.5411 107.417 416
-52.2503 107.417 416
-52.7048 106.9 414
-67.1132 113.356 439
-67.8616 113.356 439
-68.61 113.356 439
-69.3584 113.356 439
-70.2665 113.614 440
-71.0166 113.614 440
-72.9084 115.422 447
-73.6704 115.422 447
-74.4324 115.422 447
-75.1945 115.422 447
-76.2963 115.938 449
-77.0618 115.938 449
-77.8272 115.938 449
-78.7677 116.196 450
-79.5348 116.196 450
-80.3019 116.196 450
-79.4477 113.872 441
-80.1995 113.872 441
-80.9513 113.872 441
-81.3325 113.356 439
-82.0809 113.356 439
-82.2633 112.581 436
-87.7661 119.036 461
-88.552 119.036 461
-89.5317 119.295 462
-90.3193 119.295 462
-91.3041 119.553 463
-92.0934 119.553 463
-92.8827 119.553 463
-93.672 119.553 463
-94.4613 119.553 463
-95.2505 119.553 463
-95.0027 118.262 458
-95.3652 117.745 456
-96.1426 117.745 456
-96.7074 117.487 455
-97.4831 117.487 455
-98.4747 117.745 456
-99.252 117.745 456
-100.029 117.745 456
-100.807 117.745 456
-101.584 117.745 456
-102.361 117.745 456
-103.139 117.745 456
-104.372 118.262 458
-105.153 118.262 458
-106.627 119.036 461
-107.413 119.036 461
-108.669 119.553 463
-109.458 119.553 463
-110.247 119.553 463
-111.037 119.553 463
-110.618 118.262 458
-788.886 569.878 2207
-792.648 569.878 2207
-796.411 569.878 2207
-796.91 567.554 2198
-800.657 567.554 2198
-804.404 567.554 2198
-807.048 566.779 2195
-810.79 566.779 2195
-814.532 566.779 2195
-819.392 567.554 2198
-823.139 567.554 2198
-826.887 567.554 2198
-830.634 567.554 2198
-834.381 567.554 2198
-835.84 566.004 2192
-836.512 563.939 2184
-834.465 560.065 2169
-838.162 560.065 2169
-841.084 559.549 2167
-844.778 559.549 2167
-847.297 558.774 2164
-850.987 558.774 2164
-853.491 558 2161
-855.985 557.225 2158
-858.468 556.45 2155
-862.142 556.45 2155
-863.807 555.159 2150
-866.262 554.385 2147
-869.922 554.385 2147
-873.582 554.385 2147
-877.242 554.385 2147
-882.133 555.159 2150
-885.798 555.159 2150
-889.464 555.159 2150
-890.636 553.61 2144
-890.954 551.544 2136
-891.245 549.479 2128
-894.873 549.479 2128
-895.967 547.929 2122
-898.737 547.413 2120
-901.074 546.638 2117
-904.683 546.638 2117
-907.005 545.864 2114
-910.608 545.864 2114
-906.428 541.216 2096
-910.001 541.216 2096
-912.267 540.441 2093
-914.96 539.925 2091
-918.524 539.925 2091
-922.089 539.925 2091
-925.654 539.925 2091
-923.441 536.568 2078
-923.415 534.502 2070
-926.944 534.502 2070
-926.877 532.437 2062
-922.27 527.789 2044
-918.055 523.399 2027
-921.51 523.399 2027
-922.684 522.108 2022
-922.925 520.301 2015
-926.36 520.301 2015
-929.795 520.301 2015
-933.23 520.301 2015
-933.411 518.493 2008
-934.502 517.202 2003
-936.512 516.427 2000
-939.921 516.427 2000
-941.444 515.394 1996
-944.847 515.394 1996
-945.874 514.103 1991
-949.268 514.103 1991
-950.27 512.812 1986
-952.695 512.296 1984
-953.668 511.005 1979
-957.042 511.005 1979
-957.018 509.197 1972
-956.971 507.39 1965
-960.321 507.39 1965
-963.671 507.39 1965
-963.576 505.582 1958
-965.926 505.066 1956
-967.774 504.291 1953
-971.103 504.291 1953
-969.942 501.967 1944
-971.253 500.934 1940
-972.049 499.643 1935
-975.348 499.643 1935
-977.635 499.127 1933
-978.9 498.094 1929
-982.189 498.094 1929
-985.477 498.094 1929
-987.228 497.319 1926
-986.397 495.254 1918
-3.94713 126.971 495
-4.79098 126.971 495
-5.63483 126.971 495
-6.46559 126.715 494
-7.29294 126.458 493
-8.13338 126.458 493
-8.95562 126.202 492
-9.77445 125.945 491
-10.6331 126.202 492
-11.4718 126.202 492
-12.3106 126.202 492
-13.176 126.458 493
-14.0165 126.458 493
-14.8569 126.458 493
-15.6973 126.458 493
-16.5378 126.458 493
-17.343 126.202 492
-18.1817 126.202 492
-19.0205 126.202 492
-19.8188 125.945 491
-23.4244 118.763 463
-24.2137 118.763 463
-25.003 118.763 463
-25.7923 118.763 463
-26.5242 118.506 462
-27.2527 118.25 461
-28.0386 118.25 461
-28.7619 117.993 460
-29.4176 117.48 458
-30.1325 117.224 457
-30.8439 116.967 456
-31.6213 116.967 456
-32.3276 116.711 455
-32.9577 116.198 453
-33.6555 115.941 452
-34.4261 115.941 452
-35.0409 115.428 450
-35.7285 115.172 449
-36.3313 114.659 447
-39.6026 113.12 441
-40.3544 113.12 441
-41.1062 113.12 441
-41.6682 112.607 439
-42.4166 112.607 439
-43.0666 112.35 438
-43.8133 112.35 438
-44.2548 111.581 435
-44.9963 111.581 435
-45.5276 111.068 433
-46.2658 111.068 433
-48.4702 106.194 414
-49.176 106.194 414
-49.8818 106.194 414
-50.8319 106.707 416
-51.5411 106.707 416
-52.2503 106.707 416
-67.1132 112.607 439
-67.8616 112.607 439
-68.61 112.607 439
-69.3584 112.607 439
-70.2665 112.863 440
-71.0166 112.863 440
-72.9084 114.659 447
-73.6704 114.659 447
-74.4324 114.659 447
-75.1945 114.659 447
-76.2963 115.172 449
-77.0618 115.172 449
-77.8272 115.172 449
-78.7677 115.428 450
-79.5348 115.428 450
-80.3019 115.428 450
-79.4477 113.12 441
-80.1995 113.12 441
-80.9513 113.12 441
-81.5178 112.863 440
-82.2679 112.863 440
-84.1501 114.402 446
-87.7661 118.25 461
-88.552 118.25 461
-89.5317 118.506 462
-90.3193 118.506 462
-91.1069 118.506 462
-91.6955 118.25 461
-91.679 117.224 457
-92.6604 117.48 458
-93.4412 117.48 458
-94.2219 117.48 458
-95.0027 117.48 458
-95.7835 117.48 458
-96.5643 117.48 458
-97.345 117.48 458
-98.34 117.737 459
-99.1225 117.737 459
-99.905 117.737 459
-100.468 117.48 458
-101.249 117.48 458
-102.03 117.48 458
-103.484 118.25 461
-104.27 118.25 461
-105.284 118.506 462
-106.301 118.763 463
-107.09 118.763 463
-108.112 119.019 464
-108.903 119.019 464
-109.694 119.019 464
-110.485 119.019 464
-111.276 119.019 464
-112.067 119.019 464
-112.858 119.019 464
-788.886 566.112 2207
-792.648 566.112 2207
-796.411 566.112 2207
-796.91 563.804 2198
-800.657 563.804 2198
-804.404 563.804 2198
-807.048 563.034 2195
-810.79 563.034 2195
-814.532 563.034 2195
-819.392 563.804 2198
-823.139 563.804 2198
-826.887 563.804 2198
-830.634 563.804 2198
-834.381 563.804 2198
-835.84 562.265 2192
-836.512 560.212 2184
-834.465 556.365 2169
-838.162 556.365 2169
-841.084 555.852 2167
-844.778 555.852 2167
-847.297 555.082 2164
-850.987 555.082 2164
-854.676 555.082 2164
-855.985 553.543 2158
-858.468 552.774 2155
-862.142 552.774 2155
-865.012 552.261 2153
-866.262 550.722 2147
-871.137 551.491 2150
-874.803 551.491 2150
-878.468 551.491 2150
-882.133 551.491 2150
-885.798 551.491 2150
-889.464 551.491 2150
-891.882 550.722 2147
-892.206 548.67 2139
-892.502 546.618 2131
-896.134 546.618 2131
-897.234 545.079 2125
-899.585 544.309 2122
-902.351 543.796 2120
-905.965 543.796 2120
-908.292 543.026 2117
-910.608 542.257 2114
-906.428 537.64 2096
-910.001 537.64 2096
-913.574 537.64 2096
-917.148 537.64 2096
-919.403 536.87 2093
-922.971 536.87 2093
-926.539 536.87 2093
-924.33 533.536 2080
-922.077 530.201 2067
-925.6 530.201 2067
-923.73 527.123 2055
-921.368 523.788 2042
-918.055 519.941 2027
-921.51 519.941 2027
-921.772 518.145 2020
-922.925 516.863 2015
-926.36 516.863 2015
-927.488 515.58 2010
-930.915 515.58 2010
-932.017 514.298 2005
-933.102 513.015 2000
-934.639 511.989 1996
-938.041 511.989 1996
-941.444 511.989 1996
-942.48 510.707 1991
-944.449 509.937 1988
-947.838 509.937 1988
-949.313 508.911 1984
-950.294 507.628 1979
-952.704 507.115 1977
-956.074 507.115 1977
-956.048 505.32 1970
-956.971 504.037 1965
-959.343 503.524 1963
-962.69 503.524 1963
-963.576 502.242 1958
-965.926 501.729 1956
-967.774 500.959 1953
-971.103 500.959 1953
-969.942 498.651 1944
-971.253 497.625 1940
-972.049 496.342 1935
-975.348 496.342 1935
-977.635 495.829 1933
-978.9 494.803 1929
-982.189 494.803 1929
-985.477 494.803 1929
-987.228 494.034 1926
-987.425 492.494 1920
-3.93915 125.872 494
-4.7813 125.872 494
-5.62344 125.872 494
-6.46559 125.872 494
-7.29294 125.617 493
-8.13338 125.617 493
-8.95562 125.362 492
-9.77445 125.107 491
-10.6331 125.362 492
-11.4718 125.362 492
-12.3106 125.362 492
-13.176 125.617 493
-14.0165 125.617 493
-14.8569 125.617 493
-15.6973 125.617 493
-16.5378 125.617 493
-17.343 125.362 492
-18.1817 125.362 492
-19.0205 125.362 492
-19.8188 125.107 491
-21.8458 117.973 463
-22.6351 117.973 463
-23.4244 117.973 463
-24.2137 117.973 463
-25.003 117.973 463
-25.7923 117.973 463
-26.5242 117.718 462
-27.2527 117.463 461
-28.0386 117.463 461
-28.7619 117.209 460
-29.4176 116.699 458
-30.1325 116.444 457
-30.9116 116.444 457
-31.6906 116.444 457
-32.3276 115.935 455
-33.0305 115.68 454
-33.73 115.425 453
-34.5022 115.425 453
-35.1966 115.17 452
-35.7285 114.406 449
-36.4939 114.406 449
-50.8319 105.997 416
-51.5411 105.997 416
-52.2503 105.997 416
-66.9604 111.603 438
-67.707 111.603 438
-68.61 111.858 439
-69.3584 111.858 439
-70.1068 111.858 439
-70.8552 111.858 439
-71.7667 112.113 440
-73.6704 113.896 447
-74.4324 113.896 447
-75.1945 113.896 447
-75.9565 113.896 447
-77.0618 114.406 449
-77.8272 114.406 449
-78.7677 114.661 450
-79.5348 114.661 450
-80.3019 114.661 450
-79.4477 112.367 441
-80.1995 112.367 441
-80.9513 112.367 441
-81.5178 112.113 440
-82.2679 112.113 440
-84.1501 113.641 446
-87.7661 117.463 461
-88.552 117.463 461
-89.5317 117.718 462
-90.3193 117.718 462
-91.1069 117.718 462
-91.6955 117.463 461
-91.679 116.444 457
-92.6604 116.699 458
-93.4412 116.699 458
-94.2219 116.699 458
-95.2101 116.954 459
-96.2017 117.209 460
-97.1968 117.463 461
-97.9827 117.463 461
-98.7685 117.463 461
-99.5544 117.463 461
-100.34 117.463 461
-101.126 117.463 461
-101.912 117.463 461
-102.921 117.718 462
-103.933 117.973 463
-104.722 117.973 463
-105.511 117.973 463
-106.53 118.228 464
-107.321 118.228 464
-108.112 118.228 464
-109.138 118.483 465
-109.931 118.483 465
-110.723 118.483 465
-111.516 118.483 465
-112.309 118.483 465
-113.102 118.483 465
-113.894 118.483 465
-788.886 562.347 2207
-792.648 562.347 2207
-796.411 562.347 2207
-796.91 560.054 2198
-800.657 560.054 2198
-804.404 560.054 2198
-807.048 559.289 2195
-810.79 559.289 2195
-814.532 559.289 2195
-819.392 560.054 2198
-823.139 560.054 2198
-826.887 560.054 2198
-830.634 560.054 2198
-834.381 560.054 2198
-835.84 558.525 2192
-836.512 556.486 2184
-834.465 552.664 2169
-838.162 552.664 2169
-841.084 552.155 2167
-844.778 552.155 2167
-847.297 551.39 2164
-850.987 551.39 2164
-854.676 551.39 2164
-857.175 550.626 2161
-859.664 549.861 2158
-863.342 549.861 2158
-865.816 549.097 2155
-867.472 547.823 2150
-871.137 547.823 2150
-876.023 548.588 2153
-879.694 548.588 2153
-883.364 548.588 2153
-887.034 548.588 2153
-890.705 548.588 2153
-893.129 547.823 2150
-893.457 545.785 2142
-892.502 542.982 2131
-896.134 542.982 2131
-897.234 541.453 2125
-900.857 541.453 2125
-903.202 540.689 2122
-906.82 540.689 2122
-909.579 540.179 2120
-910.608 538.65 2114
-907.293 534.573 2098
-910.87 534.573 2098
-913.574 534.064 2096
-917.148 534.064 2096
-919.403 533.299 2093
-922.971 533.299 2093
-926.539 533.299 2093
-924.33 529.987 2080
-922.077 526.675 2067
-925.6 526.675 2067
-923.73 523.617 2055
-921.368 520.305 2042
-917.149 515.973 2025
-920.601 515.973 2025
-920.403 513.935 2017
-921.551 512.66 2012
-924.062 512.151 2010
-927.488 512.151 2010
-930.915 512.151 2010
-931.087 510.367 2003
-932.169 509.093 1998
-934.639 508.584 1996
-938.041 508.584 1996
-939.086 507.31 1991
-942.48 507.31 1991
-944.449 506.545 1988
-947.838 506.545 1988
-947.878 504.762 1981
-949.334 503.742 1977
-952.704 503.742 1977
-954.624 502.978 1974
-956.048 501.959 1970
-956.971 500.685 1965
-959.343 500.175 1963
-962.69 500.175 1963
-962.591 498.392 1956
-965.926 498.392 1956
-967.774 497.627 1953
-971.103 497.627 1953
-969.942 495.334 1944
-971.253 494.315 1940
-972.049 493.041 1935
-975.348 493.041 1935
-976.623 492.022 1931
-977.378 490.748 1926
-980.661 490.748 1926
-983.944 490.748 1926
-986.203 490.238 1924
-987.425 489.219 1920
-3.93915 125.029 494
-4.7813 125.029 494
-5.62344 125.029 494
-6.46559 125.029 494
-7.27815 124.523 492
-8.11688 124.523 492
-8.95562 124.523 492
-9.77445 124.27 491
-10.6331 124.523 492
-11.4718 124.523 492
-12.3106 124.523 492
-13.176 124.776 493
-14.0165 124.776 493
-14.8569 124.776 493
-15.6973 124.776 493
-16.5378 124.776 493
-17.343 124.523 492
-18.1817 124.523 492
-18.9818 124.27 491
-19.8188 124.27 491
-21.8458 117.183 463
-22.6351 117.183 463
-23.4244 117.183 463
-24.2137 117.183 463
-25.003 117.183 463
-25.7923 117.183 463
-26.5242 116.93 462
-27.2527 116.677 461
-28.0386 116.677 461
-28.7619 116.424 460
-29.4176 115.918 458
-30.1984 115.918 458
-30.9116 115.665 457
-31.6906 115.665 457
-32.3276 115.158 455
-33.0305 114.905 454
-33.8045 114.905 454
-34.5784 114.905 454
-35.1966 114.399 452
-35.808 113.893 450
-36.4939 113.64 449
-67.1132 111.109 439
-67.8616 111.109 439
-68.61 111.109 439
-69.3584 111.109 439
-70.1068 111.109 439
-70.8552 111.109 439
-71.6035 111.109 439
-72.3519 111.109 439
-73.1003 111.109 439
-73.8487 111.109 439
-74.9369 111.615 441
-75.6887 111.615 441
-76.4405 111.615 441
-77.1923 111.615 441
-77.9441 111.615 441
-78.8744 111.868 442
-79.9882 112.374 444
-80.7451 112.374 444
-81.8691 112.881 446
-82.6294 112.881 446
-83.3897 112.881 446
-85.2821 114.399 452
-86.6238 115.158 455
-87.3995 115.158 455
-88.1751 115.158 455
-89.1463 115.411 456
-89.9237 115.411 456
-90.701 115.411 456
-91.679 115.665 457
-92.4581 115.665 457
-93.4412 115.918 458
-94.2219 115.918 458
-95.2101 116.171 459
-96.2017 116.424 460
-97.1968 116.677 461
-97.9827 116.677 461
-98.7685 116.677 461
-99.5544 116.677 461
-100.34 116.677 461
-101.126 116.677 461
-101.912 116.677 461
-102.921 116.93 462
-103.933 117.183 463
-104.722 117.183 463
-105.511 117.183 463
-106.53 117.436 464
-107.321 117.436 464
-108.112 117.436 464
-109.138 117.689 465
-109.931 117.689 465
-110.723 117.689 465
-111.516 117.689 465
-112.309 117.689 465
-113.102 117.689 465
-113.894 117.689 465
-114.687 117.689 465
-771.371 546.18 2158
-786.184 554.026 2189
-789.915 554.026 2189
-793.647 554.026 2189
-797.379 554.026 2189
-801.111 554.026 2189
-804.842 554.026 2189
-809.682 554.785 2192
-813.419 554.785 2192
-819.392 556.304 2198
-823.139 556.304 2198
-826.887 556.304 2198
-830.634 556.304 2198
-834.381 556.304 2198
-834.696 554.026 2189
-836.512 552.76 2184
-834.465 548.964 2169
-838.162 548.964 2169
-841.084 548.458 2167
-844.778 548.458 2167
-847.297 547.698 2164
-850.987 547.698 2164
-854.676 547.698 2164
-857.175 546.939 2161
-859.664 546.18 2158
-863.342 546.18 2158
-865.816 545.42 2155
-867.472 544.155 2150
-872.353 544.914 2153
-876.023 544.914 2153
-879.694 544.914 2153
-884.185 545.42 2155
-887.858 545.42 2155
-891.532 545.42 2155
-895.206 545.42 2155
-893.457 542.13 2142
-892.502 539.346 2131
-896.134 539.346 2131
-897.234 537.828 2125
-900.857 537.828 2125
-903.202 537.068 2122
-906.82 537.068 2122
-909.579 536.562 2120
-910.608 535.044 2114
-907.293 530.994 2098
-910.87 530.994 2098
-913.574 530.488 2096
-917.148 530.488 2096
-919.403 529.729 2093
-922.971 529.729 2093
-926.539 529.729 2093
-924.33 526.438 2080
-922.077 523.148 2067
-925.6 523.148 2067
-922.381 519.352 2052
-919.112 515.555 2037
-917.149 512.518 2025
-920.601 512.518 2025
-920.403 510.493 2017
-920.635 508.722 2010
-924.062 508.722 2010
-927.488 508.722 2010
-930.915 508.722 2010
-929.693 506.191 2000
-931.236 505.178 1996
-934.639 505.178 1996
-936.632 504.419 1993
-939.086 503.913 1991
-941.06 503.154 1988
-944.449 503.154 1988
-947.838 503.154 1988
-946.921 500.876 1979
-950.294 500.876 1979
-953.668 500.876 1979
-954.624 499.61 1974
-956.048 498.598 1970
-956.971 497.332 1965
-960.321 497.332 1965
-962.69 496.826 1963
-962.591 495.054 1956
-965.926 495.054 1956
-969.26 495.054 1956
-971.103 494.295 1953
-971.439 492.777 1947
-972.255 491.511 1942
-975.565 491.511 1942
-976.86 490.499 1938
-977.635 489.233 1933
-979.915 488.727 1931
-982.189 488.221 1929
-985.477 488.221 1929
-987.228 487.462 1926
-988.454 486.449 1922
-3.10955 124.689 496
-3.9551 124.689 496
-4.80066 124.689 496
-5.64621 124.689 496
-6.4525 123.935 493
-7.27815 123.684 492
-8.11688 123.684 492
-8.95562 123.684 492
-9.77445 123.432 491
-10.6115 123.432 491
-11.4718 123.684 492
-12.3106 123.684 492
-13.1493 123.684 492
-14.8268 123.684 492
-15.6655 123.684 492
-16.5042 123.684 492
-17.3077 123.432 491
-18.1448 123.432 491
-18.9818 123.432 491
-19.8188 123.432 491
-21.8458 116.393 463
-22.6351 116.393 463
-23.4244 116.393 463
-24.2137 116.393 463
-25.003 116.393 463
-25.7923 116.393 463
-26.5242 116.142 462
-27.2527 115.89 461
-28.0386 115.89 461
-28.7619 115.639 460
-29.4176 115.136 458
-30.1984 115.136 458
-30.9116 114.885 457
-31.6906 114.885 457
-32.3276 114.382 455
-33.0305 114.131 454
-33.8045 114.131 454
-34.5784 114.131 454
-35.1966 113.628 452
-35.808 113.125 450
-36.4939 112.874 449
-67.1132 110.36 439
-67.8616 110.36 439
-68.61 110.36 439
-69.3584 110.36 439
-70.1068 110.36 439
-70.8552 110.36 439
-71.6035 110.36 439
-72.3519 110.36 439
-73.1003 110.36 439
-73.8487 110.36 439
-74.767 110.611 440
-75.6887 110.863 441
-76.6139 111.114 442
-77.3674 111.114 442
-78.1209 111.114 442
-79.4097 111.868 445
-80.1683 111.868 445
-81.1088 112.12 446
-82.0527 112.371 447
-83.3705 113.125 450
-84.1376 113.125 450
-85.4708 113.879 453
-86.6238 114.382 455
-87.3995 114.382 455
-88.1751 114.382 455
-89.1463 114.633 456
-89.9237 114.633 456
-90.701 114.633 456
-91.679 114.885 457
-92.6604 115.136 458
-93.6452 115.388 459
-94.4277 115.388 459
-95.4176 115.639 460
-96.4109 115.89 461
-97.4076 116.142 462
-98.1952 116.142 462
-98.9828 116.142 462
-99.7704 116.142 462
-100.558 116.142 462
-101.346 116.142 462
-102.133 116.142 462
-102.921 116.142 462
-103.933 116.393 463
-104.722 116.393 463
-105.739 116.645 464
-106.53 116.645 464
-107.321 116.645 464
-108.345 116.896 465
-109.138 116.896 465
-109.931 116.896 465
-110.723 116.896 465
-111.516 116.896 465
-112.309 116.896 465
-113.102 116.896 465
-113.894 116.896 465
-114.687 116.896 465
-743.556 535.71 2131
-747.89 536.213 2133
-756.459 539.733 2147
-760.119 539.733 2147
-765.914 541.241 2153
-771.371 542.498 2158
-779.001 545.263 2169
-782.698 545.263 2169
-788.571 546.772 2175
-792.279 546.772 2175
-797.085 547.526 2178
-800.798 547.526 2178
-806.727 549.034 2184
-810.45 549.034 2184
-816.037 550.291 2189
-819.769 550.291 2189
-823.501 550.291 2189
-827.232 550.291 2189
-830.964 550.291 2189
-834.696 550.291 2189
-834.214 547.526 2178
-833.695 544.76 2167
-837.389 544.76 2167
-841.084 544.76 2167
-844.778 544.76 2167
-847.297 544.006 2164
-850.987 544.006 2164
-854.676 544.006 2164
-858.365 544.006 2164
-860.859 543.252 2161
-864.543 543.252 2161
-868.227 543.252 2161
-868.683 541.241 2153
-872.353 541.241 2153
-876.023 541.241 2153
-879.694 541.241 2153
-884.185 541.744 2155
-887.858 541.744 2155
-891.532 541.744 2155
-895.206 541.744 2155
-893.457 538.476 2142
-892.502 535.71 2131
-896.134 535.71 2131
-897.234 534.202 2125
-900.857 534.202 2125
-903.202 533.448 2122
-906.82 533.448 2122
-909.579 532.945 2120
-910.608 531.437 2114
-907.293 527.415 2098
-910.87 527.415 2098
-913.574 526.912 2096
-917.148 526.912 2096
-919.403 526.158 2093
-922.971 526.158 2093
-925.654 525.655 2091
-924.33 522.89 2080
-922.077 519.622 2067
-925.6 519.622 2067
-922.381 515.851 2052
-919.112 512.08 2037
-917.149 509.063 2025
-920.601 509.063 2025
-920.403 507.052 2017
-920.635 505.292 2010
-924.062 505.292 2010
-927.488 505.292 2010
-930.915 505.292 2010
-929.693 502.778 2000
-931.236 501.773 1996
-934.639 501.773 1996
-936.632 501.019 1993
-939.086 500.516 1991
-941.06 499.762 1988
-944.449 499.762 1988
-947.838 499.762 1988
-946.921 497.499 1979
-950.294 497.499 1979
-953.668 497.499 1979
-954.624 496.242 1974
-957.018 495.74 1972
-957.945 494.483 1967
-961.298 494.483 1967
-962.69 493.477 1963
-963.576 492.22 1958
-965.926 491.717 1956
-969.26 491.717 1956
-971.103 490.963 1953
-972.437 489.958 1949
-973.256 488.701 1944
-976.57 488.701 1944
-976.86 487.192 1938
-978.646 486.438 1935
-980.93 485.935 1933
-984.225 485.935 1933
-986.499 485.433 1931
-988.766 484.93 1929
-988.454 483.17 1922
-3.10955 123.843 496
-3.9551 123.843 496
-4.80066 123.843 496
-5.64621 123.843 496
-6.4525 123.094 493
-7.29294 123.094 493
-8.11688 122.844 492
-8.95562 122.844 492
-9.77445 122.594 491
-10.6115 122.594 491
-11.4485 122.594 491
-12.2855 122.594 491
-16.4707 122.594 491
-17.3077 122.594 491
-18.1448 122.594 491
-18.9818 122.594 491
-19.7785 122.345 490
-20.6138 122.345 490
-21.4491 122.345 490
-21.8458 115.603 463
-22.6351 115.603 463
-23.4244 115.603 463
-24.2137 115.603 463
-25.003 115.603 463
-25.7923 115.603 463
-26.5242 115.354 462
-27.2527 115.104 461
-28.0386 115.104 461
-28.8245 115.104 461
-29.4176 114.355 458
-30.1984 114.355 458
-30.9116 114.105 457
-31.6906 114.105 457
-32.3986 113.856 456
-33.1033 113.606 455
-33.8045 113.356 454
-34.5784 113.356 454
-35.1966 112.857 452
-35.808 112.357 450
-67.1132 109.611 439
-67.8616 109.611 439
-68.61 109.611 439
-69.3584 109.611 439
-70.1068 109.611 439
-70.8552 109.611 439
-71.6035 109.611 439
-72.3519 109.611 439
-73.1003 109.611 439
-73.8487 109.611 439
-74.767 109.861 440
-75.6887 110.11 441
-76.7872 110.61 443
-77.5424 110.61 443
-78.8278 111.359 446
-79.7666 111.608 447
-80.5286 111.608 447
-81.4725 111.858 448
-82.2362 111.858 448
-83.9263 113.106 453
-84.6985 113.106 453
-85.8482 113.606 455
-86.8142 113.856 456
-87.5916 113.856 456
-88.3689 113.856 456
-89.1463 113.856 456
-90.1209 114.105 457
-90.8999 114.105 457
-92.0802 114.605 459
-93.065 114.854 460
-94.0532 115.104 461
-94.8391 115.104 461
-95.625 115.104 461
-96.62 115.354 462
-97.4076 115.354 462
-98.1952 115.354 462
-99.197 115.603 463
-99.9863 115.603 463
-100.776 115.603 463
-101.565 115.603 463
-102.354 115.603 463
-103.144 115.603 463
-103.933 115.603 463
-104.948 115.853 464
-105.739 115.853 464
-106.76 116.103 465
-107.553 116.103 465
-108.345 116.103 465
-109.138 116.103 465
-109.931 116.103 465
-110.723 116.103 465
-111.516 116.103 465
-112.55 116.352 466
-113.345 116.352 466
-114.139 116.352 466
-114.687 116.103 465
-743.556 532.075 2131
-748.942 533.323 2136
-756.459 536.07 2147
-760.119 536.07 2147
-765.914 537.568 2153
-771.371 538.816 2158
-775.05 538.816 2158
-778.729 538.816 2158
-781.32 538.067 2155
-788.272 540.314 2164
-791.961 540.314 2164
-795.65 540.314 2164
-803.403 543.061 2175
-809.337 544.559 2181
-814.173 545.308 2184
-817.897 545.308 2184
-824.629 547.305 2192
-828.366 547.305 2192
-832.103 547.305 2192
-835.84 547.305 2192
-834.214 543.81 2178
-832.541 540.314 2164
-836.23 540.314 2164
-839.919 540.314 2164
-844.778 541.063 2167
-848.472 541.063 2167
-852.166 541.063 2167
-855.86 541.063 2167
-859.555 541.063 2167
-860.859 539.565 2161
-864.543 539.565 2161
-868.227 539.565 2161
-868.683 537.568 2153
-872.353 537.568 2153
-876.837 538.067 2155
-880.511 538.067 2155
-886.646 539.565 2161
-890.33 539.565 2161
-894.014 539.565 2161
-897.698 539.565 2161
-893.457 534.821 2142
-892.502 532.075 2131
-896.134 532.075 2131
-897.234 530.577 2125
-900.857 530.577 2125
-902.351 529.328 2120
-905.965 529.328 2120
-909.579 529.328 2120
-910.608 527.83 2114
-909.888 525.333 2104
-913.475 525.333 2104
-914.446 523.835 2098
-917.148 523.336 2096
-917.207 521.338 2088
-920.766 521.338 2088
-922.112 520.09 2083
-923.441 518.842 2078
-919.846 514.847 2062
-923.361 514.847 2062
-918.786 510.352 2044
-915.953 506.857 2030
-915.79 504.859 2022
-919.237 504.859 2022
-920.403 503.611 2017
-920.635 501.863 2010
-924.062 501.863 2010
-927.488 501.863 2010
-930.915 501.863 2010
-928.763 498.867 1998
-931.236 498.368 1996
-934.639 498.368 1996
-936.632 497.618 1993
-939.086 497.119 1991
-941.06 496.37 1988
-944.449 496.37 1988
-946.884 495.871 1986
-946.921 494.123 1979
-950.294 494.123 1979
-953.668 494.123 1979
-954.624 492.874 1974
-957.018 492.375 1972
-957.945 491.127 1967
-961.298 491.127 1967
-962.69 490.128 1963
-963.576 488.88 1958
-965.926 488.38 1956
-969.26 488.38 1956
-971.103 487.631 1953
-973.435 487.132 1951
-974.758 486.133 1947
-978.077 486.133 1947
-976.86 483.886 1938
-980.164 483.886 1938
-980.93 482.637 1933
-984.225 482.637 1933
-986.499 482.138 1931
-988.766 481.639 1929
-989.483 480.39 1924
-3.10955 122.997 496
-3.9551 122.997 496
-4.80066 122.997 496
-5.64621 122.997 496
-6.4525 122.253 493
-7.29294 122.253 493
-8.11688 122.005 492
-8.93742 121.757 491
-9.77445 121.757 491
-10.6115 121.757 491
-11.4485 121.757 491
-12.2855 121.757 491
-16.4707 121.757 491
-17.3077 121.757 491
-18.1448 121.757 491
-18.9818 121.757 491
-19.7785 121.509 490
-20.6138 121.509 490
-21.4491 121.509 490
-22.239 121.261 489
-21.8458 114.813 463
-22.6351 114.813 463
-23.4244 114.813 463
-24.2137 114.813 463
-25.003 114.813 463
-25.7923 114.813 463
-26.5816 114.813 463
-27.3118 114.565 462
-28.0994 114.565 462
-28.8245 114.317 461
-29.4819 113.821 459
-30.1984 113.573 458
-30.9116 113.325 457
-31.6906 113.325 457
-32.3986 113.078 456
-33.1033 112.83 455
-33.8045 112.582 454
-34.5784 112.582 454
-67.1132 108.862 439
-67.8616 108.862 439
-68.61 108.862 439
-69.3584 108.862 439
-70.1068 108.862 439
-70.8552 108.862 439
-71.6035 108.862 439
-72.3519 108.862 439
-73.1003 108.862 439
-73.8487 108.862 439
-74.767 109.11 440
-75.6887 109.358 441
-76.7872 109.854 443
-77.5424 109.854 443
-78.8278 110.598 446
-79.7666 110.846 447
-80.5286 110.846 447
-81.4725 111.094 448
-82.2362 111.094 448
-83.9263 112.334 453
-84.6985 112.334 453
-85.8482 112.83 455
-86.8142 113.078 456
-87.5916 113.078 456
-88.3689 113.078 456
-89.3418 113.325 457
-90.5153 113.821 459
-91.2977 113.821 459
-92.4814 114.317 461
-93.2673 114.317 461
-94.0532 114.317 461
-94.8391 114.317 461
-95.8324 114.565 462
-96.62 114.565 462
-97.4076 114.565 462
-98.4077 114.813 463
-99.197 114.813 463
-99.9863 114.813 463
-100.776 114.813 463
-101.565 114.813 463
-102.354 114.813 463
-103.144 114.813 463
-103.933 114.813 463
-104.948 115.061 464
-105.739 115.061 464
-106.76 115.309 465
-107.553 115.309 465
-108.345 115.309 465
-109.373 115.557 466
-110.167 115.557 466
-110.962 115.557 466
-111.516 115.309 465
-112.55 115.557 466
-113.345 115.557 466
-114.139 115.557 466
-743.556 528.439 2131
-748.942 529.679 2136
-756.459 532.407 2147
-760.119 532.407 2147
-765.914 533.895 2153
-770.299 534.391 2155
-773.973 534.391 2155
-777.646 534.391 2155
-781.32 534.391 2155
-788.272 536.622 2164
-791.961 536.622 2164
-795.65 536.622 2164
-803.403 539.35 2175
-809.337 540.838 2181
-814.173 541.582 2184
-817.897 541.582 2184
-824.629 543.566 2192
-828.366 543.566 2192
-832.103 543.566 2192
-835.84 543.566 2192
-834.214 540.094 2178
-832.541 536.622 2164
-836.23 536.622 2164
-839.919 536.622 2164
-844.778 537.366 2167
-848.472 537.366 2167
-852.166 537.366 2167
-855.86 537.366 2167
-859.555 537.366 2167
-860.859 535.878 2161
-864.543 535.878 2161
-868.227 535.878 2161
-869.49 534.391 2155
-872.353 533.895 2153
-876.837 534.391 2155
-880.511 534.391 2155
-887.877 536.622 2164
-891.566 536.622 2164
-895.255 536.622 2164
-898.944 536.622 2164
-894.291 531.663 2144
-892.502 528.439 2131
-896.134 528.439 2131
-898.5 527.695 2128
-900.857 526.951 2125
-902.351 525.711 2120
-905.965 525.711 2120
-908.292 524.967 2117
-911.901 524.967 2117
-909.888 521.744 2104
-913.475 521.744 2104
-915.754 521 2101
-914.96 518.52 2091
-917.207 517.776 2088
-920.766 517.776 2088
-922.112 516.536 2083
-923.441 515.296 2078
-919.846 511.329 2062
-923.361 511.329 2062
-918.786 506.865 2044
-915.953 503.393 2030
-915.79 501.41 2022
-919.237 501.41 2022
-920.403 500.17 2017
-920.635 498.434 2010
-924.062 498.434 2010
-927.488 498.434 2010
-929.988 497.938 2008
-928.763 495.458 1998
-931.236 494.962 1996
-934.639 494.962 1996
-936.632 494.218 1993
-937.671 492.978 1988
-940.113 492.482 1986
-943.499 492.482 1986
-945.931 491.986 1984
-946.921 490.747 1979
-950.294 490.747 1979
-953.668 490.747 1979
-954.624 489.507 1974
-957.018 489.011 1972
-957.945 487.771 1967
-961.298 487.771 1967
-962.69 486.779 1963
-963.576 485.539 1958
-965.926 485.043 1956
-969.26 485.043 1956
-971.103 484.299 1953
-973.435 483.803 1951
-974.758 482.811 1947
-978.077 482.811 1947
-976.86 480.579 1938
-980.164 480.579 1938
-980.93 479.34 1933
-984.225 479.34 1933
-986.499 478.844 1931
-988.766 478.348 1929
-989.483 477.108 1924
-3.10955 122.15 496
-3.9551 122.15 496
-4.80066 122.15 496
-5.63483 121.904 495
-6.4525 121.412 493
-7.29294 121.412 493
-8.11688 121.165 492
-8.93742 120.919 491
-9.77445 120.919 491
-10.6115 120.919 491
-11.4485 120.919 491
-12.2855 120.919 491
-16.4707 120.919 491
-17.3077 120.919 491
-18.1448 120.919 491
-18.9818 120.919 491
-19.7785 120.673 490
-20.6138 120.673 490
-21.4491 120.673 490
-22.239 120.426 489
-21.8458 114.023 463
-22.6351 114.023 463
-23.4244 114.023 463
-24.2137 114.023 463
-25.003 114.023 463
-25.7923 114.023 463
-26.5816 114.023 463
-27.3118 113.777 462
-28.0994 113.777 462
-28.8245 113.531 461
-29.4819 113.038 459
-30.1984 112.792 458
-30.9792 112.792 458
-31.76 112.792 458
-32.3986 112.3 456
-33.176 112.3 456
-33.8045 111.807 454
-34.5784 111.807 454
-67.1132 108.113 439
-67.8616 108.113 439
-68.61 108.113 439
-69.3584 108.113 439
-70.2665 108.359 440
-71.0166 108.359 440
-71.7667 108.359 440
-72.5167 108.359 440
-73.2668 108.359 440
-76.7872 109.098 443
-77.5424 109.098 443
-79.1813 110.329 448
-79.9451 110.329 448
-80.7088 110.329 448
-81.8362 110.822 450
-82.9705 111.314 452
-83.9263 111.561 453
-84.8855 111.807 454
-86.0368 112.3 456
-86.8142 112.3 456
-87.5916 112.3 456
-88.3689 112.3 456
-89.3418 112.546 457
-90.5153 113.038 459
-91.2977 113.038 459
-92.4814 113.531 461
-93.2673 113.531 461
-94.0532 113.531 461
-94.8391 113.531 461
-95.8324 113.777 462
-96.62 113.777 462
-97.4076 113.777 462
-98.4077 114.023 463
-99.197 114.023 463
-99.9863 114.023 463
-100.776 114.023 463
-101.565 114.023 463
-102.354 114.023 463
-103.144 114.023 463
-103.933 114.023 463
-104.948 114.27 464
-105.739 114.27 464
-106.76 114.516 465
-107.553 114.516 465
-108.345 114.516 465
-109.373 114.762 466
-110.167 114.762 466
-110.962 114.762 466
-111.516 114.516 465
-112.55 114.762 466
-113.345 114.762 466
-114.139 114.762 466
-736.981 525.296 2133
-740.618 525.296 2133
-744.254 525.296 2133
-748.942 526.035 2136
-756.459 528.744 2147
-760.119 528.744 2147
-765.914 530.221 2153
-769.584 530.221 2153
-773.254 530.221 2153
-776.925 530.221 2153
-779.507 529.482 2150
-784.265 530.221 2153
-791.961 532.93 2164
-795.65 532.93 2164
-800.448 533.669 2167
-809.337 537.117 2181
-814.173 537.856 2184
-817.897 537.856 2184
-824.629 539.826 2192
-828.366 539.826 2192
-832.103 539.826 2192
-835.84 539.826 2192
-833.065 535.639 2175
-832.541 532.93 2164
-836.23 532.93 2164
-839.919 532.93 2164
-844.778 533.669 2167
-848.472 533.669 2167
-852.166 533.669 2167
-855.86 533.669 2167
-859.555 533.669 2167
-860.859 532.191 2161
-864.543 532.191 2161
-868.227 532.191 2161
-869.49 530.714 2155
-873.163 530.714 2155
-878.058 531.453 2158
-881.737 531.453 2158
-889.108 533.669 2167
-892.802 533.669 2167
-896.496 533.669 2167
-900.191 533.669 2167
-894.291 528.005 2144
-892.502 524.803 2131
-896.134 524.803 2131
-898.5 524.065 2128
-900.857 523.326 2125
-902.351 522.094 2120
-905.965 522.094 2120
-909.579 522.094 2120
-911.901 521.356 2117
-912.05 519.385 2109
-915.645 519.385 2109
-917.061 518.154 2104
-914.96 514.952 2091
-917.207 514.214 2088
-920.766 514.214 2088
-922.998 513.475 2085
-924.33 512.243 2080
-919.846 507.811 2062
-923.361 507.811 2062
-918.786 503.378 2044
-915.953 499.93 2030
-915.79 497.96 2022
-919.237 497.96 2022
-920.403 496.728 2017
-919.719 494.512 2008
-923.142 494.512 2008
-926.565 494.512 2008
-928.599 493.773 2005
-928.763 492.049 1998
-929.836 490.818 1993
-933.234 490.818 1993
-935.692 490.325 1991
-936.727 489.094 1986
-939.166 488.601 1984
-942.549 488.601 1984
-944.5 487.863 1981
-946.921 487.37 1979
-947.893 486.139 1974
-951.259 486.139 1974
-953.656 485.646 1972
-954.592 484.415 1967
-957.945 484.415 1967
-961.298 484.415 1967
-962.69 483.43 1963
-963.576 482.198 1958
-965.926 481.706 1956
-969.26 481.706 1956
-971.103 480.967 1953
-973.435 480.475 1951
-974.758 479.49 1947
-978.077 479.49 1947
-976.86 477.273 1938
-980.164 477.273 1938
-980.93 476.042 1933
-984.225 476.042 1933
-986.499 475.549 1931
-988.766 475.057 1929
-989.483 473.825 1924
-3.10955 121.304 496
-3.9551 121.304 496
-4.80066 121.304 496
-5.63483 121.06 495
-6.4525 120.57 493
-7.29294 120.57 493
-8.10039 120.081 491
-8.93742 120.081 491
-9.77445 120.081 491
-10.5899 119.837 490
-11.4252 119.837 490
-12.2605 119.837 490
-13.0958 119.837 490
-13.9596 120.081 491
-14.7966 120.081 491
-15.6337 120.081 491
-16.4707 120.081 491
-17.3077 120.081 491
-18.1448 120.081 491
-18.9431 119.837 490
-19.7785 119.837 490
-20.6138 119.837 490
-21.4491 119.837 490
-22.2844 119.837 490
-21.8458 113.234 463
-22.6351 113.234 463
-23.4244 113.234 463
-24.2137 113.234 463
-25.003 113.234 463
-25.7923 113.234 463
-26.5816 113.234 463
-27.3118 112.989 462
-28.0994 112.989 462
-28.8245 112.744 461
-29.4819 112.255 459
-30.1984 112.011 458
-30.9792 112.011 458
-31.76 112.011 458
-32.3986 111.522 456
-33.176 111.522 456
-68.61 107.364 439
-69.3584 107.364 439
-70.2665 107.609 440
-71.0166 107.609 440
-71.7667 107.609 440
-72.5167 107.609 440
-73.2668 107.609 440
-79.3581 109.81 449
-80.1235 109.81 449
-80.8889 109.81 449
-82.0181 110.299 451
-83.154 110.788 453
-83.9263 110.788 453
-85.0725 111.277 455
-86.0368 111.522 456
-86.8142 111.522 456
-87.5916 111.522 456
-88.5627 111.766 457
-89.5373 112.011 458
-90.9097 112.744 461
-91.6955 112.744 461
-92.4814 112.744 461
-93.2673 112.744 461
-94.0532 112.744 461
-95.0448 112.989 462
-95.8324 112.989 462
-96.8291 113.234 463
-97.6184 113.234 463
-98.4077 113.234 463
-99.197 113.234 463
-100.202 113.478 464
-100.993 113.478 464
-101.784 113.478 464
-102.575 113.478 464
-103.366 113.478 464
-104.157 113.478 464
-104.948 113.478 464
-105.967 113.723 465
-107.219 114.212 467
-108.015 114.212 467
-108.811 114.212 467
-109.607 114.212 467
-110.404 114.212 467
-111.2 114.212 467
-111.516 113.723 465
-738.018 522.39 2136
-741.659 522.39 2136
-745.301 522.39 2136
-747.89 521.657 2133
-755.402 524.347 2144
-759.057 524.347 2144
-764.846 525.814 2150
-769.584 526.548 2153
-773.254 526.548 2153
-776.925 526.548 2153
-779.507 525.814 2150
-784.265 526.548 2153
-790.863 528.505 2161
-794.547 528.505 2161
-800.448 529.972 2167
-807.11 531.928 2175
-813.055 533.396 2181
-816.773 533.396 2181
-825.758 536.82 2195
-829.5 536.82 2195
-833.242 536.82 2195
-836.984 536.82 2195
-833.065 531.928 2175
-834.465 530.461 2169
-838.162 530.461 2169
-841.86 530.461 2169
-845.557 530.461 2169
-848.472 529.972 2167
-852.166 529.972 2167
-855.86 529.972 2167
-859.555 529.972 2167
-862.054 529.238 2164
-865.743 529.238 2164
-869.432 529.238 2164
-870.7 527.771 2158
-873.163 527.037 2155
-878.058 527.771 2158
-881.737 527.771 2158
-889.108 529.972 2167
-892.802 529.972 2167
-896.496 529.972 2167
-900.191 529.972 2167
-894.291 524.347 2144
-892.502 521.168 2131
-896.134 521.168 2131
-898.5 520.434 2128
-898.737 518.477 2120
-902.351 518.477 2120
-905.965 518.477 2120
-909.579 518.477 2120
-911.901 517.744 2117
-912.05 515.787 2109
-915.645 515.787 2109
-917.061 514.564 2104
-914.96 511.385 2091
-917.207 510.651 2088
-920.766 510.651 2088
-922.998 509.918 2085
-924.33 508.695 2080
-919.846 504.293 2062
-923.361 504.293 2062
-918.786 499.891 2044
-915.953 496.467 2030
-915.79 494.51 2022
-919.237 494.51 2022
-920.403 493.287 2017
-919.719 491.086 2008
-923.142 491.086 2008
-926.565 491.086 2008
-928.599 490.352 2005
-928.763 488.641 1998
-929.836 487.418 1993
-933.234 487.418 1993
-935.692 486.929 1991
-936.727 485.706 1986
-939.166 485.217 1984
-942.549 485.217 1984
-944.5 484.483 1981
-946.921 483.994 1979
-947.893 482.771 1974
-951.259 482.771 1974
-953.656 482.282 1972
-954.592 481.059 1967
-957.945 481.059 1967
-961.298 481.059 1967
-962.69 480.081 1963
-963.576 478.858 1958
-964.444 477.635 1953
-967.774 477.635 1953
-970.109 477.146 1951
-972.437 476.657 1949
-974.758 476.168 1947
-978.077 476.168 1947
-976.86 473.967 1938
-978.646 473.233 1935
-980.93 472.744 1933
-984.225 472.744 1933
-986.499 472.255 1931
-988.766 471.766 1929
-989.483 470.543 1924
-3.10955 120.458 496
-3.9551 120.458 496
-4.80066 120.458 496
-5.63483 120.215 495
-6.4525 119.729 493
-7.29294 119.729 493
-8.10039 119.244 491
-8.93742 119.244 491
-9.77445 119.244 491
-10.5899 119.001 490
-11.4252 119.001 490
-12.2605 119.001 490
-13.0958 119.001 490
-13.9596 119.244 491
-14.7966 119.244 491
-15.6337 119.244 491
-16.4707 119.244 491
-17.3077 119.244 491
-19.7785 119.001 490
-20.6138 119.001 490
-21.4491 119.001 490
-22.2844 119.001 490
-21.8458 112.444 463
-22.6351 112.444 463
-23.4244 112.444 463
-24.2137 112.444 463
-25.003 112.444 463
-25.7923 112.444 463
-26.5816 112.444 463
-27.3118 112.201 462
-28.0994 112.201 462
-28.8245 111.958 461
-29.4819 111.472 459
-30.1984 111.229 458
-30.9792 111.229 458
-31.76 111.229 458
-32.4697 110.986 457
-33.176 110.744 456
-68.61 106.615 439
-69.3584 106.615 439
-70.2665 106.858 440
-71.0166 106.858 440
-72.9084 108.558 447
-73.6704 108.558 447
-74.4324 108.558 447
-75.1945 108.558 447
-78.7677 109.286 450
-79.7116 109.529 451
-80.4804 109.529 451
-81.2492 109.529 451
-82.0181 109.529 451
-83.5212 110.501 455
-84.2968 110.501 455
-85.2595 110.744 456
-86.0368 110.744 456
-87.0046 110.986 457
-87.7836 110.986 457
-88.7565 111.229 458
-90.1238 111.958 461
-90.9097 111.958 461
-92.0934 112.444 463
-92.8827 112.444 463
-93.672 112.444 463
-94.4613 112.444 463
-95.2505 112.444 463
-96.0398 112.444 463
-96.8291 112.444 463
-97.6184 112.444 463
-98.4077 112.444 463
-99.4113 112.686 464
-100.202 112.686 464
-100.993 112.686 464
-102.004 112.929 465
-102.796 112.929 465
-103.589 112.929 465
-104.157 112.686 464
-105.174 112.929 465
-106.423 113.415 467
-107.449 113.658 468
-108.246 113.658 468
-109.044 113.658 468
-109.842 113.658 468
-110.64 113.658 468
-111.2 113.415 467
-738.018 518.746 2136
-741.659 518.746 2136
-745.301 518.746 2136
-747.89 518.018 2133
-755.402 520.689 2144
-759.057 520.689 2144
-764.846 522.146 2150
-769.584 522.875 2153
-773.254 522.875 2153
-776.925 522.875 2153
-777.332 520.689 2144
-782.08 521.418 2147
-788.668 523.361 2155
-792.341 523.361 2155
-800.448 526.275 2167
-804.884 526.761 2169
-813.055 529.675 2181
-816.773 529.675 2181
-825.758 533.075 2195
-829.5 533.075 2195
-833.242 533.075 2195
-836.984 533.075 2195
-833.065 528.218 2175
-835.619 527.489 2172
-839.322 527.489 2172
-841.86 526.761 2169
-845.557 526.761 2169
-849.255 526.761 2169
-852.953 526.761 2169
-856.65 526.761 2169
-859.555 526.275 2167
-863.249 526.275 2167
-866.943 526.275 2167
-870.637 526.275 2167
-871.911 524.818 2161
-874.379 524.089 2158
-881.72 526.275 2167
-885.414 526.275 2167
-891.16 527.489 2172
-894.862 527.489 2172
-898.565 527.489 2172
-902.268 527.489 2172
-895.543 521.418 2147
-894.596 518.746 2136
-898.237 518.746 2136
-899.767 517.532 2131
-902.128 516.803 2128
-902.351 514.86 2120
-905.965 514.86 2120
-909.579 514.86 2120
-911.901 514.132 2117
-914.212 513.403 2114
-917.816 513.403 2114
-917.933 511.46 2106
-918.023 509.518 2098
-918.524 507.818 2091
-922.089 507.818 2091
-924.326 507.089 2088
-926.552 506.36 2085
-922.077 501.989 2067
-925.6 501.989 2067
-920.134 497.132 2047
-915.953 493.003 2030
-914.885 490.575 2020
-918.328 490.575 2020
-920.403 489.846 2017
-918.345 486.932 2005
-921.763 486.932 2005
-925.181 486.932 2005
-926.283 485.717 2000
-928.763 485.232 1998
-928.903 483.532 1991
-932.297 483.532 1991
-933.342 482.317 1986
-935.784 481.832 1984
-936.799 480.617 1979
-940.173 480.617 1979
-943.547 480.617 1979
-944.528 479.403 1974
-946.933 478.917 1972
-950.295 478.917 1972
-951.238 477.703 1967
-954.592 477.703 1967
-955.997 476.732 1963
-959.343 476.732 1963
-961.219 476.003 1960
-961.115 474.303 1953
-964.444 474.303 1953
-967.774 474.303 1953
-970.109 473.817 1951
-972.437 473.332 1949
-974.758 472.846 1947
-978.077 472.846 1947
-976.86 470.66 1938
-978.646 469.932 1935
-980.93 469.446 1933
-984.225 469.446 1933
-986.499 468.96 1931
-988.766 468.474 1929
-989.483 467.26 1924
-3.10328 119.371 495
-3.94713 119.371 495
-4.79098 119.371 495
-5.62344 119.129 494
-6.43941 118.647 492
-7.27815 118.647 492
-8.10039 118.406 491
-8.91922 118.165 490
-9.75454 118.165 490
-10.5899 118.165 490
-11.4252 118.165 490
-12.2605 118.165 490
-13.0958 118.165 490
-13.9596 118.406 491
-14.7966 118.406 491
-15.6337 118.406 491
-16.4707 118.406 491
-17.3077 118.406 491
-19.7785 118.165 490
-20.6138 118.165 490
-21.4491 118.165 490
-22.2844 118.165 490
-21.8458 111.654 463
-22.6351 111.654 463
-23.4244 111.654 463
-24.2137 111.654 463
-25.003 111.654 463
-25.7923 111.654 463
-26.5816 111.654 463
-27.3118 111.413 462
-28.0994 111.413 462
-28.8245 111.171 461
-29.4819 110.689 459
-30.1984 110.448 458
-30.9792 110.448 458
-31.76 110.448 458
-32.4697 110.207 457
-33.2488 110.207 457
-34.0278 110.207 457
-70.2665 106.107 440
-71.0166 106.107 440
-72.9084 107.795 447
-73.6704 107.795 447
-74.4324 107.795 447
-75.1945 107.795 447
-78.7677 108.519 450
-79.7116 108.76 451
-80.4804 108.76 451
-81.2492 108.76 451
-82.0181 108.76 451
-83.5212 109.724 455
-84.2968 109.724 455
-85.2595 109.966 456
-86.0368 109.966 456
-87.0046 110.207 457
-87.7836 110.207 457
-89.3379 111.171 461
-90.5148 111.654 463
-91.3041 111.654 463
-92.0934 111.654 463
-92.8827 111.654 463
-93.672 111.654 463
-94.4613 111.654 463
-95.2505 111.654 463
-96.2473 111.895 464
-97.0383 111.895 464
-97.8293 111.895 464
-98.6203 111.895 464
-99.4113 111.895 464
-100.418 112.136 465
-101.211 112.136 465
-102.004 112.136 465
-102.796 112.136 465
-103.589 112.136 465
-104.382 112.136 465
-105.627 112.618 467
-106.651 112.859 468
-107.678 113.101 469
-108.478 113.101 469
-109.277 113.101 469
-110.077 113.101 469
-110.876 113.101 469
-111.2 112.618 467
-738.018 515.102 2136
-741.659 515.102 2136
-745.301 515.102 2136
-747.189 513.896 2131
-754.697 516.549 2142
-758.349 516.549 2142
-762.712 517.031 2144
-767.439 517.755 2147
-771.099 517.755 2147
-774.759 517.755 2147
-777.332 517.031 2144
-782.08 517.755 2147
-788.668 519.684 2155
-792.341 519.684 2155
-800.448 522.578 2167
-804.884 523.06 2169
-813.055 525.954 2181
-816.773 525.954 2181
-825.758 529.33 2195
-829.5 529.33 2195
-833.242 529.33 2195
-836.984 529.33 2195
-833.065 524.507 2175
-835.619 523.783 2172
-839.322 523.783 2172
-843.024 523.783 2172
-846.727 523.783 2172
-850.43 523.783 2172
-854.132 523.783 2172
-857.835 523.783 2172
-860.348 523.06 2169
-863.249 522.578 2167
-866.943 522.578 2167
-870.637 522.578 2167
-874.331 522.578 2167
-878.026 522.578 2167
-884.975 524.507 2175
-888.683 524.507 2175
-893.621 525.23 2178
-897.334 525.23 2178
-901.047 525.23 2178
-904.76 525.23 2178
-898.88 519.684 2155
-899.203 517.755 2147
-902.863 517.755 2147
-901.878 515.102 2136
-902.128 513.173 2128
-907.033 513.896 2131
-910.666 513.896 2131
-914.299 513.896 2131
-915.347 512.449 2125
-916.807 511.243 2120
-920.421 511.243 2120
-920.548 509.314 2112
-920.648 507.385 2104
-921.599 505.938 2098
-925.176 505.938 2098
-925.654 504.25 2091
-927.885 503.527 2088
-922.077 498.462 2067
-925.6 498.462 2067
-920.134 493.639 2047
-915.953 489.54 2030
-914.885 487.128 2020
-918.328 487.128 2020
-919.49 485.923 2015
-916.055 482.305 2000
-919.464 482.305 2000
-922.874 482.305 2000
-925.357 481.823 1998
-927.833 481.341 1996
-927.504 479.411 1988
-930.893 479.411 1988
-932.402 478.447 1984
-933.426 477.241 1979
-935.853 476.759 1977
-939.223 476.759 1977
-940.209 475.553 1972
-943.571 475.553 1972
-944.532 474.347 1967
-947.885 474.347 1967
-950.271 473.865 1965
-951.195 472.659 1960
-954.536 472.659 1960
-957.877 472.659 1960
-960.238 472.177 1958
-960.131 470.489 1951
-962.469 470.006 1949
-965.792 470.006 1949
-969.114 470.006 1949
-971.439 469.524 1947
-971.253 467.836 1940
-974.561 467.836 1940
-976.86 467.354 1938
-978.646 466.63 1935
-980.93 466.148 1933
-984.225 466.148 1933
-986.499 465.666 1931
-987.228 464.46 1926
-987.425 463.013 1920
-3.09701 118.287 494
-3.93915 118.287 494
-4.7813 118.287 494
-5.62344 118.287 494
-6.43941 117.808 492
-7.27815 117.808 492
-8.10039 117.568 491
-8.91922 117.329 490
-9.75454 117.329 490
-10.5899 117.329 490
-11.4252 117.329 490
-12.2605 117.329 490
-13.0958 117.329 490
-13.9596 117.568 491
-14.7966 117.568 491
-15.6337 117.568 491
-21.0565 110.864 463
-21.8458 110.864 463
-22.6351 110.864 463
-23.4244 110.864 463
-24.2137 110.864 463
-25.003 110.864 463
-25.7923 110.864 463
-26.5242 110.624 462
-27.2527 110.385 461
-28.0386 110.385 461
-28.7619 110.145 460
-29.4819 109.906 459
-30.2644 109.906 459
-31.0468 109.906 459
-31.76 109.666 458
-32.4697 109.427 457
-33.2488 109.427 457
-34.0278 109.427 457
-72.9084 107.033 447
-73.6704 107.033 447
-74.4324 107.033 447
-75.1945 107.033 447
-78.9427 107.99 451
-79.7116 107.99 451
-80.4804 107.99 451
-81.2492 107.99 451
-82.0181 107.99 451
-83.5212 108.948 455
-84.2968 108.948 455
-85.2595 109.188 456
-86.2255 109.427 457
-87.5757 110.145 460
-88.3599 110.145 460
-89.3379 110.385 461
-90.5148 110.864 463
-91.3041 110.864 463
-92.0934 110.864 463
-92.8827 110.864 463
-93.672 110.864 463
-94.4613 110.864 463
-95.2505 110.864 463
-96.2473 111.103 464
-97.0383 111.103 464
-97.8293 111.103 464
-98.6203 111.103 464
-99.4113 111.103 464
-100.418 111.343 465
-101.211 111.343 465
-102.004 111.343 465
-102.796 111.343 465
-103.589 111.343 465
-104.382 111.343 465
-105.627 111.822 467
-106.651 112.061 468
-107.678 112.3 469
-108.478 112.3 469
-109.277 112.3 469
-110.077 112.3 469
-110.876 112.3 469
-735.254 509.542 2128
-738.882 509.542 2128
-742.509 509.542 2128
-746.137 509.542 2128
-749.765 509.542 2128
-752.33 508.824 2125
-762 512.894 2142
-766.367 513.373 2144
-770.022 513.373 2144
-773.677 513.373 2144
-775.519 512.176 2139
-779.166 512.176 2139
-784.642 513.373 2144
-788.297 513.373 2144
-797.123 516.726 2158
-801.915 517.444 2161
-810.818 520.796 2175
-814.526 520.796 2175
-825.758 525.585 2195
-829.5 525.585 2195
-833.242 525.585 2195
-836.984 525.585 2195
-833.065 520.796 2175
-835.619 520.078 2172
-839.322 520.078 2172
-843.024 520.078 2172
-846.727 520.078 2172
-850.43 520.078 2172
-854.132 520.078 2172
-857.835 520.078 2172
-860.348 519.359 2169
-863.249 518.881 2167
-866.943 518.881 2167
-870.637 518.881 2167
-874.331 518.881 2167
-881.267 520.796 2175
-884.975 520.796 2175
-893.177 523.43 2186
-900.596 525.585 2195
-904.338 525.585 2195
-908.08 525.585 2195
-907.253 522.951 2184
-904.719 519.359 2169
-908.417 519.359 2169
-905.386 515.528 2153
-904.412 512.894 2142
-905.52 511.458 2136
-907.033 510.261 2131
-910.666 510.261 2131
-914.299 510.261 2131
-917.931 510.261 2131
-918.969 508.824 2125
-922.592 508.824 2125
-922.728 506.908 2117
-920.648 503.795 2104
-922.917 503.077 2101
-926.499 503.077 2101
-928.752 502.359 2098
-927.885 499.964 2088
-922.077 494.936 2067
-925.6 494.936 2067
-920.134 490.147 2047
-913.697 484.879 2025
-913.526 482.964 2017
-916.964 482.964 2017
-917.209 481.287 2010
-915.139 478.414 1998
-917.625 477.935 1996
-921.028 477.935 1996
-924.431 477.935 1996
-924.115 476.02 1988
-926.571 475.541 1986
-929.956 475.541 1986
-930.992 474.344 1981
-932.482 473.386 1977
-934.433 472.667 1974
-937.798 472.667 1974
-940.209 472.189 1972
-941.179 470.991 1967
-943.572 470.512 1965
-946.921 470.512 1965
-947.853 469.315 1960
-951.195 469.315 1960
-953.562 468.836 1958
-956.9 468.836 1958
-959.257 468.357 1956
-959.146 466.681 1949
-962.469 466.681 1949
-965.792 466.681 1949
-968.12 466.202 1947
-971.439 466.202 1947
-972.255 465.005 1942
-975.565 465.005 1942
-977.868 464.526 1940
-980.164 464.047 1938
-981.945 463.329 1935
-985.244 463.329 1935
-985.477 461.892 1929
-987.228 461.174 1926
-988.454 460.216 1922
-3.09701 117.444 494
-3.93915 117.444 494
-4.7813 117.444 494
-5.62344 117.444 494
-6.4525 117.206 493
-7.29294 117.206 493
-8.10039 116.731 491
-8.91922 116.493 490
-9.75454 116.493 490
-10.5899 116.493 490
-11.4252 116.493 490
-12.2605 116.493 490
-13.0958 116.493 490
-13.9312 116.493 490
-14.7665 116.493 490
-21.0565 110.074 463
-21.8458 110.074 463
-22.6351 110.074 463
-23.4244 110.074 463
-24.2137 110.074 463
-25.003 110.074 463
-25.7923 110.074 463
-26.5816 110.074 463
-27.3118 109.836 462
-28.0994 109.836 462
-28.7619 109.361 460
-29.5461 109.361 460
-30.2644 109.123 459
-31.0468 109.123 459
-31.76 108.885 458
-32.4697 108.647 457
-33.2488 108.647 457
-34.0278 108.647 457
-73.6704 106.27 447
-74.4324 106.27 447
-75.1945 106.27 447
-78.9427 107.221 451
-80.4185 108.172 455
-81.1942 108.172 455
-82.15 108.41 456
-82.9274 108.41 456
-84.6225 109.598 461
-85.4084 109.598 461
-86.1943 109.598 461
-86.9802 109.598 461
-87.7661 109.598 461
-88.7441 109.836 462
-89.7255 110.074 463
-90.7103 110.312 464
-91.5013 110.312 464
-92.2923 110.312 464
-93.0833 110.312 464
-93.8743 110.312 464
-94.6653 110.312 464
-95.4563 110.312 464
-96.2473 110.312 464
-97.0383 110.312 464
-97.8293 110.312 464
-98.6203 110.312 464
-99.6255 110.549 465
-100.418 110.549 465
-101.211 110.549 465
-102.004 110.549 465
-102.796 110.549 465
-103.812 110.787 466
-104.606 110.787 466
-105.853 111.263 468
-106.879 111.5 469
-107.678 111.5 469
-108.478 111.5 469
-109.51 111.738 470
-110.312 111.738 470
-111.113 111.738 470
-734.217 505.198 2125
-737.84 505.198 2125
-741.463 505.198 2125
-745.085 505.198 2125
-748.708 505.198 2125
-764.58 508.527 2139
-768.226 508.527 2139
-771.873 508.527 2139
-775.519 508.527 2139
-779.166 508.527 2139
-783.91 509.24 2142
-787.562 509.24 2142
-795.276 511.855 2153
-800.802 513.044 2158
-807.836 515.183 2167
-811.53 515.183 2167
-821.62 519.225 2184
-825.343 519.225 2184
-829.066 519.225 2184
-832.789 519.225 2184
-831.916 516.372 2172
-835.619 516.372 2172
-839.322 516.372 2172
-843.024 516.372 2172
-846.727 516.372 2172
-853.954 518.512 2181
-857.672 518.512 2181
-861.39 518.512 2181
-862.728 517.085 2175
-866.436 517.085 2175
-870.143 517.085 2175
-873.851 517.085 2175
-875.138 515.659 2169
-881.267 517.085 2175
-884.975 517.085 2175
-893.177 519.701 2186
-900.596 521.84 2195
-904.338 521.84 2195
-908.08 521.84 2195
-907.253 519.225 2184
-904.719 515.659 2169
-908.417 515.659 2169
-905.386 511.855 2153
-904.412 509.24 2142
-905.52 507.813 2136
-907.033 506.625 2131
-910.666 506.625 2131
-914.299 506.625 2131
-917.931 506.625 2131
-918.969 505.198 2125
-922.592 505.198 2125
-922.728 503.296 2117
-920.648 500.206 2104
-922.917 499.493 2101
-926.499 499.493 2101
-928.752 498.779 2098
-927.885 496.402 2088
-922.077 491.409 2067
-925.6 491.409 2067
-920.134 486.655 2047
-913.697 481.424 2025
-913.526 479.522 2017
-916.964 479.522 2017
-917.209 477.858 2010
-915.139 475.005 1998
-917.625 474.53 1996
-921.028 474.53 1996
-924.431 474.53 1996
-924.115 472.628 1988
-926.571 472.152 1986
-929.956 472.152 1986
-930.992 470.964 1981
-932.482 470.013 1977
-934.433 469.3 1974
-937.798 469.3 1974
-940.209 468.824 1972
-941.179 467.635 1967
-943.572 467.16 1965
-946.921 467.16 1965
-947.853 465.971 1960
-951.195 465.971 1960
-953.562 465.496 1958
-956.9 465.496 1958
-959.257 465.02 1956
-959.146 463.356 1949
-962.469 463.356 1949
-965.792 463.356 1949
-968.12 462.881 1947
-971.439 462.881 1947
-972.255 461.692 1942
-975.565 461.692 1942
-977.868 461.216 1940
-981.175 461.216 1940
-981.945 460.028 1935
-985.244 460.028 1935
-985.477 458.601 1929
-988.766 458.601 1929
-988.454 456.937 1922
-3.09701 116.601 494
-3.93915 116.601 494
-4.7813 116.601 494
-5.62344 116.601 494
-6.4525 116.365 493
-7.29294 116.365 493
-8.10039 115.893 491
-8.91922 115.657 490
-9.75454 115.657 490
-10.5899 115.657 490
-11.4252 115.657 490
-12.2605 115.657 490
-13.0958 115.657 490
-13.9312 115.657 490
-14.7665 115.657 490
-20.311 109.52 464
-21.102 109.52 464
-21.893 109.52 464
-22.684 109.52 464
-23.475 109.52 464
-24.2137 109.284 463
-25.003 109.284 463
-25.7923 109.284 463
-26.5816 109.284 463
-27.3118 109.048 462
-28.0994 109.048 462
-28.8245 108.812 461
-29.5461 108.576 460
-30.2644 108.34 459
-31.0468 108.34 459
-31.8293 108.34 459
-32.4697 107.868 457
-33.2488 107.868 457
-34.0278 107.868 457
-73.6704 105.507 447
-74.4324 105.507 447
-75.1945 105.507 447
-78.9427 106.451 451
-80.772 107.868 457
-81.5511 107.868 457
-82.5103 108.104 458
-84.2004 109.284 463
-84.9897 109.284 463
-85.779 109.284 463
-86.5683 109.284 463
-87.3576 109.284 463
-87.9565 109.048 462
-88.9362 109.284 463
-89.9193 109.52 464
-90.7103 109.52 464
-91.5013 109.52 464
-92.2923 109.52 464
-93.0833 109.52 464
-93.8743 109.52 464
-94.6653 109.52 464
-95.4563 109.52 464
-96.2473 109.52 464
-97.0383 109.52 464
-97.8293 109.52 464
-98.8328 109.756 465
-99.6255 109.756 465
-100.418 109.756 465
-101.211 109.756 465
-102.223 109.992 466
-103.017 109.992 466
-104.035 110.228 467
-104.831 110.228 467
-106.079 110.7 469
-106.879 110.7 469
-107.678 110.7 469
-108.478 110.7 469
-109.51 110.936 470
-110.312 110.936 470
-111.113 110.936 470
-734.217 501.573 2125
-737.84 501.573 2125
-741.463 501.573 2125
-745.085 501.573 2125
-748.708 501.573 2125
-764.58 504.877 2139
-768.226 504.877 2139
-771.873 504.877 2139
-774.431 504.169 2136
-776.98 503.461 2133
-781.714 504.169 2136
-785.355 504.169 2136
-790.105 504.877 2139
-795.607 506.058 2144
-804.481 509.362 2158
-808.16 509.362 2158
-814.096 510.778 2164
-820.808 512.667 2172
-824.511 512.667 2172
-828.213 512.667 2172
-828.852 510.778 2164
-832.541 510.778 2164
-839.322 512.667 2172
-843.024 512.667 2172
-851.405 515.499 2184
-855.128 515.499 2184
-858.851 515.499 2184
-862.575 515.499 2184
-866.298 515.499 2184
-870.021 515.499 2184
-873.744 515.499 2184
-876.262 514.791 2181
-879.98 514.791 2181
-884.914 515.499 2184
-888.637 515.499 2184
-895.629 517.387 2192
-900.596 518.095 2195
-904.338 518.095 2195
-908.08 518.095 2195
-910.576 517.387 2192
-904.719 511.958 2169
-908.417 511.958 2169
-906.227 508.654 2155
-904.412 505.585 2142
-905.52 504.169 2136
-907.033 502.989 2131
-910.666 502.989 2131
-914.299 502.989 2131
-917.931 502.989 2131
-920.267 502.281 2128
-923.894 502.281 2128
-924.907 500.865 2122
-922.836 497.796 2109
-922.917 495.908 2101
-926.499 495.908 2101
-930.081 495.908 2101
-929.218 493.548 2091
-921.184 487.411 2065
-924.705 487.411 2065
-918.786 482.454 2044
-912.343 477.261 2022
-913.526 476.081 2017
-916.964 476.081 2017
-917.209 474.429 2010
-914.223 471.124 1996
-917.625 471.124 1996
-921.028 471.124 1996
-923.041 470.416 1993
-924.115 469.236 1988
-924.238 467.584 1981
-927.615 467.584 1981
-930.992 467.584 1981
-932.482 466.64 1977
-933.486 465.46 1972
-936.848 465.46 1972
-939.256 464.988 1970
-940.222 463.807 1965
-942.611 463.335 1963
-945.958 463.335 1963
-947.853 462.627 1960
-950.224 462.155 1958
-952.588 461.683 1956
-955.922 461.683 1956
-957.786 460.975 1953
-959.146 460.031 1949
-962.469 460.031 1949
-965.792 460.031 1949
-968.12 459.559 1947
-971.439 459.559 1947
-972.255 458.379 1942
-975.565 458.379 1942
-977.868 457.907 1940
-981.175 457.907 1940
-981.945 456.726 1935
-985.244 456.726 1935
-985.477 455.31 1929
-988.766 455.31 1929
-988.454 453.658 1922
-3.09701 115.758 494
-3.93915 115.758 494
-4.7813 115.758 494
-5.62344 115.758 494
-6.4525 115.524 493
-7.29294 115.524 493
-8.10039 115.055 491
-8.91922 114.821 490
-9.75454 114.821 490
-10.5899 114.821 490
-11.4252 114.821 490
-12.2605 114.821 490
-13.0958 114.821 490
-13.9312 114.821 490
-14.7665 114.821 490
-20.311 108.728 464
-21.102 108.728 464
-21.893 108.728 464
-22.684 108.728 464
-23.475 108.728 464
-24.266 108.728 464
-25.057 108.728 464
-25.7923 108.494 463
-26.5816 108.494 463
-27.3118 108.26 462
-28.0994 108.26 462
-28.8245 108.025 461
-29.5461 107.791 460
-30.2644 107.557 459
-31.0468 107.557 459
-31.8293 107.557 459
-32.4697 107.088 457
-33.2488 107.088 457
-34.0278 107.088 457
-34.8069 107.088 457
-78.9427 105.682 451
-80.772 107.088 457
-81.5511 107.088 457
-82.5103 107.322 458
-84.2004 108.494 463
-84.9897 108.494 463
-85.779 108.494 463
-86.5683 108.494 463
-87.3576 108.494 463
-87.9565 108.26 462
-88.9362 108.494 463
-89.9193 108.728 464
-90.7103 108.728 464
-91.5013 108.728 464
-92.2923 108.728 464
-93.0833 108.728 464
-93.8743 108.728 464
-94.6653 108.728 464
-95.4563 108.728 464
-96.4547 108.963 465
-97.2474 108.963 465
-98.0401 108.963 465
-98.8328 108.963 465
-99.6255 108.963 465
-100.634 109.197 466
-101.429 109.197 466
-102.223 109.197 466
-103.017 109.197 466
-104.035 109.431 467
-104.831 109.431 467
-106.079 109.9 469
-107.107 110.134 470
-107.908 110.134 470
-108.709 110.134 470
-109.51 110.134 470
-110.312 110.134 470
-111.113 110.134 470
-729.726 494.901 2112
-733.326 494.901 2112
-736.927 494.901 2112
-740.527 494.901 2112
-744.127 494.901 2112
-760.648 498.65 2128
-765.353 499.353 2131
-768.986 499.353 2131
-773.344 499.822 2133
-776.98 499.822 2133
-781.714 500.525 2136
-785.355 500.525 2136
-790.105 501.228 2139
-795.607 502.4 2144
-804.481 505.68 2158
-808.16 505.68 2158
-814.096 507.086 2164
-820.808 508.961 2172
-824.511 508.961 2172
-828.213 508.961 2172
-828.852 507.086 2164
-832.541 507.086 2164
-839.322 508.961 2172
-843.024 508.961 2172
-851.405 511.773 2184
-855.911 512.241 2186
-859.638 512.241 2186
-864.549 512.944 2189
-868.281 512.944 2189
-873.208 513.647 2192
-876.945 513.647 2192
-880.681 513.647 2192
-881.997 512.241 2186
-888.155 513.647 2192
-891.892 513.647 2192
-901.758 517.162 2207
-907.982 518.568 2213
-911.754 518.568 2213
-915.527 518.568 2213
-910.576 513.647 2192
-910.976 511.773 2184
-914.699 511.773 2184
-907.488 505.68 2158
-904.412 501.931 2142
-902.128 498.65 2128
-907.033 499.353 2131
-910.666 499.353 2131
-915.157 499.822 2133
-918.793 499.822 2133
-922.429 499.822 2133
-923.894 498.65 2128
-924.907 497.244 2122
-922.836 494.198 2109
-922.917 492.324 2101
-926.499 492.324 2101
-930.081 492.324 2101
-929.218 489.98 2091
-921.184 483.888 2065
-924.705 483.888 2065
-918.786 478.967 2044
-911.441 473.343 2020
-913.526 472.64 2017
-916.964 472.64 2017
-917.209 471 2010
-914.223 467.719 1996
-916.246 467.016 1993
-919.644 467.016 1993
-922.115 466.547 1991
-923.185 465.376 1986
-924.238 464.204 1981
-927.615 464.204 1981
-929.112 463.267 1977
-930.124 462.095 1972
-932.539 461.627 1970
-935.897 461.627 1970
-937.826 460.924 1967
-940.222 460.455 1965
-940.21 458.815 1958
-943.548 458.815 1958
-946.886 458.815 1958
-949.253 458.346 1956
-951.127 457.643 1953
-954.456 457.643 1953
-955.824 456.706 1949
-959.146 456.706 1949
-961.481 456.237 1947
-964.8 456.237 1947
-966.628 455.534 1944
-969.942 455.534 1944
-972.255 455.065 1942
-975.565 455.065 1942
-977.868 454.597 1940
-981.175 454.597 1940
-981.945 453.425 1935
-985.244 453.425 1935
-985.477 452.019 1929
-988.766 452.019 1929
-988.454 450.379 1922
-3.09701 114.915 494
-3.93915 114.915 494
-4.7813 114.915 494
-5.62344 114.915 494
-6.4525 114.683 493
-7.29294 114.683 493
-8.10039 114.217 491
-8.91922 113.985 490
-9.75454 113.985 490
-10.5899 113.985 490
-11.4252 113.985 490
-12.2605 113.985 490
-13.0958 113.985 490
-13.9312 113.985 490
-14.7665 113.985 490
-20.311 107.937 464
-21.102 107.937 464
-21.893 107.937 464
-22.684 107.937 464
-23.475 107.937 464
-24.266 107.937 464
-25.057 107.937 464
-25.7923 107.704 463
-26.5816 107.704 463
-27.3118 107.471 462
-28.0994 107.471 462
-28.8245 107.239 461
-29.5461 107.006 460
-30.2644 106.774 459
-31.0468 106.774 459
-31.8293 106.774 459
-32.4697 106.308 457
-33.2488 106.308 457
-34.0278 106.308 457
-34.8069 106.308 457
-80.772 106.308 457
-81.5511 106.308 457
-82.5103 106.541 458
-84.2004 107.704 463
-84.9897 107.704 463
-85.779 107.704 463
-86.5683 107.704 463
-87.3576 107.704 463
-88.1469 107.704 463
-88.9362 107.704 463
-89.9193 107.937 464
-90.7103 107.937 464
-91.5013 107.937 464
-92.2923 107.937 464
-93.0833 107.937 464
-93.8743 107.937 464
-94.6653 107.937 464
-95.4563 107.937 464
-96.4547 108.169 465
-97.2474 108.169 465
-98.0401 108.169 465
-98.8328 108.169 465
-99.6255 108.169 465
-100.634 108.402 466
-101.429 108.402 466
-102.223 108.402 466
-103.017 108.402 466
-104.035 108.635 467
-104.831 108.635 467
-106.079 109.1 469
-107.107 109.332 470
-107.908 109.332 470
-108.709 109.332 470
-109.277 109.1 469
-110.077 109.1 469
-110.876 109.1 469
-729.726 491.298 2112
-733.326 491.298 2112
-736.927 491.298 2112
-740.527 491.298 2112
-744.127 491.298 2112
-763.198 494.322 2125
-766.821 494.322 2125
-770.443 494.322 2125
-772.245 493.159 2120
-776.591 493.624 2122
-780.208 493.624 2122
-787.889 496.183 2133
-793.751 497.579 2139
-802.617 500.835 2153
-806.287 500.835 2153
-814.096 503.394 2164
-817.785 503.394 2164
-821.474 503.394 2164
-825.163 503.394 2164
-826.554 501.998 2158
-831.387 502.696 2161
-839.322 505.255 2172
-843.024 505.255 2172
-851.405 508.047 2184
-855.911 508.512 2186
-859.638 508.512 2186
-864.549 509.21 2189
-868.281 509.21 2189
-873.208 509.908 2192
-876.945 509.908 2192
-880.681 509.908 2192
-881.997 508.512 2186
-889.371 510.605 2195
-893.112 510.605 2195
-906.252 515.956 2218
-914.957 518.747 2230
-918.758 518.747 2230
-922.56 518.747 2230
-910.576 509.908 2192
-911.81 508.512 2186
-915.537 508.512 2186
-907.488 501.998 2158
-904.412 498.277 2142
-902.128 495.02 2128
-907.033 495.718 2131
-910.666 495.718 2131
-915.157 496.183 2133
-918.793 496.183 2133
-922.429 496.183 2133
-926.065 496.183 2133
-924.907 493.624 2122
-922.836 490.6 2109
-925.114 489.902 2106
-928.704 489.902 2106
-932.294 489.902 2106
-929.218 486.413 2091
-921.184 480.365 2065
-924.705 480.365 2065
-918.786 475.48 2044
-911.441 469.897 2020
-911.261 468.036 2012
-914.691 468.036 2012
-914.014 465.942 2003
-912.849 463.616 1993
-913.028 461.987 1986
-916.414 461.987 1986
-917.484 460.824 1981
-919.001 459.894 1977
-920.039 458.731 1972
-923.401 458.731 1972
-926.762 458.731 1972
-929.181 458.266 1970
-931.119 457.568 1967
-934.472 457.568 1967
-936.872 457.102 1965
-937.829 455.939 1960
-939.25 455.009 1956
-942.584 455.009 1956
-945.919 455.009 1956
-947.797 454.311 1953
-951.127 454.311 1953
-954.456 454.311 1953
-955.824 453.38 1949
-958.162 452.915 1947
-960 452.217 1944
-963.314 452.217 1944
-966.628 452.217 1944
-969.942 452.217 1944
-971.253 451.287 1940
-974.561 451.287 1940
-977.868 451.287 1940
-980.164 450.822 1938
-981.945 450.124 1935
-985.244 450.124 1935
-985.477 448.728 1929
-986.203 447.565 1924
-988.454 447.1 1922
-3.09074 113.842 493
-3.93118 113.842 493
-4.77162 113.842 493
-5.61206 113.842 493
-6.43941 113.611 492
-7.27815 113.611 492
-8.08389 113.149 490
-8.91922 113.149 490
-9.75454 113.149 490
-10.5899 113.149 490
-11.4252 113.149 490
-12.2605 113.149 490
-13.0958 113.149 490
-13.9312 113.149 490
-14.7665 113.149 490
-19.6462 107.838 467
-20.4423 107.838 467
-21.2384 107.838 467
-22.0346 107.838 467
-22.7818 107.607 466
-23.5256 107.376 465
-24.266 107.145 464
-25.057 107.145 464
-25.848 107.145 464
-26.5816 106.914 463
-27.3118 106.683 462
-28.0994 106.683 462
-28.8245 106.452 461
-29.5461 106.221 460
-30.2644 105.99 459
-31.0468 105.99 459
-31.8293 105.99 459
-32.4697 105.529 457
-33.2488 105.529 457
-34.0278 105.529 457
-34.8069 105.529 457
-80.772 105.529 457
-81.5511 105.529 457
-82.5103 105.76 458
-84.2004 106.914 463
-84.9897 106.914 463
-85.779 106.914 463
-86.5683 106.914 463
-87.3576 106.914 463
-88.1469 106.914 463
-89.1283 107.145 464
-90.113 107.376 465
-90.9058 107.376 465
-91.6985 107.376 465
-92.4912 107.376 465
-93.2839 107.376 465
-94.0766 107.376 465
-94.6653 107.145 464
-95.4563 107.145 464
-96.4547 107.376 465
-97.2474 107.376 465
-98.0401 107.376 465
-98.8328 107.376 465
-99.6255 107.376 465
-100.634 107.607 466
-101.429 107.607 466
-102.223 107.607 466
-103.017 107.607 466
-104.035 107.838 467
-104.831 107.838 467
-106.079 108.3 469
-107.107 108.531 470
-107.908 108.531 470
-108.709 108.531 470
-109.277 108.3 469
-110.077 108.3 469
-760.654 484.462 2098
-768.238 487.002 2109
-771.833 487.002 2109
-775.428 487.002 2109
-781.979 488.849 2117
-789.669 491.389 2128
-797.398 493.929 2139
-801.044 493.929 2139
-807.7 495.777 2147
-815.517 498.317 2158
-819.196 498.317 2158
-822.875 498.317 2158
-823.49 496.469 2150
-833.695 500.395 2167
-839.322 501.55 2172
-843.024 501.55 2172
-852.185 504.782 2186
-855.911 504.782 2186
-859.638 504.782 2186
-864.549 505.475 2189
-869.471 506.168 2192
-873.208 506.168 2192
-876.945 506.168 2192
-880.681 506.168 2192
-884.418 506.168 2192
-889.371 506.861 2195
-893.112 506.861 2195
-906.252 512.172 2218
-914.957 514.943 2230
-918.758 514.943 2230
-922.56 514.943 2230
-910.576 506.168 2192
-911.81 504.782 2186
-915.537 504.782 2186
-907.488 498.317 2158
-900.612 492.544 2133
-900.857 490.696 2125
-904.479 490.696 2125
-908.102 490.696 2125
-915.157 492.544 2133
-918.793 492.544 2133
-922.429 492.544 2133
-926.065 492.544 2133
-922.728 488.849 2117
-921.523 486.309 2106
-925.114 486.309 2106
-928.704 486.309 2106
-932.294 486.309 2106
-927.885 482.153 2088
-921.184 476.842 2065
-924.705 476.842 2065
-918.786 471.992 2044
-911.441 466.45 2020
-911.261 464.603 2012
-914.691 464.603 2012
-914.014 462.525 2003
-912.849 460.216 1993
-913.028 458.599 1986
-916.414 458.599 1986
-917.484 457.445 1981
-919.001 456.521 1977
-920.039 455.366 1972
-923.401 455.366 1972
-926.762 455.366 1972
-929.181 454.904 1970
-931.119 454.212 1967
-934.472 454.212 1967
-936.872 453.75 1965
-937.829 452.595 1960
-939.25 451.672 1956
-942.584 451.672 1956
-945.919 451.672 1956
-947.797 450.979 1953
-951.127 450.979 1953
-954.456 450.979 1953
-955.824 450.055 1949
-958.162 449.593 1947
-960 448.901 1944
-963.314 448.901 1944
-966.628 448.901 1944
-969.942 448.901 1944
-972.255 448.439 1942
-975.565 448.439 1942
-977.868 447.977 1940
-981.175 447.977 1940
-981.945 446.822 1935
-985.244 446.822 1935
-983.944 444.744 1926
-985.177 443.821 1922
-984.854 442.204 1915
-3.09074 113 493
-3.93118 113 493
-4.77162 113 493
-5.61206 113 493
-6.43941 112.771 492
-7.27815 112.771 492
-8.08389 112.313 490
-8.91922 112.313 490
-9.75454 112.313 490
-10.5899 112.313 490
-11.4019 112.084 489
-12.2355 112.084 489
-13.0691 112.084 489
-13.9027 112.084 489
-14.7364 112.084 489
-16.9905 110.479 482
-17.8122 110.479 482
-18.6339 110.479 482
-19.4555 110.479 482
-20.151 109.792 479
-20.9676 109.792 479
-21.2839 107.27 468
-22.0817 107.27 468
-22.8307 107.041 467
-23.5762 106.812 466
-24.3706 106.812 466
-25.111 106.583 465
-25.848 106.353 464
-26.5816 106.124 463
-27.3118 105.895 462
-28.0994 105.895 462
-28.887 105.895 462
-29.6103 105.666 461
-30.3303 105.437 460
-31.1145 105.437 460
-31.8293 105.207 459
-32.5407 104.978 458
-33.2488 104.749 457
-34.0278 104.749 457
-34.8069 104.749 457
-80.772 104.749 457
-81.5511 104.749 457
-82.5103 104.978 458
-84.2004 106.124 463
-84.9897 106.124 463
-85.779 106.124 463
-86.5683 106.124 463
-87.5462 106.353 464
-88.3372 106.353 464
-89.1283 106.353 464
-90.113 106.583 465
-90.9058 106.583 465
-91.6985 106.583 465
-92.4912 106.583 465
-93.2839 106.583 465
-94.0766 106.583 465
-94.6653 106.353 464
-95.4563 106.353 464
-96.4547 106.583 465
-97.2474 106.583 465
-98.0401 106.583 465
-98.8328 106.583 465
-99.6255 106.583 465
-100.418 106.583 465
-101.211 106.583 465
-102.223 106.812 466
-103.017 106.812 466
-104.035 107.041 467
-104.831 107.041 467
-105.853 107.27 468
-106.879 107.499 469
-107.678 107.499 469
-108.478 107.499 469
-109.277 107.499 469
-110.077 107.499 469
-742.889 469.651 2049
-757.674 476.757 2080
-765.245 479.278 2091
-768.81 479.278 2091
-779.024 483.404 2109
-784.474 484.55 2114
-793.297 487.759 2128
-796.925 487.759 2128
-807.7 492.114 2147
-811.36 492.114 2147
-815.021 492.114 2147
-818.681 492.114 2147
-823.49 492.801 2150
-833.695 496.698 2167
-837.389 496.698 2167
-843.024 497.844 2172
-852.185 501.053 2186
-855.911 501.053 2186
-859.638 501.053 2186
-864.549 501.74 2189
-869.471 502.428 2192
-873.208 502.428 2192
-876.945 502.428 2192
-881.887 503.116 2195
-885.629 503.116 2195
-898.69 508.388 2218
-902.471 508.388 2218
-911.155 511.138 2230
-914.957 511.138 2230
-919.994 511.826 2233
-923.801 511.826 2233
-927.608 511.826 2233
-911.81 501.053 2186
-915.537 501.053 2186
-901.601 491.426 2144
-897.234 487.071 2125
-897.465 485.237 2117
-904.479 487.071 2125
-908.102 487.071 2125
-915.157 488.905 2133
-918.793 488.905 2133
-922.429 488.905 2133
-926.065 488.905 2133
-921.523 482.716 2106
-925.114 482.716 2106
-928.704 482.716 2106
-932.294 482.716 2106
-925.663 477.444 2083
-919.846 472.631 2062
-923.361 472.631 2062
-914.29 466.213 2034
-909.185 461.858 2015
-908.091 459.566 2005
-911.509 459.566 2005
-909.451 456.815 1993
-907.352 454.065 1981
-908.89 453.148 1977
-912.261 453.148 1977
-915.631 453.148 1977
-915.747 451.543 1970
-919.106 451.543 1970
-922.464 451.543 1970
-925.822 451.543 1970
-927.766 450.856 1967
-931.119 450.856 1967
-934.472 450.856 1967
-936.872 450.397 1965
-936.872 448.793 1958
-937.809 447.647 1953
-941.139 447.647 1953
-944.468 447.647 1953
-947.797 447.647 1953
-950.153 447.188 1951
-953.479 447.188 1951
-954.843 446.272 1947
-958.162 446.272 1947
-960 445.584 1944
-963.314 445.584 1944
-966.628 445.584 1944
-969.942 445.584 1944
-972.255 445.126 1942
-975.565 445.126 1942
-978.876 445.126 1942
-982.187 445.126 1942
-981.945 443.521 1935
-985.244 443.521 1935
-983.944 441.458 1926
-985.177 440.541 1922
-984.854 438.937 1915
-3.09074 112.159 493
-3.93118 112.159 493
-4.77162 112.159 493
-5.60068 111.932 492
-6.43941 111.932 492
-7.27815 111.932 492
-8.08389 111.477 490
-8.91922 111.477 490
-9.75454 111.477 490
-10.5899 111.477 490
-11.4019 111.249 489
-12.2355 111.249 489
-13.0691 111.249 489
-13.9027 111.249 489
-14.7364 111.249 489
-16.9905 109.657 482
-17.8122 109.657 482
-18.6339 109.657 482
-19.4555 109.657 482
-20.151 108.974 479
-20.9676 108.974 479
-21.4203 107.154 471
-22.0817 106.472 468
-22.8796 106.472 468
-23.5762 106.017 466
-24.3706 106.017 466
-25.111 105.789 465
-25.848 105.562 464
-26.5816 105.334 463
-27.3118 105.107 462
-28.0994 105.107 462
-28.887 105.107 462
-29.6103 104.879 461
-30.3303 104.652 460
-31.1145 104.652 460
-31.8293 104.424 459
-32.5407 104.197 458
-33.2488 103.969 457
-34.0278 103.969 457
-34.7307 103.742 456
-84.2004 105.334 463
-84.9897 105.334 463
-85.779 105.334 463
-86.5683 105.334 463
-87.5462 105.562 464
-88.3372 105.562 464
-89.1283 105.562 464
-90.113 105.789 465
-90.9058 105.789 465
-91.6985 105.789 465
-92.4912 105.789 465
-93.2839 105.789 465
-94.0766 105.789 465
-94.6653 105.562 464
-95.4563 105.562 464
-96.4547 105.789 465
-97.2474 105.789 465
-98.0401 105.789 465
-98.8328 105.789 465
-99.6255 105.789 465
-100.418 105.789 465
-101.211 105.789 465
-102.223 106.017 466
-103.017 106.017 466
-104.035 106.244 467
-104.831 106.244 467
-105.853 106.472 468
-106.879 106.699 469
-107.678 106.699 469
-108.478 106.699 469
-109.277 106.699 469
-110.077 106.699 469
-742.889 466.155 2049
-757.674 473.208 2080
-765.245 475.71 2091
-768.81 475.71 2091
-779.024 479.805 2109
-784.474 480.943 2114
-793.297 484.128 2128
-796.925 484.128 2128
-807.7 488.451 2147
-811.36 488.451 2147
-815.021 488.451 2147
-818.681 488.451 2147
-823.49 489.133 2150
-833.695 493.001 2167
-837.389 493.001 2167
-843.024 494.138 2172
-852.185 497.323 2186
-855.911 497.323 2186
-859.638 497.323 2186
-864.549 498.006 2189
-869.471 498.688 2192
-873.208 498.688 2192
-876.945 498.688 2192
-881.887 499.371 2195
-885.629 499.371 2195
-898.69 504.603 2218
-902.471 504.603 2218
-911.155 507.333 2230
-914.957 507.333 2230
-919.994 508.016 2233
-923.801 508.016 2233
-927.608 508.016 2233
-911.81 497.323 2186
-915.537 497.323 2186
-898.78 449.775 1977
-902.15 449.775 1977
-905.52 449.775 1977
-908.89 449.775 1977
-912.261 449.775 1977
-913.315 448.637 1972
-914.353 447.5 1967
-917.706 447.5 1967
-921.059 447.5 1967
-924.413 447.5 1967
-927.766 447.5 1967
-931.119 447.5 1967
-934.472 447.5 1967
-936.872 447.045 1965
-935.915 444.997 1956
-937.809 444.315 1953
-941.139 444.315 1953
-944.468 444.315 1953
-946.827 443.86 1951
-950.153 443.86 1951
-953.479 443.86 1951
-954.843 442.95 1947
-956.686 442.267 1944
-959.012 441.812 1942
-962.323 441.812 1942
-965.633 441.812 1942
-968.944 441.812 1942
-972.255 441.812 1942
-975.565 441.812 1942
-978.876 441.812 1942
-982.187 441.812 1942
-981.945 440.22 1935
-985.244 440.22 1935
-983.944 438.172 1926
-985.177 437.262 1922
-984.854 435.67 1915
-3.08447 111.092 492
-3.9232 111.092 492
-4.76194 111.092 492
-5.60068 111.092 492
-6.41324 110.641 490
-7.24856 110.641 490
-8.08389 110.641 490
-8.90101 110.415 489
-9.73463 110.415 489
-10.5683 110.415 489
-11.3786 110.189 488
-12.2105 110.189 488
-13.0424 110.189 488
-13.8743 110.189 488
-14.7062 110.189 488
-16.9905 108.834 482
-17.8122 108.834 482
-18.6339 108.834 482
-19.4555 108.834 482
-20.151 108.157 479
-20.9676 108.157 479
-21.4203 106.351 471
-22.0817 105.673 468
-22.8796 105.673 468
-23.5762 105.222 466
-24.3706 105.222 466
-25.111 104.996 465
-25.848 104.77 464
-26.5816 104.544 463
-27.3118 104.319 462
-28.0994 104.319 462
-28.887 104.319 462
-29.6103 104.093 461
-30.3303 103.867 460
-31.1145 103.867 460
-31.8987 103.867 460
-32.5407 103.415 458
-33.3215 103.415 458
-34.1023 103.415 458
-34.7307 102.964 456
-85.779 104.544 463
-86.5683 104.544 463
-87.5462 104.77 464
-88.3372 104.77 464
-89.3203 104.996 465
-90.113 104.996 465
-90.9058 104.996 465
-91.6985 104.996 465
-92.4912 104.996 465
-93.2839 104.996 465
-94.0766 104.996 465
-94.6653 104.77 464
-95.4563 104.77 464
-96.2473 104.77 464
-97.0383 104.77 464
-97.8293 104.77 464
-98.6203 104.77 464
-99.4113 104.77 464
-100.418 104.996 465
-101.211 104.996 465
-102.004 104.996 465
-102.796 104.996 465
-103.812 105.222 466
-104.606 105.222 466
-105.627 105.448 467
-106.651 105.673 468
-107.449 105.673 468
-108.246 105.673 468
-833.695 489.304 2167
-837.389 489.304 2167
-841.084 489.304 2167
-849.066 491.787 2178
-853.954 492.465 2181
-857.672 492.465 2181
-863.365 493.594 2186
-868.281 494.271 2189
-873.208 494.949 2192
-876.945 494.949 2192
-881.887 495.626 2195
-885.629 495.626 2195
-898.69 500.819 2218
-902.471 500.819 2218
-911.155 503.529 2230
-914.957 503.529 2230
-919.994 504.206 2233
-923.801 504.206 2233
-927.608 504.206 2233
-911.81 493.594 2186
-915.537 493.594 2186
-927.821 440.983 1953
-931.151 440.983 1953
-934.48 440.983 1953
-937.809 440.983 1953
-941.139 440.983 1953
-944.468 440.983 1953
-946.827 440.531 1951
-949.179 440.08 1949
-952.501 440.08 1949
-954.843 439.628 1947
-956.686 438.951 1944
-958.025 438.047 1940
-961.332 438.047 1940
-964.639 438.047 1940
-968.944 438.499 1942
-972.255 438.499 1942
-975.565 438.499 1942
-978.876 438.499 1942
-982.187 438.499 1942
-981.945 436.919 1935
-985.244 436.919 1935
-983.944 434.886 1926
-985.177 433.983 1922
-986.397 433.08 1918
-2.2366 109.805 490
-3.07193 109.805 490
-3.90726 109.805 490
-4.74258 109.805 490
-5.57791 109.805 490
-6.41324 109.805 490
-7.24856 109.805 490
-8.06739 109.581 489
-8.88281 109.357 488
-9.69482 109.133 487
-10.525 109.133 487
-11.3552 109.133 487
-12.1855 109.133 487
-12.9889 108.909 486
-13.789 108.684 485
-14.6158 108.684 485
-15.4108 108.46 484
-16.1688 108.012 482
-16.9905 108.012 482
-17.8122 108.012 482
-18.6339 108.012 482
-19.4555 108.012 482
-20.151 107.34 479
-20.9676 107.34 479
-21.4658 105.771 472
-22.2233 105.547 471
-22.8796 104.875 468
-23.6268 104.651 467
-24.4229 104.651 467
-25.111 104.203 465
-25.848 103.978 464
-26.5816 103.754 463
-27.3118 103.53 462
-28.0994 103.53 462
-28.887 103.53 462
-29.6103 103.306 461
-30.3303 103.082 460
-31.1145 103.082 460
-31.8987 103.082 460
-32.5407 102.634 458
-33.3215 102.634 458
-34.1023 102.634 458
-34.7307 102.186 456
-86.7552 103.978 464
-87.7349 104.203 465
-88.5276 104.203 465
-89.3203 104.203 465
-90.3068 104.427 466
-91.1013 104.427 466
-91.8957 104.427 466
-92.6901 104.427 466
-93.4845 104.427 466
-94.2789 104.427 466
-94.6653 103.978 464
-95.4563 103.978 464
-96.2473 103.978 464
-97.0383 103.978 464
-97.8293 103.978 464
-98.6203 103.978 464
-99.4113 103.978 464
-100.202 103.978 464
-100.993 103.978 464
-101.784 103.978 464
-102.575 103.978 464
-103.366 103.978 464
-104.157 103.978 464
-105.401 104.427 466
-106.195 104.427 466
-106.99 104.427 466
-107.784 104.427 466
-841.084 485.606 2167
-847.897 487.399 2175
-852.779 488.071 2178
-856.492 488.071 2178
-861.39 488.744 2181
-866.298 489.416 2184
-872.013 490.536 2189
-875.744 490.536 2189
-879.476 490.536 2189
-927.821 437.651 1953
-931.151 437.651 1953
-934.48 437.651 1953
-937.809 437.651 1953
-941.139 437.651 1953
-944.468 437.651 1953
-946.827 437.203 1951
-949.179 436.754 1949
-952.501 436.754 1949
-954.843 436.306 1947
-956.686 435.634 1944
-958.025 434.738 1940
-961.332 434.738 1940
-964.639 434.738 1940
-967.946 434.738 1940
-971.253 434.738 1940
-974.561 434.738 1940
-977.868 434.738 1940
-981.175 434.738 1940
-981.945 433.617 1935
-985.244 433.617 1935
-985.477 432.273 1929
-985.177 430.704 1922
-986.397 429.808 1918
-2.2366 108.969 490
-3.07193 108.969 490
-3.90726 108.969 490
-4.74258 108.969 490
-5.57791 108.969 490
-6.41324 108.969 490
-7.24856 108.969 490
-8.06739 108.746 489
-8.88281 108.524 488
-9.69482 108.302 487
-10.525 108.302 487
-11.3552 108.302 487
-12.1604 108.079 486
-12.9622 107.857 485
-13.7606 107.635 484
-14.5857 107.635 484
-15.4108 107.635 484
-16.1688 107.19 482
-16.9905 107.19 482
-17.8122 107.19 482
-18.6339 107.19 482
-19.4555 107.19 482
-20.151 106.523 479
-20.9676 106.523 479
-21.5113 105.188 473
-22.2233 104.744 471
-22.9773 104.521 470
-23.6774 104.076 468
-24.4752 104.076 468
-25.165 103.632 466
-25.848 103.187 464
-26.5816 102.964 463
-27.3118 102.742 462
-28.0994 102.742 462
-28.887 102.742 462
-29.6103 102.52 461
-30.3303 102.297 460
-31.1145 102.297 460
-31.8987 102.297 460
-32.5407 101.853 458
-33.3215 101.853 458
-34.1023 101.853 458
-34.8831 101.853 458
-86.7552 103.187 464
-87.7349 103.409 465
-88.5276 103.409 465
-89.3203 103.409 465
-90.3068 103.632 466
-91.1013 103.632 466
-91.8957 103.632 466
-92.6901 103.632 466
-93.4845 103.632 466
-94.2789 103.632 466
-94.8693 103.409 465
-95.4563 103.187 464
-96.2473 103.187 464
-97.0383 103.187 464
-97.8293 103.187 464
-98.6203 103.187 464
-99.197 102.964 463
-100.202 103.187 464
-100.993 103.187 464
-101.784 103.187 464
-102.575 103.187 464
-103.366 103.187 464
-104.157 103.187 464
-105.174 103.409 465
-106.195 103.632 466
-106.99 103.632 466
-107.784 103.632 466
-938.247 432.984 1947
-941.566 432.984 1947
-944.886 432.984 1947
-948.205 432.984 1947
-951.524 432.984 1947
-953.372 432.317 1944
-956.686 432.317 1944
-958.025 431.428 1940
-961.332 431.428 1940
-964.639 431.428 1940
-967.946 431.428 1940
-971.253 431.428 1940
-975.565 431.873 1942
-978.876 431.873 1942
-982.187 431.873 1942
-983.467 430.983 1938
-986.771 430.983 1938
-985.477 428.982 1929
-985.177 427.425 1922
-986.397 426.535 1918
-2.2366 108.133 490
-3.07193 108.133 490
-3.90726 108.133 490
-4.74258 108.133 490
-5.57791 108.133 490
-6.40015 107.912 489
-7.23377 107.912 489
-8.05089 107.692 488
-8.88281 107.692 488
-9.69482 107.471 487
-10.525 107.471 487
-11.3552 107.471 487
-12.1604 107.25 486
-12.9622 107.029 485
-13.7606 106.809 484
-14.5857 106.809 484
-15.4108 106.809 484
-16.1688 106.367 482
-16.9905 106.367 482
-17.8122 106.367 482
-18.6339 106.367 482
-19.4555 106.367 482
-20.151 105.705 479
-20.9676 105.705 479
-21.5113 104.381 473
-22.2233 103.94 471
-23.0262 103.94 471
-23.728 103.499 469
-24.5275 103.499 469
-25.219 103.057 467
-25.9037 102.616 465
-26.639 102.395 464
-27.43 102.395 464
-28.0994 101.954 462
-28.887 101.954 462
-29.6103 101.733 461
-30.3303 101.513 460
-31.1145 101.513 460
-31.8987 101.513 460
-32.6118 101.292 459
-33.3215 101.071 458
-34.1023 101.071 458
-34.8831 101.071 458
-86.7552 102.395 464
-87.7349 102.616 465
-88.5276 102.616 465
-89.3203 102.616 465
-90.3068 102.837 466
-91.1013 102.837 466
-91.8957 102.837 466
-92.6901 102.837 466
-93.4845 102.837 466
-94.2789 102.837 466
-95.0733 102.837 466
-95.662 102.616 465
-96.2473 102.395 464
-97.0383 102.395 464
-97.8293 102.395 464
-98.6203 102.395 464
-99.197 102.175 463
-100.202 102.395 464
-100.993 102.395 464
-101.784 102.395 464
-102.575 102.395 464
-103.366 102.395 464
-104.157 102.395 464
-105.174 102.616 465
-106.195 102.837 466
-106.99 102.837 466
-107.784 102.837 466
-944.682 426.573 1933
-947.977 426.573 1933
-954.717 428.118 1940
-958.025 428.118 1940
-961.332 428.118 1940
-964.639 428.118 1940
-967.946 428.118 1940
-971.253 428.118 1940
-975.565 428.559 1942
-978.876 428.559 1942
-982.187 428.559 1942
-983.467 427.677 1938
-986.771 427.677 1938
-985.477 425.69 1929
-985.177 424.146 1922
-986.397 423.263 1918
-2.2366 107.297 490
-3.07193 107.297 490
-3.90726 107.297 490
-4.74258 107.297 490
-5.57791 107.297 490
-6.40015 107.078 489
-7.23377 107.078 489
-8.05089 106.859 488
-8.88281 106.859 488
-9.69482 106.64 487
-10.525 106.64 487
-11.3552 106.64 487
-12.1604 106.421 486
-12.9355 105.983 484
-13.7606 105.983 484
-14.5857 105.983 484
-15.4108 105.983 484
-16.1688 105.545 482
-16.9905 105.545 482
-17.8122 105.545 482
-18.6339 105.545 482
-19.4152 105.326 481
-20.0669 104.45 477
-20.8801 104.45 477
-21.5113 103.574 473
-22.2233 103.136 471
-23.0262 103.136 471
-23.728 102.698 469
-24.5275 102.698 469
-25.219 102.261 467
-25.9037 101.823 465
-26.639 101.604 464
-27.43 101.604 464
-28.0994 101.166 462
-28.887 101.166 462
-29.6103 100.947 461
-30.3962 100.947 461
-31.1821 100.947 461
-31.8987 100.728 460
-32.6118 100.509 459
-33.3943 100.509 459
-34.1768 100.509 459
-34.8831 100.29 458
-86.7552 101.604 464
-87.7349 101.823 465
-88.5276 101.823 465
-89.3203 101.823 465
-90.3068 102.042 466
-91.1013 102.042 466
-91.8957 102.042 466
-92.6901 102.042 466
-93.4845 102.042 466
-94.2789 102.042 466
-95.0733 102.042 466
-95.662 101.823 465
-96.2473 101.604 464
-97.0383 101.604 464
-97.8293 101.604 464
-98.4077 101.385 463
-98.9828 101.166 462
-100.202 101.604 464
-100.993 101.604 464
-101.784 101.604 464
-102.575 101.604 464
-103.366 101.604 464
-104.157 101.604 464
-105.174 101.823 465
-105.967 101.823 465
-106.76 101.823 465
-951.272 423.275 1933
-958.025 424.808 1940
-961.332 424.808 1940
-964.639 424.808 1940
-967.946 424.808 1940
-971.253 424.808 1940
-975.565 425.246 1942
-978.876 425.246 1942
-982.187 425.246 1942
-983.467 424.37 1938
-986.771 424.37 1938
-985.477 422.399 1929
-985.177 420.867 1922
-986.397 419.991 1918
-2.2366 106.461 490
-3.07193 106.461 490
-3.90726 106.461 490
-4.74258 106.461 490
-5.57791 106.461 490
-6.40015 106.244 489
-7.23377 106.244 489
-8.05089 106.026 488
-8.88281 106.026 488
-9.69482 105.809 487
-10.525 105.809 487
-11.3319 105.592 486
-12.1354 105.375 485
-12.9355 105.157 484
-13.7606 105.157 484
-14.5857 105.157 484
-15.4108 105.157 484
-16.1688 104.723 482
-16.9905 104.723 482
-17.8122 104.723 482
-18.5952 104.506 481
-19.3345 104.071 479
-19.9407 102.985 474
-20.7487 102.985 474
-21.5113 102.767 473
-22.2233 102.333 471
-23.0262 102.333 471
-23.7786 102.116 470
-24.5798 102.116 470
-25.273 101.681 468
-25.9037 101.029 465
-26.639 100.812 464
-27.43 100.812 464
-28.1602 100.595 463
-28.887 100.377 462
-29.6746 100.377 462
-30.4622 100.377 462
-31.1821 100.16 461
-31.8987 99.9429 460
-32.6118 99.7256 459
-33.3943 99.7256 459
-34.1768 99.7256 459
-34.8831 99.5084 458
-91.1013 101.246 466
-91.8957 101.246 466
-92.6901 101.246 466
-93.4845 101.246 466
-94.2789 101.246 466
-95.0733 101.246 466
-95.662 101.029 465
-96.8291 100.595 463
-97.6184 100.595 463
-98.4077 100.595 463
-95.5548 96.9011 446
-96.3151 96.9011 446
-97.0755 96.9011 446
-101.784 100.812 464
-102.575 100.812 464
-103.366 100.812 464
-951.272 419.977 1933
-954.568 419.977 1933
-961.332 421.498 1940
-964.639 421.498 1940
-967.946 421.498 1940
-971.253 421.498 1940
-975.565 421.933 1942
-978.876 421.933 1942
-982.187 421.933 1942
-981.945 420.412 1935
-985.244 420.412 1935
-985.477 419.108 1929
-984.152 417.153 1920
-982.797 415.198 1911
-0.567106 105.84 491
-1.40414 105.84 491
-2.24117 105.84 491
-3.07193 105.625 490
-3.90726 105.625 490
-4.74258 105.625 490
-5.57791 105.625 490
-6.40015 105.409 489
-7.23377 105.409 489
-8.05089 105.194 488
-8.88281 105.194 488
-9.69482 104.978 487
-10.525 104.978 487
-11.3319 104.763 486
-12.1104 104.332 484
-12.9088 104.116 483
-13.7037 103.9 482
-14.5254 103.9 482
-15.2834 103.469 480
-15.9675 102.607 476
-16.8142 102.823 477
-17.6274 102.823 477
-18.4406 102.823 477
-19.1326 102.176 474
-19.9407 102.176 474
-20.7487 102.176 474
-21.4658 101.745 472
-22.2233 101.529 471
-23.0262 101.529 471
-23.7786 101.314 470
-24.5798 101.314 470
-25.327 101.098 469
-25.9594 100.451 466
-26.6964 100.236 465
-27.4891 100.236 465
-28.1602 99.8048 463
-28.9495 99.8048 463
-29.6746 99.5892 462
-30.4622 99.5892 462
-31.1821 99.3736 461
-31.968 99.3736 461
-32.6828 99.1581 460
-33.3943 98.9425 459
-34.1768 98.9425 459
-89.5648 94.6313 439
-90.3132 94.6313 439
-91.0615 94.6313 439
-91.8099 94.6313 439
-93.1908 95.278 442
-94.3694 95.7091 444
-95.1263 95.7091 444
-95.8832 95.7091 444
-96.6401 95.7091 444
-97.397 95.7091 444
-961.332 418.188 1940
-964.639 418.188 1940
-967.946 418.188 1940
-971.253 418.188 1940
-975.565 418.62 1942
-978.876 418.62 1942
-982.187 418.62 1942
-981.945 417.111 1935
-985.244 417.111 1935
-985.477 415.817 1929
-984.152 413.877 1920
-982.797 411.937 1911
-0.567106 105.003 491
-1.40414 105.003 491
-2.24117 105.003 491
-3.07193 104.789 490
-3.90726 104.789 490
-4.74258 104.789 490
-5.57791 104.789 490
-6.40015 104.575 489
-7.23377 104.575 489
-8.05089 104.361 488
-8.86461 104.147 487
-9.69482 104.147 487
-10.525 104.147 487
-11.3319 103.934 486
-12.1104 103.506 484
-12.9088 103.292 483
-13.7037 103.078 482
-14.5254 103.078 482
-15.2834 102.65 480
-16.0011 102.009 477
-16.8142 102.009 477
-17.6274 102.009 477
-18.4406 102.009 477
-19.1326 101.367 474
-19.9407 101.367 474
-20.7487 101.367 474
-21.4658 100.94 472
-22.2705 100.94 472
-23.0262 100.726 471
-23.8292 100.726 471
-24.6321 100.726 471
-25.327 100.298 469
-26.0151 99.8703 467
-26.7538 99.6564 466
-27.5483 99.6564 466
-28.221 99.2287 464
-28.9495 99.0148 463
-29.7388 99.0148 463
-30.5281 99.0148 463
-31.1821 98.5871 461
-31.968 98.5871 461
-32.6828 98.3733 460
-33.3943 98.1594 459
-34.1768 98.1594 459
-86.1768 93.4546 437
-87.1207 93.6685 438
-87.8674 93.6685 438
-88.6141 93.6685 438
-89.5648 93.8823 439
-90.3132 93.8823 439
-91.0615 93.8823 439
-91.8099 93.8823 439
-93.1908 94.5239 442
-94.3694 94.9516 444
-95.1263 94.9516 444
-95.8832 94.9516 444
-96.6401 94.9516 444
-97.397 94.9516 444
-963.456 412.954 1931
-968.75 413.809 1935
-972.049 413.809 1935
-975.348 413.809 1935
-977.635 413.382 1933
-979.915 412.954 1931
-983.207 412.954 1931
-981.901 411.029 1922
-983.127 410.174 1918
-981.768 408.249 1909
-0.567106 104.165 491
-1.40414 104.165 491
-2.24117 104.165 491
-3.07193 103.953 490
-3.90726 103.953 490
-4.74258 103.953 490
-5.57791 103.953 490
-6.40015 103.741 489
-7.23377 103.741 489
-8.05089 103.529 488
-8.86461 103.316 487
-9.67491 103.104 486
-10.5034 103.104 486
-11.2853 102.68 484
-12.0854 102.468 483
-12.882 102.256 482
-13.6753 102.044 481
-14.4953 102.044 481
-15.2834 101.831 480
-16.0011 101.195 477
-16.779 100.983 476
-17.5904 100.983 476
-18.3246 100.559 474
-19.1326 100.559 474
-19.8986 100.346 473
-20.705 100.346 473
-21.4658 100.134 472
-22.2705 100.134 472
-23.0262 99.9221 471
-23.8292 99.9221 471
-24.6321 99.9221 471
-25.327 99.4978 469
-26.0151 99.0735 467
-26.7538 98.8614 466
-27.5483 98.8614 466
-28.221 98.4371 464
-28.9495 98.2249 463
-29.7388 98.2249 463
-30.5281 98.2249 463
-31.2498 98.0128 462
-31.968 97.8006 461
-32.6828 97.5885 460
-33.3943 97.3763 459
-34.1768 97.3763 459
-82.452 92.709 437
-83.1969 92.709 437
-83.9419 92.709 437
-84.6869 92.709 437
-85.4319 92.709 437
-86.1768 92.709 437
-87.1207 92.9212 438
-87.8674 92.9212 438
-88.6141 92.9212 438
-89.5648 93.1333 439
-90.3132 93.1333 439
-91.0615 93.1333 439
-91.8099 93.1333 439
-92.7691 93.3455 440
-93.9443 93.7698 442
-94.6978 93.7698 442
-95.6673 93.9819 443
-96.4225 93.9819 443
-97.1777 93.9819 443
-970.252 411.144 1938
-973.556 411.144 1938
-976.86 411.144 1938
-976.623 409.659 1931
-979.915 409.659 1931
-983.207 409.659 1931
-982.923 408.174 1924
-984.152 407.326 1920
-987.425 407.326 1920
-0.565951 103.117 490
-1.40128 103.117 490
-2.2366 103.117 490
-3.07193 103.117 490
-3.90726 103.117 490
-4.74258 103.117 490
-5.56653 102.907 489
-6.40015 102.907 489
-7.23377 102.907 489
-8.05089 102.696 488
-8.84641 102.275 486
-9.6351 101.854 484
-10.4602 101.854 484
-11.262 101.644 483
-12.0603 101.433 482
-12.8553 101.223 481
-13.6469 101.013 480
-14.4651 101.013 480
-15.2834 101.013 480
-16.0011 100.381 477
-16.7437 99.9603 475
-17.5535 99.9603 475
-18.3246 99.7499 474
-19.1326 99.7499 474
-19.8986 99.5394 473
-20.705 99.5394 473
-21.4658 99.329 472
-22.2705 99.329 472
-23.0262 99.1185 471
-23.8292 99.1185 471
-24.6321 99.1185 471
-25.327 98.6976 469
-26.0151 98.2768 467
-26.7538 98.0663 466
-27.5483 98.0663 466
-28.221 97.6454 464
-29.012 97.6454 464
-29.7388 97.435 463
-30.5281 97.435 463
-31.2498 97.2245 462
-31.968 97.0141 461
-32.6828 96.8037 460
-82.452 91.9635 437
-83.1969 91.9635 437
-83.9419 91.9635 437
-84.6869 91.9635 437
-85.4319 91.9635 437
-86.1768 91.9635 437
-87.1207 92.1739 438
-87.8674 92.1739 438
-88.6141 92.1739 438
-89.5648 92.3844 439
-90.3132 92.3844 439
-91.0615 92.3844 439
-91.8099 92.3844 439
-92.7691 92.5948 440
-93.9443 93.0157 442
-94.6978 93.0157 442
-95.4513 93.0157 442
-96.2048 93.0157 442
-96.9583 93.0157 442
-970.252 407.838 1938
-973.556 407.838 1938
-976.86 407.838 1938
-980.164 407.838 1938
-983.467 407.838 1938
-986.771 407.838 1938
-986.499 406.365 1931
-986.203 404.892 1924
-989.483 404.892 1924
-0.565951 102.281 490
-1.40128 102.281 490
-2.2366 102.281 490
-3.07193 102.281 490
-3.90726 102.281 490
-4.74258 102.281 490
-5.56653 102.072 489
-6.40015 102.072 489
-7.23377 102.072 489
-8.05089 101.863 488
-8.84641 101.446 486
-9.6351 101.029 484
-10.4602 101.029 484
-11.262 100.82 483
-12.0603 100.611 482
-12.8553 100.402 481
-13.6469 100.194 480
-14.4651 100.194 480
-15.2516 99.9848 479
-16.0011 99.5674 477
-16.7437 99.1499 475
-17.5535 99.1499 475
-18.3246 98.9412 474
-19.1326 98.9412 474
-19.8986 98.7324 473
-20.705 98.7324 473
-21.4658 98.5237 472
-22.2705 98.5237 472
-23.0262 98.315 471
-23.8292 98.315 471
-24.6321 98.315 471
-25.327 97.8975 469
-26.0151 97.48 467
-26.7538 97.2713 466
-27.5483 97.2713 466
-28.221 96.8538 464
-29.012 96.8538 464
-29.7388 96.6451 463
-30.5281 96.6451 463
-31.2498 96.4363 462
-31.8987 96.0189 460
-32.6828 96.0189 460
-80.4062 90.5917 434
-81.333 90.8004 435
-82.452 91.2179 437
-83.1969 91.2179 437
-83.9419 91.2179 437
-84.6869 91.2179 437
-85.4319 91.2179 437
-86.1768 91.2179 437
-87.1207 91.4267 438
-87.8674 91.4267 438
-88.6141 91.4267 438
-89.5648 91.6354 439
-90.3132 91.6354 439
-91.0615 91.6354 439
-91.8099 91.6354 439
-92.7691 91.8441 440
-93.7318 92.0529 441
-94.4836 92.0529 441
-95.4513 92.2616 442
-96.2048 92.2616 442
-96.9583 92.2616 442
-970.252 404.532 1938
-973.556 404.532 1938
-976.86 404.532 1938
-982.187 405.367 1942
-985.497 405.367 1942
-988.808 405.367 1942
-992.118 405.367 1942
-995.429 405.367 1942
-998.74 405.367 1942
-0.565951 101.445 490
-1.40128 101.445 490
-2.2366 101.445 490
-3.07193 101.445 490
-3.90726 101.445 490
-4.74258 101.445 490
-5.56653 101.238 489
-6.40015 101.238 489
-7.23377 101.238 489
-8.0344 100.824 487
-8.8282 100.41 485
-9.6351 100.203 484
-10.4602 100.203 484
-11.2387 99.7887 482
-12.0603 99.7887 482
-12.8553 99.5817 481
-13.6469 99.3747 480
-14.4651 99.3747 480
-15.2516 99.1676 479
-16.0011 98.7536 477
-16.7437 98.3395 475
-17.5535 98.3395 475
-18.3246 98.1325 474
-19.1326 98.1325 474
-19.8986 97.9254 473
-20.705 97.9254 473
-21.4658 97.7184 472
-22.2705 97.7184 472
-23.0262 97.5114 471
-23.8292 97.5114 471
-24.6321 97.5114 471
-25.381 97.3044 470
-26.0708 96.8903 468
-26.8113 96.6833 467
-27.6074 96.6833 467
-28.221 96.0622 464
-29.012 96.0622 464
-29.803 96.0622 464
-30.594 96.0622 464
-31.2498 95.6481 462
-32.0373 95.6481 462
-80.4062 89.8512 434
-81.333 90.0583 435
-82.2633 90.2653 436
-83.1969 90.4723 437
-83.9419 90.4723 437
-84.6869 90.4723 437
-85.4319 90.4723 437
-86.1768 90.4723 437
-87.1207 90.6794 438
-87.8674 90.6794 438
-88.6141 90.6794 438
-89.5648 90.8864 439
-90.3132 90.8864 439
-91.0615 90.8864 439
-91.8099 90.8864 439
-92.7691 91.0934 440
-93.7318 91.3005 441
-94.4836 91.3005 441
-95.4513 91.5075 442
-96.2048 91.5075 442
-96.9583 91.5075 442
-976.86 401.225 1938
-982.187 402.053 1942
-985.497 402.053 1942
-988.808 402.053 1942
-992.118 402.053 1942
-995.429 402.053 1942
-998.74 402.053 1942
-2.23204 100.404 489
-3.06566 100.404 489
-3.89928 100.404 489
-4.7329 100.404 489
-5.56653 100.404 489
-6.38706 100.198 488
-7.21898 100.198 488
-8.0344 99.993 487
-8.81 99.377 484
-9.61519 99.1717 483
-10.4386 99.1717 483
-11.2387 98.9664 482
-12.0353 98.761 481
-12.8286 98.5557 480
-13.6469 98.5557 480
-14.4651 98.5557 480
-15.2516 98.3504 479
-16.0011 97.9398 477
-16.7437 97.5291 475
-17.5535 97.5291 475
-18.3246 97.3238 474
-19.1326 97.3238 474
-19.8986 97.1185 473
-20.705 97.1185 473
-21.4658 96.9131 472
-22.2705 96.9131 472
-23.0262 96.7078 471
-23.8292 96.7078 471
-24.5798 96.5025 470
-25.381 96.5025 470
-26.0708 96.0918 468
-26.8113 95.8865 467
-27.6074 95.8865 467
-28.221 95.2705 464
-29.012 95.2705 464
-29.803 95.2705 464
-30.594 95.2705 464
-31.2498 94.8599 462
-32.0373 94.8599 462
-80.4062 89.1108 434
-81.333 89.3161 435
-82.0746 89.3161 435
-83.0066 89.5215 436
-83.7498 89.5215 436
-84.4931 89.5215 436
-85.2364 89.5215 436
-86.1768 89.7268 437
-86.9218 89.7268 437
-87.6668 89.7268 437
-88.6141 89.9321 438
-89.5648 90.1374 439
-90.3132 90.1374 439
-91.0615 90.1374 439
-91.8099 90.1374 439
-92.7691 90.3428 440
-93.7318 90.5481 441
-94.4836 90.5481 441
-95.2354 90.5481 441
-95.9872 90.5481 441
-96.739 90.5481 441
-982.187 398.74 1942
-985.497 398.74 1942
-988.808 398.74 1942
-993.14 399.151 1944
-996.454 399.151 1944
-999.768 399.151 1944
-2.23204 99.5694 489
-3.06566 99.5694 489
-3.89928 99.5694 489
-4.7329 99.5694 489
-5.55514 99.3657 488
-6.37397 99.1621 487
-7.20418 99.1621 487
-8.0179 98.9585 486
-8.7918 98.3476 483
-9.59528 98.144 482
-10.417 98.144 482
-11.2153 97.9404 481
-12.0103 97.7368 480
-12.8286 97.7368 480
-13.6184 97.5332 479
-14.435 97.5332 479
-15.1879 97.1259 477
-15.934 96.7187 475
-16.7437 96.7187 475
-17.5535 96.7187 475
-18.3246 96.5151 474
-19.1326 96.5151 474
-19.8986 96.3115 473
-20.705 96.3115 473
-21.4658 96.1078 472
-22.2705 96.1078 472
-23.0262 95.9042 471
-23.8292 95.9042 471
-24.6321 95.9042 471
-25.381 95.7006 470
-26.0708 95.2934 468
-26.8113 95.0898 467
-27.6074 95.0898 467
-28.2818 94.6825 465
-29.0746 94.6825 465
-29.803 94.4789 464
-30.594 94.4789 464
-31.3174 94.2753 463
-32.0373 94.0717 462
-79.4828 88.1667 433
-80.2209 88.1667 433
-81.1461 88.3704 434
-81.8859 88.3704 434
-82.6258 88.3704 434
-83.3656 88.3704 434
-84.1055 88.3704 434
-85.0409 88.574 435
-85.7824 88.574 435
-86.7229 88.7776 436
-87.4662 88.7776 436
-88.4118 88.9812 437
-89.3608 89.1848 438
-90.3132 89.3885 439
-91.0615 89.3885 439
-91.8099 89.3885 439
-92.98 89.7957 441
-93.7318 89.7957 441
-94.4836 89.7957 441
-95.2354 89.7957 441
-95.9872 89.7957 441
-96.739 89.7957 441
-993.14 395.834 1944
-996.454 395.834 1944
-999.768 395.834 1944
-2.23204 98.7351 489
-3.06566 98.7351 489
-3.89928 98.7351 489
-4.7329 98.7351 489
-5.55514 98.5332 488
-6.37397 98.3313 487
-7.20418 98.3313 487
-8.0179 98.1293 486
-8.7918 97.5236 483
-9.59528 97.3217 482
-10.417 97.3217 482
-11.2153 97.1198 481
-12.0103 96.9179 480
-12.8019 96.716 479
-13.5616 96.3121 477
-14.3747 96.3121 477
-15.1561 96.1102 476
-15.934 95.9083 475
-16.7437 95.9083 475
-17.5535 95.9083 475
-18.3246 95.7064 474
-19.1326 95.7064 474
-19.8986 95.5045 473
-20.705 95.5045 473
-21.4658 95.3026 472
-22.2705 95.3026 472
-23.0262 95.1007 471
-23.8292 95.1007 471
-24.6321 95.1007 471
-25.381 94.8987 470
-26.1265 94.6968 469
-26.9261 94.6968 469
-27.6665 94.4949 468
-28.2818 93.8892 465
-29.0746 93.8892 465
-29.8673 93.8892 465
-30.66 93.8892 465
-31.3174 93.4854 463
-79.4828 87.428 433
-80.2209 87.428 433
-81.1461 87.6299 434
-81.8859 87.6299 434
-82.6258 87.6299 434
-83.3656 87.6299 434
-84.1055 87.6299 434
-85.0409 87.8318 435
-85.7824 87.8318 435
-86.524 87.8318 435
-87.2656 87.8318 435
-88.2094 88.0337 436
-89.1567 88.2356 437
-90.3132 88.6395 439
-91.0615 88.6395 439
-91.8099 88.6395 439
-92.98 89.0433 441
-93.7318 89.0433 441
-94.4836 89.0433 441
-95.2354 89.0433 441
-95.9872 89.0433 441
-96.739 89.0433 441
-993.14 392.517 1944
-996.454 392.517 1944
-999.768 392.517 1944
-2.22747 97.7006 488
-3.05939 97.7006 488
-3.89131 97.7006 488
-4.72323 97.7006 488
-5.55514 97.7006 488
-6.36088 97.3002 486
-7.18939 97.3002 486
-8.0014 97.1 485
-8.77359 96.4994 482
-9.57538 96.2991 481
-10.3954 96.2991 481
-11.192 96.0989 480
-12.0103 96.0989 480
-12.8019 95.8987 479
-13.5616 95.4983 477
-14.3747 95.4983 477
-15.1561 95.2981 476
-15.934 95.0979 475
-16.7437 95.0979 475
-17.5535 95.0979 475
-18.3246 94.8977 474
-19.1326 94.8977 474
-19.8986 94.6975 473
-20.705 94.6975 473
-21.4658 94.4973 472
-22.2705 94.4973 472
-23.0262 94.2971 471
-23.8292 94.2971 471
-24.6321 94.2971 471
-25.381 94.0969 470
-26.1265 93.8967 469
-26.9261 93.8967 469
-27.6665 93.6965 468
-28.2818 93.0958 465
-29.0746 93.0958 465
-29.8673 93.0958 465
-30.66 93.0958 465
-31.3174 92.6954 463
-79.4828 86.6893 433
-80.2209 86.6893 433
-80.9591 86.6893 433
-81.6973 86.6893 433
-82.6258 86.8895 434
-83.3656 86.8895 434
-84.1055 86.8895 434
-84.8454 86.8895 434
-85.5852 86.8895 434
-86.524 87.0897 435
-87.2656 87.0897 435
-88.2094 87.2899 436
-89.1567 87.4901 437
-90.3132 87.8905 439
-91.0615 87.8905 439
-91.8099 87.8905 439
-92.98 88.2909 441
-93.7318 88.2909 441
-94.4836 88.2909 441
-95.2354 88.2909 441
-95.9872 88.2909 441
-96.739 88.2909 441
-2.22747 96.868 488
-3.05939 96.868 488
-3.89131 96.868 488
-4.72323 96.868 488
-5.54376 96.6695 487
-6.34779 96.2725 485
-7.1746 96.2725 485
-7.9849 96.074 484
-8.77359 95.677 482
-9.57538 95.4785 481
-10.3954 95.4785 481
-11.192 95.28 480
-11.9853 95.0815 479
-12.7751 94.883 478
-13.5616 94.6845 477
-14.3747 94.6845 477
-15.1561 94.486 476
-15.934 94.2875 475
-16.7437 94.2875 475
-17.5535 94.2875 475
-18.3246 94.089 474
-19.1326 94.089 474
-19.8986 93.8905 473
-20.705 93.8905 473
-21.4658 93.692 472
-22.2705 93.692 472
-23.0262 93.4935 471
-23.8292 93.4935 471
-24.6321 93.4935 471
-25.381 93.295 470
-26.1265 93.0965 469
-26.9261 93.0965 469
-27.6665 92.898 468
-28.2818 92.3025 465
-29.0746 92.3025 465
-29.8673 92.3025 465
-30.66 92.3025 465
-31.3174 91.9055 463
-79.4828 85.9505 433
-80.2209 85.9505 433
-80.9591 85.9505 433
-81.6973 85.9505 433
-82.4354 85.9505 433
-83.3656 86.149 434
-84.1055 86.149 434
-84.8454 86.149 434
-85.5852 86.149 434
-86.524 86.3475 435
-87.2656 86.3475 435
-88.0071 86.3475 435
-89.1567 86.7445 437
-90.3132 87.1415 439
-91.0615 87.1415 439
-91.8099 87.1415 439
-92.98 87.5385 441
-93.7318 87.5385 441
-94.4836 87.5385 441
-95.2354 87.5385 441
-95.9872 87.5385 441
-96.739 87.5385 441
-2.22747 96.0354 488
-3.05939 96.0354 488
-3.89131 96.0354 488
-4.71355 95.8386 487
-5.53238 95.6418 486
-6.33471 95.2483 484
-7.1598 95.2483 484
-7.9684 95.0515 483
-8.75539 94.6579 481
-9.55547 94.4611 480
-10.3737 94.4611 480
-11.192 94.4611 480
-11.9853 94.2643 479
-12.7751 94.0675 478
-13.5616 93.8707 477
-14.3747 93.8707 477
-15.1561 93.6739 476
-15.934 93.4771 475
-16.7437 93.4771 475
-17.5535 93.4771 475
-18.3246 93.2803 474
-19.1326 93.2803 474
-19.8986 93.0835 473
-20.705 93.0835 473
-21.4658 92.8867 472
-22.2705 92.8867 472
-23.0262 92.6899 471
-23.8292 92.6899 471
-24.6321 92.6899 471
-25.381 92.4931 470
-26.1265 92.2963 469
-26.9261 92.2963 469
-27.7256 92.2963 469
-28.2818 91.5092 465
-29.0746 91.5092 465
-29.8673 91.5092 465
-30.66 91.5092 465
-31.3174 91.1156 463
-79.4828 85.2118 433
-80.2209 85.2118 433
-80.9591 85.2118 433
-81.6973 85.2118 433
-82.4354 85.2118 433
-83.1736 85.2118 433
-83.9117 85.2118 433
-84.8454 85.4086 434
-85.5852 85.4086 434
-86.3251 85.4086 434
-87.0649 85.4086 434
-88.0071 85.6053 435
-89.1567 85.9989 437
-90.1074 86.1957 438
-90.8541 86.1957 438
-91.8099 86.3925 439
-92.98 86.7861 441
-93.7318 86.7861 441
-94.4836 86.7861 441
-95.2354 86.7861 441
-95.9872 86.7861 441
-96.739 86.7861 441
-2.22747 95.2029 488
-3.05939 95.2029 488
-3.89131 95.2029 488
-4.71355 95.0078 487
-5.53238 94.8127 486
-6.33471 94.4225 484
-7.1598 94.4225 484
-7.9684 94.2274 483
-8.75539 93.8372 481
-9.55547 93.6422 480
-10.3737 93.6422 480
-11.192 93.6422 480
-11.9603 93.252 478
-12.7484 93.0569 477
-13.5616 93.0569 477
-14.3747 93.0569 477
-15.1561 92.8618 476
-15.934 92.6667 475
-16.7437 92.6667 475
-17.5535 92.6667 475
-18.3246 92.4716 474
-19.1326 92.4716 474
-19.8986 92.2765 473
-20.705 92.2765 473
-21.4658 92.0814 472
-22.2705 92.0814 472
-23.0262 91.8864 471
-23.8292 91.8864 471
-24.6321 91.8864 471
-25.381 91.6913 470
-26.1265 91.4962 469
-26.9261 91.4962 469
-27.7256 91.4962 469
-28.4643 91.3011 468
-29.0746 90.7158 465
-77.6462 84.0828 431
-78.3809 84.0828 431
-79.4828 84.473 433
-80.2209 84.473 433
-80.9591 84.473 433
-81.6973 84.473 433
-82.4354 84.473 433
-83.1736 84.473 433
-83.9117 84.473 433
-84.8454 84.6681 434
-85.5852 84.6681 434
-86.3251 84.6681 434
-87.0649 84.6681 434
-88.0071 84.8632 435
-88.9527 85.0583 436
-89.9017 85.2534 437
-90.6467 85.2534 437
-91.6008 85.4485 438
-92.3475 85.4485 438
-93.0942 85.4485 438
-2.21835 93.9835 486
-3.04685 93.9835 486
-3.87536 93.9835 486
-4.70387 93.9835 486
-5.50961 93.5967 484
-6.32162 93.4034 483
-7.14501 93.4034 483
-7.95191 93.21 482
-8.75539 93.0166 481
-9.55547 92.8232 480
-10.3737 92.8232 480
-11.1687 92.6298 479
-11.9603 92.4365 478
-12.7484 92.2431 477
-13.5616 92.2431 477
-14.3747 92.2431 477
-15.1561 92.0497 476
-15.934 91.8563 475
-16.7437 91.8563 475
-17.5535 91.8563 475
-18.3246 91.6629 474
-19.1326 91.6629 474
-19.8986 91.4696 473
-20.705 91.4696 473
-21.4658 91.2762 472
-22.2705 91.2762 472
-23.0262 91.0828 471
-23.8292 91.0828 471
-24.6321 91.0828 471
-25.381 90.8894 470
-26.1265 90.696 469
-26.9261 90.696 469
-27.7256 90.696 469
-28.4643 90.5026 468
-29.0746 89.9225 465
-77.6462 83.3475 431
-78.3809 83.3475 431
-79.2992 83.5409 432
-80.0357 83.5409 432
-80.7721 83.5409 432
-81.5086 83.5409 432
-82.4354 83.7343 433
-83.1736 83.7343 433
-83.9117 83.7343 433
-84.6499 83.7343 433
-85.5852 83.9277 434
-86.3251 83.9277 434
-87.0649 83.9277 434
-88.0071 84.121 435
-88.9527 84.3144 436
-89.9017 84.5078 437
-90.6467 84.5078 437
-91.6008 84.7012 438
-92.3475 84.7012 438
-93.0942 84.7012 438
-2.21835 93.1543 486
-3.04685 93.1543 486
-3.87536 93.1543 486
-4.69419 92.9627 485
-5.50961 92.771 484
-6.32162 92.5793 483
-7.14501 92.5793 483
-7.95191 92.3876 482
-8.73719 92.0043 480
-9.55547 92.0043 480
-10.3737 92.0043 480
-11.1687 91.8126 479
-11.9603 91.6209 478
-12.7484 91.4293 477
-13.5616 91.4293 477
-14.3747 91.4293 477
-15.1561 91.2376 476
-15.934 91.0459 475
-16.7437 91.0459 475
-17.5535 91.0459 475
-18.3246 90.8542 474
-19.1326 90.8542 474
-19.8986 90.6626 473
-20.705 90.6626 473
-21.4658 90.4709 472
-22.2705 90.4709 472
-23.0262 90.2792 471
-23.8292 90.2792 471
-24.6321 90.2792 471
-25.381 90.0875 470
-26.1265 89.8959 469
-26.9261 89.8959 469
-27.7256 89.8959 469
-28.4643 89.7042 468
-75.6623 81.2705 424
-77.6462 82.6122 431
-78.3809 82.6122 431
-79.2992 82.8039 432
-80.0357 82.8039 432
-80.7721 82.8039 432
-81.5086 82.8039 432
-82.245 82.8039 432
-83.1736 82.9955 433
-83.9117 82.9955 433
-84.6499 82.9955 433
-85.5852 83.1872 434
-86.3251 83.1872 434
-87.0649 83.1872 434
-87.8048 83.1872 434
-88.7487 83.3789 435
-89.696 83.5706 436
-90.4393 83.5706 436
-91.1825 83.5706 436
-2.21378 92.1352 485
-3.04058 92.1352 485
-3.86739 92.1352 485
-4.68451 91.9452 484
-5.49822 91.7553 483
-6.30853 91.5653 482
-7.13022 91.5653 482
-7.95191 91.5653 482
-8.73719 91.1854 480
-9.55547 91.1854 480
-10.3737 91.1854 480
-11.1687 90.9954 479
-11.9853 90.9954 479
-12.7751 90.8054 478
-13.59 90.8054 478
-14.3747 90.6154 477
-15.1561 90.4255 476
-15.934 90.2355 475
-16.7437 90.2355 475
-17.5535 90.2355 475
-18.3246 90.0455 474
-19.1326 90.0455 474
-19.8986 89.8556 473
-20.705 89.8556 473
-21.5113 89.8556 473
-22.2705 89.6656 472
-23.0262 89.4756 471
-23.8292 89.4756 471
-24.6321 89.4756 471
-25.435 89.4756 471
-26.1265 89.0957 469
-26.9261 89.0957 469
-27.7256 89.0957 469
-28.4643 88.9057 468
-75.6623 80.5471 424
-77.466 81.6869 430
-78.1991 81.6869 430
-79.1157 81.8769 431
-79.8504 81.8769 431
-80.5852 81.8769 431
-81.5086 82.0668 432
-82.245 82.0668 432
-82.9815 82.0668 432
-83.7179 82.0668 432
-84.6499 82.2568 433
-85.388 82.2568 433
-86.3251 82.4468 434
-87.0649 82.4468 434
-87.8048 82.4468 434
-88.5447 82.4468 434
-89.2845 82.4468 434
-90.0244 82.4468 434
-90.7643 82.4468 434
-2.21378 91.3077 485
-3.04058 91.3077 485
-3.86739 91.3077 485
-4.68451 91.1195 484
-5.49822 90.9312 483
-6.30853 90.743 482
-7.13022 90.743 482
-7.95191 90.743 482
-8.73719 90.3664 480
-9.55547 90.3664 480
-10.3737 90.3664 480
-11.1687 90.1782 479
-11.9853 90.1782 479
-12.7751 89.9899 478
-13.59 89.9899 478
-14.3747 89.8016 477
-15.1879 89.8016 477
-15.934 89.4251 475
-16.7437 89.4251 475
-17.5535 89.4251 475
-18.3246 89.2369 474
-19.1326 89.2369 474
-19.8986 89.0486 473
-20.705 89.0486 473
-21.5113 89.0486 473
-22.2705 88.8603 472
-23.0262 88.6721 471
-23.8292 88.6721 471
-24.6321 88.6721 471
-25.435 88.6721 471
-26.1265 88.2955 469
-26.9261 88.2955 469
-27.7256 88.2955 469
-75.6623 79.8237 424
-77.466 80.9533 430
-78.1991 80.9533 430
-79.1157 81.1415 431
-79.8504 81.1415 431
-80.5852 81.1415 431
-81.5086 81.3298 432
-82.245 81.3298 432
-82.9815 81.3298 432
-83.7179 81.3298 432
-84.6499 81.5181 433
-85.388 81.5181 433
-86.1262 81.5181 433
-86.8643 81.5181 433
-87.6025 81.5181 433
-88.3407 81.5181 433
-89.0788 81.5181 433
-89.817 81.5181 433
-90.1369 81.1415 431
-2.20922 90.2937 484
-3.03431 90.2937 484
-3.85941 90.2937 484
-4.68451 90.2937 484
-5.48684 89.9206 482
-6.30853 89.9206 482
-7.13022 89.9206 482
-7.95191 89.9206 482
-8.73719 89.5475 480
-9.55547 89.5475 480
-10.3737 89.5475 480
-11.1687 89.3609 479
-11.9853 89.3609 479
-12.7751 89.1744 478
-13.59 89.1744 478
-14.3747 88.9878 477
-15.1879 88.9878 477
-15.934 88.6147 475
-16.7437 88.6147 475
-17.5535 88.6147 475
-18.3246 88.4282 474
-19.1326 88.4282 474
-19.8986 88.2416 473
-20.705 88.2416 473
-21.5113 88.2416 473
-22.2705 88.055 472
-23.0262 87.8685 471
-23.8292 87.8685 471
-24.6321 87.8685 471
-25.435 87.8685 471
-26.238 87.8685 471
-27.0409 87.8685 471
-27.7256 87.4954 469
-75.6623 79.1003 424
-76.9256 79.66 427
-77.6535 79.66 427
-79.1157 80.4062 431
-79.8504 80.4062 431
-80.5852 80.4062 431
-81.3199 80.4062 431
-82.0546 80.4062 431
-82.7894 80.4062 431
-83.5241 80.4062 431
-84.4544 80.5928 432
-85.1908 80.5928 432
-86.1262 80.7793 433
-86.8643 80.7793 433
-87.6025 80.7793 433
-88.3407 80.7793 433
-89.0788 80.7793 433
-89.817 80.7793 433
-90.1369 80.4062 431
-90.2391 79.8465 428
-2.20922 89.468 484
-3.03431 89.468 484
-3.85941 89.468 484
-4.68451 89.468 484
-5.48684 89.0983 482
-6.30853 89.0983 482
-7.13022 89.0983 482
-7.93541 88.9134 481
-8.73719 88.7286 480
-9.55547 88.7286 480
-10.3737 88.7286 480
-11.1687 88.5437 479
-11.9853 88.5437 479
-12.7751 88.3589 478
-13.59 88.3589 478
-14.3747 88.174 477
-15.1879 88.174 477
-15.934 87.8043 475
-16.7437 87.8043 475
-17.5535 87.8043 475
-18.3246 87.6195 474
-19.1326 87.6195 474
-19.8986 87.4346 473
-20.705 87.4346 473
-21.5113 87.4346 473
-22.2705 87.2498 472
-23.0262 87.0649 471
-23.8292 87.0649 471
-24.6321 87.0649 471
-25.435 87.0649 471
-26.238 87.0649 471
-27.0409 87.0649 471
-75.6623 78.3769 424
-76.9256 78.9315 427
-77.6535 78.9315 427
-78.7485 79.3012 429
-79.4799 79.3012 429
-80.3982 79.486 430
-81.1312 79.486 430
-81.8643 79.486 430
-82.5973 79.486 430
-83.3303 79.486 430
-84.2589 79.6709 431
-85.1908 79.8557 432
-85.9273 79.8557 432
-86.6637 79.8557 432
-87.4002 79.8557 432
-88.1366 79.8557 432
-88.8731 79.8557 432
-89.6095 79.8557 432
-90.1369 79.6709 431
-90.2391 79.1163 428
-3.02178 88.2759 482
-3.84346 88.2759 482
-4.66515 88.2759 482
-5.48684 88.2759 482
-6.29544 88.0928 481
-7.11543 88.0928 481
-7.93541 88.0928 481
-8.73719 87.9096 480
-9.53556 87.7265 479
-10.3521 87.7265 479
-11.1687 87.7265 479
-11.9853 87.7265 479
-12.7751 87.5434 478
-13.59 87.5434 478
-14.3747 87.3602 477
-15.1879 87.3602 477
-15.934 86.9939 475
-16.7437 86.9939 475
-17.5535 86.9939 475
-18.3246 86.8108 474
-19.1326 86.8108 474
-19.8986 86.6276 473
-20.705 86.6276 473
-21.5113 86.6276 473
-22.2705 86.4445 472
-23.0262 86.2613 471
-23.8292 86.2613 471
-24.6321 86.2613 471
-25.435 86.2613 471
-26.238 86.2613 471
-27.0409 86.2613 471
-75.6623 77.6535 424
-76.7454 78.0198 426
-77.4716 78.0198 426
-78.7485 78.5692 429
-79.4799 78.5692 429
-80.2112 78.5692 429
-80.9425 78.5692 429
-81.6739 78.5692 429
-82.4052 78.5692 429
-83.3303 78.7524 430
-84.0634 78.7524 430
-84.9936 78.9355 431
-85.9273 79.1187 432
-86.6637 79.1187 432
-87.4002 79.1187 432
-88.1366 79.1187 432
-88.8731 79.1187 432
-89.4021 78.9355 431
-89.9277 78.7524 430
-90.2391 78.3861 428
-3.02178 87.4536 482
-3.84346 87.4536 482
-4.66515 87.4536 482
-5.48684 87.4536 482
-6.29544 87.2721 481
-7.11543 87.2721 481
-7.93541 87.2721 481
-8.73719 87.0907 480
-9.55547 87.0907 480
-10.3737 87.0907 480
-11.1687 86.9093 479
-11.9853 86.9093 479
-12.7751 86.7278 478
-13.59 86.7278 478
-14.3747 86.5464 477
-15.1879 86.5464 477
-15.934 86.1835 475
-16.7437 86.1835 475
-17.5535 86.1835 475
-18.3246 86.0021 474
-19.1326 86.0021 474
-19.8986 85.8206 473
-20.705 85.8206 473
-21.5113 85.8206 473
-22.2705 85.6392 472
-23.0262 85.4578 471
-23.8292 85.4578 471
-24.6321 85.4578 471
-25.435 85.4578 471
-75.6623 76.9301 424
-76.7454 77.293 426
-77.4716 77.293 426
-78.7485 77.8373 429
-79.4799 77.8373 429
-80.2112 77.8373 429
-80.9425 77.8373 429
-81.6739 77.8373 429
-82.4052 77.8373 429
-83.3303 78.0188 430
-84.0634 78.0188 430
-84.9936 78.2002 431
-85.7284 78.2002 431
-86.4631 78.2002 431
-87.1979 78.2002 431
-87.9326 78.2002 431
-88.6674 78.2002 431
-89.1947 78.0188 430
-89.5095 77.6559 428
-90.0282 77.4744 427
-6.28235 86.2718 480
-7.10063 86.2718 480
-7.91891 86.2718 480
-8.73719 86.2718 480
-9.55547 86.2718 480
-10.3737 86.2718 480
-11.1687 86.092 479
-11.9853 86.092 479
-12.8019 86.092 479
-13.6184 86.092 479
-14.4049 85.9123 478
-15.1879 85.7326 477
-15.9675 85.5528 476
-16.779 85.5528 476
-17.5535 85.3731 475
-18.3246 85.1934 474
-19.1326 85.1934 474
-19.8986 85.0136 473
-20.705 85.0136 473
-21.5113 85.0136 473
-22.2705 84.8339 472
-23.0262 84.6542 471
-23.8292 84.6542 471
-24.6321 84.6542 471
-25.435 84.6542 471
-78.7485 77.1054 429
-79.4799 77.1054 429
-80.2112 77.1054 429
-80.7539 76.9257 428
-81.4835 76.9257 428
-82.2131 76.9257 428
-82.9428 76.9257 428
-83.6724 76.9257 428
-84.5992 77.1054 429
-85.7284 77.4649 431
-86.4631 77.4649 431
-87.1979 77.4649 431
-87.9326 77.4649 431
-88.6674 77.4649 431
-89.1947 77.2851 430
-89.5095 76.9257 428
-90.0282 76.7459 427
-3.82752 85.4529 480
-4.6458 85.4529 480
-5.46407 85.4529 480
-6.28235 85.4529 480
-7.10063 85.4529 480
-7.91891 85.4529 480
-8.73719 85.4529 480
-9.55547 85.4529 480
-10.3737 85.4529 480
-11.192 85.4529 480
-11.9853 85.2748 479
-12.8019 85.2748 479
-13.6184 85.2748 479
-14.4049 85.0968 478
-15.1879 84.9188 477
-15.9675 84.7407 476
-16.779 84.7407 476
-17.5535 84.5627 475
-18.3246 84.3847 474
-19.1326 84.3847 474
-19.8986 84.2067 473
-20.705 84.2067 473
-21.5113 84.2067 473
-22.2705 84.0286 472
-23.0262 83.8506 471
-23.8292 83.8506 471
-24.6321 83.8506 471
-25.435 83.8506 471
-79.1093 76.0174 427
-79.8373 76.0174 427
-80.5652 76.0174 427
-81.2931 76.0174 427
-81.829 75.8394 426
-82.9428 76.1955 428
-83.6724 76.1955 428
-84.402 76.1955 428
-85.3306 76.3735 429
-86.0619 76.3735 429
-86.7932 76.3735 429
-87.5246 76.3735 429
-88.2559 76.3735 429
-88.7798 76.1955 428
-89.0912 75.8394 426
-89.6066 75.6614 425
-3.82752 84.6339 480
-4.6458 84.6339 480
-5.46407 84.6339 480
-6.28235 84.6339 480
-7.10063 84.6339 480
-7.91891 84.6339 480
-8.73719 84.6339 480
-9.55547 84.6339 480
-10.3737 84.6339 480
-11.192 84.6339 480
-12.0103 84.6339 480
-12.8019 84.4576 479
-13.6184 84.4576 479
-14.4049 84.2813 478
-15.1879 84.105 477
-15.9675 83.9286 476
-16.779 83.9286 476
-17.5904 83.9286 476
-18.3632 83.7523 475
-19.1326 83.576 474
-19.9407 83.576 474
-20.7487 83.576 474
-21.5113 83.3997 473
-22.2705 83.2234 472
-23.0751 83.2234 472
-23.8797 83.2234 472
-24.5798 82.8707 470
-25.381 82.8707 470
-78.9241 75.1126 426
-79.6503 75.1126 426
-80.3765 75.1126 426
-81.1027 75.1126 426
-81.829 75.1126 426
-82.5552 75.1126 426
-83.2814 75.1126 426
-84.0076 75.1126 426
-86.7085 74.9363 425
-87.433 74.9363 425
-88.1575 74.9363 425
-88.882 74.9363 425
-3.82752 83.815 480
-4.6458 83.815 480
-5.46407 83.815 480
-6.28235 83.815 480
-7.10063 83.815 480
-7.91891 83.815 480
-8.73719 83.815 480
-9.55547 83.815 480
-10.3737 83.815 480
-11.192 83.815 480
-12.0103 83.815 480
-12.8019 83.6404 479
-13.6184 83.6404 479
-14.435 83.6404 479
-15.2197 83.4658 478
-16.0011 83.2911 477
-16.8142 83.2911 477
-17.5904 83.1165 476
-18.3632 82.9419 475
-19.1326 82.7673 474
-19.9407 82.7673 474
-20.7487 82.7673 474
-21.5113 82.5927 473
-22.2705 82.4181 472
-23.0751 82.4181 472
-23.8797 82.4181 472
-78.9241 74.3858 426
-79.6503 74.3858 426
-80.3765 74.3858 426
-81.1027 74.3858 426
-81.829 74.3858 426
-82.5552 74.3858 426
-83.2814 74.3858 426
-84.0076 74.3858 426
-3.82752 82.9961 480
-4.6458 82.9961 480
-5.46407 82.9961 480
-6.28235 82.9961 480
-7.10063 82.9961 480
-7.91891 82.9961 480
-8.73719 82.9961 480
-9.55547 82.9961 480
-10.3737 82.9961 480
-11.192 82.9961 480
-12.0103 82.9961 480
-12.8019 82.8232 479
-13.6184 82.8232 479
-14.435 82.8232 479
-15.2197 82.6502 478
-16.0011 82.4773 477
-16.8142 82.4773 477
-17.6274 82.4773 477
-18.3632 82.1315 475
-19.1326 81.9586 474
-19.9407 81.9586 474
-20.7487 81.9586 474
-21.5568 81.9586 474
-22.2705 81.6128 472
-23.0751 81.6128 472
-23.8797 81.6128 472
-79.2763 73.3132 424
-79.9992 73.3132 424
-80.722 73.3132 424
-81.4448 73.3132 424
-82.1676 73.3132 424
-82.8904 73.3132 424
-3.82752 82.1771 480
-4.6458 82.1771 480
-5.46407 82.1771 480
-6.28235 82.1771 480
-7.10063 82.1771 480
-7.91891 82.1771 480
-8.73719 82.1771 480
-9.55547 82.1771 480
-10.3737 82.1771 480
-11.192 82.1771 480
-12.0103 82.1771 480
-12.8019 82.0059 479
-13.6184 82.0059 479
-14.435 82.0059 479
-15.2197 81.8347 478
-16.0011 81.6635 477
-16.8142 81.6635 477
-17.6274 81.6635 477
-18.3632 81.3211 475
-19.1326 81.1499 474
-19.9407 81.1499 474
-20.7487 81.1499 474
-21.5568 81.1499 474
-22.2705 80.8075 472
-3.82752 81.3582 480
-4.6458 81.3582 480
-5.46407 81.3582 480
-6.28235 81.3582 480
-7.10063 81.3582 480
-7.91891 81.3582 480
-8.73719 81.3582 480
-9.55547 81.3582 480
-10.3737 81.3582 480
-11.192 81.3582 480
-12.0103 81.3582 480
-12.8019 81.1887 479
-13.6184 81.1887 479
-14.435 81.1887 479
-15.2197 81.0192 478
-16.0011 80.8497 477
-16.8142 80.8497 477
-17.6274 80.8497 477
-18.3632 80.5107 475
-19.1326 80.3412 474
-19.9407 80.3412 474
-20.7487 80.3412 474
-21.5568 80.3412 474
-22.3648 80.3412 474
-23.1729 80.3412 474
-3.82752 80.5393 480
-4.6458 80.5393 480
-5.46407 80.5393 480
-6.28235 80.5393 480
-7.10063 80.5393 480
-7.91891 80.5393 480
-8.73719 80.5393 480
-9.57538 80.7071 481
-10.3954 80.7071 481
-11.2153 80.7071 481
-12.0353 80.7071 481
-12.8019 80.3715 479
-13.6184 80.3715 479
-14.435 80.3715 479
-15.2197 80.2037 478
-16.0011 80.0359 477
-16.8142 80.0359 477
-17.6274 80.0359 477
-18.3632 79.7003 475
-19.1326 79.5325 474
-19.9407 79.5325 474
-20.7487 79.5325 474
-21.5568 79.5325 474
-22.3648 79.5325 474
-23.1729 79.5325 474
-6.28235 79.7203 480
-7.10063 79.7203 480
-7.91891 79.7203 480
-8.73719 79.7203 480
-9.57538 79.8864 481
-10.3954 79.8864 481
-11.2153 79.8864 481
-12.0353 79.8864 481
-12.8019 79.5543 479
-13.6184 79.5543 479
-14.435 79.5543 479
-15.2197 79.3882 478
-16.0011 79.2221 477
-16.8142 79.2221 477
-17.6274 79.2221 477
-18.3632 78.8899 475
-19.1326 78.7238 474
-19.9407 78.7238 474
-20.7487 78.7238 474
-21.5568 78.7238 474
-22.3648 78.7238 474
-23.1729 78.7238 474
-2.19552 79.0658 481
-3.01551 79.0658 481
-3.83549 79.0658 481
-4.65547 79.0658 481
-5.46407 78.9014 480
-6.29544 79.0658 481
-7.11543 79.0658 481
-7.93541 79.0658 481
-8.75539 79.0658 481
-9.57538 79.0658 481
-10.3954 79.0658 481
-11.2153 79.0658 481
-12.0353 79.0658 481
-12.8019 78.737 479
-13.6184 78.737 479
-14.435 78.737 479
-15.2197 78.5727 478
-16.0011 78.4083 477
-16.8142 78.4083 477
-17.6274 78.4083 477
-18.3632 78.0795 475
-19.1326 77.9151 474
-19.9407 77.9151 474
-20.7487 77.9151 474
-21.5568 77.9151 474
-0.556711 78.4078 482
-1.3784 78.4078 482
-2.20009 78.4078 482
-3.02178 78.4078 482
-3.84346 78.4078 482
-4.65547 78.2452 481
-5.47546 78.2452 481
-6.29544 78.2452 481
-7.11543 78.2452 481
-7.93541 78.2452 481
-8.75539 78.2452 481
-9.57538 78.2452 481
-10.3954 78.2452 481
-11.2153 78.2452 481
-12.0353 78.2452 481
-12.8286 78.0825 480
-13.6469 78.0825 480
-14.435 77.9198 479
-15.2197 77.7571 478
-16.0011 77.5945 477
-16.8142 77.5945 477
-17.6274 77.5945 477
-18.3632 77.2691 475
-19.1326 77.1065 474
-19.9407 77.1065 474
-20.7487 77.1065 474
-0.556711 77.5855 482
-1.3784 77.5855 482
-2.20009 77.5855 482
-3.02178 77.5855 482
-3.84346 77.5855 482
-4.65547 77.4245 481
-5.47546 77.4245 481
-6.29544 77.4245 481
-7.11543 77.4245 481
-7.93541 77.4245 481
-8.75539 77.4245 481
-9.57538 77.4245 481
-10.3954 77.4245 481
-11.2153 77.4245 481
-12.0353 77.4245 481
-12.8286 77.2636 480
-13.6469 77.2636 480
-14.435 77.1026 479
-15.2197 76.9416 478
-16.0011 76.7807 477
-16.8142 76.7807 477
-17.6274 76.7807 477
-18.3632 76.4587 475
-19.1326 76.2978 474
-19.9407 76.2978 474
-20.7487 76.2978 474
-0.556711 76.7631 482
-1.3784 76.7631 482
-2.20009 76.7631 482
-3.02178 76.7631 482
-3.84346 76.7631 482
-4.65547 76.6039 481
-5.47546 76.6039 481
-6.29544 76.6039 481
-7.11543 76.6039 481
-7.93541 76.6039 481
-8.75539 76.6039 481
-9.57538 76.6039 481
-10.3954 76.6039 481
-11.2153 76.6039 481
-12.0353 76.6039 481
-12.8286 76.4446 480
-13.6469 76.4446 480
-14.435 76.2854 479
-15.2197 76.1261 478
-16.0011 75.9668 477
-16.8142 75.9668 477
-17.6274 75.9668 477
-18.3632 75.6483 475
-19.1326 75.4891 474
-19.9407 75.4891 474
-20.7487 75.4891 474
-0.556711 75.9408 482
-1.3784 75.9408 482
-2.20009 75.9408 482
-3.02178 75.9408 482
-3.84346 75.9408 482
-4.66515 75.9408 482
-5.47546 75.7832 481
-6.29544 75.7832 481
-7.11543 75.7832 481
-7.93541 75.7832 481
-8.75539 75.7832 481
-9.57538 75.7832 481
-10.3954 75.7832 481
-11.2153 75.7832 481
-12.0353 75.7832 481
-12.8286 75.6257 480
-13.6469 75.6257 480
-14.435 75.4681 479
-15.2197 75.3106 478
-16.0011 75.153 477
-16.8142 75.153 477
-17.6274 75.153 477
-18.3632 74.8379 475
-19.1326 74.6804 474
-19.9407 74.6804 474
-2.20009 75.1185 482
-3.02178 75.1185 482
-3.84346 75.1185 482
-4.66515 75.1185 482
-5.47546 74.9626 481
-6.29544 74.9626 481
-7.11543 74.9626 481
-7.93541 74.9626 481
-8.75539 74.9626 481
-9.57538 74.9626 481
-10.3954 74.9626 481
-11.2153 74.9626 481
-12.0353 74.9626 481
-12.8553 74.9626 481
-13.6469 74.8068 480
-14.435 74.6509 479
-15.2197 74.4951 478
-16.0011 74.3392 477
-16.8142 74.3392 477
-17.6274 74.3392 477
-18.4406 74.3392 477
-19.1326 73.8717 474
-19.9407 73.8717 474
-2.20009 74.2961 482
-3.02178 74.2961 482
-3.84346 74.2961 482
-4.66515 74.2961 482
-5.47546 74.142 481
-6.29544 74.142 481
-7.11543 74.142 481
-7.93541 74.142 481
-8.75539 74.142 481
-9.57538 74.142 481
-10.3954 74.142 481
-11.2153 74.142 481
-12.0353 74.142 481
-12.8553 74.142 481
-13.6469 73.9878 480
-14.435 73.8337 479
-15.2197 73.6796 478
-16.0011 73.5254 477
-16.8142 73.5254 477
-17.6274 73.5254 477
-18.4406 73.5254 477
-3.01551 73.3213 481
-3.83549 73.3213 481
-4.65547 73.3213 481
-5.47546 73.3213 481
-6.29544 73.3213 481
-7.11543 73.3213 481
-7.93541 73.3213 481
-8.75539 73.3213 481
-9.57538 73.3213 481
-10.3954 73.3213 481
-11.2153 73.3213 481
-12.0353 73.3213 481
-12.8553 73.3213 481
-13.6469 73.1689 480
-14.435 73.0165 479
-15.2197 72.864 478
-16.0011 72.7116 477
-16.8142 72.7116 477
-17.6274 72.7116 477
-18.4406 72.7116 477
-3.01551 72.5007 481
-3.83549 72.5007 481
-4.65547 72.5007 481
-5.47546 72.5007 481
-6.29544 72.5007 481
-7.11543 72.5007 481
-7.93541 72.5007 481
-8.75539 72.5007 481
-9.57538 72.5007 481
-10.3954 72.5007 481
-11.2153 72.5007 481
-12.0353 72.5007 481
-12.8553 72.5007 481
-13.6469 72.35 480
-14.435 72.1992 479
-15.2197 72.0485 478
-16.0011 71.8978 477
-16.8142 71.8978 477
-17.6274 71.8978 477
-18.4019 71.7471 476
-4.65547 71.6801 481
-5.47546 71.6801 481
-6.29544 71.6801 481
-7.11543 71.6801 481
-7.93541 71.6801 481
-8.75539 71.6801 481
-9.57538 71.6801 481
-10.3954 71.6801 481
-11.2153 71.6801 481
-12.0353 71.6801 481
-12.8553 71.6801 481
-13.6469 71.5311 480
-14.435 71.382 479
-15.2197 71.233 478
-16.0011 71.084 477
-16.8142 71.084 477
-17.5904 70.935 476
-4.65547 70.8594 481
-5.47546 70.8594 481
-6.29544 70.8594 481
-7.11543 70.8594 481
-7.93541 70.8594 481
-8.75539 70.8594 481
-9.57538 70.8594 481
-10.3954 70.8594 481
-11.2153 70.8594 481
-12.0353 70.8594 481
-12.8553 70.8594 481
-13.6469 70.7121 480
-14.435 70.5648 479
-15.1879 70.2702 477
-15.9675 70.1228 476
-16.779 70.1228 476
-17.5904 70.1228 476
-4.65547 70.0388 481
-5.47546 70.0388 481
-6.29544 70.0388 481
-7.11543 70.0388 481
-7.93541 70.0388 481
-8.75539 70.0388 481
-9.57538 70.0388 481
-10.3954 70.0388 481
-11.2153 70.0388 481
-12.0353 70.0388 481
-12.8553 70.0388 481
-13.6469 69.8932 480
-14.435 69.7476 479
-15.1879 69.4564 477
-15.9675 69.3107 476
-16.779 69.3107 476
-17.5904 69.3107 476
-4.65547 69.2182 481
-5.47546 69.2182 481
-6.29544 69.2182 481
-7.11543 69.2182 481
-7.93541 69.2182 481
-8.75539 69.2182 481
-9.57538 69.2182 481
-10.3954 69.2182 481
-11.2153 69.2182 481
-12.0103 69.0743 480
-12.8286 69.0743 480
-13.6469 69.0743 480
-14.435 68.9304 479
-15.1561 68.4986 476
-15.9675 68.4986 476
-16.779 68.4986 476
-17.5535 68.3547 475
-4.65547 68.3975 481
-5.47546 68.3975 481
-6.29544 68.3975 481
-7.11543 68.3975 481
-7.93541 68.3975 481
-8.75539 68.3975 481
-9.57538 68.3975 481
-10.3954 68.3975 481
-11.192 68.2553 480
-12.0103 68.2553 480
-12.8286 68.2553 480
-13.6469 68.2553 480
-14.4049 67.9709 478
-15.1561 67.6865 476
-15.9675 67.6865 476
-16.779 67.6865 476
-4.65547 67.5769 481
-5.47546 67.5769 481
-6.29544 67.5769 481
-7.11543 67.5769 481
-7.93541 67.5769 481
-8.75539 67.5769 481
-9.57538 67.5769 481
-10.3954 67.5769 481
-11.192 67.4364 480
-12.0103 67.4364 480
-12.8286 67.4364 480
-13.6469 67.4364 480
-14.4049 67.1554 478
-15.1561 66.8744 476
-15.9675 66.8744 476
-16.779 66.8744 476
-4.65547 66.7562 481
-5.47546 66.7562 481
-6.29544 66.7562 481
-7.11543 66.7562 481
-7.93541 66.7562 481
-8.75539 66.7562 481
-9.57538 66.7562 481
-10.3737 66.6175 480
-11.192 66.6175 480
-11.9853 66.4787 479
-12.8019 66.4787 479
-13.6184 66.4787 479
-14.4049 66.3399 478
-15.1561 66.0623 476
-15.9675 66.0623 476
-16.779 66.0623 476
-4.65547 65.9356 481
-5.47546 65.9356 481
-6.29544 65.9356 481
-7.11543 65.9356 481
-7.93541 65.9356 481
-8.75539 65.9356 481
-9.57538 65.9356 481
-10.3737 65.7985 480
-11.1687 65.6615 479
-11.9853 65.6615 479
-12.8019 65.6615 479
-13.6184 65.6615 479
-14.4049 65.5244 478
-15.1561 65.2502 476
-15.9004 64.9761 474
-16.7085 64.9761 474
-4.6458 64.9796 480
-5.47546 65.115 481
-6.29544 65.115 481
-7.11543 65.115 481
-7.93541 65.115 481
-8.75539 65.115 481
-9.57538 65.115 481
-10.3521 64.8442 479
-11.1687 64.8442 479
-11.9853 64.8442 479
-12.8019 64.8442 479
-13.59 64.7089 478
-14.3446 64.4381 476
-15.1242 64.3027 475
-15.9004 64.1674 474
-16.7085 64.1674 474
-4.6458 64.1607 480
-5.47546 64.2943 481
-6.29544 64.2943 481
-7.11543 64.2943 481
-7.93541 64.2943 481
-8.75539 64.2943 481
-9.57538 64.2943 481
-10.3521 64.027 479
-11.1687 64.027 479
-11.9853 64.027 479
-12.8019 64.027 479
-13.59 63.8933 478
-14.3446 63.626 476
-15.0924 63.3587 474
-15.9004 63.3587 474
-16.7085 63.3587 474
-4.6458 63.3418 480
-5.46407 63.3418 480
-6.29544 63.4737 481
-7.11543 63.4737 481
-7.93541 63.4737 481
-8.73719 63.3418 480
-9.55547 63.3418 480
-10.3521 63.2098 479
-11.1454 63.0778 478
-11.9352 62.9459 477
-12.7484 62.9459 477
-13.5616 62.9459 477
-14.3145 62.6819 475
-15.1242 62.6819 475
-15.934 62.6819 475
-16.7085 62.55 474
-4.6458 62.5228 480
-5.46407 62.5228 480
-6.28235 62.5228 480
-7.10063 62.5228 480
-7.91891 62.5228 480
-8.73719 62.5228 480
-9.55547 62.5228 480
-10.3521 62.3926 479
-11.1454 62.2623 478
-11.9352 62.132 477
-12.7484 62.132 477
-13.5616 62.132 477
-14.3145 61.8715 475
-15.1242 61.8715 475
-15.934 61.8715 475
-16.7085 61.7413 474
-4.6458 61.7039 480
-5.46407 61.7039 480
-6.28235 61.7039 480
-7.10063 61.7039 480
-7.91891 61.7039 480
-8.73719 61.7039 480
-9.55547 61.7039 480
-10.3521 61.5753 479
-11.1454 61.4468 478
-11.9352 61.3182 477
-12.7484 61.3182 477
-13.5616 61.3182 477
-14.3446 61.1897 476
-15.1242 61.0611 475
-15.934 61.0611 475
-4.6458 60.885 480
-5.46407 60.885 480
-6.28235 60.885 480
-7.10063 60.885 480
-7.91891 60.885 480
-8.73719 60.885 480
-9.55547 60.885 480
-10.3521 60.7581 479
-11.1454 60.6313 478
-11.9352 60.5044 477
-12.7484 60.5044 477
-13.5616 60.5044 477
-14.3446 60.3776 476
-15.0924 60.1239 474
-15.9004 60.1239 474
-4.6458 60.066 480
-5.46407 60.066 480
-6.28235 60.066 480
-7.10063 60.066 480
-7.91891 60.066 480
-8.73719 60.066 480
-9.55547 60.066 480
-10.3521 59.9409 479
-11.1221 59.6906 477
-11.9352 59.6906 477
-12.7484 59.6906 477
-13.5331 59.5655 476
-14.3446 59.5655 476
-15.0924 59.3152 474
-15.9004 59.3152 474
-4.63612 59.1237 479
-5.45269 59.1237 479
-6.26927 59.1237 479
-7.08584 59.1237 479
-7.90241 59.1237 479
-8.71899 59.1237 479
-9.53556 59.1237 479
-10.3089 58.8768 477
-11.0988 58.7534 476
-11.8852 58.6299 475
-12.695 58.6299 475
-13.5047 58.6299 475
-14.3145 58.6299 475
-15.0924 58.5065 474
-15.9004 58.5065 474
90.812 70.2355 577
89.9841 70.3573 578
88.9987 70.3573 578
88.0134 70.3573 578
87.028 70.3573 578
86.0427 70.3573 578
84.9102 70.2355 577
83.9266 70.2355 577
82.9429 70.2355 577
81.9593 70.2355 577
80.8353 70.1138 576
79.7147 69.9921 575
78.7345 69.9921 575
77.7543 69.9921 575
76.774 69.9921 575
75.9256 70.1138 576
74.9437 70.1138 576
73.9618 70.1138 576
72.5997 69.7486 573
-4.62644 58.1847 478
-5.44131 58.1847 478
-6.25618 58.1847 478
-7.07105 58.1847 478
-7.88592 58.1847 478
-8.70079 58.1847 478
-9.51565 58.1847 478
-10.3305 58.1847 478
-11.0754 57.8195 475
-11.8852 57.8195 475
-12.695 57.8195 475
-13.4763 57.6978 474
-14.2843 57.6978 474
-15.0924 57.6978 474
-15.9004 57.6978 474
-16.638 57.4544 472
-17.3687 57.2109 470
93.438 69.0111 575
92.4577 69.0111 575
91.4775 69.0111 575
90.812 69.2511 577
89.9841 69.3711 578
88.9987 69.3711 578
88.0134 69.3711 578
87.028 69.3711 578
86.0427 69.3711 578
84.9102 69.2511 577
83.9266 69.2511 577
82.9429 69.2511 577
81.9593 69.2511 577
80.8353 69.1311 576
79.7147 69.0111 575
78.7345 69.0111 575
77.7543 69.0111 575
76.774 69.0111 575
75.9256 69.1311 576
74.9437 69.1311 576
73.9618 69.1311 576
72.5997 68.771 573
71.2479 68.411 570
70.2762 68.411 570
69.3045 68.411 570
68.2129 68.2909 569
67.1247 68.1709 568
66.1564 68.1709 568
65.1881 68.1709 568
-4.62644 57.3692 478
-5.44131 57.3692 478
-6.25618 57.3692 478
-7.07105 57.3692 478
-7.88592 57.3692 478
-8.70079 57.3692 478
-9.51565 57.3692 478
-10.3305 57.3692 478
-11.0754 57.0091 475
-11.8852 57.0091 475
-12.695 57.0091 475
-13.4763 56.8891 474
-14.2843 56.8891 474
-15.0924 56.8891 474
-15.9004 56.8891 474
-16.638 56.6491 472
-17.4057 56.5291 471
-18.1699 56.409 470
93.438 68.0301 575
92.4577 68.0301 575
91.4775 68.0301 575
90.812 68.2667 577
89.9841 68.385 578
88.9987 68.385 578
88.0134 68.385 578
87.028 68.385 578
86.0427 68.385 578
84.9102 68.2667 577
83.9266 68.2667 577
82.9429 68.2667 577
81.9593 68.2667 577
80.8353 68.1484 576
79.7147 68.0301 575
78.7345 68.0301 575
77.7543 68.0301 575
76.774 68.0301 575
75.9256 68.1484 576
74.9437 68.1484 576
73.9618 68.1484 576
72.5997 67.7934 573
71.2479 67.4385 570
70.2762 67.4385 570
69.3045 67.4385 570
68.2129 67.3202 569
67.2429 67.3202 569
66.1564 67.2019 568
65.1881 67.2019 568
-4.61676 56.4354 477
-5.42992 56.4354 477
-6.24309 56.4354 477
-7.05625 56.4354 477
-7.86942 56.4354 477
-8.70079 56.5537 478
-9.51565 56.5537 478
-10.3305 56.5537 478
-11.0754 56.1987 475
-11.8852 56.1987 475
-12.695 56.1987 475
-13.4763 56.0804 474
-14.2843 56.0804 474
-15.0605 55.9621 473
-15.8669 55.9621 473
-16.638 55.8438 472
-17.4057 55.7255 471
-18.1699 55.6072 470
93.438 67.049 575
92.4577 67.049 575
91.4775 67.049 575
90.6546 67.1657 576
89.8284 67.2823 577
88.8448 67.2823 577
87.8611 67.2823 577
86.8775 67.2823 577
85.8938 67.2823 577
84.9102 67.2823 577
83.9266 67.2823 577
82.9429 67.2823 577
81.9593 67.2823 577
80.8353 67.1657 576
79.7147 67.049 575
78.7345 67.049 575
77.7543 67.049 575
76.774 67.049 575
75.7938 67.049 575
74.6835 66.9324 574
73.7049 66.9324 574
72.5997 66.8158 573
71.2479 66.466 570
70.2762 66.466 570
69.3045 66.466 570
68.2129 66.3494 569
67.2429 66.3494 569
66.1564 66.2328 568
65.1881 66.2328 568
-5.41854 55.505 476
-6.24309 55.6216 477
-7.05625 55.6216 477
-7.86942 55.6216 477
-8.66438 55.505 476
-9.47584 55.505 476
-11.8602 55.2717 474
-12.6682 55.2717 474
-13.4763 55.2717 474
-14.2843 55.2717 474
-15.0605 55.1551 473
-15.8669 55.1551 473
-16.638 55.0385 472
-17.4057 54.9219 471
-18.1699 54.8053 470
93.438 66.068 575
92.4577 66.068 575
91.4775 66.068 575
90.6546 66.1829 576
89.6727 66.1829 576
88.6908 66.1829 576
87.7088 66.1829 576
86.7269 66.1829 576
85.745 66.1829 576
84.763 66.1829 576
83.6357 66.068 575
82.6554 66.068 575
81.6752 66.068 575
80.695 66.068 575
79.5761 65.9531 574
78.4606 65.8382 573
77.619 65.9531 574
76.6405 65.9531 574
75.662 65.9531 574
74.6835 65.9531 574
73.7049 65.9531 574
72.473 65.7233 572
71.2479 65.4935 570
70.2762 65.4935 570
69.3045 65.4935 570
68.2129 65.3786 569
67.2429 65.3786 569
66.1564 65.2637 568
65.1881 65.2637 568
-4.62644 54.9226 478
-5.44131 54.9226 478
-6.25618 54.9226 478
-7.05625 54.8077 477
-7.86942 54.8077 477
-8.66438 54.6928 476
-9.47584 54.6928 476
-11.8602 54.463 474
-12.6682 54.463 474
-13.4763 54.463 474
-14.2843 54.463 474
-15.0605 54.3481 473
-15.8669 54.3481 473
-16.638 54.2332 472
-17.4057 54.1183 471
93.438 65.087 575
92.4577 65.087 575
91.4775 65.087 575
90.6546 65.2002 576
89.6727 65.2002 576
88.6908 65.2002 576
87.7088 65.2002 576
86.7269 65.2002 576
85.745 65.2002 576
84.763 65.2002 576
83.6357 65.087 575
82.6554 65.087 575
81.6752 65.087 575
80.5546 64.9738 574
79.4375 64.8606 573
78.3237 64.7474 572
77.3486 64.7474 572
76.3735 64.7474 572
75.3984 64.7474 572
74.4232 64.7474 572
73.4481 64.7474 572
72.3463 64.6343 571
71.2479 64.5211 570
70.1529 64.4079 569
69.1829 64.4079 569
68.2129 64.4079 569
67.1247 64.2947 568
-4.62644 54.1071 478
-5.44131 54.1071 478
-6.25618 54.1071 478
-7.05625 53.9939 477
-7.86942 53.9939 477
-8.70079 54.1071 478
-9.51565 54.1071 478
-10.3305 54.1071 478
-11.0754 53.7675 475
-11.8852 53.7675 475
-12.695 53.7675 475
-13.4763 53.6544 474
-14.2843 53.6544 474
-15.0605 53.5412 473
-15.8669 53.5412 473
-16.638 53.428 472
-17.4057 53.3148 471
93.438 64.106 575
92.4577 64.106 575
91.4775 64.106 575
90.4973 64.106 575
89.517 64.106 575
88.5368 64.106 575
87.5566 64.106 575
86.5763 64.106 575
85.5961 64.106 575
84.6159 64.106 575
83.6357 64.106 575
82.6554 64.106 575
81.6752 64.106 575
80.5546 63.9945 574
79.4375 63.883 573
78.3237 63.7716 572
77.3486 63.7716 572
76.3735 63.7716 572
75.3984 63.7716 572
74.4232 63.7716 572
73.4481 63.7716 572
72.3463 63.6601 571
71.2479 63.5486 570
70.1529 63.4371 569
69.1829 63.4371 569
68.2129 63.4371 569
67.1247 63.3256 568
-4.62644 53.2916 478
-5.44131 53.2916 478
-6.25618 53.2916 478
-7.05625 53.1801 477
-7.86942 53.1801 477
-8.70079 53.2916 478
-9.51565 53.2916 478
-10.3305 53.2916 478
-11.0754 52.9571 475
-11.8852 52.9571 475
-12.695 52.9571 475
-13.4763 52.8457 474
-14.2843 52.8457 474
-15.0605 52.7342 473
-15.8669 52.7342 473
-16.638 52.6227 472
-17.4057 52.5112 471
93.2687 62.3565 568
92.463 62.4663 569
91.4929 62.4663 569
90.682 62.5761 570
90.0251 62.7957 572
89.05 62.7957 572
88.0749 62.7957 572
87.0998 62.7957 572
86.1246 62.7957 572
85.1495 62.7957 572
84.1744 62.7957 572
83.1993 62.7957 572
82.2242 62.7957 572
81.2491 62.7957 572
80.2739 62.7957 572
79.2988 62.7957 572
78.1868 62.6859 571
77.2134 62.6859 571
76.1064 62.5761 570
75.1347 62.5761 570
74.163 62.5761 570
73.1913 62.5761 570
72.2196 62.5761 570
70.9979 62.3565 568
70.0296 62.3565 568
69.0613 62.3565 568
68.093 62.3565 568
67.0066 62.2468 567
-2.9967 52.4761 478
-3.81157 52.4761 478
-4.62644 52.4761 478
-5.44131 52.4761 478
-6.25618 52.4761 478
-7.05625 52.3663 477
-7.86942 52.3663 477
-8.70079 52.4761 478
-9.51565 52.4761 478
-10.3305 52.4761 478
-11.0754 52.1467 475
-11.8852 52.1467 475
-12.695 52.1467 475
-13.5047 52.1467 475
-14.2843 52.037 474
-15.0605 51.9272 473
-15.8669 51.9272 473
93.7393 61.0632 565
93.2687 61.3875 568
92.3004 61.3875 568
91.3321 61.3875 568
90.5229 61.4955 569
89.5529 61.4955 569
88.7386 61.6036 570
87.7669 61.6036 570
86.7952 61.6036 570
85.8235 61.6036 570
84.8518 61.6036 570
83.8801 61.6036 570
83.0538 61.7117 571
82.0804 61.7117 571
81.107 61.7117 571
80.1336 61.7117 571
79.1602 61.7117 571
78.0499 61.6036 570
77.0781 61.6036 570
75.9729 61.4955 569
75.0029 61.4955 569
74.0329 61.4955 569
73.0629 61.4955 569
71.9662 61.3875 568
70.9979 61.3875 568
69.9063 61.2794 567
68.9397 61.2794 567
67.9731 61.2794 567
67.0066 61.2794 567
65.807 61.0632 565
64.8438 61.0632 565
63.8806 61.0632 565
62.9175 61.0632 565
61.9543 61.0632 565
60.9911 61.0632 565
60.0279 61.0632 565
-2.9967 51.6606 478
-3.81157 51.6606 478
-4.62644 51.6606 478
-5.44131 51.6606 478
-6.25618 51.6606 478
-7.07105 51.6606 478
-7.86942 51.5525 477
-8.66438 51.4444 476
-9.47584 51.4444 476
-10.2873 51.4444 476
-11.0754 51.3363 475
-11.8852 51.3363 475
-12.695 51.3363 475
-13.5047 51.3363 475
-14.3145 51.3363 475
98.0319 59.7802 562
97.0739 59.7802 562
96.2868 59.8865 563
95.327 59.8865 563
94.3673 59.8865 563
93.7393 60.0993 565
93.2687 60.4184 568
92.3004 60.4184 568
91.3321 60.4184 568
90.5229 60.5248 569
89.5529 60.5248 569
88.7386 60.6311 570
87.7669 60.6311 570
86.7952 60.6311 570
85.8235 60.6311 570
84.8518 60.6311 570
83.8801 60.6311 570
82.7629 60.5248 569
81.9367 60.6311 570
80.965 60.6311 570
79.9933 60.6311 570
79.0216 60.6311 570
77.9129 60.5248 569
76.9429 60.5248 569
75.8394 60.4184 568
74.8711 60.4184 568
73.9028 60.4184 568
72.9345 60.4184 568
71.9662 60.4184 568
70.8729 60.312 567
69.9063 60.312 567
68.9397 60.312 567
67.9731 60.312 567
67.0066 60.312 567
65.807 60.0993 565
64.8438 60.0993 565
63.8806 60.0993 565
62.9175 60.0993 565
61.9543 60.0993 565
60.9911 60.0993 565
60.0279 60.0993 565
58.9602 59.9929 564
-2.9967 50.8451 478
-3.81157 50.8451 478
-4.62644 50.8451 478
-5.44131 50.8451 478
-6.25618 50.8451 478
-7.07105 50.8451 478
-7.86942 50.7387 477
-8.66438 50.6323 476
-9.47584 50.6323 476
-10.2873 50.6323 476
-11.0754 50.526 475
-11.8852 50.526 475
-12.695 50.526 475
-13.5047 50.526 475
-14.3145 50.526 475
98.0319 58.8213 562
97.0739 58.8213 562
96.2868 58.926 563
95.327 58.926 563
94.3673 58.926 563
93.7393 59.1353 565
92.9403 59.24 566
91.9754 59.24 566
91.0106 59.24 566
90.3639 59.4493 568
89.3956 59.4493 568
88.5829 59.554 569
87.6129 59.554 569
86.6429 59.554 569
85.6729 59.554 569
84.7029 59.554 569
83.7329 59.554 569
82.7629 59.554 569
81.9367 59.6587 570
80.965 59.6587 570
79.9933 59.6587 570
79.0216 59.6587 570
77.9129 59.554 569
76.9429 59.554 569
75.8394 59.4493 568
74.8711 59.4493 568
73.9028 59.4493 568
72.9345 59.4493 568
71.9662 59.4493 568
70.8729 59.3447 567
69.9063 59.3447 567
68.9397 59.3447 567
67.9731 59.3447 567
67.0066 59.3447 567
65.807 59.1353 565
64.8438 59.1353 565
63.8806 59.1353 565
62.9175 59.1353 565
61.9543 59.1353 565
60.9911 59.1353 565
60.0279 59.1353 565
58.9602 59.0307 564
-4.62644 50.0295 478
-5.44131 50.0295 478
-6.25618 50.0295 478
-7.07105 50.0295 478
-11.0754 49.7155 475
-11.8852 49.7155 475
-12.695 49.7155 475
-13.5047 49.7155 475
-14.3145 49.7155 475
99.7702 57.7596 561
98.8138 57.7596 561
98.0319 57.8625 562
97.0739 57.8625 562
96.2868 57.9655 563
95.327 57.9655 563
94.3673 57.9655 563
93.5734 58.0684 564
92.7761 58.1714 565
91.9754 58.2743 566
91.0106 58.2743 566
90.0457 58.2743 566
89.2382 58.3773 567
88.4273 58.4803 568
87.459 58.4803 568
86.4907 58.4803 568
85.5224 58.4803 568
84.5541 58.4803 568
83.5858 58.4803 568
82.7629 58.5832 569
81.7929 58.5832 569
80.8229 58.5832 569
79.8529 58.5832 569
78.8829 58.5832 569
77.9129 58.5832 569
76.9429 58.5832 569
75.8394 58.4803 568
74.8711 58.4803 568
73.9028 58.4803 568
72.9345 58.4803 568
71.9662 58.4803 568
70.8729 58.3773 567
69.9063 58.3773 567
68.9397 58.3773 567
67.9731 58.3773 567
66.8884 58.2743 566
65.807 58.1714 565
64.8438 58.1714 565
63.8806 58.1714 565
62.9175 58.1714 565
61.8446 58.0684 564
60.8832 58.0684 564
59.9217 58.0684 564
58.9602 58.0684 564
102.273 56.5999 559
101.502 56.7012 560
100.547 56.7012 560
99.7702 56.8024 561
98.8138 56.8024 561
98.0319 56.9037 562
97.0739 56.9037 562
96.1158 56.9037 562
95.327 57.0049 563
94.3673 57.0049 563
93.5734 57.1062 564
92.6119 57.1062 564
91.6504 57.1062 564
90.689 57.1062 564
89.8866 57.2074 565
89.0808 57.3087 566
88.1159 57.3087 566
87.151 57.3087 566
86.3384 57.4099 567
85.3718 57.4099 567
84.4052 57.4099 567
83.4386 57.4099 567
82.472 57.4099 567
81.6492 57.5112 568
80.8229 57.6124 569
79.8529 57.6124 569
78.8829 57.6124 569
77.776 57.5112 568
76.8077 57.5112 568
75.7059 57.4099 567
74.7393 57.4099 567
73.7727 57.4099 567
72.8061 57.4099 567
71.8395 57.4099 567
70.7479 57.3087 566
69.783 57.3087 566
68.8182 57.3087 566
67.8533 57.3087 566
66.8884 57.3087 566
65.807 57.2074 565
64.8438 57.2074 565
63.7676 57.1062 564
62.8061 57.1062 564
61.8446 57.1062 564
60.8832 57.1062 564
59.9217 57.1062 564
58.9602 57.1062 564
105.508 55.8453 561
104.552 55.8453 561
103.596 55.8453 561
102.639 55.8453 561
101.683 55.8453 561
100.547 55.7458 560
99.7702 55.8453 561
98.8138 55.8453 561
98.0319 55.9449 562
97.0739 55.9449 562
96.1158 55.9449 562
95.327 56.0444 563
94.3673 56.0444 563
93.5734 56.1439 564
92.6119 56.1439 564
91.6504 56.1439 564
90.689 56.1439 564
89.8866 56.2435 565
89.0808 56.343 566
88.1159 56.343 566
87.151 56.343 566
86.3384 56.4426 567
85.3718 56.4426 567
84.4052 56.4426 567
83.4386 56.4426 567
82.472 56.4426 567
81.5054 56.4426 567
80.5388 56.4426 567
79.5723 56.4426 567
78.6057 56.4426 567
77.6391 56.4426 567
76.6725 56.4426 567
75.7059 56.4426 567
74.6075 56.343 566
73.6426 56.343 566
72.6777 56.343 566
71.7128 56.343 566
70.7479 56.343 566
69.783 56.343 566
68.8182 56.343 566
67.8533 56.343 566
66.8884 56.343 566
65.6905 56.1439 564
64.7291 56.1439 564
63.7676 56.1439 564
62.8061 56.1439 564
105.508 54.8882 561
104.552 54.8882 561
103.596 54.8882 561
102.639 54.8882 561
101.683 54.8882 561
100.547 54.7903 560
99.7702 54.8882 561
98.8138 54.8882 561
98.0319 54.986 562
97.0739 54.986 562
96.1158 54.986 562
95.1577 54.986 562
94.1996 54.986 562
93.4075 55.0839 563
92.4477 55.0839 563
91.4879 55.0839 563
90.5282 55.0839 563
89.7275 55.1817 564
88.9234 55.2795 565
87.9602 55.2795 565
86.997 55.2795 565
86.0338 55.2795 565
85.0707 55.2795 565
84.1075 55.2795 565
83.1443 55.2795 565
82.472 55.4752 567
81.5054 55.4752 567
80.5388 55.4752 567
79.5723 55.4752 567
78.6057 55.4752 567
77.6391 55.4752 567
76.6725 55.4752 567
75.7059 55.4752 567
74.6075 55.3774 566
73.6426 55.3774 566
72.6777 55.3774 566
71.7128 55.3774 566
70.7479 55.3774 566
69.783 55.3774 566
68.8182 55.3774 566
67.8533 55.3774 566
66.8884 55.3774 566
65.6905 55.1817 564
64.7291 55.1817 564
63.7676 55.1817 564
62.8061 55.1817 564
106.465 53.9311 561
105.508 53.9311 561
104.552 53.9311 561
103.596 53.9311 561
102.639 53.9311 561
101.683 53.9311 561
100.367 53.7388 559
99.5924 53.8349 560
98.8138 53.9311 561
97.8575 53.9311 561
96.9011 53.9311 561
96.1158 54.0272 562
95.1577 54.0272 562
94.1996 54.0272 562
93.2416 54.0272 562
92.4477 54.1233 563
91.4879 54.1233 563
90.5282 54.1233 563
89.5684 54.1233 563
88.766 54.2195 564
87.9602 54.3156 565
86.997 54.3156 565
86.0338 54.3156 565
85.0707 54.3156 565
84.1075 54.3156 565
83.1443 54.3156 565
82.1811 54.3156 565
81.3617 54.4117 566
80.5388 54.5079 567
79.5723 54.5079 567
78.6057 54.5079 567
77.5021 54.4117 566
76.5372 54.4117 566
75.5724 54.4117 566
74.6075 54.4117 566
73.6426 54.4117 566
72.6777 54.4117 566
71.7128 54.4117 566
70.7479 54.4117 566
69.783 54.4117 566
68.8182 54.4117 566
67.8533 54.4117 566
66.8884 54.4117 566
65.6905 54.2195 564
64.7291 54.2195 564
63.7676 54.2195 564
106.465 52.9739 561
105.508 52.9739 561
104.552 52.9739 561
103.596 52.9739 561
102.639 52.9739 561
101.683 52.9739 561
100.367 52.7851 559
99.5924 52.8795 560
98.6377 52.8795 560
97.8575 52.9739 561
96.9011 52.9739 561
95.9448 52.9739 561
95.1577 53.0684 562
94.1996 53.0684 562
93.2416 53.0684 562
92.2835 53.0684 562
91.4879 53.1628 563
90.5282 53.1628 563
89.5684 53.1628 563
88.766 53.2572 564
87.8045 53.2572 564
86.8431 53.2572 564
85.8816 53.2572 564
85.0707 53.3516 565
84.1075 53.3516 565
83.1443 53.3516 565
82.1811 53.3516 565
81.3617 53.4461 566
80.3968 53.4461 566
79.4319 53.4461 566
78.467 53.4461 566
77.5021 53.4461 566
76.5372 53.4461 566
75.5724 53.4461 566
74.6075 53.4461 566
73.6426 53.4461 566
72.6777 53.4461 566
71.7128 53.4461 566
70.7479 53.4461 566
69.783 53.4461 566
68.8182 53.4461 566
67.8533 53.4461 566
66.8884 53.4461 566
65.6905 53.2572 564
64.7291 53.2572 564
63.7676 53.2572 564
106.465 52.0168 561
105.508 52.0168 561
104.552 52.0168 561
103.596 52.0168 561
102.639 52.0168 561
101.683 52.0168 561
100.367 51.8314 559
99.5924 51.9241 560
98.6377 51.9241 560
97.8575 52.0168 561
96.9011 52.0168 561
95.9448 52.0168 561
95.1577 52.1095 562
94.1996 52.1095 562
93.2416 52.1095 562
92.2835 52.1095 562
91.4879 52.2023 563
90.5282 52.2023 563
89.5684 52.2023 563
88.766 52.295 564
87.8045 52.295 564
86.8431 52.295 564
85.8816 52.295 564
85.0707 52.3877 565
84.1075 52.3877 565
83.1443 52.3877 565
82.1811 52.3877 565
81.2179 52.3877 565
80.3968 52.4804 566
79.4319 52.4804 566
78.467 52.4804 566
77.5021 52.4804 566
76.5372 52.4804 566
75.5724 52.4804 566
74.6075 52.4804 566
73.6426 52.4804 566
72.6777 52.4804 566
71.7128 52.4804 566
70.6229 52.3877 565
69.6597 52.3877 565
68.6966 52.3877 565
67.7334 52.3877 565
66.652 52.295 564
65.6905 52.295 564
64.7291 52.295 564
63.7676 52.295 564
106.275 50.9687 560
105.508 51.0597 561
104.552 51.0597 561
103.596 51.0597 561
102.273 50.8777 559
101.32 50.8777 559
100.367 50.8777 559
99.4145 50.8777 559
98.6377 50.9687 560
97.6831 50.9687 560
96.7284 50.9687 560
95.7737 50.9687 560
94.9884 51.0597 561
94.032 51.0597 561
93.0757 51.0597 561
92.2835 51.1507 562
91.3254 51.1507 562
90.3674 51.1507 562
89.5684 51.2417 563
88.6086 51.2417 563
87.8045 51.3327 564
86.8431 51.3327 564
85.8816 51.3327 564
84.9201 51.3327 564
83.9586 51.3327 564
82.9971 51.3327 564
82.1811 51.4238 565
81.2179 51.4238 565
80.3968 51.5148 566
79.4319 51.5148 566
78.467 51.5148 566
77.5021 51.5148 566
76.5372 51.5148 566
75.5724 51.5148 566
74.6075 51.5148 566
73.6426 51.5148 566
72.6777 51.5148 566
71.7128 51.5148 566
70.6229 51.4238 565
69.6597 51.4238 565
68.6966 51.4238 565
67.7334 51.4238 565
66.652 51.3327 564
65.6905 51.3327 564
64.7291 51.3327 564
63.7676 51.3327 564
105.326 49.5667 555
105.132 49.9239 559
104.179 49.9239 559
103.226 49.9239 559
102.273 49.9239 559
101.32 49.9239 559
100.367 49.9239 559
99.2367 49.8346 558
98.2854 49.8346 558
97.5086 49.9239 559
96.5557 49.9239 559
95.6027 49.9239 559
94.8191 50.0133 560
93.8644 50.0133 560
93.0757 50.1026 561
92.1193 50.1026 561
91.3254 50.1919 562
90.3674 50.1919 562
89.4093 50.1919 562
88.6086 50.2812 563
87.6488 50.2812 563
86.6891 50.2812 563
85.7293 50.2812 563
84.7695 50.2812 563
83.8098 50.2812 563
82.85 50.2812 563
82.0357 50.3705 564
81.2179 50.4598 565
80.2548 50.4598 565
79.2916 50.4598 565
78.3284 50.4598 565
77.3652 50.4598 565
76.402 50.4598 565
75.4388 50.4598 565
74.4757 50.4598 565
73.3824 50.3705 564
72.4209 50.3705 564
71.4594 50.3705 564
70.4979 50.3705 564
69.5365 50.3705 564
68.575 50.3705 564
67.6135 50.3705 564
66.652 50.3705 564
65.6905 50.3705 564
64.7291 50.3705 564
63.6545 50.2812 563
105.895 48.8826 558
105.132 48.9702 559
104.179 48.9702 559
103.226 48.9702 559
102.273 48.9702 559
101.32 48.9702 559
100.008 48.795 557
99.2367 48.8826 558
98.2854 48.8826 558
97.3342 48.8826 558
96.3829 48.8826 558
95.6027 48.9702 559
94.6497 48.9702 559
93.6968 48.9702 559
92.9098 49.0578 560
91.9551 49.0578 560
91.1629 49.1454 561
90.2066 49.1454 561
89.4093 49.233 562
88.4512 49.233 562
87.6488 49.3206 563
86.6891 49.3206 563
85.7293 49.3206 563
84.7695 49.3206 563
83.8098 49.3206 563
82.85 49.3206 563
81.8902 49.3206 563
81.0742 49.4082 564
80.1127 49.4082 564
79.1512 49.4082 564
78.1898 49.4082 564
77.2283 49.4082 564
76.2668 49.4082 564
75.3053 49.4082 564
74.3438 49.4082 564
73.3824 49.4082 564
72.4209 49.4082 564
71.4594 49.4082 564
70.4979 49.4082 564
69.5365 49.4082 564
68.575 49.4082 564
67.6135 49.4082 564
66.5338 49.3206 563
65.4576 49.233 562
64.4995 49.233 562
105.895 47.9306 558
105.132 48.0165 559
104.179 48.0165 559
103.226 48.0165 559
102.273 48.0165 559
101.32 48.0165 559
100.008 47.8447 557
99.2367 47.9306 558
98.2854 47.9306 558
97.3342 47.9306 558
96.3829 47.9306 558
95.6027 48.0165 559
94.6497 48.0165 559
93.6968 48.0165 559
92.9098 48.1024 560
91.9551 48.1024 560
91.1629 48.1883 561
90.2066 48.1883 561
89.4093 48.2742 562
88.4512 48.2742 562
87.6488 48.3601 563
86.6891 48.3601 563
85.7293 48.3601 563
84.7695 48.3601 563
83.8098 48.3601 563
82.85 48.3601 563
81.8902 48.3601 563
80.9304 48.3601 563
80.1127 48.446 564
79.1512 48.446 564
78.1898 48.446 564
77.2283 48.446 564
76.2668 48.446 564
75.1718 48.3601 563
74.212 48.3601 563
73.2523 48.3601 563
72.2925 48.3601 563
71.3327 48.3601 563
70.3729 48.3601 563
69.4132 48.3601 563
68.4534 48.3601 563
67.3737 48.2742 562
66.4157 48.2742 562
65.4576 48.2742 562
64.4995 48.2742 562
105.895 46.9786 558
105.132 47.0628 559
104.179 47.0628 559
103.226 47.0628 559
102.273 47.0628 559
101.32 47.0628 559
100.008 46.8944 557
99.0588 46.8944 557
98.2854 46.9786 558
97.3342 46.9786 558
96.3829 46.9786 558
95.4317 46.9786 558
94.6497 47.0628 559
93.6968 47.0628 559
92.7438 47.0628 559
91.9551 47.147 560
91.0004 47.147 560
90.0458 47.147 560
89.2502 47.2312 561
88.4512 47.3154 562
87.4932 47.3154 562
86.5351 47.3154 562
85.577 47.3154 562
84.619 47.3154 562
83.6609 47.3154 562
82.7028 47.3154 562
81.7448 47.3154 562
80.9304 47.3996 563
80.1127 47.4838 564
79.1512 47.4838 564
78.1898 47.4838 564
77.2283 47.4838 564
76.2668 47.4838 564
75.1718 47.3996 563
74.212 47.3996 563
73.2523 47.3996 563
72.2925 47.3996 563
71.3327 47.3996 563
70.3729 47.3996 563
69.4132 47.3996 563
68.4534 47.3996 563
67.3737 47.3154 562
66.4157 47.3154 562
65.4576 47.3154 562
64.4995 47.3154 562
105.895 46.0266 558
104.944 46.0266 558
104.179 46.1091 559
103.226 46.1091 559
102.273 46.1091 559
101.139 46.0266 558
100.008 45.9441 557
99.0588 45.9441 557
98.1093 45.9441 557
97.1597 45.9441 557
96.2102 45.9441 557
95.2607 45.9441 557
94.4804 46.0266 558
93.5292 46.0266 558
92.5779 46.0266 558
91.7909 46.1091 559
90.8379 46.1091 559
89.885 46.1091 559
89.0911 46.1916 560
88.2938 46.2741 561
87.3375 46.2741 561
86.3811 46.2741 561
85.4248 46.2741 561
84.4684 46.2741 561
83.512 46.2741 561
82.5557 46.2741 561
81.5993 46.2741 561
80.7867 46.3566 562
79.8286 46.3566 562
78.8706 46.3566 562
77.9125 46.3566 562
76.9544 46.3566 562
75.9964 46.3566 562
75.0383 46.3566 562
74.0802 46.3566 562
73.1221 46.3566 562
72.1641 46.3566 562
71.206 46.3566 562
70.2479 46.3566 562
69.2899 46.3566 562
68.3318 46.3566 562
67.3737 46.3566 562
66.4157 46.3566 562
105.516 44.913 556
104.756 44.9938 557
103.807 44.9938 557
102.857 44.9938 557
101.725 44.913 556
100.777 44.913 556
99.8288 44.913 556
98.881 44.913 556
97.9332 44.913 556
96.9853 44.913 556
96.0375 44.913 556
95.0896 44.913 556
94.1418 44.913 556
93.194 44.913 556
92.2461 44.913 556
91.4625 44.9938 557
90.5129 44.9938 557
89.5634 44.9938 557
88.7729 45.0746 558
87.9791 45.1554 559
87.0261 45.1554 559
86.0732 45.1554 559
85.1202 45.1554 559
84.1673 45.1554 559
83.2143 45.1554 559
82.2614 45.1554 559
81.3084 45.1554 559
80.4992 45.2362 560
79.5445 45.2362 560
78.5899 45.2362 560
77.6352 45.2362 560
76.8175 45.3169 561
75.8611 45.3169 561
74.9048 45.3169 561
73.9484 45.3169 561
72.992 45.3169 561
72.0357 45.3169 561
71.0793 45.3169 561
70.1229 45.3169 561
69.1666 45.3169 561
68.2102 45.3169 561
67.2539 45.3169 561
66.2975 45.3169 561
105.516 43.9645 556
104.756 44.0435 557
103.807 44.0435 557
102.857 44.0435 557
101.725 43.9645 556
100.777 43.9645 556
99.8288 43.9645 556
98.881 43.9645 556
97.9332 43.9645 556
96.9853 43.9645 556
96.0375 43.9645 556
95.0896 43.9645 556
94.1418 43.9645 556
93.194 43.9645 556
92.2461 43.9645 556
91.4625 44.0435 557
90.5129 44.0435 557
89.5634 44.0435 557
88.7729 44.1226 558
87.9791 44.2017 559
87.0261 44.2017 559
86.0732 44.2017 559
85.1202 44.2017 559
84.1673 44.2017 559
83.2143 44.2017 559
82.2614 44.2017 559
81.3084 44.2017 559
80.3554 44.2017 559
79.4025 44.2017 559
78.4495 44.2017 559
77.4966 44.2017 559
76.6806 44.2807 560
75.7259 44.2807 560
74.7712 44.2807 560
73.9484 44.3598 561
72.992 44.3598 561
72.0357 44.3598 561
71.0793 44.3598 561
69.9979 44.2807 560
69.0433 44.2807 560
68.0886 44.2807 560
67.134 44.2807 560
131.285 45.0274 582
130.293 45.0274 582
129.301 45.0274 582
127.868 44.8727 580
126.879 44.8727 580
125.891 44.8727 580
124.686 44.7953 579
123.699 44.7953 579
122.712 44.7953 579
106.081 42.8611 554
105.136 42.8611 554
104.38 42.9385 555
103.434 42.9385 555
102.488 42.9385 555
101.542 42.9385 555
100.595 42.9385 555
99.6493 42.9385 555
98.7031 42.9385 555
97.757 42.9385 555
96.8109 42.9385 555
95.8647 42.9385 555
94.9186 42.9385 555
93.9725 42.9385 555
93.0263 42.9385 555
92.0802 42.9385 555
91.1341 42.9385 555
90.3504 43.0159 556
89.4026 43.0159 556
88.4548 43.0159 556
87.6643 43.0932 557
86.7148 43.0932 557
85.7652 43.0932 557
84.8157 43.0932 557
83.8661 43.0932 557
82.9166 43.0932 557
81.967 43.0932 557
81.1629 43.1706 558
80.2117 43.1706 558
79.4025 43.248 559
78.4495 43.248 559
77.4966 43.248 559
76.6806 43.3253 560
75.7259 43.3253 560
74.7712 43.3253 560
73.9484 43.4027 561
72.992 43.4027 561
72.0357 43.4027 561
71.0793 43.4027 561
69.9979 43.3253 560
69.0433 43.3253 560
68.0886 43.3253 560
67.134 43.3253 560
133.27 44.0344 582
132.278 44.0344 582
131.285 44.0344 582
130.293 44.0344 582
129.301 44.0344 582
127.868 43.8831 580
126.879 43.8831 580
125.891 43.8831 580
124.686 43.8075 579
123.699 43.8075 579
122.712 43.8075 579
121.725 43.8075 579
106.081 41.9159 554
105.136 41.9159 554
104.192 41.9159 554
103.247 41.9159 554
102.303 41.9159 554
101.359 41.9159 554
100.414 41.9159 554
99.4697 41.9159 554
98.5253 41.9159 554
97.5809 41.9159 554
96.6364 41.9159 554
95.692 41.9159 554
94.5766 41.8403 553
93.6338 41.8403 553
92.8587 41.9159 554
91.9143 41.9159 554
90.9699 41.9159 554
90.0254 41.9159 554
89.2418 41.9916 555
88.2957 41.9916 555
87.3495 41.9916 555
86.4034 41.9916 555
85.4573 41.9916 555
84.5111 41.9916 555
83.565 41.9916 555
82.6189 41.9916 555
81.6727 41.9916 555
80.7266 41.9916 555
79.9242 42.0673 556
78.9764 42.0673 556
78.0285 42.0673 556
77.0807 42.0673 556
76.2698 42.1429 557
75.3202 42.1429 557
74.3707 42.1429 557
73.553 42.2186 558
72.6017 42.2186 558
71.6505 42.2186 558
70.6992 42.2186 558
69.8729 42.2943 559
68.92 42.2943 559
67.967 42.2943 559
45.0443 38.2086 505
44.2709 38.2842 506
43.4083 38.2842 506
42.5457 38.2842 506
133.27 43.0415 582
132.278 43.0415 582
131.285 43.0415 582
130.293 43.0415 582
129.301 43.0415 582
127.868 42.8936 580
126.879 42.8936 580
125.891 42.8936 580
124.686 42.8196 579
123.699 42.8196 579
122.712 42.8196 579
121.725 42.8196 579
107.97 40.9708 554
107.025 40.9708 554
106.081 40.9708 554
105.136 40.9708 554
104.192 40.9708 554
103.247 40.9708 554
102.118 40.8968 553
101.176 40.8968 553
100.233 40.8968 553
99.2902 40.8968 553
98.3475 40.8968 553
97.4047 40.8968 553
96.462 40.8968 553
95.5193 40.8968 553
94.5766 40.8968 553
93.6338 40.8968 553
92.6911 40.8968 553
91.7484 40.8968 553
90.9699 40.9708 554
90.0254 40.9708 554
89.081 40.9708 554
88.1366 40.9708 554
87.1921 40.9708 554
86.2477 40.9708 554
85.3033 40.9708 554
84.3588 40.9708 554
83.4144 40.9708 554
82.47 40.9708 554
81.5256 40.9708 554
80.5811 40.9708 554
79.6367 40.9708 554
78.8343 41.0447 555
77.8882 41.0447 555
76.942 41.0447 555
76.1328 41.1187 556
75.185 41.1187 556
74.2372 41.1187 556
73.4211 41.1926 557
72.4716 41.1926 557
71.522 41.1926 557
70.4458 41.1187 556
69.498 41.1187 556
45.0443 37.347 505
44.2709 37.421 506
43.4083 37.421 506
42.5457 37.421 506
133.27 42.0485 582
132.278 42.0485 582
131.285 42.0485 582
130.293 42.0485 582
129.301 42.0485 582
127.868 41.904 580
126.879 41.904 580
125.674 41.8318 579
124.686 41.8318 579
123.699 41.8318 579
122.712 41.8318 579
121.725 41.8318 579
107.97 40.0256 554
107.025 40.0256 554
106.081 40.0256 554
105.136 40.0256 554
104.192 40.0256 554
103.061 39.9533 553
102.118 39.9533 553
101.176 39.9533 553
100.233 39.9533 553
99.2902 39.9533 553
98.3475 39.9533 553
97.4047 39.9533 553
96.462 39.9533 553
95.5193 39.9533 553
94.5766 39.9533 553
93.6338 39.9533 553
92.6911 39.9533 553
91.7484 39.9533 553
90.9699 40.0256 554
90.0254 40.0256 554
89.081 40.0256 554
88.1366 40.0256 554
87.1921 40.0256 554
86.2477 40.0256 554
85.3033 40.0256 554
84.3588 40.0256 554
83.4144 40.0256 554
82.47 40.0256 554
81.5256 40.0256 554
80.5811 40.0256 554
79.6367 40.0256 554
78.6923 40.0256 554
77.7478 40.0256 554
76.8034 40.0256 554
75.859 40.0256 554
74.9146 40.0256 554
73.9701 40.0256 554
73.1575 40.0978 555
72.2114 40.0978 555
71.2652 40.0978 555
70.3191 40.0978 555
69.373 40.0978 555
45.9052 36.4854 505
45.0443 36.4854 505
44.2709 36.5577 506
43.4083 36.5577 506
42.5457 36.5577 506
133.041 40.985 581
132.05 40.985 581
131.06 40.985 581
130.069 40.985 581
128.857 40.9145 580
127.648 40.844 579
126.661 40.844 579
125.456 40.7734 578
124.471 40.7734 578
123.486 40.7734 578
122.5 40.7734 578
121.305 40.7029 577
120.113 40.6323 576
109.66 39.0099 553
108.717 39.0099 553
107.97 39.0804 554
107.025 39.0804 554
106.081 39.0804 554
105.136 39.0804 554
104.192 39.0804 554
103.061 39.0099 553
101.934 38.9393 552
100.993 38.9393 552
100.052 38.9393 552
99.1106 38.9393 552
98.1696 38.9393 552
97.0525 38.8688 551
96.1131 38.8688 551
95.1738 38.8688 551
94.2345 38.8688 551
93.4645 38.9393 552
92.5235 38.9393 552
91.5825 38.9393 552
90.6414 38.9393 552
89.8629 39.0099 553
88.9202 39.0099 553
87.9775 39.0099 553
87.0348 39.0099 553
86.092 39.0099 553
85.1493 39.0099 553
84.2066 39.0099 553
83.2639 39.0099 553
82.3211 39.0099 553
81.3784 39.0099 553
80.4357 39.0099 553
79.6367 39.0804 554
78.6923 39.0804 554
77.7478 39.0804 554
76.8034 39.0804 554
75.859 39.0804 554
74.9146 39.0804 554
73.9701 39.0804 554
73.1575 39.1509 555
72.2114 39.1509 555
71.2652 39.1509 555
70.3191 39.1509 555
69.373 39.1509 555
47.627 35.6238 505
46.7661 35.6238 505
45.9052 35.6238 505
45.0443 35.6238 505
44.1834 35.6238 505
43.3225 35.6238 505
42.3775 35.5533 504
41.5183 35.5533 504
40.6591 35.5533 504
132.583 39.8561 579
131.596 39.8561 579
130.609 39.8561 579
129.622 39.8561 579
128.635 39.8561 579
127.427 39.7873 578
126.442 39.7873 578
125.456 39.7873 578
124.256 39.7185 577
123.272 39.7185 577
122.288 39.7185 577
121.305 39.7185 577
120.113 39.6496 576
118.303 39.3743 572
117.328 39.3743 572
116.15 39.3054 571
113.966 38.8924 565
111.003 38.2041 555
110.057 38.2041 555
109.111 38.2041 555
107.775 38.0664 553
106.832 38.0664 553
105.889 38.0664 553
104.757 37.9975 552
103.816 37.9975 552
102.875 37.9975 552
101.749 37.9287 551
100.81 37.9287 551
99.8704 37.9287 551
98.9311 37.9287 551
97.9918 37.9287 551
97.0525 37.9287 551
96.1131 37.9287 551
95.1738 37.9287 551
94.2345 37.9287 551
93.2952 37.9287 551
92.3559 37.9287 551
91.4166 37.9287 551
90.4772 37.9287 551
89.5379 37.9287 551
88.7594 37.9975 552
87.8184 37.9975 552
86.8774 37.9975 552
85.9363 37.9975 552
84.9953 37.9975 552
84.0543 37.9975 552
83.1133 37.9975 552
82.1723 37.9975 552
81.2312 37.9975 552
80.2902 37.9975 552
79.3492 37.9975 552
78.4082 37.9975 552
77.4672 37.9975 552
76.5261 37.9975 552
75.5851 37.9975 552
74.6441 37.9975 552
73.7031 37.9975 552
72.7621 37.9975 552
71.9511 38.0664 553
71.0084 38.0664 553
70.0657 38.0664 553
69.123 38.0664 553
47.627 34.7622 505
46.7661 34.7622 505
45.9052 34.7622 505
45.0443 34.7622 505
44.1834 34.7622 505
43.3225 34.7622 505
42.3775 34.6934 504
41.5183 34.6934 504
40.6591 34.6934 504
39.4051 34.3492 499
132.583 38.8683 579
131.596 38.8683 579
130.609 38.8683 579
129.622 38.8683 579
128.635 38.8683 579
127.427 38.8012 578
126.442 38.8012 578
125.456 38.8012 578
124.256 38.734 577
123.272 38.734 577
122.288 38.734 577
121.305 38.734 577
120.113 38.6669 576
118.303 38.3984 572
117.328 38.3984 572
116.15 38.3312 571
113.966 37.9285 565
111.803 37.5257 559
110.652 37.4586 558
109.7 37.4586 558
107.775 37.1229 553
106.832 37.1229 553
105.889 37.1229 553
104.757 37.0558 552
103.816 37.0558 552
102.875 37.0558 552
101.564 36.9215 550
100.627 36.9215 550
99.6892 36.9215 550
98.7515 36.9215 550
97.8139 36.9215 550
96.8763 36.9215 550
95.9387 36.9215 550
95.0011 36.9215 550
94.0635 36.9215 550
93.1259 36.9215 550
92.1883 36.9215 550
91.2507 36.9215 550
90.4772 36.9887 551
89.5379 36.9887 551
88.5986 36.9887 551
87.6593 36.9887 551
86.72 36.9887 551
85.9363 37.0558 552
84.9953 37.0558 552
84.0543 37.0558 552
83.1133 37.0558 552
82.1723 37.0558 552
81.2312 37.0558 552
80.2902 37.0558 552
79.3492 37.0558 552
78.4082 37.0558 552
77.4672 37.0558 552
76.5261 37.0558 552
75.5851 37.0558 552
74.6441 37.0558 552
73.5696 36.9887 551
72.6302 36.9887 551
71.6909 36.9887 551
70.88 37.0558 552
69.939 37.0558 552
68.998 37.0558 552
47.627 33.9007 505
46.7661 33.9007 505
45.9052 33.9007 505
45.0443 33.9007 505
44.1834 33.9007 505
43.2367 33.8335 504
42.3775 33.8335 504
41.5183 33.8335 504
40.6591 33.8335 504
39.4051 33.4979 499
132.583 37.8805 579
131.596 37.8805 579
130.609 37.8805 579
129.622 37.8805 579
128.412 37.815 578
127.427 37.815 578
126.442 37.815 578
125.239 37.7496 577
124.256 37.7496 577
123.272 37.7496 577
122.288 37.7496 577
121.095 37.6842 576
119.487 37.4879 573
118.303 37.4225 572
117.328 37.4225 572
116.15 37.3571 571
113.966 36.9645 565
111.803 36.572 559
110.652 36.5066 558
109.7 36.5066 558
107.775 36.1794 553
106.832 36.1794 553
105.698 36.114 552
104.757 36.114 552
103.816 36.114 552
102.688 36.0486 551
101.564 35.9832 550
100.627 35.9832 550
99.6892 35.9832 550
98.7515 35.9832 550
97.8139 35.9832 550
96.8763 35.9832 550
95.9387 35.9832 550
95.0011 35.9832 550
94.0635 35.9832 550
93.1259 35.9832 550
92.1883 35.9832 550
91.2507 35.9832 550
90.4772 36.0486 551
89.5379 36.0486 551
88.5986 36.0486 551
87.6593 36.0486 551
86.72 36.0486 551
85.9363 36.114 552
84.9953 36.114 552
84.0543 36.114 552
83.1133 36.114 552
82.1723 36.114 552
81.2312 36.114 552
80.2902 36.114 552
79.3492 36.114 552
78.4082 36.114 552
77.4672 36.114 552
76.3875 36.0486 551
75.4482 36.0486 551
74.5089 36.0486 551
73.5696 36.0486 551
72.4984 35.9832 550
71.5608 35.9832 550
70.6232 35.9832 550
69.6856 35.9832 550
68.748 35.9832 550
48.6799 33.1699 507
47.8156 33.1699 507
46.9513 33.1699 507
45.9961 33.1045 506
45.0443 33.0391 505
44.1834 33.0391 505
43.2367 32.9737 504
42.2934 32.9082 503
41.3536 32.8428 502
40.4978 32.8428 502
39.4051 32.6465 499
38.4772 32.5811 498
132.583 36.8926 579
131.596 36.8926 579
130.609 36.8926 579
129.398 36.8289 578
128.412 36.8289 578
127.207 36.7652 577
126.223 36.7652 577
125.239 36.7652 577
124.256 36.7652 577
123.272 36.7652 577
122.288 36.7652 577
121.095 36.7015 576
119.487 36.5103 573
118.303 36.4466 572
117.328 36.4466 572
115.946 36.3192 570
113.966 36.0006 565
111.803 35.6183 559
110.652 35.5545 558
109.7 35.5545 558
107.775 35.236 553
106.639 35.1722 552
105.506 35.1085 551
104.567 35.1085 551
103.628 35.1085 551
102.316 34.9811 549
101.38 34.9811 549
100.261 34.9174 548
99.3267 34.9174 548
98.3924 34.9174 548
97.4582 34.9174 548
96.524 34.9174 548
95.5898 34.9174 548
94.6556 34.9174 548
93.7214 34.9174 548
92.7872 34.9174 548
92.0207 34.9811 549
91.0847 34.9811 549
90.313 35.0448 550
89.3754 35.0448 550
88.4378 35.0448 550
87.5002 35.0448 550
86.72 35.1085 551
85.7807 35.1085 551
84.8414 35.1085 551
83.902 35.1085 551
82.9627 35.1085 551
82.0234 35.1085 551
81.0841 35.1085 551
80.1448 35.1085 551
79.2055 35.1085 551
78.2661 35.1085 551
77.3268 35.1085 551
76.3875 35.1085 551
75.4482 35.1085 551
74.5089 35.1085 551
73.5696 35.1085 551
72.4984 35.0448 550
71.5608 35.0448 550
70.6232 35.0448 550
69.6856 35.0448 550
68.748 35.0448 550
49.5442 32.3049 507
48.6799 32.3049 507
47.8156 32.3049 507
46.9513 32.3049 507
45.9961 32.2412 506
45.0443 32.1775 505
44.1834 32.1775 505
43.2367 32.1138 504
42.2094 31.9863 502
41.2712 31.9226 501
40.4171 31.9226 501
39.4051 31.7952 499
38.4772 31.7315 498
132.354 35.8428 578
131.369 35.8428 578
130.383 35.8428 578
129.398 35.8428 578
128.19 35.7808 577
127.207 35.7808 577
126.223 35.7808 577
125.239 35.7808 577
124.256 35.7808 577
123.058 35.7188 576
122.077 35.7188 576
120.884 35.6567 575
119.279 35.4707 572
118.097 35.4087 571
117.123 35.4087 571
115.743 35.2847 569
113.966 35.0366 565
111.803 34.6646 559
110.255 34.4785 556
109.307 34.4785 556
107.775 34.2925 553
106.446 34.1685 551
105.315 34.1064 550
104.187 34.0444 549
103.252 34.0444 549
102.129 33.9824 548
101.01 33.9204 547
100.078 33.9204 547
99.1454 33.9204 547
98.2129 33.9204 547
97.2804 33.9204 547
96.1718 33.8584 546
95.241 33.8584 546
94.3102 33.8584 546
93.3794 33.8584 546
92.4486 33.8584 546
91.6854 33.9204 547
90.7529 33.9204 547
89.9846 33.9824 548
89.2129 34.0444 549
88.277 34.0444 549
87.3411 34.0444 549
86.4052 34.0444 549
85.625 34.1064 550
84.6874 34.1064 550
83.7498 34.1064 550
82.8121 34.1064 550
81.8745 34.1064 550
80.9369 34.1064 550
79.9993 34.1064 550
79.0617 34.1064 550
78.1241 34.1064 550
77.1865 34.1064 550
76.2489 34.1064 550
75.1743 34.0444 549
74.1032 33.9824 548
73.169 33.9824 548
72.103 33.9204 547
70.9103 33.7964 545
69.8528 33.7344 544
68.9254 33.7344 544
49.5442 31.4399 507
48.6799 31.4399 507
47.8156 31.4399 507
46.9513 31.4399 507
45.9961 31.3779 506
45.0443 31.3159 505
44.1834 31.3159 505
43.2367 31.2539 504
42.2094 31.1299 502
41.2712 31.0679 501
40.4171 31.0679 501
39.4051 30.9438 499
38.4772 30.8818 498
37.5526 30.8198 497
36.7054 30.8198 497
132.354 34.8566 578
131.369 34.8566 578
130.383 34.8566 578
129.398 34.8566 578
128.19 34.7963 577
127.207 34.7963 577
126.223 34.7963 577
125.239 34.7963 577
124.256 34.7963 577
123.058 34.736 576
122.077 34.736 576
120.884 34.6757 575
119.279 34.4948 572
118.097 34.4345 571
117.123 34.4345 571
115.743 34.3139 569
113.966 34.0727 565
111.803 33.7108 559
110.255 33.5299 556
109.307 33.5299 556
107.775 33.349 553
106.446 33.2284 551
105.315 33.1681 550
104.187 33.1078 549
103.252 33.1078 549
102.129 33.0475 548
101.01 32.9872 547
99.529 32.8063 544
98.6016 32.8063 544
97.6743 32.8063 544
96.7469 32.8063 544
95.8195 32.8063 544
94.8921 32.8063 544
93.9647 32.8063 544
93.0373 32.8063 544
92.2793 32.8666 545
91.5178 32.9269 546
90.587 32.9269 546
89.6562 32.9269 546
88.8879 32.9872 547
88.1162 33.0475 548
87.182 33.0475 548
86.2478 33.0475 548
85.3136 33.0475 548
84.3794 33.0475 548
83.4452 33.0475 548
82.6616 33.1078 549
81.7257 33.1078 549
80.7898 33.1078 549
79.7084 33.0475 548
78.7742 33.0475 548
77.84 33.0475 548
76.9058 33.0475 548
75.9716 33.0475 548
74.9005 32.9872 547
73.8327 32.9269 546
72.902 32.9269 546
71.7075 32.8063 544
70.65 32.7459 543
69.596 32.6856 542
68.672 32.6856 542
49.5442 30.575 507
48.6799 30.575 507
47.8156 30.575 507
46.8587 30.5146 506
45.9052 30.4543 505
45.0443 30.4543 505
44.1834 30.4543 505
43.0651 30.2734 502
42.1253 30.2131 501
41.1064 30.0925 499
40.2558 30.0925 499
39.4051 30.0925 499
38.4772 30.0322 498
37.5526 29.9719 497
36.7054 29.9719 497
131.896 33.7533 576
131.141 33.8119 577
130.158 33.8119 577
129.174 33.8119 577
128.19 33.8119 577
127.207 33.8119 577
126.223 33.8119 577
125.022 33.7533 576
124.04 33.7533 576
122.845 33.6947 575
121.865 33.6947 575
120.674 33.6361 574
119.279 33.5189 572
117.683 33.3431 569
116.713 33.3431 569
115.336 33.2259 567
113.764 33.0501 564
111.603 32.6985 558
109.858 32.4641 554
108.914 32.4641 554
107.385 32.2883 551
106.059 32.1711 549
104.932 32.1125 548
103.808 32.0539 547
102.875 32.0539 547
101.57 31.9367 545
100.456 31.8781 544
99.529 31.8781 544
98.6016 31.8781 544
97.6743 31.8781 544
96.7469 31.8781 544
95.8195 31.8781 544
94.8921 31.8781 544
93.9647 31.8781 544
93.0373 31.8781 544
92.2793 31.9367 545
91.5178 31.9953 546
90.587 31.9953 546
89.6562 31.9953 546
88.8879 32.0539 547
88.1162 32.1125 548
87.182 32.1125 548
86.2478 32.1125 548
85.3136 32.1125 548
84.3794 32.1125 548
83.4452 32.1125 548
82.6616 32.1711 549
81.7257 32.1711 549
80.7898 32.1711 549
79.7084 32.1125 548
78.7742 32.1125 548
77.84 32.1125 548
76.9058 32.1125 548
75.9716 32.1125 548
74.7635 31.9953 546
73.5623 31.8781 544
72.6349 31.8781 544
71.5757 31.8195 543
70.5199 31.7609 542
69.4676 31.7023 541
68.5453 31.7023 541
49.4465 29.6514 506
48.5839 29.6514 506
47.7213 29.6514 506
46.8587 29.6514 506
45.9052 29.5928 505
44.8659 29.4756 503
44.0084 29.4756 503
42.9794 29.3584 501
42.0412 29.2998 500
41.1064 29.2412 499
40.2558 29.2412 499
39.3261 29.1826 498
38.3999 29.124 497
37.5526 29.124 497
36.7054 29.124 497
35.8581 29.124 497
35.0109 29.124 497
34.1636 29.124 497
33.3163 29.124 497
131.896 32.7706 576
130.914 32.7706 576
129.932 32.7706 576
128.95 32.7706 576
127.746 32.7137 575
126.766 32.7137 575
125.786 32.7137 575
124.805 32.7137 575
123.61 32.6568 574
122.631 32.6568 574
121.653 32.6568 574
120.254 32.543 572
118.862 32.4292 570
117.476 32.3155 568
116.508 32.3155 568
115.133 32.2017 566
113.764 32.0879 564
111.203 31.6327 556
109.66 31.4621 553
108.717 31.4621 553
106.995 31.2345 549
105.866 31.1776 548
104.74 31.1207 547
103.428 31.0069 545
102.499 31.0069 545
101.384 30.95 544
100.272 30.8931 543
99.3461 30.8931 543
98.4204 30.8931 543
97.4947 30.8931 543
96.7469 30.95 544
95.8195 30.95 544
94.8921 30.95 544
93.9647 30.95 544
93.0373 30.95 544
92.11 30.95 544
91.1826 30.95 544
90.2552 30.95 544
89.492 31.0069 545
88.7254 31.0638 546
87.9554 31.1207 547
87.0229 31.1207 547
86.2478 31.1776 548
85.3136 31.1776 548
84.3794 31.1776 548
83.4452 31.1776 548
82.511 31.1776 548
81.5768 31.1776 548
80.6426 31.1776 548
79.7084 31.1776 548
78.7742 31.1776 548
77.698 31.1207 547
76.7655 31.1207 547
75.833 31.1207 547
74.7635 31.0638 546
73.5623 30.95 544
72.6349 30.95 544
71.5757 30.8931 543
70.5199 30.8362 542
69.4676 30.7793 541
68.5453 30.7793 541
50.9695 28.6743 504
50.1103 28.6743 504
49.4465 28.7881 506
48.5839 28.7881 506
47.7213 28.7881 506
46.8587 28.7881 506
45.9052 28.7312 505
44.8659 28.6174 503
44.0084 28.6174 503
42.9794 28.5036 501
41.9571 28.3898 499
41.1064 28.3898 499
40.2558 28.3898 499
39.2472 28.276 497
38.3999 28.276 497
37.5526 28.276 497
36.7054 28.276 497
35.8581 28.276 497
35.0109 28.276 497
34.1636 28.276 497
33.3163 28.276 497
32.4038 28.2191 496
133.86 31.7879 576
132.878 31.7879 576
131.896 31.7879 576
130.914 31.7879 576
129.932 31.7879 576
128.726 31.7327 575
127.746 31.7327 575
126.766 31.7327 575
125.786 31.7327 575
124.588 31.6775 574
123.61 31.6775 574
122.418 31.6223 573
121.441 31.6223 573
120.254 31.5671 572
118.444 31.3464 568
117.269 31.2912 567
116.303 31.2912 567
115.133 31.236 566
113.764 31.1256 564
111.203 30.6841 556
109.66 30.5186 553
108.717 30.5186 553
106.995 30.2978 549
105.673 30.1875 547
104.357 30.0771 545
103.049 29.9667 543
102.123 29.9667 543
101.197 29.9667 543
100.272 29.9667 543
99.3461 29.9667 543
98.4204 29.9667 543
97.4947 29.9667 543
96.569 29.9667 543
95.6433 29.9667 543
94.7177 29.9667 543
93.792 29.9667 543
92.8663 29.9667 543
91.9406 29.9667 543
91.1826 30.0219 544
90.2552 30.0219 544
89.3278 30.0219 544
88.5629 30.0771 545
87.7946 30.1323 546
86.8638 30.1323 546
86.0904 30.1875 547
85.1579 30.1875 547
84.3794 30.2426 548
83.4452 30.2426 548
82.511 30.2426 548
81.5768 30.2426 548
80.6426 30.2426 548
79.7084 30.2426 548
78.6305 30.1875 547
77.5559 30.1323 546
76.6251 30.1323 546
75.5557 30.0771 545
74.4897 30.0219 544
73.4271 29.9667 543
72.5014 29.9667 543
71.4439 29.9115 542
70.3898 29.8563 541
69.4676 29.8563 541
68.5453 29.8563 541
50.9695 27.8144 504
50.1103 27.8144 504
49.3488 27.8696 505
48.4879 27.8696 505
47.627 27.8696 505
46.7661 27.8696 505
45.9052 27.8696 505
44.8659 27.7592 503
44.0084 27.7592 503
42.9794 27.6488 501
41.9571 27.5385 499
41.1064 27.5385 499
40.2558 27.5385 499
39.2472 27.4281 497
38.3999 27.4281 497
37.5526 27.4281 497
36.7054 27.4281 497
35.8581 27.4281 497
35.0109 27.4281 497
34.1636 27.4281 497
33.3163 27.4281 497
32.4038 27.3729 496
133.86 30.8052 576
132.878 30.8052 576
131.896 30.8052 576
130.914 30.8052 576
129.932 30.8052 576
128.726 30.7517 575
127.746 30.7517 575
126.766 30.7517 575
125.786 30.7517 575
124.588 30.6982 574
123.61 30.6982 574
122.418 30.6447 573
121.441 30.6447 573
120.254 30.5912 572
118.444 30.3773 568
117.269 30.3238 567
116.303 30.3238 567
115.133 30.2704 566
113.764 30.1634 564
111.203 29.7355 556
109.66 29.5751 553
108.717 29.5751 553
106.995 29.3612 549
105.673 29.2542 547
104.357 29.1473 545
103.049 29.0403 543
102.123 29.0403 543
101.197 29.0403 543
100.272 29.0403 543
99.1631 28.9868 542
98.2391 28.9868 542
97.3152 28.9868 542
96.3912 28.9868 542
95.4672 28.9868 542
94.5432 28.9868 542
93.6193 28.9868 542
92.6953 28.9868 542
91.7713 28.9868 542
91.015 29.0403 543
90.0893 29.0403 543
89.1636 29.0403 543
88.4004 29.0938 544
87.473 29.0938 544
86.5457 29.0938 544
85.7757 29.1473 545
84.8466 29.1473 545
84.0715 29.2007 546
83.1407 29.2007 546
82.2099 29.2007 546
81.2791 29.2007 546
80.3483 29.2007 546
79.272 29.1473 545
78.343 29.1473 545
77.2718 29.0938 544
76.3445 29.0938 544
75.2784 29.0403 543
74.3528 29.0403 543
73.4271 29.0403 543
72.5014 29.0403 543
71.4439 28.9868 542
70.3898 28.9333 541
69.4676 28.9333 541
68.5453 28.9333 541
54.0824 26.7941 501
53.2283 26.7941 501
52.3742 26.7941 501
51.5201 26.7941 501
50.9695 26.9545 504
50.1103 26.9545 504
49.3488 27.008 505
48.4879 27.008 505
47.627 27.008 505
46.7661 27.008 505
45.9052 27.008 505
44.8659 26.901 503
44.0084 26.901 503
42.9794 26.7941 501
41.9571 26.6871 499
41.1064 26.6871 499
40.2558 26.6871 499
39.2472 26.5802 497
38.3999 26.5802 497
37.5526 26.5802 497
36.7054 26.5802 497
35.8581 26.5802 497
35.0109 26.5802 497
34.0949 26.5267 496
33.2493 26.5267 496
32.4038 26.5267 496
133.86 29.8225 576
132.878 29.8225 576
131.896 29.8225 576
130.687 29.7707 575
129.706 29.7707 575
128.726 29.7707 575
127.746 29.7707 575
126.545 29.7189 574
125.567 29.7189 574
124.588 29.7189 574
123.394 29.6671 573
122.418 29.6671 573
121.441 29.6671 573
120.254 29.6154 572
118.444 29.4083 568
117.269 29.3565 567
116.303 29.3565 567
115.133 29.3047 566
113.764 29.2012 564
111.203 28.787 556
109.462 28.5799 552
108.521 28.5799 552
106.995 28.4245 549
105.286 28.2174 545
104.166 28.1657 544
103.049 28.1139 543
102.123 28.1139 543
101.011 28.0621 542
100.087 28.0621 542
99.1631 28.0621 542
98.2391 28.0621 542
97.3152 28.0621 542
96.3912 28.0621 542
95.4672 28.0621 542
94.5432 28.0621 542
93.6193 28.0621 542
92.6953 28.0621 542
91.7713 28.0621 542
91.015 28.1139 543
90.0893 28.1139 543
89.1636 28.1139 543
88.4004 28.1657 544
87.473 28.1657 544
86.5457 28.1657 544
85.7757 28.2174 545
84.8466 28.2174 545
84.0715 28.2692 546
83.1407 28.2692 546
82.2099 28.2692 546
81.2791 28.2692 546
80.3483 28.2692 546
79.272 28.2174 545
78.343 28.2174 545
77.2718 28.1657 544
76.3445 28.1657 544
75.2784 28.1139 543
74.2158 28.0621 542
73.2919 28.0621 542
72.3679 28.0621 542
59.325 25.9911 502
58.4692 25.9911 502
57.6135 25.9911 502
56.6446 25.9393 501
55.7905 25.9393 501
54.9365 25.9393 501
54.0824 25.9393 501
53.2283 25.9393 501
52.3742 25.9393 501
51.5201 25.9393 501
50.8683 26.0429 503
50.0108 26.0429 503
49.2511 26.0947 504
48.4879 26.1464 505
47.627 26.1464 505
46.7661 26.1464 505
45.8143 26.0947 504
44.8659 26.0429 503
44.0084 26.0429 503
42.9794 25.9393 501
41.9571 25.8358 499
41.0241 25.784 498
40.1751 25.784 498
39.3261 25.784 498
38.3999 25.7322 497
34.9404 25.6805 496
34.0949 25.6805 496
33.2493 25.6805 496
32.3384 25.6287 495
133.86 28.8397 576
132.878 28.8397 576
131.896 28.8397 576
130.687 28.7897 575
129.706 28.7897 575
128.502 28.7396 574
127.524 28.7396 574
126.545 28.7396 574
125.567 28.7396 574
124.371 28.6895 573
123.394 28.6895 573
122.204 28.6395 572
121.229 28.6395 572
120.043 28.5894 571
118.236 28.3891 567
117.063 28.3391 566
116.098 28.3391 566
115.133 28.3391 566
113.563 28.1888 563
111.003 27.7883 555
109.264 27.588 551
108.324 27.588 551
106.8 27.4378 548
105.093 27.2375 544
103.783 27.1374 542
102.669 27.0873 541
101.747 27.0873 541
100.825 27.0873 541
99.9024 27.0873 541
98.9801 27.0873 541
98.0579 27.0873 541
97.1356 27.0873 541
96.3912 27.1374 542
95.4672 27.1374 542
94.5432 27.1374 542
93.6193 27.1374 542
92.5243 27.0873 541
91.602 27.0873 541
90.8473 27.1374 542
89.9234 27.1374 542
89.1636 27.1875 543
88.2379 27.1875 543
87.473 27.2375 544
86.5457 27.2375 544
85.6183 27.2375 544
84.6909 27.2375 544
83.7635 27.2375 544
82.8361 27.2375 544
81.9087 27.2375 544
80.9814 27.2375 544
80.054 27.2375 544
79.1266 27.2375 544
78.1992 27.2375 544
77.1298 27.1875 543
76.2041 27.1875 543
75.1398 27.1374 542
74.2158 27.1374 542
73.2919 27.1374 542
72.3679 27.1374 542
61.1582 25.1847 503
60.3007 25.1847 503
59.4432 25.1847 503
58.5857 25.1847 503
57.7282 25.1847 503
56.7577 25.1346 502
55.7905 25.0846 501
54.9365 25.0846 501
54.0824 25.0846 501
53.2283 25.0846 501
52.3742 25.0846 501
51.5201 25.0846 501
50.8683 25.1847 503
50.0108 25.1847 503
49.2511 25.2348 504
48.4879 25.2848 505
47.627 25.2848 505
46.7661 25.2848 505
45.7234 25.1847 503
44.7767 25.1346 502
43.9209 25.1346 502
42.8936 25.0345 500
41.9571 24.9844 499
41.0241 24.9344 498
40.1751 24.9344 498
39.3261 24.9344 498
133.86 27.857 576
132.878 27.857 576
131.896 27.857 576
130.459 27.7603 574
129.481 27.7603 574
128.278 27.7119 573
127.302 27.7119 573
126.104 27.6636 572
125.129 27.6636 572
124.154 27.6636 572
123.179 27.6636 572
121.99 27.6152 571
121.017 27.6152 571
119.623 27.5185 569
118.236 27.4218 567
117.063 27.3734 566
116.098 27.3734 566
114.929 27.325 565
113.361 27.1799 562
110.203 26.648 551
108.669 26.5029 548
106.948 26.3094 544
106.021 26.3094 544
104.707 26.2127 542
103.591 26.1643 541
102.479 26.116 540
101.559 26.116 540
100.638 26.116 540
99.7178 26.116 540
98.7972 26.116 540
98.0579 26.1643 541
97.1356 26.1643 541
96.2133 26.1643 541
95.2911 26.1643 541
94.3688 26.1643 541
93.4465 26.1643 541
92.5243 26.1643 541
91.602 26.1643 541
90.6797 26.1643 541
89.7575 26.1643 541
88.9994 26.2127 542
88.2379 26.2611 543
87.3122 26.2611 543
86.3866 26.2611 543
85.4609 26.2611 543
84.6909 26.3094 544
83.7635 26.3094 544
82.8361 26.3094 544
81.9087 26.3094 544
80.9814 26.3094 544
80.054 26.3094 544
78.9811 26.2611 543
77.9117 26.2127 542
76.9877 26.2127 542
76.0638 26.2127 542
75.0012 26.1643 541
74.0789 26.1643 541
61.1582 24.3265 503
60.3007 24.3265 503
59.4432 24.3265 503
58.5857 24.3265 503
57.7282 24.3265 503
56.7577 24.2782 502
55.7905 24.2298 501
54.9365 24.2298 501
54.0824 24.2298 501
53.2283 24.2298 501
52.3742 24.2298 501
51.5201 24.2298 501
50.7672 24.2782 502
49.9114 24.2782 502
49.1533 24.3265 503
48.3919 24.3749 504
47.5327 24.3749 504
46.6735 24.3749 504
45.7234 24.3265 503
44.7767 24.2782 502
43.9209 24.2782 502
42.8936 24.1814 500
41.9571 24.1331 499
41.0241 24.0847 498
40.1751 24.0847 498
39.3261 24.0847 498
133.627 26.8277 575
132.647 26.8277 575
131.667 26.8277 575
130.459 26.781 574
129.481 26.781 574
128.278 26.7343 573
127.302 26.7343 573
126.104 26.6877 572
125.129 26.6877 572
124.154 26.6877 572
123.179 26.6877 572
121.99 26.641 571
121.017 26.641 571
119.623 26.5477 569
118.236 26.4544 567
117.063 26.4077 566
116.098 26.4077 566
114.929 26.3611 565
113.361 26.2211 562
110.203 25.7079 551
108.669 25.5679 548
106.948 25.3813 544
106.021 25.3813 544
104.707 25.288 542
103.591 25.2413 541
102.479 25.1947 540
101.559 25.1947 540
100.638 25.1947 540
99.7178 25.1947 540
98.7972 25.1947 540
97.8766 25.1947 540
96.7765 25.148 539
96.0355 25.1947 540
95.1149 25.1947 540
94.1944 25.1947 540
93.2738 25.1947 540
92.3532 25.1947 540
91.4327 25.1947 540
90.5121 25.1947 540
89.5916 25.1947 540
88.8352 25.2413 541
88.0754 25.288 542
87.1515 25.288 542
86.2275 25.288 542
85.3035 25.288 542
84.3795 25.288 542
83.6095 25.3346 543
82.6839 25.3346 543
81.7582 25.3346 543
80.8325 25.3346 543
79.9068 25.3346 543
78.9811 25.3346 543
77.9117 25.288 542
76.8457 25.2413 541
75.9234 25.2413 541
75.0012 25.2413 541
74.0789 25.2413 541
62.6232 23.3751 501
61.8924 23.4217 502
61.1582 23.4684 503
60.3007 23.4684 503
59.4432 23.4684 503
58.5857 23.4684 503
57.7282 23.4684 503
56.7577 23.4217 502
55.7905 23.3751 501
54.9365 23.3751 501
54.0824 23.3751 501
53.2283 23.3751 501
52.3742 23.3751 501
51.4173 23.3284 500
50.7672 23.4217 502
49.9114 23.4217 502
49.0556 23.4217 502
48.2959 23.4684 503
47.4384 23.4684 503
46.5809 23.4684 503
45.7234 23.4684 503
44.6875 23.3751 501
43.8334 23.3751 501
42.8936 23.3284 500
41.873 23.2351 498
41.0241 23.2351 498
40.1751 23.2351 498
131.209 25.7567 573
130.232 25.7567 573
129.255 25.7567 573
128.278 25.7567 573
127.08 25.7118 572
125.884 25.6668 571
124.911 25.6668 571
123.72 25.6219 570
122.533 25.5769 569
121.563 25.5769 569
120.593 25.5769 569
118.992 25.4421 566
118.027 25.4421 566
116.856 25.3971 565
115.893 25.3971 565
114.319 25.2623 562
111.142 24.7678 551
109.003 24.4981 545
107.479 24.3633 542
106.358 24.3183 541
105.436 24.3183 541
104.321 24.2734 540
103.209 24.2284 539
102.29 24.2284 539
101.371 24.2284 539
100.266 24.1835 538
99.5331 24.2284 539
98.6142 24.2284 539
97.6954 24.2284 539
96.7765 24.2284 539
96.0355 24.2734 540
95.1149 24.2734 540
94.1944 24.2734 540
93.2738 24.2734 540
92.3532 24.2734 540
91.4327 24.2734 540
90.5121 24.2734 540
89.5916 24.2734 540
88.8352 24.3183 541
88.0754 24.3633 542
87.1515 24.3633 542
86.2275 24.3633 542
85.3035 24.3633 542
84.3795 24.3633 542
83.6095 24.4082 543
82.6839 24.4082 543
81.7582 24.4082 543
80.8325 24.4082 543
79.9068 24.4082 543
78.9811 24.4082 543
77.9117 24.3633 542
76.9877 24.3633 542
76.0638 24.3633 542
75.0012 24.3183 541
74.0789 24.3183 541
65.9077 22.4753 500
65.0553 22.4753 500
64.3313 22.5203 501
63.4772 22.5203 501
62.6232 22.5203 501
61.8924 22.5652 502
61.1582 22.6102 503
60.3007 22.6102 503
59.4432 22.6102 503
58.5857 22.6102 503
57.7282 22.6102 503
56.6446 22.5203 501
55.7905 22.5203 501
54.9365 22.5203 501
54.0824 22.5203 501
53.2283 22.5203 501
52.3742 22.5203 501
51.4173 22.4753 500
50.6661 22.5203 501
49.812 22.5203 501
49.0556 22.5652 502
48.1998 22.5652 502
47.3441 22.5652 502
46.4883 22.5652 502
45.6325 22.5652 502
44.6875 22.5203 501
43.8334 22.5203 501
42.8936 22.4753 500
129.778 24.6927 571
128.804 24.6927 571
127.831 24.6927 571
126.413 24.6062 569
125.223 24.5629 568
124.254 24.5629 568
123.069 24.5197 567
122.102 24.5197 567
120.922 24.4764 566
119.957 24.4764 566
118.992 24.4764 566
117.819 24.4332 565
116.235 24.3035 562
113.021 23.8278 551
112.082 23.8278 551
109.932 23.5683 545
108.403 23.4386 542
107.281 23.3953 541
106.162 23.3521 540
105.241 23.3521 540
104.127 23.3088 539
103.209 23.3088 539
102.1 23.2656 538
101.183 23.2656 538
100.266 23.2656 538
99.3484 23.2656 538
98.4313 23.2656 538
97.6954 23.3088 539
96.7765 23.3088 539
95.8577 23.3088 539
94.9388 23.3088 539
94.0199 23.3088 539
93.1011 23.3088 539
92.1822 23.3088 539
91.2634 23.3088 539
90.5121 23.3521 540
89.5916 23.3521 540
88.8352 23.3953 541
87.9129 23.3953 541
87.1515 23.4386 542
86.2275 23.4386 542
85.3035 23.4386 542
84.3795 23.4386 542
83.4556 23.4386 542
82.5316 23.4386 542
81.6076 23.4386 542
80.6836 23.4386 542
79.7597 23.4386 542
78.8357 23.4386 542
77.9117 23.4386 542
76.9877 23.4386 542
76.0638 23.4386 542
75.0012 23.3953 541
74.0789 23.3953 541
67.6124 21.6223 500
66.76 21.6223 500
65.9077 21.6223 500
65.0553 21.6223 500
64.3313 21.6655 501
63.4772 21.6655 501
62.6232 21.6655 501
61.8924 21.7088 502
61.1582 21.752 503
60.3007 21.752 503
59.4432 21.752 503
58.5857 21.752 503
57.7282 21.752 503
56.6446 21.6655 501
55.7905 21.6655 501
54.9365 21.6655 501
54.0824 21.6655 501
53.2283 21.6655 501
52.3742 21.6655 501
51.4173 21.6223 500
50.6661 21.6655 501
49.812 21.6655 501
49.0556 21.7088 502
48.1998 21.7088 502
47.3441 21.7088 502
46.4883 21.7088 502
45.6325 21.7088 502
129.55 23.6769 570
128.579 23.6769 570
127.607 23.6769 570
126.191 23.5939 568
125.002 23.5523 567
124.035 23.5523 567
122.852 23.5108 566
121.887 23.5108 566
120.922 23.5108 566
119.957 23.5108 566
118.782 23.4692 565
117.402 23.3862 563
116.028 23.3031 561
113.021 22.8877 551
112.082 22.8877 551
109.932 22.6385 545
108.403 22.5139 542
107.082 22.4308 540
106.162 22.4308 540
105.241 22.4308 540
104.127 22.3892 539
103.017 22.3477 538
101.91 22.3062 537
100.995 22.3062 537
100.079 22.3062 537
99.1638 22.3062 537
98.4313 22.3477 538
97.5141 22.3477 538
96.597 22.3477 538
95.8577 22.3892 539
94.9388 22.3892 539
94.0199 22.3892 539
93.1011 22.3892 539
92.1822 22.3892 539
91.2634 22.3892 539
90.3445 22.3892 539
89.4256 22.3892 539
88.671 22.4308 540
87.9129 22.4723 541
87.1515 22.5139 542
86.2275 22.5139 542
85.3035 22.5139 542
84.3795 22.5139 542
83.4556 22.5139 542
82.5316 22.5139 542
81.6076 22.5139 542
80.6836 22.5139 542
79.7597 22.5139 542
78.8357 22.5139 542
77.9117 22.5139 542
76.9877 22.5139 542
76.0638 22.5139 542
75.0012 22.4723 541
74.0789 22.4723 541
67.6124 20.7692 500
66.76 20.7692 500
65.9077 20.7692 500
65.0553 20.7692 500
64.3313 20.8108 501
63.4772 20.8108 501
62.6232 20.8108 501
61.8924 20.8523 502
61.0366 20.8523 502
60.1808 20.8523 502
59.325 20.8523 502
58.4692 20.8523 502
57.6135 20.8523 502
56.6446 20.8108 501
55.7905 20.8108 501
54.9365 20.8108 501
54.0824 20.8108 501
51.4173 20.7692 500
50.6661 20.8108 501
49.812 20.8108 501
48.9579 20.8108 501
48.1998 20.8523 502
47.3441 20.8523 502
46.4883 20.8523 502
45.6325 20.8523 502
129.55 22.7045 570
128.579 22.7045 570
127.607 22.7045 570
126.413 22.6646 569
125.002 22.585 567
124.035 22.585 567
122.852 22.5451 566
121.887 22.5451 566
120.922 22.5451 566
119.957 22.5451 566
118.782 22.5053 565
117.402 22.4256 563
116.028 22.346 561
113.021 21.9476 551
112.082 21.9476 551
109.932 21.7086 545
108.403 21.5891 542
107.082 21.5095 540
106.162 21.5095 540
105.241 21.5095 540
104.127 21.4697 539
103.017 21.4298 538
101.91 21.39 537
100.995 21.39 537
100.079 21.39 537
99.1638 21.39 537
98.2483 21.39 537
97.3329 21.39 537
96.4174 21.39 537
95.6798 21.4298 538
94.7626 21.4298 538
93.8455 21.4298 538
92.9283 21.4298 538
92.0112 21.4298 538
91.094 21.4298 538
90.1769 21.4298 538
89.2597 21.4298 538
88.671 21.5095 540
87.9129 21.5493 541
86.9907 21.5493 541
86.0684 21.5493 541
85.1461 21.5493 541
84.3795 21.5891 542
83.4556 21.5891 542
82.5316 21.5891 542
81.6076 21.5891 542
80.6836 21.5891 542
79.7597 21.5891 542
78.8357 21.5891 542
77.9117 21.5891 542
76.9877 21.5891 542
76.0638 21.5891 542
75.0012 21.5493 541
68.6017 19.956 501
67.7476 19.956 501
66.8936 19.956 501
65.9077 19.9162 500
65.1854 19.956 501
64.3313 19.956 501
63.4772 19.956 501
62.6232 19.956 501
61.7691 19.956 501
61.0366 19.9959 502
60.1808 19.9959 502
59.325 19.9959 502
58.3528 19.956 501
57.4987 19.956 501
56.6446 19.956 501
55.6792 19.9162 500
54.8268 19.9162 500
53.9744 19.9162 500
48.9579 19.956 501
48.1038 19.956 501
47.2497 19.956 501
129.323 21.6938 569
128.353 21.6938 569
127.383 21.6938 569
126.413 21.6938 569
125.002 21.6176 567
124.035 21.6176 567
122.635 21.5413 565
121.672 21.5413 565
120.708 21.5413 565
119.745 21.5413 565
118.362 21.4651 563
116.985 21.3888 561
114.581 21.122 554
112.816 20.9694 550
111.878 20.9694 550
109.73 20.7407 544
108.203 20.6263 541
107.082 20.5882 540
105.965 20.5501 539
105.046 20.5501 539
103.934 20.5119 538
102.826 20.4738 537
101.72 20.4357 536
100.807 20.4357 536
99.8928 20.4357 536
98.9791 20.4357 536
98.2483 20.4738 537
97.3329 20.4738 537
96.4174 20.4738 537
95.6798 20.5119 538
94.7626 20.5119 538
93.8455 20.5119 538
92.9283 20.5119 538
92.0112 20.5119 538
91.094 20.5119 538
90.1769 20.5119 538
89.2597 20.5119 538
88.671 20.5882 540
87.9129 20.6263 541
86.9907 20.6263 541
86.0684 20.6263 541
85.1461 20.6263 541
84.3795 20.6644 542
83.4556 20.6644 542
82.5316 20.6644 542
81.6076 20.6644 542
80.6836 20.6644 542
79.7597 20.6644 542
78.8357 20.6644 542
77.9117 20.6644 542
76.9877 20.6644 542
76.0638 20.6644 542
75.0012 20.6263 541
68.7386 19.1394 502
67.8829 19.1394 502
66.8936 19.1013 501
66.0395 19.1013 501
65.1854 19.1013 501
64.3313 19.1013 501
63.4772 19.1013 501
62.6232 19.1013 501
61.7691 19.1013 501
60.915 19.1013 501
60.0609 19.1013 501
59.2068 19.1013 501
58.3528 19.1013 501
57.4987 19.1013 501
56.5315 19.0631 500
55.6792 19.0631 500
54.8268 19.0631 500
53.9744 19.0631 500
52.9096 18.9869 498
51.9561 18.9488 497
51.1088 18.9488 497
50.4638 19.025 499
49.6131 19.025 499
48.7625 19.025 499
47.9118 19.025 499
47.0611 19.025 499
129.323 20.7231 569
128.353 20.7231 569
127.383 20.7231 569
126.413 20.7231 569
124.782 20.6138 566
123.817 20.6138 566
122.418 20.541 564
121.026 20.4681 562
119.854 20.4317 561
118.897 20.4317 561
117.941 20.4317 561
115.734 20.2132 555
113.96 20.0675 551
111.585 19.8126 544
110.251 19.7397 542
109.327 19.7397 542
108.003 19.6669 540
106.686 19.5941 538
105.572 19.5576 537
104.656 19.5576 537
103.548 19.5212 536
102.443 19.4848 535
101.341 19.4484 534
100.43 19.4484 534
99.5201 19.4484 534
98.7944 19.4848 535
97.8824 19.4848 535
96.9704 19.4848 535
96.0583 19.4848 535
95.3241 19.5212 536
94.4104 19.5212 536
93.6711 19.5576 537
92.7556 19.5576 537
91.8402 19.5576 537
90.9247 19.5576 537
90.0093 19.5576 537
89.0938 19.5576 537
88.5068 19.6305 539
87.7504 19.6669 540
86.9907 19.7033 541
86.0684 19.7033 541
85.1461 19.7033 541
84.2238 19.7033 541
83.3016 19.7033 541
82.3793 19.7033 541
71.448 18.3193 503
70.5905 18.3193 503
69.7331 18.3193 503
68.7386 18.2829 502
67.8829 18.2829 502
66.8936 18.2465 501
66.0395 18.2465 501
65.1854 18.2465 501
64.3313 18.2465 501
63.4772 18.2465 501
62.6232 18.2465 501
61.7691 18.2465 501
60.915 18.2465 501
60.0609 18.2465 501
59.2068 18.2465 501
58.3528 18.2465 501
57.4987 18.2465 501
56.5315 18.2101 500
55.6792 18.2101 500
54.8268 18.2101 500
53.9744 18.2101 500
52.9096 18.1372 498
51.9561 18.1008 497
51.1088 18.1008 497
50.4638 18.1737 499
49.6131 18.1737 499
48.7625 18.1737 499
47.9118 18.1737 499
47.0611 18.1737 499
45.7474 17.9916 494
128.919 19.544 563
129.323 19.7523 569
128.353 19.7523 569
127.383 19.7523 569
126.413 19.7523 569
124.341 19.5787 564
123.379 19.5787 564
121.984 19.5093 562
120.81 19.4746 561
119.427 19.4052 559
117.626 19.2663 555
116.68 19.2663 555
115.108 19.1622 552
112.926 18.9539 546
111.175 18.815 542
109.844 18.7456 540
108.923 18.7456 540
107.403 18.6415 537
106.487 18.6415 537
105.375 18.6067 536
104.462 18.6067 536
103.355 18.572 535
102.251 18.5373 534
101.151 18.5026 533
100.242 18.5026 533
99.3337 18.5026 533
98.4251 18.5026 533
97.5165 18.5026 533
96.7891 18.5373 534
95.8788 18.5373 534
94.9684 18.5373 534
94.0581 18.5373 534
93.3222 18.572 535
92.4102 18.572 535
91.4981 18.572 535
90.4168 18.5373 534
89.5064 18.5373 534
88.5961 18.5373 534
88.0142 18.6067 536
87.7504 18.7456 540
86.9907 18.7803 541
86.0684 18.7803 541
85.1461 18.7803 541
84.2238 18.7803 541
83.3016 18.7803 541
73.3085 17.4959 504
72.4493 17.4959 504
71.5901 17.4959 504
70.5905 17.4612 503
69.7331 17.4612 503
68.7386 17.4265 502
67.8829 17.4265 502
66.8936 17.3917 501
66.0395 17.3917 501
65.1854 17.3917 501
64.3313 17.3917 501
63.3505 17.357 500
62.6232 17.3917 501
61.7691 17.3917 501
60.915 17.3917 501
60.0609 17.3917 501
59.2068 17.3917 501
58.2363 17.357 500
57.3839 17.357 500
56.5315 17.357 500
55.6792 17.357 500
54.7171 17.3223 499
53.8665 17.3223 499
52.9096 17.2876 498
51.9561 17.2529 497
51.1088 17.2529 497
50.4638 17.3223 499
49.6131 17.3223 499
48.7625 17.3223 499
47.9118 17.3223 499
47.0611 17.3223 499
45.7474 17.1487 494
128.919 18.5835 563
129.323 18.7815 569
128.353 18.7815 569
127.383 18.7815 569
126.413 18.7815 569
124.341 18.6165 564
123.379 18.6165 564
121.984 18.5505 562
120.81 18.5175 561
119.427 18.4515 559
117.838 18.3524 556
116.89 18.3524 556
115.108 18.2204 552
112.926 18.0223 546
111.175 17.8903 542
109.844 17.8243 540
108.923 17.8243 540
107.403 17.7253 537
106.487 17.7253 537
105.375 17.6923 536
104.462 17.6923 536
103.355 17.6593 535
102.251 17.6263 534
101.151 17.5932 533
100.242 17.5932 533
99.3337 17.5932 533
98.4251 17.5932 533
97.5165 17.5932 533
96.6079 17.5932 533
95.6992 17.5932 533
94.7906 17.5932 533
94.0581 17.6263 534
93.1478 17.6263 534
92.2374 17.6263 534
91.3271 17.6263 534
90.4168 17.6263 534
89.5064 17.6263 534
88.4302 17.5932 533
87.5216 17.5932 533
87.1004 17.6923 536
86.1867 17.6923 536
85.2729 17.6923 536
73.3085 16.636 504
72.4493 16.636 504
71.5901 16.636 504
70.7309 16.636 504
69.7331 16.603 503
68.8756 16.603 503
67.8829 16.57 502
66.8936 16.537 501
66.0395 16.537 501
65.1854 16.537 501
64.3313 16.537 501
63.3505 16.504 500
62.4982 16.504 500
61.6458 16.504 500
60.7934 16.504 500
59.941 16.504 500
59.0887 16.504 500
58.2363 16.504 500
57.3839 16.504 500
56.4185 16.471 499
55.5678 16.471 499
54.6075 16.438 498
53.7585 16.438 498
52.9096 16.438 498
51.9561 16.405 497
51.1088 16.405 497
50.2615 16.405 497
49.4143 16.405 497
48.567 16.405 497
47.7198 16.405 497
46.8725 16.405 497
45.7474 16.3059 494
137.568 17.7482 567
136.601 17.7482 567
135.635 17.7482 567
134.43 17.7169 566
133.23 17.6856 565
132.033 17.6542 564
131.071 17.6542 564
130.11 17.6542 564
128.919 17.6229 563
127.959 17.6229 563
127 17.6229 563
126.04 17.6229 563
125.08 17.6229 563
124.12 17.6229 563
123.16 17.6229 563
121.984 17.5916 562
120.38 17.4977 559
118.999 17.4351 557
117.838 17.4038 556
116.89 17.4038 556
114.899 17.2473 551
112.099 16.9656 542
110.559 16.8717 539
109.437 16.8404 538
108.52 16.8404 538
107.203 16.7778 536
106.289 16.7778 536
105.179 16.7465 535
104.267 16.7465 535
102.968 16.6839 533
102.06 16.6839 533
101.151 16.6839 533
100.242 16.6839 533
99.3337 16.6839 533
98.4251 16.6839 533
97.5165 16.6839 533
96.6079 16.6839 533
95.6992 16.6839 533
94.7906 16.6839 533
94.0581 16.7152 534
93.1478 16.7152 534
92.2374 16.7152 534
91.3271 16.7152 534
90.4168 16.7152 534
89.5064 16.7152 534
88.4302 16.6839 533
87.5216 16.6839 533
87.1004 16.7778 536
86.1867 16.7778 536
85.2729 16.7778 536
73.3085 15.7761 504
72.4493 15.7761 504
71.5901 15.7761 504
70.7309 15.7761 504
69.7331 15.7448 503
68.8756 15.7448 503
68.0181 15.7448 503
67.0271 15.7135 502
66.0395 15.6822 501
65.1854 15.6822 501
64.3313 15.6822 501
63.3505 15.6509 500
62.4982 15.6509 500
61.5225 15.6196 499
60.6718 15.6196 499
59.8212 15.6196 499
58.9705 15.6196 499
58.1198 15.6196 499
57.2692 15.6196 499
56.4185 15.6196 499
55.4565 15.5883 498
54.6075 15.5883 498
53.7585 15.5883 498
52.9096 15.5883 498
51.9561 15.557 497
51.006 15.5257 496
50.1604 15.5257 496
49.3149 15.5257 496
48.4693 15.5257 496
47.4317 15.4631 494
46.5896 15.4631 494
45.6548 15.4318 493
137.568 16.7808 567
136.601 16.7808 567
135.635 16.7808 567
134.43 16.7512 566
133.23 16.7216 565
132.033 16.692 564
131.071 16.692 564
130.11 16.692 564
128.919 16.6624 563
127.959 16.6624 563
127 16.6624 563
126.04 16.6624 563
124.858 16.6328 562
123.9 16.6328 562
122.942 16.6328 562
121.767 16.6032 561
120.595 16.5736 560
119.64 16.5736 560
118.686 16.5736 560
117.731 16.5736 560
113.648 16.1297 545
111.478 15.9521 539
110.354 15.9225 538
108.623 15.8041 534
107.713 15.8041 534
106.603 15.7745 533
105.694 15.7745 533
104.786 15.7745 533
103.877 15.7745 533
102.775 15.7449 532
101.868 15.7449 532
100.771 15.7153 531
99.8662 15.7153 531
98.961 15.7153 531
98.0558 15.7153 531
97.3335 15.7449 532
96.4266 15.7449 532
95.5197 15.7449 532
94.6127 15.7449 532
93.7058 15.7449 532
92.7989 15.7449 532
91.892 15.7449 532
90.985 15.7449 532
90.0781 15.7449 532
89.1712 15.7449 532
88.2643 15.7449 532
87.3573 15.7449 532
86.4504 15.7449 532
85.5435 15.7449 532
73.3085 14.9163 504
72.4493 14.9163 504
71.5901 14.9163 504
70.7309 14.9163 504
69.7331 14.8867 503
68.8756 14.8867 503
68.0181 14.8867 503
67.0271 14.8571 502
66.0395 14.8275 501
65.1854 14.8275 501
64.3313 14.8275 501
63.3505 14.7979 500
62.4982 14.7979 500
61.5225 14.7683 499
60.6718 14.7683 499
59.8212 14.7683 499
58.9705 14.7683 499
58.1198 14.7683 499
57.2692 14.7683 499
56.4185 14.7683 499
55.4565 14.7387 498
54.6075 14.7387 498
53.7585 14.7387 498
52.9096 14.7387 498
51.9561 14.7091 497
51.006 14.6795 496
50.1604 14.6795 496
49.3149 14.6795 496
48.4693 14.6795 496
47.4317 14.6203 494
46.5896 14.6203 494
45.6548 14.5907 493
41.1778 14.206 480
40.3595 14.206 480
39.5413 14.206 480
38.723 14.206 480
37.9047 14.206 480
36.9319 14.1468 478
139.501 15.8134 567
138.534 15.8134 567
137.568 15.8134 567
136.601 15.8134 567
135.635 15.8134 567
134.43 15.7855 566
133.23 15.7577 565
132.033 15.7298 564
131.071 15.7298 564
130.11 15.7298 564
128.919 15.7019 563
127.732 15.674 562
126.774 15.674 562
125.816 15.674 562
124.636 15.6461 561
123.679 15.6461 561
122.723 15.6461 561
121.332 15.5903 559
120.595 15.6182 560
119.64 15.6182 560
118.686 15.6182 560
117.731 15.6182 560
113.231 15.1441 543
110.444 14.8931 534
109.534 14.8931 534
108.217 14.8373 532
107.31 14.8373 532
106.203 14.8094 531
105.298 14.8094 531
104.392 14.8094 531
103.487 14.8094 531
102.582 14.8094 531
101.485 14.7815 530
100.582 14.7815 530
99.6782 14.7815 530
98.7746 14.7815 530
98.0558 14.8094 531
97.1506 14.8094 531
96.2454 14.8094 531
95.3401 14.8094 531
94.6127 14.8373 532
93.7058 14.8373 532
92.7989 14.8373 532
91.892 14.8373 532
90.985 14.8373 532
89.9088 14.8094 531
89.0036 14.8094 531
88.0984 14.8094 531
87.1931 14.8094 531
73.3085 14.0564 504
72.4493 14.0564 504
71.5901 14.0564 504
70.5905 14.0285 503
69.7331 14.0285 503
68.8756 14.0285 503
68.0181 14.0285 503
67.0271 14.0006 502
66.0395 13.9727 501
65.1854 13.9727 501
64.3313 13.9727 501
63.3505 13.9448 500
62.4982 13.9448 500
61.5225 13.9169 499
60.6718 13.9169 499
59.8212 13.9169 499
58.9705 13.9169 499
58.1198 13.9169 499
57.2692 13.9169 499
56.3054 13.889 498
55.4565 13.889 498
54.6075 13.889 498
53.7585 13.889 498
52.8033 13.8612 497
51.8515 13.8333 496
50.9031 13.8054 495
50.0593 13.8054 495
49.116 13.7775 494
48.1761 13.7496 493
47.3357 13.7496 493
46.4953 13.7496 493
45.377 13.6659 490
41.9961 13.387 480
41.1778 13.387 480
40.3595 13.387 480
39.5413 13.387 480
38.723 13.387 480
37.9047 13.387 480
36.9319 13.3313 478
35.8148 13.2197 474
34.9329 13.1918 473
34.0544 13.1639 472
33.2498 13.1639 472
32.3764 13.136 471
31.3723 13.0524 468
30.5745 13.0524 468
29.7767 13.0524 468
139.501 14.8461 567
138.534 14.8461 567
137.568 14.8461 567
136.36 14.8199 566
135.395 14.8199 566
134.43 14.8199 566
132.994 14.7675 564
132.033 14.7675 564
131.071 14.7675 564
129.879 14.7413 563
128.69 14.7152 562
127.732 14.7152 562
126.774 14.7152 562
125.816 14.7152 562
124.636 14.689 561
123.679 14.689 561
122.723 14.689 561
121.332 14.6366 559
120.595 14.6628 560
119.64 14.6628 560
118.686 14.6628 560
117.731 14.6628 560
113.231 14.2177 543
110.444 13.982 534
109.534 13.982 534
108.217 13.9296 532
107.31 13.9296 532
106.203 13.9035 531
105.298 13.9035 531
104.392 13.9035 531
103.487 13.9035 531
102.582 13.9035 531
101.485 13.8773 530
100.582 13.8773 530
99.6782 13.8773 530
98.7746 13.8773 530
98.0558 13.9035 531
97.1506 13.9035 531
96.2454 13.9035 531
95.3401 13.9035 531
94.4349 13.9035 531
93.5297 13.9035 531
92.6245 13.9035 531
91.7192 13.9035 531
90.814 13.9035 531
89.9088 13.9035 531
89.0036 13.9035 531
88.0984 13.9035 531
74.0205 13.1703 503
73.163 13.1703 503
72.3055 13.1703 503
71.448 13.1703 503
70.5905 13.1703 503
69.7331 13.1703 503
68.8756 13.1703 503
68.0181 13.1703 503
67.0271 13.1441 502
66.0395 13.118 501
65.1854 13.118 501
64.3313 13.118 501
63.3505 13.0918 500
62.4982 13.0918 500
61.5225 13.0656 499
60.6718 13.0656 499
59.8212 13.0656 499
58.9705 13.0656 499
58.0033 13.0394 498
57.1544 13.0394 498
56.3054 13.0394 498
55.4565 13.0394 498
54.4978 13.0132 497
53.6506 13.0132 497
52.6971 12.987 496
51.747 12.9609 495
50.8003 12.9347 494
49.9582 12.9347 494
49.0166 12.9085 493
48.1761 12.9085 493
47.0477 12.8299 490
46.2123 12.8299 490
45.377 12.8299 490
42.8144 12.5681 480
41.9961 12.5681 480
41.1778 12.5681 480
40.3595 12.5681 480
39.5413 12.5681 480
38.723 12.5681 480
37.9047 12.5681 480
36.9319 12.5157 478
35.8148 12.411 474
34.9329 12.3848 473
34.0544 12.3586 472
33.2498 12.3586 472
32.3764 12.3324 471
31.3723 12.2539 468
30.5745 12.2539 468
29.7767 12.2539 468
146.582 14.0011 572
145.607 14.0011 572
144.632 14.0011 572
143.405 13.9766 571
141.684 13.9032 568
140.468 13.8787 567
139.501 13.8787 567
138.534 13.8787 567
137.568 13.8787 567
136.119 13.8298 565
135.156 13.8298 565
133.955 13.8053 564
132.994 13.8053 564
131.798 13.7808 563
130.839 13.7808 563
129.648 13.7563 562
128.69 13.7563 562
127.505 13.7318 561
126.548 13.7318 561
125.592 13.7318 561
124.413 13.7074 560
123.459 13.7074 560
122.504 13.7074 560
120.898 13.6339 557
119.949 13.6339 557
119.64 13.7074 560
118.686 13.7074 560
117.731 13.7074 560
113.231 13.2913 543
110.444 13.071 534
109.329 13.0465 533
108.013 12.9975 531
107.108 12.9975 531
106.003 12.973 530
105.099 12.973 530
104.196 12.973 530
103.292 12.973 530
102.389 12.973 530
101.485 12.973 530
100.582 12.973 530
99.6782 12.973 530
98.7746 12.973 530
97.8711 12.973 530
96.9676 12.973 530
96.2454 12.9975 531
95.3401 12.9975 531
94.4349 12.9975 531
93.5297 12.9975 531
92.6245 12.9975 531
91.7192 12.9975 531
90.814 12.9975 531
89.9088 12.9975 531
89.0036 12.9975 531
88.0984 12.9975 531
75.7355 12.3122 503
74.878 12.3122 503
74.0205 12.3122 503
73.163 12.3122 503
72.3055 12.3122 503
71.448 12.3122 503
70.5905 12.3122 503
69.7331 12.3122 503
68.8756 12.3122 503
68.0181 12.3122 503
67.0271 12.2877 502
66.0395 12.2632 501
65.1854 12.2632 501
64.3313 12.2632 501
63.3505 12.2387 500
62.4982 12.2387 500
61.5225 12.2142 499
60.6718 12.2142 499
59.8212 12.2142 499
58.8523 12.1898 498
58.0033 12.1898 498
57.1544 12.1898 498
56.3054 12.1898 498
55.3451 12.1653 497
54.4978 12.1653 497
53.6506 12.1653 497
52.6971 12.1408 496
51.747 12.1163 495
50.6975 12.0674 493
49.857 12.0674 493
49.0166 12.0674 493
47.9807 12.0184 491
47.0477 11.9939 490
46.2123 11.9939 490
42.8144 11.7492 480
41.9961 11.7492 480
41.1778 11.7492 480
40.3595 11.7492 480
39.5413 11.7492 480
38.5616 11.7002 478
37.7468 11.7002 478
36.7774 11.6513 476
35.8148 11.6023 474
34.9329 11.5778 473
34.0544 11.5534 472
33.2498 11.5534 472
32.3764 11.5289 471
31.3723 11.4554 468
30.5745 11.4554 468
29.7767 11.4554 468
28.7931 11.382 465
152.517 13.1163 576
151.535 13.1163 576
150.553 13.1163 576
149.571 13.1163 576
148.331 13.0935 575
147.094 13.0707 574
146.116 13.0707 574
144.884 13.048 573
143.405 13.0024 571
141.684 12.9341 568
140.468 12.9113 567
139.501 12.9113 567
138.29 12.8886 566
137.325 12.8886 566
136.119 12.8658 565
135.156 12.8658 565
133.955 12.843 564
132.758 12.8203 563
131.564 12.7975 562
130.606 12.7975 562
129.648 12.7975 562
128.461 12.7747 561
127.505 12.7747 561
126.548 12.7747 561
125.368 12.752 560
124.413 12.752 560
123.238 12.7292 559
122.285 12.7292 559
120.898 12.6836 557
119.518 12.6381 555
118.358 12.6153 554
116.99 12.5698 552
116.049 12.5698 552
113.231 12.3648 543
110.858 12.2054 536
109.329 12.1371 533
108.013 12.0916 531
107.108 12.0916 531
106.003 12.0688 530
105.099 12.0688 530
104.196 12.0688 530
103.292 12.0688 530
102.389 12.0688 530
101.485 12.0688 530
100.392 12.046 529
99.4901 12.046 529
98.5883 12.046 529
97.6865 12.046 529
96.7847 12.046 529
96.0641 12.0688 530
95.1606 12.0688 530
94.4349 12.0916 531
93.5297 12.0916 531
92.6245 12.0916 531
91.7192 12.0916 531
90.814 12.0916 531
89.9088 12.0916 531
89.0036 12.0916 531
88.0984 12.0916 531
75.7355 11.454 503
74.878 11.454 503
74.0205 11.454 503
73.163 11.454 503
72.3055 11.454 503
71.448 11.454 503
70.4502 11.4312 502
69.5944 11.4312 502
68.7386 11.4312 502
67.8829 11.4312 502
67.0271 11.4312 502
66.0395 11.4084 501
65.1854 11.4084 501
64.3313 11.4084 501
63.3505 11.3857 500
62.4982 11.3857 500
61.5225 11.3629 499
60.6718 11.3629 499
59.8212 11.3629 499
58.8523 11.3401 498
58.0033 11.3401 498
57.1544 11.3401 498
56.3054 11.3401 498
55.3451 11.3174 497
54.4978 11.3174 497
53.6506 11.3174 497
52.6971 11.2946 496
51.747 11.2718 495
50.6975 11.2263 493
49.857 11.2263 493
49.0166 11.2263 493
47.9807 11.1807 491
47.0477 11.158 490
46.2123 11.158 490
44.7288 10.9986 483
43.6327 10.9302 480
42.8144 10.9302 480
41.9961 10.9302 480
41.1778 10.9302 480
40.3595 10.9302 480
39.3765 10.8847 478
38.481 10.8619 477
37.6678 10.8619 477
36.7001 10.8164 475
35.8148 10.7936 474
34.9329 10.7708 473
34.0544 10.7481 472
33.2498 10.7481 472
32.3764 10.7253 471
31.3723 10.657 468
30.3785 10.5887 465
29.5858 10.5887 465
28.7931 10.5887 465
154.749 12.1546 577
153.765 12.1546 577
152.781 12.1546 577
151.535 12.1336 576
150.553 12.1336 576
149.571 12.1336 576
148.331 12.1125 575
147.094 12.0914 574
146.116 12.0914 574
144.884 12.0704 573
143.405 12.0282 571
141.684 11.9651 568
140.468 11.944 567
139.501 11.944 567
138.29 11.9229 566
137.325 11.9229 566
136.119 11.9019 565
135.156 11.9019 565
133.955 11.8808 564
132.758 11.8597 563
131.564 11.8387 562
130.606 11.8387 562
129.648 11.8387 562
128.461 11.8176 561
127.505 11.8176 561
126.548 11.8176 561
125.368 11.7965 560
124.191 11.7755 559
122.797 11.7333 557
121.848 11.7333 557
120.464 11.6912 555
119.303 11.6701 554
118.145 11.6491 553
116.566 11.5859 550
115.629 11.5859 550
113.231 11.4384 543
110.858 11.291 536
109.329 11.2278 533
108.013 11.1856 531
107.108 11.1856 531
106.003 11.1646 530
105.099 11.1646 530
104.196 11.1646 530
103.292 11.1646 530
102.389 11.1646 530
101.294 11.1435 529
100.392 11.1435 529
99.4901 11.1435 529
98.5883 11.1435 529
97.6865 11.1435 529
96.6017 11.1224 528
95.8828 11.1435 529
94.981 11.1435 529
94.2571 11.1646 530
93.5297 11.1856 531
92.6245 11.1856 531
91.7192 11.1856 531
90.814 11.1856 531
89.9088 11.1856 531
89.0036 11.1856 531
75.7355 10.5958 503
74.878 10.5958 503
74.0205 10.5958 503
73.163 10.5958 503
72.3055 10.5958 503
71.306 10.5747 502
70.4502 10.5747 502
69.5944 10.5747 502
68.7386 10.5747 502
67.7476 10.5537 501
66.8936 10.5537 501
66.0395 10.5537 501
65.1854 10.5537 501
64.2029 10.5326 500
63.3505 10.5326 500
62.3732 10.5116 499
61.5225 10.5116 499
60.6718 10.5116 499
59.8212 10.5116 499
58.8523 10.4905 498
58.0033 10.4905 498
57.1544 10.4905 498
56.1924 10.4694 497
55.3451 10.4694 497
54.4978 10.4694 497
53.6506 10.4694 497
52.6971 10.4484 496
51.6424 10.4062 494
50.6975 10.3852 493
49.857 10.3852 493
48.8177 10.343 491
47.883 10.322 490
46.9516 10.3009 489
46.118 10.3009 489
44.7288 10.1745 483
43.6327 10.1113 480
42.8144 10.1113 480
41.9961 10.1113 480
41.1778 10.1113 480
40.3595 10.1113 480
39.3765 10.0692 478
38.481 10.0481 477
37.6678 10.0481 477
36.7001 10.006 475
35.8148 9.98492 474
34.9329 9.96386 473
34.0544 9.94279 472
33.2498 9.94279 472
32.3764 9.92173 471
31.3723 9.85853 468
30.3785 9.79533 465
29.5858 9.79533 465
28.7931 9.79533 465
159.667 11.1702 577
158.683 11.1702 577
157.7 11.1702 577
156.444 11.1509 576
155.462 11.1509 576
154.749 11.1702 577
153.765 11.1702 577
152.781 11.1702 577
151.535 11.1509 576
150.553 11.1509 576
149.571 11.1509 576
148.331 11.1315 575
147.094 11.1121 574
146.116 11.1121 574
144.884 11.0928 573
143.154 11.0347 570
141.684 10.996 568
140.468 10.9766 567
139.501 10.9766 567
138.29 10.9573 566
137.083 10.9379 565
136.119 10.9379 565
135.156 10.9379 565
133.718 10.8992 563
132.522 10.8798 562
131.564 10.8798 562
130.606 10.8798 562
129.648 10.8798 562
128.461 10.8605 561
127.277 10.8411 560
126.323 10.8411 560
125.144 10.8218 559
124.191 10.8218 559
122.797 10.783 557
121.848 10.783 557
120.464 10.7443 555
119.303 10.725 554
118.145 10.7056 553
116.566 10.6475 550
115.629 10.6475 550
114.065 10.5894 547
110.858 10.3765 536
109.329 10.3184 533
108.013 10.2797 531
107.108 10.2797 531
106.003 10.2603 530
105.099 10.2603 530
104.196 10.2603 530
103.292 10.2603 530
102.389 10.2603 530
101.294 10.241 529
100.392 10.241 529
99.4901 10.241 529
98.5883 10.241 529
97.6865 10.241 529
96.6017 10.2216 528
95.8828 10.241 529
94.981 10.241 529
94.0792 10.241 529
93.3535 10.2603 530
92.45 10.2603 530
91.5465 10.2603 530
90.814 10.2797 531
89.9088 10.2797 531
89.0036 10.2797 531
75.7355 9.73764 503
74.878 9.73764 503
74.0205 9.73764 503
73.0176 9.71828 502
72.1618 9.71828 502
71.1639 9.69893 501
70.3099 9.69893 501
69.4558 9.69893 501
68.6017 9.69893 501
67.7476 9.69893 501
66.8936 9.69893 501
65.9077 9.67957 500
65.0553 9.67957 500
64.2029 9.67957 500
63.3505 9.67957 500
62.3732 9.66021 499
61.5225 9.66021 499
60.6718 9.66021 499
59.7013 9.64085 498
58.8523 9.64085 498
57.8869 9.62149 497
57.0396 9.62149 497
56.1924 9.62149 497
55.3451 9.62149 497
54.4978 9.62149 497
53.6506 9.62149 497
52.6971 9.60213 496
51.6424 9.56341 494
50.4918 9.50533 491
49.6548 9.50533 491
48.7183 9.48597 490
47.6875 9.44726 488
46.6636 9.40854 486
45.5522 9.35046 483
44.7288 9.35046 483
43.6327 9.29238 480
42.8144 9.29238 480
41.8211 9.25367 478
41.0062 9.25367 478
40.1914 9.25367 478
39.2118 9.21495 476
38.4003 9.21495 476
37.5888 9.21495 476
36.6228 9.17623 474
35.8148 9.17623 474
34.9329 9.15687 473
34.0544 9.13751 472
33.2498 9.13751 472
32.3764 9.11815 471
31.3053 9.04072 467
30.3785 9.002 465
29.5858 9.002 465
28.7312 8.98264 464
169.396 10.2388 580
168.407 10.2388 580
167.418 10.2388 580
166.429 10.2388 580
165.155 10.2211 579
163.601 10.1858 577
162.618 10.1858 577
161.634 10.1858 577
160.65 10.1858 577
159.667 10.1858 577
158.683 10.1858 577
157.7 10.1858 577
156.444 10.1681 576
155.462 10.1681 576
154.749 10.1858 577
153.765 10.1858 577
152.781 10.1858 577
151.535 10.1681 576
150.553 10.1681 576
149.571 10.1681 576
148.331 10.1505 575
147.094 10.1328 574
146.116 10.1328 574
144.884 10.1152 573
143.154 10.0622 570
141.434 10.0093 567
140.22 9.99161 566
139.255 9.99161 566
138.046 9.97396 565
137.083 9.97396 565
135.637 9.93865 563
134.678 9.93865 563
133.48 9.921 562
132.287 9.90335 561
131.096 9.8857 560
130.141 9.8857 560
128.956 9.86804 559
127.774 9.85039 558
126.823 9.85039 558
125.872 9.85039 558
124.473 9.81508 556
123.525 9.81508 556
122.357 9.79743 555
121.192 9.77978 554
120.247 9.77978 554
119.087 9.76213 553
117.931 9.74447 552
115.93 9.65621 547
114.998 9.65621 547
114.065 9.65621 547
110.858 9.46202 536
109.329 9.40906 533
108.013 9.37376 531
107.108 9.37376 531
106.003 9.3561 530
105.099 9.3561 530
104.196 9.3561 530
103.292 9.3561 530
102.389 9.3561 530
101.294 9.33845 529
100.202 9.3208 528
99.302 9.3208 528
98.4019 9.3208 528
97.5018 9.3208 528
96.4187 9.30315 527
95.7016 9.3208 528
94.8015 9.3208 528
94.0792 9.33845 529
93.3535 9.3561 530
92.45 9.3561 530
91.5465 9.3561 530
90.814 9.37376 531
89.9088 9.37376 531
89.0036 9.37376 531
75.7355 8.87947 503
74.878 8.87947 503
74.0205 8.87947 503
73.0176 8.86182 502
72.1618 8.86182 502
71.1639 8.84417 501
70.3099 8.84417 501
69.4558 8.84417 501
68.6017 8.84417 501
67.7476 8.84417 501
66.8936 8.84417 501
65.9077 8.82651 500
65.0553 8.82651 500
64.2029 8.82651 500
63.2238 8.80886 499
62.3732 8.80886 499
61.5225 8.80886 499
60.5502 8.79121 498
59.7013 8.79121 498
58.8523 8.79121 498
57.8869 8.77356 497
57.0396 8.77356 497
56.1924 8.77356 497
55.3451 8.77356 497
54.4978 8.77356 497
53.6506 8.77356 497
52.5908 8.73825 495
51.5379 8.70294 493
50.389 8.64998 490
49.5536 8.64998 490
48.6189 8.63233 489
47.3944 8.56172 485
46.3755 8.52641 483
45.3635 8.49111 481
44.5435 8.49111 481
43.6327 8.47345 480
42.7252 8.4558 479
41.7336 8.4205 477
40.9205 8.4205 477
40.1073 8.4205 477
39.2118 8.40284 476
38.3196 8.38519 475
37.5099 8.38519 475
36.6228 8.36754 474
35.7392 8.34988 473
34.9329 8.34988 473
34.0544 8.33223 472
33.2498 8.33223 472
32.3764 8.31458 471
31.3053 8.24396 467
30.3132 8.19101 464
29.5222 8.19101 464
28.7312 8.19101 464
27.8198 8.1557 462
172.362 9.24922 580
171.373 9.24922 580
170.384 9.24922 580
169.396 9.24922 580
168.407 9.24922 580
167.418 9.24922 580
166.429 9.24922 580
165.155 9.23327 579
163.601 9.20138 577
162.618 9.20138 577
161.634 9.20138 577
160.65 9.20138 577
159.667 9.20138 577
158.683 9.20138 577
157.7 9.20138 577
156.444 9.18543 576
155.462 9.18543 576
154.48 9.18543 576
153.498 9.18543 576
152.517 9.18543 576
151.535 9.18543 576
150.553 9.18543 576
149.311 9.16948 575
148.073 9.15353 574
146.838 9.13759 573
145.861 9.13759 573
144.632 9.12164 572
142.652 9.05785 568
141.185 9.02596 566
139.972 9.01001 565
139.009 9.01001 565
137.801 8.99407 564
136.597 8.97812 563
135.397 8.96217 562
134.439 8.96217 562
133.243 8.94623 561
132.051 8.93028 560
130.862 8.91433 559
129.909 8.91433 559
128.725 8.89838 558
127.545 8.88244 557
126.368 8.86649 556
125.421 8.86649 556
124.249 8.85054 555
123.303 8.85054 555
122.136 8.8346 554
120.973 8.81865 553
120.03 8.81865 553
118.872 8.8027 552
117.504 8.77081 550
115.93 8.72297 547
114.998 8.72297 547
114.065 8.72297 547
109.824 8.46782 531
108.918 8.46782 531
108.013 8.46782 531
107.108 8.46782 531
106.003 8.45187 530
105.099 8.45187 530
104.196 8.45187 530
103.292 8.45187 530
102.389 8.45187 530
101.102 8.41998 528
100.202 8.41998 528
99.302 8.41998 528
98.4019 8.41998 528
97.3171 8.40403 527
96.4187 8.40403 527
95.5203 8.40403 527
94.4424 8.38808 526
93.9014 8.41998 528
93.1774 8.43592 529
92.45 8.45187 530
91.5465 8.45187 530
90.643 8.45187 530
89.7395 8.45187 530
88.836 8.45187 530
73.7262 7.98941 501
72.8721 7.98941 501
72.018 7.98941 501
71.1639 7.98941 501
70.3099 7.98941 501
69.4558 7.98941 501
68.6017 7.98941 501
67.6124 7.97346 500
66.76 7.97346 500
65.9077 7.97346 500
65.0553 7.97346 500
64.2029 7.97346 500
63.2238 7.95752 499
62.3732 7.95752 499
61.5225 7.95752 499
60.5502 7.94157 498
59.7013 7.94157 498
58.8523 7.94157 498
57.8869 7.92562 497
57.0396 7.92562 497
56.1924 7.92562 497
55.3451 7.92562 497
54.4978 7.92562 497
53.6506 7.92562 497
52.8033 7.92562 497
51.5379 7.86183 493
50.389 7.81399 490
49.5536 7.81399 490
48.6189 7.79805 489
47.3944 7.73426 485
46.3755 7.70236 483
45.3635 7.67047 481
44.5435 7.67047 481
43.6327 7.65452 480
42.7252 7.63858 479
41.7336 7.60668 477
40.9205 7.60668 477
40.1073 7.60668 477
39.1294 7.57479 475
38.2389 7.55884 474
37.4309 7.55884 474
36.6228 7.55884 474
35.7392 7.5429 473
34.9329 7.5429 473
34.1265 7.5429 473
33.3202 7.5429 473
32.4451 7.52695 472
31.3053 7.44721 467
30.3132 7.39937 464
29.5222 7.39937 464
28.6693 7.38343 463
27.8198 7.36748 462
172.362 8.25968 580
171.373 8.25968 580
170.384 8.25968 580
169.396 8.25968 580
168.407 8.25968 580
167.418 8.25968 580
166.429 8.25968 580
165.155 8.24544 579
163.601 8.21695 577
162.618 8.21695 577
161.634 8.21695 577
160.65 8.21695 577
159.667 8.21695 577
158.683 8.21695 577
157.7 8.21695 577
156.444 8.20271 576
155.462 8.20271 576
154.48 8.20271 576
153.498 8.20271 576
152.517 8.20271 576
151.535 8.20271 576
150.553 8.20271 576
149.311 8.18847 575
148.073 8.17423 574
146.838 8.15999 573
145.861 8.15999 573
144.632 8.14575 572
142.652 8.08879 568
141.185 8.0603 566
139.972 8.04606 565
139.009 8.04606 565
137.801 8.03182 564
136.597 8.01758 563
135.397 8.00334 562
134.439 8.00334 562
133.243 7.9891 561
132.051 7.97486 560
130.862 7.96062 559
129.909 7.96062 559
128.725 7.94638 558
127.545 7.93214 557
126.368 7.9179 556
125.421 7.9179 556
124.249 7.90366 555
123.303 7.90366 555
122.136 7.88941 554
120.973 7.87517 553
120.03 7.87517 553
118.872 7.86093 552
117.29 7.81821 549
115.93 7.78973 547
114.998 7.78973 547
108.713 7.54764 530
107.81 7.54764 530
106.906 7.54764 530
106.003 7.54764 530
105.099 7.54764 530
104.196 7.54764 530
103.292 7.54764 530
102.389 7.54764 530
101.102 7.51915 528
100.012 7.50491 527
99.1139 7.50491 527
98.2155 7.50491 527
97.3171 7.50491 527
96.2358 7.49067 526
95.3391 7.49067 526
94.4424 7.49067 526
93.5457 7.49067 526
92.649 7.49067 526
92.2756 7.53339 529
91.3738 7.53339 529
90.472 7.53339 529
73.579 7.12041 500
72.7267 7.12041 500
71.8743 7.12041 500
71.0219 7.12041 500
70.1695 7.12041 500
69.3172 7.12041 500
68.4648 7.12041 500
67.6124 7.12041 500
66.76 7.12041 500
65.9077 7.12041 500
65.0553 7.12041 500
64.0745 7.10617 499
63.2238 7.10617 499
62.2482 7.09193 498
61.3992 7.09193 498
60.5502 7.09193 498
59.7013 7.09193 498
58.7341 7.07769 497
57.8869 7.07769 497
57.0396 7.07769 497
56.1924 7.07769 497
55.3451 7.07769 497
54.4978 7.07769 497
53.6506 7.07769 497
52.8033 7.07769 497
51.4334 7.00648 492
50.2861 6.96376 489
49.4525 6.96376 489
48.1218 6.89256 484
47.1989 6.87832 483
46.1835 6.84983 481
45.2692 6.83559 480
44.4509 6.83559 480
43.6327 6.83559 480
42.636 6.80711 478
41.7336 6.79287 477
40.9205 6.79287 477
40.0232 6.77863 476
39.1294 6.76439 475
38.2389 6.75015 474
37.4309 6.75015 474
36.6228 6.75015 474
35.8148 6.75015 474
34.9329 6.73591 473
34.1265 6.73591 473
33.3202 6.73591 473
32.4451 6.72167 472
31.3053 6.65046 467
30.3132 6.60774 464
29.5222 6.60774 464
28.6693 6.5935 463
27.8198 6.57926 462
22.7443 6.47957 455
21.9686 6.47957 455
21.193 6.47957 455
20.4173 6.47957 455
172.362 7.27014 580
171.373 7.27014 580
170.384 7.27014 580
169.396 7.27014 580
168.407 7.27014 580
167.418 7.27014 580
166.143 7.2576 579
165.155 7.2576 579
163.601 7.23253 577
162.618 7.23253 577
161.634 7.23253 577
160.65 7.23253 577
159.667 7.23253 577
158.683 7.23253 577
157.426 7.22 576
156.444 7.22 576
155.462 7.22 576
154.48 7.22 576
153.498 7.22 576
152.517 7.22 576
151.535 7.22 576
150.553 7.22 576
149.311 7.20746 575
147.815 7.18239 573
146.582 7.16986 572
145.607 7.16986 572
144.379 7.15732 571
142.652 7.11972 568
140.935 7.08212 565
139.724 7.06958 564
138.763 7.06958 564
137.557 7.05705 563
136.597 7.05705 563
135.397 7.04451 562
134.439 7.04451 562
133.243 7.03198 561
131.815 7.00691 559
130.628 6.99437 558
129.677 6.99437 558
128.495 6.98184 557
127.316 6.9693 556
126.141 6.95677 555
125.195 6.95677 555
124.249 6.95677 555
123.08 6.94423 554
122.136 6.94423 554
120.973 6.9317 553
120.03 6.9317 553
118.872 6.91916 552
117.29 6.88156 549
115.93 6.85649 547
114.998 6.85649 547
108.713 6.6434 530
108.013 6.65594 531
107.108 6.65594 531
106.203 6.65594 531
105.099 6.6434 530
104.196 6.6434 530
103.292 6.6434 530
102.389 6.6434 530
101.102 6.61833 528
100.012 6.6058 527
99.1139 6.6058 527
98.2155 6.6058 527
97.3171 6.6058 527
96.2358 6.59326 526
95.3391 6.59326 526
94.4424 6.59326 526
93.5457 6.59326 526
92.649 6.59326 526
91.7523 6.59326 526
90.6829 6.58073 525
89.7879 6.58073 525
73.579 6.26736 500
72.7267 6.26736 500
71.8743 6.26736 500
71.0219 6.26736 500
70.1695 6.26736 500
69.3172 6.26736 500
68.4648 6.26736 500
67.6124 6.26736 500
66.76 6.26736 500
65.7758 6.25482 499
64.9252 6.25482 499
64.0745 6.25482 499
63.0971 6.24229 498
62.2482 6.24229 498
61.3992 6.24229 498
60.5502 6.24229 498
59.5814 6.22975 497
58.616 6.21722 496
57.8869 6.22975 497
57.0396 6.22975 497
56.1924 6.22975 497
55.3451 6.22975 497
54.4978 6.22975 497
53.6506 6.22975 497
52.8033 6.22975 497
50.597 6.0668 484
49.772 6.0668 484
48.8457 6.05427 483
48.0223 6.05427 483
47.0035 6.0292 481
46.1835 6.0292 481
45.1749 6.00413 479
44.3583 6.00413 479
43.4509 5.9916 478
42.5468 5.97906 477
41.6461 5.96653 476
40.8347 5.96653 476
39.9391 5.95399 475
39.047 5.94146 474
38.2389 5.94146 474
37.4309 5.94146 474
36.6228 5.94146 474
35.8148 5.94146 474
34.9329 5.92892 473
34.1265 5.92892 473
33.3202 5.92892 473
32.4451 5.91639 472
31.0372 5.80357 463
30.2479 5.80357 463
29.4586 5.80357 463
28.3597 5.7409 458
27.5789 5.7409 458
22.7443 5.7033 455
21.9686 5.7033 455
21.193 5.7033 455
20.4173 5.7033 455
172.362 6.2806 580
171.373 6.2806 580
170.384 6.2806 580
169.396 6.2806 580
168.117 6.26977 579
167.13 6.26977 579
165.856 6.25894 578
164.585 6.24811 577
163.318 6.23728 576
162.336 6.23728 576
161.354 6.23728 576
160.372 6.23728 576
159.39 6.23728 576
158.408 6.23728 576
157.153 6.22645 575
156.173 6.22645 575
154.923 6.21562 574
154.212 6.22645 575
153.232 6.22645 575
152.252 6.22645 575
151.272 6.22645 575
150.291 6.22645 575
148.792 6.2048 573
147.557 6.19397 572
146.326 6.18314 571
145.352 6.18314 571
143.62 6.15065 568
142.401 6.13982 567
140.935 6.11817 565
139.724 6.10734 564
138.763 6.10734 564
137.557 6.09651 563
136.355 6.08568 562
135.397 6.08568 562
134.439 6.08568 562
133.005 6.06402 560
131.579 6.04237 558
130.394 6.03154 557
129.444 6.03154 557
128.264 6.02071 556
127.087 6.00988 555
125.914 5.99905 554
124.969 5.99905 554
124.025 5.99905 554
123.08 5.99905 554
121.916 5.98822 553
120.754 5.9774 552
119.813 5.9774 552
118.441 5.95574 550
116.863 5.92325 547
115.506 5.90159 545
114.577 5.90159 545
108.713 5.73917 530
108.013 5.74999 531
107.108 5.74999 531
106.203 5.74999 531
105.099 5.73917 530
104.196 5.73917 530
103.292 5.73917 530
102.389 5.73917 530
101.102 5.71751 528
100.012 5.70668 527
99.1139 5.70668 527
98.2155 5.70668 527
97.1325 5.69585 526
96.0528 5.68502 525
95.1578 5.68502 525
94.0833 5.67419 524
93.19 5.67419 524
92.2967 5.67419 524
91.5779 5.68502 525
90.6829 5.68502 525
89.7879 5.68502 525
75.9839 5.40348 499
75.1332 5.40348 499
74.2825 5.40348 499
73.579 5.41431 500
72.7267 5.41431 500
71.8743 5.41431 500
71.0219 5.41431 500
70.1695 5.41431 500
69.3172 5.41431 500
68.4648 5.41431 500
67.6124 5.41431 500
66.76 5.41431 500
65.7758 5.40348 499
64.9252 5.40348 499
64.0745 5.40348 499
63.0971 5.39265 498
62.1232 5.38182 497
61.2759 5.38182 497
60.4287 5.38182 497
59.4615 5.37099 496
58.4978 5.36016 495
57.6539 5.36016 495
56.8101 5.36016 495
56.1924 5.38182 497
55.3451 5.38182 497
54.4978 5.38182 497
53.6506 5.38182 497
47.7241 5.19773 480
46.9058 5.19773 480
46.0875 5.19773 480
45.0806 5.17608 478
44.2657 5.17608 478
43.36 5.16525 477
42.4576 5.15442 476
41.6461 5.15442 476
40.8347 5.15442 476
39.9391 5.14359 475
38.2389 5.13276 474
37.4309 5.13276 474
36.6228 5.13276 474
35.8148 5.13276 474
34.9329 5.12193 473
34.1265 5.12193 473
33.3202 5.12193 473
32.3076 5.08945 470
30.635 4.94868 457
29.8559 4.94868 457
29.0768 4.94868 457
28.2977 4.94868 457
27.5187 4.94868 457
26.6811 4.93785 456
25.0713 4.92702 455
24.2956 4.92702 455
23.5199 4.92702 455
22.7443 4.92702 455
21.9686 4.92702 455
21.193 4.92702 455
20.4173 4.92702 455
19.6416 4.92702 455
18.866 4.92702 455
172.362 5.29106 580
171.373 5.29106 580
170.384 5.29106 580
169.396 5.29106 580
168.117 5.28193 579
167.13 5.28193 579
165.856 5.27281 578
164.585 5.26369 577
163.318 5.25457 576
162.336 5.25457 576
161.354 5.25457 576
160.372 5.25457 576
159.39 5.25457 576
158.408 5.25457 576
157.153 5.24544 575
156.173 5.24544 575
154.923 5.23632 574
153.944 5.23632 574
152.965 5.23632 574
151.987 5.23632 574
151.008 5.23632 574
150.03 5.23632 574
148.532 5.21808 572
147.299 5.20895 571
145.813 5.19071 569
144.843 5.19071 569
143.367 5.17246 567
142.15 5.16334 566
140.935 5.15422 565
139.724 5.1451 564
138.763 5.1451 564
137.557 5.13597 563
136.355 5.12685 562
134.915 5.10861 560
133.96 5.10861 560
132.768 5.09948 559
131.343 5.08124 557
129.926 5.06299 555
128.979 5.06299 555
128.033 5.06299 555
126.858 5.05387 554
125.687 5.04475 553
124.744 5.04475 553
123.801 5.04475 553
122.858 5.04475 553
121.695 5.03563 552
120.535 5.0265 551
119.596 5.0265 551
118.226 5.00826 549
116.649 4.98089 546
115.506 4.97177 545
114.577 4.97177 545
108.713 4.83493 530
108.013 4.84405 531
107.108 4.84405 531
106.203 4.84405 531
105.099 4.83493 530
104.196 4.83493 530
103.292 4.83493 530
102.196 4.82581 529
101.102 4.81669 528
100.012 4.80756 527
99.1139 4.80756 527
98.0292 4.79844 526
96.9478 4.78932 525
95.6869 4.77107 523
94.6141 4.76195 522
93.7242 4.76195 522
92.8343 4.76195 522
91.9444 4.76195 522
90.7057 4.74371 520
89.8192 4.74371 520
75.9839 4.55213 499
75.1332 4.55213 499
74.2825 4.55213 499
73.4319 4.55213 499
72.5812 4.55213 499
71.7305 4.55213 499
70.8799 4.55213 499
70.0292 4.55213 499
69.1785 4.55213 499
68.3279 4.55213 499
67.4772 4.55213 499
66.6265 4.55213 499
65.7758 4.55213 499
64.9252 4.55213 499
63.9461 4.54301 498
63.0971 4.54301 498
62.1232 4.53389 497
61.2759 4.53389 497
60.4287 4.53389 497
59.4615 4.52477 496
58.4978 4.51564 495
57.6539 4.51564 495
56.8101 4.51564 495
56.1924 4.53389 497
55.3451 4.53389 497
54.4978 4.53389 497
53.6506 4.53389 497
51.9534 4.46091 489
47.7241 4.37881 480
46.9058 4.37881 480
46.0875 4.37881 480
45.0806 4.36056 478
44.2657 4.36056 478
43.36 4.35144 477
42.4576 4.34231 476
41.6461 4.34231 476
40.8347 4.34231 476
39.9391 4.33319 475
38.1583 4.31495 473
37.3519 4.31495 473
36.5456 4.31495 473
35.7392 4.31495 473
34.9329 4.31495 473
34.1265 4.31495 473
33.2498 4.30582 472
32.3076 4.28758 470
31.0372 4.22372 463
29.9865 4.18723 459
29.0768 4.16899 457
28.2977 4.16899 457
27.5187 4.16899 457
26.7396 4.16899 457
25.9037 4.15986 456
25.1264 4.15986 456
24.349 4.15986 456
23.5716 4.15986 456
22.7443 4.15074 455
21.9686 4.15074 455
21.193 4.15074 455
20.4173 4.15074 455
19.6416 4.15074 455
18.866 4.15074 455
172.065 4.2941 579
171.078 4.2941 579
170.091 4.2941 579
169.104 4.2941 579
167.826 4.28668 578
166.841 4.28668 578
165.569 4.27927 577
164.3 4.27185 576
163.318 4.27185 576
162.336 4.27185 576
161.074 4.26443 575
160.094 4.26443 575
159.113 4.26443 575
158.133 4.26443 575
157.153 4.26443 575
155.901 4.25702 574
154.923 4.25702 574
153.944 4.25702 574
152.965 4.25702 574
151.987 4.25702 574
151.008 4.25702 574
150.03 4.25702 574
148.532 4.24218 572
147.299 4.23477 571
145.813 4.21994 569
144.843 4.21994 569
143.367 4.2051 567
142.15 4.19769 566
140.935 4.19027 565
139.724 4.18285 564
138.763 4.18285 564
137.557 4.17544 563
136.355 4.16802 562
134.915 4.15319 560
133.96 4.15319 560
132.768 4.14577 559
131.343 4.13094 557
129.926 4.11611 555
128.979 4.11611 555
128.033 4.11611 555
126.858 4.10869 554
125.687 4.10127 553
124.744 4.10127 553
123.801 4.10127 553
122.858 4.10127 553
121.695 4.09386 552
120.535 4.08644 551
119.596 4.08644 551
118.226 4.07161 549
116.436 4.04194 545
115.295 4.03453 544
114.367 4.03453 544
108.713 3.9307 530
108.013 3.93811 531
107.108 3.93811 531
106.203 3.93811 531
105.099 3.9307 530
104.196 3.9307 530
103.292 3.9307 530
102.002 3.91586 528
100.911 3.90845 527
99.8226 3.90103 526
98.9259 3.90103 526
97.8428 3.89361 525
96.5785 3.87878 523
95.321 3.86395 521
94.4328 3.86395 521
93.5446 3.86395 521
92.4786 3.85653 520
91.5922 3.85653 520
90.5313 3.84912 519
89.6465 3.84912 519
76.9885 3.7082 500
76.1361 3.7082 500
75.2838 3.7082 500
74.2825 3.70079 499
73.4319 3.70079 499
72.5812 3.70079 499
71.7305 3.70079 499
70.8799 3.70079 499
69.8889 3.69337 498
69.0399 3.69337 498
68.1909 3.69337 498
67.2067 3.68595 497
66.3595 3.68595 497
65.5122 3.68595 497
64.665 3.68595 497
63.8177 3.68595 497
62.9704 3.68595 497
61.9982 3.67854 496
61.1526 3.67854 496
60.3071 3.67854 496
59.3416 3.67112 495
58.4978 3.67112 495
57.6539 3.67112 495
56.8101 3.67112 495
55.9662 3.67112 495
54.7883 3.64887 492
53.9496 3.64887 492
53.1108 3.64887 492
51.9534 3.62662 489
45.7994 3.53763 477
44.9863 3.53763 477
44.1731 3.53763 477
43.36 3.53763 477
42.3684 3.52279 475
41.5586 3.52279 475
40.7489 3.52279 475
39.8551 3.51538 474
38.1583 3.50796 473
37.3519 3.50796 473
36.5456 3.50796 473
35.7392 3.50796 473
34.9329 3.50796 473
34.1265 3.50796 473
33.2498 3.50054 472
32.3076 3.48571 470
31.0372 3.4338 463
29.9865 3.40413 459
29.0768 3.3893 457
28.2977 3.3893 457
27.5187 3.3893 457
26.7396 3.3893 457
25.9037 3.38188 456
25.1264 3.38188 456
24.349 3.38188 456
23.5716 3.38188 456
22.7443 3.37447 455
21.9686 3.37447 455
21.193 3.37447 455
20.4173 3.37447 455
19.6416 3.37447 455
18.866 3.37447 455
171.768 3.30056 578
170.782 3.30056 578
169.797 3.30056 578
168.52 3.29484 577
167.536 3.29484 577
166.552 3.29484 577
165.282 3.28913 576
164.014 3.28342 575
163.034 3.28342 575
162.054 3.28342 575
161.074 3.28342 575
159.815 3.27771 574
158.837 3.27771 574
157.858 3.27771 574
156.88 3.27771 574
155.629 3.272 573
154.653 3.272 573
153.676 3.272 573
152.699 3.272 573
151.722 3.272 573
150.482 3.26629 572
149.507 3.26629 572
148.272 3.26058 571
146.783 3.24916 569
145.301 3.23774 567
144.334 3.23774 567
143.367 3.23774 567
142.15 3.23203 566
140.686 3.22061 564
139.477 3.2149 563
138.517 3.2149 563
137.313 3.20919 562
136.112 3.20348 561
134.674 3.19206 559
133.721 3.19206 559
132.53 3.18635 558
130.872 3.16922 555
129.692 3.16351 554
128.747 3.16351 554
127.803 3.16351 554
126.629 3.1578 553
125.687 3.1578 553
124.744 3.1578 553
123.801 3.1578 553
122.636 3.15209 552
121.695 3.15209 552
120.535 3.14638 551
119.596 3.14638 551
118.226 3.13496 549
116.436 3.11212 545
115.295 3.1064 544
114.367 3.1064 544
112.814 3.08927 541
110.03 3.03788 532
109.124 3.03788 532
108.013 3.03217 531
107.108 3.03217 531
106.203 3.03217 531
105.099 3.02646 530
104.196 3.02646 530
103.292 3.02646 530
102.002 3.01504 528
100.911 3.00933 527
99.8226 3.00362 526
98.9259 3.00362 526
97.8428 2.99791 525
96.5785 2.98649 523
95.321 2.97507 521
94.4328 2.97507 521
93.5446 2.97507 521
92.4786 2.96936 520
91.5922 2.96936 520
90.0079 2.94652 516
89.1283 2.94652 516
87.2225 2.91225 510
79.7047 2.86086 501
78.8507 2.86086 501
77.9966 2.86086 501
76.9885 2.85515 500
76.1361 2.85515 500
75.2838 2.85515 500
74.2825 2.84944 499
73.4319 2.84944 499
72.5812 2.84944 499
71.7305 2.84944 499
70.7378 2.84373 498
69.8889 2.84373 498
68.9013 2.83802 497
68.054 2.83802 497
67.2067 2.83802 497
66.3595 2.83802 497
65.3804 2.83231 496
64.5348 2.83231 496
63.6893 2.83231 496
62.8437 2.83231 496
61.8732 2.8266 495
60.906 2.82089 494
60.1855 2.8266 495
59.3416 2.8266 495
58.4978 2.8266 495
57.3045 2.80947 492
56.4658 2.80947 492
55.514 2.80376 491
54.677 2.80376 491
53.7303 2.79805 490
52.8949 2.79805 490
51.9534 2.79234 489
50.388 2.75237 482
49.5663 2.75237 482
45.6074 2.71239 475
44.7977 2.71239 475
43.9879 2.71239 475
43.1782 2.71239 475
42.2792 2.70668 474
41.4712 2.70668 474
40.6631 2.70668 474
39.8551 2.70668 474
38.1583 2.70097 473
37.3519 2.70097 473
36.5456 2.70097 473
35.7392 2.70097 473
34.859 2.69526 472
34.0544 2.69526 472
33.1089 2.68384 470
31.8265 2.64387 463
31.0372 2.64387 463
29.9865 2.62103 459
29.0768 2.60961 457
28.2977 2.60961 457
27.5187 2.60961 457
26.7396 2.60961 457
25.9037 2.6039 456
25.1264 2.6039 456
24.349 2.6039 456
23.5716 2.6039 456
22.7443 2.59819 455
21.9686 2.59819 455
21.193 2.59819 455
20.4173 2.59819 455
19.6416 2.59819 455
18.866 2.59819 455
171.173 2.30642 576
170.191 2.30642 576
169.209 2.30642 576
168.227 2.30642 576
167.246 2.30642 576
166.264 2.30642 576
164.995 2.30241 575
164.014 2.30241 575
162.751 2.29841 574
161.772 2.29841 574
160.794 2.29841 574
159.537 2.29441 573
158.56 2.29441 573
157.583 2.29441 573
156.606 2.29441 573
155.358 2.2904 572
154.383 2.2904 572
153.408 2.2904 572
152.433 2.2904 572
151.457 2.2904 572
150.219 2.2864 571
149.246 2.2864 571
147.753 2.27839 569
146.525 2.27439 568
145.301 2.27038 567
144.079 2.26638 566
143.114 2.26638 566
141.898 2.26237 565
140.686 2.25837 564
139.477 2.25436 563
138.517 2.25436 563
137.068 2.24636 561
135.627 2.23835 559
134.433 2.23434 558
133.482 2.23434 558
132.055 2.22633 556
130.636 2.21833 554
129.692 2.21833 554
128.747 2.21833 554
127.572 2.21432 553
126.629 2.21432 553
125.459 2.21032 552
124.518 2.21032 552
123.577 2.21032 552
122.636 2.21032 552
121.475 2.20631 551
120.317 2.20231 550
119.379 2.20231 550
118.226 2.19831 549
116.436 2.18229 545
115.083 2.17428 543
114.157 2.17428 543
112.814 2.16627 541
110.03 2.13023 532
109.124 2.13023 532
108.013 2.12623 531
107.108 2.12623 531
106.003 2.12223 530
105.099 2.12223 530
103.803 2.11422 528
102.902 2.11422 528
101.809 2.11021 527
100.719 2.10621 526
99.6328 2.1022 525
98.7378 2.1022 525
97.6564 2.0982 524
96.3938 2.09019 522
95.321 2.08619 521
94.2516 2.08218 520
93.3651 2.08218 520
92.3008 2.07818 519
91.2399 2.07418 518
90.0079 2.06617 516
89.1283 2.06617 516
87.2225 2.04214 510
86.0145 2.03413 508
85.1484 2.03413 508
83.9506 2.02612 506
83.088 2.02612 506
81.5754 2.01011 502
80.7196 2.01011 502
79.8638 2.01011 502
79.008 2.01011 502
77.9966 2.0061 501
76.9885 2.0021 500
76.1361 2.0021 500
75.2838 2.0021 500
74.2825 1.9981 499
73.4319 1.9981 499
72.5812 1.9981 499
71.7305 1.9981 499
70.7378 1.99409 498
69.8889 1.99409 498
68.9013 1.99009 497
68.054 1.99009 497
67.2067 1.99009 497
66.3595 1.99009 497
65.3804 1.98608 496
64.5348 1.98608 496
63.6893 1.98608 496
62.717 1.98208 495
61.7482 1.97807 494
60.906 1.97807 494
60.0639 1.97807 494
59.1019 1.97407 493
58.1433 1.97007 492
57.188 1.96606 491
56.351 1.96606 491
55.4009 1.96206 490
54.5656 1.96206 490
53.6206 1.95805 489
52.787 1.95805 489
51.3159 1.93403 483
50.388 1.93002 482
49.5663 1.93002 482
45.6074 1.90199 475
44.7977 1.90199 475
43.9879 1.90199 475
43.0873 1.89799 474
42.2792 1.89799 474
41.4712 1.89799 474
40.6631 1.89799 474
39.8551 1.89799 474
38.0776 1.88998 472
37.273 1.88998 472
36.4683 1.88998 472
35.6637 1.88998 472
34.859 1.88998 472
34.0544 1.88998 472
32.6158 1.85394 463
31.8265 1.85394 463
30.9031 1.84594 461
29.9865 1.83793 459
29.0768 1.82992 457
28.2977 1.82992 457
27.5187 1.82992 457
26.6811 1.82591 456
25.9037 1.82591 456
25.1264 1.82591 456
24.349 1.82591 456
23.5199 1.82191 455
22.7443 1.82191 455
21.9686 1.82191 455
21.193 1.82191 455
20.4173 1.82191 455
19.6416 1.82191 455
18.866 1.82191 455
172.155 1.3237 576
171.173 1.3237 576
170.191 1.3237 576
169.209 1.3237 576
168.227 1.3237 576
167.246 1.3237 576
166.264 1.3237 576
164.995 1.32141 575
164.014 1.32141 575
162.751 1.31911 574
161.772 1.31911 574
160.794 1.31911 574
159.537 1.31681 573
158.56 1.31681 573
157.583 1.31681 573
156.606 1.31681 573
155.358 1.31451 572
154.383 1.31451 572
153.408 1.31451 572
152.433 1.31451 572
150.928 1.30991 570
149.43 1.30532 568
148.462 1.30532 568
147.234 1.30302 567
146.267 1.30302 567
145.044 1.30072 566
143.825 1.29842 565
142.862 1.29842 565
141.647 1.29613 564
140.436 1.29383 563
139.229 1.29153 562
138.271 1.29153 562
136.58 1.28464 559
135.384 1.28234 558
133.951 1.27774 556
133.003 1.27774 556
131.818 1.27544 555
130.636 1.27315 554
129.457 1.27085 553
128.515 1.27085 553
127.341 1.26855 552
126.4 1.26855 552
125.232 1.26625 551
124.293 1.26625 551
123.353 1.26625 551
122.414 1.26625 551
121.254 1.26395 550
120.098 1.26165 549
119.162 1.26165 549
117.795 1.25706 547
116.008 1.24787 543
115.083 1.24787 543
114.157 1.24787 543
112.814 1.24327 541
110.651 1.22948 535
109.534 1.22718 534
108.013 1.22029 531
107.108 1.22029 531
106.003 1.21799 530
104.901 1.21569 529
103.606 1.2111 527
102.708 1.2111 527
101.423 1.2065 525
100.528 1.2065 525
99.0635 1.19961 522
98.1736 1.19961 522
97.2837 1.19961 522
96.2092 1.19731 521
94.9551 1.19271 519
93.8891 1.19041 518
93.006 1.19041 518
91.9451 1.18812 517
90.8876 1.18582 516
89.4847 1.17892 513
88.6101 1.17892 513
87.2225 1.17203 510
86.0145 1.16743 508
85.1484 1.16743 508
83.9506 1.16284 506
83.088 1.16284 506
81.5754 1.15364 502
80.7196 1.15364 502
79.8638 1.15364 502
79.008 1.15364 502
77.9966 1.15135 501
76.9885 1.14905 500
76.1361 1.14905 500
75.2838 1.14905 500
74.2825 1.14675 499
73.4319 1.14675 499
72.5812 1.14675 499
71.7305 1.14675 499
70.7378 1.14445 498
69.7485 1.14215 497
68.9013 1.14215 497
68.054 1.14215 497
67.2067 1.14215 497
66.226 1.13986 496
65.3804 1.13986 496
64.5348 1.13986 496
63.6893 1.13986 496
62.717 1.13756 495
61.7482 1.13526 494
60.906 1.13526 494
60.0639 1.13526 494
59.1019 1.13296 493
58.1433 1.13066 492
57.188 1.12837 491
56.351 1.12837 491
55.4009 1.12607 490
54.5656 1.12607 490
53.6206 1.12377 489
52.787 1.12377 489
51.3159 1.10998 483
50.388 1.10768 482
49.5663 1.10768 482
45.6074 1.0916 475
44.7977 1.0916 475
43.9879 1.0916 475
43.0873 1.0893 474
42.2792 1.0893 474
41.4712 1.0893 474
40.6631 1.0893 474
39.8551 1.0893 474
36.3138 1.08011 470
35.5126 1.08011 470
34.7113 1.08011 470
33.4051 1.06402 463
32.6158 1.06402 463
31.689 1.05942 461
30.8361 1.05712 460
29.9212 1.05253 458
29.0768 1.05023 457
28.2977 1.05023 457
27.4585 1.04793 456
26.6811 1.04793 456
25.9037 1.04793 456
25.1264 1.04793 456
24.2956 1.04563 455
23.5199 1.04563 455
22.7443 1.04563 455
21.9686 1.04563 455
21.1464 1.04334 454
20.3724 1.04334 454
172.155 0.340987 576
171.173 0.340987 576
170.191 0.340987 576
169.209 0.340987 576
168.227 0.340987 576
166.955 0.340395 575
165.975 0.340395 575
164.995 0.340395 575
163.729 0.339803 574
162.751 0.339803 574
161.772 0.339803 574
160.514 0.339211 573
159.537 0.339211 573
158.283 0.33862 572
157.308 0.33862 572
156.333 0.33862 572
155.086 0.338028 571
153.843 0.337436 570
152.871 0.337436 570
151.9 0.337436 570
150.928 0.337436 570
149.43 0.336252 568
148.462 0.336252 568
147.234 0.33566 567
146.267 0.33566 567
145.044 0.335068 566
143.825 0.334476 565
142.862 0.334476 565
141.647 0.333884 564
140.436 0.333292 563
139.229 0.3327 562
138.271 0.3327 562
136.58 0.330924 559
135.384 0.330332 558
133.951 0.329148 556
133.003 0.329148 556
131.818 0.328556 555
130.636 0.327964 554
129.457 0.327372 553
128.515 0.327372 553
127.341 0.32678 552
126.4 0.32678 552
125.232 0.326188 551
124.293 0.326188 551
123.353 0.326188 551
122.414 0.326188 551
121.254 0.325596 550
120.317 0.325596 550
118.945 0.324412 548
117.58 0.323228 546
116.008 0.321452 543
114.659 0.320268 541
113.736 0.320268 541
112.814 0.320268 541
110.858 0.317308 536
109.534 0.316124 534
108.623 0.316124 534
107.713 0.316124 534
106.003 0.313756 530
104.901 0.313164 529
103.606 0.31198 527
102.708 0.31198 527
101.23 0.310204 524
99.9533 0.30902 522
99.0635 0.30902 522
98.1736 0.30902 522
97.0973 0.308428 521
95.8398 0.307244 519
94.7721 0.306652 518
93.7078 0.30606 517
92.8265 0.30606 517
91.7673 0.305468 516
90.3592 0.303692 513
88.9613 0.301916 510
88.0919 0.301916 510
87.0515 0.301324 509
86.0145 0.300732 508
85.1484 0.300732 508
83.9506 0.299548 506
83.088 0.299548 506
81.5754 0.29718 502
80.7196 0.29718 502
79.8638 0.29718 502
79.008 0.29718 502
77.9966 0.296588 501
76.9885 0.295996 500
76.1361 0.295996 500
75.2838 0.295996 500
74.2825 0.295404 499
73.4319 0.295404 499
72.4357 0.294812 498
71.5868 0.294812 498
70.7378 0.294812 498
69.7485 0.29422 497
68.7626 0.293628 496
67.9171 0.293628 496
67.0715 0.293628 496
66.226 0.293628 496
65.2486 0.293036 495
64.4047 0.293036 495
63.5609 0.293036 495
62.5903 0.292444 494
61.6232 0.291852 493
60.7827 0.291852 493
59.9423 0.291852 493
59.1019 0.291852 493
58.1433 0.29126 492
57.188 0.290668 491
56.351 0.290668 491
55.4009 0.290076 490
54.5656 0.290076 490
53.511 0.288892 488
52.679 0.288892 488
51.3159 0.285932 483
50.388 0.28534 482
49.5663 0.28534 482
45.6074 0.281196 475
44.7977 0.281196 475
43.9879 0.281196 475
43.0873 0.280604 474
42.2792 0.280604 474
41.4712 0.280604 474
40.6631 0.280604 474
39.771 0.280012 473
36.3138 0.278236 470
35.5126 0.278236 470
34.7113 0.278236 470
33.4051 0.274092 463
32.6158 0.274092 463
31.689 0.272908 461
30.8361 0.272316 460
29.9212 0.271132 458
29.0768 0.27054 457
28.2977 0.27054 457
27.4585 0.269948 456
26.6811 0.269948 456
25.9037 0.269948 456
25.1264 0.269948 456
24.2956 0.269356 455
23.5199 0.269356 455
22.7443 0.269356 455
21.9686 0.269356 455
21.1464 0.268764 454
20.3724 0.268764 454
19.5121 0.26758 452
18.7416 0.26758 452
173.817 -0.640614 575
172.837 -0.640614 575
172.155 -0.641728 576
171.173 -0.641728 576
170.191 -0.641728 576
169.209 -0.641728 576
168.227 -0.641728 576
166.955 -0.640614 575
165.975 -0.640614 575
164.995 -0.640614 575
163.729 -0.6395 574
162.467 -0.638386 573
161.49 -0.638386 573
160.514 -0.638386 573
159.258 -0.637272 572
158.283 -0.637272 572
157.308 -0.637272 572
156.06 -0.636158 571
154.543 -0.633929 569
153.573 -0.633929 569
152.603 -0.633929 569
151.367 -0.632815 568
150.398 -0.632815 568
149.167 -0.631701 567
148.2 -0.631701 567
146.974 -0.630587 566
146.009 -0.630587 566
144.788 -0.629473 565
143.57 -0.628359 564
142.609 -0.628359 564
141.647 -0.628359 564
140.187 -0.626131 562
138.981 -0.625017 561
138.025 -0.625017 561
136.58 -0.622788 559
135.142 -0.62056 557
133.951 -0.619446 556
133.003 -0.619446 556
131.818 -0.618332 555
130.4 -0.616104 553
129.457 -0.616104 553
128.515 -0.616104 553
127.341 -0.61499 552
126.171 -0.613875 551
125.232 -0.613875 551
124.293 -0.613875 551
123.353 -0.613875 551
122.192 -0.612761 550
121.254 -0.612761 550
120.317 -0.612761 550
118.945 -0.610533 548
117.58 -0.608305 546
116.008 -0.604963 543
114.871 -0.603848 542
113.947 -0.603848 542
112.814 -0.602734 541
111.065 -0.598278 537
109.739 -0.59605 535
108.827 -0.59605 535
107.713 -0.594936 534
106.003 -0.590479 530
104.901 -0.589365 529
103.606 -0.587137 527
102.708 -0.587137 527
101.23 -0.583794 524
99.9533 -0.581566 522
99.0635 -0.581566 522
98.1736 -0.581566 522
97.0973 -0.580452 521
95.8398 -0.578224 519
94.7721 -0.57711 518
93.7078 -0.575996 517
92.8265 -0.575996 517
91.7673 -0.574882 516
90.3592 -0.571539 513
88.9613 -0.568197 510
88.0919 -0.568197 510
87.0515 -0.567083 509
86.0145 -0.565969 508
84.8132 -0.56374 506
83.7847 -0.562626 505
82.9238 -0.562626 505
81.5754 -0.559284 502
80.5588 -0.55817 501
79.7047 -0.55817 501
78.8507 -0.55817 501
77.9966 -0.55817 501
76.9885 -0.557056 500
75.9839 -0.555942 499
75.1332 -0.555942 499
74.1337 -0.554828 498
73.2847 -0.554828 498
72.4357 -0.554828 498
71.5868 -0.554828 498
70.5958 -0.553713 497
69.6082 -0.552599 496
68.7626 -0.552599 496
67.9171 -0.552599 496
67.0715 -0.552599 496
66.226 -0.552599 496
65.2486 -0.551485 495
64.4047 -0.551485 495
63.3041 -0.549257 493
62.4636 -0.549257 493
61.6232 -0.549257 493
60.7827 -0.549257 493
59.9423 -0.549257 493
58.982 -0.548143 492
57.9069 -0.545915 490
57.0716 -0.545915 490
56.2362 -0.545915 490
55.4009 -0.545915 490
45.6074 -0.529203 475
44.7977 -0.529203 475
43.9879 -0.529203 475
43.0873 -0.528089 474
42.2792 -0.528089 474
41.4712 -0.528089 474
40.6631 -0.528089 474
34.6059 -0.510263 458
33.8251 -0.510263 458
33.0443 -0.510263 458
32.2635 -0.510263 458
31.4828 -0.510263 458
30.702 -0.510263 458
29.8559 -0.509149 457
29.0132 -0.508035 456
28.2358 -0.508035 456
27.3982 -0.506921 455
26.6226 -0.506921 455
25.8469 -0.506921 455
25.0713 -0.506921 455
24.2956 -0.506921 455
23.5199 -0.506921 455
22.6943 -0.505807 454
21.9203 -0.505807 454
21.1464 -0.505807 454
20.3276 -0.504692 453
19.5121 -0.503578 452
18.7416 -0.503578 452
174.493 -1.6188 574
173.817 -1.62162 575
172.837 -1.62162 575
172.155 -1.62444 576
171.173 -1.62444 576
170.191 -1.62444 576
169.209 -1.62444 576
167.935 -1.62162 575
166.955 -1.62162 575
165.975 -1.62162 575
164.708 -1.6188 574
163.729 -1.6188 574
162.467 -1.61598 573
161.49 -1.61598 573
160.233 -1.61316 572
159.258 -1.61316 572
158.006 -1.61034 571
157.033 -1.61034 571
155.786 -1.60752 570
154.543 -1.6047 569
153.303 -1.60188 568
152.335 -1.60188 568
151.1 -1.59906 567
150.133 -1.59906 567
149.167 -1.59906 567
148.2 -1.59906 567
146.974 -1.59624 566
145.751 -1.59342 565
144.788 -1.59342 565
143.825 -1.59342 565
142.609 -1.5906 564
141.396 -1.58778 563
140.187 -1.58496 562
138.733 -1.57932 560
137.779 -1.57932 560
136.335 -1.57368 558
134.899 -1.56804 556
133.71 -1.56522 555
132.764 -1.56522 555
131.58 -1.5624 554
130.4 -1.55958 553
129.223 -1.55676 552
128.282 -1.55676 552
127.341 -1.55676 552
126.171 -1.55394 551
125.232 -1.55394 551
124.293 -1.55394 551
123.353 -1.55394 551
122.192 -1.55112 550
121.254 -1.55112 550
120.317 -1.55112 550
118.945 -1.54548 548
117.58 -1.53984 546
116.008 -1.53138 543
114.871 -1.52856 542
113.947 -1.52856 542
112.814 -1.52574 541
111.065 -1.51446 537
109.739 -1.50882 535
108.827 -1.50882 535
107.713 -1.50599 534
104.108 -1.48061 525
103.213 -1.48061 525
102.318 -1.48061 525
101.23 -1.47779 524
99.9533 -1.47215 522
98.8737 -1.46933 521
97.7974 -1.46651 520
96.911 -1.46651 520
95.6552 -1.46087 518
94.5892 -1.45805 517
93.5266 -1.45523 516
92.6469 -1.45523 516
91.5894 -1.45241 515
89.8308 -1.43831 510
88.9613 -1.43831 510
88.0919 -1.43831 510
87.0515 -1.43549 509
86.0145 -1.43267 508
84.8132 -1.42703 506
83.7847 -1.42421 505
82.9238 -1.42421 505
81.5754 -1.41575 502
80.5588 -1.41293 501
79.7047 -1.41293 501
78.8507 -1.41293 501
77.9966 -1.41293 501
76.9885 -1.41011 500
75.9839 -1.40729 499
75.1332 -1.40729 499
74.1337 -1.40447 498
73.2847 -1.40447 498
72.4357 -1.40447 498
71.5868 -1.40447 498
70.5958 -1.40165 497
69.6082 -1.39883 496
68.7626 -1.39883 496
67.9171 -1.39883 496
67.0715 -1.39883 496
66.226 -1.39883 496
65.2486 -1.39601 495
64.4047 -1.39601 495
63.3041 -1.39037 493
62.4636 -1.39037 493
61.3732 -1.38473 491
60.4129 -1.38191 490
59.5776 -1.38191 490
58.7422 -1.38191 490
57.7887 -1.37909 489
56.9551 -1.37909 489
56.1215 -1.37909 489
55.0617 -1.37344 487
45.6074 -1.3396 475
44.7977 -1.3396 475
43.9879 -1.3396 475
43.0873 -1.33678 474
42.2792 -1.33678 474
41.3837 -1.33396 473
40.5773 -1.33396 473
34.5303 -1.28884 457
33.7512 -1.28884 457
32.9722 -1.28884 457
32.1931 -1.28884 457
31.414 -1.28884 457
30.635 -1.28884 457
29.8559 -1.28884 457
28.9496 -1.2832 455
28.1739 -1.2832 455
27.3982 -1.2832 455
26.6226 -1.2832 455
25.8469 -1.2832 455
25.0713 -1.2832 455
24.2956 -1.2832 455
23.4682 -1.28038 454
22.6943 -1.28038 454
21.9203 -1.28038 454
21.0998 -1.27756 453
20.3276 -1.27756 453
19.5121 -1.27474 452
18.7416 -1.27474 452
176.501 -2.58453 571
175.528 -2.58453 571
174.554 -2.58453 571
174.493 -2.59811 574
173.817 -2.60263 575
172.837 -2.60263 575
172.155 -2.60716 576
171.173 -2.60716 576
170.191 -2.60716 576
169.209 -2.60716 576
167.935 -2.60263 575
166.955 -2.60263 575
165.975 -2.60263 575
164.708 -2.59811 574
163.729 -2.59811 574
162.467 -2.59358 573
161.49 -2.59358 573
160.233 -2.58905 572
159.258 -2.58905 572
158.006 -2.58453 571
157.033 -2.58453 571
155.786 -2.58 570
154.543 -2.57548 569
153.303 -2.57095 568
152.335 -2.57095 568
151.1 -2.56642 567
150.133 -2.56642 567
148.904 -2.5619 566
147.939 -2.5619 566
146.974 -2.5619 566
145.751 -2.55737 565
144.788 -2.55737 565
143.825 -2.55737 565
142.609 -2.55284 564
141.396 -2.54832 563
140.187 -2.54379 562
138.981 -2.53926 561
138.025 -2.53926 561
136.335 -2.52569 558
134.899 -2.51663 556
133.469 -2.50758 554
132.525 -2.50758 554
131.58 -2.50758 554
130.4 -2.50305 553
129.223 -2.49853 552
128.282 -2.49853 552
127.341 -2.49853 552
126.171 -2.494 551
125.232 -2.494 551
124.293 -2.494 551
123.129 -2.48948 550
122.192 -2.48948 550
121.034 -2.48495 549
120.098 -2.48495 549
118.945 -2.48042 548
117.58 -2.47137 546
116.008 -2.45779 543
114.871 -2.45326 542
113.947 -2.45326 542
112.814 -2.44874 541
111.065 -2.43063 537
109.739 -2.42158 535
108.827 -2.42158 535
92.8015 -2.31748 512
91.9287 -2.31748 512
91.0559 -2.31748 512
89.6546 -2.3039 509
88.7869 -2.3039 509
87.9192 -2.3039 509
86.7094 -2.29484 507
85.8451 -2.29484 507
84.6456 -2.28579 505
83.287 -2.27221 502
82.4312 -2.27221 502
81.5754 -2.27221 502
80.5588 -2.26769 501
79.5456 -2.26316 500
78.6933 -2.26316 500
77.6852 -2.25863 499
76.6806 -2.25411 498
75.8316 -2.25411 498
74.9826 -2.25411 498
73.9848 -2.24958 497
72.9904 -2.24505 496
71.8539 -2.236 494
71.0118 -2.236 494
70.1696 -2.236 494
69.6082 -2.24505 496
68.7626 -2.24505 496
67.9171 -2.24505 496
66.9363 -2.24053 495
65.8254 -2.23148 493
64.7213 -2.22242 491
63.8843 -2.22242 491
63.0473 -2.22242 491
62.2102 -2.22242 491
61.3732 -2.22242 491
60.4129 -2.2179 490
59.5776 -2.2179 490
58.7422 -2.2179 490
57.7887 -2.21337 489
56.9551 -2.21337 489
56.1215 -2.21337 489
55.0617 -2.20432 487
45.6074 -2.15 475
44.7977 -2.15 475
43.9879 -2.15 475
43.0873 -2.14548 474
42.2792 -2.14548 474
41.3837 -2.14095 473
40.5773 -2.14095 473
34.5303 -2.06853 457
33.7512 -2.06853 457
32.9722 -2.06853 457
32.1931 -2.06853 457
31.4828 -2.07305 458
30.702 -2.07305 458
29.9212 -2.07305 458
29.0132 -2.064 456
28.2358 -2.064 456
27.3982 -2.05947 455
26.6226 -2.05947 455
25.8469 -2.05947 455
25.0713 -2.05947 455
24.2422 -2.05495 454
23.4682 -2.05495 454
22.6943 -2.05495 454
21.9203 -2.05495 454
21.0998 -2.05042 453
20.2827 -2.0459 452
19.5121 -2.0459 452
18.7416 -2.0459 452
17.971 -2.0459 452
176.501 -3.55871 571
175.528 -3.55871 571
174.554 -3.55871 571
174.493 -3.57741 574
173.515 -3.57741 574
172.536 -3.57741 574
171.856 -3.58364 575
170.876 -3.58364 575
169.896 -3.58364 575
168.916 -3.58364 575
167.935 -3.58364 575
166.665 -3.57741 574
165.686 -3.57741 574
164.708 -3.57741 574
163.444 -3.57118 573
162.184 -3.56495 572
161.209 -3.56495 572
160.233 -3.56495 572
158.98 -3.55871 571
157.73 -3.55248 570
156.758 -3.55248 570
155.513 -3.54625 569
154.271 -3.54002 568
153.033 -3.53378 567
152.067 -3.53378 567
151.1 -3.53378 567
150.133 -3.53378 567
148.904 -3.52755 566
147.939 -3.52755 566
146.974 -3.52755 566
145.751 -3.52132 565
144.788 -3.52132 565
143.825 -3.52132 565
142.609 -3.51509 564
141.396 -3.50885 563
140.187 -3.50262 562
138.981 -3.49639 561
138.025 -3.49639 561
136.335 -3.47769 558
134.899 -3.46523 556
133.469 -3.45276 554
132.525 -3.45276 554
131.58 -3.45276 554
130.4 -3.44653 553
129.223 -3.4403 552
128.282 -3.4403 552
127.341 -3.4403 552
126.171 -3.43406 551
125.232 -3.43406 551
124.293 -3.43406 551
123.129 -3.42783 550
122.192 -3.42783 550
121.034 -3.4216 549
120.098 -3.4216 549
118.728 -3.40914 547
117.365 -3.39667 545
116.008 -3.38421 543
114.871 -3.37797 542
113.947 -3.37797 542
112.814 -3.37174 541
111.065 -3.34681 537
109.739 -3.33435 535
108.827 -3.33435 535
91.031 -3.15984 507
90.1667 -3.15984 507
89.3024 -3.15984 507
88.438 -3.15984 507
87.5737 -3.15984 507
86.7094 -3.15984 507
84.9985 -3.12868 502
84.1427 -3.12868 502
83.121 -3.12244 501
82.267 -3.12244 501
81.4129 -3.12244 501
80.398 -3.11621 500
79.3866 -3.10998 499
78.5359 -3.10998 499
77.5295 -3.10375 498
76.5266 -3.09751 497
75.6793 -3.09751 497
74.8321 -3.09751 497
73.8359 -3.09128 496
72.6961 -3.07882 494
71.7085 -3.07258 493
70.7243 -3.06635 492
69.8856 -3.06635 492
69.0468 -3.06635 492
68.0694 -3.06012 491
67.2324 -3.06012 491
66.3954 -3.06012 491
65.4248 -3.05389 490
64.5895 -3.05389 490
63.7542 -3.05389 490
62.9189 -3.05389 490
62.0835 -3.05389 490
61.2482 -3.05389 490
60.4129 -3.05389 490
59.5776 -3.05389 490
58.6223 -3.04765 489
57.7887 -3.04765 489
56.7222 -3.03519 487
55.8919 -3.03519 487
55.0617 -3.03519 487
34.5303 -2.84822 457
33.7512 -2.84822 457
32.9722 -2.84822 457
32.1931 -2.84822 457
31.4828 -2.85445 458
30.702 -2.85445 458
29.9212 -2.85445 458
29.0132 -2.84198 456
28.2358 -2.84198 456
27.3982 -2.83575 455
26.6226 -2.83575 455
25.8469 -2.83575 455
25.0713 -2.83575 455
24.2422 -2.82952 454
23.4682 -2.82952 454
22.6943 -2.82952 454
21.9203 -2.82952 454
21.0998 -2.82329 453
20.2827 -2.81705 452
19.5121 -2.81705 452
18.7416 -2.81705 452
17.971 -2.81705 452
17.2005 -2.81705 452
176.501 -4.5329 571
175.528 -4.5329 571
174.554 -4.5329 571
174.189 -4.54878 573
173.212 -4.54878 573
172.235 -4.54878 573
171.557 -4.55671 574
170.579 -4.55671 574
169.6 -4.55671 574
168.622 -4.55671 574
167.643 -4.55671 574
166.665 -4.55671 574
165.686 -4.55671 574
164.421 -4.54878 573
163.159 -4.54084 572
162.184 -4.54084 572
161.209 -4.54084 572
159.953 -4.5329 571
158.701 -4.52496 570
157.453 -4.51702 569
156.483 -4.51702 569
155.24 -4.50908 568
154.271 -4.50908 568
153.033 -4.50114 567
152.067 -4.50114 567
151.1 -4.50114 567
149.869 -4.49321 566
148.904 -4.49321 566
147.939 -4.49321 566
146.974 -4.49321 566
145.751 -4.48527 565
144.788 -4.48527 565
143.825 -4.48527 565
142.609 -4.47733 564
141.396 -4.46939 563
140.187 -4.46145 562
138.981 -4.45351 561
138.025 -4.45351 561
136.335 -4.4297 558
134.899 -4.41382 556
133.469 -4.39794 554
132.525 -4.39794 554
131.58 -4.39794 554
130.164 -4.38207 552
129.223 -4.38207 552
128.282 -4.38207 552
127.111 -4.37413 551
126.171 -4.37413 551
125.005 -4.36619 550
124.067 -4.36619 550
123.129 -4.36619 550
121.97 -4.35825 549
121.034 -4.35825 549
120.098 -4.35825 549
118.728 -4.34237 547
117.365 -4.3265 545
116.222 -4.31856 544
115.083 -4.31062 543
114.157 -4.31062 543
112.814 -4.29474 541
111.065 -4.26299 537
109.739 -4.24711 535
108.827 -4.24711 535
91.031 -4.02483 507
90.1667 -4.02483 507
89.3024 -4.02483 507
88.438 -4.02483 507
87.5737 -4.02483 507
86.7094 -4.02483 507
83.8075 -3.96926 500
82.9551 -3.96926 500
82.1028 -3.96926 500
81.2504 -3.96926 500
80.2372 -3.96132 499
79.2275 -3.95339 498
78.3785 -3.95339 498
77.3739 -3.94545 497
76.5266 -3.94545 497
75.5271 -3.93751 496
74.6815 -3.93751 496
73.6871 -3.92957 495
72.5489 -3.91369 493
71.563 -3.90575 492
70.7243 -3.90575 492
69.8856 -3.90575 492
68.9065 -3.89782 491
67.9308 -3.88988 490
66.9586 -3.88194 489
66.1249 -3.88194 489
65.2913 -3.88194 489
64.4577 -3.88194 489
63.6241 -3.88194 489
62.7904 -3.88194 489
61.9568 -3.88194 489
61.1232 -3.88194 489
60.2896 -3.88194 489
59.456 -3.88194 489
58.6223 -3.88194 489
57.6705 -3.874 488
56.7222 -3.86606 487
55.8919 -3.86606 487
34.4547 -3.61997 456
33.6774 -3.61997 456
32.9 -3.61997 456
32.1227 -3.61997 456
31.4828 -3.63585 458
30.702 -3.63585 458
29.9212 -3.63585 458
29.0132 -3.61997 456
28.2358 -3.61997 456
27.3982 -3.61203 455
26.6226 -3.61203 455
25.8469 -3.61203 455
25.0713 -3.61203 455
24.2422 -3.60409 454
23.4682 -3.60409 454
22.6443 -3.59615 453
21.8721 -3.59615 453
21.0998 -3.59615 453
20.2827 -3.58821 452
19.5121 -3.58821 452
18.7416 -3.58821 452
17.971 -3.58821 452
17.2005 -3.58821 452
176.192 -5.49744 570
175.22 -5.49744 570
174.554 -5.50708 571
173.581 -5.50708 571
172.91 -5.51673 572
171.935 -5.51673 572
171.259 -5.52637 573
170.282 -5.52637 573
169.305 -5.52637 573
168.328 -5.52637 573
167.351 -5.52637 573
166.374 -5.52637 573
165.398 -5.52637 573
164.134 -5.51673 572
163.159 -5.51673 572
161.9 -5.50708 571
160.927 -5.50708 571
159.673 -5.49744 570
158.423 -5.48779 569
157.453 -5.48779 569
156.483 -5.48779 569
155.24 -5.47815 568
154 -5.4685 567
152.763 -5.45886 566
151.798 -5.45886 566
150.834 -5.45886 566
149.869 -5.45886 566
148.904 -5.45886 566
147.939 -5.45886 566
146.974 -5.45886 566
145.751 -5.44922 565
144.788 -5.44922 565
143.825 -5.44922 565
142.609 -5.43957 564
141.396 -5.42993 563
140.187 -5.42028 562
138.981 -5.41064 561
138.025 -5.41064 561
136.335 -5.3817 558
134.656 -5.35277 555
133.469 -5.34312 554
132.525 -5.34312 554
131.58 -5.34312 554
130.164 -5.32384 552
128.989 -5.31419 551
128.05 -5.31419 551
127.111 -5.31419 551
125.942 -5.30455 550
125.005 -5.30455 550
124.067 -5.30455 550
123.129 -5.30455 550
121.97 -5.2949 549
120.813 -5.28526 548
119.879 -5.28526 548
118.728 -5.27561 547
117.365 -5.25632 545
116.222 -5.24668 544
115.083 -5.23703 543
114.157 -5.23703 543
112.814 -5.21774 541
85.3412 -4.81267 499
84.4906 -4.81267 499
83.8075 -4.82231 500
82.9551 -4.82231 500
82.1028 -4.82231 500
81.2504 -4.82231 500
80.2372 -4.81267 499
79.2275 -4.80303 498
78.3785 -4.80303 498
77.3739 -4.79338 497
76.5266 -4.79338 497
75.5271 -4.78374 496
74.6815 -4.78374 496
73.6871 -4.77409 495
72.5489 -4.7548 493
71.563 -4.74516 492
70.7243 -4.74516 492
69.8856 -4.74516 492
68.9065 -4.73551 491
67.9308 -4.72587 490
66.9586 -4.71622 489
66.1249 -4.71622 489
65.2913 -4.71622 489
64.4577 -4.71622 489
63.6241 -4.71622 489
62.7904 -4.71622 489
61.9568 -4.71622 489
61.1232 -4.71622 489
60.1663 -4.70658 488
59.3344 -4.70658 488
58.5025 -4.70658 488
57.5524 -4.69693 487
56.7222 -4.69693 487
55.8919 -4.69693 487
35.1548 -4.38831 455
34.3792 -4.38831 455
33.6035 -4.38831 455
32.8279 -4.38831 455
32.0522 -4.38831 455
31.2765 -4.38831 455
30.4338 -4.37866 454
29.6599 -4.37866 454
28.8859 -4.37866 454
28.112 -4.37866 454
27.338 -4.37866 454
26.5641 -4.37866 454
25.7901 -4.37866 454
25.0162 -4.37866 454
24.2422 -4.37866 454
23.4682 -4.37866 454
22.6443 -4.36902 453
21.8721 -4.36902 453
21.0998 -4.36902 453
20.2827 -4.35937 452
19.5121 -4.35937 452
18.7416 -4.35937 452
17.971 -4.35937 452
17.2005 -4.35937 452
176.192 -6.46992 570
175.22 -6.46992 570
174.554 -6.48127 571
173.581 -6.48127 571
172.91 -6.49262 572
171.935 -6.49262 572
171.259 -6.50397 573
170.282 -6.50397 573
169.305 -6.50397 573
168.328 -6.50397 573
167.351 -6.50397 573
166.374 -6.50397 573
165.398 -6.50397 573
164.134 -6.49262 572
163.159 -6.49262 572
161.9 -6.48127 571
160.927 -6.48127 571
159.673 -6.46992 570
158.423 -6.45857 569
157.453 -6.45857 569
156.483 -6.45857 569
155.24 -6.44722 568
154 -6.43587 567
152.763 -6.42451 566
151.798 -6.42451 566
150.834 -6.42451 566
149.869 -6.42451 566
148.904 -6.42451 566
147.939 -6.42451 566
146.714 -6.41316 565
145.751 -6.41316 565
144.532 -6.40181 564
143.57 -6.40181 564
142.609 -6.40181 564
141.396 -6.39046 563
140.187 -6.37911 562
139.229 -6.37911 562
137.779 -6.35641 560
136.335 -6.33371 558
134.656 -6.29966 555
133.469 -6.28831 554
132.525 -6.28831 554
131.343 -6.27696 553
130.164 -6.2656 552
128.989 -6.25425 551
128.05 -6.25425 551
127.111 -6.25425 551
125.942 -6.2429 550
125.005 -6.2429 550
124.067 -6.2429 550
122.906 -6.23155 549
121.97 -6.23155 549
120.813 -6.2202 548
119.879 -6.2202 548
118.728 -6.20885 547
117.365 -6.18615 545
116.222 -6.1748 544
115.083 -6.16345 543
114.157 -6.16345 543
89.0996 -5.68672 501
88.2455 -5.68672 501
87.3914 -5.68672 501
86.5374 -5.68672 501
85.6833 -5.68672 501
84.4906 -5.66402 499
83.8075 -5.67537 500
82.9551 -5.67537 500
82.1028 -5.67537 500
81.0879 -5.66402 499
80.0764 -5.65267 498
79.0684 -5.64131 497
78.2211 -5.64131 497
77.2182 -5.62996 496
76.2186 -5.61861 495
75.3748 -5.61861 495
74.5309 -5.61861 495
73.3894 -5.59591 493
72.4018 -5.58456 492
71.563 -5.58456 492
70.5805 -5.57321 491
69.7435 -5.57321 491
68.7661 -5.56186 490
67.7922 -5.55051 489
66.9586 -5.55051 489
66.1249 -5.55051 489
65.1578 -5.53916 488
64.3259 -5.53916 488
63.494 -5.53916 488
62.662 -5.53916 488
61.8301 -5.53916 488
60.9982 -5.53916 488
60.1663 -5.53916 488
59.3344 -5.53916 488
58.5025 -5.53916 488
57.5524 -5.52781 487
56.7222 -5.52781 487
55.8919 -5.52781 487
35.9305 -5.16458 455
35.1548 -5.16458 455
34.3792 -5.16458 455
33.6035 -5.16458 455
32.7557 -5.15323 454
31.9818 -5.15323 454
31.2078 -5.15323 454
30.4338 -5.15323 454
29.5946 -5.14188 453
28.8223 -5.14188 453
28.0501 -5.14188 453
27.2778 -5.14188 453
26.5641 -5.15323 454
25.7901 -5.15323 454
25.0162 -5.15323 454
24.2422 -5.15323 454
23.4166 -5.14188 453
22.6443 -5.14188 453
21.8721 -5.14188 453
21.0532 -5.13053 452
20.2827 -5.13053 452
19.5121 -5.13053 452
18.7416 -5.13053 452
17.971 -5.13053 452
17.2005 -5.13053 452
175.883 -7.42934 569
174.913 -7.42934 569
174.249 -7.4424 570
173.277 -7.4424 570
172.608 -7.45545 571
171.634 -7.45545 571
170.661 -7.45545 571
169.985 -7.46851 572
169.009 -7.46851 572
168.034 -7.46851 572
167.059 -7.46851 572
166.084 -7.46851 572
165.109 -7.46851 572
163.847 -7.45545 571
162.874 -7.45545 571
161.617 -7.4424 570
160.645 -7.4424 570
159.673 -7.4424 570
158.423 -7.42934 569
157.176 -7.41628 568
156.208 -7.41628 568
154.966 -7.40323 567
153.728 -7.39017 566
152.763 -7.39017 566
151.798 -7.39017 566
150.834 -7.39017 566
149.869 -7.39017 566
148.904 -7.39017 566
147.939 -7.39017 566
146.714 -7.37711 565
145.751 -7.37711 565
144.532 -7.36406 564
143.57 -7.36406 564
142.609 -7.36406 564
141.396 -7.351 563
140.187 -7.33794 562
139.229 -7.33794 562
137.779 -7.31183 560
136.335 -7.28572 558
134.656 -7.24654 555
133.469 -7.23349 554
132.525 -7.23349 554
131.343 -7.22043 553
130.164 -7.20737 552
128.989 -7.19432 551
128.05 -7.19432 551
127.111 -7.19432 551
125.942 -7.18126 550
125.005 -7.18126 550
124.067 -7.18126 550
122.906 -7.1682 549
121.97 -7.1682 549
120.813 -7.15515 548
119.879 -7.15515 548
118.728 -7.14209 547
117.149 -7.10292 544
116.008 -7.08986 543
89.0996 -6.54148 501
88.2455 -6.54148 501
87.3914 -6.54148 501
86.5374 -6.54148 501
85.6833 -6.54148 501
84.4906 -6.51536 499
83.6399 -6.51536 499
82.7892 -6.51536 499
81.9386 -6.51536 499
80.9254 -6.50231 498
79.9156 -6.48925 497
78.9093 -6.47619 496
78.0637 -6.47619 496
77.0625 -6.46313 495
76.2186 -6.46313 495
75.0702 -6.43702 493
74.2298 -6.43702 493
73.3894 -6.43702 493
72.4018 -6.42396 492
71.4176 -6.41091 491
70.4368 -6.39785 490
69.6015 -6.39785 490
68.7661 -6.39785 490
67.6535 -6.37174 488
66.8216 -6.37174 488
65.9897 -6.37174 488
65.0243 -6.35868 487
64.1941 -6.35868 487
63.3638 -6.35868 487
62.5336 -6.35868 487
61.7034 -6.35868 487
60.8732 -6.35868 487
60.043 -6.35868 487
59.2128 -6.35868 487
58.3826 -6.35868 487
57.4342 -6.34562 486
35.9305 -5.94086 455
35.1548 -5.94086 455
34.3792 -5.94086 455
33.6035 -5.94086 455
32.7557 -5.9278 454
31.9818 -5.9278 454
31.2078 -5.9278 454
30.4338 -5.9278 454
29.5946 -5.91475 453
28.8223 -5.91475 453
28.0501 -5.91475 453
27.2778 -5.91475 453
26.5641 -5.9278 454
25.7901 -5.9278 454
25.0162 -5.9278 454
24.2422 -5.9278 454
23.4166 -5.91475 453
22.6443 -5.91475 453
21.8721 -5.91475 453
21.0532 -5.90169 452
20.2827 -5.90169 452
19.5121 -5.90169 452
18.7416 -5.90169 452
17.971 -5.90169 452
17.2005 -5.90169 452
175.883 -8.40011 569
174.913 -8.40011 569
173.943 -8.40011 569
172.973 -8.40011 569
172.305 -8.41488 570
171.334 -8.41488 570
170.362 -8.41488 570
169.687 -8.42964 571
168.714 -8.42964 571
167.741 -8.42964 571
166.767 -8.42964 571
165.794 -8.42964 571
164.82 -8.42964 571
163.56 -8.41488 570
162.588 -8.41488 570
161.333 -8.40011 569
160.363 -8.40011 569
159.393 -8.40011 569
158.145 -8.38535 568
156.9 -8.37059 567
155.933 -8.37059 567
154.693 -8.35582 566
153.728 -8.35582 566
152.763 -8.35582 566
151.798 -8.35582 566
150.567 -8.34106 565
149.604 -8.34106 565
148.641 -8.34106 565
147.678 -8.34106 565
146.714 -8.34106 565
145.493 -8.3263 564
144.532 -8.3263 564
143.57 -8.3263 564
142.356 -8.31154 563
141.396 -8.31154 563
140.187 -8.29677 562
139.229 -8.29677 562
137.779 -8.26725 560
136.091 -8.22296 557
134.656 -8.19343 555
133.469 -8.17867 554
132.525 -8.17867 554
131.343 -8.16391 553
130.164 -8.14914 552
128.989 -8.13438 551
128.05 -8.13438 551
127.111 -8.13438 551
125.942 -8.11962 550
125.005 -8.11962 550
124.067 -8.11962 550
122.906 -8.10485 549
121.747 -8.09009 548
120.813 -8.09009 548
119.879 -8.09009 548
118.511 -8.06057 546
117.149 -8.03104 544
116.008 -8.01628 543
89.7741 -7.38147 500
89.0996 -7.39623 501
88.2455 -7.39623 501
87.3914 -7.39623 501
86.5374 -7.39623 501
85.6833 -7.39623 501
84.4906 -7.36671 499
83.6399 -7.36671 499
82.6233 -7.35194 498
81.7744 -7.35194 498
80.9254 -7.35194 498
79.7548 -7.32242 496
78.5911 -7.29289 494
77.7489 -7.29289 494
76.7511 -7.27813 493
75.9107 -7.27813 493
75.0702 -7.27813 493
74.2298 -7.27813 493
73.2405 -7.26337 492
72.2546 -7.2486 491
71.2721 -7.23384 490
70.4368 -7.23384 490
69.6015 -7.23384 490
68.4855 -7.20432 488
67.5149 -7.18955 487
66.6847 -7.18955 487
65.8545 -7.18955 487
65.0243 -7.18955 487
64.1941 -7.18955 487
63.2337 -7.17479 486
62.4052 -7.17479 486
61.5767 -7.17479 486
60.7482 -7.17479 486
59.9197 -7.17479 486
59.0912 -7.17479 486
58.2627 -7.17479 486
57.1978 -7.14526 484
37.4818 -6.71714 455
36.7062 -6.71714 455
35.9305 -6.71714 455
35.1548 -6.71714 455
34.3792 -6.71714 455
33.6035 -6.71714 455
32.7557 -6.70237 454
31.9818 -6.70237 454
31.2078 -6.70237 454
30.4338 -6.70237 454
29.5946 -6.68761 453
28.8223 -6.68761 453
28.0501 -6.68761 453
27.2778 -6.68761 453
26.5641 -6.70237 454
25.7901 -6.70237 454
25.0162 -6.70237 454
24.2422 -6.70237 454
23.4166 -6.68761 453
22.6443 -6.68761 453
21.8721 -6.68761 453
21.0532 -6.67285 452
20.2827 -6.67285 452
19.5121 -6.67285 452
18.7416 -6.67285 452
17.971 -6.67285 452
175.574 -9.35442 568
174.606 -9.35442 568
173.637 -9.35442 568
172.973 -9.37089 569
172.003 -9.37089 569
171.033 -9.37089 569
170.362 -9.38736 570
169.39 -9.38736 570
168.419 -9.38736 570
167.447 -9.38736 570
166.475 -9.38736 570
165.503 -9.38736 570
164.532 -9.38736 570
163.273 -9.37089 569
162.303 -9.37089 569
161.333 -9.37089 569
160.363 -9.37089 569
159.113 -9.35442 568
157.866 -9.33795 567
156.623 -9.32148 566
155.658 -9.32148 566
154.693 -9.32148 566
153.457 -9.30501 565
152.493 -9.30501 565
151.53 -9.30501 565
150.567 -9.30501 565
149.604 -9.30501 565
148.641 -9.30501 565
147.678 -9.30501 565
146.455 -9.28854 564
145.493 -9.28854 564
144.275 -9.27207 563
143.316 -9.27207 563
142.356 -9.27207 563
141.145 -9.2556 562
139.688 -9.22266 560
138.238 -9.18973 558
137.287 -9.18973 558
135.847 -9.15679 556
134.414 -9.12385 554
133.228 -9.10738 553
132.286 -9.10738 553
131.105 -9.09091 552
130.164 -9.09091 552
128.989 -9.07444 551
128.05 -9.07444 551
126.88 -9.05797 550
125.942 -9.05797 550
124.777 -9.04151 549
123.841 -9.04151 549
122.682 -9.02504 548
121.525 -9.00857 547
120.372 -8.9921 546
119.442 -8.9921 546
118.077 -8.95916 544
116.934 -8.94269 543
116.008 -8.94269 543
89.7741 -8.23452 500
89.0996 -8.25099 501
88.2455 -8.25099 501
87.3914 -8.25099 501
86.3646 -8.23452 500
85.5123 -8.23452 500
84.4906 -8.21805 499
83.6399 -8.21805 499
82.6233 -8.20158 498
81.7744 -8.20158 498
80.9254 -8.20158 498
79.7548 -8.16865 496
78.5911 -8.13571 494
77.7489 -8.13571 494
76.7511 -8.11924 493
75.9107 -8.11924 493
75.0702 -8.11924 493
74.2298 -8.11924 493
73.2405 -8.10277 492
72.2546 -8.0863 491
71.2721 -8.06983 490
70.4368 -8.06983 490
69.6015 -8.06983 490
68.4855 -8.03689 488
67.5149 -8.02042 487
66.6847 -8.02042 487
65.8545 -8.02042 487
65.0243 -8.02042 487
64.1941 -8.02042 487
63.2337 -8.00395 486
62.4052 -8.00395 486
61.5767 -8.00395 486
60.7482 -8.00395 486
59.9197 -8.00395 486
59.0912 -8.00395 486
58.0229 -7.97102 484
57.1978 -7.97102 484
43.4951 -7.46048 453
42.7228 -7.46048 453
41.9506 -7.46048 453
41.1783 -7.46048 453
40.4061 -7.46048 453
38.9474 -7.47695 454
38.1734 -7.47695 454
37.4818 -7.49342 455
36.7062 -7.49342 455
35.9305 -7.49342 455
35.1548 -7.49342 455
34.3792 -7.49342 455
33.6035 -7.49342 455
32.7557 -7.47695 454
31.9818 -7.47695 454
31.2078 -7.47695 454
30.3668 -7.46048 453
29.5946 -7.46048 453
28.8223 -7.46048 453
28.0501 -7.46048 453
27.2778 -7.46048 453
26.5641 -7.47695 454
25.7901 -7.47695 454
25.0162 -7.47695 454
24.2422 -7.47695 454
23.4166 -7.46048 453
22.6443 -7.46048 453
21.8721 -7.46048 453
21.0532 -7.44401 452
20.2827 -7.44401 452
19.5121 -7.44401 452
18.7416 -7.44401 452
175.574 -10.3235 568
174.606 -10.3235 568
173.637 -10.3235 568
172.973 -10.3417 569
172.003 -10.3417 569
171.033 -10.3417 569
170.362 -10.3598 570
169.39 -10.3598 570
168.419 -10.3598 570
167.447 -10.3598 570
166.475 -10.3598 570
165.503 -10.3598 570
164.532 -10.3598 570
163.273 -10.3417 569
162.303 -10.3417 569
161.333 -10.3417 569
160.363 -10.3417 569
159.113 -10.3235 568
157.866 -10.3053 567
156.623 -10.2871 566
155.658 -10.2871 566
154.693 -10.2871 566
153.457 -10.269 565
152.493 -10.269 565
151.53 -10.269 565
150.567 -10.269 565
149.604 -10.269 565
148.641 -10.269 565
147.678 -10.269 565
146.455 -10.2508 564
145.235 -10.2326 563
144.275 -10.2326 563
143.316 -10.2326 563
142.103 -10.2144 562
141.145 -10.2144 562
139.439 -10.1599 559
137.99 -10.1236 557
137.041 -10.1236 557
135.602 -10.0872 555
134.171 -10.0509 553
133.228 -10.0509 553
132.286 -10.0509 553
131.105 -10.0327 552
129.929 -10.0145 551
128.755 -9.99633 550
127.817 -9.99633 550
126.88 -9.99633 550
125.713 -9.97816 549
124.55 -9.95998 548
123.616 -9.95998 548
122.458 -9.94181 547
121.303 -9.92363 546
120.152 -9.90546 545
119.223 -9.90546 545
118.077 -9.88728 544
116.934 -9.86911 543
115.795 -9.85093 542
90.4453 -9.0694 499
89.7741 -9.08757 500
88.9218 -9.08757 500
88.0694 -9.08757 500
87.217 -9.08757 500
86.1919 -9.0694 499
85.3412 -9.0694 499
84.4906 -9.0694 499
83.4723 -9.05122 498
82.6233 -9.05122 498
81.7744 -9.05122 498
80.6004 -9.01487 496
79.4332 -8.97852 494
78.432 -8.96035 493
77.5916 -8.96035 493
76.7511 -8.96035 493
75.7567 -8.94217 492
74.918 -8.94217 492
74.0792 -8.94217 492
73.0916 -8.924 491
72.1074 -8.90582 490
71.1267 -8.88765 489
70.1493 -8.86947 488
69.3174 -8.86947 488
68.3451 -8.8513 487
67.3763 -8.83312 486
66.4108 -8.81495 485
65.584 -8.81495 485
64.7572 -8.81495 485
63.9304 -8.81495 485
62.9735 -8.79677 484
62.1484 -8.79677 484
61.3233 -8.79677 484
60.4982 -8.79677 484
59.6731 -8.79677 484
58.848 -8.79677 484
58.0229 -8.79677 484
57.1978 -8.79677 484
44.2673 -8.23334 453
43.5911 -8.25152 454
42.8171 -8.25152 454
42.0432 -8.25152 454
41.2692 -8.25152 454
40.4953 -8.25152 454
39.7213 -8.25152 454
39.0331 -8.26969 455
38.2575 -8.26969 455
37.4818 -8.26969 455
36.7062 -8.26969 455
35.9305 -8.26969 455
35.1548 -8.26969 455
34.3792 -8.26969 455
33.5297 -8.25152 454
32.7557 -8.25152 454
31.9113 -8.23334 453
31.1391 -8.23334 453
30.3668 -8.23334 453
29.5946 -8.23334 453
28.8223 -8.23334 453
28.0501 -8.23334 453
27.2778 -8.23334 453
26.5056 -8.23334 453
25.7333 -8.23334 453
24.9611 -8.23334 453
24.1888 -8.23334 453
23.4166 -8.23334 453
22.6443 -8.23334 453
21.8721 -8.23334 453
21.0532 -8.21517 452
20.1929 -8.17882 450
19.4258 -8.17882 450
18.6587 -8.17882 450
176.542 -11.2926 568
175.574 -11.2926 568
174.606 -11.2926 568
173.637 -11.2926 568
172.669 -11.2926 568
172.003 -11.3124 569
171.033 -11.3124 569
170.063 -11.3124 569
168.796 -11.2926 568
167.828 -11.2926 568
166.859 -11.2926 568
165.891 -11.2926 568
164.923 -11.2926 568
163.954 -11.2926 568
162.986 -11.2926 568
161.733 -11.2727 567
160.766 -11.2727 567
159.799 -11.2727 567
158.833 -11.2727 567
157.588 -11.2528 566
156.623 -11.2528 566
155.658 -11.2528 566
154.42 -11.2329 565
153.457 -11.2329 565
152.493 -11.2329 565
151.53 -11.2329 565
150.301 -11.213 564
149.339 -11.213 564
148.378 -11.213 564
147.416 -11.213 564
146.455 -11.213 564
145.235 -11.1931 563
144.275 -11.1931 563
143.316 -11.1931 563
142.103 -11.1733 562
141.145 -11.1733 562
139.439 -11.1136 559
137.99 -11.0739 557
137.041 -11.0739 557
135.602 -11.0341 555
134.171 -10.9943 553
133.228 -10.9943 553
132.286 -10.9943 553
131.105 -10.9745 552
129.929 -10.9546 551
128.755 -10.9347 550
127.817 -10.9347 550
126.88 -10.9347 550
125.713 -10.9148 549
124.55 -10.8949 548
123.616 -10.8949 548
122.458 -10.875 547
121.303 -10.8552 546
120.152 -10.8353 545
119.223 -10.8353 545
118.077 -10.8154 544
116.934 -10.7955 543
115.795 -10.7756 542
92.1466 -9.92074 499
91.2959 -9.92074 499
90.4453 -9.92074 499
89.5946 -9.92074 499
88.7439 -9.92074 499
87.8932 -9.92074 499
87.0426 -9.92074 499
86.1919 -9.92074 499
85.3412 -9.92074 499
84.3212 -9.90086 498
83.4723 -9.90086 498
82.6233 -9.90086 498
81.7744 -9.90086 498
80.4379 -9.84122 495
79.4332 -9.82134 494
78.432 -9.80146 493
77.5916 -9.80146 493
76.5954 -9.78158 492
75.7567 -9.78158 492
74.918 -9.78158 492
74.0792 -9.78158 492
73.0916 -9.76169 491
72.1074 -9.74181 490
71.1267 -9.72193 489
70.1493 -9.70205 488
69.3174 -9.70205 488
68.3451 -9.68217 487
67.2376 -9.64241 485
66.4108 -9.64241 485
65.584 -9.64241 485
64.6237 -9.62253 484
63.7986 -9.62253 484
62.9735 -9.62253 484
62.1484 -9.62253 484
61.1966 -9.60264 483
60.4982 -9.62253 484
59.6731 -9.62253 484
58.848 -9.62253 484
58.0229 -9.62253 484
44.2673 -9.00621 453
43.5911 -9.02609 454
42.8171 -9.02609 454
42.0432 -9.02609 454
41.2692 -9.02609 454
40.4953 -9.02609 454
39.7213 -9.02609 454
39.0331 -9.04597 455
38.2575 -9.04597 455
37.4818 -9.04597 455
36.7062 -9.04597 455
35.8515 -9.02609 454
35.0776 -9.02609 454
34.3036 -9.02609 454
33.5297 -9.02609 454
32.7557 -9.02609 454
31.9113 -9.00621 453
31.1391 -9.00621 453
30.3668 -9.00621 453
29.5946 -9.00621 453
28.8223 -9.00621 453
28.0501 -9.00621 453
27.2778 -9.00621 453
26.5641 -9.02609 454
25.7901 -9.02609 454
25.0162 -9.02609 454
24.2422 -9.02609 454
23.4166 -9.00621 453
22.6443 -9.00621 453
21.8721 -9.00621 453
21.0998 -9.00621 453
20.1929 -8.94656 450
19.4258 -8.94656 450
18.6587 -8.94656 450
176.542 -12.2616 568
175.574 -12.2616 568
174.606 -12.2616 568
173.637 -12.2616 568
172.669 -12.2616 568
171.701 -12.2616 568
170.732 -12.2616 568
169.764 -12.2616 568
168.796 -12.2616 568
167.828 -12.2616 568
166.859 -12.2616 568
165.891 -12.2616 568
164.632 -12.24 567
163.666 -12.24 567
162.699 -12.24 567
161.733 -12.24 567
160.766 -12.24 567
159.799 -12.24 567
158.553 -12.2184 566
157.588 -12.2184 566
156.346 -12.1969 565
155.383 -12.1969 565
154.42 -12.1969 565
153.457 -12.1969 565
152.224 -12.1753 564
151.262 -12.1753 564
150.301 -12.1753 564
149.339 -12.1753 564
148.378 -12.1753 564
147.416 -12.1753 564
146.455 -12.1753 564
145.235 -12.1537 563
144.275 -12.1537 563
143.316 -12.1537 563
142.103 -12.1321 562
141.145 -12.1321 562
139.439 -12.0673 559
137.99 -12.0242 557
137.041 -12.0242 557
135.602 -11.981 555
134.171 -11.9378 553
133.228 -11.9378 553
132.286 -11.9378 553
131.105 -11.9162 552
129.929 -11.8946 551
128.755 -11.873 550
127.817 -11.873 550
126.88 -11.873 550
125.484 -11.8299 548
124.55 -11.8299 548
123.616 -11.8299 548
122.234 -11.7867 546
121.081 -11.7651 545
119.931 -11.7435 544
119.004 -11.7435 544
118.077 -11.7435 544
116.934 -11.7219 543
115.795 -11.7003 542
92.1466 -10.7721 499
91.2959 -10.7721 499
90.4453 -10.7721 499
89.5946 -10.7721 499
88.7439 -10.7721 499
87.8932 -10.7721 499
87.0426 -10.7721 499
86.1919 -10.7721 499
85.3412 -10.7721 499
84.3212 -10.7505 498
83.4723 -10.7505 498
82.6233 -10.7505 498
81.7744 -10.7505 498
80.6004 -10.7073 496
79.594 -10.6857 495
78.5911 -10.6642 494
77.7489 -10.6642 494
76.5954 -10.621 492
75.7567 -10.621 492
74.918 -10.621 492
74.0792 -10.621 492
73.0916 -10.5994 491
72.1074 -10.5778 490
71.1267 -10.5562 489
70.1493 -10.5346 488
69.3174 -10.5346 488
68.3451 -10.513 487
67.2376 -10.4699 485
66.4108 -10.4699 485
65.584 -10.4699 485
64.6237 -10.4483 484
63.7986 -10.4483 484
62.8434 -10.4267 483
62.02 -10.4267 483
61.1966 -10.4267 483
60.3732 -10.4267 483
59.4265 -10.4051 482
58.6049 -10.4051 482
44.2673 -9.77907 453
43.5911 -9.80066 454
42.8171 -9.80066 454
42.0432 -9.80066 454
41.3601 -9.82225 455
40.5845 -9.82225 455
39.8088 -9.82225 455
39.0331 -9.82225 455
38.2575 -9.82225 455
37.4818 -9.82225 455
36.7062 -9.82225 455
35.8515 -9.80066 454
35.0776 -9.80066 454
34.3036 -9.80066 454
33.5297 -9.80066 454
32.7557 -9.80066 454
31.9113 -9.77907 453
31.1391 -9.77907 453
30.3668 -9.77907 453
29.5946 -9.77907 453
28.8223 -9.77907 453
28.0501 -9.77907 453
27.2778 -9.77907 453
26.5641 -9.80066 454
25.7901 -9.80066 454
25.0162 -9.80066 454
24.2422 -9.80066 454
23.4166 -9.77907 453
22.6443 -9.77907 453
21.8721 -9.77907 453
21.0998 -9.77907 453
20.1929 -9.71431 450
19.3826 -9.69272 449
18.6172 -9.69272 449
176.542 -13.2307 568
175.574 -13.2307 568
174.606 -13.2307 568
173.332 -13.2074 567
172.365 -13.2074 567
171.398 -13.2074 567
170.432 -13.2074 567
169.465 -13.2074 567
168.499 -13.2074 567
167.532 -13.2074 567
166.566 -13.2074 567
165.599 -13.2074 567
164.632 -13.2074 567
163.666 -13.2074 567
162.699 -13.2074 567
161.447 -13.1841 566
160.482 -13.1841 566
159.518 -13.1841 566
158.553 -13.1841 566
157.588 -13.1841 566
156.346 -13.1608 565
155.383 -13.1608 565
154.42 -13.1608 565
153.185 -13.1375 564
152.224 -13.1375 564
151.262 -13.1375 564
150.301 -13.1375 564
149.339 -13.1375 564
148.378 -13.1375 564
147.416 -13.1375 564
146.455 -13.1375 564
145.235 -13.1142 563
144.275 -13.1142 563
143.316 -13.1142 563
142.103 -13.0909 562
141.145 -13.0909 562
139.439 -13.021 559
138.486 -13.021 559
137.041 -12.9745 557
135.602 -12.9279 555
134.171 -12.8813 553
132.987 -12.858 552
132.046 -12.858 552
130.868 -12.8347 551
129.929 -12.8347 551
128.755 -12.8114 550
127.817 -12.8114 550
126.649 -12.7881 549
125.484 -12.7648 548
124.096 -12.7182 546
123.165 -12.7182 546
122.01 -12.6949 545
120.859 -12.6716 544
119.931 -12.6716 544
119.004 -12.6716 544
117.86 -12.6483 543
116.719 -12.6251 542
115.795 -12.6251 542
92.1466 -11.6234 499
91.2959 -11.6234 499
90.4453 -11.6234 499
89.5946 -11.6234 499
88.7439 -11.6234 499
87.8932 -11.6234 499
87.0426 -11.6234 499
86.0192 -11.6001 498
85.1702 -11.6001 498
84.3212 -11.6001 498
83.4723 -11.6001 498
82.6233 -11.6001 498
81.7744 -11.6001 498
80.6004 -11.5536 496
79.594 -11.5303 495
78.5911 -11.507 494
77.7489 -11.507 494
76.5954 -11.4604 492
75.7567 -11.4604 492
74.918 -11.4604 492
74.0792 -11.4604 492
73.0916 -11.4371 491
72.1074 -11.4138 490
71.1267 -11.3905 489
70.1493 -11.3672 488
69.3174 -11.3672 488
68.3451 -11.3439 487
67.2376 -11.2973 485
66.4108 -11.2973 485
65.584 -11.2973 485
64.6237 -11.274 484
63.7986 -11.274 484
62.8434 -11.2507 483
62.02 -11.2507 483
61.1966 -11.2507 483
60.3732 -11.2507 483
59.4265 -11.2274 482
58.6049 -11.2274 482
43.5911 -10.5752 454
42.8171 -10.5752 454
42.0432 -10.5752 454
41.3601 -10.5985 455
40.5845 -10.5985 455
39.8088 -10.5985 455
39.0331 -10.5985 455
38.2575 -10.5985 455
37.4818 -10.5985 455
36.7062 -10.5985 455
35.8515 -10.5752 454
35.0776 -10.5752 454
34.3036 -10.5752 454
33.5297 -10.5752 454
32.7557 -10.5752 454
31.9113 -10.5519 453
31.1391 -10.5519 453
30.3668 -10.5519 453
29.5946 -10.5519 453
28.8223 -10.5519 453
28.0501 -10.5519 453
27.2778 -10.5519 453
26.5641 -10.5752 454
25.7901 -10.5752 454
25.0162 -10.5752 454
24.2422 -10.5752 454
23.4166 -10.5519 453
22.6443 -10.5519 453
21.8721 -10.5519 453
21.0998 -10.5519 453
176.542 -14.1998 568
175.574 -14.1998 568
174.606 -14.1998 568
173.332 -14.1748 567
172.365 -14.1748 567
171.398 -14.1748 567
170.432 -14.1748 567
169.465 -14.1748 567
168.499 -14.1748 567
167.532 -14.1748 567
166.566 -14.1748 567
165.599 -14.1748 567
164.632 -14.1748 567
163.666 -14.1748 567
162.699 -14.1748 567
161.447 -14.1498 566
160.482 -14.1498 566
159.518 -14.1498 566
158.553 -14.1498 566
157.588 -14.1498 566
156.346 -14.1248 565
155.383 -14.1248 565
154.42 -14.1248 565
153.185 -14.0998 564
152.224 -14.0998 564
151.262 -14.0998 564
150.301 -14.0998 564
149.339 -14.0998 564
148.378 -14.0998 564
147.416 -14.0998 564
146.195 -14.0748 563
145.235 -14.0748 563
144.019 -14.0498 562
143.061 -14.0498 562
142.103 -14.0498 562
140.894 -14.0248 561
139.439 -13.9748 559
138.486 -13.9748 559
136.795 -13.8998 556
135.358 -13.8498 554
133.928 -13.7998 552
132.746 -13.7748 551
131.807 -13.7748 551
130.868 -13.7748 551
129.693 -13.7498 550
128.521 -13.7248 549
127.585 -13.7248 549
126.419 -13.6998 548
124.797 -13.6248 545
123.641 -13.5998 544
122.714 -13.5998 544
121.562 -13.5748 543
120.637 -13.5748 543
119.711 -13.5748 543
118.785 -13.5748 543
117.86 -13.5748 543
116.719 -13.5498 542
115.795 -13.5498 542
92.1466 -12.4748 499
91.2959 -12.4748 499
90.4453 -12.4748 499
89.5946 -12.4748 499
88.7439 -12.4748 499
87.8932 -12.4748 499
86.8681 -12.4498 498
86.0192 -12.4498 498
85.1702 -12.4498 498
84.3212 -12.4498 498
83.4723 -12.4498 498
82.4574 -12.4248 497
81.6102 -12.4248 497
80.6004 -12.3998 496
79.594 -12.3748 495
78.5911 -12.3498 494
77.7489 -12.3498 494
76.5954 -12.2998 492
75.7567 -12.2998 492
74.7657 -12.2748 491
73.9287 -12.2748 491
73.0916 -12.2748 491
72.1074 -12.2498 490
71.1267 -12.2248 489
70.1493 -12.1998 488
69.3174 -12.1998 488
68.3451 -12.1748 487
67.2376 -12.1248 485
66.2739 -12.0998 484
65.4488 -12.0998 484
64.6237 -12.0998 484
63.6668 -12.0748 483
62.7133 -12.0498 482
61.8916 -12.0498 482
61.0699 -12.0498 482
60.2482 -12.0498 482
44.365 -11.3498 454
43.5911 -11.3498 454
42.8171 -11.3498 454
42.0432 -11.3498 454
41.3601 -11.3748 455
40.5845 -11.3748 455
39.8088 -11.3748 455
39.0331 -11.3748 455
38.2575 -11.3748 455
37.4818 -11.3748 455
36.7062 -11.3748 455
35.8515 -11.3498 454
35.0776 -11.3498 454
34.3036 -11.3498 454
33.5297 -11.3498 454
32.7557 -11.3498 454
31.9113 -11.3248 453
31.1391 -11.3248 453
30.3668 -11.3248 453
29.5946 -11.3248 453
28.8223 -11.3248 453
28.0501 -11.3248 453
27.2778 -11.3248 453
26.5641 -11.3498 454
25.7901 -11.3498 454
25.0162 -11.3498 454
24.2422 -11.3498 454
23.4166 -11.3248 453
22.6443 -11.3248 453
21.8721 -11.3248 453
176.231 -15.1421 567
175.265 -15.1421 567
174.298 -15.1421 567
173.332 -15.1421 567
172.365 -15.1421 567
171.398 -15.1421 567
170.432 -15.1421 567
169.465 -15.1421 567
168.499 -15.1421 567
167.532 -15.1421 567
166.566 -15.1421 567
165.599 -15.1421 567
164.632 -15.1421 567
163.666 -15.1421 567
162.412 -15.1154 566
161.447 -15.1154 566
160.482 -15.1154 566
159.518 -15.1154 566
158.553 -15.1154 566
157.309 -15.0887 565
156.346 -15.0887 565
155.383 -15.0887 565
154.146 -15.062 564
153.185 -15.062 564
152.224 -15.062 564
151.262 -15.062 564
150.301 -15.062 564
149.339 -15.062 564
148.378 -15.062 564
147.416 -15.062 564
146.195 -15.0353 563
145.235 -15.0353 563
144.019 -15.0086 562
143.061 -15.0086 562
142.103 -15.0086 562
140.894 -14.9819 561
139.439 -14.9285 559
138.486 -14.9285 559
136.795 -14.8483 556
135.358 -14.7949 554
133.928 -14.7415 552
132.746 -14.7148 551
131.807 -14.7148 551
130.868 -14.7148 551
129.693 -14.6881 550
128.521 -14.6614 549
127.585 -14.6614 549
126.419 -14.6347 548
124.797 -14.5546 545
123.641 -14.5279 544
122.714 -14.5279 544
121.562 -14.5012 543
120.637 -14.5012 543
119.711 -14.5012 543
118.785 -14.5012 543
117.86 -14.5012 543
116.719 -14.4745 542
115.581 -14.4478 541
92.1466 -13.3261 499
91.2959 -13.3261 499
90.4453 -13.3261 499
89.5946 -13.3261 499
88.7439 -13.3261 499
87.7171 -13.2994 498
86.8681 -13.2994 498
86.0192 -13.2994 498
85.1702 -13.2994 498
84.3212 -13.2994 498
83.4723 -13.2994 498
82.4574 -13.2727 497
81.6102 -13.2727 497
80.6004 -13.246 496
79.594 -13.2193 495
78.5911 -13.1926 494
77.7489 -13.1926 494
76.5954 -13.1392 492
75.6027 -13.1125 491
74.7657 -13.1125 491
73.9287 -13.1125 491
72.9428 -13.0858 490
71.9603 -13.0591 489
70.9812 -13.0324 488
70.0055 -13.0057 487
69.1753 -13.0057 487
68.0644 -12.9522 485
66.9604 -12.8988 483
66.137 -12.8988 483
65.3136 -12.8988 483
64.4902 -12.8988 483
63.535 -12.8721 482
62.7133 -12.8721 482
61.8916 -12.8721 482
61.0699 -12.8721 482
60.1232 -12.8454 481
44.365 -12.1244 454
43.5911 -12.1244 454
42.8171 -12.1244 454
42.0432 -12.1244 454
41.3601 -12.1511 455
40.5845 -12.1511 455
39.8088 -12.1511 455
39.0331 -12.1511 455
38.2575 -12.1511 455
37.4818 -12.1511 455
36.7062 -12.1511 455
35.8515 -12.1244 454
35.0776 -12.1244 454
34.3036 -12.1244 454
33.5297 -12.1244 454
32.7557 -12.1244 454
31.9113 -12.0977 453
31.1391 -12.0977 453
30.3668 -12.0977 453
29.5946 -12.0977 453
28.8223 -12.0977 453
28.0501 -12.0977 453
27.2778 -12.0977 453
26.5641 -12.1244 454
25.7901 -12.1244 454
25.0162 -12.1244 454
24.2422 -12.1244 454
23.4166 -12.0977 453
22.6443 -12.0977 453
21.8721 -12.0977 453
175.921 -16.0811 566
174.956 -16.0811 566
173.991 -16.0811 566
173.332 -16.1095 567
172.365 -16.1095 567
171.398 -16.1095 567
170.432 -16.1095 567
169.465 -16.1095 567
168.499 -16.1095 567
167.532 -16.1095 567
166.566 -16.1095 567
165.307 -16.0811 566
164.342 -16.0811 566
163.377 -16.0811 566
162.412 -16.0811 566
161.447 -16.0811 566
160.482 -16.0811 566
159.518 -16.0811 566
158.273 -16.0526 565
157.309 -16.0526 565
156.069 -16.0242 564
155.108 -16.0242 564
154.146 -16.0242 564
152.913 -15.9958 563
151.954 -15.9958 563
150.994 -15.9958 563
150.034 -15.9958 563
149.074 -15.9958 563
148.115 -15.9958 563
147.155 -15.9958 563
146.195 -15.9958 563
144.977 -15.9674 562
144.019 -15.9674 562
143.061 -15.9674 562
141.85 -15.939 561
140.392 -15.8822 559
139.189 -15.8538 558
138.238 -15.8538 558
136.549 -15.7685 555
135.114 -15.7117 553
133.928 -15.6833 552
132.746 -15.6549 551
131.807 -15.6549 551
130.63 -15.6265 550
129.457 -15.5981 549
128.287 -15.5697 548
127.353 -15.5697 548
125.957 -15.5128 546
124.568 -15.456 544
123.641 -15.456 544
122.714 -15.456 544
121.562 -15.4276 543
120.637 -15.4276 543
119.711 -15.4276 543
118.785 -15.4276 543
117.643 -15.3992 542
116.719 -15.3992 542
115.581 -15.3708 541
92.1466 -14.1775 499
91.2959 -14.1775 499
90.4453 -14.1775 499
89.5946 -14.1775 499
88.7439 -14.1775 499
87.7171 -14.1491 498
86.8681 -14.1491 498
86.0192 -14.1491 498
85.1702 -14.1491 498
84.3212 -14.1491 498
83.4723 -14.1491 498
82.4574 -14.1207 497
81.6102 -14.1207 497
80.6004 -14.0922 496
79.4332 -14.0354 494
78.2729 -13.9786 492
77.4342 -13.9786 492
76.4398 -13.9502 491
75.4488 -13.9218 490
74.6134 -13.9218 490
73.7781 -13.9218 490
72.6451 -13.8649 488
71.666 -13.8365 487
70.6903 -13.8081 486
69.718 -13.7797 485
68.8913 -13.7797 485
67.7838 -13.7229 483
66.9604 -13.7229 483
66.137 -13.7229 483
65.3136 -13.7229 483
64.3567 -13.6945 482
63.535 -13.6945 482
62.5832 -13.6661 481
61.7632 -13.6661 481
60.9432 -13.6661 481
44.365 -12.8989 454
43.5911 -12.8989 454
42.8171 -12.8989 454
42.0432 -12.8989 454
41.3601 -12.9274 455
40.5845 -12.9274 455
39.8088 -12.9274 455
39.0331 -12.9274 455
38.2575 -12.9274 455
37.4818 -12.9274 455
36.6255 -12.8989 454
35.8515 -12.8989 454
35.0776 -12.8989 454
34.3036 -12.8989 454
33.5297 -12.8989 454
32.7557 -12.8989 454
31.9818 -12.8989 454
31.1391 -12.8705 453
30.3668 -12.8705 453
29.5946 -12.8705 453
28.8223 -12.8705 453
28.0501 -12.8705 453
27.2778 -12.8705 453
26.447 -12.8421 452
175.921 -17.0467 566
175.265 -17.0768 567
174.298 -17.0768 567
173.332 -17.0768 567
172.365 -17.0768 567
171.398 -17.0768 567
170.432 -17.0768 567
169.465 -17.0768 567
168.499 -17.0768 567
167.532 -17.0768 567
166.566 -17.0768 567
165.599 -17.0768 567
164.342 -17.0467 566
163.377 -17.0467 566
162.412 -17.0467 566
161.447 -17.0467 566
160.199 -17.0166 565
159.236 -17.0166 565
158.273 -17.0166 565
157.031 -16.9865 564
156.069 -16.9865 564
155.108 -16.9865 564
153.873 -16.9564 563
152.642 -16.9262 562
151.684 -16.9262 562
150.726 -16.9262 562
149.768 -16.9262 562
148.81 -16.9262 562
147.851 -16.9262 562
146.893 -16.9262 562
145.935 -16.9262 562
144.719 -16.8961 561
143.763 -16.8961 561
142.807 -16.8961 561
141.344 -16.8359 559
140.14 -16.8058 558
138.69 -16.7455 556
137.247 -16.6853 554
136.303 -16.6853 554
134.869 -16.6251 552
133.686 -16.5949 551
132.506 -16.5648 550
131.568 -16.5648 550
130.393 -16.5347 549
129.221 -16.5046 548
128.053 -16.4745 547
127.12 -16.4745 547
125.726 -16.4142 545
124.568 -16.3841 544
123.414 -16.354 543
122.488 -16.354 543
121.562 -16.354 543
120.637 -16.354 543
119.491 -16.3239 542
118.567 -16.3239 542
117.643 -16.3239 542
91.9619 -14.9987 498
91.113 -14.9987 498
90.264 -14.9987 498
89.415 -14.9987 498
88.5661 -14.9987 498
87.7171 -14.9987 498
86.8681 -14.9987 498
86.0192 -14.9987 498
85.1702 -14.9987 498
84.3212 -14.9987 498
83.4723 -14.9987 498
82.4574 -14.9686 497
81.6102 -14.9686 497
80.6004 -14.9385 496
79.4332 -14.8782 494
78.2729 -14.818 492
77.4342 -14.818 492
76.4398 -14.7879 491
75.4488 -14.7578 490
74.6134 -14.7578 490
73.7781 -14.7578 490
72.6451 -14.6975 488
71.666 -14.6674 487
70.6903 -14.6373 486
69.718 -14.6072 485
68.8913 -14.6072 485
67.7838 -14.5469 483
66.9604 -14.5469 483
66.137 -14.5469 483
65.3136 -14.5469 483
64.3567 -14.5168 482
63.535 -14.5168 482
62.5832 -14.4867 481
61.7632 -14.4867 481
60.9432 -14.4867 481
44.365 -13.6735 454
43.5911 -13.6735 454
42.8171 -13.6735 454
42.0432 -13.6735 454
41.3601 -13.7036 455
40.5845 -13.7036 455
39.8088 -13.7036 455
38.9474 -13.6735 454
38.1734 -13.6735 454
37.3994 -13.6735 454
36.6255 -13.6735 454
35.8515 -13.6735 454
35.0776 -13.6735 454
34.3036 -13.6735 454
33.5297 -13.6735 454
32.7557 -13.6735 454
31.9818 -13.6735 454
31.1391 -13.6434 453
30.3668 -13.6434 453
29.5946 -13.6434 453
28.8223 -13.6434 453
28.0501 -13.6434 453
27.2778 -13.6434 453
175.265 -18.0442 567
174.298 -18.0442 567
173.332 -18.0442 567
172.365 -18.0442 567
171.398 -18.0442 567
170.432 -18.0442 567
169.465 -18.0442 567
168.499 -18.0442 567
167.532 -18.0442 567
166.566 -18.0442 567
165.599 -18.0442 567
164.632 -18.0442 567
163.666 -18.0442 567
162.412 -18.0124 566
161.447 -18.0124 566
160.199 -17.9805 565
159.236 -17.9805 565
158.273 -17.9805 565
157.031 -17.9487 564
156.069 -17.9487 564
155.108 -17.9487 564
153.873 -17.9169 563
152.642 -17.8851 562
151.684 -17.8851 562
150.726 -17.8851 562
149.768 -17.8851 562
148.81 -17.8851 562
147.851 -17.8851 562
146.893 -17.8851 562
145.935 -17.8851 562
144.461 -17.8214 560
143.25 -17.7896 559
142.297 -17.7896 559
141.092 -17.7578 558
139.638 -17.6941 556
138.191 -17.6305 554
136.999 -17.5987 553
136.056 -17.5987 553
134.869 -17.5668 552
133.443 -17.5032 550
132.265 -17.4714 549
131.329 -17.4714 549
130.155 -17.4395 548
128.985 -17.4077 547
127.819 -17.3759 546
126.888 -17.3759 546
125.496 -17.3122 544
124.339 -17.2804 543
123.186 -17.2486 542
122.262 -17.2486 542
121.338 -17.2486 542
120.192 -17.2168 541
119.27 -17.2168 541
118.348 -17.2168 541
117.426 -17.2168 541
89.415 -15.8483 498
88.5661 -15.8483 498
87.7171 -15.8483 498
86.8681 -15.8483 498
86.0192 -15.8483 498
85.1702 -15.8483 498
84.3212 -15.8483 498
83.4723 -15.8483 498
82.6233 -15.8483 498
81.7744 -15.8483 498
80.4379 -15.7529 495
79.4332 -15.721 494
78.2729 -15.6574 492
77.4342 -15.6574 492
76.2841 -15.5937 490
75.2948 -15.5619 489
74.3089 -15.5301 488
73.3264 -15.4983 487
72.4962 -15.4983 487
71.0773 -15.371 483
70.2539 -15.371 483
69.4306 -15.371 483
68.6072 -15.371 483
67.5031 -15.3073 481
66.6831 -15.3073 481
65.7262 -15.2755 480
64.9079 -15.2755 480
64.0896 -15.2755 480
63.2714 -15.2755 480
62.4531 -15.2755 480
61.6348 -15.2755 480
60.8165 -15.2755 480
44.365 -14.4481 454
43.5911 -14.4481 454
42.8171 -14.4481 454
42.0432 -14.4481 454
41.3601 -14.4799 455
40.5845 -14.4799 455
39.8088 -14.4799 455
38.9474 -14.4481 454
38.1734 -14.4481 454
37.3994 -14.4481 454
36.6255 -14.4481 454
35.8515 -14.4481 454
35.0776 -14.4481 454
34.3036 -14.4481 454
33.5297 -14.4481 454
32.7557 -14.4481 454
31.9818 -14.4481 454
31.1391 -14.4163 453
30.3668 -14.4163 453
29.5946 -14.4163 453
28.8223 -14.4163 453
28.0501 -14.4163 453
175.265 -19.0116 567
174.298 -19.0116 567
173.332 -19.0116 567
172.365 -19.0116 567
171.398 -19.0116 567
170.432 -19.0116 567
169.465 -19.0116 567
168.499 -19.0116 567
167.532 -19.0116 567
166.566 -19.0116 567
165.599 -19.0116 567
164.632 -19.0116 567
163.666 -19.0116 567
162.412 -18.978 566
161.447 -18.978 566
160.199 -18.9445 565
159.236 -18.9445 565
157.992 -18.911 564
157.031 -18.911 564
156.069 -18.911 564
155.108 -18.911 564
153.6 -18.8439 562
152.642 -18.8439 562
151.684 -18.8439 562
150.726 -18.8439 562
149.768 -18.8439 562
148.81 -18.8439 562
147.851 -18.8439 562
146.893 -18.8439 562
145.676 -18.8104 561
144.461 -18.7768 560
143.25 -18.7433 559
142.297 -18.7433 559
141.092 -18.7098 558
139.638 -18.6427 556
138.191 -18.5757 554
136.999 -18.5421 553
136.056 -18.5421 553
134.869 -18.5086 552
133.443 -18.4415 550
132.265 -18.408 549
131.329 -18.408 549
130.155 -18.3745 548
128.985 -18.341 547
127.819 -18.3074 546
126.888 -18.3074 546
125.496 -18.2404 544
124.339 -18.2068 543
123.186 -18.1733 542
122.262 -18.1733 542
121.338 -18.1733 542
120.192 -18.1398 541
119.27 -18.1398 541
118.348 -18.1398 541
117.426 -18.1398 541
86.0192 -16.698 498
85.1702 -16.698 498
84.3212 -16.698 498
83.4723 -16.698 498
82.6233 -16.698 498
81.7744 -16.698 498
80.2754 -16.5639 494
79.1116 -16.4968 492
78.1138 -16.4633 491
77.2768 -16.4633 491
76.1284 -16.3962 489
74.5249 -16.2286 484
73.6998 -16.2286 484
72.7241 -16.195 483
71.9007 -16.195 483
70.9302 -16.1615 482
70.1085 -16.1615 482
69.1431 -16.128 481
68.3231 -16.128 481
67.5031 -16.128 481
66.5445 -16.0944 480
65.7262 -16.0944 480
64.9079 -16.0944 480
64.0896 -16.0944 480
63.2714 -16.0944 480
62.323 -16.0609 479
61.5064 -16.0609 479
60.6898 -16.0609 479
44.365 -15.2227 454
43.5911 -15.2227 454
42.8171 -15.2227 454
42.0432 -15.2227 454
41.3601 -15.2562 455
40.5845 -15.2562 455
39.8088 -15.2562 455
38.9474 -15.2227 454
38.1734 -15.2227 454
37.3994 -15.2227 454
36.6255 -15.2227 454
35.8515 -15.2227 454
35.0776 -15.2227 454
34.3036 -15.2227 454
33.5297 -15.2227 454
32.6836 -15.1891 453
31.9113 -15.1891 453
31.1391 -15.1891 453
30.3668 -15.1891 453
29.5946 -15.1891 453
28.8223 -15.1891 453
28.0501 -15.1891 453
175.265 -19.9789 567
174.298 -19.9789 567
173.332 -19.9789 567
172.365 -19.9789 567
171.398 -19.9789 567
170.432 -19.9789 567
169.465 -19.9789 567
168.499 -19.9789 567
167.532 -19.9789 567
166.566 -19.9789 567
165.599 -19.9789 567
164.632 -19.9789 567
163.666 -19.9789 567
162.412 -19.9437 566
161.447 -19.9437 566
160.199 -19.9084 565
159.236 -19.9084 565
157.992 -19.8732 564
157.031 -19.8732 564
155.793 -19.838 563
154.833 -19.838 563
153.6 -19.8027 562
152.099 -19.7323 560
151.144 -19.7323 560
150.457 -19.7675 561
149.501 -19.7675 561
148.545 -19.7675 561
147.588 -19.7675 561
146.632 -19.7675 561
145.416 -19.7323 560
144.203 -19.697 559
143.25 -19.697 559
142.297 -19.697 559
140.586 -19.5913 556
139.387 -19.5561 555
138.191 -19.5208 554
136.999 -19.4856 553
136.056 -19.4856 553
134.869 -19.4504 552
133.201 -19.3447 549
132.265 -19.3447 549
131.329 -19.3447 549
129.918 -19.2742 547
128.749 -19.239 546
127.351 -19.1685 544
126.423 -19.1685 544
125.496 -19.1685 544
124.339 -19.1332 543
123.186 -19.098 542
122.262 -19.098 542
121.115 -19.0628 541
120.192 -19.0628 541
119.27 -19.0628 541
118.348 -19.0628 541
117.426 -19.0628 541
86.0192 -17.5476 498
85.1702 -17.5476 498
84.3212 -17.5476 498
83.4723 -17.5476 498
82.6233 -17.5476 498
81.7744 -17.5476 498
80.1129 -17.3714 493
78.9509 -17.301 491
77.6366 -17.1953 488
76.8046 -17.1953 488
75.1943 -17.0191 483
74.063 -16.9486 481
73.0907 -16.9134 480
72.2724 -16.9134 480
71.4541 -16.9134 480
70.6359 -16.9134 480
69.963 -16.9486 481
69.1431 -16.9486 481
68.3231 -16.9486 481
67.3627 -16.9134 480
66.5445 -16.9134 480
65.7262 -16.9134 480
64.9079 -16.9134 480
64.0896 -16.9134 480
63.1395 -16.8781 479
62.323 -16.8781 479
61.5064 -16.8781 479
45.0396 -15.962 453
44.2673 -15.962 453
43.4951 -15.962 453
42.8171 -15.9972 454
42.0432 -15.9972 454
41.2692 -15.9972 454
40.4953 -15.9972 454
39.7213 -15.9972 454
38.9474 -15.9972 454
38.1734 -15.9972 454
37.3994 -15.9972 454
36.6255 -15.9972 454
35.8515 -15.9972 454
35.0776 -15.9972 454
34.2281 -15.962 453
33.4558 -15.962 453
32.6836 -15.962 453
31.9113 -15.962 453
31.1391 -15.962 453
30.3668 -15.962 453
29.5946 -15.962 453
28.8223 -15.962 453
28.0501 -15.962 453
175.265 -20.9463 567
174.298 -20.9463 567
173.332 -20.9463 567
172.365 -20.9463 567
171.398 -20.9463 567
170.432 -20.9463 567
169.166 -20.9093 566
168.499 -20.9463 567
167.532 -20.9463 567
166.566 -20.9463 567
165.599 -20.9463 567
164.342 -20.9093 566
163.377 -20.9093 566
162.125 -20.8724 565
161.162 -20.8724 565
159.915 -20.8355 564
158.954 -20.8355 564
157.992 -20.8355 564
156.753 -20.7985 563
155.793 -20.7985 563
154.833 -20.7985 563
153.327 -20.7246 561
151.827 -20.6507 559
150.874 -20.6507 559
150.189 -20.6877 560
149.235 -20.6877 560
148.28 -20.6877 560
147.325 -20.6877 560
146.371 -20.6877 560
145.156 -20.6507 559
144.203 -20.6507 559
142.738 -20.5769 557
141.788 -20.5769 557
140.333 -20.503 555
139.136 -20.466 554
137.942 -20.4291 553
136.751 -20.3921 552
135.81 -20.3921 552
134.625 -20.3552 551
133.443 -20.3183 550
131.783 -20.2074 547
130.85 -20.2074 547
129.68 -20.1705 546
128.514 -20.1335 545
127.351 -20.0966 544
126.423 -20.0966 544
125.265 -20.0597 543
124.11 -20.0227 542
122.959 -19.9858 541
122.037 -19.9858 541
121.115 -19.9858 541
120.192 -19.9858 541
119.27 -19.9858 541
118.348 -19.9858 541
85.1702 -18.3973 498
84.3212 -18.3973 498
83.4723 -18.3973 498
82.6233 -18.3973 498
81.7744 -18.3973 498
80.1129 -18.2125 493
78.9509 -18.1387 491
77.6366 -18.0278 488
76.8046 -18.0278 488
75.1943 -17.8431 483
74.063 -17.7692 481
73.0907 -17.7323 480
72.2724 -17.7323 480
71.4541 -17.7323 480
70.6359 -17.7323 480
69.963 -17.7692 481
69.1431 -17.7692 481
68.3231 -17.7692 481
67.3627 -17.7323 480
66.5445 -17.7323 480
65.7262 -17.7323 480
64.9079 -17.7323 480
64.0896 -17.7323 480
63.1395 -17.6954 479
62.323 -17.6954 479
61.5064 -17.6954 479
47.5654 -16.8087 455
46.7897 -16.8087 455
46.0141 -16.8087 455
45.2384 -16.8087 455
44.4628 -16.8087 455
43.5911 -16.7718 454
42.8171 -16.7718 454
42.1358 -16.8087 455
41.3601 -16.8087 455
40.5845 -16.8087 455
39.7213 -16.7718 454
38.9474 -16.7718 454
38.1734 -16.7718 454
37.3994 -16.7718 454
36.5448 -16.7349 453
35.7726 -16.7349 453
35.0003 -16.7349 453
34.2281 -16.7349 453
33.4558 -16.7349 453
32.6836 -16.7349 453
31.9113 -16.7349 453
31.1391 -16.7349 453
30.3668 -16.7349 453
29.5946 -16.7349 453
28.8223 -16.7349 453
175.265 -21.9136 567
174.298 -21.9136 567
173.332 -21.9136 567
172.365 -21.9136 567
171.398 -21.9136 567
170.432 -21.9136 567
169.166 -21.875 566
168.499 -21.9136 567
167.532 -21.9136 567
166.566 -21.9136 567
165.599 -21.9136 567
164.342 -21.875 566
163.377 -21.875 566
162.125 -21.8363 565
161.162 -21.8363 565
159.915 -21.7977 564
158.954 -21.7977 564
157.992 -21.7977 564
156.753 -21.759 563
155.793 -21.759 563
154.833 -21.759 563
153.327 -21.6817 561
151.827 -21.6045 559
150.874 -21.6045 559
150.189 -21.6431 560
149.235 -21.6431 560
148.28 -21.6431 560
147.325 -21.6431 560
146.371 -21.6431 560
145.156 -21.6045 559
144.203 -21.6045 559
142.225 -21.4499 555
141.279 -21.4499 555
140.08 -21.4112 554
139.136 -21.4112 554
137.692 -21.3339 552
136.504 -21.2953 551
135.564 -21.2953 551
134.625 -21.2953 551
133.443 -21.2566 550
81.4619 -18.9764 491
80.6249 -18.9764 491
79.7879 -18.9764 491
77.3429 -18.5899 481
76.5229 -18.5899 481
75.5455 -18.5512 480
74.7273 -18.5512 480
73.755 -18.5126 479
72.9384 -18.5126 479
72.2724 -18.5512 480
71.4541 -18.5512 480
70.6359 -18.5512 480
69.8176 -18.5512 480
68.9993 -18.5512 480
68.181 -18.5512 480
67.3627 -18.5512 480
66.5445 -18.5512 480
65.7262 -18.5512 480
64.9079 -18.5512 480
63.9561 -18.5126 479
63.1395 -18.5126 479
62.1929 -18.4739 478
61.378 -18.4739 478
48.2348 -17.5464 454
47.5654 -17.585 455
46.7897 -17.585 455
46.0141 -17.585 455
45.2384 -17.585 455
44.4628 -17.585 455
43.5911 -17.5464 454
42.9114 -17.585 455
42.1358 -17.585 455
41.3601 -17.585 455
40.5845 -17.585 455
39.8088 -17.585 455
38.9474 -17.5464 454
38.1734 -17.5464 454
37.3994 -17.5464 454
36.5448 -17.5077 453
35.7726 -17.5077 453
35.0003 -17.5077 453
34.2281 -17.5077 453
33.4558 -17.5077 453
32.6836 -17.5077 453
31.9113 -17.5077 453
31.1391 -17.5077 453
30.3668 -17.5077 453
29.5946 -17.5077 453
28.8223 -17.5077 453
174.647 -22.8003 565
173.683 -22.8003 565
172.72 -22.8003 565
171.757 -22.8003 565
170.794 -22.8003 565
169.831 -22.8003 565
168.868 -22.8003 565
167.904 -22.8003 565
166.941 -22.8003 565
165.978 -22.8003 565
165.015 -22.8003 565
164.052 -22.8003 565
163.088 -22.8003 565
162.125 -22.8003 565
160.877 -22.7599 564
159.915 -22.7599 564
158.954 -22.7599 564
157.992 -22.7599 564
156.753 -22.7196 563
155.516 -22.6792 562
154.558 -22.6792 562
153.053 -22.5985 560
151.827 -22.5582 559
150.604 -22.5178 558
149.921 -22.5582 559
148.968 -22.5582 559
148.015 -22.5582 559
147.062 -22.5582 559
146.109 -22.5582 559
143.171 -22.3967 555
142.225 -22.3967 555
141.279 -22.3967 555
140.08 -22.3564 554
139.136 -22.3564 554
137.692 -22.2757 552
136.504 -22.2353 551
135.564 -22.2353 551
134.625 -22.2353 551
133.443 -22.195 550
78.8186 -19.3702 480
78.0004 -19.3702 480
77.1821 -19.3702 480
76.3638 -19.3702 480
75.2308 -19.2894 478
74.4159 -19.2894 478
73.601 -19.2894 478
72.7862 -19.2894 478
72.1219 -19.3298 479
71.4541 -19.3702 480
70.6359 -19.3702 480
69.8176 -19.3702 480
68.9993 -19.3702 480
68.181 -19.3702 480
67.3627 -19.3702 480
66.5445 -19.3702 480
65.7262 -19.3702 480
64.9079 -19.3702 480
63.9561 -19.3298 479
63.1395 -19.3298 479
62.1929 -19.2894 478
61.378 -19.2894 478
48.2348 -18.3209 454
47.5654 -18.3613 455
46.7897 -18.3613 455
46.0141 -18.3613 455
45.2384 -18.3613 455
44.4628 -18.3613 455
43.5911 -18.3209 454
42.9114 -18.3613 455
42.1358 -18.3613 455
41.3601 -18.3613 455
40.5845 -18.3613 455
39.8088 -18.3613 455
38.9474 -18.3209 454
38.1734 -18.3209 454
37.3171 -18.2806 453
36.5448 -18.2806 453
35.7726 -18.2806 453
35.0003 -18.2806 453
34.2281 -18.2806 453
33.4558 -18.2806 453
32.6836 -18.2806 453
31.9113 -18.2806 453
31.1391 -18.2806 453
30.3668 -18.2806 453
29.5946 -18.2806 453
28.8223 -18.2806 453
174.647 -23.7642 565
173.683 -23.7642 565
172.72 -23.7642 565
171.757 -23.7642 565
170.794 -23.7642 565
169.831 -23.7642 565
168.868 -23.7642 565
139.575 -23.2175 552
138.634 -23.2175 552
137.692 -23.2175 552
136.504 -23.1754 551
135.564 -23.1754 551
134.625 -23.1754 551
78.4902 -20.105 478
77.6754 -20.105 478
76.8605 -20.105 478
76.0456 -20.105 478
75.0734 -20.0629 477
74.2602 -20.0629 477
73.2931 -20.0208 476
72.6339 -20.0629 477
71.9713 -20.105 478
71.3053 -20.147 479
70.4887 -20.147 479
69.8176 -20.1891 480
68.9993 -20.1891 480
68.181 -20.1891 480
67.3627 -20.1891 480
66.4058 -20.147 479
65.5893 -20.147 479
64.7727 -20.147 479
63.8226 -20.105 478
63.0077 -20.105 478
62.0627 -20.0629 477
61.2496 -20.0629 477
48.2348 -19.0955 454
47.4609 -19.0955 454
46.6869 -19.0955 454
45.913 -19.0955 454
45.139 -19.0955 454
44.365 -19.0955 454
43.5911 -19.0955 454
42.9114 -19.1376 455
42.1358 -19.1376 455
41.3601 -19.1376 455
40.5845 -19.1376 455
39.8088 -19.1376 455
38.9474 -19.0955 454
38.1734 -19.0955 454
37.3994 -19.0955 454
36.5448 -19.0535 453
35.7726 -19.0535 453
35.0003 -19.0535 453
34.2281 -19.0535 453
33.4558 -19.0535 453
32.6836 -19.0535 453
31.9113 -19.0535 453
31.1391 -19.0535 453
30.3668 -19.0535 453
174.647 -24.7282 565
173.683 -24.7282 565
172.72 -24.7282 565
171.757 -24.7282 565
170.794 -24.7282 565
169.831 -24.7282 565
137.194 -24.0717 550
136.256 -24.0717 550
135.318 -24.0717 550
134.381 -24.0717 550
78.4902 -20.9205 478
77.6754 -20.9205 478
76.8605 -20.9205 478
76.0456 -20.9205 478
75.0734 -20.8767 477
74.2602 -20.8767 477
73.2931 -20.833 476
72.6339 -20.8767 477
71.9713 -20.9205 478
71.3053 -20.9643 479
70.4887 -20.9643 479
69.8176 -21.008 480
68.9993 -21.008 480
68.181 -21.008 480
67.3627 -21.008 480
66.4058 -20.9643 479
65.5893 -20.9643 479
64.7727 -20.9643 479
63.8226 -20.9205 478
63.0077 -20.9205 478
62.0627 -20.8767 477
61.2496 -20.8767 477
48.1286 -19.8263 453
47.4609 -19.8701 454
46.6869 -19.8701 454
45.913 -19.8701 454
45.139 -19.8701 454
44.365 -19.8701 454
43.5911 -19.8701 454
42.8171 -19.8701 454
42.1358 -19.9139 455
41.3601 -19.9139 455
40.5845 -19.9139 455
39.7213 -19.8701 454
38.9474 -19.8701 454
38.1734 -19.8701 454
37.3994 -19.8701 454
36.6255 -19.8701 454
35.8515 -19.8701 454
35.0776 -19.8701 454
34.3036 -19.8701 454
33.5297 -19.8701 454
32.7557 -19.8701 454
31.9818 -19.8701 454
31.2078 -19.8701 454
30.3668 -19.8263 453
174.647 -25.6921 565
173.683 -25.6921 565
172.72 -25.6921 565
171.757 -25.6921 565
170.794 -25.6921 565
169.831 -25.6921 565
78.326 -21.6905 477
77.5129 -21.6905 477
76.6997 -21.6905 477
75.8865 -21.6905 477
74.916 -21.6451 476
74.1045 -21.6451 476
73.2931 -21.6451 476
72.6339 -21.6905 477
71.9713 -21.736 478
71.1564 -21.736 478
70.3415 -21.736 478
69.6721 -21.7815 479
68.8556 -21.7815 479
68.039 -21.7815 479
67.2224 -21.7815 479
66.4058 -21.7815 479
65.4523 -21.736 478
64.6375 -21.736 478
63.8226 -21.736 478
62.8759 -21.6905 477
61.8025 -21.5996 475
60.9928 -21.5996 475
48.1286 -20.5992 453
47.4609 -20.6447 454
46.6869 -20.6447 454
45.913 -20.6447 454
45.139 -20.6447 454
44.365 -20.6447 454
43.5911 -20.6447 454
42.8171 -20.6447 454
42.1358 -20.6901 455
41.3601 -20.6901 455
40.5845 -20.6901 455
39.7213 -20.6447 454
38.9474 -20.6447 454
38.1734 -20.6447 454
37.3994 -20.6447 454
36.6255 -20.6447 454
35.8515 -20.6447 454
35.0776 -20.6447 454
34.3036 -20.6447 454
33.5297 -20.6447 454
32.7557 -20.6447 454
31.9818 -20.6447 454
31.2078 -20.6447 454
30.3668 -20.5992 453
174.647 -26.6561 565
173.683 -26.6561 565
172.72 -26.6561 565
171.757 -26.6561 565
170.794 -26.6561 565
169.831 -26.6561 565
78.326 -22.5043 477
77.5129 -22.5043 477
76.6997 -22.5043 477
75.8865 -22.5043 477
74.916 -22.4572 476
74.2602 -22.5043 477
73.4471 -22.5043 477
72.6339 -22.5043 477
71.9713 -22.5515 478
71.1564 -22.5515 478
70.3415 -22.5515 478
69.5267 -22.5515 478
68.7118 -22.5515 478
67.8969 -22.5515 478
67.0821 -22.5515 478
66.2672 -22.5515 478
65.4523 -22.5515 478
64.6375 -22.5515 478
63.8226 -22.5515 478
62.6123 -22.41 475
61.8025 -22.41 475
60.9928 -22.41 475
45.913 -21.4192 454
45.139 -21.4192 454
44.365 -21.4192 454
43.5911 -21.4192 454
42.8171 -21.4192 454
42.0432 -21.4192 454
41.2692 -21.4192 454
40.4953 -21.4192 454
39.7213 -21.4192 454
38.9474 -21.4192 454
38.1734 -21.4192 454
37.3994 -21.4192 454
36.6255 -21.4192 454
35.8515 -21.4192 454
35.0776 -21.4192 454
34.3036 -21.4192 454
33.5297 -21.4192 454
32.7557 -21.4192 454
31.9818 -21.4192 454
31.2078 -21.4192 454
30.3668 -21.372 453
78.326 -23.3182 477
77.5129 -23.3182 477
76.6997 -23.3182 477
75.8865 -23.3182 477
74.916 -23.2693 476
74.2602 -23.3182 477
73.4471 -23.3182 477
72.6339 -23.3182 477
71.9713 -23.367 478
71.1564 -23.367 478
70.3415 -23.367 478
69.5267 -23.367 478
68.7118 -23.367 478
67.8969 -23.367 478
67.0821 -23.367 478
66.2672 -23.367 478
65.4523 -23.367 478
64.6375 -23.367 478
63.8226 -23.367 478
62.6123 -23.2204 475
61.8025 -23.2204 475
60.9928 -23.2204 475
45.2384 -22.2427 455
44.4628 -22.2427 455
43.6871 -22.2427 455
42.9114 -22.2427 455
42.1358 -22.2427 455
41.3601 -22.2427 455
40.5845 -22.2427 455
39.8088 -22.2427 455
39.0331 -22.2427 455
38.2575 -22.2427 455
37.4818 -22.2427 455
36.7062 -22.2427 455
35.9305 -22.2427 455
35.1548 -22.2427 455
34.3792 -22.2427 455
33.5297 -22.1938 454
32.7557 -22.1938 454
31.9818 -22.1938 454
31.2078 -22.1938 454
78.326 -24.132 477
77.5129 -24.132 477
76.6997 -24.132 477
75.8865 -24.132 477
74.916 -24.0814 476
74.2602 -24.132 477
73.4471 -24.132 477
72.6339 -24.132 477
71.9713 -24.1826 478
71.1564 -24.1826 478
70.3415 -24.1826 478
69.5267 -24.1826 478
68.7118 -24.1826 478
67.8969 -24.1826 478
67.0821 -24.1826 478
66.2672 -24.1826 478
65.4523 -24.1826 478
64.6375 -24.1826 478
63.8226 -24.1826 478
62.7441 -24.0814 476
61.8025 -24.0308 475
60.9928 -24.0308 475
45.2384 -23.019 455
44.4628 -23.019 455
43.6871 -23.019 455
42.9114 -23.019 455
42.1358 -23.019 455
41.3601 -23.019 455
40.5845 -23.019 455
39.8088 -23.019 455
39.0331 -23.019 455
38.2575 -23.019 455
37.4818 -23.019 455
36.7062 -23.019 455
35.9305 -23.019 455
35.1548 -23.019 455
34.3792 -23.019 455
33.5297 -22.9684 454
79.1392 -24.9458 477
78.326 -24.9458 477
77.5129 -24.9458 477
76.5389 -24.8935 476
75.7275 -24.8935 476
74.916 -24.8935 476
74.2602 -24.9458 477
73.4471 -24.9458 477
72.6339 -24.9458 477
71.9713 -24.9981 478
71.1564 -24.9981 478
70.3415 -24.9981 478
69.5267 -24.9981 478
68.7118 -24.9981 478
67.8969 -24.9981 478
67.0821 -24.9981 478
66.2672 -24.9981 478
65.4523 -24.9981 478
64.6375 -24.9981 478
63.6891 -24.9458 477
62.7441 -24.8935 476
61.6724 -24.7889 474
60.8644 -24.7889 474
45.2384 -23.7952 455
44.4628 -23.7952 455
43.6871 -23.7952 455
42.9114 -23.7952 455
42.1358 -23.7952 455
41.3601 -23.7952 455
40.5845 -23.7952 455
39.8088 -23.7952 455
39.0331 -23.7952 455
38.2575 -23.7952 455
37.4818 -23.7952 455
36.7062 -23.7952 455
35.9305 -23.7952 455
35.1548 -23.7952 455
34.3792 -23.7952 455
33.6035 -23.7952 455
80.9349 -25.8136 478
80.12 -25.8136 478
79.3051 -25.8136 478
78.326 -25.7596 477
77.5129 -25.7596 477
76.6997 -25.7596 477
75.8865 -25.7596 477
75.0734 -25.7596 477
74.2602 -25.7596 477
73.4471 -25.7596 477
72.7862 -25.8136 478
71.9713 -25.8136 478
71.1564 -25.8136 478
70.3415 -25.8136 478
69.5267 -25.8136 478
68.7118 -25.8136 478
68.039 -25.8676 479
67.2224 -25.8676 479
66.4058 -25.8676 479
65.4523 -25.8136 478
64.6375 -25.8136 478
63.8226 -25.8136 478
62.7441 -25.7056 476
45.2384 -24.5715 455
44.4628 -24.5715 455
43.6871 -24.5715 455
42.9114 -24.5715 455
42.1358 -24.5715 455
41.3601 -24.5715 455
40.5845 -24.5715 455
39.8088 -24.5715 455
39.0331 -24.5715 455
38.2575 -24.5715 455
37.4818 -24.5715 455
36.7062 -24.5715 455
35.9305 -24.5715 455
35.1548 -24.5715 455
34.3792 -24.5715 455
33.6035 -24.5715 455
80.9349 -26.6291 478
80.12 -26.6291 478
79.3051 -26.6291 478
78.326 -26.5734 477
77.5129 -26.5734 477
76.6997 -26.5734 477
75.8865 -26.5734 477
75.0734 -26.5734 477
74.4159 -26.6291 478
73.601 -26.6291 478
72.9384 -26.6848 479
72.1219 -26.6848 479
71.3053 -26.6848 479
70.4887 -26.6848 479
69.6721 -26.6848 479
68.8556 -26.6848 479
68.039 -26.6848 479
67.2224 -26.6848 479
66.4058 -26.6848 479
65.4523 -26.6291 478
64.6375 -26.6291 478
63.8226 -26.6291 478
45.2384 -25.3478 455
44.4628 -25.3478 455
43.6871 -25.3478 455
42.9114 -25.3478 455
42.1358 -25.3478 455
41.3601 -25.3478 455
40.5845 -25.3478 455
39.8088 -25.3478 455
39.0331 -25.3478 455
38.2575 -25.3478 455
37.4818 -25.3478 455
36.7062 -25.3478 455
35.9305 -25.3478 455
35.1548 -25.3478 455
34.3792 -25.3478 455
33.6035 -25.3478 455
80.9349 -27.4446 478
80.12 -27.4446 478
79.3051 -27.4446 478
78.326 -27.3872 477
77.5129 -27.3872 477
76.6997 -27.3872 477
75.8865 -27.3872 477
75.0734 -27.3872 477
74.4159 -27.4446 478
73.601 -27.4446 478
72.9384 -27.502 479
72.1219 -27.502 479
71.3053 -27.502 479
70.4887 -27.502 479
69.6721 -27.502 479
68.8556 -27.502 479
68.039 -27.502 479
67.2224 -27.502 479
66.4058 -27.502 479
65.4523 -27.4446 478
64.6375 -27.4446 478
63.8226 -27.4446 478
44.4628 -26.1241 455
43.6871 -26.1241 455
42.9114 -26.1241 455
42.1358 -26.1241 455
41.3601 -26.1241 455
40.5845 -26.1241 455
39.8088 -26.1241 455
39.0331 -26.1241 455
38.2575 -26.1241 455
37.4818 -26.1241 455
36.7062 -26.1241 455
35.9305 -26.1241 455
35.1548 -26.1241 455
34.3792 -26.1241 455
33.6035 -26.1241 455
81.5787 -28.201 477
80.9349 -28.2601 478
80.12 -28.2601 478
79.3051 -28.2601 478
78.326 -28.201 477
77.5129 -28.201 477
76.6997 -28.201 477
75.8865 -28.201 477
75.0734 -28.201 477
74.4159 -28.2601 478
73.601 -28.2601 478
72.9384 -28.3193 479
72.1219 -28.3193 479
71.3053 -28.3193 479
70.4887 -28.3193 479
69.6721 -28.3193 479
68.8556 -28.3193 479
68.039 -28.3193 479
67.2224 -28.3193 479
66.4058 -28.3193 479
44.4628 -26.9003 455
43.6871 -26.9003 455
43.0058 -26.9595 456
42.2284 -26.9595 456
41.451 -26.9595 456
40.5845 -26.9003 455
39.8088 -26.9003 455
39.0331 -26.9003 455
38.3416 -26.9595 456
37.5642 -26.9595 456
36.7868 -26.9595 456
36.0095 -26.9595 456
35.2321 -26.9595 456
34.4547 -26.9595 456
33.6035 -26.9003 455
82.3919 -29.0148 477
81.5787 -29.0148 477
80.7655 -29.0148 477
79.9524 -29.0148 477
79.1392 -29.0148 477
78.326 -29.0148 477
77.5129 -29.0148 477
76.6997 -29.0148 477
75.8865 -29.0148 477
75.2308 -29.0757 478
74.4159 -29.0757 478
73.601 -29.0757 478
72.9384 -29.1365 479
72.1219 -29.1365 479
71.3053 -29.1365 479
70.4887 -29.1365 479
69.6721 -29.1365 479
68.8556 -29.1365 479
68.039 -29.1365 479
44.4628 -27.6766 455
43.6871 -27.6766 455
43.0058 -27.7374 456
42.2284 -27.7374 456
41.451 -27.7374 456
40.5845 -27.6766 455
39.8088 -27.6766 455
39.0331 -27.6766 455
38.3416 -27.7374 456
37.5642 -27.7374 456
36.7868 -27.7374 456
36.0095 -27.7374 456
35.2321 -27.7374 456
34.4547 -27.7374 456
82.3919 -29.8286 477
81.5787 -29.8286 477
80.7655 -29.8286 477
79.9524 -29.8286 477
79.1392 -29.8286 477
78.326 -29.8286 477
77.5129 -29.8286 477
76.6997 -29.8286 477
75.8865 -29.8286 477
75.2308 -29.8912 478
74.4159 -29.8912 478
73.601 -29.8912 478
72.9384 -29.9537 479
72.1219 -29.9537 479
71.3053 -29.9537 479
70.4887 -29.9537 479
69.6721 -29.9537 479
43.0058 -28.5154 456
42.2284 -28.5154 456
41.451 -28.5154 456
40.5845 -28.4529 455
39.8088 -28.4529 455
39.0331 -28.4529 455
38.3416 -28.5154 456
37.5642 -28.5154 456
36.7868 -28.5154 456
36.0095 -28.5154 456
35.2321 -28.5154 456
34.4547 -28.5154 456
82.3919 -30.6425 477
81.5787 -30.6425 477
80.7655 -30.6425 477
79.9524 -30.6425 477
79.1392 -30.6425 477
78.326 -30.6425 477
77.5129 -30.6425 477
76.6997 -30.6425 477
75.8865 -30.6425 477
75.2308 -30.7067 478
74.4159 -30.7067 478
73.601 -30.7067 478
72.9384 -30.7709 479
72.1219 -30.7709 479
71.3053 -30.7709 479
70.4887 -30.7709 479
69.6721 -30.7709 479
82.3919 -31.4563 477
81.5787 -31.4563 477
80.7655 -31.4563 477
79.9524 -31.4563 477
79.1392 -31.4563 477
78.1618 -31.3903 476
77.5129 -31.4563 477
76.6997 -31.4563 477
75.8865 -31.4563 477
75.0734 -31.4563 477
74.4159 -31.5222 478
73.601 -31.5222 478
72.7862 -31.5222 478
71.9713 -31.5222 478
71.1564 -31.5222 478
70.3415 -31.5222 478
72.7862 -32.3377 478
71.9713 -32.3377 478
71.1564 -32.3377 478
