1801.37 1506.07 3783
1799.19 1509.65 3792
1813.05 1526.77 3835
1806.52 1526.77 3835
1812.65 1537.52 3862
1822.9 1551.85 3898
1816.26 1551.85 3898
1809.61 1551.85 3898
1786.32 1537.52 3862
1743.33 1506.07 3783
1736.88 1506.07 3783
1718.54 1495.71 3757
1708.48 1492.53 3749
1672.13 1466.25 3683
1665.85 1466.25 3683
1655.97 1463.07 3675
1638.48 1453.12 3650
1632.26 1453.12 3650
1640.74 1466.25 3683
1634.46 1466.25 3683
1628.18 1466.25 3683
1621.9 1466.25 3683
1615.62 1466.25 3683
1609.34 1466.25 3683
1606.55 1469.44 3691
1618.03 1485.76 3732
1633.69 1506.07 3783
1627.24 1506.07 3783
1635.79 1520 3818
1629.28 1520 3818
1622.77 1520 3818
1616.26 1520 3818
1613.13 1523.18 3826
1617.94 1533.93 3853
1615.14 1537.52 3862
1608.55 1537.52 3862
1616.9 1551.85 3898
1621.41 1562.6 3925
1626.24 1573.75 3953
1619.5 1573.75 3953
1628.27 1588.87 3991
1629.18 1596.44 4010
1622.35 1596.44 4010
1615.51 1596.44 4010
1608.67 1596.44 4010
1601.84 1596.44 4010
1595 1596.44 4010
1584.6 1592.85 4001
1566.34 1581.31 3972
1559.57 1581.31 3972
1552.8 1581.31 3972
1546.03 1581.31 3972
1535.77 1577.73 3963
1521.68 1570.16 3944
1514.96 1570.16 3944
1508.24 1570.16 3944
1504.94 1573.75 3953
1509.19 1585.29 3982
1502.4 1585.29 3982
1495.62 1585.29 3982
1485.09 1581.31 3972
1460.83 1562.6 3925
1454.13 1562.6 3925
1427.53 1541.1 3871
1407.72 1526.77 3835
1397.89 1523.18 3826
1391.37 1523.18 3826
1381.95 1520 3818
1359.59 1502.48 3774
1344.19 1492.53 3749
1337.8 1492.53 3749
1325.37 1485.76 3732
1313.36 1479.39 3716
1301.04 1472.62 3699
1294.74 1472.62 3699
1282.86 1466.25 3683
1271.03 1459.88 3667
1261.68 1456.3 3658
1255.44 1456.3 3658
1249.2 1456.3 3658
1242.97 1456.3 3658
1236.73 1456.3 3658
1230.5 1456.3 3658
1224.26 1456.3 3658
1218.02 1456.3 3658
1211.79 1456.3 3658
1205.55 1456.3 3658
1196.69 1453.12 3650
1190.47 1453.12 3650
1192.36 1463.07 3675
1186.1 1463.07 3675
1179.83 1463.07 3675
1176.12 1466.25 3683
1172.38 1469.44 3691
1179.04 1485.76 3732
1172.68 1485.76 3732
1168.82 1488.95 3740
1162.44 1488.95 3740
1156.07 1488.95 3740
1147.23 1485.76 3732
1138.43 1482.58 3724
1129.64 1479.39 3716
1125.73 1482.58 3724
1119.38 1482.58 3724
1113.03 1482.58 3724
1106.68 1482.58 3724
1100.33 1482.58 3724
1091.64 1479.39 3716
1085.3 1479.39 3716
1076.35 1475.81 3707
1070.03 1475.81 3707
1063.71 1475.81 3707
1052.83 1469.44 3691
1042 1463.07 3675
1035.74 1463.07 3675
1029.47 1463.07 3675
1020.98 1459.88 3667
1014.73 1459.88 3667
1008.48 1459.88 3667
1002.23 1459.88 3667
993.53 1456.3 3658
985.135 1453.12 3650
974.889 1447.14 3635
968.693 1447.14 3635
962.496 1447.14 3635
954.194 1443.96 3627
945.92 1440.78 3619
939.751 1440.78 3619
933.581 1440.78 3619
925.362 1437.59 3611
917.169 1434.41 3603
911.027 1434.41 3603
904.885 1434.41 3603
902.734 1440.78 3619
896.564 1440.78 3619
890.395 1440.78 3619
884.225 1440.78 3619
878.056 1440.78 3619
869.959 1437.59 3611
863.803 1437.59 3611
857.647 1437.59 3611
853.378 1440.78 3619
847.209 1440.78 3619
842.898 1443.96 3627
836.715 1443.96 3627
830.532 1443.96 3627
824.349 1443.96 3627
818.166 1443.96 3627
811.983 1443.96 3627
804.022 1440.78 3619
799.616 1443.96 3627
795.183 1447.14 3635
788.987 1447.14 3635
784.297 1449.93 3642
778.089 1449.93 3642
771.88 1449.93 3642
765.671 1449.93 3642
754.666 1440.78 3619
748.497 1440.78 3619
742.327 1440.78 3619
736.158 1440.78 3619
729.988 1440.78 3619
722.219 1437.59 3611
716.063 1437.59 3611
709.907 1437.59 3611
702.192 1434.41 3603
694.505 1431.22 3595
688.376 1431.22 3595
680.919 1428.43 3588
674.802 1428.43 3588
668.686 1428.43 3588
662.569 1428.43 3588
656.452 1428.43 3588
650.336 1428.43 3588
644.219 1428.43 3588
638.103 1428.43 3588
629.168 1422.06 3572
621.857 1419.28 3565
614.398 1416.09 3557
608.334 1416.09 3557
600.916 1412.91 3549
593.692 1410.12 3542
587.654 1410.12 3542
581.616 1410.12 3542
575.578 1410.12 3542
569.54 1410.12 3542
562.229 1406.94 3534
556.204 1406.94 3534
549.09 1404.15 3527
540.767 1398.18 3512
533.714 1395.39 3505
527.739 1395.39 3505
521.764 1395.39 3505
514.612 1392.21 3497
508.65 1392.21 3497
502.689 1392.21 3497
495.733 1389.42 3490
488.801 1386.63 3483
482.863 1386.63 3483
476.926 1386.63 3483
470.988 1386.63 3483
464.116 1383.84 3476
457.136 1380.66 3468
451.223 1380.66 3468
445.311 1380.66 3468
438.512 1377.87 3461
430.862 1372.3 3447
424.986 1372.3 3447
417.408 1366.73 3433
410.716 1363.94 3426
405.703 1366.73 3433
400.666 1369.51 3440
394.801 1369.51 3440
389.729 1372.3 3447
387.082 1383.84 3476
381.923 1386.63 3483
375.986 1386.63 3483
370.048 1386.63 3483
363.379 1383.84 3476
357.453 1383.84 3476
347.887 1369.51 3440
-15.6655 195.872 492
-16.5042 195.872 492
-17.343 195.872 492
-18.1817 195.872 492
-19.0205 195.872 492
-17.8813 176.365 443
-18.6365 176.365 443
-19.3917 176.365 443
-20.1015 175.966 442
-20.855 175.966 442
-21.6085 175.966 442
-22.362 175.966 442
-23.0632 175.568 441
-23.815 175.568 441
-24.3996 174.374 438
-25.1463 174.374 438
-25.7156 173.18 435
-26.2747 171.985 432
-26.8236 170.791 429
-27.4265 169.995 427
-28.1544 169.995 427
-28.7471 169.199 425
-29.4716 169.199 425
-30.1251 168.8 424
-30.7751 168.402 423
-31.4962 168.402 423
-32.065 167.606 421
-32.7827 167.606 421
-33.4208 167.208 420
-34.1368 167.208 420
-34.7698 166.81 419
-35.4841 166.81 419
-36.112 166.412 418
-36.8246 166.412 418
-37.5372 166.412 418
-38.1583 166.014 417
-38.6827 165.217 415
-39.3902 165.217 415
-40.0977 165.217 415
-40.7068 164.819 414
-41.3125 164.421 413
-42.0166 164.421 413
-42.7207 164.421 413
-43.3196 164.023 412
-44.0219 164.023 412
-44.6157 163.625 411
-45.3164 163.625 411
-46.017 163.625 411
-46.4904 162.829 409
-47.1876 162.829 409
-47.8848 162.829 409
-48.5821 162.829 409
-49.1588 162.431 408
-49.7322 162.032 407
-50.426 162.032 407
-51.1198 162.032 407
-51.6864 161.634 406
-52.3785 161.634 406
-53.0706 161.634 406
-53.7628 161.634 406
-54.3208 161.236 405
-54.8754 160.838 404
-55.4265 160.44 403
-56.1135 160.44 403
-56.8006 160.44 403
-57.4876 160.44 403
-58.1746 160.44 403
-58.8616 160.44 403
-59.4008 160.042 402
-59.9367 159.644 401
-60.6203 159.644 401
-61.3039 159.644 401
-61.9875 159.644 401
-62.6711 159.644 401
-63.5127 160.042 402
-64.198 160.042 402
-64.8833 160.042 402
-65.5686 160.042 402
-66.2539 160.042 402
-66.9392 160.042 402
-67.6245 160.042 402
-68.3099 160.042 402
-68.9952 160.042 402
-69.6805 160.042 402
-70.3658 160.042 402
-71.2278 160.44 403
-71.9148 160.44 403
-72.6019 160.44 403
-73.2889 160.44 403
-74.1595 160.838 404
-75.0334 161.236 405
-75.7239 161.236 405
-76.603 161.634 406
-77.2951 161.634 406
-78.1793 162.032 407
-78.8731 162.032 407
-79.567 162.032 407
-80.6552 162.829 409
-81.3524 162.829 409
-82.0497 162.829 409
-82.9492 163.227 410
-83.8522 163.625 411
-84.5529 163.625 411
-85.2535 163.625 411
-85.9542 163.625 411
-86.6548 163.625 411
-87.3555 163.625 411
-88.0561 163.625 411
-88.9727 164.023 412
-89.6751 164.023 412
-90.3774 164.023 412
-91.0798 164.023 412
-91.7822 164.023 412
-100.889 172.383 433
-101.627 172.383 433
-102.366 172.383 433
-103.104 172.383 433
-103.842 172.383 433
-104.58 172.383 433
-105.318 172.383 433
-106.056 172.383 433
-106.795 172.383 433
-107.781 172.782 434
-108.521 172.782 434
-109.513 173.18 435
-110.508 173.578 436
-111.506 173.976 437
-112.508 174.374 438
-113.255 174.374 438
-114.261 174.772 439
-115.01 174.772 439
-116.022 175.17 440
-117.037 175.568 441
-117.789 175.568 441
-118.541 175.568 441
-119.563 175.966 442
-120.317 175.966 442
-121.344 176.365 443
-122.099 176.365 443
-123.132 176.763 444
-123.889 176.763 444
-124.926 177.161 445
-125.685 177.161 445
-127.012 177.957 447
-128.06 178.355 448
-128.824 178.355 448
-129.587 178.355 448
-130.351 178.355 448
-131.115 178.355 448
-153.265 201.446 506
-154.432 201.844 507
-155.297 201.844 507
-156.161 201.844 507
-156.715 201.446 506
-157.578 201.446 506
-158.441 201.446 506
-159.303 201.446 506
-160.166 201.446 506
-161.028 201.446 506
-161.571 201.048 505
-162.11 200.65 504
-163.293 201.048 505
-164.154 201.048 505
-165.015 201.048 505
-165.876 201.048 505
-873.971 912.478 2292
-885.156 920.042 2311
-889.095 920.042 2311
-893.035 920.042 2311
-894.258 917.255 2304
-897.016 916.061 2301
-900.939 916.061 2301
-903.682 914.866 2298
-905.229 912.478 2292
-907.55 910.885 2288
-911.451 910.885 2288
-911.75 907.302 2279
-914.43 906.108 2276
-917.1 904.913 2273
-920.975 904.913 2273
-924.85 904.913 2273
-927.499 903.719 2270
-931.368 903.719 2270
-935.238 903.719 2270
-936.626 901.33 2264
-939.239 900.136 2261
-943.094 900.136 2261
-946.948 900.136 2261
-946.597 896.155 2251
-946.635 892.572 2242
-945.369 887.795 2230
-949.171 887.795 2230
-947.844 883.017 2218
-949.48 881.027 2213
-946.792 875.055 2198
-950.539 875.055 2198
-951.681 872.666 2192
-954.11 871.472 2189
-956.529 870.278 2186
-960.256 870.278 2186
-963.1 869.481 2184
-964.167 867.093 2178
-965.214 864.704 2172
-968.917 864.704 2172
-969.037 861.519 2164
-971.377 860.325 2161
-971.452 857.14 2153
-975.122 857.14 2153
-976.065 854.751 2147
-979.725 854.751 2147
-979.721 851.566 2139
-980.609 849.177 2133
-984.245 849.177 2133
-987.881 849.177 2133
-990.588 848.381 2131
-990.021 844.798 2122
-993.639 844.798 2122
-997.256 844.798 2122
-998.516 842.808 2117
-999.758 840.817 2112
-1003.36 840.817 2112
-1005.53 839.623 2109
-1009.12 839.623 2109
-1011.28 838.428 2106
-1014.87 838.428 2106
-1018.46 838.428 2106
-1022.05 838.428 2106
-1024.67 837.632 2104
-1028.25 837.632 2104
-1030.37 836.438 2101
-1031.49 834.447 2096
-1033.58 833.253 2093
-1037.15 833.253 2093
-1038.23 831.262 2088
-1041.79 831.262 2088
-1045.35 831.262 2088
-1048.91 831.262 2088
-1047.43 827.281 2078
-1047.94 824.892 2072
-1051.47 824.892 2072
-1055 824.892 2072
-1055.98 822.902 2067
-1056.94 820.911 2062
-1057.88 818.921 2057
1801.37 1499.61 3783
1799.19 1503.18 3792
1813.05 1520.22 3835
1806.52 1520.22 3835
1812.65 1530.93 3862
1822.9 1545.2 3898
1816.26 1545.2 3898
1809.61 1545.2 3898
1786.32 1530.93 3862
1743.33 1499.61 3783
1736.88 1499.61 3783
1718.54 1489.31 3757
1708.48 1486.13 3749
1672.13 1459.97 3683
1665.85 1459.97 3683
1655.97 1456.8 3675
1638.48 1446.89 3650
1632.26 1446.89 3650
1640.74 1459.97 3683
1634.46 1459.97 3683
1628.18 1459.97 3683
1628.95 1466.31 3699
1622.64 1466.31 3699
1616.33 1466.31 3699
1610.03 1466.31 3699
1618.03 1479.39 3732
1648.81 1513.49 3818
1642.3 1513.49 3818
1635.79 1513.49 3818
1632.69 1516.66 3826
1637.65 1527.36 3853
1631.08 1527.36 3853
1628.31 1530.93 3862
1644.4 1552.33 3916
1637.72 1552.33 3916
1631.05 1552.33 3916
1643.87 1570.97 3963
1637.11 1570.97 3963
1641.87 1582.06 3991
1635.07 1582.06 3991
1644.18 1597.52 4030
1645.03 1605.06 4049
1638.12 1605.06 4049
1631.22 1605.06 4049
1616.7 1597.52 4030
1605.83 1593.56 4020
1598.98 1593.56 4020
1588.17 1589.6 4010
1577.78 1586.03 4001
1567.03 1582.06 3991
1560.23 1582.06 3991
1549.92 1578.5 3982
1539.26 1574.53 3972
1529.02 1570.97 3963
1522.26 1570.97 3963
1511.68 1567 3953
1508.75 1570.97 3963
1516.39 1586.03 4001
1509.57 1586.03 4001
1502.75 1586.03 4001
1492.19 1582.06 3991
1467.9 1563.43 3944
1461.17 1563.43 3944
1440.8 1548.77 3907
1420.93 1534.5 3871
1401.18 1520.22 3835
1394.64 1520.22 3835
1388.1 1520.22 3835
1375.44 1513.49 3818
1362.48 1506.35 3800
1356 1506.35 3800
1331.41 1486.13 3749
1319.01 1479.39 3732
1307.02 1473.05 3716
1300.69 1473.05 3716
1288.43 1466.31 3699
1282.12 1466.31 3699
1275.82 1466.31 3699
1269.51 1466.31 3699
1263.21 1466.31 3699
1256.9 1466.31 3699
1242.48 1456.8 3675
1236.22 1456.8 3675
1229.95 1456.8 3675
1226.35 1459.97 3683
1220.07 1459.97 3683
1213.79 1459.97 3683
1202.27 1453.63 3667
1190.47 1446.89 3650
1194.96 1459.97 3683
1193.84 1466.31 3699
1187.54 1466.31 3699
1191.77 1479.39 3732
1185.41 1479.39 3732
1179.04 1479.39 3732
1172.68 1479.39 3732
1168.82 1482.57 3740
1162.44 1482.57 3740
1156.07 1482.57 3740
1147.23 1479.39 3732
1138.43 1476.22 3724
1129.64 1473.05 3716
1125.73 1476.22 3724
1119.38 1476.22 3724
1113.03 1476.22 3724
1106.68 1476.22 3724
1100.33 1476.22 3724
1091.64 1473.05 3716
1085.3 1473.05 3716
1076.35 1469.48 3707
1070.03 1469.48 3707
1063.71 1469.48 3707
1052.83 1463.14 3691
1042 1456.8 3675
1035.74 1456.8 3675
1029.47 1456.8 3675
1020.98 1453.63 3667
1014.73 1453.63 3667
1010.68 1456.8 3675
1004.41 1456.8 3675
998.147 1456.8 3675
989.723 1453.63 3667
983.472 1453.63 3667
977.22 1453.63 3667
968.586 1450.06 3658
962.35 1450.06 3658
956.114 1450.06 3658
945.723 1443.72 3642
939.515 1443.72 3642
929.462 1437.77 3627
919.206 1431.43 3611
915.073 1434.6 3619
908.903 1434.6 3619
906.725 1440.94 3635
900.528 1440.94 3635
894.331 1440.94 3635
888.135 1440.94 3635
881.938 1440.94 3635
873.814 1437.77 3627
867.631 1437.77 3627
859.548 1434.6 3619
853.378 1434.6 3619
849.081 1437.77 3627
844.757 1440.94 3635
838.561 1440.94 3635
832.364 1440.94 3635
826.167 1440.94 3635
819.97 1440.94 3635
813.774 1440.94 3635
805.8 1437.77 3627
799.616 1437.77 3627
798.465 1446.89 3650
792.242 1446.89 3650
786.02 1446.89 3650
779.798 1446.89 3650
773.575 1446.89 3650
767.353 1446.89 3650
759.463 1443.72 3642
751.806 1440.94 3635
745.609 1440.94 3635
736.158 1434.6 3619
729.988 1434.6 3619
723.819 1434.6 3619
717.649 1434.6 3619
711.48 1434.6 3619
703.751 1431.43 3611
696.05 1428.26 3603
689.908 1428.26 3603
683.766 1428.26 3603
676.119 1425.09 3595
668.686 1422.31 3588
663.862 1425.09 3595
657.733 1425.09 3595
651.605 1425.09 3595
645.476 1425.09 3595
639.347 1425.09 3595
633.219 1425.09 3595
625.869 1422.31 3588
615.78 1413.19 3565
609.702 1413.19 3565
602.27 1410.02 3557
596.207 1410.02 3557
590.143 1410.02 3557
584.079 1410.02 3557
578.015 1410.02 3557
571.951 1410.02 3557
565.888 1410.02 3557
559.824 1410.02 3557
553.76 1410.02 3557
546.465 1406.85 3549
539.348 1404.08 3542
533.31 1404.08 3542
523.997 1395.36 3520
515.789 1389.41 3505
508.65 1386.24 3497
502.689 1386.24 3497
495.733 1383.46 3490
488.801 1380.69 3483
482.863 1380.69 3483
476.926 1380.69 3483
470.988 1380.69 3483
464.116 1377.91 3476
457.136 1374.74 3468
451.223 1374.74 3468
445.311 1374.74 3468
438.512 1371.97 3461
430.862 1366.42 3447
424.986 1366.42 3447
417.408 1360.87 3433
410.716 1358.09 3426
405.703 1360.87 3433
400.666 1363.64 3440
394.801 1363.64 3440
389.729 1366.42 3447
387.082 1377.91 3476
381.923 1380.69 3483
375.986 1380.69 3483
371.536 1386.24 3497
365.574 1386.24 3497
359.613 1386.24 3497
352.235 1380.69 3483
-15.6655 195.033 492
-16.5042 195.033 492
-17.343 195.033 492
-18.1817 195.033 492
-19.0205 195.033 492
-17.8813 175.609 443
-18.6365 175.609 443
-19.3917 175.609 443
-20.1015 175.212 442
-20.855 175.212 442
-21.6085 175.212 442
-22.362 175.212 442
-23.0632 174.816 441
-23.815 174.816 441
-24.3996 173.627 438
-25.1463 173.627 438
-25.7156 172.438 435
-26.2747 171.248 432
-26.8236 170.059 429
-27.4265 169.266 427
-28.1544 169.266 427
-28.7471 168.473 425
-29.4716 168.473 425
-30.1251 168.077 424
-30.7751 167.681 423
-31.4962 167.681 423
-32.065 166.888 421
-32.7827 166.888 421
-33.4208 166.491 420
-34.1368 166.491 420
-34.7698 166.095 419
-35.4841 166.095 419
-36.112 165.699 418
-36.8246 165.699 418
-37.5372 165.699 418
-38.1583 165.302 417
-38.6827 164.509 415
-39.3902 164.509 415
-40.0977 164.509 415
-40.7068 164.113 414
-41.3125 163.717 413
-42.0166 163.717 413
-42.7207 163.717 413
-43.3196 163.32 412
-44.0219 163.32 412
-44.6157 162.924 411
-45.3164 162.924 411
-46.017 162.924 411
-46.4904 162.131 409
-47.1876 162.131 409
-47.8848 162.131 409
-48.5821 162.131 409
-49.1588 161.734 408
-49.7322 161.338 407
-50.426 161.338 407
-51.1198 161.338 407
-51.6864 160.942 406
-52.3785 160.942 406
-53.0706 160.942 406
-53.7628 160.942 406
-54.3208 160.545 405
-54.8754 160.149 404
-55.4265 159.752 403
-56.1135 159.752 403
-56.8006 159.752 403
-57.4876 159.752 403
-58.1746 159.752 403
-58.8616 159.752 403
-59.4008 159.356 402
-59.9367 158.96 401
-60.6203 158.96 401
-61.3039 158.96 401
-61.9875 158.96 401
-62.6711 158.96 401
-63.5127 159.356 402
-64.3577 159.752 403
-65.0447 159.752 403
-65.7317 159.752 403
-66.4187 159.752 403
-67.1058 159.752 403
-67.6245 159.356 402
-68.3099 159.356 402
-68.9952 159.356 402
-69.8538 159.752 403
-70.5408 159.752 403
-71.2278 159.752 403
-71.9148 159.752 403
-72.782 160.149 404
-73.4707 160.149 404
-74.343 160.545 405
-75.0334 160.545 405
-75.7239 160.545 405
-76.603 160.942 406
-77.2951 160.942 406
-78.1793 161.338 407
-78.8731 161.338 407
-79.567 161.338 407
-80.6552 162.131 409
-81.3524 162.131 409
-82.0497 162.131 409
-82.9492 162.527 410
-83.8522 162.924 411
-84.5529 162.924 411
-85.2535 162.924 411
-85.9542 162.924 411
-86.6548 162.924 411
-87.3555 162.924 411
-88.0561 162.924 411
-88.9727 163.32 412
-89.6751 163.32 412
-90.3774 163.32 412
-91.0798 163.32 412
-91.7822 163.32 412
-100.889 171.645 433
-101.627 171.645 433
-102.366 171.645 433
-103.104 171.645 433
-103.842 171.645 433
-104.58 171.645 433
-105.318 171.645 433
-106.056 171.645 433
-106.795 171.645 433
-107.781 172.041 434
-108.521 172.041 434
-109.513 172.438 435
-110.508 172.834 436
-111.506 173.23 437
-112.508 173.627 438
-113.255 173.627 438
-114.261 174.023 439
-115.01 174.023 439
-116.022 174.42 440
-117.037 174.816 441
-117.789 174.816 441
-118.541 174.816 441
-119.563 175.212 442
-120.317 175.212 442
-121.344 175.609 443
-122.099 175.609 443
-123.132 176.005 444
-123.889 176.005 444
-124.926 176.402 445
-125.685 176.402 445
-127.296 177.591 448
-128.06 177.591 448
-128.824 177.591 448
-129.877 177.987 449
-130.642 177.987 449
-131.407 177.987 449
-152.402 200.582 506
-153.568 200.979 507
-154.432 200.979 507
-155.297 200.979 507
-156.161 200.979 507
-157.025 200.979 507
-157.889 200.979 507
-158.754 200.979 507
-159.618 200.979 507
-160.482 200.979 507
-161.347 200.979 507
-162.211 200.979 507
-162.754 200.582 506
-163.293 200.186 505
-164.154 200.186 505
-165.015 200.186 505
-165.876 200.186 505
-873.971 908.567 2292
-885.156 916.099 2311
-889.095 916.099 2311
-893.035 916.099 2311
-894.258 913.324 2304
-897.016 912.135 2301
-900.939 912.135 2301
-903.682 910.946 2298
-905.229 908.567 2292
-907.55 906.982 2288
-911.451 906.982 2288
-911.75 903.414 2279
-914.43 902.225 2276
-917.1 901.035 2273
-920.975 901.035 2273
-924.85 901.035 2273
-927.499 899.846 2270
-931.368 899.846 2270
-935.238 899.846 2270
-936.626 897.468 2264
-939.239 896.279 2261
-943.094 896.279 2261
-946.948 896.279 2261
-946.597 892.315 2251
-946.635 888.747 2242
-945.369 883.99 2230
-949.171 883.99 2230
-947.844 879.233 2218
-949.48 877.251 2213
-946.792 871.305 2198
-950.539 871.305 2198
-951.681 868.926 2192
-954.11 867.737 2189
-956.529 866.548 2186
-960.256 866.548 2186
-963.1 865.755 2184
-964.167 863.377 2178
-965.214 860.998 2172
-968.917 860.998 2172
-969.037 857.827 2164
-971.377 856.638 2161
-971.452 853.466 2153
-975.122 853.466 2153
-976.065 851.088 2147
-979.725 851.088 2147
-979.721 847.917 2139
-983.367 847.917 2139
-984.245 845.538 2133
-987.881 845.538 2133
-990.588 844.746 2131
-994.221 844.746 2131
-995.044 842.367 2125
-997.256 841.178 2122
-998.516 839.196 2117
-1002.12 839.196 2117
-1004.31 838.007 2114
-1006.96 837.214 2112
-1010.56 837.214 2112
-1014.16 837.214 2112
-1016.31 836.025 2109
-1018.46 834.835 2106
-1022.05 834.835 2106
-1025.64 834.835 2106
-1028.25 834.043 2104
-1031.84 834.043 2104
-1031.49 830.871 2096
-1035.06 830.871 2096
-1037.15 829.682 2093
-1038.23 827.7 2088
-1041.79 827.7 2088
-1045.35 827.7 2088
-1048.91 827.7 2088
-1047.43 823.736 2078
-1047.94 821.357 2072
-1051.47 821.357 2072
-1055 821.357 2072
-1055.98 819.375 2067
-1056.94 817.393 2062
-1057.88 815.411 2057
1801.37 1493.16 3783
1799.19 1496.71 3792
1792.72 1496.71 3792
1786.26 1496.71 3792
1783.55 1499.87 3800
1785.49 1506.97 3818
1778.98 1506.97 3818
1772.47 1506.97 3818
1757.64 1499.87 3800
1727.66 1479.74 3749
1721.27 1479.74 3749
1714.88 1479.74 3749
1697.09 1469.87 3724
1668.5 1450.53 3675
1662.23 1450.53 3675
1648.31 1443.82 3658
1638.48 1440.66 3650
1632.26 1440.66 3650
1640.74 1453.69 3683
1634.46 1453.69 3683
1628.18 1453.69 3683
1628.95 1460 3699
1622.64 1460 3699
1616.33 1460 3699
1610.03 1460 3699
1618.03 1473.03 3732
1648.81 1506.97 3818
1642.3 1506.97 3818
1635.79 1506.97 3818
1632.69 1510.13 3826
1637.65 1520.79 3853
1631.08 1520.79 3853
1628.31 1524.34 3862
1644.4 1545.65 3916
1637.72 1545.65 3916
1631.05 1545.65 3916
1643.87 1564.2 3963
1637.11 1564.2 3963
1641.87 1575.26 3991
1635.07 1575.26 3991
1644.18 1590.65 4030
1645.03 1598.15 4049
1638.12 1598.15 4049
1631.22 1598.15 4049
1616.7 1590.65 4030
1609.83 1590.65 4030
1602.96 1590.65 4030
1588.17 1582.75 4010
1577.78 1579.2 4001
1567.03 1575.26 3991
1560.23 1575.26 3991
1553.43 1575.26 3991
1546.62 1575.26 3991
1529.02 1564.2 3963
1522.26 1564.2 3963
1511.68 1560.26 3953
1508.75 1564.2 3963
1516.39 1579.2 4001
1509.57 1579.2 4001
1502.75 1579.2 4001
1492.19 1575.26 3991
1485.39 1575.26 3991
1478.59 1575.26 3991
1454.45 1556.7 3944
1434.14 1542.1 3907
1427.48 1542.1 3907
1420.82 1542.1 3907
1397.88 1524.34 3862
1388.05 1520.79 3853
1365.7 1503.42 3809
1359.21 1503.42 3809
1340.29 1489.61 3774
1325.02 1479.74 3749
1312.65 1473.03 3732
1306.29 1473.03 3732
1294.35 1466.71 3716
1293.56 1473.03 3732
1289.96 1476.19 3740
1283.58 1476.19 3740
1277.21 1476.19 3740
1270.83 1476.19 3740
1253.3 1463.16 3707
1246.98 1463.16 3707
1237.98 1460 3699
1231.68 1460 3699
1225.37 1460 3699
1219.06 1460 3699
1207.51 1453.69 3683
1201.23 1453.69 3683
1205.66 1466.71 3716
1204.49 1473.03 3732
1198.13 1473.03 3732
1197.2 1479.74 3749
1190.81 1479.74 3749
1184.41 1479.74 3749
1178.02 1479.74 3749
1171.63 1479.74 3749
1165.24 1479.74 3749
1158.85 1479.74 3749
1152.46 1479.74 3749
1143.32 1476.19 3740
1134.51 1473.03 3732
1128.15 1473.03 3732
1121.78 1473.03 3732
1117.81 1476.19 3740
1111.44 1476.19 3740
1105.06 1476.19 3740
1096.34 1473.03 3732
1089.97 1473.03 3732
1081.29 1469.87 3724
1074.94 1469.87 3724
1066.3 1466.71 3716
1057.39 1463.16 3707
1046.54 1456.84 3691
1040.25 1456.84 3691
1031.71 1453.69 3683
1027.66 1456.84 3691
1021.37 1456.84 3691
1015.08 1456.84 3691
1008.78 1456.84 3691
998.147 1450.53 3675
989.723 1447.37 3667
983.472 1447.37 3667
977.22 1447.37 3667
968.586 1443.82 3658
962.35 1443.82 3658
956.114 1443.82 3658
945.723 1437.5 3642
939.515 1437.5 3642
929.462 1431.58 3627
919.206 1425.27 3611
915.073 1428.43 3619
908.903 1428.43 3619
906.725 1434.74 3635
900.528 1434.74 3635
894.331 1434.74 3635
888.135 1434.74 3635
881.938 1434.74 3635
873.814 1431.58 3627
867.631 1431.58 3627
859.548 1428.43 3619
853.378 1428.43 3619
849.081 1431.58 3627
846.384 1437.5 3642
840.175 1437.5 3642
833.967 1437.5 3642
827.758 1437.5 3642
821.549 1437.5 3642
813.774 1434.74 3635
807.577 1434.74 3635
801.38 1434.74 3635
798.465 1440.66 3650
792.242 1440.66 3650
787.743 1443.82 3658
781.507 1443.82 3658
775.271 1443.82 3658
769.035 1443.82 3658
761.131 1440.66 3650
753.254 1437.5 3642
747.045 1437.5 3642
739.413 1434.74 3635
733.216 1434.74 3635
727.019 1434.74 3635
720.822 1434.74 3635
714.626 1434.74 3635
706.87 1431.58 3627
699.141 1428.43 3619
692.972 1428.43 3619
685.284 1425.27 3611
680.633 1428.43 3619
674.463 1428.43 3619
668.294 1428.43 3619
662.124 1428.43 3619
654.505 1425.27 3611
648.349 1425.27 3611
642.193 1425.27 3611
636.037 1425.27 3611
627.09 1418.95 3595
619.753 1416.19 3588
613.636 1416.19 3588
606.165 1413.03 3580
600.062 1413.03 3580
593.959 1413.03 3580
587.856 1413.03 3580
580.453 1409.88 3572
574.363 1409.88 3572
568.274 1409.88 3572
562.185 1409.88 3572
555.006 1407.11 3565
547.696 1403.95 3557
540.414 1400.8 3549
534.364 1400.8 3549
527.272 1398.03 3542
517.996 1389.35 3520
510.832 1386.19 3512
504.845 1386.19 3512
496.727 1380.27 3497
489.783 1377.51 3490
483.834 1377.51 3490
477.884 1377.51 3490
470.988 1374.75 3483
465.05 1374.75 3483
459.113 1374.75 3483
453.175 1374.75 3483
446.339 1371.98 3476
440.413 1371.98 3476
433.487 1368.83 3468
427.575 1368.83 3468
420.812 1366.06 3461
413.234 1360.54 3447
408.185 1363.3 3454
403.112 1366.06 3461
397.212 1366.06 3461
393.007 1371.98 3476
389.42 1380.27 3497
383.459 1380.27 3497
377.497 1380.27 3497
371.536 1380.27 3497
365.574 1380.27 3497
359.613 1380.27 3497
352.235 1374.75 3483
-15.6655 194.193 492
-16.5042 194.193 492
-17.343 194.193 492
-18.1817 194.193 492
-19.0205 194.193 492
-17.8813 174.853 443
-18.6365 174.853 443
-19.3917 174.853 443
-20.1469 174.853 443
-20.855 174.458 442
-21.6085 174.458 442
-22.362 174.458 442
-23.0632 174.064 441
-23.815 174.064 441
-24.3996 172.879 438
-25.1463 172.879 438
-25.7156 171.695 435
-26.2139 170.117 431
-26.7611 168.932 428
-27.3623 168.143 426
-28.0885 168.143 426
-28.7471 167.748 425
-29.4022 167.354 424
-30.054 166.959 423
-30.7024 166.564 422
-31.4218 166.564 422
-32.065 166.17 421
-32.7048 165.775 420
-33.4208 165.775 420
-34.1368 165.775 420
-34.7698 165.38 419
-35.4841 165.38 419
-36.112 164.985 418
-36.8246 164.985 418
-37.5372 164.985 418
-38.1583 164.591 417
-38.6827 163.801 415
-39.3902 163.801 415
-40.0977 163.801 415
-40.7068 163.407 414
-41.3125 163.012 413
-42.0166 163.012 413
-42.7207 163.012 413
-43.3196 162.617 412
-44.0219 162.617 412
-44.6157 162.222 411
-45.3164 162.222 411
-46.017 162.222 411
-46.4904 161.433 409
-47.1876 161.433 409
-47.8848 161.433 409
-48.5821 161.433 409
-49.1588 161.038 408
-49.7322 160.644 407
-50.426 160.644 407
-51.1198 160.644 407
-51.6864 160.249 406
-52.3785 160.249 406
-53.0706 160.249 406
-53.7628 160.249 406
-54.3208 159.854 405
-54.8754 159.46 404
-55.4265 159.065 403
-56.1135 159.065 403
-56.8006 159.065 403
-57.4876 159.065 403
-58.1746 159.065 403
-58.8616 159.065 403
-59.4008 158.67 402
-59.9367 158.275 401
-60.6203 158.275 401
-61.3039 158.275 401
-61.9875 158.275 401
-62.6711 158.275 401
-63.5127 158.67 402
-64.3577 159.065 403
-65.0447 159.065 403
-65.7317 159.065 403
-66.4187 159.065 403
-67.1058 159.065 403
-67.7928 159.065 403
-68.4798 159.065 403
-69.1668 159.065 403
-69.8538 159.065 403
-70.5408 159.065 403
-71.4046 159.46 404
-72.0933 159.46 404
-72.9622 159.854 405
-73.6526 159.854 405
-74.5266 160.249 406
-75.2187 160.249 406
-75.9108 160.249 406
-76.603 160.249 406
-77.2951 160.249 406
-78.1793 160.644 407
-78.8731 160.644 407
-79.567 160.644 407
-80.6552 161.433 409
-81.3524 161.433 409
-82.0497 161.433 409
-82.9492 161.828 410
-83.8522 162.222 411
-84.5529 162.222 411
-85.2535 162.222 411
-85.9542 162.222 411
-86.8657 162.617 412
-87.568 162.617 412
-88.2704 162.617 412
-88.9727 162.617 412
-89.6751 162.617 412
-90.3774 162.617 412
-91.0798 162.617 412
-91.7822 162.617 412
-92.4845 162.617 412
-93.1869 162.617 412
-100.889 170.906 433
-101.627 170.906 433
-102.366 170.906 433
-103.104 170.906 433
-103.842 170.906 433
-104.58 170.906 433
-105.318 170.906 433
-106.056 170.906 433
-106.795 170.906 433
-107.781 171.301 434
-108.521 171.301 434
-109.513 171.695 435
-110.508 172.09 436
-111.506 172.485 437
-112.251 172.485 437
-113.255 172.879 438
-114.261 173.274 439
-115.01 173.274 439
-116.022 173.669 440
-117.037 174.064 441
-117.789 174.064 441
-118.541 174.064 441
-119.563 174.458 442
-120.589 174.853 443
-121.344 174.853 443
-122.099 174.853 443
-123.132 175.248 444
-123.889 175.248 444
-124.926 175.642 445
-125.685 175.642 445
-127.296 176.826 448
-128.06 176.826 448
-128.824 176.826 448
-129.877 177.221 449
-130.642 177.221 449
-131.407 177.221 449
-152.402 199.719 506
-153.568 200.114 507
-154.432 200.114 507
-155.297 200.114 507
-156.161 200.114 507
-157.025 200.114 507
-157.889 200.114 507
-158.754 200.114 507
-159.618 200.114 507
-160.482 200.114 507
-161.347 200.114 507
-162.211 200.114 507
-162.754 199.719 506
-873.971 904.657 2292
-885.156 912.156 2311
-889.095 912.156 2311
-893.035 912.156 2311
-895.422 910.577 2307
-897.016 908.209 2301
-900.939 908.209 2301
-903.682 907.025 2298
-903.65 903.078 2288
-905.17 900.71 2282
-909.06 900.71 2282
-908.15 895.973 2270
-912.02 895.973 2270
-915.889 895.973 2270
-919.759 895.973 2270
-923.629 895.973 2270
-925.047 893.605 2264
-928.907 893.605 2264
-932.766 893.605 2264
-933.73 890.842 2257
-937.578 890.842 2257
-938.922 888.474 2251
-942.76 888.474 2251
-942.812 884.922 2242
-941.568 880.185 2230
-941.554 876.633 2221
-945.34 876.633 2221
-945.708 873.475 2213
-945.619 869.923 2204
-944.207 865.187 2192
-947.944 865.187 2192
-950.378 864.003 2189
-952.802 862.818 2186
-955.654 862.029 2184
-959.377 862.029 2184
-961.777 860.845 2181
-962.839 858.477 2175
-965.214 857.293 2172
-968.917 857.293 2172
-969.037 854.135 2164
-971.377 852.951 2161
-971.452 849.793 2153
-975.122 849.793 2153
-976.065 847.425 2147
-979.725 847.425 2147
-979.721 844.267 2139
-983.367 844.267 2139
-984.245 841.899 2133
-987.881 841.899 2133
-991.517 841.899 2133
-995.154 841.899 2133
-995.044 838.742 2125
-997.256 837.558 2122
-999.931 836.768 2120
-1003.54 836.768 2120
-1004.31 834.4 2114
-1006.96 833.611 2112
-1010.56 833.611 2112
-1014.16 833.611 2112
-1016.31 832.426 2109
-1018.46 831.242 2106
-1022.05 831.242 2106
-1025.64 831.242 2106
-1028.25 830.453 2104
-1031.84 830.453 2104
-1031.49 827.295 2096
-1035.06 827.295 2096
-1037.15 826.111 2093
-1036.74 822.954 2085
-1040.29 822.954 2085
-1043.85 822.954 2085
-1047.4 822.954 2085
-1045.92 819.007 2075
-1046.92 817.033 2070
-1048.93 815.849 2067
-1052.45 815.849 2067
-1053.42 813.875 2062
-1055.91 813.086 2060
-1053.77 808.744 2049
1780.89 1469.8 3740
1774.52 1469.8 3740
1768.14 1469.8 3740
1761.76 1469.8 3740
1751.63 1466.66 3732
1745.27 1466.66 3732
1738.91 1466.66 3732
1732.55 1466.66 3732
1714.62 1456.84 3707
1708.3 1456.84 3707
1701.98 1456.84 3707
1695.66 1456.84 3707
1674.76 1444.26 3675
1664.86 1441.12 3667
1658.61 1441.12 3667
1644.7 1434.43 3650
1631.75 1428.54 3635
1625.55 1428.54 3635
1633.61 1441.12 3667
1627.36 1441.12 3667
1628.18 1447.4 3683
1632.47 1456.84 3707
1637.12 1466.66 3732
1630.75 1466.66 3732
1624.39 1466.66 3732
1652.26 1503.6 3826
1645.74 1503.6 3826
1646.93 1510.68 3844
1640.38 1510.68 3844
1641.47 1517.75 3862
1634.89 1517.75 3862
1639.69 1528.36 3889
1652.38 1546.44 3935
1645.67 1546.44 3935
1638.96 1546.44 3935
1643.87 1557.44 3963
1637.11 1557.44 3963
1653.8 1579.84 4020
1646.95 1579.84 4020
1651.93 1591.24 4049
1645.03 1591.24 4049
1638.12 1591.24 4049
1631.22 1591.24 4049
1624.32 1591.24 4049
1609.83 1583.77 4030
1602.96 1583.77 4030
1588.17 1575.91 4010
1577.78 1572.38 4001
1567.03 1568.45 3991
1560.23 1568.45 3991
1553.43 1568.45 3991
1546.62 1568.45 3991
1529.02 1557.44 3963
1522.26 1557.44 3963
1511.68 1553.51 3953
1508.75 1557.44 3963
1516.39 1572.38 4001
1509.57 1572.38 4001
1502.75 1572.38 4001
1492.19 1568.45 3991
1485.39 1568.45 3991
1478.59 1568.45 3991
1454.45 1549.98 3944
1434.14 1535.43 3907
1427.48 1535.43 3907
1420.82 1535.43 3907
1397.88 1517.75 3862
1388.05 1514.21 3853
1365.7 1496.92 3809
1359.21 1496.92 3809
1352.72 1496.92 3809
1340.22 1490.24 3792
1318.63 1473.34 3749
1312.24 1473.34 3749
1302.71 1469.8 3740
1296.33 1469.8 3740
1307.89 1490.24 3792
1301.43 1490.24 3792
1294.97 1490.24 3792
1282.38 1483.17 3774
1267.5 1473.34 3749
1261.11 1473.34 3749
1246.35 1463.52 3724
1237.34 1460.37 3716
1231 1460.37 3716
1224.67 1460.37 3716
1212.76 1453.69 3699
1206.45 1453.69 3699
1218.97 1476.49 3757
1218.05 1483.17 3774
1211.61 1483.17 3774
1205.18 1483.17 3774
1198.75 1483.17 3774
1192.31 1483.17 3774
1185.88 1483.17 3774
1182.26 1486.7 3783
1175.81 1486.7 3783
1169.36 1486.7 3783
1160.14 1483.17 3774
1148.51 1476.49 3757
1136.94 1469.8 3740
1133.29 1473.34 3749
1126.89 1473.34 3749
1120.5 1473.34 3749
1114.11 1473.34 3749
1107.72 1473.34 3749
1101.33 1473.34 3749
1094.94 1473.34 3749
1083.61 1466.66 3732
1077.25 1466.66 3732
1068.59 1463.52 3724
1059.96 1460.37 3716
1051.07 1456.84 3707
1044.76 1456.84 3707
1038.44 1456.84 3707
1029.89 1453.69 3699
1023.58 1453.69 3699
1017.28 1453.69 3699
1010.97 1453.69 3699
1004.67 1453.69 3699
996.2 1450.55 3691
989.908 1450.55 3691
979.352 1444.26 3675
973.087 1444.26 3675
966.822 1444.26 3675
960.557 1444.26 3675
952.215 1441.12 3667
945.964 1441.12 3667
935.356 1434.43 3650
929.134 1434.43 3650
919.118 1428.54 3635
912.922 1428.54 3635
908.471 1431.29 3642
904.244 1434.43 3650
898.022 1434.43 3650
891.8 1434.43 3650
883.636 1431.29 3642
877.428 1431.29 3642
869.544 1428.54 3635
861.448 1425.4 3627
857.151 1428.54 3635
850.954 1428.54 3635
846.384 1431.29 3642
840.175 1431.29 3642
833.967 1431.29 3642
827.758 1431.29 3642
821.549 1431.29 3642
813.774 1428.54 3635
807.577 1428.54 3635
801.38 1428.54 3635
798.465 1434.43 3650
792.242 1434.43 3650
787.743 1437.58 3658
781.507 1437.58 3658
775.271 1437.58 3658
769.035 1437.58 3658
761.131 1434.43 3650
753.254 1431.29 3642
747.045 1431.29 3642
739.413 1428.54 3635
733.216 1428.54 3635
727.019 1428.54 3635
720.822 1428.54 3635
714.626 1428.54 3635
706.87 1425.4 3627
699.141 1422.25 3619
694.503 1425.4 3627
688.32 1425.4 3627
682.137 1425.4 3627
675.954 1425.4 3627
669.771 1425.4 3627
663.588 1425.4 3627
657.405 1425.4 3627
651.222 1425.4 3627
645.038 1425.4 3627
637.446 1422.25 3619
629.881 1419.11 3611
622.344 1415.96 3603
616.201 1415.96 3603
608.705 1412.82 3595
601.403 1410.07 3588
595.286 1410.07 3588
589.169 1410.07 3588
583.053 1410.07 3588
575.65 1406.93 3580
569.547 1406.93 3580
563.444 1406.93 3580
556.095 1403.78 3572
550.006 1403.78 3572
542.851 1401.03 3565
536.773 1401.03 3565
528.314 1394.74 3549
520.057 1388.85 3534
511.996 1383.35 3520
505.995 1383.35 3520
498.858 1380.2 3512
491.888 1377.45 3505
485.913 1377.45 3505
479.938 1377.45 3505
473.963 1377.45 3505
465.985 1371.56 3490
460.035 1371.56 3490
454.086 1371.56 3490
448.136 1371.56 3490
440.413 1366.05 3476
434.487 1366.05 3476
428.562 1366.05 3476
421.663 1362.91 3468
415.751 1362.91 3468
409.839 1362.91 3468
404.859 1366.05 3476
398.933 1366.05 3476
394.59 1371.56 3490
390.311 1377.45 3505
384.336 1377.45 3505
378.361 1377.45 3505
372.386 1377.45 3505
366.41 1377.45 3505
360.435 1377.45 3505
353.651 1374.31 3497
-17.8813 174.097 443
-18.6365 174.097 443
-19.3917 174.097 443
-20.1469 174.097 443
-20.855 173.704 442
-21.6085 173.704 442
-22.362 173.704 442
-23.1155 173.704 442
-23.815 173.311 441
-24.0654 169.774 432
-24.8018 169.774 432
-25.5383 169.774 432
-26.1531 168.988 430
-26.6986 167.809 427
-27.3623 167.416 426
-28.0885 167.416 426
-28.7471 167.023 425
-29.4022 166.63 424
-30.054 166.237 423
-30.7024 165.844 422
-31.4218 165.844 422
-32.065 165.451 421
-32.7048 165.058 420
-33.4208 165.058 420
-34.1368 165.058 420
-34.7698 164.665 419
-35.4841 164.665 419
-36.112 164.272 418
-36.8246 164.272 418
-37.5372 164.272 418
-38.1583 163.879 417
-38.6827 163.093 415
-39.3902 163.093 415
-40.0977 163.093 415
-40.7068 162.7 414
-41.3125 162.307 413
-42.0166 162.307 413
-42.7207 162.307 413
-43.3196 161.914 412
-44.0219 161.914 412
-44.6157 161.521 411
-45.3164 161.521 411
-46.017 161.521 411
-46.4904 160.735 409
-47.1876 160.735 409
-47.8848 160.735 409
-48.5821 160.735 409
-49.1588 160.342 408
-49.7322 159.949 407
-50.426 159.949 407
-51.1198 159.949 407
-51.6864 159.556 406
-52.2495 159.163 405
-52.9399 159.163 405
-53.6303 159.163 405
-54.3208 159.163 405
-54.8754 158.77 404
-55.4265 158.377 403
-56.1135 158.377 403
-56.8006 158.377 403
-57.4876 158.377 403
-58.1746 158.377 403
-58.8616 158.377 403
-59.4008 157.984 402
-59.9367 157.591 401
-60.6203 157.591 401
-61.3039 157.591 401
-61.9875 157.591 401
-62.8274 157.984 402
-63.6707 158.377 403
-64.5174 158.77 404
-65.2061 158.77 404
-65.8948 158.77 404
-66.5836 158.77 404
-67.2723 158.77 404
-67.961 158.77 404
-68.4798 158.377 403
-69.3384 158.77 404
-70.0271 158.77 404
-70.7159 158.77 404
-71.5813 159.163 405
-72.2718 159.163 405
-72.9622 159.163 405
-73.8345 159.556 406
-74.5266 159.556 406
-75.2187 159.556 406
-75.9108 159.556 406
-76.603 159.556 406
-77.2951 159.556 406
-78.1793 159.949 407
-78.8731 159.949 407
-79.7625 160.342 408
-80.6552 160.735 409
-81.3524 160.735 409
-82.0497 160.735 409
-82.9492 161.128 410
-83.8522 161.521 411
-84.7586 161.914 412
-85.4609 161.914 412
-86.1633 161.914 412
-86.8657 161.914 412
-87.568 161.914 412
-88.2704 161.914 412
-88.9727 161.914 412
-89.6751 161.914 412
-90.3774 161.914 412
-91.3009 162.307 413
-92.0049 162.307 413
-92.709 162.307 413
-93.413 162.307 413
-100.889 170.167 433
-101.627 170.167 433
-102.366 170.167 433
-103.104 170.167 433
-103.842 170.167 433
-104.58 170.167 433
-105.318 170.167 433
-106.056 170.167 433
-106.795 170.167 433
-107.781 170.56 434
-108.521 170.56 434
-109.513 170.953 435
-110.508 171.346 436
-111.251 171.346 436
-112.251 171.739 437
-113.255 172.132 438
-114.261 172.525 439
-115.01 172.525 439
-116.022 172.918 440
-117.037 173.311 441
-117.789 173.311 441
-118.541 173.311 441
-119.563 173.704 442
-120.589 174.097 443
-121.344 174.097 443
-122.099 174.097 443
-123.132 174.49 444
-123.889 174.49 444
-124.926 174.883 445
-125.685 174.883 445
-127.296 176.062 448
-128.06 176.062 448
-128.824 176.062 448
-129.877 176.455 449
-130.642 176.455 449
-131.407 176.455 449
-152.402 198.856 506
-153.568 199.249 507
-154.432 199.249 507
-155.297 199.249 507
-156.161 199.249 507
-157.025 199.249 507
-157.889 199.249 507
-158.754 199.249 507
-160.563 200.428 510
-161.432 200.428 510
-162.301 200.428 510
-163.171 200.428 510
-164.04 200.428 510
-164.91 200.428 510
-887.317 914.501 2327
-891.284 914.501 2327
-895.251 914.501 2327
-895.354 910.571 2317
-899.304 910.571 2317
-899.355 906.641 2307
-903.288 906.641 2307
-904.861 904.283 2301
-907.599 903.104 2298
-905.17 896.816 2282
-909.06 896.816 2282
-909.35 893.28 2273
-912.02 892.101 2270
-915.889 892.101 2270
-919.759 892.101 2270
-923.629 892.101 2270
-923.821 888.564 2261
-927.676 888.564 2261
-931.53 888.564 2261
-933.73 886.992 2257
-935.085 884.634 2251
-937.671 883.455 2248
-941.503 883.455 2248
-942.812 881.097 2242
-941.568 876.381 2230
-939.01 870.486 2215
-942.786 870.486 2215
-943.144 867.342 2207
-944.332 864.984 2201
-944.207 861.447 2192
-947.944 861.447 2192
-950.378 860.268 2189
-952.802 859.089 2186
-955.654 858.303 2184
-959.377 858.303 2184
-961.777 857.124 2181
-962.839 854.766 2175
-965.214 853.587 2172
-968.917 853.587 2172
-969.037 850.443 2164
-970.029 848.085 2158
-970.098 844.941 2150
-973.763 844.941 2150
-976.065 843.762 2147
-977.443 841.797 2142
-979.721 840.618 2139
-983.367 840.618 2139
-984.245 838.26 2133
-987.881 838.26 2133
-991.517 838.26 2133
-995.154 838.26 2133
-995.044 835.116 2125
-997.256 833.937 2122
-999.931 833.151 2120
-1003.54 833.151 2120
-1004.31 830.793 2114
-1006.96 830.007 2112
-1010.56 830.007 2112
-1014.16 830.007 2112
-1016.31 828.828 2109
-1018.46 827.649 2106
-1022.05 827.649 2106
-1025.64 827.649 2106
-1028.25 826.863 2104
-1031.84 826.863 2104
-1031.49 823.719 2096
-1035.06 823.719 2096
-1037.15 822.54 2093
-1039.72 821.754 2091
-1040.29 819.396 2085
-1043.85 819.396 2085
-1047.4 819.396 2085
-1045.92 815.466 2075
-1046.92 813.501 2070
-1050.45 813.501 2070
-1052.45 812.322 2067
-1053.42 810.357 2062
-1055.91 809.571 2060
-1059.43 809.571 2060
1805.65 1483.77 3792
1799.19 1483.77 3792
1792.72 1483.77 3792
1786.26 1483.77 3792
1779.8 1483.77 3792
1756.96 1470.08 3757
1750.56 1470.08 3757
1740.44 1466.95 3749
1714.62 1450.51 3707
1708.3 1450.51 3707
1701.98 1450.51 3707
1695.66 1450.51 3707
1674.76 1437.99 3675
1664.86 1434.86 3667
1658.61 1434.86 3667
1644.7 1428.21 3650
1631.75 1422.34 3635
1625.55 1422.34 3635
1633.61 1434.86 3667
1627.36 1434.86 3667
1621.11 1434.86 3667
1643.48 1460.29 3732
1652.03 1473.6 3766
1645.61 1473.6 3766
1642.67 1476.73 3774
1674.39 1511.16 3862
1667.81 1511.16 3862
1661.22 1511.16 3862
1654.64 1511.16 3862
1640.38 1504.12 3844
1641.47 1511.16 3862
1634.89 1511.16 3862
1651.07 1532.29 3916
1652.38 1539.73 3935
1645.67 1539.73 3935
1638.96 1539.73 3935
1643.87 1550.68 3963
1644.96 1558.12 3982
1653.8 1572.98 4020
1646.95 1572.98 4020
1656.01 1588.24 4059
1649.09 1588.24 4059
1642.17 1588.24 4059
1635.25 1588.24 4059
1624.32 1584.33 4049
1609.83 1576.9 4030
1602.96 1576.9 4030
1588.17 1569.07 4010
1577.78 1565.55 4001
1570.96 1565.55 4001
1564.14 1565.55 4001
1557.32 1565.55 4001
1550.5 1565.55 4001
1529.02 1550.68 3963
1522.26 1550.68 3963
1508.24 1543.25 3944
1504.94 1546.77 3953
1516.39 1565.55 4001
1520.51 1576.9 4030
1513.64 1576.9 4030
1506.77 1576.9 4030
1499.9 1576.9 4030
1493.03 1576.9 4030
1471.78 1561.64 3991
1451.03 1546.77 3953
1437.71 1539.73 3935
1431.01 1539.73 3935
1414.16 1528.77 3907
1394.53 1514.68 3871
1381.48 1507.64 3853
1374.91 1507.64 3853
1352.72 1490.42 3809
1340.22 1483.77 3792
1318.63 1466.95 3749
1312.24 1466.95 3749
1302.71 1463.42 3740
1296.33 1463.42 3740
1307.89 1483.77 3792
1301.43 1483.77 3792
1294.97 1483.77 3792
1282.38 1476.73 3774
1267.5 1466.95 3749
1261.11 1466.95 3749
1246.35 1457.16 3724
1237.34 1454.03 3716
1231 1454.03 3716
1224.67 1454.03 3716
1212.76 1447.38 3699
1206.45 1447.38 3699
1218.97 1470.08 3757
1218.05 1476.73 3774
1211.61 1476.73 3774
1205.18 1476.73 3774
1201.6 1480.25 3783
1198 1483.77 3792
1191.53 1483.77 3792
1187.57 1486.9 3800
1181.09 1486.9 3800
1174.61 1486.9 3800
1168.14 1486.9 3800
1159.21 1483.77 3792
1144.84 1473.6 3766
1138.42 1473.6 3766
1132 1473.6 3766
1125.58 1473.6 3766
1119.16 1473.6 3766
1112.74 1473.6 3766
1103.68 1470.08 3757
1097.28 1470.08 3757
1088.55 1466.95 3749
1082.16 1466.95 3749
1070.89 1460.29 3732
1062.24 1457.16 3724
1053.63 1454.03 3716
1047.29 1454.03 3716
1040.96 1454.03 3716
1036.85 1457.16 3724
1030.5 1457.16 3724
1024.15 1457.16 3724
1017.8 1457.16 3724
1011.46 1457.16 3724
1000.52 1450.51 3707
994.199 1450.51 3707
987.88 1450.51 3707
979.442 1447.38 3699
973.136 1447.38 3699
966.83 1447.38 3699
958.447 1444.25 3691
950.091 1441.12 3683
941.763 1437.99 3675
935.498 1437.99 3675
924.934 1431.34 3658
918.698 1431.34 3658
914.707 1434.86 3667
908.456 1434.86 3667
902.205 1434.86 3667
895.953 1434.86 3667
887.518 1431.34 3658
881.282 1431.34 3658
871.219 1425.08 3642
863.348 1422.34 3635
857.151 1422.34 3635
852.593 1425.08 3642
846.384 1425.08 3642
840.175 1425.08 3642
835.799 1428.21 3650
829.576 1428.21 3650
823.354 1428.21 3650
815.341 1425.08 3642
809.132 1425.08 3642
802.923 1425.08 3642
798.465 1428.21 3650
793.979 1431.34 3658
787.743 1431.34 3658
781.507 1431.34 3658
775.271 1431.34 3658
769.035 1431.34 3658
762.799 1431.34 3658
756.563 1431.34 3658
750.327 1431.34 3658
740.836 1425.08 3642
734.628 1425.08 3642
728.419 1425.08 3642
722.21 1425.08 3642
716.002 1425.08 3642
709.793 1425.08 3642
702.232 1422.34 3635
696.035 1422.34 3635
688.32 1419.21 3627
682.137 1419.21 3627
675.954 1419.21 3627
669.771 1419.21 3627
663.588 1419.21 3627
657.405 1419.21 3627
651.222 1419.21 3627
645.038 1419.21 3627
637.446 1416.08 3619
629.881 1412.95 3611
622.344 1409.82 3603
616.201 1409.82 3603
608.705 1406.69 3595
601.403 1403.95 3588
595.286 1403.95 3588
589.169 1403.95 3588
583.053 1403.95 3588
575.65 1400.82 3580
569.547 1400.82 3580
563.444 1400.82 3580
556.095 1397.69 3572
550.006 1397.69 3572
542.851 1394.95 3565
536.773 1394.95 3565
528.314 1388.69 3549
522.264 1388.69 3549
514.032 1382.82 3534
508.007 1382.82 3534
500.988 1380.08 3527
493.993 1377.34 3520
487.993 1377.34 3520
481.992 1377.34 3520
475.991 1377.34 3520
467.988 1371.47 3505
460.958 1368.34 3497
454.997 1368.34 3497
448.136 1365.6 3490
442.187 1365.6 3490
435.362 1362.86 3483
429.425 1362.86 3483
422.636 1360.12 3476
415.751 1356.99 3468
409.839 1356.99 3468
404.859 1360.12 3476
398.933 1360.12 3476
394.59 1365.6 3490
391.091 1374.21 3512
385.103 1374.21 3512
379.116 1374.21 3512
373.129 1374.21 3512
367.142 1374.21 3512
361.155 1374.21 3512
353.651 1368.34 3497
-17.8813 173.341 443
-18.6365 173.341 443
-19.3917 173.341 443
-20.1469 173.341 443
-20.9022 173.341 443
-21.6574 173.341 443
-22.362 172.95 442
-23.1155 172.95 442
-23.815 172.559 441
-24.0654 169.037 432
-24.8018 169.037 432
-25.5383 169.037 432
-26.2139 168.646 431
-26.6986 167.081 427
-27.3623 166.689 426
-28.0885 166.689 426
-28.7471 166.298 425
-29.4022 165.907 424
-30.054 165.516 423
-30.7024 165.124 422
-31.4218 165.124 422
-32.065 164.733 421
-32.7048 164.342 420
-33.4208 164.342 420
-34.1368 164.342 420
-34.7698 163.95 419
-35.4841 163.95 419
-36.112 163.559 418
-36.8246 163.559 418
-37.5372 163.559 418
-38.1583 163.168 417
-38.6827 162.385 415
-39.3902 162.385 415
-40.0977 162.385 415
-40.6085 161.603 413
-41.3125 161.603 413
-41.9149 161.211 412
-42.6172 161.211 412
-43.3196 161.211 412
-44.0219 161.211 412
-44.6157 160.82 411
-45.3164 160.82 411
-45.9051 160.429 410
-46.4904 160.037 409
-47.1876 160.037 409
-47.8848 160.037 409
-48.4633 159.646 408
-49.1588 159.646 408
-49.7322 159.255 407
-50.426 159.255 407
-51.1198 159.255 407
-51.6864 158.864 406
-52.2495 158.472 405
-52.9399 158.472 405
-53.6303 158.472 405
-54.3208 158.472 405
-54.8754 158.081 404
-55.4265 157.69 403
-56.1135 157.69 403
-56.6596 157.298 402
-57.3449 157.298 402
-58.0302 157.298 402
-58.7155 157.298 402
-59.4008 157.298 402
-59.9367 156.907 401
-60.6203 156.907 401
-61.3039 156.907 401
-61.9875 156.907 401
-62.8274 157.298 402
-63.6707 157.69 403
-64.5174 158.081 404
-65.2061 158.081 404
-65.8948 158.081 404
-66.5836 158.081 404
-67.2723 158.081 404
-67.961 158.081 404
-68.4798 157.69 403
-69.3384 158.081 404
-70.0271 158.081 404
-70.7159 158.081 404
-71.5813 158.472 405
-72.2718 158.472 405
-72.9622 158.472 405
-73.8345 158.864 406
-74.5266 158.864 406
-75.2187 158.864 406
-75.9108 158.864 406
-76.603 158.864 406
-77.2951 158.864 406
-78.1793 159.255 407
-78.8731 159.255 407
-79.7625 159.646 408
-80.6552 160.037 409
-81.5514 160.429 410
-82.2503 160.429 410
-83.1516 160.82 411
-83.8522 160.82 411
-84.7586 161.211 412
-85.4609 161.211 412
-86.1633 161.211 412
-86.8657 161.211 412
-87.568 161.211 412
-88.2704 161.211 412
-89.1887 161.603 413
-89.8927 161.603 413
-90.5968 161.603 413
-91.3009 161.603 413
-92.0049 161.603 413
-92.709 161.603 413
-93.413 161.603 413
-101.627 169.428 433
-102.366 169.428 433
-103.104 169.428 433
-103.842 169.428 433
-104.58 169.428 433
-105.318 169.428 433
-106.056 169.428 433
-106.795 169.428 433
-107.781 169.82 434
-108.521 169.82 434
-109.513 170.211 435
-110.508 170.602 436
-111.251 170.602 436
-112.251 170.994 437
-113.513 171.776 439
-114.261 171.776 439
-115.01 171.776 439
-116.022 172.167 440
-117.037 172.559 441
-118.056 172.95 442
-118.81 172.95 442
-119.834 173.341 443
-120.589 173.341 443
-121.618 173.733 444
-122.375 173.733 444
-123.132 173.733 444
-124.168 174.124 445
-124.926 174.124 445
-125.685 174.124 445
-127.296 175.298 448
-128.06 175.298 448
-128.824 175.298 448
-129.877 175.689 449
-130.642 175.689 449
-131.407 175.689 449
-152.438 199.166 509
-153.306 199.166 509
-154.174 199.166 509
-155.041 199.166 509
-155.909 199.166 509
-156.777 199.166 509
-157.645 199.166 509
-158.512 199.166 509
-159.38 199.166 509
-160.563 199.558 510
-161.432 199.558 510
-162.301 199.558 510
-163.171 199.558 510
-164.04 199.558 510
-164.91 199.558 510
-887.317 910.531 2327
-891.284 910.531 2327
-895.251 910.531 2327
-895.354 906.618 2317
-899.304 906.618 2317
-899.355 902.705 2307
-903.288 902.705 2307
-904.861 900.358 2301
-907.599 899.184 2298
-906.36 894.097 2285
-910.255 894.097 2285
-912.951 892.923 2282
-912.02 888.228 2270
-914.679 887.054 2267
-918.544 887.054 2267
-922.408 887.054 2267
-923.821 884.706 2261
-926.035 883.141 2257
-929.882 883.141 2257
-932.489 881.967 2254
-935.085 880.793 2251
-936.42 878.445 2245
-940.247 878.445 2245
-941.551 876.098 2239
-937.768 869.055 2221
-936.891 864.75 2210
-940.658 864.75 2210
-941.862 862.403 2204
-941.758 858.881 2195
-942.915 856.533 2189
-946.647 856.533 2189
-949.076 855.359 2186
-950.623 853.403 2181
-954.341 853.403 2181
-958.059 853.403 2181
-959.131 851.055 2175
-961.511 849.881 2172
-962.992 847.925 2167
-966.686 847.925 2167
-967.693 845.577 2161
-968.68 843.229 2155
-968.744 840.099 2147
-972.405 840.099 2147
-974.701 838.925 2144
-977.443 838.143 2142
-978.347 835.795 2136
-981.988 835.795 2136
-984.245 834.621 2133
-987.881 834.621 2133
-991.517 834.621 2133
-995.154 834.621 2133
-995.044 831.491 2125
-998.666 831.491 2125
-999.931 829.534 2120
-1003.54 829.534 2120
-1004.31 827.187 2114
-1006.96 826.404 2112
-1010.56 826.404 2112
-1014.16 826.404 2112
-1014.87 824.056 2106
-1018.46 824.056 2106
-1022.05 824.056 2106
-1025.64 824.056 2106
-1028.25 823.274 2104
-1028.9 820.926 2098
-1031.49 820.143 2096
-1035.06 820.143 2096
-1037.15 818.969 2093
-1039.72 818.187 2091
-1040.29 815.839 2085
-1043.85 815.839 2085
-1047.4 815.839 2085
-1045.92 811.926 2075
-1046.92 809.97 2070
-1050.45 809.97 2070
-1052.45 808.796 2067
-1053.42 806.839 2062
-1055.91 806.057 2060
-1059.43 806.057 2060
1805.65 1477.3 3792
1799.19 1477.3 3792
1792.72 1477.3 3792
1786.26 1477.3 3792
1779.8 1477.3 3792
1756.96 1463.67 3757
1750.56 1463.67 3757
1740.44 1460.55 3749
1714.62 1444.19 3707
1697.24 1434.84 3683
1690.96 1434.84 3683
1673.25 1425.1 3658
1667.01 1425.1 3658
1650.34 1416.14 3635
1644.14 1416.14 3635
1627.13 1406.79 3611
1620.97 1406.79 3611
1614.82 1406.79 3611
1619.35 1416.14 3635
1613.16 1416.14 3635
1621.11 1428.6 3667
1643.48 1453.93 3732
1652.03 1467.17 3766
1645.61 1467.17 3766
1642.67 1470.29 3774
1674.39 1504.57 3862
1667.81 1504.57 3862
1661.22 1504.57 3862
1654.64 1504.57 3862
1640.38 1497.56 3844
1641.47 1504.57 3862
1634.89 1504.57 3862
1651.07 1525.61 3916
1652.38 1533.01 3935
1645.67 1533.01 3935
1638.96 1533.01 3935
1643.87 1543.92 3963
1644.96 1551.32 3982
1653.8 1566.13 4020
1646.95 1566.13 4020
1656.01 1581.32 4059
1649.09 1581.32 4059
1642.17 1581.32 4059
1635.25 1581.32 4059
1624.32 1577.42 4049
1617.42 1577.42 4049
1602.96 1570.02 4030
1588.17 1562.23 4010
1577.78 1558.72 4001
1574.49 1562.23 4010
1567.66 1562.23 4010
1560.82 1562.23 4010
1553.99 1562.23 4010
1539.82 1554.83 3991
1533.01 1554.83 3991
1515.5 1543.92 3963
1515.98 1551.32 3982
1534.59 1577.42 4049
1527.68 1577.42 4049
1528.29 1585.22 4069
1521.36 1585.22 4069
1514.42 1585.22 4069
1507.48 1585.22 4069
1493.17 1577.42 4049
1471.95 1562.23 4010
1458.17 1554.83 3991
1451.37 1554.83 3991
1437.69 1547.43 3972
1420.83 1536.52 3944
1394.39 1515.09 3889
1387.76 1515.09 3889
1377.93 1511.58 3880
1352.23 1490.55 3826
1327.42 1470.29 3774
1320.99 1470.29 3774
1305.85 1460.55 3749
1311.24 1473.79 3783
1307.89 1477.3 3792
1301.43 1477.3 3792
1294.97 1477.3 3792
1288.5 1477.3 3792
1275.95 1470.29 3774
1269.52 1470.29 3774
1254.72 1460.55 3749
1245.33 1457.04 3740
1233.65 1450.81 3724
1227.3 1450.81 3724
1212.76 1441.07 3699
1214.61 1450.81 3724
1221.89 1467.17 3766
1218.05 1470.29 3774
1211.61 1470.29 3774
1213.48 1480.42 3800
1207 1480.42 3800
1200.53 1480.42 3800
1191.53 1477.3 3792
1187.57 1480.42 3800
1181.09 1480.42 3800
1174.61 1480.42 3800
1168.14 1480.42 3800
1159.21 1477.3 3792
1144.84 1467.17 3766
1138.42 1467.17 3766
1132 1467.17 3766
1125.58 1467.17 3766
1119.16 1467.17 3766
1112.74 1467.17 3766
1103.68 1463.67 3757
1097.28 1463.67 3757
1088.55 1460.55 3749
1082.16 1460.55 3749
1070.89 1453.93 3732
1062.24 1450.81 3724
1053.63 1447.69 3716
1047.29 1447.69 3716
1040.96 1447.69 3716
1036.85 1450.81 3724
1030.5 1450.81 3724
1026.35 1453.93 3732
1019.99 1453.93 3732
1013.63 1453.93 3732
1007.27 1453.93 3732
1000.9 1453.93 3732
994.542 1453.93 3732
988.18 1453.93 3732
981.818 1453.93 3732
975.456 1453.93 3732
969.094 1453.93 3732
958.604 1447.69 3716
947.913 1441.07 3699
941.607 1441.07 3699
931.255 1434.84 3683
924.977 1434.84 3683
920.694 1437.95 3691
914.402 1437.95 3691
908.109 1437.95 3691
899.862 1434.84 3683
893.584 1434.84 3683
887.305 1434.84 3683
877.199 1428.6 3667
866.91 1421.98 3650
860.688 1421.98 3650
856.339 1425.1 3658
850.103 1425.1 3658
843.867 1425.1 3658
837.631 1425.1 3658
831.395 1425.1 3658
825.159 1425.1 3658
818.923 1425.1 3658
812.687 1425.1 3658
806.451 1425.1 3658
800.215 1425.1 3658
795.932 1428.6 3667
789.681 1428.6 3667
785.139 1431.72 3675
778.874 1431.72 3675
772.609 1431.72 3675
764.676 1428.6 3667
758.424 1428.6 3667
752.173 1428.6 3667
747.549 1431.72 3675
741.284 1431.72 3675
735.019 1431.72 3675
728.754 1431.72 3675
722.489 1431.72 3675
714.665 1428.6 3667
708.414 1428.6 3667
698.907 1421.98 3650
691.167 1418.86 3642
684.958 1418.86 3642
678.75 1418.86 3642
672.541 1418.86 3642
666.332 1418.86 3642
660.123 1418.86 3642
653.915 1418.86 3642
647.706 1418.86 3642
640.264 1416.14 3635
631.277 1409.9 3619
623.725 1406.79 3611
617.57 1406.79 3611
610.059 1403.67 3603
602.576 1400.55 3595
596.447 1400.55 3595
590.319 1400.55 3595
583.053 1397.83 3588
576.936 1397.83 3588
570.82 1397.83 3588
564.703 1397.83 3588
557.341 1394.71 3580
551.238 1394.71 3580
545.135 1394.71 3580
539.032 1394.71 3580
530.696 1388.87 3565
522.264 1382.63 3549
514.032 1376.79 3534
508.007 1376.79 3534
500.988 1374.06 3527
493.993 1371.33 3520
487.993 1371.33 3520
481.992 1371.33 3520
475.991 1371.33 3520
467.988 1365.49 3505
460.958 1362.37 3497
454.997 1362.37 3497
448.136 1359.65 3490
442.187 1359.65 3490
435.362 1356.92 3483
429.425 1356.92 3483
422.636 1354.19 3476
415.751 1351.08 3468
409.839 1351.08 3468
404.859 1354.19 3476
398.933 1354.19 3476
394.59 1359.65 3490
391.091 1368.22 3512
385.103 1368.22 3512
379.116 1368.22 3512
373.129 1368.22 3512
367.142 1368.22 3512
361.155 1368.22 3512
353.651 1362.37 3497
-18.6365 172.586 443
-19.3917 172.586 443
-20.1469 172.586 443
-20.9022 172.586 443
-21.6574 172.586 443
-22.362 172.196 442
-23.1155 172.196 442
-24.0097 167.911 431
-24.7444 167.911 431
-25.4792 167.911 431
-26.2139 167.911 431
-26.6986 166.352 427
-27.3623 165.963 426
-28.0885 165.963 426
-28.7471 165.573 425
-29.4022 165.183 424
-30.054 164.794 423
-30.7024 164.404 422
-31.4218 164.404 422
-32.065 164.015 421
-32.7048 163.625 420
-33.4208 163.625 420
-34.1368 163.625 420
-34.7698 163.236 419
-35.4841 163.236 419
-36.112 162.846 418
-36.8246 162.846 418
-37.5372 162.846 418
-38.1583 162.456 417
-38.6827 161.677 415
-39.3902 161.677 415
-40.0977 161.677 415
-40.6085 160.898 413
-41.3125 160.898 413
-41.9149 160.508 412
-42.6172 160.508 412
-43.3196 160.508 412
-43.9151 160.119 411
-44.6157 160.119 411
-45.3164 160.119 411
-45.9051 159.729 410
-46.4904 159.34 409
-47.0722 158.95 408
-47.7678 158.95 408
-48.4633 158.95 408
-49.1588 158.95 408
-49.7322 158.561 407
-50.426 158.561 407
-51.1198 158.561 407
-51.6864 158.171 406
-52.2495 157.781 405
-52.9399 157.781 405
-53.6303 157.781 405
-54.3208 157.781 405
-54.8754 157.392 404
-55.289 156.613 402
-55.9743 156.613 402
-56.6596 156.613 402
-57.3449 156.613 402
-58.0302 156.613 402
-58.7155 156.613 402
-59.4008 156.613 402
-59.9367 156.223 401
-60.6203 156.223 401
-61.3039 156.223 401
-61.9875 156.223 401
-62.8274 156.613 402
-63.8287 157.392 404
-64.5174 157.392 404
-65.2061 157.392 404
-65.8948 157.392 404
-66.5836 157.392 404
-67.2723 157.392 404
-67.961 157.392 404
-68.6497 157.392 404
-69.3384 157.392 404
-70.0271 157.392 404
-70.8909 157.781 405
-71.5813 157.781 405
-72.2718 157.781 405
-72.9622 157.781 405
-73.8345 158.171 406
-74.5266 158.171 406
-75.2187 158.171 406
-75.9108 158.171 406
-76.603 158.171 406
-77.2951 158.171 406
-78.1793 158.561 407
-78.8731 158.561 407
-79.7625 158.95 408
-80.6552 159.34 409
-81.5514 159.729 410
-82.2503 159.729 410
-83.1516 160.119 411
-83.8522 160.119 411
-84.7586 160.508 412
-85.4609 160.508 412
-86.1633 160.508 412
-86.8657 160.508 412
-87.568 160.508 412
-88.2704 160.508 412
-89.1887 160.898 413
-89.8927 160.898 413
-90.5968 160.898 413
-91.3009 160.898 413
-92.0049 160.898 413
-92.709 160.898 413
-93.413 160.898 413
-101.627 168.69 433
-102.366 168.69 433
-103.104 168.69 433
-103.842 168.69 433
-104.58 168.69 433
-105.318 168.69 433
-106.056 168.69 433
-106.795 168.69 433
-107.781 169.079 434
-108.521 169.079 434
-109.513 169.469 435
-110.508 169.858 436
-111.251 169.858 436
-112.508 170.638 438
-113.513 171.027 439
-114.522 171.417 440
-115.272 171.417 440
-116.286 171.806 441
-117.303 172.196 442
-118.323 172.586 443
-119.079 172.586 443
-119.834 172.586 443
-120.861 172.975 444
-121.618 172.975 444
-122.375 172.975 444
-123.409 173.365 445
-124.168 173.365 445
-124.926 173.365 445
-125.685 173.365 445
-126.444 173.365 445
-127.202 173.365 445
-152.438 198.298 509
-153.607 198.688 510
-154.477 198.688 510
-155.346 198.688 510
-156.215 198.688 510
-157.085 198.688 510
-157.954 198.688 510
-158.824 198.688 510
-159.693 198.688 510
-160.877 199.077 511
-161.749 199.077 511
-162.62 199.077 511
-163.491 199.077 511
-164.684 199.467 512
-165.556 199.467 512
-166.429 199.467 512
-168.282 200.636 515
-169.817 201.415 517
-170.699 201.415 517
-171.58 201.415 517
-887.317 906.561 2327
-891.284 906.561 2327
-895.251 906.561 2327
-895.354 902.665 2317
-899.304 902.665 2317
-899.355 898.769 2307
-903.288 898.769 2307
-904.861 896.432 2301
-907.599 895.263 2298
-906.36 890.199 2285
-910.255 890.199 2285
-912.951 889.03 2282
-912.02 884.355 2270
-914.679 883.186 2267
-918.544 883.186 2267
-922.408 883.186 2267
-923.821 880.849 2261
-926.035 879.29 2257
-929.882 879.29 2257
-932.489 878.121 2254
-935.085 876.953 2251
-936.42 874.615 2245
-940.247 874.615 2245
-941.551 872.278 2239
-937.768 865.265 2221
-936.891 860.98 2210
-940.658 860.98 2210
-941.862 858.642 2204
-941.758 855.136 2195
-942.915 852.799 2189
-946.647 852.799 2189
-949.076 851.63 2186
-950.623 849.682 2181
-954.341 849.682 2181
-958.059 849.682 2181
-959.131 847.344 2175
-961.511 846.176 2172
-962.992 844.228 2167
-966.686 844.228 2167
-966.35 840.721 2158
-968.68 839.553 2155
-968.744 836.436 2147
-972.405 836.436 2147
-973.792 834.488 2142
-977.443 834.488 2142
-978.347 832.151 2136
-981.988 832.151 2136
-984.245 830.982 2133
-987.881 830.982 2133
-991.517 830.982 2133
-995.154 830.982 2133
-995.044 827.865 2125
-998.666 827.865 2125
-999.931 825.917 2120
-1003.54 825.917 2120
-1005.73 824.749 2117
-1006.96 822.801 2112
-1010.56 822.801 2112
-1014.16 822.801 2112
-1014.87 820.463 2106
-1018.46 820.463 2106
-1022.05 820.463 2106
-1025.64 820.463 2106
-1028.25 819.684 2104
-1028.9 817.346 2098
-1031.49 816.567 2096
-1035.06 816.567 2096
-1037.15 815.399 2093
-1039.72 814.619 2091
-1043.29 814.619 2091
-1046.85 814.619 2091
-1047.4 812.282 2085
-1047.43 809.555 2078
-1047.94 807.217 2072
-1051.47 807.217 2072
-1052.45 805.269 2067
-1053.42 803.321 2062
-1055.91 802.542 2060
-1059.43 802.542 2060
1856.13 1511.95 3898
1849.48 1511.95 3898
1842.84 1511.95 3898
1819.23 1497.98 3862
1812.65 1497.98 3862
1806.07 1497.98 3862
1778.98 1480.92 3818
1772.47 1480.92 3818
1737.75 1457.26 3757
1712.45 1441.35 3716
1706.12 1441.35 3716
1684.69 1428.55 3683
1674.76 1425.45 3675
1660.78 1418.86 3658
1654.54 1418.86 3658
1623.52 1397.52 3603
1617.38 1397.52 3603
1604.53 1391.7 3588
1601.53 1394.42 3595
1595.4 1394.42 3595
1606.96 1409.93 3635
1643.48 1447.56 3732
1652.03 1460.75 3766
1645.61 1460.75 3766
1642.67 1463.85 3774
1674.39 1497.98 3862
1667.81 1497.98 3862
1661.22 1497.98 3862
1654.64 1497.98 3862
1640.38 1491 3844
1633.82 1491 3844
1627.27 1491 3844
1651.07 1518.93 3916
1648.18 1522.42 3925
1641.49 1522.42 3925
1634.79 1522.42 3925
1643.87 1537.16 3963
1644.96 1544.53 3982
1638.17 1544.53 3982
1646.95 1559.27 4020
1656.01 1574.39 4059
1649.09 1574.39 4059
1642.17 1574.39 4059
1635.25 1574.39 4059
1624.32 1570.52 4049
1617.42 1570.52 4049
1610.51 1570.52 4049
1592.13 1559.27 4020
1585.27 1559.27 4020
1585.88 1566.64 4039
1578.99 1566.64 4039
1579.89 1574.39 4059
1572.97 1574.39 4059
1569.91 1578.27 4069
1562.98 1578.27 4069
1559.86 1582.15 4079
1556.72 1586.03 4089
1549.75 1586.03 4089
1542.78 1586.03 4089
1528.29 1578.27 4069
1521.36 1578.27 4069
1514.42 1578.27 4069
1507.48 1578.27 4069
1500.55 1578.27 4069
1493.61 1578.27 4069
1486.67 1578.27 4069
1468.83 1566.64 4039
1458.68 1563.15 4030
1444.61 1555.39 4010
1430.96 1548.02 3991
1424.16 1548.02 3991
1387.52 1515.44 3907
1364.96 1497.98 3862
1333.75 1470.83 3792
1327.29 1470.83 3792
1305.85 1454.15 3749
1311.24 1467.34 3783
1313.76 1477.43 3809
1307.26 1477.43 3809
1300.77 1477.43 3809
1294.28 1477.43 3809
1275.95 1463.85 3774
1269.52 1463.85 3774
1254.72 1454.15 3749
1245.33 1450.66 3740
1238.95 1450.66 3740
1232.58 1450.66 3740
1212.76 1434.76 3699
1225.37 1457.26 3757
1224.48 1463.85 3774
1226.44 1473.93 3800
1219.96 1473.93 3800
1216.36 1477.43 3809
1209.86 1477.43 3809
1203.37 1477.43 3809
1196.88 1477.43 3809
1193.2 1480.92 3818
1189.17 1484.02 3826
1182.65 1484.02 3826
1176.13 1484.02 3826
1161.66 1473.93 3800
1144.84 1460.75 3766
1140.84 1463.85 3774
1134.41 1463.85 3774
1127.98 1463.85 3774
1121.54 1463.85 3774
1115.11 1463.85 3774
1106.32 1460.75 3766
1099.9 1460.75 3766
1090.87 1457.26 3757
1084.47 1457.26 3757
1070.89 1447.56 3732
1064.53 1447.56 3732
1055.9 1444.46 3724
1049.55 1444.46 3724
1043.2 1444.46 3724
1041.3 1450.66 3740
1037.42 1454.15 3749
1031.03 1454.15 3749
1024.64 1454.15 3749
1013.63 1447.56 3732
1007.27 1447.56 3732
1000.9 1447.56 3732
994.542 1447.56 3732
988.18 1447.56 3732
981.818 1447.56 3732
975.456 1447.56 3732
969.094 1447.56 3732
958.604 1441.35 3716
947.913 1434.76 3699
941.607 1434.76 3699
931.255 1428.55 3683
924.977 1428.55 3683
920.694 1431.66 3691
914.402 1431.66 3691
908.109 1431.66 3691
899.862 1428.55 3683
893.584 1428.55 3683
887.305 1428.55 3683
877.199 1422.35 3667
866.91 1415.75 3650
860.688 1415.75 3650
862.191 1428.55 3683
855.912 1428.55 3683
849.634 1428.55 3683
843.355 1428.55 3683
837.077 1428.55 3683
830.798 1428.55 3683
822.729 1425.45 3675
816.464 1425.45 3675
810.199 1425.45 3675
802.184 1422.35 3667
797.669 1425.45 3675
791.404 1425.45 3675
786.848 1428.55 3683
780.569 1428.55 3683
774.291 1428.55 3683
766.344 1425.45 3675
760.079 1425.45 3675
753.814 1425.45 3675
747.549 1425.45 3675
742.898 1428.55 3683
736.619 1428.55 3683
730.341 1428.55 3683
724.062 1428.55 3683
717.784 1428.55 3683
711.505 1428.55 3683
702.163 1422.35 3667
694.203 1418.86 3658
687.967 1418.86 3658
683.409 1422.35 3667
677.157 1422.35 3667
670.906 1422.35 3667
664.655 1422.35 3667
658.403 1422.35 3667
652.152 1422.35 3667
644.316 1418.86 3658
635.289 1412.65 3642
629.08 1412.65 3642
620.306 1406.83 3627
612.768 1403.73 3619
606.599 1403.73 3619
600.429 1403.73 3619
591.633 1397.52 3603
585.49 1397.52 3603
579.348 1397.52 3603
571.933 1394.42 3595
565.805 1394.42 3595
559.676 1394.42 3595
553.547 1394.42 3595
546.353 1391.7 3588
540.236 1391.7 3588
532.929 1388.6 3580
524.618 1382.78 3565
517.377 1379.68 3557
511.314 1379.68 3557
504.113 1376.58 3549
495.958 1370.76 3534
489.934 1370.76 3534
483.909 1370.76 3534
477.885 1370.76 3534
469.991 1365.33 3520
463.99 1365.33 3520
457.989 1365.33 3520
449.035 1356.41 3497
443.074 1356.41 3497
436.237 1353.69 3490
430.288 1353.69 3490
422.636 1348.26 3476
415.751 1345.16 3468
409.839 1345.16 3468
404.859 1348.26 3476
398.933 1348.26 3476
394.59 1353.69 3490
391.091 1362.23 3512
385.103 1362.23 3512
379.116 1362.23 3512
373.129 1362.23 3512
367.142 1362.23 3512
361.155 1362.23 3512
353.651 1356.41 3497
-18.6365 171.83 443
-19.3917 171.83 443
-20.1469 171.83 443
-20.9022 171.83 443
-21.6574 171.83 443
-22.362 171.442 442
-23.1155 171.442 442
-24.0097 167.175 431
-24.7444 167.175 431
-25.4792 167.175 431
-26.2139 167.175 431
-26.6986 165.624 427
-27.2338 164.46 424
-27.9566 164.46 424
-28.6794 164.46 424
-29.3329 164.072 423
-29.983 163.684 422
-30.6296 163.296 421
-31.3473 163.296 421
-32.065 163.296 421
-32.7048 162.909 420
-33.4208 162.909 420
-34.1368 162.909 420
-34.7698 162.521 419
-35.4841 162.521 419
-36.112 162.133 418
-36.8246 162.133 418
-37.4474 161.745 417
-38.0668 161.357 416
-38.6827 160.969 415
-39.3902 160.969 415
-40.001 160.581 414
-40.6085 160.193 413
-41.3125 160.193 413
-41.9149 159.806 412
-42.6172 159.806 412
-43.3196 159.806 412
-43.9151 159.418 411
-44.6157 159.418 411
-45.3164 159.418 411
-45.9051 159.03 410
-46.4904 158.642 409
-47.0722 158.254 408
-47.7678 158.254 408
-48.4633 158.254 408
-49.1588 158.254 408
-49.7322 157.866 407
-50.426 157.866 407
-51.1198 157.866 407
-51.6864 157.478 406
-52.2495 157.09 405
-52.9399 157.09 405
-53.6303 157.09 405
-54.3208 157.09 405
-54.8754 156.703 404
-55.289 155.927 402
-55.9743 155.927 402
-56.6596 155.927 402
-57.3449 155.927 402
-58.0302 155.927 402
-58.7155 155.927 402
-59.4008 155.927 402
-59.9367 155.539 401
-60.6203 155.539 401
-61.4568 155.927 402
-62.1421 155.927 402
-62.8274 155.927 402
-63.8287 156.703 404
-64.5174 156.703 404
-65.2061 156.703 404
-65.8948 156.703 404
-66.5836 156.703 404
-67.2723 156.703 404
-67.961 156.703 404
-68.6497 156.703 404
-69.3384 156.703 404
-70.0271 156.703 404
-70.8909 157.09 405
-71.5813 157.09 405
-72.4502 157.478 406
-73.1423 157.478 406
-73.8345 157.478 406
-74.5266 157.478 406
-75.2187 157.478 406
-75.9108 157.478 406
-76.603 157.478 406
-77.2951 157.478 406
-78.1793 157.866 407
-78.8731 157.866 407
-79.7625 158.254 408
-80.6552 158.642 409
-81.5514 159.03 410
-82.2503 159.03 410
-83.1516 159.418 411
-84.0562 159.806 412
-84.7586 159.806 412
-85.4609 159.806 412
-86.1633 159.806 412
-86.8657 159.806 412
-87.568 159.806 412
-88.2704 159.806 412
-89.1887 160.193 413
-89.8927 160.193 413
-90.5968 160.193 413
-91.3009 160.193 413
-92.2277 160.581 414
-92.9335 160.581 414
-93.6392 160.581 414
-101.627 167.951 433
-102.366 167.951 433
-103.104 167.951 433
-103.842 167.951 433
-104.58 167.951 433
-105.318 167.951 433
-106.056 167.951 433
-106.795 167.951 433
-107.781 168.339 434
-108.521 168.339 434
-109.261 168.339 434
-110.508 169.115 436
-111.251 169.115 436
-112.508 169.89 438
-113.513 170.278 439
-114.522 170.666 440
-115.272 170.666 440
-116.286 171.054 441
-117.303 171.442 442
-118.323 171.83 443
-119.079 171.83 443
-119.834 171.83 443
-120.861 172.218 444
-121.618 172.218 444
-122.651 172.605 445
-123.409 172.605 445
-124.168 172.605 445
-124.926 172.605 445
-125.685 172.605 445
-126.444 172.605 445
-127.202 172.605 445
-152.438 197.43 509
-153.607 197.818 510
-154.477 197.818 510
-155.346 197.818 510
-156.215 197.818 510
-157.085 197.818 510
-157.954 197.818 510
-158.824 197.818 510
-160.006 198.205 511
-160.877 198.205 511
-161.749 198.205 511
-162.62 198.205 511
-163.491 198.205 511
-164.684 198.593 512
-165.556 198.593 512
-166.429 198.593 512
-168.282 199.757 515
-169.817 200.533 517
-170.699 200.533 517
-171.58 200.533 517
-887.317 902.591 2327
-891.284 902.591 2327
-895.251 902.591 2327
-895.354 898.712 2317
-899.304 898.712 2317
-900.914 896.385 2311
-904.854 896.385 2311
-904.861 892.506 2301
-907.599 891.343 2298
-906.36 886.3 2285
-910.255 886.3 2285
-914.151 886.3 2285
-912.02 880.482 2270
-914.679 879.318 2267
-918.544 879.318 2267
-921.188 878.155 2264
-922.187 875.44 2257
-926.035 875.44 2257
-929.882 875.44 2257
-930.006 871.949 2248
-933.839 871.949 2248
-935.168 869.621 2242
-938.99 869.621 2242
-939.028 866.13 2233
-937.768 861.476 2221
-935.619 856.046 2207
-939.381 856.046 2207
-939.298 852.555 2198
-940.47 850.228 2192
-940.761 847.125 2184
-944.484 847.125 2184
-946.905 845.961 2181
-950.623 845.961 2181
-951.716 843.634 2175
-955.424 843.634 2175
-957.808 842.47 2172
-960.183 841.306 2169
-962.992 840.531 2167
-966.686 840.531 2167
-966.35 837.04 2158
-968.68 835.876 2155
-968.744 832.773 2147
-972.405 832.773 2147
-973.792 830.834 2142
-977.443 830.834 2142
-978.347 828.506 2136
-981.988 828.506 2136
-984.245 827.343 2133
-987.881 827.343 2133
-991.517 827.343 2133
-995.154 827.343 2133
-995.044 824.24 2125
-998.666 824.24 2125
-999.931 822.3 2120
-1003.54 822.3 2120
-1005.73 821.137 2117
-1007.91 819.973 2114
-1010.56 819.197 2112
-1014.16 819.197 2112
-1014.87 816.87 2106
-1018.46 816.87 2106
-1021.08 816.094 2104
-1024.67 816.094 2104
-1025.32 813.767 2098
-1028.9 813.767 2098
-1031.49 812.991 2096
-1035.06 812.991 2096
-1037.15 811.828 2093
-1039.72 811.052 2091
-1043.29 811.052 2091
-1046.85 811.052 2091
-1047.4 808.725 2085
-1047.43 806.009 2078
-1047.94 803.682 2072
-1051.47 803.682 2072
-1051.44 800.967 2065
-1052.4 799.028 2060
-1054.38 797.864 2057
-1057.88 797.864 2057
1878.03 1523.06 3944
1871.31 1523.06 3944
1864.58 1523.06 3944
1857.86 1523.06 3944
1846.91 1519.58 3935
1840.21 1519.58 3935
1816.26 1505.3 3898
1792.9 1491.39 3862
1749.78 1460.89 3783
1727.66 1447.76 3749
1721.27 1447.76 3749
1714.88 1447.76 3749
1678.41 1422.27 3683
1672.13 1422.27 3683
1665.85 1422.27 3683
1648.31 1412.61 3658
1642.07 1412.61 3658
1635.83 1412.61 3658
1629.6 1412.61 3658
1623.36 1412.61 3658
1617.13 1412.61 3658
1643.48 1441.19 3732
1652.03 1454.32 3766
1645.61 1454.32 3766
1642.67 1457.41 3774
1674.39 1491.39 3862
1667.81 1491.39 3862
1661.22 1491.39 3862
1654.64 1491.39 3862
1646.95 1552.41 4020
1660.09 1571.33 4069
1653.15 1571.33 4069
1646.22 1571.33 4069
1639.28 1571.33 4069
1624.32 1563.61 4049
1617.42 1563.61 4049
1610.51 1563.61 4049
1592.13 1552.41 4020
1585.27 1552.41 4020
1585.88 1559.75 4039
1578.99 1559.75 4039
1579.89 1567.47 4059
1572.97 1567.47 4059
1569.91 1571.33 4069
1562.98 1571.33 4069
1559.86 1575.19 4079
1556.72 1579.05 4089
1549.75 1579.05 4089
1542.78 1579.05 4089
1528.29 1571.33 4069
1521.36 1571.33 4069
1514.42 1571.33 4069
1507.48 1571.33 4069
1500.55 1571.33 4069
1493.61 1571.33 4069
1486.67 1571.33 4069
1468.83 1559.75 4039
1458.68 1556.27 4030
1444.61 1548.55 4010
1437.77 1548.55 4010
1430.94 1548.55 4010
1407.41 1530.4 3963
1364.96 1491.39 3862
1333.75 1464.36 3792
1327.29 1464.36 3792
1305.85 1447.76 3749
1311.24 1460.89 3783
1313.76 1470.93 3809
1307.26 1470.93 3809
1300.77 1470.93 3809
1294.28 1470.93 3809
1275.95 1457.41 3774
1269.52 1457.41 3774
1254.72 1447.76 3749
1245.33 1444.28 3740
1238.95 1444.28 3740
1232.58 1444.28 3740
1212.76 1428.45 3699
1228.31 1454.32 3766
1224.48 1457.41 3774
1226.44 1467.45 3800
1219.96 1467.45 3800
1221.79 1477.49 3826
1215.26 1477.49 3826
1208.74 1477.49 3826
1199.7 1474.4 3818
1201.32 1484.44 3844
1194.77 1484.44 3844
1188.22 1484.44 3844
1181.66 1484.44 3844
1169.61 1477.49 3826
1150.01 1460.89 3783
1143.56 1460.89 3783
1137.11 1460.89 3783
1130.67 1460.89 3783
1124.22 1460.89 3783
1117.77 1460.89 3783
1108.67 1457.41 3774
1102.24 1457.41 3774
1090.87 1450.85 3757
1084.47 1450.85 3757
1073.18 1444.28 3740
1064.53 1441.19 3732
1058.16 1441.19 3732
1051.8 1441.19 3732
1045.44 1441.19 3732
1043.81 1447.76 3749
1039.63 1450.85 3757
1033.23 1450.85 3757
1026.82 1450.85 3757
1018.25 1447.76 3749
1007.27 1441.19 3732
1003.05 1444.28 3740
996.674 1444.28 3740
990.298 1444.28 3740
983.923 1444.28 3740
977.547 1444.28 3740
971.171 1444.28 3740
962.732 1441.19 3732
952.269 1435.01 3716
945.934 1435.01 3716
935.301 1428.45 3699
928.995 1428.45 3699
926.93 1435.01 3716
920.595 1435.01 3716
914.26 1435.01 3716
907.925 1435.01 3716
901.59 1435.01 3716
895.256 1435.01 3716
882.94 1425.36 3691
874.748 1422.27 3683
868.47 1422.27 3683
862.191 1422.27 3683
855.912 1422.27 3683
849.634 1422.27 3683
843.355 1422.27 3683
837.077 1422.27 3683
830.798 1422.27 3683
822.729 1419.18 3675
816.464 1419.18 3675
810.199 1419.18 3675
802.184 1416.09 3667
797.669 1419.18 3675
791.404 1419.18 3675
786.848 1422.27 3683
780.569 1422.27 3683
774.291 1422.27 3683
766.344 1419.18 3675
760.079 1419.18 3675
753.814 1419.18 3675
747.549 1419.18 3675
742.898 1422.27 3683
736.619 1422.27 3683
730.341 1422.27 3683
724.062 1422.27 3683
717.784 1422.27 3683
711.505 1422.27 3683
703.695 1419.18 3675
697.43 1419.18 3675
691.165 1419.18 3675
687.882 1425.36 3691
681.589 1425.36 3691
675.297 1425.36 3691
669.005 1425.36 3691
662.713 1425.36 3691
654.998 1422.27 3683
647.31 1419.18 3675
638.08 1412.61 3658
631.844 1412.61 3658
624.24 1409.53 3650
616.663 1406.44 3642
609.281 1403.73 3635
603.084 1403.73 3635
595.573 1400.64 3627
589.39 1400.64 3627
583.207 1400.64 3627
577.024 1400.64 3627
569.582 1397.55 3619
562.167 1394.46 3611
556.011 1394.46 3611
549.855 1394.46 3611
543.699 1394.46 3611
535.162 1388.29 3595
526.826 1382.49 3580
519.559 1379.4 3572
513.47 1379.4 3572
505.25 1373.61 3557
499.186 1373.61 3557
493.122 1373.61 3557
487.058 1373.61 3557
480.995 1373.61 3557
472.928 1367.82 3542
465.835 1364.73 3534
459.811 1364.73 3534
451.989 1359.32 3520
444.974 1356.23 3512
437.112 1350.44 3497
431.151 1350.44 3497
424.338 1347.74 3490
418.388 1347.74 3490
412.439 1347.74 3490
406.489 1347.74 3490
399.736 1345.04 3483
394.59 1347.74 3490
391.091 1356.23 3512
385.103 1356.23 3512
379.116 1356.23 3512
373.129 1356.23 3512
367.142 1356.23 3512
361.155 1356.23 3512
353.651 1350.44 3497
-18.5945 170.688 442
-19.348 170.688 442
-20.1015 170.688 442
-20.855 170.688 442
-21.6085 170.688 442
-22.362 170.688 442
-27.8247 162.964 422
-28.5441 162.964 422
-29.2636 162.964 422
-29.983 162.964 422
-30.6296 162.578 421
-31.3473 162.578 421
-31.9888 162.192 420
-32.7048 162.192 420
-33.3413 161.806 419
-34.0555 161.806 419
-34.7698 161.806 419
-35.3994 161.42 418
-36.112 161.42 418
-36.8246 161.42 418
-37.4474 161.033 417
-37.9753 160.261 415
-38.5895 159.875 414
-39.2953 159.875 414
-40.001 159.875 414
-40.6085 159.489 413
-41.2125 159.103 412
-41.9149 159.103 412
-42.6172 159.103 412
-43.3196 159.103 412
-43.9151 158.716 411
-44.5072 158.33 410
-45.2061 158.33 410
-45.9051 158.33 410
-46.3767 157.558 408
-47.0722 157.558 408
-47.7678 157.558 408
-48.4633 157.558 408
-49.0383 157.172 407
-49.7322 157.172 407
-50.426 157.172 407
-51.1198 157.172 407
-51.6864 156.786 406
-52.2495 156.399 405
-52.9399 156.399 405
-53.6303 156.399 405
-54.3208 156.399 405
-54.7395 155.627 403
-55.1515 154.855 401
-55.8351 154.855 401
-56.5187 154.855 401
-57.3449 155.241 402
-58.0302 155.241 402
-58.7155 155.241 402
-59.4008 155.241 402
-59.9367 154.855 401
-60.6203 154.855 401
-61.4568 155.241 402
-62.1421 155.241 402
-62.8274 155.241 402
-63.8287 156.013 404
-64.5174 156.013 404
-65.2061 156.013 404
-65.8948 156.013 404
-66.5836 156.013 404
-67.2723 156.013 404
-67.961 156.013 404
-68.6497 156.013 404
-69.5101 156.399 405
-70.2005 156.399 405
-70.8909 156.399 405
-71.7581 156.786 406
-72.4502 156.786 406
-73.1423 156.786 406
-73.8345 156.786 406
-74.5266 156.786 406
-75.2187 156.786 406
-75.9108 156.786 406
-76.603 156.786 406
-77.4855 157.172 407
-78.1793 157.172 407
-78.8731 157.172 407
-79.7625 157.558 408
-80.8524 158.33 410
-81.5514 158.33 410
-82.2503 158.33 410
-83.1516 158.716 411
-84.0562 159.103 412
-84.7586 159.103 412
-85.4609 159.103 412
-86.1633 159.103 412
-86.8657 159.103 412
-87.568 159.103 412
-88.4846 159.489 413
-89.1887 159.489 413
-89.8927 159.489 413
-90.5968 159.489 413
-91.5219 159.875 414
-92.2277 159.875 414
-92.9335 159.875 414
-93.6392 159.875 414
-101.627 167.212 433
-102.366 167.212 433
-103.104 167.212 433
-103.842 167.212 433
-104.58 167.212 433
-105.318 167.212 433
-106.056 167.212 433
-106.795 167.212 433
-107.781 167.598 434
-108.521 167.598 434
-109.513 167.985 435
-110.761 168.757 437
-111.506 168.757 437
-112.508 169.143 438
-113.513 169.529 439
-114.522 169.915 440
-115.272 169.915 440
-116.286 170.302 441
-117.303 170.688 442
-118.323 171.074 443
-119.079 171.074 443
-120.104 171.46 444
-120.861 171.46 444
-121.618 171.46 444
-122.651 171.846 445
-123.409 171.846 445
-124.168 171.846 445
-124.926 171.846 445
-125.685 171.846 445
-153.607 196.947 510
-154.477 196.947 510
-155.346 196.947 510
-156.215 196.947 510
-157.085 196.947 510
-157.954 196.947 510
-158.824 196.947 510
-160.006 197.334 511
-160.877 197.334 511
-161.749 197.334 511
-162.62 197.334 511
-163.491 197.334 511
-164.684 197.72 512
-165.556 197.72 512
-166.429 197.72 512
-168.282 198.878 515
-169.817 199.651 517
-170.699 199.651 517
-171.58 199.651 517
-885.792 897.076 2323
-889.752 897.076 2323
-893.712 897.076 2323
-895.354 894.759 2317
-898.139 893.601 2314
-900.914 892.442 2311
-904.854 892.442 2311
-904.861 888.58 2301
-906.414 886.263 2295
-906.36 882.402 2285
-910.255 882.402 2285
-914.151 882.402 2285
-912.02 876.609 2270
-914.679 875.451 2267
-918.544 875.451 2267
-918.339 871.589 2257
-920.961 870.43 2254
-923.573 869.272 2251
-927.41 869.272 2251
-930.006 868.113 2248
-931.346 865.796 2242
-931.414 862.321 2233
-935.221 862.321 2233
-936.505 860.004 2227
-934.39 854.597 2213
-931.804 848.805 2198
-935.551 848.805 2198
-936.734 846.488 2192
-937.038 843.398 2184
-939.469 842.24 2181
-943.187 842.24 2181
-944.3 839.923 2175
-948.008 839.923 2175
-950.403 838.764 2172
-954.106 838.764 2172
-956.485 837.606 2169
-959.298 836.833 2167
-961.659 835.675 2164
-965.348 835.675 2164
-966.35 833.358 2158
-967.781 831.427 2153
-968.744 829.11 2147
-972.405 829.11 2147
-973.792 827.179 2142
-977.443 827.179 2142
-978.347 824.862 2136
-981.988 824.862 2136
-984.245 823.704 2133
-987.881 823.704 2133
-990.588 822.931 2131
-994.221 822.931 2131
-995.044 820.614 2125
-998.666 820.614 2125
-999.931 818.683 2120
-1003.54 818.683 2120
-1005.73 817.525 2117
-1007.91 816.366 2114
-1010.56 815.594 2112
-1014.16 815.594 2112
-1014.87 813.277 2106
-1018.46 813.277 2106
-1021.08 812.505 2104
-1024.67 812.505 2104
-1025.32 810.188 2098
-1028.9 810.188 2098
-1031.49 809.415 2096
-1035.06 809.415 2096
-1037.15 808.257 2093
-1039.72 807.484 2091
-1043.29 807.484 2091
-1046.85 807.484 2091
-1047.4 805.167 2085
-1047.43 802.464 2078
-1047.94 800.147 2072
-1051.47 800.147 2072
-1051.44 797.444 2065
-1052.4 795.513 2060
-1054.38 794.355 2057
-1057.88 794.355 2057
1878.03 1516.33 3944
1902.62 1541.71 4010
1895.79 1541.71 4010
1888.95 1541.71 4010
1882.11 1541.71 4010
1875.28 1541.71 4010
1833.5 1512.87 3935
1809.61 1498.65 3898
1765.96 1467.89 3818
1759.46 1467.89 3818
1732.74 1450.97 3774
1726.31 1450.97 3774
1712.13 1444.44 3757
1702.09 1441.36 3749
1695.7 1441.36 3749
1659.57 1415.99 3683
1653.29 1415.99 3683
1643.44 1412.91 3675
1637.17 1412.91 3675
1630.91 1412.91 3675
1624.64 1412.91 3675
1621.9 1415.99 3683
1637.12 1434.82 3732
1630.75 1434.82 3732
1624.39 1434.82 3732
1660.09 1564.39 4069
1661.28 1572.08 4089
1654.31 1572.08 4089
1647.34 1572.08 4089
1632.34 1564.39 4069
1625.41 1564.39 4069
1614.49 1560.54 4059
1603.61 1556.7 4049
1596.71 1556.7 4049
1601.59 1568.23 4079
1594.63 1568.23 4079
1587.68 1568.23 4079
1580.72 1568.23 4079
1573.77 1568.23 4079
1566.82 1568.23 4079
1563.69 1572.08 4089
1556.72 1572.08 4089
1549.75 1572.08 4089
1542.78 1572.08 4089
1500.55 1564.39 4069
1497.28 1568.23 4079
1490.33 1568.23 4079
1483.37 1568.23 4079
1469.18 1560.54 4059
1451.81 1549.4 4030
1437.77 1541.71 4010
1430.94 1541.71 4010
1407.41 1523.64 3963
1364.96 1484.81 3862
1333.75 1457.89 3792
1327.29 1457.89 3792
1305.85 1441.36 3749
1311.24 1454.43 3783
1313.76 1464.43 3809
1307.26 1464.43 3809
1300.77 1464.43 3809
1294.28 1464.43 3809
1275.95 1450.97 3774
1269.52 1450.97 3774
1254.72 1441.36 3749
1245.33 1437.9 3740
1238.95 1437.9 3740
1232.58 1437.9 3740
1212.76 1422.14 3699
1228.31 1447.9 3766
1224.48 1450.97 3774
1226.44 1460.97 3800
1219.96 1460.97 3800
1221.79 1470.96 3826
1215.26 1470.96 3826
1214.43 1477.88 3844
1207.87 1477.88 3844
1212.57 1491.73 3880
1205.96 1491.73 3880
1199.34 1491.73 3880
1192.73 1491.73 3880
1175.11 1477.88 3844
1150.01 1454.43 3783
1146.28 1457.89 3792
1139.82 1457.89 3792
1133.36 1457.89 3792
1126.89 1457.89 3792
1120.43 1457.89 3792
1111.32 1454.43 3783
1104.87 1454.43 3783
1098.42 1454.43 3783
1091.97 1454.43 3783
1082.94 1450.97 3774
1066.81 1437.9 3740
1060.43 1437.9 3740
1054.06 1437.9 3740
1047.68 1437.9 3740
1046.04 1444.44 3757
1042.12 1447.9 3766
1035.7 1447.9 3766
1029.28 1447.9 3766
1022.86 1447.9 3766
1007.27 1434.82 3732
1003.05 1437.9 3740
996.674 1437.9 3740
990.298 1437.9 3740
983.923 1437.9 3740
977.547 1437.9 3740
971.171 1437.9 3740
964.795 1437.9 3740
952.269 1428.67 3716
945.934 1428.67 3716
937.324 1425.21 3707
933.265 1428.67 3716
926.93 1428.67 3716
920.595 1428.67 3716
914.26 1428.67 3716
909.88 1431.75 3724
903.532 1431.75 3724
897.183 1431.75 3724
888.921 1428.67 3716
878.548 1422.14 3699
870.356 1419.06 3691
864.064 1419.06 3691
857.772 1419.06 3691
853.325 1422.14 3699
847.019 1422.14 3699
840.713 1422.14 3699
832.603 1419.06 3691
826.31 1419.06 3691
818.241 1415.99 3683
811.962 1415.99 3683
805.684 1415.99 3683
802.878 1422.14 3699
796.572 1422.14 3699
790.266 1422.14 3699
783.96 1422.14 3699
775.973 1419.06 3691
769.68 1419.06 3691
763.388 1419.06 3691
755.455 1415.99 3683
749.176 1415.99 3683
744.512 1419.06 3691
738.219 1419.06 3691
731.927 1419.06 3691
725.635 1419.06 3691
719.343 1419.06 3691
713.05 1419.06 3691
705.226 1415.99 3683
697.43 1412.91 3675
691.165 1412.91 3675
687.882 1419.06 3691
681.589 1419.06 3691
675.297 1419.06 3691
669.005 1419.06 3691
662.713 1419.06 3691
654.998 1415.99 3683
647.31 1412.91 3675
638.08 1406.37 3658
631.844 1406.37 3658
624.24 1403.3 3650
616.663 1400.22 3642
609.281 1397.53 3635
603.084 1397.53 3635
595.573 1394.46 3627
589.39 1394.46 3627
583.207 1394.46 3627
577.024 1394.46 3627
569.582 1391.38 3619
562.167 1388.3 3611
556.011 1388.3 3611
549.855 1388.3 3611
543.699 1388.3 3611
535.162 1382.15 3595
529.033 1382.15 3595
522.905 1382.15 3595
515.77 1379.46 3588
507.38 1373.31 3572
501.291 1373.31 3572
495.202 1373.31 3572
489.112 1373.31 3572
483.023 1373.31 3572
474.931 1367.54 3557
466.89 1361.78 3542
460.852 1361.78 3542
453.786 1358.7 3534
446.875 1356.01 3527
439.987 1353.32 3520
433.986 1353.32 3520
427.013 1350.24 3512
420.187 1347.55 3505
414.212 1347.55 3505
408.236 1347.55 3505
400.54 1341.78 3490
394.59 1341.78 3490
391.091 1350.24 3512
385.103 1350.24 3512
379.116 1350.24 3512
373.129 1350.24 3512
367.142 1350.24 3512
361.155 1350.24 3512
353.651 1344.48 3497
-18.5945 169.934 442
-19.348 169.934 442
-20.1015 169.934 442
-20.855 169.934 442
-21.6085 169.934 442
-22.362 169.934 442
-23.0632 169.549 441
-27.8247 162.244 422
-28.5441 162.244 422
-29.2636 162.244 422
-29.983 162.244 422
-30.6296 161.86 421
-31.3473 161.86 421
-31.9888 161.475 420
-32.7048 161.475 420
-33.3413 161.091 419
-34.0555 161.091 419
-34.7698 161.091 419
-35.3994 160.706 418
-36.0256 160.322 417
-36.7365 160.322 417
-37.4474 160.322 417
-37.9753 159.553 415
-38.5895 159.169 414
-39.2953 159.169 414
-40.001 159.169 414
-40.6085 158.784 413
-41.2125 158.4 412
-41.9149 158.4 412
-42.6172 158.4 412
-43.3196 158.4 412
-43.9151 158.015 411
-44.5072 157.631 410
-45.2061 157.631 410
-45.7931 157.246 409
-46.3767 156.862 408
-47.0722 156.862 408
-47.7678 156.862 408
-48.4633 156.862 408
-49.0383 156.477 407
-49.7322 156.477 407
-50.426 156.477 407
-50.9942 156.093 406
-51.6864 156.093 406
-52.2495 155.708 405
-52.9399 155.708 405
-53.6303 155.708 405
-54.3208 155.708 405
-54.7395 154.94 403
-55.1515 154.171 401
-55.8351 154.171 401
-56.5187 154.171 401
-57.3449 154.555 402
-58.0302 154.555 402
-58.7155 154.555 402
-59.4008 154.555 402
-59.9367 154.171 401
-60.6203 154.171 401
-61.4568 154.555 402
-62.1421 154.555 402
-62.8274 154.555 402
-63.8287 155.324 404
-64.5174 155.324 404
-65.2061 155.324 404
-65.8948 155.324 404
-66.5836 155.324 404
-67.2723 155.324 404
-67.961 155.324 404
-68.6497 155.324 404
-69.5101 155.708 405
-70.2005 155.708 405
-70.8909 155.708 405
-71.7581 156.093 406
-72.4502 156.093 406
-73.1423 156.093 406
-73.8345 156.093 406
-74.5266 156.093 406
-75.2187 156.093 406
-75.9108 156.093 406
-76.603 156.093 406
-77.4855 156.477 407
-78.3714 156.862 408
-79.0669 156.862 408
-79.7625 156.862 408
-80.8524 157.631 410
-81.5514 157.631 410
-82.2503 157.631 410
-83.1516 158.015 411
-84.0562 158.4 412
-84.7586 158.4 412
-85.4609 158.4 412
-86.1633 158.4 412
-87.0765 158.784 413
-87.7806 158.784 413
-88.4846 158.784 413
-89.1887 158.784 413
-89.8927 158.784 413
-90.5968 158.784 413
-91.5219 159.169 414
-92.4505 159.553 415
-93.1579 159.553 415
-93.8654 159.553 415
-101.627 166.473 433
-102.366 166.473 433
-103.104 166.473 433
-103.842 166.473 433
-104.58 166.473 433
-105.318 166.473 433
-106.056 166.473 433
-107.041 166.858 434
-107.781 166.858 434
-108.521 166.858 434
-109.513 167.242 435
-110.761 168.011 437
-111.506 168.011 437
-112.508 168.396 438
-113.513 168.78 439
-114.522 169.165 440
-115.272 169.165 440
-116.286 169.549 441
-117.303 169.934 442
-118.323 170.318 443
-119.079 170.318 443
-120.104 170.703 444
-120.861 170.703 444
-121.618 170.703 444
-122.651 171.087 445
-123.409 171.087 445
-124.168 171.087 445
-124.926 171.087 445
-125.685 171.087 445
-153.607 196.077 510
-154.477 196.077 510
-155.346 196.077 510
-156.215 196.077 510
-157.085 196.077 510
-157.954 196.077 510
-158.824 196.077 510
-160.006 196.462 511
-160.877 196.462 511
-161.749 196.462 511
-162.62 196.462 511
-163.491 196.462 511
-164.684 196.846 512
-165.556 196.846 512
-166.429 196.846 512
-168.282 198 515
-169.817 198.769 517
-170.699 198.769 517
-171.58 198.769 517
-885.792 893.113 2323
-889.752 893.113 2323
-893.712 893.113 2323
-895.354 890.806 2317
-898.139 889.653 2314
-900.914 888.499 2311
-904.854 888.499 2311
-904.861 884.655 2301
-906.414 882.348 2295
-907.55 879.657 2288
-911.451 879.657 2288
-914.151 878.503 2285
-913.225 873.89 2273
-914.679 871.583 2267
-918.544 871.583 2267
-918.339 867.738 2257
-922.187 867.738 2257
-924.804 866.585 2254
-928.646 866.585 2254
-930.006 864.278 2248
-930.1 860.818 2239
-932.666 859.664 2236
-936.477 859.664 2236
-935.243 855.051 2224
-933.123 849.668 2210
-931.804 845.055 2198
-935.551 845.055 2198
-936.734 842.748 2192
-935.751 838.519 2181
-938.177 837.365 2178
-941.89 837.365 2178
-944.3 836.212 2175
-946.7 835.059 2172
-949.09 833.905 2169
-952.788 833.905 2169
-955.604 833.136 2167
-957.97 831.983 2164
-960.326 830.83 2161
-964.01 830.83 2161
-966.35 829.676 2158
-967.781 827.754 2153
-968.744 825.447 2147
-972.405 825.447 2147
-974.701 824.294 2144
-977.443 823.525 2142
-979.721 822.371 2139
-983.367 822.371 2139
-985.629 821.218 2136
-987.881 820.065 2133
-990.588 819.296 2131
-994.221 819.296 2131
-996.448 818.142 2128
-998.666 816.989 2125
-1000.87 815.835 2122
-1004.49 815.835 2122
-1005.73 813.913 2117
-1007.91 812.76 2114
-1011.52 812.76 2114
-1015.12 812.76 2114
-1014.87 809.684 2106
-1018.46 809.684 2106
-1021.08 808.915 2104
-1024.67 808.915 2104
-1025.32 806.608 2098
-1028.9 806.608 2098
-1031.49 805.839 2096
-1035.06 805.839 2096
-1037.15 804.686 2093
-1039.72 803.917 2091
-1043.29 803.917 2091
-1046.85 803.917 2091
-1047.4 801.61 2085
-1047.43 798.919 2078
-1047.94 796.612 2072
-1051.47 796.612 2072
-1051.44 793.921 2065
-1052.4 791.999 2060
-1054.38 790.845 2057
-1057.88 790.845 2057
1878.03 1509.6 3944
1902.62 1534.86 4010
1895.79 1534.86 4010
1888.95 1534.86 4010
1882.11 1534.86 4010
1875.28 1534.86 4010
1833.5 1506.16 3935
1809.61 1492 3898
1765.96 1461.37 3818
1759.46 1461.37 3818
1732.74 1444.53 3774
1726.31 1444.53 3774
1712.13 1438.03 3757
1702.09 1434.96 3749
1695.7 1434.96 3749
1659.57 1409.7 3683
1653.29 1409.7 3683
1643.44 1406.64 3675
1662.56 1428.46 3732
1656.2 1428.46 3732
1649.84 1428.46 3732
1625.42 1412.76 3691
1644.57 1434.96 3749
1638.18 1434.96 3749
1642.67 1444.53 3774
1682.2 1485.11 3880
1675.58 1485.11 3880
1684.45 1498.89 3916
1697.91 1516.87 3963
1699.27 1524.15 3982
1692.48 1524.15 3982
1685.69 1524.15 3982
1660.09 1557.45 4069
1661.28 1565.1 4089
1654.31 1565.1 4089
1647.34 1565.1 4089
1632.34 1557.45 4069
1625.41 1557.45 4069
1618.47 1557.45 4069
1603.61 1549.79 4049
1596.71 1549.79 4049
1605.51 1565.1 4089
1598.54 1565.1 4089
1591.57 1565.1 4089
1584.6 1565.1 4089
1577.63 1565.1 4089
1566.82 1561.27 4079
1563.69 1565.1 4089
1556.72 1565.1 4089
1549.75 1565.1 4089
1497.28 1561.27 4079
1490.33 1561.27 4079
1483.37 1561.27 4079
1469.18 1553.62 4059
1451.81 1542.52 4030
1444.94 1542.52 4030
1430.94 1534.86 4010
1407.41 1516.87 3963
1364.96 1478.22 3862
1327.42 1444.53 3774
1320.99 1444.53 3774
1305.85 1434.96 3749
1299.45 1434.96 3749
1310.65 1454.48 3800
1304.18 1454.48 3800
1297.7 1454.48 3800
1291.22 1454.48 3800
1270.2 1438.03 3757
1263.8 1438.03 3757
1251.7 1431.52 3740
1245.33 1431.52 3740
1231 1422.33 3716
1224.67 1422.33 3716
1212.76 1415.83 3699
1228.31 1441.47 3766
1224.48 1444.53 3774
1232.25 1461.37 3818
1225.74 1461.37 3818
1224.66 1467.88 3835
1218.12 1467.88 3835
1214.43 1471.33 3844
1207.87 1471.33 3844
1212.57 1485.11 3880
1205.96 1485.11 3880
1199.34 1485.11 3880
1192.73 1485.11 3880
1175.11 1471.33 3844
1150.01 1447.98 3783
1146.28 1451.42 3792
1139.82 1451.42 3792
1133.36 1451.42 3792
1126.89 1451.42 3792
1120.43 1451.42 3792
1111.32 1447.98 3783
1104.87 1447.98 3783
1098.42 1447.98 3783
1091.97 1447.98 3783
1082.94 1444.53 3774
1066.81 1431.52 3740
1060.43 1431.52 3740
1054.06 1431.52 3740
1047.68 1431.52 3740
1046.04 1438.03 3757
1042.12 1441.47 3766
1035.7 1441.47 3766
1029.28 1441.47 3766
1022.86 1441.47 3766
1011.85 1434.96 3749
1007.61 1438.03 3757
1001.2 1438.03 3757
997.183 1441.47 3766
990.763 1441.47 3766
984.343 1441.47 3766
971.171 1431.52 3740
964.795 1431.52 3740
958.42 1431.52 3740
952.044 1431.52 3740
939.6 1422.33 3716
933.265 1422.33 3716
928.925 1425.4 3724
922.577 1425.4 3724
916.229 1425.4 3724
909.88 1425.4 3724
903.532 1425.4 3724
897.183 1425.4 3724
890.835 1425.4 3724
882.586 1422.33 3716
874.129 1418.89 3707
867.809 1418.89 3707
861.49 1418.89 3707
857.247 1422.33 3716
850.912 1422.33 3716
844.577 1422.33 3716
836.212 1418.89 3707
828.101 1415.83 3699
821.796 1415.83 3699
817.253 1418.89 3707
810.934 1418.89 3707
804.614 1418.89 3707
798.295 1418.89 3707
791.975 1418.89 3707
785.656 1418.89 3707
779.336 1418.89 3707
773.017 1418.89 3707
766.697 1418.89 3707
760.378 1418.89 3707
754.058 1418.89 3707
747.739 1418.89 3707
741.419 1418.89 3707
735.1 1418.89 3707
728.78 1418.89 3707
722.461 1418.89 3707
716.141 1418.89 3707
708.29 1415.83 3699
700.466 1412.76 3691
694.174 1412.76 3691
690.863 1418.89 3707
684.544 1418.89 3707
678.224 1418.89 3707
669.005 1412.76 3691
662.713 1412.76 3691
656.42 1412.76 3691
648.719 1409.7 3683
641.045 1406.64 3675
634.78 1406.64 3675
627.147 1403.58 3667
619.372 1400.13 3658
611.795 1397.07 3650
605.573 1397.07 3650
598.037 1394.01 3642
590.69 1391.33 3635
583.207 1388.27 3627
577.024 1388.27 3627
570.841 1388.27 3627
564.658 1388.27 3627
558.475 1388.27 3627
552.292 1388.27 3627
546.108 1388.27 3627
538.734 1385.21 3619
529.033 1376.02 3595
522.905 1376.02 3595
515.77 1373.34 3588
507.38 1367.22 3572
501.291 1367.22 3572
495.202 1367.22 3572
489.112 1367.22 3572
483.023 1367.22 3572
474.931 1361.47 3557
466.89 1355.73 3542
460.852 1355.73 3542
453.786 1352.67 3534
446.875 1349.99 3527
439.987 1347.31 3520
433.986 1347.31 3520
427.013 1344.25 3512
420.187 1341.57 3505
414.212 1341.57 3505
408.236 1341.57 3505
400.54 1335.83 3490
394.59 1335.83 3490
391.091 1344.25 3512
385.103 1344.25 3512
379.116 1344.25 3512
373.129 1344.25 3512
367.142 1344.25 3512
361.155 1344.25 3512
353.651 1338.51 3497
-18.5945 169.18 442
-19.348 169.18 442
-20.1015 169.18 442
-20.855 169.18 442
-21.6085 169.18 442
-22.362 169.18 442
-23.0632 168.797 441
-27.8247 161.524 422
-28.5441 161.524 422
-29.2636 161.524 422
-29.983 161.524 422
-30.6296 161.142 421
-31.3473 161.142 421
-31.9888 160.759 420
-32.7048 160.759 420
-33.3413 160.376 419
-34.0555 160.376 419
-34.7698 160.376 419
-35.3994 159.993 418
-36.0256 159.611 417
-36.7365 159.611 417
-37.4474 159.611 417
-37.9753 158.845 415
-38.5895 158.462 414
-39.2953 158.462 414
-40.001 158.462 414
-40.6085 158.08 413
-41.2125 157.697 412
-41.9149 157.697 412
-42.6172 157.697 412
-43.2144 157.314 411
-43.8082 156.931 410
-44.3986 156.549 409
-45.0959 156.549 409
-45.6811 156.166 408
-46.3767 156.166 408
-47.0722 156.166 408
-47.7678 156.166 408
-48.3445 155.783 407
-49.0383 155.783 407
-49.7322 155.783 407
-50.426 155.783 407
-50.9942 155.4 406
-51.6864 155.4 406
-52.2495 155.017 405
-52.9399 155.017 405
-53.6303 155.017 405
-54.3208 155.017 405
-54.6037 153.869 402
-55.0139 153.104 400
-55.8351 153.486 401
-56.5187 153.486 401
-57.2023 153.486 401
-57.8859 153.486 401
-58.5695 153.486 401
-59.2531 153.486 401
-59.9367 153.486 401
-60.6203 153.486 401
-61.4568 153.869 402
-62.1421 153.869 402
-62.8274 153.869 402
-63.8287 154.635 404
-64.5174 154.635 404
-65.2061 154.635 404
-65.8948 154.635 404
-66.5836 154.635 404
-67.2723 154.635 404
-67.961 154.635 404
-68.6497 154.635 404
-69.5101 155.017 405
-70.2005 155.017 405
-71.0659 155.4 406
-71.7581 155.4 406
-72.4502 155.4 406
-73.1423 155.4 406
-73.8345 155.4 406
-74.5266 155.4 406
-75.2187 155.4 406
-75.9108 155.4 406
-76.603 155.4 406
-77.4855 155.783 407
-78.3714 156.166 408
-79.0669 156.166 408
-79.7625 156.166 408
-80.8524 156.931 410
-81.5514 156.931 410
-82.2503 156.931 410
-83.1516 157.314 411
-84.0562 157.697 412
-84.7586 157.697 412
-85.4609 157.697 412
-86.1633 157.697 412
-87.0765 158.08 413
-87.7806 158.08 413
-88.4846 158.08 413
-89.1887 158.08 413
-89.8927 158.08 413
-90.5968 158.08 413
-91.5219 158.462 414
-92.4505 158.845 415
-93.1579 158.845 415
-93.8654 158.845 415
-101.627 165.735 433
-102.366 165.735 433
-103.104 165.735 433
-103.842 165.735 433
-104.58 165.735 433
-105.318 165.735 433
-106.056 165.735 433
-107.041 166.118 434
-107.781 166.118 434
-108.521 166.118 434
-109.513 166.5 435
-110.761 167.266 437
-111.506 167.266 437
-112.765 168.031 439
-113.772 168.414 440
-114.522 168.414 440
-115.272 168.414 440
-116.286 168.797 441
-117.303 169.18 442
-118.323 169.562 443
-119.079 169.562 443
-120.104 169.945 444
-120.861 169.945 444
-121.618 169.945 444
-122.651 170.328 445
-123.409 170.328 445
-124.447 170.711 446
-125.207 170.711 446
-125.968 170.711 446
-126.728 170.711 446
-127.488 170.711 446
-153.607 195.207 510
-154.477 195.207 510
-155.346 195.207 510
-156.215 195.207 510
-157.085 195.207 510
-157.954 195.207 510
-158.824 195.207 510
-160.006 195.59 511
-161.192 195.973 512
-162.065 195.973 512
-162.938 195.973 512
-163.811 195.973 512
-164.362 195.59 511
-165.233 195.59 511
-166.104 195.59 511
-883.504 886.853 2317
-887.454 886.853 2317
-891.404 886.853 2317
-895.354 886.853 2317
-896.975 884.557 2311
-898.186 881.877 2304
-902.113 881.877 2304
-903.682 879.581 2298
-906.414 878.432 2295
-907.55 875.753 2288
-911.451 875.753 2288
-912.951 873.456 2282
-913.225 870.012 2273
-914.679 867.715 2267
-918.544 867.715 2267
-918.339 863.888 2257
-922.187 863.888 2257
-924.804 862.739 2254
-928.646 862.739 2254
-930.006 860.443 2248
-930.1 856.998 2239
-932.666 855.85 2236
-936.477 855.85 2236
-935.243 851.256 2224
-933.123 845.898 2210
-931.804 841.305 2198
-935.551 841.305 2198
-936.734 839.008 2192
-935.751 834.798 2181
-938.177 833.65 2178
-941.89 833.65 2178
-944.3 832.501 2175
-946.7 831.353 2172
-949.09 830.205 2169
-952.788 830.205 2169
-955.604 829.439 2167
-957.97 828.291 2164
-960.326 827.143 2161
-964.01 827.143 2161
-966.35 825.994 2158
-968.68 824.846 2155
-968.744 821.784 2147
-972.405 821.784 2147
-974.701 820.636 2144
-977.443 819.87 2142
-979.721 818.722 2139
-983.367 818.722 2139
-985.629 817.574 2136
-987.881 816.425 2133
-991.517 816.425 2133
-995.154 816.425 2133
-996.448 814.512 2128
-998.666 813.363 2125
-1000.87 812.215 2122
-1004.49 812.215 2122
-1005.73 810.301 2117
-1007.91 809.153 2114
-1011.52 809.153 2114
-1015.12 809.153 2114
-1014.87 806.091 2106
-1017.49 805.325 2104
-1021.08 805.325 2104
-1024.67 805.325 2104
-1025.32 803.029 2098
-1027.92 802.263 2096
-1030.01 801.115 2093
-1033.58 801.115 2093
-1036.16 800.349 2091
-1039.72 800.349 2091
-1041.79 799.201 2088
-1045.35 799.201 2088
-1047.4 798.053 2085
-1047.43 795.374 2078
-1047.94 793.077 2072
-1051.47 793.077 2072
-1051.44 790.398 2065
-1050.87 787.336 2057
-1053.35 786.57 2055
-1056.85 786.57 2055
1902.62 1528.02 4010
1895.79 1528.02 4010
1888.95 1528.02 4010
1882.11 1528.02 4010
1875.28 1528.02 4010
1833.5 1499.44 3935
1809.61 1485.35 3898
1765.96 1454.86 3818
1759.46 1454.86 3818
1732.74 1438.09 3774
1726.31 1438.09 3774
1712.13 1431.62 3757
1702.09 1428.57 3749
1695.7 1428.57 3749
1678.05 1419.04 3724
1668.11 1415.99 3716
1661.77 1415.99 3716
1662.56 1422.09 3732
1656.2 1422.09 3732
1649.84 1422.09 3732
1625.42 1406.47 3691
1644.57 1428.57 3749
1638.18 1428.57 3749
1642.67 1438.09 3774
1682.2 1478.49 3880
1675.58 1478.49 3880
1684.45 1492.2 3916
1697.91 1510.11 3963
1699.27 1517.35 3982
1692.48 1517.35 3982
1685.69 1517.35 3982
1661.28 1558.13 4089
1654.31 1558.13 4089
1647.34 1558.13 4089
1636.35 1554.32 4079
1629.4 1554.32 4079
1618.47 1550.51 4069
1603.61 1542.88 4049
1596.71 1542.88 4049
1605.51 1558.13 4089
1598.54 1558.13 4089
1591.57 1558.13 4089
1584.6 1558.13 4089
1577.63 1558.13 4089
1570.66 1558.13 4089
1563.69 1558.13 4089
1556.72 1558.13 4089
1549.75 1558.13 4089
1497.28 1554.32 4079
1493.98 1558.13 4089
1487.01 1558.13 4089
1480.04 1558.13 4089
1469.47 1554.32 4079
1462.51 1554.32 4079
1441.28 1539.07 4039
1414.16 1517.35 3982
1364.96 1471.63 3862
1327.42 1438.09 3774
1320.99 1438.09 3774
1297.14 1419.04 3724
1299.45 1428.57 3749
1301.69 1438.09 3774
1295.25 1438.09 3774
1288.82 1438.09 3774
1282.38 1438.09 3774
1270.2 1431.62 3757
1263.8 1431.62 3757
1246.35 1419.04 3724
1237.34 1415.99 3716
1222.72 1406.47 3691
1216.43 1406.47 3691
1210.14 1406.47 3691
1228.31 1435.05 3766
1227.4 1441.52 3783
1232.25 1454.86 3818
1225.74 1454.86 3818
1224.66 1461.34 3835
1218.12 1461.34 3835
1214.43 1464.77 3844
1207.87 1464.77 3844
1212.57 1478.49 3880
1205.96 1478.49 3880
1199.34 1478.49 3880
1192.73 1478.49 3880
1175.11 1464.77 3844
1150.01 1441.52 3783
1148.7 1448 3800
1142.22 1448 3800
1135.75 1448 3800
1129.27 1448 3800
1122.79 1448 3800
1111.32 1441.52 3783
1104.87 1441.52 3783
1098.42 1441.52 3783
1091.97 1441.52 3783
1082.94 1438.09 3774
1071.66 1431.62 3757
1060.43 1425.14 3740
1054.06 1425.14 3740
1047.68 1425.14 3740
1046.04 1431.62 3757
1042.12 1435.05 3766
1035.7 1435.05 3766
1029.28 1435.05 3766
1022.86 1435.05 3766
1011.85 1428.57 3749
1007.61 1431.62 3757
1001.2 1431.62 3757
997.183 1435.05 3766
990.763 1435.05 3766
984.343 1435.05 3766
971.171 1425.14 3740
964.795 1425.14 3740
958.42 1425.14 3740
952.044 1425.14 3740
939.6 1415.99 3716
933.265 1415.99 3716
928.925 1419.04 3724
922.577 1419.04 3724
916.229 1419.04 3724
909.88 1419.04 3724
903.532 1419.04 3724
897.183 1419.04 3724
890.835 1419.04 3724
882.586 1415.99 3716
874.129 1412.56 3707
871.789 1419.04 3724
865.441 1419.04 3724
860.938 1422.09 3732
854.576 1422.09 3732
848.213 1422.09 3732
840.047 1419.04 3724
833.698 1419.04 3724
827.35 1419.04 3724
821.001 1419.04 3724
814.653 1419.04 3724
810.041 1422.09 3732
803.679 1422.09 3732
797.316 1422.09 3732
790.954 1422.09 3732
784.592 1422.09 3732
776.562 1419.04 3724
770.213 1419.04 3724
763.865 1419.04 3724
757.516 1419.04 3724
751.168 1419.04 3724
746.42 1422.09 3732
740.057 1422.09 3732
733.695 1422.09 3732
725.774 1419.04 3724
719.426 1419.04 3724
713.077 1419.04 3724
706.729 1419.04 3724
700.38 1419.04 3724
694.032 1419.04 3724
686.206 1415.99 3716
679.871 1415.99 3716
673.536 1415.99 3716
667.201 1415.99 3716
657.843 1409.52 3699
650.128 1406.47 3691
641.045 1400.37 3675
634.78 1400.37 3675
628.515 1400.37 3675
620.896 1397.32 3667
613.136 1393.89 3658
606.9 1393.89 3658
599.35 1390.84 3650
591.828 1387.8 3642
584.494 1385.13 3635
578.297 1385.13 3635
570.841 1382.08 3627
565.903 1385.13 3635
559.707 1385.13 3635
553.51 1385.13 3635
547.313 1385.13 3635
539.925 1382.08 3627
531.388 1375.98 3611
525.232 1375.98 3611
516.776 1369.89 3595
509.653 1367.22 3588
503.537 1367.22 3588
497.42 1367.22 3588
490.208 1364.17 3580
484.105 1364.17 3580
476.934 1361.12 3572
470.844 1361.12 3572
460.852 1349.69 3542
454.813 1349.69 3542
447.762 1346.64 3534
440.862 1343.97 3527
434.849 1343.97 3527
427.986 1341.31 3520
421.026 1338.26 3512
414.212 1335.59 3505
408.236 1335.59 3505
400.54 1329.88 3490
394.59 1329.88 3490
390.311 1335.59 3505
385.103 1338.26 3512
379.116 1338.26 3512
373.129 1338.26 3512
367.142 1338.26 3512
361.155 1338.26 3512
-18.5945 168.425 442
-19.348 168.425 442
-20.1015 168.425 442
-20.855 168.425 442
-21.6085 168.425 442
-22.362 168.425 442
-23.0632 168.044 441
-28.4765 160.423 421
-29.1942 160.423 421
-29.9119 160.423 421
-30.6296 160.423 421
-31.3473 160.423 421
-31.9888 160.042 420
-32.7048 160.042 420
-33.3413 159.661 419
-34.0555 159.661 419
-34.7698 159.661 419
-35.3994 159.28 418
-36.0256 158.899 417
-36.7365 158.899 417
-37.4474 158.899 417
-37.9753 158.137 415
-38.5895 157.756 414
-39.2953 157.756 414
-39.9044 157.375 413
-40.6085 157.375 413
-41.2125 156.994 412
-41.9149 156.994 412
-42.6172 156.994 412
-43.2144 156.613 411
-43.8082 156.232 410
-44.3986 155.851 409
-45.0959 155.851 409
-45.6811 155.47 408
-46.3767 155.47 408
-47.0722 155.47 408
-47.7678 155.47 408
-48.3445 155.089 407
-49.0383 155.089 407
-49.7322 155.089 407
-50.426 155.089 407
-50.9942 154.708 406
-51.6864 154.708 406
-52.2495 154.327 405
-52.9399 154.327 405
-53.6303 154.327 405
-54.3208 154.327 405
-54.6037 153.183 402
-55.0139 152.421 400
-55.9743 153.183 402
-56.6596 153.183 402
-57.3449 153.183 402
-58.0302 153.183 402
-58.7155 153.183 402
-59.4008 153.183 402
-60.0862 153.183 402
-60.7715 153.183 402
-61.4568 153.183 402
-62.1421 153.183 402
-62.8274 153.183 402
-63.8287 153.945 404
-64.5174 153.945 404
-65.2061 153.945 404
-65.8948 153.945 404
-66.5836 153.945 404
-67.2723 153.945 404
-67.961 153.945 404
-68.6497 153.945 404
-69.5101 154.327 405
-70.2005 154.327 405
-71.0659 154.708 406
-71.7581 154.708 406
-72.4502 154.708 406
-73.1423 154.708 406
-73.8345 154.708 406
-74.5266 154.708 406
-75.2187 154.708 406
-75.9108 154.708 406
-76.603 154.708 406
-77.4855 155.089 407
-78.3714 155.47 408
-79.0669 155.47 408
-79.7625 155.47 408
-80.8524 156.232 410
-81.5514 156.232 410
-82.2503 156.232 410
-83.1516 156.613 411
-84.0562 156.994 412
-84.7586 156.994 412
-85.4609 156.994 412
-86.1633 156.994 412
-87.0765 157.375 413
-87.7806 157.375 413
-88.4846 157.375 413
-89.1887 157.375 413
-90.1104 157.756 414
-90.8162 157.756 414
-91.743 158.137 415
-92.4505 158.137 415
-93.1579 158.137 415
-93.8654 158.137 415
-101.627 164.996 433
-102.366 164.996 433
-103.104 164.996 433
-103.842 164.996 433
-104.58 164.996 433
-105.318 164.996 433
-106.056 164.996 433
-107.041 165.377 434
-107.781 165.377 434
-108.521 165.377 434
-109.513 165.758 435
-110.761 166.52 437
-111.506 166.52 437
-112.765 167.282 439
-113.772 167.663 440
-114.522 167.663 440
-115.272 167.663 440
-116.286 168.044 441
-117.303 168.425 442
-118.056 168.425 442
-119.079 168.807 443
-120.104 169.188 444
-121.133 169.569 445
-121.892 169.569 445
-122.651 169.569 445
-123.687 169.95 446
-124.447 169.95 446
-125.207 169.95 446
-126.25 170.331 447
-127.012 170.331 447
-127.774 170.331 447
-153.908 194.718 511
-154.78 194.718 511
-155.651 194.718 511
-156.522 194.718 511
-157.393 194.718 511
-158.264 194.718 511
-159.135 194.718 511
-160.633 195.48 513
-161.507 195.48 513
-162.382 195.48 513
-163.256 195.48 513
-164.131 195.48 513
-164.684 195.099 512
-165.556 195.099 512
-886.305 881.757 2314
-890.25 881.757 2314
-894.194 881.757 2314
-896.975 880.614 2311
-898.186 877.946 2304
-902.113 877.946 2304
-903.682 875.66 2298
-906.414 874.517 2295
-907.55 871.849 2288
-911.451 871.849 2288
-912.951 869.563 2282
-913.225 866.134 2273
-914.679 863.847 2267
-918.544 863.847 2267
-918.339 860.037 2257
-922.187 860.037 2257
-924.804 858.894 2254
-928.646 858.894 2254
-930.006 856.607 2248
-930.1 853.178 2239
-932.666 852.035 2236
-936.477 852.035 2236
-935.243 847.462 2224
-931.857 840.984 2207
-931.804 837.555 2198
-935.551 837.555 2198
-935.451 834.125 2189
-935.751 831.077 2181
-936.884 828.791 2175
-940.592 828.791 2175
-944.3 828.791 2175
-946.7 827.647 2172
-949.09 826.504 2169
-952.788 826.504 2169
-955.604 825.742 2167
-957.97 824.599 2164
-960.326 823.456 2161
-964.01 823.456 2161
-966.35 822.313 2158
-968.68 821.169 2155
-968.744 818.121 2147
-972.405 818.121 2147
-974.701 816.978 2144
-978.356 816.978 2144
-979.721 815.073 2139
-983.367 815.073 2139
-985.629 813.929 2136
-987.881 812.786 2133
-991.517 812.786 2133
-995.154 812.786 2133
-996.448 810.881 2128
-998.666 809.738 2125
-1000.87 808.595 2122
-1004.49 808.595 2122
-1005.73 806.689 2117
-1007.91 805.546 2114
-1011.52 805.546 2114
-1015.12 805.546 2114
-1014.87 802.498 2106
-1017.49 801.736 2104
-1021.08 801.736 2104
-1024.67 801.736 2104
-1024.34 798.687 2096
-1026.44 797.544 2093
-1029.03 796.782 2091
-1032.59 796.782 2091
-1036.16 796.782 2091
-1038.23 795.639 2088
-1040.29 794.496 2085
-1043.85 794.496 2085
-1046.4 793.734 2083
-1044.4 789.542 2072
-1046.92 788.78 2070
-1050.45 788.78 2070
-1049.91 785.732 2062
-1049.85 783.064 2055
-1050.28 780.778 2049
-1053.77 780.778 2049
1884.59 1506.77 3972
1877.82 1506.77 3972
1871.05 1506.77 3972
1851.14 1496.14 3944
1844.41 1496.14 3944
1824.64 1485.52 3916
1732.55 1415.72 3732
1726.19 1415.72 3732
1727.66 1422.17 3749
1721.27 1422.17 3749
1714.88 1422.17 3749
1708.48 1422.17 3749
1702.09 1422.17 3749
1695.7 1422.17 3749
1678.05 1412.69 3724
1668.11 1409.65 3716
1668.93 1415.72 3732
1662.56 1415.72 3732
1656.2 1415.72 3732
1649.84 1415.72 3732
1636.43 1409.65 3716
1644.57 1422.17 3749
1638.18 1422.17 3749
1642.67 1431.66 3774
1682.2 1471.87 3880
1675.58 1471.87 3880
1684.45 1485.52 3916
1697.91 1503.35 3963
1699.27 1510.56 3982
1692.48 1510.56 3982
1685.69 1510.56 3982
1661.28 1551.15 4089
1654.31 1551.15 4089
1647.34 1551.15 4089
1636.35 1547.36 4079
1629.4 1547.36 4079
1618.47 1543.56 4069
1603.61 1535.98 4049
1596.71 1535.98 4049
1605.51 1551.15 4089
1598.54 1551.15 4089
1591.57 1551.15 4089
1584.6 1551.15 4089
1577.63 1551.15 4089
1570.66 1551.15 4089
1563.69 1551.15 4089
1556.72 1551.15 4089
1549.75 1551.15 4089
1497.28 1547.36 4079
1493.98 1551.15 4089
1487.01 1551.15 4089
1480.04 1551.15 4089
1473.07 1551.15 4089
1466.1 1551.15 4089
1459.13 1551.15 4089
1420.9 1517.77 4001
1407.37 1510.56 3982
1400.58 1510.56 3982
1320.99 1431.66 3774
1299.92 1415.72 3732
1302.23 1425.21 3757
1304.79 1435.07 3783
1301.43 1438.48 3792
1294.97 1438.48 3792
1288.5 1438.48 3792
1270.2 1425.21 3757
1263.8 1425.21 3757
1246.35 1412.69 3724
1237.34 1409.65 3716
1222.72 1400.17 3691
1216.43 1400.17 3691
1210.14 1400.17 3691
1228.31 1428.62 3766
1227.4 1435.07 3783
1232.25 1448.35 3818
1225.74 1448.35 3818
1224.66 1454.8 3835
1218.12 1454.8 3835
1214.43 1458.21 3844
1207.87 1458.21 3844
1209.76 1468.45 3871
1203.16 1468.45 3871
1196.56 1468.45 3871
1189.96 1468.45 3871
1175.11 1458.21 3844
1150.01 1435.07 3783
1148.7 1441.52 3800
1142.22 1441.52 3800
1135.75 1441.52 3800
1129.27 1441.52 3800
1122.79 1441.52 3800
1113.96 1438.48 3792
1109.83 1441.52 3800
1105.97 1444.93 3809
1099.48 1444.93 3809
1092.98 1444.93 3809
1076.51 1431.66 3774
1067.8 1428.62 3766
1061.38 1428.62 3766
1052.44 1425.21 3757
1050.77 1431.66 3774
1049.32 1438.48 3792
1042.85 1438.48 3792
1036.39 1438.48 3792
1029.92 1438.48 3792
1021.03 1435.07 3783
1014.58 1435.07 3783
1008.13 1435.07 3783
1001.68 1435.07 3783
995.235 1435.07 3783
988.786 1435.07 3783
980 1431.66 3774
971.502 1428.62 3766
960.726 1422.17 3749
954.335 1422.17 3749
947.944 1422.17 3749
941.553 1422.17 3749
937.157 1425.21 3757
930.752 1425.21 3757
924.348 1425.21 3757
917.943 1425.21 3757
911.538 1425.21 3757
905.133 1425.21 3757
892.748 1415.72 3732
886.386 1415.72 3732
878.138 1412.69 3724
871.789 1412.69 3724
865.441 1412.69 3724
860.938 1415.72 3732
854.576 1415.72 3732
848.213 1415.72 3732
840.047 1412.69 3724
833.698 1412.69 3724
827.35 1412.69 3724
821.001 1412.69 3724
814.653 1412.69 3724
810.041 1415.72 3732
803.679 1415.72 3732
797.316 1415.72 3732
790.954 1415.72 3732
784.592 1415.72 3732
776.562 1412.69 3724
770.213 1412.69 3724
763.865 1412.69 3724
757.516 1412.69 3724
751.168 1412.69 3724
746.42 1415.72 3732
740.057 1415.72 3732
733.695 1415.72 3732
725.774 1412.69 3724
720.971 1415.72 3732
714.609 1415.72 3732
708.247 1415.72 3732
701.885 1415.72 3732
695.523 1415.72 3732
689.16 1415.72 3732
682.798 1415.72 3732
674.986 1412.69 3724
668.638 1412.69 3724
662.289 1412.69 3724
651.537 1403.2 3699
643.836 1400.17 3691
637.544 1400.17 3691
628.515 1394.1 3675
622.25 1394.1 3675
614.644 1391.07 3667
608.393 1391.07 3667
600.664 1387.65 3658
593.128 1384.62 3650
585.619 1381.58 3642
579.41 1381.58 3642
572.1 1378.93 3635
566.993 1381.58 3642
560.784 1381.58 3642
554.576 1381.58 3642
548.367 1381.58 3642
539.925 1375.89 3627
532.565 1372.86 3619
526.396 1372.86 3619
519.076 1369.82 3611
510.647 1363.75 3595
503.537 1361.1 3588
497.42 1361.1 3588
491.303 1361.1 3588
485.187 1361.1 3588
478.002 1358.06 3580
471.899 1358.06 3580
462.803 1349.34 3557
454.813 1343.65 3542
448.775 1343.65 3542
442.737 1343.65 3542
435.712 1340.61 3534
428.837 1337.96 3527
421.985 1335.3 3520
414.212 1329.61 3505
408.236 1329.61 3505
400.54 1323.92 3490
393.799 1321.27 3483
388.641 1323.92 3490
383.459 1326.58 3497
377.497 1326.58 3497
371.536 1326.58 3497
364.842 1323.92 3490
358.893 1323.92 3490
-18.5945 167.671 442
-19.348 167.671 442
-20.1015 167.671 442
-20.855 167.671 442
-21.6085 167.671 442
-22.3114 167.292 441
-23.0632 167.292 441
-23.815 167.292 441
-24.5668 167.292 441
-28.4765 159.705 421
-29.1942 159.705 421
-29.9119 159.705 421
-30.6296 159.705 421
-31.3473 159.705 421
-31.9888 159.326 420
-32.7048 159.326 420
-33.3413 158.946 419
-34.0555 158.946 419
-34.7698 158.946 419
-35.3994 158.567 418
-36.0256 158.188 417
-36.7365 158.188 417
-37.3576 157.808 416
-37.9753 157.429 415
-38.4963 156.67 413
-39.2004 156.67 413
-39.9044 156.67 413
-40.5102 156.291 412
-41.2125 156.291 412
-41.8131 155.912 411
-42.5138 155.912 411
-43.2144 155.912 411
-43.7014 155.153 409
-44.3986 155.153 409
-45.0959 155.153 409
-45.6811 154.774 408
-46.3767 154.774 408
-46.9569 154.394 407
-47.6507 154.394 407
-48.3445 154.394 407
-49.0383 154.394 407
-49.7322 154.394 407
-50.426 154.394 407
-50.9942 154.015 406
-51.6864 154.015 406
-52.2495 153.636 405
-52.9399 153.636 405
-53.6303 153.636 405
-54.3208 153.636 405
-54.4679 152.118 401
-55.0139 151.739 400
-55.9743 152.497 402
-56.6596 152.497 402
-57.3449 152.497 402
-58.0302 152.497 402
-58.7155 152.497 402
-59.4008 152.497 402
-60.0862 152.497 402
-60.7715 152.497 402
-61.4568 152.497 402
-62.1421 152.497 402
-62.9837 152.877 403
-63.8287 153.256 404
-64.5174 153.256 404
-65.2061 153.256 404
-65.8948 153.256 404
-66.5836 153.256 404
-67.2723 153.256 404
-67.961 153.256 404
-68.8196 153.636 405
-69.5101 153.636 405
-70.2005 153.636 405
-71.0659 154.015 406
-71.7581 154.015 406
-72.4502 154.015 406
-73.1423 154.015 406
-73.8345 154.015 406
-74.5266 154.015 406
-75.2187 154.015 406
-75.9108 154.015 406
-76.7916 154.394 407
-77.4855 154.394 407
-78.3714 154.774 408
-79.0669 154.774 408
-79.958 155.153 409
-80.8524 155.532 410
-81.5514 155.532 410
-82.4509 155.912 411
-83.3539 156.291 412
-84.0562 156.291 412
-84.7586 156.291 412
-85.4609 156.291 412
-86.3724 156.67 413
-87.0765 156.67 413
-87.7806 156.67 413
-88.4846 156.67 413
-89.4046 157.05 414
-90.1104 157.05 414
-90.8162 157.05 414
-91.743 157.429 415
-92.6732 157.808 416
-93.3824 157.808 416
-94.0916 157.808 416
-101.627 164.257 433
-102.366 164.257 433
-103.104 164.257 433
-103.842 164.257 433
-104.58 164.257 433
-105.318 164.257 433
-106.056 164.257 433
-107.041 164.637 434
-107.781 164.637 434
-108.771 165.016 435
-109.513 165.016 435
-111.014 166.154 438
-111.761 166.154 438
-112.765 166.533 439
-113.772 166.913 440
-114.782 167.292 441
-115.534 167.292 441
-116.286 167.292 441
-117.568 168.051 443
-118.323 168.051 443
-119.079 168.051 443
-120.104 168.43 444
-121.133 168.809 445
-121.892 168.809 445
-122.651 168.809 445
-123.687 169.189 446
-124.447 169.189 446
-125.207 169.189 446
-126.25 169.568 447
-127.012 169.568 447
-127.774 169.568 447
-153.908 193.846 511
-154.78 193.846 511
-155.651 193.846 511
-156.522 193.846 511
-157.393 193.846 511
-158.264 193.846 511
-159.135 193.846 511
-160.633 194.605 513
-162.452 195.743 516
-163.331 195.743 516
-164.211 195.743 516
-165.09 195.743 516
-165.97 195.743 516
-166.85 195.743 516
-885.156 876.671 2311
-889.095 876.671 2311
-893.035 876.671 2311
-895.422 875.154 2307
-895.847 871.739 2298
-899.764 871.739 2298
-902.502 870.601 2295
-903.65 867.946 2288
-905.17 865.67 2282
-909.06 865.67 2282
-911.75 864.532 2279
-912.02 861.118 2270
-914.679 859.98 2267
-918.544 859.98 2267
-918.339 856.186 2257
-920.961 855.048 2254
-924.804 855.048 2254
-928.646 855.048 2254
-930.006 852.772 2248
-930.1 849.358 2239
-928.912 844.806 2227
-932.708 844.806 2227
-935.243 843.668 2224
-931.857 837.219 2207
-930.532 832.667 2195
-934.274 832.667 2195
-935.451 830.391 2189
-935.751 827.356 2181
-936.884 825.08 2175
-940.592 825.08 2175
-942.997 823.942 2172
-945.393 822.804 2169
-948.215 822.045 2167
-951.909 822.045 2167
-955.604 822.045 2167
-956.642 819.769 2161
-960.326 819.769 2161
-964.01 819.769 2161
-966.35 818.631 2158
-968.68 817.493 2155
-968.744 814.458 2147
-972.405 814.458 2147
-974.701 813.32 2144
-978.356 813.32 2144
-979.721 811.423 2139
-983.367 811.423 2139
-985.629 810.285 2136
-987.881 809.147 2133
-991.517 809.147 2133
-995.154 809.147 2133
-996.448 807.25 2128
-998.666 806.112 2125
-1000.87 804.974 2122
-1004.49 804.974 2122
-1005.73 803.078 2117
-1007.91 801.94 2114
-1010.56 801.181 2112
-1014.16 801.181 2112
-1014.87 798.905 2106
-1017.49 798.146 2104
-1021.08 798.146 2104
-1024.67 798.146 2104
-1024.34 795.111 2096
-1026.44 793.973 2093
-1029.03 793.215 2091
-1032.59 793.215 2091
-1036.16 793.215 2091
-1038.23 792.077 2088
-1040.29 790.939 2085
-1043.85 790.939 2085
-1046.4 790.18 2083
-1044.4 786.007 2072
-1046.92 785.248 2070
-1050.45 785.248 2070
-1049.91 782.214 2062
-1049.85 779.558 2055
-1050.28 777.282 2049
-1053.77 777.282 2049
1884.59 1499.99 3972
1877.82 1499.99 3972
1871.05 1499.99 3972
1851.14 1489.42 3944
1844.41 1489.42 3944
1824.64 1478.84 3916
1732.55 1409.36 3732
1726.19 1409.36 3732
1727.66 1415.78 3749
1721.27 1415.78 3749
1714.88 1415.78 3749
1708.48 1415.78 3749
1702.09 1415.78 3749
1695.7 1415.78 3749
1678.05 1406.33 3724
1671.7 1406.33 3724
1668.93 1409.36 3732
1662.56 1409.36 3732
1656.2 1409.36 3732
1649.84 1409.36 3732
1639.96 1406.33 3724
1644.57 1415.78 3749
1638.18 1415.78 3749
1642.67 1425.22 3774
1674.39 1458.45 3862
1667.81 1458.45 3862
1676.71 1472.04 3898
1677.78 1478.84 3916
1699.27 1503.77 3982
1692.48 1503.77 3982
1685.69 1503.77 3982
1661.28 1544.17 4089
1654.31 1544.17 4089
1647.34 1544.17 4089
1636.35 1540.4 4079
1629.4 1540.4 4079
1622.45 1540.4 4079
1603.61 1529.07 4049
1612.48 1544.17 4089
1605.51 1544.17 4089
1598.54 1544.17 4089
1591.57 1544.17 4089
1584.6 1544.17 4089
1577.63 1544.17 4089
1570.66 1544.17 4089
1563.69 1544.17 4089
1556.72 1544.17 4089
1549.75 1544.17 4089
1493.98 1544.17 4089
1487.01 1544.17 4089
1480.04 1544.17 4089
1473.07 1544.17 4089
1466.1 1544.17 4089
1459.13 1544.17 4089
1420.9 1510.94 4001
1407.37 1503.77 3982
1400.58 1503.77 3982
1320.99 1425.22 3774
1299.92 1409.36 3732
1302.23 1418.8 3757
1304.79 1428.62 3783
1301.43 1432.01 3792
1294.97 1432.01 3792
1288.5 1432.01 3792
1267.5 1415.78 3749
1261.11 1415.78 3749
1246.35 1406.33 3724
1237.34 1403.31 3716
1222.72 1393.87 3691
1216.43 1393.87 3691
1207.51 1390.85 3683
1217.22 1409.36 3732
1227.4 1428.62 3783
1232.25 1441.83 3818
1225.74 1441.83 3818
1224.66 1448.25 3835
1218.12 1448.25 3835
1214.43 1451.65 3844
1207.87 1451.65 3844
1209.76 1461.85 3871
1203.16 1461.85 3871
1196.56 1461.85 3871
1189.96 1461.85 3871
1175.11 1451.65 3844
1150.01 1428.62 3783
1148.7 1435.04 3800
1142.22 1435.04 3800
1135.75 1435.04 3800
1129.27 1435.04 3800
1122.79 1435.04 3800
1113.96 1432.01 3792
1109.83 1435.04 3800
1105.97 1438.43 3809
1099.48 1438.43 3809
1092.98 1438.43 3809
1079.07 1428.62 3783
1067.8 1422.2 3766
1061.38 1422.2 3766
1054.96 1422.2 3766
1055.78 1432.01 3792
1056.51 1441.83 3818
1052.2 1444.85 3826
1045.68 1444.85 3826
1039.16 1444.85 3826
1030.48 1441.83 3818
1026.11 1444.85 3826
1019.59 1444.85 3826
1015.45 1448.25 3835
1008.92 1448.25 3835
1002.38 1448.25 3835
993.503 1444.85 3826
978.21 1432.01 3792
969.439 1428.62 3783
962.99 1428.62 3783
954.265 1425.22 3774
947.831 1425.22 3774
941.398 1425.22 3774
934.964 1425.22 3774
928.53 1425.22 3774
922.096 1425.22 3774
915.663 1425.22 3774
909.229 1425.22 3774
902.795 1425.22 3774
892.324 1418.8 3757
881.91 1412.38 3740
877.642 1415.78 3749
871.25 1415.78 3749
864.859 1415.78 3749
858.468 1415.78 3749
852.077 1415.78 3749
843.656 1412.38 3740
835.489 1409.36 3732
829.127 1409.36 3732
824.529 1412.38 3740
818.153 1412.38 3740
813.731 1415.78 3749
807.339 1415.78 3749
800.948 1415.78 3749
792.65 1412.38 3740
786.274 1412.38 3740
779.898 1412.38 3740
773.523 1412.38 3740
767.147 1412.38 3740
760.771 1412.38 3740
756.211 1415.78 3749
751.42 1418.8 3757
745.015 1418.8 3757
738.61 1418.8 3757
730.646 1415.78 3749
724.255 1415.78 3749
716.141 1412.38 3740
708.247 1409.36 3732
701.885 1409.36 3732
695.523 1409.36 3732
689.16 1409.36 3732
682.798 1409.36 3732
674.986 1406.33 3724
668.638 1406.33 3724
662.289 1406.33 3724
651.537 1396.89 3699
643.836 1393.87 3691
637.544 1393.87 3691
628.515 1387.83 3675
622.25 1387.83 3675
614.644 1384.81 3667
608.393 1384.81 3667
600.664 1381.41 3658
593.128 1378.39 3650
585.619 1375.37 3642
579.41 1375.37 3642
572.1 1372.72 3635
566.993 1375.37 3642
560.784 1375.37 3642
554.576 1375.37 3642
548.367 1375.37 3642
541.116 1372.72 3635
533.742 1369.7 3627
527.559 1369.7 3627
520.226 1366.68 3619
512.92 1363.66 3611
504.519 1357.62 3595
498.39 1357.62 3595
492.262 1357.62 3595
486.133 1357.62 3595
479.07 1354.98 3588
472.953 1354.98 3588
464.755 1348.93 3572
456.74 1343.27 3557
449.662 1340.25 3549
443.612 1340.25 3549
436.699 1337.6 3542
429.688 1334.58 3534
421.985 1329.3 3520
415.984 1329.3 3520
408.236 1323.63 3505
400.54 1317.97 3490
393.799 1315.32 3483
388.641 1317.97 3490
382.691 1317.97 3490
376.742 1317.97 3490
369.305 1312.68 3476
361.811 1307.02 3461
355.911 1307.02 3461
-18.5945 166.917 442
-19.348 166.917 442
-20.1015 166.917 442
-20.855 166.917 442
-21.6085 166.917 442
-22.3114 166.54 441
-23.0632 166.54 441
-23.815 166.54 441
-24.5668 166.54 441
-28.4089 158.609 420
-29.1249 158.609 420
-29.8409 158.609 420
-30.5569 158.609 420
-31.2728 158.609 420
-31.9888 158.609 420
-32.627 158.232 419
-33.3413 158.232 419
-34.0555 158.232 419
-34.7698 158.232 419
-35.3147 157.476 417
-35.9392 157.099 416
-36.6484 157.099 416
-37.2678 156.721 415
-37.8837 156.343 414
-38.4963 155.966 413
-39.2004 155.966 413
-39.9044 155.966 413
-40.5102 155.588 412
-41.2125 155.588 412
-41.8131 155.21 411
-42.5138 155.21 411
-43.2144 155.21 411
-43.7014 154.455 409
-44.2901 154.077 408
-44.9856 154.077 408
-45.6811 154.077 408
-46.263 153.7 407
-46.9569 153.7 407
-47.6507 153.7 407
-48.3445 153.7 407
-49.0383 153.7 407
-49.61 153.322 406
-50.3021 153.322 406
-50.9942 153.322 406
-51.6864 153.322 406
-52.2495 152.945 405
-52.9399 152.945 405
-53.6303 152.945 405
-54.3208 152.945 405
-54.4679 151.434 401
-55.0139 151.056 400
-55.9743 151.812 402
-56.6596 151.812 402
-57.3449 151.812 402
-58.0302 151.812 402
-58.7155 151.812 402
-59.4008 151.812 402
-60.0862 151.812 402
-60.7715 151.812 402
-61.4568 151.812 402
-62.1421 151.812 402
-62.9837 152.189 403
-63.8287 152.567 404
-64.5174 152.567 404
-65.2061 152.567 404
-65.8948 152.567 404
-66.5836 152.567 404
-67.2723 152.567 404
-67.961 152.567 404
-68.8196 152.945 405
-69.5101 152.945 405
-70.2005 152.945 405
-71.0659 153.322 406
-71.7581 153.322 406
-72.4502 153.322 406
-73.1423 153.322 406
-73.8345 153.322 406
-74.5266 153.322 406
-75.2187 153.322 406
-75.9108 153.322 406
-76.7916 153.7 407
-77.4855 153.7 407
-78.5635 154.455 409
-79.2607 154.455 409
-79.958 154.455 409
-80.8524 154.833 410
-81.5514 154.833 410
-82.4509 155.21 411
-83.3539 155.588 412
-84.0562 155.588 412
-84.7586 155.588 412
-85.6684 155.966 413
-86.3724 155.966 413
-87.0765 155.966 413
-87.7806 155.966 413
-88.4846 155.966 413
-89.4046 156.343 414
-90.3281 156.721 415
-91.0355 156.721 415
-91.9641 157.099 416
-92.896 157.476 417
-93.6069 157.476 417
-94.3178 157.476 417
-101.627 163.519 433
-102.366 163.519 433
-103.104 163.519 433
-103.842 163.519 433
-104.58 163.519 433
-105.318 163.519 433
-106.056 163.519 433
-107.041 163.896 434
-107.781 163.896 434
-108.771 164.274 435
-109.513 164.274 435
-111.014 165.407 438
-111.761 165.407 438
-112.765 165.784 439
-113.772 166.162 440
-114.782 166.54 441
-115.534 166.54 441
-116.549 166.917 442
-117.568 167.295 443
-118.323 167.295 443
-119.347 167.673 444
-120.375 168.05 445
-121.133 168.05 445
-121.892 168.05 445
-122.926 168.428 446
-123.687 168.428 446
-124.726 168.805 447
-125.488 168.805 447
-126.25 168.805 447
-127.012 168.805 447
-127.774 168.805 447
-153.337 193.352 512
-154.21 193.352 512
-155.082 193.352 512
-155.955 193.352 512
-156.828 193.352 512
-158.009 193.73 513
-159.193 194.107 514
-160.069 194.107 514
-161.259 194.485 515
-162.452 194.863 516
-163.331 194.863 516
-164.211 194.863 516
-165.09 194.863 516
-165.97 194.863 516
-166.85 194.863 516
-885.156 872.728 2311
-889.095 872.728 2311
-893.035 872.728 2311
-895.422 871.218 2307
-895.847 867.819 2298
-899.764 867.819 2298
-902.502 866.686 2295
-903.65 864.042 2288
-905.17 861.777 2282
-909.06 861.777 2282
-911.75 860.644 2279
-910.814 856.112 2267
-913.469 854.979 2264
-917.328 854.979 2264
-918.339 852.336 2257
-918.51 848.937 2248
-922.342 848.937 2248
-926.174 848.937 2248
-927.524 846.671 2242
-928.854 844.405 2236
-927.66 839.873 2224
-931.452 839.873 2224
-930.617 835.719 2213
-928.056 830.055 2198
-927.988 826.656 2189
-931.72 826.656 2189
-933.315 824.768 2184
-933.177 821.369 2175
-935.592 820.236 2172
-939.295 820.236 2172
-941.695 819.103 2169
-944.521 818.348 2167
-948.215 818.348 2167
-951.909 818.348 2167
-954.281 817.215 2164
-956.642 816.082 2161
-958.992 814.949 2158
-962.671 814.949 2158
-965.007 813.816 2155
-968.68 813.816 2155
-968.744 810.795 2147
-972.405 810.795 2147
-974.701 809.662 2144
-978.356 809.662 2144
-979.721 807.774 2139
-983.367 807.774 2139
-985.629 806.641 2136
-989.271 806.641 2136
-991.517 805.508 2133
-995.154 805.508 2133
-996.448 803.62 2128
-998.666 802.487 2125
-1000.87 801.354 2122
-1004.49 801.354 2122
-1005.73 799.466 2117
-1007.91 798.333 2114
-1010.56 797.578 2112
-1014.16 797.578 2112
-1013.9 794.556 2104
-1017.49 794.556 2104
-1018.17 792.291 2098
-1021.74 792.291 2098
-1024.34 791.535 2096
-1026.44 790.402 2093
-1029.03 789.647 2091
-1032.59 789.647 2091
-1034.67 788.514 2088
-1036.74 787.381 2085
-1039.29 786.626 2083
-1042.85 786.626 2083
-1043.89 784.738 2078
-1043.4 781.717 2070
-1042.88 778.695 2062
-1046.39 778.695 2062
-1049.91 778.695 2062
-1046.78 773.786 2049
-1045.15 770.01 2039
-1048.63 770.01 2039
1857.86 1482.69 3944
1851.14 1482.69 3944
1844.41 1482.69 3944
1824.64 1472.16 3916
1728.83 1399.98 3724
1722.49 1399.98 3724
1727.66 1409.38 3749
1721.27 1409.38 3749
1714.88 1409.38 3749
1708.48 1409.38 3749
1702.09 1409.38 3749
1695.7 1409.38 3749
1678.05 1399.98 3724
1671.7 1399.98 3724
1672.5 1406 3740
1666.13 1406 3740
1667.3 1412.39 3757
1660.89 1412.39 3757
1654.49 1412.39 3757
1644.57 1409.38 3749
1638.18 1409.38 3749
1642.67 1418.78 3774
1674.39 1451.86 3862
1667.81 1451.86 3862
1676.71 1465.39 3898
1677.78 1472.16 3916
1699.27 1496.97 3982
1692.48 1496.97 3982
1685.69 1496.97 3982
1661.28 1537.2 4089
1654.31 1537.2 4089
1647.34 1537.2 4089
1636.35 1533.44 4079
1629.4 1533.44 4079
1622.45 1533.44 4079
1619.45 1537.2 4089
1612.48 1537.2 4089
1605.51 1537.2 4089
1598.54 1537.2 4089
1591.57 1537.2 4089
1584.6 1537.2 4089
1577.63 1537.2 4089
1570.66 1537.2 4089
1563.69 1537.2 4089
1556.72 1537.2 4089
1549.75 1537.2 4089
1473.07 1537.2 4089
1466.1 1537.2 4089
1459.13 1537.2 4089
1420.9 1504.12 4001
1414.08 1504.12 4001
1407.26 1504.12 4001
1320.99 1418.78 3774
1314.55 1418.78 3774
1302.23 1412.39 3757
1304.79 1422.16 3783
1301.43 1425.54 3792
1294.97 1425.54 3792
1288.5 1425.54 3792
1282.04 1425.54 3792
1275.57 1425.54 3792
1260.41 1415.77 3766
1253.99 1415.77 3766
1233.65 1399.98 3724
1227.3 1399.98 3724
1207.51 1384.57 3683
1214.61 1399.98 3724
1224.48 1418.78 3774
1223.86 1425.54 3792
1217.39 1425.54 3792
1219.23 1435.32 3818
1212.72 1435.32 3818
1206.21 1435.32 3818
1199.7 1435.32 3818
1198.51 1441.71 3835
1194.77 1445.09 3844
1188.22 1445.09 3844
1181.66 1445.09 3844
1159.21 1425.54 3792
1144.84 1415.77 3766
1143.56 1422.16 3783
1137.11 1422.16 3783
1130.67 1422.16 3783
1124.22 1422.16 3783
1120.43 1425.54 3792
1113.96 1425.54 3792
1109.83 1428.55 3800
1105.97 1431.94 3809
1099.48 1431.94 3809
1092.98 1431.94 3809
1079.07 1422.16 3783
1067.8 1415.77 3766
1061.38 1415.77 3766
1054.96 1415.77 3766
1055.78 1425.54 3792
1061.22 1441.71 3835
1054.68 1441.71 3835
1048.14 1441.71 3835
1041.6 1441.71 3835
1035.07 1441.71 3835
1038.18 1455.24 3871
1031.58 1455.24 3871
1024.99 1455.24 3871
1018.39 1455.24 3871
1011.79 1455.24 3871
998.177 1445.09 3844
986.98 1438.33 3826
973.795 1428.55 3800
967.317 1428.55 3800
956.541 1422.16 3783
947.831 1418.78 3774
943.643 1422.16 3783
939.423 1425.54 3792
932.959 1425.54 3792
926.494 1425.54 3792
920.03 1425.54 3792
913.565 1425.54 3792
907.101 1425.54 3792
896.362 1418.78 3774
889.928 1418.78 3774
883.494 1418.78 3774
877.06 1418.78 3774
870.627 1418.78 3774
864.193 1418.78 3774
857.759 1418.78 3774
851.326 1418.78 3774
843.101 1415.77 3766
834.681 1412.39 3757
828.277 1412.39 3757
821.872 1412.39 3757
819.157 1418.78 3774
812.723 1418.78 3774
806.289 1418.78 3774
799.856 1418.78 3774
791.74 1415.77 3766
785.32 1415.77 3766
778.9 1415.77 3766
772.48 1415.77 3766
766.06 1415.77 3766
759.64 1415.77 3766
753.22 1415.77 3766
746.8 1415.77 3766
740.38 1415.77 3766
732.205 1412.39 3757
725.801 1412.39 3757
717.864 1409.38 3749
709.765 1406 3740
703.389 1406 3740
697.013 1406 3740
690.638 1406 3740
682.798 1402.99 3732
676.436 1402.99 3732
670.074 1402.99 3732
662.289 1399.98 3724
651.537 1390.58 3699
643.836 1387.58 3691
637.544 1387.58 3691
629.883 1384.57 3683
622.25 1381.56 3675
614.644 1378.55 3667
608.393 1378.55 3667
600.664 1375.17 3658
594.428 1375.17 3658
585.619 1369.15 3642
579.41 1369.15 3642
573.202 1369.15 3642
568.239 1372.16 3650
562.016 1372.16 3650
555.794 1372.16 3650
548.367 1369.15 3642
541.116 1366.52 3635
533.742 1363.52 3627
527.559 1363.52 3627
520.226 1360.51 3619
512.92 1357.5 3611
504.519 1351.49 3595
498.39 1351.49 3595
492.262 1351.49 3595
486.133 1351.49 3595
479.07 1348.85 3588
472.953 1348.85 3588
464.755 1342.84 3572
456.74 1337.2 3557
449.662 1334.19 3549
443.612 1334.19 3549
436.699 1331.56 3542
429.688 1328.55 3534
421.985 1323.29 3520
415.984 1323.29 3520
408.236 1317.65 3505
398.933 1306.75 3476
393.007 1306.75 3476
387.082 1306.75 3476
381.156 1306.75 3476
375.23 1306.75 3476
369.305 1306.75 3476
361.811 1301.11 3461
355.911 1301.11 3461
-21.5596 165.787 441
-22.3114 165.787 441
-23.0632 165.787 441
-23.815 165.787 441
-24.5668 165.787 441
-28.4089 157.893 420
-29.1249 157.893 420
-29.8409 157.893 420
-30.5569 157.893 420
-31.2728 157.893 420
-31.9888 157.893 420
-32.627 157.517 419
-33.3413 157.517 419
-34.0555 157.517 419
-34.7698 157.517 419
-35.3147 156.765 417
-35.9392 156.389 416
-36.6484 156.389 416
-37.2678 156.013 415
-37.8837 155.637 414
-38.4963 155.261 413
-39.2004 155.261 413
-39.9044 155.261 413
-40.5102 154.885 412
-41.2125 154.885 412
-41.8131 154.509 411
-42.5138 154.509 411
-43.1093 154.133 410
-43.7014 153.757 409
-44.2901 153.381 408
-44.9856 153.381 408
-45.5692 153.005 407
-46.263 153.005 407
-46.9569 153.005 407
-47.6507 153.005 407
-48.3445 153.005 407
-48.9179 152.63 406
-49.61 152.63 406
-50.3021 152.63 406
-50.9942 152.63 406
-51.6864 152.63 406
-52.2495 152.254 405
-52.9399 152.254 405
-53.6303 152.254 405
-54.3208 152.254 405
-54.4679 150.75 401
-54.8764 149.998 399
-55.9743 151.126 402
-56.6596 151.126 402
-57.3449 151.126 402
-58.0302 151.126 402
-58.7155 151.126 402
-59.4008 151.126 402
-60.2356 151.502 403
-60.9226 151.502 403
-61.6096 151.502 403
-62.2967 151.502 403
-62.9837 151.502 403
-63.8287 151.878 404
-64.5174 151.878 404
-65.2061 151.878 404
-65.8948 151.878 404
-66.7484 152.254 405
-67.4388 152.254 405
-68.1292 152.254 405
-68.8196 152.254 405
-69.5101 152.254 405
-70.2005 152.254 405
-71.0659 152.63 406
-71.7581 152.63 406
-72.4502 152.63 406
-73.1423 152.63 406
-73.8345 152.63 406
-74.7101 153.005 407
-75.404 153.005 407
-76.0978 153.005 407
-76.7916 153.005 407
-77.4855 153.005 407
-78.5635 153.757 409
-79.2607 153.757 409
-79.958 153.757 409
-80.8524 154.133 410
-81.5514 154.133 410
-82.4509 154.509 411
-83.3539 154.885 412
-84.0562 154.885 412
-84.7586 154.885 412
-85.6684 155.261 413
-86.3724 155.261 413
-87.0765 155.261 413
-87.7806 155.261 413
-88.4846 155.261 413
-89.4046 155.637 414
-90.3281 156.013 415
-91.0355 156.013 415
-91.9641 156.389 416
-92.896 156.765 417
-93.6069 156.765 417
-94.3178 156.765 417
-100.656 162.404 432
-101.627 162.78 433
-102.366 162.78 433
-103.104 162.78 433
-103.842 162.78 433
-104.58 162.78 433
-105.318 162.78 433
-106.301 163.156 434
-107.041 163.156 434
-107.781 163.156 434
-108.771 163.532 435
-109.764 163.908 436
-111.014 164.659 438
-111.761 164.659 438
-112.765 165.035 439
-113.772 165.411 440
-114.782 165.787 441
-115.534 165.787 441
-116.549 166.163 442
-117.568 166.539 443
-118.323 166.539 443
-119.347 166.915 444
-120.375 167.291 445
-121.406 167.667 446
-122.166 167.667 446
-122.926 167.667 446
-123.687 167.667 446
-124.726 168.043 447
-125.488 168.043 447
-126.25 168.043 447
-127.012 168.043 447
-127.774 168.043 447
-151.591 192.479 512
-152.464 192.479 512
-153.337 192.479 512
-154.21 192.479 512
-155.385 192.855 513
-156.26 192.855 513
-157.134 192.855 513
-158.317 193.23 514
-159.193 193.23 514
-160.381 193.606 515
-161.572 193.982 516
-162.766 194.358 517
-163.648 194.358 517
-164.529 194.358 517
-165.41 194.358 517
-166.292 194.358 517
-167.173 194.358 517
-880.177 863.898 2298
-884.094 863.898 2298
-888.012 863.898 2298
-891.929 863.898 2298
-894.677 862.77 2295
-898.589 862.77 2295
-901.322 861.643 2292
-902.465 859.011 2285
-905.17 857.883 2282
-909.06 857.883 2282
-909.35 854.5 2273
-912.02 853.372 2270
-913.469 851.116 2264
-917.328 851.116 2264
-918.339 848.485 2257
-919.735 846.229 2251
-922.342 845.101 2248
-926.174 845.101 2248
-927.524 842.846 2242
-928.854 840.59 2236
-927.66 836.079 2224
-931.452 836.079 2224
-930.617 831.944 2213
-928.056 826.305 2198
-927.988 822.921 2189
-931.72 822.921 2189
-933.315 821.042 2184
-933.177 817.658 2175
-935.592 816.53 2172
-939.295 816.53 2172
-941.695 815.403 2169
-944.521 814.651 2167
-948.215 814.651 2167
-951.909 814.651 2167
-954.281 813.523 2164
-955.313 811.267 2158
-957.659 810.139 2155
-961.333 810.139 2155
-965.007 810.139 2155
-966.433 808.26 2150
-968.744 807.132 2147
-972.405 807.132 2147
-974.701 806.004 2144
-978.356 806.004 2144
-979.721 804.125 2139
-983.367 804.125 2139
-985.629 802.997 2136
-989.271 802.997 2136
-991.517 801.869 2133
-995.154 801.869 2133
-995.044 798.861 2125
-998.666 798.861 2125
-1000.87 797.734 2122
-1004.49 797.734 2122
-1007.16 796.982 2120
-1007.91 794.726 2114
-1011.52 794.726 2114
-1015.12 794.726 2114
-1016.31 792.846 2109
-1017.49 790.967 2104
-1018.17 788.711 2098
-1021.74 788.711 2098
-1024.34 787.959 2096
-1025.46 786.08 2091
-1029.03 786.08 2091
-1032.59 786.08 2091
-1034.67 784.952 2088
-1036.74 783.824 2085
-1039.29 783.072 2083
-1042.85 783.072 2083
-1040.87 778.937 2072
-1041.88 777.057 2067
-1042.88 775.178 2062
-1046.39 775.178 2062
-1044.82 771.418 2052
-1045.76 769.539 2047
-1042.59 764.651 2034
-1046.05 764.651 2034
1722.49 1393.63 3724
1735.49 1409.35 3766
1729.07 1409.35 3766
1722.65 1409.35 3766
1716.23 1409.35 3766
1709.81 1409.35 3766
1695.7 1402.98 3749
1681.65 1396.62 3732
1675.29 1396.62 3732
1672.5 1399.62 3740
1666.13 1399.62 3740
1667.3 1405.98 3757
1660.89 1405.98 3757
1654.49 1405.98 3757
1644.57 1402.98 3749
1638.18 1402.98 3749
1639.19 1409.35 3766
1670.49 1441.9 3853
1663.92 1441.9 3853
1661.22 1445.27 3862
1654.64 1445.27 3862
1648.06 1445.27 3862
1637.65 1441.9 3853
1636.35 1526.48 4079
1629.4 1526.48 4079
1622.45 1526.48 4079
1619.45 1530.22 4089
1612.48 1530.22 4089
1605.51 1530.22 4089
1598.54 1530.22 4089
1591.57 1530.22 4089
1584.6 1530.22 4089
1577.63 1530.22 4089
1570.66 1530.22 4089
1563.69 1530.22 4089
1556.72 1530.22 4089
1549.75 1530.22 4089
1420.9 1497.29 4001
1414.08 1497.29 4001
1407.26 1497.29 4001
1364.39 1458.74 3898
1364.01 1465.48 3916
1363.92 1472.59 3935
1363.42 1479.33 3953
1356.69 1479.33 3953
1349.95 1479.33 3953
1343.21 1479.33 3953
1336.47 1479.33 3953
1314.26 1462.11 3907
1298.56 1452.01 3880
1262.64 1419.08 3792
1253.2 1415.71 3783
1246.75 1415.71 3783
1212.76 1384.27 3699
1214.61 1393.63 3724
1221.89 1409.35 3766
1220.95 1415.71 3783
1214.5 1415.71 3783
1210.93 1419.08 3792
1204.46 1419.08 3792
1198 1419.08 3792
1191.53 1419.08 3792
1187.57 1422.07 3800
1181.09 1422.07 3800
1174.61 1422.07 3800
1168.14 1422.07 3800
1148.51 1405.98 3757
1139.68 1402.98 3749
1135.7 1405.98 3757
1129.3 1405.98 3757
1125.58 1409.35 3766
1121.54 1412.34 3774
1122.79 1422.07 3800
1116.31 1422.07 3800
1115.09 1428.81 3818
1110.91 1431.8 3826
1104.38 1431.8 3826
1097.86 1431.8 3826
1086.49 1425.44 3809
1072.62 1415.71 3783
1068.71 1419.08 3792
1062.25 1419.08 3792
1063.02 1428.81 3818
1061.22 1435.17 3835
1054.68 1435.17 3835
1048.14 1435.17 3835
1041.6 1435.17 3835
1035.07 1435.17 3835
1038.18 1448.64 3871
1031.58 1448.64 3871
1024.99 1448.64 3871
1018.39 1448.64 3871
1011.79 1448.64 3871
998.177 1438.54 3844
986.98 1431.8 3826
973.795 1422.07 3800
967.317 1422.07 3800
956.541 1415.71 3783
947.831 1412.34 3774
943.643 1415.71 3783
939.423 1419.08 3792
932.959 1419.08 3792
926.494 1419.08 3792
920.03 1419.08 3792
913.565 1419.08 3792
907.101 1419.08 3792
896.362 1412.34 3774
894.172 1419.08 3792
889.581 1422.07 3800
883.103 1422.07 3800
876.625 1422.07 3800
870.147 1422.07 3800
863.669 1422.07 3800
855.386 1419.08 3792
844.892 1412.34 3774
840.458 1415.71 3783
834.009 1415.71 3783
827.559 1415.71 3783
821.11 1415.71 3783
814.661 1415.71 3783
808.212 1415.71 3783
799.856 1412.34 3774
793.422 1412.34 3774
788.865 1415.71 3783
782.416 1415.71 3783
775.967 1415.71 3783
769.518 1415.71 3783
763.069 1415.71 3783
756.62 1415.71 3783
748.386 1412.34 3774
741.952 1412.34 3774
735.519 1412.34 3774
729.085 1412.34 3774
719.396 1405.98 3757
711.473 1402.98 3749
703.389 1399.62 3740
698.691 1402.98 3749
692.3 1402.98 3749
685.909 1402.98 3749
676.436 1396.62 3732
670.074 1396.62 3732
662.289 1393.63 3724
652.946 1387.27 3707
643.836 1381.28 3691
637.544 1381.28 3691
629.883 1378.28 3683
623.605 1378.28 3683
617.326 1378.28 3683
611.048 1378.28 3683
602.142 1372.3 3667
595.89 1372.3 3667
588.192 1368.93 3658
581.956 1368.93 3658
575.72 1368.93 3658
569.484 1368.93 3658
563.248 1368.93 3658
557.012 1368.93 3658
549.572 1365.93 3650
543.349 1365.93 3650
534.92 1360.32 3635
528.723 1360.32 3635
521.376 1357.33 3627
514.057 1354.33 3619
506.764 1351.34 3611
500.608 1351.34 3611
494.453 1351.34 3611
488.297 1351.34 3611
480.005 1345.35 3595
473.876 1345.35 3595
467.748 1345.35 3595
458.666 1336.74 3572
451.689 1334.13 3565
445.612 1334.13 3565
438.548 1331.13 3557
431.512 1328.14 3549
424.622 1325.52 3542
418.584 1325.52 3542
410.799 1319.9 3527
402.261 1311.67 3505
393.007 1300.82 3476
387.082 1300.82 3476
381.156 1300.82 3476
375.23 1300.82 3476
369.305 1300.82 3476
361.079 1292.59 3454
355.191 1292.59 3454
-28.4089 157.176 420
-29.1249 157.176 420
-29.8409 157.176 420
-30.5569 157.176 420
-31.2728 157.176 420
-31.9888 157.176 420
-32.627 156.802 419
-33.3413 156.802 419
-34.0555 156.802 419
-34.6868 156.428 418
-35.3147 156.053 417
-35.9392 155.679 416
-36.6484 155.679 416
-37.2678 155.305 415
-37.8837 154.931 414
-38.4963 154.556 413
-39.2004 154.556 413
-39.9044 154.556 413
-40.5102 154.182 412
-41.1125 153.808 411
-41.8131 153.808 411
-42.5138 153.808 411
-43.1093 153.434 410
-43.7014 153.06 409
-44.2901 152.685 408
-44.9856 152.685 408
-45.5692 152.311 407
-46.263 152.311 407
-46.9569 152.311 407
-47.6507 152.311 407
-48.3445 152.311 407
-48.9179 151.937 406
-49.61 151.937 406
-50.3021 151.937 406
-50.9942 151.937 406
-51.6864 151.937 406
-52.2495 151.563 405
-52.9399 151.563 405
-53.6303 151.563 405
-54.3208 151.563 405
-54.4679 150.066 401
-55.0139 149.691 400
-55.9743 150.44 402
-56.6596 150.44 402
-57.3449 150.44 402
-58.0302 150.44 402
-58.7155 150.44 402
-59.4008 150.44 402
-60.3851 151.188 404
-61.0738 151.188 404
-61.7625 151.188 404
-62.4512 151.188 404
-62.9837 150.814 403
-63.8287 151.188 404
-64.5174 151.188 404
-65.2061 151.188 404
-65.8948 151.188 404
-66.7484 151.563 405
-67.4388 151.563 405
-68.1292 151.563 405
-68.8196 151.563 405
-69.5101 151.563 405
-70.2005 151.563 405
-71.0659 151.937 406
-71.7581 151.937 406
-72.4502 151.937 406
-73.1423 151.937 406
-74.0163 152.311 407
-74.7101 152.311 407
-75.404 152.311 407
-76.0978 152.311 407
-76.7916 152.311 407
-77.4855 152.311 407
-78.5635 153.06 409
-79.2607 153.06 409
-79.958 153.06 409
-80.8524 153.434 410
-81.5514 153.434 410
-82.4509 153.808 411
-83.3539 154.182 412
-84.0562 154.182 412
-84.7586 154.182 412
-85.6684 154.556 413
-86.3724 154.556 413
-87.0765 154.556 413
-87.7806 154.556 413
-88.6989 154.931 414
-89.4046 154.931 414
-90.5457 155.679 416
-91.2549 155.679 416
-92.1851 156.053 417
-92.896 156.053 417
-93.6069 156.053 417
-94.3178 156.053 417
-100.656 161.667 432
-101.627 162.041 433
-102.366 162.041 433
-103.104 162.041 433
-103.842 162.041 433
-104.58 162.041 433
-105.318 162.041 433
-106.301 162.415 434
-107.041 162.415 434
-107.781 162.415 434
-108.771 162.789 435
-109.764 163.164 436
-111.014 163.912 438
-111.761 163.912 438
-112.765 164.286 439
-113.772 164.661 440
-114.782 165.035 441
-115.534 165.035 441
-116.549 165.409 442
-117.568 165.783 443
-118.323 165.783 443
-119.347 166.158 444
-120.375 166.532 445
-121.406 166.906 446
-122.166 166.906 446
-122.926 166.906 446
-123.687 166.906 446
-124.726 167.28 447
-125.488 167.28 447
-126.25 167.28 447
-127.012 167.28 447
-127.774 167.28 447
-151.591 191.605 512
-152.464 191.605 512
-153.337 191.605 512
-154.511 191.979 513
-155.385 191.979 513
-156.26 191.979 513
-157.441 192.354 514
-158.625 192.728 515
-159.503 192.728 515
-160.692 193.102 516
-161.572 193.102 516
-162.766 193.476 517
-163.648 193.476 517
-164.529 193.476 517
-165.41 193.476 517
-166.292 193.476 517
-167.173 193.476 517
-875.115 858.855 2295
-880.177 859.978 2298
-884.094 859.978 2298
-888.012 859.978 2298
-890.765 858.855 2295
-891.948 856.235 2288
-895.849 856.235 2288
-898.569 855.113 2285
-901.28 853.99 2282
-902.79 851.745 2276
-906.67 851.745 2276
-909.35 850.622 2273
-912.02 849.499 2270
-913.469 847.254 2264
-917.328 847.254 2264
-918.339 844.634 2257
-919.735 842.389 2251
-922.342 841.266 2248
-926.174 841.266 2248
-927.524 839.021 2242
-925.115 833.407 2227
-923.906 828.917 2215
-927.682 828.917 2215
-926.833 824.8 2204
-926.79 821.432 2195
-927.988 819.187 2189
-931.72 819.187 2189
-932.033 816.193 2181
-931.889 812.825 2172
-934.3 811.702 2169
-937.997 811.702 2169
-941.695 811.702 2169
-944.521 810.954 2167
-945.59 808.708 2161
-949.274 808.708 2161
-952.958 808.708 2161
-955.313 807.586 2158
-957.659 806.463 2155
-961.333 806.463 2155
-965.007 806.463 2155
-966.433 804.592 2150
-968.744 803.469 2147
-972.405 803.469 2147
-974.701 802.346 2144
-978.356 802.346 2144
-979.721 800.475 2139
-983.367 800.475 2139
-985.629 799.352 2136
-989.271 799.352 2136
-991.517 798.23 2133
-995.154 798.23 2133
-995.044 795.236 2125
-998.666 795.236 2125
-1000.87 794.113 2122
-1004.49 794.113 2122
-1007.16 793.365 2120
-1009.34 792.242 2117
-1011.52 791.119 2114
-1015.12 791.119 2114
-1016.31 789.248 2109
-1017.49 787.377 2104
-1019.62 786.254 2101
-1023.2 786.254 2101
-1024.34 784.383 2096
-1026.44 783.261 2093
-1027.55 781.39 2088
-1031.11 781.39 2088
-1034.67 781.39 2088
-1036.74 780.267 2085
-1037.8 778.396 2080
-1041.34 778.396 2080
-1040.87 775.402 2072
-1039.36 771.66 2062
-1041.87 770.911 2060
-1045.38 770.911 2060
-1042.27 766.046 2047
-1039.12 761.181 2034
-1037.97 757.813 2025
-1041.43 757.813 2025
1735.49 1402.92 3766
1729.07 1402.92 3766
1722.65 1402.92 3766
1716.23 1402.92 3766
1709.81 1402.92 3766
1699.32 1399.57 3757
1681.65 1390.25 3732
1675.29 1390.25 3732
1680.11 1399.57 3757
1673.7 1399.57 3757
1667.3 1399.57 3757
1660.89 1399.57 3757
1654.49 1399.57 3757
1648.08 1399.57 3757
1645.61 1402.92 3766
1653.99 1415.59 3800
1662.69 1428.62 3835
1656.15 1428.62 3835
1657.35 1435.33 3853
1650.78 1435.33 3853
1644.22 1435.33 3853
1619.45 1523.24 4089
1612.48 1523.24 4089
1605.51 1523.24 4089
1420.9 1490.46 4001
1434.58 1512.07 4059
1427.66 1512.07 4059
1420.74 1512.07 4059
1406.86 1504.62 4039
1396.85 1501.27 4030
1389.98 1501.27 4030
1369.73 1486.74 3991
1362.92 1486.74 3991
1353.06 1483.38 3982
1346.27 1483.38 3982
1329.73 1472.58 3953
1310.61 1458.8 3916
1291.95 1445.39 3880
1282.35 1442.03 3871
1275.75 1442.03 3871
1234.73 1402.92 3766
1228.31 1402.92 3766
1232.92 1415.59 3800
1226.44 1415.59 3800
1219.96 1415.59 3800
1210.93 1412.61 3792
1204.46 1412.61 3792
1198 1412.61 3792
1188.71 1409.25 3783
1187.57 1415.59 3800
1181.09 1415.59 3800
1174.61 1415.59 3800
1168.14 1415.59 3800
1148.51 1399.57 3757
1139.68 1396.59 3749
1135.7 1399.57 3757
1129.3 1399.57 3757
1127.98 1405.9 3774
1124.22 1409.25 3783
1125.45 1418.94 3809
1118.96 1418.94 3809
1120.06 1428.62 3835
1116.13 1431.98 3844
1109.58 1431.98 3844
1103.03 1431.98 3844
1091.34 1425.27 3826
1080 1418.94 3809
1073.5 1418.94 3809
1067.01 1418.94 3809
1067.75 1428.62 3835
1066.2 1435.33 3853
1059.63 1435.33 3853
1053.06 1435.33 3853
1046.49 1435.33 3853
1039.92 1435.33 3853
1043.01 1448.74 3889
1036.38 1448.74 3889
1029.75 1448.74 3889
1023.12 1448.74 3889
1016.49 1448.74 3889
1002.85 1438.68 3862
989.302 1428.62 3835
976.102 1418.94 3809
969.608 1418.94 3809
958.816 1412.61 3792
952.352 1412.61 3792
945.888 1412.61 3792
941.405 1415.59 3800
934.927 1415.59 3800
932.847 1422.29 3818
926.338 1422.29 3818
919.829 1422.29 3818
913.321 1422.29 3818
900.637 1412.61 3792
894.172 1412.61 3792
889.581 1415.59 3800
883.103 1415.59 3800
876.625 1415.59 3800
870.147 1415.59 3800
863.669 1415.59 3800
855.386 1412.61 3792
844.892 1405.9 3774
840.458 1409.25 3783
834.009 1409.25 3783
827.559 1409.25 3783
821.11 1409.25 3783
814.661 1409.25 3783
808.212 1409.25 3783
799.856 1405.9 3774
793.422 1405.9 3774
788.865 1409.25 3783
782.416 1409.25 3783
775.967 1409.25 3783
769.518 1409.25 3783
763.069 1409.25 3783
756.62 1409.25 3783
748.386 1405.9 3774
741.952 1405.9 3774
735.519 1405.9 3774
729.085 1405.9 3774
721.119 1402.92 3766
714.699 1402.92 3766
706.586 1399.57 3757
700.182 1399.57 3757
693.777 1399.57 3757
685.909 1396.59 3749
679.518 1396.59 3749
673.126 1396.59 3749
663.712 1390.25 3732
654.532 1384.29 3716
645.231 1377.96 3699
638.926 1377.96 3699
631.252 1374.98 3691
623.605 1372 3683
617.326 1372 3683
611.048 1372 3683
603.455 1369.02 3675
595.89 1366.04 3667
588.192 1362.69 3658
581.956 1362.69 3658
575.72 1362.69 3658
570.885 1366.04 3667
564.634 1366.04 3667
558.383 1366.04 3667
550.776 1362.69 3658
543.349 1359.71 3650
535.95 1356.73 3642
529.741 1356.73 3642
522.526 1354.12 3635
516.329 1354.12 3635
509.01 1351.14 3627
502.827 1351.14 3627
496.644 1351.14 3627
489.379 1348.16 3619
482.141 1345.18 3611
475.985 1345.18 3611
467.748 1339.22 3595
460.72 1336.61 3588
453.59 1333.63 3580
447.487 1333.63 3580
439.535 1328.04 3565
433.457 1328.04 3565
426.421 1325.06 3557
420.357 1325.06 3557
412.546 1319.47 3542
403.983 1311.28 3520
395.382 1302.71 3497
389.42 1302.71 3497
383.459 1302.71 3497
376.742 1300.1 3490
370.048 1297.5 3483
364.111 1297.5 3483
354.471 1284.09 3447
-28.4089 156.459 420
-29.1249 156.459 420
-29.8409 156.459 420
-30.5569 156.459 420
-31.2728 156.459 420
-31.9888 156.459 420
-32.627 156.087 419
-33.3413 156.087 419
-34.0555 156.087 419
-34.6868 155.714 418
-35.3147 155.342 417
-35.9392 154.969 416
-36.6484 154.969 416
-37.178 154.224 414
-37.8837 154.224 414
-38.4963 153.852 413
-39.2004 153.852 413
-39.8078 153.479 412
-40.5102 153.479 412
-41.1125 153.107 411
-41.7114 152.734 410
-42.4103 152.734 410
-43.0041 152.362 409
-43.5945 151.989 408
-44.2901 151.989 408
-44.9856 151.989 408
-45.5692 151.617 407
-46.263 151.617 407
-46.9569 151.617 407
-47.6507 151.617 407
-48.3445 151.617 407
-48.9179 151.244 406
-49.61 151.244 406
-50.3021 151.244 406
-50.9942 151.244 406
-51.6864 151.244 406
-52.2495 150.872 405
-52.9399 150.872 405
-53.6303 150.872 405
-54.1866 150.499 404
-54.4679 149.382 401
-55.0139 149.009 400
-55.6958 149.009 400
-56.3777 149.009 400
-57.0596 149.009 400
-58.0302 149.754 402
-58.7155 149.754 402
-59.4008 149.754 402
-60.3851 150.499 404
-61.0738 150.499 404
-61.7625 150.499 404
-62.4512 150.499 404
-62.9837 150.127 403
-63.8287 150.499 404
-64.5174 150.499 404
-65.2061 150.499 404
-65.8948 150.499 404
-66.7484 150.872 405
-67.4388 150.872 405
-68.1292 150.872 405
-68.8196 150.872 405
-69.5101 150.872 405
-70.2005 150.872 405
-71.0659 151.244 406
-71.7581 151.244 406
-72.4502 151.244 406
-73.1423 151.244 406
-74.0163 151.617 407
-74.7101 151.617 407
-75.404 151.617 407
-76.0978 151.617 407
-76.7916 151.617 407
-77.4855 151.617 407
-78.5635 152.362 409
-79.2607 152.362 409
-79.958 152.362 409
-81.0496 153.107 411
-81.7503 153.107 411
-82.4509 153.107 411
-83.3539 153.479 412
-84.0562 153.479 412
-84.7586 153.479 412
-85.6684 153.852 413
-86.3724 153.852 413
-87.0765 153.852 413
-87.7806 153.852 413
-88.6989 154.224 414
-89.6206 154.597 415
-90.5457 154.969 416
-91.2549 154.969 416
-92.1851 155.342 417
-93.1188 155.714 418
-93.8314 155.714 418
-94.544 155.714 418
-95.2565 155.714 418
-95.9691 155.714 418
-99.6886 160.557 431
-100.656 160.93 432
-101.627 161.302 433
-102.366 161.302 433
-103.104 161.302 433
-103.842 161.302 433
-104.58 161.302 433
-105.318 161.302 433
-106.301 161.675 434
-107.288 162.047 435
-108.029 162.047 435
-109.021 162.42 436
-110.016 162.792 437
-111.268 163.537 439
-112.016 163.537 439
-112.765 163.537 439
-113.772 163.91 440
-114.782 164.282 441
-115.534 164.282 441
-116.549 164.655 442
-117.568 165.027 443
-118.323 165.027 443
-119.347 165.4 444
-120.375 165.773 445
-121.406 166.145 446
-122.166 166.145 446
-122.926 166.145 446
-123.687 166.145 446
-124.726 166.518 447
-125.488 166.518 447
-126.25 166.518 447
-127.012 166.518 447
-127.774 166.518 447
-151.591 190.732 512
-152.464 190.732 512
-153.337 190.732 512
-154.511 191.104 513
-155.385 191.104 513
-156.26 191.104 513
-157.441 191.477 514
-158.625 191.849 515
-159.503 191.849 515
-160.692 192.222 516
-161.572 192.222 516
-162.766 192.594 517
-163.648 192.594 517
-164.847 192.967 518
-166.69 194.084 521
-167.578 194.084 521
-168.467 194.084 521
-170.57 194.457 522
-171.788 194.829 523
-172.68 194.829 523
-173.571 194.829 523
-174.463 194.829 523
-175.354 194.829 523
-850.587 842.274 2261
-862.378 850.097 2282
-866.268 850.097 2282
-875.115 854.939 2295
-879.027 854.939 2295
-882.94 854.939 2295
-885.693 853.822 2292
-889.6 853.822 2292
-891.948 852.332 2288
-895.849 852.332 2288
-898.569 851.214 2285
-902.465 851.214 2285
-903.98 848.979 2279
-907.865 848.979 2279
-910.55 847.861 2276
-912.02 845.626 2270
-913.469 843.391 2264
-917.328 843.391 2264
-919.967 842.274 2261
-920.961 839.666 2254
-924.804 839.666 2254
-928.646 839.666 2254
-928.765 836.313 2245
-925.115 829.608 2227
-925.158 826.255 2218
-928.939 826.255 2218
-926.833 821.04 2204
-926.79 817.687 2195
-927.988 815.452 2189
-931.72 815.452 2189
-932.033 812.472 2181
-931.889 809.119 2172
-934.3 808.002 2169
-937.997 808.002 2169
-940.827 807.256 2167
-943.213 806.139 2164
-945.59 805.021 2161
-949.274 805.021 2161
-951.635 803.904 2158
-953.985 802.786 2155
-956.77 802.041 2153
-960.441 802.041 2153
-962.768 800.924 2150
-966.433 800.924 2150
-968.744 799.806 2147
-972.405 799.806 2147
-973.792 797.943 2142
-977.443 797.943 2142
-979.721 796.826 2139
-983.367 796.826 2139
-985.629 795.708 2136
-987.881 794.591 2133
-990.588 793.846 2131
-994.221 793.846 2131
-995.044 791.61 2125
-998.666 791.61 2125
-1000.87 790.493 2122
-1004.49 790.493 2122
-1007.16 789.748 2120
-1009.34 788.63 2117
-1011.52 787.513 2114
-1015.12 787.513 2114
-1016.31 785.65 2109
-1017.49 783.788 2104
-1019.62 782.67 2101
-1023.2 782.67 2101
-1024.34 780.807 2096
-1026.44 779.69 2093
-1027.55 777.827 2088
-1031.11 777.827 2088
-1034.67 777.827 2088
-1036.74 776.71 2085
-1037.8 774.847 2080
-1041.34 774.847 2080
-1040.87 771.867 2072
-1039.36 768.142 2062
-1041.87 767.397 2060
-1045.38 767.397 2060
-1042.27 762.554 2047
-1039.12 757.711 2034
-1037.97 754.358 2025
-1041.43 754.358 2025
1735.49 1396.49 3766
1729.07 1396.49 3766
1722.65 1396.49 3766
1716.23 1396.49 3766
1709.81 1396.49 3766
1699.32 1393.16 3757
1681.65 1383.89 3732
1675.29 1383.89 3732
1680.11 1393.16 3757
1673.7 1393.16 3757
1667.3 1393.16 3757
1660.89 1393.16 3757
1654.49 1393.16 3757
1648.08 1393.16 3757
1649.11 1399.46 3774
1653.99 1409.1 3800
1662.69 1422.08 3835
1656.15 1422.08 3835
1668.97 1438.77 3880
1662.35 1438.77 3880
1655.74 1438.77 3880
1434.58 1505.14 4059
1427.66 1505.14 4059
1420.74 1505.14 4059
1406.86 1497.73 4039
1396.85 1494.39 4030
1389.98 1494.39 4030
1369.73 1479.93 3991
1362.92 1479.93 3991
1353.06 1476.59 3982
1346.27 1476.59 3982
1329.73 1465.84 3953
1310.61 1452.12 3916
1291.95 1438.77 3880
1282.35 1435.43 3871
1275.75 1435.43 3871
1234.73 1396.49 3766
1228.31 1396.49 3766
1232.92 1409.1 3800
1226.44 1409.1 3800
1219.96 1409.1 3800
1213.48 1409.1 3800
1207 1409.1 3800
1200.53 1409.1 3800
1194.05 1409.1 3800
1187.57 1409.1 3800
1181.09 1409.1 3800
1174.61 1409.1 3800
1168.14 1409.1 3800
1151.26 1396.49 3766
1144.84 1396.49 3766
1143.56 1402.8 3783
1137.11 1402.8 3783
1133.36 1406.14 3792
1131.94 1412.44 3809
1133.13 1422.08 3835
1126.59 1422.08 3835
1135.83 1442.11 3889
1129.2 1442.11 3889
1122.57 1442.11 3889
1115.94 1442.11 3889
1106.74 1438.77 3880
1087.37 1422.08 3835
1080.83 1422.08 3835
1074.29 1422.08 3835
1077.78 1435.43 3871
1081.14 1448.78 3907
1074.48 1448.78 3907
1067.82 1448.78 3907
1056.27 1442.11 3889
1049.64 1442.11 3889
1050.25 1452.12 3916
1043.58 1452.12 3916
1036.9 1452.12 3916
1023.12 1442.11 3889
1016.49 1442.11 3889
1007.53 1438.77 3880
993.945 1428.76 3853
980.458 1418.74 3826
973.936 1418.74 3826
963.115 1412.44 3809
954.361 1409.1 3800
947.883 1409.1 3800
945.864 1415.78 3818
939.356 1415.78 3818
932.847 1415.78 3818
926.338 1415.78 3818
919.829 1415.78 3818
913.321 1415.78 3818
902.537 1409.1 3800
896.059 1409.1 3800
895.667 1418.74 3826
889.145 1418.74 3826
882.623 1418.74 3826
876.1 1418.74 3826
869.578 1418.74 3826
859.221 1412.44 3809
850.712 1409.1 3800
844.234 1409.1 3800
837.756 1409.1 3800
831.278 1409.1 3800
824.8 1409.1 3800
818.322 1409.1 3800
811.844 1409.1 3800
805.366 1409.1 3800
798.888 1409.1 3800
792.41 1409.1 3800
785.932 1409.1 3800
779.454 1409.1 3800
772.976 1409.1 3800
768.313 1412.44 3809
761.82 1412.44 3809
755.327 1412.44 3809
748.833 1412.44 3809
740.586 1409.1 3800
734.108 1409.1 3800
722.651 1399.46 3774
714.699 1396.49 3766
706.586 1393.16 3757
700.182 1393.16 3757
693.777 1393.16 3757
685.909 1390.19 3749
679.518 1390.19 3749
673.126 1390.19 3749
663.712 1383.89 3732
654.532 1377.95 3716
645.231 1371.65 3699
638.926 1371.65 3699
631.252 1368.68 3691
623.605 1365.72 3683
617.326 1365.72 3683
611.048 1365.72 3683
603.455 1362.75 3675
595.89 1359.78 3667
588.192 1356.45 3658
581.956 1356.45 3658
575.72 1356.45 3658
570.885 1359.78 3667
564.634 1359.78 3667
559.601 1362.75 3675
553.336 1362.75 3675
547.071 1362.75 3675
537.127 1353.48 3650
530.905 1353.48 3650
524.682 1353.48 3650
517.324 1350.51 3642
510.133 1347.92 3635
503.936 1347.92 3635
496.644 1344.95 3627
490.46 1344.95 3627
483.209 1341.98 3619
477.04 1341.98 3619
468.788 1336.05 3603
461.619 1333.09 3595
454.603 1330.49 3588
448.487 1330.49 3588
441.384 1327.52 3580
434.308 1324.56 3572
427.38 1321.96 3565
421.302 1321.96 3565
414.293 1318.99 3557
405.59 1310.47 3534
396.286 1299.71 3505
390.311 1299.71 3505
384.336 1299.71 3505
377.497 1296.75 3497
370.792 1294.15 3490
364.842 1294.15 3490
-28.4089 155.743 420
-29.1249 155.743 420
-29.8409 155.743 420
-30.5569 155.743 420
-31.2728 155.743 420
-31.9127 155.372 419
-32.627 155.372 419
-33.3413 155.372 419
-34.0555 155.372 419
-34.6868 155.001 418
-35.3147 154.63 417
-35.9392 154.26 416
-36.6484 154.26 416
-37.178 153.518 414
-37.8837 153.518 414
-38.4031 152.776 412
-39.1054 152.776 412
-39.8078 152.776 412
-40.5102 152.776 412
-41.0125 152.035 410
-41.7114 152.035 410
-42.4103 152.035 410
-43.0041 151.664 409
-43.5945 151.293 408
-44.1815 150.922 407
-44.8754 150.922 407
-45.5692 150.922 407
-46.263 150.922 407
-46.9569 150.922 407
-47.6507 150.922 407
-48.3445 150.922 407
-48.9179 150.551 406
-49.61 150.551 406
-50.3021 150.551 406
-50.9942 150.551 406
-51.5591 150.181 405
-52.2495 150.181 405
-52.9399 150.181 405
-53.6303 150.181 405
-54.1866 149.81 404
-54.4679 148.697 401
-55.0139 148.327 400
-55.6958 148.327 400
-56.3777 148.327 400
-57.2023 148.697 401
-57.8859 148.697 401
-58.5695 148.697 401
-59.2531 148.697 401
-60.3851 149.81 404
-61.0738 149.81 404
-61.7625 149.81 404
-62.4512 149.81 404
-62.9837 149.439 403
-63.8287 149.81 404
-64.5174 149.81 404
-65.2061 149.81 404
-65.8948 149.81 404
-66.7484 150.181 405
-67.4388 150.181 405
-68.1292 150.181 405
-68.8196 150.181 405
-69.5101 150.181 405
-70.2005 150.181 405
-71.0659 150.551 406
-71.7581 150.551 406
-72.4502 150.551 406
-73.1423 150.551 406
-74.0163 150.922 407
-74.7101 150.922 407
-75.404 150.922 407
-76.0978 150.922 407
-76.7916 150.922 407
-77.4855 150.922 407
-78.5635 151.664 409
-79.2607 151.664 409
-80.1535 152.035 410
-81.0496 152.406 411
-81.7503 152.406 411
-82.4509 152.406 411
-83.3539 152.776 412
-84.2603 153.147 413
-84.9643 153.147 413
-85.6684 153.147 413
-86.3724 153.147 413
-87.2873 153.518 414
-87.9931 153.518 414
-88.6989 153.518 414
-89.6206 153.889 415
-90.5457 154.26 416
-91.2549 154.26 416
-92.1851 154.63 417
-93.1188 155.001 418
-93.8314 155.001 418
-94.544 155.001 418
-96.6239 157.226 424
-97.3467 157.226 424
-99.6886 159.822 431
-100.656 160.193 432
-101.393 160.193 432
-102.129 160.193 432
-103.104 160.564 433
-104.082 160.934 434
-104.822 160.934 434
-105.561 160.934 434
-106.301 160.934 434
-107.288 161.305 435
-108.029 161.305 435
-109.021 161.676 436
-110.268 162.418 438
-111.268 162.788 439
-112.016 162.788 439
-113.022 163.159 440
-114.03 163.53 441
-114.782 163.53 441
-115.534 163.53 441
-116.813 164.272 443
-117.834 164.643 444
-118.59 164.643 444
-119.616 165.013 445
-120.645 165.384 446
-121.406 165.384 446
-122.166 165.384 446
-122.926 165.384 446
-123.687 165.384 446
-124.726 165.755 447
-125.488 165.755 447
-126.25 165.755 447
-127.012 165.755 447
-127.774 165.755 447
-151.887 190.229 513
-152.762 190.229 513
-153.936 190.6 514
-155.113 190.97 515
-155.991 190.97 515
-157.174 191.341 516
-158.36 191.712 517
-159.241 191.712 517
-160.122 191.712 517
-161.004 191.712 517
-162.198 192.083 518
-163.081 192.083 518
-163.964 192.083 518
-164.847 192.083 518
-166.69 193.195 521
-167.578 193.195 521
-168.467 193.195 521
-170.57 193.566 522
-171.788 193.937 523
-172.68 193.937 523
-173.571 193.937 523
-174.463 193.937 523
-175.354 193.937 523
-850.587 838.416 2261
-862.378 846.203 2282
-866.268 846.203 2282
-875.115 851.024 2295
-879.027 851.024 2295
-882.94 851.024 2295
-885.693 849.911 2292
-889.6 849.911 2292
-891.948 848.428 2288
-895.849 848.428 2288
-898.569 847.316 2285
-902.465 847.316 2285
-905.17 846.203 2282
-907.865 845.091 2279
-910.55 843.978 2276
-912.02 841.753 2270
-913.469 839.529 2264
-917.328 839.529 2264
-919.967 838.416 2261
-920.961 835.82 2254
-924.804 835.82 2254
-928.646 835.82 2254
-928.765 832.483 2245
-925.115 825.808 2227
-925.158 822.471 2218
-928.939 822.471 2218
-926.833 817.28 2204
-926.79 813.942 2195
-926.716 810.605 2186
-930.443 810.605 2186
-930.751 807.638 2178
-930.602 804.301 2169
-932.146 802.447 2164
-935.835 802.447 2164
-938.222 801.334 2161
-941.906 801.334 2161
-942.964 799.109 2155
-946.638 799.109 2155
-950.312 799.109 2155
-953.1 798.368 2153
-955.437 797.255 2150
-959.102 797.255 2150
-962.768 797.255 2150
-963.736 795.031 2144
-966.488 794.289 2142
-970.14 794.289 2142
-972.428 793.176 2139
-976.074 793.176 2139
-978.347 792.064 2136
-981.988 792.064 2136
-985.629 792.064 2136
-987.881 790.952 2133
-990.588 790.21 2131
-994.221 790.21 2131
-995.044 787.985 2125
-998.666 787.985 2125
-1000.87 786.873 2122
-1004.49 786.873 2122
-1007.16 786.131 2120
-1009.34 785.018 2117
-1011.52 783.906 2114
-1015.12 783.906 2114
-1016.31 782.052 2109
-1017.49 780.198 2104
-1019.62 779.085 2101
-1023.2 779.085 2101
-1024.34 777.231 2096
-1026.44 776.119 2093
-1027.55 774.265 2088
-1031.11 774.265 2088
-1033.18 773.152 2085
-1036.74 773.152 2085
-1037.8 771.298 2080
-1041.34 771.298 2080
-1039.87 767.59 2070
-1039.36 764.624 2062
-1039.34 762.028 2055
-1042.84 762.028 2055
-1042.27 759.061 2047
-1038.1 753.499 2032
-1037.97 750.903 2025
-1041.43 750.903 2025
1735.49 1390.07 3766
1729.07 1390.07 3766
1722.65 1390.07 3766
1716.23 1390.07 3766
1709.81 1390.07 3766
1699.32 1386.75 3757
1681.65 1377.52 3732
1675.29 1377.52 3732
1680.11 1386.75 3757
1673.7 1386.75 3757
1667.3 1386.75 3757
1660.89 1386.75 3757
1661.97 1393.02 3774
1655.54 1393.02 3774
1660.47 1402.62 3800
1684.89 1428.83 3871
1686.1 1435.47 3889
1679.47 1435.47 3889
1684.45 1445.44 3916
1677.78 1445.44 3916
1671.1 1445.44 3916
1434.58 1498.22 4059
1427.66 1498.22 4059
1420.74 1498.22 4059
1410.34 1494.53 4049
1399.97 1490.84 4039
1393.09 1490.84 4039
1376.25 1480.13 4010
1362.92 1473.12 3991
1353.06 1469.8 3982
1346.27 1469.8 3982
1329.73 1459.09 3953
1319.98 1455.77 3944
1294.94 1435.47 3889
1288.31 1435.47 3889
1275.75 1428.83 3871
1251.77 1409.26 3818
1239.4 1402.62 3800
1238.76 1409.26 3818
1232.25 1409.26 3818
1225.74 1409.26 3818
1213.48 1402.62 3800
1207 1402.62 3800
1200.53 1402.62 3800
1194.05 1402.62 3800
1187.57 1402.62 3800
1181.09 1402.62 3800
1174.61 1402.62 3800
1168.14 1402.62 3800
1151.26 1390.07 3766
1144.84 1390.07 3766
1143.56 1396.34 3783
1137.11 1396.34 3783
1133.36 1399.67 3792
1131.94 1405.94 3809
1133.13 1415.54 3835
1126.59 1415.54 3835
1135.83 1435.47 3889
1129.2 1435.47 3889
1122.57 1435.47 3889
1115.94 1435.47 3889
1106.74 1432.15 3880
1087.37 1415.54 3835
1080.83 1415.54 3835
1074.29 1415.54 3835
1090.31 1445.44 3916
1091.38 1455.77 3944
1084.66 1455.77 3944
1077.93 1455.77 3944
1068.76 1452.45 3935
1062.06 1452.45 3935
1055.35 1452.45 3935
1051.04 1455.77 3944
1044.31 1455.77 3944
1037.59 1455.77 3944
1028.52 1452.45 3935
1009.86 1435.47 3889
1000.91 1432.15 3880
989.684 1425.5 3862
983.1 1425.5 3862
967.413 1412.22 3826
956.621 1405.94 3809
952.373 1409.26 3818
947.846 1412.22 3826
941.324 1412.22 3826
939.199 1418.86 3844
932.646 1418.86 3844
926.093 1418.86 3844
919.54 1418.86 3844
912.987 1418.86 3844
902.19 1412.22 3826
899.881 1418.86 3844
893.328 1418.86 3844
886.775 1418.86 3844
880.222 1418.86 3844
873.669 1418.86 3844
867.116 1418.86 3844
858.548 1415.54 3835
852.01 1415.54 3835
849.441 1422.18 3853
842.872 1422.18 3853
836.304 1422.18 3853
829.736 1422.18 3853
823.167 1422.18 3853
816.599 1422.18 3853
810.031 1422.18 3853
799.709 1415.54 3835
795.032 1418.86 3844
788.479 1418.86 3844
783.757 1422.18 3853
777.189 1422.18 3853
770.62 1422.18 3853
764.052 1422.18 3853
757.483 1422.18 3853
745.653 1412.22 3826
739.131 1412.22 3826
729.353 1405.94 3809
721.152 1402.62 3800
713.169 1399.67 3792
706.705 1399.67 3792
698.578 1396.34 3783
690.483 1393.02 3774
680.968 1386.75 3757
674.563 1386.75 3757
666.735 1383.79 3749
657.35 1377.52 3732
648.197 1371.61 3716
641.862 1371.61 3716
632.62 1365.34 3699
624.959 1362.39 3691
618.667 1362.39 3691
612.375 1362.39 3691
606.083 1362.39 3691
598.49 1359.43 3683
590.925 1356.48 3675
584.661 1356.48 3675
578.396 1356.48 3675
572.131 1356.48 3675
565.866 1356.48 3675
559.601 1356.48 3675
553.336 1356.48 3675
547.071 1356.48 3675
537.127 1347.25 3650
530.905 1347.25 3650
524.682 1347.25 3650
517.324 1344.3 3642
510.133 1341.72 3635
503.936 1341.72 3635
496.644 1338.76 3627
490.46 1338.76 3627
483.209 1335.81 3619
477.04 1335.81 3619
468.788 1329.9 3603
461.619 1326.95 3595
454.603 1324.37 3588
448.487 1324.37 3588
441.384 1321.42 3580
434.308 1318.46 3572
427.38 1315.88 3565
421.302 1315.88 3565
414.293 1312.93 3557
405.59 1304.44 3534
396.286 1293.73 3505
390.311 1293.73 3505
384.336 1293.73 3505
377.497 1290.78 3497
371.536 1290.78 3497
365.574 1290.78 3497
-28.4089 155.026 420
-29.1249 155.026 420
-29.8409 155.026 420
-30.5569 155.026 420
-31.2728 155.026 420
-31.9127 154.657 419
-32.627 154.657 419
-33.3413 154.657 419
-34.0555 154.657 419
-34.6868 154.288 418
-35.3147 153.919 417
-35.9392 153.55 416
-36.6484 153.55 416
-37.178 152.812 414
-37.8837 152.812 414
-38.4031 152.073 412
-39.1054 152.073 412
-39.8078 152.073 412
-40.5102 152.073 412
-41.0125 151.335 410
-41.7114 151.335 410
-42.4103 151.335 410
-43.0041 150.966 409
-43.5945 150.597 408
-44.1815 150.228 407
-44.8754 150.228 407
-45.5692 150.228 407
-46.263 150.228 407
-46.9569 150.228 407
-47.6507 150.228 407
-48.2257 149.859 406
-48.9179 149.859 406
-49.61 149.859 406
-50.3021 149.859 406
-50.9942 149.859 406
-51.5591 149.49 405
-52.2495 149.49 405
-52.9399 149.49 405
-53.6303 149.49 405
-54.1866 149.121 404
-54.4679 148.013 401
-55.1515 148.013 401
-55.8351 148.013 401
-56.5187 148.013 401
-57.2023 148.013 401
-57.8859 148.013 401
-58.5695 148.013 401
-59.2531 148.013 401
-60.3851 149.121 404
-61.0738 149.121 404
-61.7625 149.121 404
-62.4512 149.121 404
-63.14 149.121 404
-63.8287 149.121 404
-64.5174 149.121 404
-65.2061 149.121 404
-65.8948 149.121 404
-66.7484 149.49 405
-67.4388 149.49 405
-68.1292 149.49 405
-68.8196 149.49 405
-69.5101 149.49 405
-70.2005 149.49 405
-70.8909 149.49 405
-71.7581 149.859 406
-72.6286 150.228 407
-73.3225 150.228 407
-74.0163 150.228 407
-74.7101 150.228 407
-75.404 150.228 407
-76.0978 150.228 407
-76.7916 150.228 407
-77.4855 150.228 407
-78.1793 150.228 407
-79.2607 150.966 409
-80.1535 151.335 410
-81.0496 151.704 411
-81.7503 151.704 411
-82.4509 151.704 411
-83.3539 152.073 412
-84.2603 152.443 413
-84.9643 152.443 413
-85.6684 152.443 413
-86.3724 152.443 413
-87.2873 152.812 414
-87.9931 152.812 414
-88.6989 152.812 414
-89.6206 153.181 415
-90.3281 153.181 415
-91.2549 153.55 416
-92.1851 153.919 417
-93.1188 154.288 418
-93.8314 154.288 418
-94.544 154.288 418
-96.6239 156.503 424
-97.3467 156.503 424
-99.6886 159.087 431
-100.656 159.456 432
-101.393 159.456 432
-102.129 159.456 432
-103.104 159.825 433
-104.082 160.194 434
-104.822 160.194 434
-105.561 160.194 434
-106.301 160.194 434
-107.288 160.563 435
-108.029 160.563 435
-109.021 160.932 436
-110.268 161.67 438
-111.268 162.039 439
-112.016 162.039 439
-113.022 162.409 440
-114.03 162.778 441
-114.782 162.778 441
-115.534 162.778 441
-116.813 163.516 443
-117.834 163.885 444
-118.59 163.885 444
-119.616 164.254 445
-120.645 164.623 446
-121.406 164.623 446
-122.166 164.623 446
-122.926 164.623 446
-123.964 164.992 447
-124.726 164.992 447
-125.488 164.992 447
-126.25 164.992 447
-127.012 164.992 447
-127.774 164.992 447
-151.887 189.354 513
-153.059 189.723 514
-154.235 190.092 515
-155.414 190.461 516
-156.294 190.461 516
-157.478 190.83 517
-158.36 190.83 517
-159.241 190.83 517
-160.122 190.83 517
-161.627 191.568 519
-162.511 191.568 519
-163.711 191.937 520
-164.597 191.937 520
-165.484 191.937 520
-166.69 192.307 521
-167.578 192.307 521
-168.467 192.307 521
-169.355 192.307 521
-170.57 192.676 522
-171.788 193.045 523
-172.68 193.045 523
-173.571 193.045 523
-174.463 193.045 523
-175.354 193.045 523
-850.587 834.559 2261
-862.378 842.31 2282
-866.268 842.31 2282
-873.971 846.001 2292
-877.878 846.001 2292
-881.786 846.001 2292
-884.147 844.525 2288
-888.048 844.525 2288
-891.948 844.525 2288
-895.849 844.525 2288
-898.569 843.417 2285
-902.465 843.417 2285
-905.17 842.31 2282
-907.865 841.203 2279
-910.55 840.095 2276
-912.02 837.881 2270
-913.469 835.666 2264
-917.328 835.666 2264
-919.967 834.559 2261
-920.961 831.975 2254
-924.804 831.975 2254
-928.646 831.975 2254
-928.765 828.653 2245
-925.115 822.009 2227
-925.158 818.687 2218
-928.939 818.687 2218
-926.833 813.519 2204
-926.79 810.197 2195
-926.716 806.875 2186
-930.443 806.875 2186
-930.751 803.922 2178
-930.602 800.6 2169
-932.146 798.755 2164
-935.835 798.755 2164
-938.222 797.648 2161
-941.906 797.648 2161
-942.964 795.433 2155
-946.638 795.433 2155
-950.312 795.433 2155
-950.444 792.48 2147
-954.104 792.48 2147
-957.764 792.48 2147
-960.081 791.373 2144
-963.736 791.373 2144
-966.488 790.634 2142
-970.14 790.634 2142
-972.428 789.527 2139
-974.705 788.42 2136
-978.347 788.42 2136
-981.988 788.42 2136
-984.245 787.312 2133
-987.881 787.312 2133
-990.588 786.574 2131
-994.221 786.574 2131
-995.044 784.36 2125
-998.666 784.36 2125
-1000.87 783.252 2122
-1004.49 783.252 2122
-1007.16 782.514 2120
-1009.34 781.407 2117
-1011.52 780.299 2114
-1015.12 780.299 2114
-1017.76 779.561 2112
-1018.46 777.346 2106
-1018.17 774.394 2098
-1021.74 774.394 2098
-1024.34 773.655 2096
-1026.44 772.548 2093
-1026.08 769.595 2085
-1029.63 769.595 2085
-1033.18 769.595 2085
-1034.25 767.75 2080
-1036.8 767.011 2078
-1040.34 767.011 2078
-1035.85 761.106 2062
-1035.83 758.522 2055
-1035.29 755.569 2047
-1038.78 755.569 2047
-1039.72 753.723 2042
-1037.08 749.294 2030
-1035.41 745.603 2020
-1038.85 745.603 2020
1747.47 1393.2 3792
1741.01 1393.2 3792
1734.54 1393.2 3792
1716.23 1383.64 3766
1709.81 1383.64 3766
1699.32 1380.34 3757
1681.65 1371.15 3732
1675.29 1371.15 3732
1672.5 1374.09 3740
1666.13 1374.09 3740
1663.75 1377.4 3749
1660.89 1380.34 3757
1661.97 1386.58 3774
1655.54 1386.58 3774
1660.47 1396.14 3800
1684.89 1422.22 3871
1686.1 1428.84 3889
1679.47 1428.84 3889
1684.45 1438.76 3916
1677.78 1438.76 3916
1671.1 1438.76 3916
1434.58 1491.29 4059
1427.66 1491.29 4059
1420.74 1491.29 4059
1410.34 1487.62 4049
1399.97 1483.95 4039
1393.09 1483.95 4039
1376.25 1473.29 4010
1362.92 1466.31 3991
1353.06 1463 3982
1346.27 1463 3982
1329.73 1452.35 3953
1322.99 1452.35 3953
1297.94 1432.14 3898
1291.29 1432.14 3898
1275.75 1422.22 3871
1260.3 1412.3 3844
1247.88 1405.69 3826
1244.27 1409 3835
1237.73 1409 3835
1231.2 1409 3835
1224.66 1409 3835
1215.26 1405.69 3826
1208.74 1405.69 3826
1196.88 1399.44 3809
1190.38 1399.44 3809
1183.89 1399.44 3809
1177.4 1399.44 3809
1170.9 1399.44 3809
1153.71 1386.58 3774
1150.01 1389.89 3783
1146.28 1393.2 3792
1139.82 1393.2 3792
1141.13 1402.75 3818
1134.62 1402.75 3818
1146.43 1425.53 3880
1139.81 1425.53 3880
1143.71 1438.76 3916
1137.04 1438.76 3916
1130.36 1438.76 3916
1123.69 1438.76 3916
1109.31 1428.84 3889
1097.58 1422.22 3871
1090.98 1422.22 3871
1084.38 1422.22 3871
1090.31 1438.76 3916
1091.38 1449.04 3944
1084.66 1449.04 3944
1077.93 1449.04 3944
1068.76 1445.74 3935
1062.06 1445.74 3935
1055.35 1445.74 3935
1051.04 1449.04 3944
1044.31 1449.04 3944
1037.59 1449.04 3944
1028.52 1445.74 3935
1009.86 1428.84 3889
1000.91 1425.53 3880
989.684 1418.92 3862
983.1 1418.92 3862
967.413 1405.69 3826
956.621 1399.44 3809
952.373 1402.75 3818
947.846 1405.69 3826
941.324 1405.69 3826
939.199 1412.3 3844
932.646 1412.3 3844
926.093 1412.3 3844
919.54 1412.3 3844
912.987 1412.3 3844
917.045 1428.84 3889
910.416 1428.84 3889
903.786 1428.84 3889
897.156 1428.84 3889
890.526 1428.84 3889
883.897 1428.84 3889
877.267 1428.84 3889
864.593 1418.92 3862
858.009 1418.92 3862
857.378 1428.84 3889
850.748 1428.84 3889
844.118 1428.84 3889
837.488 1428.84 3889
830.858 1428.84 3889
822.321 1425.53 3880
811.923 1418.92 3862
805.339 1418.92 3862
800.617 1422.22 3871
794.018 1422.22 3871
787.418 1422.22 3871
780.819 1422.22 3871
774.22 1422.22 3871
767.621 1422.22 3871
759.253 1418.92 3862
747.407 1409 3835
740.869 1409 3835
729.353 1399.44 3809
721.152 1396.14 3800
714.674 1396.14 3800
708.196 1396.14 3800
700.24 1393.2 3792
692.129 1389.89 3783
684.049 1386.58 3774
677.615 1386.58 3774
666.735 1377.4 3749
658.759 1374.09 3740
650.988 1371.15 3732
644.626 1371.15 3732
636.895 1368.21 3724
629.192 1365.27 3716
622.857 1365.27 3716
616.523 1365.27 3716
608.71 1361.97 3707
601.09 1359.03 3699
593.498 1356.09 3691
587.206 1356.09 3691
580.914 1356.09 3691
575.867 1359.03 3699
569.561 1359.03 3699
563.255 1359.03 3699
556.949 1359.03 3699
547.071 1350.21 3675
540.806 1350.21 3675
534.541 1350.21 3675
527.126 1347.27 3667
518.46 1341.03 3650
512.238 1341.03 3650
506.015 1341.03 3650
499.793 1341.03 3650
492.489 1338.09 3642
484.277 1332.58 3627
478.094 1332.58 3627
470.87 1329.64 3619
462.646 1323.76 3603
455.49 1320.82 3595
449.362 1320.82 3595
442.37 1318.25 3588
435.281 1315.31 3580
428.219 1312.37 3572
422.129 1312.37 3572
415.225 1309.8 3565
405.59 1298.41 3534
397.982 1293.26 3520
391.981 1293.26 3520
385.103 1290.32 3512
378.361 1287.75 3505
371.536 1284.81 3497
365.574 1284.81 3497
-28.3412 153.942 419
-29.0555 153.942 419
-29.7698 153.942 419
-30.4841 153.942 419
-31.1984 153.942 419
-31.9127 153.942 419
-32.627 153.942 419
-33.2617 153.575 418
-33.9743 153.575 418
-34.6868 153.575 418
-35.2301 152.84 416
-35.8528 152.473 415
-36.5603 152.473 415
-37.178 152.105 414
-37.7922 151.738 413
-38.4031 151.371 412
-39.1054 151.371 412
-39.8078 151.371 412
-40.5102 151.371 412
-41.0125 150.636 410
-41.7114 150.636 410
-42.4103 150.636 410
-43.0041 150.268 409
-43.5945 149.901 408
-44.1815 149.534 407
-44.8754 149.534 407
-45.5692 149.534 407
-46.263 149.534 407
-46.9569 149.534 407
-47.6507 149.534 407
-48.2257 149.166 406
-48.9179 149.166 406
-49.61 149.166 406
-50.3021 149.166 406
-50.9942 149.166 406
-51.5591 148.799 405
-52.2495 148.799 405
-52.9399 148.799 405
-53.6303 148.799 405
-54.1866 148.431 404
-54.4679 147.329 401
-55.1515 147.329 401
-55.8351 147.329 401
-56.5187 147.329 401
-57.2023 147.329 401
-57.8859 147.329 401
-58.5695 147.329 401
-59.2531 147.329 401
-60.3851 148.431 404
-61.0738 148.431 404
-61.7625 148.431 404
-62.4512 148.431 404
-63.14 148.431 404
-63.8287 148.431 404
-64.5174 148.431 404
-65.2061 148.431 404
-65.8948 148.431 404
-66.7484 148.799 405
-67.4388 148.799 405
-68.1292 148.799 405
-68.8196 148.799 405
-69.5101 148.799 405
-70.2005 148.799 405
-70.8909 148.799 405
-71.7581 149.166 406
-72.6286 149.534 407
-73.3225 149.534 407
-74.0163 149.534 407
-74.7101 149.534 407
-75.404 149.534 407
-76.0978 149.534 407
-76.7916 149.534 407
-77.6759 149.901 408
-78.3714 149.901 408
-79.4545 150.636 410
-80.1535 150.636 410
-81.0496 151.003 411
-81.7503 151.003 411
-82.6515 151.371 412
-83.3539 151.371 412
-84.2603 151.738 413
-84.9643 151.738 413
-85.6684 151.738 413
-86.5816 152.105 414
-87.2873 152.105 414
-87.9931 152.105 414
-88.9131 152.473 415
-89.8365 152.84 416
-90.5457 152.84 416
-91.4743 153.208 417
-92.1851 153.208 417
-93.1188 153.575 418
-93.8314 153.575 418
-94.7701 153.942 419
-96.8517 156.147 425
-97.5763 156.147 425
-99.6886 158.351 431
-100.656 158.719 432
-101.393 158.719 432
-102.129 158.719 432
-103.104 159.086 433
-104.082 159.453 434
-104.822 159.453 434
-105.561 159.453 434
-106.301 159.453 434
-107.288 159.821 435
-108.029 159.821 435
-109.021 160.188 436
-110.268 160.923 438
-111.268 161.29 439
-112.016 161.29 439
-113.022 161.658 440
-114.03 162.025 441
-114.782 162.025 441
-115.534 162.025 441
-116.813 162.76 443
-117.834 163.128 444
-118.59 163.128 444
-119.616 163.495 445
-120.645 163.862 446
-121.406 163.862 446
-122.166 163.862 446
-122.926 163.862 446
-123.964 164.23 447
-124.726 164.23 447
-125.488 164.23 447
-126.25 164.23 447
-127.012 164.23 447
-127.774 164.23 447
-151.887 188.478 513
-153.059 188.846 514
-154.235 189.213 515
-155.414 189.581 516
-156.294 189.581 516
-157.478 189.948 517
-158.36 189.948 517
-159.241 189.948 517
-160.122 189.948 517
-161.627 190.683 519
-162.511 190.683 519
-163.711 191.05 520
-164.597 191.05 520
-165.484 191.05 520
-166.37 191.05 520
-167.257 191.05 520
-168.143 191.05 520
-169.355 191.418 521
-170.243 191.418 521
-171.46 191.785 522
-172.349 191.785 522
-173.571 192.152 523
-174.463 192.152 523
-175.354 192.152 523
-850.587 830.701 2261
-862.378 838.417 2282
-866.268 838.417 2282
-872.446 840.621 2288
-876.346 840.621 2288
-880.247 840.621 2288
-882.988 839.519 2285
-886.883 839.519 2285
-890.779 839.519 2285
-894.674 839.519 2285
-898.569 839.519 2285
-901.28 838.417 2282
-905.17 838.417 2282
-907.865 837.314 2279
-910.55 836.212 2276
-910.814 832.906 2267
-913.469 831.803 2264
-916.112 830.701 2261
-918.339 829.231 2257
-920.961 828.129 2254
-924.804 828.129 2254
-927.41 827.027 2251
-928.765 824.823 2245
-925.115 818.209 2227
-923.906 813.8 2215
-927.682 813.8 2215
-924.309 807.555 2198
-925.523 805.35 2192
-923.325 800.206 2178
-927.038 800.206 2178
-928.187 798.002 2172
-929.744 796.165 2167
-930.854 793.961 2161
-934.538 793.961 2161
-936.919 792.858 2158
-940.598 792.858 2158
-942.964 791.756 2155
-946.638 791.756 2155
-949.43 791.021 2153
-951.772 789.919 2150
-954.104 788.817 2147
-957.764 788.817 2147
-961.424 788.817 2147
-963.736 787.715 2144
-966.488 786.98 2142
-970.14 786.98 2142
-973.792 786.98 2142
-976.074 785.878 2139
-978.347 784.776 2136
-981.988 784.776 2136
-984.245 783.673 2133
-987.881 783.673 2133
-990.588 782.939 2131
-994.221 782.939 2131
-995.044 780.734 2125
-998.666 780.734 2125
-1002.29 780.734 2125
-1005.91 780.734 2125
-1007.16 778.897 2120
-1009.34 777.795 2117
-1011.52 776.693 2114
-1015.12 776.693 2114
-1017.76 775.958 2112
-1018.46 773.753 2106
-1018.17 770.814 2098
-1021.74 770.814 2098
-1022.88 768.977 2093
-1026.44 768.977 2093
-1026.08 766.038 2085
-1029.63 766.038 2085
-1032.19 765.303 2083
-1033.26 763.466 2078
-1035.3 762.364 2075
-1038.84 762.364 2075
-1034.84 756.853 2060
-1034.32 753.914 2052
-1033.77 750.974 2044
-1037.26 750.974 2044
-1037.18 748.403 2037
-1034.52 743.994 2025
-1032.85 740.32 2015
-1036.28 740.32 2015
1751.16 1389.65 3800
1744.68 1389.65 3800
1738.2 1389.65 3800
1731.73 1389.65 3800
1725.25 1389.65 3800
1718.77 1389.65 3800
1696.97 1377.22 3766
1671.7 1361.86 3724
1665.35 1361.86 3724
1659 1361.86 3724
1652.65 1361.86 3724
1649.84 1364.79 3732
1665.94 1383.44 3783
1659.49 1383.44 3783
1691.49 1415.62 3871
1688.81 1418.91 3880
1686.1 1422.2 3889
1679.47 1422.2 3889
1684.45 1432.07 3916
1677.78 1432.07 3916
1671.1 1432.07 3916
1438.12 1488.03 4069
1431.18 1488.03 4069
1424.24 1488.03 4069
1410.34 1480.71 4049
1403.44 1480.71 4049
1396.54 1480.71 4049
1376.25 1466.45 4010
1366.34 1463.16 4001
1353.06 1456.21 3982
1346.27 1456.21 3982
1336.12 1452.55 3972
1322.99 1445.6 3953
1313.26 1442.31 3944
1306.53 1442.31 3944
1281.68 1422.2 3889
1260.3 1405.74 3844
1265.49 1418.91 3880
1258.87 1418.91 3880
1252.26 1418.91 3880
1245.64 1418.91 3880
1224.66 1402.45 3835
1218.12 1402.45 3835
1211.58 1402.45 3835
1202.22 1399.16 3826
1201.32 1405.74 3844
1194.77 1405.74 3844
1188.22 1405.74 3844
1176.13 1399.16 3826
1169.61 1399.16 3826
1157.92 1392.94 3809
1154.14 1396.24 3818
1147.63 1396.24 3818
1141.13 1396.24 3818
1150.37 1415.62 3871
1146.43 1418.91 3880
1142.46 1422.2 3889
1151.89 1442.31 3944
1145.17 1442.31 3944
1138.44 1442.31 3944
1131.72 1442.31 3944
1119.58 1435.37 3925
1112.89 1435.37 3925
1103.66 1432.07 3916
1096.98 1432.07 3916
1103.39 1449.26 3963
1099.13 1452.55 3972
1092.36 1452.55 3972
1085.58 1452.55 3972
1073.65 1445.6 3953
1066.91 1445.6 3953
1060.18 1445.6 3953
1058.5 1452.55 3972
1051.73 1452.55 3972
1044.96 1452.55 3972
1035.83 1449.26 3963
1021.81 1439.02 3935
1010.2 1432.07 3916
996.603 1422.2 3889
989.973 1422.2 3889
976.516 1412.33 3862
969.932 1412.33 3862
963.349 1412.33 3862
956.765 1412.33 3862
950.181 1412.33 3862
943.597 1412.33 3862
937.014 1412.33 3862
930.43 1412.33 3862
923.846 1412.33 3862
917.262 1412.33 3862
917.045 1422.2 3889
910.416 1422.2 3889
903.786 1422.2 3889
897.156 1422.2 3889
890.526 1422.2 3889
883.897 1422.2 3889
877.267 1422.2 3889
864.593 1412.33 3862
858.009 1412.33 3862
857.378 1422.2 3889
850.748 1422.2 3889
844.118 1422.2 3889
837.488 1422.2 3889
830.858 1422.2 3889
822.321 1418.91 3880
811.923 1412.33 3862
805.339 1412.33 3862
800.617 1415.62 3871
794.018 1415.62 3871
787.418 1415.62 3871
780.819 1415.62 3871
774.22 1415.62 3871
767.621 1415.62 3871
759.253 1412.33 3862
747.407 1402.45 3835
740.869 1402.45 3835
732.608 1399.16 3826
722.86 1392.94 3809
714.674 1389.65 3800
708.196 1389.65 3800
700.24 1386.73 3792
693.776 1386.73 3792
685.68 1383.44 3783
679.231 1383.44 3783
669.759 1377.22 3766
660.344 1371 3749
652.383 1367.71 3740
646.007 1367.71 3740
638.264 1364.79 3732
630.547 1361.86 3724
624.198 1361.86 3724
617.85 1361.86 3724
611.501 1361.86 3724
603.853 1358.93 3716
597.518 1358.93 3716
591.183 1358.93 3716
584.848 1358.93 3716
578.514 1358.93 3716
572.179 1358.93 3716
565.844 1358.93 3716
559.509 1358.93 3716
550.643 1352.72 3699
543.16 1349.79 3691
536.868 1349.79 3691
529.426 1346.87 3683
522.011 1343.94 3675
514.623 1341.02 3667
508.372 1341.02 3667
502.121 1341.02 3667
495.869 1341.02 3667
487.348 1334.8 3650
481.126 1334.8 3650
472.952 1329.31 3635
464.701 1323.46 3619
456.504 1317.61 3603
450.362 1317.61 3603
444.22 1317.61 3603
436.254 1312.13 3588
429.178 1309.2 3580
423.075 1309.2 3580
416.04 1306.27 3572
409.147 1303.71 3565
399.565 1292.38 3534
393.54 1292.38 3534
385.981 1287.26 3520
379.98 1287.26 3520
373.129 1284.33 3512
367.142 1284.33 3512
-29.7698 153.228 419
-30.4841 153.228 419
-31.1984 153.228 419
-31.9127 153.228 419
-32.5491 152.862 418
-33.2617 152.862 418
-33.9743 152.862 418
-34.6039 152.496 417
-35.2301 152.13 416
-35.7664 151.399 414
-36.4722 151.399 414
-37.0882 151.033 413
-37.7922 151.033 413
-38.4031 150.668 412
-39.1054 150.668 412
-39.8078 150.668 412
-40.4118 150.302 411
-41.0125 149.936 410
-41.7114 149.936 410
-42.4103 149.936 410
-43.0041 149.571 409
-43.5945 149.205 408
-44.1815 148.839 407
-44.8754 148.839 407
-45.5692 148.839 407
-46.263 148.839 407
-46.9569 148.839 407
-47.6507 148.839 407
-48.2257 148.473 406
-48.9179 148.473 406
-49.61 148.473 406
-50.3021 148.473 406
-50.9942 148.473 406
-51.5591 148.108 405
-52.2495 148.108 405
-52.9399 148.108 405
-53.6303 148.108 405
-54.1866 147.742 404
-54.4679 146.645 401
-55.1515 146.645 401
-55.8351 146.645 401
-56.5187 146.645 401
-57.2023 146.645 401
-57.8859 146.645 401
-58.5695 146.645 401
-59.2531 146.645 401
-60.3851 147.742 404
-61.0738 147.742 404
-61.7625 147.742 404
-62.4512 147.742 404
-63.14 147.742 404
-63.8287 147.742 404
-64.5174 147.742 404
-65.2061 147.742 404
-65.8948 147.742 404
-66.7484 148.108 405
-67.4388 148.108 405
-68.1292 148.108 405
-68.8196 148.108 405
-69.5101 148.108 405
-70.2005 148.108 405
-71.0659 148.473 406
-71.7581 148.473 406
-72.6286 148.839 407
-73.3225 148.839 407
-74.0163 148.839 407
-74.7101 148.839 407
-75.404 148.839 407
-76.0978 148.839 407
-76.9803 149.205 408
-77.6759 149.205 408
-78.3714 149.205 408
-79.4545 149.936 410
-80.349 150.302 411
-81.2468 150.668 412
-81.9492 150.668 412
-82.6515 150.668 412
-83.5562 151.033 413
-84.2603 151.033 413
-84.9643 151.033 413
-85.6684 151.033 413
-86.5816 151.399 414
-87.2873 151.399 414
-87.9931 151.399 414
-89.1274 152.13 416
-89.8365 152.13 416
-90.5457 152.13 416
-91.4743 152.496 417
-92.4062 152.862 418
-93.3416 153.228 419
-94.0558 153.228 419
-94.7701 153.228 419
-97.0796 155.787 426
-97.8059 155.787 426
-99.226 156.885 429
-100.656 157.982 432
-101.393 157.982 432
-102.129 157.982 432
-103.104 158.347 433
-104.082 158.713 434
-104.822 158.713 434
-105.561 158.713 434
-106.546 159.079 435
-107.534 159.444 436
-108.278 159.444 436
-109.021 159.444 436
-110.268 160.176 438
-111.268 160.542 439
-112.016 160.542 439
-113.022 160.907 440
-114.03 161.273 441
-114.782 161.273 441
-115.534 161.273 441
-116.813 162.004 443
-117.834 162.37 444
-118.59 162.37 444
-119.616 162.736 445
-120.645 163.101 446
-121.406 163.101 446
-122.166 163.101 446
-122.926 163.101 446
-123.964 163.467 447
-124.726 163.467 447
-125.488 163.467 447
-126.25 163.467 447
-153.059 187.969 514
-154.235 188.335 515
-155.414 188.7 516
-156.294 188.7 516
-157.478 189.066 517
-158.36 189.066 517
-159.241 189.066 517
-160.122 189.066 517
-161.627 189.797 519
-162.511 189.797 519
-163.711 190.163 520
-164.597 190.163 520
-165.484 190.163 520
-166.37 190.163 520
-167.257 190.163 520
-168.143 190.163 520
-169.355 190.529 521
-170.243 190.529 521
-171.46 190.894 522
-172.349 190.894 522
-173.571 191.26 523
-174.463 191.26 523
-175.354 191.26 523
-872.446 836.717 2288
-876.346 836.717 2288
-880.247 836.717 2288
-882.988 835.62 2285
-886.883 835.62 2285
-890.779 835.62 2285
-894.674 835.62 2285
-898.569 835.62 2285
-901.28 834.523 2282
-905.17 834.523 2282
-907.865 833.426 2279
-908.15 830.135 2270
-909.609 827.941 2264
-913.469 827.941 2264
-914.492 825.381 2257
-917.119 824.284 2254
-920.961 824.284 2254
-924.804 824.284 2254
-926.174 822.09 2248
-927.524 819.895 2242
-920.13 810.021 2215
-921.821 808.193 2210
-925.588 808.193 2210
-923.048 802.707 2195
-922.145 798.685 2184
-923.325 796.491 2178
-927.038 796.491 2178
-928.187 794.296 2172
-928.457 791.371 2164
-930.854 790.274 2161
-934.538 790.274 2161
-936.919 789.177 2158
-940.598 789.177 2158
-942.964 788.08 2155
-946.638 788.08 2155
-949.43 787.348 2153
-951.772 786.251 2150
-954.104 785.154 2147
-957.764 785.154 2147
-961.424 785.154 2147
-963.736 784.057 2144
-966.488 783.326 2142
-970.14 783.326 2142
-973.792 783.326 2142
-976.074 782.228 2139
-978.347 781.131 2136
-981.988 781.131 2136
-984.245 780.034 2133
-987.881 780.034 2133
-990.588 779.303 2131
-994.221 779.303 2131
-995.044 777.109 2125
-998.666 777.109 2125
-1002.29 777.109 2125
-1005.91 777.109 2125
-1007.16 775.28 2120
-1009.34 774.183 2117
-1011.52 773.086 2114
-1015.12 773.086 2114
-1017.76 772.355 2112
-1018.46 770.16 2106
-1018.17 767.235 2098
-1021.74 767.235 2098
-1022.88 765.406 2093
-1026.44 765.406 2093
-1026.08 762.481 2085
-1029.63 762.481 2085
-1032.19 761.749 2083
-1033.26 759.921 2078
-1035.3 758.824 2075
-1038.84 758.824 2075
-1034.84 753.338 2060
-1034.32 750.413 2052
-1033.77 747.487 2044
-1037.26 747.487 2044
-1037.18 744.927 2037
-1034.52 740.539 2025
-1032.85 736.882 2015
-1036.28 736.882 2015
1751.16 1383.17 3800
1744.68 1383.17 3800
1774.8 1412.29 3880
1768.18 1412.29 3880
1761.57 1412.29 3880
1742.74 1402.46 3853
1716.35 1386.45 3809
1705.81 1383.17 3800
1699.34 1383.17 3800
1692.86 1383.17 3800
1678.84 1376.98 3783
1664.87 1370.79 3766
1704.69 1409.01 3871
1698.09 1409.01 3871
1711.16 1425.39 3916
1704.48 1425.39 3916
1701.71 1428.67 3925
1695.01 1428.67 3925
1688.32 1428.67 3925
1438.12 1481.08 4069
1431.18 1481.08 4069
1424.24 1481.08 4069
1410.34 1473.8 4049
1403.44 1473.8 4049
1396.54 1473.8 4049
1376.25 1459.61 4010
1366.34 1456.33 4001
1353.06 1449.42 3982
1346.27 1449.42 3982
1336.12 1445.78 3972
1322.99 1438.86 3953
1313.26 1435.58 3944
1306.53 1435.58 3944
1281.68 1415.57 3889
1260.3 1399.19 3844
1265.49 1412.29 3880
1258.87 1412.29 3880
1252.26 1412.29 3880
1245.64 1412.29 3880
1239.03 1412.29 3880
1232.42 1412.29 3880
1217.27 1402.46 3853
1207.87 1399.19 3844
1209.76 1409.01 3871
1203.16 1409.01 3871
1196.56 1409.01 3871
1189.96 1409.01 3871
1183.36 1409.01 3871
1176.76 1409.01 3871
1159.28 1395.91 3835
1160.86 1405.74 3862
1156.97 1409.01 3871
1153.04 1412.29 3880
1146.43 1412.29 3880
1158.61 1435.58 3944
1160.07 1445.78 3972
1153.3 1445.78 3972
1146.53 1445.78 3972
1137.17 1442.5 3963
1130.42 1442.5 3963
1123.66 1442.5 3963
1116.9 1442.5 3963
1112.67 1445.78 3972
1111.19 1452.69 3991
1104.39 1452.69 3991
1097.58 1452.69 3991
1090.78 1452.69 3991
1081.53 1449.42 3982
1074.74 1449.42 3982
1065.27 1445.78 3972
1061.16 1449.42 3982
1054.38 1449.42 3982
1047.59 1449.42 3982
1038.19 1445.78 3972
1024.14 1435.58 3944
1015.1 1432.31 3935
1008.39 1432.31 3935
994.555 1422.12 3907
983.343 1415.57 3889
978.974 1418.84 3898
972.328 1418.84 3898
965.683 1418.84 3898
954.61 1412.29 3880
950.194 1415.57 3889
943.564 1415.57 3889
936.935 1415.57 3889
930.305 1415.57 3889
923.675 1415.57 3889
921.29 1422.12 3907
914.629 1422.12 3907
907.969 1422.12 3907
901.309 1422.12 3907
892.587 1418.84 3898
885.942 1418.84 3898
879.297 1418.84 3898
872.652 1418.84 3898
866.007 1418.84 3898
861.346 1422.12 3907
854.685 1422.12 3907
848.025 1422.12 3907
841.365 1422.12 3907
834.704 1422.12 3907
826.136 1418.84 3898
815.707 1412.29 3880
809.092 1412.29 3880
802.478 1412.29 3880
795.864 1412.29 3880
789.249 1412.29 3880
784.45 1415.57 3889
777.82 1415.57 3889
771.191 1415.57 3889
762.791 1412.29 3880
750.915 1402.46 3853
744.347 1402.46 3853
732.608 1392.63 3826
722.86 1386.45 3809
714.674 1383.17 3800
708.196 1383.17 3800
700.24 1380.26 3792
693.776 1380.26 3792
685.68 1376.98 3783
679.231 1376.98 3783
669.759 1370.79 3766
660.344 1364.61 3749
652.383 1361.33 3740
646.007 1361.33 3740
638.264 1358.42 3732
630.547 1355.51 3724
624.198 1355.51 3724
617.85 1355.51 3724
611.501 1355.51 3724
603.853 1352.59 3716
597.518 1352.59 3716
591.183 1352.59 3716
584.848 1352.59 3716
578.514 1352.59 3716
572.179 1352.59 3716
567.062 1355.51 3724
560.714 1355.51 3724
554.365 1355.51 3724
546.839 1352.59 3716
540.505 1352.59 3716
531.726 1346.41 3699
525.42 1346.41 3699
517.992 1343.49 3691
511.699 1343.49 3691
505.407 1343.49 3691
498.033 1340.58 3683
490.686 1337.67 3675
484.421 1337.67 3675
477.115 1334.76 3667
468.681 1328.57 3650
462.459 1328.57 3650
456.237 1328.57 3650
447.179 1320.2 3627
440.023 1317.29 3619
432.894 1314.38 3611
426.738 1314.38 3611
420.583 1314.38 3611
411.787 1306 3588
404.766 1303.09 3580
398.663 1303.09 3580
390.038 1294.72 3557
382.355 1289.26 3542
375.467 1286.35 3534
369.442 1286.35 3534
-29.7698 152.513 419
-30.4841 152.513 419
-31.1984 152.513 419
-31.9127 152.513 419
-32.5491 152.149 418
-33.2617 152.149 418
-33.9743 152.149 418
-34.6039 151.785 417
-35.1454 151.057 415
-35.7664 150.693 414
-36.4722 150.693 414
-37.0882 150.329 413
-37.7922 150.329 413
-38.4031 149.965 412
-39.1054 149.965 412
-39.8078 149.965 412
-40.4118 149.601 411
-41.0125 149.237 410
-41.6097 148.873 409
-42.3069 148.873 409
-42.899 148.509 408
-43.5945 148.509 408
-44.1815 148.145 407
-44.8754 148.145 407
-45.5692 148.145 407
-46.263 148.145 407
-46.8415 147.781 406
-47.5336 147.781 406
-48.2257 147.781 406
-48.9179 147.781 406
-49.61 147.781 406
-50.3021 147.781 406
-50.9942 147.781 406
-51.5591 147.417 405
-52.2495 147.417 405
-52.9399 147.417 405
-53.6303 147.417 405
-54.1866 147.053 404
-54.4679 145.961 401
-55.1515 145.961 401
-55.8351 145.961 401
-56.5187 145.961 401
-57.2023 145.961 401
-57.8859 145.961 401
-58.5695 145.961 401
-59.2531 145.961 401
-60.3851 147.053 404
-61.0738 147.053 404
-61.7625 147.053 404
-62.4512 147.053 404
-63.14 147.053 404
-63.8287 147.053 404
-64.5174 147.053 404
-65.2061 147.053 404
-65.8948 147.053 404
-66.7484 147.417 405
-67.4388 147.417 405
-68.1292 147.417 405
-68.8196 147.417 405
-69.5101 147.417 405
-70.2005 147.417 405
-71.0659 147.781 406
-71.7581 147.781 406
-72.6286 148.145 407
-73.3225 148.145 407
-74.0163 148.145 407
-74.7101 148.145 407
-75.404 148.145 407
-76.0978 148.145 407
-76.9803 148.509 408
-77.6759 148.509 408
-78.3714 148.509 408
-79.4545 149.237 410
-80.349 149.601 411
-81.2468 149.965 412
-81.9492 149.965 412
-82.6515 149.965 412
-83.5562 150.329 413
-84.2603 150.329 413
-84.9643 150.329 413
-85.6684 150.329 413
-86.5816 150.693 414
-87.2873 150.693 414
-87.9931 150.693 414
-89.1274 151.421 416
-90.0525 151.785 417
-90.7634 151.785 417
-91.4743 151.785 417
-92.4062 152.149 418
-93.3416 152.513 419
-94.0558 152.513 419
-94.9963 152.877 420
-97.5354 155.789 428
-98.265 155.789 428
-99.226 156.153 429
-100.656 157.245 432
-101.393 157.245 432
-102.129 157.245 432
-103.104 157.609 433
-104.082 157.973 434
-104.822 157.973 434
-105.561 157.973 434
-106.546 158.337 435
-107.534 158.701 436
-108.278 158.701 436
-109.521 159.429 438
-110.52 159.793 439
-111.268 159.793 439
-112.016 159.793 439
-113.022 160.157 440
-114.03 160.521 441
-114.782 160.521 441
-115.796 160.884 442
-116.813 161.248 443
-118.099 161.976 445
-118.858 161.976 445
-119.616 161.976 445
-120.645 162.34 446
-121.406 162.34 446
-122.166 162.34 446
-122.926 162.34 446
-123.964 162.704 447
-124.726 162.704 447
-125.488 162.704 447
-126.25 162.704 447
-151.307 187.092 514
-152.183 187.092 514
-153.357 187.456 515
-154.235 187.456 515
-155.414 187.82 516
-156.294 187.82 516
-157.478 188.184 517
-158.36 188.184 517
-159.241 188.184 517
-160.122 188.184 517
-161.315 188.548 518
-162.511 188.912 519
-163.711 189.276 520
-164.597 189.276 520
-165.484 189.276 520
-166.37 189.276 520
-167.257 189.276 520
-168.143 189.276 520
-169.355 189.64 521
-170.243 189.64 521
-171.131 189.64 521
-172.019 189.64 521
-173.571 190.368 523
-174.463 190.368 523
-175.354 190.368 523
-872.446 832.814 2288
-876.346 832.814 2288
-880.247 832.814 2288
-882.988 831.722 2285
-886.883 831.722 2285
-890.779 831.722 2285
-894.674 831.722 2285
-898.569 831.722 2285
-901.28 830.63 2282
-905.17 830.63 2282
-907.865 829.538 2279
-908.15 826.262 2270
-909.609 824.078 2264
-913.469 824.078 2264
-914.492 821.53 2257
-915.898 819.346 2251
-918.51 818.254 2248
-922.342 818.254 2248
-923.702 816.07 2242
-923.801 812.794 2233
-919.299 805.514 2213
-918.067 801.147 2201
-921.819 801.147 2201
-921.786 797.871 2192
-920.879 793.867 2181
-922.053 791.683 2175
-925.761 791.683 2175
-926.905 789.499 2169
-928.457 787.679 2164
-930.854 786.587 2161
-934.538 786.587 2161
-936.919 785.495 2158
-940.598 785.495 2158
-942.964 784.403 2155
-946.638 784.403 2155
-949.43 783.675 2153
-951.772 782.583 2150
-954.104 781.491 2147
-957.764 781.491 2147
-961.424 781.491 2147
-963.736 780.399 2144
-966.488 779.671 2142
-970.14 779.671 2142
-973.792 779.671 2142
-976.074 778.579 2139
-978.347 777.487 2136
-981.988 777.487 2136
-984.245 776.395 2133
-987.881 776.395 2133
-990.588 775.667 2131
-994.221 775.667 2131
-995.044 773.483 2125
-998.666 773.483 2125
-1002.29 773.483 2125
-1005.91 773.483 2125
-1007.16 771.663 2120
-1009.34 770.571 2117
-1011.52 769.479 2114
-1015.12 769.479 2114
-1017.76 768.751 2112
-1018.46 766.567 2106
-1018.17 763.655 2098
-1021.74 763.655 2098
-1022.88 761.835 2093
-1026.44 761.835 2093
-1026.08 758.923 2085
-1029.63 758.923 2085
-1030.71 757.104 2080
-1033.26 756.375 2078
-1035.3 755.284 2075
-1038.84 755.284 2075
-1033.34 748.732 2057
-1031.8 745.092 2047
-1033.77 744 2044
-1037.26 744 2044
-1035.65 740.36 2034
-1032.99 735.992 2022
-1032.85 733.444 2015
-1036.28 733.444 2015
1751.16 1376.69 3800
1744.68 1376.69 3800
1774.8 1405.67 3880
1768.18 1405.67 3880
1761.57 1405.67 3880
1742.74 1395.89 3853
1716.35 1379.95 3809
1725.57 1392.63 3844
1719.01 1392.63 3844
1712.46 1392.63 3844
1690.37 1379.95 3809
1672.39 1370.53 3783
1712.62 1408.93 3889
1705.99 1408.93 3889
1715.09 1421.97 3925
1712.75 1425.6 3935
1718.18 1435.74 3963
1711.43 1435.74 3963
1704.67 1435.74 3963
1438.12 1474.14 4069
1431.18 1474.14 4069
1424.24 1474.14 4069
1410.34 1466.9 4049
1403.44 1466.9 4049
1396.54 1466.9 4049
1386.2 1463.27 4039
1366.34 1449.51 4001
1356.12 1445.88 3991
1349.32 1445.88 3991
1339.49 1442.62 3982
1332.7 1442.62 3982
1316.25 1432.12 3953
1309.51 1432.12 3953
1281.68 1408.93 3889
1275.05 1408.93 3889
1280.16 1421.97 3925
1273.47 1421.97 3925
1266.78 1421.97 3925
1248.53 1408.93 3889
1239.03 1405.67 3880
1232.42 1405.67 3880
1217.27 1395.89 3853
1207.87 1392.63 3844
1209.76 1402.41 3871
1203.16 1402.41 3871
1196.56 1402.41 3871
1189.96 1402.41 3871
1183.36 1402.41 3871
1176.76 1402.41 3871
1159.28 1389.37 3835
1160.86 1399.15 3862
1156.97 1402.41 3871
1153.04 1405.67 3880
1146.43 1405.67 3880
1158.61 1428.86 3944
1160.07 1439 3972
1153.3 1439 3972
1146.53 1439 3972
1137.17 1435.74 3963
1130.42 1435.74 3963
1123.66 1435.74 3963
1116.9 1435.74 3963
1112.67 1439 3972
1119.26 1456.39 4020
1112.41 1456.39 4020
1105.56 1456.39 4020
1098.7 1456.39 4020
1086.69 1449.51 4001
1079.87 1449.51 4001
1070.37 1445.88 3991
1063.56 1445.88 3991
1056.76 1445.88 3991
1049.96 1445.88 3991
1043.15 1445.88 3991
1031.41 1439 3972
1017.42 1428.86 3944
1010.7 1428.86 3944
1003.97 1428.86 3944
987.894 1415.45 3907
981.234 1415.45 3907
974.573 1415.45 3907
967.913 1415.45 3907
961.253 1415.45 3907
954.592 1415.45 3907
947.932 1415.45 3907
941.271 1415.45 3907
934.611 1415.45 3907
927.95 1415.45 3907
927.892 1425.6 3935
921.184 1425.6 3935
916.568 1428.86 3944
909.844 1428.86 3944
903.121 1428.86 3944
896.397 1428.86 3944
889.674 1428.86 3944
876.682 1418.71 3916
872.005 1421.97 3925
865.314 1421.97 3925
860.811 1425.6 3935
854.102 1425.6 3935
847.394 1425.6 3935
840.686 1425.6 3935
829.951 1418.71 3916
821.383 1415.45 3907
812.846 1412.19 3898
806.201 1412.19 3898
799.556 1412.19 3898
794.741 1415.45 3907
788.081 1415.45 3907
781.42 1415.45 3907
772.975 1412.19 3898
764.561 1408.93 3889
754.423 1402.41 3871
747.824 1402.41 3871
732.608 1386.11 3826
724.568 1383.21 3818
716.366 1379.95 3809
709.873 1379.95 3809
701.717 1376.69 3800
693.776 1373.79 3792
687.311 1373.79 3792
680.847 1373.79 3792
671.181 1367.27 3774
663.339 1364.37 3766
655.349 1361.11 3757
648.944 1361.11 3757
641.171 1358.21 3749
634.78 1358.21 3749
626.88 1354.95 3740
620.504 1354.95 3740
611.501 1349.15 3724
605.153 1349.15 3724
597.518 1346.25 3716
591.183 1346.25 3716
584.848 1346.25 3716
579.759 1349.15 3724
573.411 1349.15 3724
567.062 1349.15 3724
560.714 1349.15 3724
554.365 1349.15 3724
546.839 1346.25 3716
540.505 1346.25 3716
531.726 1340.1 3699
525.42 1340.1 3699
517.992 1337.2 3691
511.699 1337.2 3691
505.407 1337.2 3691
498.033 1334.3 3683
490.686 1331.4 3675
484.421 1331.4 3675
477.115 1328.5 3667
468.681 1322.34 3650
462.459 1322.34 3650
456.237 1322.34 3650
447.179 1314.01 3627
440.023 1311.11 3619
432.894 1308.21 3611
426.738 1308.21 3611
420.583 1308.21 3611
411.787 1299.88 3588
404.766 1296.98 3580
398.663 1296.98 3580
392.56 1296.98 3580
386.457 1296.98 3580
380.354 1296.98 3580
374.251 1296.98 3580
-29.7698 151.798 419
-30.4841 151.798 419
-31.1984 151.798 419
-31.9127 151.798 419
-32.5491 151.436 418
-33.2617 151.436 418
-33.9743 151.436 418
-34.6039 151.073 417
-35.1454 150.349 415
-35.7664 149.986 414
-36.4722 149.986 414
-37.0882 149.624 413
-37.7922 149.624 413
-38.4031 149.262 412
-39.1054 149.262 412
-39.8078 149.262 412
-40.4118 148.9 411
-41.0125 148.537 410
-41.6097 148.175 409
-42.3069 148.175 409
-42.899 147.813 408
-43.5945 147.813 408
-44.1815 147.45 407
-44.8754 147.45 407
-45.5692 147.45 407
-46.1494 147.088 406
-46.8415 147.088 406
-47.5336 147.088 406
-48.2257 147.088 406
-48.9179 147.088 406
-49.61 147.088 406
-50.3021 147.088 406
-50.9942 147.088 406
-51.5591 146.726 405
-52.2495 146.726 405
-52.9399 146.726 405
-53.6303 146.726 405
-54.1866 146.364 404
-54.6037 145.639 402
-55.289 145.639 402
-55.9743 145.639 402
-56.6596 145.639 402
-57.2023 145.277 401
-57.8859 145.277 401
-58.5695 145.277 401
-59.4008 145.639 402
-60.3851 146.364 404
-61.0738 146.364 404
-61.7625 146.364 404
-62.4512 146.364 404
-63.14 146.364 404
-63.8287 146.364 404
-64.5174 146.364 404
-65.2061 146.364 404
-65.8948 146.364 404
-66.5836 146.364 404
-67.2723 146.364 404
-68.1292 146.726 405
-68.8196 146.726 405
-69.5101 146.726 405
-70.2005 146.726 405
-71.0659 147.088 406
-71.7581 147.088 406
-72.6286 147.45 407
-73.3225 147.45 407
-74.0163 147.45 407
-74.7101 147.45 407
-75.404 147.45 407
-76.2848 147.813 408
-76.9803 147.813 408
-77.6759 147.813 408
-78.3714 147.813 408
-79.4545 148.537 410
-80.349 148.9 411
-81.2468 149.262 412
-81.9492 149.262 412
-82.6515 149.262 412
-83.5562 149.624 413
-84.2603 149.624 413
-84.9643 149.624 413
-85.6684 149.624 413
-86.5816 149.986 414
-87.2873 149.986 414
-87.9931 149.986 414
-89.1274 150.711 416
-90.0525 151.073 417
-90.7634 151.073 417
-91.4743 151.073 417
-92.4062 151.436 418
-93.3416 151.798 419
-94.0558 151.798 419
-94.9963 152.16 420
-97.5354 155.058 428
-98.265 155.058 428
-99.226 155.421 429
-100.656 156.508 432
-101.393 156.508 432
-102.129 156.508 432
-103.342 157.232 434
-104.082 157.232 434
-104.822 157.232 434
-105.805 157.594 435
-106.791 157.957 436
-107.781 158.319 437
-108.526 158.319 437
-109.521 158.681 438
-110.52 159.044 439
-111.268 159.044 439
-112.271 159.406 440
-113.278 159.768 441
-114.03 159.768 441
-114.782 159.768 441
-115.796 160.13 442
-117.077 160.855 444
-118.099 161.217 445
-118.858 161.217 445
-119.885 161.58 446
-120.645 161.58 446
-121.406 161.58 446
-122.166 161.58 446
-122.926 161.58 446
-123.964 161.942 447
-124.726 161.942 447
-125.488 161.942 447
-126.25 161.942 447
-127.012 161.942 447
-151.601 186.577 515
-152.479 186.577 515
-153.357 186.577 515
-154.535 186.94 516
-155.414 186.94 516
-156.294 186.94 516
-157.478 187.302 517
-158.36 187.302 517
-159.241 187.302 517
-160.122 187.302 517
-161.315 187.664 518
-162.198 187.664 518
-163.396 188.026 519
-164.281 188.026 519
-165.166 188.026 519
-166.05 188.026 519
-167.257 188.389 520
-168.143 188.389 520
-169.03 188.389 520
-169.916 188.389 520
-170.803 188.389 520
-866.726 823.476 2273
-872.899 825.65 2279
-876.784 825.65 2279
-882.988 827.823 2285
-886.883 827.823 2285
-890.779 827.823 2285
-894.674 827.823 2285
-898.569 827.823 2285
-900.095 825.65 2279
-903.98 825.65 2279
-907.865 825.65 2279
-908.15 822.389 2270
-909.609 820.215 2264
-913.469 820.215 2264
-914.492 817.679 2257
-915.898 815.506 2251
-918.51 814.419 2248
-922.342 814.419 2248
-923.702 812.245 2242
-923.801 808.985 2233
-919.299 801.739 2213
-918.067 797.391 2201
-921.819 797.391 2201
-921.786 794.131 2192
-920.879 790.146 2181
-922.053 787.972 2175
-925.761 787.972 2175
-926.905 785.798 2169
-928.457 783.987 2164
-930.854 782.9 2161
-934.538 782.9 2161
-936.919 781.813 2158
-940.598 781.813 2158
-942.964 780.726 2155
-946.638 780.726 2155
-949.43 780.002 2153
-951.772 778.915 2150
-954.104 777.828 2147
-957.764 777.828 2147
-961.424 777.828 2147
-963.736 776.741 2144
-966.488 776.017 2142
-970.14 776.017 2142
-973.792 776.017 2142
-976.074 774.93 2139
-978.347 773.843 2136
-981.988 773.843 2136
-984.245 772.756 2133
-987.881 772.756 2133
-990.588 772.031 2131
-994.221 772.031 2131
-995.044 769.858 2125
-998.666 769.858 2125
-1000.87 768.771 2122
-1004.49 768.771 2122
-1007.16 768.046 2120
-1009.34 766.959 2117
-1011.52 765.873 2114
-1015.12 765.873 2114
-1014.87 762.974 2106
-1017.49 762.25 2104
-1018.17 760.076 2098
-1021.74 760.076 2098
-1022.88 758.265 2093
-1023.99 756.453 2088
-1023.61 753.555 2080
-1027.16 753.555 2080
-1029.72 752.83 2078
-1031.77 751.743 2075
-1032.81 749.932 2070
-1036.34 749.932 2070
-1033.34 745.222 2057
-1031.8 741.599 2047
-1030.23 737.977 2037
-1033.71 737.977 2037
-1034.63 736.165 2032
-1032.99 732.542 2022
-1032.85 730.006 2015
-1036.28 730.006 2015
1791.27 1412.03 3916
1784.59 1412.03 3916
1777.91 1412.03 3916
1771.24 1412.03 3916
1740.23 1392.56 3862
1725.57 1386.07 3844
1719.01 1386.07 3844
1712.46 1386.07 3844
1690.37 1373.45 3809
1672.39 1364.07 3783
1712.62 1402.3 3889
1705.99 1402.3 3889
1715.09 1415.28 3925
1712.75 1418.88 3935
1718.18 1428.98 3963
1711.43 1428.98 3963
1704.67 1428.98 3963
1441.65 1470.81 4079
1434.7 1470.81 4079
1427.74 1470.81 4079
1417.31 1467.2 4069
1410.37 1467.2 4069
1403.43 1467.2 4069
1389.63 1459.99 4049
1366.34 1442.68 4001
1356.12 1439.07 3991
1349.32 1439.07 3991
1339.49 1435.83 3982
1332.7 1435.83 3982
1316.25 1425.37 3953
1309.51 1425.37 3953
1281.68 1402.3 3889
1286.86 1415.28 3925
1280.16 1415.28 3925
1273.47 1415.28 3925
1266.78 1415.28 3925
1260.09 1415.28 3925
1239.03 1399.05 3880
1232.42 1399.05 3880
1222.96 1395.8 3871
1216.36 1395.8 3871
1226.64 1415.28 3925
1219.94 1415.28 3925
1213.25 1415.28 3925
1206.56 1415.28 3925
1191.62 1405.54 3898
1184.97 1405.54 3898
1178.33 1405.54 3898
1182.8 1418.88 3935
1176.1 1418.88 3935
1172.06 1422.13 3944
1165.34 1422.13 3944
1172.42 1439.07 3991
1168.54 1442.68 4001
1161.72 1442.68 4001
1154.9 1442.68 4001
1148.08 1442.68 4001
1143.82 1445.93 4010
1139.82 1449.53 4020
1132.97 1449.53 4020
1126.12 1449.53 4020
1119.26 1449.53 4020
1112.41 1449.53 4020
1105.56 1449.53 4020
1098.7 1449.53 4020
1086.69 1442.68 4001
1079.87 1442.68 4001
1070.37 1439.07 3991
1063.56 1439.07 3991
1056.76 1439.07 3991
1049.96 1439.07 3991
1043.15 1439.07 3991
1031.41 1432.22 3972
1017.42 1422.13 3944
1010.7 1422.13 3944
1003.97 1422.13 3944
987.894 1408.79 3907
981.234 1408.79 3907
974.573 1408.79 3907
967.913 1408.79 3907
961.253 1408.79 3907
954.592 1408.79 3907
947.932 1408.79 3907
941.271 1408.79 3907
934.611 1408.79 3907
934.601 1418.88 3935
930.015 1422.13 3944
923.291 1422.13 3944
920.983 1428.98 3963
916.303 1432.22 3972
909.532 1432.22 3972
902.761 1432.22 3972
889.674 1422.13 3944
887.204 1428.98 3963
882.447 1432.22 3972
875.676 1432.22 3972
868.905 1432.22 3972
862.133 1432.22 3972
855.362 1432.22 3972
848.591 1432.22 3972
841.82 1432.22 3972
835.048 1432.22 3972
828.277 1432.22 3972
819.644 1428.98 3963
810.837 1425.37 3953
804.098 1425.37 3953
797.36 1425.37 3953
790.621 1425.37 3953
780.312 1418.88 3935
771.638 1415.28 3925
764.947 1415.28 3925
753.04 1405.54 3898
741.225 1395.8 3871
731.21 1389.31 3853
724.641 1389.31 3853
718.073 1389.31 3853
709.843 1386.07 3844
699.996 1379.58 3826
693.474 1379.58 3826
686.952 1379.58 3826
675.805 1370.2 3800
667.918 1367.32 3792
656.919 1357.94 3766
650.498 1357.94 3766
642.539 1354.7 3757
634.78 1351.81 3749
628.389 1351.81 3749
621.998 1351.81 3749
614.129 1348.57 3740
607.753 1348.57 3740
600.091 1345.68 3732
593.729 1345.68 3732
587.367 1345.68 3732
581.004 1345.68 3732
574.642 1345.68 3732
568.28 1345.68 3732
560.714 1342.8 3724
554.365 1342.8 3724
548.017 1342.8 3724
541.668 1342.8 3724
534.17 1339.91 3716
526.556 1336.67 3707
520.237 1336.67 3707
513.917 1336.67 3707
507.598 1336.67 3707
499.115 1330.9 3691
491.754 1328.02 3683
485.476 1328.02 3683
478.156 1325.13 3675
470.864 1322.25 3667
463.473 1319 3658
457.237 1319 3658
450.014 1316.12 3650
442.819 1313.23 3642
435.771 1310.71 3635
429.575 1310.71 3635
422.446 1307.82 3627
414.427 1302.05 3611
408.271 1302.05 3611
402.115 1302.05 3611
392.56 1290.88 3580
386.457 1290.88 3580
380.354 1290.88 3580
374.251 1290.88 3580
-29.7698 151.083 419
-30.4841 151.083 419
-31.1984 151.083 419
-31.8365 150.722 418
-32.5491 150.722 418
-33.2617 150.722 418
-33.9743 150.722 418
-34.6039 150.362 417
-35.1454 149.641 415
-35.7664 149.28 414
-36.4722 149.28 414
-37.0882 148.919 413
-37.7922 148.919 413
-38.4031 148.559 412
-39.1054 148.559 412
-39.8078 148.559 412
-40.4118 148.198 411
-40.9124 147.477 409
-41.6097 147.477 409
-42.3069 147.477 409
-42.899 147.117 408
-43.5945 147.117 408
-44.1815 146.756 407
-44.8754 146.756 407
-45.5692 146.756 407
-46.1494 146.395 406
-46.8415 146.395 406
-47.5336 146.395 406
-48.2257 146.395 406
-48.9179 146.395 406
-49.61 146.395 406
-50.3021 146.395 406
-50.9942 146.395 406
-51.5591 146.035 405
-52.2495 146.035 405
-52.9399 146.035 405
-53.6303 146.035 405
-54.1866 145.674 404
-54.6037 144.953 402
-55.289 144.953 402
-55.9743 144.953 402
-56.6596 144.953 402
-57.3449 144.953 402
-58.0302 144.953 402
-58.7155 144.953 402
-59.4008 144.953 402
-60.2356 145.314 403
-60.9226 145.314 403
-61.6096 145.314 403
-62.2967 145.314 403
-62.9837 145.314 403
-63.8287 145.674 404
-64.5174 145.674 404
-65.2061 145.674 404
-65.8948 145.674 404
-66.5836 145.674 404
-67.2723 145.674 404
-68.1292 146.035 405
-68.8196 146.035 405
-69.5101 146.035 405
-70.2005 146.035 405
-71.0659 146.395 406
-71.7581 146.395 406
-72.6286 146.756 407
-73.3225 146.756 407
-74.0163 146.756 407
-74.8937 147.117 408
-75.5892 147.117 408
-76.2848 147.117 408
-76.9803 147.117 408
-77.8662 147.477 409
-78.5635 147.477 409
-79.4545 147.838 410
-80.349 148.198 411
-81.2468 148.559 412
-81.9492 148.559 412
-82.6515 148.559 412
-83.5562 148.919 413
-84.2603 148.919 413
-84.9643 148.919 413
-85.6684 148.919 413
-86.5816 149.28 414
-87.2873 149.28 414
-88.2057 149.641 415
-89.1274 150.001 416
-90.0525 150.362 417
-90.7634 150.362 417
-91.6936 150.722 418
-92.6273 151.083 419
-93.5643 151.444 420
-94.2803 151.444 420
-95.2225 151.804 421
-97.5354 154.328 428
-98.265 154.328 428
-99.226 154.689 429
-100.423 155.41 431
-101.158 155.41 431
-102.129 155.771 432
-103.342 156.492 434
-104.082 156.492 434
-104.822 156.492 434
-105.805 156.852 435
-106.791 157.213 436
-107.781 157.573 437
-108.526 157.573 437
-109.521 157.934 438
-110.52 158.295 439
-111.268 158.295 439
-112.271 158.655 440
-113.278 159.016 441
-114.03 159.016 441
-114.782 159.016 441
-115.796 159.376 442
-117.077 160.097 444
-118.099 160.458 445
-118.858 160.458 445
-119.885 160.819 446
-120.645 160.819 446
-121.406 160.819 446
-122.166 160.819 446
-123.202 161.179 447
-123.964 161.179 447
-124.726 161.179 447
-125.769 161.54 448
-126.532 161.54 448
-127.296 161.54 448
-151.016 186.059 516
-151.896 186.059 516
-152.775 186.059 516
-153.655 186.059 516
-154.535 186.059 516
-155.414 186.059 516
-156.294 186.059 516
-157.478 186.42 517
-158.36 186.42 517
-159.549 186.78 518
-160.432 186.78 518
-161.315 186.78 518
-162.198 186.78 518
-163.396 187.141 519
-164.281 187.141 519
-165.166 187.141 519
-166.37 187.502 520
-167.257 187.502 520
-168.143 187.502 520
-168.705 187.141 519
-866.726 819.598 2273
-872.899 821.762 2279
-876.784 821.762 2279
-880.669 821.762 2279
-884.555 821.762 2279
-888.44 821.762 2279
-892.325 821.762 2279
-896.21 821.762 2279
-900.095 821.762 2279
-903.98 821.762 2279
-907.865 821.762 2279
-908.15 818.516 2270
-909.609 816.353 2264
-913.469 816.353 2264
-914.492 813.829 2257
-915.898 811.665 2251
-918.51 810.584 2248
-922.342 810.584 2248
-922.466 807.338 2239
-923.801 805.175 2233
-918.053 796.882 2210
-918.067 793.636 2201
-921.819 793.636 2201
-919.263 788.228 2186
-920.879 786.425 2181
-922.053 784.261 2175
-925.761 784.261 2175
-926.905 782.098 2169
-928.457 780.295 2164
-930.854 779.213 2161
-934.538 779.213 2161
-936.919 778.131 2158
-940.598 778.131 2158
-942.964 777.05 2155
-946.638 777.05 2155
-949.43 776.328 2153
-951.772 775.247 2150
-954.104 774.165 2147
-957.764 774.165 2147
-961.424 774.165 2147
-963.736 773.083 2144
-966.488 772.362 2142
-970.14 772.362 2142
-973.792 772.362 2142
-976.074 771.28 2139
-978.347 770.199 2136
-981.988 770.199 2136
-984.245 769.117 2133
-987.881 769.117 2133
-990.588 768.396 2131
-994.221 768.396 2131
-995.044 766.232 2125
-998.666 766.232 2125
-1000.87 765.151 2122
-1004.49 765.151 2122
-1007.16 764.429 2120
-1009.34 763.348 2117
-1011.52 762.266 2114
-1015.12 762.266 2114
-1014.87 759.381 2106
-1017.49 758.66 2104
-1015.74 754.694 2093
-1019.31 754.694 2093
-1020.43 752.891 2088
-1021.54 751.088 2083
-1022.63 749.285 2078
-1026.17 749.285 2078
-1028.23 748.203 2075
-1029.28 746.4 2070
-1030.31 744.597 2065
-1033.83 744.597 2065
-1028.31 738.107 2047
-1029.28 736.304 2042
-1027.71 732.698 2032
-1031.17 732.698 2032
-1031.07 730.174 2025
-1030.43 727.29 2017
-1031.31 725.487 2012
-1034.74 725.487 2012
1791.27 1405.35 3916
1784.59 1405.35 3916
1777.91 1405.35 3916
1771.24 1405.35 3916
1744.28 1389.2 3871
1733.65 1385.97 3862
1727.06 1385.97 3862
1720.48 1385.97 3862
1690.37 1366.95 3809
1672.39 1357.62 3783
1712.62 1395.66 3889
1705.99 1395.66 3889
1715.09 1408.58 3925
1716.67 1415.4 3944
1730.32 1432.27 3991
1723.52 1432.27 3991
1721.01 1435.85 4001
1714.19 1435.85 4001
1707.37 1435.85 4001
1441.65 1463.85 4079
1434.7 1463.85 4079
1427.74 1463.85 4079
1424.27 1467.43 4089
1417.3 1467.43 4089
1410.33 1467.43 4089
1393.07 1456.67 4059
1366.34 1435.85 4001
1356.12 1432.27 3991
1349.32 1432.27 3991
1339.49 1429.04 3982
1332.7 1429.04 3982
1316.25 1418.63 3953
1309.51 1418.63 3953
1293.55 1408.58 3925
1286.86 1408.58 3925
1286.36 1415.4 3944
1279.64 1415.4 3944
1272.91 1415.4 3944
1266.19 1415.4 3944
1259.47 1415.4 3944
1252.74 1415.4 3944
1240.02 1408.58 3925
1230.5 1405.35 3916
1229.76 1412.17 3935
1223.05 1412.17 3935
1216.34 1412.17 3935
1209.64 1412.17 3935
1194.37 1402.12 3907
1196.22 1412.17 3935
1189.51 1412.17 3935
1188.21 1418.63 3953
1184.46 1422.22 3963
1180.38 1425.45 3972
1173.61 1425.45 3972
1178 1439.08 4010
1174.09 1442.67 4020
1167.23 1442.67 4020
1160.38 1442.67 4020
1156.4 1446.26 4030
1149.53 1446.26 4030
1148.04 1453.08 4049
1141.14 1453.08 4049
1134.24 1453.08 4049
1127.34 1453.08 4049
1120.43 1453.08 4049
1113.53 1453.08 4049
1106.63 1453.08 4049
1091.85 1442.67 4020
1085 1442.67 4020
1073.05 1435.85 4001
1071.29 1442.67 4020
1064.44 1442.67 4020
1057.59 1442.67 4020
1043.15 1432.27 3991
1034.01 1429.04 3982
1024.64 1425.45 3972
1017.87 1425.45 3972
1006.26 1418.63 3953
999.526 1418.63 3953
992.787 1418.63 3953
986.048 1418.63 3953
977.079 1415.4 3944
965.681 1408.58 3925
958.99 1408.58 3925
954.725 1412.17 3935
948.017 1412.17 3935
941.309 1412.17 3935
934.601 1412.17 3935
930.015 1415.4 3944
923.291 1415.4 3944
920.983 1422.22 3963
916.303 1425.45 3972
909.532 1425.45 3972
902.761 1425.45 3972
889.674 1415.4 3944
887.204 1422.22 3963
882.447 1425.45 3972
875.676 1425.45 3972
868.905 1425.45 3972
862.133 1425.45 3972
855.362 1425.45 3972
848.591 1425.45 3972
841.82 1425.45 3972
835.048 1425.45 3972
828.277 1425.45 3972
819.644 1422.22 3963
810.837 1418.63 3953
804.098 1418.63 3953
797.36 1418.63 3953
790.621 1418.63 3953
780.312 1412.17 3935
771.638 1408.58 3925
764.947 1408.58 3925
754.779 1402.12 3907
748.118 1402.12 3907
739.75 1398.89 3898
733.105 1398.89 3898
721.428 1389.2 3871
711.505 1382.74 3853
704.936 1382.74 3853
695.105 1376.28 3835
688.568 1376.28 3835
680.429 1373.05 3826
669.327 1363.72 3800
661.454 1360.85 3792
654.989 1360.85 3792
646.986 1357.62 3783
640.537 1357.62 3783
632.579 1354.39 3774
626.145 1354.39 3774
616.92 1348.29 3757
609.215 1345.42 3749
600.091 1339.32 3732
593.729 1339.32 3732
587.367 1339.32 3732
581.004 1339.32 3732
574.642 1339.32 3732
568.28 1339.32 3732
560.714 1336.45 3724
554.365 1336.45 3724
548.017 1336.45 3724
541.668 1336.45 3724
534.17 1333.57 3716
526.556 1330.34 3707
520.237 1330.34 3707
513.917 1330.34 3707
507.598 1330.34 3707
501.278 1330.34 3707
493.891 1327.47 3699
487.585 1327.47 3699
479.197 1321.73 3683
471.891 1318.86 3675
464.613 1315.99 3667
458.362 1315.99 3667
451.001 1312.76 3658
443.792 1309.89 3650
436.611 1307.02 3642
430.402 1307.02 3642
424.193 1307.02 3642
417.181 1304.51 3635
410.08 1301.64 3627
403.897 1301.64 3627
395.959 1295.89 3611
388.076 1290.15 3595
381.948 1290.15 3595
375.819 1290.15 3595
-30.4113 150.009 418
-31.1239 150.009 418
-31.8365 150.009 418
-32.5491 150.009 418
-33.2617 150.009 418
-33.9743 150.009 418
-34.6039 149.65 417
-35.1454 148.933 415
-35.7664 148.574 414
-36.4722 148.574 414
-37.0882 148.215 413
-37.7922 148.215 413
-38.4031 147.856 412
-39.1054 147.856 412
-39.8078 147.856 412
-40.4118 147.497 411
-40.9124 146.779 409
-41.6097 146.779 409
-42.3069 146.779 409
-42.899 146.421 408
-43.5945 146.421 408
-44.1815 146.062 407
-44.8754 146.062 407
-45.5692 146.062 407
-46.1494 145.703 406
-46.8415 145.703 406
-47.5336 145.703 406
-48.2257 145.703 406
-48.9179 145.703 406
-49.61 145.703 406
-50.3021 145.703 406
-50.9942 145.703 406
-51.5591 145.344 405
-52.2495 145.344 405
-52.9399 145.344 405
-53.6303 145.344 405
-54.1866 144.985 404
-54.6037 144.267 402
-55.289 144.267 402
-55.9743 144.267 402
-56.6596 144.267 402
-57.3449 144.267 402
-58.0302 144.267 402
-58.7155 144.267 402
-59.4008 144.267 402
-60.2356 144.626 403
-60.9226 144.626 403
-61.6096 144.626 403
-62.2967 144.626 403
-62.9837 144.626 403
-63.8287 144.985 404
-64.5174 144.985 404
-65.2061 144.985 404
-65.8948 144.985 404
-66.5836 144.985 404
-67.2723 144.985 404
-68.1292 145.344 405
-68.8196 145.344 405
-69.5101 145.344 405
-70.2005 145.344 405
-71.0659 145.703 406
-71.7581 145.703 406
-72.6286 146.062 407
-73.3225 146.062 407
-74.0163 146.062 407
-74.8937 146.421 408
-75.5892 146.421 408
-76.2848 146.421 408
-77.169 146.779 409
-77.8662 146.779 409
-78.5635 146.779 409
-79.6483 147.497 411
-80.349 147.497 411
-81.2468 147.856 412
-81.9492 147.856 412
-82.6515 147.856 412
-83.5562 148.215 413
-84.2603 148.215 413
-84.9643 148.215 413
-85.8758 148.574 414
-86.7907 148.933 415
-87.4982 148.933 415
-88.4182 149.291 416
-89.3416 149.65 417
-90.2684 150.009 418
-90.981 150.009 418
-91.913 150.368 419
-92.8483 150.727 420
-93.7871 151.086 421
-94.5048 151.086 421
-95.4487 151.445 422
-97.5354 153.598 428
-98.265 153.598 428
-99.226 153.957 429
-100.423 154.675 431
-101.158 154.675 431
-102.129 155.033 432
-103.342 155.751 434
-104.082 155.751 434
-104.822 155.751 434
-106.048 156.469 436
-107.036 156.828 437
-108.028 157.187 438
-108.774 157.187 438
-109.771 157.546 439
-110.771 157.904 440
-111.521 157.904 440
-112.271 157.904 440
-113.278 158.263 441
-114.289 158.622 442
-115.042 158.622 442
-115.796 158.622 442
-117.077 159.34 444
-118.099 159.699 445
-118.858 159.699 445
-119.885 160.058 446
-120.645 160.058 446
-121.406 160.058 446
-122.166 160.058 446
-123.202 160.417 447
-123.964 160.417 447
-124.726 160.417 447
-125.769 160.775 448
-126.532 160.775 448
-127.296 160.775 448
-151.016 185.179 516
-151.896 185.179 516
-152.775 185.179 516
-153.655 185.179 516
-154.535 185.179 516
-155.414 185.179 516
-156.294 185.179 516
-157.478 185.538 517
-158.36 185.538 517
-159.549 185.897 518
-160.432 185.897 518
-161.315 185.897 518
-162.198 185.897 518
-163.396 186.255 519
-164.281 186.255 519
-165.166 186.255 519
-166.37 186.614 520
-167.257 186.614 520
-168.143 186.614 520
-168.705 186.255 519
-865.582 814.643 2270
-869.452 814.643 2270
-873.322 814.643 2270
-878.351 815.72 2273
-882.226 815.72 2273
-887.27 816.797 2276
-891.15 816.797 2276
-895.03 816.797 2276
-898.91 816.797 2276
-902.79 816.797 2276
-906.67 816.797 2276
-906.95 813.567 2267
-908.404 811.414 2261
-912.258 811.414 2261
-914.492 809.978 2257
-915.898 807.825 2251
-918.51 806.748 2248
-922.342 806.748 2248
-923.702 804.595 2242
-922.56 800.289 2230
-914.315 789.881 2201
-918.067 789.881 2201
-921.819 789.881 2201
-919.263 784.498 2186
-919.612 781.627 2178
-923.325 781.627 2178
-927.038 781.627 2178
-926.905 778.397 2169
-928.457 776.603 2164
-930.854 775.526 2161
-934.538 775.526 2161
-938.222 775.526 2161
-940.598 774.45 2158
-942.964 773.373 2155
-946.638 773.373 2155
-949.43 772.655 2153
-951.772 771.579 2150
-954.104 770.502 2147
-957.764 770.502 2147
-960.081 769.425 2144
-963.736 769.425 2144
-966.488 768.708 2142
-970.14 768.708 2142
-973.792 768.708 2142
-976.074 767.631 2139
-978.347 766.554 2136
-981.988 766.554 2136
-984.245 765.478 2133
-987.881 765.478 2133
-989.193 763.683 2128
-992.821 763.683 2128
-995.044 762.607 2125
-998.666 762.607 2125
-1000.87 761.53 2122
-1004.49 761.53 2122
-1007.16 760.812 2120
-1007.91 758.659 2114
-1010.56 757.941 2112
-1014.16 757.941 2112
-1014.87 755.788 2106
-1014.59 752.917 2098
-1015.74 751.123 2093
-1019.31 751.123 2093
-1020.43 749.328 2088
-1021.54 747.534 2083
-1022.63 745.74 2078
-1026.17 745.74 2078
-1028.23 744.663 2075
-1029.28 742.869 2070
-1030.31 741.074 2065
-1033.83 741.074 2065
-1028.31 734.615 2047
-1029.28 732.82 2042
-1027.71 729.231 2032
-1031.17 729.231 2032
-1031.07 726.719 2025
-1030.43 723.848 2017
-1031.31 722.054 2012
-1034.74 722.054 2012
1799.96 1405.45 3935
1793.25 1405.45 3935
1786.54 1405.45 3935
1771.24 1398.67 3916
1748.34 1385.81 3880
1737.69 1382.6 3871
1731.09 1382.6 3871
1724.49 1382.6 3871
1697.92 1366.52 3826
1664.87 1345.09 3766
1658.45 1345.09 3766
1652.03 1345.09 3766
1711.16 1398.67 3916
1716.67 1408.67 3944
1730.32 1425.46 3991
1723.52 1425.46 3991
1721.01 1429.03 4001
1714.19 1429.03 4001
1707.37 1429.03 4001
1441.65 1456.89 4079
1434.7 1456.89 4079
1427.74 1456.89 4079
1424.27 1460.46 4089
1417.3 1460.46 4089
1410.33 1460.46 4089
1393.07 1449.74 4059
1366.34 1429.03 4001
1356.12 1425.46 3991
1349.32 1425.46 3991
1336.12 1418.67 3972
1329.35 1418.67 3972
1306.93 1401.88 3925
1300.24 1401.88 3925
1293.55 1401.88 3925
1286.86 1401.88 3925
1286.36 1408.67 3944
1279.64 1408.67 3944
1272.91 1408.67 3944
1278.39 1422.24 3982
1271.6 1422.24 3982
1264.81 1422.24 3982
1246.02 1408.67 3944
1236.47 1405.45 3935
1235.39 1411.88 3953
1228.65 1411.88 3953
1221.91 1411.88 3953
1215.17 1411.88 3953
1208.43 1411.88 3953
1201.69 1411.88 3953
1194.95 1411.88 3953
1193.93 1418.67 3972
1187.15 1418.67 3972
1191.68 1432.24 4010
1184.84 1432.24 4010
1183.88 1439.39 4030
1179.64 1442.6 4039
1172.75 1442.6 4039
1165.87 1442.6 4039
1164.72 1449.74 4059
1157.8 1449.74 4059
1153.72 1453.32 4069
1146.78 1453.32 4069
1139.84 1453.32 4069
1132.91 1453.32 4069
1125.97 1453.32 4069
1119.03 1453.32 4069
1112.1 1453.32 4069
1099.73 1446.17 4049
1092.82 1446.17 4049
1080.83 1439.39 4030
1076.35 1442.6 4039
1069.47 1442.6 4039
1062.58 1442.6 4039
1053.35 1439.39 4030
1043.88 1435.81 4020
1029.54 1425.46 3991
1022.74 1425.46 3991
1013.65 1422.24 3982
1002.05 1415.46 3963
995.298 1415.46 3963
988.542 1415.46 3963
981.786 1415.46 3963
972.57 1411.88 3953
965.831 1411.88 3953
961.519 1415.46 3963
954.763 1415.46 3963
950.16 1418.67 3972
943.388 1418.67 3972
938.975 1422.24 3982
932.187 1422.24 3982
927.49 1425.46 3991
920.687 1425.46 3991
913.883 1425.46 3991
907.079 1425.46 3991
900.276 1425.46 3991
895.711 1429.03 4001
890.89 1432.24 4010
884.053 1432.24 4010
879.405 1435.81 4020
872.552 1435.81 4020
865.699 1435.81 4020
858.846 1435.81 4020
849.873 1432.24 4010
839.043 1425.46 3991
832.239 1425.46 3991
823.574 1422.24 3982
816.786 1422.24 3982
809.997 1422.24 3982
803.209 1422.24 3982
796.421 1422.24 3982
785.865 1415.46 3963
777.143 1411.88 3953
770.404 1411.88 3953
758.256 1401.88 3925
748.118 1395.45 3907
739.75 1392.24 3898
733.105 1392.24 3898
721.428 1382.6 3871
711.505 1376.17 3853
704.936 1376.17 3853
695.105 1369.74 3835
688.568 1369.74 3835
680.429 1366.52 3826
669.327 1357.24 3800
661.454 1354.38 3792
654.989 1354.38 3792
646.986 1351.17 3783
640.537 1351.17 3783
632.579 1347.95 3774
626.145 1347.95 3774
616.92 1341.88 3757
609.215 1339.02 3749
600.091 1332.95 3732
593.729 1332.95 3732
587.367 1332.95 3732
581.004 1332.95 3732
575.874 1335.81 3740
569.498 1335.81 3740
563.123 1335.81 3740
555.556 1332.95 3732
549.194 1332.95 3732
542.832 1332.95 3732
536.47 1332.95 3732
528.971 1330.09 3724
522.623 1330.09 3724
516.274 1330.09 3724
509.926 1330.09 3724
502.495 1327.23 3716
496.161 1327.23 3716
489.826 1327.23 3716
481.279 1321.16 3699
472.919 1315.45 3683
466.64 1315.45 3683
460.361 1315.45 3683
452.11 1309.73 3667
445.859 1309.73 3667
438.529 1306.52 3658
432.293 1306.52 3658
424.193 1300.8 3642
417.984 1300.8 3642
410.08 1295.45 3627
403.897 1295.45 3627
397.714 1295.45 3627
390.667 1292.59 3619
384.497 1292.59 3619
378.328 1292.59 3619
372.158 1292.59 3619
-30.4113 149.296 418
-31.1239 149.296 418
-31.8365 149.296 418
-32.5491 149.296 418
-33.2617 149.296 418
-33.9743 149.296 418
-34.6039 148.939 417
-35.1454 148.225 415
-35.7664 147.867 414
-36.4722 147.867 414
-37.0882 147.51 413
-37.7922 147.51 413
-38.4031 147.153 412
-39.1054 147.153 412
-39.7112 146.796 411
-40.4118 146.796 411
-40.9124 146.082 409
-41.6097 146.082 409
-42.3069 146.082 409
-42.899 145.724 408
-43.5945 145.724 408
-44.1815 145.367 407
-44.8754 145.367 407
-45.5692 145.367 407
-46.1494 145.01 406
-46.8415 145.01 406
-47.5336 145.01 406
-48.2257 145.01 406
-48.9179 145.01 406
-49.61 145.01 406
-50.3021 145.01 406
-50.9942 145.01 406
-51.5591 144.653 405
-52.2495 144.653 405
-52.9399 144.653 405
-53.6303 144.653 405
-54.1866 144.296 404
-54.6037 143.581 402
-55.289 143.581 402
-55.9743 143.581 402
-56.6596 143.581 402
-57.3449 143.581 402
-58.0302 143.581 402
-58.7155 143.581 402
-59.4008 143.581 402
-60.2356 143.939 403
-60.9226 143.939 403
-61.6096 143.939 403
-62.2967 143.939 403
-62.9837 143.939 403
-63.6707 143.939 403
-64.3577 143.939 403
-65.2061 144.296 404
-65.8948 144.296 404
-66.5836 144.296 404
-67.2723 144.296 404
-68.1292 144.653 405
-68.8196 144.653 405
-69.5101 144.653 405
-70.2005 144.653 405
-71.0659 145.01 406
-71.7581 145.01 406
-72.4502 145.01 406
-73.3225 145.367 407
-74.0163 145.367 407
-74.8937 145.724 408
-75.5892 145.724 408
-76.4718 146.082 409
-77.169 146.082 409
-78.0566 146.439 410
-78.7556 146.439 410
-79.6483 146.796 411
-80.5444 147.153 412
-81.2468 147.153 412
-81.9492 147.153 412
-82.8521 147.51 413
-83.5562 147.51 413
-84.2603 147.51 413
-85.17 147.867 414
-86.0832 148.225 415
-86.7907 148.225 415
-87.4982 148.225 415
-88.6307 148.939 417
-89.5559 149.296 418
-90.4844 149.653 419
-91.1987 149.653 419
-92.1323 150.01 420
-92.8483 150.01 420
-93.7871 150.368 421
-94.7293 150.725 422
-95.901 151.439 424
-97.5354 152.868 428
-98.265 152.868 428
-98.9947 152.868 428
-100.423 153.939 431
-101.158 153.939 431
-102.129 154.296 432
-103.342 155.011 434
-104.082 155.011 434
-104.822 155.011 434
-106.048 155.725 436
-107.036 156.082 437
-108.028 156.439 438
-108.774 156.439 438
-109.771 156.797 439
-110.771 157.154 440
-111.521 157.154 440
-112.271 157.154 440
-113.278 157.511 441
-114.289 157.868 442
-115.042 157.868 442
-115.796 157.868 442
-117.077 158.582 444
-118.099 158.94 445
-118.858 158.94 445
-119.885 159.297 446
-120.645 159.297 446
-121.406 159.297 446
-122.166 159.297 446
-123.202 159.654 447
-123.964 159.654 447
-124.726 159.654 447
-125.769 160.011 448
-126.532 160.011 448
-127.296 160.011 448
-150.136 184.299 516
-151.016 184.299 516
-151.896 184.299 516
-152.775 184.299 516
-153.655 184.299 516
-154.535 184.299 516
-155.716 184.656 517
-156.597 184.656 517
-157.478 184.656 517
-158.36 184.656 517
-159.549 185.013 518
-160.432 185.013 518
-161.315 185.013 518
-162.198 185.013 518
-163.396 185.37 519
-164.281 185.37 519
-165.166 185.37 519
-166.37 185.727 520
-167.257 185.727 520
-168.143 185.727 520
-865.582 810.771 2270
-869.452 810.771 2270
-873.322 810.771 2270
-878.351 811.842 2273
-882.226 811.842 2273
-887.27 812.914 2276
-891.15 812.914 2276
-895.03 812.914 2276
-898.91 812.914 2276
-902.79 812.914 2276
-906.67 812.914 2276
-906.95 809.699 2267
-908.404 807.556 2261
-912.258 807.556 2261
-914.492 806.127 2257
-915.898 803.984 2251
-917.284 801.841 2245
-921.111 801.841 2245
-923.702 800.77 2242
-922.56 796.484 2230
-914.315 786.126 2201
-918.067 786.126 2201
-921.819 786.126 2201
-919.263 780.768 2186
-919.612 777.911 2178
-923.325 777.911 2178
-927.038 777.911 2178
-926.905 774.697 2169
-928.457 772.911 2164
-932.146 772.911 2164
-934.538 771.839 2161
-938.222 771.839 2161
-940.598 770.768 2158
-944.277 770.768 2158
-946.638 769.696 2155
-949.43 768.982 2153
-950.444 766.839 2147
-954.104 766.839 2147
-957.764 766.839 2147
-960.081 765.767 2144
-962.837 765.053 2142
-966.488 765.053 2142
-970.14 765.053 2142
-973.792 765.053 2142
-974.705 762.91 2136
-978.347 762.91 2136
-981.988 762.91 2136
-984.245 761.839 2133
-986.955 761.124 2131
-990.588 761.124 2131
-992.821 760.053 2128
-995.044 758.981 2125
-997.256 757.91 2122
-1000.87 757.91 2122
-1004.49 757.91 2122
-1007.16 757.195 2120
-1007.91 755.052 2114
-1011.52 755.052 2114
-1014.16 754.338 2112
-1014.87 752.195 2106
-1014.59 749.338 2098
-1014.77 746.838 2091
-1018.33 746.838 2091
-1018.97 744.695 2085
-1019.09 742.194 2078
-1021.15 741.123 2075
-1024.69 741.123 2075
-1025.75 739.337 2070
-1029.28 739.337 2070
-1030.31 737.551 2065
-1033.83 737.551 2065
-1025.8 729.336 2042
-1024.24 725.765 2032
-1025.18 723.979 2027
-1028.63 723.979 2027
-1028.52 721.479 2020
-1027.88 718.621 2012
-1027.72 716.121 2005
-1031.14 716.121 2005
1799.96 1398.74 3935
1793.25 1398.74 3935
1786.54 1398.74 3935
1771.24 1391.99 3916
1748.34 1379.19 3880
1737.69 1375.99 3871
1731.09 1375.99 3871
1724.49 1375.99 3871
1709.9 1369.59 3853
1687.86 1357.15 3818
1681.35 1357.15 3818
1666.95 1350.75 3800
1711.16 1391.99 3916
1716.67 1401.94 3944
1730.32 1418.65 3991
1723.52 1418.65 3991
1721.01 1422.2 4001
1714.19 1422.2 4001
1707.37 1422.2 4001
1438.12 1446.37 4069
1438.21 1453.48 4089
1431.24 1453.48 4089
1424.27 1453.48 4089
1417.3 1453.48 4089
1410.33 1453.48 4089
1393.07 1442.82 4059
1362.92 1418.65 3991
1359.52 1422.2 4001
1352.7 1422.2 4001
1345.88 1422.2 4001
1339.06 1422.2 4001
1313.26 1401.94 3944
1306.53 1401.94 3944
1296.84 1398.74 3935
1290.13 1398.74 3935
1301.69 1418.65 3991
1294.89 1418.65 3991
1288.08 1418.65 3991
1278.39 1415.45 3982
1271.6 1415.45 3982
1264.81 1415.45 3982
1246.02 1401.94 3944
1236.47 1398.74 3935
1235.39 1405.14 3953
1228.65 1405.14 3953
1221.91 1405.14 3953
1215.17 1405.14 3953
1208.43 1405.14 3953
1201.69 1405.14 3953
1194.95 1405.14 3953
1193.93 1411.89 3972
1187.15 1411.89 3972
1191.68 1425.4 4010
1184.84 1425.4 4010
1183.88 1432.51 4030
1179.64 1435.71 4039
1172.75 1435.71 4039
1165.87 1435.71 4039
1164.72 1442.82 4059
1157.8 1442.82 4059
1153.72 1446.37 4069
1146.78 1446.37 4069
1145.44 1453.48 4089
1138.47 1453.48 4089
1131.5 1453.48 4089
1124.53 1453.48 4089
1114.83 1449.93 4079
1102.44 1442.82 4059
1095.52 1442.82 4059
1085.92 1439.26 4049
1079.02 1439.26 4049
1072.12 1439.26 4049
1065.21 1439.26 4049
1058.31 1439.26 4049
1046.48 1432.51 4030
1037.03 1428.96 4020
1030.17 1428.96 4020
1018.48 1422.2 4001
1009.13 1418.65 3991
1002.33 1418.65 3991
995.527 1418.65 3991
988.723 1418.65 3991
981.919 1418.65 3991
972.917 1415.45 3982
966.128 1415.45 3982
959.34 1415.45 3982
954.705 1418.65 3991
947.901 1418.65 3991
945.578 1425.4 4010
938.742 1425.4 4010
934.23 1428.96 4020
927.377 1428.96 4020
920.523 1428.96 4020
913.67 1428.96 4020
906.817 1428.96 4020
902.203 1432.51 4030
895.333 1432.51 4030
888.463 1432.51 4030
883.561 1435.71 4039
876.676 1435.71 4039
869.79 1435.71 4039
862.905 1435.71 4039
851.993 1428.96 4020
843.037 1425.4 4010
836.201 1425.4 4010
827.504 1422.2 4001
818.632 1418.65 3991
809.997 1415.45 3982
803.209 1415.45 3982
796.421 1415.45 3982
789.633 1415.45 3982
777.143 1405.14 3953
770.404 1405.14 3953
761.927 1401.94 3944
751.565 1395.19 3925
741.458 1388.79 3907
734.797 1388.79 3907
724.782 1382.39 3889
714.829 1375.99 3871
704.936 1369.59 3853
698.368 1369.59 3853
688.568 1363.2 3835
680.429 1360 3826
670.913 1353.95 3809
661.454 1347.91 3792
654.989 1347.91 3792
646.986 1344.71 3783
640.537 1344.71 3783
632.579 1341.51 3774
626.145 1341.51 3774
619.712 1341.51 3774
610.515 1335.47 3757
602.824 1332.63 3749
596.433 1332.63 3749
588.626 1329.43 3740
582.25 1329.43 3740
575.874 1329.43 3740
569.498 1329.43 3740
563.123 1329.43 3740
555.556 1326.58 3732
549.194 1326.58 3732
542.832 1326.58 3732
536.47 1326.58 3732
528.971 1323.74 3724
522.623 1323.74 3724
516.274 1323.74 3724
509.926 1323.74 3724
502.495 1320.9 3716
496.161 1320.9 3716
489.826 1320.9 3716
481.279 1314.85 3699
472.919 1309.16 3683
466.64 1309.16 3683
460.361 1309.16 3683
452.11 1303.48 3667
445.859 1303.48 3667
438.529 1300.28 3658
432.293 1300.28 3658
424.193 1294.59 3642
417.984 1294.59 3642
410.08 1289.26 3627
403.897 1289.26 3627
397.714 1289.26 3627
391.53 1289.26 3627
385.347 1289.26 3627
379.164 1289.26 3627
372.981 1289.26 3627
366.798 1289.26 3627
-30.4113 148.583 418
-31.1239 148.583 418
-31.8365 148.583 418
-32.5491 148.583 418
-33.2617 148.583 418
-33.9743 148.583 418
-34.6039 148.227 417
-35.1454 147.517 415
-35.7664 147.161 414
-36.4722 147.161 414
-37.0882 146.806 413
-37.7922 146.806 413
-38.4031 146.45 412
-39.1054 146.45 412
-39.7112 146.095 411
-40.4118 146.095 411
-40.9124 145.384 409
-41.6097 145.384 409
-42.3069 145.384 409
-42.899 145.028 408
-43.5945 145.028 408
-44.2901 145.028 408
-44.8754 144.673 407
-45.5692 144.673 407
-46.1494 144.317 406
-46.8415 144.317 406
-47.5336 144.317 406
-48.2257 144.317 406
-48.9179 144.317 406
-49.61 144.317 406
-50.3021 144.317 406
-50.8686 143.962 405
-51.5591 143.962 405
-52.2495 143.962 405
-52.9399 143.962 405
-53.4979 143.606 404
-54.0525 143.251 403
-54.6037 142.896 402
-55.289 142.896 402
-55.9743 142.896 402
-56.6596 142.896 402
-57.3449 142.896 402
-58.0302 142.896 402
-58.7155 142.896 402
-59.4008 142.896 402
-60.2356 143.251 403
-60.9226 143.251 403
-61.6096 143.251 403
-62.2967 143.251 403
-62.9837 143.251 403
-63.6707 143.251 403
-64.3577 143.251 403
-65.0447 143.251 403
-65.8948 143.606 404
-66.5836 143.606 404
-67.2723 143.606 404
-68.1292 143.962 405
-68.8196 143.962 405
-69.5101 143.962 405
-70.2005 143.962 405
-71.0659 144.317 406
-71.7581 144.317 406
-72.4502 144.317 406
-73.3225 144.673 407
-74.0163 144.673 407
-74.8937 145.028 408
-75.5892 145.028 408
-76.4718 145.384 409
-77.169 145.384 409
-78.0566 145.739 410
-78.7556 145.739 410
-79.6483 146.095 411
-80.5444 146.45 412
-81.2468 146.45 412
-81.9492 146.45 412
-82.8521 146.806 413
-83.5562 146.806 413
-84.2603 146.806 413
-85.17 147.161 414
-86.0832 147.517 415
-86.7907 147.517 415
-87.4982 147.517 415
-88.6307 148.227 417
-89.5559 148.583 418
-90.4844 148.938 419
-91.1987 148.938 419
-92.1323 149.294 420
-92.8483 149.294 420
-93.7871 149.649 421
-94.7293 150.005 422
-95.901 150.716 424
-97.3075 151.782 427
-98.0354 151.782 427
-99.226 152.493 429
-100.423 153.204 431
-101.158 153.204 431
-102.129 153.559 432
-103.342 154.27 434
-104.082 154.27 434
-104.822 154.27 434
-106.048 154.981 436
-107.281 155.692 438
-108.028 155.692 438
-109.023 156.048 439
-110.021 156.403 440
-110.771 156.403 440
-111.521 156.403 440
-112.271 156.403 440
-113.278 156.759 441
-114.289 157.114 442
-115.042 157.114 442
-116.058 157.469 443
-117.077 157.825 444
-118.099 158.18 445
-118.858 158.18 445
-119.885 158.536 446
-120.645 158.536 446
-121.406 158.536 446
-122.166 158.536 446
-123.202 158.891 447
-123.964 158.891 447
-124.726 158.891 447
-125.769 159.247 448
-126.532 159.247 448
-127.296 159.247 448
-150.136 183.418 516
-151.016 183.418 516
-151.896 183.418 516
-152.775 183.418 516
-153.655 183.418 516
-154.535 183.418 516
-155.716 183.774 517
-156.597 183.774 517
-157.783 184.129 518
-158.666 184.129 518
-159.549 184.129 518
-160.432 184.129 518
-161.315 184.129 518
-162.198 184.129 518
-163.396 184.485 519
-164.281 184.485 519
-165.166 184.485 519
-166.37 184.84 520
-167.257 184.84 520
-168.143 184.84 520
-860.625 802.277 2257
-867.154 804.765 2264
-871.013 804.765 2264
-876.032 805.831 2267
-881.061 806.898 2270
-884.931 806.898 2270
-888.801 806.898 2270
-892.671 806.898 2270
-896.54 806.898 2270
-900.41 806.898 2270
-901.89 804.765 2264
-905.749 804.765 2264
-908.404 803.699 2261
-912.258 803.699 2261
-914.492 802.277 2257
-915.898 800.144 2251
-917.284 798.011 2245
-921.111 798.011 2245
-923.702 796.945 2242
-922.56 792.679 2230
-914.315 782.371 2201
-918.067 782.371 2201
-921.819 782.371 2201
-919.263 777.039 2186
-919.612 774.195 2178
-923.325 774.195 2178
-927.038 774.195 2178
-926.905 770.996 2169
-928.457 769.219 2164
-932.146 769.219 2164
-934.538 768.152 2161
-938.222 768.152 2161
-940.598 767.086 2158
-944.277 767.086 2158
-946.638 766.02 2155
-949.43 765.309 2153
-950.444 763.176 2147
-954.104 763.176 2147
-957.764 763.176 2147
-960.081 762.11 2144
-963.736 762.11 2144
-967.391 762.11 2144
-970.14 761.399 2142
-973.792 761.399 2142
-976.074 760.332 2139
-979.721 760.332 2139
-981.988 759.266 2136
-984.245 758.2 2133
-986.955 757.489 2131
-990.588 757.489 2131
-991.421 755.356 2125
-995.044 755.356 2125
-997.256 754.289 2122
-1000.87 754.289 2122
-1004.49 754.289 2122
-1007.16 753.578 2120
-1007.91 751.446 2114
-1011.52 751.446 2114
-1012.72 749.668 2109
-1013.9 747.891 2104
-1014.59 745.758 2098
-1018.17 745.758 2098
-1018.33 743.27 2091
-1018.97 741.137 2085
-1017.62 737.583 2075
-1021.15 737.583 2075
-1024.69 737.583 2075
-1025.75 735.805 2070
-1027.79 734.739 2067
-1028.82 732.962 2062
-1032.33 732.962 2062
-1023.29 724.075 2037
-1023.23 721.587 2030
-1022.65 718.743 2022
-1026.09 718.743 2022
-1025.98 716.255 2015
-1026.86 714.478 2010
-1027.72 712.7 2005
-1031.14 712.7 2005
1808.19 1398.4 3953
1801.45 1398.4 3953
1794.71 1398.4 3953
1787.97 1398.4 3953
1773.12 1392.03 3935
1745.77 1375.76 3889
1739.14 1375.76 3889
1724.49 1369.39 3871
1709.9 1363.02 3853
1687.86 1350.64 3818
1681.35 1350.64 3818
1666.95 1344.27 3800
1664.4 1347.45 3809
1716.67 1395.21 3944
1718.18 1401.93 3963
1711.43 1401.93 3963
1716.71 1411.84 3991
1709.91 1411.84 3991
1703.11 1411.84 3991
1438.21 1446.51 4089
1431.24 1446.51 4089
1424.27 1446.51 4089
1383.08 1418.56 4010
1376.25 1418.56 4010
1369.41 1418.56 4010
1362.58 1418.56 4010
1359.12 1422.1 4020
1352.27 1422.1 4020
1345.41 1422.1 4020
1332.24 1415.38 4001
1325.41 1415.38 4001
1296.84 1392.03 3935
1305.54 1408.65 3982
1301.69 1411.84 3991
1294.89 1411.84 3991
1288.08 1411.84 3991
1278.39 1408.65 3982
1271.6 1408.65 3982
1264.81 1408.65 3982
1254.87 1405.12 3972
1248.1 1405.12 3972
1244.45 1408.65 3982
1237.66 1408.65 3982
1230.87 1408.65 3982
1218.24 1401.93 3963
1208.43 1398.4 3953
1204.73 1401.93 3963
1197.98 1401.93 3963
1199.64 1411.84 3991
1195.82 1415.38 4001
1194.65 1422.1 4020
1187.79 1422.1 4020
1186.52 1428.82 4039
1191.32 1442.97 4079
1184.37 1442.97 4079
1177.41 1442.97 4079
1170.46 1442.97 4079
1163.5 1442.97 4079
1159.39 1446.51 4089
1152.42 1446.51 4089
1145.44 1446.51 4089
1138.47 1446.51 4089
1131.5 1446.51 4089
1124.53 1446.51 4089
1114.83 1442.97 4079
1102.44 1435.89 4059
1095.52 1435.89 4059
1085.92 1432.36 4049
1079.02 1432.36 4049
1072.12 1432.36 4049
1065.21 1432.36 4049
1058.31 1432.36 4049
1046.48 1425.63 4030
1037.03 1422.1 4020
1030.17 1422.1 4020
1018.48 1415.38 4001
1009.13 1411.84 3991
1002.33 1411.84 3991
995.527 1411.84 3991
988.723 1411.84 3991
981.919 1411.84 3991
972.917 1408.65 3982
966.128 1408.65 3982
959.34 1408.65 3982
954.705 1411.84 3991
952.414 1418.56 4010
950.294 1425.63 4030
943.424 1425.63 4030
936.554 1425.63 4030
929.683 1425.63 4030
922.813 1425.63 4030
915.943 1425.63 4030
909.073 1425.63 4030
902.203 1425.63 4030
895.333 1425.63 4030
888.463 1425.63 4030
883.561 1428.82 4039
876.676 1428.82 4039
869.79 1428.82 4039
862.905 1428.82 4039
856.019 1428.82 4039
847.242 1425.63 4030
840.372 1425.63 4030
829.365 1418.56 4010
822.529 1418.56 4010
815.693 1418.56 4010
808.857 1418.56 4010
802.021 1418.56 4010
789.633 1408.65 3982
782.844 1408.65 3982
776.056 1408.65 3982
763.665 1398.4 3953
755.203 1395.21 3944
744.874 1388.49 3925
738.183 1388.49 3925
728.137 1382.12 3907
716.491 1372.57 3880
704.936 1363.02 3853
698.368 1363.02 3853
691.799 1363.02 3853
680.429 1353.47 3826
670.913 1347.45 3809
664.419 1347.45 3809
654.989 1341.44 3792
646.986 1338.26 3783
640.537 1338.26 3783
632.579 1335.07 3774
626.145 1335.07 3774
619.712 1335.07 3774
611.978 1332.24 3766
604.111 1329.06 3757
597.706 1329.06 3757
591.301 1329.06 3757
583.651 1326.23 3749
575.874 1323.05 3740
569.498 1323.05 3740
563.123 1323.05 3740
558.087 1326.23 3749
551.696 1326.23 3749
545.304 1326.23 3749
538.913 1326.23 3749
531.244 1323.05 3740
524.868 1323.05 3740
518.492 1323.05 3740
512.117 1323.05 3740
504.659 1320.22 3732
498.297 1320.22 3732
491.935 1320.22 3732
483.491 1314.56 3716
474.973 1308.54 3699
467.654 1305.71 3691
461.361 1305.71 3691
454.083 1302.88 3683
447.804 1302.88 3683
439.608 1297.22 3667
433.356 1297.22 3667
426.057 1294.04 3658
419.821 1294.04 3658
411.776 1288.38 3642
405.567 1288.38 3642
399.358 1288.38 3642
391.53 1283.07 3627
385.347 1283.07 3627
379.164 1283.07 3627
372.981 1283.07 3627
366.798 1283.07 3627
-31.8365 147.87 418
-32.5491 147.87 418
-33.2617 147.87 418
-33.9743 147.87 418
-34.5209 147.162 416
-35.0607 146.455 414
-35.7664 146.455 414
-36.4722 146.455 414
-37.0882 146.101 413
-37.7007 145.747 412
-38.4031 145.747 412
-39.1054 145.747 412
-39.7112 145.393 411
-40.3135 145.04 410
-40.9124 144.686 409
-41.6097 144.686 409
-42.2035 144.332 408
-42.899 144.332 408
-43.5945 144.332 408
-44.2901 144.332 408
-44.8754 143.978 407
-45.5692 143.978 407
-46.1494 143.625 406
-46.8415 143.625 406
-47.5336 143.625 406
-48.2257 143.625 406
-48.9179 143.625 406
-49.61 143.625 406
-50.3021 143.625 406
-50.8686 143.271 405
-51.5591 143.271 405
-52.2495 143.271 405
-52.9399 143.271 405
-53.4979 142.917 404
-54.1866 142.917 404
-54.7395 142.563 403
-55.4265 142.563 403
-56.1135 142.563 403
-56.6596 142.21 402
-57.3449 142.21 402
-58.0302 142.21 402
-58.7155 142.21 402
-59.4008 142.21 402
-60.2356 142.563 403
-60.9226 142.563 403
-61.6096 142.563 403
-62.2967 142.563 403
-62.9837 142.563 403
-63.6707 142.563 403
-64.3577 142.563 403
-65.0447 142.563 403
-65.7317 142.563 403
-66.5836 142.917 404
-67.2723 142.917 404
-67.961 142.917 404
-68.8196 143.271 405
-69.5101 143.271 405
-70.2005 143.271 405
-71.0659 143.625 406
-71.7581 143.625 406
-72.4502 143.625 406
-73.3225 143.978 407
-74.0163 143.978 407
-74.8937 144.332 408
-75.5892 144.332 408
-76.4718 144.686 409
-77.169 144.686 409
-78.0566 145.04 410
-78.7556 145.04 410
-79.6483 145.393 411
-80.5444 145.747 412
-81.2468 145.747 412
-81.9492 145.747 412
-82.8521 146.101 413
-83.7585 146.455 414
-84.4643 146.455 414
-85.17 146.455 414
-86.0832 146.809 415
-87.209 147.516 417
-87.9199 147.516 417
-88.6307 147.516 417
-89.7701 148.224 419
-90.7004 148.577 420
-91.4163 148.577 420
-92.1323 148.577 420
-93.2905 149.285 422
-94.0099 149.285 422
-95.1782 149.992 424
-96.3534 150.7 426
-97.5354 151.407 428
-98.265 151.407 428
-99.226 151.761 429
-100.423 152.469 431
-101.158 152.469 431
-102.129 152.822 432
-103.342 153.53 434
-104.082 153.53 434
-104.822 153.53 434
-106.048 154.237 436
-107.281 154.945 438
-108.028 154.945 438
-109.023 155.299 439
-110.021 155.652 440
-110.771 155.652 440
-111.521 155.652 440
-112.271 155.652 440
-113.278 156.006 441
-114.289 156.36 442
-115.042 156.36 442
-116.058 156.714 443
-117.077 157.067 444
-118.099 157.421 445
-118.858 157.421 445
-119.885 157.775 446
-120.645 157.775 446
-121.406 157.775 446
-122.166 157.775 446
-123.202 158.129 447
-123.964 158.129 447
-124.726 158.129 447
-125.769 158.482 448
-126.532 158.482 448
-127.296 158.482 448
-150.136 182.538 516
-151.309 182.892 517
-152.19 182.892 517
-153.071 182.892 517
-153.953 182.892 517
-155.134 183.245 518
-156.318 183.599 519
-157.203 183.599 519
-158.087 183.599 519
-158.972 183.599 519
-159.857 183.599 519
-160.742 183.599 519
-161.627 183.599 519
-162.511 183.599 519
-163.396 183.599 519
-164.281 183.599 519
-165.166 183.599 519
-166.05 183.599 519
-166.935 183.599 519
-856.049 794.181 2245
-863.324 797.365 2254
-867.166 797.365 2254
-873.714 799.841 2261
-877.568 799.841 2261
-881.423 799.841 2261
-885.277 799.841 2261
-889.131 799.841 2261
-892.986 799.841 2261
-896.84 799.841 2261
-899.101 798.426 2257
-900.549 796.304 2251
-899.565 792.058 2239
-903.382 792.058 2239
-907.199 792.058 2239
-912.236 793.12 2242
-916.058 793.12 2242
-919.88 793.12 2242
-918.758 788.875 2230
-920.078 786.752 2224
-914.315 778.616 2201
-918.067 778.616 2201
-916.793 774.371 2189
-918.422 772.602 2184
-919.612 770.479 2178
-923.325 770.479 2178
-925.761 769.418 2175
-926.905 767.296 2169
-928.457 765.527 2164
-932.146 765.527 2164
-934.538 764.466 2161
-938.222 764.466 2161
-940.598 763.404 2158
-944.277 763.404 2158
-946.638 762.343 2155
-949.43 761.635 2153
-950.444 759.513 2147
-954.104 759.513 2147
-957.764 759.513 2147
-960.081 758.452 2144
-963.736 758.452 2144
-967.391 758.452 2144
-970.14 757.744 2142
-973.792 757.744 2142
-976.074 756.683 2139
-979.721 756.683 2139
-981.988 755.622 2136
-984.245 754.56 2133
-986.955 753.853 2131
-990.588 753.853 2131
-992.821 752.792 2128
-995.044 751.73 2125
-998.666 751.73 2125
-1002.29 751.73 2125
-1004.49 750.669 2122
-1007.16 749.962 2120
-1007.91 747.839 2114
-1011.52 747.839 2114
-1012.72 746.07 2109
-1013.9 744.301 2104
-1014.59 742.179 2098
-1018.17 742.179 2098
-1018.33 739.703 2091
-1018.97 737.58 2085
-1017.62 734.043 2075
-1021.15 734.043 2075
-1024.69 734.043 2075
-1025.75 732.274 2070
-1027.79 731.213 2067
-1030.31 730.505 2065
-1032.33 729.444 2062
-1023.29 720.6 2037
-1020.71 716.355 2025
-1021.64 714.586 2020
-1025.08 714.586 2020
-1024.45 711.756 2012
-1024.3 709.28 2005
-1025.16 707.511 2000
-1028.57 707.511 2000
1847.93 1411.72 4010
1841.1 1411.72 4010
1834.26 1411.72 4010
1827.43 1411.72 4010
1820.59 1411.72 4010
1805.16 1405.03 3991
1781.23 1391.65 3953
1774.5 1391.65 3953
1767.76 1391.65 3953
1740.53 1375.46 3907
1729.87 1372.29 3898
1703.33 1356.45 3853
1696.76 1356.45 3853
1682.3 1350.11 3835
1683.63 1356.45 3853
1712.75 1385.31 3935
1718.18 1395.17 3963
1711.43 1395.17 3963
1716.71 1405.03 3991
1734.76 1425.45 4049
1744.93 1439.53 4089
1737.96 1439.53 4089
1730.98 1439.53 4089
1438.21 1439.53 4089
1431.24 1439.53 4089
1424.27 1439.53 4089
1410.33 1439.53 4089
1403.36 1439.53 4089
1396.39 1439.53 4089
1372.43 1421.93 4039
1365.54 1421.93 4039
1358.66 1421.93 4039
1351.77 1421.93 4039
1338.56 1415.24 4020
1331.71 1415.24 4020
1299.81 1388.48 3944
1305.54 1401.86 3982
1301.69 1405.03 3991
1294.89 1405.03 3991
1288.08 1405.03 3991
1278.39 1401.86 3982
1271.6 1401.86 3982
1264.81 1401.86 3982
1258.03 1401.86 3982
1251.24 1401.86 3982
1244.45 1401.86 3982
1237.66 1401.86 3982
1230.87 1401.86 3982
1224.08 1401.86 3982
1211.49 1395.17 3963
1213.24 1405.03 3991
1206.44 1405.03 3991
1208.35 1415.24 4020
1207.18 1421.93 4039
1206.24 1428.97 4059
1199.32 1428.97 4059
1198.27 1436.01 4079
1191.32 1436.01 4079
1187.27 1439.53 4089
1180.3 1439.53 4089
1173.33 1439.53 4089
1163.5 1436.01 4079
1159.39 1439.53 4089
1152.42 1439.53 4089
1145.44 1439.53 4089
1138.47 1439.53 4089
1131.5 1439.53 4089
1124.53 1439.53 4089
1114.83 1436.01 4079
1107.88 1436.01 4079
1100.92 1436.01 4079
1093.97 1436.01 4079
1087.01 1436.01 4079
1080.06 1436.01 4079
1073.11 1436.01 4079
1066.15 1436.01 4079
1056.6 1432.49 4069
1047.09 1428.97 4059
1040.17 1428.97 4059
1030.7 1425.45 4049
1019 1418.76 4030
1009.61 1415.24 4020
1002.76 1415.24 4020
995.907 1415.24 4020
981.919 1405.03 3991
977.559 1408.55 4001
970.738 1408.55 4001
963.918 1408.55 4001
959.25 1411.72 4010
952.414 1411.72 4010
950.294 1418.76 4030
943.424 1418.76 4030
936.554 1418.76 4030
929.683 1418.76 4030
922.813 1418.76 4030
915.943 1418.76 4030
909.073 1418.76 4030
902.203 1418.76 4030
895.333 1418.76 4030
888.463 1418.76 4030
883.561 1421.93 4039
876.676 1421.93 4039
869.79 1421.93 4039
862.905 1421.93 4039
856.019 1421.93 4039
847.242 1418.76 4030
840.372 1418.76 4030
829.365 1411.72 4010
822.529 1411.72 4010
815.693 1411.72 4010
808.857 1411.72 4010
802.021 1411.72 4010
789.633 1401.86 3982
784.614 1405.03 3991
777.81 1405.03 3991
771.006 1405.03 3991
758.841 1395.17 3963
750.187 1391.65 3953
743.449 1391.65 3953
731.491 1381.79 3925
721.476 1375.46 3907
709.876 1365.95 3880
703.262 1365.95 3880
693.415 1359.61 3862
685.231 1356.45 3853
672.498 1344.12 3818
665.989 1344.12 3818
657.926 1340.96 3809
648.525 1334.97 3792
642.061 1334.97 3792
635.596 1334.97 3792
629.132 1334.97 3792
621.19 1331.8 3783
613.278 1328.63 3774
604.111 1322.65 3757
597.706 1322.65 3757
591.301 1322.65 3757
584.896 1322.65 3757
578.492 1322.65 3757
572.087 1322.65 3757
564.478 1319.83 3749
558.087 1319.83 3749
551.696 1319.83 3749
545.304 1319.83 3749
538.913 1319.83 3749
532.522 1319.83 3749
526.131 1319.83 3749
519.74 1319.83 3749
513.349 1319.83 3749
506.958 1319.83 3749
500.567 1319.83 3749
494.176 1319.83 3749
485.573 1313.85 3732
477.156 1308.22 3716
469.681 1305.05 3707
463.361 1305.05 3707
456.056 1302.23 3699
448.777 1299.41 3691
442.485 1299.41 3691
436.193 1299.41 3691
428.969 1296.6 3683
422.69 1296.6 3683
415.507 1293.78 3675
409.242 1293.78 3675
402.1 1290.96 3667
395.848 1290.96 3667
390.447 1293.78 3675
384.182 1293.78 3675
377.917 1293.78 3675
371.652 1293.78 3675
-31.8365 147.157 418
-32.5491 147.157 418
-33.2617 147.157 418
-33.9743 147.157 418
-34.5209 146.453 416
-35.0607 145.748 414
-35.7664 145.748 414
-36.4722 145.748 414
-37.0882 145.396 413
-37.7007 145.044 412
-38.4031 145.044 412
-39.1054 145.044 412
-39.7112 144.692 411
-40.3135 144.34 410
-40.9124 143.988 409
-41.6097 143.988 409
-42.2035 143.636 408
-42.899 143.636 408
-43.5945 143.636 408
-44.2901 143.636 408
-44.8754 143.284 407
-45.4572 142.932 406
-46.1494 142.932 406
-46.8415 142.932 406
-47.5336 142.932 406
-48.2257 142.932 406
-48.9179 142.932 406
-49.61 142.932 406
-50.3021 142.932 406
-50.8686 142.58 405
-51.5591 142.58 405
-52.2495 142.58 405
-52.9399 142.58 405
-53.4979 142.228 404
-54.1866 142.228 404
-54.7395 141.876 403
-55.4265 141.876 403
-56.1135 141.876 403
-56.6596 141.524 402
-57.3449 141.524 402
-58.0302 141.524 402
-58.7155 141.524 402
-59.5486 141.876 403
-60.2356 141.876 403
-60.9226 141.876 403
-61.6096 141.876 403
-62.2967 141.876 403
-62.9837 141.876 403
-63.6707 141.876 403
-64.3577 141.876 403
-65.0447 141.876 403
-65.7317 141.876 403
-66.5836 142.228 404
-67.2723 142.228 404
-67.961 142.228 404
-68.8196 142.58 405
-69.5101 142.58 405
-70.2005 142.58 405
-71.0659 142.932 406
-71.7581 142.932 406
-72.4502 142.932 406
-73.3225 143.284 407
-74.0163 143.284 407
-74.8937 143.636 408
-75.5892 143.636 408
-76.4718 143.988 409
-77.3577 144.34 410
-78.247 144.692 411
-78.9477 144.692 411
-79.6483 144.692 411
-80.5444 145.044 412
-81.2468 145.044 412
-81.9492 145.044 412
-82.8521 145.396 413
-83.7585 145.748 414
-84.4643 145.748 414
-85.17 145.748 414
-86.2907 146.453 416
-87.209 146.805 417
-87.9199 146.805 417
-88.8433 147.157 418
-89.9844 147.861 420
-90.7004 147.861 420
-91.4163 147.861 420
-92.5711 148.565 422
-93.7326 149.269 424
-94.4554 149.269 424
-95.4027 149.621 425
-96.5796 150.325 427
-97.5354 150.677 428
-98.4946 151.029 429
-99.4573 151.381 430
-100.423 151.733 431
-101.158 151.733 431
-102.366 152.437 433
-103.342 152.789 434
-104.322 153.141 435
-105.063 153.141 435
-106.291 153.846 437
-107.281 154.198 438
-108.028 154.198 438
-109.023 154.55 439
-110.021 154.902 440
-110.771 154.902 440
-111.521 154.902 440
-112.527 155.254 441
-113.278 155.254 441
-114.289 155.606 442
-115.042 155.606 442
-116.058 155.958 443
-117.077 156.31 444
-118.099 156.662 445
-118.858 156.662 445
-119.885 157.014 446
-120.645 157.014 446
-121.406 157.014 446
-122.166 157.014 446
-122.926 157.014 446
-123.964 157.366 447
-124.726 157.366 447
-125.488 157.366 447
-150.136 181.657 516
-151.309 182.01 517
-152.19 182.01 517
-153.071 182.01 517
-153.953 182.01 517
-155.134 182.362 518
-156.318 182.714 519
-157.203 182.714 519
-158.087 182.714 519
-158.972 182.714 519
-159.857 182.714 519
-160.742 182.714 519
-161.627 182.714 519
-162.511 182.714 519
-163.396 182.714 519
-164.597 183.066 520
-165.484 183.066 520
-166.37 183.066 520
-166.935 182.714 519
-844.61 779.789 2215
-852.982 784.014 2227
-856.779 784.014 2227
-864.053 787.182 2236
-867.865 787.182 2236
-871.677 787.182 2236
-875.488 787.182 2236
-879.3 787.182 2236
-883.112 787.182 2236
-886.924 787.182 2236
-890.736 787.182 2236
-894.548 787.182 2236
-894.743 784.014 2227
-898.54 784.014 2227
-902.336 784.014 2227
-906.133 784.014 2227
-909.929 784.014 2227
-913.726 784.014 2227
-916.286 782.958 2224
-914.286 778.029 2210
-913.068 773.805 2198
-916.815 773.805 2198
-915.537 769.58 2186
-917.161 767.82 2181
-918.345 765.707 2175
-922.053 765.707 2175
-924.484 764.651 2172
-926.05 762.891 2167
-927.17 760.779 2161
-930.854 760.779 2161
-933.24 759.722 2158
-936.919 759.722 2158
-939.291 758.666 2155
-942.964 758.666 2155
-945.759 757.962 2153
-949.43 757.962 2153
-950.444 755.85 2147
-954.104 755.85 2147
-956.426 754.794 2144
-960.081 754.794 2144
-963.736 754.794 2144
-967.391 754.794 2144
-970.14 754.09 2142
-973.792 754.09 2142
-976.074 753.034 2139
-979.721 753.034 2139
-981.988 751.977 2136
-984.245 750.921 2133
-986.955 750.217 2131
-990.588 750.217 2131
-992.821 749.161 2128
-995.044 748.105 2125
-998.666 748.105 2125
-1002.29 748.105 2125
-1003.54 746.345 2120
-1005.73 745.288 2117
-1007.91 744.232 2114
-1011.52 744.232 2114
-1012.72 742.472 2109
-1013.9 740.712 2104
-1014.59 738.599 2098
-1018.17 738.599 2098
-1018.33 736.135 2091
-1020.43 735.079 2088
-1017.62 730.502 2075
-1021.15 730.502 2075
-1024.69 730.502 2075
-1025.75 728.742 2070
-1027.79 727.686 2067
-1030.31 726.982 2065
-1032.33 725.926 2062
-1023.29 717.125 2037
-1020.71 712.9 2025
-1021.64 711.14 2020
-1025.08 711.14 2020
-1024.45 708.323 2012
-1024.3 705.859 2005
-1025.16 704.099 2000
-1028.57 704.099 2000
1847.93 1404.88 4010
1841.1 1404.88 4010
1834.26 1404.88 4010
1827.43 1404.88 4010
1820.59 1404.88 4010
1813.75 1404.88 4010
1806.92 1404.88 4010
1783.02 1391.56 3972
1776.25 1391.56 3972
1761.02 1384.91 3953
1733.86 1368.79 3907
1723.23 1365.64 3898
1716.58 1365.64 3898
1702.04 1359.33 3880
1703.29 1365.64 3898
1720.58 1384.91 3953
1718.18 1388.41 3963
1711.43 1388.41 3963
1716.71 1398.22 3991
1739.04 1422.04 4059
1744.93 1432.55 4089
1737.96 1432.55 4089
1730.98 1432.55 4089
1434.7 1429.05 4079
1427.74 1429.05 4079
1420.79 1429.05 4079
1410.33 1432.55 4089
1403.36 1432.55 4089
1396.39 1432.55 4089
1372.43 1415.04 4039
1365.54 1415.04 4039
1358.66 1415.04 4039
1351.77 1415.04 4039
1338.56 1408.38 4020
1331.71 1408.38 4020
1299.81 1381.75 3944
1305.54 1395.07 3982
1301.69 1398.22 3991
1294.89 1398.22 3991
1288.08 1398.22 3991
1278.39 1395.07 3982
1271.6 1395.07 3982
1264.81 1395.07 3982
1258.03 1395.07 3982
1251.24 1395.07 3982
1244.45 1395.07 3982
1237.66 1395.07 3982
1230.87 1395.07 3982
1224.08 1395.07 3982
1220.05 1398.22 3991
1219.02 1404.88 4010
1212.18 1404.88 4010
1220.08 1422.04 4059
1213.16 1422.04 4059
1212.18 1429.05 4079
1205.23 1429.05 4079
1198.27 1429.05 4079
1191.32 1429.05 4079
1187.27 1432.55 4089
1180.3 1432.55 4089
1173.33 1432.55 4089
1163.5 1429.05 4079
1159.39 1432.55 4089
1152.42 1432.55 4089
1145.44 1432.55 4089
1107.88 1429.05 4079
1100.92 1429.05 4079
1093.97 1429.05 4079
1087.01 1429.05 4079
1082.71 1432.55 4089
1075.74 1432.55 4089
1068.77 1432.55 4089
1059.2 1429.05 4079
1049.67 1425.55 4069
1042.73 1425.55 4069
1033.25 1422.04 4059
1023.8 1418.54 4049
1012.13 1411.88 4030
1005.25 1411.88 4030
995.907 1408.38 4020
989.054 1408.38 4020
979.758 1404.88 4010
972.922 1404.88 4010
966.086 1404.88 4010
961.642 1408.38 4020
954.789 1408.38 4020
950.294 1411.88 4030
943.424 1411.88 4030
936.554 1411.88 4030
931.76 1415.04 4039
924.874 1415.04 4039
917.989 1415.04 4039
911.103 1415.04 4039
904.218 1415.04 4039
897.332 1415.04 4039
890.447 1415.04 4039
883.561 1415.04 4039
876.676 1415.04 4039
869.79 1415.04 4039
862.905 1415.04 4039
858.139 1418.54 4049
851.236 1418.54 4049
844.334 1418.54 4049
835.363 1415.04 4039
828.478 1415.04 4039
821.592 1415.04 4039
814.707 1415.04 4039
806.021 1411.88 4030
795.185 1404.88 4010
788.349 1404.88 4010
781.513 1404.88 4010
771.006 1398.22 3991
758.841 1388.41 3963
750.187 1384.91 3953
743.449 1384.91 3953
731.491 1375.1 3925
721.476 1368.79 3907
709.876 1359.33 3880
703.262 1359.33 3880
693.415 1353.03 3862
685.231 1349.87 3853
672.498 1337.61 3818
665.989 1337.61 3818
657.926 1334.46 3809
648.525 1328.5 3792
642.061 1328.5 3792
635.596 1328.5 3792
629.132 1328.5 3792
621.19 1325.35 3783
613.278 1322.2 3774
604.111 1316.24 3757
597.706 1316.24 3757
591.301 1316.24 3757
584.896 1316.24 3757
578.492 1316.24 3757
572.087 1316.24 3757
564.478 1313.44 3749
558.087 1313.44 3749
552.873 1316.24 3757
546.468 1316.24 3757
540.063 1316.24 3757
532.522 1313.44 3749
526.131 1313.44 3749
519.74 1313.44 3749
513.349 1313.44 3749
508.04 1316.24 3757
501.635 1316.24 3757
495.23 1316.24 3757
487.785 1313.44 3749
479.211 1307.48 3732
471.835 1304.68 3724
465.486 1304.68 3724
457.042 1298.72 3707
449.75 1295.92 3699
442.485 1293.12 3691
436.193 1293.12 3691
429.9 1293.12 3691
423.608 1293.12 3691
416.411 1290.31 3683
410.133 1290.31 3683
403.854 1290.31 3683
397.576 1290.31 3683
390.447 1287.51 3675
384.182 1287.51 3675
377.917 1287.51 3675
371.652 1287.51 3675
-31.8365 146.443 418
-32.5491 146.443 418
-33.2617 146.443 418
-33.9743 146.443 418
-34.5209 145.743 416
-35.0607 145.042 414
-35.7664 145.042 414
-36.4722 145.042 414
-37.0882 144.692 413
-37.7007 144.341 412
-38.4031 144.341 412
-39.1054 144.341 412
-39.7112 143.991 411
-40.3135 143.641 410
-40.9124 143.29 409
-41.6097 143.29 409
-42.2035 142.94 408
-42.899 142.94 408
-43.4877 142.59 407
-44.1815 142.59 407
-44.8754 142.59 407
-45.4572 142.239 406
-46.1494 142.239 406
-46.8415 142.239 406
-47.5336 142.239 406
-48.2257 142.239 406
-48.9179 142.239 406
-49.4878 141.889 405
-50.1782 141.889 405
-50.8686 141.889 405
-51.5591 141.889 405
-52.2495 141.889 405
-52.9399 141.889 405
-53.4979 141.539 404
-54.1866 141.539 404
-54.8754 141.539 404
-55.5641 141.539 404
-56.1135 141.188 403
-56.8006 141.188 403
-57.4876 141.188 403
-58.1746 141.188 403
-58.8616 141.188 403
-59.5486 141.188 403
-60.2356 141.188 403
-60.9226 141.188 403
-61.6096 141.188 403
-62.2967 141.188 403
-62.9837 141.188 403
-63.6707 141.188 403
-64.3577 141.188 403
-65.0447 141.188 403
-65.7317 141.188 403
-66.5836 141.539 404
-67.2723 141.539 404
-67.961 141.539 404
-68.8196 141.889 405
-69.5101 141.889 405
-70.2005 141.889 405
-70.8909 141.889 405
-71.7581 142.239 406
-72.4502 142.239 406
-73.3225 142.59 407
-74.0163 142.59 407
-74.8937 142.94 408
-75.5892 142.94 408
-76.4718 143.29 409
-77.3577 143.641 410
-78.247 143.991 411
-78.9477 143.991 411
-79.6483 143.991 411
-80.5444 144.341 412
-81.2468 144.341 412
-81.9492 144.341 412
-82.8521 144.692 413
-83.7585 145.042 414
-84.4643 145.042 414
-85.3758 145.392 415
-86.4981 146.093 417
-87.4181 146.443 418
-88.1307 146.443 418
-89.0558 146.794 419
-89.9844 147.144 420
-90.7004 147.144 420
-91.8517 147.845 422
-93.0098 148.546 424
-93.9537 148.896 425
-94.6782 148.896 425
-95.6272 149.246 426
-96.8058 149.947 428
-97.5354 149.947 428
-98.7242 150.648 430
-99.6886 150.998 431
-100.656 151.348 432
-101.393 151.348 432
-102.366 151.699 433
-103.342 152.049 434
-104.322 152.399 435
-105.063 152.399 435
-106.291 153.1 437
-107.281 153.45 438
-108.028 153.45 438
-109.023 153.801 439
-110.021 154.151 440
-110.771 154.151 440
-111.521 154.151 440
-112.527 154.501 441
-113.278 154.501 441
-114.289 154.852 442
-115.042 154.852 442
-116.058 155.202 443
-117.077 155.552 444
-118.099 155.903 445
-118.858 155.903 445
-119.885 156.253 446
-120.645 156.253 446
-121.406 156.253 446
-122.166 156.253 446
-122.926 156.253 446
-123.687 156.253 446
-124.447 156.253 446
-125.207 156.253 446
-151.601 181.478 518
-152.484 181.478 518
-153.368 181.478 518
-154.251 181.478 518
-155.433 181.828 519
-156.619 182.178 520
-157.506 182.178 520
-158.697 182.529 521
-159.585 182.529 521
-160.473 182.529 521
-161.051 182.178 520
-161.938 182.178 520
-162.824 182.178 520
-163.711 182.178 520
-164.597 182.178 520
-165.484 182.178 520
-166.37 182.178 520
-166.935 181.828 519
-844.61 776.01 2215
-852.982 780.214 2227
-856.779 780.214 2227
-864.053 783.367 2236
-867.865 783.367 2236
-871.677 783.367 2236
-875.488 783.367 2236
-879.3 783.367 2236
-883.112 783.367 2236
-886.924 783.367 2236
-890.736 783.367 2236
-894.548 783.367 2236
-889.922 776.01 2215
-896.119 778.112 2221
-899.905 778.112 2221
-906.133 780.214 2227
-909.929 780.214 2227
-913.726 780.214 2227
-915.05 778.112 2221
-913.045 773.208 2207
-908.083 765.85 2186
-911.81 765.85 2186
-914.699 765.15 2184
-914.637 761.997 2175
-917.079 760.946 2172
-920.781 760.946 2172
-923.207 759.895 2169
-924.768 758.143 2164
-925.883 756.041 2158
-929.562 756.041 2158
-933.24 756.041 2158
-936.919 756.041 2158
-939.291 754.99 2155
-942.964 754.99 2155
-945.759 754.289 2153
-949.43 754.289 2153
-949.116 751.136 2144
-952.771 751.136 2144
-956.426 751.136 2144
-960.081 751.136 2144
-963.736 751.136 2144
-967.391 751.136 2144
-970.14 750.435 2142
-973.792 750.435 2142
-976.074 749.384 2139
-979.721 749.384 2139
-981.988 748.333 2136
-984.245 747.282 2133
-986.955 746.581 2131
-990.588 746.581 2131
-992.821 745.53 2128
-996.448 745.53 2128
-998.666 744.479 2125
-1002.29 744.479 2125
-1003.54 742.728 2120
-1005.73 741.677 2117
-1006.96 739.925 2112
-1010.56 739.925 2112
-1011.28 737.823 2106
-1013.9 737.122 2104
-1014.59 735.02 2098
-1018.17 735.02 2098
-1016.87 731.517 2088
-1020.43 731.517 2088
-1017.62 726.962 2075
-1021.15 726.962 2075
-1024.69 726.962 2075
-1024.26 724.159 2067
-1026.79 723.459 2065
-1030.31 723.459 2065
-1031.33 721.707 2060
-1023.29 713.649 2037
-1020.71 709.445 2025
-1021.64 707.693 2020
-1025.08 707.693 2020
-1024.45 704.891 2012
-1024.3 702.438 2005
-1024.13 699.986 1998
-1027.54 699.986 1998
1847.93 1398.03 4010
1841.1 1398.03 4010
1834.26 1398.03 4010
1827.43 1398.03 4010
1820.59 1398.03 4010
1813.75 1398.03 4010
1806.92 1398.03 4010
1800.08 1398.03 4010
1793.25 1398.03 4010
1761.02 1378.16 3953
1741.85 1368.4 3925
1735.16 1368.4 3925
1728.47 1368.4 3925
1721.78 1368.4 3925
1719.46 1371.89 3935
1724.94 1381.65 3963
1718.18 1381.65 3963
1711.43 1381.65 3963
1716.71 1391.41 3991
1739.04 1415.12 4059
1744.93 1425.58 4089
1737.96 1425.58 4089
1730.98 1425.58 4089
1410.33 1425.58 4089
1403.36 1425.58 4089
1396.39 1425.58 4089
1386.02 1422.09 4079
1379.07 1422.09 4079
1372.11 1422.09 4079
1355.12 1411.63 4049
1338.56 1401.52 4020
1331.71 1401.52 4020
1299.81 1375.02 3944
1302.27 1384.79 3972
1298.76 1388.27 3982
1291.97 1388.27 3982
1285.18 1388.27 3982
1278.39 1388.27 3982
1271.6 1388.27 3982
1264.81 1388.27 3982
1258.03 1388.27 3982
1251.24 1388.27 3982
1244.45 1388.27 3982
1237.66 1388.27 3982
1230.87 1388.27 3982
1224.08 1388.27 3982
1220.05 1391.41 3991
1219.02 1398.03 4010
1212.18 1398.03 4010
1220.08 1415.12 4059
1213.16 1415.12 4059
1212.18 1422.09 4079
1205.23 1422.09 4079
1198.27 1422.09 4079
1191.32 1422.09 4079
1187.27 1425.58 4089
1180.3 1425.58 4089
1173.33 1425.58 4089
1107.88 1422.09 4079
1100.92 1422.09 4079
1093.97 1422.09 4079
1087.01 1422.09 4079
1082.71 1425.58 4089
1075.74 1425.58 4089
1068.77 1425.58 4089
1059.2 1422.09 4079
1049.67 1418.6 4069
1042.73 1418.6 4069
1035.79 1418.6 4069
1023.8 1411.63 4049
1014.39 1408.15 4039
1007.5 1408.15 4039
995.907 1401.52 4020
989.054 1401.52 4020
979.758 1398.03 4010
972.922 1398.03 4010
966.086 1398.03 4010
961.642 1401.52 4020
954.789 1401.52 4020
950.294 1405.01 4030
943.424 1405.01 4030
936.554 1405.01 4030
931.76 1408.15 4039
927.164 1411.63 4049
920.262 1411.63 4049
913.359 1411.63 4049
906.456 1411.63 4049
899.554 1411.63 4049
892.651 1411.63 4049
885.749 1411.63 4049
878.846 1411.63 4049
874.097 1415.12 4059
867.178 1415.12 4059
862.378 1418.6 4069
855.441 1418.6 4069
848.504 1418.6 4069
839.5 1415.12 4059
832.58 1415.12 4059
821.592 1408.15 4039
814.707 1408.15 4039
807.821 1408.15 4039
799.151 1405.01 4030
790.315 1401.52 4020
783.462 1401.52 4020
772.938 1394.9 4001
764.203 1391.41 3991
752.085 1381.65 3963
745.329 1381.65 3963
736.71 1378.16 3953
724.8 1368.4 3925
714.816 1362.13 3907
708.156 1362.13 3907
699.879 1358.99 3898
688.432 1349.57 3871
678.663 1343.3 3853
672.094 1343.3 3853
659.48 1331.1 3818
649.893 1324.82 3800
643.415 1324.82 3800
636.937 1324.82 3800
630.459 1324.82 3800
622.667 1322.03 3792
616.203 1322.03 3792
609.739 1322.03 3792
600.411 1315.76 3774
593.977 1315.76 3774
584.896 1309.83 3757
578.492 1309.83 3757
572.087 1309.83 3757
564.478 1307.04 3749
558.087 1307.04 3749
552.873 1309.83 3757
546.468 1309.83 3757
540.063 1309.83 3757
532.522 1307.04 3749
526.131 1307.04 3749
519.74 1307.04 3749
513.349 1307.04 3749
508.04 1309.83 3757
501.635 1309.83 3757
495.23 1309.83 3757
487.785 1307.04 3749
479.211 1301.11 3732
471.835 1298.32 3724
465.486 1298.32 3724
457.042 1292.4 3707
449.75 1289.61 3699
442.485 1286.82 3691
436.193 1286.82 3691
429.9 1286.82 3691
423.608 1286.82 3691
416.411 1284.03 3683
411.915 1289.61 3699
405.609 1289.61 3699
399.303 1289.61 3699
392.147 1286.82 3691
385.855 1286.82 3691
379.563 1286.82 3691
371.652 1281.24 3675
-31.8365 145.73 418
-32.5491 145.73 418
-33.2617 145.73 418
-33.9743 145.73 418
-34.5209 145.033 416
-35.0607 144.336 414
-35.7664 144.336 414
-36.4722 144.336 414
-37.0882 143.987 413
-37.7007 143.639 412
-38.4031 143.639 412
-39.1054 143.639 412
-39.7112 143.29 411
-40.3135 142.941 410
-40.9124 142.593 409
-41.6097 142.593 409
-42.2035 142.244 408
-42.7939 141.895 407
-43.4877 141.895 407
-44.1815 141.895 407
-44.7651 141.547 406
-45.4572 141.547 406
-46.1494 141.547 406
-46.8415 141.547 406
-47.5336 141.547 406
-48.2257 141.547 406
-48.9179 141.547 406
-49.4878 141.198 405
-50.1782 141.198 405
-50.8686 141.198 405
-51.5591 141.198 405
-52.2495 141.198 405
-52.9399 141.198 405
-53.4979 140.849 404
-54.1866 140.849 404
-54.8754 140.849 404
-55.5641 140.849 404
-56.1135 140.501 403
-56.8006 140.501 403
-57.4876 140.501 403
-58.1746 140.501 403
-58.8616 140.501 403
-59.5486 140.501 403
-60.2356 140.501 403
-60.9226 140.501 403
-61.6096 140.501 403
-62.2967 140.501 403
-62.9837 140.501 403
-63.6707 140.501 403
-64.3577 140.501 403
-65.0447 140.501 403
-65.8948 140.849 404
-66.5836 140.849 404
-67.2723 140.849 404
-68.1292 141.198 405
-68.8196 141.198 405
-69.5101 141.198 405
-70.2005 141.198 405
-71.0659 141.547 406
-71.7581 141.547 406
-72.4502 141.547 406
-73.3225 141.895 407
-74.0163 141.895 407
-74.8937 142.244 408
-75.5892 142.244 408
-76.4718 142.593 409
-77.3577 142.941 410
-78.247 143.29 411
-78.9477 143.29 411
-79.6483 143.29 411
-80.5444 143.639 412
-81.2468 143.639 412
-81.9492 143.639 412
-82.8521 143.987 413
-83.7585 144.336 414
-84.4643 144.336 414
-85.3758 144.684 415
-86.4981 145.382 417
-87.4181 145.73 418
-88.1307 145.73 418
-89.0558 146.079 419
-89.9844 146.428 420
-90.7004 146.428 420
-91.8517 147.125 422
-93.0098 147.822 424
-93.9537 148.171 425
-94.6782 148.171 425
-95.6272 148.519 426
-96.8058 149.217 428
-97.5354 149.217 428
-98.9538 150.263 431
-99.9198 150.611 432
-100.889 150.96 433
-101.627 150.96 433
-102.366 150.96 433
-103.58 151.657 435
-104.322 151.657 435
-105.063 151.657 435
-106.534 152.703 438
-107.281 152.703 438
-108.028 152.703 438
-109.023 153.052 439
-110.021 153.4 440
-110.771 153.4 440
-111.521 153.4 440
-112.527 153.749 441
-113.278 153.749 441
-114.289 154.098 442
-115.042 154.098 442
-116.058 154.446 443
-117.077 154.795 444
-118.099 155.144 445
-119.125 155.492 446
-119.885 155.492 446
-120.645 155.492 446
-121.406 155.492 446
-122.166 155.492 446
-122.926 155.492 446
-123.687 155.492 446
-124.447 155.492 446
-152.187 181.291 520
-153.073 181.291 520
-153.96 181.291 520
-154.846 181.291 520
-155.733 181.291 520
-156.619 181.291 520
-157.808 181.64 521
-158.697 181.64 521
-159.585 181.64 521
-160.473 181.64 521
-161.361 181.64 521
-161.938 181.291 520
-162.824 181.291 520
-163.711 181.291 520
-164.597 181.291 520
-165.484 181.291 520
-166.37 181.291 520
-844.61 772.231 2215
-851.833 775.369 2224
-855.625 775.369 2224
-860.575 776.415 2227
-866.7 778.507 2233
-870.507 778.507 2233
-874.314 778.507 2233
-878.121 778.507 2233
-881.927 778.507 2233
-885.734 778.507 2233
-887.15 776.415 2227
-889.747 775.369 2224
-891.128 773.277 2218
-896.119 774.323 2221
-899.905 774.323 2221
-906.133 776.415 2227
-909.929 776.415 2227
-913.726 776.415 2227
-915.05 774.323 2221
-914.286 770.488 2210
-908.083 762.121 2186
-911.81 762.121 2186
-914.699 761.424 2184
-915.899 759.332 2178
-918.345 758.286 2175
-922.053 758.286 2175
-923.207 756.194 2169
-924.768 754.451 2164
-928.457 754.451 2164
-932.146 754.451 2164
-933.24 752.359 2158
-936.919 752.359 2158
-940.598 752.359 2158
-944.277 752.359 2158
-946.638 751.313 2155
-949.43 750.616 2153
-950.444 748.524 2147
-954.104 748.524 2147
-956.426 747.478 2144
-960.081 747.478 2144
-962.837 746.781 2142
-966.488 746.781 2142
-970.14 746.781 2142
-972.428 745.735 2139
-974.705 744.689 2136
-978.347 744.689 2136
-981.988 744.689 2136
-984.245 743.643 2133
-986.955 742.946 2131
-990.588 742.946 2131
-992.821 741.9 2128
-996.448 741.9 2128
-998.666 740.854 2125
-1002.29 740.854 2125
-1003.54 739.111 2120
-1005.73 738.065 2117
-1006.96 736.322 2112
-1010.56 736.322 2112
-1011.28 734.23 2106
-1013.9 733.533 2104
-1014.59 731.441 2098
-1018.17 731.441 2098
-1016.87 727.954 2088
-1020.43 727.954 2088
-1017.62 723.422 2075
-1021.15 723.422 2075
-1023.21 722.376 2072
-1023.27 719.936 2065
-1025.3 718.89 2062
-1028.82 718.89 2062
-1029.83 717.147 2057
-1023.29 710.174 2037
-1020.71 705.99 2025
-1020.12 703.201 2017
-1023.56 703.201 2017
-1024.45 701.458 2012
-1024.3 699.017 2005
-1024.13 696.577 1998
-1027.54 696.577 1998
1868.18 1401.25 4039
1861.3 1401.25 4039
1854.41 1401.25 4039
1847.53 1401.25 4039
1840.64 1401.25 4039
1833.76 1401.25 4039
1822.8 1398.13 4030
1815.93 1398.13 4030
1800.08 1391.19 4010
1793.25 1391.19 4010
1761.02 1371.42 3953
1741.85 1361.7 3925
1735.16 1361.7 3925
1728.47 1361.7 3925
1721.78 1361.7 3925
1719.46 1365.17 3935
1724.94 1374.89 3963
1718.18 1374.89 3963
1711.43 1374.89 3963
1716.71 1384.6 3991
1739.04 1408.19 4059
1744.93 1418.6 4089
1737.96 1418.6 4089
1730.98 1418.6 4089
1389.42 1418.6 4089
1382.45 1418.6 4089
1375.48 1418.6 4089
1361.81 1411.66 4069
1341.89 1398.13 4030
1335.02 1398.13 4030
1290.58 1358.58 3916
1290.13 1365.17 3935
1295.49 1378.01 3972
1288.72 1378.01 3972
1281.95 1378.01 3972
1278.39 1381.48 3982
1274.48 1384.6 3991
1267.67 1384.6 3991
1260.87 1384.6 3991
1248.1 1378.01 3972
1241.32 1378.01 3972
1234.55 1378.01 3972
1225 1374.89 3963
1215.17 1371.42 3953
1225.86 1391.19 4010
1233.92 1408.19 4059
1227 1408.19 4059
1223.08 1411.66 4069
1219.13 1415.13 4079
1212.18 1415.13 4079
1205.23 1415.13 4079
1198.27 1415.13 4079
1082.71 1418.6 4089
1075.74 1418.6 4089
1068.77 1418.6 4089
1059.2 1415.13 4079
1049.67 1411.66 4069
1042.73 1411.66 4069
1035.79 1411.66 4069
1023.8 1404.72 4049
1014.39 1401.25 4039
1007.5 1401.25 4039
995.907 1394.66 4020
989.054 1394.66 4020
979.758 1391.19 4010
972.922 1391.19 4010
966.086 1391.19 4010
964.034 1398.13 4030
957.164 1398.13 4030
950.294 1398.13 4030
943.424 1398.13 4030
938.645 1401.25 4039
934.067 1404.72 4049
929.454 1408.19 4059
922.534 1408.19 4059
915.615 1408.19 4059
908.695 1408.19 4059
901.776 1408.19 4059
894.856 1408.19 4059
887.937 1408.19 4059
881.017 1408.19 4059
878.404 1415.13 4079
871.451 1415.13 4079
864.497 1415.13 4079
857.543 1415.13 4079
850.59 1415.13 4079
841.568 1411.66 4069
832.58 1408.19 4059
823.626 1404.72 4049
816.724 1404.72 4049
807.821 1401.25 4039
800.936 1401.25 4039
790.315 1394.66 4020
783.462 1394.66 4020
774.677 1391.19 4010
766.117 1388.07 4001
757.399 1384.6 3991
750.595 1384.6 3991
740.251 1378.01 3972
729.971 1371.42 3953
718.109 1361.7 3925
711.418 1361.7 3925
703.111 1358.58 3916
693.234 1352.34 3898
681.833 1342.97 3871
675.234 1342.97 3871
660.862 1327.36 3826
652.972 1324.58 3818
646.463 1324.58 3818
639.954 1324.58 3818
631.952 1321.46 3809
625.459 1321.46 3809
618.965 1321.46 3809
612.472 1321.46 3809
603.274 1315.56 3792
596.81 1315.56 3792
587.543 1309.32 3774
581.109 1309.32 3774
573.457 1306.54 3766
565.682 1303.42 3757
559.278 1303.42 3757
554.197 1306.54 3766
547.777 1306.54 3766
541.357 1306.54 3766
533.659 1303.42 3757
527.254 1303.42 3757
520.849 1303.42 3757
515.677 1306.54 3766
509.257 1306.54 3766
502.837 1306.54 3766
496.417 1306.54 3766
488.825 1303.42 3757
480.238 1297.52 3740
473.862 1297.52 3740
466.486 1294.75 3732
459.138 1291.97 3724
452.789 1291.97 3724
443.444 1283.3 3699
437.138 1283.3 3699
430.832 1283.3 3699
424.526 1283.3 3699
418.22 1283.3 3699
411.915 1283.3 3699
405.609 1283.3 3699
399.303 1283.3 3699
392.147 1280.52 3691
385.855 1280.52 3691
379.563 1280.52 3691
-31.8365 145.017 418
-32.5491 145.017 418
-33.2617 145.017 418
-33.9743 145.017 418
-34.5209 144.323 416
-35.0607 143.629 414
-35.7664 143.629 414
-36.4722 143.629 414
-37.0882 143.283 413
-37.7007 142.936 412
-38.4031 142.936 412
-39.1054 142.936 412
-39.7112 142.589 411
-40.3135 142.242 410
-40.9124 141.895 409
-41.6097 141.895 409
-42.2035 141.548 408
-42.7939 141.201 407
-43.4877 141.201 407
-44.1815 141.201 407
-44.7651 140.854 406
-45.4572 140.854 406
-46.1494 140.854 406
-46.8415 140.854 406
-47.5336 140.854 406
-48.2257 140.854 406
-48.9179 140.854 406
-49.61 140.854 406
-50.3021 140.854 406
-50.8686 140.507 405
-51.5591 140.507 405
-52.2495 140.507 405
-52.9399 140.507 405
-53.6303 140.507 405
-54.1866 140.16 404
-54.8754 140.16 404
-55.5641 140.16 404
-56.2528 140.16 404
-56.8006 139.813 403
-57.4876 139.813 403
-58.1746 139.813 403
-58.8616 139.813 403
-59.5486 139.813 403
-60.2356 139.813 403
-60.9226 139.813 403
-61.6096 139.813 403
-62.2967 139.813 403
-62.9837 139.813 403
-63.8287 140.16 404
-64.5174 140.16 404
-65.2061 140.16 404
-65.8948 140.16 404
-66.5836 140.16 404
-67.4388 140.507 405
-68.1292 140.507 405
-68.8196 140.507 405
-69.5101 140.507 405
-70.3738 140.854 406
-71.0659 140.854 406
-71.7581 140.854 406
-72.4502 140.854 406
-73.3225 141.201 407
-74.0163 141.201 407
-74.8937 141.548 408
-75.5892 141.548 408
-76.6587 142.242 410
-77.3577 142.242 410
-78.247 142.589 411
-78.9477 142.589 411
-79.6483 142.589 411
-80.5444 142.936 412
-81.2468 142.936 412
-81.9492 142.936 412
-82.8521 143.283 413
-83.9608 143.976 415
-84.6683 143.976 415
-85.5815 144.323 416
-86.7055 145.017 418
-87.6272 145.364 419
-88.3415 145.364 419
-89.2684 145.711 420
-90.4129 146.405 422
-91.1323 146.405 422
-92.287 147.099 424
-93.2291 147.446 425
-94.1747 147.793 426
-94.901 147.793 426
-95.8517 148.14 427
-97.032 148.833 429
-97.7633 148.833 429
-98.9538 149.527 431
-99.9198 149.874 432
-100.889 150.221 433
-101.627 150.221 433
-102.366 150.221 433
-103.58 150.915 435
-104.322 150.915 435
-105.063 150.915 435
-106.534 151.956 438
-107.281 151.956 438
-108.028 151.956 438
-109.023 152.303 439
-110.021 152.65 440
-110.771 152.65 440
-111.521 152.65 440
-112.527 152.997 441
-113.278 152.997 441
-114.289 153.344 442
-115.042 153.344 442
-116.058 153.69 443
-117.077 154.037 444
-117.834 154.037 444
-119.125 154.731 446
-119.885 154.731 446
-120.645 154.731 446
-121.406 154.731 446
-122.166 154.731 446
-122.926 154.731 446
-123.687 154.731 446
-124.447 154.731 446
-152.479 180.751 521
-153.368 180.751 521
-154.256 180.751 521
-154.846 180.404 520
-156.032 180.751 521
-156.92 180.751 521
-157.808 180.751 521
-158.697 180.751 521
-159.585 180.751 521
-160.473 180.751 521
-161.361 180.751 521
-161.938 180.404 520
-162.824 180.404 520
-163.711 180.404 520
-164.597 180.404 520
-165.484 180.404 520
-166.37 180.404 520
-841.559 765.677 2207
-848.386 768.452 2215
-852.162 768.452 2215
-859.416 771.575 2224
-864.372 772.615 2227
-868.168 772.615 2227
-871.965 772.615 2227
-874.581 771.575 2224
-878.373 771.575 2224
-882.164 771.575 2224
-884.76 770.534 2221
-887.346 769.493 2218
-891.128 769.493 2218
-896.119 770.534 2221
-899.905 770.534 2221
-904.912 771.575 2224
-908.704 771.575 2224
-912.495 771.575 2224
-915.05 770.534 2221
-914.286 766.718 2210
-908.083 758.391 2186
-911.81 758.391 2186
-914.699 757.697 2184
-915.899 755.616 2178
-918.345 754.575 2175
-922.053 754.575 2175
-923.207 752.493 2169
-924.768 750.759 2164
-928.457 750.759 2164
-932.146 750.759 2164
-933.24 748.677 2158
-936.919 748.677 2158
-940.598 748.677 2158
-944.277 748.677 2158
-946.638 747.636 2155
-949.43 746.943 2153
-950.444 744.861 2147
-954.104 744.861 2147
-956.426 743.82 2144
-960.081 743.82 2144
-962.837 743.126 2142
-966.488 743.126 2142
-970.14 743.126 2142
-972.428 742.085 2139
-974.705 741.045 2136
-978.347 741.045 2136
-981.988 741.045 2136
-984.245 740.004 2133
-986.955 739.31 2131
-990.588 739.31 2131
-992.821 738.269 2128
-996.448 738.269 2128
-998.666 737.228 2125
-1002.29 737.228 2125
-1003.54 735.494 2120
-1005.73 734.453 2117
-1006.96 732.718 2112
-1010.56 732.718 2112
-1011.28 730.637 2106
-1013.9 729.943 2104
-1014.59 727.861 2098
-1018.17 727.861 2098
-1016.87 724.392 2088
-1018.97 723.351 2085
-1017.62 719.882 2075
-1021.15 719.882 2075
-1023.21 718.841 2072
-1023.27 716.413 2065
-1024.31 714.678 2060
-1027.82 714.678 2060
-1024.82 710.168 2047
-1019.77 704.27 2030
-1020.71 702.535 2025
-1022.65 701.495 2022
-1023.56 699.76 2017
-1024.45 698.025 2012
-1025.84 696.638 2008
-1024.13 693.168 1998
-1027.54 693.168 1998
1868.18 1394.36 4039
1861.3 1394.36 4039
1854.41 1394.36 4039
1847.53 1394.36 4039
1840.64 1394.36 4039
1833.76 1394.36 4039
1822.8 1391.26 4030
1815.93 1391.26 4030
1800.08 1384.35 4010
1793.25 1384.35 4010
1769.48 1371.23 3972
1746.29 1358.46 3935
1739.58 1358.46 3935
1732.87 1358.46 3935
1726.17 1358.46 3935
1731.69 1368.13 3963
1733.21 1374.69 3982
1726.42 1374.69 3982
1719.63 1374.69 3982
1716.71 1377.79 3991
1751.9 1411.62 4089
1744.93 1411.62 4089
1737.96 1411.62 4089
1730.98 1411.62 4089
1389.42 1411.62 4089
1382.45 1411.62 4089
1375.48 1411.62 4089
1361.81 1404.72 4069
1341.89 1391.26 4030
1335.02 1391.26 4030
1290.58 1351.9 3916
1290.13 1358.46 3935
1295.49 1371.23 3972
1288.72 1371.23 3972
1281.95 1371.23 3972
1278.39 1374.69 3982
1274.48 1377.79 3991
1267.67 1377.79 3991
1260.87 1377.79 3991
1248.1 1371.23 3972
1226.64 1355.01 3925
1219.94 1355.01 3925
1213.25 1355.01 3925
1209.64 1358.46 3935
1225.86 1384.35 4010
1236.96 1404.72 4069
1230.02 1404.72 4069
1226.09 1408.17 4079
1219.13 1408.17 4079
1212.18 1408.17 4079
1205.23 1408.17 4079
1073.11 1408.17 4079
1066.15 1408.17 4079
1059.2 1408.17 4079
1052.25 1408.17 4079
1045.29 1408.17 4079
1035.79 1404.72 4069
1028.86 1404.72 4069
1016.9 1397.82 4049
1009.99 1397.82 4049
1000.61 1394.36 4039
989.054 1387.8 4020
982.201 1387.8 4020
975.348 1387.8 4020
968.495 1387.8 4020
964.034 1391.26 4030
957.164 1391.26 4030
950.294 1391.26 4030
943.424 1391.26 4030
938.645 1394.36 4039
934.067 1397.82 4049
929.454 1401.27 4059
922.534 1401.27 4059
915.615 1401.27 4059
908.695 1401.27 4059
901.776 1401.27 4059
894.856 1401.27 4059
887.937 1401.27 4059
881.017 1401.27 4059
878.404 1408.17 4079
871.451 1408.17 4079
864.497 1408.17 4079
857.543 1408.17 4079
850.59 1408.17 4079
841.568 1404.72 4069
832.58 1401.27 4059
823.626 1397.82 4049
816.724 1397.82 4049
807.821 1394.36 4039
800.936 1394.36 4039
792.281 1391.26 4030
785.411 1391.26 4030
778.541 1391.26 4030
767.841 1384.35 4010
759.297 1381.24 4001
752.476 1381.24 4001
743.792 1377.79 3991
733.479 1371.23 3972
721.585 1361.57 3944
714.862 1361.57 3944
708.138 1361.57 3944
698.036 1355.01 3925
688.174 1348.79 3907
681.514 1348.79 3907
668.635 1336.37 3871
654.34 1320.83 3826
647.817 1320.83 3826
641.295 1320.83 3826
633.445 1318.07 3818
626.937 1318.07 3818
620.428 1318.07 3818
613.919 1318.07 3818
605.979 1314.96 3809
599.485 1314.96 3809
588.944 1305.99 3783
582.495 1305.99 3783
574.676 1302.88 3774
565.682 1297.01 3757
559.278 1297.01 3757
554.197 1300.12 3766
547.777 1300.12 3766
541.357 1300.12 3766
534.937 1300.12 3766
528.517 1300.12 3766
522.097 1300.12 3766
515.677 1300.12 3766
510.338 1302.88 3774
503.905 1302.88 3774
497.471 1302.88 3774
491.037 1302.88 3774
482.421 1297.01 3757
476.016 1297.01 3757
468.611 1294.25 3749
460.124 1288.38 3732
453.762 1288.38 3732
447.4 1288.38 3732
441.038 1288.38 3732
436.656 1294.25 3749
431.183 1297.01 3757
424.778 1297.01 3757
418.373 1297.01 3757
411.969 1297.01 3757
405.564 1297.01 3757
399.159 1297.01 3757
392.754 1297.01 3757
379.563 1274.23 3691
-7.57246 158.458 459
-8.35494 158.458 459
-9.13742 158.458 459
-31.8365 144.304 418
-32.5491 144.304 418
-33.2617 144.304 418
-33.9743 144.304 418
-34.5209 143.614 416
-35.0607 142.923 414
-35.7664 142.923 414
-36.4722 142.923 414
-37.0882 142.578 413
-37.7007 142.233 412
-38.4031 142.233 412
-39.1054 142.233 412
-39.6146 141.542 410
-40.3135 141.542 410
-40.9124 141.197 409
-41.6097 141.197 409
-42.2035 140.852 408
-42.7939 140.507 407
-43.4877 140.507 407
-44.1815 140.507 407
-44.7651 140.161 406
-45.4572 140.161 406
-46.1494 140.161 406
-46.8415 140.161 406
-47.5336 140.161 406
-48.2257 140.161 406
-48.9179 140.161 406
-49.61 140.161 406
-50.3021 140.161 406
-50.8686 139.816 405
-51.5591 139.816 405
-52.2495 139.816 405
-52.9399 139.816 405
-53.6303 139.816 405
-54.1866 139.471 404
-54.8754 139.471 404
-55.5641 139.471 404
-56.2528 139.471 404
-56.8006 139.126 403
-57.4876 139.126 403
-58.1746 139.126 403
-58.8616 139.126 403
-59.6964 139.471 404
-60.3851 139.471 404
-61.0738 139.471 404
-61.7625 139.471 404
-62.4512 139.471 404
-63.14 139.471 404
-63.8287 139.471 404
-64.5174 139.471 404
-65.2061 139.471 404
-65.8948 139.471 404
-66.5836 139.471 404
-67.4388 139.816 405
-68.1292 139.816 405
-68.8196 139.816 405
-69.5101 139.816 405
-70.3738 140.161 406
-71.0659 140.161 406
-71.7581 140.161 406
-72.4502 140.161 406
-73.3225 140.507 407
-74.0163 140.507 407
-74.8937 140.852 408
-75.5892 140.852 408
-76.6587 141.542 410
-77.3577 141.542 410
-78.247 141.887 411
-78.9477 141.887 411
-79.6483 141.887 411
-80.5444 142.233 412
-81.2468 142.233 412
-82.1481 142.578 413
-82.8521 142.578 413
-84.1631 143.614 416
-84.8723 143.614 416
-85.5815 143.614 416
-86.913 144.649 419
-87.6272 144.649 419
-88.3415 144.649 419
-89.4809 145.34 421
-90.6271 146.03 423
-91.3482 146.03 423
-92.5046 146.721 425
-93.4485 147.066 426
-94.3958 147.411 427
-95.1237 147.411 427
-96.3006 148.102 429
-97.2581 148.447 430
-97.9912 148.447 430
-98.9538 148.792 431
-99.9198 149.137 432
-100.889 149.482 433
-101.627 149.482 433
-102.602 149.828 434
-103.58 150.173 435
-104.322 150.173 435
-105.305 150.518 436
-106.534 151.209 438
-107.526 151.554 439
-108.274 151.554 439
-109.023 151.554 439
-110.021 151.899 440
-110.771 151.899 440
-111.521 151.899 440
-112.527 152.244 441
-113.535 152.589 442
-114.547 152.935 443
-115.303 152.935 443
-116.058 152.935 443
-117.34 153.625 445
-118.099 153.625 445
-119.125 153.97 446
-119.885 153.97 446
-120.645 153.97 446
-121.406 153.97 446
-122.166 153.97 446
-122.926 153.97 446
-123.687 153.97 446
-152.479 179.862 521
-153.368 179.862 521
-154.256 179.862 521
-154.846 179.517 520
-156.032 179.862 521
-156.92 179.862 521
-157.808 179.862 521
-158.697 179.862 521
-159.585 179.862 521
-160.473 179.862 521
-161.361 179.862 521
-161.938 179.517 520
-162.824 179.517 520
-163.711 179.517 520
-164.914 179.862 521
-165.802 179.862 521
-166.69 179.862 521
-838.128 758.804 2198
-845.322 761.911 2207
-849.084 761.911 2207
-857.097 765.709 2218
-863.207 767.78 2224
-866.999 767.78 2224
-870.79 767.78 2224
-874.581 767.78 2224
-878.373 767.78 2224
-882.164 767.78 2224
-884.76 766.745 2221
-887.346 765.709 2218
-891.128 765.709 2218
-896.119 766.745 2221
-899.905 766.745 2221
-904.912 767.78 2224
-908.704 767.78 2224
-912.495 767.78 2224
-915.05 766.745 2221
-914.286 762.947 2210
-908.083 754.662 2186
-911.81 754.662 2186
-914.699 753.971 2184
-915.899 751.9 2178
-918.345 750.864 2175
-922.053 750.864 2175
-924.484 749.829 2172
-924.768 747.067 2164
-928.457 747.067 2164
-932.146 747.067 2164
-934.538 746.031 2161
-936.919 744.995 2158
-940.598 744.995 2158
-944.277 744.995 2158
-946.638 743.96 2155
-949.43 743.269 2153
-950.444 741.198 2147
-954.104 741.198 2147
-956.426 740.162 2144
-959.185 739.472 2142
-962.837 739.472 2142
-966.488 739.472 2142
-970.14 739.472 2142
-972.428 738.436 2139
-974.705 737.4 2136
-978.347 737.4 2136
-981.988 737.4 2136
-983.322 735.674 2131
-986.955 735.674 2131
-990.588 735.674 2131
-992.821 734.639 2128
-995.044 733.603 2125
-997.256 732.567 2122
-1000.87 732.567 2122
-1003.54 731.877 2120
-1004.31 729.805 2114
-1006.96 729.115 2112
-1010.56 729.115 2112
-1011.28 727.044 2106
-1013.9 726.353 2104
-1014.59 724.282 2098
-1018.17 724.282 2098
-1016.87 720.83 2088
-1018.97 719.794 2085
-1017.62 716.342 2075
-1021.15 716.342 2075
-1023.21 715.306 2072
-1023.27 712.889 2065
-1024.31 711.163 2060
-1027.82 711.163 2060
-1024.82 706.675 2047
-1019.77 700.807 2030
-1020.71 699.081 2025
-1022.65 698.045 2022
-1023.56 696.319 2017
-1024.45 694.593 2012
-1025.84 693.212 2008
-1029.26 693.212 2008
-1028.57 690.45 2000
1868.18 1387.47 4039
1861.3 1387.47 4039
1854.41 1387.47 4039
1847.53 1387.47 4039
1840.64 1387.47 4039
1833.76 1387.47 4039
1822.8 1384.38 4030
1815.93 1384.38 4030
1800.08 1377.51 4010
1793.25 1377.51 4010
1786.41 1377.51 4010
1779.57 1377.51 4010
1768.76 1374.42 4001
1761.94 1374.42 4001
1755.12 1374.42 4001
1748.3 1374.42 4001
1758.02 1387.47 4039
1751.13 1387.47 4039
1744.25 1387.47 4039
1745.96 1394.34 4059
1751.9 1404.65 4089
1744.93 1404.65 4089
1737.96 1404.65 4089
1389.42 1404.65 4089
1382.45 1404.65 4089
1375.48 1404.65 4089
1361.81 1397.78 4069
1341.89 1384.38 4030
1335.02 1384.38 4030
1290.58 1345.22 3916
1286.86 1348.31 3925
1283.43 1351.75 3935
1285.8 1361.37 3963
1279.05 1361.37 3963
1278.39 1367.89 3982
1274.48 1370.98 3991
1267.67 1370.98 3991
1260.87 1370.98 3991
1248.1 1364.46 3972
1226.64 1348.31 3925
1219.94 1348.31 3925
1213.25 1348.31 3925
1209.64 1351.75 3935
1225.86 1377.51 4010
1236.96 1397.78 4069
1230.02 1397.78 4069
1226.09 1401.21 4079
1219.13 1401.21 4079
1212.18 1401.21 4079
1205.23 1401.21 4079
1059.2 1401.21 4079
1054.83 1404.65 4089
1047.85 1404.65 4089
1040.88 1404.65 4089
1031.39 1401.21 4079
1019.41 1394.34 4059
1012.49 1394.34 4059
1005.57 1394.34 4059
991.515 1384.38 4030
984.645 1384.38 4030
977.774 1384.38 4030
970.904 1384.38 4030
964.034 1384.38 4030
957.164 1384.38 4030
954.774 1390.91 4049
947.872 1390.91 4049
940.969 1390.91 4049
936.374 1394.34 4059
931.744 1397.78 4069
924.807 1397.78 4069
920.126 1401.21 4079
913.173 1401.21 4079
906.219 1401.21 4079
899.265 1401.21 4079
890.124 1397.78 4069
883.187 1397.78 4069
880.558 1404.65 4089
873.587 1404.65 4089
866.616 1404.65 4089
859.646 1404.65 4089
852.675 1404.65 4089
843.636 1401.21 4079
834.631 1397.78 4069
825.66 1394.34 4059
818.741 1394.34 4059
807.821 1387.47 4039
800.936 1387.47 4039
792.281 1384.38 4030
785.411 1384.38 4030
778.541 1384.38 4030
767.841 1377.51 4010
759.297 1374.42 4001
752.476 1374.42 4001
743.792 1370.98 3991
733.479 1364.46 3972
721.585 1354.84 3944
714.862 1354.84 3944
708.138 1354.84 3944
698.036 1348.31 3925
688.174 1342.13 3907
681.514 1342.13 3907
668.635 1329.76 3871
654.34 1314.3 3826
647.817 1314.3 3826
641.295 1314.3 3826
633.445 1311.55 3818
626.937 1311.55 3818
620.428 1311.55 3818
613.919 1311.55 3818
605.979 1308.46 3809
599.485 1308.46 3809
588.944 1299.53 3783
582.495 1299.53 3783
574.676 1296.44 3774
568.242 1296.44 3774
560.617 1293.69 3766
554.197 1293.69 3766
547.777 1293.69 3766
541.357 1293.69 3766
534.937 1293.69 3766
529.64 1296.44 3774
523.206 1296.44 3774
518.005 1299.53 3783
512.773 1302.62 3792
506.308 1302.62 3792
499.844 1302.62 3792
492.208 1299.53 3783
484.604 1296.44 3774
478.17 1296.44 3774
470.736 1293.69 3766
463.206 1290.6 3757
456.802 1290.6 3757
450.397 1290.6 3757
443.992 1290.6 3757
439.568 1296.44 3774
437.151 1308.46 3809
431.675 1311.55 3818
425.166 1311.55 3818
418.657 1311.55 3818
412.149 1311.55 3818
405.64 1311.55 3818
399.131 1311.55 3818
-7.57246 157.675 459
-8.35494 157.675 459
-9.13742 157.675 459
-9.9199 157.675 459
-10.7024 157.675 459
-11.4849 157.675 459
-12.2673 157.675 459
-13.0498 157.675 459
-30.3386 143.247 417
-31.0495 143.247 417
-31.8365 143.591 418
-32.5491 143.591 418
-33.2617 143.591 418
-33.9743 143.591 418
-34.5209 142.904 416
-35.0607 142.217 414
-35.7664 142.217 414
-36.4722 142.217 414
-37.0882 141.873 413
-37.7007 141.53 412
-38.4031 141.53 412
-39.1054 141.53 412
-39.7112 141.186 411
-40.3135 140.843 410
-40.9124 140.499 409
-41.6097 140.499 409
-42.2035 140.156 408
-42.899 140.156 408
-43.4877 139.812 407
-44.1815 139.812 407
-44.8754 139.812 407
-45.4572 139.469 406
-46.1494 139.469 406
-46.8415 139.469 406
-47.5336 139.469 406
-48.2257 139.469 406
-48.9179 139.469 406
-49.61 139.469 406
-50.3021 139.469 406
-50.8686 139.125 405
-51.5591 139.125 405
-52.2495 139.125 405
-52.9399 139.125 405
-53.6303 139.125 405
-54.1866 138.782 404
-54.8754 138.782 404
-55.5641 138.782 404
-56.2528 138.782 404
-56.9415 138.782 404
-57.6302 138.782 404
-58.3189 138.782 404
-58.8616 138.438 403
-59.6964 138.782 404
-60.3851 138.782 404
-61.0738 138.782 404
-61.7625 138.782 404
-62.4512 138.782 404
-63.14 138.782 404
-63.8287 138.782 404
-64.5174 138.782 404
-65.2061 138.782 404
-65.8948 138.782 404
-66.5836 138.782 404
-67.4388 139.125 405
-68.1292 139.125 405
-68.8196 139.125 405
-69.5101 139.125 405
-70.3738 139.469 406
-71.0659 139.469 406
-71.7581 139.469 406
-72.4502 139.469 406
-73.3225 139.812 407
-74.0163 139.812 407
-74.8937 140.156 408
-75.5892 140.156 408
-76.6587 140.843 410
-77.5463 141.186 411
-78.247 141.186 411
-78.9477 141.186 411
-79.6483 141.186 411
-80.5444 141.53 412
-81.2468 141.53 412
-82.1481 141.873 413
-82.8521 141.873 413
-84.1631 142.904 416
-84.8723 142.904 416
-85.5815 142.904 416
-86.913 143.934 419
-87.6272 143.934 419
-88.5524 144.278 420
-89.4809 144.621 421
-90.8414 145.652 424
-91.5642 145.652 424
-92.5046 145.995 425
-93.4485 146.339 426
-94.3958 146.683 427
-95.1237 146.683 427
-96.5251 147.713 430
-97.4843 148.057 431
-98.2191 148.057 431
-99.1834 148.4 432
-100.151 148.744 433
-101.122 149.087 434
-101.862 149.087 434
-102.838 149.431 435
-103.818 149.774 436
-104.561 149.774 436
-105.546 150.118 437
-106.534 150.461 438
-107.526 150.805 439
-108.274 150.805 439
-109.271 151.148 440
-110.021 151.148 440
-111.023 151.492 441
-111.775 151.492 441
-112.527 151.492 441
-113.535 151.835 442
-114.547 152.179 443
-115.303 152.179 443
-116.582 152.866 445
-117.34 152.866 445
-118.099 152.866 445
-119.125 153.209 446
-119.885 153.209 446
-120.645 153.209 446
-121.406 153.209 446
-122.166 153.209 446
-152.479 178.973 521
-153.368 178.973 521
-154.256 178.973 521
-155.144 178.973 521
-156.032 178.973 521
-156.92 178.973 521
-158.111 179.317 522
-159.001 179.317 522
-159.891 179.317 522
-160.781 179.317 522
-161.671 179.317 522
-162.249 178.973 521
-163.138 178.973 521
-164.026 178.973 521
-164.914 178.973 521
-165.802 178.973 521
-166.69 178.973 521
-827.927 749.215 2181
-838.128 755.054 2198
-845.322 758.146 2207
-849.084 758.146 2207
-857.097 761.925 2218
-863.207 763.986 2224
-866.999 763.986 2224
-870.79 763.986 2224
-874.581 763.986 2224
-878.373 763.986 2224
-882.164 763.986 2224
-884.76 762.955 2221
-887.346 761.925 2218
-891.128 761.925 2218
-896.119 762.955 2221
-899.905 762.955 2221
-903.691 762.955 2221
-907.478 762.955 2221
-911.264 762.955 2221
-912.578 760.894 2215
-913.045 758.146 2207
-908.083 750.932 2186
-911.81 750.932 2186
-913.443 749.215 2181
-915.899 748.184 2178
-917.079 746.123 2172
-920.781 746.123 2172
-924.484 746.123 2172
-924.768 743.375 2164
-928.457 743.375 2164
-932.146 743.375 2164
-934.538 742.344 2161
-936.919 741.314 2158
-940.598 741.314 2158
-944.277 741.314 2158
-946.638 740.283 2155
-949.43 739.596 2153
-950.444 737.535 2147
-954.104 737.535 2147
-956.426 736.504 2144
-959.185 735.817 2142
-962.837 735.817 2142
-966.488 735.817 2142
-968.781 734.787 2139
-971.064 733.756 2136
-973.336 732.726 2133
-976.972 732.726 2133
-979.689 732.039 2131
-981.938 731.008 2128
-984.176 729.977 2125
-987.799 729.977 2125
-990.021 728.947 2122
-993.639 728.947 2122
-996.317 728.26 2120
-999.931 728.26 2120
-1003.54 728.26 2120
-1004.31 726.199 2114
-1005.53 724.481 2109
-1009.12 724.481 2109
-1011.28 723.451 2106
-1012.46 721.733 2101
-1013.62 720.015 2096
-1017.2 720.015 2096
-1016.87 717.267 2088
-1017.99 715.55 2083
-1016.15 711.771 2072
-1019.68 711.771 2072
-1022.22 711.084 2070
-1020.8 707.649 2060
-1020.33 704.901 2052
-1023.83 704.901 2052
-1024.82 703.183 2047
-1019.77 697.343 2030
-1019.2 694.595 2022
-1022.65 694.595 2022
-1022.54 692.19 2015
-1024.45 691.16 2012
-1025.84 689.786 2008
-1029.26 689.786 2008
-1028.57 687.038 2000
1843.79 1367.59 4001
1836.97 1367.59 4001
1847.53 1380.58 4039
1840.64 1380.58 4039
1833.76 1380.58 4039
1809.68 1367.59 4001
1806.92 1370.67 4010
1800.08 1370.67 4010
1793.25 1370.67 4010
1817.15 1394.25 4079
1810.2 1394.25 4079
1803.24 1394.25 4079
1791.88 1390.84 4069
1780.56 1387.42 4059
1773.64 1387.42 4059
1766.72 1387.42 4059
1759.8 1387.42 4059
1752.88 1387.42 4059
1745.96 1387.42 4059
1751.9 1397.67 4089
1744.93 1397.67 4089
1737.96 1397.67 4089
1283.9 1338.54 3916
1280.16 1341.61 3925
1276.72 1345.03 3935
1270.01 1345.03 3935
1269.08 1351.19 3953
1262.34 1351.19 3953
1255.6 1351.19 3953
1243.18 1345.03 3935
1233.33 1341.61 3925
1218.2 1332.39 3898
1211.55 1332.39 3898
1204.91 1332.39 3898
1209.64 1345.03 3935
1225.86 1370.67 4010
1236.96 1390.84 4069
1230.02 1390.84 4069
1226.09 1394.25 4079
1219.13 1394.25 4079
1212.18 1394.25 4079
1205.23 1394.25 4079
1059.2 1394.25 4079
1054.83 1397.67 4089
1047.85 1397.67 4089
1040.88 1397.67 4089
1033.91 1397.67 4089
1021.92 1390.84 4069
1014.98 1390.84 4069
1005.57 1387.42 4059
996.189 1384 4049
986.844 1380.58 4039
979.958 1380.58 4039
970.904 1377.51 4030
964.034 1377.51 4030
961.677 1384 4049
957.132 1387.42 4059
950.213 1387.42 4059
943.293 1387.42 4059
938.68 1390.84 4069
934.034 1394.25 4079
927.08 1394.25 4079
922.382 1397.67 4089
915.411 1397.67 4089
908.441 1397.67 4089
901.47 1397.67 4089
894.499 1397.67 4089
887.529 1397.67 4089
880.558 1397.67 4089
873.587 1397.67 4089
866.616 1397.67 4089
859.646 1397.67 4089
852.675 1397.67 4089
843.636 1394.25 4079
836.682 1394.25 4079
829.729 1394.25 4079
822.775 1394.25 4079
813.821 1390.84 4069
804.902 1387.42 4059
794.05 1380.58 4039
787.165 1380.58 4039
780.279 1380.58 4039
771.67 1377.51 4030
761.005 1370.67 4010
754.169 1370.67 4010
745.655 1367.59 4001
736.988 1364.17 3991
726.708 1357.68 3972
719.937 1357.68 3972
711.55 1354.6 3963
701.415 1348.11 3944
694.691 1348.11 3944
687.968 1348.11 3944
674.853 1335.46 3907
665.114 1329.31 3889
656.961 1326.23 3880
650.346 1326.23 3880
639.252 1317 3853
631.206 1313.93 3844
623.19 1310.85 3835
616.653 1310.85 3835
608.683 1307.78 3826
600.902 1305.04 3818
592.992 1301.96 3809
586.499 1301.96 3809
577.417 1296.15 3792
568.242 1290 3774
560.617 1287.27 3766
554.197 1287.27 3766
547.777 1287.27 3766
541.357 1287.27 3766
534.937 1287.27 3766
529.64 1290 3774
523.206 1290 3774
518.005 1293.08 3783
512.773 1296.15 3792
506.308 1296.15 3792
499.844 1296.15 3792
492.208 1293.08 3783
484.604 1290 3774
478.17 1290 3774
470.736 1287.27 3766
463.206 1284.19 3757
456.802 1284.19 3757
450.397 1284.19 3757
443.992 1284.19 3757
439.568 1290 3774
437.151 1301.96 3809
434.615 1313.93 3844
428.061 1313.93 3844
421.508 1313.93 3844
415.927 1317 3853
409.359 1317 3853
402.79 1317 3853
-6.81957 157.576 461
-7.60545 157.576 461
-8.39134 157.576 461
-9.13742 156.892 459
-9.9199 156.892 459
-10.7024 156.892 459
-11.4849 156.892 459
-12.2673 156.892 459
-13.0498 156.892 459
-30.3386 142.536 417
-31.0495 142.536 417
-31.8365 142.878 418
-32.5491 142.878 418
-33.2617 142.878 418
-33.9743 142.878 418
-34.5209 142.194 416
-35.0607 141.51 414
-35.7664 141.51 414
-36.4722 141.51 414
-37.0882 141.169 413
-37.7007 140.827 412
-38.4031 140.827 412
-39.1054 140.827 412
-39.7112 140.485 411
-40.3135 140.143 410
-40.9124 139.801 409
-41.6097 139.801 409
-42.2035 139.46 408
-42.899 139.46 408
-43.4877 139.118 407
-44.1815 139.118 407
-44.8754 139.118 407
-45.4572 138.776 406
-46.1494 138.776 406
-46.8415 138.776 406
-47.5336 138.776 406
-48.2257 138.776 406
-48.9179 138.776 406
-49.61 138.776 406
-50.3021 138.776 406
-50.8686 138.434 405
-51.5591 138.434 405
-52.2495 138.434 405
-52.9399 138.434 405
-53.6303 138.434 405
-54.1866 138.092 404
-54.8754 138.092 404
-55.5641 138.092 404
-56.2528 138.092 404
-56.9415 138.092 404
-57.6302 138.092 404
-58.3189 138.092 404
-59.0077 138.092 404
-59.6964 138.092 404
-60.3851 138.092 404
-61.0738 138.092 404
-61.7625 138.092 404
-62.4512 138.092 404
-63.14 138.092 404
-63.8287 138.092 404
-64.5174 138.092 404
-65.2061 138.092 404
-66.0579 138.434 405
-66.7484 138.434 405
-67.4388 138.434 405
-68.1292 138.434 405
-68.8196 138.434 405
-69.5101 138.434 405
-70.3738 138.776 406
-71.0659 138.776 406
-71.7581 138.776 406
-72.4502 138.776 406
-73.3225 139.118 407
-74.0163 139.118 407
-75.0773 139.801 409
-75.7745 139.801 409
-76.6587 140.143 410
-77.5463 140.485 411
-78.247 140.485 411
-78.9477 140.485 411
-79.6483 140.485 411
-80.5444 140.827 412
-81.2468 140.827 412
-82.1481 141.169 413
-82.8521 141.169 413
-84.1631 142.194 416
-84.8723 142.194 416
-85.5815 142.194 416
-86.913 143.22 419
-87.6272 143.22 419
-88.5524 143.561 420
-89.4809 143.903 421
-90.8414 144.929 424
-91.5642 144.929 424
-92.5046 145.27 425
-93.4485 145.612 426
-94.3958 145.954 427
-95.1237 145.954 427
-96.5251 146.979 430
-97.4843 147.321 431
-98.2191 147.321 431
-99.1834 147.663 432
-100.151 148.005 433
-101.122 148.347 434
-101.862 148.347 434
-102.838 148.689 435
-104.056 149.372 437
-104.801 149.372 437
-105.788 149.714 438
-106.778 150.056 439
-107.771 150.398 440
-108.521 150.398 440
-109.271 150.398 440
-110.271 150.739 441
-111.023 150.739 441
-111.775 150.739 441
-112.782 151.081 442
-113.792 151.423 443
-114.547 151.423 443
-115.563 151.765 444
-116.582 152.107 445
-117.604 152.448 446
-118.364 152.448 446
-119.392 152.79 447
-120.154 152.79 447
-120.916 152.79 447
-121.678 152.79 447
-122.166 152.448 446
-152.772 178.426 522
-153.662 178.426 522
-154.552 178.426 522
-155.442 178.426 522
-156.332 178.426 522
-157.221 178.426 522
-158.414 178.768 523
-159.306 178.768 523
-160.197 178.768 523
-161.089 178.768 523
-161.671 178.426 522
-162.561 178.426 522
-163.451 178.426 522
-164.026 178.084 521
-164.914 178.084 521
-165.802 178.084 521
-166.69 178.084 521
-827.927 745.494 2181
-836.984 750.279 2195
-841.875 751.304 2198
-845.622 751.304 2198
-852.847 754.381 2207
-857.773 755.406 2210
-861.541 755.406 2210
-865.308 755.406 2210
-872.222 758.141 2218
-876.003 758.141 2218
-879.784 758.141 2218
-883.565 758.141 2218
-887.346 758.141 2218
-891.128 758.141 2218
-896.119 759.166 2221
-899.905 759.166 2221
-903.691 759.166 2221
-907.478 759.166 2221
-911.264 759.166 2221
-912.578 757.115 2215
-913.045 754.381 2207
-908.083 747.203 2186
-911.81 747.203 2186
-913.443 745.494 2181
-915.899 744.468 2178
-917.079 742.417 2172
-920.781 742.417 2172
-924.484 742.417 2172
-924.768 739.683 2164
-928.457 739.683 2164
-932.146 739.683 2164
-934.538 738.657 2161
-936.919 737.632 2158
-940.598 737.632 2158
-944.277 737.632 2158
-946.638 736.606 2155
-949.43 735.923 2153
-949.116 732.846 2144
-952.771 732.846 2144
-955.534 732.163 2142
-959.185 732.163 2142
-961.488 731.137 2139
-965.135 731.137 2139
-967.422 730.112 2136
-969.7 729.087 2133
-972.424 728.403 2131
-976.056 728.403 2131
-978.31 727.377 2128
-980.553 726.352 2125
-984.176 726.352 2125
-987.799 726.352 2125
-990.021 725.327 2122
-992.703 724.643 2120
-996.317 724.643 2120
-999.931 724.643 2120
-1002.12 723.618 2117
-1004.31 722.592 2114
-1005.53 720.883 2109
-1009.12 720.883 2109
-1010.32 719.174 2104
-1012.46 718.148 2101
-1014.59 717.123 2098
-1018.17 717.123 2098
-1015.41 712.68 2085
-1017.99 711.996 2083
-1017.62 709.261 2075
-1021.15 709.261 2075
-1023.21 708.236 2072
-1021.79 704.818 2062
-1021.82 702.425 2055
-1025.32 702.425 2055
-1027.33 701.4 2052
-1020.78 694.563 2032
-1019.2 691.145 2022
-1022.65 691.145 2022
-1022.54 688.753 2015
-1024.45 687.727 2012
-1025.84 686.36 2008
-1029.26 686.36 2008
-1028.57 683.625 2000
1791.55 1357.37 3991
1793.25 1363.83 4010
1817.15 1387.29 4079
1810.2 1387.29 4079
1803.24 1387.29 4079
1791.88 1383.89 4069
1780.56 1380.49 4059
1773.64 1380.49 4059
1766.72 1380.49 4059
1759.8 1380.49 4059
1752.88 1380.49 4059
1745.96 1380.49 4059
1751.9 1390.7 4089
1744.93 1390.7 4089
1737.96 1390.7 4089
1276.72 1338.32 3935
1270.01 1338.32 3935
1266.19 1341.38 3944
1259.47 1341.38 3944
1252.74 1341.38 3944
1243.18 1338.32 3935
1224.84 1325.74 3898
1218.2 1325.74 3898
1217.15 1331.86 3916
1210.47 1331.86 3916
1224.08 1354.3 3982
1237.78 1377.09 4049
1236.96 1383.89 4069
1230.02 1383.89 4069
1226.09 1387.29 4079
1219.13 1387.29 4079
1212.18 1387.29 4079
1054.83 1390.7 4089
1047.85 1390.7 4089
1040.88 1390.7 4089
1033.91 1390.7 4089
1021.92 1383.89 4069
1014.98 1383.89 4069
1005.57 1380.49 4059
996.189 1377.09 4049
986.844 1373.69 4039
979.958 1373.69 4039
970.904 1370.63 4030
964.034 1370.63 4030
961.677 1377.09 4049
957.132 1380.49 4059
950.213 1380.49 4059
945.617 1383.89 4069
940.987 1387.29 4079
934.034 1387.29 4079
927.08 1387.29 4079
922.382 1390.7 4089
915.411 1390.7 4089
908.441 1390.7 4089
901.47 1390.7 4089
894.499 1390.7 4089
887.529 1390.7 4089
880.558 1390.7 4089
873.587 1390.7 4089
866.616 1390.7 4089
859.646 1390.7 4089
852.675 1390.7 4089
843.636 1387.29 4079
836.682 1387.29 4079
831.763 1390.7 4089
824.792 1390.7 4089
817.821 1390.7 4089
808.868 1387.29 4079
799.948 1383.89 4069
793.011 1383.89 4069
782.211 1377.09 4049
773.394 1373.69 4039
764.8 1370.63 4030
757.93 1370.63 4030
747.333 1363.83 4010
738.835 1360.77 4001
730.184 1357.37 3991
723.381 1357.37 3991
714.961 1354.3 3982
704.794 1347.84 3963
696.277 1344.44 3953
689.538 1344.44 3953
681.244 1341.38 3944
668.193 1328.8 3907
660.008 1325.74 3898
653.363 1325.74 3898
645.225 1322.67 3889
637.117 1319.61 3880
629.041 1316.55 3871
622.441 1316.55 3871
612.979 1310.43 3853
603.577 1304.31 3835
594.393 1298.53 3818
587.884 1298.53 3818
578.635 1292.41 3800
569.597 1286.62 3783
563.148 1286.62 3783
556.699 1286.62 3783
550.25 1286.62 3783
543.801 1286.62 3783
536.073 1283.56 3774
529.64 1283.56 3774
523.206 1283.56 3774
519.237 1289.68 3792
512.773 1289.68 3792
507.376 1292.41 3800
500.898 1292.41 3800
494.42 1292.41 3800
486.915 1289.68 3792
480.451 1289.68 3792
473.986 1289.68 3792
465.302 1283.56 3774
458.869 1283.56 3774
452.435 1283.56 3774
446.001 1283.56 3774
443.644 1295.47 3809
438.184 1298.53 3818
434.615 1307.37 3844
428.061 1307.37 3844
421.508 1307.37 3844
415.927 1310.43 3853
409.359 1310.43 3853
402.79 1310.43 3853
-6.03368 156.789 461
-6.81957 156.789 461
-7.60545 156.789 461
-8.39134 156.789 461
-9.13742 156.109 459
-9.9199 156.109 459
-10.7024 156.109 459
-11.4849 156.109 459
-12.2673 156.109 459
-13.0498 156.109 459
-13.7419 155.089 456
-14.5192 155.089 456
-15.2966 155.089 456
-30.3386 141.824 417
-31.0495 141.824 417
-31.8365 142.165 418
-32.5491 142.165 418
-33.2617 142.165 418
-33.893 141.824 417
-34.4379 141.144 415
-35.0607 140.804 414
-35.7664 140.804 414
-36.4722 140.804 414
-37.0882 140.464 413
-37.7007 140.124 412
-38.4031 140.124 412
-39.1054 140.124 412
-39.7112 139.784 411
-40.3135 139.444 410
-40.9124 139.104 409
-41.6097 139.104 409
-42.2035 138.764 408
-42.899 138.764 408
-43.5945 138.764 408
-44.2901 138.764 408
-44.8754 138.423 407
-45.5692 138.423 407
-46.1494 138.083 406
-46.8415 138.083 406
-47.5336 138.083 406
-48.2257 138.083 406
-48.9179 138.083 406
-49.61 138.083 406
-50.3021 138.083 406
-50.8686 137.743 405
-51.5591 137.743 405
-52.2495 137.743 405
-52.9399 137.743 405
-53.6303 137.743 405
-54.3208 137.743 405
-55.0112 137.743 405
-55.5641 137.403 404
-56.2528 137.403 404
-56.9415 137.403 404
-57.6302 137.403 404
-58.3189 137.403 404
-59.0077 137.403 404
-59.6964 137.403 404
-60.3851 137.403 404
-61.0738 137.403 404
-61.7625 137.403 404
-62.4512 137.403 404
-63.14 137.403 404
-63.8287 137.403 404
-64.5174 137.403 404
-65.3675 137.743 405
-66.0579 137.743 405
-66.7484 137.743 405
-67.4388 137.743 405
-68.1292 137.743 405
-68.9896 138.083 406
-69.6817 138.083 406
-70.3738 138.083 406
-71.0659 138.083 406
-71.7581 138.083 406
-72.4502 138.083 406
-73.3225 138.423 407
-74.1982 138.764 408
-75.0773 139.104 409
-75.7745 139.104 409
-76.8457 139.784 411
-77.5463 139.784 411
-78.247 139.784 411
-78.9477 139.784 411
-79.8421 140.124 412
-80.74 140.464 413
-81.444 140.464 413
-82.1481 140.464 413
-83.0527 140.804 414
-84.1631 141.484 416
-84.8723 141.484 416
-85.7872 141.824 417
-86.913 142.505 419
-87.6272 142.505 419
-88.5524 142.845 420
-89.906 143.865 423
-91.0556 144.545 425
-91.7801 144.545 425
-92.7223 144.885 426
-93.6679 145.226 427
-94.3958 145.226 427
-95.3465 145.566 428
-96.5251 146.246 430
-97.4843 146.586 431
-98.2191 146.586 431
-99.1834 146.926 432
-100.151 147.266 433
-101.122 147.606 434
-101.862 147.606 434
-102.838 147.946 435
-104.056 148.627 437
-104.801 148.627 437
-105.788 148.967 438
-106.778 149.307 439
-107.771 149.647 440
-108.521 149.647 440
-109.271 149.647 440
-110.271 149.987 441
-111.023 149.987 441
-111.775 149.987 441
-112.782 150.327 442
-113.792 150.667 443
-114.547 150.667 443
-115.563 151.007 444
-116.582 151.347 445
-117.604 151.688 446
-118.364 151.688 446
-119.392 152.028 447
-120.154 152.028 447
-120.916 152.028 447
-121.678 152.028 447
-122.166 151.688 446
-152.464 178.216 524
-153.357 178.216 524
-154.251 178.216 524
-155.144 178.216 524
-155.74 177.876 523
-156.631 177.876 523
-157.523 177.876 523
-158.717 178.216 524
-159.915 178.556 525
-160.81 178.556 525
-161.705 178.556 525
-161.981 177.876 523
-162.872 177.876 523
-163.764 177.876 523
-164.341 177.536 522
-165.23 177.536 522
-166.12 177.536 522
-167.01 177.536 522
-817.105 738.712 2172
-820.808 738.712 2172
-827.927 741.773 2181
-832.789 742.793 2184
-839.577 745.514 2192
-843.313 745.514 2192
-848.209 746.534 2195
-854.28 748.575 2201
-858.032 748.575 2201
-861.784 748.575 2201
-866.716 749.595 2204
-872.843 751.636 2210
-876.611 751.636 2210
-880.378 751.636 2210
-884.146 751.636 2210
-889.922 753.336 2215
-893.698 753.336 2215
-897.474 753.336 2215
-901.25 753.336 2215
-905.026 753.336 2215
-908.802 753.336 2215
-910.518 751.636 2210
-909.321 747.554 2198
-908.083 743.473 2186
-911.81 743.473 2186
-913.443 741.773 2181
-914.637 739.732 2175
-917.079 738.712 2172
-920.781 738.712 2172
-923.207 737.691 2169
-924.768 735.991 2164
-927.17 734.97 2161
-930.854 734.97 2161
-933.24 733.95 2158
-936.919 733.95 2158
-939.291 732.93 2155
-942.964 732.93 2155
-945.759 732.25 2153
-948.107 731.229 2150
-949.116 729.189 2144
-952.771 729.189 2144
-955.534 728.508 2142
-959.185 728.508 2142
-961.488 727.488 2139
-965.135 727.488 2139
-967.422 726.468 2136
-969.7 725.447 2133
-972.424 724.767 2131
-976.056 724.767 2131
-978.31 723.747 2128
-980.553 722.727 2125
-984.176 722.727 2125
-987.799 722.727 2125
-990.021 721.706 2122
-992.703 721.026 2120
-996.317 721.026 2120
-999.931 721.026 2120
-1002.12 720.006 2117
-1004.31 718.985 2114
-1005.53 717.285 2109
-1009.12 717.285 2109
-1010.32 715.584 2104
-1012.46 714.564 2101
-1014.59 713.544 2098
-1018.17 713.544 2098
-1015.41 709.122 2085
-1017.99 708.442 2083
-1017.62 705.721 2075
-1021.15 705.721 2075
-1023.21 704.701 2072
-1021.79 701.3 2062
-1021.82 698.919 2055
-1025.32 698.919 2055
-1027.33 697.899 2052
-1020.78 691.097 2032
-1020.71 688.716 2025
-1024.16 688.716 2025
-1023.56 685.995 2017
-1025.98 685.315 2015
-1026.86 683.614 2010
-1030.28 683.614 2010
-1030.11 681.234 2003
1817.15 1380.34 4079
1810.2 1380.34 4079
1803.24 1380.34 4079
1791.88 1376.95 4069
1780.56 1373.57 4059
1773.64 1373.57 4059
1771.07 1376.95 4069
1764.14 1376.95 4069
1757.2 1376.95 4069
1750.26 1376.95 4069
1743.33 1376.95 4069
1732.12 1373.57 4059
1263.3 1331.61 3935
1256.59 1331.61 3935
1249.89 1331.61 3935
1243.18 1331.61 3935
1224.84 1319.09 3898
1221.01 1322.13 3907
1225.85 1334.65 3944
1219.13 1334.65 3944
1224.08 1347.51 3982
1237.78 1370.18 4049
1230.88 1370.18 4049
1223.97 1370.18 4049
1047.85 1383.72 4089
1040.88 1383.72 4089
1033.91 1383.72 4089
1021.92 1376.95 4069
1014.98 1376.95 4069
1005.57 1373.57 4059
996.189 1370.18 4049
986.844 1366.8 4039
979.958 1366.8 4039
970.904 1363.75 4030
964.034 1363.75 4030
961.677 1370.18 4049
957.132 1373.57 4059
950.213 1373.57 4059
945.617 1376.95 4069
940.987 1380.34 4079
934.034 1380.34 4079
927.08 1380.34 4079
922.382 1383.72 4089
915.411 1383.72 4089
908.441 1383.72 4089
901.47 1383.72 4089
894.499 1383.72 4089
887.529 1383.72 4089
880.558 1383.72 4089
873.587 1383.72 4089
836.682 1380.34 4079
831.763 1383.72 4089
824.792 1383.72 4089
817.821 1383.72 4089
808.868 1380.34 4079
799.948 1376.95 4069
793.011 1376.95 4069
786.075 1376.95 4069
777.223 1373.57 4059
768.406 1370.18 4049
761.504 1370.18 4049
751.06 1363.75 4030
742.343 1360.37 4020
733.661 1356.99 4010
726.825 1356.99 4010
716.577 1350.56 3991
708.173 1347.51 3982
701.385 1347.51 3982
694.596 1347.51 3982
682.799 1337.7 3953
674.521 1334.65 3944
666.273 1331.61 3935
659.565 1331.61 3935
651.198 1328.22 3925
643.029 1325.18 3916
631.966 1316.04 3889
625.336 1316.04 3889
617.274 1312.99 3880
609.243 1309.95 3871
597.04 1297.77 3835
590.502 1297.77 3835
580.005 1288.97 3809
572.157 1285.92 3800
564.488 1283.21 3792
559.201 1285.92 3800
552.723 1285.92 3800
546.245 1285.92 3800
538.63 1283.21 3792
532.166 1283.21 3792
525.701 1283.21 3792
520.332 1285.92 3800
515.071 1288.97 3809
508.578 1288.97 3809
502.085 1288.97 3809
495.591 1288.97 3809
487.942 1285.92 3800
481.464 1285.92 3800
474.986 1285.92 3800
466.412 1280.17 3783
459.963 1280.17 3783
454.593 1283.21 3792
448.128 1283.21 3792
444.692 1292.01 3818
441.168 1300.81 3844
435.632 1303.86 3853
429.064 1303.86 3853
424.469 1309.95 3871
418.842 1312.99 3880
412.227 1312.99 3880
405.613 1312.99 3880
-6.04677 156.341 462
-6.83436 156.341 462
-7.62195 156.341 462
-8.39134 156.003 461
-9.17723 156.003 461
-9.94151 155.664 460
-10.7024 155.326 459
-11.4849 155.326 459
-12.2673 155.326 459
-13.0214 154.987 458
-13.7419 154.311 456
-14.5192 154.311 456
-15.2966 154.311 456
-16.0387 153.972 455
-30.3386 141.113 417
-31.0495 141.113 417
-31.7603 141.113 417
-32.4712 141.113 417
-33.1821 141.113 417
-33.893 141.113 417
-34.4379 140.436 415
-35.0607 140.098 414
-35.7664 140.098 414
-36.4722 140.098 414
-37.0882 139.759 413
-37.7922 139.759 413
-38.4031 139.421 412
-39.1054 139.421 412
-39.7112 139.083 411
-40.3135 138.744 410
-41.0125 138.744 410
-41.7114 138.744 410
-42.3069 138.406 409
-42.899 138.067 408
-43.5945 138.067 408
-44.2901 138.067 408
-44.8754 137.729 407
-45.5692 137.729 407
-46.1494 137.391 406
-46.8415 137.391 406
-47.5336 137.391 406
-48.2257 137.391 406
-48.9179 137.391 406
-49.61 137.391 406
-50.3021 137.391 406
-50.8686 137.052 405
-51.5591 137.052 405
-52.2495 137.052 405
-52.9399 137.052 405
-53.6303 137.052 405
-54.3208 137.052 405
-55.0112 137.052 405
-55.5641 136.714 404
-56.2528 136.714 404
-56.9415 136.714 404
-57.6302 136.714 404
-58.3189 136.714 404
-59.0077 136.714 404
-59.6964 136.714 404
-60.3851 136.714 404
-61.0738 136.714 404
-61.7625 136.714 404
-62.4512 136.714 404
-63.14 136.714 404
-63.8287 136.714 404
-64.6771 137.052 405
-65.3675 137.052 405
-66.0579 137.052 405
-66.7484 137.052 405
-67.4388 137.052 405
-68.1292 137.052 405
-68.9896 137.391 406
-69.6817 137.391 406
-70.3738 137.391 406
-71.0659 137.391 406
-71.7581 137.391 406
-72.4502 137.391 406
-73.3225 137.729 407
-74.1982 138.067 408
-75.0773 138.406 409
-75.7745 138.406 409
-76.8457 139.083 411
-77.5463 139.083 411
-78.247 139.083 411
-79.1397 139.421 412
-79.8421 139.421 412
-80.74 139.759 413
-81.444 139.759 413
-82.347 140.098 414
-83.2534 140.436 415
-84.3655 141.113 417
-85.0763 141.113 417
-85.9929 141.451 418
-87.1204 142.128 420
-87.8364 142.128 420
-88.974 142.805 422
-90.1185 143.482 424
-91.0556 143.82 425
-91.7801 143.82 425
-92.7223 144.159 426
-93.8872 144.835 428
-94.6169 144.835 428
-95.5693 145.174 429
-96.7496 145.851 431
-97.4843 145.851 431
-98.2191 145.851 431
-99.1834 146.189 432
-100.151 146.527 433
-101.122 146.866 434
-101.862 146.866 434
-103.075 147.543 436
-104.056 147.881 437
-104.801 147.881 437
-106.029 148.558 439
-107.021 148.896 440
-107.771 148.896 440
-108.521 148.896 440
-109.519 149.235 441
-110.271 149.235 441
-111.275 149.573 442
-112.028 149.573 442
-113.037 149.911 443
-114.049 150.25 444
-114.806 150.25 444
-115.823 150.588 445
-116.844 150.927 446
-117.604 150.927 446
-118.364 150.927 446
-119.392 151.265 447
-120.154 151.265 447
-120.916 151.265 447
-121.678 151.265 447
-152.464 177.322 524
-153.357 177.322 524
-154.251 177.322 524
-155.144 177.322 524
-155.74 176.983 523
-156.631 176.983 523
-157.523 176.983 523
-158.717 177.322 524
-159.915 177.66 525
-160.81 177.66 525
-161.705 177.66 525
-161.981 176.983 523
-162.872 176.983 523
-163.764 176.983 523
-164.341 176.645 522
-165.863 177.322 524
-166.757 177.322 524
-167.65 177.322 524
-807.036 729.253 2155
-820.491 738.052 2181
-824.209 738.052 2181
-829.066 739.067 2184
-832.789 739.067 2184
-836.512 739.067 2184
-840.236 739.067 2184
-845.891 740.759 2189
-851.951 742.789 2195
-855.693 742.789 2195
-859.435 742.789 2195
-864.357 743.804 2198
-870.474 745.835 2204
-874.231 745.835 2204
-877.988 745.835 2204
-881.745 745.835 2204
-885.503 745.835 2204
-891.681 747.865 2210
-895.448 747.865 2210
-899.216 747.865 2210
-902.983 747.865 2210
-906.751 747.865 2210
-906.81 744.82 2201
-906.839 741.774 2192
-906.006 738.052 2181
-909.724 738.052 2181
-910.93 736.021 2175
-913.376 735.006 2172
-915.812 733.991 2169
-919.51 733.991 2169
-923.207 733.991 2169
-923.486 731.284 2161
-927.17 731.284 2161
-930.854 731.284 2161
-933.24 730.268 2158
-935.617 729.253 2155
-938.419 728.576 2153
-942.089 728.576 2153
-945.759 728.576 2153
-948.107 727.561 2150
-949.116 725.531 2144
-952.771 725.531 2144
-955.534 724.854 2142
-957.842 723.839 2139
-961.488 723.839 2139
-965.135 723.839 2139
-967.422 722.823 2136
-968.791 721.132 2131
-972.424 721.132 2131
-976.056 721.132 2131
-978.31 720.116 2128
-980.553 719.101 2125
-982.787 718.086 2122
-986.404 718.086 2122
-989.089 717.409 2120
-992.703 717.409 2120
-996.317 717.409 2120
-999.931 717.409 2120
-1002.12 716.394 2117
-1004.31 715.379 2114
-1005.53 713.687 2109
-1009.12 713.687 2109
-1010.32 711.995 2104
-1012.46 710.979 2101
-1014.59 709.964 2098
-1018.17 709.964 2098
-1015.41 705.565 2085
-1017.99 704.888 2083
-1017.62 702.181 2075
-1021.15 702.181 2075
-1023.21 701.166 2072
-1021.79 697.782 2062
-1021.82 695.413 2055
-1025.32 695.413 2055
-1027.33 694.398 2052
-1020.78 687.63 2032
-1020.71 685.261 2025
-1024.16 685.261 2025
-1023.56 682.554 2017
-1025.98 681.877 2015
-1027.88 680.862 2012
-1031.31 680.862 2012
-1032.68 679.508 2008
1817.15 1373.38 4079
1810.2 1373.38 4079
1803.24 1373.38 4079
1791.88 1370.01 4069
1784.95 1370.01 4069
1782.38 1373.38 4079
1775.43 1373.38 4079
1768.47 1373.38 4079
1757.2 1370.01 4069
1750.26 1370.01 4069
1743.33 1370.01 4069
1263.3 1324.89 3935
1256.59 1324.89 3935
1249.89 1324.89 3935
1243.18 1324.89 3935
1224.84 1312.43 3898
1221.01 1315.47 3907
1225.85 1327.92 3944
1219.13 1327.92 3944
1224.08 1340.72 3982
1237.78 1363.28 4049
1230.88 1363.28 4049
1223.97 1363.28 4049
1054.83 1376.74 4089
1047.85 1376.74 4089
1040.88 1376.74 4089
1031.39 1373.38 4079
1021.92 1370.01 4069
1014.98 1370.01 4069
1005.57 1366.64 4059
996.189 1363.28 4049
984.645 1356.88 4030
977.774 1356.88 4030
968.495 1353.51 4020
961.642 1353.51 4020
964.052 1366.64 4059
959.49 1370.01 4069
952.554 1370.01 4069
945.617 1370.01 4069
940.987 1373.38 4079
934.034 1373.38 4079
927.08 1373.38 4079
831.763 1376.74 4089
824.792 1376.74 4089
817.821 1376.74 4089
810.851 1376.74 4089
801.914 1373.38 4079
794.96 1373.38 4079
786.075 1370.01 4069
777.223 1366.64 4059
768.406 1363.28 4049
761.504 1363.28 4049
751.06 1356.88 4030
742.343 1353.51 4020
733.661 1350.14 4010
726.825 1350.14 4010
716.577 1343.75 3991
708.173 1340.72 3982
701.385 1340.72 3982
694.596 1340.72 3982
682.799 1330.95 3953
674.521 1327.92 3944
666.273 1324.89 3935
659.565 1324.89 3935
651.198 1321.53 3925
643.029 1318.5 3916
631.966 1309.4 3889
625.336 1309.4 3889
617.274 1306.37 3880
609.243 1303.34 3871
597.04 1291.22 3835
590.502 1291.22 3835
583.964 1291.22 3835
573.512 1282.47 3809
567.018 1282.47 3809
560.525 1282.47 3809
554.032 1282.47 3809
547.538 1282.47 3809
541.045 1282.47 3809
534.551 1282.47 3809
526.81 1279.44 3800
521.565 1282.47 3809
515.071 1282.47 3809
508.578 1282.47 3809
502.085 1282.47 3809
495.591 1282.47 3809
489.098 1282.47 3809
482.604 1282.47 3809
474.986 1279.44 3800
468.508 1279.44 3800
462.03 1279.44 3800
457.71 1285.5 3818
451.201 1285.5 3818
446.672 1291.22 3835
442.201 1297.28 3853
437.667 1303.34 3871
431.068 1303.34 3871
426.443 1309.4 3889
421.756 1315.47 3907
415.096 1315.47 3907
408.435 1315.47 3907
-6.04677 155.553 462
-6.83436 155.553 462
-7.62195 155.553 462
-8.39134 155.216 461
-9.17723 155.216 461
-9.96312 155.216 461
-10.749 155.216 461
-11.5099 154.879 460
-12.2673 154.543 459
-13.0214 154.206 458
-13.7419 153.533 456
-14.5192 153.533 456
-15.2966 153.533 456
-16.0387 153.196 455
-30.3386 140.402 417
-31.0495 140.402 417
-31.7603 140.402 417
-32.4712 140.402 417
-33.1821 140.402 417
-33.8117 140.065 416
-34.4379 139.728 415
-35.0607 139.391 414
-35.7664 139.391 414
-36.4722 139.391 414
-37.0882 139.055 413
-37.7922 139.055 413
-38.4963 139.055 413
-39.1054 138.718 412
-39.7112 138.381 411
-40.3135 138.045 410
-41.0125 138.045 410
-41.7114 138.045 410
-42.3069 137.708 409
-42.899 137.371 408
-43.5945 137.371 408
-44.2901 137.371 408
-44.8754 137.035 407
-45.5692 137.035 407
-46.1494 136.698 406
-46.8415 136.698 406
-47.5336 136.698 406
-48.2257 136.698 406
-48.9179 136.698 406
-49.61 136.698 406
-50.3021 136.698 406
-50.9942 136.698 406
-51.5591 136.361 405
-52.2495 136.361 405
-52.9399 136.361 405
-53.6303 136.361 405
-54.3208 136.361 405
-55.0112 136.361 405
-55.7016 136.361 405
-56.2528 136.025 404
-56.9415 136.025 404
-57.6302 136.025 404
-58.3189 136.025 404
-59.0077 136.025 404
-59.6964 136.025 404
-60.3851 136.025 404
-61.0738 136.025 404
-61.7625 136.025 404
-62.4512 136.025 404
-63.14 136.025 404
-63.8287 136.025 404
-64.6771 136.361 405
-65.3675 136.361 405
-66.0579 136.361 405
-66.7484 136.361 405
-67.4388 136.361 405
-68.1292 136.361 405
-68.9896 136.698 406
-69.6817 136.698 406
-70.3738 136.698 406
-71.0659 136.698 406
-71.7581 136.698 406
-72.4502 136.698 406
-73.3225 137.035 407
-74.1982 137.371 408
-75.0773 137.708 409
-75.7745 137.708 409
-76.8457 138.381 411
-77.735 138.718 412
-78.4374 138.718 412
-79.1397 138.718 412
-79.8421 138.718 412
-80.74 139.055 413
-81.444 139.055 413
-82.347 139.391 414
-83.454 140.065 416
-84.3655 140.402 417
-85.2803 140.738 418
-86.1987 141.075 419
-87.3278 141.748 421
-88.0455 141.748 421
-89.1849 142.422 423
-90.1185 142.758 424
-91.0556 143.095 425
-91.7801 143.095 425
-92.9399 143.769 427
-93.8872 144.105 428
-94.6169 144.105 428
-95.5693 144.442 429
-96.7496 145.115 431
-97.7105 145.452 432
-98.4469 145.452 432
-99.413 145.789 433
-100.151 145.789 433
-101.122 146.125 434
-102.097 146.462 435
-103.311 147.135 437
-104.294 147.472 438
-105.041 147.472 438
-106.029 147.809 439
-107.021 148.146 440
-107.771 148.146 440
-108.521 148.146 440
-109.519 148.482 441
-110.271 148.482 441
-111.275 148.819 442
-112.028 148.819 442
-113.292 149.492 444
-114.306 149.829 445
-115.065 149.829 445
-116.083 150.166 446
-116.844 150.166 446
-117.868 150.502 447
-118.63 150.502 447
-119.392 150.502 447
-120.423 150.839 448
-121.186 150.839 448
-121.95 150.839 448
-153.337 177.438 527
-154.235 177.438 527
-155.134 177.438 527
-155.736 177.101 526
-156.037 176.428 524
-156.931 176.428 524
-157.824 176.428 524
-159.323 177.101 526
-160.22 177.101 526
-161.116 177.101 526
-162.013 177.101 526
-162.91 177.101 526
-163.495 176.765 525
-164.39 176.765 525
-164.97 176.428 524
-165.863 176.428 524
-166.757 176.428 524
-167.65 176.428 524
-808.16 726.587 2158
-820.491 734.331 2181
-824.209 734.331 2181
-829.066 735.341 2184
-832.789 735.341 2184
-836.512 735.341 2184
-840.236 735.341 2184
-845.891 737.024 2189
-851.951 739.044 2195
-855.693 739.044 2195
-859.435 739.044 2195
-864.357 740.054 2198
-870.474 742.074 2204
-874.231 742.074 2204
-877.988 742.074 2204
-881.745 742.074 2204
-881.887 739.044 2195
-889.26 742.074 2204
-893.017 742.074 2204
-896.774 742.074 2204
-900.532 742.074 2204
-904.289 742.074 2204
-905.574 740.054 2198
-906.839 738.034 2192
-904.76 733.32 2178
-908.473 733.32 2178
-910.93 732.31 2175
-912.114 730.29 2169
-915.812 730.29 2169
-919.51 730.29 2169
-923.207 730.29 2169
-924.768 728.607 2164
-927.17 727.597 2161
-930.854 727.597 2161
-933.24 726.587 2158
-936.919 726.587 2158
-939.291 725.576 2155
-942.964 725.576 2155
-945.759 724.903 2153
-949.43 724.903 2153
-950.444 722.883 2147
-954.104 722.883 2147
-956.426 721.873 2144
-957.842 720.189 2139
-961.488 720.189 2139
-965.135 720.189 2139
-967.422 719.179 2136
-968.791 717.496 2131
-971.055 716.486 2128
-974.682 716.486 2128
-976.931 715.476 2125
-980.553 715.476 2125
-981.86 713.792 2120
-985.474 713.792 2120
-989.089 713.792 2120
-992.703 713.792 2120
-994.907 712.782 2117
-998.516 712.782 2117
-1000.7 711.772 2114
-1003.36 711.099 2112
-1005.53 710.089 2109
-1009.12 710.089 2109
-1010.32 708.405 2104
-1012.46 707.395 2101
-1014.59 706.385 2098
-1018.17 706.385 2098
-1015.41 702.008 2085
-1017.99 701.334 2083
-1017.62 698.641 2075
-1021.15 698.641 2075
-1022.22 696.957 2070
-1021.79 694.264 2062
-1021.82 691.907 2055
-1025.32 691.907 2055
-1023.32 688.203 2044
-1020.78 684.163 2032
-1020.71 681.806 2025
-1024.16 681.806 2025
-1023.56 679.113 2017
-1025.98 678.439 2015
-1027.88 677.429 2012
-1031.31 677.429 2012
-1032.68 676.082 2008
1817.15 1366.42 4079
1810.2 1366.42 4079
1803.24 1366.42 4079
1791.88 1363.07 4069
1784.95 1363.07 4069
1782.38 1366.42 4079
1775.43 1366.42 4079
1768.47 1366.42 4079
1757.2 1363.07 4069
1750.26 1363.07 4069
1743.33 1363.07 4069
1224.84 1305.78 3898
1221.01 1308.8 3907
1225.85 1321.19 3944
1219.13 1321.19 3944
1212.4 1321.19 3944
1061.8 1369.77 4089
1054.83 1369.77 4089
1047.85 1369.77 4089
1040.88 1369.77 4089
1031.39 1366.42 4079
1021.92 1363.07 4069
1014.98 1363.07 4069
1005.57 1359.72 4059
996.189 1356.37 4049
984.645 1350 4030
977.774 1350 4030
968.495 1346.65 4020
961.642 1346.65 4020
964.052 1359.72 4059
959.49 1363.07 4069
952.554 1363.07 4069
945.617 1363.07 4069
938.68 1363.07 4069
931.744 1363.07 4069
824.792 1369.77 4089
817.821 1369.77 4089
810.851 1369.77 4089
801.914 1366.42 4079
794.96 1366.42 4079
786.075 1363.07 4069
779.138 1363.07 4069
772.202 1363.07 4069
765.265 1363.07 4069
758.328 1363.07 4069
749.545 1359.72 4059
740.796 1356.37 4049
733.893 1356.37 4049
723.579 1350 4030
716.709 1350 4030
706.316 1343.3 4010
699.48 1343.3 4010
689.362 1336.94 3991
677.77 1327.56 3963
671.014 1327.56 3963
664.258 1327.56 3963
654.35 1321.19 3944
646.149 1318.18 3935
636.353 1311.81 3916
629.677 1311.81 3916
621.57 1308.8 3907
610.66 1299.75 3880
599.842 1290.71 3853
593.274 1290.71 3853
583.964 1284.68 3835
573.512 1275.97 3809
567.018 1275.97 3809
560.525 1275.97 3809
554.032 1275.97 3809
547.538 1275.97 3809
541.045 1275.97 3809
534.551 1275.97 3809
526.81 1272.96 3800
521.565 1275.97 3809
515.071 1275.97 3809
508.578 1275.97 3809
502.085 1275.97 3809
495.591 1275.97 3809
489.098 1275.97 3809
482.604 1275.97 3809
474.986 1272.96 3800
468.508 1272.96 3800
462.03 1272.96 3800
457.71 1278.99 3818
451.201 1278.99 3818
446.672 1284.68 3835
442.201 1290.71 3853
439.702 1302.77 3889
433.073 1302.77 3889
426.443 1302.77 3889
421.756 1308.8 3907
415.096 1308.8 3907
408.435 1308.8 3907
-4.49094 155.435 464
-5.28194 155.435 464
-6.07294 155.435 464
-6.84915 155.1 463
-7.63845 155.1 463
-8.40955 154.765 462
-9.17723 154.43 461
-9.96312 154.43 461
-10.749 154.43 461
-11.5099 154.095 460
-12.2673 153.76 459
-13.0214 153.425 458
-13.7419 152.755 456
-14.5192 152.755 456
-15.2966 152.755 456
-16.0387 152.42 455
-29.6277 139.69 417
-30.3386 139.69 417
-31.0495 139.69 417
-31.7603 139.69 417
-32.4712 139.69 417
-33.1821 139.69 417
-33.8117 139.355 416
-34.4379 139.02 415
-35.0607 138.685 414
-35.7664 138.685 414
-36.4722 138.685 414
-37.178 138.685 414
-37.7922 138.35 413
-38.4963 138.35 413
-39.1054 138.015 412
-39.7112 137.68 411
-40.3135 137.345 410
-41.0125 137.345 410
-41.7114 137.345 410
-42.3069 137.01 409
-42.899 136.675 408
-43.5945 136.675 408
-44.2901 136.675 408
-44.8754 136.34 407
-45.5692 136.34 407
-46.1494 136.005 406
-46.8415 136.005 406
-47.5336 136.005 406
-48.2257 136.005 406
-48.9179 136.005 406
-49.61 136.005 406
-50.3021 136.005 406
-50.9942 136.005 406
-51.5591 135.67 405
-52.2495 135.67 405
-52.9399 135.67 405
-53.6303 135.67 405
-54.3208 135.67 405
-55.0112 135.67 405
-55.7016 135.67 405
-56.392 135.67 405
-57.0824 135.67 405
-57.7729 135.67 405
-58.3189 135.335 404
-59.0077 135.335 404
-59.8441 135.67 405
-60.5346 135.67 405
-61.225 135.67 405
-61.9154 135.67 405
-62.6058 135.67 405
-63.2963 135.67 405
-63.9867 135.67 405
-64.6771 135.67 405
-65.3675 135.67 405
-66.0579 135.67 405
-66.7484 135.67 405
-67.4388 135.67 405
-68.2974 136.005 406
-68.9896 136.005 406
-69.6817 136.005 406
-70.3738 136.005 406
-71.0659 136.005 406
-71.7581 136.005 406
-72.4502 136.005 406
-73.3225 136.34 407
-74.1982 136.675 408
-75.0773 137.01 409
-75.7745 137.01 409
-76.8457 137.68 411
-77.735 138.015 412
-78.4374 138.015 412
-79.1397 138.015 412
-79.8421 138.015 412
-80.74 138.35 413
-81.444 138.35 413
-82.347 138.685 414
-83.454 139.355 416
-84.3655 139.69 417
-85.2803 140.025 418
-86.1987 140.36 419
-87.3278 141.03 421
-88.0455 141.03 421
-89.1849 141.7 423
-90.1185 142.035 424
-91.0556 142.37 425
-91.7801 142.37 425
-92.9399 143.04 427
-93.8872 143.375 428
-94.6169 143.375 428
-95.5693 143.71 429
-96.7496 144.38 431
-97.7105 144.715 432
-98.4469 144.715 432
-99.413 145.05 433
-100.382 145.385 434
-101.122 145.385 434
-102.332 146.055 436
-103.548 146.725 438
-104.532 147.06 439
-105.281 147.06 439
-106.271 147.395 440
-107.021 147.395 440
-107.771 147.395 440
-108.521 147.395 440
-109.519 147.73 441
-110.521 148.065 442
-111.275 148.065 442
-112.028 148.065 442
-113.547 149.07 445
-114.563 149.405 446
-115.323 149.405 446
-116.083 149.405 446
-116.844 149.405 446
-117.868 149.74 447
-118.63 149.74 447
-119.659 150.075 448
-120.423 150.075 448
-121.186 150.075 448
-121.95 150.075 448
-153.337 176.539 527
-154.235 176.539 527
-155.134 176.539 527
-155.736 176.204 526
-156.335 175.869 525
-157.53 176.204 526
-158.426 176.204 526
-159.323 176.204 526
-160.524 176.539 527
-161.423 176.539 527
-162.321 176.539 527
-163.219 176.539 527
-163.806 176.204 526
-164.703 176.204 526
-164.97 175.534 524
-165.863 175.534 524
-166.757 175.534 524
-167.65 175.534 524
-808.16 722.905 2158
-820.491 730.609 2181
-824.209 730.609 2181
-829.066 731.614 2184
-832.789 731.614 2184
-836.512 731.614 2184
-840.236 731.614 2184
-843.959 731.614 2184
-851.951 735.299 2195
-855.693 735.299 2195
-859.435 735.299 2195
-863.177 735.299 2195
-868.104 736.304 2198
-871.851 736.304 2198
-875.598 736.304 2198
-879.345 736.304 2198
-881.887 735.299 2195
-889.26 738.314 2204
-893.017 738.314 2204
-896.774 738.314 2204
-900.532 738.314 2204
-904.289 738.314 2204
-905.574 736.304 2198
-906.839 734.294 2192
-906.006 730.609 2181
-909.724 730.609 2181
-910.93 728.6 2175
-913.376 727.595 2172
-915.812 726.59 2169
-919.51 726.59 2169
-923.207 726.59 2169
-924.768 724.915 2164
-927.17 723.91 2161
-930.854 723.91 2161
-933.24 722.905 2158
-936.919 722.905 2158
-939.291 721.9 2155
-942.964 721.9 2155
-946.638 721.9 2155
-949.43 721.23 2153
-950.444 719.22 2147
-954.104 719.22 2147
-956.426 718.215 2144
-959.185 717.545 2142
-961.488 716.54 2139
-965.135 716.54 2139
-967.422 715.535 2136
-967.427 712.855 2128
-969.686 711.85 2125
-973.308 711.85 2125
-976.931 711.85 2125
-978.246 710.175 2120
-981.86 710.175 2120
-985.474 710.175 2120
-986.289 708.165 2114
-989.893 708.165 2114
-993.497 708.165 2114
-997.101 708.165 2114
-999.758 707.495 2112
-1001.93 706.49 2109
-1004.1 705.485 2106
-1007.69 705.485 2106
-1010.32 704.815 2104
-1011.01 702.805 2098
-1011.2 700.461 2091
-1014.77 700.461 2091
-1015.41 698.451 2085
-1017.99 697.781 2083
-1016.15 694.096 2072
-1019.68 694.096 2072
-1018.27 690.746 2062
-1019.31 689.071 2057
-1017.84 685.721 2047
-1021.33 685.721 2047
-1020.82 683.041 2039
-1019.77 680.026 2030
-1020.71 678.351 2025
-1024.16 678.351 2025
-1023.56 675.671 2017
-1025.98 675.001 2015
-1027.88 673.996 2012
-1031.31 673.996 2012
-1032.68 672.657 2008
1812.69 1356.13 4069
1805.76 1356.13 4069
1798.82 1356.13 4069
1791.88 1356.13 4069
1784.95 1356.13 4069
1782.38 1359.46 4079
1775.43 1359.46 4079
1768.47 1359.46 4079
1061.8 1362.79 4089
1054.83 1362.79 4089
1047.85 1362.79 4089
1040.88 1362.79 4089
1028.86 1356.13 4069
1021.92 1356.13 4069
1014.98 1356.13 4069
1003.09 1349.46 4049
993.729 1346.13 4039
982.201 1339.79 4020
975.348 1339.79 4020
968.495 1339.79 4020
961.642 1339.79 4020
964.052 1352.79 4059
959.49 1356.13 4069
952.554 1356.13 4069
945.617 1356.13 4069
940.987 1359.46 4079
934.034 1359.46 4079
927.08 1359.46 4079
824.792 1362.79 4089
817.821 1362.79 4089
810.851 1362.79 4089
801.914 1359.46 4079
794.96 1359.46 4079
779.138 1356.13 4069
775.997 1362.79 4089
769.026 1362.79 4089
762.056 1362.79 4089
753.238 1359.46 4079
742.626 1352.79 4059
735.706 1352.79 4059
726.991 1349.46 4049
716.709 1343.13 4030
709.839 1343.13 4030
702.969 1343.13 4030
691.09 1333.46 4001
682.559 1330.13 3991
674.231 1327.13 3982
667.443 1327.13 3982
655.843 1317.46 3953
646.149 1311.47 3935
637.816 1308.13 3925
631.124 1308.13 3925
623.002 1305.13 3916
616.326 1305.13 3916
604.045 1293.14 3880
597.431 1293.14 3880
586.705 1284.14 3853
578.782 1281.14 3844
572.229 1281.14 3844
565.676 1281.14 3844
559.123 1281.14 3844
552.569 1281.14 3844
544.738 1278.14 3835
538.2 1278.14 3835
530.415 1275.14 3826
525.125 1278.14 3835
519.804 1281.14 3844
513.251 1281.14 3844
506.698 1281.14 3844
500.145 1281.14 3844
490.253 1272.47 3818
483.745 1272.47 3818
477.236 1272.47 3818
471.714 1275.14 3826
465.191 1275.14 3826
458.669 1275.14 3826
451.201 1272.47 3818
449.817 1287.14 3862
444.266 1290.14 3871
439.702 1296.13 3889
433.073 1296.13 3889
426.443 1296.13 3889
421.756 1302.13 3907
415.096 1302.13 3907
408.435 1302.13 3907
-4.51029 155.31 466
-5.30471 155.31 466
-6.09912 155.31 466
-6.86394 154.643 464
-7.65495 154.643 464
-8.42775 154.31 463
-9.19714 153.976 462
-9.98473 153.976 462
-10.7723 153.976 462
-11.5599 153.976 462
-12.3208 153.643 461
-13.0498 152.977 459
-13.8323 152.977 459
-14.5829 152.643 458
-15.2966 151.977 456
-29.6277 138.979 417
-30.3386 138.979 417
-31.0495 138.979 417
-31.7603 138.979 417
-32.4712 138.979 417
-33.1821 138.979 417
-33.8117 138.645 416
-34.4379 138.312 415
-35.0607 137.979 414
-35.7664 137.979 414
-36.4722 137.979 414
-37.178 137.979 414
-37.7922 137.646 413
-38.4963 137.646 413
-39.1054 137.312 412
-39.7112 136.979 411
-40.3135 136.646 410
-41.0125 136.646 410
-41.7114 136.646 410
-42.3069 136.312 409
-43.0041 136.312 409
-43.5945 135.979 408
-44.2901 135.979 408
-44.8754 135.646 407
-45.5692 135.646 407
-46.1494 135.313 406
-46.8415 135.313 406
-47.5336 135.313 406
-48.2257 135.313 406
-48.9179 135.313 406
-49.61 135.313 406
-50.3021 135.313 406
-50.9942 135.313 406
-51.6864 135.313 406
-52.3785 135.313 406
-52.9399 134.979 405
-53.6303 134.979 405
-54.3208 134.979 405
-55.0112 134.979 405
-55.7016 134.979 405
-56.392 134.979 405
-57.0824 134.979 405
-57.7729 134.979 405
-58.4633 134.979 405
-59.1537 134.979 405
-59.8441 134.979 405
-60.5346 134.979 405
-61.225 134.979 405
-61.9154 134.979 405
-62.6058 134.979 405
-63.2963 134.979 405
-63.9867 134.979 405
-64.6771 134.979 405
-65.3675 134.979 405
-66.0579 134.979 405
-66.7484 134.979 405
-67.6053 135.313 406
-68.2974 135.313 406
-68.9896 135.313 406
-69.6817 135.313 406
-70.3738 135.313 406
-71.0659 135.313 406
-71.7581 135.313 406
-72.4502 135.313 406
-73.3225 135.646 407
-74.1982 135.979 408
-75.0773 136.312 409
-75.9598 136.646 410
-76.8457 136.979 411
-77.735 137.312 412
-78.4374 137.312 412
-79.1397 137.312 412
-79.8421 137.312 412
-80.9354 137.979 414
-81.6412 137.979 414
-82.5459 138.312 415
-83.6546 138.979 417
-84.3655 138.979 417
-85.2803 139.312 418
-86.4044 139.979 420
-87.5352 140.645 422
-88.2546 140.645 422
-89.3957 141.312 424
-90.3311 141.645 425
-91.0556 141.645 425
-91.9961 141.978 426
-92.9399 142.312 427
-94.1066 142.978 429
-94.8379 142.978 429
-95.792 143.311 430
-96.974 143.978 432
-97.7105 143.978 432
-98.4469 143.978 432
-99.413 144.311 433
-100.382 144.644 434
-101.122 144.644 434
-102.332 145.311 436
-103.548 145.978 438
-104.532 146.311 439
-105.281 146.311 439
-106.271 146.644 440
-107.021 146.644 440
-107.771 146.644 440
-108.521 146.644 440
-109.519 146.977 441
-110.521 147.311 442
-111.275 147.311 442
-112.028 147.311 442
-113.547 148.311 445
-114.563 148.644 446
-115.323 148.644 446
-116.083 148.644 446
-116.844 148.644 446
-117.868 148.977 447
-118.63 148.977 447
-119.659 149.31 448
-120.423 149.31 448
-121.186 149.31 448
-121.95 149.31 448
-153.337 175.64 527
-154.235 175.64 527
-155.134 175.64 527
-155.736 175.306 526
-156.335 174.973 525
-157.53 175.306 526
-158.426 175.306 526
-159.323 175.306 526
-160.524 175.64 527
-161.423 175.64 527
-162.321 175.64 527
-163.219 175.64 527
-163.806 175.306 526
-164.703 175.306 526
-165.285 174.973 525
-166.18 174.973 525
-166.757 174.64 524
-167.65 174.64 524
-808.16 719.223 2158
-819.362 725.889 2178
-823.075 725.889 2178
-829.066 727.888 2184
-832.789 727.888 2184
-836.512 727.888 2184
-840.236 727.888 2184
-843.959 727.888 2184
-851.951 731.554 2195
-855.693 731.554 2195
-859.435 731.554 2195
-861.997 730.555 2192
-865.734 730.555 2192
-869.471 730.555 2192
-872.013 729.555 2189
-875.744 729.555 2189
-879.476 729.555 2189
-884.418 730.555 2192
-888.155 730.555 2192
-894.333 732.554 2198
-898.08 732.554 2198
-901.827 732.554 2198
-903.102 730.555 2192
-904.357 728.555 2186
-906.006 726.888 2181
-909.724 726.888 2181
-910.93 724.889 2175
-913.376 723.889 2172
-915.812 722.889 2169
-919.51 722.889 2169
-922.356 722.223 2167
-924.768 721.223 2164
-927.17 720.223 2161
-930.854 720.223 2161
-933.24 719.223 2158
-936.919 719.223 2158
-939.291 718.223 2155
-942.964 718.223 2155
-946.638 718.223 2155
-949.43 717.557 2153
-951.772 716.557 2150
-955.437 716.557 2150
-956.426 714.557 2144
-959.185 713.891 2142
-961.488 712.891 2139
-965.135 712.891 2139
-967.422 711.891 2136
-967.427 709.224 2128
-969.686 708.225 2125
-973.308 708.225 2125
-976.931 708.225 2125
-978.246 706.558 2120
-981.86 706.558 2120
-985.474 706.558 2120
-986.289 704.559 2114
-989.893 704.559 2114
-993.497 704.559 2114
-997.101 704.559 2114
-999.758 703.892 2112
-1001.93 702.892 2109
-1004.1 701.892 2106
-1007.69 701.892 2106
-1010.32 701.226 2104
-1011.01 699.226 2098
-1011.2 696.893 2091
-1014.77 696.893 2091
-1014.44 694.227 2083
-1014.08 691.561 2075
-1012.71 688.228 2065
-1016.23 688.228 2065
-1018.27 687.228 2062
-1019.31 685.562 2057
-1016.35 681.229 2044
-1019.84 681.229 2044
-1020.82 679.562 2039
-1018.27 675.563 2027
-1020.71 674.896 2025
-1024.16 674.896 2025
-1023.56 672.23 2017
-1025.98 671.564 2015
-1027.88 670.564 2012
-1031.31 670.564 2012
-1032.68 669.231 2008
1812.69 1349.18 4069
1805.76 1349.18 4069
1803.24 1352.5 4079
1796.29 1352.5 4079
1789.33 1352.5 4079
1782.38 1352.5 4079
1775.43 1352.5 4079
1061.8 1355.81 4089
1054.83 1355.81 4089
1047.85 1355.81 4089
1040.88 1355.81 4089
1028.86 1349.18 4069
1019.41 1345.87 4059
1012.49 1345.87 4059
1000.61 1339.24 4039
989.054 1332.94 4020
982.201 1332.94 4020
975.348 1332.94 4020
968.495 1332.94 4020
961.642 1332.94 4020
961.677 1342.55 4049
957.132 1345.87 4059
950.213 1345.87 4059
945.617 1349.18 4069
940.987 1352.5 4079
934.034 1352.5 4079
927.08 1352.5 4079
779.138 1349.18 4069
775.997 1355.81 4089
769.026 1355.81 4089
762.056 1355.81 4089
755.085 1355.81 4089
746.285 1352.5 4079
739.331 1352.5 4079
726.991 1342.55 4049
720.088 1342.55 4049
709.839 1336.25 4030
702.969 1336.25 4030
691.09 1326.64 4001
682.559 1323.32 3991
674.231 1320.34 3982
667.443 1320.34 3982
655.843 1310.72 3953
646.149 1304.75 3935
637.816 1301.44 3925
631.124 1301.44 3925
623.002 1298.45 3916
616.326 1298.45 3916
605.446 1289.5 3889
598.817 1289.5 3889
586.705 1277.56 3853
580.137 1277.56 3853
573.568 1277.56 3853
567 1277.56 3853
560.432 1277.56 3853
553.863 1277.56 3853
546.016 1274.58 3844
539.463 1274.58 3844
531.663 1271.59 3835
527.59 1277.56 3853
522.238 1280.55 3862
515.654 1280.55 3862
509.071 1280.55 3862
502.487 1280.55 3862
495.903 1280.55 3862
489.32 1280.55 3862
482.736 1280.55 3862
472.823 1271.59 3835
466.286 1271.59 3835
459.748 1271.59 3835
451.201 1265.96 3818
449.817 1280.55 3862
444.266 1283.53 3871
439.702 1289.5 3889
433.073 1289.5 3889
428.417 1295.47 3907
421.756 1295.47 3907
415.096 1295.47 3907
408.435 1295.47 3907
-4.51029 154.514 466
-5.30471 154.514 466
-6.09912 154.514 466
-6.87874 154.183 465
-7.67145 154.183 465
-8.44595 153.851 464
-9.21705 153.52 463
-10.0063 153.52 463
-10.7956 153.52 463
-11.5599 153.188 462
-12.3475 153.188 462
-13.0782 152.525 460
-13.8624 152.525 460
-14.6148 152.193 459
-15.2966 151.199 456
-29.6277 138.267 417
-30.3386 138.267 417
-31.0495 138.267 417
-31.7603 138.267 417
-32.4712 138.267 417
-33.1821 138.267 417
-33.8117 137.936 416
-34.4379 137.604 415
-35.0607 137.273 414
-35.7664 137.273 414
-36.4722 137.273 414
-37.178 137.273 414
-37.7922 136.941 413
-38.4963 136.941 413
-39.2004 136.941 413
-39.8078 136.609 412
-40.4118 136.278 411
-41.0125 135.946 410
-41.7114 135.946 410
-42.4103 135.946 410
-43.0041 135.615 409
-43.5945 135.283 408
-44.2901 135.283 408
-44.8754 134.951 407
-45.5692 134.951 407
-46.1494 134.62 406
-46.8415 134.62 406
-47.5336 134.62 406
-48.2257 134.62 406
-48.9179 134.62 406
-49.61 134.62 406
-50.3021 134.62 406
-50.9942 134.62 406
-51.6864 134.62 406
-52.3785 134.62 406
-52.9399 134.288 405
-53.6303 134.288 405
-54.3208 134.288 405
-55.0112 134.288 405
-55.7016 134.288 405
-56.392 134.288 405
-57.0824 134.288 405
-57.7729 134.288 405
-58.4633 134.288 405
-59.1537 134.288 405
-59.8441 134.288 405
-60.5346 134.288 405
-61.225 134.288 405
-61.9154 134.288 405
-62.6058 134.288 405
-63.2963 134.288 405
-63.9867 134.288 405
-64.6771 134.288 405
-65.3675 134.288 405
-66.2211 134.62 406
-66.9132 134.62 406
-67.6053 134.62 406
-68.2974 134.62 406
-68.9896 134.62 406
-69.6817 134.62 406
-70.3738 134.62 406
-71.0659 134.62 406
-71.9348 134.951 407
-72.6286 134.951 407
-73.3225 134.951 407
-74.1982 135.283 408
-75.0773 135.615 409
-75.9598 135.946 410
-76.8457 136.278 411
-77.735 136.609 412
-78.4374 136.609 412
-79.1397 136.609 412
-80.0359 136.941 413
-80.9354 137.273 414
-81.6412 137.273 414
-82.9437 138.267 417
-83.8552 138.599 418
-84.5678 138.599 418
-85.6884 139.262 420
-86.6101 139.594 421
-87.9501 140.588 424
-88.6729 140.588 424
-89.6066 140.92 425
-90.5436 141.251 426
-91.2699 141.251 426
-91.9961 141.251 426
-92.9399 141.583 427
-94.1066 142.246 429
-94.8379 142.246 429
-96.0148 142.909 431
-96.974 143.241 432
-97.7105 143.241 432
-98.4469 143.241 432
-99.413 143.572 433
-100.614 144.236 435
-101.355 144.236 435
-102.566 144.899 437
-103.548 145.23 438
-104.532 145.562 439
-105.281 145.562 439
-106.271 145.893 440
-107.021 145.893 440
-108.016 146.225 441
-108.768 146.225 441
-109.768 146.557 442
-110.521 146.557 442
-111.275 146.557 442
-112.282 146.888 443
-113.547 147.551 445
-114.563 147.883 446
-115.323 147.883 446
-116.083 147.883 446
-117.106 148.215 447
-118.131 148.546 448
-118.895 148.546 448
-119.659 148.546 448
-120.423 148.546 448
-121.186 148.546 448
-121.95 148.546 448
-153.337 174.741 527
-154.235 174.741 527
-155.134 174.741 527
-155.736 174.409 526
-156.335 174.077 525
-157.53 174.409 526
-158.426 174.409 526
-159.323 174.409 526
-160.524 174.741 527
-161.423 174.741 527
-162.321 174.741 527
-163.219 174.741 527
-163.806 174.409 526
-164.703 174.409 526
-165.285 174.077 525
-166.18 174.077 525
-166.757 173.746 524
-167.65 173.746 524
-810.407 717.531 2164
-814.096 717.531 2164
-817.785 717.531 2164
-826.788 722.173 2178
-830.501 722.173 2178
-836.512 724.162 2184
-840.236 724.162 2184
-843.959 724.162 2184
-848.458 724.825 2186
-852.185 724.825 2186
-855.911 724.825 2186
-857.672 723.167 2181
-862.575 724.162 2184
-866.298 724.162 2184
-870.021 724.162 2184
-873.744 724.162 2184
-879.476 725.82 2189
-884.418 726.815 2192
-888.155 726.815 2192
-893.112 727.81 2195
-896.854 727.81 2195
-900.596 727.81 2195
-903.102 726.815 2192
-904.357 724.825 2186
-906.006 723.167 2181
-909.724 723.167 2181
-910.93 721.178 2175
-914.637 721.178 2175
-917.079 720.183 2172
-920.781 720.183 2172
-922.356 718.525 2167
-924.768 717.531 2164
-928.457 717.531 2164
-932.146 717.531 2164
-933.24 715.541 2158
-936.919 715.541 2158
-939.291 714.547 2155
-942.964 714.547 2155
-946.638 714.547 2155
-949.43 713.883 2153
-951.772 712.889 2150
-955.437 712.889 2150
-956.426 710.899 2144
-959.185 710.236 2142
-961.488 709.241 2139
-965.135 709.241 2139
-967.422 708.247 2136
-967.427 705.594 2128
-969.686 704.599 2125
-973.308 704.599 2125
-974.632 702.941 2120
-978.246 702.941 2120
-980.471 701.947 2117
-984.08 701.947 2117
-986.289 700.952 2114
-989.893 700.952 2114
-992.557 700.289 2112
-996.157 700.289 2112
-998.338 699.294 2109
-1000.51 698.299 2106
-1003.14 697.636 2104
-1006.73 697.636 2104
-1007.44 695.647 2098
-1008.6 693.989 2093
-1009.75 692.331 2088
-1013.31 692.331 2088
-1014.44 690.673 2083
-1014.08 688.02 2075
-1012.71 684.705 2065
-1016.23 684.705 2065
-1018.27 683.71 2062
-1019.31 682.052 2057
-1016.35 677.742 2044
-1019.84 677.742 2044
-1020.82 676.084 2039
-1018.27 672.105 2027
-1020.71 671.442 2025
-1024.16 671.442 2025
-1023.56 668.789 2017
-1025.98 668.126 2015
-1027.88 667.131 2012
-1031.31 667.131 2012
-1032.68 665.805 2008
1812.69 1342.24 4069
1810.2 1345.54 4079
1807.66 1348.84 4089
1800.69 1348.84 4089
1793.72 1348.84 4089
1782.38 1345.54 4079
1775.43 1345.54 4079
1061.8 1348.84 4089
1054.83 1348.84 4089
1047.85 1348.84 4089
1040.88 1348.84 4089
1028.86 1342.24 4069
1019.41 1338.94 4059
1012.49 1338.94 4059
1000.61 1332.34 4039
989.054 1326.08 4020
979.758 1322.78 4010
972.922 1322.78 4010
966.086 1322.78 4010
961.642 1326.08 4020
957.164 1329.38 4030
957.132 1338.94 4059
950.213 1338.94 4059
943.293 1338.94 4059
940.987 1345.54 4079
934.034 1345.54 4079
927.08 1345.54 4079
922.382 1348.84 4089
915.411 1348.84 4089
908.441 1348.84 4089
775.997 1348.84 4089
769.026 1348.84 4089
762.056 1348.84 4089
755.085 1348.84 4089
746.285 1345.54 4079
739.331 1345.54 4079
726.991 1335.64 4049
720.088 1335.64 4049
709.839 1329.38 4030
702.969 1329.38 4030
691.09 1319.81 4001
682.559 1316.51 3991
674.231 1313.54 3982
667.443 1313.54 3982
655.843 1303.98 3953
646.149 1298.04 3935
637.816 1294.74 3925
631.124 1294.74 3925
623.002 1291.77 3916
616.326 1291.77 3916
605.446 1282.86 3889
598.817 1282.86 3889
590.817 1279.9 3880
580.137 1270.99 3853
573.568 1270.99 3853
567 1270.99 3853
560.432 1270.99 3853
553.863 1270.99 3853
546.016 1268.02 3844
540.726 1270.99 3853
534.158 1270.99 3853
528.822 1273.96 3862
522.238 1273.96 3862
516.856 1276.93 3871
510.257 1276.93 3871
503.658 1276.93 3871
495.903 1273.96 3862
489.32 1273.96 3862
482.736 1273.96 3862
472.823 1265.05 3835
466.286 1265.05 3835
459.748 1265.05 3835
451.201 1259.44 3818
449.817 1273.96 3862
444.266 1276.93 3871
439.702 1282.86 3889
433.073 1282.86 3889
428.417 1288.8 3907
421.756 1288.8 3907
415.096 1288.8 3907
408.435 1288.8 3907
-4.51029 153.719 466
-5.30471 153.719 466
-6.09912 153.719 466
-6.87874 153.39 465
-7.67145 153.39 465
-8.44595 153.06 464
-9.23695 153.06 464
-10.0063 152.73 463
-10.7956 152.73 463
-11.5599 152.4 462
-12.3475 152.4 462
-13.1067 152.07 461
-13.8926 152.07 461
-14.6148 151.41 459
-15.2966 150.421 456
-29.6277 137.556 417
-30.3386 137.556 417
-31.0495 137.556 417
-31.7603 137.556 417
-32.4712 137.556 417
-33.1821 137.556 417
-33.8117 137.226 416
-34.4379 136.896 415
-35.1454 136.896 415
-35.8528 136.896 415
-36.4722 136.566 414
-37.178 136.566 414
-37.7922 136.236 413
-38.4963 136.236 413
-39.2004 136.236 413
-39.8078 135.906 412
-40.4118 135.577 411
-41.1125 135.577 411
-41.8131 135.577 411
-42.4103 135.247 410
-43.0041 134.917 409
-43.7014 134.917 409
-44.3986 134.917 409
-44.9856 134.587 408
-45.5692 134.257 407
-46.263 134.257 407
-46.9569 134.257 407
-47.5336 133.927 406
-48.2257 133.927 406
-48.9179 133.927 406
-49.61 133.927 406
-50.3021 133.927 406
-50.9942 133.927 406
-51.6864 133.927 406
-52.3785 133.927 406
-53.0706 133.927 406
-53.6303 133.597 405
-54.3208 133.597 405
-55.0112 133.597 405
-55.7016 133.597 405
-56.392 133.597 405
-57.0824 133.597 405
-57.7729 133.597 405
-58.4633 133.597 405
-59.1537 133.597 405
-59.8441 133.597 405
-60.5346 133.597 405
-61.225 133.597 405
-61.9154 133.597 405
-62.6058 133.597 405
-63.2963 133.597 405
-63.9867 133.597 405
-64.6771 133.597 405
-65.3675 133.597 405
-66.2211 133.927 406
-66.9132 133.927 406
-67.6053 133.927 406
-68.2974 133.927 406
-68.9896 133.927 406
-69.6817 133.927 406
-70.3738 133.927 406
-71.0659 133.927 406
-71.9348 134.257 407
-72.6286 134.257 407
-73.3225 134.257 407
-74.1982 134.587 408
-74.8937 134.587 408
-75.9598 135.247 410
-76.8457 135.577 411
-77.735 135.906 412
-78.4374 135.906 412
-79.3318 136.236 413
-80.0359 136.236 413
-81.3264 137.226 416
-82.0356 137.226 416
-83.1426 137.886 418
-84.0558 138.216 419
-84.7701 138.216 419
-85.8924 138.875 421
-87.0216 139.535 423
-87.9501 139.865 424
-88.882 140.195 425
-89.8174 140.525 426
-90.5436 140.525 426
-91.2699 140.525 426
-92.212 140.854 427
-93.3753 141.514 429
-94.5453 142.174 431
-95.2801 142.174 431
-96.2376 142.504 432
-96.974 142.504 432
-97.7105 142.504 432
-98.6748 142.834 433
-99.6426 143.164 434
-100.845 143.823 436
-101.588 143.823 436
-102.801 144.483 438
-103.784 144.813 439
-104.771 145.143 440
-105.521 145.143 440
-106.271 145.143 440
-107.264 145.473 441
-108.016 145.473 441
-108.768 145.473 441
-109.768 145.803 442
-110.771 146.132 443
-111.527 146.132 443
-112.535 146.462 444
-113.547 146.792 445
-114.563 147.122 446
-115.323 147.122 446
-116.344 147.452 447
-117.106 147.452 447
-118.131 147.782 448
-118.895 147.782 448
-119.926 148.112 449
-120.691 148.112 449
-121.457 148.112 449
-153.046 173.512 526
-153.943 173.512 526
-154.839 173.512 526
-155.736 173.512 526
-156.335 173.182 525
-157.23 173.182 525
-158.125 173.182 525
-159.323 173.512 526
-160.524 173.841 527
-161.423 173.841 527
-162.321 173.841 527
-163.219 173.841 527
-164.118 173.841 527
-164.703 173.512 526
-165.285 173.182 525
-166.18 173.182 525
-166.439 172.522 523
-167.33 172.522 523
-806.718 713.839 2164
-812.279 715.488 2169
-815.977 715.488 2169
-819.674 715.488 2169
-826.788 718.457 2178
-830.501 718.457 2178
-836.512 720.436 2184
-840.236 720.436 2184
-843.959 720.436 2184
-848.458 721.096 2186
-852.185 721.096 2186
-855.911 721.096 2186
-857.672 719.446 2181
-862.575 720.436 2184
-866.298 720.436 2184
-870.021 720.436 2184
-873.744 720.436 2184
-875.057 718.457 2178
-884.418 723.075 2192
-888.155 723.075 2192
-891.892 723.075 2192
-895.629 723.075 2192
-899.365 723.075 2192
-901.866 722.085 2189
-904.357 721.096 2186
-906.006 719.446 2181
-909.724 719.446 2181
-912.186 718.457 2178
-914.637 717.467 2175
-917.079 716.478 2172
-920.781 716.478 2172
-923.207 715.488 2169
-924.768 713.839 2164
-928.457 713.839 2164
-932.146 713.839 2164
-933.24 711.859 2158
-936.919 711.859 2158
-939.291 710.87 2155
-942.964 710.87 2155
-946.638 710.87 2155
-949.43 710.21 2153
-951.772 709.221 2150
-955.437 709.221 2150
-956.426 707.241 2144
-959.185 706.582 2142
-961.488 705.592 2139
-965.135 705.592 2139
-967.422 704.602 2136
-967.427 701.963 2128
-969.686 700.974 2125
-973.308 700.974 2125
-974.632 699.324 2120
-978.246 699.324 2120
-980.471 698.335 2117
-984.08 698.335 2117
-986.289 697.345 2114
-988.956 696.685 2112
-992.557 696.685 2112
-996.157 696.685 2112
-998.338 695.696 2109
-1000.51 694.706 2106
-1003.14 694.047 2104
-1006.73 694.047 2104
-1006.48 691.408 2096
-1006.19 688.769 2088
-1008.3 687.779 2085
-1011.86 687.779 2085
-1012.98 686.13 2080
-1014.08 684.48 2075
-1012.71 681.182 2065
-1016.23 681.182 2065
-1018.27 680.192 2062
-1019.31 678.543 2057
-1016.35 674.254 2044
-1019.84 674.254 2044
-1020.82 672.605 2039
-1018.27 668.646 2027
-1020.71 667.987 2025
-1024.16 667.987 2025
-1023.56 665.348 2017
-1025.98 664.688 2015
-1027.88 663.698 2012
-1031.31 663.698 2012
-1032.68 662.379 2008
1812.69 1335.3 4069
1814.63 1341.86 4089
1807.66 1341.86 4089
1800.69 1341.86 4089
1793.72 1341.86 4089
1782.38 1338.58 4079
1775.43 1338.58 4079
1061.8 1341.86 4089
1054.83 1341.86 4089
1047.85 1341.86 4089
1040.88 1341.86 4089
1028.86 1335.3 4069
1019.41 1332.02 4059
1012.49 1332.02 4059
1000.61 1325.45 4039
991.515 1322.5 4030
982.201 1319.22 4020
975.348 1319.22 4020
968.495 1319.22 4020
964.034 1322.5 4030
957.164 1322.5 4030
952.416 1325.45 4039
945.531 1325.45 4039
940.969 1328.74 4049
938.68 1335.3 4069
934.034 1338.58 4079
927.08 1338.58 4079
922.382 1341.86 4089
915.411 1341.86 4089
908.441 1341.86 4089
769.026 1341.86 4089
762.056 1341.86 4089
755.085 1341.86 4089
746.285 1338.58 4079
739.331 1338.58 4079
730.582 1335.3 4069
720.088 1328.74 4049
709.839 1322.5 4030
702.969 1322.5 4030
691.09 1312.98 4001
682.559 1309.7 3991
672.538 1303.47 3972
665.767 1303.47 3972
655.843 1297.23 3953
646.149 1291.32 3935
637.816 1288.04 3925
631.124 1288.04 3925
623.002 1285.09 3916
616.326 1285.09 3916
605.446 1276.23 3889
598.817 1276.23 3889
590.817 1273.28 3880
580.137 1264.42 3853
573.568 1264.42 3853
567 1264.42 3853
560.432 1264.42 3853
553.863 1264.42 3853
546.016 1261.46 3844
540.726 1264.42 3853
534.158 1264.42 3853
528.822 1267.37 3862
522.238 1267.37 3862
516.856 1270.32 3871
510.257 1270.32 3871
503.658 1270.32 3871
495.903 1267.37 3862
489.32 1267.37 3862
482.736 1267.37 3862
472.823 1258.51 3835
466.286 1258.51 3835
459.748 1258.51 3835
451.201 1252.93 3818
449.817 1267.37 3862
444.266 1270.32 3871
439.702 1276.23 3889
433.073 1276.23 3889
428.417 1282.14 3907
421.756 1282.14 3907
415.096 1282.14 3907
408.435 1282.14 3907
-4.52965 153.581 468
-5.32747 153.581 468
-6.12529 153.581 468
-6.89353 152.924 466
-7.68794 152.924 466
-8.46415 152.596 465
-9.23695 152.268 464
-10.0063 151.94 463
-10.7956 151.94 463
-11.5599 151.612 462
-12.3475 151.612 462
-13.1067 151.284 461
-13.8926 151.284 461
-14.6148 150.627 459
-29.6277 136.844 417
-30.3386 136.844 417
-31.0495 136.844 417
-31.7603 136.844 417
-32.4712 136.844 417
-33.1821 136.844 417
-33.8117 136.516 416
-34.5209 136.516 416
-35.2301 136.516 416
-35.9392 136.516 416
-36.5603 136.188 415
-37.178 135.86 414
-37.8837 135.86 414
-38.5895 135.86 414
-39.2004 135.532 413
-39.8078 135.204 412
-40.4118 134.875 411
-41.1125 134.875 411
-41.8131 134.875 411
-42.5138 134.875 411
-43.1093 134.547 410
-43.7014 134.219 409
-44.3986 134.219 409
-44.9856 133.891 408
-45.5692 133.563 407
-46.263 133.563 407
-46.9569 133.563 407
-47.6507 133.563 407
-48.3445 133.563 407
-48.9179 133.235 406
-49.61 133.235 406
-50.3021 133.235 406
-50.9942 133.235 406
-51.6864 133.235 406
-52.3785 133.235 406
-53.0706 133.235 406
-53.7628 133.235 406
-54.3208 132.906 405
-55.0112 132.906 405
-55.7016 132.906 405
-56.392 132.906 405
-57.0824 132.906 405
-57.7729 132.906 405
-58.4633 132.906 405
-59.1537 132.906 405
-59.8441 132.906 405
-60.5346 132.906 405
-61.225 132.906 405
-61.9154 132.906 405
-62.6058 132.906 405
-63.2963 132.906 405
-63.9867 132.906 405
-64.6771 132.906 405
-65.5289 133.235 406
-66.2211 133.235 406
-66.9132 133.235 406
-67.6053 133.235 406
-68.2974 133.235 406
-68.9896 133.235 406
-69.6817 133.235 406
-70.3738 133.235 406
-71.241 133.563 407
-71.9348 133.563 407
-72.6286 133.563 407
-73.5026 133.891 408
-74.5619 134.547 410
-75.2608 134.547 410
-76.1451 134.875 411
-77.0327 135.204 412
-77.735 135.204 412
-78.4374 135.204 412
-79.3318 135.532 413
-80.0359 135.532 413
-81.3264 136.516 416
-82.0356 136.516 416
-83.1426 137.173 418
-84.0558 137.501 419
-84.7701 137.501 419
-85.8924 138.157 421
-87.0216 138.813 423
-87.9501 139.141 424
-88.882 139.47 425
-89.8174 139.798 426
-90.5436 139.798 426
-91.2699 139.798 426
-92.212 140.126 427
-93.3753 140.782 429
-94.5453 141.439 431
-95.2801 141.439 431
-96.2376 141.767 432
-96.974 141.767 432
-97.7105 141.767 432
-98.6748 142.095 433
-99.6426 142.423 434
-101.308 143.736 438
-102.054 143.736 438
-103.036 144.064 439
-104.02 144.392 440
-104.771 144.392 440
-105.521 144.392 440
-106.512 144.72 441
-107.264 144.72 441
-108.016 144.72 441
-108.768 144.72 441
-110.016 145.377 443
-110.771 145.377 443
-111.527 145.377 443
-112.789 146.033 445
-113.802 146.361 446
-114.82 146.689 447
-115.582 146.689 447
-116.344 146.689 447
-117.106 146.689 447
-118.395 147.346 449
-119.161 147.346 449
-119.926 147.346 449
-120.691 147.346 449
-121.457 147.346 449
-152.439 172.942 527
-153.337 172.942 527
-154.235 172.942 527
-154.839 172.614 526
-155.736 172.614 526
-156.335 172.286 525
-157.23 172.286 525
-158.125 172.286 525
-159.323 172.614 526
-160.524 172.942 527
-161.423 172.942 527
-162.321 172.942 527
-163.219 172.942 527
-164.118 172.942 527
-164.703 172.614 526
-165.285 172.286 525
-166.18 172.286 525
-806.718 710.147 2164
-812.279 711.788 2169
-815.977 711.788 2169
-819.674 711.788 2169
-823.372 711.788 2169
-827.07 711.788 2169
-834.214 714.741 2178
-837.927 714.741 2178
-841.64 714.741 2178
-846.518 715.725 2181
-850.236 715.725 2181
-853.954 715.725 2181
-856.492 714.741 2178
-860.205 714.741 2178
-865.108 715.725 2181
-868.826 715.725 2181
-872.544 715.725 2181
-875.057 714.741 2178
-884.418 719.335 2192
-888.155 719.335 2192
-891.892 719.335 2192
-895.629 719.335 2192
-899.365 719.335 2192
-901.866 718.351 2189
-904.357 717.366 2186
-906.006 715.725 2181
-909.724 715.725 2181
-912.186 714.741 2178
-914.637 713.756 2175
-917.079 712.772 2172
-920.781 712.772 2172
-923.207 711.788 2169
-924.768 710.147 2164
-928.457 710.147 2164
-932.146 710.147 2164
-933.24 708.178 2158
-936.919 708.178 2158
-939.291 707.193 2155
-942.964 707.193 2155
-946.638 707.193 2155
-949.43 706.537 2153
-951.772 705.552 2150
-955.437 705.552 2150
-956.426 703.583 2144
-959.185 702.927 2142
-961.488 701.943 2139
-965.135 701.943 2139
-966.064 699.974 2133
-967.427 698.333 2128
-969.686 697.348 2125
-973.308 697.348 2125
-974.632 695.707 2120
-978.246 695.707 2120
-980.471 694.723 2117
-984.08 694.723 2117
-986.289 693.738 2114
-988.956 693.082 2112
-992.557 693.082 2112
-996.157 693.082 2112
-998.338 692.098 2109
-1000.51 691.113 2106
-1003.14 690.457 2104
-1006.73 690.457 2104
-1007.44 688.488 2098
-1006.19 685.206 2088
-1008.3 684.222 2085
-1011.86 684.222 2085
-1012.98 682.581 2080
-1012.61 679.956 2072
-1012.71 677.658 2065
-1016.23 677.658 2065
-1017.28 676.018 2060
-1018.32 674.377 2055
-1016.35 670.767 2044
-1019.84 670.767 2044
-1020.82 669.126 2039
-1018.27 665.188 2027
-1020.71 664.532 2025
-1024.16 664.532 2025
-1023.56 661.907 2017
-1025.98 661.25 2015
-1025.84 658.953 2008
-1029.26 658.953 2008
-1031.14 657.969 2005
1814.63 1334.89 4089
1807.66 1334.89 4089
1800.69 1334.89 4089
1793.72 1334.89 4089
1061.8 1334.89 4089
1054.83 1334.89 4089
1047.85 1334.89 4089
1040.88 1334.89 4089
1028.86 1328.36 4069
1019.41 1325.09 4059
1012.49 1325.09 4059
998.385 1315.62 4030
991.515 1315.62 4030
982.201 1312.36 4020
977.774 1315.62 4030
970.904 1315.62 4030
966.187 1318.56 4039
959.302 1318.56 4039
954.774 1321.83 4049
947.872 1321.83 4049
945.617 1328.36 4069
938.68 1328.36 4069
934.034 1331.62 4079
927.08 1331.62 4079
922.382 1334.89 4089
915.411 1334.89 4089
908.441 1334.89 4089
753.238 1331.62 4079
746.285 1331.62 4079
739.331 1331.62 4079
732.377 1331.62 4079
720.088 1321.83 4049
711.424 1318.56 4039
704.539 1318.56 4039
694.372 1312.36 4020
682.559 1302.89 3991
672.538 1296.69 3972
665.767 1296.69 3972
655.843 1290.49 3953
644.507 1281.35 3925
636.353 1278.41 3916
629.677 1278.41 3916
623.002 1278.41 3916
616.326 1278.41 3916
606.848 1272.53 3898
600.203 1272.53 3898
592.187 1269.59 3889
584.202 1266.66 3880
576.248 1263.72 3871
569.649 1263.72 3871
563.05 1263.72 3871
555.157 1260.78 3862
547.295 1257.84 3853
541.989 1260.78 3862
535.406 1260.78 3862
528.822 1260.78 3862
522.238 1260.78 3862
516.856 1263.72 3871
510.257 1263.72 3871
503.658 1263.72 3871
495.903 1260.78 3862
489.32 1260.78 3862
482.736 1260.78 3862
472.823 1251.97 3835
466.286 1251.97 3835
459.748 1251.97 3835
451.201 1246.42 3818
446.672 1251.97 3835
443.233 1260.78 3862
439.702 1269.59 3889
433.073 1269.59 3889
426.443 1269.59 3889
419.813 1269.59 3889
413.183 1269.59 3889
-4.52965 152.782 468
-5.32747 152.782 468
-6.12529 152.782 468
-6.89353 152.129 466
-7.68794 152.129 466
-8.46415 151.803 465
-9.25686 151.803 465
-10.028 151.476 464
-10.819 151.476 464
-11.5849 151.15 463
-12.3475 150.824 462
-13.1067 150.497 461
-13.8926 150.497 461
-14.6148 149.844 459
-29.6277 136.133 417
-30.3386 136.133 417
-31.0495 136.133 417
-31.7603 136.133 417
-32.4712 136.133 417
-33.1821 136.133 417
-33.8117 135.806 416
-34.5209 135.806 416
-35.2301 135.806 416
-35.9392 135.806 416
-36.5603 135.48 415
-37.178 135.154 414
-37.8837 135.154 414
-38.5895 135.154 414
-39.2004 134.827 413
-39.8078 134.501 412
-40.4118 134.174 411
-41.1125 134.174 411
-41.8131 134.174 411
-42.5138 134.174 411
-43.1093 133.848 410
-43.8082 133.848 410
-44.5072 133.848 410
-45.0959 133.521 409
-45.6811 133.195 408
-46.263 132.868 407
-46.9569 132.868 407
-47.6507 132.868 407
-48.3445 132.868 407
-49.0383 132.868 407
-49.7322 132.868 407
-50.426 132.868 407
-50.9942 132.542 406
-51.6864 132.542 406
-52.3785 132.542 406
-53.0706 132.542 406
-53.7628 132.542 406
-54.4549 132.542 406
-55.147 132.542 406
-55.8391 132.542 406
-56.392 132.215 405
-57.0824 132.215 405
-57.7729 132.215 405
-58.4633 132.215 405
-59.1537 132.215 405
-59.8441 132.215 405
-60.5346 132.215 405
-61.225 132.215 405
-61.9154 132.215 405
-62.6058 132.215 405
-63.2963 132.215 405
-63.9867 132.215 405
-64.8368 132.542 406
-65.5289 132.542 406
-66.2211 132.542 406
-66.9132 132.542 406
-67.6053 132.542 406
-68.2974 132.542 406
-68.9896 132.542 406
-69.6817 132.542 406
-70.5471 132.868 407
-71.241 132.868 407
-71.9348 132.868 407
-72.6286 132.868 407
-73.5026 133.195 408
-74.5619 133.848 410
-75.2608 133.848 410
-76.1451 134.174 411
-77.0327 134.501 412
-77.9237 134.827 413
-78.6278 134.827 413
-79.3318 134.827 413
-80.4235 135.48 415
-81.3264 135.806 416
-82.43 136.459 418
-83.3415 136.786 419
-84.457 137.439 421
-85.1747 137.439 421
-86.3005 138.092 423
-87.2273 138.418 424
-87.9501 138.418 424
-88.882 138.745 425
-89.8174 139.071 426
-90.7562 139.397 427
-91.4841 139.397 427
-92.428 139.724 428
-93.8106 140.703 431
-94.7647 141.03 432
-95.5011 141.03 432
-96.2376 141.03 432
-97.1985 141.356 433
-97.9367 141.356 433
-98.9027 141.683 434
-99.8722 142.009 435
-101.308 142.989 438
-102.054 142.989 438
-103.036 143.315 439
-104.02 143.641 440
-104.771 143.641 440
-105.521 143.641 440
-106.512 143.968 441
-107.264 143.968 441
-108.016 143.968 441
-108.768 143.968 441
-110.016 144.621 443
-110.771 144.621 443
-111.527 144.621 443
-112.789 145.274 445
-113.802 145.6 446
-114.82 145.927 447
-115.582 145.927 447
-116.344 145.927 447
-117.106 145.927 447
-118.395 146.58 449
-119.161 146.58 449
-119.926 146.58 449
-120.691 146.58 449
-121.457 146.58 449
-151.828 172.37 528
-152.728 172.37 528
-153.628 172.37 528
-154.528 172.37 528
-155.134 172.043 527
-156.032 172.043 527
-156.931 172.043 527
-157.53 171.717 526
-158.426 171.717 526
-159.626 172.043 527
-160.829 172.37 528
-161.729 172.37 528
-162.629 172.37 528
-163.529 172.37 528
-164.429 172.37 528
-165.016 172.043 527
-165.6 171.717 526
-166.497 171.717 526
-167.393 171.717 526
-167.97 171.39 525
-794.547 705.475 2161
-800.448 707.434 2167
-804.142 707.434 2167
-809.7 709.066 2172
-814.526 710.046 2175
-818.234 710.046 2175
-821.942 710.046 2175
-825.65 710.046 2175
-829.357 710.046 2175
-833.065 710.046 2175
-836.773 710.046 2175
-840.481 710.046 2175
-846.518 712.004 2181
-850.236 712.004 2181
-853.954 712.004 2181
-854.132 709.066 2172
-857.835 709.066 2172
-863.918 711.025 2178
-867.631 711.025 2178
-871.344 711.025 2178
-875.057 711.025 2178
-884.418 715.595 2192
-888.155 715.595 2192
-891.892 715.595 2192
-895.629 715.595 2192
-899.365 715.595 2192
-901.866 714.616 2189
-904.357 713.637 2186
-906.006 712.004 2181
-909.724 712.004 2181
-912.186 711.025 2178
-913.376 709.066 2172
-917.079 709.066 2172
-920.781 709.066 2172
-923.207 708.087 2169
-924.768 706.455 2164
-927.17 705.475 2161
-930.854 705.475 2161
-933.24 704.496 2158
-935.617 703.517 2155
-939.291 703.517 2155
-942.964 703.517 2155
-945.759 702.864 2153
-949.43 702.864 2153
-951.772 701.884 2150
-955.437 701.884 2150
-956.426 699.925 2144
-959.185 699.273 2142
-961.488 698.293 2139
-965.135 698.293 2139
-966.064 696.334 2133
-967.427 694.702 2128
-969.686 693.723 2125
-973.308 693.723 2125
-974.632 692.091 2120
-978.246 692.091 2120
-980.471 691.111 2117
-984.08 691.111 2117
-986.289 690.132 2114
-988.956 689.479 2112
-992.557 689.479 2112
-996.157 689.479 2112
-998.338 688.499 2109
-1000.51 687.52 2106
-1003.14 686.867 2104
-1006.73 686.867 2104
-1007.44 684.908 2098
-1006.19 681.644 2088
-1008.3 680.664 2085
-1011.86 680.664 2085
-1010.54 677.4 2075
-1010.17 674.788 2067
-1011.24 673.156 2062
-1014.76 673.156 2062
-1014.81 670.871 2055
-1015.34 668.912 2049
-1015.36 666.627 2042
-1018.84 666.627 2042
-1018.31 664.015 2034
-1017.26 661.077 2025
-1016.68 658.465 2017
-1020.12 658.465 2017
-1021.02 656.833 2012
-1022.41 655.527 2008
-1024.3 654.548 2005
-1027.72 654.548 2005
-1028.57 652.916 2000
1814.63 1327.91 4089
1807.66 1327.91 4089
1800.69 1327.91 4089
1042.73 1321.41 4069
1035.79 1321.41 4069
1028.86 1321.41 4069
1021.92 1321.41 4069
1014.98 1321.41 4069
1003.09 1314.92 4049
991.515 1308.75 4030
984.645 1308.75 4030
977.774 1308.75 4030
970.904 1308.75 4030
966.187 1311.67 4039
959.302 1311.67 4039
954.774 1314.92 4049
947.872 1314.92 4049
945.617 1321.41 4069
938.68 1321.41 4069
934.034 1324.66 4079
927.08 1324.66 4079
922.382 1327.91 4089
915.411 1327.91 4089
908.441 1327.91 4089
753.238 1324.66 4079
746.285 1324.66 4079
739.331 1324.66 4079
732.377 1324.66 4079
725.424 1324.66 4079
713.186 1314.92 4049
706.283 1314.92 4049
697.654 1311.67 4039
685.808 1302.25 4010
675.755 1296.08 3991
668.952 1296.08 3991
657.502 1286.99 3963
647.627 1280.82 3944
637.816 1274.65 3925
631.124 1274.65 3925
623.002 1271.73 3916
616.326 1271.73 3916
609.65 1271.73 3916
602.974 1271.73 3916
596.298 1271.73 3916
586.912 1265.88 3898
580.267 1265.88 3898
573.622 1265.88 3898
564.359 1260.04 3880
556.451 1257.11 3871
548.573 1254.19 3862
541.989 1254.19 3862
535.406 1254.19 3862
528.822 1254.19 3862
522.238 1254.19 3862
516.856 1257.11 3871
510.257 1257.11 3871
503.658 1257.11 3871
495.903 1254.19 3862
489.32 1254.19 3862
482.736 1254.19 3862
470.727 1239.9 3818
464.219 1239.9 3818
457.71 1239.9 3818
450.137 1236.98 3809
444.692 1239.9 3818
442.201 1251.27 3853
439.702 1262.96 3889
433.073 1262.96 3889
426.443 1262.96 3889
-4.52965 151.984 468
-5.32747 151.984 468
-6.12529 151.984 468
-6.89353 151.334 466
-7.68794 151.334 466
-8.46415 151.01 465
-9.25686 151.01 465
-10.028 150.685 464
-10.819 150.685 464
-11.61 150.685 464
-12.3742 150.36 463
-13.1067 149.711 461
-13.8926 149.711 461
-14.6785 149.711 461
-29.5567 135.097 416
-30.2658 135.097 416
-30.975 135.097 416
-31.7603 135.421 417
-32.4712 135.421 417
-33.1821 135.421 417
-33.893 135.421 417
-34.6039 135.421 417
-35.2301 135.097 416
-35.9392 135.097 416
-36.6484 135.097 416
-37.2678 134.772 415
-37.8837 134.447 414
-38.5895 134.447 414
-39.2004 134.122 413
-39.8078 133.798 412
-40.5102 133.798 412
-41.2125 133.798 412
-41.8131 133.473 411
-42.5138 133.473 411
-43.1093 133.148 410
-43.8082 133.148 410
-44.5072 133.148 410
-45.0959 132.823 409
-45.6811 132.499 408
-46.263 132.174 407
-46.9569 132.174 407
-47.6507 132.174 407
-48.3445 132.174 407
-49.0383 132.174 407
-49.7322 132.174 407
-50.426 132.174 407
-50.9942 131.849 406
-51.6864 131.849 406
-52.3785 131.849 406
-53.0706 131.849 406
-53.7628 131.849 406
-54.4549 131.849 406
-55.147 131.849 406
-55.8391 131.849 406
-56.392 131.524 405
-57.0824 131.524 405
-57.7729 131.524 405
-58.4633 131.524 405
-59.2998 131.849 406
-59.9919 131.849 406
-60.684 131.849 406
-61.3762 131.849 406
-62.0683 131.849 406
-62.7604 131.849 406
-63.4525 131.849 406
-64.1447 131.849 406
-64.8368 131.849 406
-65.5289 131.849 406
-66.2211 131.849 406
-66.9132 131.849 406
-67.6053 131.849 406
-68.2974 131.849 406
-69.1595 132.174 407
-69.8533 132.174 407
-70.5471 132.174 407
-71.241 132.174 407
-72.1116 132.499 408
-72.8071 132.499 408
-73.5026 132.499 408
-74.5619 133.148 410
-75.2608 133.148 410
-76.1451 133.473 411
-77.0327 133.798 412
-77.9237 134.122 413
-78.6278 134.122 413
-79.3318 134.122 413
-80.6173 135.097 416
-81.3264 135.097 416
-82.6272 136.071 419
-83.5404 136.396 420
-84.6576 137.045 422
-85.377 137.045 422
-86.5045 137.695 424
-87.433 138.019 425
-88.1575 138.019 425
-89.0912 138.344 426
-90.0282 138.669 427
-90.7562 138.669 427
-91.4841 138.669 427
-92.8599 139.643 430
-94.0282 140.293 432
-94.7647 140.293 432
-95.5011 140.293 432
-96.4604 140.617 433
-97.423 140.942 434
-98.1629 140.942 434
-99.1306 141.267 435
-100.102 141.592 436
-101.539 142.566 439
-102.287 142.566 439
-103.27 142.891 440
-104.02 142.891 440
-104.771 142.891 440
-105.521 142.891 440
-106.512 143.215 441
-107.264 143.215 441
-108.016 143.215 441
-109.014 143.54 442
-110.016 143.865 443
-111.271 144.514 445
-112.03 144.514 445
-113.042 144.839 446
-114.058 145.164 447
-114.82 145.164 447
-115.582 145.164 447
-116.344 145.164 447
-117.368 145.489 448
-118.395 145.814 449
-119.161 145.814 449
-120.46 146.463 451
-121.229 146.463 451
-121.998 146.463 451
-151.828 171.469 528
-152.728 171.469 528
-153.628 171.469 528
-154.528 171.469 528
-155.134 171.144 527
-156.032 171.144 527
-156.931 171.144 527
-157.53 170.819 526
-158.426 170.819 526
-159.626 171.144 527
-160.829 171.469 528
-161.729 171.469 528
-162.629 171.469 528
-163.529 171.469 528
-164.429 171.469 528
-165.016 171.144 527
-165.6 170.819 526
-166.497 170.819 526
-167.393 170.819 526
-167.97 170.495 525
-795.987 706.335 2175
-799.695 706.335 2175
-803.403 706.335 2175
-807.11 706.335 2175
-811.937 707.309 2178
-817.897 709.258 2184
-821.62 709.258 2184
-825.343 709.258 2184
-825.65 706.335 2175
-829.357 706.335 2175
-833.065 706.335 2175
-836.773 706.335 2175
-840.481 706.335 2175
-845.353 707.309 2178
-849.066 707.309 2178
-852.779 707.309 2178
-854.132 705.361 2172
-856.65 704.386 2169
-861.538 705.361 2172
-865.241 705.361 2172
-870.143 706.335 2175
-875.057 707.309 2178
-881.19 709.258 2184
-884.914 709.258 2184
-890.671 710.881 2189
-894.403 710.881 2189
-898.135 710.881 2189
-900.63 709.907 2186
-902.288 708.283 2181
-906.006 708.283 2181
-909.724 708.283 2181
-910.93 706.335 2175
-912.114 704.386 2169
-915.812 704.386 2169
-919.51 704.386 2169
-922.356 703.737 2167
-924.768 702.763 2164
-925.883 700.814 2158
-929.562 700.814 2158
-933.24 700.814 2158
-935.617 699.84 2155
-938.419 699.19 2153
-942.089 699.19 2153
-945.759 699.19 2153
-949.43 699.19 2153
-951.772 698.216 2150
-955.437 698.216 2150
-955.534 695.618 2142
-957.842 694.644 2139
-960.14 693.67 2136
-963.781 693.67 2136
-966.064 692.695 2133
-966.063 690.097 2125
-968.317 689.123 2122
-971.934 689.123 2122
-974.632 688.474 2120
-976.862 687.499 2117
-979.081 686.525 2114
-982.685 686.525 2114
-985.356 685.876 2112
-988.956 685.876 2112
-991.147 684.901 2109
-994.742 684.901 2109
-996.918 683.927 2106
-999.558 683.278 2104
-1003.14 683.278 2104
-1006.73 683.278 2104
-1007.44 681.329 2098
-1006.19 678.082 2088
-1005.89 675.484 2080
-1009.43 675.484 2080
-1010.54 673.86 2075
-1010.17 671.262 2067
-1011.24 669.638 2062
-1014.76 669.638 2062
-1014.81 667.365 2055
-1015.34 665.416 2049
-1015.36 663.143 2042
-1018.84 663.143 2042
-1018.31 660.545 2034
-1017.26 657.622 2025
-1016.68 655.024 2017
-1020.12 655.024 2017
-1021.02 653.4 2012
-1022.41 652.101 2008
-1024.3 651.127 2005
-1027.72 651.127 2005
-1028.57 649.503 2000
1028.86 1314.47 4069
1021.92 1314.47 4069
1014.98 1314.47 4069
1010.52 1317.7 4079
1003.57 1317.7 4079
996.617 1317.7 4079
989.663 1317.7 4079
985.119 1320.93 4089
978.148 1320.93 4089
971.177 1320.93 4089
964.206 1320.93 4089
957.236 1320.93 4089
950.265 1320.93 4089
943.294 1320.93 4089
936.324 1320.93 4089
927.08 1317.7 4079
920.126 1317.7 4079
746.285 1317.7 4079
739.331 1317.7 4079
732.377 1317.7 4079
725.424 1317.7 4079
713.186 1308.01 4049
706.283 1308.01 4049
697.654 1304.78 4039
685.808 1295.41 4010
675.755 1289.27 3991
668.952 1289.27 3991
657.502 1280.23 3963
647.627 1274.09 3944
637.816 1267.95 3925
631.124 1267.95 3925
623.002 1265.05 3916
616.326 1265.05 3916
612.608 1271.18 3935
605.9 1271.18 3935
599.192 1271.18 3935
589.623 1265.05 3916
581.607 1262.14 3907
574.947 1262.14 3907
566.977 1259.23 3898
556.451 1250.51 3871
548.573 1247.6 3862
541.989 1247.6 3862
535.406 1247.6 3862
528.822 1247.6 3862
522.238 1247.6 3862
516.856 1250.51 3871
510.257 1250.51 3871
503.658 1250.51 3871
495.903 1247.6 3862
489.32 1247.6 3862
482.736 1247.6 3862
470.727 1233.39 3818
464.219 1233.39 3818
457.71 1233.39 3818
450.137 1230.48 3809
444.692 1233.39 3818
442.201 1244.69 3853
435.632 1244.69 3853
429.064 1244.69 3853
-6.09912 150.539 466
-6.89353 150.539 466
-7.68794 150.539 466
-8.46415 150.216 465
-9.25686 150.216 465
-10.0496 150.216 465
-10.8423 150.216 465
-11.635 150.216 465
-12.4277 150.216 465
-13.192 149.893 464
-13.983 149.893 464
-14.7103 149.247 462
-29.6988 135.033 418
-30.4113 135.033 418
-31.1239 135.033 418
-31.9127 135.356 419
-32.627 135.356 419
-33.3413 135.356 419
-33.9743 135.033 418
-34.6039 134.71 417
-35.3147 134.71 417
-36.0256 134.71 417
-36.6484 134.387 416
-37.2678 134.064 415
-37.8837 133.741 414
-38.5895 133.741 414
-39.2004 133.418 413
-39.8078 133.095 412
-40.5102 133.095 412
-41.2125 133.095 412
-41.8131 132.772 411
-42.5138 132.772 411
-43.1093 132.449 410
-43.8082 132.449 410
-44.5072 132.449 410
-45.0959 132.126 409
-45.6811 131.803 408
-46.3767 131.803 408
-47.0722 131.803 408
-47.6507 131.48 407
-48.3445 131.48 407
-49.0383 131.48 407
-49.7322 131.48 407
-50.426 131.48 407
-50.9942 131.157 406
-51.6864 131.157 406
-52.3785 131.157 406
-53.0706 131.157 406
-53.7628 131.157 406
-54.4549 131.157 406
-55.147 131.157 406
-55.8391 131.157 406
-56.5313 131.157 406
-57.2234 131.157 406
-57.9155 131.157 406
-58.6077 131.157 406
-59.2998 131.157 406
-59.9919 131.157 406
-60.684 131.157 406
-61.3762 131.157 406
-62.0683 131.157 406
-62.7604 131.157 406
-63.4525 131.157 406
-64.1447 131.157 406
-64.8368 131.157 406
-65.5289 131.157 406
-66.2211 131.157 406
-66.9132 131.157 406
-67.6053 131.157 406
-68.2974 131.157 406
-69.1595 131.48 407
-69.8533 131.48 407
-70.5471 131.48 407
-71.241 131.48 407
-72.1116 131.803 408
-72.8071 131.803 408
-73.5026 131.803 408
-74.5619 132.449 410
-75.2608 132.449 410
-76.1451 132.772 411
-77.0327 133.095 412
-77.9237 133.418 413
-78.6278 133.418 413
-79.716 134.064 415
-81.0048 135.033 418
-81.7174 135.033 418
-82.8244 135.679 420
-83.7393 136.002 421
-84.8582 136.648 423
-85.5793 136.648 423
-86.7085 137.294 425
-87.6387 137.617 426
-88.365 137.617 426
-89.3003 137.94 427
-90.0282 137.94 427
-90.9687 138.264 428
-91.6983 138.264 428
-93.0758 139.233 431
-94.0282 139.556 432
-94.7647 139.556 432
-95.7222 139.879 433
-96.6831 140.202 434
-97.6475 140.525 435
-98.389 140.525 435
-99.3585 140.848 436
-100.791 141.817 439
-101.539 141.817 439
-102.52 142.14 440
-103.27 142.14 440
-104.02 142.14 440
-104.771 142.14 440
-105.76 142.463 441
-106.512 142.463 441
-107.507 142.786 442
-108.261 142.786 442
-109.014 142.786 442
-110.264 143.432 444
-111.271 143.755 445
-112.03 143.755 445
-113.042 144.078 446
-114.058 144.401 447
-115.076 144.724 448
-115.84 144.724 448
-116.604 144.724 448
-117.368 144.724 448
-118.131 144.724 448
-119.161 145.047 449
-120.46 145.694 451
-121.229 145.694 451
-121.998 145.694 451
-151.828 170.568 528
-152.728 170.568 528
-153.628 170.568 528
-154.528 170.568 528
-155.428 170.568 528
-156.328 170.568 528
-157.228 170.568 528
-158.129 170.568 528
-159.029 170.568 528
-159.929 170.568 528
-161.133 170.891 529
-162.035 170.891 529
-162.937 170.891 529
-163.529 170.568 528
-164.429 170.568 528
-165.329 170.568 528
-165.915 170.245 527
-166.497 169.922 526
-167.393 169.922 526
-167.97 169.599 525
-802.208 708.116 2192
-805.945 708.116 2192
-809.682 708.116 2192
-813.419 708.116 2192
-817.156 708.116 2192
-817.897 705.532 2184
-821.62 705.532 2184
-825.343 705.532 2184
-825.65 702.624 2175
-829.357 702.624 2175
-833.065 702.624 2175
-836.773 702.624 2175
-840.481 702.624 2175
-845.353 703.593 2178
-849.066 703.593 2178
-852.779 703.593 2178
-854.132 701.655 2172
-856.65 700.686 2169
-861.538 701.655 2172
-865.241 701.655 2172
-868.943 701.655 2172
-872.646 701.655 2172
-879.98 704.562 2181
-883.698 704.562 2181
-888.637 705.532 2184
-892.36 705.532 2184
-896.083 705.532 2184
-898.57 704.562 2181
-901.047 703.593 2178
-903.514 702.624 2175
-907.222 702.624 2175
-908.417 700.686 2169
-912.114 700.686 2169
-914.967 700.04 2167
-918.662 700.04 2167
-922.356 700.04 2167
-923.486 698.102 2161
-925.883 697.132 2158
-929.562 697.132 2158
-931.943 696.163 2155
-935.617 696.163 2155
-938.419 695.517 2153
-942.089 695.517 2153
-945.759 695.517 2153
-948.107 694.548 2150
-950.444 693.579 2147
-954.104 693.579 2147
-955.534 691.964 2142
-956.498 690.025 2136
-960.14 690.025 2136
-963.781 690.025 2136
-965.158 688.41 2131
-966.063 686.472 2125
-968.317 685.503 2122
-971.934 685.503 2122
-973.253 683.888 2117
-975.478 682.918 2114
-979.081 682.918 2114
-982.685 682.918 2114
-985.356 682.272 2112
-988.956 682.272 2112
-989.737 680.334 2106
-993.327 680.334 2106
-996.918 680.334 2106
-999.558 679.688 2104
-1003.14 679.688 2104
-1006.73 679.688 2104
-1007.44 677.75 2098
-1006.19 674.519 2088
-1004.92 671.289 2078
-1008.46 671.289 2078
-1009.08 669.35 2072
-1009.19 667.089 2065
-1008.79 664.505 2057
-1012.3 664.505 2057
-1013.33 662.89 2052
-1014.35 661.274 2047
-1011.38 657.075 2034
-1014.85 657.075 2034
-1013.81 654.167 2025
-1013.24 651.583 2017
-1014.16 649.968 2012
-1017.59 649.968 2012
-1017.47 647.706 2005
-1018.34 646.091 2000
-1020.73 645.445 1998
-1024.13 645.445 1998
-1024.97 643.83 1993
1028.86 1307.53 4069
1021.92 1307.53 4069
1014.98 1307.53 4069
1010.52 1310.74 4079
1003.57 1310.74 4079
996.617 1310.74 4079
989.663 1310.74 4079
985.119 1313.96 4089
978.148 1313.96 4089
971.177 1313.96 4089
964.206 1313.96 4089
957.236 1313.96 4089
950.265 1313.96 4089
943.294 1313.96 4089
936.324 1313.96 4089
739.331 1310.74 4079
732.377 1310.74 4079
725.424 1310.74 4079
716.709 1307.53 4069
709.772 1307.53 4069
699.381 1301.1 4049
689.229 1295 4030
677.448 1285.68 4001
670.628 1285.68 4001
658.996 1276.36 3972
647.627 1267.36 3944
637.816 1261.26 3925
631.124 1261.26 3925
623.002 1258.37 3916
616.326 1258.37 3916
612.608 1264.47 3935
605.9 1264.47 3935
599.192 1264.47 3935
589.623 1258.37 3916
581.607 1255.47 3907
574.947 1255.47 3907
566.977 1252.58 3898
556.451 1243.91 3871
548.573 1241.01 3862
541.989 1241.01 3862
535.406 1241.01 3862
528.822 1241.01 3862
522.238 1241.01 3862
516.856 1243.91 3871
510.257 1243.91 3871
503.658 1243.91 3871
495.903 1241.01 3862
489.32 1241.01 3862
482.736 1241.01 3862
469.618 1223.98 3809
-6.09912 149.744 466
-6.89353 149.744 466
-7.68794 149.744 466
-8.46415 149.423 465
-9.25686 149.423 465
-10.0496 149.423 465
-10.8423 149.423 465
-11.635 149.423 465
-12.4277 149.423 465
-13.192 149.102 464
-13.983 149.102 464
-14.7103 148.459 462
-30.2672 136.891 426
-30.9934 136.891 426
-31.7196 136.891 426
-32.4458 136.891 426
-33.172 136.891 426
-33.6595 135.927 423
-34.1368 134.963 420
-34.6868 134.32 418
-35.3147 133.999 417
-36.0256 133.999 417
-36.7365 133.999 417
-37.3576 133.677 416
-37.9753 133.356 415
-38.6827 133.356 415
-39.2004 132.713 413
-39.8078 132.392 412
-40.5102 132.392 412
-41.2125 132.392 412
-41.9149 132.392 412
-42.5138 132.071 411
-43.2144 132.071 411
-43.9151 132.071 411
-44.5072 131.749 410
-45.0959 131.428 409
-45.6811 131.107 408
-46.3767 131.107 408
-47.0722 131.107 408
-47.7678 131.107 408
-48.3445 130.785 407
-49.0383 130.785 407
-49.7322 130.785 407
-50.426 130.785 407
-51.1198 130.785 407
-51.6864 130.464 406
-52.3785 130.464 406
-53.0706 130.464 406
-53.7628 130.464 406
-54.4549 130.464 406
-55.147 130.464 406
-55.8391 130.464 406
-56.5313 130.464 406
-57.2234 130.464 406
-57.9155 130.464 406
-58.6077 130.464 406
-59.2998 130.464 406
-59.9919 130.464 406
-60.684 130.464 406
-61.3762 130.464 406
-62.0683 130.464 406
-62.7604 130.464 406
-63.4525 130.464 406
-64.1447 130.464 406
-64.8368 130.464 406
-65.5289 130.464 406
-66.2211 130.464 406
-66.9132 130.464 406
-67.7718 130.785 407
-68.4657 130.785 407
-69.1595 130.785 407
-69.8533 130.785 407
-70.7205 131.107 408
-71.416 131.107 408
-72.1116 131.107 408
-72.8071 131.107 408
-73.6828 131.428 409
-74.5619 131.749 410
-75.2608 131.749 410
-76.1451 132.071 411
-77.2196 132.713 413
-77.9237 132.713 413
-78.6278 132.713 413
-79.716 133.356 415
-81.0048 134.32 418
-81.7174 134.32 418
-82.8244 134.963 420
-83.7393 135.284 421
-84.8582 135.927 423
-85.5793 135.927 423
-86.7085 136.569 425
-87.6387 136.891 426
-88.365 136.891 426
-89.3003 137.212 427
-90.0282 137.212 427
-90.9687 137.533 428
-91.6983 137.533 428
-93.0758 138.497 431
-94.0282 138.819 432
-94.7647 138.819 432
-95.7222 139.14 433
-96.6831 139.461 434
-97.6475 139.783 435
-98.389 139.783 435
-99.3585 140.104 436
-101.02 141.389 440
-101.77 141.389 440
-102.52 141.389 440
-103.505 141.711 441
-104.257 141.711 441
-105.009 141.711 441
-105.76 141.711 441
-106.754 142.032 442
-107.507 142.032 442
-108.261 142.032 442
-109.261 142.353 443
-110.513 142.996 445
-111.521 143.317 446
-112.282 143.317 446
-113.296 143.639 447
-114.058 143.639 447
-115.076 143.96 448
-115.84 143.96 448
-116.604 143.96 448
-117.63 144.281 449
-118.395 144.281 449
-119.161 144.281 449
-120.46 144.924 451
-121.229 144.924 451
-121.998 144.924 451
-151.828 169.667 528
-152.728 169.667 528
-153.628 169.667 528
-154.528 169.667 528
-155.428 169.667 528
-156.328 169.667 528
-157.228 169.667 528
-158.129 169.667 528
-159.029 169.667 528
-160.232 169.989 529
-161.133 169.989 529
-162.035 169.989 529
-162.937 169.989 529
-163.839 169.989 529
-164.741 169.989 529
-165.329 169.667 528
-166.23 169.667 528
-166.813 169.346 527
-167.711 169.346 527
-802.208 704.376 2192
-805.945 704.376 2192
-809.682 704.376 2192
-813.419 704.376 2192
-817.156 704.376 2192
-817.897 701.805 2184
-821.62 701.805 2184
-825.343 701.805 2184
-825.65 698.913 2175
-829.357 698.913 2175
-833.065 698.913 2175
-835.619 697.949 2172
-839.322 697.949 2172
-843.024 697.949 2172
-846.727 697.949 2172
-850.43 697.949 2172
-852.953 696.985 2169
-856.65 696.985 2169
-860.348 696.985 2169
-863.249 696.343 2167
-867.743 696.985 2169
-872.646 697.949 2172
-879.98 700.841 2181
-883.698 700.841 2181
-888.637 701.805 2184
-892.36 701.805 2184
-896.083 701.805 2184
-898.57 700.841 2181
-901.047 699.877 2178
-903.514 698.913 2175
-907.222 698.913 2175
-908.417 696.985 2169
-912.114 696.985 2169
-914.967 696.343 2167
-918.662 696.343 2167
-922.356 696.343 2167
-923.486 694.415 2161
-925.883 693.451 2158
-929.562 693.451 2158
-931.943 692.487 2155
-935.617 692.487 2155
-938.419 691.844 2153
-942.089 691.844 2153
-945.759 691.844 2153
-948.107 690.88 2150
-950.444 689.916 2147
-954.104 689.916 2147
-955.534 688.309 2142
-956.498 686.381 2136
-960.14 686.381 2136
-963.781 686.381 2136
-965.158 684.774 2131
-964.699 681.882 2122
-967.404 681.24 2120
-971.018 681.24 2120
-973.253 680.276 2117
-974.555 678.669 2112
-978.155 678.669 2112
-981.756 678.669 2112
-983.956 677.705 2109
-986.147 676.741 2106
-988.797 676.098 2104
-992.384 676.098 2104
-995.971 676.098 2104
-999.558 676.098 2104
-1000.28 674.17 2098
-1003.86 674.17 2098
-1005.04 672.564 2093
-1003.78 669.35 2083
-1003.47 666.779 2075
-1007 666.779 2075
-1005.67 663.566 2065
-1006.75 661.959 2060
-1004.87 658.425 2049
-1008.36 658.425 2049
-1010.86 657.782 2047
-1011.88 656.175 2042
-1009.39 652.319 2030
-1012.85 652.319 2030
-1012.31 649.748 2022
-1010.73 646.535 2012
-1010.63 644.286 2005
-1014.05 644.286 2005
-1014.93 642.679 2000
-1017.32 642.036 1998
-1018.17 640.43 1993
-1021.57 640.43 1993
-1022.4 638.823 1988
1010.52 1303.78 4079
1003.57 1303.78 4079
996.617 1303.78 4079
989.663 1303.78 4079
985.119 1306.98 4089
978.148 1306.98 4089
971.177 1306.98 4089
964.206 1306.98 4089
957.236 1306.98 4089
950.265 1306.98 4089
943.294 1306.98 4089
936.324 1306.98 4089
723.645 1300.59 4069
716.709 1300.59 4069
709.772 1300.59 4069
699.381 1294.2 4049
689.229 1288.12 4030
682.359 1288.12 4030
670.628 1278.85 4001
658.996 1269.58 3972
647.627 1260.63 3944
637.816 1254.56 3925
631.124 1254.56 3925
623.002 1251.68 3916
616.326 1251.68 3916
612.608 1257.76 3935
605.9 1257.76 3935
599.192 1257.76 3935
589.623 1251.68 3916
581.607 1248.81 3907
574.947 1248.81 3907
566.977 1245.93 3898
556.451 1237.3 3871
549.852 1237.3 3871
543.253 1237.3 3871
535.406 1234.42 3862
528.822 1234.42 3862
522.238 1234.42 3862
515.654 1234.42 3862
509.071 1234.42 3862
502.487 1234.42 3862
495.903 1234.42 3862
489.32 1234.42 3862
-9.25686 148.63 465
-10.0496 148.63 465
-10.8423 148.63 465
-11.635 148.63 465
-12.4277 148.63 465
-13.192 148.31 464
-13.983 148.31 464
-14.7103 147.671 462
-30.2672 136.164 426
-30.9934 136.164 426
-31.7196 136.164 426
-32.4458 136.164 426
-33.172 136.164 426
-33.6595 135.205 423
-34.1368 134.246 420
-34.6868 133.607 418
-35.3147 133.287 417
-36.0256 133.287 417
-36.7365 133.287 417
-37.3576 132.967 416
-37.9753 132.648 415
-38.6827 132.648 415
-39.2004 132.009 413
-39.8078 131.689 412
-40.5102 131.689 412
-41.2125 131.689 412
-41.9149 131.689 412
-42.5138 131.369 411
-43.2144 131.369 411
-43.9151 131.369 411
-44.5072 131.05 410
-45.2061 131.05 410
-45.7931 130.73 409
-46.3767 130.41 408
-47.0722 130.41 408
-47.7678 130.41 408
-48.4633 130.41 408
-49.1588 130.41 408
-49.8544 130.41 408
-50.426 130.091 407
-51.1198 130.091 407
-51.8137 130.091 407
-52.5075 130.091 407
-53.2013 130.091 407
-53.8952 130.091 407
-54.4549 129.771 406
-55.147 129.771 406
-55.8391 129.771 406
-56.5313 129.771 406
-57.2234 129.771 406
-57.9155 129.771 406
-58.6077 129.771 406
-59.2998 129.771 406
-59.9919 129.771 406
-60.684 129.771 406
-61.3762 129.771 406
-62.0683 129.771 406
-62.7604 129.771 406
-63.4525 129.771 406
-64.1447 129.771 406
-64.8368 129.771 406
-65.6903 130.091 407
-66.3842 130.091 407
-67.078 130.091 407
-67.7718 130.091 407
-68.4657 130.091 407
-69.1595 130.091 407
-70.0249 130.41 408
-70.7205 130.41 408
-71.416 130.41 408
-72.1116 130.41 408
-72.9855 130.73 409
-73.8629 131.05 410
-74.7437 131.369 411
-75.4444 131.369 411
-76.3303 131.689 412
-77.2196 132.009 413
-78.1124 132.328 414
-78.8181 132.328 414
-79.716 132.648 415
-81.1986 133.926 419
-81.9129 133.926 419
-83.0216 134.566 421
-83.9382 134.885 422
-84.8582 135.205 423
-85.984 135.844 425
-86.9125 136.164 426
-87.8445 136.483 427
-88.5724 136.483 427
-89.3003 136.483 427
-90.2391 136.803 428
-91.6063 137.762 431
-92.3411 137.762 431
-93.2918 138.082 432
-94.2459 138.401 433
-94.9841 138.401 433
-95.9433 138.721 434
-96.9059 139.041 435
-97.872 139.36 436
-98.6152 139.36 436
-99.8143 139.999 438
-101.02 140.639 440
-101.77 140.639 440
-102.52 140.639 440
-103.505 140.958 441
-104.257 140.958 441
-105.009 140.958 441
-105.76 140.958 441
-106.754 141.278 442
-107.507 141.278 442
-108.261 141.278 442
-109.261 141.598 443
-110.513 142.237 445
-111.521 142.556 446
-112.282 142.556 446
-113.296 142.876 447
-114.058 142.876 447
-115.076 143.196 448
-115.84 143.196 448
-116.604 143.196 448
-117.63 143.515 449
-118.395 143.515 449
-119.161 143.515 449
-119.926 143.515 449
-120.691 143.515 449
-151.828 168.766 528
-152.728 168.766 528
-153.628 168.766 528
-154.528 168.766 528
-155.428 168.766 528
-156.328 168.766 528
-157.526 169.086 529
-158.428 169.086 529
-159.33 169.086 529
-160.232 169.086 529
-161.133 169.086 529
-162.035 169.086 529
-162.937 169.086 529
-163.839 169.086 529
-164.741 169.086 529
-165.643 169.086 529
-166.23 168.766 528
-166.813 168.447 527
-167.711 168.447 527
-800.173 705.431 2207
-803.936 705.431 2207
-807.698 705.431 2207
-811.46 705.431 2207
-815.223 705.431 2207
-817.872 704.472 2204
-821.629 704.472 2204
-825.386 704.472 2204
-829.144 704.472 2204
-830.634 702.554 2198
-829.825 698.719 2186
-832.789 698.079 2184
-836.512 698.079 2184
-836.773 695.203 2175
-840.481 695.203 2175
-843.024 694.244 2172
-846.727 694.244 2172
-850.43 694.244 2172
-852.166 692.646 2167
-854.676 691.687 2164
-859.555 692.646 2167
-863.249 692.646 2167
-866.943 692.646 2167
-871.441 693.285 2169
-878.77 696.161 2178
-882.482 696.161 2178
-886.195 696.161 2178
-889.908 696.161 2178
-893.621 696.161 2178
-897.334 696.161 2178
-899.806 695.203 2175
-903.514 695.203 2175
-907.222 695.203 2175
-908.417 693.285 2169
-911.273 692.646 2167
-914.967 692.646 2167
-918.662 692.646 2167
-922.356 692.646 2167
-923.486 690.728 2161
-925.883 689.769 2158
-929.562 689.769 2158
-931.943 688.81 2155
-934.748 688.171 2153
-938.419 688.171 2153
-942.089 688.171 2153
-944.442 687.212 2150
-948.107 687.212 2150
-950.444 686.253 2147
-954.104 686.253 2147
-955.534 684.655 2142
-956.498 682.737 2136
-960.14 682.737 2136
-963.781 682.737 2136
-965.158 681.139 2131
-964.699 678.262 2122
-967.404 677.623 2120
-971.018 677.623 2120
-973.253 676.664 2117
-974.555 675.066 2112
-978.155 675.066 2112
-981.756 675.066 2112
-983.956 674.107 2109
-986.147 673.148 2106
-988.797 672.509 2104
-992.384 672.509 2104
-995.971 672.509 2104
-999.558 672.509 2104
-1000.28 670.591 2098
-1003.86 670.591 2098
-1005.04 668.993 2093
-1003.78 665.796 2083
-1003.47 663.239 2075
-1007 663.239 2075
-1003.24 658.445 2060
-1002.84 655.888 2052
-1001.43 652.691 2042
-1004.91 652.691 2042
-1008.39 652.691 2042
-1007.91 650.134 2034
-1007.9 647.897 2027
-1011.35 647.897 2027
-1009.8 644.701 2017
-1009.73 642.463 2010
-1009.62 640.226 2003
-1013.04 640.226 2003
-1014.93 639.267 2000
-1017.32 638.628 1998
-1018.17 637.029 1993
-1021.57 637.029 1993
-1022.4 635.431 1988
725.424 1296.83 4079
718.47 1296.83 4079
711.516 1296.83 4079
699.381 1287.29 4049
689.229 1281.25 4030
682.359 1281.25 4030
670.628 1272.03 4001
658.996 1262.81 3972
647.627 1253.91 3944
637.816 1247.86 3925
631.124 1247.86 3925
623.002 1245 3916
616.326 1245 3916
612.608 1251.04 3935
605.9 1251.04 3935
599.192 1251.04 3935
589.623 1245 3916
581.607 1242.14 3907
574.947 1242.14 3907
566.977 1239.28 3898
556.451 1230.7 3871
549.852 1230.7 3871
543.253 1230.7 3871
532.91 1222.11 3844
-10.0928 148.472 467
-10.8889 148.472 467
-11.685 148.472 467
-12.4277 147.836 465
-13.192 147.518 464
-13.983 147.518 464
-14.7103 146.882 462
-16.2855 146.882 462
-17.0731 146.882 462
-17.8607 146.882 462
-18.6483 146.882 462
-30.2672 135.437 426
-30.9934 135.437 426
-31.7196 135.437 426
-32.4458 135.437 426
-33.172 135.437 426
-33.6595 134.483 423
-34.2181 133.847 421
-34.7698 133.212 419
-35.4841 133.212 419
-36.112 132.894 418
-36.7365 132.576 417
-37.4474 132.576 417
-38.0668 132.258 416
-38.7759 132.258 416
-39.2953 131.622 414
-39.9044 131.304 413
-40.5102 130.986 412
-41.2125 130.986 412
-41.9149 130.986 412
-42.6172 130.986 412
-43.2144 130.668 411
-43.9151 130.668 411
-44.5072 130.35 410
-45.2061 130.35 410
-45.7931 130.032 409
-46.3767 129.714 408
-47.0722 129.714 408
-47.7678 129.714 408
-48.4633 129.714 408
-49.1588 129.714 408
-49.8544 129.714 408
-50.426 129.396 407
-51.1198 129.396 407
-51.8137 129.396 407
-52.5075 129.396 407
-53.2013 129.396 407
-53.8952 129.396 407
-54.4549 129.078 406
-55.147 129.078 406
-55.8391 129.078 406
-56.5313 129.078 406
-57.2234 129.078 406
-57.9155 129.078 406
-58.6077 129.078 406
-59.4458 129.396 407
-60.1397 129.396 407
-60.8335 129.396 407
-61.5273 129.396 407
-62.2212 129.396 407
-62.915 129.396 407
-63.6088 129.396 407
-64.3027 129.396 407
-64.9965 129.396 407
-65.6903 129.396 407
-66.3842 129.396 407
-67.078 129.396 407
-67.9383 129.714 408
-68.6339 129.714 408
-69.3294 129.714 408
-70.0249 129.714 408
-70.8938 130.032 409
-71.5911 130.032 409
-72.2883 130.032 409
-73.164 130.35 410
-73.8629 130.35 410
-74.7437 130.668 411
-75.4444 130.668 411
-76.3303 130.986 412
-77.4066 131.622 414
-78.1124 131.622 414
-79.0085 131.94 415
-80.1002 132.576 417
-81.5862 133.847 421
-82.3039 133.847 421
-83.2188 134.165 422
-84.336 134.801 424
-85.0588 134.801 424
-85.984 135.119 425
-87.1165 135.755 427
-87.8445 135.755 427
-88.5724 135.755 427
-89.5095 136.073 428
-90.4499 136.391 429
-91.6063 137.027 431
-92.5553 137.345 432
-93.5077 137.663 433
-94.4636 137.98 434
-95.2034 137.98 434
-96.1643 138.298 435
-97.1287 138.616 436
-98.3209 139.252 438
-99.0676 139.252 438
-100.042 139.57 439
-101.02 139.888 440
-101.77 139.888 440
-102.753 140.206 441
-103.505 140.206 441
-104.257 140.206 441
-105.009 140.206 441
-106 140.524 442
-106.754 140.524 442
-107.751 140.842 443
-108.506 140.842 443
-109.261 140.842 443
-110.513 141.478 445
-111.521 141.796 446
-112.282 141.796 446
-113.296 142.113 447
-114.313 142.431 448
-115.076 142.431 448
-116.099 142.749 449
-116.864 142.749 449
-117.63 142.749 449
-118.395 142.749 449
-119.161 142.749 449
-151.828 167.866 528
-152.728 167.866 528
-153.628 167.866 528
-154.528 167.866 528
-155.428 167.866 528
-156.328 167.866 528
-157.526 168.184 529
-158.428 168.184 529
-159.33 168.184 529
-160.232 168.184 529
-161.133 168.184 529
-162.035 168.184 529
-162.937 168.184 529
-163.839 168.184 529
-164.741 168.184 529
-165.643 168.184 529
-166.23 167.866 528
-166.813 167.548 527
-167.711 167.548 527
-793.163 698.804 2198
-800.173 701.665 2207
-803.936 701.665 2207
-807.698 701.665 2207
-811.46 701.665 2207
-816.331 702.619 2210
-820.098 702.619 2210
-823.866 702.619 2210
-825.386 700.712 2204
-829.144 700.712 2204
-832.901 700.712 2204
-830.964 695.943 2189
-832.789 694.353 2184
-836.512 694.353 2184
-837.927 692.446 2178
-841.64 692.446 2178
-843.024 690.538 2172
-846.727 690.538 2172
-850.43 690.538 2172
-854.132 690.538 2172
-854.676 687.995 2164
-858.365 687.995 2164
-862.054 687.995 2164
-866.943 688.948 2167
-870.637 688.948 2167
-878.77 692.446 2178
-882.482 692.446 2178
-886.195 692.446 2178
-889.908 692.446 2178
-893.621 692.446 2178
-896.098 691.492 2175
-898.565 690.538 2172
-902.268 690.538 2172
-905.97 690.538 2172
-907.579 688.948 2167
-911.273 688.948 2167
-914.967 688.948 2167
-918.662 688.948 2167
-919.802 687.041 2161
-922.204 686.087 2158
-924.596 685.133 2155
-928.269 685.133 2155
-931.943 685.133 2155
-934.748 684.497 2153
-938.419 684.497 2153
-942.089 684.497 2153
-944.442 683.544 2150
-948.107 683.544 2150
-949.116 681.636 2144
-952.771 681.636 2144
-954.195 680.046 2139
-956.498 679.093 2136
-958.791 678.139 2133
-962.427 678.139 2133
-965.158 677.503 2131
-964.699 674.642 2122
-966.035 673.052 2117
-969.644 673.052 2117
-970.954 671.462 2112
-973.17 670.509 2109
-974.45 668.919 2104
-978.037 668.919 2104
-981.624 668.919 2104
-983.806 667.965 2101
-985.977 667.011 2098
-989.554 667.011 2098
-990.764 665.422 2093
-994.332 665.422 2093
-997.9 665.422 2093
-1001.47 665.422 2093
-1001.19 662.878 2085
-999.93 659.699 2075
-999.598 657.156 2067
-1003.12 657.156 2067
-1003.24 654.93 2060
-1002.84 652.387 2052
-1001.43 649.207 2042
-1004.91 649.207 2042
-1008.39 649.207 2042
-1007.91 646.664 2034
-1007.9 644.439 2027
-1011.35 644.439 2027
-1009.8 641.259 2017
-1009.73 639.034 2010
-1009.62 636.808 2003
-1013.04 636.808 2003
-1014.93 635.855 2000
-1017.32 635.219 1998
-1018.17 633.629 1993
-1021.57 633.629 1993
-1022.4 632.039 1988
725.424 1289.87 4079
718.47 1289.87 4079
711.516 1289.87 4079
699.381 1280.38 4049
689.229 1274.37 4030
682.359 1274.37 4030
670.628 1265.2 4001
657.502 1253.18 3963
647.627 1247.18 3944
637.816 1241.17 3925
631.124 1241.17 3925
621.57 1235.48 3907
625.139 1256.03 3972
618.368 1256.03 3972
611.597 1256.03 3972
604.826 1256.03 3972
593.838 1247.18 3944
581.607 1235.48 3907
574.947 1235.48 3907
568.286 1235.48 3907
556.451 1224.09 3871
549.852 1224.09 3871
543.253 1224.09 3871
532.91 1215.55 3844
-10.0928 147.675 467
-10.8889 147.675 467
-11.685 147.675 467
-12.4811 147.675 467
-13.2773 147.675 467
-14.0131 147.043 465
-14.8058 147.043 465
-15.565 146.727 464
-16.356 146.727 464
-17.147 146.727 464
-17.8993 146.41 463
-18.6886 146.41 463
-19.4359 146.094 462
-20.2234 146.094 462
-30.2672 134.71 426
-30.9934 134.71 426
-31.7196 134.71 426
-32.4458 134.71 426
-33.172 134.71 426
-33.6595 133.762 423
-34.2181 133.129 421
-34.7698 132.497 419
-35.4841 132.497 419
-36.1984 132.497 419
-36.8246 132.18 418
-37.4474 131.864 417
-38.1583 131.864 417
-38.8691 131.864 417
-39.4851 131.548 416
-40.001 130.916 414
-40.6085 130.599 413
-41.3125 130.599 413
-41.9149 130.283 412
-42.6172 130.283 412
-43.3196 130.283 412
-44.0219 130.283 412
-44.6157 129.967 411
-45.2061 129.651 410
-45.7931 129.334 409
-46.4904 129.334 409
-47.1876 129.334 409
-47.7678 129.018 408
-48.4633 129.018 408
-49.1588 129.018 408
-49.8544 129.018 408
-50.5499 129.018 408
-51.1198 128.702 407
-51.8137 128.702 407
-52.5075 128.702 407
-53.2013 128.702 407
-53.8952 128.702 407
-54.589 128.702 407
-55.2828 128.702 407
-55.8391 128.386 406
-56.5313 128.386 406
-57.2234 128.386 406
-57.9155 128.386 406
-58.6077 128.386 406
-59.4458 128.702 407
-60.1397 128.702 407
-60.8335 128.702 407
-61.5273 128.702 407
-62.2212 128.702 407
-62.915 128.702 407
-63.6088 128.702 407
-64.3027 128.702 407
-64.9965 128.702 407
-65.6903 128.702 407
-66.3842 128.702 407
-67.078 128.702 407
-67.9383 129.018 408
-68.6339 129.018 408
-69.3294 129.018 408
-70.0249 129.018 408
-70.8938 129.334 409
-71.5911 129.334 409
-72.2883 129.334 409
-73.164 129.651 410
-73.8629 129.651 410
-74.7437 129.967 411
-75.4444 129.967 411
-76.3303 130.283 412
-77.4066 130.916 414
-78.1124 130.916 414
-79.1989 131.548 416
-80.2923 132.18 418
-81.5862 133.129 421
-82.3039 133.129 421
-83.6132 134.078 424
-84.5349 134.394 425
-85.2595 134.394 425
-86.3886 135.026 427
-87.3206 135.343 428
-88.0502 135.343 428
-88.7798 135.343 428
-89.7186 135.659 429
-90.8716 136.291 431
-91.6063 136.291 431
-92.5553 136.608 432
-93.5077 136.924 433
-94.6812 137.556 435
-95.4228 137.556 435
-96.3854 137.872 436
-97.3515 138.189 437
-98.3209 138.505 438
-99.2938 138.821 439
-100.042 138.821 439
-101.02 139.137 440
-101.77 139.137 440
-102.753 139.454 441
-103.505 139.454 441
-104.257 139.454 441
-105.009 139.454 441
-106 139.77 442
-106.995 140.086 443
-107.751 140.086 443
-108.506 140.086 443
-109.754 140.718 445
-110.761 141.035 446
-111.521 141.035 446
-112.534 141.351 447
-113.549 141.667 448
-114.568 141.983 449
-115.333 141.983 449
-116.616 142.616 451
-117.385 142.616 451
-118.154 142.616 451
-118.922 142.616 451
-119.161 141.983 449
-151.828 166.965 528
-152.728 166.965 528
-153.628 166.965 528
-154.528 166.965 528
-155.428 166.965 528
-156.328 166.965 528
-157.526 167.281 529
-158.428 167.281 529
-159.33 167.281 529
-160.232 167.281 529
-161.133 167.281 529
-162.035 167.281 529
-162.937 167.281 529
-163.839 167.281 529
-164.741 167.281 529
-165.643 167.281 529
-166.23 166.965 528
-793.163 695.054 2198
-800.173 697.9 2207
-803.936 697.9 2207
-807.698 697.9 2207
-811.46 697.9 2207
-816.331 698.849 2210
-820.098 698.849 2210
-823.866 698.849 2210
-825.386 696.951 2204
-829.144 696.951 2204
-832.901 696.951 2204
-830.964 692.208 2189
-832.789 690.627 2184
-836.512 690.627 2184
-837.927 688.73 2178
-841.64 688.73 2178
-843.024 686.832 2172
-846.727 686.832 2172
-850.43 686.832 2172
-854.132 686.832 2172
-854.676 684.303 2164
-858.365 684.303 2164
-862.054 684.303 2164
-866.943 685.251 2167
-870.637 685.251 2167
-877.559 687.781 2175
-881.267 687.781 2175
-884.975 687.781 2175
-888.683 687.781 2175
-892.39 687.781 2175
-894.862 686.832 2172
-897.324 685.884 2169
-901.022 685.884 2169
-904.719 685.884 2169
-907.579 685.251 2167
-910.012 684.303 2164
-912.434 683.354 2161
-916.118 683.354 2161
-918.525 682.405 2158
-922.204 682.405 2158
-924.596 681.457 2155
-927.408 680.824 2153
-931.078 680.824 2153
-933.446 679.876 2150
-937.111 679.876 2150
-940.776 679.876 2150
-943.124 678.927 2147
-945.461 677.978 2144
-948.231 677.346 2142
-950.549 676.397 2139
-951.519 674.5 2133
-955.155 674.5 2133
-957.892 673.867 2131
-961.525 673.867 2131
-963.799 672.919 2128
-962.426 669.44 2117
-963.753 667.859 2112
-967.354 667.859 2112
-969.575 666.91 2109
-970.863 665.329 2104
-973.061 664.381 2101
-976.642 664.381 2101
-978.824 663.432 2098
-981.464 662.8 2096
-982.688 661.218 2091
-986.252 661.218 2091
-988.397 660.27 2088
-990.531 659.321 2085
-993.132 658.689 2083
-996.683 658.689 2083
-996.392 656.159 2075
-995.111 652.997 2065
-996.213 651.416 2060
-999.725 651.416 2060
-999.341 648.886 2052
-997.952 645.724 2042
-997.509 643.194 2034
-1000.98 643.194 2034
-1003.46 642.561 2032
-1004.44 640.98 2027
-1006.9 640.348 2025
-1010.36 640.348 2025
-1008.8 637.186 2015
-1009.73 635.605 2010
-1009.62 633.391 2003
-1013.04 633.391 2003
-1013.92 631.81 1998
-1016.3 631.177 1996
-1017.15 629.596 1991
-1020.55 629.596 1991
-1021.37 628.015 1986
727.202 1286.05 4089
720.231 1286.05 4089
713.261 1286.05 4089
701.108 1276.62 4059
689.229 1267.5 4030
682.359 1267.5 4030
667.443 1252.4 3982
657.502 1246.42 3963
644.507 1234.47 3925
637.816 1234.47 3925
631.124 1234.47 3925
624.433 1234.47 3925
625.139 1249.25 3972
618.368 1249.25 3972
611.597 1249.25 3972
604.826 1249.25 3972
593.838 1240.45 3944
581.607 1228.81 3907
574.947 1228.81 3907
568.286 1228.81 3907
555.157 1214.66 3862
546.016 1209 3844
539.463 1209 3844
-10.0928 146.879 467
-10.8889 146.879 467
-11.685 146.879 467
-12.4811 146.879 467
-13.2773 146.879 467
-14.0131 146.25 465
-14.8058 146.25 465
-15.565 145.935 464
-16.356 145.935 464
-17.147 145.935 464
-17.8993 145.62 463
-18.6886 145.62 463
-19.4359 145.306 462
-20.2234 145.306 462
-30.2672 133.983 426
-30.9934 133.983 426
-31.7196 133.983 426
-32.4458 133.983 426
-33.172 133.983 426
-33.6595 133.04 423
-34.2181 132.411 421
-34.7698 131.782 419
-35.4841 131.782 419
-36.1984 131.782 419
-36.8246 131.467 418
-37.4474 131.153 417
-38.1583 131.153 417
-38.8691 131.153 417
-39.4851 130.838 416
-40.001 130.209 414
-40.6085 129.895 413
-41.3125 129.895 413
-41.9149 129.58 412
-42.6172 129.58 412
-43.3196 129.58 412
-44.0219 129.58 412
-44.6157 129.266 411
-45.2061 128.951 410
-45.9051 128.951 410
-46.604 128.951 410
-47.1876 128.637 409
-47.8848 128.637 409
-48.5821 128.637 409
-49.2793 128.637 409
-49.8544 128.322 408
-50.5499 128.322 408
-51.1198 128.008 407
-51.8137 128.008 407
-52.5075 128.008 407
-53.2013 128.008 407
-53.8952 128.008 407
-54.589 128.008 407
-55.2828 128.008 407
-55.9767 128.008 407
-56.6705 128.008 407
-57.3643 128.008 407
-58.0582 128.008 407
-58.752 128.008 407
-59.4458 128.008 407
-60.1397 128.008 407
-60.8335 128.008 407
-61.5273 128.008 407
-62.2212 128.008 407
-62.915 128.008 407
-63.6088 128.008 407
-64.3027 128.008 407
-64.9965 128.008 407
-65.6903 128.008 407
-66.3842 128.008 407
-67.2428 128.322 408
-67.9383 128.322 408
-68.6339 128.322 408
-69.3294 128.322 408
-70.1966 128.637 409
-71.0672 128.951 410
-71.7661 128.951 410
-72.465 128.951 410
-73.164 128.951 410
-74.0431 129.266 411
-74.7437 129.266 411
-75.4444 129.266 411
-76.3303 129.58 412
-77.4066 130.209 414
-78.1124 130.209 414
-79.1989 130.838 416
-80.2923 131.467 418
-81.5862 132.411 421
-82.3039 132.411 421
-83.6132 133.354 424
-84.5349 133.669 425
-85.2595 133.669 425
-86.3886 134.298 427
-87.3206 134.612 428
-88.0502 134.612 428
-88.7798 134.612 428
-89.7186 134.927 429
-90.8716 135.556 431
-91.6063 135.556 431
-92.5553 135.871 432
-93.5077 136.185 433
-94.6812 136.814 435
-95.4228 136.814 435
-96.3854 137.129 436
-97.3515 137.443 437
-98.3209 137.758 438
-99.2938 138.072 439
-100.042 138.072 439
-101.02 138.387 440
-101.77 138.387 440
-102.753 138.701 441
-103.505 138.701 441
-104.493 139.016 442
-105.247 139.016 442
-106.24 139.33 443
-107.237 139.645 444
-108.237 139.959 445
-108.996 139.959 445
-110.001 140.274 446
-111.01 140.588 447
-111.772 140.588 447
-112.785 140.903 448
-113.802 141.217 449
-115.078 141.846 451
-115.847 141.846 451
-116.875 142.161 452
-118.166 142.79 454
-119.202 143.104 455
-119.977 143.104 455
-120.753 143.104 455
-151.828 166.064 528
-152.728 166.064 528
-153.628 166.064 528
-154.528 166.064 528
-155.428 166.064 528
-156.328 166.064 528
-157.228 166.064 528
-158.129 166.064 528
-159.33 166.378 529
-160.232 166.378 529
-161.133 166.378 529
-162.035 166.378 529
-162.937 166.378 529
-163.839 166.378 529
-164.741 166.378 529
-165.643 166.378 529
-793.163 691.304 2198
-799.086 693.191 2204
-802.843 693.191 2204
-807.698 694.135 2207
-811.46 694.135 2207
-816.331 695.078 2210
-820.098 695.078 2210
-823.866 695.078 2210
-825.386 693.191 2204
-829.144 693.191 2204
-832.901 693.191 2204
-830.964 688.474 2189
-832.789 686.901 2184
-836.512 686.901 2184
-837.927 685.014 2178
-841.64 685.014 2178
-843.024 683.127 2172
-846.727 683.127 2172
-850.43 683.127 2172
-854.132 683.127 2172
-854.676 680.611 2164
-858.365 680.611 2164
-862.054 680.611 2164
-866.943 681.554 2167
-870.637 681.554 2167
-877.559 684.07 2175
-881.267 684.07 2175
-884.975 684.07 2175
-888.683 684.07 2175
-892.39 684.07 2175
-894.862 683.127 2172
-897.324 682.183 2169
-901.022 682.183 2169
-904.719 682.183 2169
-907.579 681.554 2167
-910.012 680.611 2164
-912.434 679.667 2161
-916.118 679.667 2161
-918.525 678.724 2158
-922.204 678.724 2158
-924.596 677.78 2155
-927.408 677.151 2153
-931.078 677.151 2153
-933.446 676.207 2150
-937.111 676.207 2150
-940.776 676.207 2150
-943.124 675.264 2147
-945.461 674.32 2144
-948.231 673.691 2142
-950.549 672.748 2139
-950.627 670.232 2131
-952.916 669.288 2128
-956.544 669.288 2128
-960.171 669.288 2128
-961.082 667.401 2122
-960.153 664.256 2112
-958.734 660.796 2101
-962.316 660.796 2101
-965.897 660.796 2101
-967.172 659.224 2096
-968.429 657.651 2091
-971.994 657.651 2091
-974.159 656.707 2088
-977.718 656.707 2088
-977.518 654.191 2080
-981.064 654.191 2080
-983.663 653.562 2078
-987.206 653.562 2078
-989.318 652.619 2075
-992.855 652.619 2075
-992.551 650.103 2067
-992.701 647.901 2060
-992.344 645.385 2052
-995.842 645.385 2052
-995.445 642.869 2044
-993.065 639.095 2032
-994.076 637.522 2027
-997.532 637.522 2027
-1000.99 637.522 2027
-1004.44 637.522 2027
-1004.42 635.32 2020
-1007.86 635.32 2020
-1006.3 632.175 2010
-1008.72 631.546 2008
-1008.11 629.03 2000
-1011.52 629.03 2000
-1012.9 627.772 1996
-1014.78 626.828 1993
-1017.15 626.199 1991
-1020.55 626.199 1991
-1018.8 623.054 1981
727.202 1279.08 4089
720.231 1279.08 4089
713.261 1279.08 4089
701.108 1269.69 4059
690.768 1263.44 4039
683.883 1263.44 4039
665.767 1242.48 3972
655.843 1236.53 3953
644.507 1227.78 3925
637.816 1227.78 3925
631.124 1227.78 3925
633.502 1245.61 3982
634.268 1260.62 4030
630.356 1266.56 4049
623.453 1266.56 4049
616.551 1266.56 4049
603.776 1254.36 4010
596.94 1254.36 4010
583.187 1239.66 3963
568.286 1222.14 3907
-9.33649 146.707 469
-10.136 146.707 469
-10.9355 146.707 469
-11.7351 146.707 469
-12.5079 146.395 468
-13.3057 146.395 468
-14.0734 146.082 467
-14.8058 145.456 465
-15.5985 145.456 465
-16.3912 145.456 465
-17.1839 145.456 465
-17.938 145.143 464
-18.729 145.143 464
-19.4359 144.518 462
-20.2234 144.518 462
-30.2672 133.257 426
-30.9934 133.257 426
-31.7196 133.257 426
-32.4458 133.257 426
-33.172 133.257 426
-33.6595 132.318 423
-34.2181 131.693 421
-34.7698 131.067 419
-35.4841 131.067 419
-36.1984 131.067 419
-36.8246 130.754 418
-37.4474 130.441 417
-38.1583 130.441 417
-38.8691 130.441 417
-39.4851 130.129 416
-40.001 129.503 414
-40.6085 129.19 413
-41.3125 129.19 413
-41.9149 128.877 412
-42.6172 128.877 412
-43.3196 128.877 412
-44.0219 128.877 412
-44.6157 128.564 411
-45.3164 128.564 411
-45.9051 128.252 410
-46.604 128.252 410
-47.303 128.252 410
-47.8848 127.939 409
-48.5821 127.939 409
-49.2793 127.939 409
-49.9766 127.939 409
-50.5499 127.626 408
-51.2454 127.626 408
-51.941 127.626 408
-52.5075 127.313 407
-53.2013 127.313 407
-53.8952 127.313 407
-54.589 127.313 407
-55.2828 127.313 407
-55.9767 127.313 407
-56.6705 127.313 407
-57.3643 127.313 407
-58.0582 127.313 407
-58.8964 127.626 408
-59.5919 127.626 408
-60.2874 127.626 408
-60.983 127.626 408
-61.6785 127.626 408
-62.374 127.626 408
-63.0696 127.626 408
-63.7651 127.626 408
-64.4607 127.626 408
-65.1562 127.626 408
-65.8517 127.626 408
-66.5473 127.626 408
-67.2428 127.626 408
-67.9383 127.626 408
-68.8021 127.939 409
-69.4993 127.939 409
-70.3682 128.252 410
-71.0672 128.252 410
-71.7661 128.252 410
-72.465 128.252 410
-73.3424 128.564 411
-74.0431 128.564 411
-74.9256 128.877 412
-75.628 128.877 412
-76.5156 129.19 413
-77.4066 129.503 414
-78.1124 129.503 414
-79.5797 130.754 418
-81.4448 132.631 424
-82.1676 132.631 424
-82.8904 132.631 424
-83.8104 132.944 425
-84.7338 133.257 426
-85.4601 133.257 426
-86.5909 133.882 428
-87.5246 134.195 429
-88.2559 134.195 429
-89.1947 134.508 430
-90.1369 134.821 431
-91.0824 135.133 432
-91.8189 135.133 432
-92.7696 135.446 433
-93.7237 135.759 434
-94.8989 136.385 436
-95.6421 136.385 436
-96.6065 136.698 437
-97.5742 137.01 438
-98.3209 137.01 438
-99.2938 137.323 439
-100.042 137.323 439
-101.02 137.636 440
-101.77 137.636 440
-102.753 137.949 441
-103.505 137.949 441
-104.493 138.262 442
-105.247 138.262 442
-106.24 138.574 443
-107.237 138.887 444
-108.237 139.2 445
-108.996 139.2 445
-110.001 139.513 446
-111.01 139.826 447
-111.772 139.826 447
-112.785 140.138 448
-113.802 140.451 449
-115.078 141.077 451
-115.847 141.077 451
-116.875 141.39 452
-118.166 142.015 454
-119.202 142.328 455
-119.977 142.328 455
-120.753 142.328 455
-151.828 165.163 528
-152.728 165.163 528
-153.628 165.163 528
-154.528 165.163 528
-155.428 165.163 528
-156.328 165.163 528
-157.526 165.476 529
-158.428 165.476 529
-159.33 165.476 529
-160.232 165.476 529
-161.133 165.476 529
-162.035 165.476 529
-162.937 165.476 529
-163.839 165.476 529
-164.741 165.476 529
-165.643 165.476 529
-793.163 687.554 2198
-796.91 687.554 2198
-800.657 687.554 2198
-806.6 689.431 2204
-810.357 689.431 2204
-814.115 689.431 2204
-817.872 689.431 2204
-821.629 689.431 2204
-820.893 685.677 2192
-824.629 685.677 2192
-827.232 684.739 2189
-829.066 683.175 2184
-830.501 681.298 2178
-834.214 681.298 2178
-834.465 678.483 2169
-838.162 678.483 2169
-843.024 679.421 2172
-846.727 679.421 2172
-850.43 679.421 2172
-849.807 675.98 2161
-853.491 675.98 2161
-858.365 676.919 2164
-862.054 676.919 2164
-865.743 676.919 2164
-870.637 677.857 2167
-876.349 679.421 2172
-880.051 679.421 2172
-883.754 679.421 2172
-887.457 679.421 2172
-891.16 679.421 2172
-893.626 678.483 2169
-897.324 678.483 2169
-901.022 678.483 2169
-904.719 678.483 2169
-906.323 676.919 2164
-908.75 675.98 2161
-912.434 675.98 2161
-914.846 675.042 2158
-918.525 675.042 2158
-920.922 674.103 2155
-924.596 674.103 2155
-927.408 673.478 2153
-929.781 672.539 2150
-932.143 671.601 2147
-935.804 671.601 2147
-939.464 671.601 2147
-941.806 670.662 2144
-944.579 670.037 2142
-948.231 670.037 2142
-947.883 667.221 2133
-950.627 666.596 2131
-952.916 665.657 2128
-956.544 665.657 2128
-960.171 665.657 2128
-961.082 663.781 2122
-960.153 660.653 2112
-958.734 657.212 2101
-962.316 657.212 2101
-965.897 657.212 2101
-967.172 655.648 2096
-968.429 654.083 2091
-971.994 654.083 2091
-974.159 653.145 2088
-977.718 653.145 2088
-977.518 650.643 2080
-981.064 650.643 2080
-983.663 650.017 2078
-987.206 650.017 2078
-989.318 649.079 2075
-992.855 649.079 2075
-992.551 646.576 2067
-992.701 644.386 2060
-992.344 641.884 2052
-995.842 641.884 2052
-995.445 639.382 2044
-990.621 634.064 2027
-993.096 633.438 2025
-996.548 633.438 2025
-1000 633.438 2025
-1001.97 632.5 2022
-1002.93 630.936 2017
-1006.36 630.936 2017
-1005.3 628.12 2008
-1006.21 626.556 2003
-1006.09 624.367 1996
-1009.5 624.367 1996
-1011.38 623.428 1993
-1013.76 622.803 1991
-1014.6 621.239 1986
-1017.98 621.239 1986
-1018.8 619.675 1981
727.202 1272.1 4089
720.231 1272.1 4089
713.261 1272.1 4089
702.835 1265.88 4069
690.768 1256.54 4039
683.883 1256.54 4039
665.767 1235.7 3972
655.843 1229.79 3953
644.507 1221.08 3925
639.441 1224.19 3935
632.732 1224.19 3935
633.502 1238.81 3982
637.258 1259.66 4049
630.356 1259.66 4049
623.453 1259.66 4049
616.551 1259.66 4049
609.648 1259.66 4049
602.745 1259.66 4049
583.187 1232.9 3963
-8.53696 145.907 469
-9.33649 145.907 469
-10.136 145.907 469
-10.9355 145.907 469
-11.7351 145.907 469
-12.5079 145.596 468
-13.3057 145.596 468
-14.0734 145.285 467
-14.8058 144.663 465
-15.5985 144.663 465
-16.3912 144.663 465
-17.1839 144.663 465
-17.938 144.352 464
-18.729 144.352 464
-19.52 144.352 464
-20.311 144.352 464
-30.9934 132.53 426
-31.7196 132.53 426
-32.4458 132.53 426
-33.172 132.53 426
-33.8187 132.219 425
-34.3807 131.597 423
-34.7698 130.352 419
-35.4841 130.352 419
-36.1984 130.352 419
-36.8246 130.041 418
-37.4474 129.73 417
-38.1583 129.73 417
-38.8691 129.73 417
-39.4851 129.419 416
-40.001 128.797 414
-40.6085 128.485 413
-41.3125 128.485 413
-41.9149 128.174 412
-42.6172 128.174 412
-43.3196 128.174 412
-44.0219 128.174 412
-44.6157 127.863 411
-45.3164 127.863 411
-45.9051 127.552 410
-46.604 127.552 410
-47.303 127.552 410
-47.8848 127.241 409
-48.5821 127.241 409
-49.2793 127.241 409
-49.9766 127.241 409
-50.5499 126.93 408
-51.2454 126.93 408
-51.941 126.93 408
-52.5075 126.619 407
-53.2013 126.619 407
-53.8952 126.619 407
-54.589 126.619 407
-55.2828 126.619 407
-55.9767 126.619 407
-56.6705 126.619 407
-57.3643 126.619 407
-58.0582 126.619 407
-58.8964 126.93 408
-59.5919 126.93 408
-60.2874 126.93 408
-60.983 126.93 408
-61.6785 126.93 408
-62.374 126.93 408
-63.0696 126.93 408
-63.7651 126.93 408
-64.4607 126.93 408
-65.1562 126.93 408
-65.8517 126.93 408
-66.5473 126.93 408
-67.2428 126.93 408
-68.1049 127.241 409
-68.8021 127.241 409
-69.4993 127.241 409
-70.3682 127.552 410
-71.0672 127.552 410
-71.9411 127.863 411
-72.6418 127.863 411
-73.3424 127.863 411
-74.0431 127.863 411
-74.9256 128.174 412
-75.628 128.174 412
-76.5156 128.485 413
-77.4066 128.797 414
-78.1124 128.797 414
-79.5797 130.041 418
-81.6369 132.219 425
-82.3614 132.219 425
-83.2814 132.53 426
-84.0076 132.53 426
-84.9328 132.841 427
-85.6607 132.841 427
-86.7932 133.463 429
-87.7286 133.774 430
-88.4616 133.774 430
-89.4021 134.085 431
-90.346 134.396 432
-91.2933 134.708 433
-92.0314 134.708 433
-92.9838 135.019 434
-93.9397 135.33 435
-94.8989 135.641 436
-95.6421 135.641 436
-96.8275 136.263 438
-97.797 136.574 439
-98.5454 136.574 439
-99.2938 136.574 439
-100.27 136.885 440
-101.25 137.196 441
-102.002 137.196 441
-102.753 137.196 441
-103.74 137.507 442
-104.73 137.819 443
-105.485 137.819 443
-106.48 138.13 444
-107.478 138.441 445
-108.48 138.752 446
-109.241 138.752 446
-110.247 139.063 447
-111.258 139.374 448
-112.022 139.374 448
-113.289 139.996 450
-114.056 139.996 450
-115.333 140.618 452
-116.104 140.618 452
-117.392 141.241 454
-118.426 141.552 455
-119.202 141.552 455
-120.505 142.174 457
-121.284 142.174 457
-122.063 142.174 457
-151.828 164.262 528
-152.728 164.262 528
-153.628 164.262 528
-154.528 164.262 528
-155.428 164.262 528
-156.328 164.262 528
-157.526 164.573 529
-158.428 164.573 529
-159.33 164.573 529
-160.232 164.573 529
-161.133 164.573 529
-162.035 164.573 529
-162.937 164.573 529
-163.839 164.573 529
-164.741 164.573 529
-803.064 695.626 2236
-806.876 695.626 2236
-810.688 695.626 2236
-805.028 687.537 2210
-808.796 687.537 2210
-812.563 687.537 2210
-816.331 687.537 2210
-817.872 685.671 2204
-821.629 685.671 2204
-825.386 685.671 2204
-819.362 677.582 2178
-821.942 676.649 2175
-823.372 674.782 2169
-827.07 674.782 2169
-830.767 674.782 2169
-833.695 674.16 2167
-837.389 674.16 2167
-838.755 672.293 2161
-842.439 672.293 2161
-846.123 672.293 2161
-848.627 671.36 2158
-850.331 669.804 2153
-854.001 669.804 2153
-857.672 669.804 2153
-863.342 671.36 2158
-869.432 673.227 2164
-873.121 673.227 2164
-878.026 674.16 2167
-881.72 674.16 2167
-885.414 674.16 2167
-889.108 674.16 2167
-892.802 674.16 2167
-896.496 674.16 2167
-900.191 674.16 2167
-903.885 674.16 2167
-906.323 673.227 2164
-907.488 671.36 2158
-911.167 671.36 2158
-914.846 671.36 2158
-918.525 671.36 2158
-920.067 669.804 2153
-923.737 669.804 2153
-926.116 668.871 2150
-928.483 667.938 2147
-932.143 667.938 2147
-935.804 667.938 2147
-938.151 667.005 2144
-940.927 666.382 2142
-943.256 665.449 2139
-946.902 665.449 2139
-947.883 663.582 2133
-949.288 662.027 2128
-952.916 662.027 2128
-956.544 662.027 2128
-957.464 660.16 2122
-960.176 659.538 2120
-955.152 653.627 2101
-957.365 652.694 2098
-960.025 652.072 2096
-962.219 651.138 2093
-963.48 649.583 2088
-964.724 648.027 2083
-968.275 648.027 2083
-969.493 646.472 2078
-971.631 645.538 2075
-973.758 644.605 2072
-977.291 644.605 2072
-979.876 643.983 2070
-983.405 643.983 2070
-986.934 643.983 2070
-990.463 643.983 2070
-990.15 641.494 2062
-988.846 638.383 2052
-988.476 635.894 2044
-991.96 635.894 2044
-992.036 633.717 2037
-990.621 630.606 2027
-993.096 629.983 2025
-996.548 629.983 2025
-1000 629.983 2025
-1001.97 629.05 2022
-1002.93 627.494 2017
-1006.36 627.494 2017
-1005.3 624.695 2008
-1006.21 623.139 2003
-1006.09 620.961 1996
-1009.5 620.961 1996
-1011.38 620.028 1993
-1013.76 619.406 1991
-1014.6 617.85 1986
-1017.98 617.85 1986
-1018.8 616.295 1981
727.202 1265.12 4089
720.231 1265.12 4089
713.261 1265.12 4089
702.835 1258.94 4069
690.768 1249.65 4039
683.883 1249.65 4039
665.767 1228.92 3972
651.198 1214.38 3925
644.507 1214.38 3925
639.441 1217.48 3935
632.732 1217.48 3935
633.502 1232.02 3982
637.258 1252.75 4049
630.356 1252.75 4049
623.453 1252.75 4049
616.551 1252.75 4049
609.648 1252.75 4049
602.745 1252.75 4049
583.187 1226.14 3963
-8.53696 145.107 469
-9.33649 145.107 469
-10.136 145.107 469
-10.9355 145.107 469
-11.7351 145.107 469
-12.5079 144.798 468
-13.3057 144.798 468
-14.0734 144.488 467
-14.8058 143.869 465
-15.5985 143.869 465
-16.3912 143.869 465
-17.1839 143.869 465
-17.9766 143.869 465
-18.729 143.56 464
-19.52 143.56 464
-20.311 143.56 464
-21.0565 143.251 463
-21.7986 142.941 462
-22.4885 142.322 460
-23.2726 142.322 460
-23.9522 141.704 458
-24.733 141.704 458
-25.4581 141.394 457
-26.2371 141.394 457
-26.8389 140.466 454
-27.6128 140.466 454
-30.9934 131.803 426
-31.7196 131.803 426
-32.4458 131.803 426
-33.172 131.803 426
-33.8983 131.803 426
-34.3807 130.875 423
-34.7698 129.637 419
-35.4841 129.637 419
-36.1984 129.637 419
-36.8246 129.328 418
-37.4474 129.018 417
-38.1583 129.018 417
-38.7759 128.709 416
-39.3902 128.4 415
-40.001 128.09 414
-40.5102 127.471 412
-41.2125 127.471 412
-41.9149 127.471 412
-42.6172 127.471 412
-43.3196 127.471 412
-44.0219 127.471 412
-44.6157 127.162 411
-45.3164 127.162 411
-46.017 127.162 411
-46.7177 127.162 411
-47.303 126.853 410
-48.0019 126.853 410
-48.7009 126.853 410
-49.3998 126.853 410
-50.0988 126.853 410
-50.6738 126.543 409
-51.371 126.543 409
-52.0683 126.543 409
-52.6365 126.234 408
-53.4628 126.543 409
-54.16 126.543 409
-54.8573 126.543 409
-55.4187 126.234 408
-56.1142 126.234 408
-56.8097 126.234 408
-57.5053 126.234 408
-58.2008 126.234 408
-58.8964 126.234 408
-59.5919 126.234 408
-60.2874 126.234 408
-60.983 126.234 408
-61.6785 126.234 408
-62.374 126.234 408
-63.0696 126.234 408
-63.7651 126.234 408
-64.4607 126.234 408
-65.1562 126.234 408
-65.8517 126.234 408
-66.5473 126.234 408
-67.2428 126.234 408
-68.1049 126.543 409
-68.8021 126.543 409
-69.4993 126.543 409
-70.3682 126.853 410
-71.0672 126.853 410
-71.9411 127.162 411
-72.6418 127.162 411
-73.3424 127.162 411
-74.0431 127.162 411
-74.9256 127.471 412
-75.628 127.471 412
-76.5156 127.781 413
-77.2196 127.781 413
-77.9237 127.781 413
-79.5797 129.328 418
-81.829 131.803 426
-82.5552 131.803 426
-83.2814 131.803 426
-84.2048 132.112 427
-85.1317 132.422 428
-85.8613 132.422 428
-86.9956 133.041 430
-87.7286 133.041 430
-88.4616 133.041 430
-89.4021 133.35 431
-90.346 133.659 432
-91.2933 133.969 433
-92.0314 133.969 433
-92.9838 134.278 434
-94.1556 134.897 436
-95.1165 135.206 437
-95.8615 135.206 437
-97.0486 135.825 439
-97.797 135.825 439
-98.5454 135.825 439
-99.52 136.135 440
-100.27 136.135 440
-101.25 136.444 441
-102.002 136.444 441
-102.986 136.753 442
-104.209 137.372 444
-105.203 137.682 445
-105.961 137.682 445
-106.96 137.991 446
-107.72 137.991 446
-108.48 137.991 446
-109.485 138.3 447
-110.494 138.61 448
-111.506 138.919 449
-112.272 138.919 449
-113.289 139.229 450
-114.563 139.847 452
-115.844 140.466 454
-116.618 140.466 454
-117.65 140.776 455
-118.946 141.394 457
-119.726 141.394 457
-120.505 141.394 457
-121.284 141.394 457
-122.063 141.394 457
-151.54 163.052 527
-152.439 163.052 527
-153.628 163.361 528
-154.528 163.361 528
-155.428 163.361 528
-156.328 163.361 528
-157.526 163.671 529
-158.428 163.671 529
-159.33 163.671 529
-160.232 163.671 529
-161.133 163.671 529
-162.035 163.671 529
-162.937 163.671 529
-801.397 693.668 2242
-806.296 694.596 2245
-810.123 694.596 2245
-813.951 694.596 2245
-818.871 695.524 2248
-823.801 696.452 2251
-827.638 696.452 2251
-831.476 696.452 2251
-825.294 688.098 2224
-827.967 687.17 2221
-831.753 687.17 2221
-828.015 680.982 2201
-830.634 680.054 2198
-833.242 679.126 2195
-836.984 679.126 2195
-836.512 675.723 2184
-833.695 670.463 2167
-837.389 670.463 2167
-841.084 670.463 2167
-844.778 670.463 2167
-846.123 668.606 2161
-848.627 667.678 2158
-852.306 667.678 2158
-854.001 666.131 2153
-857.672 666.131 2153
-861.342 666.131 2153
-867.021 667.678 2158
-870.7 667.678 2158
-876.81 669.535 2164
-880.499 669.535 2164
-884.188 669.535 2164
-887.877 669.535 2164
-891.566 669.535 2164
-895.255 669.535 2164
-898.944 669.535 2164
-902.633 669.535 2164
-905.066 668.606 2161
-907.488 667.678 2158
-911.167 667.678 2158
-914.846 667.678 2158
-917.248 666.75 2155
-920.067 666.131 2153
-923.737 666.131 2153
-926.116 665.203 2150
-928.483 664.275 2147
-930.841 663.347 2144
-934.496 663.347 2144
-938.151 663.347 2144
-939.61 661.8 2139
-943.256 661.8 2139
-946.902 661.8 2139
-946.994 659.325 2131
-947.95 657.468 2125
-950.229 656.54 2122
-953.847 656.54 2122
-956.562 655.921 2120
-958.817 654.993 2117
-953.788 649.114 2098
-957.365 649.114 2098
-958.651 647.567 2093
-959.921 646.02 2088
-961.173 644.473 2083
-962.408 642.926 2078
-965.951 642.926 2078
-966.694 641.07 2072
-969.29 640.451 2070
-971.409 639.523 2067
-974.932 639.523 2067
-977.509 638.904 2065
-981.03 638.904 2065
-983.12 637.976 2062
-986.635 637.976 2062
-985.348 634.882 2052
-984.027 631.788 2042
-985.09 630.241 2037
-988.563 630.241 2037
-987.165 627.147 2027
-987.2 624.981 2020
-990.643 624.981 2020
-994.087 624.981 2020
-997.531 624.981 2020
-999.488 624.053 2017
-998.451 621.269 2008
-1001.87 621.269 2008
-1002.79 619.722 2003
-1002.69 617.556 1996
-1003.57 616.009 1991
-1006.97 616.009 1991
-1010.36 616.009 1991
-1008.67 612.915 1981
-1012.04 612.915 1981
-1015.42 612.915 1981
-1016.74 611.677 1977
727.202 1258.15 4089
720.231 1258.15 4089
713.261 1258.15 4089
702.835 1251.99 4069
689.229 1239.99 4030
682.359 1239.99 4030
662.582 1216.3 3953
651.198 1207.69 3925
644.507 1207.69 3925
639.441 1210.76 3935
632.732 1210.76 3935
633.502 1225.22 3982
637.258 1245.84 4049
630.356 1245.84 4049
623.453 1245.84 4049
616.551 1245.84 4049
609.648 1245.84 4049
602.745 1245.84 4049
-6.93791 144.307 469
-7.73744 144.307 469
-8.53696 144.307 469
-9.33649 144.307 469
-10.136 144.307 469
-10.9355 144.307 469
-11.7351 144.307 469
-12.5079 143.999 468
-13.3057 143.999 468
-14.0734 143.692 467
-14.8058 143.076 465
-15.5985 143.076 465
-16.3912 143.076 465
-17.1839 143.076 465
-17.9766 143.076 465
-18.729 142.768 464
-19.52 142.768 464
-20.311 142.768 464
-21.0565 142.461 463
-21.7986 142.153 462
-22.4885 141.538 460
-23.2726 141.538 460
-23.9522 140.922 458
-24.733 140.922 458
-25.4581 140.615 457
-26.2371 140.615 457
-26.8389 139.692 454
-27.6736 139.999 455
-28.4493 139.999 455
-29.225 139.999 455
-30.9934 131.076 426
-31.7196 131.076 426
-32.4458 131.076 426
-33.172 131.076 426
-33.8983 131.076 426
-34.3807 130.153 423
-34.7698 128.922 419
-35.4841 128.922 419
-36.1984 128.922 419
-36.8246 128.615 418
-37.4474 128.307 417
-38.1583 128.307 417
-38.7759 127.999 416
-39.3902 127.692 415
-40.001 127.384 414
-40.5102 126.769 412
-41.2125 126.769 412
-41.9149 126.769 412
-42.6172 126.769 412
-43.3196 126.769 412
-44.0219 126.769 412
-44.7243 126.769 412
-45.3164 126.461 411
-46.017 126.461 411
-46.7177 126.461 411
-47.4183 126.461 411
-48.119 126.461 411
-48.7009 126.153 410
-49.3998 126.153 410
-50.0988 126.153 410
-50.7977 126.153 410
-51.371 125.845 409
-52.0683 125.845 409
-52.7655 125.845 409
-53.4628 125.845 409
-54.16 125.845 409
-54.8573 125.845 409
-55.5545 125.845 409
-56.2517 125.845 409
-56.949 125.845 409
-57.6462 125.845 409
-58.3435 125.845 409
-59.0407 125.845 409
-59.7379 125.845 409
-60.4352 125.845 409
-61.1324 125.845 409
-61.8297 125.845 409
-62.5269 125.845 409
-63.2242 125.845 409
-63.9214 125.845 409
-64.4607 125.538 408
-65.1562 125.538 408
-66.0131 125.845 409
-66.7104 125.845 409
-67.4076 125.845 409
-68.1049 125.845 409
-68.9703 126.153 410
-69.6693 126.153 410
-70.3682 126.153 410
-71.2405 126.461 411
-71.9411 126.461 411
-72.6418 126.461 411
-73.3424 126.461 411
-74.2232 126.769 412
-74.9256 126.769 412
-75.628 126.769 412
-76.3303 126.769 412
-81.829 131.076 426
-82.5552 131.076 426
-83.2814 131.076 426
-84.2048 131.384 427
-85.1317 131.692 428
-85.8613 131.692 428
-86.9956 132.307 430
-87.7286 132.307 430
-88.4616 132.307 430
-89.4021 132.615 431
-90.346 132.922 432
-91.2933 133.23 433
-92.0314 133.23 433
-92.9838 133.538 434
-94.1556 134.153 436
-95.1165 134.461 437
-95.8615 134.461 437
-97.0486 135.076 439
-97.797 135.076 439
-98.5454 135.076 439
-99.52 135.384 440
-100.27 135.384 440
-101.25 135.692 441
-102.002 135.692 441
-103.452 136.615 444
-104.444 136.922 445
-105.203 136.922 445
-106.199 137.23 446
-107.199 137.538 447
-108.203 137.845 448
-108.967 137.845 448
-109.73 137.845 448
-110.987 138.461 450
-112.251 139.076 452
-113.022 139.076 452
-114.044 139.384 453
-115.07 139.692 454
-115.844 139.692 454
-117.131 140.307 456
-118.167 140.615 457
-119.467 141.23 459
-120.249 141.23 459
-121.032 141.23 459
-121.814 141.23 459
-122.597 141.23 459
-151.54 162.153 527
-152.439 162.153 527
-153.337 162.153 527
-154.235 162.153 527
-155.428 162.461 528
-156.328 162.461 528
-157.526 162.768 529
-158.428 162.768 529
-159.33 162.768 529
-160.232 162.768 529
-161.133 162.768 529
-162.035 162.768 529
-162.937 162.768 529
-801.397 689.842 2242
-806.296 690.766 2245
-810.123 690.766 2245
-813.951 690.766 2245
-818.871 691.689 2248
-823.801 692.612 2251
-827.638 692.612 2251
-831.476 692.612 2251
-825.294 684.304 2224
-827.967 683.381 2221
-831.753 683.381 2221
-828.015 677.227 2201
-830.634 676.304 2198
-833.242 675.381 2195
-836.984 675.381 2195
-836.512 671.996 2184
-833.695 666.766 2167
-837.389 666.766 2167
-841.084 666.766 2167
-844.778 666.766 2167
-846.123 664.919 2161
-848.627 663.996 2158
-852.306 663.996 2158
-854.001 662.458 2153
-857.672 662.458 2153
-861.342 662.458 2153
-867.021 663.996 2158
-870.7 663.996 2158
-876.81 665.843 2164
-880.499 665.843 2164
-884.188 665.843 2164
-887.877 665.843 2164
-891.566 665.843 2164
-895.255 665.843 2164
-898.944 665.843 2164
-902.633 665.843 2164
-905.066 664.919 2161
-907.488 663.996 2158
-911.167 663.996 2158
-914.846 663.996 2158
-917.248 663.073 2155
-920.067 662.458 2153
-923.737 662.458 2153
-926.116 661.535 2150
-928.483 660.612 2147
-930.841 659.689 2144
-934.496 659.689 2144
-938.151 659.689 2144
-939.61 658.15 2139
-943.256 658.15 2139
-946.902 658.15 2139
-946.994 655.689 2131
-946.612 652.92 2122
-949.334 652.304 2120
-952.948 652.304 2120
-955.208 651.381 2117
-953.835 647.997 2106
-952.879 644.92 2096
-956.452 644.92 2096
-956.361 642.458 2088
-957.622 640.92 2083
-957.482 638.458 2075
-958.703 636.92 2070
-962.232 636.92 2070
-961.095 633.843 2060
-964.607 633.843 2060
-964.359 631.381 2052
-967.857 631.381 2052
-969.935 630.458 2049
-972.478 629.843 2047
-975.968 629.843 2047
-979.458 629.843 2047
-980.546 628.304 2042
-976.799 623.689 2027
-976.869 621.535 2020
-980.313 621.535 2020
-979.86 619.074 2012
-982.313 618.458 2010
-982.306 616.304 2003
-985.721 616.304 2003
-989.136 616.304 2003
-992.55 616.304 2003
-995.965 616.304 2003
-999.38 616.304 2003
-1000.29 614.766 1998
-1000.18 612.612 1991
-1002.06 611.689 1988
-1005.45 611.689 1988
-1006.81 610.458 1984
-1007.65 608.92 1979
-1011.02 608.92 1979
-1014.39 608.92 1979
-1015.2 607.381 1974
714.947 1241.99 4059
708.028 1241.99 4059
701.108 1241.99 4059
671.271 1200.99 3925
664.58 1200.99 3925
657.889 1200.99 3925
649.705 1198.24 3916
643.029 1198.24 3916
636.353 1198.24 3916
-6.93791 143.507 469
-7.73744 143.507 469
-8.53696 143.507 469
-9.33649 143.507 469
-10.136 143.507 469
-10.9355 143.507 469
-11.71 143.201 468
-12.5079 143.201 468
-13.3057 143.201 468
-14.0432 142.589 466
-14.8058 142.283 465
-15.5985 142.283 465
-16.3912 142.283 465
-17.1839 142.283 465
-17.9766 142.283 465
-18.7694 142.283 465
-19.5621 142.283 465
-20.311 141.977 464
-21.102 141.977 464
-21.8458 141.671 463
-22.6351 141.671 463
-23.3738 141.365 462
-24.0568 140.753 460
-24.733 140.141 458
-25.5138 140.141 458
-26.2945 140.141 458
-27.0162 139.835 457
-27.7345 139.529 456
-28.4493 139.223 455
-29.225 139.223 455
-31.7196 130.349 426
-32.4458 130.349 426
-33.172 130.349 426
-33.8983 130.349 426
-34.3807 129.431 423
-34.7698 128.208 419
-35.4841 128.208 419
-36.1984 128.208 419
-36.8246 127.902 418
-37.3576 127.29 416
-38.0668 127.29 416
-38.7759 127.29 416
-39.3902 126.984 415
-39.9044 126.372 413
-40.5102 126.066 412
-41.2125 126.066 412
-41.9149 126.066 412
-42.6172 126.066 412
-43.3196 126.066 412
-44.0219 126.066 412
-44.7243 126.066 412
-45.4267 126.066 412
-46.017 125.76 411
-46.7177 125.76 411
-47.4183 125.76 411
-48.119 125.76 411
-48.8196 125.76 411
-49.5203 125.76 411
-50.221 125.76 411
-50.7977 125.454 410
-51.4967 125.454 410
-52.1956 125.454 410
-52.8945 125.454 410
-53.5935 125.454 410
-54.2924 125.454 410
-54.9914 125.454 410
-55.6903 125.454 410
-56.3893 125.454 410
-57.0882 125.454 410
-57.7872 125.454 410
-58.4861 125.454 410
-59.1851 125.454 410
-59.884 125.454 410
-60.583 125.454 410
-61.2819 125.454 410
-61.9809 125.454 410
-62.6798 125.454 410
-63.3787 125.454 410
-64.0777 125.454 410
-64.7766 125.454 410
-65.4756 125.454 410
-66.1745 125.454 410
-66.8735 125.454 410
-67.5724 125.454 410
-68.4379 125.76 411
-69.1385 125.76 411
-69.8392 125.76 411
-70.5398 125.76 411
-71.2405 125.76 411
-72.1162 126.066 412
-72.8185 126.066 412
-73.5209 126.066 412
-74.2232 126.066 412
-74.9256 126.066 412
-77.0965 128.514 420
-78.3683 129.431 423
-79.0894 129.431 423
-79.8105 129.431 423
-81.1027 130.349 426
-81.829 130.349 426
-82.5552 130.349 426
-83.4769 130.655 427
-84.2048 130.655 427
-85.1317 130.961 428
-85.8613 130.961 428
-86.9956 131.573 430
-87.9326 131.879 431
-88.6674 131.879 431
-89.4021 131.879 431
-90.5551 132.491 433
-91.5041 132.797 434
-92.244 132.797 434
-93.1981 133.103 435
-94.3716 133.715 437
-95.1165 133.715 437
-96.0809 134.021 438
-97.0486 134.327 439
-98.0198 134.633 440
-98.7699 134.633 440
-99.52 134.633 440
-100.498 134.939 441
-101.479 135.245 442
-102.233 135.245 442
-103.452 135.857 444
-104.444 136.163 445
-105.203 136.163 445
-106.199 136.469 446
-107.199 136.775 447
-108.203 137.081 448
-108.967 137.081 448
-109.73 137.081 448
-110.987 137.693 450
-112.251 138.305 452
-113.022 138.305 452
-114.044 138.611 453
-115.07 138.917 454
-115.844 138.917 454
-117.131 139.529 456
-118.167 139.835 457
-119.467 140.447 459
-120.249 140.447 459
-121.032 140.447 459
-121.814 140.447 459
-122.597 140.447 459
-148.607 160.03 523
-149.498 160.03 523
-151.54 161.254 527
-152.439 161.254 527
-153.337 161.254 527
-154.235 161.254 527
-155.428 161.56 528
-156.328 161.56 528
-157.526 161.866 529
-158.428 161.866 529
-159.33 161.866 529
-160.232 161.866 529
-161.133 161.866 529
-162.035 161.866 529
-162.937 161.866 529
-803.542 687.853 2248
-807.374 687.853 2248
-813.371 689.689 2254
-817.214 689.689 2254
-821.056 689.689 2254
-824.899 689.689 2254
-828.741 689.689 2254
-832.584 689.689 2254
-835.313 688.771 2251
-829.085 680.51 2224
-832.876 680.51 2224
-833.282 677.756 2215
-830.634 672.554 2198
-833.242 671.636 2195
-836.984 671.636 2195
-838.427 669.8 2189
-839.081 667.352 2181
-840.481 665.516 2175
-844.189 665.516 2175
-844.778 663.068 2167
-848.472 663.068 2167
-848.627 660.315 2158
-852.306 660.315 2158
-854.001 658.785 2153
-856.477 657.867 2150
-860.142 657.867 2150
-865.012 658.785 2153
-868.683 658.785 2153
-873.163 659.397 2155
-879.278 661.233 2161
-882.962 661.233 2161
-886.646 661.233 2161
-890.33 661.233 2161
-894.014 661.233 2161
-897.698 661.233 2161
-901.382 661.233 2161
-903.81 660.315 2158
-906.227 659.397 2155
-909.901 659.397 2155
-913.574 659.397 2155
-915.12 657.867 2150
-918.785 657.867 2150
-922.45 657.867 2150
-923.531 656.031 2144
-927.186 656.031 2144
-929.973 655.419 2142
-933.624 655.419 2142
-935.963 654.501 2139
-939.61 654.501 2139
-939.728 652.053 2131
-943.361 652.053 2131
-945.661 651.135 2128
-946.612 649.299 2122
-949.334 648.687 2120
-952.948 648.687 2120
-955.208 647.769 2117
-953.835 644.403 2106
-952.879 641.344 2096
-956.452 641.344 2096
-956.361 638.896 2088
-957.622 637.366 2083
-957.482 634.918 2075
-958.703 633.388 2070
-962.232 633.388 2070
-961.095 630.328 2060
-964.607 630.328 2060
-964.359 627.88 2052
-967.857 627.88 2052
-969.935 626.962 2049
-972.478 626.35 2047
-975.968 626.35 2047
-979.458 626.35 2047
-980.546 624.82 2042
-976.799 620.231 2027
-976.869 618.089 2020
-980.313 618.089 2020
-979.86 615.641 2012
-978.892 612.887 2003
-979.854 611.357 1998
-983.26 611.357 1998
-986.667 611.357 1998
-990.073 611.357 1998
-993.479 611.357 1998
-996.885 611.357 1998
-996.786 609.215 1991
-997.669 607.685 1986
-1000.05 607.073 1984
-1003.43 607.073 1984
-1004.27 605.543 1979
-1005.1 604.013 1974
-1007.44 603.401 1972
-1010.81 603.401 1972
-1013.14 602.79 1970
714.947 1235.07 4059
708.028 1235.07 4059
701.108 1235.07 4059
671.271 1194.29 3925
664.58 1194.29 3925
657.889 1194.29 3925
649.705 1191.55 3916
643.029 1191.55 3916
636.353 1191.55 3916
-6.93791 142.707 469
-7.73744 142.707 469
-8.53696 142.707 469
-9.33649 142.707 469
-10.136 142.707 469
-10.9355 142.707 469
-11.71 142.402 468
-12.5079 142.402 468
-13.3057 142.402 468
-14.0432 141.794 466
-14.8377 141.794 466
-15.5985 141.489 465
-16.3912 141.489 465
-17.1839 141.489 465
-17.9766 141.489 465
-18.7694 141.489 465
-19.5621 141.489 465
-20.3548 141.489 465
-21.102 141.185 464
-21.893 141.185 464
-22.684 141.185 464
-23.4244 140.881 463
-24.1614 140.577 462
-24.841 139.968 460
-25.5138 139.36 458
-26.2945 139.36 458
-27.0162 139.055 457
-27.7345 138.751 456
-28.5118 138.751 456
-29.2892 138.751 456
-32.7827 128.101 421
-33.8187 129.318 425
-34.5432 129.318 425
-35.2677 129.318 425
-35.6535 128.101 421
-36.2848 127.797 420
-36.8246 127.188 418
-37.8837 125.971 414
-38.5895 125.971 414
-39.2953 125.971 414
-39.9044 125.667 413
-40.5102 125.363 412
-41.2125 125.363 412
-41.9149 125.363 412
-42.6172 125.363 412
-43.3196 125.363 412
-44.0219 125.363 412
-44.7243 125.363 412
-45.4267 125.363 412
-46.017 125.058 411
-46.7177 125.058 411
-47.4183 125.058 411
-48.119 125.058 411
-48.8196 125.058 411
-49.5203 125.058 411
-50.221 125.058 411
-50.7977 124.754 410
-51.4967 124.754 410
-52.1956 124.754 410
-52.8945 124.754 410
-53.5935 124.754 410
-54.2924 124.754 410
-54.9914 124.754 410
-55.6903 124.754 410
-56.3893 124.754 410
-57.0882 124.754 410
-57.7872 124.754 410
-58.4861 124.754 410
-59.1851 124.754 410
-60.0301 125.058 411
-60.7307 125.058 411
-61.4314 125.058 411
-62.132 125.058 411
-62.8327 125.058 411
-63.5333 125.058 411
-64.0777 124.754 410
-64.7766 124.754 410
-65.4756 124.754 410
-66.1745 124.754 410
-66.8735 124.754 410
-67.7372 125.058 411
-68.4379 125.058 411
-69.1385 125.058 411
-69.8392 125.058 411
-70.5398 125.058 411
-71.4138 125.363 412
-72.1162 125.363 412
-72.8185 125.363 412
-73.5209 125.363 412
-75.6645 127.797 420
-76.3805 127.797 420
-77.6471 128.71 423
-78.5535 129.014 424
-79.2763 129.014 424
-80.1878 129.318 425
-81.1027 129.623 426
-81.829 129.623 426
-82.5552 129.623 426
-83.4769 129.927 427
-84.2048 129.927 427
-85.1317 130.231 428
-86.0619 130.535 429
-86.9956 130.84 430
-87.9326 131.144 431
-88.6674 131.144 431
-89.6095 131.448 432
-90.5551 131.753 433
-91.715 132.361 435
-92.4565 132.361 435
-93.4123 132.665 436
-94.5875 133.274 438
-95.3342 133.274 438
-96.3002 133.578 439
-97.2697 133.883 440
-98.2425 134.187 441
-98.9943 134.187 441
-99.7461 134.187 441
-100.726 134.491 442
-101.709 134.795 443
-102.464 134.795 443
-103.685 135.404 445
-104.679 135.708 446
-105.439 135.708 446
-106.437 136.012 447
-107.439 136.317 448
-108.444 136.621 449
-109.21 136.621 449
-110.22 136.925 450
-111.727 137.838 453
-112.748 138.142 454
-113.522 138.142 454
-114.548 138.447 455
-115.577 138.751 456
-116.354 138.751 456
-117.902 139.664 459
-118.943 139.968 460
-119.727 139.968 460
-120.511 139.968 460
-121.823 140.577 462
-122.611 140.577 462
-123.398 140.577 462
-124.186 140.577 462
-148.607 159.138 523
-149.498 159.138 523
-150.965 159.746 525
-152.149 160.05 526
-153.337 160.355 527
-154.235 160.355 527
-155.428 160.659 528
-156.328 160.659 528
-157.526 160.963 529
-158.428 160.963 529
-159.33 160.963 529
-160.232 160.963 529
-161.133 160.963 529
-162.035 160.963 529
-162.937 160.963 529
-803.542 684.018 2248
-809.529 685.844 2254
-813.371 685.844 2254
-817.214 685.844 2254
-821.056 685.844 2254
-824.899 685.844 2254
-828.741 685.844 2254
-832.584 685.844 2254
-835.313 684.931 2251
-829.085 676.715 2224
-832.876 676.715 2224
-833.282 673.977 2215
-830.634 668.804 2198
-833.242 667.891 2195
-836.984 667.891 2195
-838.427 666.066 2189
-839.081 663.631 2181
-840.481 661.806 2175
-844.189 661.806 2175
-845.557 659.98 2169
-848.472 659.371 2167
-848.627 656.633 2158
-852.306 656.633 2158
-854.001 655.112 2153
-856.477 654.199 2150
-857.741 652.373 2144
-865.012 655.112 2153
-868.683 655.112 2153
-873.163 655.72 2155
-876.837 655.72 2155
-880.511 655.72 2155
-884.185 655.72 2155
-887.858 655.72 2155
-891.532 655.72 2155
-895.206 655.72 2155
-898.88 655.72 2155
-901.716 655.112 2153
-904.124 654.199 2150
-907.79 654.199 2150
-908.911 652.373 2144
-912.566 652.373 2144
-916.221 652.373 2144
-919.876 652.373 2144
-921.377 650.852 2139
-923.726 649.939 2136
-927.368 649.939 2136
-931.009 649.939 2136
-933.338 649.026 2133
-936.095 648.417 2131
-938.405 647.505 2128
-942.033 647.505 2128
-942.994 645.679 2122
-943.043 643.245 2114
-944.408 641.723 2109
-948.003 641.723 2109
-949.342 640.202 2104
-951.571 639.289 2101
-950.606 636.246 2091
-954.171 636.246 2091
-951.781 632.291 2078
-951.646 629.856 2070
-953.79 628.944 2067
-957.314 628.944 2067
-957.584 626.814 2060
-957.363 624.379 2052
-960.861 624.379 2052
-962.009 622.858 2047
-965.499 622.858 2047
-967.569 621.945 2044
-970.103 621.337 2042
-969.77 618.902 2034
-973.237 618.902 2034
-973.343 616.772 2027
-973.426 614.642 2020
-973 612.208 2012
-976.43 612.208 2012
-977.912 610.991 2008
-978.892 609.47 2003
-979.854 607.948 1998
-983.26 607.948 1998
-986.667 607.948 1998
-990.073 607.948 1998
-993.479 607.948 1998
-996.885 607.948 1998
-996.786 605.818 1991
-997.669 604.297 1986
-1000.05 603.688 1984
-1003.43 603.688 1984
-1004.27 602.167 1979
-1005.1 600.646 1974
-1007.44 600.037 1972
-1010.81 600.037 1972
-1013.14 599.429 1970
-6.93791 141.906 469
-7.73744 141.906 469
-8.53696 141.906 469
-9.33649 141.906 469
-10.136 141.906 469
-10.9355 141.906 469
-11.71 141.604 468
-12.5079 141.604 468
-13.3057 141.604 468
-14.0432 140.999 466
-14.8377 140.999 466
-15.6321 140.999 466
-16.4265 140.999 466
-17.2209 140.999 466
-17.9766 140.696 465
-18.7694 140.696 465
-19.5621 140.696 465
-20.3548 140.696 465
-21.102 140.394 464
-21.893 140.394 464
-22.684 140.394 464
-23.4244 140.091 463
-24.2137 140.091 463
-24.895 139.486 461
-25.5695 138.881 459
-26.352 138.881 459
-27.0753 138.578 458
-27.7953 138.276 457
-28.5118 137.973 456
-29.2892 137.973 456
-33.8187 128.593 425
-34.5432 128.593 425
-35.2677 128.593 425
-35.7382 127.686 422
-36.4576 127.686 422
-39.8078 124.66 412
-40.5102 124.66 412
-41.2125 124.66 412
-41.9149 124.66 412
-42.6172 124.66 412
-43.3196 124.66 412
-44.0219 124.66 412
-44.7243 124.66 412
-45.4267 124.66 412
-46.129 124.66 412
-46.8314 124.66 412
-47.5337 124.66 412
-48.2361 124.66 412
-48.9384 124.66 412
-49.6408 124.66 412
-50.221 124.357 411
-50.9216 124.357 411
-51.6223 124.357 411
-52.3229 124.357 411
-53.0236 124.357 411
-53.7242 124.357 411
-54.4249 124.357 411
-55.1255 124.357 411
-55.8262 124.357 411
-56.5268 124.357 411
-57.2275 124.357 411
-57.9281 124.357 411
-58.6288 124.357 411
-59.3294 124.357 411
-60.0301 124.357 411
-60.7307 124.357 411
-61.4314 124.357 411
-62.132 124.357 411
-62.8327 124.357 411
-63.5333 124.357 411
-64.0777 124.055 410
-64.7766 124.055 410
-65.4756 124.055 410
-66.1745 124.055 410
-66.8735 124.055 410
-67.7372 124.357 411
-68.4379 124.357 411
-69.1385 124.357 411
-69.8392 124.357 411
-70.5398 124.357 411
-71.4138 124.66 412
-72.1162 124.66 412
-72.8185 124.66 412
-73.5209 124.66 412
-75.6645 127.08 420
-76.3805 127.08 420
-77.6471 127.988 423
-78.5535 128.291 424
-79.2763 128.291 424
-80.1878 128.593 425
-81.1027 128.896 426
-81.829 128.896 426
-82.5552 128.896 426
-83.4769 129.198 427
-84.5992 129.804 429
-85.3306 129.804 429
-86.2625 130.106 430
-87.1979 130.409 431
-88.1366 130.711 432
-88.8731 130.711 432
-89.817 131.014 433
-90.9734 131.619 435
-91.9258 131.922 436
-92.6691 131.922 436
-93.8408 132.527 438
-94.8035 132.829 439
-95.5518 132.829 439
-96.5196 133.132 440
-97.4907 133.434 441
-98.2425 133.434 441
-98.9943 133.434 441
-99.9723 133.737 442
-100.954 134.04 443
-101.938 134.342 444
-102.695 134.342 444
-103.918 134.947 446
-104.913 135.25 447
-105.675 135.25 447
-106.675 135.552 448
-107.679 135.855 449
-108.928 136.46 451
-109.696 136.46 451
-110.955 137.065 453
-112.221 137.67 455
-112.996 137.67 455
-113.772 137.67 455
-114.799 137.973 456
-116.337 138.881 459
-117.12 138.881 459
-118.673 139.788 462
-119.719 140.091 463
-120.508 140.091 463
-121.559 140.394 464
-122.35 140.394 464
-123.141 140.394 464
-123.932 140.394 464
-125.261 140.999 466
-126.055 140.999 466
-126.85 140.999 466
-148.607 158.245 523
-149.498 158.245 523
-150.678 158.548 524
-151.86 158.85 525
-153.046 159.153 526
-153.943 159.153 526
-155.134 159.456 527
-156.328 159.758 528
-157.526 160.061 529
-158.428 160.061 529
-159.33 160.061 529
-160.232 160.061 529
-161.133 160.061 529
-162.035 160.061 529
-803.542 680.183 2248
-809.529 681.998 2254
-813.371 681.998 2254
-817.214 681.998 2254
-821.056 681.998 2254
-824.899 681.998 2254
-828.741 681.998 2254
-832.584 681.998 2254
-835.313 681.09 2251
-829.085 672.921 2224
-832.876 672.921 2224
-833.282 670.198 2215
-830.634 665.054 2198
-833.242 664.146 2195
-836.984 664.146 2195
-838.427 662.331 2189
-839.081 659.91 2181
-840.481 658.095 2175
-844.189 658.095 2175
-845.557 656.279 2169
-848.472 655.674 2167
-848.627 652.951 2158
-852.306 652.951 2158
-854.001 651.438 2153
-856.477 650.531 2150
-857.741 648.715 2144
-863.807 650.531 2150
-867.472 650.531 2150
-873.163 652.043 2155
-876.837 652.043 2155
-880.511 652.043 2155
-884.185 652.043 2155
-887.858 652.043 2155
-890.705 651.438 2153
-894.375 651.438 2153
-898.045 651.438 2153
-900.459 650.531 2150
-902.863 649.623 2147
-906.523 649.623 2147
-908.911 648.715 2144
-912.566 648.715 2144
-914.084 647.202 2139
-917.731 647.202 2139
-920.085 646.294 2136
-923.726 646.294 2136
-926.065 645.387 2133
-929.701 645.387 2133
-933.338 645.387 2133
-934.778 643.874 2128
-937.082 642.966 2125
-940.705 642.966 2125
-939.439 639.638 2114
-940.813 638.125 2109
-942.169 636.612 2104
-945.756 636.612 2104
-947.989 635.704 2101
-951.571 635.704 2101
-944.696 628.745 2078
-948.238 628.745 2078
-948.117 626.325 2070
-950.266 625.417 2067
-950.56 623.299 2060
-954.072 623.299 2060
-953.865 620.878 2052
-955.03 619.366 2047
-956.179 617.853 2042
-959.66 617.853 2042
-963.141 617.853 2042
-965.202 616.945 2039
-966.302 615.432 2034
-967.863 614.222 2030
-971.323 614.222 2030
-972.383 612.709 2025
-971.016 609.683 2015
-971.066 607.565 2008
-974.489 607.565 2008
-975.477 606.052 2003
-976.448 604.54 1998
-978.874 603.934 1996
-982.276 603.934 1996
-985.679 603.934 1996
-989.082 603.934 1996
-990.993 603.027 1993
-994.39 603.027 1993
-995.284 601.514 1988
-996.664 600.304 1984
-997.526 598.791 1979
-1000.9 598.791 1979
-1003.26 598.186 1977
-1004.08 596.673 1972
-1006.42 596.068 1970
-1009.78 596.068 1970
-1010.57 594.555 1965
-6.93791 141.106 469
-7.73744 141.106 469
-8.53696 141.106 469
-9.33649 141.106 469
-10.136 141.106 469
-10.9355 141.106 469
-11.71 140.805 468
-12.5079 140.805 468
-13.3057 140.805 468
-14.0432 140.204 466
-14.8377 140.204 466
-15.6321 140.204 466
-16.4265 140.204 466
-17.2209 140.204 466
-17.9766 139.903 465
-18.7694 139.903 465
-19.5621 139.903 465
-20.3548 139.903 465
-21.102 139.602 464
-21.893 139.602 464
-22.684 139.602 464
-23.4244 139.301 463
-24.2137 139.301 463
-24.895 138.699 461
-25.5695 138.098 459
-26.352 138.098 459
-27.0753 137.797 458
-27.7953 137.496 457
-28.5743 137.496 457
-29.3534 137.496 457
-30.7645 130.275 433
-31.5027 130.275 433
-32.2408 130.275 433
-32.979 130.275 433
-33.7171 130.275 433
-34.137 129.072 429
-34.8683 129.072 429
-35.5997 129.072 429
-36.2463 128.771 428
-36.7168 127.868 425
-39.8078 123.957 412
-40.5102 123.957 412
-41.3125 124.258 413
-42.0166 124.258 413
-42.7207 124.258 413
-43.4247 124.258 413
-44.1288 124.258 413
-44.7243 123.957 412
-45.4267 123.957 412
-46.129 123.957 412
-46.8314 123.957 412
-47.5337 123.957 412
-48.2361 123.957 412
-48.9384 123.957 412
-49.6408 123.957 412
-50.3431 123.957 412
-51.0455 123.957 412
-51.6223 123.656 411
-52.4502 123.957 412
-53.1526 123.957 412
-53.8549 123.957 412
-54.4249 123.656 411
-55.1255 123.656 411
-55.8262 123.656 411
-56.5268 123.656 411
-57.2275 123.656 411
-57.9281 123.656 411
-58.6288 123.656 411
-59.3294 123.656 411
-60.0301 123.656 411
-60.7307 123.656 411
-61.4314 123.656 411
-62.132 123.656 411
-62.8327 123.656 411
-63.5333 123.656 411
-64.234 123.656 411
-64.9346 123.656 411
-65.6353 123.656 411
-66.3359 123.656 411
-67.0366 123.656 411
-67.7372 123.656 411
-68.4379 123.656 411
-69.3068 123.957 412
-70.0091 123.957 412
-70.7115 123.957 412
-71.4138 123.957 412
-72.1162 123.957 412
-72.8185 123.957 412
-73.5209 123.957 412
-75.6645 126.364 420
-76.926 127.266 423
-77.8307 127.567 424
-78.7388 127.868 425
-79.4633 127.868 425
-80.1878 127.868 425
-81.1027 128.169 426
-81.829 128.169 426
-82.5552 128.169 426
-83.4769 128.47 427
-84.5992 129.072 429
-85.3306 129.072 429
-86.2625 129.372 430
-87.1979 129.673 431
-88.1366 129.974 432
-88.8731 129.974 432
-89.817 130.275 433
-90.9734 130.877 435
-91.9258 131.178 436
-92.6691 131.178 436
-93.8408 131.779 438
-94.8035 132.08 439
-95.5518 132.08 439
-96.5196 132.381 440
-97.4907 132.682 441
-98.2425 132.682 441
-98.9943 132.682 441
-99.9723 132.983 442
-100.954 133.284 443
-101.938 133.585 444
-102.695 133.585 444
-104.151 134.487 447
-104.913 134.487 447
-105.675 134.487 447
-106.914 135.089 449
-108.159 135.691 451
-109.411 136.292 453
-110.183 136.292 453
-111.445 136.894 455
-112.467 137.195 456
-113.245 137.195 456
-114.022 137.195 456
-115.051 137.496 457
-117.097 139 462
-117.885 139 462
-119.186 139.602 464
-119.977 139.602 464
-120.768 139.602 464
-121.559 139.602 464
-122.35 139.602 464
-123.141 139.602 464
-123.932 139.602 464
-126.874 142.009 472
-127.678 142.009 472
-128.483 142.009 472
-148.323 157.052 522
-149.213 157.052 522
-150.39 157.353 523
-151.571 157.654 524
-152.755 157.955 525
-153.65 157.955 525
-155.134 158.557 527
-156.328 158.857 528
-157.526 159.158 529
-158.428 159.158 529
-159.33 159.158 529
-159.929 158.857 528
-160.829 158.857 528
-161.729 158.857 528
-803.542 676.347 2248
-809.529 678.152 2254
-813.371 678.152 2254
-817.214 678.152 2254
-821.056 678.152 2254
-824.899 678.152 2254
-828.741 678.152 2254
-832.584 678.152 2254
-826.407 670.029 2227
-827.967 668.224 2221
-831.753 668.224 2221
-828.015 662.207 2201
-827.232 658.596 2189
-830.964 658.596 2189
-834.696 658.596 2189
-836.512 657.092 2184
-836.773 654.384 2175
-839.322 653.481 2172
-843.024 653.481 2172
-845.557 652.579 2169
-848.472 651.977 2167
-848.627 649.269 2158
-852.306 649.269 2158
-854.001 647.765 2153
-855.282 645.96 2147
-857.741 645.057 2144
-863.807 646.862 2150
-867.472 646.862 2150
-873.163 648.367 2155
-876.837 648.367 2155
-880.511 648.367 2155
-884.185 648.367 2155
-887.858 648.367 2155
-890.705 647.765 2153
-894.375 647.765 2153
-898.045 647.765 2153
-900.459 646.862 2150
-902.863 645.96 2147
-906.523 645.96 2147
-908.911 645.057 2144
-912.566 645.057 2144
-914.084 643.553 2139
-917.731 643.553 2139
-920.085 642.65 2136
-923.726 642.65 2136
-926.065 641.748 2133
-929.701 641.748 2133
-933.338 641.748 2133
-934.778 640.243 2128
-937.082 639.341 2125
-940.705 639.341 2125
-939.439 636.031 2114
-940.813 634.527 2109
-940.826 632.12 2101
-944.407 632.12 2101
-946.635 631.217 2098
-950.212 631.217 2098
-944.696 625.2 2078
-948.238 625.2 2078
-946.743 621.891 2067
-949.347 621.289 2065
-949.176 618.882 2057
-952.682 618.882 2057
-951.541 615.873 2047
-952.697 614.369 2042
-954.774 613.466 2039
-958.25 613.466 2039
-960.782 612.865 2037
-961.888 611.36 2032
-964.402 610.758 2030
-967.863 610.758 2030
-968.931 609.254 2025
-969.982 607.75 2020
-967.643 604.139 2008
-969.615 603.237 2005
-973.033 603.237 2005
-974.016 601.732 2000
-975.471 600.529 1996
-976.421 599.025 1991
-979.816 599.025 1991
-983.21 599.025 1991
-986.604 599.025 1991
-988.506 598.122 1988
-991.895 598.122 1988
-993.282 596.919 1984
-994.152 595.414 1979
-995.006 593.91 1974
-998.371 593.91 1974
-1000.72 593.308 1972
-1001.54 591.804 1967
-1003.87 591.202 1965
-1007.22 591.202 1965
-1009.54 590.6 1963
-6.93791 140.306 469
-7.73744 140.306 469
-8.53696 140.306 469
-9.33649 140.306 469
-10.136 140.306 469
-10.9355 140.306 469
-11.71 140.007 468
-12.5079 140.007 468
-13.3057 140.007 468
-14.0432 139.409 466
-14.8377 139.409 466
-15.6321 139.409 466
-16.4265 139.409 466
-17.2209 139.409 466
-17.9766 139.109 465
-18.7694 139.109 465
-19.5621 139.109 465
-20.3548 139.109 465
-21.102 138.81 464
-21.893 138.81 464
-22.684 138.81 464
-23.4244 138.511 463
-24.2137 138.511 463
-24.895 137.913 461
-25.6809 137.913 461
-26.352 137.314 459
-27.1344 137.314 459
-27.7953 136.716 457
-28.5743 136.716 457
-29.3534 136.716 457
-30.7645 129.536 433
-31.5027 129.536 433
-32.2408 129.536 433
-32.979 129.536 433
-33.7171 129.536 433
-34.137 128.34 429
-34.8683 128.34 429
-35.5997 128.34 429
-36.2463 128.041 428
-36.7168 127.143 425
-40.5102 123.254 412
-41.3125 123.553 413
-42.0166 123.553 413
-42.7207 123.553 413
-43.4247 123.553 413
-44.1288 123.553 413
-44.8328 123.553 413
-45.5369 123.553 413
-46.241 123.553 413
-46.945 123.553 413
-47.6491 123.553 413
-48.3532 123.553 413
-48.9384 123.254 412
-49.6408 123.254 412
-50.3431 123.254 412
-51.0455 123.254 412
-51.7479 123.254 412
-52.4502 123.254 412
-53.1526 123.254 412
-53.8549 123.254 412
-54.5573 123.254 412
-55.2596 123.254 412
-55.962 123.254 412
-56.6643 123.254 412
-57.3667 123.254 412
-58.0691 123.254 412
-58.7714 123.254 412
-59.4738 123.254 412
-60.1761 123.254 412
-60.8785 123.254 412
-61.4314 122.955 411
-62.132 122.955 411
-62.8327 122.955 411
-63.5333 122.955 411
-64.234 122.955 411
-64.9346 122.955 411
-65.6353 122.955 411
-66.3359 122.955 411
-67.0366 122.955 411
-67.7372 122.955 411
-68.6044 123.254 412
-69.3068 123.254 412
-70.0091 123.254 412
-70.7115 123.254 412
-71.4138 123.254 412
-72.1162 123.254 412
-72.8185 123.254 412
-74.4131 124.75 417
-75.124 124.75 417
-77.2898 127.143 425
-78.0143 127.143 425
-78.9241 127.442 426
-79.6503 127.442 426
-80.3765 127.442 426
-81.1027 127.442 426
-82.021 127.741 427
-82.749 127.741 427
-83.8679 128.34 429
-84.7964 128.639 430
-85.5295 128.639 430
-86.6637 129.237 432
-87.4002 129.237 432
-88.3407 129.536 433
-89.0788 129.536 433
-90.0244 129.835 434
-91.1825 130.434 436
-91.9258 130.434 436
-93.0942 131.032 438
-94.0551 131.331 439
-95.0194 131.63 440
-95.7695 131.63 440
-96.739 131.93 441
-97.4907 131.93 441
-98.4653 132.229 442
-99.2188 132.229 442
-100.198 132.528 443
-101.182 132.827 444
-101.938 132.827 444
-102.927 133.126 445
-104.151 133.725 447
-104.913 133.725 447
-105.675 133.725 447
-106.914 134.323 449
-108.159 134.921 451
-109.411 135.52 453
-110.183 135.52 453
-111.445 136.118 455
-112.467 136.417 456
-113.245 136.417 456
-114.022 136.417 456
-115.051 136.716 457
-117.097 138.212 462
-117.885 138.212 462
-119.186 138.81 464
-119.977 138.81 464
-120.768 138.81 464
-121.559 138.81 464
-122.35 138.81 464
-123.141 138.81 464
-123.932 138.81 464
-126.874 141.204 472
-127.678 141.204 472
-128.483 141.204 472
-148.323 156.162 522
-149.213 156.162 522
-150.39 156.461 523
-151.571 156.76 524
-152.755 157.059 525
-153.65 157.059 525
-155.134 157.657 527
-156.328 157.957 528
-157.526 158.256 529
-158.428 158.256 529
-159.33 158.256 529
-159.929 157.957 528
-160.829 157.957 528
-161.729 157.957 528
-807.374 672.512 2248
-811.206 672.512 2248
-815.038 672.512 2248
-813.407 668.025 2233
-816.115 667.127 2230
-819.917 667.127 2230
-823.719 667.127 2230
-825.294 665.332 2224
-820.511 658.451 2201
-824.263 658.451 2201
-821.62 653.366 2184
-825.343 653.366 2184
-829.066 653.366 2184
-832.789 653.366 2184
-833.065 650.673 2175
-835.619 649.776 2172
-839.322 649.776 2172
-843.024 649.776 2172
-844.778 648.28 2167
-848.472 648.28 2167
-848.627 645.588 2158
-852.306 645.588 2158
-854.001 644.092 2153
-855.282 642.297 2147
-857.741 641.399 2144
-863.807 643.194 2150
-867.472 643.194 2150
-873.163 644.69 2155
-876.837 644.69 2155
-880.511 644.69 2155
-884.185 644.69 2155
-887.858 644.69 2155
-890.705 644.092 2153
-894.375 644.092 2153
-898.045 644.092 2153
-900.459 643.194 2150
-902.863 642.297 2147
-906.523 642.297 2147
-908.911 641.399 2144
-912.566 641.399 2144
-914.084 639.904 2139
-917.731 639.904 2139
-920.085 639.006 2136
-922.429 638.109 2133
-925.197 637.51 2131
-928.83 637.51 2131
-932.463 637.51 2131
-934.778 636.613 2128
-935.759 634.818 2122
-939.377 634.818 2122
-938.55 631.826 2112
-940.813 630.929 2109
-940.826 628.535 2101
-944.407 628.535 2101
-946.635 627.638 2098
-950.212 627.638 2098
-944.696 621.655 2078
-948.238 621.655 2078
-946.743 618.364 2067
-949.347 617.766 2065
-949.176 615.372 2057
-952.682 615.372 2057
-951.541 612.381 2047
-952.697 610.885 2042
-954.774 609.987 2039
-958.25 609.987 2039
-960.782 609.389 2037
-961.888 607.893 2032
-964.402 607.295 2030
-967.863 607.295 2030
-968.931 605.799 2025
-969.982 604.303 2020
-967.643 600.714 2008
-969.615 599.816 2005
-973.033 599.816 2005
-974.016 598.32 2000
-973.027 595.628 1991
-974.95 594.73 1988
-978.339 594.73 1988
-981.728 594.73 1988
-985.117 594.73 1988
-986.517 593.534 1984
-989.9 593.534 1984
-991.78 592.636 1981
-993.148 591.44 1977
-993.998 589.944 1972
-997.359 589.944 1972
-999.706 589.345 1970
-1000.52 587.85 1965
-1002.85 587.251 1963
-1006.19 587.251 1963
-1006.97 585.756 1958
-6.93791 139.506 469
-7.73744 139.506 469
-8.53696 139.506 469
-11.66 138.614 466
-12.4544 138.614 466
-13.2488 138.614 466
-14.0432 138.614 466
-14.8377 138.614 466
-15.6321 138.614 466
-16.4265 138.614 466
-17.1839 138.316 465
-17.9766 138.316 465
-18.7694 138.316 465
-19.5621 138.316 465
-20.311 138.019 464
-21.102 138.019 464
-21.893 138.019 464
-22.684 138.019 464
-23.4244 137.721 463
-24.2137 137.721 463
-24.895 137.126 461
-25.6809 137.126 461
-26.352 136.531 459
-27.1344 136.531 459
-27.7953 135.936 457
-28.5743 135.936 457
-29.3534 135.936 457
-30.1325 135.936 457
-30.7645 128.798 433
-31.5027 128.798 433
-32.2408 128.798 433
-32.979 128.798 433
-33.7171 128.798 433
-34.3757 128.5 432
-35.1122 128.5 432
-35.7656 128.203 431
-36.5004 128.203 431
-36.7168 126.418 425
-41.3125 122.849 413
-42.0166 122.849 413
-42.7207 122.849 413
-43.4247 122.849 413
-44.1288 122.849 413
-44.8328 122.849 413
-45.5369 122.849 413
-46.241 122.849 413
-46.945 122.849 413
-47.6491 122.849 413
-48.3532 122.849 413
-48.9384 122.551 412
-49.6408 122.551 412
-50.3431 122.551 412
-51.0455 122.551 412
-51.7479 122.551 412
-52.4502 122.551 412
-53.1526 122.551 412
-53.8549 122.551 412
-54.5573 122.551 412
-55.2596 122.551 412
-55.962 122.551 412
-56.6643 122.551 412
-57.3667 122.551 412
-58.0691 122.551 412
-58.7714 122.551 412
-59.4738 122.551 412
-60.1761 122.551 412
-60.8785 122.551 412
-61.5808 122.551 412
-62.2832 122.551 412
-62.9855 122.551 412
-63.6879 122.551 412
-64.3903 122.551 412
-65.0926 122.551 412
-65.795 122.551 412
-66.4973 122.551 412
-67.1997 122.551 412
-67.902 122.551 412
-68.6044 122.551 412
-69.3068 122.551 412
-70.0091 122.551 412
-70.8831 122.849 413
-71.7605 123.146 414
-72.4663 123.146 414
-73.5255 123.741 416
-75.1269 125.228 421
-75.8446 125.228 421
-77.4716 126.715 426
-78.1978 126.715 426
-78.9241 126.715 426
-79.6503 126.715 426
-80.3765 126.715 426
-81.2931 127.013 427
-82.021 127.013 427
-83.1366 127.608 429
-84.2589 128.203 431
-85.1908 128.5 432
-85.9273 128.5 432
-86.8643 128.798 433
-87.6025 128.798 433
-88.5447 129.095 434
-89.2845 129.095 434
-90.2318 129.393 435
-91.6008 130.285 438
-92.3475 130.285 438
-93.3067 130.582 439
-94.2693 130.88 440
-95.0194 130.88 440
-95.7695 130.88 440
-96.739 131.177 441
-97.4907 131.177 441
-98.4653 131.475 442
-99.2188 131.475 442
-100.425 132.07 444
-101.409 132.367 445
-102.168 132.367 445
-103.158 132.665 446
-104.151 132.962 447
-105.148 133.259 448
-105.912 133.259 448
-107.39 134.152 451
-108.398 134.449 452
-109.411 134.747 453
-110.669 135.342 455
-111.69 135.639 456
-112.467 135.639 456
-113.245 135.639 456
-114.272 135.936 457
-115.051 135.936 457
-117.097 137.424 462
-118.395 138.019 464
-119.443 138.316 465
-120.236 138.316 465
-121.029 138.316 465
-121.821 138.316 465
-122.35 138.019 464
-123.141 138.019 464
-123.932 138.019 464
-126.874 140.398 472
-127.678 140.398 472
-128.483 140.398 472
-129.288 140.398 472
-148.039 154.974 521
-148.927 154.974 521
-150.102 155.271 522
-151.282 155.568 523
-152.464 155.866 524
-153.357 155.866 524
-155.134 156.758 527
-156.328 157.056 528
-157.526 157.353 529
-158.428 157.353 529
-159.33 157.353 529
-159.929 157.056 528
-160.829 157.056 528
-804.711 663.323 2230
-808.512 663.323 2230
-812.314 663.323 2230
-816.115 663.323 2230
-819.917 663.323 2230
-823.719 663.323 2230
-824.18 660.645 2221
-814.173 649.64 2184
-817.897 649.64 2184
-818.234 646.963 2175
-820.808 646.07 2172
-824.511 646.07 2172
-828.213 646.07 2172
-828.852 643.69 2164
-831.387 642.798 2161
-835.071 642.798 2161
-838.755 642.798 2161
-842.439 642.798 2161
-844.948 641.906 2158
-846.661 640.419 2153
-850.331 640.419 2153
-851.621 638.634 2147
-854.086 637.741 2144
-857.741 637.741 2144
-862.602 638.634 2147
-866.262 638.634 2147
-872.353 640.419 2153
-876.023 640.419 2153
-880.511 641.013 2155
-884.185 641.013 2155
-887.858 641.013 2155
-890.705 640.419 2153
-894.375 640.419 2153
-898.045 640.419 2153
-900.459 639.526 2150
-901.601 637.741 2144
-905.256 637.741 2144
-908.911 637.741 2144
-911.715 637.147 2142
-912.802 635.362 2136
-916.444 635.362 2136
-918.793 634.469 2133
-921.564 633.875 2131
-925.197 633.875 2131
-928.83 633.875 2131
-932.463 633.875 2131
-933.46 632.09 2125
-934.878 630.603 2120
-938.492 630.603 2120
-938.55 628.223 2112
-940.813 627.331 2109
-940.826 624.951 2101
-944.407 624.951 2101
-946.635 624.059 2098
-947.041 621.976 2091
-943.332 617.217 2075
-946.87 617.217 2075
-945.827 614.243 2065
-947.048 612.755 2060
-949.176 611.863 2057
-952.682 611.863 2057
-951.541 608.888 2047
-951.298 606.509 2039
-952.432 605.022 2034
-955.9 605.022 2034
-958.424 604.427 2032
-959.521 602.939 2027
-962.027 602.344 2025
-965.479 602.344 2025
-966.538 600.857 2020
-967.581 599.37 2015
-966.197 596.395 2005
-967.197 594.908 2000
-970.607 594.908 2000
-973.042 594.313 1998
-973.027 592.231 1991
-974.95 591.339 1988
-978.339 591.339 1988
-981.728 591.339 1988
-985.117 591.339 1988
-986.517 590.149 1984
-989.9 590.149 1984
-991.78 589.256 1981
-993.148 588.067 1977
-993.998 586.579 1972
-997.359 586.579 1972
-999.706 585.984 1970
-1000.52 584.497 1965
-1002.85 583.902 1963
-1006.19 583.902 1963
-1006.97 582.415 1958
-11.66 137.819 466
-12.4544 137.819 466
-13.2488 137.819 466
-14.0432 137.819 466
-14.8377 137.819 466
-15.6321 137.819 466
-16.4265 137.819 466
-17.1839 137.523 465
-17.9766 137.523 465
-18.7694 137.523 465
-19.5621 137.523 465
-20.3548 137.523 465
-21.102 137.227 464
-21.893 137.227 464
-22.684 137.227 464
-23.4244 136.931 463
-24.2137 136.931 463
-24.895 136.34 461
-25.6809 136.34 461
-26.352 135.748 459
-27.1344 135.748 459
-27.7953 135.157 457
-28.5743 135.157 457
-29.3534 135.157 457
-30.1325 135.157 457
-30.641 133.974 453
-30.2344 128.946 436
-30.9777 128.946 436
-31.5754 128.355 434
-32.3153 128.355 434
-33.0551 128.355 434
-33.7171 128.059 433
-34.3757 127.763 432
-35.1122 127.763 432
-35.8486 127.763 432
-36.5004 127.467 431
-41.3125 122.144 413
-42.0166 122.144 413
-42.7207 122.144 413
-43.4247 122.144 413
-44.1288 122.144 413
-44.8328 122.144 413
-45.5369 122.144 413
-46.241 122.144 413
-46.945 122.144 413
-47.6491 122.144 413
-48.3532 122.144 413
-49.0572 122.144 413
-49.7613 122.144 413
-50.4653 122.144 413
-51.1694 122.144 413
-51.8735 122.144 413
-52.5775 122.144 413
-53.2816 122.144 413
-53.9856 122.144 413
-54.6897 122.144 413
-55.3938 122.144 413
-55.962 121.848 412
-56.6643 121.848 412
-57.3667 121.848 412
-58.0691 121.848 412
-58.7714 121.848 412
-59.4738 121.848 412
-60.1761 121.848 412
-60.8785 121.848 412
-61.5808 121.848 412
-62.2832 121.848 412
-62.9855 121.848 412
-63.6879 121.848 412
-64.3903 121.848 412
-65.0926 121.848 412
-65.795 121.848 412
-66.4973 121.848 412
-67.1997 121.848 412
-67.902 121.848 412
-68.6044 121.848 412
-69.3068 121.848 412
-70.0091 121.848 412
-70.8831 122.144 413
-71.7605 122.44 414
-72.4663 122.44 414
-73.5255 123.031 416
-75.1269 124.51 421
-75.8446 124.51 421
-77.4716 125.989 426
-78.1978 125.989 426
-78.9241 125.989 426
-79.6503 125.989 426
-80.5652 126.284 427
-81.6739 126.876 429
-82.4052 126.876 429
-83.5241 127.467 431
-84.4544 127.763 432
-85.388 128.059 433
-86.1262 128.059 433
-87.0649 128.355 434
-87.8048 128.355 434
-88.7487 128.65 435
-89.4903 128.65 435
-90.8541 129.538 438
-91.8099 129.833 439
-92.5583 129.833 439
-93.3067 129.833 439
-94.2693 130.129 440
-95.2354 130.425 441
-95.9872 130.425 441
-96.739 130.425 441
-97.7118 130.721 442
-98.4653 130.721 442
-99.6678 131.312 444
-100.651 131.608 445
-101.637 131.904 446
-102.398 131.904 446
-103.389 132.199 447
-104.384 132.495 448
-105.617 133.087 450
-106.385 133.087 450
-107.628 133.678 452
-108.878 134.27 454
-109.652 134.27 454
-110.669 134.565 455
-111.69 134.861 456
-112.714 135.157 457
-113.493 135.157 457
-114.272 135.157 457
-115.555 135.748 459
-116.337 135.748 459
-118.651 137.523 465
-119.443 137.523 465
-120.753 138.114 467
-121.549 138.114 467
-122.345 138.114 467
-122.878 137.819 466
-123.672 137.819 466
-123.932 137.227 464
-126.874 139.593 472
-127.678 139.593 472
-128.483 139.593 472
-129.288 139.593 472
-150.102 154.38 522
-150.992 154.38 522
-152.464 154.972 524
-153.357 154.972 524
-154.545 155.268 525
-156.328 156.155 528
-157.526 156.451 529
-158.428 156.451 529
-159.33 156.451 529
-160.232 156.451 529
-160.829 156.155 528
-792.648 652.716 2207
-804.711 659.518 2230
-808.512 659.518 2230
-812.314 659.518 2230
-816.115 659.518 2230
-819.917 659.518 2230
-823.719 659.518 2230
-824.18 656.856 2221
-814.173 645.913 2184
-817.897 645.913 2184
-818.234 643.252 2175
-820.808 642.365 2172
-824.511 642.365 2172
-828.213 642.365 2172
-828.852 639.999 2164
-831.387 639.111 2161
-835.071 639.111 2161
-838.755 639.111 2161
-842.439 639.111 2161
-844.948 638.224 2158
-846.661 636.745 2153
-850.331 636.745 2153
-851.621 634.971 2147
-854.086 634.084 2144
-857.741 634.084 2144
-862.602 634.971 2147
-866.262 634.971 2147
-871.137 635.858 2150
-876.023 636.745 2153
-879.694 636.745 2153
-883.364 636.745 2153
-887.034 636.745 2153
-890.705 636.745 2153
-894.375 636.745 2153
-896.794 635.858 2150
-899.203 634.971 2147
-900.76 633.492 2142
-904.412 633.492 2142
-908.063 633.492 2142
-911.715 633.492 2142
-912.802 631.718 2136
-916.444 631.718 2136
-918.793 630.83 2133
-921.564 630.239 2131
-923.894 629.352 2128
-927.522 629.352 2128
-931.15 629.352 2128
-932.142 627.577 2122
-934.878 626.986 2120
-938.492 626.986 2120
-937.217 623.732 2109
-938.582 622.254 2104
-939.482 620.479 2098
-943.059 620.479 2098
-943.477 618.409 2091
-942.059 615.156 2080
-938.786 610.719 2065
-942.306 610.719 2065
-943.536 609.241 2060
-944.75 607.762 2055
-945.484 605.987 2049
-948.977 605.987 2049
-949.216 603.917 2042
-950.365 602.439 2037
-951.496 600.96 2032
-954.96 600.96 2032
-956.066 599.481 2027
-957.154 598.002 2022
-960.601 598.002 2022
-964.048 598.002 2022
-964.146 595.932 2015
-964.22 593.862 2008
-963.788 591.496 2000
-967.197 591.496 2000
-969.636 590.904 1998
-970.607 589.426 1993
-970.584 587.355 1986
-973.969 587.355 1986
-977.355 587.355 1986
-979.753 586.764 1984
-983.135 586.764 1984
-986.517 586.764 1984
-987.405 585.285 1979
-989.777 584.694 1977
-990.636 583.215 1972
-992.989 582.623 1970
-996.348 582.623 1970
-997.169 581.145 1965
-997.973 579.666 1960
-1000.29 579.074 1958
-1003.63 579.074 1958
-1005.94 578.483 1956
-15.5985 136.729 465
-16.3912 136.729 465
-17.1839 136.729 465
-17.9766 136.729 465
-18.7694 136.729 465
-19.5621 136.729 465
-20.3548 136.729 465
-21.102 136.435 464
-21.893 136.435 464
-22.684 136.435 464
-23.4244 136.141 463
-24.2137 136.141 463
-24.895 135.553 461
-25.6809 135.553 461
-26.352 134.965 459
-27.1344 134.965 459
-27.7953 134.377 457
-28.5743 134.377 457
-29.3534 134.377 457
-30.1325 134.377 457
-30.641 133.201 453
-31.2746 132.613 451
-32.0434 132.613 451
-32.6667 132.025 449
-32.4642 128.202 436
-33.1313 127.908 435
-33.795 127.614 434
-34.4553 127.32 433
-35.1934 127.32 433
-35.9316 127.32 433
-36.5851 127.026 432
-37.3215 127.026 432
-38.058 127.026 432
-41.3125 121.439 413
-42.0166 121.439 413
-42.7207 121.439 413
-43.4247 121.439 413
-44.1288 121.439 413
-44.8328 121.439 413
-45.5369 121.439 413
-46.241 121.439 413
-46.945 121.439 413
-47.6491 121.439 413
-48.3532 121.439 413
-49.0572 121.439 413
-49.7613 121.439 413
-50.4653 121.439 413
-51.1694 121.439 413
-51.8735 121.439 413
-52.5775 121.439 413
-53.2816 121.439 413
-53.9856 121.439 413
-54.6897 121.439 413
-55.3938 121.439 413
-56.0978 121.439 413
-56.8019 121.439 413
-57.5059 121.439 413
-58.21 121.439 413
-58.9141 121.439 413
-59.6181 121.439 413
-60.3222 121.439 413
-61.0262 121.439 413
-61.5808 121.145 412
-62.2832 121.145 412
-63.1384 121.439 413
-63.8425 121.439 413
-64.5466 121.439 413
-65.2506 121.439 413
-65.9547 121.439 413
-66.6587 121.439 413
-67.3628 121.439 413
-68.0669 121.439 413
-68.7709 121.439 413
-69.475 121.439 413
-70.349 121.733 414
-71.0547 121.733 414
-72.1072 122.321 416
-72.8163 122.321 416
-74.0557 123.204 419
-75.6623 124.674 424
-76.3851 124.674 424
-77.4716 125.262 426
-78.1978 125.262 426
-78.9241 125.262 426
-79.6503 125.262 426
-80.5652 125.556 427
-81.6739 126.144 429
-82.4052 126.144 429
-83.5241 126.732 431
-84.4544 127.026 432
-85.388 127.32 433
-86.1262 127.32 433
-87.0649 127.614 434
-87.8048 127.614 434
-88.7487 127.908 435
-89.4903 127.908 435
-90.8541 128.79 438
-91.8099 129.084 439
-92.5583 129.084 439
-93.3067 129.084 439
-94.2693 129.378 440
-95.2354 129.672 441
-95.9872 129.672 441
-96.739 129.672 441
-97.7118 129.966 442
-98.4653 129.966 442
-99.6678 130.555 444
-100.651 130.849 445
-101.637 131.143 446
-102.398 131.143 446
-103.389 131.437 447
-104.617 132.025 449
-105.617 132.319 450
-106.857 132.907 452
-108.104 133.495 454
-109.358 134.083 456
-110.135 134.083 456
-110.913 134.083 456
-111.935 134.377 457
-112.961 134.671 458
-113.741 134.671 458
-114.772 134.965 459
-116.813 136.435 464
-117.604 136.435 464
-118.906 137.023 466
-119.957 137.318 467
-120.753 137.318 467
-121.549 137.318 467
-122.345 137.318 467
-122.878 137.023 466
-123.672 137.023 466
-123.932 136.435 464
-126.874 138.788 472
-127.678 138.788 472
-128.483 138.788 472
-129.288 138.788 472
-152.173 153.784 523
-153.065 153.784 523
-154.545 154.372 525
-156.328 155.254 528
-157.228 155.254 528
-158.428 155.548 529
-159.33 155.548 529
-160.232 155.548 529
-160.524 154.96 527
-792.648 648.95 2207
-803.628 654.831 2227
-807.424 654.831 2227
-812.314 655.713 2230
-816.115 655.713 2230
-819.917 655.713 2230
-820.394 653.067 2221
-818.985 648.95 2207
-810.818 639.541 2175
-814.526 639.541 2175
-815.977 637.777 2169
-817.785 636.307 2164
-821.474 636.307 2164
-825.163 636.307 2164
-826.554 634.542 2158
-830.233 634.542 2158
-832.752 633.66 2155
-836.426 633.66 2155
-840.1 633.66 2155
-842.99 633.072 2153
-844.301 631.308 2147
-847.961 631.308 2147
-849.638 629.838 2142
-852.095 628.955 2139
-857.741 630.426 2144
-863.807 632.19 2150
-867.472 632.19 2150
-871.137 632.19 2150
-876.023 633.072 2153
-879.694 633.072 2153
-883.364 633.072 2153
-887.034 633.072 2153
-890.705 633.072 2153
-894.375 633.072 2153
-896.794 632.19 2150
-899.203 631.308 2147
-900.76 629.838 2142
-904.412 629.838 2142
-908.063 629.838 2142
-911.715 629.838 2142
-912.802 628.073 2136
-916.444 628.073 2136
-918.793 627.191 2133
-921.564 626.603 2131
-923.894 625.721 2128
-927.522 625.721 2128
-931.15 625.721 2128
-932.142 623.957 2122
-934.878 623.369 2120
-938.492 623.369 2120
-937.217 620.134 2109
-937.244 617.782 2101
-936.348 614.841 2091
-939.912 614.841 2091
-942.123 613.959 2088
-939.795 610.137 2075
-932.876 603.374 2052
-936.374 603.374 2052
-939.872 603.374 2052
-941.072 601.904 2047
-942.254 600.433 2042
-945.735 600.433 2042
-946.892 598.963 2037
-948.965 598.081 2034
-949.155 596.023 2027
-952.61 596.023 2027
-955.122 595.435 2025
-956.208 593.964 2020
-958.226 593.082 2017
-961.664 593.082 2017
-961.754 591.024 2010
-961.819 588.966 2003
-962.824 587.496 1998
-966.23 587.496 1998
-967.21 586.025 1993
-967.198 583.967 1986
-969.606 583.379 1984
-972.989 583.379 1984
-973.91 581.909 1979
-977.284 581.909 1979
-980.658 581.909 1979
-984.031 581.909 1979
-986.407 581.321 1977
-988.275 580.439 1974
-989.631 579.262 1970
-992.989 579.262 1970
-993.819 577.792 1965
-996.154 577.204 1963
-996.954 575.734 1958
-1000.29 575.734 1958
-1002.61 575.146 1956
-1003.37 573.676 1951
-17.938 135.644 464
-18.7694 135.936 465
-19.5621 135.936 465
-20.3548 135.936 465
-21.1475 135.936 465
-21.893 135.644 464
-22.684 135.644 464
-23.475 135.644 464
-24.2137 135.351 463
-24.895 134.767 461
-25.6809 134.767 461
-26.4094 134.474 460
-27.1344 134.182 459
-27.8561 133.89 458
-28.5743 133.597 457
-29.3534 133.597 457
-30.0006 133.013 455
-30.641 132.428 453
-31.2746 131.843 451
-32.0434 131.843 451
-32.6667 131.259 449
-32.4642 127.458 436
-33.1313 127.166 435
-33.795 126.874 434
-34.4553 126.581 433
-35.1934 126.581 433
-35.9316 126.581 433
-36.5851 126.289 432
-37.3215 126.289 432
-38.058 126.289 432
-44.4582 127.751 437
-45.2032 127.751 437
-45.9482 127.751 437
-44.1288 120.735 413
-44.8328 120.735 413
-45.5369 120.735 413
-46.241 120.735 413
-46.945 120.735 413
-47.7645 121.027 414
-48.4702 121.027 414
-49.176 121.027 414
-49.8818 121.027 414
-50.5875 121.027 414
-51.2933 121.027 414
-51.9991 121.027 414
-52.7048 121.027 414
-53.4106 121.027 414
-54.1164 121.027 414
-54.8221 121.027 414
-55.5279 121.027 414
-56.2337 121.027 414
-56.9394 121.027 414
-57.6452 121.027 414
-58.3509 121.027 414
-59.0567 121.027 414
-59.7625 121.027 414
-60.4682 121.027 414
-61.0262 120.735 413
-61.7303 120.735 413
-62.4344 120.735 413
-63.1384 120.735 413
-63.8425 120.735 413
-64.5466 120.735 413
-65.2506 120.735 413
-65.9547 120.735 413
-66.6587 120.735 413
-67.3628 120.735 413
-68.2317 121.027 414
-68.9374 121.027 414
-69.6432 121.027 414
-70.349 121.027 414
-71.398 121.612 416
-72.2805 121.904 417
-72.9914 121.904 417
-74.0557 122.489 419
-75.6623 123.95 424
-76.3851 123.95 424
-77.4716 124.535 426
-78.1978 124.535 426
-78.9241 124.535 426
-80.0242 125.12 428
-81.1312 125.704 430
-82.0546 125.997 431
-82.7894 125.997 431
-83.7179 126.289 432
-84.6499 126.581 433
-85.5852 126.874 434
-86.3251 126.874 434
-87.4662 127.458 436
-88.2094 127.458 436
-88.9527 127.458 436
-90.1074 128.043 438
-91.0615 128.335 439
-91.8099 128.335 439
-92.5583 128.335 439
-93.5192 128.628 440
-94.4836 128.92 441
-95.2354 128.92 441
-95.9872 128.92 441
-96.9583 129.212 442
-97.9329 129.505 443
-98.6881 129.505 443
-99.8922 130.089 445
-100.877 130.382 446
-101.865 130.674 447
-102.627 130.674 447
-103.389 130.674 447
-104.617 131.259 449
-105.617 131.551 450
-106.857 132.136 452
-108.104 132.72 454
-109.358 133.305 456
-110.135 133.305 456
-110.913 133.305 456
-111.935 133.597 457
-112.961 133.89 458
-113.741 133.89 458
-114.772 134.182 459
-116.813 135.644 464
-117.604 135.644 464
-118.906 136.228 466
-119.957 136.521 467
-120.753 136.521 467
-121.549 136.521 467
-122.345 136.521 467
-122.878 136.228 466
-123.672 136.228 466
-152.173 152.892 523
-153.065 152.892 523
-154.545 153.476 525
-156.624 154.646 529
-157.526 154.646 529
-158.428 154.646 529
-159.33 154.646 529
-160.232 154.646 529
-160.524 154.061 527
-792.648 645.185 2207
-796.411 645.185 2207
-800.173 645.185 2207
-805.028 646.062 2210
-808.796 646.062 2210
-812.563 646.062 2210
-815.223 645.185 2207
-813.419 640.8 2192
-809.7 634.953 2172
-813.403 634.953 2172
-812.967 631.737 2161
-816.651 631.737 2161
-819.196 630.86 2158
-822.875 630.86 2158
-824.639 629.399 2153
-828.309 629.399 2153
-831.979 629.399 2153
-835.65 629.399 2153
-838.151 628.522 2150
-840.641 627.645 2147
-842.335 626.183 2142
-845.987 626.183 2142
-849.638 626.183 2142
-852.095 625.306 2139
-855.741 625.306 2139
-863.807 628.522 2150
-867.472 628.522 2150
-871.137 628.522 2150
-874.803 628.522 2150
-879.694 629.399 2153
-883.364 629.399 2153
-887.034 629.399 2153
-889.464 628.522 2150
-893.129 628.522 2150
-896.794 628.522 2150
-897.946 626.768 2144
-900.76 626.183 2142
-904.412 626.183 2142
-908.063 626.183 2142
-910.438 625.306 2139
-912.802 624.429 2136
-916.444 624.429 2136
-917.931 622.967 2131
-921.564 622.967 2131
-923.894 622.09 2128
-927.522 622.09 2128
-929.837 621.213 2125
-931.263 619.752 2120
-934.878 619.752 2120
-938.492 619.752 2120
-934.995 615.074 2104
-937.244 614.197 2101
-936.348 611.274 2091
-939.912 611.274 2091
-942.123 610.397 2088
-939.795 606.597 2075
-932.876 599.873 2052
-936.374 599.873 2052
-939.872 599.873 2052
-941.072 598.411 2047
-942.254 596.95 2042
-945.735 596.95 2042
-946.892 595.488 2037
-948.965 594.611 2034
-949.155 592.565 2027
-952.61 592.565 2027
-955.122 591.98 2025
-956.208 590.518 2020
-958.226 589.641 2017
-961.664 589.641 2017
-961.754 587.595 2010
-961.819 585.548 2003
-962.824 584.087 1998
-966.23 584.087 1998
-967.21 582.625 1993
-967.198 580.579 1986
-967.163 578.532 1979
-970.536 578.532 1979
-973.91 578.532 1979
-976.296 577.948 1977
-979.666 577.948 1977
-983.037 577.948 1977
-983.912 576.486 1972
-986.273 575.901 1970
-987.119 574.44 1965
-990.469 574.44 1965
-991.29 572.978 1960
-993.617 572.393 1958
-994.409 570.932 1953
-997.738 570.932 1953
-1000.04 570.347 1951
-1002.34 569.762 1949
-17.9766 135.143 465
-18.8097 135.433 466
-19.6041 135.433 466
-20.3985 135.433 466
-21.1475 135.143 465
-21.9402 135.143 465
-22.7329 135.143 465
-23.475 134.852 464
-24.266 134.852 464
-25.003 134.562 463
-25.7923 134.562 463
-26.4668 133.98 461
-27.1344 133.399 459
-27.8561 133.108 458
-28.5743 132.818 457
-29.3534 132.818 457
-30.0006 132.236 455
-30.641 131.655 453
-31.2746 131.074 451
-32.0434 131.074 451
-32.6667 130.493 449
-32.6131 127.296 438
-33.2836 127.005 437
-33.9507 126.715 436
-34.5349 126.133 434
-35.2747 126.133 434
-35.9316 125.843 433
-36.6698 125.843 433
-37.4079 125.843 433
-38.1461 125.843 433
-38.8842 125.843 433
-40.3605 125.843 433
-41.0987 125.843 433
-41.8368 125.843 433
-42.575 125.843 433
-43.6132 126.715 436
-44.4582 127.005 437
-45.2032 127.005 437
-45.9482 127.005 437
-44.1288 120.03 413
-44.8328 120.03 413
-45.5369 120.03 413
-46.241 120.03 413
-46.945 120.03 413
-47.7645 120.321 414
-48.4702 120.321 414
-49.176 120.321 414
-49.8818 120.321 414
-50.5875 120.321 414
-51.2933 120.321 414
-51.9991 120.321 414
-52.7048 120.321 414
-53.4106 120.321 414
-54.1164 120.321 414
-54.8221 120.321 414
-55.5279 120.321 414
-56.2337 120.321 414
-56.9394 120.321 414
-57.6452 120.321 414
-58.3509 120.321 414
-59.0567 120.321 414
-59.7625 120.321 414
-60.4682 120.321 414
-61.174 120.321 414
-61.8798 120.321 414
-62.5855 120.321 414
-63.2913 120.321 414
-63.9971 120.321 414
-64.7028 120.321 414
-65.4086 120.321 414
-66.1144 120.321 414
-66.8201 120.321 414
-67.5259 120.321 414
-68.2317 120.321 414
-68.9374 120.321 414
-69.6432 120.321 414
-70.6888 120.902 416
-71.398 120.902 416
-72.2805 121.193 417
-72.9914 121.193 417
-74.0557 121.774 419
-76.0192 123.808 426
-76.7454 123.808 426
-77.4716 123.808 426
-78.3814 124.099 427
-79.1093 124.099 427
-80.3982 124.971 430
-81.6973 125.843 433
-82.6258 126.133 434
-83.3656 126.133 434
-84.4931 126.715 436
-85.4319 127.005 437
-86.1768 127.005 437
-87.3196 127.586 439
-88.2686 127.877 440
-89.0187 127.877 440
-89.7688 127.877 440
-90.5189 127.877 440
-91.269 127.877 440
-92.0191 127.877 440
-92.7691 127.877 440
-93.7318 128.168 441
-94.4836 128.168 441
-95.4513 128.458 442
-96.2048 128.458 442
-97.1777 128.749 443
-98.375 129.33 445
-99.1336 129.33 445
-100.117 129.621 446
-101.103 129.911 447
-101.865 129.911 447
-102.627 129.911 447
-103.852 130.493 449
-105.316 131.365 452
-106.087 131.365 452
-107.567 132.236 455
-108.58 132.527 456
-109.358 132.527 456
-110.135 132.527 456
-111.156 132.818 457
-112.18 133.108 458
-112.961 133.108 458
-114.486 133.98 461
-116.022 134.852 464
-117.065 135.143 465
-117.858 135.143 465
-118.906 135.433 466
-119.957 135.724 467
-120.753 135.724 467
-121.549 135.724 467
-122.345 135.724 467
-122.878 135.433 466
-123.672 135.433 466
-153.956 151.999 523
-156.624 153.743 529
-157.526 153.743 529
-158.428 153.743 529
-159.33 153.743 529
-160.232 153.743 529
-160.524 153.162 527
-788.339 637.932 2195
-792.081 637.932 2195
-795.823 637.932 2195
-798.472 637.06 2192
-802.208 637.06 2192
-805.945 637.06 2192
-806.727 634.735 2184
-808.224 632.991 2178
-806.718 628.922 2164
-810.407 628.922 2164
-809.958 625.726 2153
-813.628 625.726 2153
-817.298 625.726 2153
-820.969 625.726 2153
-823.49 624.854 2150
-827.155 624.854 2150
-830.82 624.854 2150
-834.485 624.854 2150
-838.151 624.854 2150
-840.641 623.982 2147
-842.335 622.529 2142
-845.987 622.529 2142
-849.638 622.529 2142
-852.095 621.657 2139
-855.741 621.657 2139
-863.807 624.854 2150
-867.472 624.854 2150
-871.137 624.854 2150
-874.803 624.854 2150
-879.694 625.726 2153
-883.364 625.726 2153
-887.034 625.726 2153
-889.464 624.854 2150
-893.129 624.854 2150
-895.543 623.982 2147
-897.109 622.529 2142
-900.76 622.529 2142
-904.412 622.529 2142
-906.791 621.657 2139
-910.438 621.657 2139
-912.802 620.785 2136
-916.444 620.785 2136
-917.931 619.332 2131
-920.267 618.46 2128
-923.894 618.46 2128
-927.522 618.46 2128
-929.837 617.588 2125
-931.263 616.135 2120
-934.878 616.135 2120
-938.492 616.135 2120
-934.995 611.485 2104
-937.244 610.613 2101
-935.004 606.835 2088
-938.564 606.835 2088
-939.867 605.382 2083
-939.795 603.056 2075
-932.876 596.372 2052
-936.374 596.372 2052
-936.208 594.047 2044
-938.773 593.466 2042
-939.947 592.013 2037
-943.42 592.013 2037
-945.498 591.141 2034
-945.699 589.106 2027
-946.813 587.653 2022
-950.26 587.653 2022
-952.764 587.072 2020
-954.788 586.2 2017
-954.901 584.166 2010
-958.327 584.166 2010
-959.361 582.712 2005
-960.378 581.259 2000
-960.414 579.225 1993
-963.812 579.225 1993
-964.783 577.772 1988
-967.198 577.19 1986
-967.163 575.156 1979
-970.536 575.156 1979
-973.91 575.156 1979
-976.296 574.575 1977
-979.666 574.575 1977
-983.037 574.575 1977
-983.912 573.122 1972
-986.273 572.54 1970
-987.119 571.087 1965
-990.469 571.087 1965
-991.29 569.634 1960
-993.617 569.053 1958
-994.409 567.6 1953
-997.738 567.6 1953
-1000.04 567.018 1951
-1002.34 566.437 1949
-17.9766 134.349 465
-18.8097 134.638 466
-19.6041 134.638 466
-20.3985 134.638 466
-21.1475 134.349 465
-21.9402 134.349 465
-22.7329 134.349 465
-23.475 134.061 464
-24.266 134.061 464
-25.003 133.772 463
-25.7923 133.772 463
-26.4668 133.194 461
-27.1936 132.905 460
-27.8561 132.327 458
-28.6369 132.327 458
-29.3534 132.038 457
-30.0006 131.46 455
-30.641 130.882 453
-31.2746 130.305 451
-32.0434 130.305 451
-32.6667 129.727 449
-32.8365 127.415 441
-33.436 126.837 439
-34.1065 126.548 438
-34.694 125.971 436
-35.4373 125.971 436
-36.0146 125.393 434
-36.7544 125.393 434
-37.4943 125.393 434
-38.2342 125.393 434
-38.974 125.393 434
-39.6224 125.104 433
-40.3605 125.104 433
-41.0987 125.104 433
-41.8368 125.104 433
-42.575 125.104 433
-43.6132 125.971 436
-44.4582 126.26 437
-45.2032 126.26 437
-45.9482 126.26 437
-44.1288 119.325 413
-44.8328 119.325 413
-45.5369 119.325 413
-46.241 119.325 413
-46.945 119.325 413
-47.7645 119.614 414
-48.4702 119.614 414
-49.176 119.614 414
-49.8818 119.614 414
-50.5875 119.614 414
-51.5411 120.192 416
-52.2503 120.192 416
-52.9594 120.192 416
-53.5396 119.903 415
-54.2471 119.903 415
-54.9545 119.903 415
-55.662 119.903 415
-56.2337 119.614 414
-56.9394 119.614 414
-57.6452 119.614 414
-58.3509 119.614 414
-59.0567 119.614 414
-59.7625 119.614 414
-60.4682 119.614 414
-61.174 119.614 414
-61.8798 119.614 414
-62.5855 119.614 414
-63.2913 119.614 414
-63.9971 119.614 414
-64.7028 119.614 414
-65.4086 119.614 414
-66.1144 119.614 414
-66.8201 119.614 414
-67.5259 119.614 414
-68.2317 119.614 414
-68.9374 119.614 414
-69.6432 119.614 414
-70.6888 120.192 416
-71.398 120.192 416
-72.2805 120.481 417
-72.9914 120.481 417
-74.0557 121.059 419
-76.0192 123.081 426
-76.7454 123.081 426
-77.4716 123.081 426
-78.3814 123.37 427
-79.1093 123.37 427
-80.3982 124.237 430
-81.8859 125.393 434
-82.6258 125.393 434
-83.7498 125.971 436
-85.0745 126.837 439
-85.8228 126.837 439
-86.5712 126.837 439
-87.5185 127.126 440
-88.2686 127.126 440
-89.0187 127.126 440
-89.7688 127.126 440
-90.5189 127.126 440
-91.4764 127.415 441
-92.2282 127.415 441
-92.98 127.415 441
-93.7318 127.415 441
-94.6978 127.704 442
-95.4513 127.704 442
-96.4225 127.993 443
-97.6164 128.571 445
-98.5961 128.86 446
-99.3564 128.86 446
-100.341 129.149 447
-101.103 129.149 447
-102.321 129.727 449
-103.086 129.727 449
-104.546 130.593 452
-106.015 131.46 455
-106.791 131.46 455
-107.803 131.749 456
-108.819 132.038 457
-109.598 132.038 457
-110.377 132.038 457
-111.399 132.327 458
-112.915 133.194 461
-113.7 133.194 461
-115.231 134.061 464
-116.272 134.349 465
-117.317 134.638 466
-118.111 134.638 466
-119.161 134.927 467
-119.957 134.927 467
-120.753 134.927 467
-121.549 134.927 467
-122.345 134.927 467
-122.878 134.638 466
-123.672 134.638 466
-156.624 152.841 529
-157.526 152.841 529
-158.428 152.841 529
-159.33 152.841 529
-160.232 152.841 529
-160.524 152.263 527
-788.339 634.187 2195
-792.081 634.187 2195
-795.823 634.187 2195
-798.472 633.32 2192
-802.208 633.32 2192
-805.945 633.32 2192
-806.727 631.009 2184
-808.224 629.275 2178
-806.718 625.23 2164
-810.407 625.23 2164
-809.958 622.052 2153
-813.628 622.052 2153
-817.298 622.052 2153
-820.969 622.052 2153
-823.49 621.186 2150
-827.155 621.186 2150
-830.82 621.186 2150
-834.485 621.186 2150
-838.151 621.186 2150
-840.641 620.319 2147
-842.335 618.874 2142
-845.987 618.874 2142
-849.638 618.874 2142
-852.095 618.007 2139
-855.741 618.007 2139
-861.396 619.452 2144
-865.051 619.452 2144
-871.137 621.186 2150
-874.803 621.186 2150
-878.468 621.186 2150
-882.133 621.186 2150
-885.798 621.186 2150
-888.222 620.319 2147
-891.882 620.319 2147
-895.543 620.319 2147
-897.109 618.874 2142
-899.499 618.007 2139
-903.145 618.007 2139
-906.791 618.007 2139
-909.161 617.141 2136
-912.802 617.141 2136
-916.444 617.141 2136
-917.931 615.696 2131
-920.267 614.829 2128
-922.592 613.962 2125
-926.215 613.962 2125
-928.524 613.096 2122
-931.263 612.518 2120
-933.555 611.651 2117
-937.163 611.651 2117
-934.995 607.895 2104
-935.906 606.161 2098
-935.004 603.272 2088
-938.564 603.272 2088
-939.867 601.828 2083
-938.436 598.649 2072
-929.239 590.56 2044
-932.724 590.56 2044
-933.002 588.537 2037
-935.095 587.67 2034
-937.64 587.093 2032
-941.104 587.093 2032
-942.244 585.648 2027
-942.433 583.625 2020
-943.536 582.181 2015
-946.971 582.181 2015
-948.991 581.314 2012
-951.474 580.736 2010
-952.525 579.292 2005
-955.943 579.292 2005
-958.404 578.714 2003
-957.017 575.825 1993
-958.005 574.38 1988
-961.394 574.38 1988
-963.812 573.802 1986
-963.789 571.78 1979
-966.185 571.202 1977
-969.556 571.202 1977
-970.465 569.757 1972
-972.839 569.179 1970
-976.198 569.179 1970
-979.556 569.179 1970
-982.914 569.179 1970
-983.77 567.735 1965
-984.608 566.29 1960
-987.949 566.29 1960
-990.279 565.712 1958
-992.602 565.134 1956
-993.39 563.69 1951
-996.716 563.69 1951
-999.017 563.112 1949
-999.768 561.667 1944
-17.9766 133.556 465
-18.8097 133.843 466
-19.6041 133.843 466
-20.3985 133.843 466
-21.1475 133.556 465
-21.9402 133.556 465
-22.7329 133.556 465
-23.475 133.269 464
-24.266 133.269 464
-25.003 132.982 463
-25.7923 132.982 463
-26.4668 132.407 461
-27.1936 132.12 460
-27.8561 131.546 458
-28.6369 131.546 458
-29.3534 131.258 457
-30.0006 130.684 455
-30.641 130.109 453
-31.2746 129.535 451
-32.0434 129.535 451
-32.6667 128.961 449
-33.2088 128.099 446
-33.6644 126.95 442
-34.3401 126.663 441
-35.0919 126.663 441
-35.6811 126.088 439
-36.1805 125.227 436
-36.8391 124.94 435
-37.4943 124.652 434
-38.2342 124.652 434
-38.974 124.652 434
-39.7139 124.652 434
-40.3605 124.365 433
-41.0987 124.365 433
-41.8368 124.365 433
-42.575 124.365 433
-43.6132 125.227 436
-44.3565 125.227 436
-45.0998 125.227 436
-45.6328 124.652 434
-46.3726 124.652 434
-47.1125 124.652 434
-45.5369 118.621 413
-46.241 118.621 413
-46.945 118.621 413
-47.7645 118.908 414
-48.4702 118.908 414
-49.176 118.908 414
-49.8818 118.908 414
-50.8319 119.482 416
-51.5411 119.482 416
-52.2503 119.482 416
-52.9594 119.482 416
-53.6686 119.482 416
-54.3778 119.482 416
-55.087 119.482 416
-55.662 119.195 415
-56.3695 119.195 415
-57.077 119.195 415
-57.7844 119.195 415
-58.4919 119.195 415
-59.1994 119.195 415
-59.9068 119.195 415
-60.6143 119.195 415
-61.174 118.908 414
-61.8798 118.908 414
-62.5855 118.908 414
-63.4442 119.195 415
-64.1517 119.195 415
-64.8591 119.195 415
-65.5666 119.195 415
-66.2741 119.195 415
-66.9815 119.195 415
-67.689 119.195 415
-68.5613 119.482 416
-69.2705 119.482 416
-69.9796 119.482 416
-70.6888 119.482 416
-71.5696 119.77 417
-72.2805 119.77 417
-73.1664 120.057 418
-74.2325 120.631 420
-76.0192 122.355 426
-76.7454 122.355 426
-77.6535 122.642 427
-78.7485 123.216 429
-79.4799 123.216 429
-80.9591 124.365 433
-81.8859 124.652 434
-82.6258 124.652 434
-83.7498 125.227 436
-85.0745 126.088 439
-85.8228 126.088 439
-86.5712 126.088 439
-87.5185 126.376 440
-88.2686 126.376 440
-89.0187 126.376 440
-89.7688 126.376 440
-90.5189 126.376 440
-91.4764 126.663 441
-92.2282 126.663 441
-92.98 126.663 441
-93.7318 126.663 441
-94.6978 126.95 442
-95.4513 126.95 442
-96.4225 127.237 443
-97.6164 127.812 445
-98.5961 128.099 446
-99.3564 128.099 446
-100.341 128.386 447
-101.103 128.386 447
-102.321 128.961 449
-103.086 128.961 449
-104.546 129.822 452
-106.248 130.971 456
-107.026 130.971 456
-108.039 131.258 457
-108.819 131.258 457
-109.837 131.546 458
-110.618 131.546 458
-111.885 132.12 460
-113.404 132.982 463
-114.194 132.982 463
-115.231 133.269 464
-116.272 133.556 465
-117.317 133.843 466
-118.111 133.843 466
-119.161 134.131 467
-120.214 134.418 468
-121.012 134.418 468
-121.809 134.418 468
-122.345 134.131 467
-123.141 134.131 467
-123.938 134.131 467
-782.233 625.56 2178
-785.946 625.56 2178
-789.659 625.56 2178
-793.372 625.56 2178
-797.085 625.56 2178
-800.798 625.56 2178
-802.294 623.836 2172
-801.915 620.677 2161
-802.617 618.379 2153
-806.287 618.379 2153
-807.7 616.656 2147
-811.36 616.656 2147
-815.021 616.656 2147
-818.681 616.656 2147
-822.341 616.656 2147
-826.001 616.656 2147
-830.82 617.517 2150
-834.485 617.517 2150
-838.151 617.517 2150
-840.641 616.656 2147
-842.335 615.22 2142
-845.987 615.22 2142
-849.638 615.22 2142
-852.095 614.358 2139
-856.941 615.22 2142
-861.396 615.794 2144
-865.051 615.794 2144
-871.137 617.517 2150
-874.803 617.517 2150
-878.468 617.517 2150
-882.133 617.517 2150
-885.798 617.517 2150
-888.222 616.656 2147
-891.882 616.656 2147
-895.543 616.656 2147
-897.109 615.22 2142
-899.499 614.358 2139
-903.145 614.358 2139
-906.791 614.358 2139
-909.161 613.496 2136
-912.802 613.496 2136
-916.444 613.496 2136
-917.931 612.06 2131
-920.267 611.199 2128
-922.592 610.337 2125
-926.215 610.337 2125
-928.524 609.475 2122
-931.263 608.901 2120
-933.555 608.039 2117
-937.163 608.039 2117
-934.995 604.305 2104
-932.783 600.572 2091
-933.661 598.848 2085
-937.215 598.848 2085
-936.258 595.976 2075
-929.378 589.37 2052
-924.693 584.2 2034
-928.16 584.2 2034
-928.422 582.19 2027
-931.877 582.19 2027
-935.333 582.19 2027
-938.788 582.19 2027
-938.99 580.179 2020
-940.101 578.743 2015
-942.131 577.881 2012
-945.561 577.881 2012
-948.047 577.307 2010
-950.527 576.733 2008
-952.525 575.871 2005
-955.943 575.871 2005
-953.619 572.424 1993
-956.057 571.85 1991
-958.005 570.988 1988
-961.394 570.988 1988
-963.812 570.414 1986
-963.789 568.403 1979
-964.719 566.967 1974
-968.084 566.967 1974
-970.465 566.393 1972
-973.827 566.393 1972
-976.198 565.818 1970
-979.556 565.818 1970
-981.418 564.957 1967
-982.768 563.808 1963
-983.603 562.372 1958
-986.941 562.372 1958
-990.279 562.372 1958
-990.064 560.361 1951
-993.39 560.361 1951
-996.716 560.361 1951
-999.017 559.787 1949
-999.768 558.351 1944
-15.6321 133.048 466
-16.4265 133.048 466
-17.2209 133.048 466
-17.9766 132.763 465
-18.7694 132.763 465
-19.5621 132.763 465
-20.3548 132.763 465
-21.1475 132.763 465
-21.9402 132.763 465
-22.7329 132.763 465
-23.475 132.477 464
-24.266 132.477 464
-25.003 132.192 463
-25.7923 132.192 463
-26.5242 131.906 462
-27.2527 131.621 461
-27.9169 131.05 459
-28.6994 131.05 459
-29.3534 130.479 457
-30.0006 129.908 455
-30.641 129.337 453
-31.2746 128.766 451
-32.0434 128.766 451
-32.6667 128.195 449
-33.2088 127.338 446
-33.6644 126.196 442
-34.3401 125.91 441
-35.0919 125.91 441
-35.6811 125.339 439
-36.1805 124.483 436
-36.8391 124.197 435
-37.4943 123.912 434
-38.2342 123.912 434
-38.974 123.912 434
-39.7139 123.912 434
-40.3605 123.626 433
-41.0987 123.626 433
-41.8368 123.626 433
-42.575 123.626 433
-43.4132 123.912 434
-44.153 123.912 434
-44.8929 123.912 434
-45.6328 123.912 434
-46.3726 123.912 434
-47.1125 123.912 434
-45.5369 117.916 413
-46.241 117.916 413
-46.945 117.916 413
-47.7645 118.202 414
-48.4702 118.202 414
-49.176 118.202 414
-49.8818 118.202 414
-50.8319 118.773 416
-51.665 119.058 417
-52.3759 119.058 417
-53.0867 119.058 417
-53.6686 118.773 416
-54.3778 118.773 416
-55.087 118.773 416
-55.7961 118.773 416
-56.5053 118.773 416
-57.2145 118.773 416
-57.9237 118.773 416
-58.6328 118.773 416
-59.342 118.773 416
-60.0512 118.773 416
-60.7604 118.773 416
-61.3218 118.487 415
-62.0292 118.487 415
-62.8879 118.773 416
-63.5971 118.773 416
-64.3062 118.773 416
-65.0154 118.773 416
-65.7246 118.773 416
-66.4338 118.773 416
-67.1429 118.773 416
-68.0152 119.058 417
-68.7261 119.058 417
-69.437 119.058 417
-70.1479 119.058 417
-71.0287 119.344 418
-71.7412 119.344 418
-72.4538 119.344 418
-73.5165 119.915 420
-74.9395 121.057 424
-75.6623 121.057 424
-76.9256 121.913 427
-78.0172 122.484 429
-78.7485 122.484 429
-79.4799 122.484 429
-80.9591 123.626 433
-82.0746 124.197 435
-82.8162 124.197 435
-84.3261 125.339 439
-85.2683 125.625 440
-86.0183 125.625 440
-86.7684 125.625 440
-87.5185 125.625 440
-88.2686 125.625 440
-89.221 125.91 441
-89.9728 125.91 441
-90.7246 125.91 441
-91.4764 125.91 441
-92.2282 125.91 441
-92.98 125.91 441
-93.9443 126.196 442
-94.9121 126.481 443
-95.6673 126.481 443
-96.8578 127.053 445
-97.8358 127.338 446
-98.8172 127.624 447
-99.5792 127.624 447
-100.566 127.909 448
-101.556 128.195 449
-102.321 128.195 449
-103.775 129.051 452
-105.24 129.908 455
-106.248 130.193 456
-107.026 130.193 456
-108.039 130.479 457
-108.819 130.479 457
-109.837 130.764 458
-110.618 130.764 458
-111.885 131.335 460
-113.404 132.192 463
-114.194 132.192 463
-115.231 132.477 464
-116.272 132.763 465
-117.317 133.048 466
-118.111 133.048 466
-119.161 133.334 467
-120.214 133.619 468
-121.012 133.619 468
-121.809 133.619 468
-122.345 133.334 467
-123.141 133.334 467
-123.938 133.334 467
-777.205 617.846 2164
-780.894 617.846 2164
-784.583 617.846 2164
-786.087 616.133 2158
-789.766 616.133 2158
-793.444 616.133 2158
-797.123 616.133 2158
-798.947 614.706 2153
-801.499 613.849 2150
-805.164 613.849 2150
-807.7 612.993 2147
-811.36 612.993 2147
-815.021 612.993 2147
-818.681 612.993 2147
-822.341 612.993 2147
-826.001 612.993 2147
-830.82 613.849 2150
-834.485 613.849 2150
-838.151 613.849 2150
-841.816 613.849 2150
-843.122 612.136 2144
-846.776 612.136 2144
-850.431 612.136 2144
-853.29 611.565 2142
-856.941 611.565 2142
-861.396 612.136 2144
-865.051 612.136 2144
-869.922 612.993 2147
-873.582 612.993 2147
-877.242 612.993 2147
-880.902 612.993 2147
-884.562 612.993 2147
-888.222 612.993 2147
-891.882 612.993 2147
-893.457 611.565 2142
-894.596 609.852 2136
-898.237 609.852 2136
-901.878 609.852 2136
-905.52 609.852 2136
-909.161 609.852 2136
-911.52 608.996 2133
-915.157 608.996 2133
-915.347 606.712 2125
-918.969 606.712 2125
-920.421 605.284 2120
-924.035 605.284 2120
-927.649 605.284 2120
-929.946 604.427 2117
-931.35 603 2112
-934.95 603 2112
-933.662 599.859 2101
-932.783 597.004 2091
-933.661 595.291 2085
-937.215 595.291 2085
-936.258 592.436 2075
-929.378 585.869 2052
-924.693 580.73 2034
-928.16 580.73 2034
-928.422 578.731 2027
-931.877 578.731 2027
-935.333 578.731 2027
-938.788 578.731 2027
-938.99 576.733 2020
-940.101 575.305 2015
-942.131 574.449 2012
-945.561 574.449 2012
-948.047 573.878 2010
-950.527 573.307 2008
-952.525 572.45 2005
-955.943 572.45 2005
-953.619 569.024 1993
-956.057 568.453 1991
-958.005 567.596 1988
-961.394 567.596 1988
-963.812 567.025 1986
-963.789 565.027 1979
-964.719 563.599 1974
-968.084 563.599 1974
-970.465 563.028 1972
-973.827 563.028 1972
-976.198 562.457 1970
-979.556 562.457 1970
-980.42 561.03 1965
-981.266 559.602 1960
-983.603 559.031 1958
-986.941 559.031 1958
-990.279 559.031 1958
-990.064 557.033 1951
-993.39 557.033 1951
-996.716 557.033 1951
-999.017 556.462 1949
-999.768 555.034 1944
-14.8695 132.537 467
-15.6656 132.537 467
-16.4617 132.537 467
-17.2578 132.537 467
-18.0153 132.253 466
-18.8097 132.253 466
-19.6041 132.253 466
-20.3548 131.969 465
-21.1475 131.969 465
-21.9402 131.969 465
-22.7329 131.969 465
-23.475 131.686 464
-24.266 131.686 464
-25.057 131.686 464
-25.848 131.686 464
-26.5816 131.402 463
-27.2527 130.834 461
-27.9169 130.267 459
-28.6994 130.267 459
-29.3534 129.699 457
-30.0665 129.415 456
-30.7086 128.848 454
-31.3439 128.28 452
-32.1144 128.28 452
-32.6667 127.429 449
-33.2832 126.861 447
-33.8929 126.293 445
-34.4179 125.442 442
-35.1714 125.442 442
-35.8437 125.158 441
-36.4295 124.59 439
-37.0085 124.023 437
-37.6671 123.739 436
-38.4104 123.739 436
-39.0638 123.455 435
-39.7139 123.171 434
-40.4537 123.171 434
-41.1936 123.171 434
-41.9335 123.171 434
-42.6733 123.171 434
-43.4132 123.171 434
-44.153 123.171 434
-44.8929 123.171 434
-45.6328 123.171 434
-46.3726 123.171 434
-47.1125 123.171 434
-49.176 117.495 414
-49.8818 117.495 414
-50.8319 118.063 416
-51.665 118.347 417
-52.3759 118.347 417
-53.0867 118.347 417
-53.6686 118.063 416
-54.3778 118.063 416
-55.087 118.063 416
-55.7961 118.063 416
-56.5053 118.063 416
-57.2145 118.063 416
-57.9237 118.063 416
-58.6328 118.063 416
-59.342 118.063 416
-60.0512 118.063 416
-60.7604 118.063 416
-61.4695 118.063 416
-62.3282 118.347 417
-63.0391 118.347 417
-63.7499 118.347 417
-64.4608 118.347 417
-65.1717 118.347 417
-65.8826 118.347 417
-66.5935 118.347 417
-67.3043 118.347 417
-68.0152 118.347 417
-68.8909 118.631 418
-69.6035 118.631 418
-70.3161 118.631 418
-71.1986 118.914 419
-72.5994 120.05 423
-73.3205 120.05 423
-74.0416 120.05 423
-75.4697 121.185 427
-76.1976 121.185 427
-77.2859 121.752 429
-78.0172 121.752 429
-79.2992 122.604 432
-80.0357 122.604 432
-81.1461 123.171 434
-82.6406 124.307 438
-83.3873 124.307 438
-84.5182 124.874 440
-85.2683 124.874 440
-86.0183 124.874 440
-86.7684 124.874 440
-87.7174 125.158 441
-88.4692 125.158 441
-89.221 125.158 441
-89.9728 125.158 441
-90.7246 125.158 441
-91.6838 125.442 442
-92.4373 125.442 442
-93.1908 125.442 442
-94.582 126.293 445
-95.5548 126.577 446
-96.3151 126.577 446
-97.0755 126.577 446
-98.2745 127.145 448
-99.2593 127.429 449
-100.025 127.429 449
-101.015 127.712 450
-102.46 128.564 453
-103.233 128.564 453
-104.464 129.131 455
-105.471 129.415 456
-106.714 129.983 458
-107.495 129.983 458
-108.512 130.267 459
-109.295 130.267 459
-110.077 130.267 459
-111.101 130.55 460
-112.372 131.118 462
-113.404 131.402 463
-114.194 131.402 463
-115.231 131.686 464
-116.272 131.969 465
-117.317 132.253 466
-118.111 132.253 466
-119.416 132.821 468
-120.728 133.388 470
-121.529 133.388 470
-122.33 133.388 470
-122.607 132.821 468
-123.405 132.821 468
-124.203 132.821 468
-777.646 611.6 2155
-781.32 611.6 2155
-798.472 622.101 2192
-802.208 622.101 2192
-805.945 622.101 2192
-797.123 612.452 2158
-798.947 611.033 2153
-800.38 609.33 2147
-804.04 609.33 2147
-806.572 608.478 2144
-809.471 607.911 2142
-813.882 608.478 2144
-817.537 608.478 2144
-821.192 608.478 2144
-824.847 608.478 2144
-830.82 610.181 2150
-834.485 610.181 2150
-838.151 610.181 2150
-841.816 610.181 2150
-844.301 609.33 2147
-847.961 609.33 2147
-850.431 608.478 2144
-853.29 607.911 2142
-856.941 607.911 2142
-861.396 608.478 2144
-865.051 608.478 2144
-868.706 608.478 2144
-872.361 608.478 2144
-878.468 610.181 2150
-882.133 610.181 2150
-885.798 610.181 2150
-886.981 608.478 2144
-890.636 608.478 2144
-893.457 607.911 2142
-894.596 606.208 2136
-896.975 605.357 2133
-900.612 605.357 2133
-904.248 605.357 2133
-907.884 605.357 2133
-910.666 604.789 2131
-914.299 604.789 2131
-915.347 603.086 2125
-916.807 601.667 2120
-920.421 601.667 2120
-924.035 601.667 2120
-925.024 599.964 2114
-927.749 599.397 2112
-928.704 597.694 2106
-932.294 597.694 2106
-929.218 593.437 2091
-930.106 591.734 2085
-930.526 589.747 2078
-934.069 589.747 2078
-932.648 586.625 2067
-924.849 579.53 2042
-920.601 574.706 2025
-924.053 574.706 2025
-927.505 574.706 2025
-930.958 574.706 2025
-933.025 573.854 2022
-936.472 573.854 2022
-938.99 573.286 2020
-940.101 571.867 2015
-941.194 570.448 2010
-944.621 570.448 2010
-947.104 569.881 2008
-949.107 569.029 2005
-951.575 568.462 2003
-954.99 568.462 2003
-953.619 565.624 1993
-954.616 564.205 1988
-957.041 563.637 1986
-960.427 563.637 1986
-962.842 563.07 1984
-963.789 561.651 1979
-964.719 560.231 1974
-968.084 560.231 1974
-970.465 559.664 1972
-973.827 559.664 1972
-976.198 559.096 1970
-979.556 559.096 1970
-980.42 557.677 1965
-981.266 556.258 1960
-983.603 555.691 1958
-986.941 555.691 1958
-990.279 555.691 1958
-990.064 553.704 1951
-993.39 553.704 1951
-996.716 553.704 1951
-999.017 553.136 1949
-999.768 551.717 1944
-14.1035 132.022 468
-14.9013 132.022 468
-15.6992 132.022 468
-16.497 132.022 468
-17.2578 131.74 467
-18.0153 131.458 466
-18.8097 131.458 466
-19.6041 131.458 466
-20.3985 131.458 466
-21.1475 131.176 465
-21.9402 131.176 465
-22.7329 131.176 465
-23.5256 131.176 465
-24.3183 131.176 465
-25.057 130.894 464
-25.848 130.894 464
-26.5816 130.612 463
-27.3118 130.33 462
-27.9777 129.766 460
-28.7619 129.766 460
-29.4176 129.201 458
-30.0665 128.637 456
-30.7086 128.073 454
-31.3439 127.509 452
-32.1144 127.509 452
-32.6667 126.662 449
-33.2832 126.098 447
-33.9691 125.816 446
-34.6516 125.534 445
-35.4102 125.534 445
-35.9249 124.688 442
-36.5125 124.124 440
-37.1779 123.842 439
-37.9263 123.842 439
-38.5865 123.559 438
-39.1536 122.995 436
-39.8054 122.713 435
-40.4537 122.431 434
-41.1936 122.431 434
-41.9335 122.431 434
-42.6733 122.431 434
-43.4132 122.431 434
-44.153 122.431 434
-44.8929 122.431 434
-45.6328 122.431 434
-46.3726 122.431 434
-47.1125 122.431 434
-51.665 117.635 417
-52.3759 117.635 417
-53.0867 117.635 417
-53.6686 117.353 416
-54.3778 117.353 416
-55.087 117.353 416
-55.7961 117.353 416
-56.5053 117.353 416
-57.2145 117.353 416
-57.9237 117.353 416
-58.6328 117.353 416
-59.342 117.353 416
-60.0512 117.353 416
-60.7604 117.353 416
-61.4695 117.353 416
-62.3282 117.635 417
-63.0391 117.635 417
-63.7499 117.635 417
-64.4608 117.635 417
-65.1717 117.635 417
-65.8826 117.635 417
-66.5935 117.635 417
-67.3043 117.635 417
-68.0152 117.635 417
-68.8909 117.917 418
-69.6035 117.917 418
-70.3161 117.917 418
-71.1986 118.2 419
-72.5994 119.328 423
-73.3205 119.328 423
-74.0416 119.328 423
-75.4697 120.456 427
-76.1976 120.456 427
-77.2859 121.021 429
-78.0172 121.021 429
-79.2992 121.867 432
-80.0357 121.867 432
-81.1461 122.431 434
-83.018 124.124 440
-83.7681 124.124 440
-84.7103 124.406 441
-85.4621 124.406 441
-86.2138 124.406 441
-86.9656 124.406 441
-87.7174 124.406 441
-88.6698 124.688 442
-89.4233 124.688 442
-90.1768 124.688 442
-91.1361 124.97 443
-92.0987 125.252 444
-92.8556 125.252 444
-93.8233 125.534 445
-94.7945 125.816 446
-95.7691 126.098 447
-96.5311 126.098 447
-97.7284 126.662 449
-98.7132 126.945 450
-99.4804 126.945 450
-100.693 127.509 452
-101.913 128.073 454
-102.913 128.355 455
-103.688 128.355 455
-104.694 128.637 456
-105.934 129.201 458
-106.947 129.483 459
-107.73 129.483 459
-108.749 129.766 460
-109.771 130.048 461
-110.557 130.048 461
-111.584 130.33 462
-112.615 130.612 463
-113.649 130.894 464
-114.44 130.894 464
-115.48 131.176 465
-116.522 131.458 466
-117.82 132.022 468
-118.618 132.022 468
-119.926 132.587 470
-120.728 132.587 470
-121.529 132.587 470
-122.33 132.587 470
-123.131 132.587 470
-123.932 132.587 470
-124.468 132.304 469
-777.646 607.924 2155
-781.32 607.924 2155
-800.657 620.054 2198
-804.404 620.054 2198
-808.151 620.054 2198
-809.682 618.361 2192
-798.947 607.359 2153
-800.38 605.667 2147
-804.04 605.667 2147
-806.572 604.82 2144
-809.471 604.256 2142
-813.882 604.82 2144
-817.537 604.82 2144
-821.192 604.82 2144
-824.847 604.82 2144
-830.82 606.513 2150
-834.485 606.513 2150
-838.151 606.513 2150
-841.816 606.513 2150
-844.301 605.667 2147
-847.961 605.667 2147
-850.431 604.82 2144
-853.29 604.256 2142
-856.941 604.256 2142
-860.593 604.256 2142
-864.244 604.256 2142
-868.706 604.82 2144
-872.361 604.82 2144
-878.468 606.513 2150
-882.133 606.513 2150
-885.798 606.513 2150
-886.981 604.82 2144
-890.636 604.82 2144
-893.457 604.256 2142
-894.596 602.564 2136
-896.975 601.717 2133
-900.612 601.717 2133
-904.248 601.717 2133
-907.033 601.153 2131
-910.666 601.153 2131
-914.299 601.153 2131
-915.347 599.461 2125
-916.807 598.05 2120
-917.816 596.357 2114
-921.42 596.357 2114
-924.149 595.793 2112
-925.114 594.101 2106
-928.704 594.101 2106
-932.294 594.101 2106
-929.218 589.869 2091
-929.214 587.612 2083
-929.183 585.356 2075
-932.72 585.356 2075
-930.392 581.688 2062
-923.49 575.2 2039
-920.601 571.251 2025
-924.053 571.251 2025
-927.505 571.251 2025
-930.958 571.251 2025
-933.025 570.404 2022
-936.472 570.404 2022
-938.99 569.84 2020
-940.101 568.43 2015
-941.194 567.019 2010
-944.621 567.019 2010
-947.104 566.455 2008
-949.107 565.609 2005
-951.575 565.044 2003
-954.99 565.044 2003
-952.662 561.659 1991
-954.616 560.813 1988
-957.041 560.249 1986
-960.427 560.249 1986
-962.842 559.685 1984
-963.789 558.274 1979
-964.719 556.864 1974
-968.084 556.864 1974
-970.465 556.299 1972
-972.839 555.735 1970
-974.711 554.889 1967
-978.064 554.889 1967
-980.42 554.325 1965
-981.266 552.914 1960
-983.603 552.35 1958
-986.941 552.35 1958
-989.267 551.786 1956
-990.064 550.375 1951
-993.39 550.375 1951
-996.716 550.375 1951
-999.017 549.811 1949
-999.768 548.401 1944
-14.1035 131.224 468
-14.9013 131.224 468
-15.6992 131.224 468
-16.497 131.224 468
-17.2578 130.944 467
-18.0153 130.663 466
-18.8097 130.663 466
-19.6041 130.663 466
-20.3985 130.663 466
-21.1475 130.383 465
-21.9402 130.383 465
-22.7329 130.383 465
-23.5256 130.383 465
-24.3183 130.383 465
-25.057 130.102 464
-25.848 130.102 464
-26.5816 129.822 463
-27.3118 129.542 462
-27.9777 128.981 460
-28.7619 128.981 460
-29.4176 128.42 458
-30.0665 127.859 456
-30.7086 127.298 454
-31.3439 126.738 452
-32.1144 126.738 452
-32.6667 125.896 449
-33.2832 125.336 447
-33.9691 125.055 446
-34.7294 125.055 446
-35.4102 124.775 445
-35.9249 123.934 442
-36.5955 123.653 441
-37.2626 123.373 440
-38.0127 123.373 440
-38.6746 123.093 439
-39.3332 122.812 438
-39.8969 122.251 436
-40.5469 121.971 435
-41.2885 121.971 435
-42.0301 121.971 435
-42.7716 121.971 435
-43.5132 121.971 435
-44.2548 121.971 435
-44.9963 121.971 435
-45.7379 121.971 435
-46.4795 121.971 435
-47.221 121.971 435
-52.2503 116.643 416
-52.9594 116.643 416
-53.6686 116.643 416
-54.3778 116.643 416
-55.087 116.643 416
-55.7961 116.643 416
-56.5053 116.643 416
-57.2145 116.643 416
-57.9237 116.643 416
-58.6328 116.643 416
-59.342 116.643 416
-60.0512 116.643 416
-60.7604 116.643 416
-61.4695 116.643 416
-62.3282 116.924 417
-63.0391 116.924 417
-63.7499 116.924 417
-64.4608 116.924 417
-65.1717 116.924 417
-65.8826 116.924 417
-66.5935 116.924 417
-67.4657 117.204 418
-68.1783 117.204 418
-69.0557 117.485 419
-69.77 117.485 419
-70.4843 117.485 419
-76.2963 125.896 449
-77.0618 125.896 449
-77.8272 125.896 449
-74.3917 119.167 425
-75.8232 120.289 429
-76.5545 120.289 429
-77.466 120.569 430
-78.5628 121.13 432
-79.2992 121.13 432
-80.5915 121.971 435
-81.894 122.812 438
-83.018 123.373 440
-83.7681 123.373 440
-84.7103 123.653 441
-85.4621 123.653 441
-86.2138 123.653 441
-86.9656 123.653 441
-87.7174 123.653 441
-88.6698 123.934 442
-89.4233 123.934 442
-90.1768 123.934 442
-91.1361 124.214 443
-92.0987 124.494 444
-92.8556 124.494 444
-93.8233 124.775 445
-94.7945 125.055 446
-95.7691 125.336 447
-96.5311 125.336 447
-97.7284 125.896 449
-98.7132 126.177 450
-99.4804 126.177 450
-100.693 126.738 452
-101.913 127.298 454
-102.913 127.579 455
-103.688 127.579 455
-104.694 127.859 456
-105.934 128.42 458
-106.947 128.7 459
-107.965 128.981 460
-108.985 129.261 461
-110.009 129.542 462
-110.797 129.542 462
-111.826 129.822 463
-112.858 130.102 464
-113.649 130.102 464
-114.44 130.102 464
-115.48 130.383 465
-116.522 130.663 466
-117.82 131.224 468
-118.872 131.504 469
-119.926 131.785 470
-120.728 131.785 470
-121.529 131.785 470
-122.33 131.785 470
-123.131 131.785 470
-123.932 131.785 470
-124.468 131.504 469
-777.646 604.247 2155
-781.32 604.247 2155
-800.657 616.304 2198
-804.404 616.304 2198
-808.151 616.304 2198
-809.682 614.621 2192
-797.833 602.845 2150
-800.38 602.004 2147
-804.04 602.004 2147
-805.819 600.602 2142
-809.471 600.602 2142
-813.882 601.163 2144
-817.537 601.163 2144
-821.192 601.163 2144
-824.847 601.163 2144
-830.82 602.845 2150
-834.485 602.845 2150
-838.151 602.845 2150
-841.816 602.845 2150
-844.301 602.004 2147
-847.961 602.004 2147
-850.431 601.163 2144
-853.29 600.602 2142
-856.941 600.602 2142
-860.593 600.602 2142
-864.244 600.602 2142
-868.706 601.163 2144
-872.361 601.163 2144
-878.468 602.845 2150
-882.133 602.845 2150
-885.798 602.845 2150
-886.981 601.163 2144
-890.636 601.163 2144
-893.457 600.602 2142
-894.596 598.919 2136
-896.975 598.078 2133
-900.612 598.078 2133
-904.248 598.078 2133
-907.033 597.517 2131
-910.666 597.517 2131
-914.299 597.517 2131
-915.347 595.835 2125
-916.807 594.433 2120
-917.816 592.751 2114
-921.42 592.751 2114
-924.149 592.19 2112
-925.114 590.508 2106
-928.704 590.508 2106
-932.294 590.508 2106
-929.218 586.302 2091
-929.214 584.059 2083
-927.839 580.974 2072
-931.372 580.974 2072
-929.489 577.61 2060
-923.49 571.721 2039
-921.51 568.357 2027
-924.966 568.357 2027
-928.422 568.357 2027
-930.958 567.796 2025
-934.41 567.796 2025
-937.862 567.796 2025
-937.595 565.553 2017
-938.701 564.151 2012
-941.194 563.59 2010
-944.621 563.59 2010
-947.104 563.029 2008
-949.107 562.188 2005
-951.575 561.627 2003
-954.99 561.627 2003
-952.662 558.262 1991
-954.616 557.421 1988
-957.041 556.86 1986
-960.427 556.86 1986
-961.386 555.458 1981
-962.815 554.337 1977
-963.742 552.935 1972
-967.104 552.935 1972
-969.481 552.374 1970
-971.358 551.533 1967
-973.72 550.972 1965
-977.07 550.972 1965
-979.422 550.411 1963
-980.265 549.01 1958
-982.598 548.449 1956
-985.933 548.449 1956
-986.738 547.047 1951
-990.064 547.047 1951
-993.39 547.047 1951
-996.716 547.047 1951
-999.017 546.486 1949
-999.768 545.084 1944
-14.1336 130.704 469
-14.9332 130.704 469
-15.7327 130.704 469
-16.5322 130.704 469
-17.3318 130.704 469
-18.054 130.147 467
-18.8501 130.147 467
-19.6462 130.147 467
-20.4423 130.147 467
-21.2384 130.147 467
-22.0346 130.147 467
-22.7818 129.868 466
-23.5256 129.589 465
-24.3183 129.589 465
-25.111 129.589 465
-25.9037 129.589 465
-26.639 129.311 464
-27.3709 129.032 463
-28.0386 128.475 461
-28.8245 128.475 461
-29.4176 127.639 458
-30.0665 127.081 456
-30.7086 126.524 454
-31.3439 125.966 452
-32.1144 125.966 452
-32.6667 125.13 449
-33.2832 124.573 447
-33.9691 124.294 446
-34.7294 124.294 446
-35.4102 124.016 445
-35.9249 123.18 442
-36.5955 122.901 441
-37.2626 122.622 440
-38.0127 122.622 440
-38.6746 122.344 439
-39.3332 122.065 438
-39.8969 121.507 436
-40.5469 121.229 435
-41.2885 121.229 435
-42.0301 121.229 435
-42.7716 121.229 435
-43.5132 121.229 435
-44.2548 121.229 435
-44.9963 121.229 435
-45.7379 121.229 435
-46.4795 121.229 435
-47.221 121.229 435
-52.2503 115.934 416
-52.9594 115.934 416
-53.6686 115.934 416
-54.3778 115.934 416
-55.087 115.934 416
-55.7961 115.934 416
-56.5053 115.934 416
-57.2145 115.934 416
-57.9237 115.934 416
-58.6328 115.934 416
-59.342 115.934 416
-60.0512 115.934 416
-60.7604 115.934 416
-61.4695 115.934 416
-62.3282 116.212 417
-63.0391 116.212 417
-63.7499 116.212 417
-64.4608 116.212 417
-65.328 116.491 418
-66.0406 116.491 418
-66.7532 116.491 418
-67.4657 116.491 418
-68.1783 116.491 418
-74 125.13 449
-74.7655 125.13 449
-75.5309 125.13 449
-76.2963 125.13 449
-77.2334 125.409 450
-78.0005 125.409 450
-78.7677 125.409 450
-79.5348 125.409 450
-76.733 119.835 430
-77.6462 120.114 431
-78.9265 120.95 434
-79.6663 120.95 434
-81.5178 122.622 440
-82.2679 122.622 440
-83.2067 122.901 441
-83.9585 122.901 441
-84.7103 122.901 441
-85.4621 122.901 441
-86.2138 122.901 441
-86.9656 122.901 441
-87.9163 123.18 442
-88.8704 123.458 443
-89.6256 123.458 443
-90.5849 123.737 444
-91.5475 124.016 445
-92.3061 124.016 445
-93.0647 124.016 445
-94.245 124.573 447
-95.007 124.573 447
-96.1976 125.13 449
-96.963 125.13 449
-97.9461 125.409 450
-99.3713 126.245 453
-100.144 126.245 453
-101.139 126.524 454
-102.137 126.803 455
-103.139 127.081 456
-103.916 127.081 456
-104.923 127.36 457
-106.165 127.917 459
-106.947 127.917 459
-107.965 128.196 460
-108.985 128.475 461
-110.009 128.753 462
-110.797 128.753 462
-111.826 129.032 463
-112.858 129.311 464
-113.649 129.311 464
-114.44 129.311 464
-115.48 129.589 465
-116.522 129.868 466
-117.82 130.425 468
-118.872 130.704 469
-119.926 130.983 470
-120.728 130.983 470
-121.529 130.983 470
-122.33 130.983 470
-123.131 130.983 470
-123.932 130.983 470
-124.468 130.704 469
-800.657 612.554 2198
-804.404 612.554 2198
-808.151 612.554 2198
-809.682 610.882 2192
-796.72 598.341 2147
-799.262 597.505 2144
-802.917 597.505 2144
-804.691 596.111 2139
-808.337 596.111 2139
-811.984 596.111 2139
-815.63 596.111 2139
-819.277 596.111 2139
-824.077 596.947 2142
-828.502 597.505 2144
-833.321 598.341 2147
-836.981 598.341 2147
-840.641 598.341 2147
-844.301 598.341 2147
-847.961 598.341 2147
-850.431 597.505 2144
-853.29 596.947 2142
-855.741 596.111 2139
-859.388 596.111 2139
-863.034 596.111 2139
-867.896 596.947 2142
-872.361 597.505 2144
-878.468 599.177 2150
-882.133 599.177 2150
-885.798 599.177 2150
-886.981 597.505 2144
-890.636 597.505 2144
-893.457 596.947 2142
-894.596 595.275 2136
-896.975 594.439 2133
-900.612 594.439 2133
-904.248 594.439 2133
-907.033 593.882 2131
-909.384 593.046 2128
-913.011 593.046 2128
-913.193 590.816 2120
-915.51 589.98 2117
-916.948 588.587 2112
-920.548 588.587 2112
-921.523 586.915 2106
-925.114 586.915 2106
-926.499 585.521 2101
-930.081 585.521 2101
-929.218 582.734 2091
-929.214 580.505 2083
-927.839 577.439 2072
-931.372 577.439 2072
-929.489 574.095 2060
-923.49 568.243 2039
-921.51 564.898 2027
-924.966 564.898 2027
-928.422 564.898 2027
-930.958 564.341 2025
-934.41 564.341 2025
-937.862 564.341 2025
-937.595 562.111 2017
-938.701 560.718 2012
-941.194 560.161 2010
-944.621 560.161 2010
-947.104 559.603 2008
-949.107 558.767 2005
-951.575 558.21 2003
-954.99 558.21 2003
-953.619 555.423 1993
-956.057 554.866 1991
-957.041 553.472 1986
-960.427 553.472 1986
-961.386 552.079 1981
-962.815 550.964 1977
-963.742 549.571 1972
-967.104 549.571 1972
-968.005 548.177 1967
-970.37 547.62 1965
-972.729 547.062 1963
-976.076 547.062 1963
-976.927 545.669 1958
-979.264 545.112 1956
-981.091 544.276 1953
-984.421 544.276 1953
-986.738 543.718 1951
-989.049 543.161 1949
-992.372 543.161 1949
-995.695 543.161 1949
-999.017 543.161 1949
-999.768 541.767 1944
-14.1336 129.904 469
-14.9332 129.904 469
-15.7327 129.904 469
-16.5322 129.904 469
-17.3318 129.904 469
-18.054 129.35 467
-18.8501 129.35 467
-19.6462 129.35 467
-20.4423 129.35 467
-21.2839 129.627 468
-22.0817 129.627 468
-22.8796 129.627 468
-23.6268 129.35 467
-24.3706 129.073 466
-25.165 129.073 466
-25.9037 128.796 465
-26.639 128.519 464
-27.43 128.519 464
-28.0386 127.688 461
-28.8245 127.688 461
-29.4176 126.857 458
-30.0665 126.303 456
-30.7086 125.749 454
-31.3439 125.195 452
-32.1144 125.195 452
-32.6667 124.364 449
-33.2832 123.81 447
-33.9691 123.533 446
-34.7294 123.533 446
-35.4102 123.256 445
-35.9249 122.426 442
-36.5955 122.149 441
-37.2626 121.872 440
-38.0127 121.872 440
-38.6746 121.595 439
-39.423 121.595 439
-39.8969 120.764 436
-40.6402 120.764 436
-41.3834 120.764 436
-42.1267 120.764 436
-42.7716 120.487 435
-43.5132 120.487 435
-44.2548 120.487 435
-44.9963 120.487 435
-45.7379 120.487 435
-46.4795 120.487 435
-47.221 120.487 435
-53.6686 115.224 416
-54.3778 115.224 416
-55.087 115.224 416
-55.7961 115.224 416
-56.5053 115.224 416
-57.2145 115.224 416
-57.9237 115.224 416
-58.6328 115.224 416
-59.342 115.224 416
-60.0512 115.224 416
-60.7604 115.224 416
-61.4695 115.224 416
-62.3282 115.501 417
-63.1902 115.778 418
-63.9028 115.778 418
-64.6154 115.778 418
-70.3292 124.641 450
-71.0963 124.641 450
-71.8634 124.641 450
-72.6306 124.641 450
-73.3977 124.641 450
-74.1648 124.641 450
-74.932 124.641 450
-75.5309 124.364 449
-76.4663 124.641 450
-77.2334 124.641 450
-78.0005 124.641 450
-78.7677 124.641 450
-79.5348 124.641 450
-77.0899 119.656 432
-79.4477 122.149 441
-80.1995 122.149 441
-81.1348 122.426 442
-81.8884 122.426 442
-82.6419 122.426 442
-83.3953 122.426 442
-84.1488 122.426 442
-84.9023 122.426 442
-85.6558 122.426 442
-86.4093 122.426 442
-87.1628 122.426 442
-88.3141 122.979 444
-89.2717 123.256 445
-90.0303 123.256 445
-90.7889 123.256 445
-91.7532 123.533 446
-92.721 123.81 447
-93.483 123.81 447
-94.245 123.81 447
-95.4321 124.364 449
-96.1976 124.364 449
-97.3949 124.918 451
-98.5991 125.472 453
-99.5907 125.749 454
-100.365 125.749 454
-101.361 126.026 455
-102.361 126.303 456
-103.139 126.303 456
-103.916 126.303 456
-105.153 126.857 458
-106.396 127.411 460
-107.18 127.411 460
-108.199 127.688 461
-109.222 127.965 462
-110.247 128.242 463
-111.037 128.242 463
-112.067 128.519 464
-112.858 128.519 464
-113.894 128.796 465
-114.687 128.796 465
-115.728 129.073 466
-117.273 129.904 469
-118.072 129.904 469
-118.872 129.904 469
-119.926 130.181 470
-120.728 130.181 470
-121.529 130.181 470
-122.33 130.181 470
-123.131 130.181 470
-123.932 130.181 470
-751.046 593.293 2142
-754.697 593.293 2142
-758.349 593.293 2142
-762 593.293 2142
-798.472 607.142 2192
-802.208 607.142 2192
-805.945 607.142 2192
-809.682 607.142 2192
-796.72 594.678 2147
-797.398 592.462 2139
-801.044 592.462 2139
-803.562 591.631 2136
-807.203 591.631 2136
-811.984 592.462 2139
-815.63 592.462 2139
-819.277 592.462 2139
-824.077 593.293 2142
-828.502 593.847 2144
-832.157 593.847 2144
-835.812 593.847 2144
-839.467 593.847 2144
-843.122 593.847 2144
-846.776 593.847 2144
-850.431 593.847 2144
-853.29 593.293 2142
-855.741 592.462 2139
-859.388 592.462 2139
-861.824 591.631 2136
-867.896 593.293 2142
-872.361 593.847 2144
-877.242 594.678 2147
-880.902 594.678 2147
-884.562 594.678 2147
-886.981 593.847 2144
-890.636 593.847 2144
-893.457 593.293 2142
-894.596 591.631 2136
-896.975 590.8 2133
-900.612 590.8 2133
-904.248 590.8 2133
-905.756 589.415 2128
-908.102 588.584 2125
-911.724 588.584 2125
-911.901 586.368 2117
-913.347 584.983 2112
-914.343 583.322 2106
-917.933 583.322 2106
-921.523 583.322 2106
-924.235 582.768 2104
-926.499 581.937 2101
-930.081 581.937 2101
-930.107 579.721 2093
-929.214 576.951 2083
-927.839 573.904 2072
-931.372 573.904 2072
-929.489 570.58 2060
-923.49 564.764 2039
-921.51 561.44 2027
-924.966 561.44 2027
-928.422 561.44 2027
-930.958 560.886 2025
-934.41 560.886 2025
-937.862 560.886 2025
-937.595 558.67 2017
-937.768 556.731 2010
-941.194 556.731 2010
-944.621 556.731 2010
-947.104 556.177 2008
-949.107 555.346 2005
-951.575 554.792 2003
-954.99 554.792 2003
-953.619 552.023 1993
-956.057 551.469 1991
-957.041 550.084 1986
-960.427 550.084 1986
-960.415 548.145 1979
-961.354 546.76 1974
-963.742 546.206 1972
-967.104 546.206 1972
-968.005 544.821 1967
-970.37 544.267 1965
-972.729 543.713 1963
-976.076 543.713 1963
-976.927 542.328 1958
-979.264 541.774 1956
-981.091 540.943 1953
-984.421 540.943 1953
-986.738 540.39 1951
-989.049 539.836 1949
-992.372 539.836 1949
-995.695 539.836 1949
-999.017 539.836 1949
-999.768 538.451 1944
-14.1336 129.104 469
-14.9332 129.104 469
-15.7327 129.104 469
-16.5322 129.104 469
-17.3318 129.104 469
-18.054 128.553 467
-18.8501 128.553 467
-19.6462 128.553 467
-20.4423 128.553 467
-21.2839 128.829 468
-22.0817 128.829 468
-22.8796 128.829 468
-23.6268 128.553 467
-24.4229 128.553 467
-25.219 128.553 467
-25.9037 128.003 465
-26.639 127.727 464
-27.43 127.727 464
-28.0386 126.902 461
-28.8245 126.902 461
-29.4176 126.076 458
-30.0665 125.525 456
-30.7763 125.25 455
-31.5519 125.25 455
-32.1855 124.699 453
-32.7395 123.874 450
-33.3577 123.323 448
-34.0453 123.048 447
-34.8073 123.048 447
-35.4102 122.497 445
-35.9249 121.671 442
-36.5955 121.396 441
-37.2626 121.121 440
-38.0127 121.121 440
-38.6746 120.846 439
-39.423 120.846 439
-39.8969 120.02 436
-40.6402 120.02 436
-41.3834 120.02 436
-42.1267 120.02 436
-42.87 120.02 436
-43.6132 120.02 436
-44.3565 120.02 436
-45.0998 120.02 436
-45.8431 120.02 436
-46.5863 120.02 436
-53.6686 114.514 416
-54.3778 114.514 416
-55.087 114.514 416
-55.7961 114.514 416
-56.5053 114.514 416
-57.2145 114.514 416
-57.9237 114.514 416
-58.6328 114.514 416
-59.342 114.514 416
-60.0512 114.514 416
-60.7604 114.514 416
-61.4695 114.514 416
-62.3282 114.79 417
-63.1902 115.065 418
-63.9028 115.065 418
-64.6154 115.065 418
-70.3292 123.874 450
-71.0963 123.874 450
-71.8634 123.874 450
-72.6306 123.874 450
-73.3977 123.874 450
-74.1648 123.874 450
-74.932 123.874 450
-75.5309 123.598 449
-76.4663 123.874 450
-77.2334 123.874 450
-78.0005 123.874 450
-78.7677 123.874 450
-79.5348 123.874 450
-77.0899 118.919 432
-79.4477 121.396 441
-80.1995 121.396 441
-81.1348 121.671 442
-81.8884 121.671 442
-82.6419 121.671 442
-83.3953 121.671 442
-84.3392 121.947 443
-85.2865 122.222 444
-86.0434 122.222 444
-86.8003 122.222 444
-87.5572 122.222 444
-88.5131 122.497 445
-89.4723 122.773 446
-90.2326 122.773 446
-91.1969 123.048 447
-91.959 123.048 447
-92.9284 123.323 448
-93.6921 123.323 448
-94.6667 123.598 449
-96.2823 124.699 453
-97.0546 124.699 453
-98.0428 124.975 454
-98.8167 124.975 454
-99.81 125.25 455
-100.586 125.25 455
-101.584 125.525 456
-102.586 125.801 457
-103.365 125.801 457
-104.372 126.076 458
-105.612 126.626 460
-106.627 126.902 461
-107.413 126.902 461
-108.669 127.452 463
-109.458 127.452 463
-110.485 127.727 464
-111.276 127.727 464
-112.067 127.727 464
-113.102 128.003 465
-113.894 128.003 465
-114.687 128.003 465
-115.728 128.278 466
-117.273 129.104 469
-118.072 129.104 469
-119.125 129.379 470
-120.181 129.654 471
-120.984 129.654 471
-121.787 129.654 471
-122.33 129.379 470
-123.131 129.379 470
-123.932 129.379 470
-751.046 589.638 2142
-754.697 589.638 2142
-758.349 589.638 2142
-762 589.638 2142
-798.472 603.402 2192
-802.208 603.402 2192
-805.945 603.402 2192
-809.682 603.402 2192
-796.72 591.015 2147
-800.38 591.015 2147
-804.04 591.015 2147
-805.819 589.638 2142
-809.471 589.638 2142
-813.122 589.638 2142
-816.774 589.638 2142
-820.426 589.638 2142
-824.847 590.189 2144
-828.502 590.189 2144
-832.157 590.189 2144
-835.812 590.189 2144
-839.467 590.189 2144
-843.122 590.189 2144
-846.776 590.189 2144
-850.431 590.189 2144
-853.29 589.638 2142
-855.741 588.812 2139
-859.388 588.812 2139
-861.824 587.987 2136
-866.68 588.812 2139
-871.548 589.638 2142
-876.016 590.189 2144
-879.671 590.189 2144
-883.326 590.189 2144
-886.981 590.189 2144
-890.636 590.189 2144
-892.206 588.812 2139
-893.339 587.161 2133
-896.134 586.61 2131
-899.767 586.61 2131
-903.4 586.61 2131
-905.756 585.784 2128
-908.102 584.959 2125
-911.724 584.959 2125
-911.901 582.756 2117
-910.753 579.728 2106
-914.343 579.728 2106
-917.933 579.728 2106
-920.648 579.178 2104
-924.235 579.178 2104
-925.176 577.526 2098
-928.752 577.526 2098
-930.107 576.15 2093
-929.214 573.397 2083
-927.839 570.369 2072
-931.372 570.369 2072
-929.489 567.066 2060
-923.49 561.285 2039
-921.51 557.982 2027
-924.966 557.982 2027
-928.422 557.982 2027
-930.958 557.431 2025
-933.025 556.605 2022
-936.472 556.605 2022
-937.595 555.229 2017
-938.701 553.853 2012
-941.194 553.302 2010
-944.621 553.302 2010
-947.104 552.752 2008
-949.107 551.926 2005
-952.525 551.926 2005
-955.943 551.926 2005
-955.055 549.448 1996
-957.017 548.622 1993
-957.041 546.696 1986
-960.427 546.696 1986
-960.415 544.769 1979
-961.354 543.392 1974
-963.742 542.842 1972
-967.104 542.842 1972
-968.005 541.465 1967
-970.37 540.915 1965
-972.729 540.364 1963
-976.076 540.364 1963
-976.927 538.988 1958
-977.762 537.611 1953
-980.086 537.061 1951
-983.412 537.061 1951
-986.738 537.061 1951
-989.049 536.51 1949
-992.372 536.51 1949
-995.695 536.51 1949
-999.017 536.51 1949
-999.768 535.134 1944
-14.1035 128.03 468
-14.9332 128.304 469
-15.7327 128.304 469
-16.5322 128.304 469
-21.2839 128.03 468
-22.0817 128.03 468
-22.8796 128.03 468
-23.6268 127.757 467
-24.4229 127.757 467
-25.219 127.757 467
-25.9037 127.209 465
-26.639 126.936 464
-27.43 126.936 464
-28.0386 126.115 461
-28.8245 126.115 461
-29.4819 125.568 459
-30.1984 125.294 458
-30.8439 124.747 456
-31.6213 124.747 456
-32.3276 124.474 455
-32.9577 123.927 453
-33.5066 123.106 450
-34.1214 122.559 448
-34.8852 122.559 448
-35.5693 122.285 447
-35.9249 120.917 442
-36.5955 120.644 441
-37.2626 120.37 440
-38.0127 120.37 440
-38.6746 120.097 439
-39.423 120.097 439
-40.0799 119.823 438
-40.8266 119.823 438
-41.3834 119.276 436
-42.1267 119.276 436
-42.87 119.276 436
-43.6132 119.276 436
-44.3565 119.276 436
-45.0998 119.276 436
-45.8431 119.276 436
-46.5863 119.276 436
-54.3778 113.805 416
-55.087 113.805 416
-55.7961 113.805 416
-56.6411 114.078 417
-57.352 114.078 417
-58.0629 114.078 417
-58.7738 114.078 417
-59.342 113.805 416
-60.0512 113.805 416
-60.7604 113.805 416
-61.4695 113.805 416
-62.1787 113.805 416
-63.1902 114.352 418
-63.9028 114.352 418
-64.6154 114.352 418
-70.3292 123.106 450
-71.2543 123.379 451
-72.0231 123.379 451
-72.792 123.379 451
-73.3977 123.106 450
-74.1648 123.106 450
-74.932 123.106 450
-75.6991 123.106 450
-76.4663 123.106 450
-77.405 123.379 451
-78.1739 123.379 451
-79.1178 123.653 452
-79.8883 123.653 452
-80.6588 123.653 452
-81.4294 123.653 452
-81.1088 122.012 446
-81.502 121.464 444
-82.2589 121.464 444
-83.0158 121.464 444
-83.584 121.191 443
-84.3392 121.191 443
-85.2865 121.464 444
-86.0434 121.464 444
-86.8003 121.464 444
-87.5572 121.464 444
-88.5131 121.738 445
-89.4723 122.012 446
-90.2326 122.012 446
-91.1969 122.285 447
-91.959 122.285 447
-92.9284 122.559 448
-93.6921 122.559 448
-94.6667 122.832 449
-96.2823 123.927 453
-97.0546 123.927 453
-98.0428 124.2 454
-98.8167 124.2 454
-99.81 124.474 455
-100.586 124.474 455
-101.584 124.747 456
-102.586 125.021 457
-103.365 125.021 457
-104.372 125.294 458
-105.612 125.842 460
-106.627 126.115 461
-107.413 126.115 461
-108.903 126.936 464
-109.694 126.936 464
-110.485 126.936 464
-111.276 126.936 464
-112.309 127.209 465
-113.345 127.483 466
-114.139 127.483 466
-115.18 127.757 467
-116.473 128.304 469
-117.523 128.577 470
-118.324 128.577 470
-119.125 128.577 470
-120.181 128.851 471
-120.984 128.851 471
-121.787 128.851 471
-122.59 128.851 471
-123.131 128.577 470
-123.932 128.577 470
-757.708 591.182 2161
-761.392 591.182 2161
-765.076 591.182 2161
-768.76 591.182 2161
-798.472 599.662 2192
-802.208 599.662 2192
-805.945 599.662 2192
-795.276 588.993 2153
-796.72 587.352 2147
-800.38 587.352 2147
-804.04 587.352 2147
-805.819 585.984 2142
-809.471 585.984 2142
-813.122 585.984 2142
-816.774 585.984 2142
-820.426 585.984 2142
-824.847 586.531 2144
-828.502 586.531 2144
-832.157 586.531 2144
-835.812 586.531 2144
-839.467 586.531 2144
-843.122 586.531 2144
-846.776 586.531 2144
-850.431 586.531 2144
-853.29 585.984 2142
-854.541 584.342 2136
-858.182 584.342 2136
-861.824 584.342 2136
-866.68 585.163 2139
-871.548 585.984 2142
-876.016 586.531 2144
-879.671 586.531 2144
-883.326 586.531 2144
-886.981 586.531 2144
-890.636 586.531 2144
-892.206 585.163 2139
-893.339 583.522 2133
-896.134 582.975 2131
-899.767 582.975 2131
-903.4 582.975 2131
-905.756 582.154 2128
-908.102 581.333 2125
-911.724 581.333 2125
-911.901 579.145 2117
-910.753 576.135 2106
-914.343 576.135 2106
-917.933 576.135 2106
-920.648 575.588 2104
-924.235 575.588 2104
-925.176 573.947 2098
-928.752 573.947 2098
-930.107 572.579 2093
-929.214 569.843 2083
-927.839 566.834 2072
-931.372 566.834 2072
-929.489 563.551 2060
-923.49 557.806 2039
-921.51 554.523 2027
-924.966 554.523 2027
-928.422 554.523 2027
-929.578 553.156 2022
-932.102 552.609 2020
-935.546 552.609 2020
-936.665 551.241 2015
-938.701 550.42 2012
-941.194 549.873 2010
-944.621 549.873 2010
-947.104 549.326 2008
-949.107 548.505 2005
-952.525 548.505 2005
-955.943 548.505 2005
-955.055 546.043 1996
-957.017 545.222 1993
-958.005 543.854 1988
-961.394 543.854 1988
-960.415 541.392 1979
-961.354 540.024 1974
-963.742 539.477 1972
-967.104 539.477 1972
-968.005 538.109 1967
-971.358 538.109 1967
-973.72 537.562 1965
-977.07 537.562 1965
-976.927 535.647 1958
-977.762 534.279 1953
-980.086 533.732 1951
-983.412 533.732 1951
-986.738 533.732 1951
-989.049 533.185 1949
-992.372 533.185 1949
-995.695 533.185 1949
-999.017 533.185 1949
-999.768 531.817 1944
-21.2384 126.96 467
-22.0346 126.96 467
-22.8307 126.96 467
-23.6268 126.96 467
-24.4229 126.96 467
-25.219 126.96 467
-25.9037 126.416 465
-26.639 126.144 464
-27.43 126.144 464
-28.0994 125.6 462
-28.887 125.6 462
-29.4819 124.785 459
-30.1984 124.513 458
-30.8439 123.969 456
-31.6213 123.969 456
-32.3276 123.697 455
-32.9577 123.154 453
-33.5066 122.338 450
-34.1214 121.794 448
-34.8852 121.794 448
-35.5693 121.523 447
-35.9249 120.163 442
-36.5125 119.619 440
-37.1779 119.348 439
-37.9263 119.348 439
-38.6746 119.348 439
-39.3332 119.076 438
-40.0799 119.076 438
-40.8266 119.076 438
-41.3834 118.532 436
-42.1267 118.532 436
-42.87 118.532 436
-43.6132 118.532 436
-44.3565 118.532 436
-45.0998 118.532 436
-45.8431 118.532 436
-46.5863 118.532 436
-54.3778 113.095 416
-55.087 113.095 416
-55.7961 113.095 416
-56.6411 113.367 417
-57.352 113.367 417
-58.0629 113.367 417
-58.7738 113.367 417
-59.342 113.095 416
-60.0512 113.095 416
-60.7604 113.095 416
-61.4695 113.095 416
-70.3292 122.338 450
-71.2543 122.61 451
-72.0231 122.61 451
-72.792 122.61 451
-73.5608 122.61 451
-74.3297 122.61 451
-75.0985 122.61 451
-75.8673 122.61 451
-76.6362 122.61 451
-77.5767 122.882 452
-78.3472 122.882 452
-79.2928 123.154 453
-80.065 123.154 453
-80.8373 123.154 453
-81.6095 123.154 453
-82.3818 123.154 453
-82.0527 121.523 447
-82.6294 121.251 446
-83.3897 121.251 446
-83.9614 120.979 445
-84.72 120.979 445
-85.4786 120.979 445
-86.2372 120.979 445
-86.9958 120.979 445
-87.7544 120.979 445
-88.712 121.251 446
-89.6729 121.523 447
-90.4349 121.523 447
-91.1969 121.523 447
-92.3704 122.066 449
-93.1358 122.066 449
-94.5287 122.882 452
-95.7209 123.426 454
-96.7074 123.697 455
-97.4831 123.697 455
-98.2587 123.697 455
-99.0344 123.697 455
-100.249 124.241 457
-101.028 124.241 457
-102.252 124.785 459
-103.035 124.785 459
-103.817 124.785 459
-104.828 125.057 460
-106.071 125.6 462
-107.09 125.872 463
-107.879 125.872 463
-108.903 126.144 464
-109.694 126.144 464
-110.485 126.144 464
-111.276 126.144 464
-112.309 126.416 465
-113.345 126.688 466
-114.139 126.688 466
-115.18 126.96 467
-116.473 127.503 469
-117.523 127.775 470
-118.324 127.775 470
-119.125 127.775 470
-120.181 128.047 471
-120.984 128.047 471
-121.787 128.047 471
-122.59 128.047 471
-123.131 127.775 470
-123.932 127.775 470
-762.617 591.301 2175
-766.324 591.301 2175
-770.032 591.301 2175
-773.74 591.301 2175
-784.265 585.32 2153
-787.936 585.32 2153
-791.606 585.32 2153
-795.276 585.32 2153
-797.833 584.504 2150
-800.38 583.689 2147
-804.04 583.689 2147
-805.819 582.329 2142
-809.471 582.329 2142
-813.122 582.329 2142
-816.774 582.329 2142
-820.426 582.329 2142
-824.847 582.873 2144
-828.502 582.873 2144
-832.157 582.873 2144
-835.812 582.873 2144
-839.467 582.873 2144
-843.122 582.873 2144
-846.776 582.873 2144
-850.431 582.873 2144
-853.29 582.329 2142
-854.541 580.698 2136
-858.182 580.698 2136
-861.824 580.698 2136
-865.465 580.698 2136
-871.548 582.329 2142
-876.016 582.873 2144
-879.671 582.873 2144
-883.326 582.873 2144
-886.154 582.329 2142
-889.805 582.329 2142
-890.954 580.698 2136
-892.502 579.339 2131
-896.134 579.339 2131
-899.767 579.339 2131
-903.4 579.339 2131
-905.756 578.523 2128
-906.82 576.892 2122
-910.437 576.892 2122
-911.901 575.533 2117
-910.753 572.542 2106
-913.475 571.999 2104
-917.061 571.999 2104
-920.648 571.999 2104
-924.235 571.999 2104
-925.176 570.367 2098
-928.752 570.367 2098
-930.107 569.008 2093
-927.876 565.474 2080
-927.839 563.299 2072
-931.372 563.299 2072
-929.489 560.037 2060
-923.49 554.328 2039
-921.51 551.065 2027
-924.966 551.065 2027
-928.422 551.065 2027
-929.578 549.706 2022
-932.102 549.162 2020
-935.546 549.162 2020
-936.665 547.803 2015
-938.701 546.987 2012
-941.194 546.444 2010
-944.621 546.444 2010
-947.104 545.9 2008
-949.107 545.084 2005
-952.525 545.084 2005
-955.943 545.084 2005
-955.055 542.638 1996
-957.017 541.822 1993
-958.005 540.463 1988
-961.394 540.463 1988
-961.386 538.56 1981
-961.354 536.656 1974
-963.742 536.113 1972
-967.104 536.113 1972
-968.005 534.753 1967
-971.358 534.753 1967
-973.72 534.21 1965
-977.07 534.21 1965
-976.927 532.307 1958
-977.762 530.947 1953
-980.086 530.404 1951
-983.412 530.404 1951
-986.738 530.404 1951
-989.049 529.86 1949
-992.372 529.86 1949
-995.695 529.86 1949
-999.017 529.86 1949
-999.768 528.501 1944
-3.97105 134.538 498
-4.82001 134.538 498
-5.66898 134.538 498
-6.51794 134.538 498
-19.9399 133.457 494
-20.7821 133.457 494
-21.6242 133.457 494
-21.2839 126.433 468
-22.0817 126.433 468
-22.8796 126.433 468
-23.6268 126.163 467
-24.4229 126.163 467
-25.219 126.163 467
-25.9594 125.893 466
-26.639 125.353 464
-27.43 125.353 464
-28.221 125.353 464
-28.887 124.812 462
-29.4819 124.002 459
-30.1984 123.732 458
-30.9116 123.461 457
-31.6906 123.461 457
-32.3986 123.191 456
-33.1033 122.921 455
-33.6555 122.111 452
-34.2738 121.57 450
-35.0409 121.57 450
-35.6489 121.03 448
-36.1688 120.22 445
-36.5125 118.869 440
-37.0932 118.328 438
-37.8399 118.328 438
-38.5865 118.328 438
-39.3332 118.328 438
-40.0799 118.328 438
-40.8266 118.328 438
-41.5733 118.328 438
-42.3199 118.328 438
-42.87 117.788 436
-43.6132 117.788 436
-44.3565 117.788 436
-45.0998 117.788 436
-45.8431 117.788 436
-46.5863 117.788 436
-56.6411 112.655 417
-57.352 112.655 417
-58.0629 112.655 417
-58.7738 112.655 417
-59.342 112.385 416
-60.0512 112.385 416
-70.3292 121.57 450
-71.2543 121.841 451
-72.0231 121.841 451
-72.792 121.841 451
-73.5608 121.841 451
-74.3297 121.841 451
-75.0985 121.841 451
-75.8673 121.841 451
-76.6362 121.841 451
-77.7483 122.381 453
-78.5205 122.381 453
-79.2928 122.381 453
-80.065 122.381 453
-80.8373 122.381 453
-81.6095 122.381 453
-82.3818 122.381 453
-82.0527 120.76 447
-82.8147 120.76 447
-83.5767 120.76 447
-84.1501 120.49 446
-84.72 120.22 445
-85.4786 120.22 445
-86.431 120.49 446
-87.1913 120.49 446
-87.9516 120.49 446
-88.9109 120.76 447
-89.6729 120.76 447
-90.4349 120.76 447
-91.1969 120.76 447
-92.9876 122.111 452
-93.7581 122.111 452
-94.9469 122.651 454
-96.1426 123.191 456
-96.9199 123.191 456
-98.1258 123.732 458
-98.9066 123.732 458
-99.6873 123.732 458
-100.468 123.732 458
-102.133 124.812 462
-102.921 124.812 462
-103.933 125.082 463
-104.722 125.082 463
-105.511 125.082 463
-106.53 125.353 464
-107.321 125.353 464
-108.112 125.353 464
-109.138 125.623 465
-109.931 125.623 465
-110.723 125.623 465
-111.516 125.623 465
-112.55 125.893 466
-113.345 125.893 466
-114.139 125.893 466
-115.18 126.163 467
-116.473 126.703 469
-117.523 126.973 470
-118.324 126.973 470
-119.125 126.973 470
-120.181 127.244 471
-120.984 127.244 471
-121.787 127.244 471
-122.59 127.244 471
-123.131 126.973 470
-123.932 126.973 470
-765.772 590.021 2184
-769.495 590.021 2184
-773.219 590.021 2184
-776.942 590.021 2184
-782.08 580.026 2147
-786.838 580.836 2150
-790.503 580.836 2150
-794.168 580.836 2150
-797.833 580.836 2150
-800.38 580.026 2147
-804.04 580.026 2147
-805.819 578.675 2142
-809.471 578.675 2142
-813.122 578.675 2142
-816.774 578.675 2142
-820.426 578.675 2142
-824.847 579.215 2144
-828.502 579.215 2144
-832.157 579.215 2144
-835.812 579.215 2144
-839.467 579.215 2144
-843.122 579.215 2144
-846.776 579.215 2144
-849.638 578.675 2142
-852.095 577.864 2139
-854.541 577.054 2136
-858.182 577.054 2136
-860.613 576.244 2133
-865.465 577.054 2136
-870.327 577.864 2139
-875.199 578.675 2142
-878.851 578.675 2142
-882.502 578.675 2142
-886.154 578.675 2142
-889.805 578.675 2142
-890.954 577.054 2136
-892.502 575.703 2131
-896.134 575.703 2131
-898.5 574.893 2128
-902.128 574.893 2128
-905.756 574.893 2128
-909.384 574.893 2128
-910.437 573.272 2122
-911.901 571.921 2117
-910.753 568.949 2106
-913.475 568.409 2104
-917.061 568.409 2104
-919.336 567.599 2101
-922.917 567.599 2101
-926.499 567.599 2101
-928.752 566.788 2098
-929.218 564.897 2091
-925.645 560.574 2075
-926.944 559.224 2070
-930.473 559.224 2070
-927.233 555.171 2055
-922.584 550.309 2037
-921.51 547.607 2027
-924.966 547.607 2027
-926.131 546.256 2022
-928.659 545.716 2020
-930.718 544.905 2017
-934.157 544.905 2017
-935.271 543.555 2012
-938.701 543.555 2012
-941.194 543.014 2010
-944.621 543.014 2010
-947.104 542.474 2008
-949.107 541.664 2005
-951.575 541.123 2003
-954.99 541.123 2003
-955.055 539.232 1996
-957.017 538.422 1993
-958.005 537.071 1988
-961.394 537.071 1988
-961.386 535.18 1981
-961.354 533.289 1974
-963.742 532.748 1972
-967.104 532.748 1972
-968.005 531.398 1967
-971.358 531.398 1967
-973.72 530.857 1965
-977.07 530.857 1965
-976.927 528.966 1958
-979.264 528.426 1956
-980.086 527.075 1951
-983.412 527.075 1951
-986.738 527.075 1951
-989.049 526.535 1949
-992.372 526.535 1949
-995.695 526.535 1949
-999.017 526.535 1949
-999.768 525.184 1944
-3.97105 133.688 498
-4.82001 133.688 498
-5.66898 133.688 498
-6.51794 133.688 498
-15.8566 133.688 498
-16.7055 133.688 498
-17.5545 133.688 498
-18.4034 133.688 498
-19.0978 132.614 494
-19.9399 132.614 494
-20.7821 132.614 494
-21.6242 132.614 494
-21.2839 125.635 468
-22.0817 125.635 468
-22.8796 125.635 468
-23.6268 125.366 467
-24.4229 125.366 467
-25.219 125.366 467
-25.9594 125.098 466
-26.639 124.561 464
-27.43 124.561 464
-28.221 124.561 464
-28.887 124.024 462
-29.4819 123.219 459
-30.1984 122.95 458
-30.9116 122.682 457
-31.6906 122.682 457
-32.3986 122.413 456
-33.1033 122.145 455
-33.73 121.608 453
-34.5022 121.608 453
-35.1188 121.071 451
-35.6489 120.266 448
-36.1688 119.46 445
-36.5955 118.387 441
-37.2626 118.118 440
-38.0127 118.118 440
-38.7627 118.118 440
-39.423 117.85 439
-40.1714 117.85 439
-40.9198 117.85 439
-41.6682 117.85 439
-42.4166 117.85 439
-43.1649 117.85 439
-43.9133 117.85 439
-44.56 117.581 438
-45.0998 117.044 436
-45.8431 117.044 436
-46.5863 117.044 436
-70.3292 120.803 450
-71.2543 121.071 451
-72.0231 121.071 451
-72.792 121.071 451
-73.5608 121.071 451
-74.3297 121.071 451
-75.0985 121.071 451
-75.8673 121.071 451
-76.6362 121.071 451
-77.7483 121.608 453
-78.5205 121.608 453
-79.2928 121.608 453
-80.065 121.608 453
-80.8373 121.608 453
-81.6095 121.608 453
-82.3818 121.608 453
-82.0527 119.997 447
-82.8147 119.997 447
-83.5767 119.997 447
-84.1501 119.729 446
-84.9104 119.729 446
-85.6707 119.729 446
-86.431 119.729 446
-87.1913 119.729 446
-88.1488 119.997 447
-88.9109 119.997 447
-89.6729 119.997 447
-90.4349 119.997 447
-92.217 121.34 452
-92.9876 121.34 452
-95.625 123.756 461
-96.62 124.024 462
-97.4076 124.024 462
-98.1952 124.024 462
-99.4113 124.561 464
-100.202 124.561 464
-100.993 124.561 464
-101.784 124.561 464
-102.575 124.561 464
-103.366 124.561 464
-104.157 124.561 464
-104.948 124.561 464
-105.967 124.829 465
-106.76 124.829 465
-107.784 125.098 466
-108.578 125.098 466
-109.373 125.098 466
-110.404 125.366 467
-111.2 125.366 467
-111.996 125.366 467
-112.792 125.366 467
-113.588 125.366 467
-114.384 125.366 467
-115.427 125.635 468
-116.225 125.635 468
-117.273 125.903 469
-118.072 125.903 469
-119.125 126.172 470
-119.926 126.172 470
-120.728 126.172 470
-121.529 126.172 470
-122.33 126.172 470
-765.772 586.295 2184
-769.495 586.295 2184
-773.219 586.295 2184
-776.942 586.295 2184
-770.79 573.41 2136
-774.431 573.41 2136
-782.08 576.363 2147
-786.838 577.168 2150
-790.503 577.168 2150
-794.168 577.168 2150
-797.833 577.168 2150
-800.38 576.363 2147
-804.04 576.363 2147
-805.819 575.021 2142
-809.471 575.021 2142
-813.122 575.021 2142
-816.774 575.021 2142
-820.426 575.021 2142
-824.847 575.557 2144
-828.502 575.557 2144
-832.157 575.557 2144
-835.812 575.557 2144
-839.467 575.557 2144
-843.122 575.557 2144
-846.776 575.557 2144
-849.638 575.021 2142
-852.095 574.215 2139
-855.741 574.215 2139
-858.182 573.41 2136
-860.613 572.604 2133
-865.465 573.41 2136
-870.327 574.215 2139
-873.973 574.215 2139
-878.851 575.021 2142
-882.502 575.021 2142
-886.154 575.021 2142
-889.805 575.021 2142
-890.954 573.41 2136
-892.502 572.068 2131
-896.134 572.068 2131
-898.5 571.262 2128
-902.128 571.262 2128
-905.756 571.262 2128
-909.384 571.262 2128
-908.292 568.309 2117
-909.747 566.967 2112
-909.888 564.819 2104
-910.87 563.209 2098
-914.446 563.209 2098
-919.336 564.014 2101
-922.917 564.014 2101
-926.499 564.014 2101
-930.081 564.014 2101
-930.107 561.866 2093
-925.645 557.034 2075
-926.944 555.692 2070
-930.473 555.692 2070
-924.526 550.055 2049
-920.32 545.491 2032
-919.237 542.806 2022
-922.684 542.806 2022
-926.131 542.806 2022
-927.28 541.464 2017
-930.718 541.464 2017
-934.157 541.464 2017
-935.271 540.122 2012
-937.768 539.585 2010
-940.258 539.048 2008
-943.681 539.048 2008
-945.689 538.243 2005
-948.16 537.706 2003
-949.2 536.364 1998
-952.606 536.364 1998
-953.619 535.021 1993
-954.616 533.679 1988
-957.041 533.142 1986
-960.427 533.142 1986
-961.386 531.8 1981
-961.354 529.921 1974
-963.742 529.384 1972
-967.104 529.384 1972
-968.005 528.042 1967
-971.358 528.042 1967
-973.72 527.505 1965
-977.07 527.505 1965
-976.927 525.626 1958
-979.264 525.089 1956
-980.086 523.746 1951
-983.412 523.746 1951
-986.738 523.746 1951
-989.049 523.21 1949
-992.372 523.21 1949
-995.695 523.21 1949
-999.017 523.21 1949
-998.74 521.33 1942
-3.97105 132.839 498
-4.82001 132.839 498
-5.66898 132.839 498
-6.51794 132.839 498
-7.36691 132.839 498
-8.21587 132.839 498
-9.04663 132.572 497
-15.8566 132.839 498
-16.7055 132.839 498
-17.5545 132.839 498
-18.4034 132.839 498
-19.0978 131.772 494
-19.9399 131.772 494
-20.7821 131.772 494
-21.6242 131.772 494
-21.2839 124.836 468
-22.0817 124.836 468
-22.8796 124.836 468
-23.6268 124.57 467
-24.4229 124.57 467
-25.219 124.57 467
-25.9594 124.303 466
-26.639 123.769 464
-27.43 123.769 464
-28.221 123.769 464
-28.887 123.236 462
-29.4819 122.436 459
-30.1984 122.169 458
-30.9116 121.902 457
-31.6906 121.902 457
-32.3986 121.635 456
-33.1033 121.369 455
-33.73 120.835 453
-34.5022 120.835 453
-35.1188 120.302 451
-35.7285 119.768 449
-36.4126 119.501 448
-36.9274 118.701 445
-37.686 118.701 445
-38.2718 118.168 443
-38.9389 117.901 442
-39.6924 117.901 442
-40.3544 117.634 441
-41.1062 117.634 441
-41.7631 117.367 440
-42.5132 117.367 440
-43.1649 117.101 439
-43.9133 117.101 439
-44.56 116.834 438
-45.0998 116.3 436
-45.8431 116.3 436
-46.5863 116.3 436
-70.3292 120.035 450
-71.2543 120.302 451
-72.0231 120.302 451
-72.792 120.302 451
-73.5608 120.302 451
-74.3297 120.302 451
-75.0985 120.302 451
-75.8673 120.302 451
-76.6362 120.302 451
-77.7483 120.835 453
-78.5205 120.835 453
-79.2928 120.835 453
-80.065 120.835 453
-80.8373 120.835 453
-81.6095 120.835 453
-81.4725 119.501 448
-82.2362 119.501 448
-82.8147 119.235 447
-83.5767 119.235 447
-84.3387 119.235 447
-84.9104 118.968 446
-85.6707 118.968 446
-86.431 118.968 446
-87.1913 118.968 446
-88.1488 119.235 447
-88.9109 119.235 447
-89.6729 119.235 447
-90.4349 119.235 447
-92.217 120.568 452
-92.9876 120.568 452
-95.625 122.969 461
-96.62 123.236 462
-97.4076 123.236 462
-98.1952 123.236 462
-99.4113 123.769 464
-100.202 123.769 464
-100.993 123.769 464
-101.784 123.769 464
-102.575 123.769 464
-103.366 123.769 464
-104.157 123.769 464
-104.948 123.769 464
-105.967 124.036 465
-106.76 124.036 465
-107.784 124.303 466
-108.578 124.303 466
-109.607 124.57 467
-110.404 124.57 467
-111.2 124.57 467
-111.996 124.57 467
-113.033 124.836 468
-113.831 124.836 468
-114.629 124.836 468
-115.427 124.836 468
-116.225 124.836 468
-117.273 125.103 469
-118.072 125.103 469
-119.125 125.37 470
-119.926 125.37 470
-120.728 125.37 470
-121.529 125.37 470
-122.33 125.37 470
-765.772 582.569 2184
-769.495 582.569 2184
-773.219 582.569 2184
-776.942 582.569 2184
-770.79 569.766 2136
-774.431 569.766 2136
-782.08 572.7 2147
-786.838 573.5 2150
-790.503 573.5 2150
-794.168 573.5 2150
-797.833 573.5 2150
-800.38 572.7 2147
-804.04 572.7 2147
-805.819 571.366 2142
-809.471 571.366 2142
-813.122 571.366 2142
-816.774 571.366 2142
-820.426 571.366 2142
-824.847 571.899 2144
-828.502 571.899 2144
-832.157 571.899 2144
-835.812 571.899 2144
-839.467 571.899 2144
-842.335 571.366 2142
-845.987 571.366 2142
-849.638 571.366 2142
-852.095 570.566 2139
-855.741 570.566 2139
-856.977 568.965 2133
-860.613 568.965 2133
-865.465 569.766 2136
-870.327 570.566 2139
-873.973 570.566 2139
-878.851 571.366 2142
-882.502 571.366 2142
-886.154 571.366 2142
-889.805 571.366 2142
-890.954 569.766 2136
-892.502 568.432 2131
-896.134 568.432 2131
-898.5 567.632 2128
-902.128 567.632 2128
-905.756 567.632 2128
-909.384 567.632 2128
-910.437 566.031 2122
-911.901 564.697 2117
-909.888 561.23 2104
-910.87 559.629 2098
-914.446 559.629 2098
-919.336 560.429 2101
-922.917 560.429 2101
-926.499 560.429 2101
-930.081 560.429 2101
-930.107 558.296 2093
-925.645 553.494 2075
-929.183 553.494 2075
-929.124 551.36 2067
-923.624 546.025 2047
-919.414 541.491 2030
-919.237 539.357 2022
-922.684 539.357 2022
-923.841 538.023 2017
-926.36 537.49 2015
-928.411 536.689 2012
-931.841 536.689 2012
-934.341 536.156 2010
-936.835 535.622 2008
-938.853 534.822 2005
-942.271 534.822 2005
-943.331 533.488 2000
-945.794 532.955 1998
-948.249 532.421 1996
-951.652 532.421 1996
-952.662 531.088 1991
-954.616 530.287 1988
-956.077 529.22 1984
-959.46 529.22 1984
-961.386 528.42 1981
-961.354 526.553 1974
-963.742 526.019 1972
-967.104 526.019 1972
-968.005 524.686 1967
-971.358 524.686 1967
-973.72 524.152 1965
-977.07 524.152 1965
-976.927 522.285 1958
-979.264 521.752 1956
-980.086 520.418 1951
-983.412 520.418 1951
-986.738 520.418 1951
-989.049 519.884 1949
-992.372 519.884 1949
-995.695 519.884 1949
-999.017 519.884 1949
-998.74 518.017 1942
-3.97105 131.989 498
-4.82001 131.989 498
-5.66898 131.989 498
-6.51794 131.989 498
-7.36691 131.989 498
-8.21587 131.989 498
-9.04663 131.724 497
-9.9138 131.989 498
-10.7628 131.989 498
-11.6117 131.989 498
-15.8566 131.989 498
-16.7055 131.989 498
-17.5545 131.989 498
-18.4034 131.989 498
-19.1751 131.459 496
-19.9399 130.929 494
-19.6462 123.773 467
-20.4861 124.038 468
-21.2839 124.038 468
-22.0817 124.038 468
-22.8796 124.038 468
-23.6774 124.038 468
-24.4229 123.773 467
-25.219 123.773 467
-25.9594 123.508 466
-26.6964 123.243 465
-27.43 122.978 464
-28.221 122.978 464
-28.887 122.448 462
-29.4819 121.652 459
-30.1984 121.387 458
-30.9116 121.122 457
-31.6906 121.122 457
-32.3986 120.857 456
-33.1033 120.592 455
-33.73 120.062 453
-34.5022 120.062 453
-35.1188 119.532 451
-35.7285 119.002 449
-36.4126 118.737 448
-36.9274 117.942 445
-37.686 117.942 445
-38.2718 117.412 443
-38.9389 117.147 442
-39.6924 117.147 442
-40.3544 116.882 441
-41.1062 116.882 441
-41.7631 116.617 440
-42.5132 116.617 440
-43.1649 116.352 439
-43.9133 116.352 439
-44.56 116.087 438
-70.3292 119.267 450
-71.2543 119.532 451
-72.0231 119.532 451
-72.792 119.532 451
-73.5608 119.532 451
-74.3297 119.532 451
-75.0985 119.532 451
-75.8673 119.532 451
-76.6362 119.532 451
-77.405 119.532 451
-78.1739 119.532 451
-79.2928 120.062 453
-80.065 120.062 453
-80.8373 120.062 453
-81.6095 120.062 453
-81.4725 118.737 448
-82.2362 118.737 448
-83 118.737 448
-83.5767 118.472 447
-84.3387 118.472 447
-85.1008 118.472 447
-85.8628 118.472 447
-86.6248 118.472 447
-87.3868 118.472 447
-88.346 118.737 448
-89.3087 119.002 449
-90.0741 119.002 449
-92.6604 121.387 458
-94.0532 122.183 461
-94.8391 122.183 461
-96.0398 122.713 463
-96.8291 122.713 463
-97.6184 122.713 463
-98.4077 122.713 463
-99.4113 122.978 464
-100.202 122.978 464
-101.211 123.243 465
-102.004 123.243 465
-102.796 123.243 465
-103.589 123.243 465
-104.382 123.243 465
-105.174 123.243 465
-105.967 123.243 465
-106.99 123.508 466
-107.784 123.508 466
-109.044 124.038 468
-109.842 124.038 468
-110.64 124.038 468
-111.2 123.773 467
-111.996 123.773 467
-113.033 124.038 468
-113.831 124.038 468
-114.629 124.038 468
-115.427 124.038 468
-116.225 124.038 468
-117.273 124.303 469
-118.072 124.303 469
-118.872 124.303 469
-119.926 124.568 470
-120.728 124.568 470
-121.529 124.568 470
-122.33 124.568 470
-766.473 579.373 2186
-770.2 579.373 2186
-773.927 579.373 2186
-777.653 579.373 2186
-770.79 566.121 2136
-774.431 566.121 2136
-780.258 567.712 2142
-785.74 569.037 2147
-789.4 569.037 2147
-793.06 569.037 2147
-796.72 569.037 2147
-798.516 567.712 2142
-802.168 567.712 2142
-804.691 566.916 2139
-808.337 566.916 2139
-813.122 567.712 2142
-816.774 567.712 2142
-820.426 567.712 2142
-824.077 567.712 2142
-827.729 567.712 2142
-831.38 567.712 2142
-835.812 568.242 2144
-839.467 568.242 2144
-843.122 568.242 2144
-845.987 567.712 2142
-849.638 567.712 2142
-852.095 566.916 2139
-855.741 566.916 2139
-856.977 565.326 2133
-860.613 565.326 2133
-864.249 565.326 2133
-870.327 566.916 2139
-873.973 566.916 2139
-878.851 567.712 2142
-882.502 567.712 2142
-886.154 567.712 2142
-888.559 566.916 2139
-890.954 566.121 2136
-892.502 564.796 2131
-896.134 564.796 2131
-898.5 564.001 2128
-902.128 564.001 2128
-905.756 564.001 2128
-909.384 564.001 2128
-910.437 562.411 2122
-911.901 561.086 2117
-907.293 556.05 2098
-910.87 556.05 2098
-914.446 556.05 2098
-919.336 556.845 2101
-922.917 556.845 2101
-926.499 556.845 2101
-930.081 556.845 2101
-930.107 554.725 2093
-925.645 549.954 2075
-929.183 549.954 2075
-929.124 547.834 2067
-923.624 542.533 2047
-919.414 538.027 2030
-919.237 535.907 2022
-922.684 535.907 2022
-923.841 534.582 2017
-926.36 534.052 2015
-928.411 533.257 2012
-931.841 533.257 2012
-934.341 532.727 2010
-936.835 532.196 2008
-938.853 531.401 2005
-942.271 531.401 2005
-943.331 530.076 2000
-945.794 529.546 1998
-948.249 529.016 1996
-951.652 529.016 1996
-952.662 527.691 1991
-954.616 526.896 1988
-956.077 525.836 1984
-959.46 525.836 1984
-961.386 525.04 1981
-961.354 523.185 1974
-963.742 522.655 1972
-967.104 522.655 1972
-968.005 521.33 1967
-971.358 521.33 1967
-973.72 520.8 1965
-977.07 520.8 1965
-976.927 518.945 1958
-979.264 518.414 1956
-980.086 517.089 1951
-983.412 517.089 1951
-985.727 516.559 1949
-989.049 516.559 1949
-992.372 516.559 1949
-995.695 516.559 1949
-997.992 516.029 1947
-998.74 514.704 1942
-3.97105 131.139 498
-4.82001 131.139 498
-5.66898 131.139 498
-6.51794 131.139 498
-7.36691 131.139 498
-8.21587 131.139 498
-9.04663 130.876 497
-9.9138 131.139 498
-10.7628 131.139 498
-11.6117 131.139 498
-15.8566 131.139 498
-16.7055 131.139 498
-17.5545 131.139 498
-18.3665 130.876 497
-19.1751 130.613 496
-20.0206 130.613 496
-20.8662 130.613 496
-20.4861 123.239 468
-21.2839 123.239 468
-22.0817 123.239 468
-22.8796 123.239 468
-23.6774 123.239 468
-24.4229 122.976 467
-25.219 122.976 467
-25.9594 122.713 466
-26.6964 122.449 465
-27.43 122.186 464
-28.221 122.186 464
-28.887 121.659 462
-29.5461 121.133 460
-30.1984 120.606 458
-30.9116 120.343 457
-31.6906 120.343 457
-32.3986 120.079 456
-33.1033 119.816 455
-33.73 119.289 453
-34.5022 119.289 453
-35.1966 119.026 452
-35.8876 118.763 451
-36.4939 118.236 449
-37.1763 117.973 448
-37.9401 117.973 448
-38.7038 117.973 448
-39.027 116.656 443
-39.6924 116.393 442
-40.4459 116.393 442
-41.1994 116.393 442
-41.7631 115.866 440
-42.5132 115.866 440
-43.1649 115.603 439
-43.9133 115.603 439
-70.3292 118.499 450
-71.2543 118.763 451
-72.0231 118.763 451
-72.792 118.763 451
-73.5608 118.763 451
-74.3297 118.763 451
-75.0985 118.763 451
-75.8673 118.763 451
-76.6362 118.763 451
-77.405 118.763 451
-78.1739 118.763 451
-79.2928 119.289 453
-80.065 119.289 453
-80.8373 119.289 453
-81.6095 119.289 453
-81.6544 118.236 449
-82.2362 117.973 448
-83 117.973 448
-83.7637 117.973 448
-84.5274 117.973 448
-85.2911 117.973 448
-86.0549 117.973 448
-86.8186 117.973 448
-87.7778 118.236 449
-89.3321 119.289 453
-90.1043 119.289 453
-92.2808 121.133 460
-93.2673 121.396 461
-94.2572 121.659 462
-95.0448 121.659 462
-96.0398 121.923 463
-97.0383 122.186 464
-97.8293 122.186 464
-98.6203 122.186 464
-99.4113 122.186 464
-100.418 122.449 465
-101.211 122.449 465
-102.004 122.449 465
-102.796 122.449 465
-103.589 122.449 465
-104.382 122.449 465
-105.401 122.713 466
-106.423 122.976 467
-107.449 123.239 468
-108.246 123.239 468
-109.044 123.239 468
-109.842 123.239 468
-110.64 123.239 468
-111.438 123.239 468
-112.236 123.239 468
-113.275 123.503 469
-114.074 123.503 469
-114.874 123.503 469
-115.674 123.503 469
-116.473 123.503 469
-117.273 123.503 469
-118.072 123.503 469
-119.125 123.766 470
-119.926 123.766 470
-120.728 123.766 470
-121.529 123.766 470
-122.33 123.766 470
-756.815 571.167 2169
-766.473 575.644 2186
-770.2 575.644 2186
-773.927 575.644 2186
-777.653 575.644 2186
-764.58 563.267 2139
-766.071 561.687 2133
-770.79 562.477 2136
-774.431 562.477 2136
-779.166 563.267 2139
-783.91 564.057 2142
-787.562 564.057 2142
-791.213 564.057 2142
-794.865 564.057 2142
-797.398 563.267 2139
-801.044 563.267 2139
-804.691 563.267 2139
-808.337 563.267 2139
-813.122 564.057 2142
-816.774 564.057 2142
-820.426 564.057 2142
-824.847 564.584 2144
-828.502 564.584 2144
-832.157 564.584 2144
-835.812 564.584 2144
-839.467 564.584 2144
-843.122 564.584 2144
-845.987 564.057 2142
-849.638 564.057 2142
-852.095 563.267 2139
-855.741 563.267 2139
-856.977 561.687 2133
-860.613 561.687 2133
-864.249 561.687 2133
-869.106 562.477 2136
-872.748 562.477 2136
-878.851 564.057 2142
-882.502 564.057 2142
-886.154 564.057 2142
-888.559 563.267 2139
-892.206 563.267 2139
-892.502 561.16 2131
-896.134 561.16 2131
-898.5 560.37 2128
-902.128 560.37 2128
-905.756 560.37 2128
-909.384 560.37 2128
-910.437 558.79 2122
-911.901 557.474 2117
-907.293 552.47 2098
-910.87 552.47 2098
-914.446 552.47 2098
-919.336 553.26 2101
-922.917 553.26 2101
-926.499 553.26 2101
-928.752 552.47 2098
-930.107 551.154 2093
-925.645 546.414 2075
-929.183 546.414 2075
-929.124 544.307 2067
-921.368 537.724 2042
-918.055 533.774 2027
-916.964 531.141 2017
-920.403 531.141 2017
-922.925 530.614 2015
-924.062 529.297 2010
-926.565 528.771 2008
-929.988 528.771 2008
-933.411 528.771 2008
-935.435 527.981 2005
-937.917 527.454 2003
-941.331 527.454 2003
-942.387 526.137 1998
-944.847 525.611 1996
-948.249 525.611 1996
-951.652 525.611 1996
-951.227 523.504 1988
-954.616 523.504 1988
-956.077 522.451 1984
-959.46 522.451 1984
-961.386 521.661 1981
-960.38 519.291 1972
-963.742 519.291 1972
-967.104 519.291 1972
-968.005 517.974 1967
-971.358 517.974 1967
-973.72 517.447 1965
-977.07 517.447 1965
-976.927 515.604 1958
-979.264 515.077 1956
-980.086 513.761 1951
-983.412 513.761 1951
-985.727 513.234 1949
-989.049 513.234 1949
-992.372 513.234 1949
-995.695 513.234 1949
-997.992 512.707 1947
-998.74 511.391 1942
-3.97105 130.29 498
-4.82001 130.29 498
-5.66898 130.29 498
-6.51794 130.29 498
-7.36691 130.29 498
-8.19937 130.028 497
-9.04663 130.028 497
-9.9138 130.29 498
-10.7628 130.29 498
-11.6117 130.29 498
-15.8566 130.29 498
-16.7055 130.29 498
-17.5545 130.29 498
-18.3665 130.028 497
-19.1751 129.766 496
-20.0206 129.766 496
-20.8662 129.766 496
-20.4861 122.441 468
-21.2839 122.441 468
-22.0817 122.441 468
-22.8796 122.441 468
-23.6774 122.441 468
-24.4229 122.179 467
-25.219 122.179 467
-25.9594 121.918 466
-26.6964 121.656 465
-27.43 121.394 464
-28.221 121.394 464
-28.9495 121.133 463
-29.5461 120.348 460
-30.2644 120.086 459
-30.9116 119.563 457
-31.6906 119.563 457
-32.3986 119.301 456
-33.1033 119.04 455
-33.8045 118.778 454
-34.5784 118.778 454
-35.2745 118.517 453
-35.8876 117.993 451
-36.6564 117.993 451
-37.2593 117.47 449
-38.0248 117.47 449
-38.7902 117.47 449
-39.027 115.9 443
-39.6924 115.639 442
-40.4459 115.639 442
-41.1994 115.639 442
-41.7631 115.115 440
-42.5132 115.115 440
-70.3292 117.732 450
-71.0963 117.732 450
-71.8634 117.732 450
-72.6306 117.732 450
-73.3977 117.732 450
-74.1648 117.732 450
-74.932 117.732 450
-75.5309 117.47 449
-76.2963 117.47 449
-77.0618 117.47 449
-77.6539 117.208 448
-78.4176 117.208 448
-79.3581 117.47 449
-80.1235 117.47 449
-80.8889 117.47 449
-81.6544 117.47 449
-82.2362 117.208 448
-83 117.208 448
-83.7637 117.208 448
-84.5274 117.208 448
-85.2911 117.208 448
-87.0153 118.517 453
-87.7876 118.517 453
-89.1463 119.301 456
-90.9097 120.61 461
-91.6955 120.61 461
-92.682 120.871 462
-93.672 121.133 463
-94.4613 121.133 463
-95.2505 121.133 463
-96.2473 121.394 464
-97.0383 121.394 464
-97.8293 121.394 464
-98.6203 121.394 464
-99.6255 121.656 465
-100.418 121.656 465
-101.211 121.656 465
-102.223 121.918 466
-103.017 121.918 466
-104.035 122.179 467
-104.831 122.179 467
-105.627 122.179 467
-106.651 122.441 468
-107.678 122.703 469
-108.478 122.703 469
-109.277 122.703 469
-110.077 122.703 469
-110.876 122.703 469
-111.676 122.703 469
-112.236 122.441 468
-113.275 122.703 469
-114.074 122.703 469
-114.874 122.703 469
-115.92 122.964 470
-116.721 122.964 470
-117.523 122.964 470
-118.324 122.964 470
-119.125 122.964 470
-119.926 122.964 470
-120.728 122.964 470
-756.815 567.466 2169
-766.473 571.914 2186
-770.2 571.914 2186
-773.927 571.914 2186
-777.653 571.914 2186
-764.58 559.618 2139
-767.149 558.833 2136
-770.79 558.833 2136
-774.431 558.833 2136
-779.166 559.618 2139
-783.91 560.403 2142
-787.562 560.403 2142
-791.213 560.403 2142
-794.865 560.403 2142
-797.398 559.618 2139
-801.044 559.618 2139
-804.691 559.618 2139
-808.337 559.618 2139
-813.122 560.403 2142
-816.774 560.403 2142
-821.192 560.926 2144
-824.847 560.926 2144
-829.661 561.711 2147
-833.321 561.711 2147
-838.151 562.496 2150
-841.816 562.496 2150
-845.481 562.496 2150
-846.776 560.926 2144
-849.638 560.403 2142
-852.095 559.618 2139
-855.741 559.618 2139
-858.182 558.833 2136
-860.613 558.048 2133
-865.465 558.833 2136
-869.106 558.833 2136
-872.748 558.833 2136
-877.62 559.618 2139
-881.266 559.618 2139
-884.913 559.618 2139
-888.559 559.618 2139
-892.206 559.618 2139
-892.502 557.525 2131
-896.134 557.525 2131
-898.5 556.74 2128
-902.128 556.74 2128
-904.479 555.955 2125
-908.102 555.955 2125
-910.437 555.17 2122
-911.901 553.862 2117
-907.293 548.891 2098
-910.87 548.891 2098
-914.446 548.891 2098
-918.023 548.891 2098
-921.599 548.891 2098
-925.176 548.891 2098
-927.867 548.368 2096
-926.552 545.49 2085
-923.415 541.565 2070
-926.944 541.565 2070
-926.877 539.472 2062
-919.112 532.932 2037
-917.149 529.792 2025
-916.055 527.176 2015
-919.49 527.176 2015
-920.635 525.868 2010
-923.142 525.345 2008
-926.565 525.345 2008
-929.988 525.345 2008
-932.017 524.56 2005
-934.502 524.037 2003
-936.512 523.252 2000
-939.921 523.252 2000
-941.444 522.205 1996
-944.847 522.205 1996
-946.824 521.42 1993
-950.222 521.42 1993
-951.227 520.112 1988
-954.616 520.112 1988
-956.077 519.066 1984
-959.46 519.066 1984
-961.386 518.281 1981
-960.38 515.926 1972
-963.742 515.926 1972
-967.104 515.926 1972
-968.005 514.618 1967
-971.358 514.618 1967
-973.72 514.095 1965
-977.07 514.095 1965
-976.927 512.263 1958
-979.264 511.74 1956
-980.086 510.432 1951
-983.412 510.432 1951
-985.727 509.909 1949
-988.034 509.386 1947
-991.354 509.386 1947
-994.673 509.386 1947
-996.454 508.601 1944
-998.74 508.077 1942
-3.97105 129.44 498
-4.82001 129.44 498
-5.66898 129.44 498
-6.51794 129.44 498
-7.36691 129.44 498
-8.19937 129.18 497
-9.04663 129.18 497
-9.89389 129.18 497
-10.7412 129.18 497
-11.5884 129.18 497
-15.8247 129.18 497
-16.672 129.18 497
-17.5192 129.18 497
-18.3665 129.18 497
-19.1751 128.92 496
-20.0206 128.92 496
-20.8662 128.92 496
-20.4861 121.642 468
-21.2839 121.642 468
-22.0817 121.642 468
-22.8796 121.642 468
-23.6774 121.642 468
-24.4229 121.383 467
-25.219 121.383 467
-25.9594 121.123 466
-26.6964 120.863 465
-27.43 120.603 464
-28.221 120.603 464
-28.9495 120.343 463
-29.6103 119.823 461
-30.2644 119.303 459
-30.9116 118.783 457
-31.6906 118.783 457
-32.4697 118.783 457
-33.176 118.523 456
-33.8045 118.004 454
-34.5784 118.004 454
-35.2745 117.744 453
-35.8876 117.224 451
-36.6564 117.224 451
-37.4253 117.224 451
-38.0248 116.704 449
-38.7902 116.704 449
-39.027 115.144 443
-39.6924 114.885 442
-40.4459 114.885 442
-41.1994 114.885 442
-41.7631 114.365 440
-42.5132 114.365 440
-69.8712 117.484 452
-70.6417 117.484 452
-71.4123 117.484 452
-71.8634 116.964 450
-72.6306 116.964 450
-73.3977 116.964 450
-74.1648 116.964 450
-74.7655 116.704 449
-75.5309 116.704 449
-76.2963 116.704 449
-77.0618 116.704 449
-77.8272 116.704 449
-78.5926 116.704 449
-79.3581 116.704 449
-80.1235 116.704 449
-80.8889 116.704 449
-81.6544 116.704 449
-82.4198 116.704 449
-83.1852 116.704 449
-83.7637 116.444 448
-84.5274 116.444 448
-85.6719 116.964 450
-87.0153 117.744 453
-87.7876 117.744 453
-89.1463 118.523 456
-90.9097 119.823 461
-91.6955 119.823 461
-92.682 120.083 462
-93.672 120.343 463
-94.4613 120.343 463
-95.2505 120.343 463
-96.2473 120.603 464
-97.0383 120.603 464
-97.8293 120.603 464
-98.6203 120.603 464
-99.6255 120.863 465
-100.418 120.863 465
-101.211 120.863 465
-102.223 121.123 466
-103.017 121.123 466
-104.035 121.383 467
-104.831 121.383 467
-105.627 121.383 467
-106.651 121.642 468
-107.678 121.902 469
-108.478 121.902 469
-109.277 121.902 469
-110.077 121.902 469
-110.876 121.902 469
-111.676 121.902 469
-112.236 121.642 468
-113.275 121.902 469
-114.074 121.902 469
-114.874 121.902 469
-115.92 122.162 470
-116.721 122.162 470
-117.523 122.162 470
-118.324 122.162 470
-119.125 122.162 470
-119.926 122.162 470
-120.728 122.162 470
-753.258 578.062 2224
-757.049 578.062 2224
-760.841 578.062 2224
-760.85 575.202 2213
-764.623 575.202 2213
-759.02 568.185 2186
-756.815 563.766 2169
-766.473 568.185 2186
-770.2 568.185 2186
-773.927 568.185 2186
-777.653 568.185 2186
-764.58 555.968 2139
-768.226 555.968 2139
-771.873 555.968 2139
-774.431 555.189 2136
-779.166 555.968 2139
-782.812 555.968 2139
-786.458 555.968 2139
-790.105 555.968 2139
-793.751 555.968 2139
-797.398 555.968 2139
-801.044 555.968 2139
-804.691 555.968 2139
-808.337 555.968 2139
-813.122 556.748 2142
-816.774 556.748 2142
-821.192 557.268 2144
-824.847 557.268 2144
-829.661 558.048 2147
-833.321 558.048 2147
-838.151 558.827 2150
-841.816 558.827 2150
-845.481 558.827 2150
-846.776 557.268 2144
-849.638 556.748 2142
-852.095 555.968 2139
-855.741 555.968 2139
-858.182 555.189 2136
-860.613 554.409 2133
-865.465 555.189 2136
-869.106 555.189 2136
-872.748 555.189 2136
-877.62 555.968 2139
-881.266 555.968 2139
-884.913 555.968 2139
-888.559 555.968 2139
-892.206 555.968 2139
-892.502 553.889 2131
-896.134 553.889 2131
-898.5 553.109 2128
-902.128 553.109 2128
-904.479 552.329 2125
-908.102 552.329 2125
-910.437 551.55 2122
-911.901 550.25 2117
-907.293 545.312 2098
-910.87 545.312 2098
-914.446 545.312 2098
-918.023 545.312 2098
-921.599 545.312 2098
-925.176 545.312 2098
-927.867 544.792 2096
-926.552 541.933 2085
-923.415 538.034 2070
-926.944 538.034 2070
-924.629 534.655 2057
-919.112 529.457 2037
-915.79 525.558 2022
-914.691 522.958 2012
-918.121 522.958 2012
-919.719 521.919 2008
-923.142 521.919 2008
-926.565 521.919 2008
-929.988 521.919 2008
-932.017 521.139 2005
-934.502 520.619 2003
-936.512 519.839 2000
-939.921 519.839 2000
-941.444 518.8 1996
-944.847 518.8 1996
-945.874 517.5 1991
-949.268 517.5 1991
-951.227 516.72 1988
-953.656 516.201 1986
-956.077 515.681 1984
-959.46 515.681 1984
-961.386 514.901 1981
-960.38 512.562 1972
-962.764 512.042 1970
-966.123 512.042 1970
-968.005 511.262 1967
-970.37 510.742 1965
-972.729 510.222 1963
-976.076 510.222 1963
-976.927 508.923 1958
-977.762 507.623 1953
-980.086 507.103 1951
-983.412 507.103 1951
-984.715 506.064 1947
-986.512 505.284 1944
-989.826 505.284 1944
-993.14 505.284 1944
-994.404 504.244 1940
-996.683 503.724 1938
-3.96307 128.332 497
-4.81033 128.332 497
-5.65759 128.332 497
-6.50485 128.332 497
-7.35211 128.332 497
-8.19937 128.332 497
-9.04663 128.332 497
-9.89389 128.332 497
-10.7412 128.332 497
-11.5884 128.332 497
-12.4357 128.332 497
-14.1586 128.59 498
-15.0076 128.59 498
-15.8566 128.59 498
-16.672 128.332 497
-17.5192 128.332 497
-18.3665 128.332 497
-19.1751 128.074 496
-20.0206 128.074 496
-20.8662 128.074 496
-21.2839 120.844 468
-22.0817 120.844 468
-22.8796 120.844 468
-23.6774 120.844 468
-24.4752 120.844 468
-25.273 120.844 468
-26.0151 120.586 467
-26.6964 120.069 465
-27.4891 120.069 465
-28.2818 120.069 465
-28.9495 119.553 463
-29.6103 119.036 461
-30.2644 118.52 459
-30.9116 118.004 457
-31.6906 118.004 457
-32.4697 118.004 457
-33.176 117.745 456
-33.8045 117.229 454
-34.5784 117.229 454
-35.2745 116.971 453
-35.8876 116.454 451
-36.6564 116.454 451
-37.4253 116.454 451
-38.0248 115.938 449
-38.7902 115.938 449
-69.8712 116.713 452
-70.6417 116.713 452
-71.4123 116.713 452
-71.8634 116.196 450
-72.6306 116.196 450
-73.2346 115.938 449
-74 115.938 449
-74.7655 115.938 449
-75.5309 115.938 449
-76.2963 115.938 449
-77.0618 115.938 449
-77.8272 115.938 449
-78.7677 116.196 450
-79.5348 116.196 450
-80.3019 116.196 450
-81.0691 116.196 450
-81.8362 116.196 450
-82.6034 116.196 450
-83.3705 116.196 450
-83.9507 115.938 449
-85.0934 116.454 451
-86.4334 117.229 454
-87.2074 117.229 454
-88.3689 117.745 456
-90.1238 119.036 461
-91.3041 119.553 463
-92.0934 119.553 463
-93.0833 119.811 464
-93.8743 119.811 464
-94.6653 119.811 464
-95.4563 119.811 464
-96.2473 119.811 464
-97.2474 120.069 465
-98.0401 120.069 465
-98.8328 120.069 465
-99.8398 120.328 466
-100.85 120.586 467
-101.646 120.586 467
-102.442 120.586 467
-103.239 120.586 467
-104.257 120.844 468
-105.055 120.844 468
-106.079 121.102 469
-106.879 121.102 469
-107.908 121.36 470
-108.709 121.36 470
-109.51 121.36 470
-110.312 121.36 470
-111.113 121.36 470
-111.676 121.102 469
-114.074 121.102 469
-114.874 121.102 469
-115.92 121.36 470
-116.721 121.36 470
-117.523 121.36 470
-118.324 121.36 470
-762.403 581.239 2251
-766.24 581.239 2251
-770.077 581.239 2251
-764.632 574.267 2224
-768.423 574.267 2224
-766.312 569.878 2207
-762.049 563.939 2184
-758.76 558.774 2164
-762.449 558.774 2164
-760.119 554.385 2147
-762.712 553.61 2144
-764.58 552.319 2139
-768.226 552.319 2139
-771.873 552.319 2139
-775.519 552.319 2139
-780.258 553.094 2142
-783.91 553.094 2142
-787.562 553.094 2142
-791.213 553.094 2142
-794.865 553.094 2142
-798.516 553.094 2142
-801.044 552.319 2139
-804.691 552.319 2139
-809.471 553.094 2142
-813.882 553.61 2144
-817.537 553.61 2144
-821.192 553.61 2144
-826.001 554.385 2147
-830.82 555.159 2150
-834.485 555.159 2150
-838.151 555.159 2150
-841.816 555.159 2150
-845.481 555.159 2150
-849.146 555.159 2150
-850.431 553.61 2144
-853.29 553.094 2142
-856.941 553.094 2142
-858.182 551.544 2136
-860.613 550.77 2133
-865.465 551.544 2136
-869.106 551.544 2136
-872.748 551.544 2136
-877.62 552.319 2139
-881.266 552.319 2139
-884.913 552.319 2139
-888.559 552.319 2139
-892.206 552.319 2139
-891.245 549.479 2128
-894.873 549.479 2128
-897.234 548.704 2125
-900.857 548.704 2125
-903.202 547.929 2122
-906.82 547.929 2122
-909.579 547.413 2120
-909.747 545.347 2112
-907.293 541.732 2098
-910.87 541.732 2098
-914.446 541.732 2098
-918.023 541.732 2098
-920.721 541.216 2096
-924.294 541.216 2096
-925.654 539.925 2091
-924.33 537.084 2080
-922.077 533.728 2067
-925.6 533.728 2067
-924.629 531.145 2057
-919.112 525.981 2037
-915.79 522.108 2022
-916.964 520.817 2017
-918.121 519.526 2012
-919.719 518.493 2008
-923.142 518.493 2008
-926.565 518.493 2008
-929.988 518.493 2008
-932.017 517.718 2005
-934.502 517.202 2003
-936.512 516.427 2000
-939.921 516.427 2000
-941.444 515.394 1996
-944.847 515.394 1996
-945.874 514.103 1991
-949.268 514.103 1991
-951.227 513.329 1988
-953.656 512.812 1986
-956.077 512.296 1984
-959.46 512.296 1984
-961.386 511.521 1981
-960.38 509.197 1972
-962.764 508.681 1970
-966.123 508.681 1970
-968.005 507.906 1967
-970.37 507.39 1965
-972.729 506.873 1963
-976.076 506.873 1963
-976.927 505.582 1958
-977.762 504.291 1953
-979.082 503.258 1949
-982.404 503.258 1949
-984.715 502.742 1947
-986.512 501.967 1944
-988.808 501.451 1942
-992.118 501.451 1942
-994.404 500.934 1940
-995.14 499.643 1935
-3.96307 127.484 497
-4.81033 127.484 497
-5.65759 127.484 497
-6.50485 127.484 497
-7.35211 127.484 497
-8.19937 127.484 497
-9.02843 127.228 496
-9.89389 127.484 497
-10.7412 127.484 497
-11.5884 127.484 497
-12.4357 127.484 497
-13.2829 127.484 497
-14.1586 127.741 498
-15.0076 127.741 498
-15.8566 127.741 498
-16.672 127.484 497
-17.5192 127.484 497
-18.3295 127.228 496
-19.1751 127.228 496
-20.0206 127.228 496
-20.8662 127.228 496
-21.2839 120.046 468
-22.0817 120.046 468
-22.8796 120.046 468
-23.6774 120.046 468
-24.4752 120.046 468
-25.273 120.046 468
-26.0151 119.789 467
-26.6964 119.276 465
-27.4891 119.276 465
-28.2818 119.276 465
-29.012 119.019 464
-29.6746 118.506 462
-30.3303 117.993 460
-31.0468 117.737 459
-31.8293 117.737 459
-32.4697 117.224 457
-33.176 116.967 456
-33.8789 116.711 455
-34.6546 116.711 455
-35.3524 116.454 454
-35.8876 115.685 451
-36.6564 115.685 451
-37.4253 115.685 451
-69.8712 115.941 452
-70.6417 115.941 452
-71.4123 115.941 452
-71.8634 115.428 450
-72.6306 115.428 450
-73.3977 115.428 450
-74.1648 115.428 450
-74.932 115.428 450
-75.5309 115.172 449
-76.2963 115.172 449
-77.2334 115.428 450
-78.0005 115.428 450
-78.7677 115.428 450
-79.7116 115.685 451
-80.4804 115.685 451
-81.2492 115.685 451
-82.0181 115.685 451
-82.7869 115.685 451
-83.5558 115.685 451
-84.3246 115.685 451
-85.6595 116.454 454
-86.8142 116.967 456
-87.5916 116.967 456
-88.9503 117.737 459
-90.5148 118.763 463
-91.5013 119.019 464
-92.2923 119.019 464
-93.2839 119.276 465
-94.0766 119.276 465
-94.8693 119.276 465
-95.662 119.276 465
-96.6621 119.533 466
-97.4566 119.533 466
-98.251 119.533 466
-99.4705 120.046 468
-100.483 120.302 469
-101.282 120.302 469
-102.082 120.302 469
-102.881 120.302 469
-103.681 120.302 469
-104.703 120.559 470
-105.504 120.559 470
-106.305 120.559 470
-107.335 120.815 471
-108.137 120.815 471
-108.94 120.815 471
-109.743 120.815 471
-110.546 120.815 471
-111.349 120.815 471
-762.403 577.398 2251
-766.24 577.398 2251
-770.077 577.398 2251
-771.852 575.859 2245
-775.679 575.859 2245
-772.215 570.473 2224
-762.049 560.212 2184
-760.513 556.365 2169
-764.21 556.365 2169
-765.076 554.313 2161
-765.914 552.261 2153
-765.652 549.439 2142
-769.304 549.439 2142
-772.955 549.439 2142
-776.607 549.439 2142
-782.08 550.722 2147
-785.74 550.722 2147
-789.4 550.722 2147
-793.06 550.722 2147
-796.72 550.722 2147
-800.38 550.722 2147
-802.917 549.952 2144
-805.819 549.439 2142
-810.227 549.952 2144
-815.021 550.722 2147
-818.681 550.722 2147
-822.341 550.722 2147
-826.001 550.722 2147
-830.82 551.491 2150
-834.485 551.491 2150
-839.32 552.261 2153
-842.99 552.261 2153
-846.661 552.261 2153
-849.146 551.491 2150
-850.431 549.952 2144
-853.29 549.439 2142
-856.941 549.439 2142
-858.182 547.9 2136
-860.613 547.131 2133
-865.465 547.9 2136
-869.106 547.9 2136
-872.748 547.9 2136
-877.62 548.67 2139
-881.266 548.67 2139
-884.913 548.67 2139
-887.313 547.9 2136
-890.954 547.9 2136
-889.989 545.079 2125
-893.611 545.079 2125
-895.123 543.796 2120
-898.737 543.796 2120
-902.351 543.796 2120
-905.965 543.796 2120
-908.292 543.026 2117
-908.455 540.974 2109
-906.428 537.64 2096
-910.001 537.64 2096
-911.395 536.357 2091
-914.96 536.357 2091
-918.524 536.357 2091
-922.089 536.357 2091
-922.112 534.305 2083
-920.775 531.484 2072
-918.954 528.406 2060
-922.466 528.406 2060
-920.134 525.071 2047
-917.758 521.736 2034
-915.79 518.658 2022
-916.964 517.376 2017
-918.121 516.093 2012
-919.719 515.067 2008
-923.142 515.067 2008
-925.181 514.298 2005
-928.599 514.298 2005
-931.087 513.785 2003
-933.102 513.015 2000
-934.639 511.989 1996
-938.041 511.989 1996
-941.444 511.989 1996
-943.427 511.22 1993
-944.449 509.937 1988
-947.838 509.937 1988
-951.227 509.937 1988
-952.695 508.911 1984
-954.632 508.141 1981
-958.009 508.141 1981
-959.445 507.115 1977
-960.38 505.833 1972
-962.764 505.32 1970
-966.123 505.32 1970
-968.005 504.55 1967
-970.37 504.037 1965
-973.72 504.037 1965
-977.07 504.037 1965
-976.927 502.242 1958
-977.762 500.959 1953
-981.091 500.959 1953
-982.404 499.933 1949
-984.715 499.42 1947
-986.512 498.651 1944
-988.808 498.138 1942
-992.118 498.138 1942
-994.404 497.625 1940
-995.14 496.342 1935
-5.65759 126.636 497
-6.50485 126.636 497
-7.35211 126.636 497
-8.18287 126.382 496
-9.02843 126.382 496
-9.89389 126.636 497
-10.7412 126.636 497
-11.5884 126.636 497
-12.4357 126.636 497
-13.2829 126.636 497
-14.1586 126.891 498
-15.0076 126.891 498
-15.8566 126.891 498
-16.672 126.636 497
-17.5192 126.636 497
-18.3295 126.382 496
-19.1751 126.382 496
-20.0206 126.382 496
-20.8662 126.382 496
-21.2839 119.247 468
-22.0817 119.247 468
-22.8796 119.247 468
-23.6774 119.247 468
-24.4752 119.247 468
-25.273 119.247 468
-26.0151 118.992 467
-26.6964 118.483 465
-27.4891 118.483 465
-28.2818 118.483 465
-29.012 118.228 464
-29.6746 117.718 462
-30.3962 117.463 461
-31.1821 117.463 461
-31.8987 117.209 460
-32.5407 116.699 458
-33.2488 116.444 457
-33.8789 115.935 455
-34.6546 115.935 455
-35.3524 115.68 454
-35.9672 115.17 452
-69.7166 114.915 451
-70.4855 114.915 451
-71.2543 114.915 451
-71.8634 114.661 450
-72.6306 114.661 450
-73.3977 114.661 450
-74.1648 114.661 450
-74.932 114.661 450
-75.5309 114.406 449
-76.2963 114.406 449
-77.2334 114.661 450
-78.0005 114.661 450
-78.7677 114.661 450
-79.7116 114.915 451
-80.4804 114.915 451
-81.2492 114.915 451
-82.0181 114.915 451
-82.7869 114.915 451
-83.5558 114.915 451
-84.3246 114.915 451
-85.6595 115.68 454
-87.3853 116.954 459
-88.1678 116.954 459
-89.5317 117.718 462
-90.7103 118.228 464
-91.5013 118.228 464
-92.4912 118.483 465
-93.2839 118.483 465
-94.2789 118.737 466
-95.0733 118.737 466
-95.8677 118.737 466
-96.8696 118.992 467
-97.8748 119.247 468
-98.6726 119.247 468
-99.683 119.502 469
-100.483 119.502 469
-101.498 119.757 470
-102.299 119.757 470
-103.1 119.757 470
-103.902 119.757 470
-104.926 120.011 471
-105.729 120.011 471
-106.532 120.011 471
-107.562 120.266 472
-108.367 120.266 472
-109.172 120.266 472
-109.976 120.266 472
-110.781 120.266 472
-111.586 120.266 472
-762.403 573.558 2251
-766.24 573.558 2251
-770.077 573.558 2251
-771.852 572.029 2245
-775.679 572.029 2245
-772.215 566.678 2224
-762.049 556.486 2184
-760.513 552.664 2169
-764.21 552.664 2169
-765.076 550.626 2161
-765.914 548.588 2153
-765.652 545.785 2142
-773.254 548.588 2153
-776.925 548.588 2153
-780.595 548.588 2153
-784.265 548.588 2153
-787.936 548.588 2153
-791.606 548.588 2153
-795.276 548.588 2153
-797.833 547.823 2150
-801.499 547.823 2150
-804.04 547.059 2147
-806.572 546.294 2144
-811.36 547.059 2147
-817.298 548.588 2153
-820.969 548.588 2153
-824.639 548.588 2153
-827.155 547.823 2150
-830.82 547.823 2150
-834.485 547.823 2150
-839.32 548.588 2153
-842.99 548.588 2153
-846.661 548.588 2153
-849.146 547.823 2150
-850.431 546.294 2144
-853.29 545.785 2142
-856.941 545.785 2142
-858.182 544.256 2136
-860.613 543.491 2133
-864.249 543.491 2133
-867.886 543.491 2133
-871.522 543.491 2133
-875.158 543.491 2133
-880.03 544.256 2136
-883.672 544.256 2136
-887.313 544.256 2136
-890.954 544.256 2136
-887.895 540.179 2120
-891.509 540.179 2120
-892.589 538.65 2114
-897.465 539.415 2117
-901.074 539.415 2117
-904.683 539.415 2117
-908.292 539.415 2117
-906.301 536.102 2104
-901.671 531.261 2085
-905.226 531.261 2085
-907.908 530.751 2083
-911.459 530.751 2083
-915.01 530.751 2083
-918.561 530.751 2083
-917.243 527.949 2072
-915.442 524.891 2060
-914.047 522.088 2049
-917.54 522.088 2049
-914.29 518.266 2034
-914.599 516.483 2027
-913.526 513.935 2017
-916.964 513.935 2017
-916.296 511.641 2008
-918.345 510.877 2005
-920.844 510.367 2003
-924.258 510.367 2003
-927.673 510.367 2003
-929.693 509.603 2000
-931.236 508.584 1996
-934.639 508.584 1996
-936.632 507.819 1993
-940.029 507.819 1993
-942.48 507.31 1991
-944.449 506.545 1988
-947.838 506.545 1988
-949.313 505.526 1984
-951.255 504.762 1981
-954.632 504.762 1981
-957.042 504.252 1979
-959.445 503.742 1977
-959.406 501.959 1970
-962.764 501.959 1970
-966.123 501.959 1970
-967.02 500.685 1965
-970.37 500.685 1965
-973.72 500.685 1965
-977.07 500.685 1965
-976.927 498.901 1958
-977.762 497.627 1953
-981.091 497.627 1953
-981.396 496.098 1947
-984.715 496.098 1947
-984.482 494.315 1940
-987.789 494.315 1940
-991.097 494.315 1940
-994.404 494.315 1940
-995.14 493.041 1935
-5.65759 125.788 497
-6.50485 125.788 497
-7.35211 125.788 497
-8.18287 125.535 496
-9.02843 125.535 496
-9.87398 125.535 496
-10.7412 125.788 497
-11.5884 125.788 497
-12.4357 125.788 497
-13.2829 125.788 497
-14.1302 125.788 497
-14.9774 125.788 497
-15.8247 125.788 497
-16.6384 125.535 496
-17.484 125.535 496
-18.3295 125.535 496
-19.1364 125.282 495
-19.9803 125.282 495
-20.8241 125.282 495
-22.0817 118.449 468
-22.8796 118.449 468
-23.6774 118.449 468
-24.4752 118.449 468
-25.273 118.449 468
-26.0151 118.196 467
-26.6964 117.689 465
-27.4891 117.689 465
-28.2818 117.689 465
-29.012 117.436 464
-29.7388 117.183 463
-30.4622 116.93 462
-31.2498 116.93 462
-31.8987 116.424 460
-32.5407 115.918 458
-33.2488 115.665 457
-33.9534 115.411 456
-34.7307 115.411 456
-35.3524 114.905 454
-35.9672 114.399 452
-69.7166 114.146 451
-70.4855 114.146 451
-71.2543 114.146 451
-71.8634 113.893 450
-72.6306 113.893 450
-73.3977 113.893 450
-74.1648 113.893 450
-74.932 113.893 450
-75.6991 113.893 450
-76.4663 113.893 450
-77.405 114.146 451
-78.1739 114.146 451
-79.1178 114.399 452
-80.065 114.652 453
-80.8373 114.652 453
-81.6095 114.652 453
-82.3818 114.652 453
-83.154 114.652 453
-83.9263 114.652 453
-85.0725 115.158 455
-86.2255 115.665 457
-87.3853 116.171 459
-88.1678 116.171 459
-89.5317 116.93 462
-90.7103 117.436 464
-91.5013 117.436 464
-92.4912 117.689 465
-93.2839 117.689 465
-94.2789 117.942 466
-95.0733 117.942 466
-95.8677 117.942 466
-96.8696 118.196 467
-97.8748 118.449 468
-98.6726 118.449 468
-99.683 118.702 469
-100.483 118.702 469
-101.498 118.955 470
-102.299 118.955 470
-103.1 118.955 470
-103.902 118.955 470
-104.926 119.208 471
-105.729 119.208 471
-106.532 119.208 471
-107.562 119.461 472
-108.367 119.461 472
-109.172 119.461 472
-109.976 119.461 472
-110.781 119.461 472
-111.586 119.461 472
-762.403 569.718 2251
-766.24 569.718 2251
-770.077 569.718 2251
-772.883 568.958 2248
-776.716 568.958 2248
-772.215 562.884 2224
-765.887 555.544 2195
-765.772 552.76 2184
-769.495 552.76 2184
-767.908 548.964 2169
-768.76 546.939 2161
-770.299 545.42 2155
-773.973 545.42 2155
-776.925 544.914 2153
-780.595 544.914 2153
-784.265 544.914 2153
-787.936 544.914 2153
-791.606 544.914 2153
-795.276 544.914 2153
-797.833 544.155 2150
-801.499 544.155 2150
-804.04 543.396 2147
-806.572 542.636 2144
-811.36 543.396 2147
-817.298 544.914 2153
-820.969 544.914 2153
-824.639 544.914 2153
-827.155 544.155 2150
-830.82 544.155 2150
-834.485 544.155 2150
-839.32 544.914 2153
-842.99 544.914 2153
-846.661 544.914 2153
-849.146 544.155 2150
-850.431 542.636 2144
-853.29 542.13 2142
-856.941 542.13 2142
-858.182 540.612 2136
-860.613 539.852 2133
-864.249 539.852 2133
-867.886 539.852 2133
-871.522 539.852 2133
-875.158 539.852 2133
-880.03 540.612 2136
-883.672 540.612 2136
-887.313 540.612 2136
-890.954 540.612 2136
-887.895 536.562 2120
-891.509 536.562 2120
-892.589 535.044 2114
-897.465 535.803 2117
-901.074 535.803 2117
-904.683 535.803 2117
-908.292 535.803 2117
-906.301 532.513 2104
-901.671 527.704 2085
-905.226 527.704 2085
-907.908 527.198 2083
-911.459 527.198 2083
-915.01 527.198 2083
-918.561 527.198 2083
-917.243 524.414 2072
-915.442 521.376 2060
-914.047 518.592 2049
-917.54 518.592 2049
-911.144 513.024 2027
-910.087 510.493 2017
-912.62 509.987 2015
-916.055 509.987 2015
-916.296 508.215 2008
-917.429 506.95 2003
-919.464 506.191 2000
-922.874 506.191 2000
-926.283 506.191 2000
-928.763 505.684 1998
-931.236 505.178 1996
-934.639 505.178 1996
-936.632 504.419 1993
-939.086 503.913 1991
-941.06 503.154 1988
-944.449 503.154 1988
-947.838 503.154 1988
-949.313 502.141 1984
-951.255 501.382 1981
-954.632 501.382 1981
-956.074 500.369 1977
-957.989 499.61 1974
-959.406 498.598 1970
-962.764 498.598 1970
-966.123 498.598 1970
-967.02 497.332 1965
-970.37 497.332 1965
-973.72 497.332 1965
-977.07 497.332 1965
-976.927 495.561 1958
-977.762 494.295 1953
-981.091 494.295 1953
-981.396 492.777 1947
-984.715 492.777 1947
-984.482 491.005 1940
-987.789 491.005 1940
-991.097 491.005 1940
-994.404 491.005 1940
-995.14 489.739 1935
-3.96307 124.94 497
-4.81033 124.94 497
-5.65759 124.94 497
-6.50485 124.94 497
-7.35211 124.94 497
-8.18287 124.689 496
-9.02843 124.689 496
-9.87398 124.689 496
-10.7195 124.689 496
-11.5651 124.689 496
-12.4357 124.94 497
-13.2829 124.94 497
-14.1302 124.94 497
-15.7929 124.689 496
-16.6384 124.689 496
-17.484 124.689 496
-18.2926 124.438 495
-19.0978 124.186 494
-19.9399 124.186 494
-20.7821 124.186 494
-22.0817 117.65 468
-22.8796 117.65 468
-23.6774 117.65 468
-24.4229 117.399 467
-25.219 117.399 467
-26.0151 117.399 467
-26.6964 116.896 465
-27.4891 116.896 465
-28.2818 116.896 465
-29.012 116.645 464
-29.7388 116.393 463
-30.4622 116.142 462
-31.2498 116.142 462
-31.8987 115.639 460
-32.5407 115.136 458
-33.2488 114.885 457
-33.9534 114.633 456
-34.7307 114.633 456
-35.3524 114.131 454
-35.9672 113.628 452
-70.3292 113.125 450
-71.0963 113.125 450
-71.8634 113.125 450
-72.792 113.377 451
-73.5608 113.377 451
-74.3297 113.377 451
-75.0985 113.377 451
-75.8673 113.377 451
-76.6362 113.377 451
-77.405 113.377 451
-78.1739 113.377 451
-79.2928 113.879 453
-80.065 113.879 453
-81.0157 114.131 454
-81.7897 114.131 454
-82.5637 114.131 454
-83.5212 114.382 455
-84.2968 114.382 455
-85.4464 114.885 457
-87.1689 116.142 462
-87.9565 116.142 462
-88.7441 116.142 462
-89.7255 116.393 463
-90.9058 116.896 465
-91.6985 116.896 465
-92.4912 116.896 465
-93.2839 116.896 465
-94.4812 117.399 467
-95.2773 117.399 467
-96.0734 117.399 467
-96.8696 117.399 467
-97.8748 117.65 468
-98.6726 117.65 468
-99.683 117.902 469
-100.697 118.153 470
-101.498 118.153 470
-102.299 118.153 470
-103.1 118.153 470
-103.902 118.153 470
-104.926 118.404 471
-105.729 118.404 471
-106.758 118.656 472
-107.562 118.656 472
-108.367 118.656 472
-109.172 118.656 472
-109.976 118.656 472
-110.781 118.656 472
-111.586 118.656 472
-762.403 565.877 2251
-766.24 565.877 2251
-770.077 565.877 2251
-772.883 565.123 2248
-776.716 565.123 2248
-772.215 559.09 2224
-771.121 555.57 2210
-767.525 550.291 2189
-771.257 550.291 2189
-772.156 548.28 2181
-773.74 546.772 2175
-772.444 543.252 2161
-776.128 543.252 2161
-778.729 542.498 2158
-783.495 543.252 2161
-788.272 544.006 2164
-791.961 544.006 2164
-795.65 544.006 2164
-797.123 542.498 2158
-800.802 542.498 2158
-804.481 542.498 2158
-804.04 539.733 2147
-807.7 539.733 2147
-815.517 542.498 2158
-819.196 542.498 2158
-822.875 542.498 2158
-826.554 542.498 2158
-828.309 541.241 2153
-831.979 541.241 2153
-834.485 540.487 2150
-838.151 540.487 2150
-841.816 540.487 2150
-845.481 540.487 2150
-849.146 540.487 2150
-850.431 538.979 2144
-854.086 538.979 2144
-857.741 538.979 2144
-859.388 537.722 2139
-861.824 536.967 2136
-863.439 535.71 2131
-867.072 535.71 2131
-870.705 535.71 2131
-875.158 536.213 2133
-878.794 536.213 2133
-882.431 536.213 2133
-885.236 535.71 2131
-888.869 535.71 2131
-886.638 532.191 2117
-890.247 532.191 2117
-891.745 530.934 2112
-895.345 530.934 2112
-898.946 530.934 2112
-902.546 530.934 2112
-904.859 530.18 2109
-902.855 526.912 2096
-897.347 521.633 2075
-900.884 521.633 2075
-900.063 519.119 2065
-903.583 519.119 2065
-907.103 519.119 2065
-910.624 519.119 2065
-911.93 517.862 2060
-910.554 515.096 2049
-909.586 512.583 2039
-913.062 512.583 2039
-911.144 509.566 2027
-910.087 507.052 2017
-912.62 506.549 2015
-916.055 506.549 2015
-917.209 505.292 2010
-917.429 503.533 2003
-919.464 502.778 2000
-922.874 502.778 2000
-926.283 502.778 2000
-928.763 502.276 1998
-931.236 501.773 1996
-934.639 501.773 1996
-936.632 501.019 1993
-939.086 500.516 1991
-941.06 499.762 1988
-944.449 499.762 1988
-947.838 499.762 1988
-949.313 498.756 1984
-951.255 498.002 1981
-954.632 498.002 1981
-956.074 496.997 1977
-957.989 496.242 1974
-959.406 495.237 1970
-962.764 495.237 1970
-966.123 495.237 1970
-966.036 493.477 1963
-969.383 493.477 1963
-972.729 493.477 1963
-976.076 493.477 1963
-976.927 492.22 1958
-977.762 490.963 1953
-981.091 490.963 1953
-981.396 489.455 1947
-984.715 489.455 1947
-984.482 487.695 1940
-987.789 487.695 1940
-991.097 487.695 1940
-994.404 487.695 1940
-995.14 486.438 1935
-3.96307 124.093 497
-4.81033 124.093 497
-5.65759 124.093 497
-6.50485 124.093 497
-7.35211 124.093 497
-8.18287 123.843 496
-9.02843 123.843 496
-9.85408 123.593 495
-10.6979 123.593 495
-11.5418 123.593 495
-12.3856 123.593 495
-15.7292 123.343 494
-16.5713 123.343 494
-17.4135 123.343 494
-18.2556 123.343 494
-19.0978 123.343 494
-19.8996 123.094 493
-20.74 123.094 493
-22.0817 116.852 468
-22.8796 116.852 468
-23.6774 116.852 468
-24.4752 116.852 468
-25.273 116.852 468
-26.0151 116.602 467
-26.7538 116.352 466
-27.4891 116.103 465
-28.2818 116.103 465
-29.012 115.853 464
-29.7388 115.603 463
-30.4622 115.354 462
-31.2498 115.354 462
-31.8987 114.854 460
-32.6118 114.605 459
-33.3215 114.355 458
-34.1023 114.355 458
-34.8831 114.355 458
-35.3524 113.356 454
-35.9672 112.857 452
-70.3292 112.357 450
-71.0963 112.357 450
-71.8634 112.357 450
-72.792 112.607 451
-73.5608 112.607 451
-74.3297 112.607 451
-75.0985 112.607 451
-75.8673 112.607 451
-76.6362 112.607 451
-77.405 112.607 451
-78.1739 112.607 451
-79.4678 113.356 454
-80.4185 113.606 455
-81.1942 113.606 455
-81.9699 113.606 455
-82.7455 113.606 455
-84.0719 114.355 458
-84.8526 114.355 458
-86.3813 115.354 462
-87.1689 115.354 462
-88.1469 115.603 463
-88.9362 115.603 463
-89.7255 115.603 463
-90.9058 116.103 465
-91.6985 116.103 465
-92.4912 116.103 465
-93.2839 116.103 465
-94.4812 116.602 467
-95.2773 116.602 467
-96.0734 116.602 467
-96.8696 116.602 467
-97.8748 116.852 468
-98.6726 116.852 468
-99.683 117.101 469
-100.697 117.351 470
-101.498 117.351 470
-102.299 117.351 470
-103.1 117.351 470
-103.902 117.351 470
-104.926 117.601 471
-105.729 117.601 471
-106.758 117.85 472
-107.562 117.85 472
-108.367 117.85 472
-109.172 117.85 472
-109.976 117.85 472
-110.781 117.85 472
-111.586 117.85 472
-762.403 562.037 2251
-766.24 562.037 2251
-770.077 562.037 2251
-772.883 561.288 2248
-776.716 561.288 2248
-772.215 555.295 2224
-771.121 551.8 2210
-767.525 546.556 2189
-771.257 546.556 2189
-773.219 545.308 2184
-774.807 543.81 2178
-775.303 541.563 2169
-779.001 541.563 2169
-778.729 538.816 2158
-783.495 539.565 2161
-788.272 540.314 2164
-791.961 540.314 2164
-795.65 540.314 2164
-798.231 539.565 2161
-800.802 538.816 2158
-804.481 538.816 2158
-804.04 536.07 2147
-807.7 536.07 2147
-815.517 538.816 2158
-819.196 538.816 2158
-822.875 538.816 2158
-826.554 538.816 2158
-828.309 537.568 2153
-831.979 537.568 2153
-834.485 536.819 2150
-838.151 536.819 2150
-841.816 536.819 2150
-845.481 536.819 2150
-849.146 536.819 2150
-850.431 535.321 2144
-854.086 535.321 2144
-857.741 535.321 2144
-859.388 534.072 2139
-861.824 533.323 2136
-863.439 532.075 2131
-867.072 532.075 2131
-870.705 532.075 2131
-875.158 532.574 2133
-878.794 532.574 2133
-882.431 532.574 2133
-885.236 532.075 2131
-887.617 531.326 2128
-884.544 527.331 2112
-888.144 527.331 2112
-888.367 525.333 2104
-891.954 525.333 2104
-895.541 525.333 2104
-899.127 525.333 2104
-902.714 525.333 2104
-899.409 521.338 2088
-888.697 513.099 2055
-892.201 513.099 2055
-893.089 511.601 2049
-896.582 511.601 2049
-900.075 511.601 2049
-903.568 511.601 2049
-902.634 509.104 2039
-903.888 507.855 2034
-904.233 506.108 2027
-907.688 506.108 2027
-906.649 503.611 2017
-909.185 503.112 2015
-912.62 503.112 2015
-916.055 503.112 2015
-917.209 501.863 2010
-916.055 499.366 2000
-919.464 499.366 2000
-922.874 499.366 2000
-926.283 499.366 2000
-927.833 498.368 1996
-931.236 498.368 1996
-934.639 498.368 1996
-936.632 497.618 1993
-939.086 497.119 1991
-941.06 496.37 1988
-944.449 496.37 1988
-946.884 495.871 1986
-947.878 494.622 1981
-951.255 494.622 1981
-954.632 494.622 1981
-956.074 493.624 1977
-957.989 492.874 1974
-959.406 491.876 1970
-962.764 491.876 1970
-966.123 491.876 1970
-966.036 490.128 1963
-969.383 490.128 1963
-972.729 490.128 1963
-976.076 490.128 1963
-976.927 488.88 1958
-977.762 487.631 1953
-981.091 487.631 1953
-981.396 486.133 1947
-984.715 486.133 1947
-984.482 484.385 1940
-987.789 484.385 1940
-991.097 484.385 1940
-994.404 484.385 1940
-995.14 483.137 1935
-3.96307 123.245 497
-4.81033 123.245 497
-5.65759 123.245 497
-6.50485 123.245 497
-7.35211 123.245 497
-8.18287 122.997 496
-9.01023 122.749 495
-9.85408 122.749 495
-10.6979 122.749 495
-11.5418 122.749 495
-12.3856 122.749 495
-15.7292 122.501 494
-16.5713 122.501 494
-17.4135 122.501 494
-18.2556 122.501 494
-19.0978 122.501 494
-19.8996 122.253 493
-20.74 122.253 493
-21.3294 116.301 469
-22.1289 116.301 469
-22.9284 116.301 469
-23.728 116.301 469
-24.4752 116.053 468
-25.273 116.053 468
-26.0708 116.053 468
-26.7538 115.557 466
-27.4891 115.309 465
-28.2818 115.309 465
-29.012 115.061 464
-29.7388 114.813 463
-30.4622 114.565 462
-31.2498 114.565 462
-31.968 114.317 461
-32.6828 114.069 460
-33.3943 113.821 459
-34.1768 113.821 459
-34.8831 113.573 458
-71.0963 111.59 450
-71.8634 111.59 450
-72.792 111.838 451
-73.5608 111.838 451
-74.3297 111.838 451
-75.0985 111.838 451
-75.8673 111.838 451
-76.6362 111.838 451
-77.405 111.838 451
-78.1739 111.838 451
-79.4678 112.582 454
-80.4185 112.83 455
-81.1942 112.83 455
-81.9699 112.83 455
-82.7455 112.83 455
-84.0719 113.573 458
-84.8526 113.573 458
-86.3813 114.565 462
-87.1689 114.565 462
-88.1469 114.813 463
-88.9362 114.813 463
-89.7255 114.813 463
-90.9058 115.309 465
-91.6985 115.309 465
-92.4912 115.309 465
-93.2839 115.309 465
-94.4812 115.805 467
-95.2773 115.805 467
-96.0734 115.805 467
-96.8696 115.805 467
-97.8748 116.053 468
-98.6726 116.053 468
-99.683 116.301 469
-100.697 116.549 470
-101.498 116.549 470
-102.299 116.549 470
-103.1 116.549 470
-103.902 116.549 470
-104.926 116.797 471
-105.729 116.797 471
-106.758 117.045 472
-107.562 117.045 472
-108.367 117.045 472
-109.172 117.045 472
-109.976 117.045 472
-110.781 117.045 472
-111.586 117.045 472
-768.025 556.708 2245
-771.852 556.708 2245
-775.679 556.708 2245
-772.215 551.501 2224
-771.121 548.029 2210
-767.525 542.822 2189
-771.257 542.822 2189
-773.219 541.582 2184
-774.807 540.094 2178
-775.303 537.862 2169
-779.001 537.862 2169
-778.729 535.134 2158
-783.495 535.878 2161
-788.272 536.622 2164
-791.961 536.622 2164
-795.65 536.622 2164
-798.231 535.878 2161
-800.802 535.134 2158
-804.481 535.134 2158
-804.04 532.407 2147
-807.7 532.407 2147
-815.517 535.134 2158
-819.196 535.134 2158
-822.875 535.134 2158
-826.554 535.134 2158
-828.309 533.895 2153
-831.979 533.895 2153
-834.485 533.151 2150
-838.151 533.151 2150
-841.816 533.151 2150
-845.481 533.151 2150
-849.146 533.151 2150
-850.431 531.663 2144
-854.086 531.663 2144
-857.741 531.663 2144
-859.388 530.423 2139
-861.824 529.679 2136
-863.439 528.439 2131
-867.072 528.439 2131
-870.705 528.439 2131
-874.337 528.439 2131
-877.97 528.439 2131
-881.603 528.439 2131
-885.236 528.439 2131
-886.366 526.951 2125
-881.193 521.744 2104
-884.78 521.744 2104
-885.834 520.256 2098
-891.954 521.744 2104
-895.541 521.744 2104
-899.127 521.744 2104
-902.714 521.744 2104
-897.255 516.536 2083
-893.887 512.568 2067
-897.411 512.568 2067
-895.704 509.593 2055
-899.207 509.593 2055
-895.682 505.625 2039
-899.158 505.625 2039
-899.535 503.889 2032
-899.889 502.154 2025
-901.11 500.914 2020
-904.554 500.914 2020
-906.649 500.17 2017
-909.185 499.674 2015
-911.261 498.93 2012
-914.691 498.93 2012
-917.209 498.434 2010
-915.139 495.458 1998
-918.545 495.458 1998
-921.951 495.458 1998
-925.357 495.458 1998
-927.833 494.962 1996
-931.236 494.962 1996
-934.639 494.962 1996
-935.692 493.722 1991
-937.671 492.978 1988
-940.113 492.482 1986
-943.499 492.482 1986
-944.5 491.242 1981
-947.878 491.242 1981
-950.294 490.747 1979
-953.668 490.747 1979
-956.074 490.251 1977
-957.989 489.507 1974
-959.406 488.515 1970
-962.764 488.515 1970
-964.651 487.771 1967
-966.036 486.779 1963
-969.383 486.779 1963
-972.729 486.779 1963
-976.076 486.779 1963
-976.927 485.539 1958
-977.762 484.299 1953
-981.091 484.299 1953
-981.396 482.811 1947
-984.715 482.811 1947
-984.482 481.075 1940
-987.789 481.075 1940
-991.097 481.075 1940
-994.404 481.075 1940
-995.14 479.836 1935
-3.96307 122.397 497
-4.81033 122.397 497
-5.65759 122.397 497
-6.49177 122.15 496
-7.33732 122.15 496
-8.18287 122.15 496
-9.01023 121.904 495
-9.85408 121.904 495
-10.6979 121.904 495
-11.5418 121.904 495
-12.3856 121.904 495
-15.7292 121.658 494
-16.5713 121.658 494
-17.4135 121.658 494
-18.2556 121.658 494
-19.0978 121.658 494
-19.8996 121.412 493
-20.74 121.412 493
-21.3294 115.501 469
-22.1289 115.501 469
-22.9284 115.501 469
-23.728 115.501 469
-24.4752 115.255 468
-25.273 115.255 468
-26.0708 115.255 468
-26.7538 114.762 466
-27.4891 114.516 465
-28.2818 114.516 465
-29.012 114.27 464
-29.7388 114.023 463
-30.5281 114.023 463
-31.3174 114.023 463
-32.0373 113.777 462
-32.7539 113.531 461
-33.467 113.285 460
-34.2512 113.285 460
-34.8831 112.792 458
-72.792 111.068 451
-73.7239 111.314 452
-74.4945 111.314 452
-75.265 111.314 452
-76.0356 111.314 452
-76.8061 111.314 452
-77.5767 111.314 452
-78.1739 111.068 451
-79.4678 111.807 454
-80.5953 112.3 456
-81.3726 112.3 456
-82.3302 112.546 457
-83.2911 112.792 458
-84.6225 113.531 461
-85.4084 113.531 461
-86.3813 113.777 462
-87.3576 114.023 463
-88.1469 114.023 463
-88.9362 114.023 463
-89.7255 114.023 463
-90.9058 114.516 465
-91.6985 114.516 465
-92.4912 114.516 465
-93.2839 114.516 465
-94.4812 115.009 467
-95.2773 115.009 467
-96.0734 115.009 467
-96.8696 115.009 467
-97.6657 115.009 467
-98.4618 115.009 467
-99.683 115.501 469
-100.697 115.747 470
-101.498 115.747 470
-102.299 115.747 470
-103.1 115.747 470
-103.902 115.747 470
-104.926 115.994 471
-105.729 115.994 471
-106.758 116.24 472
-107.562 116.24 472
-108.367 116.24 472
-109.172 116.24 472
-109.976 116.24 472
-110.781 116.24 472
-111.586 116.24 472
-764.946 550.662 2236
-768.758 550.662 2236
-772.569 550.662 2236
-770.131 546.229 2218
-771.121 544.259 2210
-767.525 539.087 2189
-771.257 539.087 2189
-773.219 537.856 2184
-776.942 537.856 2184
-775.303 534.162 2169
-779.001 534.162 2169
-778.729 531.453 2158
-783.495 532.191 2161
-788.272 532.93 2164
-791.961 532.93 2164
-795.65 532.93 2164
-798.231 532.191 2161
-800.802 531.453 2158
-804.481 531.453 2158
-804.04 528.744 2147
-807.7 528.744 2147
-815.517 531.453 2158
-819.196 531.453 2158
-822.875 531.453 2158
-826.554 531.453 2158
-828.309 530.221 2153
-831.979 530.221 2153
-834.485 529.482 2150
-838.151 529.482 2150
-841.816 529.482 2150
-845.481 529.482 2150
-846.776 528.005 2144
-850.431 528.005 2144
-854.086 528.005 2144
-857.741 528.005 2144
-859.388 526.773 2139
-861.824 526.035 2136
-863.439 524.803 2131
-867.072 524.803 2131
-870.705 524.803 2131
-874.337 524.803 2131
-877.97 524.803 2131
-881.603 524.803 2131
-885.236 524.803 2131
-886.366 523.326 2125
-881.193 518.154 2104
-884.78 518.154 2104
-885.834 516.676 2098
-891.954 518.154 2104
-895.541 518.154 2104
-899.127 518.154 2104
-902.714 518.154 2104
-899.409 514.214 2088
-893.887 509.042 2067
-897.411 509.042 2067
-900.063 508.549 2065
-901.395 507.318 2060
-895.682 502.146 2039
-899.158 502.146 2039
-899.535 500.422 2032
-899.889 498.699 2025
-901.11 497.467 2020
-904.554 497.467 2020
-905.75 496.236 2015
-909.185 496.236 2015
-911.261 495.497 2012
-914.691 495.497 2012
-916.296 494.512 2008
-914.223 491.557 1996
-917.625 491.557 1996
-921.028 491.557 1996
-924.431 491.557 1996
-927.833 491.557 1996
-929.836 490.818 1993
-933.234 490.818 1993
-934.282 489.587 1988
-936.727 489.094 1986
-939.166 488.601 1984
-942.549 488.601 1984
-944.5 487.863 1981
-946.921 487.37 1979
-950.294 487.37 1979
-953.668 487.37 1979
-956.074 486.878 1977
-957.018 485.646 1972
-959.406 485.154 1970
-962.764 485.154 1970
-964.651 484.415 1967
-966.036 483.43 1963
-967.901 482.691 1960
-971.242 482.691 1960
-973.589 482.198 1958
-976.927 482.198 1958
-976.76 480.475 1951
-980.086 480.475 1951
-981.396 479.49 1947
-984.715 479.49 1947
-984.482 477.766 1940
-987.789 477.766 1940
-991.097 477.766 1940
-993.379 477.273 1938
-994.111 476.042 1933
-3.96307 121.549 497
-4.81033 121.549 497
-5.65759 121.549 497
-6.49177 121.304 496
-7.33732 121.304 496
-8.16638 121.06 495
-9.01023 121.06 495
-9.83417 120.815 494
-10.6763 120.815 494
-11.5185 120.815 494
-12.3606 120.815 494
-15.7292 120.815 494
-16.5713 120.815 494
-17.4135 120.815 494
-18.2556 120.815 494
-19.0591 120.57 493
-19.8996 120.57 493
-20.74 120.57 493
-21.3749 114.945 470
-22.1761 114.945 470
-22.9773 114.945 470
-23.728 114.701 469
-24.5275 114.701 469
-25.327 114.701 469
-26.0708 114.456 468
-26.7538 113.967 466
-27.4891 113.723 465
-28.2818 113.723 465
-29.0746 113.723 465
-29.7388 113.234 463
-30.5281 113.234 463
-31.3174 113.234 463
-32.0373 112.989 462
-32.7539 112.744 461
-33.467 112.5 460
-34.2512 112.5 460
-73.7239 110.543 452
-74.4945 110.543 452
-75.265 110.543 452
-76.0356 110.543 452
-76.8061 110.543 452
-77.5767 110.543 452
-80.9488 112.011 458
-81.7295 112.011 458
-82.5103 112.011 458
-83.6548 112.5 460
-84.8061 112.989 462
-85.5937 112.989 462
-86.5683 113.234 463
-87.3576 113.234 463
-88.1469 113.234 463
-88.9362 113.234 463
-89.7255 113.234 463
-90.7103 113.478 464
-91.5013 113.478 464
-92.4912 113.723 465
-93.2839 113.723 465
-94.2789 113.967 466
-95.0733 113.967 466
-96.0734 114.212 467
-96.8696 114.212 467
-97.6657 114.212 467
-98.4618 114.212 467
-99.2579 114.212 467
-100.483 114.701 469
-101.498 114.945 470
-102.299 114.945 470
-103.1 114.945 470
-103.902 114.945 470
-104.926 115.19 471
-105.729 115.19 471
-106.758 115.435 472
-107.562 115.435 472
-108.367 115.435 472
-109.172 115.435 472
-109.976 115.435 472
-110.781 115.435 472
-111.586 115.435 472
-764.435 551.983 2257
-768.282 551.983 2257
-772.13 551.983 2257
-773.915 550.515 2251
-777.752 550.515 2251
-770.131 542.445 2218
-767.981 538.287 2201
-767.525 535.352 2189
-771.257 535.352 2189
-773.927 534.619 2186
-777.653 534.619 2186
-775.303 530.461 2169
-779.001 530.461 2169
-777.646 527.037 2155
-783.495 528.505 2161
-788.272 529.238 2164
-791.961 529.238 2164
-795.65 529.238 2164
-798.231 528.505 2161
-800.802 527.771 2158
-804.481 527.771 2158
-802.168 523.858 2142
-805.819 523.858 2142
-812.494 525.814 2150
-817.298 526.548 2153
-820.969 526.548 2153
-824.639 526.548 2153
-826.001 525.081 2147
-829.661 525.081 2147
-833.321 525.081 2147
-835.812 524.347 2144
-839.467 524.347 2144
-843.122 524.347 2144
-846.776 524.347 2144
-849.638 523.858 2142
-852.095 523.124 2139
-855.741 523.124 2139
-858.182 522.39 2136
-861.824 522.39 2136
-863.439 521.168 2131
-867.072 521.168 2131
-869.479 520.434 2128
-874.337 521.168 2131
-877.97 521.168 2131
-881.603 521.168 2131
-885.236 521.168 2131
-885.115 518.967 2122
-878.681 513.097 2098
-882.257 513.097 2098
-884.989 512.608 2096
-891.954 514.564 2104
-895.541 514.564 2104
-899.127 514.564 2104
-902.714 514.564 2104
-899.409 510.651 2088
-893.887 505.515 2067
-897.411 505.515 2067
-900.063 505.026 2065
-901.395 503.803 2060
-892.607 496.956 2032
-896.071 496.956 2032
-899.535 496.956 2032
-898.555 494.51 2022
-901.11 494.021 2020
-904.554 494.021 2020
-905.75 492.798 2015
-909.185 492.798 2015
-911.261 492.064 2012
-914.691 492.064 2012
-916.296 491.086 2008
-914.223 488.151 1996
-917.625 488.151 1996
-921.028 488.151 1996
-924.431 488.151 1996
-927.833 488.151 1996
-929.836 487.418 1993
-933.234 487.418 1993
-934.282 486.195 1988
-936.727 485.706 1986
-939.166 485.217 1984
-942.549 485.217 1984
-944.5 484.483 1981
-946.921 483.994 1979
-950.294 483.994 1979
-953.668 483.994 1979
-956.074 483.505 1977
-957.018 482.282 1972
-959.406 481.793 1970
-962.764 481.793 1970
-964.651 481.059 1967
-966.036 480.081 1963
-966.913 478.858 1958
-970.251 478.858 1958
-973.589 478.858 1958
-975.929 478.369 1956
-976.76 477.146 1951
-980.086 477.146 1951
-981.396 476.168 1947
-982.187 474.945 1942
-983.467 473.967 1938
-986.771 473.967 1938
-990.075 473.967 1938
-990.816 472.744 1933
-993.083 472.255 1931
-3.11581 120.701 497
-3.96307 120.701 497
-4.81033 120.701 497
-5.65759 120.701 497
-6.49177 120.458 496
-7.33732 120.458 496
-8.16638 120.215 495
-9.01023 120.215 495
-9.81426 119.729 493
-10.6763 119.972 494
-11.5185 119.972 494
-12.3606 119.972 494
-14.0733 120.215 495
-14.9172 120.215 495
-15.761 120.215 495
-16.6049 120.215 495
-17.4487 120.215 495
-18.2187 119.729 493
-19.0591 119.729 493
-19.8592 119.486 492
-20.6979 119.486 492
-21.3749 114.144 470
-22.1761 114.144 470
-22.9773 114.144 470
-23.7786 114.144 470
-24.5798 114.144 470
-25.327 113.901 469
-26.0708 113.658 468
-26.7538 113.172 466
-27.4891 112.929 465
-28.2818 112.929 465
-29.0746 112.929 465
-29.803 112.686 464
-30.5281 112.444 463
-31.3174 112.444 463
-32.0373 112.201 462
-32.7539 111.958 461
-33.467 111.715 460
-34.2512 111.715 460
-73.7239 109.772 452
-74.4945 109.772 452
-75.265 109.772 452
-76.0356 109.772 452
-76.8061 109.772 452
-77.5767 109.772 452
-80.9488 111.229 458
-81.7295 111.229 458
-82.6905 111.472 459
-83.6548 111.715 460
-84.8061 112.201 462
-85.5937 112.201 462
-86.5683 112.444 463
-87.3576 112.444 463
-88.1469 112.444 463
-88.9362 112.444 463
-89.7255 112.444 463
-90.7103 112.686 464
-91.5013 112.686 464
-92.2923 112.686 464
-93.2839 112.929 465
-94.2789 113.172 466
-95.0733 113.172 466
-95.8677 113.172 466
-96.6621 113.172 466
-97.4566 113.172 466
-98.251 113.172 466
-99.2579 113.415 467
-100.268 113.658 468
-101.282 113.901 469
-102.082 113.901 469
-102.881 113.901 469
-103.902 114.144 470
-104.926 114.386 471
-105.729 114.386 471
-106.532 114.386 471
-107.562 114.629 472
-108.367 114.629 472
-109.172 114.629 472
-109.976 114.629 472
-110.781 114.629 472
-111.586 114.629 472
-764.435 548.132 2257
-778.835 555.661 2288
-782.735 555.661 2288
-786.636 555.661 2288
-779.825 548.132 2257
-772.215 540.118 2224
-767.981 534.532 2201
-767.525 531.618 2189
-771.257 531.618 2189
-773.927 530.889 2186
-777.653 530.889 2186
-775.303 526.761 2169
-779.001 526.761 2169
-777.646 523.361 2155
-783.495 524.818 2161
-789.365 526.275 2167
-793.059 526.275 2167
-796.753 526.275 2167
-800.448 526.275 2167
-799.689 523.361 2155
-803.362 523.361 2155
-802.168 520.203 2142
-806.572 520.689 2144
-814.384 523.361 2155
-818.057 523.361 2155
-821.731 523.361 2155
-825.405 523.361 2155
-827.155 522.146 2150
-830.82 522.146 2150
-834.485 522.146 2150
-838.151 522.146 2150
-840.641 521.418 2147
-844.301 521.418 2147
-846.776 520.689 2144
-847.258 518.746 2136
-850.9 518.746 2136
-854.541 518.746 2136
-858.182 518.746 2136
-860.613 518.018 2133
-863.439 517.532 2131
-867.072 517.532 2131
-870.705 517.532 2131
-875.158 518.018 2133
-878.794 518.018 2133
-882.431 518.018 2133
-885.236 517.532 2131
-885.115 515.346 2122
-879.937 510.246 2101
-883.519 510.246 2101
-884.989 509.032 2096
-891.954 510.975 2104
-895.541 510.975 2104
-899.127 510.975 2104
-902.714 510.975 2104
-899.409 507.089 2088
-893.887 501.989 2067
-897.411 501.989 2067
-900.063 501.503 2065
-901.395 500.289 2060
-892.607 493.489 2032
-896.071 493.489 2032
-899.535 493.489 2032
-898.555 491.06 2022
-901.11 490.575 2020
-904.554 490.575 2020
-904.401 488.632 2012
-907.831 488.632 2012
-910.355 488.146 2010
-913.782 488.146 2010
-914.927 486.932 2005
-912.849 484.017 1993
-916.246 484.017 1993
-919.644 484.017 1993
-923.041 484.017 1993
-925.509 483.532 1991
-928.903 483.532 1991
-932.297 483.532 1991
-933.342 482.317 1986
-935.784 481.832 1984
-936.799 480.617 1979
-940.173 480.617 1979
-943.547 480.617 1979
-946.921 480.617 1979
-947.893 479.403 1974
-951.259 479.403 1974
-953.656 478.917 1972
-954.592 477.703 1967
-957.945 477.703 1967
-961.298 477.703 1967
-962.69 476.732 1963
-963.576 475.517 1958
-966.913 475.517 1958
-970.251 475.517 1958
-973.589 475.517 1958
-975.929 475.032 1956
-976.76 473.817 1951
-980.086 473.817 1951
-981.396 472.846 1947
-982.187 471.632 1942
-983.467 470.66 1938
-986.771 470.66 1938
-990.075 470.66 1938
-990.816 469.446 1933
-993.083 468.96 1931
-3.11581 119.853 497
-3.96307 119.853 497
-4.81033 119.853 497
-5.64621 119.612 496
-6.49177 119.612 496
-7.33732 119.612 496
-8.16638 119.371 495
-8.97382 118.888 493
-9.81426 118.888 493
-10.6763 119.129 494
-11.5185 119.129 494
-12.3606 119.129 494
-13.2295 119.371 495
-14.0733 119.371 495
-14.9172 119.371 495
-15.761 119.371 495
-16.6049 119.371 495
-17.4487 119.371 495
-18.2187 118.888 493
-19.0591 118.888 493
-19.8592 118.647 492
-20.6979 118.647 492
-21.3749 113.342 470
-22.1761 113.342 470
-22.9773 113.342 470
-23.7786 113.342 470
-24.5798 113.342 470
-25.327 113.101 469
-26.0708 112.859 468
-26.7538 112.377 466
-27.4891 112.136 465
-28.2818 112.136 465
-29.0746 112.136 465
-29.803 111.895 464
-30.5281 111.654 463
-31.3174 111.654 463
-32.0373 111.413 462
-32.7539 111.171 461
-33.467 110.93 460
-34.2512 110.93 460
-80.9488 110.448 458
-81.7295 110.448 458
-82.6905 110.689 459
-83.6548 110.93 460
-84.8061 111.413 462
-85.5937 111.413 462
-86.5683 111.654 463
-87.3576 111.654 463
-88.1469 111.654 463
-88.9362 111.654 463
-89.9193 111.895 464
-90.7103 111.895 464
-91.5013 111.895 464
-92.4912 112.136 465
-93.2839 112.136 465
-94.2789 112.377 466
-95.0733 112.377 466
-95.8677 112.377 466
-96.6621 112.377 466
-97.4566 112.377 466
-98.251 112.377 466
-99.2579 112.618 467
-100.268 112.859 468
-101.282 113.101 469
-102.082 113.101 469
-102.881 113.101 469
-103.902 113.342 470
-104.926 113.583 471
-105.953 113.824 472
-106.758 113.824 472
-107.562 113.824 472
-108.367 113.824 472
-109.172 113.824 472
-109.976 113.824 472
-110.781 113.824 472
-111.586 113.824 472
-112.39 113.824 472
-764.435 544.281 2257
-778.835 551.757 2288
-782.735 551.757 2288
-786.636 551.757 2288
-779.825 544.281 2257
-772.215 536.323 2224
-764.84 528.607 2192
-767.525 527.883 2189
-771.257 527.883 2189
-773.927 527.16 2186
-777.653 527.16 2186
-775.303 523.06 2169
-779.001 523.06 2169
-778.729 520.407 2158
-785.671 522.578 2167
-790.094 523.06 2169
-793.791 523.06 2169
-797.489 523.06 2169
-801.186 523.06 2169
-799.689 519.684 2155
-803.362 519.684 2155
-802.168 516.549 2142
-806.572 517.031 2144
-814.384 519.684 2155
-820.335 521.131 2161
-824.019 521.131 2161
-827.703 521.131 2161
-829.079 519.684 2155
-832.752 519.684 2155
-835.65 519.202 2153
-838.151 518.478 2150
-841.816 518.478 2150
-845.481 518.478 2150
-847.961 517.755 2147
-847.258 515.102 2136
-850.9 515.102 2136
-854.541 515.102 2136
-858.182 515.102 2136
-860.613 514.379 2133
-863.439 513.896 2131
-867.886 514.379 2133
-871.522 514.379 2133
-875.158 514.379 2133
-878.794 514.379 2133
-882.431 514.379 2133
-885.236 513.896 2131
-886.366 512.449 2125
-879.937 506.662 2101
-883.519 506.662 2101
-884.989 505.456 2096
-889.41 505.938 2098
-892.987 505.938 2098
-896.563 505.938 2098
-900.14 505.938 2098
-899.409 503.527 2088
-893.887 498.462 2067
-897.411 498.462 2067
-900.063 497.98 2065
-901.395 496.774 2060
-892.607 490.022 2032
-896.071 490.022 2032
-899.535 490.022 2032
-897.667 487.128 2020
-899.772 486.405 2017
-903.21 486.405 2017
-903.502 484.717 2010
-904.673 483.511 2005
-908.091 483.511 2005
-911.509 483.511 2005
-912.645 482.305 2000
-911.933 480.135 1991
-915.327 480.135 1991
-919.644 480.617 1993
-923.041 480.617 1993
-926.439 480.617 1993
-928.903 480.135 1991
-932.297 480.135 1991
-933.342 478.929 1986
-934.369 477.723 1981
-936.799 477.241 1979
-940.173 477.241 1979
-942.593 476.759 1977
-944.528 476.035 1974
-946.933 475.553 1972
-950.295 475.553 1972
-953.656 475.553 1972
-954.592 474.347 1967
-957.945 474.347 1967
-961.298 474.347 1967
-962.69 473.383 1963
-963.576 472.177 1958
-965.926 471.694 1956
-969.26 471.694 1956
-972.595 471.694 1956
-974.432 470.971 1953
-974.758 469.524 1947
-978.077 469.524 1947
-978.876 468.318 1942
-980.164 467.354 1938
-983.467 467.354 1938
-986.771 467.354 1938
-987.521 466.148 1933
-989.791 465.666 1931
-989.483 463.978 1924
-3.11581 119.005 497
-3.96307 119.005 497
-4.81033 119.005 497
-5.64621 118.765 496
-6.49177 118.765 496
-7.33732 118.765 496
-8.14988 118.287 494
-8.97382 118.047 493
-9.81426 118.047 493
-10.6763 118.287 494
-11.5185 118.287 494
-12.3606 118.287 494
-13.2295 118.526 495
-14.0733 118.526 495
-14.9172 118.526 495
-15.761 118.526 495
-16.6049 118.526 495
-17.4487 118.526 495
-18.2187 118.047 493
-19.0205 117.808 492
-19.8592 117.808 492
-20.6979 117.808 492
-21.3749 112.54 470
-22.1761 112.54 470
-22.9773 112.54 470
-23.7786 112.54 470
-24.5798 112.54 470
-25.327 112.3 469
-26.0708 112.061 468
-26.7538 111.582 466
-27.4891 111.343 465
-28.2818 111.343 465
-29.0746 111.343 465
-29.803 111.103 464
-30.5281 110.864 463
-31.3174 110.864 463
-32.0373 110.624 462
-32.7539 110.385 461
-33.467 110.145 460
-34.2512 110.145 460
-80.9488 109.666 458
-81.7295 109.666 458
-82.8706 110.145 460
-83.6548 110.145 460
-84.8061 110.624 462
-85.5937 110.624 462
-86.5683 110.864 463
-87.3576 110.864 463
-88.1469 110.864 463
-88.9362 110.864 463
-89.9193 111.103 464
-90.7103 111.103 464
-91.5013 111.103 464
-92.4912 111.343 465
-93.2839 111.343 465
-94.2789 111.582 466
-95.0733 111.582 466
-95.8677 111.582 466
-96.6621 111.582 466
-97.4566 111.582 466
-98.0401 111.343 465
-99.2579 111.822 467
-100.054 111.822 467
-101.066 112.061 468
-101.864 112.061 468
-102.881 112.3 469
-103.902 112.54 470
-104.703 112.54 470
-105.953 113.019 472
-106.758 113.019 472
-107.562 113.019 472
-108.367 113.019 472
-109.172 113.019 472
-109.976 113.019 472
-110.781 113.019 472
-111.586 113.019 472
-112.628 113.258 473
-113.675 113.498 474
-114.483 113.498 474
-115.291 113.498 474
-116.099 113.498 474
-778.835 547.854 2288
-782.735 547.854 2288
-786.636 547.854 2288
-790.536 547.854 2288
-774.298 533.966 2230
-764.84 524.867 2192
-767.525 524.148 2189
-771.257 524.148 2189
-773.927 523.43 2186
-777.653 523.43 2186
-775.303 519.359 2169
-779.001 519.359 2169
-778.729 516.726 2158
-785.671 518.881 2167
-790.094 519.359 2169
-793.791 519.359 2169
-797.489 519.359 2169
-801.186 519.359 2169
-799.689 516.007 2155
-803.362 516.007 2155
-802.168 512.894 2142
-806.572 513.373 2144
-814.384 516.007 2155
-820.335 517.444 2161
-824.019 517.444 2161
-827.703 517.444 2161
-829.079 516.007 2155
-832.752 516.007 2155
-835.65 515.528 2153
-838.151 514.81 2150
-841.816 514.81 2150
-845.481 514.81 2150
-847.961 514.092 2147
-847.258 511.458 2136
-850.9 511.458 2136
-854.541 511.458 2136
-858.182 511.458 2136
-860.613 510.739 2133
-863.439 510.261 2131
-867.886 510.739 2133
-871.522 510.739 2133
-875.158 510.739 2133
-878.794 510.739 2133
-882.431 510.739 2133
-885.236 510.261 2131
-886.366 508.824 2125
-879.937 503.077 2101
-883.519 503.077 2101
-884.989 501.88 2096
-889.41 502.359 2098
-892.987 502.359 2098
-896.563 502.359 2098
-900.14 502.359 2098
-899.409 499.964 2088
-893.887 494.936 2067
-897.411 494.936 2067
-900.063 494.457 2065
-901.395 493.26 2060
-892.607 486.555 2032
-896.071 486.555 2032
-899.535 486.555 2032
-897.667 483.682 2020
-899.772 482.964 2017
-903.21 482.964 2017
-903.502 481.287 2010
-903.77 479.611 2003
-907.185 479.611 2003
-910.6 479.611 2003
-912.645 478.893 2000
-908.726 475.062 1984
-916.246 477.217 1993
-919.644 477.217 1993
-923.041 477.217 1993
-926.439 477.217 1993
-929.836 477.217 1993
-933.234 477.217 1993
-934.282 476.02 1988
-933.426 473.865 1979
-936.799 473.865 1979
-940.173 473.865 1979
-942.593 473.386 1977
-944.528 472.667 1974
-946.933 472.189 1972
-950.295 472.189 1972
-951.238 470.991 1967
-953.621 470.512 1965
-955.997 470.033 1963
-959.343 470.033 1963
-962.69 470.033 1963
-962.591 468.357 1956
-965.926 468.357 1956
-969.26 468.357 1956
-971.103 467.639 1953
-974.432 467.639 1953
-973.256 465.484 1944
-976.57 465.484 1944
-978.876 465.005 1942
-981.175 464.526 1940
-980.93 462.85 1933
-984.225 462.85 1933
-986.499 462.371 1931
-987.228 461.174 1926
-988.454 460.216 1922
-3.11581 118.157 497
-3.96307 118.157 497
-4.81033 118.157 497
-5.65759 118.157 497
-6.49177 117.919 496
-7.33732 117.919 496
-8.14988 117.444 494
-8.97382 117.206 493
-9.81426 117.206 493
-10.6763 117.444 494
-11.5185 117.444 494
-12.3606 117.444 494
-13.2295 117.681 495
-14.0733 117.681 495
-14.9172 117.681 495
-15.761 117.681 495
-16.6049 117.681 495
-17.4487 117.681 495
-18.2187 117.206 493
-19.0205 116.968 492
-19.7381 116.255 489
-21.3749 111.738 470
-22.1761 111.738 470
-22.9773 111.738 470
-23.728 111.5 469
-24.5275 111.5 469
-25.273 111.263 468
-26.0151 111.025 467
-26.7538 110.787 466
-27.4891 110.549 465
-28.2818 110.549 465
-29.0746 110.549 465
-29.803 110.312 464
-30.5281 110.074 463
-31.3174 110.074 463
-32.0373 109.836 462
-32.7539 109.598 461
-33.467 109.361 460
-34.2512 109.361 460
-82.8706 109.361 460
-83.6548 109.361 460
-84.439 109.361 460
-85.779 110.074 463
-86.9422 110.549 465
-87.7349 110.549 465
-88.5276 110.549 465
-89.1283 110.312 464
-89.9193 110.312 464
-90.7103 110.312 464
-91.5013 110.312 464
-92.4912 110.549 465
-93.2839 110.549 465
-94.2789 110.787 466
-95.0733 110.787 466
-95.8677 110.787 466
-96.6621 110.787 466
-97.4566 110.787 466
-98.0401 110.549 465
-99.2579 111.025 467
-100.054 111.025 467
-101.066 111.263 468
-101.864 111.263 468
-102.881 111.5 469
-103.902 111.738 470
-104.703 111.738 470
-105.953 112.213 472
-106.758 112.213 472
-107.562 112.213 472
-108.367 112.213 472
-109.172 112.213 472
-109.976 112.213 472
-110.781 112.213 472
-111.586 112.213 472
-112.628 112.451 473
-113.675 112.689 474
-114.483 112.689 474
-115.291 112.689 474
-116.099 112.689 474
-778.835 543.95 2288
-782.735 543.95 2288
-786.636 543.95 2288
-790.536 543.95 2288
-774.298 530.161 2230
-770.074 524.693 2207
-768.577 521.127 2192
-772.314 521.127 2192
-776.051 521.127 2192
-779.788 521.127 2192
-781.38 519.701 2186
-785.106 519.701 2186
-782.698 515.659 2169
-786.396 515.659 2169
-790.094 515.659 2169
-793.791 515.659 2169
-797.489 515.659 2169
-801.186 515.659 2169
-799.689 512.331 2155
-803.362 512.331 2155
-806.287 511.855 2153
-809.958 511.855 2153
-817.785 514.47 2164
-823.372 515.659 2169
-827.07 515.659 2169
-830.767 515.659 2169
-831.387 513.757 2161
-835.071 513.757 2161
-836.426 512.331 2155
-840.1 512.331 2155
-841.816 511.142 2150
-845.481 511.142 2150
-847.961 510.429 2147
-848.448 508.527 2139
-850.9 507.813 2136
-854.541 507.813 2136
-858.182 507.813 2136
-860.613 507.1 2133
-863.439 506.625 2131
-867.886 507.1 2133
-871.522 507.1 2133
-875.158 507.1 2133
-878.794 507.1 2133
-882.431 507.1 2133
-885.236 506.625 2131
-886.366 505.198 2125
-879.937 499.493 2101
-883.519 499.493 2101
-890.411 481.9 2027
-893.866 481.9 2027
-897.322 481.9 2027
-896.333 479.522 2017
-895.757 477.383 2008
-899.18 477.383 2008
-900.356 476.194 2003
-903.77 476.194 2003
-907.185 476.194 2003
-910.6 476.194 2003
-912.645 475.481 2000
-908.726 471.677 1984
-916.246 473.817 1993
-919.644 473.817 1993
-923.041 473.817 1993
-926.439 473.817 1993
-929.836 473.817 1993
-933.234 473.817 1993
-934.282 472.628 1988
-933.426 470.488 1979
-936.799 470.488 1979
-940.173 470.488 1979
-942.593 470.013 1977
-944.528 469.3 1974
-946.933 468.824 1972
-950.295 468.824 1972
-951.238 467.635 1967
-953.621 467.16 1965
-955.997 466.684 1963
-959.343 466.684 1963
-962.69 466.684 1963
-962.591 465.02 1956
-965.926 465.02 1956
-969.26 465.02 1956
-971.103 464.307 1953
-974.432 464.307 1953
-973.256 462.167 1944
-976.57 462.167 1944
-978.876 461.692 1942
-981.175 461.216 1940
-979.915 459.077 1931
-983.207 459.077 1931
-985.477 458.601 1929
-986.203 457.413 1924
-986.397 455.986 1918
-3.11581 117.309 497
-3.96307 117.309 497
-4.81033 117.309 497
-5.65759 117.309 497
-6.49177 117.073 496
-7.33732 117.073 496
-8.14988 116.601 494
-8.97382 116.365 493
-9.81426 116.365 493
-10.6763 116.601 494
-11.5185 116.601 494
-12.3606 116.601 494
-13.2295 116.837 495
-14.0733 116.837 495
-14.9172 116.837 495
-15.761 116.837 495
-16.6049 116.837 495
-17.4487 116.837 495
-18.0339 115.185 488
-18.8658 115.185 488
-19.6977 115.185 488
-21.4203 111.172 471
-22.2233 111.172 471
-23.0262 111.172 471
-23.728 110.7 469
-24.5275 110.7 469
-25.327 110.7 469
-26.0151 110.228 467
-26.7538 109.992 466
-27.4891 109.756 465
-28.2818 109.756 465
-29.0746 109.756 465
-29.803 109.52 464
-30.5281 109.284 463
-31.3174 109.284 463
-32.0373 109.048 462
-32.7539 108.812 461
-33.467 108.576 460
-34.2512 108.576 460
-82.8706 108.576 460
-83.6548 108.576 460
-84.439 108.576 460
-85.779 109.284 463
-86.9422 109.756 465
-87.7349 109.756 465
-88.5276 109.756 465
-89.3203 109.756 465
-89.9193 109.52 464
-90.7103 109.52 464
-91.5013 109.52 464
-92.4912 109.756 465
-93.2839 109.756 465
-94.0766 109.756 465
-94.8693 109.756 465
-95.662 109.756 465
-96.4547 109.756 465
-97.2474 109.756 465
-98.0401 109.756 465
-99.0454 109.992 466
-100.054 110.228 467
-100.85 110.228 467
-101.646 110.228 467
-102.662 110.464 468
-103.902 110.936 470
-104.703 110.936 470
-105.953 111.408 472
-106.758 111.408 472
-107.562 111.408 472
-108.367 111.408 472
-109.172 111.408 472
-109.976 111.408 472
-110.781 111.408 472
-111.586 111.408 472
-112.628 111.644 473
-113.675 111.88 474
-114.483 111.88 474
-115.291 111.88 474
-116.099 111.88 474
-116.413 111.408 472
-117.218 111.408 472
-778.835 540.046 2288
-782.735 540.046 2288
-786.636 540.046 2288
-790.536 540.046 2288
-776.381 527.773 2236
-770.074 520.928 2207
-772.785 520.22 2204
-776.542 520.22 2204
-780.299 520.22 2204
-784.057 520.22 2204
-782.452 516.679 2189
-786.184 516.679 2189
-785.946 514.083 2178
-789.659 514.083 2178
-793.372 514.083 2178
-797.085 514.083 2178
-800.798 514.083 2178
-803.403 513.375 2175
-799.689 508.654 2155
-803.362 508.654 2155
-806.287 508.182 2153
-809.958 508.182 2153
-820.808 512.667 2172
-824.511 512.667 2172
-828.213 512.667 2172
-831.916 512.667 2172
-833.695 511.486 2167
-837.389 511.486 2167
-838.755 510.07 2161
-840.1 508.654 2155
-841.816 507.474 2150
-845.481 507.474 2150
-849.146 507.474 2150
-848.448 504.877 2139
-850.9 504.169 2136
-854.541 504.169 2136
-892.334 473.957 2008
-895.757 473.957 2008
-899.18 473.957 2008
-900.356 472.777 2003
-903.77 472.777 2003
-905.826 472.069 2000
-909.236 472.069 2000
-912.645 472.069 2000
-908.726 468.292 1984
-916.246 470.416 1993
-919.644 470.416 1993
-923.041 470.416 1993
-926.439 470.416 1993
-929.836 470.416 1993
-933.234 470.416 1993
-934.282 469.236 1988
-933.426 467.112 1979
-936.799 467.112 1979
-940.173 467.112 1979
-942.593 466.64 1977
-944.528 465.932 1974
-946.933 465.46 1972
-950.295 465.46 1972
-951.238 464.279 1967
-953.621 463.807 1965
-955.997 463.335 1963
-959.343 463.335 1963
-962.69 463.335 1963
-962.591 461.683 1956
-965.926 461.683 1956
-969.26 461.683 1956
-971.103 460.975 1953
-974.432 460.975 1953
-973.256 458.851 1944
-976.57 458.851 1944
-978.876 458.379 1942
-981.175 457.907 1940
-979.915 455.782 1931
-983.207 455.782 1931
-985.477 455.31 1929
-986.203 454.13 1924
-986.397 452.714 1918
-3.11581 116.461 497
-3.96307 116.461 497
-4.81033 116.461 497
-5.65759 116.461 497
-6.49177 116.227 496
-7.33732 116.227 496
-8.14988 115.758 494
-8.97382 115.524 493
-9.81426 115.524 493
-10.6763 115.758 494
-11.5185 115.758 494
-12.3606 115.758 494
-13.2295 115.992 495
-14.0733 115.992 495
-14.9172 115.992 495
-15.761 115.992 495
-16.6049 115.992 495
-17.4487 115.992 495
-18.0339 114.352 488
-18.8658 114.352 488
-19.6977 114.352 488
-20.5296 114.352 488
-20.6612 110.603 472
-21.4658 110.603 472
-22.2705 110.603 472
-23.0262 110.369 471
-23.8292 110.369 471
-24.6321 110.369 471
-25.327 109.9 469
-26.0151 109.431 467
-26.7538 109.197 466
-27.5483 109.197 466
-28.2818 108.963 465
-29.0746 108.963 465
-29.803 108.728 464
-30.5281 108.494 463
-31.3174 108.494 463
-32.0373 108.26 462
-32.7539 108.025 461
-85.779 108.494 463
-86.9422 108.963 465
-87.7349 108.963 465
-88.5276 108.963 465
-89.3203 108.963 465
-89.9193 108.728 464
-90.7103 108.728 464
-91.5013 108.728 464
-92.4912 108.963 465
-93.2839 108.963 465
-94.0766 108.963 465
-94.8693 108.963 465
-95.662 108.963 465
-96.4547 108.963 465
-97.2474 108.963 465
-98.0401 108.963 465
-99.0454 109.197 466
-100.054 109.431 467
-100.85 109.431 467
-101.646 109.431 467
-102.662 109.666 468
-103.902 110.134 470
-104.703 110.134 470
-105.953 110.603 472
-106.758 110.603 472
-107.562 110.603 472
-108.367 110.603 472
-109.172 110.603 472
-109.976 110.603 472
-110.781 110.603 472
-111.586 110.603 472
-112.628 110.837 473
-113.435 110.837 473
-114.241 110.837 473
-115.047 110.837 473
-115.854 110.837 473
-116.413 110.603 472
-117.218 110.603 472
-778.835 536.143 2288
-782.735 536.143 2288
-786.636 536.143 2288
-790.536 536.143 2288
-776.381 523.958 2236
-770.074 517.162 2207
-772.785 516.459 2204
-776.542 516.459 2204
-780.299 516.459 2204
-784.057 516.459 2204
-782.452 512.944 2189
-786.184 512.944 2189
-785.946 510.367 2178
-789.659 510.367 2178
-795.558 511.773 2184
-799.281 511.773 2184
-803.004 511.773 2184
-803.403 509.664 2175
-799.689 504.977 2155
-803.362 504.977 2155
-806.287 504.509 2153
-809.958 504.509 2153
-820.808 508.961 2172
-824.511 508.961 2172
-828.213 508.961 2172
-831.916 508.961 2172
-833.695 507.789 2167
-837.389 507.789 2167
-839.919 507.086 2164
-843.608 507.086 2164
-843.774 504.977 2155
-847.447 504.977 2155
-849.146 503.806 2150
-848.448 501.228 2139
-850.9 500.525 2136
-854.541 500.525 2136
-936.848 462.095 1972
-940.209 462.095 1972
-943.571 462.095 1972
-944.532 460.924 1967
-947.885 460.924 1967
-951.238 460.924 1967
-953.621 460.455 1965
-955.997 459.986 1963
-959.343 459.986 1963
-960.238 458.815 1958
-962.591 458.346 1956
-964.444 457.643 1953
-967.774 457.643 1953
-970.109 457.174 1951
-973.435 457.174 1951
-973.256 455.534 1944
-976.57 455.534 1944
-977.868 454.597 1940
-980.164 454.128 1938
-978.9 452.019 1929
-982.189 452.019 1929
-983.944 451.316 1926
-986.203 450.847 1924
-984.854 448.738 1915
-3.11581 115.613 497
-3.96307 115.613 497
-4.81033 115.613 497
-5.65759 115.613 497
-6.49177 115.381 496
-7.33732 115.381 496
-8.14988 114.915 494
-8.97382 114.683 493
-9.81426 114.683 493
-10.6763 114.915 494
-11.5185 114.915 494
-12.3606 114.915 494
-13.2028 114.915 494
-14.0733 115.148 495
-14.9172 115.148 495
-15.761 115.148 495
-17.202 113.52 488
-18.0339 113.52 488
-18.8658 113.52 488
-19.6977 113.52 488
-20.5296 113.52 488
-20.6612 109.798 472
-21.4658 109.798 472
-22.2705 109.798 472
-23.0262 109.565 471
-23.8292 109.565 471
-24.6321 109.565 471
-25.327 109.1 469
-26.0151 108.635 467
-26.7538 108.402 466
-27.5483 108.402 466
-28.2818 108.169 465
-29.012 107.937 464
-29.803 107.937 464
-30.5281 107.704 463
-31.3174 107.704 463
-32.0373 107.471 462
-32.8249 107.471 462
-86.9422 108.169 465
-87.7349 108.169 465
-88.5276 108.169 465
-89.3203 108.169 465
-90.113 108.169 465
-90.9058 108.169 465
-91.5013 107.937 464
-92.4912 108.169 465
-93.2839 108.169 465
-94.0766 108.169 465
-94.8693 108.169 465
-95.662 108.169 465
-96.4547 108.169 465
-97.2474 108.169 465
-97.8293 107.937 464
-98.8328 108.169 465
-99.8398 108.402 466
-100.634 108.402 466
-101.429 108.402 466
-102.442 108.635 467
-103.681 109.1 469
-104.48 109.1 469
-105.953 109.798 472
-106.758 109.798 472
-107.562 109.798 472
-108.367 109.798 472
-109.172 109.798 472
-109.976 109.798 472
-110.781 109.798 472
-111.586 109.798 472
-112.628 110.03 473
-113.435 110.03 473
-114.241 110.03 473
-115.047 110.03 473
-115.854 110.03 473
-116.413 109.798 472
-117.218 109.798 472
-765.972 520.841 2239
-769.789 520.841 2239
-773.606 520.841 2239
-776.381 520.143 2236
-770.074 513.397 2207
-772.785 512.699 2204
-776.542 512.699 2204
-780.299 512.699 2204
-784.057 512.699 2204
-782.452 509.21 2189
-786.184 509.21 2189
-785.946 506.651 2178
-789.659 506.651 2178
-795.558 508.047 2184
-799.281 508.047 2184
-803.004 508.047 2184
-803.403 505.953 2175
-799.689 501.301 2155
-803.362 501.301 2155
-805.164 500.138 2150
-809.958 500.835 2153
-820.808 505.255 2172
-824.511 505.255 2172
-828.213 505.255 2172
-831.916 505.255 2172
-833.695 504.092 2167
-837.389 504.092 2167
-839.919 503.394 2164
-843.608 503.394 2164
-843.774 501.301 2155
-847.447 501.301 2155
-849.146 500.138 2150
-940.222 457.102 1965
-943.572 457.102 1965
-946.921 457.102 1965
-950.271 457.102 1965
-952.651 456.637 1963
-954.536 455.939 1960
-957.877 455.939 1960
-960.238 455.474 1958
-962.591 455.009 1956
-964.444 454.311 1953
-967.774 454.311 1953
-970.109 453.846 1951
-973.435 453.846 1951
-972.255 451.752 1942
-975.565 451.752 1942
-977.868 451.287 1940
-980.164 450.822 1938
-978.9 448.728 1929
-982.189 448.728 1929
-982.923 447.565 1924
-985.177 447.1 1922
-982.797 444.541 1911
-3.11581 114.765 497
-3.96307 114.765 497
-4.81033 114.765 497
-5.64621 114.534 496
-6.49177 114.534 496
-7.33732 114.534 496
-8.13338 113.842 493
-8.97382 113.842 493
-9.81426 113.842 493
-10.6547 113.842 493
-11.4951 113.842 493
-12.3356 113.842 493
-13.2028 114.073 494
-14.0449 114.073 494
-14.887 114.073 494
-15.7292 114.073 494
-17.202 112.687 488
-18.0339 112.687 488
-18.8658 112.687 488
-19.6977 112.687 488
-20.5296 112.687 488
-20.9676 110.609 479
-21.5568 109.454 474
-22.3176 109.223 473
-23.0751 108.992 472
-23.8292 108.761 471
-24.6321 108.761 471
-25.381 108.531 470
-26.0708 108.069 468
-26.7538 107.607 466
-27.5483 107.607 466
-28.2818 107.376 465
-29.0746 107.376 465
-29.803 107.145 464
-30.5281 106.914 463
-31.3174 106.914 463
-32.0373 106.683 462
-32.8249 106.683 462
-86.9422 107.376 465
-87.9236 107.607 466
-88.718 107.607 466
-89.5124 107.607 466
-90.113 107.376 465
-90.9058 107.376 465
-91.6985 107.376 465
-92.4912 107.376 465
-93.2839 107.376 465
-94.0766 107.376 465
-94.8693 107.376 465
-95.662 107.376 465
-96.2473 107.145 464
-97.0383 107.145 464
-97.8293 107.145 464
-98.6203 107.145 464
-99.4113 107.145 464
-100.202 107.145 464
-100.993 107.145 464
-102.004 107.376 465
-103.239 107.838 467
-104.035 107.838 467
-105.729 108.761 471
-106.758 108.992 472
-107.562 108.992 472
-108.367 108.992 472
-109.172 108.992 472
-109.743 108.761 471
-110.781 108.992 472
-111.586 108.992 472
-112.39 108.992 472
-113.195 108.992 472
-114 108.992 472
-114.804 108.992 472
-115.609 108.992 472
-116.413 108.992 472
-117.218 108.992 472
-778.52 502.935 2178
-782.233 502.935 2178
-785.946 502.935 2178
-789.659 502.935 2178
-795.558 504.32 2184
-799.281 504.32 2184
-803.004 504.32 2184
-803.403 502.242 2175
-798.947 497.162 2153
-802.617 497.162 2153
-805.164 496.469 2150
-809.958 497.162 2153
-820.808 501.55 2172
-824.511 501.55 2172
-828.213 501.55 2172
-831.916 501.55 2172
-833.695 500.395 2167
-837.389 500.395 2167
-839.919 499.702 2164
-843.608 499.702 2164
-843.774 497.624 2155
-847.447 497.624 2155
-940.222 453.75 1965
-943.572 453.75 1965
-946.921 453.75 1965
-950.271 453.75 1965
-952.651 453.288 1963
-954.536 452.595 1960
-957.877 452.595 1960
-960.238 452.134 1958
-962.591 451.672 1956
-963.457 450.517 1951
-966.783 450.517 1951
-969.114 450.055 1949
-971.439 449.593 1947
-971.253 447.977 1940
-974.561 447.977 1940
-976.86 447.515 1938
-978.646 446.822 1935
-978.9 445.437 1929
-982.189 445.437 1929
-981.901 443.821 1922
-984.152 443.359 1920
-983.826 441.742 1913
-3.11581 113.917 497
-3.96307 113.917 497
-4.81033 113.917 497
-5.64621 113.688 496
-6.49177 113.688 496
-7.33732 113.688 496
-8.13338 113 493
-8.97382 113 493
-9.81426 113 493
-10.6547 113 493
-11.4718 112.771 492
-12.3106 112.771 492
-13.1493 112.771 492
-13.988 112.771 492
-14.8268 112.771 492
-17.0257 110.708 483
-17.8491 110.708 483
-18.6725 110.708 483
-19.4959 110.708 483
-20.151 109.792 479
-20.9676 109.792 479
-21.6023 108.875 475
-22.3648 108.645 474
-23.124 108.416 473
-23.8797 108.187 472
-24.6844 108.187 472
-25.381 107.729 470
-26.0708 107.27 468
-26.8113 107.041 467
-27.6074 107.041 467
-28.2818 106.583 465
-29.0746 106.583 465
-29.803 106.353 464
-30.5281 106.124 463
-31.3174 106.124 463
-32.0373 105.895 462
-32.8249 105.895 462
-86.9422 106.583 465
-87.9236 106.812 466
-88.718 106.812 466
-89.5124 106.812 466
-90.3068 106.812 466
-91.1013 106.812 466
-91.6985 106.583 465
-92.2923 106.353 464
-95.2505 106.124 463
-96.0398 106.124 463
-96.8291 106.124 463
-97.4076 105.895 462
-98.1952 105.895 462
-99.197 106.124 463
-99.9863 106.124 463
-100.776 106.124 463
-101.784 106.353 464
-102.796 106.583 465
-104.035 107.041 467
-104.831 107.041 467
-106.532 107.958 471
-107.335 107.958 471
-108.137 107.958 471
-108.709 107.729 470
-109.277 107.499 469
-110.546 107.958 471
-111.349 107.958 471
-112.39 108.187 472
-113.195 108.187 472
-114 108.187 472
-114.804 108.187 472
-115.609 108.187 472
-116.907 108.645 474
-117.715 108.645 474
-118.523 108.645 474
-778.52 499.219 2178
-782.233 499.219 2178
-785.946 499.219 2178
-789.659 499.219 2178
-943.548 448.793 1958
-946.886 448.793 1958
-950.224 448.793 1958
-953.562 448.793 1958
-956.9 448.793 1958
-959.257 448.335 1956
-962.591 448.335 1956
-963.457 447.188 1951
-966.783 447.188 1951
-969.114 446.73 1949
-971.439 446.272 1947
-971.253 444.667 1940
-974.561 444.667 1940
-976.86 444.209 1938
-978.646 443.521 1935
-978.9 442.146 1929
-982.189 442.146 1929
-981.901 440.541 1922
-984.152 440.083 1920
-983.826 438.479 1913
-3.10955 112.842 496
-3.9551 112.842 496
-4.80066 112.842 496
-5.64621 112.842 496
-6.47868 112.614 495
-7.32253 112.614 495
-8.13338 112.159 493
-8.95562 111.932 492
-9.79436 111.932 492
-10.6331 111.932 492
-11.4718 111.932 492
-12.3106 111.932 492
-13.1493 111.932 492
-13.988 111.932 492
-14.8268 111.932 492
-17.0257 109.884 483
-17.8491 109.884 483
-18.6725 109.884 483
-19.4959 109.884 483
-20.151 108.974 479
-20.9676 108.974 479
-21.6023 108.064 475
-22.3648 107.837 474
-23.124 107.609 473
-23.8797 107.382 472
-24.6844 107.382 472
-25.381 106.927 470
-26.1265 106.699 469
-26.8113 106.244 467
-27.6074 106.244 467
-28.2818 105.789 465
-29.0746 105.789 465
-29.803 105.562 464
-30.594 105.562 464
-31.3174 105.334 463
-32.0373 105.107 462
-32.8249 105.107 462
-87.9236 106.017 466
-88.718 106.017 466
-89.5124 106.017 466
-90.3068 106.017 466
-91.1013 106.017 466
-91.6985 105.789 465
-92.2923 105.562 464
-95.2505 105.334 463
-96.0398 105.334 463
-96.8291 105.334 463
-97.4076 105.107 462
-98.1952 105.107 462
-99.197 105.334 463
-99.9863 105.334 463
-100.776 105.334 463
-101.784 105.562 464
-102.796 105.789 465
-104.035 106.244 467
-104.831 106.244 467
-106.532 107.154 471
-107.335 107.154 471
-108.137 107.154 471
-108.709 106.927 470
-109.277 106.699 469
-110.546 107.154 471
-111.349 107.154 471
-112.39 107.382 472
-113.195 107.382 472
-114.241 107.609 473
-115.047 107.609 473
-116.344 108.064 475
-117.153 108.064 475
-117.963 108.064 475
-118.773 108.064 475
-949.253 444.997 1956
-952.588 444.997 1956
-955.922 444.997 1956
-959.257 444.997 1956
-961.115 444.315 1953
-961.481 442.95 1947
-964.8 442.95 1947
-966.628 442.267 1944
-969.942 442.267 1944
-968.75 440.22 1935
-972.049 440.22 1935
-975.348 440.22 1935
-976.623 439.31 1931
-977.378 438.172 1926
-980.661 438.172 1926
-981.901 437.262 1922
-984.152 436.807 1920
-983.826 435.215 1913
-3.10328 111.77 495
-3.94713 111.77 495
-4.79098 111.77 495
-5.63483 111.77 495
-6.4525 111.318 493
-7.29294 111.318 493
-8.11688 111.092 492
-8.93742 110.867 491
-9.75454 110.641 490
-10.5899 110.641 490
-11.4252 110.641 490
-12.2355 110.415 489
-13.0691 110.415 489
-13.9027 110.415 489
-14.6761 109.963 487
-16.9905 108.834 482
-17.8122 108.834 482
-18.6339 108.834 482
-19.4152 108.609 481
-20.151 108.157 479
-20.9676 108.157 479
-21.6023 107.254 475
-22.3648 107.028 474
-23.124 106.802 473
-23.8797 106.576 472
-24.6844 106.576 472
-25.381 106.125 470
-26.1265 105.899 469
-26.8113 105.448 467
-27.6074 105.448 467
-28.2818 104.996 465
-29.0746 104.996 465
-29.803 104.77 464
-30.594 104.77 464
-31.3174 104.544 463
-32.0373 104.319 462
-32.8249 104.319 462
-89.5124 105.222 466
-90.3068 105.222 466
-91.1013 105.222 466
-91.6985 104.996 465
-92.2923 104.77 464
-95.0448 104.319 462
-95.8324 104.319 462
-96.62 104.319 462
-97.1968 104.093 461
-97.9827 104.093 461
-98.7685 104.093 461
-99.7704 104.319 462
-100.558 104.319 462
-101.346 104.319 462
-102.354 104.544 463
-103.589 104.996 465
-104.382 104.996 465
-105.627 105.448 467
-106.423 105.448 467
-107.219 105.448 467
-110.546 106.351 471
-111.349 106.351 471
-112.39 106.576 472
-113.195 106.576 472
-114.241 106.802 473
-115.047 106.802 473
-116.344 107.254 475
-117.153 107.254 475
-117.963 107.254 475
-118.773 107.254 475
-950.058 438.951 1944
-953.372 438.951 1944
-956.686 438.951 1944
-957.037 437.596 1938
-960.341 437.596 1938
-963.645 437.596 1938
-965.451 436.919 1935
-965.746 435.564 1929
-969.035 435.564 1929
-972.323 435.564 1929
-974.094 434.886 1926
-976.363 434.435 1924
-979.643 434.435 1924
-980.879 433.532 1920
-984.152 433.532 1920
-982.797 431.499 1911
-3.10328 110.925 495
-3.94713 110.925 495
-4.79098 110.925 495
-5.62344 110.701 494
-6.43941 110.253 492
-7.27815 110.253 492
-8.10039 110.029 491
-8.91922 109.805 490
-9.75454 109.805 490
-10.5899 109.805 490
-11.4019 109.581 489
-12.2355 109.581 489
-13.0424 109.357 488
-13.8743 109.357 488
-14.6761 109.133 487
-15.4745 108.909 486
-16.1688 108.012 482
-16.9905 108.012 482
-17.8122 108.012 482
-18.6339 108.012 482
-19.4152 107.788 481
-20.1931 107.564 480
-21.0114 107.564 480
-21.6932 106.892 477
-22.412 106.443 475
-23.1729 106.219 474
-23.8797 105.771 472
-24.6844 105.771 472
-25.381 105.323 470
-26.1265 105.099 469
-26.8113 104.651 467
-27.6074 104.651 467
-28.2818 104.203 465
-29.0746 104.203 465
-29.803 103.978 464
-30.594 103.978 464
-31.3174 103.754 463
-32.0373 103.53 462
-32.8249 103.53 462
-89.9193 103.978 464
-90.7103 103.978 464
-91.5013 103.978 464
-92.0934 103.754 463
-94.6334 103.082 460
-95.4176 103.082 460
-96.2017 103.082 460
-96.9859 103.082 460
-97.5576 102.858 459
-98.34 102.858 459
-99.3385 103.082 460
-100.123 103.082 460
-100.907 103.082 460
-102.133 103.53 462
-103.144 103.754 463
-103.933 103.754 463
-104.722 103.754 463
-112.39 105.771 472
-113.195 105.771 472
-114.241 105.995 473
-115.047 105.995 473
-116.344 106.443 475
-117.153 106.443 475
-117.963 106.443 475
-118.773 106.443 475
-950.058 435.634 1944
-953.372 435.634 1944
-956.686 435.634 1944
-957.037 434.289 1938
-960.341 434.289 1938
-961.158 433.169 1933
-963.456 432.721 1931
-964.244 431.6 1926
-967.528 431.6 1926
-968.795 430.704 1922
-972.071 430.704 1922
-975.348 430.704 1922
-978.624 430.704 1922
-980.879 430.256 1920
-983.127 429.808 1918
-982.797 428.239 1911
-3.10328 110.081 495
-3.94713 110.081 495
-4.79098 110.081 495
-5.62344 109.858 494
-6.43941 109.414 492
-7.27815 109.414 492
-8.10039 109.191 491
-8.91922 108.969 490
-9.75454 108.969 490
-10.5899 108.969 490
-11.4019 108.746 489
-12.2105 108.524 488
-13.0157 108.302 487
-13.8459 108.302 487
-14.6761 108.302 487
-15.4745 108.079 486
-16.2023 107.412 483
-16.9905 107.19 482
-17.8122 107.19 482
-18.6339 107.19 482
-19.4152 106.967 481
-20.1931 106.745 480
-21.0114 106.745 480
-21.6932 106.078 477
-22.412 105.633 475
-23.1729 105.411 474
-23.9809 105.411 474
-24.7367 105.188 473
-25.435 104.744 471
-26.1265 104.299 469
-26.8113 103.854 467
-27.6074 103.854 467
-28.2818 103.409 465
-29.0746 103.409 465
-29.8673 103.409 465
-30.66 103.409 465
-31.3174 102.964 463
-32.0373 102.742 462
-94.4277 102.075 459
-95.2101 102.075 459
-95.9926 102.075 459
-96.7751 102.075 459
-97.345 101.853 458
-98.1258 101.853 458
-98.9066 101.853 458
-99.6873 101.853 458
-100.468 101.853 458
-101.028 101.63 457
-101.807 101.63 457
-102.586 101.63 457
-112.39 104.966 472
-113.195 104.966 472
-114.241 105.188 473
-115.047 105.188 473
-116.099 105.411 474
-116.907 105.411 474
-117.715 105.411 474
-951.272 429.871 1933
-954.568 429.871 1933
-957.863 429.871 1933
-961.158 429.871 1933
-963.456 429.426 1931
-964.244 428.314 1926
-967.528 428.314 1926
-968.795 427.425 1922
-972.071 427.425 1922
-975.348 427.425 1922
-978.624 427.425 1922
-980.879 426.98 1920
-983.127 426.535 1918
-982.797 424.979 1911
-3.09701 109.016 494
-3.93915 109.016 494
-4.7813 109.016 494
-5.61206 108.795 493
-6.43941 108.574 492
-7.27815 108.574 492
-8.08389 108.133 490
-8.91922 108.133 490
-9.75454 108.133 490
-10.5899 108.133 490
-11.4019 107.912 489
-12.2105 107.692 488
-13.0157 107.471 487
-13.8459 107.471 487
-14.6761 107.471 487
-15.4745 107.25 486
-16.2023 106.588 483
-16.9905 106.367 482
-17.8122 106.367 482
-18.6339 106.367 482
-19.4152 106.147 481
-20.1931 105.926 480
-21.0114 105.926 480
-21.6932 105.264 477
-22.412 104.823 475
-23.1729 104.602 474
-23.9809 104.602 474
-24.7367 104.381 473
-25.435 103.94 471
-26.1823 103.719 470
-26.8687 103.278 468
-27.6665 103.278 468
-28.2818 102.616 465
-29.0746 102.616 465
-29.8673 102.616 465
-30.66 102.616 465
-94.4277 101.292 459
-95.2101 101.292 459
-95.9926 101.292 459
-96.7751 101.292 459
-97.345 101.071 458
-98.1258 101.071 458
-98.9066 101.071 458
-99.6873 101.071 458
-100.468 101.071 458
-101.028 100.85 457
-101.807 100.85 457
-102.586 100.85 457
-112.39 104.161 472
-113.195 104.161 472
-114.241 104.381 473
-115.047 104.381 473
-115.854 104.381 473
-950.288 426.132 1931
-953.58 426.132 1931
-956.872 426.132 1931
-957.678 425.028 1926
-960.961 425.028 1926
-962.242 424.146 1922
-965.518 424.146 1922
-966.779 423.263 1918
-970.048 423.263 1918
-973.318 423.263 1918
-976.588 423.263 1918
-979.857 423.263 1918
-981.589 422.601 1915
-981.768 421.277 1909
-2.25486 108.173 494
-3.09701 108.173 494
-3.93915 108.173 494
-4.7813 108.173 494
-5.61206 107.954 493
-6.43941 107.735 492
-7.27815 107.735 492
-8.08389 107.297 490
-8.91922 107.297 490
-9.73463 107.078 489
-10.5683 107.078 489
-11.4019 107.078 489
-12.2105 106.859 488
-13.0157 106.64 487
-13.8459 106.64 487
-14.646 106.421 486
-15.4108 105.983 484
-16.2023 105.764 483
-16.9905 105.545 482
-17.8122 105.545 482
-18.5952 105.326 481
-19.4152 105.326 481
-20.1931 105.107 480
-21.0114 105.107 480
-21.6932 104.45 477
-22.412 104.012 475
-23.1729 103.793 474
-23.9809 103.793 474
-24.7367 103.574 473
-25.435 103.136 471
-26.1823 102.917 470
-26.8687 102.479 468
-27.6665 102.479 468
-28.2818 101.823 465
-29.0746 101.823 465
-29.8673 101.823 465
-30.66 101.823 465
-94.2219 100.29 458
-95.0027 100.29 458
-95.7835 100.29 458
-96.5643 100.29 458
-97.1325 100.071 457
-97.9116 100.071 457
-98.6906 100.071 457
-99.4697 100.071 457
-100.249 100.071 457
-101.028 100.071 457
-101.807 100.071 457
-102.137 99.6328 455
-112.39 103.355 472
-113.195 103.355 472
-114.241 103.574 473
-115.047 103.574 473
-115.854 103.574 473
-951.111 421.742 1926
-954.394 421.742 1926
-957.678 421.742 1926
-958.965 420.867 1922
-960.239 419.991 1918
-963.509 419.991 1918
-966.779 419.991 1918
-970.048 419.991 1918
-971.796 419.334 1915
-975.06 419.334 1915
-978.325 419.334 1915
-981.589 419.334 1915
-981.768 418.02 1909
-0.571726 107.547 495
-1.41558 107.547 495
-2.25943 107.547 495
-3.09701 107.33 494
-3.93915 107.33 494
-4.7813 107.33 494
-5.61206 107.113 493
-6.42632 106.678 491
-7.26336 106.678 491
-8.08389 106.461 490
-8.90101 106.244 489
-9.73463 106.244 489
-10.5683 106.244 489
-11.3786 106.026 488
-12.1855 105.809 487
-13.0157 105.809 487
-13.8459 105.809 487
-14.5857 105.157 484
-15.4108 105.157 484
-16.1688 104.723 482
-16.9905 104.723 482
-17.8122 104.723 482
-18.5952 104.506 481
-19.3748 104.288 480
-20.109 103.854 478
-20.9238 103.854 478
-21.6932 103.636 477
-22.412 103.202 475
-23.1729 102.985 474
-23.9809 102.985 474
-24.7367 102.767 473
-25.435 102.333 471
-26.1823 102.116 470
-26.9261 101.898 469
-27.7256 101.898 469
-28.3427 101.246 466
-29.0746 101.029 465
-29.8673 101.029 465
-30.66 101.029 465
-92.6251 98.6393 454
-93.8105 99.0738 456
-94.5878 99.0738 456
-95.3652 99.0738 456
-96.1426 99.0738 456
-96.9199 99.0738 456
-97.6973 99.0738 456
-98.4747 99.0738 456
-99.252 99.0738 456
-100.029 99.0738 456
-100.807 99.0738 456
-101.584 99.0738 456
-102.137 98.8566 455
-102.913 98.8566 455
-955.473 416.067 1915
-958.737 416.067 1915
-964.514 417.153 1920
-967.787 417.153 1920
-971.06 417.153 1920
-973.318 416.718 1918
-976.588 416.718 1918
-978.325 416.067 1915
-981.589 416.067 1915
-982.797 415.198 1911
1.11597 106.703 495
0.272124 106.703 495
-0.571726 106.703 495
-1.41558 106.703 495
-2.25943 106.703 495
-3.09701 106.487 494
-3.93915 106.487 494
-4.7813 106.487 494
-5.61206 106.272 493
-6.42632 105.84 491
-7.26336 105.84 491
-8.08389 105.625 490
-8.90101 105.409 489
-9.73463 105.409 489
-10.5683 105.409 489
-11.3786 105.194 488
-12.1855 104.978 487
-12.9355 104.332 484
-13.7606 104.332 484
-14.5555 104.116 483
-15.3471 103.9 482
-16.1688 103.9 482
-16.9552 103.685 481
-17.7752 103.685 481
-18.5565 103.469 480
-19.3345 103.254 479
-20.109 103.038 478
-20.9238 103.038 478
-21.6477 102.607 476
-22.412 102.391 475
-23.1729 102.176 474
-23.9809 102.176 474
-24.789 102.176 474
-25.489 101.745 472
-26.238 101.529 471
-26.9835 101.314 470
-27.7847 101.314 470
-28.4643 100.883 468
-29.1371 100.451 466
-29.8673 100.236 465
-30.66 100.236 465
-92.6251 97.8647 454
-93.399 97.8647 454
-94.3804 98.0803 455
-95.1561 98.0803 455
-95.9317 98.0803 455
-96.9199 98.2958 456
-97.6973 98.2958 456
-98.4747 98.2958 456
-99.252 98.2958 456
-100.029 98.2958 456
-100.586 98.0803 455
-101.584 98.2958 456
-102.361 98.2958 456
-103.139 98.2958 456
-104.144 98.5114 457
-105.153 98.727 458
-105.934 98.727 458
-106.714 98.727 458
-955.473 412.799 1915
-958.737 412.799 1915
-964.514 413.877 1920
-967.787 413.877 1920
-971.06 413.877 1920
-973.318 413.446 1918
-976.588 413.446 1918
-978.325 412.799 1915
-981.589 412.799 1915
-982.797 411.937 1911
1.11597 105.858 495
0.272124 105.858 495
-0.571726 105.858 495
-1.41558 105.858 495
-2.25943 105.858 495
-3.09701 105.644 494
-3.93915 105.644 494
-4.7813 105.644 494
-5.61206 105.43 493
-6.42632 105.003 491
-7.26336 105.003 491
-8.06739 104.575 489
-8.90101 104.575 489
-9.71473 104.361 488
-10.5466 104.361 488
-11.3786 104.361 488
-12.1855 104.147 487
-12.9355 103.506 484
-13.7606 103.506 484
-14.5555 103.292 483
-15.3471 103.078 482
-16.1688 103.078 482
-16.9552 102.864 481
-17.7752 102.864 481
-18.5565 102.65 480
-19.3345 102.437 479
-20.109 102.223 478
-20.9238 102.223 478
-21.6477 101.795 476
-22.412 101.581 475
-23.2218 101.581 475
-24.0315 101.581 475
-24.789 101.367 474
-25.489 100.94 472
-26.238 100.726 471
-27.0409 100.726 471
-27.8438 100.726 471
-28.4643 100.084 468
-29.2621 100.084 468
-29.9315 99.6564 466
-30.7259 99.6564 466
-92.6251 97.0901 454
-93.399 97.0901 454
-94.3804 97.304 455
-95.1561 97.304 455
-95.9317 97.304 455
-96.9199 97.5179 456
-97.6973 97.5179 456
-98.4747 97.5179 456
-99.252 97.5179 456
-100.029 97.5179 456
-100.807 97.5179 456
-101.584 97.5179 456
-102.361 97.5179 456
-103.139 97.5179 456
-104.144 97.7317 457
-105.153 97.9456 458
-105.934 97.9456 458
-106.714 97.9456 458
-964.514 410.602 1920
-967.787 410.602 1920
-971.06 410.602 1920
-973.318 410.174 1918
-976.588 410.174 1918
-978.325 409.532 1915
-981.589 409.532 1915
-982.797 408.677 1911
2.80367 105.014 495
1.95982 105.014 495
1.11597 105.014 495
0.272124 105.014 495
-0.571726 105.014 495
-1.41558 105.014 495
-2.25943 105.014 495
-3.09701 104.802 494
-3.93915 104.802 494
-4.77162 104.589 493
-5.61206 104.589 493
-6.42632 104.165 491
-7.26336 104.165 491
-8.06739 103.741 489
-8.88281 103.529 488
-9.71473 103.529 488
-10.5466 103.529 488
-11.3552 103.316 487
-12.1354 102.892 485
-12.9355 102.68 484
-13.7606 102.68 484
-14.5254 102.256 482
-15.3471 102.256 482
-16.1352 102.044 481
-16.9552 102.044 481
-17.7752 102.044 481
-18.5565 101.831 480
-19.3345 101.619 479
-20.0669 101.195 477
-20.8801 101.195 477
-21.6477 100.983 476
-22.412 100.771 475
-23.2218 100.771 475
-24.0315 100.771 475
-24.789 100.559 474
-25.489 100.134 472
-26.238 99.9221 471
-27.0409 99.9221 471
-27.8438 99.9221 471
-28.4643 99.2857 468
-29.2621 99.2857 468
-29.9315 98.8614 466
-30.7259 98.8614 466
-92.4211 96.1034 453
-93.1933 96.1034 453
-93.9656 96.1034 453
-94.9469 96.3156 454
-95.7209 96.3156 454
-96.7074 96.5277 455
-97.4831 96.5277 455
-98.4747 96.7399 456
-99.252 96.7399 456
-100.029 96.7399 456
-100.807 96.7399 456
-101.584 96.7399 456
-102.361 96.7399 456
-103.139 96.7399 456
-104.144 96.952 457
-105.153 97.1642 458
-105.934 97.1642 458
-106.714 97.1642 458
-968.531 406.265 1915
-971.796 406.265 1915
-975.06 406.265 1915
-976.281 405.416 1911
-979.539 405.416 1911
-980.74 404.568 1907
2.80367 104.169 495
1.95982 104.169 495
1.11597 104.169 495
0.272124 104.169 495
-0.571726 104.169 495
-1.41272 103.959 494
-2.25486 103.959 494
-3.09074 103.748 493
-3.93118 103.748 493
-4.77162 103.748 493
-5.58929 103.327 491
-6.41324 103.117 490
-7.24856 103.117 490
-8.06739 102.907 489
-8.88281 102.696 488
-9.69482 102.486 487
-10.525 102.486 487
-11.3086 102.065 485
-12.1104 101.854 484
-12.9088 101.644 483
-13.7037 101.433 482
-14.5254 101.433 482
-15.3153 101.223 481
-16.1352 101.223 481
-16.92 101.013 480
-17.7383 101.013 480
-18.5565 101.013 480
-19.3345 100.802 479
-20.0669 100.381 477
-20.8801 100.381 477
-21.6477 100.171 476
-22.412 99.9603 475
-23.2218 99.9603 475
-24.0315 99.9603 475
-24.789 99.7499 474
-25.489 99.329 472
-26.238 99.1185 471
-27.0409 99.1185 471
-27.8438 99.1185 471
-28.4643 98.4872 468
-29.2621 98.4872 468
-29.9315 98.0663 466
-30.7259 98.0663 466
-90.2326 93.8575 446
-92.217 95.1201 452
-92.9876 95.1201 452
-93.7581 95.1201 452
-94.7378 95.3306 453
-95.5101 95.3306 453
-96.4949 95.541 454
-97.4831 95.7514 455
-98.2587 95.7514 455
-99.0344 95.7514 455
-100.029 95.9619 456
-100.807 95.9619 456
-101.584 95.9619 456
-102.361 95.9619 456
-103.139 95.9619 456
-104.144 96.1723 457
-105.153 96.3828 458
-105.934 96.3828 458
-106.714 96.3828 458
-964.485 401.314 1907
-967.736 401.314 1907
-970.987 401.314 1907
-974.238 401.314 1907
-977.489 401.314 1907
-975.083 398.999 1896
2.80367 103.325 495
1.95982 103.325 495
1.11597 103.325 495
0.272124 103.325 495
-0.571726 103.325 495
-1.41272 103.116 494
-2.25486 103.116 494
-3.09074 102.907 493
-3.93118 102.907 493
-4.77162 102.907 493
-5.58929 102.49 491
-6.41324 102.281 490
-7.24856 102.281 490
-8.06739 102.072 489
-8.88281 101.863 488
-9.69482 101.655 487
-10.525 101.655 487
-11.2853 101.029 484
-12.0854 100.82 483
-12.882 100.611 482
-13.6753 100.402 481
-14.4953 100.402 481
-15.3153 100.402 481
-16.1017 100.194 480
-16.92 100.194 480
-17.7383 100.194 480
-18.5179 99.9848 479
-19.2941 99.7761 478
-20.0669 99.5674 477
-20.8801 99.5674 477
-21.6477 99.3586 476
-22.412 99.1499 475
-23.2218 99.1499 475
-24.0315 99.1499 475
-24.789 98.9412 474
-25.489 98.5237 472
-26.238 98.315 471
-27.0409 98.315 471
-27.8438 98.315 471
-28.4643 97.6888 468
-29.2621 97.6888 468
-83.1366 89.548 429
-83.8679 89.548 429
-84.9936 89.9655 431
-85.7284 89.9655 431
-86.4631 89.9655 431
-90.2326 93.0965 446
-91.401 93.514 448
-92.1647 93.514 448
-93.1358 93.7227 449
-93.9013 93.7227 449
-94.6667 93.7227 449
-95.4321 93.7227 449
-97.0546 94.5577 453
-98.2587 94.9752 455
-99.0344 94.9752 455
-99.81 94.9752 455
-100.807 95.1839 456
-101.584 95.1839 456
-102.361 95.1839 456
-103.139 95.1839 456
-103.916 95.1839 456
-104.694 95.1839 456
-105.471 95.1839 456
-964.485 398.061 1907
-967.736 398.061 1907
-970.987 398.061 1907
-974.238 398.061 1907
-977.489 398.061 1907
-975.083 395.765 1896
2.80367 102.48 495
1.95982 102.48 495
1.11597 102.48 495
0.272124 102.48 495
-0.571726 102.48 495
-1.41272 102.273 494
-2.2503 102.066 493
-3.09074 102.066 493
-3.93118 102.066 493
-4.76194 101.859 492
-5.58929 101.652 491
-6.41324 101.445 490
-7.24856 101.445 490
-8.05089 101.031 488
-8.86461 100.824 487
-9.67491 100.617 486
-10.5034 100.617 486
-11.2853 100.203 484
-12.0854 99.9958 483
-12.882 99.7887 482
-13.6753 99.5817 481
-14.4953 99.5817 481
-15.3153 99.5817 481
-16.1017 99.3747 480
-16.92 99.3747 480
-17.7383 99.3747 480
-18.5179 99.1676 479
-19.2941 98.9606 478
-20.0669 98.7536 477
-20.8801 98.7536 477
-21.6477 98.5465 476
-22.412 98.3395 475
-23.2218 98.3395 475
-24.0315 98.3395 475
-24.789 98.1325 474
-25.489 97.7184 472
-26.238 97.5114 471
-27.0409 97.5114 471
-27.8438 97.5114 471
-28.5251 97.0973 469
-29.2621 96.8903 468
-83.1366 88.8161 429
-83.8679 88.8161 429
-84.9936 89.2302 431
-85.7284 89.2302 431
-86.4631 89.2302 431
-90.2326 92.3356 446
-91.401 92.7497 448
-92.1647 92.7497 448
-93.1358 92.9567 449
-93.9013 92.9567 449
-94.6667 92.9567 449
-95.4321 92.9567 449
-97.0546 93.7848 453
-98.2587 94.1989 455
-99.0344 94.1989 455
-99.81 94.1989 455
-100.807 94.4059 456
-101.584 94.4059 456
-102.361 94.4059 456
-103.139 94.4059 456
-103.916 94.4059 456
-104.694 94.4059 456
-105.471 94.4059 456
-952.347 389.839 1883
-955.557 389.839 1883
-958.767 389.839 1883
-961.977 389.839 1883
-965.187 389.839 1883
-967.368 389.424 1881
1.95982 101.636 495
1.11597 101.636 495
0.272124 101.636 495
-0.570571 101.43 494
-1.41272 101.43 494
-2.2503 101.225 493
-3.08447 101.02 492
-3.9232 101.02 492
-4.76194 101.02 492
-5.57791 100.609 490
-6.41324 100.609 490
-7.24856 100.609 490
-8.05089 100.198 488
-8.86461 99.993 487
-9.65501 99.5824 485
-10.4818 99.5824 485
-11.262 99.1717 483
-12.0603 98.9664 482
-12.882 98.9664 482
-13.6753 98.761 481
-14.4953 98.761 481
-15.3153 98.761 481
-16.1017 98.5557 480
-16.92 98.5557 480
-17.7383 98.5557 480
-18.5179 98.3504 479
-19.2941 98.1451 478
-20.0669 97.9398 477
-20.8801 97.9398 477
-21.6477 97.7344 476
-22.412 97.5291 475
-23.1729 97.3238 474
-23.9809 97.3238 474
-24.789 97.3238 474
-25.489 96.9131 472
-26.238 96.7078 471
-27.0409 96.7078 471
-27.8438 96.7078 471
-28.5251 96.2972 469
-29.2621 96.0918 468
-83.5241 88.4948 431
-84.2589 88.4948 431
-84.9936 88.4948 431
-85.7284 88.4948 431
-86.4631 88.4948 431
-89.6256 90.9587 443
-90.9929 91.5747 446
-91.7532 91.5747 446
-92.5135 91.5747 446
-93.2739 91.5747 446
-94.0342 91.5747 446
-94.7945 91.5747 446
-95.7691 91.78 447
-97.1789 92.396 450
-98.1637 92.6013 451
-98.9326 92.6013 451
-100.365 93.2173 454
-101.139 93.2173 454
-101.913 93.2173 454
-102.686 93.2173 454
-103.46 93.2173 454
-104.234 93.2173 454
-105.008 93.2173 454
-947.945 383.546 1868
-954.184 384.778 1874
-957.379 384.778 1874
-960.574 384.778 1874
-963.768 384.778 1874
1.95982 100.791 495
1.11597 100.791 495
0.272124 100.791 495
-0.570571 100.587 494
-1.41272 100.587 494
-2.2503 100.384 493
-3.08447 100.18 492
-3.9232 100.18 492
-4.75226 99.9766 491
-5.57791 99.773 490
-6.40015 99.5694 489
-7.23377 99.5694 489
-8.0344 99.1621 487
-8.8282 98.7549 485
-9.6351 98.5513 484
-10.4602 98.5513 484
-11.262 98.3476 483
-12.0603 98.144 482
-12.8553 97.9404 481
-13.6753 97.9404 481
-14.4953 97.9404 481
-15.2834 97.7368 480
-16.1017 97.7368 480
-16.8847 97.5332 479
-17.7013 97.5332 479
-18.5179 97.5332 479
-19.2941 97.3296 478
-20.0669 97.1259 477
-20.8801 97.1259 477
-21.6477 96.9223 476
-22.412 96.7187 475
-23.1729 96.5151 474
-23.9809 96.5151 474
-24.789 96.5151 474
-25.543 96.3115 473
-26.2937 96.1078 472
-27.0983 96.1078 472
-27.8438 95.9042 471
-28.5251 95.497 469
-29.2621 95.2934 468
-83.5241 87.7595 431
-84.2589 87.7595 431
-85.1908 87.9631 432
-85.9273 87.9631 432
-86.6637 87.9631 432
-89.0187 89.5921 440
-89.9728 89.7957 441
-90.9303 89.9993 442
-91.6838 89.9993 442
-92.6465 90.2029 443
-93.4017 90.2029 443
-94.1569 90.2029 443
-95.5548 90.8138 446
-96.747 91.221 448
-97.7284 91.4246 449
-98.4939 91.4246 449
-99.2593 91.4246 449
-100.025 91.4246 449
-100.79 91.4246 449
-101.556 91.4246 449
-102.321 91.4246 449
-100.791 89.3885 439
-942.87 378.323 1858
-951.129 380.359 1868
-954.314 380.359 1868
-957.498 380.359 1868
-960.683 380.359 1868
2.09048 106.61 528
1.19037 106.61 528
0.290266 106.61 528
-0.570571 99.7446 494
-1.41272 99.7446 494
-2.2503 99.5427 493
-3.08447 99.3408 492
-3.9232 99.3408 492
-4.75226 99.1389 491
-5.57791 98.937 490
-6.40015 98.7351 489
-7.23377 98.7351 489
-8.0344 98.3313 487
-8.8282 97.9274 485
-9.6351 97.7255 484
-10.4602 97.7255 484
-11.262 97.5236 483
-12.0353 97.1198 481
-12.8553 97.1198 481
-13.6469 96.9179 480
-14.4651 96.9179 480
-15.2834 96.9179 480
-16.1017 96.9179 480
-16.8847 96.716 479
-17.7013 96.716 479
-18.5179 96.716 479
-19.2941 96.514 478
-20.0669 96.3121 477
-20.8801 96.3121 477
-21.6477 96.1102 476
-22.412 95.9083 475
-23.2218 95.9083 475
-24.0315 95.9083 475
-24.789 95.7064 474
-25.543 95.5045 473
-26.2937 95.3026 472
-27.0983 95.3026 472
-27.903 95.3026 472
-28.6468 95.1007 471
-29.2621 94.4949 468
-83.5241 87.0242 431
-84.2589 87.0242 431
-85.1908 87.2261 432
-85.9273 87.2261 432
-86.6637 87.2261 432
-88.2094 88.0337 436
-89.7688 88.8414 440
-90.7246 89.0433 441
-91.4764 89.0433 441
-92.2282 89.0433 441
-93.1908 89.2452 442
-93.9443 89.2452 442
-94.9121 89.4471 443
-96.747 90.4567 448
-97.5108 90.4567 448
-98.2745 90.4567 448
-99.2593 90.6586 449
-100.025 90.6586 449
-100.79 90.6586 449
-101.556 90.6586 449
-102.093 90.4567 448
-100.791 88.6395 439
-942.87 375.153 1858
-951.129 377.172 1868
-954.314 377.172 1868
-957.498 377.172 1868
-960.683 377.172 1868
2.09048 105.709 528
1.19037 105.709 528
0.290266 105.709 528
-0.570571 98.9018 494
-1.41272 98.9018 494
-2.24573 98.5014 492
-3.08447 98.5014 492
-3.9232 98.5014 492
-4.74258 98.101 490
-5.56653 97.9008 489
-6.38706 97.7006 488
-7.21898 97.7006 488
-8.0179 97.3002 486
-8.81 96.8998 484
-9.61519 96.6996 483
-10.4386 96.6996 483
-11.2387 96.4994 482
-12.0353 96.2991 481
-12.8553 96.2991 481
-13.6469 96.0989 480
-14.4651 96.0989 480
-15.2834 96.0989 480
-16.1017 96.0989 480
-16.92 96.0989 480
-17.7013 95.8987 479
-18.5179 95.8987 479
-19.2941 95.6985 478
-20.0669 95.4983 477
-20.8801 95.4983 477
-21.6477 95.2981 476
-22.412 95.0979 475
-23.2218 95.0979 475
-24.0315 95.0979 475
-24.789 94.8977 474
-25.543 94.6975 473
-26.2937 94.4973 472
-27.0983 94.4973 472
-27.903 94.4973 472
-28.6468 94.2971 471
-29.2621 93.6965 468
-83.5241 86.2888 431
-84.2589 86.2888 431
-85.1908 86.489 432
-85.9273 86.489 432
-86.6637 86.489 432
-88.2094 87.2899 436
-89.7688 88.0907 440
-90.7246 88.2909 441
-91.4764 88.2909 441
-92.2282 88.2909 441
-93.1908 88.4911 442
-93.9443 88.4911 442
-94.9121 88.6913 443
-96.747 89.6923 448
-97.5108 89.6923 448
-98.2745 89.6923 448
-99.2593 89.8925 449
-100.025 89.8925 449
-100.79 89.8925 449
-101.556 89.8925 449
-102.093 89.6923 448
-100.791 87.8905 439
-946.038 371.983 1858
-949.205 371.983 1858
-954.423 372.784 1862
-957.597 372.784 1862
2.09048 104.808 528
1.19037 104.808 528
0.290266 104.808 528
-0.570571 98.059 494
-1.41272 98.059 494
-2.24573 97.662 492
-3.0782 97.4635 491
-3.91523 97.4635 491
-4.74258 97.265 490
-5.56653 97.0665 489
-6.37397 96.6695 487
-7.20418 96.6695 487
-8.0179 96.471 486
-8.7918 95.8755 483
-9.59528 95.677 482
-10.417 95.677 482
-11.2153 95.4785 481
-12.0353 95.4785 481
-12.8286 95.28 480
-13.6469 95.28 480
-14.4651 95.28 480
-15.2834 95.28 480
-16.1017 95.28 480
-16.92 95.28 480
-17.7013 95.0815 479
-18.5179 95.0815 479
-19.2941 94.883 478
-20.0669 94.6845 477
-20.8801 94.6845 477
-21.6477 94.486 476
-22.412 94.2875 475
-23.2218 94.2875 475
-24.0315 94.2875 475
-24.789 94.089 474
-25.543 93.8905 473
-26.2937 93.692 472
-27.0983 93.692 472
-27.903 93.692 472
-28.6468 93.4935 471
-83.5241 85.5535 431
-84.2589 85.5535 431
-85.1908 85.752 432
-85.9273 85.752 432
-86.6637 85.752 432
-87.8048 86.149 434
-88.9527 86.546 436
-89.696 86.546 436
-90.4393 86.546 436
-91.6008 86.943 438
-92.5583 87.1415 439
-93.5192 87.34 440
-94.2693 87.34 440
-95.8832 88.134 444
-97.5108 88.928 448
-98.2745 88.928 448
-99.0382 88.928 448
-99.802 88.928 448
-100.566 88.928 448
-100.651 88.3325 445
-101.409 88.3325 445
-953.398 369.21 1860
-956.568 369.21 1860
2.09048 103.907 528
1.19037 103.907 528
0.290266 103.907 528
-0.609841 103.907 528
-1.50995 103.907 528
-2.24117 96.6258 491
-3.07193 96.429 490
-3.90726 96.429 490
-4.7329 96.2322 489
-5.55514 96.0354 488
-6.36088 95.6418 486
-7.18939 95.6418 486
-7.9849 95.2483 484
-8.7918 95.0515 483
-9.59528 94.8547 482
-10.417 94.8547 482
-11.2153 94.6579 481
-12.0353 94.6579 481
-12.8286 94.4611 480
-13.6469 94.4611 480
-14.4651 94.4611 480
-15.2834 94.4611 480
-16.1017 94.4611 480
-16.92 94.4611 480
-17.7013 94.2643 479
-18.5179 94.2643 479
-19.2941 94.0675 478
-20.0669 93.8707 477
-20.8801 93.8707 477
-21.6477 93.6739 476
-22.412 93.4771 475
-23.2218 93.4771 475
-24.0315 93.4771 475
-24.789 93.2803 474
-25.543 93.0835 473
-26.2937 92.8867 472
-27.0983 92.8867 472
-27.903 92.8867 472
-28.7076 92.8867 472
-81.829 83.8342 426
-82.9428 84.2278 428
-83.6724 84.2278 428
-84.7964 84.6214 430
-85.9273 85.015 432
-86.6637 85.015 432
-87.6025 85.2118 433
-88.5447 85.4086 434
-89.4903 85.6053 435
-90.2318 85.6053 435
-90.9734 85.6053 435
-91.9258 85.8021 436
-93.3067 86.3925 439
-94.0551 86.3925 439
-94.8035 86.3925 439
-95.5518 86.3925 439
-96.3002 86.3925 439
-96.6065 85.9989 437
-97.3515 85.9989 437
-96.974 85.015 432
-97.7105 85.015 432
2.09048 103.006 528
1.19037 103.006 528
0.290266 103.006 528
-0.609841 103.006 528
-1.50995 103.006 528
-2.24117 95.7881 491
-3.07193 95.593 490
-3.90726 95.593 490
-4.7329 95.3979 489
-5.55514 95.2029 488
-6.36088 94.8127 486
-7.18939 94.8127 486
-7.9849 94.4225 484
-8.7918 94.2274 483
-9.59528 94.0323 482
-10.417 94.0323 482
-11.2153 93.8372 481
-12.0103 93.6422 480
-12.8286 93.6422 480
-13.6469 93.6422 480
-14.4651 93.6422 480
-15.2834 93.6422 480
-16.1017 93.6422 480
-16.92 93.6422 480
-17.7013 93.4471 479
-18.5179 93.4471 479
-19.2941 93.252 478
-20.0669 93.0569 477
-20.8801 93.0569 477
-21.6477 92.8618 476
-22.412 92.6667 475
-23.2218 92.6667 475
-24.0315 92.6667 475
-24.789 92.4716 474
-25.543 92.2765 473
-26.2937 92.0814 472
-27.0983 92.0814 472
-27.903 92.0814 472
-28.7076 92.0814 472
-81.829 83.1074 426
-82.9428 83.4976 428
-83.6724 83.4976 428
-84.7964 83.8878 430
-85.5295 83.8878 430
-86.2625 83.8878 430
-87.6025 84.473 433
-88.5447 84.6681 434
-89.2845 84.6681 434
-90.0244 84.6681 434
-90.7643 84.6681 434
-91.715 84.8632 435
-92.8816 85.2534 437
-93.6266 85.2534 437
-94.3716 85.2534 437
2.09048 102.106 528
1.19037 102.106 528
0.290266 102.106 528
-0.609841 102.106 528
-1.50995 102.106 528
-2.23204 94.5637 489
-3.06566 94.5637 489
-3.89928 94.5637 489
-4.7329 94.5637 489
-5.54376 94.1769 487
-6.34779 93.7901 485
-7.1746 93.7901 485
-7.9849 93.5967 484
-8.77359 93.21 482
-9.57538 93.0166 481
-10.3954 93.0166 481
-11.2153 93.0166 481
-12.0353 93.0166 481
-12.8286 92.8232 480
-13.6469 92.8232 480
-14.4651 92.8232 480
-15.2834 92.8232 480
-16.1017 92.8232 480
-16.92 92.8232 480
-17.7013 92.6298 479
-18.5179 92.6298 479
-19.2941 92.4365 478
-20.109 92.4365 478
-20.8801 92.2431 477
-21.6477 92.0497 476
-22.412 91.8563 475
-23.2218 91.8563 475
-24.0315 91.8563 475
-24.789 91.6629 474
-25.543 91.4696 473
-26.2937 91.2762 472
-27.0983 91.2762 472
-27.903 91.2762 472
-28.7076 91.2762 472
-81.829 82.3806 426
-82.749 82.574 427
-83.4769 82.574 427
-84.2048 82.574 427
-85.5295 83.1541 430
-86.2625 83.1541 430
-87.6025 83.7343 433
-88.5447 83.9277 434
-89.2845 83.9277 434
-90.0244 83.9277 434
-90.7643 83.9277 434
-91.715 84.121 435
-92.8816 84.5078 437
-93.6266 84.5078 437
-94.3716 84.5078 437
3.00191 101.588 530
2.0984 101.588 530
1.19488 101.588 530
0.291365 101.588 530
-0.612151 101.588 530
-1.50995 101.205 528
-2.23204 93.7294 489
-3.06566 93.7294 489
-3.89928 93.7294 489
-4.72323 93.5377 488
-5.54376 93.346 487
-6.33471 92.771 484
-7.1598 92.771 484
-7.9684 92.5793 483
-8.77359 92.3876 482
-9.57538 92.196 481
-10.3954 92.196 481
-11.2153 92.196 481
-12.0353 92.196 481
-12.8286 92.0043 480
-13.6469 92.0043 480
-14.4651 92.0043 480
-15.2834 92.0043 480
-16.1017 92.0043 480
-16.92 92.0043 480
-17.7013 91.8126 479
-18.5179 91.8126 479
-19.2941 91.6209 478
-20.109 91.6209 478
-20.8801 91.4293 477
-21.6477 91.2376 476
-22.412 91.0459 475
-23.1729 90.8542 474
-23.9809 90.8542 474
-24.789 90.8542 474
-25.489 90.4709 472
-26.2937 90.4709 472
-27.0983 90.4709 472
-27.903 90.4709 472
-28.6468 90.2792 471
-81.829 81.6538 426
-82.5552 81.6538 426
-83.2814 81.6538 426
-84.0076 81.6538 426
-84.9328 81.8455 427
-85.6607 81.8455 427
-86.3886 81.8455 427
-88.3407 82.9955 433
-89.0788 82.9955 433
-89.817 82.9955 433
-90.5551 82.9955 433
-91.2933 82.9955 433
-92.0314 82.9955 433
-92.7696 82.9955 433
12.0598 100.874 531
11.1546 100.874 531
10.2493 100.874 531
9.32653 100.684 530
7.5195 100.684 530
6.61598 100.684 530
5.71246 100.684 530
4.80895 100.684 530
3.90543 100.684 530
3.00191 100.684 530
2.0984 100.684 530
1.19488 100.684 530
0.291365 100.684 530
-0.612151 100.684 530
-1.50995 100.304 528
-2.22747 92.7051 488
-3.05939 92.7051 488
-3.89131 92.7051 488
-4.72323 92.7051 488
-5.53238 92.3252 486
-6.33471 91.9452 484
-7.1598 91.9452 484
-7.9684 91.7553 483
-8.77359 91.5653 482
-9.57538 91.3753 481
-10.3954 91.3753 481
-11.2153 91.3753 481
-12.0353 91.3753 481
-12.8553 91.3753 481
-13.6753 91.3753 481
-14.4651 91.1854 480
-15.2834 91.1854 480
-16.1017 91.1854 480
-16.92 91.1854 480
-17.7013 90.9954 479
-18.4792 90.8054 478
-19.2941 90.8054 478
-20.109 90.8054 478
-20.8801 90.6154 477
-21.6932 90.6154 477
-22.412 90.2355 475
-23.2218 90.2355 475
-24.0315 90.2355 475
-24.789 90.0455 474
-25.543 89.8556 473
-26.2937 89.6656 472
-27.0983 89.6656 472
-27.903 89.6656 472
-81.4448 80.5471 424
-82.5552 80.927 426
-83.2814 80.927 426
-84.0076 80.927 426
-84.336 80.5471 424
-85.0588 80.5471 424
-89.0788 82.2568 433
-89.817 82.2568 433
-90.5551 82.2568 433
-91.2933 82.2568 433
-92.0314 82.2568 433
12.0598 99.9679 531
11.1546 99.9679 531
10.2493 99.9679 531
9.32653 99.7796 530
8.42301 99.7796 530
7.5195 99.7796 530
6.61598 99.7796 530
5.71246 99.7796 530
4.80895 99.7796 530
3.90543 99.7796 530
3.00191 99.7796 530
2.0984 99.7796 530
1.19488 99.7796 530
0.291365 99.7796 530
-0.612151 99.7796 530
-1.50995 99.4031 528
-2.22747 91.8725 488
-3.05939 91.8725 488
-3.89131 91.8725 488
-4.72323 91.8725 488
-5.53238 91.496 486
-6.33471 91.1195 484
-7.1598 91.1195 484
-7.9684 90.9312 483
-8.77359 90.743 482
-9.57538 90.5547 481
-10.3954 90.5547 481
-11.2153 90.5547 481
-12.0353 90.5547 481
-12.8553 90.5547 481
-13.6753 90.5547 481
-14.4651 90.3664 480
-15.2834 90.3664 480
-16.1017 90.3664 480
-16.92 90.3664 480
-17.7013 90.1782 479
-18.5179 90.1782 479
-19.2941 89.9899 478
-20.109 89.9899 478
-20.8801 89.8016 477
-21.6932 89.8016 477
-22.412 89.4251 475
-23.2218 89.4251 475
-24.0315 89.4251 475
-24.8413 89.4251 475
-25.597 89.2369 474
-26.2937 88.8603 472
-27.0983 88.8603 472
-81.4448 79.8237 424
-82.5552 80.2002 426
-83.2814 80.2002 426
-84.0076 80.2002 426
-84.336 79.8237 424
-85.0588 79.8237 424
13.8702 99.0619 531
12.965 99.0619 531
12.0598 99.0619 531
11.1546 99.0619 531
10.2493 99.0619 531
9.32653 98.8754 530
8.42301 98.8754 530
7.5195 98.8754 530
6.61598 98.8754 530
5.71246 98.8754 530
4.80895 98.8754 530
3.90543 98.8754 530
3.00191 98.8754 530
2.0984 98.8754 530
1.19488 98.8754 530
0.290816 98.6888 529
-0.610996 98.6888 529
-1.50995 98.5023 528
-2.22747 91.04 488
-3.05939 91.04 488
-3.89131 91.04 488
-4.71355 90.8534 487
-5.50961 90.2937 484
-6.32162 90.1072 483
-7.14501 90.1072 483
-7.9684 90.1072 483
-8.77359 89.9206 482
-9.57538 89.7341 481
-10.3954 89.7341 481
-11.2153 89.7341 481
-12.0353 89.7341 481
-12.8553 89.7341 481
-13.6753 89.7341 481
-14.4953 89.7341 481
-15.2834 89.5475 480
-16.1017 89.5475 480
-16.92 89.5475 480
-17.7013 89.3609 479
-18.5179 89.3609 479
-19.2941 89.1744 478
-20.109 89.1744 478
-20.8801 88.9878 477
-21.6932 88.9878 477
-22.412 88.6147 475
-23.2218 88.6147 475
-24.0315 88.6147 475
-24.8413 88.6147 475
-25.597 88.4282 474
-26.2937 88.055 472
-27.0983 88.055 472
13.8702 98.156 531
12.965 98.156 531
12.0598 98.156 531
11.1546 98.156 531
10.2493 98.156 531
9.32653 97.9711 530
8.42301 97.9711 530
7.5195 97.9711 530
6.61598 97.9711 530
5.71246 97.9711 530
4.80895 97.9711 530
3.90543 97.9711 530
3.00191 97.9711 530
2.0984 97.9711 530
1.19488 97.9711 530
0.290816 97.7863 529
-0.610996 97.7863 529
-1.50995 97.6014 528
-2.22291 90.0225 487
-3.05312 90.0225 487
-3.88333 90.0225 487
-4.71355 90.0225 487
-5.50961 89.468 484
-6.32162 89.2831 483
-7.14501 89.2831 483
-7.9684 89.2831 483
-8.77359 89.0983 482
-9.57538 88.9134 481
-10.3954 88.9134 481
-11.2153 88.9134 481
-12.0353 88.9134 481
-12.8553 88.9134 481
-13.6753 88.9134 481
-14.4953 88.9134 481
-15.2834 88.7286 480
-16.1017 88.7286 480
-16.92 88.7286 480
-17.7013 88.5437 479
-18.5179 88.5437 479
-19.2941 88.3589 478
-20.109 88.3589 478
-20.8801 88.174 477
-21.6932 88.174 477
-22.412 87.8043 475
-23.2218 87.8043 475
-24.0315 87.8043 475
-24.8413 87.8043 475
-25.597 87.6195 474
14.7755 97.25 531
13.8702 97.25 531
12.965 97.25 531
12.0598 97.25 531
11.1546 97.25 531
10.2493 97.25 531
9.32653 97.0669 530
8.42301 97.0669 530
7.5195 97.0669 530
6.61598 97.0669 530
5.71246 97.0669 530
4.80895 97.0669 530
3.90543 97.0669 530
3.00191 97.0669 530
2.09444 96.8838 529
1.19263 96.8838 529
0.290816 96.8838 529
-0.610996 96.8838 529
-1.50995 96.7006 528
-2.40549 96.5175 527
-3.05312 89.1917 487
-3.88333 89.1917 487
-4.71355 89.1917 487
-5.49822 88.4591 483
-6.32162 88.4591 483
-7.14501 88.4591 483
-7.95191 88.2759 482
-8.75539 88.0928 481
-9.57538 88.0928 481
-10.3954 88.0928 481
-11.2153 88.0928 481
-12.0353 88.0928 481
-12.8553 88.0928 481
-13.6753 88.0928 481
-14.4953 88.0928 481
-15.2834 87.9096 480
-16.1017 87.9096 480
-16.92 87.9096 480
-17.7013 87.7265 479
-18.5179 87.7265 479
-19.2941 87.5434 478
-20.109 87.5434 478
-20.9238 87.5434 478
-21.6932 87.3602 477
-22.4592 87.1771 476
-23.2707 87.1771 476
-24.0315 86.9939 475
-24.8413 86.9939 475
14.7755 96.3441 531
13.8702 96.3441 531
12.965 96.3441 531
12.0598 96.3441 531
11.1336 96.1627 530
10.23 96.1627 530
9.32653 96.1627 530
8.42301 96.1627 530
7.5195 96.1627 530
6.61598 96.1627 530
5.71246 96.1627 530
4.80895 96.1627 530
3.90543 96.1627 530
3.00191 96.1627 530
2.09444 95.9812 529
1.19263 95.9812 529
0.290816 95.9812 529
-0.610996 95.9812 529
-1.50995 95.7998 528
-2.40549 95.6183 527
-3.05312 88.3608 487
-3.88333 88.3608 487
-4.71355 88.3608 487
-5.49822 87.635 483
-6.32162 87.635 483
-7.14501 87.635 483
-7.95191 87.4536 482
-8.77359 87.4536 482
-9.57538 87.2721 481
-10.3954 87.2721 481
-11.2153 87.2721 481
-12.0353 87.2721 481
-12.8553 87.2721 481
-13.6753 87.2721 481
-14.4953 87.2721 481
-15.2834 87.0907 480
-16.1017 87.0907 480
-16.92 87.0907 480
-17.7013 86.9093 479
-18.4792 86.7278 478
-19.2941 86.7278 478
-20.109 86.7278 478
-20.9238 86.7278 478
-21.6932 86.5464 477
-22.5064 86.5464 477
-23.3195 86.5464 477
-24.0315 86.1835 475
15.6807 95.4382 531
14.7755 95.4382 531
13.8702 95.4382 531
12.965 95.4382 531
12.0598 95.4382 531
11.1336 95.2584 530
10.23 95.2584 530
9.32653 95.2584 530
8.42301 95.2584 530
7.5195 95.2584 530
6.61598 95.2584 530
5.71246 95.2584 530
4.80895 95.2584 530
3.89806 95.0787 529
2.99625 95.0787 529
2.09444 95.0787 529
1.19263 95.0787 529
0.290816 95.0787 529
-0.610996 95.0787 529
-1.50995 94.899 528
-2.40549 94.7192 527
-3.02805 86.811 483
-3.85144 86.811 483
-4.67483 86.811 483
-5.49822 86.811 483
-6.32162 86.811 483
-7.14501 86.811 483
-7.95191 86.6312 482
-8.77359 86.6312 482
-9.57538 86.4515 481
-10.3954 86.4515 481
-11.2153 86.4515 481
-12.0353 86.4515 481
-12.8553 86.4515 481
-13.6753 86.4515 481
-14.4953 86.4515 481
-15.2834 86.2718 480
-16.1017 86.2718 480
-16.92 86.2718 480
-17.7383 86.2718 480
-18.5179 86.092 479
-19.2941 85.9123 478
-20.109 85.9123 478
-20.9238 85.9123 478
-21.6932 85.7326 477
-22.5064 85.7326 477
-23.3195 85.7326 477
-24.0315 85.3731 475
17.4911 94.5322 531
16.5859 94.5322 531
15.6807 94.5322 531
14.8033 94.7102 532
13.8964 94.7102 532
12.9894 94.7102 532
12.0825 94.7102 532
11.1336 94.3542 530
10.23 94.3542 530
9.30893 94.1762 529
8.42301 94.3542 530
7.5195 94.3542 530
6.61598 94.3542 530
5.71246 94.3542 530
4.80895 94.3542 530
3.89806 94.1762 529
2.99625 94.1762 529
2.09444 94.1762 529
1.19263 94.1762 529
0.290266 93.9981 528
-0.609841 93.9981 528
-1.50995 93.9981 528
-2.40549 93.8201 527
-3.02805 85.9869 483
-3.85144 85.9869 483
-4.67483 85.9869 483
-5.49822 85.9869 483
-6.32162 85.9869 483
-7.14501 85.9869 483
-7.95191 85.8089 482
-8.77359 85.8089 482
-9.59528 85.8089 482
-10.417 85.8089 482
-11.2153 85.6309 481
-12.0353 85.6309 481
-12.8553 85.6309 481
-13.6753 85.6309 481
-14.4953 85.6309 481
-15.2834 85.4529 480
-16.1017 85.4529 480
-16.92 85.4529 480
-17.7383 85.4529 480
-18.5179 85.2748 479
-19.2941 85.0968 478
-20.109 85.0968 478
-20.9238 85.0968 478
-21.6932 84.9188 477
-22.5064 84.9188 477
-23.3195 84.9188 477
18.3963 93.6263 531
17.4911 93.6263 531
16.5859 93.6263 531
15.6807 93.6263 531
14.8033 93.8026 532
13.8964 93.8026 532
12.9894 93.8026 532
12.0825 93.8026 532
11.1336 93.45 530
10.23 93.45 530
9.30893 93.2736 529
8.42301 93.45 530
7.5195 93.45 530
6.61598 93.45 530
5.71246 93.45 530
4.80895 93.45 530
3.89806 93.2736 529
2.99625 93.2736 529
2.09444 93.2736 529
1.19263 93.2736 529
0.290266 93.0973 528
-0.609841 93.0973 528
-1.50995 93.0973 528
-2.40549 92.921 527
-3.02805 85.1629 483
-3.85144 85.1629 483
-4.67483 85.1629 483
-5.48684 84.9866 482
-6.30853 84.9866 482
-7.13022 84.9866 482
-7.95191 84.9866 482
-8.77359 84.9866 482
-9.59528 84.9866 482
-10.417 84.9866 482
-11.2387 84.9866 482
-12.0603 84.9866 482
-12.8553 84.8102 481
-13.6753 84.8102 481
-14.4953 84.8102 481
-15.2834 84.6339 480
-16.1017 84.6339 480
-16.92 84.6339 480
-17.7383 84.6339 480
-18.5179 84.4576 479
-19.3345 84.4576 479
-20.151 84.4576 479
-20.9238 84.2813 478
-21.6932 84.105 477
18.3963 92.7203 531
17.4911 92.7203 531
16.5859 92.7203 531
15.6807 92.7203 531
14.8033 92.895 532
13.8964 92.895 532
12.9894 92.895 532
12.0825 92.895 532
11.1336 92.5457 530
10.23 92.5457 530
9.30893 92.3711 529
8.42301 92.5457 530
7.5195 92.5457 530
6.61598 92.5457 530
5.71246 92.5457 530
4.80895 92.5457 530
3.89806 92.3711 529
2.99625 92.3711 529
2.09444 92.3711 529
1.19263 92.3711 529
0.290816 92.3711 529
-0.610996 92.3711 529
-1.50995 92.1965 528
-2.40549 92.0219 527
-3.02805 84.3388 483
-3.85144 84.3388 483
-4.67483 84.3388 483
-5.48684 84.1642 482
-6.30853 84.1642 482
-7.13022 84.1642 482
-7.95191 84.1642 482
-8.77359 84.1642 482
-9.59528 84.1642 482
-10.417 84.1642 482
-11.2387 84.1642 482
-12.0603 84.1642 482
-12.882 84.1642 482
-13.7037 84.1642 482
-14.4953 83.9896 481
-15.3153 83.9896 481
-16.1017 83.815 480
-16.92 83.815 480
-17.7383 83.815 480
-18.5565 83.815 480
-19.3345 83.6404 479
-20.151 83.6404 479
-20.9238 83.4658 478
18.3963 91.8144 531
17.4911 91.8144 531
16.5859 91.8144 531
15.6807 91.8144 531
14.8033 91.9873 532
13.8964 91.9873 532
12.9894 91.9873 532
12.0825 91.9873 532
11.1336 91.6415 530
10.23 91.6415 530
9.30893 91.4686 529
8.42301 91.6415 530
7.5195 91.6415 530
6.61598 91.6415 530
5.71246 91.6415 530
4.80895 91.6415 530
3.89806 91.4686 529
2.99625 91.4686 529
2.09444 91.4686 529
1.19263 91.4686 529
0.290816 91.4686 529
-0.610996 91.4686 529
-1.50995 91.2957 528
-3.02178 83.3419 482
-3.84346 83.3419 482
-4.66515 83.3419 482
-5.48684 83.3419 482
-6.30853 83.3419 482
-7.13022 83.3419 482
-7.95191 83.3419 482
-8.75539 83.169 481
-9.59528 83.3419 482
-10.417 83.3419 482
-11.2387 83.3419 482
-12.0603 83.3419 482
-12.882 83.3419 482
-13.7037 83.3419 482
-14.4953 83.169 481
-15.3153 83.169 481
-16.1352 83.169 481
-16.9552 83.169 481
-17.7383 82.9961 480
-18.5565 82.9961 480
-19.3748 82.9961 480
-20.1931 82.9961 480
-20.9238 82.6502 478
18.3963 90.9085 531
17.4911 90.9085 531
16.5859 90.9085 531
15.6807 90.9085 531
14.7755 90.9085 531
13.8702 90.9085 531
12.965 90.9085 531
12.0598 90.9085 531
11.1336 90.7373 530
10.23 90.7373 530
9.30893 90.566 529
8.40712 90.566 529
7.5195 90.7373 530
6.61598 90.7373 530
5.71246 90.7373 530
4.80895 90.7373 530
3.89806 90.566 529
2.99625 90.566 529
2.09444 90.566 529
1.19263 90.566 529
0.290816 90.566 529
-0.610996 90.566 529
-1.50995 90.3948 528
-3.02178 82.5195 482
-3.84346 82.5195 482
-4.66515 82.5195 482
-5.48684 82.5195 482
-6.30853 82.5195 482
-7.13022 82.5195 482
-7.95191 82.5195 482
-8.77359 82.5195 482
-9.59528 82.5195 482
-10.417 82.5195 482
-11.2387 82.5195 482
-12.0603 82.5195 482
-12.882 82.5195 482
-13.7037 82.5195 482
-14.4953 82.3483 481
-15.3153 82.3483 481
-16.1352 82.3483 481
-16.9552 82.3483 481
-17.7383 82.1771 480
-18.5565 82.1771 480
-19.3748 82.1771 480
-20.1931 82.1771 480
21.9727 86.2736 509
21.105 86.2736 509
20.2373 86.2736 509
19.4457 86.6126 511
18.5746 86.6126 511
18.3963 90.0025 531
17.4911 90.0025 531
16.5859 90.0025 531
15.6807 90.0025 531
14.7755 90.0025 531
13.8702 90.0025 531
12.965 90.0025 531
12.0598 90.0025 531
11.1336 89.833 530
10.23 89.833 530
9.30893 89.6635 529
8.40712 89.6635 529
7.50531 89.6635 529
6.6035 89.6635 529
5.70168 89.6635 529
4.79987 89.6635 529
3.89806 89.6635 529
2.99625 89.6635 529
2.09444 89.6635 529
1.19263 89.6635 529
0.290266 89.494 528
-0.609841 89.494 528
-1.50995 89.494 528
-3.01551 81.5277 481
-3.83549 81.5277 481
-4.65547 81.5277 481
-5.47546 81.5277 481
-6.30853 81.6972 482
-7.13022 81.6972 482
-7.95191 81.6972 482
-8.77359 81.6972 482
-9.61519 81.8667 483
-10.4386 81.8667 483
-11.262 81.8667 483
-12.0854 81.8667 483
-12.882 81.6972 482
-13.7037 81.6972 482
-14.4953 81.5277 481
-15.3153 81.5277 481
-16.1352 81.5277 481
-16.9552 81.5277 481
-17.7752 81.5277 481
-18.5565 81.3582 480
-19.3748 81.3582 480
-20.1931 81.3582 480
21.9727 85.4052 509
21.105 85.4052 509
20.2373 85.4052 509
19.4457 85.7408 511
18.5746 85.7408 511
18.327 88.761 529
17.4252 88.761 529
16.5234 88.761 529
15.6807 89.0966 531
14.7755 89.0966 531
13.8702 89.0966 531
12.965 89.0966 531
12.0598 89.0966 531
11.1336 88.9288 530
10.23 88.9288 530
9.30893 88.761 529
8.40712 88.761 529
7.50531 88.761 529
6.6035 88.761 529
5.70168 88.761 529
4.79987 88.761 529
3.89806 88.761 529
2.99625 88.761 529
2.09444 88.761 529
1.19263 88.761 529
0.290266 88.5932 528
-0.609841 88.5932 528
-1.50995 88.5932 528
-3.01551 80.7071 481
-3.83549 80.7071 481
-4.65547 80.7071 481
-5.47546 80.7071 481
-6.30853 80.8749 482
-7.13022 80.8749 482
-7.95191 80.8749 482
-8.77359 80.8749 482
-9.61519 81.0426 483
-10.4386 81.0426 483
-11.262 81.0426 483
-12.0854 81.0426 483
-12.882 80.8749 482
-13.7037 80.8749 482
-14.4953 80.7071 481
-15.3153 80.7071 481
-16.1352 80.7071 481
-16.9552 80.7071 481
-17.7752 80.7071 481
-18.5565 80.5393 480
-19.3748 80.5393 480
-20.1931 80.5393 480
22.8405 84.5368 509
21.9727 84.5368 509
21.105 84.5368 509
20.2373 84.5368 509
19.4457 84.8689 511
18.5746 84.8689 511
18.0152 86.3637 520
17.4252 87.8585 529
16.5234 87.8585 529
15.6216 87.8585 529
14.7755 88.1906 531
13.8702 88.1906 531
12.965 88.1906 531
12.0598 88.1906 531
11.1336 88.0245 530
10.23 88.0245 530
9.30893 87.8585 529
8.40712 87.8585 529
7.50531 87.8585 529
6.6035 87.8585 529
5.70168 87.8585 529
4.79987 87.8585 529
3.89069 87.6924 528
2.99059 87.6924 528
2.09048 87.6924 528
1.19037 87.6924 528
0.290266 87.6924 528
-0.609841 87.6924 528
-1.50995 87.6924 528
-3.01551 79.8864 481
-3.83549 79.8864 481
-4.65547 79.8864 481
-5.47546 79.8864 481
-6.30853 80.0525 482
-7.13022 80.0525 482
-7.95191 80.0525 482
-8.77359 80.0525 482
-9.61519 80.2186 483
-10.4386 80.2186 483
-11.262 80.2186 483
-12.0854 80.2186 483
-12.882 80.0525 482
-13.7037 80.0525 482
-14.4953 79.8864 481
-15.3153 79.8864 481
-16.1352 79.8864 481
-16.9552 79.8864 481
-17.7752 79.8864 481
-18.5565 79.7203 480
-19.3748 79.7203 480
-20.1931 79.7203 480
23.8013 83.9971 511
22.9302 83.9971 511
22.0591 83.9971 511
21.105 83.6684 509
20.2373 83.6684 509
19.4457 83.9971 511
18.5746 83.9971 511
18.0152 85.4765 520
17.3923 86.7915 528
16.4922 86.7915 528
15.6216 86.9559 529
14.7476 87.1203 530
13.8441 87.1203 530
12.9406 87.1203 530
12.0371 87.1203 530
11.1336 87.1203 530
10.23 87.1203 530
9.30893 86.9559 529
8.40712 86.9559 529
7.50531 86.9559 529
6.6035 86.9559 529
5.70168 86.9559 529
4.79987 86.9559 529
3.89069 86.7915 528
2.99059 86.7915 528
2.09048 86.7915 528
1.19037 86.7915 528
0.289716 86.6272 527
-0.608686 86.6272 527
-2.20009 79.2302 482
-3.02178 79.2302 482
-3.84346 79.2302 482
-4.66515 79.2302 482
-5.47546 79.0658 481
-6.30853 79.2302 482
-7.13022 79.2302 482
-7.95191 79.2302 482
-8.77359 79.2302 482
-9.59528 79.2302 482
-10.417 79.2302 482
-11.2387 79.2302 482
-12.0603 79.2302 482
-12.8553 79.0658 481
-13.6753 79.0658 481
-14.4953 79.0658 481
-15.3153 79.0658 481
-16.1352 79.0658 481
-16.9552 79.0658 481
-17.7752 79.0658 481
-18.5565 78.9014 480
-19.3345 78.737 479
-20.151 78.737 479
23.8013 83.1253 511
22.9302 83.1253 511
22.0591 83.1253 511
21.105 82.8 509
20.2373 82.8 509
19.4457 83.1253 511
18.5746 83.1253 511
18.2578 85.7281 527
17.3923 85.8907 528
16.4922 85.8907 528
15.6216 86.0534 529
14.7476 86.2161 530
13.8441 86.2161 530
12.9406 86.2161 530
12.0371 86.2161 530
11.1336 86.2161 530
10.23 86.2161 530
9.30893 86.0534 529
8.40712 86.0534 529
7.50531 86.0534 529
6.6035 86.0534 529
5.70168 86.0534 529
4.79987 86.0534 529
3.89069 85.8907 528
2.99059 85.8907 528
2.09048 85.8907 528
1.18812 85.7281 527
0.289716 85.7281 527
-0.608686 85.7281 527
-2.20009 78.4078 482
-3.02178 78.4078 482
-3.84346 78.4078 482
-4.66515 78.4078 482
-5.47546 78.2452 481
-6.30853 78.4078 482
-7.13022 78.4078 482
-7.95191 78.4078 482
-8.7918 78.5705 483
-9.61519 78.5705 483
-10.4386 78.5705 483
-11.262 78.5705 483
-12.0603 78.4078 482
-12.8553 78.2452 481
-13.6753 78.2452 481
-14.4953 78.2452 481
-15.3153 78.2452 481
-16.1352 78.2452 481
-16.9552 78.2452 481
-17.7752 78.2452 481
-18.5565 78.0825 480
23.8013 82.2535 511
22.9302 82.2535 511
22.0591 82.2535 511
21.105 81.9316 509
20.2373 81.9316 509
19.3696 81.9316 509
18.5019 81.9316 509
18.2578 84.8289 527
17.3923 84.9899 528
16.4922 84.9899 528
15.5921 84.9899 528
14.7198 85.1509 529
13.818 85.1509 529
12.9162 85.1509 529
12.0144 85.1509 529
11.1126 85.1509 529
10.2107 85.1509 529
9.30893 85.1509 529
8.40712 85.1509 529
7.50531 85.1509 529
6.6035 85.1509 529
5.70168 85.1509 529
4.79987 85.1509 529
3.89069 84.9899 528
2.99059 84.9899 528
2.09048 84.9899 528
1.18812 84.8289 527
0.289716 84.8289 527
-0.608686 84.8289 527
-2.20009 77.5855 482
-3.02178 77.5855 482
-3.84346 77.5855 482
-4.66515 77.5855 482
-5.47546 77.4245 481
-6.30853 77.5855 482
-7.13022 77.5855 482
-7.9684 77.7465 483
-8.7918 77.7465 483
-9.61519 77.7465 483
-10.4386 77.7465 483
-11.262 77.7465 483
-12.0854 77.7465 483
-12.9088 77.7465 483
-13.6753 77.4245 481
-14.4953 77.4245 481
-15.3471 77.5855 482
-16.1688 77.5855 482
-16.9905 77.5855 482
-17.8122 77.5855 482
-18.6339 77.5855 482
-19.4555 77.5855 482
23.615 80.7446 507
22.8853 81.2224 510
22.0159 81.2224 510
21.1465 81.2224 510
20.2771 81.2224 510
19.4076 81.2224 510
18.5382 81.2224 510
18.2578 83.9298 527
17.3594 83.9298 527
16.461 83.9298 527
15.5921 84.0891 528
14.692 84.0891 528
13.818 84.2483 529
12.9162 84.2483 529
12.0144 84.2483 529
11.1126 84.2483 529
10.2107 84.2483 529
9.29133 84.0891 528
8.40712 84.2483 529
7.50531 84.2483 529
6.6035 84.2483 529
5.70168 84.2483 529
4.79987 84.2483 529
3.89069 84.0891 528
2.99059 84.0891 528
2.08652 83.9298 527
1.18812 83.9298 527
-2.20009 76.7631 482
-3.02178 76.7631 482
-3.84346 76.7631 482
-4.66515 76.7631 482
-5.47546 76.6039 481
-6.30853 76.7631 482
-7.13022 76.7631 482
-7.9684 76.9224 483
-8.7918 76.9224 483
-9.61519 76.9224 483
-10.4386 76.9224 483
-11.262 76.9224 483
-12.0854 76.9224 483
-12.9088 76.9224 483
-13.6753 76.6039 481
-14.4953 76.6039 481
-15.3471 76.7631 482
-16.1688 76.7631 482
-16.9905 76.7631 482
-17.8122 76.7631 482
-18.6339 76.7631 482
-19.4555 76.7631 482
23.7082 80.1947 509
22.8853 80.3523 510
22.0159 80.3523 510
21.1465 80.3523 510
20.2771 80.3523 510
19.4076 80.3523 510
18.5382 80.3523 510
18.2578 83.0307 527
17.3594 83.0307 527
16.461 83.0307 527
15.5626 83.0307 527
14.692 83.1883 528
13.7919 83.1883 528
12.8918 83.1883 528
11.9917 83.1883 528
11.0915 83.1883 528
10.1914 83.1883 528
9.29133 83.1883 528
8.39123 83.1883 528
7.50531 83.3458 529
6.6035 83.3458 529
5.70168 83.3458 529
4.79987 83.3458 529
3.89069 83.1883 528
2.99059 83.1883 528
2.09048 83.1883 528
1.18586 82.8732 526
-1.3784 75.9408 482
-2.20009 75.9408 482
-3.02178 75.9408 482
-3.84346 75.9408 482
-4.66515 75.9408 482
-5.48684 75.9408 482
-6.32162 76.0984 483
-7.14501 76.0984 483
-7.9684 76.0984 483
-8.7918 76.0984 483
-9.61519 76.0984 483
-10.4386 76.0984 483
-11.262 76.0984 483
-12.0854 76.0984 483
-12.9088 76.0984 483
-13.7037 75.9408 482
-14.4953 75.7832 481
-15.3471 75.9408 482
-16.1688 75.9408 482
-16.9905 75.9408 482
-17.8122 75.9408 482
-18.6339 75.9408 482
-19.4555 75.9408 482
23.7082 79.3263 509
22.8853 79.4822 510
22.0159 79.4822 510
21.1465 79.4822 510
20.2771 79.4822 510
19.4076 79.4822 510
18.5382 79.4822 510
18.2578 82.1316 527
17.3594 82.1316 527
16.461 82.1316 527
15.5626 82.1316 527
14.692 82.2874 528
13.7919 82.2874 528
12.8918 82.2874 528
11.9917 82.2874 528
11.0915 82.2874 528
10.1914 82.2874 528
9.29133 82.2874 528
8.37533 82.1316 527
7.50531 82.4433 529
6.6035 82.4433 529
5.70168 82.4433 529
4.79987 82.4433 529
3.89069 82.2874 528
2.99059 82.2874 528
2.09048 82.2874 528
-1.3784 75.1185 482
-2.20009 75.1185 482
-3.02178 75.1185 482
-3.84346 75.1185 482
-4.66515 75.1185 482
-5.48684 75.1185 482
-6.32162 75.2743 483
-7.14501 75.2743 483
-7.9684 75.2743 483
-8.7918 75.2743 483
-9.61519 75.2743 483
-10.4386 75.2743 483
-11.262 75.2743 483
-12.0854 75.2743 483
-12.9088 75.2743 483
-13.7037 75.1185 482
-14.4953 74.9626 481
-15.3471 75.1185 482
-16.1688 75.1185 482
-16.9905 75.1185 482
-17.8122 75.1185 482
-18.6339 75.1185 482
-19.4555 75.1185 482
23.7082 78.4579 509
22.8853 78.6121 510
22.0159 78.6121 510
21.1465 78.6121 510
20.2771 78.6121 510
19.4076 78.6121 510
18.5382 78.6121 510
17.9113 79.6911 517
17.3264 81.0783 526
16.4297 81.0783 526
15.5626 81.2325 527
14.6641 81.2325 527
13.7919 81.3866 528
12.8918 81.3866 528
11.9917 81.3866 528
11.0915 81.3866 528
10.1914 81.3866 528
9.29133 81.3866 528
8.37533 81.2325 527
7.50531 81.5408 529
6.6035 81.5408 529
5.70168 81.5408 529
4.79987 81.5408 529
3.89069 81.3866 528
2.99059 81.3866 528
2.09048 81.3866 528
-1.3784 74.2961 482
-2.20009 74.2961 482
-3.02178 74.2961 482
-3.84346 74.2961 482
-4.66515 74.2961 482
-5.48684 74.2961 482
-6.32162 74.4503 483
-7.14501 74.4503 483
-7.9684 74.4503 483
-8.7918 74.4503 483
-9.61519 74.4503 483
-10.4386 74.4503 483
-11.262 74.4503 483
-12.0854 74.4503 483
-12.9088 74.4503 483
-13.7037 74.2961 482
-14.4953 74.142 481
-15.3471 74.2961 482
-16.1688 74.2961 482
-16.9905 74.2961 482
-17.8122 74.2961 482
23.7082 77.5895 509
22.8853 77.742 510
22.0159 77.742 510
21.1465 77.742 510
20.2771 77.742 510
19.4076 77.742 510
18.5382 77.742 510
17.8767 78.6566 516
17.1617 79.4187 521
16.2735 79.4187 521
15.533 80.1809 526
14.6641 80.3334 527
13.7919 80.4858 528
12.8918 80.4858 528
11.9917 80.4858 528
11.0915 80.4858 528
10.1914 80.4858 528
9.29133 80.4858 528
8.37533 80.3334 527
7.50531 80.6382 529
6.6035 80.6382 529
5.70168 80.6382 529
4.79987 80.6382 529
3.89069 80.4858 528
2.99059 80.4858 528
-1.3784 73.4738 482
-2.20009 73.4738 482
-3.02178 73.4738 482
-3.84346 73.4738 482
-4.66515 73.4738 482
-5.48684 73.4738 482
-6.32162 73.6262 483
-7.14501 73.6262 483
-7.9684 73.6262 483
-8.7918 73.6262 483
-9.61519 73.6262 483
-10.4386 73.6262 483
-11.262 73.6262 483
-12.0854 73.6262 483
-12.9088 73.6262 483
-13.6753 73.3213 481
-14.4953 73.3213 481
-15.3471 73.4738 482
-16.1688 73.4738 482
-16.9905 73.4738 482
-17.8122 73.4738 482
23.7082 76.7211 509
22.8405 76.7211 509
21.9727 76.7211 509
21.1465 76.8718 510
20.2771 76.8718 510
19.4457 77.0226 511
18.5746 77.0226 511
17.8767 77.7762 516
17.1288 78.3791 520
16.2423 78.3791 520
15.4444 78.8313 523
14.6363 79.2835 526
13.7657 79.4342 527
12.8673 79.4342 527
11.9917 79.585 528
11.0915 79.585 528
10.1914 79.585 528
-2.20009 72.6514 482
-3.02178 72.6514 482
-3.84346 72.6514 482
-4.66515 72.6514 482
-5.48684 72.6514 482
-6.32162 72.8022 483
-7.14501 72.8022 483
-7.9684 72.8022 483
-8.7918 72.8022 483
-9.61519 72.8022 483
-10.4386 72.8022 483
-11.262 72.8022 483
-12.0854 72.8022 483
-12.9088 72.8022 483
-13.6753 72.5007 481
-14.4953 72.5007 481
-15.3153 72.5007 481
-16.1352 72.5007 481
-16.8495 72.0485 478
-17.6643 72.0485 478
23.7082 75.8527 509
22.8405 75.8527 509
21.9727 75.8527 509
21.1465 76.0017 510
20.2771 76.0017 510
19.4457 76.1508 511
18.5746 76.1508 511
17.8767 76.8959 516
17.1288 77.492 520
16.2423 77.492 520
15.4444 77.939 523
14.6363 78.3861 526
13.7657 78.5351 527
12.8673 78.5351 527
11.9917 78.6842 528
11.0915 78.6842 528
10.1914 78.6842 528
-2.20009 71.8291 482
-3.02178 71.8291 482
-3.84346 71.8291 482
-4.66515 71.8291 482
-5.48684 71.8291 482
-6.30853 71.8291 482
-7.13022 71.8291 482
-7.95191 71.8291 482
-8.77359 71.8291 482
-9.59528 71.8291 482
-10.417 71.8291 482
-11.2387 71.8291 482
-12.0603 71.8291 482
-12.882 71.8291 482
-13.6753 71.6801 481
-14.4651 71.5311 480
-15.1879 71.084 477
-16.0011 71.084 477
-16.8495 71.233 478
-17.6643 71.233 478
-18.4792 71.233 478
23.615 74.6897 507
22.8405 74.9843 509
21.9727 74.9843 509
21.1465 75.1316 510
20.2771 75.1316 510
19.4457 75.2789 511
18.5746 75.2789 511
17.8767 76.0155 516
17.1288 76.6048 520
16.2423 76.6048 520
15.4444 77.0467 523
14.5807 77.1941 524
13.7396 77.4887 526
12.8429 77.4887 526
11.9689 77.636 527
11.0705 77.636 527
10.1721 77.636 527
-2.20009 71.0067 482
-3.02178 71.0067 482
-3.84346 71.0067 482
-4.66515 71.0067 482
-5.48684 71.0067 482
-6.30853 71.0067 482
-7.13022 71.0067 482
-7.95191 71.0067 482
-8.77359 71.0067 482
-9.59528 71.0067 482
-10.417 71.0067 482
-11.2387 71.0067 482
-12.0603 71.0067 482
-12.882 71.0067 482
-13.6753 70.8594 481
-14.435 70.5648 479
-15.1879 70.2702 477
-16.0011 70.2702 477
-16.8495 70.4175 478
-17.6643 70.4175 478
-18.4792 70.4175 478
23.615 73.8247 507
22.8405 74.1159 509
21.9727 74.1159 509
21.1465 74.2615 510
20.2771 74.2615 510
19.4837 74.5527 512
18.6109 74.5527 512
17.9113 75.2808 517
17.1288 75.7176 520
16.2423 75.7176 520
15.4149 76.0088 522
14.5807 76.3001 524
13.6874 76.3001 524
12.7941 76.3001 524
11.9008 76.3001 524
-3.02178 70.1844 482
-3.84346 70.1844 482
-4.66515 70.1844 482
-5.48684 70.1844 482
-6.30853 70.1844 482
-7.13022 70.1844 482
-7.95191 70.1844 482
-8.77359 70.1844 482
-9.59528 70.1844 482
-10.417 70.1844 482
-11.2387 70.1844 482
-12.0603 70.1844 482
-12.882 70.1844 482
-13.6753 70.0388 481
-14.435 69.7476 479
-15.1879 69.4564 477
-16.0011 69.4564 477
-16.8495 69.602 478
-17.6643 69.602 478
-18.4792 69.602 478
23.615 72.9597 507
22.8405 73.2475 509
21.9727 73.2475 509
21.1465 73.3914 510
20.2771 73.3914 510
19.5599 73.967 514
18.6836 73.967 514
17.9113 74.3987 517
17.1617 74.9743 521
16.2735 74.9743 521
15.4149 75.1182 522
14.525 75.1182 522
13.6351 75.1182 522
12.7453 75.1182 522
-3.02178 69.3621 482
-3.84346 69.3621 482
-4.66515 69.3621 482
-5.48684 69.3621 482
-6.30853 69.3621 482
-7.13022 69.3621 482
-7.95191 69.3621 482
-8.77359 69.3621 482
-9.59528 69.3621 482
-10.3954 69.2182 481
-11.2153 69.2182 481
-12.0353 69.2182 481
-12.8553 69.2182 481
-13.6469 69.0743 480
-14.4049 68.7864 478
-15.1879 68.6425 477
-16.0011 68.6425 477
-16.8142 68.6425 477
-17.6274 68.6425 477
23.615 72.0947 507
22.8853 72.5213 510
22.0159 72.5213 510
21.1879 72.6635 511
20.3566 72.8057 512
19.5599 73.0901 514
18.7563 73.3745 516
17.9113 73.5167 517
17.1617 74.0855 521
16.2735 74.0855 521
15.4149 74.2277 522
14.525 74.2277 522
13.6351 74.2277 522
12.7453 74.2277 522
-3.01551 68.3975 481
-3.83549 68.3975 481
-4.65547 68.3975 481
-5.48684 68.5397 482
-6.30853 68.5397 482
-7.13022 68.5397 482
-7.95191 68.5397 482
-8.77359 68.5397 482
-9.59528 68.5397 482
-10.3737 68.2553 480
-11.192 68.2553 480
-12.0103 68.2553 480
-12.8286 68.2553 480
-13.6184 68.1131 479
-14.3446 67.6865 476
-15.1242 67.5443 475
-15.8669 67.2599 473
-16.6732 67.2599 473
-17.4426 67.1177 472
-18.2473 67.1177 472
1159.39 574.474 4089
1152.42 574.474 4089
1145.44 574.474 4089
1138.47 574.474 4089
1131.5 574.474 4089
1124.53 574.474 4089
1117.56 574.474 4089
1110.59 574.474 4089
1103.62 574.474 4089
1096.65 574.474 4089
1089.68 574.474 4089
1082.71 574.474 4089
1075.74 574.474 4089
23.5684 71.0892 506
22.8853 71.6512 510
22.0159 71.6512 510
21.1879 71.7917 511
20.3566 71.9322 512
19.5599 72.2131 514
18.7563 72.4941 516
17.9113 72.6346 517
17.1617 73.1966 521
16.2735 73.1966 521
15.4149 73.3371 522
14.525 73.3371 522
13.6351 73.3371 522
12.7453 73.3371 522
-3.01551 67.5769 481
-3.83549 67.5769 481
-4.65547 67.5769 481
-5.48684 67.7174 482
-6.30853 67.7174 482
-7.13022 67.7174 482
-7.95191 67.7174 482
-8.77359 67.7174 482
-9.59528 67.7174 482
-10.3737 67.4364 480
-11.192 67.4364 480
-12.0103 67.4364 480
-12.8286 67.4364 480
-13.6184 67.2959 479
-14.3446 66.8744 476
-15.0605 66.4529 473
-15.8333 66.3125 472
-16.638 66.3125 472
-17.4426 66.3125 472
-18.2473 66.3125 472
1166.36 567.497 4089
1159.39 567.497 4089
1152.42 567.497 4089
1145.44 567.497 4089
1138.47 567.497 4089
1131.5 567.497 4089
1124.53 567.497 4089
1117.56 567.497 4089
1110.59 567.497 4089
1103.62 567.497 4089
1096.65 567.497 4089
1089.68 567.497 4089
1082.71 567.497 4089
1075.74 567.497 4089
1068.77 567.497 4089
23.5684 70.2259 506
22.8853 70.7811 510
22.0159 70.7811 510
21.1879 70.9198 511
20.4361 71.3362 514
19.5599 71.3362 514
18.7563 71.6138 516
17.9113 71.7526 517
17.0958 72.0301 519
16.2111 72.0301 519
15.3854 72.3077 521
14.525 72.4465 522
13.6351 72.4465 522
12.7453 72.4465 522
11.7873 72.0301 519
-3.01551 66.7562 481
-3.83549 66.7562 481
-4.65547 66.7562 481
-5.47546 66.7562 481
-6.30853 66.895 482
-7.13022 66.895 482
-7.95191 66.895 482
-8.77359 66.895 482
-9.59528 66.895 482
-10.3521 66.4787 479
-11.1687 66.4787 479
-11.9853 66.4787 479
-12.8019 66.4787 479
-13.5331 66.0623 476
-14.2843 65.7848 474
-15.0605 65.646 473
-15.8333 65.5072 472
-16.638 65.5072 472
-17.4426 65.5072 472
-18.2473 65.5072 472
1166.36 560.521 4089
1159.39 560.521 4089
1152.42 560.521 4089
1145.44 560.521 4089
1138.47 560.521 4089
1131.5 560.521 4089
1124.53 560.521 4089
1117.56 560.521 4089
1110.59 560.521 4089
1103.62 560.521 4089
1096.65 560.521 4089
1089.68 560.521 4089
1082.71 560.521 4089
1075.74 560.521 4089
1068.77 560.521 4089
1047.85 560.521 4089
1040.88 560.521 4089
1033.91 560.521 4089
1026.94 560.521 4089
1019.97 560.521 4089
1013 560.521 4089
1006.03 560.521 4089
999.06 560.521 4089
992.089 560.521 4089
985.119 560.521 4089
978.148 560.521 4089
971.177 560.521 4089
964.206 560.521 4089
23.5684 69.3626 506
22.8853 69.9109 510
22.0159 69.9109 510
21.1879 70.048 511
20.4361 70.4593 514
19.5599 70.4593 514
18.7563 70.7334 516
17.8767 70.7334 516
17.0629 71.0076 518
16.1798 71.0076 518
15.3263 71.1447 519
14.4415 71.1447 519
13.5568 71.1447 519
12.672 71.1447 519
11.7873 71.1447 519
-3.01551 65.9356 481
-3.83549 65.9356 481
-4.66515 66.0727 482
-5.48684 66.0727 482
-6.30853 66.0727 482
-7.13022 66.0727 482
-7.95191 66.0727 482
-8.77359 66.0727 482
-9.59528 66.0727 482
-10.3521 65.6615 479
-11.1687 65.6615 479
-11.9603 65.5244 478
-12.7751 65.5244 478
-13.5331 65.2502 476
-14.2542 64.839 473
-15.0287 64.7019 472
-15.8333 64.7019 472
-16.638 64.7019 472
-17.4426 64.7019 472
-18.2086 64.5648 471
1166.36 553.545 4089
1159.39 553.545 4089
1152.42 553.545 4089
1142.64 552.191 4079
1135.69 552.191 4079
1128.74 552.191 4079
1121.78 552.191 4079
1114.83 552.191 4079
1110.59 553.545 4089
1103.62 553.545 4089
1096.65 553.545 4089
1089.68 553.545 4089
1082.71 553.545 4089
1075.74 553.545 4089
1068.77 553.545 4089
1047.85 553.545 4089
1040.88 553.545 4089
1033.91 553.545 4089
1026.94 553.545 4089
1019.97 553.545 4089
1013 553.545 4089
1006.03 553.545 4089
999.06 553.545 4089
992.089 553.545 4089
985.119 553.545 4089
978.148 553.545 4089
971.177 553.545 4089
964.206 553.545 4089
943.424 545.558 4030
936.554 545.558 4030
929.683 545.558 4030
922.813 545.558 4030
915.943 545.558 4030
23.5684 68.4993 506
22.8853 69.0408 510
22.0159 69.0408 510
21.1879 69.1762 511
20.4361 69.5823 514
19.5599 69.5823 514
18.7563 69.8531 516
17.8767 69.8531 516
17.0629 70.1238 518
16.1798 70.1238 518
15.3263 70.2592 519
14.4415 70.2592 519
13.5568 70.2592 519
12.672 70.2592 519
11.7873 70.2592 519
-3.01551 65.115 481
-3.83549 65.115 481
-4.66515 65.2504 482
-5.48684 65.2504 482
-6.30853 65.2504 482
-7.13022 65.2504 482
-7.95191 65.2504 482
-8.75539 65.115 481
-9.57538 65.115 481
-10.3521 64.8442 479
-11.1454 64.7089 478
-11.9102 64.4381 476
-12.7217 64.4381 476
-13.5047 64.3027 475
-14.2542 64.032 473
-15.0287 63.8966 472
-15.7998 63.7612 471
-16.6027 63.7612 471
-17.4057 63.7612 471
-18.2086 63.7612 471
1166.36 546.569 4089
1159.39 546.569 4089
1152.42 546.569 4089
1142.64 545.232 4079
1135.69 545.232 4079
1128.74 545.232 4079
1121.78 545.232 4079
1114.83 545.232 4079
1110.59 546.569 4089
1103.62 546.569 4089
1096.65 546.569 4089
1089.68 546.569 4089
1082.71 546.569 4089
1075.74 546.569 4089
1068.77 546.569 4089
1061.8 546.569 4089
1054.83 546.569 4089
1047.85 546.569 4089
1040.88 546.569 4089
1033.91 546.569 4089
1026.94 546.569 4089
1019.97 546.569 4089
1013 546.569 4089
1006.03 546.569 4089
999.06 546.569 4089
992.089 546.569 4089
985.119 546.569 4089
978.148 546.569 4089
971.177 546.569 4089
964.206 546.569 4089
943.424 538.682 4030
936.554 538.682 4030
929.683 538.682 4030
922.813 538.682 4030
915.943 538.682 4030
22.7058 67.636 506
21.8432 67.636 506
20.9806 67.636 506
20.3963 68.5717 513
19.5218 68.5717 513
18.7563 68.9727 516
17.8767 68.9727 516
16.997 68.9727 516
16.1174 68.9727 516
15.2968 69.2401 518
14.4415 69.3737 519
13.5568 69.3737 519
12.672 69.3737 519
11.7873 69.3737 519
-3.01551 64.2943 481
-3.83549 64.2943 481
-4.66515 64.428 482
-5.48684 64.428 482
-6.94985 70.9778 531
-7.85507 70.9778 531
-8.7603 70.9778 531
-8.75539 64.2943 481
-9.57538 64.2943 481
-10.3521 64.027 479
-11.1454 63.8933 478
-11.9102 63.626 476
-12.7217 63.626 476
-13.5331 63.626 476
-14.2542 63.225 473
-15.0287 63.0913 472
-15.8333 63.0913 472
-16.638 63.0913 472
-17.4057 62.9577 471
-18.2086 62.9577 471
1173.33 539.592 4089
1166.36 539.592 4089
1159.39 539.592 4089
1152.42 539.592 4089
1142.64 538.273 4079
1135.69 538.273 4079
1128.74 538.273 4079
1121.78 538.273 4079
1114.83 538.273 4079
1110.59 539.592 4089
1103.62 539.592 4089
1096.65 539.592 4089
1089.68 539.592 4089
1082.71 539.592 4089
1075.74 539.592 4089
1068.77 539.592 4089
1061.8 539.592 4089
1054.83 539.592 4089
1047.85 539.592 4089
1040.88 539.592 4089
1033.91 539.592 4089
1026.94 539.592 4089
1019.97 539.592 4089
1013 539.592 4089
1006.03 539.592 4089
999.06 539.592 4089
992.089 539.592 4089
985.119 539.592 4089
970.971 535.634 4059
961.677 534.314 4049
954.774 534.314 4049
943.424 531.807 4030
936.554 531.807 4030
929.683 531.807 4030
922.813 531.807 4030
915.943 531.807 4030
-4.66515 63.6057 482
-5.48684 63.6057 482
-6.94985 70.0718 531
-7.85507 70.0718 531
-8.7603 70.0718 531
-8.75539 63.4737 481
-9.57538 63.4737 481
-10.3521 63.2098 479
-11.1454 63.0778 478
-11.9102 62.8139 476
-12.7217 62.8139 476
-13.5331 62.8139 476
-14.2542 62.418 473
-15.0287 62.2861 472
-15.8333 62.2861 472
-16.638 62.2861 472
-17.4057 62.1541 471
-18.2086 62.1541 471
1173.33 532.616 4089
1166.36 532.616 4089
1159.39 532.616 4089
1152.42 532.616 4089
1142.64 531.314 4079
1135.69 531.314 4079
1128.74 531.314 4079
1121.78 531.314 4079
1114.83 531.314 4079
1110.59 532.616 4089
1103.62 532.616 4089
1096.65 532.616 4089
1089.68 532.616 4089
1082.71 532.616 4089
1075.74 532.616 4089
1068.77 532.616 4089
1061.8 532.616 4089
1054.83 532.616 4089
1047.85 532.616 4089
1040.88 532.616 4089
1033.91 532.616 4089
1026.94 532.616 4089
1019.97 532.616 4089
1013 532.616 4089
1003.57 531.314 4079
996.617 531.314 4079
989.663 531.314 4079
977.891 528.709 4059
970.971 528.709 4059
954.789 523.629 4020
947.936 523.629 4020
941.083 523.629 4020
936.554 524.931 4030
929.683 524.931 4030
922.813 524.931 4030
-6.96294 69.2961 532
-7.86987 69.2961 532
-8.77679 69.2961 532
-8.75539 62.6531 481
-9.57538 62.6531 481
-10.3521 62.3926 479
-11.1454 62.2623 478
-11.9603 62.2623 478
-12.7751 62.2623 478
-13.5331 62.0018 476
-14.2542 61.611 473
-15.0287 61.4808 472
-15.8333 61.4808 472
-16.638 61.4808 472
-17.4057 61.3505 471
-18.2086 61.3505 471
1173.33 525.64 4089
1166.36 525.64 4089
1159.39 525.64 4089
1149.6 524.354 4079
1142.64 524.354 4079
1135.69 524.354 4079
1128.74 524.354 4079
1121.78 524.354 4079
1114.83 524.354 4079
1110.59 525.64 4089
1103.62 525.64 4089
1096.65 525.64 4089
1089.68 525.64 4089
1082.71 525.64 4089
1075.74 525.64 4089
1068.77 525.64 4089
1061.8 525.64 4089
1054.83 525.64 4089
1047.85 525.64 4089
1040.88 525.64 4089
1031.39 524.354 4079
1024.43 524.354 4079
1017.48 524.354 4079
1010.52 524.354 4079
1003.57 524.354 4079
996.617 524.354 4079
989.663 524.354 4079
977.891 521.784 4059
970.971 521.784 4059
954.789 516.77 4020
947.936 516.77 4020
941.083 516.77 4020
936.554 518.056 4030
929.683 518.056 4030
922.813 518.056 4030
-6.96294 68.3885 532
-7.86987 68.3885 532
-8.77679 68.3885 532
-8.75539 61.8324 481
-9.57538 61.8324 481
-10.3521 61.5753 479
-11.1454 61.4468 478
-11.9603 61.4468 478
-12.7751 61.4468 478
-13.5331 61.1897 476
-14.2542 60.804 473
-15.0287 60.6755 472
-15.8333 60.6755 472
-16.638 60.6755 472
-17.4057 60.5469 471
-18.2086 60.5469 471
1173.33 518.664 4089
1166.36 518.664 4089
1159.39 518.664 4089
1149.6 517.395 4079
1145.44 518.664 4089
1138.47 518.664 4089
1131.5 518.664 4089
1124.53 518.664 4089
1114.83 517.395 4079
1110.59 518.664 4089
1103.62 518.664 4089
1096.65 518.664 4089
1089.68 518.664 4089
1080.06 517.395 4079
1073.11 517.395 4079
1066.15 517.395 4079
1059.2 517.395 4079
1052.25 517.395 4079
1045.29 517.395 4079
1035.79 516.127 4069
1028.86 516.127 4069
1024.43 517.395 4079
1017.48 517.395 4079
1010.52 517.395 4079
998.65 514.858 4059
991.73 514.858 4059
984.81 514.858 4059
977.891 514.858 4059
966.187 512.322 4039
950.276 507.501 4001
943.456 507.501 4001
-6.96294 67.4808 532
-7.86987 67.4808 532
-8.77679 67.4808 532
-9.68372 67.4808 532
-10.5906 67.4808 532
-11.4976 67.4808 532
-11.1454 60.6313 478
-11.9603 60.6313 478
-12.7751 60.6313 478
-13.5331 60.3776 476
-14.2542 59.9971 473
-15.0287 59.8702 472
-15.7998 59.7434 471
-16.6027 59.7434 471
-17.4057 59.7434 471
-18.1699 59.6165 470
1173.33 511.687 4089
1166.36 511.687 4089
1159.39 511.687 4089
1149.6 510.436 4079
1145.44 511.687 4089
1138.47 511.687 4089
1131.5 511.687 4089
1124.53 511.687 4089
1117.56 511.687 4089
1110.59 511.687 4089
1103.62 511.687 4089
1096.65 511.687 4089
1089.68 511.687 4089
1080.06 510.436 4079
1073.11 510.436 4079
1066.15 510.436 4079
1059.2 510.436 4079
1052.25 510.436 4079
1045.29 510.436 4079
1035.79 509.185 4069
1026.33 507.933 4059
1021.92 509.185 4069
1014.98 509.185 4069
1008.05 509.185 4069
1001.11 509.185 4069
994.173 509.185 4069
987.237 509.185 4069
977.891 507.933 4059
966.187 505.431 4039
950.276 500.675 4001
943.456 500.675 4001
85.745 72.0792 576
84.763 72.0792 576
83.7811 72.0792 576
82.7992 72.0792 576
81.8172 72.0792 576
80.8353 72.0792 576
79.5761 71.829 574
-6.96294 66.5732 532
-7.86987 66.5732 532
-8.77679 66.5732 532
-9.68372 66.5732 532
-10.5906 66.5732 532
-11.4976 66.5732 532
-11.1454 59.8158 478
-11.9603 59.8158 478
-12.7751 59.8158 478
-13.5331 59.5655 476
-14.2542 59.1901 473
-15.0287 59.0649 472
-15.7998 58.9398 471
-16.6027 58.9398 471
-17.4057 58.9398 471
-18.1699 58.8147 470
1173.33 504.711 4089
1166.36 504.711 4089
1159.39 504.711 4089
1152.42 504.711 4089
1145.44 504.711 4089
1138.47 504.711 4089
1131.5 504.711 4089
1124.53 504.711 4089
1117.56 504.711 4089
1110.59 504.711 4089
1103.62 504.711 4089
1096.65 504.711 4089
1089.68 504.711 4089
1082.71 504.711 4089
1073.11 503.477 4079
1066.15 503.477 4079
1059.2 503.477 4079
1052.25 503.477 4079
1045.29 503.477 4079
1035.79 502.243 4069
1026.33 501.008 4059
1021.92 502.243 4069
1014.98 502.243 4069
1008.05 502.243 4069
1001.11 502.243 4069
994.173 502.243 4069
987.237 502.243 4069
977.891 501.008 4059
970.971 501.008 4059
964.052 501.008 4059
947.936 496.194 4020
87.7088 71.0965 576
86.7269 71.0965 576
85.745 71.0965 576
84.763 71.0965 576
83.7811 71.0965 576
82.7992 71.0965 576
81.8172 71.0965 576
80.8353 71.0965 576
79.5761 70.8497 574
-6.96294 65.6655 532
-7.86987 65.6655 532
-8.77679 65.6655 532
-9.68372 65.6655 532
-10.5906 65.6655 532
-11.4976 65.6655 532
-11.1454 59.0002 478
-11.9603 59.0002 478
-12.7751 59.0002 478
-13.5047 58.6299 475
-14.2542 58.3831 473
-15.0287 58.2596 472
-15.7998 58.1362 471
-16.6027 58.1362 471
-17.3687 58.0128 470
1173.33 497.735 4089
1166.36 497.735 4089
1159.39 497.735 4089
1152.42 497.735 4089
1145.44 497.735 4089
1138.47 497.735 4089
1131.5 497.735 4089
1124.53 497.735 4089
1117.56 497.735 4089
1110.59 497.735 4089
1103.62 497.735 4089
1096.65 497.735 4089
1089.68 497.735 4089
1082.71 497.735 4089
1073.11 496.518 4079
1066.15 496.518 4079
1056.6 495.3 4069
1049.67 495.3 4069
1042.73 495.3 4069
1035.79 495.3 4069
1026.33 494.083 4059
1019.41 494.083 4059
1014.98 495.3 4069
1008.05 495.3 4069
1001.11 495.3 4069
994.173 495.3 4069
987.237 495.3 4069
977.891 494.083 4059
970.971 494.083 4059
964.052 494.083 4059
947.936 489.336 4020
90.3399 69.8703 574
89.517 69.9921 575
88.5368 69.9921 575
87.7088 70.1138 576
86.7269 70.1138 576
85.745 70.1138 576
84.763 70.1138 576
83.7811 70.1138 576
82.7992 70.1138 576
81.8172 70.1138 576
80.8353 70.1138 576
79.5761 69.8703 574
78.4606 69.7486 573
77.4838 69.7486 573
76.507 69.7486 573
75.662 69.8703 574
74.6835 69.8703 574
73.7049 69.8703 574
72.5997 69.7486 573
-6.05602 64.7579 532
-6.96294 64.7579 532
-7.86987 64.7579 532
-8.77679 64.7579 532
-9.68372 64.7579 532
-10.5906 64.7579 532
-12.6415 57.5761 473
-13.4478 57.5761 473
-14.2542 57.5761 473
-15.0287 57.4544 472
-15.7998 57.3326 471
-16.6027 57.3326 471
-17.3687 57.2109 470
1180.3 490.759 4089
1173.33 490.759 4089
1166.36 490.759 4089
1159.39 490.759 4089
1152.42 490.759 4089
1145.44 490.759 4089
1138.47 490.759 4089
1131.5 490.759 4089
1124.53 490.759 4089
1117.56 490.759 4089
1110.59 490.759 4089
1103.62 490.759 4089
1096.65 490.759 4089
1089.68 490.759 4089
1082.71 490.759 4089
1073.11 489.559 4079
1066.15 489.559 4079
1056.6 488.358 4069
1049.67 488.358 4069
1042.73 488.358 4069
1035.79 488.358 4069
1026.33 487.158 4059
1019.41 487.158 4059
1012.49 487.158 4059
1008.05 488.358 4069
1001.11 488.358 4069
994.173 488.358 4069
987.237 488.358 4069
977.891 487.158 4059
970.971 487.158 4059
964.052 487.158 4059
947.936 482.477 4020
93.2754 68.891 574
92.2969 68.891 574
91.3184 68.891 574
90.3399 68.891 574
89.517 69.0111 575
88.5368 69.0111 575
87.7088 69.1311 576
86.7269 69.1311 576
85.745 69.1311 576
84.763 69.1311 576
83.7811 69.1311 576
82.7992 69.1311 576
81.8172 69.1311 576
80.695 69.0111 575
79.5761 68.891 574
78.4606 68.771 573
77.4838 68.771 573
76.507 68.771 573
75.662 68.891 574
74.6835 68.891 574
73.7049 68.891 574
72.5997 68.771 573
71.3729 68.531 571
70.2762 68.411 570
69.3045 68.411 570
68.093 68.1709 568
67.1247 68.1709 568
66.1564 68.1709 568
65.1881 68.1709 568
-5.14909 63.8502 532
-6.05602 63.8502 532
-6.96294 63.8502 532
-7.86987 63.8502 532
-8.77679 63.8502 532
-9.68372 63.8502 532
-10.5906 63.8502 532
-12.6415 56.7691 473
-13.4478 56.7691 473
-14.2542 56.7691 473
-15.0287 56.6491 472
-15.6992 56.169 468
-16.497 56.169 468
-17.2578 56.049 467
1191.32 482.599 4079
1184.37 482.599 4079
1180.3 483.782 4089
1173.33 483.782 4089
1166.36 483.782 4089
1156.55 482.599 4079
1152.42 483.782 4089
1145.44 483.782 4089
1138.47 483.782 4089
1131.5 483.782 4089
1124.53 483.782 4089
1117.56 483.782 4089
1110.59 483.782 4089
1103.62 483.782 4089
1096.65 483.782 4089
1089.68 483.782 4089
1082.71 483.782 4089
1073.11 482.599 4079
1063.54 481.416 4069
1056.6 481.416 4069
1049.67 481.416 4069
1042.73 481.416 4069
1035.79 481.416 4069
1026.33 480.233 4059
1019.41 480.233 4059
1012.49 480.233 4059
1008.05 481.416 4069
1001.11 481.416 4069
994.173 481.416 4069
987.237 481.416 4069
975.482 479.05 4049
964.034 476.802 4030
957.164 476.802 4030
93.2754 67.9117 574
92.2969 67.9117 574
91.3184 67.9117 574
90.3399 67.9117 574
89.517 68.0301 575
88.5368 68.0301 575
87.7088 68.1484 576
86.7269 68.1484 576
85.745 68.1484 576
84.763 68.1484 576
83.7811 68.1484 576
82.7992 68.1484 576
81.8172 68.1484 576
80.695 68.0301 575
79.5761 67.9117 574
78.4606 67.7934 573
77.4838 67.7934 573
76.507 67.7934 573
75.662 67.9117 574
74.6835 67.9117 574
73.7049 67.9117 574
72.5997 67.7934 573
71.3729 67.5568 571
70.2762 67.4385 570
69.3045 67.4385 570
68.093 67.2019 568
67.1247 67.2019 568
66.1564 67.2019 568
65.1881 67.2019 568
-5.14909 62.9426 532
-6.05602 62.9426 532
-6.96294 62.9426 532
-7.86987 62.9426 532
-8.77679 62.9426 532
-9.68372 62.9426 532
-10.5906 62.9426 532
-14.9013 55.3706 468
-15.6992 55.3706 468
-16.497 55.3706 468
-17.2578 55.2522 467
1191.32 475.64 4079
1184.37 475.64 4079
1180.3 476.806 4089
1173.33 476.806 4089
1166.36 476.806 4089
1156.55 475.64 4079
1152.42 476.806 4089
1145.44 476.806 4089
1138.47 476.806 4089
1131.5 476.806 4089
1124.53 476.806 4089
1117.56 476.806 4089
1110.59 476.806 4089
1103.62 476.806 4089
1096.65 476.806 4089
1089.68 476.806 4089
1082.71 476.806 4089
1073.11 475.64 4079
1063.54 474.474 4069
1056.6 474.474 4069
1049.67 474.474 4069
1042.73 474.474 4069
1035.79 474.474 4069
1026.33 473.308 4059
1019.41 473.308 4059
1012.49 473.308 4059
1005.57 473.308 4059
996.189 472.142 4049
989.287 472.142 4049
982.384 472.142 4049
968.495 468.76 4020
957.097 466.545 4001
950.276 466.545 4001
934.495 462.114 3963
93.2754 66.9324 574
92.2969 66.9324 574
91.3184 66.9324 574
90.3399 66.9324 574
89.3613 66.9324 574
88.3828 66.9324 574
87.5566 67.049 575
86.5763 67.049 575
85.5961 67.049 575
84.6159 67.049 575
83.6357 67.049 575
82.6554 67.049 575
81.6752 67.049 575
80.695 67.049 575
79.5761 66.9324 574
78.4606 66.8158 573
77.4838 66.8158 573
76.507 66.8158 573
75.5302 66.8158 573
74.5534 66.8158 573
73.5765 66.8158 573
72.5997 66.8158 573
71.3729 66.5826 571
70.2762 66.466 570
69.3045 66.466 570
68.093 66.2328 568
67.1247 66.2328 568
66.1564 66.2328 568
65.1881 66.2328 568
-5.14909 62.035 532
-6.05602 62.035 532
-6.96294 62.035 532
-7.86987 62.035 532
-8.77679 62.035 532
-9.68372 62.035 532
-10.5906 62.035 532
1198.27 468.681 4079
1191.32 468.681 4079
1184.37 468.681 4079
1177.41 468.681 4079
1170.46 468.681 4079
1163.5 468.681 4079
1153.72 467.532 4069
1146.78 467.532 4069
1142.64 468.681 4079
1135.69 468.681 4079
1128.74 468.681 4079
1121.78 468.681 4079
1114.83 468.681 4079
1107.88 468.681 4079
1100.92 468.681 4079
1096.65 469.83 4089
1089.68 469.83 4089
1082.71 469.83 4089
1070.48 467.532 4069
1063.54 467.532 4069
1056.6 467.532 4069
1049.67 467.532 4069
1042.73 467.532 4069
1035.79 467.532 4069
1026.33 466.383 4059
1019.41 466.383 4059
1009.99 465.234 4049
1003.09 465.234 4049
996.189 465.234 4049
989.287 465.234 4049
982.384 465.234 4049
968.495 461.902 4020
957.097 459.719 4001
950.276 459.719 4001
934.495 455.352 3963
93.2754 65.9531 574
92.2969 65.9531 574
91.3184 65.9531 574
90.3399 65.9531 574
89.3613 65.9531 574
88.3828 65.9531 574
87.4043 65.9531 574
86.4258 65.9531 574
85.4472 65.9531 574
84.4687 65.9531 574
83.4902 65.9531 574
82.5117 65.9531 574
81.5331 65.9531 574
80.5546 65.9531 574
79.4375 65.8382 573
78.4606 65.8382 573
77.4838 65.8382 573
76.3735 65.7233 572
75.3984 65.7233 572
74.4232 65.7233 572
73.4481 65.7233 572
72.473 65.7233 572
71.3729 65.6084 571
70.2762 65.4935 570
69.3045 65.4935 570
68.093 65.2637 568
67.1247 65.2637 568
66.1564 65.2637 568
65.1881 65.2637 568
-5.14909 61.1273 532
-6.05602 61.1273 532
-6.96294 61.1273 532
-7.86987 61.1273 532
-8.77679 61.1273 532
-9.68372 61.1273 532
-10.5707 61.0124 531
1198.27 461.722 4079
1191.32 461.722 4079
1184.37 461.722 4079
1174.53 460.59 4069
1167.59 460.59 4069
1160.65 460.59 4069
1153.72 460.59 4069
1143.96 459.458 4059
1142.64 461.722 4079
1135.69 461.722 4079
1128.74 461.722 4079
1121.78 461.722 4079
1114.83 461.722 4079
1107.88 461.722 4079
1100.92 461.722 4079
1093.97 461.722 4079
1087.01 461.722 4079
1080.06 461.722 4079
1070.48 460.59 4069
1063.54 460.59 4069
1056.6 460.59 4069
1049.67 460.59 4069
1042.73 460.59 4069
1035.79 460.59 4069
1026.33 459.458 4059
1019.41 459.458 4059
1005.25 456.175 4030
1000.61 457.194 4039
993.729 457.194 4039
986.844 457.194 4039
977.774 456.175 4030
963.918 452.893 4001
957.097 452.893 4001
950.276 452.893 4001
934.495 448.591 3963
93.2687 64.2947 568
93.2754 64.9738 574
92.2969 64.9738 574
91.3184 64.9738 574
90.3399 64.9738 574
89.3613 64.9738 574
88.3828 64.9738 574
87.4043 64.9738 574
86.4258 64.9738 574
85.4472 64.9738 574
84.4687 64.9738 574
83.3447 64.8606 573
82.3679 64.8606 573
81.3911 64.8606 573
80.4143 64.8606 573
79.4375 64.8606 573
78.1868 64.6343 571
77.2134 64.6343 571
76.24 64.6343 571
75.3984 64.7474 572
74.4232 64.7474 572
73.4481 64.7474 572
72.3463 64.6343 571
71.2479 64.5211 570
70.0296 64.2947 568
69.0613 64.2947 568
67.9731 64.1815 567
67.0066 64.1815 567
66.04 64.1815 567
65.0734 64.1815 567
-5.14909 60.2197 532
-6.05602 60.2197 532
-6.96294 60.2197 532
-7.86987 60.2197 532
-8.77679 60.2197 532
-9.68372 60.2197 532
-10.5707 60.1065 531
1208.18 455.877 4089
1201.21 455.877 4089
1194.24 455.877 4089
1184.37 454.763 4079
1174.53 453.648 4069
1167.59 453.648 4069
1160.65 453.648 4069
1153.72 453.648 4069
1143.96 452.533 4059
1142.64 454.763 4079
1135.69 454.763 4079
1128.74 454.763 4079
1121.78 454.763 4079
1114.83 454.763 4079
1107.88 454.763 4079
1100.92 454.763 4079
1093.97 454.763 4079
1087.01 454.763 4079
1080.06 454.763 4079
1070.48 453.648 4069
1063.54 453.648 4069
1056.6 453.648 4069
1049.67 453.648 4069
1042.73 453.648 4069
1035.79 453.648 4069
1026.33 452.533 4059
1019.41 452.533 4059
1005.25 449.3 4030
995.907 448.185 4020
986.594 447.07 4010
979.758 447.07 4010
970.738 446.066 4001
961.508 444.952 3991
948.007 441.83 3963
941.251 441.83 3963
930.015 439.712 3944
93.2687 63.3256 568
93.2754 63.9945 574
92.2969 63.9945 574
91.3184 63.9945 574
90.3399 63.9945 574
89.3613 63.9945 574
88.2288 63.883 573
87.252 63.883 573
86.2752 63.883 573
85.2984 63.883 573
84.3216 63.883 573
83.3447 63.883 573
82.3679 63.883 573
81.3911 63.883 573
80.4143 63.883 573
79.4375 63.883 573
78.1868 63.6601 571
77.2134 63.6601 571
76.24 63.6601 571
75.3984 63.7716 572
74.4232 63.7716 572
73.4481 63.7716 572
72.3463 63.6601 571
71.2479 63.5486 570
70.0296 63.3256 568
69.0613 63.3256 568
67.9731 63.2141 567
67.0066 63.2141 567
66.04 63.2141 567
65.0734 63.2141 567
-6.05602 59.312 532
-6.96294 59.312 532
-7.86987 59.312 532
-8.77679 59.312 532
-9.68372 59.312 532
-10.5707 59.2005 531
1208.18 448.901 4089
1201.21 448.901 4089
1194.24 448.901 4089
1181.46 446.706 4069
1174.53 446.706 4069
1167.59 446.706 4069
1160.65 446.706 4069
1153.72 446.706 4069
1143.96 445.608 4059
1142.64 447.803 4079
1135.69 447.803 4079
1128.74 447.803 4079
1121.78 447.803 4079
1114.83 447.803 4079
1107.88 447.803 4079
1100.92 447.803 4079
1093.97 447.803 4079
1087.01 447.803 4079
1080.06 447.803 4079
1073.11 447.803 4079
1066.15 447.803 4079
1059.2 447.803 4079
1052.25 447.803 4079
1042.73 446.706 4069
1035.79 446.706 4069
1026.33 445.608 4059
1019.41 445.608 4059
1005.25 442.424 4030
995.907 441.326 4020
986.594 440.228 4010
979.758 440.228 4010
972.922 440.228 4010
961.508 438.142 3991
945.615 433.971 3953
938.876 433.971 3953
930.015 432.983 3944
95.835 62.137 566
94.8701 62.137 566
93.9052 62.137 566
93.2687 62.3565 568
92.6254 62.5761 570
91.6537 62.5761 570
90.682 62.5761 570
89.7103 62.5761 570
88.7386 62.5761 570
87.7669 62.5761 570
86.7952 62.5761 570
85.8235 62.5761 570
85.0007 62.6859 571
84.0273 62.6859 571
83.1993 62.7957 572
82.2242 62.7957 572
81.2491 62.7957 572
80.2739 62.7957 572
79.2988 62.7957 572
78.1868 62.6859 571
77.2134 62.6859 571
76.1064 62.5761 570
75.0029 62.4663 569
74.0329 62.4663 569
73.0629 62.4663 569
71.9662 62.3565 568
70.9979 62.3565 568
70.0296 62.3565 568
69.0613 62.3565 568
67.9731 62.2468 567
66.8884 62.137 566
65.9235 62.137 566
64.9586 62.137 566
-7.85507 58.2946 531
-8.7603 58.2946 531
-9.66552 58.2946 531
-10.5707 58.2946 531
1229.09 441.925 4089
1222.12 441.925 4089
1215.15 441.925 4089
1208.18 441.925 4089
1201.21 441.925 4089
1194.24 441.925 4089
1181.46 439.763 4069
1174.53 439.763 4069
1167.59 439.763 4069
1160.65 439.763 4069
1153.72 439.763 4069
1143.96 438.683 4059
1142.64 440.844 4079
1135.69 440.844 4079
1128.74 440.844 4079
1121.78 440.844 4079
1114.83 440.844 4079
1107.88 440.844 4079
1100.92 440.844 4079
1093.97 440.844 4079
1087.01 440.844 4079
1080.06 440.844 4079
1073.11 440.844 4079
1066.15 440.844 4079
1059.2 440.844 4079
1052.25 440.844 4079
1042.73 439.763 4069
1035.79 439.763 4069
1026.33 438.683 4059
1019.41 438.683 4059
1005.25 435.548 4030
995.907 434.468 4020
989.054 434.468 4020
982.201 434.468 4020
975.348 434.468 4020
966.086 433.387 4010
950.16 429.28 3972
943.388 429.28 3972
930.015 426.254 3944
95.835 61.1713 566
94.8701 61.1713 566
93.9052 61.1713 566
93.1045 61.2794 567
92.1379 61.2794 567
91.1714 61.2794 567
90.5229 61.4955 569
89.5529 61.4955 569
88.5829 61.4955 569
87.6129 61.4955 569
86.6429 61.4955 569
85.6729 61.4955 569
84.7029 61.4955 569
83.7329 61.4955 569
83.0538 61.7117 571
82.0804 61.7117 571
81.107 61.7117 571
80.1336 61.7117 571
79.1602 61.7117 571
78.0499 61.6036 570
77.0781 61.6036 570
75.9729 61.4955 569
74.8711 61.3875 568
73.9028 61.3875 568
72.9345 61.3875 568
71.9662 61.3875 568
70.9979 61.3875 568
70.0296 61.3875 568
69.0613 61.3875 568
67.8533 61.1713 566
66.8884 61.1713 566
65.9235 61.1713 566
64.9586 61.1713 566
-7.85507 57.3886 531
-8.7603 57.3886 531
-9.66552 57.3886 531
-10.5707 57.3886 531
1229.09 434.949 4089
1222.12 434.949 4089
1215.15 434.949 4089
1205.23 433.885 4079
1195.34 432.821 4069
1188.4 432.821 4069
1178.56 431.758 4059
1171.64 431.758 4059
1164.72 431.758 4059
1157.8 431.758 4059
1150.88 431.758 4059
1143.96 431.758 4059
1139.84 432.821 4069
1135.69 433.885 4079
1128.74 433.885 4079
1121.78 433.885 4079
1114.83 433.885 4079
1107.88 433.885 4079
1100.92 433.885 4079
1093.97 433.885 4079
1084.35 432.821 4069
1080.06 433.885 4079
1073.11 433.885 4079
1066.15 433.885 4079
1059.2 433.885 4079
1052.25 433.885 4079
1042.73 432.821 4069
1033.25 431.758 4059
1026.33 431.758 4059
1019.41 431.758 4059
1005.25 428.673 4030
995.907 427.609 4020
989.054 427.609 4020
982.201 427.609 4020
975.348 427.609 4020
966.086 426.545 4010
950.16 422.503 3972
943.388 422.503 3972
930.015 419.525 3944
96.2868 59.8865 563
95.835 60.2057 566
94.8701 60.2057 566
93.9052 60.2057 566
93.1045 60.312 567
92.1379 60.312 567
91.1714 60.312 567
90.5229 60.5248 569
89.5529 60.5248 569
88.5829 60.5248 569
87.6129 60.5248 569
86.6429 60.5248 569
85.6729 60.5248 569
84.7029 60.5248 569
83.7329 60.5248 569
82.7629 60.5248 569
82.0804 60.7375 571
81.107 60.7375 571
80.1336 60.7375 571
79.1602 60.7375 571
78.0499 60.6311 570
77.0781 60.6311 570
75.8394 60.4184 568
74.8711 60.4184 568
73.9028 60.4184 568
72.9345 60.4184 568
71.9662 60.4184 568
70.9979 60.4184 568
69.9063 60.312 567
68.9397 60.312 567
67.8533 60.2057 566
66.8884 60.2057 566
65.9235 60.2057 566
64.9586 60.2057 566
63.7676 59.9929 564
-7.85507 56.4827 531
-8.7603 56.4827 531
-9.66552 56.4827 531
-10.5707 56.4827 531
1229.09 427.972 4089
1222.12 427.972 4089
1215.15 427.972 4089
1205.23 426.926 4079
1198.27 426.926 4079
1191.32 426.926 4079
1178.56 424.832 4059
1171.64 424.832 4059
1164.72 424.832 4059
1157.8 424.832 4059
1150.88 424.832 4059
1143.96 424.832 4059
1139.84 425.879 4069
1135.69 426.926 4079
1128.74 426.926 4079
1121.78 426.926 4079
1114.83 426.926 4079
1107.88 426.926 4079
1100.92 426.926 4079
1093.97 426.926 4079
1081.68 424.832 4059
1080.06 426.926 4079
1073.11 426.926 4079
1066.15 426.926 4079
1059.2 426.926 4079
1052.25 426.926 4079
1042.73 425.879 4069
1035.79 425.879 4069
1026.33 424.832 4059
1019.41 424.832 4059
1005.25 421.797 4030
998.385 421.797 4030
991.515 421.797 4030
984.645 421.797 4030
977.774 421.797 4030
970.904 421.797 4030
964.034 421.797 4030
957.164 421.797 4030
96.2868 58.926 563
95.6657 59.1353 565
94.7025 59.1353 565
93.9052 59.24 566
92.9403 59.24 566
91.9754 59.24 566
91.0106 59.24 566
90.2048 59.3447 567
89.3956 59.4493 568
88.4273 59.4493 568
87.459 59.4493 568
86.4907 59.4493 568
85.5224 59.4493 568
84.7029 59.554 569
83.7329 59.554 569
82.7629 59.554 569
82.0804 59.7633 571
81.107 59.7633 571
80.1336 59.7633 571
79.1602 59.7633 571
78.0499 59.6587 570
77.0781 59.6587 570
75.8394 59.4493 568
74.8711 59.4493 568
73.9028 59.4493 568
72.9345 59.4493 568
71.9662 59.4493 568
70.9979 59.4493 568
69.9063 59.3447 567
68.9397 59.3447 567
67.8533 59.24 566
66.8884 59.24 566
65.9235 59.24 566
64.9586 59.24 566
63.7676 59.0307 564
1229.09 420.996 4089
1222.12 420.996 4089
1215.15 420.996 4089
1205.23 419.967 4079
1198.27 419.967 4079
1191.32 419.967 4079
1181.46 418.937 4069
1174.53 418.937 4069
1164.72 417.907 4059
1157.8 417.907 4059
1150.88 417.907 4059
1143.96 417.907 4059
1139.84 418.937 4069
1135.69 419.967 4079
1128.74 419.967 4079
1121.78 419.967 4079
1114.83 419.967 4079
1107.88 419.967 4079
1100.92 419.967 4079
1093.97 419.967 4079
1081.68 417.907 4059
1080.06 419.967 4079
1073.11 419.967 4079
1066.15 419.967 4079
1059.2 419.967 4079
1052.25 419.967 4079
1042.73 418.937 4069
1035.79 418.937 4069
1028.86 418.937 4069
1021.92 418.937 4069
1005.25 414.922 4030
998.385 414.922 4030
991.515 414.922 4030
984.645 414.922 4030
977.774 414.922 4030
970.904 414.922 4030
964.034 414.922 4030
957.164 414.922 4030
96.2868 57.9655 563
95.327 57.9655 563
94.3673 57.9655 563
93.5734 58.0684 564
92.7761 58.1714 565
91.8129 58.1714 565
90.8498 58.1714 565
90.0457 58.2743 566
89.0808 58.2743 566
88.1159 58.2743 566
87.151 58.2743 566
86.4907 58.4803 568
85.5224 58.4803 568
84.5541 58.4803 568
83.5858 58.4803 568
82.7629 58.5832 569
81.9367 58.6862 570
80.965 58.6862 570
79.9933 58.6862 570
79.0216 58.6862 570
77.9129 58.5832 569
76.9429 58.5832 569
75.8394 58.4803 568
74.8711 58.4803 568
73.9028 58.4803 568
72.9345 58.4803 568
71.8395 58.3773 567
70.8729 58.3773 567
69.783 58.2743 566
68.8182 58.2743 566
67.8533 58.2743 566
66.8884 58.2743 566
65.807 58.1714 565
64.8438 58.1714 565
63.7676 58.0684 564
1229.09 414.02 4089
1222.12 414.02 4089
1215.15 414.02 4089
1208.18 414.02 4089
1198.27 413.007 4079
1191.32 413.007 4079
1181.46 411.995 4069
1174.53 411.995 4069
1164.72 410.982 4059
1157.8 410.982 4059
1150.88 410.982 4059
1143.96 410.982 4059
1139.84 411.995 4069
1135.69 413.007 4079
1128.74 413.007 4079
1121.78 413.007 4079
1114.83 413.007 4079
1107.88 413.007 4079
1100.92 413.007 4079
1093.97 413.007 4079
1081.68 410.982 4059
1080.06 413.007 4079
1073.11 413.007 4079
1066.15 413.007 4079
1059.2 413.007 4079
1052.25 413.007 4079
1042.73 411.995 4069
1035.79 411.995 4069
1028.86 411.995 4069
1021.92 411.995 4069
1005.25 408.046 4030
998.385 408.046 4030
998.65 410.982 4059
991.73 410.982 4059
984.81 410.982 4059
977.891 410.982 4059
964.034 408.046 4030
957.164 408.046 4030
98.99 56.9037 562
98.0319 56.9037 562
97.2466 57.0049 563
96.2868 57.0049 563
95.327 57.0049 563
94.3673 57.0049 563
93.4075 57.0049 563
92.4477 57.0049 563
91.4879 57.0049 563
90.5282 57.0049 563
89.7275 57.1062 564
88.9234 57.2074 565
87.9602 57.2074 565
86.997 57.2074 565
86.1861 57.3087 566
85.2212 57.3087 566
84.2563 57.3087 566
83.2915 57.3087 566
82.6175 57.5112 568
81.6492 57.5112 568
80.8229 57.6124 569
79.8529 57.6124 569
78.8829 57.6124 569
77.776 57.5112 568
76.8077 57.5112 568
75.8394 57.5112 568
74.7393 57.4099 567
73.7727 57.4099 567
72.8061 57.4099 567
71.8395 57.4099 567
70.8729 57.4099 567
69.783 57.3087 566
68.8182 57.3087 566
67.8533 57.3087 566
66.8884 57.3087 566
65.807 57.2074 565
64.8438 57.2074 565
63.6545 57.0049 563
62.5834 56.9037 562
1229.09 407.044 4089
1222.12 407.044 4089
1215.15 407.044 4089
1208.18 407.044 4089
1198.27 406.048 4079
1191.32 406.048 4079
1181.46 405.053 4069
1174.53 405.053 4069
1164.72 404.057 4059
1157.8 404.057 4059
1150.88 404.057 4059
1146.78 405.053 4069
1139.84 405.053 4069
1135.69 406.048 4079
1128.74 406.048 4079
1121.78 406.048 4079
1114.83 406.048 4079
1107.88 406.048 4079
1100.92 406.048 4079
1093.97 406.048 4079
1084.35 405.053 4069
1080.06 406.048 4079
1073.11 406.048 4079
1066.15 406.048 4079
1059.2 406.048 4079
1052.25 406.048 4079
1042.73 405.053 4069
1035.79 405.053 4069
1028.86 405.053 4069
1021.92 405.053 4069
1007.5 402.066 4039
1003.09 403.062 4049
998.65 404.057 4059
991.73 404.057 4059
984.81 404.057 4059
977.891 404.057 4059
101.864 55.9449 562
100.906 55.9449 562
99.9481 55.9449 562
98.99 55.9449 562
98.0319 55.9449 562
97.2466 56.0444 563
96.2868 56.0444 563
95.327 56.0444 563
94.3673 56.0444 563
93.4075 56.0444 563
92.4477 56.0444 563
91.4879 56.0444 563
90.5282 56.0444 563
89.7275 56.1439 564
88.9234 56.2435 565
87.9602 56.2435 565
86.997 56.2435 565
86.1861 56.343 566
85.2212 56.343 566
84.2563 56.343 566
83.2915 56.343 566
82.3266 56.343 566
81.5054 56.4426 567
80.6809 56.5421 568
79.7126 56.5421 568
78.7443 56.5421 568
77.6391 56.4426 567
76.6725 56.4426 567
75.7059 56.4426 567
74.7393 56.4426 567
73.7727 56.4426 567
72.8061 56.4426 567
71.8395 56.4426 567
70.7479 56.343 566
69.783 56.343 566
68.8182 56.343 566
67.8533 56.343 566
66.8884 56.343 566
65.6905 56.1439 564
64.7291 56.1439 564
63.6545 56.0444 563
62.5834 55.9449 562
1233.04 399.089 4079
1229.09 400.067 4089
1222.12 400.067 4089
1215.15 400.067 4089
1208.18 400.067 4089
1198.27 399.089 4079
1191.32 399.089 4079
1181.46 398.111 4069
1174.53 398.111 4069
1164.72 397.132 4059
1157.8 397.132 4059
1150.88 397.132 4059
1146.78 398.111 4069
1139.84 398.111 4069
1135.69 399.089 4079
1128.74 399.089 4079
1121.78 399.089 4079
1117.56 400.067 4089
1110.59 400.067 4089
1103.62 400.067 4089
1096.65 400.067 4089
1084.35 398.111 4069
1082.71 400.067 4089
1075.74 400.067 4089
1068.77 400.067 4089
1061.8 400.067 4089
1054.83 400.067 4089
1042.73 398.111 4069
1035.79 398.111 4069
1028.86 398.111 4069
1021.92 398.111 4069
1007.5 395.175 4039
1005.57 397.132 4059
1001.11 398.111 4069
994.173 398.111 4069
987.237 398.111 4069
977.891 397.132 4059
101.864 54.986 562
100.906 54.986 562
99.9481 54.986 562
98.99 54.986 562
98.0319 54.986 562
97.2466 55.0839 563
96.2868 55.0839 563
95.327 55.0839 563
94.3673 55.0839 563
93.4075 55.0839 563
92.4477 55.0839 563
91.4879 55.0839 563
90.5282 55.0839 563
89.5684 55.0839 563
88.766 55.1817 564
87.9602 55.2795 565
86.997 55.2795 565
86.0338 55.2795 565
85.2212 55.3774 566
84.2563 55.3774 566
83.2915 55.3774 566
82.3266 55.3774 566
81.5054 55.4752 567
80.6809 55.5731 568
79.7126 55.5731 568
78.7443 55.5731 568
77.6391 55.4752 567
76.6725 55.4752 567
75.7059 55.4752 567
74.7393 55.4752 567
73.7727 55.4752 567
72.8061 55.4752 567
71.8395 55.4752 567
70.7479 55.3774 566
69.783 55.3774 566
68.8182 55.3774 566
67.8533 55.3774 566
66.8884 55.3774 566
65.6905 55.1817 564
64.7291 55.1817 564
63.6545 55.0839 563
62.5834 54.986 562
1233.04 392.13 4079
1226.09 392.13 4079
1222.12 393.091 4089
1215.15 393.091 4089
1208.18 393.091 4089
1198.27 392.13 4079
1191.32 392.13 4079
1181.46 391.168 4069
1174.53 391.168 4069
1164.72 390.207 4059
1157.8 390.207 4059
1150.88 390.207 4059
1146.78 391.168 4069
1139.84 391.168 4069
1135.69 392.13 4079
1128.74 392.13 4079
1121.78 392.13 4079
1117.56 393.091 4089
1110.59 393.091 4089
1103.62 393.091 4089
1096.65 393.091 4089
1084.35 391.168 4069
1082.71 393.091 4089
1075.74 393.091 4089
1068.77 393.091 4089
1061.8 393.091 4089
1054.83 393.091 4089
1042.73 391.168 4069
1035.79 391.168 4069
1028.86 391.168 4069
1021.92 391.168 4069
1007.5 388.284 4039
1005.57 390.207 4059
1001.11 391.168 4069
994.173 391.168 4069
987.237 391.168 4069
977.891 390.207 4059
102.273 53.7388 559
101.864 54.0272 562
100.906 54.0272 562
99.9481 54.0272 562
98.99 54.0272 562
98.0319 54.0272 562
97.2466 54.1233 563
96.2868 54.1233 563
95.327 54.1233 563
94.3673 54.1233 563
93.4075 54.1233 563
92.4477 54.1233 563
91.4879 54.1233 563
90.5282 54.1233 563
89.5684 54.1233 563
88.766 54.2195 564
87.8045 54.2195 564
86.8431 54.2195 564
86.0338 54.3156 565
85.0707 54.3156 565
84.1075 54.3156 565
83.1443 54.3156 565
82.3266 54.4117 566
81.5054 54.5079 567
80.5388 54.5079 567
79.5723 54.5079 567
78.6057 54.5079 567
77.6391 54.5079 567
76.6725 54.5079 567
75.7059 54.5079 567
74.7393 54.5079 567
73.6426 54.4117 566
72.6777 54.4117 566
71.7128 54.4117 566
70.7479 54.4117 566
69.783 54.4117 566
68.8182 54.4117 566
67.8533 54.4117 566
66.8884 54.4117 566
65.6905 54.2195 564
64.7291 54.2195 564
63.6545 54.1233 563
62.472 53.9311 561
1305.77 386.115 4089
1298.8 386.115 4089
1291.83 386.115 4089
1284.86 386.115 4089
1277.89 386.115 4089
1270.92 386.115 4089
1263.95 386.115 4089
1253.9 385.171 4079
1246.95 385.171 4079
1239.99 385.171 4079
1233.04 385.171 4079
1226.09 385.171 4079
1219.13 385.171 4079
1212.18 385.171 4079
1205.23 385.171 4079
1195.34 384.226 4069
1188.4 384.226 4069
1181.46 384.226 4069
1174.53 384.226 4069
1164.72 383.282 4059
1157.8 383.282 4059
1150.88 383.282 4059
1146.78 384.226 4069
1139.84 384.226 4069
1135.69 385.171 4079
1128.74 385.171 4079
1121.78 385.171 4079
1117.56 386.115 4089
1110.59 386.115 4089
1103.62 386.115 4089
1096.65 386.115 4089
1084.35 384.226 4069
1082.71 386.115 4089
1075.74 386.115 4089
1068.77 386.115 4089
1061.8 386.115 4089
1054.83 386.115 4089
1042.73 384.226 4069
1033.25 383.282 4059
1026.33 383.282 4059
1019.41 383.282 4059
1007.5 381.393 4039
1005.57 383.282 4059
1006.03 386.115 4089
999.06 386.115 4089
992.089 386.115 4089
977.891 383.282 4059
102.273 52.7851 559
101.502 52.8795 560
100.547 52.8795 560
99.5924 52.8795 560
98.8138 52.9739 561
97.8575 52.9739 561
97.0739 53.0684 562
96.1158 53.0684 562
95.1577 53.0684 562
94.1996 53.0684 562
93.2416 53.0684 562
92.2835 53.0684 562
91.3254 53.0684 562
90.3674 53.0684 562
89.5684 53.1628 563
88.6086 53.1628 563
87.8045 53.2572 564
86.8431 53.2572 564
85.8816 53.2572 564
85.0707 53.3516 565
84.1075 53.3516 565
83.1443 53.3516 565
82.3266 53.4461 566
81.3617 53.4461 566
80.5388 53.5405 567
79.5723 53.5405 567
78.6057 53.5405 567
77.6391 53.5405 567
76.6725 53.5405 567
75.5724 53.4461 566
74.6075 53.4461 566
73.6426 53.4461 566
72.6777 53.4461 566
71.7128 53.4461 566
70.7479 53.4461 566
69.783 53.4461 566
68.8182 53.4461 566
67.8533 53.4461 566
66.7702 53.3516 565
65.5741 53.1628 563
64.6143 53.1628 563
63.5415 53.0684 562
62.472 52.9739 561
1312.74 379.139 4089
1305.77 379.139 4089
1298.8 379.139 4089
1291.83 379.139 4089
1284.86 379.139 4089
1277.89 379.139 4089
1270.92 379.139 4089
1263.95 379.139 4089
1253.9 378.211 4079
1246.95 378.211 4079
1239.99 378.211 4079
1233.04 378.211 4079
1223.08 377.284 4069
1216.15 377.284 4069
1209.21 377.284 4069
1202.27 377.284 4069
1195.34 377.284 4069
1188.4 377.284 4069
1178.56 376.357 4059
1171.64 376.357 4059
1164.72 376.357 4059
1157.8 376.357 4059
1148.04 375.43 4049
1143.96 376.357 4059
1139.84 377.284 4069
1135.69 378.211 4079
1128.74 378.211 4079
1121.78 378.211 4079
1114.83 378.211 4079
1107.88 378.211 4079
1100.92 378.211 4079
1093.97 378.211 4079
1084.35 377.284 4069
1082.71 379.139 4089
1075.74 379.139 4089
1068.77 379.139 4089
1061.8 379.139 4089
1054.83 379.139 4089
1040.17 376.357 4059
1030.7 375.43 4049
1023.8 375.43 4049
1016.9 375.43 4049
1005.25 373.668 4030
1008.05 377.284 4069
1006.03 379.139 4089
999.06 379.139 4089
992.089 379.139 4089
977.891 376.357 4059
102.488 51.4605 555
102.273 51.8314 559
101.502 51.9241 560
100.547 51.9241 560
99.5924 51.9241 560
98.8138 52.0168 561
97.8575 52.0168 561
97.0739 52.1095 562
96.1158 52.1095 562
95.1577 52.1095 562
94.1996 52.1095 562
93.2416 52.1095 562
92.2835 52.1095 562
91.3254 52.1095 562
90.3674 52.1095 562
89.5684 52.2023 563
88.6086 52.2023 563
87.8045 52.295 564
86.8431 52.295 564
85.8816 52.295 564
85.0707 52.3877 565
84.1075 52.3877 565
83.1443 52.3877 565
82.1811 52.3877 565
81.2179 52.3877 565
80.3968 52.4804 566
79.4319 52.4804 566
78.467 52.4804 566
77.5021 52.4804 566
76.5372 52.4804 566
75.5724 52.4804 566
74.6075 52.4804 566
73.6426 52.4804 566
72.6777 52.4804 566
71.5861 52.3877 565
70.6229 52.3877 565
69.6597 52.3877 565
68.6966 52.3877 565
67.7334 52.3877 565
66.5338 52.2023 563
65.4576 52.1095 562
64.4995 52.1095 562
63.3153 51.9241 560
62.138 51.7386 558
1312.74 372.162 4089
1305.77 372.162 4089
1298.8 372.162 4089
1291.83 372.162 4089
1284.86 372.162 4089
1277.89 372.162 4089
1270.92 372.162 4089
1263.95 372.162 4089
1253.9 371.252 4079
1246.95 371.252 4079
1239.99 371.252 4079
1233.04 371.252 4079
1223.08 370.342 4069
1216.15 370.342 4069
1209.21 370.342 4069
1202.27 370.342 4069
1195.34 370.342 4069
1188.4 370.342 4069
1178.56 369.432 4059
1165.87 367.612 4039
1158.98 367.612 4039
1152.09 367.612 4039
1145.21 367.612 4039
1141.14 368.522 4049
1137.04 369.432 4059
1130.12 369.432 4059
1123.2 369.432 4059
1116.28 369.432 4059
1112.1 370.342 4069
1105.16 370.342 4069
1098.22 370.342 4069
1091.29 370.342 4069
1084.35 370.342 4069
1082.71 372.162 4089
1075.74 372.162 4089
1068.77 372.162 4089
1061.8 372.162 4089
1054.83 372.162 4089
1042.73 370.342 4069
1030.7 368.522 4049
1023.8 368.522 4049
1016.9 368.522 4049
1005.25 366.792 4030
1013 372.162 4089
1006.03 372.162 4089
999.06 372.162 4089
992.089 372.162 4089
975.482 368.522 4049
102.488 50.5136 555
102.09 50.7866 558
101.32 50.8777 559
100.367 50.8777 559
99.4145 50.8777 559
98.6377 50.9687 560
97.6831 50.9687 560
96.9011 51.0597 561
95.9448 51.0597 561
94.9884 51.0597 561
94.032 51.0597 561
93.0757 51.0597 561
92.1193 51.0597 561
91.3254 51.1507 562
90.3674 51.1507 562
89.4093 51.1507 562
88.6086 51.2417 563
87.6488 51.2417 563
86.6891 51.2417 563
85.7293 51.2417 563
84.9201 51.3327 564
83.9586 51.3327 564
82.9971 51.3327 564
82.1811 51.4238 565
81.2179 51.4238 565
80.3968 51.5148 566
79.4319 51.5148 566
78.467 51.5148 566
77.5021 51.5148 566
76.5372 51.5148 566
75.5724 51.5148 566
74.6075 51.5148 566
73.6426 51.5148 566
72.6777 51.5148 566
71.5861 51.4238 565
70.6229 51.4238 565
69.6597 51.4238 565
68.6966 51.4238 565
67.7334 51.4238 565
66.5338 51.2417 563
65.4576 51.1507 562
64.4995 51.1507 562
63.3153 50.9687 560
62.138 50.7866 558
60.4191 50.1495 551
1312.74 365.186 4089
1305.77 365.186 4089
1298.8 365.186 4089
1288.67 364.293 4079
1281.72 364.293 4079
1274.76 364.293 4079
1267.81 364.293 4079
1260.86 364.293 4079
1253.9 364.293 4079
1246.95 364.293 4079
1236.96 363.4 4069
1230.02 363.4 4069
1220.08 362.507 4059
1213.16 362.507 4059
1206.24 362.507 4059
1199.32 362.507 4059
1192.4 362.507 4059
1185.48 362.507 4059
1172.75 360.721 4039
1165.87 360.721 4039
1158.98 360.721 4039
1152.09 360.721 4039
1145.21 360.721 4039
1141.14 361.614 4049
1137.04 362.507 4059
1130.12 362.507 4059
1123.2 362.507 4059
1116.28 362.507 4059
1112.1 363.4 4069
1105.16 363.4 4069
1098.22 363.4 4069
1091.29 363.4 4069
1084.35 363.4 4069
1082.71 365.186 4089
1075.74 365.186 4089
1068.77 365.186 4089
1061.8 365.186 4089
1054.83 365.186 4089
1045.29 364.293 4079
1038.34 364.293 4079
1031.39 364.293 4079
1024.43 364.293 4079
1014.98 363.4 4069
1013 365.186 4089
1006.03 365.186 4089
999.06 365.186 4089
992.089 365.186 4089
104.567 49.2095 551
103.816 49.2988 552
102.875 49.2988 552
102.488 49.5667 555
101.542 49.5667 555
100.958 49.7453 557
100.008 49.7453 557
99.0588 49.7453 557
98.2854 49.8346 558
97.5086 49.9239 559
96.5557 49.9239 559
95.6027 49.9239 559
94.8191 50.0133 560
93.8644 50.0133 560
93.0757 50.1026 561
92.1193 50.1026 561
91.1629 50.1026 561
90.2066 50.1026 561
89.4093 50.1919 562
88.4512 50.1919 562
87.6488 50.2812 563
86.6891 50.2812 563
85.7293 50.2812 563
84.7695 50.2812 563
83.9586 50.3705 564
82.9971 50.3705 564
82.0357 50.3705 564
81.0742 50.3705 564
80.2548 50.4598 565
79.2916 50.4598 565
78.3284 50.4598 565
77.2283 50.3705 564
76.2668 50.3705 564
75.3053 50.3705 564
74.3438 50.3705 564
73.3824 50.3705 564
72.4209 50.3705 564
71.3327 50.2812 563
70.3729 50.2812 563
69.4132 50.2812 563
68.4534 50.2812 563
67.3737 50.1919 562
66.4157 50.1919 562
65.2247 50.0133 560
64.27 50.0133 560
63.0892 49.8346 558
61.6925 49.4774 554
60.4191 49.2095 551
1319.71 358.21 4089
1312.74 358.21 4089
1305.77 358.21 4089
1292.45 356.458 4069
1285.51 356.458 4069
1278.57 356.458 4069
1271.64 356.458 4069
1264.7 356.458 4069
1257.76 356.458 4069
1247.75 355.582 4059
1240.83 355.582 4059
1233.92 355.582 4059
1227 355.582 4059
1217.07 354.706 4049
1210.17 354.706 4049
1200.29 353.83 4039
1193.41 353.83 4039
1186.52 353.83 4039
1179.64 353.83 4039
1170.14 353.041 4030
1160.38 352.165 4020
1153.53 352.165 4020
1146.68 352.165 4020
1139.82 352.165 4020
1132.97 352.165 4020
1131.44 353.83 4039
1124.55 353.83 4039
1117.67 353.83 4039
1113.53 354.706 4049
1109.36 355.582 4059
1102.44 355.582 4059
1095.52 355.582 4059
1088.6 355.582 4059
1076.35 353.83 4039
1082.71 358.21 4089
1075.74 358.21 4089
1068.77 358.21 4089
1061.8 358.21 4089
1054.83 358.21 4089
1045.29 357.334 4079
1038.34 357.334 4079
1031.39 357.334 4079
1024.43 357.334 4079
1014.98 356.458 4069
1013 358.21 4089
1006.03 358.21 4089
999.06 358.21 4089
992.089 358.21 4089
104.757 48.357 552
104.192 48.5322 554
103.247 48.5322 554
102.488 48.6198 555
101.542 48.6198 555
100.595 48.6198 555
99.6493 48.6198 555
98.881 48.7074 556
98.1093 48.795 557
97.3342 48.8826 558
96.3829 48.8826 558
95.6027 48.9702 559
94.6497 48.9702 559
93.6968 48.9702 559
92.7438 48.9702 559
91.9551 49.0578 560
91.1629 49.1454 561
90.2066 49.1454 561
89.4093 49.233 562
88.4512 49.233 562
87.4932 49.233 562
86.5351 49.233 562
85.577 49.233 562
84.7695 49.3206 563
83.8098 49.3206 563
82.85 49.3206 563
81.8902 49.3206 563
81.0742 49.4082 564
80.1127 49.4082 564
79.1512 49.4082 564
78.1898 49.4082 564
77.2283 49.4082 564
76.2668 49.4082 564
75.3053 49.4082 564
74.212 49.3206 563
73.2523 49.3206 563
72.2925 49.3206 563
71.206 49.233 562
70.2479 49.233 562
69.1666 49.1454 561
68.2102 49.1454 561
67.2539 49.1454 561
66.1793 49.0578 560
64.9917 48.8826 558
64.0405 48.8826 558
62.637 48.5322 554
61.5812 48.4446 553
60.4191 48.2694 551
1368.51 351.234 4089
1361.54 351.234 4089
1354.57 351.234 4089
1347.6 351.234 4089
1337.35 350.375 4079
1330.39 350.375 4079
1323.44 350.375 4079
1319.71 351.234 4089
1312.74 351.234 4089
1305.77 351.234 4089
1292.45 349.516 4069
1285.51 349.516 4069
1278.57 349.516 4069
1271.64 349.516 4069
1261.59 348.657 4059
1251.58 347.798 4049
1244.68 347.798 4049
1237.78 347.798 4049
1230.88 347.798 4049
1220.95 346.939 4039
1211.36 346.166 4030
1204.49 346.166 4030
1197.62 346.166 4030
1190.75 346.166 4030
1178 344.448 4010
1171.17 344.448 4010
1164.33 344.448 4010
1157.49 344.448 4010
1150.66 344.448 4010
1143.82 344.448 4010
1136.99 344.448 4010
1132.97 345.307 4020
1126.12 345.307 4020
1124.55 346.939 4039
1117.67 346.939 4039
1110.78 346.939 4039
1106.63 347.798 4049
1099.73 347.798 4049
1092.82 347.798 4049
1088.6 348.657 4059
1081.68 348.657 4059
1082.71 351.234 4089
1075.74 351.234 4089
1068.77 351.234 4089
1061.8 351.234 4089
1054.83 351.234 4089
1045.29 350.375 4079
1040.88 351.234 4089
1033.91 351.234 4089
1026.94 351.234 4089
1017.48 350.375 4079
998.385 346.166 4030
104.947 47.5011 553
104.192 47.587 554
103.247 47.587 554
102.488 47.6729 555
101.542 47.6729 555
100.595 47.6729 555
99.6493 47.6729 555
98.881 47.7588 556
98.1093 47.8447 557
97.3342 47.9306 558
96.3829 47.9306 558
95.6027 48.0165 559
94.6497 48.0165 559
93.6968 48.0165 559
92.7438 48.0165 559
91.9551 48.1024 560
91.1629 48.1883 561
90.2066 48.1883 561
89.4093 48.2742 562
88.4512 48.2742 562
87.4932 48.2742 562
86.5351 48.2742 562
85.577 48.2742 562
84.7695 48.3601 563
83.8098 48.3601 563
82.85 48.3601 563
81.8902 48.3601 563
80.9304 48.3601 563
79.9707 48.3601 563
79.0109 48.3601 563
78.0511 48.3601 563
77.0913 48.3601 563
76.1316 48.3601 563
75.1718 48.3601 563
74.0802 48.2742 562
73.1221 48.2742 562
72.1641 48.2742 562
71.0793 48.1883 561
69.9979 48.1024 560
68.92 48.0165 559
67.967 48.0165 559
67.0141 48.0165 559
65.943 47.9306 558
64.7588 47.7588 556
63.5814 47.587 554
62.637 47.587 554
61.4698 47.4152 552
60.3095 47.2434 550
1368.51 344.257 4089
1361.54 344.257 4089
1354.57 344.257 4089
1347.6 344.257 4089
1337.35 343.415 4079
1330.39 343.415 4079
1323.44 343.415 4079
1319.71 344.257 4089
1312.74 344.257 4089
1305.77 344.257 4089
1292.45 342.573 4069
1285.51 342.573 4069
1278.57 342.573 4069
1271.64 342.573 4069
1261.59 341.732 4059
1251.58 340.89 4049
1244.68 340.89 4049
1237.78 340.89 4049
1230.88 340.89 4049
1220.95 340.048 4039
1211.36 339.29 4030
1204.49 339.29 4030
1197.62 339.29 4030
1190.75 339.29 4030
1178 337.606 4010
1171.17 337.606 4010
1164.33 337.606 4010
1154.9 336.848 4001
1148.08 336.848 4001
1141.26 336.848 4001
1134.44 336.848 4001
1130.15 337.606 4010
1126.12 338.448 4020
1119.26 338.448 4020
1112.41 338.448 4020
1110.78 340.048 4039
1106.63 340.89 4049
1102.44 341.732 4059
1095.52 341.732 4059
1091.29 342.573 4069
1084.35 342.573 4069
1077.41 342.573 4069
1070.48 342.573 4069
1052.25 343.415 4079
1045.29 343.415 4079
1040.88 344.257 4089
1033.91 344.257 4089
1026.94 344.257 4089
1017.48 343.415 4079
104.947 46.5577 553
104.192 46.6419 554
103.247 46.6419 554
102.488 46.726 555
101.542 46.726 555
100.595 46.726 555
99.6493 46.726 555
98.881 46.8102 556
97.9332 46.8102 556
96.9853 46.8102 556
96.0375 46.8102 556
95.4317 46.9786 558
94.4804 46.9786 558
93.5292 46.9786 558
92.5779 46.9786 558
91.7909 47.0628 559
91.0004 47.147 560
90.0458 47.147 560
89.0911 47.147 560
88.2938 47.2312 561
87.4932 47.3154 562
86.5351 47.3154 562
85.577 47.3154 562
84.619 47.3154 562
83.6609 47.3154 562
82.7028 47.3154 562
81.7448 47.3154 562
80.9304 47.3996 563
79.9707 47.3996 563
79.0109 47.3996 563
78.0511 47.3996 563
77.0913 47.3996 563
76.1316 47.3996 563
75.1718 47.3996 563
74.0802 47.3154 562
73.1221 47.3154 562
72.1641 47.3154 562
71.0793 47.2312 561
69.9979 47.147 560
68.92 47.0628 559
67.967 47.0628 559
67.0141 47.0628 559
65.943 46.9786 558
64.7588 46.8102 556
63.5814 46.6419 554
62.637 46.6419 554
61.4698 46.4735 552
60.3095 46.3051 550
1368.51 337.281 4089
1361.54 337.281 4089
1354.57 337.281 4089
1347.6 337.281 4089
1337.35 336.456 4079
1330.39 336.456 4079
1323.44 336.456 4079
1316.49 336.456 4079
1306.32 335.631 4069
1299.38 335.631 4069
1292.45 335.631 4069
1276.03 333.157 4039
1269.15 333.157 4039
1262.26 333.157 4039
1255.38 333.157 4039
1248.49 333.157 4039
1241.61 333.157 4039
1234.72 333.157 4039
1225.1 332.414 4030
1218.23 332.414 4030
1211.36 332.414 4030
1204.49 332.414 4030
1189 330.022 4001
1182.18 330.022 4001
1175.36 330.022 4001
1168.54 330.022 4001
1161.72 330.022 4001
1154.9 330.022 4001
1148.08 330.022 4001
1141.26 330.022 4001
1134.44 330.022 4001
1130.15 330.765 4010
1126.12 331.59 4020
1119.26 331.59 4020
1112.41 331.59 4020
1110.78 333.157 4039
1106.63 333.982 4049
1102.44 334.806 4059
1095.52 334.806 4059
1091.29 335.631 4069
1087.01 336.456 4079
1080.06 336.456 4079
1073.11 336.456 4079
1052.25 336.456 4079
1045.29 336.456 4079
1040.88 337.281 4089
1033.91 337.281 4089
1026.94 337.281 4089
1017.48 336.456 4079
105.889 45.6142 553
104.947 45.6142 553
104.192 45.6967 554
103.247 45.6967 554
102.488 45.7792 555
101.542 45.7792 555
100.595 45.7792 555
99.6493 45.7792 555
98.7031 45.7792 555
97.757 45.7792 555
96.8109 45.7792 555
95.8647 45.7792 555
95.0896 45.8616 556
94.1418 45.8616 556
93.194 45.8616 556
92.2461 45.8616 556
91.4625 45.9441 557
90.6754 46.0266 558
89.7242 46.0266 558
88.932 46.1091 559
88.1365 46.1916 560
87.1818 46.1916 560
86.2271 46.1916 560
85.2725 46.1916 560
84.3178 46.1916 560
83.3632 46.1916 560
82.4085 46.1916 560
81.5993 46.2741 561
80.7867 46.3566 562
79.8286 46.3566 562
78.8706 46.3566 562
77.9125 46.3566 562
76.9544 46.3566 562
75.9964 46.3566 562
74.9048 46.2741 561
73.8166 46.1916 560
72.8619 46.1916 560
71.9073 46.1916 560
70.9526 46.1916 560
69.8729 46.1091 559
68.7967 46.0266 558
67.8455 46.0266 558
66.7743 45.9441 557
65.7066 45.8616 556
64.6423 45.7792 555
63.5814 45.6967 554
62.637 45.6967 554
1365.16 329.497 4079
1361.54 330.305 4089
1354.57 330.305 4089
1347.6 330.305 4089
1337.35 329.497 4079
1330.39 329.497 4079
1323.44 329.497 4079
1316.49 329.497 4079
1303.11 327.881 4059
1296.19 327.881 4059
1280.06 325.539 4030
1270.03 324.731 4020
1269.15 326.266 4039
1262.26 326.266 4039
1255.38 326.266 4039
1248.49 326.266 4039
1241.61 326.266 4039
1234.72 326.266 4039
1225.1 325.539 4030
1218.23 325.539 4030
1205.35 323.923 4010
1198.51 323.923 4010
1189 323.196 4001
1182.18 323.196 4001
1175.36 323.196 4001
1168.54 323.196 4001
1161.72 323.196 4001
1154.9 323.196 4001
1145.21 322.388 3991
1138.4 322.388 3991
1131.6 322.388 3991
1124.8 322.388 3991
1120.79 323.196 4001
1119.26 324.731 4020
1112.41 324.731 4020
1110.78 326.266 4039
1106.63 327.074 4049
1102.44 327.881 4059
1095.52 327.881 4059
1091.29 328.689 4069
1087.01 329.497 4079
1080.06 329.497 4079
1073.11 329.497 4079
105.889 44.6707 553
104.947 44.6707 553
104.192 44.7515 554
103.247 44.7515 554
102.303 44.7515 554
101.359 44.7515 554
100.414 44.7515 554
99.4697 44.7515 554
98.5253 44.7515 554
97.5809 44.7515 554
96.6364 44.7515 554
95.692 44.7515 554
94.9186 44.8323 555
93.9725 44.8323 555
93.0263 44.8323 555
92.0802 44.8323 555
91.2983 44.913 556
90.3504 44.913 556
89.4026 44.913 556
88.6138 44.9938 557
87.8217 45.0746 558
86.8704 45.0746 558
85.9192 45.0746 558
84.9679 45.0746 558
84.0167 45.0746 558
83.0654 45.0746 558
82.1142 45.0746 558
81.3084 45.1554 559
80.3554 45.1554 559
79.4025 45.1554 559
78.4495 45.1554 559
77.4966 45.1554 559
76.5436 45.1554 559
75.5907 45.1554 559
74.6377 45.1554 559
73.553 45.0746 558
72.6017 45.0746 558
71.6505 45.0746 558
70.6992 45.0746 558
69.623 44.9938 557
68.5501 44.913 556
67.6023 44.913 556
66.5346 44.8323 555
65.5884 44.8323 555
64.5258 44.7515 554
1332.24 316.37 4001
1325.41 316.37 4001
1318.59 316.37 4001
1318 317.872 4020
1311.15 317.872 4020
1304.3 317.872 4020
1297.44 317.872 4020
1290.59 317.872 4020
1283.74 317.872 4020
1270.85 316.37 4001
1266.87 317.082 4010
1269.15 319.375 4039
1262.26 319.375 4039
1255.38 319.375 4039
1248.49 319.375 4039
1241.61 319.375 4039
1234.72 319.375 4039
1225.1 318.663 4030
1218.23 318.663 4030
1205.35 317.082 4010
1198.51 317.082 4010
1191.68 317.082 4010
1184.84 317.082 4010
1175.36 316.37 4001
1168.54 316.37 4001
1161.72 316.37 4001
1154.9 316.37 4001
1145.21 315.579 3991
1138.4 315.579 3991
1129.05 314.868 3982
1124.8 315.579 3991
1120.79 316.37 4001
1119.26 317.872 4020
1112.41 317.872 4020
1110.78 319.375 4039
1109.36 320.956 4059
1107.88 322.538 4079
1100.92 322.538 4079
1093.97 322.538 4079
1089.68 323.329 4089
1082.71 323.329 4089
1075.74 323.329 4089
105.889 43.7272 553
104.947 43.7272 553
104.192 43.8063 554
103.247 43.8063 554
102.303 43.8063 554
101.359 43.8063 554
100.414 43.8063 554
99.4697 43.8063 554
98.5253 43.8063 554
97.5809 43.8063 554
96.6364 43.8063 554
95.692 43.8063 554
94.9186 43.8854 555
93.9725 43.8854 555
93.0263 43.8854 555
92.0802 43.8854 555
91.2983 43.9645 556
90.3504 43.9645 556
89.4026 43.9645 556
88.6138 44.0435 557
87.8217 44.1226 558
86.8704 44.1226 558
85.9192 44.1226 558
84.9679 44.1226 558
84.0167 44.1226 558
83.0654 44.1226 558
82.1142 44.1226 558
81.3084 44.2017 559
80.3554 44.2017 559
79.4025 44.2017 559
78.3092 44.1226 558
77.3579 44.1226 558
76.4067 44.1226 558
75.4555 44.1226 558
74.5042 44.1226 558
73.2893 43.9645 556
72.3415 43.9645 556
71.3936 43.9645 556
70.4458 43.9645 556
69.373 43.8854 555
68.3035 43.8063 554
67.3591 43.8063 554
66.4147 43.8063 554
65.3521 43.7272 553
64.4093 43.7272 553
1332.24 309.544 4001
1325.41 309.544 4001
1318.59 309.544 4001
1318 311.014 4020
1311.15 311.014 4020
1304.3 311.014 4020
1297.44 311.014 4020
1290.59 311.014 4020
1283.74 311.014 4020
1270.85 309.544 4001
1266.87 310.24 4010
1269.15 312.484 4039
1262.26 312.484 4039
1255.38 312.484 4039
1248.49 312.484 4039
1241.61 312.484 4039
1234.72 312.484 4039
1227.84 312.484 4039
1218.23 311.788 4030
1205.35 310.24 4010
1201.5 311.014 4020
1194.65 311.014 4020
1187.79 311.014 4020
1180.94 311.014 4020
1174.09 311.014 4020
1164.33 310.24 4010
1157.49 310.24 4010
1150.66 310.24 4010
1143.82 310.24 4010
1129.05 308.074 3982
1124.8 308.77 3991
1120.79 309.544 4001
1116.48 310.24 4010
1109.64 310.24 4010
1110.78 312.484 4039
1117.56 316.352 4089
1110.59 316.352 4089
1103.62 316.352 4089
1096.65 316.352 4089
1089.68 316.352 4089
1082.71 316.352 4089
1075.74 316.352 4089
126.004 44.5632 576
125.022 44.5632 576
124.04 44.5632 576
108.164 42.9385 555
107.218 42.9385 555
106.272 42.9385 555
105.136 42.8611 554
104.192 42.8611 554
103.061 42.7838 553
102.118 42.7838 553
101.359 42.8611 554
100.414 42.8611 554
99.4697 42.8611 554
98.5253 42.8611 554
97.5809 42.8611 554
96.6364 42.8611 554
95.692 42.8611 554
94.7476 42.8611 554
93.8032 42.8611 554
92.8587 42.8611 554
91.9143 42.8611 554
90.9699 42.8611 554
90.1879 42.9385 555
89.2418 42.9385 555
88.2957 42.9385 555
87.5069 43.0159 556
86.5591 43.0159 556
85.6112 43.0159 556
84.6634 43.0159 556
83.7156 43.0159 556
82.7677 43.0159 556
81.8199 43.0159 556
81.0175 43.0932 557
80.0679 43.0932 557
79.2605 43.1706 558
78.3092 43.1706 558
77.3579 43.1706 558
76.4067 43.1706 558
75.4555 43.1706 558
74.5042 43.1706 558
73.2893 43.0159 556
72.3415 43.0159 556
71.3936 43.0159 556
70.4458 43.0159 556
69.373 42.9385 555
68.3035 42.8611 554
67.3591 42.8611 554
66.4147 42.8611 554
65.3521 42.7838 553
64.4093 42.7838 553
1318 304.155 4020
1311.15 304.155 4020
1304.3 304.155 4020
1297.44 304.155 4020
1290.59 304.155 4020
1283.74 304.155 4020
1258.78 299.843 3963
1264.03 302.718 4001
1263.18 304.155 4020
1259.45 304.912 4030
1252.58 304.912 4030
1248.49 305.593 4039
1241.61 305.593 4039
1234.72 305.593 4039
1227.84 305.593 4039
1215.21 304.155 4020
1205.35 303.399 4010
1201.5 304.155 4020
1194.65 304.155 4020
1187.79 304.155 4020
1180.94 304.155 4020
1174.09 304.155 4020
1164.33 303.399 4010
1157.49 303.399 4010
1150.66 303.399 4010
1143.82 303.399 4010
1129.05 301.28 3982
1124.8 301.961 3991
1120.79 302.718 4001
1116.48 303.399 4010
1109.64 303.399 4010
1110.78 305.593 4039
1117.56 309.376 4089
1110.59 309.376 4089
1103.62 309.376 4089
1096.65 309.376 4089
1089.68 309.376 4089
1082.71 309.376 4089
1075.74 309.376 4089
126.986 43.5805 576
126.004 43.5805 576
125.022 43.5805 576
124.04 43.5805 576
123.058 43.5805 576
122.077 43.5805 576
121.095 43.5805 576
119.696 43.4292 574
110.057 41.9916 555
109.111 41.9916 555
108.164 41.9916 555
107.218 41.9916 555
106.272 41.9916 555
105.136 41.9159 554
104.192 41.9159 554
103.061 41.8403 553
102.118 41.8403 553
101.176 41.8403 553
100.233 41.8403 553
99.2902 41.8403 553
98.3475 41.8403 553
97.4047 41.8403 553
96.462 41.8403 553
95.5193 41.8403 553
94.5766 41.8403 553
93.6338 41.8403 553
92.8587 41.9159 554
91.9143 41.9159 554
90.9699 41.9159 554
90.0254 41.9159 554
89.081 41.9159 554
88.1366 41.9159 554
87.3495 41.9916 555
86.4034 41.9916 555
85.4573 41.9916 555
84.5111 41.9916 555
83.565 41.9916 555
82.6189 41.9916 555
81.6727 41.9916 555
80.7266 41.9916 555
79.9242 42.0673 556
78.9764 42.0673 556
78.0285 42.0673 556
77.0807 42.0673 556
76.1328 42.0673 556
75.185 42.0673 556
74.2372 42.0673 556
73.1575 41.9916 555
72.2114 41.9916 555
71.2652 41.9916 555
70.3191 41.9916 555
69.248 41.9159 554
68.1802 41.8403 553
67.2375 41.8403 553
66.2948 41.8403 553
65.2339 41.7646 552
64.2929 41.7646 552
1301.69 295.152 3991
1294.89 295.152 3991
1288.08 295.152 3991
1263.3 291.011 3935
1256.59 291.011 3935
1249.89 291.011 3935
1260.87 295.152 3991
1260.04 296.557 4010
1253.2 296.557 4010
1246.36 296.557 4010
1248.49 298.702 4039
1241.61 298.702 4039
1234.72 298.702 4039
1227.84 298.702 4039
1215.21 297.297 4020
1205.35 296.557 4010
1201.5 297.297 4020
1194.65 297.297 4020
1187.79 297.297 4020
1180.94 297.297 4020
1174.09 297.297 4020
1167.23 297.297 4020
1157.49 296.557 4010
1150.66 296.557 4010
1143.82 296.557 4010
1129.05 294.487 3982
1124.8 295.152 3991
1117.99 295.152 3991
1116.48 296.557 4010
1109.64 296.557 4010
1110.78 298.702 4039
1117.56 302.4 4089
1110.59 302.4 4089
1103.62 302.4 4089
1096.65 302.4 4089
127.968 42.5978 576
126.986 42.5978 576
126.004 42.5978 576
125.022 42.5978 576
124.04 42.5978 576
123.058 42.5978 576
122.077 42.5978 576
121.095 42.5978 576
119.696 42.4499 574
110.057 41.0447 555
109.111 41.0447 555
108.164 41.0447 555
107.218 41.0447 555
106.272 41.0447 555
105.136 40.9708 554
104.192 40.9708 554
103.061 40.8968 553
101.934 40.8229 552
100.993 40.8229 552
100.052 40.8229 552
99.1106 40.8229 552
98.1696 40.8229 552
97.2286 40.8229 552
96.2876 40.8229 552
95.3466 40.8229 552
94.4055 40.8229 552
93.4645 40.8229 552
92.6911 40.8968 553
91.7484 40.8968 553
90.9699 40.9708 554
90.0254 40.9708 554
89.081 40.9708 554
88.1366 40.9708 554
87.1921 40.9708 554
86.2477 40.9708 554
85.3033 40.9708 554
84.3588 40.9708 554
83.4144 40.9708 554
82.47 40.9708 554
81.5256 40.9708 554
80.5811 40.9708 554
79.6367 40.9708 554
78.8343 41.0447 555
77.8882 41.0447 555
76.942 41.0447 555
75.9959 41.0447 555
75.0498 41.0447 555
74.1036 41.0447 555
73.0257 40.9708 554
72.0813 40.9708 554
71.1368 40.9708 554
70.1924 40.9708 554
69.123 40.8968 553
68.057 40.8229 552
67.1159 40.8229 552
66.1749 40.8229 552
1270.01 284.297 3935
1263.3 284.297 3935
1256.59 284.297 3935
1240.99 282.274 3907
1266.87 289.716 4010
1260.04 289.716 4010
1253.2 289.716 4010
1246.36 289.716 4010
1236.75 289.066 4001
1232.69 289.716 4010
1225.86 289.716 4010
1219.02 289.716 4010
1212.18 289.716 4010
1208.35 290.438 4020
1201.5 290.438 4020
1194.65 290.438 4020
1187.79 290.438 4020
1180.94 290.438 4020
1174.09 290.438 4020
1167.23 290.438 4020
1157.49 289.716 4010
1150.66 289.716 4010
1143.82 289.716 4010
1123.66 286.32 3963
1116.9 286.32 3963
1117.99 288.343 3991
1116.48 289.716 4010
1109.64 289.716 4010
1110.78 291.811 4039
1117.56 295.423 4089
1110.59 295.423 4089
1103.62 295.423 4089
1096.65 295.423 4089
127.968 41.615 576
126.986 41.615 576
126.004 41.615 576
125.022 41.615 576
124.04 41.615 576
123.058 41.615 576
122.077 41.615 576
121.095 41.615 576
119.696 41.4706 574
110.057 40.0978 555
109.111 40.0978 555
108.164 40.0978 555
107.218 40.0978 555
106.081 40.0256 554
104.947 39.9533 553
104.004 39.9533 553
103.061 39.9533 553
101.934 39.8811 552
100.993 39.8811 552
100.052 39.8811 552
99.1106 39.8811 552
98.1696 39.8811 552
97.2286 39.8811 552
96.2876 39.8811 552
95.3466 39.8811 552
94.4055 39.8811 552
93.4645 39.8811 552
92.6911 39.9533 553
91.7484 39.9533 553
90.9699 40.0256 554
90.0254 40.0256 554
89.081 40.0256 554
88.1366 40.0256 554
87.1921 40.0256 554
86.2477 40.0256 554
85.3033 40.0256 554
84.3588 40.0256 554
83.4144 40.0256 554
82.47 40.0256 554
81.5256 40.0256 554
80.5811 40.0256 554
79.6367 40.0256 554
78.6923 40.0256 554
77.7478 40.0256 554
76.8034 40.0256 554
75.859 40.0256 554
74.9146 40.0256 554
73.9701 40.0256 554
72.8939 39.9533 553
71.821 39.8811 552
70.88 39.8811 552
69.939 39.8811 552
68.873 39.8088 551
67.8104 39.7366 550
1270.01 277.584 3935
1263.3 277.584 3935
1256.59 277.584 3935
1240.99 275.609 3907
1266.87 282.874 4010
1260.04 282.874 4010
1253.2 282.874 4010
1246.36 282.874 4010
1236.75 282.24 4001
1232.69 282.874 4010
1228.91 283.58 4020
1222.06 283.58 4020
1215.21 283.58 4020
1208.35 283.58 4020
1201.5 283.58 4020
1194.65 283.58 4020
1187.79 283.58 4020
1180.94 283.58 4020
1174.09 283.58 4020
1167.23 283.58 4020
1157.49 282.874 4010
1145.21 281.534 3991
1138.4 281.534 3991
1118.27 278.219 3944
1111.55 278.219 3944
1107.35 278.853 3953
1111.19 281.534 3991
1104.39 281.534 3991
1105.56 283.58 4020
1112.1 287.036 4069
1105.16 287.036 4069
1098.22 287.036 4069
130.158 40.7029 577
129.174 40.7029 577
128.19 40.7029 577
127.207 40.7029 577
126.223 40.7029 577
125.022 40.6323 576
124.04 40.6323 576
123.058 40.6323 576
122.077 40.6323 576
121.095 40.6323 576
119.696 40.4912 574
118.097 40.2796 571
117.123 40.2796 571
111.603 39.3626 558
110.652 39.3626 558
109.7 39.3626 558
108.164 39.1509 555
107.218 39.1509 555
105.889 39.0099 553
104.947 39.0099 553
104.004 39.0099 553
102.875 38.9393 552
101.934 38.9393 552
100.81 38.8688 551
99.8704 38.8688 551
98.9311 38.8688 551
97.9918 38.8688 551
97.0525 38.8688 551
96.1131 38.8688 551
95.1738 38.8688 551
94.2345 38.8688 551
93.2952 38.8688 551
92.5235 38.9393 552
91.5825 38.9393 552
90.8057 39.0099 553
89.8629 39.0099 553
88.9202 39.0099 553
87.9775 39.0099 553
87.1921 39.0804 554
86.2477 39.0804 554
85.3033 39.0804 554
84.3588 39.0804 554
83.2639 39.0099 553
82.3211 39.0099 553
81.3784 39.0099 553
80.5811 39.0804 554
79.6367 39.0804 554
78.6923 39.0804 554
77.7478 39.0804 554
76.8034 39.0804 554
75.859 39.0804 554
74.9146 39.0804 554
73.9701 39.0804 554
72.8939 39.0099 553
71.821 38.9393 552
70.88 38.9393 552
69.939 38.9393 552
68.873 38.8688 551
67.8104 38.7982 550
66.1432 38.375 544
65.2159 38.375 544
1254.31 268.943 3907
1247.65 268.943 3907
1240.99 268.943 3907
1266.87 276.033 4010
1260.04 276.033 4010
1253.2 276.033 4010
1246.36 276.033 4010
1236.75 275.413 4001
1232.69 276.033 4010
1228.91 276.721 4020
1222.06 276.721 4020
1215.21 276.721 4020
1208.35 276.721 4020
1201.5 276.721 4020
1194.65 276.721 4020
1187.79 276.721 4020
1180.94 276.721 4020
1174.09 276.721 4020
1167.23 276.721 4020
1157.49 276.033 4010
1145.21 274.725 3991
1138.4 274.725 3991
1118.27 271.49 3944
1111.55 271.49 3944
1107.35 272.109 3953
1111.19 274.725 3991
1104.39 274.725 3991
1105.56 276.721 4020
1112.1 280.094 4069
1105.16 280.094 4069
1098.22 280.094 4069
131.141 39.7185 577
130.158 39.7185 577
129.174 39.7185 577
128.19 39.7185 577
127.207 39.7185 577
126.223 39.7185 577
125.022 39.6496 576
122.631 39.5119 574
121.653 39.5119 574
120.674 39.5119 574
119.279 39.3743 572
118.097 39.3054 571
117.123 39.3054 571
115.336 39.0301 567
113.764 38.8236 564
112.003 38.5482 560
110.652 38.4106 558
109.7 38.4106 558
107.97 38.1352 554
106.832 38.0664 553
105.889 38.0664 553
104.757 37.9975 552
103.816 37.9975 552
102.875 37.9975 552
101.749 37.9287 551
100.81 37.9287 551
99.8704 37.9287 551
98.9311 37.9287 551
97.9918 37.9287 551
97.0525 37.9287 551
96.1131 37.9287 551
95.1738 37.9287 551
94.2345 37.9287 551
93.2952 37.9287 551
92.3559 37.9287 551
91.4166 37.9287 551
90.6414 37.9975 552
89.7004 37.9975 552
88.7594 37.9975 552
87.8184 37.9975 552
87.0348 38.0664 553
86.092 38.0664 553
85.1493 38.0664 553
84.2066 38.0664 553
83.2639 38.0664 553
82.1723 37.9975 552
81.2312 37.9975 552
80.2902 37.9975 552
79.493 38.0664 553
78.5502 38.0664 553
77.6075 38.0664 553
76.6648 38.0664 553
75.7221 38.0664 553
74.7793 38.0664 553
73.8366 38.0664 553
72.7621 37.9975 552
71.6909 37.9287 551
70.6232 37.8599 550
69.6856 37.8599 550
68.623 37.791 549
67.4405 37.6534 547
66.1432 37.4469 544
65.2159 37.4469 544
1228.91 269.863 4020
1222.06 269.863 4020
1215.21 269.863 4020
1208.35 269.863 4020
1201.5 269.863 4020
1194.65 269.863 4020
1187.79 269.863 4020
1180.94 269.863 4020
1174.09 269.863 4020
1167.23 269.863 4020
1157.49 269.191 4010
1142.62 267.312 3982
1135.84 267.312 3982
1110.33 262.881 3916
1109.01 264.157 3935
1107.35 265.365 3953
1100.61 265.365 3953
1093.87 265.365 3953
1105.56 269.863 4020
1098.7 269.863 4020
1091.85 269.863 4020
1085 269.863 4020
131.141 38.734 577
130.158 38.734 577
129.174 38.734 577
128.19 38.734 577
127.207 38.734 577
126.223 38.734 577
125.239 38.734 577
122.631 38.5326 574
121.653 38.5326 574
120.674 38.5326 574
119.279 38.3984 572
118.097 38.3312 571
117.123 38.3312 571
115.336 38.0627 567
113.764 37.8613 564
112.003 37.5928 560
110.652 37.4586 558
109.7 37.4586 558
107.97 37.19 554
106.832 37.1229 553
105.889 37.1229 553
104.757 37.0558 552
103.816 37.0558 552
102.875 37.0558 552
101.749 36.9887 551
100.627 36.9215 550
99.6892 36.9215 550
98.7515 36.9215 550
97.8139 36.9215 550
96.8763 36.9215 550
95.9387 36.9215 550
95.0011 36.9215 550
94.0635 36.9215 550
93.1259 36.9215 550
92.1883 36.9215 550
91.2507 36.9215 550
90.4772 36.9887 551
89.5379 36.9887 551
88.7594 37.0558 552
87.8184 37.0558 552
86.8774 37.0558 552
85.9363 37.0558 552
84.9953 37.0558 552
84.0543 37.0558 552
83.1133 37.0558 552
82.1723 37.0558 552
81.2312 37.0558 552
80.2902 37.0558 552
79.3492 37.0558 552
78.4082 37.0558 552
77.4672 37.0558 552
76.6648 37.1229 553
75.7221 37.1229 553
74.7793 37.1229 553
73.7031 37.0558 552
72.6302 36.9887 551
71.5608 36.9215 550
70.4948 36.8544 549
69.5589 36.8544 549
68.373 36.7201 547
67.4405 36.7201 547
66.1432 36.5187 544
65.2159 36.5187 544
64.1703 36.4516 543
63.2446 36.4516 543
1215.21 263.004 4020
1208.35 263.004 4020
1201.5 263.004 4020
1194.65 263.004 4020
1187.79 263.004 4020
1180.94 263.004 4020
1174.09 263.004 4020
1167.23 263.004 4020
1157.49 262.35 4010
1148.08 261.761 4001
1135.84 260.518 3982
1107.78 255.611 3907
1098.59 255.022 3898
1091.94 255.022 3898
1085.3 255.022 3898
131.141 37.7496 577
130.158 37.7496 577
129.174 37.7496 577
128.19 37.7496 577
127.207 37.7496 577
126.223 37.7496 577
125.239 37.7496 577
121.99 37.3571 571
121.017 37.3571 571
120.043 37.3571 571
119.07 37.3571 571
117.476 37.1608 568
116.303 37.0954 567
115.336 37.0954 567
113.764 36.8991 564
112.003 36.6374 560
110.453 36.4411 557
109.504 36.4411 557
107.97 36.2449 554
106.832 36.1794 553
105.698 36.114 552
104.757 36.114 552
103.816 36.114 552
102.688 36.0486 551
101.749 36.0486 551
100.627 35.9832 550
99.6892 35.9832 550
98.7515 35.9832 550
97.8139 35.9832 550
96.8763 35.9832 550
95.9387 35.9832 550
95.0011 35.9832 550
94.0635 35.9832 550
93.1259 35.9832 550
92.1883 35.9832 550
91.2507 35.9832 550
90.4772 36.0486 551
89.5379 36.0486 551
88.7594 36.114 552
87.8184 36.114 552
86.8774 36.114 552
85.9363 36.114 552
84.9953 36.114 552
84.0543 36.114 552
83.1133 36.114 552
82.1723 36.114 552
81.2312 36.114 552
80.2902 36.114 552
79.3492 36.114 552
78.4082 36.114 552
77.4672 36.114 552
76.5261 36.114 552
75.5851 36.114 552
74.6441 36.114 552
73.5696 36.0486 551
72.6302 36.0486 551
71.4307 35.9177 549
70.238 35.7869 547
69.3055 35.7869 547
68.373 35.7869 547
67.1939 35.656 545
66.1432 35.5906 544
65.2159 35.5906 544
64.1703 35.5252 543
63.2446 35.5252 543
1215.21 256.146 4020
1208.35 256.146 4020
1201.5 256.146 4020
1194.65 256.146 4020
1187.79 256.146 4020
1180.94 256.146 4020
1174.09 256.146 4020
1167.23 256.146 4020
1157.49 255.508 4010
1148.08 254.935 4001
1132.98 253.087 3972
1110.33 249.519 3916
131.141 36.7652 577
130.158 36.7652 577
129.174 36.7652 577
128.19 36.7652 577
127.207 36.7652 577
126.223 36.7652 577
125.239 36.7652 577
124.04 36.7015 576
122.845 36.6377 575
121.865 36.6377 575
120.464 36.5103 573
118.862 36.3192 570
117.476 36.1917 568
116.508 36.1917 568
115.336 36.128 567
113.764 35.9369 564
112.003 35.682 560
110.453 35.4908 557
109.504 35.4908 557
107.97 35.2997 554
106.639 35.1722 552
105.506 35.1085 551
104.567 35.1085 551
103.628 35.1085 551
102.502 35.0448 550
101.564 35.0448 550
100.261 34.9174 548
99.3267 34.9174 548
98.3924 34.9174 548
97.4582 34.9174 548
96.524 34.9174 548
95.5898 34.9174 548
94.6556 34.9174 548
93.7214 34.9174 548
92.9566 34.9811 549
92.0207 34.9811 549
91.0847 34.9811 549
90.313 35.0448 550
89.5379 35.1085 551
88.5986 35.1085 551
87.6593 35.1085 551
86.8774 35.1722 552
85.9363 35.1722 552
84.9953 35.1722 552
84.0543 35.1722 552
83.1133 35.1722 552
82.1723 35.1722 552
81.2312 35.1722 552
80.2902 35.1722 552
79.3492 35.1722 552
78.4082 35.1722 552
77.4672 35.1722 552
76.5261 35.1722 552
75.5851 35.1722 552
74.6441 35.1722 552
73.5696 35.1085 551
72.6302 35.1085 551
71.4307 34.9811 549
70.238 34.8537 547
69.3055 34.8537 547
68.373 34.8537 547
67.1939 34.7262 545
66.1432 34.6625 544
65.2159 34.6625 544
64.1703 34.5988 543
63.2446 34.5988 543
1215.21 249.287 4020
1208.35 249.287 4020
1201.5 249.287 4020
1194.65 249.287 4020
1187.79 249.287 4020
1180.94 249.287 4020
1174.09 249.287 4020
1167.23 249.287 4020
1154.9 248.109 4001
1148.08 248.109 4001
1132.98 246.311 3972
1110.33 242.838 3916
131.141 35.7808 577
130.158 35.7808 577
129.174 35.7808 577
128.19 35.7808 577
126.986 35.7188 576
126.004 35.7188 576
125.022 35.7188 576
124.04 35.7188 576
122.845 35.6567 575
121.865 35.6567 575
120.464 35.5327 573
118.444 35.2227 568
117.476 35.2227 568
116.508 35.2227 568
115.133 35.0986 566
113.764 34.9746 564
111.803 34.6646 559
110.453 34.5405 557
109.504 34.5405 557
107.97 34.3545 554
106.446 34.1685 551
105.506 34.1685 551
104.377 34.1064 550
103.44 34.1064 550
102.129 33.9824 548
101.195 33.9824 548
99.8949 33.8584 546
98.9641 33.8584 546
98.0333 33.8584 546
97.1026 33.8584 546
96.1718 33.8584 546
95.241 33.8584 546
94.3102 33.8584 546
93.3794 33.8584 546
92.6179 33.9204 547
91.6854 33.9204 547
90.7529 33.9204 547
90.1488 34.0444 549
89.2129 34.0444 549
88.277 34.0444 549
87.3411 34.0444 549
86.5626 34.1064 550
85.7807 34.1685 551
84.8414 34.1685 551
83.902 34.1685 551
82.9627 34.1685 551
82.0234 34.1685 551
81.0841 34.1685 551
80.1448 34.1685 551
79.2055 34.1685 551
78.2661 34.1685 551
77.3268 34.1685 551
76.3875 34.1685 551
75.4482 34.1685 551
74.5089 34.1685 551
73.5696 34.1685 551
72.3666 34.0444 549
71.3006 33.9824 548
70.238 33.9204 547
69.3055 33.9204 547
68.248 33.8584 546
67.1939 33.7964 545
66.0217 33.6724 543
65.096 33.6724 543
64.1703 33.6724 543
63.2446 33.6724 543
1205.35 241.826 4010
1198.51 241.826 4010
1191.68 241.826 4010
1184.84 241.826 4010
1178 241.826 4010
1171.17 241.826 4010
1164.33 241.826 4010
1154.9 241.283 4001
1148.08 241.283 4001
1132.98 239.534 3972
1110.33 236.157 3916
131.141 34.7963 577
130.158 34.7963 577
129.174 34.7963 577
128.19 34.7963 577
126.986 34.736 576
126.004 34.736 576
125.022 34.736 576
124.04 34.736 576
122.845 34.6757 575
121.865 34.6757 575
120.464 34.5551 573
118.444 34.2536 568
117.476 34.2536 568
116.508 34.2536 568
115.133 34.133 566
113.764 34.0124 564
111.803 33.7108 559
110.453 33.5902 557
109.504 33.5902 557
107.97 33.4093 554
106.446 33.2284 551
105.506 33.2284 551
104.377 33.1681 550
103.44 33.1681 550
102.129 33.0475 548
101.195 33.0475 548
99.529 32.8063 544
98.6016 32.8063 544
97.6743 32.8063 544
96.9247 32.8666 545
95.9956 32.8666 545
95.0665 32.8666 545
94.1375 32.8666 545
93.2084 32.8666 545
92.2793 32.8666 545
91.5178 32.9269 546
90.587 32.9269 546
89.8204 32.9872 547
89.0504 33.0475 548
88.1162 33.0475 548
87.182 33.0475 548
86.4052 33.1078 549
85.4693 33.1078 549
84.5334 33.1078 549
83.5975 33.1078 549
82.6616 33.1078 549
81.7257 33.1078 549
80.7898 33.1078 549
79.8539 33.1078 549
79.0617 33.1681 550
78.1241 33.1681 550
77.1865 33.1681 550
76.2489 33.1681 550
75.3113 33.1681 550
74.3736 33.1681 550
73.3025 33.1078 549
72.2348 33.0475 548
71.3006 33.0475 548
70.1096 32.9269 546
69.1788 32.9269 546
68.248 32.9269 546
67.1939 32.8666 545
1186.03 233.871 3991
1182.18 234.457 4001
1178 234.984 4010
1171.17 234.984 4010
1164.33 234.984 4010
1154.9 234.457 4001
1148.08 234.457 4001
1119.58 230.003 3925
130.914 33.7533 576
129.932 33.7533 576
128.95 33.7533 576
127.968 33.7533 576
126.766 33.6947 575
125.786 33.6947 575
124.805 33.6947 575
123.825 33.6947 575
122.845 33.6947 575
121.865 33.6947 575
120.464 33.5775 573
118.444 33.2845 568
117.063 33.1673 566
115.893 33.1087 565
114.929 33.1087 565
113.563 32.9915 563
111.403 32.6399 557
109.858 32.4641 554
108.914 32.4641 554
107.58 32.3469 552
106.446 32.2883 551
105.123 32.1711 549
103.998 32.1125 548
103.063 32.1125 548
102.129 32.1125 548
100.826 31.9953 546
99.529 31.8781 544
98.6016 31.8781 544
97.6743 31.8781 544
96.9247 31.9367 545
95.9956 31.9367 545
95.0665 31.9367 545
94.1375 31.9367 545
93.2084 31.9367 545
92.2793 31.9367 545
91.5178 31.9953 546
90.587 31.9953 546
89.8204 32.0539 547
89.0504 32.1125 548
88.1162 32.1125 548
87.182 32.1125 548
86.4052 32.1711 549
85.4693 32.1711 549
84.5334 32.1711 549
83.5975 32.1711 549
82.6616 32.1711 549
81.7257 32.1711 549
80.7898 32.1711 549
79.8539 32.1711 549
79.0617 32.2297 550
78.1241 32.2297 550
77.1865 32.2297 550
76.1102 32.1711 549
75.1743 32.1711 549
74.1032 32.1125 548
73.169 32.1125 548
72.2348 32.1125 548
71.0404 31.9953 546
1186.03 227.062 3991
1182.18 227.631 4001
1178 228.143 4010
1171.17 228.143 4010
1164.33 228.143 4010
1154.9 227.631 4001
1148.08 227.631 4001
1119.58 223.307 3925
130.459 32.6568 574
129.481 32.6568 574
128.502 32.6568 574
127.524 32.6568 574
126.545 32.6568 574
125.567 32.6568 574
124.588 32.6568 574
123.61 32.6568 574
122.418 32.5999 573
121.441 32.5999 573
120.043 32.4861 571
118.236 32.2586 567
117.063 32.2017 566
115.687 32.0879 564
114.726 32.0879 564
113.361 31.9741 562
111.403 31.6896 557
109.858 31.519 554
108.914 31.519 554
107.385 31.3483 551
106.059 31.2345 549
104.932 31.1776 548
103.998 31.1776 548
103.063 31.1776 548
101.757 31.0638 546
100.456 30.95 544
99.529 30.95 544
98.6016 30.95 544
97.6743 30.95 544
96.7469 30.95 544
95.8195 30.95 544
94.8921 30.95 544
93.9647 30.95 544
93.0373 30.95 544
92.11 30.95 544
91.1826 30.95 544
90.2552 30.95 544
89.6562 31.0638 546
88.8879 31.1207 547
88.1162 31.1776 548
87.182 31.1776 548
86.2478 31.1776 548
85.4693 31.2345 549
84.5334 31.2345 549
83.5975 31.2345 549
82.6616 31.2345 549
81.7257 31.2345 549
80.7898 31.2345 549
79.8539 31.2345 549
78.918 31.2345 549
77.9821 31.2345 549
77.0462 31.2345 549
76.1102 31.2345 549
75.1743 31.2345 549
74.1032 31.1776 548
73.169 31.1776 548
72.2348 31.1776 548
71.0404 31.0638 546
1183.35 219.756 3982
1179.23 220.253 3991
1175.36 220.804 4001
1168.54 220.804 4001
1161.72 220.804 4001
1152.01 220.253 3991
1145.21 220.253 3991
1119.58 216.61 3925
131.667 31.7327 575
130.687 31.7327 575
129.706 31.7327 575
128.726 31.7327 575
127.524 31.6775 574
126.545 31.6775 574
125.567 31.6775 574
124.588 31.6775 574
123.394 31.6223 573
122.204 31.5671 572
121.229 31.5671 572
119.833 31.4568 570
118.027 31.236 566
116.856 31.1808 565
115.687 31.1256 564
114.726 31.1256 564
113.361 31.0153 562
111.603 30.7945 558
109.858 30.5738 554
108.914 30.5738 554
107.385 30.4082 551
106.059 30.2978 549
104.932 30.2426 548
103.808 30.1875 547
102.875 30.1875 547
101.757 30.1323 546
100.456 30.0219 544
99.3461 29.9667 543
98.4204 29.9667 543
97.4947 29.9667 543
96.7469 30.0219 544
95.8195 30.0219 544
94.8921 30.0219 544
93.9647 30.0219 544
93.0373 30.0219 544
92.11 30.0219 544
91.1826 30.0219 544
90.2552 30.0219 544
89.492 30.0771 545
88.7254 30.1323 546
87.9554 30.1875 547
87.0229 30.1875 547
86.2478 30.2426 548
85.3136 30.2426 548
84.3794 30.2426 548
83.4452 30.2426 548
82.511 30.2426 548
81.5768 30.2426 548
80.6426 30.2426 548
79.7084 30.2426 548
78.7742 30.2426 548
77.84 30.2426 548
76.9058 30.2426 548
75.9716 30.2426 548
75.0374 30.2426 548
74.1032 30.2426 548
73.169 30.2426 548
131.667 30.7517 575
130.687 30.7517 575
129.706 30.7517 575
128.726 30.7517 575
127.524 30.6982 574
126.545 30.6982 574
125.567 30.6982 574
124.588 30.6982 574
123.394 30.6447 573
122.204 30.5912 572
121.229 30.5912 572
119.833 30.4843 570
118.027 30.2704 566
117.063 30.2704 566
116.098 30.2704 566
114.726 30.1634 564
113.563 30.1099 563
111.603 29.8425 558
109.858 29.6286 554
108.914 29.6286 554
107.385 29.4681 551
106.059 29.3612 549
104.932 29.3077 548
103.808 29.2542 547
102.875 29.2542 547
101.757 29.2007 546
100.456 29.0938 544
99.3461 29.0403 543
98.4204 29.0403 543
97.4947 29.0403 543
96.569 29.0403 543
95.6433 29.0403 543
94.7177 29.0403 543
93.792 29.0403 543
92.8663 29.0403 543
91.9406 29.0403 543
91.015 29.0403 543
90.0893 29.0403 543
89.3278 29.0938 544
88.5629 29.1473 545
87.7946 29.2007 546
86.8638 29.2007 546
85.9331 29.2007 546
85.0023 29.2007 546
84.0715 29.2007 546
83.1407 29.2007 546
82.3604 29.2542 547
81.4279 29.2542 547
80.4955 29.2542 547
79.563 29.2542 547
78.6305 29.2542 547
77.698 29.2542 547
76.7655 29.2542 547
75.833 29.2542 547
131.667 29.7707 575
130.687 29.7707 575
129.706 29.7707 575
128.726 29.7707 575
127.524 29.7189 574
126.545 29.7189 574
125.567 29.7189 574
124.588 29.7189 574
123.394 29.6671 573
122.204 29.6154 572
121.229 29.6154 572
119.833 29.5118 570
118.027 29.3047 566
117.063 29.3047 566
116.098 29.3047 566
114.726 29.2012 564
113.563 29.1494 563
111.603 28.8905 558
109.858 28.6834 554
108.914 28.6834 554
107.385 28.5281 551
106.059 28.4245 549
104.74 28.321 547
103.618 28.2692 546
102.687 28.2692 546
101.57 28.2174 545
100.456 28.1657 544
99.3461 28.1139 543
98.4204 28.1139 543
97.4947 28.1139 543
96.569 28.1139 543
95.6433 28.1139 543
94.7177 28.1139 543
93.792 28.1139 543
92.8663 28.1139 543
91.9406 28.1139 543
91.015 28.1139 543
90.0893 28.1139 543
89.3278 28.1657 544
88.5629 28.2174 545
87.7946 28.2692 546
86.8638 28.2692 546
85.9331 28.2692 546
85.0023 28.2692 546
84.0715 28.2692 546
83.1407 28.2692 546
82.3604 28.321 547
81.4279 28.321 547
80.4955 28.321 547
79.563 28.321 547
78.6305 28.321 547
77.698 28.321 547
76.7655 28.321 547
75.833 28.321 547
131.667 28.7897 575
130.687 28.7897 575
129.706 28.7897 575
128.726 28.7897 575
127.524 28.7396 574
126.545 28.7396 574
125.567 28.7396 574
124.588 28.7396 574
123.394 28.6895 573
122.204 28.6395 572
121.229 28.6395 572
119.833 28.5393 570
118.027 28.3391 566
117.063 28.3391 566
116.098 28.3391 566
114.726 28.2389 564
113.563 28.1888 563
111.603 27.9385 558
109.858 27.7382 554
108.914 27.7382 554
107.385 27.588 551
106.059 27.4879 549
104.549 27.3377 546
103.428 27.2876 545
102.499 27.2876 545
101.384 27.2375 544
100.272 27.1875 543
99.1631 27.1374 542
98.4204 27.1875 543
97.4947 27.1875 543
96.569 27.1875 543
95.6433 27.1875 543
94.7177 27.1875 543
93.792 27.1875 543
92.6953 27.1374 542
91.7713 27.1374 542
90.8473 27.1374 542
89.9234 27.1374 542
89.1636 27.1875 543
88.4004 27.2375 544
87.6338 27.2876 545
86.7048 27.2876 545
85.7757 27.2876 545
84.8466 27.2876 545
83.9175 27.2876 545
82.9884 27.2876 545
82.0593 27.2876 545
81.1302 27.2876 545
80.2011 27.2876 545
79.272 27.2876 545
78.343 27.2876 545
77.2718 27.2375 544
76.3445 27.2375 544
131.667 27.8087 575
130.687 27.8087 575
129.706 27.8087 575
128.726 27.8087 575
127.524 27.7603 574
126.545 27.7603 574
125.567 27.7603 574
124.371 27.7119 573
123.179 27.6636 572
121.99 27.6152 571
121.017 27.6152 571
119.833 27.5668 570
118.027 27.3734 566
116.856 27.325 565
115.893 27.325 565
114.726 27.2767 564
113.361 27.1799 562
111.403 26.9381 557
109.66 26.7447 553
108.717 26.7447 553
106.995 26.5512 549
105.48 26.4061 546
104.166 26.3094 544
103.049 26.2611 543
102.123 26.2611 543
101.197 26.2611 543
100.087 26.2127 542
99.1631 26.2127 542
98.2391 26.2127 542
97.3152 26.2127 542
96.3912 26.2127 542
95.4672 26.2127 542
94.5432 26.2127 542
93.6193 26.2127 542
92.5243 26.1643 541
91.602 26.1643 541
90.8473 26.2127 542
89.9234 26.2127 542
89.1636 26.2611 543
88.2379 26.2611 543
87.473 26.3094 544
86.5457 26.3094 544
85.6183 26.3094 544
84.6909 26.3094 544
83.7635 26.3094 544
82.8361 26.3094 544
81.9087 26.3094 544
80.9814 26.3094 544
80.054 26.3094 544
78.9811 26.2611 543
78.0555 26.2611 543
131.667 26.8277 575
130.687 26.8277 575
129.706 26.8277 575
128.726 26.8277 575
127.524 26.781 574
126.545 26.781 574
125.567 26.781 574
124.371 26.7343 573
123.179 26.6877 572
121.99 26.641 571
121.017 26.641 571
119.833 26.5944 570
118.027 26.4077 566
116.856 26.3611 565
115.893 26.3611 565
114.726 26.3144 564
113.361 26.2211 562
111.403 25.9878 557
109.66 25.8012 553
108.717 25.8012 553
106.995 25.6146 549
105.48 25.4746 546
104.166 25.3813 544
103.049 25.3346 543
102.123 25.3346 543
101.197 25.3346 543
100.087 25.288 542
99.1631 25.288 542
98.2391 25.288 542
96.9561 25.1947 540
96.0355 25.1947 540
95.1149 25.1947 540
94.1944 25.1947 540
93.2738 25.1947 540
92.3532 25.1947 540
91.4327 25.1947 540
90.6797 25.2413 541
89.7575 25.2413 541
88.9994 25.288 542
88.2379 25.3346 543
87.3122 25.3346 543
86.3866 25.3346 543
85.4609 25.3346 543
84.5352 25.3346 543
83.6095 25.3346 543
82.6839 25.3346 543
81.7582 25.3346 543
80.8325 25.3346 543
79.9068 25.3346 543
78.9811 25.3346 543
78.0555 25.3346 543
131.667 25.8466 575
130.687 25.8466 575
129.706 25.8466 575
128.502 25.8017 574
127.524 25.8017 574
126.104 25.7118 572
125.129 25.7118 572
124.154 25.7118 572
122.964 25.6668 571
121.777 25.6219 570
120.805 25.6219 570
119.203 25.487 567
118.027 25.4421 566
116.649 25.3522 564
115.687 25.3522 564
114.319 25.2623 562
112.554 25.0825 558
110.603 24.8577 553
109.065 24.7229 550
108.128 24.7229 550
106.41 24.5431 546
104.9 24.4082 543
103.783 24.3633 542
102.669 24.3183 541
101.747 24.3183 541
100.825 24.3183 541
99.9024 24.3183 541
98.9801 24.3183 541
98.0579 24.3183 541
96.9561 24.2734 540
96.0355 24.2734 540
95.1149 24.2734 540
94.1944 24.2734 540
93.2738 24.2734 540
92.3532 24.2734 540
91.4327 24.2734 540
90.6797 24.3183 541
89.7575 24.3183 541
88.9994 24.3633 542
88.2379 24.4082 543
87.3122 24.4082 543
86.3866 24.4082 543
85.4609 24.4082 543
84.5352 24.4082 543
83.6095 24.4082 543
82.6839 24.4082 543
81.7582 24.4082 543
80.8325 24.4082 543
79.9068 24.4082 543
78.9811 24.4082 543
78.0555 24.4082 543
130.005 24.7359 572
129.03 24.7359 572
128.055 24.7359 572
127.08 24.7359 572
125.884 24.6927 571
124.911 24.6927 571
123.286 24.5629 568
122.318 24.5629 568
121.136 24.5197 567
120.169 24.5197 567
118.992 24.4764 566
117.61 24.3899 564
116.235 24.3035 562
115.277 24.3035 562
113.709 24.1737 559
111.546 23.9143 553
110.003 23.7845 550
108.272 23.6115 546
106.751 23.4818 543
105.826 23.4818 543
104.707 23.4386 542
103.591 23.3953 541
102.669 23.3953 541
101.747 23.3953 541
100.638 23.3521 540
99.7178 23.3521 540
98.7972 23.3521 540
97.8766 23.3521 540
96.9561 23.3521 540
96.0355 23.3521 540
95.1149 23.3521 540
94.1944 23.3521 540
93.2738 23.3521 540
92.3532 23.3521 540
91.4327 23.3521 540
90.5121 23.3521 540
89.5916 23.3521 540
88.9994 23.4386 542
88.0754 23.4386 542
87.3122 23.4818 543
86.3866 23.4818 543
85.4609 23.4818 543
84.5352 23.4818 543
83.6095 23.4818 543
82.6839 23.4818 543
81.7582 23.4818 543
80.8325 23.4818 543
79.9068 23.4818 543
78.9811 23.4818 543
78.0555 23.4818 543
129.778 23.7185 571
128.804 23.7185 571
127.831 23.7185 571
126.857 23.7185 571
125.223 23.5939 568
124.254 23.5939 568
123.069 23.5523 567
122.102 23.5523 567
120.922 23.5108 566
119.957 23.5108 566
118.782 23.4692 565
117.402 23.3862 563
116.235 23.3446 562
115.277 23.3446 562
113.302 23.1369 557
111.546 22.9708 553
110.003 22.8462 550
108.272 22.68 546
106.751 22.5554 543
105.826 22.5554 543
104.514 22.4723 541
103.591 22.4723 541
102.479 22.4308 540
101.559 22.4308 540
100.638 22.4308 540
99.5331 22.3892 539
98.6142 22.3892 539
97.6954 22.3892 539
96.7765 22.3892 539
95.8577 22.3892 539
94.9388 22.3892 539
94.0199 22.3892 539
93.1011 22.3892 539
92.1822 22.3892 539
91.2634 22.3892 539
90.3445 22.3892 539
89.4256 22.3892 539
88.8352 22.4723 541
88.0754 22.5139 542
87.3122 22.5554 543
86.3866 22.5554 543
85.4609 22.5554 543
84.5352 22.5554 543
83.6095 22.5554 543
82.6839 22.5554 543
81.7582 22.5554 543
80.8325 22.5554 543
79.9068 22.5554 543
78.9811 22.5554 543
129.778 22.7443 571
128.804 22.7443 571
127.831 22.7443 571
126.857 22.7443 571
125.223 22.6248 568
124.254 22.6248 568
123.069 22.585 567
122.102 22.585 567
120.922 22.5451 566
119.957 22.5451 566
118.782 22.5053 565
117.402 22.4256 563
116.235 22.3858 562
115.277 22.3858 562
113.302 22.1866 557
111.546 22.0273 553
110.003 21.9078 550
108.272 21.7485 546
106.751 21.629 543
105.826 21.629 543
104.514 21.5493 541
103.591 21.5493 541
102.479 21.5095 540
101.559 21.5095 540
100.638 21.5095 540
99.5331 21.4697 539
98.6142 21.4697 539
97.6954 21.4697 539
96.597 21.4298 538
95.6798 21.4298 538
94.9388 21.4697 539
94.0199 21.4697 539
93.1011 21.4697 539
92.1822 21.4697 539
91.2634 21.4697 539
90.3445 21.4697 539
89.2597 21.4298 538
88.671 21.5095 540
87.9129 21.5493 541
87.1515 21.5891 542
86.2275 21.5891 542
85.3035 21.5891 542
128.127 21.6557 568
127.159 21.6557 568
126.191 21.6557 568
125.002 21.6176 567
124.035 21.6176 567
123.069 21.6176 567
121.887 21.5795 566
120.708 21.5413 565
119.745 21.5413 565
118.362 21.4651 563
117.402 21.4651 563
115.822 21.3507 560
114.046 21.1982 556
113.099 21.1982 556
111.546 21.0838 553
109.803 20.9313 549
108.074 20.7788 545
106.555 20.6644 542
105.631 20.6644 542
104.514 20.6263 541
103.4 20.5882 540
102.29 20.5501 539
101.371 20.5501 539
100.452 20.5501 539
99.3484 20.5119 538
98.4313 20.5119 538
97.5141 20.5119 538
96.597 20.5119 538
95.6798 20.5119 538
94.9388 20.5501 539
94.0199 20.5501 539
93.1011 20.5501 539
92.1822 20.5501 539
91.2634 20.5501 539
90.3445 20.5501 539
89.2597 20.5119 538
88.671 20.5882 540
87.9129 20.6263 541
87.1515 20.6644 542
86.2275 20.6644 542
85.3035 20.6644 542
125.524 20.5774 565
124.561 20.5774 565
123.598 20.5774 565
122.635 20.5774 565
121.456 20.541 564
120.281 20.5046 563
119.321 20.5046 563
118.362 20.5046 563
116.776 20.3953 560
114.994 20.2496 556
113.431 20.1404 553
112.488 20.1404 553
110.94 20.0311 550
109.203 19.8854 546
107.677 19.7762 543
106.358 19.7033 541
105.436 19.7033 541
104.514 19.7033 541
103.209 19.6305 539
102.1 19.5941 538
101.183 19.5941 538
100.266 19.5941 538
99.1638 19.5576 537
98.2483 19.5576 537
97.3329 19.5576 537
96.4174 19.5576 537
95.6798 19.5941 538
94.7626 19.5941 538
93.8455 19.5941 538
92.9283 19.5941 538
92.0112 19.5941 538
91.094 19.5941 538
90.1769 19.5941 538
89.0938 19.5576 537
88.3426 19.5941 538
87.7504 19.6669 540
86.8299 19.6669 540
85.9093 19.6669 540
136.113 19.7523 569
135.143 19.7523 569
134.173 19.7523 569
125.302 19.5787 564
124.341 19.5787 564
123.379 19.5787 564
122.418 19.5787 564
121.241 19.544 563
119.854 19.4746 561
118.897 19.4746 561
117.731 19.4399 560
115.942 19.301 556
114.374 19.1969 553
112.816 19.0927 550
111.878 19.0927 550
110.335 18.9886 547
108.603 18.8497 543
107.281 18.7803 541
106.358 18.7803 541
105.436 18.7803 541
104.127 18.7109 539
103.017 18.6762 538
101.91 18.6415 537
100.995 18.6415 537
100.079 18.6415 537
98.9791 18.6067 536
97.8824 18.572 535
96.9704 18.572 535
96.0583 18.572 535
95.3241 18.6067 536
94.5865 18.6415 537
93.6711 18.6415 537
92.7556 18.6415 537
91.8402 18.6415 537
90.9247 18.6415 537
90.0093 18.6415 537
89.0938 18.6415 537
88.1784 18.6415 537
87.2629 18.6415 537
86.3475 18.6415 537
85.432 18.6415 537
136.113 18.7815 569
135.143 18.7815 569
134.173 18.7815 569
125.302 18.6165 564
124.341 18.6165 564
123.379 18.6165 564
122.418 18.6165 564
121.241 18.5835 563
119.854 18.5175 561
118.897 18.5175 561
117.731 18.4845 560
115.942 18.3524 556
114.374 18.2534 553
112.816 18.1544 550
111.878 18.1544 550
110.335 18.0554 547
108.603 17.9233 543
107.281 17.8573 541
106.358 17.8573 541
105.436 17.8573 541
104.127 17.7913 539
103.017 17.7583 538
101.91 17.7253 537
100.995 17.7253 537
100.079 17.7253 537
98.9791 17.6923 536
97.8824 17.6593 535
96.9704 17.6593 535
96.0583 17.6593 535
94.9684 17.6263 534
94.4104 17.6923 536
93.6711 17.7253 537
92.7556 17.7253 537
91.8402 17.7253 537
90.9247 17.7253 537
90.0093 17.7253 537
88.9279 17.6923 536
88.0142 17.6923 536
87.1004 17.6923 536
86.1867 17.6923 536
140.731 17.9047 572
139.756 17.9047 572
138.781 17.9047 572
137.806 17.9047 572
136.831 17.9047 572
135.381 17.8421 570
134.173 17.8108 569
132.969 17.7795 568
132.001 17.7795 568
125.08 17.6229 563
124.12 17.6229 563
123.16 17.6229 563
122.201 17.6229 563
121.026 17.5916 562
119.854 17.5603 561
118.897 17.5603 561
117.521 17.4977 559
115.942 17.4038 556
114.374 17.3099 553
112.2 17.1221 547
111.268 17.1221 547
109.529 16.9969 543
108.203 16.9343 541
107.281 16.9343 541
105.965 16.8717 539
105.046 16.8717 539
103.934 16.8404 538
102.826 16.8091 537
101.72 16.7778 536
100.807 16.7778 536
99.8928 16.7778 536
98.7944 16.7465 535
97.6994 16.7152 534
96.7891 16.7152 534
95.8788 16.7152 534
94.9684 16.7152 534
94.4104 16.7778 536
93.6711 16.8091 537
92.7556 16.8091 537
91.8402 16.8091 537
90.9247 16.8091 537
90.0093 16.8091 537
88.9279 16.7778 536
88.0142 16.7778 536
87.1004 16.7778 536
86.1867 16.7778 536
140.731 16.9288 572
139.756 16.9288 572
138.781 16.9288 572
137.806 16.9288 572
136.831 16.9288 572
135.381 16.8696 570
133.937 16.8104 568
132.969 16.8104 568
132.001 16.8104 568
130.34 16.7216 565
126.774 16.6328 562
125.816 16.6328 562
125.08 16.6624 563
124.12 16.6624 563
123.16 16.6624 563
122.201 16.6624 563
120.81 16.6032 561
115.629 16.2777 550
114.691 16.2777 550
113.753 16.2777 550
111.38 16.0705 543
110.047 16.0113 541
109.125 16.0113 541
108.003 15.9817 540
106.686 15.9225 538
105.769 15.9225 538
104.851 15.9225 538
103.548 15.8633 536
102.251 15.8041 534
101.341 15.8041 534
100.43 15.8041 534
99.1474 15.7449 532
98.2404 15.7449 532
97.3335 15.7449 532
96.4266 15.7449 532
95.5197 15.7449 532
94.6127 15.7449 532
94.2342 15.8337 535
93.3222 15.8337 535
92.4102 15.8337 535
91.4981 15.8337 535
90.5861 15.8337 535
89.674 15.8337 535
88.762 15.8337 535
87.6858 15.8041 534
140.731 15.9529 572
139.756 15.9529 572
138.781 15.9529 572
137.806 15.9529 572
136.831 15.9529 572
135.381 15.8971 570
133.937 15.8413 568
132.969 15.8413 568
132.001 15.8413 568
130.34 15.7577 565
129.148 15.7298 564
127.959 15.7019 563
127 15.7019 563
125.816 15.674 562
124.858 15.674 562
123.9 15.674 562
122.942 15.674 562
121.767 15.6461 561
112.814 15.0883 541
111.892 15.0883 541
110.97 15.0883 541
109.844 15.0604 540
108.923 15.0604 540
107.403 14.9767 537
106.091 14.921 535
105.179 14.921 535
104.267 14.921 535
103.161 14.8931 534
102.06 14.8652 533
100.961 14.8373 532
100.054 14.8373 532
99.1474 14.8373 532
97.8711 14.7815 530
96.9676 14.7815 530
96.2454 14.8094 531
95.3401 14.8094 531
94.4349 14.8094 531
93.882 14.8652 533
93.3222 14.921 535
92.4102 14.921 535
91.4981 14.921 535
90.5861 14.921 535
89.674 14.921 535
88.5961 14.8931 534
87.5216 14.8652 533
140.731 14.977 572
139.756 14.977 572
138.781 14.977 572
137.806 14.977 572
136.831 14.977 572
134.906 14.8723 568
133.701 14.8461 567
132.501 14.8199 566
131.536 14.8199 566
130.34 14.7937 565
129.148 14.7675 564
127.959 14.7413 563
127 14.7413 563
125.816 14.7152 562
124.858 14.7152 562
123.9 14.7152 562
122.942 14.7152 562
121.767 14.689 561
112.814 14.1653 541
111.892 14.1653 541
110.97 14.1653 541
109.844 14.1391 540
108.923 14.1391 540
107.403 14.0606 537
106.091 14.0082 535
105.179 14.0082 535
104.267 14.0082 535
103.161 13.982 534
102.06 13.9558 533
100.961 13.9296 532
100.054 13.9296 532
99.1474 13.9296 532
97.8711 13.8773 530
96.9676 13.8773 530
96.0641 13.8773 530
95.1606 13.8773 530
94.2571 13.8773 530
93.3535 13.8773 530
92.7989 13.9296 532
91.892 13.9296 532
91.1561 13.9558 533
90.2474 13.9558 533
89.3388 13.9558 533
88.4302 13.9558 533
140.239 13.9521 570
139.267 13.9521 570
138.296 13.9521 570
136.842 13.9032 568
135.874 13.9032 568
134.668 13.8787 567
133.466 13.8542 566
132.267 13.8298 565
131.303 13.8298 565
130.11 13.8053 564
129.148 13.8053 564
127.959 13.7808 563
127 13.7808 563
125.816 13.7563 562
124.858 13.7563 562
123.679 13.7318 561
122.723 13.7318 561
121.55 13.7074 560
112.189 13.1689 538
111.271 13.1689 538
110.354 13.1689 538
109.234 13.1444 537
108.318 13.1444 537
107.203 13.1199 536
106.091 13.0954 535
104.982 13.071 534
104.072 13.071 534
102.968 13.0465 533
101.868 13.022 532
100.771 12.9975 531
99.8662 12.9975 531
98.7746 12.973 530
97.8711 12.973 530
96.9676 12.973 530
96.0641 12.973 530
95.1606 12.973 530
94.2571 12.973 530
93.3535 12.973 530
92.7989 13.022 532
91.892 13.022 532
91.1561 13.0465 533
90.2474 13.0465 533
89.3388 13.0465 533
88.4302 13.0465 533
132.994 12.843 564
132.033 12.843 564
131.071 12.843 564
130.11 12.843 564
129.148 12.843 564
127.959 12.8203 563
127 12.8203 563
125.816 12.7975 562
124.858 12.7975 562
123.679 12.7747 561
122.723 12.7747 561
121.55 12.752 560
113.736 12.3193 541
112.814 12.3193 541
111.892 12.3193 541
110.765 12.2965 540
109.437 12.251 538
108.52 12.251 538
107.203 12.2054 536
106.091 12.1827 535
104.982 12.1599 534
104.072 12.1599 534
102.968 12.1371 533
101.868 12.1144 532
100.771 12.0916 531
99.8662 12.0916 531
98.7746 12.0688 530
97.6865 12.046 529
96.7847 12.046 529
95.8828 12.046 529
94.981 12.046 529
93.9014 12.0233 528
93.1774 12.046 529
92.45 12.0688 530
91.5465 12.0688 530
90.814 12.0916 531
89.9088 12.0916 531
89.0036 12.0916 531
132.994 11.8808 564
132.033 11.8808 564
131.071 11.8808 564
130.11 11.8808 564
129.148 11.8808 564
127.959 11.8597 563
127 11.8597 563
125.816 11.8387 562
124.636 11.8176 561
123.459 11.7965 560
122.504 11.7965 560
113.736 11.3963 541
112.814 11.3963 541
111.892 11.3963 541
110.765 11.3752 540
109.437 11.3331 538
108.52 11.3331 538
107.403 11.312 537
106.091 11.2699 535
104.982 11.2488 534
104.072 11.2488 534
102.968 11.2278 533
101.677 11.1856 531
100.771 11.1856 531
99.8662 11.1856 531
98.5883 11.1435 529
97.6865 11.1435 529
96.6017 11.1224 528
95.7016 11.1224 528
94.8015 11.1224 528
93.9014 11.1224 528
93.1774 11.1435 529
92.45 11.1646 530
91.5465 11.1646 530
90.643 11.1646 530
130.839 10.8992 563
129.879 10.8992 563
128.919 10.8992 563
127.959 10.8992 563
127 10.8992 563
125.592 10.8605 561
124.636 10.8605 561
123.459 10.8411 560
122.504 10.8411 560
113.736 10.4733 541
112.814 10.4733 541
111.892 10.4733 541
110.765 10.4539 540
109.437 10.4152 538
108.52 10.4152 538
107.403 10.3959 537
106.091 10.3571 535
104.982 10.3378 534
104.072 10.3378 534
102.968 10.3184 533
101.677 10.2797 531
100.771 10.2797 531
99.8662 10.2797 531
98.5883 10.241 529
97.6865 10.241 529
96.6017 10.2216 528
95.7016 10.2216 528
94.8015 10.2216 528
93.9014 10.2216 528
93.1774 10.241 529
92.2756 10.241 529
91.3738 10.241 529
113.736 9.55029 541
112.814 9.55029 541
111.892 9.55029 541
110.765 9.53264 540
109.437 9.49733 538
108.52 9.49733 538
107.403 9.47968 537
106.091 9.44437 535
104.982 9.42672 534
104.072 9.42672 534
102.968 9.40906 533
101.677 9.37376 531
100.582 9.3561 530
99.6782 9.3561 530
98.5883 9.33845 529
95.7016 9.3208 528
94.8015 9.3208 528
93.9014 9.3208 528
93.1774 9.33845 529
92.2756 9.33845 529
91.3738 9.33845 529
112.606 8.61134 540
111.685 8.61134 540
110.765 8.61134 540
109.437 8.57945 538
108.52 8.57945 538
107.403 8.5635 537
106.091 8.5316 535
104.982 8.51566 534
104.072 8.51566 534
102.968 8.49971 533
101.677 8.46782 531
100.582 8.45187 530
99.6782 8.45187 530
98.4019 8.41998 528
95.5203 8.40403 527
94.6219 8.40403 527
93.7235 8.40403 527
92.8251 8.40403 527
91.9267 8.40403 527
104.196 7.54764 530
103.292 7.54764 530
102.389 7.54764 530
101.485 7.54764 530
100.582 7.54764 530
99.6782 7.54764 530
98.2155 7.50491 527
104.196 6.6434 530
103.292 6.6434 530
102.389 6.6434 530
101.485 6.6434 530
100.582 6.6434 530
99.6782 6.6434 530
98.2155 6.6058 527
103.292 5.73917 530
102.389 5.73917 530
101.485 5.73917 530
100.582 5.73917 530
99.6782 5.73917 530
98.2155 5.70668 527
103.292 4.83493 530
102.389 4.83493 530
101.485 4.83493 530
99.8226 4.79844 526
98.9259 4.79844 526
97.4701 4.77107 523
102.123 3.8862 524
101.23 3.8862 524
100.336 3.8862 524
99.2532 3.87878 523
97.6094 3.84912 519
96.7246 3.84912 519
102.123 2.9922 524
101.23 2.9922 524
100.336 2.9922 524
99.2532 2.98649 523
97.6094 2.96365 519
96.7246 2.96365 519
100.954 2.07418 518
100.264 2.07818 519
99.3789 2.07818 519
98.4941 2.07818 519
97.6094 2.07818 519
96.7246 2.07818 519
100.264 1.19271 519
99.3789 1.19271 519
98.4941 1.19271 519
97.6094 1.19271 519
96.7246 1.19271 519
