1803.24 1623.91 4079
1796.29 1623.91 4079
1789.33 1623.91 4079
1782.38 1623.91 4079
1733.21 1585.29 3982
1718.18 1577.73 3963
1711.43 1577.73 3963
1704.67 1577.73 3963
1701.77 1581.31 3972
1695 1581.31 3972
1688.23 1581.31 3972
1677.65 1577.73 3963
1666.67 1573.75 3953
1644.4 1559.02 3916
1637.72 1559.02 3916
1597.31 1526.77 3835
1572.93 1509.65 3792
1562.75 1506.07 3783
1556.3 1506.07 3783
1535.92 1492.53 3749
1529.53 1492.53 3749
1530.05 1499.3 3766
1534.15 1509.65 3792
1527.68 1509.65 3792
1542.08 1530.35 3844
1535.53 1530.35 3844
1536.13 1537.52 3862
1529.55 1537.52 3862
1522.97 1537.52 3862
1519.92 1541.1 3871
1520.35 1548.27 3889
1513.72 1548.27 3889
1524.92 1566.58 3935
1525.16 1573.75 3953
1525.72 1581.31 3972
1518.95 1581.31 3972
1515.98 1585.29 3982
1512.6 1588.87 3991
1505.8 1588.87 3991
1499 1588.87 3991
1492.19 1588.87 3991
1482.04 1585.29 3982
1475.25 1585.29 3982
1457.77 1573.75 3953
1447.73 1570.16 3944
1437.71 1566.58 3935
1431.01 1566.58 3935
1414.16 1555.43 3907
1397.78 1544.68 3880
1375.03 1526.77 3835
1368.49 1526.77 3835
1352.72 1516.42 3809
1346.22 1516.42 3809
1327.42 1502.48 3774
1320.99 1502.48 3774
1308.63 1495.71 3757
1296.33 1488.95 3740
1278.58 1475.81 3707
1272.26 1475.81 3707
1265.94 1475.81 3707
1259.62 1475.81 3707
1261.75 1485.76 3732
1258.08 1488.95 3740
1251.7 1488.95 3740
1245.33 1488.95 3740
1238.95 1488.95 3740
1232.58 1488.95 3740
1226.2 1488.95 3740
1222.76 1492.53 3749
1216.37 1492.53 3749
1209.98 1492.53 3749
1203.59 1492.53 3749
1197.2 1492.53 3749
1185.41 1485.76 3732
1184.41 1492.53 3749
1178.02 1492.53 3749
1171.63 1492.53 3749
1165.24 1492.53 3749
1158.85 1492.53 3749
1149.69 1488.95 3740
1143.32 1488.95 3740
1134.51 1485.76 3732
1128.15 1485.76 3732
1119.38 1482.58 3724
1110.64 1479.39 3716
1104.31 1479.39 3716
1097.97 1479.39 3716
1084.29 1469.44 3691
1078 1469.44 3691
1069.38 1466.25 3683
1063.11 1466.25 3683
1054.53 1463.07 3675
1050.55 1466.25 3683
1044.27 1466.25 3683
1040.25 1469.44 3691
1033.95 1469.44 3691
1027.66 1469.44 3691
1016.94 1463.07 3675
1010.68 1463.07 3675
1004.41 1463.07 3675
995.974 1459.88 3667
987.294 1456.3 3658
981.058 1456.3 3658
970.558 1449.93 3642
964.349 1449.93 3642
960.245 1453.12 3650
958.466 1459.88 3667
952.215 1459.88 3667
948.027 1463.07 3675
941.763 1463.07 3675
935.498 1463.07 3675
929.233 1463.07 3675
922.968 1463.07 3675
916.703 1463.07 3675
908.456 1459.88 3667
902.205 1459.88 3667
895.953 1459.88 3667
887.518 1456.3 3658
881.282 1456.3 3658
875.046 1456.3 3658
868.81 1456.3 3658
862.574 1456.3 3658
854.466 1453.12 3650
850.103 1456.3 3658
843.867 1456.3 3658
837.631 1456.3 3658
831.395 1456.3 3658
825.159 1456.3 3658
817.132 1453.12 3650
805.8 1443.96 3627
799.616 1443.96 3627
793.433 1443.96 3627
782.041 1434.41 3603
775.899 1434.41 3603
768.047 1431.22 3595
761.919 1431.22 3595
754.319 1428.43 3588
746.534 1425.25 3580
738.776 1422.06 3572
732.687 1422.06 3572
723.546 1416.09 3557
717.482 1416.09 3557
711.419 1416.09 3557
708.329 1422.06 3572
702.24 1422.06 3572
696.151 1422.06 3572
690.061 1422.06 3572
683.972 1422.06 3572
675.036 1416.09 3557
667.468 1412.91 3549
661.417 1412.91 3549
658.322 1419.28 3565
652.244 1419.28 3565
648.886 1425.25 3580
642.783 1425.25 3580
638.103 1428.43 3588
631.986 1428.43 3588
625.869 1428.43 3588
618.371 1425.25 3580
612.268 1425.25 3580
604.81 1422.06 3572
598.721 1422.06 3572
592.632 1422.06 3572
586.542 1422.06 3572
579.315 1419.28 3565
570.665 1412.91 3549
562.229 1406.94 3534
556.204 1406.94 3534
550.18 1406.94 3534
544.155 1406.94 3534
538.13 1406.94 3534
532.106 1406.94 3534
526.081 1406.94 3534
520.057 1406.94 3534
514.032 1406.94 3534
508.007 1406.94 3534
499.994 1401.36 3520
491.888 1395.39 3505
483.834 1389.42 3490
477.884 1389.42 3490
470.041 1383.84 3476
464.116 1383.84 3476
460.958 1392.21 3497
454.997 1392.21 3497
449.035 1392.21 3497
442.187 1389.42 3490
436.237 1389.42 3490
434.849 1404.15 3527
428.837 1404.15 3527
422.824 1404.15 3527
412.439 1389.42 3490
406.489 1389.42 3490
400.54 1389.42 3490
392.103 1380.66 3468
-12.4812 174.772 439
-13.2296 174.772 439
-13.978 174.772 439
-14.7263 174.772 439
-15.4395 174.374 438
-16.1862 174.374 438
-16.8942 173.976 437
-17.5988 173.578 436
-18.3421 173.578 436
-19.0853 173.578 436
-19.8286 173.578 436
-20.4775 172.782 434
-21.1685 172.383 433
-21.9066 172.383 433
-22.6448 172.383 433
-23.3289 171.985 432
-23.954 171.189 430
-24.5148 169.995 427
-25.2427 169.995 427
-25.9098 169.597 426
-26.511 168.8 424
-27.1696 168.402 423
-27.7588 167.606 421
-28.4765 167.606 421
-29.0555 166.81 419
-29.7698 166.81 419
-30.4113 166.412 418
-31.1239 166.412 418
-31.7603 166.014 417
-32.3934 165.615 416
-33.023 165.217 415
-33.6492 164.819 414
-34.3549 164.819 414
-34.976 164.421 413
-35.6801 164.421 413
-36.296 164.023 412
-36.9984 164.023 412
-37.7007 164.023 412
-38.3099 163.625 411
-38.8207 162.829 409
-39.5179 162.829 409
-40.1169 162.431 408
-40.7124 162.032 407
-41.4062 162.032 407
-41.9966 161.634 406
-42.6887 161.634 406
-43.3808 161.634 406
-43.9644 161.236 405
-44.6548 161.236 405
-45.3453 161.236 405
-45.922 160.838 404
-46.38 160.042 402
-47.0653 160.042 402
-47.7506 160.042 402
-48.4359 160.042 402
-48.999 159.644 401
-49.6826 159.644 401
-50.3662 159.644 401
-51.0498 159.644 401
-51.6044 159.246 400
-52.1556 158.848 399
-52.8358 158.848 399
-53.516 158.848 399
-54.1962 158.848 399
-61.9328 156.061 392
-62.601 156.061 392
-63.4307 156.459 393
-64.1007 156.459 393
-64.7706 156.459 393
-65.4406 156.459 393
-66.1106 156.459 393
-66.6106 156.061 392
-67.1072 155.663 391
-67.9471 156.061 392
-68.6154 156.061 392
-69.2837 156.061 392
-69.9519 156.061 392
-70.6202 156.061 392
-71.2884 156.061 392
-71.9567 156.061 392
-72.625 156.061 392
-73.4802 156.459 393
-74.1502 156.459 393
-74.8201 156.459 393
-75.4901 156.459 393
-75.9663 156.061 392
-76.83 156.459 393
-77.5 156.459 393
-78.3689 156.857 394
-79.4417 157.653 396
-80.1168 157.653 396
-80.7919 157.653 396
-81.6727 158.051 397
-82.5569 158.449 398
-83.2354 158.449 398
-83.9139 158.449 398
-84.8049 158.848 399
-85.4851 158.848 399
-86.1653 158.848 399
-86.8455 158.848 399
-87.5257 158.848 399
-88.427 159.246 400
-89.1089 159.246 400
-89.7908 159.246 400
-90.4727 159.246 400
-91.1546 159.246 400
-91.8365 159.246 400
-92.5184 159.246 400
-93.2003 159.246 400
-93.8822 159.246 400
-94.3277 158.848 399
-105.068 169.597 426
-105.794 169.597 426
-106.521 169.597 426
-107.247 169.597 426
-107.973 169.597 426
-108.954 169.995 427
-109.939 170.393 428
-110.669 170.393 428
-111.398 170.393 428
-112.39 170.791 429
-113.121 170.791 429
-113.853 170.791 429
-114.851 171.189 430
-115.853 171.587 431
-116.588 171.587 431
-117.595 171.985 432
-118.605 172.383 433
-119.343 172.383 433
-120.081 172.383 433
-120.82 172.383 433
-121.838 172.782 434
-122.861 173.18 435
-123.602 173.18 435
-124.916 173.976 437
-125.948 174.374 438
-126.695 174.374 438
-127.732 174.772 439
-128.773 175.17 440
-129.524 175.17 440
-130.274 175.17 440
-131.321 175.568 441
-132.073 175.568 441
-132.825 175.568 441
-133.577 175.568 441
-870.566 933.976 2346
-874.565 933.976 2346
-878.565 933.976 2346
-885.197 936.763 2353
-889.209 936.763 2353
-893.22 936.763 2353
-896.087 935.568 2350
-900.094 935.568 2350
-904.1 935.568 2350
-901.536 928.8 2333
-901.632 924.819 2323
-902.084 921.236 2314
-906.029 921.236 2314
-906.041 917.255 2304
-907.599 914.866 2298
-903.98 907.302 2279
-907.865 907.302 2279
-909.35 904.913 2273
-913.225 904.913 2273
-918.31 906.108 2276
-922.19 906.108 2276
-926.07 906.108 2276
-928.724 904.913 2273
-931.368 903.719 2270
-935.238 903.719 2270
-935.385 900.136 2261
-937.578 898.544 2257
-941.425 898.544 2257
-945.273 898.544 2257
-947.859 897.349 2254
-950.435 896.155 2251
-947.913 890.183 2236
-951.725 890.183 2236
-951.69 886.6 2227
-952.913 884.211 2221
-951.961 879.832 2210
-955.728 879.832 2210
-955.588 876.249 2201
-955.418 872.666 2192
-957.842 871.472 2189
-961.573 871.472 2189
-963.1 869.481 2184
-966.823 869.481 2184
-967.88 867.093 2178
-971.593 867.093 2178
-972.619 864.704 2172
-974.074 862.713 2167
-973.708 859.13 2158
-977.387 859.13 2158
-979.702 857.936 2155
-982.463 857.14 2153
-982.011 853.557 2144
-985.666 853.557 2144
-988.398 852.76 2142
-990.66 851.566 2139
-992.912 850.372 2136
-996.553 850.372 2136
-998.79 849.177 2133
-1001.49 848.381 2131
-1002.29 845.993 2125
-1005.91 845.993 2125
-1009.53 845.993 2125
-1013.16 845.993 2125
-1016.78 845.993 2125
-1020.4 845.993 2125
-1022.58 844.798 2122
-1025.23 844.002 2120
-1027.39 842.808 2117
-1031 842.808 2117
-1033.14 841.613 2114
-1035.76 840.817 2112
-1037.89 839.623 2109
-1041.48 839.623 2109
-1043.59 838.428 2106
-1046.19 837.632 2104
-1049.77 837.632 2104
-1053.36 837.632 2104
-1056.95 837.632 2104
-1054.99 833.253 2093
-1057.54 832.457 2091
-1059.59 831.262 2088
-1063.15 831.262 2088
-1066.71 831.262 2088
-1068.73 830.068 2085
-1067.14 826.087 2075
1803.24 1616.95 4079
1800.69 1620.91 4089
1793.72 1620.91 4089
1786.75 1620.91 4089
1733.21 1578.5 3982
1726.42 1578.5 3982
1719.63 1578.5 3982
1712.84 1578.5 3982
1706.05 1578.5 3982
1699.27 1578.5 3982
1692.48 1578.5 3982
1677.65 1570.97 3963
1670.89 1570.97 3963
1648.18 1555.9 3925
1641.49 1555.9 3925
1597.31 1520.22 3835
1572.93 1503.18 3792
1562.75 1499.61 3783
1556.3 1499.61 3783
1535.92 1486.13 3749
1529.53 1486.13 3749
1530.05 1492.87 3766
1537.38 1506.35 3800
1530.91 1506.35 3800
1542.08 1523.79 3844
1535.53 1523.79 3844
1546.87 1541.63 3889
1540.24 1541.63 3889
1533.61 1541.63 3889
1545.05 1559.87 3935
1538.34 1559.87 3935
1531.63 1559.87 3935
1539.26 1574.53 3972
1543.68 1586.03 4001
1540.31 1589.6 4010
1533.48 1589.6 4010
1534.26 1597.52 4030
1530.8 1601.09 4039
1523.91 1601.09 4039
1517.03 1601.09 4039
1506.77 1597.52 4030
1496.18 1593.56 4020
1489.33 1593.56 4020
1478.79 1589.6 4010
1468.65 1586.03 4001
1454.89 1578.5 3982
1448.1 1578.5 3982
1434.43 1570.97 3963
1424.07 1567 3953
1410.88 1559.87 3935
1404.17 1559.87 3935
1377.93 1538.06 3880
1361.78 1527.36 3853
1355.21 1527.36 3853
1348.64 1527.36 3853
1335.8 1520.22 3835
1311.24 1499.61 3783
1304.79 1499.61 3783
1298.34 1499.61 3783
1291.89 1499.61 3783
1285.44 1499.61 3783
1275.95 1496.04 3774
1278.26 1506.35 3800
1271.79 1506.35 3800
1265.31 1506.35 3800
1258.83 1506.35 3800
1252.35 1506.35 3800
1243.25 1503.18 3792
1236.79 1503.18 3792
1232.92 1506.35 3800
1226.44 1506.35 3800
1219.96 1506.35 3800
1208.05 1499.61 3783
1196.21 1492.87 3766
1189.79 1492.87 3766
1183.36 1492.87 3766
1171.63 1486.13 3749
1165.24 1486.13 3749
1158.85 1486.13 3749
1149.69 1482.57 3740
1143.32 1482.57 3740
1134.51 1479.39 3732
1128.15 1479.39 3732
1119.38 1476.22 3724
1110.64 1473.05 3716
1104.31 1473.05 3716
1097.97 1473.05 3716
1084.29 1463.14 3691
1078 1463.14 3691
1069.38 1459.97 3683
1063.11 1459.97 3683
1054.53 1456.8 3675
1050.55 1459.97 3683
1044.27 1459.97 3683
1040.25 1463.14 3691
1033.95 1463.14 3691
1027.66 1463.14 3691
1016.94 1456.8 3675
1010.68 1456.8 3675
1004.41 1456.8 3675
998.147 1456.8 3675
991.882 1456.8 3675
985.617 1456.8 3675
974.822 1450.06 3658
970.969 1453.63 3667
966.822 1456.8 3675
960.557 1456.8 3675
954.292 1456.8 3675
952.155 1463.14 3691
945.863 1463.14 3691
939.57 1463.14 3691
933.278 1463.14 3691
926.986 1463.14 3691
920.694 1463.14 3691
914.402 1463.14 3691
906.141 1459.97 3683
899.862 1459.97 3683
893.584 1459.97 3683
887.305 1459.97 3683
879.113 1456.8 3675
872.848 1456.8 3675
866.583 1456.8 3675
860.318 1456.8 3675
852.194 1453.63 3667
849.634 1459.97 3683
843.355 1459.97 3683
837.077 1459.97 3683
830.798 1459.97 3683
822.729 1456.8 3675
812.687 1450.06 3658
799.616 1437.77 3627
793.433 1437.77 3627
787.25 1437.77 3627
781.067 1437.77 3627
774.884 1437.77 3627
768.701 1437.77 3627
759.154 1431.43 3611
751.33 1428.26 3603
742.085 1422.31 3588
735.969 1422.31 3588
729.852 1422.31 3588
723.735 1422.31 3588
717.619 1422.31 3588
716.063 1431.43 3611
709.907 1431.43 3611
703.751 1431.43 3611
696.05 1428.26 3603
689.908 1428.26 3603
679.401 1419.14 3580
673.298 1419.14 3580
667.195 1419.14 3580
662.569 1422.31 3588
656.452 1422.31 3588
653.055 1428.26 3603
648.349 1431.43 3611
642.193 1431.43 3611
636.037 1431.43 3611
629.881 1431.43 3611
623.725 1431.43 3611
617.57 1431.43 3611
610.059 1428.26 3603
603.917 1428.26 3603
597.775 1428.26 3603
591.633 1428.26 3603
580.453 1415.97 3572
573.238 1413.19 3565
565.888 1410.02 3557
559.824 1410.02 3557
551.425 1404.08 3542
545.387 1404.08 3542
540.414 1406.85 3549
534.364 1406.85 3549
528.314 1406.85 3549
522.264 1406.85 3549
514.032 1400.91 3534
508.007 1400.91 3534
499.994 1395.36 3520
491.888 1389.41 3505
483.834 1383.46 3490
477.884 1383.46 3490
470.041 1377.91 3476
464.116 1377.91 3476
460.958 1386.24 3497
454.997 1386.24 3497
449.035 1386.24 3497
442.187 1383.46 3490
436.237 1383.46 3490
434.849 1398.13 3527
428.837 1398.13 3527
422.824 1398.13 3527
412.439 1383.46 3490
406.489 1383.46 3490
400.54 1383.46 3490
392.103 1374.74 3468
-12.4812 174.023 439
-13.2296 174.023 439
-13.978 174.023 439
-14.7263 174.023 439
-15.4395 173.627 438
-16.1862 173.627 438
-16.8942 173.23 437
-17.5988 172.834 436
-18.3421 172.834 436
-19.0853 172.834 436
-19.8286 172.834 436
-20.4775 172.041 434
-21.1685 171.645 433
-21.9066 171.645 433
-22.6448 171.645 433
-23.3289 171.248 432
-23.954 170.455 430
-24.5148 169.266 427
-25.2427 169.266 427
-25.9098 168.87 426
-26.511 168.077 424
-27.1696 167.681 423
-27.7588 166.888 421
-28.4765 166.888 421
-29.0555 166.095 419
-29.7698 166.095 419
-30.4113 165.699 418
-31.1239 165.699 418
-31.7603 165.302 417
-32.3934 164.906 416
-33.023 164.509 415
-33.6492 164.113 414
-34.3549 164.113 414
-34.976 163.717 413
-35.6801 163.717 413
-36.296 163.32 412
-36.9984 163.32 412
-37.7007 163.32 412
-38.3099 162.924 411
-38.8207 162.131 409
-39.5179 162.131 409
-40.1169 161.734 408
-40.7124 161.338 407
-41.4062 161.338 407
-41.9966 160.942 406
-42.6887 160.942 406
-43.3808 160.942 406
-43.9644 160.545 405
-44.6548 160.545 405
-45.3453 160.545 405
-45.922 160.149 404
-46.38 159.356 402
-47.0653 159.356 402
-47.7506 159.356 402
-48.4359 159.356 402
-48.999 158.96 401
-49.6826 158.96 401
-50.3662 158.96 401
-51.0498 158.96 401
-51.7334 158.96 401
-52.2863 158.563 400
-52.9682 158.563 400
-53.516 158.167 399
-54.1962 158.167 399
-61.9328 155.392 392
-62.601 155.392 392
-63.4307 155.788 393
-64.1007 155.788 393
-64.7706 155.788 393
-65.4406 155.788 393
-66.1106 155.788 393
-66.6106 155.392 392
-67.1072 154.996 391
-67.9471 155.392 392
-68.6154 155.392 392
-69.2837 155.392 392
-69.9519 155.392 392
-70.6202 155.392 392
-71.2884 155.392 392
-71.9567 155.392 392
-72.8102 155.788 393
-73.4802 155.788 393
-74.1502 155.788 393
-74.8201 155.788 393
-75.4901 155.788 393
-75.9663 155.392 392
-76.83 155.788 393
-77.5 155.788 393
-78.3689 156.185 394
-79.4417 156.978 396
-80.1168 156.978 396
-80.7919 156.978 396
-81.6727 157.374 397
-82.5569 157.77 398
-83.2354 157.77 398
-83.9139 157.77 398
-84.8049 158.167 399
-85.4851 158.167 399
-86.1653 158.167 399
-86.8455 158.167 399
-87.5257 158.167 399
-88.427 158.563 400
-89.1089 158.563 400
-89.7908 158.563 400
-90.4727 158.563 400
-91.1546 158.563 400
-91.8365 158.563 400
-92.5184 158.563 400
-93.2003 158.563 400
-93.8822 158.563 400
-94.3277 158.167 399
-105.068 168.87 426
-105.794 168.87 426
-106.521 168.87 426
-107.247 168.87 426
-107.973 168.87 426
-108.954 169.266 427
-109.939 169.663 428
-110.669 169.663 428
-111.398 169.663 428
-112.39 170.059 429
-113.121 170.059 429
-113.853 170.059 429
-115.118 170.852 431
-116.122 171.248 432
-116.858 171.248 432
-117.595 171.248 432
-118.605 171.645 433
-119.343 171.645 433
-120.081 171.645 433
-120.82 171.645 433
-121.838 172.041 434
-122.861 172.438 435
-123.602 172.438 435
-124.916 173.23 437
-126.236 174.023 439
-126.984 174.023 439
-127.732 174.023 439
-128.773 174.42 440
-129.524 174.42 440
-130.274 174.42 440
-131.321 174.816 441
-132.073 174.816 441
-132.825 174.816 441
-133.577 174.816 441
-870.566 929.973 2346
-874.565 929.973 2346
-878.565 929.973 2346
-885.197 932.748 2353
-889.209 932.748 2353
-893.22 932.748 2353
-896.087 931.559 2350
-900.094 931.559 2350
-904.1 931.559 2350
-901.536 924.82 2333
-901.632 920.856 2323
-902.084 917.288 2314
-906.029 917.288 2314
-906.041 913.324 2304
-907.599 910.946 2298
-903.98 903.414 2279
-907.865 903.414 2279
-909.35 901.035 2273
-913.225 901.035 2273
-918.31 902.225 2276
-922.19 902.225 2276
-926.07 902.225 2276
-928.724 901.035 2273
-931.368 899.846 2270
-935.238 899.846 2270
-935.385 896.279 2261
-937.578 894.693 2257
-941.425 894.693 2257
-945.273 894.693 2257
-947.859 893.504 2254
-950.435 892.315 2251
-947.913 886.368 2236
-951.725 886.368 2236
-951.69 882.801 2227
-952.913 880.422 2221
-951.961 876.062 2210
-955.728 876.062 2210
-955.588 872.494 2201
-955.418 868.926 2192
-957.842 867.737 2189
-961.573 867.737 2189
-963.1 865.755 2184
-966.823 865.755 2184
-967.88 863.377 2178
-971.593 863.377 2178
-972.619 860.998 2172
-974.074 859.016 2167
-973.708 855.449 2158
-977.387 855.449 2158
-979.702 854.259 2155
-982.463 853.466 2153
-982.011 849.899 2144
-985.666 849.899 2144
-988.398 849.106 2142
-990.66 847.917 2139
-992.912 846.728 2136
-996.553 846.728 2136
-998.79 845.538 2133
-1001.49 844.746 2131
-1002.29 842.367 2125
-1005.91 842.367 2125
-1009.53 842.367 2125
-1013.16 842.367 2125
-1016.78 842.367 2125
-1020.4 842.367 2125
-1022.58 841.178 2122
-1025.23 840.385 2120
-1027.39 839.196 2117
-1031 839.196 2117
-1033.14 838.007 2114
-1035.76 837.214 2112
-1037.89 836.025 2109
-1041.48 836.025 2109
-1043.59 834.835 2106
-1046.19 834.043 2104
-1049.77 834.043 2104
-1053.36 834.043 2104
-1056.95 834.043 2104
-1054.99 829.682 2093
-1057.54 828.889 2091
-1061.11 828.889 2091
-1063.15 827.7 2088
-1066.71 827.7 2088
-1068.73 826.511 2085
-1071.25 825.718 2083
1800.69 1613.94 4089
1793.72 1613.94 4089
1786.75 1613.94 4089
1733.21 1571.7 3982
1726.42 1571.7 3982
1719.63 1571.7 3982
1712.84 1571.7 3982
1706.05 1571.7 3982
1699.27 1571.7 3982
1692.48 1571.7 3982
1677.65 1564.2 3963
1670.89 1564.2 3963
1648.18 1549.21 3925
1641.49 1549.21 3925
1597.31 1513.68 3835
1562.15 1486.45 3766
1548.71 1479.74 3749
1542.32 1479.74 3749
1525.68 1469.87 3724
1525.86 1476.19 3740
1530.05 1486.45 3766
1537.38 1499.87 3800
1530.91 1499.87 3800
1556.52 1531.44 3880
1549.91 1531.44 3880
1565.17 1553.15 3935
1558.46 1553.15 3935
1551.75 1553.15 3935
1563.5 1571.7 3982
1556.71 1571.7 3982
1549.92 1571.7 3982
1550.5 1579.2 4001
1547.15 1582.75 4010
1551.45 1594.2 4039
1544.57 1594.2 4039
1537.68 1594.2 4039
1534.59 1598.15 4049
1527.68 1598.15 4049
1520.78 1598.15 4049
1513.88 1598.15 4049
1506.98 1598.15 4049
1500.07 1598.15 4049
1493.17 1598.15 4049
1482.6 1594.2 4039
1468.77 1586.7 4020
1461.92 1586.7 4020
1455.06 1586.7 4020
1434.52 1571.7 3982
1427.73 1571.7 3982
1420.94 1571.7 3982
1400.66 1556.7 3944
1390.76 1553.15 3935
1377.37 1545.65 3916
1370.69 1545.65 3916
1348.34 1527.89 3871
1338.62 1524.34 3862
1332.04 1524.34 3862
1325.45 1524.34 3862
1318.87 1524.34 3862
1309.23 1520.79 3853
1290.83 1506.97 3818
1284.32 1506.97 3818
1277.81 1506.97 3818
1268.3 1503.42 3809
1258.83 1499.87 3800
1252.35 1499.87 3800
1245.87 1499.87 3800
1239.4 1499.87 3800
1232.92 1499.87 3800
1226.44 1499.87 3800
1219.96 1499.87 3800
1213.48 1499.87 3800
1198.75 1489.61 3774
1192.31 1489.61 3774
1183.36 1486.45 3766
1174.13 1482.9 3757
1165.24 1479.74 3749
1158.85 1479.74 3749
1149.69 1476.19 3740
1143.32 1476.19 3740
1134.51 1473.03 3732
1128.15 1473.03 3732
1119.38 1469.87 3724
1110.64 1466.71 3716
1104.31 1466.71 3716
1097.97 1466.71 3716
1086.64 1460 3699
1078 1456.84 3691
1071.71 1456.84 3691
1065.41 1456.84 3691
1056.83 1453.69 3683
1050.55 1453.69 3683
1046.54 1456.84 3691
1042.5 1460 3699
1036.19 1460 3699
1029.89 1460 3699
1023.58 1460 3699
1017.28 1460 3699
1008.78 1456.84 3691
998.147 1450.53 3675
991.882 1450.53 3675
985.617 1450.53 3675
974.822 1443.82 3658
970.969 1447.37 3667
966.822 1450.53 3675
960.557 1450.53 3675
954.292 1450.53 3675
952.155 1456.84 3691
945.863 1456.84 3691
939.57 1456.84 3691
933.278 1456.84 3691
926.986 1456.84 3691
920.694 1456.84 3691
914.402 1456.84 3691
906.141 1453.69 3683
899.862 1453.69 3683
893.584 1453.69 3683
887.305 1453.69 3683
879.113 1450.53 3675
872.848 1450.53 3675
866.583 1450.53 3675
864.064 1456.84 3691
857.772 1456.84 3691
853.325 1460 3699
847.019 1460 3699
840.713 1460 3699
834.407 1460 3699
826.31 1456.84 3691
816.464 1450.53 3675
810.199 1450.53 3675
800.215 1443.82 3658
792.242 1440.66 3650
786.02 1440.66 3650
779.798 1440.66 3650
773.575 1440.66 3650
765.671 1437.5 3642
758.003 1434.74 3635
748.497 1428.43 3619
742.327 1428.43 3619
736.158 1428.43 3619
731.602 1431.58 3627
725.419 1431.58 3627
722.21 1437.5 3642
716.002 1437.5 3642
709.793 1437.5 3642
703.584 1437.5 3642
697.376 1437.5 3642
685.284 1425.27 3611
677.623 1422.11 3603
671.481 1422.11 3603
666.816 1425.27 3611
660.66 1425.27 3611
657.405 1431.58 3627
651.222 1431.58 3627
646.461 1434.74 3635
640.264 1434.74 3635
634.068 1434.74 3635
626.489 1431.58 3627
620.306 1431.58 3627
612.768 1428.43 3619
606.599 1428.43 3619
597.775 1422.11 3603
591.633 1422.11 3603
585.49 1422.11 3603
574.363 1409.88 3572
567.16 1407.11 3565
561.083 1407.11 3565
553.76 1403.95 3557
547.696 1403.95 3557
541.633 1403.95 3557
535.569 1403.95 3557
529.505 1403.95 3557
522.264 1400.8 3549
516.214 1400.8 3549
510.164 1400.8 3549
501.983 1394.88 3534
493.993 1389.35 3520
485.913 1383.43 3505
479.938 1383.43 3505
470.988 1374.75 3483
465.985 1377.51 3490
460.958 1380.27 3497
454.997 1380.27 3497
449.035 1380.27 3497
443.074 1380.27 3497
439.987 1389.35 3520
434.849 1392.11 3527
428.837 1392.11 3527
422.824 1392.11 3527
416.811 1392.11 3527
410.799 1392.11 3527
404.786 1392.11 3527
394.59 1377.51 3490
-11.7595 173.669 440
-12.5096 173.669 440
-13.2597 173.669 440
-13.978 173.274 439
-14.7263 173.274 439
-15.4747 173.274 439
-16.2231 173.274 439
-16.8942 172.485 437
-17.5988 172.09 436
-18.3421 172.09 436
-19.0853 172.09 436
-19.8286 172.09 436
-20.4775 171.301 434
-21.1685 170.906 433
-21.9066 170.906 433
-22.6448 170.906 433
-23.3289 170.511 432
-23.954 169.722 430
-24.5148 168.538 427
-25.2427 168.538 427
-25.9098 168.143 426
-26.511 167.354 424
-27.1053 166.564 422
-27.6929 165.775 420
-28.4089 165.775 420
-29.0555 165.38 419
-29.7698 165.38 419
-30.4113 164.985 418
-31.1239 164.985 418
-31.7603 164.591 417
-32.3155 163.801 415
-32.9434 163.407 414
-33.6492 163.407 414
-34.3549 163.407 414
-34.976 163.012 413
-35.6801 163.012 413
-36.296 162.617 412
-36.9984 162.617 412
-37.7007 162.617 412
-38.3099 162.222 411
-38.8207 161.433 409
-39.5179 161.433 409
-40.1169 161.038 408
-40.7124 160.644 407
-41.4062 160.644 407
-41.9966 160.249 406
-42.6887 160.249 406
-43.3808 160.249 406
-43.9644 159.854 405
-44.6548 159.854 405
-45.3453 159.854 405
-45.922 159.46 404
-46.38 158.67 402
-47.0653 158.67 402
-47.7506 158.67 402
-48.4359 158.67 402
-49.1212 158.67 402
-49.6826 158.275 401
-50.3662 158.275 401
-51.0498 158.275 401
-51.7334 158.275 401
-52.2863 157.881 400
-52.9682 157.881 400
-53.516 157.486 399
-54.1962 157.486 399
-62.601 154.723 392
-63.4307 155.118 393
-64.1007 155.118 393
-64.7706 155.118 393
-65.4406 155.118 393
-66.1106 155.118 393
-66.6106 154.723 392
-67.1072 154.328 391
-67.7738 154.328 391
-68.6154 154.723 392
-69.2837 154.723 392
-69.9519 154.723 392
-70.6202 154.723 392
-71.2884 154.723 392
-71.9567 154.723 392
-72.8102 155.118 393
-73.4802 155.118 393
-74.1502 155.118 393
-74.8201 155.118 393
-75.4901 155.118 393
-76.1601 155.118 393
-77.0255 155.513 394
-77.6972 155.513 394
-78.3689 155.513 394
-79.4417 156.302 396
-80.3192 156.697 397
-80.9959 156.697 397
-81.6727 156.697 397
-82.5569 157.091 398
-83.2354 157.091 398
-83.9139 157.091 398
-84.8049 157.486 399
-85.4851 157.486 399
-86.1653 157.486 399
-86.8455 157.486 399
-87.5257 157.486 399
-88.427 157.881 400
-89.1089 157.881 400
-89.7908 157.881 400
-90.4727 157.881 400
-91.1546 157.881 400
-91.8365 157.881 400
-92.5184 157.881 400
-92.9673 157.486 399
-93.6475 157.486 399
-94.3277 157.486 399
-105.068 168.143 426
-105.794 168.143 426
-106.521 168.143 426
-107.247 168.143 426
-107.973 168.143 426
-108.954 168.538 427
-109.939 168.932 428
-110.669 168.932 428
-111.398 168.932 428
-112.128 168.932 428
-112.858 168.932 428
-113.853 169.327 429
-115.118 170.117 431
-116.122 170.511 432
-116.858 170.511 432
-117.595 170.511 432
-118.605 170.906 433
-119.343 170.906 433
-120.081 170.906 433
-121.099 171.301 434
-121.838 171.301 434
-122.861 171.695 435
-123.602 171.695 435
-125.201 172.879 438
-126.236 173.274 439
-126.984 173.274 439
-128.023 173.669 440
-128.773 173.669 440
-129.818 174.064 441
-130.57 174.064 441
-131.321 174.064 441
-132.073 174.064 441
-132.825 174.064 441
-133.577 174.064 441
-884.069 927.55 2350
-888.075 927.55 2350
-892.081 927.55 2350
-896.087 927.55 2350
-897.412 924.787 2343
-901.407 924.787 2343
-904.241 923.603 2340
-903.185 918.471 2327
-904.423 915.708 2320
-908.378 915.708 2320
-907.221 910.577 2307
-907.599 907.025 2298
-905.17 900.71 2282
-909.06 900.71 2282
-909.35 897.157 2273
-913.225 897.157 2273
-917.1 897.157 2273
-920.975 897.157 2273
-924.85 897.157 2273
-927.499 895.973 2270
-927.676 892.421 2261
-931.53 892.421 2261
-933.73 890.842 2257
-935.085 888.474 2251
-938.922 888.474 2251
-942.76 888.474 2251
-946.597 888.474 2251
-944.101 882.554 2236
-946.641 881.369 2233
-950.448 881.369 2233
-949.126 876.633 2221
-950.338 874.265 2215
-949.376 869.923 2204
-953.133 869.923 2204
-955.588 868.739 2201
-955.418 865.187 2192
-956.529 862.818 2186
-960.256 862.818 2186
-963.1 862.029 2184
-965.495 860.845 2181
-967.88 859.661 2178
-971.593 859.661 2178
-972.619 857.293 2172
-974.074 855.319 2167
-973.708 851.767 2158
-977.387 851.767 2158
-979.702 850.583 2155
-982.463 849.793 2153
-982.011 846.241 2144
-985.666 846.241 2144
-988.398 845.452 2142
-990.66 844.267 2139
-992.912 843.083 2136
-996.553 843.083 2136
-998.79 841.899 2133
-1001.49 841.11 2131
-1002.29 838.742 2125
-1005.91 838.742 2125
-1009.53 838.742 2125
-1013.16 838.742 2125
-1016.78 838.742 2125
-1020.4 838.742 2125
-1022.58 837.558 2122
-1025.23 836.768 2120
-1027.39 835.584 2117
-1031 835.584 2117
-1032.16 833.611 2112
-1035.76 833.611 2112
-1037.89 832.426 2109
-1041.48 832.426 2109
-1043.59 831.242 2106
-1046.19 830.453 2104
-1049.77 830.453 2104
-1053.36 830.453 2104
-1056.95 830.453 2104
-1054.99 826.111 2093
-1057.54 825.322 2091
-1061.11 825.322 2091
-1063.15 824.138 2088
-1065.17 822.954 2085
-1067.7 822.164 2083
-1071.25 822.164 2083
1800.69 1606.96 4089
1793.72 1606.96 4089
1786.75 1606.96 4089
1733.21 1564.91 3982
1726.42 1564.91 3982
1719.63 1564.91 3982
1712.84 1564.91 3982
1706.05 1564.91 3982
1699.27 1564.91 3982
1700.55 1572.38 4001
1693.73 1572.38 4001
1686.91 1572.38 4001
1652.38 1546.44 3935
1645.67 1546.44 3935
1631.05 1538.97 3916
1583.72 1500.46 3818
1562.75 1486.7 3783
1556.3 1486.7 3783
1532.24 1469.8 3740
1529.53 1473.34 3749
1543.86 1493.38 3800
1547.9 1503.6 3826
1541.38 1503.6 3826
1556.52 1524.82 3880
1549.91 1524.82 3880
1565.17 1546.44 3935
1558.46 1546.44 3935
1551.75 1546.44 3935
1563.5 1564.91 3982
1556.71 1564.91 3982
1549.92 1564.91 3982
1550.5 1572.38 4001
1547.15 1575.91 4010
1551.45 1587.31 4039
1544.57 1587.31 4039
1537.68 1587.31 4039
1534.59 1591.24 4049
1527.68 1591.24 4049
1520.78 1591.24 4049
1513.88 1591.24 4049
1506.98 1591.24 4049
1500.07 1591.24 4049
1493.17 1591.24 4049
1482.6 1587.31 4039
1468.77 1579.84 4020
1461.92 1579.84 4020
1455.06 1579.84 4020
1434.52 1564.91 3982
1427.73 1564.91 3982
1420.94 1564.91 3982
1414.16 1564.91 3982
1400.65 1557.44 3963
1387.21 1549.98 3944
1380.49 1549.98 3944
1367.15 1542.51 3925
1351.1 1531.9 3898
1341.35 1528.36 3889
1334.72 1528.36 3889
1328.09 1528.36 3889
1312.29 1517.75 3862
1302.66 1514.21 3853
1296.09 1514.21 3853
1280.49 1503.6 3826
1271.3 1500.46 3818
1258.83 1493.38 3800
1252.35 1493.38 3800
1245.87 1493.38 3800
1239.4 1493.38 3800
1232.92 1493.38 3800
1226.44 1493.38 3800
1219.96 1493.38 3800
1213.48 1493.38 3800
1198.75 1483.17 3774
1192.31 1483.17 3774
1183.36 1480.02 3766
1174.13 1476.49 3757
1165.24 1473.34 3749
1158.85 1473.34 3749
1149.69 1469.8 3740
1143.32 1469.8 3740
1132.08 1463.52 3724
1125.73 1463.52 3724
1119.38 1463.52 3724
1113.03 1463.52 3724
1104.31 1460.37 3716
1097.97 1460.37 3716
1086.64 1453.69 3699
1080.34 1453.69 3699
1074.03 1453.69 3699
1067.72 1453.69 3699
1056.83 1447.4 3683
1052.83 1450.55 3691
1046.54 1450.55 3691
1042.5 1453.69 3699
1036.19 1453.69 3699
1029.89 1453.69 3699
1023.58 1453.69 3699
1017.28 1453.69 3699
1010.97 1453.69 3699
1000.32 1447.4 3683
994.041 1447.4 3683
987.763 1447.4 3683
979.352 1444.26 3675
973.087 1444.26 3675
971.032 1450.55 3691
964.739 1450.55 3691
958.447 1450.55 3691
958.604 1460.37 3716
952.269 1460.37 3716
945.934 1460.37 3716
939.6 1460.37 3716
931.004 1456.84 3707
924.685 1456.84 3707
918.365 1456.84 3707
912.046 1456.84 3707
905.726 1456.84 3707
899.407 1456.84 3707
893.087 1456.84 3707
884.854 1453.69 3699
878.548 1453.69 3699
870.356 1450.55 3691
864.064 1450.55 3691
857.772 1450.55 3691
853.325 1453.69 3699
847.019 1453.69 3699
840.713 1453.69 3699
834.407 1453.69 3699
826.31 1450.55 3691
816.464 1444.26 3675
810.199 1444.26 3675
800.215 1437.58 3658
792.242 1434.43 3650
786.02 1434.43 3650
779.798 1434.43 3650
773.575 1434.43 3650
765.671 1431.29 3642
758.003 1428.54 3635
748.497 1422.25 3619
742.327 1422.25 3619
736.158 1422.25 3619
731.602 1425.4 3627
725.419 1425.4 3627
722.21 1431.29 3642
716.002 1431.29 3642
709.793 1431.29 3642
703.584 1431.29 3642
697.376 1431.29 3642
691.167 1431.29 3642
684.958 1431.29 3642
677.445 1428.54 3635
671.248 1428.54 3635
665.051 1428.54 3635
660.123 1431.29 3642
655.351 1434.43 3650
649.129 1434.43 3650
642.906 1434.43 3650
635.289 1431.29 3642
627.871 1428.54 3635
621.674 1428.54 3635
614.123 1425.4 3627
606.599 1422.25 3619
600.429 1422.25 3619
594.26 1422.25 3619
585.49 1415.96 3603
575.65 1406.93 3580
568.274 1403.78 3572
562.185 1403.78 3572
555.006 1401.03 3565
547.696 1397.89 3557
541.633 1397.89 3557
535.569 1397.89 3557
529.505 1397.89 3557
523.441 1397.89 3557
516.214 1394.74 3549
510.164 1394.74 3549
501.983 1388.85 3534
493.993 1383.35 3520
485.913 1377.45 3505
479.938 1377.45 3505
471.935 1371.56 3490
465.985 1371.56 3490
460.958 1374.31 3497
454.997 1374.31 3497
449.035 1374.31 3497
444.974 1380.2 3512
439.987 1383.35 3520
434.849 1386.1 3527
428.837 1386.1 3527
422.824 1386.1 3527
417.639 1388.85 3534
411.614 1388.85 3534
405.59 1388.85 3534
397.982 1383.35 3520
-10.2827 173.311 441
-11.0345 173.311 441
-11.7863 173.311 441
-12.5381 173.311 441
-13.2899 173.311 441
-14.0098 172.918 440
-14.7263 172.525 439
-15.4747 172.525 439
-16.2231 172.525 439
-16.8942 171.739 437
-17.5988 171.346 436
-18.3421 171.346 436
-19.0853 171.346 436
-19.8286 171.346 436
-20.4775 170.56 434
-21.1685 170.167 433
-21.9066 170.167 433
-22.6448 170.167 433
-23.3289 169.774 432
-23.954 168.988 430
-24.5148 167.809 427
-25.2427 167.809 427
-25.9098 167.416 426
-26.511 166.63 424
-27.0411 165.451 421
-27.6929 165.058 420
-28.4089 165.058 420
-29.0555 164.665 419
-29.7698 164.665 419
-30.4113 164.272 418
-31.1239 164.272 418
-31.7603 163.879 417
-32.3155 163.093 415
-32.9434 162.7 414
-33.6492 162.7 414
-34.3549 162.7 414
-34.976 162.307 413
-35.6801 162.307 413
-36.296 161.914 412
-36.9984 161.914 412
-37.7007 161.914 412
-38.3099 161.521 411
-38.8207 160.735 409
-39.5179 160.735 409
-40.1169 160.342 408
-40.7124 159.949 407
-41.3045 159.556 406
-41.9966 159.556 406
-42.6887 159.556 406
-43.3808 159.556 406
-43.9644 159.163 405
-44.6548 159.163 405
-45.3453 159.163 405
-45.922 158.77 404
-46.38 157.984 402
-47.0653 157.984 402
-47.7506 157.984 402
-48.4359 157.984 402
-49.1212 157.984 402
-49.6826 157.591 401
-50.3662 157.591 401
-51.0498 157.591 401
-51.7334 157.591 401
-52.2863 157.198 400
-52.9682 157.198 400
-62.601 154.054 392
-63.4307 154.447 393
-64.1007 154.447 393
-64.7706 154.447 393
-65.4406 154.447 393
-66.1106 154.447 393
-66.6106 154.054 392
-67.1072 153.661 391
-67.9471 154.054 392
-68.6154 154.054 392
-69.2837 154.054 392
-69.9519 154.054 392
-70.6202 154.054 392
-71.2884 154.054 392
-71.9567 154.054 392
-72.8102 154.447 393
-73.4802 154.447 393
-74.1502 154.447 393
-74.8201 154.447 393
-75.4901 154.447 393
-76.1601 154.447 393
-77.0255 154.84 394
-77.6972 154.84 394
-78.5678 155.233 395
-79.4417 155.626 396
-80.3192 156.019 397
-80.9959 156.019 397
-81.8784 156.412 398
-82.5569 156.412 398
-83.2354 156.412 398
-84.1248 156.805 399
-84.8049 156.805 399
-85.4851 156.805 399
-86.1653 156.805 399
-87.0632 157.198 400
-87.7451 157.198 400
-88.427 157.198 400
-89.1089 157.198 400
-89.7908 157.198 400
-90.4727 157.198 400
-91.1546 157.198 400
-91.8365 157.198 400
-92.5184 157.198 400
-92.9673 156.805 399
-93.6475 156.805 399
-94.3277 156.805 399
-103.129 166.63 424
-103.852 166.63 424
-104.821 167.023 425
-105.794 167.416 426
-106.521 167.416 426
-107.247 167.416 426
-107.973 167.416 426
-108.954 167.809 427
-109.682 167.809 427
-110.669 168.202 428
-111.398 168.202 428
-112.128 168.202 428
-112.858 168.202 428
-113.853 168.595 429
-115.118 169.381 431
-116.122 169.774 432
-116.858 169.774 432
-117.595 169.774 432
-118.605 170.167 433
-119.343 170.167 433
-120.081 170.167 433
-121.099 170.56 434
-121.838 170.56 434
-122.861 170.953 435
-123.602 170.953 435
-125.201 172.132 438
-126.236 172.525 439
-126.984 172.525 439
-128.023 172.918 440
-128.773 172.918 440
-129.818 173.311 441
-130.57 173.311 441
-131.321 173.311 441
-132.073 173.311 441
-132.825 173.311 441
-133.577 173.311 441
-888.075 923.54 2350
-892.081 923.54 2350
-896.087 923.54 2350
-897.412 920.789 2343
-901.407 920.789 2343
-904.241 919.61 2340
-904.349 915.68 2330
-907.152 914.501 2327
-911.119 914.501 2327
-909.974 909.392 2314
-911.154 906.641 2307
-905.17 896.816 2282
-909.06 896.816 2282
-909.35 893.28 2273
-913.225 893.28 2273
-915.889 892.101 2270
-919.759 892.101 2270
-923.629 892.101 2270
-926.273 890.922 2267
-926.035 886.992 2257
-929.882 886.992 2257
-928.765 882.276 2245
-930.1 879.918 2239
-933.917 879.918 2239
-937.734 879.918 2239
-940.289 878.739 2236
-942.834 877.56 2233
-940.282 871.665 2218
-944.063 871.665 2218
-945.708 869.7 2213
-946.906 867.342 2207
-946.792 863.805 2198
-950.539 863.805 2198
-951.681 861.447 2192
-952.802 859.089 2186
-955.654 858.303 2184
-959.377 858.303 2184
-960.454 855.945 2178
-962.839 854.766 2175
-965.214 853.587 2172
-968.917 853.587 2172
-970.38 851.622 2167
-971.377 849.264 2161
-972.354 846.906 2155
-976.028 846.906 2155
-978.792 846.12 2153
-979.725 843.762 2147
-982.011 842.583 2144
-985.666 842.583 2144
-988.398 841.797 2142
-990.66 840.618 2139
-992.912 839.439 2136
-996.553 839.439 2136
-998.79 838.26 2133
-1001.49 837.474 2131
-1002.29 835.116 2125
-1005.91 835.116 2125
-1009.53 835.116 2125
-1013.16 835.116 2125
-1016.78 835.116 2125
-1020.4 835.116 2125
-1022.58 833.937 2122
-1025.23 833.151 2120
-1027.39 831.972 2117
-1031 831.972 2117
-1032.16 830.007 2112
-1035.76 830.007 2112
-1039.36 830.007 2112
-1042.96 830.007 2112
-1045.08 828.828 2109
-1046.19 826.863 2104
-1049.77 826.863 2104
-1053.36 826.863 2104
-1056.95 826.863 2104
-1056.5 823.719 2096
-1057.54 821.754 2091
-1061.11 821.754 2091
-1063.15 820.575 2088
-1065.17 819.396 2085
-1067.7 818.61 2083
-1071.25 818.61 2083
1714.19 1565.55 4001
1707.37 1565.55 4001
1700.55 1565.55 4001
1714.05 1584.33 4049
1707.15 1584.33 4049
1700.25 1584.33 4049
1673.27 1565.55 4001
1658.54 1558.12 3982
1587.04 1497.07 3826
1580.52 1497.07 3826
1573.99 1497.07 3826
1549.85 1480.25 3783
1550.34 1486.9 3800
1551.18 1493.94 3818
1566.11 1514.68 3871
1559.51 1514.68 3871
1570.96 1532.29 3916
1564.29 1532.29 3916
1572.33 1546.77 3953
1565.59 1546.77 3953
1570.29 1558.12 3982
1570.96 1565.55 4001
1564.14 1565.55 4001
1557.32 1565.55 4001
1553.99 1569.07 4010
1558.34 1580.42 4039
1551.45 1580.42 4039
1544.57 1580.42 4039
1541.49 1584.33 4049
1545.96 1596.07 4079
1539 1596.07 4079
1532.05 1596.07 4079
1525.1 1596.07 4079
1518.14 1596.07 4079
1511.19 1596.07 4079
1496.86 1588.24 4059
1489.94 1588.24 4059
1479.37 1584.33 4049
1472.46 1584.33 4049
1458.68 1576.9 4030
1448.21 1572.98 4020
1441.36 1572.98 4020
1434.51 1572.98 4020
1414.16 1558.12 3982
1400.65 1550.68 3963
1387.21 1543.25 3944
1380.49 1543.25 3944
1367.15 1535.81 3925
1351.1 1525.25 3898
1341.35 1521.73 3889
1334.72 1521.73 3889
1328.09 1521.73 3889
1312.29 1511.16 3862
1302.66 1507.64 3853
1296.09 1507.64 3853
1280.49 1497.07 3826
1271.3 1493.94 3818
1258.83 1486.9 3800
1252.35 1486.9 3800
1245.87 1486.9 3800
1239.4 1486.9 3800
1232.92 1486.9 3800
1226.44 1486.9 3800
1219.96 1486.9 3800
1213.48 1486.9 3800
1198.75 1476.73 3774
1192.31 1476.73 3774
1183.36 1473.6 3766
1174.13 1470.08 3757
1165.24 1466.95 3749
1158.85 1466.95 3749
1149.69 1463.42 3740
1143.32 1463.42 3740
1134.51 1460.29 3732
1128.15 1460.29 3732
1121.78 1460.29 3732
1115.42 1460.29 3732
1109.06 1460.29 3732
1102.7 1460.29 3732
1088.99 1450.51 3707
1080.34 1447.38 3699
1074.03 1447.38 3699
1067.72 1447.38 3699
1059.12 1444.25 3691
1052.83 1444.25 3691
1048.81 1447.38 3699
1044.76 1450.51 3707
1038.44 1450.51 3707
1032.12 1450.51 3707
1025.8 1450.51 3707
1019.48 1450.51 3707
1013.16 1450.51 3707
1004.67 1447.38 3699
996.2 1444.25 3691
989.908 1444.25 3691
981.484 1441.12 3683
977.324 1444.25 3691
973.136 1447.38 3699
971.274 1454.03 3716
964.939 1454.03 3716
962.732 1460.29 3732
956.369 1460.29 3732
950.007 1460.29 3732
943.645 1460.29 3732
935.274 1457.16 3724
928.925 1457.16 3724
924.559 1460.29 3732
918.197 1460.29 3732
911.835 1460.29 3732
905.473 1460.29 3732
899.11 1460.29 3732
890.835 1457.16 3724
884.486 1457.16 3724
872.242 1447.38 3699
867.809 1450.51 3707
861.49 1450.51 3707
857.247 1454.03 3716
850.912 1454.03 3716
844.577 1454.03 3716
838.242 1454.03 3716
829.892 1450.51 3707
820.018 1444.25 3691
813.726 1444.25 3691
802.184 1434.86 3667
793.979 1431.34 3658
789.681 1434.86 3667
783.43 1434.86 3667
777.178 1434.86 3667
769.035 1431.34 3658
761.131 1428.21 3650
754.908 1428.21 3650
747.045 1425.08 3642
742.464 1428.21 3650
737.855 1431.34 3658
731.619 1431.34 3658
725.383 1431.34 3658
724.062 1441.12 3683
717.784 1441.12 3683
711.505 1441.12 3683
700.439 1431.34 3658
691.167 1425.08 3642
684.958 1425.08 3642
677.445 1422.34 3635
671.248 1422.34 3635
665.051 1422.34 3635
660.123 1425.08 3642
655.351 1428.21 3650
649.129 1428.21 3650
642.906 1428.21 3650
635.289 1425.08 3642
627.871 1422.34 3635
621.674 1422.34 3635
614.123 1419.21 3627
606.599 1416.08 3619
600.429 1416.08 3619
594.26 1416.08 3619
585.49 1409.82 3603
575.65 1400.82 3580
568.274 1397.69 3572
562.185 1397.69 3572
555.006 1394.95 3565
547.696 1391.82 3557
541.633 1391.82 3557
535.569 1391.82 3557
529.505 1391.82 3557
523.441 1391.82 3557
516.214 1388.69 3549
510.164 1388.69 3549
501.983 1382.82 3534
493.993 1377.34 3520
485.913 1371.47 3505
479.938 1371.47 3505
471.935 1365.6 3490
465.985 1365.6 3490
460.958 1368.34 3497
456.038 1371.47 3505
450.062 1371.47 3505
444.974 1374.21 3512
439.987 1377.34 3520
434.849 1380.08 3527
428.837 1380.08 3527
423.663 1382.82 3534
417.639 1382.82 3534
411.614 1382.82 3534
405.59 1382.82 3534
399.565 1382.82 3534
-9.55249 172.95 442
-10.306 172.95 442
-11.0595 172.95 442
-11.7863 172.559 441
-12.5381 172.559 441
-13.2899 172.559 441
-14.0098 172.167 440
-14.7599 172.167 440
-15.51 172.167 440
-16.2601 172.167 440
-16.8942 170.994 437
-17.5988 170.602 436
-18.3421 170.602 436
-19.0853 170.602 436
-19.8286 170.602 436
-20.4775 169.82 434
-21.2174 169.82 434
-21.9572 169.82 434
-22.6448 169.428 433
-23.3289 169.037 432
-23.954 168.255 430
-24.5148 167.081 427
-25.2427 167.081 427
-25.9098 166.689 426
-26.511 165.907 424
-27.0411 164.733 421
-27.6929 164.342 420
-28.4089 164.342 420
-29.0555 163.95 419
-29.6988 163.559 418
-30.4113 163.559 418
-31.1239 163.559 418
-31.7603 163.168 417
-32.3155 162.385 415
-32.9434 161.994 414
-33.6492 161.994 414
-34.3549 161.994 414
-34.976 161.603 413
-35.6801 161.603 413
-36.296 161.211 412
-36.9984 161.211 412
-37.7007 161.211 412
-38.3099 160.82 411
-38.8207 160.037 409
-39.5179 160.037 409
-40.1169 159.646 408
-40.7124 159.255 407
-41.3045 158.864 406
-41.9966 158.864 406
-42.6887 158.864 406
-43.3808 158.864 406
-43.9644 158.472 405
-44.6548 158.472 405
-45.3453 158.472 405
-45.922 158.081 404
-46.38 157.298 402
-47.0653 157.298 402
-47.7506 157.298 402
-48.4359 157.298 402
-49.1212 157.298 402
-49.8065 157.298 402
-50.4918 157.298 402
-51.1771 157.298 402
-51.8625 157.298 402
-63.2693 153.386 392
-63.9376 153.386 392
-64.6058 153.386 392
-65.2741 153.386 392
-65.9424 153.386 392
-66.6106 153.386 392
-67.1072 152.994 391
-67.9471 153.386 392
-68.6154 153.386 392
-69.2837 153.386 392
-69.9519 153.386 392
-70.6202 153.386 392
-71.2884 153.386 392
-71.9567 153.386 392
-72.8102 153.777 393
-73.4802 153.777 393
-74.1502 153.777 393
-74.8201 153.777 393
-75.4901 153.777 393
-76.3539 154.168 394
-77.221 154.559 395
-77.8944 154.559 395
-78.7667 154.951 396
-79.6424 155.342 397
-80.3192 155.342 397
-81.2 155.733 398
-81.8784 155.733 398
-82.7644 156.125 399
-83.4446 156.125 399
-84.1248 156.125 399
-84.8049 156.125 399
-85.6994 156.516 400
-86.3813 156.516 400
-87.0632 156.516 400
-87.7451 156.516 400
-88.427 156.516 400
-89.1089 156.516 400
-89.7908 156.516 400
-90.4727 156.516 400
-91.1546 156.516 400
-91.8365 156.516 400
-92.5184 156.516 400
-93.2003 156.516 400
-93.8822 156.516 400
-103.129 165.907 424
-103.852 165.907 424
-104.821 166.298 425
-105.546 166.298 425
-106.521 166.689 426
-107.247 166.689 426
-107.973 166.689 426
-108.954 167.081 427
-109.682 167.081 427
-110.41 167.081 427
-111.398 167.472 428
-112.128 167.472 428
-112.858 167.472 428
-113.853 167.863 429
-115.118 168.646 431
-116.122 169.037 432
-116.858 169.037 432
-117.867 169.428 433
-118.605 169.428 433
-119.619 169.82 434
-120.359 169.82 434
-121.099 169.82 434
-121.838 169.82 434
-122.861 170.211 435
-123.886 170.602 436
-125.201 171.385 438
-126.236 171.776 439
-126.984 171.776 439
-128.023 172.167 440
-129.066 172.559 441
-129.818 172.559 441
-130.57 172.559 441
-131.321 172.559 441
-132.373 172.95 442
-133.126 172.95 442
-133.88 172.95 442
-888.075 919.531 2350
-892.081 919.531 2350
-896.087 919.531 2350
-897.412 916.792 2343
-901.407 916.792 2343
-904.241 915.618 2340
-904.349 911.705 2330
-907.152 910.531 2327
-911.119 910.531 2327
-909.974 905.444 2314
-911.154 902.705 2307
-905.17 892.923 2282
-909.06 892.923 2282
-910.55 890.575 2276
-913.225 889.402 2273
-915.889 888.228 2270
-919.759 888.228 2270
-923.629 888.228 2270
-922.187 883.141 2257
-924.804 881.967 2254
-928.646 881.967 2254
-928.765 878.445 2245
-928.854 874.924 2236
-932.666 874.924 2236
-936.477 874.924 2236
-939.028 873.75 2233
-936.501 867.881 2218
-938.163 865.924 2213
-941.935 865.924 2213
-943.144 863.576 2207
-944.332 861.229 2201
-945.499 858.881 2195
-949.241 858.881 2195
-949.076 855.359 2186
-951.931 854.577 2184
-953.028 852.229 2178
-956.741 852.229 2178
-957.808 849.881 2172
-960.183 848.707 2169
-961.659 846.751 2164
-965.348 846.751 2164
-967.693 845.577 2161
-970.029 844.403 2158
-971.452 842.447 2153
-975.122 842.447 2153
-976.065 840.099 2147
-978.356 838.925 2144
-981.095 838.143 2142
-984.746 838.143 2142
-988.398 838.143 2142
-990.66 836.969 2139
-991.517 834.621 2133
-995.154 834.621 2133
-997.853 833.838 2131
-1001.49 833.838 2131
-1002.29 831.491 2125
-1005.91 831.491 2125
-1009.53 831.491 2125
-1011.73 830.317 2122
-1015.34 830.317 2122
-1018.96 830.317 2122
-1022.58 830.317 2122
-1025.23 829.534 2120
-1027.39 828.36 2117
-1031 828.36 2117
-1032.16 826.404 2112
-1035.76 826.404 2112
-1039.36 826.404 2112
-1042.96 826.404 2112
-1045.08 825.23 2109
-1046.19 823.274 2104
-1049.77 823.274 2104
-1053.36 823.274 2104
-1055.44 822.1 2101
-1056.5 820.143 2096
-1057.54 818.187 2091
-1061.11 818.187 2091
-1063.15 817.013 2088
-1065.17 815.839 2085
-1067.7 815.057 2083
-1071.25 815.057 2083
1734.76 1577.42 4049
1727.86 1577.42 4049
1720.95 1577.42 4049
1726.75 1589.11 4079
1719.8 1589.11 4079
1712.84 1589.11 4079
1693.34 1577.42 4049
1670.2 1562.23 4010
1590.77 1494.05 3835
1584.23 1494.05 3835
1577.7 1494.05 3835
1564.19 1487.43 3818
1557.68 1487.43 3818
1554.43 1490.55 3826
1569.75 1511.58 3880
1563.14 1511.58 3880
1570.96 1525.61 3916
1571.88 1533.01 3935
1579.89 1547.43 3972
1573.12 1547.43 3972
1570.29 1551.32 3982
1574.49 1562.23 4010
1567.66 1562.23 4010
1560.82 1562.23 4010
1565.22 1573.53 4039
1558.34 1573.53 4039
1551.45 1573.53 4039
1556.04 1585.22 4069
1552.91 1589.11 4079
1545.96 1589.11 4079
1539 1589.11 4079
1532.05 1589.11 4079
1525.1 1589.11 4079
1518.14 1589.11 4079
1511.19 1589.11 4079
1504.23 1589.11 4079
1497.28 1589.11 4079
1483.02 1581.32 4059
1476.1 1581.32 4059
1465.56 1577.42 4049
1451.81 1570.02 4030
1444.94 1570.02 4030
1438.07 1570.02 4030
1417.35 1554.83 3991
1400.65 1543.92 3963
1387.21 1536.52 3944
1380.49 1536.52 3944
1370.63 1533.01 3935
1351.1 1518.6 3898
1341.35 1515.09 3889
1334.72 1515.09 3889
1328.09 1515.09 3889
1318.4 1511.58 3880
1302.66 1501.07 3853
1296.09 1501.07 3853
1280.49 1490.55 3826
1271.3 1487.43 3818
1258.83 1480.42 3800
1252.35 1480.42 3800
1243.25 1477.3 3792
1239.4 1480.42 3800
1235.84 1483.92 3809
1229.34 1483.92 3809
1222.85 1483.92 3809
1216.36 1483.92 3809
1196.21 1467.17 3766
1189.79 1467.17 3766
1180.54 1463.67 3757
1171.63 1460.55 3749
1159.96 1453.93 3732
1153.6 1453.93 3732
1147.23 1453.93 3732
1140.87 1453.93 3732
1134.51 1453.93 3732
1128.15 1453.93 3732
1121.78 1453.93 3732
1115.42 1453.93 3732
1109.06 1453.93 3732
1102.7 1453.93 3732
1088.99 1444.19 3707
1080.34 1441.07 3699
1074.03 1441.07 3699
1067.72 1441.07 3699
1059.12 1437.95 3691
1052.83 1437.95 3691
1048.81 1441.07 3699
1044.76 1444.19 3707
1038.44 1444.19 3707
1032.12 1444.19 3707
1025.8 1444.19 3707
1019.48 1444.19 3707
1013.16 1444.19 3707
1006.84 1444.19 3707
1000.52 1444.19 3707
994.199 1444.19 3707
983.616 1437.95 3691
979.442 1441.07 3699
977.609 1447.69 3716
975.456 1453.93 3732
969.094 1453.93 3732
962.732 1453.93 3732
956.369 1453.93 3732
950.007 1453.93 3732
943.645 1453.93 3732
939.292 1457.04 3740
932.917 1457.04 3740
926.541 1457.04 3740
920.165 1457.04 3740
913.789 1457.04 3740
907.413 1457.04 3740
901.038 1457.04 3740
894.662 1457.04 3740
886.386 1453.93 3732
880.024 1453.93 3732
873.662 1453.93 3732
867.3 1453.93 3732
860.938 1453.93 3732
854.576 1453.93 3732
848.213 1453.93 3732
841.851 1453.93 3732
831.907 1447.69 3716
823.573 1444.19 3707
817.253 1444.19 3707
807.434 1437.95 3691
795.932 1428.6 3667
791.404 1431.72 3675
785.139 1431.72 3675
778.874 1431.72 3675
772.609 1431.72 3675
766.344 1431.72 3675
760.079 1431.72 3675
752.173 1428.6 3667
747.549 1431.72 3675
742.898 1434.84 3683
738.219 1437.95 3691
731.927 1437.95 3691
727.208 1441.07 3699
720.902 1441.07 3699
714.596 1441.07 3699
706.758 1437.95 3691
698.948 1434.84 3683
687.967 1425.1 3658
681.731 1425.1 3658
674.018 1421.98 3650
667.796 1421.98 3650
664.655 1428.6 3667
658.403 1428.6 3667
652.152 1428.6 3667
645.901 1428.6 3667
638.08 1425.1 3658
631.844 1425.1 3658
624.24 1421.98 3650
614.123 1413.02 3627
607.94 1413.02 3627
600.429 1409.9 3619
594.26 1409.9 3619
585.49 1403.67 3603
575.65 1394.71 3580
568.274 1391.59 3572
562.185 1391.59 3572
555.006 1388.87 3565
548.928 1388.87 3565
542.851 1388.87 3565
536.773 1388.87 3565
530.696 1388.87 3565
523.441 1385.75 3557
516.214 1382.63 3549
510.164 1382.63 3549
501.983 1376.79 3534
493.993 1371.33 3520
485.913 1365.49 3505
479.938 1365.49 3505
471.935 1359.65 3490
465.985 1359.65 3490
460.958 1362.37 3497
456.038 1365.49 3505
450.062 1365.49 3505
444.974 1368.22 3512
439.987 1371.33 3520
434.849 1374.06 3527
428.837 1374.06 3527
423.663 1376.79 3534
417.639 1376.79 3534
411.614 1376.79 3534
405.59 1376.79 3534
399.565 1376.79 3534
-9.55249 172.196 442
-10.306 172.196 442
-11.0595 172.196 442
-11.7863 171.806 441
-12.5381 171.806 441
-13.2899 171.806 441
-14.0098 171.417 440
-14.7599 171.417 440
-15.51 171.417 440
-16.2601 171.417 440
-16.8942 170.248 437
-18.2579 169.079 434
-18.9978 169.079 434
-19.7376 169.079 434
-20.4775 169.079 434
-21.2174 169.079 434
-21.9572 169.079 434
-22.6448 168.69 433
-23.3289 168.3 432
-23.954 167.521 430
-24.5148 166.352 427
-25.2427 166.352 427
-25.9098 165.963 426
-26.511 165.183 424
-27.0411 164.015 421
-27.6929 163.625 420
-28.4089 163.625 420
-29.0555 163.236 419
-29.6988 162.846 418
-30.4113 162.846 418
-31.1239 162.846 418
-31.7603 162.456 417
-32.3155 161.677 415
-32.9434 161.288 414
-33.6492 161.288 414
-34.3549 161.288 414
-34.976 160.898 413
-35.6801 160.898 413
-36.296 160.508 412
-36.9984 160.508 412
-37.7007 160.508 412
-38.3099 160.119 411
-38.8207 159.34 409
-39.5179 159.34 409
-40.1169 158.95 408
-40.7124 158.561 407
-41.4062 158.561 407
-42.1 158.561 407
-42.6887 158.171 406
-43.3808 158.171 406
-43.9644 157.781 405
-44.6548 157.781 405
-45.3453 157.781 405
-45.922 157.392 404
-46.4954 157.002 403
-47.1824 157.002 403
-47.8694 157.002 403
-48.4359 156.613 402
-49.1212 156.613 402
-49.8065 156.613 402
-50.4918 156.613 402
-51.1771 156.613 402
-51.8625 156.613 402
-65.1076 152.327 391
-65.7741 152.327 391
-66.4407 152.327 391
-67.2789 152.717 392
-67.9471 152.717 392
-68.6154 152.717 392
-69.2837 152.717 392
-69.9519 152.717 392
-70.6202 152.717 392
-71.4703 153.106 393
-72.1403 153.106 393
-72.8102 153.106 393
-73.4802 153.106 393
-74.1502 153.106 393
-74.8201 153.106 393
-75.4901 153.106 393
-76.3539 153.496 394
-77.221 153.886 395
-77.8944 153.886 395
-78.7667 154.275 396
-79.6424 154.665 397
-80.3192 154.665 397
-81.2 155.054 398
-81.8784 155.054 398
-82.7644 155.444 399
-83.4446 155.444 399
-84.1248 155.444 399
-84.8049 155.444 399
-85.6994 155.833 400
-86.3813 155.833 400
-87.0632 155.833 400
-87.7451 155.833 400
-88.427 155.833 400
-89.1089 155.833 400
-89.7908 155.833 400
-90.4727 155.833 400
-91.1546 155.833 400
-91.8365 155.833 400
-92.5184 155.833 400
-93.2003 155.833 400
-93.8822 155.833 400
-103.129 165.183 424
-103.852 165.183 424
-104.821 165.573 425
-105.546 165.573 425
-106.521 165.963 426
-107.247 165.963 426
-107.973 165.963 426
-108.954 166.352 427
-109.682 166.352 427
-110.41 166.352 427
-111.398 166.742 428
-112.128 166.742 428
-112.858 166.742 428
-114.118 167.521 430
-115.385 168.3 432
-116.391 168.69 433
-117.129 168.69 433
-117.867 168.69 433
-118.879 169.079 434
-119.619 169.079 434
-120.359 169.079 434
-121.099 169.079 434
-122.4 169.858 436
-123.143 169.858 436
-124.171 170.248 437
-125.487 171.027 439
-126.523 171.417 440
-127.273 171.417 440
-128.023 171.417 440
-129.066 171.806 441
-129.818 171.806 441
-130.57 171.806 441
-131.321 171.806 441
-132.373 172.196 442
-133.126 172.196 442
-133.88 172.196 442
-892.274 911.626 2340
-896.263 911.626 2340
-900.252 911.626 2340
-904.241 911.626 2340
-904.349 907.73 2330
-907.152 906.561 2327
-911.119 906.561 2327
-909.974 901.497 2314
-911.154 898.769 2307
-905.17 889.03 2282
-909.06 889.03 2282
-910.55 886.692 2276
-913.225 885.524 2273
-915.889 884.355 2270
-919.759 884.355 2270
-923.629 884.355 2270
-922.187 879.29 2257
-924.804 878.121 2254
-928.646 878.121 2254
-928.765 874.615 2245
-928.854 871.109 2236
-932.666 871.109 2236
-936.477 871.109 2236
-939.028 869.94 2233
-936.501 864.096 2218
-938.163 862.149 2213
-941.935 862.149 2213
-943.144 859.811 2207
-944.332 857.474 2201
-945.499 855.136 2195
-949.241 855.136 2195
-949.076 851.63 2186
-951.931 850.851 2184
-953.028 848.513 2178
-956.741 848.513 2178
-957.808 846.176 2172
-960.183 845.007 2169
-958.992 840.721 2158
-962.671 840.721 2158
-965.007 839.553 2155
-967.781 838.774 2153
-968.744 836.436 2147
-972.405 836.436 2147
-974.701 835.267 2144
-977.443 834.488 2142
-981.095 834.488 2142
-984.746 834.488 2142
-987.013 833.319 2139
-989.271 832.151 2136
-991.517 830.982 2133
-995.154 830.982 2133
-997.853 830.203 2131
-1000.08 829.034 2128
-1002.29 827.865 2125
-1005.91 827.865 2125
-1009.53 827.865 2125
-1011.73 826.696 2122
-1015.34 826.696 2122
-1018.96 826.696 2122
-1022.58 826.696 2122
-1025.23 825.917 2120
-1028.84 825.917 2120
-1032.46 825.917 2120
-1033.14 823.58 2114
-1035.76 822.801 2112
-1039.36 822.801 2112
-1042.96 822.801 2112
-1045.08 821.632 2109
-1047.18 820.463 2106
-1050.77 820.463 2106
-1054.36 820.463 2106
-1056.95 819.684 2104
-1056.5 816.567 2096
-1058.56 815.399 2093
-1062.12 815.399 2093
-1063.15 813.451 2088
-1065.17 812.282 2085
-1068.73 812.282 2085
-1072.28 812.282 2085
1734.76 1570.52 4049
1727.86 1570.52 4049
1720.95 1570.52 4049
1726.75 1582.15 4079
1719.8 1582.15 4079
1712.84 1582.15 4079
1693.34 1570.52 4049
1670.2 1555.39 4010
1590.77 1487.51 3835
1584.23 1487.51 3835
1577.7 1487.51 3835
1564.19 1480.92 3818
1557.68 1480.92 3818
1554.43 1484.02 3826
1569.75 1504.96 3880
1563.14 1504.96 3880
1570.96 1518.93 3916
1571.88 1526.3 3935
1579.89 1540.65 3972
1573.12 1540.65 3972
1585.27 1559.27 4020
1585.88 1566.64 4039
1578.99 1566.64 4039
1572.11 1566.64 4039
1580.72 1582.15 4079
1573.77 1582.15 4079
1566.82 1582.15 4079
1559.86 1582.15 4079
1552.91 1582.15 4079
1545.96 1582.15 4079
1539 1582.15 4079
1532.05 1582.15 4079
1525.1 1582.15 4079
1518.14 1582.15 4079
1511.19 1582.15 4079
1504.23 1582.15 4079
1497.28 1582.15 4079
1490.33 1582.15 4079
1483.37 1582.15 4079
1476.42 1582.15 4079
1462.26 1574.39 4059
1451.76 1570.52 4049
1444.85 1570.52 4049
1427.65 1559.27 4020
1403.83 1540.65 3972
1390.38 1533.28 3953
1383.64 1533.28 3953
1370.63 1526.3 3935
1351.1 1511.95 3898
1341.35 1508.46 3889
1334.72 1508.46 3889
1328.09 1508.46 3889
1321.46 1508.46 3889
1302.66 1494.49 3853
1296.09 1494.49 3853
1280.49 1484.02 3826
1271.3 1480.92 3818
1261.81 1477.43 3809
1255.32 1477.43 3809
1245.87 1473.93 3800
1245.27 1480.92 3818
1241.35 1484.02 3826
1234.83 1484.02 3826
1228.31 1484.02 3826
1216.36 1477.43 3809
1198.75 1463.85 3774
1192.31 1463.85 3774
1180.54 1457.26 3757
1171.63 1454.15 3749
1159.96 1447.56 3732
1158.85 1454.15 3749
1152.46 1454.15 3749
1146.07 1454.15 3749
1136.94 1450.66 3740
1133.29 1454.15 3749
1126.89 1454.15 3749
1120.5 1454.15 3749
1111.44 1450.66 3740
1105.06 1450.66 3740
1096.34 1447.56 3732
1089.97 1447.56 3732
1076.35 1437.86 3707
1070.03 1437.86 3707
1061.42 1434.76 3699
1055.11 1434.76 3699
1048.81 1434.76 3699
1044.76 1437.86 3707
1038.44 1437.86 3707
1032.12 1437.86 3707
1028.29 1441.35 3716
1021.95 1441.35 3716
1015.62 1441.35 3716
1006.84 1437.86 3707
1000.52 1437.86 3707
994.199 1437.86 3707
983.616 1431.66 3691
979.442 1434.76 3699
977.609 1441.35 3716
975.456 1447.56 3732
969.094 1447.56 3732
962.732 1447.56 3732
956.369 1447.56 3732
950.007 1447.56 3732
943.645 1447.56 3732
939.292 1450.66 3740
932.917 1450.66 3740
926.541 1450.66 3740
920.165 1450.66 3740
913.789 1450.66 3740
907.413 1450.66 3740
901.038 1450.66 3740
894.662 1450.66 3740
886.386 1447.56 3732
880.024 1447.56 3732
873.662 1447.56 3732
867.3 1447.56 3732
864.859 1454.15 3749
858.468 1454.15 3749
852.077 1454.15 3749
843.656 1450.66 3740
835.489 1447.56 3732
825.572 1441.35 3716
819.238 1441.35 3716
809.184 1434.76 3699
801.142 1431.66 3691
793.127 1428.55 3683
786.848 1428.55 3683
780.569 1428.55 3683
774.291 1428.55 3683
768.012 1428.55 3683
761.734 1428.55 3683
755.455 1428.55 3683
750.804 1431.66 3691
744.512 1431.66 3691
739.819 1434.76 3699
733.513 1434.76 3699
730.55 1441.35 3716
724.215 1441.35 3716
717.88 1441.35 3716
711.545 1441.35 3716
701.984 1434.76 3699
692.669 1428.55 3683
686.391 1428.55 3683
678.635 1425.45 3675
670.906 1422.35 3667
666.105 1425.45 3675
661.276 1428.55 3683
654.998 1428.55 3683
648.719 1428.55 3683
639.65 1422.35 3667
633.398 1422.35 3667
624.24 1415.75 3650
616.663 1412.65 3642
607.94 1406.83 3627
601.757 1406.83 3627
594.26 1403.73 3619
586.79 1400.63 3611
576.936 1391.7 3588
569.547 1388.6 3580
563.444 1388.6 3580
556.095 1385.5 3572
548.928 1382.78 3565
542.851 1382.78 3565
536.773 1382.78 3565
530.696 1382.78 3565
523.441 1379.68 3557
515.196 1373.86 3542
509.157 1373.86 3542
501.983 1370.76 3534
493.993 1365.33 3520
485.913 1359.51 3505
479.938 1359.51 3505
472.881 1356.41 3497
466.92 1356.41 3497
462.935 1362.23 3512
456.948 1362.23 3512
450.961 1362.23 3512
445.988 1365.33 3520
440.862 1368.04 3527
435.712 1370.76 3534
429.688 1370.76 3534
423.663 1370.76 3534
417.639 1370.76 3534
411.614 1370.76 3534
405.59 1370.76 3534
399.565 1370.76 3534
-8.799 171.442 442
-9.55249 171.442 442
-10.306 171.442 442
-11.0595 171.442 442
-11.7863 171.054 441
-12.5381 171.054 441
-13.2899 171.054 441
-14.0098 170.666 440
-14.7599 170.666 440
-15.51 170.666 440
-16.2601 170.666 440
-18.9978 168.339 434
-19.7376 168.339 434
-20.4775 168.339 434
-21.2174 168.339 434
-21.9572 168.339 434
-22.6448 167.951 433
-23.3289 167.563 432
-23.954 166.787 430
-24.5148 165.624 427
-25.2427 165.624 427
-25.9098 165.236 426
-26.511 164.46 424
-27.0411 163.296 421
-27.6929 162.909 420
-28.4089 162.909 420
-29.0555 162.521 419
-29.6988 162.133 418
-30.3386 161.745 417
-31.0495 161.745 417
-31.6842 161.357 416
-32.3155 160.969 415
-32.9434 160.581 414
-33.6492 160.581 414
-34.3549 160.581 414
-34.976 160.193 413
-35.6801 160.193 413
-36.296 159.806 412
-36.9984 159.806 412
-37.7007 159.806 412
-38.2167 159.03 410
-38.8207 158.642 409
-39.5179 158.642 409
-40.1169 158.254 408
-40.7124 157.866 407
-41.4062 157.866 407
-42.1 157.866 407
-42.6887 157.478 406
-43.3808 157.478 406
-43.9644 157.09 405
-44.6548 157.09 405
-45.3453 157.09 405
-45.922 156.703 404
-46.4954 156.315 403
-47.1824 156.315 403
-47.8694 156.315 403
-48.5564 156.315 403
-49.1212 155.927 402
-49.8065 155.927 402
-50.4918 155.927 402
-51.1771 155.927 402
-51.8625 155.927 402
-65.7741 151.66 391
-66.4407 151.66 391
-67.2789 152.048 392
-67.9471 152.048 392
-68.6154 152.048 392
-69.2837 152.048 392
-69.9519 152.048 392
-70.6202 152.048 392
-71.4703 152.436 393
-72.1403 152.436 393
-72.9955 152.824 394
-73.6672 152.824 394
-74.3388 152.824 394
-74.8201 152.436 393
-75.6822 152.824 394
-76.3539 152.824 394
-77.221 153.212 395
-77.8944 153.212 395
-78.7667 153.6 396
-79.843 154.375 398
-80.5215 154.375 398
-81.2 154.375 398
-82.0842 154.763 399
-82.7644 154.763 399
-83.4446 154.763 399
-84.1248 154.763 399
-84.8049 154.763 399
-85.6994 155.151 400
-86.3813 155.151 400
-87.0632 155.151 400
-87.7451 155.151 400
-88.427 155.151 400
-89.1089 155.151 400
-89.7908 155.151 400
-90.4727 155.151 400
-91.1546 155.151 400
-91.8365 155.151 400
-92.5184 155.151 400
-93.2003 155.151 400
-93.8822 155.151 400
-103.129 164.46 424
-103.852 164.46 424
-104.575 164.46 424
-105.546 164.848 425
-106.521 165.236 426
-107.247 165.236 426
-107.973 165.236 426
-108.699 165.236 426
-109.425 165.236 426
-110.41 165.624 427
-111.398 166.012 428
-112.128 166.012 428
-112.858 166.012 428
-114.118 166.787 430
-115.385 167.563 432
-116.391 167.951 433
-117.129 167.951 433
-117.867 167.951 433
-118.879 168.339 434
-119.619 168.339 434
-120.359 168.339 434
-121.099 168.339 434
-122.4 169.115 436
-123.143 169.115 436
-124.171 169.502 437
-125.487 170.278 439
-126.523 170.666 440
-127.273 170.666 440
-128.023 170.666 440
-129.066 171.054 441
-129.818 171.054 441
-130.57 171.054 441
-131.321 171.054 441
-132.373 171.442 442
-133.126 171.442 442
-133.88 171.442 442
-892.274 907.633 2340
-896.263 907.633 2340
-900.252 907.633 2340
-903.082 906.47 2337
-904.349 903.755 2330
-907.152 902.591 2327
-911.119 902.591 2327
-909.974 897.549 2314
-907.599 891.343 2298
-905.17 885.136 2282
-909.06 885.136 2282
-910.55 882.809 2276
-913.225 881.646 2273
-915.889 880.482 2270
-919.759 880.482 2270
-921.188 878.155 2264
-920.961 874.276 2254
-921.111 870.785 2245
-924.938 870.785 2245
-926.283 868.458 2239
-927.608 866.13 2233
-930.163 864.967 2230
-933.965 864.967 2230
-932.72 860.312 2218
-934.39 858.373 2213
-934.347 854.882 2204
-938.104 854.882 2204
-939.298 852.555 2198
-941.758 851.391 2195
-940.761 847.125 2184
-944.484 847.125 2184
-948.207 847.125 2184
-948.008 843.634 2175
-949.09 841.306 2169
-952.788 841.306 2169
-955.604 840.531 2167
-957.97 839.367 2164
-958.992 837.04 2158
-962.671 837.04 2158
-965.007 835.876 2155
-967.781 835.1 2153
-968.744 832.773 2147
-972.405 832.773 2147
-974.701 831.609 2144
-977.443 830.834 2142
-981.095 830.834 2142
-984.746 830.834 2142
-987.013 829.67 2139
-989.271 828.506 2136
-991.517 827.343 2133
-995.154 827.343 2133
-997.853 826.567 2131
-1000.08 825.403 2128
-1002.29 824.24 2125
-1005.91 824.24 2125
-1009.53 824.24 2125
-1011.73 823.076 2122
-1015.34 823.076 2122
-1018.96 823.076 2122
-1022.58 823.076 2122
-1025.23 822.3 2120
-1028.84 822.3 2120
-1032.46 822.3 2120
-1033.14 819.973 2114
-1035.76 819.197 2112
-1039.36 819.197 2112
-1042.96 819.197 2112
-1046.56 819.197 2112
-1048.67 818.034 2109
-1050.77 816.87 2106
-1054.36 816.87 2106
-1057.95 816.87 2106
-1057.51 813.767 2098
-1058.56 811.828 2093
-1062.12 811.828 2093
-1063.15 809.888 2088
-1066.71 809.888 2088
-1068.73 808.725 2085
-1072.28 808.725 2085
1734.76 1563.61 4049
1736.39 1571.33 4069
1729.45 1571.33 4069
1726.75 1575.19 4079
1719.8 1575.19 4079
1712.84 1575.19 4079
1701.71 1571.33 4069
1670.2 1548.55 4010
1590.77 1480.97 3835
1584.23 1480.97 3835
1577.7 1480.97 3835
1564.19 1474.4 3818
1557.68 1474.4 3818
1554.43 1477.49 3826
1569.75 1498.35 3880
1563.14 1498.35 3880
1570.96 1512.25 3916
1571.88 1519.58 3935
1579.89 1533.87 3972
1573.12 1533.87 3972
1585.27 1552.41 4020
1585.88 1559.75 4039
1578.99 1559.75 4039
1572.11 1559.75 4039
1580.72 1575.19 4079
1573.77 1575.19 4079
1566.82 1575.19 4079
1559.86 1575.19 4079
1552.91 1575.19 4079
1545.96 1575.19 4079
1539 1575.19 4079
1518.14 1575.19 4079
1511.19 1575.19 4079
1504.23 1575.19 4079
1497.28 1575.19 4079
1490.33 1575.19 4079
1483.37 1575.19 4079
1476.42 1575.19 4079
1465.86 1571.33 4069
1458.93 1571.33 4069
1451.99 1571.33 4069
1437.95 1563.61 4049
1407.37 1537.73 3982
1393.9 1530.4 3963
1387.14 1530.4 3963
1370.63 1519.58 3935
1351.1 1505.3 3898
1341.35 1501.82 3889
1334.72 1501.82 3889
1328.09 1501.82 3889
1321.46 1501.82 3889
1302.66 1487.92 3853
1296.09 1487.92 3853
1283.5 1480.97 3835
1271.3 1474.4 3818
1264.79 1474.4 3818
1258.28 1474.4 3818
1251.77 1474.4 3818
1250.81 1480.97 3835
1244.27 1480.97 3835
1237.73 1480.97 3835
1231.2 1480.97 3835
1221.79 1477.49 3826
1201.6 1460.89 3783
1195.16 1460.89 3783
1183.36 1454.32 3766
1171.63 1447.76 3749
1165.24 1447.76 3749
1158.85 1447.76 3749
1152.46 1447.76 3749
1146.07 1447.76 3749
1139.68 1447.76 3749
1135.7 1450.85 3757
1129.3 1450.85 3757
1122.89 1450.85 3757
1116.49 1450.85 3757
1110.08 1450.85 3757
1098.69 1444.28 3740
1089.97 1441.19 3732
1083.61 1441.19 3732
1077.25 1441.19 3732
1061.42 1428.45 3699
1055.11 1428.45 3699
1048.81 1428.45 3699
1044.76 1431.54 3707
1038.44 1431.54 3707
1034.62 1435.01 3716
1028.29 1435.01 3716
1021.95 1435.01 3716
1015.62 1435.01 3716
1009.28 1435.01 3716
1000.52 1431.54 3707
994.199 1431.54 3707
987.88 1431.54 3707
983.943 1435.01 3716
977.609 1435.01 3716
975.456 1441.19 3732
969.094 1441.19 3732
964.795 1444.28 3740
958.42 1444.28 3740
954.335 1447.76 3749
947.944 1447.76 3749
941.553 1447.76 3749
935.162 1447.76 3749
930.752 1450.85 3757
924.348 1450.85 3757
917.943 1450.85 3757
911.538 1450.85 3757
905.133 1450.85 3757
898.729 1450.85 3757
892.324 1450.85 3757
880.024 1441.19 3732
873.662 1441.19 3732
867.3 1441.19 3732
864.859 1447.76 3749
858.468 1447.76 3749
852.077 1447.76 3749
843.656 1444.28 3740
835.489 1441.19 3732
825.572 1435.01 3716
819.238 1435.01 3716
809.184 1428.45 3699
801.142 1425.36 3691
793.127 1422.27 3683
786.848 1422.27 3683
780.569 1422.27 3683
774.291 1422.27 3683
768.012 1422.27 3683
761.734 1422.27 3683
755.455 1422.27 3683
750.804 1425.36 3691
744.512 1425.36 3691
739.819 1428.45 3699
733.513 1428.45 3699
730.55 1435.01 3716
724.215 1435.01 3716
717.88 1435.01 3716
711.545 1435.01 3716
703.502 1431.54 3707
695.678 1428.45 3699
689.372 1428.45 3699
681.589 1425.36 3691
675.297 1425.36 3691
669.005 1425.36 3691
662.713 1425.36 3691
656.42 1425.36 3691
650.128 1425.36 3691
642.44 1422.27 3683
636.162 1422.27 3683
627.147 1416.09 3667
618.017 1409.53 3650
609.281 1403.73 3635
603.084 1403.73 3635
595.573 1400.64 3627
588.09 1397.55 3619
579.348 1391.38 3603
573.206 1391.38 3603
564.703 1385.58 3588
557.341 1382.49 3580
550.006 1379.4 3572
542.851 1376.7 3565
536.773 1376.7 3565
530.696 1376.7 3565
523.441 1373.61 3557
515.196 1367.82 3542
509.157 1367.82 3542
500.988 1362.03 3527
494.976 1362.03 3527
486.884 1356.23 3512
480.897 1356.23 3512
473.963 1353.53 3505
468.923 1356.23 3512
463.99 1359.32 3520
457.989 1359.32 3520
451.989 1359.32 3520
447.762 1364.73 3534
441.737 1364.73 3534
436.699 1367.82 3542
430.661 1367.82 3542
424.622 1367.82 3542
417.639 1364.73 3534
411.614 1364.73 3534
405.59 1364.73 3534
398.774 1362.03 3527
-8.1001 171.846 445
-8.85872 171.846 445
-9.61733 171.846 445
-10.3526 171.46 444
-11.0595 170.688 442
-11.7863 170.302 441
-12.5381 170.302 441
-13.2899 170.302 441
-14.0098 169.915 440
-14.7599 169.915 440
-18.954 167.212 433
-19.6922 167.212 433
-20.4303 167.212 433
-21.1685 167.212 433
-21.9066 167.212 433
-22.6448 167.212 433
-23.3289 166.826 432
-23.954 166.054 430
-24.5148 164.895 427
-25.2427 164.895 427
-25.9098 164.509 426
-26.511 163.737 424
-27.1053 162.964 422
-27.6929 162.192 420
-28.4089 162.192 420
-29.0555 161.806 419
-29.6988 161.42 418
-30.3386 161.033 417
-31.0495 161.033 417
-31.6842 160.647 416
-32.3155 160.261 415
-32.9434 159.875 414
-33.6492 159.875 414
-34.3549 159.875 414
-34.976 159.489 413
-35.6801 159.489 413
-36.296 159.103 412
-36.9984 159.103 412
-37.6092 158.716 411
-38.2167 158.33 410
-38.8207 157.944 409
-39.5179 157.944 409
-40.1169 157.558 408
-40.7124 157.172 407
-41.4062 157.172 407
-42.1 157.172 407
-42.6887 156.786 406
-43.3808 156.786 406
-43.9644 156.399 405
-44.6548 156.399 405
-45.3453 156.399 405
-45.922 156.013 404
-46.4954 155.627 403
-47.1824 155.627 403
-47.8694 155.627 403
-48.5564 155.627 403
-49.1212 155.241 402
-49.8065 155.241 402
-50.4918 155.241 402
-51.1771 155.241 402
-65.7741 150.993 391
-66.4407 150.993 391
-67.2789 151.379 392
-67.9471 151.379 392
-68.6154 151.379 392
-69.2837 151.379 392
-69.9519 151.379 392
-70.6202 151.379 392
-71.6522 152.152 394
-72.3238 152.152 394
-72.9955 152.152 394
-73.6672 152.152 394
-74.3388 152.152 394
-75.0105 152.152 394
-75.6822 152.152 394
-76.3539 152.152 394
-77.221 152.538 395
-78.0916 152.924 396
-78.7667 152.924 396
-79.843 153.696 398
-80.5215 153.696 398
-81.2 153.696 398
-82.0842 154.082 399
-82.7644 154.082 399
-83.4446 154.082 399
-84.1248 154.082 399
-84.8049 154.082 399
-85.6994 154.469 400
-86.3813 154.469 400
-87.0632 154.469 400
-87.7451 154.469 400
-88.427 154.469 400
-89.1089 154.469 400
-89.7908 154.469 400
-90.4727 154.469 400
-91.1546 154.469 400
-91.8365 154.469 400
-92.5184 154.469 400
-103.129 163.737 424
-103.852 163.737 424
-104.575 163.737 424
-105.546 164.123 425
-106.521 164.509 426
-107.247 164.509 426
-107.973 164.509 426
-108.954 164.895 427
-109.682 164.895 427
-110.669 165.281 428
-111.398 165.281 428
-112.39 165.668 429
-113.121 165.668 429
-114.383 166.44 431
-115.385 166.826 432
-116.391 167.212 433
-117.129 167.212 433
-117.867 167.212 433
-118.879 167.598 434
-119.619 167.598 434
-120.359 167.598 434
-121.099 167.598 434
-122.4 168.371 436
-123.143 168.371 436
-124.171 168.757 437
-125.487 169.529 439
-126.523 169.915 440
-127.273 169.915 440
-128.023 169.915 440
-129.066 170.302 441
-129.818 170.302 441
-130.57 170.302 441
-131.321 170.302 441
-132.073 170.302 441
-132.825 170.302 441
-893.582 900.938 2333
-897.559 900.938 2333
-901.536 900.938 2333
-897.016 888.58 2301
-900.939 888.58 2301
-904.861 888.58 2301
-906.414 886.263 2295
-903.98 880.085 2279
-907.865 880.085 2279
-910.55 878.926 2276
-913.225 877.768 2273
-913.469 874.292 2264
-917.328 874.292 2264
-917.119 870.43 2254
-918.51 868.113 2248
-919.88 865.796 2242
-923.702 865.796 2242
-923.801 862.321 2233
-922.623 857.687 2221
-923.906 855.37 2215
-927.682 855.37 2215
-929.356 853.439 2210
-930.59 851.122 2204
-930.532 847.646 2195
-934.274 847.646 2195
-934.169 844.171 2186
-937.038 843.398 2184
-938.177 841.081 2178
-941.89 841.081 2178
-944.3 839.923 2175
-944.521 836.833 2167
-946.902 835.675 2164
-950.591 835.675 2164
-951.635 833.358 2158
-955.313 833.358 2158
-956.77 831.427 2153
-960.441 831.427 2153
-964.111 831.427 2153
-966.433 830.269 2150
-967.391 827.952 2144
-971.046 827.952 2144
-973.792 827.179 2142
-977.443 827.179 2142
-979.721 826.021 2139
-983.367 826.021 2139
-985.629 824.862 2136
-987.881 823.704 2133
-990.588 822.931 2131
-994.221 822.931 2131
-997.853 822.931 2131
-1000.08 821.773 2128
-1002.29 820.614 2125
-1005.91 820.614 2125
-1009.53 820.614 2125
-1011.73 819.456 2122
-1015.34 819.456 2122
-1018.96 819.456 2122
-1022.58 819.456 2122
-1025.23 818.683 2120
-1028.84 818.683 2120
-1032.46 818.683 2120
-1033.14 816.366 2114
-1035.76 815.594 2112
-1039.36 815.594 2112
-1042.96 815.594 2112
-1046.56 815.594 2112
-1048.67 814.435 2109
-1050.77 813.277 2106
-1054.36 813.277 2106
-1057.95 813.277 2106
-1057.51 810.188 2098
-1058.56 808.257 2093
-1062.12 808.257 2093
-1063.15 806.326 2088
-1066.71 806.326 2088
-1068.73 805.167 2085
-1072.28 805.167 2085
1734.76 1556.7 4049
1736.39 1564.39 4069
1729.45 1564.39 4069
1726.75 1568.23 4079
1719.8 1568.23 4079
1712.84 1568.23 4079
1701.71 1564.39 4069
1686.44 1556.7 4049
1590.77 1474.42 3835
1584.23 1474.42 3835
1577.7 1474.42 3835
1564.19 1467.89 3818
1560.95 1470.96 3826
1554.43 1470.96 3826
1577.03 1498.65 3898
1570.39 1498.65 3898
1582.2 1516.33 3944
1586.66 1527.1 3972
1579.89 1527.1 3972
1580.64 1534.4 3991
1592.77 1552.86 4039
1597.66 1564.39 4069
1590.72 1564.39 4069
1587.68 1568.23 4079
1584.6 1572.08 4089
1577.63 1572.08 4089
1570.66 1572.08 4089
1559.86 1568.23 4079
1490.33 1568.23 4079
1483.37 1568.23 4079
1476.42 1568.23 4079
1469.47 1568.23 4079
1462.51 1568.23 4079
1451.99 1564.39 4069
1437.95 1556.7 4049
1407.37 1530.94 3982
1393.9 1523.64 3963
1387.14 1523.64 3963
1360.88 1502.11 3907
1347.98 1495.19 3889
1341.35 1495.19 3889
1334.72 1495.19 3889
1328.09 1495.19 3889
1321.46 1495.19 3889
1299.62 1477.88 3844
1293.06 1477.88 3844
1283.5 1474.42 3835
1271.3 1467.89 3818
1264.79 1467.89 3818
1258.28 1467.89 3818
1251.77 1467.89 3818
1250.81 1474.42 3835
1244.27 1474.42 3835
1237.73 1474.42 3835
1231.2 1474.42 3835
1221.79 1470.96 3826
1201.6 1454.43 3783
1195.16 1454.43 3783
1185.88 1450.97 3774
1176.94 1447.9 3766
1167.73 1444.44 3757
1164.1 1447.9 3766
1157.68 1447.9 3766
1151.26 1447.9 3766
1142.11 1444.44 3757
1135.7 1444.44 3757
1129.3 1444.44 3757
1122.89 1444.44 3757
1116.49 1444.44 3757
1110.08 1444.44 3757
1101.33 1441.36 3749
1092.31 1437.9 3740
1085.93 1437.9 3740
1079.56 1437.9 3740
1061.42 1422.14 3699
1055.11 1422.14 3699
1048.81 1422.14 3699
1044.76 1425.21 3707
1038.44 1425.21 3707
1034.62 1428.67 3716
1028.29 1428.67 3716
1021.95 1428.67 3716
1015.62 1428.67 3716
1009.28 1428.67 3716
1000.52 1425.21 3707
996.613 1428.67 3716
990.278 1428.67 3716
983.943 1428.67 3716
979.713 1431.75 3724
977.547 1437.9 3740
971.171 1437.9 3740
967.117 1441.36 3749
960.726 1441.36 3749
954.335 1441.36 3749
947.944 1441.36 3749
943.562 1444.44 3757
937.157 1444.44 3757
932.982 1447.9 3766
926.562 1447.9 3766
920.142 1447.9 3766
913.722 1447.9 3766
907.302 1447.9 3766
900.882 1447.9 3766
894.461 1447.9 3766
888.041 1447.9 3766
881.621 1447.9 3766
875.201 1447.9 3766
868.781 1447.9 3766
862.361 1447.9 3766
855.941 1447.9 3766
847.491 1444.44 3757
837.28 1437.9 3740
829.127 1434.82 3732
822.765 1434.82 3732
810.934 1425.21 3707
802.878 1422.14 3699
796.572 1422.14 3699
790.266 1422.14 3699
783.96 1422.14 3699
775.973 1419.06 3691
769.68 1419.06 3691
763.388 1419.06 3691
757.096 1419.06 3691
750.804 1419.06 3691
744.512 1419.06 3691
741.419 1425.21 3707
735.1 1425.21 3707
730.55 1428.67 3716
724.215 1428.67 3716
717.88 1428.67 3716
711.545 1428.67 3716
703.502 1425.21 3707
695.678 1422.14 3699
689.372 1422.14 3699
681.589 1419.06 3691
675.297 1419.06 3691
669.005 1419.06 3691
662.713 1419.06 3691
656.42 1419.06 3691
650.128 1419.06 3691
642.44 1415.99 3683
636.162 1415.99 3683
627.147 1409.83 3667
618.017 1403.3 3650
609.281 1397.53 3635
603.084 1397.53 3635
595.573 1394.46 3627
588.09 1391.38 3619
579.348 1385.23 3603
573.206 1385.23 3603
564.703 1379.46 3588
557.341 1376.39 3580
550.006 1373.31 3572
542.851 1370.62 3565
536.773 1370.62 3565
530.696 1370.62 3565
524.618 1370.62 3565
517.377 1367.54 3557
511.314 1367.54 3557
503.119 1361.78 3542
495.958 1358.7 3534
488.963 1356.01 3527
482.951 1356.01 3527
475.991 1353.32 3520
470.925 1356.01 3527
466.89 1361.78 3542
460.852 1361.78 3542
454.813 1361.78 3542
448.775 1361.78 3542
443.612 1364.47 3549
437.562 1364.47 3549
431.512 1364.47 3549
425.462 1364.47 3549
419.411 1364.47 3549
413.361 1364.47 3549
407.311 1364.47 3549
398.774 1356.01 3527
392.761 1356.01 3527
386.748 1356.01 3527
-8.1001 171.087 445
-8.85872 171.087 445
-9.61733 171.087 445
-10.3526 170.703 444
-11.0595 169.934 442
-11.7863 169.549 441
-12.5381 169.549 441
-13.2899 169.549 441
-14.0098 169.165 440
-14.7599 169.165 440
-15.4747 168.78 439
-16.2231 168.78 439
-18.954 166.473 433
-19.6922 166.473 433
-20.4303 166.473 433
-21.1685 166.473 433
-21.9066 166.473 433
-22.6448 166.473 433
-23.3289 166.089 432
-23.954 165.32 430
-24.5148 164.167 427
-25.2427 164.167 427
-25.9098 163.782 426
-26.511 163.013 424
-27.1053 162.244 422
-27.6929 161.475 420
-28.4089 161.475 420
-29.0555 161.091 419
-29.6988 160.706 418
-30.3386 160.322 417
-31.0495 160.322 417
-31.6842 159.938 416
-32.3155 159.553 415
-32.9434 159.169 414
-33.6492 159.169 414
-34.3549 159.169 414
-34.976 158.784 413
-35.6801 158.784 413
-36.296 158.4 412
-36.9984 158.4 412
-37.6092 158.015 411
-38.2167 157.631 410
-38.8207 157.246 409
-39.5179 157.246 409
-40.1169 156.862 408
-40.7124 156.477 407
-41.4062 156.477 407
-42.1 156.477 407
-42.6887 156.093 406
-43.3808 156.093 406
-43.9644 155.708 405
-44.6548 155.708 405
-45.3453 155.708 405
-45.922 155.324 404
-46.6107 155.324 404
-47.2995 155.324 404
-47.9882 155.324 404
-48.5564 154.94 403
-49.1212 154.555 402
-49.8065 154.555 402
-50.4918 154.555 402
-51.1771 154.555 402
-67.2789 150.71 392
-67.9471 150.71 392
-68.6154 150.71 392
-69.2837 150.71 392
-69.9519 150.71 392
-70.6202 150.71 392
-71.6522 151.479 394
-72.3238 151.479 394
-72.9955 151.479 394
-73.6672 151.479 394
-74.3388 151.479 394
-75.0105 151.479 394
-75.6822 151.479 394
-76.3539 151.479 394
-77.221 151.864 395
-78.0916 152.248 396
-78.9656 152.633 397
-79.843 153.017 398
-80.5215 153.017 398
-81.2 153.017 398
-82.0842 153.402 399
-82.7644 153.402 399
-83.4446 153.402 399
-84.1248 153.402 399
-85.0175 153.786 400
-85.6994 153.786 400
-86.3813 153.786 400
-87.0632 153.786 400
-87.7451 153.786 400
-88.427 153.786 400
-89.1089 153.786 400
-89.7908 153.786 400
-90.6989 154.171 401
-91.3825 154.171 401
-92.0661 154.171 401
-92.7497 154.171 401
-103.129 163.013 424
-103.852 163.013 424
-104.575 163.013 424
-105.546 163.398 425
-106.521 163.782 426
-107.247 163.782 426
-107.973 163.782 426
-108.954 164.167 427
-109.682 164.167 427
-110.669 164.551 428
-111.398 164.551 428
-112.39 164.936 429
-113.121 164.936 429
-114.383 165.705 431
-115.385 166.089 432
-116.391 166.473 433
-117.129 166.473 433
-117.867 166.473 433
-118.879 166.858 434
-119.619 166.858 434
-120.359 166.858 434
-121.378 167.242 435
-122.4 167.627 436
-123.143 167.627 436
-124.171 168.011 437
-125.487 168.78 439
-126.523 169.165 440
-127.273 169.165 440
-128.023 169.165 440
-129.066 169.549 441
-129.818 169.549 441
-130.57 169.549 441
-131.619 169.934 442
-132.373 169.934 442
-133.126 169.934 442
-893.582 896.958 2333
-897.559 896.958 2333
-901.536 896.958 2333
-897.016 884.655 2301
-900.939 884.655 2301
-904.861 884.655 2301
-906.414 882.348 2295
-903.98 876.196 2279
-907.865 876.196 2279
-910.55 875.043 2276
-913.225 873.89 2273
-913.469 870.429 2264
-917.328 870.429 2264
-914.677 864.278 2248
-917.284 863.125 2245
-918.649 860.818 2239
-922.466 860.818 2239
-921.319 856.204 2227
-920.13 851.591 2215
-923.072 850.822 2213
-926.845 850.822 2213
-928.094 848.515 2207
-926.79 843.901 2195
-929.26 842.748 2192
-932.997 842.748 2192
-934.169 840.441 2186
-934.464 837.365 2178
-934.3 833.905 2169
-937.997 833.905 2169
-941.695 833.905 2169
-943.213 831.983 2164
-944.277 829.676 2158
-947.956 829.676 2158
-950.312 828.523 2155
-953.1 827.754 2153
-956.77 827.754 2153
-960.441 827.754 2153
-961.424 825.447 2147
-965.084 825.447 2147
-966.488 823.525 2142
-970.14 823.525 2142
-973.792 823.525 2142
-976.074 822.371 2139
-979.721 822.371 2139
-983.367 822.371 2139
-985.629 821.218 2136
-986.955 819.296 2131
-990.588 819.296 2131
-994.221 819.296 2131
-997.853 819.296 2131
-1001.49 819.296 2131
-1003.7 818.142 2128
-1007.33 818.142 2128
-1009.53 816.989 2125
-1013.16 816.989 2125
-1016.78 816.989 2125
-1020.4 816.989 2125
-1021.62 815.066 2120
-1025.23 815.066 2120
-1028.84 815.066 2120
-1032.46 815.066 2120
-1033.14 812.76 2114
-1035.76 811.991 2112
-1039.36 811.991 2112
-1042.96 811.991 2112
-1046.56 811.991 2112
-1048.67 810.837 2109
-1050.77 809.684 2106
-1054.36 809.684 2106
-1057.95 809.684 2106
-1057.51 806.608 2098
-1058.56 804.686 2093
-1062.12 804.686 2093
-1063.15 802.764 2088
-1066.71 802.764 2088
-1068.73 801.61 2085
-1072.28 801.61 2085
1734.76 1549.79 4049
1736.39 1557.45 4069
1729.45 1557.45 4069
1726.75 1561.27 4079
1719.8 1561.27 4079
1717.04 1565.1 4089
1710.07 1565.1 4089
1703.1 1565.1 4089
1590.77 1467.88 3835
1584.23 1467.88 3835
1577.7 1467.88 3835
1567.47 1464.44 3826
1582.98 1485.11 3880
1587.33 1495.44 3907
1580.67 1495.44 3907
1574.01 1495.44 3907
1589.82 1516.87 3963
1586.66 1520.32 3972
1579.89 1520.32 3972
1580.64 1527.59 3991
1592.77 1545.96 4039
1601.59 1561.27 4079
1594.63 1561.27 4079
1591.57 1565.1 4089
1584.6 1565.1 4089
1577.63 1565.1 4089
1570.66 1565.1 4089
1476.42 1561.27 4079
1469.47 1561.27 4079
1462.51 1561.27 4079
1451.99 1557.45 4069
1445.05 1557.45 4069
1417.26 1534.86 4010
1397.06 1520.32 3972
1390.29 1520.32 3972
1360.88 1495.44 3907
1351.1 1492 3898
1341.35 1488.55 3889
1334.72 1488.55 3889
1328.09 1488.55 3889
1321.46 1488.55 3889
1305.7 1478.22 3862
1299.12 1478.22 3862
1286.51 1471.33 3844
1276.96 1467.88 3835
1273.41 1471.33 3844
1266.85 1471.33 3844
1260.3 1471.33 3844
1256.68 1474.77 3853
1250.11 1474.77 3853
1243.54 1474.77 3853
1234.09 1471.33 3844
1224.66 1467.88 3835
1209.86 1457.93 3809
1203.37 1457.93 3809
1185.88 1444.53 3774
1176.94 1441.47 3766
1167.73 1438.03 3757
1164.1 1441.47 3766
1157.68 1441.47 3766
1151.26 1441.47 3766
1142.11 1438.03 3757
1135.7 1438.03 3757
1129.3 1438.03 3757
1122.89 1438.03 3757
1116.49 1438.03 3757
1110.08 1438.03 3757
1101.33 1434.96 3749
1092.31 1431.52 3740
1085.93 1431.52 3740
1079.56 1431.52 3740
1061.42 1415.83 3699
1055.11 1415.83 3699
1048.81 1415.83 3699
1044.76 1418.89 3707
1038.44 1418.89 3707
1034.62 1422.33 3716
1032.71 1428.46 3732
1026.35 1428.46 3732
1019.99 1428.46 3732
1011.46 1425.4 3724
1002.95 1422.33 3716
996.613 1422.33 3716
990.278 1422.33 3716
986.062 1425.4 3724
979.713 1425.4 3724
977.547 1431.52 3740
971.171 1431.52 3740
967.117 1434.96 3749
962.776 1438.03 3757
958.662 1441.47 3766
952.242 1441.47 3766
945.822 1441.47 3766
939.402 1441.47 3766
932.982 1441.47 3766
926.562 1441.47 3766
922.096 1444.53 3774
915.663 1444.53 3774
909.229 1444.53 3774
902.795 1444.53 3774
896.362 1444.53 3774
889.928 1444.53 3774
883.494 1444.53 3774
877.06 1444.53 3774
868.781 1441.47 3766
862.361 1441.47 3766
855.941 1441.47 3766
847.491 1438.03 3757
837.28 1431.52 3740
829.127 1428.46 3732
822.765 1428.46 3732
812.903 1422.33 3716
804.614 1418.89 3707
796.572 1415.83 3699
791.975 1418.89 3707
785.656 1418.89 3707
779.336 1418.89 3707
773.017 1418.89 3707
766.697 1418.89 3707
760.378 1418.89 3707
754.058 1418.89 3707
747.739 1418.89 3707
746.42 1428.46 3732
740.057 1428.46 3732
735.268 1431.52 3740
728.892 1431.52 3740
722.517 1431.52 3740
716.141 1431.52 3740
705.21 1422.33 3716
697.183 1418.89 3707
690.863 1418.89 3707
683.067 1415.83 3699
676.761 1415.83 3699
670.455 1415.83 3699
664.149 1415.83 3699
657.843 1415.83 3699
650.128 1412.76 3691
642.44 1409.7 3683
636.162 1409.7 3683
627.147 1403.58 3667
619.372 1400.13 3658
610.454 1394.01 3642
604.245 1394.01 3642
596.887 1391.33 3635
589.39 1388.27 3627
580.634 1382.14 3611
574.479 1382.14 3611
567.064 1379.08 3603
558.586 1373.34 3588
551.238 1370.28 3580
545.135 1370.28 3580
539.032 1370.28 3580
532.929 1370.28 3580
524.618 1364.54 3565
517.377 1361.47 3557
511.314 1361.47 3557
503.119 1355.73 3542
495.958 1352.67 3534
488.963 1349.99 3527
482.951 1349.99 3527
475.991 1347.31 3520
470.925 1349.99 3527
466.89 1355.73 3542
460.852 1355.73 3542
454.813 1355.73 3542
448.775 1355.73 3542
443.612 1358.41 3549
437.562 1358.41 3549
431.512 1358.41 3549
425.462 1358.41 3549
419.411 1358.41 3549
413.361 1358.41 3549
407.311 1358.41 3549
398.774 1349.99 3527
392.761 1349.99 3527
386.748 1349.99 3527
-8.1001 170.328 445
-8.85872 170.328 445
-9.61733 170.328 445
-10.3526 169.945 444
-11.0595 169.18 442
-11.7863 168.797 441
-12.5381 168.797 441
-13.2899 168.797 441
-14.0098 168.414 440
-14.7263 168.031 439
-15.4747 168.031 439
-16.2231 168.031 439
-18.954 165.735 433
-19.6922 165.735 433
-20.4303 165.735 433
-21.1685 165.735 433
-21.9066 165.735 433
-22.6448 165.735 433
-23.2749 164.969 431
-23.954 164.586 430
-24.5148 163.438 427
-25.2427 163.438 427
-25.9098 163.055 426
-26.511 162.29 424
-27.1053 161.524 422
-27.6929 160.759 420
-28.4089 160.759 420
-29.0555 160.376 419
-29.6988 159.993 418
-30.3386 159.611 417
-31.0495 159.611 417
-31.6842 159.228 416
-32.3155 158.845 415
-32.9434 158.462 414
-33.6492 158.462 414
-34.3549 158.462 414
-34.976 158.08 413
-35.6801 158.08 413
-36.296 157.697 412
-36.9984 157.697 412
-37.6092 157.314 411
-38.2167 156.931 410
-38.8207 156.549 409
-39.5179 156.549 409
-40.1169 156.166 408
-40.7124 155.783 407
-41.4062 155.783 407
-42.1 155.783 407
-42.6887 155.4 406
-43.3808 155.4 406
-43.9644 155.017 405
-44.6548 155.017 405
-45.3453 155.017 405
-46.0357 155.017 405
-46.6107 154.635 404
-47.2995 154.635 404
-47.9882 154.635 404
-48.6769 154.635 404
-49.1212 153.869 402
-49.8065 153.869 402
-50.4918 153.869 402
-51.1771 153.869 402
-67.9471 150.042 392
-68.6154 150.042 392
-69.2837 150.042 392
-69.9519 150.042 392
-70.9805 150.807 394
-71.6522 150.807 394
-72.3238 150.807 394
-72.9955 150.807 394
-73.6672 150.807 394
-74.3388 150.807 394
-75.0105 150.807 394
-75.6822 150.807 394
-76.3539 150.807 394
-77.0255 150.807 394
-78.0916 151.573 396
-78.9656 151.955 397
-79.843 152.338 398
-80.5215 152.338 398
-81.2 152.338 398
-82.0842 152.721 399
-82.7644 152.721 399
-83.4446 152.721 399
-84.1248 152.721 399
-85.0175 153.104 400
-85.6994 153.104 400
-86.3813 153.104 400
-87.0632 153.104 400
-87.7451 153.104 400
-88.427 153.104 400
-89.1089 153.104 400
-89.7908 153.104 400
-90.6989 153.486 401
-91.3825 153.486 401
-92.0661 153.486 401
-92.7497 153.486 401
-103.129 162.29 424
-103.852 162.29 424
-104.575 162.29 424
-105.546 162.673 425
-106.521 163.055 426
-107.247 163.055 426
-107.973 163.055 426
-108.954 163.438 427
-109.682 163.438 427
-110.669 163.821 428
-111.398 163.821 428
-112.39 164.204 429
-113.121 164.204 429
-114.383 164.969 431
-115.385 165.352 432
-116.391 165.735 433
-117.129 165.735 433
-117.867 165.735 433
-118.879 166.118 434
-119.619 166.118 434
-120.359 166.118 434
-121.378 166.5 435
-122.4 166.883 436
-123.143 166.883 436
-124.171 167.266 437
-125.487 168.031 439
-126.523 168.414 440
-127.273 168.414 440
-128.023 168.414 440
-129.066 168.797 441
-129.818 168.797 441
-130.866 169.18 442
-131.917 169.562 443
-132.972 169.945 444
-133.729 169.945 444
-134.486 169.945 444
-891.15 871.16 2276
-895.03 871.16 2276
-898.91 871.16 2276
-902.79 871.16 2276
-906.67 871.16 2276
-910.55 871.16 2276
-913.225 870.012 2273
-913.469 866.567 2264
-917.328 866.567 2264
-914.677 860.443 2248
-917.284 859.294 2245
-918.649 856.998 2239
-922.466 856.998 2239
-921.319 852.405 2227
-920.13 847.812 2215
-923.072 847.046 2213
-926.845 847.046 2213
-928.094 844.75 2207
-926.79 840.156 2195
-929.26 839.008 2192
-932.997 839.008 2192
-934.169 836.712 2186
-934.464 833.65 2178
-934.3 830.205 2169
-937.997 830.205 2169
-941.695 830.205 2169
-943.213 828.291 2164
-944.277 825.994 2158
-947.956 825.994 2158
-950.312 824.846 2155
-953.1 824.081 2153
-955.437 822.932 2150
-959.102 822.932 2150
-961.424 821.784 2147
-965.084 821.784 2147
-966.488 819.87 2142
-970.14 819.87 2142
-973.792 819.87 2142
-976.074 818.722 2139
-979.721 818.722 2139
-983.367 818.722 2139
-985.629 817.574 2136
-987.881 816.425 2133
-990.588 815.66 2131
-994.221 815.66 2131
-997.853 815.66 2131
-1001.49 815.66 2131
-1003.7 814.512 2128
-1007.33 814.512 2128
-1010.96 814.512 2128
-1013.16 813.363 2125
-1016.78 813.363 2125
-1020.4 813.363 2125
-1022.58 812.215 2122
-1025.23 811.45 2120
-1027.39 810.301 2117
-1031 810.301 2117
-1032.16 808.387 2112
-1035.76 808.387 2112
-1039.36 808.387 2112
-1042.96 808.387 2112
-1045.08 807.239 2109
-1047.18 806.091 2106
-1050.77 806.091 2106
-1054.36 806.091 2106
-1057.95 806.091 2106
-1059.02 804.177 2101
-1060.07 802.263 2096
-1063.65 802.263 2096
-1063.15 799.201 2088
-1066.71 799.201 2088
-1070.27 799.201 2088
-1073.83 799.201 2088
1717.04 1558.13 4089
1710.07 1558.13 4089
1703.1 1558.13 4089
1587.04 1457.91 3826
1580.52 1457.91 3826
1573.99 1457.91 3826
1567.47 1457.91 3826
1582.98 1478.49 3880
1587.33 1488.77 3907
1580.67 1488.77 3907
1574.01 1488.77 3907
1589.82 1510.11 3963
1586.66 1513.54 3972
1579.89 1513.54 3972
1580.64 1520.78 3991
1592.77 1539.07 4039
1601.59 1554.32 4079
1594.63 1554.32 4079
1591.57 1558.13 4089
1584.6 1558.13 4089
1577.63 1558.13 4089
1570.66 1558.13 4089
1476.42 1554.32 4079
1469.47 1554.32 4079
1462.51 1554.32 4079
1451.99 1550.51 4069
1445.05 1550.51 4069
1424.33 1535.64 4030
1417.46 1535.64 4030
1400.44 1524.59 4001
1373.77 1502.87 3944
1360.46 1495.63 3925
1353.77 1495.63 3925
1347.08 1495.63 3925
1340.38 1495.63 3925
1330.64 1492.2 3916
1314.83 1481.92 3889
1308.2 1481.92 3889
1292.54 1471.63 3862
1285.95 1471.63 3862
1279.37 1471.63 3862
1272.78 1471.63 3862
1266.2 1471.63 3862
1259.62 1471.63 3862
1253.03 1471.63 3862
1246.45 1471.63 3862
1239.87 1471.63 3862
1227.53 1464.77 3844
1212.72 1454.86 3818
1206.21 1454.86 3818
1194.05 1448 3800
1179.45 1438.09 3774
1175.81 1441.52 3783
1169.36 1441.52 3783
1162.91 1441.52 3783
1156.46 1441.52 3783
1144.84 1435.05 3766
1140.84 1438.09 3774
1134.41 1438.09 3774
1127.98 1438.09 3774
1121.54 1438.09 3774
1115.11 1438.09 3774
1106.32 1435.05 3766
1097.28 1431.62 3757
1085.93 1425.14 3740
1079.56 1425.14 3740
1068.59 1419.04 3724
1057.39 1412.56 3707
1051.07 1412.56 3707
1044.76 1412.56 3707
1038.44 1412.56 3707
1034.62 1415.99 3716
1032.71 1422.09 3732
1026.35 1422.09 3732
1019.99 1422.09 3732
1011.46 1419.04 3724
1002.95 1415.99 3716
996.613 1415.99 3716
990.278 1415.99 3716
986.062 1419.04 3724
979.713 1419.04 3724
977.547 1425.14 3740
971.171 1425.14 3740
967.117 1428.57 3749
962.776 1431.62 3757
958.662 1435.05 3766
952.242 1435.05 3766
945.822 1435.05 3766
939.402 1435.05 3766
932.982 1435.05 3766
926.562 1435.05 3766
922.096 1438.09 3774
915.663 1438.09 3774
909.229 1438.09 3774
902.795 1438.09 3774
896.362 1438.09 3774
889.928 1438.09 3774
883.494 1438.09 3774
877.06 1438.09 3774
870.627 1438.09 3774
864.193 1438.09 3774
857.759 1438.09 3774
849.521 1435.05 3766
841.086 1431.62 3757
830.904 1425.14 3740
824.529 1425.14 3740
816.403 1422.09 3732
808.304 1419.04 3724
801.956 1419.04 3724
795.607 1419.04 3724
789.259 1419.04 3724
782.91 1419.04 3724
778.23 1422.09 3732
771.868 1422.09 3732
765.506 1422.09 3732
759.144 1422.09 3732
752.782 1422.09 3732
749.82 1428.57 3749
743.429 1428.57 3749
737.037 1428.57 3749
730.646 1428.57 3749
724.255 1428.57 3749
717.864 1428.57 3749
709.765 1425.14 3740
703.389 1425.14 3740
697.013 1425.14 3740
687.683 1419.04 3724
681.335 1419.04 3724
671.905 1412.56 3707
665.585 1412.56 3707
659.266 1412.56 3707
650.128 1406.47 3691
642.44 1403.42 3683
636.162 1403.42 3683
628.515 1400.37 3675
619.372 1393.89 3658
611.795 1390.84 3650
605.573 1390.84 3650
598.037 1387.8 3642
589.39 1382.08 3627
580.634 1375.98 3611
574.479 1375.98 3611
567.064 1372.93 3603
560.922 1372.93 3603
553.547 1369.89 3595
547.419 1369.89 3595
541.29 1369.89 3595
532.929 1364.17 3580
526.826 1364.17 3580
520.723 1364.17 3580
513.47 1361.12 3572
506.386 1358.45 3565
498.063 1352.36 3549
492.013 1352.36 3549
485.963 1352.36 3549
477.885 1346.64 3534
472.928 1349.69 3542
467.813 1352.36 3549
461.762 1352.36 3549
457.767 1358.45 3565
451.689 1358.45 3565
445.612 1358.45 3565
439.535 1358.45 3565
435.281 1364.17 3580
429.178 1364.17 3580
423.075 1364.17 3580
415.225 1358.45 3565
409.147 1358.45 3565
400.469 1349.69 3542
394.431 1349.69 3542
388.393 1349.69 3542
-8.1001 169.569 445
-8.85872 169.569 445
-9.61733 169.569 445
-10.3526 169.188 444
-11.0345 168.044 441
-11.7863 168.044 441
-12.5381 168.044 441
-13.2899 168.044 441
-13.978 167.282 439
-14.7263 167.282 439
-15.4747 167.282 439
-16.2231 167.282 439
-18.954 164.996 433
-19.6922 164.996 433
-20.4303 164.996 433
-21.1685 164.996 433
-21.9066 164.996 433
-22.6448 164.996 433
-23.2749 164.234 431
-23.954 163.853 430
-24.5722 163.091 428
-25.3018 163.091 428
-25.9706 162.71 427
-26.511 161.567 424
-27.1053 160.804 422
-27.6929 160.042 420
-28.4089 160.042 420
-29.0555 159.661 419
-29.6988 159.28 418
-30.3386 158.899 417
-31.0495 158.899 417
-31.6842 158.518 416
-32.3155 158.137 415
-32.9434 157.756 414
-33.6492 157.756 414
-34.3549 157.756 414
-34.976 157.375 413
-35.6801 157.375 413
-36.296 156.994 412
-36.9984 156.994 412
-37.6092 156.613 411
-38.2167 156.232 410
-38.8207 155.851 409
-39.5179 155.851 409
-40.1169 155.47 408
-40.7124 155.089 407
-41.4062 155.089 407
-42.1 155.089 407
-42.6887 154.708 406
-43.3808 154.708 406
-43.9644 154.327 405
-44.6548 154.327 405
-45.3453 154.327 405
-46.0357 154.327 405
-46.6107 153.945 404
-47.2995 153.945 404
-47.9882 153.945 404
-48.6769 153.945 404
-49.1212 153.183 402
-49.8065 153.183 402
-50.4918 153.183 402
-51.1771 153.183 402
-68.6154 149.373 392
-69.2837 149.373 392
-70.3088 150.135 394
-70.9805 150.135 394
-71.834 150.516 395
-72.5074 150.516 395
-73.1808 150.516 395
-73.8541 150.516 395
-74.5275 150.516 395
-75.0105 150.135 394
-75.6822 150.135 394
-76.3539 150.135 394
-77.0255 150.135 394
-78.2888 151.278 397
-78.9656 151.278 397
-79.843 151.659 398
-80.5215 151.659 398
-81.2 151.659 398
-82.0842 152.04 399
-82.7644 152.04 399
-83.4446 152.04 399
-84.1248 152.04 399
-85.0175 152.421 400
-85.6994 152.421 400
-86.3813 152.421 400
-87.0632 152.421 400
-87.7451 152.421 400
-88.427 152.421 400
-89.1089 152.421 400
-90.0153 152.802 401
-90.6989 152.802 401
-91.3825 152.802 401
-92.0661 152.802 401
-92.7497 152.802 401
-102.886 161.185 423
-103.607 161.185 423
-104.575 161.567 424
-105.546 161.948 425
-106.27 161.948 425
-107.247 162.329 426
-107.973 162.329 426
-108.954 162.71 427
-109.682 162.71 427
-110.41 162.71 427
-111.398 163.091 428
-112.39 163.472 429
-113.121 163.472 429
-114.383 164.234 431
-115.385 164.615 432
-116.391 164.996 433
-117.129 164.996 433
-117.867 164.996 433
-118.879 165.377 434
-119.619 165.377 434
-120.636 165.758 435
-121.378 165.758 435
-122.681 166.52 437
-123.426 166.52 437
-124.455 166.901 438
-125.487 167.282 439
-126.523 167.663 440
-127.273 167.663 440
-128.023 167.663 440
-129.066 168.044 441
-129.818 168.044 441
-131.162 168.807 443
-132.215 169.188 444
-133.271 169.569 445
-134.03 169.569 445
-134.788 169.569 445
-891.15 867.277 2276
-895.03 867.277 2276
-898.91 867.277 2276
-902.79 867.277 2276
-906.67 867.277 2276
-909.35 866.134 2273
-913.225 866.134 2273
-913.469 862.704 2264
-917.328 862.704 2264
-914.677 856.607 2248
-917.284 855.464 2245
-918.649 853.178 2239
-922.466 853.178 2239
-921.319 848.605 2227
-919.299 843.271 2213
-921.821 842.127 2210
-925.588 842.127 2210
-928.094 840.984 2207
-925.523 835.268 2192
-927.988 834.125 2189
-931.72 834.125 2189
-934.169 832.982 2186
-931.889 827.647 2172
-934.3 826.504 2169
-937.997 826.504 2169
-940.827 825.742 2167
-941.906 823.456 2161
-942.964 821.169 2155
-946.638 821.169 2155
-949.43 820.407 2153
-953.1 820.407 2153
-955.437 819.264 2150
-959.102 819.264 2150
-961.424 818.121 2147
-965.084 818.121 2147
-967.391 816.978 2144
-971.046 816.978 2144
-973.792 816.216 2142
-977.443 816.216 2142
-981.095 816.216 2142
-984.746 816.216 2142
-987.013 815.073 2139
-989.271 813.929 2136
-991.517 812.786 2133
-995.154 812.786 2133
-998.79 812.786 2133
-1002.43 812.786 2133
-1005.12 812.024 2131
-1008.75 812.024 2131
-1010.96 810.881 2128
-1014.59 810.881 2128
-1018.21 810.881 2128
-1021.84 810.881 2128
-1022.58 808.595 2122
-1025.23 807.833 2120
-1027.39 806.689 2117
-1031 806.689 2117
-1032.16 804.784 2112
-1035.76 804.784 2112
-1039.36 804.784 2112
-1042.96 804.784 2112
-1045.08 803.641 2109
-1047.18 802.498 2106
-1050.77 802.498 2106
-1054.36 802.498 2106
-1057.95 802.498 2106
-1059.02 800.593 2101
-1060.07 798.687 2096
-1063.65 798.687 2096
-1063.15 795.639 2088
-1066.71 795.639 2088
-1070.27 795.639 2088
-1073.83 795.639 2088
1717.04 1551.15 4089
1710.07 1551.15 4089
1703.1 1551.15 4089
1576.25 1441.52 3800
1569.78 1441.52 3800
1573.99 1451.38 3826
1567.47 1451.38 3826
1582.98 1471.87 3880
1587.33 1482.11 3907
1580.67 1482.11 3907
1574.01 1482.11 3907
1589.82 1503.35 3963
1583.06 1503.35 3963
1576.31 1503.35 3963
1580.64 1513.97 3991
1592.77 1532.18 4039
1601.59 1547.36 4079
1594.63 1547.36 4079
1591.57 1551.15 4089
1584.6 1551.15 4089
1577.63 1551.15 4089
1458.93 1543.56 4069
1451.99 1543.56 4069
1445.05 1543.56 4069
1427.51 1532.18 4039
1420.63 1532.18 4039
1407.09 1524.97 4020
1387 1510.56 3982
1370.16 1499.56 3953
1366.87 1503.35 3963
1360.12 1503.35 3963
1353.36 1503.35 3963
1340.15 1496.14 3944
1323.96 1485.52 3916
1317.28 1485.52 3916
1304.58 1478.69 3898
1294.94 1475.28 3889
1288.31 1475.28 3889
1281.68 1475.28 3889
1275.05 1475.28 3889
1271.36 1478.69 3898
1264.71 1478.69 3898
1258.07 1478.69 3898
1245.64 1471.87 3880
1233.28 1465.04 3862
1212.72 1448.35 3818
1206.21 1448.35 3818
1194.05 1441.52 3800
1179.45 1431.66 3774
1178.61 1438.48 3792
1172.14 1438.48 3792
1165.68 1438.48 3792
1159.21 1438.48 3792
1152.75 1438.48 3792
1146.28 1438.48 3792
1139.82 1438.48 3792
1133.36 1438.48 3792
1126.89 1438.48 3792
1120.43 1438.48 3792
1111.32 1435.07 3783
1099.9 1428.62 3766
1093.48 1428.62 3766
1087.06 1428.62 3766
1078.06 1425.21 3757
1062.24 1412.69 3724
1053.63 1409.65 3716
1047.29 1409.65 3716
1040.96 1409.65 3716
1039.08 1415.72 3732
1034.93 1418.76 3740
1028.55 1418.76 3740
1022.18 1418.76 3740
1015.8 1418.76 3740
1009.43 1418.76 3740
1003.05 1418.76 3740
994.542 1415.72 3732
988.18 1415.72 3732
986.29 1422.17 3749
979.899 1422.17 3749
973.508 1422.17 3749
969.181 1425.21 3757
969.439 1435.07 3783
962.99 1435.07 3783
956.541 1435.07 3783
950.092 1435.07 3783
943.643 1435.07 3783
937.193 1435.07 3783
928.53 1431.66 3774
924.295 1435.07 3783
917.846 1435.07 3783
911.397 1435.07 3783
904.948 1435.07 3783
898.499 1435.07 3783
889.928 1431.66 3774
883.494 1431.66 3774
877.06 1431.66 3774
870.627 1431.66 3774
864.193 1431.66 3774
857.759 1431.66 3774
849.521 1428.62 3766
841.086 1425.21 3757
830.904 1418.76 3740
824.529 1418.76 3740
816.403 1415.72 3732
808.304 1412.69 3724
801.956 1412.69 3724
795.607 1412.69 3724
789.259 1412.69 3724
782.91 1412.69 3724
778.23 1415.72 3732
771.868 1415.72 3732
765.506 1415.72 3732
759.144 1415.72 3732
752.782 1415.72 3732
749.82 1422.17 3749
743.429 1422.17 3749
737.037 1422.17 3749
730.646 1422.17 3749
724.255 1422.17 3749
717.864 1422.17 3749
711.473 1422.17 3749
703.389 1418.76 3740
697.013 1418.76 3740
689.16 1415.72 3732
681.335 1412.69 3724
674.986 1412.69 3724
668.638 1412.69 3724
659.266 1406.24 3707
650.128 1400.17 3691
642.44 1397.14 3683
636.162 1397.14 3683
628.515 1394.1 3675
619.372 1387.65 3658
611.795 1384.62 3650
605.573 1384.62 3650
599.35 1384.62 3650
590.69 1378.93 3635
583.207 1375.89 3627
577.024 1375.89 3627
568.323 1369.82 3611
560.922 1366.79 3603
554.779 1366.79 3603
548.637 1366.79 3603
542.495 1366.79 3603
535.162 1363.75 3595
528.003 1361.1 3588
521.886 1361.1 3588
514.62 1358.06 3580
508.517 1358.06 3580
501.291 1355.03 3572
495.202 1355.03 3572
488.154 1352.37 3565
479.913 1346.3 3549
473.863 1346.3 3549
469.922 1352.37 3565
463.844 1352.37 3565
457.767 1352.37 3565
452.576 1355.03 3572
446.487 1355.03 3572
440.398 1355.03 3572
435.281 1358.06 3580
429.178 1358.06 3580
423.075 1358.06 3580
416.972 1358.06 3580
409.951 1355.03 3572
401.261 1346.3 3549
395.211 1346.3 3549
389.161 1346.3 3549
-8.83881 168.43 444
-9.59572 168.43 444
-10.3526 168.43 444
-11.0345 167.292 441
-11.7863 167.292 441
-12.5381 167.292 441
-13.2597 166.913 440
-13.978 166.533 439
-14.7263 166.533 439
-15.4042 165.775 437
-16.1492 165.775 437
-18.954 164.257 433
-19.6922 164.257 433
-20.4303 164.257 433
-21.1685 164.257 433
-21.9066 164.257 433
-22.5925 163.878 432
-23.2749 163.499 431
-24.0097 163.499 431
-24.7444 163.499 431
-25.3609 162.74 429
-25.9706 161.981 427
-26.511 160.843 424
-26.9126 158.946 419
-27.6269 158.946 419
-28.3412 158.946 419
-29.0555 158.946 419
-29.6988 158.567 418
-30.3386 158.188 417
-31.0495 158.188 417
-31.6842 157.808 416
-32.3155 157.429 415
-32.9434 157.05 414
-33.6492 157.05 414
-34.3549 157.05 414
-34.976 156.67 413
-35.5937 156.291 412
-36.296 156.291 412
-36.9984 156.291 412
-37.6092 155.912 411
-38.2167 155.532 410
-38.8207 155.153 409
-39.5179 155.153 409
-40.1169 154.774 408
-40.7124 154.394 407
-41.4062 154.394 407
-42.1 154.394 407
-42.6887 154.015 406
-43.3808 154.015 406
-43.9644 153.636 405
-44.6548 153.636 405
-45.3453 153.636 405
-46.0357 153.636 405
-46.6107 153.256 404
-47.2995 153.256 404
-47.9882 153.256 404
-48.6769 153.256 404
-49.1212 152.497 402
-49.8065 152.497 402
-50.4918 152.497 402
-51.1771 152.497 402
-68.6154 148.704 392
-69.2837 148.704 392
-70.3088 149.463 394
-71.1606 149.842 395
-71.834 149.842 395
-72.6909 150.221 396
-73.366 150.221 396
-74.0411 150.221 396
-74.7162 150.221 396
-75.0105 149.463 394
-75.6822 149.463 394
-76.5476 149.842 395
-77.221 149.842 395
-78.2888 150.601 397
-79.1645 150.98 398
-79.843 150.98 398
-80.5215 150.98 398
-81.2 150.98 398
-82.0842 151.359 399
-82.7644 151.359 399
-83.4446 151.359 399
-84.1248 151.359 399
-85.0175 151.739 400
-85.6994 151.739 400
-86.3813 151.739 400
-87.0632 151.739 400
-87.7451 151.739 400
-88.6481 152.118 401
-89.3317 152.118 401
-90.0153 152.118 401
-90.6989 152.118 401
-91.3825 152.118 401
-92.0661 152.118 401
-92.7497 152.118 401
-102.886 160.464 423
-103.607 160.464 423
-104.575 160.843 424
-105.298 160.843 424
-106.27 161.222 425
-106.995 161.222 425
-107.973 161.602 426
-108.699 161.602 426
-109.425 161.602 426
-110.41 161.981 427
-111.398 162.361 428
-112.39 162.74 429
-113.121 162.74 429
-114.383 163.499 431
-115.652 164.257 433
-116.391 164.257 433
-117.129 164.257 433
-117.867 164.257 433
-118.879 164.637 434
-119.619 164.637 434
-120.636 165.016 435
-121.378 165.016 435
-122.681 165.775 437
-123.426 165.775 437
-124.455 166.154 438
-125.487 166.533 439
-126.523 166.913 440
-127.273 166.913 440
-128.023 166.913 440
-129.066 167.292 441
-129.818 167.292 441
-131.162 168.051 443
-132.215 168.43 444
-133.271 168.809 445
-134.03 168.809 445
-134.788 168.809 445
-891.15 863.394 2276
-895.03 863.394 2276
-898.91 863.394 2276
-901.6 862.256 2273
-905.475 862.256 2273
-909.35 862.256 2273
-913.225 862.256 2273
-913.469 858.842 2264
-917.328 858.842 2264
-914.677 852.772 2248
-916.058 850.496 2242
-919.88 850.496 2242
-923.702 850.496 2242
-921.319 844.806 2227
-919.299 839.495 2213
-921.821 838.357 2210
-925.588 838.357 2210
-926.833 836.081 2204
-924.256 830.391 2189
-927.988 830.391 2189
-931.72 830.391 2189
-934.169 829.253 2186
-931.889 823.942 2172
-934.3 822.804 2169
-937.997 822.804 2169
-940.827 822.045 2167
-941.906 819.769 2161
-942.964 817.493 2155
-946.638 817.493 2155
-949.43 816.734 2153
-951.772 815.596 2150
-955.437 815.596 2150
-959.102 815.596 2150
-961.424 814.458 2147
-965.084 814.458 2147
-967.391 813.32 2144
-971.046 813.32 2144
-973.792 812.561 2142
-977.443 812.561 2142
-981.095 812.561 2142
-984.746 812.561 2142
-987.013 811.423 2139
-989.271 810.285 2136
-991.517 809.147 2133
-995.154 809.147 2133
-998.79 809.147 2133
-1002.43 809.147 2133
-1005.12 808.388 2131
-1008.75 808.388 2131
-1010.96 807.25 2128
-1014.59 807.25 2128
-1018.21 807.25 2128
-1021.84 807.25 2128
-1022.58 804.974 2122
-1025.23 804.216 2120
-1028.84 804.216 2120
-1032.46 804.216 2120
-1033.14 801.94 2114
-1035.76 801.181 2112
-1039.36 801.181 2112
-1042.96 801.181 2112
-1045.08 800.043 2109
-1047.18 798.905 2106
-1050.77 798.905 2106
-1054.36 798.905 2106
-1057.95 798.905 2106
-1059.02 797.008 2101
-1060.07 795.111 2096
-1063.65 795.111 2096
-1063.15 792.077 2088
-1066.71 792.077 2088
-1070.27 792.077 2088
-1073.83 792.077 2088
1576.25 1435.04 3800
1569.78 1435.04 3800
1573.99 1444.85 3826
1567.47 1444.85 3826
1582.98 1465.25 3880
1587.33 1475.44 3907
1580.67 1475.44 3907
1574.01 1475.44 3907
1589.82 1496.59 3963
1583.06 1496.59 3963
1576.31 1496.59 3963
1580.64 1507.16 3991
1573.84 1507.16 3991
1567.03 1507.16 3991
1458.93 1536.62 4069
1451.99 1536.62 4069
1445.05 1536.62 4069
1427.51 1525.29 4039
1420.63 1525.29 4039
1407.09 1518.12 4020
1387 1503.77 3982
1370.16 1492.81 3953
1366.87 1496.59 3963
1360.12 1496.59 3963
1353.36 1496.59 3963
1340.15 1489.42 3944
1323.96 1478.84 3916
1317.28 1478.84 3916
1304.58 1472.04 3898
1294.94 1468.65 3889
1288.31 1468.65 3889
1281.68 1468.65 3889
1275.05 1468.65 3889
1271.36 1472.04 3898
1264.71 1472.04 3898
1258.07 1472.04 3898
1245.64 1465.25 3880
1233.28 1458.45 3862
1215.26 1444.85 3826
1208.74 1444.85 3826
1194.05 1435.04 3800
1182.26 1428.62 3783
1181.09 1435.04 3800
1174.61 1435.04 3800
1168.14 1435.04 3800
1161.66 1435.04 3800
1160.65 1441.83 3818
1154.14 1441.83 3818
1147.63 1441.83 3818
1141.13 1441.83 3818
1134.62 1441.83 3818
1128.11 1441.83 3818
1118.96 1438.43 3809
1109.83 1435.04 3800
1103.36 1435.04 3800
1096.88 1435.04 3800
1082.94 1425.22 3774
1076.51 1425.22 3774
1065.25 1418.8 3757
1058.85 1418.8 3757
1052.44 1418.8 3757
1050.77 1425.22 3774
1049.32 1432.01 3792
1042.85 1432.01 3792
1036.39 1432.01 3792
1025.04 1425.22 3774
1016.44 1422.2 3766
1010.02 1422.2 3766
1001.2 1418.8 3757
994.8 1418.8 3757
990.763 1422.2 3766
984.343 1422.2 3766
977.922 1422.2 3766
978.21 1432.01 3792
976.102 1438.43 3809
969.608 1438.43 3809
963.115 1438.43 3809
956.621 1438.43 3809
947.883 1435.04 3800
941.405 1435.04 3800
932.959 1432.01 3792
926.494 1432.01 3792
924.155 1438.43 3809
917.661 1438.43 3809
911.168 1438.43 3809
900.637 1432.01 3792
894.172 1432.01 3792
887.708 1432.01 3792
881.244 1432.01 3792
874.779 1432.01 3792
868.315 1432.01 3792
861.85 1432.01 3792
851.326 1425.22 3774
844.892 1425.22 3774
834.681 1418.8 3757
828.277 1418.8 3757
818.153 1412.38 3740
811.777 1412.38 3740
809.062 1418.8 3757
802.658 1418.8 3757
796.253 1418.8 3757
789.848 1418.8 3757
783.443 1418.8 3757
777.039 1418.8 3757
768.993 1415.78 3749
762.602 1415.78 3749
756.211 1415.78 3749
751.42 1418.8 3757
745.015 1418.8 3757
740.38 1422.2 3766
733.959 1422.2 3766
727.539 1422.2 3766
721.119 1422.2 3766
711.473 1415.78 3749
703.389 1412.38 3740
697.013 1412.38 3740
689.16 1409.36 3732
681.335 1406.33 3724
674.986 1406.33 3724
668.638 1406.33 3724
659.266 1399.91 3707
650.128 1393.87 3691
642.44 1390.85 3683
636.162 1390.85 3683
628.515 1387.83 3675
619.372 1381.41 3658
611.795 1378.39 3650
605.573 1378.39 3650
599.35 1378.39 3650
590.69 1372.72 3635
583.207 1369.7 3627
577.024 1369.7 3627
568.323 1363.66 3611
560.922 1360.64 3603
554.779 1360.64 3603
548.637 1360.64 3603
542.495 1360.64 3603
536.353 1360.64 3603
529.033 1357.62 3595
522.905 1357.62 3595
515.77 1354.98 3588
509.653 1354.98 3588
502.414 1351.95 3580
496.311 1351.95 3580
489.112 1348.93 3572
482.076 1346.29 3565
474.931 1343.27 3557
470.844 1348.93 3572
464.755 1348.93 3572
458.666 1348.93 3572
452.576 1348.93 3572
446.487 1348.93 3572
440.398 1348.93 3572
435.281 1351.95 3580
429.178 1351.95 3580
423.075 1351.95 3580
416.972 1351.95 3580
410.869 1351.95 3580
403.07 1346.29 3565
396.993 1346.29 3565
390.915 1346.29 3565
-8.83881 167.673 444
-9.59572 167.673 444
-10.3526 167.673 444
-11.0345 166.54 441
-11.7863 166.54 441
-12.5381 166.54 441
-13.2597 166.162 440
-13.978 165.784 439
-14.7263 165.784 439
-15.4042 165.029 437
-16.1492 165.029 437
-18.954 163.519 433
-19.6922 163.519 433
-20.4303 163.519 433
-21.1685 163.519 433
-21.9066 163.519 433
-22.5925 163.141 432
-23.2749 162.763 431
-24.0097 162.763 431
-24.7444 162.763 431
-25.3609 162.008 429
-25.9706 161.253 427
-27.561 157.854 418
-28.2736 157.854 418
-28.9862 157.854 418
-29.6988 157.854 418
-30.3386 157.476 417
-31.0495 157.476 417
-31.6842 157.099 416
-32.3155 156.721 415
-32.9434 156.343 414
-33.6492 156.343 414
-34.2719 155.966 413
-34.976 155.966 413
-35.5937 155.588 412
-36.2079 155.21 411
-36.9086 155.21 411
-37.6092 155.21 411
-38.2167 154.833 410
-38.8207 154.455 409
-39.5179 154.455 409
-40.1169 154.077 408
-40.7124 153.7 407
-41.4062 153.7 407
-42.1 153.7 407
-42.6887 153.322 406
-43.3808 153.322 406
-43.9644 152.945 405
-44.6548 152.945 405
-45.3453 152.945 405
-46.0357 152.945 405
-46.6107 152.567 404
-47.2995 152.567 404
-47.9882 152.567 404
-48.6769 152.567 404
-49.1212 151.812 402
-49.8065 151.812 402
-50.4918 151.812 402
-51.1771 151.812 402
-70.3088 148.791 394
-71.1606 149.168 395
-71.834 149.168 395
-72.6909 149.546 396
-73.366 149.546 396
-74.0411 149.546 396
-74.7162 149.546 396
-75.0105 148.791 394
-75.8743 149.168 395
-76.5476 149.168 395
-77.221 149.168 395
-78.2888 149.923 397
-79.1645 150.301 398
-79.843 150.301 398
-80.5215 150.301 398
-81.2 150.301 398
-82.0842 150.679 399
-82.7644 150.679 399
-83.4446 150.679 399
-84.3356 151.056 400
-85.0175 151.056 400
-85.6994 151.056 400
-86.3813 151.056 400
-87.0632 151.056 400
-87.9645 151.434 401
-88.6481 151.434 401
-89.3317 151.434 401
-90.0153 151.434 401
-90.925 151.812 402
-91.6104 151.812 402
-92.2957 151.812 402
-92.981 151.812 402
-93.6663 151.812 402
-102.886 159.742 423
-103.607 159.742 423
-104.328 159.742 423
-105.298 160.12 424
-106.02 160.12 424
-106.995 160.497 425
-107.973 160.875 426
-108.699 160.875 426
-109.425 160.875 426
-110.41 161.253 427
-111.398 161.63 428
-112.652 162.386 430
-113.385 162.386 430
-114.649 163.141 432
-115.652 163.519 433
-116.391 163.519 433
-117.129 163.519 433
-118.139 163.896 434
-118.879 163.896 434
-119.619 163.896 434
-120.636 164.274 435
-121.378 164.274 435
-122.681 165.029 437
-123.426 165.029 437
-124.455 165.407 438
-125.487 165.784 439
-126.523 166.162 440
-127.273 166.162 440
-128.023 166.162 440
-129.066 166.54 441
-129.818 166.54 441
-131.162 167.295 443
-132.513 168.05 445
-133.271 168.05 445
-134.03 168.05 445
-134.788 168.05 445
-891.15 859.511 2276
-895.03 859.511 2276
-898.91 859.511 2276
-902.79 859.511 2276
-906.67 859.511 2276
-909.35 858.378 2273
-913.225 858.378 2273
-910.644 852.336 2257
-914.492 852.336 2257
-914.677 848.937 2248
-916.058 846.671 2242
-919.88 846.671 2242
-923.702 846.671 2242
-921.319 841.006 2227
-919.299 835.719 2213
-920.569 833.453 2207
-924.332 833.453 2207
-925.571 831.188 2201
-924.256 826.656 2189
-927.988 826.656 2189
-931.72 826.656 2189
-934.169 825.523 2186
-931.889 820.236 2172
-934.3 819.103 2169
-937.997 819.103 2169
-940.827 818.348 2167
-941.906 816.082 2161
-942.964 813.816 2155
-946.638 813.816 2155
-949.43 813.061 2153
-951.772 811.928 2150
-955.437 811.928 2150
-959.102 811.928 2150
-961.424 810.795 2147
-965.084 810.795 2147
-967.391 809.662 2144
-971.046 809.662 2144
-973.792 808.907 2142
-977.443 808.907 2142
-981.095 808.907 2142
-984.746 808.907 2142
-987.013 807.774 2139
-989.271 806.641 2136
-991.517 805.508 2133
-995.154 805.508 2133
-998.79 805.508 2133
-1002.43 805.508 2133
-1005.12 804.753 2131
-1008.75 804.753 2131
-1012.38 804.753 2131
-1014.59 803.62 2128
-1018.21 803.62 2128
-1021.84 803.62 2128
-1022.58 801.354 2122
-1025.23 800.599 2120
-1028.84 800.599 2120
-1032.46 800.599 2120
-1033.14 798.333 2114
-1035.76 797.578 2112
-1039.36 797.578 2112
-1042.96 797.578 2112
-1045.08 796.445 2109
-1047.18 795.312 2106
-1050.77 795.312 2106
-1054.36 795.312 2106
-1056.95 794.556 2104
-1057.51 792.291 2098
-1058.56 790.402 2093
-1062.12 790.402 2093
-1063.15 788.514 2088
-1065.17 787.381 2085
-1065.14 784.738 2078
-1068.68 784.738 2078
1576.25 1428.55 3800
1569.78 1428.55 3800
1573.99 1438.33 3826
1567.47 1438.33 3826
1582.98 1458.63 3880
1587.33 1468.78 3907
1580.67 1468.78 3907
1574.01 1468.78 3907
1560.13 1462.01 3889
1553.5 1462.01 3889
1546.87 1462.01 3889
1536.68 1458.63 3880
1441.5 1525.92 4059
1434.58 1525.92 4059
1427.66 1525.92 4059
1413.74 1518.4 4039
1400.24 1511.26 4020
1380.22 1496.97 3982
1373.43 1496.97 3982
1366.64 1496.97 3982
1359.85 1496.97 3982
1346.61 1489.83 3963
1339.85 1489.83 3963
1326.7 1482.69 3944
1313.62 1475.54 3925
1303.93 1472.16 3916
1294.28 1468.78 3907
1287.61 1468.78 3907
1280.95 1468.78 3907
1274.29 1468.78 3907
1267.63 1468.78 3907
1260.97 1468.78 3907
1251.42 1465.39 3898
1239.03 1458.63 3880
1215.26 1438.33 3826
1208.74 1438.33 3826
1194.05 1428.55 3800
1182.26 1422.16 3783
1181.09 1428.55 3800
1174.61 1428.55 3800
1168.14 1428.55 3800
1161.66 1428.55 3800
1160.65 1435.32 3818
1154.14 1435.32 3818
1147.63 1435.32 3818
1141.13 1435.32 3818
1134.62 1435.32 3818
1128.11 1435.32 3818
1118.96 1431.94 3809
1109.83 1428.55 3800
1103.36 1428.55 3800
1096.88 1428.55 3800
1082.94 1418.78 3774
1076.51 1418.78 3774
1065.25 1412.39 3757
1058.85 1412.39 3757
1052.44 1412.39 3757
1050.77 1418.78 3774
1054.02 1431.94 3809
1047.53 1431.94 3809
1041.04 1431.94 3809
1029.92 1425.54 3792
1018.6 1418.78 3774
1012.17 1418.78 3774
1005.73 1418.78 3774
999.301 1418.78 3774
995.235 1422.16 3783
991.138 1425.54 3792
984.674 1425.54 3792
984.917 1435.32 3818
978.408 1435.32 3818
971.899 1435.32 3818
965.391 1435.32 3818
958.882 1435.32 3818
950.128 1431.94 3809
943.635 1431.94 3809
937.141 1431.94 3809
930.648 1431.94 3809
928.279 1438.33 3826
921.757 1438.33 3826
915.234 1438.33 3826
906.812 1435.32 3818
900.303 1435.32 3818
897.774 1441.71 3835
891.237 1441.71 3835
884.699 1441.71 3835
878.161 1441.71 3835
871.623 1441.71 3835
861.251 1435.32 3818
854.742 1435.32 3818
840.458 1422.16 3783
834.009 1422.16 3783
825.591 1418.78 3774
819.157 1418.78 3774
814.661 1422.16 3783
808.212 1422.16 3783
801.763 1422.16 3783
795.314 1422.16 3783
786.988 1418.78 3774
780.555 1418.78 3774
774.121 1418.78 3774
767.687 1418.78 3774
759.64 1415.77 3766
754.82 1418.78 3774
748.386 1418.78 3774
741.952 1418.78 3774
735.519 1418.78 3774
729.085 1418.78 3774
721.119 1415.77 3766
711.473 1409.38 3749
703.389 1406 3740
697.013 1406 3740
690.638 1406 3740
682.798 1402.99 3732
674.986 1399.98 3724
668.638 1399.98 3724
659.266 1393.59 3707
650.128 1387.58 3691
642.44 1384.57 3683
636.162 1384.57 3683
628.515 1381.56 3675
620.896 1378.55 3667
613.136 1375.17 3658
606.9 1375.17 3658
599.35 1372.16 3650
593.128 1372.16 3650
583.207 1363.52 3627
577.024 1363.52 3627
570.841 1363.52 3627
563.412 1360.51 3619
554.779 1354.49 3603
548.637 1354.49 3603
542.495 1354.49 3603
536.353 1354.49 3603
529.033 1351.49 3595
522.905 1351.49 3595
515.77 1348.85 3588
509.653 1348.85 3588
502.414 1345.85 3580
496.311 1345.85 3580
489.112 1342.84 3572
482.076 1340.21 3565
474.931 1337.2 3557
470.844 1342.84 3572
464.755 1342.84 3572
458.666 1342.84 3572
452.576 1342.84 3572
446.487 1342.84 3572
440.398 1342.84 3572
435.281 1345.85 3580
429.178 1345.85 3580
423.075 1345.85 3580
416.972 1345.85 3580
410.869 1345.85 3580
403.07 1340.21 3565
396.993 1340.21 3565
390.915 1340.21 3565
-20.4303 162.78 433
-21.1685 162.78 433
-21.9066 162.78 433
-22.5925 162.404 432
-23.2749 162.028 431
-24.0097 162.028 431
-24.7444 162.028 431
-25.3609 161.276 429
-27.561 157.141 418
-28.2736 157.141 418
-28.9862 157.141 418
-29.6988 157.141 418
-30.3386 156.765 417
-31.0495 156.765 417
-31.7603 156.765 417
-32.3934 156.389 416
-32.9434 155.637 414
-33.6492 155.637 414
-34.3549 155.637 414
-34.976 155.261 413
-35.5937 154.885 412
-36.296 154.885 412
-36.9984 154.885 412
-37.6092 154.509 411
-38.2167 154.133 410
-38.8207 153.757 409
-39.5179 153.757 409
-40.1169 153.381 408
-40.7124 153.005 407
-41.4062 153.005 407
-42.1 153.005 407
-42.6887 152.63 406
-43.3808 152.63 406
-43.9644 152.254 405
-44.6548 152.254 405
-45.3453 152.254 405
-46.0357 152.254 405
-46.6107 151.878 404
-47.2995 151.878 404
-47.9882 151.878 404
-48.5564 151.502 403
-49.1212 151.126 402
-49.8065 151.126 402
-50.4918 151.126 402
-51.1771 151.126 402
-70.3088 148.118 394
-71.1606 148.494 395
-71.834 148.494 395
-72.6909 148.87 396
-73.366 148.87 396
-74.0411 148.87 396
-74.7162 148.87 396
-75.0105 148.118 394
-75.8743 148.494 395
-76.5476 148.494 395
-77.221 148.494 395
-78.2888 149.246 397
-79.1645 149.622 398
-79.843 149.622 398
-80.5215 149.622 398
-81.2 149.622 398
-82.0842 149.998 399
-82.7644 149.998 399
-83.4446 149.998 399
-84.3356 150.374 400
-85.0175 150.374 400
-85.6994 150.374 400
-86.3813 150.374 400
-87.0632 150.374 400
-87.9645 150.75 401
-88.6481 150.75 401
-89.3317 150.75 401
-90.0153 150.75 401
-90.925 151.126 402
-91.6104 151.126 402
-92.2957 151.126 402
-92.981 151.126 402
-93.6663 151.126 402
-101.923 158.644 422
-102.886 159.02 423
-103.607 159.02 423
-104.328 159.02 423
-105.298 159.396 424
-106.02 159.396 424
-106.995 159.772 425
-107.973 160.148 426
-108.699 160.148 426
-109.425 160.148 426
-110.41 160.524 427
-111.398 160.9 428
-112.652 161.652 430
-113.385 161.652 430
-114.649 162.404 432
-115.652 162.78 433
-116.391 162.78 433
-117.129 162.78 433
-118.139 163.156 434
-119.153 163.532 435
-119.894 163.532 435
-120.636 163.532 435
-121.378 163.532 435
-122.681 164.284 437
-123.426 164.284 437
-124.455 164.659 438
-125.487 165.035 439
-126.523 165.411 440
-127.273 165.411 440
-128.023 165.411 440
-129.066 165.787 441
-129.818 165.787 441
-131.162 166.539 443
-132.513 167.291 445
-133.271 167.291 445
-134.03 167.291 445
-134.788 167.291 445
-891.15 855.628 2276
-895.03 855.628 2276
-898.91 855.628 2276
-902.79 855.628 2276
-906.67 855.628 2276
-909.35 854.5 2273
-913.225 854.5 2273
-910.644 848.485 2257
-914.492 848.485 2257
-914.677 845.101 2248
-916.058 842.846 2242
-919.88 842.846 2242
-923.702 842.846 2242
-921.319 837.207 2227
-919.299 831.944 2213
-920.569 829.688 2207
-924.332 829.688 2207
-925.571 827.432 2201
-924.256 822.921 2189
-927.988 822.921 2189
-931.72 822.921 2189
-935.451 822.921 2189
-931.889 816.53 2172
-934.3 815.403 2169
-937.997 815.403 2169
-940.827 814.651 2167
-941.906 812.395 2161
-942.964 810.139 2155
-946.638 810.139 2155
-949.43 809.388 2153
-951.772 808.26 2150
-954.104 807.132 2147
-957.764 807.132 2147
-961.424 807.132 2147
-965.084 807.132 2147
-967.391 806.004 2144
-971.046 806.004 2144
-973.792 805.252 2142
-977.443 805.252 2142
-981.095 805.252 2142
-984.746 805.252 2142
-987.013 804.125 2139
-989.271 802.997 2136
-991.517 801.869 2133
-995.154 801.869 2133
-998.79 801.869 2133
-1002.43 801.869 2133
-1005.12 801.117 2131
-1008.75 801.117 2131
-1012.38 801.117 2131
-1014.59 799.989 2128
-1018.21 799.989 2128
-1021.84 799.989 2128
-1022.58 797.734 2122
-1025.23 796.982 2120
-1028.84 796.982 2120
-1032.46 796.982 2120
-1033.14 794.726 2114
-1035.76 793.974 2112
-1039.36 793.974 2112
-1042.96 793.974 2112
-1045.08 792.846 2109
-1047.18 791.719 2106
-1049.77 790.967 2104
-1053.36 790.967 2104
-1055.44 789.839 2101
-1056.5 787.959 2096
-1056.03 784.952 2088
-1059.59 784.952 2088
-1061.62 783.824 2085
-1061.6 781.193 2078
-1063.6 780.065 2075
-1067.14 780.065 2075
1576.37 1452.01 3880
1569.75 1452.01 3880
1563.14 1452.01 3880
1560.13 1455.38 3889
1553.5 1455.38 3889
1546.87 1455.38 3889
1536.68 1452.01 3880
1466.1 1530.22 4089
1459.13 1530.22 4089
1452.16 1530.22 4089
1434.58 1518.99 4059
1427.66 1518.99 4059
1413.74 1511.51 4039
1400.24 1504.4 4020
1386.8 1497.29 4001
1379.98 1497.29 4001
1369.73 1493.55 3991
1362.92 1493.55 3991
1356.12 1493.55 3991
1349.32 1493.55 3991
1333.09 1483.07 3963
1319.98 1475.96 3944
1306.93 1468.85 3925
1297.26 1465.48 3916
1290.58 1465.48 3916
1280.95 1462.11 3907
1274.29 1462.11 3907
1267.63 1462.11 3907
1260.97 1462.11 3907
1251.42 1458.74 3898
1241.9 1455.38 3889
1218.12 1435.17 3835
1211.58 1435.17 3835
1194.05 1422.07 3800
1182.26 1415.71 3783
1183.89 1425.44 3809
1182.65 1431.8 3826
1176.13 1431.8 3826
1169.61 1431.8 3826
1165.82 1435.17 3835
1162 1438.54 3844
1155.45 1438.54 3844
1151.59 1441.9 3853
1145.02 1441.9 3853
1138.45 1441.9 3853
1126.59 1435.17 3835
1120.06 1435.17 3835
1113.52 1435.17 3835
1106.98 1435.17 3835
1092.98 1425.44 3809
1086.49 1425.44 3809
1072.62 1415.71 3783
1066.17 1415.71 3783
1059.73 1415.71 3783
1058.01 1422.07 3800
1054.02 1425.44 3809
1047.53 1425.44 3809
1041.04 1425.44 3809
1029.92 1419.08 3792
1018.6 1412.34 3774
1012.17 1412.34 3774
1005.73 1412.34 3774
999.301 1412.34 3774
995.235 1415.71 3783
991.138 1419.08 3792
984.674 1419.08 3792
984.917 1428.81 3818
978.408 1428.81 3818
971.899 1428.81 3818
965.391 1428.81 3818
958.882 1428.81 3818
950.128 1425.44 3809
943.635 1425.44 3809
937.141 1425.44 3809
930.648 1425.44 3809
928.279 1431.8 3826
921.757 1431.8 3826
915.234 1431.8 3826
906.812 1428.81 3818
908.556 1441.9 3853
906.202 1448.64 3871
899.603 1448.64 3871
893.004 1448.64 3871
882.283 1441.9 3853
875.714 1441.9 3853
867.116 1438.54 3844
856.533 1431.8 3826
848.233 1428.81 3818
841.725 1428.81 3818
831.278 1422.07 3800
823.064 1419.08 3792
816.599 1419.08 3792
811.844 1422.07 3800
805.366 1422.07 3800
798.888 1422.07 3800
792.41 1422.07 3800
785.932 1422.07 3800
777.813 1419.08 3792
769.518 1415.71 3783
763.069 1415.71 3783
756.62 1415.71 3783
750.171 1415.71 3783
743.722 1415.71 3783
735.519 1412.34 3774
729.085 1412.34 3774
721.119 1409.35 3766
711.473 1402.98 3749
703.389 1399.62 3740
697.013 1399.62 3740
690.638 1399.62 3740
682.798 1396.62 3732
674.986 1393.63 3724
668.638 1393.63 3724
659.266 1387.27 3707
650.128 1381.28 3691
643.836 1381.28 3691
637.544 1381.28 3691
628.515 1375.29 3675
620.896 1372.3 3667
614.644 1372.3 3667
608.393 1372.3 3667
600.664 1368.93 3658
593.128 1365.93 3650
585.619 1362.94 3642
579.41 1362.94 3642
570.841 1357.33 3627
564.658 1357.33 3627
557.243 1354.33 3619
551.073 1354.33 3619
544.904 1354.33 3619
536.353 1348.35 3603
529.033 1345.35 3595
522.905 1345.35 3595
516.776 1345.35 3595
509.653 1342.73 3588
503.537 1342.73 3588
497.42 1342.73 3588
490.208 1339.74 3580
483.023 1336.74 3572
475.999 1334.13 3565
470.844 1336.74 3572
464.755 1336.74 3572
458.666 1336.74 3572
452.576 1336.74 3572
446.487 1336.74 3572
440.398 1336.74 3572
436.254 1342.73 3588
430.137 1342.73 3588
424.02 1342.73 3588
416.972 1339.74 3580
410.869 1339.74 3580
404.766 1339.74 3580
398.663 1339.74 3580
392.56 1339.74 3580
-21.1196 161.667 432
-21.856 161.667 432
-22.5925 161.667 432
-23.2749 161.293 431
-24.0097 161.293 431
-24.7444 161.293 431
-27.561 156.428 418
-28.2736 156.428 418
-28.9862 156.428 418
-29.6988 156.428 418
-30.3386 156.053 417
-31.0495 156.053 417
-31.7603 156.053 417
-32.3934 155.679 416
-32.9434 154.931 414
-33.6492 154.931 414
-34.3549 154.931 414
-34.976 154.556 413
-35.5937 154.182 412
-36.296 154.182 412
-36.9984 154.182 412
-37.6092 153.808 411
-38.2167 153.434 410
-38.8207 153.06 409
-39.5179 153.06 409
-40.1169 152.685 408
-40.7124 152.311 407
-41.4062 152.311 407
-42.1 152.311 407
-42.7939 152.311 407
-43.3808 151.937 406
-43.9644 151.563 405
-44.6548 151.563 405
-45.3453 151.563 405
-46.0357 151.563 405
-46.6107 151.188 404
-47.2995 151.188 404
-47.9882 151.188 404
-48.5564 150.814 403
-49.1212 150.44 402
-49.8065 150.44 402
-50.4918 150.44 402
-51.1771 150.44 402
-51.7334 150.066 401
-68.7904 147.072 393
-69.4604 147.072 393
-70.3088 147.446 394
-71.1606 147.82 395
-71.834 147.82 395
-72.6909 148.195 396
-73.366 148.195 396
-74.0411 148.195 396
-74.7162 148.195 396
-75.2009 147.82 395
-75.8743 147.82 395
-76.5476 147.82 395
-77.221 147.82 395
-78.2888 148.569 397
-79.1645 148.943 398
-79.843 148.943 398
-80.5215 148.943 398
-81.404 149.317 399
-82.0842 149.317 399
-82.7644 149.317 399
-83.4446 149.317 399
-84.3356 149.691 400
-85.0175 149.691 400
-85.6994 149.691 400
-86.3813 149.691 400
-87.2808 150.066 401
-87.9645 150.066 401
-88.6481 150.066 401
-89.3317 150.066 401
-90.0153 150.066 401
-90.925 150.44 402
-91.6104 150.44 402
-92.2957 150.44 402
-92.981 150.44 402
-93.6663 150.44 402
-101.923 157.925 422
-102.886 158.299 423
-103.607 158.299 423
-104.328 158.299 423
-105.298 158.673 424
-106.02 158.673 424
-106.995 159.047 425
-107.973 159.421 426
-108.699 159.421 426
-109.425 159.421 426
-110.41 159.796 427
-111.398 160.17 428
-112.652 160.918 430
-113.385 160.918 430
-114.649 161.667 432
-115.652 162.041 433
-116.391 162.041 433
-117.129 162.041 433
-118.139 162.415 434
-119.153 162.789 435
-119.894 162.789 435
-120.636 162.789 435
-121.378 162.789 435
-122.681 163.538 437
-123.426 163.538 437
-124.455 163.912 438
-125.487 164.286 439
-126.523 164.661 440
-127.273 164.661 440
-128.023 164.661 440
-129.066 165.035 441
-129.818 165.035 441
-131.162 165.783 443
-132.513 166.532 445
-133.271 166.532 445
-134.03 166.532 445
-134.788 166.532 445
-891.15 851.745 2276
-895.03 851.745 2276
-898.91 851.745 2276
-902.79 851.745 2276
-906.67 851.745 2276
-909.35 850.622 2273
-913.225 850.622 2273
-909.434 843.511 2254
-913.276 843.511 2254
-912.236 839.021 2242
-916.058 839.021 2242
-919.88 839.021 2242
-923.702 839.021 2242
-921.319 833.407 2227
-918.053 827.045 2210
-920.569 825.923 2207
-924.332 825.923 2207
-924.309 822.555 2198
-924.256 819.187 2189
-927.988 819.187 2189
-931.72 819.187 2189
-935.451 819.187 2189
-931.889 812.825 2172
-934.3 811.702 2169
-937.997 811.702 2169
-940.827 810.954 2167
-941.906 808.708 2161
-942.964 806.463 2155
-946.638 806.463 2155
-949.43 805.714 2153
-951.772 804.592 2150
-954.104 803.469 2147
-957.764 803.469 2147
-961.424 803.469 2147
-965.084 803.469 2147
-967.391 802.346 2144
-971.046 802.346 2144
-973.792 801.598 2142
-977.443 801.598 2142
-981.095 801.598 2142
-984.746 801.598 2142
-987.013 800.475 2139
-989.271 799.352 2136
-991.517 798.23 2133
-995.154 798.23 2133
-998.79 798.23 2133
-1002.43 798.23 2133
-1005.12 797.481 2131
-1008.75 797.481 2131
-1012.38 797.481 2131
-1014.59 796.359 2128
-1018.21 796.359 2128
-1021.84 796.359 2128
-1022.58 794.113 2122
-1025.23 793.365 2120
-1027.39 792.242 2117
-1031 792.242 2117
-1032.16 790.371 2112
-1035.76 790.371 2112
-1039.36 790.371 2112
-1042.96 790.371 2112
-1045.08 789.248 2109
-1046.19 787.377 2104
-1049.77 787.377 2104
-1053.36 787.377 2104
-1053.93 785.132 2098
-1054.99 783.261 2093
-1056.03 781.39 2088
-1059.59 781.39 2088
-1058.05 777.647 2078
-1060.06 776.525 2075
-1061.04 774.653 2070
-1064.57 774.653 2070
1559.51 1442.03 3871
1556.52 1445.39 3880
1549.91 1445.39 3880
1543.29 1445.39 3880
1533.11 1442.03 3871
1466.1 1523.24 4089
1459.13 1523.24 4089
1452.16 1523.24 4089
1434.58 1512.07 4059
1427.66 1512.07 4059
1413.74 1504.62 4039
1400.24 1497.54 4020
1386.8 1490.46 4001
1379.98 1490.46 4001
1373.16 1490.46 4001
1366.34 1490.46 4001
1356.12 1486.74 3991
1349.32 1486.74 3991
1333.09 1476.31 3963
1319.98 1469.23 3944
1310.26 1465.88 3935
1303.55 1465.88 3935
1290.58 1458.8 3916
1280.95 1455.45 3907
1274.29 1455.45 3907
1267.63 1455.45 3907
1260.97 1455.45 3907
1251.42 1452.09 3898
1241.9 1448.74 3889
1218.12 1428.62 3835
1211.58 1428.62 3835
1196.88 1418.94 3809
1190.38 1418.94 3809
1189.17 1425.27 3826
1185.43 1428.62 3835
1178.9 1428.62 3835
1172.36 1428.62 3835
1176.76 1442.03 3871
1172.89 1445.39 3880
1166.27 1445.39 3880
1159.66 1445.39 3880
1150.37 1442.03 3871
1143.77 1442.03 3871
1137.17 1442.03 3871
1138.46 1452.09 3898
1131.81 1452.09 3898
1125.17 1452.09 3898
1108.19 1438.68 3862
1096.47 1431.98 3844
1082.55 1422.29 3818
1076.04 1422.29 3818
1067.01 1418.94 3809
1063.02 1422.29 3818
1058.73 1425.27 3826
1052.2 1425.27 3826
1045.68 1425.27 3826
1036.99 1422.29 3818
1023.46 1412.61 3792
1017 1412.61 3792
1010.53 1412.61 3792
1004.07 1412.61 3792
1002.08 1418.94 3809
995.582 1418.94 3809
989.088 1418.94 3809
989.302 1428.62 3835
982.764 1428.62 3835
976.227 1428.62 3835
969.689 1428.62 3835
963.151 1428.62 3835
954.369 1425.27 3826
947.846 1425.27 3826
941.324 1425.27 3826
937 1428.62 3835
932.646 1431.98 3844
926.093 1431.98 3844
919.54 1431.98 3844
912.987 1431.98 3844
908.556 1435.33 3853
906.202 1442.03 3871
899.603 1442.03 3871
893.004 1442.03 3871
882.283 1435.33 3853
875.714 1435.33 3853
867.116 1431.98 3844
856.533 1425.27 3826
848.233 1422.29 3818
841.725 1422.29 3818
831.278 1415.59 3800
823.064 1412.61 3792
816.599 1412.61 3792
811.844 1415.59 3800
805.366 1415.59 3800
798.888 1415.59 3800
792.41 1415.59 3800
785.932 1415.59 3800
777.813 1412.61 3792
769.518 1409.25 3783
763.069 1409.25 3783
756.62 1409.25 3783
750.171 1409.25 3783
743.722 1409.25 3783
735.519 1405.9 3774
729.085 1405.9 3774
721.119 1402.92 3766
712.991 1399.57 3757
705.082 1396.59 3749
698.691 1396.59 3749
690.638 1393.23 3740
682.798 1390.25 3732
676.436 1390.25 3732
670.074 1390.25 3732
660.867 1384.29 3716
651.537 1377.96 3699
643.836 1374.98 3691
637.544 1374.98 3691
628.515 1369.02 3675
622.25 1369.02 3675
615.985 1369.02 3675
609.72 1369.02 3675
602.142 1366.04 3667
594.428 1362.69 3658
586.906 1359.71 3650
580.683 1359.71 3650
573.202 1356.73 3642
564.658 1351.14 3627
558.475 1351.14 3627
552.292 1351.14 3627
544.904 1348.16 3619
538.734 1348.16 3619
530.211 1342.2 3603
524.068 1342.2 3603
517.926 1342.2 3603
510.647 1339.22 3595
504.519 1339.22 3595
498.39 1339.22 3595
491.303 1336.61 3588
484.105 1333.63 3580
476.934 1330.65 3572
472.953 1336.61 3588
466.837 1336.61 3588
460.72 1336.61 3588
454.603 1336.61 3588
448.487 1336.61 3588
442.37 1336.61 3588
436.254 1336.61 3588
430.137 1336.61 3588
424.02 1336.61 3588
417.904 1336.61 3588
411.787 1336.61 3588
407.366 1342.2 3603
401.224 1342.2 3603
395.082 1342.2 3603
-8.13651 166.518 447
-8.89853 166.518 447
-9.66055 166.518 447
-10.3993 166.145 446
-21.0707 160.557 431
-21.8054 160.557 431
-22.5402 160.557 431
-23.2749 160.557 431
-23.954 160.185 430
-24.687 160.185 430
-28.2059 155.342 417
-28.9168 155.342 417
-29.6277 155.342 417
-30.3386 155.342 417
-31.0495 155.342 417
-31.7603 155.342 417
-32.3934 154.969 416
-32.9434 154.224 414
-33.6492 154.224 414
-34.3549 154.224 414
-34.976 153.852 413
-35.5937 153.479 412
-36.296 153.479 412
-36.9984 153.479 412
-37.6092 153.107 411
-38.2167 152.734 410
-38.8207 152.362 409
-39.5179 152.362 409
-40.1169 151.989 408
-40.7124 151.617 407
-41.4062 151.617 407
-42.1 151.617 407
-42.7939 151.617 407
-43.3808 151.244 406
-43.9644 150.872 405
-44.6548 150.872 405
-45.3453 150.872 405
-46.0357 150.872 405
-46.6107 150.499 404
-47.2995 150.499 404
-47.8694 150.127 403
-48.5564 150.127 403
-48.999 149.382 401
-49.6826 149.382 401
-50.3662 149.382 401
-51.0498 149.382 401
-51.7334 149.382 401
-68.7904 146.401 393
-69.4604 146.401 393
-70.3088 146.774 394
-71.1606 147.146 395
-71.834 147.146 395
-72.6909 147.519 396
-73.366 147.519 396
-74.0411 147.519 396
-74.7162 147.519 396
-75.2009 147.146 395
-75.8743 147.146 395
-76.7414 147.519 396
-77.4165 147.519 396
-78.2888 147.891 397
-79.1645 148.264 398
-79.843 148.264 398
-80.5215 148.264 398
-81.404 148.637 399
-82.0842 148.637 399
-82.9718 149.009 400
-83.6537 149.009 400
-84.3356 149.009 400
-85.0175 149.009 400
-85.6994 149.009 400
-86.3813 149.009 400
-87.2808 149.382 401
-87.9645 149.382 401
-88.6481 149.382 401
-89.3317 149.382 401
-90.0153 149.382 401
-90.925 149.754 402
-91.6104 149.754 402
-92.2957 149.754 402
-92.981 149.754 402
-93.6663 149.754 402
-101.444 157.577 423
-102.165 157.577 423
-102.886 157.577 423
-103.607 157.577 423
-104.328 157.577 423
-105.298 157.95 424
-106.02 157.95 424
-106.995 158.322 425
-107.973 158.695 426
-108.699 158.695 426
-109.425 158.695 426
-110.41 159.067 427
-111.398 159.44 428
-112.652 160.185 430
-113.385 160.185 430
-114.649 160.93 432
-115.652 161.302 433
-116.391 161.302 433
-117.399 161.675 434
-118.139 161.675 434
-119.153 162.047 435
-119.894 162.047 435
-120.636 162.047 435
-121.378 162.047 435
-122.681 162.792 437
-123.426 162.792 437
-124.455 163.165 438
-125.487 163.537 439
-126.523 163.91 440
-127.273 163.91 440
-128.023 163.91 440
-129.066 164.282 441
-129.818 164.282 441
-131.162 165.027 443
-131.917 165.027 443
-132.672 165.027 443
-133.427 165.027 443
-891.15 847.861 2276
-895.03 847.861 2276
-898.91 847.861 2276
-902.79 847.861 2276
-906.67 847.861 2276
-909.35 846.744 2273
-912.02 845.626 2270
-909.434 839.666 2254
-913.276 839.666 2254
-912.236 835.196 2242
-916.058 835.196 2242
-919.88 835.196 2242
-923.702 835.196 2242
-920.078 828.49 2224
-916.807 822.157 2207
-920.569 822.157 2207
-924.332 822.157 2207
-924.309 818.805 2198
-924.256 815.452 2189
-927.988 815.452 2189
-931.72 815.452 2189
-935.451 815.452 2189
-931.889 809.119 2172
-934.3 808.002 2169
-937.997 808.002 2169
-939.524 806.139 2164
-941.906 805.021 2161
-942.964 802.786 2155
-946.638 802.786 2155
-949.43 802.041 2153
-951.772 800.924 2150
-954.104 799.806 2147
-957.764 799.806 2147
-961.424 799.806 2147
-963.736 798.688 2144
-966.488 797.943 2142
-970.14 797.943 2142
-972.428 796.826 2139
-976.074 796.826 2139
-979.721 796.826 2139
-983.367 796.826 2139
-987.013 796.826 2139
-987.881 794.591 2133
-991.517 794.591 2133
-995.154 794.591 2133
-998.79 794.591 2133
-1002.43 794.591 2133
-1005.12 793.846 2131
-1008.75 793.846 2131
-1012.38 793.846 2131
-1014.59 792.728 2128
-1016.78 791.61 2125
-1020.4 791.61 2125
-1022.58 790.493 2122
-1025.23 789.748 2120
-1027.39 788.63 2117
-1031 788.63 2117
-1032.16 786.768 2112
-1035.76 786.768 2112
-1039.36 786.768 2112
-1042.96 786.768 2112
-1045.08 785.65 2109
-1046.19 783.788 2104
-1049.77 783.788 2104
-1053.36 783.788 2104
-1053.93 781.552 2098
-1054.99 779.69 2093
-1056.03 777.827 2088
-1059.59 777.827 2088
-1058.05 774.102 2078
-1060.06 772.984 2075
-1061.04 771.122 2070
-1064.57 771.122 2070
1466.1 1516.27 4089
1459.13 1516.27 4089
1452.16 1516.27 4089
1434.58 1505.14 4059
1427.66 1505.14 4059
1413.74 1497.73 4039
1400.24 1490.68 4020
1386.8 1483.64 4001
1379.98 1483.64 4001
1373.16 1483.64 4001
1366.34 1483.64 4001
1356.12 1479.93 3991
1349.32 1479.93 3991
1333.09 1469.55 3963
1319.98 1462.5 3944
1310.26 1459.16 3935
1303.55 1459.16 3935
1290.58 1452.12 3916
1280.95 1448.78 3907
1274.29 1448.78 3907
1267.63 1448.78 3907
1260.97 1448.78 3907
1251.42 1445.44 3898
1241.9 1442.11 3889
1218.12 1422.08 3835
1211.58 1422.08 3835
1196.88 1412.44 3809
1190.38 1412.44 3809
1191.97 1422.08 3835
1193.78 1432.09 3862
1187.2 1432.09 3862
1180.61 1432.09 3862
1179.5 1438.77 3880
1181.05 1448.78 3907
1174.39 1448.78 3907
1167.73 1448.78 3907
1161.07 1448.78 3907
1154.41 1448.78 3907
1147.75 1448.78 3907
1149.26 1459.16 3935
1142.55 1459.16 3935
1135.85 1459.16 3935
1126.27 1455.45 3925
1114.44 1448.78 3907
1092.47 1428.76 3853
1085.9 1428.76 3853
1076.81 1425.42 3844
1075.27 1432.09 3862
1073.67 1438.77 3880
1067.05 1438.77 3880
1060.44 1438.77 3880
1053.83 1438.77 3880
1032.64 1418.74 3826
1026.11 1418.74 3826
1017.46 1415.78 3818
1010.95 1415.78 3818
1008.92 1422.08 3835
1009.43 1432.09 3862
1002.85 1432.09 3862
1000.91 1438.77 3880
994.296 1438.77 3880
987.682 1438.77 3880
981.067 1438.77 3880
972.193 1435.43 3871
963.349 1432.09 3862
956.765 1432.09 3862
950.181 1432.09 3862
947.995 1438.77 3880
941.381 1438.77 3880
934.766 1438.77 3880
928.152 1438.77 3880
921.538 1438.77 3880
914.923 1438.77 3880
912.523 1445.44 3898
905.877 1445.44 3898
899.232 1445.44 3898
890.526 1442.11 3889
883.897 1442.11 3889
877.267 1442.11 3889
862.578 1428.76 3853
852.01 1422.08 3835
845.473 1422.08 3835
835.216 1415.78 3818
824.8 1409.1 3800
818.322 1409.1 3800
811.844 1409.1 3800
805.366 1409.1 3800
800.78 1412.44 3809
794.287 1412.44 3809
787.793 1412.44 3809
781.3 1412.44 3809
772.976 1409.1 3800
764.884 1406.14 3792
758.42 1406.14 3792
751.955 1406.14 3792
745.491 1406.14 3792
737.273 1402.8 3783
730.824 1402.8 3783
722.651 1399.46 3774
712.991 1393.16 3757
705.082 1390.19 3749
698.691 1390.19 3749
690.638 1386.85 3740
682.798 1383.89 3732
676.436 1383.89 3732
670.074 1383.89 3732
660.867 1377.95 3716
651.537 1371.65 3699
643.836 1368.68 3691
637.544 1368.68 3691
628.515 1362.75 3675
622.25 1362.75 3675
615.985 1362.75 3675
609.72 1362.75 3675
602.142 1359.78 3667
594.428 1356.45 3658
586.906 1353.48 3650
580.683 1353.48 3650
573.202 1350.51 3642
564.658 1344.95 3627
558.475 1344.95 3627
552.292 1344.95 3627
544.904 1341.98 3619
538.734 1341.98 3619
532.565 1341.98 3619
526.396 1341.98 3619
520.226 1341.98 3619
512.92 1339.02 3611
506.764 1339.02 3611
500.608 1339.02 3611
493.357 1336.05 3603
487.215 1336.05 3603
480.005 1333.09 3595
474.931 1336.05 3603
468.788 1336.05 3603
462.646 1336.05 3603
456.504 1336.05 3603
450.362 1336.05 3603
444.22 1336.05 3603
439.05 1339.02 3611
432.894 1339.02 3611
426.738 1339.02 3611
420.583 1339.02 3611
414.427 1339.02 3611
408.271 1339.02 3611
402.115 1339.02 3611
395.959 1339.02 3611
-8.13651 165.755 447
-8.89853 165.755 447
-9.66055 165.755 447
-10.3993 165.384 446
-11.1095 164.643 444
-21.0707 159.822 431
-21.8054 159.822 431
-22.5402 159.822 431
-23.2749 159.822 431
-23.954 159.451 430
-24.687 159.451 430
-29.6277 154.63 417
-30.3386 154.63 417
-31.0495 154.63 417
-31.7603 154.63 417
-32.3934 154.26 416
-32.9434 153.518 414
-33.6492 153.518 414
-34.3549 153.518 414
-34.976 153.147 413
-35.5937 152.776 412
-36.296 152.776 412
-36.9984 152.776 412
-37.6092 152.406 411
-38.2167 152.035 410
-38.8207 151.664 409
-39.5179 151.664 409
-40.1169 151.293 408
-40.7124 150.922 407
-41.4062 150.922 407
-42.1 150.922 407
-42.7939 150.922 407
-43.3808 150.551 406
-43.9644 150.181 405
-44.6548 150.181 405
-45.3453 150.181 405
-46.0357 150.181 405
-46.6107 149.81 404
-47.2995 149.81 404
-47.8694 149.439 403
-48.4359 149.068 402
-48.999 148.697 401
-49.6826 148.697 401
-50.3662 148.697 401
-51.0498 148.697 401
-51.7334 148.697 401
-68.7904 145.731 393
-69.4604 145.731 393
-70.1304 145.731 393
-70.9805 146.102 394
-71.6522 146.102 394
-72.6909 146.843 396
-73.366 146.843 396
-74.0411 146.843 396
-74.7162 146.843 396
-75.2009 146.473 395
-76.0664 146.843 396
-76.7414 146.843 396
-77.4165 146.843 396
-78.486 147.585 398
-79.1645 147.585 398
-79.843 147.585 398
-80.5215 147.585 398
-81.404 147.956 399
-82.0842 147.956 399
-82.9718 148.327 400
-83.6537 148.327 400
-84.3356 148.327 400
-85.0175 148.327 400
-85.6994 148.327 400
-86.5972 148.697 401
-87.2808 148.697 401
-87.9645 148.697 401
-88.6481 148.697 401
-89.3317 148.697 401
-90.2397 149.068 402
-90.925 149.068 402
-91.6104 149.068 402
-92.2957 149.068 402
-101.444 156.855 423
-102.165 156.855 423
-102.886 156.855 423
-103.607 156.855 423
-104.328 156.855 423
-105.546 157.597 425
-106.27 157.597 425
-107.247 157.968 426
-107.973 157.968 426
-108.954 158.339 427
-109.682 158.339 427
-110.669 158.709 428
-111.659 159.08 429
-112.652 159.451 430
-113.385 159.451 430
-114.649 160.193 432
-115.652 160.564 433
-116.391 160.564 433
-117.399 160.934 434
-118.139 160.934 434
-119.153 161.305 435
-119.894 161.305 435
-120.636 161.305 435
-121.657 161.676 436
-122.681 162.047 437
-123.426 162.047 437
-124.455 162.418 438
-125.201 162.418 438
-125.948 162.418 438
-127.273 163.159 440
-128.023 163.159 440
-129.066 163.53 441
-129.818 163.53 441
-131.162 164.272 443
-131.917 164.272 443
-132.672 164.272 443
-133.427 164.272 443
-887.27 843.978 2276
-891.15 843.978 2276
-895.03 843.978 2276
-898.91 843.978 2276
-902.79 843.978 2276
-906.67 843.978 2276
-909.35 842.866 2273
-909.609 839.529 2264
-908.223 834.708 2251
-912.061 834.708 2251
-912.236 831.371 2242
-916.058 831.371 2242
-917.418 829.146 2236
-921.23 829.146 2236
-920.078 824.696 2224
-916.807 818.392 2207
-919.318 817.28 2204
-923.075 817.28 2204
-923.048 813.942 2195
-924.256 811.717 2189
-927.988 811.717 2189
-931.72 811.717 2189
-933.315 809.863 2184
-931.889 805.413 2172
-934.3 804.301 2169
-937.997 804.301 2169
-939.524 802.447 2164
-940.598 800.222 2158
-942.964 799.109 2155
-946.638 799.109 2155
-949.43 798.368 2153
-951.772 797.255 2150
-955.437 797.255 2150
-959.102 797.255 2150
-961.424 796.143 2147
-963.736 795.031 2144
-966.488 794.289 2142
-970.14 794.289 2142
-972.428 793.176 2139
-976.074 793.176 2139
-979.721 793.176 2139
-983.367 793.176 2139
-985.629 792.064 2136
-987.881 790.952 2133
-991.517 790.952 2133
-995.154 790.952 2133
-998.79 790.952 2133
-1002.43 790.952 2133
-1005.12 790.21 2131
-1008.75 790.21 2131
-1012.38 790.21 2131
-1014.59 789.097 2128
-1016.78 787.985 2125
-1020.4 787.985 2125
-1022.58 786.873 2122
-1025.23 786.131 2120
-1025.93 783.906 2114
-1029.54 783.906 2114
-1032.16 783.164 2112
-1035.76 783.164 2112
-1036.41 780.94 2106
-1040 780.94 2106
-1043.59 780.94 2106
-1046.19 780.198 2104
-1048.28 779.085 2101
-1051.86 779.085 2101
-1052.93 777.231 2096
-1054.99 776.119 2093
-1054.51 773.152 2085
-1058.06 773.152 2085
-1056.53 769.444 2075
-1058.53 768.332 2072
-1059.5 766.478 2067
-1063.03 766.478 2067
1466.1 1509.29 4089
1459.13 1509.29 4089
1452.16 1509.29 4089
1431.05 1494.53 4049
1424.15 1494.53 4049
1410.59 1487.51 4030
1396.76 1480.13 4010
1386.8 1476.81 4001
1379.98 1476.81 4001
1373.16 1476.81 4001
1366.34 1476.81 4001
1356.12 1473.12 3991
1349.32 1473.12 3991
1333.09 1462.78 3963
1319.98 1455.77 3944
1310.26 1452.45 3935
1303.55 1452.45 3935
1290.58 1445.44 3916
1280.95 1442.11 3907
1268.42 1435.47 3889
1261.79 1435.47 3889
1255.16 1435.47 3889
1248.53 1435.47 3889
1241.9 1435.47 3889
1218.12 1415.54 3835
1211.58 1415.54 3835
1196.88 1405.94 3809
1190.38 1405.94 3809
1191.97 1415.54 3835
1193.78 1425.5 3862
1187.2 1425.5 3862
1180.61 1425.5 3862
1179.5 1432.15 3880
1181.05 1442.11 3907
1174.39 1442.11 3907
1167.73 1442.11 3907
1161.07 1442.11 3907
1154.41 1442.11 3907
1147.75 1442.11 3907
1149.26 1452.45 3935
1142.55 1452.45 3935
1135.85 1452.45 3935
1126.27 1448.76 3925
1114.44 1442.11 3907
1092.47 1422.18 3853
1085.9 1422.18 3853
1076.81 1418.86 3844
1080.28 1432.15 3880
1081.14 1442.11 3907
1074.48 1442.11 3907
1067.82 1442.11 3907
1061.16 1442.11 3907
1047.21 1432.15 3880
1040.6 1432.15 3880
1029.19 1425.5 3862
1024.99 1428.83 3871
1023.12 1435.47 3889
1016.49 1435.47 3889
1009.86 1435.47 3889
1015.1 1452.45 3935
1008.39 1452.45 3935
1001.68 1452.45 3935
994.974 1452.45 3935
988.266 1452.45 3935
981.558 1452.45 3935
974.85 1452.45 3935
968.141 1452.45 3935
961.433 1452.45 3935
954.725 1452.45 3935
948.017 1452.45 3935
941.309 1452.45 3935
932.226 1448.76 3925
927.892 1452.45 3935
927.739 1462.78 3963
920.983 1462.78 3963
914.227 1462.78 3963
901.06 1452.45 3935
894.352 1452.45 3935
881.327 1442.11 3907
870.637 1435.47 3889
860.008 1428.83 3871
853.409 1428.83 3871
840.904 1418.86 3844
832.397 1415.54 3835
823.921 1412.22 3826
817.399 1412.22 3826
810.877 1412.22 3826
806.246 1415.54 3835
799.709 1415.54 3835
793.171 1415.54 3835
784.787 1412.22 3826
776.637 1409.26 3818
766.498 1402.62 3800
760.02 1402.62 3800
753.542 1402.62 3800
747.064 1402.62 3800
739.027 1399.67 3792
732.562 1399.67 3792
724.375 1396.34 3783
716.217 1393.02 3774
706.586 1386.75 3757
700.182 1386.75 3757
692.3 1383.79 3749
684.262 1380.47 3740
676.436 1377.52 3732
670.074 1377.52 3732
660.867 1371.61 3716
652.946 1368.29 3707
643.836 1362.39 3691
637.544 1362.39 3691
628.515 1356.48 3675
622.25 1356.48 3675
615.985 1356.48 3675
609.72 1356.48 3675
602.142 1353.53 3667
594.428 1350.21 3658
588.192 1350.21 3658
581.956 1350.21 3658
573.202 1344.3 3642
565.903 1341.72 3635
558.475 1338.76 3627
552.292 1338.76 3627
546.108 1338.76 3627
538.734 1335.81 3619
532.565 1335.81 3619
526.396 1335.81 3619
520.226 1335.81 3619
512.92 1332.86 3611
506.764 1332.86 3611
500.608 1332.86 3611
493.357 1329.9 3603
487.215 1329.9 3603
480.005 1326.95 3595
474.931 1329.9 3603
468.788 1329.9 3603
462.646 1329.9 3603
456.504 1329.9 3603
450.362 1329.9 3603
444.22 1329.9 3603
439.05 1332.86 3611
432.894 1332.86 3611
426.738 1332.86 3611
420.583 1332.86 3611
414.427 1332.86 3611
408.271 1332.86 3611
402.115 1332.86 3611
395.959 1332.86 3611
-6.61246 164.992 447
-7.37449 164.992 447
-8.13651 164.992 447
-8.89853 164.992 447
-9.66055 164.992 447
-10.3993 164.623 446
-11.1095 163.885 444
-21.0707 159.087 431
-21.8054 159.087 431
-22.5402 159.087 431
-23.2749 159.087 431
-28.2059 153.919 417
-28.9168 153.919 417
-29.6277 153.919 417
-30.3386 153.919 417
-31.0495 153.919 417
-31.7603 153.919 417
-32.3934 153.55 416
-32.9434 152.812 414
-33.6492 152.812 414
-34.3549 152.812 414
-34.976 152.443 413
-35.5937 152.073 412
-36.296 152.073 412
-36.9984 152.073 412
-37.6092 151.704 411
-38.2167 151.335 410
-38.8207 150.966 409
-39.5179 150.966 409
-40.1169 150.597 408
-40.7124 150.228 407
-41.4062 150.228 407
-42.1 150.228 407
-42.7939 150.228 407
-43.3808 149.859 406
-43.9644 149.49 405
-44.6548 149.49 405
-45.3453 149.49 405
-45.922 149.121 404
-46.4954 148.751 403
-47.1824 148.751 403
-47.7506 148.382 402
-48.4359 148.382 402
-48.999 148.013 401
-49.5587 147.644 400
-50.2406 147.644 400
-50.9225 147.644 400
-51.4754 147.275 399
-52.0249 146.906 398
-52.7034 146.906 398
-53.3819 146.906 398
-68.7904 145.06 393
-69.4604 145.06 393
-70.1304 145.06 393
-70.9805 145.429 394
-71.6522 145.429 394
-72.6909 146.168 396
-73.366 146.168 396
-74.0411 146.168 396
-74.7162 146.168 396
-75.2009 145.799 395
-76.0664 146.168 396
-76.7414 146.168 396
-77.4165 146.168 396
-78.486 146.906 398
-79.1645 146.906 398
-79.843 146.906 398
-80.5215 146.906 398
-81.404 147.275 399
-82.0842 147.275 399
-82.9718 147.644 400
-83.6537 147.644 400
-84.3356 147.644 400
-85.0175 147.644 400
-85.6994 147.644 400
-86.5972 148.013 401
-87.2808 148.013 401
-87.9645 148.013 401
-88.6481 148.013 401
-89.3317 148.013 401
-90.2397 148.382 402
-90.925 148.382 402
-91.6104 148.382 402
-92.2957 148.382 402
-101.444 156.134 423
-102.165 156.134 423
-102.886 156.134 423
-103.607 156.134 423
-104.575 156.503 424
-105.546 156.872 425
-106.27 156.872 425
-107.247 157.241 426
-107.973 157.241 426
-108.954 157.61 427
-109.682 157.61 427
-110.669 157.979 428
-111.659 158.348 429
-112.652 158.717 430
-113.649 159.087 431
-114.649 159.456 432
-115.652 159.825 433
-116.391 159.825 433
-117.399 160.194 434
-118.139 160.194 434
-119.153 160.563 435
-119.894 160.563 435
-120.636 160.563 435
-121.657 160.932 436
-122.681 161.301 437
-123.426 161.301 437
-124.455 161.67 438
-125.201 161.67 438
-125.948 161.67 438
-127.273 162.409 440
-128.023 162.409 440
-129.066 162.778 441
-129.818 162.778 441
-131.162 163.516 443
-131.917 163.516 443
-132.672 163.516 443
-887.27 840.095 2276
-891.15 840.095 2276
-895.03 840.095 2276
-898.91 840.095 2276
-902.79 840.095 2276
-906.67 840.095 2276
-908.15 837.881 2270
-909.609 835.666 2264
-908.223 830.867 2251
-912.061 830.867 2251
-912.236 827.545 2242
-916.058 827.545 2242
-917.418 825.331 2236
-921.23 825.331 2236
-920.078 820.901 2224
-916.807 814.627 2207
-919.318 813.519 2204
-923.075 813.519 2204
-923.048 810.197 2195
-924.256 807.983 2189
-927.988 807.983 2189
-931.72 807.983 2189
-933.315 806.137 2184
-931.889 801.708 2172
-934.3 800.6 2169
-937.997 800.6 2169
-940.827 799.862 2167
-941.906 797.648 2161
-944.277 796.54 2158
-947.956 796.54 2158
-950.312 795.433 2155
-953.1 794.695 2153
-956.77 794.695 2153
-960.441 794.695 2153
-961.424 792.48 2147
-965.084 792.48 2147
-967.391 791.373 2144
-971.046 791.373 2144
-973.792 790.634 2142
-977.443 790.634 2142
-979.721 789.527 2139
-983.367 789.527 2139
-985.629 788.42 2136
-987.881 787.312 2133
-991.517 787.312 2133
-995.154 787.312 2133
-998.79 787.312 2133
-1002.43 787.312 2133
-1005.12 786.574 2131
-1008.75 786.574 2131
-1012.38 786.574 2131
-1014.59 785.467 2128
-1016.78 784.36 2125
-1020.4 784.36 2125
-1022.58 783.252 2122
-1023.78 781.407 2117
-1025.93 780.299 2114
-1029.54 780.299 2114
-1032.16 779.561 2112
-1034.29 778.454 2109
-1036.41 777.346 2106
-1040 777.346 2106
-1042.6 776.608 2104
-1044.69 775.501 2101
-1046.78 774.394 2098
-1050.36 774.394 2098
-1051.42 772.548 2093
-1052.47 770.702 2088
-1053.5 768.857 2083
-1057.05 768.857 2083
-1056.53 765.904 2075
-1055.98 762.951 2067
-1058.48 762.213 2065
-1062 762.213 2065
1466.1 1502.32 4089
1459.13 1502.32 4089
1452.16 1502.32 4089
1438.12 1494.97 4069
1431.18 1494.97 4069
1413.74 1483.95 4039
1393.62 1469.98 4001
1386.8 1469.98 4001
1379.98 1469.98 4001
1369.73 1466.31 3991
1362.92 1466.31 3991
1346.61 1456.02 3963
1339.85 1456.02 3963
1326.7 1449.04 3944
1319.98 1449.04 3944
1303.93 1438.76 3916
1297.26 1438.76 3916
1281.68 1428.84 3889
1275.05 1428.84 3889
1262.55 1422.22 3871
1255.95 1422.22 3871
1249.35 1422.22 3871
1242.75 1422.22 3871
1224.66 1409 3835
1215.26 1405.69 3826
1208.74 1405.69 3826
1196.88 1399.44 3809
1190.38 1399.44 3809
1194.77 1412.3 3844
1193.78 1418.92 3862
1187.2 1418.92 3862
1186.11 1425.53 3880
1198.96 1449.04 3944
1192.23 1449.04 3944
1191.22 1456.02 3963
1184.46 1456.02 3963
1177.71 1456.02 3963
1168 1452.35 3953
1161.26 1452.35 3953
1160.07 1459.33 3972
1153.3 1459.33 3972
1146.53 1459.33 3972
1131.72 1449.04 3944
1122.43 1445.74 3935
1115.72 1445.74 3935
1093.51 1425.53 3880
1081.86 1418.92 3862
1080.28 1425.53 3880
1081.14 1435.45 3907
1074.48 1435.45 3907
1067.82 1435.45 3907
1061.16 1435.45 3907
1047.21 1425.53 3880
1040.6 1425.53 3880
1029.19 1418.92 3862
1024.99 1422.22 3871
1023.12 1428.84 3889
1016.49 1428.84 3889
1009.86 1428.84 3889
1015.1 1445.74 3935
1008.39 1445.74 3935
1001.68 1445.74 3935
994.974 1445.74 3935
988.266 1445.74 3935
981.558 1445.74 3935
974.85 1445.74 3935
968.141 1445.74 3935
961.433 1445.74 3935
954.725 1445.74 3935
948.017 1445.74 3935
941.309 1445.74 3935
932.226 1442.06 3925
932.137 1452.35 3953
927.739 1456.02 3963
923.075 1459.33 3972
916.303 1459.33 3972
909.532 1459.33 3972
902.761 1459.33 3972
887.643 1445.74 3935
878.696 1442.06 3925
866.007 1432.14 3898
859.362 1432.14 3898
850.748 1428.84 3889
840.211 1422.22 3871
831.674 1418.92 3862
825.09 1418.92 3862
818.506 1418.92 3862
811.923 1418.92 3862
805.339 1418.92 3862
798.755 1418.92 3862
790.325 1415.61 3853
781.926 1412.3 3844
775.373 1412.3 3844
768.82 1412.3 3844
758.698 1405.69 3826
750.603 1402.75 3818
740.586 1396.14 3800
734.108 1396.14 3800
724.375 1389.89 3783
716.217 1386.58 3774
708.279 1383.64 3766
701.859 1383.64 3766
693.777 1380.34 3757
685.909 1377.4 3749
676.436 1371.15 3732
670.074 1371.15 3732
660.867 1365.27 3716
652.946 1361.97 3707
645.231 1359.03 3699
638.926 1359.03 3699
629.883 1353.15 3683
622.25 1350.21 3675
615.985 1350.21 3675
609.72 1350.21 3675
602.142 1347.27 3667
595.89 1347.27 3667
588.192 1343.96 3658
581.956 1343.96 3658
575.72 1343.96 3658
568.239 1341.03 3650
559.707 1335.51 3635
553.51 1335.51 3635
547.313 1335.51 3635
539.925 1332.58 3627
533.742 1332.58 3627
527.559 1332.58 3627
521.376 1332.58 3627
515.193 1332.58 3627
509.01 1332.58 3627
502.827 1332.58 3627
496.644 1332.58 3627
488.297 1326.7 3611
482.141 1326.7 3611
477.04 1329.64 3619
470.87 1329.64 3619
464.701 1329.64 3619
458.531 1329.64 3619
452.362 1329.64 3619
445.206 1326.7 3611
439.05 1326.7 3611
432.894 1326.7 3611
427.684 1329.64 3619
421.514 1329.64 3619
415.345 1329.64 3619
410.984 1335.51 3635
404.788 1335.51 3635
398.591 1335.51 3635
392.394 1335.51 3635
-5.86353 164.597 448
-6.62726 164.597 448
-7.39098 164.597 448
-8.15471 164.597 448
-8.91844 164.597 448
-9.66055 164.23 447
-10.3993 163.862 446
-11.1596 163.862 446
-21.0707 158.351 431
-21.8054 158.351 431
-22.5402 158.351 431
-23.2749 158.351 431
-28.2059 153.208 417
-28.9168 153.208 417
-29.6277 153.208 417
-30.3386 153.208 417
-31.0495 153.208 417
-31.7603 153.208 417
-32.3155 152.473 415
-32.9434 152.105 414
-33.6492 152.105 414
-34.2719 151.738 413
-34.976 151.738 413
-35.5937 151.371 412
-36.296 151.371 412
-36.9984 151.371 412
-37.6092 151.003 411
-38.2167 150.636 410
-38.8207 150.268 409
-39.5179 150.268 409
-40.1169 149.901 408
-40.7124 149.534 407
-41.4062 149.534 407
-42.1 149.534 407
-42.7939 149.534 407
-43.3808 149.166 406
-43.9644 148.799 405
-44.6548 148.799 405
-45.3453 148.799 405
-45.922 148.431 404
-46.4954 148.064 403
-47.1824 148.064 403
-47.7506 147.697 402
-48.4359 147.697 402
-48.999 147.329 401
-49.5587 146.962 400
-50.2406 146.962 400
-50.9225 146.962 400
-51.4754 146.594 399
-52.0249 146.227 398
-52.7034 146.227 398
-53.3819 146.227 398
-53.9245 145.859 397
-54.4638 145.492 396
-55.1389 145.492 396
-55.8139 145.492 396
-56.489 145.492 396
-57.0198 145.125 395
-57.6931 145.125 395
-68.7904 144.39 393
-69.4604 144.39 393
-70.3088 144.757 394
-71.1606 145.125 395
-71.834 145.125 395
-72.6909 145.492 396
-73.366 145.492 396
-74.0411 145.492 396
-74.7162 145.492 396
-75.3913 145.492 396
-76.0664 145.492 396
-76.7414 145.492 396
-77.4165 145.492 396
-78.486 146.227 398
-79.3634 146.594 399
-80.0436 146.594 399
-80.7238 146.594 399
-81.404 146.594 399
-82.2899 146.962 400
-82.9718 146.962 400
-83.6537 146.962 400
-84.3356 146.962 400
-85.23 147.329 401
-85.9136 147.329 401
-86.5972 147.329 401
-87.2808 147.329 401
-88.1838 147.697 402
-88.8691 147.697 402
-89.5544 147.697 402
-90.2397 147.697 402
-90.925 147.697 402
-91.6104 147.697 402
-92.2957 147.697 402
-101.444 155.412 423
-102.165 155.412 423
-102.886 155.412 423
-103.607 155.412 423
-104.575 155.779 424
-105.546 156.147 425
-106.27 156.147 425
-107.247 156.514 426
-107.973 156.514 426
-108.954 156.882 427
-109.682 156.882 427
-110.669 157.249 428
-111.659 157.616 429
-112.652 157.984 430
-113.649 158.351 431
-114.649 158.719 432
-115.652 159.086 433
-116.391 159.086 433
-117.399 159.453 434
-118.139 159.453 434
-119.153 159.821 435
-119.894 159.821 435
-120.636 159.821 435
-121.657 160.188 436
-122.681 160.556 437
-123.426 160.556 437
-124.455 160.923 438
-125.201 160.923 438
-125.948 160.923 438
-127.273 161.658 440
-128.023 161.658 440
-129.066 162.025 441
-129.818 162.025 441
-131.162 162.76 443
-131.917 162.76 443
-132.672 162.76 443
-877.568 830.701 2261
-887.27 836.212 2276
-891.15 836.212 2276
-895.03 836.212 2276
-897.725 835.11 2273
-899.22 832.906 2267
-903.085 832.906 2267
-905.749 831.803 2264
-908.404 830.701 2261
-904.592 823.72 2242
-908.414 823.72 2242
-908.574 820.414 2233
-911.155 819.312 2230
-913.726 818.209 2227
-917.522 818.209 2227
-917.595 814.903 2218
-916.807 810.861 2207
-918.067 808.657 2201
-921.819 808.657 2201
-923.048 806.452 2195
-924.256 804.248 2189
-926.716 803.146 2186
-930.443 803.146 2186
-933.315 802.411 2184
-931.889 798.002 2172
-934.3 796.9 2169
-937.997 796.9 2169
-940.827 796.165 2167
-941.906 793.961 2161
-944.277 792.858 2158
-947.956 792.858 2158
-950.312 791.756 2155
-953.985 791.756 2155
-956.77 791.021 2153
-960.441 791.021 2153
-964.111 791.021 2153
-965.084 788.817 2147
-968.744 788.817 2147
-972.405 788.817 2147
-974.701 787.715 2144
-977.443 786.98 2142
-981.095 786.98 2142
-984.746 786.98 2142
-985.629 784.776 2136
-987.881 783.673 2133
-991.517 783.673 2133
-995.154 783.673 2133
-998.79 783.673 2133
-1002.43 783.673 2133
-1005.12 782.939 2131
-1008.75 782.939 2131
-1012.38 782.939 2131
-1014.59 781.836 2128
-1016.78 780.734 2125
-1020.4 780.734 2125
-1022.58 779.632 2122
-1023.78 777.795 2117
-1025.93 776.693 2114
-1029.54 776.693 2114
-1030.7 774.856 2109
-1032.82 773.753 2106
-1035.43 773.019 2104
-1039.01 773.019 2104
-1041.11 771.916 2101
-1043.2 770.814 2098
-1045.78 770.079 2096
-1049.35 770.079 2096
-1050.42 768.242 2091
-1050.96 766.038 2085
-1050.97 763.466 2078
-1054.51 763.466 2078
-1055 761.262 2072
-1054.96 758.69 2065
-1053.35 755.016 2055
-1056.85 755.016 2055
1466.1 1495.34 4089
1459.13 1495.34 4089
1452.16 1495.34 4089
1438.12 1488.03 4069
1431.18 1488.03 4069
1413.74 1477.05 4039
1393.62 1463.16 4001
1386.8 1463.16 4001
1379.98 1463.16 4001
1369.73 1459.5 3991
1362.92 1459.5 3991
1346.61 1449.26 3963
1339.85 1449.26 3963
1326.7 1442.31 3944
1319.98 1442.31 3944
1303.93 1432.07 3916
1297.26 1432.07 3916
1281.68 1422.2 3889
1275.05 1422.2 3889
1262.55 1415.62 3871
1255.95 1415.62 3871
1249.35 1415.62 3871
1242.75 1415.62 3871
1224.66 1402.45 3835
1209.86 1392.94 3809
1203.37 1392.94 3809
1196.88 1392.94 3809
1190.38 1392.94 3809
1194.77 1405.74 3844
1193.78 1412.33 3862
1187.2 1412.33 3862
1197.12 1432.07 3916
1207.47 1452.55 3972
1200.7 1452.55 3972
1196.93 1456.21 3982
1190.14 1456.21 3982
1183.35 1456.21 3982
1176.57 1456.21 3982
1172.42 1459.5 3991
1171.17 1466.45 4010
1164.33 1466.45 4010
1157.49 1466.45 4010
1150.66 1466.45 4010
1127.56 1445.6 3953
1120.83 1445.6 3953
1106.2 1435.37 3925
1089.42 1422.2 3889
1087.8 1428.78 3907
1093.87 1445.6 3953
1087.13 1445.6 3953
1080.39 1445.6 3953
1073.65 1445.6 3953
1066.91 1445.6 3953
1047.84 1428.78 3907
1036.38 1422.2 3889
1029.75 1422.2 3889
1027.86 1428.78 3907
1021.2 1428.78 3907
1021.81 1439.02 3935
1019.74 1445.6 3953
1013 1445.6 3953
1006.26 1445.6 3953
997.25 1442.31 3944
990.526 1442.31 3944
983.803 1442.31 3944
977.079 1442.31 3944
970.356 1442.31 3944
968.275 1449.26 3963
961.519 1449.26 3963
954.763 1449.26 3963
948.007 1449.26 3963
938.876 1445.6 3953
932.137 1445.6 3953
927.739 1449.26 3963
923.075 1452.55 3972
916.303 1452.55 3972
909.532 1452.55 3972
902.761 1452.55 3972
887.643 1439.02 3935
878.696 1435.37 3925
866.007 1425.49 3898
859.362 1425.49 3898
850.748 1422.2 3889
840.211 1415.62 3871
831.674 1412.33 3862
825.09 1412.33 3862
818.506 1412.33 3862
811.923 1412.33 3862
805.339 1412.33 3862
798.755 1412.33 3862
790.325 1409.04 3853
781.926 1405.74 3844
775.373 1405.74 3844
768.82 1405.74 3844
758.698 1399.16 3826
750.603 1396.24 3818
740.586 1389.65 3800
734.108 1389.65 3800
726.098 1386.73 3792
716.217 1380.14 3774
708.279 1377.22 3766
701.859 1377.22 3766
693.777 1373.93 3757
685.909 1371 3749
676.436 1364.79 3732
670.074 1364.79 3732
660.867 1358.93 3716
652.946 1355.64 3707
645.231 1352.72 3699
638.926 1352.72 3699
629.883 1346.87 3683
622.25 1343.94 3675
615.985 1343.94 3675
609.72 1343.94 3675
602.142 1341.02 3667
595.89 1341.02 3667
588.192 1337.72 3658
581.956 1337.72 3658
575.72 1337.72 3658
568.239 1334.8 3650
559.707 1329.31 3635
553.51 1329.31 3635
547.313 1329.31 3635
541.116 1329.31 3635
534.92 1329.31 3635
528.723 1329.31 3635
521.376 1326.39 3627
516.329 1329.31 3635
510.133 1329.31 3635
503.936 1329.31 3635
497.739 1329.31 3635
490.46 1326.39 3627
483.209 1323.46 3619
478.094 1326.39 3627
471.911 1326.39 3627
465.728 1326.39 3627
459.545 1326.39 3627
453.362 1326.39 3627
446.192 1323.46 3619
439.05 1320.54 3611
432.894 1320.54 3611
428.629 1326.39 3627
422.446 1326.39 3627
416.263 1326.39 3627
410.984 1329.31 3635
404.788 1329.31 3635
398.591 1329.31 3635
392.394 1329.31 3635
384.497 1323.46 3619
378.328 1323.46 3619
-5.11119 164.198 449
-5.87662 164.198 449
-6.64205 164.198 449
-7.40748 164.198 449
-8.15471 163.833 448
-8.91844 163.833 448
-9.66055 163.467 447
-10.4226 163.467 447
-11.1596 163.101 446
-16.0753 159.079 435
-16.8169 159.079 435
-17.5584 159.079 435
-18.3 159.079 435
-19.0416 159.079 435
-19.7376 158.713 434
-20.3831 157.982 432
-21.1196 157.982 432
-21.856 157.982 432
-22.5925 157.982 432
-23.2749 157.616 431
-28.2059 152.496 417
-28.9168 152.496 417
-29.6277 152.496 417
-30.3386 152.496 417
-31.0495 152.496 417
-31.7603 152.496 417
-32.3155 151.765 415
-32.9434 151.399 414
-33.6492 151.399 414
-34.2719 151.033 413
-34.976 151.033 413
-35.5937 150.668 412
-36.296 150.668 412
-36.9086 150.302 411
-37.5177 149.936 410
-38.2167 149.936 410
-38.8207 149.571 409
-39.5179 149.571 409
-40.1169 149.205 408
-40.7124 148.839 407
-41.4062 148.839 407
-42.1 148.839 407
-42.6887 148.473 406
-43.3808 148.473 406
-43.9644 148.108 405
-44.6548 148.108 405
-45.3453 148.108 405
-45.922 147.742 404
-46.38 147.011 402
-47.0653 147.011 402
-47.7506 147.011 402
-48.3154 146.645 401
-48.8768 146.279 400
-49.5587 146.279 400
-50.2406 146.279 400
-50.9225 146.279 400
-51.4754 145.914 399
-52.0249 145.548 398
-52.7034 145.548 398
-53.3819 145.548 398
-53.9245 145.182 397
-54.4638 144.816 396
-55.1389 144.816 396
-55.8139 144.816 396
-56.489 144.816 396
-57.0198 144.451 395
-57.6931 144.451 395
-68.7904 143.719 393
-69.4604 143.719 393
-70.3088 144.085 394
-71.3408 144.816 396
-72.0159 144.816 396
-72.8745 145.182 397
-73.5513 145.182 397
-74.2281 145.182 397
-74.7162 144.816 396
-75.3913 144.816 396
-76.2584 145.182 397
-76.9352 145.182 397
-77.612 145.182 397
-78.6832 145.914 399
-79.3634 145.914 399
-80.0436 145.914 399
-80.7238 145.914 399
-81.404 145.914 399
-82.2899 146.279 400
-82.9718 146.279 400
-83.6537 146.279 400
-84.3356 146.279 400
-85.23 146.645 401
-85.9136 146.645 401
-86.5972 146.645 401
-87.4985 147.011 402
-88.1838 147.011 402
-88.8691 147.011 402
-89.5544 147.011 402
-90.2397 147.011 402
-90.925 147.011 402
-91.6104 147.011 402
-92.2957 147.011 402
-100.723 154.69 423
-101.444 154.69 423
-102.165 154.69 423
-102.886 154.69 423
-103.852 155.056 424
-104.575 155.056 424
-105.546 155.422 425
-106.27 155.422 425
-107.247 155.787 426
-107.973 155.787 426
-108.954 156.153 427
-109.682 156.153 427
-110.669 156.519 428
-111.919 157.25 430
-112.652 157.25 430
-113.649 157.616 431
-114.649 157.982 432
-115.652 158.347 433
-116.391 158.347 433
-117.399 158.713 434
-118.139 158.713 434
-119.153 159.079 435
-119.894 159.079 435
-120.636 159.079 435
-121.657 159.444 436
-122.681 159.81 437
-123.426 159.81 437
-124.455 160.176 438
-125.201 160.176 438
-125.948 160.176 438
-127.273 160.907 440
-128.023 160.907 440
-128.773 160.907 440
-129.524 160.907 440
-130.274 160.907 440
-866.005 826.844 2261
-869.859 826.844 2261
-874.873 827.941 2264
-879.897 829.038 2267
-884.931 830.135 2270
-888.801 830.135 2270
-892.671 830.135 2270
-894.171 827.941 2264
-898.03 827.941 2264
-901.89 827.941 2264
-904.549 826.844 2261
-905.591 824.284 2254
-909.434 824.284 2254
-904.767 816.604 2233
-907.354 815.507 2230
-911.155 815.507 2230
-912.495 813.313 2224
-916.286 813.313 2224
-916.354 810.021 2215
-914.315 804.902 2201
-918.067 804.902 2201
-921.819 804.902 2201
-921.786 801.61 2192
-922.99 799.416 2186
-926.716 799.416 2186
-930.443 799.416 2186
-934.169 799.416 2186
-931.889 794.296 2172
-935.592 794.296 2172
-939.295 794.296 2172
-941.695 793.199 2169
-943.213 791.371 2164
-945.59 790.274 2161
-949.274 790.274 2161
-951.635 789.177 2158
-953.985 788.08 2155
-956.77 787.348 2153
-960.441 787.348 2153
-964.111 787.348 2153
-965.084 785.154 2147
-968.744 785.154 2147
-972.405 785.154 2147
-974.701 784.057 2144
-977.443 783.326 2142
-981.095 783.326 2142
-984.746 783.326 2142
-985.629 781.131 2136
-987.881 780.034 2133
-991.517 780.034 2133
-995.154 780.034 2133
-997.853 779.303 2131
-1001.49 779.303 2131
-1005.12 779.303 2131
-1008.75 779.303 2131
-1010.96 778.206 2128
-1014.59 778.206 2128
-1016.78 777.109 2125
-1020.4 777.109 2125
-1021.62 775.28 2120
-1023.78 774.183 2117
-1025.93 773.086 2114
-1029.54 773.086 2114
-1030.7 771.257 2109
-1032.82 770.16 2106
-1035.43 769.429 2104
-1039.01 769.429 2104
-1041.11 768.332 2101
-1043.2 767.235 2098
-1045.78 766.503 2096
-1049.35 766.503 2096
-1050.42 764.675 2091
-1050.96 762.481 2085
-1050.97 759.921 2078
-1054.51 759.921 2078
-1055 757.727 2072
-1054.96 755.167 2065
-1053.35 751.51 2055
-1056.85 751.51 2055
1462.51 1484.72 4079
1455.56 1484.72 4079
1448.6 1484.72 4079
1438.12 1481.08 4069
1431.18 1481.08 4069
1413.74 1470.16 4039
1390.14 1452.69 3991
1383.33 1452.69 3991
1376.53 1452.69 3991
1369.73 1452.69 3991
1362.92 1452.69 3991
1340.15 1435.58 3944
1333.43 1435.58 3944
1311.23 1418.84 3898
1289.52 1402.46 3853
1279.96 1399.19 3844
1273.41 1399.19 3844
1258.28 1389.72 3818
1243.25 1380.26 3792
1239.4 1383.17 3800
1232.92 1383.17 3800
1226.44 1383.17 3800
1219.96 1383.17 3800
1216.36 1386.45 3809
1209.86 1386.45 3809
1203.37 1386.45 3809
1196.88 1386.45 3809
1193.2 1389.72 3818
1200.36 1405.74 3862
1193.78 1405.74 3862
1198.26 1418.84 3898
1211.49 1442.5 3963
1219.02 1459.61 4010
1212.18 1459.61 4010
1205.35 1459.61 4010
1198.51 1459.61 4010
1191.68 1459.61 4010
1184.84 1459.61 4010
1178 1459.61 4010
1179.64 1470.16 4039
1172.75 1470.16 4039
1165.87 1470.16 4039
1158.98 1470.16 4039
1143.82 1459.61 4010
1136.99 1459.61 4010
1114.09 1438.86 3953
1102.31 1432.31 3935
1095.6 1432.31 3935
1096.64 1442.5 3963
1089.88 1442.5 3963
1083.13 1442.5 3963
1076.37 1442.5 3963
1069.61 1442.5 3963
1052.67 1428.67 3925
1041.18 1422.12 3907
1034.52 1422.12 3907
1030.22 1425.39 3916
1023.55 1425.39 3916
1024.14 1435.58 3944
1022.32 1442.5 3963
1015.57 1442.5 3963
1008.81 1442.5 3963
1002.05 1442.5 3963
995.298 1442.5 3963
988.542 1442.5 3963
979.309 1438.86 3953
977.245 1445.78 3972
970.473 1445.78 3972
963.702 1445.78 3972
956.931 1445.78 3972
950.16 1445.78 3972
943.388 1445.78 3972
936.617 1445.78 3972
929.846 1445.78 3972
927.49 1452.69 3991
920.687 1452.69 3991
913.883 1452.69 3991
907.079 1452.69 3991
887.643 1432.31 3935
880.935 1432.31 3935
874.227 1432.31 3935
865.314 1428.67 3925
856.654 1425.39 3916
844.118 1415.57 3889
837.488 1415.57 3889
830.858 1415.57 3889
822.321 1412.29 3880
815.707 1412.29 3880
809.092 1412.29 3880
802.478 1412.29 3880
794.018 1409.01 3871
783.757 1402.46 3853
775.373 1399.19 3844
768.82 1399.19 3844
762.267 1399.19 3844
752.175 1392.63 3826
742.34 1386.45 3809
735.846 1386.45 3809
726.098 1380.26 3792
716.217 1373.71 3774
708.279 1370.79 3766
701.859 1370.79 3766
693.777 1367.52 3757
685.909 1364.61 3749
676.436 1358.42 3732
670.074 1358.42 3732
660.867 1352.59 3716
652.946 1349.32 3707
645.231 1346.41 3699
638.926 1346.41 3699
629.883 1340.58 3683
622.25 1337.67 3675
615.985 1337.67 3675
609.72 1337.67 3675
602.142 1334.76 3667
595.89 1334.76 3667
588.192 1331.48 3658
581.956 1331.48 3658
575.72 1331.48 3658
568.239 1328.57 3650
559.707 1323.11 3635
553.51 1323.11 3635
547.313 1323.11 3635
541.116 1323.11 3635
534.92 1323.11 3635
528.723 1323.11 3635
522.526 1323.11 3635
517.324 1325.66 3642
511.115 1325.66 3642
504.906 1325.66 3642
498.697 1325.66 3642
492.489 1325.66 3642
485.345 1323.11 3635
479.149 1323.11 3635
472.952 1323.11 3635
466.755 1323.11 3635
460.558 1323.11 3635
454.362 1323.11 3635
446.192 1317.29 3619
440.023 1317.29 3619
434.812 1320.2 3627
428.629 1320.2 3627
422.446 1320.2 3627
416.263 1320.2 3627
410.984 1323.11 3635
404.788 1323.11 3635
398.591 1323.11 3635
392.394 1323.11 3635
387.791 1328.57 3650
381.569 1328.57 3650
375.346 1328.57 3650
-5.11119 163.432 449
-5.87662 163.432 449
-6.64205 163.432 449
-7.40748 163.432 449
-8.15471 163.068 448
-8.91844 163.068 448
-9.68217 163.068 448
-10.4226 162.704 447
-11.1846 162.704 447
-11.9466 162.704 447
-12.7086 162.704 447
-16.0753 158.337 435
-16.8169 158.337 435
-17.5584 158.337 435
-18.3 158.337 435
-19.0416 158.337 435
-19.7376 157.973 434
-20.4303 157.609 433
-21.1685 157.609 433
-21.9066 157.609 433
-22.5925 157.245 432
-23.2749 156.881 431
-28.2059 151.785 417
-28.9168 151.785 417
-29.6277 151.785 417
-30.3386 151.785 417
-31.0495 151.785 417
-31.7603 151.785 417
-32.3155 151.057 415
-32.9434 150.693 414
-33.6492 150.693 414
-34.2719 150.329 413
-34.8913 149.965 412
-35.5937 149.965 412
-36.296 149.965 412
-36.9086 149.601 411
-37.5177 149.237 410
-38.1235 148.873 409
-38.8207 148.873 409
-39.5179 148.873 409
-40.1169 148.509 408
-40.7124 148.145 407
-41.3045 147.781 406
-41.9966 147.781 406
-42.6887 147.781 406
-43.274 147.417 405
-43.9644 147.417 405
-44.6548 147.417 405
-45.2333 147.053 404
-45.8083 146.689 403
-46.38 146.325 402
-46.9482 145.961 401
-47.6318 145.961 401
-48.3154 145.961 401
-48.8768 145.597 400
-49.5587 145.597 400
-50.2406 145.597 400
-50.7952 145.233 399
-51.4754 145.233 399
-52.0249 144.869 398
-52.7034 144.869 398
-53.3819 144.869 398
-53.9245 144.505 397
-54.4638 144.141 396
-55.1389 144.141 396
-55.8139 144.141 396
-56.489 144.141 396
-57.0198 143.777 395
-57.6931 143.777 395
-68.7904 143.049 393
-69.4604 143.049 393
-70.3088 143.413 394
-71.3408 144.141 396
-72.0159 144.141 396
-72.8745 144.505 397
-73.5513 144.505 397
-74.2281 144.505 397
-74.9049 144.505 397
-75.5817 144.505 397
-76.2584 144.505 397
-76.9352 144.505 397
-77.612 144.505 397
-78.6832 145.233 399
-79.3634 145.233 399
-80.0436 145.233 399
-80.7238 145.233 399
-81.404 145.233 399
-82.2899 145.597 400
-82.9718 145.597 400
-83.6537 145.597 400
-84.3356 145.597 400
-85.23 145.961 401
-85.9136 145.961 401
-86.5972 145.961 401
-87.4985 146.325 402
-88.1838 146.325 402
-88.8691 146.325 402
-89.7772 146.689 403
-90.4642 146.689 403
-91.3774 147.053 404
-92.0661 147.053 404
-92.9844 147.417 405
-93.6749 147.417 405
-94.3653 147.417 405
-98.811 153.241 421
-99.5287 153.241 421
-100.723 153.969 423
-101.444 153.969 423
-102.165 153.969 423
-102.886 153.969 423
-103.852 154.333 424
-104.575 154.333 424
-105.546 154.697 425
-106.27 154.697 425
-106.995 154.697 425
-107.973 155.061 426
-108.954 155.425 427
-109.682 155.425 427
-110.669 155.789 428
-112.179 156.881 431
-112.914 156.881 431
-113.912 157.245 432
-114.914 157.609 433
-115.92 157.973 434
-116.659 157.973 434
-117.399 157.973 434
-118.139 157.973 434
-119.153 158.337 435
-119.894 158.337 435
-120.636 158.337 435
-121.657 158.701 436
-122.681 159.065 437
-123.708 159.429 438
-124.455 159.429 438
-125.201 159.429 438
-125.948 159.429 438
-126.984 159.793 439
-128.023 160.157 440
-128.773 160.157 440
-129.524 160.157 440
-866.005 822.986 2261
-869.859 822.986 2261
-874.873 824.078 2264
-879.897 825.17 2267
-884.931 826.262 2270
-888.801 826.262 2270
-892.671 826.262 2270
-894.171 824.078 2264
-898.03 824.078 2264
-901.89 824.078 2264
-904.549 822.986 2261
-908.404 822.986 2261
-912.258 822.986 2261
-905.983 813.886 2236
-908.574 812.794 2233
-908.704 809.518 2224
-912.495 809.518 2224
-913.814 807.334 2218
-915.527 805.514 2213
-914.315 801.147 2201
-918.067 801.147 2201
-921.819 801.147 2201
-921.786 797.871 2192
-922.99 795.687 2186
-926.716 795.687 2186
-930.443 795.687 2186
-934.169 795.687 2186
-931.889 790.591 2172
-935.592 790.591 2172
-939.295 790.591 2172
-941.695 789.499 2169
-943.213 787.679 2164
-945.59 786.587 2161
-949.274 786.587 2161
-951.635 785.495 2158
-955.313 785.495 2158
-956.77 783.675 2153
-960.441 783.675 2153
-964.111 783.675 2153
-965.084 781.491 2147
-968.744 781.491 2147
-972.405 781.491 2147
-974.701 780.399 2144
-977.443 779.671 2142
-981.095 779.671 2142
-984.746 779.671 2142
-985.629 777.487 2136
-987.881 776.395 2133
-990.588 775.667 2131
-994.221 775.667 2131
-997.853 775.667 2131
-1001.49 775.667 2131
-1005.12 775.667 2131
-1008.75 775.667 2131
-1010.96 774.575 2128
-1013.16 773.483 2125
-1014.39 771.663 2120
-1018 771.663 2120
-1020.17 770.571 2117
-1022.33 769.479 2114
-1023.5 767.659 2109
-1027.1 767.659 2109
-1029.23 766.567 2106
-1031.84 765.839 2104
-1032.47 763.655 2098
-1036.05 763.655 2098
-1038.63 762.927 2096
-1040.72 761.835 2093
-1041.79 760.015 2088
-1045.35 760.015 2088
-1047.4 758.923 2085
-1047.43 756.375 2078
-1046.92 753.464 2070
-1050.45 753.464 2070
-1051.44 751.644 2065
-1049.85 748.004 2055
-1050.28 745.82 2049
-1053.77 745.82 2049
1469.47 1477.76 4079
1462.51 1477.76 4079
1455.56 1477.76 4079
1448.6 1477.76 4079
1438.12 1474.14 4069
1431.18 1474.14 4069
1413.74 1463.27 4039
1383.52 1439 3972
1376.75 1439 3972
1369.98 1439 3972
1360.12 1435.74 3963
1346.87 1428.86 3944
1324.52 1412.19 3898
1317.87 1412.19 3898
1296.09 1395.89 3853
1286.51 1392.63 3844
1271.3 1383.21 3818
1264.79 1383.21 3818
1252.35 1376.69 3800
1237.35 1367.27 3774
1228.31 1364.37 3766
1232.92 1376.69 3800
1226.44 1376.69 3800
1219.96 1376.69 3800
1210.93 1373.79 3792
1204.46 1373.79 3792
1198 1373.79 3792
1191.53 1373.79 3792
1193.2 1383.21 3818
1200.36 1399.15 3862
1193.78 1399.15 3862
1198.26 1412.19 3898
1211.49 1435.74 3963
1219.02 1452.77 4010
1212.18 1452.77 4010
1205.35 1452.77 4010
1198.51 1452.77 4010
1191.68 1452.77 4010
1184.84 1452.77 4010
1178 1452.77 4010
1179.64 1463.27 4039
1172.75 1463.27 4039
1165.87 1463.27 4039
1158.98 1463.27 4039
1143.82 1452.77 4010
1136.99 1452.77 4010
1114.09 1432.12 3953
1102.31 1425.6 3935
1108.68 1442.62 3982
1104.39 1445.88 3991
1097.58 1445.88 3991
1090.78 1445.88 3991
1081.53 1442.62 3982
1074.74 1442.62 3982
1062.86 1435.74 3963
1048.64 1425.6 3935
1041.93 1425.6 3935
1037.59 1428.86 3944
1030.87 1428.86 3944
1026.48 1432.12 3953
1027.22 1442.62 3982
1020.43 1442.62 3982
1013.65 1442.62 3982
1006.86 1442.62 3982
997.559 1439 3972
990.787 1439 3972
984.016 1439 3972
979.705 1442.62 3982
975.116 1445.88 3991
968.312 1445.88 3991
961.508 1445.88 3991
954.705 1445.88 3991
947.901 1445.88 3991
941.097 1445.88 3991
932.187 1442.62 3982
929.814 1449.51 4001
922.993 1449.51 4001
916.173 1449.51 4001
907.079 1445.88 3991
891.704 1432.12 3953
882.95 1428.86 3944
876.226 1428.86 3944
867.519 1425.6 3935
858.623 1421.97 3925
849.978 1418.71 3916
843.303 1418.71 3916
832.781 1412.19 3898
826.136 1412.19 3898
819.491 1412.19 3898
812.846 1412.19 3898
806.201 1412.19 3898
797.71 1408.93 3889
789.249 1405.67 3880
779.004 1399.15 3862
772.42 1399.15 3862
762.267 1392.63 3844
753.945 1389.37 3835
742.34 1379.95 3809
735.846 1379.95 3809
726.098 1373.79 3792
717.925 1370.53 3783
709.784 1367.27 3774
703.35 1367.27 3774
696.916 1367.27 3774
685.909 1358.21 3749
674.986 1349.15 3724
668.638 1349.15 3724
660.867 1346.25 3716
652.946 1342.99 3707
643.836 1337.2 3691
637.544 1337.2 3691
629.883 1334.3 3683
620.896 1328.5 3667
614.644 1328.5 3667
608.393 1328.5 3667
602.142 1328.5 3667
595.89 1328.5 3667
589.639 1328.5 3667
583.388 1328.5 3667
574.461 1322.34 3650
568.239 1322.34 3650
560.784 1319.45 3642
554.576 1319.45 3642
548.367 1319.45 3642
541.116 1316.91 3635
534.92 1316.91 3635
528.723 1316.91 3635
522.526 1316.91 3635
517.324 1319.45 3642
511.115 1319.45 3642
504.906 1319.45 3642
498.697 1319.45 3642
492.489 1319.45 3642
485.345 1316.91 3635
479.149 1316.91 3635
472.952 1316.91 3635
466.755 1316.91 3635
460.558 1316.91 3635
454.362 1316.91 3635
446.192 1311.11 3619
440.023 1311.11 3619
434.812 1314.01 3627
428.629 1314.01 3627
422.446 1314.01 3627
416.263 1314.01 3627
410.08 1314.01 3627
404.788 1316.91 3635
398.591 1316.91 3635
392.394 1316.91 3635
388.641 1325.24 3658
385.018 1334.3 3683
378.74 1334.3 3683
372.461 1334.3 3683
-4.36511 163.391 451
-5.13395 163.391 451
-5.90279 163.391 451
-6.67164 163.391 451
-7.40748 162.666 449
-8.17291 162.666 449
-8.93835 162.666 449
-9.68217 162.304 448
-10.4226 161.942 447
-11.1846 161.942 447
-11.9466 161.942 447
-12.7086 161.942 447
-16.0753 157.594 435
-16.8169 157.594 435
-17.5584 157.594 435
-18.3 157.594 435
-19.0416 157.594 435
-19.7376 157.232 434
-20.4303 156.87 433
-21.1685 156.87 433
-21.9066 156.87 433
-22.5925 156.508 432
-23.2749 156.145 431
-28.2059 151.073 417
-28.9168 151.073 417
-29.6277 151.073 417
-30.3386 151.073 417
-31.0495 151.073 417
-31.7603 151.073 417
-32.3155 150.349 415
-32.9434 149.986 414
-33.6492 149.986 414
-34.2719 149.624 413
-34.8913 149.262 412
-35.5937 149.262 412
-36.296 149.262 412
-36.9086 148.9 411
-37.5177 148.537 410
-38.2167 148.537 410
-38.9156 148.537 410
-39.5179 148.175 409
-40.1169 147.813 408
-40.7124 147.45 407
-41.3045 147.088 406
-41.9966 147.088 406
-42.6887 147.088 406
-43.274 146.726 405
-43.8559 146.364 404
-44.5446 146.364 404
-45.1213 146.001 403
-45.6947 145.639 402
-46.2646 145.277 401
-46.9482 145.277 401
-47.6318 145.277 401
-48.1949 144.914 400
-48.8768 144.914 400
-49.4348 144.552 399
-50.115 144.552 399
-50.7952 144.552 399
-51.3464 144.19 398
-52.0249 144.19 398
-52.7034 144.19 398
-53.2478 143.828 397
-53.9245 143.828 397
-54.4638 143.465 396
-55.1389 143.465 396
-55.8139 143.465 396
-56.3464 143.103 395
-57.0198 143.103 395
-57.6931 143.103 395
-70.4873 143.103 395
-71.521 143.828 397
-72.1977 143.828 397
-72.8745 143.828 397
-73.5513 143.828 397
-74.2281 143.828 397
-74.9049 143.828 397
-75.5817 143.828 397
-76.2584 143.828 397
-76.9352 143.828 397
-77.612 143.828 397
-78.6832 144.552 399
-79.3634 144.552 399
-80.0436 144.552 399
-80.7238 144.552 399
-81.404 144.552 399
-82.2899 144.914 400
-82.9718 144.914 400
-83.6537 144.914 400
-84.3356 144.914 400
-85.23 145.277 401
-85.9136 145.277 401
-86.5972 145.277 401
-87.4985 145.639 402
-88.1838 145.639 402
-88.8691 145.639 402
-89.7772 146.001 403
-90.4642 146.001 403
-91.3774 146.364 404
-92.0661 146.364 404
-92.9844 146.726 405
-94.3688 147.813 408
-95.0643 147.813 408
-98.811 152.522 421
-99.5287 152.522 421
-100.723 153.247 423
-101.444 153.247 423
-102.165 153.247 423
-102.886 153.247 423
-103.852 153.609 424
-104.575 153.609 424
-105.546 153.972 425
-106.27 153.972 425
-107.247 154.334 426
-108.226 154.696 427
-108.954 154.696 427
-109.682 154.696 427
-110.927 155.421 429
-112.179 156.145 431
-112.914 156.145 431
-113.912 156.508 432
-114.914 156.87 433
-115.92 157.232 434
-116.659 157.232 434
-117.399 157.232 434
-118.411 157.594 435
-119.153 157.594 435
-119.894 157.594 435
-120.913 157.957 436
-121.936 158.319 437
-122.681 158.319 437
-123.708 158.681 438
-124.455 158.681 438
-125.487 159.044 439
-126.236 159.044 439
-126.984 159.044 439
-127.732 159.044 439
-128.481 159.044 439
-129.229 159.044 439
-866.005 819.129 2261
-869.859 819.129 2261
-874.873 820.215 2264
-879.897 821.302 2267
-884.931 822.389 2270
-888.801 822.389 2270
-892.671 822.389 2270
-894.171 820.215 2264
-898.03 820.215 2264
-901.89 820.215 2264
-904.549 819.129 2261
-908.404 819.129 2261
-912.258 819.129 2261
-905.983 810.071 2236
-909.795 810.071 2236
-909.929 806.811 2227
-913.726 806.811 2227
-916.286 805.724 2224
-915.527 801.739 2213
-915.561 798.478 2204
-919.318 798.478 2204
-921.819 797.391 2201
-921.786 794.131 2192
-922.99 791.957 2186
-926.716 791.957 2186
-930.443 791.957 2186
-934.169 791.957 2186
-933.177 787.972 2175
-935.592 786.885 2172
-939.295 786.885 2172
-941.695 785.798 2169
-944.521 785.074 2167
-946.902 783.987 2164
-950.591 783.987 2164
-952.958 782.9 2161
-955.313 781.813 2158
-956.77 780.002 2153
-960.441 780.002 2153
-962.768 778.915 2150
-965.084 777.828 2147
-968.744 777.828 2147
-972.405 777.828 2147
-976.065 777.828 2147
-977.443 776.017 2142
-981.095 776.017 2142
-984.746 776.017 2142
-987.013 774.93 2139
-987.881 772.756 2133
-990.588 772.031 2131
-994.221 772.031 2131
-997.853 772.031 2131
-1001.49 772.031 2131
-1003.7 770.945 2128
-1007.33 770.945 2128
-1009.53 769.858 2125
-1010.77 768.046 2120
-1012.95 766.959 2117
-1016.56 766.959 2117
-1018.72 765.873 2114
-1019.91 764.061 2109
-1022.05 762.974 2106
-1025.64 762.974 2106
-1028.25 762.25 2104
-1027.92 759.351 2096
-1029.03 757.54 2091
-1032.59 757.54 2091
-1034.67 756.453 2088
-1036.74 755.366 2085
-1040.29 755.366 2085
-1043.85 755.366 2085
-1044.89 753.555 2080
-1043.4 749.932 2070
-1044.4 748.121 2065
-1047.92 748.121 2065
-1048.89 746.309 2060
-1048.31 743.411 2052
-1049.25 741.599 2047
-1052.74 741.599 2047
1513.88 1459.99 4049
1506.98 1459.99 4049
1500.07 1459.99 4049
1493.17 1459.99 4049
1486.67 1467.2 4069
1479.74 1467.2 4069
1472.8 1467.2 4069
1469.47 1470.81 4079
1462.51 1470.81 4079
1455.56 1470.81 4079
1437.95 1459.99 4049
1427.51 1456.38 4039
1420.63 1456.38 4039
1403.59 1445.93 4010
1383.52 1432.22 3972
1373.63 1428.98 3963
1366.87 1428.98 3963
1356.69 1425.37 3953
1340.38 1415.28 3925
1321.46 1402.3 3889
1314.83 1402.3 3889
1296.09 1389.31 3853
1280.49 1379.58 3826
1271.3 1376.69 3818
1264.79 1376.69 3818
1252.35 1370.2 3800
1234.73 1357.94 3766
1228.31 1357.94 3766
1227.4 1364.07 3783
1220.95 1364.07 3783
1214.5 1364.07 3783
1210.93 1367.32 3792
1204.46 1367.32 3792
1198 1367.32 3792
1199.7 1376.69 3818
1193.2 1376.69 3818
1223.05 1418.88 3935
1216.34 1418.88 3935
1224.08 1435.83 3982
1231.97 1453.14 4030
1236.96 1467.2 4069
1230.02 1467.2 4069
1226.09 1470.81 4079
1219.13 1470.81 4079
1212.18 1470.81 4079
1205.23 1470.81 4079
1198.27 1470.81 4079
1179.64 1456.38 4039
1181.46 1467.2 4069
1174.53 1467.2 4069
1167.59 1467.2 4069
1157.8 1463.59 4059
1150.88 1463.59 4059
1124.8 1439.07 3991
1115.47 1435.83 3982
1108.68 1435.83 3982
1104.39 1439.07 3991
1097.58 1439.07 3991
1090.78 1439.07 3991
1081.53 1435.83 3982
1074.74 1435.83 3982
1062.86 1428.98 3963
1048.64 1418.88 3935
1041.93 1418.88 3935
1037.59 1422.13 3944
1030.87 1422.13 3944
1026.48 1425.37 3953
1027.22 1435.83 3982
1020.43 1435.83 3982
1013.65 1435.83 3982
1006.86 1435.83 3982
997.559 1432.22 3972
990.787 1432.22 3972
984.016 1432.22 3972
979.705 1435.83 3982
975.116 1439.07 3991
968.312 1439.07 3991
961.508 1439.07 3991
954.705 1439.07 3991
952.414 1445.93 4010
945.578 1445.93 4010
938.742 1445.93 4010
931.906 1445.93 4010
925.07 1445.93 4010
918.234 1445.93 4010
911.398 1445.93 4010
893.959 1428.98 3963
884.965 1425.37 3953
878.226 1425.37 3953
871.487 1425.37 3953
862.779 1422.13 3944
854.102 1418.88 3935
847.394 1418.88 3935
840.686 1418.88 3935
831.858 1415.28 3925
825.167 1415.28 3925
818.476 1415.28 3925
809.924 1412.03 3916
801.402 1408.79 3907
792.911 1405.54 3898
786.266 1405.54 3898
777.82 1402.3 3889
765.836 1392.56 3862
755.714 1386.07 3844
745.653 1379.58 3826
739.131 1379.58 3826
729.353 1373.45 3809
722.86 1373.45 3809
713.169 1367.32 3792
706.705 1367.32 3792
700.24 1367.32 3792
690.483 1360.83 3774
679.518 1351.81 3749
673.126 1351.81 3749
662.289 1342.8 3724
655.941 1342.8 3724
645.231 1333.78 3699
638.926 1333.78 3699
629.883 1328.02 3683
623.605 1328.02 3683
615.985 1325.13 3675
609.72 1325.13 3675
602.142 1322.25 3667
595.89 1322.25 3667
589.639 1322.25 3667
583.388 1322.25 3667
575.72 1319 3658
568.239 1316.12 3650
560.784 1313.23 3642
554.576 1313.23 3642
548.367 1313.23 3642
542.158 1313.23 3642
535.95 1313.23 3642
530.905 1316.12 3650
524.682 1316.12 3650
518.46 1316.12 3650
512.238 1316.12 3650
506.015 1316.12 3650
499.793 1316.12 3650
493.571 1316.12 3650
486.28 1313.23 3642
480.071 1313.23 3642
473.863 1313.23 3642
466.755 1310.71 3635
460.558 1310.71 3635
454.362 1310.71 3635
447.179 1307.82 3627
440.995 1307.82 3627
434.812 1307.82 3627
430.402 1313.23 3642
424.193 1313.23 3642
417.984 1313.23 3642
410.984 1310.71 3635
404.788 1310.71 3635
398.591 1310.71 3635
392.394 1310.71 3635
388.641 1319 3658
385.018 1328.02 3683
378.74 1328.02 3683
372.461 1328.02 3683
-4.36511 162.622 451
-5.13395 162.622 451
-5.90279 162.622 451
-6.67164 162.622 451
-7.40748 161.9 449
-8.17291 161.9 449
-8.93835 161.9 449
-9.68217 161.54 448
-10.4226 161.179 447
-11.1846 161.179 447
-11.9466 161.179 447
-12.7086 161.179 447
-16.0753 156.852 435
-16.8169 156.852 435
-17.5584 156.852 435
-18.3 156.852 435
-19.0416 156.852 435
-19.7376 156.492 434
-20.4303 156.131 433
-21.1685 156.131 433
-21.9066 156.131 433
-22.5925 155.771 432
-23.2749 155.41 431
-28.2059 150.362 417
-28.9168 150.362 417
-29.6277 150.362 417
-30.3386 150.362 417
-31.0495 150.362 417
-31.7603 150.362 417
-32.3155 149.641 415
-32.9434 149.28 414
-33.6492 149.28 414
-34.2719 148.919 413
-34.8913 148.559 412
-35.5937 148.559 412
-36.296 148.559 412
-36.9086 148.198 411
-37.5177 147.838 410
-38.2167 147.838 410
-38.9156 147.838 410
-39.5179 147.477 409
-40.1169 147.117 408
-40.7124 146.756 407
-41.3045 146.395 406
-41.9966 146.395 406
-42.6887 146.395 406
-43.274 146.035 405
-43.8559 145.674 404
-44.5446 145.674 404
-45.1213 145.314 403
-45.6947 144.953 402
-46.2646 144.593 401
-46.9482 144.593 401
-47.6318 144.593 401
-48.1949 144.232 400
-48.8768 144.232 400
-49.4348 143.871 399
-50.115 143.871 399
-50.7952 143.871 399
-51.3464 143.511 398
-52.0249 143.511 398
-52.7034 143.511 398
-53.2478 143.15 397
-53.9245 143.15 397
-54.4638 142.79 396
-55.1389 142.79 396
-55.8139 142.79 396
-56.3464 142.429 395
-57.0198 142.429 395
-57.6931 142.429 395
-58.2187 142.068 394
-70.4873 142.429 395
-71.521 143.15 397
-72.1977 143.15 397
-73.0581 143.511 398
-73.7366 143.511 398
-74.4151 143.511 398
-74.9049 143.15 397
-75.5817 143.15 397
-76.4505 143.511 398
-77.129 143.511 398
-77.8075 143.511 398
-78.6832 143.871 399
-79.3634 143.871 399
-80.0436 143.871 399
-80.7238 143.871 399
-81.404 143.871 399
-82.2899 144.232 400
-82.9718 144.232 400
-83.6537 144.232 400
-84.3356 144.232 400
-85.23 144.593 401
-85.9136 144.593 401
-86.5972 144.593 401
-87.4985 144.953 402
-88.4032 145.314 403
-89.0902 145.314 403
-90 145.674 404
-90.9132 146.035 405
-91.6036 146.035 405
-92.294 146.035 405
-92.9844 146.035 405
-94.3688 147.117 408
-95.0643 147.117 408
-98.811 151.804 421
-99.5287 151.804 421
-100.246 151.804 421
-101.444 152.525 423
-102.165 152.525 423
-102.886 152.525 423
-103.852 152.886 424
-104.575 152.886 424
-105.546 153.246 425
-106.27 153.246 425
-107.247 153.607 426
-108.226 153.968 427
-108.954 153.968 427
-109.682 153.968 427
-110.927 154.689 429
-112.179 155.41 431
-112.914 155.41 431
-113.912 155.771 432
-114.914 156.131 433
-115.92 156.492 434
-116.659 156.492 434
-117.399 156.492 434
-118.411 156.852 435
-119.153 156.852 435
-119.894 156.852 435
-120.913 157.213 436
-121.936 157.573 437
-122.681 157.573 437
-123.708 157.934 438
-124.739 158.295 439
-125.487 158.295 439
-126.236 158.295 439
-126.984 158.295 439
-127.732 158.295 439
-128.481 158.295 439
-129.229 158.295 439
-866.005 815.271 2261
-869.859 815.271 2261
-878.351 819.598 2273
-882.226 819.598 2273
-886.101 819.598 2273
-889.976 819.598 2273
-892.671 818.516 2270
-894.171 816.353 2264
-898.03 816.353 2264
-901.89 816.353 2264
-904.549 815.271 2261
-908.404 815.271 2261
-912.258 815.271 2261
-905.983 806.257 2236
-909.795 806.257 2236
-909.929 803.011 2227
-913.726 803.011 2227
-916.286 801.93 2224
-915.527 797.963 2213
-915.561 794.718 2204
-919.318 794.718 2204
-920.562 792.555 2198
-920.525 789.309 2189
-922.99 788.228 2186
-926.716 788.228 2186
-930.443 788.228 2186
-933.315 787.506 2184
-933.177 784.261 2175
-935.592 783.179 2172
-939.295 783.179 2172
-941.695 782.098 2169
-944.521 781.377 2167
-946.902 780.295 2164
-950.591 780.295 2164
-952.958 779.213 2161
-955.313 778.131 2158
-956.77 776.328 2153
-960.441 776.328 2153
-962.768 775.247 2150
-965.084 774.165 2147
-968.744 774.165 2147
-972.405 774.165 2147
-976.065 774.165 2147
-977.443 772.362 2142
-981.095 772.362 2142
-984.746 772.362 2142
-987.013 771.28 2139
-987.881 769.117 2133
-990.588 768.396 2131
-994.221 768.396 2131
-997.853 768.396 2131
-1001.49 768.396 2131
-1003.7 767.314 2128
-1007.33 767.314 2128
-1009.53 766.232 2125
-1010.77 764.429 2120
-1012.95 763.348 2117
-1016.56 763.348 2117
-1018.72 762.266 2114
-1019.91 760.463 2109
-1021.08 758.66 2104
-1024.67 758.66 2104
-1024.34 755.775 2096
-1025.46 753.972 2091
-1026.08 751.809 2085
-1029.63 751.809 2085
-1033.18 751.809 2085
-1035.74 751.088 2083
-1037.8 750.006 2080
-1041.34 750.006 2080
-1039.87 746.4 2070
-1040.87 744.597 2065
-1044.4 744.597 2065
-1047.92 744.597 2065
-1046.34 740.992 2055
-1046.78 738.828 2049
-1049.25 738.107 2047
-1052.74 738.107 2047
1513.88 1453.08 4049
1506.98 1453.08 4049
1500.07 1453.08 4049
1493.17 1453.08 4049
1486.67 1460.26 4069
1479.74 1460.26 4069
1472.8 1460.26 4069
1469.47 1463.85 4079
1462.51 1463.85 4079
1455.56 1463.85 4079
1437.95 1453.08 4049
1427.51 1449.49 4039
1420.63 1449.49 4039
1403.59 1439.08 4010
1383.52 1425.45 3972
1373.63 1422.22 3963
1366.87 1422.22 3963
1356.69 1418.63 3953
1340.38 1408.58 3925
1321.46 1395.66 3889
1314.83 1395.66 3889
1296.09 1382.74 3853
1280.49 1373.05 3826
1271.3 1370.18 3818
1264.79 1370.18 3818
1252.35 1363.72 3800
1243.25 1360.85 3792
1233.85 1357.62 3783
1230.32 1360.85 3792
1223.86 1360.85 3792
1217.39 1360.85 3792
1221.79 1373.05 3826
1215.26 1373.05 3826
1208.74 1373.05 3826
1230.5 1405.35 3916
1232.57 1415.4 3944
1243.57 1435.85 4001
1236.75 1435.85 4001
1238.84 1446.26 4030
1240.83 1456.67 4059
1243.03 1467.43 4089
1236.06 1467.43 4089
1229.09 1467.43 4089
1219.13 1463.85 4079
1212.18 1463.85 4079
1205.23 1463.85 4079
1198.27 1463.85 4079
1181.46 1460.26 4069
1174.53 1460.26 4069
1170.46 1463.85 4079
1163.5 1463.85 4079
1156.55 1463.85 4079
1143.96 1456.67 4059
1123.31 1439.08 4010
1116.48 1439.08 4010
1109.64 1439.08 4010
1102.81 1439.08 4010
1101.44 1446.26 4030
1094.57 1446.26 4030
1087.7 1446.26 4030
1067.95 1429.04 3982
1061.16 1429.04 3982
1054.38 1429.04 3982
1047.59 1429.04 3982
1040.8 1429.04 3982
1034.01 1429.04 3982
1034.45 1439.08 4010
1027.61 1439.08 4010
1020.77 1439.08 4010
1016.47 1442.67 4020
1009.61 1442.67 4020
1002.76 1442.67 4020
995.907 1442.67 4020
991.515 1446.26 4030
986.844 1449.49 4039
979.958 1449.49 4039
973.073 1449.49 4039
966.187 1449.49 4039
952.414 1439.08 4010
945.578 1439.08 4010
938.742 1439.08 4010
931.906 1439.08 4010
925.07 1439.08 4010
918.234 1439.08 4010
911.398 1439.08 4010
893.959 1422.22 3963
884.965 1418.63 3953
878.226 1418.63 3953
871.487 1418.63 3953
862.779 1415.4 3944
854.102 1412.17 3935
847.394 1412.17 3935
840.686 1412.17 3935
831.858 1408.58 3925
825.167 1408.58 3925
818.476 1408.58 3925
809.924 1405.35 3916
801.402 1402.12 3907
792.911 1398.89 3898
786.266 1398.89 3898
777.82 1395.66 3889
765.836 1385.97 3862
755.714 1379.51 3844
747.407 1376.28 3835
740.869 1376.28 3835
734.332 1376.28 3835
724.568 1370.18 3818
718.059 1370.18 3818
711.55 1370.18 3818
705.041 1370.18 3818
693.776 1360.85 3792
684.049 1354.39 3774
677.615 1354.39 3774
668.158 1348.29 3757
658.759 1342.19 3740
649.592 1336.45 3724
643.244 1336.45 3724
633.988 1330.34 3707
626.314 1327.47 3699
618.667 1324.6 3691
612.375 1324.6 3691
604.769 1321.73 3683
598.49 1321.73 3683
592.212 1321.73 3683
585.933 1321.73 3683
579.655 1321.73 3683
570.885 1315.99 3667
562.016 1309.89 3650
555.794 1309.89 3650
549.572 1309.89 3650
544.54 1312.76 3658
538.304 1312.76 3658
532.068 1312.76 3658
525.832 1312.76 3658
519.596 1312.76 3658
513.36 1312.76 3658
507.124 1312.76 3658
500.888 1312.76 3658
494.652 1312.76 3658
488.416 1312.76 3658
482.18 1312.76 3658
474.904 1309.89 3650
467.654 1307.02 3642
461.445 1307.02 3642
455.237 1307.02 3642
449.028 1307.02 3642
442.819 1307.02 3642
436.611 1307.02 3642
431.347 1309.89 3650
425.125 1309.89 3650
418.903 1309.89 3650
412.68 1309.89 3650
406.458 1309.89 3650
400.236 1309.89 3650
396.712 1318.86 3675
391.297 1321.73 3683
386.691 1327.47 3699
380.385 1327.47 3699
374.079 1327.47 3699
367.773 1327.47 3699
361.468 1327.47 3699
-4.36511 161.852 451
-5.13395 161.852 451
-5.90279 161.852 451
-6.67164 161.852 451
-7.40748 161.134 449
-8.17291 161.134 449
-8.93835 161.134 449
-9.68217 160.775 448
-10.4226 160.417 447
-11.1846 160.417 447
-11.9466 160.417 447
-12.7086 160.417 447
-16.0753 156.11 435
-16.8169 156.11 435
-17.5584 156.11 435
-18.3 156.11 435
-19.0416 156.11 435
-19.7376 155.751 434
-20.4303 155.392 433
-21.1685 155.392 433
-21.9066 155.392 433
-22.5925 155.033 432
-23.2749 154.675 431
-24.0097 154.675 431
-24.7444 154.675 431
-29.6277 149.65 417
-30.3386 149.65 417
-31.0495 149.65 417
-31.7603 149.65 417
-32.3155 148.933 415
-32.9434 148.574 414
-33.6492 148.574 414
-34.2719 148.215 413
-34.8913 147.856 412
-35.5937 147.856 412
-36.296 147.856 412
-36.9086 147.497 411
-37.5177 147.138 410
-38.2167 147.138 410
-38.9156 147.138 410
-39.4213 146.421 408
-40.1169 146.421 408
-40.7124 146.062 407
-41.3045 145.703 406
-41.9966 145.703 406
-42.6887 145.703 406
-43.274 145.344 405
-43.8559 144.985 404
-44.5446 144.985 404
-45.1213 144.626 403
-45.6947 144.267 402
-46.2646 143.908 401
-46.8311 143.55 400
-47.513 143.55 400
-48.1949 143.55 400
-48.7546 143.191 399
-49.4348 143.191 399
-50.115 143.191 399
-50.7952 143.191 399
-51.3464 142.832 398
-52.0249 142.832 398
-52.7034 142.832 398
-53.2478 142.473 397
-53.7887 142.114 396
-54.4638 142.114 396
-55.1389 142.114 396
-55.673 141.755 395
-56.3464 141.755 395
-57.0198 141.755 395
-57.6931 141.755 395
-58.2187 141.396 394
-70.4873 141.755 395
-71.521 142.473 397
-72.1977 142.473 397
-73.0581 142.832 398
-73.7366 142.832 398
-74.4151 142.832 398
-74.9049 142.473 397
-75.772 142.832 398
-76.4505 142.832 398
-77.129 142.832 398
-77.8075 142.832 398
-78.6832 143.191 399
-79.3634 143.191 399
-80.0436 143.191 399
-80.7238 143.191 399
-81.404 143.191 399
-82.2899 143.55 400
-82.9718 143.55 400
-83.6537 143.55 400
-84.5464 143.908 401
-85.23 143.908 401
-85.9136 143.908 401
-86.8132 144.267 402
-87.7162 144.626 403
-88.8419 145.344 405
-89.5323 145.344 405
-90.2227 145.344 405
-91.1376 145.703 406
-91.8298 145.703 406
-92.5219 145.703 406
-93.214 145.703 406
-94.3688 146.421 408
-95.0643 146.421 408
-98.811 151.086 421
-99.5287 151.086 421
-100.246 151.086 421
-101.444 151.804 423
-102.165 151.804 423
-102.886 151.804 423
-103.852 152.162 424
-104.575 152.162 424
-105.546 152.521 425
-106.27 152.521 425
-107.247 152.88 426
-108.226 153.239 427
-108.954 153.239 427
-109.682 153.239 427
-111.186 154.316 430
-112.44 155.033 432
-113.176 155.033 432
-113.912 155.033 432
-114.914 155.392 433
-115.92 155.751 434
-116.659 155.751 434
-117.399 155.751 434
-118.411 156.11 435
-119.153 156.11 435
-119.894 156.11 435
-120.913 156.469 436
-121.936 156.828 437
-122.681 156.828 437
-123.708 157.187 438
-124.739 157.546 439
-125.487 157.546 439
-126.236 157.546 439
-126.984 157.546 439
-127.732 157.546 439
-128.481 157.546 439
-869.452 814.643 2270
-873.322 814.643 2270
-878.351 815.72 2273
-882.226 815.72 2273
-886.101 815.72 2273
-889.976 815.72 2273
-892.671 814.643 2270
-894.171 812.49 2264
-898.03 812.49 2264
-901.89 812.49 2264
-904.549 811.414 2261
-908.404 811.414 2261
-912.258 811.414 2261
-905.983 802.442 2236
-909.795 802.442 2236
-909.929 799.212 2227
-913.726 799.212 2227
-916.286 798.135 2224
-916.354 794.905 2215
-915.561 790.958 2204
-919.318 790.958 2204
-920.562 788.805 2198
-921.786 786.651 2192
-922.99 784.498 2186
-926.716 784.498 2186
-930.443 784.498 2186
-933.315 783.78 2184
-933.177 780.55 2175
-936.884 780.55 2175
-939.295 779.474 2172
-941.695 778.397 2169
-944.521 777.679 2167
-948.215 777.679 2167
-950.591 776.603 2164
-952.958 775.526 2161
-955.313 774.45 2158
-956.77 772.655 2153
-960.441 772.655 2153
-962.768 771.579 2150
-965.084 770.502 2147
-968.744 770.502 2147
-972.405 770.502 2147
-976.065 770.502 2147
-977.443 768.708 2142
-981.095 768.708 2142
-984.746 768.708 2142
-987.013 767.631 2139
-987.881 765.478 2133
-990.588 764.76 2131
-994.221 764.76 2131
-996.448 763.683 2128
-1000.08 763.683 2128
-1002.29 762.607 2125
-1005.91 762.607 2125
-1009.53 762.607 2125
-1010.77 760.812 2120
-1011.52 758.659 2114
-1015.12 758.659 2114
-1016.31 756.865 2109
-1018.46 755.788 2106
-1021.08 755.07 2104
-1024.67 755.07 2104
-1024.34 752.199 2096
-1025.46 750.405 2091
-1026.08 748.252 2085
-1029.63 748.252 2085
-1033.18 748.252 2085
-1035.74 747.534 2083
-1037.8 746.457 2080
-1041.34 746.457 2080
-1039.87 742.869 2070
-1040.87 741.074 2065
-1044.4 741.074 2065
-1047.92 741.074 2065
-1046.34 737.486 2055
-1046.78 735.332 2049
-1049.25 734.615 2047
-1052.74 734.615 2047
1520.78 1446.17 4049
1513.88 1446.17 4049
1506.98 1446.17 4049
1500.07 1446.17 4049
1493.17 1446.17 4049
1482.6 1442.6 4039
1486.67 1453.32 4069
1479.74 1453.32 4069
1472.8 1453.32 4069
1462.26 1449.74 4059
1455.34 1449.74 4059
1444.85 1446.17 4049
1431.2 1439.39 4030
1417.26 1432.24 4010
1410.43 1432.24 4010
1390.29 1418.67 3972
1370.63 1405.45 3935
1360.46 1401.88 3925
1353.77 1401.88 3925
1347.08 1401.88 3925
1328.09 1389.03 3889
1309.23 1376.17 3853
1302.66 1376.17 3853
1293.06 1372.95 3844
1277.81 1363.67 3818
1271.3 1363.67 3818
1264.79 1363.67 3818
1252.35 1357.24 3800
1243.25 1354.38 3792
1233.85 1351.17 3783
1230.32 1354.38 3792
1223.86 1354.38 3792
1245.64 1385.81 3880
1239.03 1385.81 3880
1232.42 1385.81 3880
1225.8 1385.81 3880
1236.47 1405.45 3935
1241.32 1418.67 3972
1246.36 1432.24 4010
1239.53 1432.24 4010
1238.84 1439.39 4030
1240.83 1449.74 4059
1243.03 1460.46 4089
1236.06 1460.46 4089
1229.09 1460.46 4089
1219.13 1456.89 4079
1212.18 1456.89 4079
1205.23 1456.89 4079
1198.27 1456.89 4079
1181.46 1453.32 4069
1174.53 1453.32 4069
1170.46 1456.89 4079
1163.5 1456.89 4079
1156.55 1456.89 4079
1143.96 1449.74 4059
1126.12 1435.81 4020
1119.26 1435.81 4020
1120.43 1446.17 4049
1113.53 1446.17 4049
1106.63 1446.17 4049
1099.73 1446.17 4049
1092.82 1446.17 4049
1080.83 1439.39 4030
1066.23 1429.03 4001
1059.41 1429.03 4001
1054.95 1432.24 4010
1048.12 1432.24 4010
1041.28 1432.24 4010
1039.61 1439.39 4030
1032.74 1439.39 4030
1025.87 1439.39 4030
1019 1439.39 4030
1012.13 1439.39 4030
1007.5 1442.6 4039
1000.61 1442.6 4039
996.189 1446.17 4049
991.73 1449.74 4059
984.81 1449.74 4059
977.891 1449.74 4059
970.971 1449.74 4059
964.052 1449.74 4059
957.132 1449.74 4059
941.083 1435.81 4020
936.554 1439.39 4030
929.683 1439.39 4030
922.813 1439.39 4030
915.943 1439.39 4030
906.817 1435.81 4020
891.457 1422.24 3982
884.669 1422.24 3982
877.881 1422.24 3982
871.092 1422.24 3982
856.056 1408.67 3944
849.332 1408.67 3944
842.609 1408.67 3944
833.978 1405.45 3935
827.27 1405.45 3935
820.562 1405.45 3935
811.785 1401.88 3925
805.094 1401.88 3925
796.572 1398.67 3916
789.896 1398.67 3916
779.62 1392.24 3898
771.191 1389.03 3889
755.714 1372.95 3844
749.161 1372.95 3844
742.608 1372.95 3844
734.332 1369.74 3835
724.568 1363.67 3818
718.059 1363.67 3818
711.55 1363.67 3818
705.041 1363.67 3818
693.776 1354.38 3792
684.049 1347.95 3774
677.615 1347.95 3774
668.158 1341.88 3757
658.759 1335.81 3740
649.592 1330.09 3724
643.244 1330.09 3724
633.988 1324.02 3707
626.314 1321.16 3699
618.667 1318.31 3691
612.375 1318.31 3691
604.769 1315.45 3683
598.49 1315.45 3683
592.212 1315.45 3683
585.933 1315.45 3683
579.655 1315.45 3683
570.885 1309.73 3667
564.634 1309.73 3667
558.383 1309.73 3667
552.131 1309.73 3667
545.88 1309.73 3667
539.629 1309.73 3667
535.705 1315.45 3683
529.426 1315.45 3683
524.284 1318.31 3691
517.992 1318.31 3691
511.699 1318.31 3691
505.407 1318.31 3691
499.115 1318.31 3691
492.823 1318.31 3691
486.53 1318.31 3691
480.238 1318.31 3691
472.919 1315.45 3683
466.64 1315.45 3683
460.361 1315.45 3683
454.083 1315.45 3683
445.859 1309.73 3667
439.608 1309.73 3667
434.302 1312.59 3675
428.037 1312.59 3675
422.69 1315.45 3683
416.411 1315.45 3683
410.133 1315.45 3683
403.854 1315.45 3683
398.439 1318.31 3691
392.997 1321.16 3699
393.695 1345.09 3766
387.275 1345.09 3766
383.484 1354.38 3792
377.02 1354.38 3792
370.556 1354.38 3792
-5.11119 160.368 449
-5.87662 160.368 449
-6.64205 160.368 449
-7.40748 160.368 449
-8.17291 160.368 449
-8.93835 160.368 449
-9.68217 160.011 448
-10.4226 159.654 447
-11.1846 159.654 447
-11.9466 159.654 447
-12.7086 159.654 447
-16.0753 155.368 435
-16.8169 155.368 435
-17.5584 155.368 435
-18.3 155.368 435
-19.0416 155.368 435
-19.7376 155.011 434
-20.4303 154.654 433
-21.1685 154.654 433
-21.9066 154.654 433
-22.5925 154.296 432
-23.2749 153.939 431
-24.0097 153.939 431
-24.7444 153.939 431
-29.6988 149.296 418
-30.4113 149.296 418
-31.1239 149.296 418
-31.7603 148.939 417
-32.3934 148.582 416
-32.9434 147.867 414
-33.6492 147.867 414
-34.2719 147.51 413
-34.8913 147.153 412
-35.5937 147.153 412
-36.296 147.153 412
-36.9086 146.796 411
-37.5177 146.439 410
-38.2167 146.439 410
-38.9156 146.439 410
-39.4213 145.724 408
-40.0185 145.367 407
-40.7124 145.367 407
-41.3045 145.01 406
-41.9966 145.01 406
-42.5836 144.653 405
-43.274 144.653 405
-43.8559 144.296 404
-44.5446 144.296 404
-45.0094 143.581 402
-45.6947 143.581 402
-46.1492 142.867 400
-46.8311 142.867 400
-47.513 142.867 400
-48.1949 142.867 400
-48.7546 142.51 399
-49.4348 142.51 399
-50.115 142.51 399
-50.7952 142.51 399
-51.3464 142.153 398
-51.8942 141.796 397
-52.571 141.796 397
-53.2478 141.796 397
-53.7887 141.438 396
-54.3263 141.081 395
-54.9996 141.081 395
-55.673 141.081 395
-56.3464 141.081 395
-57.0198 141.081 395
-57.6931 141.081 395
-58.2187 140.724 394
-70.4873 141.081 395
-71.521 141.796 397
-72.1977 141.796 397
-73.0581 142.153 398
-73.7366 142.153 398
-74.4151 142.153 398
-74.9049 141.796 397
-75.772 142.153 398
-76.4505 142.153 398
-77.129 142.153 398
-77.8075 142.153 398
-78.6832 142.51 399
-79.3634 142.51 399
-80.0436 142.51 399
-80.7238 142.51 399
-81.608 142.867 400
-82.2899 142.867 400
-82.9718 142.867 400
-83.8628 143.224 401
-84.5464 143.224 401
-85.4426 143.581 402
-86.1279 143.581 402
-87.0291 143.939 403
-88.1515 144.653 405
-88.8419 144.653 405
-89.5323 144.653 405
-90.4455 145.01 406
-91.1376 145.01 406
-91.8298 145.01 406
-92.5219 145.01 406
-93.4436 145.367 407
-94.3688 145.724 408
-95.0643 145.724 408
-96.4639 146.796 411
-99.2923 150.01 420
-100.246 150.368 421
-101.444 151.082 423
-102.165 151.082 423
-102.886 151.082 423
-103.852 151.439 424
-104.575 151.439 424
-105.546 151.796 425
-106.27 151.796 425
-107.247 152.153 426
-108.226 152.511 427
-108.954 152.511 427
-109.682 152.511 427
-111.186 153.582 430
-112.44 154.296 432
-113.176 154.296 432
-113.912 154.296 432
-114.914 154.654 433
-115.92 155.011 434
-116.659 155.011 434
-117.399 155.011 434
-118.411 155.368 435
-119.153 155.368 435
-119.894 155.368 435
-120.913 155.725 436
-122.215 156.439 438
-122.961 156.439 438
-123.708 156.439 438
-124.739 156.797 439
-125.487 156.797 439
-126.236 156.797 439
-126.984 156.797 439
-127.732 156.797 439
-128.481 156.797 439
-869.452 810.771 2270
-873.322 810.771 2270
-878.351 811.842 2273
-882.226 811.842 2273
-886.101 811.842 2273
-889.976 811.842 2273
-892.671 810.771 2270
-894.171 808.628 2264
-898.03 808.628 2264
-901.89 808.628 2264
-904.549 807.556 2261
-906.797 806.127 2257
-910.644 806.127 2257
-905.983 798.627 2236
-906.133 795.412 2227
-909.929 795.412 2227
-913.726 795.412 2227
-916.286 794.341 2224
-916.354 791.126 2215
-915.561 787.198 2204
-919.318 787.198 2204
-920.562 785.055 2198
-921.786 782.911 2192
-924.256 781.84 2189
-927.988 781.84 2189
-930.443 780.768 2186
-934.169 780.768 2186
-933.177 776.84 2175
-936.884 776.84 2175
-939.295 775.768 2172
-942.997 775.768 2172
-945.393 774.697 2169
-949.09 774.697 2169
-949.274 771.839 2161
-952.958 771.839 2161
-955.313 770.768 2158
-958.992 770.768 2158
-960.441 768.982 2153
-962.768 767.91 2150
-965.084 766.839 2147
-968.744 766.839 2147
-971.046 765.767 2144
-974.701 765.767 2144
-977.443 765.053 2142
-981.095 765.053 2142
-983.367 763.982 2139
-985.629 762.91 2136
-987.881 761.839 2133
-991.517 761.839 2133
-992.821 760.053 2128
-996.448 760.053 2128
-1000.08 760.053 2128
-1002.29 758.981 2125
-1005.91 758.981 2125
-1008.11 757.91 2122
-1009.34 756.124 2117
-1012.95 756.124 2117
-1012.72 753.267 2109
-1014.87 752.195 2106
-1017.49 751.481 2104
-1021.08 751.481 2104
-1021.74 749.338 2098
-1022.88 747.552 2093
-1023.99 745.766 2088
-1025.09 743.98 2083
-1028.64 743.98 2083
-1032.19 743.98 2083
-1034.25 742.909 2080
-1035.3 741.123 2075
-1038.84 741.123 2075
-1038.36 738.266 2067
-1040.87 737.551 2065
-1040.35 734.694 2057
-1043.86 734.694 2057
-1043.29 731.837 2049
-1045.76 731.122 2047
-1045.15 728.265 2039
-1048.63 728.265 2039
1512.6 1418.65 3991
1505.8 1418.65 3991
1520.78 1439.26 4049
1513.88 1439.26 4049
1506.98 1439.26 4049
1500.07 1439.26 4049
1493.17 1439.26 4049
1482.6 1435.71 4039
1475.71 1435.71 4039
1465.55 1432.51 4030
1455.06 1428.96 4020
1451.81 1432.51 4030
1444.94 1432.51 4030
1438.07 1432.51 4030
1420.9 1422.2 4001
1414.08 1422.2 4001
1407.26 1422.2 4001
1390.29 1411.89 3972
1364.01 1391.99 3916
1351.1 1385.59 3898
1344.45 1385.59 3898
1337.81 1385.59 3898
1325.02 1379.19 3880
1306.17 1366.39 3844
1299.62 1366.39 3844
1284.32 1357.15 3818
1277.81 1357.15 3818
1271.3 1357.15 3818
1264.79 1357.15 3818
1252.35 1350.75 3800
1245.87 1350.75 3800
1239.4 1350.75 3800
1244.27 1363.2 3835
1237.73 1363.2 3835
1245.64 1379.19 3880
1239.03 1379.19 3880
1232.42 1379.19 3880
1225.8 1379.19 3880
1236.47 1398.74 3935
1241.32 1411.89 3972
1246.36 1425.4 4010
1239.53 1425.4 4010
1238.84 1432.51 4030
1240.83 1442.82 4059
1243.03 1453.48 4089
1236.06 1453.48 4089
1229.09 1453.48 4089
1170.46 1449.93 4079
1163.5 1449.93 4079
1156.55 1449.93 4079
1143.96 1442.82 4059
1126.12 1428.96 4020
1119.26 1428.96 4020
1128.74 1449.93 4079
1121.78 1449.93 4079
1114.83 1449.93 4079
1107.88 1449.93 4079
1100.92 1449.93 4079
1085.92 1439.26 4049
1073.96 1432.51 4030
1064.44 1428.96 4020
1060.22 1432.51 4030
1053.35 1432.51 4030
1046.48 1432.51 4030
1047.09 1442.82 4059
1040.17 1442.82 4059
1033.25 1442.82 4059
1028.86 1446.37 4069
1021.92 1446.37 4069
1014.98 1446.37 4069
1008.05 1446.37 4069
1003.57 1449.93 4079
996.617 1449.93 4079
992.089 1453.48 4089
985.119 1453.48 4089
978.148 1453.48 4089
966.427 1446.37 4069
959.49 1446.37 4069
950.213 1442.82 4059
943.293 1442.82 4059
936.374 1442.82 4059
929.454 1442.82 4059
915.943 1432.51 4030
909.073 1432.51 4030
902.203 1432.51 4030
895.333 1432.51 4030
884.053 1425.4 4010
873.061 1418.65 3991
862.133 1411.89 3972
855.362 1411.89 3972
848.591 1411.89 3972
839.912 1408.69 3963
833.156 1408.69 3963
826.4 1408.69 3963
817.576 1405.14 3953
810.837 1405.14 3953
800.437 1398.74 3935
793.729 1398.74 3935
785.021 1395.19 3925
772.975 1385.59 3898
757.483 1369.59 3853
750.915 1369.59 3853
742.608 1366.39 3844
736.055 1366.39 3844
727.794 1363.2 3835
721.256 1363.2 3835
711.55 1357.15 3818
705.041 1357.15 3818
695.239 1350.75 3800
684.049 1341.51 3774
677.615 1341.51 3774
669.759 1338.67 3766
660.344 1332.63 3749
649.592 1323.74 3724
643.244 1323.74 3724
635.527 1320.9 3716
626.314 1314.85 3699
620.008 1314.85 3699
615.029 1317.7 3707
608.71 1317.7 3707
602.39 1317.7 3707
594.785 1314.85 3699
588.479 1314.85 3699
580.914 1312.01 3691
574.622 1312.01 3691
564.634 1303.48 3667
558.383 1303.48 3667
552.131 1303.48 3667
545.88 1303.48 3667
539.629 1303.48 3667
535.705 1309.16 3683
529.426 1309.16 3683
524.284 1312.01 3691
517.992 1312.01 3691
511.699 1312.01 3691
505.407 1312.01 3691
499.115 1312.01 3691
492.823 1312.01 3691
486.53 1312.01 3691
480.238 1312.01 3691
472.919 1309.16 3683
466.64 1309.16 3683
460.361 1309.16 3683
454.083 1309.16 3683
445.859 1303.48 3667
439.608 1303.48 3667
434.302 1306.32 3675
428.037 1306.32 3675
422.69 1309.16 3683
416.411 1309.16 3683
415.589 1326.58 3732
409.227 1326.58 3732
404.7 1332.63 3749
400.115 1338.67 3766
396.413 1347.91 3792
389.949 1347.91 3792
389.653 1369.59 3853
394.022 1408.69 3963
387.266 1408.69 3963
380.51 1408.69 3963
-5.11119 159.602 449
-5.87662 159.602 449
-6.64205 159.602 449
-7.40748 159.602 449
-8.15471 159.247 448
-8.91844 159.247 448
-9.66055 158.891 447
-10.3993 158.536 446
-11.1596 158.536 446
-11.9199 158.536 446
-12.6802 158.536 446
-16.0383 154.27 434
-16.7782 154.27 434
-17.5181 154.27 434
-18.2579 154.27 434
-18.9978 154.27 434
-19.7376 154.27 434
-20.4303 153.915 433
-21.1685 153.915 433
-21.9066 153.915 433
-22.5925 153.559 432
-23.2749 153.204 431
-24.0097 153.204 431
-24.7444 153.204 431
-29.0555 148.938 419
-29.7698 148.938 419
-30.4841 148.938 419
-31.1239 148.583 418
-31.8365 148.583 418
-32.3934 147.872 416
-33.023 147.517 415
-33.7304 147.517 415
-34.3549 147.161 414
-34.8913 146.45 412
-35.5937 146.45 412
-36.296 146.45 412
-36.9086 146.095 411
-37.5177 145.739 410
-38.2167 145.739 410
-38.9156 145.739 410
-39.4213 145.028 408
-40.0185 144.673 407
-40.7124 144.673 407
-41.3045 144.317 406
-41.9966 144.317 406
-42.5836 143.962 405
-43.1671 143.606 404
-43.7473 143.251 403
-44.4343 143.251 403
-45.0094 142.896 402
-45.581 142.54 401
-46.1492 142.185 400
-46.8311 142.185 400
-47.513 142.185 400
-48.1949 142.185 400
-48.7546 141.829 399
-49.4348 141.829 399
-50.115 141.829 399
-50.7952 141.829 399
-51.3464 141.474 398
-51.8942 141.118 397
-52.571 141.118 397
-53.2478 141.118 397
-53.7887 140.763 396
-54.3263 140.407 395
-54.9996 140.407 395
-55.673 140.407 395
-56.3464 140.407 395
-56.8754 140.052 394
-57.5471 140.052 394
-58.2187 140.052 394
-58.8904 140.052 394
-70.4873 140.407 395
-71.521 141.118 397
-72.1977 141.118 397
-73.0581 141.474 398
-73.7366 141.474 398
-74.4151 141.474 398
-74.9049 141.118 397
-75.772 141.474 398
-76.4505 141.474 398
-77.129 141.474 398
-77.8075 141.474 398
-78.6832 141.829 399
-79.3634 141.829 399
-80.0436 141.829 399
-80.7238 141.829 399
-81.608 142.185 400
-82.2899 142.185 400
-82.9718 142.185 400
-83.8628 142.54 401
-84.5464 142.54 401
-85.4426 142.896 402
-86.1279 142.896 402
-87.0291 143.251 403
-88.1515 143.962 405
-88.8419 143.962 405
-89.5323 143.962 405
-90.4455 144.317 406
-91.1376 144.317 406
-91.8298 144.317 406
-92.5219 144.317 406
-93.4436 144.673 407
-94.8313 145.739 410
-95.5303 145.739 410
-96.4639 146.095 411
-99.2923 149.294 420
-100.246 149.649 421
-101.444 150.36 423
-102.165 150.36 423
-102.886 150.36 423
-103.852 150.716 424
-104.575 150.716 424
-105.546 151.071 425
-106.27 151.071 425
-107.247 151.427 426
-108.226 151.782 427
-108.954 151.782 427
-109.939 152.138 428
-111.444 153.204 431
-112.44 153.559 432
-113.176 153.559 432
-113.912 153.559 432
-114.914 153.915 433
-115.92 154.27 434
-116.659 154.27 434
-117.67 154.626 435
-118.411 154.626 435
-119.153 154.626 435
-119.894 154.626 435
-120.913 154.981 436
-122.215 155.692 438
-122.961 155.692 438
-123.99 156.048 439
-124.739 156.048 439
-125.487 156.048 439
-126.236 156.048 439
-126.984 156.048 439
-127.732 156.048 439
-128.481 156.048 439
-869.452 806.898 2270
-873.322 806.898 2270
-878.351 807.964 2273
-882.226 807.964 2273
-886.101 807.964 2273
-889.976 807.964 2273
-892.671 806.898 2270
-894.171 804.765 2264
-898.03 804.765 2264
-901.89 804.765 2264
-904.549 803.699 2261
-906.797 802.277 2257
-910.644 802.277 2257
-905.983 794.812 2236
-906.133 791.613 2227
-909.929 791.613 2227
-913.726 791.613 2227
-916.286 790.547 2224
-916.354 787.347 2215
-915.561 783.437 2204
-919.318 783.437 2204
-920.562 781.305 2198
-921.786 779.172 2192
-924.256 778.105 2189
-927.988 778.105 2189
-930.443 777.039 2186
-934.169 777.039 2186
-933.177 773.129 2175
-936.884 773.129 2175
-939.295 772.062 2172
-942.997 772.062 2172
-945.393 770.996 2169
-949.09 770.996 2169
-949.274 768.152 2161
-952.958 768.152 2161
-955.313 767.086 2158
-958.992 767.086 2158
-960.441 765.309 2153
-962.768 764.242 2150
-965.084 763.176 2147
-968.744 763.176 2147
-971.046 762.11 2144
-974.701 762.11 2144
-977.443 761.399 2142
-981.095 761.399 2142
-983.367 760.332 2139
-984.245 758.2 2133
-987.881 758.2 2133
-991.517 758.2 2133
-992.821 756.422 2128
-995.044 755.356 2125
-998.666 755.356 2125
-1002.29 755.356 2125
-1004.49 754.289 2122
-1008.11 754.289 2122
-1009.34 752.512 2117
-1012.95 752.512 2117
-1012.72 749.668 2109
-1014.87 748.602 2106
-1017.49 747.891 2104
-1021.08 747.891 2104
-1019.31 743.981 2093
-1021.9 743.27 2091
-1022.52 741.137 2085
-1023.61 739.36 2080
-1027.16 739.36 2080
-1029.72 738.649 2078
-1031.77 737.583 2075
-1035.3 737.583 2075
-1037.34 736.516 2072
-1037.35 734.028 2065
-1038.35 732.251 2060
-1037.82 729.407 2052
-1041.32 729.407 2052
-1043.29 728.341 2049
-1041.67 724.786 2039
-1044.12 724.075 2037
-1047.6 724.075 2037
1512.6 1411.84 3991
1505.8 1411.84 3991
1520.78 1432.36 4049
1513.88 1432.36 4049
1506.98 1432.36 4049
1500.07 1432.36 4049
1493.17 1432.36 4049
1482.6 1428.82 4039
1475.71 1428.82 4039
1465.55 1425.63 4030
1451.44 1418.56 4010
1441.37 1415.38 4001
1434.55 1415.38 4001
1427.72 1415.38 4001
1420.9 1415.38 4001
1414.08 1415.38 4001
1407.26 1415.38 4001
1390.29 1405.12 3972
1370.63 1392.03 3935
1363.92 1392.03 3935
1357.22 1392.03 3935
1350.51 1392.03 3935
1337.31 1385.31 3916
1318.4 1372.57 3880
1311.79 1372.57 3880
1290.04 1356.65 3835
1277.81 1350.64 3818
1271.3 1350.64 3818
1264.79 1350.64 3818
1255.32 1347.45 3809
1248.82 1347.45 3809
1247.88 1353.47 3826
1258.87 1372.57 3880
1252.26 1372.57 3880
1245.64 1372.57 3880
1241.9 1375.76 3889
1243.85 1385.31 3916
1237.17 1385.31 3916
1239.3 1395.21 3944
1244.45 1408.65 3982
1246.36 1418.56 4010
1239.53 1418.56 4010
1238.84 1425.63 4030
1237.78 1432.36 4049
1236.96 1439.43 4069
1230.02 1439.43 4069
1226.09 1442.97 4079
1219.13 1442.97 4079
1212.18 1442.97 4079
1160.65 1439.43 4069
1153.72 1439.43 4069
1146.78 1439.43 4069
1126.12 1422.1 4020
1119.26 1422.1 4020
1128.74 1442.97 4079
1121.78 1442.97 4079
1114.83 1442.97 4079
1107.88 1442.97 4079
1100.92 1442.97 4079
1085.92 1432.36 4049
1073.96 1425.63 4030
1064.44 1422.1 4020
1060.22 1425.63 4030
1053.35 1425.63 4030
1046.48 1425.63 4030
1047.09 1435.89 4059
1040.17 1435.89 4059
1033.25 1435.89 4059
1028.86 1439.43 4069
1021.92 1439.43 4069
1014.98 1439.43 4069
1008.05 1439.43 4069
1003.57 1442.97 4079
996.617 1442.97 4079
992.089 1446.51 4089
985.119 1446.51 4089
978.148 1446.51 4089
966.427 1439.43 4069
959.49 1439.43 4069
952.554 1439.43 4069
945.617 1439.43 4069
938.68 1439.43 4069
931.744 1439.43 4069
922.534 1435.89 4059
909.073 1425.63 4030
902.203 1425.63 4030
895.333 1425.63 4030
888.463 1425.63 4030
877.217 1418.56 4010
866.257 1411.84 3991
859.454 1411.84 3991
852.65 1411.84 3991
843.939 1408.65 3982
837.151 1408.65 3982
830.362 1408.65 3982
819.644 1401.93 3963
812.888 1401.93 3963
804.098 1398.4 3953
797.36 1398.4 3953
785.021 1388.49 3925
774.76 1382.12 3907
757.483 1363.02 3853
750.915 1363.02 3853
742.608 1359.84 3844
736.055 1359.84 3844
727.794 1356.65 3835
721.256 1356.65 3835
711.55 1350.64 3818
705.041 1350.64 3818
695.239 1344.27 3800
684.049 1335.07 3774
677.615 1335.07 3774
669.759 1332.24 3766
660.344 1326.23 3749
649.592 1317.39 3724
643.244 1317.39 3724
636.895 1317.39 3724
627.668 1311.37 3707
621.349 1311.37 3707
615.029 1311.37 3707
608.71 1311.37 3707
602.39 1311.37 3707
596.071 1311.37 3707
589.751 1311.37 3707
583.432 1311.37 3707
575.867 1308.54 3699
568.329 1305.71 3691
562.037 1305.71 3691
554.54 1302.88 3683
547.071 1300.05 3675
543.16 1305.71 3691
538.032 1308.54 3699
531.726 1308.54 3699
526.556 1311.37 3707
520.237 1311.37 3707
513.917 1311.37 3707
507.598 1311.37 3707
501.278 1311.37 3707
494.959 1311.37 3707
488.639 1311.37 3707
482.32 1311.37 3707
476 1311.37 3707
469.681 1311.37 3707
463.361 1311.37 3707
456.056 1308.54 3699
449.75 1308.54 3699
444.403 1311.37 3707
438.083 1311.37 3707
431.764 1311.37 3707
428.314 1320.22 3732
421.952 1320.22 3732
415.589 1320.22 3732
409.227 1320.22 3732
404.7 1326.23 3749
400.115 1332.24 3766
396.413 1341.44 3792
389.949 1341.44 3792
389.653 1363.02 3853
394.022 1401.93 3963
387.266 1401.93 3963
380.51 1401.93 3963
-5.86353 158.482 448
-6.62726 158.482 448
-7.39098 158.482 448
-8.15471 158.482 448
-8.91844 158.482 448
-9.63894 157.775 446
-10.3993 157.775 446
-11.1095 157.067 444
-11.8664 157.067 444
-12.6233 157.067 444
-16.0383 153.53 434
-16.7782 153.53 434
-17.5181 153.53 434
-18.2579 153.53 434
-18.9978 153.53 434
-19.7376 153.53 434
-20.4303 153.176 433
-21.1685 153.176 433
-21.9066 153.176 433
-22.5925 152.822 432
-23.2749 152.469 431
-24.0097 152.469 431
-24.7444 152.469 431
-29.0555 148.224 419
-29.7698 148.224 419
-30.4841 148.224 419
-31.1239 147.87 418
-31.8365 147.87 418
-32.3934 147.162 416
-33.023 146.809 415
-33.7304 146.809 415
-34.3549 146.455 414
-34.8913 145.747 412
-35.5937 145.747 412
-36.296 145.747 412
-36.9086 145.393 411
-37.5177 145.04 410
-38.1235 144.686 409
-38.8207 144.686 409
-39.4213 144.332 408
-40.0185 143.978 407
-40.6123 143.625 406
-41.3045 143.625 406
-41.9966 143.625 406
-42.5836 143.271 405
-43.1671 142.917 404
-43.7473 142.563 403
-44.4343 142.563 403
-45.0094 142.21 402
-45.581 141.856 401
-46.1492 141.502 400
-46.8311 141.502 400
-47.513 141.502 400
-48.1949 141.502 400
-48.7546 141.148 399
-49.4348 141.148 399
-50.115 141.148 399
-50.7952 141.148 399
-51.3464 140.795 398
-51.8942 140.441 397
-52.571 140.441 397
-53.2478 140.441 397
-53.7887 140.087 396
-54.3263 139.733 395
-54.9996 139.733 395
-55.673 139.733 395
-56.3464 139.733 395
-57.0198 139.733 395
-57.6931 139.733 395
-58.2187 139.38 394
-58.8904 139.38 394
-59.5621 139.38 394
-60.2338 139.38 394
-60.9054 139.38 394
-69.8139 139.733 395
-70.4873 139.733 395
-71.521 140.441 397
-72.1977 140.441 397
-72.8745 140.441 397
-73.5513 140.441 397
-74.2281 140.441 397
-74.9049 140.441 397
-75.772 140.795 398
-76.4505 140.795 398
-77.129 140.795 398
-77.8075 140.795 398
-78.6832 141.148 399
-79.3634 141.148 399
-80.0436 141.148 399
-80.7238 141.148 399
-81.608 141.502 400
-82.2899 141.502 400
-82.9718 141.502 400
-83.8628 141.856 401
-84.5464 141.856 401
-85.4426 142.21 402
-86.1279 142.21 402
-87.0291 142.563 403
-88.1515 143.271 405
-88.8419 143.271 405
-89.7534 143.625 406
-90.4455 143.625 406
-91.1376 143.625 406
-91.8298 143.625 406
-92.7498 143.978 407
-93.4436 143.978 407
-94.8313 145.04 410
-95.5303 145.04 410
-96.4639 145.393 411
-99.2923 148.577 420
-100.008 148.577 420
-101.204 149.285 422
-102.165 149.639 423
-102.886 149.639 423
-103.852 149.992 424
-104.575 149.992 424
-105.546 150.346 425
-106.27 150.346 425
-107.247 150.7 426
-108.226 151.054 427
-108.954 151.054 427
-109.939 151.407 428
-111.444 152.469 431
-112.44 152.822 432
-113.176 152.822 432
-113.912 152.822 432
-114.914 153.176 433
-115.92 153.53 434
-116.659 153.53 434
-117.67 153.884 435
-118.411 153.884 435
-119.153 153.884 435
-119.894 153.884 435
-120.913 154.237 436
-122.215 154.945 438
-122.961 154.945 438
-123.99 155.299 439
-124.739 155.299 439
-125.487 155.299 439
-126.236 155.299 439
-126.984 155.299 439
-127.732 155.299 439
-128.481 155.299 439
-869.452 803.025 2270
-873.322 803.025 2270
-878.351 804.086 2273
-882.226 804.086 2273
-886.101 804.086 2273
-889.976 804.086 2273
-890.311 800.902 2264
-891.406 798.426 2257
-895.254 798.426 2257
-899.101 798.426 2257
-902.949 798.426 2257
-901.975 794.181 2245
-905.802 794.181 2245
-903.552 788.875 2230
-906.133 787.813 2227
-909.929 787.813 2227
-913.726 787.813 2227
-915.05 785.691 2221
-916.354 783.568 2215
-915.561 779.677 2204
-919.318 779.677 2204
-919.306 776.493 2195
-921.786 775.432 2192
-924.256 774.371 2189
-927.988 774.371 2189
-930.443 773.309 2186
-934.169 773.309 2186
-933.177 769.418 2175
-936.884 769.418 2175
-939.295 768.357 2172
-942.997 768.357 2172
-945.393 767.296 2169
-949.09 767.296 2169
-949.274 764.466 2161
-952.958 764.466 2161
-955.313 763.404 2158
-958.992 763.404 2158
-960.441 761.635 2153
-962.768 760.574 2150
-965.084 759.513 2147
-968.744 759.513 2147
-971.046 758.452 2144
-974.701 758.452 2144
-977.443 757.744 2142
-981.095 757.744 2142
-983.367 756.683 2139
-984.245 754.56 2133
-987.881 754.56 2133
-991.517 754.56 2133
-992.821 752.792 2128
-995.044 751.73 2125
-998.666 751.73 2125
-1002.29 751.73 2125
-1004.49 750.669 2122
-1008.11 750.669 2122
-1009.34 748.9 2117
-1012.95 748.9 2117
-1012.72 746.07 2109
-1014.87 745.009 2106
-1017.49 744.301 2104
-1021.08 744.301 2104
-1020.77 741.471 2096
-1022.88 740.41 2093
-1021.54 736.873 2083
-1025.09 736.873 2083
-1027.16 735.811 2080
-1029.72 735.104 2078
-1031.77 734.043 2075
-1035.3 734.043 2075
-1038.84 734.043 2075
-1038.36 731.213 2067
-1039.36 729.444 2062
-1042.88 729.444 2062
-1043.86 727.675 2057
-1042.27 724.137 2047
-1043.21 722.369 2042
-1039 717.062 2027
-1042.45 717.062 2027
1512.6 1405.03 3991
1505.8 1405.03 3991
1513.64 1418.76 4030
1506.77 1418.76 4030
1499.9 1418.76 4030
1493.03 1418.76 4030
1486.16 1418.76 4030
1479.29 1418.76 4030
1472.42 1418.76 4030
1465.55 1418.76 4030
1451.44 1411.72 4010
1441.37 1408.55 4001
1434.55 1408.55 4001
1427.72 1408.55 4001
1420.9 1408.55 4001
1414.08 1408.55 4001
1407.26 1408.55 4001
1393.79 1401.86 3982
1373.77 1388.48 3944
1370.16 1391.65 3953
1363.42 1391.65 3953
1356.69 1391.65 3953
1349.95 1391.65 3953
1330.64 1378.63 3916
1323.96 1378.63 3916
1293.06 1353.28 3844
1286.51 1353.28 3844
1279.96 1353.28 3844
1273.41 1353.28 3844
1258.28 1344.12 3818
1251.77 1344.12 3818
1250.81 1350.11 3835
1264.71 1372.29 3898
1258.07 1372.29 3898
1251.42 1372.29 3898
1244.78 1372.29 3898
1243.85 1378.63 3916
1237.17 1378.63 3916
1239.3 1388.48 3944
1244.45 1401.86 3982
1246.36 1411.72 4010
1239.53 1411.72 4010
1238.84 1418.76 4030
1234.72 1421.93 4039
1233.92 1428.97 4059
1227 1428.97 4059
1226.09 1436.01 4079
1219.13 1436.01 4079
1212.18 1436.01 4079
1205.23 1436.01 4079
1198.27 1436.01 4079
1173.33 1439.53 4089
1166.36 1439.53 4089
1159.39 1439.53 4089
1146.78 1432.49 4069
1128.92 1418.76 4030
1122.05 1418.76 4030
1128.74 1436.01 4079
1121.78 1436.01 4079
1114.83 1436.01 4079
1107.88 1436.01 4079
1100.92 1436.01 4079
1085.92 1425.45 4049
1076.35 1421.93 4039
1067.09 1418.76 4030
1060.22 1418.76 4030
1053.35 1418.76 4030
1054.01 1428.97 4059
1049.67 1432.49 4069
1042.73 1432.49 4069
1035.79 1432.49 4069
1031.39 1436.01 4079
1024.43 1436.01 4079
1017.48 1436.01 4079
1010.52 1436.01 4079
1003.57 1436.01 4079
999.06 1439.53 4089
992.089 1439.53 4089
985.119 1439.53 4089
978.148 1439.53 4089
968.802 1436.01 4079
961.848 1436.01 4079
952.554 1432.49 4069
945.617 1432.49 4069
938.68 1432.49 4069
931.744 1432.49 4069
922.534 1428.97 4059
909.073 1418.76 4030
902.203 1418.76 4030
895.333 1418.76 4030
888.463 1418.76 4030
877.217 1411.72 4010
866.257 1405.03 3991
859.454 1405.03 3991
852.65 1405.03 3991
843.939 1401.86 3982
837.151 1401.86 3982
830.362 1401.86 3982
819.644 1395.17 3963
812.888 1395.17 3963
804.098 1391.65 3953
797.36 1391.65 3953
785.021 1381.79 3925
774.76 1375.46 3907
757.483 1356.45 3853
750.915 1356.45 3853
744.347 1356.45 3853
736.055 1353.28 3844
727.794 1350.11 3835
721.256 1350.11 3835
711.55 1344.12 3818
705.041 1344.12 3818
695.239 1337.79 3800
688.761 1337.79 3800
677.615 1328.63 3774
669.759 1325.82 3766
660.344 1319.83 3749
650.988 1313.85 3732
644.626 1313.85 3732
636.895 1311.03 3724
629.192 1308.22 3716
624.198 1311.03 3724
619.177 1313.85 3732
612.815 1313.85 3732
606.453 1313.85 3732
600.091 1313.85 3732
593.729 1313.85 3732
587.367 1313.85 3732
579.759 1311.03 3724
572.179 1308.22 3716
565.844 1308.22 3716
558.154 1305.05 3707
551.834 1305.05 3707
546.839 1308.22 3716
541.668 1311.03 3724
535.32 1311.03 3724
530.107 1313.85 3732
523.745 1313.85 3732
517.383 1313.85 3732
511.021 1313.85 3732
504.659 1313.85 3732
499.365 1316.66 3740
492.989 1316.66 3740
486.614 1316.66 3740
478.183 1311.03 3724
471.835 1311.03 3724
465.486 1311.03 3724
458.152 1308.22 3716
450.722 1305.05 3707
445.482 1308.22 3716
441.038 1313.85 3732
434.676 1313.85 3732
429.232 1316.66 3740
423.874 1319.83 3749
417.482 1319.83 3749
411.091 1319.83 3749
406.535 1325.82 3766
400.965 1328.63 3774
396.413 1334.97 3792
391.697 1340.96 3809
391.474 1362.78 3871
394.022 1395.17 3963
387.266 1395.17 3963
380.51 1395.17 3963
373.754 1395.17 3963
366.998 1395.17 3963
-5.86353 157.718 448
-6.62726 157.718 448
-7.39098 157.718 448
-8.15471 157.718 448
-8.91844 157.718 448
-9.66055 157.366 447
-10.4226 157.366 447
-11.1846 157.366 447
-11.9466 157.366 447
-12.6233 156.31 444
-16.0383 152.789 434
-16.7782 152.789 434
-17.5181 152.789 434
-18.2579 152.789 434
-18.9978 152.789 434
-19.7376 152.789 434
-20.4303 152.437 433
-21.1196 152.085 432
-21.856 152.085 432
-22.5925 152.085 432
-23.2749 151.733 431
-23.954 151.381 430
-24.687 151.381 430
-29.0555 147.509 419
-29.7698 147.509 419
-30.4841 147.509 419
-31.1984 147.509 419
-31.8365 147.157 418
-32.3934 146.453 416
-33.023 146.1 415
-33.7304 146.1 415
-34.3549 145.748 414
-34.976 145.396 413
-35.5937 145.044 412
-36.296 145.044 412
-36.9984 145.044 412
-37.5177 144.34 410
-38.1235 143.988 409
-38.8207 143.988 409
-39.4213 143.636 408
-40.0185 143.284 407
-40.6123 142.932 406
-41.3045 142.932 406
-41.9966 142.932 406
-42.5836 142.58 405
-43.1671 142.228 404
-43.7473 141.876 403
-44.4343 141.876 403
-44.8974 141.172 401
-45.581 141.172 401
-46.1492 140.82 400
-46.8311 140.82 400
-47.513 140.82 400
-48.0744 140.468 399
-48.7546 140.468 399
-49.4348 140.468 399
-50.115 140.468 399
-50.6679 140.116 398
-51.2174 139.764 397
-51.8942 139.764 397
-52.571 139.764 397
-53.2478 139.764 397
-53.7887 139.412 396
-54.3263 139.059 395
-54.9996 139.059 395
-55.673 139.059 395
-56.3464 139.059 395
-57.0198 139.059 395
-57.6931 139.059 395
-58.2187 138.707 394
-58.8904 138.707 394
-59.7133 139.059 395
-60.3866 139.059 395
-61.06 139.059 395
-61.7334 139.059 395
-62.2488 138.707 394
-62.9204 138.707 394
-68.2938 138.707 394
-68.9655 138.707 394
-69.8139 139.059 395
-70.4873 139.059 395
-71.521 139.764 397
-72.1977 139.764 397
-72.8745 139.764 397
-73.5513 139.764 397
-74.2281 139.764 397
-74.9049 139.764 397
-75.5817 139.764 397
-76.4505 140.116 398
-77.129 140.116 398
-77.8075 140.116 398
-78.6832 140.468 399
-79.3634 140.468 399
-80.0436 140.468 399
-80.7238 140.468 399
-81.608 140.82 400
-82.2899 140.82 400
-82.9718 140.82 400
-83.8628 141.172 401
-84.5464 141.172 401
-85.6551 141.876 403
-86.3421 141.876 403
-87.2451 142.228 404
-88.3691 142.932 406
-89.0613 142.932 406
-89.7534 142.932 406
-90.6683 143.284 407
-91.3621 143.284 407
-92.056 143.284 407
-92.9777 143.636 408
-93.6732 143.636 408
-95.0626 144.692 411
-95.7633 144.692 411
-96.4639 144.692 411
-99.2923 147.861 420
-100.485 148.565 422
-101.444 148.917 423
-102.165 148.917 423
-102.886 148.917 423
-103.852 149.269 424
-104.575 149.269 424
-105.546 149.621 425
-106.27 149.621 425
-107.247 149.973 426
-108.226 150.325 427
-108.954 150.325 427
-109.939 150.677 428
-111.444 151.733 431
-112.44 152.085 432
-113.176 152.085 432
-113.912 152.085 432
-114.914 152.437 433
-115.92 152.789 434
-116.659 152.789 434
-117.67 153.141 435
-118.411 153.141 435
-119.153 153.141 435
-119.894 153.141 435
-120.913 153.494 436
-122.215 154.198 438
-122.961 154.198 438
-123.99 154.55 439
-124.739 154.55 439
-125.487 154.55 439
-126.236 154.55 439
-126.984 154.55 439
-127.732 154.55 439
-128.481 154.55 439
-865.582 799.152 2270
-870.601 800.208 2273
-874.476 800.208 2273
-878.351 800.208 2273
-881.061 799.152 2270
-884.931 799.152 2270
-886.452 797.04 2264
-887.558 794.575 2257
-887.852 791.407 2248
-891.684 791.407 2248
-894.321 790.351 2245
-898.148 790.351 2245
-897.154 786.126 2233
-900.961 786.126 2233
-902.336 784.014 2227
-903.691 781.902 2221
-907.478 781.902 2221
-911.264 781.902 2221
-912.578 779.789 2215
-914.286 778.029 2210
-914.315 774.861 2201
-918.067 774.861 2201
-919.306 772.748 2195
-920.525 770.636 2189
-922.99 769.58 2186
-926.716 769.58 2186
-930.443 769.58 2186
-933.315 768.876 2184
-931.889 764.651 2172
-935.592 764.651 2172
-939.295 764.651 2172
-941.695 763.595 2169
-944.521 762.891 2167
-948.215 762.891 2167
-949.274 760.779 2161
-952.958 760.779 2161
-955.313 759.722 2158
-958.992 759.722 2158
-960.441 757.962 2153
-962.768 756.906 2150
-963.736 754.794 2144
-967.391 754.794 2144
-971.046 754.794 2144
-973.792 754.09 2142
-976.074 753.034 2139
-979.721 753.034 2139
-981.988 751.977 2136
-984.245 750.921 2133
-987.881 750.921 2133
-991.517 750.921 2133
-992.821 749.161 2128
-995.044 748.105 2125
-998.666 748.105 2125
-1002.29 748.105 2125
-1004.49 747.049 2122
-1008.11 747.049 2122
-1009.34 745.288 2117
-1012.95 745.288 2117
-1012.72 742.472 2109
-1014.87 741.416 2106
-1017.49 740.712 2104
-1021.08 740.712 2104
-1020.77 737.895 2096
-1022.88 736.839 2093
-1021.54 733.319 2083
-1025.09 733.319 2083
-1027.16 732.263 2080
-1029.72 731.559 2078
-1031.77 730.502 2075
-1035.3 730.502 2075
-1038.84 730.502 2075
-1038.36 727.686 2067
-1040.87 726.982 2065
-1044.4 726.982 2065
-1043.86 724.166 2057
-1044.82 722.405 2052
-1043.21 718.885 2042
-1046.69 718.885 2042
-1042.45 713.604 2027
1512.6 1398.22 3991
1505.8 1398.22 3991
1502.75 1401.72 4001
1495.93 1401.72 4001
1489.11 1401.72 4001
1482.29 1401.72 4001
1475.47 1401.72 4001
1471.95 1404.88 4010
1465.12 1404.88 4010
1458.28 1404.88 4010
1448.19 1401.72 4001
1441.37 1401.72 4001
1434.55 1401.72 4001
1427.72 1401.72 4001
1420.9 1401.72 4001
1414.08 1401.72 4001
1407.26 1401.72 4001
1393.79 1395.07 3982
1373.77 1381.75 3944
1370.16 1384.91 3953
1363.42 1384.91 3953
1356.69 1384.91 3953
1349.95 1384.91 3953
1330.64 1371.94 3916
1323.96 1371.94 3916
1293.06 1346.72 3844
1286.51 1346.72 3844
1279.96 1346.72 3844
1273.41 1346.72 3844
1258.28 1337.61 3818
1251.77 1337.61 3818
1250.81 1343.57 3835
1264.71 1365.64 3898
1258.07 1365.64 3898
1251.42 1365.64 3898
1244.78 1365.64 3898
1243.85 1371.94 3916
1237.17 1371.94 3916
1242.12 1384.91 3953
1244.45 1395.07 3982
1246.36 1404.88 4010
1239.53 1404.88 4010
1238.84 1411.88 4030
1234.72 1415.04 4039
1233.92 1422.04 4059
1227 1422.04 4059
1226.09 1429.05 4079
1219.13 1429.05 4079
1212.18 1429.05 4079
1205.23 1429.05 4079
1198.27 1429.05 4079
1173.33 1432.55 4089
1166.36 1432.55 4089
1159.39 1432.55 4089
1146.78 1425.55 4069
1139.84 1425.55 4069
1132.91 1425.55 4069
1125.97 1425.55 4069
1119.03 1425.55 4069
1112.1 1425.55 4069
1105.16 1425.55 4069
1098.22 1425.55 4069
1085.92 1418.54 4049
1079.02 1418.54 4049
1067.09 1411.88 4030
1060.22 1411.88 4030
1053.35 1411.88 4030
1054.01 1422.04 4059
1052.25 1429.05 4079
1045.29 1429.05 4079
1038.34 1429.05 4079
1033.91 1432.55 4089
1026.94 1432.55 4089
1019.97 1432.55 4089
1010.52 1429.05 4079
1006.03 1432.55 4089
999.06 1432.55 4089
992.089 1432.55 4089
985.119 1432.55 4089
978.148 1432.55 4089
971.177 1432.55 4089
964.206 1432.55 4089
952.554 1425.55 4069
945.617 1425.55 4069
938.68 1425.55 4069
931.744 1425.55 4069
922.534 1422.04 4059
915.615 1422.04 4059
902.203 1411.88 4030
895.333 1411.88 4030
888.463 1411.88 4030
881.593 1411.88 4030
870.381 1404.88 4010
863.545 1404.88 4010
854.786 1401.72 4001
847.966 1401.72 4001
839.043 1398.22 3991
832.239 1398.22 3991
823.574 1395.07 3982
814.735 1391.56 3972
806.133 1388.41 3963
799.377 1388.41 3963
787.021 1378.6 3935
776.545 1371.94 3916
757.483 1349.87 3853
750.915 1349.87 3853
744.347 1349.87 3853
736.055 1346.72 3844
727.794 1343.57 3835
721.256 1343.57 3835
711.55 1337.61 3818
705.041 1337.61 3818
695.239 1331.3 3800
688.761 1331.3 3800
677.615 1322.2 3774
669.759 1319.39 3766
660.344 1313.44 3749
650.988 1307.48 3732
644.626 1307.48 3732
636.895 1304.68 3724
629.192 1301.88 3716
624.198 1304.68 3724
619.177 1307.48 3732
612.815 1307.48 3732
606.453 1307.48 3732
600.091 1307.48 3732
593.729 1307.48 3732
587.367 1307.48 3732
579.759 1304.68 3724
574.642 1307.48 3732
568.28 1307.48 3732
561.918 1307.48 3732
556.747 1310.28 3740
550.371 1310.28 3740
545.304 1313.44 3749
538.913 1313.44 3749
532.522 1313.44 3749
526.131 1313.44 3749
519.74 1313.44 3749
513.349 1313.44 3749
506.958 1313.44 3749
500.567 1313.44 3749
494.176 1313.44 3749
487.785 1313.44 3749
480.238 1310.28 3740
473.862 1310.28 3740
467.486 1310.28 3740
459.138 1304.68 3724
452.789 1304.68 3724
446.441 1304.68 3724
441.983 1310.28 3740
435.608 1310.28 3740
430.265 1313.44 3749
423.874 1313.44 3749
417.482 1313.44 3749
411.091 1313.44 3749
406.535 1319.39 3766
400.965 1322.2 3774
394.532 1322.2 3774
391.697 1334.46 3809
394.204 1365.64 3898
394.022 1388.41 3963
387.266 1388.41 3963
382.334 1395.07 3982
378.187 1404.88 4010
371.351 1404.88 4010
364.515 1404.88 4010
-5.86353 156.954 448
-6.62726 156.954 448
-7.39098 156.954 448
-8.15471 156.954 448
-8.91844 156.954 448
-9.68217 156.954 448
-10.4459 156.954 448
-11.1846 156.603 447
-11.9466 156.603 447
-12.6233 155.552 444
-16.0383 152.049 434
-16.7782 152.049 434
-17.5181 152.049 434
-18.2579 152.049 434
-18.9978 152.049 434
-19.7376 152.049 434
-20.4303 151.699 433
-21.1196 151.348 432
-21.856 151.348 432
-22.5925 151.348 432
-23.2749 150.998 431
-23.954 150.648 430
-24.687 150.648 430
-29.0555 146.794 419
-29.7698 146.794 419
-30.4841 146.794 419
-31.1984 146.794 419
-31.8365 146.443 418
-32.4712 146.093 417
-33.1821 146.093 417
-33.8117 145.743 416
-34.3549 145.042 414
-34.976 144.692 413
-35.5937 144.341 412
-36.296 144.341 412
-36.9984 144.341 412
-37.6092 143.991 411
-38.2167 143.641 410
-38.9156 143.641 410
-39.4213 142.94 408
-40.0185 142.59 407
-40.6123 142.239 406
-41.3045 142.239 406
-41.9966 142.239 406
-42.5836 141.889 405
-43.1671 141.539 404
-43.7473 141.188 403
-44.4343 141.188 403
-44.8974 140.488 401
-45.4673 140.137 400
-46.1492 140.137 400
-46.8311 140.137 400
-47.3943 139.787 399
-48.0744 139.787 399
-48.7546 139.787 399
-49.3109 139.437 398
-49.9894 139.437 398
-50.5406 139.086 397
-51.2174 139.086 397
-51.8942 139.086 397
-52.571 139.086 397
-53.1136 138.736 396
-53.6529 138.386 395
-54.3263 138.386 395
-54.9996 138.386 395
-55.673 138.386 395
-56.3464 138.386 395
-57.0198 138.386 395
-57.6931 138.386 395
-58.2187 138.035 394
-58.8904 138.035 394
-59.7133 138.386 395
-60.3866 138.386 395
-61.06 138.386 395
-61.7334 138.386 395
-62.2488 138.035 394
-62.9204 138.035 394
-68.2938 138.035 394
-68.9655 138.035 394
-69.8139 138.386 395
-70.4873 138.386 395
-71.3408 138.736 396
-72.0159 138.736 396
-72.8745 139.086 397
-73.5513 139.086 397
-74.2281 139.086 397
-74.9049 139.086 397
-75.5817 139.086 397
-76.4505 139.437 398
-77.129 139.437 398
-77.8075 139.437 398
-78.6832 139.787 399
-79.3634 139.787 399
-80.0436 139.787 399
-80.7238 139.787 399
-81.608 140.137 400
-82.2899 140.137 400
-82.9718 140.137 400
-83.8628 140.488 401
-84.7573 140.838 402
-85.6551 141.188 403
-86.5564 141.539 404
-87.4611 141.889 405
-88.3691 142.239 406
-89.0613 142.239 406
-89.9745 142.59 407
-90.6683 142.59 407
-91.8111 143.29 409
-92.5083 143.29 409
-93.6613 143.991 411
-94.362 143.991 411
-95.0626 143.991 411
-95.7633 143.991 411
-96.4639 143.991 411
-100.485 147.845 422
-101.444 148.195 423
-102.165 148.195 423
-102.886 148.195 423
-103.607 148.195 423
-104.575 148.546 424
-105.546 148.896 425
-106.27 148.896 425
-107.247 149.246 426
-108.226 149.597 427
-108.954 149.597 427
-109.939 149.947 428
-111.444 150.998 431
-112.44 151.348 432
-113.176 151.348 432
-113.912 151.348 432
-114.914 151.699 433
-115.92 152.049 434
-116.659 152.049 434
-117.399 152.049 434
-118.411 152.399 435
-119.153 152.399 435
-119.894 152.399 435
-120.913 152.75 436
-122.215 153.45 438
-122.961 153.45 438
-123.99 153.801 439
-124.739 153.801 439
-125.487 153.801 439
-126.236 153.801 439
-126.984 153.801 439
-127.732 153.801 439
-128.481 153.801 439
-870.064 802.987 2292
-873.971 802.987 2292
-877.878 802.987 2292
-874.476 796.33 2273
-878.351 796.33 2273
-882.226 796.33 2273
-886.101 796.33 2273
-886.452 793.177 2264
-887.558 790.725 2257
-887.852 787.572 2248
-891.684 787.572 2248
-894.321 786.521 2245
-898.148 786.521 2245
-895.949 781.265 2230
-899.75 781.265 2230
-899.905 778.112 2221
-903.691 778.112 2221
-907.478 778.112 2221
-911.264 778.112 2221
-912.578 776.01 2215
-913.045 773.208 2207
-913.068 770.054 2198
-916.815 770.054 2198
-918.049 767.952 2192
-919.263 765.85 2186
-922.99 765.85 2186
-926.716 765.85 2186
-929.592 765.15 2184
-932.033 764.099 2181
-934.464 763.048 2178
-938.177 763.048 2178
-937.997 759.895 2169
-941.695 759.895 2169
-945.393 759.895 2169
-949.09 759.895 2169
-950.591 758.143 2164
-952.958 757.092 2161
-955.313 756.041 2158
-958.992 756.041 2158
-961.333 754.99 2155
-964.111 754.289 2153
-963.736 751.136 2144
-967.391 751.136 2144
-971.046 751.136 2144
-973.792 750.435 2142
-976.074 749.384 2139
-979.721 749.384 2139
-981.988 748.333 2136
-984.245 747.282 2133
-987.881 747.282 2133
-991.517 747.282 2133
-992.821 745.53 2128
-996.448 745.53 2128
-998.666 744.479 2125
-1002.29 744.479 2125
-1004.49 743.428 2122
-1008.11 743.428 2122
-1009.34 741.677 2117
-1012.95 741.677 2117
-1012.72 738.874 2109
-1014.87 737.823 2106
-1017.49 737.122 2104
-1021.08 737.122 2104
-1020.77 734.319 2096
-1022.88 733.268 2093
-1021.54 729.765 2083
-1025.09 729.765 2083
-1027.16 728.714 2080
-1029.72 728.013 2078
-1031.77 726.962 2075
-1035.3 726.962 2075
-1038.84 726.962 2075
-1038.36 724.159 2067
-1040.87 723.459 2065
-1044.4 723.459 2065
-1043.86 720.656 2057
-1044.82 718.904 2052
-1043.21 715.401 2042
-1046.69 715.401 2042
-1041.43 709.445 2025
1502.75 1394.9 4001
1495.93 1394.9 4001
1489.11 1394.9 4001
1482.29 1394.9 4001
1475.47 1394.9 4001
1468.65 1394.9 4001
1461.83 1394.9 4001
1455.01 1394.9 4001
1444.57 1391.41 3991
1437.76 1391.41 3991
1434.55 1394.9 4001
1427.72 1394.9 4001
1420.9 1394.9 4001
1414.08 1394.9 4001
1407.26 1394.9 4001
1393.79 1388.27 3982
1373.77 1375.02 3944
1373.63 1381.65 3963
1366.87 1381.65 3963
1360.12 1381.65 3963
1353.36 1381.65 3963
1337.09 1371.89 3935
1330.38 1371.89 3935
1293.06 1340.16 3844
1286.51 1340.16 3844
1279.96 1340.16 3844
1273.41 1340.16 3844
1258.28 1331.1 3818
1251.77 1331.1 3818
1250.81 1337.02 3835
1264.71 1358.99 3898
1258.07 1358.99 3898
1251.42 1358.99 3898
1244.78 1358.99 3898
1243.85 1365.26 3916
1237.17 1365.26 3916
1242.12 1378.16 3953
1244.45 1388.27 3982
1240.46 1391.41 3991
1233.65 1391.41 3991
1226.85 1391.41 3991
1228.91 1401.52 4020
1230.88 1411.63 4049
1223.97 1411.63 4049
1220.08 1415.12 4059
1219.13 1422.09 4079
1212.18 1422.09 4079
1205.23 1422.09 4079
1198.27 1422.09 4079
1173.33 1425.58 4089
1166.36 1425.58 4089
1159.39 1425.58 4089
1146.78 1418.6 4069
1139.84 1418.6 4069
1132.91 1418.6 4069
1128.74 1422.09 4079
1121.78 1422.09 4079
1114.83 1422.09 4079
1107.88 1422.09 4079
1100.92 1422.09 4079
1088.6 1415.12 4059
1079.02 1411.63 4049
1069.47 1408.15 4039
1062.58 1408.15 4039
1053.35 1405.01 4030
1054.01 1415.12 4059
1052.25 1422.09 4079
1045.29 1422.09 4079
1038.34 1422.09 4079
1033.91 1425.58 4089
1026.94 1425.58 4089
1019.97 1425.58 4089
1013 1425.58 4089
1006.03 1425.58 4089
999.06 1425.58 4089
992.089 1425.58 4089
985.119 1425.58 4089
978.148 1425.58 4089
971.177 1425.58 4089
964.206 1425.58 4089
952.554 1418.6 4069
945.617 1418.6 4069
943.294 1425.58 4089
936.324 1425.58 4089
929.353 1425.58 4089
917.871 1418.6 4069
910.934 1418.6 4069
903.997 1418.6 4069
897.061 1418.6 4069
883.561 1408.15 4039
874.722 1405.01 4030
867.852 1405.01 4030
860.982 1405.01 4030
851.993 1401.52 4020
845.14 1401.52 4020
838.286 1401.52 4020
825.435 1391.41 3991
816.786 1388.27 3982
806.133 1381.65 3963
799.377 1381.65 3963
792.621 1381.65 3963
776.545 1365.26 3916
768.1 1362.13 3907
761.439 1362.13 3907
744.347 1343.3 3853
736.055 1340.16 3844
729.502 1340.16 3844
722.949 1340.16 3844
711.55 1331.1 3818
703.379 1327.96 3809
695.239 1324.82 3800
688.761 1324.82 3800
679.231 1318.89 3783
669.759 1312.97 3766
663.339 1312.97 3766
656.919 1312.97 3766
647.562 1307.04 3749
638.264 1301.11 3732
631.901 1301.11 3732
626.88 1303.9 3740
621.998 1307.04 3749
615.607 1307.04 3749
609.215 1307.04 3749
602.824 1307.04 3749
596.433 1307.04 3749
590.042 1307.04 3749
582.25 1303.9 3740
574.642 1301.11 3732
568.28 1301.11 3732
561.918 1301.11 3732
556.747 1303.9 3740
550.371 1303.9 3740
545.304 1307.04 3749
538.913 1307.04 3749
532.522 1307.04 3749
526.131 1307.04 3749
519.74 1307.04 3749
513.349 1307.04 3749
506.958 1307.04 3749
500.567 1307.04 3749
494.176 1307.04 3749
487.785 1307.04 3749
480.238 1303.9 3740
473.862 1303.9 3740
467.486 1303.9 3740
459.138 1298.32 3724
452.789 1298.32 3724
446.441 1298.32 3724
441.983 1303.9 3740
435.608 1303.9 3740
430.265 1307.04 3749
423.874 1307.04 3749
417.482 1307.04 3749
411.091 1307.04 3749
406.535 1312.97 3766
400.965 1315.76 3774
394.532 1315.76 3774
391.697 1327.96 3809
394.204 1358.99 3898
394.022 1381.65 3963
387.266 1381.65 3963
382.334 1388.27 3982
378.187 1398.03 4010
371.351 1398.03 4010
364.515 1398.03 4010
-7.39098 156.189 448
-8.15471 156.189 448
-8.91844 156.189 448
-9.68217 156.189 448
-10.4459 156.189 448
-11.1846 155.841 447
-11.9466 155.841 447
-29.0555 146.079 419
-29.7698 146.079 419
-30.4841 146.079 419
-31.1984 146.079 419
-31.9127 146.079 419
-32.4712 145.382 417
-33.1821 145.382 417
-33.893 145.382 417
-34.4379 144.684 415
-34.976 143.987 413
-35.6801 143.987 413
-36.3841 143.987 413
-36.9984 143.639 412
-37.6092 143.29 411
-38.2167 142.941 410
-38.9156 142.941 410
-39.4213 142.244 408
-40.0185 141.895 407
-40.6123 141.547 406
-41.3045 141.547 406
-41.9966 141.547 406
-42.4784 140.849 404
-43.0603 140.501 403
-43.6388 140.152 402
-44.3241 140.152 402
-44.8974 139.803 401
-45.4673 139.455 400
-46.0339 139.106 399
-46.7141 139.106 399
-47.3943 139.106 399
-48.0744 139.106 399
-48.6325 138.758 398
-49.187 138.409 397
-49.8638 138.409 397
-50.5406 138.409 397
-51.2174 138.409 397
-51.7635 138.06 396
-52.4385 138.06 396
-53.1136 138.06 396
-53.6529 137.712 395
-54.3263 137.712 395
-54.9996 137.712 395
-55.673 137.712 395
-56.3464 137.712 395
-57.0198 137.712 395
-57.6931 137.712 395
-58.3665 137.712 395
-58.8904 137.363 394
-59.7133 137.712 395
-60.3866 137.712 395
-61.06 137.712 395
-61.7334 137.712 395
-62.2488 137.363 394
-62.9204 137.363 394
-63.5921 137.363 394
-64.2638 137.363 394
-64.9354 137.363 394
-65.6071 137.363 394
-66.2788 137.363 394
-66.9505 137.363 394
-67.6221 137.363 394
-68.2938 137.363 394
-68.9655 137.363 394
-69.8139 137.712 395
-70.4873 137.712 395
-71.3408 138.06 396
-72.0159 138.06 396
-72.8745 138.409 397
-73.5513 138.409 397
-74.2281 138.409 397
-74.9049 138.409 397
-75.5817 138.409 397
-76.4505 138.758 398
-77.129 138.758 398
-77.8075 138.758 398
-78.6832 139.106 399
-79.3634 139.106 399
-80.0436 139.106 399
-80.7238 139.106 399
-81.608 139.455 400
-82.2899 139.455 400
-82.9718 139.455 400
-83.8628 139.803 401
-84.7573 140.152 402
-85.6551 140.501 403
-86.5564 140.849 404
-87.4611 141.198 405
-88.3691 141.547 406
-89.0613 141.547 406
-89.9745 141.895 407
-90.6683 141.895 407
-91.8111 142.593 409
-92.5083 142.593 409
-93.6613 143.29 411
-95.0508 144.336 414
-95.7565 144.336 414
-97.1613 145.382 417
-97.8722 145.382 417
-98.5831 145.382 417
-100.485 147.125 422
-101.444 147.474 423
-102.165 147.474 423
-102.886 147.474 423
-103.607 147.474 423
-104.575 147.822 424
-105.546 148.171 425
-106.27 148.171 425
-107.247 148.519 426
-108.226 148.868 427
-108.954 148.868 427
-109.939 149.217 428
-111.444 150.263 431
-112.44 150.611 432
-113.176 150.611 432
-113.912 150.611 432
-114.914 150.96 433
-115.92 151.309 434
-116.659 151.309 434
-117.399 151.309 434
-118.411 151.657 435
-119.153 151.657 435
-120.17 152.006 436
-121.191 152.354 437
-122.215 152.703 438
-122.961 152.703 438
-123.99 153.052 439
-124.739 153.052 439
-125.487 153.052 439
-126.236 153.052 439
-870.064 799.076 2292
-873.971 799.076 2292
-877.878 799.076 2292
-874.476 792.452 2273
-878.351 792.452 2273
-882.226 792.452 2273
-886.101 792.452 2273
-885.277 788.269 2261
-885.199 784.782 2251
-886.667 782.69 2245
-890.494 782.69 2245
-893.126 781.644 2242
-893.347 778.507 2233
-895.949 777.461 2230
-899.75 777.461 2230
-899.905 774.323 2221
-903.691 774.323 2221
-907.478 774.323 2221
-911.264 774.323 2221
-913.814 773.277 2218
-913.045 769.442 2207
-913.068 766.304 2198
-916.815 766.304 2198
-919.306 765.258 2195
-920.525 763.167 2189
-922.99 762.121 2186
-926.716 762.121 2186
-929.592 761.424 2184
-932.033 760.378 2181
-934.464 759.332 2178
-938.177 759.332 2178
-940.592 758.286 2175
-944.3 758.286 2175
-946.7 757.24 2172
-950.403 757.24 2172
-951.909 755.497 2167
-954.281 754.451 2164
-956.642 753.405 2161
-960.326 753.405 2161
-961.333 751.313 2155
-964.111 750.616 2153
-963.736 747.478 2144
-967.391 747.478 2144
-971.046 747.478 2144
-973.792 746.781 2142
-976.074 745.735 2139
-979.721 745.735 2139
-981.988 744.689 2136
-984.245 743.643 2133
-987.881 743.643 2133
-991.517 743.643 2133
-992.821 741.9 2128
-996.448 741.9 2128
-998.666 740.854 2125
-1002.29 740.854 2125
-1004.49 739.808 2122
-1008.11 739.808 2122
-1009.34 738.065 2117
-1012.95 738.065 2117
-1012.72 735.276 2109
-1014.87 734.23 2106
-1017.49 733.533 2104
-1021.08 733.533 2104
-1020.77 730.743 2096
-1021.9 729 2091
-1021.54 726.211 2083
-1025.09 726.211 2083
-1027.16 725.165 2080
-1028.23 723.422 2075
-1031.77 723.422 2075
-1035.3 723.422 2075
-1038.84 723.422 2075
-1038.36 720.633 2067
-1040.87 719.936 2065
-1044.4 719.936 2065
-1043.86 717.147 2057
-1044.82 715.403 2052
-1043.21 711.917 2042
-1046.69 711.917 2042
-1041.43 705.99 2025
1502.75 1388.07 4001
1495.93 1388.07 4001
1489.11 1388.07 4001
1482.29 1388.07 4001
1475.47 1388.07 4001
1468.65 1388.07 4001
1461.83 1388.07 4001
1455.01 1388.07 4001
1437.69 1378.01 3972
1424.07 1371.42 3953
1424.15 1378.01 3972
1417.38 1378.01 3972
1414.16 1381.48 3982
1407.37 1381.48 3982
1400.58 1381.48 3982
1370.69 1358.58 3916
1364.01 1358.58 3916
1373.63 1374.89 3963
1366.87 1374.89 3963
1360.12 1374.89 3963
1353.36 1374.89 3963
1337.09 1365.17 3935
1330.38 1365.17 3935
1293.06 1333.6 3844
1277.81 1324.58 3818
1268.3 1321.46 3809
1261.81 1321.46 3809
1255.32 1321.46 3809
1248.82 1321.46 3809
1247.88 1327.36 3826
1264.71 1352.34 3898
1258.07 1352.34 3898
1251.42 1352.34 3898
1244.78 1352.34 3898
1240.99 1355.46 3907
1234.33 1355.46 3907
1242.12 1371.42 3953
1244.45 1381.48 3982
1243.57 1388.07 4001
1236.75 1388.07 4001
1238.84 1398.13 4030
1237.78 1404.72 4049
1230.88 1404.72 4049
1223.97 1404.72 4049
1223.08 1411.66 4069
1219.13 1415.13 4079
1215.15 1418.6 4089
1208.18 1418.6 4089
1201.21 1418.6 4089
1163.5 1415.13 4079
1156.55 1415.13 4079
1149.6 1415.13 4079
1139.84 1411.66 4069
1132.91 1411.66 4069
1128.74 1415.13 4079
1121.78 1415.13 4079
1114.83 1415.13 4079
1107.88 1415.13 4079
1100.92 1415.13 4079
1088.6 1408.19 4059
1079.02 1404.72 4049
1069.47 1401.25 4039
1062.58 1401.25 4039
1053.35 1398.13 4030
1054.01 1408.19 4059
1052.25 1415.13 4079
1045.29 1415.13 4079
1038.34 1415.13 4079
1033.91 1418.6 4089
1026.94 1418.6 4089
1019.97 1418.6 4089
1013 1418.6 4089
1006.03 1418.6 4089
999.06 1418.6 4089
992.089 1418.6 4089
978.148 1418.6 4089
971.177 1418.6 4089
964.206 1418.6 4089
952.554 1411.66 4069
945.617 1411.66 4069
943.294 1418.6 4089
936.324 1418.6 4089
929.353 1418.6 4089
917.871 1411.66 4069
910.934 1411.66 4069
906.219 1415.13 4079
899.265 1415.13 4079
892.312 1415.13 4079
883.187 1411.66 4069
876.251 1411.66 4069
867.178 1408.19 4059
860.258 1408.19 4059
851.236 1404.72 4049
844.334 1404.72 4049
833.502 1398.13 4030
822.529 1391.19 4010
809.997 1381.48 3982
803.209 1381.48 3982
794.421 1378.01 3972
780.312 1365.17 3935
769.869 1358.58 3916
763.193 1358.58 3916
754.779 1355.46 3907
744.672 1349.21 3889
732.918 1339.85 3862
726.334 1339.85 3862
716.396 1333.6 3844
705.041 1324.58 3818
698.533 1324.58 3818
692.024 1324.58 3818
682.283 1318.34 3800
674.383 1315.56 3792
667.918 1315.56 3792
661.454 1315.56 3792
650.498 1306.54 3766
642.539 1303.42 3757
636.134 1303.42 3757
629.73 1303.42 3757
623.325 1303.42 3757
618.398 1306.54 3766
611.978 1306.54 3766
605.558 1306.54 3766
599.138 1306.54 3766
592.718 1306.54 3766
586.298 1306.54 3766
579.878 1306.54 3766
570.869 1300.64 3749
567.037 1306.54 3766
561.808 1309.32 3774
555.375 1309.32 3774
548.941 1309.32 3774
542.507 1309.32 3774
536.073 1309.32 3774
529.64 1309.32 3774
523.206 1309.32 3774
516.772 1309.32 3774
509.257 1306.54 3766
502.837 1306.54 3766
496.417 1306.54 3766
489.996 1306.54 3766
481.393 1300.64 3749
475.002 1300.64 3749
467.486 1297.52 3740
460.124 1294.75 3732
452.789 1291.97 3724
446.441 1291.97 3724
441.983 1297.52 3740
435.608 1297.52 3740
430.265 1300.64 3749
423.874 1300.64 3749
417.482 1300.64 3749
411.091 1300.64 3749
405.564 1303.42 3757
400.965 1309.32 3774
394.532 1309.32 3774
391.697 1321.46 3809
394.204 1352.34 3898
394.022 1374.89 3963
387.266 1374.89 3963
382.334 1381.48 3982
378.187 1391.19 4010
371.351 1391.19 4010
364.515 1391.19 4010
-7.39098 155.425 448
-8.15471 155.425 448
-8.91844 155.425 448
-9.68217 155.425 448
-10.4459 155.425 448
-11.1846 155.078 447
-11.9466 155.078 447
-29.7698 145.364 419
-30.4841 145.364 419
-31.1984 145.364 419
-31.9127 145.364 419
-32.4712 144.67 417
-33.1821 144.67 417
-33.893 144.67 417
-34.4379 143.976 415
-34.976 143.283 413
-35.6801 143.283 413
-36.3841 143.283 413
-36.9984 142.936 412
-37.6092 142.589 411
-38.2167 142.242 410
-38.9156 142.242 410
-39.4213 141.548 408
-40.0185 141.201 407
-40.6123 140.854 406
-41.3045 140.854 406
-41.9966 140.854 406
-42.4784 140.16 404
-43.0603 139.813 403
-43.6388 139.466 402
-44.3241 139.466 402
-44.8974 139.119 401
-45.4673 138.772 400
-46.0339 138.425 399
-46.7141 138.425 399
-47.3943 138.425 399
-48.0744 138.425 399
-48.6325 138.079 398
-49.187 137.732 397
-49.8638 137.732 397
-50.5406 137.732 397
-51.2174 137.732 397
-51.7635 137.385 396
-52.4385 137.385 396
-53.1136 137.385 396
-53.6529 137.038 395
-54.3263 137.038 395
-54.9996 137.038 395
-55.673 137.038 395
-56.3464 137.038 395
-57.0198 137.038 395
-57.6931 137.038 395
-58.3665 137.038 395
-58.8904 136.691 394
-59.7133 137.038 395
-60.3866 137.038 395
-61.06 137.038 395
-61.7334 137.038 395
-62.2488 136.691 394
-62.9204 136.691 394
-63.5921 136.691 394
-64.2638 136.691 394
-64.9354 136.691 394
-65.6071 136.691 394
-66.2788 136.691 394
-67.1204 137.038 395
-67.7938 137.038 395
-68.4671 137.038 395
-69.1405 137.038 395
-69.8139 137.038 395
-70.4873 137.038 395
-71.3408 137.385 396
-72.0159 137.385 396
-72.8745 137.732 397
-73.5513 137.732 397
-74.2281 137.732 397
-74.9049 137.732 397
-75.772 138.079 398
-76.4505 138.079 398
-77.129 138.079 398
-77.8075 138.079 398
-78.6832 138.425 399
-79.3634 138.425 399
-80.0436 138.425 399
-80.9261 138.772 400
-81.608 138.772 400
-82.4956 139.119 401
-83.1792 139.119 401
-83.8628 139.119 401
-84.9681 139.813 403
-85.6551 139.813 403
-86.7706 140.507 405
-87.4611 140.507 405
-88.5868 141.201 407
-89.2806 141.201 407
-89.9745 141.201 407
-91.1138 141.895 409
-91.8111 141.895 409
-92.9607 142.589 411
-93.8892 142.936 412
-95.0508 143.629 414
-95.7565 143.629 414
-97.1613 144.67 417
-97.8722 144.67 417
-98.5831 144.67 417
-100.485 146.405 422
-101.444 146.752 423
-102.165 146.752 423
-102.886 146.752 423
-103.607 146.752 423
-104.575 147.099 424
-105.546 147.446 425
-106.27 147.446 425
-106.995 147.446 425
-108.226 148.14 427
-108.954 148.14 427
-109.939 148.486 428
-111.444 149.527 431
-112.44 149.874 432
-113.176 149.874 432
-113.912 149.874 432
-114.914 150.221 433
-115.92 150.568 434
-116.659 150.568 434
-117.399 150.568 434
-118.684 151.262 436
-119.427 151.262 436
-120.17 151.262 436
-121.468 151.956 438
-122.215 151.956 438
-122.961 151.956 438
-123.99 152.303 439
-124.739 152.303 439
-125.487 152.303 439
-126.236 152.303 439
-867.704 803.839 2317
-871.654 803.839 2317
-875.604 803.839 2317
-877.276 801.758 2311
-876.259 797.247 2298
-880.177 797.247 2298
-879.093 792.737 2285
-880.669 790.656 2279
-882.226 788.574 2273
-886.101 788.574 2273
-885.277 784.411 2261
-885.199 780.942 2251
-886.667 778.86 2245
-890.494 778.86 2245
-893.126 777.819 2242
-893.347 774.697 2233
-895.949 773.656 2230
-899.75 773.656 2230
-899.905 770.534 2221
-903.691 770.534 2221
-907.478 770.534 2221
-911.264 770.534 2221
-913.814 769.493 2218
-913.045 765.677 2207
-913.068 762.554 2198
-916.815 762.554 2198
-919.306 761.514 2195
-920.525 759.432 2189
-922.99 758.391 2186
-926.716 758.391 2186
-929.592 757.697 2184
-932.033 756.657 2181
-934.464 755.616 2178
-938.177 755.616 2178
-940.592 754.575 2175
-944.3 754.575 2175
-946.7 753.534 2172
-950.403 753.534 2172
-951.909 751.8 2167
-954.281 750.759 2164
-956.642 749.718 2161
-960.326 749.718 2161
-961.333 747.636 2155
-964.111 746.943 2153
-963.736 743.82 2144
-967.391 743.82 2144
-971.046 743.82 2144
-973.792 743.126 2142
-976.074 742.085 2139
-979.721 742.085 2139
-981.988 741.045 2136
-984.245 740.004 2133
-987.881 740.004 2133
-991.517 740.004 2133
-992.821 738.269 2128
-996.448 738.269 2128
-998.666 737.228 2125
-1002.29 737.228 2125
-1004.49 736.188 2122
-1008.11 736.188 2122
-1009.34 734.453 2117
-1012.95 734.453 2117
-1012.72 731.678 2109
-1014.87 730.637 2106
-1017.49 729.943 2104
-1021.08 729.943 2104
-1020.77 727.167 2096
-1021.9 725.433 2091
-1020.07 721.617 2080
-1023.61 721.617 2080
-1024.69 719.882 2075
-1028.23 719.882 2075
-1030.27 718.841 2072
-1033.81 718.841 2072
-1033.83 716.413 2065
-1037.35 716.413 2065
-1038.35 714.678 2060
-1041.87 714.678 2060
-1043.86 713.637 2057
-1040.74 709.127 2044
-1043.21 708.433 2042
-1046.69 708.433 2042
-1041.43 702.535 2025
1454.06 1342.58 3889
1454.13 1348.79 3907
1447.47 1348.79 3907
1440.8 1348.79 3907
1434.14 1348.79 3907
1451.23 1371.23 3972
1444.46 1371.23 3972
1437.69 1371.23 3972
1424.07 1364.67 3953
1424.15 1371.23 3972
1417.38 1371.23 3972
1414.16 1374.69 3982
1407.37 1374.69 3982
1400.58 1374.69 3982
1370.69 1351.9 3916
1364.01 1351.9 3916
1373.63 1368.13 3963
1366.87 1368.13 3963
1360.12 1368.13 3963
1353.36 1368.13 3963
1337.09 1358.46 3935
1330.38 1358.46 3935
1293.06 1327.04 3844
1277.81 1318.07 3818
1268.3 1314.96 3809
1261.81 1314.96 3809
1255.32 1314.96 3809
1248.82 1314.96 3809
1247.88 1320.83 3826
1255.95 1336.37 3871
1249.35 1336.37 3871
1251.42 1345.69 3898
1244.78 1345.69 3898
1240.99 1348.79 3907
1234.33 1348.79 3907
1242.12 1364.67 3953
1244.45 1374.69 3982
1246.36 1384.35 4010
1239.53 1384.35 4010
1241.61 1394.36 4039
1237.78 1397.82 4049
1230.88 1397.82 4049
1223.97 1397.82 4049
1223.08 1404.72 4069
1222.12 1411.62 4089
1215.15 1411.62 4089
1208.18 1411.62 4089
1201.21 1411.62 4089
1163.5 1408.17 4079
1159.39 1411.62 4089
1152.42 1411.62 4089
1145.44 1411.62 4089
1138.47 1411.62 4089
1131.5 1411.62 4089
1124.53 1411.62 4089
1117.56 1411.62 4089
1110.59 1411.62 4089
1103.62 1411.62 4089
1091.29 1404.72 4069
1081.68 1401.27 4059
1072.12 1397.82 4049
1065.21 1397.82 4049
1058.31 1397.82 4049
1056.6 1404.72 4069
1054.83 1411.62 4089
1047.85 1411.62 4089
1040.88 1411.62 4089
1033.91 1411.62 4089
1026.94 1411.62 4089
1019.97 1411.62 4089
1013 1411.62 4089
1006.03 1411.62 4089
999.06 1411.62 4089
992.089 1411.62 4089
943.294 1411.62 4089
936.324 1411.62 4089
929.353 1411.62 4089
917.871 1404.72 4069
910.934 1404.72 4069
906.219 1408.17 4079
899.265 1408.17 4079
892.312 1408.17 4079
883.187 1404.72 4069
876.251 1404.72 4069
867.178 1401.27 4059
860.258 1401.27 4059
851.236 1397.82 4049
844.334 1397.82 4049
833.502 1391.26 4030
822.529 1384.35 4010
809.997 1374.69 3982
803.209 1374.69 3982
794.421 1371.23 3972
780.312 1358.46 3935
771.638 1355.01 3925
764.947 1355.01 3925
758.256 1355.01 3925
748.118 1348.79 3907
741.458 1348.79 3907
734.797 1348.79 3907
724.782 1342.58 3889
716.491 1339.47 3880
703.29 1327.04 3844
696.737 1327.04 3844
690.184 1327.04 3844
683.63 1327.04 3844
677.077 1327.04 3844
670.524 1327.04 3844
659.48 1318.07 3818
651.432 1314.96 3809
643.415 1311.85 3800
636.937 1311.85 3800
629.132 1309.09 3792
623.981 1311.85 3800
617.503 1311.85 3800
611.025 1311.85 3800
604.547 1311.85 3800
598.069 1311.85 3800
590.345 1309.09 3792
583.881 1309.09 3792
574.676 1302.88 3774
568.242 1302.88 3774
563.148 1305.99 3783
558.023 1309.09 3792
551.559 1309.09 3792
545.095 1309.09 3792
538.63 1309.09 3792
532.166 1309.09 3792
524.454 1305.99 3783
516.772 1302.88 3774
510.338 1302.88 3774
503.905 1302.88 3774
497.471 1302.88 3774
489.996 1300.12 3766
483.576 1300.12 3766
477.156 1300.12 3766
468.611 1294.25 3749
461.111 1291.14 3740
453.762 1288.38 3732
447.4 1288.38 3732
441.038 1288.38 3732
435.608 1291.14 3740
430.265 1294.25 3749
423.874 1294.25 3749
417.482 1294.25 3749
411.091 1294.25 3749
405.564 1297.01 3757
400.115 1300.12 3766
393.695 1300.12 3766
389.023 1305.99 3783
390.564 1333.26 3862
387.559 1345.69 3898
380.914 1345.69 3898
381.374 1371.23 3972
378.187 1384.35 4010
371.351 1384.35 4010
364.515 1384.35 4010
-6.70122 156.387 453
-7.47347 156.387 453
-8.24572 156.387 453
-8.99807 156.042 452
-9.68217 154.661 448
-10.4459 154.661 448
-11.2096 154.661 448
-11.9733 154.661 448
-12.7371 154.661 448
-29.7698 144.649 419
-30.4841 144.649 419
-31.1984 144.649 419
-31.9127 144.649 419
-32.4712 143.959 417
-33.1821 143.959 417
-33.893 143.959 417
-34.4379 143.268 415
-34.976 142.578 413
-35.6801 142.578 413
-36.3841 142.578 413
-36.9984 142.233 412
-37.6092 141.887 411
-38.2167 141.542 410
-38.9156 141.542 410
-39.4213 140.852 408
-40.0185 140.507 407
-40.6123 140.161 406
-41.2027 139.816 405
-41.8931 139.816 405
-42.4784 139.471 404
-42.9534 138.78 402
-43.6388 138.78 402
-44.3241 138.78 402
-44.7854 138.09 400
-45.4673 138.09 400
-46.0339 137.745 399
-46.7141 137.745 399
-47.3943 137.745 399
-47.954 137.4 398
-48.5103 137.054 397
-49.187 137.054 397
-49.8638 137.054 397
-50.5406 137.054 397
-51.0884 136.709 396
-51.7635 136.709 396
-52.4385 136.709 396
-53.1136 136.709 396
-53.6529 136.364 395
-54.3263 136.364 395
-54.9996 136.364 395
-55.673 136.364 395
-56.3464 136.364 395
-57.0198 136.364 395
-57.6931 136.364 395
-58.3665 136.364 395
-58.8904 136.019 394
-59.7133 136.364 395
-60.3866 136.364 395
-61.06 136.364 395
-61.7334 136.364 395
-62.2488 136.019 394
-62.9204 136.019 394
-63.5921 136.019 394
-64.2638 136.019 394
-64.9354 136.019 394
-65.6071 136.019 394
-66.2788 136.019 394
-67.1204 136.364 395
-67.7938 136.364 395
-68.4671 136.364 395
-69.1405 136.364 395
-69.8139 136.364 395
-70.4873 136.364 395
-71.3408 136.709 396
-72.0159 136.709 396
-72.8745 137.054 397
-73.5513 137.054 397
-74.2281 137.054 397
-74.9049 137.054 397
-75.772 137.4 398
-76.4505 137.4 398
-77.129 137.4 398
-77.8075 137.4 398
-78.6832 137.745 399
-79.3634 137.745 399
-80.0436 137.745 399
-80.9261 138.09 400
-81.608 138.09 400
-82.4956 138.435 401
-83.1792 138.435 401
-83.8628 138.435 401
-84.9681 139.126 403
-85.6551 139.126 403
-86.7706 139.816 405
-87.4611 139.816 405
-88.5868 140.507 407
-89.2806 140.507 407
-90.1955 140.852 408
-91.5594 141.887 411
-92.26 141.887 411
-93.1869 142.233 412
-94.345 142.923 414
-95.2803 143.268 415
-95.9878 143.268 415
-97.1613 143.959 417
-98.5763 144.994 420
-99.2923 144.994 420
-100.485 145.685 422
-101.444 146.03 423
-102.406 146.375 424
-103.129 146.375 424
-103.852 146.375 424
-104.821 146.721 425
-105.546 146.721 425
-106.27 146.721 425
-107.247 147.066 426
-108.226 147.411 427
-108.954 147.411 427
-109.939 147.756 428
-111.186 148.447 430
-112.44 149.137 432
-113.176 149.137 432
-113.912 149.137 432
-114.649 149.137 432
-115.92 149.828 434
-116.659 149.828 434
-117.67 150.173 435
-118.684 150.518 436
-119.427 150.518 436
-120.17 150.518 436
-121.468 151.209 438
-122.215 151.209 438
-122.961 151.209 438
-123.99 151.554 439
-124.739 151.554 439
-125.487 151.554 439
-126.236 151.554 439
-867.704 799.886 2317
-871.654 799.886 2317
-875.604 799.886 2317
-878.415 798.851 2314
-878.547 795.398 2304
-882.475 795.398 2304
-879.093 788.839 2285
-882.988 788.839 2285
-884.555 786.768 2279
-888.44 786.768 2279
-885.277 780.554 2261
-884.019 776.066 2248
-885.482 773.994 2242
-889.304 773.994 2242
-890.736 771.923 2236
-892.147 769.852 2230
-894.743 768.816 2227
-898.54 768.816 2227
-899.905 766.745 2221
-903.691 766.745 2221
-907.478 766.745 2221
-911.264 766.745 2221
-913.814 765.709 2218
-911.804 760.876 2204
-913.068 758.804 2198
-916.815 758.804 2198
-919.306 757.769 2195
-920.525 755.697 2189
-922.99 754.662 2186
-926.716 754.662 2186
-930.443 754.662 2186
-932.033 752.936 2181
-934.464 751.9 2178
-938.177 751.9 2178
-940.592 750.864 2175
-944.3 750.864 2175
-946.7 749.829 2172
-950.403 749.829 2172
-952.788 748.793 2169
-954.281 747.067 2164
-956.642 746.031 2161
-960.326 746.031 2161
-961.333 743.96 2155
-964.111 743.269 2153
-963.736 740.162 2144
-967.391 740.162 2144
-971.046 740.162 2144
-973.792 739.472 2142
-976.074 738.436 2139
-979.721 738.436 2139
-980.609 736.365 2133
-984.245 736.365 2133
-985.565 734.639 2128
-989.193 734.639 2128
-992.821 734.639 2128
-995.044 733.603 2125
-997.256 732.567 2122
-1000.87 732.567 2122
-1004.49 732.567 2122
-1005.73 730.841 2117
-1007.91 729.805 2114
-1011.52 729.805 2114
-1012.72 728.079 2109
-1013.9 726.353 2104
-1016.04 725.318 2101
-1019.62 725.318 2101
-1020.77 723.591 2096
-1021.9 721.865 2091
-1020.07 718.068 2080
-1023.61 718.068 2080
-1024.69 716.342 2075
-1028.23 716.342 2075
-1030.27 715.306 2072
-1033.81 715.306 2072
-1033.83 712.889 2065
-1037.35 712.889 2065
-1038.35 711.163 2060
-1041.87 711.163 2060
-1043.86 710.128 2057
-1040.74 705.64 2044
-1043.21 704.949 2042
-1046.69 704.949 2042
-1041.43 699.081 2025
1369.28 1299.53 3783
1362.83 1299.53 3783
1384.71 1326.67 3862
1378.12 1326.67 3862
1371.54 1326.67 3862
1364.96 1326.67 3862
1364.7 1332.85 3880
1358.09 1332.85 3880
1357.74 1339.04 3898
1357.34 1345.22 3916
1360.32 1354.84 3944
1353.6 1354.84 3944
1346.87 1354.84 3944
1333.69 1348.31 3925
1327 1348.31 3925
1290.04 1317.39 3835
1269.11 1302.62 3792
1262.64 1302.62 3792
1256.18 1302.62 3792
1249.71 1302.62 3792
1243.25 1302.62 3792
1242.33 1308.46 3809
1255.95 1329.76 3871
1249.35 1329.76 3871
1251.42 1339.04 3898
1244.78 1339.04 3898
1240.99 1342.13 3907
1234.33 1342.13 3907
1242.12 1357.93 3953
1244.45 1367.89 3982
1246.36 1377.51 4010
1239.53 1377.51 4010
1241.61 1387.47 4039
1237.78 1390.91 4049
1230.88 1390.91 4049
1223.97 1390.91 4049
1223.08 1397.78 4069
1222.12 1404.65 4089
1215.15 1404.65 4089
1208.18 1404.65 4089
1201.21 1404.65 4089
1194.24 1404.65 4089
1187.27 1404.65 4089
1163.5 1401.21 4079
1159.39 1404.65 4089
1152.42 1404.65 4089
1145.44 1404.65 4089
1138.47 1404.65 4089
1131.5 1404.65 4089
1124.53 1404.65 4089
1117.56 1404.65 4089
1110.59 1404.65 4089
1103.62 1404.65 4089
1096.65 1404.65 4089
1084.35 1397.78 4069
1077.41 1397.78 4069
1070.48 1397.78 4069
1063.54 1397.78 4069
1061.8 1404.65 4089
1054.83 1404.65 4089
1047.85 1404.65 4089
1040.88 1404.65 4089
1033.91 1404.65 4089
1026.94 1404.65 4089
1019.97 1404.65 4089
1013 1404.65 4089
906.219 1401.21 4079
899.265 1401.21 4079
892.312 1401.21 4079
883.187 1397.78 4069
880.558 1404.65 4089
873.587 1404.65 4089
866.616 1404.65 4089
853.339 1394.34 4059
846.419 1394.34 4059
837.431 1390.91 4049
826.631 1384.38 4030
815.693 1377.51 4010
808.857 1377.51 4010
796.421 1367.89 3982
787.65 1364.46 3972
773.604 1351.75 3935
766.896 1351.75 3935
758.256 1348.31 3925
748.118 1342.13 3907
741.458 1342.13 3907
734.797 1342.13 3907
724.782 1335.94 3889
716.491 1332.85 3880
703.29 1320.49 3844
696.737 1320.49 3844
690.184 1320.49 3844
683.63 1320.49 3844
677.077 1320.49 3844
670.524 1320.49 3844
659.48 1311.55 3818
651.432 1308.46 3809
643.415 1305.37 3800
636.937 1305.37 3800
629.132 1302.62 3792
623.981 1305.37 3800
617.503 1305.37 3800
611.025 1305.37 3800
604.547 1305.37 3800
598.069 1305.37 3800
590.345 1302.62 3792
583.881 1302.62 3792
576.046 1299.53 3783
569.597 1299.53 3783
564.488 1302.62 3792
558.023 1302.62 3792
551.559 1302.62 3792
545.095 1302.62 3792
538.63 1302.62 3792
532.166 1302.62 3792
525.701 1302.62 3792
518.005 1299.53 3783
511.555 1299.53 3783
505.106 1299.53 3783
498.657 1299.53 3783
491.037 1296.44 3774
483.576 1293.69 3766
477.156 1293.69 3766
470.736 1293.69 3766
462.22 1287.85 3749
454.735 1284.76 3740
448.359 1284.76 3740
441.983 1284.76 3740
435.608 1284.76 3740
430.265 1287.85 3749
423.874 1287.85 3749
417.482 1287.85 3749
411.091 1287.85 3749
406.535 1293.69 3766
401.921 1299.53 3783
395.472 1299.53 3783
393.445 1314.3 3826
389.653 1323.58 3853
388.454 1342.13 3907
381.793 1342.13 3907
377.821 1351.75 3935
374.603 1364.46 3972
367.832 1364.46 3972
361.06 1364.46 3972
-6.70122 155.614 453
-7.47347 155.614 453
-8.24572 155.614 453
-8.99807 155.271 452
-9.68217 153.896 448
-10.4459 153.896 448
-11.2096 153.896 448
-11.9733 153.896 448
-12.7371 153.896 448
-13.4707 153.553 447
-31.7603 143.247 417
-32.4712 143.247 417
-33.1821 143.247 417
-33.893 143.247 417
-34.4379 142.56 415
-34.976 141.873 413
-35.6801 141.873 413
-36.3841 141.873 413
-36.9984 141.53 412
-37.5177 140.843 410
-38.2167 140.843 410
-38.9156 140.843 410
-39.4213 140.156 408
-40.0185 139.812 407
-40.6123 139.469 406
-41.2027 139.125 405
-41.8931 139.125 405
-42.3733 138.438 403
-42.9534 138.095 402
-43.5302 137.751 401
-44.2138 137.751 401
-44.7854 137.408 400
-45.4673 137.408 400
-46.0339 137.064 399
-46.7141 137.064 399
-47.3943 137.064 399
-47.954 136.72 398
-48.5103 136.377 397
-49.187 136.377 397
-49.8638 136.377 397
-50.5406 136.377 397
-51.0884 136.033 396
-51.7635 136.033 396
-52.4385 136.033 396
-53.1136 136.033 396
-53.6529 135.69 395
-54.3263 135.69 395
-54.9996 135.69 395
-55.673 135.69 395
-56.3464 135.69 395
-57.0198 135.69 395
-57.6931 135.69 395
-58.3665 135.69 395
-58.8904 135.346 394
-59.7133 135.69 395
-60.3866 135.69 395
-61.06 135.69 395
-61.7334 135.69 395
-62.2488 135.346 394
-62.9204 135.346 394
-63.5921 135.346 394
-64.2638 135.346 394
-64.9354 135.346 394
-65.6071 135.346 394
-66.2788 135.346 394
-67.1204 135.69 395
-67.7938 135.69 395
-68.4671 135.69 395
-69.1405 135.69 395
-69.8139 135.69 395
-70.4873 135.69 395
-71.3408 136.033 396
-72.0159 136.033 396
-72.8745 136.377 397
-73.5513 136.377 397
-74.2281 136.377 397
-74.9049 136.377 397
-75.772 136.72 398
-76.4505 136.72 398
-77.129 136.72 398
-78.003 137.064 399
-78.6832 137.064 399
-79.3634 137.064 399
-80.0436 137.064 399
-80.9261 137.408 400
-81.608 137.408 400
-82.4956 137.751 401
-83.1792 137.751 401
-83.8628 137.751 401
-85.1789 138.782 404
-85.8677 138.782 404
-86.7706 139.125 405
-87.677 139.469 406
-88.5868 139.812 407
-89.2806 139.812 407
-90.4166 140.499 409
-91.5594 141.186 411
-92.26 141.186 411
-93.1869 141.53 412
-94.345 142.217 414
-95.7395 143.247 417
-96.4504 143.247 417
-97.1613 143.247 417
-98.811 144.621 421
-99.5287 144.621 421
-100.485 144.965 422
-101.444 145.308 423
-102.406 145.652 424
-103.129 145.652 424
-104.097 145.995 425
-105.068 146.339 426
-105.794 146.339 426
-106.521 146.339 426
-107.498 146.683 427
-108.48 147.026 428
-109.21 147.026 428
-110.196 147.37 429
-111.703 148.4 432
-112.44 148.4 432
-113.176 148.4 432
-113.912 148.4 432
-114.914 148.744 433
-115.92 149.087 434
-116.928 149.431 435
-117.94 149.774 436
-118.956 150.118 437
-119.701 150.118 437
-120.446 150.118 437
-121.468 150.461 438
-122.494 150.805 439
-123.242 150.805 439
-124.273 151.148 440
-125.023 151.148 440
-125.773 151.148 440
-126.523 151.148 440
-867.704 795.933 2317
-871.654 795.933 2317
-875.604 795.933 2317
-879.554 795.933 2317
-878.547 791.467 2304
-882.475 791.467 2304
-879.093 784.941 2285
-882.988 784.941 2285
-884.555 782.879 2279
-888.44 782.879 2279
-885.277 776.696 2261
-884.019 772.23 2248
-885.482 770.169 2242
-889.304 770.169 2242
-890.736 768.108 2236
-892.147 766.047 2230
-893.538 763.986 2224
-897.329 763.986 2224
-899.905 762.955 2221
-902.471 761.925 2218
-906.252 761.925 2218
-910.033 761.925 2218
-913.814 761.925 2218
-911.804 757.115 2204
-913.068 755.054 2198
-916.815 755.054 2198
-919.306 754.024 2195
-920.525 751.963 2189
-922.99 750.932 2186
-926.716 750.932 2186
-930.443 750.932 2186
-930.751 748.184 2178
-934.464 748.184 2178
-938.177 748.184 2178
-940.592 747.153 2175
-944.3 747.153 2175
-946.7 746.123 2172
-950.403 746.123 2172
-952.788 745.092 2169
-954.281 743.375 2164
-956.642 742.344 2161
-960.326 742.344 2161
-960.441 739.596 2153
-961.424 737.535 2147
-963.736 736.504 2144
-967.391 736.504 2144
-970.14 735.817 2142
-972.428 734.787 2139
-973.336 732.726 2133
-976.972 732.726 2133
-980.609 732.726 2133
-981.938 731.008 2128
-985.565 731.008 2128
-989.193 731.008 2128
-990.021 728.947 2122
-993.639 728.947 2122
-996.317 728.26 2120
-999.931 728.26 2120
-1000.7 726.199 2114
-1004.31 726.199 2114
-1005.53 724.481 2109
-1009.12 724.481 2109
-1010.32 722.764 2104
-1012.46 721.733 2101
-1014.59 720.703 2098
-1018.17 720.703 2098
-1018.33 718.298 2091
-1021.9 718.298 2091
-1020.07 714.519 2080
-1023.61 714.519 2080
-1023.21 711.771 2072
-1025.75 711.084 2070
-1026.79 709.366 2065
-1030.31 709.366 2065
-1032.33 708.336 2062
-1034.84 707.649 2060
-1034.32 704.901 2052
-1037.82 704.901 2052
-1039.8 703.87 2049
-1040.74 702.153 2044
-1040.65 699.748 2037
-1044.12 699.748 2037
-1041.43 695.626 2025
1359.59 1290 3774
1353.16 1290 3774
1346.72 1290 3774
1340.29 1290 3774
1340.22 1296.15 3792
1336.57 1298.89 3800
1330.09 1298.89 3800
1335.8 1310.85 3835
1354.22 1335.46 3907
1350.66 1338.54 3916
1343.99 1338.54 3916
1337.31 1338.54 3916
1327.58 1335.46 3907
1320.92 1335.46 3907
1275.57 1296.15 3792
1260.41 1287.27 3766
1253.99 1287.27 3766
1247.57 1287.27 3766
1238.18 1284.19 3757
1231.78 1284.19 3757
1228.31 1287.27 3766
1232.92 1298.89 3800
1226.44 1298.89 3800
1236.98 1317 3853
1233.28 1320.08 3862
1229.56 1323.16 3871
1222.96 1323.16 3871
1239.3 1348.11 3944
1244.45 1361.1 3982
1246.36 1370.67 4010
1239.53 1370.67 4010
1241.61 1380.58 4039
1237.78 1384 4049
1230.88 1384 4049
1223.97 1384 4049
1223.08 1390.84 4069
1222.12 1397.67 4089
1215.15 1397.67 4089
1208.18 1397.67 4089
1201.21 1397.67 4089
1194.24 1397.67 4089
1187.27 1397.67 4089
1159.39 1397.67 4089
1152.42 1397.67 4089
1145.44 1397.67 4089
1138.47 1397.67 4089
1131.5 1397.67 4089
1124.53 1397.67 4089
1117.56 1397.67 4089
1110.59 1397.67 4089
1103.62 1397.67 4089
1096.65 1397.67 4089
1089.68 1397.67 4089
1082.71 1397.67 4089
1075.74 1397.67 4089
1068.77 1397.67 4089
1061.8 1397.67 4089
1054.83 1397.67 4089
1047.85 1397.67 4089
1040.88 1397.67 4089
1033.91 1397.67 4089
1026.94 1397.67 4089
1019.97 1397.67 4089
1013 1397.67 4089
880.558 1397.67 4089
873.587 1397.67 4089
866.616 1397.67 4089
859.646 1397.67 4089
852.675 1397.67 4089
839.5 1387.42 4059
830.529 1384 4049
819.761 1377.51 4030
812.891 1377.51 4030
802.021 1370.67 4010
789.633 1361.1 3982
782.844 1361.1 3982
776.056 1361.1 3982
760.188 1345.03 3935
753.48 1345.03 3935
746.772 1345.03 3935
740.063 1345.03 3935
731.491 1341.61 3925
724.8 1341.61 3925
709.876 1326.23 3880
703.262 1326.23 3880
696.647 1326.23 3880
688.432 1323.16 3871
681.833 1323.16 3871
675.234 1323.16 3871
663.971 1313.93 3844
654.34 1307.78 3826
647.817 1307.78 3826
641.295 1307.78 3826
633.445 1305.04 3818
626.937 1305.04 3818
618.965 1301.96 3809
612.472 1301.96 3809
605.979 1301.96 3809
599.485 1301.96 3809
591.591 1298.89 3800
585.113 1298.89 3800
577.417 1296.15 3792
569.597 1293.08 3783
564.488 1296.15 3792
558.023 1296.15 3792
551.559 1296.15 3792
545.095 1296.15 3792
538.63 1296.15 3792
532.166 1296.15 3792
525.701 1296.15 3792
518.005 1293.08 3783
511.555 1293.08 3783
505.106 1293.08 3783
498.657 1293.08 3783
491.037 1290 3774
483.576 1287.27 3766
477.156 1287.27 3766
470.736 1287.27 3766
462.22 1281.46 3749
454.735 1278.38 3740
448.359 1278.38 3740
441.983 1278.38 3740
435.608 1278.38 3740
430.265 1281.46 3749
427.718 1293.08 3783
421.269 1293.08 3783
415.806 1296.15 3792
411.177 1301.96 3809
404.684 1301.96 3809
398.19 1301.96 3809
393.445 1307.78 3826
389.653 1317 3853
388.454 1335.46 3907
381.793 1335.46 3907
377.821 1345.03 3935
374.603 1357.68 3972
367.832 1357.68 3972
361.06 1357.68 3972
-5.15672 154.841 453
-5.92897 154.841 453
-6.70122 154.841 453
-7.47347 154.841 453
-8.24572 154.841 453
-8.99807 154.499 452
-9.68217 153.132 448
-10.4459 153.132 448
-11.2096 153.132 448
-11.9733 153.132 448
-12.7371 153.132 448
-13.4707 152.79 447
-31.7603 142.536 417
-32.4712 142.536 417
-33.1821 142.536 417
-33.893 142.536 417
-34.4379 141.852 415
-34.976 141.169 413
-35.6801 141.169 413
-36.3841 141.169 413
-36.9984 140.827 412
-37.5177 140.143 410
-38.2167 140.143 410
-38.9156 140.143 410
-39.4213 139.46 408
-40.0185 139.118 407
-40.6123 138.776 406
-41.3045 138.776 406
-41.8931 138.434 405
-42.3733 137.751 403
-42.9534 137.409 402
-43.5302 137.067 401
-44.2138 137.067 401
-44.7854 136.725 400
-45.4673 136.725 400
-46.0339 136.383 399
-46.7141 136.383 399
-47.3943 136.383 399
-47.954 136.041 398
-48.5103 135.7 397
-49.187 135.7 397
-49.8638 135.7 397
-50.5406 135.7 397
-51.0884 135.358 396
-51.7635 135.358 396
-52.4385 135.358 396
-53.1136 135.358 396
-53.6529 135.016 395
-54.3263 135.016 395
-54.9996 135.016 395
-55.673 135.016 395
-56.3464 135.016 395
-57.0198 135.016 395
-57.6931 135.016 395
-58.3665 135.016 395
-58.8904 134.674 394
-59.5621 134.674 394
-60.2338 134.674 394
-60.9054 134.674 394
-61.5771 134.674 394
-62.2488 134.674 394
-62.9204 134.674 394
-63.5921 134.674 394
-64.2638 134.674 394
-64.9354 134.674 394
-65.6071 134.674 394
-66.2788 134.674 394
-67.1204 135.016 395
-67.7938 135.016 395
-68.4671 135.016 395
-69.1405 135.016 395
-69.8139 135.016 395
-70.4873 135.016 395
-71.1606 135.016 395
-72.0159 135.358 396
-72.8745 135.7 397
-73.5513 135.7 397
-74.2281 135.7 397
-74.9049 135.7 397
-75.772 136.041 398
-76.4505 136.041 398
-77.129 136.041 398
-78.003 136.383 399
-78.6832 136.383 399
-79.3634 136.383 399
-80.0436 136.383 399
-80.9261 136.725 400
-81.608 136.725 400
-82.4956 137.067 401
-83.1792 137.067 401
-83.8628 137.067 401
-85.1789 138.092 404
-85.8677 138.092 404
-86.7706 138.434 405
-87.677 138.776 406
-88.5868 139.118 407
-89.2806 139.118 407
-90.4166 139.801 409
-91.5594 140.485 411
-92.26 140.485 411
-93.1869 140.827 412
-94.345 141.51 414
-95.7395 142.536 417
-96.4504 142.536 417
-97.3943 142.878 418
-98.811 143.903 421
-99.5287 143.903 421
-100.723 144.587 423
-101.684 144.929 424
-102.648 145.27 425
-103.372 145.27 425
-104.342 145.612 426
-105.068 145.612 426
-105.794 145.612 426
-106.771 145.954 427
-107.75 146.296 428
-108.733 146.638 429
-109.465 146.638 429
-110.71 147.321 431
-111.703 147.663 432
-112.7 148.005 433
-113.438 148.005 433
-114.176 148.005 433
-114.914 148.005 433
-115.92 148.347 434
-117.197 149.03 436
-117.94 149.03 436
-118.956 149.372 437
-119.701 149.372 437
-120.721 149.714 438
-121.745 150.056 439
-122.773 150.398 440
-123.523 150.398 440
-124.273 150.398 440
-125.023 150.398 440
-125.773 150.398 440
-126.523 150.398 440
-867.704 791.98 2317
-871.654 791.98 2317
-875.604 791.98 2317
-879.554 791.98 2317
-878.547 787.536 2304
-882.475 787.536 2304
-879.093 781.042 2285
-882.988 781.042 2285
-884.555 778.991 2279
-888.44 778.991 2279
-883.711 771.471 2257
-882.839 767.37 2245
-883.112 764.293 2236
-886.924 764.293 2236
-889.541 763.268 2233
-890.947 761.217 2227
-893.538 760.191 2224
-897.329 760.191 2224
-899.905 759.166 2221
-902.471 758.141 2218
-906.252 758.141 2218
-910.033 758.141 2218
-913.814 758.141 2218
-911.804 753.355 2204
-913.068 751.304 2198
-916.815 751.304 2198
-919.306 750.279 2195
-920.525 748.228 2189
-922.99 747.203 2186
-926.716 747.203 2186
-930.443 747.203 2186
-930.751 744.468 2178
-934.464 744.468 2178
-938.177 744.468 2178
-940.592 743.443 2175
-944.3 743.443 2175
-946.7 742.417 2172
-950.403 742.417 2172
-952.788 741.392 2169
-954.281 739.683 2164
-953.1 735.923 2153
-956.77 735.923 2153
-959.102 734.897 2150
-960.081 732.846 2144
-962.837 732.163 2142
-966.488 732.163 2142
-968.781 731.137 2139
-969.7 729.087 2133
-973.336 729.087 2133
-976.972 729.087 2133
-978.31 727.377 2128
-980.553 726.352 2125
-982.787 725.327 2122
-986.404 725.327 2122
-990.021 725.327 2122
-991.298 723.618 2117
-993.497 722.592 2114
-997.101 722.592 2114
-1000.7 722.592 2114
-1001.93 720.883 2109
-1005.53 720.883 2109
-1009.12 720.883 2109
-1008.88 718.148 2101
-1012.46 718.148 2101
-1014.59 717.123 2098
-1018.17 717.123 2098
-1018.33 714.73 2091
-1021.9 714.73 2091
-1020.07 710.97 2080
-1023.61 710.97 2080
-1023.21 708.236 2072
-1024.26 706.527 2067
-1026.79 705.843 2065
-1030.31 705.843 2065
-1032.33 704.818 2062
-1033.34 703.109 2057
-1034.32 701.4 2052
-1037.82 701.4 2052
-1039.8 700.374 2049
-1040.74 698.665 2044
-1040.65 696.273 2037
-1044.12 696.273 2037
-1039.88 691.145 2022
1338.69 1263.84 3716
1338.1 1269.28 3732
1331.73 1269.28 3732
1340.29 1283.56 3774
1333.85 1283.56 3774
1336.57 1292.41 3800
1330.09 1292.41 3800
1323.61 1292.41 3800
1257.39 1277.78 3757
1250.99 1277.78 3757
1244.58 1277.78 3757
1232.58 1272 3740
1226.2 1272 3740
1219.83 1272 3740
1221.89 1280.84 3766
1215.47 1280.84 3766
1217.39 1289.68 3792
1213.48 1292.41 3800
1209.86 1295.47 3809
1203.37 1295.47 3809
1196.88 1295.47 3809
1232.57 1341.38 3944
1237.66 1354.3 3982
1230.87 1354.3 3982
1229.92 1360.77 4001
1234.72 1373.69 4039
1230.88 1377.09 4049
1223.97 1377.09 4049
1217.07 1377.09 4049
1216.15 1383.89 4069
1209.21 1383.89 4069
1202.27 1383.89 4069
1201.21 1390.7 4089
1194.24 1390.7 4089
1187.27 1390.7 4089
1177.41 1387.29 4079
1159.39 1390.7 4089
1152.42 1390.7 4089
1145.44 1390.7 4089
1138.47 1390.7 4089
1131.5 1390.7 4089
1124.53 1390.7 4089
1117.56 1390.7 4089
1110.59 1390.7 4089
1103.62 1390.7 4089
1096.65 1390.7 4089
1089.68 1390.7 4089
1082.71 1390.7 4089
1075.74 1390.7 4089
1068.77 1390.7 4089
1061.8 1390.7 4089
1054.83 1390.7 4089
1047.85 1390.7 4089
880.558 1390.7 4089
873.587 1390.7 4089
866.616 1390.7 4089
859.646 1390.7 4089
852.675 1390.7 4089
841.568 1383.89 4069
832.58 1380.49 4059
821.592 1373.69 4039
814.707 1373.69 4039
806.021 1370.63 4030
795.185 1363.83 4010
788.349 1363.83 4010
781.513 1363.83 4010
771.006 1357.37 3991
766.117 1360.77 4001
759.297 1360.77 4001
752.476 1360.77 4001
742.114 1354.3 3982
733.479 1350.9 3972
725.062 1347.84 3963
718.306 1347.84 3963
708.138 1341.38 3944
698.036 1334.92 3925
691.345 1334.92 3925
684.654 1334.92 3925
674.853 1328.8 3907
666.654 1325.74 3898
658.485 1322.67 3889
651.855 1322.67 3889
640.745 1313.49 3862
634.162 1313.49 3862
624.653 1307.37 3844
618.1 1307.37 3844
610.115 1304.31 3835
603.577 1304.31 3835
592.992 1295.47 3809
586.499 1295.47 3809
578.635 1292.41 3800
570.952 1289.68 3792
565.679 1292.41 3800
559.201 1292.41 3800
552.723 1292.41 3800
546.245 1292.41 3800
539.766 1292.41 3800
533.288 1292.41 3800
525.701 1289.68 3792
519.237 1289.68 3792
513.854 1292.41 3800
507.376 1292.41 3800
500.898 1292.41 3800
494.42 1292.41 3800
485.759 1286.62 3783
479.31 1286.62 3783
471.736 1283.56 3774
463.206 1277.78 3757
456.802 1277.78 3757
451.476 1280.84 3766
445.056 1280.84 3766
439.568 1283.56 3774
434.167 1286.62 3783
427.718 1286.62 3783
421.269 1286.62 3783
415.806 1289.68 3792
411.177 1295.47 3809
404.684 1295.47 3809
398.19 1295.47 3809
393.445 1301.25 3826
389.653 1310.43 3853
388.454 1328.8 3907
381.793 1328.8 3907
376.861 1334.92 3925
371.113 1338.32 3935
364.405 1338.32 3935
357.697 1338.32 3935
-5.15672 154.068 453
-5.92897 154.068 453
-6.70122 154.068 453
-7.47347 154.068 453
-8.24572 154.068 453
-8.99807 153.728 452
-9.68217 152.368 448
-10.4459 152.368 448
-11.2096 152.368 448
-11.9733 152.368 448
-12.7371 152.368 448
-13.4707 152.028 447
-14.2008 151.688 446
-14.9612 151.688 446
-31.7603 141.824 417
-32.4712 141.824 417
-33.1821 141.824 417
-33.893 141.824 417
-34.4379 141.144 415
-34.976 140.464 413
-35.6801 140.464 413
-36.3841 140.464 413
-36.9984 140.124 412
-37.5177 139.444 410
-38.2167 139.444 410
-38.9156 139.444 410
-39.4213 138.764 408
-39.9202 138.083 406
-40.6123 138.083 406
-41.3045 138.083 406
-41.8931 137.743 405
-42.3733 137.063 403
-42.9534 136.723 402
-43.5302 136.383 401
-44.2138 136.383 401
-44.7854 136.043 400
-45.4673 136.043 400
-46.0339 135.703 399
-46.7141 135.703 399
-47.3943 135.703 399
-47.954 135.362 398
-48.5103 135.022 397
-49.187 135.022 397
-49.8638 135.022 397
-50.5406 135.022 397
-51.0884 134.682 396
-51.7635 134.682 396
-52.4385 134.682 396
-53.1136 134.682 396
-53.6529 134.342 395
-54.3263 134.342 395
-54.9996 134.342 395
-55.673 134.342 395
-56.3464 134.342 395
-57.0198 134.342 395
-57.6931 134.342 395
-58.3665 134.342 395
-58.8904 134.002 394
-59.5621 134.002 394
-60.2338 134.002 394
-60.9054 134.002 394
-61.5771 134.002 394
-62.2488 134.002 394
-62.9204 134.002 394
-63.5921 134.002 394
-64.2638 134.002 394
-64.9354 134.002 394
-65.6071 134.002 394
-66.2788 134.002 394
-66.9505 134.002 394
-67.7938 134.342 395
-68.4671 134.342 395
-69.1405 134.342 395
-69.8139 134.342 395
-70.4873 134.342 395
-71.1606 134.342 395
-72.0159 134.682 396
-72.8745 135.022 397
-73.5513 135.022 397
-74.2281 135.022 397
-75.0935 135.362 398
-75.772 135.362 398
-76.6426 135.703 399
-77.3228 135.703 399
-78.003 135.703 399
-78.6832 135.703 399
-79.5623 136.043 400
-80.2442 136.043 400
-80.9261 136.043 400
-81.608 136.043 400
-82.4956 136.383 401
-83.1792 136.383 401
-84.072 136.723 402
-85.1789 137.403 404
-85.8677 137.403 404
-86.7706 137.743 405
-87.677 138.083 406
-88.8045 138.764 408
-89.5 138.764 408
-90.6377 139.444 410
-91.7822 140.124 412
-92.4845 140.124 412
-93.1869 140.124 412
-94.5729 141.144 415
-95.7395 141.824 417
-96.4504 141.824 417
-97.3943 142.165 418
-98.811 143.185 421
-99.5287 143.185 421
-100.723 143.865 423
-101.684 144.205 424
-102.648 144.545 425
-103.372 144.545 425
-104.342 144.885 426
-105.068 144.885 426
-105.794 144.885 426
-106.771 145.226 427
-107.75 145.566 428
-108.733 145.906 429
-109.465 145.906 429
-110.71 146.586 431
-111.703 146.926 432
-112.7 147.266 433
-113.438 147.266 433
-114.176 147.266 433
-114.914 147.266 433
-115.652 147.266 433
-117.197 148.286 436
-117.94 148.286 436
-119.228 148.967 438
-119.975 148.967 438
-120.721 148.967 438
-121.745 149.307 439
-122.773 149.647 440
-123.523 149.647 440
-124.273 149.647 440
-125.023 149.647 440
-125.773 149.647 440
-126.523 149.647 440
-867.704 788.027 2317
-871.654 788.027 2317
-875.604 788.027 2317
-879.554 788.027 2317
-878.547 783.606 2304
-882.475 783.606 2304
-879.093 777.144 2285
-882.988 777.144 2285
-884.555 775.103 2279
-888.44 775.103 2279
-883.711 767.621 2257
-881.66 762.519 2242
-881.927 759.458 2233
-885.734 759.458 2233
-887.15 757.417 2227
-889.747 756.397 2224
-889.922 753.336 2215
-893.698 753.336 2215
-897.474 753.336 2215
-902.471 754.357 2218
-906.252 754.357 2218
-910.033 754.357 2218
-911.754 752.656 2213
-910.562 748.575 2201
-911.822 746.534 2195
-915.564 746.534 2195
-918.049 745.514 2192
-920.525 744.493 2189
-922.99 743.473 2186
-926.716 743.473 2186
-929.592 742.793 2184
-930.751 740.752 2178
-933.177 739.732 2175
-936.884 739.732 2175
-939.295 738.712 2172
-942.997 738.712 2172
-945.393 737.691 2169
-949.09 737.691 2169
-951.909 737.011 2167
-952.958 734.97 2161
-953.1 732.25 2153
-956.77 732.25 2153
-959.102 731.229 2150
-960.081 729.189 2144
-962.837 728.508 2142
-966.488 728.508 2142
-968.781 727.488 2139
-969.7 725.447 2133
-973.336 725.447 2133
-976.972 725.447 2133
-978.31 723.747 2128
-980.553 722.727 2125
-982.787 721.706 2122
-986.404 721.706 2122
-990.021 721.706 2122
-991.298 720.006 2117
-993.497 718.985 2114
-997.101 718.985 2114
-1000.7 718.985 2114
-1001.93 717.285 2109
-1005.53 717.285 2109
-1009.12 717.285 2109
-1008.88 714.564 2101
-1012.46 714.564 2101
-1016.04 714.564 2101
-1019.62 714.564 2101
-1018.33 711.163 2091
-1020.43 710.143 2088
-1020.07 707.422 2080
-1023.61 707.422 2080
-1023.21 704.701 2072
-1024.26 703 2067
-1026.79 702.32 2065
-1030.31 702.32 2065
-1032.33 701.3 2062
-1033.34 699.599 2057
-1036.84 699.599 2057
-1040.35 699.599 2057
-1039.8 696.878 2049
-1040.74 695.178 2044
-1041.67 693.477 2039
-1045.15 693.477 2039
-1042.45 689.396 2027
1338.69 1257.5 3716
1338.1 1262.91 3732
1331.73 1262.91 3732
1340.29 1277.12 3774
1333.85 1277.12 3774
1336.57 1285.92 3800
1330.09 1285.92 3800
1323.61 1285.92 3800
1257.39 1271.37 3757
1250.99 1271.37 3757
1244.58 1271.37 3757
1232.58 1265.62 3740
1226.2 1265.62 3740
1219.83 1265.62 3740
1218.97 1271.37 3757
1212.56 1271.37 3757
1209.05 1274.42 3766
1202.63 1274.42 3766
1204.46 1283.21 3792
1198 1283.21 3792
1196.88 1288.97 3809
1215.38 1316.04 3889
1219.94 1328.22 3925
1213.25 1328.22 3925
1224.08 1347.51 3982
1220.05 1350.56 3991
1219.02 1356.99 4010
1212.18 1356.99 4010
1211.36 1363.75 4030
1204.49 1363.75 4030
1200.29 1366.8 4039
1193.41 1366.8 4039
1195.34 1376.95 4069
1191.32 1380.34 4079
1184.37 1380.34 4079
1177.41 1380.34 4079
1103.62 1383.72 4089
1096.65 1383.72 4089
1089.68 1383.72 4089
1082.71 1383.72 4089
1075.74 1383.72 4089
1068.77 1383.72 4089
866.616 1383.72 4089
859.646 1383.72 4089
852.675 1383.72 4089
841.568 1376.95 4069
832.58 1373.57 4059
821.592 1366.8 4039
814.707 1366.8 4039
806.021 1363.75 4030
795.185 1356.99 4010
790.315 1360.37 4020
783.462 1360.37 4020
776.609 1360.37 4020
769.756 1360.37 4020
762.903 1360.37 4020
756.049 1360.37 4020
747.333 1356.99 4010
738.835 1353.94 4001
730.184 1350.56 3991
723.381 1350.56 3991
713.166 1344.13 3972
706.394 1344.13 3972
698.038 1341.08 3963
691.282 1341.08 3963
682.799 1337.7 3953
674.521 1334.65 3944
664.58 1328.22 3925
657.889 1328.22 3925
645.225 1316.04 3889
638.595 1316.04 3889
629.041 1309.95 3871
622.441 1309.95 3871
614.411 1306.9 3862
606.41 1303.86 3853
597.04 1297.77 3835
590.502 1297.77 3835
582.594 1294.72 3826
572.157 1285.92 3800
567.018 1288.97 3809
560.525 1288.97 3809
554.032 1288.97 3809
547.538 1288.97 3809
541.045 1288.97 3809
534.551 1288.97 3809
528.058 1288.97 3809
520.332 1285.92 3800
515.071 1288.97 3809
508.578 1288.97 3809
502.085 1288.97 3809
495.591 1288.97 3809
487.942 1285.92 3800
481.464 1285.92 3800
474.986 1285.92 3800
465.302 1277.12 3774
458.869 1277.12 3774
454.593 1283.21 3792
448.128 1283.21 3792
441.664 1283.21 3792
435.2 1283.21 3792
428.735 1283.21 3792
422.271 1283.21 3792
417.671 1288.97 3809
412.149 1292.01 3818
405.64 1292.01 3818
399.131 1292.01 3818
393.445 1294.72 3826
389.653 1303.86 3853
387.559 1319.09 3898
380.914 1319.09 3898
375.133 1322.13 3907
370.17 1328.22 3925
363.479 1328.22 3925
356.788 1328.22 3925
346.886 1316.04 3889
-5.15672 153.295 453
-5.92897 153.295 453
-6.70122 153.295 453
-7.47347 153.295 453
-8.24572 153.295 453
-8.99807 152.957 452
-9.68217 151.603 448
-10.4459 151.603 448
-11.1846 151.265 447
-11.9466 151.265 447
-12.7086 151.265 447
-13.4707 151.265 447
-14.2008 150.927 446
-14.9612 150.927 446
-15.651 150.25 444
-16.3709 149.911 443
-17.0102 148.896 440
-17.7602 148.896 440
-18.5103 148.896 440
-19.2167 148.558 439
-31.7603 141.113 417
-32.4712 141.113 417
-33.1821 141.113 417
-33.893 141.113 417
-34.4379 140.436 415
-34.976 139.759 413
-35.6801 139.759 413
-36.3841 139.759 413
-36.9984 139.421 412
-37.5177 138.744 410
-38.2167 138.744 410
-38.9156 138.744 410
-39.4213 138.067 408
-39.9202 137.391 406
-40.6123 137.391 406
-41.3045 137.391 406
-41.8931 137.052 405
-42.3733 136.375 403
-42.9534 136.037 402
-43.5302 135.699 401
-44.2138 135.699 401
-44.7854 135.36 400
-45.4673 135.36 400
-46.0339 135.022 399
-46.7141 135.022 399
-47.3943 135.022 399
-47.954 134.683 398
-48.5103 134.345 397
-49.187 134.345 397
-49.8638 134.345 397
-50.5406 134.345 397
-51.0884 134.007 396
-51.7635 134.007 396
-52.4385 134.007 396
-53.1136 134.007 396
-53.6529 133.668 395
-54.3263 133.668 395
-54.9996 133.668 395
-55.673 133.668 395
-56.3464 133.668 395
-57.0198 133.668 395
-57.6931 133.668 395
-58.3665 133.668 395
-59.0399 133.668 395
-59.5621 133.33 394
-60.2338 133.33 394
-60.9054 133.33 394
-61.5771 133.33 394
-62.2488 133.33 394
-62.9204 133.33 394
-63.5921 133.33 394
-64.2638 133.33 394
-64.9354 133.33 394
-65.6071 133.33 394
-66.2788 133.33 394
-66.9505 133.33 394
-67.7938 133.668 395
-68.4671 133.668 395
-69.1405 133.668 395
-69.8139 133.668 395
-70.6657 134.007 396
-71.3408 134.007 396
-72.0159 134.007 396
-72.8745 134.345 397
-73.5513 134.345 397
-74.2281 134.345 397
-75.0935 134.683 398
-75.9624 135.022 399
-76.6426 135.022 399
-77.3228 135.022 399
-78.003 135.022 399
-78.6832 135.022 399
-79.5623 135.36 400
-80.2442 135.36 400
-80.9261 135.36 400
-81.812 135.699 401
-82.4956 135.699 401
-83.3867 136.037 402
-84.072 136.037 402
-85.3898 137.052 405
-86.0802 137.052 405
-86.9849 137.391 406
-87.677 137.391 406
-88.8045 138.067 408
-89.5 138.067 408
-90.6377 138.744 410
-91.7822 139.421 412
-92.4845 139.421 412
-93.1869 139.421 412
-94.5729 140.436 415
-95.7395 141.113 417
-96.4504 141.113 417
-97.3943 141.451 418
-99.0457 142.805 422
-99.7651 142.805 422
-100.961 143.482 424
-101.923 143.82 425
-102.648 143.82 425
-103.372 143.82 425
-104.342 144.159 426
-105.315 144.497 427
-106.043 144.497 427
-106.771 144.497 427
-108.002 145.174 429
-109.24 145.851 431
-109.975 145.851 431
-110.71 145.851 431
-111.962 146.527 433
-112.7 146.527 433
-113.438 146.527 433
-114.176 146.527 433
-115.18 146.866 434
-115.92 146.866 434
-117.197 147.543 436
-118.211 147.881 437
-119.228 148.219 438
-119.975 148.219 438
-120.721 148.219 438
-121.745 148.558 439
-122.773 148.896 440
-123.523 148.896 440
-124.273 148.896 440
-125.023 148.896 440
-125.773 148.896 440
-126.523 148.896 440
-867.704 784.074 2317
-871.654 784.074 2317
-875.604 784.074 2317
-878.415 783.059 2314
-878.547 779.675 2304
-882.475 779.675 2304
-879.093 773.245 2285
-881.829 772.23 2282
-882.226 769.184 2273
-886.101 769.184 2273
-881.362 761.74 2251
-880.48 757.679 2239
-879.557 753.618 2227
-883.354 753.618 2227
-884.76 751.588 2221
-886.146 749.557 2215
-889.119 748.88 2213
-892.891 748.88 2213
-896.664 748.88 2213
-900.436 748.88 2213
-904.209 748.88 2213
-907.982 748.88 2213
-910.518 747.865 2210
-908.08 742.789 2195
-910.576 741.774 2192
-914.313 741.774 2192
-916.793 740.759 2189
-919.263 739.744 2186
-922.145 739.067 2184
-925.868 739.067 2184
-928.315 738.052 2181
-929.469 736.021 2175
-931.889 735.006 2172
-935.592 735.006 2172
-939.295 735.006 2172
-941.695 733.991 2169
-944.521 733.314 2167
-948.215 733.314 2167
-950.591 732.299 2164
-951.635 730.268 2158
-951.772 727.561 2150
-955.437 727.561 2150
-957.764 726.546 2147
-960.081 725.531 2144
-961.488 723.839 2139
-965.135 723.839 2139
-967.422 722.823 2136
-969.7 721.808 2133
-972.424 721.132 2131
-976.056 721.132 2131
-978.31 720.116 2128
-979.169 718.086 2122
-982.787 718.086 2122
-986.404 718.086 2122
-987.689 716.394 2117
-989.893 715.379 2114
-993.497 715.379 2114
-997.101 715.379 2114
-999.758 714.702 2112
-1001.93 713.687 2109
-1005.53 713.687 2109
-1009.12 713.687 2109
-1008.88 710.979 2101
-1012.46 710.979 2101
-1016.04 710.979 2101
-1019.62 710.979 2101
-1018.33 707.595 2091
-1020.43 706.58 2088
-1020.07 703.873 2080
-1023.61 703.873 2080
-1023.21 701.166 2072
-1024.26 699.474 2067
-1026.79 698.797 2065
-1030.31 698.797 2065
-1032.33 697.782 2062
-1034.84 697.105 2060
-1036.84 696.09 2057
-1040.35 696.09 2057
-1039.8 693.383 2049
-1042.27 692.706 2047
-1043.21 691.014 2042
-1046.69 691.014 2042
-1042.45 685.938 2027
1338.69 1251.16 3716
1338.1 1256.54 3732
1331.73 1256.54 3732
1325.37 1256.54 3732
1319.01 1256.54 3732
1312.65 1256.54 3732
1245.33 1259.24 3740
1238.95 1259.24 3740
1232.58 1259.24 3740
1223.58 1256.54 3732
1214.61 1253.85 3724
1218.97 1264.96 3757
1212.56 1264.96 3757
1209.05 1267.99 3766
1202.63 1267.99 3766
1209.86 1282.47 3809
1203.37 1282.47 3809
1207.87 1294.25 3844
1215.38 1309.4 3889
1225.85 1327.92 3944
1219.13 1327.92 3944
1224.08 1340.72 3982
1220.05 1343.75 3991
1219.02 1350.14 4010
1212.18 1350.14 4010
1211.36 1356.88 4030
1204.49 1356.88 4030
1200.29 1359.91 4039
1193.41 1359.91 4039
1195.34 1370.01 4069
1191.32 1373.38 4079
1184.37 1373.38 4079
1177.41 1373.38 4079
866.616 1376.74 4089
859.646 1376.74 4089
852.675 1376.74 4089
841.568 1370.01 4069
832.58 1366.64 4059
825.66 1366.64 4059
818.741 1366.64 4059
811.821 1366.64 4059
799.151 1356.88 4030
790.315 1353.51 4020
783.462 1353.51 4020
776.609 1353.51 4020
769.756 1353.51 4020
762.903 1353.51 4020
756.049 1353.51 4020
747.333 1350.14 4010
738.835 1347.11 4001
730.184 1343.75 3991
723.381 1343.75 3991
713.166 1337.35 3972
706.394 1337.35 3972
698.038 1334.32 3963
691.282 1334.32 3963
682.799 1330.95 3953
674.521 1327.92 3944
664.58 1321.53 3925
657.889 1321.53 3925
645.225 1309.4 3889
638.595 1309.4 3889
629.041 1303.34 3871
622.441 1303.34 3871
614.411 1300.31 3862
606.41 1297.28 3853
598.441 1294.25 3844
591.888 1294.25 3844
585.335 1294.25 3844
578.782 1294.25 3844
573.568 1297.28 3853
567 1297.28 3853
560.432 1297.28 3853
552.569 1294.25 3844
546.016 1294.25 3844
539.463 1294.25 3844
530.415 1288.19 3826
523.893 1288.19 3826
518.587 1291.22 3835
512.049 1291.22 3835
505.512 1291.22 3835
498.974 1291.22 3835
489.098 1282.47 3809
482.604 1282.47 3809
474.986 1279.44 3800
468.508 1279.44 3800
462.03 1279.44 3800
455.552 1279.44 3800
449.074 1279.44 3800
442.596 1279.44 3800
436.118 1279.44 3800
429.64 1279.44 3800
423.162 1279.44 3800
418.657 1285.5 3818
412.149 1285.5 3818
405.64 1285.5 3818
399.131 1285.5 3818
393.445 1288.19 3826
389.653 1297.28 3853
386.664 1309.4 3889
380.035 1309.4 3889
373.405 1309.4 3889
366.775 1309.4 3889
360.145 1309.4 3889
353.515 1309.4 3889
346.886 1309.4 3889
-5.15672 152.523 453
-5.92897 152.523 453
-6.70122 152.523 453
-7.47347 152.523 453
-8.24572 152.523 453
-8.99807 152.186 452
-9.68217 150.839 448
-10.4459 150.839 448
-11.1846 150.502 447
-11.9466 150.502 447
-12.7086 150.502 447
-13.4707 150.502 447
-14.2008 150.166 446
-14.9612 150.166 446
-15.651 149.492 444
-16.3709 149.156 443
-17.0488 148.482 441
-17.8006 148.482 441
-18.5103 148.146 440
-19.2167 147.809 439
-32.8638 139.055 413
-33.5679 139.055 413
-34.2719 139.055 413
-34.976 139.055 413
-35.6801 139.055 413
-36.3841 139.055 413
-36.9984 138.718 412
-37.5177 138.045 410
-38.2167 138.045 410
-38.9156 138.045 410
-39.3247 137.035 407
-39.9202 136.698 406
-40.5123 136.361 405
-41.2027 136.361 405
-41.8931 136.361 405
-42.2681 135.351 402
-42.9534 135.351 402
-43.5302 135.014 401
-44.2138 135.014 401
-44.7854 134.678 400
-45.4673 134.678 400
-46.0339 134.341 399
-46.7141 134.341 399
-47.2755 134.004 398
-47.954 134.004 398
-48.5103 133.668 397
-49.187 133.668 397
-49.8638 133.668 397
-50.5406 133.668 397
-51.0884 133.331 396
-51.7635 133.331 396
-52.4385 133.331 396
-53.1136 133.331 396
-53.6529 132.994 395
-54.3263 132.994 395
-54.9996 132.994 395
-55.673 132.994 395
-56.3464 132.994 395
-57.0198 132.994 395
-57.6931 132.994 395
-58.3665 132.994 395
-59.0399 132.994 395
-59.5621 132.658 394
-60.2338 132.658 394
-60.9054 132.658 394
-61.5771 132.658 394
-62.2488 132.658 394
-62.9204 132.658 394
-63.5921 132.658 394
-64.2638 132.658 394
-64.9354 132.658 394
-65.6071 132.658 394
-66.2788 132.658 394
-66.9505 132.658 394
-67.7938 132.994 395
-68.4671 132.994 395
-69.1405 132.994 395
-69.8139 132.994 395
-70.6657 133.331 396
-71.3408 133.331 396
-72.0159 133.331 396
-72.8745 133.668 397
-73.5513 133.668 397
-74.2281 133.668 397
-75.0935 134.004 398
-75.9624 134.341 399
-76.6426 134.341 399
-77.3228 134.341 399
-78.003 134.341 399
-78.6832 134.341 399
-79.5623 134.678 400
-80.2442 134.678 400
-81.1284 135.014 401
-81.812 135.014 401
-82.4956 135.014 401
-83.3867 135.351 402
-84.072 135.351 402
-85.3898 136.361 405
-86.0802 136.361 405
-86.9849 136.698 406
-87.677 136.698 406
-88.8045 137.371 408
-89.5 137.371 408
-90.6377 138.045 410
-91.7822 138.718 412
-92.4845 138.718 412
-93.1869 138.718 412
-94.5729 139.728 415
-95.7395 140.402 417
-96.4504 140.402 417
-97.6273 141.075 419
-99.0457 142.085 422
-99.7651 142.085 422
-101.199 143.095 425
-101.923 143.095 425
-102.648 143.095 425
-103.616 143.432 426
-104.342 143.432 426
-105.315 143.769 427
-106.043 143.769 427
-107.021 144.105 428
-108.254 144.779 430
-109.24 145.115 431
-109.975 145.115 431
-110.967 145.452 432
-111.962 145.789 433
-112.7 145.789 433
-113.7 146.125 434
-114.44 146.125 434
-115.18 146.125 434
-115.92 146.125 434
-117.466 147.135 437
-118.481 147.472 438
-119.228 147.472 438
-119.975 147.472 438
-120.721 147.472 438
-121.745 147.809 439
-122.773 148.146 440
-123.523 148.146 440
-124.273 148.146 440
-125.023 148.146 440
-125.773 148.146 440
-867.704 780.121 2317
-871.654 780.121 2317
-875.604 780.121 2317
-878.415 779.111 2314
-878.547 775.744 2304
-882.475 775.744 2304
-879.093 769.347 2285
-881.829 768.337 2282
-882.226 765.306 2273
-886.101 765.306 2273
-881.362 757.899 2251
-880.48 753.859 2239
-879.557 749.818 2227
-883.354 749.818 2227
-884.76 747.798 2221
-886.146 745.778 2215
-885.503 742.074 2204
-890.47 743.085 2207
-894.233 743.085 2207
-899.216 744.095 2210
-902.983 744.095 2210
-906.751 744.095 2210
-909.282 743.085 2207
-906.839 738.034 2192
-909.33 737.024 2189
-913.061 737.024 2189
-915.537 736.014 2186
-918.422 735.341 2184
-920.879 734.331 2181
-924.597 734.331 2181
-927.038 733.32 2178
-928.187 731.3 2172
-931.889 731.3 2172
-935.592 731.3 2172
-937.997 730.29 2169
-941.695 730.29 2169
-944.521 729.617 2167
-948.215 729.617 2167
-949.274 727.597 2161
-951.635 726.587 2158
-951.772 723.893 2150
-955.437 723.893 2150
-956.426 721.873 2144
-959.185 721.199 2142
-961.488 720.189 2139
-965.135 720.189 2139
-967.422 719.179 2136
-968.791 717.496 2131
-971.055 716.486 2128
-974.682 716.486 2128
-976.931 715.476 2125
-979.169 714.466 2122
-980.471 712.782 2117
-984.08 712.782 2117
-987.689 712.782 2117
-989.893 711.772 2114
-992.557 711.099 2112
-996.157 711.099 2112
-998.338 710.089 2109
-1001.93 710.089 2109
-1005.53 710.089 2109
-1009.12 710.089 2109
-1008.88 707.395 2101
-1012.46 707.395 2101
-1016.04 707.395 2101
-1019.62 707.395 2101
-1018.33 704.028 2091
-1020.43 703.018 2088
-1020.07 700.324 2080
-1023.61 700.324 2080
-1022.22 696.957 2070
-1024.26 695.947 2067
-1025.3 694.264 2062
-1028.82 694.264 2062
-1032.33 694.264 2062
-1034.84 693.59 2060
-1036.84 692.58 2057
-1040.35 692.58 2057
-1039.8 689.887 2049
-1042.27 689.213 2047
-1043.21 687.53 2042
-1046.69 687.53 2042
-1042.45 682.48 2027
1245.33 1252.86 3740
1238.95 1252.86 3740
1232.58 1252.86 3740
1223.58 1250.18 3732
1203.84 1236.44 3691
1213.45 1252.86 3740
1207.07 1252.86 3740
1206.16 1258.55 3757
1202.63 1261.57 3766
1209.86 1275.97 3809
1203.37 1275.97 3809
1207.87 1287.7 3844
1212.57 1299.75 3880
1225.85 1321.19 3944
1219.13 1321.19 3944
1212.4 1321.19 3944
1214.24 1330.57 3972
1213.24 1336.94 3991
1206.44 1336.94 3991
1205.35 1343.3 4010
1204.49 1350 4030
1197.62 1350 4030
1190.75 1350 4030
1189.46 1356.37 4049
1191.32 1366.42 4079
1184.37 1366.42 4079
1177.41 1366.42 4079
866.616 1369.77 4089
859.646 1369.77 4089
852.675 1369.77 4089
841.568 1363.07 4069
834.631 1363.07 4069
825.66 1359.72 4059
818.741 1359.72 4059
811.821 1359.72 4059
800.936 1353.02 4039
794.05 1353.02 4039
787.165 1353.02 4039
778.541 1350 4030
773.394 1353.02 4039
766.508 1353.02 4039
759.623 1353.02 4039
751.06 1350 4030
744.19 1350 4030
733.661 1343.3 4010
726.825 1343.3 4010
718.373 1340.29 4001
709.773 1336.94 3991
702.97 1336.94 3991
696.166 1336.94 3991
687.808 1333.92 3982
679.309 1330.57 3972
669.321 1324.21 3953
662.582 1324.21 3953
651.198 1314.83 3925
641.551 1308.8 3907
631.966 1302.77 3889
625.336 1302.77 3889
618.706 1302.77 3889
610.66 1299.75 3880
604.045 1299.75 3880
597.431 1299.75 3880
585.335 1287.7 3844
578.782 1287.7 3844
573.568 1290.71 3853
567 1290.71 3853
560.432 1290.71 3853
552.569 1287.7 3844
546.016 1287.7 3844
539.463 1287.7 3844
530.415 1281.67 3826
523.893 1281.67 3826
518.587 1284.68 3835
512.049 1284.68 3835
505.512 1284.68 3835
498.974 1284.68 3835
489.098 1275.97 3809
482.604 1275.97 3809
474.986 1272.96 3800
468.508 1272.96 3800
462.03 1272.96 3800
455.552 1272.96 3800
449.074 1272.96 3800
442.596 1272.96 3800
436.118 1272.96 3800
430.657 1275.97 3809
424.164 1275.97 3809
418.657 1278.99 3818
412.149 1278.99 3818
405.64 1278.99 3818
399.131 1278.99 3818
393.445 1281.67 3826
389.653 1290.71 3853
386.664 1302.77 3889
380.035 1302.77 3889
373.405 1302.77 3889
366.775 1302.77 3889
360.145 1302.77 3889
353.515 1302.77 3889
346.886 1302.77 3889
-7.39098 150.075 448
-8.15471 150.075 448
-8.91844 150.075 448
-9.68217 150.075 448
-10.4459 150.075 448
-11.1846 149.74 447
-11.9466 149.74 447
-12.7086 149.74 447
-13.4405 149.405 446
-14.169 149.07 445
-14.9276 149.07 445
-15.651 148.735 444
-16.3709 148.4 443
-17.0488 147.73 441
-17.8006 147.73 441
-18.5103 147.395 440
-19.2167 147.06 439
-32.8638 138.35 413
-33.5679 138.35 413
-34.2719 138.35 413
-34.976 138.35 413
-35.6801 138.35 413
-36.3841 138.35 413
-36.9984 138.015 412
-37.5177 137.345 410
-38.2167 137.345 410
-38.9156 137.345 410
-39.3247 136.34 407
-39.9202 136.005 406
-40.5123 135.67 405
-41.2027 135.67 405
-41.8931 135.67 405
-42.2681 134.665 402
-42.8466 134.33 401
-43.4216 133.995 400
-44.1035 133.995 400
-44.7854 133.995 400
-45.4673 133.995 400
-46.0339 133.66 399
-46.7141 133.66 399
-47.2755 133.325 398
-47.954 133.325 398
-48.5103 132.99 397
-49.187 132.99 397
-49.8638 132.99 397
-50.5406 132.99 397
-51.0884 132.655 396
-51.7635 132.655 396
-52.4385 132.655 396
-53.1136 132.655 396
-53.6529 132.32 395
-54.3263 132.32 395
-54.9996 132.32 395
-55.673 132.32 395
-56.3464 132.32 395
-57.0198 132.32 395
-57.6931 132.32 395
-58.3665 132.32 395
-59.0399 132.32 395
-59.7133 132.32 395
-60.3866 132.32 395
-61.06 132.32 395
-61.7334 132.32 395
-62.4068 132.32 395
-63.0801 132.32 395
-63.5921 131.985 394
-64.4269 132.32 395
-65.1003 132.32 395
-65.7736 132.32 395
-66.447 132.32 395
-66.9505 131.985 394
-67.7938 132.32 395
-68.4671 132.32 395
-69.1405 132.32 395
-69.8139 132.32 395
-70.6657 132.655 396
-71.3408 132.655 396
-72.0159 132.655 396
-72.8745 132.99 397
-73.5513 132.99 397
-74.2281 132.99 397
-75.0935 133.325 398
-75.9624 133.66 399
-76.6426 133.66 399
-77.3228 133.66 399
-78.003 133.66 399
-78.6832 133.66 399
-79.5623 133.995 400
-80.2442 133.995 400
-81.1284 134.33 401
-81.812 134.33 401
-82.4956 134.33 401
-83.3867 134.665 402
-84.072 134.665 402
-85.3898 135.67 405
-86.0802 135.67 405
-86.9849 136.005 406
-87.677 136.005 406
-88.8045 136.675 408
-89.5 136.675 408
-90.6377 137.345 410
-91.7822 138.015 412
-92.4845 138.015 412
-93.1869 138.015 412
-94.5729 139.02 415
-95.7395 139.69 417
-96.6817 140.025 418
-97.6273 140.36 419
-99.5151 142.035 424
-100.238 142.035 424
-101.437 142.705 426
-102.163 142.705 426
-102.889 142.705 426
-103.616 142.705 426
-104.587 143.04 427
-105.315 143.04 427
-106.043 143.04 427
-107.021 143.375 428
-108.506 144.38 431
-109.24 144.38 431
-109.975 144.38 431
-110.967 144.715 432
-111.962 145.05 433
-112.7 145.05 433
-113.7 145.385 434
-114.44 145.385 434
-115.18 145.385 434
-115.92 145.385 434
-117.735 146.725 438
-118.481 146.725 438
-119.228 146.725 438
-119.975 146.725 438
-120.721 146.725 438
-121.745 147.06 439
-122.773 147.395 440
-123.523 147.395 440
-124.273 147.395 440
-867.704 776.168 2317
-871.654 776.168 2317
-875.604 776.168 2317
-878.415 775.163 2314
-873.971 767.793 2292
-877.878 767.793 2292
-875.63 762.433 2276
-877.192 760.423 2270
-873.687 754.059 2251
-877.524 754.059 2251
-876.663 750.039 2239
-875.761 746.019 2227
-874.818 741.999 2215
-878.594 741.999 2215
-881.573 741.329 2213
-882.946 739.319 2207
-885.503 738.314 2204
-890.47 739.319 2207
-894.233 739.319 2207
-899.216 740.324 2210
-902.983 740.324 2210
-906.751 740.324 2210
-909.282 739.319 2207
-906.839 734.294 2192
-909.33 733.289 2189
-913.061 733.289 2189
-915.537 732.284 2186
-918.422 731.614 2184
-920.879 730.609 2181
-924.597 730.609 2181
-927.038 729.604 2178
-928.187 727.595 2172
-931.889 727.595 2172
-935.592 727.595 2172
-937.997 726.59 2169
-941.695 726.59 2169
-944.521 725.92 2167
-948.215 725.92 2167
-949.274 723.91 2161
-951.635 722.905 2158
-950.444 719.22 2147
-954.104 719.22 2147
-955.534 717.545 2142
-957.842 716.54 2139
-960.14 715.535 2136
-963.781 715.535 2136
-966.064 714.53 2133
-967.427 712.855 2128
-969.686 711.85 2125
-973.308 711.85 2125
-975.552 710.845 2122
-978.246 710.175 2120
-980.471 709.17 2117
-984.08 709.17 2117
-985.356 707.495 2112
-988.956 707.495 2112
-989.737 705.485 2106
-993.327 705.485 2106
-996.918 705.485 2106
-1000.51 705.485 2106
-1003.14 704.815 2104
-1006.73 704.815 2104
-1008.88 703.81 2101
-1012.46 703.81 2101
-1014.59 702.805 2098
-1018.17 702.805 2098
-1018.33 700.461 2091
-1020.43 699.456 2088
-1020.07 696.776 2080
-1023.61 696.776 2080
-1023.21 694.096 2072
-1023.27 691.751 2065
-1025.3 690.746 2062
-1028.82 690.746 2062
-1031.33 690.076 2060
-1034.84 690.076 2060
-1035.83 688.401 2055
-1039.34 688.401 2055
-1039.8 686.391 2049
-1042.27 685.721 2047
-1043.21 684.046 2042
-1046.69 684.046 2042
-1042.45 679.021 2027
1236.3 1243.81 3732
1229.94 1243.81 3732
1223.58 1243.81 3732
1206.16 1252.14 3757
1202.63 1255.14 3766
1212.72 1272.47 3818
1206.21 1272.47 3818
1219.19 1293.14 3880
1232.57 1314.46 3944
1225.85 1314.46 3944
1219.13 1314.46 3944
1221.01 1323.8 3972
1217.3 1327.13 3982
1213.24 1330.13 3991
1206.44 1330.13 3991
1202.64 1333.46 4001
1198.51 1336.46 4010
1191.68 1336.46 4010
1184.84 1336.46 4010
1189.46 1349.46 4049
1185.48 1352.79 4059
1178.56 1352.79 4059
1171.64 1352.79 4059
866.616 1362.79 4089
859.646 1362.79 4089
852.675 1362.79 4089
845.704 1362.79 4089
836.682 1359.46 4079
827.695 1356.13 4069
820.758 1356.13 4069
813.821 1356.13 4069
804.902 1352.79 4059
797.982 1352.79 4059
791.062 1352.79 4059
780.279 1346.13 4039
775.309 1349.46 4049
768.406 1349.46 4049
761.504 1349.46 4049
754.601 1349.46 4049
747.698 1349.46 4049
737.32 1343.13 4030
730.45 1343.13 4030
723.579 1343.13 4030
716.709 1343.13 4030
706.316 1336.46 4010
699.48 1336.46 4010
692.644 1336.46 4010
684.269 1333.46 4001
674.231 1327.13 3982
667.443 1327.13 3982
657.502 1320.8 3963
649.104 1317.46 3953
640.903 1314.46 3944
634.18 1314.46 3944
627.456 1314.46 3944
620.732 1314.46 3944
612.608 1311.47 3935
605.9 1311.47 3935
594.928 1302.13 3907
588.267 1302.13 3907
581.607 1302.13 3907
574.947 1302.13 3907
568.286 1302.13 3907
561.626 1302.13 3907
551.13 1293.14 3880
544.516 1293.14 3880
535.406 1287.14 3862
528.822 1287.14 3862
522.238 1287.14 3862
515.654 1287.14 3862
509.071 1287.14 3862
502.487 1287.14 3862
493.592 1281.14 3844
487.039 1281.14 3844
479.361 1278.14 3835
469.618 1269.47 3809
463.124 1269.47 3809
456.631 1269.47 3809
450.137 1269.47 3809
443.644 1269.47 3809
437.151 1269.47 3809
430.657 1269.47 3809
424.164 1269.47 3809
418.657 1272.47 3818
412.149 1272.47 3818
405.64 1272.47 3818
399.131 1272.47 3818
393.445 1275.14 3826
388.743 1281.14 3844
385.769 1293.14 3880
379.155 1293.14 3880
372.541 1293.14 3880
365.926 1293.14 3880
360.145 1296.13 3889
353.515 1296.13 3889
346.886 1296.13 3889
-8.15471 149.31 448
-8.91844 149.31 448
-9.68217 149.31 448
-10.4459 149.31 448
-11.1846 148.977 447
-11.9466 148.977 447
-12.6802 148.644 446
-13.4104 148.311 445
-14.169 148.311 445
-14.9276 148.311 445
-15.651 147.977 444
-16.3709 147.644 443
-17.0488 146.977 441
-17.8006 146.977 441
-18.5103 146.644 440
-19.2167 146.311 439
-33.5679 137.646 413
-34.2719 137.646 413
-34.976 137.646 413
-35.5937 137.312 412
-36.296 137.312 412
-36.9086 136.979 411
-37.5177 136.646 410
-38.0302 135.979 408
-38.7258 135.979 408
-39.3247 135.646 407
-39.8219 134.979 405
-40.5123 134.979 405
-41.2027 134.979 405
-41.7897 134.646 404
-42.2681 133.979 402
-42.8466 133.646 401
-43.5302 133.646 401
-44.2138 133.646 401
-44.7854 133.313 400
-45.4673 133.313 400
-46.0339 132.98 399
-46.7141 132.98 399
-47.2755 132.646 398
-47.954 132.646 398
-48.5103 132.313 397
-49.187 132.313 397
-49.8638 132.313 397
-50.5406 132.313 397
-51.0884 131.98 396
-51.7635 131.98 396
-52.4385 131.98 396
-53.1136 131.98 396
-53.6529 131.646 395
-54.3263 131.646 395
-54.9996 131.646 395
-55.673 131.646 395
-56.3464 131.646 395
-57.0198 131.646 395
-57.6931 131.646 395
-58.3665 131.646 395
-59.0399 131.646 395
-59.7133 131.646 395
-60.3866 131.646 395
-61.06 131.646 395
-61.7334 131.646 395
-62.4068 131.646 395
-63.0801 131.646 395
-63.7535 131.646 395
-64.4269 131.646 395
-65.1003 131.646 395
-65.7736 131.646 395
-66.447 131.646 395
-67.1204 131.646 395
-67.7938 131.646 395
-68.4671 131.646 395
-69.1405 131.646 395
-69.8139 131.646 395
-70.6657 131.98 396
-71.3408 131.98 396
-72.0159 131.98 396
-72.6909 131.98 396
-73.5513 132.313 397
-74.2281 132.313 397
-75.0935 132.646 398
-75.9624 132.98 399
-76.6426 132.98 399
-77.3228 132.98 399
-78.003 132.98 399
-78.6832 132.98 399
-79.5623 133.313 400
-80.2442 133.313 400
-81.1284 133.646 401
-81.812 133.646 401
-82.4956 133.646 401
-83.3867 133.979 402
-84.072 133.979 402
-85.3898 134.979 405
-86.0802 134.979 405
-86.9849 135.313 406
-87.677 135.313 406
-88.8045 135.979 408
-89.5 135.979 408
-90.6377 136.646 410
-91.7822 137.312 412
-92.4845 137.312 412
-93.1869 137.312 412
-94.8008 138.645 416
-95.5099 138.645 416
-96.6817 139.312 418
-97.6273 139.645 419
-99.5151 141.312 424
-100.238 141.312 424
-101.437 141.978 426
-102.163 141.978 426
-102.889 141.978 426
-103.616 141.978 426
-104.587 142.312 427
-105.315 142.312 427
-106.043 142.312 427
-107.021 142.645 428
-108.506 143.645 431
-109.24 143.645 431
-109.975 143.645 431
-110.967 143.978 432
-111.962 144.311 433
-112.7 144.311 433
-113.7 144.644 434
-114.44 144.644 434
-115.18 144.644 434
-115.92 144.644 434
-117.735 145.978 438
-118.481 145.978 438
-119.228 145.978 438
-119.975 145.978 438
-120.721 145.978 438
-121.745 146.311 439
-122.773 146.644 440
-123.523 146.644 440
-124.273 146.644 440
-872.329 779.88 2340
-876.318 779.88 2340
-880.307 779.88 2340
-880.517 776.548 2330
-878.415 771.215 2314
-882.36 771.215 2314
-879.027 764.883 2295
-874.476 757.55 2273
-872.168 752.218 2257
-873.687 750.218 2251
-877.524 750.218 2251
-871.965 742.219 2227
-871.042 738.22 2215
-872.843 736.554 2210
-876.611 736.554 2210
-876.793 733.554 2201
-880.545 733.554 2201
-883.092 732.554 2198
-886.839 732.554 2198
-890.586 732.554 2198
-896.774 734.554 2204
-900.532 734.554 2204
-904.289 734.554 2204
-905.574 732.554 2198
-905.598 729.555 2189
-908.083 728.555 2186
-911.81 728.555 2186
-913.443 726.888 2181
-917.161 726.888 2181
-919.612 725.889 2178
-923.325 725.889 2178
-925.761 724.889 2175
-928.187 723.889 2172
-930.602 722.889 2169
-934.3 722.889 2169
-937.997 722.889 2169
-941.695 722.889 2169
-944.521 722.223 2167
-948.215 722.223 2167
-947.956 719.223 2158
-950.312 718.223 2155
-950.444 715.557 2147
-954.104 715.557 2147
-955.534 713.891 2142
-957.842 712.891 2139
-960.14 711.891 2136
-963.781 711.891 2136
-966.064 710.891 2133
-967.427 709.224 2128
-969.686 708.225 2125
-973.308 708.225 2125
-975.552 707.225 2122
-978.246 706.558 2120
-980.471 705.558 2117
-984.08 705.558 2117
-985.356 703.892 2112
-988.956 703.892 2112
-989.737 701.892 2106
-993.327 701.892 2106
-996.918 701.892 2106
-1000.51 701.892 2106
-1003.14 701.226 2104
-1006.73 701.226 2104
-1008.88 700.226 2101
-1012.46 700.226 2101
-1014.59 699.226 2098
-1018.17 699.226 2098
-1018.33 696.893 2091
-1020.43 695.893 2088
-1020.07 693.227 2080
-1023.61 693.227 2080
-1023.21 690.561 2072
-1023.27 688.228 2065
-1026.79 688.228 2065
-1030.31 688.228 2065
-1031.33 686.561 2060
-1033.34 685.562 2057
-1035.83 684.895 2055
-1039.34 684.895 2055
-1039.8 682.895 2049
-1042.27 682.229 2047
-1043.21 680.562 2042
-1046.69 680.562 2042
-1042.45 675.563 2027
1236.3 1237.44 3732
1229.94 1237.44 3732
1223.58 1237.44 3732
1212.72 1265.96 3818
1206.21 1265.96 3818
1219.19 1286.52 3880
1232.57 1307.74 3944
1234.55 1317.02 3972
1227.78 1317.02 3972
1221.01 1317.02 3972
1217.3 1320.34 3982
1213.24 1323.32 3991
1206.44 1323.32 3991
1202.64 1326.64 4001
1198.51 1329.62 4010
1191.68 1329.62 4010
1184.84 1329.62 4010
1189.46 1342.55 4049
1185.48 1345.87 4059
1178.56 1345.87 4059
1171.64 1345.87 4059
866.616 1355.81 4089
859.646 1355.81 4089
852.675 1355.81 4089
845.704 1355.81 4089
836.682 1352.5 4079
827.695 1349.18 4069
820.758 1349.18 4069
813.821 1349.18 4069
810.851 1355.81 4089
803.88 1355.81 4089
796.909 1355.81 4089
789.939 1355.81 4089
781.053 1352.5 4079
774.099 1352.5 4079
767.146 1352.5 4079
756.465 1345.87 4059
749.545 1345.87 4059
740.796 1342.55 4049
733.893 1342.55 4049
725.195 1339.24 4039
718.31 1339.24 4039
709.839 1336.25 4030
702.969 1336.25 4030
696.099 1336.25 4030
687.519 1332.94 4020
677.448 1326.64 4001
670.628 1326.64 4001
660.655 1320.34 3982
652.224 1317.02 3972
642.366 1310.72 3953
635.627 1310.72 3953
628.888 1310.72 3953
622.149 1310.72 3953
614.009 1307.74 3944
607.285 1307.74 3944
597.669 1301.44 3925
589.623 1298.45 3916
581.607 1295.47 3907
574.947 1295.47 3907
568.286 1295.47 3907
561.626 1295.47 3907
551.13 1286.52 3880
544.516 1286.52 3880
537.901 1286.52 3880
528.822 1280.55 3862
523.455 1283.53 3871
516.856 1283.53 3871
510.257 1283.53 3871
502.487 1280.55 3862
495.903 1280.55 3862
489.32 1280.55 3862
479.361 1271.59 3835
470.727 1265.96 3818
463.124 1262.97 3809
456.631 1262.97 3809
450.137 1262.97 3809
445.624 1268.61 3826
439.102 1268.61 3826
432.579 1268.61 3826
426.057 1268.61 3826
418.657 1265.96 3818
414.955 1274.58 3844
408.402 1274.58 3844
401.849 1274.58 3844
395.296 1274.58 3844
388.743 1274.58 3844
383.085 1277.56 3853
376.517 1277.56 3853
369.948 1277.56 3853
365.077 1283.53 3871
358.478 1283.53 3871
351.879 1283.53 3871
345.28 1283.53 3871
-8.15471 148.546 448
-8.91844 148.546 448
-9.68217 148.546 448
-10.4459 148.546 448
-11.1846 148.215 447
-11.9466 148.215 447
-12.6802 147.883 446
-13.4104 147.551 445
-14.169 147.551 445
-14.9276 147.551 445
-15.6862 147.551 445
-16.4079 147.22 444
-17.0488 146.225 441
-17.8006 146.225 441
-18.5103 145.893 440
-19.2604 145.893 440
-33.4866 136.609 412
-34.189 136.609 412
-34.8913 136.609 412
-35.5073 136.278 411
-36.2079 136.278 411
-36.8188 135.946 410
-37.4262 135.615 409
-38.0302 135.283 408
-38.7258 135.283 408
-39.3247 134.951 407
-39.8219 134.288 405
-40.5123 134.288 405
-41.2027 134.288 405
-41.7897 133.957 404
-42.2681 133.294 402
-42.8466 132.962 401
-43.5302 132.962 401
-44.2138 132.962 401
-44.7854 132.63 400
-45.4673 132.63 400
-46.0339 132.299 399
-46.7141 132.299 399
-47.2755 131.967 398
-47.954 131.967 398
-48.5103 131.636 397
-49.187 131.636 397
-49.8638 131.636 397
-50.5406 131.636 397
-51.0884 131.304 396
-51.7635 131.304 396
-52.4385 131.304 396
-53.1136 131.304 396
-53.6529 130.973 395
-54.3263 130.973 395
-54.9996 130.973 395
-55.673 130.973 395
-56.3464 130.973 395
-57.0198 130.973 395
-57.6931 130.973 395
-58.3665 130.973 395
-59.0399 130.973 395
-59.7133 130.973 395
-60.3866 130.973 395
-61.06 130.973 395
-61.7334 130.973 395
-62.4068 130.973 395
-63.0801 130.973 395
-63.7535 130.973 395
-64.4269 130.973 395
-65.1003 130.973 395
-65.7736 130.973 395
-66.447 130.973 395
-67.1204 130.973 395
-67.7938 130.973 395
-68.4671 130.973 395
-69.1405 130.973 395
-69.9906 131.304 396
-70.6657 131.304 396
-71.3408 131.304 396
-72.0159 131.304 396
-72.8745 131.636 397
-73.5513 131.636 397
-74.2281 131.636 397
-75.0935 131.967 398
-75.9624 132.299 399
-76.6426 132.299 399
-77.3228 132.299 399
-78.003 132.299 399
-78.8804 132.63 400
-79.5623 132.63 400
-80.2442 132.63 400
-81.1284 132.962 401
-82.016 133.294 402
-82.7013 133.294 402
-83.3867 133.294 402
-84.4902 133.957 404
-85.3898 134.288 405
-86.0802 134.288 405
-86.9849 134.62 406
-87.677 134.62 406
-88.8045 135.283 408
-89.5 135.283 408
-90.6377 135.946 410
-91.7822 136.609 412
-92.4845 136.609 412
-93.1869 136.609 412
-94.8008 137.936 416
-95.5099 137.936 416
-96.913 138.93 419
-97.8603 139.262 420
-99.5151 140.588 424
-100.711 141.251 426
-101.437 141.251 426
-102.163 141.251 426
-102.889 141.251 426
-103.616 141.251 426
-104.587 141.583 427
-105.561 141.915 428
-106.291 141.915 428
-107.021 141.915 428
-108.506 142.909 431
-109.24 142.909 431
-109.975 142.909 431
-110.967 143.241 432
-111.962 143.572 433
-112.7 143.572 433
-113.7 143.904 434
-114.44 143.904 434
-115.18 143.904 434
-115.92 143.904 434
-117.735 145.23 438
-118.481 145.23 438
-119.228 145.23 438
-119.975 145.23 438
-120.721 145.23 438
-121.468 145.23 438
-122.215 145.23 438
-860.361 775.888 2340
-864.35 775.888 2340
-868.34 775.888 2340
-872.329 775.888 2340
-876.318 775.888 2340
-880.307 775.888 2340
-880.517 772.572 2330
-879.554 768.262 2317
-883.504 768.262 2317
-881.326 762.957 2301
-874.476 753.672 2273
-871.009 747.372 2254
-873.687 746.378 2251
-877.524 746.378 2251
-868.441 735.436 2218
-870.256 733.778 2213
-868.104 728.804 2198
-871.851 728.804 2198
-875.598 728.804 2198
-879.345 728.804 2198
-883.092 728.804 2198
-886.839 728.804 2198
-890.586 728.804 2198
-894.333 728.804 2198
-898.08 728.804 2198
-901.827 728.804 2198
-903.102 726.815 2192
-904.357 724.825 2186
-906.006 723.167 2181
-909.724 723.167 2181
-913.443 723.167 2181
-915.899 722.173 2178
-918.345 721.178 2175
-922.053 721.178 2175
-924.484 720.183 2172
-926.905 719.189 2169
-930.602 719.189 2169
-934.3 719.189 2169
-937.997 719.189 2169
-940.827 718.525 2167
-943.213 717.531 2164
-946.902 717.531 2164
-947.956 715.541 2158
-949.43 713.883 2153
-950.444 711.894 2147
-954.104 711.894 2147
-955.534 710.236 2142
-956.498 708.247 2136
-958.791 707.252 2133
-962.427 707.252 2133
-965.158 706.589 2131
-966.063 704.599 2125
-968.317 703.604 2122
-971.934 703.604 2122
-974.632 702.941 2120
-976.862 701.947 2117
-978.155 700.289 2112
-981.756 700.289 2112
-983.956 699.294 2109
-986.147 698.299 2106
-989.737 698.299 2106
-993.327 698.299 2106
-996.918 698.299 2106
-999.558 697.636 2104
-1003.14 697.636 2104
-1006.73 697.636 2104
-1008.88 696.641 2101
-1011.01 695.647 2098
-1012.17 693.989 2093
-1015.74 693.989 2093
-1018.33 693.326 2091
-1020.43 692.331 2088
-1021.54 690.673 2083
-1025.09 690.673 2083
-1024.69 688.02 2075
-1023.27 684.705 2065
-1026.79 684.705 2065
-1030.31 684.705 2065
-1031.33 683.047 2060
-1033.34 682.052 2057
-1035.83 681.389 2055
-1039.34 681.389 2055
-1039.8 679.399 2049
-1042.27 678.736 2047
-1043.21 677.078 2042
-1046.69 677.078 2042
-1042.45 672.105 2027
1212.72 1259.44 3818
1206.21 1259.44 3818
1219.19 1279.9 3880
1232.57 1301.01 3944
1237.66 1313.54 3982
1230.87 1313.54 3982
1224.08 1313.54 3982
1220.05 1316.51 3991
1213.24 1316.51 3991
1206.44 1316.51 3991
1202.64 1319.81 4001
1201.5 1326.08 4020
1194.65 1326.08 4020
1187.79 1326.08 4020
1189.46 1335.64 4049
1185.48 1338.94 4059
1178.56 1338.94 4059
1171.64 1338.94 4059
859.646 1348.84 4089
852.675 1348.84 4089
845.704 1348.84 4089
836.682 1345.54 4079
827.695 1342.24 4069
824.792 1348.84 4089
817.821 1348.84 4089
810.851 1348.84 4089
803.88 1348.84 4089
796.909 1348.84 4089
789.939 1348.84 4089
781.053 1345.54 4079
774.099 1345.54 4079
767.146 1345.54 4079
756.465 1338.94 4059
749.545 1338.94 4059
740.796 1335.64 4049
733.893 1335.64 4049
725.195 1332.34 4039
718.31 1332.34 4039
709.839 1329.38 4030
702.969 1329.38 4030
696.099 1329.38 4030
687.519 1326.08 4020
677.448 1319.81 4001
670.628 1319.81 4001
660.655 1313.54 3982
652.224 1310.24 3972
642.366 1303.98 3953
635.627 1303.98 3953
628.888 1303.98 3953
622.149 1303.98 3953
614.009 1301.01 3944
607.285 1301.01 3944
597.669 1294.74 3925
589.623 1291.77 3916
581.607 1288.8 3907
574.947 1288.8 3907
568.286 1288.8 3907
561.626 1288.8 3907
551.13 1279.9 3880
544.516 1279.9 3880
537.901 1279.9 3880
528.822 1273.96 3862
523.455 1276.93 3871
516.856 1276.93 3871
510.257 1276.93 3871
502.487 1273.96 3862
495.903 1273.96 3862
489.32 1273.96 3862
480.486 1268.02 3844
471.714 1262.08 3826
465.191 1262.08 3826
458.669 1262.08 3826
450.137 1256.47 3809
445.624 1262.08 3826
439.102 1262.08 3826
432.579 1262.08 3826
426.057 1262.08 3826
419.535 1262.08 3826
414.955 1268.02 3844
408.402 1268.02 3844
401.849 1268.02 3844
395.296 1268.02 3844
388.743 1268.02 3844
382.19 1268.02 3844
375.637 1268.02 3844
369.084 1268.02 3844
362.531 1268.02 3844
358.478 1276.93 3871
351.879 1276.93 3871
345.28 1276.93 3871
-8.15471 147.782 448
-8.91844 147.782 448
-9.68217 147.782 448
-10.4459 147.782 448
-11.1846 147.452 447
-11.9466 147.452 447
-12.6802 147.122 446
-13.4104 146.792 445
-14.169 146.792 445
-14.9276 146.792 445
-15.6862 146.792 445
-16.4079 146.462 444
-17.0488 145.473 441
-17.8006 145.473 441
-18.5103 145.143 440
-19.2604 145.143 440
-34.7219 135.247 410
-35.4209 135.247 410
-36.1198 135.247 410
-36.729 134.917 409
-37.3347 134.587 408
-37.937 134.257 407
-38.6309 134.257 407
-39.2281 133.927 406
-39.8219 133.597 405
-40.4123 133.267 404
-41.101 133.267 404
-41.7897 133.267 404
-42.2681 132.608 402
-42.9534 132.608 402
-43.5302 132.278 401
-44.2138 132.278 401
-44.7854 131.948 400
-45.4673 131.948 400
-46.0339 131.618 399
-46.7141 131.618 399
-47.3943 131.618 399
-47.954 131.288 398
-48.6325 131.288 398
-49.3109 131.288 398
-49.8638 130.958 397
-50.5406 130.958 397
-51.0884 130.629 396
-51.7635 130.629 396
-52.4385 130.629 396
-53.1136 130.629 396
-53.7887 130.629 396
-54.4638 130.629 396
-54.9996 130.299 395
-55.673 130.299 395
-56.3464 130.299 395
-57.0198 130.299 395
-57.6931 130.299 395
-58.3665 130.299 395
-59.0399 130.299 395
-59.7133 130.299 395
-60.3866 130.299 395
-61.06 130.299 395
-61.7334 130.299 395
-62.4068 130.299 395
-63.0801 130.299 395
-63.7535 130.299 395
-64.4269 130.299 395
-65.1003 130.299 395
-65.7736 130.299 395
-66.447 130.299 395
-67.1204 130.299 395
-67.7938 130.299 395
-68.4671 130.299 395
-69.1405 130.299 395
-69.9906 130.629 396
-70.6657 130.629 396
-71.3408 130.629 396
-72.0159 130.629 396
-72.8745 130.958 397
-73.5513 130.958 397
-74.2281 130.958 397
-75.2822 131.618 399
-75.9624 131.618 399
-76.6426 131.618 399
-77.3228 131.618 399
-78.1985 131.948 400
-78.8804 131.948 400
-79.5623 131.948 400
-80.4448 132.278 401
-81.3307 132.608 402
-82.016 132.608 402
-82.7013 132.608 402
-83.5941 132.938 403
-84.4902 133.267 404
-85.6006 133.927 406
-86.2928 133.927 406
-86.9849 133.927 406
-87.677 133.927 406
-88.8045 134.587 408
-89.5 134.587 408
-90.8587 135.577 411
-91.7822 135.906 412
-92.4845 135.906 412
-94.0916 137.226 416
-95.4844 138.216 419
-96.1987 138.216 419
-97.1443 138.545 420
-98.5593 139.535 423
-99.2804 139.535 423
-100.711 140.525 426
-101.437 140.525 426
-102.163 140.525 426
-102.889 140.525 426
-103.616 140.525 426
-104.587 140.854 427
-105.561 141.184 428
-106.291 141.184 428
-107.021 141.184 428
-108.506 142.174 431
-109.24 142.174 431
-109.975 142.174 431
-110.967 142.504 432
-111.962 142.834 433
-112.7 142.834 433
-113.7 143.164 434
-114.44 143.164 434
-115.18 143.164 434
-115.92 143.164 434
-117.735 144.483 438
-118.481 144.483 438
-119.228 144.483 438
-119.975 144.483 438
-120.721 144.483 438
-855.274 770.906 2337
-860.361 771.896 2340
-864.35 771.896 2340
-868.34 771.896 2340
-873.447 772.885 2343
-877.441 772.885 2343
-881.435 772.885 2343
-884.296 771.896 2340
-879.554 764.309 2317
-883.504 764.309 2317
-882.475 760.02 2304
-874.476 749.794 2273
-871.009 743.527 2254
-873.687 742.537 2251
-877.524 742.537 2251
-868.441 731.652 2218
-870.256 730.002 2213
-868.104 725.054 2198
-871.851 725.054 2198
-875.598 725.054 2198
-879.345 725.054 2198
-881.887 724.065 2195
-885.629 724.065 2195
-889.371 724.065 2195
-891.892 723.075 2192
-895.629 723.075 2192
-899.365 723.075 2192
-903.102 723.075 2192
-902.288 719.446 2181
-906.006 719.446 2181
-909.724 719.446 2181
-910.93 717.467 2175
-913.376 716.478 2172
-917.079 716.478 2172
-920.781 716.478 2172
-923.207 715.488 2169
-926.05 714.828 2167
-929.744 714.828 2167
-933.438 714.828 2167
-937.133 714.828 2167
-939.524 713.839 2164
-940.598 711.859 2158
-944.277 711.859 2158
-946.638 710.87 2155
-946.784 708.231 2147
-949.116 707.241 2144
-952.771 707.241 2144
-954.195 705.592 2139
-955.155 703.613 2133
-957.892 702.953 2131
-961.525 702.953 2131
-962.44 700.974 2125
-964.699 699.984 2122
-967.404 699.324 2120
-971.018 699.324 2120
-973.253 698.335 2117
-975.478 697.345 2114
-976.766 695.696 2109
-980.361 695.696 2109
-983.956 695.696 2109
-986.147 694.706 2106
-989.737 694.706 2106
-993.327 694.706 2106
-995.971 694.047 2104
-999.558 694.047 2104
-1003.14 694.047 2104
-1006.73 694.047 2104
-1008.88 693.057 2101
-1010.05 691.408 2096
-1012.17 690.418 2093
-1015.74 690.418 2093
-1018.33 689.758 2091
-1020.43 688.769 2088
-1021.54 687.119 2083
-1025.09 687.119 2083
-1024.69 684.48 2075
-1023.27 681.182 2065
-1026.79 681.182 2065
-1030.31 681.182 2065
-1031.33 679.532 2060
-1033.34 678.543 2057
-1035.83 677.883 2055
-1039.34 677.883 2055
-1039.8 675.904 2049
-1042.27 675.244 2047
-1043.21 673.595 2042
-1046.69 673.595 2042
-1041.43 667.987 2025
1226.64 1288.04 3925
1237.66 1306.75 3982
1230.87 1306.75 3982
1224.08 1306.75 3982
1220.05 1309.7 3991
1213.24 1309.7 3991
1206.44 1309.7 3991
1202.64 1312.98 4001
1201.5 1319.22 4020
1194.65 1319.22 4020
1187.79 1319.22 4020
1180.94 1319.22 4020
1182.56 1328.74 4049
1175.65 1328.74 4049
1168.75 1328.74 4049
824.792 1341.86 4089
817.821 1341.86 4089
810.851 1341.86 4089
803.88 1341.86 4089
796.909 1341.86 4089
789.939 1341.86 4089
781.053 1338.58 4079
774.099 1338.58 4079
767.146 1338.58 4079
758.328 1335.3 4069
751.392 1335.3 4069
742.626 1332.02 4059
735.706 1332.02 4059
726.991 1328.74 4049
718.31 1325.45 4039
711.424 1325.45 4039
704.539 1325.45 4039
696.099 1322.5 4030
689.229 1322.5 4030
680.666 1319.22 4020
673.812 1319.22 4020
662.148 1309.7 3991
652.224 1303.47 3972
643.991 1300.51 3963
637.235 1300.51 3963
628.888 1297.23 3953
622.149 1297.23 3953
615.41 1297.23 3953
608.671 1297.23 3953
597.669 1288.04 3925
589.623 1285.09 3916
581.607 1282.14 3907
574.947 1282.14 3907
568.286 1282.14 3907
561.626 1282.14 3907
551.13 1273.28 3880
544.516 1273.28 3880
537.901 1273.28 3880
528.822 1267.37 3862
523.455 1270.32 3871
516.856 1270.32 3871
510.257 1270.32 3871
502.487 1267.37 3862
495.903 1267.37 3862
489.32 1267.37 3862
480.486 1261.46 3844
471.714 1255.56 3826
465.191 1255.56 3826
458.669 1255.56 3826
450.137 1249.98 3809
445.624 1255.56 3826
439.102 1255.56 3826
432.579 1255.56 3826
426.057 1255.56 3826
420.522 1258.51 3835
414.955 1261.46 3844
408.402 1261.46 3844
401.849 1261.46 3844
395.296 1261.46 3844
388.743 1261.46 3844
382.19 1261.46 3844
375.637 1261.46 3844
369.084 1261.46 3844
362.531 1261.46 3844
358.478 1270.32 3871
351.879 1270.32 3871
345.28 1270.32 3871
-8.15471 147.017 448
-8.91844 147.017 448
-9.68217 147.017 448
-10.4459 147.017 448
-11.1846 146.689 447
-11.9466 146.689 447
-12.6802 146.361 446
-13.4104 146.033 445
-14.169 146.033 445
-14.9276 146.033 445
-15.6862 146.033 445
-16.4079 145.705 444
-17.0488 144.72 441
-17.8006 144.72 441
-18.5103 144.392 440
-19.2604 144.392 440
-34.7219 134.547 410
-35.4209 134.547 410
-36.1198 134.547 410
-36.729 134.219 409
-37.3347 133.891 408
-37.937 133.563 407
-38.6309 133.563 407
-39.2281 133.235 406
-39.8219 132.906 405
-40.4123 132.578 404
-41.101 132.578 404
-41.7897 132.578 404
-42.2681 131.922 402
-42.9534 131.922 402
-43.5302 131.594 401
-44.2138 131.594 401
-44.7854 131.266 400
-45.4673 131.266 400
-46.0339 130.937 399
-46.7141 130.937 399
-47.3943 130.937 399
-47.954 130.609 398
-48.6325 130.609 398
-49.3109 130.609 398
-49.9894 130.609 398
-50.5406 130.281 397
-51.2174 130.281 397
-51.8942 130.281 397
-52.4385 129.953 396
-53.1136 129.953 396
-53.7887 129.953 396
-54.4638 129.953 396
-55.1389 129.953 396
-55.673 129.625 395
-56.3464 129.625 395
-57.0198 129.625 395
-57.6931 129.625 395
-58.3665 129.625 395
-59.0399 129.625 395
-59.7133 129.625 395
-60.3866 129.625 395
-61.06 129.625 395
-61.7334 129.625 395
-62.4068 129.625 395
-63.0801 129.625 395
-63.7535 129.625 395
-64.4269 129.625 395
-65.1003 129.625 395
-65.7736 129.625 395
-66.447 129.625 395
-67.1204 129.625 395
-67.7938 129.625 395
-68.4671 129.625 395
-69.1405 129.625 395
-69.9906 129.953 396
-70.6657 129.953 396
-71.3408 129.953 396
-72.1977 130.281 397
-72.8745 130.281 397
-73.7366 130.609 398
-74.4151 130.609 398
-75.2822 130.937 399
-75.9624 130.937 399
-76.6426 130.937 399
-77.3228 130.937 399
-78.1985 131.266 400
-78.8804 131.266 400
-79.5623 131.266 400
-80.4448 131.594 401
-81.3307 131.922 402
-82.016 131.922 402
-82.7013 131.922 402
-83.5941 132.25 403
-84.4902 132.578 404
-85.6006 133.235 406
-86.2928 133.235 406
-86.9849 133.235 406
-87.677 133.235 406
-88.8045 133.891 408
-89.5 133.891 408
-90.8587 134.875 411
-91.7822 135.204 412
-92.4845 135.204 412
-94.0916 136.516 416
-95.4844 137.501 419
-96.1987 137.501 419
-97.8382 138.813 423
-99.2583 139.798 426
-99.9845 139.798 426
-100.711 139.798 426
-101.437 139.798 426
-102.403 140.126 427
-103.131 140.126 427
-103.859 140.126 427
-104.587 140.126 427
-105.561 140.454 428
-106.291 140.454 428
-107.271 140.782 429
-108.506 141.439 431
-109.24 141.439 431
-110.23 141.767 432
-110.967 141.767 432
-111.962 142.095 433
-112.7 142.095 433
-113.7 142.423 434
-114.44 142.423 434
-115.445 142.751 435
-116.187 142.751 435
-117.735 143.736 438
-118.481 143.736 438
-119.228 143.736 438
-119.975 143.736 438
-855.274 766.919 2337
-860.361 767.904 2340
-864.35 767.904 2340
-868.34 767.904 2340
-873.447 768.888 2343
-877.441 768.888 2343
-881.435 768.888 2343
-884.296 767.904 2340
-879.554 760.356 2317
-883.504 760.356 2317
-882.475 756.09 2304
-874.476 745.917 2273
-871.009 739.681 2254
-873.687 738.697 2251
-877.524 738.697 2251
-868.441 727.868 2218
-869.076 725.242 2210
-866.919 720.32 2195
-870.661 720.32 2195
-874.403 720.32 2195
-878.145 720.32 2195
-881.887 720.32 2195
-885.629 720.32 2195
-889.371 720.32 2195
-891.892 719.335 2192
-895.629 719.335 2192
-899.365 719.335 2192
-903.102 719.335 2192
-902.288 715.725 2181
-906.006 715.725 2181
-909.724 715.725 2181
-910.93 713.756 2175
-913.376 712.772 2172
-917.079 712.772 2172
-920.781 712.772 2172
-923.207 711.788 2169
-926.05 711.131 2167
-929.744 711.131 2167
-933.438 711.131 2167
-937.133 711.131 2167
-939.524 710.147 2164
-940.598 708.178 2158
-944.277 708.178 2158
-946.638 707.193 2155
-946.784 704.568 2147
-946.902 701.943 2139
-950.549 701.943 2139
-951.519 699.974 2133
-954.26 699.317 2131
-955.195 697.348 2125
-958.818 697.348 2125
-961.082 696.364 2122
-963.79 695.707 2120
-966.035 694.723 2117
-969.644 694.723 2117
-971.874 693.738 2114
-975.478 693.738 2114
-976.766 692.098 2109
-980.361 692.098 2109
-983.956 692.098 2109
-986.147 691.113 2106
-989.737 691.113 2106
-993.327 691.113 2106
-995.971 690.457 2104
-999.558 690.457 2104
-1003.14 690.457 2104
-1006.73 690.457 2104
-1008.88 689.472 2101
-1010.05 687.832 2096
-1013.62 687.832 2096
-1017.2 687.832 2096
-1019.31 686.847 2093
-1020.43 685.206 2088
-1022.52 684.222 2085
-1026.08 684.222 2085
-1024.69 680.94 2075
-1024.26 678.315 2067
-1026.79 677.658 2065
-1030.31 677.658 2065
-1031.33 676.018 2060
-1033.34 675.033 2057
-1035.83 674.377 2055
-1039.34 674.377 2055
-1038.78 671.751 2047
-1040.74 670.767 2044
-1041.67 669.126 2039
-1045.15 669.126 2039
-1041.43 664.532 2025
1240.46 1302.89 3991
1233.65 1302.89 3991
1226.85 1302.89 3991
1220.05 1302.89 3991
1213.24 1302.89 3991
1206.44 1302.89 3991
1199.64 1302.89 3991
1201.5 1312.36 4020
1194.65 1312.36 4020
1187.79 1312.36 4020
1180.94 1312.36 4020
1182.56 1321.83 4049
1175.65 1321.83 4049
1168.75 1321.83 4049
824.792 1334.89 4089
817.821 1334.89 4089
810.851 1334.89 4089
803.88 1334.89 4089
796.909 1334.89 4089
789.939 1334.89 4089
781.053 1331.62 4079
774.099 1331.62 4079
767.146 1331.62 4079
758.328 1328.36 4069
751.392 1328.36 4069
742.626 1325.09 4059
735.706 1325.09 4059
726.991 1321.83 4049
718.31 1318.56 4039
711.424 1318.56 4039
704.539 1318.56 4039
696.099 1315.62 4030
689.229 1315.62 4030
680.666 1312.36 4020
673.812 1312.36 4020
662.148 1302.89 3991
652.224 1296.69 3972
643.991 1293.75 3963
637.235 1293.75 3963
628.888 1290.49 3953
622.149 1290.49 3953
615.41 1290.49 3953
608.671 1290.49 3953
597.669 1281.35 3925
589.623 1278.41 3916
582.947 1278.41 3916
576.271 1278.41 3916
568.286 1275.47 3907
561.626 1275.47 3907
551.13 1266.66 3880
544.516 1266.66 3880
537.901 1266.66 3880
528.822 1260.78 3862
522.238 1260.78 3862
515.654 1260.78 3862
509.071 1260.78 3862
502.487 1260.78 3862
495.903 1260.78 3862
489.32 1260.78 3862
481.611 1257.84 3853
472.823 1251.97 3835
465.191 1249.03 3826
458.669 1249.03 3826
451.201 1246.42 3818
445.624 1249.03 3826
440.135 1251.97 3835
433.597 1251.97 3835
427.059 1251.97 3835
420.522 1251.97 3835
414.955 1254.9 3844
408.402 1254.9 3844
401.849 1254.9 3844
395.296 1254.9 3844
388.743 1254.9 3844
382.19 1254.9 3844
374.758 1251.97 3835
368.22 1251.97 3835
361.682 1251.97 3835
355.144 1251.97 3835
347.789 1249.03 3826
-13.4104 145.274 445
-14.169 145.274 445
-14.9276 145.274 445
-15.6862 145.274 445
-16.4079 144.947 444
-17.0875 144.294 442
-17.841 144.294 442
-18.5103 143.641 440
-19.2604 143.641 440
-34.4679 132.868 407
-35.1617 132.868 407
-35.8555 132.868 407
-36.5494 132.868 407
-37.2432 132.868 407
-37.8438 132.542 406
-38.5359 132.542 406
-39.2281 132.542 406
-39.8219 132.215 405
-40.4123 131.889 404
-41.101 131.889 404
-41.7897 131.889 404
-42.2681 131.236 402
-42.9534 131.236 402
-43.5302 130.91 401
-44.2138 130.91 401
-44.7854 130.583 400
-45.4673 130.583 400
-46.0339 130.257 399
-46.7141 130.257 399
-47.3943 130.257 399
-48.0744 130.257 399
-48.6325 129.93 398
-49.3109 129.93 398
-49.9894 129.93 398
-50.6679 129.93 398
-51.2174 129.604 397
-51.8942 129.604 397
-52.571 129.604 397
-53.2478 129.604 397
-53.7887 129.277 396
-54.4638 129.277 396
-55.1389 129.277 396
-55.8139 129.277 396
-56.489 129.277 396
-57.1641 129.277 396
-57.8392 129.277 396
-58.5143 129.277 396
-59.1894 129.277 396
-59.8644 129.277 396
-60.3866 128.951 395
-61.06 128.951 395
-61.7334 128.951 395
-62.4068 128.951 395
-63.0801 128.951 395
-63.7535 128.951 395
-64.4269 128.951 395
-65.1003 128.951 395
-65.7736 128.951 395
-66.447 128.951 395
-67.1204 128.951 395
-67.9654 129.277 396
-68.6405 129.277 396
-69.3156 129.277 396
-69.9906 129.277 396
-70.6657 129.277 396
-71.3408 129.277 396
-72.1977 129.604 397
-73.0581 129.93 398
-73.7366 129.93 398
-74.4151 129.93 398
-75.2822 130.257 399
-75.9624 130.257 399
-76.8347 130.583 400
-77.5166 130.583 400
-78.1985 130.583 400
-78.8804 130.583 400
-79.5623 130.583 400
-80.4448 130.91 401
-81.3307 131.236 402
-82.2201 131.562 403
-82.9071 131.562 403
-83.8015 131.889 404
-84.6994 132.215 405
-85.6006 132.542 406
-86.2928 132.542 406
-86.9849 132.542 406
-87.677 132.542 406
-88.3691 132.542 406
-89.5 133.195 408
-91.0798 134.501 412
-92.2277 135.154 414
-92.9335 135.154 414
-94.7701 136.786 419
-95.7123 137.112 420
-96.4283 137.112 420
-97.8382 138.092 423
-99.2583 139.071 426
-99.9845 139.071 426
-100.711 139.071 426
-101.437 139.071 426
-102.403 139.397 427
-103.131 139.397 427
-103.859 139.397 427
-104.587 139.397 427
-105.561 139.724 428
-106.291 139.724 428
-107.271 140.05 429
-108.506 140.703 431
-109.24 140.703 431
-110.23 141.03 432
-110.967 141.03 432
-111.962 141.356 433
-112.7 141.356 433
-113.7 141.683 434
-114.44 141.683 434
-115.445 142.009 435
-116.187 142.009 435
-117.735 142.989 438
-118.481 142.989 438
-119.228 142.989 438
-119.975 142.989 438
-855.274 762.932 2337
-860.361 763.911 2340
-864.35 763.911 2340
-868.34 763.911 2340
-873.447 764.891 2343
-877.441 764.891 2343
-881.435 764.891 2343
-884.296 763.911 2340
-879.554 756.403 2317
-883.504 756.403 2317
-882.475 752.159 2304
-874.476 742.039 2273
-871.009 735.836 2254
-871.358 732.898 2245
-875.185 732.898 2245
-866.483 722.451 2213
-869.076 721.472 2210
-864.549 714.616 2189
-869.471 715.595 2192
-873.208 715.595 2192
-876.945 715.595 2192
-880.681 715.595 2192
-884.418 715.595 2192
-888.155 715.595 2192
-891.892 715.595 2192
-895.629 715.595 2192
-899.365 715.595 2192
-900.63 713.637 2186
-902.288 712.004 2181
-903.514 710.046 2175
-907.222 710.046 2175
-909.673 709.066 2172
-911.273 707.434 2167
-914.967 707.434 2167
-918.662 707.434 2167
-922.356 707.434 2167
-923.486 705.475 2161
-927.17 705.475 2161
-930.854 705.475 2161
-933.24 704.496 2158
-936.919 704.496 2158
-938.419 702.864 2153
-942.089 702.864 2153
-943.124 700.905 2147
-945.461 699.925 2144
-946.902 698.293 2139
-950.549 698.293 2139
-951.519 696.334 2133
-954.26 695.682 2131
-955.195 693.723 2125
-958.818 693.723 2125
-961.082 692.743 2122
-963.79 692.091 2120
-966.035 691.111 2117
-969.644 691.111 2117
-971.874 690.132 2114
-975.478 690.132 2114
-976.766 688.499 2109
-980.361 688.499 2109
-983.956 688.499 2109
-986.147 687.52 2106
-989.737 687.52 2106
-993.327 687.52 2106
-995.971 686.867 2104
-999.558 686.867 2104
-1003.14 686.867 2104
-1006.73 686.867 2104
-1008.88 685.888 2101
-1010.05 684.256 2096
-1013.62 684.256 2096
-1017.2 684.256 2096
-1019.31 683.276 2093
-1020.43 681.644 2088
-1022.52 680.664 2085
-1026.08 680.664 2085
-1024.69 677.4 2075
-1024.26 674.788 2067
-1026.79 674.135 2065
-1030.31 674.135 2065
-1031.33 672.503 2060
-1033.34 671.524 2057
-1034.32 669.891 2052
-1037.82 669.891 2052
-1038.78 668.259 2047
-1040.74 667.28 2044
-1040.65 664.995 2037
-1044.12 664.995 2037
-1039.88 660.098 2022
1240.46 1296.08 3991
1239.53 1302.25 4010
1232.69 1302.25 4010
1225.86 1302.25 4010
1213.24 1296.08 3991
1206.44 1296.08 3991
1180.94 1305.5 4020
1182.56 1314.92 4049
1175.65 1314.92 4049
1168.75 1314.92 4049
810.851 1327.91 4089
803.88 1327.91 4089
796.909 1327.91 4089
789.939 1327.91 4089
782.968 1327.91 4089
775.997 1327.91 4089
769.026 1327.91 4089
760.192 1324.66 4079
753.238 1324.66 4079
744.455 1321.41 4069
737.518 1321.41 4069
726.991 1314.92 4049
720.088 1314.92 4049
711.424 1311.67 4039
704.539 1311.67 4039
697.654 1311.67 4039
690.768 1311.67 4039
680.666 1305.5 4020
673.812 1305.5 4020
663.807 1299.33 4001
653.866 1293.16 3982
643.991 1286.99 3963
637.235 1286.99 3963
630.479 1286.99 3963
623.723 1286.99 3963
615.41 1283.74 3953
608.671 1283.74 3953
600.562 1280.82 3944
590.978 1274.65 3925
584.286 1274.65 3925
577.595 1274.65 3925
570.904 1274.65 3925
562.919 1271.73 3916
554.965 1268.8 3907
548.305 1268.8 3907
537.901 1260.04 3880
531.287 1260.04 3880
522.238 1254.19 3862
515.654 1254.19 3862
509.071 1254.19 3862
502.487 1254.19 3862
495.903 1254.19 3862
489.32 1254.19 3862
481.611 1251.27 3853
472.823 1245.42 3835
465.191 1242.5 3826
458.669 1242.5 3826
451.201 1239.9 3818
445.624 1242.5 3826
440.135 1245.42 3835
433.597 1245.42 3835
427.059 1245.42 3835
420.522 1245.42 3835
413.984 1245.42 3835
407.446 1245.42 3835
400.908 1245.42 3835
395.296 1248.35 3844
388.743 1248.35 3844
382.19 1248.35 3844
374.758 1245.42 3835
368.22 1245.42 3835
-14.169 144.514 445
-14.9276 144.514 445
-15.6862 144.514 445
-16.4079 144.19 444
-17.1261 143.865 443
-17.8813 143.865 443
-18.5524 143.215 441
-19.2604 142.891 440
-34.4679 132.174 407
-35.1617 132.174 407
-35.8555 132.174 407
-36.5494 132.174 407
-37.1517 131.849 406
-37.8438 131.849 406
-38.5359 131.849 406
-39.2281 131.849 406
-39.7236 131.2 404
-40.4123 131.2 404
-41.101 131.2 404
-41.7897 131.2 404
-42.2681 130.55 402
-42.9534 130.55 402
-43.5302 130.225 401
-44.2138 130.225 401
-44.7854 129.901 400
-45.4673 129.901 400
-46.0339 129.576 399
-46.7141 129.576 399
-47.3943 129.576 399
-48.0744 129.576 399
-48.6325 129.251 398
-49.3109 129.251 398
-49.9894 129.251 398
-50.6679 129.251 398
-51.2174 128.926 397
-51.8942 128.926 397
-52.571 128.926 397
-53.2478 128.926 397
-53.7887 128.602 396
-54.4638 128.602 396
-55.1389 128.602 396
-55.8139 128.602 396
-56.489 128.602 396
-57.1641 128.602 396
-57.8392 128.602 396
-58.5143 128.602 396
-59.1894 128.602 396
-59.8644 128.602 396
-60.5395 128.602 396
-61.06 128.277 395
-61.7334 128.277 395
-62.4068 128.277 395
-63.0801 128.277 395
-63.7535 128.277 395
-64.4269 128.277 395
-65.2651 128.602 396
-65.9401 128.602 396
-66.6152 128.602 396
-67.2903 128.602 396
-67.9654 128.602 396
-68.6405 128.602 396
-69.3156 128.602 396
-69.9906 128.602 396
-70.8442 128.926 397
-71.521 128.926 397
-72.1977 128.926 397
-73.0581 129.251 398
-73.7366 129.251 398
-74.4151 129.251 398
-75.2822 129.576 399
-75.9624 129.576 399
-76.8347 129.901 400
-77.5166 129.901 400
-78.1985 129.901 400
-78.8804 129.901 400
-79.5623 129.901 400
-80.4448 130.225 401
-81.3307 130.55 402
-82.2201 130.875 403
-82.9071 130.875 403
-83.8015 131.2 404
-84.6994 131.524 405
-85.6006 131.849 406
-86.2928 131.849 406
-86.9849 131.849 406
-87.677 131.849 406
-88.3691 131.849 406
-89.5 132.499 408
-91.0798 133.798 412
-92.2277 134.447 414
-94.0558 136.071 419
-94.9963 136.396 420
-95.7123 136.396 420
-97.1171 137.37 423
-98.3008 138.019 425
-99.2583 138.344 426
-99.9845 138.344 426
-100.947 138.669 427
-101.675 138.669 427
-102.403 138.669 427
-103.131 138.669 427
-103.859 138.669 427
-104.832 138.994 428
-105.808 139.318 429
-106.539 139.318 429
-107.521 139.643 430
-108.757 140.293 432
-109.494 140.293 432
-110.23 140.293 432
-111.223 140.617 433
-112.22 140.942 434
-112.96 140.942 434
-113.7 140.942 434
-114.703 141.267 435
-115.976 141.916 437
-116.721 141.916 437
-118.003 142.566 439
-118.752 142.566 439
-119.5 142.566 439
-120.249 142.566 439
-860.361 759.919 2340
-864.35 759.919 2340
-872.05 763.166 2350
-876.057 763.166 2350
-880.063 763.166 2350
-884.069 763.166 2350
-884.296 759.919 2340
-879.554 752.45 2317
-883.504 752.45 2317
-881.326 747.254 2301
-873.322 737.186 2270
-869.849 731.016 2251
-866.7 725.171 2233
-870.507 725.171 2233
-867.266 719.325 2215
-865.537 714.778 2201
-863.365 709.907 2186
-867.091 709.907 2186
-870.818 709.907 2186
-874.544 709.907 2186
-878.271 709.907 2186
-881.997 709.907 2186
-885.724 709.907 2186
-889.451 709.907 2186
-892.36 709.258 2184
-896.083 709.258 2184
-898.57 708.283 2181
-899.806 706.335 2175
-901.022 704.386 2169
-904.719 704.386 2169
-907.579 703.737 2167
-911.273 703.737 2167
-911.167 700.814 2158
-914.846 700.814 2158
-918.525 700.814 2158
-922.204 700.814 2158
-923.737 699.19 2153
-927.408 699.19 2153
-931.078 699.19 2153
-933.446 698.216 2150
-935.804 697.242 2147
-939.464 697.242 2147
-941.806 696.268 2144
-943.256 694.644 2139
-944.246 692.695 2133
-947.883 692.695 2133
-950.627 692.046 2131
-951.573 690.097 2125
-953.847 689.123 2122
-957.464 689.123 2122
-960.176 688.474 2120
-962.426 687.499 2117
-964.666 686.525 2114
-968.27 686.525 2114
-971.874 686.525 2114
-974.555 685.876 2112
-976.766 684.901 2109
-980.361 684.901 2109
-982.557 683.927 2106
-986.147 683.927 2106
-988.797 683.278 2104
-992.384 683.278 2104
-995.971 683.278 2104
-999.558 683.278 2104
-1003.14 683.278 2104
-1006.73 683.278 2104
-1008.88 682.303 2101
-1010.05 680.68 2096
-1013.62 680.68 2096
-1017.2 680.68 2096
-1019.31 679.705 2093
-1020.43 678.082 2088
-1022.52 677.107 2085
-1026.08 677.107 2085
-1024.69 673.86 2075
-1024.26 671.262 2067
-1026.79 670.612 2065
-1030.31 670.612 2065
-1031.33 668.988 2060
-1033.34 668.014 2057
-1034.32 666.39 2052
-1037.82 666.39 2052
-1038.78 664.767 2047
-1040.74 663.792 2044
-1040.65 661.519 2037
-1044.12 661.519 2037
-1039.88 656.648 2022
1240.46 1289.27 3991
1239.53 1295.41 4010
1232.69 1295.41 4010
1225.86 1295.41 4010
1213.24 1289.27 3991
1206.44 1289.27 3991
1180.94 1298.64 4020
1182.56 1308.01 4049
1175.65 1308.01 4049
1168.75 1308.01 4049
803.88 1320.93 4089
796.909 1320.93 4089
789.939 1320.93 4089
782.968 1320.93 4089
775.997 1320.93 4089
769.026 1320.93 4089
760.192 1317.7 4079
753.238 1317.7 4079
744.455 1314.47 4069
737.518 1314.47 4069
726.991 1308.01 4049
720.088 1308.01 4049
711.424 1304.78 4039
704.539 1304.78 4039
697.654 1304.78 4039
690.768 1304.78 4039
680.666 1298.64 4020
673.812 1298.64 4020
663.807 1292.51 4001
653.866 1286.37 3982
643.991 1280.23 3963
637.235 1280.23 3963
630.479 1280.23 3963
623.723 1280.23 3963
616.967 1280.23 3963
610.211 1280.23 3963
603.455 1280.23 3963
593.838 1274.09 3944
587.115 1274.09 3944
580.391 1274.09 3944
572.359 1271.18 3935
564.213 1267.95 3925
556.244 1265.05 3916
549.568 1265.05 3916
537.901 1253.42 3880
531.287 1253.42 3880
523.455 1250.51 3871
516.856 1250.51 3871
510.257 1250.51 3871
503.658 1250.51 3871
495.903 1247.6 3862
489.32 1247.6 3862
481.611 1244.69 3853
472.823 1238.88 3835
465.191 1235.97 3826
458.669 1235.97 3826
451.201 1233.39 3818
445.624 1235.97 3826
440.135 1238.88 3835
433.597 1238.88 3835
427.059 1238.88 3835
419.535 1235.97 3826
411.177 1230.48 3809
406.49 1235.97 3826
399.968 1235.97 3826
394.371 1238.88 3835
387.833 1238.88 3835
381.295 1238.88 3835
374.758 1238.88 3835
-14.169 143.755 445
-14.9276 143.755 445
-15.6862 143.755 445
-16.4448 143.755 445
-17.1648 143.432 444
-17.9217 143.432 444
-18.5945 142.786 442
-19.3042 142.463 441
-34.4679 131.48 407
-35.1617 131.48 407
-35.8555 131.48 407
-36.4596 131.157 406
-37.1517 131.157 406
-37.8438 131.157 406
-38.5359 131.157 406
-39.1315 130.833 405
-39.7236 130.51 404
-40.4123 130.51 404
-41.101 130.51 404
-41.6863 130.187 403
-42.2681 129.864 402
-42.9534 129.864 402
-43.5302 129.541 401
-44.2138 129.541 401
-44.7854 129.218 400
-45.4673 129.218 400
-46.0339 128.895 399
-46.7141 128.895 399
-47.3943 128.895 399
-48.0744 128.895 399
-48.7546 128.895 399
-49.4348 128.895 399
-49.9894 128.572 398
-50.6679 128.572 398
-51.3464 128.572 398
-52.0249 128.572 398
-52.571 128.249 397
-53.2478 128.249 397
-53.9245 128.249 397
-54.6013 128.249 397
-55.2781 128.249 397
-55.8139 127.926 396
-56.489 127.926 396
-57.1641 127.926 396
-57.8392 127.926 396
-58.5143 127.926 396
-59.1894 127.926 396
-59.8644 127.926 396
-60.5395 127.926 396
-61.06 127.603 395
-61.7334 127.603 395
-62.4068 127.603 395
-63.0801 127.603 395
-63.7535 127.603 395
-64.4269 127.603 395
-65.2651 127.926 396
-65.9401 127.926 396
-66.6152 127.926 396
-67.2903 127.926 396
-67.9654 127.926 396
-68.6405 127.926 396
-69.3156 127.926 396
-69.9906 127.926 396
-70.8442 128.249 397
-71.521 128.249 397
-72.1977 128.249 397
-73.0581 128.572 398
-73.7366 128.572 398
-74.4151 128.572 398
-75.2822 128.895 399
-75.9624 128.895 399
-76.8347 129.218 400
-77.5166 129.218 400
-78.1985 129.218 400
-78.8804 129.218 400
-79.5623 129.218 400
-80.4448 129.541 401
-81.3307 129.864 402
-82.2201 130.187 403
-82.9071 130.187 403
-83.8015 130.51 404
-84.6994 130.833 405
-85.6006 131.157 406
-86.2928 131.157 406
-86.9849 131.157 406
-87.893 131.48 407
-88.5868 131.48 407
-89.5 131.803 408
-92.1851 134.71 417
-92.896 134.71 417
-94.2803 135.679 420
-95.4487 136.325 422
-96.1681 136.325 422
-97.5763 137.294 425
-98.5321 137.617 426
-99.4913 137.94 427
-100.219 137.94 427
-100.947 137.94 427
-101.675 137.94 427
-102.403 137.94 427
-103.131 137.94 427
-104.102 138.264 428
-105.077 138.587 429
-106.055 138.91 430
-106.788 138.91 430
-107.521 138.91 430
-108.757 139.556 432
-109.494 139.556 432
-110.485 139.879 433
-111.223 139.879 433
-112.22 140.202 434
-112.96 140.202 434
-113.962 140.525 435
-114.967 140.848 436
-115.976 141.171 437
-117.255 141.817 439
-118.003 141.817 439
-118.752 141.817 439
-119.5 141.817 439
-120.249 141.817 439
-860.361 755.927 2340
-864.35 755.927 2340
-872.05 759.157 2350
-876.057 759.157 2350
-880.063 759.157 2350
-884.069 759.157 2350
-884.296 755.927 2340
-879.554 748.497 2317
-883.504 748.497 2317
-881.326 743.328 2301
-873.322 733.313 2270
-869.849 727.176 2251
-871.358 725.237 2245
-870.507 721.361 2233
-867.266 715.546 2215
-865.537 711.023 2201
-863.365 706.178 2186
-867.091 706.178 2186
-870.818 706.178 2186
-875.744 707.147 2189
-879.476 707.147 2189
-883.208 707.147 2189
-885.724 706.178 2186
-888.637 705.532 2184
-891.134 704.562 2181
-894.852 704.562 2181
-896.098 702.624 2175
-897.324 700.686 2169
-900.191 700.04 2167
-903.885 700.04 2167
-906.323 699.071 2164
-907.488 697.132 2158
-909.901 696.163 2155
-913.574 696.163 2155
-917.248 696.163 2155
-920.067 695.517 2153
-922.45 694.548 2150
-926.116 694.548 2150
-929.781 694.548 2150
-932.143 693.579 2147
-935.804 693.579 2147
-939.464 693.579 2147
-939.61 690.995 2139
-943.256 690.995 2139
-943.361 688.41 2131
-946.994 688.41 2131
-949.288 687.441 2128
-950.229 685.503 2122
-952.948 684.857 2120
-956.562 684.857 2120
-958.817 683.888 2117
-961.062 682.918 2114
-963.753 682.272 2112
-967.354 682.272 2112
-969.575 681.303 2109
-973.17 681.303 2109
-974.45 679.688 2104
-978.037 679.688 2104
-981.624 679.688 2104
-985.21 679.688 2104
-987.387 678.719 2101
-990.969 678.719 2101
-994.551 678.719 2101
-999.558 679.688 2104
-1003.14 679.688 2104
-1006.73 679.688 2104
-1008.88 678.719 2101
-1010.05 677.104 2096
-1013.62 677.104 2096
-1017.2 677.104 2096
-1018.33 675.488 2091
-1020.43 674.519 2088
-1022.52 673.55 2085
-1026.08 673.55 2085
-1024.69 670.32 2075
-1023.27 667.089 2065
-1024.31 665.474 2060
-1027.82 665.474 2060
-1029.83 664.505 2057
-1033.34 664.505 2057
-1034.32 662.89 2052
-1037.82 662.89 2052
-1037.26 660.305 2044
-1039.72 659.659 2042
-1038.1 656.429 2032
-1041.56 656.429 2032
-1039.88 653.198 2022
1239.53 1288.57 4010
1232.69 1288.57 4010
1225.86 1288.57 4010
1213.24 1282.47 3991
1206.44 1282.47 3991
1180.94 1291.78 4020
1174.09 1291.78 4020
1167.23 1291.78 4020
789.939 1313.96 4089
782.968 1313.96 4089
775.997 1313.96 4089
769.026 1313.96 4089
762.056 1313.96 4089
755.085 1313.96 4089
748.114 1313.96 4089
737.518 1307.53 4069
728.786 1304.32 4059
720.088 1301.1 4049
713.186 1301.1 4049
706.283 1301.1 4049
699.381 1301.1 4049
692.478 1301.1 4049
683.883 1297.89 4039
676.997 1297.89 4039
665.3 1288.57 4010
656.986 1285.68 4001
647.078 1279.57 3982
640.29 1279.57 3982
631.911 1276.36 3972
625.139 1276.36 3972
616.967 1273.47 3963
610.211 1273.47 3963
603.455 1273.47 3963
593.838 1267.36 3944
587.115 1267.36 3944
580.391 1267.36 3944
572.359 1264.47 3935
564.213 1261.26 3925
556.244 1258.37 3916
549.568 1258.37 3916
537.901 1246.8 3880
531.287 1246.8 3880
523.455 1243.91 3871
516.856 1243.91 3871
510.257 1243.91 3871
503.658 1243.91 3871
494.748 1238.12 3853
488.179 1238.12 3853
481.611 1238.12 3853
472.823 1232.34 3835
465.191 1229.44 3826
458.669 1229.44 3826
451.201 1226.87 3818
445.624 1229.44 3826
440.135 1232.34 3835
433.597 1232.34 3835
427.059 1232.34 3835
419.535 1229.44 3826
411.177 1223.98 3809
406.49 1229.44 3826
399.968 1229.44 3826
394.371 1232.34 3835
387.833 1232.34 3835
381.295 1232.34 3835
374.758 1232.34 3835
-14.169 142.996 445
-14.9276 142.996 445
-15.6862 142.996 445
-16.4448 142.996 445
-17.1648 142.675 444
-17.9217 142.675 444
-18.5945 142.032 442
-19.3042 141.711 441
-34.4679 130.785 407
-35.1617 130.785 407
-35.8555 130.785 407
-36.4596 130.464 406
-37.1517 130.464 406
-37.8438 130.464 406
-38.5359 130.464 406
-39.1315 130.142 405
-39.7236 129.821 404
-40.4123 129.821 404
-41.101 129.821 404
-41.6863 129.5 403
-42.2681 129.178 402
-42.9534 129.178 402
-43.6388 129.178 402
-44.2138 128.857 401
-44.8974 128.857 401
-45.4673 128.536 400
-46.1492 128.536 400
-46.8311 128.536 400
-47.3943 128.214 399
-48.0744 128.214 399
-48.7546 128.214 399
-49.4348 128.214 399
-49.9894 127.893 398
-50.6679 127.893 398
-51.3464 127.893 398
-52.0249 127.893 398
-52.7034 127.893 398
-53.2478 127.572 397
-53.9245 127.572 397
-54.6013 127.572 397
-55.2781 127.572 397
-55.9549 127.572 397
-56.489 127.25 396
-57.1641 127.25 396
-57.8392 127.25 396
-58.5143 127.25 396
-59.1894 127.25 396
-59.8644 127.25 396
-60.5395 127.25 396
-61.2146 127.25 396
-61.8897 127.25 396
-62.5648 127.25 396
-63.2398 127.25 396
-63.7535 126.929 395
-64.59 127.25 396
-65.2651 127.25 396
-65.9401 127.25 396
-66.6152 127.25 396
-67.2903 127.25 396
-67.9654 127.25 396
-68.6405 127.25 396
-69.3156 127.25 396
-70.1674 127.572 397
-70.8442 127.572 397
-71.521 127.572 397
-72.3796 127.893 398
-73.0581 127.893 398
-73.9218 128.214 399
-74.602 128.214 399
-75.2822 128.214 399
-75.9624 128.214 399
-76.6426 128.214 399
-77.5166 128.536 400
-78.1985 128.536 400
-78.8804 128.536 400
-79.5623 128.536 400
-80.4448 128.857 401
-81.3307 129.178 402
-82.2201 129.5 403
-82.9071 129.5 403
-83.8015 129.821 404
-84.6994 130.142 405
-85.6006 130.464 406
-86.2928 130.464 406
-86.9849 130.464 406
-87.893 130.785 407
-88.5868 130.785 407
-89.2806 130.785 407
-92.1851 133.999 417
-92.896 133.999 417
-94.2803 134.963 420
-95.4487 135.605 422
-96.1681 135.605 422
-97.5763 136.569 425
-98.5321 136.891 426
-99.4913 137.212 427
-100.219 137.212 427
-100.947 137.212 427
-101.913 137.533 428
-102.643 137.533 428
-103.372 137.533 428
-104.345 137.855 429
-105.322 138.176 430
-106.055 138.176 430
-106.788 138.176 430
-107.771 138.497 431
-108.757 138.819 432
-109.494 138.819 432
-110.485 139.14 433
-111.223 139.14 433
-112.22 139.461 434
-112.96 139.461 434
-113.962 139.783 435
-114.967 140.104 436
-115.976 140.425 437
-117.522 141.389 440
-118.272 141.389 440
-119.022 141.389 440
-119.772 141.389 440
-120.249 141.068 439
-872.05 755.148 2350
-876.057 755.148 2350
-880.063 755.148 2350
-884.069 755.148 2350
-884.296 751.934 2340
-875.758 741.33 2307
-879.691 741.33 2307
-881.326 739.402 2301
-873.322 729.441 2270
-868.69 722.371 2248
-871.358 721.407 2245
-870.507 717.551 2233
-867.266 711.767 2215
-865.537 707.268 2201
-863.365 702.448 2186
-867.091 702.448 2186
-870.818 702.448 2186
-875.744 703.412 2189
-879.476 703.412 2189
-883.208 703.412 2189
-885.724 702.448 2186
-888.637 701.805 2184
-891.134 700.841 2181
-894.852 700.841 2181
-896.098 698.913 2175
-897.324 696.985 2169
-900.191 696.343 2167
-903.885 696.343 2167
-906.323 695.379 2164
-907.488 693.451 2158
-909.901 692.487 2155
-913.574 692.487 2155
-917.248 692.487 2155
-920.067 691.844 2153
-922.45 690.88 2150
-926.116 690.88 2150
-929.781 690.88 2150
-932.143 689.916 2147
-935.804 689.916 2147
-939.464 689.916 2147
-939.61 687.345 2139
-943.256 687.345 2139
-943.361 684.774 2131
-946.994 684.774 2131
-949.288 683.81 2128
-950.229 681.882 2122
-952.948 681.24 2120
-956.562 681.24 2120
-958.817 680.276 2117
-958.789 677.705 2109
-962.384 677.705 2109
-965.98 677.705 2109
-969.575 677.705 2109
-970.863 676.098 2104
-973.061 675.134 2101
-976.642 675.134 2101
-980.224 675.134 2101
-983.806 675.134 2101
-985.977 674.17 2098
-989.554 674.17 2098
-993.131 674.17 2098
-998.132 675.134 2101
-1001.71 675.134 2101
-1005.3 675.134 2101
-1007.44 674.17 2098
-1010.05 673.528 2096
-1011.2 671.921 2091
-1014.77 671.921 2091
-1016.87 670.957 2088
-1018.97 669.993 2085
-1022.52 669.993 2085
-1026.08 669.993 2085
-1024.69 666.779 2075
-1023.27 663.566 2065
-1024.31 661.959 2060
-1027.82 661.959 2060
-1029.83 660.995 2057
-1033.34 660.995 2057
-1032.81 658.425 2049
-1036.3 658.425 2049
-1037.26 656.818 2044
-1039.72 656.175 2042
-1038.1 652.962 2032
-1041.56 652.962 2032
-1037.31 648.142 2017
1175.36 1278.85 4001
1168.54 1278.85 4001
1161.72 1278.85 4001
789.939 1306.98 4089
782.968 1306.98 4089
775.997 1306.98 4089
769.026 1306.98 4089
762.056 1306.98 4089
755.085 1306.98 4089
748.114 1306.98 4089
739.331 1303.78 4079
730.582 1300.59 4069
720.088 1294.2 4049
713.186 1294.2 4049
706.283 1294.2 4049
699.381 1294.2 4049
692.478 1294.2 4049
685.576 1294.2 4049
678.673 1294.2 4049
668.618 1288.12 4030
656.986 1278.85 4001
647.078 1272.78 3982
640.29 1272.78 3982
631.911 1269.58 3972
625.139 1269.58 3972
618.368 1269.58 3972
611.597 1269.58 3972
603.455 1266.71 3963
596.699 1266.71 3963
589.943 1266.71 3963
583.187 1266.71 3963
574.977 1263.51 3953
565.651 1257.76 3935
557.522 1254.56 3925
550.831 1254.56 3925
540.397 1245.93 3898
531.287 1240.18 3880
523.455 1237.3 3871
516.856 1237.3 3871
510.257 1237.3 3871
503.658 1237.3 3871
494.748 1231.55 3853
488.179 1231.55 3853
464.219 1220.36 3818
457.71 1220.36 3818
451.201 1220.36 3818
444.692 1220.36 3818
438.184 1220.36 3818
431.675 1220.36 3818
-14.9612 142.556 446
-15.7215 142.556 446
-16.4818 142.556 446
-17.2035 142.237 445
-17.9621 142.237 445
-18.6365 141.598 443
-19.348 141.278 442
-34.4679 130.091 407
-35.1617 130.091 407
-35.8555 130.091 407
-36.4596 129.771 406
-37.1517 129.771 406
-37.8438 129.771 406
-38.5359 129.771 406
-39.1315 129.452 405
-39.7236 129.132 404
-40.4123 129.132 404
-41.101 129.132 404
-41.6863 128.812 403
-42.3733 128.812 403
-42.9534 128.493 402
-43.6388 128.493 402
-44.2138 128.173 401
-44.8974 128.173 401
-45.4673 127.853 400
-46.1492 127.853 400
-46.8311 127.853 400
-47.3943 127.534 399
-48.0744 127.534 399
-48.7546 127.534 399
-49.4348 127.534 399
-50.115 127.534 399
-50.6679 127.214 398
-51.3464 127.214 398
-52.0249 127.214 398
-52.7034 127.214 398
-53.3819 127.214 398
-53.9245 126.894 397
-54.6013 126.894 397
-55.2781 126.894 397
-55.9549 126.894 397
-56.6317 126.894 397
-57.3085 126.894 397
-57.8392 126.575 396
-58.5143 126.575 396
-59.1894 126.575 396
-59.8644 126.575 396
-60.5395 126.575 396
-61.2146 126.575 396
-61.8897 126.575 396
-62.5648 126.575 396
-63.2398 126.575 396
-63.9149 126.575 396
-64.59 126.575 396
-65.2651 126.575 396
-65.9401 126.575 396
-66.6152 126.575 396
-67.2903 126.575 396
-67.9654 126.575 396
-68.6405 126.575 396
-69.4906 126.894 397
-70.1674 126.894 397
-70.8442 126.894 397
-71.521 126.894 397
-72.3796 127.214 398
-73.0581 127.214 398
-73.9218 127.534 399
-74.602 127.534 399
-75.2822 127.534 399
-76.1528 127.853 400
-76.8347 127.853 400
-77.5166 127.853 400
-78.1985 127.853 400
-78.8804 127.853 400
-79.5623 127.853 400
-80.4448 128.173 401
-81.533 128.812 403
-82.4241 129.132 404
-83.1128 129.132 404
-84.0089 129.452 405
-84.6994 129.452 405
-85.6006 129.771 406
-86.2928 129.771 406
-87.1991 130.091 407
-87.893 130.091 407
-88.5868 130.091 407
-89.5 130.41 408
-92.6273 133.926 419
-93.3416 133.926 419
-94.7293 134.885 422
-95.901 135.525 424
-96.6239 135.525 424
-97.8059 136.164 426
-98.5321 136.164 426
-99.4913 136.483 427
-100.219 136.483 427
-100.947 136.483 427
-101.913 136.803 428
-102.643 136.803 428
-103.372 136.803 428
-104.345 137.123 429
-105.322 137.442 430
-106.055 137.442 430
-106.788 137.442 430
-107.771 137.762 431
-108.757 138.082 432
-109.494 138.082 432
-110.485 138.401 433
-111.223 138.401 433
-112.22 138.721 434
-112.96 138.721 434
-113.962 139.041 435
-114.967 139.36 436
-115.71 139.36 436
-117.522 140.639 440
-118.272 140.639 440
-119.022 140.639 440
-119.772 140.639 440
-864.629 744.746 2330
-869.719 745.705 2333
-873.696 745.705 2333
-877.673 745.705 2333
-881.651 745.705 2333
-873.48 735.476 2301
-877.403 735.476 2301
-876.346 731.321 2288
-868.32 721.413 2257
-867.531 717.577 2245
-871.358 717.577 2245
-866.999 710.865 2224
-867.266 707.988 2215
-863.177 701.595 2195
-862.575 698.079 2184
-866.298 698.079 2184
-870.021 698.079 2184
-875.744 699.677 2189
-879.476 699.677 2189
-883.208 699.677 2189
-885.724 698.719 2186
-888.637 698.079 2184
-889.908 696.161 2178
-893.621 696.161 2178
-894.862 694.244 2172
-896.496 692.646 2167
-900.191 692.646 2167
-903.885 692.646 2167
-906.323 691.687 2164
-906.227 688.81 2155
-909.901 688.81 2155
-913.574 688.81 2155
-917.248 688.81 2155
-920.067 688.171 2153
-922.45 687.212 2150
-926.116 687.212 2150
-928.483 686.253 2147
-932.143 686.253 2147
-934.496 685.294 2144
-938.151 685.294 2144
-939.61 683.696 2139
-941.933 682.737 2136
-943.361 681.139 2131
-946.994 681.139 2131
-949.288 680.18 2128
-950.229 678.262 2122
-952.948 677.623 2120
-956.562 677.623 2120
-958.817 676.664 2117
-958.789 674.107 2109
-962.384 674.107 2109
-965.98 674.107 2109
-969.575 674.107 2109
-970.863 672.509 2104
-973.061 671.55 2101
-976.642 671.55 2101
-980.224 671.55 2101
-983.806 671.55 2101
-985.977 670.591 2098
-989.554 670.591 2098
-993.131 670.591 2098
-998.132 671.55 2101
-1001.71 671.55 2101
-1005.3 671.55 2101
-1007.44 670.591 2098
-1010.05 669.952 2096
-1011.2 668.353 2091
-1014.77 668.353 2091
-1015.41 666.436 2085
-1017.99 665.796 2083
-1020.07 664.837 2080
-1023.61 664.837 2080
-1024.69 663.239 2075
-1023.27 660.043 2065
-1024.31 658.445 2060
-1027.82 658.445 2060
-1031.33 658.445 2060
-1033.34 657.486 2057
-1032.81 654.929 2049
-1036.3 654.929 2049
-1037.26 653.331 2044
-1039.72 652.691 2042
-1038.1 649.495 2032
-1041.56 649.495 2032
-1038.85 645.659 2020
789.939 1300 4089
782.968 1300 4089
775.997 1300 4089
769.026 1300 4089
762.056 1300 4089
755.085 1300 4089
748.114 1300 4089
741.144 1300 4089
730.582 1293.65 4069
721.867 1290.47 4059
714.947 1290.47 4059
708.028 1290.47 4059
701.108 1290.47 4059
694.189 1290.47 4059
687.269 1290.47 4059
678.673 1287.29 4049
668.618 1281.25 4030
660.106 1278.07 4020
653.253 1278.07 4020
643.345 1272.03 4001
633.502 1265.99 3982
626.713 1265.99 3982
618.368 1262.81 3972
611.597 1262.81 3972
604.826 1262.81 3972
596.699 1259.95 3963
589.943 1259.95 3963
583.187 1259.95 3963
576.431 1259.95 3963
566.944 1253.91 3944
557.522 1247.86 3925
550.831 1247.86 3925
540.397 1239.28 3898
531.287 1233.56 3880
-14.9612 141.796 446
-15.7567 142.113 447
-16.5188 142.113 447
-17.2808 142.113 447
-18.0428 142.113 447
-18.6786 141.16 444
-19.3917 140.842 443
-34.8066 130.668 411
-35.5073 130.668 411
-36.2079 130.668 411
-36.4596 129.078 406
-37.1517 129.078 406
-37.8438 129.078 406
-38.5359 129.078 406
-39.1315 128.761 405
-39.7236 128.443 404
-40.4123 128.443 404
-41.101 128.443 404
-41.6863 128.125 403
-42.3733 128.125 403
-42.9534 127.807 402
-43.6388 127.807 402
-44.2138 127.489 401
-44.8974 127.489 401
-45.4673 127.171 400
-46.1492 127.171 400
-46.8311 127.171 400
-47.3943 126.853 399
-48.0744 126.853 399
-48.7546 126.853 399
-49.4348 126.853 399
-50.115 126.853 399
-50.6679 126.535 398
-51.3464 126.535 398
-52.0249 126.535 398
-52.7034 126.535 398
-53.3819 126.535 398
-53.9245 126.217 397
-54.6013 126.217 397
-55.2781 126.217 397
-55.9549 126.217 397
-56.6317 126.217 397
-57.3085 126.217 397
-57.8392 125.899 396
-58.5143 125.899 396
-59.1894 125.899 396
-59.8644 125.899 396
-60.5395 125.899 396
-61.2146 125.899 396
-61.8897 125.899 396
-62.5648 125.899 396
-63.2398 125.899 396
-63.9149 125.899 396
-64.59 125.899 396
-65.2651 125.899 396
-65.9401 125.899 396
-66.6152 125.899 396
-67.2903 125.899 396
-68.137 126.217 397
-68.8138 126.217 397
-69.4906 126.217 397
-70.1674 126.217 397
-71.0226 126.535 398
-71.7011 126.535 398
-72.3796 126.535 398
-73.2416 126.853 399
-73.9218 126.853 399
-74.602 126.853 399
-75.2822 126.853 399
-76.1528 127.171 400
-76.8347 127.171 400
-77.5166 127.171 400
-78.1985 127.171 400
-79.0776 127.489 401
-79.7612 127.489 401
-80.6454 127.807 402
-81.533 128.125 403
-82.4241 128.443 404
-83.1128 128.443 404
-84.0089 128.761 405
-84.9085 129.078 406
-85.6006 129.078 406
-86.5053 129.396 407
-87.4134 129.714 408
-88.1089 129.714 408
-88.8045 129.714 408
-90.1581 130.668 411
-93.0694 133.847 421
-93.7871 133.847 421
-94.9538 134.483 423
-96.1272 135.119 425
-96.8517 135.119 425
-97.8059 135.437 426
-98.5321 135.437 426
-99.4913 135.755 427
-100.219 135.755 427
-101.184 136.073 428
-101.913 136.073 428
-102.643 136.073 428
-103.372 136.073 428
-104.345 136.391 429
-105.322 136.709 430
-106.055 136.709 430
-107.036 137.027 431
-107.771 137.027 431
-109.009 137.663 433
-109.747 137.663 433
-110.485 137.663 433
-111.48 137.98 434
-112.479 138.298 435
-113.22 138.298 435
-114.224 138.616 436
-115.758 139.57 439
-116.507 139.57 439
-117.789 140.206 441
-118.541 140.206 441
-119.293 140.206 441
-120.045 140.206 441
-868.601 740.771 2330
-872.573 740.771 2330
-876.545 740.771 2330
-879.383 739.817 2327
-873.48 731.551 2301
-877.403 731.551 2301
-872.899 724.556 2279
-864.858 714.701 2248
-864.053 710.885 2236
-867.865 710.885 2236
-866.999 707.07 2224
-867.266 704.209 2215
-863.177 697.85 2195
-862.575 694.353 2184
-866.298 694.353 2184
-870.021 694.353 2184
-875.744 695.943 2189
-879.476 695.943 2189
-883.208 695.943 2189
-885.724 694.989 2186
-888.637 694.353 2184
-888.683 691.492 2175
-892.39 691.492 2175
-893.626 689.584 2169
-896.496 688.948 2167
-898.944 687.995 2164
-902.633 687.995 2164
-906.323 687.995 2164
-906.227 685.133 2155
-909.901 685.133 2155
-913.574 685.133 2155
-917.248 685.133 2155
-918.785 683.544 2150
-922.45 683.544 2150
-926.116 683.544 2150
-928.483 682.59 2147
-932.143 682.59 2147
-934.496 681.636 2144
-938.151 681.636 2144
-939.61 680.046 2139
-941.933 679.093 2136
-942.033 676.549 2128
-945.661 676.549 2128
-949.288 676.549 2128
-950.229 674.642 2122
-952.948 674.006 2120
-956.562 674.006 2120
-958.817 673.052 2117
-958.789 670.509 2109
-960.103 668.919 2104
-963.69 668.919 2104
-967.276 668.919 2104
-969.479 667.965 2101
-970.745 666.376 2096
-974.318 666.376 2096
-977.891 666.376 2096
-981.464 666.376 2096
-983.628 665.422 2093
-989.554 667.011 2098
-993.131 667.011 2098
-996.707 667.011 2098
-1000.28 667.011 2098
-1003.86 667.011 2098
-1006.48 666.376 2096
-1007.64 664.786 2091
-1009.75 663.832 2088
-1013.31 663.832 2088
-1015.41 662.878 2085
-1017.99 662.243 2083
-1020.07 661.289 2080
-1023.61 661.289 2080
-1024.69 659.699 2075
-1023.27 656.52 2065
-1024.31 654.93 2060
-1027.82 654.93 2060
-1031.33 654.93 2060
-1033.34 653.976 2057
-1032.81 651.433 2049
-1036.3 651.433 2049
-1037.26 649.843 2044
-1039.72 649.207 2042
-1038.1 646.028 2032
-1041.56 646.028 2032
-1038.85 642.213 2020
782.968 1293.03 4089
775.997 1293.03 4089
769.026 1293.03 4089
762.056 1293.03 4089
755.085 1293.03 4089
748.114 1293.03 4089
741.144 1293.03 4089
730.582 1286.7 4069
721.867 1283.54 4059
714.947 1283.54 4059
708.028 1283.54 4059
701.108 1283.54 4059
694.189 1283.54 4059
687.269 1283.54 4059
678.673 1280.38 4049
668.618 1274.37 4030
660.106 1271.21 4020
653.253 1271.21 4020
643.345 1265.2 4001
633.502 1259.19 3982
626.713 1259.19 3982
619.925 1259.19 3982
613.137 1259.19 3982
606.348 1259.19 3982
596.699 1253.18 3963
589.943 1253.18 3963
583.187 1253.18 3963
576.431 1253.18 3963
566.944 1247.18 3944
557.522 1241.17 3925
550.831 1241.17 3925
540.397 1232.63 3898
531.287 1226.94 3880
-14.9612 141.035 446
-15.7567 141.351 447
-16.5188 141.351 447
-17.2808 141.351 447
-18.0428 141.351 447
-18.8048 141.351 447
-19.4355 140.402 444
-33.1025 131.548 416
-33.8117 131.548 416
-34.5209 131.548 416
-35.2301 131.548 416
-35.9392 131.548 416
-36.2079 129.967 411
-36.4596 128.386 406
-37.1517 128.386 406
-37.8438 128.386 406
-38.5359 128.386 406
-39.1315 128.07 405
-39.7236 127.753 404
-40.4123 127.753 404
-41.101 127.753 404
-41.7897 127.753 404
-42.3733 127.437 403
-42.9534 127.121 402
-43.6388 127.121 402
-44.2138 126.805 401
-44.8974 126.805 401
-45.4673 126.488 400
-46.1492 126.488 400
-46.8311 126.488 400
-47.3943 126.172 399
-48.0744 126.172 399
-48.7546 126.172 399
-49.4348 126.172 399
-50.115 126.172 399
-50.7952 126.172 399
-51.3464 125.856 398
-52.0249 125.856 398
-52.7034 125.856 398
-53.3819 125.856 398
-54.0604 125.856 398
-54.7389 125.856 398
-55.2781 125.54 397
-55.9549 125.54 397
-56.6317 125.54 397
-57.3085 125.54 397
-57.9852 125.54 397
-58.5143 125.224 396
-59.1894 125.224 396
-59.8644 125.224 396
-60.5395 125.224 396
-61.2146 125.224 396
-61.8897 125.224 396
-62.5648 125.224 396
-63.2398 125.224 396
-63.9149 125.224 396
-64.59 125.224 396
-65.2651 125.224 396
-65.9401 125.224 396
-66.6152 125.224 396
-67.2903 125.224 396
-68.137 125.54 397
-68.8138 125.54 397
-69.4906 125.54 397
-70.1674 125.54 397
-71.0226 125.856 398
-71.7011 125.856 398
-72.3796 125.856 398
-73.2416 126.172 399
-73.9218 126.172 399
-74.602 126.172 399
-75.2822 126.172 399
-76.1528 126.488 400
-76.8347 126.488 400
-77.5166 126.488 400
-78.394 126.805 401
-79.0776 126.805 401
-79.7612 126.805 401
-80.846 127.437 403
-81.7354 127.753 404
-82.6281 128.07 405
-83.3185 128.07 405
-84.2164 128.386 406
-84.9085 128.386 406
-85.6006 128.386 406
-86.5053 128.702 407
-87.4134 129.018 408
-88.5408 129.651 410
-89.2398 129.651 410
-90.3774 130.283 412
-93.0694 133.129 421
-94.0099 133.445 422
-94.9538 133.762 423
-96.1272 134.394 425
-96.8517 134.394 425
-97.8059 134.71 426
-98.5321 134.71 426
-99.4913 135.026 427
-100.219 135.026 427
-101.184 135.343 428
-101.913 135.343 428
-102.883 135.659 429
-103.614 135.659 429
-104.589 135.975 430
-105.567 136.291 431
-106.301 136.291 431
-107.036 136.291 431
-108.021 136.608 432
-109.009 136.924 433
-109.747 136.924 433
-110.996 137.556 435
-111.994 137.872 436
-112.737 137.872 436
-114.001 138.505 438
-115.01 138.821 439
-116.286 139.454 441
-117.037 139.454 441
-118.056 139.77 442
-119.079 140.086 443
-119.834 140.086 443
-120.589 140.086 443
-868.601 736.795 2330
-872.573 736.795 2330
-876.545 736.795 2330
-879.383 735.847 2327
-873.48 727.625 2301
-877.403 727.625 2301
-872.899 720.668 2279
-864.858 710.865 2248
-864.053 707.07 2236
-867.865 707.07 2236
-866.999 703.276 2224
-867.266 700.43 2215
-863.177 694.105 2195
-865.734 693.157 2192
-866.298 690.627 2184
-870.021 690.627 2184
-874.544 691.259 2186
-878.271 691.259 2186
-881.997 691.259 2186
-885.724 691.259 2186
-888.637 690.627 2184
-891.134 689.678 2181
-891.16 686.832 2172
-892.802 685.251 2167
-895.255 684.303 2164
-898.944 684.303 2164
-902.633 684.303 2164
-906.323 684.303 2164
-906.227 681.457 2155
-909.901 681.457 2155
-913.574 681.457 2155
-916.397 680.824 2153
-918.785 679.876 2150
-921.163 678.927 2147
-924.823 678.927 2147
-928.483 678.927 2147
-930.841 677.978 2144
-934.496 677.978 2144
-937.276 677.346 2142
-938.292 675.448 2136
-940.61 674.5 2133
-942.033 672.919 2128
-945.661 672.919 2128
-946.612 671.021 2122
-950.229 671.021 2122
-952.948 670.389 2120
-956.562 670.389 2120
-956.553 667.859 2112
-956.516 665.329 2104
-958.734 664.381 2101
-962.316 664.381 2101
-965.897 664.381 2101
-967.172 662.8 2096
-968.429 661.218 2091
-971.994 661.218 2091
-975.558 661.218 2091
-979.123 661.218 2091
-982.688 661.218 2091
-986.252 661.218 2091
-989.817 661.218 2091
-994.332 661.851 2093
-997.9 661.851 2093
-1001.47 661.851 2093
-1004.08 661.218 2091
-1006.19 660.27 2088
-1007.34 658.689 2083
-1010.89 658.689 2083
-1014.44 658.689 2083
-1016.52 657.74 2080
-1020.07 657.74 2080
-1023.61 657.74 2080
-1023.21 655.21 2072
-1023.27 652.997 2065
-1024.31 651.416 2060
-1027.82 651.416 2060
-1031.33 651.416 2060
-1033.34 650.467 2057
-1032.81 647.937 2049
-1036.3 647.937 2049
-1037.26 646.356 2044
-1039.72 645.724 2042
-1038.1 642.561 2032
-1041.56 642.561 2032
-1038.85 638.767 2020
775.997 1286.05 4089
769.026 1286.05 4089
762.056 1286.05 4089
755.085 1286.05 4089
748.114 1286.05 4089
741.144 1286.05 4089
734.173 1286.05 4089
723.645 1279.76 4069
716.709 1279.76 4069
709.772 1279.76 4069
702.835 1279.76 4069
695.899 1279.76 4069
688.962 1279.76 4069
682.026 1279.76 4069
670.112 1270.33 4039
661.748 1267.5 4030
654.878 1267.5 4030
644.792 1261.21 4010
633.502 1252.4 3982
626.713 1252.4 3982
619.925 1252.4 3982
613.137 1252.4 3982
606.348 1252.4 3982
596.699 1246.42 3963
589.943 1246.42 3963
583.187 1246.42 3963
576.431 1246.42 3963
566.944 1240.45 3944
557.522 1234.47 3925
550.831 1234.47 3925
-15.7567 140.588 447
-16.5188 140.588 447
-17.2808 140.588 447
-18.0428 140.588 447
-18.8048 140.588 447
-19.4355 139.645 444
-33.1025 130.838 416
-33.8117 130.838 416
-34.5209 130.838 416
-35.2301 130.838 416
-35.9392 130.838 416
-36.2079 129.266 411
-36.5494 128.008 407
-37.1517 127.693 406
-37.8438 127.693 406
-38.5359 127.693 406
-39.1315 127.379 405
-39.7236 127.064 404
-40.4123 127.064 404
-41.101 127.064 404
-41.7897 127.064 404
-42.3733 126.75 403
-42.9534 126.435 402
-43.6388 126.435 402
-44.2138 126.121 401
-44.8974 126.121 401
-45.4673 125.806 400
-46.1492 125.806 400
-46.8311 125.806 400
-47.513 125.806 400
-48.0744 125.492 399
-48.7546 125.492 399
-49.4348 125.492 399
-50.115 125.492 399
-50.7952 125.492 399
-51.4754 125.492 399
-52.1556 125.492 399
-52.7034 125.177 398
-53.3819 125.177 398
-54.0604 125.177 398
-54.7389 125.177 398
-55.4173 125.177 398
-55.9549 124.862 397
-56.6317 124.862 397
-57.3085 124.862 397
-57.9852 124.862 397
-58.662 124.862 397
-59.1894 124.548 396
-59.8644 124.548 396
-60.5395 124.548 396
-61.2146 124.548 396
-61.8897 124.548 396
-62.5648 124.548 396
-63.2398 124.548 396
-63.9149 124.548 396
-64.59 124.548 396
-65.2651 124.548 396
-65.9401 124.548 396
-66.7835 124.862 397
-67.4602 124.862 397
-68.137 124.862 397
-68.8138 124.862 397
-69.4906 124.862 397
-70.1674 124.862 397
-71.0226 125.177 398
-71.7011 125.177 398
-72.3796 125.177 398
-73.2416 125.492 399
-73.9218 125.492 399
-74.602 125.492 399
-75.2822 125.492 399
-76.1528 125.806 400
-76.8347 125.806 400
-77.5166 125.806 400
-78.394 126.121 401
-79.0776 126.121 401
-79.7612 126.121 401
-80.846 126.75 403
-81.7354 127.064 404
-82.6281 127.379 405
-83.3185 127.379 405
-84.2164 127.693 406
-84.9085 127.693 406
-85.6006 127.693 406
-86.5053 128.008 407
-87.4134 128.322 408
-88.5408 128.951 410
-89.2398 128.951 410
-90.3774 129.58 412
-93.0694 132.411 421
-94.0099 132.725 422
-94.9538 133.04 423
-96.1272 133.669 425
-96.8517 133.669 425
-97.8059 133.983 426
-98.5321 133.983 426
-99.4913 134.298 427
-100.219 134.298 427
-101.184 134.612 428
-102.151 134.927 429
-102.883 134.927 429
-103.856 135.241 430
-104.832 135.556 431
-105.811 135.871 432
-106.548 135.871 432
-107.284 135.871 432
-108.021 135.871 432
-109.513 136.814 435
-110.254 136.814 435
-111.761 137.758 438
-112.508 137.758 438
-113.255 137.758 438
-114.261 138.072 439
-115.534 138.701 441
-116.549 139.016 442
-117.303 139.016 442
-118.323 139.33 443
-119.616 139.959 445
-120.375 139.959 445
-121.133 139.959 445
-865.991 730.618 2323
-869.951 730.618 2323
-873.911 730.618 2323
-876.738 729.675 2320
-866.268 717.723 2282
-870.158 717.723 2282
-869.452 713.949 2270
-860.241 703.256 2236
-860.575 700.425 2227
-864.372 700.425 2227
-864.66 697.594 2218
-864.134 694.135 2207
-863.177 690.361 2195
-865.734 689.417 2192
-866.298 686.901 2184
-870.021 686.901 2184
-874.544 687.53 2186
-878.271 687.53 2186
-881.997 687.53 2186
-885.724 687.53 2186
-888.637 686.901 2184
-891.134 685.957 2181
-891.16 683.127 2172
-892.802 681.554 2167
-895.255 680.611 2164
-898.944 680.611 2164
-902.633 680.611 2164
-906.323 680.611 2164
-906.227 677.78 2155
-909.901 677.78 2155
-913.574 677.78 2155
-916.397 677.151 2153
-918.785 676.207 2150
-921.163 675.264 2147
-924.823 675.264 2147
-928.483 675.264 2147
-930.841 674.32 2144
-934.496 674.32 2144
-937.276 673.691 2142
-938.292 671.804 2136
-940.61 670.861 2133
-944.246 670.861 2133
-945.661 669.288 2128
-946.612 667.401 2122
-949.334 666.772 2120
-951.599 665.828 2117
-953.855 664.885 2114
-956.553 664.256 2112
-955.152 660.796 2101
-956.452 659.224 2096
-960.025 659.224 2096
-963.599 659.224 2096
-964.865 657.651 2091
-965.65 655.764 2085
-970.599 656.707 2088
-974.159 656.707 2088
-977.718 656.707 2088
-979.868 655.764 2085
-983.422 655.764 2085
-986.977 655.764 2085
-993.382 657.651 2091
-996.946 657.651 2091
-1000.51 657.651 2091
-1002.63 656.707 2088
-1003.78 655.135 2083
-1005.89 654.191 2080
-1009.43 654.191 2080
-1012.98 654.191 2080
-1016.52 654.191 2080
-1017.62 652.619 2075
-1021.15 652.619 2075
-1023.21 651.675 2072
-1021.79 648.53 2062
-1021.82 646.328 2055
-1025.32 646.328 2055
-1027.33 645.385 2052
-1030.82 645.385 2052
-1032.81 644.441 2049
-1036.3 644.441 2049
-1036.24 642.24 2042
-1035.65 639.724 2034
-1034.52 636.893 2025
-1037.97 636.893 2025
-1036.28 633.748 2015
748.114 1279.08 4089
741.144 1279.08 4089
734.173 1279.08 4089
727.202 1279.08 4089
720.231 1279.08 4089
711.516 1275.95 4079
706.29 1279.08 4089
699.319 1279.08 4089
692.349 1279.08 4089
685.378 1279.08 4089
675.089 1272.82 4069
663.226 1263.44 4039
656.341 1263.44 4039
648.008 1260.62 4030
639.547 1257.49 4020
631.12 1254.36 4010
625.841 1257.49 4020
618.988 1257.49 4020
612.135 1257.49 4020
596.699 1239.66 3963
589.943 1239.66 3963
-15.792 140.138 448
-16.5557 140.138 448
-17.3194 140.138 448
-18.0832 140.138 448
-18.8469 140.138 448
-19.4355 138.887 444
-33.1025 130.129 416
-33.8117 130.129 416
-34.5209 130.129 416
-35.2301 130.129 416
-35.9392 130.129 416
-36.2079 128.564 411
-36.5494 127.313 407
-37.1517 127 406
-37.8438 127 406
-38.5359 127 406
-39.1315 126.688 405
-39.7236 126.375 404
-40.4123 126.375 404
-41.101 126.375 404
-41.7897 126.375 404
-42.3733 126.062 403
-42.9534 125.749 402
-43.6388 125.749 402
-44.3241 125.749 402
-44.8974 125.436 401
-45.581 125.436 401
-46.2646 125.436 401
-46.8311 125.124 400
-47.513 125.124 400
-48.1949 125.124 400
-48.8768 125.124 400
-49.5587 125.124 400
-50.115 124.811 399
-50.7952 124.811 399
-51.4754 124.811 399
-52.1556 124.811 399
-52.8358 124.811 399
-53.516 124.811 399
-54.0604 124.498 398
-54.7389 124.498 398
-55.4173 124.498 398
-56.0958 124.498 398
-56.6317 124.185 397
-57.3085 124.185 397
-57.9852 124.185 397
-58.662 124.185 397
-59.3388 124.185 397
-60.0156 124.185 397
-60.6924 124.185 397
-61.3692 124.185 397
-62.046 124.185 397
-62.7227 124.185 397
-63.3995 124.185 397
-64.0763 124.185 397
-64.7531 124.185 397
-65.4299 124.185 397
-66.1067 124.185 397
-66.7835 124.185 397
-67.4602 124.185 397
-68.137 124.185 397
-68.8138 124.185 397
-69.4906 124.185 397
-70.3441 124.498 398
-71.0226 124.498 398
-71.7011 124.498 398
-72.5614 124.811 399
-73.2416 124.811 399
-73.9218 124.811 399
-74.602 124.811 399
-75.4709 125.124 400
-76.1528 125.124 400
-76.8347 125.124 400
-77.7104 125.436 401
-78.394 125.436 401
-79.0776 125.436 401
-79.7612 125.436 401
-80.846 126.062 403
-81.7354 126.375 404
-82.6281 126.688 405
-83.3185 126.688 405
-84.2164 127 406
-85.3268 127.626 408
-86.0223 127.626 408
-86.7178 127.626 408
-87.8419 128.252 410
-88.7568 128.564 411
-89.4574 128.564 411
-91.913 131.067 419
-92.6273 131.067 419
-94.0099 132.005 422
-94.9538 132.318 423
-96.1272 132.944 425
-96.8517 132.944 425
-97.8059 133.257 426
-98.5321 133.257 426
-99.4913 133.569 427
-100.219 133.569 427
-101.184 133.882 428
-102.151 134.195 429
-102.883 134.195 429
-103.856 134.508 430
-104.832 134.821 431
-105.811 135.133 432
-106.548 135.133 432
-107.284 135.133 432
-108.021 135.133 432
-109.513 136.072 435
-110.254 136.072 435
-111.761 137.01 438
-112.508 137.01 438
-113.255 137.01 438
-114.261 137.323 439
-115.534 137.949 441
-116.549 138.262 442
-117.303 138.262 442
-118.323 138.574 443
-119.616 139.2 445
-120.375 139.2 445
-121.133 139.2 445
-864.873 725.717 2320
-868.828 725.717 2320
-872.783 725.717 2320
-874.47 723.84 2314
-865.129 712.892 2279
-869.014 712.892 2279
-869.452 710.076 2270
-860.241 699.441 2236
-858.257 694.749 2221
-862.043 694.749 2221
-863.49 692.872 2215
-864.134 690.369 2207
-861.997 685.677 2192
-865.734 685.677 2192
-866.298 683.175 2184
-870.021 683.175 2184
-873.744 683.175 2184
-877.467 683.175 2184
-881.19 683.175 2184
-884.914 683.175 2184
-887.416 682.236 2181
-891.134 682.236 2181
-891.16 679.421 2172
-892.802 677.857 2167
-894.014 675.98 2161
-897.698 675.98 2161
-901.382 675.98 2161
-905.066 675.98 2161
-906.227 674.103 2155
-909.056 673.478 2153
-912.727 673.478 2153
-916.397 673.478 2153
-918.785 672.539 2150
-921.163 671.601 2147
-924.823 671.601 2147
-927.186 670.662 2144
-930.841 670.662 2144
-934.496 670.662 2144
-937.276 670.037 2142
-938.292 668.16 2136
-940.61 667.221 2133
-944.246 667.221 2133
-945.661 665.657 2128
-946.612 663.781 2122
-949.334 663.155 2120
-951.599 662.217 2117
-953.855 661.278 2114
-956.553 660.653 2112
-955.152 657.212 2101
-956.452 655.648 2096
-960.025 655.648 2096
-963.599 655.648 2096
-964.865 654.083 2091
-967.04 653.145 2088
-970.599 653.145 2088
-974.159 653.145 2088
-977.718 653.145 2088
-979.868 652.207 2085
-983.422 652.207 2085
-986.977 652.207 2085
-993.382 654.083 2091
-996.946 654.083 2091
-1000.51 654.083 2091
-1002.63 653.145 2088
-1003.78 651.581 2083
-1005.89 650.643 2080
-1009.43 650.643 2080
-1012.98 650.643 2080
-1012.61 648.14 2072
-1016.15 648.14 2072
-1019.68 648.14 2072
-1019.75 645.951 2065
-1016.83 641.884 2052
-1016.35 639.382 2044
-1019.84 639.382 2044
-1023.32 639.382 2044
-1025.8 638.756 2042
-1025.25 636.253 2034
-1028.72 636.253 2034
-1031.17 635.628 2032
-1031.07 633.438 2025
-1030.43 630.936 2017
-1033.87 630.936 2017
-1032.68 628.12 2008
748.114 1272.1 4089
741.144 1272.1 4089
734.173 1272.1 4089
727.202 1272.1 4089
720.231 1272.1 4089
711.516 1268.99 4079
706.29 1272.1 4089
699.319 1272.1 4089
692.349 1272.1 4089
685.378 1272.1 4089
675.089 1265.88 4069
668.152 1265.88 4069
661.216 1265.88 4069
652.671 1262.77 4059
642.57 1256.54 4039
635.684 1256.54 4039
628.799 1256.54 4039
621.913 1256.54 4039
612.135 1250.63 4020
-15.8272 139.685 449
-16.5927 139.685 449
-17.3581 139.685 449
-18.1235 139.685 449
-18.889 139.685 449
-19.6106 139.374 448
-20.3743 139.374 448
-33.1025 129.419 416
-33.8117 129.419 416
-34.5209 129.419 416
-35.2301 129.419 416
-35.9392 129.419 416
-36.2079 127.863 411
-36.5494 126.619 407
-37.1517 126.308 406
-37.8438 126.308 406
-38.5359 126.308 406
-39.1315 125.997 405
-39.7236 125.686 404
-40.4123 125.686 404
-41.101 125.686 404
-41.7897 125.686 404
-42.3733 125.374 403
-42.9534 125.063 402
-43.6388 125.063 402
-44.3241 125.063 402
-44.8974 124.752 401
-45.581 124.752 401
-46.2646 124.752 401
-46.8311 124.441 400
-47.513 124.441 400
-48.1949 124.441 400
-48.8768 124.441 400
-49.5587 124.441 400
-50.115 124.13 399
-50.7952 124.13 399
-51.4754 124.13 399
-52.1556 124.13 399
-52.8358 124.13 399
-53.516 124.13 399
-54.0604 123.819 398
-54.7389 123.819 398
-55.4173 123.819 398
-56.0958 123.819 398
-56.6317 123.508 397
-57.4528 123.819 398
-58.1313 123.819 398
-58.8098 123.819 398
-59.4883 123.819 398
-60.1668 123.819 398
-60.6924 123.508 397
-61.3692 123.508 397
-62.046 123.508 397
-62.7227 123.508 397
-63.3995 123.508 397
-64.0763 123.508 397
-64.7531 123.508 397
-65.4299 123.508 397
-66.1067 123.508 397
-66.7835 123.508 397
-67.4602 123.508 397
-68.137 123.508 397
-68.8138 123.508 397
-69.6656 123.819 398
-70.3441 123.819 398
-71.0226 123.819 398
-71.7011 123.819 398
-72.5614 124.13 399
-73.2416 124.13 399
-73.9218 124.13 399
-74.789 124.441 400
-75.4709 124.441 400
-76.3432 124.752 401
-77.0268 124.752 401
-77.7104 124.752 401
-78.394 124.752 401
-79.472 125.374 403
-80.159 125.374 403
-81.0466 125.686 404
-81.9377 125.997 405
-82.6281 125.997 405
-83.5242 126.308 406
-84.6312 126.93 408
-85.5359 127.241 409
-86.2331 127.241 409
-87.1429 127.552 410
-88.0561 127.863 411
-88.9727 128.174 412
-89.6751 128.174 412
-91.913 130.352 419
-92.6273 130.352 419
-94.0099 131.285 422
-95.1782 131.908 424
-96.3534 132.53 426
-97.0796 132.53 426
-97.8059 132.53 426
-98.7634 132.841 427
-99.7243 133.152 428
-100.454 133.152 428
-101.42 133.463 429
-102.389 133.774 430
-103.122 133.774 430
-104.097 134.085 431
-105.075 134.396 432
-105.811 134.396 432
-106.548 134.396 432
-107.284 134.396 432
-108.271 134.708 433
-109.513 135.33 435
-111.014 136.263 438
-111.761 136.263 438
-112.765 136.574 439
-113.513 136.574 439
-114.782 137.196 441
-115.534 137.196 441
-116.813 137.819 443
-117.568 137.819 443
-119.125 138.752 446
-119.885 138.752 446
-120.645 138.752 446
-121.406 138.752 446
-853.867 715.848 2301
-862.636 719.892 2314
-866.581 719.892 2314
-870.526 719.892 2314
-871.825 717.714 2307
-865.129 709.003 2279
-869.014 709.003 2279
-868.303 705.27 2267
-856.779 692.826 2227
-857.097 690.026 2218
-860.878 690.026 2218
-859.202 685.671 2204
-861.784 684.737 2201
-859.638 680.071 2186
-863.365 680.071 2186
-865.108 678.515 2181
-870.021 679.449 2184
-873.744 679.449 2184
-877.467 679.449 2184
-881.19 679.449 2184
-884.914 679.449 2184
-887.416 678.515 2181
-891.134 678.515 2181
-891.16 675.715 2172
-890.33 672.293 2161
-894.014 672.293 2161
-897.698 672.293 2161
-901.382 672.293 2161
-905.066 672.293 2161
-905.386 669.804 2153
-909.056 669.804 2153
-912.727 669.804 2153
-916.397 669.804 2153
-917.503 667.938 2147
-921.163 667.938 2147
-923.531 667.005 2144
-927.186 667.005 2144
-929.973 666.382 2142
-933.624 666.382 2142
-937.276 666.382 2142
-938.292 664.516 2136
-940.61 663.582 2133
-944.246 663.582 2133
-942.994 660.16 2122
-946.612 660.16 2122
-947.99 658.605 2117
-951.599 658.605 2117
-953.855 657.671 2114
-956.553 657.049 2112
-952.879 652.072 2096
-956.452 652.072 2096
-960.025 652.072 2096
-962.219 651.138 2093
-964.865 650.516 2091
-967.04 649.583 2088
-969.205 648.649 2085
-972.759 648.649 2085
-976.314 648.649 2085
-979.868 648.649 2085
-983.422 648.649 2085
-986.03 648.027 2083
-989.581 648.027 2083
-993.132 648.027 2083
-996.683 648.027 2083
-1000.23 648.027 2083
-999.93 645.538 2075
-1002.02 644.605 2072
-1005.55 644.605 2072
-1009.08 644.605 2072
-1012.61 644.605 2072
-1016.15 644.605 2072
-1019.68 644.605 2072
-1019.75 642.427 2065
-1016.83 638.383 2052
-1016.35 635.894 2044
-1019.84 635.894 2044
-1023.32 635.894 2044
-1025.8 635.272 2042
-1025.25 632.783 2034
-1028.72 632.783 2034
-1031.17 632.161 2032
-1031.07 629.983 2025
-1030.43 627.494 2017
-1033.87 627.494 2017
-1032.68 624.695 2008
734.173 1265.12 4089
727.202 1265.12 4089
720.231 1265.12 4089
711.516 1262.03 4079
706.29 1265.12 4089
699.319 1265.12 4089
692.349 1265.12 4089
685.378 1265.12 4089
675.089 1258.94 4069
668.152 1258.94 4069
661.216 1258.94 4069
652.671 1255.84 4059
642.57 1249.65 4039
635.684 1249.65 4039
628.799 1249.65 4039
621.913 1249.65 4039
612.135 1243.77 4020
-14.4237 140.157 453
-15.196 140.157 453
-15.9682 140.157 453
-16.6666 139.538 451
-17.4354 139.538 451
-18.1639 139.229 450
-18.931 139.229 450
-19.8733 140.466 454
-20.6472 140.466 454
-21.4212 140.466 454
-32.7048 129.947 420
-33.4208 129.947 420
-34.1368 129.947 420
-34.8528 129.947 420
-35.5688 129.947 420
-35.9392 128.709 416
-36.2079 127.162 411
-36.5494 125.924 407
-37.1517 125.615 406
-37.7506 125.306 405
-38.441 125.306 405
-39.1315 125.306 405
-39.7236 124.996 404
-40.4123 124.996 404
-41.101 124.996 404
-41.7897 124.996 404
-42.3733 124.687 403
-42.9534 124.377 402
-43.6388 124.377 402
-44.3241 124.377 402
-44.8974 124.068 401
-45.581 124.068 401
-46.2646 124.068 401
-46.8311 123.759 400
-47.513 123.759 400
-48.1949 123.759 400
-48.8768 123.759 400
-49.5587 123.759 400
-50.2406 123.759 400
-50.7952 123.449 399
-51.4754 123.449 399
-52.1556 123.449 399
-52.8358 123.449 399
-53.516 123.449 399
-54.1962 123.449 399
-54.8764 123.449 399
-55.5566 123.449 399
-56.0958 123.14 398
-56.7743 123.14 398
-57.4528 123.14 398
-58.1313 123.14 398
-58.8098 123.14 398
-59.4883 123.14 398
-60.1668 123.14 398
-60.6924 122.831 397
-61.3692 122.831 397
-62.046 122.831 397
-62.7227 122.831 397
-63.3995 122.831 397
-64.0763 122.831 397
-64.7531 122.831 397
-65.4299 122.831 397
-66.1067 122.831 397
-66.7835 122.831 397
-67.4602 122.831 397
-68.137 122.831 397
-68.8138 122.831 397
-69.6656 123.14 398
-70.3441 123.14 398
-71.0226 123.14 398
-71.7011 123.14 398
-72.5614 123.449 399
-73.2416 123.449 399
-73.9218 123.449 399
-74.789 123.759 400
-75.4709 123.759 400
-76.3432 124.068 401
-77.0268 124.068 401
-77.7104 124.068 401
-78.5895 124.377 402
-79.6692 124.996 404
-80.3579 124.996 404
-81.2472 125.306 405
-82.14 125.615 406
-82.8321 125.615 406
-83.9357 126.234 408
-84.8387 126.543 409
-85.745 126.853 410
-86.444 126.853 410
-87.3555 127.162 411
-88.2704 127.471 412
-88.9727 127.471 412
-90.3281 128.4 415
-91.913 129.637 419
-92.6273 129.637 419
-94.0099 130.565 422
-95.4027 131.494 425
-96.3534 131.803 426
-97.0796 131.803 426
-98.0354 132.112 427
-98.9947 132.422 428
-99.7243 132.422 428
-100.689 132.731 429
-101.656 133.041 430
-102.628 133.35 431
-103.362 133.35 431
-104.339 133.659 432
-105.318 133.969 433
-106.056 133.969 433
-106.795 133.969 433
-107.533 133.969 433
-109.021 134.897 436
-109.764 134.897 436
-111.014 135.516 438
-112.016 135.825 439
-113.022 136.135 440
-113.772 136.135 440
-114.782 136.444 441
-115.796 136.753 442
-117.077 137.372 444
-117.834 137.372 444
-119.125 137.991 446
-119.885 137.991 446
-120.645 137.991 446
-121.406 137.991 446
-853.867 711.922 2301
-862.636 715.944 2314
-866.581 715.944 2314
-870.526 715.944 2314
-871.825 713.778 2307
-865.129 705.115 2279
-869.014 705.115 2279
-868.303 701.402 2267
-856.779 689.027 2227
-857.097 686.242 2218
-860.878 686.242 2218
-859.202 681.91 2204
-861.784 680.982 2201
-859.638 676.341 2186
-863.365 676.341 2186
-865.108 674.794 2181
-870.021 675.723 2184
-873.744 675.723 2184
-877.467 675.723 2184
-881.19 675.723 2184
-883.698 674.794 2181
-886.195 673.866 2178
-889.908 673.866 2178
-889.929 671.082 2169
-890.33 668.606 2161
-894.014 668.606 2161
-897.698 668.606 2161
-901.382 668.606 2161
-903.81 667.678 2158
-905.386 666.131 2153
-909.056 666.131 2153
-912.727 666.131 2153
-916.397 666.131 2153
-917.503 664.275 2147
-921.163 664.275 2147
-923.531 663.347 2144
-927.186 663.347 2144
-929.973 662.728 2142
-933.624 662.728 2142
-935.963 661.8 2139
-938.292 660.871 2136
-940.61 659.943 2133
-944.246 659.943 2133
-942.994 656.54 2122
-945.72 655.921 2120
-947.99 654.993 2117
-951.599 654.993 2117
-953.855 654.065 2114
-955.194 652.518 2109
-952.879 648.496 2096
-956.452 648.496 2096
-960.025 648.496 2096
-962.219 647.567 2093
-963.48 646.02 2088
-967.04 646.02 2088
-966.88 643.545 2080
-970.426 643.545 2080
-975.377 644.473 2083
-978.928 644.473 2083
-982.479 644.473 2083
-984.61 643.545 2080
-988.156 643.545 2080
-991.702 643.545 2080
-994.291 642.926 2078
-996.392 641.998 2075
-997.52 640.451 2070
-1001.05 640.451 2070
-1004.58 640.451 2070
-1006.65 639.523 2067
-1010.17 639.523 2067
-1013.69 639.523 2067
-1016.23 638.904 2065
-1013.33 634.882 2052
-1011.88 631.788 2042
-1010.38 628.694 2032
-1013.85 628.694 2032
-1016.31 628.075 2030
-1018.27 627.147 2027
-1020.71 626.528 2025
-1024.16 626.528 2025
-1027.62 626.528 2025
-1025.98 623.435 2015
-1026.86 621.887 2010
-1030.28 621.887 2010
-1028.57 618.794 2000
676.748 1255.07 4079
669.794 1255.07 4079
662.841 1255.07 4079
652.671 1248.92 4059
645.752 1248.92 4059
638.832 1248.92 4059
631.912 1248.92 4059
621.913 1242.76 4039
-2.25486 151.999 494
-3.09701 151.999 494
-3.93915 151.999 494
-4.7813 151.999 494
-5.63483 152.307 495
-6.47868 152.307 495
-7.33732 152.615 496
-8.18287 152.615 496
-9.02843 152.615 496
-14.4237 139.384 453
-15.196 139.384 453
-15.9682 139.384 453
-16.6666 138.768 451
-17.4354 138.768 451
-18.1639 138.461 450
-18.931 138.461 450
-19.8733 139.692 454
-20.6472 139.692 454
-21.4212 139.692 454
-32.7827 129.538 421
-33.5004 129.538 421
-34.2181 129.538 421
-34.8528 129.23 420
-35.5688 129.23 420
-35.9392 127.999 416
-36.296 126.769 412
-36.8188 126.153 410
-37.2432 125.23 407
-37.8438 124.922 406
-38.5359 124.922 406
-39.1315 124.615 405
-39.8219 124.615 405
-40.4123 124.307 404
-41.101 124.307 404
-41.7897 124.307 404
-42.4784 124.307 404
-43.0603 123.999 403
-43.7473 123.999 403
-44.3241 123.692 402
-45.0094 123.692 402
-45.581 123.384 401
-46.2646 123.384 401
-46.9482 123.384 401
-47.513 123.076 400
-48.1949 123.076 400
-48.8768 123.076 400
-49.5587 123.076 400
-50.2406 123.076 400
-50.9225 123.076 400
-51.6044 123.076 400
-52.2863 123.076 400
-52.8358 122.769 399
-53.516 122.769 399
-54.1962 122.769 399
-54.8764 122.769 399
-55.5566 122.769 399
-56.2368 122.769 399
-56.917 122.769 399
-57.4528 122.461 398
-58.1313 122.461 398
-58.8098 122.461 398
-59.4883 122.461 398
-60.1668 122.461 398
-60.8453 122.461 398
-61.5238 122.461 398
-62.2022 122.461 398
-62.8807 122.461 398
-63.3995 122.153 397
-64.0763 122.153 397
-64.9162 122.461 398
-65.5947 122.461 398
-66.2732 122.461 398
-66.9517 122.461 398
-67.6302 122.461 398
-68.3086 122.461 398
-68.9871 122.461 398
-69.6656 122.461 398
-70.3441 122.461 398
-71.0226 122.461 398
-71.8813 122.769 399
-72.5614 122.769 399
-73.2416 122.769 399
-73.9218 122.769 399
-74.789 123.076 400
-75.4709 123.076 400
-76.3432 123.384 401
-77.0268 123.384 401
-77.7104 123.384 401
-78.5895 123.692 402
-79.6692 124.307 404
-80.3579 124.307 404
-81.2472 124.615 405
-82.14 124.922 406
-82.8321 124.922 406
-83.9357 125.538 408
-84.8387 125.845 409
-85.745 126.153 410
-86.444 126.153 410
-87.3555 126.461 411
-88.2704 126.769 412
-88.9727 126.769 412
-90.3281 127.692 415
-91.913 128.922 419
-92.6273 128.922 419
-94.0099 129.845 422
-95.4027 130.769 425
-96.3534 131.076 426
-97.0796 131.076 426
-98.0354 131.384 427
-99.226 131.999 429
-99.9573 131.999 429
-101.158 132.615 431
-102.129 132.922 432
-102.866 132.922 432
-103.602 132.922 432
-104.58 133.23 433
-105.318 133.23 433
-106.546 133.845 435
-107.288 133.845 435
-108.278 134.153 436
-109.521 134.768 438
-110.268 134.768 438
-111.268 135.076 439
-112.271 135.384 440
-113.278 135.692 441
-114.03 135.692 441
-115.042 135.999 442
-116.32 136.615 444
-117.077 136.615 444
-118.364 137.23 446
-119.125 137.23 446
-119.885 137.23 446
-120.645 137.23 446
-121.406 137.23 446
-853.867 707.996 2301
-858.908 708.919 2304
-862.836 708.919 2304
-866.764 708.919 2304
-870.691 708.919 2304
-865.129 701.227 2279
-869.014 701.227 2279
-868.303 697.535 2267
-855.625 684.304 2224
-851.687 678.15 2204
-855.445 678.15 2204
-858.032 677.227 2201
-861.784 677.227 2201
-857.672 671.073 2181
-861.39 671.073 2181
-863.918 670.15 2178
-868.826 671.073 2181
-873.744 671.996 2184
-877.467 671.996 2184
-881.19 671.996 2184
-883.698 671.073 2181
-886.195 670.15 2178
-889.908 670.15 2178
-889.929 667.381 2169
-890.33 664.919 2161
-894.014 664.919 2161
-897.698 664.919 2161
-901.382 664.919 2161
-903.81 663.996 2158
-905.386 662.458 2153
-909.056 662.458 2153
-912.727 662.458 2153
-916.397 662.458 2153
-917.503 660.612 2147
-921.163 660.612 2147
-923.531 659.689 2144
-927.186 659.689 2144
-929.973 659.073 2142
-933.624 659.073 2142
-935.963 658.15 2139
-938.292 657.227 2136
-940.61 656.304 2133
-944.246 656.304 2133
-942.994 652.92 2122
-944.381 651.381 2117
-946.647 650.458 2114
-950.251 650.458 2114
-951.599 648.92 2109
-952.929 647.381 2104
-952.879 644.92 2096
-956.452 644.92 2096
-958.651 643.997 2093
-961.3 643.381 2091
-962.096 641.535 2085
-965.65 641.535 2085
-966.88 639.997 2080
-968.094 638.458 2075
-971.631 638.458 2075
-975.168 638.458 2075
-978.706 638.458 2075
-982.243 638.458 2075
-984.355 637.535 2072
-987.887 637.535 2072
-990.463 636.92 2070
-993.991 636.92 2070
-990.292 632.304 2055
-993.795 632.304 2055
-997.298 632.304 2055
-997.88 630.458 2049
-998.929 628.92 2044
-999.961 627.381 2039
-1003.44 627.381 2039
-1002.47 624.612 2030
-1003.45 623.074 2025
-1004.42 621.535 2020
-1007.86 621.535 2020
-1009.8 620.612 2017
-1012.24 619.997 2015
-1015.67 619.997 2015
-1019.11 619.997 2015
-1022.54 619.997 2015
-1023.43 618.458 2010
-1024.3 616.92 2005
-1027.72 616.92 2005
-1026.51 614.151 1996
676.748 1248.11 4079
669.794 1248.11 4079
662.841 1248.11 4079
652.671 1241.99 4059
645.752 1241.99 4059
638.832 1241.99 4059
631.912 1241.99 4059
-1.41272 151.156 494
-2.25486 151.156 494
-3.09701 151.156 494
-3.93915 151.156 494
-4.7813 151.156 494
-5.63483 151.462 495
-6.47868 151.462 495
-7.33732 151.768 496
-8.19937 152.074 497
-9.04663 152.074 497
-9.89389 152.074 497
-13.6816 138.917 454
-14.4556 138.917 454
-15.2295 138.917 454
-16.0035 138.917 454
-16.7774 138.917 454
-17.5127 138.611 453
-18.285 138.611 453
-19.0993 138.917 454
-19.917 139.223 455
-20.6927 139.223 455
-21.4684 139.223 455
-22.244 139.223 455
-23.0197 139.223 455
-23.743 138.917 454
-24.463 138.611 453
-25.1795 138.305 452
-32.7827 128.819 421
-33.5004 128.819 421
-34.2181 128.819 421
-34.8528 128.514 420
-35.5688 128.514 420
-35.7664 126.678 414
-36.296 126.066 412
-36.8188 125.454 410
-37.2432 124.536 407
-37.8438 124.23 406
-38.5359 124.23 406
-39.1315 123.924 405
-39.8219 123.924 405
-40.4123 123.618 404
-41.101 123.618 404
-41.7897 123.618 404
-42.4784 123.618 404
-43.0603 123.312 403
-43.7473 123.312 403
-44.4343 123.312 403
-45.0094 123.006 402
-45.6947 123.006 402
-46.38 123.006 402
-46.9482 122.7 401
-47.6318 122.7 401
-48.3154 122.7 401
-48.999 122.7 401
-49.6826 122.7 401
-50.2406 122.394 400
-50.9225 122.394 400
-51.6044 122.394 400
-52.2863 122.394 400
-52.9682 122.394 400
-53.6501 122.394 400
-54.332 122.394 400
-54.8764 122.088 399
-55.5566 122.088 399
-56.2368 122.088 399
-56.917 122.088 399
-57.5972 122.088 399
-58.2774 122.088 399
-58.9576 122.088 399
-59.6378 122.088 399
-60.1668 121.782 398
-60.8453 121.782 398
-61.5238 121.782 398
-62.2022 121.782 398
-62.8807 121.782 398
-63.5592 121.782 398
-64.2377 121.782 398
-64.9162 121.782 398
-65.5947 121.782 398
-66.2732 121.782 398
-66.9517 121.782 398
-67.6302 121.782 398
-68.3086 121.782 398
-68.9871 121.782 398
-69.6656 121.782 398
-70.5209 122.088 399
-71.2011 122.088 399
-71.8813 122.088 399
-72.5614 122.088 399
-73.4252 122.394 400
-74.1071 122.394 400
-74.789 122.394 400
-75.6596 122.7 401
-76.3432 122.7 401
-77.0268 122.7 401
-77.9042 123.006 402
-78.5895 123.006 402
-79.6692 123.618 404
-80.3579 123.618 404
-81.4479 124.23 406
-82.14 124.23 406
-82.8321 124.23 406
-83.9357 124.842 408
-85.0461 125.454 410
-85.9542 125.76 411
-86.6548 125.76 411
-87.3555 125.76 411
-88.2704 126.066 412
-88.9727 126.066 412
-90.981 127.902 418
-92.5711 129.125 422
-93.2905 129.125 422
-94.6782 130.043 425
-95.6272 130.349 426
-96.5796 130.655 427
-97.3075 130.655 427
-98.265 130.961 428
-99.226 131.267 429
-99.9573 131.267 429
-101.158 131.879 431
-102.129 132.185 432
-102.866 132.185 432
-103.602 132.185 432
-104.58 132.491 433
-105.318 132.491 433
-106.546 133.103 435
-107.288 133.103 435
-108.278 133.409 436
-109.521 134.021 438
-110.268 134.021 438
-111.268 134.327 439
-112.271 134.633 440
-113.278 134.939 441
-114.03 134.939 441
-115.042 135.245 442
-116.32 135.857 444
-117.077 135.857 444
-118.364 136.469 446
-119.125 136.469 446
-119.885 136.469 446
-120.645 136.469 446
-121.406 136.469 446
-846.022 704.07 2301
-849.945 704.07 2301
-853.867 704.07 2301
-857.79 704.07 2301
-861.712 704.07 2301
-865.635 704.07 2301
-867.29 702.235 2295
-861.712 694.585 2270
-865.582 694.585 2270
-863.324 689.689 2254
-855.625 680.51 2224
-850.528 673.472 2201
-854.28 673.472 2201
-858.032 673.472 2201
-861.784 673.472 2201
-856.492 666.434 2178
-860.205 666.434 2178
-863.918 666.434 2178
-868.826 667.352 2181
-872.544 667.352 2181
-876.262 667.352 2181
-879.98 667.352 2181
-881.267 665.516 2175
-883.754 664.598 2172
-887.457 664.598 2172
-887.877 662.151 2164
-890.33 661.233 2161
-892.773 660.315 2158
-896.452 660.315 2158
-900.131 660.315 2158
-902.553 659.397 2155
-905.386 658.785 2153
-909.056 658.785 2153
-912.727 658.785 2153
-915.12 657.867 2150
-916.221 656.031 2144
-919.876 656.031 2144
-922.67 655.419 2142
-925.024 654.501 2139
-928.67 654.501 2139
-932.317 654.501 2139
-934.65 653.583 2136
-936.974 652.665 2133
-935.759 649.299 2122
-939.377 649.299 2122
-942.994 649.299 2122
-944.381 647.769 2117
-946.647 646.851 2114
-950.251 646.851 2114
-951.599 645.321 2109
-952.929 643.792 2104
-952.879 641.344 2096
-956.452 641.344 2096
-958.651 640.426 2093
-961.3 639.814 2091
-962.096 637.978 2085
-965.65 637.978 2085
-966.88 636.448 2080
-968.094 634.918 2075
-971.631 634.918 2075
-975.168 634.918 2075
-978.706 634.918 2075
-982.243 634.918 2075
-984.355 634 2072
-987.887 634 2072
-990.463 633.388 2070
-993.991 633.388 2070
-990.292 628.798 2055
-993.795 628.798 2055
-997.298 628.798 2055
-997.88 626.962 2049
-993.065 621.761 2032
-995.548 621.149 2030
-999.008 621.149 2030
-998.518 618.701 2022
-999.488 617.171 2017
-1000.44 615.641 2012
-1003.87 615.641 2012
-1007.3 615.641 2012
-1009.73 615.029 2010
-1013.15 615.029 2010
-1016.58 615.029 2010
-1020 615.029 2010
-1018.34 611.969 2000
-1020.73 611.357 1998
-1024.13 611.357 1998
-1022.4 608.297 1988
676.748 1241.15 4079
669.794 1241.15 4079
662.841 1241.15 4079
652.671 1235.07 4059
645.752 1235.07 4059
638.832 1235.07 4059
631.912 1235.07 4059
-1.41272 150.314 494
-2.25486 150.314 494
-3.09701 150.314 494
-3.93915 150.314 494
-4.79098 150.618 495
-5.63483 150.618 495
-6.49177 150.922 496
-7.35211 151.226 497
-8.19937 151.226 497
-9.04663 151.226 497
-9.89389 151.226 497
-13.6816 138.142 454
-14.4556 138.142 454
-15.2295 138.142 454
-16.0035 138.142 454
-16.7774 138.142 454
-17.5514 138.142 454
-18.3253 138.142 454
-19.1414 138.447 455
-19.917 138.447 455
-20.6927 138.447 455
-21.4684 138.447 455
-22.244 138.447 455
-23.0197 138.447 455
-23.743 138.142 454
-24.463 137.838 453
-25.1795 137.534 452
-25.9501 137.534 452
-26.6024 136.925 450
-32.9384 128.71 423
-33.6595 128.71 423
-34.3807 128.71 423
-34.9358 128.101 421
-35.6535 128.101 421
-36.2848 127.797 420
-36.296 125.363 412
-36.8188 124.754 410
-37.2432 123.841 407
-37.8438 123.537 406
-38.5359 123.537 406
-39.1315 123.233 405
-39.8219 123.233 405
-40.5123 123.233 405
-41.2027 123.233 405
-41.7897 122.928 404
-42.4784 122.928 404
-43.0603 122.624 403
-43.7473 122.624 403
-44.4343 122.624 403
-45.0094 122.32 402
-45.6947 122.32 402
-46.38 122.32 402
-46.9482 122.016 401
-47.6318 122.016 401
-48.3154 122.016 401
-48.999 122.016 401
-49.6826 122.016 401
-50.2406 121.711 400
-50.9225 121.711 400
-51.6044 121.711 400
-52.2863 121.711 400
-52.9682 121.711 400
-53.6501 121.711 400
-54.332 121.711 400
-54.8764 121.407 399
-55.5566 121.407 399
-56.2368 121.407 399
-56.917 121.407 399
-57.5972 121.407 399
-58.2774 121.407 399
-58.9576 121.407 399
-59.6378 121.407 399
-60.318 121.407 399
-60.9981 121.407 399
-61.6783 121.407 399
-62.3585 121.407 399
-63.0387 121.407 399
-63.7189 121.407 399
-64.2377 121.103 398
-65.0793 121.407 399
-65.7595 121.407 399
-66.4397 121.407 399
-67.1199 121.407 399
-67.8001 121.407 399
-68.4803 121.407 399
-69.1605 121.407 399
-69.8407 121.407 399
-70.5209 121.407 399
-71.2011 121.407 399
-71.8813 121.407 399
-72.7433 121.711 400
-73.4252 121.711 400
-74.1071 121.711 400
-74.976 122.016 401
-75.6596 122.016 401
-76.5336 122.32 402
-77.2189 122.32 402
-77.9042 122.32 402
-78.785 122.624 403
-79.6692 122.928 404
-80.5568 123.233 405
-81.4479 123.537 406
-82.3423 123.841 407
-83.0361 123.841 407
-84.1414 124.45 409
-85.0461 124.754 410
-85.9542 125.058 411
-86.6548 125.058 411
-87.3555 125.058 411
-88.2704 125.363 412
-88.9727 125.363 412
-91.1987 127.493 419
-93.0098 129.014 424
-93.7326 129.014 424
-94.901 129.623 426
-95.6272 129.623 426
-96.5796 129.927 427
-97.5354 130.231 428
-98.4946 130.535 429
-99.6886 131.144 431
-100.423 131.144 431
-101.393 131.448 432
-102.129 131.448 432
-102.866 131.448 432
-103.602 131.448 432
-104.58 131.753 433
-105.805 132.361 435
-106.546 132.361 435
-107.534 132.665 436
-108.774 133.274 438
-109.771 133.578 439
-110.52 133.578 439
-111.268 133.578 439
-112.271 133.883 440
-113.278 134.187 441
-114.03 134.187 441
-115.563 135.1 444
-117.106 136.012 447
-117.868 136.012 447
-118.895 136.317 448
-119.659 136.317 448
-120.423 136.317 448
-121.186 136.317 448
-121.678 136.012 447
-846.022 700.145 2301
-849.945 700.145 2301
-853.867 700.145 2301
-857.79 700.145 2301
-861.712 700.145 2301
-865.635 700.145 2301
-867.29 698.319 2295
-860.574 689.799 2267
-864.438 689.799 2267
-862.175 684.931 2251
-854.47 675.802 2221
-848.209 667.891 2195
-851.951 667.891 2195
-855.693 667.891 2195
-859.435 667.891 2195
-856.492 662.718 2178
-860.205 662.718 2178
-863.918 662.718 2178
-867.631 662.718 2178
-871.344 662.718 2178
-875.057 662.718 2178
-877.559 661.806 2175
-881.267 661.806 2175
-882.534 659.98 2169
-886.231 659.98 2169
-886.646 657.546 2161
-887.858 655.72 2155
-889.464 654.199 2150
-893.129 654.199 2150
-896.794 654.199 2150
-900.459 654.199 2150
-904.124 654.199 2150
-907.79 654.199 2150
-908.911 652.373 2144
-912.566 652.373 2144
-916.221 652.373 2144
-919.876 652.373 2144
-920.085 649.939 2136
-922.429 649.026 2133
-925.197 648.417 2131
-928.83 648.417 2131
-932.463 648.417 2131
-936.095 648.417 2131
-935.759 645.679 2122
-939.377 645.679 2122
-942.106 645.07 2120
-943.043 643.245 2114
-945.751 642.636 2112
-949.352 642.636 2112
-950.245 640.81 2106
-952.929 640.202 2104
-951.515 636.855 2093
-955.083 636.855 2093
-958.651 636.855 2093
-959.921 635.333 2088
-961.173 633.812 2083
-964.724 633.812 2083
-964.556 631.378 2075
-968.094 631.378 2075
-971.631 631.378 2075
-975.168 631.378 2075
-978.706 631.378 2075
-980.823 630.465 2072
-983.405 629.856 2070
-986.934 629.856 2070
-986.635 627.422 2062
-986.789 625.292 2055
-986.437 622.858 2047
-989.926 622.858 2047
-993.416 622.858 2047
-990.574 618.902 2034
-993.065 618.294 2032
-995.548 617.685 2030
-999.008 617.685 2030
-998.518 615.251 2022
-999.488 613.73 2017
-1000.44 612.208 2012
-1003.87 612.208 2012
-1007.3 612.208 2012
-1009.73 611.6 2010
-1013.15 611.6 2010
-1016.58 611.6 2010
-1020 611.6 2010
-1018.34 608.557 2000
-1020.73 607.948 1998
-1024.13 607.948 1998
-1022.4 604.906 1988
-1.41272 149.471 494
-2.25486 149.471 494
-3.09701 149.471 494
-3.93915 149.471 494
-4.79098 149.773 495
-5.63483 149.773 495
-6.49177 150.076 496
-7.35211 150.378 497
-8.19937 150.378 497
-9.04663 150.378 497
-9.89389 150.378 497
-10.7412 150.378 497
-11.5884 150.378 497
-13.7118 137.67 455
-14.4874 137.67 455
-15.2631 137.67 455
-16.0387 137.67 455
-16.8144 137.67 455
-17.59 137.67 455
-18.3657 137.67 455
-19.1414 137.67 455
-19.9608 137.973 456
-20.7382 137.973 456
-21.5155 137.973 456
-22.244 137.67 455
-23.0197 137.67 455
-23.743 137.368 454
-24.517 137.368 454
-25.1795 136.763 452
-25.9501 136.763 452
-26.6024 136.158 450
-27.3087 135.855 449
-32.9384 127.988 423
-33.8187 128.593 425
-34.5432 128.593 425
-35.2677 128.593 425
-35.8229 127.988 423
-36.3712 127.383 421
-36.296 124.66 412
-36.8188 124.055 410
-37.3347 123.45 408
-38.0302 123.45 408
-38.6309 123.147 407
-39.2281 122.844 406
-39.8219 122.542 405
-40.5123 122.542 405
-41.2027 122.542 405
-41.8931 122.542 405
-42.4784 122.239 404
-43.1671 122.239 404
-43.8559 122.239 404
-44.4343 121.937 403
-45.1213 121.937 403
-45.6947 121.634 402
-46.38 121.634 402
-47.0653 121.634 402
-47.6318 121.332 401
-48.3154 121.332 401
-48.999 121.332 401
-49.6826 121.332 401
-50.3662 121.332 401
-50.9225 121.029 400
-51.6044 121.029 400
-52.2863 121.029 400
-52.9682 121.029 400
-53.6501 121.029 400
-54.332 121.029 400
-55.0139 121.029 400
-55.5566 120.726 399
-56.2368 120.726 399
-56.917 120.726 399
-57.5972 120.726 399
-58.2774 120.726 399
-58.9576 120.726 399
-59.6378 120.726 399
-60.318 120.726 399
-60.9981 120.726 399
-61.6783 120.726 399
-62.3585 120.726 399
-63.0387 120.726 399
-63.7189 120.726 399
-64.2377 120.424 398
-65.0793 120.726 399
-65.7595 120.726 399
-66.4397 120.726 399
-67.1199 120.726 399
-67.8001 120.726 399
-68.4803 120.726 399
-69.1605 120.726 399
-69.8407 120.726 399
-70.5209 120.726 399
-71.2011 120.726 399
-71.8813 120.726 399
-72.7433 121.029 400
-73.4252 121.029 400
-74.1071 121.029 400
-74.976 121.332 401
-75.8483 121.634 402
-76.5336 121.634 402
-77.2189 121.634 402
-78.098 121.937 403
-78.9805 122.239 404
-79.6692 122.239 404
-80.7557 122.844 406
-81.6485 123.147 407
-82.5446 123.45 408
-83.2402 123.45 408
-84.3471 124.055 410
-85.0461 124.055 410
-85.9542 124.357 411
-86.6548 124.357 411
-87.3555 124.357 411
-88.2704 124.66 412
-88.9727 124.66 412
-92.287 128.291 424
-93.2291 128.593 425
-93.9537 128.593 425
-94.901 128.896 426
-95.8517 129.198 427
-96.5796 129.198 427
-97.7633 129.804 429
-98.4946 129.804 429
-99.6886 130.409 431
-100.423 130.409 431
-101.393 130.711 432
-102.129 130.711 432
-103.104 131.014 433
-103.842 131.014 433
-104.58 131.014 433
-105.805 131.619 435
-106.546 131.619 435
-107.781 132.224 437
-109.023 132.829 439
-110.021 133.132 440
-110.771 133.132 440
-111.521 133.132 440
-112.527 133.434 441
-113.278 133.434 441
-114.806 134.342 444
-116.344 135.25 447
-117.368 135.552 448
-118.131 135.552 448
-118.895 135.552 448
-119.659 135.552 448
-120.423 135.552 448
-121.186 135.552 448
-121.678 135.25 447
-846.022 696.219 2301
-849.945 696.219 2301
-853.867 696.219 2301
-857.79 696.219 2301
-861.712 696.219 2301
-865.635 696.219 2301
-867.29 694.404 2295
-860.574 685.932 2267
-864.438 685.932 2267
-862.175 681.09 2251
-854.47 672.013 2221
-848.209 664.146 2195
-851.951 664.146 2195
-855.693 664.146 2195
-859.435 664.146 2195
-856.492 659.003 2178
-860.205 659.003 2178
-863.918 659.003 2178
-867.631 659.003 2178
-871.344 659.003 2178
-875.057 659.003 2178
-877.559 658.095 2175
-881.267 658.095 2175
-882.534 656.279 2169
-886.231 656.279 2169
-886.646 653.859 2161
-885.798 650.531 2150
-889.464 650.531 2150
-893.129 650.531 2150
-896.794 650.531 2150
-900.459 650.531 2150
-901.601 648.715 2144
-905.256 648.715 2144
-908.911 648.715 2144
-911.715 648.11 2142
-912.802 646.294 2136
-916.444 646.294 2136
-918.793 645.387 2133
-921.564 644.782 2131
-925.197 644.782 2131
-928.83 644.782 2131
-932.463 644.782 2131
-932.142 642.059 2122
-935.759 642.059 2122
-939.377 642.059 2122
-939.439 639.638 2114
-943.043 639.638 2114
-943.065 637.217 2106
-946.655 637.217 2106
-950.245 637.217 2106
-952.929 636.612 2104
-951.515 633.284 2093
-955.083 633.284 2093
-958.651 633.284 2093
-959.921 631.771 2088
-961.173 630.258 2083
-964.724 630.258 2083
-963.162 626.93 2072
-966.694 626.93 2072
-970.226 626.93 2072
-973.758 626.93 2072
-977.291 626.93 2072
-980.823 626.93 2072
-981.03 624.812 2065
-984.55 624.812 2065
-985.678 623.299 2060
-981.507 618.458 2044
-982.582 616.945 2039
-986.058 616.945 2039
-987.107 615.432 2034
-988.626 614.222 2030
-989.644 612.709 2025
-993.096 612.709 2025
-994.087 611.196 2020
-996.049 610.288 2017
-997.01 608.776 2012
-998.451 607.565 2008
-1001.87 607.565 2008
-1003.8 606.658 2005
-1006.21 606.052 2003
-1008.11 605.145 2000
-1011.52 605.145 2000
-1014.93 605.145 2000
-1016.3 603.934 1996
-1018.17 603.027 1993
-1021.57 603.027 1993
-1021.37 600.909 1986
-1.41558 148.929 495
-2.25943 148.929 495
-3.10328 148.929 495
-3.94713 148.929 495
-4.79098 148.929 495
-5.63483 148.929 495
-6.49177 149.23 496
-7.35211 149.531 497
-8.19937 149.531 497
-9.04663 149.531 497
-9.89389 149.531 497
-10.7412 149.531 497
-11.5884 149.531 497
-13.7118 136.894 455
-14.4874 136.894 455
-15.2631 136.894 455
-16.0387 136.894 455
-16.8144 136.894 455
-17.59 136.894 455
-18.3657 136.894 455
-19.1414 136.894 455
-19.9608 137.195 456
-20.7382 137.195 456
-21.5155 137.195 456
-22.244 136.894 455
-23.0197 136.894 455
-23.743 136.593 454
-24.517 136.593 454
-25.1795 135.992 452
-25.9501 135.992 452
-26.6024 135.39 450
-27.3087 135.089 449
-28.0116 134.788 448
-32.9384 127.266 423
-33.8187 127.868 425
-34.5432 127.868 425
-35.2677 127.868 425
-35.9076 127.567 424
-36.4576 126.966 422
-36.296 123.957 412
-36.8188 123.355 410
-37.3347 122.753 408
-38.0302 122.753 408
-38.6309 122.453 407
-39.2281 122.152 406
-39.8219 121.851 405
-40.5123 121.851 405
-41.2027 121.851 405
-41.8931 121.851 405
-42.5836 121.851 405
-43.1671 121.55 404
-43.8559 121.55 404
-44.5446 121.55 404
-45.1213 121.249 403
-45.8083 121.249 403
-46.4954 121.249 403
-47.0653 120.948 402
-47.7506 120.948 402
-48.4359 120.948 402
-49.1212 120.948 402
-49.8065 120.948 402
-50.3662 120.647 401
-51.0498 120.647 401
-51.7334 120.647 401
-52.417 120.647 401
-52.9682 120.346 400
-53.6501 120.346 400
-54.332 120.346 400
-55.0139 120.346 400
-55.6958 120.346 400
-56.3777 120.346 400
-57.0596 120.346 400
-57.5972 120.046 399
-58.2774 120.046 399
-58.9576 120.046 399
-59.6378 120.046 399
-60.318 120.046 399
-60.9981 120.046 399
-61.6783 120.046 399
-62.3585 120.046 399
-63.0387 120.046 399
-63.7189 120.046 399
-64.3991 120.046 399
-65.0793 120.046 399
-65.7595 120.046 399
-66.4397 120.046 399
-67.1199 120.046 399
-67.8001 120.046 399
-68.4803 120.046 399
-69.1605 120.046 399
-69.8407 120.046 399
-70.5209 120.046 399
-71.2011 120.046 399
-71.8813 120.046 399
-72.7433 120.346 400
-73.4252 120.346 400
-74.1071 120.346 400
-74.976 120.647 401
-75.8483 120.948 402
-76.5336 120.948 402
-77.2189 120.948 402
-78.098 121.249 403
-78.9805 121.55 404
-79.6692 121.55 404
-80.7557 122.152 406
-81.6485 122.453 407
-82.5446 122.753 408
-83.2402 122.753 408
-84.3471 123.355 410
-85.0461 123.355 410
-85.745 123.355 410
-86.444 123.355 410
-87.3555 123.656 411
-88.0561 123.656 411
-88.7568 123.656 411
-92.287 127.567 424
-93.2291 127.868 425
-93.9537 127.868 425
-94.901 128.169 426
-95.8517 128.47 427
-96.5796 128.47 427
-97.7633 129.072 429
-98.4946 129.072 429
-99.9198 129.974 432
-100.656 129.974 432
-101.393 129.974 432
-102.129 129.974 432
-103.104 130.275 433
-103.842 130.275 433
-104.822 130.576 434
-106.291 131.479 437
-107.036 131.479 437
-108.274 132.08 439
-109.271 132.381 440
-110.271 132.682 441
-111.023 132.682 441
-111.775 132.682 441
-113.292 133.585 444
-114.049 133.585 444
-115.582 134.487 447
-116.604 134.788 448
-117.368 134.788 448
-118.131 134.788 448
-119.161 135.089 449
-119.926 135.089 449
-120.691 135.089 449
-121.457 135.089 449
-121.678 134.487 447
-844.919 691.391 2298
-848.836 691.391 2298
-852.754 691.391 2298
-856.671 691.391 2298
-860.589 691.391 2298
-864.506 691.391 2298
-867.29 690.488 2295
-860.574 682.064 2267
-864.438 682.064 2267
-861.026 676.347 2248
-852.162 666.419 2215
-848.209 660.401 2195
-851.951 660.401 2195
-855.693 660.401 2195
-859.435 660.401 2195
-856.492 655.287 2178
-860.205 655.287 2178
-863.918 655.287 2178
-867.631 655.287 2178
-871.344 655.287 2178
-875.057 655.287 2178
-877.559 654.384 2175
-881.267 654.384 2175
-882.534 652.579 2169
-886.231 652.579 2169
-886.646 650.172 2161
-885.798 646.862 2150
-889.464 646.862 2150
-893.129 646.862 2150
-896.794 646.862 2150
-900.459 646.862 2150
-901.601 645.057 2144
-905.256 645.057 2144
-908.911 645.057 2144
-911.715 644.456 2142
-912.802 642.65 2136
-916.444 642.65 2136
-918.793 641.748 2133
-921.564 641.146 2131
-925.197 641.146 2131
-928.83 641.146 2131
-932.463 641.146 2131
-932.142 638.438 2122
-935.759 638.438 2122
-939.377 638.438 2122
-939.439 636.031 2114
-943.043 636.031 2114
-943.065 633.624 2106
-946.655 633.624 2106
-950.245 633.624 2106
-952.929 633.023 2104
-951.515 629.713 2093
-955.083 629.713 2093
-958.651 629.713 2093
-959.921 628.209 2088
-961.173 626.704 2083
-964.724 626.704 2083
-963.162 623.395 2072
-965.761 622.793 2070
-969.29 622.793 2070
-972.818 622.793 2070
-976.347 622.793 2070
-979.876 622.793 2070
-979.604 620.386 2062
-983.12 620.386 2062
-980.414 616.475 2049
-979.106 613.466 2039
-978.245 610.758 2030
-981.705 610.758 2030
-983.71 609.856 2027
-984.73 608.352 2022
-985.734 606.847 2017
-989.172 606.847 2017
-990.15 605.343 2012
-992.592 604.741 2010
-993.541 603.237 2005
-996.959 603.237 2005
-997.883 601.732 2000
-1000.29 601.131 1998
-1003.7 601.131 1998
-1007.1 601.131 1998
-1007.98 599.626 1993
-1011.38 599.626 1993
-1011.21 597.52 1986
-1012.04 596.016 1981
-1015.42 596.016 1981
-1018.8 596.016 1981
-1.41844 148.383 496
-2.26399 148.383 496
-3.10955 148.383 496
-3.94713 148.084 495
-4.80066 148.383 496
-5.64621 148.383 496
-6.50485 148.683 497
-7.35211 148.683 497
-8.19937 148.683 497
-9.04663 148.683 497
-9.9138 148.982 498
-10.7628 148.982 498
-11.6117 148.982 498
-12.4607 148.982 498
-13.7118 136.118 455
-14.4874 136.118 455
-15.2631 136.118 455
-16.0387 136.118 455
-16.8144 136.118 455
-17.59 136.118 455
-18.3657 136.118 455
-19.1414 136.118 455
-19.9608 136.417 456
-20.7382 136.417 456
-21.5155 136.417 456
-22.244 136.118 455
-23.0197 136.118 455
-23.743 135.819 454
-24.517 135.819 454
-25.1795 135.22 452
-25.9501 135.22 452
-26.5433 134.323 449
-27.3087 134.323 449
-28.0116 134.024 448
-33.8187 127.143 425
-34.5432 127.143 425
-35.2677 127.143 425
-35.9076 126.844 424
-36.4576 126.246 422
-36.296 123.254 412
-36.8188 122.656 410
-37.3347 122.057 408
-38.0302 122.057 408
-38.6309 121.758 407
-39.2281 121.459 406
-39.8219 121.16 405
-40.5123 121.16 405
-41.2027 121.16 405
-41.8931 121.16 405
-42.5836 121.16 405
-43.274 121.16 405
-43.9644 121.16 405
-44.5446 120.861 404
-45.2333 120.861 404
-45.922 120.861 404
-46.6107 120.861 404
-47.2995 120.861 404
-47.8694 120.562 403
-48.5564 120.562 403
-49.2434 120.562 403
-49.8065 120.262 402
-50.4918 120.262 402
-51.0498 119.963 401
-51.7334 119.963 401
-52.417 119.963 401
-53.1007 119.963 401
-53.7843 119.963 401
-54.4679 119.963 401
-55.1515 119.963 401
-55.6958 119.664 400
-56.3777 119.664 400
-57.0596 119.664 400
-57.7415 119.664 400
-58.2774 119.365 399
-58.9576 119.365 399
-59.6378 119.365 399
-60.318 119.365 399
-60.9981 119.365 399
-61.6783 119.365 399
-62.3585 119.365 399
-63.0387 119.365 399
-63.7189 119.365 399
-64.3991 119.365 399
-65.0793 119.365 399
-65.7595 119.365 399
-66.4397 119.365 399
-67.1199 119.365 399
-67.8001 119.365 399
-68.4803 119.365 399
-69.1605 119.365 399
-69.8407 119.365 399
-70.5209 119.365 399
-71.2011 119.365 399
-72.0614 119.664 400
-72.7433 119.664 400
-73.6088 119.963 401
-74.2924 119.963 401
-75.1629 120.262 402
-75.8483 120.262 402
-76.7239 120.562 403
-77.411 120.562 403
-78.2918 120.861 404
-79.176 121.16 405
-79.8664 121.16 405
-80.7557 121.459 406
-81.6485 121.758 407
-82.9492 122.656 410
-83.6482 122.656 410
-84.3471 122.656 410
-85.2535 122.955 411
-85.9542 122.955 411
-86.6548 122.955 411
-87.568 123.254 412
-88.2704 123.254 412
-88.9727 123.254 412
-92.5046 127.143 425
-93.2291 127.143 425
-93.9537 127.143 425
-94.901 127.442 426
-95.8517 127.741 427
-96.5796 127.741 427
-97.7633 128.34 429
-98.7242 128.639 430
-99.9198 129.237 432
-100.656 129.237 432
-101.393 129.237 432
-102.129 129.237 432
-103.104 129.536 433
-103.842 129.536 433
-104.822 129.835 434
-106.291 130.733 437
-107.036 130.733 437
-108.274 131.331 439
-109.271 131.63 440
-110.271 131.93 441
-111.023 131.93 441
-111.775 131.93 441
-113.292 132.827 444
-114.049 132.827 444
-115.582 133.725 447
-116.604 134.024 448
-117.368 134.024 448
-118.131 134.024 448
-119.161 134.323 449
-119.926 134.323 449
-120.691 134.323 449
-121.457 134.323 449
-841.242 684.478 2288
-845.143 684.478 2288
-849.043 684.478 2288
-854.435 685.675 2292
-858.342 685.675 2292
-862.249 685.675 2292
-857.843 679.094 2270
-855.639 674.307 2254
-859.481 674.307 2254
-851.833 665.332 2224
-849.084 660.246 2207
-847.05 655.759 2192
-850.787 655.759 2192
-853.354 654.862 2189
-853.954 652.468 2181
-856.492 651.571 2178
-860.205 651.571 2178
-863.918 651.571 2178
-867.631 651.571 2178
-871.344 651.571 2178
-875.057 651.571 2178
-877.559 650.673 2175
-878.836 648.878 2169
-882.534 648.878 2169
-886.231 648.878 2169
-886.646 646.485 2161
-885.798 643.194 2150
-888.222 642.297 2147
-891.882 642.297 2147
-895.543 642.297 2147
-897.946 641.399 2144
-900.76 640.801 2142
-904.412 640.801 2142
-908.063 640.801 2142
-910.438 639.904 2139
-912.802 639.006 2136
-916.444 639.006 2136
-918.793 638.109 2133
-921.564 637.51 2131
-925.197 637.51 2131
-928.83 637.51 2131
-931.15 636.613 2128
-932.142 634.818 2122
-934.878 634.219 2120
-938.492 634.219 2120
-939.439 632.424 2114
-943.043 632.424 2114
-943.065 630.031 2106
-946.655 630.031 2106
-950.245 630.031 2106
-952.929 629.433 2104
-951.515 626.142 2093
-955.083 626.142 2093
-958.651 626.142 2093
-959.921 624.646 2088
-961.173 623.151 2083
-964.724 623.151 2083
-963.162 619.86 2072
-965.761 619.261 2070
-969.29 619.261 2070
-972.818 619.261 2070
-976.347 619.261 2070
-979.876 619.261 2070
-979.604 616.868 2062
-983.12 616.868 2062
-980.414 612.979 2049
-979.106 609.987 2039
-978.245 607.295 2030
-981.705 607.295 2030
-983.71 606.398 2027
-984.73 604.902 2022
-982.313 601.312 2010
-985.739 601.312 2010
-986.705 599.816 2005
-989.136 599.218 2003
-989.082 597.124 1996
-992.484 597.124 1996
-991.895 594.73 1988
-993.282 593.534 1984
-996.664 593.534 1984
-1000.05 593.534 1984
-1001.91 592.636 1981
-1005.29 592.636 1981
-1008.67 592.636 1981
-1012.04 592.636 1981
-1010.81 589.944 1972
-1014.17 589.944 1972
-1.41844 147.537 496
-2.26399 147.537 496
-3.11581 147.835 497
-3.96307 147.835 497
-4.81033 147.835 497
-5.65759 147.835 497
-6.50485 147.835 497
-7.36691 148.132 498
-8.21587 148.132 498
-9.06483 148.132 498
-9.9138 148.132 498
-10.7844 148.43 499
-11.635 148.43 499
-12.4857 148.43 499
-13.7118 135.342 455
-14.4874 135.342 455
-15.2631 135.342 455
-16.0387 135.342 455
-16.8144 135.342 455
-17.59 135.342 455
-18.3657 135.342 455
-19.1414 135.342 455
-19.917 135.342 455
-20.6927 135.342 455
-21.4684 135.342 455
-22.244 135.342 455
-23.0197 135.342 455
-23.743 135.044 454
-24.517 135.044 454
-25.1795 134.449 452
-25.9501 134.449 452
-26.6024 133.854 450
-27.3087 133.557 449
-28.0741 133.557 449
-33.9778 127.013 427
-34.7058 127.013 427
-35.4337 127.013 427
-36.0769 126.715 426
-36.6304 126.121 424
-36.296 122.551 412
-36.9086 122.254 411
-37.5177 121.956 410
-38.2167 121.956 410
-38.7258 121.361 408
-39.2281 120.766 406
-39.9202 120.766 406
-40.6123 120.766 406
-41.2027 120.469 405
-41.8931 120.469 405
-42.5836 120.469 405
-43.274 120.469 405
-43.9644 120.469 405
-44.5446 120.171 404
-45.2333 120.171 404
-45.922 120.171 404
-46.6107 120.171 404
-47.2995 120.171 404
-47.8694 119.874 403
-48.5564 119.874 403
-49.2434 119.874 403
-49.8065 119.577 402
-50.4918 119.577 402
-51.0498 119.279 401
-51.7334 119.279 401
-52.417 119.279 401
-53.1007 119.279 401
-53.7843 119.279 401
-54.4679 119.279 401
-55.1515 119.279 401
-55.6958 118.982 400
-56.3777 118.982 400
-57.0596 118.982 400
-57.7415 118.982 400
-58.2774 118.684 399
-59.1053 118.982 400
-59.7872 118.982 400
-60.4691 118.982 400
-60.9981 118.684 399
-61.8329 118.982 400
-62.5148 118.982 400
-63.1967 118.982 400
-63.8786 118.982 400
-64.5605 118.982 400
-65.2424 118.982 400
-65.9243 118.982 400
-66.6062 118.982 400
-67.2881 118.982 400
-67.97 118.982 400
-68.6519 118.982 400
-69.3338 118.982 400
-70.0157 118.982 400
-70.6976 118.982 400
-71.3795 118.982 400
-72.0614 118.982 400
-72.9252 119.279 401
-73.7923 119.577 402
-74.4776 119.577 402
-75.1629 119.577 402
-76.2256 120.171 404
-76.9143 120.171 404
-77.6031 120.171 404
-78.4856 120.469 405
-79.176 120.469 405
-79.8664 120.469 405
-80.9546 121.064 407
-82.0497 121.659 409
-82.9492 121.956 410
-83.6482 121.956 410
-84.5529 122.254 411
-85.4609 122.551 412
-86.1633 122.551 412
-86.8657 122.551 412
-87.568 122.551 412
-88.2704 122.551 412
-91.3482 125.823 423
-92.5046 126.418 425
-93.2291 126.418 425
-93.9537 126.418 425
-94.901 126.715 426
-96.3006 127.608 429
-97.032 127.608 429
-99.1306 129.393 435
-99.8722 129.393 435
-100.614 129.393 435
-101.588 129.69 436
-102.332 129.69 436
-103.075 129.69 436
-103.818 129.69 436
-104.801 129.987 437
-105.788 130.285 438
-106.778 130.582 439
-107.526 130.582 439
-108.768 131.177 441
-109.519 131.177 441
-110.521 131.475 442
-111.275 131.475 442
-112.282 131.772 443
-113.547 132.367 445
-114.306 132.367 445
-115.84 133.259 448
-116.864 133.557 449
-117.63 133.557 449
-118.395 133.557 449
-119.426 133.854 450
-120.46 134.152 451
-121.229 134.152 451
-122.268 134.449 452
-123.039 134.449 452
-123.809 134.449 452
-831.315 672.544 2261
-835.169 672.544 2261
-839.024 672.544 2261
-846.233 675.221 2270
-850.103 675.221 2270
-853.973 675.221 2270
-851.796 670.461 2254
-847.667 664.215 2233
-851.474 664.215 2233
-847.62 658.266 2213
-844.468 652.912 2195
-845.891 651.127 2189
-849.623 651.127 2189
-852.185 650.234 2186
-853.954 648.747 2181
-855.312 646.963 2175
-859.02 646.963 2175
-862.728 646.963 2175
-866.436 646.963 2175
-870.143 646.963 2175
-873.851 646.963 2175
-876.349 646.07 2172
-878.836 645.178 2169
-879.278 642.798 2161
-882.962 642.798 2161
-884.185 641.013 2155
-884.562 638.634 2147
-886.981 637.741 2144
-890.636 637.741 2144
-894.291 637.741 2144
-897.946 637.741 2144
-900.76 637.147 2142
-904.412 637.147 2142
-906.791 636.254 2139
-910.438 636.254 2139
-911.52 634.469 2133
-915.157 634.469 2133
-917.931 633.875 2131
-920.267 632.982 2128
-922.592 632.09 2125
-926.215 632.09 2125
-929.837 632.09 2125
-932.142 631.197 2122
-934.878 630.603 2120
-938.492 630.603 2120
-939.439 628.818 2114
-942.151 628.223 2112
-942.169 625.843 2104
-945.756 625.843 2104
-949.342 625.843 2104
-951.571 624.951 2101
-951.515 622.571 2093
-955.083 622.571 2093
-956.361 621.084 2088
-957.622 619.597 2083
-958.866 618.109 2078
-962.408 618.109 2078
-962.232 615.73 2070
-964.361 614.837 2067
-967.885 614.837 2067
-971.409 614.837 2067
-973.989 614.243 2065
-973.722 611.863 2057
-973.428 609.483 2049
-976.921 609.483 2049
-975.63 606.509 2039
-973.343 602.939 2027
-974.389 601.452 2022
-977.836 601.452 2022
-980.313 600.857 2020
-981.321 599.37 2015
-982.313 597.883 2010
-985.739 597.883 2010
-986.705 596.395 2005
-989.136 595.8 2003
-989.082 593.718 1996
-992.484 593.718 1996
-991.895 591.339 1988
-993.282 590.149 1984
-996.664 590.149 1984
-1000.05 590.149 1984
-1001.91 589.256 1981
-1005.29 589.256 1981
-1008.67 589.256 1981
-1012.04 589.256 1981
-1010.81 586.579 1972
-1014.17 586.579 1972
-1.41844 146.691 496
-2.26399 146.691 496
-3.11581 146.987 497
-3.96307 146.987 497
-4.81033 146.987 497
-5.65759 146.987 497
-6.50485 146.987 497
-7.36691 147.282 498
-8.21587 147.282 498
-9.06483 147.282 498
-9.9138 147.282 498
-10.7844 147.578 499
-11.635 147.578 499
-12.4857 147.578 499
-13.7118 134.565 455
-14.4874 134.565 455
-15.2631 134.565 455
-16.0387 134.565 455
-16.8144 134.565 455
-17.59 134.565 455
-18.3657 134.565 455
-19.1414 134.565 455
-19.917 134.565 455
-20.6927 134.565 455
-21.4684 134.565 455
-22.244 134.565 455
-23.0197 134.565 455
-23.7953 134.565 455
-24.517 134.27 454
-25.2352 133.974 453
-26.0075 133.974 453
-26.6615 133.382 451
-27.3695 133.087 450
-28.0741 132.791 449
-28.7111 132.199 447
-29.4731 132.199 447
-29.9646 131.016 443
-29.749 126.876 429
-30.4803 126.876 429
-31.2116 126.876 429
-32.0919 127.467 431
-32.8266 127.467 431
-33.5614 127.467 431
-34.137 126.876 429
-34.8683 126.876 429
-35.5997 126.876 429
-36.0769 125.989 426
-36.7168 125.693 425
-37.0889 124.51 421
-36.9984 121.848 412
-37.7007 121.848 412
-38.4031 121.848 412
-38.9156 121.257 410
-39.4213 120.665 408
-39.9202 120.074 406
-40.6123 120.074 406
-41.3045 120.074 406
-41.8931 119.778 405
-42.5836 119.778 405
-43.274 119.778 405
-43.9644 119.778 405
-44.6548 119.778 405
-45.2333 119.482 404
-45.922 119.482 404
-46.6107 119.482 404
-47.2995 119.482 404
-47.9882 119.482 404
-48.6769 119.482 404
-49.3656 119.482 404
-49.9304 119.186 403
-50.4918 118.891 402
-51.1771 118.891 402
-51.8625 118.891 402
-52.5478 118.891 402
-53.1007 118.595 401
-53.7843 118.595 401
-54.4679 118.595 401
-55.1515 118.595 401
-55.8351 118.595 401
-56.3777 118.299 400
-57.0596 118.299 400
-57.7415 118.299 400
-58.4234 118.299 400
-59.1053 118.299 400
-59.7872 118.299 400
-60.4691 118.299 400
-60.9981 118.003 399
-61.8329 118.299 400
-62.5148 118.299 400
-63.1967 118.299 400
-63.8786 118.299 400
-64.5605 118.299 400
-65.2424 118.299 400
-65.9243 118.299 400
-66.6062 118.299 400
-67.2881 118.299 400
-67.97 118.299 400
-68.6519 118.299 400
-69.3338 118.299 400
-70.0157 118.299 400
-70.6976 118.299 400
-71.3795 118.299 400
-72.0614 118.299 400
-72.9252 118.595 401
-73.7923 118.891 402
-74.4776 118.891 402
-75.1629 118.891 402
-76.2256 119.482 404
-76.9143 119.482 404
-77.6031 119.482 404
-78.4856 119.778 405
-79.3715 120.074 406
-80.0636 120.074 406
-80.9546 120.369 407
-82.2503 121.257 410
-82.9492 121.257 410
-84.0562 121.848 412
-84.7586 121.848 412
-85.4609 121.848 412
-86.1633 121.848 412
-86.8657 121.848 412
-88.8433 123.623 418
-89.5559 123.623 418
-91.3482 125.101 423
-92.5046 125.693 425
-93.2291 125.693 425
-93.9537 125.693 425
-94.901 125.989 426
-96.3006 126.876 429
-97.032 126.876 429
-99.1306 128.65 435
-100.102 128.946 436
-100.845 128.946 436
-101.588 128.946 436
-102.332 128.946 436
-103.311 129.242 437
-104.056 129.242 437
-105.041 129.538 438
-106.029 129.833 439
-107.507 130.721 442
-108.261 130.721 442
-109.014 130.721 442
-110.016 131.016 443
-110.771 131.016 443
-111.527 131.016 443
-112.789 131.608 445
-114.058 132.199 447
-114.82 132.199 447
-116.099 132.791 449
-116.864 132.791 449
-117.892 133.087 450
-118.659 133.087 450
-119.691 133.382 451
-120.46 133.382 451
-121.229 133.382 451
-122.809 134.27 454
-123.583 134.27 454
-124.357 134.27 454
-125.131 134.27 454
-831.315 668.686 2261
-835.169 668.686 2261
-839.024 668.686 2261
-846.233 671.348 2270
-850.103 671.348 2270
-853.973 671.348 2270
-851.796 666.616 2254
-847.667 660.405 2233
-851.474 660.405 2233
-847.62 654.49 2213
-844.468 649.167 2195
-845.891 647.392 2189
-849.623 647.392 2189
-852.185 646.505 2186
-855.911 646.505 2186
-855.312 643.252 2175
-859.02 643.252 2175
-862.728 643.252 2175
-866.436 643.252 2175
-870.143 643.252 2175
-873.851 643.252 2175
-875.138 641.477 2169
-878.026 640.886 2167
-878.058 638.224 2158
-881.737 638.224 2158
-884.185 637.337 2155
-883.326 634.084 2144
-886.981 634.084 2144
-890.636 634.084 2144
-894.291 634.084 2144
-897.109 633.492 2142
-899.499 632.605 2139
-903.145 632.605 2139
-905.52 631.718 2136
-909.161 631.718 2136
-910.666 630.239 2131
-914.299 630.239 2131
-916.639 629.352 2128
-918.969 628.464 2125
-922.592 628.464 2125
-926.215 628.464 2125
-927.649 626.986 2120
-931.263 626.986 2120
-932.232 625.211 2114
-935.835 625.211 2114
-938.55 624.62 2112
-940.813 623.732 2109
-942.169 622.254 2104
-945.756 622.254 2104
-947.989 621.366 2101
-949.306 619.888 2096
-949.242 617.522 2088
-952.802 617.522 2088
-954.071 616.043 2083
-956.243 615.156 2080
-956.097 612.79 2072
-959.629 612.79 2072
-958.513 609.832 2062
-961.095 609.241 2060
-960.861 606.875 2052
-964.359 606.875 2052
-965.499 605.396 2047
-968.989 605.396 2047
-971.053 604.509 2044
-974.538 604.509 2044
-969.888 599.481 2027
-969.982 597.411 2020
-966.197 592.975 2005
-969.615 592.975 2005
-972.063 592.383 2003
-974.016 591.496 2000
-971.561 587.947 1988
-974.95 587.947 1988
-978.339 587.947 1988
-980.741 587.355 1986
-981.649 585.877 1981
-985.026 585.877 1981
-987.405 585.285 1979
-989.777 584.694 1977
-993.148 584.694 1977
-996.518 584.694 1977
-997.359 583.215 1972
-1000.72 583.215 1972
-1004.08 583.215 1972
-1007.44 583.215 1972
-1008.24 581.736 1967
-1011.6 581.736 1967
-1.41844 145.845 496
-2.26399 145.845 496
-3.11581 146.139 497
-3.96307 146.139 497
-4.81033 146.139 497
-5.65759 146.139 497
-6.50485 146.139 497
-7.36691 146.433 498
-8.21587 146.433 498
-9.06483 146.433 498
-9.9138 146.433 498
-10.7844 146.727 499
-11.635 146.727 499
-12.4857 146.727 499
-16.0387 133.789 455
-16.8144 133.789 455
-17.59 133.789 455
-18.3657 133.789 455
-19.1414 133.789 455
-19.917 133.789 455
-20.6927 133.789 455
-21.4684 133.789 455
-22.244 133.789 455
-23.0197 133.789 455
-23.7953 133.789 455
-24.517 133.495 454
-25.2352 133.201 453
-26.0075 133.201 453
-26.6615 132.613 451
-27.3695 132.319 450
-28.0741 132.025 449
-28.7111 131.437 447
-29.4731 131.437 447
-29.9646 130.261 443
-30.5811 129.672 441
-30.6935 127.026 432
-31.4299 127.026 432
-32.1664 127.026 432
-32.9028 127.026 432
-33.6393 127.026 432
-34.2166 126.438 430
-34.8683 126.144 429
-35.5997 126.144 429
-36.1616 125.556 427
-36.7168 124.968 425
-37.177 124.086 422
-37.8964 124.086 422
-38.3413 123.204 419
-39.0556 123.204 419
-39.9597 123.792 421
-40.6774 123.792 421
-41.3951 123.792 421
-42.0128 123.498 420
-42.7287 123.498 420
-41.9966 119.381 406
-42.6887 119.381 406
-43.3808 119.381 406
-43.9644 119.087 405
-44.6548 119.087 405
-45.3453 119.087 405
-46.0357 119.087 405
-46.7261 119.087 405
-47.4165 119.087 405
-47.9882 118.793 404
-48.6769 118.793 404
-49.3656 118.793 404
-50.0543 118.793 404
-50.6174 118.499 403
-51.3045 118.499 403
-51.9915 118.499 403
-52.6785 118.499 403
-53.2331 118.205 402
-53.9184 118.205 402
-54.6037 118.205 402
-55.289 118.205 402
-55.9743 118.205 402
-56.5187 117.911 401
-57.2023 117.911 401
-57.8859 117.911 401
-58.5695 117.911 401
-59.2531 117.911 401
-59.9367 117.911 401
-60.6203 117.911 401
-61.3039 117.911 401
-61.9875 117.911 401
-62.6711 117.911 401
-63.3547 117.911 401
-64.0383 117.911 401
-64.7219 117.911 401
-65.4055 117.911 401
-66.0891 117.911 401
-66.7727 117.911 401
-67.2881 117.617 400
-67.97 117.617 400
-68.6519 117.617 400
-69.3338 117.617 400
-70.1908 117.911 401
-70.8744 117.911 401
-71.558 117.911 401
-72.2416 117.911 401
-73.107 118.205 402
-73.7923 118.205 402
-74.4776 118.205 402
-75.5369 118.793 404
-76.2256 118.793 404
-76.9143 118.793 404
-77.6031 118.793 404
-78.4856 119.087 405
-79.3715 119.381 406
-80.0636 119.381 406
-80.9546 119.675 407
-82.2503 120.557 410
-82.9492 120.557 410
-84.0562 121.145 412
-84.7586 121.145 412
-85.4609 121.145 412
-86.1633 121.145 412
-86.8657 121.145 412
-88.8433 122.909 418
-89.5559 122.909 418
-91.3482 124.38 423
-92.5046 124.968 425
-93.2291 124.968 425
-93.9537 124.968 425
-94.6782 124.968 425
-96.3006 126.144 429
-97.032 126.144 429
-99.1306 127.908 435
-100.102 128.202 436
-100.845 128.202 436
-101.588 128.202 436
-102.332 128.202 436
-103.311 128.496 437
-104.056 128.496 437
-105.041 128.79 438
-106.029 129.084 439
-107.507 129.966 442
-108.261 129.966 442
-109.014 129.966 442
-110.264 130.555 444
-111.021 130.555 444
-111.778 130.555 444
-113.042 131.143 446
-114.058 131.437 447
-114.82 131.437 447
-116.099 132.025 449
-117.124 132.319 450
-117.892 132.319 450
-118.659 132.319 450
-119.691 132.613 451
-120.727 132.907 452
-121.498 132.907 452
-122.809 133.495 454
-123.583 133.495 454
-124.357 133.495 454
-125.131 133.495 454
-825.432 660.124 2245
-829.259 660.124 2245
-835.313 661.888 2251
-842.878 664.829 2261
-846.733 664.829 2261
-850.587 664.829 2261
-850.662 661.888 2251
-845.389 654.831 2227
-849.186 654.831 2227
-846.471 649.832 2210
-844.468 645.422 2195
-844.732 642.775 2186
-848.458 642.775 2186
-852.185 642.775 2186
-855.911 642.775 2186
-854.132 638.659 2172
-859.02 639.541 2175
-862.728 639.541 2175
-866.436 639.541 2175
-868.943 638.659 2172
-872.646 638.659 2172
-875.138 637.777 2169
-878.026 637.189 2167
-878.058 634.542 2158
-881.737 634.542 2158
-884.185 633.66 2155
-883.326 630.426 2144
-886.981 630.426 2144
-890.636 630.426 2144
-894.291 630.426 2144
-897.109 629.838 2142
-899.499 628.955 2139
-903.145 628.955 2139
-905.52 628.073 2136
-909.161 628.073 2136
-910.666 626.603 2131
-914.299 626.603 2131
-916.639 625.721 2128
-918.969 624.839 2125
-922.592 624.839 2125
-926.215 624.839 2125
-927.649 623.369 2120
-931.263 623.369 2120
-932.232 621.604 2114
-935.835 621.604 2114
-938.55 621.016 2112
-939.474 619.252 2106
-940.826 617.782 2101
-944.407 617.782 2101
-945.733 616.312 2096
-949.306 616.312 2096
-945.605 611.607 2080
-949.151 611.607 2080
-952.697 611.607 2080
-953.944 610.137 2075
-952.867 607.196 2065
-956.387 607.196 2065
-957.584 605.726 2060
-957.363 603.374 2052
-958.52 601.904 2047
-962.009 601.904 2047
-963.141 600.433 2042
-966.622 600.433 2042
-965.352 597.493 2032
-968.816 597.493 2032
-966.538 593.964 2020
-962.779 589.554 2005
-965.233 588.966 2003
-968.648 588.966 2003
-969.636 587.496 1998
-968.172 584.555 1988
-969.606 583.379 1984
-972.989 583.379 1984
-973.91 581.909 1979
-977.284 581.909 1979
-978.18 580.439 1974
-981.545 580.439 1974
-983.912 579.85 1972
-986.273 579.262 1970
-989.631 579.262 1970
-992.989 579.262 1970
-994.831 578.38 1967
-998.184 578.38 1967
-1001.54 578.38 1967
-1004.89 578.38 1967
-1007.22 577.792 1965
-1006.97 575.734 1958
-1.4213 145.291 497
-2.26856 145.291 497
-3.11581 145.291 497
-3.96307 145.291 497
-4.81033 145.291 497
-5.65759 145.291 497
-6.50485 145.291 497
-7.36691 145.583 498
-8.21587 145.583 498
-9.06483 145.583 498
-9.9138 145.583 498
-10.7844 145.876 499
-11.635 145.876 499
-12.4857 145.876 499
-19.917 133.013 455
-20.6927 133.013 455
-21.4684 133.013 455
-22.244 133.013 455
-23.0197 133.013 455
-23.7953 133.013 455
-24.517 132.72 454
-25.2352 132.428 453
-26.0075 132.428 453
-26.6615 131.843 451
-27.3695 131.551 450
-28.0741 131.259 449
-28.7111 130.674 447
-29.4731 130.674 447
-29.9646 129.505 443
-30.5811 128.92 441
-30.6935 126.289 432
-31.4299 126.289 432
-32.1664 126.289 432
-32.9028 126.289 432
-33.6393 126.289 432
-34.2166 125.704 430
-34.8683 125.412 429
-35.5997 125.412 429
-36.1616 124.827 427
-36.7168 124.243 425
-37.177 123.366 422
-37.8964 123.366 422
-38.3413 122.489 419
-39.0556 122.489 419
-39.9597 123.073 421
-40.6774 123.073 421
-41.3951 123.073 421
-42.0128 122.781 420
-42.7287 122.781 420
-41.9966 118.688 406
-42.6887 118.688 406
-43.3808 118.688 406
-44.073 118.688 406
-44.6548 118.396 405
-45.3453 118.396 405
-46.0357 118.396 405
-46.7261 118.396 405
-47.4165 118.396 405
-48.107 118.396 405
-48.7974 118.396 405
-49.4878 118.396 405
-50.1782 118.396 405
-50.8686 118.396 405
-51.5591 118.396 405
-52.1205 118.104 404
-52.8092 118.104 404
-53.4979 118.104 404
-54.1866 118.104 404
-54.8754 118.104 404
-55.5641 118.104 404
-56.1135 117.811 403
-56.8006 117.811 403
-57.4876 117.811 403
-58.0302 117.519 402
-58.7155 117.519 402
-59.4008 117.519 402
-60.0862 117.519 402
-60.7715 117.519 402
-61.3039 117.227 401
-61.9875 117.227 401
-62.6711 117.227 401
-63.3547 117.227 401
-64.0383 117.227 401
-64.7219 117.227 401
-65.4055 117.227 401
-66.0891 117.227 401
-66.7727 117.227 401
-67.4563 117.227 401
-68.1399 117.227 401
-68.8235 117.227 401
-69.5071 117.227 401
-70.1908 117.227 401
-70.8744 117.227 401
-71.558 117.227 401
-72.4217 117.519 402
-73.107 117.519 402
-73.7923 117.519 402
-74.6629 117.811 403
-75.5369 118.104 404
-76.2256 118.104 404
-76.9143 118.104 404
-77.7951 118.396 405
-78.6794 118.688 406
-79.567 118.981 407
-80.2608 118.981 407
-81.5514 119.858 410
-82.6515 120.442 412
-83.3539 120.442 412
-84.0562 120.442 412
-84.9643 120.735 413
-85.6684 120.735 413
-86.3724 120.735 413
-87.0765 120.735 413
-88.8433 122.196 418
-89.5559 122.196 418
-90.9163 123.073 421
-92.287 123.95 424
-93.2291 124.243 425
-93.9537 124.243 425
-94.6782 124.243 425
-99.1306 127.166 435
-100.102 127.458 436
-100.845 127.458 436
-101.588 127.458 436
-102.332 127.458 436
-103.311 127.751 437
-104.056 127.751 437
-105.041 128.043 438
-106.029 128.335 439
-107.507 129.212 442
-108.261 129.212 442
-109.014 129.212 442
-110.264 129.797 444
-111.021 129.797 444
-111.778 129.797 444
-113.042 130.382 446
-114.058 130.674 447
-114.82 130.674 447
-116.099 131.259 449
-117.124 131.551 450
-117.892 131.551 450
-118.659 131.551 450
-119.691 131.843 451
-120.727 132.136 452
-121.498 132.136 452
-122.809 132.72 454
-123.583 132.72 454
-124.357 132.72 454
-125.131 132.72 454
-823.226 654.54 2239
-827.043 654.54 2239
-835.313 658.048 2251
-842.878 660.971 2261
-846.733 660.971 2261
-850.587 660.971 2261
-850.662 658.048 2251
-845.389 651.032 2227
-849.186 651.032 2227
-846.471 646.062 2210
-844.468 641.677 2195
-844.732 639.046 2186
-848.458 639.046 2186
-852.185 639.046 2186
-855.911 639.046 2186
-855.312 635.83 2175
-859.02 635.83 2175
-862.728 635.83 2175
-866.436 635.83 2175
-868.943 634.953 2172
-872.646 634.953 2172
-874.331 633.491 2167
-878.026 633.491 2167
-878.058 630.86 2158
-881.737 630.86 2158
-884.185 629.983 2155
-883.326 626.768 2144
-886.154 626.183 2142
-889.805 626.183 2142
-893.457 626.183 2142
-897.109 626.183 2142
-898.237 624.429 2136
-901.878 624.429 2136
-905.52 624.429 2136
-907.884 623.552 2133
-909.384 622.09 2128
-913.011 622.09 2128
-915.347 621.213 2125
-917.672 620.336 2122
-920.421 619.752 2120
-924.035 619.752 2120
-926.337 618.875 2117
-929.946 618.875 2117
-931.35 617.413 2112
-934.95 617.413 2112
-938.55 617.413 2112
-939.474 615.659 2106
-940.826 614.197 2101
-944.407 614.197 2101
-945.733 612.736 2096
-949.306 612.736 2096
-945.605 608.058 2080
-949.151 608.058 2080
-952.697 608.058 2080
-953.944 606.597 2075
-952.867 603.673 2065
-956.387 603.673 2065
-957.584 602.212 2060
-957.363 599.873 2052
-958.52 598.411 2047
-962.009 598.411 2047
-963.141 596.95 2042
-966.622 596.95 2042
-965.352 594.026 2032
-968.816 594.026 2032
-966.538 590.518 2020
-962.779 586.133 2005
-965.233 585.548 2003
-968.648 585.548 2003
-969.636 584.087 1998
-968.172 581.163 1988
-967.163 578.532 1979
-970.536 578.532 1979
-971.45 577.071 1974
-973.827 576.486 1972
-976.198 575.901 1970
-979.556 575.901 1970
-982.914 575.901 1970
-984.771 575.024 1967
-987.119 574.44 1965
-990.469 574.44 1965
-993.819 574.44 1965
-997.169 574.44 1965
-997.973 572.978 1960
-1001.31 572.978 1960
-1003.63 572.393 1958
-1005.94 571.809 1956
-0.574036 144.443 497
-1.4213 144.443 497
-2.26856 144.443 497
-3.11581 144.443 497
-3.96307 144.443 497
-4.81033 144.443 497
-5.65759 144.443 497
-6.50485 144.443 497
-7.36691 144.734 498
-8.21587 144.734 498
-9.06483 144.734 498
-9.9138 144.734 498
-10.7628 144.734 498
-11.6117 144.734 498
-12.4607 144.734 498
-21.4684 132.236 455
-22.244 132.236 455
-23.0197 132.236 455
-23.7953 132.236 455
-24.571 132.236 455
-25.2909 131.946 454
-26.0649 131.946 454
-26.6615 131.074 451
-27.3695 130.783 450
-28.0741 130.493 449
-28.8396 130.493 449
-29.4731 129.911 447
-29.9646 128.749 443
-30.5811 128.168 441
-30.9066 126.424 435
-31.5027 125.843 433
-32.2408 125.843 433
-32.979 125.843 433
-33.7171 125.843 433
-34.2961 125.261 431
-35.0309 125.261 431
-35.6826 124.971 430
-36.1616 124.099 427
-36.8032 123.808 426
-37.177 122.646 422
-37.8964 122.646 422
-38.3413 121.774 419
-39.242 122.355 421
-39.9597 122.355 421
-40.6774 122.355 421
-41.3951 122.355 421
-42.1128 122.355 421
-42.7287 122.064 420
-43.4447 122.064 420
-44.1607 122.064 420
-43.4877 118.286 407
-44.073 117.996 406
-44.6548 117.705 405
-45.3453 117.705 405
-46.0357 117.705 405
-46.7261 117.705 405
-47.4165 117.705 405
-48.107 117.705 405
-48.7974 117.705 405
-49.4878 117.705 405
-50.1782 117.705 405
-50.8686 117.705 405
-51.5591 117.705 405
-52.1205 117.414 404
-52.8092 117.414 404
-53.4979 117.414 404
-54.1866 117.414 404
-54.8754 117.414 404
-55.5641 117.414 404
-56.1135 117.124 403
-56.8006 117.124 403
-57.4876 117.124 403
-58.0302 116.833 402
-58.7155 116.833 402
-59.4008 116.833 402
-60.0862 116.833 402
-60.7715 116.833 402
-61.4568 116.833 402
-62.1421 116.833 402
-62.8274 116.833 402
-63.5127 116.833 402
-64.198 116.833 402
-64.8833 116.833 402
-65.5686 116.833 402
-66.0891 116.542 401
-66.7727 116.542 401
-67.4563 116.542 401
-68.1399 116.542 401
-68.8235 116.542 401
-69.5071 116.542 401
-70.3658 116.833 402
-71.0511 116.833 402
-71.7364 116.833 402
-72.6019 117.124 403
-73.2889 117.124 403
-73.9759 117.124 403
-74.8482 117.414 404
-75.7239 117.705 405
-76.4143 117.705 405
-77.1047 117.705 405
-77.9872 117.996 406
-78.8731 118.286 407
-79.567 118.286 407
-80.8524 119.158 410
-81.9492 119.739 412
-82.8521 120.03 413
-83.5562 120.03 413
-84.4643 120.321 414
-85.5815 120.902 416
-86.2907 120.902 416
-87.209 121.193 417
-88.1307 121.483 418
-89.2684 122.064 420
-89.9844 122.064 420
-91.3482 122.936 423
-92.5046 123.518 425
-93.2291 123.518 425
-94.3958 124.099 427
-96.4604 125.843 433
-97.1985 125.843 433
-98.389 126.424 435
-99.3585 126.715 436
-100.102 126.715 436
-100.845 126.715 436
-101.588 126.715 436
-102.566 127.005 437
-103.548 127.296 438
-104.294 127.296 438
-105.041 127.296 438
-106.029 127.586 439
-107.507 128.458 442
-108.261 128.458 442
-109.261 128.749 443
-110.264 129.04 444
-111.021 129.04 444
-112.03 129.33 445
-113.042 129.621 446
-114.568 130.493 449
-115.333 130.493 449
-116.099 130.493 449
-117.124 130.783 450
-117.892 130.783 450
-118.659 130.783 450
-119.691 131.074 451
-120.727 131.365 452
-121.498 131.365 452
-122.809 131.946 454
-123.583 131.946 454
-124.357 131.946 454
-125.131 131.946 454
-816.115 648.104 2230
-823.226 650.72 2239
-827.043 650.72 2239
-835.313 654.207 2251
-841.387 655.951 2257
-845.235 655.951 2257
-849.082 655.951 2257
-850.662 654.207 2251
-845.389 647.232 2227
-849.186 647.232 2227
-845.322 641.42 2207
-843.313 637.06 2192
-844.732 635.316 2186
-848.458 635.316 2186
-852.185 635.316 2186
-855.911 635.316 2186
-855.312 632.119 2175
-859.02 632.119 2175
-862.728 632.119 2175
-866.436 632.119 2175
-868.943 631.248 2172
-872.646 631.248 2172
-874.331 629.794 2167
-876.81 628.922 2164
-878.058 627.179 2158
-881.737 627.179 2158
-883.364 625.726 2153
-883.326 623.11 2144
-884.913 621.657 2139
-888.559 621.657 2139
-892.206 621.657 2139
-895.852 621.657 2139
-898.237 620.785 2136
-901.878 620.785 2136
-904.248 619.913 2133
-907.033 619.332 2131
-908.102 617.588 2125
-911.724 617.588 2125
-914.055 616.716 2122
-915.51 615.263 2117
-919.119 615.263 2117
-922.728 615.263 2117
-925.024 614.391 2114
-927.749 613.81 2112
-931.35 613.81 2112
-934.95 613.81 2112
-935.884 612.066 2106
-938.582 611.485 2104
-938.586 609.16 2096
-942.16 609.16 2096
-945.733 609.16 2096
-947.947 608.288 2093
-945.605 604.51 2080
-949.151 604.51 2080
-951.781 603.928 2078
-953.944 603.056 2075
-951.483 599.278 2062
-954.998 599.278 2062
-957.584 598.697 2060
-955.963 595.5 2049
-954.774 592.594 2039
-958.25 592.594 2039
-960.782 592.013 2037
-962.835 591.141 2034
-965.352 590.559 2032
-968.816 590.559 2032
-962.711 584.747 2012
-961.819 582.131 2003
-962.824 580.678 1998
-966.23 580.678 1998
-966.239 578.644 1991
-966.224 576.609 1984
-967.163 575.156 1979
-970.536 575.156 1979
-971.45 573.703 1974
-973.827 573.122 1972
-976.198 572.54 1970
-979.556 572.54 1970
-982.914 572.54 1970
-984.771 571.668 1967
-987.119 571.087 1965
-990.469 571.087 1965
-993.819 571.087 1965
-997.169 571.087 1965
-997.973 569.634 1960
-1001.31 569.634 1960
-1003.63 569.053 1958
-1005.94 568.471 1956
-0.574036 143.595 497
-1.4213 143.595 497
-2.26856 143.595 497
-3.11581 143.595 497
-3.96307 143.595 497
-4.81033 143.595 497
-5.64621 143.306 496
-6.49177 143.306 496
-7.35211 143.595 497
-8.21587 143.884 498
-9.06483 143.884 498
-9.9138 143.884 498
-10.7628 143.884 498
-11.6117 143.884 498
-12.4607 143.884 498
-13.2562 143.306 496
-19.917 131.46 455
-20.6927 131.46 455
-21.4684 131.46 455
-22.244 131.46 455
-23.0197 131.46 455
-23.7953 131.46 455
-24.571 131.46 455
-25.2909 131.171 454
-26.0649 131.171 454
-26.7206 130.593 452
-27.3695 130.016 450
-28.0741 129.727 449
-28.8396 129.727 449
-29.5391 129.438 448
-30.0999 128.571 445
-30.5811 127.415 441
-30.9777 125.971 436
-31.5754 125.393 434
-32.3153 125.393 434
-33.0551 125.393 434
-33.7171 125.104 433
-34.3757 124.815 432
-35.1122 124.815 432
-35.7656 124.526 431
-36.331 123.948 429
-36.8895 123.37 427
-37.4413 122.792 425
-38.1658 122.792 425
-38.6158 121.926 422
-39.3352 121.926 422
-40.0546 121.926 422
-40.774 121.926 422
-41.3951 121.637 421
-42.1128 121.637 421
-42.7287 121.348 420
-43.4447 121.348 420
-44.1607 121.348 420
-44.0219 119.036 412
-44.1815 117.592 407
-44.7651 117.303 406
-45.4572 117.303 406
-46.1494 117.303 406
-46.8415 117.303 406
-47.5336 117.303 406
-48.2257 117.303 406
-48.9179 117.303 406
-49.4878 117.014 405
-50.1782 117.014 405
-50.8686 117.014 405
-51.5591 117.014 405
-52.2495 117.014 405
-52.9399 117.014 405
-53.4979 116.725 404
-54.1866 116.725 404
-54.8754 116.725 404
-55.5641 116.725 404
-56.2528 116.725 404
-56.9415 116.725 404
-57.4876 116.436 403
-58.1746 116.436 403
-58.8616 116.436 403
-59.5486 116.436 403
-60.2356 116.436 403
-60.7715 116.147 402
-61.4568 116.147 402
-62.1421 116.147 402
-62.8274 116.147 402
-63.5127 116.147 402
-64.198 116.147 402
-64.8833 116.147 402
-65.5686 116.147 402
-66.0891 115.858 401
-66.7727 115.858 401
-67.4563 115.858 401
-68.1399 115.858 401
-68.8235 115.858 401
-69.5071 115.858 401
-70.3658 116.147 402
-71.0511 116.147 402
-71.7364 116.147 402
-72.6019 116.436 403
-73.2889 116.436 403
-73.9759 116.436 403
-74.8482 116.725 404
-75.7239 117.014 405
-76.603 117.303 406
-77.2951 117.303 406
-78.1793 117.592 407
-79.4545 118.459 410
-80.1535 118.459 410
-81.2468 119.036 412
-82.1481 119.325 413
-83.2534 119.903 415
-83.9608 119.903 415
-84.8723 120.192 416
-85.7872 120.481 417
-86.4981 120.481 417
-87.4181 120.77 418
-88.3415 121.059 419
-89.2684 121.348 420
-89.9844 121.348 420
-91.5642 122.504 424
-92.9399 123.37 427
-93.6679 123.37 427
-95.7222 125.104 433
-96.9059 125.682 435
-97.6475 125.682 435
-98.389 125.682 435
-99.5864 126.26 437
-100.331 126.26 437
-101.076 126.26 437
-102.287 126.837 439
-103.036 126.837 439
-103.784 126.837 439
-104.532 126.837 439
-105.76 127.415 441
-106.754 127.704 442
-107.507 127.704 442
-108.261 127.704 442
-109.261 127.993 443
-110.513 128.571 445
-111.271 128.571 445
-112.282 128.86 446
-113.296 129.149 447
-114.568 129.727 449
-115.333 129.727 449
-116.099 129.727 449
-117.124 130.016 450
-117.892 130.016 450
-118.922 130.305 451
-119.691 130.305 451
-120.727 130.593 452
-121.498 130.593 452
-122.268 130.593 452
-123.039 130.593 452
-123.809 130.593 452
-809.035 641.699 2221
-818.311 646.033 2236
-823.226 646.9 2239
-827.043 646.9 2239
-835.313 650.367 2251
-841.387 652.1 2257
-845.235 652.1 2257
-849.082 652.1 2257
-850.662 650.367 2251
-845.389 643.433 2227
-849.186 643.433 2227
-845.322 637.654 2207
-843.313 633.32 2192
-844.732 631.587 2186
-848.458 631.587 2186
-852.185 631.587 2186
-855.911 631.587 2186
-855.312 628.409 2175
-859.02 628.409 2175
-862.728 628.409 2175
-866.436 628.409 2175
-868.943 627.542 2172
-872.646 627.542 2172
-873.121 625.23 2164
-875.594 624.364 2161
-878.058 623.497 2158
-881.737 623.497 2158
-883.364 622.052 2153
-881.266 618.007 2139
-884.913 618.007 2139
-888.559 618.007 2139
-892.206 618.007 2139
-894.596 617.141 2136
-896.975 616.274 2133
-900.612 616.274 2133
-903.4 615.696 2131
-907.033 615.696 2131
-906.82 613.096 2122
-910.437 613.096 2122
-913.193 612.518 2120
-915.51 611.651 2117
-916.948 610.206 2112
-920.548 610.206 2112
-924.149 610.206 2112
-927.749 610.206 2112
-930.027 609.34 2109
-933.622 609.34 2109
-935.884 608.473 2106
-937.244 607.028 2101
-938.586 605.584 2096
-942.16 605.584 2096
-944.379 604.717 2093
-947.041 604.139 2091
-945.605 600.961 2080
-949.151 600.961 2080
-950.407 599.516 2075
-952.565 598.649 2072
-950.56 595.182 2060
-954.072 595.182 2060
-953.865 592.871 2052
-951.298 589.115 2039
-951.496 587.093 2032
-954.96 587.093 2032
-956.066 585.648 2027
-959.521 585.648 2027
-962.027 585.07 2025
-965.479 585.07 2025
-960.797 580.158 2008
-959.418 577.269 1998
-959.451 575.247 1991
-962.845 575.247 1991
-964.783 574.38 1988
-963.789 571.78 1979
-964.719 570.335 1974
-968.084 570.335 1974
-969.481 569.179 1970
-971.358 568.313 1967
-973.72 567.735 1965
-977.07 567.735 1965
-977.925 566.29 1960
-981.266 566.29 1960
-983.603 565.712 1958
-986.941 565.712 1958
-990.279 565.712 1958
-993.617 565.712 1958
-996.954 565.712 1958
-1000.29 565.712 1958
-1002.61 565.134 1956
-1003.37 563.69 1951
0.273224 142.747 497
-0.574036 142.747 497
-1.4213 142.747 497
-2.26856 142.747 497
-3.11581 142.747 497
-3.9551 142.46 496
-4.80066 142.46 496
-5.64621 142.46 496
-6.47868 142.173 495
-7.33732 142.46 496
-8.19937 142.747 497
-9.04663 142.747 497
-9.89389 142.747 497
-10.7628 143.034 498
-11.6117 143.034 498
-12.4607 143.034 498
-13.2562 142.46 496
-19.917 130.684 455
-20.6927 130.684 455
-21.4684 130.684 455
-22.244 130.684 455
-23.0197 130.684 455
-23.7953 130.684 455
-24.571 130.684 455
-25.2909 130.397 454
-26.0649 130.397 454
-26.7206 129.822 452
-27.3695 129.248 450
-28.1367 129.248 450
-28.9038 129.248 450
-29.5391 128.673 448
-30.1675 128.099 446
-30.6505 126.95 442
-31.2619 126.376 440
-32.0119 126.376 440
-32.3897 124.94 435
-33.0551 124.652 434
-33.795 124.652 434
-34.4553 124.365 433
-35.1934 124.365 433
-35.8486 124.078 432
-36.5004 123.791 431
-37.0623 123.216 429
-37.7937 123.216 429
-38.3454 122.642 427
-38.9818 122.355 426
-39.5216 121.78 424
-40.2444 121.78 424
-40.9673 121.78 424
-41.3951 120.919 421
-42.1128 120.919 421
-42.7287 120.631 420
-43.4447 120.631 420
-44.1607 120.631 420
-44.8767 120.631 420
-44.5072 117.759 410
-45.2061 117.759 410
-45.9051 117.759 410
-46.604 117.759 410
-47.0722 117.185 408
-47.6507 116.897 407
-48.2257 116.61 406
-48.9179 116.61 406
-49.61 116.61 406
-50.3021 116.61 406
-50.8686 116.323 405
-51.5591 116.323 405
-52.2495 116.323 405
-52.9399 116.323 405
-53.6303 116.323 405
-54.3208 116.323 405
-55.0112 116.323 405
-55.7016 116.323 405
-56.392 116.323 405
-57.0824 116.323 405
-57.6302 116.036 404
-58.3189 116.036 404
-59.0077 116.036 404
-59.6964 116.036 404
-60.3851 116.036 404
-60.9226 115.749 403
-61.6096 115.749 403
-62.2967 115.749 403
-62.9837 115.749 403
-63.6707 115.749 403
-64.3577 115.749 403
-65.0447 115.749 403
-65.7317 115.749 403
-66.2539 115.461 402
-66.9392 115.461 402
-67.6245 115.461 402
-68.3099 115.461 402
-68.9952 115.461 402
-69.6805 115.461 402
-70.5408 115.749 403
-71.2278 115.749 403
-71.9148 115.749 403
-72.782 116.036 404
-73.4707 116.036 404
-74.1595 116.036 404
-75.0334 116.323 405
-75.9108 116.61 406
-76.603 116.61 406
-77.2951 116.61 406
-78.1793 116.897 407
-79.4545 117.759 410
-80.1535 117.759 410
-81.2468 118.334 412
-82.1481 118.621 413
-83.2534 119.195 415
-83.9608 119.195 415
-84.8723 119.482 416
-85.7872 119.77 417
-86.4981 119.77 417
-87.4181 120.057 418
-88.3415 120.344 419
-89.2684 120.631 420
-89.9844 120.631 420
-91.5642 121.78 424
-92.9399 122.642 427
-93.6679 122.642 427
-95.7222 124.365 433
-96.9059 124.94 435
-97.6475 124.94 435
-98.389 124.94 435
-99.5864 125.514 437
-100.331 125.514 437
-101.076 125.514 437
-102.287 126.088 439
-103.036 126.088 439
-103.784 126.088 439
-105.009 126.663 441
-105.76 126.663 441
-106.754 126.95 442
-107.507 126.95 442
-108.506 127.237 443
-109.261 127.237 443
-110.513 127.812 445
-111.271 127.812 445
-112.282 128.099 446
-113.296 128.386 447
-114.568 128.961 449
-115.333 128.961 449
-116.357 129.248 450
-117.124 129.248 450
-117.892 129.248 450
-118.922 129.535 451
-119.691 129.535 451
-120.727 129.822 452
-121.498 129.822 452
-122.268 129.822 452
-123.039 129.822 452
-123.809 129.822 452
-809.035 637.91 2221
-818.311 642.218 2236
-823.226 643.08 2239
-827.043 643.08 2239
-833.086 644.803 2245
-840.269 647.388 2254
-844.111 647.388 2254
-847.954 647.388 2254
-844.994 642.218 2236
-840.834 636.187 2215
-844.61 636.187 2215
-841.875 631.304 2198
-842.159 628.719 2189
-842.799 626.421 2181
-846.518 626.421 2181
-850.236 626.421 2181
-852.779 625.56 2178
-855.312 624.698 2175
-859.02 624.698 2175
-862.728 624.698 2175
-866.436 624.698 2175
-868.943 623.836 2172
-872.646 623.836 2172
-873.121 621.538 2164
-875.594 620.677 2161
-878.058 619.815 2158
-881.737 619.815 2158
-883.364 618.379 2153
-881.266 614.358 2139
-884.913 614.358 2139
-888.559 614.358 2139
-892.206 614.358 2139
-894.596 613.496 2136
-896.975 612.635 2133
-900.612 612.635 2133
-903.4 612.06 2131
-907.033 612.06 2131
-906.82 609.475 2122
-910.437 609.475 2122
-913.193 608.901 2120
-915.51 608.039 2117
-916.948 606.603 2112
-920.548 606.603 2112
-924.149 606.603 2112
-927.749 606.603 2112
-930.027 605.742 2109
-933.622 605.742 2109
-935.884 604.88 2106
-935.013 602.008 2096
-936.348 600.572 2091
-939.912 600.572 2091
-942.123 599.71 2088
-943.418 598.274 2083
-943.332 595.976 2075
-946.87 595.976 2075
-949.033 595.114 2072
-947.968 592.242 2062
-948.253 590.232 2055
-951.756 590.232 2055
-950.146 587.072 2044
-948.032 583.626 2032
-948.218 581.615 2025
-951.67 581.615 2025
-953.707 580.754 2022
-957.154 580.754 2022
-959.651 580.179 2020
-963.095 580.179 2020
-956.969 574.435 2000
-956.057 571.85 1991
-958.005 570.988 1988
-961.394 570.988 1988
-963.812 570.414 1986
-962.815 567.829 1977
-962.764 565.818 1970
-966.123 565.818 1970
-968.005 564.957 1967
-970.37 564.382 1965
-971.242 562.946 1960
-974.584 562.946 1960
-975.929 561.797 1956
-979.264 561.797 1956
-981.091 560.936 1953
-984.421 560.936 1953
-987.75 560.936 1953
-991.079 560.936 1953
-994.409 560.936 1953
-997.738 560.936 1953
-1000.04 560.361 1951
-1001.31 559.212 1947
0.273224 141.899 497
-0.574036 141.899 497
-1.4213 141.899 497
-2.26856 141.899 497
-3.11581 141.899 497
-3.9551 141.614 496
-4.80066 141.614 496
-5.63483 141.328 495
-6.46559 141.043 494
-7.32253 141.328 495
-8.18287 141.614 496
-9.02843 141.614 496
-9.89389 141.899 497
-10.7412 141.899 497
-11.5884 141.899 497
-12.4357 141.899 497
-13.2562 141.614 496
-19.1414 129.908 455
-19.917 129.908 455
-20.6927 129.908 455
-21.4684 129.908 455
-22.244 129.908 455
-23.0197 129.908 455
-23.7953 129.908 455
-24.571 129.908 455
-25.2909 129.622 454
-26.0649 129.622 454
-26.7797 129.337 453
-27.4303 128.766 451
-28.1367 128.48 450
-28.9038 128.48 450
-29.5391 127.909 448
-30.1675 127.338 446
-30.6505 126.196 442
-31.2619 125.625 440
-32.0119 125.625 440
-32.3897 124.197 435
-33.0551 123.912 434
-33.795 123.912 434
-34.4553 123.626 433
-35.1934 123.626 433
-35.8486 123.341 432
-36.5004 123.055 431
-37.0623 122.484 429
-37.7937 122.484 429
-38.3454 121.913 427
-38.9818 121.628 426
-39.5216 121.057 424
-40.2444 121.057 424
-40.9673 121.057 424
-41.3951 120.2 421
-42.1128 120.2 421
-42.7287 119.915 420
-43.4447 119.915 420
-44.1607 119.915 420
-44.8767 119.915 420
-45.5927 119.915 420
-46.3087 119.915 420
-47.0247 119.915 420
-47.627 119.629 419
-47.303 117.06 410
-48.0019 117.06 410
-48.5821 116.774 409
-49.2793 116.774 409
-49.7322 116.203 407
-50.3021 115.918 406
-50.9942 115.918 406
-51.6864 115.918 406
-52.3785 115.918 406
-53.0706 115.918 406
-53.7628 115.918 406
-54.4549 115.918 406
-55.147 115.918 406
-55.8391 115.918 406
-56.392 115.632 405
-57.0824 115.632 405
-57.7729 115.632 405
-58.4633 115.632 405
-59.1537 115.632 405
-59.8441 115.632 405
-60.5346 115.632 405
-61.225 115.632 405
-61.7625 115.347 404
-62.4512 115.347 404
-63.14 115.347 404
-63.9867 115.632 405
-64.6771 115.632 405
-65.3675 115.632 405
-65.8948 115.347 404
-66.5836 115.347 404
-67.2723 115.347 404
-67.961 115.347 404
-68.6497 115.347 404
-69.3384 115.347 404
-70.0271 115.347 404
-70.7159 115.347 404
-71.4046 115.347 404
-72.2718 115.632 405
-72.9622 115.632 405
-73.6526 115.632 405
-74.343 115.632 405
-75.2187 115.918 406
-75.9108 115.918 406
-76.7916 116.203 407
-77.4855 116.203 407
-78.5635 116.774 409
-79.6483 117.345 411
-80.349 117.345 411
-81.2468 117.631 412
-82.5459 118.487 415
-83.454 118.773 416
-84.1631 118.773 416
-85.0763 119.058 417
-85.9929 119.344 418
-86.7055 119.344 418
-87.6272 119.629 419
-88.5524 119.915 420
-90.1185 121.057 424
-90.8414 121.057 424
-92.212 121.913 427
-92.9399 121.913 427
-95.2034 123.912 434
-96.1643 124.197 435
-97.1287 124.483 436
-97.872 124.483 436
-98.8414 124.768 437
-99.8143 125.054 438
-100.791 125.339 439
-101.539 125.339 439
-102.287 125.339 439
-103.036 125.339 439
-103.784 125.339 439
-105.009 125.91 441
-105.76 125.91 441
-106.754 126.196 442
-107.507 126.196 442
-108.506 126.481 443
-109.261 126.481 443
-110.513 127.053 445
-111.271 127.053 445
-112.282 127.338 446
-113.296 127.624 447
-114.568 128.195 449
-115.333 128.195 449
-116.357 128.48 450
-117.124 128.48 450
-117.892 128.48 450
-118.922 128.766 451
-119.691 128.766 451
-120.46 128.766 451
-121.229 128.766 451
-121.998 128.766 451
-790.494 628.41 2201
-797.493 630.98 2210
-801.261 630.98 2210
-809.035 634.121 2221
-818.311 638.403 2236
-822.123 638.403 2236
-825.935 638.403 2236
-830.86 639.26 2239
-836.914 640.973 2245
-840.741 640.973 2245
-844.568 640.973 2245
-842.727 636.69 2230
-837.797 630.123 2207
-841.559 630.123 2207
-839.577 625.841 2192
-837.927 621.844 2178
-841.64 621.844 2178
-845.353 621.844 2178
-849.066 621.844 2178
-852.779 621.844 2178
-855.312 620.987 2175
-859.02 620.987 2175
-861.538 620.131 2172
-865.241 620.131 2172
-865.743 617.846 2164
-869.432 617.846 2164
-873.121 617.846 2164
-874.379 616.133 2158
-878.058 616.133 2158
-881.737 616.133 2158
-883.364 614.706 2153
-881.266 610.709 2139
-883.672 609.852 2136
-887.313 609.852 2136
-890.954 609.852 2136
-894.596 609.852 2136
-896.134 608.425 2131
-899.767 608.425 2131
-903.4 608.425 2131
-907.033 608.425 2131
-906.82 605.855 2122
-910.437 605.855 2122
-911.901 604.427 2117
-913.347 603 2112
-916.948 603 2112
-920.548 603 2112
-922.836 602.143 2109
-926.431 602.143 2109
-928.704 601.287 2106
-932.294 601.287 2106
-934.995 600.716 2104
-935.013 598.432 2096
-936.348 597.004 2091
-939.912 597.004 2091
-942.123 596.148 2088
-943.418 594.72 2083
-943.332 592.436 2075
-946.87 592.436 2075
-949.033 591.579 2072
-947.968 588.724 2062
-948.253 586.726 2055
-951.756 586.726 2055
-950.146 583.585 2044
-948.032 580.159 2032
-948.218 578.16 2025
-951.67 578.16 2025
-953.707 577.304 2022
-957.154 577.304 2022
-959.651 576.733 2020
-963.095 576.733 2020
-956.969 571.023 2000
-956.057 568.453 1991
-958.005 567.596 1988
-961.394 567.596 1988
-963.812 567.025 1986
-962.815 564.456 1977
-962.764 562.457 1970
-966.123 562.457 1970
-967.02 561.03 1965
-969.383 560.459 1963
-970.251 559.031 1958
-973.589 559.031 1958
-975.929 558.46 1956
-977.762 557.604 1953
-981.091 557.604 1953
-984.421 557.604 1953
-986.738 557.033 1951
-990.064 557.033 1951
-993.39 557.033 1951
-996.716 557.033 1951
-997.992 555.891 1947
-999.768 555.034 1944
0.273224 141.051 497
-0.574036 141.051 497
-1.4213 141.051 497
-2.26856 141.051 497
-3.11581 141.051 497
-3.9551 140.767 496
-4.80066 140.767 496
-5.63483 140.484 495
-6.46559 140.2 494
-7.32253 140.484 495
-8.16638 140.484 495
-9.01023 140.484 495
-9.87398 140.767 496
-10.7195 140.767 496
-11.5651 140.767 496
-12.4106 140.767 496
-13.2295 140.484 495
-19.1414 129.131 455
-19.917 129.131 455
-20.6927 129.131 455
-21.4684 129.131 455
-22.244 129.131 455
-23.0197 129.131 455
-23.7953 129.131 455
-24.571 129.131 455
-25.3467 129.131 455
-26.1223 129.131 455
-26.8389 128.848 454
-27.4912 128.28 452
-28.1367 127.712 450
-28.9038 127.712 450
-29.5391 127.145 448
-30.2352 126.861 447
-30.8585 126.293 445
-31.3329 125.158 441
-32.0847 125.158 441
-32.4642 123.739 436
-33.1313 123.455 435
-33.795 123.171 434
-34.5349 123.171 434
-35.2747 123.171 434
-35.8486 122.604 432
-36.5851 122.604 432
-37.1487 122.036 430
-37.8818 122.036 430
-38.525 121.752 429
-39.0733 121.185 427
-39.708 120.901 426
-40.4343 120.901 426
-41.1605 120.901 426
-41.6901 120.333 424
-42.1128 119.482 421
-42.7287 119.198 420
-43.4447 119.198 420
-44.1607 119.198 420
-44.8767 119.198 420
-45.5927 119.198 420
-46.3087 119.198 420
-47.0247 119.198 420
-47.627 118.914 419
-47.303 116.36 410
-48.0019 116.36 410
-48.5821 116.076 409
-49.2793 116.076 409
-49.7322 115.509 407
-50.3021 115.225 406
-50.9942 115.225 406
-51.6864 115.225 406
-52.3785 115.225 406
-53.0706 115.225 406
-53.7628 115.225 406
-54.4549 115.225 406
-55.147 115.225 406
-55.8391 115.225 406
-56.392 114.941 405
-57.0824 114.941 405
-57.7729 114.941 405
-58.4633 114.941 405
-59.1537 114.941 405
-59.8441 114.941 405
-60.5346 114.941 405
-61.225 114.941 405
-61.9154 114.941 405
-62.6058 114.941 405
-63.2963 114.941 405
-63.9867 114.941 405
-64.6771 114.941 405
-65.3675 114.941 405
-66.0579 114.941 405
-66.5836 114.657 404
-67.2723 114.657 404
-67.961 114.657 404
-68.6497 114.657 404
-69.3384 114.657 404
-70.2005 114.941 405
-70.8909 114.941 405
-71.5813 114.941 405
-72.2718 114.941 405
-73.1423 115.225 406
-73.8345 115.225 406
-74.5266 115.225 406
-75.2187 115.225 406
-76.0978 115.509 407
-76.7916 115.509 407
-77.6759 115.793 408
-78.9477 116.644 411
-79.8421 116.928 412
-80.5444 116.928 412
-81.444 117.212 413
-82.7448 118.063 416
-83.454 118.063 416
-84.1631 118.063 416
-85.0763 118.347 417
-85.9929 118.631 418
-86.7055 118.631 418
-87.6272 118.914 419
-89.3957 120.333 424
-90.1185 120.333 424
-91.4841 121.185 427
-94.3716 124.023 437
-95.1165 124.023 437
-95.8615 124.023 437
-96.6065 124.023 437
-97.3515 124.023 437
-98.0964 124.023 437
-99.0676 124.307 438
-100.042 124.59 439
-101.02 124.874 440
-101.77 124.874 440
-102.52 124.874 440
-103.27 124.874 440
-104.02 124.874 440
-105.009 125.158 441
-106 125.442 442
-106.995 125.726 443
-107.751 125.726 443
-108.506 125.726 443
-109.754 126.293 445
-110.761 126.577 446
-111.521 126.577 446
-112.534 126.861 447
-113.802 127.429 449
-114.568 127.429 449
-115.333 127.429 449
-116.357 127.712 450
-117.385 127.996 451
-118.154 127.996 451
-118.922 127.996 451
-119.957 128.28 452
-120.727 128.28 452
-121.498 128.28 452
-122.268 128.28 452
-790.494 624.655 2201
-797.493 627.209 2210
-801.261 627.209 2210
-809.035 630.331 2221
-812.822 630.331 2221
-822.123 634.588 2236
-825.935 634.588 2236
-829.747 634.588 2236
-832.44 633.737 2233
-836.247 633.737 2233
-840.054 633.737 2233
-835.168 627.209 2210
-834.381 623.804 2198
-838.128 623.804 2198
-836.512 619.831 2184
-837.927 618.128 2178
-840.481 617.276 2175
-844.189 617.276 2175
-847.897 617.276 2175
-851.604 617.276 2175
-852.953 615.573 2169
-856.65 615.573 2169
-860.348 615.573 2169
-863.249 615.006 2167
-865.743 614.154 2164
-869.432 614.154 2164
-870.7 612.452 2158
-874.379 612.452 2158
-876.023 611.033 2153
-879.694 611.033 2153
-882.133 610.181 2150
-881.266 607.059 2139
-884.913 607.059 2139
-888.559 607.059 2139
-890.954 606.208 2136
-894.596 606.208 2136
-896.975 605.357 2133
-900.612 605.357 2133
-903.4 604.789 2131
-907.033 604.789 2131
-906.82 602.235 2122
-910.437 602.235 2122
-911.901 600.816 2117
-913.347 599.397 2112
-915.645 598.545 2109
-919.241 598.545 2109
-921.523 597.694 2106
-925.114 597.694 2106
-927.822 597.126 2104
-931.409 597.126 2104
-931.44 594.856 2096
-932.783 593.437 2091
-935.004 592.585 2088
-938.564 592.585 2088
-938.513 590.315 2080
-941.154 589.747 2078
-941.968 588.044 2072
-945.501 588.044 2072
-944.453 585.206 2062
-945.669 583.787 2057
-943.177 580.098 2044
-946.662 580.098 2044
-946.892 578.111 2037
-945.699 575.273 2027
-946.813 573.854 2022
-950.26 573.854 2022
-952.764 573.286 2020
-956.208 573.286 2020
-958.226 572.435 2017
-961.664 572.435 2017
-955.055 566.475 1996
-954.616 564.205 1988
-957.041 563.637 1986
-960.427 563.637 1986
-961.386 562.218 1981
-962.815 561.083 1977
-962.764 559.096 1970
-966.123 559.096 1970
-967.02 557.677 1965
-969.383 557.11 1963
-970.251 555.691 1958
-973.589 555.691 1958
-975.929 555.123 1956
-977.762 554.272 1953
-981.091 554.272 1953
-984.421 554.272 1953
-986.738 553.704 1951
-990.064 553.704 1951
-993.39 553.704 1951
-996.716 553.704 1951
-997.992 552.569 1947
-999.768 551.717 1944
0.273224 140.203 497
-0.574036 140.203 497
-1.4213 140.203 497
-2.26856 140.203 497
-3.11581 140.203 497
-3.9551 139.921 496
-4.80066 139.921 496
-5.63483 139.639 495
-6.46559 139.357 494
-7.30773 139.357 494
-8.16638 139.639 495
-9.01023 139.639 495
-9.87398 139.921 496
-10.7195 139.921 496
-11.5651 139.921 496
-12.4106 139.921 496
-13.2295 139.639 495
-19.1834 128.637 456
-19.9608 128.637 456
-20.7382 128.637 456
-21.5155 128.637 456
-22.244 128.355 455
-23.0197 128.355 455
-23.7953 128.355 455
-24.571 128.355 455
-25.3467 128.355 455
-26.1223 128.355 455
-26.898 128.355 455
-27.552 127.791 453
-28.1992 127.227 451
-28.968 127.227 451
-29.605 126.662 449
-30.3028 126.38 448
-30.9278 125.816 446
-31.475 124.97 443
-32.2302 124.97 443
-32.762 124.124 440
-33.2075 122.995 436
-33.8729 122.713 435
-34.5349 122.431 434
-35.2747 122.431 434
-35.9316 122.149 433
-36.5851 121.867 432
-37.3215 121.867 432
-38.058 121.867 432
-38.6148 121.303 430
-39.2563 121.021 429
-39.8013 120.456 427
-40.4343 120.174 426
-41.1605 120.174 426
-41.7884 119.892 425
-42.3128 119.328 423
-42.9322 119.046 422
-43.6516 119.046 422
-44.371 119.046 422
-45.0904 119.046 422
-45.7013 118.764 421
-46.419 118.764 421
-47.1367 118.764 421
-47.8544 118.764 421
-48.4567 118.482 420
-49.1727 118.482 420
-49.7699 118.2 419
-49.6408 116.225 412
-50.0988 115.661 410
-50.426 114.814 407
-50.9942 114.532 406
-51.6864 114.532 406
-52.3785 114.532 406
-53.0706 114.532 406
-53.7628 114.532 406
-54.4549 114.532 406
-55.147 114.532 406
-55.8391 114.532 406
-56.5313 114.532 406
-57.2234 114.532 406
-57.9155 114.532 406
-58.4633 114.25 405
-59.1537 114.25 405
-59.8441 114.25 405
-60.5346 114.25 405
-61.225 114.25 405
-61.9154 114.25 405
-62.6058 114.25 405
-63.2963 114.25 405
-63.9867 114.25 405
-64.6771 114.25 405
-65.3675 114.25 405
-66.0579 114.25 405
-66.5836 113.968 404
-67.2723 113.968 404
-67.961 113.968 404
-68.6497 113.968 404
-69.3384 113.968 404
-70.2005 114.25 405
-70.8909 114.25 405
-71.5813 114.25 405
-72.2718 114.25 405
-73.1423 114.532 406
-73.8345 114.532 406
-74.5266 114.532 406
-75.2187 114.532 406
-76.0978 114.814 407
-76.7916 114.814 407
-78.0566 115.661 410
-78.9477 115.943 411
-79.8421 116.225 412
-80.5444 116.225 412
-81.444 116.507 413
-82.7448 117.353 416
-83.454 117.353 416
-84.3655 117.635 417
-85.0763 117.635 417
-86.1987 118.2 419
-86.913 118.2 419
-89.0912 120.174 426
-89.8174 120.174 426
-93.3067 123.842 439
-94.0551 123.842 439
-94.8035 123.842 439
-95.5518 123.842 439
-96.3002 123.842 439
-97.0486 123.842 439
-97.797 123.842 439
-98.5454 123.842 439
-99.52 124.124 440
-100.27 124.124 440
-101.02 124.124 440
-101.77 124.124 440
-102.52 124.124 440
-103.505 124.406 441
-104.257 124.406 441
-105.009 124.406 441
-106.24 124.97 443
-106.995 124.97 443
-107.751 124.97 443
-108.996 125.534 445
-110.001 125.816 446
-111.01 126.098 447
-111.772 126.098 447
-112.785 126.38 448
-113.802 126.662 449
-114.568 126.662 449
-115.59 126.945 450
-116.875 127.509 452
-117.645 127.509 452
-118.416 127.509 452
-119.186 127.509 452
-119.957 127.509 452
-120.727 127.509 452
-121.498 127.509 452
-122.268 127.509 452
-786.741 620.9 2201
-790.494 620.9 2201
-797.493 623.439 2210
-801.261 623.439 2210
-809.035 626.542 2221
-812.822 626.542 2221
-822.123 630.774 2236
-825.935 630.774 2236
-829.747 630.774 2236
-832.44 629.927 2233
-836.247 629.927 2233
-840.054 629.927 2233
-835.168 623.439 2210
-834.381 620.054 2198
-838.128 620.054 2198
-836.512 616.104 2184
-837.927 614.412 2178
-840.481 613.566 2175
-844.189 613.566 2175
-847.897 613.566 2175
-851.604 613.566 2175
-852.953 611.873 2169
-856.65 611.873 2169
-860.348 611.873 2169
-863.249 611.309 2167
-865.743 610.462 2164
-869.432 610.462 2164
-870.7 608.77 2158
-872.353 607.359 2153
-876.023 607.359 2153
-879.694 607.359 2153
-882.133 606.513 2150
-881.266 603.41 2139
-884.913 603.41 2139
-888.559 603.41 2139
-890.954 602.564 2136
-894.596 602.564 2136
-896.975 601.717 2133
-900.612 601.717 2133
-903.4 601.153 2131
-907.033 601.153 2131
-905.965 598.05 2120
-909.579 598.05 2120
-911.901 597.204 2117
-913.347 595.793 2112
-915.645 594.947 2109
-919.241 594.947 2109
-921.523 594.101 2106
-924.235 593.536 2104
-927.822 593.536 2104
-931.409 593.536 2104
-930.107 590.433 2093
-931.445 589.023 2088
-931.422 586.766 2080
-934.968 586.766 2080
-936.258 585.356 2075
-939.795 585.356 2075
-941.059 583.945 2070
-944.588 583.945 2070
-944.453 581.688 2062
-945.669 580.278 2057
-944.561 577.457 2047
-948.051 577.457 2047
-947.822 575.2 2039
-947.099 572.661 2030
-946.813 570.404 2022
-950.26 570.404 2022
-952.764 569.84 2020
-956.208 569.84 2020
-957.276 568.43 2015
-960.711 568.43 2015
-956.012 563.634 1998
-954.616 560.813 1988
-957.041 560.249 1986
-960.427 560.249 1986
-961.386 558.838 1981
-962.815 557.71 1977
-962.764 555.735 1970
-966.123 555.735 1970
-967.02 554.325 1965
-969.383 553.76 1963
-970.251 552.35 1958
-973.589 552.35 1958
-975.929 551.786 1956
-977.762 550.94 1953
-980.086 550.375 1951
-983.412 550.375 1951
-986.738 550.375 1951
-990.064 550.375 1951
-992.372 549.811 1949
-995.695 549.811 1949
-997.992 549.247 1947
-999.768 548.401 1944
0.273224 139.355 497
-0.574036 139.355 497
-1.4213 139.355 497
-2.26856 139.355 497
-3.11581 139.355 497
-3.9551 139.075 496
-4.80066 139.075 496
-5.63483 138.795 495
-6.4525 138.234 493
-7.29294 138.234 493
-8.16638 138.795 495
-9.01023 138.795 495
-9.85408 138.795 495
-10.7195 139.075 496
-11.5651 139.075 496
-12.4106 139.075 496
-13.2295 138.795 495
-19.1834 127.859 456
-19.9608 127.859 456
-20.7382 127.859 456
-21.5155 127.859 456
-22.244 127.579 455
-23.0197 127.579 455
-23.7953 127.579 455
-24.571 127.579 455
-25.3467 127.579 455
-26.1223 127.579 455
-26.898 127.579 455
-27.552 127.018 453
-28.2617 126.738 452
-29.0323 126.738 452
-29.605 125.896 449
-30.3028 125.616 448
-30.9278 125.055 446
-31.6881 125.055 446
-32.2302 124.214 443
-32.762 123.373 440
-33.2836 122.532 437
-33.9507 122.251 436
-34.5349 121.691 434
-35.2747 121.691 434
-36.0146 121.691 434
-36.6698 121.41 433
-37.4079 121.41 433
-38.1461 121.41 433
-38.8842 121.41 433
-39.5309 121.13 432
-39.8945 120.008 428
-40.6241 120.008 428
-41.2571 119.728 427
-41.8867 119.447 426
-42.3128 118.606 423
-43.034 118.606 423
-43.7551 118.606 423
-44.4762 118.606 423
-45.1973 118.606 423
-45.8098 118.326 422
-46.5292 118.326 422
-47.1367 118.045 421
-47.8544 118.045 421
-48.4567 117.765 420
-49.1727 117.765 420
-49.8887 117.765 420
-50.0023 116.363 415
-50.3431 115.522 412
-50.6738 114.681 409
-51.2454 114.4 408
-51.941 114.4 408
-52.5075 114.12 407
-53.2013 114.12 407
-53.8952 114.12 407
-54.589 114.12 407
-55.2828 114.12 407
-55.9767 114.12 407
-56.5313 113.84 406
-57.2234 113.84 406
-57.9155 113.84 406
-58.6077 113.84 406
-59.1537 113.559 405
-59.8441 113.559 405
-60.5346 113.559 405
-61.225 113.559 405
-61.9154 113.559 405
-62.6058 113.559 405
-63.2963 113.559 405
-63.9867 113.559 405
-64.6771 113.559 405
-65.3675 113.559 405
-66.0579 113.559 405
-66.7484 113.559 405
-67.4388 113.559 405
-68.1292 113.559 405
-68.8196 113.559 405
-69.5101 113.559 405
-70.2005 113.559 405
-70.8909 113.559 405
-71.5813 113.559 405
-72.4502 113.84 406
-73.1423 113.84 406
-73.8345 113.84 406
-74.5266 113.84 406
-75.404 114.12 407
-76.2848 114.4 408
-76.9803 114.4 408
-78.0566 114.961 410
-78.9477 115.242 411
-79.8421 115.522 412
-80.5444 115.522 412
-81.444 115.802 413
-82.7448 116.643 416
-83.454 116.643 416
-84.3655 116.924 417
-85.0763 116.924 417
-86.1987 117.485 419
-86.913 117.485 419
-89.0912 119.447 426
-89.8174 119.447 426
-93.3067 123.093 439
-94.0551 123.093 439
-94.8035 123.093 439
-95.5518 123.093 439
-96.3002 123.093 439
-97.0486 123.093 439
-97.797 123.093 439
-98.5454 123.093 439
-99.52 123.373 440
-100.27 123.373 440
-101.02 123.373 440
-101.77 123.373 440
-102.753 123.653 441
-103.505 123.653 441
-104.257 123.653 441
-105.009 123.653 441
-106.24 124.214 443
-107.237 124.494 444
-107.994 124.494 444
-109.241 125.055 446
-110.247 125.336 447
-111.258 125.616 448
-112.022 125.616 448
-113.037 125.896 449
-113.802 125.896 449
-114.568 125.896 449
-116.104 126.738 452
-117.133 127.018 453
-117.905 127.018 453
-118.678 127.018 453
-119.45 127.018 453
-120.222 127.018 453
-120.994 127.018 453
-121.767 127.018 453
-122.268 126.738 452
-786.741 617.145 2201
-790.494 617.145 2201
-795.328 617.986 2204
-799.086 617.986 2204
-806.121 620.51 2213
-812.822 622.753 2221
-819.917 625.276 2230
-823.719 625.276 2230
-827.52 625.276 2230
-830.203 624.435 2227
-834 624.435 2227
-837.796 624.435 2227
-832.901 617.986 2204
-830.964 613.78 2189
-834.696 613.78 2189
-834.214 610.696 2178
-836.773 609.855 2175
-838.162 608.172 2169
-841.86 608.172 2169
-845.557 608.172 2169
-849.255 608.172 2169
-852.166 607.612 2167
-855.86 607.612 2167
-859.555 607.612 2167
-862.054 606.77 2164
-863.342 605.088 2158
-867.021 605.088 2158
-870.7 605.088 2158
-872.353 603.686 2153
-876.023 603.686 2153
-879.694 603.686 2153
-882.133 602.845 2150
-881.266 599.761 2139
-884.913 599.761 2139
-888.559 599.761 2139
-890.954 598.919 2136
-894.596 598.919 2136
-896.975 598.078 2133
-900.612 598.078 2133
-903.4 597.517 2131
-907.033 597.517 2131
-905.965 594.433 2120
-909.579 594.433 2120
-911.901 593.592 2117
-913.347 592.19 2112
-915.645 591.349 2109
-919.241 591.349 2109
-921.523 590.508 2106
-924.235 589.947 2104
-927.822 589.947 2104
-931.409 589.947 2104
-931.44 587.704 2096
-931.445 585.461 2088
-931.422 583.217 2080
-934.968 583.217 2080
-938.513 583.217 2080
-941.154 582.657 2078
-943.332 581.815 2075
-946.87 581.815 2075
-946.743 579.572 2067
-947.048 577.61 2060
-948.253 576.208 2055
-951.756 576.208 2055
-949.216 572.562 2042
-950.365 571.161 2037
-949.155 568.357 2027
-952.61 568.357 2027
-955.122 567.796 2025
-957.154 566.955 2022
-957.276 564.992 2015
-960.711 564.992 2015
-956.012 560.225 1998
-954.616 557.421 1988
-957.041 556.86 1986
-960.427 556.86 1986
-961.386 555.458 1981
-962.815 554.337 1977
-962.764 552.374 1970
-966.123 552.374 1970
-966.036 550.411 1963
-969.383 550.411 1963
-970.251 549.01 1958
-973.589 549.01 1958
-975.929 548.449 1956
-977.762 547.607 1953
-980.086 547.047 1951
-983.412 547.047 1951
-986.738 547.047 1951
-989.049 546.486 1949
-991.354 545.925 1947
-994.673 545.925 1947
-997.992 545.925 1947
-999.768 545.084 1944
0.273224 138.507 497
-0.574036 138.507 497
-1.4213 138.507 497
-2.26856 138.507 497
-3.11581 138.507 497
-3.9551 138.229 496
-4.80066 138.229 496
-5.63483 137.95 495
-6.4525 137.393 493
-7.29294 137.393 493
-8.16638 137.95 495
-9.01023 137.95 495
-9.85408 137.95 495
-10.6979 137.95 495
-11.5418 137.95 495
-12.3856 137.95 495
-19.1834 127.081 456
-19.9608 127.081 456
-20.7382 127.081 456
-21.5155 127.081 456
-22.2929 127.081 456
-23.0703 127.081 456
-23.8476 127.081 456
-24.625 127.081 456
-25.4024 127.081 456
-26.1797 127.081 456
-26.898 126.803 455
-27.6128 126.524 454
-28.2617 125.966 452
-29.0323 125.966 452
-29.605 125.13 449
-30.3028 124.852 448
-30.9278 124.294 446
-31.6881 124.294 446
-32.2302 123.458 443
-32.762 122.622 440
-33.2836 121.786 437
-33.9507 121.507 436
-34.5349 120.95 434
-35.2747 120.95 434
-36.0146 120.95 434
-36.6698 120.671 433
-37.4079 120.671 433
-38.1461 120.671 433
-38.8842 120.671 433
-39.5309 120.393 432
-39.8945 119.278 428
-40.6241 119.278 428
-41.2571 118.999 427
-41.8867 118.721 426
-42.3128 117.885 423
-43.034 117.885 423
-43.7551 117.885 423
-44.4762 117.885 423
-45.1973 117.885 423
-45.8098 117.606 422
-46.5292 117.606 422
-47.1367 117.327 421
-47.8544 117.327 421
-48.4567 117.048 420
-49.1727 117.048 420
-49.8887 117.048 420
-50.4842 116.77 419
-50.3431 114.819 412
-50.9216 114.54 411
-51.6223 114.54 411
-52.1956 114.262 410
-52.7655 113.983 409
-53.4628 113.983 409
-54.0276 113.704 408
-54.7231 113.704 408
-55.4187 113.704 408
-55.9767 113.426 407
-56.6705 113.426 407
-57.3643 113.426 407
-57.9155 113.147 406
-58.6077 113.147 406
-59.2998 113.147 406
-59.9919 113.147 406
-60.684 113.147 406
-61.3762 113.147 406
-61.9154 112.868 405
-62.7604 113.147 406
-63.4525 113.147 406
-64.1447 113.147 406
-64.8368 113.147 406
-65.5289 113.147 406
-66.0579 112.868 405
-66.7484 112.868 405
-67.4388 112.868 405
-68.1292 112.868 405
-68.8196 112.868 405
-69.5101 112.868 405
-70.2005 112.868 405
-71.0659 113.147 406
-71.7581 113.147 406
-72.4502 113.147 406
-73.1423 113.147 406
-74.0163 113.426 407
-74.7101 113.426 407
-75.5892 113.704 408
-76.2848 113.704 408
-76.9803 113.704 408
-78.0566 114.262 410
-78.9477 114.54 411
-79.8421 114.819 412
-80.5444 114.819 412
-82.0356 115.934 416
-82.9437 116.212 417
-83.6546 116.212 417
-84.3655 116.212 417
-85.4844 116.77 419
-86.1987 116.77 419
-88.1575 118.442 425
-89.0912 118.721 426
-93.8233 124.016 445
-94.582 124.016 445
-95.3406 124.016 445
-95.2354 122.901 441
-95.9872 122.901 441
-96.739 122.901 441
-97.4907 122.901 441
-98.2425 122.901 441
-98.7699 122.622 440
-99.52 122.622 440
-100.27 122.622 440
-101.02 122.622 440
-101.77 122.622 440
-102.753 122.901 441
-103.505 122.901 441
-104.257 122.901 441
-105.009 122.901 441
-106.24 123.458 443
-107.237 123.737 444
-107.994 123.737 444
-109.241 124.294 446
-110.247 124.573 447
-111.258 124.852 448
-112.022 124.852 448
-113.037 125.13 449
-113.802 125.13 449
-114.568 125.13 449
-116.104 125.966 452
-117.133 126.245 453
-117.905 126.245 453
-118.678 126.245 453
-119.45 126.245 453
-120.222 126.245 453
-120.994 126.245 453
-121.767 126.245 453
-122.268 125.966 452
-783.589 619.8 2224
-787.38 619.8 2224
-791.171 619.8 2224
-794.963 619.8 2224
-796.599 618.128 2218
-800.38 618.128 2218
-799.086 614.226 2204
-807.943 618.128 2218
-813.92 619.8 2224
-818.814 620.636 2227
-822.61 620.636 2227
-826.407 620.636 2227
-827.967 618.964 2221
-831.753 618.964 2221
-831.401 615.898 2210
-832.901 614.226 2204
-829.066 608.652 2184
-832.789 608.652 2184
-833.065 606.144 2175
-833.695 603.914 2167
-837.389 603.914 2167
-841.084 603.914 2167
-844.778 603.914 2167
-848.472 603.914 2167
-852.166 603.914 2167
-855.86 603.914 2167
-859.555 603.914 2167
-862.054 603.078 2164
-863.342 601.406 2158
-867.021 601.406 2158
-869.49 600.57 2155
-872.353 600.013 2153
-874.803 599.177 2150
-878.468 599.177 2150
-880.902 598.341 2147
-881.266 596.111 2139
-884.913 596.111 2139
-888.559 596.111 2139
-890.954 595.275 2136
-893.339 594.439 2133
-896.134 593.882 2131
-899.767 593.882 2131
-903.4 593.882 2131
-905.756 593.046 2128
-905.965 590.816 2120
-909.579 590.816 2120
-911.901 589.98 2117
-912.05 587.751 2109
-914.343 586.915 2106
-917.933 586.915 2106
-920.648 586.357 2104
-924.235 586.357 2104
-927.822 586.357 2104
-931.409 586.357 2104
-931.44 584.128 2096
-931.445 581.898 2088
-931.422 579.669 2080
-934.968 579.669 2080
-938.513 579.669 2080
-941.154 579.111 2078
-943.332 578.275 2075
-946.87 578.275 2075
-946.743 576.046 2067
-947.048 574.095 2060
-948.253 572.702 2055
-951.756 572.702 2055
-949.216 569.079 2042
-950.365 567.685 2037
-949.155 564.898 2027
-952.61 564.898 2027
-955.122 564.341 2025
-957.154 563.505 2022
-957.276 561.554 2015
-960.711 561.554 2015
-956.012 556.816 1998
-954.616 554.03 1988
-957.041 553.472 1986
-960.427 553.472 1986
-961.386 552.079 1981
-962.815 550.964 1977
-962.764 549.013 1970
-966.123 549.013 1970
-966.036 547.062 1963
-966.913 545.669 1958
-969.26 545.112 1956
-972.595 545.112 1956
-974.432 544.276 1953
-977.762 544.276 1953
-980.086 543.718 1951
-983.412 543.718 1951
-985.727 543.161 1949
-989.049 543.161 1949
-991.354 542.603 1947
-994.673 542.603 1947
-997.992 542.603 1947
-999.768 541.767 1944
0.273224 137.659 497
-0.574036 137.659 497
-1.4213 137.659 497
-2.26856 137.659 497
-3.11581 137.659 497
-3.9551 137.382 496
-4.80066 137.382 496
-5.63483 137.105 495
-6.4525 136.552 493
-7.29294 136.552 493
-8.13338 136.552 493
-8.97382 136.552 493
-9.85408 137.105 495
-10.6979 137.105 495
-11.5418 137.105 495
-12.3856 137.105 495
-19.9608 126.303 456
-20.7382 126.303 456
-21.6099 126.857 458
-22.3907 126.857 458
-23.1715 126.857 458
-23.8999 126.58 457
-24.679 126.58 457
-25.4581 126.58 457
-26.1797 126.303 456
-26.9571 126.303 456
-27.6128 125.749 454
-28.2617 125.195 452
-29.0323 125.195 452
-29.605 124.364 449
-30.3028 124.087 448
-30.9278 123.533 446
-31.6881 123.533 446
-32.2302 122.702 443
-32.8365 122.149 441
-33.3598 121.318 438
-34.0286 121.041 437
-34.7736 121.041 437
-35.356 120.487 435
-36.0146 120.21 434
-36.7544 120.21 434
-37.4943 120.21 434
-38.2342 120.21 434
-38.8842 119.933 433
-39.6224 119.933 433
-40.2673 119.656 432
-41.0038 119.656 432
-41.4504 118.825 429
-41.985 118.271 427
-42.4129 117.44 424
-43.1357 117.44 424
-43.8585 117.44 424
-44.4762 117.163 423
-45.1973 117.163 423
-45.8098 116.886 422
-46.5292 116.886 422
-47.1367 116.609 421
-47.8544 116.609 421
-48.4567 116.332 420
-49.1727 116.332 420
-49.8887 116.332 420
-50.4842 116.055 419
-50.3431 114.116 412
-50.9216 113.839 411
-51.6223 113.839 411
-52.1956 113.562 410
-52.7655 113.285 409
-53.4628 113.285 409
-54.0276 113.008 408
-54.7231 113.008 408
-55.4187 113.008 408
-55.9767 112.731 407
-56.6705 112.731 407
-57.3643 112.731 407
-57.9155 112.454 406
-58.6077 112.454 406
-59.2998 112.454 406
-59.9919 112.454 406
-60.684 112.454 406
-61.3762 112.454 406
-62.0683 112.454 406
-62.7604 112.454 406
-63.4525 112.454 406
-64.1447 112.454 406
-64.8368 112.454 406
-65.5289 112.454 406
-66.2211 112.454 406
-66.9132 112.454 406
-67.6053 112.454 406
-68.2974 112.454 406
-68.9896 112.454 406
-69.6817 112.454 406
-70.3738 112.454 406
-71.0659 112.454 406
-71.7581 112.454 406
-72.4502 112.454 406
-73.3225 112.731 407
-74.0163 112.731 407
-74.7101 112.731 407
-75.5892 113.008 408
-76.4718 113.285 409
-77.169 113.285 409
-78.247 113.839 411
-79.1397 114.116 412
-79.8421 114.116 412
-81.1309 114.947 415
-82.6272 116.055 419
-83.3415 116.055 419
-84.0558 116.055 419
-84.7701 116.055 419
-86.5045 117.44 424
-87.2273 117.44 424
-90.0244 120.21 434
-90.7643 120.21 434
-93.8233 123.256 445
-94.582 123.256 445
-95.3406 123.256 445
-95.2354 122.149 441
-95.9872 122.149 441
-96.739 122.149 441
-97.4907 122.149 441
-98.2425 122.149 441
-98.7699 121.872 440
-99.52 121.872 440
-100.27 121.872 440
-101.02 121.872 440
-101.77 121.872 440
-102.753 122.149 441
-103.505 122.149 441
-104.257 122.149 441
-105.009 122.149 441
-106.24 122.702 443
-107.237 122.979 444
-107.994 122.979 444
-109.241 123.533 446
-110.247 123.81 447
-111.258 124.087 448
-112.022 124.087 448
-113.037 124.364 449
-114.056 124.641 450
-114.823 124.641 450
-116.361 125.472 453
-117.392 125.749 454
-118.166 125.749 454
-118.94 125.749 454
-119.45 125.472 453
-120.222 125.472 453
-120.994 125.472 453
-121.767 125.472 453
-122.268 125.195 452
-784.005 619.329 2236
-788.874 620.16 2239
-792.691 620.16 2239
-796.508 620.16 2239
-796.035 616.836 2227
-796.599 614.343 2218
-800.38 614.343 2218
-801.261 612.128 2210
-807.943 614.343 2218
-815.017 616.836 2227
-818.814 616.836 2227
-822.61 616.836 2227
-826.407 616.836 2227
-830.203 616.836 2227
-831.753 615.174 2221
-831.401 612.128 2210
-834.035 611.297 2207
-827.927 604.095 2181
-831.645 604.095 2181
-833.065 602.433 2175
-833.695 600.217 2167
-836.23 599.386 2164
-839.919 599.386 2164
-843.608 599.386 2164
-847.297 599.386 2164
-850.987 599.386 2164
-854.676 599.386 2164
-858.365 599.386 2164
-860.859 598.555 2161
-862.142 596.894 2155
-865.816 596.894 2155
-868.683 596.34 2153
-869.922 594.678 2147
-873.582 594.678 2147
-877.242 594.678 2147
-879.671 593.847 2144
-881.266 592.462 2139
-883.672 591.631 2136
-887.313 591.631 2136
-889.703 590.8 2133
-892.502 590.246 2131
-896.134 590.246 2131
-899.767 590.246 2131
-902.128 589.415 2128
-903.202 587.753 2122
-904.683 586.368 2117
-908.292 586.368 2117
-909.747 584.983 2112
-910.753 583.322 2106
-913.475 582.768 2104
-917.061 582.768 2104
-920.648 582.768 2104
-924.235 582.768 2104
-925.176 581.106 2098
-928.752 581.106 2098
-931.44 580.552 2096
-931.445 578.336 2088
-931.422 576.12 2080
-934.968 576.12 2080
-938.513 576.12 2080
-941.154 575.566 2078
-943.332 574.735 2075
-946.87 574.735 2075
-946.743 572.519 2067
-947.048 570.58 2060
-948.253 569.195 2055
-951.756 569.195 2055
-949.216 565.595 2042
-950.365 564.21 2037
-949.155 561.44 2027
-952.61 561.44 2027
-955.122 560.886 2025
-957.154 560.055 2022
-957.276 558.116 2015
-960.711 558.116 2015
-956.012 553.408 1998
-954.616 550.638 1988
-957.041 550.084 1986
-960.427 550.084 1986
-961.386 548.699 1981
-961.354 546.76 1974
-962.764 545.652 1970
-966.123 545.652 1970
-966.036 543.713 1963
-966.913 542.328 1958
-969.26 541.774 1956
-972.595 541.774 1956
-974.432 540.943 1953
-977.762 540.943 1953
-980.086 540.39 1951
-983.412 540.39 1951
-985.727 539.836 1949
-989.049 539.836 1949
-991.354 539.282 1947
-994.673 539.282 1947
-997.992 539.282 1947
-999.768 538.451 1944
0.273224 136.812 497
-0.574036 136.812 497
-1.4213 136.812 497
-2.26399 136.536 496
-3.10955 136.536 496
-3.94713 136.261 495
-4.79098 136.261 495
-5.63483 136.261 495
-6.4525 135.71 493
-7.27815 135.435 492
-8.13338 135.71 493
-8.97382 135.71 493
-9.85408 136.261 495
-10.6979 136.261 495
-11.5418 136.261 495
-12.3856 136.261 495
-19.9608 125.525 456
-20.7382 125.525 456
-21.6099 126.076 458
-22.3907 126.076 458
-23.1715 126.076 458
-23.9522 126.076 458
-24.679 125.801 457
-25.4581 125.801 457
-26.2371 125.801 457
-26.9571 125.525 456
-27.6736 125.25 455
-28.4493 125.25 455
-29.0323 124.424 452
-29.6709 123.874 450
-30.3704 123.598 449
-30.9972 123.048 447
-31.7592 123.048 447
-32.3757 122.497 445
-32.8365 121.396 441
-33.436 120.846 439
-34.1065 120.57 438
-34.8531 120.57 438
-35.4373 120.02 436
-36.0146 119.469 434
-36.7544 119.469 434
-37.4943 119.469 434
-38.2342 119.469 434
-38.974 119.469 434
-39.6224 119.194 433
-40.2673 118.919 432
-41.0038 118.919 432
-41.547 118.368 430
-42.0834 117.818 428
-42.713 117.542 427
-43.4409 117.542 427
-44.0654 117.267 426
-44.6865 116.992 425
-45.411 116.992 425
-45.9184 116.441 423
-46.6395 116.441 423
-47.2486 116.166 422
-47.8544 115.891 421
-48.4567 115.615 420
-49.1727 115.615 420
-49.8887 115.615 420
-50.4842 115.34 419
-50.5875 113.964 414
-51.0455 113.413 412
-51.7479 113.413 412
-52.3229 113.138 411
-52.8945 112.863 410
-53.4628 112.587 409
-54.16 112.587 409
-54.8573 112.587 409
-55.5545 112.587 409
-56.1142 112.312 408
-56.6705 112.037 407
-57.3643 112.037 407
-58.0582 112.037 407
-58.6077 111.762 406
-59.2998 111.762 406
-59.9919 111.762 406
-60.684 111.762 406
-61.3762 111.762 406
-62.0683 111.762 406
-62.7604 111.762 406
-63.4525 111.762 406
-64.1447 111.762 406
-64.8368 111.762 406
-65.5289 111.762 406
-66.2211 111.762 406
-66.9132 111.762 406
-67.6053 111.762 406
-68.2974 111.762 406
-68.9896 111.762 406
-69.6817 111.762 406
-70.3738 111.762 406
-71.0659 111.762 406
-71.7581 111.762 406
-72.4502 111.762 406
-73.3225 112.037 407
-74.0163 112.037 407
-74.7101 112.037 407
-75.5892 112.312 408
-76.4718 112.587 409
-77.169 112.587 409
-78.247 113.138 411
-79.5239 113.964 414
-80.2297 113.964 414
-81.9129 115.34 419
-82.6272 115.34 419
-83.3415 115.34 419
-84.0558 115.34 419
-85.984 116.992 425
-86.7085 116.992 425
-89.2845 119.469 434
-91.269 121.121 440
-92.0191 121.121 440
-93.8233 122.497 445
-94.582 122.497 445
-95.3406 122.497 445
-95.2354 121.396 441
-95.9872 121.396 441
-96.739 121.396 441
-97.4907 121.396 441
-98.2425 121.396 441
-98.7699 121.121 440
-99.52 121.121 440
-100.27 121.121 440
-101.02 121.121 440
-101.77 121.121 440
-102.52 121.121 440
-103.27 121.121 440
-104.02 121.121 440
-105.009 121.396 441
-106.24 121.947 443
-107.237 122.222 444
-107.994 122.222 444
-109.241 122.773 446
-110.247 123.048 447
-111.01 123.048 447
-112.022 123.323 448
-113.037 123.598 449
-114.563 124.424 452
-115.333 124.424 452
-116.618 124.975 454
-117.65 125.25 455
-118.426 125.25 455
-119.202 125.25 455
-119.714 124.975 454
-120.487 124.975 454
-121.261 124.975 454
-121.767 124.699 453
-784.005 615.514 2236
-788.874 616.34 2239
-792.691 616.34 2239
-796.508 616.34 2239
-796.035 613.037 2227
-796.599 610.559 2218
-800.38 610.559 2218
-802.349 609.183 2213
-807.943 610.559 2218
-815.017 613.037 2227
-818.814 613.037 2227
-822.61 613.037 2227
-826.407 613.037 2227
-830.203 613.037 2227
-831.753 611.385 2221
-831.401 608.357 2210
-834.035 607.531 2207
-834.381 605.054 2198
-831.645 600.374 2181
-833.065 598.722 2175
-833.695 596.52 2167
-836.23 595.694 2164
-839.919 595.694 2164
-843.608 595.694 2164
-847.297 595.694 2164
-850.987 595.694 2164
-854.676 595.694 2164
-858.365 595.694 2164
-860.859 594.869 2161
-862.142 593.217 2155
-865.816 593.217 2155
-865.051 590.189 2144
-867.896 589.638 2142
-871.548 589.638 2142
-875.199 589.638 2142
-878.851 589.638 2142
-880.03 587.987 2136
-882.431 587.161 2133
-886.067 587.161 2133
-888.869 586.61 2131
-888.732 584.133 2122
-892.35 584.133 2122
-895.967 584.133 2122
-899.585 584.133 2122
-903.202 584.133 2122
-903.401 581.931 2114
-907.005 581.931 2114
-908.455 580.554 2109
-909.888 579.178 2104
-910.87 577.526 2098
-914.446 577.526 2098
-918.023 577.526 2098
-921.599 577.526 2098
-924.294 576.976 2096
-927.867 576.976 2096
-931.44 576.976 2096
-931.445 574.773 2088
-931.422 572.571 2080
-934.968 572.571 2080
-938.513 572.571 2080
-941.154 572.021 2078
-943.332 571.195 2075
-946.87 571.195 2075
-946.743 568.993 2067
-947.048 567.066 2060
-945.484 564.038 2049
-948.977 564.038 2049
-949.216 562.111 2042
-948.032 559.358 2032
-949.155 557.982 2027
-952.61 557.982 2027
-955.122 557.431 2025
-954.788 555.229 2017
-955.851 553.853 2012
-959.281 553.853 2012
-955.055 549.448 1996
-953.656 546.696 1986
-956.077 546.145 1984
-959.46 546.145 1984
-959.445 544.218 1977
-960.38 542.842 1972
-962.764 542.291 1970
-966.123 542.291 1970
-964.56 539.538 1960
-966.913 538.988 1958
-967.774 537.611 1953
-971.103 537.611 1953
-974.432 537.611 1953
-977.762 537.611 1953
-979.082 536.51 1949
-982.404 536.51 1949
-984.715 535.96 1947
-988.034 535.96 1947
-991.354 535.96 1947
-994.673 535.96 1947
-997.992 535.96 1947
-999.768 535.134 1944
-0.572881 135.69 496
-1.41844 135.69 496
-2.26399 135.69 496
-3.10955 135.69 496
-3.94713 135.416 495
-4.79098 135.416 495
-5.62344 135.143 494
-6.43941 134.596 492
-7.26336 134.322 491
-8.10039 134.322 491
-8.93742 134.322 491
-9.81426 134.869 493
-10.6547 134.869 493
-11.4951 134.869 493
-12.3356 134.869 493
-21.6099 125.294 458
-22.3907 125.294 458
-23.1715 125.294 458
-23.9522 125.294 458
-24.679 125.021 457
-25.4581 125.021 457
-26.2371 125.021 457
-26.9571 124.747 456
-27.6736 124.474 455
-28.4493 124.474 455
-29.0965 123.927 453
-29.6709 123.106 450
-30.3704 122.832 449
-31.0665 122.559 448
-31.8302 122.559 448
-32.5212 122.285 447
-32.9854 121.191 443
-33.5883 120.644 441
-34.1843 120.097 439
-34.9327 120.097 439
-35.5186 119.549 437
-36.1805 119.276 436
-36.7544 118.729 434
-37.4943 118.729 434
-38.2342 118.729 434
-38.974 118.729 434
-39.7139 118.729 434
-40.2673 118.182 432
-41.0038 118.182 432
-41.6436 117.908 431
-42.28 117.634 430
-42.913 117.361 429
-43.6444 117.361 429
-44.1688 116.814 427
-44.7916 116.54 426
-45.5178 116.54 426
-46.244 116.54 426
-46.86 116.267 425
-47.5845 116.267 425
-48.0817 115.72 423
-48.8028 115.72 423
-49.5239 115.72 423
-50.0075 115.172 421
-50.6047 114.899 420
-50.5875 113.257 414
-51.0455 112.71 412
-51.7479 112.71 412
-52.3229 112.437 411
-52.8945 112.163 410
-53.5935 112.163 410
-54.2924 112.163 410
-54.8573 111.89 409
-55.5545 111.89 409
-56.2517 111.89 409
-56.949 111.89 409
-57.5053 111.616 408
-58.0582 111.342 407
-58.6077 111.069 406
-59.2998 111.069 406
-59.9919 111.069 406
-60.684 111.069 406
-61.3762 111.069 406
-62.0683 111.069 406
-62.7604 111.069 406
-63.4525 111.069 406
-64.1447 111.069 406
-64.8368 111.069 406
-65.5289 111.069 406
-66.2211 111.069 406
-66.9132 111.069 406
-67.6053 111.069 406
-68.2974 111.069 406
-68.9896 111.069 406
-69.6817 111.069 406
-70.3738 111.069 406
-71.0659 111.069 406
-71.7581 111.069 406
-72.6286 111.342 407
-73.3225 111.342 407
-74.0163 111.342 407
-74.7101 111.342 407
-75.5892 111.616 408
-76.6587 112.163 410
-77.3577 112.163 410
-78.247 112.437 411
-79.5239 113.257 414
-80.2297 113.257 414
-81.9129 114.625 419
-82.6272 114.625 419
-83.3415 114.625 419
-84.0558 114.625 419
-85.984 116.267 425
-86.7085 116.267 425
-89.2845 118.729 434
-91.269 120.37 440
-92.0191 120.37 440
-92.98 120.644 441
-93.7318 120.644 441
-94.4836 120.644 441
-95.2354 120.644 441
-95.9872 120.644 441
-96.739 120.644 441
-97.4907 120.644 441
-98.2425 120.644 441
-98.7699 120.37 440
-99.52 120.37 440
-100.27 120.37 440
-101.02 120.37 440
-101.77 120.37 440
-102.52 120.37 440
-103.27 120.37 440
-104.02 120.37 440
-105.009 120.644 441
-106.24 121.191 443
-107.237 121.464 444
-107.994 121.464 444
-109.241 122.012 446
-110.247 122.285 447
-111.01 122.285 447
-112.522 123.106 450
-113.792 123.653 452
-115.07 124.2 454
-115.844 124.2 454
-116.875 124.474 455
-117.65 124.474 455
-118.426 124.474 455
-119.202 124.474 455
-119.977 124.474 455
-120.487 124.2 454
-121.261 124.2 454
-121.767 123.927 453
-785.057 612.52 2239
-788.874 612.52 2239
-792.691 612.52 2239
-796.508 612.52 2239
-796.035 609.237 2227
-799.832 609.237 2227
-800.38 606.775 2218
-802.349 605.407 2213
-807.943 606.775 2218
-815.017 609.237 2227
-818.814 609.237 2227
-822.61 609.237 2227
-826.407 609.237 2227
-830.203 609.237 2227
-831.753 607.596 2221
-831.401 604.587 2210
-834.035 603.766 2207
-834.381 601.304 2198
-830.501 595.832 2178
-830.767 593.37 2169
-832.541 592.002 2164
-835.071 591.182 2161
-838.755 591.182 2161
-842.439 591.182 2161
-846.123 591.182 2161
-849.807 591.182 2161
-853.491 591.182 2161
-855.985 590.361 2158
-858.468 589.54 2155
-861.342 588.993 2153
-865.012 588.993 2153
-865.051 586.531 2144
-867.896 585.984 2142
-871.548 585.984 2142
-875.199 585.984 2142
-878.851 585.984 2142
-880.03 584.342 2136
-882.431 583.522 2133
-886.067 583.522 2133
-888.869 582.975 2131
-888.732 580.513 2122
-892.35 580.513 2122
-895.967 580.513 2122
-899.585 580.513 2122
-903.202 580.513 2122
-903.401 578.324 2114
-907.005 578.324 2114
-908.455 576.956 2109
-909.888 575.588 2104
-910.87 573.947 2098
-914.446 573.947 2098
-918.023 573.947 2098
-921.599 573.947 2098
-924.294 573.4 2096
-927.867 573.4 2096
-931.44 573.4 2096
-931.445 571.211 2088
-931.422 569.023 2080
-934.968 569.023 2080
-936.258 567.655 2075
-938.436 566.834 2072
-941.059 566.287 2070
-944.588 566.287 2070
-943.536 563.551 2060
-944.75 562.183 2055
-943.177 559.174 2044
-946.662 559.174 2044
-946.892 557.259 2037
-945.699 554.523 2027
-948.218 553.976 2025
-951.67 553.976 2025
-951.349 551.788 2017
-953.841 551.241 2015
-953.95 549.326 2008
-957.373 549.326 2008
-955.055 546.043 1996
-953.656 543.307 1986
-956.077 542.76 1984
-959.46 542.76 1984
-957.989 540.024 1974
-960.38 539.477 1972
-962.764 538.93 1970
-966.123 538.93 1970
-964.56 536.194 1960
-966.913 535.647 1958
-967.774 534.279 1953
-971.103 534.279 1953
-974.432 534.279 1953
-976.76 533.732 1951
-979.082 533.185 1949
-982.404 533.185 1949
-984.715 532.638 1947
-988.034 532.638 1947
-989.826 531.817 1944
-993.14 531.817 1944
-995.429 531.27 1942
-997.711 530.723 1940
-0.571726 134.572 495
-1.41558 134.572 495
-2.25943 134.572 495
-3.10328 134.572 495
-3.94713 134.572 495
-4.79098 134.572 495
-5.61206 134.028 493
-6.42632 133.484 491
-7.24856 133.213 490
-8.10039 133.484 491
-8.93742 133.484 491
-9.77445 133.484 491
-10.6115 133.484 491
-11.4485 133.484 491
-12.2855 133.484 491
-21.6099 124.513 458
-22.3907 124.513 458
-23.1715 124.513 458
-23.9522 124.513 458
-24.679 124.241 457
-25.4581 124.241 457
-26.2371 124.241 457
-26.9571 123.969 456
-27.6736 123.697 455
-28.4493 123.697 455
-29.0965 123.154 453
-29.6709 122.338 450
-30.3704 122.066 449
-31.0665 121.794 448
-31.8302 121.794 448
-32.5212 121.523 447
-32.9854 120.435 443
-33.5883 119.891 441
-34.1843 119.348 439
-34.9327 119.348 439
-35.5186 118.804 437
-36.1805 118.532 436
-36.7544 117.988 434
-37.4943 117.988 434
-38.2342 117.988 434
-38.974 117.988 434
-39.7139 117.988 434
-40.2673 117.445 432
-41.0038 117.445 432
-41.6436 117.173 431
-42.28 116.901 430
-42.913 116.629 429
-43.6444 116.629 429
-44.1688 116.085 427
-44.8968 116.085 427
-45.6247 116.085 427
-46.3526 116.085 427
-46.9703 115.813 426
-47.6965 115.813 426
-48.3091 115.542 425
-49.0336 115.542 425
-49.641 115.27 424
-50.3638 115.27 424
-50.8457 114.726 422
-51.0763 113.639 418
-51.7889 113.639 418
-51.7479 112.007 412
-52.3229 111.735 411
-52.8945 111.464 410
-53.5935 111.464 410
-54.2924 111.464 410
-54.9914 111.464 410
-55.5545 111.192 409
-56.2517 111.192 409
-56.949 111.192 409
-57.5053 110.92 408
-58.2008 110.92 408
-58.752 110.648 407
-59.2998 110.376 406
-59.9919 110.376 406
-60.684 110.376 406
-61.3762 110.376 406
-62.0683 110.376 406
-62.7604 110.376 406
-63.4525 110.376 406
-64.1447 110.376 406
-64.8368 110.376 406
-65.5289 110.376 406
-66.2211 110.376 406
-66.9132 110.376 406
-67.6053 110.376 406
-68.2974 110.376 406
-68.9896 110.376 406
-69.6817 110.376 406
-70.3738 110.376 406
-71.0659 110.376 406
-71.7581 110.376 406
-72.6286 110.648 407
-73.3225 110.648 407
-74.0163 110.648 407
-74.8937 110.92 408
-75.9598 111.464 410
-77.0327 112.007 412
-77.735 112.007 412
-78.8181 112.551 414
-80.8685 114.454 421
-81.5862 114.454 421
-82.3039 114.454 421
-83.0216 114.454 421
-83.7393 114.454 421
-84.8582 114.998 423
-87.8048 117.988 434
-88.5447 117.988 434
-90.1074 119.076 438
-91.269 119.619 440
-92.0191 119.619 440
-92.98 119.891 441
-93.7318 119.891 441
-94.4836 119.891 441
-95.2354 119.891 441
-95.9872 119.891 441
-96.739 119.891 441
-97.4907 119.891 441
-98.2425 119.891 441
-98.7699 119.619 440
-99.7461 119.891 441
-100.498 119.891 441
-101.25 119.891 441
-102.002 119.891 441
-102.753 119.891 441
-103.505 119.891 441
-104.02 119.619 440
-104.771 119.619 440
-106 120.163 442
-106.995 120.435 443
-107.751 120.435 443
-108.996 120.979 445
-110.247 121.523 447
-111.01 121.523 447
-112.522 122.338 450
-113.792 122.882 452
-115.07 123.426 454
-115.844 123.426 454
-116.875 123.697 455
-117.65 123.697 455
-118.426 123.697 455
-119.202 123.697 455
-119.977 123.697 455
-120.487 123.426 454
-121.261 123.426 454
-121.767 123.154 453
-793.103 617.943 2273
-796.978 617.943 2273
-800.853 617.943 2273
-793.753 609.516 2242
-796.508 608.7 2239
-796.035 605.438 2227
-799.832 605.438 2227
-800.38 602.991 2218
-802.349 601.632 2213
-807.943 602.991 2218
-812.822 603.807 2221
-816.608 603.807 2221
-820.394 603.807 2221
-824.18 603.807 2221
-827.967 603.807 2221
-828.757 601.632 2213
-831.401 600.816 2210
-830.634 597.554 2198
-834.381 597.554 2198
-829.357 591.301 2175
-830.001 589.126 2167
-831.387 587.495 2161
-835.071 587.495 2161
-838.755 587.495 2161
-842.439 587.495 2161
-846.123 587.495 2161
-848.627 586.679 2158
-852.306 586.679 2158
-854.795 585.864 2155
-858.468 585.864 2155
-857.741 582.873 2144
-861.396 582.873 2144
-864.244 582.329 2142
-866.68 581.514 2139
-870.327 581.514 2139
-873.973 581.514 2139
-877.62 581.514 2139
-878.794 579.883 2133
-881.603 579.339 2131
-885.236 579.339 2131
-885.115 576.892 2122
-888.732 576.892 2122
-891.509 576.348 2120
-895.123 576.348 2120
-898.737 576.348 2120
-902.351 576.348 2120
-902.546 574.174 2112
-906.147 574.174 2112
-908.455 573.358 2109
-908.591 571.183 2101
-910.87 570.367 2098
-914.446 570.367 2098
-918.023 570.367 2098
-920.721 569.824 2096
-924.294 569.824 2096
-927.867 569.824 2096
-930.107 569.008 2093
-930.106 566.833 2085
-931.422 565.474 2080
-934.968 565.474 2080
-936.258 564.115 2075
-938.436 563.299 2072
-941.059 562.755 2070
-944.588 562.755 2070
-943.536 560.037 2060
-944.75 558.677 2055
-943.177 555.687 2044
-946.662 555.687 2044
-946.892 553.784 2037
-945.699 551.065 2027
-948.218 550.522 2025
-951.67 550.522 2025
-951.349 548.347 2017
-953.841 547.803 2015
-953.95 545.9 2008
-957.373 545.9 2008
-955.055 542.638 1996
-953.656 539.919 1986
-956.077 539.375 1984
-959.46 539.375 1984
-957.989 536.656 1974
-960.38 536.113 1972
-962.764 535.569 1970
-966.123 535.569 1970
-964.56 532.85 1960
-966.913 532.307 1958
-967.774 530.947 1953
-971.103 530.947 1953
-973.435 530.404 1951
-975.759 529.86 1949
-978.077 529.316 1947
-981.396 529.316 1947
-983.198 528.501 1944
-985.497 527.957 1942
-988.808 527.957 1942
-992.118 527.957 1942
-994.404 527.413 1940
-997.711 527.413 1940
-0.571726 133.727 495
-1.41558 133.727 495
-2.25943 133.727 495
-3.10328 133.727 495
-3.94713 133.727 495
-4.79098 133.727 495
-5.61206 133.187 493
-6.42632 132.647 491
-7.24856 132.377 490
-8.08389 132.377 490
-8.91922 132.377 490
-9.77445 132.647 491
-10.6115 132.647 491
-11.4485 132.647 491
-12.2855 132.647 491
-20.8746 124.002 459
-21.6571 124.002 459
-22.4396 124.002 459
-23.1715 123.732 458
-23.9522 123.732 458
-24.679 123.461 457
-25.4581 123.461 457
-26.2371 123.461 457
-26.9571 123.191 456
-27.6736 122.921 455
-28.4493 122.921 455
-29.0965 122.381 453
-29.6709 121.57 450
-30.3704 121.3 449
-31.1359 121.3 449
-31.9013 121.3 449
-32.5212 120.76 447
-33.0599 119.949 444
-33.5883 119.139 441
-34.2622 118.869 440
-35.0123 118.869 440
-35.6811 118.599 439
-36.2635 118.058 437
-36.9238 117.788 436
-37.6671 117.788 436
-38.3223 117.518 435
-39.0638 117.518 435
-39.7139 117.248 434
-40.3605 116.978 433
-41.0987 116.978 433
-41.7402 116.708 432
-42.3783 116.437 431
-43.1131 116.437 431
-43.8478 116.437 431
-44.3757 115.897 429
-45.0019 115.627 428
-45.6247 115.357 427
-46.3526 115.357 427
-46.9703 115.087 426
-47.6965 115.087 426
-48.3091 114.816 425
-49.0336 114.816 425
-49.641 114.546 424
-50.3638 114.546 424
-50.8457 114.006 422
-51.0763 112.925 418
-51.7889 112.925 418
-51.7479 111.304 412
-52.3229 111.034 411
-52.8945 110.764 410
-53.5935 110.764 410
-54.2924 110.764 410
-54.9914 110.764 410
-55.5545 110.494 409
-56.2517 110.494 409
-56.949 110.494 409
-57.5053 110.224 408
-58.2008 110.224 408
-58.752 109.954 407
-59.2998 109.683 406
-59.9919 109.683 406
-60.8335 109.954 407
-61.5273 109.954 407
-62.2212 109.954 407
-62.7604 109.683 406
-63.4525 109.683 406
-64.1447 109.683 406
-64.8368 109.683 406
-65.5289 109.683 406
-66.2211 109.683 406
-66.9132 109.683 406
-67.6053 109.683 406
-68.2974 109.683 406
-68.9896 109.683 406
-69.6817 109.683 406
-70.3738 109.683 406
-71.0659 109.683 406
-71.7581 109.683 406
-72.6286 109.954 407
-73.3225 109.954 407
-74.0163 109.954 407
-74.8937 110.224 408
-84.6674 123.461 457
-85.4464 123.461 457
-86.2255 123.461 457
-87.0046 123.461 457
-87.7836 123.461 457
-82.5552 115.087 426
-83.0859 114.816 425
-83.8104 114.816 425
-84.336 114.546 424
-87.4662 117.788 436
-88.6141 118.328 438
-89.3608 118.328 438
-90.5189 118.869 440
-91.4764 119.139 441
-92.2282 119.139 441
-92.98 119.139 441
-93.7318 119.139 441
-94.6978 119.409 442
-95.4513 119.409 442
-96.2048 119.409 442
-96.9583 119.409 442
-97.7118 119.409 442
-98.2425 119.139 441
-98.9943 119.139 441
-99.7461 119.139 441
-100.498 119.139 441
-101.25 119.139 441
-102.002 119.139 441
-102.753 119.139 441
-103.505 119.139 441
-104.257 119.139 441
-105.247 119.409 442
-106 119.409 442
-106.995 119.679 443
-107.751 119.679 443
-109.73 121.03 448
-111.234 121.841 451
-112.003 121.841 451
-113.022 122.111 452
-114.044 122.381 453
-115.07 122.651 454
-115.844 122.651 454
-116.875 122.921 455
-117.65 122.921 455
-118.426 122.921 455
-119.202 122.921 455
-119.977 122.921 455
-120.753 122.921 455
-121.529 122.921 455
-792.955 620.009 2295
-796.867 620.009 2295
-800.78 620.009 2295
-799.082 615.686 2279
-802.967 615.686 2279
-796.939 608.122 2251
-796.508 604.88 2239
-796.035 601.638 2227
-799.832 601.638 2227
-800.38 599.207 2218
-801.261 597.046 2210
-806.85 598.396 2215
-811.724 599.207 2218
-815.505 599.207 2218
-820.394 600.017 2221
-824.18 600.017 2221
-827.967 600.017 2221
-828.757 597.856 2213
-830.272 596.235 2207
-830.634 593.804 2198
-834.381 593.804 2198
-829.357 587.59 2175
-828.852 584.618 2164
-830.233 582.997 2158
-833.912 582.997 2158
-837.59 582.997 2158
-841.269 582.997 2158
-844.948 582.997 2158
-848.627 582.997 2158
-851.121 582.187 2155
-854.795 582.187 2155
-857.672 581.647 2153
-861.342 581.647 2153
-861.396 579.215 2144
-863.034 577.864 2139
-866.68 577.864 2139
-870.327 577.864 2139
-873.973 577.864 2139
-876.389 577.054 2136
-878.794 576.244 2133
-882.431 576.244 2133
-885.236 575.703 2131
-885.115 573.272 2122
-887.895 572.732 2120
-891.509 572.732 2120
-895.123 572.732 2120
-898.737 572.732 2120
-901.074 571.921 2117
-904.683 571.921 2117
-906.147 570.57 2112
-908.455 569.76 2109
-908.591 567.599 2101
-910.87 566.788 2098
-914.446 566.788 2098
-918.023 566.788 2098
-920.721 566.248 2096
-922.971 565.437 2093
-926.539 565.437 2093
-929.218 564.897 2091
-927.876 561.925 2080
-927.839 559.764 2072
-931.372 559.764 2072
-934.001 559.224 2070
-937.53 559.224 2070
-937.422 557.062 2062
-940.937 557.062 2062
-941.246 555.171 2055
-939.693 552.2 2044
-940.87 550.849 2039
-944.346 550.849 2039
-942.244 547.607 2027
-945.699 547.607 2027
-944.472 544.905 2017
-947.911 544.905 2017
-950.406 544.365 2015
-951.474 543.014 2010
-953.95 542.474 2008
-957.373 542.474 2008
-955.055 539.232 1996
-953.656 536.531 1986
-956.077 535.99 1984
-959.46 535.99 1984
-957.989 533.289 1974
-960.38 532.748 1972
-962.764 532.208 1970
-966.123 532.208 1970
-964.56 529.506 1960
-966.913 528.966 1958
-967.774 527.615 1953
-971.103 527.615 1953
-973.435 527.075 1951
-975.759 526.535 1949
-978.077 525.994 1947
-981.396 525.994 1947
-983.198 525.184 1944
-985.497 524.644 1942
-988.808 524.644 1942
-992.118 524.644 1942
-994.404 524.103 1940
-997.711 524.103 1940
-0.571726 132.883 495
-1.41558 132.883 495
-2.25943 132.883 495
-3.10328 132.883 495
-3.93915 132.614 494
-4.7813 132.614 494
-5.60068 132.078 492
-6.42632 131.809 491
-7.24856 131.541 490
-8.08389 131.541 490
-8.91922 131.541 490
-9.77445 131.809 491
-10.6115 131.809 491
-11.4485 131.809 491
-12.2855 131.809 491
-19.2676 122.95 458
-20.0484 122.95 458
-20.8746 123.219 459
-21.6571 123.219 459
-22.4396 123.219 459
-23.1715 122.95 458
-23.9522 122.95 458
-24.733 122.95 458
-25.5138 122.95 458
-26.2371 122.682 457
-26.9571 122.413 456
-27.6736 122.145 455
-28.4493 122.145 455
-29.0965 121.608 453
-29.6709 120.803 450
-30.3704 120.534 449
-31.1359 120.534 449
-31.9013 120.534 449
-32.594 120.266 448
-33.1343 119.46 445
-33.6644 118.655 442
-34.3401 118.387 441
-35.0919 118.387 441
-35.7624 118.118 440
-36.3465 117.581 438
-37.0085 117.313 437
-37.7535 117.313 437
-38.4104 117.044 436
-39.1536 117.044 436
-39.8054 116.776 435
-40.5469 116.776 435
-41.1936 116.507 434
-41.8368 116.239 433
-42.575 116.239 433
-43.3132 116.239 433
-44.0513 116.239 433
-44.5826 115.702 431
-45.2122 115.434 430
-45.7315 114.897 428
-46.4612 114.897 428
-47.0805 114.628 427
-47.8085 114.628 427
-48.3091 114.091 425
-49.0336 114.091 425
-49.7581 114.091 425
-50.4826 114.091 425
-51.2071 114.091 425
-51.9316 114.091 425
-51.7889 112.212 418
-51.7479 110.602 412
-52.8945 110.065 410
-53.5935 110.065 410
-54.2924 110.065 410
-54.9914 110.065 410
-55.5545 109.796 409
-56.2517 109.796 409
-56.949 109.796 409
-57.5053 109.528 408
-58.2008 109.528 408
-58.8964 109.528 408
-59.5919 109.528 408
-60.1397 109.259 407
-60.8335 109.259 407
-61.5273 109.259 407
-62.2212 109.259 407
-62.7604 108.991 406
-63.4525 108.991 406
-64.1447 108.991 406
-64.8368 108.991 406
-65.5289 108.991 406
-66.2211 108.991 406
-66.9132 108.991 406
-67.6053 108.991 406
-68.2974 108.991 406
-68.9896 108.991 406
-69.6817 108.991 406
-70.3738 108.991 406
-71.0659 108.991 406
-71.7581 108.991 406
-72.6286 109.259 407
-73.3225 109.259 407
-74.0163 109.259 407
-74.8937 109.528 408
-84.6674 122.682 457
-85.4464 122.682 457
-86.2255 122.682 457
-87.0046 122.682 457
-87.7836 122.682 457
-83.1366 115.165 429
-83.2814 114.36 426
-84.0076 114.36 426
-86.7229 117.044 436
-88.2686 118.118 440
-89.0187 118.118 440
-89.7688 118.118 440
-91.1361 118.923 443
-92.0987 119.192 444
-92.8556 119.192 444
-93.6125 119.192 444
-94.3694 119.192 444
-95.1263 119.192 444
-95.8832 119.192 444
-96.4225 118.923 443
-97.1777 118.923 443
-97.9329 118.923 443
-98.4653 118.655 442
-99.2188 118.655 442
-100.198 118.923 443
-100.954 118.923 443
-101.709 118.923 443
-102.464 118.923 443
-103.219 118.923 443
-103.975 118.923 443
-104.73 118.923 443
-105.961 119.46 445
-106.72 119.46 445
-107.478 119.46 445
-107.507 118.655 442
-109.73 120.266 448
-111.481 121.34 452
-112.251 121.34 452
-113.272 121.608 453
-114.296 121.876 454
-115.07 121.876 454
-116.099 122.145 455
-116.875 122.145 455
-117.65 122.145 455
-118.426 122.145 455
-119.202 122.145 455
-119.977 122.145 455
-120.753 122.145 455
-121.529 122.145 455
-792.955 616.093 2295
-796.867 616.093 2295
-800.78 616.093 2295
-799.082 611.798 2279
-802.967 611.798 2279
-796.939 604.282 2251
-795.44 600.255 2236
-792.818 595.423 2218
-796.599 595.423 2218
-799.298 594.617 2215
-803.074 594.617 2215
-806.85 594.617 2215
-811.724 595.423 2218
-815.505 595.423 2218
-820.394 596.228 2221
-824.18 596.228 2221
-827.967 596.228 2221
-828.757 594.08 2213
-830.272 592.47 2207
-830.634 590.054 2198
-834.381 590.054 2198
-829.357 583.879 2175
-828.852 580.926 2164
-830.233 579.316 2158
-833.912 579.316 2158
-837.59 579.316 2158
-841.269 579.316 2158
-844.948 579.316 2158
-848.627 579.316 2158
-851.121 578.51 2155
-854.795 578.51 2155
-857.672 577.973 2153
-861.342 577.973 2153
-861.396 575.557 2144
-863.034 574.215 2139
-865.465 573.41 2136
-869.106 573.41 2136
-872.748 573.41 2136
-877.62 574.215 2139
-881.266 574.215 2139
-884.913 574.215 2139
-886.067 572.604 2133
-887.617 571.262 2128
-888.732 569.651 2122
-892.35 569.651 2122
-895.123 569.115 2120
-898.737 569.115 2120
-901.074 568.309 2117
-904.683 568.309 2117
-906.147 566.967 2112
-909.747 566.967 2112
-909.888 564.819 2104
-913.475 564.819 2104
-915.754 564.014 2101
-919.336 564.014 2101
-921.599 563.209 2098
-925.176 563.209 2098
-927.867 562.672 2096
-929.218 561.329 2091
-926.984 557.84 2078
-926.944 555.692 2070
-930.473 555.692 2070
-931.745 554.35 2065
-933.907 553.544 2062
-934.24 551.665 2055
-937.743 551.665 2055
-937.582 549.518 2047
-937.394 547.37 2039
-938.563 546.028 2034
-942.03 546.028 2034
-942.244 544.149 2027
-942.433 542.27 2020
-944.472 541.464 2017
-947.911 541.464 2017
-948.047 539.585 2010
-950.527 539.048 2008
-950.15 536.901 2000
-953.559 536.901 2000
-953.619 535.021 1993
-953.656 533.142 1986
-956.077 532.605 1984
-959.46 532.605 1984
-957.989 529.921 1974
-959.406 528.847 1970
-961.298 528.042 1967
-964.651 528.042 1967
-964.56 526.163 1960
-966.913 525.626 1958
-966.783 523.746 1951
-970.109 523.746 1951
-972.437 523.21 1949
-974.758 522.673 1947
-976.57 521.867 1944
-979.884 521.867 1944
-982.187 521.33 1942
-985.497 521.33 1942
-987.789 520.794 1940
-991.097 520.794 1940
-994.404 520.794 1940
-995.14 519.451 1935
-0.571726 132.038 495
-1.41558 132.038 495
-2.25943 132.038 495
-3.09701 131.772 494
-3.93118 131.505 493
-4.77162 131.505 493
-5.60068 131.238 492
-6.41324 130.705 490
-7.24856 130.705 490
-8.08389 130.705 490
-8.91922 130.705 490
-9.75454 130.705 490
-10.5899 130.705 490
-11.4252 130.705 490
-12.2605 130.705 490
-19.2676 122.169 458
-20.0484 122.169 458
-20.8746 122.436 459
-21.6571 122.436 459
-22.4396 122.436 459
-23.1715 122.169 458
-23.9522 122.169 458
-24.733 122.169 458
-25.5138 122.169 458
-26.2371 121.902 457
-26.9571 121.635 456
-27.6736 121.369 455
-28.4493 121.369 455
-29.1607 121.102 454
-29.7369 120.302 451
-30.4381 120.035 450
-31.1359 119.768 449
-31.9013 119.768 449
-32.594 119.501 448
-33.1343 118.701 445
-33.7406 118.168 443
-34.4958 118.168 443
-35.1714 117.901 442
-35.8437 117.634 441
-36.4295 117.101 439
-37.0932 116.834 438
-37.8399 116.834 438
-38.5865 116.834 438
-39.3332 116.834 438
-39.8969 116.3 436
-40.6402 116.3 436
-41.3834 116.3 436
-42.0301 116.034 435
-42.6733 115.767 434
-43.4132 115.767 434
-44.0513 115.5 433
-44.686 115.233 432
-45.3173 114.967 431
-45.8384 114.433 429
-46.5697 114.433 429
-47.1908 114.166 428
-47.8085 113.9 427
-48.5364 113.9 427
-49.2643 113.9 427
-49.7581 113.366 425
-52.6207 118.168 443
-53.3759 118.168 443
-54.1311 118.168 443
-55.5545 109.098 409
-56.2517 109.098 409
-56.949 109.098 409
-57.6462 109.098 409
-58.3435 109.098 409
-58.8964 108.832 408
-59.5919 108.832 408
-60.2874 108.832 408
-60.983 108.832 408
-61.5273 108.565 407
-62.2212 108.565 407
-62.915 108.565 407
-63.6088 108.565 407
-64.3027 108.565 407
-64.9965 108.565 407
-65.6903 108.565 407
-66.3842 108.565 407
-67.078 108.565 407
-67.7718 108.565 407
-68.2974 108.298 406
-68.9896 108.298 406
-69.6817 108.298 406
-70.3738 108.298 406
-71.0659 108.298 406
-71.9348 108.565 407
-72.6286 108.565 407
-73.5026 108.832 408
-74.1982 108.832 408
-74.8937 108.832 408
-84.6674 121.902 457
-85.4464 121.902 457
-86.2255 121.902 457
-87.0046 121.902 457
-87.7836 121.902 457
-83.1366 114.433 429
-83.2814 113.633 426
-84.0076 113.633 426
-86.7229 116.3 436
-88.2686 117.367 440
-89.0187 117.367 440
-89.7688 117.367 440
-91.1361 118.168 443
-92.0987 118.434 444
-92.8556 118.434 444
-93.6125 118.434 444
-94.3694 118.434 444
-95.1263 118.434 444
-95.8832 118.434 444
-96.4225 118.168 443
-97.1777 118.168 443
-97.9329 118.168 443
-98.4653 117.901 442
-99.2188 117.901 442
-100.198 118.168 443
-100.954 118.168 443
-101.709 118.168 443
-102.464 118.168 443
-103.219 118.168 443
-104.444 118.701 445
-105.203 118.701 445
-106.199 118.968 446
-106.96 118.968 446
-107.72 118.968 446
-107.507 117.901 442
-109.73 119.501 448
-111.481 120.568 452
-112.251 120.568 452
-113.522 121.102 454
-114.548 121.369 455
-115.323 121.369 455
-116.099 121.369 455
-116.875 121.369 455
-117.65 121.369 455
-118.426 121.369 455
-119.202 121.369 455
-119.977 121.369 455
-120.753 121.369 455
-121.529 121.369 455
-793.991 612.978 2298
-797.909 612.978 2298
-801.826 612.978 2298
-804.692 612.178 2295
-808.604 612.178 2295
-801.542 603.909 2264
-797.575 598.04 2242
-792.818 591.639 2218
-796.599 591.639 2218
-800.38 591.639 2218
-803.074 590.838 2215
-806.85 590.838 2215
-810.626 590.838 2215
-814.402 590.838 2215
-818.178 590.838 2215
-821.212 590.305 2213
-824.984 590.305 2213
-827.633 589.505 2210
-826.887 586.304 2198
-829.5 585.503 2195
-833.242 585.503 2195
-828.213 579.368 2172
-827.703 576.434 2161
-830.233 575.634 2158
-833.912 575.634 2158
-837.59 575.634 2158
-841.269 575.634 2158
-844.948 575.634 2158
-848.627 575.634 2158
-851.121 574.834 2155
-854.795 574.834 2155
-857.672 574.3 2153
-861.342 574.3 2153
-860.593 571.366 2142
-861.824 569.766 2136
-865.465 569.766 2136
-869.106 569.766 2136
-872.748 569.766 2136
-877.62 570.566 2139
-881.266 570.566 2139
-884.913 570.566 2139
-886.067 568.965 2133
-887.617 567.632 2128
-889.989 566.831 2125
-893.611 566.831 2125
-895.123 565.498 2120
-898.737 565.498 2120
-901.074 564.697 2117
-904.683 564.697 2117
-907.005 563.897 2114
-909.747 563.364 2112
-909.888 561.23 2104
-913.475 561.23 2104
-915.754 560.429 2101
-919.336 560.429 2101
-921.599 559.629 2098
-925.176 559.629 2098
-927.867 559.096 2096
-929.218 557.762 2091
-926.984 554.294 2078
-929.183 553.494 2075
-928.225 550.827 2065
-930.392 550.026 2062
-930.737 548.159 2055
-930.603 546.025 2047
-934.092 546.025 2047
-933.918 543.891 2039
-935.095 542.558 2034
-937.64 542.024 2032
-941.104 542.024 2032
-942.244 540.69 2027
-942.433 538.823 2020
-941.194 536.156 2010
-944.621 536.156 2010
-947.104 535.622 2008
-948.16 534.289 2003
-948.249 532.421 1996
-951.652 532.421 1996
-950.27 529.754 1986
-952.695 529.22 1984
-953.668 527.887 1979
-957.042 527.887 1979
-957.018 526.019 1972
-959.406 525.486 1970
-960.321 524.152 1965
-963.671 524.152 1965
-963.576 522.285 1958
-965.926 521.752 1956
-966.783 520.418 1951
-970.109 520.418 1951
-972.437 519.884 1949
-974.758 519.351 1947
-975.565 518.017 1942
-978.876 518.017 1942
-981.175 517.484 1940
-984.482 517.484 1940
-987.789 517.484 1940
-991.097 517.484 1940
-991.841 516.15 1935
-994.111 515.616 1933
-0.570571 130.929 494
-1.41272 130.929 494
-2.25486 130.929 494
-3.09701 130.929 494
-3.93118 130.664 493
-4.77162 130.664 493
-5.60068 130.399 492
-6.41324 129.869 490
-7.23377 129.604 489
-8.06739 129.604 489
-8.90101 129.604 489
-9.75454 129.869 490
-10.5899 129.869 490
-11.4252 129.869 490
-12.2605 129.869 490
-13.0958 129.869 490
-16.2694 128.543 485
-17.0962 128.543 485
-17.923 128.543 485
-18.7498 128.543 485
-19.2676 121.387 458
-20.0484 121.387 458
-20.8746 121.652 459
-21.6571 121.652 459
-22.4396 121.652 459
-23.222 121.652 459
-24.0045 121.652 459
-24.733 121.387 458
-25.5138 121.387 458
-26.2945 121.387 458
-27.0162 121.122 457
-27.7345 120.857 456
-28.5118 120.857 456
-29.1607 120.327 454
-29.7369 119.532 451
-30.4381 119.267 450
-31.1359 119.002 449
-31.9013 119.002 449
-32.594 118.737 448
-33.1343 117.942 445
-33.7406 117.412 443
-34.4958 117.412 443
-35.1714 117.147 442
-35.8437 116.882 441
-36.4295 116.352 439
-37.0932 116.087 438
-37.8399 116.087 438
-38.5865 116.087 438
-39.3332 116.087 438
-39.8969 115.557 436
-40.6402 115.557 436
-41.3834 115.557 436
-42.0301 115.292 435
-42.6733 115.027 434
-43.4132 115.027 434
-44.0513 114.761 433
-44.686 114.496 432
-45.3173 114.231 431
-45.8384 113.701 429
-46.5697 113.701 429
-47.1908 113.436 428
-47.8085 113.171 427
-48.5364 113.171 427
-49.2643 113.171 427
-49.7581 112.641 425
-52.6207 117.412 443
-53.3759 117.412 443
-54.1311 117.412 443
-55.5545 108.401 409
-56.2517 108.401 409
-56.949 108.401 409
-57.6462 108.401 409
-58.3435 108.401 409
-58.8964 108.136 408
-59.5919 108.136 408
-60.2874 108.136 408
-60.983 108.136 408
-61.5273 107.87 407
-62.2212 107.87 407
-62.915 107.87 407
-63.6088 107.87 407
-64.3027 107.87 407
-64.9965 107.87 407
-65.6903 107.87 407
-66.3842 107.87 407
-67.078 107.87 407
-67.7718 107.87 407
-68.4657 107.87 407
-69.1595 107.87 407
-69.6817 107.605 406
-70.3738 107.605 406
-71.0659 107.605 406
-71.9348 107.87 407
-72.8071 108.136 408
-73.5026 108.136 408
-74.1982 108.136 408
-83.8883 121.122 457
-84.6674 121.122 457
-85.4464 121.122 457
-86.2255 121.122 457
-87.0046 121.122 457
-87.7836 121.122 457
-83.3303 113.966 430
-84.0634 113.966 430
-86.7684 116.617 440
-87.7174 116.882 441
-88.4692 116.882 441
-89.221 116.882 441
-90.3809 117.412 443
-91.5475 117.942 445
-92.3061 117.942 445
-93.0647 117.942 445
-93.8233 117.942 445
-94.582 117.942 445
-95.3406 117.942 445
-96.0992 117.942 445
-96.6401 117.677 444
-97.1777 117.412 443
-97.9329 117.412 443
-98.6881 117.412 443
-99.4433 117.412 443
-100.198 117.412 443
-101.182 117.677 444
-101.938 117.677 444
-102.695 117.677 444
-103.685 117.942 445
-104.444 117.942 445
-105.203 117.942 445
-106.199 118.207 446
-106.96 118.207 446
-107.72 118.207 446
-111.481 119.797 452
-112.251 119.797 452
-113.522 120.327 454
-114.548 120.592 455
-115.323 120.592 455
-116.099 120.592 455
-116.875 120.592 455
-117.65 120.592 455
-118.426 120.592 455
-119.202 120.592 455
-119.977 120.592 455
-120.753 120.592 455
-121.529 120.592 455
-793.991 609.057 2298
-797.909 609.057 2298
-801.826 609.057 2298
-804.692 608.262 2295
-808.604 608.262 2295
-801.542 600.046 2264
-797.575 594.215 2242
-792.818 587.854 2218
-796.599 587.854 2218
-800.38 587.854 2218
-803.074 587.059 2215
-806.85 587.059 2215
-810.626 587.059 2215
-814.402 587.059 2215
-818.178 587.059 2215
-820.098 585.734 2210
-823.866 585.734 2210
-825.386 584.144 2204
-826.887 582.554 2198
-829.5 581.759 2195
-833.242 581.759 2195
-827.07 574.868 2169
-827.703 572.747 2161
-830.233 571.952 2158
-833.912 571.952 2158
-837.59 571.952 2158
-841.269 571.952 2158
-843.774 571.157 2155
-847.447 571.157 2155
-851.121 571.157 2155
-854.001 570.627 2153
-856.477 569.832 2150
-860.142 569.832 2150
-860.593 567.712 2142
-861.824 566.121 2136
-865.465 566.121 2136
-869.106 566.121 2136
-872.748 566.121 2136
-877.62 566.916 2139
-881.266 566.916 2139
-884.913 566.916 2139
-886.067 565.326 2133
-887.617 564.001 2128
-889.989 563.206 2125
-893.611 563.206 2125
-895.123 561.881 2120
-898.737 561.881 2120
-901.074 561.086 2117
-904.683 561.086 2117
-907.005 560.29 2114
-909.747 559.76 2112
-909.888 557.64 2104
-913.475 557.64 2104
-915.754 556.845 2101
-919.336 556.845 2101
-921.599 556.05 2098
-925.176 556.05 2098
-927.867 555.52 2096
-929.218 554.195 2091
-925.645 549.954 2075
-929.183 549.954 2075
-928.225 547.304 2065
-930.392 546.508 2062
-930.737 544.653 2055
-931.512 543.063 2049
-934.092 542.533 2047
-933.918 540.413 2039
-935.095 539.087 2034
-937.64 538.557 2032
-941.104 538.557 2032
-942.244 537.232 2027
-942.433 535.377 2020
-941.194 532.727 2010
-944.621 532.727 2010
-947.104 532.196 2008
-948.16 530.871 2003
-948.249 529.016 1996
-951.652 529.016 1996
-951.227 526.896 1988
-953.656 526.366 1986
-954.632 525.04 1981
-958.009 525.04 1981
-957.018 522.655 1972
-959.406 522.125 1970
-961.298 521.33 1967
-964.651 521.33 1967
-963.576 518.945 1958
-965.926 518.414 1956
-966.783 517.089 1951
-970.109 517.089 1951
-972.437 516.559 1949
-973.256 515.234 1944
-975.565 514.704 1942
-978.876 514.704 1942
-981.175 514.174 1940
-984.482 514.174 1940
-986.771 513.644 1938
-990.075 513.644 1938
-991.841 512.849 1935
-993.083 511.788 1931
-0.570571 130.086 494
-1.41272 130.086 494
-2.25486 130.086 494
-3.09701 130.086 494
-3.93118 129.823 493
-4.77162 129.823 493
-5.60068 129.559 492
-6.41324 129.033 490
-7.23377 128.769 489
-8.06739 128.769 489
-8.90101 128.769 489
-9.75454 129.033 490
-10.5899 129.033 490
-11.4252 129.033 490
-12.2605 129.033 490
-13.0958 129.033 490
-13.9027 128.769 489
-14.7364 128.769 489
-15.57 128.769 489
-16.3701 128.506 488
-17.1667 128.243 487
-17.9969 128.243 487
-18.7498 127.716 485
-19.5766 127.716 485
-19.2676 120.606 458
-20.0484 120.606 458
-20.8746 120.869 459
-21.6571 120.869 459
-22.4396 120.869 459
-23.222 120.869 459
-24.0045 120.869 459
-24.787 120.869 459
-25.5695 120.869 459
-26.2945 120.606 458
-27.0162 120.343 457
-27.7345 120.079 456
-28.5118 120.079 456
-29.1607 119.553 454
-29.7369 118.763 451
-30.4381 118.499 450
-31.1359 118.236 449
-31.9013 118.236 449
-32.594 117.973 448
-33.2088 117.446 446
-33.7406 116.656 443
-34.4958 116.656 443
-35.1714 116.393 442
-35.9249 116.393 442
-36.5125 115.866 440
-37.1779 115.603 439
-38.0127 115.866 440
-38.7627 115.866 440
-39.5128 115.866 440
-40.0799 115.339 438
-40.8266 115.339 438
-41.5733 115.339 438
-42.3199 115.339 438
-42.87 114.813 436
-43.6132 114.813 436
-44.2548 114.549 435
-44.7895 114.023 433
-45.3173 113.496 431
-45.8384 112.969 429
-46.5697 112.969 429
-47.1908 112.706 428
-47.8085 112.443 427
-48.5364 112.443 427
-49.2643 112.443 427
-52.6207 116.656 443
-53.3759 116.656 443
-54.1311 116.656 443
-56.2517 107.703 409
-56.949 107.703 409
-57.6462 107.703 409
-58.3435 107.703 409
-58.8964 107.439 408
-59.5919 107.439 408
-60.2874 107.439 408
-60.983 107.439 408
-61.5273 107.176 407
-62.2212 107.176 407
-62.915 107.176 407
-63.6088 107.176 407
-64.3027 107.176 407
-64.9965 107.176 407
-65.6903 107.176 407
-66.3842 107.176 407
-67.078 107.176 407
-67.7718 107.176 407
-68.4657 107.176 407
-69.1595 107.176 407
-69.6817 106.913 406
-70.3738 106.913 406
-71.0659 106.913 406
-71.9348 107.176 407
-72.8071 107.439 408
-73.5026 107.439 408
-84.0185 121.659 462
-84.8061 121.659 462
-85.5937 121.659 462
-85.6334 120.606 458
-86.2255 120.343 457
-87.0046 120.343 457
-87.7836 120.343 457
-85.4621 116.129 441
-86.2138 116.129 441
-87.1628 116.393 442
-88.1152 116.656 443
-89.0711 116.919 444
-89.828 116.919 444
-90.9929 117.446 446
-91.7532 117.446 446
-92.5135 117.446 446
-93.2739 117.446 446
-94.0342 117.446 446
-94.582 117.183 445
-95.3406 117.183 445
-96.0992 117.183 445
-96.8578 117.183 445
-97.397 116.919 444
-98.154 116.919 444
-98.9109 116.919 444
-99.6678 116.919 444
-100.425 116.919 444
-101.409 117.183 445
-102.168 117.183 445
-102.927 117.183 445
-103.685 117.183 445
-104.444 117.183 445
-105.203 117.183 445
-106.199 117.446 446
-106.96 117.446 446
-107.72 117.446 446
-113.522 119.553 454
-114.548 119.816 455
-115.323 119.816 455
-116.354 120.079 456
-117.131 120.079 456
-117.909 120.079 456
-118.686 120.079 456
-119.202 119.816 455
-119.977 119.816 455
-120.753 119.816 455
-793.991 605.137 2298
-797.909 605.137 2298
-801.826 605.137 2298
-804.692 604.347 2295
-808.604 604.347 2295
-801.542 596.184 2264
-797.575 590.39 2242
-792.818 584.07 2218
-796.599 584.07 2218
-800.38 584.07 2218
-804.161 584.07 2218
-807.943 584.07 2218
-811.724 584.07 2218
-814.402 583.28 2215
-816.331 581.964 2210
-817.872 580.384 2204
-821.629 580.384 2204
-822.016 578.014 2195
-825.758 578.014 2195
-823.075 573.537 2178
-826.788 573.537 2178
-827.07 571.167 2169
-826.554 568.27 2158
-830.233 568.27 2158
-833.912 568.27 2158
-837.59 568.27 2158
-841.269 568.27 2158
-843.774 567.48 2155
-847.447 567.48 2155
-850.331 566.954 2153
-854.001 566.954 2153
-856.477 566.164 2150
-860.142 566.164 2150
-860.593 564.057 2142
-863.034 563.267 2139
-866.68 563.267 2139
-870.327 563.267 2139
-873.973 563.267 2139
-877.62 563.267 2139
-881.266 563.267 2139
-884.913 563.267 2139
-887.313 562.477 2136
-888.869 561.16 2131
-889.989 559.58 2125
-893.611 559.58 2125
-895.967 558.79 2122
-898.737 558.264 2120
-901.074 557.474 2117
-904.683 557.474 2117
-907.005 556.684 2114
-910.608 556.684 2114
-910.753 554.577 2106
-914.343 554.577 2106
-917.061 554.05 2104
-920.648 554.05 2104
-922.917 553.26 2101
-926.499 553.26 2101
-926.539 551.154 2093
-929.218 550.627 2091
-925.645 546.414 2075
-929.183 546.414 2075
-928.225 543.781 2065
-927.233 541.147 2055
-928.019 539.567 2049
-931.512 539.567 2049
-932.724 538.251 2044
-931.628 535.617 2034
-934.176 535.091 2032
-936.717 534.564 2030
-940.178 534.564 2030
-938.99 531.931 2020
-940.101 530.614 2015
-940.258 528.771 2008
-943.681 528.771 2008
-944.746 527.454 2003
-946.74 526.664 2000
-948.249 525.611 1996
-951.652 525.611 1996
-951.227 523.504 1988
-953.656 522.977 1986
-954.632 521.661 1981
-958.009 521.661 1981
-957.018 519.291 1972
-957.945 517.974 1967
-961.298 517.974 1967
-964.651 517.974 1967
-963.576 515.604 1958
-965.926 515.077 1956
-967.774 514.287 1953
-971.103 514.287 1953
-973.435 513.761 1951
-975.759 513.234 1949
-976.57 511.917 1944
-979.884 511.917 1944
-981.175 510.864 1940
-984.482 510.864 1940
-986.771 510.337 1938
-990.075 510.337 1938
-991.841 509.547 1935
-993.083 508.494 1931
-0.570571 129.243 494
-1.41272 129.243 494
-2.25486 129.243 494
-3.09074 128.982 493
-3.93118 128.982 493
-4.77162 128.982 493
-5.58929 128.458 491
-6.41324 128.197 490
-7.23377 127.935 489
-8.06739 127.935 489
-8.90101 127.935 489
-9.75454 128.197 490
-10.5899 128.197 490
-11.4252 128.197 490
-12.2605 128.197 490
-13.0958 128.197 490
-13.9027 127.935 489
-14.7364 127.935 489
-15.57 127.935 489
-16.3701 127.673 488
-17.1667 127.412 487
-17.9969 127.412 487
-18.7498 126.889 485
-19.5766 126.889 485
-19.3517 120.348 460
-20.1359 120.348 460
-20.9201 120.348 460
-21.7043 120.348 460
-22.4885 120.348 460
-23.2726 120.348 460
-24.0045 120.086 459
-24.787 120.086 459
-25.5695 120.086 459
-26.2945 119.825 458
-27.0162 119.563 457
-27.7345 119.301 456
-28.5118 119.301 456
-29.225 119.04 455
-29.8028 118.255 452
-30.5057 117.993 451
-31.1359 117.47 449
-31.9013 117.47 449
-32.594 117.208 448
-33.2088 116.685 446
-33.8168 116.162 444
-34.5737 116.162 444
-35.251 115.9 443
-35.9249 115.639 442
-36.5125 115.115 440
-37.2626 115.115 440
-38.0127 115.115 440
-38.7627 115.115 440
-39.5128 115.115 440
-40.2629 115.115 440
-41.013 115.115 440
-41.6682 114.854 439
-42.3199 114.592 438
-43.0666 114.592 438
-43.8133 114.592 438
-44.3565 114.069 436
-44.8929 113.546 434
-45.5276 113.284 433
-46.2658 113.284 433
-46.7868 112.761 431
-47.1908 111.976 428
-47.8085 111.714 427
-56.949 107.005 409
-57.6462 107.005 409
-58.3435 107.005 409
-58.8964 106.743 408
-59.5919 106.743 408
-60.2874 106.743 408
-60.983 106.743 408
-61.5273 106.482 407
-62.2212 106.482 407
-62.915 106.482 407
-63.6088 106.482 407
-64.3027 106.482 407
-64.9965 106.482 407
-65.6903 106.482 407
-66.3842 106.482 407
-67.078 106.482 407
-67.7718 106.482 407
-68.4657 106.482 407
-69.1595 106.482 407
-69.6817 106.22 406
-70.3738 106.22 406
-71.0659 106.22 406
-71.9348 106.482 407
-72.8071 106.743 408
-73.5026 106.743 408
-84.0185 120.871 462
-84.8061 120.871 462
-85.5937 120.871 462
-85.6334 119.825 458
-86.2255 119.563 457
-87.0046 119.563 457
-85.2865 116.162 444
-86.0434 116.162 444
-86.8003 116.162 444
-87.5572 116.162 444
-88.5131 116.424 445
-89.2717 116.424 445
-90.4349 116.947 447
-91.1969 116.947 447
-91.959 116.947 447
-92.721 116.947 447
-93.483 116.947 447
-94.0342 116.685 446
-94.7945 116.685 446
-95.5548 116.685 446
-96.3151 116.685 446
-96.8578 116.424 445
-97.6164 116.424 445
-98.375 116.424 445
-99.1336 116.424 445
-99.8922 116.424 445
-100.651 116.424 445
-101.409 116.424 445
-102.168 116.424 445
-102.927 116.424 445
-103.685 116.424 445
-104.444 116.424 445
-105.203 116.424 445
-105.961 116.424 445
-106.72 116.424 445
-107.478 116.424 445
-114.548 119.04 455
-115.323 119.04 455
-116.354 119.301 456
-117.131 119.301 456
-117.909 119.301 456
-118.686 119.301 456
-792.955 600.431 2295
-796.867 600.431 2295
-800.78 600.431 2295
-801.186 597.815 2285
-805.081 597.815 2285
-800.479 591.536 2261
-795.44 584.995 2236
-792.818 580.286 2218
-796.599 580.286 2218
-800.38 580.286 2218
-804.161 580.286 2218
-807.943 580.286 2218
-811.724 580.286 2218
-814.402 579.501 2215
-816.331 578.193 2210
-817.872 576.623 2204
-821.629 576.623 2204
-822.016 574.269 2195
-825.758 574.269 2195
-823.075 569.821 2178
-826.788 569.821 2178
-827.07 567.466 2169
-826.554 564.589 2158
-830.233 564.589 2158
-833.912 564.589 2158
-837.59 564.589 2158
-841.269 564.589 2158
-844.948 564.589 2158
-848.627 564.589 2158
-850.331 563.28 2153
-854.001 563.28 2153
-856.477 562.496 2150
-860.142 562.496 2150
-861.396 560.926 2144
-863.034 559.618 2139
-867.896 560.403 2142
-871.548 560.403 2142
-875.199 560.403 2142
-877.62 559.618 2139
-881.266 559.618 2139
-884.913 559.618 2139
-887.313 558.833 2136
-889.703 558.048 2133
-891.245 556.74 2128
-894.873 556.74 2128
-895.967 555.17 2122
-898.737 554.647 2120
-901.074 553.862 2117
-904.683 553.862 2117
-908.292 553.862 2117
-910.608 553.077 2114
-910.753 550.984 2106
-914.343 550.984 2106
-917.061 550.461 2104
-920.648 550.461 2104
-922.917 549.676 2101
-926.499 549.676 2101
-926.539 547.583 2093
-927.885 546.275 2088
-925.645 542.874 2075
-929.183 542.874 2075
-928.225 540.257 2065
-927.233 537.641 2055
-928.019 536.071 2049
-931.512 536.071 2049
-932.724 534.763 2044
-930.712 531.624 2032
-933.256 531.1 2030
-936.717 531.1 2030
-938.788 530.316 2027
-938.99 528.484 2020
-940.101 527.176 2015
-940.258 525.345 2008
-943.681 525.345 2008
-944.746 524.037 2003
-946.74 523.252 2000
-949.2 522.728 1998
-952.606 522.728 1998
-951.227 520.112 1988
-953.656 519.589 1986
-954.632 518.281 1981
-958.009 518.281 1981
-957.989 516.449 1974
-959.406 515.403 1970
-961.298 514.618 1967
-964.651 514.618 1967
-963.576 512.263 1958
-965.926 511.74 1956
-967.774 510.955 1953
-971.103 510.955 1953
-973.435 510.432 1951
-975.759 509.909 1949
-976.57 508.601 1944
-979.884 508.601 1944
-981.175 507.554 1940
-984.482 507.554 1940
-986.771 507.031 1938
-990.075 507.031 1938
-991.841 506.246 1935
-992.054 504.676 1929
0.272124 128.66 495
-0.571726 128.66 495
-1.41558 128.66 495
-2.25943 128.66 495
-3.09074 128.14 493
-3.9232 127.881 492
-4.76194 127.881 492
-5.58929 127.621 491
-6.41324 127.361 490
-7.23377 127.101 489
-8.06739 127.101 489
-8.90101 127.101 489
-9.73463 127.101 489
-10.5899 127.361 490
-11.4252 127.361 490
-12.2605 127.361 490
-13.0958 127.361 490
-13.9027 127.101 489
-14.7364 127.101 489
-15.57 127.101 489
-16.3701 126.841 488
-17.1667 126.581 487
-17.9969 126.581 487
-18.7498 126.061 485
-19.5766 126.061 485
-19.3517 119.563 460
-20.1359 119.563 460
-20.9201 119.563 460
-21.7043 119.563 460
-22.4885 119.563 460
-23.2726 119.563 460
-24.0045 119.303 459
-24.787 119.303 459
-25.5695 119.303 459
-26.2945 119.043 458
-27.0162 118.783 457
-27.7345 118.523 456
-28.5118 118.523 456
-29.225 118.263 455
-29.8687 117.744 453
-30.5734 117.484 452
-31.3439 117.484 452
-31.9723 116.964 450
-32.594 116.444 448
-33.2088 115.924 446
-33.8168 115.404 444
-34.5737 115.404 444
-35.251 115.144 443
-35.9249 114.885 442
-36.5125 114.365 440
-37.2626 114.365 440
-38.0127 114.365 440
-38.7627 114.365 440
-39.5128 114.365 440
-40.2629 114.365 440
-41.013 114.365 440
-41.6682 114.105 439
-42.4166 114.105 439
-43.1649 114.105 439
-43.9133 114.105 439
-44.3565 113.325 436
-44.9963 113.065 435
-45.8431 113.325 436
-46.6932 113.585 437
-47.4381 113.585 437
-48.1831 113.585 437
-48.8161 113.325 436
-49.5594 113.325 436
-56.8097 106.047 408
-57.5053 106.047 408
-58.2008 106.047 408
-58.8964 106.047 408
-59.5919 106.047 408
-60.2874 106.047 408
-60.983 106.047 408
-61.5273 105.787 407
-62.2212 105.787 407
-62.915 105.787 407
-63.6088 105.787 407
-64.3027 105.787 407
-64.9965 105.787 407
-65.6903 105.787 407
-66.3842 105.787 407
-67.078 105.787 407
-67.7718 105.787 407
-68.4657 105.787 407
-69.1595 105.787 407
-69.8533 105.787 407
-70.5471 105.787 407
-71.241 105.787 407
-71.9348 105.787 407
-72.6286 105.787 407
-73.3225 105.787 407
-84.0185 120.083 462
-84.8061 120.083 462
-85.5937 120.083 462
-86.0074 119.563 460
-86.7915 119.563 460
-87.5757 119.563 460
-85.2865 115.404 444
-86.0434 115.404 444
-86.8003 115.404 444
-87.5572 115.404 444
-88.5131 115.664 445
-89.2717 115.664 445
-90.4349 116.184 447
-91.1969 116.184 447
-91.959 116.184 447
-92.721 116.184 447
-93.483 116.184 447
-94.0342 115.924 446
-94.7945 115.924 446
-95.5548 115.924 446
-96.3151 115.924 446
-96.8578 115.664 445
-97.6164 115.664 445
-98.375 115.664 445
-99.1336 115.664 445
-99.8922 115.664 445
-100.651 115.664 445
-101.409 115.664 445
-102.168 115.664 445
-102.927 115.664 445
-103.685 115.664 445
-107.026 118.523 456
-107.803 118.523 456
-108.58 118.523 456
-109.358 118.523 456
-107.478 115.664 445
-114.548 118.263 455
-115.323 118.263 455
-116.354 118.523 456
-117.131 118.523 456
-117.909 118.523 456
-118.686 118.523 456
-789.5 593.917 2285
-793.395 593.917 2285
-797.29 593.917 2285
-795.926 590.018 2270
-799.796 590.018 2270
-794.815 583.52 2245
-792.239 578.841 2227
-791.031 575.202 2213
-794.803 575.202 2213
-798.576 575.202 2213
-804.161 576.502 2218
-807.943 576.502 2218
-811.724 576.502 2218
-813.666 575.202 2213
-814.115 572.863 2204
-815.645 571.304 2198
-819.392 571.304 2198
-819.769 568.964 2189
-821.62 567.665 2184
-821.942 565.325 2175
-825.65 565.325 2175
-824.019 561.687 2161
-825.405 560.127 2155
-830.233 560.907 2158
-833.912 560.907 2158
-837.59 560.907 2158
-841.269 560.907 2158
-844.948 560.907 2158
-848.627 560.907 2158
-850.331 559.607 2153
-852.811 558.827 2150
-855.282 558.048 2147
-858.942 558.048 2147
-861.396 557.268 2144
-864.244 556.748 2142
-867.896 556.748 2142
-871.548 556.748 2142
-875.199 556.748 2142
-878.851 556.748 2142
-882.502 556.748 2142
-886.154 556.748 2142
-887.313 555.189 2136
-889.703 554.409 2133
-891.245 553.109 2128
-894.873 553.109 2128
-895.967 551.55 2122
-898.737 551.03 2120
-902.351 551.03 2120
-905.965 551.03 2120
-908.292 550.25 2117
-910.608 549.47 2114
-910.753 547.391 2106
-914.343 547.391 2106
-917.061 546.871 2104
-920.648 546.871 2104
-922.917 546.091 2101
-926.499 546.091 2101
-926.539 544.012 2093
-927.885 542.712 2088
-925.645 539.333 2075
-929.183 539.333 2075
-928.225 536.734 2065
-927.233 534.135 2055
-928.019 532.576 2049
-931.512 532.576 2049
-932.724 531.276 2044
-930.712 528.157 2032
-933.256 527.637 2030
-936.717 527.637 2030
-938.788 526.857 2027
-938.99 525.038 2020
-940.101 523.738 2015
-942.131 522.958 2012
-943.681 521.919 2008
-944.746 520.619 2003
-946.74 519.839 2000
-949.2 519.32 1998
-952.606 519.32 1998
-951.227 516.72 1988
-953.656 516.201 1986
-954.632 514.901 1981
-958.009 514.901 1981
-957.989 513.082 1974
-959.406 512.042 1970
-962.764 512.042 1970
-966.123 512.042 1970
-964.56 509.443 1960
-966.913 508.923 1958
-969.26 508.403 1956
-972.595 508.403 1956
-973.435 507.103 1951
-975.759 506.584 1949
-976.57 505.284 1944
-979.884 505.284 1944
-982.187 504.764 1942
-984.482 504.244 1940
-987.789 504.244 1940
-991.097 504.244 1940
-991.841 502.945 1935
-992.054 501.385 1929
0.272124 127.816 495
-0.571726 127.816 495
-1.41558 127.816 495
-2.25943 127.816 495
-3.09074 127.299 493
-3.9232 127.041 492
-4.76194 127.041 492
-5.58929 126.783 491
-6.41324 126.525 490
-7.23377 126.266 489
-8.06739 126.266 489
-8.88281 126.008 488
-9.71473 126.008 488
-10.5683 126.266 489
-11.4252 126.525 490
-12.2605 126.525 490
-13.0958 126.525 490
-13.9027 126.266 489
-14.7364 126.266 489
-15.57 126.266 489
-16.3701 126.008 488
-17.1667 125.75 487
-17.9969 125.75 487
-18.7498 125.234 485
-19.5766 125.234 485
-19.3517 118.778 460
-20.1359 118.778 460
-20.9656 119.036 461
-21.7515 119.036 461
-22.5373 119.036 461
-23.3232 119.036 461
-24.1091 119.036 461
-24.841 118.778 460
-25.6252 118.778 460
-26.352 118.52 459
-27.0753 118.262 458
-27.7953 118.004 457
-28.5743 118.004 457
-29.225 117.487 455
-29.8687 116.971 453
-30.5734 116.713 452
-31.3439 116.713 452
-31.9723 116.196 450
-32.594 115.68 448
-33.2088 115.163 446
-33.8168 114.647 444
-34.5737 114.647 444
-35.251 114.389 443
-35.9249 114.13 442
-36.5125 113.614 440
-37.2626 113.614 440
-38.0127 113.614 440
-38.7627 113.614 440
-39.5128 113.614 440
-40.2629 113.614 440
-41.013 113.614 440
-41.6682 113.356 439
-42.4166 113.356 439
-43.1649 113.356 439
-43.9133 113.356 439
-44.3565 112.581 436
-44.9963 112.323 435
-46.1585 113.356 439
-46.9069 113.356 439
-47.6553 113.356 439
-48.4036 113.356 439
-49.152 113.356 439
-49.9004 113.356 439
-56.8097 105.351 408
-57.5053 105.351 408
-58.2008 105.351 408
-58.8964 105.351 408
-59.5919 105.351 408
-60.2874 105.351 408
-60.983 105.351 408
-61.6785 105.351 408
-62.374 105.351 408
-62.915 105.093 407
-63.6088 105.093 407
-64.3027 105.093 407
-64.9965 105.093 407
-65.6903 105.093 407
-66.3842 105.093 407
-67.078 105.093 407
-67.7718 105.093 407
-68.4657 105.093 407
-69.1595 105.093 407
-69.8533 105.093 407
-70.5471 105.093 407
-71.241 105.093 407
-71.9348 105.093 407
-84.439 118.778 460
-85.2232 118.778 460
-86.0074 118.778 460
-86.7915 118.778 460
-87.5757 118.778 460
-87.7836 118.004 457
-88.3689 117.745 456
-88.5598 116.971 453
-88.9377 116.454 451
-89.7065 116.454 451
-91.679 118.004 457
-92.4581 118.004 457
-93.2371 118.004 457
-94.0162 118.004 457
-94.5878 117.745 456
-95.3652 117.745 456
-96.1426 117.745 456
-96.9199 117.745 456
-95.9833 115.68 448
-96.747 115.68 448
-97.2931 115.422 447
-98.0551 115.422 447
-98.8172 115.422 447
-99.802 115.68 448
-100.566 115.68 448
-101.329 115.68 448
-102.093 115.68 448
-102.857 115.68 448
-105.471 117.745 456
-106.248 117.745 456
-107.026 117.745 456
-107.803 117.745 456
-108.58 117.745 456
-109.358 117.745 456
-780.447 586.145 2270
-784.317 586.145 2270
-788.187 586.145 2270
-792.056 586.145 2270
-792.771 583.821 2261
-796.625 583.821 2261
-788.442 575.042 2227
-784.057 569.103 2204
-785.669 567.554 2198
-791.571 569.103 2204
-795.328 569.103 2204
-799.086 569.103 2204
-802.843 569.103 2204
-806.6 569.103 2204
-810.357 569.103 2204
-813.007 568.328 2201
-812.306 565.23 2189
-816.037 565.23 2189
-817.897 563.939 2184
-819.362 562.389 2178
-820.808 560.84 2172
-824.511 560.84 2172
-824.019 558 2161
-826.554 557.225 2158
-830.233 557.225 2158
-835.071 558 2161
-838.755 558 2161
-842.439 558 2161
-846.123 558 2161
-849.807 558 2161
-852.306 557.225 2158
-852.811 555.159 2150
-855.282 554.385 2147
-858.942 554.385 2147
-861.396 553.61 2144
-864.244 553.094 2142
-867.896 553.094 2142
-871.548 553.094 2142
-875.199 553.094 2142
-878.851 553.094 2142
-882.502 553.094 2142
-886.154 553.094 2142
-887.313 551.544 2136
-889.703 550.77 2133
-891.245 549.479 2128
-894.873 549.479 2128
-895.967 547.929 2122
-898.737 547.413 2120
-902.351 547.413 2120
-905.965 547.413 2120
-908.292 546.638 2117
-910.608 545.864 2114
-910.753 543.798 2106
-914.343 543.798 2106
-917.061 543.281 2104
-920.648 543.281 2104
-922.917 542.507 2101
-926.499 542.507 2101
-926.539 540.441 2093
-926.552 538.375 2085
-924.307 535.019 2072
-927.839 535.019 2072
-928.225 533.211 2065
-927.233 530.629 2055
-928.019 529.08 2049
-931.512 529.08 2049
-932.724 527.789 2044
-930.712 524.69 2032
-933.256 524.174 2030
-936.717 524.174 2030
-938.788 523.399 2027
-938.99 521.592 2020
-940.101 520.301 2015
-942.131 519.526 2012
-943.681 518.493 2008
-944.746 517.202 2003
-946.74 516.427 2000
-949.2 515.911 1998
-952.606 515.911 1998
-951.227 513.329 1988
-953.656 512.812 1986
-956.077 512.296 1984
-958.009 511.521 1981
-957.989 509.714 1974
-959.406 508.681 1970
-962.764 508.681 1970
-966.123 508.681 1970
-964.56 506.099 1960
-966.913 505.582 1958
-969.26 505.066 1956
-972.595 505.066 1956
-973.435 503.775 1951
-975.759 503.258 1949
-976.57 501.967 1944
-979.884 501.967 1944
-982.187 501.451 1942
-984.482 500.934 1940
-987.789 500.934 1940
-991.097 500.934 1940
-991.841 499.643 1935
-992.054 498.094 1929
0.272124 126.971 495
-0.571726 126.971 495
-1.41558 126.971 495
-2.25943 126.971 495
-3.09074 126.458 493
-3.9232 126.202 492
-4.76194 126.202 492
-5.58929 125.945 491
-6.41324 125.689 490
-7.23377 125.432 489
-8.06739 125.432 489
-8.88281 125.176 488
-9.71473 125.176 488
-10.5466 125.176 488
-11.3786 125.176 488
-12.2105 125.176 488
-13.0157 124.919 487
-14.6761 124.919 487
-15.5063 124.919 487
-16.3365 124.919 487
-17.1667 124.919 487
-17.9969 124.919 487
-18.7498 124.406 485
-19.5766 124.406 485
-19.3517 117.993 460
-20.1359 117.993 460
-20.9656 118.25 461
-21.7515 118.25 461
-22.5373 118.25 461
-23.3232 118.25 461
-24.1091 118.25 461
-24.895 118.25 461
-25.6252 117.993 460
-26.4094 117.993 460
-27.0753 117.48 458
-27.7953 117.224 457
-28.5743 117.224 457
-29.2892 116.967 456
-29.9347 116.454 454
-30.641 116.198 453
-31.4132 116.198 453
-32.0434 115.685 451
-32.6667 115.172 449
-33.3577 114.915 448
-33.8168 113.889 444
-34.5737 113.889 444
-35.251 113.633 443
-35.9249 113.376 442
-36.5125 112.863 440
-37.2626 112.863 440
-38.0127 112.863 440
-38.7627 112.863 440
-39.5128 112.863 440
-40.2629 112.863 440
-41.013 112.863 440
-41.6682 112.607 439
-42.4166 112.607 439
-43.1649 112.607 439
-43.9133 112.607 439
-44.3565 111.837 436
-45.4101 112.607 439
-46.1585 112.607 439
-46.9069 112.607 439
-47.6553 112.607 439
-48.4036 112.607 439
-49.152 112.607 439
-49.9004 112.607 439
-58.2008 104.655 408
-58.8964 104.655 408
-59.5919 104.655 408
-60.2874 104.655 408
-61.1324 104.912 409
-61.8297 104.912 409
-62.5269 104.912 409
-63.0696 104.655 408
-63.6088 104.399 407
-64.3027 104.399 407
-64.9965 104.399 407
-65.6903 104.399 407
-66.3842 104.399 407
-67.078 104.399 407
-67.7718 104.399 407
-68.4657 104.399 407
-69.1595 104.399 407
-69.8533 104.399 407
-70.5471 104.399 407
-71.241 104.399 407
-71.9348 104.399 407
-84.2004 118.763 463
-84.9897 118.763 463
-85.779 118.763 463
-86.3813 118.506 462
-86.7915 117.993 460
-87.5757 117.993 460
-87.7836 117.224 457
-88.3689 116.967 456
-89.1463 116.967 456
-90.1209 117.224 457
-90.8999 117.224 457
-92.0802 117.737 459
-92.8627 117.737 459
-93.6452 117.737 459
-94.2219 117.48 458
-95.0027 117.48 458
-95.5743 117.224 457
-96.3534 117.224 457
-97.1325 117.224 457
-97.9116 117.224 457
-98.4747 116.967 456
-99.252 116.967 456
-100.029 116.967 456
-100.807 116.967 456
-101.584 116.967 456
-102.361 116.967 456
-103.139 116.967 456
-104.372 117.48 458
-105.153 117.48 458
-106.165 117.737 459
-106.947 117.737 459
-107.73 117.737 459
-108.276 117.48 458
-109.057 117.48 458
-109.837 117.48 458
-757.762 568.164 2215
-780.447 582.272 2270
-784.317 582.272 2270
-788.187 582.272 2270
-792.056 582.272 2270
-792.771 579.964 2261
-796.625 579.964 2261
-788.442 571.242 2227
-784.057 565.343 2204
-785.669 563.804 2198
-791.571 565.343 2204
-795.328 565.343 2204
-799.086 565.343 2204
-802.843 565.343 2204
-806.6 565.343 2204
-810.357 565.343 2204
-813.007 564.573 2201
-812.306 561.495 2189
-816.037 561.495 2189
-817.897 560.212 2184
-818.234 557.904 2175
-820.808 557.134 2172
-824.511 557.134 2172
-825.163 555.082 2164
-827.703 554.313 2161
-831.387 554.313 2161
-835.071 554.313 2161
-838.755 554.313 2161
-843.608 555.082 2164
-847.297 555.082 2164
-850.987 555.082 2164
-853.491 554.313 2161
-852.811 551.491 2150
-856.477 551.491 2150
-860.142 551.491 2150
-862.602 550.722 2147
-864.244 549.439 2142
-868.706 549.952 2144
-872.361 549.952 2144
-876.016 549.952 2144
-878.851 549.439 2142
-882.502 549.439 2142
-886.154 549.439 2142
-888.559 548.67 2139
-889.703 547.131 2133
-891.245 545.848 2128
-894.873 545.848 2128
-895.967 544.309 2122
-899.585 544.309 2122
-902.351 543.796 2120
-905.965 543.796 2120
-909.579 543.796 2120
-910.608 542.257 2114
-910.753 540.205 2106
-914.343 540.205 2106
-917.061 539.692 2104
-920.648 539.692 2104
-922.917 538.922 2101
-926.499 538.922 2101
-925.654 536.357 2091
-925.663 534.305 2083
-923.415 530.971 2070
-926.944 530.971 2070
-925.978 528.406 2060
-927.233 527.123 2055
-928.019 525.584 2049
-931.512 525.584 2049
-932.724 524.301 2044
-930.712 521.223 2032
-931.877 519.941 2027
-935.333 519.941 2027
-937.862 519.428 2025
-937.595 517.376 2017
-938.701 516.093 2012
-942.131 516.093 2012
-943.681 515.067 2008
-944.746 513.785 2003
-946.74 513.015 2000
-949.2 512.502 1998
-951.652 511.989 1996
-951.227 509.937 1988
-952.695 508.911 1984
-956.077 508.911 1984
-958.009 508.141 1981
-957.989 506.346 1974
-959.406 505.32 1970
-962.764 505.32 1970
-966.123 505.32 1970
-964.56 502.755 1960
-967.901 502.755 1960
-971.242 502.755 1960
-973.589 502.242 1958
-975.929 501.729 1956
-976.76 500.446 1951
-980.086 500.446 1951
-979.884 498.651 1944
-982.187 498.138 1942
-985.497 498.138 1942
-988.808 498.138 1942
-991.097 497.625 1940
-991.841 496.342 1935
-992.054 494.803 1929
0.272124 126.127 495
-0.571726 126.127 495
-1.41558 126.127 495
-2.25943 126.127 495
-3.08447 125.362 492
-3.91523 125.107 491
-4.75226 125.107 491
-5.58929 125.107 491
-6.41324 124.853 490
-7.23377 124.598 489
-8.06739 124.598 489
-8.88281 124.343 488
-9.71473 124.343 488
-10.5466 124.343 488
-11.3786 124.343 488
-12.2105 124.343 488
-13.0157 124.088 487
-14.6761 124.088 487
-15.5063 124.088 487
-16.3365 124.088 487
-17.1667 124.088 487
-17.9969 124.088 487
-18.7498 123.579 485
-19.5766 123.579 485
-19.3517 117.209 460
-20.1359 117.209 460
-20.9656 117.463 461
-21.7515 117.463 461
-22.5373 117.463 461
-23.3232 117.463 461
-24.1091 117.463 461
-24.895 117.463 461
-25.6252 117.209 460
-26.4094 117.209 460
-27.0753 116.699 458
-27.7953 116.444 457
-28.5743 116.444 457
-29.2892 116.189 456
-29.9347 115.68 454
-30.7086 115.68 454
-31.4826 115.68 454
-32.1144 115.17 452
-32.6667 114.406 449
-33.3577 114.151 448
-34.3401 112.367 441
-35.0919 112.367 441
-35.8437 112.367 441
-36.5955 112.367 441
-37.3473 112.367 441
-38.099 112.367 441
-38.8508 112.367 441
-39.6026 112.367 441
-40.3544 112.367 441
-41.013 112.113 440
-42.3199 111.603 438
-43.0666 111.603 438
-43.8133 111.603 438
-44.56 111.603 438
-45.5135 112.113 440
-46.2636 112.113 440
-47.0137 112.113 440
-47.7638 112.113 440
-48.5139 112.113 440
-49.264 112.113 440
-49.9004 111.858 439
-58.2008 103.959 408
-58.8964 103.959 408
-59.7379 104.214 409
-60.4352 104.214 409
-61.1324 104.214 409
-61.8297 104.214 409
-62.5269 104.214 409
-63.0696 103.959 408
-63.6088 103.704 407
-64.3027 103.704 407
-64.9965 103.704 407
-65.6903 103.704 407
-66.3842 103.704 407
-66.9132 103.449 406
-67.7718 103.704 407
-68.4657 103.704 407
-69.1595 103.704 407
-69.8533 103.704 407
-70.5471 103.704 407
-71.241 103.704 407
-71.9348 103.704 407
-84.2004 117.973 463
-84.9897 117.973 463
-85.779 117.973 463
-86.3813 117.718 462
-86.7915 117.209 460
-87.5757 117.209 460
-87.7836 116.444 457
-88.3689 116.189 456
-89.1463 116.189 456
-90.9097 117.463 461
-91.6955 117.463 461
-92.4814 117.463 461
-93.2673 117.463 461
-94.0532 117.463 461
-94.4277 116.954 459
-95.2101 116.954 459
-96.4109 117.463 461
-97.1968 117.463 461
-97.9827 117.463 461
-98.34 116.954 459
-99.1225 116.954 459
-99.905 116.954 459
-100.687 116.954 459
-101.47 116.954 459
-102.03 116.699 458
-103.035 116.954 459
-103.817 116.954 459
-105.056 117.463 461
-105.842 117.463 461
-106.627 117.463 461
-107.413 117.463 461
-108.199 117.463 461
-108.749 117.209 460
-109.533 117.209 460
-110.317 117.209 460
-757.762 564.385 2215
-780.447 578.399 2270
-784.317 578.399 2270
-788.187 578.399 2270
-792.056 578.399 2270
-790.316 574.322 2254
-794.159 574.322 2254
-785.256 565.15 2218
-781.922 560.054 2198
-785.669 560.054 2198
-791.571 561.582 2204
-795.328 561.582 2204
-799.086 561.582 2204
-802.843 561.582 2204
-806.6 561.582 2204
-810.357 561.582 2204
-813.007 560.818 2201
-812.306 557.76 2189
-816.037 557.76 2189
-817.897 556.486 2184
-818.234 554.193 2175
-820.808 553.429 2172
-824.511 553.429 2172
-825.163 551.39 2164
-827.703 550.626 2161
-831.387 550.626 2161
-836.23 551.39 2164
-839.919 551.39 2164
-844.778 552.155 2167
-848.472 552.155 2167
-852.166 552.155 2167
-855.86 552.155 2167
-854.001 548.588 2153
-856.477 547.823 2150
-860.142 547.823 2150
-863.807 547.823 2150
-865.051 546.294 2144
-868.706 546.294 2144
-872.361 546.294 2144
-876.016 546.294 2144
-879.671 546.294 2144
-883.326 546.294 2144
-886.981 546.294 2144
-889.805 545.785 2142
-890.954 544.256 2136
-892.502 542.982 2131
-896.134 542.982 2131
-898.5 542.217 2128
-900.857 541.453 2125
-904.479 541.453 2125
-908.102 541.453 2125
-910.437 540.689 2122
-910.608 538.65 2114
-913.347 538.141 2112
-916.948 538.141 2112
-917.061 536.102 2104
-920.648 536.102 2104
-922.917 535.338 2101
-926.499 535.338 2101
-926.539 533.299 2093
-926.552 531.261 2085
-923.415 527.439 2070
-926.944 527.439 2070
-925.978 524.891 2060
-927.233 523.617 2055
-928.019 522.088 2049
-931.512 522.088 2049
-931.811 520.305 2042
-928.422 516.483 2027
-931.877 516.483 2027
-935.333 516.483 2027
-936.472 515.208 2022
-936.665 513.425 2015
-937.768 512.151 2010
-941.194 512.151 2010
-942.271 510.877 2005
-943.331 509.603 2000
-945.794 509.093 1998
-949.2 509.093 1998
-950.222 507.819 1993
-950.27 506.036 1986
-952.695 505.526 1984
-956.077 505.526 1984
-957.042 504.252 1979
-957.018 502.468 1972
-959.406 501.959 1970
-962.764 501.959 1970
-966.123 501.959 1970
-964.56 499.411 1960
-967.901 499.411 1960
-971.242 499.411 1960
-973.589 498.901 1958
-975.929 498.392 1956
-976.76 497.118 1951
-980.086 497.118 1951
-979.884 495.334 1944
-982.187 494.824 1942
-985.497 494.824 1942
-988.808 494.824 1942
-991.097 494.315 1940
-991.841 493.041 1935
-992.054 491.512 1929
0.272124 125.282 495
-0.571726 125.282 495
-1.41558 125.282 495
-2.25943 125.282 495
-3.08447 124.523 492
-3.91523 124.27 491
-4.75226 124.27 491
-5.57791 124.017 490
-6.40015 123.764 489
-7.23377 123.764 489
-8.06739 123.764 489
-8.88281 123.511 488
-9.71473 123.511 488
-10.5466 123.511 488
-11.3786 123.511 488
-12.2105 123.511 488
-13.0157 123.257 487
-14.6761 123.257 487
-15.5063 123.257 487
-16.3365 123.257 487
-17.1667 123.257 487
-17.9969 123.257 487
-18.7112 122.498 484
-19.5363 122.498 484
-20.9656 116.677 461
-21.7515 116.677 461
-22.5373 116.677 461
-23.3232 116.677 461
-24.1091 116.677 461
-24.895 116.677 461
-25.6252 116.424 460
-26.4094 116.424 460
-27.0753 115.918 458
-27.7953 115.665 457
-28.5743 115.665 457
-29.2892 115.411 456
-30.0006 115.158 455
-30.7086 114.905 454
-31.4826 114.905 454
-32.1144 114.399 452
-32.6667 113.64 449
-33.3577 113.387 448
-34.3401 111.615 441
-35.0919 111.615 441
-35.8437 111.615 441
-36.5955 111.615 441
-37.3473 111.615 441
-38.099 111.615 441
-38.8508 111.615 441
-39.6026 111.615 441
-40.3544 111.615 441
-41.013 111.362 440
-42.3199 110.856 438
-43.0666 110.856 438
-43.8133 110.856 438
-44.56 110.856 438
-45.617 111.615 441
-46.3688 111.615 441
-47.1206 111.615 441
-47.8724 111.615 441
-48.5139 111.362 440
-49.264 111.362 440
-49.9004 111.109 439
-58.2008 103.263 408
-58.8964 103.263 408
-59.7379 103.516 409
-60.4352 103.516 409
-61.1324 103.516 409
-61.8297 103.516 409
-62.5269 103.516 409
-63.0696 103.263 408
-63.6088 103.01 407
-69.1595 103.01 407
-69.8533 103.01 407
-70.5471 103.01 407
-84.2004 117.183 463
-84.9897 117.183 463
-85.779 117.183 463
-86.5683 117.183 463
-86.2255 115.665 457
-87.0046 115.665 457
-87.5916 115.411 456
-88.3689 115.411 456
-89.1463 115.411 456
-90.9097 116.677 461
-91.6955 116.677 461
-92.4814 116.677 461
-93.2673 116.677 461
-94.0532 116.677 461
-94.4277 116.171 459
-95.2101 116.171 459
-96.4109 116.677 461
-97.1968 116.677 461
-97.9827 116.677 461
-98.34 116.171 459
-99.1225 116.171 459
-99.905 116.171 459
-100.687 116.171 459
-101.47 116.171 459
-102.03 115.918 458
-103.035 116.171 459
-103.817 116.171 459
-105.056 116.677 461
-105.842 116.677 461
-106.627 116.677 461
-107.413 116.677 461
-108.669 117.183 463
-109.458 117.183 463
-110.247 117.183 463
-111.037 117.183 463
-757.762 560.606 2215
-769.789 566.68 2239
-774.643 567.44 2242
-778.465 567.44 2242
-782.287 567.44 2242
-781.901 564.403 2230
-785.703 564.403 2230
-778.175 556.304 2198
-779.788 554.785 2192
-783.524 554.785 2192
-787.261 554.785 2192
-790.998 554.785 2192
-796.91 556.304 2198
-800.657 556.304 2198
-804.404 556.304 2198
-807.048 555.544 2195
-808.574 554.026 2189
-810.45 552.76 2184
-814.173 552.76 2184
-815.65 551.242 2178
-818.234 550.482 2175
-819.674 548.964 2169
-823.372 548.964 2169
-825.163 547.698 2164
-827.703 546.939 2161
-831.387 546.939 2161
-836.23 547.698 2164
-839.919 547.698 2164
-844.778 548.458 2167
-848.472 548.458 2167
-852.166 548.458 2167
-855.86 548.458 2167
-854.001 544.914 2153
-856.477 544.155 2150
-860.142 544.155 2150
-863.807 544.155 2150
-865.051 542.636 2144
-869.922 543.396 2147
-873.582 543.396 2147
-877.242 543.396 2147
-880.902 543.396 2147
-884.562 543.396 2147
-888.222 543.396 2147
-890.636 542.636 2144
-892.206 541.371 2139
-894.596 540.612 2136
-898.237 540.612 2136
-899.767 539.346 2131
-903.4 539.346 2131
-907.033 539.346 2131
-910.666 539.346 2131
-913.011 538.587 2128
-914.055 537.068 2122
-915.51 535.803 2117
-919.119 535.803 2117
-920.548 534.537 2112
-924.149 534.537 2112
-924.235 532.513 2104
-927.822 532.513 2104
-927.867 530.488 2096
-927.885 528.463 2088
-924.307 524.414 2072
-927.839 524.414 2072
-925.978 521.376 2060
-927.233 520.111 2055
-929.378 519.352 2052
-932.876 519.352 2052
-931.811 516.821 2042
-928.422 513.024 2027
-930.958 512.518 2025
-934.41 512.518 2025
-936.472 511.759 2022
-934.341 508.722 2010
-936.835 508.215 2008
-940.258 508.215 2008
-942.271 507.456 2005
-943.331 506.191 2000
-945.794 505.684 1998
-949.2 505.684 1998
-950.222 504.419 1993
-949.313 502.141 1984
-951.255 501.382 1981
-954.632 501.382 1981
-957.042 500.876 1979
-957.018 499.104 1972
-959.406 498.598 1970
-962.764 498.598 1970
-966.123 498.598 1970
-964.56 496.067 1960
-967.901 496.067 1960
-971.242 496.067 1960
-973.589 495.561 1958
-975.929 495.054 1956
-976.76 493.789 1951
-980.086 493.789 1951
-979.884 492.017 1944
-983.198 492.017 1944
-985.497 491.511 1942
-988.808 491.511 1942
-991.097 491.005 1940
-993.379 490.499 1938
-993.083 488.727 1931
-3.90726 123.181 490
-4.74258 123.181 490
-5.57791 123.181 490
-6.40015 122.929 489
-7.21898 122.678 488
-8.05089 122.678 488
-8.88281 122.678 488
-9.71473 122.678 488
-10.5466 122.678 488
-11.3786 122.678 488
-12.2105 122.678 488
-13.0157 122.427 487
-16.2694 121.924 485
-17.0962 121.924 485
-17.923 121.924 485
-18.7112 121.672 484
-19.5363 121.672 484
-21.011 116.142 462
-21.7986 116.142 462
-22.5862 116.142 462
-23.3232 115.89 461
-24.1091 115.89 461
-24.895 115.89 461
-25.6252 115.639 460
-26.4094 115.639 460
-27.0753 115.136 458
-27.7953 114.885 457
-28.5743 114.885 457
-29.2892 114.633 456
-30.0006 114.382 455
-30.7086 114.131 454
-31.4826 114.131 454
-32.1144 113.628 452
-32.6667 112.874 449
-35.0123 110.611 440
-35.8437 110.863 441
-36.5955 110.863 441
-37.3473 110.863 441
-38.099 110.863 441
-38.8508 110.863 441
-39.6026 110.863 441
-40.3544 110.863 441
-42.7716 109.354 435
-43.8133 110.108 438
-44.56 110.108 438
-45.617 110.863 441
-46.3688 110.863 441
-47.1206 110.863 441
-47.8724 110.863 441
-48.5139 110.611 440
-49.264 110.611 440
-49.9004 110.36 439
-58.2008 102.567 408
-58.8964 102.567 408
-59.7379 102.818 409
-60.4352 102.818 409
-61.1324 102.818 409
-61.8297 102.818 409
-62.5269 102.818 409
-83.5912 116.645 464
-84.3822 116.645 464
-85.1732 116.645 464
-85.779 116.393 463
-86.5683 116.393 463
-86.2255 114.885 457
-87.0046 114.885 457
-87.7836 114.885 457
-88.3689 114.633 456
-89.1463 114.633 456
-91.1069 116.142 462
-91.8945 116.142 462
-92.682 116.142 462
-93.4696 116.142 462
-94.2572 116.142 462
-94.6334 115.639 460
-95.625 115.89 461
-96.62 116.142 462
-97.4076 116.142 462
-98.1952 116.142 462
-98.9828 116.142 462
-99.7704 116.142 462
-100.558 116.142 462
-101.126 115.89 461
-101.912 115.89 461
-102.475 115.639 460
-103.484 115.89 461
-104.27 115.89 461
-105.284 116.142 462
-106.301 116.393 463
-107.09 116.393 463
-107.879 116.393 463
-108.669 116.393 463
-109.458 116.393 463
-110.247 116.393 463
-111.037 116.393 463
-757.762 556.827 2215
-766.695 560.598 2230
-770.496 560.598 2230
-774.298 560.598 2230
-764.84 551.045 2192
-768.577 551.045 2192
-772.314 551.045 2192
-770.032 546.772 2175
-774.807 547.526 2178
-780.665 549.034 2184
-786.184 550.291 2189
-789.915 550.291 2189
-794.735 551.045 2192
-798.472 551.045 2192
-802.208 551.045 2192
-804.842 550.291 2189
-807.466 549.537 2186
-808.224 547.526 2178
-811.937 547.526 2178
-814.526 546.772 2175
-815.977 545.263 2169
-818.919 544.76 2167
-822.613 544.76 2167
-825.163 544.006 2164
-827.703 543.252 2161
-831.387 543.252 2161
-836.23 544.006 2164
-839.919 544.006 2164
-844.778 544.76 2167
-848.472 544.76 2167
-852.166 544.76 2167
-855.86 544.76 2167
-854.795 541.744 2155
-857.672 541.241 2153
-861.342 541.241 2153
-865.012 541.241 2153
-865.051 538.979 2144
-869.922 539.733 2147
-873.582 539.733 2147
-877.242 539.733 2147
-880.902 539.733 2147
-884.562 539.733 2147
-888.222 539.733 2147
-890.636 538.979 2144
-892.206 537.722 2139
-894.596 536.967 2136
-898.237 536.967 2136
-899.767 535.71 2131
-903.4 535.71 2131
-907.033 535.71 2131
-910.666 535.71 2131
-913.011 534.956 2128
-914.055 533.448 2122
-915.51 532.191 2117
-919.119 532.191 2117
-920.548 530.934 2112
-924.149 530.934 2112
-924.235 528.923 2104
-927.822 528.923 2104
-927.867 526.912 2096
-927.885 524.901 2088
-924.307 520.878 2072
-927.839 520.878 2072
-926.877 518.365 2062
-929.489 517.862 2060
-929.378 515.851 2052
-932.876 515.851 2052
-932.724 513.84 2044
-928.422 509.566 2027
-930.958 509.063 2025
-934.41 509.063 2025
-936.472 508.309 2022
-934.341 505.292 2010
-936.835 504.79 2008
-940.258 504.79 2008
-942.271 504.035 2005
-943.331 502.778 2000
-945.794 502.276 1998
-949.2 502.276 1998
-950.222 501.019 1993
-949.313 498.756 1984
-951.255 498.002 1981
-954.632 498.002 1981
-957.042 497.499 1979
-957.989 496.242 1974
-959.406 495.237 1970
-962.764 495.237 1970
-966.123 495.237 1970
-966.036 493.477 1963
-967.901 492.723 1960
-971.242 492.723 1960
-974.584 492.723 1960
-976.927 492.22 1958
-976.76 490.46 1951
-980.086 490.46 1951
-981.396 489.455 1947
-983.198 488.701 1944
-986.512 488.701 1944
-989.826 488.701 1944
-992.118 488.198 1942
-994.404 487.695 1940
-993.083 485.433 1931
-3.90726 122.345 490
-4.74258 122.345 490
-5.57791 122.345 490
-6.40015 122.095 489
-7.21898 121.845 488
-8.05089 121.845 488
-8.88281 121.845 488
-9.71473 121.845 488
-10.5466 121.845 488
-11.3786 121.845 488
-12.2105 121.845 488
-13.0157 121.596 487
-17.061 120.847 484
-17.8861 120.847 484
-18.7112 120.847 484
-19.5363 120.847 484
-20.3193 120.597 483
-21.1427 120.597 483
-21.011 115.354 462
-21.7986 115.354 462
-22.5862 115.354 462
-23.3738 115.354 462
-24.1091 115.104 461
-24.895 115.104 461
-25.6809 115.104 461
-26.4094 114.854 460
-27.0753 114.355 458
-27.7953 114.105 457
-28.5743 114.105 457
-29.2892 113.856 456
-30.0006 113.606 455
-30.7086 113.356 454
-31.4826 113.356 454
-32.1144 112.857 452
-32.6667 112.108 449
-35.8437 110.11 441
-36.5955 110.11 441
-37.3473 110.11 441
-38.099 110.11 441
-38.8508 110.11 441
-39.6026 110.11 441
-40.3544 110.11 441
-42.7716 108.612 435
-43.8133 109.361 438
-44.56 109.361 438
-45.617 110.11 441
-46.3688 110.11 441
-47.1206 110.11 441
-47.8724 110.11 441
-48.5139 109.861 440
-49.264 109.861 440
-59.7379 102.12 409
-60.4352 102.12 409
-61.1324 102.12 409
-61.8297 102.12 409
-62.5269 102.12 409
-83.5912 115.853 464
-84.3822 115.853 464
-85.1732 115.853 464
-85.779 115.603 463
-86.5683 115.603 463
-86.2255 114.105 457
-87.0046 114.105 457
-87.7836 114.105 457
-88.3689 113.856 456
-89.7328 114.605 459
-91.1069 115.354 462
-91.8945 115.354 462
-92.682 115.354 462
-93.4696 115.354 462
-94.2572 115.354 462
-94.8391 115.104 461
-95.8324 115.354 462
-96.62 115.354 462
-97.4076 115.354 462
-98.1952 115.354 462
-98.9828 115.354 462
-99.7704 115.354 462
-100.558 115.354 462
-101.346 115.354 462
-102.133 115.354 462
-102.698 115.104 461
-103.708 115.354 462
-104.496 115.354 462
-105.284 115.354 462
-106.301 115.603 463
-107.09 115.603 463
-107.879 115.603 463
-108.669 115.603 463
-109.458 115.603 463
-110.247 115.603 463
-111.037 115.603 463
-757.762 553.048 2215
-766.695 556.793 2230
-770.496 556.793 2230
-774.298 556.793 2230
-764.84 547.305 2192
-768.577 547.305 2192
-772.314 547.305 2192
-770.032 543.061 2175
-774.807 543.81 2178
-780.665 545.308 2184
-784.388 545.308 2184
-788.111 545.308 2184
-781.32 538.067 2155
-786.087 538.816 2158
-789.766 538.816 2158
-793.444 538.816 2158
-797.123 538.816 2158
-800.802 538.816 2158
-806.718 540.314 2164
-810.407 540.314 2164
-814.096 540.314 2164
-817.785 540.314 2164
-821.474 540.314 2164
-824.019 539.565 2161
-826.554 538.816 2158
-830.233 538.816 2158
-835.071 539.565 2161
-838.755 539.565 2161
-843.608 540.314 2164
-847.297 540.314 2164
-850.987 540.314 2164
-853.491 539.565 2161
-854.795 538.067 2155
-858.468 538.067 2155
-862.142 538.067 2155
-865.816 538.067 2155
-865.051 535.321 2144
-869.922 536.07 2147
-874.803 536.819 2150
-878.468 536.819 2150
-884.185 538.067 2155
-887.858 538.067 2155
-891.532 538.067 2155
-891.882 536.07 2147
-893.457 534.821 2142
-894.596 533.323 2136
-898.237 533.323 2136
-901.878 533.323 2136
-905.52 533.323 2136
-907.884 532.574 2133
-911.52 532.574 2133
-915.157 532.574 2133
-916.639 531.326 2128
-917.672 529.828 2122
-921.289 529.828 2122
-922.728 528.579 2117
-925.024 527.83 2114
-926.431 526.582 2109
-930.027 526.582 2109
-930.081 524.584 2101
-930.107 522.587 2093
-924.307 517.343 2072
-927.839 517.343 2072
-926.877 514.847 2062
-929.489 514.347 2060
-929.378 512.35 2052
-932.876 512.35 2052
-932.724 510.352 2044
-927.505 505.608 2025
-930.958 505.608 2025
-934.41 505.608 2025
-936.472 504.859 2022
-934.341 501.863 2010
-936.835 501.364 2008
-940.258 501.364 2008
-942.271 500.615 2005
-942.387 498.867 1998
-944.847 498.368 1996
-948.249 498.368 1996
-950.222 497.618 1993
-949.313 495.371 1984
-951.255 494.622 1981
-954.632 494.622 1981
-956.074 493.624 1977
-957.989 492.874 1974
-959.406 491.876 1970
-962.764 491.876 1970
-966.123 491.876 1970
-966.036 490.128 1963
-967.901 489.379 1960
-971.242 489.379 1960
-974.584 489.379 1960
-976.927 488.88 1958
-976.76 487.132 1951
-980.086 487.132 1951
-981.396 486.133 1947
-983.198 485.384 1944
-986.512 485.384 1944
-989.826 485.384 1944
-992.118 484.885 1942
-994.404 484.385 1940
-993.083 482.138 1931
-3.90726 121.509 490
-4.74258 121.509 490
-5.57791 121.509 490
-6.40015 121.261 489
-7.21898 121.013 488
-8.05089 121.013 488
-8.86461 120.765 487
-9.69482 120.765 487
-10.5466 121.013 488
-11.3786 121.013 488
-12.2105 121.013 488
-13.0157 120.765 487
-16.2359 120.021 484
-17.061 120.021 484
-17.8861 120.021 484
-18.7112 120.021 484
-19.5363 120.021 484
-20.3193 119.773 483
-21.1427 119.773 483
-21.0565 114.813 463
-21.8458 114.813 463
-22.6351 114.813 463
-23.4244 114.813 463
-24.1614 114.565 462
-24.949 114.565 462
-25.6809 114.317 461
-26.4668 114.317 461
-27.1344 113.821 459
-27.9169 113.821 459
-28.6369 113.573 458
-29.2892 113.078 456
-30.0006 112.83 455
-30.7763 112.83 455
-31.5519 112.83 455
-32.1144 112.086 452
-32.7395 111.59 450
-35.8437 109.358 441
-36.5955 109.358 441
-37.3473 109.358 441
-38.099 109.358 441
-45.617 109.358 441
-46.3688 109.358 441
-47.1206 109.358 441
-47.8724 109.358 441
-48.5139 109.11 440
-49.264 109.11 440
-50.0141 109.11 440
-52.6207 109.854 443
-53.3759 109.854 443
-54.1311 109.854 443
-54.8863 109.854 443
-55.6415 109.854 443
-83.5912 115.061 464
-84.3822 115.061 464
-85.1732 115.061 464
-85.779 114.813 463
-86.0074 114.069 460
-86.2255 113.325 457
-87.0046 113.325 457
-87.7836 113.325 457
-88.9503 113.821 459
-90.1238 114.317 461
-91.1069 114.565 462
-92.0934 114.813 463
-92.8827 114.813 463
-93.672 114.813 463
-94.4613 114.813 463
-94.8391 114.317 461
-95.8324 114.565 462
-96.62 114.565 462
-97.4076 114.565 462
-98.1952 114.565 462
-98.9828 114.565 462
-99.9863 114.813 463
-100.776 114.813 463
-101.565 114.813 463
-102.354 114.813 463
-103.144 114.813 463
-103.708 114.565 462
-104.496 114.565 462
-105.511 114.813 463
-106.53 115.061 464
-107.321 115.061 464
-108.112 115.061 464
-108.669 114.813 463
-109.458 114.813 463
-110.247 114.813 463
-753.63 543.566 2192
-757.367 543.566 2192
-761.104 543.566 2192
-751.93 534.391 2155
-749.994 530.423 2139
-753.64 530.423 2139
-757.287 530.423 2139
-760.933 530.423 2139
-767.439 532.407 2147
-773.254 533.895 2153
-776.925 533.895 2153
-781.32 534.391 2155
-786.087 535.134 2158
-789.766 535.134 2158
-793.444 535.134 2158
-797.123 535.134 2158
-800.802 535.134 2158
-806.718 536.622 2164
-810.407 536.622 2164
-814.096 536.622 2164
-817.785 536.622 2164
-821.474 536.622 2164
-824.019 535.878 2161
-826.554 535.134 2158
-830.233 535.134 2158
-835.071 535.878 2161
-838.755 535.878 2161
-843.608 536.622 2164
-847.297 536.622 2164
-850.987 536.622 2164
-853.491 535.878 2161
-854.795 534.391 2155
-858.468 534.391 2155
-862.142 534.391 2155
-865.816 534.391 2155
-868.683 533.895 2153
-871.137 533.151 2150
-876.837 534.391 2155
-880.511 534.391 2155
-886.646 535.878 2161
-890.33 535.878 2161
-894.014 535.878 2161
-895.206 534.391 2155
-894.291 531.663 2144
-895.852 530.423 2139
-899.499 530.423 2139
-901.878 529.679 2136
-905.52 529.679 2136
-909.161 529.679 2136
-912.802 529.679 2136
-916.444 529.679 2136
-916.639 527.695 2128
-920.267 527.695 2128
-923.894 527.695 2128
-924.035 525.711 2120
-926.337 524.967 2117
-926.431 522.984 2109
-930.027 522.984 2109
-930.081 521 2101
-931.44 519.76 2096
-925.645 514.552 2075
-929.183 514.552 2075
-928.225 512.073 2065
-929.489 510.833 2060
-933.001 510.833 2060
-936.513 510.833 2060
-932.724 506.865 2044
-927.505 502.154 2025
-930.958 502.154 2025
-934.41 502.154 2025
-936.472 501.41 2022
-934.341 498.434 2010
-935.435 497.194 2005
-938.853 497.194 2005
-941.331 496.698 2003
-941.444 494.962 1996
-943.427 494.218 1993
-946.824 494.218 1993
-947.838 492.978 1988
-949.313 491.986 1984
-951.255 491.242 1981
-954.632 491.242 1981
-956.074 490.251 1977
-957.989 489.507 1974
-960.38 489.011 1972
-963.742 489.011 1972
-966.123 488.515 1970
-966.036 486.779 1963
-967.901 486.035 1960
-971.242 486.035 1960
-974.584 486.035 1960
-976.927 485.539 1958
-976.76 483.803 1951
-980.086 483.803 1951
-981.396 482.811 1947
-983.198 482.067 1944
-986.512 482.067 1944
-989.826 482.067 1944
-992.118 481.571 1942
-994.404 481.075 1940
-993.083 478.844 1931
-3.90726 120.673 490
-4.74258 120.673 490
-5.57791 120.673 490
-6.40015 120.426 489
-7.21898 120.18 488
-8.05089 120.18 488
-8.86461 119.934 487
-9.69482 119.934 487
-10.525 119.934 487
-11.3552 119.934 487
-12.1855 119.934 487
-12.9622 119.441 485
-16.2359 119.195 484
-17.061 119.195 484
-17.8861 119.195 484
-18.6725 118.949 483
-19.4959 118.949 483
-20.3193 118.949 483
-21.1427 118.949 483
-21.0565 114.023 463
-21.8458 114.023 463
-22.6351 114.023 463
-23.4244 114.023 463
-24.1614 113.777 462
-24.949 113.777 462
-25.6809 113.531 461
-26.4668 113.531 461
-27.1344 113.038 459
-27.9169 113.038 459
-28.6369 112.792 458
-29.2892 112.3 456
-30.0665 112.3 456
-30.7763 112.053 455
-31.5519 112.053 455
-32.1855 111.561 453
-32.885 111.314 452
-35.8437 108.605 441
-36.5955 108.605 441
-37.3473 108.605 441
-38.099 108.605 441
-45.617 108.605 441
-46.3688 108.605 441
-47.1206 108.605 441
-47.7638 108.359 440
-48.5139 108.359 440
-49.3759 108.605 441
-50.1277 108.605 441
-50.8795 108.605 441
-51.7484 108.852 442
-52.6207 109.098 443
-53.3759 109.098 443
-54.1311 109.098 443
-54.8863 109.098 443
-55.6415 109.098 443
-83.8367 113.531 461
-84.6225 113.531 461
-85.4084 113.531 461
-86.0074 113.285 460
-86.2255 112.546 457
-87.0046 112.546 457
-87.7836 112.546 457
-88.9503 113.038 459
-90.1238 113.531 461
-91.1069 113.777 462
-92.0934 114.023 463
-92.8827 114.023 463
-93.672 114.023 463
-94.4613 114.023 463
-94.8391 113.531 461
-95.8324 113.777 462
-96.62 113.777 462
-97.4076 113.777 462
-98.1952 113.777 462
-98.9828 113.777 462
-99.9863 114.023 463
-100.776 114.023 463
-101.565 114.023 463
-102.354 114.023 463
-103.144 114.023 463
-103.708 113.777 462
-104.496 113.777 462
-105.511 114.023 463
-106.53 114.27 464
-107.321 114.27 464
-108.112 114.27 464
-108.669 114.023 463
-109.458 114.023 463
-110.247 114.023 463
-735.254 524.065 2128
-738.882 524.065 2128
-742.509 524.065 2128
-746.137 524.065 2128
-751.526 525.296 2133
-755.163 525.296 2133
-758.799 525.296 2133
-764.58 526.773 2139
-770.022 528.005 2144
-773.677 528.005 2144
-779.507 529.482 2150
-784.265 530.221 2153
-787.936 530.221 2153
-791.606 530.221 2153
-795.276 530.221 2153
-799.689 530.714 2155
-804.481 531.453 2158
-808.16 531.453 2158
-811.839 531.453 2158
-815.517 531.453 2158
-819.196 531.453 2158
-822.875 531.453 2158
-825.405 530.714 2155
-829.079 530.714 2155
-835.071 532.191 2161
-838.755 532.191 2161
-842.439 532.191 2161
-846.123 532.191 2161
-849.807 532.191 2161
-853.491 532.191 2161
-854.795 530.714 2155
-858.468 530.714 2155
-862.142 530.714 2155
-865.816 530.714 2155
-868.683 530.221 2153
-872.353 530.221 2153
-879.278 532.191 2161
-882.962 532.191 2161
-887.877 532.93 2164
-891.566 532.93 2164
-895.255 532.93 2164
-898.944 532.93 2164
-895.543 528.744 2147
-895.852 526.773 2139
-899.499 526.773 2139
-901.878 526.035 2136
-905.52 526.035 2136
-909.161 526.035 2136
-912.802 526.035 2136
-916.444 526.035 2136
-916.639 524.065 2128
-920.267 524.065 2128
-923.894 524.065 2128
-924.035 522.094 2120
-926.337 521.356 2117
-926.431 519.385 2109
-930.027 519.385 2109
-931.409 518.154 2104
-932.329 516.676 2098
-925.645 511.012 2075
-929.183 511.012 2075
-928.225 508.549 2065
-929.489 507.318 2060
-933.001 507.318 2060
-936.513 507.318 2060
-932.724 503.378 2044
-926.131 497.96 2022
-929.578 497.96 2022
-933.025 497.96 2022
-935.546 497.467 2020
-934.341 495.005 2010
-935.435 493.773 2005
-938.853 493.773 2005
-941.331 493.281 2003
-941.444 491.557 1996
-942.48 490.325 1991
-945.874 490.325 1991
-947.838 489.587 1988
-949.313 488.601 1984
-950.294 487.37 1979
-953.668 487.37 1979
-956.074 486.878 1977
-957.018 485.646 1972
-960.38 485.646 1972
-963.742 485.646 1972
-966.123 485.154 1970
-966.036 483.43 1963
-967.901 482.691 1960
-971.242 482.691 1960
-974.584 482.691 1960
-976.927 482.198 1958
-976.76 480.475 1951
-980.086 480.475 1951
-981.396 479.49 1947
-983.198 478.751 1944
-986.512 478.751 1944
-989.826 478.751 1944
-992.118 478.258 1942
-994.404 477.766 1940
-993.083 475.549 1931
-3.06566 119.592 489
-3.89928 119.592 489
-4.7329 119.592 489
-5.56653 119.592 489
-6.38706 119.348 488
-7.20418 119.103 487
-8.0344 119.103 487
-8.86461 119.103 487
-9.67491 118.858 486
-10.5034 118.858 486
-11.3319 118.858 486
-12.1604 118.858 486
-12.9622 118.614 485
-13.7606 118.369 484
-14.5857 118.369 484
-15.4108 118.369 484
-16.2359 118.369 484
-17.061 118.369 484
-17.8861 118.369 484
-18.6725 118.125 483
-19.4959 118.125 483
-19.4779 113.234 463
-20.2672 113.234 463
-21.0565 113.234 463
-21.8458 113.234 463
-22.6351 113.234 463
-23.4244 113.234 463
-24.1614 112.989 462
-24.949 112.989 462
-25.6809 112.744 461
-26.4668 112.744 461
-27.1344 112.255 459
-27.9169 112.255 459
-28.6369 112.011 458
-29.3534 111.766 457
-30.0665 111.522 456
-30.7763 111.277 455
-31.5519 111.277 455
-32.1855 110.788 453
-32.885 110.543 452
-46.2636 107.609 440
-47.0137 107.609 440
-47.7638 107.609 440
-48.5139 107.609 440
-49.3759 107.853 441
-50.1277 107.853 441
-50.9949 108.098 442
-51.8655 108.342 443
-52.6207 108.342 443
-53.3759 108.342 443
-54.1311 108.342 443
-54.8863 108.342 443
-55.6415 108.342 443
-56.3967 108.342 443
-83.8367 112.744 461
-84.6225 112.744 461
-85.4084 112.744 461
-86.0074 112.5 460
-86.2255 111.766 457
-87.3853 112.255 459
-88.1678 112.255 459
-89.3379 112.744 461
-90.7103 113.478 464
-91.5013 113.478 464
-92.2923 113.478 464
-93.0833 113.478 464
-93.8743 113.478 464
-94.4613 113.234 463
-95.2505 113.234 463
-95.8324 112.989 462
-96.62 112.989 462
-97.4076 112.989 462
-98.1952 112.989 462
-99.197 113.234 463
-99.9863 113.234 463
-100.776 113.234 463
-101.565 113.234 463
-102.354 113.234 463
-103.144 113.234 463
-103.933 113.234 463
-104.722 113.234 463
-105.739 113.478 464
-106.53 113.478 464
-107.321 113.478 464
-108.112 113.478 464
-108.669 113.234 463
-109.458 113.234 463
-110.247 113.234 463
-728.876 518.477 2120
-732.49 518.477 2120
-736.104 518.477 2120
-739.718 518.477 2120
-743.332 518.477 2120
-750.822 521.168 2131
-754.455 521.168 2131
-758.087 521.168 2131
-764.58 523.124 2139
-770.022 524.347 2144
-773.677 524.347 2144
-780.595 526.548 2153
-784.265 526.548 2153
-787.936 526.548 2153
-791.606 526.548 2153
-794.168 525.814 2150
-797.833 525.814 2150
-803.362 527.037 2155
-807.036 527.037 2155
-811.839 527.771 2158
-816.651 528.505 2161
-820.335 528.505 2161
-824.019 528.505 2161
-826.554 527.771 2158
-831.387 528.505 2161
-836.23 529.238 2164
-839.919 529.238 2164
-843.608 529.238 2164
-847.297 529.238 2164
-850.987 529.238 2164
-853.491 528.505 2161
-854.795 527.037 2155
-858.468 527.037 2155
-862.142 527.037 2155
-865.816 527.037 2155
-868.683 526.548 2153
-872.353 526.548 2153
-879.278 528.505 2161
-882.962 528.505 2161
-887.877 529.238 2164
-891.566 529.238 2164
-895.255 529.238 2164
-898.944 529.238 2164
-895.543 525.081 2147
-895.852 523.124 2139
-899.499 523.124 2139
-901.878 522.39 2136
-905.52 522.39 2136
-909.161 522.39 2136
-912.802 522.39 2136
-916.444 522.39 2136
-916.639 520.434 2128
-920.267 520.434 2128
-923.894 520.434 2128
-924.035 518.477 2120
-926.337 517.744 2117
-925.114 515.054 2106
-928.704 515.054 2106
-931.409 514.564 2104
-932.329 513.097 2098
-925.645 507.472 2075
-929.183 507.472 2075
-928.225 505.026 2065
-929.489 503.803 2060
-933.001 503.803 2060
-936.513 503.803 2060
-932.724 499.891 2044
-926.131 494.51 2022
-929.578 494.51 2022
-933.025 494.51 2022
-935.546 494.021 2020
-934.341 491.575 2010
-935.435 490.352 2005
-938.853 490.352 2005
-941.331 489.863 2003
-941.444 488.151 1996
-942.48 486.929 1991
-945.874 486.929 1991
-947.838 486.195 1988
-949.313 485.217 1984
-950.294 483.994 1979
-953.668 483.994 1979
-956.074 483.505 1977
-957.018 482.282 1972
-960.38 482.282 1972
-963.742 482.282 1972
-966.123 481.793 1970
-966.036 480.081 1963
-967.901 479.347 1960
-971.242 479.347 1960
-973.589 478.858 1958
-975.929 478.369 1956
-976.76 477.146 1951
-980.086 477.146 1951
-979.884 475.434 1944
-983.198 475.434 1944
-985.497 474.945 1942
-988.808 474.945 1942
-992.118 474.945 1942
-993.379 473.967 1938
-992.054 471.766 1929
-3.06566 118.758 489
-3.89928 118.758 489
-4.7329 118.758 489
-5.56653 118.758 489
-6.38706 118.515 488
-7.20418 118.272 487
-8.0344 118.272 487
-8.86461 118.272 487
-9.67491 118.029 486
-10.4818 117.786 485
-11.3086 117.786 485
-12.1354 117.786 485
-12.9355 117.544 484
-13.7606 117.544 484
-14.5857 117.544 484
-15.4108 117.544 484
-16.2359 117.544 484
-17.061 117.544 484
-17.8861 117.544 484
-18.6725 117.301 483
-19.4555 117.058 482
-19.4779 112.444 463
-20.2672 112.444 463
-21.0565 112.444 463
-21.8458 112.444 463
-22.6351 112.444 463
-23.4244 112.444 463
-24.1614 112.201 462
-24.949 112.201 462
-25.6809 111.958 461
-26.4668 111.958 461
-27.1344 111.472 459
-27.9169 111.472 459
-28.6369 111.229 458
-29.3534 110.986 457
-30.0665 110.744 456
-30.7763 110.501 455
-31.5519 110.501 455
-32.2565 110.258 454
-32.9577 110.015 453
-46.2636 106.858 440
-47.0137 106.858 440
-47.7638 106.858 440
-48.5139 106.858 440
-49.3759 107.101 441
-50.1277 107.101 441
-50.9949 107.344 442
-51.8655 107.586 443
-52.6207 107.586 443
-53.3759 107.586 443
-54.1311 107.586 443
-54.8863 107.586 443
-55.6415 107.586 443
-56.3967 107.586 443
-83.8367 111.958 461
-84.6225 111.958 461
-85.4084 111.958 461
-86.0074 111.715 460
-86.4142 111.229 458
-87.3853 111.472 459
-88.7441 112.201 462
-89.7255 112.444 463
-90.7103 112.686 464
-91.5013 112.686 464
-92.2923 112.686 464
-93.0833 112.686 464
-93.8743 112.686 464
-94.4613 112.444 463
-95.2505 112.444 463
-96.0398 112.444 463
-96.8291 112.444 463
-97.6184 112.444 463
-98.4077 112.444 463
-99.197 112.444 463
-100.202 112.686 464
-100.993 112.686 464
-101.784 112.686 464
-102.575 112.686 464
-103.366 112.686 464
-103.933 112.444 463
-104.948 112.686 464
-105.739 112.686 464
-106.53 112.686 464
-107.321 112.686 464
-108.112 112.686 464
-108.903 112.686 464
-109.694 112.686 464
-110.247 112.444 463
-724.235 514.132 2117
-728.876 514.86 2120
-732.49 514.86 2120
-736.104 514.86 2120
-739.718 514.86 2120
-743.332 514.86 2120
-750.822 517.532 2131
-754.455 517.532 2131
-758.087 517.532 2131
-764.58 519.475 2139
-772.177 522.146 2150
-775.842 522.146 2150
-780.595 522.875 2153
-784.265 522.875 2153
-787.936 522.875 2153
-791.606 522.875 2153
-795.276 522.875 2153
-797.833 522.146 2150
-803.362 523.361 2155
-807.036 523.361 2155
-814.096 525.546 2164
-817.785 525.546 2164
-821.474 525.546 2164
-825.163 525.546 2164
-828.852 525.546 2164
-833.695 526.275 2167
-837.389 526.275 2167
-841.084 526.275 2167
-844.778 526.275 2167
-848.472 526.275 2167
-852.166 526.275 2167
-855.86 526.275 2167
-855.985 524.089 2158
-859.664 524.089 2158
-863.342 524.089 2158
-867.021 524.089 2158
-868.683 522.875 2153
-873.163 523.361 2155
-879.278 524.818 2161
-882.962 524.818 2161
-887.877 525.546 2164
-891.566 525.546 2164
-895.255 525.546 2164
-898.944 525.546 2164
-895.543 521.418 2147
-897.109 520.203 2142
-900.76 520.203 2142
-901.878 518.746 2136
-905.52 518.746 2136
-909.161 518.746 2136
-912.802 518.746 2136
-916.444 518.746 2136
-916.639 516.803 2128
-920.267 516.803 2128
-923.894 516.803 2128
-924.035 514.86 2120
-926.337 514.132 2117
-925.114 511.46 2106
-928.704 511.46 2106
-931.409 510.975 2104
-932.329 509.518 2098
-925.645 503.932 2075
-929.183 503.932 2075
-928.225 501.503 2065
-929.489 500.289 2060
-929.378 498.346 2052
-932.876 498.346 2052
-931.811 495.917 2042
-926.131 491.06 2022
-928.659 490.575 2020
-932.102 490.575 2020
-934.157 489.846 2017
-934.341 488.146 2010
-934.502 486.446 2003
-937.917 486.446 2003
-938.981 485.232 1998
-940.029 484.017 1993
-941.06 482.803 1988
-944.449 482.803 1988
-945.931 481.832 1984
-946.921 480.617 1979
-949.334 480.132 1977
-952.704 480.132 1977
-953.656 478.917 1972
-957.018 478.917 1972
-959.406 478.432 1970
-962.764 478.432 1970
-963.671 477.217 1965
-964.56 476.003 1960
-967.901 476.003 1960
-971.242 476.003 1960
-973.589 475.517 1958
-975.929 475.032 1956
-976.76 473.817 1951
-980.086 473.817 1951
-979.884 472.117 1944
-983.198 472.117 1944
-985.497 471.632 1942
-988.808 471.632 1942
-992.118 471.632 1942
-993.379 470.66 1938
-992.054 468.474 1929
-3.06566 117.924 489
-3.89928 117.924 489
-4.7329 117.924 489
-5.56653 117.924 489
-6.38706 117.682 488
-7.20418 117.441 487
-8.0344 117.441 487
-8.8282 116.959 485
-9.65501 116.959 485
-10.4818 116.959 485
-11.3086 116.959 485
-12.1354 116.959 485
-12.9355 116.718 484
-13.7606 116.718 484
-14.5857 116.718 484
-15.4108 116.718 484
-16.2359 116.718 484
-17.061 116.718 484
-17.8861 116.718 484
-18.6725 116.477 483
-19.4555 116.236 482
-19.4779 111.654 463
-20.2672 111.654 463
-21.0565 111.654 463
-21.8458 111.654 463
-22.6351 111.654 463
-23.4244 111.654 463
-24.1614 111.413 462
-24.949 111.413 462
-25.6809 111.171 461
-26.4668 111.171 461
-27.1344 110.689 459
-27.9169 110.689 459
-28.6369 110.448 458
-29.3534 110.207 457
-30.0665 109.966 456
-30.7763 109.724 455
-31.5519 109.724 455
-32.2565 109.483 454
-32.9577 109.242 453
-47.7638 106.107 440
-48.6242 106.348 441
-49.3759 106.348 441
-50.1277 106.348 441
-50.9949 106.589 442
-51.8655 106.831 443
-52.6207 106.831 443
-53.3759 106.831 443
-54.1311 106.831 443
-54.8863 106.831 443
-55.6415 106.831 443
-56.3967 106.831 443
-84.0719 110.448 458
-84.8526 110.448 458
-85.6334 110.448 458
-86.4142 110.448 458
-87.3853 110.689 459
-88.7441 111.413 462
-89.7255 111.654 463
-90.7103 111.895 464
-91.5013 111.895 464
-92.2923 111.895 464
-93.0833 111.895 464
-93.8743 111.895 464
-94.4613 111.654 463
-95.2505 111.654 463
-96.0398 111.654 463
-96.8291 111.654 463
-97.6184 111.654 463
-98.4077 111.654 463
-99.197 111.654 463
-100.202 111.895 464
-100.993 111.895 464
-101.784 111.895 464
-102.575 111.895 464
-103.366 111.895 464
-103.933 111.654 463
-104.948 111.895 464
-105.739 111.895 464
-106.53 111.895 464
-107.321 111.895 464
-108.112 111.895 464
-108.903 111.895 464
-109.694 111.895 464
-110.247 111.654 463
-724.235 510.52 2117
-728.876 511.243 2120
-732.49 511.243 2120
-736.104 511.243 2120
-737.624 509.797 2114
-741.228 509.797 2114
-749.765 513.173 2128
-753.392 513.173 2128
-758.087 513.896 2131
-764.58 515.825 2139
-772.177 518.478 2150
-775.842 518.478 2150
-780.595 519.202 2153
-784.265 519.202 2153
-787.936 519.202 2153
-791.606 519.202 2153
-795.276 519.202 2153
-797.833 518.478 2150
-803.362 519.684 2155
-807.036 519.684 2155
-814.096 521.854 2164
-817.785 521.854 2164
-821.474 521.854 2164
-825.163 521.854 2164
-828.852 521.854 2164
-833.695 522.578 2167
-837.389 522.578 2167
-841.084 522.578 2167
-844.778 522.578 2167
-848.472 522.578 2167
-852.166 522.578 2167
-855.86 522.578 2167
-855.985 520.407 2158
-859.664 520.407 2158
-863.342 520.407 2158
-867.021 520.407 2158
-870.7 520.407 2158
-874.379 520.407 2158
-880.499 521.854 2164
-884.188 521.854 2164
-889.108 522.578 2167
-892.802 522.578 2167
-896.496 522.578 2167
-900.191 522.578 2167
-896.794 518.478 2150
-897.109 516.549 2142
-900.76 516.549 2142
-901.878 515.102 2136
-904.248 514.379 2133
-907.884 514.379 2133
-911.52 514.379 2133
-915.157 514.379 2133
-916.639 513.173 2128
-920.267 513.173 2128
-923.894 513.173 2128
-922.728 510.52 2117
-926.337 510.52 2117
-924.235 507.385 2104
-927.822 507.385 2104
-930.081 506.662 2101
-930.107 504.732 2093
-925.645 500.392 2075
-929.183 500.392 2075
-925.978 496.774 2060
-925.88 494.845 2052
-924.849 492.434 2042
-928.33 492.434 2042
-922.684 487.611 2022
-921.551 485.199 2012
-924.062 484.717 2010
-927.488 484.717 2010
-929.988 484.234 2008
-931.087 483.029 2003
-932.169 481.823 1998
-935.575 481.823 1998
-935.692 480.135 1991
-936.727 478.929 1986
-937.746 477.723 1981
-941.123 477.723 1981
-943.547 477.241 1979
-945.964 476.759 1977
-946.933 475.553 1972
-950.295 475.553 1972
-952.689 475.071 1970
-954.592 474.347 1967
-956.971 473.865 1965
-960.321 473.865 1965
-962.69 473.383 1963
-964.56 472.659 1960
-966.913 472.177 1958
-970.251 472.177 1958
-972.595 471.694 1956
-975.929 471.694 1956
-976.76 470.489 1951
-980.086 470.489 1951
-979.884 468.801 1944
-982.187 468.318 1942
-984.482 467.836 1940
-987.789 467.836 1940
-991.097 467.836 1940
-991.841 466.63 1935
-992.054 465.183 1929
-3.06566 117.089 489
-3.89928 117.089 489
-4.7329 117.089 489
-5.55514 116.85 488
-6.38706 116.85 488
-7.20418 116.61 487
-8.0344 116.61 487
-8.8282 116.132 485
-9.65501 116.132 485
-10.4818 116.132 485
-11.3086 116.132 485
-12.1354 116.132 485
-12.9355 115.892 484
-13.7606 115.892 484
-14.5857 115.892 484
-15.4108 115.892 484
-16.2359 115.892 484
-17.061 115.892 484
-17.8861 115.892 484
-18.6725 115.653 483
-19.4555 115.413 482
-19.4779 110.864 463
-20.2672 110.864 463
-21.0565 110.864 463
-21.8458 110.864 463
-22.6351 110.864 463
-23.4244 110.864 463
-24.1614 110.624 462
-24.949 110.624 462
-25.6809 110.385 461
-26.4094 110.145 460
-27.1344 109.906 459
-27.9169 109.906 459
-28.5743 109.427 457
-29.3534 109.427 457
-30.0665 109.188 456
-30.8439 109.188 456
-31.6213 109.188 456
-32.2565 108.709 454
-32.9577 108.469 453
-47.7638 105.356 440
-48.6242 105.596 441
-49.3759 105.596 441
-50.1277 105.596 441
-50.9949 105.835 442
-51.7484 105.835 442
-52.6207 106.075 443
-53.3759 106.075 443
-54.1311 106.075 443
-54.8863 106.075 443
-55.6415 106.075 443
-56.3967 106.075 443
-57.0229 105.835 442
-83.8367 110.385 461
-84.6225 110.385 461
-85.4084 110.385 461
-86.0074 110.145 460
-86.7915 110.145 460
-87.5757 110.145 460
-88.9362 110.864 463
-89.7255 110.864 463
-90.7103 111.103 464
-91.5013 111.103 464
-92.2923 111.103 464
-93.0833 111.103 464
-93.8743 111.103 464
-94.4613 110.864 463
-95.2505 110.864 463
-96.0398 110.864 463
-96.8291 110.864 463
-97.6184 110.864 463
-98.4077 110.864 463
-99.197 110.864 463
-100.202 111.103 464
-100.993 111.103 464
-101.784 111.103 464
-102.575 111.103 464
-103.366 111.103 464
-103.933 110.864 463
-104.948 111.103 464
-105.739 111.103 464
-106.53 111.103 464
-107.321 111.103 464
-108.112 111.103 464
-108.903 111.103 464
-109.694 111.103 464
-724.235 506.908 2117
-727.844 506.908 2117
-731.453 506.908 2117
-735.062 506.908 2117
-736.927 505.711 2112
-740.527 505.711 2112
-749.765 509.542 2128
-753.392 509.542 2128
-758.087 510.261 2131
-764.58 512.176 2139
-772.177 514.81 2150
-775.842 514.81 2150
-780.595 515.528 2153
-784.265 515.528 2153
-787.936 515.528 2153
-791.606 515.528 2153
-795.276 515.528 2153
-796.72 514.092 2147
-803.362 516.007 2155
-807.036 516.007 2155
-814.096 518.162 2164
-817.785 518.162 2164
-821.474 518.162 2164
-825.163 518.162 2164
-828.852 518.162 2164
-833.695 518.881 2167
-837.389 518.881 2167
-841.084 518.881 2167
-844.778 518.881 2167
-848.472 518.881 2167
-852.166 518.881 2167
-855.86 518.881 2167
-855.985 516.726 2158
-859.664 516.726 2158
-863.342 516.726 2158
-867.021 516.726 2158
-870.7 516.726 2158
-875.594 517.444 2161
-881.72 518.881 2167
-885.414 518.881 2167
-892.39 520.796 2175
-896.098 520.796 2175
-899.806 520.796 2175
-903.514 520.796 2175
-904.719 519.359 2169
-908.417 519.359 2169
-904.124 514.81 2150
-901.878 511.458 2136
-904.248 510.739 2133
-907.884 510.739 2133
-911.52 510.739 2133
-915.157 510.739 2133
-916.639 509.542 2128
-920.267 509.542 2128
-923.894 509.542 2128
-922.728 506.908 2117
-926.337 506.908 2117
-924.235 503.795 2104
-927.822 503.795 2104
-930.081 503.077 2101
-930.107 501.162 2093
-925.645 496.852 2075
-929.183 496.852 2075
-925.978 493.26 2060
-914.599 485.358 2027
-915.79 484.161 2022
-919.237 484.161 2022
-918.121 481.766 2012
-918.345 480.09 2005
-917.625 477.935 1996
-921.028 477.935 1996
-924.431 477.935 1996
-927.833 477.935 1996
-927.504 476.02 1988
-930.893 476.02 1988
-933.342 475.541 1986
-934.369 474.344 1981
-935.853 473.386 1977
-939.223 473.386 1977
-942.593 473.386 1977
-943.571 472.189 1972
-945.973 471.71 1970
-949.331 471.71 1970
-951.238 470.991 1967
-953.621 470.512 1965
-956.971 470.512 1965
-960.321 470.512 1965
-962.69 470.033 1963
-963.576 468.836 1958
-966.913 468.836 1958
-970.251 468.836 1958
-972.595 468.357 1956
-974.432 467.639 1953
-974.758 466.202 1947
-978.077 466.202 1947
-979.884 465.484 1944
-981.175 464.526 1940
-984.482 464.526 1940
-987.789 464.526 1940
-990.075 464.047 1938
-991.841 463.329 1935
-990.511 461.174 1926
-3.05939 116.017 488
-3.89131 116.017 488
-4.72323 116.017 488
-5.55514 116.017 488
-6.38706 116.017 488
-7.20418 115.78 487
-8.0344 115.78 487
-8.81 115.066 484
-9.65501 115.304 485
-10.4818 115.304 485
-11.3086 115.304 485
-12.1354 115.304 485
-12.9355 115.066 484
-13.7606 115.066 484
-14.5857 115.066 484
-15.4108 115.066 484
-16.2359 115.066 484
-17.061 115.066 484
-17.8861 115.066 484
-18.6725 114.829 483
-19.4555 114.591 482
-19.4359 109.836 462
-20.2234 109.836 462
-21.0565 110.074 463
-21.8458 110.074 463
-22.6351 110.074 463
-23.4244 110.074 463
-24.1614 109.836 462
-24.949 109.836 462
-25.6809 109.598 461
-26.4094 109.361 460
-27.1344 109.123 459
-27.9169 109.123 459
-28.6369 108.885 458
-29.3534 108.647 457
-30.0665 108.41 456
-30.8439 108.41 456
-31.6213 108.41 456
-32.2565 107.934 454
-32.9577 107.696 453
-47.7638 104.606 440
-48.6242 104.844 441
-49.3759 104.844 441
-50.1277 104.844 441
-50.9949 105.081 442
-51.7484 105.081 442
-52.6207 105.319 443
-53.3759 105.319 443
-54.1311 105.319 443
-54.8863 105.319 443
-55.6415 105.319 443
-56.3967 105.319 443
-57.1519 105.319 443
-84.2004 110.074 463
-84.9897 110.074 463
-85.779 110.074 463
-86.0074 109.361 460
-86.7915 109.361 460
-87.5757 109.361 460
-88.9362 110.074 463
-89.7255 110.074 463
-90.7103 110.312 464
-91.5013 110.312 464
-92.2923 110.312 464
-93.0833 110.312 464
-93.8743 110.312 464
-94.4613 110.074 463
-95.2505 110.074 463
-96.0398 110.074 463
-96.8291 110.074 463
-97.6184 110.074 463
-98.4077 110.074 463
-99.197 110.074 463
-100.202 110.312 464
-100.993 110.312 464
-101.784 110.312 464
-102.575 110.312 464
-103.366 110.312 464
-103.933 110.074 463
-104.948 110.312 464
-105.739 110.312 464
-106.53 110.312 464
-107.321 110.312 464
-108.112 110.312 464
-108.903 110.312 464
-109.694 110.312 464
-724.235 503.296 2117
-727.844 503.296 2117
-731.453 503.296 2117
-733.326 502.108 2112
-736.927 502.108 2112
-740.527 502.108 2112
-749.765 505.912 2128
-753.392 505.912 2128
-758.087 506.625 2131
-764.58 508.527 2139
-771.099 510.429 2147
-774.759 510.429 2147
-780.595 511.855 2153
-784.265 511.855 2153
-787.936 511.855 2153
-791.606 511.855 2153
-794.168 511.142 2150
-796.72 510.429 2147
-800.38 510.429 2147
-804.04 510.429 2147
-811.839 513.044 2158
-817.785 514.47 2164
-821.474 514.47 2164
-825.163 514.47 2164
-828.852 514.47 2164
-833.695 515.183 2167
-837.389 515.183 2167
-841.084 515.183 2167
-844.778 515.183 2167
-848.472 515.183 2167
-852.166 515.183 2167
-855.86 515.183 2167
-855.985 513.044 2158
-862.054 514.47 2164
-865.743 514.47 2164
-869.432 514.47 2164
-870.7 513.044 2158
-875.594 513.757 2161
-881.72 515.183 2167
-885.414 515.183 2167
-892.39 517.085 2175
-896.098 517.085 2175
-899.806 517.085 2175
-903.514 517.085 2175
-904.719 515.659 2169
-908.417 515.659 2169
-904.124 511.142 2150
-900.612 507.1 2133
-903.4 506.625 2131
-907.033 506.625 2131
-910.666 506.625 2131
-914.299 506.625 2131
-920.648 500.206 2104
-924.235 500.206 2104
-927.822 500.206 2104
-926.539 497.591 2093
-925.663 495.213 2083
-918.954 489.745 2060
-922.466 489.745 2060
-914.29 483.564 2034
-914.599 481.9 2027
-915.79 480.711 2022
-919.237 480.711 2022
-918.121 478.334 2012
-918.345 476.67 2005
-917.625 474.53 1996
-921.028 474.53 1996
-924.431 474.53 1996
-927.833 474.53 1996
-927.504 472.628 1988
-930.893 472.628 1988
-933.342 472.152 1986
-934.369 470.964 1981
-935.853 470.013 1977
-939.223 470.013 1977
-942.593 470.013 1977
-943.571 468.824 1972
-945.973 468.349 1970
-949.331 468.349 1970
-951.238 467.635 1967
-953.621 467.16 1965
-956.971 467.16 1965
-960.321 467.16 1965
-962.69 466.684 1963
-963.576 465.496 1958
-965.926 465.02 1956
-969.26 465.02 1956
-971.103 464.307 1953
-972.437 463.356 1949
-973.256 462.167 1944
-976.57 462.167 1944
-979.884 462.167 1944
-981.175 461.216 1940
-984.482 461.216 1940
-987.789 461.216 1940
-988.542 460.028 1935
-989.791 459.077 1931
-989.483 457.413 1924
-3.05939 115.185 488
-3.89131 115.185 488
-4.72323 115.185 488
-5.55514 115.185 488
-6.38706 115.185 488
-7.20418 114.949 487
-8.0344 114.949 487
-8.81 114.241 484
-9.6351 114.241 484
-10.4602 114.241 484
-11.2853 114.241 484
-12.1104 114.241 484
-12.9355 114.241 484
-13.7606 114.241 484
-14.5857 114.241 484
-15.4108 114.241 484
-16.2359 114.241 484
-17.061 114.241 484
-17.8861 114.241 484
-18.6725 114.005 483
-19.4555 113.769 482
-20.2672 109.284 463
-21.0565 109.284 463
-21.8458 109.284 463
-22.6351 109.284 463
-23.4244 109.284 463
-24.1614 109.048 462
-24.949 109.048 462
-25.6809 108.812 461
-26.4094 108.576 460
-27.1344 108.34 459
-27.9169 108.34 459
-28.6369 108.104 458
-29.3534 107.868 457
-30.0665 107.632 456
-30.8439 107.632 456
-31.6213 107.632 456
-32.3276 107.396 455
-33.0305 107.16 454
-50.9949 104.327 442
-51.7484 104.327 442
-52.6207 104.563 443
-53.3759 104.563 443
-54.1311 104.563 443
-54.8863 104.563 443
-55.6415 104.563 443
-56.3967 104.563 443
-57.1519 104.563 443
-83.4111 109.284 463
-84.2004 109.284 463
-84.9897 109.284 463
-85.779 109.284 463
-86.5683 109.284 463
-87.3576 109.284 463
-87.7661 108.812 461
-88.9362 109.284 463
-89.7255 109.284 463
-90.5148 109.284 463
-91.3041 109.284 463
-92.0934 109.284 463
-92.8827 109.284 463
-93.672 109.284 463
-94.4613 109.284 463
-95.2505 109.284 463
-96.0398 109.284 463
-96.8291 109.284 463
-97.6184 109.284 463
-98.4077 109.284 463
-99.197 109.284 463
-100.202 109.52 464
-100.993 109.52 464
-101.784 109.52 464
-102.575 109.52 464
-103.366 109.52 464
-103.933 109.284 463
-105.174 109.756 465
-105.967 109.756 465
-106.76 109.756 465
-107.553 109.756 465
-108.345 109.756 465
-108.903 109.52 464
-109.694 109.52 464
-724.235 499.685 2117
-727.844 499.685 2117
-731.453 499.685 2117
-733.326 498.504 2112
-736.927 498.504 2112
-740.527 498.504 2112
-749.765 502.281 2128
-753.392 502.281 2128
-758.087 502.989 2131
-764.58 504.877 2139
-768.226 504.877 2139
-771.873 504.877 2139
-779.507 507.474 2150
-783.172 507.474 2150
-786.838 507.474 2150
-789.4 506.766 2147
-793.06 506.766 2147
-794.865 505.585 2142
-800.38 506.766 2147
-804.04 506.766 2147
-808.829 507.474 2150
-813.628 508.182 2153
-817.298 508.182 2153
-820.969 508.182 2153
-824.639 508.182 2153
-830.233 509.362 2158
-835.071 510.07 2161
-838.755 510.07 2161
-842.439 510.07 2161
-846.123 510.07 2161
-849.807 510.07 2161
-852.306 509.362 2158
-855.985 509.362 2158
-863.249 511.486 2167
-866.943 511.486 2167
-870.637 511.486 2167
-874.331 511.486 2167
-876.81 510.778 2164
-881.72 511.486 2167
-889.908 514.083 2178
-894.852 514.791 2181
-898.57 514.791 2181
-902.288 514.791 2181
-904.76 514.083 2178
-907.222 513.375 2175
-910.93 513.375 2175
-904.124 507.474 2150
-915.01 491.659 2083
-918.561 491.659 2083
-922.112 491.659 2083
-924.33 490.951 2080
-903.341 477.969 2025
-906.793 477.969 2025
-907.997 476.789 2020
-909.185 475.609 2015
-911.261 474.901 2012
-914.691 474.901 2012
-914.927 473.249 2005
-912.849 470.416 1993
-916.246 470.416 1993
-919.644 470.416 1993
-922.115 469.944 1991
-924.115 469.236 1988
-926.571 468.764 1986
-929.956 468.764 1986
-932.402 468.292 1984
-933.426 467.112 1979
-935.853 466.64 1977
-939.223 466.64 1977
-942.593 466.64 1977
-943.571 465.46 1972
-945.973 464.988 1970
-949.331 464.988 1970
-950.271 463.807 1965
-952.651 463.335 1963
-955.997 463.335 1963
-959.343 463.335 1963
-961.219 462.627 1960
-963.576 462.155 1958
-965.926 461.683 1956
-969.26 461.683 1956
-971.103 460.975 1953
-972.437 460.031 1949
-973.256 458.851 1944
-976.57 458.851 1944
-979.884 458.851 1944
-981.175 457.907 1940
-984.482 457.907 1940
-987.789 457.907 1940
-988.542 456.726 1935
-989.791 455.782 1931
-989.483 454.13 1924
-3.89131 114.352 488
-4.72323 114.352 488
-5.55514 114.352 488
-6.38706 114.352 488
-7.20418 114.118 487
-8.0344 114.118 487
-8.81 113.415 484
-9.6351 113.415 484
-10.4602 113.415 484
-11.2853 113.415 484
-12.1104 113.415 484
-12.9355 113.415 484
-13.7606 113.415 484
-14.5857 113.415 484
-15.4108 113.415 484
-16.2359 113.415 484
-17.061 113.415 484
-17.8861 113.415 484
-18.6725 113.181 483
-19.4555 112.946 482
-20.151 112.243 479
-20.9676 112.243 479
-21.2384 109.431 467
-21.893 108.728 464
-22.6351 108.494 463
-23.4244 108.494 463
-24.1614 108.26 462
-24.949 108.26 462
-25.6809 108.025 461
-26.4094 107.791 460
-27.1344 107.557 459
-27.9169 107.557 459
-28.6369 107.322 458
-29.3534 107.088 457
-30.0665 106.854 456
-30.8439 106.854 456
-31.6213 106.854 456
-32.3276 106.619 455
-33.0305 106.385 454
-50.9949 103.573 442
-51.7484 103.573 442
-52.6207 103.807 443
-53.3759 103.807 443
-54.1311 103.807 443
-54.8863 103.807 443
-55.6415 103.807 443
-56.3967 103.807 443
-57.1519 103.807 443
-83.4111 108.494 463
-84.2004 108.494 463
-84.9897 108.494 463
-85.779 108.494 463
-86.5683 108.494 463
-87.3576 108.494 463
-87.7661 108.025 461
-88.7441 108.26 462
-89.7255 108.494 463
-90.5148 108.494 463
-91.3041 108.494 463
-92.0934 108.494 463
-92.8827 108.494 463
-93.672 108.494 463
-94.4613 108.494 463
-95.2505 108.494 463
-96.0398 108.494 463
-96.8291 108.494 463
-97.6184 108.494 463
-98.4077 108.494 463
-99.197 108.494 463
-100.202 108.728 464
-100.993 108.728 464
-101.784 108.728 464
-102.575 108.728 464
-103.366 108.728 464
-103.933 108.494 463
-105.174 108.963 465
-105.967 108.963 465
-106.76 108.963 465
-107.553 108.963 465
-108.345 108.963 465
-108.903 108.728 464
-109.694 108.728 464
-729.726 494.901 2112
-733.326 494.901 2112
-736.927 494.901 2112
-740.527 494.901 2112
-749.765 498.65 2128
-753.392 498.65 2128
-758.087 499.353 2131
-763.507 500.525 2136
-768.226 501.228 2139
-771.873 501.228 2139
-779.507 503.806 2150
-783.172 503.806 2150
-786.838 503.806 2150
-789.4 503.103 2147
-793.06 503.103 2147
-794.865 501.931 2142
-800.38 503.103 2147
-804.04 503.103 2147
-808.829 503.806 2150
-813.628 504.509 2153
-817.298 504.509 2153
-820.969 504.509 2153
-824.639 504.509 2153
-830.233 505.68 2158
-835.071 506.383 2161
-838.755 506.383 2161
-842.439 506.383 2161
-846.123 506.383 2161
-849.807 506.383 2161
-852.306 505.68 2158
-855.985 505.68 2158
-863.249 507.789 2167
-866.943 507.789 2167
-870.637 507.789 2167
-874.331 507.789 2167
-878.026 507.789 2167
-880.499 507.086 2164
-889.908 510.367 2178
-894.852 511.07 2181
-898.57 511.07 2181
-902.288 511.07 2181
-906.006 511.07 2181
-907.222 509.664 2175
-910.93 509.664 2175
-892.984 474.515 2025
-896.437 474.515 2025
-899.889 474.515 2025
-898.88 472.171 2015
-902.315 472.171 2015
-901.255 469.828 2005
-904.673 469.828 2005
-905.826 468.656 2000
-909.236 468.656 2000
-912.645 468.656 2000
-911.933 466.547 1991
-915.327 466.547 1991
-918.721 466.547 1991
-920.726 465.844 1988
-923.185 465.376 1986
-925.637 464.907 1984
-929.02 464.907 1984
-929.112 463.267 1977
-932.482 463.267 1977
-935.853 463.267 1977
-939.223 463.267 1977
-940.209 462.095 1972
-942.614 461.627 1970
-942.611 459.986 1963
-945.958 459.986 1963
-949.304 459.986 1963
-952.651 459.986 1963
-954.536 459.283 1960
-957.877 459.283 1960
-960.238 458.815 1958
-962.591 458.346 1956
-964.444 457.643 1953
-967.774 457.643 1953
-970.109 457.174 1951
-972.437 456.706 1949
-973.256 455.534 1944
-976.57 455.534 1944
-978.876 455.065 1942
-981.175 454.597 1940
-983.467 454.128 1938
-986.771 454.128 1938
-987.521 452.956 1933
-989.791 452.488 1931
-989.483 450.847 1924
-3.89131 113.52 488
-4.72323 113.52 488
-5.55514 113.52 488
-6.38706 113.52 488
-7.18939 113.054 486
-8.0179 113.054 486
-8.81 112.589 484
-9.6351 112.589 484
-10.4602 112.589 484
-11.2853 112.589 484
-12.1104 112.589 484
-12.9355 112.589 484
-13.7606 112.589 484
-14.5857 112.589 484
-15.4108 112.589 484
-16.2359 112.589 484
-17.0257 112.356 483
-17.8491 112.356 483
-18.6339 112.124 482
-19.4555 112.124 482
-20.151 111.426 479
-20.9676 111.426 479
-21.2384 108.635 467
-21.893 107.937 464
-22.6351 107.704 463
-23.4244 107.704 463
-24.1614 107.471 462
-24.949 107.471 462
-25.6809 107.239 461
-26.4094 107.006 460
-27.1344 106.774 459
-27.9169 106.774 459
-28.6369 106.541 458
-29.3534 106.308 457
-30.0665 106.076 456
-30.8439 106.076 456
-31.6213 106.076 456
-32.3276 105.843 455
-33.0305 105.61 454
-50.9949 102.819 442
-51.7484 102.819 442
-52.6207 103.052 443
-53.3759 103.052 443
-54.1311 103.052 443
-54.8863 103.052 443
-55.6415 103.052 443
-56.3967 103.052 443
-57.1519 103.052 443
-83.4111 107.704 463
-84.2004 107.704 463
-84.9897 107.704 463
-85.779 107.704 463
-86.5683 107.704 463
-87.3576 107.704 463
-87.7661 107.239 461
-88.9362 107.704 463
-89.7255 107.704 463
-90.5148 107.704 463
-91.3041 107.704 463
-92.0934 107.704 463
-92.8827 107.704 463
-93.672 107.704 463
-94.4613 107.704 463
-95.2505 107.704 463
-96.0398 107.704 463
-96.8291 107.704 463
-97.6184 107.704 463
-98.4077 107.704 463
-99.197 107.704 463
-100.202 107.937 464
-100.993 107.937 464
-101.784 107.937 464
-102.575 107.937 464
-103.366 107.937 464
-103.933 107.704 463
-105.174 108.169 465
-105.967 108.169 465
-106.76 108.169 465
-107.553 108.169 465
-108.345 108.169 465
-735.88 490.6 2109
-740.527 491.298 2112
-747.651 493.624 2122
-751.268 493.624 2122
-757.02 495.02 2128
-761.72 495.718 2131
-765.353 495.718 2131
-768.986 495.718 2131
-775.519 497.579 2139
-780.258 498.277 2142
-783.91 498.277 2142
-787.562 498.277 2142
-791.213 498.277 2142
-792.638 496.881 2136
-798.516 498.277 2142
-802.168 498.277 2142
-807.7 499.44 2147
-812.494 500.138 2150
-816.159 500.138 2150
-819.825 500.138 2150
-823.49 500.138 2150
-828.309 500.835 2153
-833.912 501.998 2158
-837.59 501.998 2158
-841.269 501.998 2158
-844.948 501.998 2158
-848.627 501.998 2158
-851.121 501.301 2155
-855.985 501.998 2158
-863.249 504.092 2167
-866.943 504.092 2167
-870.637 504.092 2167
-874.331 504.092 2167
-878.026 504.092 2167
-880.499 503.394 2164
-889.908 506.651 2178
-894.852 507.349 2181
-898.57 507.349 2181
-902.288 507.349 2181
-906.006 507.349 2181
-907.222 505.953 2175
-910.93 505.953 2175
-892.984 471.06 2025
-896.437 471.06 2025
-899.889 471.06 2025
-898.88 468.734 2015
-902.315 468.734 2015
-901.255 466.407 2005
-902.417 465.244 2000
-905.826 465.244 2000
-909.236 465.244 2000
-908.538 463.151 1991
-910.559 462.453 1988
-913.028 461.987 1986
-916.414 461.987 1986
-916.557 460.359 1979
-919.931 460.359 1979
-922.372 459.894 1977
-925.742 459.894 1977
-926.762 458.731 1972
-930.124 458.731 1972
-932.539 458.266 1970
-935.897 458.266 1970
-939.256 458.266 1970
-941.179 457.568 1967
-942.611 456.637 1963
-945.958 456.637 1963
-949.304 456.637 1963
-951.195 455.939 1960
-954.536 455.939 1960
-957.877 455.939 1960
-959.257 455.009 1956
-961.115 454.311 1953
-963.457 453.846 1951
-966.783 453.846 1951
-970.109 453.846 1951
-972.437 453.38 1949
-973.256 452.217 1944
-976.57 452.217 1944
-978.876 451.752 1942
-981.175 451.287 1940
-983.467 450.822 1938
-986.771 450.822 1938
-986.499 449.193 1931
-988.766 448.728 1929
-988.454 447.1 1922
-3.88333 112.456 487
-4.71355 112.456 487
-5.54376 112.456 487
-6.37397 112.456 487
-7.18939 112.225 486
-8.0179 112.225 486
-8.7918 111.532 483
-9.61519 111.532 483
-10.4386 111.532 483
-11.262 111.532 483
-12.0854 111.532 483
-12.9088 111.532 483
-13.7322 111.532 483
-14.5555 111.532 483
-15.3789 111.532 483
-16.2023 111.532 483
-16.9905 111.302 482
-17.8122 111.302 482
-18.6339 111.302 482
-19.4152 111.071 481
-20.151 110.609 479
-20.9676 110.609 479
-21.3749 108.531 470
-21.9402 107.376 465
-22.684 107.145 464
-23.4244 106.914 463
-24.2137 106.914 463
-25.003 106.914 463
-25.7366 106.683 462
-26.4094 106.221 460
-27.1344 105.99 459
-27.9169 105.99 459
-28.6369 105.76 458
-29.3534 105.529 457
-30.0665 105.298 456
-30.8439 105.298 456
-31.6213 105.298 456
-32.3276 105.067 455
-33.0305 104.836 454
-50.9949 102.065 442
-51.7484 102.065 442
-52.6207 102.296 443
-53.3759 102.296 443
-54.1311 102.296 443
-54.8863 102.296 443
-55.6415 102.296 443
-56.3967 102.296 443
-57.1519 102.296 443
-80.772 105.529 457
-81.5511 105.529 457
-82.5103 105.76 458
-84.2004 106.914 463
-84.9897 106.914 463
-85.779 106.914 463
-86.5683 106.914 463
-87.3576 106.914 463
-87.7661 106.452 461
-88.9362 106.914 463
-89.7255 106.914 463
-90.5148 106.914 463
-91.3041 106.914 463
-92.0934 106.914 463
-92.8827 106.914 463
-93.672 106.914 463
-94.4613 106.914 463
-95.2505 106.914 463
-96.0398 106.914 463
-96.8291 106.914 463
-97.6184 106.914 463
-98.4077 106.914 463
-99.197 106.914 463
-100.202 107.145 464
-100.993 107.145 464
-101.784 107.145 464
-102.575 107.145 464
-103.366 107.145 464
-103.933 106.914 463
-105.174 107.376 465
-105.967 107.376 465
-106.76 107.376 465
-107.553 107.376 465
-740.527 487.695 2112
-744.127 487.695 2112
-747.728 487.695 2112
-754.886 490.004 2122
-758.503 490.004 2122
-762.121 490.004 2122
-765.738 490.004 2122
-773.344 492.544 2133
-776.98 492.544 2133
-780.616 492.544 2133
-784.252 492.544 2133
-787.889 492.544 2133
-790.783 492.082 2131
-798.516 494.622 2142
-802.168 494.622 2142
-807.7 495.777 2147
-811.36 495.777 2147
-815.021 495.777 2147
-818.681 495.777 2147
-822.341 495.777 2147
-828.309 497.162 2153
-832.752 497.624 2155
-836.426 497.624 2155
-840.1 497.624 2155
-843.774 497.624 2155
-847.447 497.624 2155
-851.121 497.624 2155
-855.985 498.317 2158
-863.249 500.395 2167
-866.943 500.395 2167
-870.637 500.395 2167
-874.331 500.395 2167
-878.026 500.395 2167
-880.499 499.702 2164
-887.457 501.55 2172
-894.852 503.628 2181
-898.57 503.628 2181
-902.288 503.628 2181
-906.006 503.628 2181
-907.222 502.242 2175
-910.93 502.242 2175
-892.188 461.832 2000
-895.598 461.832 2000
-899.007 461.832 2000
-902.417 461.832 2000
-905.826 461.832 2000
-909.236 461.832 2000
-908.538 459.754 1991
-910.559 459.061 1988
-913.028 458.599 1986
-916.414 458.599 1986
-916.557 456.983 1979
-919.931 456.983 1979
-922.372 456.521 1977
-925.742 456.521 1977
-926.762 455.366 1972
-930.124 455.366 1972
-932.539 454.904 1970
-935.897 454.904 1970
-939.256 454.904 1970
-941.179 454.212 1967
-942.611 453.288 1963
-945.958 453.288 1963
-949.304 453.288 1963
-951.195 452.595 1960
-954.536 452.595 1960
-957.877 452.595 1960
-959.257 451.672 1956
-961.115 450.979 1953
-963.457 450.517 1951
-966.783 450.517 1951
-969.114 450.055 1949
-972.437 450.055 1949
-973.256 448.901 1944
-976.57 448.901 1944
-978.876 448.439 1942
-981.175 447.977 1940
-981.945 446.822 1935
-985.244 446.822 1935
-986.499 445.899 1931
-988.766 445.437 1929
-988.454 443.821 1922
-3.88333 111.625 487
-4.71355 111.625 487
-5.54376 111.625 487
-6.37397 111.625 487
-7.18939 111.396 486
-8.0179 111.396 486
-8.7918 110.708 483
-9.61519 110.708 483
-10.417 110.479 482
-11.2387 110.479 482
-12.0603 110.479 482
-12.882 110.479 482
-13.7037 110.479 482
-14.5254 110.479 482
-15.3471 110.479 482
-16.1688 110.479 482
-16.92 110.021 480
-17.7383 110.021 480
-18.5565 110.021 480
-19.2941 109.562 478
-19.9827 108.875 475
-20.5736 107.729 470
-21.3749 107.729 470
-22.0346 107.041 467
-22.7329 106.583 465
-23.475 106.353 464
-24.2137 106.124 463
-25.003 106.124 463
-25.7366 105.895 462
-26.4094 105.437 460
-27.1344 105.207 459
-27.9169 105.207 459
-28.6369 104.978 458
-29.3534 104.749 457
-30.1325 104.749 457
-30.9116 104.749 457
-31.6213 104.52 456
-32.3276 104.29 455
-33.1033 104.29 455
-33.8789 104.29 455
-51.7484 101.311 442
-52.6207 101.54 443
-53.3759 101.54 443
-54.1311 101.54 443
-54.8863 101.54 443
-55.6415 101.54 443
-56.3967 101.54 443
-80.772 104.749 457
-81.5511 104.749 457
-82.5103 104.978 458
-84.2004 106.124 463
-84.9897 106.124 463
-85.779 106.124 463
-86.5683 106.124 463
-87.3576 106.124 463
-87.9565 105.895 462
-88.9362 106.124 463
-89.7255 106.124 463
-90.7103 106.353 464
-91.5013 106.353 464
-92.2923 106.353 464
-93.0833 106.353 464
-93.8743 106.353 464
-94.4613 106.124 463
-95.2505 106.124 463
-96.0398 106.124 463
-96.8291 106.124 463
-97.6184 106.124 463
-98.4077 106.124 463
-99.197 106.124 463
-100.202 106.353 464
-100.993 106.353 464
-101.784 106.353 464
-102.575 106.353 464
-103.366 106.353 464
-103.933 106.124 463
-105.174 106.583 465
-105.967 106.583 465
-106.76 106.583 465
-107.553 106.583 465
-740.527 484.091 2112
-744.127 484.091 2112
-747.728 484.091 2112
-754.886 486.383 2122
-758.503 486.383 2122
-762.121 486.383 2122
-765.738 486.383 2122
-769.356 486.383 2122
-794.415 488.446 2131
-798.048 488.446 2131
-807.7 492.114 2147
-811.36 492.114 2147
-815.021 492.114 2147
-818.681 492.114 2147
-822.341 492.114 2147
-827.155 492.801 2150
-831.979 493.489 2153
-835.65 493.489 2153
-839.32 493.489 2153
-841.816 492.801 2150
-845.481 492.801 2150
-851.121 493.947 2155
-855.985 494.635 2158
-863.249 496.698 2167
-866.943 496.698 2167
-870.637 496.698 2167
-874.331 496.698 2167
-878.026 496.698 2167
-880.499 496.01 2164
-886.231 497.156 2169
-893.621 499.219 2178
-897.334 499.219 2178
-901.047 499.219 2178
-901.022 497.156 2169
-904.146 452.46 1974
-907.511 452.46 1974
-910.876 452.46 1974
-913.315 452.002 1972
-916.677 452.002 1972
-920.039 452.002 1972
-923.401 452.002 1972
-925.822 451.543 1970
-929.181 451.543 1970
-931.119 450.856 1967
-934.472 450.856 1967
-937.826 450.856 1967
-939.265 449.939 1963
-940.21 448.793 1958
-943.548 448.793 1958
-946.886 448.793 1958
-949.253 448.335 1956
-952.588 448.335 1956
-955.922 448.335 1956
-957.786 447.647 1953
-961.115 447.647 1953
-963.457 447.188 1951
-966.783 447.188 1951
-969.114 446.73 1949
-972.437 446.73 1949
-973.256 445.584 1944
-976.57 445.584 1944
-978.876 445.126 1942
-981.175 444.667 1940
-981.945 443.521 1935
-985.244 443.521 1935
-986.499 442.604 1931
-988.766 442.146 1929
-988.454 440.541 1922
-3.88333 110.794 487
-4.71355 110.794 487
-5.54376 110.794 487
-6.36088 110.567 486
-7.1746 110.339 485
-8.0014 110.339 485
-8.7918 109.884 483
-9.59528 109.657 482
-10.417 109.657 482
-11.2387 109.657 482
-12.0603 109.657 482
-12.882 109.657 482
-13.7037 109.657 482
-14.5254 109.657 482
-15.3471 109.657 482
-16.1688 109.657 482
-16.92 109.202 480
-17.7383 109.202 480
-18.5565 109.202 480
-19.2941 108.747 478
-19.9827 108.064 475
-20.5736 106.927 470
-21.3749 106.927 470
-22.0346 106.244 467
-22.7329 105.789 465
-23.475 105.562 464
-24.2137 105.334 463
-25.003 105.334 463
-25.7366 105.107 462
-26.4668 104.879 461
-27.1344 104.424 459
-27.9169 104.424 459
-28.6369 104.197 458
-29.3534 103.969 457
-30.1325 103.969 457
-30.9116 103.969 457
-31.6213 103.742 456
-32.3276 103.514 455
-33.1033 103.514 455
-33.8789 103.514 455
-80.772 103.969 457
-81.5511 103.969 457
-82.5103 104.197 458
-84.2004 105.334 463
-84.9897 105.334 463
-85.779 105.334 463
-86.5683 105.334 463
-87.3576 105.334 463
-87.9565 105.107 462
-88.9362 105.334 463
-89.9193 105.562 464
-90.7103 105.562 464
-91.5013 105.562 464
-92.2923 105.562 464
-93.0833 105.562 464
-93.8743 105.562 464
-94.6653 105.562 464
-95.2505 105.334 463
-96.0398 105.334 463
-96.8291 105.334 463
-97.6184 105.334 463
-98.4077 105.334 463
-99.197 105.334 463
-100.202 105.562 464
-100.993 105.562 464
-101.784 105.562 464
-102.575 105.562 464
-103.366 105.562 464
-103.933 105.334 463
-105.174 105.789 465
-105.967 105.789 465
-106.76 105.789 465
-107.553 105.789 465
-794.415 484.811 2131
-798.048 484.811 2131
-807.7 488.451 2147
-811.36 488.451 2147
-815.021 488.451 2147
-818.681 488.451 2147
-822.341 488.451 2147
-827.155 489.133 2150
-831.979 489.816 2153
-835.65 489.816 2153
-839.32 489.816 2153
-841.816 489.133 2150
-845.481 489.133 2150
-851.121 490.271 2155
-855.985 490.953 2158
-863.249 493.001 2167
-866.943 493.001 2167
-870.637 493.001 2167
-874.331 493.001 2167
-878.026 493.001 2167
-880.499 492.318 2164
-909.031 448.182 1970
-912.389 448.182 1970
-915.747 448.182 1970
-919.106 448.182 1970
-922.464 448.182 1970
-924.413 447.5 1967
-927.766 447.5 1967
-931.119 447.5 1967
-934.472 447.5 1967
-936.872 447.045 1965
-936.872 445.452 1958
-937.809 444.315 1953
-941.139 444.315 1953
-944.468 444.315 1953
-946.827 443.86 1951
-950.153 443.86 1951
-953.479 443.86 1951
-956.805 443.86 1951
-960.131 443.86 1951
-962.469 443.405 1949
-965.792 443.405 1949
-968.12 442.95 1947
-969.942 442.267 1944
-972.255 441.812 1942
-975.565 441.812 1942
-978.876 441.812 1942
-981.175 441.357 1940
-981.945 440.22 1935
-985.244 440.22 1935
-985.477 438.855 1929
-988.766 438.855 1929
-987.425 436.807 1920
-3.87536 109.738 486
-4.70387 109.738 486
-5.53238 109.738 486
-6.34779 109.512 485
-7.1598 109.286 484
-7.9849 109.286 484
-8.77359 108.834 482
-9.57538 108.609 481
-10.3954 108.609 481
-11.2153 108.609 481
-12.0353 108.609 481
-12.8553 108.609 481
-13.6753 108.609 481
-14.4953 108.609 481
-15.2834 108.383 480
-16.1017 108.383 480
-16.92 108.383 480
-17.7383 108.383 480
-18.4792 107.931 478
-19.173 107.254 475
-19.8986 106.802 473
-20.5736 106.125 470
-21.3749 106.125 470
-22.0346 105.448 467
-22.7329 104.996 465
-23.475 104.77 464
-24.2137 104.544 463
-25.003 104.544 463
-25.7366 104.319 462
-26.4668 104.093 461
-27.1344 103.641 459
-27.9169 103.641 459
-28.6369 103.415 458
-29.3534 103.19 457
-30.1325 103.19 457
-30.9116 103.19 457
-31.6213 102.964 456
-32.3276 102.738 455
-33.1033 102.738 455
-33.8789 102.738 455
-82.5103 103.415 458
-84.3822 104.77 464
-85.1732 104.77 464
-85.9642 104.77 464
-86.5683 104.544 463
-87.3576 104.544 463
-88.1469 104.544 463
-88.9362 104.544 463
-89.9193 104.77 464
-90.7103 104.77 464
-91.5013 104.77 464
-92.2923 104.77 464
-93.0833 104.77 464
-93.8743 104.77 464
-94.6653 104.77 464
-95.0448 104.319 462
-96.0398 104.544 463
-96.8291 104.544 463
-97.6184 104.544 463
-98.4077 104.544 463
-99.197 104.544 463
-99.9863 104.544 463
-100.776 104.544 463
-101.565 104.544 463
-102.354 104.544 463
-103.144 104.544 463
-103.933 104.544 463
-104.948 104.77 464
-105.967 104.996 465
-106.76 104.996 465
-107.553 104.996 465
-841.816 485.465 2150
-845.481 485.465 2150
-851.121 486.594 2155
-854.795 486.594 2155
-863.249 489.304 2167
-866.943 489.304 2167
-870.637 489.304 2167
-927.821 440.983 1953
-931.151 440.983 1953
-934.48 440.983 1953
-935.889 440.08 1949
-939.211 440.08 1949
-942.534 440.08 1949
-946.827 440.531 1951
-950.153 440.531 1951
-953.479 440.531 1951
-955.824 440.08 1949
-959.146 440.08 1949
-961.481 439.628 1947
-964.8 439.628 1947
-966.628 438.951 1944
-968.944 438.499 1942
-972.255 438.499 1942
-975.565 438.499 1942
-978.876 438.499 1942
-980.164 437.596 1938
-980.93 436.467 1933
-984.225 436.467 1933
-985.477 435.564 1929
-988.766 435.564 1929
-988.454 433.983 1922
-3.86739 108.684 485
-4.69419 108.684 485
-5.52099 108.684 485
-6.33471 108.46 484
-7.14501 108.236 483
-7.9684 108.236 483
-8.75539 107.788 481
-9.57538 107.788 481
-10.3954 107.788 481
-11.2153 107.788 481
-12.0353 107.788 481
-12.8286 107.564 480
-13.6469 107.564 480
-14.4651 107.564 480
-15.2834 107.564 480
-16.0682 107.34 479
-16.8495 107.116 478
-17.6643 107.116 478
-18.3632 106.443 475
-19.1326 106.219 474
-19.8986 105.995 473
-20.6174 105.547 471
-21.4203 105.547 471
-22.0817 104.875 468
-22.7818 104.427 466
-23.5256 104.203 465
-24.3183 104.203 465
-25.057 103.978 464
-25.7366 103.53 462
-26.4668 103.306 461
-27.1344 102.858 459
-27.9169 102.858 459
-28.6369 102.634 458
-29.3534 102.41 457
-30.1325 102.41 457
-30.9116 102.41 457
-31.6213 102.186 456
-32.3276 101.962 455
-33.1033 101.962 455
-33.8789 101.962 455
-84.3822 103.978 464
-85.1732 103.978 464
-85.9642 103.978 464
-86.5683 103.754 463
-87.3576 103.754 463
-88.1469 103.754 463
-89.1283 103.978 464
-89.9193 103.978 464
-90.7103 103.978 464
-91.5013 103.978 464
-92.2923 103.978 464
-93.0833 103.978 464
-93.8743 103.978 464
-94.6653 103.978 464
-95.2505 103.754 463
-96.0398 103.754 463
-96.8291 103.754 463
-97.6184 103.754 463
-98.1952 103.53 462
-98.7685 103.306 461
-99.7704 103.53 462
-100.558 103.53 462
-101.346 103.53 462
-102.133 103.53 462
-102.921 103.53 462
-103.708 103.53 462
-104.948 103.978 464
-105.739 103.978 464
-106.53 103.978 464
-107.321 103.978 464
-849.146 481.797 2150
-852.811 481.797 2150
-856.477 481.797 2150
-860.142 481.797 2150
-927.821 437.651 1953
-931.151 437.651 1953
-934.48 437.651 1953
-935.889 436.754 1949
-939.211 436.754 1949
-942.534 436.754 1949
-946.827 437.203 1951
-950.153 437.203 1951
-953.479 437.203 1951
-955.824 436.754 1949
-959.146 436.754 1949
-962.469 436.754 1949
-965.792 436.754 1949
-966.628 435.634 1944
-969.942 435.634 1944
-972.255 435.186 1942
-975.565 435.186 1942
-978.876 435.186 1942
-978.646 433.617 1935
-980.93 433.169 1933
-984.225 433.169 1933
-985.477 432.273 1929
-987.228 431.6 1926
-988.454 430.704 1922
-3.04058 107.857 485
-3.86739 107.857 485
-4.69419 107.857 485
-5.52099 107.857 485
-6.33471 107.635 484
-7.14501 107.412 483
-7.9684 107.412 483
-8.75539 106.967 481
-9.57538 106.967 481
-10.3954 106.967 481
-11.2153 106.967 481
-12.0353 106.967 481
-12.8286 106.745 480
-13.6469 106.745 480
-14.4651 106.745 480
-15.2516 106.523 479
-16.0346 106.3 478
-16.8142 106.078 477
-17.6274 106.078 477
-18.3632 105.633 475
-19.1326 105.411 474
-19.8565 104.966 472
-20.6174 104.744 471
-21.4203 104.744 471
-22.0817 104.076 468
-22.8307 103.854 467
-23.5256 103.409 465
-24.3183 103.409 465
-25.057 103.187 464
-25.7923 102.964 463
-26.4668 102.52 461
-27.1344 102.075 459
-27.9169 102.075 459
-28.6369 101.853 458
-29.3534 101.63 457
-30.1325 101.63 457
-30.9116 101.63 457
-31.6213 101.408 456
-32.3276 101.185 455
-33.1033 101.185 455
-33.8789 101.185 455
-84.3822 103.187 464
-85.1732 103.187 464
-85.9642 103.187 464
-86.5683 102.964 463
-87.5462 103.187 464
-88.3372 103.187 464
-89.1283 103.187 464
-89.9193 103.187 464
-90.7103 103.187 464
-91.5013 103.187 464
-92.2923 103.187 464
-93.0833 103.187 464
-93.8743 103.187 464
-94.6653 103.187 464
-95.2505 102.964 463
-96.0398 102.964 463
-96.8291 102.964 463
-97.6184 102.964 463
-98.1952 102.742 462
-98.7685 102.52 461
-99.5544 102.52 461
-100.34 102.52 461
-101.346 102.742 462
-102.133 102.742 462
-102.921 102.742 462
-103.484 102.52 461
-104.948 103.187 464
-105.739 103.187 464
-106.53 103.187 464
-107.321 103.187 464
-925.867 430.316 1935
-932.527 431.873 1942
-936.802 432.317 1944
-940.116 432.317 1944
-946.827 433.874 1951
-950.153 433.874 1951
-953.479 433.874 1951
-955.824 433.429 1949
-959.146 433.429 1949
-962.469 433.429 1949
-965.792 433.429 1949
-969.114 433.429 1949
-972.437 433.429 1949
-975.759 433.429 1949
-979.082 433.429 1949
-978.876 431.873 1942
-978.646 430.316 1935
-980.93 429.871 1933
-984.225 429.871 1933
-985.477 428.982 1929
-987.228 428.314 1926
-990.511 428.314 1926
-3.04058 107.029 485
-3.86739 107.029 485
-4.69419 107.029 485
-5.52099 107.029 485
-6.33471 106.809 484
-7.14501 106.588 483
-7.9684 106.588 483
-8.75539 106.147 481
-9.57538 106.147 481
-10.3954 106.147 481
-11.2153 106.147 481
-12.0353 106.147 481
-12.8286 105.926 480
-13.6469 105.926 480
-14.4651 105.926 480
-15.2516 105.705 479
-16.0346 105.485 478
-16.8142 105.264 477
-17.6274 105.264 477
-18.3632 104.823 475
-19.1326 104.602 474
-19.8565 104.161 472
-20.6174 103.94 471
-21.4203 103.94 471
-22.0817 103.278 468
-22.8307 103.057 467
-23.5762 102.837 466
-24.3706 102.837 466
-25.057 102.395 464
-25.7923 102.175 463
-26.5242 101.954 462
-27.1936 101.513 460
-27.9777 101.513 460
-28.6369 101.071 458
-29.4176 101.071 458
-30.1325 100.85 457
-30.9116 100.85 457
-31.6213 100.63 456
-32.3276 100.409 455
-33.1033 100.409 455
-33.8789 100.409 455
-85.779 102.175 463
-86.5683 102.175 463
-87.5462 102.395 464
-88.3372 102.395 464
-89.1283 102.395 464
-89.9193 102.395 464
-90.9058 102.616 465
-91.6985 102.616 465
-92.4912 102.616 465
-93.2839 102.616 465
-94.0766 102.616 465
-94.6653 102.395 464
-95.2505 102.175 463
-96.0398 102.175 463
-96.8291 102.175 463
-97.6184 102.175 463
-98.1952 101.954 462
-98.7685 101.733 461
-99.5544 101.733 461
-100.34 101.733 461
-101.346 101.954 462
-102.133 101.954 462
-102.921 101.954 462
-103.484 101.733 461
-104.948 102.395 464
-105.739 102.395 464
-106.53 102.395 464
-107.321 102.395 464
-936.802 429.001 1944
-940.116 429.001 1944
-946.827 430.545 1951
-950.153 430.545 1951
-953.479 430.545 1951
-955.824 430.104 1949
-959.146 430.104 1949
-962.469 430.104 1949
-965.792 430.104 1949
-969.114 430.104 1949
-972.437 430.104 1949
-975.759 430.104 1949
-979.082 430.104 1949
-978.876 428.559 1942
-978.646 427.015 1935
-980.93 426.573 1933
-984.225 426.573 1933
-985.477 425.69 1929
-987.228 425.028 1926
-990.511 425.028 1926
-3.04058 106.202 485
-3.86739 106.202 485
-4.69419 106.202 485
-5.52099 106.202 485
-6.33471 105.983 484
-7.14501 105.764 483
-7.9684 105.764 483
-8.75539 105.326 481
-9.57538 105.326 481
-10.3954 105.326 481
-11.2153 105.326 481
-12.0103 105.107 480
-12.8286 105.107 480
-13.6469 105.107 480
-14.4651 105.107 480
-15.2516 104.888 479
-16.0346 104.669 478
-16.779 104.231 476
-17.5904 104.231 476
-18.3632 104.012 475
-19.1326 103.793 474
-19.8565 103.355 472
-20.6174 103.136 471
-21.4203 103.136 471
-22.0817 102.479 468
-22.8307 102.261 467
-23.5762 102.042 466
-24.3706 102.042 466
-25.057 101.604 464
-25.7923 101.385 463
-26.5242 101.166 462
-27.1936 100.728 460
-27.9777 100.728 460
-28.6369 100.29 458
-29.4176 100.29 458
-30.1325 100.071 457
-30.9116 100.071 457
-31.6213 99.8518 456
-32.3276 99.6328 455
-33.1033 99.6328 455
-33.8789 99.6328 455
-85.779 101.385 463
-86.5683 101.385 463
-87.5462 101.604 464
-88.3372 101.604 464
-89.1283 101.604 464
-89.9193 101.604 464
-90.9058 101.823 465
-91.6985 101.823 465
-92.4912 101.823 465
-93.2839 101.823 465
-94.0766 101.823 465
-94.6653 101.604 464
-95.2505 101.385 463
-96.0398 101.385 463
-96.8291 101.385 463
-97.6184 101.385 463
-98.1952 101.166 462
-98.34 100.509 459
-99.1225 100.509 459
-99.905 100.509 459
-101.126 100.947 461
-101.912 100.947 461
-102.698 100.947 461
-103.484 100.947 461
-104.27 100.947 461
-104.6 100.509 459
-105.382 100.509 459
-952.501 426.779 1949
-955.824 426.779 1949
-959.146 426.779 1949
-962.469 426.779 1949
-965.792 426.779 1949
-969.114 426.779 1949
-972.437 426.779 1949
-975.759 426.779 1949
-979.082 426.779 1949
-978.876 425.246 1942
-978.646 423.713 1935
-980.93 423.275 1933
-984.225 423.275 1933
-985.477 422.399 1929
-987.228 421.742 1926
-990.511 421.742 1926
-2.21835 105.592 486
-3.04685 105.592 486
-3.87536 105.592 486
-4.69419 105.375 485
-5.50961 105.157 484
-6.32162 104.94 483
-7.13022 104.723 482
-7.95191 104.723 482
-8.75539 104.506 481
-9.57538 104.506 481
-10.3737 104.288 480
-11.192 104.288 480
-12.0103 104.288 480
-12.8286 104.288 480
-13.6184 104.071 479
-14.435 104.071 479
-15.2197 103.854 478
-16.0011 103.636 477
-16.7437 103.202 475
-17.5535 103.202 475
-18.3246 102.985 474
-19.0923 102.767 473
-19.8565 102.55 472
-20.5736 102.116 470
-21.3749 102.116 470
-22.0817 101.681 468
-22.8307 101.464 467
-23.5762 101.246 466
-24.3706 101.246 466
-25.111 101.029 465
-25.7923 100.595 463
-26.5242 100.377 462
-27.2527 100.16 461
-28.0386 100.16 461
-28.6994 99.7256 459
-29.4176 99.5084 458
-30.1325 99.2911 457
-30.9116 99.2911 457
-31.6213 99.0738 456
-32.3276 98.8566 455
-86.5683 100.595 463
-87.5462 100.812 464
-88.3372 100.812 464
-89.1283 100.812 464
-89.9193 100.812 464
-90.9058 101.029 465
-91.6985 101.029 465
-92.4912 101.029 465
-93.2839 101.029 465
-94.0766 101.029 465
-94.6653 100.812 464
-95.2505 100.595 463
-96.0398 100.595 463
-96.8291 100.595 463
-97.6184 100.595 463
-98.1952 100.377 462
-97.9116 99.2911 457
-99.1225 99.7256 459
-99.905 99.7256 459
-100.907 99.9429 460
-101.912 100.16 461
-102.698 100.16 461
-103.484 100.16 461
-104.044 99.9429 460
-952.501 423.454 1949
-955.824 423.454 1949
-959.146 423.454 1949
-962.469 423.454 1949
-965.792 423.454 1949
-969.114 423.454 1949
-972.437 423.454 1949
-975.759 423.454 1949
-979.082 423.454 1949
-978.876 421.933 1942
-978.646 420.412 1935
-978.9 419.108 1929
-982.189 419.108 1929
-983.944 418.457 1926
-987.228 418.457 1926
-986.397 416.718 1918
-2.21835 104.763 486
-3.04685 104.763 486
-3.87536 104.763 486
-4.69419 104.547 485
-5.50961 104.332 484
-6.32162 104.116 483
-7.13022 103.9 482
-7.95191 103.9 482
-8.75539 103.685 481
-9.57538 103.685 481
-10.3737 103.469 480
-11.192 103.469 480
-12.0103 103.469 480
-12.8019 103.254 479
-13.59 103.038 478
-14.4049 103.038 478
-15.2197 103.038 478
-15.934 102.391 475
-16.7085 102.176 474
-17.5165 102.176 474
-18.2859 101.96 473
-19.0519 101.745 472
-19.8565 101.745 472
-20.5736 101.314 470
-21.3749 101.314 470
-22.0817 100.883 468
-22.8307 100.667 467
-23.5762 100.451 466
-24.3706 100.451 466
-25.111 100.236 465
-25.848 100.02 464
-26.5816 99.8048 463
-27.3709 99.8048 463
-28.0994 99.5892 462
-28.7619 99.1581 460
-29.4176 98.727 458
-30.1984 98.727 458
-30.9792 98.727 458
-31.6213 98.2958 456
-86.5683 99.8048 463
-87.5462 100.02 464
-88.3372 100.02 464
-89.1283 100.02 464
-89.9193 100.02 464
-90.7103 100.02 464
-91.5013 100.02 464
-95.5743 98.5114 457
-96.3534 98.5114 457
-97.1325 98.5114 457
-97.6973 98.2958 456
-98.4747 98.2958 456
-99.0344 98.0803 455
-100.468 98.727 458
-101.691 99.1581 460
-102.475 99.1581 460
-103.259 99.1581 460
-965.792 420.129 1949
-969.114 420.129 1949
-972.437 420.129 1949
-975.759 420.129 1949
-979.082 420.129 1949
-978.876 418.62 1942
-978.646 417.111 1935
-978.9 415.817 1929
-982.189 415.817 1929
-983.944 415.171 1926
-987.228 415.171 1926
-986.397 413.446 1918
-2.21835 103.934 486
-3.04685 103.934 486
-3.87536 103.934 486
-4.69419 103.72 485
-5.50961 103.506 484
-6.32162 103.292 483
-7.13022 103.078 482
-7.95191 103.078 482
-8.75539 102.864 481
-9.55547 102.65 480
-10.3737 102.65 480
-11.192 102.65 480
-12.0103 102.65 480
-12.8019 102.437 479
-13.59 102.223 478
-14.4049 102.223 478
-15.2197 102.223 478
-15.934 101.581 475
-16.7085 101.367 474
-17.5165 101.367 474
-18.2859 101.153 473
-19.0519 100.94 472
-19.8565 100.94 472
-20.5736 100.512 470
-21.3749 100.512 470
-22.0817 100.084 468
-22.8307 99.8703 467
-23.5762 99.6564 466
-24.3706 99.6564 466
-25.165 99.6564 466
-25.848 99.2287 464
-26.5816 99.0148 463
-27.3709 99.0148 463
-28.0994 98.801 462
-28.7619 98.3733 460
-29.5461 98.3733 460
-30.2644 98.1594 459
-31.0468 98.1594 459
-85.5852 92.813 434
-86.524 93.0269 435
-87.2656 93.0269 435
-88.0071 93.0269 435
-89.5648 93.8823 439
-90.3132 93.8823 439
-91.0615 93.8823 439
-95.5743 97.7317 457
-96.3534 97.7317 457
-97.1325 97.7317 457
-97.6973 97.5179 456
-98.4747 97.5179 456
-99.0344 97.304 455
-100.468 97.9456 458
-101.691 98.3733 460
-102.475 98.3733 460
-103.259 98.3733 460
-968.944 415.306 1942
-972.255 415.306 1942
-975.565 415.306 1942
-976.86 414.451 1938
-977.635 413.382 1933
-977.378 411.885 1926
-980.661 411.885 1926
-981.901 411.029 1922
-983.127 410.174 1918
-986.397 410.174 1918
-0.561331 103.104 486
-1.38984 103.104 486
-2.21835 103.104 486
-3.04685 103.104 486
-3.87536 103.104 486
-4.69419 102.892 485
-5.50961 102.68 484
-6.32162 102.468 483
-7.13022 102.256 482
-7.95191 102.256 482
-8.75539 102.044 481
-9.55547 101.831 480
-10.3737 101.831 480
-11.192 101.831 480
-12.0103 101.831 480
-12.8019 101.619 479
-13.59 101.407 478
-14.4049 101.407 478
-15.1879 101.195 477
-15.934 100.771 475
-16.6732 100.346 473
-17.4796 100.346 473
-18.2859 100.346 473
-19.0519 100.134 472
-19.8145 99.9221 471
-20.5299 99.4978 469
-21.3294 99.4978 469
-22.0817 99.2857 468
-22.8307 99.0735 467
-23.5762 98.8614 466
-24.3706 98.8614 466
-25.165 98.8614 466
-25.848 98.4371 464
-26.5816 98.2249 463
-27.3709 98.2249 463
-28.0994 98.0128 462
-28.7619 97.5885 460
-29.5461 97.5885 460
-30.2644 97.3763 459
-31.0468 97.3763 459
-83.3656 92.0726 434
-84.1055 92.0726 434
-84.8454 92.0726 434
-85.5852 92.0726 434
-86.524 92.2847 435
-87.2656 92.2847 435
-88.0071 92.2847 435
-89.5648 93.1333 439
-90.3132 93.1333 439
-91.0615 93.1333 439
-92.0191 93.3455 440
-94.245 94.8305 447
-95.007 94.8305 447
-96.6261 95.6791 451
-97.3949 95.6791 451
-98.1637 95.6791 451
-100.468 97.1642 458
-101.249 97.1642 458
-102.03 97.1642 458
-961.158 410.084 1933
-966.948 411.144 1938
-970.252 411.144 1938
-973.556 411.144 1938
-976.86 411.144 1938
-977.635 410.084 1933
-980.93 410.084 1933
-979.643 408.174 1924
-981.901 407.75 1922
-983.127 406.901 1918
-986.397 406.901 1918
-0.561331 102.275 486
-1.38984 102.275 486
-2.21835 102.275 486
-3.04685 102.275 486
-3.87536 102.275 486
-4.69419 102.065 485
-5.50961 101.854 484
-6.32162 101.644 483
-7.13022 101.433 482
-7.95191 101.433 482
-8.75539 101.223 481
-9.55547 101.013 480
-10.3737 101.013 480
-11.192 101.013 480
-11.9853 100.802 479
-12.7751 100.592 478
-13.5616 100.381 477
-14.3747 100.381 477
-15.1561 100.171 476
-15.9004 99.7499 474
-16.6732 99.5394 473
-17.4796 99.5394 473
-18.2473 99.329 472
-19.0519 99.329 472
-19.8145 99.1185 471
-20.5299 98.6976 469
-21.3294 98.6976 469
-22.0817 98.4872 468
-22.8307 98.2768 467
-23.6268 98.2768 467
-24.4229 98.2768 467
-25.165 98.0663 466
-25.848 97.6454 464
-26.5816 97.435 463
-27.3709 97.435 463
-28.0994 97.2245 462
-28.7619 96.8037 460
-29.5461 96.8037 460
-30.2644 96.5932 459
-31.0468 96.5932 459
-82.4354 91.1217 433
-83.3656 91.3321 434
-84.1055 91.3321 434
-84.8454 91.3321 434
-85.5852 91.3321 434
-86.524 91.5426 435
-87.2656 91.5426 435
-88.0071 91.5426 435
-89.5648 92.3844 439
-90.3132 92.3844 439
-91.0615 92.3844 439
-92.0191 92.5948 440
-92.7691 92.5948 440
-93.5192 92.5948 440
-94.2693 92.5948 440
-95.0194 92.5948 440
-95.7695 92.5948 440
-96.5196 92.5948 440
-951.111 405.313 1926
-954.394 405.313 1926
-961.158 406.786 1933
-968.944 408.68 1942
-972.255 408.68 1942
-975.565 408.68 1942
-978.876 408.68 1942
-977.635 406.786 1933
-980.93 406.786 1933
-982.189 405.944 1929
-985.477 405.944 1929
-988.766 405.944 1929
-992.054 405.944 1929
0.267176 101.446 486
-0.561331 101.446 486
-1.38984 101.446 486
-2.21835 101.446 486
-3.04685 101.446 486
-3.87536 101.446 486
-4.69419 101.237 485
-5.50961 101.029 484
-6.32162 100.82 483
-7.14501 100.82 483
-7.95191 100.611 482
-8.75539 100.402 481
-9.55547 100.194 480
-10.3737 100.194 480
-11.192 100.194 480
-11.9603 99.7761 478
-12.7751 99.7761 478
-13.5616 99.5674 477
-14.3747 99.5674 477
-15.1242 99.1499 475
-15.9004 98.9412 474
-16.6732 98.7324 473
-17.4796 98.7324 473
-18.2473 98.5237 472
-19.0519 98.5237 472
-19.8145 98.315 471
-20.5299 97.8975 469
-21.3294 97.8975 469
-22.0817 97.6888 468
-22.8307 97.48 467
-23.6268 97.48 467
-24.4229 97.48 467
-25.165 97.2713 466
-25.848 96.8538 464
-26.5816 96.6451 463
-27.3709 96.6451 463
-28.0994 96.4363 462
-28.7619 96.0189 460
-29.5461 96.0189 460
-30.3303 96.0189 460
-80.5852 89.9655 431
-81.3199 89.9655 431
-82.4354 90.383 433
-83.3656 90.5917 434
-84.1055 90.5917 434
-84.8454 90.5917 434
-85.5852 90.5917 434
-86.524 90.8004 435
-87.2656 90.8004 435
-88.0071 90.8004 435
-89.5648 91.6354 439
-90.3132 91.6354 439
-91.0615 91.6354 439
-91.8099 91.6354 439
-92.5583 91.6354 439
-93.5192 91.8441 440
-94.2693 91.8441 440
-95.0194 91.8441 440
-95.5518 91.6354 439
-96.3002 91.6354 439
-95.7222 90.383 433
-951.111 402.027 1926
-954.394 402.027 1926
-961.158 403.488 1933
-968.944 405.367 1942
-972.255 405.367 1942
-975.565 405.367 1942
-978.876 405.367 1942
-977.635 403.488 1933
-980.93 403.488 1933
-984.225 403.488 1933
-994.673 406.41 1947
-997.992 406.41 1947
-1001.31 406.41 1947
0.267176 100.617 486
-0.561331 100.617 486
-1.38984 100.617 486
-2.21835 100.617 486
-3.04058 100.41 485
-3.86739 100.41 485
-4.68451 100.203 484
-5.50961 100.203 484
-6.32162 99.9958 483
-7.14501 99.9958 483
-7.95191 99.7887 482
-8.73719 99.3747 480
-9.55547 99.3747 480
-10.3521 99.1676 479
-11.1687 99.1676 479
-11.9603 98.9606 478
-12.7751 98.9606 478
-13.5616 98.7536 477
-14.3747 98.7536 477
-15.1242 98.3395 475
-15.9004 98.1325 474
-16.6732 97.9254 473
-17.4796 97.9254 473
-18.2473 97.7184 472
-19.0519 97.7184 472
-19.8145 97.5114 471
-20.5299 97.0973 469
-21.3294 97.0973 469
-22.0817 96.8903 468
-22.8307 96.6833 467
-23.6268 96.6833 467
-24.4229 96.6833 467
-25.165 96.4762 466
-25.848 96.0622 464
-26.5816 95.8551 463
-27.3709 95.8551 463
-28.1602 95.8551 463
-28.8245 95.4411 461
-29.5461 95.234 460
-30.3303 95.234 460
-80.5852 89.2302 431
-81.3199 89.2302 431
-82.4354 89.6442 433
-83.3656 89.8512 434
-84.1055 89.8512 434
-84.8454 89.8512 434
-85.5852 89.8512 434
-86.524 90.0583 435
-87.2656 90.0583 435
-88.0071 90.0583 435
-89.5648 90.8864 439
-90.3132 90.8864 439
-91.0615 90.8864 439
-91.8099 90.8864 439
-92.5583 90.8864 439
-93.5192 91.0934 440
-94.2693 91.0934 440
-95.0194 91.0934 440
-95.5518 90.8864 439
-96.3002 90.8864 439
-95.7222 89.6442 433
-96.2376 89.4372 432
-951.111 398.741 1926
-954.394 398.741 1926
-961.158 400.19 1933
-968.944 402.053 1942
-972.255 402.053 1942
-975.565 402.053 1942
-978.876 402.053 1942
-977.635 400.19 1933
-980.93 400.19 1933
-984.225 400.19 1933
-994.673 403.088 1947
-997.992 403.088 1947
-1001.31 403.088 1947
0.267176 99.7877 486
-0.561331 99.7877 486
-1.38984 99.7877 486
-2.21835 99.7877 486
-3.04058 99.5824 485
-3.86739 99.5824 485
-4.68451 99.377 484
-5.50961 99.377 484
-6.32162 99.1717 483
-7.14501 99.1717 483
-7.95191 98.9664 482
-8.73719 98.5557 480
-9.55547 98.5557 480
-10.3521 98.3504 479
-11.1687 98.3504 479
-11.9603 98.1451 478
-12.7484 97.9398 477
-13.5331 97.7344 476
-14.3446 97.7344 476
-15.1242 97.5291 475
-15.9004 97.3238 474
-16.6732 97.1185 473
-17.4796 97.1185 473
-18.2473 96.9131 472
-19.0115 96.7078 471
-19.7724 96.5025 470
-20.5299 96.2972 469
-21.3294 96.2972 469
-22.0817 96.0918 468
-22.8307 95.8865 467
-23.5762 95.6812 466
-24.3706 95.6812 466
-25.165 95.6812 466
-25.848 95.2705 464
-26.5816 95.0652 463
-27.3709 95.0652 463
-28.1602 95.0652 463
-28.8245 94.6546 461
-29.5461 94.4492 460
-30.3303 94.4492 460
-79.8504 88.4948 431
-80.5852 88.4948 431
-81.3199 88.4948 431
-82.245 88.7002 432
-83.1736 88.9055 433
-83.9117 88.9055 433
-84.6499 88.9055 433
-85.5852 89.1108 434
-86.3251 89.1108 434
-87.0649 89.1108 434
-88.0071 89.3161 435
-89.3608 89.9321 438
-90.1074 89.9321 438
-90.8541 89.9321 438
-91.8099 90.1374 439
-92.5583 90.1374 439
-93.3067 90.1374 439
-94.0551 90.1374 439
-94.8035 90.1374 439
-95.5518 90.1374 439
-96.3002 90.1374 439
-95.7222 88.9055 433
-96.2376 88.7002 432
-951.111 395.455 1926
-954.394 395.455 1926
-957.678 395.455 1926
-977.635 396.892 1933
-980.93 396.892 1933
-984.225 396.892 1933
-996.716 400.588 1951
-1000.04 400.588 1951
-1003.37 400.588 1951
0.267176 98.9585 486
-0.561331 98.9585 486
-1.38984 98.9585 486
-2.21835 98.9585 486
-3.04058 98.7549 485
-3.86739 98.7549 485
-4.68451 98.5513 484
-5.49822 98.3476 483
-6.30853 98.144 482
-7.13022 98.144 482
-7.95191 98.144 482
-8.73719 97.7368 480
-9.53556 97.5332 479
-10.3305 97.3296 478
-11.1454 97.3296 478
-11.9352 97.1259 477
-12.7217 96.9223 476
-13.5047 96.7187 475
-14.3145 96.7187 475
-15.0924 96.5151 474
-15.8669 96.3115 473
-16.638 96.1078 472
-17.4426 96.1078 472
-18.2086 95.9042 471
-19.0115 95.9042 471
-19.7724 95.7006 470
-20.5736 95.7006 470
-21.3294 95.497 469
-22.0817 95.2934 468
-22.8307 95.0898 467
-23.5762 94.8861 466
-24.3706 94.8861 466
-25.165 94.8861 466
-25.9037 94.6825 465
-26.639 94.4789 464
-27.43 94.4789 464
-28.1602 94.2753 463
-28.887 94.0717 462
-29.6103 93.868 461
-30.3962 93.868 461
-78.9321 87.5559 430
-79.8504 87.7595 431
-80.5852 87.7595 431
-81.3199 87.7595 431
-82.245 87.9631 432
-82.9815 87.9631 432
-83.7179 87.9631 432
-84.4544 87.9631 432
-85.388 88.1667 433
-86.3251 88.3704 434
-87.0649 88.3704 434
-87.8048 88.3704 434
-88.9527 88.7776 436
-90.1074 89.1848 438
-90.8541 89.1848 438
-91.6008 89.1848 438
-92.5583 89.3885 439
-93.3067 89.3885 439
-94.0551 89.3885 439
-94.8035 89.3885 439
-95.5518 89.3885 439
-96.3002 89.3885 439
-95.7222 88.1667 433
-96.2376 87.9631 432
-951.111 392.169 1926
-954.394 392.169 1926
-957.678 392.169 1926
-996.716 397.259 1951
-1000.04 397.259 1951
-1003.37 397.259 1951
0.267176 98.1293 486
-0.561331 98.1293 486
-1.38984 98.1293 486
-2.21835 98.1293 486
-3.04058 97.9274 485
-3.86739 97.9274 485
-4.68451 97.7255 484
-5.49822 97.5236 483
-6.30853 97.3217 482
-7.13022 97.3217 482
-7.95191 97.3217 482
-8.73719 96.9179 480
-9.53556 96.716 479
-10.3305 96.514 478
-11.1454 96.514 478
-11.9102 96.1102 476
-12.695 95.9083 475
-13.4763 95.7064 474
-14.2843 95.7064 474
-15.0605 95.5045 473
-15.8333 95.3026 472
-16.638 95.3026 472
-17.4426 95.3026 472
-18.2086 95.1007 471
-19.0115 95.1007 471
-19.7724 94.8987 470
-20.5736 94.8987 470
-21.3294 94.6968 469
-22.0817 94.4949 468
-22.8307 94.293 467
-23.6268 94.293 467
-24.4229 94.293 467
-25.165 94.0911 466
-25.9037 93.8892 465
-26.639 93.6873 464
-27.43 93.6873 464
-28.221 93.6873 464
-28.9495 93.4854 463
-29.6103 93.0815 461
-30.3962 93.0815 461
-78.9321 86.8223 430
-79.8504 87.0242 431
-80.5852 87.0242 431
-81.3199 87.0242 431
-82.245 87.2261 432
-82.9815 87.2261 432
-83.7179 87.2261 432
-84.4544 87.2261 432
-85.388 87.428 433
-86.1262 87.428 433
-86.8643 87.428 433
-87.8048 87.6299 434
-88.7487 87.8318 435
-89.696 88.0337 436
-90.4393 88.0337 436
-91.6008 88.4376 438
-92.5583 88.6395 439
-93.5192 88.8414 440
-94.2693 88.8414 440
-95.0194 88.8414 440
-95.5518 88.6395 439
-96.3002 88.6395 439
-95.7222 87.428 433
-96.2376 87.2261 432
-996.716 393.931 1951
-1000.04 393.931 1951
-1003.37 393.931 1951
0.267176 97.3002 486
-0.561331 97.3002 486
-1.38984 97.3002 486
-2.21835 97.3002 486
-3.04058 97.1 485
-3.86739 97.1 485
-4.68451 96.8998 484
-5.49822 96.6996 483
-6.30853 96.4994 482
-7.13022 96.4994 482
-7.93541 96.2991 481
-8.73719 96.0989 480
-9.53556 95.8987 479
-10.3089 95.4983 477
-11.1221 95.4983 477
-11.9102 95.2981 476
-12.695 95.0979 475
-13.4763 94.8977 474
-14.2843 94.8977 474
-15.0605 94.6975 473
-15.8333 94.4973 472
-16.638 94.4973 472
-17.4426 94.4973 472
-18.2086 94.2971 471
-19.0115 94.2971 471
-19.7724 94.0969 470
-20.5736 94.0969 470
-21.3294 93.8967 469
-22.1289 93.8967 469
-22.8796 93.6965 468
-23.6268 93.4963 467
-24.4229 93.4963 467
-25.165 93.2961 466
-25.9037 93.0958 465
-26.639 92.8956 464
-27.43 92.8956 464
-28.221 92.8956 464
-28.9495 92.6954 463
-29.6103 92.295 461
-30.3962 92.295 461
-78.9321 86.0886 430
-79.6651 86.0886 430
-80.3982 86.0886 430
-81.1312 86.0886 430
-82.0546 86.2888 431
-82.7894 86.2888 431
-83.7179 86.489 432
-84.4544 86.489 432
-85.388 86.6893 433
-86.1262 86.6893 433
-86.8643 86.6893 433
-87.8048 86.8895 434
-88.7487 87.0897 435
-89.696 87.2899 436
-90.4393 87.2899 436
-91.6008 87.6903 438
-92.5583 87.8905 439
-93.5192 88.0907 440
-94.2693 88.0907 440
-95.0194 88.0907 440
-95.5518 87.8905 439
-96.3002 87.8905 439
-95.7222 86.6893 433
-96.2376 86.489 432
1.09568 96.471 486
0.267176 96.471 486
-0.561331 96.471 486
-1.38984 96.471 486
-2.21835 96.471 486
-3.04058 96.2725 485
-3.86739 96.2725 485
-4.68451 96.074 484
-5.49822 95.8755 483
-6.29544 95.4785 481
-7.11543 95.4785 481
-7.93541 95.4785 481
-8.71899 95.0815 479
-9.51565 94.883 478
-10.3089 94.6845 477
-11.1221 94.6845 477
-11.8852 94.2875 475
-12.6682 94.089 474
-13.4478 93.8905 473
-14.2542 93.8905 473
-15.0605 93.8905 473
-15.8333 93.692 472
-16.638 93.692 472
-17.4426 93.692 472
-18.2086 93.4935 471
-19.0115 93.4935 471
-19.7724 93.295 470
-20.5736 93.295 470
-21.3294 93.0965 469
-22.1289 93.0965 469
-22.8796 92.898 468
-23.6268 92.6995 467
-24.4229 92.6995 467
-25.165 92.501 466
-25.9037 92.3025 465
-26.639 92.104 464
-27.43 92.104 464
-28.221 92.104 464
-28.9495 91.9055 463
-77.1057 84.958 428
-77.8353 84.958 428
-78.9321 85.355 430
-79.6651 85.355 430
-80.3982 85.355 430
-81.1312 85.355 430
-82.0546 85.5535 431
-82.7894 85.5535 431
-83.7179 85.752 432
-84.4544 85.752 432
-85.388 85.9505 433
-86.1262 85.9505 433
-86.8643 85.9505 433
-87.8048 86.149 434
-88.7487 86.3475 435
-89.696 86.546 436
-90.4393 86.546 436
-91.6008 86.943 438
-92.5583 87.1415 439
-93.5192 87.34 440
-94.2693 87.34 440
-95.0194 87.34 440
-95.5518 87.1415 439
-96.3002 87.1415 439
-95.7222 85.9505 433
-96.0148 85.5535 431
1.09568 95.6418 486
0.267176 95.6418 486
-0.561331 95.6418 486
-1.38984 95.6418 486
-2.21835 95.6418 486
-3.03431 95.2483 484
-3.85941 95.2483 484
-4.67483 95.0515 483
-5.49822 95.0515 483
-6.29544 94.6579 481
-7.11543 94.6579 481
-7.93541 94.6579 481
-8.71899 94.2643 479
-9.49575 93.8707 477
-10.2873 93.6739 476
-11.0988 93.6739 476
-11.8602 93.2803 474
-12.6682 93.2803 474
-13.4478 93.0835 473
-14.2542 93.0835 473
-15.0605 93.0835 473
-15.8333 92.8867 472
-16.638 92.8867 472
-17.4426 92.8867 472
-18.2086 92.6899 471
-19.0115 92.6899 471
-19.7724 92.4931 470
-20.5736 92.4931 470
-21.3294 92.2963 469
-22.1289 92.2963 469
-22.8796 92.0996 468
-23.6774 92.0996 468
-24.4229 91.9028 467
-25.219 91.9028 467
-25.9037 91.5092 465
-26.639 91.3124 464
-27.43 91.3124 464
-28.221 91.3124 464
-75.6623 83.4406 424
-77.1057 84.2278 428
-77.8353 84.2278 428
-78.7485 84.4246 429
-79.6651 84.6214 430
-80.3982 84.6214 430
-81.1312 84.6214 430
-82.0546 84.8182 431
-82.7894 84.8182 431
-83.7179 85.015 432
-84.4544 85.015 432
-85.388 85.2118 433
-86.1262 85.2118 433
-86.8643 85.2118 433
-87.8048 85.4086 434
-88.7487 85.6053 435
-89.696 85.8021 436
-90.4393 85.8021 436
-91.1825 85.8021 436
-92.5583 86.3925 439
-93.5192 86.5893 440
-94.2693 86.5893 440
-95.0194 86.5893 440
-95.5518 86.3925 439
-96.3002 86.3925 439
-95.5011 85.015 432
-96.0148 84.8182 431
2.7527 94.8127 486
1.92419 94.8127 486
1.09568 94.8127 486
0.267176 94.8127 486
-0.561331 94.8127 486
-1.38984 94.8127 486
-2.21835 94.8127 486
-3.03431 94.4225 484
-3.85941 94.4225 484
-4.67483 94.2274 483
-5.49822 94.2274 483
-6.29544 93.8372 481
-7.11543 93.8372 481
-7.93541 93.8372 481
-8.71899 93.4471 479
-9.49575 93.0569 477
-10.2873 92.8618 476
-11.0988 92.8618 476
-11.8602 92.4716 474
-12.6415 92.2765 473
-13.4478 92.2765 473
-14.2542 92.2765 473
-15.0605 92.2765 473
-15.8333 92.0814 472
-16.638 92.0814 472
-17.4426 92.0814 472
-18.2086 91.8864 471
-19.0115 91.8864 471
-19.7724 91.6913 470
-20.5736 91.6913 470
-21.3294 91.4962 469
-22.1289 91.4962 469
-22.8796 91.3011 468
-23.6774 91.3011 468
-24.4229 91.106 467
-25.219 91.106 467
-25.9037 90.7158 465
-26.639 90.5207 464
-27.43 90.5207 464
-28.221 90.5207 464
-75.6623 82.7172 424
-77.1057 83.4976 428
-77.8353 83.4976 428
-78.7485 83.6927 429
-79.6651 83.8878 430
-80.3982 83.8878 430
-81.1312 83.8878 430
-82.0546 84.0828 431
-82.7894 84.0828 431
-83.7179 84.2779 432
-84.4544 84.2779 432
-85.388 84.473 433
-86.1262 84.473 433
-86.8643 84.473 433
-87.8048 84.6681 434
-88.5447 84.6681 434
-89.4903 84.8632 435
-90.2318 84.8632 435
-91.1825 85.0583 436
-92.1366 85.2534 437
-92.8816 85.2534 437
-93.6266 85.2534 437
-93.8106 84.0828 431
-94.5453 84.0828 431
-95.2801 84.0828 431
-95.792 83.8878 430
2.7527 93.9835 486
1.92419 93.9835 486
1.09568 93.9835 486
0.267176 93.9835 486
-0.561331 93.9835 486
-1.38984 93.9835 486
-2.21378 93.7901 485
-3.03431 93.5967 484
-3.85941 93.5967 484
-4.67483 93.4034 483
-5.48684 93.21 482
-6.29544 93.0166 481
-7.11543 93.0166 481
-7.91891 92.8232 480
-8.70079 92.4365 478
-9.49575 92.2431 477
-10.2657 91.8563 475
-11.0754 91.8563 475
-11.8602 91.6629 474
-12.6415 91.4696 473
-13.4478 91.4696 473
-14.2542 91.4696 473
-15.0605 91.4696 473
-15.8333 91.2762 472
-16.638 91.2762 472
-17.4426 91.2762 472
-18.2086 91.0828 471
-19.0115 91.0828 471
-19.7724 90.8894 470
-20.5736 90.8894 470
-21.3294 90.696 469
-22.1289 90.696 469
-22.8796 90.5026 468
-23.6774 90.5026 468
-24.4229 90.3093 467
-25.219 90.3093 467
-25.9037 89.9225 465
-26.6964 89.9225 465
-27.4891 89.9225 465
-28.221 89.7291 464
-75.6623 81.9938 424
-76.9256 82.574 427
-77.6535 82.574 427
-78.7485 82.9607 429
-79.6651 83.1541 430
-80.3982 83.1541 430
-81.1312 83.1541 430
-82.0546 83.3475 431
-82.7894 83.3475 431
-83.7179 83.5409 432
-84.4544 83.5409 432
-85.388 83.7343 433
-86.1262 83.7343 433
-86.8643 83.7343 433
-87.8048 83.9277 434
-88.5447 83.9277 434
-89.4903 84.121 435
-90.2318 84.121 435
-91.1825 84.3144 436
-92.1366 84.5078 437
-92.8816 84.5078 437
-93.6266 84.5078 437
-93.8106 83.3475 431
-94.5453 83.3475 431
-95.2801 83.3475 431
-95.792 83.1541 430
2.7527 93.1543 486
1.92419 93.1543 486
1.09568 93.1543 486
0.267176 93.1543 486
-0.561331 93.1543 486
-1.38984 93.1543 486
-2.20922 92.771 484
-3.03431 92.771 484
-3.85941 92.771 484
-4.67483 92.5793 483
-5.48684 92.3876 482
-6.29544 92.196 481
-7.11543 92.196 481
-7.91891 92.0043 480
-8.70079 91.6209 478
-9.49575 91.4293 477
-10.2657 91.0459 475
-11.0754 91.0459 475
-11.8602 90.8542 474
-12.6415 90.6626 473
-13.4478 90.6626 473
-14.2542 90.6626 473
-15.0605 90.6626 473
-15.8333 90.4709 472
-16.638 90.4709 472
-17.4426 90.4709 472
-18.2086 90.2792 471
-18.9712 90.0875 470
-19.7724 90.0875 470
-20.5736 90.0875 470
-21.3294 89.8959 469
-22.1289 89.8959 469
-22.8307 89.5125 467
-23.6268 89.5125 467
-24.4229 89.5125 467
-25.219 89.5125 467
-25.9037 89.1292 465
-26.6964 89.1292 465
-27.4891 89.1292 465
-28.221 88.9375 464
-75.6623 81.2705 424
-76.9256 81.8455 427
-77.6535 81.8455 427
-78.7485 82.2288 429
-79.6651 82.4205 430
-80.3982 82.4205 430
-81.1312 82.4205 430
-81.8643 82.4205 430
-82.5973 82.4205 430
-83.7179 82.8039 432
-84.4544 82.8039 432
-85.388 82.9955 433
-86.1262 82.9955 433
-86.8643 82.9955 433
-87.6025 82.9955 433
-88.5447 83.1872 434
-89.2845 83.1872 434
-90.0244 83.1872 434
-90.7643 83.1872 434
-91.5041 83.1872 434
-92.244 83.1872 434
2.7527 92.3252 486
1.92419 92.3252 486
1.09568 92.3252 486
0.267176 92.3252 486
-0.561331 92.3252 486
-1.38698 92.1352 485
-2.20922 91.9452 484
-3.02805 91.7553 483
-3.85144 91.7553 483
-4.67483 91.7553 483
-5.48684 91.5653 482
-6.29544 91.3753 481
-7.11543 91.3753 481
-7.91891 91.1854 480
-8.70079 90.8054 478
-9.47584 90.4255 476
-10.2657 90.2355 475
-11.0754 90.2355 475
-11.8602 90.0455 474
-12.6682 90.0455 474
-13.4478 89.8556 473
-14.2542 89.8556 473
-15.0605 89.8556 473
-15.8333 89.6656 472
-16.638 89.6656 472
-17.4426 89.6656 472
-18.2086 89.4756 471
-18.9712 89.2857 470
-19.7724 89.2857 470
-20.5736 89.2857 470
-21.3749 89.2857 470
-22.1289 89.0957 469
-22.8307 88.7158 467
-23.6268 88.7158 467
-24.4229 88.7158 467
-25.219 88.7158 467
-25.9037 88.3358 465
-26.6964 88.3358 465
-27.4891 88.3358 465
-28.221 88.1458 464
-75.4838 80.3571 423
-76.9256 81.117 427
-77.6535 81.117 427
-78.7485 81.4969 429
-79.4799 81.4969 429
-80.3982 81.6869 430
-81.1312 81.6869 430
-81.8643 81.6869 430
-82.5973 81.6869 430
-83.5241 81.8769 431
-84.2589 81.8769 431
-85.1908 82.0668 432
-86.1262 82.2568 433
-86.8643 82.2568 433
-87.6025 82.2568 433
-88.3407 82.2568 433
-89.0788 82.2568 433
-89.817 82.2568 433
-90.5551 82.2568 433
2.7527 91.496 486
1.92419 91.496 486
1.09568 91.496 486
0.267176 91.496 486
-0.561331 91.496 486
-1.38698 91.3077 485
-2.20922 91.1195 484
-3.02805 90.9312 483
-3.85144 90.9312 483
-4.67483 90.9312 483
-5.48684 90.743 482
-6.29544 90.5547 481
-7.11543 90.5547 481
-7.91891 90.3664 480
-8.70079 89.9899 478
-9.47584 89.6134 476
-10.2657 89.4251 475
-11.0754 89.4251 475
-11.8602 89.2369 474
-12.6682 89.2369 474
-13.4478 89.0486 473
-14.2542 89.0486 473
-15.0605 89.0486 473
-15.8333 88.8603 472
-16.638 88.8603 472
-17.4426 88.8603 472
-18.2086 88.6721 471
-19.0115 88.6721 471
-19.7724 88.4838 470
-20.5736 88.4838 470
-21.3749 88.4838 470
-22.1289 88.2955 469
-22.8307 87.919 467
-23.6268 87.919 467
-24.4229 87.919 467
-25.219 87.919 467
-25.9037 87.5425 465
-26.6964 87.5425 465
-27.4891 87.5425 465
-75.4838 79.6354 423
-76.9256 80.3885 427
-77.6535 80.3885 427
-78.7485 80.765 429
-79.4799 80.765 429
-80.3982 80.9533 430
-81.1312 80.9533 430
-81.8643 80.9533 430
-82.5973 80.9533 430
-83.5241 81.1415 431
-84.2589 81.1415 431
-85.1908 81.3298 432
-85.9273 81.3298 432
-86.6637 81.3298 432
-87.4002 81.3298 432
-88.3407 81.5181 433
-89.0788 81.5181 433
-89.817 81.5181 433
-90.346 81.3298 432
-90.8716 81.1415 431
-91.6063 81.1415 431
2.7527 90.6668 486
1.92419 90.6668 486
1.09568 90.6668 486
0.267176 90.6668 486
-0.561331 90.6668 486
-1.38412 90.2937 484
-2.20922 90.2937 484
-3.02805 90.1072 483
-3.85144 90.1072 483
-4.67483 90.1072 483
-5.47546 89.7341 481
-6.28235 89.5475 480
-7.10063 89.5475 480
-7.91891 89.5475 480
-8.70079 89.1744 478
-9.47584 88.8013 476
-10.2657 88.6147 475
-11.0754 88.6147 475
-11.8602 88.4282 474
-12.6682 88.4282 474
-13.4478 88.2416 473
-14.2542 88.2416 473
-15.0605 88.2416 473
-15.8333 88.055 472
-16.638 88.055 472
-17.4426 88.055 472
-18.2086 87.8685 471
-19.0115 87.8685 471
-19.7724 87.6819 470
-20.5736 87.6819 470
-21.3749 87.6819 470
-22.1289 87.4954 469
-22.8307 87.1223 467
-23.6268 87.1223 467
-24.4229 87.1223 467
-25.273 87.3088 468
-26.0708 87.3088 468
-26.8687 87.3088 468
-27.4891 86.7491 465
-75.4838 78.9137 423
-76.9256 79.66 427
-77.6535 79.66 427
-78.565 79.8465 428
-79.4799 80.0331 429
-80.2112 80.0331 429
-80.9425 80.0331 429
-81.6739 80.0331 429
-82.4052 80.0331 429
-83.3303 80.2196 430
-84.0634 80.2196 430
-84.9936 80.4062 431
-85.9273 80.5928 432
-86.6637 80.5928 432
-87.4002 80.5928 432
-88.3407 80.7793 433
-89.0788 80.7793 433
-89.817 80.7793 433
-90.346 80.5928 432
-90.8716 80.4062 431
-91.6063 80.4062 431
-92.3411 80.4062 431
1.09117 89.468 484
0.266077 89.468 484
-0.559021 89.468 484
-1.38412 89.468 484
-2.20465 89.2831 483
-3.02805 89.2831 483
-3.85144 89.2831 483
-4.66515 89.0983 482
-5.47546 88.9134 481
-6.28235 88.7286 480
-7.10063 88.7286 480
-7.90241 88.5437 479
-8.70079 88.3589 478
-9.47584 87.9892 476
-10.2657 87.8043 475
-11.0754 87.8043 475
-11.8602 87.6195 474
-12.6682 87.6195 474
-13.4478 87.4346 473
-14.2542 87.4346 473
-15.0605 87.4346 473
-15.8333 87.2498 472
-16.638 87.2498 472
-17.4426 87.2498 472
-18.2086 87.0649 471
-19.0115 87.0649 471
-19.7724 86.8801 470
-20.5736 86.8801 470
-21.3749 86.8801 470
-22.1289 86.6952 469
-22.8307 86.3255 467
-23.6268 86.3255 467
-24.4229 86.3255 467
-25.273 86.5104 468
-26.0708 86.5104 468
-26.8687 86.5104 468
-27.4891 85.9558 465
-75.4838 78.192 423
-76.7454 78.7466 426
-77.4716 78.7466 426
-78.3814 78.9315 427
-79.2946 79.1163 428
-80.2112 79.3012 429
-80.9425 79.3012 429
-81.6739 79.3012 429
-82.4052 79.3012 429
-83.3303 79.486 430
-84.0634 79.486 430
-84.7964 79.486 430
-85.7284 79.6709 431
-86.4631 79.6709 431
-87.1979 79.6709 431
-87.9326 79.6709 431
-88.6674 79.6709 431
-89.4021 79.6709 431
-90.1369 79.6709 431
-90.8716 79.6709 431
-91.6063 79.6709 431
-92.3411 79.6709 431
0.265527 88.4591 483
-0.557866 88.4591 483
-1.38126 88.4591 483
-2.20465 88.4591 483
-3.02178 88.2759 482
-3.84346 88.2759 482
-4.65547 88.0928 481
-5.46407 87.9096 480
-6.26927 87.7265 479
-7.08584 87.7265 479
-7.88592 87.5434 478
-8.68258 87.3602 477
-9.45593 86.9939 475
-10.2441 86.8108 474
-11.0521 86.8108 474
-11.8602 86.8108 474
-12.6682 86.8108 474
-13.4478 86.6276 473
-14.2542 86.6276 473
-15.0605 86.6276 473
-15.8333 86.4445 472
-16.6027 86.2613 471
-17.4057 86.2613 471
-18.2086 86.2613 471
-19.0115 86.2613 471
-19.7724 86.0782 470
-20.5736 86.0782 470
-21.3749 86.0782 470
-22.1289 85.895 469
-22.8307 85.5288 467
-23.6268 85.5288 467
-24.4229 85.5288 467
-25.273 85.7119 468
-26.0708 85.7119 468
-26.8687 85.7119 468
-75.4838 77.4704 423
-76.5652 77.8367 425
-77.2898 77.8367 425
-78.1978 78.0198 426
-79.1093 78.2029 427
-80.0242 78.3861 428
-80.7539 78.3861 428
-81.4835 78.3861 428
-82.2131 78.3861 428
-83.1366 78.5692 429
-83.8679 78.5692 429
-84.7964 78.7524 430
-85.7284 78.9355 431
-86.4631 78.9355 431
-87.1979 78.9355 431
-87.9326 78.9355 431
-88.6674 78.9355 431
-89.4021 78.9355 431
-90.1369 78.9355 431
-90.8716 78.9355 431
-91.6063 78.9355 431
-92.3411 78.9355 431
0.265527 87.635 483
-0.557866 87.635 483
-1.38126 87.635 483
-2.20465 87.635 483
-3.02178 87.4536 482
-3.84346 87.4536 482
-4.65547 87.2721 481
-5.46407 87.0907 480
-6.26927 86.9093 479
-7.08584 86.9093 479
-7.88592 86.7278 478
-8.68258 86.5464 477
-9.45593 86.1835 475
-10.2441 86.0021 474
-11.0521 86.0021 474
-11.8602 86.0021 474
-12.6682 86.0021 474
-13.4478 85.8206 473
-14.2542 85.8206 473
-15.0605 85.8206 473
-15.8333 85.6392 472
-16.638 85.6392 472
-17.4426 85.6392 472
-18.2086 85.4578 471
-19.0115 85.4578 471
-19.8145 85.4578 471
-20.6174 85.4578 471
-21.3749 85.2763 470
-22.1289 85.0949 469
-22.8307 84.732 467
-23.6268 84.732 467
-24.4229 84.732 467
-25.273 84.9134 468
-26.0708 84.9134 468
-26.8687 84.9134 468
-75.4838 76.7487 423
-76.5652 77.1116 425
-77.2898 77.1116 425
-78.1978 77.293 426
-79.1093 77.4744 427
-80.0242 77.6559 428
-80.7539 77.6559 428
-81.4835 77.6559 428
-82.2131 77.6559 428
-83.1366 77.8373 429
-83.8679 77.8373 429
-84.7964 78.0188 430
-85.5295 78.0188 430
-86.2625 78.0188 430
-87.1979 78.2002 431
-87.9326 78.2002 431
-88.6674 78.2002 431
-89.4021 78.2002 431
-90.1369 78.2002 431
-90.8716 78.2002 431
-91.6063 78.2002 431
-92.3411 78.2002 431
-0.555556 86.4515 481
-1.37554 86.4515 481
-2.19552 86.4515 481
-3.01551 86.4515 481
-3.83549 86.4515 481
-4.6458 86.2718 480
-5.45269 86.092 479
-6.26927 86.092 479
-7.08584 86.092 479
-7.86942 85.7326 477
-8.66438 85.5528 476
-9.43603 85.1934 474
-10.2441 85.1934 474
-11.0521 85.1934 474
-11.8602 85.1934 474
-12.6682 85.1934 474
-13.4478 85.0136 473
-14.2542 85.0136 473
-15.0605 85.0136 473
-15.8333 84.8339 472
-16.638 84.8339 472
-17.4426 84.8339 472
-18.2473 84.8339 472
-19.0115 84.6542 471
-19.8145 84.6542 471
-20.6174 84.6542 471
-21.3749 84.4744 470
-22.1761 84.4744 470
-22.8796 84.115 468
-23.6774 84.115 468
-24.4752 84.115 468
-25.273 84.115 468
-26.0708 84.115 468
-26.8687 84.115 468
-74.9485 75.4878 420
-76.3851 76.2067 424
-77.1079 76.2067 424
-78.1978 76.5662 426
-79.1093 76.7459 427
-79.8373 76.7459 427
-80.5652 76.7459 427
-81.2931 76.7459 427
-82.021 76.7459 427
-82.9428 76.9257 428
-83.6724 76.9257 428
-84.5992 77.1054 429
-85.5295 77.2851 430
-86.2625 77.2851 430
-87.1979 77.4649 431
-87.9326 77.4649 431
-88.6674 77.4649 431
-89.4021 77.4649 431
-90.1369 77.4649 431
-90.8716 77.4649 431
-91.6063 77.4649 431
-92.3411 77.4649 431
-0.554401 85.4529 480
-1.37268 85.4529 480
-2.19096 85.4529 480
-3.00924 85.4529 480
-3.82752 85.4529 480
-4.63612 85.2748 479
-5.45269 85.2748 479
-6.24309 84.9188 477
-7.05625 84.9188 477
-7.85292 84.7407 476
-8.64618 84.5627 475
-9.43603 84.3847 474
-10.2441 84.3847 474
-11.0521 84.3847 474
-11.8602 84.3847 474
-12.6682 84.3847 474
-13.4478 84.2067 473
-14.2542 84.2067 473
-15.0605 84.2067 473
-15.8333 84.0286 472
-16.638 84.0286 472
-17.4426 84.0286 472
-18.2473 84.0286 472
-19.0115 83.8506 471
-19.8145 83.8506 471
-20.6174 83.8506 471
-21.3749 83.6726 470
-22.1761 83.6726 470
-22.8796 83.3165 468
-23.6774 83.3165 468
-24.4752 83.3165 468
-25.219 83.1385 467
-74.77 74.5932 419
-76.0248 75.1273 422
-76.7442 75.1273 422
-78.0143 75.6614 425
-79.1093 76.0174 427
-79.8373 76.0174 427
-80.5652 76.0174 427
-81.2931 76.0174 427
-81.829 75.8394 426
-82.749 76.0174 427
-83.4769 76.0174 427
-84.2048 76.0174 427
-85.3306 76.3735 429
-86.0619 76.3735 429
-86.7932 76.3735 429
-87.3206 76.1955 428
-88.0502 76.1955 428
-88.7798 76.1955 428
-89.9277 76.5515 430
-90.6608 76.5515 430
-91.3938 76.5515 430
-0.554401 84.6339 480
-1.37268 84.6339 480
-2.19096 84.6339 480
-3.00297 84.4576 479
-3.81954 84.4576 479
-4.63612 84.4576 479
-5.44131 84.2813 478
-6.24309 84.105 477
-7.05625 84.105 477
-7.85292 83.9286 476
-8.64618 83.7523 475
-9.43603 83.576 474
-10.2441 83.576 474
-11.0521 83.576 474
-11.8602 83.576 474
-12.6682 83.576 474
-13.4763 83.576 474
-14.2843 83.576 474
-15.0605 83.3997 473
-15.8333 83.2234 472
-16.638 83.2234 472
-17.4426 83.2234 472
-18.2473 83.2234 472
-19.0115 83.047 471
-19.8145 83.047 471
-20.6174 83.047 471
-21.4203 83.047 471
-22.1761 82.8707 470
-22.8796 82.5181 468
-23.6774 82.5181 468
-24.4752 82.5181 468
-25.219 82.3418 467
-79.6503 75.1126 426
-80.3765 75.1126 426
-81.1027 75.1126 426
-81.829 75.1126 426
-82.5552 75.1126 426
-83.2814 75.1126 426
-84.0076 75.1126 426
-84.9328 75.2889 427
-85.8613 75.4652 428
-86.5909 75.4652 428
-87.3206 75.4652 428
-88.0502 75.4652 428
-88.7798 75.4652 428
-0.554401 83.815 480
-1.37268 83.815 480
-2.19096 83.815 480
-3.00297 83.6404 479
-3.81954 83.6404 479
-4.63612 83.6404 479
-5.44131 83.4658 478
-6.24309 83.2911 477
-7.05625 83.2911 477
-7.85292 83.1165 476
-8.64618 82.9419 475
-9.43603 82.7673 474
-10.2441 82.7673 474
-11.0521 82.7673 474
-11.8602 82.7673 474
-12.6682 82.7673 474
-13.4763 82.7673 474
-14.2843 82.7673 474
-15.0605 82.5927 473
-15.8333 82.4181 472
-16.638 82.4181 472
-17.4426 82.4181 472
-18.2473 82.4181 472
-19.0115 82.2435 471
-19.8145 82.2435 471
-20.6174 82.2435 471
-21.4203 82.2435 471
-22.1761 82.0688 470
-22.9773 82.0688 470
-23.7786 82.0688 470
-24.4752 81.7196 468
-25.219 81.545 467
-79.6503 74.3858 426
-80.3765 74.3858 426
-81.1027 74.3858 426
-81.829 74.3858 426
-82.5552 74.3858 426
-83.2814 74.3858 426
-84.0076 74.3858 426
-84.9328 74.5604 427
-85.6607 74.5604 427
-86.3886 74.5604 427
-2.18639 82.8232 479
-3.00297 82.8232 479
-3.81954 82.8232 479
-4.62644 82.6502 478
-5.44131 82.6502 478
-6.23 82.3044 476
-7.04146 82.3044 476
-7.83642 82.1315 475
-8.64618 82.1315 475
-9.43603 81.9586 474
-10.2441 81.9586 474
-11.0521 81.9586 474
-11.8852 82.1315 475
-12.695 82.1315 475
-13.5047 82.1315 475
-14.2843 81.9586 474
-15.0924 81.9586 474
-15.8669 81.7857 473
-16.638 81.6128 472
-17.4426 81.6128 472
-18.2473 81.6128 472
-19.0519 81.6128 472
-19.8145 81.4399 471
-20.6174 81.4399 471
-21.4203 81.4399 471
-22.2233 81.4399 471
-22.9773 81.267 470
-23.7786 81.267 470
-24.4752 80.9212 468
-25.219 80.7483 467
-0.555556 82.3483 481
-1.37554 82.3483 481
-2.19552 82.3483 481
-3.00924 82.1771 480
-3.82752 82.1771 480
-4.62644 81.8347 478
-5.42992 81.6635 477
-6.23 81.4923 476
-7.04146 81.4923 476
-7.83642 81.3211 475
-8.64618 81.3211 475
-9.43603 81.1499 474
-10.2657 81.3211 475
-11.0754 81.3211 475
-11.8852 81.3211 475
-12.695 81.3211 475
-13.5047 81.3211 475
-14.2843 81.1499 474
-15.0924 81.1499 474
-15.8669 80.9787 473
-16.638 80.8075 472
-17.4426 80.8075 472
-18.2473 80.8075 472
-19.0519 80.8075 472
-19.8145 80.6363 471
-20.6174 80.6363 471
-21.4203 80.6363 471
-22.2233 80.6363 471
-22.9773 80.4651 470
-23.7786 80.4651 470
-0.555556 81.5277 481
-1.37554 81.5277 481
-2.19552 81.5277 481
-3.00924 81.3582 480
-3.82752 81.3582 480
-4.61676 80.8497 477
-5.42992 80.8497 477
-6.21691 80.5107 475
-7.02667 80.5107 475
-7.83642 80.5107 475
-8.62798 80.3412 474
-9.45593 80.5107 475
-10.2657 80.5107 475
-11.0754 80.5107 475
-11.8852 80.5107 475
-12.695 80.5107 475
-13.5047 80.5107 475
-14.2843 80.3412 474
-15.0924 80.3412 474
-15.8669 80.1717 473
-16.6732 80.1717 473
-17.4796 80.1717 473
-18.2473 80.0022 472
-19.0519 80.0022 472
-19.8565 80.0022 472
-20.6612 80.0022 472
-21.4658 80.0022 472
-22.2233 79.8327 471
-0.555556 80.7071 481
-1.37554 80.7071 481
-2.19552 80.7071 481
-3.00924 80.5393 480
-3.82752 80.5393 480
-4.61676 80.0359 477
-5.42992 80.0359 477
-6.21691 79.7003 475
-7.02667 79.7003 475
-7.83642 79.7003 475
-8.64618 79.7003 475
-9.45593 79.7003 475
-10.2873 79.8681 476
-11.0988 79.8681 476
-11.9102 79.8681 476
-12.695 79.7003 475
-13.5047 79.7003 475
-14.2843 79.5325 474
-15.0924 79.5325 474
-15.8669 79.3647 473
-16.6732 79.3647 473
-17.4796 79.3647 473
-18.2859 79.3647 473
-19.0519 79.197 472
-19.8565 79.197 472
-20.6612 79.197 472
-21.4658 79.197 472
-22.2233 79.0292 471
-0.555556 79.8864 481
-1.37554 79.8864 481
-2.19552 79.8864 481
-3.00924 79.7203 480
-3.82752 79.7203 480
-4.61676 79.2221 477
-5.41854 79.056 476
-6.21691 78.8899 475
-7.02667 78.8899 475
-7.83642 78.8899 475
-8.64618 78.8899 475
-9.45593 78.8899 475
-10.2873 79.056 476
-11.0988 79.056 476
-11.9102 79.056 476
-12.695 78.8899 475
-13.5047 78.8899 475
-14.2843 78.7238 474
-15.0924 78.7238 474
-15.8669 78.5578 473
-16.6732 78.5578 473
-17.4796 78.5578 473
-18.2859 78.5578 473
-19.0519 78.3917 472
-19.8565 78.3917 472
-20.6612 78.3917 472
-21.4658 78.3917 472
-22.2233 78.2256 471
-2.18183 78.5727 478
-2.9967 78.5727 478
-3.81157 78.5727 478
-4.61676 78.4083 477
-5.41854 78.2439 476
-6.23 78.2439 476
-7.04146 78.2439 476
-7.83642 78.0795 475
-8.64618 78.0795 475
-9.47584 78.2439 476
-10.2873 78.2439 476
-11.0988 78.2439 476
-11.9102 78.2439 476
-12.7217 78.2439 476
-13.5331 78.2439 476
-14.2843 77.9151 474
-15.0924 77.9151 474
-15.8669 77.7508 473
-16.6732 77.7508 473
-17.4796 77.7508 473
-18.2859 77.7508 473
-19.0519 77.5864 472
-19.8565 77.5864 472
-20.6612 77.5864 472
-21.4658 77.5864 472
-22.2233 77.422 471
-0.552091 77.7571 478
-1.36696 77.7571 478
-2.18183 77.7571 478
-2.9967 77.7571 478
-3.81157 77.7571 478
-4.62644 77.7571 478
-5.41854 77.4318 476
-6.23 77.4318 476
-7.04146 77.4318 476
-7.85292 77.4318 476
-8.66438 77.4318 476
-9.47584 77.4318 476
-10.2873 77.4318 476
-11.0988 77.4318 476
-11.9102 77.4318 476
-12.7217 77.4318 476
-13.5331 77.4318 476
-14.2843 77.1065 474
-15.0924 77.1065 474
-15.8669 76.9438 473
-16.6732 76.9438 473
-17.4796 76.9438 473
-18.2859 76.9438 473
-19.0923 76.9438 473
-19.8986 76.9438 473
-20.6612 76.7811 472
-0.552091 76.9416 478
-1.36696 76.9416 478
-2.18183 76.9416 478
-2.9967 76.9416 478
-3.81157 76.9416 478
-4.62644 76.9416 478
-5.41854 76.6197 476
-6.23 76.6197 476
-7.04146 76.6197 476
-7.85292 76.6197 476
-8.68258 76.7807 477
-9.49575 76.7807 477
-10.3089 76.7807 477
-11.1221 76.7807 477
-11.9352 76.7807 477
-12.7484 76.7807 477
-13.5616 76.7807 477
-14.3145 76.4587 475
-15.0924 76.2978 474
-15.8669 76.1368 473
-16.6732 76.1368 473
-17.4796 76.1368 473
-18.2859 76.1368 473
-19.0923 76.1368 473
-19.8986 76.1368 473
-0.552091 76.1261 478
-1.36696 76.1261 478
-2.18183 76.1261 478
-2.9967 76.1261 478
-3.81157 76.1261 478
-4.62644 76.1261 478
-5.41854 75.8076 476
-6.23 75.8076 476
-7.04146 75.8076 476
-7.85292 75.8076 476
-8.68258 75.9668 477
-9.49575 75.9668 477
-10.3089 75.9668 477
-11.1221 75.9668 477
-11.9352 75.9668 477
-12.7484 75.9668 477
-13.5616 75.9668 477
-14.3145 75.6483 475
-15.0924 75.4891 474
-15.9004 75.4891 474
-16.7085 75.4891 474
-17.5165 75.4891 474
-18.3246 75.4891 474
-19.0923 75.3298 473
-19.8986 75.3298 473
-0.552091 75.3106 478
-1.36696 75.3106 478
-2.18183 75.3106 478
-2.9967 75.3106 478
-3.81157 75.3106 478
-4.62644 75.3106 478
-5.41854 74.9955 476
-6.23 74.9955 476
-7.05625 75.153 477
-7.86942 75.153 477
-8.68258 75.153 477
-9.49575 75.153 477
-10.3089 75.153 477
-11.1221 75.153 477
-11.9352 75.153 477
-12.7484 75.153 477
-13.5616 75.153 477
-14.3145 74.8379 475
-15.0605 74.5228 473
-15.9004 74.6804 474
-16.7085 74.6804 474
-17.5165 74.6804 474
-18.3246 74.6804 474
-19.0923 74.5228 473
-19.8986 74.5228 473
-0.552091 74.4951 478
-1.36696 74.4951 478
-2.18183 74.4951 478
-2.9967 74.4951 478
-3.81157 74.4951 478
-4.61676 74.3392 477
-5.41854 74.1834 476
-6.23 74.1834 476
-7.05625 74.3392 477
-7.86942 74.3392 477
-8.68258 74.3392 477
-9.51565 74.4951 478
-10.3305 74.4951 478
-11.1454 74.4951 478
-11.9603 74.4951 478
-12.7484 74.3392 477
-13.5616 74.3392 477
-14.3145 74.0275 475
-15.0605 73.7158 473
-15.9004 73.8717 474
-16.7085 73.8717 474
-17.5165 73.8717 474
-18.3246 73.8717 474
-0.552091 73.6796 478
-1.36696 73.6796 478
-2.18183 73.6796 478
-2.9967 73.6796 478
-3.81157 73.6796 478
-4.61676 73.5254 477
-5.41854 73.3713 476
-6.24309 73.5254 477
-7.05625 73.5254 477
-7.86942 73.5254 477
-8.70079 73.6796 478
-9.51565 73.6796 478
-10.3305 73.6796 478
-11.1454 73.6796 478
-11.9603 73.6796 478
-12.7751 73.6796 478
-13.59 73.6796 478
-14.3446 73.3713 476
-15.0924 73.063 474
-15.9004 73.063 474
-16.7085 73.063 474
-17.5165 73.063 474
-18.3246 73.063 474
-0.552091 72.864 478
-1.36696 72.864 478
-2.18183 72.864 478
-2.9967 72.864 478
-3.81157 72.864 478
-4.61676 72.7116 477
-5.41854 72.5592 476
-6.24309 72.7116 477
-7.05625 72.7116 477
-7.86942 72.7116 477
-8.70079 72.864 478
-9.51565 72.864 478
-10.3305 72.864 478
-11.1454 72.864 478
-11.9603 72.864 478
-12.7751 72.864 478
-13.59 72.864 478
-14.3446 72.5592 476
-15.0924 72.2543 474
-15.9004 72.2543 474
-16.7085 72.2543 474
-17.5165 72.2543 474
-18.3246 72.2543 474
-0.550936 71.8978 477
-1.3641 71.8978 477
-2.17727 71.8978 477
-2.99043 71.8978 477
-3.80359 71.8978 477
-4.61676 71.8978 477
-5.41854 71.7471 476
-6.24309 71.8978 477
-7.07105 72.0485 478
-7.88592 72.0485 478
-8.70079 72.0485 478
-9.51565 72.0485 478
-10.3305 72.0485 478
-11.1454 72.0485 478
-11.9603 72.0485 478
-12.7751 72.0485 478
-13.59 72.0485 478
-14.3446 71.7471 476
-15.0924 71.4456 474
-15.9004 71.4456 474
-16.7085 71.4456 474
-17.5165 71.4456 474
-18.3246 71.4456 474
-0.550936 71.084 477
-1.3641 71.084 477
-2.17727 71.084 477
-2.99043 71.084 477
-3.80359 71.084 477
-4.61676 71.084 477
-5.41854 70.935 476
-6.24309 71.084 477
-7.07105 71.233 478
-7.88592 71.233 478
-8.70079 71.233 478
-9.51565 71.233 478
-10.3305 71.233 478
-11.1454 71.233 478
-11.9603 71.233 478
-12.7751 71.233 478
-13.59 71.233 478
-14.3446 70.935 476
-15.0924 70.6369 474
-15.9004 70.6369 474
-16.7085 70.6369 474
-17.5165 70.6369 474
-0.550936 70.2702 477
-1.3641 70.2702 477
-2.17727 70.2702 477
-2.99043 70.2702 477
-3.80359 70.2702 477
-4.61676 70.2702 477
-5.41854 70.1228 476
-6.24309 70.2702 477
-7.07105 70.4175 478
-7.88592 70.4175 478
-8.70079 70.4175 478
-9.51565 70.4175 478
-10.3305 70.4175 478
-11.1454 70.4175 478
-11.9603 70.4175 478
-12.7751 70.4175 478
-13.59 70.4175 478
-14.3446 70.1228 476
-15.0924 69.8282 474
-15.8669 69.6809 473
-16.6732 69.6809 473
-17.4796 69.6809 473
-0.550936 69.4564 477
-1.3641 69.4564 477
-2.17727 69.4564 477
-2.99043 69.4564 477
-3.80359 69.4564 477
-4.61676 69.4564 477
-5.41854 69.3107 476
-6.24309 69.4564 477
-7.07105 69.602 478
-7.88592 69.602 478
-8.70079 69.602 478
-9.51565 69.602 478
-10.3305 69.602 478
-11.1454 69.602 478
-11.9603 69.602 478
-12.7751 69.602 478
-13.59 69.602 478
-14.3446 69.3107 476
-15.0924 69.0195 474
-15.8669 68.8739 473
-16.6732 68.8739 473
-17.4796 68.8739 473
-0.549781 68.4986 476
-1.36124 68.4986 476
-2.17727 68.6425 477
-2.99043 68.6425 477
-3.80359 68.6425 477
-4.61676 68.6425 477
-5.41854 68.4986 476
-6.24309 68.6425 477
-7.07105 68.7864 478
-7.88592 68.7864 478
-8.70079 68.7864 478
-9.51565 68.7864 478
-10.3305 68.7864 478
-11.1454 68.7864 478
-11.9603 68.7864 478
-12.7751 68.7864 478
-13.59 68.7864 478
-14.3446 68.4986 476
-15.0605 68.0669 473
-15.8669 68.0669 473
-16.6732 68.0669 473
-0.549781 67.6865 476
-1.36124 67.6865 476
-2.18183 67.9709 478
-2.9967 67.9709 478
-3.81157 67.9709 478
-4.61676 67.8287 477
-5.42992 67.8287 477
-6.25618 67.9709 478
-7.07105 67.9709 478
-7.88592 67.9709 478
-8.70079 67.9709 478
-9.51565 67.9709 478
-10.3305 67.9709 478
-11.1454 67.9709 478
-11.9352 67.8287 477
-12.7484 67.8287 477
-13.5616 67.8287 477
-14.3145 67.5443 475
-15.1242 67.5443 475
-15.8669 67.2599 473
-16.6732 67.2599 473
-0.549781 66.8744 476
-1.36124 66.8744 476
-2.18183 67.1554 478
-2.9967 67.1554 478
-3.81157 67.1554 478
-4.62644 67.1554 478
-5.44131 67.1554 478
-6.25618 67.1554 478
-7.07105 67.1554 478
-7.88592 67.1554 478
-8.70079 67.1554 478
-9.51565 67.1554 478
-10.3305 67.1554 478
-11.1454 67.1554 478
-11.9352 67.0149 477
-12.7484 67.0149 477
-13.5616 67.0149 477
-14.3145 66.7339 475
-15.1242 66.7339 475
-0.549781 66.0623 476
-1.36124 66.0623 476
-2.18183 66.3399 478
-2.9967 66.3399 478
-3.81157 66.3399 478
-4.62644 66.3399 478
-5.44131 66.3399 478
-6.25618 66.3399 478
-7.07105 66.3399 478
-7.88592 66.3399 478
-8.70079 66.3399 478
-9.51565 66.3399 478
-10.3305 66.3399 478
-11.1221 66.2011 477
-11.9352 66.2011 477
-12.7484 66.2011 477
-13.5616 66.2011 477
-14.3145 65.9235 475
-15.1242 65.9235 475
-2.18183 65.5244 478
-2.9967 65.5244 478
-3.81157 65.5244 478
-4.62644 65.5244 478
-5.44131 65.5244 478
-6.25618 65.5244 478
-7.07105 65.5244 478
-7.88592 65.5244 478
-8.70079 65.5244 478
-9.51565 65.5244 478
-10.3089 65.3873 477
-11.0988 65.2502 476
-11.9102 65.2502 476
-12.7217 65.2502 476
-13.5331 65.2502 476
-14.3145 65.1131 475
-15.0924 64.9761 474
-2.9967 64.7089 478
-3.81157 64.7089 478
-4.62644 64.7089 478
-5.44131 64.7089 478
-6.25618 64.7089 478
-7.07105 64.7089 478
-7.88592 64.7089 478
-8.70079 64.7089 478
-9.51565 64.7089 478
-10.2657 64.3027 475
-11.0754 64.3027 475
-11.8852 64.3027 475
-12.695 64.3027 475
-13.5047 64.3027 475
-14.3145 64.3027 475
-2.9967 63.8933 478
-3.81157 63.8933 478
-4.62644 63.8933 478
-5.44131 63.8933 478
-6.25618 63.8933 478
-7.07105 63.8933 478
-7.88592 63.8933 478
-8.70079 63.8933 478
-9.51565 63.8933 478
-10.2657 63.4923 475
-11.0754 63.4923 475
-11.8852 63.4923 475
-12.695 63.4923 475
-13.5047 63.4923 475
-14.3145 63.4923 475
-9.43603 62.55 474
-10.2657 62.6819 475
-11.0754 62.6819 475
-11.8852 62.6819 475
-12.6682 62.55 474
-13.4763 62.55 474
-14.2843 62.55 474
-10.2225 61.611 473
-11.0288 61.611 473
-11.8602 61.7413 474
-12.6682 61.7413 474
-13.4763 61.7413 474
-14.2843 61.7413 474
77.8434 65.5782 517
76.9621 65.5782 517
76.0807 65.5782 517
75.1994 65.5782 517
77.8434 64.6961 517
77.1109 64.8213 518
76.2279 64.8213 518
75.3448 64.8213 518
74.318 64.6961 517
73.4367 64.6961 517
88.7236 64.6781 524
87.8303 64.6781 524
86.937 64.6781 524
86.0437 64.6781 524
85.1504 64.6781 524
79.1816 64.1844 520
78.2951 64.1844 520
77.4087 64.1844 520
76.2279 63.9375 518
75.3448 63.9375 518
74.318 63.8141 517
73.4367 63.8141 517
88.7236 63.7841 524
87.8303 63.7841 524
86.937 63.7841 524
86.0437 63.7841 524
85.1504 63.7841 524
79.1816 63.2972 520
78.2951 63.2972 520
77.4087 63.2972 520
76.375 63.1755 519
75.4903 63.1755 519
74.6055 63.1755 519
73.7207 63.1755 519
94.9884 67.3308 561
94.032 67.3308 561
93.0757 67.3308 561
92.1193 67.3308 561
85.6379 63.2501 527
79.1816 62.41 520
78.2951 62.41 520
77.4087 62.41 520
76.5222 62.41 520
75.4903 62.29 519
74.6055 62.29 519
73.7207 62.29 519
94.9884 66.3737 561
94.032 66.3737 561
93.0757 66.3737 561
92.1193 66.3737 561
85.6379 62.351 527
79.1816 61.5228 520
78.2951 61.5228 520
84.5541 67.2019 568
83.5858 67.2019 568
82.6175 67.2019 568
81.6492 67.2019 568
80.6809 67.2019 568
79.7126 67.2019 568
96.1736 66.2328 568
95.2053 66.2328 568
94.237 66.2328 568
93.2687 66.2328 568
92.3004 66.2328 568
78.2951 60.6357 520
84.5541 66.2328 568
83.5858 66.2328 568
82.6175 66.2328 568
81.6492 66.2328 568
80.6809 66.2328 568
79.7126 66.2328 568
96.1736 65.2637 568
95.2053 65.2637 568
94.237 65.2637 568
93.2687 65.2637 568
92.3004 65.2637 568
89.05 65.7233 572
88.0749 65.7233 572
87.0998 65.7233 572
86.1246 65.7233 572
85.1495 65.7233 572
84.1744 65.7233 572
82.6175 65.2637 568
81.6492 65.2637 568
80.6809 65.2637 568
79.7126 65.2637 568
96.1736 64.2947 568
95.2053 64.2947 568
94.237 64.2947 568
93.2687 64.2947 568
92.3004 64.2947 568
91.3321 64.2947 568
90.5229 64.4079 569
89.5529 64.4079 569
89.05 64.7474 572
88.0749 64.7474 572
87.0998 64.7474 572
86.1246 64.7474 572
85.1495 64.7474 572
84.1744 64.7474 572
82.6175 64.2947 568
81.6492 64.2947 568
80.965 64.5211 570
79.9933 64.5211 570
79.0216 64.5211 570
78.0499 64.5211 570
77.0781 64.5211 570
76.1064 64.5211 570
96.1736 63.3256 568
95.2053 63.3256 568
94.237 63.3256 568
93.2687 63.3256 568
92.3004 63.3256 568
91.3321 63.3256 568
90.5229 63.4371 569
89.5529 63.4371 569
89.05 63.7716 572
88.0749 63.7716 572
87.0998 63.7716 572
86.1246 63.7716 572
85.1495 63.7716 572
84.1744 63.7716 572
82.6175 63.3256 568
81.7929 63.4371 569
80.965 63.5486 570
79.9933 63.5486 570
79.0216 63.5486 570
78.0499 63.5486 570
77.0781 63.5486 570
76.1064 63.5486 570
75.0029 63.4371 569
74.0329 63.4371 569
73.0629 63.4371 569
72.0929 63.4371 569
96.1736 62.3565 568
95.2053 62.3565 568
94.237 62.3565 568
93.2687 62.3565 568
92.3004 62.3565 568
91.3321 62.3565 568
90.5229 62.4663 569
89.5529 62.4663 569
88.8943 62.6859 571
87.9209 62.6859 571
87.0998 62.7957 572
86.1246 62.7957 572
85.1495 62.7957 572
84.0273 62.6859 571
82.6175 62.3565 568
81.7929 62.4663 569
80.965 62.5761 570
79.9933 62.5761 570
79.0216 62.5761 570
78.0499 62.5761 570
77.0781 62.5761 570
76.1064 62.5761 570
75.0029 62.4663 569
74.0329 62.4663 569
73.0629 62.4663 569
72.0929 62.4663 569
94.237 61.3875 568
93.2687 61.3875 568
92.3004 61.3875 568
91.3321 61.3875 568
90.3639 61.3875 568
89.5529 61.4955 569
88.5829 61.4955 569
87.6129 61.4955 569
86.6429 61.4955 569
85.6729 61.4955 569
84.7029 61.4955 569
83.7329 61.4955 569
82.6175 61.3875 568
81.9367 61.6036 570
80.965 61.6036 570
79.9933 61.6036 570
79.0216 61.6036 570
78.0499 61.6036 570
77.0781 61.6036 570
75.9729 61.4955 569
75.0029 61.4955 569
74.0329 61.4955 569
73.0629 61.4955 569
72.0929 61.4955 569
94.237 60.4184 568
93.2687 60.4184 568
92.3004 60.4184 568
91.3321 60.4184 568
90.3639 60.4184 568
89.5529 60.5248 569
88.5829 60.5248 569
87.6129 60.5248 569
86.6429 60.5248 569
85.6729 60.5248 569
84.7029 60.5248 569
83.7329 60.5248 569
82.6175 60.4184 568
81.9367 60.6311 570
80.965 60.6311 570
79.9933 60.6311 570
79.0216 60.6311 570
77.9129 60.5248 569
76.9429 60.5248 569
75.9729 60.5248 569
75.0029 60.5248 569
74.0329 60.5248 569
73.0629 60.5248 569
72.0929 60.5248 569
94.237 59.4493 568
93.2687 59.4493 568
92.3004 59.4493 568
91.3321 59.4493 568
90.3639 59.4493 568
89.3956 59.4493 568
88.5829 59.554 569
87.6129 59.554 569
86.6429 59.554 569
85.5224 59.4493 568
84.5541 59.4493 568
83.5858 59.4493 568
82.6175 59.4493 568
81.9367 59.6587 570
80.965 59.6587 570
79.9933 59.6587 570
79.0216 59.6587 570
77.9129 59.554 569
76.9429 59.554 569
75.9729 59.554 569
75.0029 59.554 569
74.0329 59.554 569
73.0629 59.554 569
72.0929 59.554 569
95.1577 57.8625 562
94.1996 57.8625 562
93.9052 58.2743 566
92.9403 58.2743 566
91.9754 58.2743 566
91.0106 58.2743 566
90.2048 58.3773 567
89.2382 58.3773 567
88.4273 58.4803 568
87.459 58.4803 568
86.4907 58.4803 568
85.5224 58.4803 568
84.5541 58.4803 568
83.5858 58.4803 568
82.6175 58.4803 568
81.7929 58.5832 569
80.8229 58.5832 569
79.8529 58.5832 569
78.8829 58.5832 569
77.9129 58.5832 569
76.9429 58.5832 569
75.9729 58.5832 569
75.0029 58.5832 569
74.0329 58.5832 569
73.0629 58.5832 569
71.9662 58.4803 568
95.7737 56.7012 560
95.1577 56.9037 562
94.1996 56.9037 562
93.7393 57.2074 565
92.7761 57.2074 565
91.8129 57.2074 565
90.8498 57.2074 565
89.8866 57.2074 565
89.0808 57.3087 566
88.1159 57.3087 566
87.151 57.3087 566
86.1861 57.3087 566
85.2212 57.3087 566
84.2563 57.3087 566
83.2915 57.3087 566
82.3266 57.3087 566
81.6492 57.5112 568
80.6809 57.5112 568
79.7126 57.5112 568
78.7443 57.5112 568
77.776 57.5112 568
76.8077 57.5112 568
75.8394 57.5112 568
74.8711 57.5112 568
73.9028 57.5112 568
72.9345 57.5112 568
71.9662 57.5112 568
70.7479 57.3087 566
98.6377 55.7458 560
97.6831 55.7458 560
96.7284 55.7458 560
95.7737 55.7458 560
95.1577 55.9449 562
94.1996 55.9449 562
93.7393 56.2435 565
92.7761 56.2435 565
91.8129 56.2435 565
90.8498 56.2435 565
89.8866 56.2435 565
89.0808 56.343 566
88.1159 56.343 566
87.151 56.343 566
86.1861 56.343 566
85.2212 56.343 566
84.2563 56.343 566
83.2915 56.343 566
82.3266 56.343 566
81.3617 56.343 566
80.3968 56.343 566
79.4319 56.343 566
78.467 56.343 566
77.5021 56.343 566
76.6725 56.4426 567
75.7059 56.4426 567
74.7393 56.4426 567
73.7727 56.4426 567
72.8061 56.4426 567
71.8395 56.4426 567
70.7479 56.343 566
98.6377 54.7903 560
97.6831 54.7903 560
96.7284 54.7903 560
95.7737 54.7903 560
94.9884 54.8882 561
94.1996 54.986 562
93.2416 54.986 562
92.4477 55.0839 563
91.4879 55.0839 563
90.5282 55.0839 563
89.7275 55.1817 564
88.766 55.1817 564
87.9602 55.2795 565
86.997 55.2795 565
86.0338 55.2795 565
85.0707 55.2795 565
84.1075 55.2795 565
83.1443 55.2795 565
82.1811 55.2795 565
81.3617 55.3774 566
80.3968 55.3774 566
79.4319 55.3774 566
78.467 55.3774 566
77.5021 55.3774 566
76.6725 55.4752 567
75.7059 55.4752 567
74.7393 55.4752 567
73.7727 55.4752 567
72.8061 55.4752 567
71.8395 55.4752 567
70.7479 55.3774 566
69.6597 55.2795 565
68.6966 55.2795 565
99.2367 53.6427 558
98.6377 53.8349 560
97.6831 53.8349 560
96.7284 53.8349 560
95.7737 53.8349 560
94.8191 53.8349 560
94.032 53.9311 561
93.2416 54.0272 562
92.2835 54.0272 562
91.4879 54.1233 563
90.5282 54.1233 563
89.5684 54.1233 563
88.766 54.2195 564
87.8045 54.2195 564
86.8431 54.2195 564
85.8816 54.2195 564
85.0707 54.3156 565
84.1075 54.3156 565
83.1443 54.3156 565
82.1811 54.3156 565
81.2179 54.3156 565
80.3968 54.4117 566
79.4319 54.4117 566
78.467 54.4117 566
77.5021 54.4117 566
76.5372 54.4117 566
75.5724 54.4117 566
74.6075 54.4117 566
73.6426 54.4117 566
72.6777 54.4117 566
71.7128 54.4117 566
70.7479 54.4117 566
69.6597 54.3156 565
68.6966 54.3156 565
100.777 52.5018 556
99.8288 52.5018 556
99.2367 52.6907 558
98.4616 52.7851 559
97.6831 52.8795 560
96.7284 52.8795 560
95.7737 52.8795 560
94.8191 52.8795 560
94.032 52.9739 561
93.0757 52.9739 561
92.2835 53.0684 562
91.3254 53.0684 562
90.3674 53.0684 562
89.5684 53.1628 563
88.766 53.2572 564
87.8045 53.2572 564
86.8431 53.2572 564
85.8816 53.2572 564
84.9201 53.2572 564
83.9586 53.2572 564
82.9971 53.2572 564
82.1811 53.3516 565
81.2179 53.3516 565
80.2548 53.3516 565
79.2916 53.3516 565
78.3284 53.3516 565
77.3652 53.3516 565
76.5372 53.4461 566
75.5724 53.4461 566
74.6075 53.4461 566
73.6426 53.4461 566
72.6777 53.4461 566
71.7128 53.4461 566
70.6229 53.3516 565
69.6597 53.3516 565
68.6966 53.3516 565
67.7334 53.3516 565
101.359 51.3678 554
100.777 51.5532 556
99.8288 51.5532 556
99.2367 51.7386 558
98.4616 51.8314 559
97.6831 51.9241 560
96.7284 51.9241 560
95.7737 51.9241 560
94.8191 51.9241 560
94.032 52.0168 561
93.0757 52.0168 561
92.2835 52.1095 562
91.3254 52.1095 562
90.3674 52.1095 562
89.5684 52.2023 563
88.766 52.295 564
87.8045 52.295 564
86.8431 52.295 564
85.8816 52.295 564
84.9201 52.295 564
83.9586 52.295 564
82.9971 52.295 564
82.0357 52.295 564
81.0742 52.295 564
80.2548 52.3877 565
79.2916 52.3877 565
78.3284 52.3877 565
77.3652 52.3877 565
76.402 52.3877 565
75.4388 52.3877 565
74.4757 52.3877 565
73.5125 52.3877 565
72.5493 52.3877 565
71.5861 52.3877 565
70.6229 52.3877 565
69.6597 52.3877 565
68.6966 52.3877 565
67.7334 52.3877 565
66.7702 52.3877 565
101.359 50.4226 554
100.777 50.6046 556
99.8288 50.6046 556
98.881 50.6046 556
98.1093 50.6956 557
97.3342 50.7866 558
96.3829 50.7866 558
95.4317 50.7866 558
94.4804 50.7866 558
93.8644 50.9687 560
92.9098 50.9687 560
92.1193 51.0597 561
91.3254 51.1507 562
90.3674 51.1507 562
89.5684 51.2417 563
88.6086 51.2417 563
87.6488 51.2417 563
86.6891 51.2417 563
85.7293 51.2417 563
84.9201 51.3327 564
83.9586 51.3327 564
82.9971 51.3327 564
82.0357 51.3327 564
81.0742 51.3327 564
80.2548 51.4238 565
79.2916 51.4238 565
78.3284 51.4238 565
77.3652 51.4238 565
76.402 51.4238 565
75.4388 51.4238 565
74.4757 51.4238 565
73.5125 51.4238 565
72.5493 51.4238 565
71.5861 51.4238 565
70.6229 51.4238 565
69.6597 51.4238 565
68.6966 51.4238 565
67.7334 51.4238 565
66.7702 51.4238 565
101.359 49.4774 554
100.414 49.4774 554
99.4697 49.4774 554
98.7031 49.5667 555
97.9332 49.656 556
96.9853 49.656 556
96.0375 49.656 556
95.0896 49.656 556
94.3111 49.7453 557
93.5292 49.8346 558
92.5779 49.8346 558
91.9551 50.0133 560
91.1629 50.1026 561
90.2066 50.1026 561
89.4093 50.1919 562
88.6086 50.2812 563
87.6488 50.2812 563
86.6891 50.2812 563
85.7293 50.2812 563
84.7695 50.2812 563
83.8098 50.2812 563
82.85 50.2812 563
81.8902 50.2812 563
80.9304 50.2812 563
80.1127 50.3705 564
79.1512 50.3705 564
78.1898 50.3705 564
77.2283 50.3705 564
76.402 50.4598 565
75.4388 50.4598 565
74.4757 50.4598 565
73.5125 50.4598 565
72.5493 50.4598 565
71.5861 50.4598 565
70.6229 50.4598 565
69.6597 50.4598 565
68.6966 50.4598 565
67.7334 50.4598 565
66.7702 50.4598 565
101.359 48.5322 554
100.414 48.5322 554
99.4697 48.5322 554
98.7031 48.6198 555
97.757 48.6198 555
96.8109 48.6198 555
95.8647 48.6198 555
95.0896 48.7074 556
94.1418 48.7074 556
93.3616 48.795 557
92.412 48.795 557
91.7909 48.9702 559
91.0004 49.0578 560
90.0458 49.0578 560
89.4093 49.233 562
88.4512 49.233 562
87.4932 49.233 562
86.5351 49.233 562
85.577 49.233 562
84.7695 49.3206 563
83.8098 49.3206 563
82.85 49.3206 563
81.8902 49.3206 563
80.9304 49.3206 563
79.9707 49.3206 563
79.0109 49.3206 563
78.1898 49.4082 564
77.2283 49.4082 564
76.2668 49.4082 564
75.3053 49.4082 564
74.3438 49.4082 564
73.3824 49.4082 564
72.4209 49.4082 564
71.4594 49.4082 564
70.4979 49.4082 564
69.5365 49.4082 564
68.6966 49.4959 565
67.7334 49.4959 565
66.7702 49.4959 565
101.359 47.587 554
100.414 47.587 554
99.4697 47.587 554
98.7031 47.6729 555
97.757 47.6729 555
96.8109 47.6729 555
95.8647 47.6729 555
95.0896 47.7588 556
94.1418 47.7588 556
93.3616 47.8447 557
92.412 47.8447 557
91.7909 48.0165 559
91.0004 48.1024 560
90.0458 48.1024 560
89.4093 48.2742 562
88.4512 48.2742 562
87.4932 48.2742 562
86.5351 48.2742 562
85.577 48.2742 562
84.7695 48.3601 563
83.8098 48.3601 563
82.85 48.3601 563
81.8902 48.3601 563
80.9304 48.3601 563
79.9707 48.3601 563
78.8706 48.2742 562
77.9125 48.2742 562
76.9544 48.2742 562
76.1316 48.3601 563
75.1718 48.3601 563
74.3438 48.446 564
73.3824 48.446 564
72.4209 48.446 564
71.4594 48.446 564
70.3729 48.3601 563
69.5365 48.446 564
68.575 48.446 564
67.6135 48.446 564
66.652 48.446 564
101.359 46.6419 554
100.414 46.6419 554
99.4697 46.6419 554
98.7031 46.726 555
97.757 46.726 555
96.8109 46.726 555
95.8647 46.726 555
94.9186 46.726 555
93.9725 46.726 555
93.194 46.8102 556
92.2461 46.8102 556
91.4625 46.8944 557
90.8379 47.0628 559
89.885 47.0628 559
89.2502 47.2312 561
88.4512 47.3154 562
87.4932 47.3154 562
86.5351 47.3154 562
85.577 47.3154 562
84.619 47.3154 562
83.6609 47.3154 562
82.7028 47.3154 562
81.7448 47.3154 562
80.7867 47.3154 562
79.8286 47.3154 562
78.8706 47.3154 562
77.9125 47.3154 562
76.9544 47.3154 562
76.1316 47.3996 563
75.1718 47.3996 563
74.3438 47.4838 564
73.3824 47.4838 564
72.4209 47.4838 564
71.4594 47.4838 564
70.3729 47.3996 563
69.5365 47.4838 564
68.575 47.4838 564
67.6135 47.4838 564
66.652 47.4838 564
102.303 45.6967 554
101.359 45.6967 554
100.414 45.6967 554
99.4697 45.6967 554
98.5253 45.6967 554
97.757 45.7792 555
96.8109 45.7792 555
95.8647 45.7792 555
94.7476 45.6967 554
93.9725 45.7792 555
93.0263 45.7792 555
92.0802 45.7792 555
91.2983 45.8616 556
90.5129 45.9441 557
89.5634 45.9441 557
88.932 46.1091 559
88.1365 46.1916 560
87.1818 46.1916 560
86.2271 46.1916 560
85.2725 46.1916 560
84.3178 46.1916 560
83.3632 46.1916 560
82.4085 46.1916 560
81.5993 46.2741 561
80.6429 46.2741 561
79.6866 46.2741 561
78.7302 46.2741 561
77.7738 46.2741 561
76.8175 46.2741 561
75.9964 46.3566 562
75.0383 46.3566 562
74.212 46.439 563
73.2523 46.439 563
72.2925 46.439 563
71.3327 46.439 563
70.3729 46.439 563
69.4132 46.439 563
68.4534 46.439 563
67.4936 46.439 563
66.5338 46.439 563
102.303 44.7515 554
101.359 44.7515 554
100.414 44.7515 554
99.4697 44.7515 554
98.5253 44.7515 554
97.5809 44.7515 554
96.6364 44.7515 554
95.692 44.7515 554
94.5766 44.6707 553
93.8032 44.7515 554
92.8587 44.7515 554
91.9143 44.7515 554
91.1341 44.8323 555
90.3504 44.913 556
89.4026 44.913 556
88.6138 44.9938 557
87.8217 45.0746 558
86.8704 45.0746 558
85.9192 45.0746 558
84.9679 45.0746 558
84.0167 45.0746 558
83.0654 45.0746 558
82.1142 45.0746 558
81.3084 45.1554 559
80.3554 45.1554 559
79.4025 45.1554 559
78.4495 45.1554 559
77.4966 45.1554 559
76.6806 45.2362 560
75.8611 45.3169 561
74.9048 45.3169 561
74.0802 45.3977 562
73.2523 45.4785 563
72.2925 45.4785 563
71.3327 45.4785 563
70.2479 45.3977 562
69.4132 45.4785 563
68.4534 45.4785 563
67.4936 45.4785 563
103.816 43.6482 552
102.875 43.6482 552
102.303 43.8063 554
101.359 43.8063 554
100.414 43.8063 554
99.4697 43.8063 554
98.5253 43.8063 554
97.5809 43.8063 554
96.6364 43.8063 554
95.692 43.8063 554
94.5766 43.7272 553
93.8032 43.8063 554
92.8587 43.8063 554
91.9143 43.8063 554
91.1341 43.8854 555
90.3504 43.9645 556
89.4026 43.9645 556
88.6138 44.0435 557
87.8217 44.1226 558
86.8704 44.1226 558
85.9192 44.1226 558
84.9679 44.1226 558
84.0167 44.1226 558
83.0654 44.1226 558
82.1142 44.1226 558
81.3084 44.2017 559
80.3554 44.2017 559
79.4025 44.2017 559
78.1689 44.0435 557
77.2193 44.0435 557
76.5436 44.2017 559
75.5907 44.2017 559
74.6377 44.2017 559
73.9484 44.3598 561
73.1221 44.4389 562
72.1641 44.4389 562
71.206 44.4389 562
70.2479 44.4389 562
69.2899 44.4389 562
68.3318 44.4389 562
103.816 42.7064 552
102.875 42.7064 552
102.118 42.7838 553
101.176 42.7838 553
100.233 42.7838 553
99.2902 42.7838 553
98.3475 42.7838 553
97.4047 42.7838 553
96.462 42.7838 553
95.5193 42.7838 553
94.5766 42.7838 553
93.6338 42.7838 553
92.6911 42.7838 553
91.7484 42.7838 553
90.9699 42.8611 554
90.0254 42.8611 554
89.2418 42.9385 555
88.2957 42.9385 555
87.5069 43.0159 556
86.5591 43.0159 556
85.6112 43.0159 556
84.6634 43.0159 556
83.7156 43.0159 556
82.7677 43.0159 556
81.8199 43.0159 556
81.0175 43.0932 557
80.0679 43.0932 557
79.1184 43.0932 557
78.1689 43.0932 557
77.2193 43.0932 557
76.5436 43.248 559
75.5907 43.248 559
74.6377 43.248 559
73.9484 43.4027 561
73.1221 43.4801 562
72.1641 43.4801 562
71.206 43.4801 562
70.2479 43.4801 562
69.2899 43.4801 562
68.3318 43.4801 562
105.315 41.6133 550
104.377 41.6133 550
103.816 41.7646 552
102.875 41.7646 552
101.934 41.7646 552
100.993 41.7646 552
100.052 41.7646 552
99.1106 41.7646 552
98.1696 41.7646 552
97.2286 41.7646 552
96.2876 41.7646 552
95.3466 41.7646 552
94.4055 41.7646 552
93.4645 41.7646 552
92.6911 41.8403 553
91.7484 41.8403 553
90.8057 41.8403 553
90.0254 41.9159 554
89.081 41.9159 554
88.1366 41.9159 554
87.3495 41.9916 555
86.4034 41.9916 555
85.4573 41.9916 555
84.5111 41.9916 555
83.4144 41.9159 554
82.47 41.9159 554
81.5256 41.9159 554
80.7266 41.9916 555
79.7804 41.9916 555
78.8343 41.9916 555
77.8882 41.9916 555
76.942 41.9916 555
76.1328 42.0673 556
75.185 42.0673 556
74.2372 42.0673 556
73.6848 42.2943 559
72.992 42.4456 561
72.1641 42.5212 562
71.206 42.5212 562
70.2479 42.5212 562
107.19 40.6749 550
106.252 40.6749 550
105.315 40.6749 550
104.377 40.6749 550
103.628 40.7489 551
102.688 40.7489 551
101.749 40.7489 551
100.81 40.7489 551
99.8704 40.7489 551
98.9311 40.7489 551
98.1696 40.8229 552
97.2286 40.8229 552
96.2876 40.8229 552
95.3466 40.8229 552
94.2345 40.7489 551
93.2952 40.7489 551
92.5235 40.8229 552
91.5825 40.8229 552
90.8057 40.8968 553
89.8629 40.8968 553
88.9202 40.8968 553
87.9775 40.8968 553
87.1921 40.9708 554
86.2477 40.9708 554
85.3033 40.9708 554
84.3588 40.9708 554
83.4144 40.9708 554
82.47 40.9708 554
81.5256 40.9708 554
80.5811 40.9708 554
79.6367 40.9708 554
78.6923 40.9708 554
77.7478 40.9708 554
76.8034 40.9708 554
75.859 40.9708 554
75.0498 41.0447 555
74.1036 41.0447 555
73.2893 41.1187 556
72.4716 41.1926 557
71.522 41.1926 557
70.5725 41.1926 557
107.19 39.7366 550
106.252 39.7366 550
105.315 39.7366 550
104.377 39.7366 550
103.628 39.8088 551
102.688 39.8088 551
101.749 39.8088 551
100.81 39.8088 551
99.8704 39.8088 551
98.9311 39.8088 551
98.1696 39.8811 552
97.2286 39.8811 552
96.2876 39.8811 552
95.3466 39.8811 552
94.2345 39.8088 551
93.2952 39.8088 551
92.5235 39.8811 552
91.5825 39.8811 552
90.8057 39.9533 553
89.8629 39.9533 553
88.9202 39.9533 553
87.9775 39.9533 553
87.1921 40.0256 554
86.2477 40.0256 554
85.3033 40.0256 554
84.3588 40.0256 554
83.4144 40.0256 554
82.47 40.0256 554
81.5256 40.0256 554
80.5811 40.0256 554
79.6367 40.0256 554
78.6923 40.0256 554
77.7478 40.0256 554
76.6648 39.9533 553
75.859 40.0256 554
74.9146 40.0256 554
73.9701 40.0256 554
73.1575 40.0978 555
72.2114 40.0978 555
71.2652 40.0978 555
108.128 38.7982 550
107.19 38.7982 550
106.252 38.7982 550
105.315 38.7982 550
104.377 38.7982 550
103.44 38.7982 550
102.502 38.7982 550
101.564 38.7982 550
100.627 38.7982 550
99.6892 38.7982 550
98.7515 38.7982 550
97.9918 38.8688 551
97.0525 38.8688 551
96.1131 38.8688 551
95.1738 38.8688 551
94.0635 38.7982 550
93.1259 38.7982 550
92.3559 38.8688 551
91.4166 38.8688 551
90.6414 38.9393 552
89.7004 38.9393 552
88.7594 38.9393 552
87.8184 38.9393 552
87.0348 39.0099 553
86.092 39.0099 553
85.1493 39.0099 553
84.2066 39.0099 553
83.2639 39.0099 553
82.3211 39.0099 553
81.3784 39.0099 553
80.4357 39.0099 553
79.493 39.0099 553
78.5502 39.0099 553
77.6075 39.0099 553
76.6648 39.0099 553
75.859 39.0804 554
74.9146 39.0804 554
73.9701 39.0804 554
73.1575 39.1509 555
72.2114 39.1509 555
71.2652 39.1509 555
119.957 38.9613 566
118.992 38.9613 566
118.027 38.9613 566
116.856 38.8924 565
115.687 38.8236 564
114.726 38.8236 564
113.159 38.6171 561
110.803 38.1352 554
109.462 37.9975 552
108.324 37.9287 551
107.385 37.9287 551
106.252 37.8599 550
105.315 37.8599 550
104.377 37.8599 550
103.44 37.8599 550
102.502 37.8599 550
101.38 37.791 549
100.627 37.8599 550
99.6892 37.8599 550
98.7515 37.8599 550
97.8139 37.8599 550
96.8763 37.8599 550
95.9387 37.8599 550
95.0011 37.8599 550
94.0635 37.8599 550
93.1259 37.8599 550
92.1883 37.8599 550
91.2507 37.8599 550
90.4772 37.9287 551
89.5379 37.9287 551
88.5986 37.9287 551
87.6593 37.9287 551
86.8774 37.9975 552
85.9363 37.9975 552
84.9953 37.9975 552
84.0543 37.9975 552
83.1133 37.9975 552
82.1723 37.9975 552
81.2312 37.9975 552
80.2902 37.9975 552
79.3492 37.9975 552
78.4082 37.9975 552
77.4672 37.9975 552
76.5261 37.9975 552
75.5851 37.9975 552
74.6441 37.9975 552
73.7031 37.9975 552
72.7621 37.9975 552
119.957 37.9956 566
118.992 37.9956 566
118.027 37.9956 566
116.856 37.9285 565
115.687 37.8613 564
114.726 37.8613 564
113.159 37.66 561
110.803 37.19 554
109.462 37.0558 552
108.324 36.9887 551
107.385 36.9887 551
106.252 36.9215 550
105.315 36.9215 550
104.377 36.9215 550
103.44 36.9215 550
102.502 36.9215 550
101.195 36.7873 548
100.444 36.8544 549
99.5079 36.8544 549
98.572 36.8544 549
97.6361 36.8544 549
96.7002 36.8544 549
95.7643 36.8544 549
94.8284 36.8544 549
93.8925 36.8544 549
92.9566 36.8544 549
92.0207 36.8544 549
91.0847 36.8544 549
90.313 36.9215 550
89.5379 36.9887 551
88.5986 36.9887 551
87.6593 36.9887 551
86.72 36.9887 551
85.9363 37.0558 552
84.9953 37.0558 552
84.0543 37.0558 552
83.1133 37.0558 552
82.1723 37.0558 552
81.2312 37.0558 552
80.2902 37.0558 552
79.3492 37.0558 552
78.2661 36.9887 551
77.3268 36.9887 551
76.5261 37.0558 552
75.5851 37.0558 552
74.6441 37.0558 552
73.7031 37.0558 552
72.7621 37.0558 552
119.957 37.0299 566
118.992 37.0299 566
118.027 37.0299 566
116.856 36.9645 565
115.687 36.8991 564
114.726 36.8991 564
113.159 36.7028 561
110.803 36.2449 554
109.462 36.114 552
108.324 36.0486 551
107.385 36.0486 551
106.252 35.9832 550
105.123 35.9177 549
104.187 35.9177 549
103.252 35.9177 549
102.316 35.9177 549
101.195 35.8523 548
100.444 35.9177 549
99.5079 35.9177 549
98.572 35.9177 549
97.6361 35.9177 549
96.7002 35.9177 549
95.7643 35.9177 549
94.8284 35.9177 549
93.8925 35.9177 549
92.9566 35.9177 549
92.0207 35.9177 549
91.0847 35.9177 549
90.313 35.9832 550
89.5379 36.0486 551
88.5986 36.0486 551
87.6593 36.0486 551
86.72 36.0486 551
85.9363 36.114 552
84.9953 36.114 552
84.0543 36.114 552
83.1133 36.114 552
82.1723 36.114 552
81.2312 36.114 552
80.2902 36.114 552
79.3492 36.114 552
78.2661 36.0486 551
77.3268 36.0486 551
76.3875 36.0486 551
75.4482 36.0486 551
74.5089 36.0486 551
73.5696 36.0486 551
119.957 36.0643 566
118.992 36.0643 566
118.027 36.0643 566
116.856 36.0006 565
115.687 35.9369 564
114.726 35.9369 564
113.159 35.7457 561
110.803 35.2997 554
109.462 35.1722 552
108.324 35.1085 551
107.385 35.1085 551
106.059 34.9811 549
104.932 34.9174 548
103.998 34.9174 548
103.063 34.9174 548
102.129 34.9174 548
101.01 34.8537 547
99.8949 34.7899 546
98.9641 34.7899 546
98.0333 34.7899 546
97.2804 34.8537 547
96.3479 34.8537 547
95.4154 34.8537 547
94.4829 34.8537 547
93.5504 34.8537 547
92.7872 34.9174 548
91.853 34.9174 548
90.9188 34.9174 548
90.1488 34.9811 549
89.3754 35.0448 550
88.4378 35.0448 550
87.5002 35.0448 550
86.72 35.1085 551
85.7807 35.1085 551
84.8414 35.1085 551
83.902 35.1085 551
82.9627 35.1085 551
82.0234 35.1085 551
81.0841 35.1085 551
80.1448 35.1085 551
79.2055 35.1085 551
78.2661 35.1085 551
77.3268 35.1085 551
76.3875 35.1085 551
75.4482 35.1085 551
74.5089 35.1085 551
73.5696 35.1085 551
121.136 35.1606 567
120.169 35.1606 567
119.203 35.1606 567
118.027 35.0986 566
116.856 35.0366 565
115.687 34.9746 564
114.726 34.9746 564
112.958 34.7266 560
110.603 34.2925 553
109.264 34.1685 551
108.128 34.1064 550
107.19 34.1064 550
105.866 33.9824 548
104.932 33.9824 548
103.808 33.9204 547
102.875 33.9204 547
101.757 33.8584 546
100.641 33.7964 545
99.712 33.7964 545
98.7829 33.7964 545
97.8538 33.7964 545
96.9247 33.7964 545
95.9956 33.7964 545
95.0665 33.7964 545
94.1375 33.7964 545
93.3794 33.8584 546
92.4486 33.8584 546
91.6854 33.9204 547
90.7529 33.9204 547
89.9846 33.9824 548
89.0504 33.9824 548
88.277 34.0444 549
87.3411 34.0444 549
86.4052 34.0444 549
85.625 34.1064 550
84.6874 34.1064 550
83.7498 34.1064 550
82.8121 34.1064 550
81.8745 34.1064 550
80.9369 34.1064 550
79.9993 34.1064 550
79.0617 34.1064 550
78.1241 34.1064 550
77.1865 34.1064 550
76.2489 34.1064 550
75.3113 34.1064 550
74.2384 34.0444 549
73.3025 34.0444 549
125.443 34.3139 569
124.473 34.3139 569
123.503 34.3139 569
122.533 34.3139 569
121.349 34.2536 568
120.381 34.2536 568
119.203 34.1933 567
118.027 34.133 566
116.856 34.0727 565
115.687 34.0124 564
114.726 34.0124 564
112.958 33.7711 560
110.603 33.349 553
109.264 33.2284 551
108.128 33.1681 550
107.19 33.1681 550
105.866 33.0475 548
104.932 33.0475 548
103.808 32.9872 547
102.875 32.9872 547
101.757 32.9269 546
100.641 32.8666 545
99.529 32.8063 544
98.6016 32.8063 544
97.6743 32.8063 544
96.7469 32.8063 544
95.8195 32.8063 544
94.8921 32.8063 544
93.9647 32.8063 544
93.0373 32.8063 544
92.11 32.8063 544
91.5178 32.9269 546
90.587 32.9269 546
89.6562 32.9269 546
88.8879 32.9872 547
87.9554 32.9872 547
87.0229 32.9872 547
86.2478 33.0475 548
85.4693 33.1078 549
84.5334 33.1078 549
83.5975 33.1078 549
82.6616 33.1078 549
81.7257 33.1078 549
80.7898 33.1078 549
79.8539 33.1078 549
78.918 33.1078 549
77.84 33.0475 548
76.9058 33.0475 548
75.9716 33.0475 548
74.9005 32.9872 547
125.443 33.3431 569
124.473 33.3431 569
123.503 33.3431 569
122.533 33.3431 569
121.349 33.2845 568
120.381 33.2845 568
119.203 33.2259 567
117.819 33.1087 565
116.649 33.0501 564
115.072 32.8743 561
114.116 32.8743 561
111.949 32.5227 555
110.403 32.3469 552
109.065 32.2297 550
107.734 32.1125 548
106.8 32.1125 548
105.673 32.0539 547
104.549 31.9953 546
103.428 31.9367 545
102.499 31.9367 545
101.384 31.8781 544
100.272 31.8195 543
99.529 31.8781 544
98.6016 31.8781 544
97.6743 31.8781 544
96.7469 31.8781 544
95.8195 31.8781 544
94.8921 31.8781 544
93.9647 31.8781 544
93.0373 31.8781 544
92.11 31.8781 544
91.5178 31.9953 546
90.587 31.9953 546
89.6562 31.9953 546
88.8879 32.0539 547
87.9554 32.0539 547
87.0229 32.0539 547
86.2478 32.1125 548
85.4693 32.1711 549
84.5334 32.1711 549
83.5975 32.1711 549
82.6616 32.1711 549
81.7257 32.1711 549
80.7898 32.1711 549
79.8539 32.1711 549
78.918 32.1711 549
77.84 32.1125 548
76.9058 32.1125 548
75.9716 32.1125 548
74.7635 31.9953 546
129.778 32.4861 571
128.804 32.4861 571
127.831 32.4861 571
126.857 32.4861 571
125.663 32.4292 570
124.692 32.4292 570
123.503 32.3723 569
122.533 32.3723 569
121.349 32.3155 568
120.381 32.3155 568
118.992 32.2017 566
117.61 32.0879 564
116.235 31.9741 562
114.662 31.8034 559
113.709 31.8034 559
111.747 31.519 554
110.403 31.4052 552
109.065 31.2914 550
107.538 31.1207 547
106.605 31.1207 547
105.48 31.0638 546
104.357 31.0069 545
103.239 30.95 544
102.311 30.95 544
101.197 30.8931 543
100.272 30.8931 543
99.3461 30.8931 543
98.4204 30.8931 543
97.4947 30.8931 543
96.7469 30.95 544
95.8195 30.95 544
94.8921 30.95 544
93.9647 30.95 544
93.0373 30.95 544
92.11 30.95 544
91.1826 30.95 544
90.2552 30.95 544
89.492 31.0069 545
88.7254 31.0638 546
87.9554 31.1207 547
87.0229 31.1207 547
86.0904 31.1207 547
85.3136 31.1776 548
84.3794 31.1776 548
83.4452 31.1776 548
82.6616 31.2345 549
81.7257 31.2345 549
80.7898 31.2345 549
79.7084 31.1776 548
78.7742 31.1776 548
77.84 31.1776 548
76.9058 31.1776 548
75.833 31.1207 547
74.7635 31.0638 546
130.98 31.5671 572
130.005 31.5671 572
129.03 31.5671 572
128.055 31.5671 572
126.857 31.512 571
125.663 31.4568 570
124.692 31.4568 570
123.503 31.4016 569
122.533 31.4016 569
121.349 31.3464 568
120.381 31.3464 568
118.992 31.236 566
117.402 31.0705 563
115.822 30.9049 560
114.662 30.8497 559
113.709 30.8497 559
111.747 30.5738 554
110.403 30.4634 552
109.065 30.353 550
107.538 30.1875 547
106.605 30.1875 547
105.286 30.0771 545
104.166 30.0219 544
103.049 29.9667 543
102.123 29.9667 543
101.197 29.9667 543
100.272 29.9667 543
99.1631 29.9115 542
98.4204 29.9667 543
97.4947 29.9667 543
96.569 29.9667 543
95.6433 29.9667 543
94.7177 29.9667 543
93.792 29.9667 543
92.8663 29.9667 543
91.9406 29.9667 543
91.1826 30.0219 544
90.2552 30.0219 544
89.3278 30.0219 544
88.5629 30.0771 545
87.7946 30.1323 546
86.8638 30.1323 546
85.9331 30.1323 546
85.1579 30.1875 547
84.3794 30.2426 548
83.4452 30.2426 548
82.511 30.2426 548
81.5768 30.2426 548
80.6426 30.2426 548
79.7084 30.2426 548
78.6305 30.1875 547
77.698 30.1875 547
76.7655 30.1875 547
75.6943 30.1323 546
130.98 30.5912 572
130.005 30.5912 572
129.03 30.5912 572
128.055 30.5912 572
126.857 30.5378 571
125.663 30.4843 570
124.692 30.4843 570
123.503 30.4308 569
122.533 30.4308 569
121.349 30.3773 568
120.381 30.3773 568
118.992 30.2704 566
117.402 30.1099 563
115.822 29.9495 560
114.662 29.896 559
113.709 29.896 559
111.747 29.6286 554
110.403 29.5216 552
109.065 29.4147 550
107.538 29.2542 547
106.605 29.2542 547
105.286 29.1473 545
104.166 29.0938 544
103.049 29.0403 543
102.123 29.0403 543
101.197 29.0403 543
100.272 29.0403 543
99.1631 28.9868 542
98.2391 28.9868 542
97.3152 28.9868 542
96.569 29.0403 543
95.6433 29.0403 543
94.7177 29.0403 543
93.792 29.0403 543
92.6953 28.9868 542
91.7713 28.9868 542
91.015 29.0403 543
90.0893 29.0403 543
89.3278 29.0938 544
88.4004 29.0938 544
87.473 29.0938 544
86.5457 29.0938 544
85.7757 29.1473 545
84.8466 29.1473 545
84.0715 29.2007 546
83.1407 29.2007 546
82.2099 29.2007 546
81.2791 29.2007 546
80.3483 29.2007 546
79.4175 29.2007 546
78.4867 29.2007 546
77.5559 29.2007 546
76.6251 29.2007 546
132.93 29.6154 572
131.955 29.6154 572
130.98 29.6154 572
130.005 29.6154 572
129.03 29.6154 572
128.055 29.6154 572
126.857 29.5636 571
125.663 29.5118 570
124.692 29.5118 570
123.503 29.46 569
122.533 29.46 569
121.349 29.4083 568
120.381 29.4083 568
118.992 29.3047 566
117.402 29.1494 563
115.822 28.9941 560
114.662 28.9423 559
113.709 28.9423 559
111.747 28.6834 554
110.403 28.5799 552
109.065 28.4763 550
107.538 28.321 547
106.605 28.321 547
105.093 28.1657 544
104.166 28.1657 544
103.049 28.1139 543
102.123 28.1139 543
101.197 28.1139 543
100.087 28.0621 542
99.1631 28.0621 542
98.2391 28.0621 542
97.3152 28.0621 542
96.569 28.1139 543
95.6433 28.1139 543
94.7177 28.1139 543
93.792 28.1139 543
92.6953 28.0621 542
91.7713 28.0621 542
91.015 28.1139 543
90.0893 28.1139 543
89.3278 28.1657 544
88.4004 28.1657 544
87.473 28.1657 544
86.5457 28.1657 544
85.7757 28.2174 545
84.8466 28.2174 545
84.0715 28.2692 546
83.1407 28.2692 546
82.2099 28.2692 546
81.2791 28.2692 546
80.3483 28.2692 546
79.4175 28.2692 546
78.4867 28.2692 546
77.5559 28.2692 546
76.6251 28.2692 546
132.93 28.6395 572
131.955 28.6395 572
130.98 28.6395 572
130.005 28.6395 572
129.03 28.6395 572
127.831 28.5894 571
126.857 28.5894 571
125.443 28.4893 569
124.473 28.4893 569
123.503 28.4893 569
122.318 28.4392 568
121.136 28.3891 567
120.169 28.3891 567
118.992 28.3391 566
117.402 28.1888 563
115.822 28.0386 560
114.662 27.9886 559
113.709 27.9886 559
111.747 27.7382 554
110.203 27.588 551
108.867 27.4879 549
107.145 27.2876 545
106.216 27.2876 545
104.9 27.1875 543
103.783 27.1374 542
102.859 27.1374 542
101.935 27.1374 542
101.011 27.1374 542
99.9024 27.0873 541
98.9801 27.0873 541
98.2391 27.1374 542
97.3152 27.1374 542
96.3912 27.1374 542
95.4672 27.1374 542
94.5432 27.1374 542
93.6193 27.1374 542
92.6953 27.1374 542
91.7713 27.1374 542
90.8473 27.1374 542
89.9234 27.1374 542
89.1636 27.1875 543
88.4004 27.2375 544
87.473 27.2375 544
86.5457 27.2375 544
85.6183 27.2375 544
84.6909 27.2375 544
83.7635 27.2375 544
82.8361 27.2375 544
82.0593 27.2876 545
81.1302 27.2876 545
80.2011 27.2876 545
79.272 27.2876 545
78.343 27.2876 545
77.2718 27.2375 544
76.3445 27.2375 544
132.93 27.6636 572
131.955 27.6636 572
130.98 27.6636 572
129.778 27.6152 571
128.804 27.6152 571
127.383 27.5185 569
126.413 27.5185 569
125.223 27.4701 568
124.254 27.4701 568
123.069 27.4218 567
121.887 27.3734 566
120.922 27.3734 566
119.957 27.3734 566
118.572 27.2767 564
117.193 27.1799 562
115.822 27.0832 560
113.636 26.793 554
112.692 26.793 554
111.344 26.6963 552
109.803 26.5512 549
108.074 26.3578 545
106.751 26.2611 543
105.826 26.2611 543
104.707 26.2127 542
103.591 26.1643 541
102.669 26.1643 541
101.747 26.1643 541
100.825 26.1643 541
99.9024 26.1643 541
98.9801 26.1643 541
98.0579 26.1643 541
97.1356 26.1643 541
96.2133 26.1643 541
95.2911 26.1643 541
94.3688 26.1643 541
93.4465 26.1643 541
92.5243 26.1643 541
91.602 26.1643 541
90.8473 26.2127 542
89.9234 26.2127 542
88.9994 26.2127 542
88.2379 26.2611 543
87.3122 26.2611 543
86.3866 26.2611 543
85.4609 26.2611 543
84.6909 26.3094 544
83.7635 26.3094 544
82.8361 26.3094 544
81.9087 26.3094 544
80.9814 26.3094 544
80.054 26.3094 544
79.1266 26.3094 544
78.1992 26.3094 544
132.93 26.6877 572
131.955 26.6877 572
130.98 26.6877 572
129.778 26.641 571
128.804 26.641 571
127.383 26.5477 569
126.413 26.5477 569
125.223 26.5011 568
124.254 26.5011 568
123.069 26.4544 567
121.887 26.4077 566
120.922 26.4077 566
119.957 26.4077 566
118.572 26.3144 564
117.193 26.2211 562
115.822 26.1278 560
113.636 25.8479 554
112.692 25.8479 554
111.344 25.7545 552
109.803 25.6146 549
108.074 25.4279 545
106.751 25.3346 543
105.826 25.3346 543
104.707 25.288 542
103.591 25.2413 541
102.669 25.2413 541
101.747 25.2413 541
100.825 25.2413 541
99.9024 25.2413 541
98.9801 25.2413 541
98.0579 25.2413 541
96.9561 25.1947 540
96.0355 25.1947 540
95.1149 25.1947 540
94.1944 25.1947 540
93.2738 25.1947 540
92.5243 25.2413 541
91.602 25.2413 541
90.6797 25.2413 541
89.7575 25.2413 541
88.9994 25.288 542
88.2379 25.3346 543
87.3122 25.3346 543
86.3866 25.3346 543
85.4609 25.3346 543
84.5352 25.3346 543
83.6095 25.3346 543
82.6839 25.3346 543
81.7582 25.3346 543
80.8325 25.3346 543
79.9068 25.3346 543
78.9811 25.3346 543
77.9117 25.288 542
129.835 25.487 567
128.868 25.487 567
127.902 25.487 567
126.935 25.487 567
125.969 25.487 567
124.561 25.3971 565
123.598 25.3971 565
122.635 25.3971 565
121.456 25.3522 564
120.281 25.3072 563
119.109 25.2623 562
118.151 25.2623 562
116.776 25.1724 560
114.787 24.9476 555
113.226 24.8128 552
112.285 24.8128 552
110.739 24.6779 549
109.003 24.4981 545
107.677 24.4082 543
106.555 24.3633 542
105.631 24.3633 542
104.514 24.3183 541
103.591 24.3183 541
102.479 24.2734 540
101.559 24.2734 540
100.638 24.2734 540
99.7178 24.2734 540
98.7972 24.2734 540
97.8766 24.2734 540
96.9561 24.2734 540
96.0355 24.2734 540
95.1149 24.2734 540
94.1944 24.2734 540
93.2738 24.2734 540
92.5243 24.3183 541
91.602 24.3183 541
90.6797 24.3183 541
89.7575 24.3183 541
88.9994 24.3633 542
88.2379 24.4082 543
87.3122 24.4082 543
86.3866 24.4082 543
85.4609 24.4082 543
84.5352 24.4082 543
83.6095 24.4082 543
82.6839 24.4082 543
81.7582 24.4082 543
80.8325 24.4082 543
79.9068 24.4082 543
78.9811 24.4082 543
77.9117 24.3633 542
128.641 24.4764 566
127.676 24.4764 566
126.711 24.4764 566
125.524 24.4332 565
124.561 24.4332 565
123.598 24.4332 565
122.418 24.3899 564
121.241 24.3467 563
120.067 24.3035 562
118.686 24.217 560
117.731 24.217 560
115.734 24.0007 555
114.167 23.871 552
112.816 23.7845 550
111.878 23.7845 550
110.134 23.6115 546
108.603 23.4818 543
107.479 23.4386 542
106.358 23.3953 541
105.436 23.3953 541
104.514 23.3953 541
103.4 23.3521 540
102.479 23.3521 540
101.559 23.3521 540
100.452 23.3088 539
99.5331 23.3088 539
98.6142 23.3088 539
97.6954 23.3088 539
96.7765 23.3088 539
96.0355 23.3521 540
95.1149 23.3521 540
94.1944 23.3521 540
93.2738 23.3521 540
92.3532 23.3521 540
91.4327 23.3521 540
90.6797 23.3953 541
89.7575 23.3953 541
88.9994 23.4386 542
88.0754 23.4386 542
87.3122 23.4818 543
86.3866 23.4818 543
85.4609 23.4818 543
84.5352 23.4818 543
83.6095 23.4818 543
82.5316 23.4386 542
81.7582 23.4818 543
80.8325 23.4818 543
79.9068 23.4818 543
78.9811 23.4818 543
128.641 23.5108 566
127.676 23.5108 566
126.711 23.5108 566
125.746 23.5108 566
124.341 23.4277 564
123.379 23.4277 564
122.201 23.3862 563
121.026 23.3446 562
119.64 23.2615 560
118.686 23.2615 560
117.731 23.2615 560
115.525 23.0123 554
114.167 22.9292 552
112.816 22.8462 550
111.878 22.8462 550
109.932 22.6385 545
108.603 22.5554 543
107.281 22.4723 541
106.358 22.4723 541
105.436 22.4723 541
104.321 22.4308 540
103.4 22.4308 540
102.29 22.3892 539
101.371 22.3892 539
100.452 22.3892 539
99.3484 22.3477 538
98.4313 22.3477 538
97.6954 22.3892 539
96.7765 22.3892 539
95.8577 22.3892 539
94.9388 22.3892 539
94.0199 22.3892 539
93.1011 22.3892 539
92.1822 22.3892 539
91.4327 22.4308 540
90.5121 22.4308 540
89.5916 22.4308 540
88.8352 22.4723 541
88.0754 22.5139 542
87.1515 22.5139 542
86.2275 22.5139 542
85.4609 22.5554 543
84.5352 22.5554 543
83.6095 22.5554 543
82.5316 22.5139 542
81.7582 22.5554 543
80.8325 22.5554 543
79.9068 22.5554 543
78.9811 22.5554 543
128.641 22.5451 566
127.676 22.5451 566
126.711 22.5451 566
125.746 22.5451 566
124.341 22.4655 564
123.379 22.4655 564
122.201 22.4256 563
121.026 22.3858 562
119.64 22.3061 560
118.686 22.3061 560
117.731 22.3061 560
115.525 22.0671 554
114.167 21.9875 552
112.816 21.9078 550
111.878 21.9078 550
109.932 21.7086 545
108.603 21.629 543
107.281 21.5493 541
106.358 21.5493 541
105.436 21.5493 541
104.321 21.5095 540
103.4 21.5095 540
102.29 21.4697 539
101.371 21.4697 539
100.452 21.4697 539
99.3484 21.4298 538
98.4313 21.4298 538
97.5141 21.4298 538
96.597 21.4298 538
95.6798 21.4298 538
94.9388 21.4697 539
94.0199 21.4697 539
93.1011 21.4697 539
92.1822 21.4697 539
91.2634 21.4697 539
90.3445 21.4697 539
89.4256 21.4697 539
88.671 21.5095 540
87.9129 21.5493 541
87.1515 21.5891 542
86.2275 21.5891 542
85.3035 21.5891 542
84.3795 21.5891 542
83.4556 21.5891 542
82.5316 21.5891 542
81.7582 21.629 543
80.8325 21.629 543
79.9068 21.629 543
128.641 21.5795 566
127.676 21.5795 566
126.711 21.5795 566
125.746 21.5795 566
124.341 21.5032 564
123.379 21.5032 564
121.984 21.427 562
120.81 21.3888 561
119.64 21.3507 560
117.626 21.1601 555
116.68 21.1601 555
115.525 21.122 554
114.167 21.0457 552
112.611 20.9313 549
111.675 20.9313 549
109.932 20.7788 545
108.603 20.7026 543
107.281 20.6263 541
106.162 20.5882 540
105.241 20.5882 540
104.321 20.5882 540
103.209 20.5501 539
102.1 20.5119 538
101.183 20.5119 538
100.266 20.5119 538
99.3484 20.5119 538
98.4313 20.5119 538
97.5141 20.5119 538
96.597 20.5119 538
95.6798 20.5119 538
94.9388 20.5501 539
94.0199 20.5501 539
93.1011 20.5501 539
92.1822 20.5501 539
91.2634 20.5501 539
90.3445 20.5501 539
89.4256 20.5501 539
88.671 20.5882 540
87.9129 20.6263 541
87.1515 20.6644 542
86.2275 20.6644 542
85.3035 20.6644 542
84.3795 20.6644 542
83.4556 20.6644 542
82.5316 20.6644 542
81.7582 20.7026 543
80.8325 20.7026 543
79.9068 20.7026 543
128.641 20.6138 566
127.676 20.6138 566
126.711 20.6138 566
125.746 20.6138 566
124.12 20.5046 563
123.16 20.5046 563
121.767 20.4317 561
119.949 20.286 557
118.572 20.2132 555
117.414 20.1768 554
116.469 20.1768 554
115.108 20.1039 552
113.546 19.9947 549
111.79 19.849 545
110.454 19.7762 543
109.529 19.7762 543
108.203 19.7033 541
107.082 19.6669 540
106.162 19.6669 540
105.241 19.6669 540
104.127 19.6305 539
103.017 19.5941 538
101.91 19.5576 537
100.995 19.5576 537
100.079 19.5576 537
98.9791 19.5212 536
98.0654 19.5212 536
97.1516 19.5212 536
96.2379 19.5212 536
95.502 19.5576 537
94.7626 19.5941 538
93.8455 19.5941 538
92.9283 19.5941 538
92.0112 19.5941 538
91.094 19.5941 538
90.3445 19.6305 539
89.4256 19.6305 539
88.5068 19.6305 539
87.9129 19.7033 541
86.9907 19.7033 541
86.0684 19.7033 541
85.1461 19.7033 541
84.3795 19.7397 542
83.4556 19.7397 542
82.5316 19.7397 542
128.461 19.4746 561
128.641 19.6482 566
127.676 19.6482 566
126.711 19.6482 566
124.858 19.5093 562
123.679 19.4746 561
122.723 19.4746 561
120.898 19.3357 557
119.518 19.2663 555
118.358 19.2316 554
116.99 19.1622 552
116.049 19.1622 552
114.482 19.058 549
112.926 18.9539 546
111.38 18.8497 543
110.047 18.7803 541
109.125 18.7803 541
108.003 18.7456 540
107.082 18.7456 540
105.769 18.6762 538
104.851 18.6762 538
103.934 18.6762 538
102.826 18.6415 537
101.72 18.6067 536
100.807 18.6067 536
99.8928 18.6067 536
98.7944 18.572 535
97.8824 18.572 535
97.1516 18.6067 536
96.2379 18.6067 536
95.3241 18.6067 536
94.5865 18.6415 537
93.8455 18.6762 538
92.9283 18.6762 538
92.0112 18.6762 538
91.094 18.6762 538
90.1769 18.6762 538
89.2597 18.6762 538
88.5068 18.7109 539
87.9129 18.7803 541
86.9907 18.7803 541
86.0684 18.7803 541
85.1461 18.7803 541
128.461 18.5175 561
128.641 18.6825 566
127.676 18.6825 566
126.711 18.6825 566
124.858 18.5505 562
123.679 18.5175 561
122.723 18.5175 561
120.898 18.3854 557
119.518 18.3194 555
118.358 18.2864 554
116.99 18.2204 552
116.049 18.2204 552
114.482 18.1214 549
112.926 18.0223 546
111.38 17.9233 543
110.047 17.8573 541
109.125 17.8573 541
108.003 17.8243 540
107.082 17.8243 540
105.769 17.7583 538
104.851 17.7583 538
103.934 17.7583 538
102.826 17.7253 537
101.72 17.6923 536
100.807 17.6923 536
99.8928 17.6923 536
98.7944 17.6593 535
97.8824 17.6593 535
96.9704 17.6593 535
96.0583 17.6593 535
95.1463 17.6593 535
94.4104 17.6923 536
93.6711 17.7253 537
92.7556 17.7253 537
92.0112 17.7583 538
91.094 17.7583 538
90.1769 17.7583 538
89.2597 17.7583 538
88.5068 17.7913 539
87.9129 17.8573 541
86.9907 17.8573 541
86.0684 17.8573 541
85.1461 17.8573 541
134.678 17.6229 563
133.718 17.6229 563
132.758 17.6229 563
131.798 17.6229 563
130.839 17.6229 563
129.648 17.5916 562
128.461 17.5603 561
127.505 17.5603 561
126.548 17.5603 561
125.592 17.5603 561
124.413 17.529 560
123.238 17.4977 559
121.848 17.4351 557
120.898 17.4351 557
119.303 17.3412 554
118.145 17.3099 553
116.99 17.2786 552
116.049 17.2786 552
114.482 17.1847 549
112.719 17.0595 545
111.175 16.9656 542
110.047 16.9343 541
109.125 16.9343 541
107.803 16.8717 539
106.686 16.8404 538
105.572 16.8091 537
104.656 16.8091 537
103.548 16.7778 536
102.634 16.7778 536
101.531 16.7465 535
100.619 16.7465 535
99.7065 16.7465 535
98.7944 16.7465 535
97.8824 16.7465 535
96.9704 16.7465 535
96.0583 16.7465 535
95.1463 16.7465 535
94.4104 16.7778 536
93.6711 16.8091 537
92.7556 16.8091 537
92.0112 16.8404 538
91.094 16.8404 538
90.1769 16.8404 538
89.2597 16.8404 538
88.5068 16.8717 539
87.9129 16.9343 541
86.9907 16.9343 541
86.0684 16.9343 541
85.1461 16.9343 541
135.637 16.6624 563
134.678 16.6624 563
133.718 16.6624 563
132.758 16.6624 563
131.798 16.6624 563
130.839 16.6624 563
129.648 16.6328 562
128.461 16.6032 561
127.277 16.5736 560
126.323 16.5736 560
125.368 16.5736 560
124.191 16.544 559
123.018 16.5144 558
121.629 16.4552 556
120.681 16.4552 556
119.303 16.396 554
117.931 16.3369 552
116.566 16.2777 550
115.629 16.2777 550
113.857 16.1593 546
112.306 16.0705 543
110.97 16.0113 541
109.641 15.9521 539
108.722 15.9521 539
107.403 15.8929 537
106.289 15.8633 536
105.179 15.8337 535
104.267 15.8337 535
102.968 15.7745 533
102.06 15.7745 533
100.961 15.7449 532
100.054 15.7449 532
99.1474 15.7449 532
98.2404 15.7449 532
97.5165 15.7745 533
96.6079 15.7745 533
95.6992 15.7745 533
94.9684 15.8041 534
94.2342 15.8337 535
93.4966 15.8633 536
92.5829 15.8633 536
91.6691 15.8633 536
90.9247 15.8929 537
90.1769 15.9225 538
89.2597 15.9225 538
88.3426 15.9225 538
87.9129 16.0113 541
86.9907 16.0113 541
86.0684 16.0113 541
85.1461 16.0113 541
135.637 15.7019 563
134.678 15.7019 563
133.718 15.7019 563
132.758 15.7019 563
131.798 15.7019 563
130.839 15.7019 563
129.648 15.674 562
128.461 15.6461 561
127.277 15.6182 560
126.323 15.6182 560
125.368 15.6182 560
123.969 15.5624 558
122.577 15.5066 556
121.41 15.4788 555
120.464 15.4788 555
119.087 15.423 553
117.717 15.3672 551
116.142 15.2835 548
115.208 15.2835 548
113.231 15.1441 543
111.892 15.0883 541
110.559 15.0325 539
109.234 14.9767 537
108.318 14.9767 537
107.003 14.921 535
105.496 14.8373 532
104.589 14.8373 532
103.682 14.8373 532
102.775 14.8373 532
101.677 14.8094 531
100.771 14.8094 531
99.8662 14.8094 531
98.961 14.8094 531
98.0558 14.8094 531
97.3335 14.8373 532
96.4266 14.8373 532
95.5197 14.8373 532
94.7906 14.8652 533
94.0581 14.8931 534
93.3222 14.921 535
92.4102 14.921 535
91.4981 14.921 535
90.7554 14.9489 536
89.8417 14.9489 536
88.9279 14.9489 536
88.3426 15.0046 538
87.9129 15.0883 541
86.9907 15.0883 541
86.0684 15.0883 541
85.1461 15.0883 541
135.637 14.7413 563
134.678 14.7413 563
133.718 14.7413 563
132.758 14.7413 563
131.564 14.7152 562
130.606 14.7152 562
129.417 14.689 561
128.232 14.6628 560
127.05 14.6366 559
126.097 14.6366 559
124.92 14.6104 558
123.969 14.6104 558
122.577 14.5581 556
121.41 14.5319 555
120.464 14.5319 555
119.087 14.4795 553
117.717 14.4271 551
116.142 14.3486 548
115.208 14.3486 548
113.231 14.2177 543
111.892 14.1653 541
110.559 14.1129 539
109.234 14.0606 537
108.318 14.0606 537
107.003 14.0082 535
105.496 13.9296 532
104.589 13.9296 532
103.682 13.9296 532
102.775 13.9296 532
101.677 13.9035 531
100.771 13.9035 531
99.8662 13.9035 531
98.961 13.9035 531
98.0558 13.9035 531
97.3335 13.9296 532
96.4266 13.9296 532
95.5197 13.9296 532
94.6127 13.9296 532
93.882 13.9558 533
93.1478 13.982 534
92.2374 13.982 534
91.3271 13.982 534
90.4168 13.982 534
89.5064 13.982 534
88.5961 13.982 534
88.1784 14.0606 537
87.9129 14.1653 541
86.9907 14.1653 541
86.0684 14.1653 541
158.133 14.0745 575
157.153 14.0745 575
156.444 14.099 576
155.732 14.1235 577
154.749 14.1235 577
153.765 14.1235 577
152.781 14.1235 577
151.798 14.1235 577
150.814 14.1235 577
149.571 14.099 576
135.397 13.7563 562
134.439 13.7563 562
133.48 13.7563 562
132.287 13.7318 561
131.33 13.7318 561
130.374 13.7318 561
129.187 13.7074 560
127.774 13.6584 558
126.596 13.6339 557
125.421 13.6095 556
124.473 13.6095 556
123.525 13.6095 556
122.357 13.585 555
121.192 13.5605 554
120.247 13.5605 554
119.087 13.536 553
117.504 13.4626 550
116.142 13.4136 548
115.208 13.4136 548
113.231 13.2913 543
111.892 13.2423 541
110.559 13.1933 539
108.827 13.0954 535
107.915 13.0954 535
106.403 13.022 532
105.496 13.022 532
104.392 12.9975 531
103.487 12.9975 531
102.582 12.9975 531
101.677 12.9975 531
100.582 12.973 530
99.6782 12.973 530
98.7746 12.973 530
97.8711 12.973 530
96.9676 12.973 530
96.2454 12.9975 531
95.3401 12.9975 531
94.6127 13.022 532
93.882 13.0465 533
93.1478 13.071 534
92.2374 13.071 534
91.3271 13.071 534
90.4168 13.071 534
89.5064 13.071 534
88.5961 13.071 534
88.1784 13.1444 537
87.9129 13.2423 541
86.9907 13.2423 541
86.0684 13.2423 541
159.39 13.1163 576
158.408 13.1163 576
157.426 13.1163 576
156.444 13.1163 576
155.732 13.1391 577
154.749 13.1391 577
153.765 13.1391 577
152.781 13.1391 577
151.798 13.1391 577
150.814 13.1391 577
149.571 13.1163 576
148.073 13.0707 574
146.069 12.9797 570
145.098 12.9797 570
144.126 12.9797 570
135.156 12.7747 561
134.199 12.7747 561
133.243 12.7747 561
132.287 12.7747 561
130.862 12.7292 559
129.909 12.7292 559
128.725 12.7064 558
127.545 12.6836 557
126.368 12.6609 556
125.421 12.6609 556
124.473 12.6609 556
123.303 12.6381 555
122.357 12.6381 555
121.192 12.6153 554
120.247 12.6153 554
118.872 12.5698 552
117.504 12.5242 550
116.142 12.4787 548
115.208 12.4787 548
113.231 12.3648 543
111.685 12.2965 540
110.559 12.2738 539
108.623 12.1599 534
107.713 12.1599 534
106.403 12.1144 532
105.298 12.0916 531
104.392 12.0916 531
103.487 12.0916 531
102.582 12.0916 531
101.485 12.0688 530
100.582 12.0688 530
99.6782 12.0688 530
98.7746 12.0688 530
97.8711 12.0688 530
96.9676 12.0688 530
96.0641 12.0688 530
95.1606 12.0688 530
94.4349 12.0916 531
93.7058 12.1144 532
92.9733 12.1371 533
92.0647 12.1371 533
91.1561 12.1371 533
90.2474 12.1371 533
89.3388 12.1371 533
88.4302 12.1371 533
87.85 12.1827 535
86.9379 12.1827 535
86.0259 12.1827 535
159.39 12.1336 576
158.408 12.1336 576
157.426 12.1336 576
156.444 12.1336 576
155.732 12.1546 577
154.749 12.1546 577
153.765 12.1546 577
152.781 12.1546 577
151.798 12.1546 577
150.814 12.1546 577
149.571 12.1336 576
148.073 12.0914 574
146.069 12.0072 570
145.098 12.0072 570
144.126 12.0072 570
135.156 11.8176 561
134.199 11.8176 561
133.243 11.8176 561
132.287 11.8176 561
130.862 11.7755 559
129.909 11.7755 559
128.725 11.7544 558
127.545 11.7333 557
126.368 11.7123 556
125.421 11.7123 556
124.473 11.7123 556
123.08 11.6701 554
122.136 11.6701 554
120.973 11.6491 553
120.03 11.6491 553
118.657 11.6069 551
117.504 11.5859 550
115.718 11.5016 546
114.788 11.5016 546
113.231 11.4384 543
111.478 11.3542 539
109.534 11.2488 534
108.217 11.2067 532
107.31 11.2067 532
106.203 11.1856 531
105.298 11.1856 531
104.392 11.1856 531
103.487 11.1856 531
102.389 11.1646 530
101.485 11.1646 530
100.392 11.1435 529
99.4901 11.1435 529
98.5883 11.1435 529
97.8711 11.1646 530
96.9676 11.1646 530
96.0641 11.1646 530
95.1606 11.1646 530
94.4349 11.1856 531
93.7058 11.2067 532
92.7989 11.2067 532
91.892 11.2067 532
90.985 11.2067 532
90.0781 11.2067 532
89.1712 11.2067 532
88.2643 11.2067 532
87.3573 11.2067 532
163.318 11.1509 576
162.336 11.1509 576
161.354 11.1509 576
160.65 11.1702 577
159.667 11.1702 577
158.683 11.1702 577
157.426 11.1509 576
156.444 11.1509 576
155.732 11.1702 577
154.749 11.1702 577
153.765 11.1702 577
152.781 11.1702 577
151.798 11.1702 577
150.814 11.1702 577
149.571 11.1509 576
148.073 11.1121 574
146.069 11.0347 570
145.098 11.0347 570
144.126 11.0347 570
134.915 10.8411 560
133.96 10.8411 560
133.005 10.8411 560
132.051 10.8411 560
130.628 10.8024 558
129.677 10.8024 558
128.495 10.783 557
127.316 10.7637 556
126.141 10.7443 555
125.195 10.7443 555
124.249 10.7443 555
123.08 10.725 554
122.136 10.725 554
120.973 10.7056 553
120.03 10.7056 553
118.657 10.6669 551
117.504 10.6475 550
115.718 10.5701 546
114.788 10.5701 546
113.231 10.512 543
111.478 10.4346 539
109.534 10.3378 534
108.217 10.2991 532
107.31 10.2991 532
106.203 10.2797 531
105.298 10.2797 531
104.392 10.2797 531
103.487 10.2797 531
102.389 10.2603 530
101.485 10.2603 530
100.392 10.241 529
99.4901 10.241 529
98.5883 10.241 529
97.8711 10.2603 530
96.9676 10.2603 530
96.0641 10.2603 530
95.1606 10.2603 530
94.4349 10.2797 531
93.5297 10.2797 531
92.7989 10.2991 532
91.892 10.2991 532
90.985 10.2991 532
90.0781 10.2991 532
89.1712 10.2991 532
88.2643 10.2991 532
87.1931 10.2797 531
164.3 10.1681 576
163.318 10.1681 576
162.336 10.1681 576
161.354 10.1681 576
160.65 10.1858 577
159.667 10.1858 577
158.683 10.1858 577
157.426 10.1681 576
156.444 10.1681 576
155.732 10.1858 577
154.749 10.1858 577
153.765 10.1858 577
152.781 10.1858 577
151.798 10.1858 577
150.814 10.1858 577
149.571 10.1681 576
148.073 10.1328 574
146.069 10.0622 570
144.843 10.0446 569
143.873 10.0446 569
142.401 10.0093 567
135.627 9.86804 559
134.674 9.86804 559
133.721 9.86804 559
132.53 9.85039 558
131.579 9.85039 558
130.16 9.81508 556
129.212 9.81508 556
128.264 9.81508 556
127.087 9.79743 555
125.914 9.77978 554
124.969 9.77978 554
124.025 9.77978 554
123.08 9.77978 554
121.916 9.76213 553
120.754 9.74447 552
119.813 9.74447 552
118.441 9.70917 550
117.076 9.67386 548
115.083 9.58559 543
114.157 9.58559 543
112.606 9.53264 540
111.065 9.47968 537
109.124 9.39141 532
108.013 9.37376 531
107.108 9.37376 531
106.003 9.3561 530
104.901 9.33845 529
103.999 9.33845 529
103.097 9.33845 529
102.196 9.33845 529
101.294 9.33845 529
100.392 9.33845 529
99.4901 9.33845 529
98.5883 9.33845 529
97.6865 9.33845 529
96.9676 9.3561 530
96.0641 9.3561 530
95.1606 9.3561 530
94.4349 9.37376 531
93.5297 9.37376 531
92.7989 9.39141 532
91.892 9.39141 532
90.985 9.39141 532
90.0781 9.39141 532
89.1712 9.39141 532
88.2643 9.39141 532
87.1931 9.37376 531
164.3 9.18543 576
163.318 9.18543 576
162.336 9.18543 576
161.354 9.18543 576
160.65 9.20138 577
159.667 9.20138 577
158.683 9.20138 577
157.426 9.18543 576
156.444 9.18543 576
155.462 9.18543 576
154.48 9.18543 576
153.498 9.18543 576
152.517 9.18543 576
151.535 9.18543 576
150.553 9.18543 576
149.311 9.16948 575
147.815 9.13759 573
145.813 9.0738 569
144.588 9.05785 568
143.62 9.05785 568
142.401 9.04191 567
140.436 8.97812 563
139.229 8.96217 562
138.271 8.96217 562
136.824 8.93028 560
135.627 8.91433 559
134.674 8.91433 559
133.721 8.91433 559
132.53 8.89838 558
131.108 8.86649 556
129.926 8.85054 555
128.979 8.85054 555
128.033 8.85054 555
126.858 8.8346 554
125.687 8.81865 553
124.744 8.81865 553
123.801 8.81865 553
122.858 8.81865 553
121.695 8.8027 552
120.535 8.78676 551
119.596 8.78676 551
118.226 8.75486 549
116.222 8.67513 544
114.871 8.64323 542
113.947 8.64323 542
112.606 8.61134 540
110.03 8.48376 532
108.918 8.46782 531
107.81 8.45187 530
106.906 8.45187 530
105.803 8.43592 529
104.901 8.43592 529
103.999 8.43592 529
103.097 8.43592 529
102.196 8.43592 529
101.294 8.43592 529
100.202 8.41998 528
99.302 8.41998 528
98.4019 8.41998 528
97.6865 8.43592 529
96.7847 8.43592 529
96.0641 8.45187 530
95.1606 8.45187 530
94.2571 8.45187 530
93.5297 8.46782 531
92.6245 8.46782 531
91.7192 8.46782 531
90.985 8.48376 532
90.0781 8.48376 532
89.1712 8.48376 532
88.2643 8.48376 532
164.3 8.20271 576
163.318 8.20271 576
162.336 8.20271 576
161.354 8.20271 576
160.65 8.21695 577
159.667 8.21695 577
158.683 8.21695 577
157.426 8.20271 576
156.173 8.18847 575
155.462 8.20271 576
154.48 8.20271 576
153.498 8.20271 576
152.517 8.20271 576
151.535 8.20271 576
150.553 8.20271 576
149.311 8.18847 575
147.815 8.15999 573
145.813 8.10303 569
144.588 8.08879 568
143.62 8.08879 568
142.401 8.07455 567
140.436 8.01758 563
139.229 8.00334 562
138.271 8.00334 562
136.824 7.97486 560
135.627 7.96062 559
134.674 7.96062 559
133.721 7.96062 559
132.53 7.94638 558
131.108 7.9179 556
129.926 7.90366 555
128.979 7.90366 555
128.033 7.90366 555
126.858 7.88941 554
125.687 7.87517 553
124.744 7.87517 553
123.801 7.87517 553
122.858 7.87517 553
121.695 7.86093 552
120.317 7.83245 550
119.379 7.83245 550
118.226 7.81821 549
116.222 7.74701 544
114.659 7.70428 541
113.736 7.70428 541
112.397 7.6758 539
110.03 7.57612 532
108.713 7.54764 530
107.81 7.54764 530
106.906 7.54764 530
105.603 7.51915 528
104.703 7.51915 528
103.803 7.51915 528
102.902 7.51915 528
102.002 7.51915 528
101.102 7.51915 528
100.202 7.51915 528
99.302 7.51915 528
98.4019 7.51915 528
97.6865 7.53339 529
96.7847 7.53339 529
95.8828 7.53339 529
94.981 7.53339 529
94.2571 7.54764 530
93.3535 7.54764 530
92.6245 7.56188 531
91.7192 7.56188 531
90.814 7.56188 531
89.9088 7.56188 531
89.0036 7.56188 531
165.975 7.20746 575
164.995 7.20746 575
164.3 7.22 576
163.318 7.22 576
162.336 7.22 576
161.354 7.22 576
160.372 7.22 576
159.39 7.22 576
158.408 7.22 576
157.426 7.22 576
155.901 7.19493 574
155.192 7.20746 575
154.212 7.20746 575
153.232 7.20746 575
152.252 7.20746 575
151.272 7.20746 575
150.291 7.20746 575
148.792 7.18239 573
147.557 7.16986 572
145.557 7.11972 568
144.334 7.10718 567
143.367 7.10718 567
142.15 7.09465 566
140.436 7.05705 563
139.229 7.04451 562
138.271 7.04451 562
136.824 7.01944 560
135.627 7.00691 559
134.674 7.00691 559
133.721 7.00691 559
132.293 6.98184 557
130.872 6.95677 555
129.926 6.95677 555
128.979 6.95677 555
127.803 6.94423 554
126.629 6.9317 553
125.687 6.9317 553
124.744 6.9317 553
123.801 6.9317 553
122.636 6.91916 552
121.695 6.91916 552
120.317 6.89409 550
119.379 6.89409 550
118.226 6.88156 549
116.222 6.81889 544
114.659 6.78128 541
113.736 6.78128 541
112.397 6.75621 539
110.03 6.66847 532
108.918 6.65594 531
107.81 6.6434 530
106.906 6.6434 530
105.603 6.61833 528
104.703 6.61833 528
103.803 6.61833 528
102.902 6.61833 528
102.002 6.61833 528
101.102 6.61833 528
100.202 6.61833 528
99.302 6.61833 528
98.4019 6.61833 528
97.6865 6.63087 529
96.7847 6.63087 529
95.8828 6.63087 529
94.981 6.63087 529
94.2571 6.6434 530
93.3535 6.6434 530
92.6245 6.65594 531
91.7192 6.65594 531
90.814 6.65594 531
165.975 6.22645 575
164.995 6.22645 575
164.3 6.23728 576
163.318 6.23728 576
162.336 6.23728 576
161.354 6.23728 576
160.372 6.23728 576
159.39 6.23728 576
158.408 6.23728 576
157.153 6.22645 575
155.901 6.21562 574
154.923 6.21562 574
153.944 6.21562 574
152.965 6.21562 574
151.987 6.21562 574
151.008 6.21562 574
150.03 6.21562 574
148.532 6.19397 572
147.041 6.17231 570
145.301 6.13982 567
144.079 6.129 566
143.114 6.129 566
141.898 6.11817 565
140.436 6.09651 563
139.229 6.08568 562
138.271 6.08568 562
136.824 6.06402 560
135.627 6.0532 559
134.433 6.04237 558
133.482 6.04237 558
132.293 6.03154 557
130.872 6.00988 555
129.692 5.99905 554
128.747 5.99905 554
127.803 5.99905 554
126.629 5.98822 553
125.459 5.9774 552
124.518 5.9774 552
123.577 5.9774 552
122.636 5.9774 552
121.475 5.96657 551
120.098 5.94491 549
119.162 5.94491 549
117.58 5.91242 546
115.795 5.86911 542
114.659 5.85828 541
113.736 5.85828 541
112.397 5.83662 539
110.03 5.76082 532
108.918 5.74999 531
107.81 5.73917 530
106.906 5.73917 530
105.603 5.71751 528
104.703 5.71751 528
103.803 5.71751 528
102.902 5.71751 528
102.002 5.71751 528
101.102 5.71751 528
100.202 5.71751 528
99.302 5.71751 528
98.4019 5.71751 528
97.6865 5.72834 529
96.7847 5.72834 529
95.8828 5.72834 529
94.981 5.72834 529
94.2571 5.73917 530
93.3535 5.73917 530
92.6245 5.74999 531
91.7192 5.74999 531
90.814 5.74999 531
167.246 5.25457 576
166.264 5.25457 576
165.282 5.25457 576
164.3 5.25457 576
163.318 5.25457 576
162.336 5.25457 576
161.354 5.25457 576
160.372 5.25457 576
159.39 5.25457 576
158.408 5.25457 576
157.153 5.24544 575
155.901 5.23632 574
154.653 5.2272 573
153.676 5.2272 573
152.699 5.2272 573
151.722 5.2272 573
150.745 5.2272 573
149.769 5.2272 573
148.272 5.20895 571
146.525 5.18159 568
145.044 5.16334 566
144.079 5.16334 566
143.114 5.16334 566
141.647 5.1451 564
140.436 5.13597 563
139.229 5.12685 562
138.271 5.12685 562
136.824 5.10861 560
135.627 5.09948 559
134.192 5.08124 557
133.242 5.08124 557
132.055 5.07212 556
130.636 5.05387 554
129.457 5.04475 553
128.515 5.04475 553
127.572 5.04475 553
126.4 5.03563 552
125.232 5.0265 551
124.293 5.0265 551
123.353 5.0265 551
122.414 5.0265 551
121.254 5.01738 550
119.879 4.99914 548
118.945 4.99914 548
117.58 4.98089 546
115.795 4.9444 542
114.659 4.93528 541
113.736 4.93528 541
112.397 4.91703 539
110.03 4.85318 532
108.918 4.84405 531
107.81 4.83493 530
106.906 4.83493 530
105.603 4.81669 528
104.504 4.80756 527
103.606 4.80756 527
102.902 4.81669 528
102.002 4.81669 528
101.102 4.81669 528
100.202 4.81669 528
99.302 4.81669 528
98.4019 4.81669 528
97.6865 4.82581 529
96.7847 4.82581 529
95.8828 4.82581 529
94.981 4.82581 529
94.2571 4.83493 530
93.3535 4.83493 530
92.6245 4.84405 531
91.7192 4.84405 531
90.814 4.84405 531
167.246 4.27185 576
166.264 4.27185 576
165.282 4.27185 576
164.014 4.26443 575
163.034 4.26443 575
162.054 4.26443 575
161.074 4.26443 575
160.094 4.26443 575
159.113 4.26443 575
158.133 4.26443 575
156.88 4.25702 574
155.629 4.2496 573
154.653 4.2496 573
153.676 4.2496 573
152.699 4.2496 573
151.722 4.2496 573
150.745 4.2496 573
149.769 4.2496 573
148.272 4.23477 571
146.525 4.21252 568
145.044 4.19769 566
144.079 4.19769 566
143.114 4.19769 566
141.647 4.18285 564
140.436 4.17544 563
139.229 4.16802 562
138.271 4.16802 562
136.824 4.15319 560
135.627 4.14577 559
134.192 4.13094 557
133.242 4.13094 557
132.055 4.12352 556
130.636 4.10869 554
129.457 4.10127 553
128.515 4.10127 553
127.572 4.10127 553
126.4 4.09386 552
125.232 4.08644 551
124.293 4.08644 551
123.353 4.08644 551
122.414 4.08644 551
121.254 4.07902 550
119.879 4.06419 548
118.945 4.06419 548
117.58 4.04936 546
115.795 4.01969 542
114.659 4.01228 541
113.736 4.01228 541
112.397 3.99744 539
110.03 3.94553 532
108.918 3.93811 531
107.81 3.9307 530
106.906 3.9307 530
105.203 3.90103 526
104.306 3.90103 526
103.606 3.90845 527
102.708 3.90845 527
101.809 3.90845 527
100.911 3.90845 527
100.012 3.90845 527
99.1139 3.90845 527
98.2155 3.90845 527
97.6865 3.92328 529
96.7847 3.92328 529
95.8828 3.92328 529
94.981 3.92328 529
94.0792 3.92328 529
93.3535 3.9307 530
92.45 3.9307 530
91.5465 3.9307 530
90.643 3.9307 530
168.227 3.28913 576
167.246 3.28913 576
166.264 3.28913 576
165.282 3.28913 576
164.014 3.28342 575
163.034 3.28342 575
162.054 3.28342 575
161.074 3.28342 575
159.815 3.27771 574
158.837 3.27771 574
157.858 3.27771 574
156.606 3.272 573
155.629 3.272 573
154.383 3.26629 572
153.676 3.272 573
152.699 3.272 573
151.722 3.272 573
150.482 3.26629 572
149.507 3.26629 572
148.013 3.25487 570
146.267 3.23774 567
145.044 3.23203 566
143.825 3.22632 565
142.862 3.22632 565
141.647 3.22061 564
140.436 3.2149 563
138.981 3.20348 561
138.025 3.20348 561
136.58 3.19206 559
135.142 3.18064 557
133.951 3.17493 556
133.003 3.17493 556
131.58 3.16351 554
130.4 3.1578 553
129.223 3.15209 552
128.282 3.15209 552
127.341 3.15209 552
126.171 3.14638 551
125.232 3.14638 551
124.293 3.14638 551
123.353 3.14638 551
122.192 3.14067 550
121.254 3.14067 550
119.879 3.12925 548
118.945 3.12925 548
117.58 3.11783 546
115.795 3.09498 542
114.659 3.08927 541
113.736 3.08927 541
112.397 3.07785 539
110.03 3.03788 532
108.918 3.03217 531
107.81 3.02646 530
106.906 3.02646 530
105.203 3.00362 526
104.306 3.00362 526
103.606 3.00933 527
102.708 3.00933 527
101.809 3.00933 527
100.911 3.00933 527
100.012 3.00933 527
99.1139 3.00933 527
98.2155 3.00933 527
97.6865 3.02075 529
96.7847 3.02075 529
95.8828 3.02075 529
94.981 3.02075 529
94.0792 3.02075 529
93.1774 3.02075 529
92.45 3.02646 530
91.5465 3.02646 530
90.643 3.02646 530
168.227 2.30642 576
167.246 2.30642 576
166.264 2.30642 576
165.282 2.30642 576
164.014 2.30241 575
163.034 2.30241 575
162.054 2.30241 575
160.794 2.29841 574
159.537 2.29441 573
158.56 2.29441 573
157.583 2.29441 573
156.606 2.29441 573
155.358 2.2904 572
154.113 2.2864 571
153.139 2.2864 571
152.166 2.2864 571
151.193 2.2864 571
149.956 2.28239 570
148.984 2.28239 570
147.493 2.27439 568
146.009 2.26638 566
144.788 2.26237 565
143.57 2.25837 564
142.609 2.25837 564
141.396 2.25436 563
140.187 2.25036 562
138.733 2.24235 560
137.779 2.24235 560
136.091 2.23034 557
134.899 2.22633 556
133.469 2.21833 554
132.525 2.21833 554
131.58 2.21833 554
130.164 2.21032 552
129.223 2.21032 552
128.282 2.21032 552
127.111 2.20631 551
126.171 2.20631 551
125.005 2.20231 550
124.067 2.20231 550
123.129 2.20231 550
122.192 2.20231 550
120.813 2.1943 548
119.66 2.1903 547
118.728 2.1903 547
117.149 2.17828 544
115.795 2.17028 542
114.659 2.16627 541
113.736 2.16627 541
112.189 2.15426 538
110.03 2.13023 532
108.918 2.12623 531
107.81 2.12223 530
106.906 2.12223 530
105.203 2.10621 526
104.306 2.10621 526
103.409 2.10621 526
102.513 2.10621 526
101.616 2.10621 526
100.911 2.11021 527
100.012 2.11021 527
99.1139 2.11021 527
98.2155 2.11021 527
97.6865 2.11822 529
96.7847 2.11822 529
95.8828 2.11822 529
94.981 2.11822 529
94.0792 2.11822 529
93.1774 2.11822 529
92.45 2.12223 530
91.5465 2.12223 530
90.643 2.12223 530
170.191 1.3237 576
169.209 1.3237 576
168.227 1.3237 576
167.246 1.3237 576
166.264 1.3237 576
165.282 1.3237 576
164.014 1.32141 575
163.034 1.32141 575
162.054 1.32141 575
160.794 1.31911 574
159.537 1.31681 573
158.56 1.31681 573
157.583 1.31681 573
156.606 1.31681 573
155.358 1.31451 572
154.113 1.31221 571
153.139 1.31221 571
152.166 1.31221 571
150.663 1.30762 569
149.43 1.30532 568
148.462 1.30532 568
146.974 1.30072 566
145.751 1.29842 565
144.532 1.29613 564
143.57 1.29613 564
142.609 1.29613 564
141.396 1.29383 563
139.937 1.28923 561
138.486 1.28464 559
137.533 1.28464 559
135.847 1.27774 556
134.656 1.27544 555
133.469 1.27315 554
132.525 1.27315 554
131.343 1.27085 553
130.164 1.26855 552
128.989 1.26625 551
128.05 1.26625 551
127.111 1.26625 551
125.942 1.26395 550
124.777 1.26165 549
123.841 1.26165 549
122.906 1.26165 549
121.747 1.25936 548
120.593 1.25706 547
119.223 1.25246 545
118.294 1.25246 545
116.934 1.24787 543
115.581 1.24327 541
114.235 1.23867 539
113.316 1.23867 539
111.98 1.23408 537
109.824 1.22029 531
108.918 1.22029 531
107.81 1.21799 530
106.906 1.21799 530
105.203 1.2088 526
104.306 1.2088 526
103.409 1.2088 526
102.513 1.2088 526
101.616 1.2088 526
100.911 1.2111 527
100.012 1.2111 527
99.1139 1.2111 527
98.2155 1.2111 527
97.6865 1.21569 529
96.7847 1.21569 529
95.8828 1.21569 529
94.981 1.21569 529
94.0792 1.21569 529
93.0013 1.21339 528
92.2756 1.21569 529
91.3738 1.21569 529
90.472 1.21569 529
170.191 0.340987 576
169.209 0.340987 576
168.227 0.340987 576
167.246 0.340987 576
166.264 0.340987 576
165.282 0.340987 576
164.014 0.340395 575
162.751 0.339803 574
161.772 0.339803 574
160.514 0.339211 573
159.537 0.339211 573
158.56 0.339211 573
157.583 0.339211 573
156.333 0.33862 572
154.815 0.337436 570
153.573 0.336844 569
152.603 0.336844 569
151.633 0.336844 569
150.663 0.336844 569
149.43 0.336252 568
148.462 0.336252 568
146.974 0.335068 566
145.751 0.334476 565
144.532 0.333884 564
143.57 0.333884 564
142.609 0.333884 564
141.396 0.333292 563
139.937 0.332108 561
138.486 0.330924 559
137.533 0.330924 559
135.847 0.329148 556
134.656 0.328556 555
133.469 0.327964 554
132.525 0.327964 554
131.343 0.327372 553
130.164 0.32678 552
128.989 0.326188 551
128.05 0.326188 551
127.111 0.326188 551
125.942 0.325596 550
124.777 0.325004 549
123.841 0.325004 549
122.906 0.325004 549
121.747 0.324412 548
120.593 0.32382 547
119.223 0.322636 545
118.294 0.322636 545
116.934 0.321452 543
115.581 0.320268 541
114.447 0.319676 540
113.526 0.319676 540
112.189 0.318492 538
110.03 0.31494 532
108.713 0.313756 530
107.81 0.313756 530
106.906 0.313756 530
105.203 0.311388 526
103.909 0.310204 524
103.213 0.310796 525
102.318 0.310796 525
101.423 0.310796 525
100.719 0.311388 526
100.012 0.31198 527
99.1139 0.31198 527
98.2155 0.31198 527
97.6865 0.313164 529
96.7847 0.313164 529
95.8828 0.313164 529
94.981 0.313164 529
93.9014 0.312572 528
93.0013 0.312572 528
92.1012 0.312572 528
91.2011 0.312572 528
90.3009 0.312572 528
172.155 -0.641728 576
171.173 -0.641728 576
170.191 -0.641728 576
169.209 -0.641728 576
168.227 -0.641728 576
167.246 -0.641728 576
166.264 -0.641728 576
165.282 -0.641728 576
164.014 -0.640614 575
162.467 -0.638386 573
161.49 -0.638386 573
160.514 -0.638386 573
159.537 -0.638386 573
158.283 -0.637272 572
157.308 -0.637272 572
155.786 -0.635044 570
154.543 -0.633929 569
153.303 -0.632815 568
152.335 -0.632815 568
151.367 -0.632815 568
150.133 -0.631701 567
148.904 -0.630587 566
147.939 -0.630587 566
146.974 -0.630587 566
145.751 -0.629473 565
144.532 -0.628359 564
143.316 -0.627245 563
142.356 -0.627245 563
141.145 -0.626131 562
139.688 -0.623902 560
138.238 -0.621674 558
137.287 -0.621674 558
135.847 -0.619446 556
134.414 -0.617218 554
133.469 -0.617218 554
132.525 -0.617218 554
131.343 -0.616104 553
129.929 -0.613875 551
128.989 -0.613875 551
128.05 -0.613875 551
127.111 -0.613875 551
125.942 -0.612761 550
124.777 -0.611647 549
123.841 -0.611647 549
122.906 -0.611647 549
121.747 -0.610533 548
120.593 -0.609419 547
119.223 -0.607191 545
118.294 -0.607191 545
116.934 -0.604963 543
115.581 -0.602734 541
114.659 -0.602734 541
113.736 -0.602734 541
112.189 -0.599392 538
110.03 -0.592707 532
108.713 -0.590479 530
107.81 -0.590479 530
106.906 -0.590479 530
105.203 -0.586023 526
103.909 -0.583794 524
103.213 -0.584909 525
102.318 -0.584909 525
101.423 -0.584909 525
100.719 -0.586023 526
100.012 -0.587137 527
99.1139 -0.587137 527
98.2155 -0.587137 527
97.6865 -0.589365 529
96.7847 -0.589365 529
95.8828 -0.589365 529
94.981 -0.589365 529
93.9014 -0.588251 528
93.0013 -0.588251 528
92.1012 -0.588251 528
91.0283 -0.587137 527
172.155 -1.62444 576
171.173 -1.62444 576
170.191 -1.62444 576
169.209 -1.62444 576
168.227 -1.62444 576
167.246 -1.62444 576
166.264 -1.62444 576
164.995 -1.62162 575
164.014 -1.62162 575
162.467 -1.61598 573
161.49 -1.61598 573
160.514 -1.61598 573
159.258 -1.61316 572
158.006 -1.61034 571
157.033 -1.61034 571
155.513 -1.6047 569
154.271 -1.60188 568
153.303 -1.60188 568
152.335 -1.60188 568
151.1 -1.59906 567
150.133 -1.59906 567
148.904 -1.59624 566
147.939 -1.59624 566
146.714 -1.59342 565
145.493 -1.5906 564
144.275 -1.58778 563
143.061 -1.58496 562
142.103 -1.58496 562
141.145 -1.58496 562
139.688 -1.57932 560
137.99 -1.57086 557
137.041 -1.57086 557
135.847 -1.56804 556
134.414 -1.5624 554
133.228 -1.55958 553
132.286 -1.55958 553
131.343 -1.55958 553
129.929 -1.55394 551
128.989 -1.55394 551
128.05 -1.55394 551
127.111 -1.55394 551
125.942 -1.55112 550
124.777 -1.5483 549
123.841 -1.5483 549
122.906 -1.5483 549
121.747 -1.54548 548
120.593 -1.54266 547
119.223 -1.53702 545
118.294 -1.53702 545
116.934 -1.53138 543
115.581 -1.52574 541
114.659 -1.52574 541
113.736 -1.52574 541
112.189 -1.51728 538
110.03 -1.50035 532
108.713 -1.49471 530
107.2 -1.48625 527
106.301 -1.48625 527
104.803 -1.47779 524
103.711 -1.47497 523
102.82 -1.47497 523
102.123 -1.47779 524
101.23 -1.47779 524
100.719 -1.48343 526
99.8226 -1.48343 526
98.9259 -1.48343 526
98.0292 -1.48343 526
97.3171 -1.48625 527
96.7847 -1.49189 529
95.8828 -1.49189 529
94.981 -1.49189 529
93.7235 -1.48625 527
92.8251 -1.48625 527
91.9267 -1.48625 527
91.0283 -1.48625 527
172.155 -2.60716 576
171.173 -2.60716 576
170.191 -2.60716 576
169.209 -2.60716 576
168.227 -2.60716 576
167.246 -2.60716 576
166.264 -2.60716 576
164.995 -2.60263 575
164.014 -2.60263 575
162.467 -2.59358 573
161.49 -2.59358 573
160.514 -2.59358 573
159.258 -2.58905 572
158.006 -2.58453 571
157.033 -2.58453 571
155.513 -2.57548 569
154.271 -2.57095 568
153.303 -2.57095 568
152.335 -2.57095 568
151.1 -2.56642 567
150.133 -2.56642 567
148.904 -2.5619 566
147.939 -2.5619 566
146.714 -2.55737 565
145.493 -2.55284 564
144.275 -2.54832 563
143.316 -2.54832 563
142.356 -2.54832 563
141.145 -2.54379 562
139.688 -2.53474 560
137.99 -2.52116 557
137.041 -2.52116 557
135.847 -2.51663 556
134.414 -2.50758 554
133.228 -2.50305 553
132.286 -2.50305 553
131.343 -2.50305 553
129.929 -2.494 551
128.989 -2.494 551
128.05 -2.494 551
127.111 -2.494 551
125.942 -2.48948 550
124.777 -2.48495 549
123.841 -2.48495 549
122.906 -2.48495 549
121.747 -2.48042 548
120.593 -2.4759 547
119.223 -2.46684 545
118.294 -2.46684 545
116.934 -2.45779 543
115.581 -2.44874 541
114.659 -2.44874 541
113.736 -2.44874 541
112.397 -2.43969 539
110.03 -2.408 532
108.508 -2.39442 529
106.996 -2.38084 526
106.099 -2.38084 526
104.203 -2.35821 521
103.315 -2.35821 521
102.623 -2.36274 522
101.928 -2.36726 523
101.036 -2.36726 523
100.145 -2.36726 523
172.155 -3.58988 576
171.173 -3.58988 576
170.191 -3.58988 576
169.209 -3.58988 576
168.227 -3.58988 576
166.955 -3.58364 575
165.975 -3.58364 575
164.995 -3.58364 575
163.729 -3.57741 574
162.467 -3.57118 573
161.49 -3.57118 573
160.233 -3.56495 572
158.98 -3.55871 571
157.73 -3.55248 570
156.758 -3.55248 570
155.513 -3.54625 569
154.271 -3.54002 568
153.033 -3.53378 567
152.067 -3.53378 567
150.834 -3.52755 566
149.869 -3.52755 566
148.904 -3.52755 566
147.939 -3.52755 566
146.714 -3.52132 565
145.493 -3.51509 564
144.275 -3.50885 563
143.316 -3.50885 563
142.356 -3.50885 563
141.145 -3.50262 562
139.688 -3.49016 560
137.99 -3.47146 557
137.041 -3.47146 557
135.847 -3.46523 556
134.414 -3.45276 554
133.228 -3.44653 553
132.286 -3.44653 553
131.343 -3.44653 553
129.929 -3.43406 551
128.989 -3.43406 551
128.05 -3.43406 551
127.111 -3.43406 551
125.942 -3.42783 550
124.777 -3.4216 549
123.841 -3.4216 549
122.906 -3.4216 549
121.747 -3.41537 548
120.593 -3.40914 547
119.004 -3.39044 544
118.077 -3.39044 544
116.934 -3.38421 543
115.581 -3.37174 541
114.659 -3.37174 541
113.736 -3.37174 541
112.397 -3.35928 539
110.03 -3.31565 532
108.508 -3.29695 529
106.793 -3.27202 525
105.898 -3.27202 525
104.203 -3.24709 521
103.315 -3.24709 521
102.426 -3.24709 521
101.538 -3.24709 521
100.65 -3.24709 521
171.856 -4.56465 575
170.876 -4.56465 575
169.896 -4.56465 575
168.916 -4.56465 575
167.935 -4.56465 575
166.955 -4.56465 575
165.975 -4.56465 575
164.708 -4.55671 574
163.444 -4.54878 573
162.184 -4.54084 572
161.209 -4.54084 572
159.953 -4.5329 571
158.701 -4.52496 570
157.453 -4.51702 569
156.483 -4.51702 569
155.24 -4.50908 568
154 -4.50114 567
152.763 -4.49321 566
151.798 -4.49321 566
150.834 -4.49321 566
149.869 -4.49321 566
148.904 -4.49321 566
147.939 -4.49321 566
146.714 -4.48527 565
145.493 -4.47733 564
144.275 -4.46939 563
143.316 -4.46939 563
142.356 -4.46939 563
141.145 -4.46145 562
139.688 -4.44557 560
137.99 -4.42176 557
137.041 -4.42176 557
135.602 -4.40588 555
134.414 -4.39794 554
133.228 -4.39001 553
132.286 -4.39001 553
131.105 -4.38207 552
129.929 -4.37413 551
128.989 -4.37413 551
128.05 -4.37413 551
126.88 -4.36619 550
125.713 -4.35825 549
124.777 -4.35825 549
123.841 -4.35825 549
122.682 -4.35031 548
121.747 -4.35031 548
120.372 -4.33444 546
119.004 -4.31856 544
118.077 -4.31856 544
116.934 -4.31062 543
115.581 -4.29474 541
114.659 -4.29474 541
113.736 -4.29474 541
112.397 -4.27887 539
110.03 -4.2233 532
108.508 -4.19948 529
106.793 -4.16773 525
105.898 -4.16773 525
104.203 -4.13597 521
103.315 -4.13597 521
102.426 -4.13597 521
101.538 -4.13597 521
100.65 -4.13597 521
173.212 -5.52637 573
172.235 -5.52637 573
171.557 -5.53602 574
170.876 -5.54566 575
169.896 -5.54566 575
168.916 -5.54566 575
167.935 -5.54566 575
166.665 -5.53602 574
165.686 -5.53602 574
164.421 -5.52637 573
163.159 -5.51673 572
161.9 -5.50708 571
160.927 -5.50708 571
159.673 -5.49744 570
158.423 -5.48779 569
157.176 -5.47815 568
156.208 -5.47815 568
154.966 -5.4685 567
153.728 -5.45886 566
152.763 -5.45886 566
151.798 -5.45886 566
150.834 -5.45886 566
149.869 -5.45886 566
148.641 -5.44922 565
147.678 -5.44922 565
146.714 -5.44922 565
145.493 -5.43957 564
144.275 -5.42993 563
143.316 -5.42993 563
142.356 -5.42993 563
141.145 -5.42028 562
139.688 -5.40099 560
137.99 -5.37206 557
137.041 -5.37206 557
135.602 -5.35277 555
134.414 -5.34312 554
133.228 -5.33348 553
132.286 -5.33348 553
131.105 -5.32384 552
129.929 -5.31419 551
128.989 -5.31419 551
128.05 -5.31419 551
126.88 -5.30455 550
125.713 -5.2949 549
124.777 -5.2949 549
123.841 -5.2949 549
122.682 -5.28526 548
121.525 -5.27561 547
120.372 -5.26597 546
119.004 -5.24668 544
118.077 -5.24668 544
116.934 -5.23703 543
115.581 -5.21774 541
114.659 -5.21774 541
113.736 -5.21774 541
112.189 -5.18881 538
110.03 -5.13094 532
108.508 -5.10201 529
106.589 -5.05379 524
105.696 -5.05379 524
104.003 -5.01521 520
103.116 -5.01521 520
102.23 -5.01521 520
101.343 -5.01521 520
100.264 -5.00556 519
175.883 -6.45857 569
174.913 -6.45857 569
174.249 -6.46992 570
173.581 -6.48127 571
173.212 -6.50397 573
172.235 -6.50397 573
171.557 -6.51532 574
170.876 -6.52667 575
169.896 -6.52667 575
168.916 -6.52667 575
167.935 -6.52667 575
166.665 -6.51532 574
165.686 -6.51532 574
164.421 -6.50397 573
163.159 -6.49262 572
161.9 -6.48127 571
160.927 -6.48127 571
159.673 -6.46992 570
158.423 -6.45857 569
157.176 -6.44722 568
156.208 -6.44722 568
154.966 -6.43587 567
153.728 -6.42451 566
152.763 -6.42451 566
151.798 -6.42451 566
150.834 -6.42451 566
149.869 -6.42451 566
148.641 -6.41316 565
147.678 -6.41316 565
146.455 -6.40181 564
145.493 -6.40181 564
144.275 -6.39046 563
143.316 -6.39046 563
142.103 -6.37911 562
141.145 -6.37911 562
139.688 -6.35641 560
137.99 -6.32236 557
137.041 -6.32236 557
135.602 -6.29966 555
134.171 -6.27696 553
133.228 -6.27696 553
132.286 -6.27696 553
131.105 -6.2656 552
129.929 -6.25425 551
128.755 -6.2429 550
127.817 -6.2429 550
126.88 -6.2429 550
125.713 -6.23155 549
124.55 -6.2202 548
123.616 -6.2202 548
122.682 -6.2202 548
121.303 -6.1975 546
120.152 -6.18615 545
119.004 -6.1748 544
118.077 -6.1748 544
116.934 -6.16345 543
115.581 -6.14075 541
114.659 -6.14075 541
113.736 -6.14075 541
106.662 -5.90238 520
105.776 -5.90238 520
104.889 -5.90238 520
104.003 -5.90238 520
102.918 -5.89103 519
102.033 -5.89103 519
101.148 -5.89103 519
100.264 -5.89103 519
175.883 -7.42934 569
174.913 -7.42934 569
174.249 -7.4424 570
173.581 -7.45545 571
173.212 -7.48157 573
172.235 -7.48157 573
171.259 -7.48157 573
170.282 -7.48157 573
169.305 -7.48157 573
168.328 -7.48157 573
167.351 -7.48157 573
166.374 -7.48157 573
165.398 -7.48157 573
164.134 -7.46851 572
162.874 -7.45545 571
161.617 -7.4424 570
160.645 -7.4424 570
159.393 -7.42934 569
158.145 -7.41628 568
156.9 -7.40323 567
155.933 -7.40323 567
154.693 -7.39017 566
153.728 -7.39017 566
152.493 -7.37711 565
151.53 -7.37711 565
150.567 -7.37711 565
149.604 -7.37711 565
148.641 -7.37711 565
147.678 -7.37711 565
146.455 -7.36406 564
145.493 -7.36406 564
144.275 -7.351 563
143.316 -7.351 563
142.103 -7.33794 562
141.145 -7.33794 562
139.688 -7.31183 560
137.99 -7.27266 557
137.041 -7.27266 557
135.602 -7.24654 555
134.171 -7.22043 553
133.228 -7.22043 553
132.286 -7.22043 553
131.105 -7.20737 552
129.929 -7.19432 551
128.755 -7.18126 550
127.817 -7.18126 550
126.88 -7.18126 550
125.713 -7.1682 549
124.55 -7.15515 548
123.616 -7.15515 548
122.682 -7.15515 548
121.303 -7.12903 546
120.152 -7.11598 545
119.004 -7.10292 544
118.077 -7.10292 544
116.719 -7.07681 542
115.581 -7.06375 541
105.776 -6.78956 520
104.889 -6.78956 520
104.003 -6.78956 520
102.918 -6.7765 519
102.033 -6.7765 519
101.148 -6.7765 519
100.264 -6.7765 519
175.883 -8.40011 569
174.913 -8.40011 569
174.249 -8.41488 570
173.581 -8.42964 571
172.91 -8.4444 572
171.935 -8.4444 572
170.96 -8.4444 572
169.985 -8.4444 572
169.305 -8.45917 573
168.328 -8.45917 573
167.351 -8.45917 573
166.084 -8.4444 572
165.109 -8.4444 572
163.847 -8.42964 571
162.588 -8.41488 570
161.333 -8.40011 569
160.363 -8.40011 569
159.113 -8.38535 568
158.145 -8.38535 568
156.623 -8.35582 566
155.658 -8.35582 566
154.693 -8.35582 566
153.457 -8.34106 565
152.493 -8.34106 565
151.53 -8.34106 565
150.567 -8.34106 565
149.604 -8.34106 565
148.378 -8.3263 564
147.416 -8.3263 564
146.455 -8.3263 564
145.235 -8.31154 563
144.275 -8.31154 563
143.316 -8.31154 563
142.103 -8.29677 562
140.894 -8.28201 561
139.439 -8.25248 559
137.742 -8.20819 556
136.795 -8.20819 556
135.602 -8.19343 555
134.171 -8.16391 553
133.228 -8.16391 553
132.286 -8.16391 553
131.105 -8.14914 552
129.929 -8.13438 551
128.755 -8.11962 550
127.817 -8.11962 550
126.88 -8.11962 550
125.713 -8.10485 549
124.55 -8.09009 548
123.616 -8.09009 548
122.234 -8.06057 546
121.081 -8.0458 545
119.931 -8.03104 544
118.785 -8.01628 543
117.86 -8.01628 543
116.719 -8.00151 542
115.581 -7.98675 541
105.776 -7.67673 520
104.889 -7.67673 520
104.003 -7.67673 520
102.918 -7.66197 519
102.033 -7.66197 519
101.148 -7.66197 519
100.264 -7.66197 519
175.883 -9.37089 569
174.913 -9.37089 569
174.249 -9.38736 570
173.277 -9.38736 570
172.608 -9.40382 571
171.634 -9.40382 571
170.661 -9.40382 571
169.687 -9.40382 571
169.009 -9.42029 572
168.034 -9.42029 572
167.059 -9.42029 572
165.794 -9.40382 571
164.82 -9.40382 571
163.56 -9.38736 570
162.303 -9.37089 569
161.05 -9.35442 568
160.081 -9.35442 568
159.113 -9.35442 568
157.588 -9.32148 566
156.623 -9.32148 566
155.658 -9.32148 566
154.42 -9.30501 565
153.457 -9.30501 565
152.224 -9.28854 564
151.262 -9.28854 564
150.301 -9.28854 564
149.339 -9.28854 564
148.378 -9.28854 564
147.416 -9.28854 564
146.195 -9.27207 563
145.235 -9.27207 563
144.019 -9.2556 562
143.061 -9.2556 562
142.103 -9.2556 562
140.894 -9.23913 561
139.439 -9.2062 559
137.742 -9.15679 556
136.795 -9.15679 556
135.602 -9.14032 555
134.171 -9.10738 553
132.987 -9.09091 552
132.046 -9.09091 552
131.105 -9.09091 552
129.929 -9.07444 551
128.755 -9.05797 550
127.817 -9.05797 550
126.649 -9.04151 549
125.484 -9.02504 548
124.096 -8.9921 546
123.165 -8.9921 546
122.01 -8.97563 545
120.859 -8.95916 544
119.711 -8.94269 543
118.567 -8.92622 542
117.643 -8.92622 542
116.503 -8.90975 541
115.581 -8.90975 541
105.776 -8.5639 520
104.889 -8.5639 520
104.003 -8.5639 520
102.918 -8.54743 519
102.033 -8.54743 519
101.148 -8.54743 519
100.264 -8.54743 519
175.883 -10.3417 569
174.913 -10.3417 569
174.249 -10.3598 570
173.277 -10.3598 570
172.608 -10.378 571
171.634 -10.378 571
170.661 -10.378 571
169.687 -10.378 571
169.009 -10.3962 572
168.034 -10.3962 572
167.059 -10.3962 572
165.794 -10.378 571
164.82 -10.378 571
163.56 -10.3598 570
162.303 -10.3417 569
161.05 -10.3235 568
160.081 -10.3235 568
159.113 -10.3235 568
157.588 -10.2871 566
156.623 -10.2871 566
155.658 -10.2871 566
154.42 -10.269 565
153.457 -10.269 565
152.224 -10.2508 564
151.262 -10.2508 564
150.301 -10.2508 564
149.339 -10.2508 564
148.378 -10.2508 564
147.416 -10.2508 564
146.195 -10.2326 563
145.235 -10.2326 563
144.019 -10.2144 562
143.061 -10.2144 562
141.85 -10.1963 561
140.894 -10.1963 561
139.189 -10.1417 558
137.742 -10.1054 556
136.795 -10.1054 556
135.358 -10.069 554
134.171 -10.0509 553
132.987 -10.0327 552
132.046 -10.0327 552
130.868 -10.0145 551
129.929 -10.0145 551
128.755 -9.99633 550
127.817 -9.99633 550
126.649 -9.97816 549
125.484 -9.95998 548
124.323 -9.94181 547
123.39 -9.94181 547
122.234 -9.92363 546
120.859 -9.88728 544
119.711 -9.86911 543
118.785 -9.86911 543
117.86 -9.86911 543
116.719 -9.85093 542
115.581 -9.83276 541
104.687 -9.4329 519
103.803 -9.4329 519
102.918 -9.4329 519
175.883 -11.3124 569
174.913 -11.3124 569
173.943 -11.3124 569
173.277 -11.3323 570
172.305 -11.3323 570
171.334 -11.3323 570
170.362 -11.3323 570
169.39 -11.3323 570
168.419 -11.3323 570
167.153 -11.3124 569
166.183 -11.3124 569
165.213 -11.3124 569
164.243 -11.3124 569
163.273 -11.3124 569
162.018 -11.2926 568
160.766 -11.2727 567
159.799 -11.2727 567
158.833 -11.2727 567
157.588 -11.2528 566
156.623 -11.2528 566
155.658 -11.2528 566
154.42 -11.2329 565
153.185 -11.213 564
152.224 -11.213 564
151.262 -11.213 564
150.034 -11.1931 563
149.074 -11.1931 563
148.115 -11.1931 563
147.155 -11.1931 563
146.195 -11.1931 563
145.235 -11.1931 563
144.019 -11.1733 562
143.061 -11.1733 562
141.85 -11.1534 561
140.894 -11.1534 561
139.189 -11.0937 558
137.742 -11.054 556
136.795 -11.054 556
135.358 -11.0142 554
134.171 -10.9943 553
132.987 -10.9745 552
132.046 -10.9745 552
130.868 -10.9546 551
129.929 -10.9546 551
128.755 -10.9347 550
127.817 -10.9347 550
126.649 -10.9148 549
125.484 -10.8949 548
124.323 -10.875 547
123.39 -10.875 547
122.234 -10.8552 546
121.081 -10.8353 545
119.931 -10.8154 544
119.004 -10.8154 544
118.077 -10.8154 544
116.934 -10.7955 543
115.795 -10.7756 542
176.231 -12.24 567
175.574 -12.2616 568
174.606 -12.2616 568
173.943 -12.2832 569
172.973 -12.2832 569
172.003 -12.2832 569
171.033 -12.2832 569
170.063 -12.2832 569
169.093 -12.2832 569
168.123 -12.2832 569
167.153 -12.2832 569
166.183 -12.2832 569
164.923 -12.2616 568
163.954 -12.2616 568
162.986 -12.2616 568
161.733 -12.24 567
160.766 -12.24 567
159.799 -12.24 567
158.553 -12.2184 566
157.588 -12.2184 566
156.346 -12.1969 565
155.383 -12.1969 565
154.42 -12.1969 565
153.185 -12.1753 564
151.954 -12.1537 563
150.994 -12.1537 563
150.034 -12.1537 563
149.074 -12.1537 563
148.115 -12.1537 563
147.155 -12.1537 563
146.195 -12.1537 563
144.977 -12.1321 562
144.019 -12.1321 562
143.061 -12.1321 562
141.85 -12.1105 561
140.894 -12.1105 561
139.189 -12.0457 558
137.742 -12.0026 556
136.795 -12.0026 556
135.358 -11.9594 554
134.171 -11.9378 553
132.987 -11.9162 552
132.046 -11.9162 552
130.868 -11.8946 551
129.929 -11.8946 551
128.755 -11.873 550
127.817 -11.873 550
126.649 -11.8515 549
125.484 -11.8299 548
124.323 -11.8083 547
123.39 -11.8083 547
122.234 -11.7867 546
121.081 -11.7651 545
119.931 -11.7435 544
119.004 -11.7435 544
118.077 -11.7435 544
116.934 -11.7219 543
115.795 -11.7003 542
176.231 -13.2074 567
175.574 -13.2307 568
174.606 -13.2307 568
173.637 -13.2307 568
172.973 -13.254 569
172.003 -13.254 569
171.033 -13.254 569
170.063 -13.254 569
168.796 -13.2307 568
167.828 -13.2307 568
166.859 -13.2307 568
165.891 -13.2307 568
164.923 -13.2307 568
163.954 -13.2307 568
162.699 -13.2074 567
161.733 -13.2074 567
160.482 -13.1841 566
159.518 -13.1841 566
158.553 -13.1841 566
157.588 -13.1841 566
156.346 -13.1608 565
155.383 -13.1608 565
154.146 -13.1375 564
153.185 -13.1375 564
151.954 -13.1142 563
150.994 -13.1142 563
150.034 -13.1142 563
149.074 -13.1142 563
148.115 -13.1142 563
147.155 -13.1142 563
146.195 -13.1142 563
144.977 -13.0909 562
144.019 -13.0909 562
143.061 -13.0909 562
141.85 -13.0676 561
140.643 -13.0443 560
139.189 -12.9978 558
137.742 -12.9512 556
136.795 -12.9512 556
135.358 -12.9046 554
134.171 -12.8813 553
132.987 -12.858 552
132.046 -12.858 552
130.868 -12.8347 551
129.929 -12.8347 551
128.755 -12.8114 550
127.817 -12.8114 550
126.649 -12.7881 549
125.484 -12.7648 548
124.323 -12.7415 547
123.39 -12.7415 547
122.234 -12.7182 546
121.081 -12.6949 545
119.931 -12.6716 544
119.004 -12.6716 544
118.077 -12.6716 544
117.149 -12.6716 544
115.795 -12.6251 542
176.231 -14.1748 567
175.574 -14.1998 568
174.606 -14.1998 568
173.637 -14.1998 568
172.973 -14.2248 569
172.003 -14.2248 569
171.033 -14.2248 569
170.063 -14.2248 569
168.796 -14.1998 568
167.828 -14.1998 568
166.859 -14.1998 568
165.891 -14.1998 568
164.923 -14.1998 568
163.954 -14.1998 568
162.699 -14.1748 567
161.733 -14.1748 567
160.482 -14.1498 566
159.518 -14.1498 566
158.553 -14.1498 566
157.588 -14.1498 566
156.346 -14.1248 565
155.383 -14.1248 565
154.146 -14.0998 564
153.185 -14.0998 564
151.954 -14.0748 563
150.994 -14.0748 563
150.034 -14.0748 563
149.074 -14.0748 563
148.115 -14.0748 563
147.155 -14.0748 563
145.935 -14.0498 562
144.977 -14.0498 562
143.763 -14.0248 561
142.807 -14.0248 561
141.597 -13.9998 560
140.392 -13.9748 559
139.189 -13.9498 558
137.742 -13.8998 556
136.795 -13.8998 556
135.358 -13.8498 554
134.171 -13.8248 553
132.987 -13.7998 552
132.046 -13.7998 552
130.868 -13.7748 551
129.693 -13.7498 550
128.755 -13.7498 550
127.817 -13.7498 550
126.649 -13.7248 549
125.484 -13.6998 548
124.323 -13.6748 547
123.39 -13.6748 547
122.234 -13.6498 546
121.081 -13.6248 545
119.931 -13.5998 544
119.004 -13.5998 544
118.077 -13.5998 544
117.149 -13.5998 544
116.222 -13.5998 544
115.295 -13.5998 544
176.231 -15.1421 567
175.265 -15.1421 567
174.298 -15.1421 567
173.332 -15.1421 567
172.365 -15.1421 567
171.398 -15.1421 567
170.432 -15.1421 567
169.465 -15.1421 567
168.796 -15.1688 568
167.828 -15.1688 568
166.859 -15.1688 568
165.891 -15.1688 568
164.923 -15.1688 568
163.954 -15.1688 568
162.699 -15.1421 567
161.447 -15.1154 566
160.482 -15.1154 566
159.518 -15.1154 566
158.553 -15.1154 566
157.309 -15.0887 565
156.069 -15.062 564
155.108 -15.062 564
154.146 -15.062 564
152.913 -15.0353 563
151.954 -15.0353 563
150.994 -15.0353 563
150.034 -15.0353 563
149.074 -15.0353 563
148.115 -15.0353 563
147.155 -15.0353 563
145.935 -15.0086 562
144.977 -15.0086 562
143.763 -14.9819 561
142.807 -14.9819 561
141.597 -14.9552 560
140.392 -14.9285 559
139.189 -14.9018 558
137.742 -14.8483 556
136.795 -14.8483 556
135.358 -14.7949 554
134.171 -14.7682 553
132.987 -14.7415 552
132.046 -14.7415 552
130.868 -14.7148 551
129.693 -14.6881 550
128.755 -14.6881 550
127.817 -14.6881 550
126.649 -14.6614 549
125.484 -14.6347 548
124.323 -14.608 547
123.39 -14.608 547
122.234 -14.5813 546
121.081 -14.5546 545
119.931 -14.5279 544
119.004 -14.5279 544
118.077 -14.5279 544
117.149 -14.5279 544
116.222 -14.5279 544
115.295 -14.5279 544
176.231 -16.1095 567
175.265 -16.1095 567
174.298 -16.1095 567
173.026 -16.0811 566
172.365 -16.1095 567
171.398 -16.1095 567
170.432 -16.1095 567
169.465 -16.1095 567
168.499 -16.1095 567
167.532 -16.1095 567
166.566 -16.1095 567
165.599 -16.1095 567
164.632 -16.1095 567
163.666 -16.1095 567
162.412 -16.0811 566
161.447 -16.0811 566
160.482 -16.0811 566
159.518 -16.0811 566
158.273 -16.0526 565
157.031 -16.0242 564
156.069 -16.0242 564
155.108 -16.0242 564
153.873 -15.9958 563
152.642 -15.9674 562
151.684 -15.9674 562
150.726 -15.9674 562
149.768 -15.9674 562
148.81 -15.9674 562
147.851 -15.9674 562
146.893 -15.9674 562
145.935 -15.9674 562
144.719 -15.939 561
143.507 -15.9106 560
142.552 -15.9106 560
141.344 -15.8822 559
140.14 -15.8538 558
138.94 -15.8254 557
137.495 -15.7685 555
136.549 -15.7685 555
135.114 -15.7117 553
133.928 -15.6833 552
132.746 -15.6549 551
131.807 -15.6549 551
130.63 -15.6265 550
129.693 -15.6265 550
128.521 -15.5981 549
127.585 -15.5981 549
126.419 -15.5697 548
125.255 -15.5412 547
124.096 -15.5128 546
123.165 -15.5128 546
122.01 -15.4844 545
121.081 -15.4844 545
119.931 -15.456 544
119.004 -15.456 544
118.077 -15.456 544
117.149 -15.456 544
116.222 -15.456 544
115.295 -15.456 544
176.231 -17.0768 567
175.265 -17.0768 567
174.298 -17.0768 567
173.026 -17.0467 566
172.365 -17.0768 567
171.398 -17.0768 567
170.432 -17.0768 567
169.465 -17.0768 567
168.499 -17.0768 567
167.532 -17.0768 567
166.566 -17.0768 567
165.599 -17.0768 567
164.632 -17.0768 567
163.666 -17.0768 567
162.412 -17.0467 566
161.447 -17.0467 566
160.199 -17.0166 565
159.236 -17.0166 565
157.992 -16.9865 564
157.031 -16.9865 564
155.793 -16.9564 563
154.833 -16.9564 563
153.6 -16.9262 562
152.37 -16.8961 561
151.684 -16.9262 562
150.726 -16.9262 562
149.768 -16.9262 562
148.81 -16.9262 562
147.851 -16.9262 562
146.893 -16.9262 562
145.676 -16.8961 561
144.461 -16.866 560
143.25 -16.8359 559
142.297 -16.8359 559
141.092 -16.8058 558
139.889 -16.7757 557
138.441 -16.7154 555
137.247 -16.6853 554
136.303 -16.6853 554
134.869 -16.6251 552
133.686 -16.5949 551
132.746 -16.5949 551
131.807 -16.5949 551
130.63 -16.5648 550
129.457 -16.5347 549
128.521 -16.5347 549
127.585 -16.5347 549
126.419 -16.5046 548
125.255 -16.4745 547
124.096 -16.4444 546
123.165 -16.4444 546
121.786 -16.3841 544
120.859 -16.3841 544
119.931 -16.3841 544
119.004 -16.3841 544
118.077 -16.3841 544
117.149 -16.3841 544
115.795 -16.3239 542
114.871 -16.3239 542
174.956 -18.0124 566
173.991 -18.0124 566
173.026 -18.0124 566
172.365 -18.0442 567
171.398 -18.0442 567
170.432 -18.0442 567
169.465 -18.0442 567
168.499 -18.0442 567
167.532 -18.0442 567
166.566 -18.0442 567
165.599 -18.0442 567
164.632 -18.0442 567
163.666 -18.0442 567
162.412 -18.0124 566
161.447 -18.0124 566
160.199 -17.9805 565
159.236 -17.9805 565
157.992 -17.9487 564
157.031 -17.9487 564
155.793 -17.9169 563
154.833 -17.9169 563
153.6 -17.8851 562
152.37 -17.8533 561
151.684 -17.8851 562
150.726 -17.8851 562
149.768 -17.8851 562
148.81 -17.8851 562
147.851 -17.8851 562
146.893 -17.8851 562
145.676 -17.8533 561
144.203 -17.7896 559
142.994 -17.7578 558
142.043 -17.7578 558
140.839 -17.726 557
139.638 -17.6941 556
138.191 -17.6305 554
136.999 -17.5987 553
136.056 -17.5987 553
134.869 -17.5668 552
133.686 -17.535 551
132.746 -17.535 551
131.807 -17.535 551
130.63 -17.5032 550
129.457 -17.4714 549
128.521 -17.4714 549
127.585 -17.4714 549
126.419 -17.4395 548
125.026 -17.3759 546
123.641 -17.3122 544
122.714 -17.3122 544
121.786 -17.3122 544
120.859 -17.3122 544
119.711 -17.2804 543
118.785 -17.2804 543
117.86 -17.2804 543
116.719 -17.2486 542
174.956 -18.978 566
173.991 -18.978 566
173.026 -18.978 566
172.365 -19.0116 567
171.398 -19.0116 567
170.432 -19.0116 567
169.465 -19.0116 567
168.499 -19.0116 567
167.532 -19.0116 567
166.566 -19.0116 567
165.599 -19.0116 567
164.632 -19.0116 567
163.666 -19.0116 567
162.412 -18.978 566
161.162 -18.9445 565
159.915 -18.911 564
158.954 -18.911 564
157.992 -18.911 564
156.753 -18.8774 563
155.793 -18.8774 563
154.833 -18.8774 563
153.327 -18.8104 561
152.099 -18.7768 560
151.414 -18.8104 561
150.457 -18.8104 561
149.501 -18.8104 561
148.545 -18.8104 561
147.325 -18.7768 560
146.371 -18.7768 560
145.156 -18.7433 559
144.203 -18.7433 559
142.994 -18.7098 558
142.043 -18.7098 558
140.839 -18.6763 557
139.638 -18.6427 556
138.191 -18.5757 554
136.999 -18.5421 553
136.056 -18.5421 553
134.869 -18.5086 552
133.686 -18.4751 551
132.746 -18.4751 551
131.807 -18.4751 551
130.63 -18.4415 550
129.457 -18.408 549
128.521 -18.408 549
127.585 -18.408 549
126.419 -18.3745 548
125.026 -18.3074 546
123.641 -18.2404 544
122.714 -18.2404 544
121.786 -18.2404 544
120.859 -18.2404 544
119.711 -18.2068 543
118.785 -18.2068 543
117.86 -18.2068 543
116.719 -18.1733 542
174.647 -19.9084 565
173.683 -19.9084 565
173.026 -19.9437 566
172.061 -19.9437 566
171.398 -19.9789 567
170.432 -19.9789 567
169.465 -19.9789 567
168.202 -19.9437 566
167.237 -19.9437 566
166.272 -19.9437 566
165.307 -19.9437 566
164.342 -19.9437 566
163.377 -19.9437 566
162.125 -19.9084 565
161.162 -19.9084 565
159.915 -19.8732 564
158.954 -19.8732 564
157.712 -19.838 563
156.474 -19.8027 562
155.516 -19.8027 562
154.558 -19.8027 562
153.053 -19.7323 560
151.284 -19.6266 557
150.874 -19.697 559
149.921 -19.697 559
148.968 -19.697 559
148.015 -19.697 559
147.062 -19.697 559
146.109 -19.697 559
144.897 -19.6618 558
143.945 -19.6618 558
142.482 -19.5913 556
141.534 -19.5913 556
140.586 -19.5913 556
139.387 -19.5561 555
138.191 -19.5208 554
136.999 -19.4856 553
136.056 -19.4856 553
134.869 -19.4504 552
133.686 -19.4151 551
132.506 -19.3799 550
131.568 -19.3799 550
130.63 -19.3799 550
129.457 -19.3447 549
128.287 -19.3094 548
127.353 -19.3094 548
126.188 -19.2742 547
124.568 -19.1685 544
123.641 -19.1685 544
122.714 -19.1685 544
121.562 -19.1332 543
174.647 -20.8724 565
173.683 -20.8724 565
173.026 -20.9093 566
172.061 -20.9093 566
171.096 -20.9093 566
170.131 -20.9093 566
169.166 -20.9093 566
168.202 -20.9093 566
167.237 -20.9093 566
166.272 -20.9093 566
165.307 -20.9093 566
164.052 -20.8724 565
163.088 -20.8724 565
161.838 -20.8355 564
160.877 -20.8355 564
159.348 -20.7616 562
158.39 -20.7616 562
157.432 -20.7616 562
156.196 -20.7246 561
154.963 -20.6877 560
154.008 -20.6877 560
152.233 -20.5769 557
151.012 -20.5399 556
150.334 -20.5769 557
149.653 -20.6138 558
148.702 -20.6138 558
147.75 -20.6138 558
146.799 -20.6138 558
145.848 -20.6138 558
144.377 -20.5399 556
143.429 -20.5399 556
142.482 -20.5399 556
141.534 -20.5399 556
140.333 -20.503 555
139.136 -20.466 554
138.191 -20.466 554
136.999 -20.4291 553
136.056 -20.4291 553
134.625 -20.3552 551
133.686 -20.3552 551
132.506 -20.3183 550
131.568 -20.3183 550
130.393 -20.2813 549
129.221 -20.2444 548
128.287 -20.2444 548
127.353 -20.2444 548
126.188 -20.2074 547
124.568 -20.0966 544
123.414 -20.0597 543
122.488 -20.0597 543
174.647 -21.8363 565
173.683 -21.8363 565
173.026 -21.875 566
172.061 -21.875 566
171.096 -21.875 566
170.131 -21.875 566
169.166 -21.875 566
168.202 -21.875 566
167.237 -21.875 566
166.272 -21.875 566
165.307 -21.875 566
164.052 -21.8363 565
163.088 -21.8363 565
161.838 -21.7977 564
160.877 -21.7977 564
159.348 -21.7204 562
158.39 -21.7204 562
157.432 -21.7204 562
156.196 -21.6817 561
154.963 -21.6431 560
154.008 -21.6431 560
152.233 -21.5272 557
151.012 -21.4885 556
150.334 -21.5272 557
149.653 -21.5658 558
148.702 -21.5658 558
147.75 -21.5658 558
146.799 -21.5658 558
145.848 -21.5658 558
144.377 -21.4885 556
143.429 -21.4885 556
142.225 -21.4499 555
141.279 -21.4499 555
140.333 -21.4499 555
139.136 -21.4112 554
137.942 -21.3726 553
136.751 -21.3339 552
135.81 -21.3339 552
134.869 -21.3339 552
133.443 -21.2566 550
132.265 -21.218 549
131.329 -21.218 549
130.155 -21.1793 548
174.338 -22.7599 564
173.376 -22.7599 564
172.415 -22.7599 564
171.453 -22.7599 564
170.492 -22.7599 564
169.53 -22.7599 564
168.569 -22.7599 564
167.607 -22.7599 564
166.646 -22.7599 564
165.684 -22.7599 564
164.723 -22.7599 564
163.761 -22.7599 564
162.8 -22.7599 564
161.838 -22.7599 564
160.592 -22.7196 563
159.348 -22.6792 562
158.39 -22.6792 562
157.152 -22.6389 561
155.639 -22.5582 559
154.132 -22.4775 557
153.183 -22.4775 557
151.96 -22.4371 556
150.741 -22.3967 555
150.064 -22.4371 556
149.385 -22.4775 557
148.435 -22.4775 557
147.486 -22.4775 557
146.273 -22.4371 556
145.325 -22.4371 556
144.377 -22.4371 556
143.171 -22.3967 555
142.225 -22.3967 555
141.279 -22.3967 555
140.333 -22.3967 555
139.136 -22.3564 554
137.942 -22.316 553
136.751 -22.2757 552
135.81 -22.2757 552
134.869 -22.2757 552
133.443 -22.195 550
132.265 -22.1546 549
131.329 -22.1546 549
130.155 -22.1143 548
174.338 -23.7222 564
173.376 -23.7222 564
172.415 -23.7222 564
171.453 -23.7222 564
170.492 -23.7222 564
169.53 -23.7222 564
168.569 -23.7222 564
158.498 -23.5119 559
157.545 -23.5119 559
156.592 -23.5119 559
155.639 -23.5119 559
154.132 -23.4278 557
153.183 -23.4278 557
151.96 -23.3857 556
150.741 -23.3436 555
150.064 -23.3857 556
149.117 -23.3857 556
148.169 -23.3857 556
147.221 -23.3857 556
146.273 -23.3857 556
145.325 -23.3857 556
144.118 -23.3436 555
143.171 -23.3436 555
142.225 -23.3436 555
141.279 -23.3436 555
140.08 -23.3016 554
138.885 -23.2595 553
137.692 -23.2175 552
136.751 -23.2175 552
135.81 -23.2175 552
134.869 -23.2175 552
174.338 -24.6844 564
173.376 -24.6844 564
172.415 -24.6844 564
171.453 -24.6844 564
170.492 -24.6844 564
169.23 -24.6407 563
145.064 -24.2905 555
144.118 -24.2905 555
143.171 -24.2905 555
142.225 -24.2905 555
141.279 -24.2905 555
140.08 -24.2468 554
138.885 -24.203 553
137.692 -24.1592 552
136.751 -24.1592 552
135.81 -24.1592 552
174.028 -25.6012 563
173.069 -25.6012 563
172.415 -25.6467 564
171.453 -25.6467 564
170.492 -25.6467 564
169.23 -25.6012 563
145.064 -25.2374 555
144.118 -25.2374 555
143.171 -25.2374 555
171.192 -26.4202 560
170.237 -26.4202 560
169.282 -26.4202 560
168.328 -26.4202 560
