2003.76 1456.3 3658
1997.52 1456.3 3658
2000.54 1463.07 3675
2011.64 1475.81 3707
2018.84 1485.76 3732
2012.48 1485.76 3732
2006.12 1485.76 3732
1982.07 1472.62 3699
1975.77 1472.62 3699
1956.68 1463.07 3675
1924.94 1443.96 3627
1914.53 1440.78 3619
1908.36 1440.78 3619
1902.19 1440.78 3619
1896.02 1440.78 3619
1889.85 1440.78 3619
1883.68 1440.78 3619
1873.36 1437.59 3611
1871.34 1440.78 3619
1865.17 1440.78 3619
1859 1440.78 3619
1852.83 1440.78 3619
1838.5 1434.41 3603
1828.29 1431.22 3595
1822.16 1431.22 3595
1816.03 1431.22 3595
1809.9 1431.22 3595
1800.26 1428.43 3588
1794.15 1428.43 3588
1788.03 1428.43 3588
1789.36 1434.41 3603
1787.18 1437.59 3611
1781.02 1437.59 3611
1774.87 1437.59 3611
1764.79 1434.41 3603
1754.75 1431.22 3595
1748.62 1431.22 3595
1739.1 1428.43 3588
1729.12 1425.25 3580
1723.01 1425.25 3580
1716.91 1425.25 3580
1710.81 1425.25 3580
1704.7 1425.25 3580
1702.4 1428.43 3588
1699.59 1431.22 3595
1693.46 1431.22 3595
1691.09 1434.41 3603
1684.95 1434.41 3603
1682.53 1437.59 3611
1676.37 1437.59 3611
1677.62 1443.96 3627
1671.44 1443.96 3627
1665.25 1443.96 3627
1655.41 1440.78 3619
1638.3 1431.22 3595
1614.92 1416.09 3557
1608.86 1416.09 3557
1596.04 1410.12 3542
1583.26 1404.15 3527
1574.12 1401.36 3520
1568.12 1401.36 3520
1555.46 1395.39 3505
1545.95 1392.21 3497
1536.91 1389.42 3490
1530.96 1389.42 3490
1515.4 1380.66 3468
1503.39 1375.09 3454
1491.43 1369.51 3440
1485.57 1369.51 3440
1476.69 1366.73 3433
1467.84 1363.94 3426
1464.99 1366.73 3433
1465.09 1372.3 3447
1459.21 1372.3 3447
1453.33 1372.3 3447
1447.46 1372.3 3447
1444.51 1375.09 3454
1438.62 1375.09 3454
1435.63 1377.87 3461
1429.73 1377.87 3461
1423.83 1377.87 3461
1417.93 1377.87 3461
1418.15 1383.84 3476
1417.92 1389.42 3490
1418.04 1395.39 3505
1412.06 1395.39 3505
1406.08 1395.39 3505
1402.91 1398.18 3512
1396.92 1398.18 3512
1390.93 1398.18 3512
1382.18 1395.39 3505
1370.32 1389.42 3490
1364.37 1389.42 3490
1358.42 1389.42 3490
1352.47 1389.42 3490
1346.52 1389.42 3490
1340.57 1389.42 3490
1337.3 1392.21 3497
1331.34 1392.21 3497
1325.38 1392.21 3497
1319.41 1392.21 3497
1313.45 1392.21 3497
1307.49 1392.21 3497
1301.53 1392.21 3497
1295.57 1392.21 3497
1289.61 1392.21 3497
1283.65 1392.21 3497
1267.09 1380.66 3468
1261.18 1380.66 3468
1255.26 1380.66 3468
1249.35 1380.66 3468
1243.44 1380.66 3468
1240.38 1383.84 3476
1234.46 1383.84 3476
1228.53 1383.84 3476
1222.61 1383.84 3476
1213.88 1380.66 3468
1207.97 1380.66 3468
1192.35 1369.51 3440
1184.07 1366.73 3433
1168.61 1355.58 3405
1162.81 1355.58 3405
1149.86 1347.22 3384
1139.36 1341.64 3370
1129.24 1336.47 3357
1123.52 1336.47 3357
1115.47 1333.68 3350
1100.81 1322.93 3323
1095.15 1322.93 3323
1089.48 1322.93 3323
1083.82 1322.93 3323
1078.15 1322.93 3323
1068.29 1317.76 3310
1062.65 1317.76 3310
1052.86 1312.58 3297
1047.24 1312.58 3297
1041.61 1312.58 3297
1035.99 1312.58 3297
1030.37 1312.58 3297
1024.75 1312.58 3297
1033.35 1330.9 3343
1027.65 1330.9 3343
1021.95 1330.9 3343
1016.25 1330.9 3343
1004.51 1322.93 3323
998.845 1322.93 3323
993.18 1322.93 3323
437.233 1196.73 3006
432.108 1196.73 3006
426.984 1196.73 3006
419.614 1190.36 2990
413.685 1187.97 2984
410.789 1194.34 3000
410.948 1209.87 3039
405.767 1209.87 3039
402.696 1216.24 3055
399.049 1221.02 3067
393.821 1221.02 3067
388.592 1221.02 3067
382.614 1218.63 3061
377.396 1218.63 3061
375.582 1229.77 3089
370.316 1229.77 3089
365.05 1229.77 3089
359.784 1229.77 3089
354.518 1229.77 3089
348.008 1225.4 3078
342.093 1223.01 3072
336.856 1223.01 3072
332.267 1225.4 3078
327.019 1225.4 3078
321.772 1225.4 3078
317.142 1227.78 3084
311.885 1227.78 3084
306.627 1227.78 3084
301.37 1227.78 3084
296.112 1227.78 3084
290.855 1227.78 3084
285.042 1225.4 3078
279.249 1223.01 3072
273.031 1218.63 3061
267.813 1218.63 3061
262.594 1218.63 3061
257.376 1218.63 3061
252.158 1218.63 3061
246.94 1218.63 3061
241.721 1218.63 3061
236.503 1218.63 3061
231.285 1218.63 3061
226.067 1218.63 3061
220.416 1216.24 3055
215.208 1216.24 3055
210 1216.24 3055
204.792 1216.24 3055
199.257 1214.25 3050
194.058 1214.25 3050
188.858 1214.25 3050
183.659 1214.25 3050
178.459 1214.25 3050
173.544 1216.24 3055
168.336 1216.24 3055
163.128 1216.24 3055
157.92 1216.24 3055
152.712 1216.24 3055
147.504 1216.24 3055
142.296 1216.24 3055
137.088 1216.24 3055
131.88 1216.24 3055
126.92 1218.63 3061
121.941 1221.02 3067
116.712 1221.02 3067
111.484 1221.02 3067
106.255 1221.02 3067
101.027 1221.02 3067
-127.757 172.782 434
-128.497 172.782 434
-129.237 172.782 434
-129.977 172.782 434
-131.018 173.18 435
-131.759 173.18 435
-132.501 173.18 435
-133.243 173.18 435
-134.292 173.578 436
-135.035 173.578 436
-136.09 173.976 437
-136.835 173.976 437
-137.895 174.374 438
-138.642 174.374 438
-139.388 174.374 438
-140.455 174.772 439
-141.525 175.17 440
-142.275 175.17 440
-143.025 175.17 440
-144.102 175.568 441
-144.854 175.568 441
-145.606 175.568 441
-146.357 175.568 441
-147.109 175.568 441
-148.196 175.966 442
-148.95 175.966 442
-149.703 175.966 442
-150.457 175.966 442
-151.21 175.966 442
-151.964 175.966 442
-152.372 175.568 441
-167.358 189.104 475
-168.522 189.502 476
-169.689 189.9 477
-170.502 189.9 477
-171.675 190.299 478
-172.85 190.697 479
-173.667 190.697 479
-174.484 190.697 479
-175.3 190.697 479
-176.484 191.095 480
-177.303 191.095 480
-178.121 191.095 480
-178.939 191.095 480
-179.757 191.095 480
-180.952 191.493 481
-181.772 191.493 481
-182.592 191.493 481
-183.793 191.891 482
-184.615 191.891 482
-185.437 191.891 482
-186.258 191.891 482
-187.468 192.289 483
-188.292 192.289 483
-189.506 192.687 484
-190.332 192.687 484
-191.947 193.483 486
-192.775 193.483 486
-193.604 193.483 486
-1013.85 922.43 2317
-1019.12 923.625 2320
-1023.07 923.625 2320
-1030.13 926.412 2327
-1034.09 926.412 2327
-1038.06 926.412 2327
-1042.03 926.412 2327
-1042.85 923.625 2320
-1046.8 923.625 2320
-1050.76 923.625 2320
-1054.71 923.625 2320
-1060.04 924.819 2323
-1064 924.819 2323
-1067.96 924.819 2323
-1071.92 924.819 2323
-1077.73 926.412 2327
-1081.7 926.412 2327
-1085.66 926.412 2327
-1087.76 924.819 2323
-1090.31 923.625 2320
-1094.26 923.625 2320
-1098.22 923.625 2320
-1102.17 923.625 2320
-1104.7 922.43 2317
-1105.78 920.042 2311
-1109.72 920.042 2311
-1111.73 918.449 2307
-1115.66 918.449 2307
-1118.14 917.255 2304
-1122.07 917.255 2304
-1123.06 914.866 2298
-1125.51 913.672 2295
-1125.98 910.885 2288
-1129.88 910.885 2288
-1127.83 906.108 2276
-1128.73 903.719 2270
-1131.1 902.525 2267
-1134.96 902.525 2267
-1129.28 894.961 2248
-1130.09 892.572 2242
-1132.4 891.378 2239
-1136.21 891.378 2239
-1135.45 887.795 2230
-1131.59 881.823 2215
-1135.36 881.823 2215
-1139.14 881.823 2215
2003.76 1450.06 3658
1997.52 1450.06 3658
2000.54 1456.8 3675
2034.43 1486.13 3749
2028.04 1486.13 3749
2021.65 1486.13 3749
2015.26 1486.13 3749
2008.87 1486.13 3749
1989.12 1476.22 3724
1965.2 1463.14 3691
1929.19 1440.94 3635
1914.53 1434.6 3619
1908.36 1434.6 3619
1902.19 1434.6 3619
1896.02 1434.6 3619
1889.85 1434.6 3619
1883.68 1434.6 3619
1873.36 1431.43 3611
1871.34 1434.6 3619
1865.17 1434.6 3619
1859 1434.6 3619
1852.83 1434.6 3619
1838.5 1428.26 3603
1828.29 1425.09 3595
1822.16 1425.09 3595
1816.03 1425.09 3595
1809.9 1425.09 3595
1803.78 1425.09 3595
1801.65 1428.26 3603
1795.5 1428.26 3603
1793.34 1431.43 3611
1787.18 1431.43 3611
1781.02 1431.43 3611
1774.87 1431.43 3611
1768.71 1431.43 3611
1758.65 1428.26 3603
1752.51 1428.26 3603
1742.49 1425.09 3595
1729.12 1419.14 3580
1723.01 1419.14 3580
1716.91 1419.14 3580
1710.81 1419.14 3580
1704.7 1419.14 3580
1702.4 1422.31 3588
1699.59 1425.09 3595
1693.46 1425.09 3595
1691.09 1428.26 3603
1684.95 1428.26 3603
1682.53 1431.43 3611
1676.37 1431.43 3611
1677.62 1437.77 3627
1671.44 1437.77 3627
1665.25 1437.77 3627
1655.41 1434.6 3619
1638.3 1425.09 3595
1614.92 1410.02 3557
1608.86 1410.02 3557
1596.04 1404.08 3542
1583.26 1398.13 3527
1574.12 1395.36 3520
1568.12 1395.36 3520
1555.46 1389.41 3505
1545.95 1386.24 3497
1536.91 1383.46 3490
1530.96 1383.46 3490
1515.4 1374.74 3468
1503.39 1369.19 3454
1491.43 1363.64 3440
1485.57 1363.64 3440
1476.69 1360.87 3433
1473.84 1363.64 3440
1470.96 1366.42 3447
1471.04 1371.97 3461
1465.14 1371.97 3461
1459.24 1371.97 3461
1456.27 1374.74 3468
1459.56 1383.46 3490
1453.61 1383.46 3490
1450.57 1386.24 3497
1444.61 1386.24 3497
1438.64 1386.24 3497
1432.68 1386.24 3497
1426.72 1386.24 3497
1426.85 1392.19 3512
1426.94 1398.13 3527
1420.92 1398.13 3527
1417.72 1400.91 3534
1411.69 1400.91 3534
1405.67 1400.91 3534
1399.65 1400.91 3534
1390.86 1398.13 3527
1378.96 1392.19 3512
1372.97 1392.19 3512
1364.26 1389.41 3505
1358.28 1389.41 3505
1352.31 1389.41 3505
1346.33 1389.41 3505
1340.36 1389.41 3505
1331.34 1386.24 3497
1328.41 1389.41 3505
1322.43 1389.41 3505
1316.46 1389.41 3505
1310.48 1389.41 3505
1304.51 1389.41 3505
1298.53 1389.41 3505
1292.56 1389.41 3505
1283.65 1386.24 3497
1272.57 1380.69 3483
1261.18 1374.74 3468
1258.16 1377.91 3476
1252.23 1377.91 3476
1246.31 1377.91 3476
1242.88 1380.69 3483
1236.94 1380.69 3483
1231.01 1380.69 3483
1225.07 1380.69 3483
1219.13 1380.69 3483
1213.19 1380.69 3483
1202.06 1374.74 3468
1186.49 1363.64 3440
1180.62 1363.64 3440
1174.76 1363.64 3440
1168.89 1363.64 3440
1160.66 1360.87 3433
1143.04 1346.99 3398
1137.24 1346.99 3398
1122.13 1335.9 3370
1116.38 1335.9 3370
1110.64 1335.9 3370
1104.89 1335.9 3370
1099.15 1335.9 3370
1093.4 1335.9 3370
1083.46 1330.74 3357
1077.74 1330.74 3357
1069.78 1327.97 3350
1061.85 1325.19 3343
1049.83 1317.26 3323
1044.16 1317.26 3323
1030.37 1306.96 3297
1024.75 1306.96 3297
1033.35 1325.19 3343
1027.65 1325.19 3343
1021.95 1325.19 3343
1016.25 1325.19 3343
1004.51 1317.26 3323
998.845 1317.26 3323
993.18 1317.26 3323
437.233 1191.6 3006
432.108 1191.6 3006
426.984 1191.6 3006
419.614 1185.26 2990
413.685 1182.88 2984
410.789 1189.22 3000
410.948 1204.68 3039
405.767 1204.68 3039
402.696 1211.03 3055
399.049 1215.78 3067
393.821 1215.78 3067
388.592 1215.78 3067
382.614 1213.41 3061
377.396 1213.41 3061
375.582 1224.5 3089
370.316 1224.5 3089
365.05 1224.5 3089
359.784 1224.5 3089
354.518 1224.5 3089
348.008 1220.14 3078
342.093 1217.77 3072
336.856 1217.77 3072
332.914 1222.52 3084
327.657 1222.52 3084
322.922 1224.5 3089
318.273 1226.88 3095
313.604 1229.26 3101
308.317 1229.26 3101
303.031 1229.26 3101
297.744 1229.26 3101
292.458 1229.26 3101
286.616 1226.88 3095
281.34 1226.88 3095
275.082 1222.52 3084
269.825 1222.52 3084
264.568 1222.52 3084
259.31 1222.52 3084
254.053 1222.52 3084
248.795 1222.52 3084
243.538 1222.52 3084
238.28 1222.52 3084
233.023 1222.52 3084
227.765 1222.52 3084
222.075 1220.14 3078
216.828 1220.14 3078
211.581 1220.14 3078
206.333 1220.14 3078
200.694 1217.77 3072
195.139 1215.78 3067
189.911 1215.78 3067
184.682 1215.78 3067
179.454 1215.78 3067
174.225 1215.78 3067
168.997 1215.78 3067
163.768 1215.78 3067
158.54 1215.78 3067
153.311 1215.78 3067
148.083 1215.78 3067
142.855 1215.78 3067
137.357 1213.41 3061
132.139 1213.41 3061
127.625 1220.14 3078
122.617 1222.52 3084
117.359 1222.52 3084
112.102 1222.52 3084
106.844 1222.52 3084
101.587 1222.52 3084
-127.757 172.041 434
-128.497 172.041 434
-129.237 172.041 434
-129.977 172.041 434
-131.018 172.438 435
-131.759 172.438 435
-132.501 172.438 435
-133.243 172.438 435
-134.292 172.834 436
-135.035 172.834 436
-136.09 173.23 437
-136.835 173.23 437
-137.895 173.627 438
-138.642 173.627 438
-139.388 173.627 438
-140.455 174.023 439
-141.525 174.42 440
-142.275 174.42 440
-143.025 174.42 440
-144.102 174.816 441
-144.854 174.816 441
-145.606 174.816 441
-146.357 174.816 441
-147.109 174.816 441
-148.196 175.212 442
-148.95 175.212 442
-149.703 175.212 442
-150.457 175.212 442
-151.21 175.212 442
-151.964 175.212 442
-152.372 174.816 441
-168.063 189.087 477
-168.876 189.087 477
-169.689 189.087 477
-170.502 189.087 477
-171.675 189.483 478
-172.85 189.879 479
-173.667 189.879 479
-174.484 189.879 479
-175.3 189.879 479
-176.484 190.276 480
-177.303 190.276 480
-178.121 190.276 480
-178.939 190.276 480
-179.757 190.276 480
-180.952 190.672 481
-181.772 190.672 481
-182.592 190.672 481
-183.793 191.069 482
-184.615 191.069 482
-185.437 191.069 482
-186.258 191.069 482
-187.468 191.465 483
-188.292 191.465 483
-189.506 191.861 484
-190.332 191.861 484
-191.947 192.654 486
-192.775 192.654 486
-193.604 192.654 486
-1013.85 918.477 2317
-1023.51 923.631 2330
-1027.48 923.631 2330
-1031.46 923.631 2330
-1035.43 923.631 2330
-1039.4 923.631 2330
-1042.03 922.442 2327
-1044.2 920.856 2323
-1046.8 919.667 2320
-1050.76 919.667 2320
-1054.71 919.667 2320
-1060.04 920.856 2323
-1064 920.856 2323
-1067.96 920.856 2323
-1071.92 920.856 2323
-1077.73 922.442 2327
-1081.7 922.442 2327
-1085.66 922.442 2327
-1087.76 920.856 2323
-1090.31 919.667 2320
-1094.26 919.667 2320
-1098.22 919.667 2320
-1102.17 919.667 2320
-1104.7 918.477 2317
-1105.78 916.099 2311
-1109.72 916.099 2311
-1111.73 914.513 2307
-1115.66 914.513 2307
-1118.14 913.324 2304
-1122.07 913.324 2304
-1123.06 910.946 2298
-1125.51 909.756 2295
-1125.98 906.982 2288
-1129.88 906.982 2288
-1127.83 902.225 2276
-1128.73 899.846 2270
-1131.1 898.657 2267
-1134.96 898.657 2267
-1129.28 891.125 2248
-1130.09 888.747 2242
-1132.4 887.558 2239
-1136.21 887.558 2239
-1135.45 883.99 2230
-1131.59 878.044 2215
-1135.36 878.044 2215
-1139.14 878.044 2215
2003.76 1443.82 3658
1997.52 1443.82 3658
2000.54 1450.53 3675
2034.43 1479.74 3749
2028.04 1479.74 3749
2021.65 1479.74 3749
2015.26 1479.74 3749
2008.87 1479.74 3749
1989.12 1469.87 3724
1965.2 1456.84 3691
1929.19 1434.74 3635
1918.76 1431.58 3627
1912.58 1431.58 3627
1902.19 1428.43 3619
1896.02 1428.43 3619
1885.67 1425.27 3611
1879.52 1425.27 3611
1873.36 1425.27 3611
1867.21 1425.27 3611
1861.05 1425.27 3611
1854.89 1425.27 3611
1848.74 1425.27 3611
1838.5 1422.11 3603
1828.29 1418.95 3595
1822.16 1418.95 3595
1816.03 1418.95 3595
1809.9 1418.95 3595
1803.78 1418.95 3595
1801.65 1422.11 3603
1795.5 1422.11 3603
1793.34 1425.27 3611
1787.18 1425.27 3611
1781.02 1425.27 3611
1774.87 1425.27 3611
1768.71 1425.27 3611
1758.65 1422.11 3603
1752.51 1422.11 3603
1742.49 1418.95 3595
1729.12 1413.03 3580
1723.01 1413.03 3580
1716.91 1413.03 3580
1706.98 1409.88 3572
1700.89 1409.88 3572
1702.4 1416.19 3588
1696.28 1416.19 3588
1690.16 1416.19 3588
1691.09 1422.11 3603
1684.95 1422.11 3603
1678.8 1422.11 3603
1672.66 1422.11 3603
1673.92 1428.43 3619
1667.75 1428.43 3619
1661.58 1428.43 3619
1655.41 1428.43 3619
1635.11 1416.19 3588
1608.11 1398.03 3542
1602.07 1398.03 3542
1589.28 1392.11 3527
1576.53 1386.19 3512
1563.84 1380.27 3497
1557.87 1380.27 3497
1551.91 1380.27 3497
1542.86 1377.51 3490
1533.82 1374.75 3483
1527.89 1374.75 3483
1515.4 1368.83 3468
1500.34 1360.54 3447
1491.43 1357.77 3440
1485.57 1357.77 3440
1476.69 1355.01 3433
1473.84 1357.77 3440
1470.96 1360.54 3447
1471.04 1366.06 3461
1465.14 1366.06 3461
1459.24 1366.06 3461
1456.27 1368.83 3468
1459.56 1377.51 3490
1453.61 1377.51 3490
1450.57 1380.27 3497
1444.61 1380.27 3497
1438.64 1380.27 3497
1432.68 1380.27 3497
1426.72 1380.27 3497
1426.85 1386.19 3512
1426.94 1392.11 3527
1420.92 1392.11 3527
1417.72 1394.88 3534
1417.69 1400.8 3549
1411.64 1400.8 3549
1405.59 1400.8 3549
1399.54 1400.8 3549
1387.6 1394.88 3534
1381.57 1394.88 3534
1370.1 1389.35 3520
1364.1 1389.35 3520
1358.1 1389.35 3520
1352.1 1389.35 3520
1346.09 1389.35 3520
1337.05 1386.19 3512
1331.06 1386.19 3512
1325.07 1386.19 3512
1319.09 1386.19 3512
1313.1 1386.19 3512
1307.11 1386.19 3512
1301.13 1386.19 3512
1295.14 1386.19 3512
1286.58 1383.43 3505
1277.68 1380.27 3497
1271.72 1380.27 3497
1263.23 1377.51 3490
1257.28 1377.51 3490
1253.84 1380.27 3497
1247.88 1380.27 3497
1241.92 1380.27 3497
1235.95 1380.27 3497
1229.99 1380.27 3497
1224.03 1380.27 3497
1218.07 1380.27 3497
1209.68 1377.51 3490
1201.32 1374.75 3483
1190.23 1368.83 3468
1184.32 1368.83 3468
1176.03 1366.06 3461
1170.13 1366.06 3461
1159.52 1360.54 3447
1153.64 1360.54 3447
1138.44 1349.49 3419
1130.3 1346.72 3412
1124.48 1346.72 3412
1118.66 1346.72 3412
1108.28 1341.2 3398
1102.49 1341.2 3398
1094.44 1338.43 3391
1088.65 1338.43 3391
1078.4 1332.91 3377
1070.42 1330.15 3370
1058.36 1322.25 3350
1052.65 1322.25 3350
1038.5 1311.59 3323
1041.23 1322.25 3350
1043.86 1332.91 3377
1038.1 1332.91 3377
1032.35 1332.91 3377
1026.59 1332.91 3377
1010.56 1319.49 3343
1004.86 1319.49 3343
997.365 1317.12 3337
428.227 1175.82 2979
423.149 1175.82 2979
418.07 1175.82 2979
412.992 1175.82 2979
409.419 1180.16 2990
407.162 1188.45 3011
402.029 1188.45 3011
404.937 1212.52 3072
400.48 1214.89 3078
395.233 1214.89 3078
389.986 1214.89 3078
384.739 1214.89 3078
378.752 1212.52 3072
376.311 1221.6 3095
371.035 1221.6 3095
365.759 1221.6 3095
360.483 1221.6 3095
355.206 1221.6 3095
348.687 1217.26 3084
342.761 1214.89 3078
337.514 1214.89 3078
332.914 1217.26 3084
327.657 1217.26 3084
322.922 1219.23 3089
318.273 1221.6 3095
313.604 1223.97 3101
308.317 1223.97 3101
303.031 1223.97 3101
297.744 1223.97 3101
292.458 1223.97 3101
286.616 1221.6 3095
281.34 1221.6 3095
275.082 1217.26 3084
269.825 1217.26 3084
264.568 1217.26 3084
259.31 1217.26 3084
254.053 1217.26 3084
248.795 1217.26 3084
243.538 1217.26 3084
238.28 1217.26 3084
233.023 1217.26 3084
227.765 1217.26 3084
222.075 1214.89 3078
216.828 1214.89 3078
211.581 1214.89 3078
206.333 1214.89 3078
200.694 1212.52 3072
195.457 1212.52 3072
190.22 1212.52 3072
184.983 1212.52 3072
179.746 1212.52 3072
174.509 1212.52 3072
169.272 1212.52 3072
164.035 1212.52 3072
158.798 1212.52 3072
153.561 1212.52 3072
148.324 1212.52 3072
143.087 1212.52 3072
137.85 1212.52 3072
132.872 1214.89 3078
127.874 1217.26 3084
122.617 1217.26 3084
117.359 1217.26 3084
112.283 1219.23 3089
107.017 1219.23 3089
101.752 1219.23 3089
-127.757 171.301 434
-128.497 171.301 434
-129.237 171.301 434
-129.977 171.301 434
-131.018 171.695 435
-131.759 171.695 435
-132.501 171.695 435
-133.243 171.695 435
-134.292 172.09 436
-135.035 172.09 436
-136.09 172.485 437
-136.835 172.485 437
-137.895 172.879 438
-138.642 172.879 438
-139.388 172.879 438
-140.455 173.274 439
-141.203 173.274 439
-141.952 173.274 439
-143.025 173.669 440
-144.102 174.064 441
-144.854 174.064 441
-145.606 174.064 441
-146.357 174.064 441
-147.109 174.064 441
-148.196 174.458 442
-148.95 174.458 442
-149.703 174.458 442
-150.457 174.458 442
-151.21 174.458 442
-151.964 174.458 442
-168.063 188.273 477
-168.876 188.273 477
-170.045 188.668 478
-170.86 188.668 478
-172.034 189.062 479
-172.85 189.062 479
-173.667 189.062 479
-174.484 189.062 479
-175.666 189.457 480
-176.484 189.457 480
-177.303 189.457 480
-178.121 189.457 480
-178.939 189.457 480
-179.757 189.457 480
-180.952 189.852 481
-181.772 189.852 481
-182.592 189.852 481
-183.793 190.246 482
-184.615 190.246 482
-185.437 190.246 482
-186.258 190.246 482
-187.468 190.641 483
-188.292 190.641 483
-189.506 191.036 484
-190.332 191.036 484
-191.947 191.825 486
-192.775 191.825 486
-193.604 191.825 486
-1013.85 914.524 2317
-1023.51 919.656 2330
-1027.48 919.656 2330
-1031.46 919.656 2330
-1035.43 919.656 2330
-1039.4 919.656 2330
-1042.03 918.471 2327
-1044.2 916.893 2323
-1046.8 915.708 2320
-1050.76 915.708 2320
-1054.71 915.708 2320
-1060.04 916.893 2323
-1064 916.893 2323
-1067.96 916.893 2323
-1071.92 916.893 2323
-1077.73 918.471 2327
-1081.7 918.471 2327
-1085.66 918.471 2327
-1087.76 916.893 2323
-1090.31 915.708 2320
-1094.26 915.708 2320
-1098.22 915.708 2320
-1102.17 915.708 2320
-1104.7 914.524 2317
-1105.78 912.156 2311
-1109.72 912.156 2311
-1111.73 910.577 2307
-1115.66 910.577 2307
-1116.68 908.209 2301
-1120.61 908.209 2301
-1123.06 907.025 2298
-1125.51 905.841 2295
-1125.98 903.078 2288
-1129.88 903.078 2288
-1127.83 898.342 2276
-1128.73 895.973 2270
-1129.6 893.605 2264
-1133.46 893.605 2264
-1127.78 886.106 2245
-1128.58 883.738 2239
-1127.85 880.185 2230
-1131.65 880.185 2230
-1133.92 879.001 2227
-1131.59 874.265 2215
-1128.19 868.739 2201
-1131.94 868.739 2201
2034.43 1473.34 3749
2028.04 1473.34 3749
2021.65 1473.34 3749
2015.26 1473.34 3749
2008.87 1473.34 3749
1989.12 1463.52 3724
1965.2 1450.55 3691
1929.19 1428.54 3635
1918.76 1425.4 3627
1916.8 1428.54 3635
1910.6 1428.54 3635
1904.4 1428.54 3635
1889.85 1422.25 3619
1883.68 1422.25 3619
1873.36 1419.11 3611
1867.21 1419.11 3611
1861.05 1419.11 3611
1854.89 1419.11 3611
1848.74 1419.11 3611
1842.58 1419.11 3611
1828.29 1412.82 3595
1822.16 1412.82 3595
1816.03 1412.82 3595
1809.9 1412.82 3595
1803.78 1412.82 3595
1801.65 1415.96 3603
1795.5 1415.96 3603
1793.34 1419.11 3611
1787.18 1419.11 3611
1781.02 1419.11 3611
1774.87 1419.11 3611
1768.71 1419.11 3611
1758.65 1415.96 3603
1752.51 1415.96 3603
1742.49 1412.82 3595
1729.12 1406.93 3580
1723.01 1406.93 3580
1716.91 1406.93 3580
1706.98 1403.78 3572
1700.89 1403.78 3572
1702.4 1410.07 3588
1696.28 1410.07 3588
1690.16 1410.07 3588
1691.09 1415.96 3603
1684.95 1415.96 3603
1678.8 1415.96 3603
1672.66 1415.96 3603
1673.92 1422.25 3619
1667.75 1422.25 3619
1661.58 1422.25 3619
1655.41 1422.25 3619
1635.11 1410.07 3588
1608.11 1391.99 3542
1602.07 1391.99 3542
1586.12 1383.35 3520
1573.39 1377.45 3505
1563.84 1374.31 3497
1557.87 1374.31 3497
1551.91 1374.31 3497
1542.86 1371.56 3490
1533.82 1368.8 3483
1527.89 1368.8 3483
1518.89 1366.05 3476
1500.34 1354.66 3447
1491.43 1351.91 3440
1485.57 1351.91 3440
1479.7 1351.91 3440
1476.84 1354.66 3447
1476.94 1360.16 3461
1477.41 1366.05 3476
1471.49 1366.05 3476
1471.46 1371.56 3490
1465.51 1371.56 3490
1465.84 1377.45 3505
1459.86 1377.45 3505
1463.01 1386.1 3527
1457 1386.1 3527
1450.99 1386.1 3527
1442.11 1383.35 3520
1436.11 1383.35 3520
1435.79 1388.85 3534
1433 1391.99 3542
1426.97 1391.99 3542
1423.74 1394.74 3549
1417.69 1394.74 3549
1411.64 1394.74 3549
1405.59 1394.74 3549
1399.54 1394.74 3549
1387.6 1388.85 3534
1381.57 1388.85 3534
1370.1 1383.35 3520
1364.1 1383.35 3520
1358.1 1383.35 3520
1352.1 1383.35 3520
1346.09 1383.35 3520
1337.05 1380.2 3512
1331.06 1380.2 3512
1325.07 1380.2 3512
1319.09 1380.2 3512
1313.1 1380.2 3512
1307.11 1380.2 3512
1301.13 1380.2 3512
1295.14 1380.2 3512
1286.58 1377.45 3505
1277.68 1374.31 3497
1271.72 1374.31 3497
1263.23 1371.56 3490
1257.28 1371.56 3490
1262.08 1383.35 3520
1258.58 1386.1 3527
1252.57 1386.1 3527
1246.56 1386.1 3527
1240.54 1386.1 3527
1234.53 1386.1 3527
1228.52 1386.1 3527
1217.31 1380.2 3512
1208.91 1377.45 3505
1202.93 1377.45 3505
1194.22 1374.31 3497
1188.26 1374.31 3497
1179.93 1371.56 3490
1169.27 1366.05 3476
1163.35 1366.05 3476
1150.1 1357.41 3454
1144.21 1357.41 3454
1138.32 1357.41 3454
1132.43 1357.41 3454
1119.7 1349.15 3433
1113.84 1349.15 3433
1105.73 1346.4 3426
1099.89 1346.4 3426
1089.58 1340.9 3412
1083.76 1340.9 3412
1069.1 1329.9 3384
1063.33 1329.9 3384
1046.94 1316.54 3350
1058.32 1338.15 3405
1056.84 1343.65 3419
1051.02 1343.65 3419
1045.19 1343.65 3419
1035.1 1338.15 3405
1020.83 1327.15 3377
1015.08 1327.15 3377
997.365 1311.43 3337
420.876 1164.45 2963
415.825 1164.45 2963
412.992 1170.73 2979
410.789 1178.99 3000
407.162 1183.31 3011
402.029 1183.31 3011
406.518 1212 3084
401.261 1212 3084
396.004 1212 3084
390.746 1212 3084
384.739 1209.64 3078
380.231 1212 3084
376.311 1216.32 3095
371.035 1216.32 3095
366.468 1218.68 3101
361.182 1218.68 3101
355.895 1218.68 3101
349.93 1216.32 3095
343.986 1213.96 3089
338.72 1213.96 3089
334.102 1216.32 3095
328.826 1216.32 3095
324.177 1218.68 3101
319.507 1221.04 3107
314.716 1223 3112
309.411 1223 3112
304.106 1223 3112
298.321 1221.04 3107
293.024 1221.04 3107
287.172 1218.68 3101
281.885 1218.68 3101
276.064 1216.32 3095
270.787 1216.32 3095
265.511 1216.32 3095
260.235 1216.32 3095
254.959 1216.32 3095
249.683 1216.32 3095
244.406 1216.32 3095
239.13 1216.32 3095
233.401 1213.96 3089
228.135 1213.96 3089
222.869 1213.96 3089
217.251 1212 3084
211.993 1212 3084
206.736 1212 3084
201.086 1209.64 3078
195.839 1209.64 3078
190.22 1207.28 3072
184.983 1207.28 3072
179.746 1207.28 3072
174.509 1207.28 3072
169.272 1207.28 3072
164.035 1207.28 3072
158.798 1207.28 3072
153.561 1207.28 3072
148.324 1207.28 3072
143.087 1207.28 3072
137.85 1207.28 3072
132.872 1209.64 3078
127.874 1212 3084
122.617 1212 3084
117.359 1212 3084
112.283 1213.96 3089
107.017 1213.96 3089
101.752 1213.96 3089
-137.895 172.132 438
-138.642 172.132 438
-139.388 172.132 438
-140.455 172.525 439
-141.203 172.525 439
-141.952 172.525 439
-143.025 172.918 440
-144.102 173.311 441
-144.854 173.311 441
-145.606 173.311 441
-146.357 173.311 441
-147.109 173.311 441
-148.196 173.704 442
-148.95 173.704 442
-149.703 173.704 442
-150.457 173.704 442
-151.21 173.704 442
-151.964 173.704 442
-168.415 187.852 478
-169.23 187.852 478
-170.045 187.852 478
-170.86 187.852 478
-172.034 188.245 479
-172.85 188.245 479
-174.03 188.638 480
-174.848 188.638 480
-175.666 188.638 480
-176.484 188.638 480
-177.303 188.638 480
-178.121 188.638 480
-178.939 188.638 480
-180.132 189.031 481
-180.952 189.031 481
-181.772 189.031 481
-182.972 189.424 482
-183.793 189.424 482
-184.615 189.424 482
-185.437 189.424 482
-186.645 189.817 483
-187.468 189.817 483
-188.292 189.817 483
-189.506 190.21 484
-190.332 190.21 484
-191.157 190.21 484
-191.982 190.21 484
-1023.51 915.68 2330
-1027.48 915.68 2330
-1031.46 915.68 2330
-1035.43 915.68 2330
-1039.4 915.68 2330
-1042.03 914.501 2327
-1044.2 912.929 2323
-1046.8 911.75 2320
-1050.76 911.75 2320
-1054.71 911.75 2320
-1058.67 911.75 2320
-1061.25 910.571 2317
-1066.58 911.75 2320
-1070.53 911.75 2320
-1074.49 911.75 2320
-1078.44 911.75 2320
-1082.4 911.75 2320
-1084.95 910.571 2317
-1088.9 910.571 2317
-1092.85 910.571 2317
-1096.8 910.571 2317
-1097.9 908.213 2311
-1101.84 908.213 2311
-1103.86 906.641 2307
-1107.8 906.641 2307
-1110.28 905.462 2304
-1112.76 904.283 2301
-1116.68 904.283 2301
-1120.61 904.283 2301
-1123.06 903.104 2298
-1125.51 901.925 2295
-1125.98 899.174 2288
-1129.88 899.174 2288
-1129.32 895.637 2279
-1128.73 892.101 2270
-1129.6 889.743 2264
-1133.46 889.743 2264
-1130.79 884.634 2251
-1128.58 879.918 2239
-1127.85 876.381 2230
-1131.65 876.381 2230
-1133.92 875.202 2227
-1131.59 870.486 2215
-1128.19 864.984 2201
-1131.94 864.984 2201
1992.68 1450.51 3707
1986.36 1450.51 3707
1980.04 1450.51 3707
1965.2 1444.25 3691
1946.17 1434.86 3667
1926.7 1425.08 3642
1920.49 1425.08 3642
1910.6 1422.34 3635
1904.4 1422.34 3635
1889.85 1416.08 3619
1883.68 1416.08 3619
1869.21 1409.82 3603
1863.07 1409.82 3603
1861.05 1412.95 3611
1854.89 1412.95 3611
1848.74 1412.95 3611
1842.58 1412.95 3611
1828.29 1406.69 3595
1822.16 1406.69 3595
1816.03 1406.69 3595
1806.38 1403.95 3588
1800.26 1403.95 3588
1797.65 1406.69 3595
1791.52 1406.69 3595
1789.36 1409.82 3603
1787.18 1412.95 3611
1781.02 1412.95 3611
1774.87 1412.95 3611
1764.79 1409.82 3603
1758.65 1409.82 3603
1752.51 1409.82 3603
1742.49 1406.69 3595
1732.98 1403.95 3588
1723.01 1400.82 3580
1716.91 1400.82 3580
1710.81 1400.82 3580
1704.7 1400.82 3580
1702.4 1403.95 3588
1703.37 1409.82 3603
1697.23 1409.82 3603
1691.09 1409.82 3603
1684.95 1409.82 3603
1689.99 1419.21 3627
1683.8 1419.21 3627
1677.62 1419.21 3627
1671.44 1419.21 3627
1665.25 1419.21 3627
1659.07 1419.21 3627
1638.3 1406.69 3595
1611.29 1388.69 3549
1605.24 1388.69 3549
1589.28 1380.08 3527
1580.12 1377.34 3520
1567.41 1371.47 3505
1561.44 1371.47 3505
1551.91 1368.34 3497
1545.95 1368.34 3497
1539.99 1368.34 3497
1534.03 1368.34 3497
1521.95 1362.86 3483
1503.39 1351.51 3454
1491.43 1346.04 3440
1488.59 1348.78 3447
1482.71 1348.78 3447
1482.84 1354.25 3461
1483.34 1360.12 3476
1483.36 1365.6 3490
1477.41 1365.6 3490
1471.46 1365.6 3490
1471.81 1371.47 3505
1475.04 1380.08 3527
1469.02 1380.08 3527
1465.92 1382.82 3534
1463.2 1385.95 3542
1457.16 1385.95 3542
1451.12 1385.95 3542
1445.08 1385.95 3542
1441.89 1388.69 3549
1439.07 1391.82 3557
1433.01 1391.82 3557
1432.96 1397.69 3572
1426.87 1397.69 3572
1420.78 1397.69 3572
1414.69 1397.69 3572
1405.85 1394.95 3565
1393.49 1388.69 3549
1387.44 1388.69 3549
1381.39 1388.69 3549
1372.62 1385.95 3542
1366.58 1385.95 3542
1360.55 1385.95 3542
1351.45 1382.82 3534
1345.42 1382.82 3534
1339.4 1382.82 3534
1333.37 1382.82 3534
1327.35 1382.82 3534
1321.33 1382.82 3534
1315.3 1382.82 3534
1309.28 1382.82 3534
1303.25 1382.82 3534
1292.09 1377.34 3520
1283.16 1374.21 3512
1277.18 1374.21 3512
1271.19 1374.21 3512
1268.09 1377.34 3520
1262.08 1377.34 3520
1258.58 1380.08 3527
1252.57 1380.08 3527
1246.56 1380.08 3527
1240.54 1380.08 3527
1234.53 1380.08 3527
1228.52 1380.08 3527
1217.31 1374.21 3512
1208.91 1371.47 3505
1202.93 1371.47 3505
1194.22 1368.34 3497
1188.26 1368.34 3497
1179.93 1365.6 3490
1169.27 1360.12 3476
1163.35 1360.12 3476
1150.1 1351.51 3454
1144.21 1351.51 3454
1138.32 1351.51 3454
1132.43 1351.51 3454
1119.7 1343.3 3433
1113.84 1343.3 3433
1105.73 1340.56 3426
1099.89 1340.56 3426
1089.58 1335.08 3412
1083.76 1335.08 3412
1077.95 1335.08 3412
1072.13 1335.08 3412
1057.56 1324.12 3384
1058.32 1332.34 3405
1056.84 1337.82 3419
1051.02 1337.82 3419
1045.19 1337.82 3419
1035.1 1332.34 3405
1020.83 1321.39 3377
1015.08 1321.39 3377
997.365 1305.73 3337
420.876 1159.39 2963
415.825 1159.39 2963
412.992 1165.65 2979
412.295 1178.17 3011
409.461 1184.83 3028
404.299 1184.83 3028
406.518 1206.74 3084
401.912 1208.69 3089
396.646 1208.69 3089
391.38 1208.69 3089
384.739 1204.39 3078
380.231 1206.74 3084
377.041 1213.39 3101
371.754 1213.39 3101
367.768 1217.69 3112
362.463 1217.69 3112
357.158 1217.69 3112
350.609 1213.39 3101
345.322 1213.39 3101
340.036 1213.39 3101
335.397 1215.74 3107
330.1 1215.74 3107
324.804 1215.74 3107
320.021 1217.69 3112
315.323 1220.04 3118
310.008 1220.04 3118
304.692 1220.04 3118
299.377 1220.04 3118
294.061 1220.04 3118
287.727 1215.74 3107
282.431 1215.74 3107
276.599 1213.39 3101
271.312 1213.39 3101
266.026 1213.39 3101
260.74 1213.39 3101
255.453 1213.39 3101
250.167 1213.39 3101
244.88 1213.39 3101
239.13 1211.04 3095
233.854 1211.04 3095
228.578 1211.04 3095
223.302 1211.04 3095
217.603 1208.69 3089
212.337 1208.69 3089
207.071 1208.69 3089
201.478 1206.74 3084
196.221 1206.74 3084
190.592 1204.39 3078
185.345 1204.39 3078
180.097 1204.39 3078
174.85 1204.39 3078
169.603 1204.39 3078
164.356 1204.39 3078
159.109 1204.39 3078
153.861 1204.39 3078
148.614 1204.39 3078
143.367 1204.39 3078
138.12 1204.39 3078
133.131 1206.74 3084
127.874 1206.74 3084
122.815 1208.69 3089
117.549 1208.69 3089
112.283 1208.69 3089
107.017 1208.69 3089
101.752 1208.69 3089
-140.455 171.776 439
-141.203 171.776 439
-141.952 171.776 439
-143.025 172.167 440
-144.102 172.559 441
-144.854 172.559 441
-145.606 172.559 441
-146.357 172.559 441
-147.109 172.559 441
-148.196 172.95 442
-148.95 172.95 442
-149.703 172.95 442
-150.457 172.95 442
-151.21 172.95 442
-168.415 187.036 478
-169.23 187.036 478
-170.401 187.428 479
-171.217 187.428 479
-172.034 187.428 479
-173.211 187.819 480
-174.03 187.819 480
-174.848 187.819 480
-175.666 187.819 480
-176.852 188.21 481
-177.672 188.21 481
-178.492 188.21 481
-179.312 188.21 481
-180.132 188.21 481
-180.952 188.21 481
-182.15 188.602 482
-182.972 188.602 482
-184.175 188.993 483
-184.998 188.993 483
-185.821 188.993 483
-186.645 188.993 483
-187.468 188.993 483
-188.292 188.993 483
-189.506 189.384 484
-190.332 189.384 484
-191.157 189.384 484
-191.982 189.384 484
-1031.46 911.705 2330
-1035.43 911.705 2330
-1039.4 911.705 2330
-1042.03 910.531 2327
-1042.85 907.792 2320
-1045.45 906.618 2317
-1049.4 906.618 2317
-1051.99 905.444 2314
-1055.93 905.444 2314
-1058.5 904.271 2311
-1062.44 904.271 2311
-1066.38 904.271 2311
-1070.32 904.271 2311
-1074.26 904.271 2311
-1078.2 904.271 2311
-1082.14 904.271 2311
-1086.08 904.271 2311
-1090.02 904.271 2311
-1093.96 904.271 2311
-1096 902.705 2307
-1099.93 902.705 2307
-1102.43 901.531 2304
-1106.36 901.531 2304
-1108.84 900.358 2301
-1111.31 899.184 2298
-1115.23 899.184 2298
-1119.14 899.184 2298
-1121.6 898.01 2295
-1124.04 896.836 2292
-1125.98 895.271 2288
-1129.88 895.271 2288
-1129.32 891.749 2279
-1128.73 888.228 2270
-1129.6 885.88 2264
-1133.46 885.88 2264
-1130.79 880.793 2251
-1128.58 876.098 2239
-1126.33 871.402 2227
-1130.12 871.402 2227
-1133.92 871.402 2227
-1130.57 865.924 2213
-1128.19 861.229 2201
-1131.94 861.229 2201
1973.5 1434.84 3683
1967.22 1434.84 3683
1960.94 1434.84 3683
1946.17 1428.6 3667
1926.7 1418.86 3642
1920.49 1418.86 3642
1910.6 1416.14 3635
1904.4 1416.14 3635
1894.03 1413.02 3627
1887.85 1413.02 3627
1869.21 1403.67 3603
1863.07 1403.67 3603
1861.05 1406.79 3611
1859 1409.9 3619
1852.83 1409.9 3619
1846.66 1409.9 3619
1836.43 1406.79 3611
1830.27 1406.79 3611
1816.03 1400.55 3595
1809.9 1400.55 3595
1800.26 1397.83 3588
1797.65 1400.55 3595
1791.52 1400.55 3595
1785.39 1400.55 3595
1783.22 1403.67 3603
1777.08 1403.67 3603
1770.94 1403.67 3603
1764.79 1403.67 3603
1758.65 1403.67 3603
1752.51 1403.67 3603
1742.49 1400.55 3595
1732.98 1397.83 3588
1723.01 1394.71 3580
1716.91 1394.71 3580
1710.81 1394.71 3580
1704.7 1394.71 3580
1702.4 1397.83 3588
1703.37 1403.67 3603
1697.23 1403.67 3603
1691.09 1403.67 3603
1684.95 1403.67 3603
1689.99 1413.02 3627
1683.8 1413.02 3627
1677.62 1413.02 3627
1671.44 1413.02 3627
1665.25 1413.02 3627
1659.07 1413.02 3627
1638.3 1400.55 3595
1611.29 1382.63 3549
1605.24 1382.63 3549
1589.28 1374.06 3527
1580.12 1371.33 3520
1567.41 1365.49 3505
1561.44 1365.49 3505
1551.91 1362.37 3497
1552.58 1368.22 3512
1546.6 1368.22 3512
1540.61 1368.22 3512
1528.07 1362.37 3497
1512.97 1354.19 3476
1494.47 1342.89 3447
1494.64 1348.35 3461
1488.74 1348.35 3461
1489.26 1354.19 3476
1489.31 1359.65 3490
1483.36 1359.65 3490
1477.41 1359.65 3490
1477.79 1365.49 3505
1481.05 1374.06 3527
1481.31 1379.91 3542
1475.27 1379.91 3542
1469.23 1379.91 3542
1466.09 1382.63 3549
1460.04 1382.63 3549
1453.99 1382.63 3549
1451.2 1385.75 3557
1448.39 1388.87 3565
1445.14 1391.59 3572
1439.05 1391.59 3572
1436.17 1394.71 3580
1433.27 1397.83 3588
1427.15 1397.83 3588
1421.03 1397.83 3588
1414.92 1397.83 3588
1399.77 1388.87 3565
1393.69 1388.87 3565
1384.5 1385.75 3557
1375.34 1382.63 3549
1369.28 1382.63 3549
1363.23 1382.63 3549
1357.18 1382.63 3549
1351.13 1382.63 3549
1345.08 1382.63 3549
1339.03 1382.63 3549
1332.98 1382.63 3549
1326.93 1382.63 3549
1320.88 1382.63 3549
1314.83 1382.63 3549
1308.78 1382.63 3549
1297.23 1376.79 3534
1291.2 1376.79 3534
1285.18 1376.79 3534
1274.09 1371.33 3520
1268.09 1371.33 3520
1267.1 1376.79 3534
1263.93 1379.91 3542
1257.9 1379.91 3542
1251.86 1379.91 3542
1245.82 1379.91 3542
1239.78 1379.91 3542
1230.96 1376.79 3534
1222.51 1374.06 3527
1211.32 1368.22 3512
1205.33 1368.22 3512
1199.35 1368.22 3512
1193.36 1368.22 3512
1187.37 1368.22 3512
1181.38 1368.22 3512
1168.03 1359.65 3490
1159.75 1356.92 3483
1148.85 1351.08 3468
1142.94 1351.08 3468
1141.94 1356.92 3483
1136 1356.92 3483
1130.07 1356.92 3483
1124.13 1356.92 3483
1118.19 1356.92 3483
1107.46 1351.08 3468
1094.88 1342.89 3447
1077.95 1329.26 3412
1072.13 1329.26 3412
1057.56 1318.35 3384
1058.32 1326.53 3405
1056.84 1331.99 3419
1051.02 1331.99 3419
1045.19 1331.99 3419
1035.1 1326.53 3405
1020.83 1315.62 3377
1015.08 1315.62 3377
412.992 1160.57 2979
412.295 1173.04 3011
409.461 1179.66 3028
404.299 1179.66 3028
406.518 1201.48 3084
401.912 1203.42 3089
396.646 1203.42 3089
391.38 1203.42 3089
384.739 1199.14 3078
380.231 1201.48 3084
377.041 1208.1 3101
371.754 1208.1 3101
367.768 1212.38 3112
362.463 1212.38 3112
357.158 1212.38 3112
350.609 1208.1 3101
345.322 1208.1 3101
340.036 1208.1 3101
335.397 1210.44 3107
330.1 1210.44 3107
325.327 1212.38 3112
320.638 1214.72 3118
315.323 1214.72 3118
310.008 1214.72 3118
304.692 1214.72 3118
299.377 1214.72 3118
294.061 1214.72 3118
288.19 1212.38 3112
282.885 1212.38 3112
277.134 1210.44 3107
271.837 1210.44 3107
266.541 1210.44 3107
261.244 1210.44 3107
255.453 1208.1 3101
250.167 1208.1 3101
244.88 1208.1 3101
239.594 1208.1 3101
234.307 1208.1 3101
229.021 1208.1 3101
223.302 1205.76 3095
218.025 1205.76 3095
212.749 1205.76 3095
207.473 1205.76 3095
202.197 1205.76 3095
196.539 1203.42 3089
191.273 1203.42 3089
186.007 1203.42 3089
180.741 1203.42 3089
175.475 1203.42 3089
170.209 1203.42 3089
164.943 1203.42 3089
159.419 1201.48 3084
154.161 1201.48 3084
148.904 1201.48 3084
143.879 1203.42 3089
138.613 1203.42 3089
133.347 1203.42 3089
128.579 1208.1 3101
123.292 1208.1 3101
118.006 1208.1 3101
112.72 1208.1 3101
107.433 1208.1 3101
102.147 1208.1 3101
-141.203 171.027 439
-141.952 171.027 439
-143.025 171.417 440
-144.102 171.806 441
-144.854 171.806 441
-145.606 171.806 441
-146.357 171.806 441
-147.109 171.806 441
-147.861 171.806 441
-148.95 172.196 442
-149.703 172.196 442
-150.457 172.196 442
-168.415 186.221 478
-169.584 186.611 479
-170.401 186.611 479
-171.217 186.611 479
-172.034 186.611 479
-173.211 187 480
-174.03 187 480
-174.848 187 480
-175.666 187 480
-176.852 187.39 481
-177.672 187.39 481
-178.492 187.39 481
-179.312 187.39 481
-180.132 187.39 481
-180.952 187.39 481
-182.15 187.779 482
-182.972 187.779 482
-184.175 188.169 483
-184.998 188.169 483
-185.821 188.169 483
-186.645 188.169 483
-187.468 188.169 483
-188.292 188.169 483
-189.506 188.558 484
-190.332 188.558 484
-191.157 188.558 484
-191.982 188.558 484
-1030.13 906.561 2327
-1034.09 906.561 2327
-1038.06 906.561 2327
-1042.03 906.561 2327
-1042.85 903.834 2320
-1042.74 900.328 2311
-1046.68 900.328 2311
-1050.62 900.328 2311
-1052.74 898.769 2307
-1056.67 898.769 2307
-1062.44 900.328 2311
-1066.38 900.328 2311
-1070.32 900.328 2311
-1074.26 900.328 2311
-1078.2 900.328 2311
-1080.27 898.769 2307
-1084.2 898.769 2307
-1088.13 898.769 2307
-1092.06 898.769 2307
-1094.57 897.601 2304
-1098.5 897.601 2304
-1100.99 896.432 2301
-1104.92 896.432 2301
-1108.84 896.432 2301
-1111.31 895.263 2298
-1115.23 895.263 2298
-1119.14 895.263 2298
-1120.13 892.926 2292
-1124.04 892.926 2292
-1127.94 892.926 2292
-1129.88 891.367 2288
-1130.8 889.03 2282
-1130.22 885.524 2273
-1131.1 883.186 2267
-1134.96 883.186 2267
-1130.79 876.953 2251
-1128.58 872.278 2239
-1126.33 867.603 2227
-1130.12 867.603 2227
-1133.92 867.603 2227
-1130.57 862.149 2213
-1128.19 857.474 2201
-1131.94 857.474 2201
1973.5 1428.55 3683
1967.22 1428.55 3683
1960.94 1428.55 3683
1946.17 1422.35 3667
1935.16 1418.86 3658
1928.92 1418.86 3658
1910.6 1409.93 3635
1904.4 1409.93 3635
1894.03 1406.83 3627
1887.85 1406.83 3627
1881.66 1406.83 3627
1879.62 1409.93 3635
1873.42 1409.93 3635
1867.22 1409.93 3635
1861.03 1409.93 3635
1850.75 1406.83 3627
1836.43 1400.63 3611
1830.27 1400.63 3611
1824.11 1400.63 3611
1813.93 1397.52 3603
1803.78 1394.42 3595
1797.65 1394.42 3595
1791.52 1394.42 3595
1793.34 1400.63 3611
1787.18 1400.63 3611
1784.97 1403.73 3619
1778.8 1403.73 3619
1772.63 1403.73 3619
1766.46 1403.73 3619
1760.29 1403.73 3619
1750.24 1400.63 3611
1736.36 1394.42 3595
1726.86 1391.7 3588
1720.75 1391.7 3588
1714.63 1391.7 3588
1708.51 1391.7 3588
1709.51 1397.52 3603
1707.15 1400.63 3611
1701 1400.63 3611
1702.35 1406.83 3627
1696.17 1406.83 3627
1696.97 1412.65 3642
1690.77 1412.65 3642
1688.26 1415.75 3650
1682.04 1415.75 3650
1675.81 1415.75 3650
1669.59 1415.75 3650
1645.6 1400.63 3611
1621.73 1385.5 3572
1615.64 1385.5 3572
1599.19 1376.58 3549
1583.26 1368.04 3527
1577.25 1368.04 3527
1571.24 1368.04 3527
1565.23 1368.04 3527
1559.21 1368.04 3527
1546.6 1362.23 3512
1540.61 1362.23 3512
1528.07 1356.41 3497
1512.97 1348.26 3476
1494.47 1337.01 3447
1494.64 1342.44 3461
1488.74 1342.44 3461
1489.26 1348.26 3476
1489.31 1353.69 3490
1483.36 1353.69 3490
1477.41 1353.69 3490
1477.79 1359.51 3505
1481.05 1368.04 3527
1481.31 1373.86 3542
1475.27 1373.86 3542
1469.23 1373.86 3542
1466.09 1376.58 3549
1460.04 1376.58 3549
1453.99 1376.58 3549
1451.2 1379.68 3557
1448.39 1382.78 3565
1445.14 1385.5 3572
1439.05 1385.5 3572
1445.4 1397.52 3603
1442.45 1400.63 3611
1436.3 1400.63 3611
1430.14 1400.63 3611
1420.83 1397.52 3603
1408.8 1391.7 3588
1402.68 1391.7 3588
1393.45 1388.6 3580
1384.25 1385.5 3572
1378.16 1385.5 3572
1372.07 1385.5 3572
1365.98 1385.5 3572
1359.89 1385.5 3572
1353.8 1385.5 3572
1347.71 1385.5 3572
1341.62 1385.5 3572
1335.53 1385.5 3572
1329.44 1385.5 3572
1323.35 1385.5 3572
1317.27 1385.5 3572
1305.67 1379.68 3557
1296.68 1376.58 3549
1290.63 1376.58 3549
1282.05 1373.86 3542
1276.01 1373.86 3542
1272.48 1376.58 3549
1269.29 1379.68 3557
1263.22 1379.68 3557
1257.16 1379.68 3557
1251.1 1379.68 3557
1245.03 1379.68 3557
1238.97 1379.68 3557
1227.71 1373.86 3542
1216.49 1368.04 3527
1210.48 1368.04 3527
1204.47 1368.04 3527
1193.36 1362.23 3512
1187.37 1362.23 3512
1181.38 1362.23 3512
1175.4 1362.23 3512
1164.42 1356.41 3497
1156.14 1353.69 3490
1152.49 1356.41 3497
1146.53 1356.41 3497
1140.57 1356.41 3497
1134.61 1356.41 3497
1128.65 1356.41 3497
1120.44 1353.69 3490
1112.25 1350.98 3483
1101.55 1345.16 3468
1089 1337.01 3447
1083.13 1337.01 3447
1061.94 1318.01 3398
1056.15 1318.01 3398
412.295 1167.9 3011
410.137 1176.43 3033
404.966 1176.43 3033
406.518 1196.21 3084
401.912 1198.15 3089
396.646 1198.15 3089
391.38 1198.15 3089
384.739 1193.89 3078
380.231 1196.21 3084
377.041 1202.81 3101
371.754 1202.81 3101
368.477 1209.4 3118
363.162 1209.4 3118
357.846 1209.4 3118
351.287 1205.14 3107
345.99 1205.14 3107
340.694 1205.14 3107
335.397 1205.14 3107
330.1 1205.14 3107
325.327 1207.07 3112
320.638 1209.4 3118
315.323 1209.4 3118
310.008 1209.4 3118
304.692 1209.4 3118
299.377 1209.4 3118
294.061 1209.4 3118
288.19 1207.07 3112
282.885 1207.07 3112
277.134 1205.14 3107
271.837 1205.14 3107
266.541 1205.14 3107
261.244 1205.14 3107
255.453 1202.81 3101
250.167 1202.81 3101
244.88 1202.81 3101
239.594 1202.81 3101
234.307 1202.81 3101
229.021 1202.81 3101
223.302 1200.48 3095
218.025 1200.48 3095
212.749 1200.48 3095
207.473 1200.48 3095
202.589 1202.81 3101
197.302 1202.81 3101
192.016 1202.81 3101
186.368 1200.48 3095
180.741 1198.15 3089
175.475 1198.15 3089
170.209 1198.15 3089
164.943 1198.15 3089
159.677 1198.15 3089
154.161 1196.21 3084
148.904 1196.21 3084
143.879 1198.15 3089
138.613 1198.15 3089
133.865 1202.81 3101
128.828 1205.14 3107
123.531 1205.14 3107
118.234 1205.14 3107
112.72 1202.81 3101
107.433 1202.81 3101
102.147 1202.81 3101
-144.102 171.054 441
-144.854 171.054 441
-145.606 171.054 441
-146.357 171.054 441
-147.109 171.054 441
-147.861 171.054 441
-168.768 185.793 479
-169.584 185.793 479
-170.401 185.793 479
-171.217 185.793 479
-172.034 185.793 479
-173.211 186.181 480
-174.03 186.181 480
-174.848 186.181 480
-175.666 186.181 480
-176.852 186.569 481
-177.672 186.569 481
-178.492 186.569 481
-179.312 186.569 481
-180.506 186.957 482
-181.328 186.957 482
-182.15 186.957 482
-182.972 186.957 482
-184.175 187.345 483
-184.998 187.345 483
-185.821 187.345 483
-186.645 187.345 483
-187.468 187.345 483
-188.292 187.345 483
-189.506 187.733 484
-190.332 187.733 484
-191.157 187.733 484
-191.982 187.733 484
-1030.13 902.591 2327
-1034.09 902.591 2327
-1038.06 902.591 2327
-1042.03 902.591 2327
-1042.85 899.876 2320
-1046.8 899.876 2320
-1048.04 897.549 2314
-1050.62 896.385 2311
-1052.74 894.833 2307
-1056.67 894.833 2307
-1062.44 896.385 2311
-1066.38 896.385 2311
-1070.32 896.385 2311
-1074.26 896.385 2311
-1078.2 896.385 2311
-1080.27 894.833 2307
-1084.2 894.833 2307
-1088.13 894.833 2307
-1092.06 894.833 2307
-1094.57 893.67 2304
-1098.5 893.67 2304
-1100.99 892.506 2301
-1104.92 892.506 2301
-1108.84 892.506 2301
-1111.31 891.343 2298
-1113.77 890.179 2295
-1116.22 889.015 2292
-1120.13 889.015 2292
-1124.04 889.015 2292
-1127.94 889.015 2292
-1129.88 887.464 2288
-1130.8 885.136 2282
-1130.22 881.646 2273
-1134.09 881.646 2273
-1134.96 879.318 2267
-1130.79 873.112 2251
-1128.58 868.458 2239
-1126.33 863.803 2227
-1130.12 863.803 2227
-1132.39 862.64 2224
-1130.57 858.373 2213
-1126.65 852.555 2198
-1130.4 852.555 2198
1953.87 1412.61 3658
1947.63 1412.61 3658
1941.4 1412.61 3658
1948.39 1422.27 3683
1942.11 1422.27 3683
1935.83 1422.27 3683
1929.55 1422.27 3683
1923.27 1422.27 3683
1895.65 1406.44 3642
1889.44 1406.44 3642
1887.37 1409.53 3650
1881.15 1409.53 3650
1874.93 1409.53 3650
1864.61 1406.44 3642
1854.83 1403.73 3635
1840.5 1397.55 3619
1834.33 1397.55 3619
1828.16 1397.55 3619
1821.99 1397.55 3619
1815.82 1397.55 3619
1809.65 1397.55 3619
1803.48 1397.55 3619
1808.73 1406.44 3642
1802.52 1406.44 3642
1796.31 1406.44 3642
1790.11 1406.44 3642
1783.9 1406.44 3642
1777.69 1406.44 3642
1771.48 1406.44 3642
1761.88 1403.73 3635
1747.95 1397.55 3619
1737.93 1394.46 3611
1735.61 1397.55 3619
1729.44 1397.55 3619
1723.28 1397.55 3619
1731.81 1409.53 3650
1737.41 1419.18 3675
1731.15 1419.18 3675
1732.39 1425.36 3691
1726.1 1425.36 3691
1719.81 1425.36 3691
1713.51 1425.36 3691
1707.22 1425.36 3691
1700.93 1425.36 3691
1694.64 1425.36 3691
1681.03 1419.18 3675
1663.37 1409.53 3650
1635.81 1391.38 3603
1629.67 1391.38 3603
1609.55 1379.4 3572
1600.32 1376.7 3565
1594.25 1376.7 3565
1588.17 1376.7 3565
1582.09 1376.7 3565
1576.01 1376.7 3565
1566.41 1373.61 3557
1560.35 1373.61 3557
1544.23 1364.73 3534
1528.63 1356.23 3512
1516.14 1350.44 3497
1513.64 1353.53 3505
1507.66 1353.53 3505
1504.69 1356.23 3512
1505.1 1362.03 3527
1499.09 1362.03 3527
1493.07 1362.03 3527
1487.06 1362.03 3527
1487.35 1367.82 3542
1487.58 1373.61 3557
1481.52 1373.61 3557
1481.68 1379.4 3572
1478.89 1382.49 3580
1472.79 1382.49 3580
1466.69 1382.49 3580
1460.58 1382.49 3580
1454.48 1382.49 3580
1454.45 1388.29 3595
1448.32 1388.29 3595
1445.4 1391.38 3603
1442.45 1394.46 3611
1436.3 1394.46 3611
1430.14 1394.46 3611
1420.83 1391.38 3603
1408.8 1385.58 3588
1402.68 1385.58 3588
1393.45 1382.49 3580
1384.25 1379.4 3572
1378.16 1379.4 3572
1372.07 1379.4 3572
1365.98 1379.4 3572
1359.89 1379.4 3572
1353.8 1379.4 3572
1347.71 1379.4 3572
1341.62 1379.4 3572
1335.53 1379.4 3572
1329.44 1379.4 3572
1323.35 1379.4 3572
1317.27 1379.4 3572
1305.67 1373.61 3557
1296.68 1370.52 3549
1290.63 1370.52 3549
1282.05 1367.82 3542
1284.3 1376.7 3565
1278.22 1376.7 3565
1272.14 1376.7 3565
1266.06 1376.7 3565
1259.99 1376.7 3565
1253.91 1376.7 3565
1247.83 1376.7 3565
1241.75 1376.7 3565
1227.71 1367.82 3542
1218.91 1364.73 3534
1212.88 1364.73 3534
1206.86 1364.73 3534
1198.46 1362.03 3527
1192.44 1362.03 3527
1186.43 1362.03 3527
1175.4 1356.23 3512
1164.42 1350.44 3497
1158.45 1350.44 3497
1152.49 1350.44 3497
1146.53 1350.44 3497
1140.57 1350.44 3497
1134.61 1350.44 3497
1128.65 1350.44 3497
1122.68 1350.44 3497
1114.49 1347.74 3490
1104.09 1342.33 3476
1098.17 1342.33 3476
1085.33 1333.84 3454
1061.94 1312.21 3398
1056.15 1312.21 3398
410.137 1171.26 3033
404.966 1171.26 3033
405.728 1188.64 3078
401.261 1190.95 3084
396.004 1190.95 3084
390.746 1190.95 3084
384.739 1188.64 3078
380.231 1190.95 3084
377.041 1197.52 3101
372.474 1199.83 3107
369.186 1206.4 3124
363.86 1206.4 3124
358.535 1206.4 3124
351.852 1201.77 3112
346.547 1201.77 3112
341.242 1201.77 3112
335.397 1199.83 3107
330.632 1201.77 3112
325.954 1204.08 3118
320.638 1204.08 3118
315.323 1204.08 3118
311.201 1208.72 3130
305.865 1208.72 3130
300.529 1208.72 3130
294.627 1206.4 3124
289.302 1206.4 3124
282.885 1201.77 3112
277.58 1201.77 3112
272.275 1201.77 3112
266.97 1201.77 3112
261.244 1199.83 3107
256.359 1201.77 3112
251.054 1201.77 3112
245.749 1201.77 3112
240.057 1199.83 3107
234.761 1199.83 3107
229.464 1199.83 3107
224.167 1199.83 3107
218.448 1197.52 3101
213.162 1197.52 3101
207.875 1197.52 3101
202.589 1197.52 3101
197.302 1197.52 3101
192.016 1197.52 3101
186.368 1195.2 3095
180.741 1192.88 3089
175.475 1192.88 3089
170.209 1192.88 3089
164.943 1192.88 3089
159.677 1192.88 3089
154.161 1190.95 3084
148.904 1190.95 3084
143.879 1192.88 3089
138.613 1192.88 3089
133.865 1197.52 3101
128.828 1199.83 3107
123.531 1199.83 3107
118.234 1199.83 3107
112.72 1197.52 3101
107.433 1197.52 3101
102.147 1197.52 3101
-144.102 170.302 441
-144.854 170.302 441
-145.606 170.302 441
-146.357 170.302 441
-147.109 170.302 441
-147.861 170.302 441
-168.768 184.976 479
-169.584 184.976 479
-170.401 184.976 479
-171.217 184.976 479
-172.034 184.976 479
-173.211 185.362 480
-174.03 185.362 480
-174.848 185.362 480
-175.666 185.362 480
-176.852 185.748 481
-177.672 185.748 481
-178.492 185.748 481
-179.312 185.748 481
-180.506 186.135 482
-181.328 186.135 482
-182.15 186.135 482
-182.972 186.135 482
-184.175 186.521 483
-184.998 186.521 483
-185.821 186.521 483
-186.645 186.521 483
-187.468 186.521 483
-188.292 186.521 483
-189.115 186.521 483
-1034.09 898.621 2327
-1038.06 898.621 2327
-1042.03 898.621 2327
-1042.85 895.918 2320
-1046.8 895.918 2320
-1048.04 893.601 2314
-1043.35 886.263 2295
-1048.63 887.422 2298
-1053.92 888.58 2301
-1059.22 889.739 2304
-1063.15 889.739 2304
-1067.08 889.739 2304
-1071.01 889.739 2304
-1074.93 889.739 2304
-1078.86 889.739 2304
-1082.79 889.739 2304
-1086.72 889.739 2304
-1090.64 889.739 2304
-1093.15 888.58 2301
-1097.07 888.58 2301
-1100.99 888.58 2301
-1103.47 887.422 2298
-1107.39 887.422 2298
-1109.86 886.263 2295
-1113.77 886.263 2295
-1116.22 885.105 2292
-1120.13 885.105 2292
-1124.04 885.105 2292
-1127.94 885.105 2292
-1129.88 883.56 2288
-1130.8 881.243 2282
-1130.22 877.768 2273
-1134.09 877.768 2273
-1134.96 875.451 2267
-1130.79 869.272 2251
-1128.58 864.638 2239
-1126.33 860.004 2227
-1130.12 860.004 2227
-1132.39 858.845 2224
-1130.57 854.597 2213
-1126.65 848.805 2198
-1130.4 848.805 2198
1953.87 1406.37 3658
1947.63 1406.37 3658
1954.67 1415.99 3683
1948.39 1415.99 3683
1942.11 1415.99 3683
1935.83 1415.99 3683
1929.55 1415.99 3683
1923.27 1415.99 3683
1895.65 1400.22 3642
1889.44 1400.22 3642
1887.37 1403.3 3650
1881.15 1403.3 3650
1874.93 1403.3 3650
1864.61 1400.22 3642
1854.83 1397.53 3635
1840.5 1391.38 3619
1834.33 1391.38 3619
1828.16 1391.38 3619
1821.99 1391.38 3619
1815.82 1391.38 3619
1809.65 1391.38 3619
1803.48 1391.38 3619
1808.73 1400.22 3642
1802.52 1400.22 3642
1796.31 1400.22 3642
1790.11 1400.22 3642
1783.9 1400.22 3642
1777.69 1400.22 3642
1771.48 1400.22 3642
1761.88 1397.53 3635
1755.68 1397.53 3635
1749.48 1397.53 3635
1746.64 1400.22 3642
1740.44 1400.22 3642
1738.04 1403.3 3650
1743.68 1412.91 3675
1748.76 1422.14 3699
1742.45 1422.14 3699
1744.12 1428.67 3716
1737.79 1428.67 3716
1731.45 1428.67 3716
1725.12 1428.67 3716
1718.79 1428.67 3716
1708.3 1425.21 3707
1701.98 1425.21 3707
1692 1422.14 3699
1671.12 1409.83 3667
1639.44 1388.3 3611
1633.28 1388.3 3611
1623.52 1385.23 3603
1610.65 1379.46 3588
1607.66 1382.15 3595
1601.53 1382.15 3595
1595.4 1382.15 3595
1589.28 1382.15 3595
1580.06 1379.46 3588
1573.95 1379.46 3588
1557.78 1370.62 3565
1544.74 1364.47 3549
1535.65 1361.78 3542
1529.62 1361.78 3542
1520.14 1358.7 3534
1514.11 1358.7 3534
1511.5 1361.78 3542
1508.44 1364.47 3549
1502.39 1364.47 3549
1496.34 1364.47 3549
1499.95 1373.31 3572
1493.86 1373.31 3572
1487.77 1373.31 3572
1485 1376.39 3580
1478.89 1376.39 3580
1472.79 1376.39 3580
1466.69 1376.39 3580
1466.7 1382.15 3595
1463.83 1385.23 3603
1457.68 1385.23 3603
1451.54 1385.23 3603
1451.82 1391.38 3619
1448.84 1394.46 3627
1442.66 1394.46 3627
1436.48 1394.46 3627
1430.29 1394.46 3627
1414.69 1385.23 3603
1408.55 1385.23 3603
1399.29 1382.15 3595
1393.16 1382.15 3595
1387.03 1382.15 3595
1380.9 1382.15 3595
1374.78 1382.15 3595
1368.65 1382.15 3595
1362.52 1382.15 3595
1356.39 1382.15 3595
1350.26 1382.15 3595
1344.13 1382.15 3595
1335.4 1379.46 3588
1329.28 1379.46 3588
1323.17 1379.46 3588
1311.18 1373.31 3572
1302.53 1370.62 3565
1296.45 1370.62 3565
1290.37 1370.62 3565
1284.3 1370.62 3565
1278.22 1370.62 3565
1272.14 1370.62 3565
1266.06 1370.62 3565
1259.99 1370.62 3565
1253.91 1370.62 3565
1247.83 1370.62 3565
1241.75 1370.62 3565
1227.71 1361.78 3542
1218.91 1358.7 3534
1212.88 1358.7 3534
1206.86 1358.7 3534
1198.46 1356.01 3527
1192.44 1356.01 3527
1186.43 1356.01 3527
1175.4 1350.24 3512
1164.42 1344.48 3497
1158.45 1344.48 3497
1152.49 1344.48 3497
1146.53 1344.48 3497
1140.57 1344.48 3497
1134.61 1344.48 3497
1128.65 1344.48 3497
1122.68 1344.48 3497
1114.49 1341.78 3490
1104.09 1336.4 3476
1098.17 1336.4 3476
1085.33 1327.94 3454
1061.94 1306.41 3398
1056.15 1306.41 3398
410.137 1166.08 3033
404.966 1166.08 3033
405.728 1183.38 3078
401.261 1185.69 3084
396.004 1185.69 3084
390.746 1185.69 3084
384.739 1183.38 3078
380.231 1185.69 3084
377.041 1192.23 3101
372.474 1194.53 3107
369.186 1201.07 3124
363.86 1201.07 3124
358.535 1201.07 3124
353.209 1201.07 3124
347.883 1201.07 3124
342.558 1201.07 3124
335.937 1196.46 3112
331.269 1198.76 3118
325.954 1198.76 3118
321.872 1203.38 3130
316.536 1203.38 3130
311.201 1203.38 3130
305.865 1203.38 3130
300.529 1203.38 3130
295.193 1203.38 3130
289.857 1203.38 3130
283.976 1201.07 3124
278.65 1201.07 3124
273.325 1201.07 3124
267.484 1198.76 3118
262.169 1198.76 3118
256.853 1198.76 3118
251.538 1198.76 3118
246.223 1198.76 3118
240.907 1198.76 3118
235.592 1198.76 3118
229.833 1196.46 3112
224.528 1196.46 3112
218.871 1194.53 3107
213.574 1194.53 3107
208.277 1194.53 3107
202.981 1194.53 3107
197.684 1194.53 3107
192.388 1194.53 3107
186.73 1192.23 3101
181.092 1189.92 3095
175.816 1189.92 3095
170.54 1189.92 3095
164.943 1187.61 3089
159.677 1187.61 3089
154.161 1185.69 3084
148.904 1185.69 3084
143.879 1187.61 3089
138.613 1187.61 3089
133.865 1192.23 3101
129.035 1196.46 3112
123.73 1196.46 3112
118.425 1196.46 3112
112.938 1194.53 3107
107.641 1194.53 3107
-168.768 184.159 479
-169.584 184.159 479
-170.401 184.159 479
-171.217 184.159 479
-172.393 184.543 480
-173.211 184.543 480
-174.03 184.543 480
-174.848 184.543 480
-175.666 184.543 480
-176.852 184.928 481
-177.672 184.928 481
-178.492 184.928 481
-179.312 184.928 481
-180.506 185.312 482
-181.328 185.312 482
-182.15 185.312 482
-182.972 185.312 482
-184.175 185.697 483
-184.998 185.697 483
-185.821 185.697 483
-186.645 185.697 483
-187.468 185.697 483
-188.292 185.697 483
-189.115 185.697 483
-1041.2 900.802 2343
-1045.2 900.802 2343
-1049.19 900.802 2343
-1048.69 896.958 2333
-1052.67 896.958 2333
-1049.4 890.806 2317
-1050.62 888.499 2311
-1052.74 886.961 2307
-1056.67 886.961 2307
-1060.6 886.961 2307
-1063.15 885.808 2304
-1067.08 885.808 2304
-1071.01 885.808 2304
-1074.93 885.808 2304
-1078.86 885.808 2304
-1082.79 885.808 2304
-1086.72 885.808 2304
-1090.64 885.808 2304
-1093.15 884.655 2301
-1097.07 884.655 2301
-1100.99 884.655 2301
-1103.47 883.501 2298
-1105.95 882.348 2295
-1108.41 881.194 2292
-1112.32 881.194 2292
-1114.27 879.657 2288
-1118.18 879.657 2288
-1122.08 879.657 2288
-1125.98 879.657 2288
-1126.91 877.35 2282
-1129.32 876.196 2279
-1130.22 873.89 2273
-1134.09 873.89 2273
-1131.96 869.276 2261
-1130.79 865.431 2251
-1128.58 860.818 2239
-1126.33 856.204 2227
-1130.12 856.204 2227
-1129.34 852.744 2218
-1129.03 849.668 2210
-1125.11 843.901 2195
-1128.85 843.901 2195
1935.39 1391.33 3635
1958.91 1412.76 3691
1952.62 1412.76 3691
1946.33 1412.76 3691
1935.83 1409.7 3683
1929.55 1409.7 3683
1923.27 1409.7 3683
1916.99 1409.7 3683
1893.59 1397.07 3650
1887.37 1397.07 3650
1881.15 1397.07 3650
1874.93 1397.07 3650
1868.71 1397.07 3650
1854.83 1391.33 3635
1840.5 1385.21 3619
1834.33 1385.21 3619
1828.16 1385.21 3619
1821.99 1385.21 3619
1819.83 1388.27 3627
1821.15 1394.01 3642
1814.94 1394.01 3642
1812.7 1397.07 3650
1810.44 1400.13 3658
1804.21 1400.13 3658
1797.97 1400.13 3658
1791.73 1400.13 3658
1785.5 1400.13 3658
1779.26 1400.13 3658
1769.15 1397.07 3650
1755.68 1391.33 3635
1749.48 1391.33 3635
1746.64 1394.01 3642
1740.44 1394.01 3642
1738.04 1397.07 3650
1743.68 1406.64 3675
1748.76 1415.83 3699
1742.45 1415.83 3699
1744.12 1422.33 3716
1737.79 1422.33 3716
1731.45 1422.33 3716
1725.12 1422.33 3716
1718.79 1422.33 3716
1708.3 1418.89 3707
1701.98 1418.89 3707
1692 1415.83 3699
1671.12 1403.58 3667
1639.44 1382.14 3611
1633.28 1382.14 3611
1623.52 1379.08 3603
1610.65 1373.34 3588
1607.66 1376.02 3595
1605.1 1379.08 3603
1598.95 1379.08 3603
1592.81 1379.08 3603
1583.15 1376.02 3595
1577.02 1376.02 3595
1567.83 1373.34 3588
1551.7 1364.54 3565
1538.69 1358.41 3549
1532.64 1358.41 3549
1523.58 1355.73 3542
1517.54 1355.73 3542
1514.49 1358.41 3549
1515.24 1364.54 3565
1509.16 1364.54 3565
1506.04 1367.22 3572
1499.95 1367.22 3572
1497.2 1370.28 3580
1491.1 1370.28 3580
1494.54 1379.08 3603
1488.39 1379.08 3603
1482.25 1379.08 3603
1476.11 1379.08 3603
1469.97 1379.08 3603
1467.08 1382.14 3611
1467.39 1388.27 3627
1461.21 1388.27 3627
1455.03 1388.27 3627
1452.04 1391.33 3635
1445.84 1391.33 3635
1439.65 1391.33 3635
1433.45 1391.33 3635
1424.11 1388.27 3627
1417.93 1388.27 3627
1405.52 1382.14 3611
1399.36 1382.14 3611
1393.21 1382.14 3611
1387.05 1382.14 3611
1377.83 1379.08 3603
1371.69 1379.08 3603
1365.55 1379.08 3603
1359.41 1379.08 3603
1350.26 1376.02 3595
1344.13 1376.02 3595
1338 1376.02 3595
1331.88 1376.02 3595
1325.75 1376.02 3595
1317.05 1373.34 3588
1305.09 1367.22 3572
1299 1367.22 3572
1292.91 1367.22 3572
1286.82 1367.22 3572
1278.22 1364.54 3565
1274.64 1367.22 3572
1268.55 1367.22 3572
1262.46 1367.22 3572
1256.37 1367.22 3572
1250.28 1367.22 3572
1241.75 1364.54 3565
1230.13 1358.41 3549
1221.67 1355.73 3542
1215.63 1355.73 3542
1209.59 1355.73 3542
1200.83 1352.67 3534
1194.81 1352.67 3534
1188.78 1352.67 3534
1180.42 1349.99 3527
1169.41 1344.25 3512
1161.1 1341.57 3505
1157.44 1344.25 3512
1151.45 1344.25 3512
1145.46 1344.25 3512
1137.2 1341.57 3505
1131.23 1341.57 3505
1125.25 1341.57 3505
1114.49 1335.83 3490
1104.09 1330.47 3476
1098.17 1330.47 3476
1085.33 1322.05 3454
1061.94 1300.62 3398
1056.15 1300.62 3398
393.821 1173.92 3067
388.592 1173.92 3067
383.364 1173.92 3067
378.752 1175.84 3072
373.515 1175.84 3072
372.474 1189.23 3107
369.186 1195.74 3124
363.86 1195.74 3124
358.535 1195.74 3124
353.209 1195.74 3124
347.883 1195.74 3124
342.558 1195.74 3124
335.937 1191.15 3112
331.269 1193.44 3118
327.208 1198.04 3130
322.489 1200.33 3136
317.143 1200.33 3136
311.797 1200.33 3136
306.451 1200.33 3136
301.105 1200.33 3136
295.759 1200.33 3136
290.413 1200.33 3136
285.067 1200.33 3136
279.721 1200.33 3136
273.85 1198.04 3130
268.514 1198.04 3130
263.178 1198.04 3130
257.842 1198.04 3130
252.022 1195.74 3124
246.223 1193.44 3118
240.907 1193.44 3118
235.592 1193.44 3118
230.276 1193.44 3118
224.961 1193.44 3118
219.223 1191.15 3112
213.918 1191.15 3112
208.613 1191.15 3112
202.981 1189.23 3107
197.684 1189.23 3107
192.388 1189.23 3107
187.091 1189.23 3107
181.092 1184.64 3095
175.816 1184.64 3095
170.54 1184.64 3095
165.263 1184.64 3095
159.987 1184.64 3095
154.161 1180.43 3084
148.904 1180.43 3084
143.646 1180.43 3084
138.613 1182.34 3089
134.124 1189.23 3107
129.035 1191.15 3112
123.73 1191.15 3112
118.425 1191.15 3112
112.938 1189.23 3107
107.641 1189.23 3107
-168.768 183.342 479
-169.938 183.724 480
-170.756 183.724 480
-171.575 183.724 480
-172.393 183.724 480
-173.211 183.724 480
-174.03 183.724 480
-174.848 183.724 480
-175.666 183.724 480
-176.852 184.107 481
-177.672 184.107 481
-178.492 184.107 481
-179.312 184.107 481
-180.506 184.49 482
-181.328 184.49 482
-182.15 184.49 482
-182.972 184.49 482
-184.175 184.873 483
-184.998 184.873 483
-185.821 184.873 483
-1042.54 897.953 2346
-1046.54 897.953 2346
-1050.54 897.953 2346
-1053.19 896.805 2343
-1057.18 896.805 2343
-1049.4 886.853 2317
-1050.62 884.557 2311
-1052.74 883.026 2307
-1056.67 883.026 2307
-1060.6 883.026 2307
-1063.15 881.877 2304
-1067.08 881.877 2304
-1071.01 881.877 2304
-1073.53 880.729 2301
-1077.46 880.729 2301
-1081.38 880.729 2301
-1085.3 880.729 2301
-1089.22 880.729 2301
-1091.72 879.581 2298
-1095.64 879.581 2298
-1099.56 879.581 2298
-1102.03 878.432 2295
-1104.5 877.284 2292
-1106.47 875.753 2288
-1110.37 875.753 2288
-1114.27 875.753 2288
-1115.24 873.456 2282
-1119.13 873.456 2282
-1123.02 873.456 2282
-1125.43 872.308 2279
-1126.34 870.012 2273
-1127.24 867.715 2267
-1131.1 867.715 2267
-1128.46 862.739 2254
-1127.78 859.294 2245
-1124.04 853.553 2230
-1127.85 853.553 2230
-1127.08 850.108 2221
-1129.34 848.96 2218
-1129.03 845.898 2210
-1125.11 840.156 2195
-1128.85 840.156 2195
1935.39 1385.13 3635
1958.91 1406.47 3691
1952.62 1406.47 3691
1946.33 1406.47 3691
1935.83 1403.42 3683
1929.55 1403.42 3683
1923.27 1403.42 3683
1916.99 1403.42 3683
1897.74 1393.89 3658
1891.51 1393.89 3658
1885.27 1393.89 3658
1879.04 1393.89 3658
1868.71 1390.84 3650
1858.4 1387.8 3642
1852.19 1387.8 3642
1834.33 1379.03 3619
1828.16 1379.03 3619
1826.01 1382.08 3627
1823.85 1385.13 3635
1821.15 1387.8 3642
1814.94 1387.8 3642
1816.68 1393.89 3658
1814.9 1397.32 3667
1808.64 1397.32 3667
1802.39 1397.32 3667
1796.14 1397.32 3667
1785.5 1393.89 3658
1779.26 1393.89 3658
1773.03 1393.89 3658
1762.93 1390.84 3650
1752.85 1387.8 3642
1746.64 1387.8 3642
1740.44 1387.8 3642
1738.04 1390.84 3650
1751.27 1406.47 3691
1752.54 1412.56 3707
1746.22 1412.56 3707
1747.88 1419.04 3724
1741.53 1419.04 3724
1735.18 1419.04 3724
1728.83 1419.04 3724
1722.49 1419.04 3724
1712.45 1415.99 3716
1706.12 1415.99 3716
1692 1409.52 3699
1674.76 1400.37 3675
1646.7 1382.08 3627
1640.52 1382.08 3627
1627.13 1375.98 3611
1617.38 1372.93 3603
1611.24 1372.93 3603
1605.1 1372.93 3603
1598.95 1372.93 3603
1592.81 1372.93 3603
1583.15 1369.89 3595
1577.02 1369.89 3595
1567.83 1367.22 3588
1551.7 1358.45 3565
1538.69 1352.36 3549
1532.64 1352.36 3549
1523.58 1349.69 3542
1517.54 1349.69 3542
1514.49 1352.36 3549
1515.24 1358.45 3565
1509.16 1358.45 3565
1506.04 1361.12 3572
1499.95 1361.12 3572
1497.2 1364.17 3580
1491.1 1364.17 3580
1494.54 1372.93 3603
1488.39 1372.93 3603
1482.25 1372.93 3603
1476.11 1372.93 3603
1469.97 1372.93 3603
1467.08 1375.98 3611
1470.63 1385.13 3635
1464.43 1385.13 3635
1464.25 1390.84 3650
1461.23 1393.89 3658
1454.99 1393.89 3658
1448.76 1393.89 3658
1442.52 1393.89 3658
1427.25 1385.13 3635
1421.06 1385.13 3635
1411.75 1382.08 3627
1402.46 1379.03 3619
1396.29 1379.03 3619
1390.12 1379.03 3619
1380.89 1375.98 3611
1374.74 1375.98 3611
1368.58 1375.98 3611
1362.43 1375.98 3611
1353.27 1372.93 3603
1347.12 1372.93 3603
1338 1369.89 3595
1331.88 1369.89 3595
1325.75 1369.89 3595
1317.05 1367.22 3588
1308.01 1364.17 3580
1301.91 1364.17 3580
1295.8 1364.17 3580
1286.82 1361.12 3572
1280.73 1361.12 3572
1274.64 1361.12 3572
1268.55 1361.12 3572
1262.46 1361.12 3572
1256.37 1361.12 3572
1250.28 1361.12 3572
1244.19 1361.12 3572
1232.9 1355.41 3557
1224.08 1352.36 3549
1218.03 1352.36 3549
1209.59 1349.69 3542
1203.55 1349.69 3542
1197.51 1349.69 3542
1191.48 1349.69 3542
1182.76 1346.64 3534
1174.4 1343.97 3527
1166.07 1341.31 3520
1160.07 1341.31 3520
1154.07 1341.31 3520
1145.46 1338.26 3512
1139.47 1338.26 3512
1133.49 1338.26 3512
1125.25 1335.59 3505
1116.72 1332.54 3497
1104.09 1324.54 3476
1098.17 1324.54 3476
1085.33 1316.16 3454
1061.94 1294.82 3398
1056.15 1294.82 3398
381.239 1162.21 3050
377.396 1166.4 3061
372.177 1166.4 3061
371.754 1181.65 3101
369.186 1190.41 3124
363.86 1190.41 3124
358.535 1190.41 3124
353.209 1190.41 3124
347.883 1190.41 3124
342.558 1190.41 3124
335.937 1185.84 3112
331.269 1188.12 3118
327.208 1192.7 3130
322.489 1194.98 3136
317.143 1194.98 3136
311.797 1194.98 3136
306.451 1194.98 3136
301.105 1194.98 3136
295.759 1194.98 3136
290.413 1194.98 3136
285.067 1194.98 3136
279.721 1194.98 3136
273.85 1192.7 3130
268.514 1192.7 3130
263.178 1192.7 3130
257.842 1192.7 3130
252.022 1190.41 3124
246.223 1188.12 3118
240.907 1188.12 3118
235.592 1188.12 3118
230.276 1188.12 3118
224.961 1188.12 3118
219.223 1185.84 3112
213.918 1185.84 3112
208.613 1185.84 3112
203.307 1185.84 3112
198.002 1185.84 3112
192.697 1185.84 3112
187.091 1183.93 3107
181.794 1183.93 3107
176.157 1181.65 3101
170.87 1181.65 3101
165.584 1181.65 3101
160.297 1181.65 3101
154.711 1179.36 3095
149.435 1179.36 3095
143.879 1177.07 3089
139.152 1181.65 3101
134.124 1183.93 3107
129.035 1185.84 3112
123.73 1185.84 3112
118.425 1185.84 3112
113.119 1185.84 3112
107.814 1185.84 3112
-168.768 182.524 479
-169.938 182.905 480
-170.756 182.905 480
-171.575 182.905 480
-172.393 182.905 480
-173.211 182.905 480
-174.03 182.905 480
-174.848 182.905 480
-175.666 182.905 480
-176.484 182.905 480
-177.303 182.905 480
-178.492 183.287 481
-179.312 183.287 481
-180.506 183.668 482
-181.328 183.668 482
-182.15 183.668 482
-182.972 183.668 482
-183.793 183.668 482
-1046.98 897.761 2356
-1051 897.761 2356
-1055.01 897.761 2356
-1054.54 893.951 2346
-1058.53 893.951 2346
-1052.12 885.186 2323
-1051.99 881.757 2314
-1054.56 880.614 2311
-1058.5 880.614 2311
-1062.44 880.614 2311
-1063.15 877.946 2304
-1067.08 877.946 2304
-1071.01 877.946 2304
-1073.53 876.803 2301
-1077.46 876.803 2301
-1081.38 876.803 2301
-1085.3 876.803 2301
-1089.22 876.803 2301
-1091.72 875.66 2298
-1095.64 875.66 2298
-1099.56 875.66 2298
-1102.03 874.517 2295
-1104.5 873.374 2292
-1106.47 871.849 2288
-1110.37 871.849 2288
-1109.89 868.42 2279
-1113.78 868.42 2279
-1116.19 867.277 2276
-1120.07 867.277 2276
-1122.47 866.134 2273
-1123.37 863.847 2267
-1122.26 860.037 2257
-1126.11 860.037 2257
-1126.95 857.751 2251
-1126.27 854.321 2242
-1124.04 849.748 2230
-1127.85 849.748 2230
-1127.08 846.319 2221
-1127.81 844.033 2215
-1127.5 840.984 2207
-1131.26 840.984 2207
-1127.31 835.268 2192
1958.91 1400.17 3691
1952.62 1400.17 3691
1946.33 1400.17 3691
1935.83 1397.14 3683
1929.55 1397.14 3683
1923.27 1397.14 3683
1916.99 1397.14 3683
1897.74 1387.65 3658
1896.16 1391.07 3667
1889.91 1391.07 3667
1883.66 1391.07 3667
1877.41 1391.07 3667
1858.4 1381.58 3642
1852.19 1381.58 3642
1838.38 1375.89 3627
1828.16 1372.86 3619
1826.01 1375.89 3627
1823.85 1378.93 3635
1821.15 1381.58 3642
1814.94 1381.58 3642
1821.15 1391.07 3667
1814.9 1391.07 3667
1808.64 1391.07 3667
1802.39 1391.07 3667
1796.14 1391.07 3667
1789.89 1391.07 3667
1779.26 1387.65 3658
1773.03 1387.65 3658
1762.93 1384.62 3650
1752.85 1381.58 3642
1746.64 1381.58 3642
1740.44 1381.58 3642
1738.04 1384.62 3650
1751.27 1400.17 3691
1752.54 1406.24 3707
1746.22 1406.24 3707
1747.88 1412.69 3724
1741.53 1412.69 3724
1735.18 1412.69 3724
1728.83 1412.69 3724
1722.49 1412.69 3724
1712.45 1409.65 3716
1706.12 1409.65 3716
1695.66 1406.24 3707
1678.41 1397.14 3683
1646.7 1375.89 3627
1640.52 1375.89 3627
1627.13 1369.82 3611
1617.38 1366.79 3603
1611.24 1366.79 3603
1605.1 1366.79 3603
1598.95 1366.79 3603
1592.81 1366.79 3603
1583.15 1363.75 3595
1577.02 1363.75 3595
1567.83 1361.1 3588
1551.7 1352.37 3565
1542.16 1349.34 3557
1536.09 1349.34 3557
1523.58 1343.65 3542
1517.54 1343.65 3542
1521.32 1352.37 3565
1518.21 1355.03 3572
1512.12 1355.03 3572
1506.04 1355.03 3572
1499.95 1355.03 3572
1510.17 1369.82 3611
1504.01 1369.82 3611
1497.86 1369.82 3611
1491.7 1369.82 3611
1485.54 1369.82 3611
1479.39 1369.82 3611
1479.76 1375.89 3627
1473.58 1375.89 3627
1470.63 1378.93 3635
1464.43 1378.93 3635
1464.25 1384.62 3650
1461.23 1387.65 3658
1454.99 1387.65 3658
1448.76 1387.65 3658
1442.52 1387.65 3658
1427.25 1378.93 3635
1421.06 1378.93 3635
1411.75 1375.89 3627
1402.46 1372.86 3619
1396.29 1372.86 3619
1390.12 1372.86 3619
1380.89 1369.82 3611
1374.74 1369.82 3611
1368.58 1369.82 3611
1362.43 1369.82 3611
1353.27 1366.79 3603
1347.12 1366.79 3603
1338 1363.75 3595
1331.88 1363.75 3595
1325.75 1363.75 3595
1317.05 1361.1 3588
1308.01 1358.06 3580
1301.91 1358.06 3580
1295.8 1358.06 3580
1289.7 1358.06 3580
1283.6 1358.06 3580
1277.49 1358.06 3580
1271.39 1358.06 3580
1265.29 1358.06 3580
1259.19 1358.06 3580
1253.08 1358.06 3580
1244.19 1355.03 3572
1232.9 1349.34 3557
1224.08 1346.3 3549
1218.03 1346.3 3549
1211.98 1346.3 3549
1203.55 1343.65 3542
1197.51 1343.65 3542
1191.48 1343.65 3542
1185.44 1343.65 3542
1174.4 1337.96 3527
1168.39 1337.96 3527
1162.38 1337.96 3527
1156.37 1337.96 3527
1150.35 1337.96 3527
1139.47 1332.27 3512
1133.49 1332.27 3512
1125.25 1329.61 3505
1116.72 1326.58 3497
1104.09 1318.61 3476
1098.17 1318.61 3476
1085.33 1310.26 3454
1061.94 1289.02 3398
1056.15 1289.02 3398
379.114 1150.56 3033
376.039 1157.01 3050
370.84 1157.01 3050
369.716 1169.91 3084
367.768 1180.53 3112
363.86 1185.08 3124
358.535 1185.08 3124
353.209 1185.08 3124
347.883 1185.08 3124
342.558 1185.08 3124
335.397 1178.63 3107
331.269 1182.8 3118
327.835 1189.63 3136
322.489 1189.63 3136
317.143 1189.63 3136
311.797 1189.63 3136
306.451 1189.63 3136
301.105 1189.63 3136
295.759 1189.63 3136
290.413 1189.63 3136
285.067 1189.63 3136
280.256 1191.91 3142
274.9 1191.91 3142
269.543 1191.91 3142
263.178 1187.36 3130
257.842 1187.36 3130
252.506 1187.36 3130
246.696 1185.08 3124
240.907 1182.8 3118
235.592 1182.8 3118
230.276 1182.8 3118
224.961 1182.8 3118
219.223 1180.53 3112
213.918 1180.53 3112
208.613 1180.53 3112
203.307 1180.53 3112
198.002 1180.53 3112
192.697 1180.53 3112
187.091 1178.63 3107
181.794 1178.63 3107
176.157 1176.36 3101
170.87 1176.36 3101
165.584 1176.36 3101
160.297 1176.36 3101
154.711 1174.08 3095
149.435 1174.08 3095
143.879 1171.8 3089
139.152 1176.36 3101
134.124 1178.63 3107
129.035 1180.53 3112
123.73 1180.53 3112
118.425 1180.53 3112
113.119 1180.53 3112
107.814 1180.53 3112
-168.768 181.707 479
-169.938 182.087 480
-170.756 182.087 480
-171.575 182.087 480
-172.393 182.087 480
-173.211 182.087 480
-174.03 182.087 480
-174.848 182.087 480
-175.666 182.087 480
-176.484 182.087 480
-177.303 182.087 480
-178.492 182.466 481
-179.312 182.466 481
-180.506 182.845 482
-181.328 182.845 482
-182.15 182.845 482
-1046.98 893.742 2356
-1051 893.742 2356
-1055.01 893.742 2356
-1054.54 889.948 2346
-1058.53 889.948 2346
-1052.12 881.223 2323
-1051.99 877.809 2314
-1054.56 876.671 2311
-1058.5 876.671 2311
-1062.44 876.671 2311
-1063.15 874.015 2304
-1067.08 874.015 2304
-1071.01 874.015 2304
-1072.13 871.739 2298
-1076.05 871.739 2298
-1079.97 871.739 2298
-1083.89 871.739 2298
-1087.8 871.739 2298
-1090.3 870.601 2295
-1094.21 870.601 2295
-1098.12 870.601 2295
-1098.67 867.946 2288
-1102.57 867.946 2288
-1103.57 865.67 2282
-1107.46 865.67 2282
-1109.89 864.532 2279
-1113.78 864.532 2279
-1116.19 863.394 2276
-1120.07 863.394 2276
-1122.47 862.256 2273
-1124.86 861.118 2270
-1125.74 858.842 2264
-1129.6 858.842 2264
-1126.95 853.91 2251
-1126.27 850.496 2242
-1124.04 845.944 2230
-1127.85 845.944 2230
-1127.08 842.53 2221
-1127.81 840.254 2215
-1127.5 837.219 2207
-1131.26 837.219 2207
-1127.31 831.529 2192
1948.39 1390.85 3683
1942.11 1390.85 3683
1935.83 1390.85 3683
1929.55 1390.85 3683
1923.27 1390.85 3683
1903.98 1381.41 3658
1897.74 1381.41 3658
1896.16 1384.81 3667
1889.91 1384.81 3667
1883.66 1384.81 3667
1877.41 1384.81 3667
1858.4 1375.37 3642
1852.19 1375.37 3642
1838.38 1369.7 3627
1828.16 1366.68 3619
1826.01 1369.7 3627
1823.85 1372.72 3635
1821.15 1375.37 3642
1814.94 1375.37 3642
1821.15 1384.81 3667
1814.9 1384.81 3667
1808.64 1384.81 3667
1802.39 1384.81 3667
1796.14 1384.81 3667
1793.8 1387.83 3675
1787.53 1387.83 3675
1781.27 1387.83 3675
1775 1387.83 3675
1768.74 1387.83 3675
1750.48 1378.39 3650
1740.44 1375.37 3642
1738.04 1378.39 3650
1751.27 1393.87 3691
1752.54 1399.91 3707
1746.22 1399.91 3707
1751.63 1409.36 3732
1745.27 1409.36 3732
1738.91 1409.36 3732
1732.55 1409.36 3732
1722.49 1406.33 3724
1712.45 1403.31 3716
1706.12 1403.31 3716
1695.66 1399.91 3707
1678.41 1390.85 3683
1650.34 1372.72 3635
1644.14 1372.72 3635
1627.13 1363.66 3611
1617.38 1360.64 3603
1611.24 1360.64 3603
1605.1 1360.64 3603
1598.95 1360.64 3603
1592.81 1360.64 3603
1583.15 1357.62 3595
1577.02 1357.62 3595
1567.83 1354.98 3588
1558.23 1351.95 3580
1542.16 1343.27 3557
1536.09 1343.27 3557
1526.59 1340.25 3549
1520.54 1340.25 3549
1521.32 1346.29 3565
1518.21 1348.93 3572
1512.12 1348.93 3572
1506.04 1348.93 3572
1503.31 1351.95 3580
1510.17 1363.66 3611
1504.01 1363.66 3611
1501.17 1366.68 3619
1495 1366.68 3619
1492.13 1369.7 3627
1485.94 1369.7 3627
1483.02 1372.72 3635
1476.83 1372.72 3635
1479.94 1381.41 3658
1473.7 1381.41 3658
1467.46 1381.41 3658
1468.02 1387.83 3675
1464.94 1390.85 3683
1458.66 1390.85 3683
1452.38 1390.85 3683
1436.28 1381.41 3658
1430.05 1381.41 3658
1420.7 1378.39 3650
1408.66 1372.72 3635
1402.47 1372.72 3635
1396.27 1372.72 3635
1387.01 1369.7 3627
1380.83 1369.7 3627
1371.61 1366.68 3619
1365.45 1366.68 3619
1356.27 1363.66 3611
1350.11 1363.66 3611
1340.98 1360.64 3603
1334.84 1360.64 3603
1328.7 1360.64 3603
1319.62 1357.62 3595
1310.93 1354.98 3588
1304.82 1354.98 3588
1295.8 1351.95 3580
1289.7 1351.95 3580
1283.6 1351.95 3580
1277.49 1351.95 3580
1271.39 1351.95 3580
1265.29 1351.95 3580
1259.19 1351.95 3580
1253.08 1351.95 3580
1244.19 1348.93 3572
1232.9 1343.27 3557
1224.08 1340.25 3549
1218.03 1340.25 3549
1211.98 1340.25 3549
1203.55 1337.6 3542
1197.51 1337.6 3542
1191.48 1337.6 3542
1185.44 1337.6 3542
1174.4 1331.94 3527
1168.39 1331.94 3527
1162.38 1331.94 3527
1156.37 1331.94 3527
1150.35 1331.94 3527
1139.47 1326.27 3512
1133.49 1326.27 3512
1125.25 1323.63 3505
1116.72 1320.61 3497
1104.09 1312.68 3476
1098.17 1312.68 3476
1085.33 1304.37 3454
1061.94 1283.22 3398
1056.15 1283.22 3398
1048.19 1280.58 3391
379.114 1145.38 3033
376.039 1151.8 3050
370.84 1151.8 3050
369.716 1164.64 3084
367.768 1175.22 3112
363.86 1179.75 3124
358.535 1179.75 3124
353.209 1179.75 3124
347.883 1179.75 3124
342.558 1179.75 3124
335.397 1173.33 3107
330.632 1175.22 3112
327.835 1184.28 3136
322.489 1184.28 3136
317.143 1184.28 3136
311.797 1184.28 3136
306.451 1184.28 3136
301.105 1184.28 3136
295.759 1184.28 3136
290.413 1184.28 3136
285.612 1186.55 3142
280.256 1186.55 3142
274.9 1186.55 3142
269.543 1186.55 3142
264.187 1186.55 3142
258.831 1186.55 3142
252.99 1184.28 3136
247.17 1182.02 3130
241.834 1182.02 3130
236.499 1182.02 3130
230.72 1179.75 3124
225.394 1179.75 3124
220.068 1179.75 3124
214.743 1179.75 3124
209.417 1179.75 3124
203.699 1177.48 3118
198.384 1177.48 3118
193.069 1177.48 3118
187.753 1177.48 3118
182.087 1175.22 3112
176.782 1175.22 3112
171.476 1175.22 3112
166.171 1175.22 3112
160.866 1175.22 3112
155.311 1173.33 3107
150.014 1173.33 3107
144.438 1171.06 3101
139.645 1175.22 3112
134.34 1175.22 3112
129.781 1182.02 3130
124.445 1182.02 3130
119.338 1184.28 3136
115.737 1202.41 3184
110.309 1202.41 3184
104.881 1202.41 3184
-169.938 181.268 480
-170.756 181.268 480
-171.575 181.268 480
-172.393 181.268 480
-173.211 181.268 480
-174.03 181.268 480
-174.848 181.268 480
-175.666 181.268 480
-176.484 181.268 480
-177.303 181.268 480
-178.492 181.645 481
-179.312 181.645 481
-180.506 182.023 482
-181.328 182.023 482
-182.15 182.023 482
-1113.14 972.048 2574
-1117.53 972.048 2574
-1121.92 972.048 2574
-1119.74 966.383 2559
-1124.11 966.383 2559
-1092.55 932.018 2468
-1096.75 932.018 2468
-1100.96 932.018 2468
-1073.37 905.205 2397
-1059.03 889.722 2356
-1063.05 889.722 2356
-1056.65 881.036 2333
-1056.08 877.26 2323
-1058.67 876.127 2320
-1062.62 876.127 2320
-1065.2 874.994 2317
-1067.77 873.861 2314
-1067.08 870.085 2304
-1071.01 870.085 2304
-1072.13 867.819 2298
-1076.05 867.819 2298
-1081.38 868.952 2301
-1085.3 868.952 2301
-1089.22 868.952 2301
-1090.3 866.686 2295
-1092.78 865.553 2292
-1096.69 865.553 2292
-1097.23 862.909 2285
-1101.13 862.909 2285
-1102.12 860.644 2279
-1106.01 860.644 2279
-1108.43 859.511 2276
-1112.31 859.511 2276
-1116.19 859.511 2276
-1120.07 859.511 2276
-1122.47 858.378 2273
-1124.86 857.245 2270
-1125.74 854.979 2264
-1129.6 854.979 2264
-1126.95 850.07 2251
-1126.27 846.671 2242
-1124.04 842.139 2230
-1127.85 842.139 2230
-1127.08 838.74 2221
-1127.81 836.475 2215
-1127.5 833.453 2207
-1131.26 833.453 2207
-1127.31 827.789 2192
1935.83 1384.57 3683
1929.55 1384.57 3683
1923.27 1384.57 3683
1912.83 1381.56 3675
1906.56 1381.56 3675
1908.57 1387.58 3691
1902.28 1387.58 3691
1895.99 1387.58 3691
1885.6 1384.57 3683
1862.48 1372.16 3650
1856.26 1372.16 3650
1845.98 1369.15 3642
1836.24 1366.52 3635
1833.57 1369.15 3642
1835.39 1375.17 3658
1829.15 1375.17 3658
1827.4 1378.55 3667
1833.07 1387.58 3691
1826.77 1387.58 3691
1820.48 1387.58 3691
1814.19 1387.58 3691
1807.9 1387.58 3691
1801.61 1387.58 3691
1791.42 1384.57 3683
1781.27 1381.56 3675
1775 1381.56 3675
1768.74 1381.56 3675
1750.48 1372.16 3650
1740.44 1369.15 3642
1738.04 1372.16 3650
1751.27 1387.58 3691
1752.54 1393.59 3707
1746.22 1393.59 3707
1751.63 1402.99 3732
1745.27 1402.99 3732
1738.91 1402.99 3732
1732.55 1402.99 3732
1722.49 1399.98 3724
1712.45 1396.97 3716
1706.12 1396.97 3716
1695.66 1393.59 3707
1678.41 1384.57 3683
1650.34 1366.52 3635
1644.14 1366.52 3635
1627.13 1357.5 3611
1617.38 1354.49 3603
1611.24 1354.49 3603
1605.1 1354.49 3603
1598.95 1354.49 3603
1592.81 1354.49 3603
1586.67 1354.49 3603
1580.53 1354.49 3603
1570.89 1351.49 3595
1561.71 1348.85 3588
1548.66 1342.84 3572
1542.57 1342.84 3572
1530.03 1337.2 3557
1527.39 1340.21 3565
1524.3 1342.84 3572
1525.01 1348.85 3588
1518.9 1348.85 3588
1512.78 1348.85 3588
1512.96 1354.49 3603
1516.86 1363.52 3627
1510.68 1363.52 3627
1507.81 1366.52 3635
1501.61 1366.52 3635
1495.42 1366.52 3635
1489.22 1366.52 3635
1492.41 1375.17 3658
1486.17 1375.17 3658
1486.81 1381.56 3675
1480.55 1381.56 3675
1477.49 1384.57 3683
1474.41 1387.58 3691
1468.12 1387.58 3691
1461.83 1387.58 3691
1455.53 1387.58 3691
1446.1 1384.57 3683
1439.82 1384.57 3683
1420.7 1372.16 3650
1414.48 1372.16 3650
1405.17 1369.15 3642
1398.96 1369.15 3642
1390.07 1366.52 3635
1380.83 1363.52 3627
1374.65 1363.52 3627
1368.46 1363.52 3627
1359.28 1360.51 3619
1350.11 1357.5 3611
1343.96 1357.5 3611
1337.8 1357.5 3611
1328.7 1354.49 3603
1322.56 1354.49 3603
1310.93 1348.85 3588
1304.82 1348.85 3588
1295.8 1345.85 3580
1289.7 1345.85 3580
1283.6 1345.85 3580
1277.49 1345.85 3580
1271.39 1345.85 3580
1265.29 1345.85 3580
1259.19 1345.85 3580
1253.08 1345.85 3580
1244.19 1342.84 3572
1232.9 1337.2 3557
1226.84 1337.2 3557
1220.78 1337.2 3557
1211.98 1334.19 3549
1205.93 1334.19 3549
1199.88 1334.19 3549
1193.83 1334.19 3549
1185.44 1331.56 3542
1176.74 1328.55 3534
1168.39 1325.92 3527
1162.38 1325.92 3527
1156.37 1325.92 3527
1150.35 1325.92 3527
1137.2 1317.65 3505
1131.23 1317.65 3505
1125.25 1317.65 3505
1112.25 1309.38 3483
1104.09 1306.75 3476
1098.17 1306.75 3476
1083.13 1295.85 3447
1059.75 1274.79 3391
1053.97 1274.79 3391
1048.19 1274.79 3391
379.114 1140.21 3033
373.943 1140.21 3033
368.773 1140.21 3033
368.278 1154.87 3072
367.768 1169.91 3112
362.463 1169.91 3112
357.158 1169.91 3112
351.852 1169.91 3112
346.547 1169.91 3112
341.242 1169.91 3112
335.397 1168.03 3107
330.632 1169.91 3112
327.835 1178.93 3136
322.489 1178.93 3136
317.143 1178.93 3136
311.797 1178.93 3136
306.451 1178.93 3136
301.105 1178.93 3136
295.759 1178.93 3136
290.413 1178.93 3136
285.612 1181.19 3142
280.256 1181.19 3142
274.9 1181.19 3142
269.543 1181.19 3142
264.187 1181.19 3142
258.831 1181.19 3142
253.474 1181.19 3142
247.644 1178.93 3136
242.298 1178.93 3136
236.952 1178.93 3136
231.606 1178.93 3136
226.26 1178.93 3136
220.914 1178.93 3136
215.568 1178.93 3136
210.221 1178.93 3136
204.483 1176.68 3130
199.148 1176.68 3130
193.812 1176.68 3130
188.476 1176.68 3130
182.789 1174.42 3124
177.463 1174.42 3124
172.138 1174.42 3124
166.812 1174.42 3124
161.486 1174.42 3124
155.561 1169.91 3112
150.256 1169.91 3112
144.718 1168.03 3107
139.915 1172.16 3118
135.117 1176.68 3130
130.279 1181.19 3142
124.923 1181.19 3142
119.795 1183.44 3148
115.737 1196.98 3184
110.309 1196.98 3184
104.881 1196.98 3184
99.4529 1196.98 3184
-169.938 180.449 480
-170.756 180.449 480
-171.575 180.449 480
-172.393 180.449 480
-173.211 180.449 480
-174.03 180.449 480
-174.848 180.449 480
-175.666 180.449 480
-176.484 180.449 480
-177.303 180.449 480
-178.492 180.825 481
-179.312 180.825 481
-180.132 180.825 481
-180.952 180.825 481
-1109.51 972.167 2586
-1113.92 972.167 2586
-1118.33 972.167 2586
-1119.27 969.16 2578
-1123.66 969.16 2578
-1126.31 967.656 2574
-1125.86 963.521 2563
-1128.47 962.017 2559
-1132.83 962.017 2559
-1130.08 956.002 2543
-1112.56 937.581 2494
-1085.91 911.642 2425
-1077.46 901.116 2397
-1081.55 901.116 2397
-1067.06 885.702 2356
-1063.81 879.687 2340
-1061.86 874.8 2327
-1065.83 874.8 2327
-1069.8 874.8 2327
-1069.15 871.041 2317
-1071.71 869.913 2314
-1075.65 869.913 2314
-1076.33 867.282 2307
-1077.46 865.026 2301
-1081.38 865.026 2301
-1085.3 865.026 2301
-1089.22 865.026 2301
-1093.15 865.026 2301
-1094.21 862.77 2295
-1098.12 862.77 2295
-1100.59 861.643 2292
-1101.13 859.011 2285
-1103.57 857.883 2282
-1107.46 857.883 2282
-1108.43 855.628 2276
-1110.84 854.5 2273
-1114.72 854.5 2273
-1118.59 854.5 2273
-1122.47 854.5 2273
-1124.86 853.372 2270
-1125.74 851.116 2264
-1129.6 851.116 2264
-1126.95 846.229 2251
-1126.27 842.846 2242
-1124.04 838.335 2230
-1127.85 838.335 2230
-1127.08 834.951 2221
-1126.79 831.944 2213
-1122.9 826.305 2198
-1126.65 826.305 2198
-1127.31 824.049 2192
1916.45 1368.93 3658
1931.63 1384.27 3699
1925.32 1384.27 3699
1919.02 1384.27 3699
1912.71 1384.27 3699
1906.4 1384.27 3699
1900.1 1384.27 3699
1885.6 1378.28 3683
1862.48 1365.93 3650
1856.26 1365.93 3650
1845.98 1362.94 3642
1839.77 1362.94 3642
1837.59 1365.93 3650
1835.39 1368.93 3658
1829.15 1368.93 3658
1835.37 1378.28 3683
1833.07 1381.28 3691
1830.73 1384.27 3699
1824.43 1384.27 3699
1818.12 1384.27 3699
1811.82 1384.27 3699
1805.51 1384.27 3699
1795.31 1381.28 3691
1785.14 1378.28 3683
1775 1375.29 3675
1768.74 1375.29 3675
1750.48 1365.93 3650
1744.26 1365.93 3650
1738.04 1365.93 3650
1751.27 1381.28 3691
1744.98 1381.28 3691
1746.22 1387.27 3707
1751.63 1396.62 3732
1745.27 1396.62 3732
1738.91 1396.62 3732
1732.55 1396.62 3732
1718.79 1390.63 3716
1712.45 1390.63 3716
1706.12 1390.63 3716
1695.66 1387.27 3707
1678.41 1378.28 3683
1653.51 1362.94 3642
1647.31 1362.94 3642
1630.73 1354.33 3619
1617.38 1348.35 3603
1611.24 1348.35 3603
1605.1 1348.35 3603
1598.95 1348.35 3603
1592.81 1348.35 3603
1586.67 1348.35 3603
1580.53 1348.35 3603
1570.89 1345.35 3595
1561.71 1342.73 3588
1548.66 1336.74 3572
1542.57 1336.74 3572
1530.03 1331.13 3557
1527.39 1334.13 3565
1524.3 1336.74 3572
1525.01 1342.73 3588
1518.9 1342.73 3588
1512.78 1342.73 3588
1512.96 1348.35 3603
1516.86 1357.33 3627
1510.68 1357.33 3627
1507.81 1360.32 3635
1501.61 1360.32 3635
1495.42 1360.32 3635
1489.22 1360.32 3635
1492.41 1368.93 3658
1486.17 1368.93 3658
1490.05 1378.28 3683
1483.77 1378.28 3683
1487.12 1387.27 3707
1480.8 1387.27 3707
1478.06 1390.63 3716
1471.73 1390.63 3716
1465.39 1390.63 3716
1446.1 1378.28 3683
1439.82 1378.28 3683
1423.81 1368.93 3658
1414.48 1365.93 3650
1408.25 1365.93 3650
1402.03 1365.93 3650
1392.75 1362.94 3642
1383.88 1360.32 3635
1377.68 1360.32 3635
1371.48 1360.32 3635
1359.28 1354.33 3619
1353.11 1354.33 3619
1343.96 1351.34 3611
1337.8 1351.34 3611
1331.65 1351.34 3611
1322.56 1348.35 3603
1310.93 1342.73 3588
1304.82 1342.73 3588
1298.7 1342.73 3588
1292.58 1342.73 3588
1283.6 1339.74 3580
1277.49 1339.74 3580
1271.39 1339.74 3580
1265.29 1339.74 3580
1259.19 1339.74 3580
1253.08 1339.74 3580
1246.98 1339.74 3580
1238.1 1336.74 3572
1226.84 1331.13 3557
1220.78 1331.13 3557
1214.71 1331.13 3557
1208.65 1331.13 3557
1202.59 1331.13 3557
1196.52 1331.13 3557
1187.78 1328.14 3549
1179.4 1325.52 3542
1173.36 1325.52 3542
1167.32 1325.52 3542
1161.28 1325.52 3542
1150.35 1319.9 3527
1142.07 1317.29 3520
1136.07 1317.29 3520
1130.07 1317.29 3520
1116.72 1308.68 3497
1106.32 1303.44 3483
1100.38 1303.44 3483
1080.93 1287.35 3440
1059.75 1269.01 3391
1053.97 1269.01 3391
1048.19 1269.01 3391
367.768 1164.6 3112
362.463 1164.6 3112
357.158 1164.6 3112
351.852 1164.6 3112
346.547 1164.6 3112
341.242 1164.6 3112
334.102 1158.24 3095
330.632 1164.6 3112
327.208 1171.34 3130
322.489 1173.58 3136
317.143 1173.58 3136
311.797 1173.58 3136
306.451 1173.58 3136
301.105 1173.58 3136
295.759 1173.58 3136
290.413 1173.58 3136
285.612 1175.83 3142
280.256 1175.83 3142
274.9 1175.83 3142
269.543 1175.83 3142
264.187 1175.83 3142
258.831 1175.83 3142
253.474 1175.83 3142
247.644 1173.58 3136
242.298 1173.58 3136
236.952 1173.58 3136
231.606 1173.58 3136
226.26 1173.58 3136
220.914 1173.58 3136
215.568 1173.58 3136
210.221 1173.58 3136
204.875 1173.58 3136
199.529 1173.58 3136
194.183 1173.58 3136
188.476 1171.34 3130
183.14 1171.34 3130
177.804 1171.34 3130
172.468 1171.34 3130
167.132 1171.34 3130
161.797 1171.34 3130
156.161 1169.09 3124
150.835 1169.09 3124
145.23 1166.84 3118
140.453 1171.34 3130
135.635 1175.83 3142
131.025 1182.56 3160
125.638 1182.56 3160
121.165 1191.54 3184
115.737 1191.54 3184
110.309 1191.54 3184
104.881 1191.54 3184
99.4529 1191.54 3184
-171.575 179.63 480
-172.393 179.63 480
-173.211 179.63 480
-174.03 179.63 480
-174.848 179.63 480
-175.666 179.63 480
-176.484 179.63 480
-177.303 179.63 480
-178.492 180.004 481
-179.312 180.004 481
-180.132 180.004 481
-180.952 180.004 481
-1109.51 967.755 2586
-1113.92 967.755 2586
-1118.33 967.755 2586
-1119.27 964.762 2578
-1123.66 964.762 2578
-1126.31 963.265 2574
-1125.86 959.148 2563
-1128.47 957.651 2559
-1132.83 957.651 2559
-1130.08 951.664 2543
-1112.56 933.326 2494
-1105.17 923.596 2468
-1090.05 907.505 2425
-1094.18 907.505 2425
-1068.88 883.18 2360
-1065.17 876.818 2343
-1066.43 874.572 2337
-1070.41 874.572 2337
-1069.8 870.83 2327
-1071.92 869.333 2323
-1073.1 867.088 2317
-1077.05 867.088 2317
-1078.2 864.842 2311
-1082.14 864.842 2311
-1086.08 864.842 2311
-1090.02 864.842 2311
-1093.96 864.842 2311
-1093.15 861.1 2301
-1095.64 859.978 2298
-1099.56 859.978 2298
-1102.03 858.855 2295
-1102.57 856.235 2288
-1103.57 853.99 2282
-1107.46 853.99 2282
-1108.43 851.745 2276
-1110.84 850.622 2273
-1114.72 850.622 2273
-1118.59 850.622 2273
-1122.47 850.622 2273
-1121.88 847.254 2264
-1125.74 847.254 2264
-1129.6 847.254 2264
-1126.95 842.389 2251
-1126.27 839.021 2242
-1122.53 833.407 2227
-1126.33 833.407 2227
-1124.04 828.917 2215
-1122.21 824.8 2204
-1119.84 820.309 2192
-1123.57 820.309 2192
-1125.77 819.187 2189
1916.45 1362.69 3658
1931.63 1377.96 3699
1925.32 1377.96 3699
1919.02 1377.96 3699
1912.71 1377.96 3699
1906.4 1377.96 3699
1900.1 1377.96 3699
1885.6 1372 3683
1862.48 1359.71 3650
1856.26 1359.71 3650
1845.98 1356.73 3642
1839.77 1356.73 3642
1837.59 1359.71 3650
1835.39 1362.69 3658
1829.15 1362.69 3658
1835.37 1372 3683
1833.07 1374.98 3691
1830.73 1377.96 3699
1824.43 1377.96 3699
1818.12 1377.96 3699
1811.82 1377.96 3699
1805.51 1377.96 3699
1795.31 1374.98 3691
1785.14 1372 3683
1775 1369.02 3675
1768.74 1369.02 3675
1750.48 1359.71 3650
1744.26 1359.71 3650
1738.04 1359.71 3650
1747.47 1372 3683
1741.19 1372 3683
1746.22 1380.94 3707
1747.88 1387.27 3724
1741.53 1387.27 3724
1735.18 1387.27 3724
1725.12 1384.29 3716
1718.79 1384.29 3716
1712.45 1384.29 3716
1701.98 1380.94 3707
1695.66 1380.94 3707
1678.41 1372 3683
1672.13 1372 3683
1647.31 1356.73 3642
1630.73 1348.16 3619
1617.38 1342.2 3603
1611.24 1342.2 3603
1608.66 1345.18 3611
1602.5 1345.18 3611
1596.35 1345.18 3611
1590.19 1345.18 3611
1584.04 1345.18 3611
1574.39 1342.2 3603
1564.76 1339.22 3595
1555.6 1336.61 3588
1549.48 1336.61 3588
1539.92 1333.63 3580
1533.82 1333.63 3580
1534.12 1339.22 3595
1531.39 1342.2 3603
1525.25 1342.2 3603
1522.48 1345.18 3611
1519.68 1348.16 3619
1520.2 1354.12 3635
1514.01 1354.12 3635
1514.03 1359.71 3650
1507.81 1359.71 3650
1504.88 1362.69 3658
1498.64 1362.69 3658
1502.61 1372 3683
1496.33 1372 3683
1490.05 1372 3683
1483.77 1372 3683
1487.12 1380.94 3707
1480.8 1380.94 3707
1478.06 1384.29 3716
1471.73 1384.29 3716
1465.39 1384.29 3716
1446.1 1372 3683
1439.82 1372 3683
1423.81 1362.69 3658
1414.48 1359.71 3650
1408.25 1359.71 3650
1402.03 1359.71 3650
1392.75 1356.73 3642
1383.88 1354.12 3635
1377.68 1354.12 3635
1371.48 1354.12 3635
1359.28 1348.16 3619
1353.11 1348.16 3619
1343.96 1345.18 3611
1337.8 1345.18 3611
1331.65 1345.18 3611
1322.56 1342.2 3603
1310.93 1336.61 3588
1307.36 1339.22 3595
1301.23 1339.22 3595
1295.1 1339.22 3595
1288.98 1339.22 3595
1282.85 1339.22 3595
1276.72 1339.22 3595
1270.59 1339.22 3595
1264.46 1339.22 3595
1258.33 1339.22 3595
1249.77 1336.61 3588
1240.88 1333.63 3580
1232.01 1330.65 3572
1225.92 1330.65 3572
1219.84 1330.65 3572
1213.75 1330.65 3572
1207.66 1330.65 3572
1201.57 1330.65 3572
1195.48 1330.65 3572
1184.39 1325.06 3557
1178.33 1325.06 3557
1172.27 1325.06 3557
1166.2 1325.06 3557
1157.53 1322.08 3549
1149.21 1319.47 3542
1143.17 1319.47 3542
1134.56 1316.49 3534
1126.3 1313.89 3527
1110.76 1302.71 3497
1104.8 1302.71 3497
1094.44 1297.5 3483
1075.06 1281.48 3440
1045.27 1252.79 3363
1039.53 1252.79 3363
362.463 1159.29 3112
357.158 1159.29 3112
351.852 1159.29 3112
343.986 1150.72 3089
338.72 1150.72 3089
332.914 1148.86 3084
330.1 1157.43 3107
325.327 1159.29 3112
322.489 1168.23 3136
317.143 1168.23 3136
311.797 1168.23 3136
306.451 1168.23 3136
301.105 1168.23 3136
295.759 1168.23 3136
290.413 1168.23 3136
285.612 1170.47 3142
280.791 1172.7 3148
275.424 1172.7 3148
270.058 1172.7 3148
264.187 1170.47 3142
258.831 1170.47 3142
253.474 1170.47 3142
247.644 1168.23 3136
242.298 1168.23 3136
236.952 1168.23 3136
231.606 1168.23 3136
226.26 1168.23 3136
220.914 1168.23 3136
215.568 1168.23 3136
210.221 1168.23 3136
204.875 1168.23 3136
199.529 1168.23 3136
194.183 1168.23 3136
188.476 1166 3130
183.14 1166 3130
177.804 1166 3130
172.468 1166 3130
167.132 1166 3130
161.797 1166 3130
156.161 1163.76 3124
150.835 1163.76 3124
145.23 1161.53 3118
140.453 1166 3130
135.635 1170.47 3142
131.025 1177.17 3160
125.638 1177.17 3160
121.165 1186.11 3184
115.737 1186.11 3184
110.309 1186.11 3184
104.881 1186.11 3184
99.4529 1186.11 3184
-1109.51 963.343 2586
-1113.92 963.343 2586
-1118.33 963.343 2586
-1119.27 960.363 2578
-1123.66 960.363 2578
-1126.31 958.873 2574
-1125.86 954.775 2563
-1128.47 953.285 2559
-1132.83 953.285 2559
-1130.08 947.325 2543
-1112.56 929.071 2494
-1105.17 919.386 2468
-1090.05 903.367 2425
-1094.18 903.367 2425
-1068.88 879.153 2360
-1065.17 872.82 2343
-1066.43 870.585 2337
-1070.41 870.585 2337
-1069.8 866.86 2327
-1071.92 865.37 2323
-1073.1 863.135 2317
-1077.05 863.135 2317
-1078.2 860.9 2311
-1082.14 860.9 2311
-1086.08 860.9 2311
-1090.02 860.9 2311
-1093.96 860.9 2311
-1093.15 857.174 2301
-1095.64 856.057 2298
-1099.56 856.057 2298
-1102.03 854.939 2295
-1102.57 852.332 2288
-1103.57 850.097 2282
-1107.46 850.097 2282
-1108.43 847.861 2276
-1110.84 846.744 2273
-1114.72 846.744 2273
-1118.59 846.744 2273
-1122.47 846.744 2273
-1121.88 843.391 2264
-1125.74 843.391 2264
-1129.6 843.391 2264
-1126.95 838.548 2251
-1126.27 835.196 2242
-1122.53 829.608 2227
-1126.33 829.608 2227
-1124.04 825.138 2215
-1122.21 821.04 2204
-1119.84 816.57 2192
-1123.57 816.57 2192
-1125.77 815.452 2189
1916.45 1356.45 3658
1931.63 1371.65 3699
1925.32 1371.65 3699
1919.02 1371.65 3699
1912.71 1371.65 3699
1906.4 1371.65 3699
1900.1 1371.65 3699
1885.6 1365.72 3683
1862.48 1353.48 3650
1856.26 1353.48 3650
1845.98 1350.51 3642
1839.77 1350.51 3642
1837.59 1353.48 3650
1835.39 1356.45 3658
1829.15 1356.45 3658
1835.37 1365.72 3683
1833.07 1368.68 3691
1830.73 1371.65 3699
1824.43 1371.65 3699
1818.12 1371.65 3699
1811.82 1371.65 3699
1805.51 1371.65 3699
1795.31 1368.68 3691
1785.14 1365.72 3683
1775 1362.75 3675
1768.74 1362.75 3675
1750.48 1353.48 3650
1744.26 1353.48 3650
1738.04 1353.48 3650
1747.47 1365.72 3683
1741.19 1365.72 3683
1746.22 1374.62 3707
1747.88 1380.92 3724
1741.53 1380.92 3724
1735.18 1380.92 3724
1725.12 1377.95 3716
1718.79 1377.95 3716
1712.45 1377.95 3716
1701.98 1374.62 3707
1695.66 1374.62 3707
1678.41 1365.72 3683
1672.13 1365.72 3683
1654.54 1356.45 3658
1634.34 1344.95 3627
1624.56 1341.98 3619
1614.82 1339.02 3611
1612.22 1341.98 3619
1606.05 1341.98 3619
1599.89 1341.98 3619
1593.72 1341.98 3619
1587.55 1341.98 3619
1581.38 1341.98 3619
1571.73 1339.02 3611
1558.63 1333.09 3595
1552.5 1333.09 3595
1546.38 1333.09 3595
1540.25 1333.09 3595
1544.36 1341.98 3619
1538.19 1341.98 3619
1532.02 1341.98 3619
1525.85 1341.98 3619
1529.34 1350.51 3642
1526.48 1353.48 3650
1520.26 1353.48 3650
1524.4 1362.75 3675
1518.14 1362.75 3675
1518.46 1368.68 3691
1512.16 1368.68 3691
1509.13 1371.65 3699
1512.99 1380.92 3724
1506.64 1380.92 3724
1500.29 1380.92 3724
1493.94 1380.92 3724
1490.79 1383.89 3732
1484.43 1383.89 3732
1478.06 1383.89 3732
1471.7 1383.89 3732
1459.06 1377.95 3716
1452.72 1377.95 3716
1433.54 1365.72 3683
1417.58 1356.45 3658
1408.25 1353.48 3650
1402.03 1353.48 3650
1392.75 1350.51 3642
1386.54 1350.51 3642
1377.68 1347.92 3635
1371.48 1347.92 3635
1362.28 1344.95 3627
1353.11 1341.98 3619
1343.96 1339.02 3611
1337.8 1339.02 3611
1331.65 1339.02 3611
1322.56 1336.05 3603
1313.49 1333.09 3595
1307.36 1333.09 3595
1301.23 1333.09 3595
1295.1 1333.09 3595
1288.98 1333.09 3595
1282.85 1333.09 3595
1276.72 1333.09 3595
1270.59 1333.09 3595
1264.46 1333.09 3595
1258.33 1333.09 3595
1249.77 1330.49 3588
1240.88 1327.52 3580
1232.01 1324.56 3572
1225.92 1324.56 3572
1219.84 1324.56 3572
1213.75 1324.56 3572
1207.66 1324.56 3572
1201.57 1324.56 3572
1195.48 1324.56 3572
1184.39 1318.99 3557
1178.33 1318.99 3557
1172.27 1318.99 3557
1166.2 1318.99 3557
1157.53 1316.03 3549
1149.21 1313.43 3542
1143.17 1313.43 3542
1134.56 1310.47 3534
1126.3 1307.87 3527
1120.29 1307.87 3527
1114.28 1307.87 3527
1098.84 1296.75 3497
1075.06 1275.61 3440
1045.27 1247.06 3363
1039.53 1247.06 3363
362.463 1153.98 3112
357.158 1153.98 3112
351.852 1153.98 3112
343.986 1145.45 3089
338.72 1145.45 3089
332.914 1143.6 3084
327.657 1143.6 3084
324.804 1152.13 3107
321.872 1160.66 3130
316.536 1160.66 3130
311.201 1160.66 3130
305.865 1160.66 3130
300.529 1160.66 3130
295.193 1160.66 3130
289.857 1160.66 3130
286.158 1167.33 3148
280.791 1167.33 3148
275.424 1167.33 3148
270.058 1167.33 3148
264.691 1167.33 3148
259.325 1167.33 3148
253.474 1165.11 3142
247.644 1162.88 3136
242.298 1162.88 3136
236.952 1162.88 3136
231.606 1162.88 3136
226.26 1162.88 3136
220.914 1162.88 3136
215.568 1162.88 3136
210.221 1162.88 3136
204.875 1162.88 3136
199.529 1162.88 3136
194.183 1162.88 3136
188.837 1162.88 3136
183.842 1165.11 3142
178.486 1165.11 3142
173.129 1165.11 3142
167.773 1165.11 3142
162.107 1162.88 3136
156.461 1160.66 3130
151.125 1160.66 3130
145.789 1160.66 3130
141.261 1167.33 3148
136.153 1169.56 3154
131.274 1174.01 3166
125.877 1174.01 3166
121.165 1180.68 3184
115.737 1180.68 3184
110.309 1180.68 3184
104.881 1180.68 3184
99.4529 1180.68 3184
-1109.51 958.931 2586
-1113.92 958.931 2586
-1118.33 958.931 2586
-1119.27 955.965 2578
-1123.66 955.965 2578
-1124.99 953.369 2571
-1125.86 950.403 2563
-1126.7 947.436 2555
-1131.06 947.436 2555
-1130.08 942.986 2543
-1112.56 924.816 2494
-1105.17 915.175 2468
-1090.05 899.23 2425
-1094.18 899.23 2425
-1068.88 875.127 2360
-1065.17 868.823 2343
-1066.43 866.598 2337
-1070.41 866.598 2337
-1071.18 864.002 2330
-1073.76 862.89 2327
-1074.49 860.294 2320
-1078.44 860.294 2320
-1078.2 856.957 2311
-1082.14 856.957 2311
-1086.08 856.957 2311
-1090.02 856.957 2311
-1093.96 856.957 2311
-1096 855.474 2307
-1095.64 852.136 2298
-1099.56 852.136 2298
-1103.47 852.136 2298
-1104.5 849.911 2292
-1103.57 846.203 2282
-1107.46 846.203 2282
-1108.43 843.978 2276
-1109.38 841.753 2270
-1113.25 841.753 2270
-1117.12 841.753 2270
-1120.99 841.753 2270
-1121.88 839.529 2264
-1122.26 836.933 2257
-1126.11 836.933 2257
-1123.95 832.483 2245
-1126.27 831.371 2242
-1121.02 824.696 2224
-1124.81 824.696 2224
-1119.98 818.392 2207
-1119.16 815.055 2198
-1118.3 811.717 2189
-1122.04 811.717 2189
-1123.2 809.863 2184
1916.45 1350.21 3658
1927.45 1362.39 3691
1921.16 1362.39 3691
1914.87 1362.39 3691
1908.57 1362.39 3691
1902.28 1362.39 3691
1895.99 1362.39 3691
1868.71 1347.25 3650
1858.4 1344.3 3642
1852.19 1344.3 3642
1838.38 1338.76 3627
1836.24 1341.72 3635
1837.59 1347.25 3650
1835.39 1350.21 3658
1829.15 1350.21 3658
1827.4 1353.53 3667
1829.09 1359.43 3683
1830.73 1365.34 3699
1824.43 1365.34 3699
1818.12 1365.34 3699
1811.82 1365.34 3699
1805.51 1365.34 3699
1791.42 1359.43 3683
1781.27 1356.48 3675
1766.79 1350.21 3658
1760.55 1350.21 3658
1746.64 1344.3 3642
1740.44 1344.3 3642
1738.04 1347.25 3650
1743.68 1356.48 3675
1737.41 1356.48 3675
1742.45 1365.34 3699
1739.9 1368.29 3707
1733.58 1368.29 3707
1727.26 1368.29 3707
1720.94 1368.29 3707
1714.62 1368.29 3707
1708.3 1368.29 3707
1701.98 1368.29 3707
1695.66 1368.29 3707
1678.41 1359.43 3683
1672.13 1359.43 3683
1654.54 1350.21 3658
1634.34 1338.76 3627
1624.56 1335.81 3619
1621.97 1338.76 3627
1615.79 1338.76 3627
1609.61 1338.76 3627
1603.42 1338.76 3627
1597.24 1338.76 3627
1591.06 1338.76 3627
1581.38 1335.81 3619
1575.21 1335.81 3619
1569.04 1335.81 3619
1562.87 1335.81 3619
1556.7 1335.81 3619
1550.53 1335.81 3619
1551.19 1341.72 3635
1547.97 1344.3 3642
1541.76 1344.3 3642
1535.55 1344.3 3642
1529.34 1344.3 3642
1536.93 1356.48 3675
1530.67 1356.48 3675
1527.72 1359.43 3683
1528.05 1365.34 3699
1521.75 1365.34 3699
1515.44 1365.34 3699
1519.33 1374.57 3724
1516.24 1377.52 3732
1509.87 1377.52 3732
1503.51 1377.52 3732
1497.15 1377.52 3732
1497.58 1383.79 3749
1491.19 1383.79 3749
1484.8 1383.79 3749
1478.41 1383.79 3749
1465.34 1377.52 3732
1458.98 1377.52 3732
1433.54 1359.43 3683
1424.16 1356.48 3675
1414.81 1353.53 3667
1408.56 1353.53 3667
1398.87 1350.21 3658
1389.59 1347.25 3650
1383.36 1347.25 3650
1377.14 1347.25 3650
1365.29 1341.72 3635
1356.1 1338.76 3627
1346.94 1335.81 3619
1340.77 1335.81 3619
1331.65 1332.86 3611
1325.49 1332.86 3611
1313.49 1326.95 3595
1307.36 1326.95 3595
1301.23 1326.95 3595
1295.1 1326.95 3595
1288.98 1326.95 3595
1285.7 1329.9 3603
1279.56 1329.9 3603
1273.42 1329.9 3603
1267.28 1329.9 3603
1261.13 1329.9 3603
1254.99 1329.9 3603
1243.65 1324.37 3588
1237.53 1324.37 3588
1231.42 1324.37 3588
1222.57 1321.42 3580
1219.18 1324.37 3588
1213.07 1324.37 3588
1206.95 1324.37 3588
1200.83 1324.37 3588
1194.72 1324.37 3588
1190.92 1326.95 3595
1184.79 1326.95 3595
1178.66 1326.95 3595
1172.53 1326.95 3595
1156.67 1315.88 3565
1150.59 1315.88 3565
1141.95 1312.93 3557
1135.88 1312.93 3557
1120.29 1301.85 3527
1114.28 1301.85 3527
1098.84 1290.78 3497
1075.06 1269.74 3440
346.765 1132.06 3067
341.536 1132.06 3067
336.308 1132.06 3067
331.079 1132.06 3067
327.657 1138.34 3084
324.804 1146.83 3107
321.872 1155.32 3130
316.536 1155.32 3130
311.201 1155.32 3130
305.865 1155.32 3130
300.529 1155.32 3130
295.193 1155.32 3130
289.857 1155.32 3130
286.158 1161.96 3148
281.326 1164.17 3154
275.949 1164.17 3154
270.573 1164.17 3154
264.691 1161.96 3148
259.325 1161.96 3148
253.958 1161.96 3148
248.118 1159.74 3142
243.225 1161.96 3148
237.859 1161.96 3148
232.492 1161.96 3148
227.126 1161.96 3148
221.759 1161.96 3148
216.392 1161.96 3148
211.026 1161.96 3148
205.659 1161.96 3148
200.293 1161.96 3148
194.926 1161.96 3148
189.198 1159.74 3142
183.842 1159.74 3142
178.486 1159.74 3142
173.129 1159.74 3142
167.773 1159.74 3142
162.417 1159.74 3142
156.761 1157.53 3136
151.994 1161.96 3148
146.627 1161.96 3148
141.53 1164.17 3154
136.671 1168.6 3166
131.523 1170.82 3172
126.115 1170.82 3172
121.165 1175.25 3184
115.737 1175.25 3184
110.309 1175.25 3184
104.881 1175.25 3184
99.4529 1175.25 3184
-1109.51 954.519 2586
-1113.92 954.519 2586
-1118.33 954.519 2586
-1119.27 951.567 2578
-1123.66 951.567 2578
-1124.99 948.983 2571
-1125.86 946.03 2563
-1126.7 943.077 2555
-1131.06 943.077 2555
-1130.08 938.648 2543
-1107.65 916.501 2483
-1097.11 904.32 2450
-1081.96 888.449 2407
-1086.06 888.449 2407
-1068.88 871.1 2360
-1065.17 864.826 2343
-1066.43 862.611 2337
-1070.41 862.611 2337
-1071.18 860.027 2330
-1073.76 858.92 2327
-1074.49 856.336 2320
-1078.44 856.336 2320
-1079.6 854.121 2314
-1082.14 853.014 2311
-1086.08 853.014 2311
-1090.02 853.014 2311
-1093.96 853.014 2311
-1096 851.538 2307
-1095.64 848.216 2298
-1099.56 848.216 2298
-1103.47 848.216 2298
-1104.5 846.001 2292
-1103.57 842.31 2282
-1107.46 842.31 2282
-1105.51 837.881 2270
-1107.91 836.773 2267
-1111.78 836.773 2267
-1115.64 836.773 2267
-1118.02 835.666 2264
-1118.42 833.082 2257
-1120.77 831.975 2254
-1124.61 831.975 2254
-1122.45 827.545 2242
-1118.74 822.009 2227
-1119.51 819.794 2221
-1123.29 819.794 2221
-1119.98 814.627 2207
-1116.1 809.09 2192
-1115.75 806.137 2184
-1119.47 806.137 2184
-1121.65 805.03 2181
1908.57 1356.09 3691
1902.28 1356.09 3691
1895.99 1356.09 3691
1864.61 1338.09 3642
1838.5 1323.76 3603
1832.36 1323.76 3603
1826.22 1323.76 3603
1836.24 1335.51 3635
1837.59 1341.03 3650
1835.39 1343.96 3658
1829.15 1343.96 3658
1827.4 1347.27 3667
1825.12 1350.21 3675
1830.73 1359.03 3699
1824.43 1359.03 3699
1818.12 1359.03 3699
1811.82 1359.03 3699
1805.51 1359.03 3699
1791.42 1353.15 3683
1781.27 1350.21 3675
1766.79 1343.96 3658
1760.55 1343.96 3658
1743.29 1335.51 3635
1737.09 1335.51 3635
1738.04 1341.03 3650
1739.88 1347.27 3667
1733.63 1347.27 3667
1734.91 1353.15 3683
1736.15 1359.03 3699
1729.84 1359.03 3699
1723.53 1359.03 3699
1717.23 1359.03 3699
1710.92 1359.03 3699
1708.3 1361.97 3707
1701.98 1361.97 3707
1695.66 1361.97 3707
1689.34 1361.97 3707
1683.02 1361.97 3707
1658.61 1347.27 3667
1634.34 1332.58 3627
1628.15 1332.58 3627
1621.97 1332.58 3627
1615.79 1332.58 3627
1609.61 1332.58 3627
1603.42 1332.58 3627
1597.24 1332.58 3627
1591.06 1332.58 3627
1581.38 1329.64 3619
1575.21 1329.64 3619
1569.04 1329.64 3619
1562.87 1329.64 3619
1556.7 1329.64 3619
1550.53 1329.64 3619
1551.19 1335.51 3635
1547.97 1338.09 3642
1541.76 1338.09 3642
1535.55 1338.09 3642
1529.34 1338.09 3642
1536.93 1350.21 3675
1530.67 1350.21 3675
1527.72 1353.15 3683
1528.05 1359.03 3699
1521.75 1359.03 3699
1515.44 1359.03 3699
1519.33 1368.21 3724
1526.39 1380.34 3757
1519.99 1380.34 3757
1513.58 1380.34 3757
1507.18 1380.34 3757
1507.56 1386.58 3774
1501.13 1386.58 3774
1494.7 1386.58 3774
1488.26 1386.58 3774
1481.83 1386.58 3774
1458.98 1371.15 3732
1442.88 1361.97 3707
1427.26 1353.15 3683
1417.9 1350.21 3675
1411.63 1350.21 3675
1402.31 1347.27 3667
1392.63 1343.96 3658
1386.4 1343.96 3658
1380.16 1343.96 3658
1370.92 1341.03 3650
1359.09 1335.51 3635
1349.91 1332.58 3627
1343.73 1332.58 3627
1331.65 1326.7 3611
1325.49 1326.7 3611
1316.41 1323.76 3603
1310.27 1323.76 3603
1304.13 1323.76 3603
1297.99 1323.76 3603
1291.84 1323.76 3603
1285.7 1323.76 3603
1279.56 1323.76 3603
1273.42 1323.76 3603
1267.28 1323.76 3603
1261.13 1323.76 3603
1254.99 1323.76 3603
1248.85 1323.76 3603
1239.95 1320.82 3595
1233.82 1320.82 3595
1225.3 1318.25 3588
1219.18 1318.25 3588
1213.07 1318.25 3588
1206.95 1318.25 3588
1200.83 1318.25 3588
1197.05 1320.82 3595
1198.87 1329.64 3619
1192.7 1329.64 3619
1186.53 1329.64 3619
1180.36 1329.64 3619
1171.6 1326.7 3611
1165.44 1326.7 3611
1156.72 1323.76 3603
1150.57 1323.76 3603
1139.67 1318.25 3588
1133.55 1318.25 3588
1108.27 1295.83 3527
320.021 1143.36 3112
314.716 1143.36 3112
310.008 1145.57 3118
304.692 1145.57 3118
299.377 1145.57 3118
294.061 1145.57 3118
289.302 1147.77 3124
286.158 1156.59 3148
281.326 1158.79 3154
275.949 1158.79 3154
270.573 1158.79 3154
264.691 1156.59 3148
259.325 1156.59 3148
253.958 1156.59 3148
248.118 1154.38 3142
243.225 1156.59 3148
237.859 1156.59 3148
232.492 1156.59 3148
227.126 1156.59 3148
221.759 1156.59 3148
217.217 1161 3160
211.83 1161 3160
206.443 1161 3160
201.056 1161 3160
195.669 1161 3160
190.282 1161 3160
184.544 1158.79 3154
179.167 1158.79 3154
173.791 1158.79 3154
168.414 1158.79 3154
163.037 1158.79 3154
157.36 1156.59 3148
152.284 1158.79 3154
146.907 1158.79 3154
142.069 1163.2 3166
136.93 1165.41 3172
131.523 1165.41 3172
126.115 1165.41 3172
121.165 1169.82 3184
115.737 1169.82 3184
110.309 1169.82 3184
104.881 1169.82 3184
99.4529 1169.82 3184
-1110.11 943.127 2567
-1114.49 943.127 2567
-1118.87 943.127 2567
-1121.49 941.657 2563
-1122.35 938.718 2555
-1123.18 935.779 2547
-1127.52 935.779 2547
-1131.86 935.779 2547
-1107.65 912.265 2483
-1097.11 900.141 2450
-1081.96 884.342 2407
-1086.06 884.342 2407
-1068.88 867.074 2360
-1065.17 860.828 2343
-1066.43 858.624 2337
-1070.41 858.624 2337
-1071.18 856.052 2330
-1073.76 854.95 2327
-1074.49 852.378 2320
-1078.44 852.378 2320
-1079.6 850.174 2314
-1082.14 849.071 2311
-1086.08 849.071 2311
-1090.02 849.071 2311
-1093.96 849.071 2311
-1096 847.602 2307
-1095.64 844.295 2298
-1099.56 844.295 2298
-1103.47 844.295 2298
-1104.5 842.091 2292
-1103.57 838.417 2282
-1107.46 838.417 2282
-1105.51 834.008 2270
-1106.45 831.803 2264
-1108.83 830.701 2261
-1112.69 830.701 2261
-1114.57 829.231 2257
-1116.93 828.129 2254
-1117.79 825.925 2248
-1121.62 825.925 2248
-1122.45 823.72 2242
-1115.72 816.005 2221
-1112.45 810.861 2207
-1116.21 810.861 2207
-1113.89 806.452 2195
-1113.05 803.146 2186
-1112.68 800.206 2178
-1116.4 800.206 2178
-1120.11 800.206 2178
1908.57 1349.79 3691
1902.28 1349.79 3691
1895.99 1349.79 3691
1864.61 1331.87 3642
1838.5 1317.61 3603
1832.36 1317.61 3603
1826.22 1317.61 3603
1836.24 1329.31 3635
1837.59 1334.8 3650
1835.39 1337.72 3658
1829.15 1337.72 3658
1827.4 1341.02 3667
1825.12 1343.94 3675
1830.73 1352.72 3699
1824.43 1352.72 3699
1818.12 1352.72 3699
1811.82 1352.72 3699
1805.51 1352.72 3699
1791.42 1346.87 3683
1773.03 1337.72 3658
1759.06 1331.87 3642
1752.85 1331.87 3642
1743.29 1329.31 3635
1737.09 1329.31 3635
1734.23 1331.87 3642
1735.61 1337.72 3658
1729.37 1337.72 3658
1734.91 1346.87 3683
1736.15 1352.72 3699
1729.84 1352.72 3699
1723.53 1352.72 3699
1717.23 1352.72 3699
1707.22 1349.79 3691
1708.3 1355.64 3707
1701.98 1355.64 3707
1695.66 1355.64 3707
1689.34 1355.64 3707
1683.02 1355.64 3707
1658.61 1341.02 3667
1634.34 1326.39 3627
1628.15 1326.39 3627
1621.97 1326.39 3627
1615.79 1326.39 3627
1609.61 1326.39 3627
1603.42 1326.39 3627
1597.24 1326.39 3627
1591.06 1326.39 3627
1581.38 1323.46 3619
1575.21 1323.46 3619
1569.04 1323.46 3619
1562.87 1323.46 3619
1556.7 1323.46 3619
1553.96 1326.39 3627
1554.18 1331.87 3642
1551.37 1334.8 3650
1545.14 1334.8 3650
1542.29 1337.72 3658
1536.06 1337.72 3658
1536.93 1343.94 3675
1537.33 1349.79 3691
1534.36 1352.72 3699
1531.36 1355.64 3707
1525.04 1355.64 3707
1525.68 1361.86 3724
1522.6 1364.79 3732
1526.39 1373.93 3757
1519.99 1373.93 3757
1513.58 1373.93 3757
1507.18 1373.93 3757
1507.56 1380.14 3774
1501.13 1380.14 3774
1494.7 1380.14 3774
1488.26 1380.14 3774
1481.83 1380.14 3774
1458.98 1364.79 3732
1442.88 1355.64 3707
1427.26 1346.87 3683
1417.9 1343.94 3675
1411.63 1343.94 3675
1402.31 1341.02 3667
1392.63 1337.72 3658
1386.4 1337.72 3658
1380.16 1337.72 3658
1370.92 1334.8 3650
1359.09 1329.31 3635
1349.91 1326.39 3627
1343.73 1326.39 3627
1331.65 1320.54 3611
1325.49 1320.54 3611
1316.41 1317.61 3603
1310.27 1317.61 3603
1304.13 1317.61 3603
1297.99 1317.61 3603
1291.84 1317.61 3603
1285.7 1317.61 3603
1279.56 1317.61 3603
1273.42 1317.61 3603
1267.28 1317.61 3603
1261.13 1317.61 3603
1254.99 1317.61 3603
1248.85 1317.61 3603
1239.95 1314.68 3595
1233.82 1314.68 3595
1227.69 1314.68 3595
1221.56 1314.68 3595
1215.43 1314.68 3595
1209.3 1314.68 3595
1203.18 1314.68 3595
1205.04 1323.46 3619
1204.17 1329.31 3635
1197.97 1329.31 3635
1191.78 1329.31 3635
1185.58 1329.31 3635
1179.38 1329.31 3635
1173.19 1329.31 3635
1166.99 1329.31 3635
1153.13 1320.54 3611
1146.97 1320.54 3611
1140.82 1320.54 3611
1108.27 1289.82 3527
304.106 1138.05 3112
299.377 1140.25 3118
294.061 1140.25 3118
290.413 1146.83 3136
286.703 1153.41 3154
281.861 1155.61 3160
276.474 1155.61 3160
271.087 1155.61 3160
265.196 1153.41 3154
259.819 1153.41 3154
254.442 1153.41 3154
249.066 1153.41 3154
244.152 1155.61 3160
238.765 1155.61 3160
233.378 1155.61 3160
228.424 1157.8 3166
223.027 1157.8 3166
217.63 1157.8 3166
212.233 1157.8 3166
206.443 1155.61 3160
201.056 1155.61 3160
195.669 1155.61 3160
190.282 1155.61 3160
184.544 1153.41 3154
179.167 1153.41 3154
173.791 1153.41 3154
168.414 1153.41 3154
163.037 1153.41 3154
157.36 1151.22 3148
152.284 1153.41 3154
146.907 1153.41 3154
142.069 1157.8 3166
136.93 1159.99 3172
131.523 1159.99 3172
126.115 1159.99 3172
121.165 1164.38 3184
115.737 1164.38 3184
110.309 1164.38 3184
104.881 1164.38 3184
99.4529 1164.38 3184
-1111.84 940.21 2571
-1116.23 940.21 2571
-1120.61 940.21 2571
-1123.24 938.747 2567
-1122.35 934.359 2555
-1124.94 932.896 2551
-1129.29 932.896 2551
-1131.86 931.433 2547
-1104.08 905.103 2475
-1079.64 881.698 2411
-1074.31 874.019 2390
-1078.39 874.019 2390
-1064.35 859.391 2350
-1062.44 854.637 2337
-1066.43 854.637 2337
-1070.41 854.637 2337
-1071.18 852.077 2330
-1073.76 850.98 2327
-1074.49 848.42 2320
-1078.44 848.42 2320
-1079.6 846.226 2314
-1082.14 845.128 2311
-1086.08 845.128 2311
-1090.02 845.128 2311
-1093.96 845.128 2311
-1096 843.666 2307
-1095.64 840.374 2298
-1099.56 840.374 2298
-1102.03 839.277 2295
-1101.13 835.62 2285
-1102.12 833.426 2279
-1106.01 833.426 2279
-1105.51 830.135 2270
-1106.45 827.941 2264
-1108.83 826.844 2261
-1112.69 826.844 2261
-1114.57 825.381 2257
-1116.93 824.284 2254
-1117.79 822.09 2248
-1121.62 822.09 2248
-1122.45 819.895 2242
-1115.72 812.216 2221
-1112.45 807.096 2207
-1116.21 807.096 2207
-1113.89 802.707 2195
-1113.05 799.416 2186
-1112.68 796.491 2178
-1116.4 796.491 2178
-1120.11 796.491 2178
1844.64 1311.46 3603
1838.5 1311.46 3603
1832.36 1311.46 3603
1826.22 1311.46 3603
1832.2 1320.2 3627
1826.01 1320.2 3627
1835.39 1331.48 3658
1829.15 1331.48 3658
1827.4 1334.76 3667
1821.15 1334.76 3667
1822.81 1340.58 3683
1816.54 1340.58 3683
1810.26 1340.58 3683
1803.98 1340.58 3683
1797.7 1340.58 3683
1791.42 1340.58 3683
1777.39 1334.76 3667
1762.93 1328.57 3650
1756.7 1328.57 3650
1743.29 1323.11 3635
1737.09 1323.11 3635
1734.23 1325.66 3642
1735.61 1331.48 3658
1729.37 1331.48 3658
1734.91 1340.58 3683
1736.15 1346.41 3699
1729.84 1346.41 3699
1723.53 1346.41 3699
1717.23 1346.41 3699
1707.22 1343.49 3691
1708.3 1349.32 3707
1701.98 1349.32 3707
1695.66 1349.32 3707
1689.34 1349.32 3707
1683.02 1349.32 3707
1658.61 1334.76 3667
1637.94 1323.11 3635
1628.15 1320.2 3627
1621.97 1320.2 3627
1615.79 1320.2 3627
1613.16 1323.11 3635
1606.96 1323.11 3635
1600.76 1323.11 3635
1594.57 1323.11 3635
1588.37 1323.11 3635
1575.21 1317.29 3619
1569.04 1317.29 3619
1566.32 1320.2 3627
1560.14 1320.2 3627
1560.38 1325.66 3642
1561 1331.48 3658
1554.77 1331.48 3658
1548.53 1331.48 3658
1546.09 1334.76 3667
1546.56 1340.58 3683
1540.28 1340.58 3683
1537.33 1343.49 3691
1544.73 1355.51 3724
1541.68 1358.42 3732
1535.32 1358.42 3732
1535.92 1364.61 3749
1532.8 1367.52 3757
1533.3 1373.71 3774
1526.87 1373.71 3774
1520.43 1373.71 3774
1510.79 1370.79 3766
1507.56 1373.71 3774
1501.13 1373.71 3774
1494.7 1373.71 3774
1488.26 1373.71 3774
1481.83 1373.71 3774
1468.75 1367.52 3757
1442.88 1349.32 3707
1427.26 1340.58 3683
1417.9 1337.67 3675
1411.63 1337.67 3675
1402.31 1334.76 3667
1392.63 1331.48 3658
1386.4 1331.48 3658
1380.16 1331.48 3658
1370.92 1328.57 3650
1359.09 1323.11 3635
1349.91 1320.2 3627
1343.73 1320.2 3627
1331.65 1314.38 3611
1325.49 1314.38 3611
1316.41 1311.46 3603
1310.27 1311.46 3603
1304.13 1311.46 3603
1297.99 1311.46 3603
1291.84 1311.46 3603
1285.7 1311.46 3603
1279.56 1311.46 3603
1273.42 1311.46 3603
1267.28 1311.46 3603
1261.13 1311.46 3603
1254.99 1311.46 3603
1248.85 1311.46 3603
1239.95 1308.55 3595
1233.82 1308.55 3595
1227.69 1308.55 3595
1221.56 1308.55 3595
1215.43 1308.55 3595
1209.3 1308.55 3595
1203.18 1308.55 3595
1205.04 1317.29 3619
1204.17 1323.11 3635
1197.97 1323.11 3635
1191.78 1323.11 3635
1185.58 1323.11 3635
1179.38 1323.11 3635
1173.19 1323.11 3635
1166.99 1323.11 3635
1160.79 1323.11 3635
1146.97 1314.38 3611
1140.82 1314.38 3611
1108.27 1283.8 3527
299.377 1134.93 3118
294.061 1134.93 3118
290.413 1141.48 3136
286.703 1148.03 3154
282.397 1152.4 3166
276.999 1152.4 3166
271.602 1152.4 3166
265.7 1150.21 3160
260.313 1150.21 3160
254.926 1150.21 3160
249.539 1150.21 3160
244.616 1152.4 3166
239.219 1152.4 3166
233.821 1152.4 3166
228.424 1152.4 3166
223.027 1152.4 3166
217.63 1152.4 3166
212.233 1152.4 3166
206.835 1152.4 3166
201.056 1150.21 3160
195.669 1150.21 3160
190.282 1150.21 3160
184.895 1150.21 3160
179.508 1150.21 3160
174.121 1150.21 3160
168.734 1150.21 3160
163.347 1150.21 3160
157.66 1148.03 3154
152.863 1152.4 3166
147.466 1152.4 3166
142.338 1154.58 3172
137.189 1156.77 3178
131.772 1156.77 3178
126.354 1156.77 3178
121.165 1158.95 3184
115.737 1158.95 3184
110.309 1158.95 3184
104.881 1158.95 3184
99.4529 1158.95 3184
-1116.6 939.828 2582
-1121 939.828 2582
-1125.41 939.828 2582
-1124.99 935.824 2571
-1124.11 931.456 2559
-1124.94 928.544 2551
-1129.29 928.544 2551
-1131.86 927.088 2547
-1084.9 885.229 2432
-1079.64 877.585 2411
-1074.31 869.941 2390
-1078.39 869.941 2390
-1062.53 853.925 2346
-1062.44 850.649 2337
-1063.23 848.102 2330
-1067.2 848.102 2330
-1071.18 848.102 2330
-1070.53 844.462 2320
-1074.49 844.462 2320
-1078.44 844.462 2320
-1078.2 841.186 2311
-1082.14 841.186 2311
-1086.08 841.186 2311
-1090.02 841.186 2311
-1092.06 839.73 2307
-1091.72 836.454 2298
-1090.87 832.814 2288
-1094.77 832.814 2288
-1097.23 831.722 2285
-1098.24 829.538 2279
-1097.77 826.262 2270
-1101.64 826.262 2270
-1102.59 824.078 2264
-1104.98 822.986 2261
-1105.4 820.438 2254
-1109.24 820.438 2254
-1111.6 819.346 2251
-1113.96 818.254 2248
-1111.82 813.886 2236
-1115.63 813.886 2236
-1111.93 808.426 2221
-1108.69 803.33 2207
-1110.94 802.239 2204
-1114.7 802.239 2204
-1110.84 796.779 2189
-1112.03 794.959 2184
-1112.68 792.775 2178
-1116.4 792.775 2178
-1118.57 791.683 2175
1822.81 1334.3 3683
1816.54 1334.3 3683
1810.26 1334.3 3683
1803.98 1334.3 3683
1797.7 1334.3 3683
1791.42 1334.3 3683
1777.39 1328.5 3667
1762.93 1322.34 3650
1756.7 1322.34 3650
1739.45 1314.01 3627
1733.27 1314.01 3627
1730.89 1316.91 3635
1731.81 1322.34 3650
1725.59 1322.34 3650
1727.38 1328.5 3667
1728.64 1334.3 3683
1722.36 1334.3 3683
1716.08 1334.3 3683
1709.8 1334.3 3683
1703.52 1334.3 3683
1700.93 1337.2 3691
1694.64 1337.2 3691
1688.35 1337.2 3691
1674.76 1331.4 3675
1668.5 1331.4 3675
1658.61 1328.5 3667
1637.94 1316.91 3635
1631.75 1316.91 3635
1632.26 1322.34 3650
1626.03 1322.34 3650
1619.81 1322.34 3650
1613.59 1322.34 3650
1607.37 1322.34 3650
1597.64 1319.45 3642
1591.43 1319.45 3642
1585.22 1319.45 3642
1579.01 1319.45 3642
1572.8 1319.45 3642
1573.47 1325.24 3658
1571.09 1328.5 3667
1575.09 1337.2 3691
1568.79 1337.2 3691
1569.27 1342.99 3707
1562.95 1342.99 3707
1560.41 1346.25 3716
1554.08 1346.25 3716
1554.41 1352.05 3732
1558.42 1361.11 3757
1555.73 1364.37 3766
1549.31 1364.37 3766
1542.89 1364.37 3766
1543.41 1370.53 3783
1547.52 1379.95 3809
1541.03 1379.95 3809
1534.53 1379.95 3809
1528.04 1379.95 3809
1521.55 1379.95 3809
1504.71 1370.53 3783
1498.26 1370.53 3783
1491.81 1370.53 3783
1485.36 1370.53 3783
1472.27 1364.37 3766
1442.88 1342.99 3707
1433.46 1340.1 3699
1427.16 1340.1 3699
1411.63 1331.4 3675
1402.31 1328.5 3667
1396.06 1328.5 3667
1386.4 1325.24 3658
1380.16 1325.24 3658
1370.92 1322.34 3650
1359.09 1316.91 3635
1346.94 1311.11 3619
1340.77 1311.11 3619
1331.65 1308.21 3611
1319.62 1302.42 3595
1313.49 1302.42 3595
1307.36 1302.42 3595
1301.23 1302.42 3595
1295.1 1302.42 3595
1288.98 1302.42 3595
1282.85 1302.42 3595
1276.72 1302.42 3595
1273.42 1305.32 3603
1270.09 1308.21 3611
1263.93 1308.21 3611
1257.78 1308.21 3611
1251.62 1308.21 3611
1242.71 1305.32 3603
1236.56 1305.32 3603
1230.42 1305.32 3603
1224.28 1305.32 3603
1218.14 1305.32 3603
1214.69 1308.21 3611
1208.53 1308.21 3611
1210.37 1316.91 3635
1209.14 1322.34 3650
1202.92 1322.34 3650
1196.69 1322.34 3650
1190.47 1322.34 3650
1184.25 1322.34 3650
1178.03 1322.34 3650
1166.99 1316.91 3635
1160.79 1316.91 3635
1146.97 1308.21 3611
1140.82 1308.21 3611
299.377 1129.61 3118
294.061 1129.61 3118
293.747 1149.17 3172
288.339 1149.17 3172
282.932 1149.17 3172
276.999 1147 3166
271.602 1147 3166
265.7 1144.82 3160
260.313 1144.82 3160
254.926 1144.82 3160
250.013 1147 3166
245.079 1149.17 3172
239.672 1149.17 3172
234.265 1149.17 3172
228.857 1149.17 3172
223.45 1149.17 3172
218.042 1149.17 3172
212.635 1149.17 3172
207.227 1149.17 3172
201.438 1147 3166
196.041 1147 3166
190.644 1147 3166
185.597 1149.17 3172
180.531 1151.34 3178
175.113 1151.34 3178
169.695 1151.34 3178
163.968 1149.17 3172
158.26 1147 3166
153.442 1151.34 3178
148.025 1151.34 3178
142.876 1153.52 3184
137.966 1157.87 3196
132.518 1157.87 3196
127.07 1157.87 3196
121.85 1160.04 3202
116.609 1162.21 3208
111.14 1162.21 3208
105.671 1162.21 3208
100.203 1162.21 3208
-1116.6 935.422 2582
-1121 935.422 2582
-1125.41 935.422 2582
-1124.99 931.437 2571
-1125.86 928.539 2563
-1124.94 924.192 2551
-1129.29 924.192 2551
-1130.08 921.293 2543
-1075.53 873.471 2411
-1070.24 865.863 2390
-1074.31 865.863 2390
-1078.39 865.863 2390
-1058.46 846.662 2337
-1062.44 846.662 2337
-1058.67 840.503 2320
-1062.62 840.503 2320
-1066.58 840.503 2320
-1070.53 840.503 2320
-1070.32 837.243 2311
-1074.26 837.243 2311
-1076.33 835.794 2307
-1074.65 831.446 2295
-1078.56 831.446 2295
-1082.47 831.446 2295
-1084.96 830.359 2292
-1086.97 828.91 2288
-1088.01 826.737 2282
-1091.9 826.737 2282
-1090.03 822.389 2270
-1091.01 820.215 2264
-1094.87 820.215 2264
-1098.73 820.215 2264
-1101.13 819.129 2261
-1098.63 814.419 2248
-1100.99 813.332 2245
-1104.81 813.332 2245
-1105.68 811.158 2239
-1108.01 810.071 2236
-1108.84 807.898 2230
-1112.64 807.898 2230
-1110.43 803.55 2218
-1107.18 798.478 2204
-1106.4 795.218 2195
-1110.14 795.218 2195
-1110.84 793.044 2189
-1112.03 791.233 2184
-1112.68 789.059 2178
-1116.4 789.059 2178
-1118.57 787.972 2175
1830.73 1333.78 3699
1824.43 1333.78 3699
1818.12 1333.78 3699
1815.73 1336.67 3707
1809.41 1336.67 3707
1803.1 1336.67 3707
1785.14 1328.02 3683
1766.79 1319 3658
1760.55 1319 3658
1743.29 1310.71 3635
1729.44 1304.94 3619
1723.28 1304.94 3619
1717.11 1304.94 3619
1710.67 1319 3658
1704.43 1319 3658
1698.19 1319 3658
1691.96 1319 3658
1697.24 1328.02 3683
1690.96 1328.02 3683
1684.69 1328.02 3683
1674.76 1325.13 3675
1668.5 1325.13 3675
1658.61 1322.25 3667
1637.94 1310.71 3635
1631.75 1310.71 3635
1632.26 1316.12 3650
1626.03 1316.12 3650
1619.81 1316.12 3650
1613.59 1316.12 3650
1607.37 1316.12 3650
1597.64 1313.23 3642
1591.43 1313.23 3642
1585.22 1313.23 3642
1579.01 1313.23 3642
1572.8 1313.23 3642
1573.47 1319 3658
1571.09 1322.25 3667
1575.09 1330.9 3691
1568.79 1330.9 3691
1569.27 1336.67 3707
1562.95 1336.67 3707
1560.41 1339.91 3716
1554.08 1339.91 3716
1554.41 1345.68 3732
1558.42 1354.7 3757
1555.73 1357.94 3766
1549.31 1357.94 3766
1542.89 1357.94 3766
1543.41 1364.07 3783
1547.52 1373.45 3809
1541.03 1373.45 3809
1534.53 1373.45 3809
1528.04 1373.45 3809
1521.55 1373.45 3809
1504.71 1364.07 3783
1498.26 1364.07 3783
1491.81 1364.07 3783
1485.36 1364.07 3783
1475.4 1360.83 3774
1446.39 1339.91 3716
1433.46 1333.78 3699
1427.16 1333.78 3699
1411.63 1325.13 3675
1402.31 1322.25 3667
1396.06 1322.25 3667
1386.4 1319 3658
1380.16 1319 3658
1370.92 1316.12 3650
1359.09 1310.71 3635
1346.94 1304.94 3619
1340.77 1304.94 3619
1331.65 1302.05 3611
1319.62 1296.28 3595
1313.49 1296.28 3595
1307.36 1296.28 3595
1301.23 1296.28 3595
1297.99 1299.17 3603
1291.84 1299.17 3603
1285.7 1299.17 3603
1279.56 1299.17 3603
1273.42 1299.17 3603
1272.9 1304.94 3619
1266.73 1304.94 3619
1260.56 1304.94 3619
1251.62 1302.05 3611
1245.47 1302.05 3611
1239.31 1302.05 3611
1233.15 1302.05 3611
1227 1302.05 3611
1220.84 1302.05 3611
1217.38 1304.94 3619
1211.21 1304.94 3619
1215.36 1316.12 3650
1211.79 1319 3658
1205.55 1319 3658
1199.32 1319 3658
1193.08 1319 3658
1186.84 1319 3658
1180.61 1319 3658
1171.8 1316.12 3650
1165.58 1316.12 3650
299.377 1124.29 3118
294.061 1124.29 3118
293.747 1143.76 3172
288.339 1143.76 3172
282.932 1143.76 3172
276.999 1141.6 3166
271.602 1141.6 3166
265.7 1139.43 3160
260.313 1139.43 3160
254.926 1139.43 3160
250.013 1141.6 3166
245.079 1143.76 3172
239.672 1143.76 3172
234.265 1143.76 3172
228.857 1143.76 3172
223.45 1143.76 3172
218.042 1143.76 3172
212.635 1143.76 3172
207.227 1143.76 3172
201.82 1143.76 3172
196.412 1143.76 3172
191.005 1143.76 3172
185.948 1145.92 3178
180.531 1145.92 3178
175.113 1145.92 3178
169.695 1145.92 3178
164.278 1145.92 3178
158.86 1145.92 3178
154.022 1150.25 3190
148.584 1150.25 3190
143.415 1152.41 3196
138.225 1154.58 3202
132.767 1154.58 3202
127.308 1154.58 3202
122.573 1161.43 3221
117.082 1161.43 3221
111.591 1161.43 3221
106.1 1161.43 3221
100.609 1161.43 3221
-1116.6 931.017 2582
-1121 931.017 2582
-1125.41 931.017 2582
-1124.99 927.051 2571
-1125.86 924.166 2563
-1124.94 919.839 2551
-1129.29 919.839 2551
-1130.08 916.955 2543
-1075.53 869.358 2411
-1070.24 861.786 2390
-1074.31 861.786 2390
-1078.39 861.786 2390
-1058.46 842.675 2337
-1062.44 842.675 2337
-1058.67 836.545 2320
-1062.62 836.545 2320
-1066.58 836.545 2320
-1070.53 836.545 2320
-1070.32 833.3 2311
-1074.26 833.3 2311
-1076.33 831.858 2307
-1074.65 827.531 2295
-1078.56 827.531 2295
-1082.47 827.531 2295
-1084.96 826.449 2292
-1086.97 825.007 2288
-1088.01 822.843 2282
-1091.9 822.843 2282
-1090.03 818.516 2270
-1091.01 816.353 2264
-1094.87 816.353 2264
-1098.73 816.353 2264
-1094.79 810.584 2248
-1097.16 809.502 2245
-1096.57 806.257 2236
-1100.39 806.257 2236
-1101.23 804.093 2230
-1105.04 804.093 2230
-1102.87 799.766 2218
-1106.65 799.766 2218
-1104.93 795.8 2207
-1102.66 791.473 2195
-1104.89 790.391 2192
-1108.63 790.391 2192
-1108.3 787.506 2184
-1108.97 785.343 2178
-1111.15 784.261 2175
-1114.86 784.261 2175
-1118.57 784.261 2175
1830.73 1327.47 3699
1824.43 1327.47 3699
1818.12 1327.47 3699
1815.73 1330.34 3707
1809.41 1330.34 3707
1803.1 1330.34 3707
1785.14 1321.73 3683
1775 1318.86 3675
1768.74 1318.86 3675
1743.29 1304.51 3635
1725.62 1295.89 3611
1690.77 1307.02 3642
1691.96 1312.76 3658
1693.56 1318.86 3675
1687.29 1318.86 3675
1681.03 1318.86 3675
1674.76 1318.86 3675
1668.5 1318.86 3675
1658.61 1315.99 3667
1644.7 1309.89 3650
1642.07 1312.76 3658
1635.83 1312.76 3658
1629.6 1312.76 3658
1623.36 1312.76 3658
1617.13 1312.76 3658
1610.89 1312.76 3658
1604.65 1312.76 3658
1605.85 1318.86 3675
1599.58 1318.86 3675
1593.32 1318.86 3675
1587.05 1318.86 3675
1584.23 1321.73 3683
1581.38 1324.6 3691
1589.17 1336.45 3724
1582.82 1336.45 3724
1579.86 1339.32 3732
1573.49 1339.32 3732
1570.49 1342.19 3740
1564.12 1342.19 3740
1571.9 1354.39 3774
1565.47 1354.39 3774
1559.03 1354.39 3774
1552.6 1354.39 3774
1542.89 1351.52 3766
1543.41 1357.62 3783
1547.52 1366.95 3809
1541.03 1366.95 3809
1534.53 1366.95 3809
1528.04 1366.95 3809
1521.55 1366.95 3809
1504.71 1357.62 3783
1498.26 1357.62 3783
1491.81 1357.62 3783
1485.36 1357.62 3783
1475.4 1354.39 3774
1446.39 1333.57 3716
1433.46 1327.47 3699
1427.16 1327.47 3699
1411.63 1318.86 3675
1402.31 1315.99 3667
1396.06 1315.99 3667
1386.4 1312.76 3658
1380.16 1312.76 3658
1365.29 1304.51 3635
1356.1 1301.64 3627
1346.94 1298.76 3619
1340.77 1298.76 3619
1331.65 1295.89 3611
1319.62 1290.15 3595
1316.41 1293.02 3603
1313.18 1295.89 3611
1307.02 1295.89 3611
1300.87 1295.89 3611
1294.71 1295.89 3611
1288.56 1295.89 3611
1282.4 1295.89 3611
1279.07 1298.76 3619
1275.72 1301.64 3627
1269.53 1301.64 3627
1263.35 1301.64 3627
1257.17 1301.64 3627
1248.22 1298.76 3619
1242.06 1298.76 3619
1235.89 1298.76 3619
1232.43 1301.64 3627
1226.25 1301.64 3627
1225.11 1307.02 3642
1218.91 1307.02 3642
1215.36 1309.89 3650
1217.42 1318.86 3675
1211.16 1318.86 3675
1204.89 1318.86 3675
1203.84 1324.6 3691
1197.55 1324.6 3691
1191.26 1324.6 3691
1179.83 1318.86 3675
1165.58 1309.89 3650
293.747 1138.35 3172
288.339 1138.35 3172
282.932 1138.35 3172
276.999 1136.19 3166
271.602 1136.19 3166
266.205 1136.19 3166
260.808 1136.19 3166
255.41 1136.19 3166
250.487 1138.35 3172
245.079 1138.35 3172
239.672 1138.35 3172
234.265 1138.35 3172
228.857 1138.35 3172
223.45 1138.35 3172
218.042 1138.35 3172
212.635 1138.35 3172
207.227 1138.35 3172
201.82 1138.35 3172
196.412 1138.35 3172
191.005 1138.35 3172
185.948 1140.5 3178
180.531 1140.5 3178
175.113 1140.5 3178
169.695 1140.5 3178
164.278 1140.5 3178
158.86 1140.5 3178
154.022 1144.81 3190
148.584 1144.81 3190
143.415 1146.96 3196
138.225 1149.11 3202
132.767 1149.11 3202
127.308 1149.11 3202
122.573 1155.93 3221
117.082 1155.93 3221
111.591 1155.93 3221
106.1 1155.93 3221
100.609 1155.93 3221
-1116.6 926.612 2582
-1121 926.612 2582
-1125.41 926.612 2582
-1129.81 926.612 2582
-1134.21 926.612 2582
-1130.23 919.793 2563
-1134.6 919.793 2563
-1130.08 912.616 2543
-1075.53 865.245 2411
-1070.24 857.708 2390
-1050.49 838.688 2337
-1054.47 838.688 2337
-1056.65 837.253 2333
-1051.99 830.434 2314
-1058.67 832.587 2320
-1062.62 832.587 2320
-1066.58 832.587 2320
-1070.53 832.587 2320
-1068.47 827.922 2307
-1072.4 827.922 2307
-1072.13 824.692 2298
-1074.65 823.615 2295
-1078.56 823.615 2295
-1082.47 823.615 2295
-1084.96 822.539 2292
-1084.12 818.95 2282
-1082.29 814.643 2270
-1086.16 814.643 2270
-1088.59 813.567 2267
-1091.01 812.49 2264
-1093.42 811.414 2261
-1097.27 811.414 2261
-1094.79 806.748 2248
-1097.16 805.672 2245
-1096.57 802.442 2236
-1100.39 802.442 2236
-1101.23 800.289 2230
-1105.04 800.289 2230
-1102.87 795.982 2218
-1106.65 795.982 2218
-1104.93 792.034 2207
-1102.66 787.728 2195
-1104.89 786.651 2192
-1108.63 786.651 2192
-1108.3 783.78 2184
-1108.97 781.627 2178
-1111.15 780.55 2175
-1114.86 780.55 2175
-1118.57 780.55 2175
1830.73 1321.16 3699
1824.43 1321.16 3699
1818.12 1321.16 3699
1820.14 1327.23 3716
1813.81 1327.23 3716
1807.47 1327.23 3716
1808.89 1332.95 3732
1802.53 1332.95 3732
1796.17 1332.95 3732
1743.29 1298.3 3635
1725.62 1289.73 3611
1690.77 1300.8 3642
1691.96 1306.52 3658
1693.56 1312.59 3675
1687.29 1312.59 3675
1681.03 1312.59 3675
1674.76 1312.59 3675
1668.5 1312.59 3675
1658.61 1309.73 3667
1644.7 1303.66 3650
1642.07 1306.52 3658
1643.44 1312.59 3675
1637.17 1312.59 3675
1630.91 1312.59 3675
1624.64 1312.59 3675
1618.38 1312.59 3675
1612.11 1312.59 3675
1605.85 1312.59 3675
1603.06 1315.45 3683
1596.79 1315.45 3683
1590.51 1315.45 3683
1587.67 1318.31 3691
1588.23 1324.02 3707
1592.58 1332.95 3732
1586.22 1332.95 3732
1587.05 1339.02 3749
1580.66 1339.02 3749
1574.27 1339.02 3749
1564.12 1335.81 3740
1579.4 1354.38 3792
1572.93 1354.38 3792
1566.47 1354.38 3792
1560.01 1354.38 3792
1542.89 1345.09 3766
1543.41 1351.17 3783
1547.52 1360.45 3809
1541.03 1360.45 3809
1534.53 1360.45 3809
1528.04 1360.45 3809
1521.55 1360.45 3809
1504.71 1351.17 3783
1498.26 1351.17 3783
1491.81 1351.17 3783
1485.36 1351.17 3783
1475.4 1347.95 3774
1452.61 1332.95 3732
1436.56 1324.02 3707
1430.24 1324.02 3707
1411.63 1312.59 3675
1402.31 1309.73 3667
1396.06 1309.73 3667
1389.81 1309.73 3667
1383.56 1309.73 3667
1370.92 1303.66 3650
1359.09 1298.3 3635
1349.91 1295.45 3627
1343.73 1295.45 3627
1334.6 1292.59 3619
1325.49 1289.73 3611
1316.41 1286.88 3603
1313.18 1289.73 3611
1307.02 1289.73 3611
1300.87 1289.73 3611
1294.71 1289.73 3611
1288.56 1289.73 3611
1282.4 1289.73 3611
1279.07 1292.59 3619
1275.72 1295.45 3627
1269.53 1295.45 3627
1263.35 1295.45 3627
1257.17 1295.45 3627
1248.22 1292.59 3619
1242.06 1292.59 3619
1235.89 1292.59 3619
1232.43 1295.45 3627
1226.25 1295.45 3627
1225.11 1300.8 3642
1218.91 1300.8 3642
1215.36 1303.66 3650
1217.42 1312.59 3675
1211.16 1312.59 3675
1204.89 1312.59 3675
1203.84 1318.31 3691
1197.55 1318.31 3691
1191.26 1318.31 3691
1179.83 1312.59 3675
1165.58 1303.66 3650
287.248 1128.65 3160
282.397 1130.79 3166
276.999 1130.79 3166
271.602 1130.79 3166
266.205 1130.79 3166
261.302 1132.94 3172
255.894 1132.94 3172
250.487 1132.94 3172
245.079 1132.94 3172
239.672 1132.94 3172
234.265 1132.94 3172
229.723 1137.22 3184
224.295 1137.22 3184
218.867 1137.22 3184
213.439 1137.22 3184
208.011 1137.22 3184
202.202 1135.08 3178
196.784 1135.08 3178
191.366 1135.08 3178
186.651 1139.36 3190
181.212 1139.36 3190
175.774 1139.36 3190
170.336 1139.36 3190
164.898 1139.36 3190
159.46 1139.36 3190
154.601 1143.65 3202
149.143 1143.65 3202
143.953 1145.79 3208
139.046 1150.44 3221
133.555 1150.44 3221
128.064 1150.44 3221
122.801 1152.58 3227
117.736 1156.87 3239
112.214 1156.87 3239
106.693 1156.87 3239
101.171 1156.87 3239
-1121 922.207 2582
-1125.41 922.207 2582
-1129.81 922.207 2582
-1134.21 922.207 2582
-1132 916.849 2567
-1136.37 916.849 2567
-1130.08 908.277 2543
-1067.5 854.702 2393
-1049.19 836.844 2343
-1048.69 833.272 2333
-1052.67 833.272 2333
-1046.68 825.414 2311
-1051.99 826.486 2314
-1060.04 829.7 2323
-1064 829.7 2323
-1067.96 829.7 2323
-1070.53 828.629 2320
-1068.47 823.986 2307
-1072.4 823.986 2307
-1073.53 821.843 2301
-1076.05 820.771 2298
-1078.56 819.7 2295
-1082.47 819.7 2295
-1084.96 818.628 2292
-1084.12 815.057 2282
-1085.15 812.914 2276
-1089.03 812.914 2276
-1090.03 810.771 2270
-1091.01 808.628 2264
-1090.03 805.056 2254
-1093.87 805.056 2254
-1093.33 801.841 2245
-1094.23 799.698 2239
-1093.63 796.484 2230
-1097.43 796.484 2230
-1098.27 794.341 2224
-1099.09 792.198 2218
-1100.38 790.412 2213
-1104.16 790.412 2213
-1098.92 783.983 2195
-1101.15 782.911 2192
-1100.86 780.054 2184
-1104.58 780.054 2184
-1105.26 777.911 2178
-1107.44 776.84 2175
-1108.09 774.697 2169
-1111.78 774.697 2169
-1115.48 774.697 2169
1814.19 1312.01 3691
1820.14 1320.9 3716
1813.81 1320.9 3716
1807.47 1320.9 3716
1808.89 1326.58 3732
1802.53 1326.58 3732
1796.17 1326.58 3732
1743.29 1292.1 3635
1725.62 1283.57 3611
1690.77 1294.59 3642
1691.96 1300.28 3658
1693.56 1306.32 3675
1687.29 1306.32 3675
1681.03 1306.32 3675
1674.76 1306.32 3675
1668.5 1306.32 3675
1658.61 1303.48 3667
1644.7 1297.43 3650
1646.11 1303.48 3667
1647.01 1309.16 3683
1640.74 1309.16 3683
1634.46 1309.16 3683
1628.18 1309.16 3683
1621.9 1309.16 3683
1615.62 1309.16 3683
1605.85 1306.32 3675
1603.06 1309.16 3683
1596.79 1309.16 3683
1590.51 1309.16 3683
1587.67 1312.01 3691
1588.23 1317.7 3707
1599.84 1332.63 3749
1593.44 1332.63 3749
1587.05 1332.63 3749
1580.66 1332.63 3749
1574.27 1332.63 3749
1567.88 1332.63 3749
1579.4 1347.91 3792
1572.93 1347.91 3792
1566.47 1347.91 3792
1560.01 1347.91 3792
1542.89 1338.67 3766
1543.41 1344.71 3783
1547.52 1353.95 3809
1541.03 1353.95 3809
1534.53 1353.95 3809
1528.04 1353.95 3809
1521.55 1353.95 3809
1501.13 1341.51 3774
1494.7 1341.51 3774
1488.26 1341.51 3774
1481.83 1341.51 3774
1475.4 1341.51 3774
1455.73 1329.43 3740
1440.05 1320.9 3716
1433.72 1320.9 3716
1414.71 1309.16 3683
1405.37 1306.32 3675
1399.1 1306.32 3675
1392.84 1306.32 3675
1383.56 1303.48 3667
1373.92 1300.28 3658
1364.7 1297.43 3650
1358.47 1297.43 3650
1352.25 1297.43 3650
1343.08 1294.59 3642
1336.87 1294.59 3642
1330.66 1294.59 3642
1321.91 1292.1 3635
1315.71 1292.1 3635
1312.04 1294.59 3642
1305.83 1294.59 3642
1299.62 1294.59 3642
1288.08 1289.26 3627
1281.9 1289.26 3627
1280.99 1294.59 3642
1274.78 1294.59 3642
1268.58 1294.59 3642
1259.94 1292.1 3635
1253.74 1292.1 3635
1247.55 1292.1 3635
1241.35 1292.1 3635
1240.25 1297.43 3650
1234.03 1297.43 3650
1227.81 1297.43 3650
1221.58 1297.43 3650
1215.36 1297.43 3650
1220.07 1309.16 3683
1213.79 1309.16 3683
1207.51 1309.16 3683
1203.84 1312.01 3691
1197.55 1312.01 3691
1191.26 1312.01 3691
1179.83 1306.32 3675
287.248 1123.26 3160
283.467 1129.66 3178
278.049 1129.66 3178
272.632 1129.66 3178
266.205 1125.39 3166
261.302 1127.52 3172
255.894 1127.52 3172
251.435 1131.79 3184
246.007 1131.79 3184
240.579 1131.79 3184
235.151 1131.79 3184
229.723 1131.79 3184
224.295 1131.79 3184
218.867 1131.79 3184
213.439 1131.79 3184
208.011 1131.79 3184
202.583 1131.79 3184
197.527 1133.92 3190
192.089 1133.92 3190
187.002 1136.06 3196
181.894 1138.19 3202
176.436 1138.19 3202
170.977 1138.19 3202
165.208 1136.06 3196
159.76 1136.06 3196
154.891 1140.32 3208
149.422 1140.32 3208
144.537 1144.94 3221
139.046 1144.94 3221
133.803 1147.07 3227
128.302 1147.07 3227
123.258 1151.34 3239
117.736 1151.34 3239
112.214 1151.34 3239
107.121 1155.96 3252
101.577 1155.96 3252
96.0331 1155.96 3252
-1121 917.802 2582
-1125.41 917.802 2582
-1129.81 917.802 2582
-1134.21 917.802 2582
-1132 912.47 2567
-1136.37 912.47 2567
-1123.42 898.607 2528
-1051 837.467 2356
-1049.19 832.846 2343
-1047.34 828.225 2330
-1051.32 828.225 2330
-1046.68 821.472 2311
-1051.99 822.538 2314
-1063.23 828.225 2330
-1067.2 828.225 2330
-1071.18 828.225 2330
-1075.15 828.225 2330
-1071.71 822.538 2314
-1075.65 822.538 2314
-1076.33 820.05 2307
-1078.86 818.983 2304
-1082.79 818.983 2304
-1086.72 818.983 2304
-1086.38 815.784 2295
-1086.97 813.296 2288
-1086.58 810.097 2279
-1090.47 810.097 2279
-1090.03 806.898 2270
-1092.45 805.831 2267
-1090.03 801.21 2254
-1093.87 801.21 2254
-1093.33 798.011 2245
-1091.3 793.746 2233
-1090.69 790.547 2224
-1094.48 790.547 2224
-1095.31 788.414 2218
-1096.61 786.636 2213
-1095.91 783.437 2204
-1099.67 783.437 2204
-1097.42 779.172 2192
-1097.13 776.328 2184
-1097.83 774.195 2178
-1101.55 774.195 2178
-1103.74 773.129 2175
-1105.92 772.062 2172
-1107.07 770.285 2167
-1110.76 770.285 2167
-1114.45 770.285 2167
1814.19 1305.71 3691
1820.14 1314.56 3716
1813.81 1314.56 3716
1807.47 1314.56 3716
1808.89 1320.22 3732
1802.53 1320.22 3732
1796.17 1320.22 3732
1687.52 1285.9 3635
1684.56 1288.38 3642
1689.87 1297.22 3667
1683.62 1297.22 3667
1677.37 1297.22 3667
1671.12 1297.22 3667
1664.86 1297.22 3667
1654.54 1294.04 3658
1648.31 1294.04 3658
1646.11 1297.22 3667
1647.01 1302.88 3683
1640.74 1302.88 3683
1634.46 1302.88 3683
1628.18 1302.88 3683
1621.9 1302.88 3683
1615.62 1302.88 3683
1605.85 1300.05 3675
1603.06 1302.88 3683
1596.79 1302.88 3683
1590.51 1302.88 3683
1587.67 1305.71 3691
1588.23 1311.37 3707
1599.84 1326.23 3749
1593.44 1326.23 3749
1587.05 1326.23 3749
1580.66 1326.23 3749
1574.27 1326.23 3749
1567.88 1326.23 3749
1579.4 1341.44 3792
1572.93 1341.44 3792
1566.47 1341.44 3792
1560.01 1341.44 3792
1542.89 1332.24 3766
1543.41 1338.26 3783
1547.52 1347.45 3809
1541.03 1347.45 3809
1534.53 1347.45 3809
1528.04 1347.45 3809
1521.55 1347.45 3809
1501.13 1335.07 3774
1494.7 1335.07 3774
1488.26 1335.07 3774
1481.83 1335.07 3774
1475.4 1335.07 3774
1455.73 1323.05 3740
1443.15 1317.39 3724
1436.8 1317.39 3724
1420.85 1308.54 3699
1408.43 1302.88 3683
1402.15 1302.88 3683
1395.87 1302.88 3683
1389.59 1302.88 3683
1380.31 1300.05 3675
1367.69 1294.04 3658
1361.45 1294.04 3658
1352.25 1291.21 3650
1346.03 1291.21 3650
1339.81 1291.21 3650
1333.59 1291.21 3650
1324.45 1288.38 3642
1318.24 1288.38 3642
1314.92 1291.21 3650
1308.7 1291.21 3650
1302.47 1291.21 3650
1293.41 1288.38 3642
1287.2 1288.38 3642
1280.99 1288.38 3642
1274.78 1288.38 3642
1268.58 1288.38 3642
1262.37 1288.38 3642
1256.16 1288.38 3642
1249.95 1288.38 3642
1249.2 1294.04 3658
1242.97 1294.04 3658
1236.73 1294.04 3658
1227.81 1291.21 3650
1221.58 1291.21 3650
1215.36 1291.21 3650
1220.07 1302.88 3683
1213.79 1302.88 3683
1207.51 1302.88 3683
1203.84 1305.71 3691
1197.55 1305.71 3691
1191.26 1305.71 3691
1179.83 1300.05 3675
287.248 1117.87 3160
283.467 1124.23 3178
278.049 1124.23 3178
272.632 1124.23 3178
266.205 1119.99 3166
261.302 1122.11 3172
255.894 1122.11 3172
251.435 1126.36 3184
246.007 1126.36 3184
240.579 1126.36 3184
235.151 1126.36 3184
229.723 1126.36 3184
224.295 1126.36 3184
219.28 1128.48 3190
213.841 1128.48 3190
208.403 1128.48 3190
202.965 1128.48 3190
197.898 1130.6 3196
192.45 1130.6 3196
187.353 1132.72 3202
181.894 1132.72 3202
176.436 1132.72 3202
170.977 1132.72 3202
165.518 1132.72 3202
160.36 1134.85 3208
154.891 1134.85 3208
149.422 1134.85 3208
144.537 1139.45 3221
139.564 1143.69 3233
134.052 1143.69 3233
128.779 1145.81 3239
123.524 1148.29 3246
118.208 1150.41 3252
112.665 1150.41 3252
107.121 1150.41 3252
101.577 1150.41 3252
96.0331 1150.41 3252
-1121 913.397 2582
-1125.41 913.397 2582
-1129.81 913.397 2582
-1134.21 913.397 2582
-1132 908.09 2567
-1136.37 908.09 2567
-1123.42 894.294 2528
-1051 833.448 2356
-1049.19 828.849 2343
-1047.34 824.25 2330
-1051.32 824.25 2330
-1046.68 817.529 2311
-1053.35 819.651 2317
-1063.23 824.25 2330
-1067.2 824.25 2330
-1071.18 824.25 2330
-1075.15 824.25 2330
-1073.1 819.651 2317
-1077.05 819.651 2317
-1078.2 817.529 2311
-1078.86 815.053 2304
-1082.79 815.053 2304
-1086.72 815.053 2304
-1089.22 813.991 2301
-1086.97 809.392 2288
-1086.58 806.209 2279
-1090.47 806.209 2279
-1090.03 803.025 2270
-1092.45 801.964 2267
-1090.03 797.365 2254
-1093.87 797.365 2254
-1090.41 792.058 2239
-1088.36 787.813 2227
-1087.75 784.63 2218
-1091.53 784.63 2218
-1091.36 781.8 2210
-1092.15 779.677 2204
-1092.93 777.555 2198
-1096.67 777.555 2198
-1093.41 772.602 2184
-1094.12 770.479 2178
-1096.32 769.418 2175
-1100.03 769.418 2175
-1100.69 767.296 2169
-1103.37 766.588 2167
-1104 764.466 2161
-1107.68 764.466 2161
-1111.37 764.466 2161
1683.8 1276.88 3627
1684.56 1282.16 3642
1693.56 1293.78 3675
1687.29 1293.78 3675
1681.03 1293.78 3675
1678.41 1296.6 3683
1672.13 1296.6 3683
1665.85 1296.6 3683
1655.97 1293.78 3675
1653.29 1296.6 3683
1650.59 1299.41 3691
1644.3 1299.41 3691
1638.01 1299.41 3691
1631.72 1299.41 3691
1625.42 1299.41 3691
1615.62 1296.6 3683
1609.34 1296.6 3683
1603.06 1296.6 3683
1596.79 1296.6 3683
1590.51 1296.6 3683
1584.23 1296.6 3683
1588.23 1305.05 3707
1599.84 1319.83 3749
1593.44 1319.83 3749
1594.25 1325.82 3766
1587.83 1325.82 3766
1581.41 1325.82 3766
1574.99 1325.82 3766
1579.4 1334.97 3792
1572.93 1334.97 3792
1566.47 1334.97 3792
1560.01 1334.97 3792
1539.2 1322.65 3757
1539.73 1328.63 3774
1540.61 1334.97 3792
1534.15 1334.97 3792
1527.68 1334.97 3792
1521.22 1334.97 3792
1514.76 1334.97 3792
1494.37 1322.65 3757
1491.53 1325.82 3766
1485.11 1325.82 3766
1478.69 1325.82 3766
1472.27 1325.82 3766
1455.73 1316.66 3740
1443.15 1311.03 3724
1436.8 1311.03 3724
1420.85 1302.23 3699
1408.43 1296.6 3683
1402.15 1296.6 3683
1395.87 1296.6 3683
1389.59 1296.6 3683
1380.31 1293.78 3675
1367.69 1287.8 3658
1361.45 1287.8 3658
1352.25 1284.98 3650
1346.03 1284.98 3650
1339.81 1284.98 3650
1339.8 1290.96 3667
1333.55 1290.96 3667
1327.29 1290.96 3667
1321.04 1290.96 3667
1314.79 1290.96 3667
1308.54 1290.96 3667
1299.09 1287.8 3658
1290.03 1284.98 3650
1286.62 1287.8 3658
1280.38 1287.8 3658
1274.15 1287.8 3658
1267.91 1287.8 3658
1261.68 1287.8 3658
1255.44 1287.8 3658
1249.2 1287.8 3658
1242.97 1287.8 3658
1236.73 1287.8 3658
1230.5 1287.8 3658
1221.58 1284.98 3650
1221.02 1290.96 3667
1220.07 1296.6 3683
1213.79 1296.6 3683
1207.51 1296.6 3683
1203.84 1299.41 3691
1197.55 1299.41 3691
1191.26 1299.41 3691
1179.83 1293.78 3675
286.703 1110.36 3154
283.467 1118.81 3178
278.049 1118.81 3178
272.632 1118.81 3178
267.214 1118.81 3178
261.796 1118.81 3178
256.378 1118.81 3178
251.435 1120.93 3184
246.007 1120.93 3184
240.579 1120.93 3184
235.151 1120.93 3184
229.723 1120.93 3184
224.718 1123.04 3190
219.28 1123.04 3190
213.841 1123.04 3190
208.403 1123.04 3190
202.965 1123.04 3190
197.898 1125.15 3196
192.45 1125.15 3196
187.353 1127.26 3202
181.894 1127.26 3202
176.436 1127.26 3202
170.977 1127.26 3202
165.518 1127.26 3202
160.36 1129.37 3208
154.891 1129.37 3208
149.422 1129.37 3208
144.537 1133.95 3221
139.564 1138.18 3233
134.052 1138.18 3233
128.779 1140.29 3239
123.524 1142.75 3246
118.208 1144.86 3252
112.665 1144.86 3252
107.121 1144.86 3252
101.577 1144.86 3252
96.0331 1144.86 3252
-1121 908.991 2582
-1125.41 908.991 2582
-1129.81 908.991 2582
-1134.21 908.991 2582
-1034.55 822.739 2337
-1041.2 824.852 2343
-1045.2 824.852 2343
-1049.19 824.852 2343
-1047.34 820.275 2330
-1051.32 820.275 2330
-1046.68 813.586 2311
-1053.35 815.698 2317
-1063.23 820.275 2330
-1067.2 820.275 2330
-1071.18 820.275 2330
-1075.15 820.275 2330
-1073.1 815.698 2317
-1077.05 815.698 2317
-1078.2 813.586 2311
-1078.86 811.122 2304
-1082.79 811.122 2304
-1086.72 811.122 2304
-1089.22 810.066 2301
-1086.97 805.489 2288
-1086.58 802.32 2279
-1090.47 802.32 2279
-1090.03 799.152 2270
-1092.45 798.096 2267
-1087.13 791.407 2248
-1090.96 791.407 2248
-1090.41 788.238 2239
-1088.36 784.014 2227
-1087.75 780.845 2218
-1091.53 780.845 2218
-1091.36 778.029 2210
-1092.15 775.917 2204
-1092.93 773.805 2198
-1096.67 773.805 2198
-1093.41 768.876 2184
-1094.12 766.763 2178
-1096.32 765.707 2175
-1100.03 765.707 2175
-1100.69 763.595 2169
-1103.37 762.891 2167
-1104 760.779 2161
-1107.68 760.779 2161
-1111.37 760.779 2161
1683.8 1270.69 3627
1684.56 1275.95 3642
1712.45 1301.88 3716
1706.12 1301.88 3716
1699.78 1301.88 3716
1689.34 1298.72 3707
1683.02 1298.72 3707
1676.71 1298.72 3707
1663.18 1293.12 3691
1656.88 1293.12 3691
1654.17 1295.92 3699
1647.86 1295.92 3699
1641.56 1295.92 3699
1635.25 1295.92 3699
1628.95 1295.92 3699
1622.64 1295.92 3699
1609.34 1290.31 3683
1603.06 1290.31 3683
1596.79 1290.31 3683
1590.51 1290.31 3683
1584.23 1290.31 3683
1588.23 1298.72 3707
1603.25 1316.24 3757
1596.84 1316.24 3757
1601.45 1325.35 3783
1595 1325.35 3783
1588.55 1325.35 3783
1574.99 1319.39 3766
1575.65 1325.35 3783
1569.2 1325.35 3783
1562.75 1325.35 3783
1556.3 1325.35 3783
1546.17 1322.2 3774
1539.73 1322.2 3774
1536.96 1325.35 3783
1530.51 1325.35 3783
1524.06 1325.35 3783
1517.61 1325.35 3783
1511.16 1325.35 3783
1494.37 1316.24 3757
1491.53 1319.39 3766
1485.11 1319.39 3766
1478.69 1319.39 3766
1472.27 1319.39 3766
1465.85 1319.39 3766
1449.35 1310.28 3740
1442.98 1310.28 3740
1430.46 1304.68 3724
1414.55 1295.92 3699
1408.24 1295.92 3699
1401.93 1295.92 3699
1395.63 1295.92 3699
1386.32 1293.12 3691
1377.04 1290.31 3683
1370.76 1290.31 3683
1364.48 1290.31 3683
1358.2 1290.31 3683
1348.98 1287.51 3675
1342.72 1287.51 3675
1333.55 1284.71 3667
1327.29 1284.71 3667
1321.04 1284.71 3667
1314.79 1284.71 3667
1308.54 1284.71 3667
1299.09 1281.56 3658
1290.03 1278.75 3650
1286.62 1281.56 3658
1280.38 1281.56 3658
1274.15 1281.56 3658
1267.91 1281.56 3658
1261.68 1281.56 3658
1255.44 1281.56 3658
1249.2 1281.56 3658
1242.97 1281.56 3658
1236.73 1281.56 3658
1230.5 1281.56 3658
1221.58 1278.75 3650
1221.02 1284.71 3667
1220.07 1290.31 3683
1213.79 1290.31 3683
1207.51 1290.31 3683
1203.84 1293.12 3691
1197.55 1293.12 3691
1191.26 1293.12 3691
1179.83 1287.51 3675
283.467 1113.39 3178
278.049 1113.39 3178
272.632 1113.39 3178
267.214 1113.39 3178
261.796 1113.39 3178
256.378 1113.39 3178
251.435 1115.49 3184
246.47 1117.59 3190
241.032 1117.59 3190
235.594 1117.59 3190
231.022 1121.8 3202
225.563 1121.8 3202
220.104 1121.8 3202
214.646 1121.8 3202
209.187 1121.8 3202
203.347 1119.7 3196
197.898 1119.7 3196
193.173 1123.9 3208
187.704 1123.9 3208
182.235 1123.9 3208
176.766 1123.9 3208
171.297 1123.9 3208
165.829 1123.9 3208
160.36 1123.9 3208
154.891 1123.9 3208
150.586 1132.66 3233
145.658 1137.21 3246
140.125 1137.21 3246
134.591 1137.21 3246
129.058 1137.21 3246
123.752 1139.32 3252
118.208 1139.32 3252
112.665 1139.32 3252
107.318 1141.42 3258
101.764 1141.42 3258
96.2102 1141.42 3258
-1044.19 884.266 2524
-1063.03 896.528 2559
-1067.39 896.528 2559
-1073.43 897.93 2563
-1092.94 910.542 2599
-1097.37 910.542 2599
-1101.8 910.542 2599
-1032.78 817.351 2333
-1036.76 817.351 2333
-1040.74 817.351 2333
-1044.71 817.351 2333
-1045.99 815.249 2327
-1049.96 815.249 2327
-1046.68 809.643 2311
-1053.35 811.745 2317
-1063.23 816.3 2330
-1067.2 816.3 2330
-1071.18 816.3 2330
-1075.15 816.3 2330
-1073.1 811.745 2317
-1077.05 811.745 2317
-1078.2 809.643 2311
-1078.86 807.191 2304
-1082.79 807.191 2304
-1086.72 807.191 2304
-1089.22 806.14 2301
-1086.97 801.585 2288
-1086.58 798.432 2279
-1090.47 798.432 2279
-1090.03 795.279 2270
-1089.56 792.126 2261
-1082.78 784.419 2239
-1086.59 784.419 2239
-1084.57 780.214 2227
-1085.43 778.112 2221
-1083.82 774.259 2210
-1087.59 774.259 2210
-1088.39 772.156 2204
-1089.18 770.054 2198
-1088.45 766.901 2189
-1092.18 766.901 2189
-1091.91 764.099 2181
-1092.61 761.997 2175
-1094.81 760.946 2172
-1098.51 760.946 2172
-1099.68 759.194 2167
-1100.32 757.092 2161
-1102.47 756.041 2158
-1106.15 756.041 2158
-1107.25 754.289 2153
1677.62 1264.51 3627
1712.45 1295.54 3716
1706.12 1295.54 3716
1699.78 1295.54 3716
1689.34 1292.4 3707
1683.02 1292.4 3707
1676.71 1292.4 3707
1674.44 1295.54 3716
1671.7 1298.32 3724
1665.35 1298.32 3724
1659 1298.32 3724
1652.65 1298.32 3724
1642.77 1295.54 3716
1636.43 1295.54 3716
1630.1 1295.54 3716
1623.76 1295.54 3716
1617.43 1295.54 3716
1611.09 1295.54 3716
1597.42 1289.61 3699
1594.55 1292.4 3707
1595.52 1298.32 3724
1614.34 1318.89 3783
1607.9 1318.89 3783
1605.26 1322.03 3792
1598.79 1322.03 3792
1592.33 1322.03 3792
1582.1 1318.89 3783
1575.65 1318.89 3783
1569.2 1318.89 3783
1562.75 1318.89 3783
1556.3 1318.89 3783
1546.17 1315.76 3774
1539.73 1315.76 3774
1533.3 1315.76 3774
1526.87 1315.76 3774
1520.43 1315.76 3774
1514 1315.76 3774
1507.56 1315.76 3774
1494.37 1309.83 3757
1494.7 1315.76 3774
1491.81 1318.89 3783
1485.36 1318.89 3783
1478.91 1318.89 3783
1472.47 1318.89 3783
1455.94 1309.83 3757
1449.54 1309.83 3757
1436.6 1303.9 3740
1427.17 1301.11 3732
1420.8 1301.11 3732
1414.44 1301.11 3732
1408.08 1301.11 3732
1401.72 1301.11 3732
1392.36 1298.32 3724
1386.02 1298.32 3724
1373.37 1292.4 3707
1367.05 1292.4 3707
1360.73 1292.4 3707
1354.41 1292.4 3707
1345.18 1289.61 3699
1338.88 1289.61 3699
1332.57 1289.61 3699
1326.26 1289.61 3699
1319.96 1289.61 3699
1302.29 1278.45 3667
1296.04 1278.45 3667
1292.6 1281.24 3675
1286.33 1281.24 3675
1280.07 1281.24 3675
1271.03 1278.45 3667
1264.78 1278.45 3667
1258.53 1278.45 3667
1260.47 1286.82 3691
1254.18 1286.82 3691
1247.89 1286.82 3691
1238.91 1284.03 3683
1229.95 1281.24 3675
1226.35 1284.03 3683
1222.72 1286.82 3691
1216.43 1286.82 3691
1218.33 1295.54 3716
1212 1295.54 3716
1205.66 1295.54 3716
1191.26 1286.82 3691
283.467 1107.97 3178
278.049 1107.97 3178
272.632 1107.97 3178
267.214 1107.97 3178
261.796 1107.97 3178
256.378 1107.97 3178
251.908 1112.15 3190
246.47 1112.15 3190
241.032 1112.15 3190
237.366 1120.52 3214
231.887 1120.52 3214
226.408 1120.52 3214
220.929 1120.52 3214
215.45 1120.52 3214
209.579 1118.43 3208
204.11 1118.43 3208
198.641 1118.43 3208
193.955 1122.96 3221
189.518 1129.24 3239
183.996 1129.24 3239
178.474 1129.24 3239
172.953 1129.24 3239
167.431 1129.24 3239
161.909 1129.24 3239
156.388 1129.24 3239
151.192 1131.68 3246
146.197 1135.86 3258
141.204 1140.39 3271
135.628 1140.39 3271
130.051 1140.39 3271
123.981 1135.86 3258
118.427 1135.86 3258
112.872 1135.86 3258
107.318 1135.86 3258
101.764 1135.86 3258
96.2102 1135.86 3258
90.6562 1135.86 3258
-1039.89 879.96 2524
-1044.19 879.96 2524
-1063.03 892.162 2559
-1067.39 892.162 2559
-1073.43 893.557 2563
-1092.94 906.108 2599
-1097.37 906.108 2599
-1101.8 906.108 2599
-1032.78 813.37 2333
-1036.76 813.37 2333
-1040.74 813.37 2333
-1042.03 811.279 2327
-1040.15 806.746 2314
-1044.1 806.746 2314
-1046.68 805.7 2311
-1051.99 806.746 2314
-1058.67 808.838 2320
-1062.62 808.838 2320
-1066.58 808.838 2320
-1070.53 808.838 2320
-1073.1 807.792 2317
-1075.65 806.746 2314
-1076.33 804.306 2307
-1077.46 802.214 2301
-1081.38 802.214 2301
-1085.3 802.214 2301
-1087.8 801.168 2298
-1086.97 797.682 2288
-1085.15 793.498 2276
-1089.03 793.498 2276
-1088.59 790.36 2267
-1084.74 784.782 2251
-1081.33 779.553 2236
-1085.14 779.553 2236
-1081.65 774.323 2221
-1080.06 770.488 2210
-1077.94 766.304 2198
-1081.68 766.304 2198
-1082.47 764.213 2192
-1084.72 763.167 2189
-1085.96 761.424 2184
-1089.69 761.424 2184
-1088.91 758.286 2175
-1089.6 756.194 2169
-1092.29 755.497 2167
-1095.98 755.497 2167
-1098.15 754.451 2164
-1098.79 752.359 2158
-1099.91 750.616 2153
-1103.58 750.616 2153
-1107.25 750.616 2153
1712.45 1289.2 3716
1706.12 1289.2 3716
1703.44 1291.97 3724
1697.09 1291.97 3724
1690.74 1291.97 3724
1680.78 1289.2 3716
1674.44 1289.2 3716
1671.7 1291.97 3724
1665.35 1291.97 3724
1659 1291.97 3724
1652.65 1291.97 3724
1642.77 1289.2 3716
1636.43 1289.2 3716
1630.1 1289.2 3716
1623.76 1289.2 3716
1617.43 1289.2 3716
1611.09 1289.2 3716
1597.42 1283.3 3699
1594.55 1286.07 3707
1595.52 1291.97 3724
1614.34 1312.44 3783
1607.9 1312.44 3783
1605.26 1315.56 3792
1598.79 1315.56 3792
1592.33 1315.56 3792
1582.1 1312.44 3783
1575.65 1312.44 3783
1569.2 1312.44 3783
1562.75 1312.44 3783
1556.3 1312.44 3783
1546.17 1309.32 3774
1539.73 1309.32 3774
1533.3 1309.32 3774
1526.87 1309.32 3774
1520.43 1309.32 3774
1514 1309.32 3774
1507.56 1309.32 3774
1494.37 1303.42 3757
1494.7 1309.32 3774
1491.81 1312.44 3783
1485.36 1312.44 3783
1478.91 1312.44 3783
1472.47 1312.44 3783
1459.43 1306.54 3766
1453.01 1306.54 3766
1436.6 1297.52 3740
1430.23 1297.52 3740
1423.85 1297.52 3740
1417.47 1297.52 3740
1411.1 1297.52 3740
1404.72 1297.52 3740
1395.36 1294.75 3732
1388.99 1294.75 3732
1379.67 1291.97 3724
1370.37 1289.2 3716
1364.03 1289.2 3716
1357.7 1289.2 3716
1351.36 1289.2 3716
1341.77 1286.07 3707
1335.45 1286.07 3707
1329.13 1286.07 3707
1322.81 1286.07 3707
1313.65 1283.3 3699
1304.52 1280.52 3691
1298.23 1280.52 3691
1289.13 1277.75 3683
1282.86 1277.75 3683
1282.12 1283.3 3699
1275.82 1283.3 3699
1269.51 1283.3 3699
1263.21 1283.3 3699
1256.9 1283.3 3699
1250.59 1283.3 3699
1244.29 1283.3 3699
1235.3 1280.52 3691
1237.34 1289.2 3716
1233.65 1291.97 3724
1227.3 1291.97 3724
1226.2 1297.52 3740
1219.83 1297.52 3740
1213.45 1297.52 3740
1207.07 1297.52 3740
267.214 1102.55 3178
261.796 1102.55 3178
256.378 1102.55 3178
251.908 1106.71 3190
246.47 1106.71 3190
241.032 1106.71 3190
237.366 1115.04 3214
231.887 1115.04 3214
227.747 1121.63 3233
222.235 1121.63 3233
216.724 1121.63 3233
210.82 1119.55 3227
205.319 1119.55 3227
199.446 1117.46 3221
195.039 1123.71 3239
189.927 1126.14 3246
184.734 1128.22 3252
179.191 1128.22 3252
173.647 1128.22 3252
167.431 1123.71 3239
162.259 1126.14 3246
156.726 1126.14 3246
151.751 1130.3 3258
146.78 1134.81 3271
141.765 1139.32 3284
136.167 1139.32 3284
130.568 1139.32 3284
124.475 1134.81 3271
118.899 1134.81 3271
112.872 1130.3 3258
107.318 1130.3 3258
101.764 1130.3 3258
96.2102 1130.3 3258
90.6562 1130.3 3258
-1039.89 875.654 2524
-1044.19 875.654 2524
-1063.03 887.797 2559
-1067.39 887.797 2559
-1073.43 889.184 2563
-1092.94 901.674 2599
-1097.37 901.674 2599
-1101.8 901.674 2599
-1010.73 795.166 2292
-1032.78 809.39 2333
-1036.76 809.39 2333
-1040.74 809.39 2333
-1042.03 807.309 2327
-1040.15 802.798 2314
-1044.1 802.798 2314
-1046.68 801.758 2311
-1051.99 802.798 2314
-1058.67 804.88 2320
-1062.62 804.88 2320
-1066.58 804.88 2320
-1070.53 804.88 2320
-1073.1 803.839 2317
-1075.65 802.798 2314
-1076.33 800.37 2307
-1077.46 798.288 2301
-1081.38 798.288 2301
-1085.3 798.288 2301
-1087.8 797.247 2298
-1086.97 793.778 2288
-1085.15 789.615 2276
-1089.03 789.615 2276
-1088.59 786.493 2267
-1084.74 780.942 2251
-1081.33 775.738 2236
-1085.14 775.738 2236
-1078.72 768.452 2215
-1078.59 765.677 2207
-1076.47 761.514 2195
-1080.21 761.514 2195
-1080.99 759.432 2189
-1083.23 758.391 2186
-1084.47 756.657 2181
-1088.19 756.657 2181
-1085.9 752.493 2169
-1089.6 752.493 2169
-1090.78 750.759 2164
-1094.47 750.759 2164
-1098.15 750.759 2164
-1100.32 749.718 2161
-1100.93 747.636 2155
-1104.61 747.636 2155
-1107.25 746.943 2153
1703.44 1285.62 3724
1697.09 1285.62 3724
1690.74 1285.62 3724
1680.78 1282.86 3716
1681.65 1288.38 3732
1678.88 1291.14 3740
1676.53 1294.25 3749
1670.14 1294.25 3749
1663.75 1294.25 3749
1657.36 1294.25 3749
1650.96 1294.25 3749
1640.63 1291.14 3740
1627.26 1285.62 3724
1620.91 1285.62 3724
1614.56 1285.62 3724
1608.21 1285.62 3724
1598.42 1282.86 3716
1595.52 1285.62 3724
1614.34 1305.99 3783
1607.9 1305.99 3783
1605.26 1309.09 3792
1598.79 1309.09 3792
1592.33 1309.09 3792
1582.1 1305.99 3783
1575.65 1305.99 3783
1569.2 1305.99 3783
1562.75 1305.99 3783
1556.3 1305.99 3783
1546.17 1302.88 3774
1539.73 1302.88 3774
1533.3 1302.88 3774
1526.87 1302.88 3774
1517.21 1300.12 3766
1507.18 1297.01 3757
1500.77 1297.01 3757
1494.37 1297.01 3757
1494.7 1302.88 3774
1491.81 1305.99 3783
1485.36 1305.99 3783
1478.91 1305.99 3783
1472.47 1305.99 3783
1459.43 1300.12 3766
1453.01 1300.12 3766
1436.6 1291.14 3740
1430.23 1291.14 3740
1423.85 1291.14 3740
1417.47 1291.14 3740
1411.1 1291.14 3740
1404.72 1291.14 3740
1395.36 1288.38 3732
1388.99 1288.38 3732
1379.67 1285.62 3724
1370.37 1282.86 3716
1369.91 1288.38 3732
1363.55 1288.38 3732
1357.18 1288.38 3732
1347.93 1285.62 3724
1341.58 1285.62 3724
1335.23 1285.62 3724
1326.02 1282.86 3716
1316.49 1279.75 3707
1307.35 1276.99 3699
1303.85 1279.75 3707
1297.54 1279.75 3707
1291.22 1279.75 3707
1282.12 1276.99 3699
1275.82 1276.99 3699
1269.51 1276.99 3699
1277.21 1291.14 3740
1270.83 1291.14 3740
1264.46 1291.14 3740
1258.08 1291.14 3740
1249.03 1288.38 3732
1242.66 1288.38 3732
1238.95 1291.14 3740
1232.58 1291.14 3740
1229.15 1294.25 3749
1222.76 1294.25 3749
1216.37 1294.25 3749
1207.07 1291.14 3740
261.796 1097.12 3178
256.378 1097.12 3178
251.908 1101.27 3190
248.325 1109.55 3214
242.846 1109.55 3214
238.77 1116.11 3233
233.258 1116.11 3233
227.747 1116.11 3233
222.235 1116.11 3233
216.724 1116.11 3233
210.82 1114.04 3227
205.319 1114.04 3227
199.446 1111.97 3221
195.039 1118.18 3239
189.927 1120.6 3246
184.734 1122.67 3252
179.191 1122.67 3252
173.647 1122.67 3252
167.431 1118.18 3239
162.259 1120.6 3246
156.726 1120.6 3246
151.751 1124.74 3258
146.78 1129.23 3271
141.765 1133.72 3284
136.167 1133.72 3284
130.568 1133.72 3284
124.475 1129.23 3271
118.899 1129.23 3271
112.872 1124.74 3258
107.318 1124.74 3258
101.764 1124.74 3258
96.2102 1124.74 3258
90.6562 1124.74 3258
-1039.89 871.348 2524
-1044.19 871.348 2524
-1048.49 871.348 2524
-1043.2 863.408 2501
-1071.76 883.431 2559
-1092.94 897.24 2599
-1097.37 897.24 2599
-1101.8 897.24 2599
-1025.59 812.314 2353
-1029.6 812.314 2353
-1033.61 812.314 2353
-1010.73 791.256 2292
-1023.04 797.815 2311
-1026.98 797.815 2311
-1030.92 797.815 2311
-1034.86 797.815 2311
-1037.01 796.434 2307
-1040.94 796.434 2307
-1044.87 796.434 2307
-1050.62 797.815 2311
-1057.3 799.886 2317
-1061.25 799.886 2317
-1065.2 799.886 2317
-1069.15 799.886 2317
-1073.1 799.886 2317
-1071.01 795.398 2304
-1074.93 795.398 2304
-1077.46 794.363 2301
-1081.38 794.363 2301
-1083.89 793.327 2298
-1083.07 789.875 2288
-1082.7 786.768 2279
-1080.86 782.625 2267
-1084.72 782.625 2267
-1083.79 779.173 2257
-1083.3 776.066 2248
-1076.97 768.816 2227
-1080.77 768.816 2227
-1078.72 764.673 2215
-1078.59 761.911 2207
-1076.47 757.769 2195
-1080.21 757.769 2195
-1080.99 755.697 2189
-1083.23 754.662 2186
-1084.47 752.936 2181
-1088.19 752.936 2181
-1085.9 748.793 2169
-1089.6 748.793 2169
-1090.78 747.067 2164
-1094.47 747.067 2164
-1098.15 747.067 2164
-1100.32 746.031 2161
-1100.93 743.96 2155
-1104.61 743.96 2155
-1107.25 743.269 2153
1707.1 1282.01 3732
1700.74 1282.01 3732
1694.38 1282.01 3732
1684.39 1279.26 3724
1685.26 1284.76 3740
1682.92 1287.85 3749
1691.73 1299.53 3783
1685.28 1299.53 3783
1678.84 1299.53 3783
1664.87 1293.69 3766
1658.45 1293.69 3766
1648.08 1290.6 3757
1634.25 1284.76 3740
1627.87 1284.76 3740
1621.5 1284.76 3740
1615.12 1284.76 3740
1601.86 1279.26 3724
1595.52 1279.26 3724
1614.34 1299.53 3783
1607.9 1299.53 3783
1605.26 1302.62 3792
1598.79 1302.62 3792
1592.33 1302.62 3792
1582.1 1299.53 3783
1568.57 1293.69 3766
1562.15 1293.69 3766
1555.73 1293.69 3766
1549.31 1293.69 3766
1542.89 1293.69 3766
1532.8 1290.6 3757
1526.39 1290.6 3757
1519.99 1290.6 3757
1513.58 1290.6 3757
1503.97 1287.85 3749
1500.77 1290.6 3757
1494.37 1290.6 3757
1491.53 1293.69 3766
1491.81 1299.53 3783
1485.36 1299.53 3783
1478.91 1299.53 3783
1472.47 1299.53 3783
1459.43 1293.69 3766
1453.01 1293.69 3766
1440.06 1287.85 3749
1436.73 1290.6 3757
1430.32 1290.6 3757
1423.92 1290.6 3757
1417.51 1290.6 3757
1411.11 1290.6 3757
1395.36 1282.01 3732
1388.99 1282.01 3732
1379.67 1279.26 3724
1376.27 1282.01 3732
1369.91 1282.01 3732
1363.55 1282.01 3732
1357.18 1282.01 3732
1347.93 1279.26 3724
1341.58 1279.26 3724
1335.23 1279.26 3724
1326.02 1276.52 3716
1316.49 1273.42 3707
1307.35 1270.68 3699
1303.85 1273.42 3707
1297.54 1273.42 3707
1291.22 1273.42 3707
1282.12 1270.68 3699
1275.82 1270.68 3699
1269.51 1270.68 3699
1277.21 1284.76 3740
1270.83 1284.76 3740
1264.46 1284.76 3740
1258.08 1284.76 3740
1249.03 1282.01 3732
1242.66 1282.01 3732
1238.95 1284.76 3740
1232.58 1284.76 3740
1229.15 1287.85 3749
1222.76 1287.85 3749
1216.37 1287.85 3749
1207.07 1284.76 3740
251.908 1095.83 3190
249.793 1110.6 3233
244.281 1110.6 3233
239.213 1112.66 3239
233.691 1112.66 3239
228.169 1112.66 3239
222.648 1112.66 3239
217.126 1112.66 3239
210.82 1108.54 3227
205.319 1108.54 3227
199.818 1108.54 3227
195.461 1115.06 3246
190.629 1119.18 3258
185.075 1119.18 3258
179.521 1119.18 3258
173.967 1119.18 3258
168.103 1117.12 3252
162.559 1117.12 3252
156.726 1115.06 3246
152.077 1121.59 3265
146.78 1123.65 3271
141.765 1128.12 3284
136.167 1128.12 3284
130.568 1128.12 3284
124.475 1123.65 3271
118.899 1123.65 3271
112.872 1119.18 3258
107.318 1119.18 3258
101.764 1119.18 3258
96.2102 1119.18 3258
90.6562 1119.18 3258
85.1021 1119.18 3258
-1025.88 855.362 2490
-1030.12 855.362 2490
-1034.37 855.362 2490
-1038.61 855.362 2490
-1038.25 851.583 2479
-1036.17 846.43 2464
-1040.37 846.43 2464
-1014.63 802.804 2337
-1025.59 808.3 2353
-1029.6 808.3 2353
-1033.61 808.3 2353
-1010.73 787.345 2292
-1014.63 787.345 2292
-1018.54 787.345 2292
-1015.31 781.849 2276
-1019.19 781.849 2276
-1021.72 780.818 2273
-1026.95 781.849 2276
-1030.83 781.849 2276
-1036.07 782.879 2279
-1044.07 785.971 2288
-1047.97 785.971 2288
-1055.09 788.376 2295
-1059 788.376 2295
-1062.91 788.376 2295
-1066.82 788.376 2295
-1070.73 788.376 2295
-1074.65 788.376 2295
-1078.56 788.376 2295
-1077.76 784.941 2285
-1078.81 782.879 2279
-1079.85 780.818 2273
-1083.72 780.818 2273
-1079.94 775.322 2257
-1079.47 772.23 2248
-1080.41 770.169 2242
-1074.07 762.955 2221
-1077.86 762.955 2221
-1078.72 760.894 2215
-1078.59 758.146 2207
-1076.47 754.024 2195
-1080.21 754.024 2195
-1080.99 751.963 2189
-1083.23 750.932 2186
-1084.47 749.215 2181
-1088.19 749.215 2181
-1085.9 745.092 2169
-1088.59 744.405 2167
-1090.78 743.375 2164
-1094.47 743.375 2164
-1098.15 743.375 2164
-1100.32 742.344 2161
-1100.93 740.283 2155
-1104.61 740.283 2155
-1107.25 739.596 2153
1707.1 1275.65 3732
1700.74 1275.65 3732
1694.38 1275.65 3732
1684.39 1272.91 3724
1685.26 1278.38 3740
1686.51 1284.19 3757
1691.73 1293.08 3783
1685.28 1293.08 3783
1678.84 1293.08 3783
1664.87 1287.27 3766
1658.45 1287.27 3766
1648.08 1284.19 3757
1638.18 1281.46 3749
1627.87 1278.38 3740
1621.5 1278.38 3740
1615.12 1278.38 3740
1601.86 1272.91 3724
1602.37 1278.38 3740
1614.34 1293.08 3783
1607.9 1293.08 3783
1605.26 1296.15 3792
1598.79 1296.15 3792
1592.33 1296.15 3792
1585.86 1296.15 3792
1568.57 1287.27 3766
1562.15 1287.27 3766
1555.73 1287.27 3766
1549.31 1287.27 3766
1542.89 1287.27 3766
1532.8 1284.19 3757
1526.39 1284.19 3757
1516.75 1281.46 3749
1506.73 1278.38 3740
1507.18 1284.19 3757
1500.77 1284.19 3757
1494.37 1284.19 3757
1501.83 1296.15 3792
1498.52 1298.89 3800
1492.04 1298.89 3800
1485.56 1298.89 3800
1479.08 1298.89 3800
1469.5 1296.15 3792
1463.04 1296.15 3792
1446.59 1287.27 3766
1440.17 1287.27 3766
1440.22 1293.08 3783
1433.77 1293.08 3783
1427.32 1293.08 3783
1420.87 1293.08 3783
1411.06 1290 3774
1404.63 1290 3774
1391.89 1284.19 3757
1395.08 1293.08 3783
1388.63 1293.08 3783
1382.18 1293.08 3783
1375.73 1293.08 3783
1356.97 1281.46 3749
1350.58 1281.46 3749
1344.19 1281.46 3749
1331.73 1275.65 3732
1325.37 1275.65 3732
1313.36 1270.18 3716
1309.83 1272.91 3724
1303.49 1272.91 3724
1297.14 1272.91 3724
1290.79 1272.91 3724
1295.82 1284.19 3757
1289.42 1284.19 3757
1283.01 1284.19 3757
1276.61 1284.19 3757
1270.2 1284.19 3757
1261.11 1281.46 3749
1254.72 1281.46 3749
1253.99 1287.27 3766
1247.57 1287.27 3766
1241.15 1287.27 3766
1234.73 1287.27 3766
1225.37 1284.19 3757
1218.97 1284.19 3757
251.908 1090.38 3190
249.793 1105.08 3233
244.281 1105.08 3233
239.213 1107.13 3239
234.629 1111.57 3252
229.085 1111.57 3252
223.541 1111.57 3252
217.126 1107.13 3239
211.604 1107.13 3239
206.083 1107.13 3239
200.19 1105.08 3233
195.822 1111.57 3252
190.629 1113.63 3258
185.473 1116.02 3265
179.907 1116.02 3265
174.341 1116.02 3265
168.775 1116.02 3265
163.209 1116.02 3265
157.643 1116.02 3265
152.077 1116.02 3265
147.364 1122.51 3284
142.326 1126.96 3297
136.706 1126.96 3297
131.085 1126.96 3297
124.742 1120.46 3278
119.153 1120.46 3278
113.323 1118.07 3271
107.747 1118.07 3271
102.389 1120.46 3278
96.8008 1120.46 3278
91.2127 1120.46 3278
85.6245 1120.46 3278
-1025.88 851.114 2490
-1030.12 851.114 2490
-1034.37 851.114 2490
-1038.61 851.114 2490
-1038.25 847.354 2479
-1036.17 842.227 2464
-1040.37 842.227 2464
-1014.63 798.816 2337
-1025.59 804.285 2353
-1029.6 804.285 2353
-1033.61 804.285 2353
-1007.64 781.042 2285
-1004.89 775.915 2270
-1008.76 775.915 2270
-1009.96 773.864 2264
-1013.82 773.864 2264
-1014.53 771.471 2257
-1018.38 771.471 2257
-1022.23 771.471 2257
-1030.62 774.889 2267
-1038.59 777.966 2276
-1042.47 777.966 2276
-1051.87 782.068 2288
-1055.77 782.068 2288
-1059.67 782.068 2288
-1063.57 782.068 2288
-1064.67 780.017 2282
-1068.56 780.017 2282
-1072.45 780.017 2282
-1076.34 780.017 2282
-1075.97 776.94 2273
-1079.85 776.94 2273
-1083.72 776.94 2273
-1077.07 769.42 2251
-1079.47 768.395 2248
-1080.41 766.344 2242
-1084.23 766.344 2242
-1077.86 759.166 2221
-1078.72 757.115 2215
-1078.59 754.381 2207
-1076.47 750.279 2195
-1080.21 750.279 2195
-1080.99 748.228 2189
-1083.23 747.203 2186
-1084.47 745.494 2181
-1088.19 745.494 2181
-1085.9 741.392 2169
-1088.59 740.708 2167
-1090.78 739.683 2164
-1094.47 739.683 2164
-1096.63 738.657 2161
-1098.79 737.632 2158
-1100.93 736.606 2155
-1104.61 736.606 2155
-1107.25 735.923 2153
1707.1 1269.28 3732
1700.74 1269.28 3732
1694.38 1269.28 3732
1684.39 1266.56 3724
1685.26 1272 3740
1686.51 1277.78 3757
1691.73 1286.62 3783
1685.28 1286.62 3783
1678.84 1286.62 3783
1664.87 1280.84 3766
1658.45 1280.84 3766
1648.08 1277.78 3757
1638.18 1275.06 3749
1627.87 1272 3740
1621.5 1272 3740
1615.12 1272 3740
1601.86 1266.56 3724
1602.37 1272 3740
1614.34 1286.62 3783
1607.9 1286.62 3783
1605.26 1289.68 3792
1598.79 1289.68 3792
1592.33 1289.68 3792
1585.86 1289.68 3792
1568.57 1280.84 3766
1562.15 1280.84 3766
1555.73 1280.84 3766
1549.31 1280.84 3766
1542.89 1280.84 3766
1532.8 1277.78 3757
1526.39 1277.78 3757
1519.99 1277.78 3757
1517.21 1280.84 3766
1521.22 1289.68 3792
1514.76 1289.68 3792
1508.29 1289.68 3792
1518.86 1304.31 3835
1526.52 1316.55 3871
1519.92 1316.55 3871
1513.32 1316.55 3871
1506.72 1316.55 3871
1479.58 1298.53 3818
1473.07 1298.53 3818
1466.56 1298.53 3818
1473.44 1310.43 3853
1470.3 1313.49 3862
1470.53 1319.61 3880
1463.92 1319.61 3880
1457.31 1319.61 3880
1443.96 1313.49 3862
1437.38 1313.49 3862
1427.46 1310.43 3853
1417.57 1307.37 3844
1407.72 1304.31 3835
1401.18 1304.31 3835
1394.64 1304.31 3835
1375.43 1292.41 3800
1368.96 1292.41 3800
1362.48 1292.41 3800
1343.87 1280.84 3766
1334.25 1277.78 3757
1319.01 1269.28 3732
1315.46 1272 3740
1309.09 1272 3740
1302.71 1272 3740
1314.36 1289.68 3792
1307.89 1289.68 3792
1301.43 1289.68 3792
1294.97 1289.68 3792
1288.5 1289.68 3792
1282.04 1289.68 3792
1266.83 1280.84 3766
1263.08 1283.56 3774
1256.65 1283.56 3774
1250.22 1283.56 3774
1243.78 1283.56 3774
1234.73 1280.84 3766
1225.37 1277.78 3757
1218.97 1277.78 3757
249.793 1099.56 3233
244.281 1099.56 3233
239.213 1101.61 3239
234.629 1106.03 3252
229.085 1106.03 3252
223.541 1106.03 3252
217.998 1106.03 3252
212.454 1106.03 3252
206.91 1106.03 3252
200.994 1103.99 3246
196.183 1108.07 3258
191.039 1110.45 3265
186.552 1116.91 3284
180.954 1116.91 3284
175.356 1116.91 3284
169.085 1112.49 3271
163.509 1112.49 3271
157.643 1110.45 3265
152.962 1116.91 3284
148.216 1123.37 3303
142.888 1125.75 3310
137.245 1125.75 3310
131.602 1125.75 3310
125.465 1121.33 3297
119.844 1121.33 3297
113.323 1112.49 3271
107.747 1112.49 3271
102.389 1114.87 3278
96.8008 1114.87 3278
91.2127 1114.87 3278
85.6245 1114.87 3278
-1025.88 846.865 2490
-1030.12 846.865 2490
-1034.37 846.865 2490
-1036.94 845.505 2486
-1031.97 838.023 2464
-1033.22 835.642 2457
-1037.41 835.642 2457
-1014.63 794.829 2337
-1018.62 794.829 2337
-1022.6 794.829 2337
-1026.59 794.829 2337
-1007.64 777.144 2285
-1004.89 772.042 2270
-1008.76 772.042 2270
-1009.96 770.001 2264
-1013.82 770.001 2264
-1014.53 767.621 2257
-1018.38 767.621 2257
-1022.23 767.621 2257
-1030.62 771.022 2267
-1038.59 774.083 2276
-1042.47 774.083 2276
-1051.87 778.164 2288
-1055.77 778.164 2288
-1059.67 778.164 2288
-1063.57 778.164 2288
-1064.67 776.123 2282
-1068.56 776.123 2282
-1072.45 776.123 2282
-1076.34 776.123 2282
-1075.97 773.062 2273
-1079.85 773.062 2273
-1083.72 773.062 2273
-1077.07 765.58 2251
-1079.47 764.56 2248
-1080.41 762.519 2242
-1084.23 762.519 2242
-1077.86 755.377 2221
-1078.72 753.336 2215
-1078.59 750.615 2207
-1075 745.514 2192
-1078.73 745.514 2192
-1079.51 743.473 2186
-1082.24 742.793 2184
-1082.98 740.752 2178
-1086.69 740.752 2178
-1084.9 737.011 2167
-1088.59 737.011 2167
-1090.78 735.991 2164
-1094.47 735.991 2164
-1096.63 734.97 2161
-1098.79 733.95 2158
-1099.91 732.25 2153
-1103.58 732.25 2153
-1107.25 732.25 2153
1707.1 1262.91 3732
1700.74 1262.91 3732
1694.38 1262.91 3732
1684.39 1260.2 3724
1689.31 1268.66 3749
1690.55 1274.42 3766
1695.76 1283.21 3792
1689.29 1283.21 3792
1682.83 1283.21 3792
1664.87 1274.42 3766
1658.45 1274.42 3766
1648.08 1271.37 3757
1641.68 1271.37 3757
1627.87 1265.62 3740
1621.5 1265.62 3740
1615.12 1265.62 3740
1608.75 1265.62 3740
1609.65 1271.37 3757
1618.19 1283.21 3792
1611.72 1283.21 3792
1608.64 1285.92 3800
1602.17 1285.92 3800
1595.69 1285.92 3800
1589.21 1285.92 3800
1579.4 1283.21 3792
1569.2 1280.17 3783
1562.75 1280.17 3783
1552.6 1277.12 3774
1546.17 1277.12 3774
1532.8 1271.37 3757
1526.39 1271.37 3757
1519.99 1271.37 3757
1517.21 1274.42 3766
1521.22 1283.21 3792
1514.76 1283.21 3792
1508.29 1283.21 3792
1518.86 1297.77 3835
1526.52 1309.95 3871
1519.92 1309.95 3871
1513.32 1309.95 3871
1506.72 1309.95 3871
1479.58 1292.01 3818
1473.07 1292.01 3818
1466.56 1292.01 3818
1473.44 1303.86 3853
1470.3 1306.9 3862
1470.53 1312.99 3880
1463.92 1312.99 3880
1457.31 1312.99 3880
1443.96 1306.9 3862
1437.38 1306.9 3862
1427.46 1303.86 3853
1417.57 1300.81 3844
1427.54 1316.04 3889
1420.91 1316.04 3889
1414.28 1316.04 3889
1388.1 1297.77 3835
1381.56 1297.77 3835
1375.03 1297.77 3835
1359.21 1288.97 3809
1349.52 1285.92 3800
1327.85 1271.37 3757
1330.59 1280.17 3783
1324.14 1280.17 3783
1323.61 1285.92 3800
1326.14 1294.72 3826
1319.62 1294.72 3826
1313.1 1294.72 3826
1294.97 1283.21 3792
1288.5 1283.21 3792
1282.04 1283.21 3792
1269.52 1277.12 3774
1263.08 1277.12 3774
1256.65 1277.12 3774
1250.22 1277.12 3774
1243.78 1277.12 3774
1234.73 1274.42 3766
1225.37 1271.37 3757
1218.97 1271.37 3757
239.213 1096.08 3239
234.629 1100.48 3252
229.085 1100.48 3252
223.541 1100.48 3252
217.998 1100.48 3252
212.454 1100.48 3252
206.91 1100.48 3252
200.994 1098.45 3246
196.183 1102.51 3258
191.039 1104.88 3265
186.552 1111.31 3284
180.954 1111.31 3284
175.356 1111.31 3284
169.085 1106.91 3271
163.509 1106.91 3271
157.643 1104.88 3265
152.962 1111.31 3284
148.216 1117.74 3303
142.888 1120.11 3310
137.245 1120.11 3310
131.602 1120.11 3310
125.465 1115.71 3297
119.844 1115.71 3297
113.323 1106.91 3271
107.747 1106.91 3271
102.389 1109.28 3278
96.8008 1109.28 3278
91.2127 1109.28 3278
85.6245 1109.28 3278
-1042.31 863.26 2551
-1046.66 863.26 2551
-1051.01 863.26 2551
-1048.74 857.845 2535
-1053.06 857.845 2535
-1036.94 841.264 2486
-1029.04 831.45 2457
-1022.71 822.99 2432
-1026.86 822.99 2432
-1031 822.99 2432
-992.487 776.629 2295
-1014.63 790.842 2337
-1018.62 790.842 2337
-1022.6 790.842 2337
-1009.45 777.644 2298
-1002.35 769.184 2273
-997.811 762.755 2254
-1001.65 762.755 2254
-1001.48 759.709 2245
-1005.31 759.709 2245
-1007.79 758.694 2242
-1015.67 761.74 2251
-1019.51 761.74 2251
-1026.07 763.77 2257
-1034.48 767.154 2267
-1038.35 767.154 2267
-1047.73 771.215 2279
-1051.61 771.215 2279
-1055.5 771.215 2279
-1059.38 771.215 2279
-1063.27 771.215 2279
-1067.16 771.215 2279
-1071.04 771.215 2279
-1072.1 769.184 2273
-1074.55 768.169 2270
-1078.42 768.169 2270
-1082.29 768.169 2270
-1077.07 761.74 2251
-1078.02 759.709 2245
-1080.41 758.694 2242
-1084.23 758.694 2242
-1077.86 751.588 2221
-1078.72 749.557 2215
-1078.59 746.85 2207
-1079.41 744.82 2201
-1078.73 741.774 2192
-1079.51 739.744 2186
-1082.24 739.067 2184
-1082.98 737.036 2178
-1086.69 737.036 2178
-1084.9 733.314 2167
-1088.59 733.314 2167
-1090.78 732.299 2164
-1094.47 732.299 2164
-1096.63 731.284 2161
-1098.79 730.268 2158
-1099.91 728.576 2153
-1103.58 728.576 2153
-1107.25 728.576 2153
1707.1 1256.54 3732
1700.74 1256.54 3732
1694.38 1256.54 3732
1684.39 1253.85 3724
1689.31 1262.27 3749
1690.55 1267.99 3766
1695.76 1276.75 3792
1689.29 1276.75 3792
1682.83 1276.75 3792
1664.87 1267.99 3766
1658.45 1267.99 3766
1648.08 1264.96 3757
1641.68 1264.96 3757
1627.87 1259.24 3740
1621.5 1259.24 3740
1615.12 1259.24 3740
1612.62 1262.27 3749
1609.65 1264.96 3757
1629.28 1285.5 3818
1622.77 1285.5 3818
1627.27 1294.25 3844
1620.72 1294.25 3844
1614.16 1294.25 3844
1607.61 1294.25 3844
1590.23 1285.5 3818
1583.72 1285.5 3818
1580.52 1288.19 3826
1573.99 1288.19 3826
1567.47 1288.19 3826
1550.34 1279.44 3800
1543.86 1279.44 3800
1530.51 1273.71 3783
1527.68 1276.75 3792
1538.47 1291.22 3835
1542.72 1300.31 3862
1536.13 1300.31 3862
1533.11 1303.34 3871
1544.26 1318.5 3916
1537.58 1318.5 3916
1530.91 1318.5 3916
1520.73 1315.47 3907
1500.12 1303.34 3871
1493.52 1303.34 3871
1483.46 1300.31 3862
1483.76 1306.37 3880
1487.43 1315.47 3907
1484.18 1318.5 3916
1477.5 1318.5 3916
1470.83 1318.5 3916
1454.06 1309.4 3889
1447.43 1309.4 3889
1434.13 1303.34 3871
1434.17 1309.4 3889
1427.54 1309.4 3889
1420.91 1309.4 3889
1414.28 1309.4 3889
1388.1 1291.22 3835
1381.56 1291.22 3835
1375.03 1291.22 3835
1359.21 1282.47 3809
1349.52 1279.44 3800
1327.85 1264.96 3757
1330.59 1273.71 3783
1324.14 1273.71 3783
1323.61 1279.44 3800
1326.14 1288.19 3826
1319.62 1288.19 3826
1313.1 1288.19 3826
1294.97 1276.75 3792
1288.5 1276.75 3792
1282.04 1276.75 3792
1269.52 1270.68 3774
1263.08 1270.68 3774
1256.65 1270.68 3774
1250.22 1270.68 3774
1243.78 1270.68 3774
234.629 1094.93 3252
230.917 1103.68 3278
225.329 1103.68 3278
219.74 1103.68 3278
214.152 1103.68 3278
208.564 1103.68 3278
201.738 1096.95 3258
196.605 1099.31 3265
192.151 1105.7 3284
187.291 1110.08 3297
181.67 1110.08 3297
176.05 1110.08 3297
170.429 1110.08 3297
164.809 1110.08 3297
158.56 1105.7 3284
153.847 1112.1 3303
148.53 1114.46 3310
143.449 1118.84 3323
137.784 1118.84 3323
132.119 1118.84 3323
125.959 1114.46 3310
120.317 1114.46 3310
114.224 1110.08 3297
107.977 1103.68 3278
102.389 1103.68 3278
96.8008 1103.68 3278
91.2127 1103.68 3278
85.6245 1103.68 3278
-1042.31 858.907 2551
-1046.66 858.907 2551
-1051.01 858.907 2551
-1050.39 854.867 2539
-1054.72 854.867 2539
-1036.94 837.022 2486
-1027.36 825.911 2453
-1022.71 818.841 2432
-1026.86 818.841 2432
-1031 818.841 2432
-1010.04 798.976 2373
-1001.26 788.875 2343
-1005.26 788.875 2343
-1000.64 782.141 2323
-1002 780.121 2317
-996.399 772.714 2295
-1000.31 772.714 2295
-1002.91 771.704 2292
-1003.74 769.347 2285
-995.292 759.919 2257
-991.171 753.859 2239
-994.988 753.859 2239
-993.452 749.818 2227
-997.248 749.818 2227
-1001.04 749.818 2227
-1011.61 754.869 2242
-1015.43 754.869 2242
-1023.34 757.899 2251
-1031.75 761.266 2261
-1035.6 761.266 2261
-1043.59 764.296 2270
-1050.23 766.317 2276
-1054.11 766.317 2276
-1057.99 766.317 2276
-1061.87 766.317 2276
-1062.94 764.296 2270
-1066.81 764.296 2270
-1070.68 764.296 2270
-1074.55 764.296 2270
-1075.57 762.276 2264
-1079.43 762.276 2264
-1077.07 757.899 2251
-1078.02 755.879 2245
-1080.41 754.869 2242
-1084.23 754.869 2242
-1077.86 747.798 2221
-1077.75 745.105 2213
-1078.59 743.085 2207
-1079.41 741.064 2201
-1078.73 738.034 2192
-1079.51 736.014 2186
-1080.76 734.331 2181
-1080 731.3 2172
-1083.7 731.3 2172
-1084.9 729.617 2167
-1087.09 728.607 2164
-1089.26 727.597 2161
-1092.95 727.597 2161
-1096.63 727.597 2161
-1098.79 726.587 2158
-1099.91 724.903 2153
-1103.58 724.903 2153
-1105.71 723.893 2150
1699.78 1244.82 3716
1693.45 1244.82 3716
1690.74 1247.5 3724
1684.39 1247.5 3724
1689.31 1255.87 3749
1690.55 1261.57 3766
1695.76 1270.28 3792
1689.29 1270.28 3792
1682.83 1270.28 3792
1664.87 1261.57 3766
1658.45 1261.57 3766
1648.08 1258.55 3757
1641.68 1258.55 3757
1627.87 1252.86 3740
1625.4 1255.87 3749
1619.01 1255.87 3749
1616.06 1258.55 3757
1609.65 1258.55 3757
1636.54 1284.68 3835
1630 1284.68 3835
1631.08 1290.71 3853
1624.51 1290.71 3853
1617.94 1290.71 3853
1611.37 1290.71 3853
1604.81 1290.71 3853
1598.24 1290.71 3853
1591.67 1290.71 3853
1585.1 1290.71 3853
1578.53 1290.71 3853
1560.95 1281.67 3826
1554.43 1281.67 3826
1541.03 1275.97 3809
1545.01 1284.68 3835
1545.69 1290.71 3853
1549.91 1299.75 3880
1543.29 1299.75 3880
1550.94 1311.81 3916
1558.85 1324.21 3953
1552.11 1324.21 3953
1545.37 1324.21 3953
1535.13 1321.19 3944
1517.56 1311.81 3916
1510.88 1311.81 3916
1486.92 1296.74 3871
1494.09 1308.8 3907
1494.28 1314.83 3925
1494.79 1321.19 3944
1488.07 1321.19 3944
1481.34 1321.19 3944
1474.62 1321.19 3944
1467.9 1321.19 3944
1454.13 1314.83 3925
1451.13 1318.18 3935
1444.42 1318.18 3935
1437.71 1318.18 3935
1417.55 1305.78 3898
1407.65 1302.77 3889
1401.02 1302.77 3889
1394.39 1302.77 3889
1381.34 1296.74 3871
1371.54 1293.72 3862
1343.04 1272.96 3800
1345.71 1281.67 3826
1339.19 1281.67 3826
1332.67 1281.67 3826
1326.14 1281.67 3826
1319.62 1281.67 3826
1313.1 1281.67 3826
1275.95 1264.25 3774
1269.52 1264.25 3774
1263.08 1264.25 3774
1253.99 1261.57 3766
1247.57 1261.57 3766
234.629 1089.38 3252
232.255 1104.46 3297
226.635 1104.46 3297
221.014 1104.46 3297
214.936 1102.11 3290
209.328 1102.11 3290
202.976 1098.09 3278
197.388 1098.09 3278
192.911 1104.46 3297
187.291 1104.46 3297
181.67 1104.46 3297
176.05 1104.46 3297
170.429 1104.46 3297
164.809 1104.46 3297
159.188 1104.46 3297
153.847 1106.47 3303
148.53 1108.81 3310
143.449 1113.17 3323
137.784 1113.17 3323
132.119 1113.17 3323
125.959 1108.81 3310
120.317 1108.81 3310
114.224 1104.46 3297
107.977 1098.09 3278
102.389 1098.09 3278
96.8008 1098.09 3278
-1042.85 858.575 2563
-1047.22 858.575 2563
-1051.58 858.575 2563
-1052.66 855.895 2555
-1053.7 853.215 2547
-1058.05 853.215 2547
-1036.94 832.781 2486
-1027.36 821.726 2453
-1022.71 814.692 2432
-1026.86 814.692 2432
-1031 814.692 2432
-1010.04 794.927 2373
-1004.25 787.223 2350
-1008.26 787.223 2350
-1000.64 778.178 2323
-1002 776.168 2317
-996.399 768.798 2295
-1000.31 768.798 2295
-1002.91 767.793 2292
-1003.74 765.448 2285
-995.292 756.069 2257
-999.139 756.069 2257
-986.989 744.009 2221
-990.775 744.009 2221
-994.561 744.009 2221
-998.348 744.009 2221
-1004.84 746.019 2227
-1008.64 746.019 2227
-1019.25 751.044 2242
-1028.55 755.064 2254
-1032.39 755.064 2254
-1039.45 757.409 2261
-1044.69 758.414 2264
-1048.55 758.414 2264
-1052.41 758.414 2264
-1056.27 758.414 2264
-1060.13 758.414 2264
-1063.99 758.414 2264
-1067.85 758.414 2264
-1071.71 758.414 2264
-1070.82 755.064 2254
-1074.66 755.064 2254
-1074.2 752.049 2245
-1076.58 751.044 2242
-1077.51 749.034 2236
-1081.33 749.034 2236
-1076.4 743.004 2218
-1077.75 741.329 2213
-1075.66 737.309 2201
-1079.41 737.309 2201
-1077.26 733.289 2189
-1077.04 730.609 2181
-1077.78 728.6 2175
-1078.51 726.59 2169
-1082.2 726.59 2169
-1084.9 725.92 2167
-1087.09 724.915 2164
-1089.26 723.91 2161
-1092.95 723.91 2161
-1096.63 723.91 2161
-1098.79 722.905 2158
-1099.91 721.23 2153
-1103.58 721.23 2153
-1105.71 720.225 2150
1685.7 1232.81 3699
1683.02 1235.48 3707
1676.71 1235.48 3707
1689.31 1249.47 3749
1690.55 1255.14 3766
1684.13 1255.14 3766
1677.71 1255.14 3766
1671.29 1255.14 3766
1650.96 1249.47 3749
1644.57 1249.47 3749
1638.18 1249.47 3749
1627.87 1246.48 3740
1625.4 1249.47 3749
1619.01 1249.47 3749
1616.06 1252.14 3757
1609.65 1252.14 3757
1636.54 1278.14 3835
1630 1278.14 3835
1631.08 1284.14 3853
1624.51 1284.14 3853
1617.94 1284.14 3853
1611.37 1284.14 3853
1604.81 1284.14 3853
1598.24 1284.14 3853
1591.67 1284.14 3853
1585.1 1284.14 3853
1578.53 1284.14 3853
1571.96 1284.14 3853
1565.4 1284.14 3853
1547.9 1275.14 3826
1548.63 1281.14 3844
1545.69 1284.14 3853
1549.91 1293.14 3880
1543.29 1293.14 3880
1565.59 1317.46 3953
1558.85 1317.46 3953
1552.11 1317.46 3953
1545.37 1317.46 3953
1535.13 1314.46 3944
1524.92 1311.47 3935
1518.21 1311.47 3935
1490.38 1293.14 3880
1500.97 1308.13 3925
1501.51 1314.46 3944
1498.2 1317.46 3953
1491.46 1317.46 3953
1484.72 1317.46 3953
1477.99 1317.46 3953
1471.25 1317.46 3953
1461.17 1314.46 3944
1454.45 1314.46 3944
1447.73 1314.46 3944
1441 1314.46 3944
1434.28 1314.46 3944
1410.91 1299.13 3898
1413.99 1308.13 3925
1407.3 1308.13 3925
1400.6 1308.13 3925
1393.91 1308.13 3925
1368.14 1290.14 3871
1374.2 1302.13 3907
1367.54 1302.13 3907
1360.88 1302.13 3907
232.255 1098.83 3297
226.635 1098.83 3297
221.014 1098.83 3297
214.936 1096.5 3290
209.328 1096.5 3290
202.976 1092.5 3278
197.388 1092.5 3278
192.911 1098.83 3297
187.291 1098.83 3297
181.67 1098.83 3297
176.05 1098.83 3297
170.429 1098.83 3297
164.809 1098.83 3297
159.188 1098.83 3297
153.847 1100.83 3303
148.844 1105.5 3317
143.449 1107.5 3323
137.784 1107.5 3323
132.119 1107.5 3323
126.226 1105.5 3317
120.571 1105.5 3317
114.224 1098.83 3297
107.977 1092.5 3278
102.389 1092.5 3278
96.8008 1092.5 3278
-1042.85 854.202 2563
-1047.22 854.202 2563
-1051.58 854.202 2563
-1052.66 851.536 2555
-1053.7 848.87 2547
-1058.05 848.87 2547
-1034.02 826.207 2479
-1023.17 814.208 2443
-1022.71 810.542 2432
-1026.86 810.542 2432
-1019.13 801.21 2404
-1010.04 790.879 2373
-1004.25 783.213 2350
-1008.26 783.213 2350
-1000.64 774.215 2323
-1002 772.215 2317
-996.399 764.883 2295
-1000.31 764.883 2295
-1001.16 762.55 2288
-1001.11 759.55 2279
-995.292 752.218 2257
-999.139 752.218 2257
-986.989 740.22 2221
-990.775 740.22 2221
-994.561 740.22 2221
-998.348 740.22 2221
-1004.84 742.219 2227
-1008.64 742.219 2227
-1019.25 747.219 2242
-1028.55 751.218 2254
-1032.39 751.218 2254
-1039.45 753.551 2261
-1044.69 754.551 2264
-1048.55 754.551 2264
-1052.41 754.551 2264
-1056.27 754.551 2264
-1060.13 754.551 2264
-1063.99 754.551 2264
-1067.85 754.551 2264
-1071.71 754.551 2264
-1070.82 751.218 2254
-1074.66 751.218 2254
-1074.2 748.219 2245
-1076.58 747.219 2242
-1077.51 745.219 2236
-1081.33 745.219 2236
-1076.4 739.22 2218
-1076.29 736.554 2210
-1075.66 733.554 2201
-1079.41 733.554 2201
-1075.78 728.555 2186
-1075.56 725.889 2178
-1077.78 724.889 2175
-1081.49 724.889 2175
-1082.2 722.889 2169
-1083.4 721.223 2164
-1087.09 721.223 2164
-1090.78 721.223 2164
-1092.95 720.223 2161
-1096.63 720.223 2161
-1098.79 719.223 2158
-1102.47 719.223 2158
-1103.58 717.557 2153
-1105.71 716.557 2150
1682.05 1223.85 3691
1679.39 1226.5 3699
1673.09 1226.5 3699
1689.31 1243.08 3749
1690.55 1248.72 3766
1684.13 1248.72 3766
1677.71 1248.72 3766
1627.87 1240.09 3740
1625.4 1243.08 3749
1619.01 1243.08 3749
1616.06 1245.73 3757
1609.65 1245.73 3757
1636.54 1271.59 3835
1630 1271.59 3835
1631.08 1277.56 3853
1624.51 1277.56 3853
1617.94 1277.56 3853
1611.37 1277.56 3853
1616.05 1286.52 3880
1613.17 1289.5 3889
1606.54 1289.5 3889
1599.91 1289.5 3889
1582.22 1280.55 3862
1571.96 1277.56 3853
1565.4 1277.56 3853
1547.9 1268.61 3826
1548.63 1274.58 3844
1545.69 1277.56 3853
1549.91 1286.52 3880
1543.29 1286.52 3880
1565.59 1310.72 3953
1558.85 1310.72 3953
1552.11 1310.72 3953
1545.37 1310.72 3953
1535.13 1307.74 3944
1524.92 1304.75 3935
1518.21 1304.75 3935
1490.38 1286.52 3880
1500.97 1301.44 3925
1501.51 1307.74 3944
1498.2 1310.72 3953
1491.46 1310.72 3953
1484.72 1310.72 3953
1477.99 1310.72 3953
1471.25 1310.72 3953
1461.17 1307.74 3944
1464.78 1317.02 3972
1458 1317.02 3972
1451.23 1317.02 3972
1441.19 1314.04 3963
1427.56 1307.74 3944
1437.76 1323.32 3991
1430.96 1323.32 3991
1424.16 1323.32 3991
1417.35 1323.32 3991
1384.04 1298.45 3916
1377.37 1298.45 3916
1367.54 1295.47 3907
1360.88 1295.47 3907
232.255 1093.21 3297
226.635 1093.21 3297
221.014 1093.21 3297
214.936 1090.89 3290
209.328 1090.89 3290
202.976 1086.91 3278
197.388 1086.91 3278
192.911 1093.21 3297
187.291 1093.21 3297
181.67 1093.21 3297
176.05 1093.21 3297
170.429 1093.21 3297
164.809 1093.21 3297
159.188 1093.21 3297
153.847 1095.2 3303
148.844 1099.84 3317
143.19 1099.84 3317
137.535 1099.84 3317
131.88 1099.84 3317
126.226 1099.84 3317
120.571 1099.84 3317
113.323 1084.59 3271
-1042.85 849.83 2563
-1047.22 849.83 2563
-1051.58 849.83 2563
-1052.66 847.177 2555
-1053.7 844.524 2547
-1058.05 844.524 2547
-1034.02 821.977 2479
-1029.04 814.682 2457
-1027.34 810.04 2443
-1031.5 810.04 2443
-1031 806.393 2432
-1024.51 798.104 2407
-1012.8 785.835 2370
-1016.84 785.835 2370
-1009.25 776.883 2343
-1004.6 770.251 2323
-1000.31 763.951 2304
-1004.23 763.951 2304
-1004.22 760.967 2295
-1001.11 755.662 2279
-995.292 748.367 2257
-999.139 748.367 2257
-983.434 733.778 2213
-987.206 733.778 2213
-990.979 733.778 2213
-995.651 734.441 2215
-1002.13 736.431 2221
-1005.92 736.431 2221
-1017.89 742.399 2239
-1021.71 742.399 2239
-1025.52 742.399 2239
-1037.62 748.367 2257
-1043.31 749.694 2261
-1047.16 749.694 2261
-1051.02 749.694 2261
-1053.01 748.367 2257
-1055.45 747.372 2254
-1059.29 747.372 2254
-1063.13 747.372 2254
-1065.56 746.378 2251
-1069.39 746.378 2251
-1073.23 746.378 2251
-1071.33 742.399 2239
-1073.7 741.404 2236
-1071.73 737.425 2224
-1075.52 737.425 2224
-1076.4 735.436 2218
-1076.29 732.783 2210
-1075.66 729.799 2201
-1079.41 729.799 2201
-1075.78 724.825 2186
-1075.56 722.173 2178
-1077.78 721.178 2175
-1081.49 721.178 2175
-1082.2 719.189 2169
-1083.4 717.531 2164
-1087.09 717.531 2164
-1090.78 717.531 2164
-1092.95 716.536 2161
-1096.63 716.536 2161
-1098.79 715.541 2158
-1102.47 715.541 2158
-1103.58 713.883 2153
-1105.71 712.889 2150
1682.05 1217.55 3691
1675.76 1217.55 3691
1669.47 1217.55 3691
1627.87 1233.71 3740
1621.5 1233.71 3740
1615.12 1233.71 3740
1612.62 1236.68 3749
1606.23 1236.68 3749
1599.84 1236.68 3749
1616.05 1279.9 3880
1639.72 1303.98 3953
1632.98 1303.98 3953
1626.24 1303.98 3953
1612.13 1298.04 3935
1605.42 1298.04 3935
1569.05 1273.96 3862
1558.83 1270.99 3853
1548.63 1268.02 3844
1552.91 1276.93 3871
1567.88 1294.74 3925
1561.19 1294.74 3925
1565.59 1303.98 3953
1562.8 1307.27 3963
1556.04 1307.27 3963
1549.28 1307.27 3963
1538.64 1303.98 3953
1524.92 1298.04 3935
1518.21 1298.04 3935
1507.66 1294.74 3925
1511.68 1303.98 3953
1508.75 1307.27 3963
1501.99 1307.27 3963
1495.24 1307.27 3963
1488.48 1307.27 3963
1481.72 1307.27 3963
1474.97 1307.27 3963
1464.51 1303.98 3953
1464.78 1310.24 3972
1458 1310.24 3972
1451.23 1310.24 3972
1441.19 1307.27 3963
1427.56 1301.01 3944
1437.76 1316.51 3991
1430.96 1316.51 3991
1424.16 1316.51 3991
1417.35 1316.51 3991
1384.04 1291.77 3916
1377.37 1291.77 3916
1367.54 1288.8 3907
1360.88 1288.8 3907
197.388 1081.31 3278
192.911 1087.58 3297
187.291 1087.58 3297
181.67 1087.58 3297
176.05 1087.58 3297
170.429 1087.58 3297
164.809 1087.58 3297
159.188 1087.58 3297
154.499 1094.18 3317
148.844 1094.18 3317
143.19 1094.18 3317
137.535 1094.18 3317
131.88 1094.18 3317
126.226 1094.18 3317
120.571 1094.18 3317
-1036.34 840.179 2547
-1040.68 840.179 2547
-1045.02 840.179 2547
-1049.36 840.179 2547
-1053.7 840.179 2547
-1054.72 837.54 2539
-1030.69 815.109 2471
-1031.97 812.8 2464
-1036.17 812.8 2464
-1040.37 812.8 2464
-1038.63 808.182 2450
-1041.11 806.862 2446
-1024.34 790.698 2397
-1028.42 790.698 2397
-1028.2 787.4 2387
-1016.27 775.194 2350
-1014.63 770.906 2337
-1018.62 770.906 2337
-1004.22 757.052 2295
-965.527 725.054 2198
-969.274 725.054 2198
-973.021 725.054 2198
-979.434 727.033 2204
-987.206 730.002 2213
-990.979 730.002 2213
-999.696 733.631 2224
-1003.49 733.631 2224
-1010 735.61 2230
-1017.89 738.579 2239
-1021.71 738.579 2239
-1025.52 738.579 2239
-1036.24 743.527 2254
-1040.08 743.527 2254
-1043.92 743.527 2254
-1047.76 743.527 2254
-1051.61 743.527 2254
-1052.64 741.548 2248
-1056.47 741.548 2248
-1058.89 740.558 2245
-1062.72 740.558 2245
-1065.12 739.569 2242
-1068.94 739.569 2242
-1068.46 736.6 2233
-1067.94 733.631 2224
-1068.84 731.652 2218
-1072.62 731.652 2218
-1073.98 730.002 2213
-1074.83 728.023 2207
-1072.72 724.065 2195
-1076.47 724.065 2195
-1075.78 721.096 2186
-1075.56 718.457 2178
-1077.78 717.467 2175
-1081.49 717.467 2175
-1082.2 715.488 2169
-1083.4 713.839 2164
-1087.09 713.839 2164
-1090.78 713.839 2164
-1092.95 712.849 2161
-1096.63 712.849 2161
-1098.79 711.859 2158
-1102.47 711.859 2158
-1103.58 710.21 2153
-1105.71 709.221 2150
1627.87 1227.33 3740
1621.5 1227.33 3740
1615.12 1227.33 3740
1612.62 1230.29 3749
1606.23 1230.29 3749
1599.84 1230.29 3749
1616.05 1273.28 3880
1639.72 1297.23 3953
1632.98 1297.23 3953
1626.24 1297.23 3953
1619.5 1297.23 3953
1612.76 1297.23 3953
1590.99 1285.09 3916
1562.47 1267.37 3862
1548.63 1261.46 3844
1556.52 1273.28 3880
1567.88 1288.04 3925
1572.33 1297.23 3953
1573.12 1303.47 3972
1581.33 1315.94 4010
1574.49 1315.94 4010
1567.66 1315.94 4010
1557.32 1312.98 4001
1550.5 1312.98 4001
1525.16 1297.23 3953
1518.42 1297.23 3953
1522.77 1306.75 3982
1523.21 1312.98 4001
1516.39 1312.98 4001
1509.57 1312.98 4001
1502.75 1312.98 4001
1495.93 1312.98 4001
1485.39 1309.7 3991
1478.59 1309.7 3991
1475.47 1312.98 4001
1468.65 1312.98 4001
1461.83 1312.98 4001
1455.01 1312.98 4001
1444.57 1309.7 3991
1444.61 1315.94 4010
1437.77 1315.94 4010
1434.51 1319.22 4020
1427.65 1319.22 4020
1420.8 1319.22 4020
1403.75 1309.7 3991
1393.79 1306.75 3982
1387 1306.75 3982
164.809 1081.96 3297
159.188 1081.96 3297
154.499 1088.52 3317
148.844 1088.52 3317
143.19 1088.52 3317
137.535 1088.52 3317
131.88 1088.52 3317
-1036.34 835.833 2547
-1040.68 835.833 2547
-1045.02 835.833 2547
-1049.36 835.833 2547
-1053.7 835.833 2547
-1056.38 834.521 2543
-1038.61 817.128 2490
-1041.18 815.815 2486
-1045.42 815.815 2486
-1049.66 815.815 2486
-1047.54 810.893 2471
-1042.81 804.002 2450
-1030.32 791.203 2411
-1034.43 791.203 2411
-1032.51 786.609 2397
-1027.52 779.717 2376
-1025.92 775.451 2363
-1029.95 775.451 2363
-1004.22 753.136 2295
-965.527 721.304 2198
-982.062 730.821 2227
-985.859 730.821 2227
-989.655 730.821 2227
-993.452 730.821 2227
-1001.28 733.774 2236
-1007.79 735.743 2242
-1011.61 735.743 2242
-1015.43 735.743 2242
-1017.89 734.759 2239
-1023.08 735.743 2242
-1026.9 735.743 2242
-1036.24 739.681 2254
-1040.08 739.681 2254
-1043.92 739.681 2254
-1047.76 739.681 2254
-1050.21 738.697 2251
-1052.64 737.712 2248
-1056.47 737.712 2248
-1058.89 736.728 2245
-1062.72 736.728 2245
-1065.12 735.743 2242
-1068.94 735.743 2242
-1068.46 732.79 2233
-1065.06 727.868 2218
-1066.43 726.227 2213
-1070.2 726.227 2213
-1072.52 725.242 2210
-1073.37 723.273 2204
-1071.26 719.335 2192
-1075 719.335 2192
-1075.78 717.366 2186
-1075.56 714.741 2178
-1077.78 713.756 2175
-1081.49 713.756 2175
-1082.2 711.788 2169
-1083.4 710.147 2164
-1085.58 709.162 2161
-1089.26 709.162 2161
-1091.43 708.178 2158
-1095.11 708.178 2158
-1098.79 708.178 2158
-1102.47 708.178 2158
-1103.58 706.537 2153
-1105.71 705.552 2150
1639.72 1290.49 3953
1632.98 1290.49 3953
1626.24 1290.49 3953
1619.5 1290.49 3953
1612.76 1290.49 3953
1602.37 1287.55 3944
1562.47 1260.78 3862
1559.51 1263.72 3871
1578.59 1284.61 3935
1571.88 1284.61 3935
1579.89 1296.69 3972
1592.13 1312.36 4020
1585.27 1312.36 4020
1578.42 1312.36 4020
1571.57 1312.36 4020
1560.82 1309.1 4010
1553.99 1309.1 4010
1543.68 1306.16 4001
1533.01 1302.89 3991
1533.48 1309.1 4010
1530.45 1312.36 4020
1523.6 1312.36 4020
1516.74 1312.36 4020
1509.89 1312.36 4020
1506.77 1315.62 4030
1499.9 1315.62 4030
1496.37 1318.56 4039
1493.17 1321.83 4049
1486.27 1321.83 4049
1479.37 1321.83 4049
1465.55 1315.62 4030
1458.68 1315.62 4030
1455.06 1318.56 4039
1448.17 1318.56 4039
1441.28 1318.56 4039
1434.4 1318.56 4039
1427.51 1318.56 4039
1417.46 1315.62 4030
1410.59 1315.62 4030
1396.76 1309.1 4010
1389.92 1309.1 4010
164.809 1076.33 3297
159.188 1076.33 3297
154.499 1082.86 3317
148.844 1082.86 3317
143.19 1082.86 3317
137.535 1082.86 3317
131.88 1082.86 3317
-1036.34 831.488 2547
-1040.68 831.488 2547
-1045.02 831.488 2547
-1049.36 831.488 2547
-1053.7 831.488 2547
-1056.38 830.182 2543
-1038.61 812.88 2490
-1041.18 811.574 2486
-1045.42 811.574 2486
-1049.66 811.574 2486
-1047.54 806.677 2471
-1042.81 799.822 2450
-1030.32 787.09 2411
-1034.43 787.09 2411
-1032.51 782.519 2397
-1027.52 775.664 2376
-1025.92 771.42 2363
-1029.95 771.42 2363
-988.677 731.918 2242
-992.499 731.918 2242
-996.321 731.918 2242
-1000.14 731.918 2242
-1002.62 730.939 2239
-1007.79 731.918 2242
-1011.61 731.918 2242
-1015.43 731.918 2242
-1019.25 731.918 2242
-1023.08 731.918 2242
-1026.9 731.918 2242
-1036.24 735.836 2254
-1040.08 735.836 2254
-1043.92 735.836 2254
-1047.76 735.836 2254
-1050.21 734.857 2251
-1052.64 733.877 2248
-1056.47 733.877 2248
-1058.89 732.898 2245
-1062.72 732.898 2245
-1066.54 732.898 2245
-1070.37 732.898 2245
-1068.46 728.98 2233
-1065.06 724.083 2218
-1066.43 722.451 2213
-1070.2 722.451 2213
-1072.52 721.472 2210
-1071.9 718.534 2201
-1069.79 714.616 2189
-1073.52 714.616 2189
-1073.32 712.004 2181
-1074.07 710.046 2175
-1074.81 708.087 2169
-1078.51 708.087 2169
-1081.21 707.434 2167
-1081.9 705.475 2161
-1084.07 704.496 2158
-1087.75 704.496 2158
-1091.43 704.496 2158
-1095.11 704.496 2158
-1097.26 703.517 2155
-1100.93 703.517 2155
-1102.05 701.884 2150
-1102.63 699.925 2144
1646.46 1283.74 3953
1639.72 1283.74 3953
1632.98 1283.74 3953
1626.24 1283.74 3953
1619.5 1283.74 3953
1612.76 1283.74 3953
1602.37 1280.82 3944
1562.47 1254.19 3862
1559.51 1257.11 3871
1578.59 1277.9 3935
1571.88 1277.9 3935
1579.89 1289.91 3972
1592.13 1305.5 4020
1585.27 1305.5 4020
1578.42 1305.5 4020
1571.57 1305.5 4020
1560.82 1302.25 4010
1553.99 1302.25 4010
1543.68 1299.33 4001
1533.01 1296.08 3991
1533.48 1302.25 4010
1530.45 1305.5 4020
1523.6 1305.5 4020
1516.74 1305.5 4020
1509.89 1305.5 4020
1506.77 1308.75 4030
1499.9 1308.75 4030
1496.37 1311.67 4039
1496.86 1318.17 4059
1489.94 1318.17 4059
1483.02 1318.17 4059
1476.1 1318.17 4059
1461.94 1311.67 4039
1465.86 1321.41 4069
1458.93 1321.41 4069
1451.99 1321.41 4069
1445.05 1321.41 4069
1438.12 1321.41 4069
1424.15 1314.92 4049
1417.24 1314.92 4049
1410.34 1314.92 4049
1403.44 1314.92 4049
154.499 1077.2 3317
148.844 1077.2 3317
143.19 1077.2 3317
137.535 1077.2 3317
131.88 1077.2 3317
-1036.34 827.143 2547
-1040.68 827.143 2547
-1045.02 827.143 2547
-1049.36 827.143 2547
-1053.7 827.143 2547
-1056.38 825.844 2543
-1040.28 809.931 2494
-1042.86 808.632 2490
-1047.1 808.632 2490
-1051.35 808.632 2490
-1052.62 806.358 2483
-1050.47 801.487 2468
-1054.68 801.487 2468
-1040.44 787.523 2425
-1032.51 778.43 2397
-1027.52 771.61 2376
-1025.92 767.388 2363
-1029.95 767.388 2363
-988.677 728.093 2242
-992.499 728.093 2242
-996.321 728.093 2242
-1000.14 728.093 2242
-1002.62 727.119 2239
-1007.79 728.093 2242
-1011.61 728.093 2242
-1015.43 728.093 2242
-1019.25 728.093 2242
-1023.08 728.093 2242
-1026.9 728.093 2242
-1036.24 731.99 2254
-1040.08 731.99 2254
-1043.92 731.99 2254
-1047.76 731.99 2254
-1050.21 731.016 2251
-1052.64 730.042 2248
-1056.47 730.042 2248
-1058.89 729.068 2245
-1062.72 729.068 2245
-1066.54 729.068 2245
-1070.37 729.068 2245
-1068.46 725.171 2233
-1063.62 719.325 2215
-1066.43 718.675 2213
-1070.2 718.675 2213
-1071.06 716.727 2207
-1071.9 714.778 2201
-1069.79 710.881 2189
-1073.52 710.881 2189
-1073.32 708.283 2181
-1074.07 706.335 2175
-1074.81 704.386 2169
-1078.51 704.386 2169
-1081.21 703.737 2167
-1081.9 701.788 2161
-1084.07 700.814 2158
-1087.75 700.814 2158
-1091.43 700.814 2158
-1095.11 700.814 2158
-1097.26 699.84 2155
-1100.93 699.84 2155
-1102.05 698.216 2150
-1102.63 696.268 2144
1659.08 1271.18 3935
1652.38 1271.18 3935
1645.67 1271.18 3935
1646.46 1277 3953
1639.72 1277 3953
1632.98 1277 3953
1626.24 1277 3953
1619.5 1277 3953
1612.76 1277 3953
1602.37 1274.09 3944
1562.47 1247.6 3862
1559.51 1250.51 3871
1589.82 1280.23 3963
1583.06 1280.23 3963
1579.89 1283.14 3972
1599.65 1304.78 4039
1592.77 1304.78 4039
1585.88 1304.78 4039
1578.99 1304.78 4039
1560.82 1295.41 4010
1553.99 1295.41 4010
1543.68 1292.51 4001
1540.31 1295.41 4010
1537.3 1298.64 4020
1534.26 1301.87 4030
1527.39 1301.87 4030
1520.51 1301.87 4030
1513.64 1301.87 4030
1510.14 1304.78 4039
1503.25 1304.78 4039
1500.07 1308.01 4049
1496.86 1311.24 4059
1489.94 1311.24 4059
1483.02 1311.24 4059
1476.1 1311.24 4059
1461.94 1304.78 4039
1465.86 1314.47 4069
1458.93 1314.47 4069
1451.99 1314.47 4069
1445.05 1314.47 4069
1438.12 1314.47 4069
1424.15 1308.01 4049
1417.24 1308.01 4049
1410.34 1308.01 4049
1403.44 1308.01 4049
-1036.34 822.797 2547
-1040.68 822.797 2547
-1045.02 822.797 2547
-1049.36 822.797 2547
-1053.7 822.797 2547
-1056.38 821.505 2543
-1041.53 806.645 2497
-1045.79 806.645 2497
-1050.05 806.645 2497
-1054.3 806.645 2497
-1052.62 802.122 2483
-1050.47 797.276 2468
-1054.68 797.276 2468
-1043.44 785.647 2432
-1039.83 779.832 2414
-1027.52 767.556 2376
-1028.96 765.618 2370
-1033 765.618 2370
-988.677 724.268 2242
-992.499 724.268 2242
-996.321 724.268 2242
-1000.14 724.268 2242
-1003.97 724.268 2242
-1007.79 724.268 2242
-1011.61 724.268 2242
-1015.43 724.268 2242
-1019.25 724.268 2242
-1023.08 724.268 2242
-1026.9 724.268 2242
-1030.72 724.268 2242
-1038.69 727.176 2251
-1042.53 727.176 2251
-1046.37 727.176 2251
-1048.81 726.206 2248
-1051.23 725.237 2245
-1055.06 725.237 2245
-1058.89 725.237 2245
-1062.72 725.237 2245
-1066.54 725.237 2245
-1070.37 725.237 2245
-1068.46 721.361 2233
-1062.66 714.9 2213
-1064.99 713.931 2210
-1068.75 713.931 2210
-1068.15 711.023 2201
-1067.52 708.116 2192
-1067.35 705.532 2184
-1071.07 705.532 2184
-1070.37 702.624 2175
-1072.59 701.655 2172
-1073.82 700.04 2167
-1077.51 700.04 2167
-1078.21 698.102 2161
-1080.39 697.132 2158
-1082.57 696.163 2155
-1086.24 696.163 2155
-1089.91 696.163 2155
-1091.05 694.548 2150
-1094.72 694.548 2150
-1098.38 694.548 2150
-1100.51 693.579 2147
-1101.6 691.964 2142
1659.08 1264.47 3935
1652.38 1264.47 3935
1645.67 1264.47 3935
1646.46 1270.26 3953
1639.72 1270.26 3953
1632.98 1270.26 3953
1626.24 1270.26 3953
1619.5 1270.26 3953
1612.76 1270.26 3953
1602.37 1267.36 3944
1558.83 1238.12 3853
1559.51 1243.91 3871
1589.82 1273.47 3963
1583.06 1273.47 3963
1579.89 1276.36 3972
1599.65 1297.89 4039
1592.77 1297.89 4039
1585.88 1297.89 4039
1578.99 1297.89 4039
1564.71 1291.78 4020
1557.86 1291.78 4020
1543.68 1285.68 4001
1544.15 1291.78 4020
1541.13 1295 4030
1537.68 1297.89 4039
1530.8 1297.89 4039
1523.91 1297.89 4039
1517.03 1297.89 4039
1513.88 1301.1 4049
1506.98 1301.1 4049
1500.07 1301.1 4049
1500.55 1307.53 4069
1493.61 1307.53 4069
1486.67 1307.53 4069
1479.74 1307.53 4069
1465.56 1301.1 4049
1465.86 1307.53 4069
1458.93 1307.53 4069
1451.99 1307.53 4069
1445.05 1307.53 4069
1438.12 1307.53 4069
1427.66 1304.32 4059
1420.74 1304.32 4059
1413.82 1304.32 4059
1406.9 1304.32 4059
-1036.34 818.452 2547
-1040.68 818.452 2547
-1045.02 818.452 2547
-1049.36 818.452 2547
-1053.7 818.452 2547
-1056.38 817.166 2543
-1041.53 802.385 2497
-1045.79 802.385 2497
-1050.05 802.385 2497
-1054.3 802.385 2497
-1052.62 797.886 2483
-1050.47 793.066 2468
-1054.68 793.066 2468
-1043.44 781.498 2432
-1039.83 775.714 2414
-1027.52 763.503 2376
-1028.96 761.575 2370
-1033 761.575 2370
-1020.85 749.685 2333
-1002.43 733.297 2282
-1006.32 733.297 2282
-1010.21 733.297 2282
-1007.43 728.477 2267
-1006.83 725.263 2257
-1003.97 720.443 2242
-1009.14 721.407 2245
-1012.96 721.407 2245
-1016.79 721.407 2245
-1019.25 720.443 2242
-1023.08 720.443 2242
-1025.52 719.479 2239
-1030.72 720.443 2242
-1034.54 720.443 2242
-1038.36 720.443 2242
-1042.19 720.443 2242
-1046.01 720.443 2242
-1047.02 718.515 2236
-1055.06 721.407 2245
-1058.89 721.407 2245
-1062.72 721.407 2245
-1062.27 718.515 2236
-1066.08 718.515 2236
-1062.71 713.695 2221
-1061.22 710.16 2210
-1062.09 708.232 2204
-1065.85 708.232 2204
-1066.7 706.304 2198
-1064.6 702.448 2186
-1067.35 701.805 2184
-1071.07 701.805 2184
-1071.84 699.877 2178
-1070.12 696.343 2167
-1072.33 695.379 2164
-1076.02 695.379 2164
-1078.21 694.415 2161
-1080.39 693.451 2158
-1082.57 692.487 2155
-1086.24 692.487 2155
-1088.9 691.844 2153
-1092.57 691.844 2153
-1094.72 690.88 2150
-1098.38 690.88 2150
-1098.97 688.952 2144
-1100.05 687.345 2139
1659.08 1257.76 3935
1652.38 1257.76 3935
1645.67 1257.76 3935
1646.46 1263.51 3953
1639.72 1263.51 3953
1632.98 1263.51 3953
1626.24 1263.51 3953
1619.5 1263.51 3953
1612.76 1263.51 3953
1602.37 1260.63 3944
1566.11 1237.3 3871
1577.64 1251.68 3916
1593.43 1269.58 3972
1586.66 1269.58 3972
1606.54 1291 4039
1607.57 1297.39 4059
1600.65 1297.39 4059
1593.73 1297.39 4059
1586.81 1297.39 4059
1576 1294.2 4049
1569.1 1294.2 4049
1551.01 1284.93 4020
1551.45 1291 4039
1544.57 1291 4039
1541.49 1294.2 4049
1534.59 1294.2 4049
1527.68 1294.2 4049
1520.78 1294.2 4049
1513.88 1294.2 4049
1506.98 1294.2 4049
1507.48 1300.59 4069
1507.92 1306.98 4089
1500.95 1306.98 4089
1493.98 1306.98 4089
1479.74 1300.59 4069
1472.8 1300.59 4069
1473.07 1306.98 4089
1466.1 1306.98 4089
1459.13 1306.98 4089
1452.16 1306.98 4089
1445.19 1306.98 4089
1431.18 1300.59 4069
1420.74 1297.39 4059
1413.82 1297.39 4059
1406.9 1297.39 4059
-1033.02 798.125 2497
-1037.28 798.125 2497
-1041.53 798.125 2497
-1045.79 798.125 2497
-1050.05 798.125 2497
-1054.3 798.125 2497
-1052.62 793.65 2483
-1050.47 788.855 2468
-1054.68 788.855 2468
-1043.44 777.348 2432
-1039.83 771.595 2414
-1027.52 759.449 2376
-1028.96 757.531 2370
-1033 757.531 2370
-1020.85 745.705 2333
-1002.43 729.403 2282
-1006.32 729.403 2282
-1010.21 729.403 2282
-1007.43 724.609 2267
-1008.62 722.691 2261
-1010.68 721.413 2257
-1014.53 721.413 2257
-1018.38 721.413 2257
-1022.23 721.413 2257
-1023.34 719.495 2251
-1027.18 719.495 2251
-1026.9 716.618 2242
-1030.72 716.618 2242
-1034.54 716.618 2242
-1038.36 716.618 2242
-1042.19 716.618 2242
-1046.01 716.618 2242
-1047.02 714.7 2236
-1055.06 717.577 2245
-1058.89 717.577 2245
-1062.72 717.577 2245
-1062.27 714.7 2236
-1066.08 714.7 2236
-1062.71 709.906 2221
-1061.22 706.39 2210
-1062.09 704.472 2204
-1065.85 704.472 2204
-1066.7 702.554 2198
-1064.6 698.719 2186
-1065.88 697.12 2181
-1069.6 697.12 2181
-1071.84 696.161 2178
-1070.12 692.646 2167
-1073.82 692.646 2167
-1077.51 692.646 2167
-1078.21 690.728 2161
-1081.9 690.728 2161
-1084.07 689.769 2158
-1087.75 689.769 2158
-1088.9 688.171 2153
-1092.57 688.171 2153
-1094.72 687.212 2150
-1098.38 687.212 2150
-1098.97 685.294 2144
-1100.05 683.696 2139
1659.08 1251.04 3935
1652.38 1251.04 3935
1645.67 1251.04 3935
1634.79 1247.86 3925
1632.25 1251.04 3935
1625.54 1251.04 3935
1618.84 1251.04 3935
1612.13 1251.04 3935
1605.42 1251.04 3935
1594.65 1247.86 3925
1566.11 1230.7 3871
1577.64 1245 3916
1593.43 1262.81 3972
1586.66 1262.81 3972
1606.54 1284.11 4039
1607.57 1290.47 4059
1600.65 1290.47 4059
1593.73 1290.47 4059
1586.81 1290.47 4059
1576 1287.29 4049
1569.1 1287.29 4049
1551.01 1278.07 4020
1551.45 1284.11 4039
1544.57 1284.11 4039
1541.49 1287.29 4049
1534.59 1287.29 4049
1527.68 1287.29 4049
1520.78 1287.29 4049
1513.88 1287.29 4049
1506.98 1287.29 4049
1507.48 1293.65 4069
1507.92 1300 4089
1500.95 1300 4089
1493.98 1300 4089
1487.01 1300 4089
1480.04 1300 4089
1473.07 1300 4089
1466.1 1300 4089
1459.13 1300 4089
1452.16 1300 4089
1445.19 1300 4089
1431.18 1293.65 4069
1424.24 1293.65 4069
1413.82 1290.47 4059
1406.9 1290.47 4059
-1035.69 789.413 2483
-1039.93 789.413 2483
-1044.16 789.413 2483
-1048.39 789.413 2483
-1046.27 784.644 2468
-1045.79 781.147 2457
-1049.98 781.147 2457
-1038.72 769.702 2421
-1032.51 762.072 2397
-1024.92 753.488 2370
-1024.62 750.308 2360
-1028.64 750.308 2360
-1020.85 741.724 2333
-1016.48 735.684 2314
-1014.69 731.551 2301
-1018.62 731.551 2301
-1007.43 720.741 2267
-1008.62 718.834 2261
-1010.68 717.562 2257
-1014.53 717.562 2257
-1018.38 717.562 2257
-1022.23 717.562 2257
-1023.34 715.654 2251
-1027.18 715.654 2251
-1026.9 712.793 2242
-1026.58 709.932 2233
-1031.77 710.885 2236
-1035.58 710.885 2236
-1039.4 710.885 2236
-1043.21 710.885 2236
-1045.62 709.932 2233
-1050.83 710.885 2236
-1054.64 710.885 2236
-1058.46 710.885 2236
-1062.27 710.885 2236
-1066.08 710.885 2236
-1061.28 705.163 2218
-1059.78 701.665 2207
-1060.65 699.758 2201
-1064.4 699.758 2201
-1066.7 698.804 2198
-1064.6 694.989 2186
-1065.88 693.399 2181
-1069.6 693.399 2181
-1071.84 692.446 2178
-1071.11 689.584 2169
-1073.82 688.948 2167
-1077.51 688.948 2167
-1078.21 687.041 2161
-1081.9 687.041 2161
-1084.07 686.087 2158
-1087.75 686.087 2158
-1088.9 684.497 2153
-1092.57 684.497 2153
-1094.72 683.544 2150
-1098.38 683.544 2150
-1098.97 681.636 2144
-1100.05 680.046 2139
1634.79 1241.17 3925
1667.51 1271.21 4020
1660.66 1271.21 4020
1653.8 1271.21 4020
1642.85 1268.05 4010
1636.02 1268.05 4010
1598.71 1244.33 3935
1577.03 1232.63 3898
1588.92 1247.18 3944
1605.06 1265.2 4001
1598.24 1265.2 4001
1610.51 1280.38 4049
1607.57 1283.54 4059
1604.6 1286.7 4069
1597.66 1286.7 4069
1590.72 1286.7 4069
1579.89 1283.54 4059
1572.97 1283.54 4059
1554.87 1274.37 4030
1559.13 1283.54 4059
1552.22 1283.54 4059
1549.1 1286.7 4069
1542.17 1286.7 4069
1539 1289.87 4079
1535.8 1293.03 4089
1528.83 1293.03 4089
1521.86 1293.03 4089
1507.48 1286.7 4069
1507.92 1293.03 4089
1500.95 1293.03 4089
1493.98 1293.03 4089
1487.01 1293.03 4089
1480.04 1293.03 4089
1473.07 1293.03 4089
1466.1 1293.03 4089
1459.13 1293.03 4089
1452.16 1293.03 4089
1445.19 1293.03 4089
1431.18 1286.7 4069
1424.24 1286.7 4069
1413.82 1283.54 4059
1406.9 1283.54 4059
-1035.69 785.177 2483
-1039.93 785.177 2483
-1044.16 785.177 2483
-1037.41 776.955 2457
-1041.6 776.955 2457
-1038.13 771.263 2439
-1042.29 771.263 2439
-1024.13 754.82 2387
-1020.88 749.444 2370
-1021.89 747.231 2363
-1015.94 739.958 2340
-1019.93 739.958 2340
-1016.48 734.582 2323
-1017.8 732.684 2317
-1019.1 730.787 2311
-1023.04 730.787 2311
-1016.76 723.514 2288
-1009.96 715.925 2264
-1012.47 714.976 2261
-1017.68 715.925 2264
-1021.54 715.925 2264
-1025.4 715.925 2264
-1027.89 714.976 2261
-1031.75 714.976 2261
-1031.02 711.814 2251
-1029.34 708.019 2239
-1031.77 707.07 2236
-1035.58 707.07 2236
-1038 706.122 2233
-1041.81 706.122 2233
-1042.81 704.225 2227
-1048.01 705.173 2230
-1051.81 705.173 2230
-1055.62 705.173 2230
-1059.42 705.173 2230
-1063.22 705.173 2230
-1061.28 701.379 2218
-1059.78 697.9 2207
-1060.65 696.003 2201
-1064.4 696.003 2201
-1066.7 695.054 2198
-1064.6 691.259 2186
-1065.88 689.678 2181
-1069.6 689.678 2181
-1071.84 688.73 2178
-1071.11 685.884 2169
-1073.82 685.251 2167
-1077.51 685.251 2167
-1078.21 683.354 2161
-1081.9 683.354 2161
-1084.07 682.405 2158
-1087.75 682.405 2158
-1088.9 680.824 2153
-1092.57 680.824 2153
-1094.72 679.876 2150
-1098.38 679.876 2150
-1098.97 677.978 2144
-1098.51 675.448 2136
1634.79 1234.47 3925
1679.54 1273.47 4049
1672.64 1273.47 4049
1665.73 1273.47 4049
1654.73 1270.33 4039
1647.85 1270.33 4039
1629.18 1261.21 4010
1595.64 1240.45 3944
1611.88 1258.37 4001
1624.32 1273.47 4049
1617.42 1273.47 4049
1622.45 1282.91 4079
1615.49 1282.91 4079
1608.54 1282.91 4079
1597.66 1279.76 4069
1590.72 1279.76 4069
1583.79 1279.76 4069
1576.85 1279.76 4069
1566.05 1276.62 4059
1562.98 1279.76 4069
1559.86 1282.91 4079
1556.72 1286.05 4089
1549.75 1286.05 4089
1542.78 1286.05 4089
1535.8 1286.05 4089
1528.83 1286.05 4089
1521.86 1286.05 4089
1500.95 1286.05 4089
1493.98 1286.05 4089
1487.01 1286.05 4089
1480.04 1286.05 4089
1473.07 1286.05 4089
1445.05 1279.76 4069
1438.12 1279.76 4069
1431.18 1279.76 4069
1424.24 1279.76 4069
-1035.69 780.941 2483
-1039.93 780.941 2483
-1044.16 780.941 2483
-1037.41 772.763 2457
-1041.6 772.763 2457
-1038.13 767.102 2439
-1042.29 767.102 2439
-1024.13 750.747 2387
-1020.88 745.401 2370
-1021.89 743.199 2363
-1015.94 735.965 2340
-1019.93 735.965 2340
-1016.48 730.618 2323
-1019.12 729.675 2320
-1019.1 726.844 2311
-1023.04 726.844 2311
-1021.21 722.756 2298
-1011.3 713.006 2267
-1015.16 713.006 2267
-1020.37 713.949 2270
-1024.24 713.949 2270
-1028.11 713.949 2270
-1029.26 712.062 2264
-1033.11 712.062 2264
-1032.39 708.917 2254
-1032.1 706.086 2245
-1034.54 705.143 2242
-1038.36 705.143 2242
-1039.4 703.256 2236
-1040.41 701.369 2230
-1042.81 700.425 2227
-1046.6 700.425 2227
-1050.4 700.425 2227
-1054.2 700.425 2227
-1057.99 700.425 2227
-1061.79 700.425 2227
-1061.28 697.594 2218
-1059.78 694.135 2207
-1062.09 693.191 2204
-1065.85 693.191 2204
-1065.24 690.361 2195
-1066.06 688.474 2189
-1067.35 686.901 2184
-1071.07 686.901 2184
-1073.32 685.957 2181
-1071.11 682.183 2169
-1073.82 681.554 2167
-1077.51 681.554 2167
-1078.21 679.667 2161
-1081.9 679.667 2161
-1084.07 678.724 2158
-1087.75 678.724 2158
-1088.9 677.151 2153
-1091.05 676.207 2150
-1093.19 675.264 2147
-1096.85 675.264 2147
-1097.94 673.691 2142
-1098.51 671.804 2136
1679.54 1266.56 4049
1672.64 1266.56 4049
1665.73 1266.56 4049
1654.73 1263.44 4039
1647.85 1263.44 4039
1629.18 1254.36 4010
1606.97 1242.48 3972
1627.19 1263.44 4039
1636.35 1275.95 4079
1629.4 1275.95 4079
1626.42 1279.08 4089
1619.45 1279.08 4089
1612.48 1279.08 4089
1597.66 1272.82 4069
1598.54 1279.08 4089
1591.57 1279.08 4089
1584.6 1279.08 4089
1569.91 1272.82 4069
1562.98 1272.82 4069
1559.86 1275.95 4079
1556.72 1279.08 4089
1549.75 1279.08 4089
1542.78 1279.08 4089
1535.8 1279.08 4089
1528.83 1279.08 4089
1521.86 1279.08 4089
-1026.1 766.382 2450
-1030.28 766.382 2450
-1034.46 766.382 2450
-1031 760.751 2432
-1016 746.675 2387
-1012.8 741.357 2370
-1016.84 741.357 2370
-1020.88 741.357 2370
-1020.6 738.229 2360
-1015.94 731.973 2340
-1019.93 731.973 2340
-1016.48 726.655 2323
-1019.12 725.717 2320
-1019.1 722.901 2311
-1023.04 722.901 2311
-1021.21 718.835 2298
-1015.31 711.953 2276
-1017.85 711.015 2273
-1021.72 711.015 2273
-1025.6 711.015 2273
-1029.47 711.015 2273
-1029.26 708.199 2264
-1033.11 708.199 2264
-1032.39 705.071 2254
-1032.1 702.256 2245
-1034.54 701.318 2242
-1038.36 701.318 2242
-1040.79 700.379 2239
-1040.41 697.564 2230
-1042.81 696.626 2227
-1046.6 696.626 2227
-1050.4 696.626 2227
-1054.2 696.626 2227
-1057.99 696.626 2227
-1061.79 696.626 2227
-1061.28 693.81 2218
-1059.78 690.369 2207
-1062.09 689.431 2204
-1065.85 689.431 2204
-1065.24 686.616 2195
-1066.06 684.739 2189
-1067.35 683.175 2184
-1071.07 683.175 2184
-1073.32 682.236 2181
-1071.11 678.483 2169
-1073.82 677.857 2167
-1077.51 677.857 2167
-1078.21 675.98 2161
-1080.39 675.042 2158
-1084.07 675.042 2158
-1087.75 675.042 2158
-1088.9 673.478 2153
-1091.05 672.539 2150
-1091.66 670.662 2144
-1095.32 670.662 2144
-1096.41 669.098 2139
-1098.51 668.16 2136
1682.28 1256.54 4039
1679.54 1259.66 4049
1672.64 1259.66 4049
1665.73 1259.66 4049
1654.73 1256.54 4039
1647.85 1256.54 4039
1629.18 1247.52 4010
1606.97 1235.7 3972
1627.19 1256.54 4039
1636.35 1268.99 4079
1629.4 1268.99 4079
1626.42 1272.1 4089
1619.45 1272.1 4089
1612.48 1272.1 4089
1598.54 1272.1 4089
1591.57 1272.1 4089
1584.6 1272.1 4089
1569.91 1265.88 4069
1562.98 1265.88 4069
1559.86 1268.99 4079
1556.72 1272.1 4089
1549.75 1272.1 4089
1542.78 1272.1 4089
1535.8 1272.1 4089
1528.83 1272.1 4089
-1024.43 760.958 2446
-1028.6 760.958 2446
-1032.77 760.958 2446
-1031 756.602 2432
-1008.76 737.314 2370
-1012.8 737.314 2370
-1016.84 737.314 2370
-1020.88 737.314 2370
-1020.6 734.203 2360
-1015.94 727.981 2340
-1019.93 727.981 2340
-1016.48 722.692 2323
-1019.12 721.759 2320
-1020.43 719.892 2314
-1024.37 719.892 2314
-1021.21 714.914 2298
-1015.31 708.07 2276
-1017.85 707.137 2273
-1021.72 707.137 2273
-1025.6 707.137 2273
-1029.47 707.137 2273
-1029.26 704.337 2264
-1033.11 704.337 2264
-1032.39 701.226 2254
-1032.1 698.426 2245
-1034.54 697.493 2242
-1038.36 697.493 2242
-1040.79 696.559 2239
-1039.01 692.826 2227
-1042.81 692.826 2227
-1046.6 692.826 2227
-1050.4 692.826 2227
-1054.2 692.826 2227
-1057.99 692.826 2227
-1061.79 692.826 2227
-1061.28 690.026 2218
-1059.78 686.604 2207
-1062.09 685.671 2204
-1065.85 685.671 2204
-1065.24 682.871 2195
-1066.06 681.004 2189
-1067.35 679.449 2184
-1071.07 679.449 2184
-1073.32 678.515 2181
-1071.11 674.782 2169
-1073.82 674.16 2167
-1077.51 674.16 2167
-1078.21 672.293 2161
-1080.39 671.36 2158
-1084.07 671.36 2158
-1087.75 671.36 2158
-1088.9 669.804 2153
-1091.05 668.871 2150
-1091.66 667.005 2144
-1095.32 667.005 2144
-1096.41 665.449 2139
-1098.51 664.516 2136
1707.15 1252.75 4049
1700.25 1252.75 4049
1693.34 1252.75 4049
1686.44 1252.75 4049
1679.54 1252.75 4049
1668.51 1249.65 4039
1661.62 1249.65 4039
1654.73 1249.65 4039
1647.85 1249.65 4039
1621.46 1234.8 3991
1606.97 1228.92 3972
1643.31 1262.03 4079
1640.37 1265.12 4089
1633.39 1265.12 4089
1626.42 1265.12 4089
1619.45 1265.12 4089
1612.48 1265.12 4089
1598.54 1265.12 4089
1591.57 1265.12 4089
1584.6 1265.12 4089
1573.77 1262.03 4079
1570.66 1265.12 4089
1563.69 1265.12 4089
1556.72 1265.12 4089
1549.75 1265.12 4089
1542.78 1265.12 4089
-1028.6 756.784 2446
-1032.77 756.784 2446
-1036.94 756.784 2446
-1041.11 756.784 2446
-1045.28 756.784 2446
-1016.84 733.27 2370
-1020.88 733.27 2370
-1008.56 718.729 2323
-1012.52 718.729 2323
-1016.48 718.729 2323
-1019.12 717.8 2320
-1023.07 717.8 2320
-1027.03 717.8 2320
-1028.32 715.944 2314
-1022.45 709.137 2292
-1021.88 706.043 2282
-1025.77 706.043 2282
-1026.95 704.187 2276
-1030.83 704.187 2276
-1033.35 703.259 2273
-1037.22 703.259 2273
-1032.39 697.38 2254
-1034.86 696.452 2251
-1034.54 693.668 2242
-1038.36 693.668 2242
-1040.79 692.739 2239
-1039.01 689.027 2227
-1041.4 688.098 2224
-1046.6 689.027 2227
-1050.4 689.027 2227
-1054.2 689.027 2227
-1056.57 688.098 2224
-1060.36 688.098 2224
-1061.28 686.242 2218
-1058.34 681.91 2204
-1059.2 680.054 2198
-1062.95 680.054 2198
-1063.79 678.198 2192
-1066.06 677.27 2189
-1067.35 675.723 2184
-1071.07 675.723 2184
-1071.84 673.866 2178
-1071.11 671.082 2169
-1073.82 670.463 2167
-1077.51 670.463 2167
-1078.21 668.606 2161
-1080.39 667.678 2158
-1081.56 666.131 2153
-1085.23 666.131 2153
-1087.38 665.203 2150
-1089.53 664.275 2147
-1090.64 662.728 2142
-1094.29 662.728 2142
-1094.87 660.871 2136
-1095.94 659.325 2131
1707.15 1245.84 4049
1700.25 1245.84 4049
1693.34 1245.84 4049
1686.44 1245.84 4049
1679.54 1245.84 4049
1668.51 1242.76 4039
1661.62 1242.76 4039
1654.73 1242.76 4039
1647.85 1242.76 4039
1621.46 1227.99 3991
1606.97 1222.15 3972
1643.31 1255.07 4079
1640.37 1258.15 4089
1633.39 1258.15 4089
1626.42 1258.15 4089
1598.54 1258.15 4089
1591.57 1258.15 4089
1584.6 1258.15 4089
1573.77 1255.07 4079
1570.66 1258.15 4089
1563.69 1258.15 4089
1556.72 1258.15 4089
1549.75 1258.15 4089
1539 1255.07 4079
1532.05 1255.07 4079
1525.1 1255.07 4079
-1028.6 752.611 2446
-1032.77 752.611 2446
-1036.94 752.611 2446
-1041.11 752.611 2446
-1045.28 752.611 2446
-1016.84 729.227 2370
-1020.88 729.227 2370
-1008.56 714.765 2323
-1012.52 714.765 2323
-1016.48 714.765 2323
-1022.19 715.996 2327
-1026.16 715.996 2327
-1030.13 715.996 2327
-1032.32 714.765 2323
-1023.79 706.15 2295
-1027.7 706.15 2295
-1031.61 706.15 2295
-1032.36 703.996 2288
-1033.55 702.15 2282
-1034.71 700.304 2276
-1038.59 700.304 2276
-1036.97 696.612 2264
-1036.24 693.535 2254
-1038.69 692.612 2251
-1042.53 692.612 2251
-1040.79 688.919 2239
-1040.41 686.15 2230
-1041.4 684.304 2224
-1046.6 685.227 2227
-1050.4 685.227 2227
-1054.2 685.227 2227
-1055.14 683.381 2221
-1058.93 683.381 2221
-1056.02 679.073 2207
-1055.46 676.304 2198
-1057.76 675.381 2195
-1061.5 675.381 2195
-1062.33 673.535 2189
-1064.6 672.612 2186
-1064.42 670.15 2178
-1068.13 670.15 2178
-1068.89 668.304 2172
-1071.11 667.381 2169
-1070.84 664.919 2161
-1074.53 664.919 2161
-1076.72 663.996 2158
-1078.89 663.073 2155
-1081.56 662.458 2153
-1085.23 662.458 2153
-1085.87 660.612 2147
-1088.01 659.689 2144
-1089.11 658.15 2139
-1092.76 658.15 2139
-1093.33 656.304 2133
-1094.4 654.766 2128
1707.15 1238.93 4049
1700.25 1238.93 4049
1693.34 1238.93 4049
1686.44 1238.93 4049
1679.54 1238.93 4049
1668.51 1235.87 4039
1661.62 1235.87 4039
1654.73 1235.87 4039
1647.85 1235.87 4039
1621.46 1221.18 3991
1606.97 1215.37 3972
1643.31 1248.11 4079
1640.37 1251.17 4089
1633.39 1251.17 4089
1626.42 1251.17 4089
1619.45 1251.17 4089
1612.48 1251.17 4089
1598.54 1251.17 4089
1591.57 1251.17 4089
1584.6 1251.17 4089
1573.77 1248.11 4079
1570.66 1251.17 4089
1563.69 1251.17 4089
1556.72 1251.17 4089
1549.75 1251.17 4089
1539 1248.11 4079
1532.05 1248.11 4079
1525.1 1248.11 4079
1518.14 1248.11 4079
1511.19 1248.11 4079
-1028.6 748.438 2446
-1032.77 748.438 2446
-1036.94 748.438 2446
-1041.11 748.438 2446
-1045.28 748.438 2446
-1009.55 719.982 2353
-1011.21 709.884 2320
-1015.16 709.884 2320
-1022.19 712.026 2327
-1026.16 712.026 2327
-1030.13 712.026 2327
-1032.32 710.802 2323
-1025.12 703.152 2298
-1029.04 703.152 2298
-1031.61 702.235 2295
-1035.52 702.235 2295
-1036.27 700.093 2288
-1040.17 700.093 2288
-1039.96 697.339 2279
-1038.35 693.667 2267
-1039.45 691.831 2261
-1040.08 689.689 2254
-1043.92 689.689 2254
-1044.97 687.853 2248
-1044.61 685.099 2239
-1045.62 683.263 2233
-1049.42 683.263 2233
-1053.23 683.263 2233
-1055.62 682.346 2230
-1057.99 681.428 2227
-1061.79 681.428 2227
-1056.02 675.308 2207
-1055.46 672.554 2198
-1057.76 671.636 2195
-1061.5 671.636 2195
-1062.33 669.8 2189
-1064.6 668.882 2186
-1062.95 665.516 2175
-1066.66 665.516 2175
-1068.89 664.598 2172
-1068.64 662.151 2164
-1070.84 661.233 2161
-1074.53 661.233 2161
-1075.22 659.397 2155
-1077.89 658.785 2153
-1080.05 657.867 2150
-1083.72 657.867 2150
-1085.87 656.949 2147
-1086.99 655.419 2142
-1087.59 653.583 2136
-1091.23 653.583 2136
-1092.31 652.053 2131
-1092.85 650.217 2125
1707.15 1232.02 4049
1700.25 1232.02 4049
1693.34 1232.02 4049
1686.44 1232.02 4049
1679.54 1232.02 4049
1668.51 1228.98 4039
1661.62 1228.98 4039
1646.95 1223.2 4020
1640.1 1223.2 4020
1613.74 1208.59 3972
1606.97 1208.59 3972
1643.31 1241.15 4079
1640.37 1244.19 4089
1633.39 1244.19 4089
1626.42 1244.19 4089
1619.45 1244.19 4089
1612.48 1244.19 4089
1587.68 1241.15 4079
1580.72 1241.15 4079
1573.77 1241.15 4079
1566.82 1241.15 4079
1559.86 1241.15 4079
1552.91 1241.15 4079
1545.96 1241.15 4079
1539 1241.15 4079
1532.05 1241.15 4079
1525.1 1241.15 4079
1518.14 1241.15 4079
1511.19 1241.15 4079
1500.55 1238.11 4069
1493.61 1238.11 4069
-1028.6 744.265 2446
-1032.77 744.265 2446
-1036.94 744.265 2446
-1041.11 744.265 2446
-1045.28 744.265 2446
-1022.19 708.056 2327
-1026.16 708.056 2327
-1030.13 708.056 2327
-1034.09 708.056 2327
-1025.12 699.232 2298
-1029.04 699.232 2298
-1031.61 698.319 2295
-1035.52 698.319 2295
-1036.27 696.189 2288
-1040.17 696.189 2288
-1039.96 693.451 2279
-1038.35 689.799 2267
-1039.45 687.974 2261
-1040.08 685.844 2254
-1043.92 685.844 2254
-1044.97 684.018 2248
-1044.61 681.279 2239
-1045.62 679.454 2233
-1049.42 679.454 2233
-1053.23 679.454 2233
-1055.62 678.541 2230
-1057.99 677.628 2227
-1061.79 677.628 2227
-1054.58 670.63 2204
-1054.02 667.891 2195
-1054.87 666.066 2189
-1058.6 666.066 2189
-1060.87 665.153 2186
-1060.7 662.718 2178
-1062.95 661.806 2175
-1066.66 661.806 2175
-1068.89 660.893 2172
-1068.64 658.459 2164
-1070.84 657.546 2161
-1074.53 657.546 2161
-1075.22 655.72 2155
-1077.89 655.112 2153
-1080.05 654.199 2150
-1083.72 654.199 2150
-1085.87 653.286 2147
-1086.99 651.764 2142
-1087.59 649.939 2136
-1091.23 649.939 2136
-1092.31 648.417 2131
-1092.85 646.592 2125
1667.51 1216.34 4020
1660.66 1216.34 4020
1653.8 1216.34 4020
1631.38 1204.84 3982
1624.59 1204.84 3982
1594.65 1187.6 3925
1587.96 1187.6 3925
1627.19 1222.09 4039
1636.35 1234.19 4079
1629.4 1234.19 4079
1626.42 1237.22 4089
1619.45 1237.22 4089
1612.48 1237.22 4089
1605.51 1237.22 4089
1598.54 1237.22 4089
1587.68 1234.19 4079
1580.72 1234.19 4079
1573.77 1234.19 4079
1566.82 1234.19 4079
1556.04 1231.17 4069
1549.1 1231.17 4069
1542.17 1231.17 4069
1535.23 1231.17 4069
1532.05 1234.19 4079
1525.1 1234.19 4079
1518.14 1234.19 4079
1511.19 1234.19 4079
1500.55 1231.17 4069
1493.61 1231.17 4069
-1022.71 735.856 2432
-1026.86 735.856 2432
-1031 735.856 2432
-1035.15 735.856 2432
-1039.3 735.856 2432
-1023.51 704.994 2330
-1027.48 704.994 2330
-1031.46 704.994 2330
-1034.09 704.086 2327
-1025.12 695.311 2298
-1029.04 695.311 2298
-1031.61 694.404 2295
-1035.52 694.404 2295
-1036.27 692.286 2288
-1040.17 692.286 2288
-1039.96 689.562 2279
-1038.35 685.932 2267
-1040.83 685.024 2264
-1044.69 685.024 2264
-1047.16 684.116 2261
-1046.37 681.09 2251
-1044.61 677.459 2239
-1048.42 677.459 2239
-1052.24 677.459 2239
-1053.23 675.644 2233
-1057.04 675.644 2233
-1057.99 673.829 2227
-1061.79 673.829 2227
-1054.58 666.869 2204
-1054.02 664.146 2195
-1054.87 662.331 2189
-1058.6 662.331 2189
-1059.9 660.818 2184
-1060.7 659.003 2178
-1061.48 657.187 2172
-1065.19 657.187 2172
-1068.89 657.187 2172
-1067.16 653.859 2161
-1070.84 653.859 2161
-1074.53 653.859 2161
-1074.22 651.438 2153
-1077.89 651.438 2153
-1078.55 649.623 2147
-1082.21 649.623 2147
-1084.35 648.715 2144
-1085.47 647.202 2139
-1086.06 645.387 2133
-1089.7 645.387 2133
-1089.23 642.966 2125
-1091.31 642.059 2122
1667.51 1209.48 4020
1660.66 1209.48 4020
1653.8 1209.48 4020
1631.38 1198.05 3982
1624.59 1198.05 3982
1587.33 1175.48 3907
1584.32 1178.19 3916
1577.64 1178.19 3916
1620.31 1215.2 4039
1613.42 1215.2 4039
1614.49 1221.22 4059
1619.45 1230.24 4089
1612.48 1230.24 4089
1605.51 1230.24 4089
1598.54 1230.24 4089
1587.68 1227.23 4079
1580.72 1227.23 4079
1558.34 1215.2 4039
1551.45 1215.2 4039
1541.13 1212.49 4030
1534.26 1212.49 4030
1527.39 1212.49 4030
1523.91 1215.2 4039
1524.54 1221.22 4059
1517.62 1221.22 4059
1510.7 1221.22 4059
1507.48 1224.22 4069
1500.55 1224.22 4069
1493.61 1224.22 4069
-1022.71 731.707 2432
-1026.86 731.707 2432
-1031 731.707 2432
-1035.15 731.707 2432
-1039.3 731.707 2432
-1029.22 704.93 2343
-1033.22 704.93 2343
-1037.21 704.93 2343
-1035.43 701.018 2330
-1025.12 691.391 2298
-1029.04 691.391 2298
-1031.61 690.488 2295
-1035.52 690.488 2295
-1036.27 688.382 2288
-1040.17 688.382 2288
-1039.96 685.674 2279
-1038.35 682.064 2267
-1040.83 681.161 2264
-1044.69 681.161 2264
-1047.16 680.259 2261
-1046.37 677.25 2251
-1044.61 673.64 2239
-1048.42 673.64 2239
-1052.24 673.64 2239
-1053.23 671.834 2233
-1057.04 671.834 2233
-1057.99 670.029 2227
-1061.79 670.029 2227
-1054.58 663.109 2204
-1052.57 659.499 2192
-1053.42 657.694 2186
-1057.15 657.694 2186
-1059.9 657.092 2184
-1060.7 655.287 2178
-1061.48 653.481 2172
-1065.19 653.481 2172
-1067.41 652.579 2169
-1067.16 650.172 2161
-1069.36 649.269 2158
-1073.04 649.269 2158
-1074.22 647.765 2153
-1076.39 646.862 2150
-1077.04 645.057 2144
-1080.7 645.057 2144
-1081.82 643.553 2139
-1083.95 642.65 2136
-1083.51 640.243 2128
-1087.14 640.243 2128
-1087.69 638.438 2122
-1088.74 636.934 2117
1667.51 1202.62 4020
1660.66 1202.62 4020
1653.8 1202.62 4020
1631.38 1191.26 3982
1624.59 1191.26 3982
1587.33 1168.82 3907
1584.32 1171.51 3916
1577.64 1171.51 3916
1620.31 1208.31 4039
1613.42 1208.31 4039
1614.49 1214.29 4059
1619.45 1223.27 4089
1612.48 1223.27 4089
1605.51 1223.27 4089
1598.54 1223.27 4089
1587.68 1220.27 4079
1580.72 1220.27 4079
1558.34 1208.31 4039
1551.45 1208.31 4039
1541.13 1205.62 4030
1534.26 1205.62 4030
1527.39 1205.62 4030
1523.91 1208.31 4039
1524.54 1214.29 4059
1517.62 1214.29 4059
1510.7 1214.29 4059
1496.37 1208.31 4039
-1006.31 715.89 2393
-1010.39 715.89 2393
-1014.47 715.89 2393
-1018.55 715.89 2393
-1022.63 715.89 2393
-1029.22 700.932 2343
-1033.22 700.932 2343
-1037.21 700.932 2343
-1035.43 697.043 2330
-1025.12 687.47 2298
-1029.04 687.47 2298
-1031.61 686.573 2295
-1035.52 686.573 2295
-1036.27 684.478 2288
-1040.17 684.478 2288
-1039.96 681.786 2279
-1038.35 678.196 2267
-1040.83 677.299 2264
-1044.69 677.299 2264
-1047.16 676.401 2261
-1046.37 673.409 2251
-1044.61 669.82 2239
-1048.42 669.82 2239
-1052.24 669.82 2239
-1053.23 668.025 2233
-1057.04 668.025 2233
-1057.99 666.23 2227
-1061.79 666.23 2227
-1054.58 659.349 2204
-1052.57 655.759 2192
-1053.42 653.964 2186
-1057.15 653.964 2186
-1059.9 653.366 2184
-1060.7 651.571 2178
-1060.02 648.878 2169
-1063.72 648.878 2169
-1064.95 647.383 2164
-1065.68 645.588 2158
-1067.87 644.69 2155
-1071.54 644.69 2155
-1072.72 643.194 2150
-1074.89 642.297 2147
-1077.04 641.399 2144
-1080.7 641.399 2144
-1080.3 639.006 2136
-1082.42 638.109 2133
-1081.99 635.715 2125
-1085.61 635.715 2125
-1086.67 634.219 2120
-1087.2 632.424 2114
1651.75 1184.46 3982
1644.96 1184.46 3982
1638.17 1184.46 3982
1604.34 1164.83 3916
1597.67 1164.83 3916
1561.74 1143.41 3844
1569.75 1154.12 3880
1563.14 1154.12 3880
1605.06 1190.11 4001
1598.24 1190.11 4001
1598.98 1195.77 4020
1607.57 1207.37 4059
1604.6 1210.34 4069
1597.66 1210.34 4069
1590.72 1210.34 4069
1572.11 1201.42 4039
1565.22 1201.42 4039
1532.49 1181.49 3972
1518.42 1175.84 3953
1511.68 1175.84 3953
1519.41 1187.14 3991
1512.6 1187.14 3991
1505.8 1187.14 3991
1513.64 1198.74 4030
1506.77 1198.74 4030
1499.9 1198.74 4030
1464.51 1175.84 3953
-1029.22 696.935 2343
-1033.22 696.935 2343
-1037.21 696.935 2343
-1036.76 693.96 2333
-1025.12 683.549 2298
-1029.04 683.549 2298
-1031.61 682.657 2295
-1035.52 682.657 2295
-1033.55 678.79 2282
-1037.44 678.79 2282
-1039.96 677.898 2279
-1038.35 674.328 2267
-1040.83 673.436 2264
-1044.69 673.436 2264
-1047.16 672.544 2261
-1044.97 668.677 2248
-1043.21 665.107 2236
-1045.62 664.215 2233
-1049.42 664.215 2233
-1051.81 663.323 2230
-1054.2 662.43 2227
-1055.14 660.645 2221
-1058.93 660.645 2221
-1053.14 654.696 2201
-1051.13 651.127 2189
-1052.46 649.64 2184
-1056.18 649.64 2184
-1056.99 647.855 2178
-1059.24 646.963 2175
-1060.02 645.178 2169
-1063.72 645.178 2169
-1064.95 643.69 2164
-1065.68 641.906 2158
-1067.87 641.013 2155
-1071.54 641.013 2155
-1072.72 639.526 2150
-1074.89 638.634 2147
-1077.04 637.741 2144
-1080.7 637.741 2144
-1080.3 635.362 2136
-1082.42 634.469 2133
-1081.99 632.09 2125
-1085.61 632.09 2125
-1086.67 630.603 2120
-1087.2 628.818 2114
1634.89 1142.18 3862
1628.31 1142.18 3862
1621.72 1142.18 3862
1620.64 1155.49 3907
1613.98 1155.49 3907
1607.32 1155.49 3907
1585.91 1144.84 3871
1579.31 1144.84 3871
1554.43 1131.53 3826
1537.38 1123.84 3800
1563.14 1147.5 3880
1578.59 1163.77 3935
1571.88 1163.77 3935
1579.89 1174.71 3972
1584.6 1183.29 4001
1577.78 1183.29 4001
1570.96 1183.29 4001
1564.14 1183.29 4001
1546.03 1174.71 3972
1539.26 1174.71 3972
1510.88 1158.15 3916
1511.5 1163.77 3935
1508.24 1166.43 3944
1504.94 1169.09 3953
1498.2 1169.09 3953
1495.24 1172.05 3963
1488.48 1172.05 3963
1481.72 1172.05 3963
1474.97 1172.05 3963
1461.17 1166.43 3944
-1029.22 692.937 2343
-1033.22 692.937 2343
-1037.21 692.937 2343
-1036.76 689.98 2333
-1023.79 678.742 2295
-1027.7 678.742 2295
-1031.61 678.742 2295
-1031.01 675.784 2285
-1032.19 674.01 2279
-1036.07 674.01 2279
-1037.22 672.235 2273
-1038.35 670.461 2267
-1040.83 669.573 2264
-1044.69 669.573 2264
-1047.16 668.686 2261
-1043.58 663.954 2245
-1041.81 660.405 2233
-1045.62 660.405 2233
-1049.42 660.405 2233
-1050.4 658.631 2227
-1051.35 656.856 2221
-1055.14 656.856 2221
-1055.11 654.49 2213
-1048.84 648.279 2192
-1048.73 645.913 2184
-1051.01 645.026 2181
-1054.73 645.026 2181
-1055.53 643.252 2175
-1057.78 642.365 2172
-1059.04 640.886 2167
-1062.73 640.886 2167
-1064.95 639.999 2164
-1065.68 638.224 2158
-1066.88 636.745 2153
-1070.55 636.745 2153
-1071.23 634.971 2147
-1073.39 634.084 2144
-1076.04 633.492 2142
-1079.69 633.492 2142
-1080.3 631.718 2136
-1082.42 630.83 2133
-1081.99 628.464 2125
-1085.61 628.464 2125
-1085.13 626.098 2117
-1087.2 625.211 2114
1641.47 1135.59 3862
1653.94 1148.82 3907
1647.28 1148.82 3907
1640.62 1148.82 3907
1615.14 1135.59 3862
1643.87 1165.29 3963
1637.11 1165.29 3963
1630.35 1165.29 3963
1596.97 1146.18 3898
1590.32 1146.18 3898
1569.05 1135.59 3862
1541.03 1120.01 3809
1555.88 1135.59 3862
1578.59 1157.05 3935
1571.88 1157.05 3935
1576.31 1165.29 3963
1584.6 1176.46 4001
1577.78 1176.46 4001
1570.96 1176.46 4001
1560.23 1173.52 3991
1542.53 1165.29 3963
1535.77 1165.29 3963
1507.41 1148.82 3907
1511.5 1157.05 3935
1504.8 1157.05 3935
1498.09 1157.05 3935
1491.38 1157.05 3935
1495.24 1165.29 3963
1488.48 1165.29 3963
1481.72 1165.29 3963
1474.97 1165.29 3963
-1029.22 688.94 2343
-1033.22 688.94 2343
-1037.21 688.94 2343
-1036.76 686 2333
-1023.79 674.826 2295
-1027.7 674.826 2295
-1030.26 673.944 2292
-1031.01 671.886 2285
-1032.19 670.121 2279
-1036.07 670.121 2279
-1037.22 668.357 2273
-1038.35 666.593 2267
-1039.45 664.829 2261
-1043.31 664.829 2261
-1045.31 663.652 2257
-1043.58 660.124 2245
-1046.01 659.242 2242
-1049.83 659.242 2242
-1049.42 656.595 2233
-1053.23 656.595 2233
-1051.35 653.067 2221
-1055.14 653.067 2221
-1055.11 650.715 2213
-1050.27 645.422 2195
-1049.69 642.775 2186
-1053.42 642.775 2186
-1054.73 641.305 2181
-1055.53 639.541 2175
-1057.78 638.659 2172
-1061.48 638.659 2172
-1061.26 636.307 2164
-1064.95 636.307 2164
-1064.2 633.66 2155
-1066.88 633.072 2153
-1070.55 633.072 2153
-1071.23 631.308 2147
-1073.39 630.426 2144
-1076.04 629.838 2142
-1079.69 629.838 2142
-1078.79 627.191 2133
-1082.42 627.191 2133
-1081.99 624.839 2125
-1085.61 624.839 2125
-1083.59 621.604 2114
-1086.17 621.016 2112
1641.47 1129 3862
1653.94 1142.16 3907
1647.28 1142.16 3907
1640.62 1142.16 3907
1615.14 1129 3862
1631.05 1144.79 3916
1643.87 1158.53 3963
1637.11 1158.53 3963
1630.35 1158.53 3963
1596.97 1139.52 3898
1590.32 1139.52 3898
1569.05 1129 3862
1562.47 1129 3862
1566.76 1136.89 3889
1589.82 1158.53 3963
1583.06 1158.53 3963
1591.42 1169.64 4001
1596.09 1178.11 4030
1589.22 1178.11 4030
1582.35 1178.11 4030
1564.14 1169.64 4001
1542.53 1158.53 3963
1535.77 1158.53 3963
1507.41 1142.16 3907
1511.5 1150.34 3935
1504.8 1150.34 3935
1498.09 1150.34 3935
1491.38 1150.34 3935
1495.24 1158.53 3963
1488.48 1158.53 3963
1481.72 1158.53 3963
1474.97 1158.53 3963
-1029.22 684.943 2343
-1033.22 684.943 2343
-1037.21 684.943 2343
-1036.76 682.019 2333
-1023.79 670.911 2295
-1027.7 670.911 2295
-1030.26 670.033 2292
-1031.01 667.987 2285
-1032.19 666.233 2279
-1036.07 666.233 2279
-1037.22 664.479 2273
-1038.35 662.725 2267
-1039.45 660.971 2261
-1043.31 660.971 2261
-1045.31 659.802 2257
-1043.58 656.294 2245
-1046.01 655.417 2242
-1049.83 655.417 2242
-1052.24 654.54 2239
-1053.23 652.786 2233
-1051.35 649.278 2221
-1055.14 649.278 2221
-1055.11 646.939 2213
-1050.27 641.677 2195
-1049.69 639.046 2186
-1053.42 639.046 2186
-1054.73 637.584 2181
-1055.53 635.83 2175
-1057.78 634.953 2172
-1061.48 634.953 2172
-1061.26 632.615 2164
-1063.48 631.737 2161
-1064.2 629.983 2155
-1066.88 629.399 2153
-1070.55 629.399 2153
-1069.73 626.768 2144
-1072.38 626.183 2142
-1074.53 625.306 2139
-1078.17 625.306 2139
-1078.79 623.552 2133
-1081.41 622.967 2131
-1080.46 620.336 2122
-1084.08 620.336 2122
-1083.59 617.998 2114
-1083.08 615.659 2106
1641.47 1122.41 3862
1653.94 1135.49 3907
1647.28 1135.49 3907
1640.62 1135.49 3907
1641.49 1140.72 3925
1634.79 1140.72 3925
1643.87 1151.77 3963
1637.11 1151.77 3963
1630.35 1151.77 3963
1596.97 1132.87 3898
1590.32 1132.87 3898
1569.05 1122.41 3862
1562.47 1122.41 3862
1566.76 1130.26 3889
1589.82 1151.77 3963
1583.06 1151.77 3963
1591.42 1162.81 4001
1596.09 1171.24 4030
1589.22 1171.24 4030
1582.35 1171.24 4030
1564.14 1162.81 4001
1542.53 1151.77 3963
1535.77 1151.77 3963
1507.41 1135.49 3907
1511.5 1143.63 3935
1504.8 1143.63 3935
1498.09 1143.63 3935
1491.38 1143.63 3935
1484.67 1143.63 3935
-1024.83 678.039 2333
-1028.81 678.039 2333
-1032.78 678.039 2333
-1036.76 678.039 2333
-1023.79 666.995 2295
-1027.7 666.995 2295
-1028.46 664.961 2288
-1031.01 664.089 2285
-1032.19 662.345 2279
-1036.07 662.345 2279
-1037.22 660.601 2273
-1038.35 658.857 2267
-1039.45 657.114 2261
-1043.31 657.114 2261
-1045.31 655.951 2257
-1043.58 652.463 2245
-1046.01 651.592 2242
-1049.83 651.592 2242
-1052.24 650.72 2239
-1053.23 648.976 2233
-1051.35 645.488 2221
-1055.14 645.488 2221
-1055.11 643.163 2213
-1050.27 637.932 2195
-1049.69 635.316 2186
-1053.42 635.316 2186
-1054.73 633.863 2181
-1055.53 632.119 2175
-1057.78 631.248 2172
-1061.48 631.248 2172
-1061.26 628.922 2164
-1063.48 628.051 2161
-1064.2 626.307 2155
-1066.88 625.726 2153
-1070.55 625.726 2153
-1069.73 623.11 2144
-1072.38 622.529 2142
-1074.53 621.657 2139
-1078.17 621.657 2139
-1078.79 619.913 2133
-1081.41 619.332 2131
-1080.46 616.716 2122
-1084.08 616.716 2122
-1083.59 614.391 2114
-1083.08 612.066 2106
1641.47 1115.82 3862
1646.32 1123.62 3889
1639.69 1123.62 3889
1633.06 1123.62 3889
1641.49 1134.02 3925
1634.79 1134.02 3925
1628.1 1134.02 3925
1617.69 1131.42 3916
1611.02 1131.42 3916
1596.97 1126.22 3898
1590.32 1126.22 3898
1569.05 1115.82 3862
1562.47 1115.82 3862
1566.76 1123.62 3889
1593.43 1147.6 3972
1586.66 1147.6 3972
1591.42 1155.98 4001
1596.09 1164.36 4030
1589.22 1164.36 4030
1582.35 1164.36 4030
1564.14 1155.98 4001
1542.53 1145 3963
1535.77 1145 3963
1507.41 1128.82 3907
1500.75 1128.82 3907
1494.09 1128.82 3907
1487.43 1128.82 3907
-1023.51 673.192 2330
-1027.48 673.192 2330
-1031.46 673.192 2330
-1026.98 667.702 2311
-1022.45 662.213 2292
-1026.36 662.213 2292
-1027.12 660.19 2285
-1029.66 659.323 2282
-1030.83 657.59 2276
-1034.71 657.59 2276
-1034.48 654.99 2267
-1038.35 654.99 2267
-1037.62 652.1 2257
-1041.46 652.1 2257
-1043.92 651.234 2254
-1043.58 648.633 2245
-1046.01 647.766 2242
-1049.83 647.766 2242
-1052.24 646.9 2239
-1053.23 645.166 2233
-1051.35 641.699 2221
-1055.14 641.699 2221
-1055.11 639.388 2213
-1050.27 634.187 2195
-1049.69 631.587 2186
-1053.42 631.587 2186
-1054.73 630.142 2181
-1055.53 628.409 2175
-1057.78 627.542 2172
-1061.48 627.542 2172
-1061.26 625.23 2164
-1062 623.497 2158
-1063.21 622.052 2153
-1066.88 622.052 2153
-1067.57 620.319 2147
-1069.73 619.452 2144
-1070.88 618.007 2139
-1074.53 618.007 2139
-1076.66 617.141 2136
-1077.78 615.696 2131
-1078.36 613.962 2125
-1080.46 613.096 2122
-1083.05 612.518 2120
-1081.03 609.34 2109
-1083.08 608.473 2106
1641.47 1109.23 3862
1646.32 1116.99 3889
1639.69 1116.99 3889
1633.06 1116.99 3889
1641.49 1127.33 3925
1634.79 1127.33 3925
1628.1 1127.33 3925
1613.98 1122.16 3907
1599.91 1116.99 3889
1593.28 1116.99 3889
1586.65 1116.99 3889
1569.05 1109.23 3862
1562.47 1109.23 3862
1563.14 1114.4 3880
1593.43 1140.83 3972
1586.66 1140.83 3972
1591.42 1149.16 4001
1596.09 1157.49 4030
1589.22 1157.49 4030
1582.35 1157.49 4030
1564.14 1149.16 4001
1542.53 1138.24 3963
1535.77 1138.24 3963
1496.99 1114.4 3880
1490.38 1114.4 3880
-1023.51 669.217 2330
-1027.48 669.217 2330
-1031.46 669.217 2330
-1026.98 663.759 2311
-1022.45 658.302 2292
-1026.36 658.302 2292
-1025.77 655.43 2282
-1029.66 655.43 2282
-1028.11 651.984 2270
-1031.98 651.984 2270
-1033.11 650.26 2264
-1035.6 649.399 2261
-1037.62 648.25 2257
-1041.46 648.25 2257
-1043.92 647.388 2254
-1043.58 644.803 2245
-1046.01 643.941 2242
-1049.83 643.941 2242
-1052.24 643.08 2239
-1053.23 641.356 2233
-1051.35 637.91 2221
-1055.14 637.91 2221
-1050.82 633.027 2204
-1047.4 628.719 2189
-1048.73 627.283 2184
-1052.46 627.283 2184
-1053.28 625.56 2178
-1054.08 623.836 2172
-1055.35 622.4 2167
-1059.04 622.4 2167
-1059.79 620.677 2161
-1062 619.815 2158
-1061.73 617.517 2150
-1065.39 617.517 2150
-1067.57 616.656 2147
-1067.24 614.358 2139
-1070.88 614.358 2139
-1074.53 614.358 2139
-1075.15 612.635 2133
-1074.74 610.337 2125
-1076.84 609.475 2122
-1080.46 609.475 2122
-1081.52 608.039 2117
-1079.49 604.88 2106
-1082.05 604.305 2104
1634.89 1102.64 3862
1628.31 1102.64 3862
1621.72 1102.64 3862
1626.43 1110.35 3889
1627.3 1115.49 3907
1620.64 1115.49 3907
1613.98 1115.49 3907
1599.91 1110.35 3889
1593.28 1110.35 3889
1586.65 1110.35 3889
1569.05 1102.64 3862
1562.47 1102.64 3862
1563.14 1107.78 3880
1593.43 1134.05 3972
1586.66 1134.05 3972
1591.42 1142.33 4001
1596.09 1150.61 4030
1589.22 1150.61 4030
1582.35 1150.61 4030
1564.14 1142.33 4001
1542.53 1131.48 3963
1535.77 1131.48 3963
1496.99 1107.78 3880
1490.38 1107.78 3880
-1015.16 659.817 2311
-1019.1 659.817 2311
-1023.04 659.817 2311
-1025.21 658.675 2307
-1022.45 654.392 2292
-1026.36 654.392 2292
-1025.77 651.537 2282
-1029.66 651.537 2282
-1028.11 648.111 2270
-1031.98 648.111 2270
-1033.11 646.398 2264
-1035.6 645.541 2261
-1037.62 644.399 2257
-1041.46 644.399 2257
-1045.31 644.399 2257
-1043.58 640.973 2245
-1046.01 640.116 2242
-1049.83 640.116 2242
-1052.24 639.26 2239
-1054.64 638.403 2236
-1051.35 634.121 2221
-1055.14 634.121 2221
-1050.82 629.267 2204
-1047.4 624.984 2189
-1048.73 623.557 2184
-1052.46 623.557 2184
-1053.28 621.844 2178
-1054.08 620.131 2172
-1055.35 618.703 2167
-1059.04 618.703 2167
-1058.32 616.133 2158
-1062 616.133 2158
-1061.73 613.849 2150
-1065.39 613.849 2150
-1066.08 612.136 2144
-1067.24 610.709 2139
-1069.38 609.852 2136
-1073.02 609.852 2136
-1075.15 608.996 2133
-1074.74 606.712 2125
-1076.84 605.855 2122
-1080.46 605.855 2122
-1081.52 604.427 2117
-1078.47 600.716 2104
-1082.05 600.716 2104
1653.94 1108.83 3907
1647.28 1108.83 3907
1640.62 1108.83 3907
1633.96 1108.83 3907
1608.55 1096.06 3862
1601.97 1096.06 3862
1584.23 1088.39 3835
1573.99 1085.84 3826
1567.47 1085.84 3826
1560.95 1085.84 3826
1536.96 1073.64 3783
1530.51 1073.64 3783
1534.53 1081.01 3809
1528.04 1081.01 3809
1521.55 1081.01 3809
1579.89 1127.27 3972
1584.6 1135.5 4001
1577.78 1135.5 4001
1570.96 1135.5 4001
1552.8 1127.27 3972
1510.22 1101.16 3880
1503.61 1101.16 3880
1486.57 1093.5 3853
1476.55 1090.95 3844
-1013.41 654.739 2307
-1017.34 654.739 2307
-1021.27 654.739 2307
-1023.87 653.887 2304
-1020.66 649.346 2288
-1024.56 649.346 2288
-1025.77 647.643 2282
-1026.95 645.941 2276
-1025.4 642.535 2264
-1029.26 642.535 2264
-1033.11 642.535 2264
-1035.6 641.684 2261
-1037.62 640.548 2257
-1041.46 640.548 2257
-1045.31 640.548 2257
-1043.58 637.143 2245
-1046.01 636.291 2242
-1049.83 636.291 2242
-1052.24 635.44 2239
-1054.64 634.588 2236
-1051.35 630.331 2221
-1055.14 630.331 2221
-1050.82 625.507 2204
-1047.4 621.25 2189
-1048.73 619.831 2184
-1052.46 619.831 2184
-1053.28 618.128 2178
-1054.08 616.425 2172
-1055.35 615.006 2167
-1059.04 615.006 2167
-1058.32 612.452 2158
-1062 612.452 2158
-1061.73 610.181 2150
-1065.39 610.181 2150
-1066.08 608.478 2144
-1067.24 607.059 2139
-1069.38 606.208 2136
-1073.02 606.208 2136
-1075.15 605.357 2133
-1074.74 603.086 2125
-1076.84 602.235 2122
-1080.46 602.235 2122
-1081.52 600.816 2117
-1078.47 597.126 2104
-1082.05 597.126 2104
1668.25 1107.24 3925
1661.56 1107.24 3925
1662.88 1112.6 3944
1656.16 1112.6 3944
1649.43 1112.6 3944
1631.05 1104.7 3916
1624.37 1104.7 3916
1580.52 1079.31 3826
1560.01 1069.72 3792
1553.54 1069.72 3792
1547.08 1069.72 3792
1536.96 1067.18 3783
1526.87 1064.64 3774
1534.53 1074.52 3809
1542.08 1084.39 3844
1535.53 1084.39 3844
1572.33 1115.14 3953
1577.08 1123.32 3982
1570.29 1123.32 3982
1563.5 1123.32 3982
1556.71 1123.32 3982
1549.92 1123.32 3982
1543.13 1123.32 3982
1483.1 1084.39 3844
1476.55 1084.39 3844
-1012.09 649.956 2304
-1016.02 649.956 2304
-1019.95 649.956 2304
-1022.54 649.11 2301
-1020.66 645.443 2288
-1024.56 645.443 2288
-1025.77 643.75 2282
-1026.95 642.058 2276
-1026.75 639.519 2267
-1030.62 639.519 2267
-1033.11 638.672 2264
-1036.97 638.672 2264
-1039.45 637.826 2261
-1043.31 637.826 2261
-1047.16 637.826 2261
-1043.58 633.312 2245
-1046.01 632.466 2242
-1049.83 632.466 2242
-1052.24 631.62 2239
-1054.64 630.774 2236
-1051.35 626.542 2221
-1055.14 626.542 2221
-1050.82 621.746 2204
-1047.4 617.515 2189
-1048.73 616.104 2184
-1052.46 616.104 2184
-1053.28 614.412 2178
-1052.62 611.873 2169
-1055.35 611.309 2167
-1059.04 611.309 2167
-1058.32 608.77 2158
-1058.06 606.513 2150
-1061.73 606.513 2150
-1065.39 606.513 2150
-1065.08 604.256 2142
-1067.24 603.41 2139
-1069.38 602.564 2136
-1073.02 602.564 2136
-1072.63 600.307 2128
-1074.74 599.461 2125
-1075.83 598.05 2120
-1079.44 598.05 2120
-1081.52 597.204 2117
-1078.47 593.536 2104
-1080.51 592.69 2101
1668.25 1100.54 3925
1669.6 1105.87 3944
1662.88 1105.87 3944
1656.16 1105.87 3944
1649.43 1105.87 3944
1634.79 1100.54 3925
1628.1 1100.54 3925
1580.52 1072.78 3826
1560.01 1063.25 3792
1553.54 1063.25 3792
1547.08 1063.25 3792
1540.61 1063.25 3792
1526.87 1058.2 3774
1534.53 1068.02 3809
1542.08 1077.83 3844
1535.53 1077.83 3844
1568.75 1105.87 3944
1573.12 1113.72 3972
1566.34 1113.72 3972
1559.57 1113.72 3972
1556.71 1116.52 3982
1549.92 1116.52 3982
1543.13 1116.52 3982
-1005.54 644.343 2298
-1012.09 646.025 2304
-1016.02 646.025 2304
-1019.95 646.025 2304
-1022.54 645.184 2301
-1020.66 641.539 2288
-1024.56 641.539 2288
-1024.42 639.016 2279
-1025.6 637.333 2273
-1026.75 635.651 2267
-1030.62 635.651 2267
-1033.11 634.81 2264
-1036.97 634.81 2264
-1040.83 634.81 2264
-1044.69 634.81 2264
-1048.55 634.81 2264
-1044.97 630.323 2248
-1047.41 629.482 2245
-1051.23 629.482 2245
-1052.24 627.8 2239
-1054.64 626.959 2236
-1054.2 624.435 2227
-1057.99 624.435 2227
-1049.39 617.145 2201
-1045.01 612.378 2184
-1045.85 610.696 2178
-1049.56 610.696 2178
-1050.38 609.014 2172
-1052.62 608.172 2169
-1053.89 606.77 2164
-1057.57 606.77 2164
-1058.32 605.088 2158
-1058.06 602.845 2150
-1058.77 601.163 2144
-1062.42 601.163 2144
-1063.59 599.761 2139
-1065.74 598.919 2136
-1066.88 597.517 2131
-1070.51 597.517 2131
-1071.12 595.835 2125
-1073.22 594.994 2122
-1074.3 593.592 2117
-1077.91 593.592 2117
-1079.99 592.751 2114
-1078.47 589.947 2104
-1078.97 588.264 2098
1668.25 1093.85 3925
1669.6 1099.14 3944
1662.88 1099.14 3944
1656.16 1099.14 3944
1649.43 1099.14 3944
1634.79 1093.85 3925
1628.1 1093.85 3925
1602.82 1081.31 3880
1573.99 1066.26 3826
1553.54 1056.78 3792
1547.08 1056.78 3792
1540.61 1056.78 3792
1547.9 1066.26 3826
1548.63 1071.27 3844
1542.08 1071.27 3844
1535.53 1071.27 3844
1568.75 1099.14 3944
1573.12 1106.94 3972
1566.34 1106.94 3972
1559.57 1106.94 3972
1556.71 1109.73 3982
1549.92 1109.73 3982
1543.13 1109.73 3982
-1005.54 640.422 2298
-1012.09 642.095 2304
-1016.02 642.095 2304
-1019.95 642.095 2304
-1022.54 641.259 2301
-1022.45 638.75 2292
-1026.36 638.75 2292
-1024.42 635.127 2279
-1025.6 633.455 2273
-1026.75 631.783 2267
-1030.62 631.783 2267
-1033.11 630.947 2264
-1038.35 631.783 2267
-1042.21 631.783 2267
-1046.08 631.783 2267
-1049.94 631.783 2267
-1044.97 626.488 2248
-1047.41 625.652 2245
-1051.23 625.652 2245
-1052.24 623.98 2239
-1054.64 623.144 2236
-1054.2 620.636 2227
-1057.99 620.636 2227
-1049.39 613.39 2201
-1045.01 608.652 2184
-1045.85 606.98 2178
-1049.56 606.98 2178
-1050.38 605.308 2172
-1052.62 604.472 2169
-1053.89 603.078 2164
-1057.57 603.078 2164
-1054.4 599.177 2150
-1056.59 598.341 2147
-1057.78 596.947 2142
-1061.43 596.947 2142
-1062.1 595.275 2136
-1063.24 593.882 2131
-1065.37 593.046 2128
-1069 593.046 2128
-1069.61 591.374 2122
-1070.69 589.98 2117
-1072.78 589.144 2114
-1076.39 589.144 2114
-1079.99 589.144 2114
-1076.93 585.521 2101
-1078.97 584.685 2098
1669.6 1092.41 3944
1662.88 1092.41 3944
1656.16 1092.41 3944
1649.43 1092.41 3944
1642.71 1092.41 3944
1628.1 1087.15 3925
1602.82 1074.69 3880
1573.99 1059.73 3826
1553.54 1050.31 3792
1547.08 1050.31 3792
1540.61 1050.31 3792
1547.9 1059.73 3826
1548.63 1064.71 3844
1542.08 1064.71 3844
1535.53 1064.71 3844
1561.19 1087.15 3925
1569.55 1097.67 3963
1562.8 1097.67 3963
1556.04 1097.67 3963
1541.86 1092.41 3944
-1009.48 638.995 2307
-1013.41 638.995 2307
-1017.34 638.995 2307
-1019.95 638.164 2304
-1022.54 637.333 2301
-1022.45 634.84 2292
-1026.36 634.84 2292
-1024.42 631.239 2279
-1025.6 629.577 2273
-1026.75 627.915 2267
-1030.62 627.915 2267
-1033.11 627.084 2264
-1038.35 627.915 2267
-1042.21 627.915 2267
-1046.08 627.915 2267
-1049.94 627.915 2267
-1044.97 622.653 2248
-1047.41 621.822 2245
-1051.23 621.822 2245
-1052.24 620.16 2239
-1054.64 619.329 2236
-1054.2 616.836 2227
-1057.99 616.836 2227
-1049.39 609.635 2201
-1043.57 604.095 2181
-1045.85 603.264 2178
-1049.56 603.264 2178
-1050.38 601.602 2172
-1051.65 600.217 2167
-1053.89 599.386 2164
-1057.57 599.386 2164
-1054.4 595.509 2150
-1056.59 594.678 2147
-1057.78 593.293 2142
-1061.43 593.293 2142
-1062.1 591.631 2136
-1063.24 590.246 2131
-1065.37 589.415 2128
-1069 589.415 2128
-1069.61 587.753 2122
-1070.69 586.368 2117
-1072.78 585.537 2114
-1076.39 585.537 2114
-1079.99 585.537 2114
-1076.93 581.937 2101
-1078.97 581.106 2098
1635.9 1068.07 3880
1656.16 1085.68 3944
1649.43 1085.68 3944
1642.71 1085.68 3944
1609.44 1068.07 3880
1602.82 1068.07 3880
1573.99 1053.2 3826
1547.9 1053.2 3826
1548.63 1058.16 3844
1542.08 1058.16 3844
1535.53 1058.16 3844
1528.97 1058.16 3844
-1009.48 635.059 2307
-1013.41 635.059 2307
-1017.34 635.059 2307
-1021.27 635.059 2307
-1022.54 633.407 2301
-1023.79 631.755 2295
-1027.7 631.755 2295
-1024.42 627.351 2279
-1022.89 624.048 2267
-1026.75 624.048 2267
-1030.62 624.048 2267
-1033.11 623.222 2264
-1038.35 624.048 2267
-1042.21 624.048 2267
-1046.08 624.048 2267
-1049.94 624.048 2267
-1044.97 618.818 2248
-1047.41 617.992 2245
-1051.23 617.992 2245
-1052.24 616.34 2239
-1053.23 614.688 2233
-1054.2 613.037 2227
-1057.99 613.037 2227
-1047.96 605.054 2198
-1043.57 600.374 2181
-1045.85 599.548 2178
-1049.56 599.548 2178
-1050.38 597.897 2172
-1051.65 596.52 2167
-1053.89 595.694 2164
-1057.57 595.694 2164
-1054.4 591.841 2150
-1056.59 591.015 2147
-1057.78 589.638 2142
-1061.43 589.638 2142
-1060.61 587.161 2133
-1063.24 586.61 2131
-1063.87 584.959 2125
-1067.5 584.959 2125
-1069.61 584.133 2122
-1070.69 582.756 2117
-1072.78 581.931 2114
-1076.39 581.931 2114
-1078.97 581.38 2112
-1076.93 578.352 2101
-1078.97 577.526 2098
1635.9 1061.45 3880
1656.16 1078.95 3944
1649.43 1078.95 3944
1642.71 1078.95 3944
1609.44 1061.45 3880
-1009.48 631.123 2307
-1013.41 631.123 2307
-1017.34 631.123 2307
-1021.27 631.123 2307
-1022.54 629.481 2301
-1025.12 628.661 2298
-1029.04 628.661 2298
-1025.77 624.284 2282
-1022.89 620.18 2267
-1026.75 620.18 2267
-1030.62 620.18 2267
-1033.11 619.359 2264
-1036.97 619.359 2264
-1040.83 619.359 2264
-1044.69 619.359 2264
-1047.16 618.539 2261
-1046.37 615.803 2251
-1046.01 613.341 2242
-1049.83 613.341 2242
-1052.24 612.52 2239
-1053.23 610.879 2233
-1051.35 607.596 2221
-1055.14 607.596 2221
-1047.96 601.304 2198
-1042.14 595.832 2178
-1044.41 595.012 2175
-1048.12 595.012 2175
-1048.93 593.37 2169
-1050.2 592.002 2164
-1052.42 591.182 2161
-1056.11 591.182 2161
-1052.93 587.352 2147
-1055.11 586.531 2144
-1056.3 585.163 2139
-1059.94 585.163 2139
-1060.61 583.522 2133
-1063.24 582.975 2131
-1063.87 581.333 2125
-1067.5 581.333 2125
-1069.61 580.513 2122
-1069.18 578.324 2114
-1071.77 577.777 2112
-1075.37 577.777 2112
-1075.9 576.135 2106
-1076.93 574.768 2101
-1077.94 573.4 2096
1635.9 1054.83 3880
1629.28 1054.83 3880
1622.67 1054.83 3880
1616.05 1054.83 3880
1609.44 1054.83 3880
-1009.48 627.187 2307
-1013.41 627.187 2307
-1017.34 627.187 2307
-1021.27 627.187 2307
-1022.54 625.556 2301
-1025.12 624.74 2298
-1029.04 624.74 2298
-1025.77 620.39 2282
-1022.89 616.312 2267
-1026.75 616.312 2267
-1030.62 616.312 2267
-1033.11 615.497 2264
-1036.97 615.497 2264
-1040.83 615.497 2264
-1044.69 615.497 2264
-1047.16 614.681 2261
-1046.37 611.962 2251
-1046.01 609.516 2242
-1049.83 609.516 2242
-1052.24 608.7 2239
-1053.23 607.069 2233
-1051.35 603.807 2221
-1055.14 603.807 2221
-1047.96 597.554 2198
-1042.14 592.116 2178
-1044.41 591.301 2175
-1048.12 591.301 2175
-1048.93 589.67 2169
-1050.2 588.31 2164
-1052.42 587.495 2161
-1056.11 587.495 2161
-1052.93 583.689 2147
-1055.11 582.873 2144
-1054.81 580.698 2136
-1058.46 580.698 2136
-1060.61 579.883 2133
-1061.75 578.523 2128
-1062.37 576.892 2122
-1065.99 576.892 2122
-1068.6 576.348 2120
-1068.17 574.174 2112
-1068.72 572.542 2106
-1072.31 572.542 2106
-1075.9 572.542 2106
-1074.37 569.824 2096
-1076.4 569.008 2093
1629.28 1048.21 3880
1622.67 1048.21 3880
1616.05 1048.21 3880
1598.24 1040.91 3853
-1009.48 623.251 2307
-1013.41 623.251 2307
-1017.34 623.251 2307
-1021.27 623.251 2307
-1022.54 621.63 2301
-1025.12 620.819 2298
-1029.04 620.819 2298
-1025.77 616.497 2282
-1022.89 612.445 2267
-1026.75 612.445 2267
-1030.62 612.445 2267
-1033.11 611.634 2264
-1036.97 611.634 2264
-1040.83 611.634 2264
-1044.69 611.634 2264
-1047.16 610.824 2261
-1046.37 608.122 2251
-1046.01 605.691 2242
-1049.83 605.691 2242
-1050.83 604.07 2236
-1053.23 603.259 2233
-1051.35 600.017 2221
-1055.14 600.017 2221
-1046.53 592.993 2195
-1042.14 588.401 2178
-1044.41 587.59 2175
-1048.12 587.59 2175
-1048.93 585.969 2169
-1050.2 584.618 2164
-1050.96 582.997 2158
-1054.64 582.997 2158
-1052.93 580.026 2147
-1055.11 579.215 2144
-1054.81 577.054 2136
-1058.46 577.054 2136
-1060.61 576.244 2133
-1061.75 574.893 2128
-1062.37 573.272 2122
-1065.99 573.272 2122
-1068.6 572.732 2120
-1068.17 570.57 2112
-1068.72 568.949 2106
-1072.31 568.949 2106
-1075.9 568.949 2106
-1074.37 566.248 2096
-1076.4 565.437 2093
-1013.41 619.315 2307
-1017.34 619.315 2307
-1021.27 619.315 2307
-1022.54 617.704 2301
-1025.12 616.899 2298
-1029.04 616.899 2298
-1024.42 611.798 2279
-1024.24 609.382 2270
-1029.47 610.187 2273
-1033.35 610.187 2273
-1037.22 610.187 2273
-1039.72 609.382 2270
-1040.83 607.771 2264
-1044.69 607.771 2264
-1045.31 605.892 2257
-1046.37 604.282 2251
-1046.01 601.865 2242
-1049.83 601.865 2242
-1050.83 600.255 2236
-1047.57 596.228 2221
-1048.51 594.617 2215
-1052.29 594.617 2215
-1046.53 589.248 2195
-1042.14 584.685 2178
-1042.97 583.074 2172
-1046.67 583.074 2172
-1047.96 581.732 2167
-1048.74 580.121 2161
-1048.53 577.973 2153
-1052.2 577.973 2153
-1051.46 575.557 2144
-1052.65 574.215 2139
-1053.33 572.604 2133
-1056.97 572.604 2133
-1058.12 571.262 2128
-1058.75 569.651 2122
-1061.37 569.115 2120
-1064.98 569.115 2120
-1064.57 566.967 2112
-1066.65 566.162 2109
-1068.72 565.356 2106
-1072.31 565.356 2106
-1073.35 564.014 2101
-1072.83 561.866 2093
-1075.37 561.329 2091
-1013.41 615.379 2307
-1017.34 615.379 2307
-1021.27 615.379 2307
-1022.54 613.778 2301
-1025.12 612.978 2298
-1029.04 612.978 2298
-1023.07 607.11 2276
-1025.6 606.309 2273
-1030.83 607.11 2276
-1034.71 607.11 2276
-1038.59 607.11 2276
-1041.1 606.309 2273
-1040.83 603.909 2264
-1044.69 603.909 2264
-1045.31 602.042 2257
-1046.37 600.441 2251
-1046.01 598.04 2242
-1049.83 598.04 2242
-1050.83 596.44 2236
-1046.15 591.639 2218
-1041.89 587.104 2201
-1045.64 587.104 2201
-1041.29 582.569 2184
-1042.14 580.969 2178
-1041.53 578.568 2169
-1045.23 578.568 2169
-1045.06 576.434 2161
-1045.83 574.834 2155
-1045.61 572.7 2147
-1049.27 572.7 2147
-1050.47 571.366 2142
-1049.7 568.965 2133
-1052.35 568.432 2131
-1055.98 568.432 2131
-1055.14 566.031 2122
-1057.76 565.498 2120
-1059.87 564.697 2117
-1063.48 564.697 2117
-1064.57 563.364 2112
-1065.13 561.763 2106
-1066.18 560.429 2101
-1069.77 560.429 2101
-1071.81 559.629 2098
-1071.8 557.762 2091
-1072.28 556.162 2085
-1014.69 609.853 2301
-1018.62 609.853 2301
-1022.54 609.853 2301
-1025.12 609.057 2298
-1029.04 609.057 2298
-1023.07 603.227 2276
-1026.95 603.227 2276
-1030.83 603.227 2276
-1034.71 603.227 2276
-1038.59 603.227 2276
-1041.1 602.432 2273
-1043.59 601.636 2270
-1044.69 600.046 2264
-1045.31 598.191 2257
-1046.37 596.601 2251
-1046.01 594.215 2242
-1049.83 594.215 2242
-1050.83 592.625 2236
-1046.15 587.854 2218
-1041.89 583.349 2201
-1045.64 583.349 2201
-1041.29 578.843 2184
-1042.14 577.253 2178
-1041.53 574.868 2169
-1045.23 574.868 2169
-1045.06 572.747 2161
-1045.83 571.157 2155
-1045.61 569.037 2147
-1049.27 569.037 2147
-1050.47 567.712 2142
-1049.7 565.326 2133
-1050.86 564.001 2128
-1054.49 564.001 2128
-1054.14 561.881 2120
-1056.26 561.086 2117
-1057.36 559.76 2112
-1060.96 559.76 2112
-1063.05 558.965 2109
-1062.6 556.845 2101
-1066.18 556.845 2101
-1069.77 556.845 2101
-1071.81 556.05 2098
-1068.73 552.604 2085
-1072.28 552.604 2085
-1014.1 600.924 2282
-1017.99 600.924 2282
-1021.88 600.924 2282
-1023.07 599.344 2276
-1026.95 599.344 2276
-1030.83 599.344 2276
-1034.71 599.344 2276
-1038.59 599.344 2276
-1041.1 598.554 2273
-1043.59 597.764 2270
-1044.69 596.184 2264
-1042.53 592.76 2251
-1043.58 591.18 2245
-1043.21 588.81 2236
-1047.02 588.81 2236
-1042.37 584.07 2218
-1044.74 583.28 2215
-1040.47 578.804 2198
-1044.21 578.804 2198
-1039.86 574.327 2181
-1039.27 571.957 2172
-1040.57 570.64 2167
-1044.26 570.64 2167
-1043.61 568.27 2158
-1044.86 566.954 2153
-1045.61 565.374 2147
-1049.27 565.374 2147
-1047.53 562.477 2136
-1049.7 561.687 2133
-1050.86 560.37 2128
-1054.49 560.37 2128
-1054.14 558.264 2120
-1056.26 557.474 2117
-1057.36 556.157 2112
-1060.96 556.157 2112
-1063.05 555.367 2109
-1062.6 553.26 2101
-1066.18 553.26 2101
-1069.77 553.26 2101
-1071.81 552.47 2098
-1068.73 549.047 2085
-1072.28 549.047 2085
-1014.1 597.03 2282
-1017.99 597.03 2282
-1021.88 597.03 2282
-1023.07 595.46 2276
-1026.95 595.46 2276
-1030.83 595.46 2276
-1034.71 595.46 2276
-1038.59 595.46 2276
-1039.72 593.891 2270
-1043.59 593.891 2270
-1044.69 592.321 2264
-1041.14 588.135 2248
-1042.19 586.565 2242
-1043.21 584.995 2236
-1047.02 584.995 2236
-1040.96 579.501 2215
-1043.8 578.978 2213
-1040.47 575.054 2198
-1044.21 575.054 2198
-1038.43 569.821 2178
-1039.27 568.251 2172
-1040.57 566.943 2167
-1044.26 566.943 2167
-1043.61 564.589 2158
-1043.4 562.496 2150
-1044.15 560.926 2144
-1047.8 560.926 2144
-1047.53 558.833 2136
-1049.7 558.048 2133
-1050.86 556.74 2128
-1054.49 556.74 2128
-1054.14 554.647 2120
-1056.26 553.862 2117
-1057.36 552.554 2112
-1060.96 552.554 2112
-1061.54 550.984 2106
-1062.6 549.676 2101
-1064.66 548.891 2098
-1068.24 548.891 2098
-1070.79 548.368 2096
-1068.73 545.49 2085
-1072.28 545.49 2085
-1014.1 593.137 2282
-1017.99 593.137 2282
-1021.88 593.137 2282
-1023.07 591.577 2276
-1026.95 591.577 2276
-1030.83 591.577 2276
-1034.71 591.577 2276
-1038.59 591.577 2276
-1039.72 590.018 2270
-1043.59 590.018 2270
-1040.08 585.859 2254
-1039.75 583.52 2245
-1040.79 581.96 2239
-1043.21 581.181 2236
-1047.02 581.181 2236
-1040.96 575.722 2215
-1042.38 574.423 2210
-1039.05 570.524 2195
-1042.79 570.524 2195
-1038.43 566.105 2178
-1039.27 564.546 2172
-1039.13 562.466 2164
-1042.82 562.466 2164
-1041.19 559.607 2153
-1041.95 558.048 2147
-1044.15 557.268 2144
-1047.8 557.268 2144
-1046.06 554.409 2133
-1048.71 553.889 2131
-1049.38 552.329 2125
-1053.01 552.329 2125
-1052.65 550.25 2117
-1054.76 549.47 2114
-1055.86 548.171 2109
-1059.46 548.171 2109
-1060.53 546.871 2104
-1061.09 545.312 2098
-1063.65 544.792 2096
-1067.22 544.792 2096
-1069.26 544.012 2093
-1068.73 541.933 2085
-1071.25 541.413 2083
-1012.76 588.469 2279
-1016.65 588.469 2279
-1020.53 588.469 2279
-1023.07 587.694 2276
-1026.95 587.694 2276
-1030.83 587.694 2276
-1034.71 587.694 2276
-1038.59 587.694 2276
-1039.72 586.145 2270
-1043.59 586.145 2270
-1040.08 582.014 2254
-1039.75 579.69 2245
-1040.79 578.14 2239
-1043.21 577.366 2236
-1047.02 577.366 2236
-1040.96 571.943 2215
-1042.38 570.652 2210
-1039.05 566.779 2195
-1042.79 566.779 2195
-1038.43 562.389 2178
-1039.27 560.84 2172
-1039.13 558.774 2164
-1042.82 558.774 2164
-1041.19 555.934 2153
-1041.95 554.385 2147
-1044.15 553.61 2144
-1047.8 553.61 2144
-1046.06 550.77 2133
-1047.24 549.479 2128
-1049.38 548.704 2125
-1053.01 548.704 2125
-1052.65 546.638 2117
-1054.76 545.864 2114
-1054.36 543.798 2106
-1057.95 543.798 2106
-1059.02 542.507 2101
-1060.07 541.216 2096
-1062.12 540.441 2093
-1065.69 540.441 2093
-1066.71 539.15 2088
-1067.7 537.859 2083
-1069.71 537.084 2080
-1015.31 583.811 2276
-1019.19 583.811 2276
-1023.07 583.811 2276
-1026.95 583.811 2276
-1030.83 583.811 2276
-1034.71 583.811 2276
-1035.85 582.272 2270
-1038.35 581.503 2267
-1042.21 581.503 2267
-1037.31 576.629 2248
-1038.36 575.09 2242
-1039.4 573.551 2236
-1043.21 573.551 2236
-1047.02 573.551 2236
-1040.02 567.651 2213
-1040.97 566.112 2207
-1036.21 561.495 2189
-1039.94 561.495 2189
-1037 557.904 2175
-1036.88 555.852 2167
-1037.69 554.313 2161
-1041.37 554.313 2161
-1041.19 552.261 2153
-1040.49 549.952 2144
-1043.17 549.439 2142
-1046.82 549.439 2142
-1045.08 546.618 2131
-1048.71 546.618 2131
-1049.38 545.079 2125
-1053.01 545.079 2125
-1054.14 543.796 2120
-1056.26 543.026 2117
-1054.36 540.205 2106
-1057.95 540.205 2106
-1059.02 538.922 2101
-1060.07 537.64 2096
-1062.12 536.87 2093
-1065.69 536.87 2093
-1066.71 535.588 2088
-1067.7 534.305 2083
-1069.71 533.536 2080
-1013.97 579.164 2273
-1017.85 579.164 2273
-1023.07 579.928 2276
-1026.95 579.928 2276
-1030.83 579.928 2276
-1033.35 579.164 2273
-1035.85 578.399 2270
-1033.77 575.087 2257
-1037.62 575.087 2257
-1035.93 572.029 2245
-1032.81 568.207 2230
-1035.21 567.443 2227
-1039.01 567.443 2227
-1040 565.914 2221
-1037.2 562.347 2207
-1036.72 560.054 2198
-1033.84 556.486 2184
-1037.56 556.486 2184
-1033.18 552.155 2167
-1035.44 551.39 2164
-1034.81 549.097 2155
-1038.48 549.097 2155
-1038.29 547.059 2147
-1040.49 546.294 2144
-1043.17 545.785 2142
-1046.82 545.785 2142
-1046.06 543.491 2133
-1048.71 542.982 2131
-1049.38 541.453 2125
-1053.01 541.453 2125
-1054.14 540.179 2120
-1056.26 539.415 2117
-1053.36 536.102 2104
-1056.95 536.102 2104
-1059.02 535.338 2101
-1058.56 533.299 2093
-1061.11 532.79 2091
-1064.67 532.79 2091
-1065.17 531.261 2085
-1065.14 529.477 2078
-1067.14 528.713 2075
-1021.72 575.286 2273
-1025.6 575.286 2273
-1029.47 575.286 2273
-1033.35 575.286 2273
-1029.92 571.236 2257
-1029.65 568.958 2248
-1033.48 568.958 2248
-1029 564.403 2230
-1028.64 562.125 2221
-1032.42 562.125 2221
-1036.21 562.125 2221
-1036.25 560.1 2213
-1037.2 558.581 2207
-1032.48 554.026 2189
-1034.79 553.266 2186
-1036.14 552.001 2181
-1033.18 548.458 2167
-1031.13 545.42 2155
-1033.85 544.914 2153
-1037.52 544.914 2153
-1038.29 543.396 2147
-1039.52 542.13 2142
-1043.17 542.13 2142
-1046.82 542.13 2142
-1049 541.371 2139
-1049.7 539.852 2133
-1050.86 538.587 2128
-1054.49 538.587 2128
-1056.63 537.828 2125
-1057.76 536.562 2120
-1055.86 533.778 2109
-1059.46 533.778 2109
-1060.53 532.513 2104
-1060.07 530.488 2096
-1061.11 529.222 2091
-1064.67 529.222 2091
-1066.71 528.463 2088
-1065.14 525.932 2078
-1067.14 525.173 2075
-1021.72 571.408 2273
-1025.6 571.408 2273
-1029.47 571.408 2273
-1033.35 571.408 2273
-1029.92 567.385 2257
-1029.65 565.123 2248
-1033.48 565.123 2248
-1029 560.598 2230
-1028.64 558.336 2221
-1032.42 558.336 2221
-1036.21 558.336 2221
-1036.25 556.324 2213
-1037.2 554.816 2207
-1032.48 550.291 2189
-1034.79 549.537 2186
-1036.14 548.28 2181
-1034.14 545.263 2169
-1034 543.252 2161
-1037.69 543.252 2161
-1037.52 541.241 2153
-1038.29 539.733 2147
-1040.49 538.979 2144
-1043.17 538.476 2142
-1046.82 538.476 2142
-1049 537.722 2139
-1049.7 536.213 2133
-1053.33 536.213 2133
-1056.97 536.213 2133
-1058.12 534.956 2128
-1058.75 533.448 2122
-1055.86 530.18 2109
-1059.46 530.18 2109
-1060.53 528.923 2104
-1060.07 526.912 2096
-1062.12 526.158 2093
-1065.69 526.158 2093
-1066.71 524.901 2088
-1065.14 522.387 2078
-1067.14 521.633 2075
-1018.38 563.535 2257
-1022.23 563.535 2257
-1026.07 563.535 2257
-1027.18 562.037 2251
-1025.52 559.041 2239
-1029.34 559.041 2239
-1029 556.793 2230
-1028.64 554.546 2221
-1028.71 552.549 2213
-1032.48 552.549 2213
-1036.25 552.549 2213
-1030.15 547.305 2192
-1031.06 545.807 2186
-1034.79 545.807 2186
-1034.71 543.81 2178
-1034.14 541.563 2169
-1034 539.565 2161
-1037.69 539.565 2161
-1037.52 537.568 2153
-1038.29 536.07 2147
-1040.49 535.321 2144
-1043.17 534.821 2142
-1046.82 534.821 2142
-1049 534.072 2139
-1052.65 534.072 2139
-1056.3 534.072 2139
-1056.97 532.574 2133
-1060.61 532.574 2133
-1060.25 530.577 2125
-1063.87 530.577 2125
-1060.96 527.331 2112
-1060.53 525.333 2104
-1060.07 523.336 2096
-1062.12 522.587 2093
-1065.69 522.587 2093
-1066.71 521.338 2088
-1065.14 518.842 2078
-1067.14 518.092 2075
-1014.07 555.221 2239
-1017.89 555.221 2239
-1021.71 555.221 2239
-1022.78 553.733 2233
-1026.58 553.733 2233
-1026.24 551.501 2224
-1027.25 550.013 2218
-1028.71 548.773 2213
-1032.48 548.773 2213
-1036.25 548.773 2213
-1028.74 542.822 2189
-1030.12 541.582 2184
-1033.84 541.582 2184
-1034.71 540.094 2178
-1034.14 537.862 2169
-1034 535.878 2161
-1037.69 535.878 2161
-1036.07 533.151 2150
-1038.29 532.407 2147
-1040.49 531.663 2144
-1044.15 531.663 2144
-1047.8 531.663 2144
-1049 530.423 2139
-1052.65 530.423 2139
-1056.3 530.423 2139
-1056.97 528.935 2133
-1060.61 528.935 2133
-1060.25 526.951 2125
-1063.87 526.951 2125
-1060.96 523.727 2112
-1060.53 521.744 2104
-1060.07 519.76 2096
-1062.12 519.016 2093
-1065.69 519.016 2093
-1066.71 517.776 2088
-1065.14 515.296 2078
-1067.14 514.552 2075
-1009.49 542.781 2204
-1019.69 546.229 2218
-1023.47 546.229 2218
-1027.25 546.229 2218
-1028.71 544.998 2213
-1032.48 544.998 2213
-1036.25 544.998 2213
-1028.74 539.087 2189
-1027.29 536.378 2178
-1031 536.378 2178
-1033.29 535.639 2175
-1034.14 534.162 2169
-1034 532.191 2161
-1037.69 532.191 2161
-1036.07 529.482 2150
-1038.29 528.744 2147
-1040.49 528.005 2144
-1044.15 528.005 2144
-1047.8 528.005 2144
-1049 526.773 2139
-1052.65 526.773 2139
-1056.3 526.773 2139
-1058.46 526.035 2136
-1060.61 525.296 2133
-1060.25 523.326 2125
-1063.87 523.326 2125
-1060.96 520.124 2112
-1061.54 518.647 2106
-1060.07 516.184 2096
-1063.65 516.184 2096
-1065.69 515.445 2093
-1066.71 514.214 2088
-1063.6 511.012 2075
-1067.14 511.012 2075
-1009.49 539.021 2204
-1019.69 542.445 2218
-1023.47 542.445 2218
-1027.25 542.445 2218
-1029.63 541.711 2215
-1033.41 541.711 2215
-1036.25 541.222 2213
-1028.74 535.352 2189
-1027.29 532.662 2178
-1031 532.662 2178
-1033.29 531.928 2175
-1034.14 530.461 2169
-1034 528.505 2161
-1037.69 528.505 2161
-1036.07 525.814 2150
-1038.29 525.081 2147
-1040.49 524.347 2144
-1044.15 524.347 2144
-1047.8 524.347 2144
-1049 523.124 2139
-1052.65 523.124 2139
-1056.3 523.124 2139
-1058.46 522.39 2136
-1060.61 521.657 2133
-1060.25 519.7 2125
-1063.87 519.7 2125
-1061.97 517.01 2114
-1061.54 515.054 2106
-1060.07 512.608 2096
-1063.65 512.608 2096
-1065.69 511.874 2093
-1064.15 509.429 2083
-1063.6 507.472 2075
-1065.6 506.738 2072
-1013.25 535.261 2204
-1017.01 535.261 2204
-1025.86 537.932 2215
-1029.63 537.932 2215
-1033.41 537.932 2215
-1033.44 535.989 2207
-1027.33 530.889 2186
-1027.29 528.946 2178
-1031 528.946 2178
-1033.29 528.218 2175
-1031.75 525.546 2164
-1034 524.818 2161
-1037.69 524.818 2161
-1034.63 521.418 2147
-1038.29 521.418 2147
-1040.49 520.689 2144
-1044.15 520.689 2144
-1047.8 520.689 2144
-1049 519.475 2139
-1052.65 519.475 2139
-1056.3 519.475 2139
-1058.46 518.746 2136
-1060.61 518.018 2133
-1060.25 516.075 2125
-1063.87 516.075 2125
-1061.97 513.403 2114
-1061.54 511.46 2106
-1060.07 509.032 2096
-1063.65 509.032 2096
-1065.69 508.303 2093
-1064.15 505.875 2083
-1063.6 503.932 2075
-1065.6 503.203 2072
-1013.25 531.5 2204
-1017.01 531.5 2204
-1025.86 534.153 2215
-1029.63 534.153 2215
-1033.41 534.153 2215
-1033.44 532.224 2207
-1024.98 525.954 2181
-1027.29 525.23 2178
-1031 525.23 2178
-1030.44 523.06 2169
-1031.75 521.854 2164
-1032.57 520.407 2158
-1036.25 520.407 2158
-1034.63 517.755 2147
-1038.29 517.755 2147
-1040.49 517.031 2144
-1044.15 517.031 2144
-1046.82 516.549 2142
-1049 515.825 2139
-1052.65 515.825 2139
-1056.3 515.825 2139
-1058.46 515.102 2136
-1060.61 514.379 2133
-1060.25 512.449 2125
-1063.87 512.449 2125
-1061.97 509.797 2114
-1061.54 507.867 2106
-1060.07 505.456 2096
-1063.65 505.456 2096
-1065.69 504.732 2093
-1062.62 501.597 2080
-1062.06 499.668 2072
-1065.6 499.668 2072
-1022.15 528.458 2207
-1025.92 528.458 2207
-1029.68 528.458 2207
-1033.44 528.458 2207
-1024.98 522.233 2181
-1024.46 520.078 2172
-1028.16 520.078 2172
-1028.06 518.162 2164
-1030.32 517.444 2161
-1032.57 516.726 2158
-1036.25 516.726 2158
-1036.07 514.81 2150
-1038.29 514.092 2147
-1040.49 513.373 2144
-1044.15 513.373 2144
-1046.82 512.894 2142
-1049 512.176 2139
-1051.17 511.458 2136
-1054.81 511.458 2136
-1058.46 511.458 2136
-1059.61 510.261 2131
-1058.75 508.105 2122
-1062.37 508.105 2122
-1061.97 506.19 2114
-1061.54 504.274 2106
-1060.07 501.88 2096
-1063.65 501.88 2096
-1064.67 500.683 2091
-1061.6 497.57 2078
-1061.04 495.654 2070
-1064.57 495.654 2070
-1022.15 524.693 2207
-1025.92 524.693 2207
-1029.68 524.693 2207
-1033.44 524.693 2207
-1024.98 518.512 2181
-1024.46 516.372 2172
-1028.16 516.372 2172
-1028.06 514.47 2164
-1030.32 513.757 2161
-1032.57 513.044 2158
-1036.25 513.044 2158
-1036.07 511.142 2150
-1038.29 510.429 2147
-1040.49 509.715 2144
-1044.15 509.715 2144
-1046.82 509.24 2142
-1049 508.527 2139
-1051.17 507.813 2136
-1054.81 507.813 2136
-1055.98 506.625 2131
-1058.12 505.912 2128
-1056.26 503.296 2117
-1059.87 503.296 2117
-1059.46 501.395 2109
-1057.51 498.779 2098
-1057.54 497.115 2091
-1061.11 497.115 2091
-1060.6 495.213 2083
-1057.51 492.123 2070
-1059.5 491.409 2067
-1063.03 491.409 2067
-1016.99 510.778 2164
-1020.68 510.778 2164
-1024.37 510.778 2164
-1028.06 510.778 2164
-1028.89 509.362 2158
-1032.57 509.362 2158
-1036.25 509.362 2158
-1036.07 507.474 2150
-1038.29 506.766 2147
-1039.52 505.585 2142
-1043.17 505.585 2142
-1045.36 504.877 2139
-1047.53 504.169 2136
-1051.17 504.169 2136
-1054.81 504.169 2136
-1055.98 502.989 2131
-1058.12 502.281 2128
-1056.26 499.685 2117
-1059.87 499.685 2117
-1059.46 497.796 2109
-1057.51 495.2 2098
-1057.54 493.548 2091
-1061.11 493.548 2091
-1060.6 491.659 2083
-1057.51 488.591 2070
-1059.5 487.883 2067
-1063.03 487.883 2067
-1016.44 504.977 2155
-1021.53 505.68 2158
-1025.21 505.68 2158
-1028.89 505.68 2158
-1031.13 504.977 2155
-1034.81 504.977 2155
-1036.07 503.806 2150
-1036.84 502.4 2144
-1039.52 501.931 2142
-1043.17 501.931 2142
-1043.89 500.525 2136
-1046.06 499.822 2133
-1048.71 499.353 2131
-1052.35 499.353 2131
-1054.49 498.65 2128
-1056.63 497.947 2125
-1053.76 494.901 2112
-1057.36 494.901 2112
-1055.44 492.324 2101
-1053.98 489.98 2091
-1054.51 488.574 2085
-1058.06 488.574 2085
-1058.05 486.934 2078
-1054.96 483.888 2065
-1053.35 481.544 2055
-1056.85 481.544 2055
-1016.44 501.301 2155
-1020.11 501.301 2155
-1023.79 501.301 2155
-1027.46 501.301 2155
-1030.18 500.835 2153
-1033.85 500.835 2153
-1036.07 500.138 2150
-1036.84 498.742 2144
-1036.61 496.881 2136
-1040.25 496.881 2136
-1042.42 496.183 2133
-1043.61 495.02 2128
-1047.24 495.02 2128
-1050.86 495.02 2128
-1053.01 494.322 2125
-1055.14 493.624 2122
-1052.27 490.6 2109
-1055.86 490.6 2109
-1050.42 486.413 2091
-1050.96 485.017 2085
-1051.98 483.854 2080
-1055.53 483.854 2080
-1052.45 480.83 2067
-1048.31 477.341 2052
-1047.71 475.48 2044
-1051.2 475.48 2044
-1016.44 497.624 2155
-1020.11 497.624 2155
-1023.79 497.624 2155
-1027.46 497.624 2155
-1030.18 497.162 2153
-1033.85 497.162 2153
-1036.07 496.469 2150
-1036.84 495.084 2144
-1038.06 493.929 2139
-1041.71 493.929 2139
-1042.42 492.544 2133
-1045.08 492.082 2131
-1047.24 491.389 2128
-1050.86 491.389 2128
-1053.01 490.696 2125
-1055.14 490.004 2122
-1052.27 487.002 2109
-1055.86 487.002 2109
-1047.4 481.46 2085
-1048.44 480.305 2080
-1046.92 477.996 2070
-1050.45 477.996 2070
-1046.34 474.532 2055
-1041.67 470.838 2039
-1045.15 470.838 2039
-1048.63 470.838 2039
-1016.44 493.947 2155
-1020.11 493.947 2155
-1023.79 493.947 2155
-1027.46 493.947 2155
-1030.18 493.489 2153
-1033.85 493.489 2153
-1036.07 492.801 2150
-1036.84 491.426 2144
-1038.06 490.28 2139
-1041.71 490.28 2139
-1042.42 488.905 2133
-1045.08 488.446 2131
-1047.24 487.759 2128
-1050.86 487.759 2128
-1053.01 487.071 2125
-1056.63 487.071 2125
-1052.27 483.404 2109
-1055.86 483.404 2109
-1047.4 477.903 2085
-1048.44 476.757 2080
-1046.92 474.464 2070
-1050.45 474.464 2070
-1046.34 471.026 2055
-1041.67 467.359 2039
-1045.15 467.359 2039
-1048.63 467.359 2039
-1014.08 489.133 2150
-1019.17 489.816 2153
-1022.84 489.816 2153
-1026.51 489.816 2153
-1030.18 489.816 2153
-1033.85 489.816 2153
-1036.07 489.133 2150
-1036.84 487.768 2144
-1038.06 486.631 2139
-1041.71 486.631 2139
-1042.42 485.266 2133
-1046.06 485.266 2133
-1048.71 484.811 2131
-1052.35 484.811 2131
-1053.01 483.446 2125
-1056.63 483.446 2125
-1052.27 479.805 2109
-1055.86 479.805 2109
-1046.4 473.89 2083
-1043.4 470.933 2070
-1039.34 467.52 2055
-1042.84 467.52 2055
-1038.2 463.88 2039
-1037.08 461.833 2030
-1039 461.15 2027
-1042.45 461.15 2027
1929.77 793.001 3512
1923.78 793.001 3512
1917.79 793.001 3512
1908 791.421 3505
-1014.08 485.465 2150
-1017.75 485.465 2150
-1021.41 485.465 2150
-1025.08 485.465 2150
-1028.74 485.465 2150
-1032.41 485.465 2150
-1036.07 485.465 2150
-1038.29 484.788 2147
-1038.06 482.981 2139
-1041.71 482.981 2139
-1042.42 481.626 2133
-1046.06 481.626 2133
-1048.71 481.175 2131
-1052.35 481.175 2131
-1053.01 479.82 2125
-1056.63 479.82 2125
-1052.27 476.207 2109
-1055.86 476.207 2109
-1046.4 470.337 2083
-1038.35 465.143 2060
-1036.3 462.659 2049
-1039.8 462.659 2049
-1033.61 458.369 2030
-1035.54 457.692 2027
-1037.97 457.24 2025
-1041.43 457.24 2025
1992.45 795.301 3549
1986.4 795.301 3549
1980.35 795.301 3549
1974.3 795.301 3549
1946.25 793.732 3542
1940.21 793.732 3542
1934.18 793.732 3542
1911.81 787.01 3512
-1014.08 481.797 2150
-1017.75 481.797 2150
-1021.41 481.797 2150
-1025.08 481.797 2150
-1028.74 481.797 2150
-1032.41 481.797 2150
-1036.07 481.797 2150
-1039.74 481.797 2150
-1039.52 480.004 2142
-1043.17 480.004 2142
-1045.36 479.332 2139
-1046.06 477.987 2133
-1048.71 477.539 2131
-1052.35 477.539 2131
-1053.01 476.195 2125
-1056.63 476.195 2125
-1050.77 471.937 2106
-1054.36 471.937 2106
-1037.35 462.749 2065
-1032.81 459.164 2049
-1032.76 457.595 2042
-1036.24 457.595 2042
-1029.54 453.113 2022
-1032.99 453.113 2022
-1035.41 452.665 2020
-1038.85 452.665 2020
1992.45 789.246 3549
1986.4 789.246 3549
1980.35 789.246 3549
1974.3 789.246 3549
1958.89 792.804 3565
1952.81 792.804 3565
1946.74 792.804 3565
1940.66 792.804 3565
-1028.74 478.129 2150
-1032.41 478.129 2150
-1036.07 478.129 2150
-1039.74 478.129 2150
-1039.52 476.35 2142
-1043.17 476.35 2142
-1045.36 475.682 2139
-1046.06 474.348 2133
-1048.71 473.903 2131
-1052.35 473.903 2131
-1053.01 472.569 2125
-1056.63 472.569 2125
-1052.27 469.011 2109
-1055.86 469.011 2109
-1037.35 459.226 2065
-1032.81 455.668 2049
-1032.76 454.111 2042
-1036.24 454.111 2042
-1029.54 449.663 2022
-1032.99 449.663 2022
-1035.41 449.219 2020
-1038.85 449.219 2020
1998.5 783.191 3549
1992.45 783.191 3549
1986.4 783.191 3549
1980.35 783.191 3549
1974.3 783.191 3549
1958.89 786.722 3565
1952.81 786.722 3565
1946.74 786.722 3565
1940.66 786.722 3565
-1033.85 475.123 2153
-1037.52 475.123 2153
-1041.19 475.123 2153
-1044.86 475.123 2153
-1048.53 475.123 2153
-1046.82 472.695 2142
-1046.06 470.709 2133
-1049.7 470.709 2133
-1053.33 470.709 2133
-1056.97 470.709 2133
-1056.63 468.944 2125
-1052.27 465.413 2109
-1055.86 465.413 2109
-1037.35 455.703 2065
-1032.81 452.172 2049
-1028.72 448.862 2034
-1032.18 448.862 2034
-1027 445.11 2017
-1031.97 445.772 2020
-1035.41 445.772 2020
-1038.85 445.772 2020
2030.53 787.209 3595
2024.4 787.209 3595
1992.45 777.136 3549
1995.36 780.64 3565
1989.28 780.64 3565
1987.09 782.172 3572
1981.01 782.172 3572
1987.63 787.209 3595
1981.5 787.209 3595
1975.38 787.209 3595
1969.25 787.209 3595
1963.12 787.209 3595
1948.82 783.924 3580
-1033.85 471.449 2153
-1037.52 471.449 2153
-1041.19 471.449 2153
-1044.86 471.449 2153
-1048.53 471.449 2153
-1050.73 470.793 2150
-1050.47 469.041 2142
-1049.7 467.07 2133
-1053.33 467.07 2133
-1056.97 467.07 2133
-1056.63 465.318 2125
-1052.27 461.815 2109
-1055.86 461.815 2109
-1037.35 452.18 2065
-1030.29 447.581 2044
-1028.72 445.392 2034
-1032.18 445.392 2034
-1027 441.669 2017
-1031.97 442.326 2020
-1035.41 442.326 2020
-1038.85 442.326 2020
2030.53 781.075 3595
2024.4 781.075 3595
1992.45 771.081 3549
1995.36 774.557 3565
1989.28 774.557 3565
1987.09 776.078 3572
1981.01 776.078 3572
1987.63 781.075 3595
1981.5 781.075 3595
1975.38 781.075 3595
1969.25 781.075 3595
1963.12 781.075 3595
1953.18 779.555 3588
-1033.85 467.776 2153
-1037.52 467.776 2153
-1041.19 467.776 2153
-1044.86 467.776 2153
-1048.53 467.776 2153
-1050.73 467.124 2150
-1050.47 465.386 2142
-1049.7 463.431 2133
-1053.33 463.431 2133
-1056.97 463.431 2133
-1051.16 459.303 2114
-1052.27 458.216 2109
-1055.86 458.216 2109
-1032.33 446.484 2055
-1026.76 442.573 2037
-1025.18 440.401 2027
-1028.63 440.401 2027
-1024.45 437.142 2012
-1031.97 438.88 2020
-1035.41 438.88 2020
-1038.85 438.88 2020
2030.53 774.942 3595
2024.4 774.942 3595
1992.45 765.026 3549
1995.36 768.475 3565
1989.28 768.475 3565
1987.09 769.984 3572
1981.01 769.984 3572
1987.63 774.942 3595
1981.5 774.942 3595
1975.38 774.942 3595
1969.25 774.942 3595
1963.12 774.942 3595
1953.18 773.433 3588
-1033.85 464.103 2153
-1037.52 464.103 2153
-1041.19 464.103 2153
-1044.86 464.103 2153
-1048.53 464.103 2153
-1050.73 463.456 2150
-1050.47 461.732 2142
-1049.7 459.792 2133
-1053.33 459.792 2133
-1056.97 459.792 2133
-1051.16 455.696 2114
-1052.27 454.618 2109
-1055.86 454.618 2109
-1032.33 442.978 2055
-1026.76 439.098 2037
-1025.18 436.942 2027
-1028.63 436.942 2027
-1024.45 433.709 2012
-1031.97 435.433 2020
-1035.41 435.433 2020
-1038.85 435.433 2020
2022.06 765.601 3580
2015.96 765.601 3580
1992.45 758.971 3549
1986.4 758.971 3549
1980.35 758.971 3549
1983.2 762.393 3565
1981.01 763.89 3572
1983.76 767.312 3588
1977.65 767.312 3588
1971.53 767.312 3588
1965.41 767.312 3588
1959.3 767.312 3588
1953.18 767.312 3588
-1046.06 456.153 2133
-1049.7 456.153 2133
-1053.33 456.153 2133
-1049.04 452.731 2117
-1051.16 452.089 2114
-1043.29 447.171 2091
-1046.85 447.171 2091
-1026.81 437.12 2044
-1023.23 434.126 2030
-1021.64 431.987 2020
-1025.08 431.987 2020
-1023.43 429.848 2010
-1029.41 430.918 2015
-1032.85 430.918 2015
-1036.28 430.918 2015
2013.59 756.311 3565
2007.51 756.311 3565
1992.45 752.916 3549
1986.4 752.916 3549
1980.35 752.916 3549
1978.75 754.613 3557
1977.12 756.311 3565
1974.92 757.796 3572
1968.83 757.796 3572
1971.53 761.19 3588
1965.41 761.19 3588
1959.3 761.19 3588
1948.82 759.493 3580
-1040.35 448.483 2114
-1043.95 448.483 2114
-1047.55 448.483 2114
-1047.18 446.785 2106
-1043.29 443.603 2091
-1046.85 443.603 2091
-1019.77 430.662 2030
-1018.19 428.541 2020
-1016.58 426.419 2010
-1020 426.419 2010
-1020.89 425.358 2005
-1027.88 426.843 2012
-1031.31 426.843 2012
-1034.74 426.843 2012
2013.59 750.228 3565
2007.51 750.228 3565
1992.45 746.861 3549
1986.4 746.861 3549
1980.35 746.861 3549
1978.75 748.545 3557
1977.12 750.228 3565
1971.05 750.228 3565
1964.97 750.228 3565
1962.74 751.701 3572
1956.65 751.701 3572
1950.56 751.701 3572
-1040.35 444.876 2114
-1043.95 444.876 2114
-1047.55 444.876 2114
-1039.72 440.036 2091
-1035.3 436.669 2075
-1038.84 436.669 2075
-1015.75 425.515 2022
-1016.68 424.463 2017
-1015.57 422.569 2008
-1018.99 422.569 2008
-1019.87 421.517 2003
-1027.88 423.411 2012
-1031.31 423.411 2012
-1034.74 423.411 2012
2004.55 740.806 3549
1998.5 740.806 3549
1988.52 739.345 3542
1978 737.675 3534
1971.98 737.675 3534
1974.3 740.806 3549
1977.12 744.146 3565
1971.05 744.146 3565
1964.97 744.146 3565
1962.74 745.607 3572
1956.65 745.607 3572
1950.56 745.607 3572
-1032.59 436.468 2091
-1036.16 436.468 2091
-1039.72 436.468 2091
-1035.3 433.129 2075
-1038.84 433.129 2075
-1015.75 422.065 2022
-1016.68 421.022 2017
-1015.57 419.143 2008
-1018.99 419.143 2008
-1019.87 418.099 2003
-1027.88 419.978 2012
-1031.31 419.978 2012
-1034.74 419.978 2012
2000.6 733.302 3542
1994.56 733.302 3542
1988.52 733.302 3542
1978 731.646 3534
1971.98 731.646 3534
1970.41 733.302 3542
1972.69 736.408 3557
1971.05 738.064 3565
1964.97 738.064 3565
1962.74 739.513 3572
1956.65 739.513 3572
1950.56 739.513 3572
-1024.69 429.588 2075
-1028.23 429.588 2075
-1031.77 429.588 2075
-1031.31 427.932 2067
-1034.84 427.932 2067
-1013.24 417.581 2017
-1012.14 415.717 2008
-1013.04 414.682 2003
-1016.45 414.682 2003
-1019.87 414.682 2003
-1026.86 416.131 2010
-1030.28 416.131 2010
-1033.71 416.131 2010
1971.23 716.582 3490
1965.28 716.582 3490
1946.98 712.065 3468
1941.06 712.065 3468
1935.15 712.065 3468
1949.82 719.662 3505
1972.69 730.339 3557
1966.62 730.339 3557
1964.97 731.982 3565
1962.74 733.419 3572
1956.65 733.419 3572
1950.56 733.419 3572
1944.47 733.419 3572
1938.38 733.419 3572
1932.29 733.419 3572
-1002.93 414.139 2017
-1006.36 414.139 2017
-1009.8 414.139 2017
-1008.72 412.291 2008
-1010.63 411.675 2005
-1013.04 411.265 2003
-1016.45 411.265 2003
-1017.32 410.238 1998
-1025.84 412.291 2008
-1029.26 412.291 2008
-1032.68 412.291 2008
1971.23 710.628 3490
1965.28 710.628 3490
1946.98 706.148 3468
1941.06 706.148 3468
1935.15 706.148 3468
1949.82 713.682 3505
1943.85 713.682 3505
1937.87 713.682 3505
1960.56 724.27 3557
1962.74 727.325 3572
1956.65 727.325 3572
1950.56 727.325 3572
1948.82 728.954 3580
1942.72 728.954 3580
1936.62 728.954 3580
-998.451 408.866 2008
-1001.87 408.866 2008
-1005.3 408.866 2008
-1008.72 408.866 2008
-1009.62 407.848 2003
-1009.5 406.422 1996
-1012.9 406.422 1996
-1012.23 404.793 1988
-1023.28 407.848 2003
-1026.7 407.848 2003
-1030.11 407.848 2003
1958.8 700.232 3468
1952.89 700.232 3468
1935.19 695.991 3447
1929.31 695.991 3447
1923.43 695.991 3447
1929.24 700.232 3468
1943.85 707.702 3505
1937.87 707.702 3505
1960.56 718.202 3557
1962.74 721.23 3572
1956.65 721.23 3572
1950.56 721.23 3572
1948.82 722.846 3580
1942.72 722.846 3580
1936.62 722.846 3580
-998.451 405.44 2008
-1001.87 405.44 2008
-1005.3 405.44 2008
-1008.72 405.44 2008
-1009.62 404.43 2003
-1009.5 403.017 1996
-1012.9 403.017 1996
-1012.23 401.402 1988
-1023.28 404.43 2003
-1026.7 404.43 2003
-1030.11 404.43 2003
1958.8 694.315 3468
1952.89 694.315 3468
1943.05 692.913 3461
1925.39 688.709 3440
1919.53 688.709 3440
1917.56 690.11 3447
1927.76 695.917 3476
1921.84 695.917 3476
1960.56 712.133 3557
1962.74 715.136 3572
1956.65 715.136 3572
1950.56 715.136 3572
1948.82 716.738 3580
1942.72 716.738 3580
1936.62 716.738 3580
-998.534 396.608 1981
-1001.91 396.608 1981
-1005.29 396.608 1981
-1008.67 396.608 1981
-1020.73 400.012 1998
-1024.13 400.012 1998
-1027.54 400.012 1998
1958.8 688.398 3468
1952.89 688.398 3468
1946.98 688.398 3468
1925.39 682.84 3440
1915.62 681.451 3433
1925.35 687.009 3461
1939.41 694.155 3497
1933.45 694.155 3497
1960.56 706.065 3557
1958.89 707.653 3565
1952.81 707.653 3565
1946.74 707.653 3565
1940.66 707.653 3565
1934.58 707.653 3565
1928.5 707.653 3565
-1020.73 396.603 1998
-1024.13 396.603 1998
-1027.54 396.603 1998
1971.23 686.811 3490
1965.28 686.811 3490
1959.33 686.811 3490
1937.15 681.104 3461
1931.25 681.104 3461
1945.37 688.188 3497
1968.25 698.422 3549
1962.2 698.422 3549
1964.97 701.57 3565
1958.89 701.57 3565
1952.81 701.57 3565
1946.74 701.57 3565
1936.3 699.996 3557
-1016.96 390.439 1984
-1020.34 390.439 1984
1971.23 680.856 3490
1965.28 680.856 3490
1959.33 680.856 3490
1937.15 675.199 3461
1931.25 675.199 3461
1945.37 682.222 3497
1977.12 695.488 3565
1971.05 695.488 3565
1964.97 695.488 3565
1958.89 695.488 3565
1952.81 695.488 3565
1946.74 695.488 3565
1936.3 693.927 3557
-1016.96 387.054 1984
-1020.34 387.054 1984
1979.7 677.803 3505
1973.72 677.803 3505
1967.75 677.803 3505
1961.77 677.803 3505
1955.8 677.803 3505
1958.17 680.704 3520
1977.12 689.406 3565
1971.05 689.406 3565
1964.97 689.406 3565
1958.89 689.406 3565
1952.81 689.406 3565
1946.74 689.406 3565
-1016.96 383.669 1984
-1020.34 383.669 1984
1988.17 674.698 3520
1982.17 674.698 3520
1976.17 674.698 3520
1970.17 674.698 3520
1964.17 674.698 3520
1962.06 676.04 3527
1977.12 683.323 3565
1971.05 683.323 3565
1973.24 686.199 3580
1967.13 686.199 3580
1961.03 686.199 3580
-1015.42 379.709 1981
-1018.8 379.709 1981
1988.17 668.693 3520
1982.17 668.693 3520
1976.17 668.693 3520
1970.17 668.693 3520
1964.17 668.693 3520
1962.06 670.022 3527
1968.25 674.202 3549
1962.2 674.202 3549
1973.24 680.091 3580
1967.13 680.091 3580
1961.03 680.091 3580
1988.17 662.687 3520
1982.17 662.687 3520
1976.17 662.687 3520
1970.17 662.687 3520
1964.17 662.687 3520
1962.06 664.005 3527
1968.25 668.147 3549
1962.2 668.147 3549
1973.24 673.983 3580
1967.13 673.983 3580
1961.03 673.983 3580
1983.65 655.189 3512
1977.67 655.189 3512
1971.68 655.189 3512
1965.69 655.189 3512
1955.8 653.883 3505
1945.37 652.391 3497
1956.05 657.988 3527
1950.04 657.988 3527
1944.02 657.988 3527
1975.18 646.425 3497
1977.67 649.197 3512
1971.68 649.197 3512
1965.69 649.197 3512
1951.33 646.425 3497
1941.48 645.131 3490
1935.53 645.131 3490
1929.58 645.131 3490
1923.63 645.131 3490
1975.18 640.458 3497
1977.67 643.206 3512
1971.68 643.206 3512
1965.69 643.206 3512
1951.33 640.458 3497
1941.48 639.176 3490
1935.53 639.176 3490
1898.06 628.737 3433
1942.99 624.15 3440
1948.95 627.96 3461
1943.05 627.96 3461
1937.15 627.96 3461
1931.25 627.96 3461
1925.35 627.96 3461
1919.45 627.96 3461
1898.06 622.88 3433
1939.03 617.023 3433
1948.95 622.055 3461
1951.47 624.751 3476
1945.54 624.751 3476
1939.62 624.751 3476
1925.35 622.055 3461
1919.45 622.055 3461
1898.06 617.023 3433
1963.32 618.821 3476
1965.28 621.313 3490
1959.33 621.313 3490
1953.38 621.313 3490
1947.43 621.313 3490
1941.48 621.313 3490
1935.53 621.313 3490
1963.32 612.891 3476
1977.67 619.238 3512
1988.52 624.528 3542
1982.48 624.528 3542
1976.44 624.528 3542
1941.48 615.359 3490
1935.53 615.359 3490
1963.32 606.96 3476
1977.67 613.246 3512
1988.52 618.485 3542
1982.48 618.485 3542
1976.44 618.485 3542
1941.48 609.405 3490
1935.53 609.405 3490
1967.27 602.24 3483
1982.17 608.638 3520
1996.94 615.035 3557
1990.88 615.035 3557
1984.81 615.035 3557
1967.27 596.298 3483
1982.17 602.632 3520
1996.94 608.967 3557
1990.88 608.967 3557
1984.81 608.967 3557
1975.18 592.728 3497
1982.17 596.627 3520
1996.94 602.898 3557
1990.88 602.898 3557
1984.81 602.898 3557
1975.18 586.762 3497
1982.17 590.621 3520
1988.52 594.313 3542
1982.48 594.313 3542
1976.44 594.313 3542
1975.18 580.796 3497
1998.5 589.432 3549
1992.45 589.432 3549
1986.4 589.432 3549
1975.18 574.83 3497
1998.5 583.377 3549
1992.45 583.377 3549
1986.4 583.377 3549
1975.18 568.863 3497
1998.5 577.322 3549
1992.45 577.322 3549
1986.4 577.322 3549
1975.18 562.897 3497
1969.22 562.897 3497
1963.26 562.897 3497
182.352 -98.9522 565
181.389 -98.9522 565
180.426 -98.9522 565
179.463 -98.9522 565
191.067 -100.447 568
190.098 -100.447 568
189.13 -100.447 568
187.499 -100.093 566
186.534 -100.093 566
185.57 -100.093 566
184.605 -100.093 566
183.315 -99.9162 565
182.675 -100.093 566
181.71 -100.093 566
180.745 -100.093 566
179.78 -100.093 566
178.815 -100.093 566
177.85 -100.093 566
192.373 -101.594 569
191.403 -101.594 569
190.433 -101.594 569
189.13 -101.416 568
187.499 -101.059 566
186.534 -101.059 566
185.897 -101.237 567
184.931 -101.237 567
183.964 -101.237 567
182.998 -101.237 567
182.031 -101.237 567
180.745 -101.059 566
179.78 -101.059 566
178.815 -101.059 566
177.85 -101.059 566
176.573 -100.88 565
192.373 -102.565 569
191.403 -102.565 569
190.433 -102.565 569
189.13 -102.385 568
187.499 -102.024 566
186.534 -102.024 566
185.897 -102.205 567
184.931 -102.205 567
183.964 -102.205 567
182.998 -102.205 567
182.031 -102.205 567
180.745 -102.024 566
179.78 -102.024 566
178.815 -102.024 566
177.85 -102.024 566
176.886 -102.024 566
175.921 -102.024 566
192.711 -103.718 570
191.739 -103.718 570
190.768 -103.718 570
189.463 -103.536 569
187.831 -103.172 567
186.864 -103.172 567
186.225 -103.354 568
185.257 -103.354 568
184.289 -103.354 568
182.998 -103.172 567
182.031 -103.172 567
181.064 -103.172 567
180.098 -103.172 567
178.815 -102.99 566
177.85 -102.99 566
176.886 -102.99 566
175.921 -102.99 566
270.485 -103.588 564
269.524 -103.588 564
269.039 -103.772 565
268.075 -103.772 565
267.112 -103.772 565
194.313 -104.507 569
193.343 -104.507 569
192.711 -104.69 570
191.739 -104.69 570
190.768 -104.69 570
189.463 -104.507 569
187.831 -104.139 567
187.194 -104.323 568
186.553 -104.507 569
185.583 -104.507 569
184.613 -104.507 569
183.643 -104.507 569
182.673 -104.507 569
181.384 -104.323 568
180.098 -104.139 567
179.131 -104.139 567
178.165 -104.139 567
176.886 -103.956 566
175.921 -103.956 566
175.265 -104.139 567
174.298 -104.139 567
173.332 -104.139 567
172.365 -104.139 567
300.015 -101.214 546
299.085 -101.214 546
298.154 -101.214 546
297.223 -101.214 546
296.292 -101.214 546
272.408 -104.551 564
271.447 -104.551 564
270.485 -104.551 564
269.524 -104.551 564
269.039 -104.736 565
268.075 -104.736 565
267.112 -104.736 565
266.149 -104.736 565
265.186 -104.736 565
264.223 -104.736 565
194.597 -105.107 567
194.313 -105.477 569
193.343 -105.477 569
192.711 -105.663 570
191.739 -105.663 570
190.768 -105.663 570
189.463 -105.477 569
188.162 -105.292 568
187.523 -105.477 569
186.553 -105.477 569
185.583 -105.477 569
184.613 -105.477 569
183.643 -105.477 569
182.673 -105.477 569
181.703 -105.477 569
180.415 -105.292 568
179.447 -105.292 568
178.479 -105.292 568
176.886 -104.921 566
176.231 -105.107 567
175.574 -105.292 568
174.913 -105.477 569
173.943 -105.477 569
172.973 -105.477 569
172.003 -105.477 569
171.033 -105.477 569
300.015 -102.145 546
299.085 -102.145 546
298.154 -102.145 546
297.223 -102.145 546
296.292 -102.145 546
272.408 -105.513 564
271.447 -105.513 564
270.485 -105.513 564
269.524 -105.513 564
269.039 -105.7 565
268.075 -105.7 565
267.112 -105.7 565
266.149 -105.7 565
265.186 -105.7 565
264.223 -105.7 565
194.597 -106.074 567
194.313 -106.448 569
193.343 -106.448 569
192.711 -106.635 570
191.739 -106.635 570
190.768 -106.635 570
189.463 -106.448 569
188.162 -106.261 568
187.523 -106.448 569
186.553 -106.448 569
185.583 -106.448 569
184.613 -106.448 569
183.643 -106.448 569
182.673 -106.448 569
181.703 -106.448 569
180.415 -106.261 568
179.447 -106.261 568
178.479 -106.261 568
177.511 -106.261 568
176.542 -106.261 568
175.883 -106.448 569
174.913 -106.448 569
173.943 -106.448 569
172.973 -106.448 569
172.003 -106.448 569
171.033 -106.448 569
170.063 -106.448 569
169.39 -106.635 570
169.009 -107.009 572
168.034 -107.009 572
167.351 -107.196 573
166.374 -107.196 573
165.398 -107.196 573
306.133 -102.322 542
305.209 -102.322 542
304.285 -102.322 542
303.361 -102.322 542
302.437 -102.322 542
301.513 -102.322 542
300.589 -102.322 542
301.877 -103.077 546
300.946 -103.077 546
300.015 -103.077 546
299.085 -103.077 546
298.7 -103.266 547
298.312 -103.454 548
297.377 -103.454 548
296.443 -103.454 548
294.97 -103.266 547
285.855 -104.021 551
284.916 -104.021 551
283.976 -104.021 551
282.523 -103.832 550
272.408 -106.475 564
271.447 -106.475 564
270.485 -106.475 564
269.524 -106.475 564
268.562 -106.475 564
267.601 -106.475 564
267.112 -106.664 565
266.149 -106.664 565
265.186 -106.664 565
264.223 -106.664 565
194.94 -107.23 568
194.313 -107.419 569
193.343 -107.419 569
192.373 -107.419 569
191.403 -107.419 569
190.433 -107.419 569
189.463 -107.419 569
188.162 -107.23 568
187.523 -107.419 569
186.553 -107.419 569
185.583 -107.419 569
184.613 -107.419 569
183.643 -107.419 569
182.673 -107.419 569
181.703 -107.419 569
180.415 -107.23 568
179.447 -107.23 568
178.479 -107.23 568
177.511 -107.23 568
176.542 -107.23 568
175.883 -107.419 569
174.913 -107.419 569
173.943 -107.419 569
172.973 -107.419 569
172.003 -107.419 569
171.033 -107.419 569
170.063 -107.419 569
169.39 -107.608 570
169.009 -107.985 572
168.034 -107.985 572
167.351 -108.174 573
166.374 -108.174 573
165.398 -108.174 573
306.133 -103.246 542
305.209 -103.246 542
304.285 -103.246 542
303.361 -103.246 542
302.437 -103.246 542
302.07 -103.437 543
301.144 -103.437 543
301.877 -104.008 546
300.946 -104.008 546
300.015 -104.008 546
299.085 -104.008 546
298.7 -104.199 547
298.312 -104.389 548
297.377 -104.389 548
296.443 -104.389 548
294.97 -104.199 547
293.5 -104.008 546
292.569 -104.008 546
291.638 -104.008 546
287.625 -104.58 549
287.211 -104.77 550
286.274 -104.77 550
285.855 -104.961 551
284.916 -104.961 551
283.976 -104.961 551
282.523 -104.77 550
281.074 -104.58 549
280.138 -104.58 549
279.202 -104.58 549
272.408 -107.437 564
271.447 -107.437 564
270.485 -107.437 564
269.524 -107.437 564
268.562 -107.437 564
267.601 -107.437 564
267.112 -107.628 565
266.149 -107.628 565
265.186 -107.628 565
264.223 -107.628 565
194.94 -108.199 568
194.313 -108.39 569
193.343 -108.39 569
192.373 -108.39 569
191.403 -108.39 569
190.433 -108.39 569
189.463 -108.39 569
188.162 -108.199 568
187.523 -108.39 569
186.881 -108.58 570
185.909 -108.58 570
184.938 -108.58 570
183.966 -108.58 570
182.994 -108.58 570
181.703 -108.39 569
180.733 -108.39 569
179.447 -108.199 568
178.479 -108.199 568
177.511 -108.199 568
176.853 -108.39 569
176.501 -108.771 571
175.528 -108.771 571
174.554 -108.771 571
173.581 -108.771 571
172.305 -108.58 570
171.334 -108.58 570
170.362 -108.58 570
169.985 -108.961 572
169.305 -109.152 573
168.328 -109.152 573
167.351 -109.152 573
166.374 -109.152 573
165.398 -109.152 573
306.133 -104.171 542
305.209 -104.171 542
304.285 -104.171 542
303.361 -104.171 542
302.437 -104.171 542
302.07 -104.363 543
301.144 -104.363 543
301.877 -104.94 546
300.946 -104.94 546
300.015 -104.94 546
299.085 -104.94 546
298.7 -105.132 547
298.312 -105.324 548
297.377 -105.324 548
296.443 -105.324 548
294.97 -105.132 547
293.5 -104.94 546
292.569 -104.94 546
291.638 -104.94 546
289.642 -104.556 544
289.246 -104.748 545
288.846 -104.94 546
287.915 -104.94 546
287.51 -105.132 547
287.625 -105.517 549
287.211 -105.709 550
286.274 -105.709 550
285.855 -105.901 551
284.916 -105.901 551
283.976 -105.901 551
282.523 -105.709 550
281.074 -105.517 549
280.138 -105.517 549
279.202 -105.517 549
277.759 -105.324 548
276.825 -105.324 548
272.4 -108.015 562
271.442 -108.015 562
270.484 -108.015 562
270.485 -108.4 564
269.524 -108.4 564
268.562 -108.4 564
267.601 -108.4 564
266.639 -108.4 564
265.678 -108.4 564
264.716 -108.4 564
263.755 -108.4 564
262.328 -108.207 563
194.94 -109.168 568
194.313 -109.361 569
193.343 -109.361 569
192.373 -109.361 569
191.403 -109.361 569
190.433 -109.361 569
189.463 -109.361 569
188.162 -109.168 568
187.523 -109.361 569
186.881 -109.553 570
185.909 -109.553 570
184.938 -109.553 570
183.966 -109.553 570
182.994 -109.553 570
181.703 -109.361 569
180.733 -109.361 569
179.447 -109.168 568
178.479 -109.168 568
177.511 -109.168 568
177.164 -109.553 570
176.81 -109.937 572
175.835 -109.937 572
174.86 -109.937 572
173.581 -109.745 571
172.608 -109.745 571
171.634 -109.745 571
170.362 -109.553 570
169.985 -109.937 572
169.305 -110.129 573
168.328 -110.129 573
167.351 -110.129 573
166.374 -110.129 573
165.398 -110.129 573
306.133 -105.096 542
305.209 -105.096 542
304.285 -105.096 542
303.361 -105.096 542
302.437 -105.096 542
302.07 -105.29 543
301.144 -105.29 543
301.324 -105.678 545
300.395 -105.678 545
300.015 -105.871 546
299.085 -105.871 546
298.154 -105.871 546
297.767 -106.065 547
296.835 -106.065 547
295.902 -106.065 547
294.97 -106.065 547
293.5 -105.871 546
292.569 -105.871 546
291.638 -105.871 546
289.642 -105.484 544
289.246 -105.678 545
288.846 -105.871 546
287.915 -105.871 546
287.51 -106.065 547
287.625 -106.453 549
287.211 -106.647 550
286.274 -106.647 550
285.336 -106.647 550
284.399 -106.647 550
283.461 -106.647 550
282.523 -106.647 550
281.074 -106.453 549
280.138 -106.453 549
279.202 -106.453 549
277.759 -106.259 548
276.825 -106.259 548
276.523 -107.229 553
275.58 -107.229 553
274.637 -107.229 553
273.694 -107.229 553
272.752 -107.229 553
272.386 -108.586 560
272.4 -108.974 562
271.442 -108.974 562
270.484 -108.974 562
270.485 -109.362 564
269.524 -109.362 564
268.562 -109.362 564
267.601 -109.362 564
266.639 -109.362 564
265.678 -109.362 564
264.716 -109.362 564
263.755 -109.362 564
262.328 -109.168 563
260.904 -108.974 562
259.945 -108.974 562
258.987 -108.974 562
258.488 -109.168 563
257.986 -109.362 564
257.025 -109.362 564
256.063 -109.362 564
193.567 -109.362 564
193.972 -110.137 568
193.003 -110.137 568
192.373 -110.331 569
191.403 -110.331 569
190.433 -110.331 569
189.13 -110.137 568
188.162 -110.137 568
187.523 -110.331 569
186.881 -110.525 570
185.909 -110.525 570
184.938 -110.525 570
183.966 -110.525 570
182.994 -110.525 570
181.703 -110.331 569
180.733 -110.331 569
179.447 -110.137 568
178.479 -110.137 568
177.511 -110.137 568
177.164 -110.525 570
176.81 -110.913 572
175.835 -110.913 572
174.86 -110.913 572
173.581 -110.719 571
172.608 -110.719 571
171.634 -110.719 571
170.362 -110.525 570
169.985 -110.913 572
169.305 -111.107 573
168.328 -111.107 573
167.351 -111.107 573
166.374 -111.107 573
165.398 -111.107 573
305.568 -105.825 541
304.646 -105.825 541
303.724 -105.825 541
302.242 -105.629 540
301.321 -105.629 540
301.513 -106.021 542
300.589 -106.021 542
300.218 -106.216 543
299.293 -106.216 543
298.367 -106.216 543
297.441 -106.216 543
297.062 -106.412 544
296.134 -106.412 544
295.207 -106.412 544
294.279 -106.412 544
293.352 -106.412 544
292.425 -106.412 544
291.497 -106.412 544
290.57 -106.412 544
289.642 -106.412 544
289.246 -106.607 545
288.846 -106.803 546
287.915 -106.803 546
287.51 -106.999 547
287.101 -107.194 548
286.689 -107.39 549
285.753 -107.39 549
285.336 -107.585 550
284.399 -107.585 550
283.461 -107.585 550
282.01 -107.39 549
280.562 -107.194 548
279.628 -107.194 548
278.693 -107.194 548
277.759 -107.194 548
277.835 -107.585 550
277.905 -107.977 552
276.964 -107.977 552
276.523 -108.172 553
275.58 -108.172 553
274.637 -108.172 553
273.694 -108.172 553
272.752 -108.172 553
272.386 -109.542 560
272.4 -109.933 562
271.442 -109.933 562
270.484 -109.933 562
270.485 -110.324 564
269.524 -110.324 564
268.562 -110.324 564
267.601 -110.324 564
266.639 -110.324 564
265.678 -110.324 564
264.716 -110.324 564
263.755 -110.324 564
262.328 -110.128 563
260.904 -109.933 562
259.945 -109.933 562
258.987 -109.933 562
258.488 -110.128 563
257.986 -110.324 564
257.025 -110.324 564
256.063 -110.324 564
201.145 -109.737 561
200.188 -109.737 561
199.232 -109.737 561
198.276 -109.737 561
197.319 -109.737 561
197.063 -110.128 563
196.103 -110.128 563
195.143 -110.128 563
194.529 -110.324 564
193.567 -110.324 564
193.289 -110.715 566
192.324 -110.715 566
191.359 -110.715 566
191.067 -111.106 568
190.098 -111.106 568
189.13 -111.106 568
188.162 -111.106 568
187.523 -111.302 569
186.553 -111.302 569
185.583 -111.302 569
184.613 -111.302 569
183.643 -111.302 569
182.673 -111.302 569
181.703 -111.302 569
180.415 -111.106 568
179.447 -111.106 568
178.479 -111.106 568
177.511 -111.106 568
177.164 -111.498 570
176.81 -111.889 572
175.835 -111.889 572
174.86 -111.889 572
173.581 -111.693 571
172.608 -111.693 571
171.634 -111.693 571
170.362 -111.498 570
169.687 -111.693 571
169.009 -111.889 572
168.034 -111.889 572
167.351 -112.084 573
166.374 -112.084 573
165.398 -112.084 573
305.568 -106.748 541
304.646 -106.748 541
303.724 -106.748 541
302.242 -106.551 540
301.321 -106.551 540
301.513 -106.945 542
300.589 -106.945 542
300.218 -107.143 543
299.293 -107.143 543
298.367 -107.143 543
297.441 -107.143 543
296.516 -107.143 543
295.045 -106.945 542
294.121 -106.945 542
293.197 -106.945 542
292.813 -107.143 543
291.887 -107.143 543
290.961 -107.143 543
290.036 -107.143 543
289.642 -107.34 544
288.715 -107.34 544
288.317 -107.537 545
287.388 -107.537 545
286.984 -107.735 546
286.577 -107.932 547
286.167 -108.129 548
285.233 -108.129 548
284.299 -108.129 548
283.364 -108.129 548
282.43 -108.129 548
281.496 -108.129 548
280.562 -108.129 548
279.628 -108.129 548
278.693 -108.129 548
277.759 -108.129 548
277.835 -108.524 550
277.905 -108.918 552
276.964 -108.918 552
276.523 -109.116 553
275.58 -109.116 553
274.637 -109.116 553
273.694 -109.116 553
272.752 -109.116 553
273.775 -109.905 557
273.805 -110.3 559
272.852 -110.3 559
272.386 -110.497 560
271.431 -110.497 560
271.442 -110.892 562
270.484 -110.892 562
269.526 -110.892 562
269.046 -111.089 563
268.086 -111.089 563
267.126 -111.089 563
266.167 -111.089 563
265.207 -111.089 563
264.247 -111.089 563
263.287 -111.089 563
261.862 -110.892 562
260.904 -110.892 562
259.945 -110.892 562
258.987 -110.892 562
258.488 -111.089 563
257.986 -111.286 564
257.025 -111.286 564
256.063 -111.286 564
201.468 -109.313 554
201.248 -109.708 556
200.3 -109.708 556
201.145 -110.694 561
200.188 -110.694 561
199.232 -110.694 561
198.276 -110.694 561
197.319 -110.694 561
197.063 -111.089 563
196.452 -111.286 564
195.49 -111.286 564
194.529 -111.286 564
193.567 -111.286 564
192.947 -111.484 565
191.984 -111.484 565
191.359 -111.681 566
190.394 -111.681 566
189.764 -111.878 567
188.797 -111.878 567
187.831 -111.878 567
187.194 -112.076 568
186.553 -112.273 569
185.583 -112.273 569
184.613 -112.273 569
183.643 -112.273 569
182.673 -112.273 569
181.703 -112.273 569
180.415 -112.076 568
179.447 -112.076 568
178.479 -112.076 568
177.511 -112.076 568
176.853 -112.273 569
176.81 -112.865 572
175.835 -112.865 572
174.86 -112.865 572
173.581 -112.667 571
172.608 -112.667 571
171.634 -112.667 571
170.362 -112.47 570
169.39 -112.47 570
168.714 -112.667 571
167.741 -112.667 571
166.767 -112.667 571
165.794 -112.667 571
164.82 -112.667 571
163.273 -112.273 569
299.355 -105.482 530
299.015 -105.681 531
298.671 -105.88 532
297.764 -105.88 532
299.089 -106.676 536
299.288 -107.074 538
298.371 -107.074 538
298.56 -107.472 540
297.639 -107.472 540
297.268 -107.671 541
296.346 -107.671 541
295.969 -107.87 542
295.045 -107.87 542
294.121 -107.87 542
293.197 -107.87 542
292.813 -108.069 543
291.887 -108.069 543
290.961 -108.069 543
290.036 -108.069 543
289.642 -108.268 544
288.715 -108.268 544
288.317 -108.467 545
287.388 -108.467 545
286.984 -108.666 546
286.577 -108.865 547
286.167 -109.064 548
285.233 -109.064 548
284.299 -109.064 548
283.364 -109.064 548
282.43 -109.064 548
281.496 -109.064 548
280.562 -109.064 548
279.628 -109.064 548
278.693 -109.064 548
277.759 -109.064 548
277.835 -109.462 550
277.905 -109.86 552
276.964 -109.86 552
276.023 -109.86 552
275.58 -110.059 553
274.637 -110.059 553
273.694 -110.059 553
272.752 -110.059 553
273.775 -110.855 557
273.805 -111.253 559
272.852 -111.253 559
272.386 -111.452 560
271.431 -111.452 560
270.959 -111.651 561
270.003 -111.651 561
269.526 -111.85 562
268.568 -111.85 562
267.61 -111.85 562
266.652 -111.85 562
266.167 -112.049 563
265.207 -112.049 563
264.247 -112.049 563
262.82 -111.85 562
261.862 -111.85 562
260.904 -111.85 562
259.945 -111.85 562
258.987 -111.85 562
258.488 -112.049 563
257.986 -112.248 564
257.025 -112.248 564
256.063 -112.248 564
255.102 -112.248 564
254.14 -112.248 564
201.468 -110.258 554
201.248 -110.656 556
200.3 -110.656 556
201.145 -111.651 561
200.188 -111.651 561
199.232 -111.651 561
198.276 -111.651 561
197.319 -111.651 561
197.063 -112.049 563
196.452 -112.248 564
195.49 -112.248 564
194.529 -112.248 564
193.567 -112.248 564
192.947 -112.448 565
191.984 -112.448 565
191.359 -112.647 566
190.394 -112.647 566
189.764 -112.846 567
188.797 -112.846 567
187.831 -112.846 567
187.194 -113.045 568
186.553 -113.244 569
185.583 -113.244 569
184.613 -113.244 569
183.643 -113.244 569
182.673 -113.244 569
181.703 -113.244 569
180.415 -113.045 568
179.447 -113.045 568
178.479 -113.045 568
177.511 -113.045 568
176.542 -113.045 568
176.192 -113.443 570
175.22 -113.443 570
174.249 -113.443 570
173.277 -113.443 570
172.305 -113.443 570
171.033 -113.244 569
170.063 -113.244 569
169.39 -113.443 570
168.419 -113.443 570
167.447 -113.443 570
166.183 -113.244 569
165.213 -113.244 569
164.243 -113.244 569
163.273 -113.244 569
162.303 -113.244 569
161.617 -113.443 570
160.927 -113.642 571
159.953 -113.642 571
159.537 -114.04 573
158.56 -114.04 573
157.583 -114.04 573
156.606 -114.04 573
155.901 -114.239 574
154.923 -114.239 574
153.944 -114.239 574
152.965 -114.239 574
151.987 -114.239 574
298.79 -106.185 529
298.452 -106.386 530
298.11 -106.587 531
297.204 -106.587 531
296.857 -106.787 532
298.175 -107.59 536
297.262 -107.59 536
297.454 -107.992 538
297.088 -108.193 539
296.718 -108.393 540
295.798 -108.393 540
295.423 -108.594 541
295.045 -108.795 542
294.121 -108.795 542
293.197 -108.795 542
292.274 -108.795 542
291.35 -108.795 542
290.961 -108.995 543
290.036 -108.995 543
289.11 -108.995 543
288.715 -109.196 544
287.788 -109.196 544
286.86 -109.196 544
286.459 -109.397 545
286.053 -109.598 546
285.645 -109.798 547
284.712 -109.798 547
283.78 -109.798 547
282.847 -109.798 547
281.915 -109.798 547
280.982 -109.798 547
280.05 -109.798 547
279.628 -109.999 548
278.693 -109.999 548
277.759 -109.999 548
277.835 -110.401 550
277.905 -110.802 552
276.964 -110.802 552
276.023 -110.802 552
275.58 -111.003 553
274.637 -111.003 553
273.694 -111.003 553
272.752 -111.003 553
273.775 -111.806 557
273.805 -112.207 559
272.852 -112.207 559
272.386 -112.408 560
271.431 -112.408 560
270.959 -112.609 561
270.003 -112.609 561
269.526 -112.809 562
268.568 -112.809 562
267.61 -112.809 562
266.652 -112.809 562
266.167 -113.01 563
265.207 -113.01 563
264.247 -113.01 563
262.82 -112.809 562
261.862 -112.809 562
260.904 -112.809 562
259.945 -112.809 562
258.987 -112.809 562
258.488 -113.01 563
257.986 -113.211 564
257.025 -113.211 564
256.063 -113.211 564
255.102 -113.211 564
254.14 -113.211 564
252.73 -113.01 563
251.77 -113.01 563
203.357 -111.203 554
202.413 -111.203 554
201.468 -111.203 554
201.61 -111.806 557
200.66 -111.806 557
200.786 -112.408 560
200.188 -112.609 561
199.232 -112.609 561
198.276 -112.609 561
197.319 -112.609 561
197.063 -113.01 563
196.452 -113.211 564
195.49 -113.211 564
194.529 -113.211 564
193.567 -113.211 564
192.947 -113.411 565
191.984 -113.411 565
191.021 -113.411 565
190.394 -113.612 566
189.764 -113.813 567
188.797 -113.813 567
187.831 -113.813 567
186.864 -113.813 567
186.225 -114.014 568
185.257 -114.014 568
184.613 -114.214 569
183.643 -114.214 569
182.673 -114.214 569
181.703 -114.214 569
180.415 -114.014 568
179.447 -114.014 568
178.479 -114.014 568
177.511 -114.014 568
176.542 -114.014 568
176.192 -114.415 570
175.22 -114.415 570
174.249 -114.415 570
173.277 -114.415 570
172.305 -114.415 570
171.033 -114.214 569
170.063 -114.214 569
169.39 -114.415 570
168.419 -114.415 570
167.447 -114.415 570
166.183 -114.214 569
165.213 -114.214 569
164.243 -114.214 569
163.273 -114.214 569
162.303 -114.214 569
161.617 -114.415 570
160.927 -114.616 571
159.953 -114.616 571
159.537 -115.017 573
158.837 -115.218 574
157.858 -115.218 574
156.88 -115.218 574
155.901 -115.218 574
154.923 -115.218 574
154.212 -115.419 575
153.232 -115.419 575
152.252 -115.419 575
151.535 -115.619 576
150.553 -115.619 576
149.571 -115.619 576
298.79 -107.088 529
298.452 -107.29 530
297.548 -107.29 530
296.645 -107.29 530
296.299 -107.493 531
297.619 -108.302 535
296.707 -108.302 535
296.901 -108.707 537
296.537 -108.91 538
296.169 -109.112 539
295.25 -109.112 539
294.877 -109.315 540
294.501 -109.517 541
293.579 -109.517 541
292.657 -109.517 541
291.734 -109.517 541
290.812 -109.517 541
290.426 -109.719 542
289.502 -109.719 542
288.578 -109.719 542
288.184 -109.922 543
287.788 -110.124 544
286.86 -110.124 544
285.933 -110.124 544
285.529 -110.327 545
285.123 -110.529 546
284.192 -110.529 546
283.261 -110.529 546
282.33 -110.529 546
281.399 -110.529 546
280.469 -110.529 546
279.538 -110.529 546
278.607 -110.529 546
277.676 -110.529 546
276.745 -110.529 546
276.825 -110.934 548
276.898 -111.339 550
275.96 -111.339 550
276.023 -111.744 552
275.082 -111.744 552
274.141 -111.744 552
273.199 -111.744 552
272.752 -111.946 553
272.792 -112.351 555
273.315 -112.958 558
272.364 -112.958 558
271.899 -113.161 559
270.946 -113.161 559
270.476 -113.363 560
269.522 -113.363 560
269.526 -113.768 562
268.568 -113.768 562
267.61 -113.768 562
266.652 -113.768 562
265.694 -113.768 562
264.736 -113.768 562
263.778 -113.768 562
262.82 -113.768 562
261.862 -113.768 562
260.904 -113.768 562
259.945 -113.768 562
258.987 -113.768 562
258.488 -113.971 563
257.986 -114.173 564
257.025 -114.173 564
256.063 -114.173 564
255.102 -114.173 564
254.14 -114.173 564
252.73 -113.971 563
251.77 -113.971 563
207.704 -111.946 553
206.761 -111.946 553
205.818 -111.946 553
204.875 -111.946 553
204.301 -112.149 554
203.357 -112.149 554
202.413 -112.149 554
201.468 -112.149 554
201.61 -112.756 557
200.66 -112.756 557
200.786 -113.363 560
199.832 -113.363 560
199.232 -113.566 561
198.276 -113.566 561
197.319 -113.566 561
197.063 -113.971 563
196.103 -113.971 563
195.143 -113.971 563
194.529 -114.173 564
193.567 -114.173 564
192.606 -114.173 564
191.644 -114.173 564
191.021 -114.375 565
190.394 -114.578 566
189.429 -114.578 566
188.464 -114.578 566
187.831 -114.78 567
186.864 -114.78 567
186.225 -114.983 568
185.257 -114.983 568
184.613 -115.185 569
183.643 -115.185 569
182.673 -115.185 569
181.703 -115.185 569
180.415 -114.983 568
179.447 -114.983 568
178.479 -114.983 568
177.511 -114.983 568
176.542 -114.983 568
175.883 -115.185 569
174.913 -115.185 569
173.943 -115.185 569
172.973 -115.185 569
171.701 -114.983 568
170.732 -114.983 568
170.063 -115.185 569
169.093 -115.185 569
168.123 -115.185 569
167.153 -115.185 569
166.183 -115.185 569
164.923 -114.983 568
163.954 -114.983 568
162.986 -114.983 568
162.303 -115.185 569
161.617 -115.388 570
160.927 -115.59 571
159.953 -115.59 571
159.537 -115.995 573
158.837 -116.197 574
157.858 -116.197 574
156.88 -116.197 574
155.901 -116.197 574
154.923 -116.197 574
154.212 -116.4 575
153.232 -116.4 575
152.252 -116.4 575
151.535 -116.602 576
151.075 -117.007 578
150.09 -117.007 578
150.137 -117.817 582
149.144 -117.817 582
148.152 -117.817 582
147.16 -117.817 582
298.79 -107.99 529
298.452 -108.194 530
297.548 -108.194 530
296.645 -108.194 530
296.299 -108.399 531
297.619 -109.215 535
296.707 -109.215 535
296.901 -109.623 537
296.537 -109.828 538
296.169 -110.032 539
295.25 -110.032 539
294.877 -110.236 540
293.957 -110.236 540
293.579 -110.44 541
292.657 -110.44 541
291.734 -110.44 541
290.812 -110.44 541
289.89 -110.44 541
288.967 -110.44 541
288.045 -110.44 541
287.654 -110.644 542
286.73 -110.644 542
285.806 -110.644 542
285.407 -110.848 543
285.006 -111.052 544
284.6 -111.257 545
283.671 -111.257 545
282.742 -111.257 545
281.813 -111.257 545
280.884 -111.257 545
279.955 -111.257 545
279.026 -111.257 545
278.607 -111.461 546
277.676 -111.461 546
276.745 -111.461 546
276.32 -111.665 547
275.891 -111.869 548
274.957 -111.869 548
275.022 -112.277 550
274.085 -112.277 550
273.644 -112.481 551
272.705 -112.481 551
272.258 -112.686 552
271.809 -112.89 553
271.846 -113.298 555
270.9 -113.298 555
270.44 -113.502 556
269.977 -113.706 557
269.51 -113.91 558
268.559 -113.91 558
268.087 -114.115 559
268.568 -114.727 562
267.61 -114.727 562
266.652 -114.727 562
265.694 -114.727 562
264.736 -114.727 562
263.778 -114.727 562
262.82 -114.727 562
261.862 -114.727 562
260.904 -114.727 562
259.945 -114.727 562
258.987 -114.727 562
258.488 -114.931 563
257.529 -114.931 563
256.569 -114.931 563
255.609 -114.931 563
254.649 -114.931 563
253.69 -114.931 563
252.73 -114.931 563
251.77 -114.931 563
209.024 -113.094 554
208.079 -113.094 554
207.135 -113.094 554
206.19 -113.094 554
204.875 -112.89 553
204.301 -113.094 554
203.357 -113.094 554
202.413 -113.094 554
201.468 -113.094 554
201.61 -113.706 557
200.66 -113.706 557
200.786 -114.319 560
199.832 -114.319 560
198.877 -114.319 560
197.922 -114.319 560
197.319 -114.523 561
196.363 -114.523 561
196.103 -114.931 563
195.143 -114.931 563
194.184 -114.931 563
193.224 -114.931 563
192.606 -115.135 564
191.644 -115.135 564
190.683 -115.135 564
190.058 -115.339 565
189.429 -115.543 566
188.464 -115.543 566
187.499 -115.543 566
186.864 -115.748 567
186.225 -115.952 568
185.257 -115.952 568
184.289 -115.952 568
183.643 -116.156 569
182.673 -116.156 569
181.703 -116.156 569
180.415 -115.952 568
179.447 -115.952 568
178.479 -115.952 568
177.511 -115.952 568
176.542 -115.952 568
175.574 -115.952 568
174.606 -115.952 568
173.637 -115.952 568
172.669 -115.952 568
171.701 -115.952 568
170.732 -115.952 568
170.063 -116.156 569
169.093 -116.156 569
168.123 -116.156 569
167.153 -116.156 569
165.891 -115.952 568
164.923 -115.952 568
163.954 -115.952 568
162.986 -115.952 568
162.303 -116.156 569
161.617 -116.36 570
160.927 -116.564 571
159.953 -116.564 571
159.537 -116.972 573
158.837 -117.177 574
158.133 -117.381 575
157.153 -117.381 575
156.444 -117.585 576
155.462 -117.585 576
154.48 -117.585 576
153.498 -117.585 576
152.517 -117.585 576
151.798 -117.789 577
151.075 -117.993 578
150.09 -117.993 578
150.137 -118.81 582
149.144 -118.81 582
148.152 -118.81 582
147.16 -118.81 582
298.79 -108.893 529
298.452 -109.099 530
297.548 -109.099 530
296.645 -109.099 530
295.741 -109.099 530
296.507 -109.716 533
296.707 -110.128 535
295.795 -110.128 535
295.985 -110.54 537
295.619 -110.745 538
294.702 -110.745 538
294.331 -110.951 539
293.957 -111.157 540
293.579 -111.363 541
292.657 -111.363 541
291.734 -111.363 541
290.812 -111.363 541
289.89 -111.363 541
288.967 -111.363 541
288.045 -111.363 541
287.654 -111.569 542
286.73 -111.569 542
285.806 -111.569 542
285.407 -111.775 543
285.006 -111.981 544
284.6 -112.186 545
283.671 -112.186 545
282.742 -112.186 545
281.813 -112.186 545
280.884 -112.186 545
279.955 -112.186 545
279.026 -112.186 545
278.607 -112.392 546
277.676 -112.392 546
276.745 -112.392 546
276.32 -112.598 547
275.891 -112.804 548
274.957 -112.804 548
275.022 -113.216 550
274.085 -113.216 550
273.147 -113.216 550
272.21 -113.216 550
271.765 -113.421 551
270.826 -113.421 551
270.866 -113.833 553
269.923 -113.833 553
268.981 -113.833 553
268.523 -114.039 554
268.061 -114.245 555
267.115 -114.245 555
266.649 -114.451 556
267.134 -115.068 559
266.181 -115.068 559
265.229 -115.068 559
264.276 -115.068 559
263.323 -115.068 559
262.37 -115.068 559
261.417 -115.068 559
260.464 -115.068 559
260.439 -115.48 561
259.483 -115.48 561
258.987 -115.686 562
258.029 -115.686 562
257.529 -115.892 563
256.569 -115.892 563
255.609 -115.892 563
254.649 -115.892 563
253.69 -115.892 563
252.73 -115.892 563
251.77 -115.892 563
209.024 -114.039 554
208.079 -114.039 554
207.135 -114.039 554
206.19 -114.039 554
204.875 -113.833 553
204.301 -114.039 554
203.357 -114.039 554
202.413 -114.039 554
201.468 -114.039 554
201.248 -114.451 556
200.3 -114.451 556
200.069 -114.862 558
199.475 -115.068 559
198.877 -115.274 560
197.922 -115.274 560
197.319 -115.48 561
196.363 -115.48 561
196.103 -115.892 563
195.143 -115.892 563
194.184 -115.892 563
193.224 -115.892 563
192.606 -116.097 564
191.644 -116.097 564
190.683 -116.097 564
190.058 -116.303 565
189.429 -116.509 566
188.464 -116.509 566
187.499 -116.509 566
186.864 -116.715 567
186.225 -116.921 568
185.257 -116.921 568
184.289 -116.921 568
183.643 -117.127 569
182.673 -117.127 569
181.703 -117.127 569
180.415 -116.921 568
179.447 -116.921 568
178.479 -116.921 568
177.511 -116.921 568
176.542 -116.921 568
175.574 -116.921 568
174.606 -116.921 568
173.637 -116.921 568
172.669 -116.921 568
171.701 -116.921 568
170.732 -116.921 568
169.764 -116.921 568
168.796 -116.921 568
167.828 -116.921 568
166.859 -116.921 568
165.891 -116.921 568
164.923 -116.921 568
163.954 -116.921 568
162.699 -116.715 567
162.303 -117.127 569
161.617 -117.333 570
161.209 -117.744 572
160.233 -117.744 572
159.815 -118.156 574
159.113 -118.362 575
158.408 -118.568 576
157.426 -118.568 576
156.444 -118.568 576
155.462 -118.568 576
154.48 -118.568 576
153.498 -118.568 576
152.781 -118.773 577
152.061 -118.979 578
151.075 -118.979 578
150.09 -118.979 578
150.137 -119.803 582
149.144 -119.803 582
148.152 -119.803 582
147.16 -119.803 582
145.666 -119.391 580
144.677 -119.391 580
143.688 -119.391 580
298.79 -109.795 529
297.889 -109.795 529
297.548 -110.003 530
296.645 -110.003 530
295.741 -110.003 530
295.394 -110.21 531
295.598 -110.626 533
294.689 -110.626 533
293.781 -110.626 533
293.971 -111.041 535
293.059 -111.041 535
293.785 -111.663 538
293.412 -111.871 539
293.036 -112.078 540
292.116 -112.078 540
291.195 -112.078 540
290.274 -112.078 540
289.354 -112.078 540
288.433 -112.078 540
288.045 -112.286 541
287.123 -112.286 541
286.73 -112.494 542
285.806 -112.494 542
284.882 -112.494 542
284.482 -112.701 543
284.078 -112.909 544
283.151 -112.909 544
282.223 -112.909 544
281.296 -112.909 544
280.369 -112.909 544
279.441 -112.909 544
279.026 -113.116 545
278.097 -113.116 545
277.676 -113.324 546
276.745 -113.324 546
275.815 -113.324 546
275.387 -113.531 547
274.455 -113.531 547
274.522 -113.946 549
273.587 -113.946 549
273.147 -114.154 550
272.21 -114.154 550
271.765 -114.362 551
270.826 -114.362 551
270.866 -114.777 553
269.923 -114.777 553
268.981 -114.777 553
268.523 -114.984 554
268.061 -115.192 555
267.115 -115.192 555
266.649 -115.399 556
267.134 -116.022 559
266.181 -116.022 559
265.229 -116.022 559
264.276 -116.022 559
263.323 -116.022 559
262.37 -116.022 559
261.417 -116.022 559
260.464 -116.022 559
260.439 -116.437 561
259.483 -116.437 561
258.987 -116.645 562
258.029 -116.645 562
257.529 -116.852 563
256.569 -116.852 563
255.609 -116.852 563
254.649 -116.852 563
253.69 -116.852 563
252.73 -116.852 563
209.024 -114.984 554
208.079 -114.984 554
207.135 -114.984 554
206.19 -114.984 554
204.875 -114.777 553
204.301 -114.984 554
203.357 -114.984 554
202.413 -114.984 554
201.468 -114.984 554
201.248 -115.399 556
200.3 -115.399 556
199.711 -115.607 557
199.118 -115.814 558
198.167 -115.814 558
197.215 -115.814 558
196.968 -116.229 560
196.363 -116.437 561
195.407 -116.437 561
194.45 -116.437 561
193.839 -116.645 562
193.224 -116.852 563
192.264 -116.852 563
191.304 -116.852 563
190.345 -116.852 563
189.721 -117.06 564
189.094 -117.267 565
188.131 -117.267 565
187.168 -117.267 565
186.534 -117.475 566
185.897 -117.682 567
184.931 -117.682 567
184.289 -117.89 568
183.32 -117.89 568
182.352 -117.89 568
181.384 -117.89 568
180.415 -117.89 568
179.447 -117.89 568
178.479 -117.89 568
177.511 -117.89 568
176.542 -117.89 568
175.574 -117.89 568
174.606 -117.89 568
173.637 -117.89 568
172.669 -117.89 568
171.701 -117.89 568
170.732 -117.89 568
169.764 -117.89 568
168.796 -117.89 568
167.828 -117.89 568
166.859 -117.89 568
165.891 -117.89 568
164.923 -117.89 568
163.954 -117.89 568
162.699 -117.682 567
162.303 -118.097 569
161.617 -118.305 570
161.209 -118.72 572
160.233 -118.72 572
159.815 -119.135 574
159.113 -119.343 575
158.408 -119.55 576
157.426 -119.55 576
156.444 -119.55 576
155.462 -119.55 576
154.48 -119.55 576
153.498 -119.55 576
152.781 -119.758 577
152.061 -119.965 578
151.075 -119.965 578
150.09 -119.965 578
150.137 -120.796 582
149.144 -120.796 582
148.152 -120.796 582
147.16 -120.796 582
145.666 -120.381 580
144.677 -120.381 580
143.688 -120.381 580
142.699 -120.381 580
141.711 -120.381 580
140.964 -120.588 581
139.974 -120.588 581
138.984 -120.588 581
137.993 -120.588 581
137.003 -120.588 581
298.79 -110.698 529
297.889 -110.698 529
296.987 -110.698 529
296.085 -110.698 529
295.741 -110.907 530
295.394 -111.116 531
295.043 -111.326 532
294.136 -111.326 532
293.229 -111.326 532
292.872 -111.535 533
291.963 -111.535 533
292.147 -111.953 535
292.868 -112.581 538
292.493 -112.79 539
291.575 -112.79 539
290.656 -112.79 539
289.737 -112.79 539
289.354 -113 540
288.433 -113 540
287.513 -113 540
287.123 -113.209 541
286.201 -113.209 541
285.278 -113.209 541
284.882 -113.418 542
283.958 -113.418 542
283.556 -113.628 543
282.63 -113.628 543
282.223 -113.837 544
281.296 -113.837 544
280.369 -113.837 544
279.441 -113.837 544
279.026 -114.046 545
278.097 -114.046 545
277.168 -114.046 545
276.239 -114.046 545
275.815 -114.255 546
275.387 -114.465 547
274.455 -114.465 547
274.022 -114.674 548
273.587 -114.883 549
272.651 -114.883 549
271.715 -114.883 549
271.272 -115.092 550
270.826 -115.302 551
269.887 -115.302 551
268.947 -115.302 551
268.494 -115.511 552
268.038 -115.72 553
267.095 -115.72 553
266.153 -115.72 553
265.689 -115.929 554
265.701 -116.348 556
264.753 -116.348 556
263.805 -116.348 556
263.33 -116.557 557
262.38 -116.557 557
261.431 -116.557 557
260.481 -116.557 557
259.998 -116.766 558
259.511 -116.976 559
258.558 -116.976 559
258.066 -117.185 560
257.57 -117.394 561
256.614 -117.394 561
255.657 -117.394 561
254.701 -117.394 561
254.649 -117.813 563
253.69 -117.813 563
252.73 -117.813 563
209.024 -115.929 554
208.079 -115.929 554
207.135 -115.929 554
205.818 -115.72 553
204.875 -115.72 553
204.301 -115.929 554
203.357 -115.929 554
202.413 -115.929 554
201.468 -115.929 554
200.886 -116.139 555
199.94 -116.139 555
199.352 -116.348 556
198.761 -116.557 557
198.167 -116.766 558
197.215 -116.766 558
196.264 -116.766 558
196.013 -117.185 560
195.407 -117.394 561
194.45 -117.394 561
193.494 -117.394 561
192.881 -117.603 562
191.923 -117.603 562
190.965 -117.603 562
190.006 -117.603 562
189.385 -117.813 563
188.76 -118.022 564
187.798 -118.022 564
186.837 -118.022 564
186.205 -118.231 565
185.57 -118.44 566
184.605 -118.44 566
183.964 -118.65 567
182.998 -118.65 567
182.352 -118.859 568
181.384 -118.859 568
180.415 -118.859 568
179.447 -118.859 568
178.479 -118.859 568
177.198 -118.65 567
176.542 -118.859 568
175.574 -118.859 568
174.606 -118.859 568
173.637 -118.859 568
172.365 -118.65 567
171.398 -118.65 567
170.432 -118.65 567
169.764 -118.859 568
168.796 -118.859 568
167.828 -118.859 568
166.859 -118.859 568
165.891 -118.859 568
164.632 -118.65 567
163.666 -118.65 567
162.412 -118.44 566
162.018 -118.859 568
161.617 -119.277 570
161.209 -119.696 572
160.233 -119.696 572
159.815 -120.115 574
159.113 -120.324 575
158.408 -120.533 576
157.426 -120.533 576
156.444 -120.533 576
155.462 -120.533 576
154.48 -120.533 576
153.498 -120.533 576
152.781 -120.742 577
152.061 -120.952 578
151.075 -120.952 578
150.09 -120.952 578
150.137 -121.789 582
149.144 -121.789 582
148.152 -121.789 582
147.16 -121.789 582
145.666 -121.37 580
144.677 -121.37 580
143.688 -121.37 580
142.699 -121.37 580
141.711 -121.37 580
140.964 -121.579 581
139.974 -121.579 581
138.984 -121.579 581
137.993 -121.579 581
137.003 -121.579 581
298.79 -111.6 529
297.889 -111.6 529
296.987 -111.6 529
296.085 -111.6 529
295.741 -111.811 530
295.394 -112.022 531
295.043 -112.233 532
294.136 -112.233 532
293.229 -112.233 532
292.872 -112.444 533
291.963 -112.444 533
292.147 -112.866 535
292.868 -113.499 538
291.951 -113.499 538
291.034 -113.499 538
290.117 -113.499 538
289.199 -113.499 538
288.818 -113.71 539
287.899 -113.71 539
286.98 -113.71 539
286.592 -113.921 540
286.201 -114.132 541
285.278 -114.132 541
284.356 -114.132 541
283.434 -114.132 541
283.034 -114.343 542
282.11 -114.343 542
281.705 -114.554 543
280.779 -114.554 543
279.853 -114.554 543
278.928 -114.554 543
278.514 -114.765 544
277.586 -114.765 544
276.659 -114.765 544
275.732 -114.765 544
274.804 -114.765 544
274.38 -114.976 545
273.451 -114.976 545
273.522 -115.398 547
273.088 -115.609 548
272.651 -115.82 549
271.715 -115.82 549
270.779 -115.82 549
270.334 -116.031 550
269.887 -116.242 551
268.947 -116.242 551
268.008 -116.242 551
267.553 -116.453 552
267.095 -116.664 553
266.153 -116.664 553
265.21 -116.664 553
264.745 -116.875 554
264.753 -117.296 556
263.805 -117.296 556
262.857 -117.296 556
262.38 -117.507 557
261.431 -117.507 557
260.481 -117.507 557
259.532 -117.507 557
259.047 -117.718 558
258.095 -117.718 558
258.066 -118.14 560
257.111 -118.14 560
256.614 -118.351 561
255.657 -118.351 561
254.701 -118.351 561
253.745 -118.351 561
252.788 -118.351 561
209.024 -116.875 554
208.079 -116.875 554
207.135 -116.875 554
205.818 -116.664 553
204.875 -116.664 553
204.301 -116.875 554
203.357 -116.875 554
202.413 -116.875 554
201.468 -116.875 554
200.886 -117.085 555
199.94 -117.085 555
199.352 -117.296 556
198.761 -117.507 557
198.167 -117.718 558
197.215 -117.718 558
196.264 -117.718 558
196.013 -118.14 560
195.407 -118.351 561
194.45 -118.351 561
193.839 -118.562 562
192.881 -118.562 562
191.923 -118.562 562
190.965 -118.562 562
190.345 -118.773 563
189.385 -118.773 563
188.76 -118.984 564
187.798 -118.984 564
186.837 -118.984 564
186.205 -119.195 565
185.242 -119.195 565
184.278 -119.195 565
183.64 -119.406 566
182.998 -119.617 567
182.031 -119.617 567
181.064 -119.617 567
180.415 -119.828 568
179.447 -119.828 568
178.479 -119.828 568
177.198 -119.617 567
176.231 -119.617 567
175.265 -119.617 567
174.298 -119.617 567
173.332 -119.617 567
172.061 -119.406 566
171.096 -119.406 566
170.131 -119.406 566
169.465 -119.617 567
168.796 -119.828 568
167.828 -119.828 568
166.859 -119.828 568
165.307 -119.406 566
164.342 -119.406 566
163.377 -119.406 566
162.125 -119.195 565
162.018 -119.828 568
161.333 -120.039 569
161.209 -120.672 572
160.233 -120.672 572
159.815 -121.094 574
159.113 -121.305 575
158.133 -121.305 575
157.153 -121.305 575
156.444 -121.516 576
155.462 -121.516 576
154.48 -121.516 576
153.498 -121.516 576
152.781 -121.727 577
151.798 -121.727 577
151.075 -121.938 578
150.09 -121.938 578
149.621 -122.36 580
148.632 -122.36 580
147.643 -122.36 580
146.654 -122.36 580
145.666 -122.36 580
144.677 -122.36 580
143.688 -122.36 580
142.699 -122.36 580
141.711 -122.36 580
140.964 -122.571 581
139.974 -122.571 581
138.984 -122.571 581
137.993 -122.571 581
137.003 -122.571 581
298.79 -112.503 529
297.889 -112.503 529
296.987 -112.503 529
296.085 -112.503 529
295.183 -112.503 529
294.838 -112.716 530
294.489 -112.928 531
293.584 -112.928 531
293.229 -113.141 532
292.323 -113.141 532
291.963 -113.354 533
291.055 -113.354 533
291.235 -113.779 535
291.951 -114.417 538
291.034 -114.417 538
290.117 -114.417 538
289.199 -114.417 538
288.818 -114.63 539
287.899 -114.63 539
286.98 -114.63 539
286.592 -114.842 540
286.201 -115.055 541
285.278 -115.055 541
284.356 -115.055 541
283.434 -115.055 541
283.034 -115.268 542
282.11 -115.268 542
281.705 -115.48 543
280.779 -115.48 543
279.853 -115.48 543
278.928 -115.48 543
278.514 -115.693 544
277.586 -115.693 544
276.659 -115.693 544
275.732 -115.693 544
274.804 -115.693 544
274.38 -115.906 545
273.451 -115.906 545
273.522 -116.331 547
273.088 -116.544 548
272.154 -116.544 548
271.22 -116.544 548
270.779 -116.756 549
269.843 -116.756 549
269.397 -116.969 550
268.459 -116.969 550
268.008 -117.182 551
267.069 -117.182 551
266.612 -117.394 552
265.671 -117.394 552
265.21 -117.607 553
264.745 -117.82 554
263.801 -117.82 554
262.856 -117.82 554
262.857 -118.245 556
261.909 -118.245 556
261.431 -118.458 557
260.481 -118.458 557
259.532 -118.458 557
259.047 -118.67 558
258.095 -118.67 558
258.066 -119.096 560
257.111 -119.096 560
256.156 -119.096 560
255.202 -119.096 560
254.701 -119.308 561
253.745 -119.308 561
252.788 -119.308 561
208.646 -117.607 553
207.704 -117.607 553
206.761 -117.607 553
205.446 -117.394 552
204.505 -117.394 552
203.933 -117.607 553
203.357 -117.82 554
202.413 -117.82 554
201.468 -117.82 554
200.524 -117.82 554
199.579 -117.82 554
199.352 -118.245 556
198.404 -118.245 556
197.811 -118.458 557
196.862 -118.458 557
196.264 -118.67 558
196.013 -119.096 560
195.407 -119.308 561
194.45 -119.308 561
193.839 -119.521 562
192.881 -119.521 562
191.923 -119.521 562
190.965 -119.521 562
190.345 -119.734 563
189.385 -119.734 563
188.76 -119.946 564
187.798 -119.946 564
186.837 -119.946 564
186.205 -120.159 565
185.242 -120.159 565
184.278 -120.159 565
183.64 -120.372 566
182.998 -120.584 567
182.031 -120.584 567
181.064 -120.584 567
180.415 -120.797 568
179.447 -120.797 568
178.479 -120.797 568
177.198 -120.584 567
176.231 -120.584 567
175.265 -120.584 567
174.298 -120.584 567
173.332 -120.584 567
171.757 -120.159 565
170.794 -120.159 565
169.831 -120.159 565
169.166 -120.372 566
168.202 -120.372 566
167.237 -120.372 566
166.272 -120.372 566
164.723 -119.946 564
163.761 -119.946 564
162.8 -119.946 564
161.838 -119.946 564
161.162 -120.159 565
161.05 -120.797 568
161.209 -121.648 572
160.233 -121.648 572
159.537 -121.86 573
159.113 -122.286 575
158.133 -122.286 575
157.153 -122.286 575
156.173 -122.286 575
155.192 -122.286 575
154.48 -122.498 576
153.498 -122.498 576
152.517 -122.498 576
151.798 -122.711 577
151.075 -122.924 578
150.09 -122.924 578
149.621 -123.349 580
148.632 -123.349 580
147.643 -123.349 580
146.654 -123.349 580
145.666 -123.349 580
144.677 -123.349 580
143.688 -123.349 580
142.699 -123.349 580
141.711 -123.349 580
140.964 -123.562 581
139.974 -123.562 581
138.984 -123.562 581
137.993 -123.562 581
137.003 -123.562 581
298.226 -113.191 528
297.326 -113.191 528
296.987 -113.405 529
296.085 -113.405 529
295.183 -113.405 529
294.281 -113.405 529
293.934 -113.62 530
293.031 -113.62 530
292.127 -113.62 530
291.773 -113.834 531
291.416 -114.049 532
290.509 -114.049 532
290.146 -114.263 533
290.323 -114.692 535
289.411 -114.692 535
289.038 -114.906 536
288.124 -114.906 536
287.746 -115.12 537
286.831 -115.12 537
286.448 -115.335 538
286.061 -115.549 539
285.672 -115.764 540
284.751 -115.764 540
283.831 -115.764 540
283.434 -115.978 541
282.512 -115.978 541
281.589 -115.978 541
281.186 -116.192 542
280.779 -116.407 543
279.853 -116.407 543
278.928 -116.407 543
278.002 -116.407 543
277.076 -116.407 543
276.151 -116.407 543
275.225 -116.407 543
274.299 -116.407 543
273.877 -116.621 544
272.95 -116.621 544
272.022 -116.621 544
272.092 -117.05 546
272.154 -117.479 548
271.22 -117.479 548
270.779 -117.693 549
269.843 -117.693 549
269.397 -117.907 550
268.459 -117.907 550
268.008 -118.122 551
267.069 -118.122 551
266.612 -118.336 552
265.671 -118.336 552
265.21 -118.551 553
264.745 -118.765 554
263.801 -118.765 554
262.856 -118.765 554
262.857 -119.194 556
261.909 -119.194 556
261.431 -119.408 557
260.481 -119.408 557
259.532 -119.408 557
259.047 -119.622 558
258.095 -119.622 558
258.066 -120.051 560
257.111 -120.051 560
256.156 -120.051 560
255.202 -120.051 560
254.701 -120.266 561
253.745 -120.266 561
252.788 -120.266 561
207.328 -118.336 552
206.387 -118.336 552
205.446 -118.336 552
204.875 -118.551 553
203.933 -118.551 553
202.99 -118.551 553
202.047 -118.551 553
201.105 -118.551 553
200.524 -118.765 554
199.579 -118.765 554
198.993 -118.979 555
198.404 -119.194 556
197.811 -119.408 557
196.862 -119.408 557
196.264 -119.622 558
196.013 -120.051 560
195.407 -120.266 561
194.45 -120.266 561
193.839 -120.48 562
192.881 -120.48 562
191.923 -120.48 562
190.965 -120.48 562
190.345 -120.694 563
189.385 -120.694 563
188.76 -120.909 564
187.798 -120.909 564
186.837 -120.909 564
186.205 -121.123 565
185.242 -121.123 565
184.278 -121.123 565
183.64 -121.337 566
182.675 -121.337 566
181.71 -121.337 566
181.064 -121.552 567
180.098 -121.552 567
179.131 -121.552 567
178.165 -121.552 567
177.198 -121.552 567
175.921 -121.337 566
174.956 -121.337 566
173.991 -121.337 566
173.026 -121.337 566
171.757 -121.123 565
170.794 -121.123 565
169.831 -121.123 565
169.166 -121.337 566
168.202 -121.337 566
167.237 -121.337 566
166.272 -121.337 566
164.723 -120.909 564
163.761 -120.909 564
162.8 -120.909 564
161.838 -120.909 564
161.162 -121.123 565
161.05 -121.766 568
161.209 -122.624 572
160.233 -122.624 572
159.537 -122.838 573
159.113 -123.267 575
158.133 -123.267 575
157.153 -123.267 575
156.173 -123.267 575
155.192 -123.267 575
154.48 -123.481 576
153.498 -123.481 576
152.517 -123.481 576
151.798 -123.696 577
151.075 -123.91 578
150.09 -123.91 578
149.363 -124.124 579
148.632 -124.339 580
147.643 -124.339 580
146.654 -124.339 580
145.415 -124.124 579
144.677 -124.339 580
143.688 -124.339 580
142.699 -124.339 580
141.711 -124.339 580
140.722 -124.339 580
139.733 -124.339 580
138.744 -124.339 580
137.756 -124.339 580
136.767 -124.339 580
297.661 -113.876 527
296.762 -113.876 527
295.864 -113.876 527
294.966 -113.876 527
294.625 -114.092 528
294.281 -114.308 529
293.38 -114.308 529
292.478 -114.308 529
292.127 -114.524 530
291.224 -114.524 530
290.868 -114.74 531
289.963 -114.74 531
289.602 -114.956 532
289.238 -115.172 533
288.329 -115.172 533
287.96 -115.388 534
287.587 -115.604 535
287.211 -115.821 536
286.297 -115.821 536
285.915 -116.037 537
285.531 -116.253 538
285.143 -116.469 539
284.224 -116.469 539
283.305 -116.469 539
282.91 -116.685 540
281.989 -116.685 540
281.069 -116.685 540
280.667 -116.901 541
280.262 -117.117 542
279.338 -117.117 542
278.414 -117.117 542
277.49 -117.117 542
276.566 -117.117 542
275.642 -117.117 542
274.718 -117.117 542
273.794 -117.117 542
273.374 -117.333 543
272.448 -117.333 543
271.522 -117.333 543
271.095 -117.549 544
271.161 -117.981 546
270.23 -117.981 546
269.792 -118.198 547
269.351 -118.414 548
268.907 -118.63 549
267.971 -118.63 549
267.035 -118.63 549
267.069 -119.062 551
266.129 -119.062 551
265.19 -119.062 551
264.73 -119.278 552
264.267 -119.494 553
263.801 -119.71 554
262.856 -119.71 554
261.912 -119.71 554
261.438 -119.926 555
260.492 -119.926 555
259.546 -119.926 555
259.066 -120.142 556
258.582 -120.358 557
257.633 -120.358 557
257.605 -120.79 559
257.111 -121.007 560
256.156 -121.007 560
255.202 -121.007 560
254.247 -121.007 560
253.292 -121.007 560
252.338 -121.007 560
247.931 -121.655 563
246.971 -121.655 563
246.011 -121.655 563
245.052 -121.655 563
244.092 -121.655 563
243.132 -121.655 563
242.172 -121.655 563
206.952 -119.062 551
206.387 -119.278 552
205.446 -119.278 552
204.875 -119.494 553
203.933 -119.494 553
202.99 -119.494 553
202.047 -119.494 553
201.105 -119.494 553
200.524 -119.71 554
199.579 -119.71 554
198.993 -119.926 555
198.404 -120.142 556
197.811 -120.358 557
196.862 -120.358 557
196.264 -120.574 558
196.013 -121.007 560
195.407 -121.223 561
194.45 -121.223 561
193.839 -121.439 562
192.881 -121.439 562
191.923 -121.439 562
190.965 -121.439 562
190.345 -121.655 563
189.385 -121.655 563
188.76 -121.871 564
187.798 -121.871 564
186.837 -121.871 564
186.205 -122.087 565
185.242 -122.087 565
184.278 -122.087 565
183.64 -122.303 566
182.675 -122.303 566
181.71 -122.303 566
181.064 -122.519 567
180.098 -122.519 567
179.131 -122.519 567
178.165 -122.519 567
177.198 -122.519 567
175.921 -122.303 566
174.956 -122.303 566
173.991 -122.303 566
173.026 -122.303 566
171.757 -122.087 565
170.492 -121.871 564
169.53 -121.871 564
168.569 -121.871 564
167.607 -121.871 564
166.646 -121.871 564
165.684 -121.871 564
164.431 -121.655 563
163.181 -121.439 562
162.8 -121.871 564
161.838 -121.871 564
161.162 -122.087 565
160.766 -122.519 567
160.363 -122.951 569
159.393 -122.951 569
159.537 -123.816 573
158.56 -123.816 573
157.858 -124.032 574
156.88 -124.032 574
155.901 -124.032 574
155.192 -124.248 575
154.212 -124.248 575
153.232 -124.248 575
152.517 -124.464 576
151.535 -124.464 576
150.814 -124.68 577
149.83 -124.68 577
149.363 -125.112 579
148.632 -125.328 580
147.643 -125.328 580
146.654 -125.328 580
145.415 -125.112 579
144.677 -125.328 580
143.688 -125.328 580
142.699 -125.328 580
141.711 -125.328 580
140.722 -125.328 580
139.733 -125.328 580
138.744 -125.328 580
137.756 -125.328 580
136.767 -125.328 580
297.661 -114.775 527
296.762 -114.775 527
295.864 -114.775 527
294.966 -114.775 527
294.625 -114.993 528
294.281 -115.211 529
293.38 -115.211 529
292.478 -115.211 529
292.127 -115.428 530
291.224 -115.428 530
290.868 -115.646 531
289.963 -115.646 531
289.602 -115.864 532
289.238 -116.082 533
288.329 -116.082 533
287.42 -116.082 533
286.512 -116.082 533
286.675 -116.517 535
285.763 -116.517 535
285.383 -116.735 536
285 -116.953 537
284.614 -117.171 538
283.696 -117.171 538
282.779 -117.171 538
282.386 -117.388 539
281.989 -117.606 540
281.069 -117.606 540
280.148 -117.606 540
279.745 -117.824 541
278.823 -117.824 541
277.9 -117.824 541
276.978 -117.824 541
276.056 -117.824 541
275.133 -117.824 541
274.211 -117.824 541
273.289 -117.824 541
272.367 -117.824 541
271.946 -118.042 542
271.022 -118.042 542
270.596 -118.26 543
269.671 -118.26 543
269.24 -118.477 544
268.313 -118.477 544
267.877 -118.695 545
267.438 -118.913 546
266.507 -118.913 546
266.549 -119.349 548
266.099 -119.566 549
265.646 -119.784 550
264.709 -119.784 550
264.251 -120.002 551
263.789 -120.22 552
263.324 -120.437 553
262.382 -120.437 553
261.439 -120.437 553
260.967 -120.655 554
260.023 -120.655 554
259.078 -120.655 554
258.6 -120.873 555
258.118 -121.091 556
257.17 -121.091 556
257.144 -121.526 558
256.652 -121.744 559
255.699 -121.744 559
254.746 -121.744 559
254.247 -121.962 560
253.292 -121.962 560
252.338 -121.962 560
251.383 -121.962 560
250.428 -121.962 560
247.931 -122.615 563
246.971 -122.615 563
246.011 -122.615 563
245.052 -122.615 563
244.092 -122.615 563
243.132 -122.615 563
242.172 -122.615 563
206.952 -120.002 551
206.387 -120.22 552
205.446 -120.22 552
204.875 -120.437 553
203.933 -120.437 553
202.99 -120.437 553
202.047 -120.437 553
201.105 -120.437 553
200.524 -120.655 554
199.579 -120.655 554
198.993 -120.873 555
198.404 -121.091 556
197.811 -121.309 557
196.862 -121.309 557
196.264 -121.526 558
196.013 -121.962 560
195.407 -122.18 561
194.45 -122.18 561
193.839 -122.398 562
192.881 -122.398 562
191.923 -122.398 562
190.965 -122.398 562
190.345 -122.615 563
189.385 -122.615 563
188.76 -122.833 564
187.798 -122.833 564
186.837 -122.833 564
186.205 -123.051 565
185.242 -123.051 565
184.278 -123.051 565
183.64 -123.269 566
182.675 -123.269 566
181.71 -123.269 566
181.064 -123.487 567
180.098 -123.487 567
179.447 -123.704 568
178.479 -123.704 568
177.511 -123.704 568
176.231 -123.487 567
175.265 -123.487 567
173.991 -123.269 566
173.026 -123.269 566
171.757 -123.051 565
170.794 -123.051 565
169.53 -122.833 564
168.569 -122.833 564
167.607 -122.833 564
166.646 -122.833 564
165.684 -122.833 564
164.139 -122.398 562
163.181 -122.398 562
162.222 -122.398 562
161.264 -122.398 562
161.162 -123.051 565
160.199 -123.051 565
159.799 -123.487 567
158.833 -123.487 567
159.258 -124.575 572
158.56 -124.793 573
157.583 -124.793 573
156.606 -124.793 573
155.629 -124.793 573
154.923 -125.011 574
154.212 -125.229 575
153.232 -125.229 575
152.252 -125.229 575
151.535 -125.447 576
150.814 -125.664 577
149.83 -125.664 577
149.105 -125.882 578
148.119 -125.882 578
147.134 -125.882 578
146.149 -125.882 578
145.163 -125.882 578
144.427 -126.1 579
143.44 -126.1 579
142.453 -126.1 579
141.466 -126.1 579
140.479 -126.1 579
139.492 -126.1 579
138.505 -126.1 579
137.518 -126.1 579
136.531 -126.1 579
297.096 -115.455 526
296.199 -115.455 526
295.864 -115.674 527
294.966 -115.674 527
294.067 -115.674 527
293.725 -115.894 528
292.825 -115.894 528
291.925 -115.894 528
291.576 -116.113 529
290.674 -116.113 529
290.32 -116.333 530
289.417 -116.333 530
289.057 -116.552 531
288.695 -116.772 532
287.788 -116.772 532
287.42 -116.991 533
286.512 -116.991 533
286.675 -117.43 535
285.763 -117.43 535
285.383 -117.65 536
285 -117.869 537
284.614 -118.089 538
283.696 -118.089 538
282.779 -118.089 538
282.386 -118.308 539
281.989 -118.527 540
281.069 -118.527 540
280.148 -118.527 540
279.745 -118.747 541
278.823 -118.747 541
277.9 -118.747 541
276.978 -118.747 541
276.056 -118.747 541
275.133 -118.747 541
274.211 -118.747 541
273.289 -118.747 541
272.367 -118.747 541
271.946 -118.966 542
271.022 -118.966 542
270.596 -119.186 543
269.671 -119.186 543
268.745 -119.186 543
267.819 -119.186 543
267.385 -119.405 544
266.948 -119.625 545
266.019 -119.625 545
265.576 -119.844 546
265.615 -120.283 548
265.163 -120.503 549
264.227 -120.503 549
263.771 -120.722 550
263.311 -120.942 551
262.848 -121.161 552
261.907 -121.161 552
260.966 -121.161 552
260.496 -121.381 553
259.554 -121.381 553
258.611 -121.381 553
258.134 -121.6 554
257.654 -121.82 555
257.17 -122.039 556
256.222 -122.039 556
256.193 -122.478 558
255.242 -122.478 558
254.29 -122.478 558
253.793 -122.698 559
253.292 -122.917 560
252.338 -122.917 560
251.383 -122.917 560
250.876 -123.137 561
250.365 -123.356 562
249.85 -123.576 563
248.891 -123.576 563
247.931 -123.576 563
246.971 -123.576 563
246.011 -123.576 563
245.052 -123.576 563
244.092 -123.576 563
243.132 -123.576 563
242.172 -123.576 563
241.213 -123.576 563
206.387 -121.161 552
205.446 -121.161 552
204.875 -121.381 553
203.933 -121.381 553
202.99 -121.381 553
202.047 -121.381 553
201.105 -121.381 553
200.524 -121.6 554
199.579 -121.6 554
198.993 -121.82 555
198.404 -122.039 556
197.456 -122.039 556
196.508 -122.039 556
196.264 -122.478 558
196.013 -122.917 560
195.407 -123.137 561
194.45 -123.137 561
193.839 -123.356 562
192.881 -123.356 562
191.923 -123.356 562
190.965 -123.356 562
190.345 -123.576 563
189.385 -123.576 563
188.76 -123.795 564
187.798 -123.795 564
186.837 -123.795 564
186.205 -124.015 565
185.242 -124.015 565
184.278 -124.015 565
183.64 -124.234 566
182.675 -124.234 566
181.71 -124.234 566
181.064 -124.454 567
180.415 -124.673 568
179.447 -124.673 568
178.479 -124.673 568
177.511 -124.673 568
176.231 -124.454 567
175.265 -124.454 567
173.991 -124.234 566
173.026 -124.234 566
171.757 -124.015 565
170.794 -124.015 565
169.53 -123.795 564
168.27 -123.576 563
167.31 -123.576 563
166.055 -123.356 562
165.097 -123.356 562
164.139 -123.356 562
163.181 -123.356 562
162.222 -123.356 562
161.264 -123.356 562
161.162 -124.015 565
160.199 -124.015 565
159.518 -124.234 566
158.553 -124.234 566
158.98 -125.332 571
158.006 -125.332 571
157.308 -125.551 572
156.333 -125.551 572
155.629 -125.771 573
154.923 -125.99 574
153.944 -125.99 574
152.965 -125.99 574
152.252 -126.21 575
151.272 -126.21 575
150.553 -126.429 576
149.571 -126.429 576
148.847 -126.649 577
147.863 -126.649 577
146.879 -126.649 577
145.896 -126.649 577
144.912 -126.649 577
143.929 -126.649 577
142.945 -126.649 577
141.961 -126.649 577
140.978 -126.649 577
140.237 -126.868 578
139.251 -126.868 578
138.266 -126.868 578
137.518 -127.088 579
136.531 -127.088 579
135.544 -127.088 579
296.531 -116.131 525
295.636 -116.131 525
295.303 -116.352 526
294.406 -116.352 526
293.509 -116.352 526
293.169 -116.573 527
292.825 -116.794 528
291.925 -116.794 528
291.025 -116.794 528
290.674 -117.016 529
289.772 -117.016 529
288.871 -117.016 529
288.513 -117.237 530
288.152 -117.458 531
287.247 -117.458 531
286.881 -117.679 532
286.512 -117.9 533
285.603 -117.9 533
284.694 -117.9 533
284.851 -118.343 535
284.469 -118.564 536
284.085 -118.785 537
283.169 -118.785 537
282.779 -119.006 538
281.862 -119.006 538
281.467 -119.228 539
280.548 -119.228 539
280.148 -119.449 540
279.228 -119.449 540
278.823 -119.67 541
277.9 -119.67 541
276.978 -119.67 541
276.056 -119.67 541
275.133 -119.67 541
274.211 -119.67 541
273.289 -119.67 541
272.367 -119.67 541
271.444 -119.67 541
270.522 -119.67 541
270.098 -119.891 542
269.671 -120.112 543
268.745 -120.112 543
267.819 -120.112 543
267.385 -120.334 544
266.948 -120.555 545
266.019 -120.555 545
265.576 -120.776 546
265.615 -121.218 548
265.163 -121.44 549
264.227 -121.44 549
263.771 -121.661 550
263.311 -121.882 551
262.848 -122.103 552
261.907 -122.103 552
260.966 -122.103 552
260.496 -122.324 553
259.554 -122.324 553
258.611 -122.324 553
258.134 -122.546 554
257.654 -122.767 555
257.17 -122.988 556
256.222 -122.988 556
256.193 -123.43 558
255.242 -123.43 558
254.29 -123.43 558
253.793 -123.652 559
253.292 -123.873 560
252.338 -123.873 560
251.383 -123.873 560
250.876 -124.094 561
250.365 -124.315 562
249.85 -124.536 563
248.891 -124.536 563
247.931 -124.536 563
246.971 -124.536 563
246.011 -124.536 563
245.052 -124.536 563
244.092 -124.536 563
243.132 -124.536 563
242.172 -124.536 563
241.213 -124.536 563
206.387 -122.103 552
205.446 -122.103 552
204.875 -122.324 553
203.933 -122.324 553
202.99 -122.324 553
201.682 -122.103 552
200.741 -122.103 552
200.162 -122.324 553
199.219 -122.324 553
198.635 -122.546 554
198.047 -122.767 555
197.456 -122.988 556
196.508 -122.988 556
195.912 -123.209 557
195.663 -123.652 559
195.058 -123.873 560
194.104 -123.873 560
193.494 -124.094 561
192.537 -124.094 561
191.923 -124.315 562
190.965 -124.315 562
190.006 -124.315 562
189.385 -124.536 563
188.76 -124.758 564
187.798 -124.758 564
186.837 -124.758 564
186.205 -124.979 565
185.242 -124.979 565
184.278 -124.979 565
183.64 -125.2 566
182.675 -125.2 566
181.71 -125.2 566
181.064 -125.421 567
180.415 -125.642 568
179.447 -125.642 568
178.479 -125.642 568
177.511 -125.642 568
176.231 -125.421 567
175.265 -125.421 567
173.991 -125.2 566
173.026 -125.2 566
171.757 -124.979 565
170.794 -124.979 565
169.53 -124.758 564
168.27 -124.536 563
167.31 -124.536 563
166.055 -124.315 562
165.097 -124.315 562
164.139 -124.315 562
163.181 -124.315 562
162.222 -124.315 562
161.264 -124.315 562
161.162 -124.979 565
160.482 -125.2 566
160.081 -125.642 568
159.113 -125.642 568
158.98 -126.306 571
158.283 -126.527 572
157.308 -126.527 572
156.333 -126.527 572
155.629 -126.748 573
154.923 -126.97 574
154.212 -127.191 575
153.232 -127.191 575
152.252 -127.191 575
151.535 -127.412 576
150.553 -127.412 576
149.571 -127.412 576
148.847 -127.633 577
147.863 -127.633 577
146.879 -127.633 577
145.896 -127.633 577
144.912 -127.633 577
143.929 -127.633 577
142.945 -127.633 577
141.961 -127.633 577
140.978 -127.633 577
140.237 -127.854 578
139.251 -127.854 578
138.505 -128.076 579
138.231 -128.739 582
137.71 -129.182 584
136.715 -129.182 584
136.184 -129.624 586
135.185 -129.624 586
134.415 -129.845 587
133.414 -129.845 587
132.413 -129.845 587
131.189 -129.624 586
130.19 -129.624 586
129.191 -129.624 586
294.837 -116.358 522
293.947 -116.358 522
293.618 -116.581 523
292.727 -116.581 523
292.393 -116.804 524
292.056 -117.026 525
291.716 -117.249 526
290.819 -117.249 526
290.474 -117.472 527
290.125 -117.695 528
289.772 -117.918 529
288.871 -117.918 529
287.969 -117.918 529
287.61 -118.141 530
286.706 -118.141 530
286.342 -118.364 531
285.974 -118.587 532
285.067 -118.587 532
284.16 -118.587 532
283.786 -118.81 533
283.939 -119.256 535
283.556 -119.478 536
282.642 -119.478 536
282.254 -119.701 537
281.862 -119.924 538
280.945 -119.924 538
280.028 -119.924 538
279.629 -120.147 539
279.228 -120.37 540
278.307 -120.37 540
277.387 -120.37 540
276.978 -120.593 541
276.056 -120.593 541
275.133 -120.593 541
274.211 -120.593 541
273.289 -120.593 541
272.367 -120.593 541
271.444 -120.593 541
270.522 -120.593 541
269.6 -120.593 541
269.174 -120.816 542
268.25 -120.816 542
267.819 -121.039 543
267.385 -121.262 544
266.458 -121.262 544
265.531 -121.262 544
265.09 -121.485 545
265.13 -121.93 547
264.68 -122.153 548
263.746 -122.153 548
263.292 -122.376 549
262.833 -122.599 550
262.372 -122.822 551
261.433 -122.822 551
260.966 -123.045 552
260.025 -123.045 552
259.554 -123.268 553
258.611 -123.268 553
257.668 -123.268 553
257.19 -123.491 554
256.708 -123.714 555
255.762 -123.714 555
255.275 -123.937 556
254.784 -124.16 557
253.835 -124.16 557
253.339 -124.382 558
252.84 -124.605 559
252.338 -124.828 560
251.383 -124.828 560
250.876 -125.051 561
250.365 -125.274 562
249.85 -125.497 563
248.891 -125.497 563
247.931 -125.497 563
246.971 -125.497 563
246.011 -125.497 563
245.052 -125.497 563
244.092 -125.497 563
243.132 -125.497 563
242.172 -125.497 563
241.213 -125.497 563
239.826 -125.274 562
206.387 -123.045 552
205.446 -123.045 552
204.505 -123.045 552
203.564 -123.045 552
202.623 -123.045 552
202.047 -123.268 553
201.105 -123.268 553
200.162 -123.268 553
199.219 -123.268 553
198.635 -123.491 554
198.047 -123.714 555
197.101 -123.714 555
196.155 -123.714 555
195.561 -123.937 556
195.313 -124.382 558
194.71 -124.605 559
193.757 -124.605 559
193.149 -124.828 560
192.194 -124.828 560
191.24 -124.828 560
190.285 -124.828 560
189.668 -125.051 561
189.048 -125.274 562
188.425 -125.497 563
187.465 -125.497 563
186.837 -125.72 564
185.875 -125.72 564
184.914 -125.72 564
184.278 -125.943 565
183.64 -126.166 566
182.675 -126.166 566
181.71 -126.166 566
181.064 -126.389 567
180.415 -126.612 568
179.447 -126.612 568
178.479 -126.612 568
177.511 -126.612 568
176.231 -126.389 567
175.265 -126.389 567
173.991 -126.166 566
172.72 -125.943 565
171.149 -125.497 563
169.887 -125.274 562
168.929 -125.274 562
167.971 -125.274 562
167.013 -125.274 562
166.055 -125.274 562
165.097 -125.274 562
164.139 -125.274 562
162.89 -125.051 561
162.222 -125.274 562
161.264 -125.274 562
161.162 -125.943 565
160.482 -126.166 566
160.081 -126.612 568
159.113 -126.612 568
158.98 -127.28 571
158.283 -127.503 572
157.308 -127.503 572
156.333 -127.503 572
155.629 -127.726 573
154.923 -127.949 574
154.212 -128.172 575
153.232 -128.172 575
152.252 -128.172 575
151.535 -128.395 576
150.553 -128.395 576
149.571 -128.395 576
148.847 -128.618 577
147.863 -128.618 577
146.879 -128.618 577
145.896 -128.618 577
144.912 -128.618 577
144.178 -128.841 578
143.193 -128.841 578
142.207 -128.841 578
141.222 -128.841 578
140.479 -129.063 579
139.492 -129.063 579
138.744 -129.286 580
138.231 -129.732 582
137.71 -130.178 584
136.715 -130.178 584
136.184 -130.624 586
135.185 -130.624 586
134.644 -131.07 588
133.641 -131.07 588
132.639 -131.07 588
131.189 -130.624 586
130.19 -130.624 586
129.191 -130.624 586
294.837 -117.248 522
293.947 -117.248 522
293.618 -117.473 523
292.727 -117.473 523
292.393 -117.698 524
292.056 -117.922 525
291.716 -118.147 526
290.819 -118.147 526
290.474 -118.371 527
290.125 -118.596 528
289.772 -118.821 529
288.871 -118.821 529
287.969 -118.821 529
287.61 -119.045 530
286.706 -119.045 530
286.342 -119.27 531
285.437 -119.27 531
285.067 -119.494 532
284.16 -119.494 532
283.786 -119.719 533
283.408 -119.944 534
283.027 -120.168 535
282.115 -120.168 535
281.728 -120.393 536
281.338 -120.618 537
280.423 -120.618 537
279.507 -120.618 537
279.111 -120.842 538
278.711 -121.067 539
278.307 -121.291 540
277.387 -121.291 540
276.466 -121.291 540
275.545 -121.291 540
274.625 -121.291 540
273.704 -121.291 540
272.784 -121.291 540
272.367 -121.516 541
271.444 -121.516 541
270.522 -121.516 541
269.6 -121.516 541
268.678 -121.516 541
268.25 -121.741 542
267.326 -121.741 542
266.894 -121.965 543
266.458 -122.19 544
265.531 -122.19 544
264.603 -122.19 544
264.16 -122.414 545
264.197 -122.864 547
263.265 -122.864 547
262.812 -123.088 548
262.356 -123.313 549
261.896 -123.538 550
260.958 -123.538 550
260.493 -123.762 551
259.554 -123.762 551
259.084 -123.987 552
258.143 -123.987 552
257.202 -123.987 552
256.725 -124.211 553
256.245 -124.436 554
255.301 -124.436 554
254.815 -124.661 555
253.869 -124.661 555
252.923 -124.661 555
252.885 -125.11 557
252.388 -125.334 558
252.338 -125.784 560
251.383 -125.784 560
250.876 -126.008 561
250.365 -126.233 562
249.85 -126.458 563
248.891 -126.458 563
247.931 -126.458 563
246.971 -126.458 563
246.011 -126.458 563
245.052 -126.458 563
243.658 -126.233 562
242.7 -126.233 562
241.742 -126.233 562
240.784 -126.233 562
239.826 -126.233 562
206.387 -123.987 552
205.446 -123.987 552
204.505 -123.987 552
203.933 -124.211 553
202.99 -124.211 553
202.047 -124.211 553
201.105 -124.211 553
200.162 -124.211 553
199.219 -124.211 553
198.635 -124.436 554
198.047 -124.661 555
197.101 -124.661 555
196.155 -124.661 555
195.561 -124.885 556
195.313 -125.334 558
194.362 -125.334 558
193.41 -125.334 558
192.804 -125.559 559
191.851 -125.559 559
191.24 -125.784 560
190.285 -125.784 560
189.33 -125.784 560
188.712 -126.008 561
188.09 -126.233 562
187.132 -126.233 562
186.505 -126.458 563
185.875 -126.682 564
184.914 -126.682 564
184.278 -126.907 565
183.315 -126.907 565
182.675 -127.131 566
181.71 -127.131 566
181.064 -127.356 567
180.098 -127.356 567
179.131 -127.356 567
178.165 -127.356 567
177.198 -127.356 567
175.921 -127.131 566
174.956 -127.131 566
173.683 -126.907 565
172.109 -126.458 563
170.845 -126.233 562
169.585 -126.008 561
168.929 -126.233 562
167.971 -126.233 562
167.013 -126.233 562
166.055 -126.233 562
165.097 -126.233 562
163.847 -126.008 561
162.89 -126.008 561
162.222 -126.233 562
161.264 -126.233 562
161.162 -126.907 565
160.482 -127.131 566
160.081 -127.581 568
159.113 -127.581 568
158.98 -128.254 571
158.283 -128.479 572
157.308 -128.479 572
156.333 -128.479 572
155.629 -128.704 573
154.923 -128.928 574
154.212 -129.153 575
153.232 -129.153 575
152.252 -129.153 575
151.535 -129.377 576
150.553 -129.377 576
149.571 -129.377 576
148.847 -129.602 577
147.863 -129.602 577
146.879 -129.602 577
145.896 -129.602 577
144.912 -129.602 577
144.178 -129.827 578
143.193 -129.827 578
142.207 -129.827 578
141.222 -129.827 578
140.479 -130.051 579
139.492 -130.051 579
138.744 -130.276 580
138.231 -130.725 582
137.71 -131.174 584
136.715 -131.174 584
136.184 -131.624 586
135.185 -131.624 586
134.644 -132.073 588
133.641 -132.073 588
132.639 -132.073 588
131.189 -131.624 586
130.19 -131.624 586
129.191 -131.624 586
293.707 -117.686 520
293.384 -117.913 521
292.496 -117.913 521
291.607 -117.913 521
291.835 -118.365 523
291.5 -118.592 524
291.161 -118.818 525
290.266 -118.818 525
289.922 -119.044 526
289.575 -119.271 527
289.225 -119.497 528
288.324 -119.497 528
287.969 -119.723 529
287.067 -119.723 529
286.706 -119.949 530
285.803 -119.949 530
285.437 -120.176 531
285.067 -120.402 532
284.16 -120.402 532
283.786 -120.628 533
283.408 -120.855 534
283.027 -121.081 535
282.115 -121.081 535
281.728 -121.307 536
281.338 -121.534 537
280.423 -121.534 537
279.507 -121.534 537
279.111 -121.76 538
278.711 -121.986 539
278.307 -122.213 540
277.387 -122.213 540
276.466 -122.213 540
275.545 -122.213 540
274.625 -122.213 540
273.704 -122.213 540
272.784 -122.213 540
272.367 -122.439 541
271.444 -122.439 541
270.522 -122.439 541
269.6 -122.439 541
268.678 -122.439 541
268.25 -122.665 542
267.326 -122.665 542
266.402 -122.665 542
265.968 -122.892 543
265.042 -122.892 543
264.117 -122.892 543
263.676 -123.118 544
263.231 -123.344 545
262.302 -123.344 545
262.332 -123.797 547
261.878 -124.023 548
261.42 -124.25 549
260.484 -124.25 549
260.021 -124.476 550
259.554 -124.702 551
258.615 -124.702 551
257.676 -124.702 551
257.202 -124.929 552
256.261 -124.929 552
256.245 -125.381 554
255.301 -125.381 554
254.356 -125.381 554
253.869 -125.607 555
252.923 -125.607 555
252.431 -125.834 556
252.388 -126.286 558
252.338 -126.739 560
251.383 -126.739 560
250.876 -126.965 561
250.365 -127.192 562
249.407 -127.192 562
248.449 -127.192 562
247.491 -127.192 562
246.533 -127.192 562
245.574 -127.192 562
244.616 -127.192 562
243.658 -127.192 562
242.7 -127.192 562
241.742 -127.192 562
240.784 -127.192 562
239.826 -127.192 562
238.868 -127.192 562
237.91 -127.192 562
205.446 -124.929 552
204.505 -124.929 552
203.933 -125.155 553
202.99 -125.155 553
202.047 -125.155 553
201.105 -125.155 553
200.162 -125.155 553
199.219 -125.155 553
198.635 -125.381 554
197.69 -125.381 554
197.101 -125.607 555
196.155 -125.607 555
195.209 -125.607 555
194.963 -126.06 557
194.362 -126.286 558
193.41 -126.286 558
192.804 -126.513 559
191.851 -126.513 559
191.24 -126.739 560
190.285 -126.739 560
189.33 -126.739 560
188.712 -126.965 561
188.09 -127.192 562
187.132 -127.192 562
186.505 -127.418 563
185.875 -127.644 564
184.914 -127.644 564
184.278 -127.871 565
183.315 -127.871 565
182.675 -128.097 566
181.71 -128.097 566
181.064 -128.323 567
180.098 -128.323 567
179.131 -128.323 567
178.165 -128.323 567
177.198 -128.323 567
175.921 -128.097 566
174.956 -128.097 566
173.683 -127.871 565
172.109 -127.418 563
170.845 -127.192 562
169.887 -127.192 562
168.628 -126.965 561
167.971 -127.192 562
167.013 -127.192 562
166.055 -127.192 562
165.097 -127.192 562
164.139 -127.192 562
163.181 -127.192 562
162.222 -127.192 562
161.264 -127.192 562
161.162 -127.871 565
160.482 -128.097 566
160.081 -128.55 568
159.113 -128.55 568
158.423 -128.776 569
158.283 -129.455 572
157.308 -129.455 572
156.333 -129.455 572
155.629 -129.681 573
154.923 -129.908 574
153.944 -129.908 574
153.232 -130.134 575
152.252 -130.134 575
151.535 -130.36 576
150.553 -130.36 576
149.571 -130.36 576
148.847 -130.587 577
147.863 -130.587 577
146.879 -130.587 577
145.896 -130.587 577
144.912 -130.587 577
144.178 -130.813 578
143.193 -130.813 578
142.207 -130.813 578
141.222 -130.813 578
140.479 -131.039 579
139.492 -131.039 579
139.223 -131.718 582
138.706 -132.171 584
137.71 -132.171 584
136.715 -132.171 584
136.184 -132.623 586
135.415 -132.85 587
134.644 -133.076 588
133.641 -133.076 588
132.639 -133.076 588
131.637 -133.076 588
130.19 -132.623 586
129.191 -132.623 586
293.707 -118.573 520
292.821 -118.573 520
292.496 -118.801 521
291.607 -118.801 521
290.719 -118.801 521
290.944 -119.258 523
291.161 -119.714 525
290.266 -119.714 525
289.371 -119.714 525
289.575 -120.17 527
288.677 -120.17 527
287.778 -120.17 527
287.424 -120.398 528
287.067 -120.626 529
286.165 -120.626 529
285.803 -120.854 530
284.899 -120.854 530
284.531 -121.082 531
283.626 -121.082 531
283.253 -121.31 532
282.877 -121.538 533
282.497 -121.766 534
281.587 -121.766 534
281.202 -121.994 535
280.29 -121.994 535
279.901 -122.222 536
278.987 -122.222 536
278.592 -122.45 537
278.194 -122.678 538
277.792 -122.906 539
276.873 -122.906 539
275.954 -122.906 539
275.035 -122.906 539
274.116 -122.906 539
273.197 -122.906 539
272.279 -122.906 539
271.863 -123.134 540
270.943 -123.134 540
270.022 -123.134 540
269.6 -123.362 541
268.678 -123.362 541
267.755 -123.362 541
266.833 -123.362 541
266.402 -123.59 542
265.968 -123.818 543
265.042 -123.818 543
264.117 -123.818 543
263.676 -124.046 544
263.231 -124.274 545
262.302 -124.274 545
262.332 -124.73 547
261.878 -124.958 548
261.42 -125.186 549
260.484 -125.186 549
260.021 -125.414 550
259.554 -125.642 551
258.615 -125.642 551
257.676 -125.642 551
257.202 -125.87 552
256.261 -125.87 552
256.245 -126.326 554
255.301 -126.326 554
254.356 -126.326 554
253.869 -126.554 555
252.923 -126.554 555
252.431 -126.782 556
252.388 -127.238 558
252.338 -127.695 560
251.383 -127.695 560
250.876 -127.923 561
250.365 -128.151 562
249.407 -128.151 562
248.449 -128.151 562
247.491 -128.151 562
246.533 -128.151 562
245.574 -128.151 562
244.616 -128.151 562
243.658 -128.151 562
242.268 -127.923 561
241.312 -127.923 561
240.356 -127.923 561
239.826 -128.151 562
238.868 -128.151 562
237.91 -128.151 562
236.952 -128.151 562
205.446 -125.87 552
204.505 -125.87 552
203.933 -126.098 553
202.99 -126.098 553
202.047 -126.098 553
201.105 -126.098 553
200.162 -126.098 553
199.219 -126.098 553
198.635 -126.326 554
197.69 -126.326 554
197.101 -126.554 555
196.155 -126.554 555
195.209 -126.554 555
194.613 -126.782 556
194.013 -127.01 557
193.064 -127.01 557
192.459 -127.238 558
191.508 -127.238 558
190.557 -127.238 558
189.605 -127.238 558
188.992 -127.466 559
188.376 -127.695 560
187.756 -127.923 561
186.799 -127.923 561
186.174 -128.151 562
185.546 -128.379 563
184.586 -128.379 563
183.952 -128.607 564
183.315 -128.835 565
182.675 -129.063 566
181.71 -129.063 566
181.064 -129.291 567
180.098 -129.291 567
179.131 -129.291 567
178.165 -129.291 567
176.886 -129.063 566
175.921 -129.063 566
174.956 -129.063 566
173.069 -128.379 563
172.109 -128.379 563
170.845 -128.151 562
169.887 -128.151 562
168.328 -127.695 560
167.971 -128.151 562
167.013 -128.151 562
166.055 -128.151 562
165.097 -128.151 562
164.139 -128.151 562
163.181 -128.151 562
162.222 -128.151 562
161.264 -128.151 562
161.162 -128.835 565
160.482 -129.063 566
160.081 -129.519 568
159.113 -129.519 568
158.423 -129.747 569
158.283 -130.431 572
157.308 -130.431 572
156.333 -130.431 572
155.629 -130.659 573
154.923 -130.887 574
153.944 -130.887 574
153.232 -131.115 575
152.252 -131.115 575
151.535 -131.343 576
150.553 -131.343 576
149.571 -131.343 576
148.847 -131.571 577
147.863 -131.571 577
146.879 -131.571 577
145.896 -131.571 577
144.912 -131.571 577
144.178 -131.799 578
143.193 -131.799 578
142.207 -131.799 578
141.222 -131.799 578
140.479 -132.027 579
139.492 -132.027 579
139.223 -132.711 582
138.706 -133.167 584
137.71 -133.167 584
136.715 -133.167 584
136.184 -133.623 586
135.415 -133.851 587
134.415 -133.851 587
133.641 -134.079 588
132.639 -134.079 588
131.637 -134.079 588
293.707 -119.461 520
292.821 -119.461 520
291.934 -119.461 520
291.048 -119.461 520
290.719 -119.69 521
290.387 -119.92 522
290.052 -120.15 523
289.16 -120.15 523
289.371 -120.609 525
289.026 -120.839 526
288.677 -121.069 527
287.778 -121.069 527
286.88 -121.069 527
286.524 -121.298 528
286.165 -121.528 529
285.263 -121.528 529
284.899 -121.758 530
283.995 -121.758 530
283.092 -121.758 530
282.721 -121.988 531
282.346 -122.217 532
281.968 -122.447 533
281.06 -122.447 533
280.677 -122.677 534
279.767 -122.677 534
279.378 -122.907 535
278.466 -122.907 535
277.554 -122.907 535
277.676 -123.366 537
276.761 -123.366 537
275.846 -123.366 537
275.442 -123.596 538
274.525 -123.596 538
273.608 -123.596 538
272.691 -123.596 538
271.773 -123.596 538
271.36 -123.826 539
270.441 -123.826 539
269.522 -123.826 539
269.102 -124.055 540
268.181 -124.055 540
267.755 -124.285 541
266.833 -124.285 541
265.911 -124.285 541
264.988 -124.285 541
264.066 -124.285 541
263.63 -124.515 542
263.191 -124.744 543
262.748 -124.974 544
261.821 -124.974 544
261.373 -125.204 545
261.4 -125.663 547
261.42 -126.123 549
260.484 -126.123 549
259.548 -126.123 549
259.083 -126.353 550
258.615 -126.582 551
257.676 -126.582 551
257.202 -126.812 552
256.261 -126.812 552
256.245 -127.272 554
255.301 -127.272 554
254.356 -127.272 554
253.869 -127.501 555
252.923 -127.501 555
252.431 -127.731 556
252.388 -128.19 558
252.338 -128.65 560
251.383 -128.65 560
250.428 -128.65 560
249.919 -128.88 561
249.407 -129.109 562
248.449 -129.109 562
247.491 -129.109 562
246.533 -129.109 562
245.574 -129.109 562
244.616 -129.109 562
243.658 -129.109 562
242.268 -128.88 561
241.312 -128.88 561
240.356 -128.88 561
239.826 -129.109 562
238.868 -129.109 562
237.91 -129.109 562
236.952 -129.109 562
205.446 -126.812 552
204.875 -127.042 553
203.933 -127.042 553
202.99 -127.042 553
202.047 -127.042 553
201.105 -127.042 553
200.162 -127.042 553
199.219 -127.042 553
198.635 -127.272 554
197.69 -127.272 554
197.101 -127.501 555
196.155 -127.501 555
195.561 -127.731 556
194.613 -127.731 556
194.013 -127.961 557
193.064 -127.961 557
192.114 -127.961 557
191.508 -128.19 558
190.557 -128.19 558
189.605 -128.19 558
188.992 -128.42 559
188.376 -128.65 560
188.09 -129.109 562
187.132 -129.109 562
186.505 -129.339 563
185.875 -129.569 564
184.914 -129.569 564
184.605 -130.028 566
183.964 -130.258 567
182.998 -130.258 567
182.031 -130.258 567
181.064 -130.258 567
180.098 -130.258 567
179.131 -130.258 567
177.85 -130.028 566
176.886 -130.028 566
175.61 -129.799 565
174.647 -129.799 565
173.069 -129.339 563
171.803 -129.109 562
170.845 -129.109 562
169.887 -129.109 562
168.628 -128.88 561
167.971 -129.109 562
167.013 -129.109 562
166.055 -129.109 562
165.097 -129.109 562
164.139 -129.109 562
163.181 -129.109 562
162.222 -129.109 562
161.264 -129.109 562
160.877 -129.569 564
160.199 -129.799 565
159.518 -130.028 566
158.553 -130.028 566
158.145 -130.488 568
157.453 -130.717 569
157.308 -131.407 572
156.333 -131.407 572
155.358 -131.407 572
154.923 -131.866 574
153.944 -131.866 574
152.965 -131.866 574
152.252 -132.096 575
151.272 -132.096 575
150.291 -132.096 575
149.571 -132.326 576
148.847 -132.555 577
147.863 -132.555 577
146.879 -132.555 577
145.896 -132.555 577
144.912 -132.555 577
144.178 -132.785 578
143.193 -132.785 578
142.207 -132.785 578
141.222 -132.785 578
140.479 -133.015 579
139.492 -133.015 579
139.223 -133.704 582
138.706 -134.163 584
137.71 -134.163 584
136.715 -134.163 584
136.184 -134.623 586
135.646 -135.082 588
134.644 -135.082 588
133.641 -135.082 588
132.639 -135.082 588
131.637 -135.082 588
293.707 -120.348 520
292.821 -120.348 520
291.934 -120.348 520
291.048 -120.348 520
290.719 -120.579 521
290.387 -120.811 522
290.052 -121.042 523
289.16 -121.042 523
289.371 -121.505 525
289.026 -121.736 526
288.677 -121.968 527
287.778 -121.968 527
286.88 -121.968 527
286.524 -122.199 528
286.165 -122.431 529
285.263 -122.431 529
284.899 -122.662 530
283.995 -122.662 530
283.092 -122.662 530
282.188 -122.662 530
281.816 -122.894 531
281.439 -123.125 532
280.533 -123.125 532
279.626 -123.125 532
279.243 -123.357 533
278.334 -123.357 533
277.425 -123.357 533
276.517 -123.357 533
276.125 -123.588 534
275.73 -123.819 535
274.818 -123.819 535
274.418 -124.051 536
274.015 -124.282 537
273.099 -124.282 537
272.184 -124.282 537
271.773 -124.514 538
270.856 -124.514 538
270.441 -124.745 539
269.522 -124.745 539
268.603 -124.745 539
268.181 -124.977 540
267.26 -124.977 540
266.34 -124.977 540
265.911 -125.208 541
264.988 -125.208 541
264.066 -125.208 541
263.144 -125.208 541
262.706 -125.439 542
262.265 -125.671 543
261.34 -125.671 543
260.894 -125.902 544
260.922 -126.365 546
260.467 -126.597 547
259.535 -126.597 547
259.548 -127.06 549
258.612 -127.06 549
258.145 -127.291 550
257.208 -127.291 550
256.736 -127.522 551
256.261 -127.754 552
255.783 -127.985 553
254.84 -127.985 553
254.356 -128.217 554
253.412 -128.217 554
252.467 -128.217 554
252.431 -128.68 556
251.936 -128.911 557
251.437 -129.142 558
250.485 -129.142 558
250.428 -129.605 560
249.474 -129.605 560
248.963 -129.837 561
248.007 -129.837 561
247.05 -129.837 561
246.094 -129.837 561
245.137 -129.837 561
244.181 -129.837 561
243.225 -129.837 561
242.268 -129.837 561
241.312 -129.837 561
240.356 -129.837 561
239.826 -130.068 562
238.868 -130.068 562
237.91 -130.068 562
236.952 -130.068 562
205.446 -127.754 552
204.875 -127.985 553
203.933 -127.985 553
202.99 -127.985 553
202.047 -127.985 553
201.105 -127.985 553
200.162 -127.985 553
199.219 -127.985 553
198.635 -128.217 554
197.69 -128.217 554
197.101 -128.448 555
196.155 -128.448 555
195.561 -128.68 556
194.613 -128.68 556
194.013 -128.911 557
193.064 -128.911 557
192.459 -129.142 558
191.508 -129.142 558
191.24 -129.605 560
190.285 -129.605 560
189.33 -129.605 560
188.712 -129.837 561
188.09 -130.068 562
187.132 -130.068 562
186.837 -130.531 564
186.205 -130.763 565
185.242 -130.763 565
184.605 -130.994 566
183.964 -131.225 567
182.998 -131.225 567
182.031 -131.225 567
181.064 -131.225 567
180.098 -131.225 567
179.131 -131.225 567
177.85 -130.994 566
176.573 -130.763 565
175.299 -130.531 564
174.338 -130.531 564
173.069 -130.3 563
171.803 -130.068 562
170.845 -130.068 562
169.887 -130.068 562
168.628 -129.837 561
167.971 -130.068 562
167.013 -130.068 562
166.055 -130.068 562
165.097 -130.068 562
164.139 -130.068 562
163.181 -130.068 562
162.222 -130.068 562
161.264 -130.068 562
160.877 -130.531 564
160.199 -130.763 565
159.518 -130.994 566
158.553 -130.994 566
157.866 -131.225 567
157.176 -131.457 568
156.483 -131.688 569
155.513 -131.688 569
155.358 -132.383 572
154.383 -132.383 572
153.408 -132.383 572
152.965 -132.845 574
152.252 -133.077 575
151.272 -133.077 575
150.291 -133.077 575
149.311 -133.077 575
148.589 -133.308 576
147.863 -133.54 577
146.879 -133.54 577
145.896 -133.54 577
144.912 -133.54 577
143.929 -133.54 577
142.945 -133.54 577
142.207 -133.771 578
141.222 -133.771 578
140.479 -134.003 579
139.492 -134.003 579
139.223 -134.697 582
138.468 -134.928 583
137.71 -135.16 584
136.715 -135.16 584
136.184 -135.623 586
135.646 -136.086 588
134.644 -136.086 588
133.641 -136.086 588
132.639 -136.086 588
131.637 -136.086 588
293.142 -121.002 519
292.821 -121.235 520
291.934 -121.235 520
291.048 -121.235 520
290.161 -121.235 520
289.831 -121.468 521
289.497 -121.701 522
288.608 -121.701 522
288.269 -121.934 523
287.927 -122.168 524
288.129 -122.634 526
287.232 -122.634 526
286.88 -122.867 527
285.982 -122.867 527
285.624 -123.1 528
284.724 -123.1 528
284.361 -123.333 529
283.995 -123.566 530
283.092 -123.566 530
282.188 -123.566 530
281.816 -123.8 531
281.439 -124.033 532
280.533 -124.033 532
279.626 -124.033 532
279.243 -124.266 533
278.334 -124.266 533
277.425 -124.266 533
276.517 -124.266 533
276.125 -124.499 534
275.73 -124.732 535
274.818 -124.732 535
274.418 -124.965 536
274.015 -125.198 537
273.099 -125.198 537
272.184 -125.198 537
271.773 -125.432 538
270.856 -125.432 538
270.441 -125.665 539
269.522 -125.665 539
268.603 -125.665 539
268.181 -125.898 540
267.26 -125.898 540
266.34 -125.898 540
265.911 -126.131 541
264.988 -126.131 541
264.066 -126.131 541
263.144 -126.131 541
262.706 -126.364 542
262.265 -126.597 543
261.34 -126.597 543
260.414 -126.597 543
259.966 -126.83 544
259.991 -127.297 546
259.06 -127.297 546
258.602 -127.53 547
258.141 -127.763 548
257.676 -127.996 549
256.74 -127.996 549
256.27 -128.229 550
255.797 -128.462 551
255.32 -128.696 552
254.379 -128.696 552
253.897 -128.929 553
253.412 -129.162 554
252.467 -129.162 554
251.977 -129.395 555
251.483 -129.628 556
250.986 -129.861 557
250.036 -129.861 557
249.534 -130.094 558
249.028 -130.328 559
248.519 -130.561 560
247.564 -130.561 560
246.61 -130.561 560
246.094 -130.794 561
245.137 -130.794 561
244.181 -130.794 561
242.791 -130.561 560
241.837 -130.561 560
241.312 -130.794 561
240.356 -130.794 561
239.826 -131.027 562
238.868 -131.027 562
237.91 -131.027 562
236.952 -131.027 562
204.875 -128.929 553
203.933 -128.929 553
202.99 -128.929 553
202.047 -128.929 553
201.105 -128.929 553
200.162 -128.929 553
199.219 -128.929 553
198.635 -129.162 554
197.69 -129.162 554
197.101 -129.395 555
196.155 -129.395 555
195.561 -129.628 556
194.613 -129.628 556
194.013 -129.861 557
193.064 -129.861 557
192.459 -130.094 558
192.194 -130.561 560
191.24 -130.561 560
190.285 -130.561 560
189.33 -130.561 560
188.712 -130.794 561
188.09 -131.027 562
187.132 -131.027 562
186.837 -131.493 564
186.534 -131.96 566
185.57 -131.96 566
185.257 -132.426 568
184.613 -132.659 569
183.643 -132.659 569
182.673 -132.659 569
181.384 -132.426 568
180.098 -132.193 567
179.131 -132.193 567
177.85 -131.96 566
176.573 -131.726 565
175.299 -131.493 564
174.338 -131.493 564
173.069 -131.26 563
171.803 -131.027 562
170.845 -131.027 562
169.887 -131.027 562
168.929 -131.027 562
167.971 -131.027 562
167.013 -131.027 562
166.055 -131.027 562
165.097 -131.027 562
164.139 -131.027 562
163.181 -131.027 562
162.222 -131.027 562
161.264 -131.027 562
160.877 -131.493 564
159.915 -131.493 564
159.518 -131.96 566
158.553 -131.96 566
157.588 -131.96 566
157.176 -132.426 568
156.483 -132.659 569
155.513 -132.659 569
155.086 -133.125 571
154.383 -133.358 572
153.408 -133.358 572
152.965 -133.825 574
151.987 -133.825 574
151.272 -134.058 575
150.291 -134.058 575
149.311 -134.058 575
148.589 -134.291 576
147.607 -134.291 576
146.625 -134.291 576
145.643 -134.291 576
144.912 -134.524 577
143.929 -134.524 577
142.945 -134.524 577
142.207 -134.757 578
141.222 -134.757 578
140.479 -134.99 579
139.492 -134.99 579
139.223 -135.69 582
138.706 -136.156 584
137.71 -136.156 584
136.715 -136.156 584
136.184 -136.622 586
135.646 -137.089 588
134.644 -137.089 588
133.869 -137.322 589
132.865 -137.322 589
131.86 -137.322 589
130.856 -137.322 589
293.142 -121.887 519
292.257 -121.887 519
291.934 -122.122 520
291.048 -122.122 520
290.161 -122.122 520
289.275 -122.122 520
288.943 -122.357 521
288.055 -122.357 521
287.167 -122.357 521
286.828 -122.592 522
287.033 -123.062 524
286.14 -123.062 524
285.791 -123.296 525
285.439 -123.531 526
285.083 -123.766 527
284.185 -123.766 527
283.824 -124.001 528
283.46 -124.236 529
282.558 -124.236 529
281.656 -124.236 529
281.285 -124.471 530
280.91 -124.706 531
280.005 -124.706 531
279.1 -124.706 531
278.195 -124.706 531
277.812 -124.94 532
276.905 -124.94 532
275.998 -124.94 532
275.608 -125.175 533
275.215 -125.41 534
274.305 -125.41 534
273.906 -125.645 535
272.994 -125.645 535
272.591 -125.88 536
271.677 -125.88 536
271.268 -126.115 537
270.856 -126.349 538
269.939 -126.349 538
269.022 -126.349 538
268.603 -126.584 539
267.684 -126.584 539
267.26 -126.819 540
266.34 -126.819 540
265.911 -127.054 541
264.988 -127.054 541
264.066 -127.054 541
263.144 -127.054 541
262.706 -127.289 542
262.265 -127.524 543
261.34 -127.524 543
260.414 -127.524 543
259.966 -127.759 544
259.991 -128.228 546
259.06 -128.228 546
258.602 -128.463 547
258.141 -128.698 548
257.676 -128.933 549
256.74 -128.933 549
256.27 -129.168 550
255.797 -129.403 551
255.32 -129.637 552
254.379 -129.637 552
253.897 -129.872 553
253.412 -130.107 554
252.467 -130.107 554
251.977 -130.342 555
251.483 -130.577 556
250.986 -130.812 557
250.036 -130.812 557
249.534 -131.046 558
249.028 -131.281 559
248.519 -131.516 560
247.564 -131.516 560
246.61 -131.516 560
245.655 -131.516 560
244.701 -131.516 560
243.746 -131.516 560
242.791 -131.516 560
241.837 -131.516 560
241.312 -131.751 561
240.356 -131.751 561
239.826 -131.986 562
238.868 -131.986 562
237.91 -131.986 562
236.952 -131.986 562
204.875 -129.872 553
204.301 -130.107 554
203.357 -130.107 554
202.413 -130.107 554
201.468 -130.107 554
200.524 -130.107 554
199.579 -130.107 554
198.635 -130.107 554
198.047 -130.342 555
197.456 -130.577 556
196.508 -130.577 556
195.561 -130.577 556
194.963 -130.812 557
194.013 -130.812 557
193.064 -130.812 557
192.804 -131.281 559
192.194 -131.516 560
191.24 -131.516 560
190.285 -131.516 560
189.33 -131.516 560
188.712 -131.751 561
187.756 -131.751 561
187.132 -131.986 562
186.837 -132.456 564
186.534 -132.925 566
185.57 -132.925 566
185.257 -133.395 568
184.613 -133.63 569
183.643 -133.63 569
182.673 -133.63 569
181.384 -133.395 568
180.098 -133.16 567
179.131 -133.16 567
177.85 -132.925 566
176.26 -132.456 564
175.299 -132.456 564
174.338 -132.456 564
173.069 -132.221 563
171.803 -131.986 562
170.845 -131.986 562
169.887 -131.986 562
168.929 -131.986 562
167.971 -131.986 562
167.013 -131.986 562
166.055 -131.986 562
165.097 -131.986 562
164.139 -131.986 562
163.181 -131.986 562
162.222 -131.986 562
161.264 -131.986 562
160.877 -132.456 564
159.915 -132.456 564
159.518 -132.925 566
158.553 -132.925 566
157.866 -133.16 567
157.176 -133.395 568
156.483 -133.63 569
155.513 -133.63 569
155.086 -134.1 571
154.383 -134.334 572
153.408 -134.334 572
152.965 -134.804 574
151.987 -134.804 574
151.272 -135.039 575
150.291 -135.039 575
149.311 -135.039 575
148.589 -135.274 576
147.607 -135.274 576
146.625 -135.274 576
145.643 -135.274 576
144.912 -135.509 577
143.929 -135.509 577
142.945 -135.509 577
142.207 -135.743 578
141.222 -135.743 578
140.479 -135.978 579
139.492 -135.978 579
139.223 -136.683 582
138.706 -137.153 584
137.71 -137.153 584
136.715 -137.153 584
136.184 -137.622 586
135.646 -138.092 588
134.644 -138.092 588
133.869 -138.327 589
132.865 -138.327 589
131.86 -138.327 589
130.856 -138.327 589
130.514 -139.031 592
129.504 -139.031 592
128.495 -139.031 592
293.142 -122.773 519
292.257 -122.773 519
291.373 -122.773 519
290.488 -122.773 519
289.603 -122.773 519
288.718 -122.773 519
288.388 -123.009 520
287.502 -123.009 520
286.615 -123.009 520
286.278 -123.246 521
285.938 -123.482 522
285.048 -123.482 522
284.703 -123.719 523
284.354 -123.956 524
284.542 -124.429 526
283.646 -124.429 526
283.286 -124.665 527
282.924 -124.902 528
282.024 -124.902 528
281.656 -125.138 529
280.754 -125.138 529
280.381 -125.375 530
279.478 -125.375 530
278.574 -125.375 530
278.195 -125.611 531
277.29 -125.611 531
276.384 -125.611 531
275.479 -125.611 531
275.091 -125.848 532
274.699 -126.085 533
273.791 -126.085 533
272.882 -126.085 533
272.484 -126.321 534
272.082 -126.558 535
271.17 -126.558 535
270.763 -126.794 536
270.353 -127.031 537
269.939 -127.267 538
269.022 -127.267 538
268.105 -127.267 538
267.684 -127.504 539
266.765 -127.504 539
266.34 -127.74 540
265.419 -127.74 540
264.988 -127.977 541
264.066 -127.977 541
263.144 -127.977 541
262.222 -127.977 541
261.782 -128.214 542
260.858 -128.214 542
260.414 -128.45 543
259.488 -128.45 543
259.039 -128.687 544
258.111 -128.687 544
258.13 -129.16 546
257.67 -129.396 547
257.207 -129.633 548
256.273 -129.633 548
255.804 -129.869 549
255.333 -130.106 550
254.858 -130.343 551
253.918 -130.343 551
253.438 -130.579 552
252.954 -130.816 553
252.012 -130.816 553
251.523 -131.052 554
251.031 -131.289 555
250.535 -131.525 556
249.588 -131.525 556
249.087 -131.762 557
248.583 -131.998 558
248.075 -132.235 559
247.122 -132.235 559
246.61 -132.472 560
245.655 -132.472 560
244.701 -132.472 560
243.746 -132.472 560
242.791 -132.472 560
241.837 -132.472 560
241.312 -132.708 561
240.356 -132.708 561
239.826 -132.945 562
238.868 -132.945 562
237.91 -132.945 562
236.952 -132.945 562
204.67 -131.289 555
203.724 -131.289 555
202.778 -131.289 555
201.832 -131.289 555
200.886 -131.289 555
199.94 -131.289 555
198.635 -131.052 554
198.047 -131.289 555
197.456 -131.525 556
196.508 -131.525 556
195.561 -131.525 556
194.963 -131.762 557
194.362 -131.998 558
193.41 -131.998 558
192.804 -132.235 559
192.194 -132.472 560
191.24 -132.472 560
190.625 -132.708 561
189.668 -132.708 561
189.048 -132.945 562
188.09 -132.945 562
187.132 -132.945 562
186.837 -133.418 564
186.534 -133.891 566
185.57 -133.891 566
185.257 -134.364 568
184.613 -134.601 569
183.643 -134.601 569
182.673 -134.601 569
181.384 -134.364 568
180.098 -134.127 567
179.131 -134.127 567
177.85 -133.891 566
176.573 -133.654 565
175.299 -133.418 564
174.338 -133.418 564
173.376 -133.418 564
172.109 -133.181 563
170.845 -132.945 562
169.887 -132.945 562
168.929 -132.945 562
167.971 -132.945 562
167.013 -132.945 562
166.055 -132.945 562
165.097 -132.945 562
164.139 -132.945 562
163.181 -132.945 562
162.222 -132.945 562
161.264 -132.945 562
160.877 -133.418 564
159.915 -133.418 564
159.518 -133.891 566
158.553 -133.891 566
157.866 -134.127 567
157.176 -134.364 568
156.483 -134.601 569
155.513 -134.601 569
155.086 -135.074 571
154.383 -135.31 572
153.408 -135.31 572
152.965 -135.783 574
151.987 -135.783 574
151.272 -136.02 575
150.291 -136.02 575
149.311 -136.02 575
148.589 -136.257 576
147.607 -136.257 576
146.625 -136.257 576
145.643 -136.257 576
144.912 -136.493 577
143.929 -136.493 577
142.945 -136.493 577
142.207 -136.73 578
141.222 -136.73 578
140.479 -136.966 579
139.492 -136.966 579
139.223 -137.676 582
138.706 -138.149 584
137.71 -138.149 584
136.715 -138.149 584
136.184 -138.622 586
135.646 -139.095 588
134.644 -139.095 588
133.869 -139.332 589
132.865 -139.332 589
131.86 -139.332 589
130.856 -139.332 589
130.514 -140.041 592
129.504 -140.041 592
128.495 -140.041 592
293.142 -123.658 519
292.257 -123.658 519
291.373 -123.658 519
290.488 -123.658 519
289.603 -123.658 519
288.718 -123.658 519
288.388 -123.897 520
287.502 -123.897 520
286.615 -123.897 520
286.278 -124.135 521
285.938 -124.373 522
285.048 -124.373 522
284.703 -124.611 523
284.354 -124.85 524
284.542 -125.326 526
283.646 -125.326 526
283.286 -125.564 527
282.924 -125.803 528
282.024 -125.803 528
281.124 -125.803 528
280.754 -126.041 529
279.852 -126.041 529
278.951 -126.041 529
278.574 -126.279 530
277.671 -126.279 530
276.767 -126.279 530
275.864 -126.279 530
275.479 -126.517 531
274.574 -126.517 531
274.184 -126.756 532
273.277 -126.756 532
272.882 -126.994 533
271.974 -126.994 533
271.573 -127.232 534
270.663 -127.232 534
270.258 -127.47 535
269.849 -127.709 536
269.437 -127.947 537
268.522 -127.947 537
268.105 -128.185 538
267.188 -128.185 538
266.765 -128.424 539
265.847 -128.424 539
265.419 -128.662 540
264.499 -128.662 540
263.578 -128.662 540
263.144 -128.9 541
262.222 -128.9 541
261.782 -129.138 542
260.858 -129.138 542
259.934 -129.138 542
259.488 -129.377 543
258.563 -129.377 543
257.637 -129.377 543
257.184 -129.615 544
257.199 -130.091 546
256.737 -130.33 547
255.805 -130.33 547
255.338 -130.568 548
254.868 -130.806 549
254.858 -131.283 551
253.918 -131.283 551
253.438 -131.521 552
252.497 -131.521 552
251.556 -131.521 552
251.069 -131.759 553
250.579 -131.997 554
250.085 -132.236 555
249.139 -132.236 555
248.64 -132.474 556
248.137 -132.712 557
247.632 -132.95 558
246.68 -132.95 558
246.169 -133.189 559
245.216 -133.189 559
244.264 -133.189 559
243.311 -133.189 559
242.358 -133.189 559
241.405 -133.189 559
240.882 -133.427 560
239.927 -133.427 560
239.399 -133.665 561
238.443 -133.665 561
237.487 -133.665 561
236.53 -133.665 561
204.67 -132.236 555
203.724 -132.236 555
202.778 -132.236 555
201.832 -132.236 555
200.886 -132.236 555
199.94 -132.236 555
198.993 -132.236 555
198.047 -132.236 555
197.456 -132.474 556
196.508 -132.474 556
195.561 -132.474 556
194.963 -132.712 557
194.71 -133.189 559
193.757 -133.189 559
193.149 -133.427 560
192.537 -133.665 561
191.581 -133.665 561
190.625 -133.665 561
190.006 -133.904 562
189.048 -133.904 562
188.09 -133.904 562
187.465 -134.142 563
187.168 -134.618 565
186.864 -135.095 567
185.897 -135.095 567
185.257 -135.333 568
184.289 -135.333 568
183.32 -135.333 568
182.352 -135.333 568
181.384 -135.333 568
180.098 -135.095 567
179.131 -135.095 567
177.85 -134.857 566
176.573 -134.618 565
175.299 -134.38 564
174.338 -134.38 564
173.376 -134.38 564
172.109 -134.142 563
170.845 -133.904 562
169.887 -133.904 562
168.929 -133.904 562
167.971 -133.904 562
167.013 -133.904 562
166.055 -133.904 562
165.097 -133.904 562
164.139 -133.904 562
163.181 -133.904 562
162.222 -133.904 562
161.264 -133.904 562
160.877 -134.38 564
160.199 -134.618 565
159.799 -135.095 567
158.833 -135.095 567
158.145 -135.333 568
157.453 -135.571 569
156.483 -135.571 569
155.513 -135.571 569
155.086 -136.048 571
154.383 -136.286 572
153.408 -136.286 572
152.699 -136.524 573
151.987 -136.763 574
151.272 -137.001 575
150.291 -137.001 575
149.311 -137.001 575
148.589 -137.239 576
147.607 -137.239 576
146.625 -137.239 576
145.643 -137.239 576
144.912 -137.477 577
143.929 -137.477 577
142.945 -137.477 577
142.207 -137.716 578
141.222 -137.716 578
140.479 -137.954 579
139.492 -137.954 579
139.223 -138.669 582
138.468 -138.907 583
137.71 -139.145 584
136.715 -139.145 584
136.184 -139.622 586
135.646 -140.098 588
134.644 -140.098 588
133.869 -140.337 589
132.865 -140.337 589
131.86 -140.337 589
130.856 -140.337 589
130.514 -141.051 592
129.504 -141.051 592
128.495 -141.051 592
292.013 -124.064 517
291.694 -124.304 518
291.373 -124.544 519
290.488 -124.544 519
289.603 -124.544 519
288.718 -124.544 519
287.834 -124.544 519
286.949 -124.544 519
286.615 -124.784 520
285.729 -124.784 520
285.39 -125.024 521
284.502 -125.024 521
284.158 -125.264 522
283.811 -125.504 523
283.46 -125.744 524
282.567 -125.744 524
282.749 -126.223 526
282.924 -126.703 528
282.024 -126.703 528
281.124 -126.703 528
280.754 -126.943 529
279.852 -126.943 529
278.951 -126.943 529
278.574 -127.183 530
277.671 -127.183 530
276.767 -127.183 530
275.864 -127.183 530
275.479 -127.423 531
274.574 -127.423 531
274.184 -127.663 532
273.277 -127.663 532
272.882 -127.903 533
271.974 -127.903 533
271.573 -128.143 534
270.663 -128.143 534
270.258 -128.383 535
269.849 -128.623 536
269.437 -128.863 537
268.522 -128.863 537
268.105 -129.103 538
267.188 -129.103 538
266.765 -129.343 539
265.847 -129.343 539
265.419 -129.583 540
264.499 -129.583 540
263.578 -129.583 540
263.144 -129.823 541
262.222 -129.823 541
261.299 -129.823 541
260.377 -129.823 541
259.934 -130.063 542
259.488 -130.303 543
258.563 -130.303 543
257.637 -130.303 543
257.184 -130.543 544
256.728 -130.783 545
256.268 -131.023 546
255.337 -131.023 546
255.338 -131.503 548
254.868 -131.743 549
254.395 -131.983 550
253.457 -131.983 550
252.979 -132.223 551
252.497 -132.463 552
251.556 -132.463 552
250.615 -132.463 552
250.126 -132.703 553
249.634 -132.943 554
248.69 -132.943 554
248.192 -133.183 555
247.692 -133.423 556
247.188 -133.663 557
246.238 -133.663 557
245.729 -133.902 558
244.778 -133.902 558
243.827 -133.902 558
242.875 -133.902 558
241.924 -133.902 558
241.405 -134.142 559
240.452 -134.142 559
239.499 -134.142 559
239.399 -134.622 561
238.443 -134.622 561
237.487 -134.622 561
236.53 -134.622 561
204.67 -133.183 555
203.724 -133.183 555
202.778 -133.183 555
201.832 -133.183 555
200.886 -133.183 555
199.94 -133.183 555
198.993 -133.183 555
198.047 -133.183 555
197.456 -133.423 556
196.508 -133.423 556
195.561 -133.423 556
194.963 -133.663 557
194.71 -134.142 559
193.757 -134.142 559
193.149 -134.382 560
192.537 -134.622 561
191.581 -134.622 561
190.965 -134.862 562
190.006 -134.862 562
189.385 -135.102 563
188.425 -135.102 563
187.465 -135.102 563
187.499 -135.822 566
186.864 -136.062 567
185.897 -136.062 567
185.257 -136.302 568
184.289 -136.302 568
183.32 -136.302 568
182.352 -136.302 568
181.384 -136.302 568
180.098 -136.062 567
179.131 -136.062 567
177.85 -135.822 566
176.573 -135.582 565
175.61 -135.582 565
174.647 -135.582 565
173.376 -135.342 564
172.415 -135.342 564
171.149 -135.102 563
170.189 -135.102 563
168.929 -134.862 562
167.971 -134.862 562
167.31 -135.102 563
166.35 -135.102 563
165.39 -135.102 563
164.431 -135.102 563
163.181 -134.862 562
162.511 -135.102 563
161.551 -135.102 563
160.877 -135.342 564
160.199 -135.582 565
159.799 -136.062 567
158.833 -136.062 567
158.145 -136.302 568
157.453 -136.542 569
156.483 -136.542 569
155.513 -136.542 569
154.815 -136.782 570
154.383 -137.262 572
153.408 -137.262 572
152.699 -137.502 573
151.987 -137.742 574
151.008 -137.742 574
150.03 -137.742 574
149.311 -137.982 575
148.589 -138.222 576
147.607 -138.222 576
146.625 -138.222 576
145.643 -138.222 576
144.661 -138.222 576
143.929 -138.462 577
142.945 -138.462 577
141.961 -138.462 577
141.222 -138.702 578
140.479 -138.942 579
139.492 -138.942 579
138.984 -139.422 581
138.231 -139.662 582
137.474 -139.902 583
136.48 -139.902 583
135.951 -140.382 585
135.415 -140.862 587
134.415 -140.862 587
133.641 -141.102 588
132.865 -141.342 589
131.86 -141.342 589
130.856 -141.342 589
130.514 -142.061 592
129.504 -142.061 592
128.495 -142.061 592
292.013 -124.946 517
291.131 -124.946 517
290.811 -125.188 518
289.928 -125.188 518
289.603 -125.429 519
288.718 -125.429 519
287.834 -125.429 519
286.949 -125.429 519
286.615 -125.671 520
285.729 -125.671 520
285.39 -125.913 521
284.502 -125.913 521
283.614 -125.913 521
283.268 -126.154 522
282.919 -126.396 523
282.028 -126.396 523
282.211 -126.879 525
281.852 -127.121 526
280.955 -127.121 526
281.124 -127.604 528
280.223 -127.604 528
279.852 -127.846 529
278.951 -127.846 529
278.049 -127.846 529
277.671 -128.088 530
276.767 -128.088 530
275.864 -128.088 530
274.96 -128.088 530
274.574 -128.329 531
273.669 -128.329 531
272.763 -128.329 531
272.37 -128.571 532
271.974 -128.813 533
271.065 -128.813 533
270.156 -128.813 533
269.753 -129.054 534
269.849 -129.538 536
269.437 -129.779 537
268.522 -129.779 537
267.606 -129.779 537
267.188 -130.021 538
266.271 -130.021 538
265.847 -130.263 539
265.419 -130.504 540
264.499 -130.504 540
263.578 -130.504 540
263.144 -130.746 541
262.222 -130.746 541
261.299 -130.746 541
260.377 -130.746 541
259.934 -130.988 542
259.488 -131.229 543
258.563 -131.229 543
257.637 -131.229 543
257.184 -131.471 544
256.728 -131.713 545
256.268 -131.954 546
255.337 -131.954 546
255.338 -132.438 548
254.868 -132.679 549
254.395 -132.921 550
253.457 -132.921 550
252.979 -133.163 551
252.497 -133.404 552
251.556 -133.404 552
250.615 -133.404 552
250.126 -133.646 553
249.634 -133.888 554
248.69 -133.888 554
248.192 -134.129 555
247.692 -134.371 556
247.188 -134.613 557
246.238 -134.613 557
245.729 -134.854 558
244.778 -134.854 558
243.827 -134.854 558
242.44 -134.613 557
241.491 -134.613 557
240.541 -134.613 557
240.452 -135.096 559
239.499 -135.096 559
238.973 -135.338 560
238.443 -135.58 561
237.487 -135.58 561
236.53 -135.58 561
235.154 -135.338 560
204.67 -134.129 555
203.724 -134.129 555
202.778 -134.129 555
201.832 -134.129 555
200.886 -134.129 555
199.94 -134.129 555
198.993 -134.129 555
198.047 -134.129 555
197.456 -134.371 556
196.508 -134.371 556
195.561 -134.371 556
194.963 -134.613 557
194.71 -135.096 559
193.757 -135.096 559
193.149 -135.338 560
192.537 -135.58 561
191.581 -135.58 561
190.965 -135.821 562
190.006 -135.821 562
189.385 -136.063 563
188.425 -136.063 563
187.465 -136.063 563
187.499 -136.788 566
186.864 -137.03 567
185.897 -137.03 567
185.257 -137.271 568
184.289 -137.271 568
183.32 -137.271 568
182.352 -137.271 568
181.384 -137.271 568
180.098 -137.03 567
179.131 -137.03 567
177.85 -136.788 566
176.573 -136.546 565
175.61 -136.546 565
174.647 -136.546 565
173.376 -136.305 564
172.415 -136.305 564
171.149 -136.063 563
170.189 -136.063 563
168.929 -135.821 562
167.971 -135.821 562
167.31 -136.063 563
166.35 -136.063 563
165.39 -136.063 563
164.431 -136.063 563
163.471 -136.063 563
162.511 -136.063 563
161.551 -136.063 563
160.877 -136.305 564
160.199 -136.546 565
159.799 -137.03 567
158.833 -137.03 567
158.145 -137.271 568
157.453 -137.513 569
156.483 -137.513 569
155.513 -137.513 569
154.815 -137.755 570
154.383 -138.238 572
153.408 -138.238 572
152.699 -138.48 573
151.987 -138.721 574
151.008 -138.721 574
150.03 -138.721 574
149.311 -138.963 575
148.589 -139.205 576
147.607 -139.205 576
146.625 -139.205 576
145.643 -139.205 576
144.661 -139.205 576
143.929 -139.446 577
142.945 -139.446 577
141.961 -139.446 577
140.978 -139.446 577
140.237 -139.688 578
139.251 -139.688 578
138.505 -139.93 579
137.993 -140.413 581
137.238 -140.655 582
136.246 -140.655 582
135.254 -140.655 582
135.185 -141.621 586
134.186 -141.621 586
133.641 -142.105 588
132.639 -142.105 588
131.86 -142.346 589
130.856 -142.346 589
129.852 -142.346 589
292.013 -125.828 517
291.131 -125.828 517
290.811 -126.071 518
289.928 -126.071 518
289.603 -126.315 519
288.718 -126.315 519
287.834 -126.315 519
286.949 -126.315 519
286.615 -126.558 520
285.729 -126.558 520
285.39 -126.801 521
284.502 -126.801 521
283.614 -126.801 521
282.726 -126.801 521
282.919 -127.288 523
282.028 -127.288 523
281.674 -127.532 524
281.316 -127.775 525
280.421 -127.775 525
280.591 -128.262 527
280.223 -128.505 528
279.323 -128.505 528
278.423 -128.505 528
277.523 -128.505 528
276.623 -128.505 528
276.245 -128.748 529
275.343 -128.748 529
274.442 -128.748 529
274.057 -128.992 530
273.669 -129.235 531
272.763 -129.235 531
271.858 -129.235 531
271.463 -129.479 532
270.556 -129.479 532
269.649 -129.479 532
269.248 -129.722 533
268.842 -129.965 534
268.936 -130.452 536
268.022 -130.452 536
267.606 -130.696 537
266.691 -130.696 537
265.776 -130.696 537
265.847 -131.182 539
264.928 -131.182 539
264.499 -131.426 540
263.578 -131.426 540
262.658 -131.426 540
262.222 -131.669 541
261.299 -131.669 541
260.377 -131.669 541
259.934 -131.912 542
259.488 -132.156 543
258.563 -132.156 543
257.637 -132.156 543
257.184 -132.399 544
256.728 -132.643 545
256.268 -132.886 546
255.337 -132.886 546
255.338 -133.373 548
254.404 -133.373 548
253.932 -133.616 549
252.997 -133.616 549
252.979 -134.103 551
252.04 -134.103 551
251.1 -134.103 551
250.615 -134.346 552
249.674 -134.346 552
249.184 -134.59 553
248.241 -134.59 553
247.745 -134.833 554
247.246 -135.076 555
246.744 -135.32 556
245.796 -135.32 556
244.848 -135.32 556
244.339 -135.563 557
243.39 -135.563 557
242.44 -135.563 557
241.491 -135.563 557
240.541 -135.563 557
240.452 -136.05 559
239.499 -136.05 559
238.973 -136.293 560
238.443 -136.537 561
237.487 -136.537 561
236.53 -136.537 561
235.154 -136.293 560
233.781 -136.05 559
232.828 -136.05 559
205.039 -135.32 556
204.091 -135.32 556
203.143 -135.32 556
202.196 -135.32 556
201.248 -135.32 556
199.94 -135.076 555
198.993 -135.076 555
198.404 -135.32 556
197.456 -135.32 556
196.508 -135.32 556
195.912 -135.563 557
194.963 -135.563 557
194.71 -136.05 559
194.104 -136.293 560
193.494 -136.537 561
192.881 -136.78 562
191.923 -136.78 562
190.965 -136.78 562
190.345 -137.023 563
189.385 -137.023 563
188.425 -137.023 563
187.798 -137.267 564
187.831 -137.997 567
186.864 -137.997 567
185.897 -137.997 567
184.931 -137.997 567
184.289 -138.24 568
183.32 -138.24 568
182.352 -138.24 568
181.384 -138.24 568
180.098 -137.997 567
179.131 -137.997 567
177.85 -137.754 566
176.573 -137.51 565
175.61 -137.51 565
174.647 -137.51 565
173.376 -137.267 564
172.415 -137.267 564
171.149 -137.023 563
170.189 -137.023 563
169.23 -137.023 563
168.27 -137.023 563
167.31 -137.023 563
166.35 -137.023 563
165.39 -137.023 563
164.431 -137.023 563
163.471 -137.023 563
162.511 -137.023 563
161.551 -137.023 563
160.877 -137.267 564
160.199 -137.51 565
159.799 -137.997 567
158.833 -137.997 567
158.145 -138.24 568
157.453 -138.484 569
156.483 -138.484 569
155.513 -138.484 569
154.815 -138.727 570
154.113 -138.97 571
153.139 -138.97 571
152.433 -139.214 572
151.722 -139.457 573
151.008 -139.701 574
150.03 -139.701 574
149.051 -139.701 574
148.331 -139.944 575
147.607 -140.187 576
146.625 -140.187 576
145.643 -140.187 576
144.661 -140.187 576
143.679 -140.187 576
142.697 -140.187 576
141.961 -140.431 577
140.978 -140.431 577
140.237 -140.674 578
139.251 -140.674 578
138.505 -140.917 579
137.993 -141.404 581
137.238 -141.648 582
136.246 -141.648 582
135.254 -141.648 582
135.185 -142.621 586
134.186 -142.621 586
133.641 -143.108 588
132.639 -143.108 588
131.86 -143.351 589
130.856 -143.351 589
129.852 -143.351 589
292.013 -126.71 517
291.131 -126.71 517
290.811 -126.955 518
289.928 -126.955 518
289.603 -127.2 519
288.718 -127.2 519
287.834 -127.2 519
286.949 -127.2 519
286.615 -127.445 520
285.729 -127.445 520
285.39 -127.69 521
284.502 -127.69 521
283.614 -127.69 521
282.726 -127.69 521
282.919 -128.18 523
282.028 -128.18 523
281.674 -128.426 524
281.316 -128.671 525
280.421 -128.671 525
280.591 -129.161 527
279.693 -129.161 527
279.323 -129.406 528
278.423 -129.406 528
277.523 -129.406 528
276.623 -129.406 528
275.723 -129.406 528
274.823 -129.406 528
274.442 -129.651 529
273.54 -129.651 529
273.153 -129.896 530
272.25 -129.896 530
271.858 -130.141 531
270.953 -130.141 531
270.048 -130.141 531
269.143 -130.141 531
268.743 -130.386 532
268.339 -130.631 533
267.932 -130.876 534
267.022 -130.876 534
266.61 -131.122 535
266.691 -131.612 537
265.776 -131.612 537
264.86 -131.612 537
264.928 -132.102 539
264.009 -132.102 539
263.09 -132.102 539
262.658 -132.347 540
261.737 -132.347 540
261.299 -132.592 541
260.377 -132.592 541
259.455 -132.592 541
259.01 -132.837 542
258.563 -133.082 543
257.637 -133.082 543
257.184 -133.327 544
256.257 -133.327 544
256.268 -133.817 546
255.337 -133.817 546
254.872 -134.063 547
254.404 -134.308 548
253.932 -134.553 549
252.997 -134.553 549
252.979 -135.043 551
252.04 -135.043 551
251.1 -135.043 551
250.161 -135.043 551
249.674 -135.288 552
249.184 -135.533 553
248.241 -135.533 553
247.745 -135.778 554
246.801 -135.778 554
246.3 -136.023 555
245.354 -136.023 555
244.408 -136.023 555
243.9 -136.268 556
243.39 -136.513 557
242.44 -136.513 557
241.491 -136.513 557
240.541 -136.513 557
240.452 -137.004 559
239.499 -137.004 559
238.973 -137.249 560
238.018 -137.249 560
237.063 -137.249 560
236.109 -137.249 560
235.154 -137.249 560
233.781 -137.004 559
232.828 -137.004 559
205.777 -136.759 558
204.825 -136.759 558
203.874 -136.759 558
202.923 -136.759 558
201.972 -136.759 558
200.3 -136.268 556
198.993 -136.023 555
198.404 -136.268 556
197.811 -136.513 557
196.862 -136.513 557
196.264 -136.759 558
195.313 -136.759 558
194.71 -137.004 559
194.104 -137.249 560
193.494 -137.494 561
192.881 -137.739 562
191.923 -137.739 562
190.965 -137.739 562
190.345 -137.984 563
189.721 -138.229 564
188.76 -138.229 564
187.798 -138.229 564
187.831 -138.964 567
187.194 -139.209 568
186.225 -139.209 568
185.257 -139.209 568
184.289 -139.209 568
183.32 -139.209 568
182.352 -139.209 568
181.384 -139.209 568
180.098 -138.964 567
179.131 -138.964 567
177.85 -138.719 566
176.573 -138.474 565
175.61 -138.474 565
174.647 -138.474 565
173.376 -138.229 564
172.415 -138.229 564
171.149 -137.984 563
170.189 -137.984 563
169.23 -137.984 563
168.27 -137.984 563
167.31 -137.984 563
166.35 -137.984 563
165.39 -137.984 563
164.431 -137.984 563
163.471 -137.984 563
162.511 -137.984 563
161.551 -137.984 563
160.877 -138.229 564
160.199 -138.474 565
159.518 -138.719 566
158.553 -138.719 566
157.866 -138.964 567
157.176 -139.209 568
156.208 -139.209 568
155.24 -139.209 568
154.543 -139.454 569
153.573 -139.454 569
152.603 -139.454 569
152.166 -139.945 571
151.457 -140.19 572
150.745 -140.435 573
149.769 -140.435 573
149.051 -140.68 574
148.331 -140.925 575
147.351 -140.925 575
146.37 -140.925 575
145.39 -140.925 575
144.661 -141.17 576
143.679 -141.17 576
142.697 -141.17 576
141.715 -141.17 576
140.733 -141.17 576
139.994 -141.415 577
139.01 -141.415 577
138.505 -141.905 579
137.756 -142.15 580
136.767 -142.15 580
135.778 -142.15 580
135.254 -142.641 582
135.185 -143.621 586
134.186 -143.621 586
133.414 -143.866 587
132.413 -143.866 587
131.413 -143.866 587
130.19 -143.621 586
292.013 -127.592 517
291.131 -127.592 517
290.811 -127.839 518
289.928 -127.839 518
289.603 -128.086 519
288.718 -128.086 519
287.834 -128.086 519
286.949 -128.086 519
286.615 -128.332 520
285.729 -128.332 520
285.39 -128.579 521
284.502 -128.579 521
283.614 -128.579 521
282.726 -128.579 521
282.378 -128.826 522
281.488 -128.826 522
281.136 -129.073 523
280.78 -129.32 524
279.887 -129.32 524
280.591 -130.06 527
279.693 -130.06 527
279.323 -130.307 528
278.423 -130.307 528
277.523 -130.307 528
276.623 -130.307 528
275.723 -130.307 528
274.823 -130.307 528
274.442 -130.554 529
273.54 -130.554 529
273.153 -130.8 530
272.25 -130.8 530
271.858 -131.047 531
270.953 -131.047 531
270.048 -131.047 531
269.143 -131.047 531
268.743 -131.294 532
268.339 -131.541 533
267.932 -131.787 534
267.022 -131.787 534
266.61 -132.034 535
266.691 -132.528 537
265.776 -132.528 537
264.86 -132.528 537
264.928 -133.021 539
264.009 -133.021 539
263.09 -133.021 539
262.658 -133.268 540
261.737 -133.268 540
260.816 -133.268 540
259.896 -133.268 540
259.455 -133.515 541
258.533 -133.515 541
257.61 -133.515 541
256.688 -133.515 541
256.239 -133.762 542
256.257 -134.255 544
255.329 -134.255 544
254.402 -134.255 544
254.406 -134.749 546
254.404 -135.243 548
253.932 -135.489 549
252.997 -135.489 549
252.52 -135.736 550
252.04 -135.983 551
251.1 -135.983 551
250.161 -135.983 551
249.674 -136.23 552
248.733 -136.23 552
247.792 -136.23 552
247.298 -136.477 553
246.355 -136.477 553
245.856 -136.723 554
244.912 -136.723 554
243.968 -136.723 554
243.462 -136.97 555
242.516 -136.97 555
241.57 -136.97 555
241.057 -137.217 556
240.541 -137.464 557
240.022 -137.711 558
239.07 -137.711 558
238.546 -137.957 559
237.593 -137.957 559
237.063 -138.204 560
236.109 -138.204 560
235.154 -138.204 560
234.199 -138.204 560
233.245 -138.204 560
231.875 -137.957 559
205.777 -137.711 558
204.825 -137.711 558
203.874 -137.711 558
202.923 -137.711 558
201.972 -137.711 558
200.3 -137.217 556
198.993 -136.97 555
198.404 -137.217 556
197.811 -137.464 557
196.862 -137.464 557
196.264 -137.711 558
195.313 -137.711 558
194.362 -137.711 558
194.104 -138.204 560
193.494 -138.451 561
192.881 -138.698 562
191.923 -138.698 562
190.965 -138.698 562
190.345 -138.944 563
189.721 -139.191 564
188.76 -139.191 564
187.798 -139.191 564
187.831 -139.932 567
187.194 -140.178 568
186.225 -140.178 568
185.257 -140.178 568
184.289 -140.178 568
183.32 -140.178 568
182.352 -140.178 568
181.384 -140.178 568
180.098 -139.932 567
179.131 -139.932 567
177.85 -139.685 566
176.573 -139.438 565
175.61 -139.438 565
174.647 -139.438 565
173.376 -139.191 564
172.415 -139.191 564
171.149 -138.944 563
170.189 -138.944 563
169.23 -138.944 563
168.27 -138.944 563
167.31 -138.944 563
166.35 -138.944 563
165.39 -138.944 563
164.431 -138.944 563
163.471 -138.944 563
162.511 -138.944 563
161.551 -138.944 563
160.592 -138.944 563
159.915 -139.191 564
159.236 -139.438 565
158.273 -139.438 565
157.588 -139.685 566
156.9 -139.932 567
155.933 -139.932 567
154.966 -139.932 567
154 -139.932 567
153.303 -140.178 568
152.335 -140.178 568
151.633 -140.425 569
151.193 -140.919 571
150.482 -141.166 572
149.507 -141.166 572
148.792 -141.412 573
148.073 -141.659 574
147.351 -141.906 575
146.37 -141.906 575
145.39 -141.906 575
144.41 -141.906 575
143.679 -142.153 576
142.697 -142.153 576
141.715 -142.153 576
140.733 -142.153 576
139.994 -142.4 577
139.01 -142.4 577
138.505 -142.893 579
137.518 -142.893 579
136.767 -143.14 580
135.778 -143.14 580
135.022 -143.387 581
135.185 -144.621 586
134.186 -144.621 586
133.414 -144.868 587
132.413 -144.868 587
131.413 -144.868 587
130.19 -144.621 586
291.448 -128.226 516
291.131 -128.474 517
290.25 -128.474 517
289.369 -128.474 517
289.045 -128.723 518
288.718 -128.971 519
287.834 -128.971 519
286.949 -128.971 519
286.064 -128.971 519
285.729 -129.22 520
284.842 -129.22 520
283.956 -129.22 520
283.614 -129.468 521
282.726 -129.468 521
282.378 -129.717 522
281.488 -129.717 522
281.136 -129.965 523
280.78 -130.214 524
279.887 -130.214 524
280.059 -130.711 526
279.693 -130.959 527
279.323 -131.208 528
278.423 -131.208 528
277.523 -131.208 528
276.623 -131.208 528
275.723 -131.208 528
274.823 -131.208 528
274.442 -131.456 529
273.54 -131.456 529
273.153 -131.705 530
272.25 -131.705 530
271.346 -131.705 530
270.443 -131.705 530
270.048 -131.953 531
269.143 -131.953 531
268.237 -131.953 531
267.836 -132.202 532
267.43 -132.45 533
266.522 -132.45 533
266.111 -132.699 534
265.698 -132.947 535
264.786 -132.947 535
264.86 -133.444 537
263.945 -133.444 537
264.009 -133.941 539
263.09 -133.941 539
262.171 -133.941 539
261.737 -134.19 540
260.816 -134.19 540
259.896 -134.19 540
259.455 -134.438 541
258.533 -134.438 541
257.61 -134.438 541
256.688 -134.438 541
256.239 -134.687 542
256.257 -135.184 544
255.329 -135.184 544
254.402 -135.184 544
254.406 -135.681 546
254.404 -136.178 548
253.932 -136.426 549
252.997 -136.426 549
252.52 -136.675 550
252.04 -136.923 551
251.1 -136.923 551
250.161 -136.923 551
249.674 -137.172 552
248.733 -137.172 552
247.792 -137.172 552
247.298 -137.42 553
246.355 -137.42 553
245.856 -137.669 554
244.912 -137.669 554
243.968 -137.669 554
243.462 -137.917 555
242.516 -137.917 555
241.57 -137.917 555
240.623 -137.917 555
239.677 -137.917 555
240.022 -138.663 558
239.07 -138.663 558
238.546 -138.911 559
238.018 -139.16 560
237.063 -139.16 560
236.109 -139.16 560
235.154 -139.16 560
234.617 -139.408 561
233.661 -139.408 561
232.705 -139.408 561
205.777 -138.663 558
205.192 -138.911 559
204.239 -138.911 559
203.287 -138.911 559
202.334 -138.911 559
201.02 -138.663 558
199.352 -138.166 556
198.761 -138.414 557
197.811 -138.414 557
196.862 -138.414 557
196.264 -138.663 558
195.313 -138.663 558
194.362 -138.663 558
194.104 -139.16 560
193.494 -139.408 561
192.881 -139.657 562
191.923 -139.657 562
190.965 -139.657 562
190.345 -139.905 563
189.721 -140.154 564
188.76 -140.154 564
187.798 -140.154 564
187.831 -140.899 567
187.194 -141.148 568
186.225 -141.148 568
185.257 -141.148 568
184.289 -141.148 568
183.32 -141.148 568
182.352 -141.148 568
181.384 -141.148 568
180.098 -140.899 567
179.131 -140.899 567
177.85 -140.651 566
176.573 -140.402 565
175.61 -140.402 565
174.647 -140.402 565
173.376 -140.154 564
172.415 -140.154 564
171.149 -139.905 563
170.189 -139.905 563
169.23 -139.905 563
168.27 -139.905 563
167.31 -139.905 563
166.35 -139.905 563
165.39 -139.905 563
164.431 -139.905 563
163.471 -139.905 563
162.511 -139.905 563
161.551 -139.905 563
160.592 -139.905 563
159.915 -140.154 564
159.236 -140.402 565
158.273 -140.402 565
157.588 -140.651 566
156.9 -140.899 567
155.933 -140.899 567
154.966 -140.899 567
154 -140.899 567
153.303 -141.148 568
152.335 -141.148 568
151.633 -141.396 569
151.193 -141.893 571
150.482 -142.142 572
149.507 -142.142 572
148.792 -142.39 573
148.073 -142.639 574
147.351 -142.887 575
146.37 -142.887 575
145.39 -142.887 575
144.41 -142.887 575
143.679 -143.136 576
142.697 -143.136 576
141.715 -143.136 576
140.733 -143.136 576
139.994 -143.384 577
139.01 -143.384 577
138.266 -143.633 578
137.518 -143.881 579
136.767 -144.13 580
135.778 -144.13 580
134.789 -144.13 580
134.954 -145.372 585
133.957 -145.372 585
133.187 -145.62 586
132.188 -145.62 586
131.189 -145.62 586
130.19 -145.62 586
290.883 -128.856 515
290.568 -129.106 516
290.25 -129.356 517
289.369 -129.356 517
288.487 -129.356 517
288.162 -129.606 518
287.834 -129.857 519
286.949 -129.857 519
286.064 -129.857 519
285.179 -129.857 519
284.842 -130.107 520
283.956 -130.107 520
283.069 -130.107 520
282.726 -130.357 521
281.837 -130.357 521
280.949 -130.357 521
280.599 -130.607 522
280.78 -131.108 524
279.887 -131.108 524
279.526 -131.358 525
279.162 -131.608 526
278.794 -131.858 527
277.896 -131.858 527
277.523 -132.108 528
276.623 -132.108 528
275.723 -132.108 528
274.823 -132.108 528
274.442 -132.359 529
273.54 -132.359 529
272.638 -132.359 529
271.736 -132.359 529
271.346 -132.609 530
270.443 -132.609 530
269.539 -132.609 530
268.636 -132.609 530
268.237 -132.859 531
267.836 -133.109 532
267.43 -133.359 533
266.522 -133.359 533
265.613 -133.359 533
265.698 -133.86 535
264.786 -133.86 535
264.86 -134.36 537
263.945 -134.36 537
263.029 -134.36 537
262.114 -134.36 537
262.171 -134.861 539
261.252 -134.861 539
260.816 -135.111 540
259.896 -135.111 540
258.975 -135.111 540
258.533 -135.361 541
257.61 -135.361 541
256.688 -135.361 541
255.766 -135.361 541
255.315 -135.611 542
255.329 -136.112 544
254.402 -136.112 544
253.475 -136.112 544
253.476 -136.612 546
253.47 -137.112 548
252.536 -137.112 548
252.061 -137.363 549
251.582 -137.613 550
250.645 -137.613 550
250.161 -137.863 551
249.222 -137.863 551
248.733 -138.113 552
247.792 -138.113 552
246.851 -138.113 552
246.355 -138.363 553
245.413 -138.363 553
244.47 -138.363 553
243.968 -138.614 554
243.023 -138.614 554
242.516 -138.864 555
241.57 -138.864 555
240.623 -138.864 555
239.677 -138.864 555
240.022 -139.615 558
239.07 -139.615 558
238.546 -139.865 559
238.018 -140.115 560
237.063 -140.115 560
236.109 -140.115 560
235.154 -140.115 560
234.617 -140.365 561
233.661 -140.365 561
232.705 -140.365 561
205.192 -139.865 559
204.239 -139.865 559
203.287 -139.865 559
202.334 -139.865 559
201.02 -139.615 558
199.711 -139.364 557
199.118 -139.615 558
198.167 -139.615 558
197.215 -139.615 558
196.264 -139.615 558
195.313 -139.615 558
194.362 -139.615 558
194.104 -140.115 560
193.494 -140.365 561
192.537 -140.365 561
191.581 -140.365 561
190.965 -140.615 562
190.345 -140.866 563
189.721 -141.116 564
188.76 -141.116 564
187.798 -141.116 564
187.831 -141.866 567
186.864 -141.866 567
185.897 -141.866 567
184.931 -141.866 567
183.964 -141.866 567
182.998 -141.866 567
182.031 -141.866 567
181.064 -141.866 567
180.098 -141.866 567
179.131 -141.866 567
177.85 -141.616 566
176.573 -141.366 565
175.61 -141.366 565
174.647 -141.366 565
173.376 -141.116 564
172.415 -141.116 564
171.149 -140.866 563
170.189 -140.866 563
169.23 -140.866 563
168.27 -140.866 563
167.013 -140.615 562
166.055 -140.615 562
165.097 -140.615 562
164.139 -140.615 562
163.181 -140.615 562
162.222 -140.615 562
161.264 -140.615 562
160.592 -140.866 563
159.915 -141.116 564
158.954 -141.116 564
157.992 -141.116 564
157.588 -141.616 566
156.623 -141.616 566
155.933 -141.866 567
154.966 -141.866 567
154 -141.866 567
153.033 -141.866 567
152.067 -141.866 567
151.367 -142.117 568
150.663 -142.367 569
150.219 -142.867 571
149.246 -142.867 571
148.532 -143.117 572
148.073 -143.618 574
147.351 -143.868 575
146.37 -143.868 575
145.39 -143.868 575
144.41 -143.868 575
143.679 -144.118 576
142.697 -144.118 576
141.715 -144.118 576
140.733 -144.118 576
139.994 -144.368 577
139.01 -144.368 577
138.266 -144.619 578
137.756 -145.119 580
136.767 -145.119 580
135.778 -145.119 580
134.789 -145.119 580
134.954 -146.37 585
133.957 -146.37 585
133.187 -146.62 586
132.188 -146.62 586
131.189 -146.62 586
130.19 -146.62 586
290.883 -129.734 515
290.568 -129.986 516
290.25 -130.238 517
289.369 -130.238 517
288.487 -130.238 517
288.162 -130.49 518
287.834 -130.742 519
286.949 -130.742 519
286.064 -130.742 519
285.179 -130.742 519
284.842 -130.994 520
283.956 -130.994 520
283.069 -130.994 520
282.726 -131.246 521
281.837 -131.246 521
280.949 -131.246 521
280.599 -131.498 522
280.78 -132.002 524
279.887 -132.002 524
279.526 -132.253 525
279.162 -132.505 526
278.265 -132.505 526
277.369 -132.505 526
276.998 -132.757 527
276.623 -133.009 528
275.723 -133.009 528
274.823 -133.009 528
273.923 -133.009 528
273.54 -133.261 529
272.638 -133.261 529
271.736 -133.261 529
270.834 -133.261 529
270.443 -133.513 530
269.539 -133.513 530
268.636 -133.513 530
267.732 -133.513 530
267.332 -133.765 531
267.43 -134.269 533
266.522 -134.269 533
265.613 -134.269 533
265.698 -134.773 535
264.786 -134.773 535
264.367 -135.024 536
263.945 -135.276 537
263.029 -135.276 537
262.114 -135.276 537
262.171 -135.78 539
261.252 -135.78 539
260.816 -136.032 540
259.896 -136.032 540
258.975 -136.032 540
258.055 -136.032 540
257.61 -136.284 541
256.688 -136.284 541
255.766 -136.284 541
255.315 -136.536 542
254.86 -136.788 543
253.934 -136.788 543
253.475 -137.04 544
253.476 -137.544 546
253.007 -137.796 547
252.075 -137.796 547
252.061 -138.299 549
251.582 -138.551 550
250.645 -138.551 550
249.707 -138.551 550
249.222 -138.803 551
248.733 -139.055 552
247.792 -139.055 552
246.851 -139.055 552
245.91 -139.055 552
245.413 -139.307 553
244.47 -139.307 553
243.527 -139.307 553
243.023 -139.559 554
242.079 -139.559 554
241.134 -139.559 554
240.623 -139.811 555
239.677 -139.811 555
240.022 -140.567 558
239.07 -140.567 558
238.546 -140.818 559
238.018 -141.07 560
237.063 -141.07 560
236.109 -141.07 560
235.154 -141.07 560
234.617 -141.322 561
233.661 -141.322 561
232.705 -141.322 561
205.192 -140.818 559
204.239 -140.818 559
203.287 -140.818 559
202.334 -140.818 559
201.02 -140.567 558
200.069 -140.567 558
199.118 -140.567 558
198.167 -140.567 558
197.215 -140.567 558
196.264 -140.567 558
195.313 -140.567 558
194.362 -140.567 558
194.104 -141.07 560
193.494 -141.322 561
192.537 -141.322 561
191.581 -141.322 561
190.965 -141.574 562
190.006 -141.574 562
189.385 -141.826 563
188.425 -141.826 563
187.798 -142.078 564
187.168 -142.33 565
186.864 -142.834 567
185.897 -142.834 567
184.931 -142.834 567
183.64 -142.582 566
182.675 -142.582 566
181.71 -142.582 566
180.745 -142.582 566
179.78 -142.582 566
178.815 -142.582 566
177.536 -142.33 565
176.573 -142.33 565
175.299 -142.078 564
174.338 -142.078 564
173.376 -142.078 564
172.415 -142.078 564
171.149 -141.826 563
170.189 -141.826 563
169.23 -141.826 563
167.971 -141.574 562
166.716 -141.322 561
165.759 -141.322 561
164.803 -141.322 561
163.847 -141.322 561
163.181 -141.574 562
162.222 -141.574 562
161.264 -141.574 562
160.592 -141.826 563
159.632 -141.826 563
158.954 -142.078 564
157.992 -142.078 564
157.309 -142.33 565
156.623 -142.582 566
155.658 -142.582 566
154.693 -142.582 566
153.728 -142.582 566
153.033 -142.834 567
152.067 -142.834 567
151.367 -143.086 568
150.663 -143.338 569
149.956 -143.589 570
148.984 -143.589 570
148.532 -144.093 572
148.073 -144.597 574
147.351 -144.849 575
146.37 -144.849 575
145.39 -144.849 575
144.41 -144.849 575
143.679 -145.101 576
142.697 -145.101 576
141.715 -145.101 576
140.733 -145.101 576
139.994 -145.353 577
139.01 -145.353 577
138.266 -145.605 578
137.756 -146.109 580
136.767 -146.109 580
135.778 -146.109 580
134.789 -146.109 580
134.723 -147.116 584
133.728 -147.116 584
132.732 -147.116 584
290.318 -130.359 514
290.005 -130.613 515
289.688 -130.867 516
288.809 -130.867 516
288.487 -131.12 517
287.606 -131.12 517
287.279 -131.374 518
286.396 -131.374 518
286.064 -131.627 519
285.179 -131.627 519
284.295 -131.627 519
283.41 -131.627 519
283.069 -131.881 520
282.183 -131.881 520
281.837 -132.135 521
280.949 -132.135 521
280.061 -132.135 521
280.245 -132.642 523
279.353 -132.642 523
278.994 -132.896 524
278.631 -133.149 525
278.265 -133.403 526
277.369 -133.403 526
276.998 -133.656 527
276.623 -133.91 528
275.723 -133.91 528
274.823 -133.91 528
273.923 -133.91 528
273.54 -134.164 529
272.638 -134.164 529
271.736 -134.164 529
270.834 -134.164 529
270.443 -134.417 530
269.539 -134.417 530
268.636 -134.417 530
267.732 -134.417 530
267.332 -134.671 531
267.43 -135.178 533
266.522 -135.178 533
265.613 -135.178 533
265.698 -135.685 535
264.786 -135.685 535
264.367 -135.939 536
263.945 -136.193 537
263.029 -136.193 537
262.114 -136.193 537
262.171 -136.7 539
261.252 -136.7 539
260.816 -136.953 540
259.896 -136.953 540
258.975 -136.953 540
258.055 -136.953 540
257.61 -137.207 541
256.688 -137.207 541
255.766 -137.207 541
255.315 -137.461 542
254.86 -137.714 543
253.934 -137.714 543
253.475 -137.968 544
253.476 -138.475 546
253.007 -138.729 547
252.075 -138.729 547
252.061 -139.236 549
251.582 -139.49 550
250.645 -139.49 550
249.707 -139.49 550
249.222 -139.743 551
248.733 -139.997 552
247.792 -139.997 552
246.851 -139.997 552
245.91 -139.997 552
245.413 -140.25 553
244.47 -140.25 553
243.527 -140.25 553
243.023 -140.504 554
242.079 -140.504 554
241.134 -140.504 554
240.623 -140.758 555
239.677 -140.758 555
240.022 -141.519 558
239.07 -141.519 558
238.546 -141.772 559
237.593 -141.772 559
237.063 -142.026 560
236.109 -142.026 560
235.154 -142.026 560
234.617 -142.279 561
233.661 -142.279 561
232.705 -142.279 561
205.192 -141.772 559
204.239 -141.772 559
203.287 -141.772 559
202.334 -141.772 559
201.02 -141.519 558
200.069 -141.519 558
199.118 -141.519 558
198.167 -141.519 558
197.215 -141.519 558
196.264 -141.519 558
195.313 -141.519 558
194.362 -141.519 558
193.757 -141.772 559
193.149 -142.026 560
192.537 -142.279 561
191.581 -142.279 561
190.965 -142.533 562
190.006 -142.533 562
189.385 -142.787 563
188.425 -142.787 563
187.798 -143.04 564
187.168 -143.294 565
186.864 -143.801 567
185.897 -143.801 567
184.931 -143.801 567
183.64 -143.547 566
182.675 -143.547 566
181.71 -143.547 566
180.745 -143.547 566
179.78 -143.547 566
178.815 -143.547 566
177.536 -143.294 565
176.573 -143.294 565
175.299 -143.04 564
174.338 -143.04 564
173.376 -143.04 564
172.415 -143.04 564
171.149 -142.787 563
170.189 -142.787 563
169.23 -142.787 563
167.971 -142.533 562
166.716 -142.279 561
165.759 -142.279 561
164.803 -142.279 561
163.847 -142.279 561
162.89 -142.279 561
162.222 -142.533 562
161.264 -142.533 562
160.592 -142.787 563
159.632 -142.787 563
158.954 -143.04 564
157.992 -143.04 564
157.309 -143.294 565
156.623 -143.547 566
155.658 -143.547 566
154.693 -143.547 566
153.728 -143.547 566
153.033 -143.801 567
152.067 -143.801 567
151.367 -144.055 568
150.663 -144.308 569
149.956 -144.562 570
148.984 -144.562 570
148.532 -145.069 572
148.073 -145.576 574
147.351 -145.83 575
146.37 -145.83 575
145.39 -145.83 575
144.661 -146.084 576
143.679 -146.084 576
142.697 -146.084 576
141.961 -146.337 577
140.978 -146.337 577
140.237 -146.591 578
139.251 -146.591 578
138.744 -147.098 580
137.993 -147.352 581
137.003 -147.352 581
136.715 -148.113 584
135.719 -148.113 584
134.723 -148.113 584
133.728 -148.113 584
290.318 -131.236 514
289.442 -131.236 514
289.688 -131.747 516
288.809 -131.747 516
287.929 -131.747 516
287.606 -132.002 517
287.279 -132.258 518
286.396 -132.258 518
285.513 -132.258 518
285.179 -132.513 519
284.295 -132.513 519
283.41 -132.513 519
283.069 -132.768 520
282.183 -132.768 520
281.837 -133.024 521
280.949 -133.024 521
280.061 -133.024 521
279.709 -133.279 522
279.353 -133.534 523
278.461 -133.534 523
278.101 -133.79 524
277.736 -134.045 525
276.841 -134.045 525
276.472 -134.3 526
276.099 -134.556 527
275.723 -134.811 528
274.823 -134.811 528
273.923 -134.811 528
273.023 -134.811 528
272.638 -135.066 529
271.736 -135.066 529
270.834 -135.066 529
269.932 -135.066 529
269.031 -135.066 529
268.129 -135.066 529
267.732 -135.321 530
267.332 -135.577 531
266.427 -135.577 531
265.522 -135.577 531
265.613 -136.087 533
264.704 -136.087 533
264.786 -136.598 535
263.874 -136.598 535
263.945 -137.109 537
263.029 -137.109 537
262.114 -137.109 537
262.171 -137.619 539
261.252 -137.619 539
260.816 -137.875 540
259.896 -137.875 540
258.975 -137.875 540
258.055 -137.875 540
257.61 -138.13 541
256.688 -138.13 541
255.766 -138.13 541
255.315 -138.385 542
254.86 -138.641 543
253.934 -138.641 543
253.475 -138.896 544
253.476 -139.407 546
253.007 -139.662 547
252.075 -139.662 547
252.061 -140.173 549
251.582 -140.428 550
250.645 -140.428 550
249.707 -140.428 550
249.222 -140.683 551
248.733 -140.939 552
247.792 -140.939 552
246.851 -140.939 552
245.91 -140.939 552
245.413 -141.194 553
244.47 -141.194 553
243.527 -141.194 553
243.023 -141.449 554
242.079 -141.449 554
241.134 -141.449 554
240.623 -141.705 555
239.677 -141.705 555
239.591 -142.215 557
238.642 -142.215 557
238.119 -142.471 558
237.593 -142.726 559
236.64 -142.726 559
235.687 -142.726 559
234.734 -142.726 559
233.781 -142.726 559
232.828 -142.726 559
204.239 -142.726 559
203.287 -142.726 559
202.334 -142.726 559
201.02 -142.471 558
200.428 -142.726 559
199.475 -142.726 559
198.522 -142.726 559
197.569 -142.726 559
196.616 -142.726 559
195.663 -142.726 559
194.71 -142.726 559
193.757 -142.726 559
193.149 -142.981 560
192.537 -143.237 561
191.581 -143.237 561
190.965 -143.492 562
190.006 -143.492 562
189.385 -143.747 563
188.425 -143.747 563
187.465 -143.747 563
187.168 -144.258 565
186.205 -144.258 565
185.242 -144.258 565
184.278 -144.258 565
183.315 -144.258 565
182.352 -144.258 565
181.389 -144.258 565
180.426 -144.258 565
179.463 -144.258 565
178.499 -144.258 565
177.536 -144.258 565
176.26 -144.002 564
175.299 -144.002 564
174.338 -144.002 564
173.376 -144.002 564
172.415 -144.002 564
171.149 -143.747 563
170.189 -143.747 563
168.929 -143.492 562
167.672 -143.237 561
166.716 -143.237 561
165.759 -143.237 561
164.803 -143.237 561
163.555 -142.981 560
162.89 -143.237 561
162.222 -143.492 562
161.264 -143.492 562
160.592 -143.747 563
159.632 -143.747 563
158.954 -144.002 564
157.992 -144.002 564
157.309 -144.258 565
156.623 -144.513 566
155.658 -144.513 566
154.693 -144.513 566
153.728 -144.513 566
153.033 -144.768 567
152.067 -144.768 567
151.367 -145.024 568
150.663 -145.279 569
149.956 -145.534 570
148.984 -145.534 570
148.532 -146.045 572
148.331 -146.811 575
147.351 -146.811 575
146.37 -146.811 575
145.643 -147.066 576
144.661 -147.066 576
143.929 -147.322 577
142.945 -147.322 577
141.961 -147.322 577
141.222 -147.577 578
140.237 -147.577 578
139.492 -147.832 579
138.744 -148.088 580
137.993 -148.343 581
137.003 -148.343 581
136.715 -149.109 584
135.719 -149.109 584
134.723 -149.109 584
133.728 -149.109 584
290.318 -132.113 514
289.442 -132.113 514
289.688 -132.627 516
288.809 -132.627 516
287.929 -132.627 516
287.606 -132.884 517
287.279 -133.141 518
286.396 -133.141 518
285.513 -133.141 518
284.63 -133.141 518
284.295 -133.398 519
283.41 -133.398 519
282.525 -133.398 519
282.183 -133.655 520
281.296 -133.655 520
280.41 -133.655 520
280.061 -133.912 521
279.709 -134.169 522
278.819 -134.169 522
278.461 -134.426 523
278.101 -134.684 524
277.736 -134.941 525
276.841 -134.941 525
276.472 -135.198 526
275.575 -135.198 526
275.201 -135.455 527
274.302 -135.455 527
273.923 -135.712 528
273.023 -135.712 528
272.123 -135.712 528
271.222 -135.712 528
270.834 -135.969 529
269.932 -135.969 529
269.031 -135.969 529
268.129 -135.969 529
267.732 -136.226 530
266.829 -136.226 530
266.427 -136.483 531
265.522 -136.483 531
264.616 -136.483 531
264.208 -136.74 532
264.291 -137.254 534
263.38 -137.254 534
262.962 -137.511 535
263.029 -138.025 537
262.114 -138.025 537
261.685 -138.282 538
261.252 -138.539 539
260.333 -138.539 539
259.415 -138.539 539
258.975 -138.796 540
258.055 -138.796 540
257.134 -138.796 540
256.214 -138.796 540
255.766 -139.053 541
255.315 -139.31 542
254.86 -139.567 543
253.934 -139.567 543
253.475 -139.824 544
253.476 -140.338 546
253.007 -140.595 547
252.075 -140.595 547
252.061 -141.109 549
251.582 -141.366 550
250.645 -141.366 550
249.707 -141.366 550
249.222 -141.623 551
248.733 -141.88 552
247.792 -141.88 552
246.851 -141.88 552
245.91 -141.88 552
245.413 -142.137 553
244.47 -142.137 553
243.527 -142.137 553
242.584 -142.137 553
242.079 -142.394 554
241.134 -142.394 554
240.623 -142.651 555
239.677 -142.651 555
239.591 -143.166 557
238.642 -143.166 557
238.119 -143.423 558
237.593 -143.68 559
236.64 -143.68 559
235.687 -143.68 559
234.734 -143.68 559
233.781 -143.68 559
232.828 -143.68 559
231.46 -143.423 558
201.02 -143.423 558
201.145 -144.194 561
200.545 -144.451 562
199.587 -144.451 562
198.629 -144.451 562
197.671 -144.451 562
196.713 -144.451 562
195.407 -144.194 561
194.45 -144.194 561
193.494 -144.194 561
192.881 -144.451 562
191.923 -144.451 562
190.965 -144.451 562
190.006 -144.451 562
189.048 -144.451 562
188.09 -144.451 562
187.465 -144.708 563
187.168 -145.222 565
186.205 -145.222 565
185.242 -145.222 565
184.278 -145.222 565
182.991 -144.965 564
182.029 -144.965 564
181.068 -144.965 564
180.106 -144.965 564
179.145 -144.965 564
178.183 -144.965 564
177.222 -144.965 564
175.948 -144.708 563
174.988 -144.708 563
174.028 -144.708 563
173.069 -144.708 563
172.109 -144.708 563
170.845 -144.451 562
169.887 -144.451 562
168.628 -144.194 561
167.672 -144.194 561
166.418 -143.937 560
165.464 -143.937 560
164.509 -143.937 560
163.555 -143.937 560
162.89 -144.194 561
161.934 -144.194 561
160.977 -144.194 561
160.306 -144.451 562
159.632 -144.708 563
158.954 -144.965 564
157.992 -144.965 564
157.309 -145.222 565
156.346 -145.222 565
155.658 -145.479 566
154.693 -145.479 566
153.728 -145.479 566
153.033 -145.736 567
152.067 -145.736 567
151.1 -145.736 567
150.663 -146.25 569
149.956 -146.507 570
148.984 -146.507 570
148.272 -146.764 571
148.331 -147.792 575
147.351 -147.792 575
146.37 -147.792 575
145.643 -148.049 576
144.661 -148.049 576
143.929 -148.306 577
142.945 -148.306 577
141.961 -148.306 577
141.222 -148.563 578
140.237 -148.563 578
139.492 -148.82 579
138.744 -149.077 580
138.468 -149.848 583
137.474 -149.848 583
136.715 -150.105 584
135.719 -150.105 584
134.723 -150.105 584
133.728 -150.105 584
290.318 -132.99 514
289.442 -132.99 514
289.688 -133.508 516
288.809 -133.508 516
287.929 -133.508 516
287.606 -133.766 517
287.279 -134.025 518
286.396 -134.025 518
285.513 -134.025 518
284.63 -134.025 518
284.295 -134.284 519
283.41 -134.284 519
282.525 -134.284 519
282.183 -134.543 520
281.296 -134.543 520
280.41 -134.543 520
280.061 -134.801 521
279.709 -135.06 522
278.819 -135.06 522
278.461 -135.319 523
278.101 -135.578 524
277.736 -135.836 525
276.841 -135.836 525
275.946 -135.836 525
275.575 -136.095 526
275.201 -136.354 527
274.302 -136.354 527
273.404 -136.354 527
273.023 -136.612 528
272.123 -136.612 528
271.222 -136.612 528
270.322 -136.612 528
269.932 -136.871 529
269.031 -136.871 529
268.129 -136.871 529
267.227 -136.871 529
266.829 -137.13 530
265.925 -137.13 530
265.022 -137.13 530
264.616 -137.389 531
264.208 -137.647 532
263.796 -137.906 533
262.887 -137.906 533
262.47 -138.165 534
262.05 -138.424 535
261.138 -138.424 535
261.198 -138.941 537
260.768 -139.2 538
260.333 -139.459 539
259.415 -139.459 539
258.496 -139.459 539
258.055 -139.717 540
257.134 -139.717 540
256.214 -139.717 540
255.766 -139.976 541
254.844 -139.976 541
254.391 -140.235 542
253.467 -140.235 542
253.009 -140.494 543
252.547 -140.752 544
252.545 -141.27 546
251.614 -141.27 546
251.602 -141.787 548
251.125 -142.046 549
250.189 -142.046 549
249.707 -142.305 550
249.222 -142.563 551
248.733 -142.822 552
247.792 -142.822 552
246.851 -142.822 552
245.91 -142.822 552
244.969 -142.822 552
244.028 -142.822 552
243.527 -143.081 553
242.584 -143.081 553
242.079 -143.34 554
241.134 -143.34 554
240.623 -143.598 555
239.677 -143.598 555
239.591 -144.116 557
238.642 -144.116 557
237.692 -144.116 557
236.743 -144.116 557
236.217 -144.375 558
235.265 -144.375 558
234.314 -144.375 558
233.363 -144.375 558
232.412 -144.375 558
231.46 -144.375 558
201.02 -144.375 558
201.503 -145.41 562
200.545 -145.41 562
199.587 -145.41 562
198.629 -145.41 562
197.671 -145.41 562
196.713 -145.41 562
195.407 -145.151 561
194.45 -145.151 561
193.839 -145.41 562
192.881 -145.41 562
191.923 -145.41 562
190.965 -145.41 562
190.006 -145.41 562
189.048 -145.41 562
188.09 -145.41 562
187.465 -145.668 563
186.505 -145.668 563
185.875 -145.927 564
184.914 -145.927 564
183.952 -145.927 564
182.666 -145.668 563
181.707 -145.668 563
180.747 -145.668 563
179.787 -145.668 563
178.827 -145.668 563
177.868 -145.668 563
176.908 -145.668 563
175.948 -145.668 563
174.988 -145.668 563
174.028 -145.668 563
172.761 -145.41 562
171.803 -145.41 562
170.845 -145.41 562
169.887 -145.41 562
168.628 -145.151 561
167.672 -145.151 561
166.418 -144.892 560
165.464 -144.892 560
164.509 -144.892 560
163.555 -144.892 560
162.89 -145.151 561
161.934 -145.151 561
160.977 -145.151 561
160.306 -145.41 562
159.632 -145.668 563
158.954 -145.927 564
157.992 -145.927 564
157.031 -145.927 564
156.346 -146.186 565
155.383 -146.186 565
154.42 -146.186 565
153.728 -146.444 566
152.763 -146.444 566
151.798 -146.444 566
151.1 -146.703 567
150.398 -146.962 568
149.693 -147.221 569
148.723 -147.221 569
148.272 -147.738 571
148.331 -148.773 575
147.351 -148.773 575
146.37 -148.773 575
145.643 -149.032 576
144.661 -149.032 576
143.929 -149.291 577
142.945 -149.291 577
141.961 -149.291 577
141.222 -149.549 578
140.237 -149.549 578
139.492 -149.808 579
138.744 -150.067 580
138.468 -150.843 583
137.474 -150.843 583
136.715 -151.102 584
135.719 -151.102 584
134.723 -151.102 584
133.728 -151.102 584
290.318 -133.867 514
289.442 -133.867 514
289.127 -134.128 515
288.249 -134.128 515
287.929 -134.388 516
287.606 -134.648 517
286.724 -134.648 517
285.843 -134.648 517
285.513 -134.909 518
284.63 -134.909 518
284.295 -135.169 519
283.41 -135.169 519
282.525 -135.169 519
282.183 -135.43 520
281.296 -135.43 520
280.41 -135.43 520
280.061 -135.69 521
279.173 -135.69 521
278.285 -135.69 521
278.461 -136.211 523
278.101 -136.472 524
277.207 -136.472 524
276.314 -136.472 524
275.946 -136.732 525
275.575 -136.992 526
275.201 -137.253 527
274.302 -137.253 527
273.404 -137.253 527
273.023 -137.513 528
272.123 -137.513 528
271.222 -137.513 528
270.322 -137.513 528
269.932 -137.774 529
269.031 -137.774 529
268.129 -137.774 529
267.227 -137.774 529
266.829 -138.034 530
265.925 -138.034 530
265.022 -138.034 530
264.616 -138.295 531
264.208 -138.555 532
263.796 -138.816 533
262.887 -138.816 533
262.47 -139.076 534
262.05 -139.336 535
261.138 -139.336 535
261.198 -139.857 537
260.768 -140.118 538
260.333 -140.378 539
259.415 -140.378 539
258.496 -140.378 539
257.577 -140.378 539
257.134 -140.639 540
256.214 -140.639 540
255.293 -140.639 540
254.844 -140.899 541
254.391 -141.16 542
253.467 -141.16 542
253.009 -141.42 543
252.083 -141.42 543
252.082 -141.941 545
251.153 -141.941 545
251.142 -142.462 547
251.125 -142.983 549
250.189 -142.983 549
249.707 -143.243 550
249.222 -143.503 551
248.282 -143.503 551
247.343 -143.503 551
246.851 -143.764 552
245.91 -143.764 552
244.969 -143.764 552
244.028 -143.764 552
243.527 -144.024 553
242.584 -144.024 553
242.079 -144.285 554
241.134 -144.285 554
240.623 -144.545 555
239.677 -144.545 555
239.161 -144.806 556
238.213 -144.806 556
237.692 -145.066 557
236.743 -145.066 557
235.793 -145.066 557
234.844 -145.066 557
233.894 -145.066 557
233.363 -145.327 558
232.412 -145.327 558
231.46 -145.327 558
230.922 -145.587 559
229.969 -145.587 559
229.016 -145.587 559
201.503 -146.368 562
200.545 -146.368 562
199.587 -146.368 562
198.629 -146.368 562
197.671 -146.368 562
196.713 -146.368 562
195.407 -146.108 561
194.45 -146.108 561
193.839 -146.368 562
192.881 -146.368 562
191.923 -146.368 562
190.965 -146.368 562
190.006 -146.368 562
189.048 -146.368 562
188.09 -146.368 562
187.465 -146.629 563
186.505 -146.629 563
185.875 -146.889 564
184.914 -146.889 564
183.952 -146.889 564
182.666 -146.629 563
181.707 -146.629 563
180.747 -146.629 563
179.787 -146.629 563
178.827 -146.629 563
177.868 -146.629 563
176.908 -146.629 563
175.948 -146.629 563
174.988 -146.629 563
174.028 -146.629 563
172.761 -146.368 562
171.803 -146.368 562
170.845 -146.368 562
169.887 -146.368 562
168.929 -146.368 562
167.672 -146.108 561
166.716 -146.108 561
165.759 -146.108 561
164.509 -145.847 560
163.847 -146.108 561
162.89 -146.108 561
161.934 -146.108 561
160.977 -146.108 561
160.306 -146.368 562
159.632 -146.629 563
158.954 -146.889 564
157.992 -146.889 564
157.031 -146.889 564
156.346 -147.15 565
155.383 -147.15 565
154.42 -147.15 565
153.728 -147.41 566
152.763 -147.41 566
151.798 -147.41 566
151.1 -147.671 567
150.398 -147.931 568
149.693 -148.191 569
148.723 -148.191 569
148.272 -148.712 571
148.331 -149.754 575
147.351 -149.754 575
146.37 -149.754 575
145.643 -150.015 576
144.661 -150.015 576
143.929 -150.275 577
142.945 -150.275 577
141.961 -150.275 577
141.222 -150.535 578
140.237 -150.535 578
139.492 -150.796 579
138.744 -151.056 580
138.468 -151.838 583
137.474 -151.838 583
136.715 -152.098 584
135.719 -152.098 584
134.723 -152.098 584
133.728 -152.098 584
289.753 -134.482 513
289.442 -134.744 514
289.127 -135.006 515
288.249 -135.006 515
287.929 -135.268 516
287.05 -135.268 516
286.724 -135.531 517
285.843 -135.531 517
284.962 -135.531 517
284.63 -135.793 518
284.295 -136.055 519
283.41 -136.055 519
282.525 -136.055 519
281.64 -136.055 519
281.296 -136.317 520
280.41 -136.317 520
280.061 -136.579 521
279.173 -136.579 521
278.285 -136.579 521
278.461 -137.103 523
277.57 -137.103 523
277.207 -137.366 524
276.314 -137.366 524
275.421 -137.366 524
275.575 -137.89 526
274.679 -137.89 526
273.782 -137.89 526
273.404 -138.152 527
272.506 -138.152 527
272.123 -138.414 528
271.222 -138.414 528
270.322 -138.414 528
269.932 -138.676 529
269.031 -138.676 529
268.129 -138.676 529
267.227 -138.676 529
266.829 -138.938 530
265.925 -138.938 530
265.022 -138.938 530
264.616 -139.201 531
264.208 -139.463 532
263.796 -139.725 533
262.887 -139.725 533
262.47 -139.987 534
262.05 -140.249 535
261.138 -140.249 535
261.198 -140.773 537
260.768 -141.036 538
259.85 -141.036 538
258.933 -141.036 538
258.496 -141.298 539
257.577 -141.298 539
257.134 -141.56 540
256.214 -141.56 540
255.293 -141.56 540
254.844 -141.822 541
254.391 -142.084 542
253.467 -142.084 542
253.009 -142.346 543
252.083 -142.346 543
252.082 -142.871 545
251.153 -142.871 545
251.142 -143.395 547
251.125 -143.919 549
250.189 -143.919 549
249.707 -144.181 550
249.222 -144.444 551
248.282 -144.444 551
247.343 -144.444 551
246.851 -144.706 552
245.91 -144.706 552
244.969 -144.706 552
244.028 -144.706 552
243.527 -144.968 553
242.584 -144.968 553
242.079 -145.23 554
241.134 -145.23 554
240.623 -145.492 555
239.677 -145.492 555
239.161 -145.754 556
238.213 -145.754 556
237.692 -146.016 557
236.743 -146.016 557
235.793 -146.016 557
234.844 -146.016 557
233.894 -146.016 557
233.363 -146.279 558
232.412 -146.279 558
231.46 -146.279 558
230.922 -146.541 559
230.381 -146.803 560
229.426 -146.803 560
228.471 -146.803 560
201.503 -147.327 562
200.545 -147.327 562
199.587 -147.327 562
198.629 -147.327 562
197.671 -147.327 562
196.713 -147.327 562
195.755 -147.327 562
194.797 -147.327 562
193.839 -147.327 562
192.881 -147.327 562
191.923 -147.327 562
190.965 -147.327 562
190.006 -147.327 562
189.048 -147.327 562
188.09 -147.327 562
187.132 -147.327 562
186.505 -147.589 563
185.546 -147.589 563
184.586 -147.589 563
183.626 -147.589 563
182.666 -147.589 563
181.707 -147.589 563
180.747 -147.589 563
179.787 -147.589 563
178.827 -147.589 563
177.868 -147.589 563
176.908 -147.589 563
175.948 -147.589 563
174.988 -147.589 563
174.028 -147.589 563
172.761 -147.327 562
171.803 -147.327 562
170.845 -147.327 562
169.887 -147.327 562
168.929 -147.327 562
167.672 -147.065 561
166.716 -147.065 561
165.759 -147.065 561
164.509 -146.803 560
163.847 -147.065 561
162.89 -147.065 561
161.934 -147.065 561
160.977 -147.065 561
160.306 -147.327 562
159.632 -147.589 563
158.954 -147.851 564
157.992 -147.851 564
157.031 -147.851 564
156.346 -148.114 565
155.383 -148.114 565
154.42 -148.114 565
153.728 -148.376 566
152.763 -148.376 566
151.798 -148.376 566
151.1 -148.638 567
150.398 -148.9 568
149.693 -149.162 569
148.723 -149.162 569
148.272 -149.686 571
148.331 -150.735 575
147.351 -150.735 575
146.37 -150.735 575
145.643 -150.997 576
144.661 -150.997 576
143.929 -151.259 577
142.945 -151.259 577
141.961 -151.259 577
141.222 -151.522 578
140.237 -151.522 578
139.492 -151.784 579
138.505 -151.784 579
138.231 -152.57 582
137.238 -152.57 582
136.48 -152.832 583
135.487 -152.832 583
134.493 -152.832 583
133.499 -152.832 583
289.753 -135.357 513
289.442 -135.621 514
289.127 -135.885 515
288.249 -135.885 515
287.371 -135.885 515
287.05 -136.149 516
286.724 -136.413 517
285.843 -136.413 517
284.962 -136.413 517
284.08 -136.413 517
284.295 -136.94 519
283.41 -136.94 519
282.525 -136.94 519
281.64 -136.94 519
281.296 -137.204 520
280.41 -137.204 520
280.061 -137.468 521
279.173 -137.468 521
278.285 -137.468 521
277.929 -137.732 522
277.57 -137.996 523
277.207 -138.26 524
276.314 -138.26 524
275.421 -138.26 524
275.051 -138.523 525
274.679 -138.787 526
273.782 -138.787 526
272.885 -138.787 526
272.506 -139.051 527
271.607 -139.051 527
270.709 -139.051 527
270.322 -139.315 528
269.932 -139.579 529
269.031 -139.579 529
268.129 -139.579 529
267.227 -139.579 529
266.829 -139.843 530
266.427 -140.107 531
265.522 -140.107 531
264.616 -140.107 531
264.208 -140.37 532
263.796 -140.634 533
262.887 -140.634 533
262.47 -140.898 534
261.56 -140.898 534
260.649 -140.898 534
261.198 -141.69 537
260.768 -141.953 538
259.85 -141.953 538
258.933 -141.953 538
258.496 -142.217 539
257.577 -142.217 539
257.134 -142.481 540
256.214 -142.481 540
255.293 -142.481 540
254.844 -142.745 541
254.391 -143.009 542
253.467 -143.009 542
252.543 -143.009 542
252.083 -143.273 543
251.62 -143.537 544
250.692 -143.537 544
250.683 -144.064 546
250.667 -144.592 548
249.733 -144.592 548
249.253 -144.856 549
248.769 -145.12 550
248.282 -145.384 551
247.343 -145.384 551
246.404 -145.384 551
245.91 -145.647 552
244.969 -145.647 552
244.028 -145.647 552
243.087 -145.647 552
242.584 -145.911 553
242.079 -146.175 554
241.134 -146.175 554
240.623 -146.439 555
239.677 -146.439 555
239.161 -146.703 556
238.213 -146.703 556
237.692 -146.967 557
236.743 -146.967 557
235.793 -146.967 557
234.844 -146.967 557
233.894 -146.967 557
233.363 -147.231 558
232.412 -147.231 558
231.46 -147.231 558
230.922 -147.494 559
230.381 -147.758 560
229.426 -147.758 560
228.471 -147.758 560
227.11 -147.494 559
226.157 -147.494 559
201.862 -148.55 563
200.902 -148.55 563
199.942 -148.55 563
198.983 -148.55 563
198.023 -148.55 563
197.063 -148.55 563
196.103 -148.55 563
195.143 -148.55 563
194.529 -148.814 564
193.567 -148.814 564
192.606 -148.814 564
191.644 -148.814 564
190.345 -148.55 563
189.385 -148.55 563
188.425 -148.55 563
187.132 -148.286 562
186.505 -148.55 563
185.546 -148.55 563
184.586 -148.55 563
183.626 -148.55 563
182.666 -148.55 563
181.707 -148.55 563
180.747 -148.55 563
179.787 -148.55 563
178.827 -148.55 563
177.868 -148.55 563
176.908 -148.55 563
175.948 -148.55 563
174.988 -148.55 563
174.028 -148.55 563
173.069 -148.55 563
171.803 -148.286 562
170.845 -148.286 562
169.887 -148.286 562
168.929 -148.286 562
167.971 -148.286 562
167.013 -148.286 562
166.055 -148.286 562
164.803 -148.022 561
163.847 -148.022 561
162.89 -148.022 561
162.222 -148.286 562
161.264 -148.286 562
160.306 -148.286 562
159.632 -148.55 563
158.672 -148.55 563
157.712 -148.55 563
157.031 -148.814 564
156.069 -148.814 564
155.108 -148.814 564
154.42 -149.078 565
153.457 -149.078 565
152.763 -149.341 566
151.798 -149.341 566
150.834 -149.341 566
150.133 -149.605 567
149.43 -149.869 568
148.462 -149.869 568
148.013 -150.397 570
147.815 -151.188 573
147.351 -151.716 575
146.37 -151.716 575
145.39 -151.716 575
144.661 -151.98 576
143.929 -152.244 577
142.945 -152.244 577
141.961 -152.244 577
141.222 -152.508 578
140.237 -152.508 578
139.251 -152.508 578
138.505 -152.771 579
138.231 -153.563 582
137.238 -153.563 582
136.48 -153.827 583
135.487 -153.827 583
134.493 -153.827 583
133.499 -153.827 583
289.753 -136.232 513
289.442 -136.498 514
289.127 -136.763 515
288.249 -136.763 515
287.371 -136.763 515
287.05 -137.029 516
286.724 -137.295 517
285.843 -137.295 517
284.962 -137.295 517
284.08 -137.295 517
284.295 -137.826 519
283.41 -137.826 519
282.525 -137.826 519
281.64 -137.826 519
281.296 -138.091 520
280.41 -138.091 520
280.061 -138.357 521
279.173 -138.357 521
278.285 -138.357 521
277.929 -138.622 522
277.57 -138.888 523
277.207 -139.154 524
276.314 -139.154 524
275.421 -139.154 524
274.527 -139.154 524
274.679 -139.685 526
273.782 -139.685 526
272.885 -139.685 526
271.988 -139.685 526
271.607 -139.95 527
270.709 -139.95 527
270.322 -140.216 528
269.422 -140.216 528
269.031 -140.481 529
268.129 -140.481 529
267.227 -140.481 529
266.829 -140.747 530
266.427 -141.012 531
265.522 -141.012 531
264.616 -141.012 531
264.208 -141.278 532
263.301 -141.278 532
262.887 -141.544 533
261.979 -141.544 533
261.56 -141.809 534
260.649 -141.809 534
261.198 -142.606 537
260.283 -142.606 537
259.85 -142.871 538
258.933 -142.871 538
258.496 -143.137 539
257.577 -143.137 539
257.134 -143.402 540
256.214 -143.402 540
255.293 -143.402 540
254.844 -143.668 541
253.921 -143.668 541
252.999 -143.668 541
252.543 -143.934 542
252.083 -144.199 543
251.62 -144.465 544
250.692 -144.465 544
250.224 -144.73 545
250.21 -145.261 547
249.277 -145.261 547
249.253 -145.793 549
248.769 -146.058 550
247.832 -146.058 550
246.894 -146.058 550
246.404 -146.324 551
245.91 -146.589 552
244.969 -146.589 552
244.028 -146.589 552
243.087 -146.589 552
242.584 -146.855 553
242.079 -147.12 554
241.134 -147.12 554
240.19 -147.12 554
239.677 -147.386 555
239.161 -147.651 556
238.213 -147.651 556
237.692 -147.917 557
236.743 -147.917 557
235.793 -147.917 557
234.844 -147.917 557
233.894 -147.917 557
233.363 -148.183 558
232.412 -148.183 558
231.46 -148.183 558
230.922 -148.448 559
230.381 -148.714 560
229.426 -148.714 560
228.471 -148.714 560
227.11 -148.448 559
226.157 -148.448 559
201.862 -149.51 563
201.259 -149.776 564
200.297 -149.776 564
199.336 -149.776 564
198.374 -149.776 564
197.413 -149.776 564
196.103 -149.51 563
195.143 -149.51 563
194.529 -149.776 564
193.567 -149.776 564
192.606 -149.776 564
191.644 -149.776 564
190.683 -149.776 564
189.721 -149.776 564
188.425 -149.51 563
187.465 -149.51 563
186.505 -149.51 563
185.546 -149.51 563
184.586 -149.51 563
183.626 -149.51 563
182.666 -149.51 563
181.707 -149.51 563
180.747 -149.51 563
179.787 -149.51 563
178.827 -149.51 563
177.868 -149.51 563
176.908 -149.51 563
175.948 -149.51 563
174.988 -149.51 563
174.028 -149.51 563
173.069 -149.51 563
171.803 -149.245 562
170.845 -149.245 562
169.887 -149.245 562
168.929 -149.245 562
167.971 -149.245 562
167.013 -149.245 562
166.055 -149.245 562
164.803 -148.979 561
163.847 -148.979 561
163.181 -149.245 562
162.222 -149.245 562
161.264 -149.245 562
160.306 -149.245 562
159.632 -149.51 563
158.672 -149.51 563
157.712 -149.51 563
156.753 -149.51 563
156.069 -149.776 564
155.108 -149.776 564
154.146 -149.776 564
153.457 -150.042 565
152.763 -150.307 566
151.798 -150.307 566
150.834 -150.307 566
150.133 -150.573 567
149.167 -150.573 567
148.2 -150.573 567
147.753 -151.104 569
147.557 -151.9 572
147.094 -152.432 574
146.116 -152.432 574
145.39 -152.697 575
144.41 -152.697 575
143.679 -152.963 576
142.697 -152.963 576
141.961 -153.228 577
140.978 -153.228 577
139.994 -153.228 577
139.251 -153.494 578
138.266 -153.494 578
138.231 -154.556 582
137.238 -154.556 582
136.246 -154.556 582
135.254 -154.556 582
134.262 -154.556 582
289.753 -137.108 513
288.879 -137.108 513
289.127 -137.642 515
288.249 -137.642 515
287.371 -137.642 515
287.05 -137.909 516
286.724 -138.177 517
285.843 -138.177 517
284.962 -138.177 517
284.08 -138.177 517
283.747 -138.444 518
282.864 -138.444 518
282.525 -138.711 519
281.64 -138.711 519
281.296 -138.978 520
280.41 -138.978 520
280.061 -139.246 521
279.173 -139.246 521
278.285 -139.246 521
277.929 -139.513 522
277.039 -139.513 522
276.678 -139.78 523
275.787 -139.78 523
275.421 -140.048 524
274.527 -140.048 524
274.679 -140.582 526
273.782 -140.582 526
272.885 -140.582 526
271.988 -140.582 526
271.607 -140.849 527
270.709 -140.849 527
270.322 -141.117 528
269.422 -141.117 528
269.031 -141.384 529
268.129 -141.384 529
267.227 -141.384 529
266.829 -141.651 530
266.427 -141.918 531
265.522 -141.918 531
264.616 -141.918 531
264.208 -142.186 532
263.301 -142.186 532
262.887 -142.453 533
261.979 -142.453 533
261.56 -142.72 534
260.649 -142.72 534
261.198 -143.522 537
260.283 -143.522 537
259.85 -143.789 538
258.933 -143.789 538
258.496 -144.057 539
257.577 -144.057 539
257.134 -144.324 540
256.214 -144.324 540
255.293 -144.324 540
254.844 -144.591 541
253.921 -144.591 541
252.999 -144.591 541
252.543 -144.858 542
251.619 -144.858 542
251.157 -145.126 543
250.232 -145.126 543
249.765 -145.393 544
249.753 -145.927 546
248.822 -145.927 546
248.799 -146.462 548
248.317 -146.729 549
247.832 -146.996 550
246.894 -146.996 550
246.404 -147.264 551
245.464 -147.264 551
244.969 -147.531 552
244.028 -147.531 552
243.087 -147.531 552
242.146 -147.531 552
241.642 -147.798 553
240.699 -147.798 553
240.19 -148.066 554
239.677 -148.333 555
239.161 -148.6 556
238.213 -148.6 556
237.266 -148.6 556
236.743 -148.867 557
235.793 -148.867 557
234.844 -148.867 557
233.894 -148.867 557
232.526 -148.6 556
231.579 -148.6 556
231.46 -149.135 558
230.922 -149.402 559
229.969 -149.402 559
229.016 -149.402 559
228.063 -149.402 559
227.11 -149.402 559
226.157 -149.402 559
201.862 -150.471 563
201.259 -150.738 564
200.297 -150.738 564
199.336 -150.738 564
198.374 -150.738 564
197.413 -150.738 564
196.103 -150.471 563
195.143 -150.471 563
194.529 -150.738 564
193.567 -150.738 564
192.606 -150.738 564
191.644 -150.738 564
190.683 -150.738 564
189.721 -150.738 564
188.425 -150.471 563
187.465 -150.471 563
186.505 -150.471 563
185.546 -150.471 563
184.586 -150.471 563
183.952 -150.738 564
182.991 -150.738 564
182.029 -150.738 564
181.068 -150.738 564
180.106 -150.738 564
179.145 -150.738 564
178.183 -150.738 564
177.222 -150.738 564
175.948 -150.471 563
174.988 -150.471 563
174.028 -150.471 563
173.069 -150.471 563
171.803 -150.204 562
170.845 -150.204 562
169.887 -150.204 562
168.929 -150.204 562
167.971 -150.204 562
167.013 -150.204 562
166.055 -150.204 562
165.097 -150.204 562
164.139 -150.204 562
163.181 -150.204 562
162.222 -150.204 562
161.264 -150.204 562
160.592 -150.471 563
159.632 -150.471 563
158.672 -150.471 563
157.712 -150.471 563
157.031 -150.738 564
156.069 -150.738 564
155.108 -150.738 564
154.146 -150.738 564
153.457 -151.005 565
152.763 -151.273 566
151.798 -151.273 566
150.834 -151.273 566
149.869 -151.273 566
149.167 -151.54 567
148.2 -151.54 567
147.753 -152.075 569
147.557 -152.876 572
147.094 -153.411 574
146.116 -153.411 574
145.137 -153.411 574
144.41 -153.678 575
143.679 -153.945 576
142.697 -153.945 576
141.961 -154.213 577
140.978 -154.213 577
139.994 -154.213 577
139.251 -154.48 578
138.266 -154.48 578
137.281 -154.48 578
136.295 -154.48 578
135.31 -154.48 578
289.753 -137.983 513
288.879 -137.983 513
288.566 -138.252 514
287.689 -138.252 514
287.371 -138.521 515
287.05 -138.79 516
286.724 -139.059 517
285.843 -139.059 517
284.962 -139.059 517
284.08 -139.059 517
283.747 -139.328 518
282.864 -139.328 518
282.525 -139.597 519
281.64 -139.597 519
281.296 -139.866 520
280.41 -139.866 520
279.524 -139.866 520
279.173 -140.135 521
278.285 -140.135 521
277.397 -140.135 521
277.039 -140.404 522
276.149 -140.404 522
275.259 -140.404 522
274.895 -140.673 523
274.527 -140.942 524
274.156 -141.211 525
273.261 -141.211 525
272.885 -141.479 526
271.988 -141.479 526
271.092 -141.479 526
270.195 -141.479 526
269.81 -141.748 527
269.422 -142.017 528
269.031 -142.286 529
268.129 -142.286 529
267.227 -142.286 529
266.829 -142.555 530
266.427 -142.824 531
265.522 -142.824 531
264.616 -142.824 531
264.208 -143.093 532
263.301 -143.093 532
262.394 -143.093 532
261.979 -143.362 533
261.56 -143.631 534
260.649 -143.631 534
260.712 -144.169 536
260.283 -144.438 537
259.85 -144.707 538
258.933 -144.707 538
258.496 -144.976 539
257.577 -144.976 539
257.134 -145.245 540
256.214 -145.245 540
255.293 -145.245 540
254.844 -145.514 541
253.921 -145.514 541
252.999 -145.514 541
252.543 -145.783 542
251.619 -145.783 542
251.157 -146.052 543
250.232 -146.052 543
249.765 -146.321 544
249.753 -146.859 546
248.822 -146.859 546
248.799 -147.397 548
248.317 -147.666 549
247.832 -147.935 550
246.894 -147.935 550
246.404 -148.204 551
245.464 -148.204 551
244.969 -148.473 552
244.028 -148.473 552
243.087 -148.473 552
242.146 -148.473 552
241.642 -148.742 553
240.699 -148.742 553
240.19 -149.011 554
239.677 -149.28 555
238.731 -149.28 555
237.785 -149.28 555
237.266 -149.549 556
236.318 -149.549 556
235.37 -149.549 556
234.422 -149.549 556
233.474 -149.549 556
232.526 -149.549 556
231.579 -149.549 556
231.046 -149.818 557
230.509 -150.087 558
229.969 -150.356 559
229.016 -150.356 559
228.063 -150.356 559
226.704 -150.087 558
225.753 -150.087 558
201.259 -151.7 564
200.297 -151.7 564
199.336 -151.7 564
198.374 -151.7 564
197.413 -151.7 564
196.103 -151.431 563
195.143 -151.431 563
194.529 -151.7 564
193.567 -151.7 564
192.606 -151.7 564
191.644 -151.7 564
190.683 -151.7 564
189.721 -151.7 564
188.425 -151.431 563
187.465 -151.431 563
186.505 -151.431 563
185.546 -151.431 563
184.586 -151.431 563
183.952 -151.7 564
182.991 -151.7 564
182.029 -151.7 564
181.068 -151.7 564
180.106 -151.7 564
179.145 -151.7 564
178.183 -151.7 564
177.222 -151.7 564
175.948 -151.431 563
174.988 -151.431 563
174.028 -151.431 563
173.069 -151.431 563
171.803 -151.162 562
170.845 -151.162 562
169.887 -151.162 562
168.929 -151.162 562
167.971 -151.162 562
167.013 -151.162 562
166.055 -151.162 562
165.097 -151.162 562
164.139 -151.162 562
163.181 -151.162 562
162.222 -151.162 562
161.264 -151.162 562
160.592 -151.431 563
159.632 -151.431 563
158.672 -151.431 563
157.712 -151.431 563
157.031 -151.7 564
156.069 -151.7 564
155.108 -151.7 564
154.42 -151.969 565
153.457 -151.969 565
152.763 -152.238 566
151.798 -152.238 566
150.834 -152.238 566
149.869 -152.238 566
149.167 -152.507 567
148.2 -152.507 567
147.753 -153.045 569
147.557 -153.852 572
147.094 -154.39 574
146.116 -154.39 574
145.137 -154.39 574
144.41 -154.659 575
143.679 -154.928 576
142.697 -154.928 576
141.961 -155.197 577
140.978 -155.197 577
139.994 -155.197 577
139.251 -155.466 578
138.266 -155.466 578
137.281 -155.466 578
136.295 -155.466 578
289.188 -138.587 512
288.879 -138.858 513
288.004 -138.858 513
287.13 -138.858 513
287.371 -139.399 515
286.493 -139.399 515
286.17 -139.67 516
285.29 -139.67 516
284.962 -139.941 517
284.08 -139.941 517
283.747 -140.211 518
282.864 -140.211 518
281.981 -140.211 518
281.64 -140.482 519
281.296 -140.753 520
280.41 -140.753 520
279.524 -140.753 520
279.173 -141.023 521
278.285 -141.023 521
277.397 -141.023 521
276.508 -141.023 521
276.149 -141.294 522
275.259 -141.294 522
274.369 -141.294 522
274.004 -141.565 523
274.156 -142.106 525
273.261 -142.106 525
272.366 -142.106 525
271.988 -142.377 526
271.092 -142.377 526
270.195 -142.377 526
269.81 -142.648 527
269.422 -142.918 528
269.031 -143.189 529
268.129 -143.189 529
267.227 -143.189 529
266.829 -143.46 530
265.925 -143.46 530
265.022 -143.46 530
264.616 -143.73 531
263.711 -143.73 531
262.806 -143.73 531
262.394 -144.001 532
261.979 -144.272 533
261.56 -144.542 534
260.649 -144.542 534
260.712 -145.084 536
260.283 -145.354 537
259.367 -145.354 537
258.452 -145.354 537
258.016 -145.625 538
257.577 -145.896 539
257.134 -146.166 540
256.214 -146.166 540
255.293 -146.166 540
254.844 -146.437 541
253.921 -146.437 541
252.999 -146.437 541
252.543 -146.708 542
251.619 -146.708 542
251.157 -146.978 543
250.232 -146.978 543
249.306 -146.978 543
249.295 -147.52 545
248.366 -147.52 545
248.345 -148.061 547
248.317 -148.602 549
247.832 -148.873 550
246.894 -148.873 550
245.957 -148.873 550
245.464 -149.144 551
244.525 -149.144 551
243.586 -149.144 551
243.087 -149.415 552
242.146 -149.415 552
241.642 -149.685 553
240.699 -149.685 553
240.19 -149.956 554
239.245 -149.956 554
238.731 -150.227 555
237.785 -150.227 555
237.266 -150.497 556
236.318 -150.497 556
235.37 -150.497 556
234.422 -150.497 556
233.474 -150.497 556
232.945 -150.768 557
231.995 -150.768 557
231.046 -150.768 557
230.509 -151.039 558
229.969 -151.309 559
229.016 -151.309 559
228.063 -151.309 559
226.704 -151.039 558
225.753 -151.039 558
198.983 -152.392 563
198.023 -152.392 563
197.063 -152.392 563
196.103 -152.392 563
195.143 -152.392 563
194.529 -152.663 564
193.567 -152.663 564
192.606 -152.663 564
191.644 -152.663 564
190.683 -152.663 564
189.721 -152.663 564
188.425 -152.392 563
187.465 -152.392 563
186.505 -152.392 563
185.546 -152.392 563
184.586 -152.392 563
183.952 -152.663 564
182.991 -152.663 564
182.029 -152.663 564
181.068 -152.663 564
180.106 -152.663 564
179.145 -152.663 564
178.183 -152.663 564
177.222 -152.663 564
175.948 -152.392 563
174.988 -152.392 563
174.028 -152.392 563
173.069 -152.392 563
171.803 -152.121 562
170.845 -152.121 562
169.887 -152.121 562
168.929 -152.121 562
167.971 -152.121 562
167.013 -152.121 562
166.055 -152.121 562
165.097 -152.121 562
164.139 -152.121 562
163.471 -152.392 563
162.511 -152.392 563
161.551 -152.392 563
160.592 -152.392 563
159.632 -152.392 563
158.672 -152.392 563
157.712 -152.392 563
157.031 -152.663 564
156.069 -152.663 564
155.108 -152.663 564
154.42 -152.933 565
153.457 -152.933 565
152.763 -153.204 566
151.798 -153.204 566
150.834 -153.204 566
149.869 -153.204 566
149.167 -153.475 567
148.2 -153.475 567
147.753 -154.016 569
147.557 -154.828 572
147.094 -155.369 574
146.116 -155.369 574
145.137 -155.369 574
144.41 -155.64 575
143.43 -155.64 575
142.697 -155.911 576
141.961 -156.181 577
140.978 -156.181 577
139.994 -156.181 577
139.251 -156.452 578
138.266 -156.452 578
137.281 -156.452 578
136.059 -156.181 577
289.188 -139.461 512
288.879 -139.733 513
288.004 -139.733 513
287.13 -139.733 513
287.371 -140.278 515
287.05 -140.55 516
286.17 -140.55 516
285.29 -140.55 516
284.962 -140.823 517
284.08 -140.823 517
283.747 -141.095 518
282.864 -141.095 518
281.981 -141.095 518
281.64 -141.368 519
281.296 -141.64 520
280.41 -141.64 520
279.524 -141.64 520
279.173 -141.912 521
278.285 -141.912 521
277.397 -141.912 521
276.508 -141.912 521
276.149 -142.185 522
275.259 -142.185 522
274.369 -142.185 522
274.004 -142.457 523
273.634 -142.73 524
272.741 -142.73 524
272.366 -143.002 525
271.471 -143.002 525
271.092 -143.274 526
270.195 -143.274 526
269.81 -143.547 527
269.422 -143.819 528
268.522 -143.819 528
267.622 -143.819 528
267.227 -144.091 529
266.829 -144.364 530
265.925 -144.364 530
265.022 -144.364 530
264.118 -144.364 530
263.711 -144.636 531
262.806 -144.636 531
262.394 -144.909 532
261.487 -144.909 532
261.07 -145.181 533
260.161 -145.181 533
260.226 -145.726 535
259.798 -145.998 536
259.367 -146.271 537
258.452 -146.271 537
258.016 -146.543 538
257.577 -146.815 539
256.658 -146.815 539
255.739 -146.815 539
255.293 -147.088 540
254.372 -147.088 540
253.921 -147.36 541
252.999 -147.36 541
252.077 -147.36 541
251.619 -147.632 542
250.695 -147.632 542
249.771 -147.632 542
249.306 -147.905 543
248.838 -148.177 544
247.91 -148.177 544
248.345 -148.994 547
247.865 -149.267 548
247.381 -149.539 549
246.445 -149.539 549
245.957 -149.812 550
245.464 -150.084 551
244.525 -150.084 551
243.586 -150.084 551
243.087 -150.356 552
242.146 -150.356 552
241.642 -150.629 553
240.699 -150.629 553
240.19 -150.901 554
239.245 -150.901 554
238.731 -151.173 555
237.785 -151.173 555
236.839 -151.173 555
236.318 -151.446 556
235.37 -151.446 556
234.422 -151.446 556
233.474 -151.446 556
232.945 -151.718 557
231.995 -151.718 557
231.046 -151.718 557
230.096 -151.718 557
229.969 -152.263 559
229.016 -152.263 559
228.063 -152.263 559
226.298 -151.718 557
225.348 -151.718 557
198.983 -153.353 563
198.023 -153.353 563
197.063 -153.353 563
196.103 -153.353 563
195.143 -153.353 563
194.529 -153.625 564
193.567 -153.625 564
192.606 -153.625 564
191.644 -153.625 564
190.683 -153.625 564
189.721 -153.625 564
188.425 -153.353 563
187.465 -153.353 563
186.505 -153.353 563
185.546 -153.353 563
184.586 -153.353 563
183.952 -153.625 564
182.991 -153.625 564
182.029 -153.625 564
181.068 -153.625 564
180.106 -153.625 564
179.145 -153.625 564
178.183 -153.625 564
177.222 -153.625 564
176.26 -153.625 564
175.299 -153.625 564
174.028 -153.353 563
173.069 -153.353 563
172.109 -153.353 563
171.149 -153.353 563
170.189 -153.353 563
169.23 -153.353 563
168.27 -153.353 563
167.31 -153.353 563
166.35 -153.353 563
165.39 -153.353 563
164.431 -153.353 563
163.471 -153.353 563
162.511 -153.353 563
161.551 -153.353 563
160.592 -153.353 563
159.915 -153.625 564
158.954 -153.625 564
157.992 -153.625 564
157.031 -153.625 564
156.069 -153.625 564
155.108 -153.625 564
154.42 -153.897 565
153.728 -154.17 566
152.763 -154.17 566
151.798 -154.17 566
150.834 -154.17 566
150.133 -154.442 567
149.167 -154.442 567
148.2 -154.442 567
147.753 -154.987 569
147.557 -155.804 572
147.094 -156.349 574
146.116 -156.349 574
145.137 -156.349 574
144.41 -156.621 575
143.43 -156.621 575
142.697 -156.894 576
141.961 -157.166 577
140.978 -157.166 577
139.994 -157.166 577
139.251 -157.438 578
138.266 -157.438 578
137.281 -157.438 578
136.059 -157.166 577
289.188 -140.334 512
288.879 -140.609 513
288.004 -140.609 513
287.13 -140.609 513
286.813 -140.883 514
287.05 -141.431 516
286.17 -141.431 516
285.29 -141.431 516
284.962 -141.705 517
284.08 -141.705 517
283.747 -141.979 518
282.864 -141.979 518
281.981 -141.979 518
281.64 -142.253 519
280.756 -142.253 519
279.871 -142.253 519
279.524 -142.527 520
278.637 -142.527 520
277.751 -142.527 520
277.397 -142.801 521
276.508 -142.801 521
275.62 -142.801 521
274.732 -142.801 521
274.369 -143.075 522
274.004 -143.349 523
273.634 -143.624 524
272.741 -143.624 524
272.366 -143.898 525
271.471 -143.898 525
271.092 -144.172 526
270.195 -144.172 526
269.81 -144.446 527
269.422 -144.72 528
268.522 -144.72 528
267.622 -144.72 528
267.227 -144.994 529
266.829 -145.268 530
265.925 -145.268 530
265.022 -145.268 530
264.118 -145.268 530
263.711 -145.542 531
262.806 -145.542 531
262.394 -145.816 532
261.487 -145.816 532
261.07 -146.09 533
260.161 -146.09 533
260.226 -146.639 535
259.798 -146.913 536
259.367 -147.187 537
258.452 -147.187 537
258.016 -147.461 538
257.577 -147.735 539
256.658 -147.735 539
255.739 -147.735 539
255.293 -148.009 540
254.372 -148.009 540
253.921 -148.283 541
252.999 -148.283 541
252.077 -148.283 541
251.154 -148.283 541
250.695 -148.557 542
249.771 -148.557 542
248.847 -148.557 542
248.838 -149.105 544
247.91 -149.105 544
247.891 -149.654 546
247.865 -150.202 548
247.381 -150.476 549
246.445 -150.476 549
245.957 -150.75 550
245.464 -151.024 551
244.525 -151.024 551
243.586 -151.024 551
242.646 -151.024 551
242.146 -151.298 552
241.642 -151.572 553
240.699 -151.572 553
239.756 -151.572 553
239.245 -151.846 554
238.731 -152.12 555
237.785 -152.12 555
236.839 -152.12 555
235.893 -152.12 555
234.947 -152.12 555
234.422 -152.394 556
233.474 -152.394 556
232.945 -152.669 557
231.995 -152.669 557
231.046 -152.669 557
230.096 -152.669 557
229.558 -152.943 558
228.607 -152.943 558
227.655 -152.943 558
226.298 -152.669 557
225.348 -152.669 557
224.399 -152.669 557
197.319 -153.765 561
196.713 -154.039 562
195.755 -154.039 562
194.797 -154.039 562
194.529 -154.587 564
193.567 -154.587 564
192.606 -154.587 564
191.644 -154.587 564
190.683 -154.587 564
189.721 -154.587 564
188.425 -154.313 563
187.465 -154.313 563
186.505 -154.313 563
185.546 -154.313 563
184.586 -154.313 563
183.952 -154.587 564
182.991 -154.587 564
182.029 -154.587 564
181.068 -154.587 564
180.106 -154.587 564
179.145 -154.587 564
178.183 -154.587 564
177.222 -154.587 564
176.26 -154.587 564
175.299 -154.587 564
174.338 -154.587 564
173.069 -154.313 563
172.109 -154.313 563
171.149 -154.313 563
170.189 -154.313 563
169.23 -154.313 563
168.27 -154.313 563
167.31 -154.313 563
166.35 -154.313 563
165.39 -154.313 563
164.431 -154.313 563
163.471 -154.313 563
162.511 -154.313 563
161.838 -154.587 564
160.877 -154.587 564
159.915 -154.587 564
158.954 -154.587 564
157.992 -154.587 564
157.031 -154.587 564
156.069 -154.587 564
155.108 -154.587 564
154.42 -154.861 565
153.728 -155.135 566
152.763 -155.135 566
151.798 -155.135 566
150.834 -155.135 566
150.133 -155.409 567
149.167 -155.409 567
148.2 -155.409 567
147.753 -155.958 569
147.557 -156.78 572
147.094 -157.328 574
146.116 -157.328 574
145.137 -157.328 574
144.41 -157.602 575
143.43 -157.602 575
142.697 -157.876 576
141.961 -158.15 577
140.978 -158.15 577
139.994 -158.15 577
139.01 -158.15 577
138.027 -158.15 577
137.043 -158.15 577
136.059 -158.15 577
289.188 -141.208 512
288.879 -141.484 513
288.004 -141.484 513
287.13 -141.484 513
287.371 -142.035 515
287.05 -142.311 516
286.17 -142.311 516
285.29 -142.311 516
284.962 -142.587 517
284.08 -142.587 517
283.747 -142.863 518
282.864 -142.863 518
281.981 -142.863 518
281.64 -143.139 519
280.756 -143.139 519
279.871 -143.139 519
279.524 -143.414 520
278.637 -143.414 520
277.751 -143.414 520
277.397 -143.69 521
276.508 -143.69 521
275.62 -143.69 521
274.732 -143.69 521
273.844 -143.69 521
273.48 -143.966 522
273.112 -144.242 523
272.22 -144.242 523
271.848 -144.518 524
271.471 -144.793 525
271.092 -145.069 526
270.195 -145.069 526
269.298 -145.069 526
268.912 -145.345 527
268.522 -145.621 528
267.622 -145.621 528
267.227 -145.897 529
266.325 -145.897 529
265.925 -146.172 530
265.022 -146.172 530
264.118 -146.172 530
263.711 -146.448 531
262.806 -146.448 531
261.901 -146.448 531
261.487 -146.724 532
261.07 -147 533
260.161 -147 533
259.739 -147.275 534
259.314 -147.551 535
259.367 -148.103 537
258.452 -148.103 537
257.537 -148.103 537
257.099 -148.379 538
256.658 -148.654 539
255.739 -148.654 539
255.293 -148.93 540
254.372 -148.93 540
253.921 -149.206 541
252.999 -149.206 541
252.077 -149.206 541
251.154 -149.206 541
250.695 -149.482 542
249.771 -149.482 542
248.847 -149.482 542
248.838 -150.033 544
247.91 -150.033 544
247.891 -150.585 546
247.865 -151.137 548
247.381 -151.412 549
246.445 -151.412 549
245.957 -151.688 550
245.464 -151.964 551
244.525 -151.964 551
243.586 -151.964 551
242.646 -151.964 551
242.146 -152.24 552
241.642 -152.516 553
240.699 -152.516 553
239.756 -152.516 553
239.245 -152.791 554
238.731 -153.067 555
237.785 -153.067 555
236.839 -153.067 555
235.893 -153.067 555
234.947 -153.067 555
234.422 -153.343 556
233.474 -153.343 556
232.526 -153.343 556
231.579 -153.343 556
231.046 -153.619 557
230.096 -153.619 557
229.146 -153.619 557
228.197 -153.619 557
227.247 -153.619 557
226.298 -153.619 557
225.348 -153.619 557
224.399 -153.619 557
197.319 -154.722 561
196.363 -154.722 561
195.407 -154.722 561
194.797 -154.998 562
193.839 -154.998 562
193.567 -155.549 564
192.606 -155.549 564
191.644 -155.549 564
190.683 -155.549 564
189.721 -155.549 564
188.425 -155.274 563
187.465 -155.274 563
186.505 -155.274 563
185.546 -155.274 563
184.586 -155.274 563
183.952 -155.549 564
182.991 -155.549 564
182.029 -155.549 564
181.068 -155.549 564
180.106 -155.549 564
179.145 -155.549 564
178.183 -155.549 564
177.222 -155.549 564
176.26 -155.549 564
175.299 -155.549 564
174.338 -155.549 564
173.069 -155.274 563
172.109 -155.274 563
171.149 -155.274 563
170.189 -155.274 563
169.23 -155.274 563
168.27 -155.274 563
167.31 -155.274 563
166.35 -155.274 563
165.39 -155.274 563
164.431 -155.274 563
163.471 -155.274 563
162.511 -155.274 563
161.838 -155.549 564
160.877 -155.549 564
159.915 -155.549 564
158.954 -155.549 564
157.992 -155.549 564
157.031 -155.549 564
156.069 -155.549 564
155.108 -155.549 564
154.42 -155.825 565
153.728 -156.101 566
152.763 -156.101 566
151.798 -156.101 566
150.834 -156.101 566
150.133 -156.377 567
149.167 -156.377 567
148.2 -156.377 567
147.753 -156.928 569
147.557 -157.756 572
147.094 -158.307 574
146.116 -158.307 574
145.39 -158.583 575
144.41 -158.583 575
143.43 -158.583 575
142.697 -158.859 576
141.961 -159.135 577
140.978 -159.135 577
139.994 -159.135 577
139.01 -159.135 577
138.027 -159.135 577
137.043 -159.135 577
136.059 -159.135 577
289.188 -142.081 512
288.879 -142.359 513
288.004 -142.359 513
287.13 -142.359 513
287.371 -142.914 515
287.05 -143.191 516
286.17 -143.191 516
285.29 -143.191 516
284.962 -143.469 517
284.08 -143.469 517
283.747 -143.747 518
282.864 -143.747 518
281.981 -143.747 518
281.64 -144.024 519
280.756 -144.024 519
279.871 -144.024 519
279.524 -144.302 520
278.637 -144.302 520
277.751 -144.302 520
276.864 -144.302 520
276.508 -144.579 521
275.62 -144.579 521
274.732 -144.579 521
273.844 -144.579 521
273.48 -144.857 522
273.112 -145.134 523
272.22 -145.134 523
271.848 -145.412 524
271.471 -145.689 525
271.092 -145.967 526
270.195 -145.967 526
269.81 -146.244 527
268.912 -146.244 527
268.522 -146.522 528
267.622 -146.522 528
267.227 -146.799 529
266.325 -146.799 529
265.925 -147.077 530
265.022 -147.077 530
264.118 -147.077 530
263.215 -147.077 530
262.311 -147.077 530
261.901 -147.354 531
261.487 -147.632 532
260.58 -147.632 532
259.673 -147.632 532
259.253 -147.909 533
258.829 -148.187 534
258.884 -148.742 536
257.971 -148.742 536
257.537 -149.019 537
257.099 -149.297 538
256.182 -149.297 538
255.265 -149.297 538
254.82 -149.574 539
254.372 -149.852 540
253.452 -149.852 540
252.531 -149.852 540
252.077 -150.129 541
251.154 -150.129 541
250.695 -150.407 542
249.771 -150.407 542
248.847 -150.407 542
248.38 -150.684 543
247.455 -150.684 543
247.437 -151.239 545
247.412 -151.794 547
247.381 -152.349 549
246.445 -152.349 549
245.509 -152.349 549
245.019 -152.627 550
244.525 -152.904 551
243.586 -152.904 551
242.646 -152.904 551
242.146 -153.182 552
241.642 -153.459 553
240.699 -153.459 553
239.756 -153.459 553
239.245 -153.737 554
238.301 -153.737 554
237.785 -154.014 555
236.839 -154.014 555
235.893 -154.014 555
234.947 -154.014 555
234.422 -154.292 556
233.474 -154.292 556
232.526 -154.292 556
231.579 -154.292 556
231.046 -154.569 557
230.096 -154.569 557
229.146 -154.569 557
228.197 -154.569 557
227.247 -154.569 557
226.298 -154.569 557
225.348 -154.569 557
224.399 -154.569 557
193.567 -156.512 564
192.606 -156.512 564
191.644 -156.512 564
190.683 -156.512 564
189.721 -156.512 564
188.425 -156.234 563
187.465 -156.234 563
186.505 -156.234 563
185.546 -156.234 563
184.586 -156.234 563
183.952 -156.512 564
182.991 -156.512 564
182.029 -156.512 564
181.068 -156.512 564
180.106 -156.512 564
179.145 -156.512 564
178.183 -156.512 564
177.222 -156.512 564
176.26 -156.512 564
175.299 -156.512 564
174.338 -156.512 564
173.376 -156.512 564
172.415 -156.512 564
171.453 -156.512 564
170.492 -156.512 564
169.53 -156.512 564
168.569 -156.512 564
167.607 -156.512 564
166.646 -156.512 564
165.39 -156.234 563
164.431 -156.234 563
163.761 -156.512 564
162.8 -156.512 564
161.838 -156.512 564
160.877 -156.512 564
159.915 -156.512 564
158.954 -156.512 564
157.992 -156.512 564
157.031 -156.512 564
156.069 -156.512 564
155.108 -156.512 564
154.42 -156.789 565
153.728 -157.067 566
152.763 -157.067 566
151.798 -157.067 566
150.834 -157.067 566
149.869 -157.067 566
149.167 -157.344 567
148.2 -157.344 567
147.753 -157.899 569
147.557 -158.732 572
147.094 -159.287 574
146.116 -159.287 574
145.39 -159.564 575
144.41 -159.564 575
143.43 -159.564 575
142.449 -159.564 575
141.961 -160.119 577
140.978 -160.119 577
139.994 -160.119 577
139.01 -160.119 577
138.027 -160.119 577
137.043 -160.119 577
289.188 -142.955 512
288.879 -143.234 513
288.004 -143.234 513
287.13 -143.234 513
287.371 -143.793 515
287.05 -144.072 516
286.17 -144.072 516
285.29 -144.072 516
284.962 -144.351 517
284.08 -144.351 517
283.747 -144.63 518
282.864 -144.63 518
281.981 -144.63 518
281.64 -144.909 519
280.756 -144.909 519
279.871 -144.909 519
279.524 -145.189 520
278.637 -145.189 520
277.751 -145.189 520
276.864 -145.189 520
276.508 -145.468 521
275.62 -145.468 521
274.732 -145.468 521
273.844 -145.468 521
273.48 -145.747 522
273.112 -146.026 523
272.22 -146.026 523
271.848 -146.306 524
271.471 -146.585 525
271.092 -146.864 526
270.195 -146.864 526
269.81 -147.143 527
268.912 -147.143 527
268.522 -147.422 528
267.622 -147.422 528
267.227 -147.702 529
266.325 -147.702 529
265.423 -147.702 529
265.022 -147.981 530
264.118 -147.981 530
263.711 -148.26 531
262.806 -148.26 531
261.901 -148.26 531
260.996 -148.26 531
260.58 -148.539 532
259.673 -148.539 532
259.253 -148.818 533
258.829 -149.098 534
257.918 -149.098 534
257.008 -149.098 534
257.057 -149.656 536
256.621 -149.935 537
256.182 -150.214 538
255.265 -150.214 538
254.82 -150.494 539
254.372 -150.773 540
253.452 -150.773 540
252.531 -150.773 540
251.611 -150.773 540
251.154 -151.052 541
250.232 -151.052 541
249.31 -151.052 541
248.847 -151.331 542
248.38 -151.61 543
247.455 -151.61 543
247.437 -152.169 545
247.412 -152.727 547
246.931 -153.007 548
245.996 -153.007 548
245.509 -153.286 549
245.019 -153.565 550
244.525 -153.844 551
243.586 -153.844 551
242.646 -153.844 551
242.146 -154.123 552
241.642 -154.403 553
240.699 -154.403 553
239.756 -154.403 553
239.245 -154.682 554
238.301 -154.682 554
237.357 -154.682 554
236.839 -154.961 555
235.893 -154.961 555
234.947 -154.961 555
234 -154.961 555
233.054 -154.961 555
232.526 -155.24 556
231.579 -155.24 556
230.631 -155.24 556
229.683 -155.24 556
229.146 -155.519 557
228.197 -155.519 557
227.247 -155.519 557
225.485 -154.961 555
224.539 -154.961 555
223.593 -154.961 555
193.567 -157.474 564
192.606 -157.474 564
191.644 -157.474 564
190.683 -157.474 564
189.721 -157.474 564
188.425 -157.195 563
187.465 -157.195 563
186.505 -157.195 563
185.546 -157.195 563
184.586 -157.195 563
183.952 -157.474 564
182.991 -157.474 564
182.029 -157.474 564
181.068 -157.474 564
180.106 -157.474 564
179.145 -157.474 564
177.868 -157.195 563
177.222 -157.474 564
176.26 -157.474 564
175.299 -157.474 564
174.338 -157.474 564
173.376 -157.474 564
172.415 -157.474 564
171.453 -157.474 564
170.492 -157.474 564
169.53 -157.474 564
168.569 -157.474 564
167.607 -157.474 564
166.646 -157.474 564
165.684 -157.474 564
164.723 -157.474 564
163.761 -157.474 564
162.8 -157.474 564
161.838 -157.474 564
160.877 -157.474 564
159.915 -157.474 564
158.954 -157.474 564
157.992 -157.474 564
157.031 -157.474 564
156.069 -157.474 564
155.108 -157.474 564
154.42 -157.753 565
153.728 -158.032 566
152.763 -158.032 566
151.798 -158.032 566
150.834 -158.032 566
149.869 -158.032 566
149.167 -158.312 567
148.2 -158.312 567
147.753 -158.87 569
147.557 -159.708 572
146.582 -159.708 572
146.116 -160.266 574
145.39 -160.545 575
144.41 -160.545 575
143.43 -160.545 575
142.449 -160.545 575
141.961 -161.104 577
140.978 -161.104 577
139.994 -161.104 577
139.01 -161.104 577
138.027 -161.104 577
137.043 -161.104 577
289.188 -143.829 512
288.879 -144.109 513
288.004 -144.109 513
287.13 -144.109 513
287.371 -144.671 515
287.05 -144.952 516
286.17 -144.952 516
285.29 -144.952 516
284.411 -144.952 516
284.08 -145.233 517
283.747 -145.514 518
282.864 -145.514 518
281.981 -145.514 518
281.64 -145.795 519
280.756 -145.795 519
279.871 -145.795 519
279.524 -146.076 520
278.637 -146.076 520
277.751 -146.076 520
276.864 -146.076 520
275.978 -146.076 520
275.62 -146.357 521
274.732 -146.357 521
273.844 -146.357 521
273.48 -146.638 522
273.112 -146.919 523
272.22 -146.919 523
271.848 -147.2 524
271.471 -147.48 525
271.092 -147.761 526
270.195 -147.761 526
269.81 -148.042 527
269.422 -148.323 528
268.522 -148.323 528
267.622 -148.323 528
267.227 -148.604 529
266.829 -148.885 530
265.925 -148.885 530
265.022 -148.885 530
264.118 -148.885 530
263.711 -149.166 531
262.806 -149.166 531
261.901 -149.166 531
260.996 -149.166 531
260.58 -149.447 532
259.673 -149.447 532
259.253 -149.728 533
258.829 -150.009 534
257.918 -150.009 534
257.008 -150.009 534
257.057 -150.57 536
256.621 -150.851 537
256.182 -151.132 538
255.265 -151.132 538
254.82 -151.413 539
253.901 -151.413 539
253.452 -151.694 540
252.531 -151.694 540
251.611 -151.694 540
251.154 -151.975 541
250.232 -151.975 541
249.31 -151.975 541
248.847 -152.256 542
248.38 -152.537 543
247.455 -152.537 543
246.983 -152.818 544
246.96 -153.38 546
246.931 -153.941 548
245.996 -153.941 548
245.509 -154.222 549
245.019 -154.503 550
244.081 -154.503 550
243.144 -154.503 550
242.646 -154.784 551
241.707 -154.784 551
241.205 -155.065 552
240.264 -155.065 552
239.756 -155.346 553
238.814 -155.346 553
237.871 -155.346 553
237.357 -155.627 554
236.412 -155.627 554
235.893 -155.908 555
234.947 -155.908 555
234 -155.908 555
233.054 -155.908 555
232.108 -155.908 555
231.162 -155.908 555
230.631 -156.189 556
229.683 -156.189 556
228.735 -156.189 556
227.787 -156.189 556
226.839 -156.189 556
225.485 -155.908 555
224.539 -155.908 555
223.19 -155.627 554
190.006 -157.874 562
189.048 -157.874 562
188.09 -157.874 562
187.132 -157.874 562
186.505 -158.155 563
185.546 -158.155 563
184.586 -158.155 563
183.952 -158.436 564
182.991 -158.436 564
182.029 -158.436 564
181.068 -158.436 564
180.106 -158.436 564
179.145 -158.436 564
177.868 -158.155 563
177.222 -158.436 564
176.26 -158.436 564
175.299 -158.436 564
174.338 -158.436 564
173.376 -158.436 564
172.415 -158.436 564
171.453 -158.436 564
170.492 -158.436 564
169.53 -158.436 564
168.569 -158.436 564
167.607 -158.436 564
166.646 -158.436 564
165.684 -158.436 564
164.723 -158.436 564
163.761 -158.436 564
162.8 -158.436 564
161.838 -158.436 564
160.877 -158.436 564
159.915 -158.436 564
158.954 -158.436 564
157.992 -158.436 564
157.031 -158.436 564
156.069 -158.436 564
155.108 -158.436 564
154.42 -158.717 565
153.728 -158.998 566
152.763 -158.998 566
151.798 -158.998 566
150.834 -158.998 566
149.869 -158.998 566
148.904 -158.998 566
147.939 -158.998 566
147.753 -159.841 569
147.557 -160.683 572
146.582 -160.683 572
146.116 -161.245 574
145.137 -161.245 574
144.159 -161.245 574
143.18 -161.245 574
289.188 -144.702 512
288.879 -144.985 513
288.004 -144.985 513
287.13 -144.985 513
287.371 -145.55 515
286.493 -145.55 515
286.17 -145.833 516
285.29 -145.833 516
284.411 -145.833 516
283.531 -145.833 516
283.199 -146.115 517
282.318 -146.115 517
281.981 -146.398 518
281.098 -146.398 518
280.215 -146.398 518
279.871 -146.68 519
278.986 -146.68 519
278.637 -146.963 520
277.751 -146.963 520
276.864 -146.963 520
275.978 -146.963 520
275.62 -147.246 521
274.732 -147.246 521
273.844 -147.246 521
273.48 -147.528 522
273.112 -147.811 523
272.22 -147.811 523
271.848 -148.094 524
271.471 -148.376 525
271.092 -148.659 526
270.195 -148.659 526
269.81 -148.941 527
269.422 -149.224 528
268.522 -149.224 528
267.622 -149.224 528
267.227 -149.507 529
266.829 -149.789 530
265.925 -149.789 530
265.022 -149.789 530
264.118 -149.789 530
263.711 -150.072 531
262.806 -150.072 531
261.901 -150.072 531
260.996 -150.072 531
260.58 -150.354 532
259.673 -150.354 532
259.253 -150.637 533
258.829 -150.92 534
257.918 -150.92 534
257.008 -150.92 534
256.577 -151.202 535
256.621 -151.768 537
255.706 -151.768 537
254.79 -151.768 537
254.82 -152.333 539
253.901 -152.333 539
253.452 -152.615 540
252.531 -152.615 540
252.077 -152.898 541
251.154 -152.898 541
250.232 -152.898 541
249.31 -152.898 541
248.847 -153.181 542
248.38 -153.463 543
247.455 -153.463 543
247.437 -154.029 545
246.96 -154.311 546
246.931 -154.876 548
245.996 -154.876 548
245.509 -155.159 549
245.019 -155.442 550
244.081 -155.442 550
243.144 -155.442 550
242.646 -155.724 551
241.707 -155.724 551
241.205 -156.007 552
240.264 -156.007 552
239.756 -156.29 553
238.814 -156.29 553
237.871 -156.29 553
237.357 -156.572 554
236.412 -156.572 554
235.468 -156.572 554
234.523 -156.572 554
233.579 -156.572 554
232.634 -156.572 554
231.69 -156.572 554
230.746 -156.572 554
230.216 -156.855 555
229.27 -156.855 555
228.324 -156.855 555
227.378 -156.855 555
226.431 -156.855 555
225.079 -156.572 554
224.135 -156.572 554
223.19 -156.572 554
221.042 -155.724 551
189.048 -158.833 562
188.09 -158.833 562
187.132 -158.833 562
186.174 -158.833 562
185.216 -158.833 562
184.586 -159.116 563
183.626 -159.116 563
182.666 -159.116 563
181.707 -159.116 563
180.747 -159.116 563
179.787 -159.116 563
178.827 -159.116 563
177.868 -159.116 563
177.222 -159.398 564
176.26 -159.398 564
175.299 -159.398 564
174.338 -159.398 564
173.376 -159.398 564
172.415 -159.398 564
171.453 -159.398 564
170.492 -159.398 564
169.53 -159.398 564
168.569 -159.398 564
167.607 -159.398 564
166.646 -159.398 564
165.684 -159.398 564
164.723 -159.398 564
163.761 -159.398 564
162.8 -159.398 564
161.838 -159.398 564
160.877 -159.398 564
159.915 -159.398 564
158.954 -159.398 564
157.992 -159.398 564
157.031 -159.398 564
156.069 -159.398 564
155.108 -159.398 564
154.42 -159.681 565
153.728 -159.964 566
152.763 -159.964 566
151.798 -159.964 566
150.834 -159.964 566
149.869 -159.964 566
148.904 -159.964 566
147.939 -159.964 566
147.753 -160.811 569
147.557 -161.659 572
146.582 -161.659 572
146.116 -162.225 574
145.137 -162.225 574
144.159 -162.225 574
143.18 -162.225 574
289.188 -145.576 512
288.879 -145.86 513
288.004 -145.86 513
287.13 -145.86 513
286.813 -146.144 514
286.493 -146.429 515
285.615 -146.429 515
284.737 -146.429 515
284.411 -146.713 516
284.08 -146.997 517
283.199 -146.997 517
282.318 -146.997 517
281.981 -147.282 518
281.098 -147.282 518
280.215 -147.282 518
279.871 -147.566 519
278.986 -147.566 519
278.637 -147.85 520
277.751 -147.85 520
276.864 -147.85 520
275.978 -147.85 520
275.091 -147.85 520
274.205 -147.85 520
273.844 -148.135 521
273.48 -148.419 522
272.59 -148.419 522
271.7 -148.419 522
271.329 -148.703 523
270.954 -148.988 524
271.092 -149.556 526
270.195 -149.556 526
269.81 -149.84 527
269.422 -150.125 528
268.522 -150.125 528
267.622 -150.125 528
267.227 -150.409 529
266.829 -150.693 530
265.925 -150.693 530
265.022 -150.693 530
264.118 -150.693 530
263.711 -150.978 531
262.806 -150.978 531
261.901 -150.978 531
260.996 -150.978 531
260.58 -151.262 532
259.673 -151.262 532
259.253 -151.546 533
258.344 -151.546 533
257.918 -151.831 534
257.008 -151.831 534
256.577 -152.115 535
256.621 -152.684 537
255.706 -152.684 537
254.79 -152.684 537
254.82 -153.252 539
253.901 -153.252 539
253.452 -153.537 540
252.531 -153.537 540
252.077 -153.821 541
251.154 -153.821 541
250.232 -153.821 541
249.31 -153.821 541
248.847 -154.105 542
248.38 -154.39 543
247.455 -154.39 543
247.437 -154.958 545
246.96 -155.243 546
246.931 -155.811 548
245.996 -155.811 548
245.509 -156.096 549
244.573 -156.096 549
244.081 -156.38 550
243.144 -156.38 550
242.646 -156.664 551
241.707 -156.664 551
241.205 -156.949 552
240.264 -156.949 552
239.323 -156.949 552
238.814 -157.233 553
237.871 -157.233 553
237.357 -157.517 554
236.412 -157.517 554
235.468 -157.517 554
234.523 -157.517 554
233.579 -157.517 554
232.634 -157.517 554
231.69 -157.517 554
230.746 -157.517 554
230.216 -157.802 555
229.27 -157.802 555
228.324 -157.802 555
227.378 -157.802 555
226.431 -157.802 555
225.079 -157.517 554
224.135 -157.517 554
223.19 -157.517 554
221.042 -156.664 551
220.103 -156.664 551
219.164 -156.664 551
189.048 -159.792 562
188.09 -159.792 562
187.132 -159.792 562
186.174 -159.792 562
185.216 -159.792 562
184.258 -159.792 562
183.626 -160.076 563
182.666 -160.076 563
181.707 -160.076 563
180.747 -160.076 563
179.787 -160.076 563
179.145 -160.361 564
178.183 -160.361 564
177.222 -160.361 564
176.26 -160.361 564
175.299 -160.361 564
174.338 -160.361 564
173.376 -160.361 564
172.415 -160.361 564
171.453 -160.361 564
170.492 -160.361 564
169.53 -160.361 564
168.569 -160.361 564
167.607 -160.361 564
166.646 -160.361 564
165.684 -160.361 564
164.723 -160.361 564
163.761 -160.361 564
162.8 -160.361 564
161.838 -160.361 564
160.877 -160.361 564
159.915 -160.361 564
158.954 -160.361 564
157.992 -160.361 564
157.031 -160.361 564
156.069 -160.361 564
155.108 -160.361 564
154.42 -160.645 565
153.728 -160.929 566
152.763 -160.929 566
151.798 -160.929 566
150.834 -160.929 566
149.869 -160.929 566
148.904 -160.929 566
147.939 -160.929 566
147.753 -161.782 569
147.557 -162.635 572
146.582 -162.635 572
146.116 -163.204 574
145.137 -163.204 574
144.159 -163.204 574
143.18 -163.204 574
289.188 -146.449 512
288.879 -146.735 513
288.004 -146.735 513
287.13 -146.735 513
287.371 -147.307 515
286.493 -147.307 515
286.17 -147.593 516
285.29 -147.593 516
284.411 -147.593 516
284.08 -147.879 517
283.199 -147.879 517
282.318 -147.879 517
281.981 -148.165 518
281.098 -148.165 518
280.215 -148.165 518
279.871 -148.451 519
278.986 -148.451 519
278.637 -148.737 520
277.751 -148.737 520
276.864 -148.737 520
275.978 -148.737 520
275.091 -148.737 520
274.205 -148.737 520
273.844 -149.023 521
273.48 -149.309 522
273.112 -149.595 523
272.22 -149.595 523
271.329 -149.595 523
271.471 -150.168 525
271.092 -150.454 526
270.195 -150.454 526
269.81 -150.74 527
269.422 -151.026 528
268.522 -151.026 528
267.622 -151.026 528
267.227 -151.312 529
266.829 -151.598 530
265.925 -151.598 530
265.022 -151.598 530
264.118 -151.598 530
263.711 -151.884 531
262.806 -151.884 531
261.901 -151.884 531
260.996 -151.884 531
260.58 -152.17 532
259.673 -152.17 532
258.766 -152.17 532
258.344 -152.456 533
257.918 -152.742 534
257.008 -152.742 534
256.577 -153.028 535
256.621 -153.6 537
255.706 -153.6 537
254.79 -153.6 537
254.82 -154.172 539
253.901 -154.172 539
253.452 -154.458 540
252.531 -154.458 540
252.077 -154.744 541
251.154 -154.744 541
250.232 -154.744 541
249.31 -154.744 541
248.847 -155.03 542
248.38 -155.316 543
247.455 -155.316 543
247.437 -155.888 545
246.96 -156.174 546
246.931 -156.746 548
245.996 -156.746 548
245.062 -156.746 548
244.573 -157.032 549
244.081 -157.318 550
243.144 -157.318 550
242.206 -157.318 550
241.707 -157.604 551
241.205 -157.89 552
240.264 -157.89 552
239.323 -157.89 552
238.814 -158.176 553
237.871 -158.176 553
236.928 -158.176 553
235.985 -158.176 553
235.468 -158.463 554
234.523 -158.463 554
233.579 -158.463 554
232.634 -158.463 554
231.69 -158.463 554
230.746 -158.463 554
229.801 -158.463 554
228.857 -158.463 554
227.912 -158.463 554
226.968 -158.463 554
226.023 -158.463 554
225.079 -158.463 554
224.135 -158.463 554
222.384 -157.89 552
221.042 -157.604 551
220.103 -157.604 551
219.164 -157.604 551
189.048 -160.751 562
188.09 -160.751 562
187.132 -160.751 562
186.174 -160.751 562
185.216 -160.751 562
184.258 -160.751 562
183.626 -161.037 563
182.666 -161.037 563
181.707 -161.037 563
180.747 -161.037 563
179.787 -161.037 563
179.145 -161.323 564
178.183 -161.323 564
177.222 -161.323 564
176.26 -161.323 564
175.299 -161.323 564
174.338 -161.323 564
173.376 -161.323 564
172.415 -161.323 564
171.453 -161.323 564
170.492 -161.323 564
169.53 -161.323 564
168.569 -161.323 564
167.607 -161.323 564
166.646 -161.323 564
165.684 -161.323 564
164.723 -161.323 564
163.761 -161.323 564
162.8 -161.323 564
161.838 -161.323 564
160.877 -161.323 564
159.915 -161.323 564
158.954 -161.323 564
157.992 -161.323 564
157.031 -161.323 564
156.069 -161.323 564
155.108 -161.323 564
154.42 -161.609 565
153.728 -161.895 566
152.763 -161.895 566
151.798 -161.895 566
150.834 -161.895 566
149.869 -161.895 566
148.904 -161.895 566
147.939 -161.895 566
147.753 -162.753 569
147.041 -163.039 570
146.069 -163.039 570
145.098 -163.039 570
289.188 -147.323 512
288.879 -147.61 513
288.004 -147.61 513
287.13 -147.61 513
287.371 -148.186 515
286.493 -148.186 515
286.17 -148.474 516
285.29 -148.474 516
284.411 -148.474 516
284.08 -148.761 517
283.199 -148.761 517
282.318 -148.761 517
281.981 -149.049 518
281.098 -149.049 518
280.215 -149.049 518
279.871 -149.337 519
278.986 -149.337 519
278.637 -149.625 520
277.751 -149.625 520
276.864 -149.625 520
275.978 -149.625 520
275.091 -149.625 520
274.205 -149.625 520
273.844 -149.912 521
273.48 -150.2 522
273.112 -150.488 523
272.22 -150.488 523
271.329 -150.488 523
271.471 -151.063 525
271.092 -151.351 526
270.195 -151.351 526
269.81 -151.639 527
269.422 -151.926 528
268.522 -151.926 528
267.622 -151.926 528
267.227 -152.214 529
266.829 -152.502 530
265.925 -152.502 530
265.022 -152.502 530
264.118 -152.502 530
263.711 -152.79 531
262.806 -152.79 531
261.901 -152.79 531
260.996 -152.79 531
260.58 -153.077 532
259.673 -153.077 532
258.766 -153.077 532
258.344 -153.365 533
257.918 -153.653 534
257.008 -153.653 534
256.577 -153.941 535
256.621 -154.516 537
255.706 -154.516 537
254.79 -154.516 537
254.82 -155.092 539
253.901 -155.092 539
252.983 -155.092 539
252.531 -155.379 540
251.611 -155.379 540
251.154 -155.667 541
250.232 -155.667 541
249.31 -155.667 541
248.847 -155.955 542
248.38 -156.243 543
247.455 -156.243 543
247.437 -156.818 545
246.96 -157.106 546
246.931 -157.681 548
245.996 -157.681 548
245.062 -157.681 548
244.573 -157.969 549
244.081 -158.257 550
243.144 -158.257 550
242.206 -158.257 550
241.707 -158.544 551
241.205 -158.832 552
240.264 -158.832 552
239.323 -158.832 552
238.814 -159.12 553
237.871 -159.12 553
236.928 -159.12 553
235.985 -159.12 553
235.043 -159.12 553
234.1 -159.12 553
233.157 -159.12 553
232.214 -159.12 553
231.272 -159.12 553
230.329 -159.12 553
229.386 -159.12 553
228.444 -159.12 553
227.501 -159.12 553
226.558 -159.12 553
225.207 -158.832 552
224.266 -158.832 552
223.325 -158.832 552
222.384 -158.832 552
221.042 -158.544 551
220.103 -158.544 551
219.561 -158.832 552
218.62 -158.832 552
217.679 -158.832 552
187.132 -161.71 562
186.174 -161.71 562
185.216 -161.71 562
184.258 -161.71 562
183.626 -161.997 563
182.666 -161.997 563
181.707 -161.997 563
180.747 -161.997 563
179.787 -161.997 563
179.145 -162.285 564
178.183 -162.285 564
177.222 -162.285 564
176.26 -162.285 564
175.299 -162.285 564
174.338 -162.285 564
173.376 -162.285 564
172.415 -162.285 564
171.453 -162.285 564
170.492 -162.285 564
169.53 -162.285 564
168.569 -162.285 564
167.607 -162.285 564
166.646 -162.285 564
165.684 -162.285 564
164.723 -162.285 564
163.761 -162.285 564
162.8 -162.285 564
161.838 -162.285 564
160.877 -162.285 564
159.915 -162.285 564
158.954 -162.285 564
157.992 -162.285 564
157.031 -162.285 564
156.346 -162.573 565
155.383 -162.573 565
154.42 -162.573 565
153.728 -162.861 566
152.763 -162.861 566
151.798 -162.861 566
150.834 -162.861 566
149.869 -162.861 566
149.167 -163.148 567
148.2 -163.148 567
147.753 -163.724 569
147.557 -164.587 572
146.582 -164.587 572
145.607 -164.587 572
142.199 -167.464 582
141.207 -167.464 582
140.215 -167.464 582
139.223 -167.464 582
138.231 -167.464 582
289.753 -148.486 513
288.879 -148.486 513
288.004 -148.486 513
287.13 -148.486 513
287.371 -149.064 515
287.05 -149.354 516
286.17 -149.354 516
285.29 -149.354 516
284.962 -149.643 517
284.08 -149.643 517
283.199 -149.643 517
282.318 -149.643 517
281.981 -149.933 518
281.098 -149.933 518
280.215 -149.933 518
279.871 -150.222 519
278.986 -150.222 519
278.637 -150.512 520
277.751 -150.512 520
276.864 -150.512 520
275.978 -150.512 520
275.62 -150.801 521
274.732 -150.801 521
273.844 -150.801 521
273.48 -151.091 522
273.112 -151.38 523
272.22 -151.38 523
271.848 -151.67 524
271.471 -151.959 525
271.092 -152.248 526
270.195 -152.248 526
269.81 -152.538 527
269.422 -152.827 528
268.522 -152.827 528
267.622 -152.827 528
267.227 -153.117 529
266.829 -153.406 530
265.925 -153.406 530
265.022 -153.406 530
264.118 -153.406 530
263.215 -153.406 530
262.311 -153.406 530
261.901 -153.696 531
260.996 -153.696 531
260.09 -153.696 531
259.185 -153.696 531
258.766 -153.985 532
258.344 -154.275 533
257.435 -154.275 533
256.527 -154.275 533
256.577 -154.853 535
256.621 -155.432 537
255.706 -155.432 537
254.79 -155.432 537
254.82 -156.011 539
253.901 -156.011 539
252.983 -156.011 539
252.531 -156.301 540
251.611 -156.301 540
251.154 -156.59 541
250.232 -156.59 541
249.31 -156.59 541
248.847 -156.88 542
248.38 -157.169 543
247.455 -157.169 543
247.437 -157.748 545
246.96 -158.037 546
246.931 -158.616 548
245.996 -158.616 548
245.062 -158.616 548
244.573 -158.906 549
244.081 -159.195 550
243.144 -159.195 550
242.646 -159.485 551
241.707 -159.485 551
241.205 -159.774 552
240.264 -159.774 552
239.323 -159.774 552
238.814 -160.063 553
237.871 -160.063 553
236.928 -160.063 553
235.985 -160.063 553
235.043 -160.063 553
234.1 -160.063 553
233.157 -160.063 553
232.214 -160.063 553
231.272 -160.063 553
230.329 -160.063 553
229.386 -160.063 553
228.444 -160.063 553
227.501 -160.063 553
226.558 -160.063 553
225.615 -160.063 553
224.673 -160.063 553
223.73 -160.063 553
222.787 -160.063 553
221.844 -160.063 553
220.902 -160.063 553
219.959 -160.063 553
219.016 -160.063 553
218.074 -160.063 553
217.131 -160.063 553
216.188 -160.063 553
215.245 -160.063 553
187.132 -162.668 562
186.174 -162.668 562
185.216 -162.668 562
184.586 -162.958 563
183.626 -162.958 563
182.666 -162.958 563
181.707 -162.958 563
180.747 -162.958 563
179.787 -162.958 563
179.145 -163.247 564
178.183 -163.247 564
177.222 -163.247 564
176.26 -163.247 564
175.299 -163.247 564
174.338 -163.247 564
173.376 -163.247 564
172.415 -163.247 564
171.453 -163.247 564
170.492 -163.247 564
169.53 -163.247 564
168.569 -163.247 564
167.607 -163.247 564
166.646 -163.247 564
165.684 -163.247 564
164.723 -163.247 564
163.761 -163.247 564
162.8 -163.247 564
161.838 -163.247 564
160.877 -163.247 564
159.915 -163.247 564
158.954 -163.247 564
157.992 -163.247 564
157.031 -163.247 564
156.346 -163.537 565
155.383 -163.537 565
154.693 -163.826 566
153.728 -163.826 566
152.763 -163.826 566
151.798 -163.826 566
150.834 -163.826 566
150.133 -164.116 567
149.167 -164.116 567
148.2 -164.116 567
148.013 -164.984 570
147.557 -165.563 572
146.582 -165.563 572
146.116 -166.142 574
145.137 -166.142 574
144.41 -166.431 575
143.43 -166.431 575
142.697 -166.721 576
141.715 -166.721 576
142.199 -168.457 582
141.207 -168.457 582
140.215 -168.457 582
139.223 -168.457 582
138.231 -168.457 582
289.753 -149.361 513
288.879 -149.361 513
288.004 -149.361 513
287.13 -149.361 513
287.371 -149.943 515
287.05 -150.234 516
286.17 -150.234 516
285.29 -150.234 516
284.962 -150.525 517
284.08 -150.525 517
283.199 -150.525 517
282.318 -150.525 517
281.981 -150.817 518
281.098 -150.817 518
280.215 -150.817 518
279.871 -151.108 519
278.986 -151.108 519
278.637 -151.399 520
277.751 -151.399 520
276.864 -151.399 520
275.978 -151.399 520
275.62 -151.69 521
274.732 -151.69 521
273.844 -151.69 521
273.48 -151.981 522
273.112 -152.272 523
272.22 -152.272 523
271.848 -152.564 524
271.471 -152.855 525
271.092 -153.146 526
270.195 -153.146 526
269.81 -153.437 527
269.422 -153.728 528
268.522 -153.728 528
268.129 -154.019 529
267.227 -154.019 529
266.829 -154.31 530
265.925 -154.31 530
265.022 -154.31 530
264.118 -154.31 530
263.215 -154.31 530
262.311 -154.31 530
261.901 -154.602 531
260.996 -154.602 531
260.09 -154.602 531
259.185 -154.602 531
258.766 -154.893 532
258.344 -155.184 533
257.918 -155.475 534
257.008 -155.475 534
257.057 -156.057 536
256.621 -156.348 537
256.182 -156.64 538
255.265 -156.64 538
254.82 -156.931 539
253.901 -156.931 539
252.983 -156.931 539
252.531 -157.222 540
251.611 -157.222 540
251.154 -157.513 541
250.232 -157.513 541
249.31 -157.513 541
248.388 -157.513 541
248.38 -158.095 543
247.455 -158.095 543
246.983 -158.387 544
246.508 -158.678 545
246.48 -159.26 547
245.547 -159.26 547
245.062 -159.551 548
244.573 -159.842 549
244.081 -160.133 550
243.144 -160.133 550
242.646 -160.425 551
241.707 -160.425 551
240.768 -160.425 551
240.264 -160.716 552
239.323 -160.716 552
238.814 -161.007 553
237.871 -161.007 553
236.928 -161.007 553
235.985 -161.007 553
235.043 -161.007 553
234.1 -161.007 553
233.157 -161.007 553
232.214 -161.007 553
231.69 -161.298 554
230.746 -161.298 554
229.801 -161.298 554
228.857 -161.298 554
227.912 -161.298 554
226.968 -161.298 554
226.023 -161.298 554
225.079 -161.298 554
224.135 -161.298 554
223.19 -161.298 554
222.246 -161.298 554
221.301 -161.298 554
220.357 -161.298 554
219.412 -161.298 554
218.074 -161.007 553
217.524 -161.298 554
216.97 -161.589 555
216.024 -161.589 555
215.465 -161.88 556
214.517 -161.88 556
213.57 -161.88 556
212.622 -161.88 556
187.465 -163.918 563
186.505 -163.918 563
185.546 -163.918 563
184.586 -163.918 563
183.626 -163.918 563
182.666 -163.918 563
181.707 -163.918 563
180.747 -163.918 563
180.106 -164.21 564
179.145 -164.21 564
178.183 -164.21 564
177.222 -164.21 564
176.26 -164.21 564
175.299 -164.21 564
174.338 -164.21 564
173.376 -164.21 564
172.415 -164.21 564
171.757 -164.501 565
170.794 -164.501 565
169.831 -164.501 565
168.868 -164.501 565
167.904 -164.501 565
166.646 -164.21 564
165.684 -164.21 564
164.723 -164.21 564
163.761 -164.21 564
162.8 -164.21 564
161.838 -164.21 564
160.877 -164.21 564
159.915 -164.21 564
158.954 -164.21 564
157.992 -164.21 564
157.309 -164.501 565
156.346 -164.501 565
155.383 -164.501 565
154.693 -164.792 566
153.728 -164.792 566
152.763 -164.792 566
151.798 -164.792 566
150.834 -164.792 566
150.133 -165.083 567
149.167 -165.083 567
148.2 -165.083 567
148.013 -165.956 570
147.557 -166.539 572
146.582 -166.539 572
146.116 -167.121 574
145.137 -167.121 574
144.41 -167.412 575
143.43 -167.412 575
142.697 -167.703 576
141.715 -167.703 576
142.199 -169.45 582
141.207 -169.45 582
140.215 -169.45 582
139.223 -169.45 582
138.231 -169.45 582
289.753 -150.236 513
288.879 -150.236 513
288.004 -150.236 513
287.13 -150.236 513
287.371 -150.822 515
287.05 -151.115 516
286.17 -151.115 516
285.29 -151.115 516
284.962 -151.408 517
284.08 -151.408 517
283.199 -151.408 517
282.864 -151.7 518
281.981 -151.7 518
281.64 -151.993 519
280.756 -151.993 519
279.871 -151.993 519
278.986 -151.993 519
278.637 -152.286 520
277.751 -152.286 520
276.864 -152.286 520
275.978 -152.286 520
275.62 -152.579 521
274.732 -152.579 521
273.844 -152.579 521
273.48 -152.872 522
273.112 -153.165 523
272.22 -153.165 523
271.848 -153.458 524
271.471 -153.75 525
271.092 -154.043 526
270.195 -154.043 526
269.81 -154.336 527
269.422 -154.629 528
268.522 -154.629 528
268.129 -154.922 529
267.227 -154.922 529
266.829 -155.215 530
265.925 -155.215 530
265.022 -155.215 530
264.118 -155.215 530
263.711 -155.508 531
262.806 -155.508 531
261.901 -155.508 531
260.996 -155.508 531
260.58 -155.8 532
259.673 -155.8 532
259.253 -156.093 533
258.344 -156.093 533
258.401 -156.679 535
257.489 -156.679 535
257.057 -156.972 536
256.621 -157.265 537
256.182 -157.558 538
255.265 -157.558 538
254.82 -157.85 539
254.372 -158.143 540
253.452 -158.143 540
252.531 -158.143 540
251.611 -158.143 540
251.154 -158.436 541
250.232 -158.436 541
249.31 -158.436 541
248.847 -158.729 542
248.38 -159.022 543
247.455 -159.022 543
246.983 -159.315 544
246.508 -159.608 545
246.48 -160.193 547
245.547 -160.193 547
244.615 -160.193 547
244.573 -160.779 549
244.081 -161.072 550
243.144 -161.072 550
242.646 -161.365 551
241.707 -161.365 551
240.768 -161.365 551
240.264 -161.658 552
239.323 -161.658 552
238.814 -161.95 553
237.871 -161.95 553
236.928 -161.95 553
235.985 -161.95 553
235.043 -161.95 553
234.1 -161.95 553
233.579 -162.243 554
232.634 -162.243 554
231.69 -162.243 554
230.746 -162.243 554
229.801 -162.243 554
228.857 -162.243 554
227.912 -162.243 554
226.968 -162.243 554
226.023 -162.243 554
225.079 -162.243 554
224.135 -162.243 554
223.19 -162.243 554
222.246 -162.243 554
221.301 -162.243 554
220.357 -162.243 554
219.412 -162.243 554
218.074 -161.95 553
217.524 -162.243 554
216.97 -162.536 555
216.024 -162.536 555
215.465 -162.829 556
214.517 -162.829 556
213.57 -162.829 556
212.622 -162.829 556
187.465 -164.879 563
186.505 -164.879 563
185.546 -164.879 563
184.586 -164.879 563
183.626 -164.879 563
182.666 -164.879 563
181.707 -164.879 563
181.068 -165.172 564
180.106 -165.172 564
179.145 -165.172 564
178.183 -165.172 564
177.222 -165.172 564
176.26 -165.172 564
175.299 -165.172 564
174.338 -165.172 564
173.376 -165.172 564
172.72 -165.465 565
171.757 -165.465 565
170.794 -165.465 565
169.831 -165.465 565
168.868 -165.465 565
167.904 -165.465 565
166.941 -165.465 565
165.978 -165.465 565
165.015 -165.465 565
164.052 -165.465 565
163.088 -165.465 565
162.125 -165.465 565
161.162 -165.465 565
160.199 -165.465 565
159.236 -165.465 565
158.273 -165.465 565
157.309 -165.465 565
156.346 -165.465 565
155.383 -165.465 565
154.693 -165.758 566
154 -166.05 567
153.033 -166.05 567
152.067 -166.05 567
151.1 -166.05 567
150.133 -166.05 567
149.167 -166.05 567
148.2 -166.05 567
148.013 -166.929 570
147.557 -167.515 572
146.582 -167.515 572
146.116 -168.1 574
145.137 -168.1 574
144.41 -168.393 575
143.43 -168.393 575
142.697 -168.686 576
141.715 -168.686 576
142.199 -170.443 582
141.207 -170.443 582
140.215 -170.443 582
289.753 -151.111 513
288.879 -151.111 513
288.004 -151.111 513
287.13 -151.111 513
287.371 -151.7 515
287.05 -151.995 516
286.17 -151.995 516
285.29 -151.995 516
284.962 -152.29 517
284.08 -152.29 517
283.199 -152.29 517
282.864 -152.584 518
281.981 -152.584 518
281.64 -152.879 519
280.756 -152.879 519
279.871 -152.879 519
278.986 -152.879 519
278.637 -153.173 520
277.751 -153.173 520
276.864 -153.173 520
275.978 -153.173 520
275.62 -153.468 521
274.732 -153.468 521
273.844 -153.468 521
273.48 -153.762 522
273.112 -154.057 523
272.22 -154.057 523
271.848 -154.352 524
271.471 -154.646 525
271.092 -154.941 526
270.195 -154.941 526
269.81 -155.235 527
269.422 -155.53 528
268.522 -155.53 528
268.129 -155.824 529
267.227 -155.824 529
266.829 -156.119 530
265.925 -156.119 530
265.022 -156.119 530
264.118 -156.119 530
263.711 -156.413 531
262.806 -156.413 531
261.901 -156.413 531
260.996 -156.413 531
260.58 -156.708 532
259.673 -156.708 532
259.253 -157.003 533
258.829 -157.297 534
258.401 -157.592 535
257.489 -157.592 535
257.057 -157.886 536
257.099 -158.475 538
256.182 -158.475 538
255.265 -158.475 538
254.82 -158.77 539
254.372 -159.065 540
253.452 -159.065 540
252.531 -159.065 540
252.077 -159.359 541
251.154 -159.359 541
250.232 -159.359 541
249.31 -159.359 541
248.847 -159.654 542
248.38 -159.948 543
247.455 -159.948 543
247.437 -160.537 545
246.508 -160.537 545
246.48 -161.126 547
245.547 -161.126 547
244.615 -161.126 547
244.573 -161.716 549
244.081 -162.01 550
243.144 -162.01 550
242.646 -162.305 551
241.707 -162.305 551
240.768 -162.305 551
240.264 -162.599 552
239.323 -162.599 552
238.814 -162.894 553
237.871 -162.894 553
236.928 -162.894 553
235.985 -162.894 553
235.468 -163.188 554
234.523 -163.188 554
233.579 -163.188 554
232.634 -163.188 554
231.69 -163.188 554
230.746 -163.188 554
229.801 -163.188 554
228.857 -163.188 554
227.912 -163.188 554
226.968 -163.188 554
226.431 -163.483 555
225.485 -163.483 555
224.539 -163.483 555
223.19 -163.188 554
222.246 -163.188 554
221.701 -163.483 555
220.755 -163.483 555
219.808 -163.483 555
218.468 -163.188 554
217.916 -163.483 555
216.97 -163.483 555
216.024 -163.483 555
215.465 -163.778 556
214.517 -163.778 556
213.57 -163.778 556
212.622 -163.778 556
187.465 -165.839 563
186.505 -165.839 563
185.546 -165.839 563
184.586 -165.839 563
183.626 -165.839 563
182.666 -165.839 563
181.707 -165.839 563
181.068 -166.134 564
180.106 -166.134 564
179.463 -166.429 565
178.499 -166.429 565
177.536 -166.429 565
176.573 -166.429 565
175.61 -166.429 565
174.338 -166.134 564
173.683 -166.429 565
172.72 -166.429 565
172.061 -166.723 566
171.096 -166.723 566
170.131 -166.723 566
169.166 -166.723 566
168.202 -166.723 566
167.237 -166.723 566
166.272 -166.723 566
165.307 -166.723 566
164.342 -166.723 566
163.377 -166.723 566
162.412 -166.723 566
161.162 -166.429 565
160.199 -166.429 565
159.236 -166.429 565
158.273 -166.429 565
157.309 -166.429 565
156.623 -166.723 566
155.658 -166.723 566
154.693 -166.723 566
154 -167.018 567
153.033 -167.018 567
152.067 -167.018 567
151.1 -167.018 567
150.133 -167.018 567
149.167 -167.018 567
148.2 -167.018 567
148.013 -167.901 570
147.299 -168.196 571
146.326 -168.196 571
145.607 -168.491 572
145.137 -169.08 574
144.41 -169.374 575
143.43 -169.374 575
142.697 -169.669 576
141.715 -169.669 576
140.733 -169.669 576
139.751 -169.669 576
289.753 -151.987 513
288.879 -151.987 513
288.004 -151.987 513
288.249 -152.579 515
287.929 -152.875 516
287.05 -152.875 516
286.17 -152.875 516
285.843 -153.172 517
284.962 -153.172 517
284.63 -153.468 518
283.747 -153.468 518
282.864 -153.468 518
282.525 -153.764 519
281.64 -153.764 519
280.756 -153.764 519
279.871 -153.764 519
279.524 -154.06 520
278.637 -154.06 520
277.751 -154.06 520
276.864 -154.06 520
276.508 -154.357 521
275.62 -154.357 521
274.732 -154.357 521
273.844 -154.357 521
274.004 -154.949 523
273.112 -154.949 523
272.22 -154.949 523
271.848 -155.245 524
271.471 -155.542 525
271.092 -155.838 526
270.195 -155.838 526
269.81 -156.134 527
269.422 -156.431 528
268.522 -156.431 528
268.129 -156.727 529
267.227 -156.727 529
266.829 -157.023 530
265.925 -157.023 530
265.022 -157.023 530
264.118 -157.023 530
263.711 -157.319 531
262.806 -157.319 531
261.901 -157.319 531
260.996 -157.319 531
260.58 -157.616 532
259.673 -157.616 532
259.253 -157.912 533
258.829 -158.208 534
258.401 -158.504 535
257.489 -158.504 535
257.057 -158.801 536
257.099 -159.393 538
256.182 -159.393 538
255.265 -159.393 538
254.82 -159.69 539
254.372 -159.986 540
253.452 -159.986 540
252.531 -159.986 540
252.077 -160.282 541
251.154 -160.282 541
250.232 -160.282 541
249.771 -160.578 542
248.847 -160.578 542
248.838 -161.171 544
247.91 -161.171 544
247.437 -161.467 545
246.96 -161.763 546
246.48 -162.06 547
245.547 -162.06 547
245.062 -162.356 548
244.573 -162.652 549
244.081 -162.949 550
243.144 -162.949 550
242.646 -163.245 551
241.707 -163.245 551
240.768 -163.245 551
240.264 -163.541 552
239.323 -163.541 552
238.814 -163.837 553
237.871 -163.837 553
236.928 -163.837 553
235.985 -163.837 553
235.468 -164.134 554
234.523 -164.134 554
233.579 -164.134 554
232.634 -164.134 554
231.69 -164.134 554
230.746 -164.134 554
229.801 -164.134 554
228.857 -164.134 554
228.324 -164.43 555
227.378 -164.43 555
226.431 -164.43 555
225.485 -164.43 555
224.539 -164.43 555
223.19 -164.134 554
222.647 -164.43 555
221.701 -164.43 555
220.755 -164.43 555
219.808 -164.43 555
218.862 -164.43 555
217.916 -164.43 555
216.97 -164.43 555
216.024 -164.43 555
215.078 -164.43 555
214.517 -164.726 556
213.57 -164.726 556
212.622 -164.726 556
187.465 -166.8 563
186.505 -166.8 563
185.546 -166.8 563
184.586 -166.8 563
183.626 -166.8 563
182.991 -167.096 564
182.029 -167.096 564
181.068 -167.096 564
180.106 -167.096 564
179.463 -167.393 565
178.499 -167.393 565
177.536 -167.393 565
176.573 -167.393 565
175.61 -167.393 565
174.338 -167.096 564
173.683 -167.393 565
172.72 -167.393 565
172.061 -167.689 566
171.096 -167.689 566
170.131 -167.689 566
169.166 -167.689 566
168.202 -167.689 566
167.237 -167.689 566
166.272 -167.689 566
165.307 -167.689 566
164.342 -167.689 566
163.377 -167.689 566
162.412 -167.689 566
161.162 -167.393 565
160.199 -167.393 565
159.236 -167.393 565
158.273 -167.393 565
157.309 -167.393 565
156.623 -167.689 566
155.658 -167.689 566
154.693 -167.689 566
154 -167.985 567
153.033 -167.985 567
152.067 -167.985 567
151.1 -167.985 567
150.133 -167.985 567
149.167 -167.985 567
148.2 -167.985 567
148.013 -168.874 570
147.299 -169.17 571
146.326 -169.17 571
145.607 -169.466 572
145.137 -170.059 574
144.41 -170.355 575
143.43 -170.355 575
142.697 -170.652 576
141.715 -170.652 576
140.733 -170.652 576
139.751 -170.652 576
289.753 -152.862 513
290.005 -153.458 515
289.127 -153.458 515
288.809 -153.756 516
287.929 -153.756 516
287.606 -154.054 517
286.724 -154.054 517
285.843 -154.054 517
285.513 -154.352 518
285.179 -154.65 519
284.295 -154.65 519
283.41 -154.65 519
282.525 -154.65 519
281.64 -154.65 519
280.756 -154.65 519
279.871 -154.65 519
279.524 -154.948 520
278.637 -154.948 520
277.751 -154.948 520
276.864 -154.948 520
276.508 -155.246 521
275.62 -155.246 521
274.732 -155.246 521
273.844 -155.246 521
274.004 -155.842 523
273.634 -156.139 524
272.741 -156.139 524
272.366 -156.437 525
271.988 -156.735 526
271.092 -156.735 526
270.709 -157.033 527
270.322 -157.331 528
269.422 -157.331 528
268.522 -157.331 528
268.129 -157.629 529
267.732 -157.927 530
266.829 -157.927 530
265.925 -157.927 530
265.022 -157.927 530
264.118 -157.927 530
263.711 -158.225 531
262.806 -158.225 531
261.901 -158.225 531
261.487 -158.523 532
260.58 -158.523 532
259.673 -158.523 532
259.253 -158.821 533
258.829 -159.119 534
258.401 -159.417 535
257.489 -159.417 535
257.537 -160.013 537
257.099 -160.311 538
256.182 -160.311 538
255.265 -160.311 538
254.82 -160.609 539
254.372 -160.907 540
253.452 -160.907 540
252.531 -160.907 540
252.077 -161.205 541
251.154 -161.205 541
250.232 -161.205 541
249.771 -161.503 542
248.847 -161.503 542
248.838 -162.099 544
247.91 -162.099 544
247.437 -162.397 545
246.96 -162.695 546
246.48 -162.993 547
245.547 -162.993 547
245.062 -163.291 548
244.573 -163.589 549
244.081 -163.887 550
243.144 -163.887 550
242.646 -164.185 551
241.707 -164.185 551
240.768 -164.185 551
240.264 -164.483 552
239.323 -164.483 552
238.814 -164.781 553
237.871 -164.781 553
236.928 -164.781 553
235.985 -164.781 553
235.468 -165.079 554
234.523 -165.079 554
233.579 -165.079 554
232.634 -165.079 554
231.69 -165.079 554
230.746 -165.079 554
229.801 -165.079 554
228.857 -165.079 554
228.324 -165.377 555
227.378 -165.377 555
226.431 -165.377 555
225.485 -165.377 555
224.539 -165.377 555
223.19 -165.079 554
222.647 -165.377 555
221.701 -165.377 555
220.755 -165.377 555
219.808 -165.377 555
218.862 -165.377 555
217.916 -165.377 555
216.97 -165.377 555
216.024 -165.377 555
215.078 -165.377 555
214.517 -165.675 556
213.57 -165.675 556
212.622 -165.675 556
187.798 -168.059 564
186.837 -168.059 564
185.875 -168.059 564
184.586 -167.761 563
183.626 -167.761 563
182.991 -168.059 564
182.029 -168.059 564
181.389 -168.357 565
180.426 -168.357 565
179.463 -168.357 565
178.499 -168.357 565
177.536 -168.357 565
176.573 -168.357 565
175.61 -168.357 565
174.338 -168.059 564
173.683 -168.357 565
173.026 -168.655 566
172.061 -168.655 566
171.096 -168.655 566
170.131 -168.655 566
169.166 -168.655 566
168.202 -168.655 566
167.237 -168.655 566
166.566 -168.952 567
165.599 -168.952 567
164.632 -168.952 567
163.666 -168.952 567
162.699 -168.952 567
161.447 -168.655 566
160.482 -168.655 566
159.518 -168.655 566
158.273 -168.357 565
157.588 -168.655 566
156.623 -168.655 566
155.658 -168.655 566
154.693 -168.655 566
154 -168.952 567
153.033 -168.952 567
152.067 -168.952 567
151.1 -168.952 567
149.869 -168.655 566
149.167 -168.952 567
148.2 -168.952 567
147.753 -169.548 569
147.041 -169.846 570
146.069 -169.846 570
145.352 -170.144 571
144.379 -170.144 571
144.159 -171.038 574
143.18 -171.038 574
142.202 -171.038 574
289.753 -153.737 513
290.005 -154.336 515
289.127 -154.336 515
288.809 -154.636 516
288.487 -154.936 517
287.606 -154.936 517
286.724 -154.936 517
286.396 -155.235 518
286.064 -155.535 519
285.179 -155.535 519
284.295 -155.535 519
283.41 -155.535 519
282.525 -155.535 519
281.64 -155.535 519
280.756 -155.535 519
279.871 -155.535 519
279.524 -155.835 520
278.637 -155.835 520
277.751 -155.835 520
276.864 -155.835 520
276.508 -156.134 521
275.62 -156.134 521
274.732 -156.134 521
274.369 -156.434 522
274.527 -157.033 524
274.156 -157.333 525
273.261 -157.333 525
272.885 -157.633 526
272.506 -157.933 527
271.607 -157.933 527
270.709 -157.933 527
270.322 -158.232 528
269.422 -158.232 528
268.522 -158.232 528
268.129 -158.532 529
267.732 -158.832 530
266.829 -158.832 530
265.925 -158.832 530
265.022 -158.832 530
264.118 -158.832 530
263.711 -159.131 531
262.806 -159.131 531
261.901 -159.131 531
261.487 -159.431 532
260.58 -159.431 532
259.673 -159.431 532
259.739 -160.03 534
258.829 -160.03 534
258.884 -160.63 536
257.971 -160.63 536
257.537 -160.929 537
257.099 -161.229 538
256.182 -161.229 538
255.739 -161.529 539
254.82 -161.529 539
254.372 -161.828 540
253.452 -161.828 540
252.531 -161.828 540
252.077 -162.128 541
251.154 -162.128 541
250.232 -162.128 541
249.771 -162.428 542
249.306 -162.727 543
248.838 -163.027 544
247.91 -163.027 544
247.891 -163.627 546
246.96 -163.627 546
246.48 -163.926 547
245.547 -163.926 547
245.062 -164.226 548
244.573 -164.526 549
243.638 -164.526 549
243.144 -164.825 550
242.646 -165.125 551
241.707 -165.125 551
240.768 -165.125 551
240.264 -165.425 552
239.323 -165.425 552
238.382 -165.425 552
237.441 -165.425 552
236.928 -165.724 553
235.985 -165.724 553
235.043 -165.724 553
234.1 -165.724 553
233.579 -166.024 554
232.634 -166.024 554
231.69 -166.024 554
230.746 -166.024 554
229.801 -166.024 554
228.857 -166.024 554
228.324 -166.324 555
227.378 -166.324 555
226.431 -166.324 555
225.485 -166.324 555
224.539 -166.324 555
223.19 -166.024 554
222.647 -166.324 555
221.701 -166.324 555
220.755 -166.324 555
219.808 -166.324 555
218.862 -166.324 555
217.916 -166.324 555
216.97 -166.324 555
216.024 -166.324 555
215.078 -166.324 555
214.132 -166.324 555
213.185 -166.324 555
212.239 -166.324 555
187.798 -169.021 564
186.837 -169.021 564
185.875 -169.021 564
184.586 -168.721 563
183.626 -168.721 563
182.991 -169.021 564
182.029 -169.021 564
181.389 -169.32 565
180.426 -169.32 565
179.463 -169.32 565
178.499 -169.32 565
177.536 -169.32 565
176.573 -169.32 565
175.61 -169.32 565
174.647 -169.32 565
173.991 -169.62 566
173.026 -169.62 566
172.365 -169.92 567
171.398 -169.92 567
170.432 -169.92 567
169.465 -169.92 567
168.499 -169.92 567
167.532 -169.92 567
166.566 -169.92 567
165.891 -170.22 568
164.923 -170.22 568
163.954 -170.22 568
162.699 -169.92 567
161.733 -169.92 567
160.766 -169.92 567
159.518 -169.62 566
158.273 -169.32 565
157.588 -169.62 566
156.623 -169.62 566
155.658 -169.62 566
154.693 -169.62 566
154 -169.92 567
153.033 -169.92 567
152.067 -169.92 567
150.834 -169.62 566
149.869 -169.62 566
149.167 -169.92 567
148.2 -169.92 567
147.234 -169.92 567
290.883 -155.215 515
290.568 -155.516 516
289.688 -155.516 516
288.809 -155.516 516
288.487 -155.818 517
287.606 -155.818 517
286.724 -155.818 517
286.396 -156.119 518
286.064 -156.421 519
285.179 -156.421 519
284.295 -156.421 519
283.41 -156.421 519
282.525 -156.421 519
281.64 -156.421 519
280.756 -156.421 519
279.871 -156.421 519
279.524 -156.722 520
278.637 -156.722 520
277.751 -156.722 520
276.864 -156.722 520
276.508 -157.023 521
275.62 -157.023 521
274.732 -157.023 521
274.369 -157.325 522
274.527 -157.927 524
274.156 -158.229 525
273.261 -158.229 525
272.885 -158.53 526
272.506 -158.832 527
271.607 -158.832 527
270.709 -158.832 527
270.322 -159.133 528
269.932 -159.434 529
269.031 -159.434 529
268.129 -159.434 529
267.732 -159.736 530
266.829 -159.736 530
265.925 -159.736 530
265.022 -159.736 530
264.118 -159.736 530
263.711 -160.037 531
262.806 -160.037 531
261.901 -160.037 531
261.487 -160.339 532
260.58 -160.339 532
259.673 -160.339 532
259.739 -160.941 534
258.829 -160.941 534
258.884 -161.544 536
257.971 -161.544 536
257.537 -161.846 537
257.099 -162.147 538
256.182 -162.147 538
255.739 -162.448 539
255.293 -162.75 540
254.372 -162.75 540
253.452 -162.75 540
252.999 -163.051 541
252.077 -163.051 541
251.154 -163.051 541
250.232 -163.051 541
249.771 -163.352 542
249.306 -163.654 543
248.838 -163.955 544
247.91 -163.955 544
247.891 -164.558 546
247.412 -164.859 547
246.931 -165.161 548
245.996 -165.161 548
245.062 -165.161 548
244.573 -165.462 549
243.638 -165.462 549
243.144 -165.764 550
242.646 -166.065 551
241.707 -166.065 551
240.768 -166.065 551
240.264 -166.366 552
239.323 -166.366 552
238.382 -166.366 552
237.441 -166.366 552
236.928 -166.668 553
235.985 -166.668 553
235.043 -166.668 553
234.1 -166.668 553
233.157 -166.668 553
232.634 -166.969 554
231.69 -166.969 554
230.746 -166.969 554
229.801 -166.969 554
228.857 -166.969 554
228.324 -167.271 555
227.378 -167.271 555
226.431 -167.271 555
225.485 -167.271 555
224.539 -167.271 555
223.19 -166.969 554
222.246 -166.969 554
221.701 -167.271 555
220.755 -167.271 555
219.808 -167.271 555
218.862 -167.271 555
217.916 -167.271 555
216.97 -167.271 555
216.024 -167.271 555
215.078 -167.271 555
214.132 -167.271 555
213.185 -167.271 555
212.239 -167.271 555
187.798 -169.983 564
186.837 -169.983 564
185.875 -169.983 564
184.586 -169.682 563
183.626 -169.682 563
182.991 -169.983 564
182.029 -169.983 564
181.389 -170.284 565
180.426 -170.284 565
179.78 -170.586 566
178.815 -170.586 566
177.85 -170.586 566
176.886 -170.586 566
175.921 -170.586 566
174.647 -170.284 565
173.991 -170.586 566
173.332 -170.887 567
172.365 -170.887 567
171.398 -170.887 567
170.432 -170.887 567
169.465 -170.887 567
168.499 -170.887 567
167.532 -170.887 567
166.859 -171.189 568
165.891 -171.189 568
164.923 -171.189 568
163.954 -171.189 568
162.986 -171.189 568
161.733 -170.887 567
160.766 -170.887 567
159.518 -170.586 566
158.553 -170.586 566
157.588 -170.586 566
156.623 -170.586 566
155.658 -170.586 566
154.693 -170.586 566
153.728 -170.586 566
152.763 -170.586 566
151.798 -170.586 566
291.448 -156.397 516
290.568 -156.397 516
289.688 -156.397 516
289.369 -156.7 517
288.487 -156.7 517
288.162 -157.003 518
287.279 -157.003 518
286.396 -157.003 518
286.064 -157.306 519
285.179 -157.306 519
284.295 -157.306 519
283.41 -157.306 519
282.525 -157.306 519
281.64 -157.306 519
280.756 -157.306 519
279.871 -157.306 519
279.524 -157.609 520
278.637 -157.609 520
277.751 -157.609 520
277.397 -157.912 521
276.508 -157.912 521
275.62 -157.912 521
274.732 -157.912 521
274.369 -158.215 522
274.527 -158.822 524
274.156 -159.125 525
273.782 -159.428 526
272.885 -159.428 526
272.506 -159.731 527
271.607 -159.731 527
271.222 -160.034 528
270.322 -160.034 528
269.932 -160.337 529
269.031 -160.337 529
268.129 -160.337 529
267.732 -160.64 530
266.829 -160.64 530
265.925 -160.64 530
265.022 -160.64 530
264.118 -160.64 530
263.711 -160.943 531
262.806 -160.943 531
261.901 -160.943 531
261.487 -161.246 532
260.58 -161.246 532
259.673 -161.246 532
259.739 -161.852 534
258.829 -161.852 534
258.884 -162.459 536
257.971 -162.459 536
257.537 -162.762 537
257.099 -163.065 538
256.182 -163.065 538
255.739 -163.368 539
255.293 -163.671 540
254.372 -163.671 540
253.452 -163.671 540
252.999 -163.974 541
252.077 -163.974 541
251.154 -163.974 541
250.232 -163.974 541
250.232 -164.58 543
249.306 -164.58 543
248.838 -164.883 544
247.91 -164.883 544
247.891 -165.49 546
247.865 -166.096 548
246.931 -166.096 548
245.996 -166.096 548
245.062 -166.096 548
245.019 -166.702 550
244.081 -166.702 550
243.586 -167.005 551
242.646 -167.005 551
242.146 -167.308 552
241.205 -167.308 552
240.264 -167.308 552
239.323 -167.308 552
238.814 -167.611 553
237.871 -167.611 553
236.928 -167.611 553
235.985 -167.611 553
235.043 -167.611 553
234.1 -167.611 553
233.579 -167.914 554
232.634 -167.914 554
231.69 -167.914 554
230.746 -167.914 554
229.801 -167.914 554
228.857 -167.914 554
228.324 -168.217 555
227.378 -168.217 555
226.431 -168.217 555
225.485 -168.217 555
224.539 -168.217 555
223.593 -168.217 555
222.246 -167.914 554
221.301 -167.914 554
220.357 -167.914 554
219.412 -167.914 554
218.862 -168.217 555
217.916 -168.217 555
216.97 -168.217 555
216.024 -168.217 555
215.465 -168.521 556
214.517 -168.521 556
213.57 -168.521 556
212.622 -168.521 556
211.293 -168.217 555
188.76 -170.945 564
187.798 -170.945 564
186.837 -170.945 564
185.875 -170.945 564
184.586 -170.642 563
183.626 -170.642 563
183.315 -171.248 565
182.352 -171.248 565
181.389 -171.248 565
180.426 -171.248 565
179.78 -171.551 566
178.815 -171.551 566
177.85 -171.551 566
176.886 -171.551 566
175.921 -171.551 566
174.647 -171.248 565
173.991 -171.551 566
173.332 -171.855 567
172.365 -171.855 567
171.398 -171.855 567
170.432 -171.855 567
169.465 -171.855 567
168.499 -171.855 567
167.532 -171.855 567
166.859 -172.158 568
165.891 -172.158 568
164.923 -172.158 568
163.954 -172.158 568
162.986 -172.158 568
161.733 -171.855 567
160.766 -171.855 567
159.518 -171.551 566
158.553 -171.551 566
157.588 -171.551 566
156.623 -171.551 566
155.658 -171.551 566
154.693 -171.551 566
153.728 -171.551 566
152.763 -171.551 566
151.798 -171.551 566
291.448 -157.277 516
291.131 -157.582 517
290.25 -157.582 517
289.369 -157.582 517
289.045 -157.887 518
288.162 -157.887 518
287.279 -157.887 518
286.396 -157.887 518
286.064 -158.191 519
285.179 -158.191 519
284.295 -158.191 519
283.41 -158.191 519
282.525 -158.191 519
281.64 -158.191 519
280.756 -158.191 519
279.871 -158.191 519
279.524 -158.496 520
279.173 -158.801 521
278.285 -158.801 521
277.397 -158.801 521
276.508 -158.801 521
276.149 -159.106 522
275.259 -159.106 522
274.369 -159.106 522
275.051 -160.02 525
274.156 -160.02 525
273.782 -160.325 526
272.885 -160.325 526
273.023 -160.935 528
272.123 -160.935 528
271.222 -160.935 528
270.834 -161.24 529
269.932 -161.24 529
269.031 -161.24 529
268.129 -161.24 529
267.732 -161.544 530
266.829 -161.544 530
265.925 -161.544 530
265.022 -161.544 530
264.616 -161.849 531
263.711 -161.849 531
262.806 -161.849 531
262.394 -162.154 532
261.487 -162.154 532
261.07 -162.459 533
260.161 -162.459 533
259.739 -162.764 534
258.829 -162.764 534
258.884 -163.373 536
258.452 -163.678 537
258.016 -163.983 538
257.577 -164.288 539
256.658 -164.288 539
255.739 -164.288 539
255.293 -164.592 540
254.844 -164.897 541
253.921 -164.897 541
252.999 -164.897 541
252.077 -164.897 541
251.619 -165.202 542
250.695 -165.202 542
250.232 -165.507 543
249.306 -165.507 543
248.838 -165.812 544
247.91 -165.812 544
247.891 -166.421 546
247.865 -167.031 548
246.931 -167.031 548
245.996 -167.031 548
245.062 -167.031 548
245.019 -167.64 550
244.081 -167.64 550
243.586 -167.945 551
242.646 -167.945 551
242.146 -168.25 552
241.205 -168.25 552
240.264 -168.25 552
239.323 -168.25 552
238.814 -168.555 553
237.871 -168.555 553
236.928 -168.555 553
235.985 -168.555 553
235.043 -168.555 553
234.1 -168.555 553
233.579 -168.86 554
232.634 -168.86 554
231.69 -168.86 554
230.746 -168.86 554
229.801 -168.86 554
229.683 -169.469 556
228.735 -169.469 556
227.787 -169.469 556
226.839 -169.469 556
225.892 -169.469 556
224.944 -169.469 556
223.996 -169.469 556
223.048 -169.469 556
222.1 -169.469 556
221.152 -169.469 556
220.204 -169.469 556
219.651 -169.774 557
218.701 -169.774 557
217.752 -169.774 557
216.413 -169.469 556
215.465 -169.469 556
214.517 -169.469 556
213.57 -169.469 556
212.622 -169.469 556
211.674 -169.469 556
190.345 -171.603 563
189.385 -171.603 563
188.76 -171.908 564
187.798 -171.908 564
186.837 -171.908 564
185.875 -171.908 564
184.586 -171.603 563
183.626 -171.603 563
183.315 -172.212 565
182.352 -172.212 565
181.389 -172.212 565
180.426 -172.212 565
179.78 -172.517 566
178.815 -172.517 566
177.85 -172.517 566
176.886 -172.517 566
175.921 -172.517 566
174.647 -172.212 565
173.991 -172.517 566
173.332 -172.822 567
172.365 -172.822 567
171.398 -172.822 567
170.432 -172.822 567
169.465 -172.822 567
168.796 -173.127 568
167.828 -173.127 568
166.859 -173.127 568
166.767 -174.041 571
165.794 -174.041 571
164.82 -174.041 571
163.56 -173.736 570
162.588 -173.736 570
161.05 -173.127 568
159.518 -172.517 566
158.553 -172.517 566
157.588 -172.517 566
156.623 -172.517 566
155.658 -172.517 566
291.448 -158.157 516
291.131 -158.464 517
290.25 -158.464 517
289.369 -158.464 517
289.045 -158.77 518
288.162 -158.77 518
287.279 -158.77 518
286.396 -158.77 518
286.064 -159.077 519
285.179 -159.077 519
284.295 -159.077 519
283.41 -159.077 519
282.525 -159.077 519
281.64 -159.077 519
280.756 -159.077 519
280.41 -159.383 520
279.524 -159.383 520
279.173 -159.69 521
278.285 -159.69 521
277.397 -159.69 521
276.508 -159.69 521
276.149 -159.996 522
275.259 -159.996 522
275.421 -160.609 524
275.051 -160.916 525
274.156 -160.916 525
273.782 -161.223 526
273.923 -161.836 528
273.023 -161.836 528
272.123 -161.836 528
271.736 -162.142 529
270.834 -162.142 529
269.932 -162.142 529
269.031 -162.142 529
268.636 -162.449 530
267.732 -162.449 530
266.829 -162.449 530
265.925 -162.449 530
265.522 -162.755 531
264.616 -162.755 531
264.208 -163.062 532
263.301 -163.062 532
262.394 -163.062 532
261.487 -163.062 532
261.07 -163.368 533
260.161 -163.368 533
259.739 -163.675 534
259.314 -163.981 535
258.401 -163.981 535
258.452 -164.594 537
258.016 -164.901 538
257.577 -165.207 539
256.658 -165.207 539
256.214 -165.514 540
255.293 -165.514 540
254.844 -165.82 541
253.921 -165.82 541
252.999 -165.82 541
252.077 -165.82 541
252.083 -166.433 543
251.157 -166.433 543
250.232 -166.433 543
249.765 -166.74 544
249.753 -167.353 546
248.822 -167.353 546
248.799 -167.966 548
247.865 -167.966 548
246.931 -167.966 548
245.996 -167.966 548
245.509 -168.272 549
245.019 -168.579 550
244.081 -168.579 550
243.586 -168.885 551
242.646 -168.885 551
242.146 -169.192 552
241.205 -169.192 552
240.264 -169.192 552
239.756 -169.498 553
238.814 -169.498 553
237.871 -169.498 553
237.357 -169.805 554
236.412 -169.805 554
235.468 -169.805 554
234.523 -169.805 554
234 -170.111 555
233.054 -170.111 555
232.108 -170.111 555
231.162 -170.111 555
230.216 -170.111 555
229.683 -170.418 556
228.735 -170.418 556
227.787 -170.418 556
226.839 -170.418 556
225.892 -170.418 556
224.944 -170.418 556
223.996 -170.418 556
223.048 -170.418 556
222.1 -170.418 556
221.152 -170.418 556
220.204 -170.418 556
219.651 -170.724 557
218.701 -170.724 557
217.752 -170.724 557
216.413 -170.418 556
215.465 -170.418 556
214.517 -170.418 556
213.57 -170.418 556
212.622 -170.418 556
211.674 -170.418 556
190.683 -172.87 564
189.721 -172.87 564
188.76 -172.87 564
187.798 -172.87 564
186.837 -172.87 564
185.875 -172.87 564
184.914 -172.87 564
183.952 -172.87 564
183.315 -173.176 565
182.352 -173.176 565
181.389 -173.176 565
180.426 -173.176 565
179.78 -173.483 566
178.815 -173.483 566
177.85 -173.483 566
176.886 -173.483 566
175.921 -173.483 566
174.956 -173.483 566
173.991 -173.483 566
173.332 -173.789 567
172.365 -173.789 567
171.398 -173.789 567
170.432 -173.789 567
169.465 -173.789 567
168.796 -174.096 568
167.828 -174.096 568
167.447 -174.709 570
166.767 -175.015 571
165.794 -175.015 571
164.82 -175.015 571
163.847 -175.015 571
162.874 -175.015 571
161.333 -174.402 569
159.518 -173.483 566
158.553 -173.483 566
157.309 -173.176 565
156.346 -173.176 565
292.013 -159.346 517
291.131 -159.346 517
290.25 -159.346 517
289.369 -159.346 517
289.045 -159.654 518
288.162 -159.654 518
287.279 -159.654 518
286.396 -159.654 518
286.064 -159.962 519
285.179 -159.962 519
284.295 -159.962 519
283.41 -159.962 519
282.525 -159.962 519
281.64 -159.962 519
280.756 -159.962 519
280.41 -160.271 520
279.524 -160.271 520
279.173 -160.579 521
278.285 -160.579 521
277.397 -160.579 521
276.508 -160.579 521
276.149 -160.887 522
275.259 -160.887 522
275.421 -161.503 524
275.051 -161.812 525
274.156 -161.812 525
273.782 -162.12 526
273.923 -162.736 528
273.023 -162.736 528
272.123 -162.736 528
271.736 -163.045 529
270.834 -163.045 529
269.932 -163.045 529
269.031 -163.045 529
268.636 -163.353 530
267.732 -163.353 530
267.332 -163.661 531
266.427 -163.661 531
265.522 -163.661 531
264.616 -163.661 531
264.208 -163.969 532
263.301 -163.969 532
262.394 -163.969 532
261.979 -164.277 533
261.56 -164.586 534
260.649 -164.586 534
260.226 -164.894 535
259.798 -165.202 536
258.884 -165.202 536
258.452 -165.51 537
258.016 -165.818 538
257.577 -166.127 539
256.658 -166.127 539
256.214 -166.435 540
255.293 -166.435 540
254.844 -166.743 541
253.921 -166.743 541
252.999 -166.743 541
252.543 -167.051 542
252.083 -167.36 543
251.157 -167.36 543
250.692 -167.668 544
250.683 -168.284 546
249.753 -168.284 546
249.733 -168.901 548
249.253 -169.209 549
248.317 -169.209 549
247.381 -169.209 549
246.445 -169.209 549
245.957 -169.517 550
245.019 -169.517 550
244.081 -169.517 550
243.586 -169.825 551
242.646 -169.825 551
242.146 -170.133 552
241.205 -170.133 552
240.264 -170.133 552
239.756 -170.442 553
239.245 -170.75 554
238.301 -170.75 554
237.357 -170.75 554
236.412 -170.75 554
235.893 -171.058 555
234.947 -171.058 555
234 -171.058 555
233.054 -171.058 555
232.526 -171.366 556
231.579 -171.366 556
230.631 -171.366 556
229.683 -171.366 556
229.146 -171.675 557
228.197 -171.675 557
227.247 -171.675 557
226.298 -171.675 557
225.348 -171.675 557
224.399 -171.675 557
223.449 -171.675 557
222.899 -171.983 558
221.948 -171.983 558
220.997 -171.983 558
220.045 -171.983 558
219.094 -171.983 558
218.143 -171.983 558
216.802 -171.675 557
215.853 -171.675 557
214.903 -171.675 557
213.954 -171.675 557
213.004 -171.675 557
211.674 -171.366 556
210.726 -171.366 556
209.778 -171.366 556
190.683 -173.832 564
189.721 -173.832 564
188.76 -173.832 564
187.798 -173.832 564
186.837 -173.832 564
185.875 -173.832 564
184.914 -173.832 564
183.952 -173.832 564
183.315 -174.14 565
182.352 -174.14 565
181.389 -174.14 565
180.426 -174.14 565
179.78 -174.448 566
178.815 -174.448 566
177.85 -174.448 566
176.886 -174.448 566
175.921 -174.448 566
174.956 -174.448 566
173.991 -174.448 566
173.332 -174.757 567
172.365 -174.757 567
171.398 -174.757 567
170.432 -174.757 567
169.465 -174.757 567
168.796 -175.065 568
167.828 -175.065 568
167.447 -175.681 570
166.767 -175.99 571
165.794 -175.99 571
164.82 -175.99 571
163.847 -175.99 571
162.874 -175.99 571
161.333 -175.373 569
159.518 -174.448 566
158.553 -174.448 566
157.309 -174.14 565
156.346 -174.14 565
292.013 -160.228 517
291.131 -160.228 517
290.25 -160.228 517
289.928 -160.538 518
289.045 -160.538 518
288.162 -160.538 518
287.279 -160.538 518
286.396 -160.538 518
286.064 -160.848 519
285.179 -160.848 519
284.295 -160.848 519
283.41 -160.848 519
282.525 -160.848 519
282.183 -161.158 520
281.296 -161.158 520
280.41 -161.158 520
280.061 -161.468 521
279.173 -161.468 521
278.285 -161.468 521
277.929 -161.778 522
277.039 -161.778 522
276.149 -161.778 522
276.314 -162.397 524
275.946 -162.707 525
275.575 -163.017 526
274.679 -163.017 526
274.823 -163.637 528
273.923 -163.637 528
273.54 -163.947 529
272.638 -163.947 529
271.736 -163.947 529
270.834 -163.947 529
270.443 -164.257 530
269.539 -164.257 530
268.636 -164.257 530
267.732 -164.257 530
267.332 -164.567 531
266.427 -164.567 531
265.522 -164.567 531
264.616 -164.567 531
264.208 -164.877 532
263.301 -164.877 532
262.394 -164.877 532
261.979 -165.187 533
261.56 -165.497 534
260.649 -165.497 534
260.226 -165.807 535
259.798 -166.117 536
258.884 -166.117 536
258.452 -166.426 537
258.016 -166.736 538
257.577 -167.046 539
256.658 -167.046 539
256.214 -167.356 540
255.293 -167.356 540
254.844 -167.666 541
253.921 -167.666 541
252.999 -167.666 541
252.543 -167.976 542
252.083 -168.286 543
251.157 -168.286 543
250.692 -168.596 544
251.602 -169.836 548
250.667 -169.836 548
250.189 -170.145 549
249.253 -170.145 549
248.769 -170.455 550
247.832 -170.455 550
246.894 -170.455 550
245.957 -170.455 550
245.464 -170.765 551
244.525 -170.765 551
243.586 -170.765 551
243.087 -171.075 552
242.146 -171.075 552
241.205 -171.075 552
240.699 -171.385 553
240.19 -171.695 554
239.245 -171.695 554
238.301 -171.695 554
237.357 -171.695 554
236.839 -172.005 555
236.318 -172.315 556
235.37 -172.315 556
234.422 -172.315 556
233.474 -172.315 556
232.945 -172.625 557
231.995 -172.625 557
231.046 -172.625 557
230.096 -172.625 557
229.146 -172.625 557
228.197 -172.625 557
227.655 -172.935 558
226.704 -172.935 558
225.753 -172.935 558
224.802 -172.935 558
224.251 -173.245 559
223.299 -173.245 559
222.346 -173.245 559
221.393 -173.245 559
220.44 -173.245 559
219.487 -173.245 559
218.534 -173.245 559
217.581 -173.245 559
216.24 -172.935 558
215.289 -172.935 558
213.954 -172.625 557
213.004 -172.625 557
211.674 -172.315 556
210.726 -172.315 556
209.778 -172.315 556
190.683 -174.794 564
189.721 -174.794 564
188.76 -174.794 564
187.798 -174.794 564
186.837 -174.794 564
185.875 -174.794 564
184.914 -174.794 564
183.952 -174.794 564
183.315 -175.104 565
182.352 -175.104 565
181.389 -175.104 565
180.426 -175.104 565
179.78 -175.414 566
178.815 -175.414 566
177.85 -175.414 566
176.886 -175.414 566
175.921 -175.414 566
174.956 -175.414 566
173.991 -175.414 566
173.332 -175.724 567
172.365 -175.724 567
171.398 -175.724 567
170.432 -175.724 567
169.465 -175.724 567
168.499 -175.724 567
167.828 -176.034 568
167.447 -176.654 570
166.767 -176.964 571
165.794 -176.964 571
164.82 -176.964 571
163.847 -176.964 571
162.874 -176.964 571
161.333 -176.344 569
159.518 -175.414 566
158.553 -175.414 566
292.013 -161.11 517
291.131 -161.11 517
290.25 -161.11 517
289.928 -161.422 518
289.045 -161.422 518
288.162 -161.422 518
287.279 -161.422 518
286.396 -161.422 518
286.064 -161.733 519
285.179 -161.733 519
284.295 -161.733 519
283.41 -161.733 519
282.525 -161.733 519
282.183 -162.045 520
281.296 -162.045 520
280.41 -162.045 520
280.061 -162.357 521
279.709 -162.668 522
278.819 -162.668 522
278.461 -162.98 523
278.101 -163.291 524
277.207 -163.291 524
276.841 -163.603 525
276.472 -163.915 526
276.623 -164.538 528
275.723 -164.538 528
274.823 -164.538 528
274.442 -164.85 529
273.54 -164.85 529
272.638 -164.85 529
271.736 -164.85 529
271.346 -165.161 530
270.443 -165.161 530
269.539 -165.161 530
268.636 -165.161 530
268.237 -165.473 531
267.332 -165.473 531
266.427 -165.473 531
265.522 -165.473 531
264.616 -165.473 531
264.208 -165.784 532
263.301 -165.784 532
262.887 -166.096 533
261.979 -166.096 533
261.56 -166.408 534
260.649 -166.408 534
260.226 -166.719 535
260.283 -167.343 537
259.367 -167.343 537
258.933 -167.654 538
258.496 -167.966 539
258.055 -168.277 540
257.134 -168.277 540
256.214 -168.277 540
255.293 -168.277 540
254.844 -168.589 541
253.921 -168.589 541
252.999 -168.589 541
253.009 -169.212 543
252.083 -169.212 543
251.157 -169.212 543
251.614 -170.147 546
251.602 -170.77 548
250.667 -170.77 548
250.189 -171.082 549
249.253 -171.082 549
248.769 -171.394 550
247.832 -171.394 550
246.894 -171.394 550
245.957 -171.394 550
245.464 -171.705 551
244.525 -171.705 551
243.586 -171.705 551
243.087 -172.017 552
242.146 -172.017 552
241.205 -172.017 552
240.699 -172.329 553
240.19 -172.64 554
239.245 -172.64 554
238.301 -172.64 554
237.357 -172.64 554
236.839 -172.952 555
236.318 -173.263 556
235.37 -173.263 556
234.422 -173.263 556
233.474 -173.263 556
232.945 -173.575 557
231.995 -173.575 557
231.046 -173.575 557
230.096 -173.575 557
229.558 -173.887 558
228.607 -173.887 558
228.063 -174.198 559
227.11 -174.198 559
226.157 -174.198 559
225.204 -174.198 559
224.251 -174.198 559
223.299 -174.198 559
222.346 -174.198 559
221.393 -174.198 559
220.834 -174.51 560
219.879 -174.51 560
218.925 -174.51 560
217.581 -174.198 559
216.24 -173.887 558
215.289 -173.887 558
214.338 -173.887 558
213.387 -173.887 558
212.055 -173.575 557
211.105 -173.575 557
210.156 -173.575 557
190.683 -175.756 564
189.721 -175.756 564
188.76 -175.756 564
187.798 -175.756 564
186.837 -175.756 564
185.875 -175.756 564
184.914 -175.756 564
183.626 -175.445 563
182.991 -175.756 564
182.029 -175.756 564
181.389 -176.068 565
180.426 -176.068 565
179.78 -176.38 566
178.815 -176.38 566
177.85 -176.38 566
176.886 -176.38 566
175.921 -176.38 566
174.956 -176.38 566
173.683 -176.068 565
173.332 -176.691 567
172.365 -176.691 567
171.398 -176.691 567
170.432 -176.691 567
169.465 -176.691 567
168.499 -176.691 567
167.828 -177.003 568
167.447 -177.626 570
166.767 -177.938 571
165.794 -177.938 571
164.82 -177.938 571
163.56 -177.626 570
162.588 -177.626 570
292.013 -161.992 517
291.131 -161.992 517
290.25 -161.992 517
289.928 -162.306 518
289.045 -162.306 518
288.162 -162.306 518
287.279 -162.306 518
286.396 -162.306 518
286.064 -162.619 519
285.179 -162.619 519
284.295 -162.619 519
283.41 -162.619 519
282.525 -162.619 519
282.183 -162.932 520
281.296 -162.932 520
280.41 -162.932 520
280.061 -163.245 521
279.709 -163.559 522
278.819 -163.559 522
278.994 -164.185 524
278.101 -164.185 524
277.207 -164.185 524
277.369 -164.812 526
276.472 -164.812 526
276.623 -165.439 528
275.723 -165.439 528
275.343 -165.752 529
274.442 -165.752 529
273.54 -165.752 529
272.638 -165.752 529
272.25 -166.065 530
271.346 -166.065 530
270.443 -166.065 530
269.539 -166.065 530
268.636 -166.065 530
268.237 -166.379 531
267.332 -166.379 531
266.427 -166.379 531
265.522 -166.379 531
265.115 -166.692 532
264.208 -166.692 532
263.301 -166.692 532
262.887 -167.005 533
262.47 -167.319 534
261.56 -167.319 534
261.626 -167.945 536
261.198 -168.259 537
260.768 -168.572 538
259.85 -168.572 538
258.933 -168.572 538
258.496 -168.885 539
258.055 -169.199 540
257.134 -169.199 540
256.214 -169.199 540
255.766 -169.512 541
254.844 -169.512 541
253.921 -169.512 541
253.467 -169.825 542
253.009 -170.139 543
252.547 -170.452 544
251.62 -170.452 544
252.075 -171.392 547
251.602 -171.705 548
250.667 -171.705 548
250.189 -172.019 549
249.707 -172.332 550
248.769 -172.332 550
247.832 -172.332 550
246.894 -172.332 550
246.404 -172.645 551
245.464 -172.645 551
244.525 -172.645 551
244.028 -172.959 552
243.087 -172.959 552
242.584 -173.272 553
241.642 -173.272 553
241.134 -173.585 554
240.19 -173.585 554
239.245 -173.585 554
238.301 -173.585 554
237.785 -173.899 555
237.266 -174.212 556
236.318 -174.212 556
235.37 -174.212 556
234.844 -174.525 557
233.894 -174.525 557
233.363 -174.839 558
232.412 -174.839 558
231.46 -174.839 558
230.509 -174.839 558
229.558 -174.839 558
228.607 -174.839 558
228.063 -175.152 559
227.11 -175.152 559
226.157 -175.152 559
225.204 -175.152 559
224.251 -175.152 559
223.299 -175.152 559
222.346 -175.152 559
221.393 -175.152 559
220.834 -175.465 560
219.879 -175.465 560
218.925 -175.465 560
217.581 -175.152 559
216.24 -174.839 558
215.289 -174.839 558
214.338 -174.839 558
213.387 -174.839 558
212.055 -174.525 557
211.105 -174.525 557
210.156 -174.525 557
190.683 -176.719 564
189.721 -176.719 564
188.76 -176.719 564
187.798 -176.719 564
186.837 -176.719 564
185.875 -176.719 564
184.914 -176.719 564
183.626 -176.405 563
182.991 -176.719 564
182.029 -176.719 564
181.389 -177.032 565
180.426 -177.032 565
179.78 -177.345 566
178.815 -177.345 566
177.85 -177.345 566
176.573 -177.032 565
175.61 -177.032 565
174.647 -177.032 565
173.683 -177.032 565
172.72 -177.032 565
172.061 -177.345 566
171.096 -177.345 566
170.131 -177.345 566
292.013 -162.874 517
291.131 -162.874 517
290.25 -162.874 517
289.928 -163.189 518
289.045 -163.189 518
288.162 -163.189 518
287.279 -163.189 518
286.396 -163.189 518
286.064 -163.504 519
285.179 -163.504 519
284.295 -163.504 519
283.41 -163.504 519
282.525 -163.504 519
282.183 -163.819 520
281.296 -163.819 520
280.41 -163.819 520
280.061 -164.134 521
279.709 -164.449 522
278.819 -164.449 522
278.994 -165.079 524
278.101 -165.079 524
277.207 -165.079 524
277.369 -165.71 526
276.472 -165.71 526
276.623 -166.34 528
275.723 -166.34 528
275.343 -166.655 529
274.442 -166.655 529
273.54 -166.655 529
272.638 -166.655 529
272.25 -166.97 530
271.346 -166.97 530
270.443 -166.97 530
269.539 -166.97 530
268.636 -166.97 530
268.237 -167.285 531
267.836 -167.6 532
266.929 -167.6 532
266.022 -167.6 532
265.115 -167.6 532
264.704 -167.915 533
263.796 -167.915 533
263.874 -168.545 535
263.453 -168.86 536
262.539 -168.86 536
262.114 -169.175 537
261.198 -169.175 537
260.768 -169.49 538
259.85 -169.49 538
259.415 -169.805 539
258.975 -170.12 540
258.533 -170.435 541
257.61 -170.435 541
256.688 -170.435 541
255.766 -170.435 541
254.844 -170.435 541
253.921 -170.435 541
253.467 -170.75 542
253.009 -171.065 543
253.011 -171.695 545
252.082 -171.695 545
252.075 -172.325 547
251.602 -172.64 548
250.667 -172.64 548
250.189 -172.955 549
249.707 -173.27 550
249.222 -173.585 551
248.282 -173.585 551
247.343 -173.585 551
246.404 -173.585 551
245.91 -173.901 552
244.969 -173.901 552
244.028 -173.901 552
243.527 -174.216 553
243.023 -174.531 554
242.079 -174.531 554
241.134 -174.531 554
240.19 -174.531 554
239.677 -174.846 555
238.731 -174.846 555
238.213 -175.161 556
237.692 -175.476 557
237.168 -175.791 558
236.217 -175.791 558
235.687 -176.106 559
234.734 -176.106 559
233.781 -176.106 559
232.828 -176.106 559
231.875 -176.106 559
230.922 -176.106 559
229.969 -176.106 559
229.016 -176.106 559
228.471 -176.421 560
227.517 -176.421 560
226.562 -176.421 560
225.607 -176.421 560
224.653 -176.421 560
223.698 -176.421 560
222.743 -176.421 560
221.789 -176.421 560
220.834 -176.421 560
219.879 -176.421 560
218.925 -176.421 560
217.97 -176.421 560
217.015 -176.421 560
216.061 -176.421 560
214.722 -176.106 559
213.769 -176.106 559
212.435 -175.791 558
211.484 -175.791 558
210.533 -175.791 558
190.345 -177.366 563
189.385 -177.366 563
188.425 -177.366 563
187.465 -177.366 563
186.505 -177.366 563
185.216 -177.051 562
183.93 -176.736 561
183.3 -177.051 562
182.666 -177.366 563
181.707 -177.366 563
180.747 -177.366 563
180.106 -177.681 564
179.463 -177.996 565
178.499 -177.996 565
177.536 -177.996 565
176.573 -177.996 565
175.61 -177.996 565
174.647 -177.996 565
173.683 -177.996 565
172.72 -177.996 565
172.061 -178.311 566
171.096 -178.311 566
170.131 -178.311 566
292.013 -163.756 517
291.131 -163.756 517
290.25 -163.756 517
289.369 -163.756 517
289.045 -164.073 518
288.162 -164.073 518
287.279 -164.073 518
286.396 -164.073 518
286.064 -164.39 519
285.179 -164.39 519
284.295 -164.39 519
283.41 -164.39 519
282.525 -164.39 519
281.64 -164.39 519
280.756 -164.39 519
280.41 -164.707 520
280.061 -165.023 521
279.709 -165.34 522
279.353 -165.657 523
278.994 -165.973 524
278.101 -165.973 524
277.207 -165.973 524
277.369 -166.607 526
276.472 -166.607 526
276.623 -167.24 528
275.723 -167.24 528
275.343 -167.557 529
274.442 -167.557 529
274.057 -167.874 530
273.153 -167.874 530
272.25 -167.874 530
271.346 -167.874 530
270.443 -167.874 530
269.539 -167.874 530
269.143 -168.191 531
268.237 -168.191 531
267.836 -168.507 532
266.929 -168.507 532
266.022 -168.507 532
265.115 -168.507 532
264.704 -168.824 533
263.796 -168.824 533
263.874 -169.458 535
263.453 -169.774 536
262.539 -169.774 536
262.114 -170.091 537
261.198 -170.091 537
260.768 -170.408 538
259.85 -170.408 538
259.415 -170.725 539
258.975 -171.041 540
258.533 -171.358 541
257.61 -171.358 541
256.688 -171.358 541
255.766 -171.358 541
254.844 -171.358 541
253.921 -171.358 541
253.467 -171.675 542
253.009 -171.992 543
253.011 -172.625 545
252.082 -172.625 545
252.075 -173.259 547
251.602 -173.575 548
250.667 -173.575 548
250.189 -173.892 549
250.161 -174.526 551
249.222 -174.526 551
248.282 -174.526 551
247.343 -174.526 551
246.851 -174.842 552
245.91 -174.842 552
244.969 -174.842 552
244.47 -175.159 553
243.968 -175.476 554
243.023 -175.476 554
242.079 -175.476 554
241.57 -175.793 555
240.623 -175.793 555
240.109 -176.109 556
239.161 -176.109 556
238.642 -176.426 557
238.119 -176.743 558
237.168 -176.743 558
236.64 -177.06 559
236.109 -177.376 560
235.574 -177.693 561
234.617 -177.693 561
233.661 -177.693 561
232.705 -177.693 561
231.748 -177.693 561
230.792 -177.693 561
229.836 -177.693 561
228.879 -177.693 561
227.923 -177.693 561
226.967 -177.693 561
226.01 -177.693 561
225.054 -177.693 561
224.097 -177.693 561
223.141 -177.693 561
222.581 -178.01 562
221.623 -178.01 562
220.665 -178.01 562
219.707 -178.01 562
218.359 -177.693 561
217.403 -177.693 561
216.447 -177.693 561
215.106 -177.376 560
214.151 -177.376 560
213.197 -177.376 560
213 -178.01 562
212.042 -178.01 562
211.084 -178.01 562
190.345 -178.326 563
189.385 -178.326 563
188.425 -178.326 563
187.132 -178.01 562
186.174 -178.01 562
185.216 -178.01 562
183.602 -177.376 560
182.648 -177.376 560
182.342 -178.01 562
181.384 -178.01 562
180.747 -178.326 563
179.787 -178.326 563
178.827 -178.326 563
177.868 -178.326 563
174.988 -178.326 563
174.028 -178.326 563
173.683 -178.96 565
172.72 -178.96 565
171.757 -178.96 565
170.794 -178.96 565
292.013 -164.638 517
291.131 -164.638 517
290.25 -164.638 517
289.369 -164.638 517
289.045 -164.957 518
288.162 -164.957 518
287.279 -164.957 518
286.396 -164.957 518
286.064 -165.275 519
285.179 -165.275 519
284.295 -165.275 519
283.41 -165.275 519
282.525 -165.275 519
281.64 -165.275 519
280.756 -165.275 519
279.871 -165.275 519
280.061 -165.912 521
279.173 -165.912 521
279.353 -166.549 523
278.994 -166.867 524
278.101 -166.867 524
277.207 -166.867 524
277.369 -167.504 526
276.472 -167.504 526
276.623 -168.141 528
275.723 -168.141 528
275.343 -168.46 529
274.442 -168.46 529
274.057 -168.778 530
273.153 -168.778 530
272.25 -168.778 530
271.346 -168.778 530
270.443 -168.778 530
269.539 -168.778 530
269.143 -169.097 531
268.237 -169.097 531
267.836 -169.415 532
266.929 -169.415 532
266.022 -169.415 532
265.613 -169.734 533
264.704 -169.734 533
264.786 -170.37 535
264.367 -170.689 536
263.945 -171.007 537
263.029 -171.007 537
262.114 -171.007 537
261.685 -171.326 538
260.768 -171.326 538
259.85 -171.326 538
259.415 -171.644 539
258.975 -171.963 540
258.533 -172.281 541
257.61 -172.281 541
256.688 -172.281 541
255.766 -172.281 541
255.315 -172.6 542
254.391 -172.6 542
253.467 -172.6 542
253.475 -173.236 544
253.011 -173.555 545
252.082 -173.555 545
252.536 -174.51 548
252.061 -174.829 549
251.125 -174.829 549
250.189 -174.829 549
250.161 -175.466 551
249.222 -175.466 551
248.282 -175.466 551
247.343 -175.466 551
246.851 -175.784 552
245.91 -175.784 552
244.969 -175.784 552
244.47 -176.103 553
243.968 -176.421 554
243.023 -176.421 554
242.079 -176.421 554
241.57 -176.739 555
240.623 -176.739 555
240.109 -177.058 556
239.161 -177.058 556
238.642 -177.376 557
238.119 -177.695 558
237.168 -177.695 558
236.64 -178.013 559
236.109 -178.332 560
235.574 -178.65 561
234.617 -178.65 561
233.661 -178.65 561
232.705 -178.65 561
231.748 -178.65 561
230.792 -178.65 561
229.836 -178.65 561
229.287 -178.969 562
228.329 -178.969 562
227.371 -178.969 562
226.413 -178.969 562
225.054 -178.65 561
224.497 -178.969 562
223.539 -178.969 562
222.581 -178.969 562
222.017 -179.287 563
221.057 -179.287 563
220.098 -179.287 563
218.749 -178.969 562
217.403 -178.65 561
216.447 -178.65 561
215.49 -178.65 561
214.534 -178.65 561
213.577 -178.65 561
213.379 -179.287 563
212.419 -179.287 563
211.835 -179.605 564
211.995 -180.561 567
211.401 -180.879 568
210.433 -180.879 568
210.939 -182.153 572
211.8 -183.745 577
210.816 -183.745 577
210.196 -184.064 578
209.211 -184.064 578
208.225 -184.064 578
190.345 -179.287 563
189.385 -179.287 563
188.425 -179.287 563
187.465 -179.287 563
186.505 -179.287 563
185.216 -178.969 562
183.274 -178.013 559
292.013 -165.52 517
291.131 -165.52 517
290.25 -165.52 517
289.369 -165.52 517
289.045 -165.841 518
288.162 -165.841 518
287.279 -165.841 518
286.396 -165.841 518
286.064 -166.161 519
285.179 -166.161 519
284.295 -166.161 519
283.41 -166.161 519
282.525 -166.161 519
281.64 -166.161 519
280.756 -166.161 519
279.871 -166.161 519
280.061 -166.801 521
279.173 -166.801 521
279.353 -167.441 523
278.994 -167.761 524
278.631 -168.082 525
277.736 -168.082 525
277.369 -168.402 526
276.472 -168.402 526
277.147 -169.362 529
276.245 -169.362 529
275.343 -169.362 529
274.442 -169.362 529
274.057 -169.682 530
273.153 -169.682 530
272.25 -169.682 530
271.346 -169.682 530
270.443 -169.682 530
269.539 -169.682 530
269.143 -170.003 531
268.237 -170.003 531
267.836 -170.323 532
266.929 -170.323 532
266.022 -170.323 532
265.613 -170.643 533
264.704 -170.643 533
264.786 -171.283 535
264.367 -171.603 536
263.945 -171.924 537
263.029 -171.924 537
262.114 -171.924 537
261.685 -172.244 538
260.768 -172.244 538
259.85 -172.244 538
259.896 -172.884 540
258.975 -172.884 540
258.533 -173.204 541
257.61 -173.204 541
256.688 -173.204 541
255.766 -173.204 541
255.315 -173.524 542
254.391 -173.524 542
253.467 -173.524 542
253.475 -174.165 544
253.011 -174.485 545
252.082 -174.485 545
252.536 -175.445 548
252.061 -175.765 549
251.125 -175.765 549
250.645 -176.086 550
250.161 -176.406 551
249.674 -176.726 552
248.733 -176.726 552
247.792 -176.726 552
246.851 -176.726 552
246.355 -177.046 553
245.413 -177.046 553
244.912 -177.366 554
244.408 -177.686 555
243.9 -178.006 556
242.953 -178.006 556
242.005 -178.006 556
241.057 -178.006 556
240.541 -178.327 557
239.591 -178.327 557
239.499 -178.967 559
238.973 -179.287 560
238.018 -179.287 560
237.487 -179.607 561
236.53 -179.607 561
235.994 -179.927 562
235.036 -179.927 562
234.078 -179.927 562
233.12 -179.927 562
232.161 -179.927 562
230.792 -179.607 561
229.836 -179.607 561
229.287 -179.927 562
228.329 -179.927 562
227.371 -179.927 562
226.413 -179.927 562
225.054 -179.607 561
224.497 -179.927 562
223.539 -179.927 562
222.581 -179.927 562
222.017 -180.248 563
221.057 -180.248 563
220.098 -180.248 563
218.749 -179.927 562
217.403 -179.607 561
216.447 -179.607 561
215.49 -179.607 561
214.534 -179.607 561
213.577 -179.607 561
213.379 -180.248 563
212.419 -180.248 563
211.835 -180.568 564
211.995 -181.528 567
211.401 -181.848 568
210.433 -181.848 568
210.939 -183.129 572
211.8 -184.73 577
210.816 -184.73 577
210.196 -185.05 578
209.211 -185.05 578
208.225 -185.05 578
190.345 -180.248 563
189.385 -180.248 563
188.425 -180.248 563
187.465 -180.248 563
186.505 -180.248 563
185.216 -179.927 562
183.274 -178.967 559
292.013 -166.402 517
291.131 -166.402 517
290.25 -166.402 517
289.928 -166.724 518
289.045 -166.724 518
288.162 -166.724 518
287.279 -166.724 518
286.396 -166.724 518
286.064 -167.046 519
285.179 -167.046 519
284.295 -167.046 519
283.41 -167.046 519
282.525 -167.046 519
281.64 -167.046 519
280.756 -167.046 519
279.871 -167.046 519
280.061 -167.69 521
279.173 -167.69 521
279.353 -168.334 523
278.994 -168.655 524
278.631 -168.977 525
277.736 -168.977 525
277.369 -169.299 526
276.472 -169.299 526
277.147 -170.265 529
276.245 -170.265 529
275.343 -170.265 529
274.442 -170.265 529
274.057 -170.587 530
273.153 -170.587 530
272.25 -170.587 530
271.346 -170.587 530
270.443 -170.587 530
269.539 -170.587 530
269.143 -170.909 531
268.237 -170.909 531
267.836 -171.23 532
266.929 -171.23 532
266.022 -171.23 532
265.613 -171.552 533
264.704 -171.552 533
264.786 -172.196 535
264.367 -172.518 536
263.945 -172.84 537
263.029 -172.84 537
262.602 -173.162 538
261.685 -173.162 538
261.252 -173.483 539
260.333 -173.483 539
259.896 -173.805 540
258.975 -173.805 540
258.533 -174.127 541
257.61 -174.127 541
256.688 -174.127 541
255.766 -174.127 541
255.315 -174.449 542
254.391 -174.449 542
253.467 -174.449 542
253.475 -175.093 544
253.011 -175.415 545
252.082 -175.415 545
252.536 -176.38 548
252.061 -176.702 549
251.125 -176.702 549
250.645 -177.024 550
250.615 -177.668 552
249.674 -177.668 552
248.733 -177.668 552
247.792 -177.668 552
247.298 -177.989 553
246.801 -178.311 554
245.856 -178.311 554
245.354 -178.633 555
245.289 -179.277 557
244.339 -179.277 557
243.827 -179.599 558
243.746 -180.242 560
242.791 -180.242 560
241.837 -180.242 560
240.882 -180.242 560
239.927 -180.242 560
239.826 -180.886 562
238.868 -180.886 562
237.91 -180.886 562
237.373 -181.208 563
236.414 -181.208 563
235.454 -181.208 563
234.494 -181.208 563
233.534 -181.208 563
232.575 -181.208 563
231.203 -180.886 562
230.245 -180.886 562
229.287 -180.886 562
228.329 -180.886 562
227.371 -180.886 562
226.413 -180.886 562
225.455 -180.886 562
224.497 -180.886 562
223.539 -180.886 562
222.977 -181.208 563
222.017 -181.208 563
221.057 -181.208 563
220.098 -181.208 563
219.138 -181.208 563
217.79 -180.886 562
216.832 -180.886 562
215.49 -180.564 561
214.916 -180.886 562
213.958 -180.886 562
213.379 -181.208 563
212.419 -181.208 563
211.835 -181.53 564
211.995 -182.496 567
211.401 -182.817 568
210.433 -182.817 568
210.939 -184.105 572
211.8 -185.714 577
210.816 -185.714 577
210.196 -186.036 578
209.211 -186.036 578
208.225 -186.036 578
190.345 -181.208 563
189.385 -181.208 563
188.425 -181.208 563
187.465 -181.208 563
186.505 -181.208 563
185.216 -180.886 562
292.577 -167.608 518
291.694 -167.608 518
290.811 -167.608 518
289.928 -167.608 518
289.045 -167.608 518
288.162 -167.608 518
287.279 -167.608 518
286.949 -167.932 519
286.064 -167.932 519
285.179 -167.932 519
284.295 -167.932 519
283.41 -167.932 519
282.525 -167.932 519
281.64 -167.932 519
280.756 -167.932 519
280.41 -168.255 520
280.061 -168.579 521
279.173 -168.579 521
279.353 -169.226 523
279.526 -169.873 525
278.631 -169.873 525
277.736 -169.873 525
277.369 -170.197 526
276.472 -170.197 526
277.147 -171.167 529
276.245 -171.167 529
275.343 -171.167 529
274.442 -171.167 529
274.057 -171.491 530
273.153 -171.491 530
272.25 -171.491 530
271.346 -171.491 530
270.443 -171.491 530
269.539 -171.491 530
269.143 -171.814 531
268.237 -171.814 531
267.836 -172.138 532
266.929 -172.138 532
266.022 -172.138 532
265.613 -172.462 533
264.704 -172.462 533
264.786 -173.109 535
264.367 -173.432 536
263.945 -173.756 537
263.029 -173.756 537
262.602 -174.079 538
261.685 -174.079 538
261.252 -174.403 539
260.333 -174.403 539
259.896 -174.727 540
258.975 -174.727 540
258.533 -175.05 541
257.61 -175.05 541
256.688 -175.05 541
255.766 -175.05 541
255.315 -175.374 542
254.391 -175.374 542
253.467 -175.374 542
253.475 -176.021 544
252.547 -176.021 544
252.082 -176.344 545
252.536 -177.315 548
252.061 -177.639 549
251.125 -177.639 549
250.645 -177.962 550
250.615 -178.609 552
249.674 -178.609 552
248.733 -178.609 552
248.241 -178.933 553
247.298 -178.933 553
246.801 -179.257 554
245.856 -179.257 554
246.238 -180.227 557
245.729 -180.551 558
244.778 -180.551 558
244.701 -181.198 560
243.746 -181.198 560
242.791 -181.198 560
241.837 -181.198 560
241.312 -181.521 561
240.784 -181.845 562
240.253 -182.169 563
239.293 -182.169 563
238.333 -182.169 563
237.795 -182.492 564
236.834 -182.492 564
235.872 -182.492 564
234.911 -182.492 564
233.949 -182.492 564
232.988 -182.492 564
231.615 -182.169 563
230.655 -182.169 563
229.695 -182.169 563
228.735 -182.169 563
227.776 -182.169 563
226.816 -182.169 563
225.455 -181.845 562
224.896 -182.169 563
223.937 -182.169 563
222.977 -182.169 563
222.017 -182.169 563
221.057 -182.169 563
220.098 -182.169 563
219.138 -182.169 563
218.178 -182.169 563
217.218 -182.169 563
215.874 -181.845 562
214.916 -181.845 562
214.72 -182.492 564
213.758 -182.492 564
212.797 -182.492 564
211.835 -182.492 564
211.995 -183.463 567
211.401 -183.786 568
210.433 -183.786 568
210.939 -185.081 572
211.8 -186.699 577
210.816 -186.699 577
210.196 -187.022 578
209.211 -187.022 578
208.225 -187.022 578
292.577 -168.492 518
292.257 -168.817 519
291.373 -168.817 519
290.488 -168.817 519
289.603 -168.817 519
288.718 -168.817 519
287.834 -168.817 519
286.949 -168.817 519
286.064 -168.817 519
285.729 -169.142 520
284.842 -169.142 520
283.956 -169.142 520
283.069 -169.142 520
282.183 -169.142 520
281.296 -169.142 520
280.41 -169.142 520
280.599 -169.793 522
279.709 -169.793 522
279.887 -170.443 524
279.526 -170.769 525
279.162 -171.094 526
278.265 -171.094 526
277.369 -171.094 526
276.472 -171.094 526
277.147 -172.07 529
276.245 -172.07 529
275.343 -172.07 529
274.442 -172.07 529
273.54 -172.07 529
272.638 -172.07 529
271.736 -172.07 529
271.346 -172.395 530
270.443 -172.395 530
269.539 -172.395 530
269.143 -172.72 531
268.743 -173.046 532
267.836 -173.046 532
267.43 -173.371 533
266.522 -173.371 533
265.613 -173.371 533
264.704 -173.371 533
265.281 -174.347 536
264.86 -174.672 537
264.436 -174.997 538
263.519 -174.997 538
262.602 -174.997 538
261.685 -174.997 538
261.252 -175.323 539
260.333 -175.323 539
259.896 -175.648 540
259.455 -175.973 541
258.533 -175.973 541
257.61 -175.973 541
256.688 -175.973 541
255.766 -175.973 541
255.315 -176.298 542
254.391 -176.298 542
253.934 -176.624 543
253.475 -176.949 544
252.547 -176.949 544
252.545 -177.6 546
252.075 -177.925 547
252.061 -178.575 549
251.125 -178.575 549
250.645 -178.901 550
250.615 -179.551 552
249.674 -179.551 552
248.733 -179.551 552
248.241 -179.876 553
247.298 -179.876 553
246.801 -180.202 554
245.856 -180.202 554
246.238 -181.178 557
245.729 -181.503 558
244.778 -181.503 558
244.701 -182.153 560
243.746 -182.153 560
242.791 -182.153 560
241.837 -182.153 560
241.312 -182.479 561
240.784 -182.804 562
240.253 -183.129 563
239.293 -183.129 563
238.333 -183.129 563
237.795 -183.454 564
236.834 -183.454 564
235.872 -183.454 564
234.911 -183.454 564
233.949 -183.454 564
232.988 -183.454 564
231.615 -183.129 563
230.655 -183.129 563
229.695 -183.129 563
228.735 -183.129 563
227.776 -183.129 563
226.816 -183.129 563
225.856 -183.129 563
224.896 -183.129 563
223.937 -183.129 563
223.373 -183.454 564
222.411 -183.454 564
221.45 -183.454 564
220.488 -183.454 564
219.527 -183.454 564
218.178 -183.129 563
217.218 -183.129 563
216.258 -183.129 563
215.681 -183.454 564
214.72 -183.454 564
213.758 -183.454 564
212.797 -183.454 564
212.211 -183.78 565
211.995 -184.43 567
211.401 -184.756 568
210.433 -184.756 568
210.939 -186.057 572
211.8 -187.683 577
210.816 -187.683 577
210.196 -188.008 578
209.211 -188.008 578
208.225 -188.008 578
204.73 -185.731 571
292.577 -169.376 518
292.257 -169.703 519
291.373 -169.703 519
290.488 -169.703 519
289.603 -169.703 519
288.718 -169.703 519
287.834 -169.703 519
286.949 -169.703 519
286.064 -169.703 519
285.729 -170.03 520
284.842 -170.03 520
283.956 -170.03 520
283.069 -170.03 520
282.183 -170.03 520
281.296 -170.03 520
280.949 -170.357 521
280.599 -170.684 522
279.709 -170.684 522
280.421 -171.664 525
279.526 -171.664 525
279.162 -171.991 526
278.265 -171.991 526
277.369 -171.991 526
276.472 -171.991 526
277.147 -172.972 529
276.245 -172.972 529
275.343 -172.972 529
274.442 -172.972 529
274.057 -173.299 530
273.153 -173.299 530
272.25 -173.299 530
271.346 -173.299 530
270.443 -173.299 530
269.539 -173.299 530
269.649 -173.953 532
269.248 -174.28 533
268.339 -174.28 533
267.932 -174.607 534
267.022 -174.607 534
266.61 -174.934 535
265.698 -174.934 535
265.776 -175.588 537
265.353 -175.915 538
264.436 -175.915 538
263.519 -175.915 538
263.09 -176.242 539
262.171 -176.242 539
261.252 -176.242 539
260.333 -176.242 539
259.896 -176.569 540
259.455 -176.896 541
258.533 -176.896 541
257.61 -176.896 541
256.688 -176.896 541
256.239 -177.223 542
255.786 -177.55 543
254.86 -177.55 543
254.402 -177.877 544
254.406 -178.531 546
253.476 -178.531 546
253.007 -178.858 547
252.997 -179.512 549
252.52 -179.839 550
251.582 -179.839 550
251.1 -180.166 551
250.615 -180.493 552
250.126 -180.82 553
249.184 -180.82 553
248.241 -180.82 553
247.745 -181.147 554
246.801 -181.147 554
245.856 -181.147 554
246.238 -182.128 557
246.169 -182.782 559
245.216 -182.782 559
244.701 -183.109 560
244.181 -183.436 561
243.225 -183.436 561
242.268 -183.436 561
241.742 -183.763 562
241.213 -184.09 563
240.253 -184.09 563
239.293 -184.09 563
238.757 -184.417 564
237.795 -184.417 564
236.834 -184.417 564
235.872 -184.417 564
234.911 -184.417 564
233.949 -184.417 564
232.988 -184.417 564
232.026 -184.417 564
230.655 -184.09 563
229.695 -184.09 563
228.735 -184.09 563
227.776 -184.09 563
226.816 -184.09 563
225.856 -184.09 563
224.896 -184.09 563
223.937 -184.09 563
223.373 -184.417 564
222.411 -184.417 564
221.45 -184.417 564
220.488 -184.417 564
219.527 -184.417 564
218.178 -184.09 563
217.218 -184.09 563
216.258 -184.09 563
215.681 -184.417 564
214.72 -184.417 564
213.758 -184.417 564
212.797 -184.417 564
212.211 -184.744 565
211.621 -185.071 566
211.029 -185.398 567
210.062 -185.398 567
210.202 -186.379 570
210.331 -187.359 573
209.355 -187.359 573
209.832 -188.667 577
208.849 -188.667 577
207.865 -188.667 577
204.73 -186.706 571
292.821 -170.917 520
291.934 -170.917 520
291.048 -170.917 520
290.161 -170.917 520
289.275 -170.917 520
288.388 -170.917 520
286.949 -170.588 519
286.615 -170.917 520
285.729 -170.917 520
284.842 -170.917 520
283.956 -170.917 520
283.069 -170.917 520
282.183 -170.917 520
281.296 -170.917 520
280.949 -171.245 521
280.599 -171.574 522
279.709 -171.574 522
280.421 -172.56 525
279.526 -172.56 525
279.162 -172.889 526
278.265 -172.889 526
277.369 -172.889 526
276.472 -172.889 526
276.623 -173.546 528
275.723 -173.546 528
275.343 -173.875 529
274.442 -173.875 529
274.057 -174.204 530
273.153 -174.204 530
272.25 -174.204 530
271.346 -174.204 530
270.443 -174.204 530
269.539 -174.204 530
269.649 -174.861 532
269.248 -175.19 533
268.339 -175.19 533
267.932 -175.518 534
267.522 -175.847 535
267.108 -176.176 536
266.194 -176.176 536
266.271 -176.833 538
265.353 -176.833 538
264.928 -177.162 539
264.009 -177.162 539
263.09 -177.162 539
262.658 -177.49 540
261.737 -177.49 540
260.816 -177.49 540
260.377 -177.819 541
259.455 -177.819 541
259.01 -178.148 542
258.087 -178.148 542
257.163 -178.148 542
256.711 -178.477 543
255.786 -178.477 543
255.799 -179.134 545
255.337 -179.463 546
255.338 -180.12 548
254.404 -180.12 548
253.932 -180.449 549
253.457 -180.777 550
252.979 -181.106 551
252.04 -181.106 551
251.1 -181.106 551
250.615 -181.435 552
250.126 -181.763 553
249.184 -181.763 553
248.69 -182.092 554
247.745 -182.092 554
247.246 -182.421 555
246.3 -182.421 555
246.238 -183.078 557
246.61 -184.064 560
245.655 -184.064 560
245.137 -184.393 561
244.616 -184.722 562
243.658 -184.722 562
242.7 -184.722 562
242.172 -185.05 563
241.213 -185.05 563
240.679 -185.379 564
239.718 -185.379 564
238.757 -185.379 564
238.217 -185.708 565
237.253 -185.708 565
236.29 -185.708 565
235.327 -185.708 565
233.949 -185.379 564
232.988 -185.379 564
232.026 -185.379 564
230.655 -185.05 563
230.103 -185.379 564
229.142 -185.379 564
228.18 -185.379 564
227.219 -185.379 564
225.856 -185.05 563
225.296 -185.379 564
224.334 -185.379 564
223.373 -185.379 564
222.411 -185.379 564
221.45 -185.379 564
220.488 -185.379 564
219.527 -185.379 564
218.565 -185.379 564
217.604 -185.379 564
216.643 -185.379 564
215.681 -185.379 564
214.72 -185.379 564
213.758 -185.379 564
212.797 -185.379 564
212.211 -185.708 565
211.621 -186.036 566
211.029 -186.365 567
210.062 -186.365 567
209.464 -186.694 568
209.597 -187.68 571
208.624 -187.68 571
208.014 -188.008 572
207.039 -188.008 572
206.064 -188.008 572
204.73 -187.68 571
292.821 -171.804 520
291.934 -171.804 520
291.048 -171.804 520
290.161 -171.804 520
289.275 -171.804 520
288.388 -171.804 520
286.949 -171.474 519
286.615 -171.804 520
285.729 -171.804 520
284.842 -171.804 520
283.956 -171.804 520
283.069 -171.804 520
282.183 -171.804 520
281.296 -171.804 520
280.949 -172.134 521
280.599 -172.465 522
279.709 -172.465 522
280.421 -173.456 525
279.526 -173.456 525
279.162 -173.786 526
278.265 -173.786 526
277.369 -173.786 526
276.472 -173.786 526
276.623 -174.447 528
275.723 -174.447 528
275.343 -174.777 529
274.96 -175.108 530
274.057 -175.108 530
273.153 -175.108 530
272.25 -175.108 530
271.346 -175.108 530
270.443 -175.108 530
270.556 -175.769 532
269.649 -175.769 532
269.753 -176.429 534
268.842 -176.429 534
268.434 -176.76 535
267.522 -176.76 535
267.108 -177.09 536
266.194 -177.09 536
266.271 -177.751 538
265.353 -177.751 538
264.928 -178.081 539
264.009 -178.081 539
263.09 -178.081 539
262.658 -178.412 540
261.737 -178.412 540
260.816 -178.412 540
260.377 -178.742 541
259.455 -178.742 541
259.01 -179.073 542
258.087 -179.073 542
257.163 -179.073 542
256.711 -179.403 543
255.786 -179.403 543
255.799 -180.064 545
255.337 -180.394 546
255.338 -181.055 548
254.404 -181.055 548
253.932 -181.385 549
253.457 -181.716 550
252.979 -182.046 551
252.04 -182.046 551
251.1 -182.046 551
250.615 -182.376 552
250.126 -182.707 553
249.184 -182.707 553
248.69 -183.037 554
247.745 -183.037 554
247.246 -183.368 555
246.3 -183.368 555
246.68 -184.359 558
247.05 -185.35 561
246.094 -185.35 561
245.574 -185.68 562
244.616 -185.68 562
243.658 -185.68 562
242.7 -185.68 562
242.172 -186.011 563
241.213 -186.011 563
240.679 -186.341 564
239.718 -186.341 564
239.18 -186.672 565
238.217 -186.672 565
237.253 -186.672 565
236.29 -186.672 565
235.327 -186.672 565
234.364 -186.672 565
233.401 -186.672 565
232.026 -186.341 564
230.655 -186.011 563
230.103 -186.341 564
229.142 -186.341 564
228.18 -186.341 564
227.219 -186.341 564
226.257 -186.341 564
225.296 -186.341 564
224.334 -186.341 564
223.373 -186.341 564
222.411 -186.341 564
221.45 -186.341 564
220.488 -186.341 564
219.527 -186.341 564
218.565 -186.341 564
217.604 -186.341 564
216.643 -186.341 564
215.681 -186.341 564
214.72 -186.341 564
213.758 -186.341 564
212.797 -186.341 564
212.211 -186.672 565
211.995 -187.332 567
211.029 -187.332 567
210.062 -187.332 567
209.096 -187.332 567
208.863 -187.993 569
207.893 -187.993 569
207.65 -188.654 571
206.677 -188.654 571
205.704 -188.654 571
202.937 -187.002 566
292.821 -172.691 520
291.934 -172.691 520
291.048 -172.691 520
290.161 -172.691 520
289.275 -172.691 520
288.388 -172.691 520
286.949 -172.359 519
286.615 -172.691 520
285.729 -172.691 520
285.39 -173.023 521
284.502 -173.023 521
283.614 -173.023 521
282.183 -172.691 520
281.296 -172.691 520
280.949 -173.023 521
280.599 -173.355 522
279.709 -173.355 522
279.887 -174.019 524
279.526 -174.352 525
278.631 -174.352 525
277.736 -174.352 525
276.841 -174.352 525
276.472 -174.684 526
277.147 -175.68 529
276.245 -175.68 529
275.864 -176.012 530
274.96 -176.012 530
274.057 -176.012 530
273.153 -176.012 530
272.763 -176.344 531
271.858 -176.344 531
270.953 -176.344 531
270.556 -176.676 532
270.663 -177.34 534
269.753 -177.34 534
268.842 -177.34 534
268.936 -178.005 536
268.022 -178.005 536
267.108 -178.005 536
266.194 -178.005 536
266.271 -178.669 538
265.847 -179.001 539
264.928 -179.001 539
264.009 -179.001 539
263.578 -179.333 540
262.658 -179.333 540
262.222 -179.665 541
261.299 -179.665 541
260.377 -179.665 541
259.934 -179.997 542
259.01 -179.997 542
258.563 -180.329 543
257.637 -180.329 543
257.184 -180.661 544
256.257 -180.661 544
256.268 -181.326 546
255.805 -181.658 547
255.804 -182.322 549
254.868 -182.322 549
253.932 -182.322 549
253.918 -182.986 551
252.979 -182.986 551
252.04 -182.986 551
251.1 -182.986 551
251.069 -183.65 553
250.126 -183.65 553
249.184 -183.65 553
248.69 -183.982 554
247.745 -183.982 554
247.246 -184.315 555
246.3 -184.315 555
246.68 -185.311 558
247.05 -186.307 561
246.094 -186.307 561
245.574 -186.639 562
244.616 -186.639 562
243.658 -186.639 562
242.7 -186.639 562
242.172 -186.971 563
241.213 -186.971 563
240.679 -187.303 564
239.718 -187.303 564
239.18 -187.635 565
238.217 -187.635 565
237.253 -187.635 565
236.29 -187.635 565
235.327 -187.635 565
234.364 -187.635 565
233.401 -187.635 565
232.026 -187.303 564
230.655 -186.971 563
230.103 -187.303 564
229.142 -187.303 564
228.18 -187.303 564
227.219 -187.303 564
226.257 -187.303 564
225.296 -187.303 564
224.334 -187.303 564
223.373 -187.303 564
222.411 -187.303 564
221.45 -187.303 564
220.488 -187.303 564
219.527 -187.303 564
218.565 -187.303 564
217.604 -187.303 564
216.643 -187.303 564
215.681 -187.303 564
214.72 -187.303 564
213.758 -187.303 564
212.797 -187.303 564
212.211 -187.635 565
211.995 -188.3 567
211.029 -188.3 567
210.062 -188.3 567
209.096 -188.3 567
208.863 -188.964 569
207.893 -188.964 569
207.65 -189.628 571
206.677 -189.628 571
205.704 -189.628 571
202.937 -187.968 566
290.161 -173.578 520
289.275 -173.578 520
288.388 -173.578 520
286.949 -173.244 519
286.615 -173.578 520
285.729 -173.578 520
285.39 -173.912 521
284.502 -173.912 521
283.614 -173.912 521
282.183 -173.578 520
281.296 -173.578 520
280.949 -173.912 521
280.599 -174.246 522
279.709 -174.246 522
279.887 -174.913 524
279.526 -175.247 525
278.631 -175.247 525
277.736 -175.247 525
276.841 -175.247 525
276.472 -175.581 526
277.147 -176.582 529
276.245 -176.582 529
275.864 -176.916 530
274.96 -176.916 530
274.057 -176.916 530
273.153 -176.916 530
272.763 -177.25 531
271.858 -177.25 531
270.953 -177.25 531
270.556 -177.584 532
270.663 -178.252 534
269.753 -178.252 534
268.842 -178.252 534
268.936 -178.919 536
268.022 -178.919 536
267.108 -178.919 536
266.194 -178.919 536
266.271 -179.587 538
265.847 -179.921 539
264.928 -179.921 539
264.009 -179.921 539
263.578 -180.254 540
262.658 -180.254 540
262.222 -180.588 541
261.299 -180.588 541
260.858 -180.922 542
260.414 -181.256 543
259.488 -181.256 543
258.563 -181.256 543
257.637 -181.256 543
257.184 -181.59 544
256.257 -181.59 544
256.268 -182.257 546
255.805 -182.591 547
255.804 -183.259 549
254.868 -183.259 549
253.932 -183.259 549
253.918 -183.926 551
252.979 -183.926 551
252.04 -183.926 551
251.1 -183.926 551
251.069 -184.594 553
250.126 -184.594 553
249.184 -184.594 553
248.69 -184.928 554
247.745 -184.928 554
247.246 -185.261 555
246.3 -185.261 555
246.68 -186.263 558
247.05 -187.264 561
246.094 -187.264 561
245.574 -187.598 562
244.616 -187.598 562
244.092 -187.932 563
243.132 -187.932 563
242.172 -187.932 563
241.641 -188.266 564
240.679 -188.266 564
239.718 -188.266 564
239.18 -188.599 565
238.638 -188.933 566
237.673 -188.933 566
236.709 -188.933 566
235.744 -188.933 566
234.364 -188.599 565
233.401 -188.599 565
232.438 -188.599 565
231.065 -188.266 564
230.103 -188.266 564
229.142 -188.266 564
228.18 -188.266 564
227.219 -188.266 564
226.257 -188.266 564
225.296 -188.266 564
224.334 -188.266 564
223.373 -188.266 564
222.411 -188.266 564
221.45 -188.266 564
220.488 -188.266 564
219.527 -188.266 564
218.565 -188.266 564
217.604 -188.266 564
216.643 -188.266 564
215.681 -188.266 564
214.72 -188.266 564
213.758 -188.266 564
212.797 -188.266 564
211.835 -188.266 564
211.995 -189.267 567
211.029 -189.267 567
210.062 -189.267 567
209.096 -189.267 567
208.129 -189.267 567
207.162 -189.267 567
285.39 -174.801 521
284.502 -174.801 521
283.614 -174.801 521
282.183 -174.465 520
281.296 -174.465 520
280.949 -174.801 521
280.061 -174.801 521
279.173 -174.801 521
279.353 -175.472 523
278.994 -175.807 524
278.631 -176.143 525
277.736 -176.143 525
276.841 -176.143 525
276.472 -176.478 526
277.147 -177.485 529
276.245 -177.485 529
275.864 -177.821 530
274.96 -177.821 530
274.057 -177.821 530
273.153 -177.821 530
272.763 -178.156 531
271.858 -178.156 531
270.953 -178.156 531
270.556 -178.492 532
270.663 -179.163 534
269.753 -179.163 534
268.842 -179.163 534
268.936 -179.834 536
268.022 -179.834 536
267.108 -179.834 536
266.194 -179.834 536
266.271 -180.505 538
265.847 -180.84 539
264.928 -180.84 539
264.009 -180.84 539
263.578 -181.176 540
262.658 -181.176 540
262.222 -181.511 541
261.299 -181.511 541
261.34 -182.182 543
260.414 -182.182 543
259.488 -182.182 543
258.563 -182.182 543
257.637 -182.182 543
257.184 -182.518 544
256.257 -182.518 544
256.268 -183.189 546
255.805 -183.524 547
255.804 -184.195 549
254.868 -184.195 549
253.932 -184.195 549
253.918 -184.866 551
252.979 -184.866 551
252.04 -184.866 551
251.1 -184.866 551
251.069 -185.537 553
250.126 -185.537 553
249.184 -185.537 553
248.69 -185.873 554
247.745 -185.873 554
246.801 -185.873 554
246.3 -186.208 555
246.68 -187.215 558
247.491 -188.557 562
246.533 -188.557 562
245.574 -188.557 562
244.616 -188.557 562
244.092 -188.892 563
243.132 -188.892 563
242.172 -188.892 563
241.641 -189.228 564
240.679 -189.228 564
239.718 -189.228 564
239.603 -189.899 566
238.638 -189.899 566
237.673 -189.899 566
236.709 -189.899 566
235.744 -189.899 566
234.779 -189.899 566
233.814 -189.899 566
232.438 -189.563 565
231.065 -189.228 564
230.103 -189.228 564
229.142 -189.228 564
228.18 -189.228 564
227.622 -189.563 565
226.658 -189.563 565
225.695 -189.563 565
224.732 -189.563 565
223.769 -189.563 565
222.411 -189.228 564
221.45 -189.228 564
220.488 -189.228 564
219.527 -189.228 564
218.178 -188.892 563
217.604 -189.228 564
216.643 -189.228 564
216.063 -189.563 565
215.1 -189.563 565
214.137 -189.563 565
213.174 -189.563 565
211.835 -189.228 564
210.874 -189.228 564
209.912 -189.228 564
276.841 -177.039 525
276.472 -177.376 526
277.147 -178.388 529
276.245 -178.388 529
275.864 -178.725 530
275.479 -179.062 531
274.574 -179.062 531
273.669 -179.062 531
272.763 -179.062 531
271.858 -179.062 531
270.953 -179.062 531
270.556 -179.399 532
270.663 -180.074 534
269.753 -180.074 534
268.842 -180.074 534
268.936 -180.748 536
268.022 -180.748 536
267.108 -180.748 536
266.194 -180.748 536
265.281 -180.748 536
265.847 -181.76 539
264.928 -181.76 539
264.009 -181.76 539
263.578 -182.097 540
262.658 -182.097 540
262.222 -182.434 541
261.299 -182.434 541
261.34 -183.109 543
260.414 -183.109 543
259.488 -183.109 543
258.563 -183.109 543
257.637 -183.109 543
257.184 -183.446 544
256.257 -183.446 544
256.268 -184.12 546
255.805 -184.457 547
255.804 -185.132 549
254.868 -185.132 549
253.932 -185.132 549
253.457 -185.469 550
252.979 -185.806 551
252.04 -185.806 551
251.1 -185.806 551
251.069 -186.481 553
250.126 -186.481 553
249.184 -186.481 553
248.69 -186.818 554
247.745 -186.818 554
246.801 -186.818 554
246.3 -187.155 555
246.68 -188.167 558
247.491 -189.516 562
246.533 -189.516 562
245.574 -189.516 562
244.616 -189.516 562
244.092 -189.853 563
243.132 -189.853 563
242.172 -189.853 563
241.641 -190.19 564
240.679 -190.19 564
239.718 -190.19 564
239.603 -190.865 566
239.06 -191.202 567
238.093 -191.202 567
237.127 -191.202 567
236.16 -191.202 567
235.194 -191.202 567
233.814 -190.865 566
232.849 -190.865 566
231.474 -190.527 565
230.919 -190.865 566
229.954 -190.865 566
228.989 -190.865 566
228.025 -190.865 566
227.06 -190.865 566
225.695 -190.527 565
224.732 -190.527 565
223.769 -190.527 565
222.806 -190.527 565
221.843 -190.527 565
220.879 -190.527 565
219.527 -190.19 564
218.565 -190.19 564
217.604 -190.19 564
217.027 -190.527 565
216.063 -190.527 565
215.1 -190.527 565
214.137 -190.527 565
213.174 -190.527 565
212.586 -190.865 566
211.621 -190.865 566
210.657 -190.865 566
277.147 -179.29 529
276.245 -179.29 529
275.864 -179.629 530
275.479 -179.968 531
274.574 -179.968 531
273.669 -179.968 531
272.25 -179.629 530
271.346 -179.629 530
270.556 -180.307 532
270.663 -180.985 534
269.753 -180.985 534
268.842 -180.985 534
268.936 -181.663 536
268.022 -181.663 536
267.108 -181.663 536
262.222 -183.357 541
261.299 -183.357 541
261.34 -184.035 543
260.414 -184.035 543
259.488 -184.035 543
258.563 -184.035 543
257.637 -184.035 543
256.711 -184.035 543
255.786 -184.035 543
255.804 -186.069 549
254.868 -186.069 549
253.932 -186.069 549
253.457 -186.407 550
252.979 -186.746 551
252.04 -186.746 551
251.1 -186.746 551
250.161 -186.746 551
249.222 -186.746 551
246.68 -189.119 558
247.491 -190.475 562
246.533 -190.475 562
245.574 -190.475 562
244.616 -190.475 562
244.092 -190.813 563
243.132 -190.813 563
242.172 -190.813 563
241.641 -191.152 564
240.679 -191.152 564
239.718 -191.152 564
239.603 -191.83 566
239.06 -192.169 567
238.093 -192.169 567
237.127 -192.169 567
236.16 -192.169 567
235.194 -192.169 567
233.814 -191.83 566
232.849 -191.83 566
231.474 -191.491 565
230.919 -191.83 566
229.954 -191.83 566
228.989 -191.83 566
228.025 -191.83 566
227.06 -191.83 566
225.695 -191.491 565
225.528 -192.169 567
224.561 -192.169 567
223.594 -192.169 567
222.628 -192.169 567
221.27 -191.83 566
220.305 -191.83 566
219.341 -191.83 566
218.376 -191.83 566
217.411 -191.83 566
216.828 -192.169 567
215.862 -192.169 567
214.895 -192.169 567
213.929 -192.169 567
213.338 -192.508 568
212.369 -192.508 568
211.401 -192.508 568
210.433 -192.508 568
209.464 -192.508 568
208.496 -192.508 568
277.147 -180.193 529
276.245 -180.193 529
275.864 -180.533 530
275.479 -180.874 531
274.574 -180.874 531
273.669 -180.874 531
272.25 -180.533 530
271.346 -180.533 530
270.556 -181.214 532
270.663 -181.896 534
269.753 -181.896 534
268.842 -181.896 534
268.936 -182.577 536
268.022 -182.577 536
267.108 -182.577 536
239.603 -192.796 566
239.06 -193.136 567
238.093 -193.136 567
237.545 -193.477 568
236.577 -193.477 568
235.608 -193.477 568
234.227 -193.136 567
232.849 -192.796 566
231.474 -192.455 565
230.919 -192.796 566
229.954 -192.796 566
229.394 -193.136 567
228.427 -193.136 567
227.461 -193.136 567
226.494 -193.136 567
225.528 -193.136 567
224.561 -193.136 567
223.594 -193.136 567
222.628 -193.136 567
221.27 -192.796 566
220.305 -192.796 566
219.341 -192.796 566
218.376 -192.796 566
217.411 -192.796 566
216.828 -193.136 567
215.862 -193.136 567
214.895 -193.136 567
213.929 -193.136 567
213.338 -193.477 568
212.369 -193.477 568
211.401 -193.477 568
210.433 -193.477 568
209.464 -193.477 568
208.496 -193.477 568
237.545 -194.446 568
236.577 -194.446 568
235.608 -194.446 568
234.227 -194.104 567
232.849 -193.762 566
231.474 -193.419 565
231.327 -194.104 567
230.361 -194.104 567
230.608 -195.131 570
229.636 -195.131 570
229.065 -195.473 571
228.092 -195.473 571
227.119 -195.473 571
226.145 -195.473 571
225.172 -195.473 571
224.198 -195.473 571
222.443 -194.789 569
220.305 -193.762 566
219.341 -193.762 566
218.376 -193.762 566
218.179 -194.446 568
218.74 -195.816 572
217.765 -195.816 572
216.79 -195.816 572
215.815 -195.816 572
214.84 -195.816 572
213.865 -195.816 572
212.89 -195.816 572
212.285 -196.158 573
211.677 -196.5 574
210.698 -196.5 574
209.72 -196.5 574
237.545 -195.415 568
236.577 -195.415 568
235.608 -195.415 568
234.227 -195.071 567
232.849 -194.727 566
231.474 -194.383 565
231.327 -195.071 567
230.361 -195.071 567
231.012 -196.447 571
230.039 -196.447 571
229.868 -197.135 573
228.891 -197.135 573
227.914 -197.135 573
226.541 -196.791 572
225.566 -196.791 572
224.591 -196.791 572
223.225 -196.447 571
220.305 -194.727 566
219.341 -194.727 566
218.376 -194.727 566
218.179 -195.415 568
218.74 -196.791 572
217.765 -196.791 572
216.79 -196.791 572
215.815 -196.791 572
214.84 -196.791 572
213.865 -196.791 572
212.89 -196.791 572
212.285 -197.135 573
211.677 -197.479 574
210.698 -197.479 574
209.72 -197.479 574
208.378 -197.135 573
207.401 -197.135 573
206.424 -197.135 573
231.327 -196.039 567
230.361 -196.039 567
231.012 -197.422 571
230.039 -197.422 571
229.868 -198.113 573
228.891 -198.113 573
227.914 -198.113 573
226.937 -198.113 573
225.961 -198.113 573
224.984 -198.113 573
223.225 -197.422 571
220.305 -195.693 566
219.341 -195.693 566
218.376 -195.693 566
218.179 -196.384 568
218.74 -197.767 572
217.765 -197.767 572
216.79 -197.767 572
215.815 -197.767 572
214.84 -197.767 572
213.865 -197.767 572
212.89 -197.767 572
212.285 -198.113 573
211.677 -198.459 574
210.698 -198.459 574
209.72 -198.459 574
208.378 -198.113 573
207.401 -198.113 573
206.424 -198.113 573
231.012 -198.396 571
230.845 -199.091 573
229.868 -199.091 573
228.891 -199.091 573
227.914 -199.091 573
226.937 -199.091 573
225.961 -199.091 573
224.984 -199.091 573
223.225 -198.396 571
218.74 -198.743 572
217.765 -198.743 572
216.79 -198.743 572
215.815 -198.743 572
214.84 -198.743 572
213.865 -198.743 572
212.89 -198.743 572
211.915 -198.743 572
211.308 -199.091 573
210.331 -199.091 573
209.355 -199.091 573
208.378 -199.091 573
207.401 -199.091 573
206.424 -199.091 573
230.845 -200.068 573
229.868 -200.068 573
228.891 -200.068 573
227.914 -200.068 573
226.937 -200.068 573
225.961 -200.068 573
224.984 -200.068 573
217.385 -199.37 571
216.411 -199.37 571
215.438 -199.37 571
214.84 -199.719 572
213.865 -199.719 572
212.89 -199.719 572
211.915 -199.719 572
211.308 -200.068 573
210.331 -200.068 573
209.355 -200.068 573
208.378 -200.068 573
207.401 -200.068 573
206.424 -200.068 573
230.845 -201.046 573
229.868 -201.046 573
228.891 -201.046 573
227.914 -201.046 573
226.937 -201.046 573
225.961 -201.046 573
209.597 -200.344 571
208.624 -200.344 571
207.65 -200.344 571
229.868 -202.023 573
228.891 -202.023 573
227.914 -202.023 573
226.937 -202.023 573
225.961 -202.023 573
209.597 -201.318 571
208.624 -201.318 571
207.65 -201.318 571
