1614.34 1506.07 3783
1607.9 1506.07 3783
1601.45 1506.07 3783
1591.2 1502.48 3774
1584.77 1502.48 3774
1582.1 1506.07 3783
1575.65 1506.07 3783
1569.2 1506.07 3783
1562.75 1506.07 3783
1570.7 1520 3818
1564.19 1520 3818
1557.68 1520 3818
1554.43 1523.18 3826
1547.9 1523.18 3826
1541.38 1523.18 3826
1534.86 1523.18 3826
1525.14 1520 3818
1518.63 1520 3818
1512.12 1520 3818
1485.11 1499.3 3766
1465.34 1485.76 3732
1458.98 1485.76 3732
1452.61 1485.76 3732
1446.25 1485.76 3732
1459.57 1506.07 3783
1459.65 1512.83 3800
1453.17 1512.83 3800
1453.55 1520 3818
1450.07 1523.18 3826
1443.55 1523.18 3826
1437.02 1523.18 3826
1430.5 1523.18 3826
1423.98 1523.18 3826
1417.46 1523.18 3826
1391.76 1502.48 3774
1376.15 1492.53 3749
1366.47 1488.95 3740
1360.09 1488.95 3740
1353.72 1488.95 3740
1347.34 1488.95 3740
1340.96 1488.95 3740
1334.59 1488.95 3740
1325.37 1485.76 3732
1321.84 1488.95 3740
1315.46 1488.95 3740
1309.09 1488.95 3740
1302.71 1488.95 3740
1296.33 1488.95 3740
1287.2 1485.76 3732
1283.58 1488.95 3740
1277.21 1488.95 3740
1270.83 1488.95 3740
1264.46 1488.95 3740
1258.08 1488.95 3740
1243.67 1479.39 3716
1237.34 1479.39 3716
1228.02 1475.81 3707
1221.7 1475.81 3707
1215.38 1475.81 3707
1209.06 1475.81 3707
1202.74 1475.81 3707
1199.33 1479.39 3716
1192.99 1479.39 3716
1186.66 1479.39 3716
1182.86 1482.58 3724
1192.31 1502.48 3774
1185.88 1502.48 3774
1179.45 1502.48 3774
1165.24 1492.53 3749
1158.85 1492.53 3749
1149.69 1488.95 3740
1140.87 1485.76 3732
1132.08 1482.58 3724
1125.73 1482.58 3724
1116.98 1479.39 3716
1107.95 1475.81 3707
1104.31 1479.39 3716
1097.97 1479.39 3716
1091.64 1479.39 3716
1085.3 1479.39 3716
1078.97 1479.39 3716
1072.63 1479.39 3716
1066.3 1479.39 3716
1059.96 1479.39 3716
1053.63 1479.39 3716
1047.29 1479.39 3716
1040.96 1479.39 3716
1032.12 1475.81 3707
1023.58 1472.62 3699
1017.28 1472.62 3699
1008.78 1469.44 3691
1000.32 1466.25 3683
991.882 1463.07 3675
985.617 1463.07 3675
977.22 1459.88 3667
970.969 1459.88 3667
962.35 1456.3 3658
956.114 1456.3 3658
949.878 1456.3 3658
939.515 1449.93 3642
931.512 1447.14 3635
921.242 1440.78 3619
915.073 1440.78 3619
908.903 1440.78 3619
904.729 1443.96 3627
898.546 1443.96 3627
892.363 1443.96 3627
886.18 1443.96 3627
878.056 1440.78 3619
869.959 1437.59 3611
865.717 1440.78 3619
859.548 1440.78 3619
853.378 1440.78 3619
850.954 1447.14 3635
844.757 1447.14 3635
838.561 1447.14 3635
832.364 1447.14 3635
826.167 1447.14 3635
819.97 1447.14 3635
813.774 1447.14 3635
809.132 1449.93 3642
802.923 1449.93 3642
796.715 1449.93 3642
790.506 1449.93 3642
784.297 1449.93 3642
778.089 1449.93 3642
771.88 1449.93 3642
765.671 1449.93 3642
758.003 1447.14 3635
750.151 1443.96 3627
743.968 1443.96 3627
736.158 1440.78 3619
729.988 1440.78 3619
723.819 1440.78 3619
717.649 1440.78 3619
711.48 1440.78 3619
703.751 1437.59 3611
697.596 1437.59 3611
691.44 1437.59 3611
683.766 1434.41 3603
676.119 1431.22 3595
669.99 1431.22 3595
663.862 1431.22 3595
657.733 1431.22 3595
648.886 1425.25 3580
642.783 1425.25 3580
636.68 1425.25 3580
630.577 1425.25 3580
624.474 1425.25 3580
616.989 1422.06 3572
610.9 1422.06 3572
602.27 1416.09 3557
597.548 1419.28 3565
591.47 1419.28 3565
585.393 1419.28 3565
579.315 1419.28 3565
571.951 1416.09 3557
564.615 1412.91 3549
558.565 1412.91 3549
550.18 1406.94 3534
545.387 1410.12 3542
539.348 1410.12 3542
533.31 1410.12 3542
526.081 1406.94 3534
521.234 1410.12 3542
515.196 1410.12 3542
509.157 1410.12 3542
501.983 1406.94 3534
494.976 1404.15 3527
487.993 1401.36 3520
481.992 1401.36 3520
473.963 1395.39 3505
467.988 1395.39 3505
462.013 1395.39 3505
456.038 1395.39 3505
450.062 1395.39 3505
442.187 1389.42 3490
434.487 1383.84 3476
428.562 1383.84 3476
421.663 1380.66 3468
414.912 1377.87 3461
406.53 1369.51 3440
400.666 1369.51 3440
391.588 1358.37 3412
378.761 1333.68 3350
367.817 1314.97 3303
362.186 1314.97 3303
353.101 1302.23 3271
341.469 1279.54 3214
325.327 1238.93 3112
320.021 1238.93 3112
314.716 1238.93 3112
307.721 1232.16 3095
299.122 1218.63 3061
-11.1596 177.559 446
-11.9199 177.559 446
-12.6802 177.559 446
-13.4405 177.559 446
-14.169 177.161 445
-17.7602 175.17 440
-18.5103 175.17 440
-19.2604 175.17 440
-20.0105 175.17 440
-20.7606 175.17 440
-21.4618 174.772 439
-22.2102 174.772 439
-22.9586 174.772 439
-23.599 173.976 437
-24.1768 172.782 434
-24.8593 172.383 433
-25.5974 172.383 433
-26.1531 171.189 430
-26.7611 170.393 428
-27.4265 169.995 427
-28.1544 169.995 427
-28.7471 169.199 425
-29.4716 169.199 425
-30.054 168.402 423
-30.7024 168.004 422
-31.4218 168.004 422
-31.9888 167.208 420
-32.7048 167.208 420
-33.3413 166.81 419
-34.0555 166.81 419
-34.6868 166.412 418
-35.3147 166.014 417
-35.9392 165.615 416
-36.5603 165.217 415
-37.2678 165.217 415
-37.8837 164.819 414
-38.4963 164.421 413
-39.1054 164.023 412
-39.8078 164.023 412
-40.5102 164.023 412
-41.1125 163.625 411
-41.8131 163.625 411
-42.5138 163.625 411
-43.0041 162.829 409
-43.5945 162.431 408
-44.1815 162.032 407
-44.8754 162.032 407
-45.5692 162.032 407
-46.1494 161.634 406
-46.8415 161.634 406
-47.5336 161.634 406
-48.2257 161.634 406
-48.9179 161.634 406
-49.4878 161.236 405
-50.1782 161.236 405
-50.8686 161.236 405
-51.5591 161.236 405
-51.9915 160.44 403
-52.5478 160.042 402
-53.2331 160.042 402
-53.9184 160.042 402
-54.6037 160.042 402
-60.2338 156.857 394
-60.9054 156.857 394
-61.5771 156.857 394
-62.2488 156.857 394
-62.9204 156.857 394
-63.5921 156.857 394
-64.2638 156.857 394
-64.9354 156.857 394
-65.6071 156.857 394
-66.2788 156.857 394
-66.9505 156.857 394
-67.6221 156.857 394
-68.2938 156.857 394
-68.9655 156.857 394
-69.6371 156.857 394
-70.3088 156.857 394
-70.9805 156.857 394
-71.6522 156.857 394
-72.3238 156.857 394
-72.9955 156.857 394
-73.6672 156.857 394
-74.3388 156.857 394
-75.0105 156.857 394
-75.6822 156.857 394
-76.5476 157.255 395
-77.4165 157.653 396
-78.0916 157.653 396
-79.1645 158.449 398
-80.0436 158.848 399
-80.7238 158.848 399
-81.404 158.848 399
-82.2899 159.246 400
-82.9718 159.246 400
-83.6537 159.246 400
-84.3356 159.246 400
-85.0175 159.246 400
-85.9136 159.644 401
-86.5972 159.644 401
-87.2808 159.644 401
-87.9645 159.644 401
-88.8691 160.042 402
-89.5544 160.042 402
-90.2397 160.042 402
-90.925 160.042 402
-91.6104 160.042 402
-92.2957 160.042 402
-92.981 160.042 402
-93.6663 160.042 402
-94.3516 160.042 402
-95.0369 160.042 402
-106.291 170.393 428
-107.021 170.393 428
-107.75 170.393 428
-108.48 170.393 428
-109.465 170.791 429
-110.196 170.791 429
-111.186 171.189 430
-111.919 171.189 430
-112.652 171.189 430
-113.385 171.189 430
-114.383 171.587 431
-115.118 171.587 431
-116.122 171.985 432
-116.858 171.985 432
-117.867 172.383 433
-118.605 172.383 433
-119.619 172.782 434
-120.359 172.782 434
-121.099 172.782 434
-122.119 173.18 435
-122.861 173.18 435
-124.455 174.374 438
-125.773 175.17 440
-126.523 175.17 440
-127.273 175.17 440
-128.314 175.568 441
-129.066 175.568 441
-130.112 175.966 442
-130.866 175.966 442
-131.619 175.966 442
-132.972 176.763 444
-133.729 176.763 444
-134.486 176.763 444
-135.242 176.763 444
-156.021 199.455 501
-156.875 199.455 501
-157.729 199.455 501
-158.583 199.455 501
-159.437 199.455 501
-160.291 199.455 501
-160.824 199.057 500
-162 199.455 501
-162.854 199.455 501
-163.708 199.455 501
-164.562 199.455 501
-165.416 199.455 501
-166.27 199.455 501
-167.124 199.455 501
-167.643 199.057 500
-885.156 920.042 2311
-889.095 920.042 2311
-893.035 920.042 2311
-894.258 917.255 2304
-897.016 916.061 2301
-900.939 916.061 2301
-904.861 916.061 2301
-907.599 914.866 2298
-906.36 909.691 2285
-910.255 909.691 2285
-910.55 906.108 2276
-910.814 902.525 2267
-912.258 900.136 2261
-916.112 900.136 2261
-917.119 897.349 2254
-920.961 897.349 2254
-924.804 897.349 2254
-928.646 897.349 2254
-932.489 897.349 2254
-936.331 897.349 2254
-940.174 897.349 2254
-944.016 897.349 2254
-947.859 897.349 2254
-950.435 896.155 2251
-949.185 891.378 2239
-953.002 891.378 2239
-955.537 890.183 2236
-958.061 888.989 2233
-954.114 881.823 2215
-957.89 881.823 2215
-960.798 881.027 2213
-960.648 877.444 2204
-963.093 876.249 2201
-966.845 876.249 2201
-967.951 873.861 2195
-971.693 873.861 2195
-974.102 872.666 2192
-977.838 872.666 2192
-980.232 871.472 2189
-982.615 870.278 2186
-981.378 865.898 2175
-985.086 865.898 2175
-985.157 862.713 2167
-984.744 859.13 2158
-986.133 857.14 2153
-989.803 857.14 2153
-992.089 855.945 2150
-994.365 854.751 2147
-996.631 853.557 2144
-1000.29 853.557 2144
-1003 852.76 2142
-1005.25 851.566 2139
-1007.48 850.372 2136
-1011.12 850.372 2136
-1013.33 849.177 2133
-1016.97 849.177 2133
-1019.65 848.381 2131
-1023.28 848.381 2131
-1025.47 847.187 2128
-1029.1 847.187 2128
-1031.27 845.993 2125
-1034.89 845.993 2125
-1034.61 842.808 2117
-1036.74 841.613 2114
-1040.35 841.613 2114
-1043.95 841.613 2114
-1043.59 838.428 2106
-1047.18 838.428 2106
-1049.77 837.632 2104
-1053.36 837.632 2104
-1056.95 837.632 2104
-1053.98 832.457 2091
-1056.03 831.262 2088
-1055.53 828.077 2080
-1059.07 828.077 2080
-1061.6 827.281 2078
-1059.5 822.902 2067
-1063.03 822.902 2067
1614.34 1499.61 3783
1607.9 1499.61 3783
1601.45 1499.61 3783
1591.2 1496.04 3774
1584.77 1496.04 3774
1582.1 1499.61 3783
1575.65 1499.61 3783
1576.25 1506.35 3800
1577.21 1513.49 3818
1585.1 1527.36 3853
1578.53 1527.36 3853
1571.96 1527.36 3853
1554.43 1516.66 3826
1547.9 1516.66 3826
1541.38 1516.66 3826
1534.86 1516.66 3826
1525.14 1513.49 3818
1518.63 1513.49 3818
1512.12 1513.49 3818
1488.26 1496.04 3774
1478.69 1492.87 3766
1475.4 1496.04 3774
1468.96 1496.04 3774
1469.5 1503.18 3792
1466.13 1506.35 3800
1466.56 1513.49 3818
1460.05 1513.49 3818
1473.72 1534.5 3871
1477.36 1545.2 3898
1470.71 1545.2 3898
1464.07 1545.2 3898
1457.42 1545.2 3898
1447.43 1541.63 3889
1440.8 1541.63 3889
1404.66 1509.92 3809
1398.17 1509.92 3809
1391.68 1509.92 3809
1385.18 1509.92 3809
1378.69 1509.92 3809
1375.44 1513.49 3818
1368.93 1513.49 3818
1371.7 1523.79 3844
1365.15 1523.79 3844
1358.59 1523.79 3844
1352.04 1523.79 3844
1348.64 1527.36 3853
1342.07 1527.36 3853
1335.5 1527.36 3853
1328.93 1527.36 3853
1322.37 1527.36 3853
1306.58 1516.66 3826
1294.28 1509.92 3809
1287.78 1509.92 3809
1281.29 1509.92 3809
1266.1 1499.61 3783
1259.65 1499.61 3783
1250.22 1496.04 3774
1243.78 1496.04 3774
1234.73 1492.87 3766
1228.31 1492.87 3766
1221.89 1492.87 3766
1220.95 1499.61 3783
1214.5 1499.61 3783
1210.93 1503.18 3792
1204.46 1503.18 3792
1198 1503.18 3792
1188.71 1499.61 3783
1179.45 1496.04 3774
1165.24 1486.13 3749
1158.85 1486.13 3749
1149.69 1482.57 3740
1140.87 1479.39 3732
1132.08 1476.22 3724
1125.73 1476.22 3724
1116.98 1473.05 3716
1107.95 1469.48 3707
1104.31 1473.05 3716
1097.97 1473.05 3716
1091.64 1473.05 3716
1085.3 1473.05 3716
1078.97 1473.05 3716
1072.63 1473.05 3716
1066.3 1473.05 3716
1059.96 1473.05 3716
1053.63 1473.05 3716
1047.29 1473.05 3716
1040.96 1473.05 3716
1032.12 1469.48 3707
1023.58 1466.31 3699
1017.28 1466.31 3699
1008.78 1463.14 3691
1000.32 1459.97 3683
991.882 1456.8 3675
985.617 1456.8 3675
977.22 1453.63 3667
970.969 1453.63 3667
964.718 1453.63 3667
958.466 1453.63 3667
949.878 1450.06 3658
939.515 1443.72 3642
931.512 1440.94 3635
921.242 1434.6 3619
915.073 1434.6 3619
908.903 1434.6 3619
904.729 1437.77 3627
898.546 1437.77 3627
892.363 1437.77 3627
886.18 1437.77 3627
878.056 1434.6 3619
869.959 1431.43 3611
865.717 1434.6 3619
859.548 1434.6 3619
853.378 1434.6 3619
850.954 1440.94 3635
844.757 1440.94 3635
838.561 1440.94 3635
832.364 1440.94 3635
827.758 1443.72 3642
821.549 1443.72 3642
815.341 1443.72 3642
809.132 1443.72 3642
804.687 1446.89 3650
798.465 1446.89 3650
792.242 1446.89 3650
786.02 1446.89 3650
779.798 1446.89 3650
773.575 1446.89 3650
767.353 1446.89 3650
759.463 1443.72 3642
753.254 1443.72 3642
747.045 1443.72 3642
737.785 1437.77 3627
731.602 1437.77 3627
725.419 1437.77 3627
719.236 1437.77 3627
713.053 1437.77 3627
706.87 1437.77 3627
700.686 1437.77 3627
694.503 1437.77 3627
686.802 1434.6 3619
680.633 1434.6 3619
671.481 1428.26 3603
665.339 1428.26 3603
659.197 1428.26 3603
651.605 1425.09 3595
645.476 1425.09 3595
639.347 1425.09 3595
633.219 1425.09 3595
627.09 1425.09 3595
618.371 1419.14 3580
612.268 1419.14 3580
604.81 1415.97 3572
598.721 1415.97 3572
592.632 1415.97 3572
586.542 1415.97 3572
580.453 1415.97 3572
573.238 1413.19 3565
565.888 1410.02 3557
559.824 1410.02 3557
552.515 1406.85 3549
546.465 1406.85 3549
540.414 1406.85 3549
534.364 1406.85 3549
528.314 1406.85 3549
521.234 1404.08 3542
515.196 1404.08 3542
509.157 1404.08 3542
501.983 1400.91 3534
494.976 1398.13 3527
487.993 1395.36 3520
481.992 1395.36 3520
473.963 1389.41 3505
467.988 1389.41 3505
462.013 1389.41 3505
456.038 1389.41 3505
450.062 1389.41 3505
442.187 1383.46 3490
434.487 1377.91 3476
428.562 1377.91 3476
421.663 1374.74 3468
414.912 1371.97 3461
406.53 1363.64 3440
400.666 1363.64 3440
391.588 1352.54 3412
378.761 1327.97 3350
367.817 1309.34 3303
362.186 1309.34 3303
353.101 1296.65 3271
341.469 1274.06 3214
325.327 1233.62 3112
320.021 1233.62 3112
314.716 1233.62 3112
307.721 1226.88 3095
299.122 1213.41 3061
-11.1596 176.798 446
-11.9199 176.798 446
-12.6802 176.798 446
-13.4405 176.798 446
-14.169 176.402 445
-17.7602 174.42 440
-18.5103 174.42 440
-19.2604 174.42 440
-20.0105 174.42 440
-20.7606 174.42 440
-21.4618 174.023 439
-22.2102 174.023 439
-22.9586 174.023 439
-23.599 173.23 437
-24.1768 172.041 434
-24.8593 171.645 433
-25.5974 171.645 433
-26.1531 170.455 430
-26.7611 169.663 428
-27.4265 169.266 427
-28.1544 169.266 427
-28.7471 168.473 425
-29.4716 168.473 425
-30.054 167.681 423
-30.7024 167.284 422
-31.4218 167.284 422
-31.9888 166.491 420
-32.7048 166.491 420
-33.3413 166.095 419
-34.0555 166.095 419
-34.6868 165.699 418
-35.3147 165.302 417
-35.9392 164.906 416
-36.6484 164.906 416
-37.2678 164.509 415
-37.8837 164.113 414
-38.4963 163.717 413
-39.2004 163.717 413
-39.9044 163.717 413
-40.5102 163.32 412
-41.1125 162.924 411
-41.8131 162.924 411
-42.5138 162.924 411
-43.0041 162.131 409
-43.5945 161.734 408
-44.1815 161.338 407
-44.8754 161.338 407
-45.5692 161.338 407
-46.1494 160.942 406
-46.8415 160.942 406
-47.5336 160.942 406
-48.2257 160.942 406
-48.9179 160.942 406
-49.4878 160.545 405
-50.1782 160.545 405
-50.8686 160.545 405
-51.5591 160.545 405
-51.9915 159.752 403
-52.5478 159.356 402
-53.2331 159.356 402
-53.9184 159.356 402
-54.6037 159.356 402
-60.2338 156.185 394
-60.9054 156.185 394
-61.5771 156.185 394
-62.2488 156.185 394
-62.9204 156.185 394
-63.5921 156.185 394
-64.2638 156.185 394
-64.9354 156.185 394
-65.6071 156.185 394
-66.2788 156.185 394
-66.9505 156.185 394
-67.6221 156.185 394
-68.2938 156.185 394
-68.9655 156.185 394
-69.6371 156.185 394
-70.3088 156.185 394
-70.9805 156.185 394
-71.6522 156.185 394
-72.3238 156.185 394
-72.9955 156.185 394
-73.6672 156.185 394
-74.3388 156.185 394
-75.0105 156.185 394
-75.6822 156.185 394
-76.5476 156.581 395
-77.4165 156.978 396
-78.0916 156.978 396
-79.1645 157.77 398
-80.0436 158.167 399
-80.7238 158.167 399
-81.404 158.167 399
-82.2899 158.563 400
-82.9718 158.563 400
-83.6537 158.563 400
-84.3356 158.563 400
-85.0175 158.563 400
-85.9136 158.96 401
-86.5972 158.96 401
-87.2808 158.96 401
-87.9645 158.96 401
-88.8691 159.356 402
-89.5544 159.356 402
-90.2397 159.356 402
-90.925 159.356 402
-91.6104 159.356 402
-92.2957 159.356 402
-92.981 159.356 402
-93.6663 159.356 402
-94.3516 159.356 402
-95.0369 159.356 402
-106.291 169.663 428
-107.021 169.663 428
-107.75 169.663 428
-108.48 169.663 428
-109.465 170.059 429
-110.196 170.059 429
-111.186 170.455 430
-111.919 170.455 430
-112.652 170.455 430
-113.385 170.455 430
-114.383 170.852 431
-115.385 171.248 432
-116.122 171.248 432
-116.858 171.248 432
-117.867 171.645 433
-118.605 171.645 433
-119.619 172.041 434
-120.359 172.041 434
-121.099 172.041 434
-122.119 172.438 435
-122.861 172.438 435
-124.455 173.627 438
-125.773 174.42 440
-126.523 174.42 440
-127.273 174.42 440
-128.314 174.816 441
-129.066 174.816 441
-130.112 175.212 442
-130.866 175.212 442
-131.619 175.212 442
-132.972 176.005 444
-133.729 176.005 444
-134.486 176.005 444
-135.242 176.005 444
-156.021 198.6 501
-156.875 198.6 501
-157.729 198.6 501
-158.583 198.6 501
-159.437 198.6 501
-160.291 198.6 501
-161.145 198.6 501
-162 198.6 501
-162.854 198.6 501
-163.708 198.6 501
-164.562 198.6 501
-165.416 198.6 501
-166.27 198.6 501
-167.124 198.6 501
-167.978 198.6 501
-885.156 916.099 2311
-889.095 916.099 2311
-893.035 916.099 2311
-894.258 913.324 2304
-897.016 912.135 2301
-900.939 912.135 2301
-904.861 912.135 2301
-907.599 910.946 2298
-906.36 905.792 2285
-910.255 905.792 2285
-910.55 902.225 2276
-910.814 898.657 2267
-912.258 896.279 2261
-916.112 896.279 2261
-917.119 893.504 2254
-920.961 893.504 2254
-924.804 893.504 2254
-928.646 893.504 2254
-932.489 893.504 2254
-936.331 893.504 2254
-940.174 893.504 2254
-944.016 893.504 2254
-947.859 893.504 2254
-950.435 892.315 2251
-949.185 887.558 2239
-953.002 887.558 2239
-955.537 886.368 2236
-958.061 885.179 2233
-954.114 878.044 2215
-957.89 878.044 2215
-960.798 877.251 2213
-960.648 873.683 2204
-963.093 872.494 2201
-966.845 872.494 2201
-967.951 870.116 2195
-971.693 870.116 2195
-974.102 868.926 2192
-977.838 868.926 2192
-980.232 867.737 2189
-982.615 866.548 2186
-981.378 862.188 2175
-985.086 862.188 2175
-985.157 859.016 2167
-984.744 855.449 2158
-986.133 853.466 2153
-989.803 853.466 2153
-992.089 852.277 2150
-994.365 851.088 2147
-996.631 849.899 2144
-1000.29 849.899 2144
-1003 849.106 2142
-1005.25 847.917 2139
-1007.48 846.728 2136
-1011.12 846.728 2136
-1013.33 845.538 2133
-1016.97 845.538 2133
-1019.65 844.746 2131
-1023.28 844.746 2131
-1025.47 843.556 2128
-1029.1 843.556 2128
-1031.27 842.367 2125
-1034.89 842.367 2125
-1034.61 839.196 2117
-1036.74 838.007 2114
-1040.35 838.007 2114
-1043.95 838.007 2114
-1043.59 834.835 2106
-1047.18 834.835 2106
-1049.77 834.043 2104
-1053.36 834.043 2104
-1056.95 834.043 2104
-1053.98 828.889 2091
-1056.03 827.7 2088
-1059.59 827.7 2088
-1059.07 824.529 2080
-1061.6 823.736 2078
-1059.5 819.375 2067
-1063.03 819.375 2067
1584.77 1489.61 3774
1582.1 1493.16 3783
1575.65 1493.16 3783
1576.25 1499.87 3800
1577.21 1506.97 3818
1585.1 1520.79 3853
1578.53 1520.79 3853
1571.96 1520.79 3853
1551.18 1506.97 3818
1544.67 1506.97 3818
1531.65 1506.97 3818
1525.14 1506.97 3818
1518.63 1506.97 3818
1512.12 1506.97 3818
1488.26 1489.61 3774
1478.69 1486.45 3766
1478.91 1493.16 3783
1472.47 1493.16 3783
1469.5 1496.71 3792
1466.13 1499.87 3800
1483.46 1524.34 3862
1476.88 1524.34 3862
1487.43 1542.1 3907
1491.38 1553.15 3935
1502.4 1571.7 3982
1495.62 1571.7 3982
1488.83 1571.7 3982
1482.04 1571.7 3982
1475.25 1571.7 3982
1447.44 1549.21 3925
1437.45 1545.65 3916
1430.77 1545.65 3916
1431.01 1553.15 3935
1424.3 1553.15 3935
1420.83 1556.7 3944
1414.11 1556.7 3944
1410.6 1560.26 3953
1403.86 1560.26 3953
1397.12 1560.26 3953
1387.21 1556.7 3944
1380.49 1556.7 3944
1373.77 1556.7 3944
1373.63 1564.2 3963
1366.87 1564.2 3963
1360.12 1564.2 3963
1346.87 1556.7 3944
1327.58 1542.1 3907
1302.66 1520.79 3853
1296.09 1520.79 3853
1277.81 1506.97 3818
1271.3 1506.97 3818
1261.81 1503.42 3809
1255.32 1503.42 3809
1245.87 1499.87 3800
1239.4 1499.87 3800
1230.32 1496.71 3792
1223.86 1496.71 3792
1217.39 1496.71 3792
1221.79 1510.13 3826
1215.26 1510.13 3826
1208.74 1510.13 3826
1194.05 1499.87 3800
1182.26 1493.16 3783
1170.52 1486.45 3766
1164.1 1486.45 3766
1152.46 1479.74 3749
1143.32 1476.19 3740
1132.08 1469.87 3724
1125.73 1469.87 3724
1116.98 1466.71 3716
1110.64 1466.71 3716
1106.68 1469.87 3724
1100.33 1469.87 3724
1093.99 1469.87 3724
1087.64 1469.87 3724
1081.29 1469.87 3724
1074.94 1469.87 3724
1068.59 1469.87 3724
1062.24 1469.87 3724
1055.9 1469.87 3724
1049.55 1469.87 3724
1043.2 1469.87 3724
1032.12 1463.16 3707
1025.8 1463.16 3707
1019.48 1463.16 3707
1008.78 1456.84 3691
1000.32 1453.69 3683
991.882 1450.53 3675
985.617 1450.53 3675
977.22 1447.37 3667
970.969 1447.37 3667
964.718 1447.37 3667
958.466 1447.37 3667
949.878 1443.82 3658
939.515 1437.5 3642
931.512 1434.74 3635
921.242 1428.43 3619
915.073 1428.43 3619
908.903 1428.43 3619
904.729 1431.58 3627
898.546 1431.58 3627
892.363 1431.58 3627
886.18 1431.58 3627
878.056 1428.43 3619
869.959 1425.27 3611
865.717 1428.43 3619
859.548 1428.43 3619
853.378 1428.43 3619
850.954 1434.74 3635
844.757 1434.74 3635
838.561 1434.74 3635
833.967 1437.5 3642
827.758 1437.5 3642
823.354 1440.66 3650
817.132 1440.66 3650
810.909 1440.66 3650
804.687 1440.66 3650
800.215 1443.82 3658
793.979 1443.82 3658
787.743 1443.82 3658
783.43 1447.37 3667
777.178 1447.37 3667
770.927 1447.37 3667
762.799 1443.82 3658
754.908 1440.66 3650
748.686 1440.66 3650
742.464 1440.66 3650
736.241 1440.66 3650
730.019 1440.66 3650
723.797 1440.66 3650
716.002 1437.5 3642
709.793 1437.5 3642
702.232 1434.74 3635
696.035 1434.74 3635
688.32 1431.58 3627
682.137 1431.58 3627
674.463 1428.43 3619
668.294 1428.43 3619
660.66 1425.27 3611
654.505 1425.27 3611
648.349 1425.27 3611
642.193 1425.27 3611
636.037 1425.27 3611
627.09 1418.95 3595
620.962 1418.95 3595
614.833 1418.95 3595
606.165 1413.03 3580
600.062 1413.03 3580
593.959 1413.03 3580
587.856 1413.03 3580
581.753 1413.03 3580
574.363 1409.88 3572
567.16 1407.11 3565
561.083 1407.11 3565
553.76 1403.95 3557
547.696 1403.95 3557
541.633 1403.95 3557
535.569 1403.95 3557
529.505 1403.95 3557
522.264 1400.8 3549
515.196 1398.03 3542
509.157 1398.03 3542
503.119 1398.03 3542
495.958 1394.88 3534
488.963 1392.11 3527
482.951 1392.11 3527
474.91 1386.19 3512
468.923 1386.19 3512
462.935 1386.19 3512
456.948 1386.19 3512
450.961 1386.19 3512
444.087 1383.43 3505
437.112 1380.27 3497
431.151 1380.27 3497
425.189 1380.27 3497
419.228 1380.27 3497
411.612 1374.75 3483
405.674 1374.75 3483
394.801 1357.77 3440
385.771 1346.72 3412
373.05 1322.25 3350
367.34 1322.25 3350
356.555 1303.7 3303
-8.89853 176.432 447
-9.66055 176.432 447
-10.4226 176.432 447
-11.1846 176.432 447
-11.9466 176.432 447
-12.7086 176.432 447
-13.4405 176.037 446
-14.2008 176.037 446
-17.7602 173.669 440
-18.5103 173.669 440
-19.2604 173.669 440
-20.0105 173.669 440
-20.7606 173.669 440
-21.4618 173.274 439
-22.2102 173.274 439
-22.9586 173.274 439
-23.599 172.485 437
-24.1768 171.301 434
-24.8593 170.906 433
-25.5974 170.906 433
-26.1531 169.722 430
-26.6986 168.538 427
-27.3623 168.143 426
-28.0885 168.143 426
-28.7471 167.748 425
-29.4022 167.354 424
-30.054 166.959 423
-30.6296 166.17 421
-31.3473 166.17 421
-31.9888 165.775 420
-32.627 165.38 419
-33.2617 164.985 418
-33.9743 164.985 418
-34.6868 164.985 418
-35.3147 164.591 417
-35.9392 164.196 416
-36.6484 164.196 416
-37.2678 163.801 415
-37.8837 163.407 414
-38.4963 163.012 413
-39.2004 163.012 413
-39.9044 163.012 413
-40.5102 162.617 412
-41.1125 162.222 411
-41.8131 162.222 411
-42.5138 162.222 411
-43.0041 161.433 409
-43.5945 161.038 408
-44.1815 160.644 407
-44.8754 160.644 407
-45.5692 160.644 407
-46.1494 160.249 406
-46.8415 160.249 406
-47.5336 160.249 406
-48.2257 160.249 406
-48.9179 160.249 406
-49.4878 159.854 405
-50.1782 159.854 405
-50.8686 159.854 405
-51.5591 159.854 405
-52.2495 159.854 405
-52.5478 158.67 402
-53.2331 158.67 402
-53.9184 158.67 402
-54.6037 158.67 402
-60.7508 155.118 393
-61.4208 155.118 393
-62.2488 155.513 394
-62.9204 155.513 394
-63.5921 155.513 394
-64.2638 155.513 394
-64.9354 155.513 394
-65.6071 155.513 394
-66.2788 155.513 394
-66.9505 155.513 394
-67.6221 155.513 394
-68.2938 155.513 394
-68.9655 155.513 394
-69.6371 155.513 394
-70.3088 155.513 394
-70.9805 155.513 394
-71.6522 155.513 394
-72.3238 155.513 394
-72.9955 155.513 394
-73.6672 155.513 394
-74.3388 155.513 394
-75.0105 155.513 394
-75.6822 155.513 394
-76.7414 156.302 396
-77.612 156.697 397
-78.2888 156.697 397
-79.1645 157.091 398
-80.0436 157.486 399
-80.7238 157.486 399
-81.404 157.486 399
-82.2899 157.881 400
-82.9718 157.881 400
-83.6537 157.881 400
-84.3356 157.881 400
-85.0175 157.881 400
-85.9136 158.275 401
-86.5972 158.275 401
-87.2808 158.275 401
-87.9645 158.275 401
-88.6481 158.275 401
-89.3317 158.275 401
-90.2397 158.67 402
-90.925 158.67 402
-91.6104 158.67 402
-92.2957 158.67 402
-92.981 158.67 402
-93.6663 158.67 402
-94.3516 158.67 402
-95.0369 158.67 402
-106.043 168.538 427
-107.021 168.932 428
-107.75 168.932 428
-108.48 168.932 428
-109.465 169.327 429
-110.196 169.327 429
-111.186 169.722 430
-111.919 169.722 430
-112.652 169.722 430
-113.385 169.722 430
-114.383 170.117 431
-115.385 170.511 432
-116.122 170.511 432
-116.858 170.511 432
-117.867 170.906 433
-118.605 170.906 433
-119.619 171.301 434
-120.359 171.301 434
-121.378 171.695 435
-122.119 171.695 435
-122.861 171.695 435
-124.455 172.879 438
-125.773 173.669 440
-126.523 173.669 440
-127.273 173.669 440
-128.314 174.064 441
-129.066 174.064 441
-130.112 174.458 442
-130.866 174.458 442
-131.619 174.458 442
-132.972 175.248 444
-133.729 175.248 444
-134.486 175.248 444
-135.242 175.248 444
-135.999 175.248 444
-156.021 197.746 501
-156.875 197.746 501
-157.729 197.746 501
-158.583 197.746 501
-159.437 197.746 501
-160.291 197.746 501
-161.145 197.746 501
-162.323 198.14 502
-163.179 198.14 502
-164.034 198.14 502
-164.89 198.14 502
-165.746 198.14 502
-166.602 198.14 502
-167.124 197.746 501
-167.978 197.746 501
-882.475 909.393 2304
-886.402 909.393 2304
-890.33 909.393 2304
-893.093 908.209 2301
-897.016 908.209 2301
-900.939 908.209 2301
-903.682 907.025 2298
-907.599 907.025 2298
-906.36 901.894 2285
-910.255 901.894 2285
-909.35 897.157 2273
-909.609 893.605 2264
-912.258 892.421 2261
-916.112 892.421 2261
-914.677 887.29 2248
-918.51 887.29 2248
-922.342 887.29 2248
-928.646 889.658 2254
-932.489 889.658 2254
-936.331 889.658 2254
-940.174 889.658 2254
-944.016 889.658 2254
-946.597 888.474 2251
-946.635 884.922 2242
-949.185 883.738 2239
-953.002 883.738 2239
-955.537 882.554 2236
-955.487 879.001 2227
-954.114 874.265 2215
-957.89 874.265 2215
-959.496 872.291 2210
-960.648 869.923 2204
-961.78 867.555 2198
-965.527 867.555 2198
-967.951 866.371 2195
-970.365 865.187 2192
-974.102 865.187 2192
-977.838 865.187 2192
-980.232 864.003 2189
-982.615 862.818 2186
-981.378 858.477 2175
-985.086 858.477 2175
-985.157 855.319 2167
-984.744 851.767 2158
-986.133 849.793 2153
-989.803 849.793 2153
-992.089 848.609 2150
-994.365 847.425 2147
-996.631 846.241 2144
-1000.29 846.241 2144
-1003 845.452 2142
-1006.66 845.452 2142
-1007.48 843.083 2136
-1011.12 843.083 2136
-1013.33 841.899 2133
-1016.97 841.899 2133
-1019.65 841.11 2131
-1023.28 841.11 2131
-1025.47 839.926 2128
-1029.1 839.926 2128
-1029.81 837.558 2122
-1033.43 837.558 2122
-1033.14 834.4 2114
-1036.74 834.4 2114
-1040.35 834.4 2114
-1043.95 834.4 2114
-1045.08 832.426 2109
-1047.18 831.242 2106
-1049.77 830.453 2104
-1053.36 830.453 2104
-1055.44 829.269 2101
-1053.98 825.322 2091
-1056.03 824.138 2088
-1059.59 824.138 2088
-1059.07 820.98 2080
-1061.6 820.191 2078
-1061.04 817.033 2070
-1064.57 817.033 2070
1576.25 1493.38 3800
1577.21 1500.46 3818
1585.1 1514.21 3853
1578.53 1514.21 3853
1571.96 1514.21 3853
1544.67 1500.46 3818
1538.16 1500.46 3818
1531.65 1500.46 3818
1525.14 1500.46 3818
1518.63 1500.46 3818
1512.12 1500.46 3818
1488.26 1483.17 3774
1478.69 1480.02 3766
1478.91 1486.7 3783
1472.47 1486.7 3783
1469.5 1490.24 3792
1466.13 1493.38 3800
1483.46 1517.75 3862
1476.88 1517.75 3862
1487.43 1535.43 3907
1491.38 1546.44 3935
1502.4 1564.91 3982
1495.62 1564.91 3982
1488.83 1564.91 3982
1482.04 1564.91 3982
1475.25 1564.91 3982
1447.44 1542.51 3925
1437.45 1538.97 3916
1430.77 1538.97 3916
1431.01 1546.44 3935
1424.3 1546.44 3935
1420.83 1549.98 3944
1417.34 1553.51 3953
1414.17 1557.44 3963
1407.41 1557.44 3963
1400.65 1557.44 3963
1393.9 1557.44 3963
1390.29 1560.98 3972
1383.52 1560.98 3972
1380.22 1564.91 3982
1373.43 1564.91 3982
1366.64 1564.91 3982
1356.44 1560.98 3972
1340.15 1549.98 3944
1320.92 1535.43 3907
1314.26 1535.43 3907
1289.52 1514.21 3853
1279.96 1510.68 3844
1267.44 1503.6 3826
1260.92 1503.6 3826
1254.4 1503.6 3826
1247.88 1503.6 3826
1244.27 1507.14 3835
1237.73 1507.14 3835
1231.2 1507.14 3835
1227.53 1510.68 3844
1220.98 1510.68 3844
1214.43 1510.68 3844
1202.22 1503.6 3826
1193.2 1500.46 3818
1175.81 1486.7 3783
1169.36 1486.7 3783
1157.68 1480.02 3766
1151.26 1480.02 3766
1136.94 1469.8 3740
1130.56 1469.8 3740
1119.38 1463.52 3724
1115.42 1466.66 3732
1109.06 1466.66 3732
1102.7 1466.66 3732
1096.34 1466.66 3732
1089.97 1466.66 3732
1083.61 1466.66 3732
1077.25 1466.66 3732
1070.89 1466.66 3732
1062.24 1463.52 3724
1055.9 1463.52 3724
1049.55 1463.52 3724
1043.2 1463.52 3724
1034.62 1460.37 3716
1028.29 1460.37 3716
1021.95 1460.37 3716
1010.97 1453.69 3699
1000.32 1447.4 3683
994.041 1447.4 3683
987.763 1447.4 3683
977.22 1441.12 3667
970.969 1441.12 3667
964.718 1441.12 3667
958.466 1441.12 3667
949.878 1437.58 3658
941.578 1434.43 3650
931.512 1428.54 3635
925.315 1428.54 3635
919.118 1428.54 3635
908.903 1422.25 3619
904.729 1425.4 3627
898.546 1425.4 3627
892.363 1425.4 3627
886.18 1425.4 3627
878.056 1422.25 3619
869.959 1419.11 3611
865.717 1422.25 3619
859.548 1422.25 3619
853.378 1422.25 3619
850.954 1428.54 3635
844.757 1428.54 3635
838.561 1428.54 3635
833.967 1431.29 3642
827.758 1431.29 3642
823.354 1434.43 3650
817.132 1434.43 3650
810.909 1434.43 3650
804.687 1434.43 3650
800.215 1437.58 3658
793.979 1437.58 3658
787.743 1437.58 3658
783.43 1441.12 3667
777.178 1441.12 3667
770.927 1441.12 3667
762.799 1437.58 3658
754.908 1434.43 3650
748.686 1434.43 3650
742.464 1434.43 3650
736.241 1434.43 3650
730.019 1434.43 3650
723.797 1434.43 3650
716.002 1431.29 3642
709.793 1431.29 3642
702.232 1428.54 3635
696.035 1428.54 3635
689.839 1428.54 3635
683.642 1428.54 3635
675.954 1425.4 3627
669.771 1425.4 3627
663.588 1425.4 3627
654.505 1419.11 3611
649.785 1422.25 3619
643.616 1422.25 3619
637.446 1422.25 3619
629.881 1419.11 3611
620.962 1412.82 3595
614.833 1412.82 3595
606.165 1406.93 3580
600.062 1406.93 3580
595.286 1410.07 3588
589.169 1410.07 3588
583.053 1410.07 3588
575.65 1406.93 3580
568.274 1403.78 3572
562.185 1403.78 3572
555.006 1401.03 3565
548.928 1401.03 3565
542.851 1401.03 3565
536.773 1401.03 3565
529.505 1397.89 3557
523.441 1397.89 3557
516.214 1394.74 3549
510.164 1394.74 3549
504.113 1394.74 3549
497.081 1391.99 3542
489.934 1388.85 3534
483.909 1388.85 3534
476.938 1386.1 3527
469.991 1383.35 3520
463.99 1383.35 3520
457.989 1383.35 3520
451.989 1383.35 3520
445.988 1383.35 3520
438.112 1377.45 3505
432.137 1377.45 3505
426.162 1377.45 3505
420.187 1377.45 3505
413.266 1374.31 3497
407.305 1374.31 3497
398.933 1366.05 3476
386.563 1343.65 3419
377.616 1332.65 3391
371.835 1332.65 3391
363.032 1321.65 3363
-8.13651 175.669 447
-8.89853 175.669 447
-9.66055 175.669 447
-10.4226 175.669 447
-11.1846 175.669 447
-11.9466 175.669 447
-12.7086 175.669 447
-13.4405 175.276 446
-14.2008 175.276 446
-18.5103 172.918 440
-19.2604 172.918 440
-20.0105 172.918 440
-20.7606 172.918 440
-21.5107 172.918 440
-22.2608 172.918 440
-22.9586 172.525 439
-23.545 171.346 436
-24.1211 170.167 433
-24.8593 170.167 433
-25.5974 170.167 433
-26.1531 168.988 430
-26.6986 167.809 427
-27.3623 167.416 426
-28.0885 167.416 426
-28.7471 167.023 425
-29.4022 166.63 424
-29.983 165.844 422
-30.6296 165.451 421
-31.3473 165.451 421
-31.9888 165.058 420
-32.627 164.665 419
-33.3413 164.665 419
-34.0555 164.665 419
-34.6868 164.272 418
-35.3147 163.879 417
-35.9392 163.486 416
-36.6484 163.486 416
-37.2678 163.093 415
-37.8837 162.7 414
-38.4963 162.307 413
-39.2004 162.307 413
-39.9044 162.307 413
-40.5102 161.914 412
-41.1125 161.521 411
-41.7114 161.128 410
-42.4103 161.128 410
-43.0041 160.735 409
-43.5945 160.342 408
-44.1815 159.949 407
-44.8754 159.949 407
-45.5692 159.949 407
-46.1494 159.556 406
-46.8415 159.556 406
-47.5336 159.556 406
-48.2257 159.556 406
-48.9179 159.556 406
-49.4878 159.163 405
-50.1782 159.163 405
-50.8686 159.163 405
-51.5591 159.163 405
-52.2495 159.163 405
-52.5478 157.984 402
-53.2331 157.984 402
-60.7508 154.447 393
-61.4208 154.447 393
-62.2488 154.84 394
-62.9204 154.84 394
-63.5921 154.84 394
-64.2638 154.84 394
-64.9354 154.84 394
-65.6071 154.84 394
-66.2788 154.84 394
-66.9505 154.84 394
-67.6221 154.84 394
-68.2938 154.84 394
-68.9655 154.84 394
-69.6371 154.84 394
-70.3088 154.84 394
-70.9805 154.84 394
-71.6522 154.84 394
-72.3238 154.84 394
-73.1808 155.233 395
-73.8541 155.233 395
-74.5275 155.233 395
-75.2009 155.233 395
-75.8743 155.233 395
-76.7414 155.626 396
-77.612 156.019 397
-78.486 156.412 398
-79.3634 156.805 399
-80.0436 156.805 399
-80.7238 156.805 399
-81.608 157.198 400
-82.2899 157.198 400
-82.9718 157.198 400
-83.6537 157.198 400
-84.3356 157.198 400
-85.0175 157.198 400
-85.9136 157.591 401
-86.5972 157.591 401
-87.2808 157.591 401
-87.9645 157.591 401
-88.6481 157.591 401
-89.3317 157.591 401
-90.0153 157.591 401
-90.925 157.984 402
-91.6104 157.984 402
-92.2957 157.984 402
-92.981 157.984 402
-93.6663 157.984 402
-94.3516 157.984 402
-95.0369 157.984 402
-105.068 167.416 426
-106.043 167.809 427
-107.021 168.202 428
-107.75 168.202 428
-108.48 168.202 428
-109.465 168.595 429
-110.196 168.595 429
-111.186 168.988 430
-111.919 168.988 430
-112.652 168.988 430
-113.385 168.988 430
-114.383 169.381 431
-115.385 169.774 432
-116.122 169.774 432
-116.858 169.774 432
-117.867 170.167 433
-118.605 170.167 433
-119.619 170.56 434
-120.359 170.56 434
-121.378 170.953 435
-122.119 170.953 435
-122.861 170.953 435
-124.455 172.132 438
-125.773 172.918 440
-126.523 172.918 440
-127.273 172.918 440
-128.314 173.311 441
-129.066 173.311 441
-130.112 173.704 442
-130.866 173.704 442
-131.619 173.704 442
-132.972 174.49 444
-133.729 174.49 444
-134.486 174.49 444
-135.242 174.49 444
-135.999 174.49 444
-156.021 196.891 501
-156.875 196.891 501
-158.044 197.284 502
-158.9 197.284 502
-159.756 197.284 502
-160.291 196.891 501
-161.145 196.891 501
-162.323 197.284 502
-163.179 197.284 502
-164.034 197.284 502
-164.89 197.284 502
-165.746 197.284 502
-166.602 197.284 502
-167.458 197.284 502
-167.978 196.891 501
-884.094 903.104 2298
-888.012 903.104 2298
-893.093 904.283 2301
-897.016 904.283 2301
-900.939 904.283 2301
-903.682 903.104 2298
-907.599 903.104 2298
-906.36 897.995 2285
-910.255 897.995 2285
-909.35 893.28 2273
-910.814 890.922 2267
-913.469 889.743 2264
-917.328 889.743 2264
-914.677 883.455 2248
-918.51 883.455 2248
-922.342 883.455 2248
-927.41 884.634 2251
-931.248 884.634 2251
-935.085 884.634 2251
-938.922 884.634 2251
-942.76 884.634 2251
-946.597 884.634 2251
-945.368 879.918 2239
-947.913 878.739 2236
-951.725 878.739 2236
-952.973 876.381 2230
-952.913 872.844 2221
-953.253 869.7 2213
-957.026 869.7 2213
-956.891 866.163 2204
-958.033 863.805 2198
-960.467 862.626 2195
-964.209 862.626 2195
-965.305 860.268 2189
-969.037 860.268 2189
-971.435 859.089 2186
-975.162 859.089 2186
-978.888 859.089 2186
-979.019 855.945 2178
-977.769 851.622 2167
-981.463 851.622 2167
-982.429 849.264 2161
-982.463 846.12 2153
-984.759 844.941 2150
-988.424 844.941 2150
-990.705 843.762 2147
-994.365 843.762 2147
-996.631 842.583 2144
-1000.29 842.583 2144
-1003 841.797 2142
-1006.66 841.797 2142
-1007.48 839.439 2136
-1011.12 839.439 2136
-1013.33 838.26 2133
-1016.97 838.26 2133
-1019.65 837.474 2131
-1023.28 837.474 2131
-1025.47 836.295 2128
-1027.65 835.116 2125
-1029.81 833.937 2122
-1033.43 833.937 2122
-1033.14 830.793 2114
-1036.74 830.793 2114
-1040.35 830.793 2114
-1043.95 830.793 2114
-1045.08 828.828 2109
-1047.18 827.649 2106
-1049.77 826.863 2104
-1053.36 826.863 2104
-1055.44 825.684 2101
-1054.99 822.54 2093
-1056.03 820.575 2088
-1059.59 820.575 2088
-1059.07 817.431 2080
-1061.6 816.645 2078
-1061.04 813.501 2070
-1064.57 813.501 2070
1569.05 1511.16 3862
1562.47 1511.16 3862
1555.88 1511.16 3862
1531.65 1493.94 3818
1525.14 1493.94 3818
1518.63 1493.94 3818
1508.56 1490.42 3809
1471.7 1460.29 3732
1478.69 1473.6 3766
1478.91 1480.25 3783
1472.47 1480.25 3783
1469.5 1483.77 3792
1466.13 1486.9 3800
1483.46 1511.16 3862
1476.88 1511.16 3862
1494.28 1535.81 3925
1516.39 1565.55 4001
1512.97 1569.07 4010
1506.13 1569.07 4010
1499.3 1569.07 4010
1492.46 1569.07 4010
1485.62 1569.07 4010
1464.78 1554.2 3972
1447.73 1543.25 3944
1441 1543.25 3944
1434.28 1543.25 3944
1427.56 1543.25 3944
1424.07 1546.77 3953
1417.34 1546.77 3953
1414.17 1550.68 3963
1407.41 1550.68 3963
1400.65 1550.68 3963
1393.9 1550.68 3963
1390.29 1554.2 3972
1383.52 1554.2 3972
1380.22 1558.12 3982
1373.43 1558.12 3982
1366.64 1558.12 3982
1356.44 1554.2 3972
1340.15 1543.25 3944
1320.92 1528.77 3907
1314.26 1528.77 3907
1289.52 1507.64 3853
1279.96 1504.12 3844
1267.44 1497.07 3826
1260.92 1497.07 3826
1254.4 1497.07 3826
1247.88 1497.07 3826
1244.27 1500.6 3835
1237.73 1500.6 3835
1231.2 1500.6 3835
1227.53 1504.12 3844
1220.98 1504.12 3844
1214.43 1504.12 3844
1205.05 1500.6 3835
1195.7 1497.07 3826
1186.69 1493.94 3818
1180.18 1493.94 3818
1170.9 1490.42 3809
1156.46 1480.25 3783
1144.84 1473.6 3766
1138.42 1473.6 3766
1129.3 1470.08 3757
1120.5 1466.95 3749
1114.11 1466.95 3749
1107.72 1466.95 3749
1101.33 1466.95 3749
1094.94 1466.95 3749
1085.93 1463.42 3740
1079.56 1463.42 3740
1073.18 1463.42 3740
1066.81 1463.42 3740
1060.43 1463.42 3740
1054.06 1463.42 3740
1047.68 1463.42 3740
1039.08 1460.29 3732
1030.5 1457.16 3724
1024.15 1457.16 3724
1013.16 1450.51 3707
1002.49 1444.25 3691
994.041 1441.12 3683
987.763 1441.12 3683
981.484 1441.12 3683
970.969 1434.86 3667
964.718 1434.86 3667
958.466 1434.86 3667
952.215 1434.86 3667
943.642 1431.34 3658
935.356 1428.21 3650
929.134 1428.21 3650
919.118 1422.34 3635
912.922 1422.34 3635
906.725 1422.34 3635
900.528 1422.34 3635
894.331 1422.34 3635
888.135 1422.34 3635
879.997 1419.21 3627
873.814 1419.21 3627
865.717 1416.08 3619
859.548 1416.08 3619
857.151 1422.34 3635
852.593 1425.08 3642
846.384 1425.08 3642
843.867 1431.34 3658
837.631 1431.34 3658
833.44 1434.86 3667
827.189 1434.86 3667
820.938 1434.86 3667
814.686 1434.86 3667
808.435 1434.86 3667
802.184 1434.86 3667
795.932 1434.86 3667
791.404 1437.99 3675
786.848 1441.12 3683
780.569 1441.12 3683
774.291 1441.12 3683
768.012 1441.12 3683
761.734 1441.12 3683
752.173 1434.86 3667
744.091 1431.34 3658
737.855 1431.34 3658
731.619 1431.34 3658
725.383 1431.34 3658
719.147 1431.34 3658
711.352 1428.21 3650
703.584 1425.08 3642
697.376 1425.08 3642
691.167 1425.08 3642
683.642 1422.34 3635
675.954 1419.21 3627
669.771 1419.21 3627
663.588 1419.21 3627
654.505 1412.95 3611
649.785 1416.08 3619
643.616 1416.08 3619
637.446 1416.08 3619
629.881 1412.95 3611
620.962 1406.69 3595
614.833 1406.69 3595
606.165 1400.82 3580
600.062 1400.82 3580
595.286 1403.95 3588
589.169 1403.95 3588
583.053 1403.95 3588
575.65 1400.82 3580
568.274 1397.69 3572
562.185 1397.69 3572
555.006 1394.95 3565
548.928 1394.95 3565
542.851 1394.95 3565
536.773 1394.95 3565
530.696 1394.95 3565
524.618 1394.95 3565
517.377 1391.82 3557
511.314 1391.82 3557
505.25 1391.82 3557
499.186 1391.82 3557
492.013 1388.69 3549
485.963 1388.69 3549
478.966 1385.95 3542
471.86 1382.82 3534
465.835 1382.82 3534
459.811 1382.82 3534
452.887 1380.08 3527
446.875 1380.08 3527
439.987 1377.34 3520
433.986 1377.34 3520
427.013 1374.21 3512
421.026 1374.21 3512
414.212 1371.47 3505
408.236 1371.47 3505
399.736 1362.86 3483
388.146 1343.3 3433
378.396 1329.6 3398
372.603 1329.6 3398
365.299 1324.12 3384
-8.15471 175.298 448
-8.91844 175.298 448
-9.68217 175.298 448
-10.4459 175.298 448
-11.1846 174.907 447
-11.9466 174.907 447
-12.7086 174.907 447
-13.4405 174.515 446
-14.2008 174.515 446
-18.5103 172.167 440
-19.2604 172.167 440
-20.0105 172.167 440
-20.7606 172.167 440
-21.5107 172.167 440
-22.2608 172.167 440
-22.9586 171.776 439
-23.545 170.602 436
-24.1768 169.82 434
-24.9167 169.82 434
-25.5974 169.428 433
-26.1531 168.255 430
-26.6986 167.081 427
-27.3623 166.689 426
-28.0885 166.689 426
-28.7471 166.298 425
-29.4022 165.907 424
-29.983 165.124 422
-30.6296 164.733 421
-31.3473 164.733 421
-31.9888 164.342 420
-32.627 163.95 419
-33.3413 163.95 419
-34.0555 163.95 419
-34.6868 163.559 418
-35.3147 163.168 417
-35.9392 162.777 416
-36.6484 162.777 416
-37.2678 162.385 415
-37.8837 161.994 414
-38.4963 161.603 413
-39.2004 161.603 413
-39.9044 161.603 413
-40.5102 161.211 412
-41.1125 160.82 411
-41.7114 160.429 410
-42.4103 160.429 410
-43.0041 160.037 409
-43.5945 159.646 408
-44.1815 159.255 407
-44.8754 159.255 407
-45.5692 159.255 407
-46.1494 158.864 406
-46.8415 158.864 406
-47.5336 158.864 406
-48.2257 158.864 406
-48.9179 158.864 406
-49.4878 158.472 405
-50.1782 158.472 405
-50.8686 158.472 405
-51.5591 158.472 405
-52.2495 158.472 405
-60.7508 153.777 393
-61.4208 153.777 393
-62.0908 153.777 393
-62.9204 154.168 394
-63.5921 154.168 394
-64.2638 154.168 394
-64.9354 154.168 394
-65.6071 154.168 394
-66.2788 154.168 394
-66.9505 154.168 394
-67.6221 154.168 394
-68.2938 154.168 394
-68.9655 154.168 394
-69.6371 154.168 394
-70.3088 154.168 394
-70.9805 154.168 394
-71.6522 154.168 394
-72.3238 154.168 394
-73.1808 154.559 395
-73.8541 154.559 395
-74.5275 154.559 395
-75.2009 154.559 395
-76.0664 154.951 396
-76.9352 155.342 397
-77.612 155.342 397
-78.6832 156.125 399
-79.3634 156.125 399
-80.0436 156.125 399
-80.7238 156.125 399
-81.608 156.516 400
-82.2899 156.516 400
-82.9718 156.516 400
-83.6537 156.516 400
-84.3356 156.516 400
-85.0175 156.516 400
-85.9136 156.907 401
-86.5972 156.907 401
-87.2808 156.907 401
-87.9645 156.907 401
-88.8691 157.298 402
-89.5544 157.298 402
-90.2397 157.298 402
-90.925 157.298 402
-91.6104 157.298 402
-92.2957 157.298 402
-92.981 157.298 402
-93.6663 157.298 402
-94.3516 157.298 402
-103.129 165.907 424
-103.852 165.907 424
-105.068 166.689 426
-106.043 167.081 427
-106.771 167.081 427
-107.498 167.081 427
-108.48 167.472 428
-109.21 167.472 428
-109.939 167.472 428
-110.927 167.863 429
-111.919 168.255 430
-112.652 168.255 430
-113.385 168.255 430
-114.383 168.646 431
-115.385 169.037 432
-116.391 169.428 433
-117.129 169.428 433
-117.867 169.428 433
-118.879 169.82 434
-119.894 170.211 435
-120.636 170.211 435
-121.378 170.211 435
-122.681 170.994 437
-123.426 170.994 437
-124.739 171.776 439
-125.773 172.167 440
-126.811 172.559 441
-127.563 172.559 441
-128.314 172.559 441
-129.066 172.559 441
-130.112 172.95 442
-130.866 172.95 442
-131.917 173.341 443
-132.972 173.733 444
-133.729 173.733 444
-134.788 174.124 445
-135.547 174.124 445
-136.306 174.124 445
-137.064 174.124 445
-156.021 196.036 501
-156.875 196.036 501
-158.044 196.427 502
-158.9 196.427 502
-159.756 196.427 502
-160.291 196.036 501
-161.145 196.036 501
-162.323 196.427 502
-163.179 196.427 502
-164.034 196.427 502
-164.89 196.427 502
-165.746 196.427 502
-166.602 196.427 502
-167.458 196.427 502
-889.095 904.271 2311
-893.035 904.271 2311
-896.975 904.271 2311
-900.914 904.271 2311
-904.854 904.271 2311
-904.861 900.358 2301
-908.784 900.358 2301
-906.36 894.097 2285
-910.255 894.097 2285
-911.75 891.749 2279
-912.02 888.228 2270
-913.469 885.88 2264
-917.328 885.88 2264
-914.677 879.619 2248
-918.51 879.619 2248
-922.342 879.619 2248
-926.174 879.619 2248
-930.006 879.619 2248
-933.839 879.619 2248
-937.671 879.619 2248
-941.503 879.619 2248
-945.336 879.619 2248
-944.101 874.924 2236
-945.369 872.576 2230
-949.171 872.576 2230
-950.409 870.228 2224
-950.338 866.707 2215
-949.376 862.403 2204
-953.133 862.403 2204
-954.286 860.055 2198
-955.418 857.707 2192
-956.529 855.359 2186
-960.256 855.359 2186
-963.982 855.359 2186
-967.709 855.359 2186
-969.213 853.403 2181
-972.931 853.403 2181
-975.306 852.229 2178
-977.67 851.055 2175
-975.061 845.577 2161
-978.745 845.577 2161
-981.065 844.403 2158
-982.463 842.447 2153
-983.385 840.099 2147
-987.045 840.099 2147
-990.705 840.099 2147
-992.976 838.925 2144
-996.631 838.925 2144
-1000.29 838.925 2144
-1003 838.143 2142
-1006.66 838.143 2142
-1007.48 835.795 2136
-1011.12 835.795 2136
-1013.33 834.621 2133
-1016.97 834.621 2133
-1018.21 832.665 2128
-1021.84 832.665 2128
-1024.02 831.491 2125
-1026.2 830.317 2122
-1029.81 830.317 2122
-1033.43 830.317 2122
-1033.14 827.187 2114
-1036.74 827.187 2114
-1040.35 827.187 2114
-1043.95 827.187 2114
-1045.08 825.23 2109
-1047.18 824.056 2106
-1049.77 823.274 2104
-1053.36 823.274 2104
-1055.44 822.1 2101
-1054.99 818.969 2093
-1056.03 817.013 2088
-1059.59 817.013 2088
-1059.07 813.883 2080
-1060.06 811.926 2075
-1061.04 809.97 2070
-1064.57 809.97 2070
1569.05 1504.57 3862
1562.47 1504.57 3862
1555.88 1504.57 3862
1531.65 1487.43 3818
1517.95 1480.42 3800
1511.47 1480.42 3800
1487.96 1463.67 3757
1471.7 1453.93 3732
1472.01 1460.55 3749
1472.27 1467.17 3766
1465.85 1467.17 3766
1466.02 1473.79 3783
1466.13 1480.42 3800
1480.01 1501.07 3853
1473.44 1501.07 3853
1494.28 1529.12 3925
1519.81 1562.23 4010
1516.74 1566.13 4020
1509.89 1566.13 4020
1503.04 1566.13 4020
1492.46 1562.23 4010
1485.62 1562.23 4010
1471.78 1554.83 3991
1458 1547.43 3972
1451.23 1547.43 3972
1444.46 1547.43 3972
1437.69 1547.43 3972
1434.52 1551.32 3982
1427.73 1551.32 3982
1420.94 1551.32 3982
1414.16 1551.32 3982
1407.37 1551.32 3982
1397.06 1547.43 3972
1393.79 1551.32 3982
1387 1551.32 3982
1380.22 1551.32 3982
1373.43 1551.32 3982
1366.64 1551.32 3982
1359.85 1551.32 3982
1343.21 1540.02 3953
1323.96 1525.61 3916
1317.28 1525.61 3916
1301.57 1515.09 3889
1288.95 1508.08 3871
1276.39 1501.07 3853
1269.82 1501.07 3853
1263.25 1501.07 3853
1256.68 1501.07 3853
1247.19 1497.56 3844
1240.64 1497.56 3844
1234.09 1497.56 3844
1236.16 1508.08 3871
1229.56 1508.08 3871
1222.96 1508.08 3871
1205.05 1494.05 3835
1195.7 1490.55 3826
1186.69 1487.43 3818
1180.18 1487.43 3818
1170.9 1483.92 3809
1156.46 1473.79 3783
1144.84 1467.17 3766
1138.42 1467.17 3766
1129.3 1463.67 3757
1120.5 1460.55 3749
1114.11 1460.55 3749
1107.72 1460.55 3749
1101.33 1460.55 3749
1094.94 1460.55 3749
1085.93 1457.04 3740
1079.56 1457.04 3740
1073.18 1457.04 3740
1066.81 1457.04 3740
1060.43 1457.04 3740
1054.06 1457.04 3740
1047.68 1457.04 3740
1039.08 1453.93 3732
1030.5 1450.81 3724
1024.15 1450.81 3724
1013.16 1444.19 3707
1004.67 1441.07 3699
996.2 1437.95 3691
989.908 1437.95 3691
981.484 1434.84 3683
975.206 1434.84 3683
968.927 1434.84 3683
962.648 1434.84 3683
954.292 1431.72 3675
948.027 1431.72 3675
939.712 1428.6 3667
933.461 1428.6 3667
924.934 1425.1 3658
918.698 1425.1 3658
912.462 1425.1 3658
906.226 1425.1 3658
899.99 1425.1 3658
893.754 1425.1 3658
885.577 1421.98 3650
879.355 1421.98 3650
871.219 1418.86 3642
865.01 1418.86 3642
862.574 1425.1 3658
858.445 1428.6 3667
852.194 1428.6 3667
849.634 1434.84 3683
843.355 1434.84 3683
837.077 1434.84 3683
830.798 1434.84 3683
824.519 1434.84 3683
816.464 1431.72 3675
810.199 1431.72 3675
803.934 1431.72 3675
799.405 1434.84 3683
793.127 1434.84 3683
788.557 1437.95 3691
782.265 1437.95 3691
775.973 1437.95 3691
769.68 1437.95 3691
763.388 1437.95 3691
757.096 1437.95 3691
749.176 1434.84 3683
741.284 1431.72 3675
735.019 1431.72 3675
728.754 1431.72 3675
722.489 1431.72 3675
714.665 1428.6 3667
708.414 1428.6 3667
700.439 1425.1 3658
692.685 1421.98 3650
684.958 1418.86 3642
678.75 1418.86 3642
672.541 1418.86 3642
665.051 1416.14 3635
657.405 1413.02 3627
651.222 1413.02 3627
645.038 1413.02 3627
637.446 1409.9 3619
631.277 1409.9 3619
620.962 1400.55 3595
614.833 1400.55 3595
608.705 1400.55 3595
601.403 1397.83 3588
595.286 1397.83 3588
589.169 1397.83 3588
583.053 1397.83 3588
575.65 1394.71 3580
568.274 1391.59 3572
562.185 1391.59 3572
556.095 1391.59 3572
550.006 1391.59 3572
543.917 1391.59 3572
537.827 1391.59 3572
530.696 1388.87 3565
524.618 1388.87 3565
517.377 1385.75 3557
511.314 1385.75 3557
505.25 1385.75 3557
499.186 1385.75 3557
492.013 1382.63 3549
485.963 1382.63 3549
478.966 1379.91 3542
471.86 1376.79 3534
465.835 1376.79 3534
459.811 1376.79 3534
452.887 1374.06 3527
446.875 1374.06 3527
439.987 1371.33 3520
433.986 1371.33 3520
427.013 1368.22 3512
421.026 1368.22 3512
414.212 1365.49 3505
408.236 1365.49 3505
399.736 1356.92 3483
388.146 1337.44 3433
378.396 1323.81 3398
372.603 1323.81 3398
365.299 1318.35 3384
-8.15471 174.533 448
-8.91844 174.533 448
-9.68217 174.533 448
-10.4459 174.533 448
-11.1846 174.144 447
-11.9466 174.144 447
-12.7086 174.144 447
-13.4405 173.754 446
-14.2008 173.754 446
-18.5103 171.417 440
-19.2604 171.417 440
-20.0105 171.417 440
-20.7606 171.417 440
-21.5107 171.417 440
-22.2608 171.417 440
-22.9586 171.027 439
-23.545 169.858 436
-24.1768 169.079 434
-24.9167 169.079 434
-25.5974 168.69 433
-26.1531 167.521 430
-26.6986 166.352 427
-27.3623 165.963 426
-28.0885 165.963 426
-28.7471 165.573 425
-29.4022 165.183 424
-29.983 164.404 422
-30.6296 164.015 421
-31.3473 164.015 421
-31.9888 163.625 420
-32.627 163.236 419
-33.3413 163.236 419
-34.0555 163.236 419
-34.6868 162.846 418
-35.3147 162.456 417
-35.9392 162.067 416
-36.6484 162.067 416
-37.2678 161.677 415
-37.8837 161.288 414
-38.4963 160.898 413
-39.2004 160.898 413
-39.9044 160.898 413
-40.5102 160.508 412
-41.1125 160.119 411
-41.8131 160.119 411
-42.5138 160.119 411
-43.1093 159.729 410
-43.5945 158.95 408
-44.1815 158.561 407
-44.8754 158.561 407
-45.5692 158.561 407
-46.1494 158.171 406
-46.8415 158.171 406
-47.5336 158.171 406
-48.2257 158.171 406
-48.9179 158.171 406
-49.4878 157.781 405
-50.1782 157.781 405
-50.8686 157.781 405
-51.5591 157.781 405
-60.7508 153.106 393
-61.4208 153.106 393
-62.0908 153.106 393
-62.7607 153.106 393
-63.5921 153.496 394
-64.2638 153.496 394
-64.9354 153.496 394
-65.6071 153.496 394
-66.2788 153.496 394
-66.9505 153.496 394
-67.6221 153.496 394
-68.2938 153.496 394
-68.9655 153.496 394
-69.6371 153.496 394
-70.3088 153.496 394
-70.9805 153.496 394
-71.6522 153.496 394
-72.3238 153.496 394
-73.1808 153.886 395
-73.8541 153.886 395
-74.5275 153.886 395
-75.2009 153.886 395
-76.0664 154.275 396
-76.9352 154.665 397
-77.612 154.665 397
-78.6832 155.444 399
-79.3634 155.444 399
-80.0436 155.444 399
-80.7238 155.444 399
-81.608 155.833 400
-82.2899 155.833 400
-82.9718 155.833 400
-83.6537 155.833 400
-84.3356 155.833 400
-85.0175 155.833 400
-85.9136 156.223 401
-86.5972 156.223 401
-87.2808 156.223 401
-87.9645 156.223 401
-88.8691 156.613 402
-89.5544 156.613 402
-90.2397 156.613 402
-90.925 156.613 402
-91.6104 156.613 402
-92.5253 157.002 403
-93.2123 157.002 403
-93.8993 157.002 403
-94.3516 156.613 402
-103.129 165.183 424
-103.852 165.183 424
-105.068 165.963 426
-106.043 166.352 427
-106.771 166.352 427
-107.498 166.352 427
-108.48 166.742 428
-109.21 166.742 428
-109.939 166.742 428
-110.927 167.131 429
-111.919 167.521 430
-112.652 167.521 430
-113.385 167.521 430
-114.383 167.911 431
-115.652 168.69 433
-116.391 168.69 433
-117.129 168.69 433
-118.139 169.079 434
-119.153 169.469 435
-119.894 169.469 435
-120.636 169.469 435
-121.657 169.858 436
-122.961 170.638 438
-123.708 170.638 438
-124.739 171.027 439
-125.773 171.417 440
-126.811 171.806 441
-127.563 171.806 441
-128.314 171.806 441
-129.066 171.806 441
-130.112 172.196 442
-130.866 172.196 442
-131.917 172.586 443
-133.271 173.365 445
-134.03 173.365 445
-134.788 173.365 445
-135.547 173.365 445
-136.306 173.365 445
-137.064 173.365 445
-159.303 197.129 506
-160.166 197.129 506
-161.028 197.129 506
-161.891 197.129 506
-161.467 195.571 502
-162.323 195.571 502
-163.179 195.571 502
-164.034 195.571 502
-165.219 195.961 503
-166.076 195.961 503
-166.934 195.961 503
-167.791 195.961 503
-889.095 900.328 2311
-893.035 900.328 2311
-896.975 900.328 2311
-900.914 900.328 2311
-904.854 900.328 2311
-904.861 896.432 2301
-908.784 896.432 2301
-906.36 890.199 2285
-910.255 890.199 2285
-911.75 887.861 2279
-912.02 884.355 2270
-913.469 882.017 2264
-917.328 882.017 2264
-914.677 875.784 2248
-918.51 875.784 2248
-922.342 875.784 2248
-926.174 875.784 2248
-930.006 875.784 2248
-933.839 875.784 2248
-937.671 875.784 2248
-941.503 875.784 2248
-945.336 875.784 2248
-944.101 871.109 2236
-945.369 868.771 2230
-949.171 868.771 2230
-950.409 866.434 2224
-950.338 862.928 2215
-949.376 858.642 2204
-953.133 858.642 2204
-954.286 856.305 2198
-955.418 853.967 2192
-956.529 851.63 2186
-960.256 851.63 2186
-963.982 851.63 2186
-967.709 851.63 2186
-967.88 848.513 2178
-971.593 848.513 2178
-973.963 847.344 2175
-976.322 846.176 2172
-973.708 840.721 2158
-977.387 840.721 2158
-978.792 838.774 2153
-981.094 837.605 2150
-983.385 836.436 2147
-987.045 836.436 2147
-989.321 835.267 2144
-992.976 835.267 2144
-995.701 834.488 2142
-999.353 834.488 2142
-1003 834.488 2142
-1006.66 834.488 2142
-1007.48 832.151 2136
-1011.12 832.151 2136
-1013.33 830.982 2133
-1016.97 830.982 2133
-1018.21 829.034 2128
-1021.84 829.034 2128
-1024.02 827.865 2125
-1026.2 826.696 2122
-1029.81 826.696 2122
-1033.43 826.696 2122
-1033.14 823.58 2114
-1036.74 823.58 2114
-1040.35 823.58 2114
-1043.95 823.58 2114
-1045.08 821.632 2109
-1048.67 821.632 2109
-1050.77 820.463 2106
-1054.36 820.463 2106
-1056.95 819.684 2104
-1056.5 816.567 2096
-1058.56 815.399 2093
-1062.12 815.399 2093
-1059.07 810.334 2080
-1061.6 809.555 2078
-1062.06 807.217 2072
-1065.6 807.217 2072
1569.05 1497.98 3862
1562.47 1497.98 3862
1555.88 1497.98 3862
1531.65 1480.92 3818
1517.95 1473.93 3800
1511.47 1473.93 3800
1487.96 1457.26 3757
1471.7 1447.56 3732
1472.01 1454.15 3749
1472.27 1460.75 3766
1465.85 1460.75 3766
1466.02 1467.34 3783
1466.13 1473.93 3800
1480.01 1494.49 3853
1473.44 1494.49 3853
1494.28 1522.42 3925
1530.8 1566.64 4039
1523.91 1566.64 4039
1517.03 1566.64 4039
1510.14 1566.64 4039
1503.25 1566.64 4039
1489.33 1559.27 4020
1471.78 1548.02 3991
1464.98 1548.02 3991
1458.17 1548.02 3991
1451.37 1548.02 3991
1444.57 1548.02 3991
1437.76 1548.02 3991
1430.96 1548.02 3991
1424.16 1548.02 3991
1414.16 1544.53 3982
1407.37 1544.53 3982
1397.06 1540.65 3972
1393.79 1544.53 3982
1387 1544.53 3982
1380.22 1544.53 3982
1373.43 1544.53 3982
1366.64 1544.53 3982
1359.85 1544.53 3982
1349.66 1540.65 3972
1330.38 1526.3 3935
1323.68 1526.3 3935
1310.61 1518.93 3916
1297.94 1511.95 3898
1285.33 1504.96 3880
1278.72 1504.96 3880
1272.1 1504.96 3880
1262.55 1501.47 3871
1264.71 1511.95 3898
1258.07 1511.95 3898
1251.42 1511.95 3898
1247.65 1515.44 3907
1240.99 1515.44 3907
1234.33 1515.44 3907
1216.36 1501.47 3871
1201.32 1491 3844
1191.97 1487.51 3835
1185.43 1487.51 3835
1173.67 1480.92 3818
1164.41 1477.43 3809
1150.01 1467.34 3783
1143.56 1467.34 3783
1129.3 1457.26 3757
1122.89 1457.26 3757
1116.49 1457.26 3757
1110.08 1457.26 3757
1103.68 1457.26 3757
1097.28 1457.26 3757
1088.55 1454.15 3749
1082.16 1454.15 3749
1073.18 1450.66 3740
1066.81 1450.66 3740
1060.43 1450.66 3740
1054.06 1450.66 3740
1047.68 1450.66 3740
1039.08 1447.56 3732
1030.5 1444.46 3724
1024.15 1444.46 3724
1017.8 1444.46 3724
1004.67 1434.76 3699
996.2 1431.66 3691
989.908 1431.66 3691
981.484 1428.55 3683
975.206 1428.55 3683
968.927 1428.55 3683
962.648 1428.55 3683
954.292 1425.45 3675
948.027 1425.45 3675
939.712 1422.35 3667
933.461 1422.35 3667
924.934 1418.86 3658
918.698 1418.86 3658
912.462 1418.86 3658
906.226 1418.86 3658
899.99 1418.86 3658
893.754 1418.86 3658
885.577 1415.75 3650
879.355 1415.75 3650
871.219 1412.65 3642
865.01 1412.65 3642
862.574 1418.86 3658
864.064 1431.66 3691
857.772 1431.66 3691
851.479 1431.66 3691
847.019 1434.76 3699
840.713 1434.76 3699
834.407 1434.76 3699
828.101 1434.76 3699
820.018 1431.66 3691
813.726 1431.66 3691
807.434 1431.66 3691
799.405 1428.55 3683
794.849 1431.66 3691
790.266 1434.76 3699
783.96 1434.76 3699
777.655 1434.76 3699
771.349 1434.76 3699
765.043 1434.76 3699
758.737 1434.76 3699
752.431 1434.76 3699
746.125 1434.76 3699
739.819 1434.76 3699
733.513 1434.76 3699
725.635 1431.66 3691
717.784 1428.55 3683
711.505 1428.55 3683
703.695 1425.45 3675
695.911 1422.35 3667
687.967 1418.86 3658
681.731 1418.86 3658
674.018 1415.75 3650
667.796 1415.75 3650
660.123 1412.65 3642
653.915 1412.65 3642
647.706 1412.65 3642
640.264 1409.93 3635
631.277 1403.73 3619
625.107 1403.73 3619
617.57 1400.63 3611
608.705 1394.42 3595
602.576 1394.42 3595
596.447 1394.42 3595
590.319 1394.42 3595
583.053 1391.7 3588
575.65 1388.6 3580
569.547 1388.6 3580
563.444 1388.6 3580
557.341 1388.6 3580
552.47 1391.7 3588
546.353 1391.7 3588
540.236 1391.7 3588
531.738 1385.5 3572
525.649 1385.5 3572
518.541 1382.78 3565
512.464 1382.78 3565
506.386 1382.78 3565
500.309 1382.78 3565
494.231 1382.78 3565
488.154 1382.78 3565
480.995 1379.68 3557
473.863 1376.58 3549
467.813 1376.58 3549
461.762 1376.58 3549
454.813 1373.86 3542
447.762 1370.76 3534
440.862 1368.04 3527
434.849 1368.04 3527
428.837 1368.04 3527
422.824 1368.04 3527
414.212 1359.51 3505
408.236 1359.51 3505
400.54 1353.69 3490
388.146 1331.58 3433
378.396 1318.01 3398
372.603 1318.01 3398
365.299 1312.58 3384
-6.65684 174.545 450
-7.42398 174.545 450
-8.19112 174.545 450
-8.93835 174.157 449
-9.70378 174.157 449
-10.4459 173.769 448
-11.1846 173.381 447
-11.9466 173.381 447
-12.7086 173.381 447
-13.4405 172.993 446
-14.2008 172.993 446
-19.2604 170.666 440
-20.0105 170.666 440
-20.7606 170.666 440
-21.5107 170.666 440
-22.2608 170.666 440
-22.9586 170.278 439
-23.545 169.115 436
-24.1768 168.339 434
-24.9167 168.339 434
-25.5974 167.951 433
-26.1531 166.787 430
-26.6986 165.624 427
-27.3623 165.236 426
-28.0885 165.236 426
-28.7471 164.848 425
-29.3329 164.072 423
-29.983 163.684 422
-30.5569 162.909 420
-31.2728 162.909 420
-31.9888 162.909 420
-32.627 162.521 419
-33.3413 162.521 419
-34.0555 162.521 419
-34.6868 162.133 418
-35.3147 161.745 417
-35.9392 161.357 416
-36.6484 161.357 416
-37.2678 160.969 415
-37.8837 160.581 414
-38.4963 160.193 413
-39.2004 160.193 413
-39.9044 160.193 413
-40.5102 159.806 412
-41.1125 159.418 411
-41.8131 159.418 411
-42.5138 159.418 411
-43.1093 159.03 410
-43.5945 158.254 408
-44.1815 157.866 407
-44.8754 157.866 407
-45.5692 157.866 407
-46.1494 157.478 406
-46.8415 157.478 406
-47.5336 157.478 406
-48.2257 157.478 406
-48.9179 157.478 406
-49.4878 157.09 405
-50.1782 157.09 405
-50.8686 157.09 405
-51.5591 157.09 405
-62.0908 152.436 393
-62.7607 152.436 393
-63.5921 152.824 394
-64.2638 152.824 394
-64.9354 152.824 394
-65.6071 152.824 394
-66.2788 152.824 394
-66.9505 152.824 394
-67.6221 152.824 394
-68.2938 152.824 394
-68.9655 152.824 394
-69.6371 152.824 394
-70.3088 152.824 394
-70.9805 152.824 394
-71.834 153.212 395
-72.5074 153.212 395
-73.366 153.6 396
-74.0411 153.6 396
-74.7162 153.6 396
-75.3913 153.6 396
-76.2584 153.987 397
-77.3228 154.763 399
-78.003 154.763 399
-78.6832 154.763 399
-79.5623 155.151 400
-80.2442 155.151 400
-80.9261 155.151 400
-81.608 155.151 400
-82.2899 155.151 400
-82.9718 155.151 400
-83.6537 155.151 400
-84.5464 155.539 401
-85.23 155.539 401
-85.9136 155.539 401
-86.5972 155.539 401
-87.4985 155.927 402
-88.1838 155.927 402
-88.8691 155.927 402
-89.5544 155.927 402
-90.2397 155.927 402
-91.1512 156.315 403
-91.8382 156.315 403
-92.5253 156.315 403
-93.2123 156.315 403
-93.8993 156.315 403
-103.129 164.46 424
-103.852 164.46 424
-104.821 164.848 425
-105.794 165.236 426
-106.771 165.624 427
-107.498 165.624 427
-108.226 165.624 427
-109.21 166.012 428
-109.939 166.012 428
-110.927 166.399 429
-111.659 166.399 429
-112.652 166.787 430
-113.385 166.787 430
-114.383 167.175 431
-115.652 167.951 433
-116.391 167.951 433
-117.129 167.951 433
-118.139 168.339 434
-119.153 168.727 435
-119.894 168.727 435
-120.636 168.727 435
-121.657 169.115 436
-122.961 169.89 438
-123.708 169.89 438
-124.739 170.278 439
-125.773 170.666 440
-126.811 171.054 441
-127.563 171.054 441
-128.314 171.054 441
-129.066 171.054 441
-130.112 171.442 442
-130.866 171.442 442
-131.917 171.83 443
-133.271 172.605 445
-134.03 172.605 445
-134.788 172.605 445
-135.547 172.605 445
-136.306 172.605 445
-137.064 172.605 445
-159.303 196.266 506
-160.166 196.266 506
-161.028 196.266 506
-161.891 196.266 506
-161.467 194.715 502
-163.179 194.715 502
-164.034 194.715 502
-165.876 195.878 505
-166.737 195.878 505
-167.597 195.878 505
-168.458 195.878 505
-889.095 896.385 2311
-893.035 896.385 2311
-896.975 896.385 2311
-900.914 896.385 2311
-904.854 896.385 2311
-907.221 894.833 2307
-908.784 892.506 2301
-906.36 886.3 2285
-910.255 886.3 2285
-912.951 885.136 2282
-912.02 880.482 2270
-913.469 878.155 2264
-917.328 878.155 2264
-914.677 871.949 2248
-918.51 871.949 2248
-922.342 871.949 2248
-926.174 871.949 2248
-930.006 871.949 2248
-933.839 871.949 2248
-936.42 870.785 2245
-940.247 870.785 2245
-944.074 870.785 2245
-944.101 867.294 2236
-942.826 862.64 2224
-946.617 862.64 2224
-947.844 860.312 2218
-945.619 854.882 2204
-945.499 851.391 2195
-949.241 851.391 2195
-951.681 850.228 2192
-951.931 847.125 2184
-954.341 845.961 2181
-958.059 845.961 2181
-961.777 845.961 2181
-965.495 845.961 2181
-967.88 844.797 2178
-971.593 844.797 2178
-973.963 843.634 2175
-976.322 842.47 2172
-973.708 837.04 2158
-977.387 837.04 2158
-978.792 835.1 2153
-981.094 833.937 2150
-983.385 832.773 2147
-987.045 832.773 2147
-989.321 831.609 2144
-992.976 831.609 2144
-995.701 830.834 2142
-999.353 830.834 2142
-1003 830.834 2142
-1006.66 830.834 2142
-1007.48 828.506 2136
-1011.12 828.506 2136
-1013.33 827.343 2133
-1016.97 827.343 2133
-1018.21 825.403 2128
-1021.84 825.403 2128
-1024.02 824.24 2125
-1026.2 823.076 2122
-1029.81 823.076 2122
-1033.43 823.076 2122
-1033.14 819.973 2114
-1036.74 819.973 2114
-1040.35 819.973 2114
-1043.95 819.973 2114
-1045.08 818.034 2109
-1048.67 818.034 2109
-1050.77 816.87 2106
-1054.36 816.87 2106
-1056.95 816.094 2104
-1056.5 812.991 2096
-1058.56 811.828 2093
-1062.12 811.828 2093
-1059.07 806.785 2080
-1061.6 806.009 2078
-1062.06 803.682 2072
-1065.6 803.682 2072
1569.05 1491.39 3862
1562.47 1491.39 3862
1555.88 1491.39 3862
1524.43 1467.45 3800
1500.77 1450.85 3757
1494.37 1450.85 3757
1478.06 1441.19 3732
1461.84 1431.54 3707
1462.2 1438.1 3724
1468.75 1450.85 3757
1462.35 1450.85 3757
1459.43 1454.32 3766
1453.01 1454.32 3766
1469.64 1477.49 3826
1463.11 1477.49 3826
1470.3 1491.39 3862
1530.8 1559.75 4039
1523.91 1559.75 4039
1517.03 1559.75 4039
1510.14 1559.75 4039
1503.25 1559.75 4039
1489.33 1552.41 4020
1471.78 1541.21 3991
1464.98 1541.21 3991
1458.17 1541.21 3991
1451.37 1541.21 3991
1444.57 1541.21 3991
1458.66 1563.61 4049
1451.76 1563.61 4049
1444.85 1563.61 4049
1434.4 1559.75 4039
1420.8 1552.41 4020
1400.58 1537.73 3982
1393.79 1537.73 3982
1387 1537.73 3982
1380.22 1537.73 3982
1373.43 1537.73 3982
1366.64 1537.73 3982
1359.85 1537.73 3982
1353.06 1537.73 3982
1336.47 1526.54 3953
1329.73 1526.54 3953
1316.97 1519.58 3935
1303.93 1512.25 3916
1291.29 1505.3 3898
1284.65 1505.3 3898
1275.05 1501.82 3889
1268.42 1501.82 3889
1270.55 1512.25 3916
1263.88 1512.25 3916
1257.2 1512.25 3916
1250.53 1512.25 3916
1243.85 1512.25 3916
1237.17 1512.25 3916
1227.67 1508.77 3907
1201.32 1484.44 3844
1194.77 1484.44 3844
1188.22 1484.44 3844
1178.9 1480.97 3835
1167.16 1474.4 3818
1150.01 1460.89 3783
1143.56 1460.89 3783
1132 1454.32 3766
1122.89 1450.85 3757
1116.49 1450.85 3757
1110.08 1450.85 3757
1103.68 1450.85 3757
1097.28 1450.85 3757
1088.55 1447.76 3749
1082.16 1447.76 3749
1073.18 1444.28 3740
1066.81 1444.28 3740
1060.43 1444.28 3740
1054.06 1444.28 3740
1047.68 1444.28 3740
1039.08 1441.19 3732
1030.5 1438.1 3724
1024.15 1438.1 3724
1017.8 1438.1 3724
1006.84 1431.54 3707
998.36 1428.45 3699
992.054 1428.45 3699
983.616 1425.36 3691
977.324 1425.36 3691
971.032 1425.36 3691
964.739 1425.36 3691
958.447 1425.36 3691
952.155 1425.36 3691
945.863 1425.36 3691
939.57 1425.36 3691
931.255 1422.27 3683
924.977 1422.27 3683
918.698 1422.27 3683
912.42 1422.27 3683
906.141 1422.27 3683
895.953 1416.09 3667
889.702 1416.09 3667
883.451 1416.09 3667
877.199 1416.09 3667
870.948 1416.09 3667
864.697 1416.09 3667
864.064 1425.36 3691
857.772 1425.36 3691
851.479 1425.36 3691
847.019 1428.45 3699
840.713 1428.45 3699
834.407 1428.45 3699
828.101 1428.45 3699
820.018 1425.36 3691
813.726 1425.36 3691
807.434 1425.36 3691
799.405 1422.27 3683
794.849 1425.36 3691
790.266 1428.45 3699
783.96 1428.45 3699
777.655 1428.45 3699
771.349 1428.45 3699
765.043 1428.45 3699
758.737 1428.45 3699
752.431 1428.45 3699
746.125 1428.45 3699
739.819 1428.45 3699
733.513 1428.45 3699
725.635 1425.36 3691
717.784 1422.27 3683
711.505 1422.27 3683
703.695 1419.18 3675
697.43 1419.18 3675
691.165 1419.18 3675
684.9 1419.18 3675
678.635 1419.18 3675
670.906 1416.09 3667
661.573 1409.53 3650
655.351 1409.53 3650
649.129 1409.53 3650
641.497 1406.44 3642
635.289 1406.44 3642
629.08 1406.44 3642
621.674 1403.73 3635
611.414 1394.46 3611
603.917 1391.38 3603
597.775 1391.38 3603
591.633 1391.38 3603
585.49 1391.38 3603
579.348 1391.38 3603
573.206 1391.38 3603
564.703 1385.58 3588
558.586 1385.58 3588
552.47 1385.58 3588
546.353 1385.58 3588
540.236 1385.58 3588
534.12 1385.58 3588
528.003 1385.58 3588
520.723 1382.49 3580
514.62 1382.49 3580
508.517 1382.49 3580
502.414 1382.49 3580
496.311 1382.49 3580
490.208 1382.49 3580
483.023 1379.4 3572
475.999 1376.7 3565
468.867 1373.61 3557
462.803 1373.61 3557
456.74 1373.61 3557
448.775 1367.82 3542
441.737 1364.73 3534
435.712 1364.73 3534
429.688 1364.73 3534
423.663 1364.73 3534
416.811 1362.03 3527
410.799 1362.03 3527
402.261 1353.53 3505
390.52 1333.84 3454
382.293 1325.73 3433
376.441 1325.73 3433
366.81 1312.21 3398
-6.65684 173.777 450
-7.42398 173.777 450
-8.19112 173.777 450
-8.93835 173.391 449
-9.70378 173.391 449
-10.4459 173.005 448
-11.1846 172.619 447
-11.9466 172.619 447
-12.7086 172.619 447
-13.4405 172.232 446
-14.169 171.846 445
-19.2604 169.915 440
-20.0105 169.915 440
-20.7606 169.915 440
-21.4618 169.529 439
-22.2102 169.529 439
-22.9063 169.143 438
-23.545 168.371 436
-24.1768 167.598 434
-24.9167 167.598 434
-25.5974 167.212 433
-26.1531 166.054 430
-26.6986 164.895 427
-27.3623 164.509 426
-28.0885 164.509 426
-28.7471 164.123 425
-29.3329 163.351 423
-29.9119 162.578 421
-30.5569 162.192 420
-31.2728 162.192 420
-31.9888 162.192 420
-32.627 161.806 419
-33.2617 161.42 418
-33.9743 161.42 418
-34.6868 161.42 418
-35.3147 161.033 417
-35.9392 160.647 416
-36.6484 160.647 416
-37.178 159.875 414
-37.8837 159.875 414
-38.4963 159.489 413
-39.2004 159.489 413
-39.9044 159.489 413
-40.5102 159.103 412
-41.1125 158.716 411
-41.8131 158.716 411
-42.5138 158.716 411
-43.1093 158.33 410
-43.5945 157.558 408
-44.1815 157.172 407
-44.8754 157.172 407
-45.5692 157.172 407
-46.1494 156.786 406
-46.8415 156.786 406
-47.5336 156.786 406
-48.2257 156.786 406
-48.9179 156.786 406
-49.4878 156.399 405
-50.1782 156.399 405
-50.8686 156.399 405
-51.5591 156.399 405
-62.0908 151.765 393
-62.7607 151.765 393
-63.5921 152.152 394
-64.2638 152.152 394
-64.9354 152.152 394
-65.6071 152.152 394
-66.2788 152.152 394
-66.9505 152.152 394
-67.6221 152.152 394
-68.2938 152.152 394
-68.9655 152.152 394
-69.6371 152.152 394
-70.3088 152.152 394
-71.1606 152.538 395
-71.834 152.538 395
-72.6909 152.924 396
-73.5513 153.31 397
-74.2281 153.31 397
-74.9049 153.31 397
-75.5817 153.31 397
-76.2584 153.31 397
-77.3228 154.082 399
-78.003 154.082 399
-78.8804 154.469 400
-79.5623 154.469 400
-80.2442 154.469 400
-80.9261 154.469 400
-81.608 154.469 400
-82.2899 154.469 400
-82.9718 154.469 400
-83.6537 154.469 400
-84.5464 154.855 401
-85.23 154.855 401
-85.9136 154.855 401
-86.5972 154.855 401
-87.4985 155.241 402
-88.1838 155.241 402
-88.8691 155.241 402
-89.5544 155.241 402
-90.4642 155.627 403
-91.1512 155.627 403
-91.8382 155.627 403
-92.5253 155.627 403
-93.2123 155.627 403
-93.8993 155.627 403
-103.129 163.737 424
-103.852 163.737 424
-104.821 164.123 425
-105.794 164.509 426
-106.521 164.509 426
-107.247 164.509 426
-108.226 164.895 427
-108.954 164.895 427
-109.682 164.895 427
-110.927 165.668 429
-111.659 165.668 429
-112.652 166.054 430
-113.385 166.054 430
-114.649 166.826 432
-115.652 167.212 433
-116.391 167.212 433
-117.129 167.212 433
-118.139 167.598 434
-119.153 167.985 435
-119.894 167.985 435
-120.636 167.985 435
-121.657 168.371 436
-122.961 169.143 438
-123.708 169.143 438
-124.739 169.529 439
-125.773 169.915 440
-126.811 170.302 441
-127.563 170.302 441
-128.314 170.302 441
-129.066 170.302 441
-130.112 170.688 442
-130.866 170.688 442
-131.917 171.074 443
-133.271 171.846 445
-134.03 171.846 445
-134.788 171.846 445
-135.547 171.846 445
-136.306 171.846 445
-137.064 171.846 445
-159.303 195.403 506
-160.166 195.403 506
-161.028 195.403 506
-161.891 195.403 506
-161.467 193.858 502
-163.179 193.858 502
-165.341 195.403 506
-166.204 195.403 506
-167.067 195.403 506
-167.929 195.403 506
-168.792 195.403 506
-889.095 892.442 2311
-893.035 892.442 2311
-896.975 892.442 2311
-900.914 892.442 2311
-904.854 892.442 2311
-907.221 890.897 2307
-908.784 888.58 2301
-906.36 882.402 2285
-910.255 882.402 2285
-912.951 881.243 2282
-912.02 876.609 2270
-912.258 873.134 2261
-916.112 873.134 2261
-913.457 866.955 2245
-916.058 865.796 2242
-919.88 865.796 2242
-923.702 865.796 2242
-927.524 865.796 2242
-931.346 865.796 2242
-935.168 865.796 2242
-938.99 865.796 2242
-942.812 865.796 2242
-939.034 858.845 2224
-941.554 857.687 2221
-945.34 857.687 2221
-945.708 854.597 2213
-941.758 847.646 2195
-942.915 845.329 2189
-946.647 845.329 2189
-948.207 843.398 2184
-950.623 842.24 2181
-953.028 841.081 2178
-956.741 841.081 2178
-960.454 841.081 2178
-964.167 841.081 2178
-966.547 839.923 2175
-970.255 839.923 2175
-972.619 838.764 2172
-974.973 837.606 2169
-973.708 833.358 2158
-977.387 833.358 2158
-977.429 830.269 2150
-979.725 829.11 2147
-982.011 827.952 2144
-985.666 827.952 2144
-988.398 827.179 2142
-992.049 827.179 2142
-995.701 827.179 2142
-999.353 827.179 2142
-1003 827.179 2142
-1005.25 826.021 2139
-1007.48 824.862 2136
-1011.12 824.862 2136
-1013.33 823.704 2133
-1016.02 822.931 2131
-1018.21 821.773 2128
-1021.84 821.773 2128
-1024.02 820.614 2125
-1026.2 819.456 2122
-1029.81 819.456 2122
-1033.43 819.456 2122
-1033.14 816.366 2114
-1036.74 816.366 2114
-1040.35 816.366 2114
-1043.95 816.366 2114
-1045.08 814.435 2109
-1048.67 814.435 2109
-1050.77 813.277 2106
-1054.36 813.277 2106
-1056.95 812.505 2104
-1056.5 809.415 2096
-1058.56 808.257 2093
-1062.12 808.257 2093
-1059.07 803.237 2080
-1061.6 802.464 2078
-1062.06 800.147 2072
-1065.6 800.147 2072
1530.8 1552.86 4039
1523.91 1552.86 4039
1517.03 1552.86 4039
1521.36 1564.39 4069
1514.42 1564.39 4069
1507.48 1564.39 4069
1500.55 1564.39 4069
1493.61 1564.39 4069
1486.67 1564.39 4069
1472.46 1556.7 4049
1465.56 1556.7 4049
1458.66 1556.7 4049
1451.76 1556.7 4049
1444.85 1556.7 4049
1434.4 1552.86 4039
1420.8 1545.55 4020
1400.58 1530.94 3982
1393.79 1530.94 3982
1387 1530.94 3982
1380.22 1530.94 3982
1373.43 1530.94 3982
1366.64 1530.94 3982
1359.85 1530.94 3982
1353.06 1530.94 3982
1336.47 1519.79 3953
1329.73 1519.79 3953
1316.97 1512.87 3935
1303.93 1505.57 3916
1291.29 1498.65 3898
1284.65 1498.65 3898
1275.05 1495.19 3889
1268.42 1495.19 3889
1270.55 1505.57 3916
1263.88 1505.57 3916
1257.2 1505.57 3916
1250.53 1505.57 3916
1246.71 1509.03 3925
1240.02 1509.03 3925
1233.33 1509.03 3925
1209.76 1488.27 3871
1197.57 1481.34 3853
1191 1481.34 3853
1181.66 1477.88 3844
1172.36 1474.42 3835
1150.01 1454.43 3783
1143.56 1454.43 3783
1132 1447.9 3766
1122.89 1444.44 3757
1116.49 1444.44 3757
1110.08 1444.44 3757
1103.68 1444.44 3757
1097.28 1444.44 3757
1088.55 1441.36 3749
1082.16 1441.36 3749
1075.77 1441.36 3749
1069.37 1441.36 3749
1060.43 1437.9 3740
1054.06 1437.9 3740
1047.68 1437.9 3740
1039.08 1434.82 3732
1030.5 1431.75 3724
1024.15 1431.75 3724
1017.8 1431.75 3724
1006.84 1425.21 3707
998.36 1422.14 3699
992.054 1422.14 3699
983.616 1419.06 3691
977.324 1419.06 3691
971.032 1419.06 3691
964.739 1419.06 3691
958.447 1419.06 3691
952.155 1419.06 3691
945.863 1419.06 3691
939.57 1419.06 3691
931.255 1415.99 3683
924.977 1415.99 3683
918.698 1415.99 3683
912.42 1415.99 3683
906.141 1415.99 3683
897.908 1412.91 3675
891.643 1412.91 3675
885.378 1412.91 3675
877.199 1409.83 3667
870.948 1409.83 3667
870.356 1419.06 3691
864.064 1419.06 3691
857.772 1419.06 3691
853.325 1422.14 3699
847.019 1422.14 3699
840.713 1422.14 3699
834.407 1422.14 3699
828.101 1422.14 3699
821.796 1422.14 3699
815.49 1422.14 3699
807.434 1419.06 3691
801.142 1419.06 3691
794.849 1419.06 3691
790.266 1422.14 3699
783.96 1422.14 3699
777.655 1422.14 3699
773.017 1425.21 3707
766.697 1425.21 3707
760.378 1425.21 3707
754.058 1425.21 3707
747.739 1425.21 3707
741.419 1425.21 3707
733.513 1422.14 3699
727.208 1422.14 3699
719.343 1419.06 3691
713.05 1419.06 3691
705.226 1415.99 3683
697.43 1412.91 3675
691.165 1412.91 3675
684.9 1412.91 3675
678.635 1412.91 3675
670.906 1409.83 3667
661.573 1403.3 3650
655.351 1403.3 3650
649.129 1403.3 3650
641.497 1400.22 3642
635.289 1400.22 3642
629.08 1400.22 3642
621.674 1397.53 3635
611.414 1388.3 3611
603.917 1385.23 3603
597.775 1385.23 3603
591.633 1385.23 3603
585.49 1385.23 3603
579.348 1385.23 3603
573.206 1385.23 3603
564.703 1379.46 3588
558.586 1379.46 3588
552.47 1379.46 3588
546.353 1379.46 3588
540.236 1379.46 3588
537.544 1388.3 3611
531.388 1388.3 3611
525.232 1388.3 3611
519.076 1388.3 3611
512.92 1388.3 3611
505.642 1385.23 3603
499.499 1385.23 3603
493.357 1385.23 3603
485.187 1379.46 3588
478.002 1376.39 3580
471.899 1376.39 3580
464.755 1373.31 3572
456.74 1367.54 3557
449.662 1364.47 3549
442.737 1361.78 3542
436.699 1361.78 3542
430.661 1361.78 3542
424.622 1361.78 3542
418.584 1361.78 3542
412.546 1361.78 3542
402.261 1347.55 3505
390.52 1327.94 3454
382.293 1319.87 3433
376.441 1319.87 3433
369.077 1314.49 3419
360.274 1303.72 3391
-6.65684 173.009 450
-7.42398 173.009 450
-8.19112 173.009 450
-8.93835 172.625 449
-9.70378 172.625 449
-10.4459 172.24 448
-11.1846 171.856 447
-11.9466 171.856 447
-12.7086 171.856 447
-13.4405 171.472 446
-14.169 171.087 445
-19.2604 169.165 440
-20.0105 169.165 440
-20.7606 169.165 440
-21.4618 168.78 439
-22.2102 168.78 439
-22.9063 168.396 438
-23.545 167.627 436
-24.1768 166.858 434
-24.9167 166.858 434
-25.6565 166.858 434
-26.1531 165.32 430
-26.7611 164.551 428
-27.3623 163.782 426
-28.0885 163.782 426
-28.7471 163.398 425
-29.3329 162.629 423
-29.9119 161.86 421
-30.5569 161.475 420
-31.2728 161.475 420
-31.9888 161.475 420
-32.627 161.091 419
-33.3413 161.091 419
-34.0555 161.091 419
-34.6868 160.706 418
-35.3147 160.322 417
-35.9392 159.938 416
-36.6484 159.938 416
-37.178 159.169 414
-37.8837 159.169 414
-38.4963 158.784 413
-39.2004 158.784 413
-39.9044 158.784 413
-40.5102 158.4 412
-41.1125 158.015 411
-41.8131 158.015 411
-42.5138 158.015 411
-43.1093 157.631 410
-43.5945 156.862 408
-44.1815 156.477 407
-44.8754 156.477 407
-45.5692 156.477 407
-46.1494 156.093 406
-46.8415 156.093 406
-47.5336 156.093 406
-48.2257 156.093 406
-48.9179 156.093 406
-49.61 156.093 406
-50.3021 156.093 406
-50.9942 156.093 406
-51.6864 156.093 406
-62.0908 151.095 393
-62.7607 151.095 393
-63.5921 151.479 394
-64.2638 151.479 394
-64.9354 151.479 394
-65.6071 151.479 394
-66.2788 151.479 394
-66.9505 151.479 394
-67.6221 151.479 394
-68.2938 151.479 394
-68.9655 151.479 394
-69.6371 151.479 394
-70.3088 151.479 394
-71.1606 151.864 395
-71.834 151.864 395
-72.6909 152.248 396
-73.5513 152.633 397
-74.2281 152.633 397
-74.9049 152.633 397
-75.5817 152.633 397
-76.4505 153.017 398
-77.5166 153.786 400
-78.1985 153.786 400
-78.8804 153.786 400
-79.5623 153.786 400
-80.2442 153.786 400
-80.9261 153.786 400
-81.608 153.786 400
-82.2899 153.786 400
-83.1792 154.171 401
-83.8628 154.171 401
-84.5464 154.171 401
-85.23 154.171 401
-85.9136 154.171 401
-86.5972 154.171 401
-87.4985 154.555 402
-88.1838 154.555 402
-88.8691 154.555 402
-89.7772 154.94 403
-90.4642 154.94 403
-91.1512 154.94 403
-91.8382 154.94 403
-92.5253 154.94 403
-93.2123 154.94 403
-93.8993 154.94 403
-103.129 163.013 424
-103.852 163.013 424
-104.821 163.398 425
-105.794 163.782 426
-106.521 163.782 426
-107.247 163.782 426
-108.226 164.167 427
-108.954 164.167 427
-109.682 164.167 427
-110.927 164.936 429
-111.659 164.936 429
-112.652 165.32 430
-113.385 165.32 430
-114.649 166.089 432
-115.652 166.473 433
-116.391 166.473 433
-117.129 166.473 433
-118.139 166.858 434
-119.153 167.242 435
-119.894 167.242 435
-120.636 167.242 435
-121.657 167.627 436
-122.961 168.396 438
-123.708 168.396 438
-124.739 168.78 439
-125.773 169.165 440
-126.811 169.549 441
-127.563 169.549 441
-128.314 169.549 441
-129.066 169.549 441
-130.112 169.934 442
-130.866 169.934 442
-131.917 170.318 443
-133.271 171.087 445
-134.03 171.087 445
-134.788 171.087 445
-135.852 171.472 446
-136.612 171.472 446
-137.372 171.472 446
-159.303 194.539 506
-160.166 194.539 506
-161.028 194.539 506
-161.891 194.539 506
-165.341 194.539 506
-166.204 194.539 506
-167.067 194.539 506
-167.929 194.539 506
-168.792 194.539 506
-889.095 888.499 2311
-893.035 888.499 2311
-896.975 888.499 2311
-900.914 888.499 2311
-904.854 888.499 2311
-907.221 886.961 2307
-909.969 885.808 2304
-906.36 878.503 2285
-910.255 878.503 2285
-912.951 877.35 2282
-912.02 872.736 2270
-912.258 869.276 2261
-916.112 869.276 2261
-914.677 864.278 2248
-916.058 861.971 2242
-919.88 861.971 2242
-923.702 861.971 2242
-927.524 861.971 2242
-931.346 861.971 2242
-933.917 860.818 2239
-937.734 860.818 2239
-941.551 860.818 2239
-937.768 853.897 2221
-938.163 850.822 2213
-941.935 850.822 2213
-943.144 848.515 2207
-939.183 841.595 2189
-940.761 839.672 2184
-944.484 839.672 2184
-946.905 838.519 2181
-949.315 837.365 2178
-950.403 835.059 2172
-954.106 835.059 2172
-957.808 835.059 2172
-961.511 835.059 2172
-963.881 833.905 2169
-967.578 833.905 2169
-971.276 833.905 2169
-972.726 831.983 2164
-972.354 828.523 2155
-976.028 828.523 2155
-977.429 826.6 2150
-978.356 824.294 2144
-981.095 823.525 2142
-984.746 823.525 2142
-987.013 822.371 2139
-990.66 822.371 2139
-994.306 822.371 2139
-997.953 822.371 2139
-1001.6 822.371 2139
-1003.84 821.218 2136
-1006.06 820.065 2133
-1009.7 820.065 2133
-1013.33 820.065 2133
-1016.02 819.296 2131
-1018.21 818.142 2128
-1021.84 818.142 2128
-1024.02 816.989 2125
-1026.2 815.835 2122
-1028.84 815.066 2120
-1032.46 815.066 2120
-1033.14 812.76 2114
-1036.74 812.76 2114
-1039.36 811.991 2112
-1042.96 811.991 2112
-1045.08 810.837 2109
-1048.67 810.837 2109
-1049.77 808.915 2104
-1053.36 808.915 2104
-1055.44 807.762 2101
-1056.5 805.839 2096
-1058.56 804.686 2093
-1062.12 804.686 2093
-1059.07 799.688 2080
-1061.6 798.919 2078
-1062.06 796.612 2072
-1065.6 796.612 2072
1521.36 1557.45 4069
1514.42 1557.45 4069
1507.48 1557.45 4069
1500.55 1557.45 4069
1493.61 1557.45 4069
1486.67 1557.45 4069
1472.46 1549.79 4049
1465.56 1549.79 4049
1458.66 1549.79 4049
1451.76 1549.79 4049
1444.85 1549.79 4049
1434.4 1545.96 4039
1420.8 1538.69 4020
1413.95 1538.69 4020
1393.79 1524.15 3982
1387 1524.15 3982
1380.22 1524.15 3982
1373.43 1524.15 3982
1366.64 1524.15 3982
1359.85 1524.15 3982
1353.06 1524.15 3982
1336.47 1513.05 3953
1329.73 1513.05 3953
1316.97 1506.16 3935
1310.26 1506.16 3935
1294.28 1495.44 3907
1287.61 1495.44 3907
1275.05 1488.55 3889
1268.42 1488.55 3889
1276.72 1506.16 3935
1270.01 1506.16 3935
1263.3 1506.16 3935
1256.59 1506.16 3935
1249.89 1506.16 3935
1243.18 1506.16 3935
1233.33 1502.33 3925
1209.76 1481.66 3871
1197.57 1474.77 3853
1191 1474.77 3853
1181.66 1471.33 3844
1172.36 1467.88 3835
1150.01 1447.98 3783
1143.56 1447.98 3783
1132 1441.47 3766
1122.89 1438.03 3757
1116.49 1438.03 3757
1110.08 1438.03 3757
1103.68 1438.03 3757
1097.28 1438.03 3757
1088.55 1434.96 3749
1082.16 1434.96 3749
1075.77 1434.96 3749
1069.37 1434.96 3749
1060.43 1431.52 3740
1054.06 1431.52 3740
1047.68 1431.52 3740
1039.08 1428.46 3732
1030.5 1425.4 3724
1024.15 1425.4 3724
1017.8 1425.4 3724
1006.84 1418.89 3707
998.36 1415.83 3699
992.054 1415.83 3699
983.616 1412.76 3691
977.324 1412.76 3691
971.032 1412.76 3691
964.739 1412.76 3691
958.447 1412.76 3691
952.155 1412.76 3691
945.863 1412.76 3691
939.57 1412.76 3691
931.255 1409.7 3683
924.977 1409.7 3683
918.698 1409.7 3683
912.42 1409.7 3683
906.141 1409.7 3683
897.908 1406.64 3675
891.643 1406.64 3675
885.378 1406.64 3675
877.199 1403.58 3667
870.948 1403.58 3667
870.356 1412.76 3691
865.937 1415.83 3699
859.631 1415.83 3699
853.325 1415.83 3699
848.851 1418.89 3707
842.531 1418.89 3707
836.212 1418.89 3707
829.892 1418.89 3707
821.796 1415.83 3699
815.49 1415.83 3699
809.184 1415.83 3699
802.878 1415.83 3699
798.295 1418.89 3707
793.898 1422.33 3716
787.563 1422.33 3716
781.229 1422.33 3716
774.894 1422.33 3716
768.559 1422.33 3716
762.224 1422.33 3716
755.889 1422.33 3716
749.554 1422.33 3716
743.219 1422.33 3716
735.1 1418.89 3707
728.78 1418.89 3707
720.902 1415.83 3699
714.596 1415.83 3699
706.758 1412.76 3691
700.466 1412.76 3691
694.174 1412.76 3691
687.882 1412.76 3691
680.112 1409.7 3683
673.833 1409.7 3683
666.105 1406.64 3675
659.84 1406.64 3675
652.152 1403.58 3667
645.901 1403.58 3667
639.65 1403.58 3667
633.398 1403.58 3667
624.24 1397.07 3650
616.663 1394.01 3642
610.454 1394.01 3642
604.245 1394.01 3642
598.037 1394.01 3642
591.828 1394.01 3642
585.619 1394.01 3642
579.41 1394.01 3642
570.841 1388.27 3627
564.658 1388.27 3627
558.475 1388.27 3627
552.292 1388.27 3627
546.108 1388.27 3627
538.734 1385.21 3619
531.388 1382.14 3611
525.232 1382.14 3611
519.076 1382.14 3611
512.92 1382.14 3611
505.642 1379.08 3603
499.499 1379.08 3603
493.357 1379.08 3603
485.187 1373.34 3588
478.002 1370.28 3580
471.899 1370.28 3580
464.755 1367.22 3572
456.74 1361.47 3557
449.662 1358.41 3549
442.737 1355.73 3542
436.699 1355.73 3542
430.661 1355.73 3542
424.622 1355.73 3542
418.584 1355.73 3542
412.546 1355.73 3542
402.261 1341.57 3505
390.52 1322.05 3454
382.293 1314.01 3433
376.441 1314.01 3433
370.588 1314.01 3433
364.736 1314.01 3433
-6.64205 171.859 449
-7.40748 171.859 449
-8.17291 171.859 449
-8.93835 171.859 449
-9.70378 171.859 449
-10.4226 171.093 447
-11.1846 171.093 447
-11.9466 171.093 447
-12.7086 171.093 447
-13.4104 170.328 445
-14.169 170.328 445
-19.2167 168.031 439
-19.965 168.031 439
-20.7134 168.031 439
-21.4618 168.031 439
-22.2102 168.031 439
-22.854 167.266 437
-23.4909 166.5 435
-24.1768 166.118 434
-24.9167 166.118 434
-25.6565 166.118 434
-26.1531 164.586 430
-26.8861 164.586 430
-27.3623 163.055 426
-28.0885 163.055 426
-28.7471 162.673 425
-29.3329 161.907 423
-29.9119 161.142 421
-30.5569 160.759 420
-31.2728 160.759 420
-31.9888 160.759 420
-32.627 160.376 419
-33.3413 160.376 419
-34.0555 160.376 419
-34.6868 159.993 418
-35.3147 159.611 417
-35.9392 159.228 416
-36.6484 159.228 416
-37.178 158.462 414
-37.8837 158.462 414
-38.4963 158.08 413
-39.2004 158.08 413
-39.9044 158.08 413
-40.5102 157.697 412
-41.1125 157.314 411
-41.8131 157.314 411
-42.5138 157.314 411
-43.1093 156.931 410
-43.5945 156.166 408
-44.1815 155.783 407
-44.8754 155.783 407
-45.5692 155.783 407
-46.1494 155.4 406
-46.8415 155.4 406
-47.5336 155.4 406
-48.2257 155.4 406
-48.9179 155.4 406
-49.61 155.4 406
-50.3021 155.4 406
-50.9942 155.4 406
-51.6864 155.4 406
-65.6071 150.807 394
-66.2788 150.807 394
-66.9505 150.807 394
-67.6221 150.807 394
-68.2938 150.807 394
-68.9655 150.807 394
-69.6371 150.807 394
-70.4873 151.19 395
-71.1606 151.19 395
-71.834 151.19 395
-72.8745 151.955 397
-73.5513 151.955 397
-74.2281 151.955 397
-74.9049 151.955 397
-75.5817 151.955 397
-76.4505 152.338 398
-77.5166 153.104 400
-78.1985 153.104 400
-78.8804 153.104 400
-79.5623 153.104 400
-80.2442 153.104 400
-80.9261 153.104 400
-81.608 153.104 400
-82.2899 153.104 400
-83.1792 153.486 401
-83.8628 153.486 401
-84.5464 153.486 401
-85.23 153.486 401
-85.9136 153.486 401
-86.5972 153.486 401
-87.4985 153.869 402
-88.1838 153.869 402
-88.8691 153.869 402
-89.7772 154.252 403
-90.4642 154.252 403
-91.1512 154.252 403
-91.8382 154.252 403
-92.5253 154.252 403
-93.2123 154.252 403
-93.8993 154.252 403
-103.129 162.29 424
-103.852 162.29 424
-104.821 162.673 425
-105.794 163.055 426
-106.521 163.055 426
-107.247 163.055 426
-108.226 163.438 427
-108.954 163.438 427
-109.682 163.438 427
-110.927 164.204 429
-111.659 164.204 429
-112.652 164.586 430
-113.385 164.586 430
-114.649 165.352 432
-115.652 165.735 433
-116.391 165.735 433
-117.129 165.735 433
-118.139 166.118 434
-118.879 166.118 434
-119.619 166.118 434
-120.636 166.5 435
-121.657 166.883 436
-122.961 167.649 438
-123.708 167.649 438
-124.739 168.031 439
-125.773 168.414 440
-126.523 168.414 440
-127.273 168.414 440
-128.314 168.797 441
-129.066 168.797 441
-129.818 168.797 441
-130.866 169.18 442
-131.917 169.562 443
-133.271 170.328 445
-134.03 170.328 445
-134.788 170.328 445
-135.852 170.711 446
-136.612 170.711 446
-137.372 170.711 446
-159.303 193.676 506
-160.482 194.059 507
-161.347 194.059 507
-162.531 194.442 508
-163.397 194.442 508
-164.586 194.824 509
-165.454 194.824 509
-166.322 194.824 509
-166.861 194.442 508
-167.727 194.442 508
-168.261 194.059 507
-168.792 193.676 506
-889.095 884.557 2311
-893.035 884.557 2311
-896.975 884.557 2311
-900.914 884.557 2311
-904.854 884.557 2311
-907.221 883.026 2307
-909.969 881.877 2304
-906.36 874.605 2285
-910.255 874.605 2285
-912.951 873.456 2282
-912.02 868.863 2270
-912.258 865.419 2261
-916.112 865.419 2261
-914.677 860.443 2248
-917.284 859.294 2245
-921.111 859.294 2245
-924.938 859.294 2245
-928.765 859.294 2245
-931.346 858.146 2242
-933.917 856.998 2239
-937.734 856.998 2239
-941.551 856.998 2239
-937.768 850.108 2221
-938.163 847.046 2213
-941.935 847.046 2213
-943.144 844.75 2207
-939.183 837.86 2189
-940.761 835.946 2184
-944.484 835.946 2184
-946.905 834.798 2181
-949.315 833.65 2178
-950.403 831.353 2172
-954.106 831.353 2172
-957.808 831.353 2172
-960.183 830.205 2169
-962.992 829.439 2167
-966.686 829.439 2167
-969.037 828.291 2164
-971.377 827.143 2161
-971.452 824.081 2153
-975.122 824.081 2153
-974.701 820.636 2144
-977.443 819.87 2142
-981.095 819.87 2142
-984.746 819.87 2142
-987.013 818.722 2139
-989.271 817.574 2136
-992.912 817.574 2136
-996.553 817.574 2136
-1000.19 817.574 2136
-1003.84 817.574 2136
-1006.06 816.425 2133
-1009.7 816.425 2133
-1012.38 815.66 2131
-1016.02 815.66 2131
-1016.78 813.363 2125
-1020.4 813.363 2125
-1022.58 812.215 2122
-1025.23 811.45 2120
-1028.84 811.45 2120
-1032.46 811.45 2120
-1033.14 809.153 2114
-1034.29 807.239 2109
-1037.89 807.239 2109
-1041.48 807.239 2109
-1045.08 807.239 2109
-1046.19 805.325 2104
-1048.28 804.177 2101
-1051.86 804.177 2101
-1055.44 804.177 2101
-1054.99 801.115 2093
-1057.54 800.349 2091
-1061.11 800.349 2091
-1058.05 795.374 2078
-1060.06 794.225 2075
-1061.04 792.312 2070
-1064.57 792.312 2070
1521.36 1550.51 4069
1514.42 1550.51 4069
1507.48 1550.51 4069
1500.55 1550.51 4069
1493.61 1550.51 4069
1486.67 1550.51 4069
1472.46 1542.88 4049
1465.56 1542.88 4049
1458.66 1542.88 4049
1451.76 1542.88 4049
1444.85 1542.88 4049
1434.4 1539.07 4039
1420.8 1531.83 4020
1413.95 1531.83 4020
1387.14 1510.11 3963
1380.39 1510.11 3963
1380.22 1517.35 3982
1373.43 1517.35 3982
1366.64 1517.35 3982
1359.85 1517.35 3982
1349.66 1513.54 3972
1336.47 1506.3 3953
1329.73 1506.3 3953
1319.98 1502.87 3944
1313.26 1502.87 3944
1297.26 1492.2 3916
1290.58 1492.2 3916
1280.95 1488.77 3907
1280.16 1495.63 3925
1279.64 1502.87 3944
1272.91 1502.87 3944
1266.19 1502.87 3944
1259.47 1502.87 3944
1252.74 1502.87 3944
1246.02 1502.87 3944
1236.47 1499.44 3935
1223.82 1492.2 3916
1203.16 1475.06 3871
1196.56 1475.06 3871
1184.43 1468.2 3853
1172.36 1461.34 3835
1155.18 1448 3800
1148.7 1448 3800
1137.11 1441.52 3783
1127.98 1438.09 3774
1121.54 1438.09 3774
1115.11 1438.09 3774
1108.67 1438.09 3774
1102.24 1438.09 3774
1090.87 1431.62 3757
1084.47 1431.62 3757
1075.77 1428.57 3749
1069.37 1428.57 3749
1062.98 1428.57 3749
1056.59 1428.57 3749
1045.44 1422.09 3732
1036.85 1419.04 3724
1030.5 1419.04 3724
1024.15 1419.04 3724
1017.8 1419.04 3724
1006.84 1412.56 3707
998.36 1409.52 3699
992.054 1409.52 3699
983.616 1406.47 3691
977.324 1406.47 3691
971.032 1406.47 3691
964.739 1406.47 3691
958.447 1406.47 3691
952.155 1406.47 3691
945.863 1406.47 3691
939.57 1406.47 3691
931.255 1403.42 3683
924.977 1403.42 3683
918.698 1403.42 3683
912.42 1403.42 3683
906.141 1403.42 3683
897.908 1400.37 3675
891.643 1400.37 3675
885.378 1400.37 3675
877.199 1397.32 3667
870.948 1397.32 3667
870.356 1406.47 3691
867.809 1412.56 3707
861.49 1412.56 3707
855.17 1412.56 3707
850.912 1415.99 3716
844.577 1415.99 3716
838.242 1415.99 3716
831.907 1415.99 3716
825.572 1415.99 3716
819.238 1415.99 3716
812.903 1415.99 3716
806.568 1415.99 3716
800.233 1415.99 3716
797.316 1422.09 3732
790.954 1422.09 3732
784.592 1422.09 3732
778.23 1422.09 3732
773.523 1425.14 3740
767.147 1425.14 3740
760.771 1425.14 3740
754.395 1425.14 3740
748.02 1425.14 3740
741.644 1425.14 3740
732.122 1419.04 3724
724.215 1415.99 3716
717.88 1415.99 3716
709.822 1412.56 3707
703.502 1412.56 3707
697.183 1412.56 3707
690.863 1412.56 3707
684.544 1412.56 3707
676.761 1409.52 3699
667.555 1403.42 3683
661.276 1403.42 3683
654.998 1403.42 3683
647.31 1400.37 3675
641.045 1400.37 3675
634.78 1400.37 3675
627.147 1397.32 3667
619.372 1393.89 3658
613.136 1393.89 3658
606.9 1393.89 3658
600.664 1393.89 3658
594.428 1393.89 3658
588.192 1393.89 3658
581.956 1393.89 3658
573.202 1387.8 3642
568.239 1390.84 3650
562.016 1390.84 3650
555.794 1390.84 3650
549.572 1390.84 3650
539.925 1382.08 3627
533.742 1382.08 3627
527.559 1382.08 3627
521.376 1382.08 3627
515.193 1382.08 3627
507.887 1379.03 3619
501.718 1379.03 3619
494.453 1375.98 3611
487.215 1372.93 3603
479.07 1367.22 3588
472.953 1367.22 3588
465.796 1364.17 3580
458.666 1361.12 3572
449.662 1352.36 3549
442.737 1349.69 3542
436.699 1349.69 3542
430.661 1349.69 3542
424.622 1349.69 3542
418.584 1349.69 3542
412.546 1349.69 3542
402.261 1335.59 3505
390.52 1316.16 3454
382.293 1308.16 3433
376.441 1308.16 3433
370.588 1308.16 3433
364.736 1308.16 3433
-8.13651 170.331 447
-8.89853 170.331 447
-9.66055 170.331 447
-10.4226 170.331 447
-11.1846 170.331 447
-11.9199 169.95 446
-12.6802 169.95 446
-13.3803 169.188 444
-14.1372 169.188 444
-14.8605 168.807 443
-15.6157 168.807 443
-18.4683 167.282 439
-19.2167 167.282 439
-19.965 167.282 439
-20.7134 167.282 439
-21.4618 167.282 439
-22.2102 167.282 439
-22.9063 166.901 438
-23.545 166.139 436
-24.2325 165.758 435
-24.9741 165.758 435
-25.6565 165.377 434
-26.3964 165.377 434
-26.8861 163.853 430
-27.3623 162.329 426
-28.0885 162.329 426
-28.7471 161.948 425
-29.3329 161.185 423
-29.9119 160.423 421
-30.5569 160.042 420
-31.2728 160.042 420
-31.9888 160.042 420
-32.627 159.661 419
-33.3413 159.661 419
-34.0555 159.661 419
-34.6868 159.28 418
-35.3147 158.899 417
-35.9392 158.518 416
-36.6484 158.518 416
-37.178 157.756 414
-37.8837 157.756 414
-38.4963 157.375 413
-39.2004 157.375 413
-39.9044 157.375 413
-40.5102 156.994 412
-41.1125 156.613 411
-41.7114 156.232 410
-42.4103 156.232 410
-43.1093 156.232 410
-43.5945 155.47 408
-44.1815 155.089 407
-44.8754 155.089 407
-45.5692 155.089 407
-46.1494 154.708 406
-46.8415 154.708 406
-47.5336 154.708 406
-48.2257 154.708 406
-48.9179 154.708 406
-49.61 154.708 406
-50.3021 154.708 406
-50.9942 154.708 406
-51.6864 154.708 406
-66.1106 149.754 393
-66.7805 149.754 393
-67.4505 149.754 393
-68.2938 150.135 394
-69.1405 150.516 395
-69.8139 150.516 395
-70.4873 150.516 395
-71.1606 150.516 395
-71.834 150.516 395
-73.0581 151.659 398
-73.7366 151.659 398
-74.4151 151.659 398
-75.0935 151.659 398
-75.772 151.659 398
-76.4505 151.659 398
-77.5166 152.421 400
-78.1985 152.421 400
-78.8804 152.421 400
-79.5623 152.421 400
-80.2442 152.421 400
-80.9261 152.421 400
-81.608 152.421 400
-82.2899 152.421 400
-83.1792 152.802 401
-83.8628 152.802 401
-84.5464 152.802 401
-85.23 152.802 401
-85.9136 152.802 401
-86.8132 153.183 402
-87.4985 153.183 402
-88.1838 153.183 402
-88.8691 153.183 402
-89.7772 153.564 403
-90.4642 153.564 403
-91.3774 153.945 404
-92.0661 153.945 404
-92.7548 153.945 404
-93.2123 153.564 403
-93.8993 153.564 403
-103.129 161.567 424
-103.852 161.567 424
-104.821 161.948 425
-105.794 162.329 426
-106.521 162.329 426
-107.247 162.329 426
-107.973 162.329 426
-108.954 162.71 427
-109.682 162.71 427
-110.669 163.091 428
-111.659 163.472 429
-112.652 163.853 430
-113.385 163.853 430
-114.649 164.615 432
-115.652 164.996 433
-116.391 164.996 433
-117.129 164.996 433
-118.139 165.377 434
-119.153 165.758 435
-119.894 165.758 435
-120.913 166.139 436
-121.936 166.52 437
-122.961 166.901 438
-123.708 166.901 438
-124.739 167.282 439
-125.773 167.663 440
-126.523 167.663 440
-127.273 167.663 440
-128.314 168.044 441
-129.066 168.044 441
-129.818 168.044 441
-130.866 168.425 442
-131.917 168.807 443
-133.271 169.569 445
-134.03 169.569 445
-134.788 169.569 445
-135.852 169.95 446
-136.612 169.95 446
-137.372 169.95 446
-159.067 193.575 508
-159.933 193.575 508
-160.799 193.575 508
-161.665 193.575 508
-162.851 193.956 509
-163.719 193.956 509
-164.91 194.337 510
-165.779 194.337 510
-166.649 194.337 510
-167.518 194.337 510
-168.387 194.337 510
-168.593 193.575 508
-169.459 193.575 508
-889.095 880.614 2311
-893.035 880.614 2311
-896.975 880.614 2311
-900.914 880.614 2311
-904.854 880.614 2311
-906.041 877.946 2304
-909.969 877.946 2304
-906.36 870.706 2285
-910.255 870.706 2285
-912.951 869.563 2282
-912.02 864.991 2270
-912.258 861.561 2261
-916.112 861.561 2261
-914.677 856.607 2248
-917.284 855.464 2245
-921.111 855.464 2245
-924.938 855.464 2245
-928.765 855.464 2245
-931.346 854.321 2242
-933.917 853.178 2239
-937.734 853.178 2239
-940.289 852.035 2236
-936.501 845.176 2218
-938.163 843.271 2213
-941.935 843.271 2213
-940.58 838.698 2201
-937.038 832.22 2184
-939.469 831.077 2181
-943.187 831.077 2181
-945.602 829.934 2178
-946.7 827.647 2172
-949.09 826.504 2169
-952.788 826.504 2169
-956.485 826.504 2169
-960.183 826.504 2169
-962.992 825.742 2167
-966.686 825.742 2167
-969.037 824.599 2164
-971.377 823.456 2161
-971.452 820.407 2153
-975.122 820.407 2153
-974.701 816.978 2144
-977.443 816.216 2142
-981.095 816.216 2142
-984.746 816.216 2142
-988.398 816.216 2142
-990.66 815.073 2139
-992.912 813.929 2136
-996.553 813.929 2136
-1000.19 813.929 2136
-1003.84 813.929 2136
-1007.48 813.929 2136
-1011.12 813.929 2136
-1012.38 812.024 2131
-1016.02 812.024 2131
-1016.78 809.738 2125
-1020.4 809.738 2125
-1022.58 808.595 2122
-1025.23 807.833 2120
-1027.39 806.689 2117
-1031 806.689 2117
-1030.7 803.641 2109
-1034.29 803.641 2109
-1037.89 803.641 2109
-1041.48 803.641 2109
-1042.6 801.736 2104
-1044.69 800.593 2101
-1048.28 800.593 2101
-1051.86 800.593 2101
-1052.93 798.687 2096
-1054.99 797.544 2093
-1056.03 795.639 2088
-1059.59 795.639 2088
-1058.05 791.828 2078
-1058.53 789.542 2072
-1061.04 788.78 2070
-1064.57 788.78 2070
1514.42 1543.56 4069
1507.48 1543.56 4069
1500.55 1543.56 4069
1493.61 1543.56 4069
1486.67 1543.56 4069
1472.46 1535.98 4049
1465.56 1535.98 4049
1458.66 1535.98 4049
1451.76 1535.98 4049
1444.85 1535.98 4049
1434.4 1532.18 4039
1420.8 1524.97 4020
1413.95 1524.97 4020
1387.14 1503.35 3963
1380.39 1503.35 3963
1380.22 1510.56 3982
1373.43 1510.56 3982
1366.64 1510.56 3982
1359.85 1510.56 3982
1349.66 1506.77 3972
1336.47 1499.56 3953
1329.73 1499.56 3953
1319.98 1496.14 3944
1313.26 1496.14 3944
1306.53 1496.14 3944
1299.81 1496.14 3944
1293.09 1496.14 3944
1292.56 1503.35 3963
1288.72 1506.77 3972
1285.18 1510.56 3982
1278.39 1510.56 3982
1274.48 1513.97 3991
1267.67 1513.97 3991
1260.87 1513.97 3991
1245.27 1503.35 3963
1229.76 1492.73 3935
1217.15 1485.52 3916
1210.47 1485.52 3916
1195.5 1475.28 3889
1177.86 1461.62 3853
1163.08 1451.38 3826
1156.56 1451.38 3826
1142.22 1441.52 3800
1133.36 1438.48 3792
1124.22 1435.07 3783
1117.77 1435.07 3783
1111.32 1435.07 3783
1102.24 1431.66 3774
1095.81 1431.66 3774
1089.37 1431.66 3774
1080.64 1428.62 3766
1071.66 1425.21 3757
1062.98 1422.17 3749
1056.59 1422.17 3749
1050.2 1422.17 3749
1039.08 1415.72 3732
1030.5 1412.69 3724
1024.15 1412.69 3724
1015.62 1409.65 3716
1009.28 1409.65 3716
998.36 1403.2 3699
992.054 1403.2 3699
985.748 1403.2 3699
975.206 1397.14 3683
968.927 1397.14 3683
962.648 1397.14 3683
956.37 1397.14 3683
950.091 1397.14 3683
943.813 1397.14 3683
937.534 1397.14 3683
931.255 1397.14 3683
924.977 1397.14 3683
918.698 1397.14 3683
912.42 1397.14 3683
906.141 1397.14 3683
899.862 1397.14 3683
891.643 1394.1 3675
885.378 1394.1 3675
879.113 1394.1 3675
874.748 1397.14 3683
870.356 1400.17 3691
867.809 1406.24 3707
861.49 1406.24 3707
855.17 1406.24 3707
850.912 1409.65 3716
844.577 1409.65 3716
838.242 1409.65 3716
831.907 1409.65 3716
825.572 1409.65 3716
819.238 1409.65 3716
812.903 1409.65 3716
806.568 1409.65 3716
800.233 1409.65 3716
797.316 1415.72 3732
790.954 1415.72 3732
784.592 1415.72 3732
778.23 1415.72 3732
773.523 1418.76 3740
767.147 1418.76 3740
760.771 1418.76 3740
754.395 1418.76 3740
748.02 1418.76 3740
741.644 1418.76 3740
732.122 1412.69 3724
724.215 1409.65 3716
719.426 1412.69 3724
713.077 1412.69 3724
706.729 1412.69 3724
700.38 1412.69 3724
694.032 1412.69 3724
687.683 1412.69 3724
679.871 1409.65 3716
670.455 1403.2 3699
664.149 1403.2 3699
656.42 1400.17 3691
648.719 1397.14 3683
642.44 1397.14 3683
636.162 1397.14 3683
628.515 1394.1 3675
620.896 1391.07 3667
614.644 1391.07 3667
608.393 1391.07 3667
602.142 1391.07 3667
595.89 1391.07 3667
588.192 1387.65 3658
581.956 1387.65 3658
575.72 1387.65 3658
569.484 1387.65 3658
563.248 1387.65 3658
557.012 1387.65 3658
550.776 1387.65 3658
543.349 1384.62 3650
534.92 1378.93 3635
528.723 1378.93 3635
522.526 1378.93 3635
516.329 1378.93 3635
509.01 1375.89 3627
502.827 1375.89 3627
496.644 1375.89 3627
487.215 1366.79 3603
480.005 1363.75 3595
473.876 1363.75 3595
465.796 1358.06 3580
458.666 1355.03 3572
449.662 1346.3 3549
443.612 1346.3 3549
436.699 1343.65 3542
430.661 1343.65 3542
424.622 1343.65 3542
418.584 1343.65 3542
412.546 1343.65 3542
400.54 1323.92 3490
390.52 1310.26 3454
382.293 1302.3 3433
376.441 1302.3 3433
370.588 1302.3 3433
364.736 1302.3 3433
-11.1346 168.809 445
-11.8932 168.809 445
-12.6518 168.809 445
-13.3803 168.43 444
-14.1372 168.43 444
-14.8605 168.051 443
-15.6157 168.051 443
-16.297 167.292 441
-17.0102 166.913 440
-17.7199 166.533 439
-18.4683 166.533 439
-19.2167 166.533 439
-19.965 166.533 439
-20.7134 166.533 439
-21.4618 166.533 439
-22.2102 166.533 439
-22.9063 166.154 438
-23.545 165.395 436
-24.2882 165.395 436
-25.0315 165.395 436
-25.6565 164.637 434
-26.3964 164.637 434
-26.8861 163.119 430
-27.8247 160.084 422
-28.5441 160.084 422
-29.2636 160.084 422
-29.9119 159.705 421
-30.5569 159.326 420
-31.2728 159.326 420
-31.9888 159.326 420
-32.627 158.946 419
-33.3413 158.946 419
-34.0555 158.946 419
-34.6868 158.567 418
-35.3147 158.188 417
-35.9392 157.808 416
-36.6484 157.808 416
-37.178 157.05 414
-37.8837 157.05 414
-38.4963 156.67 413
-39.2004 156.67 413
-39.9044 156.67 413
-40.5102 156.291 412
-41.1125 155.912 411
-41.7114 155.532 410
-42.4103 155.532 410
-43.0041 155.153 409
-43.5945 154.774 408
-44.1815 154.394 407
-44.8754 154.394 407
-45.5692 154.394 407
-46.1494 154.015 406
-46.8415 154.015 406
-47.5336 154.015 406
-48.2257 154.015 406
-48.9179 154.015 406
-49.61 154.015 406
-50.3021 154.015 406
-50.8686 153.636 405
-51.5591 153.636 405
-66.1106 149.083 393
-66.7805 149.083 393
-67.4505 149.083 393
-68.4671 149.842 395
-69.1405 149.842 395
-69.8139 149.842 395
-70.6657 150.221 396
-71.521 150.601 397
-72.1977 150.601 397
-73.0581 150.98 398
-73.7366 150.98 398
-74.4151 150.98 398
-75.0935 150.98 398
-75.772 150.98 398
-76.6426 151.359 399
-77.5166 151.739 400
-78.1985 151.739 400
-78.8804 151.739 400
-79.5623 151.739 400
-80.2442 151.739 400
-80.9261 151.739 400
-81.608 151.739 400
-82.4956 152.118 401
-83.1792 152.118 401
-83.8628 152.118 401
-84.5464 152.118 401
-85.23 152.118 401
-85.9136 152.118 401
-86.8132 152.497 402
-87.4985 152.497 402
-88.4032 152.877 403
-89.0902 152.877 403
-89.7772 152.877 403
-90.6887 153.256 404
-91.3774 153.256 404
-92.0661 153.256 404
-92.7548 153.256 404
-102.165 160.464 423
-103.129 160.843 424
-103.852 160.843 424
-104.575 160.843 424
-105.546 161.222 425
-106.27 161.222 425
-107.247 161.602 426
-107.973 161.602 426
-108.954 161.981 427
-109.682 161.981 427
-110.669 162.361 428
-111.659 162.74 429
-112.652 163.119 430
-113.385 163.119 430
-114.649 163.878 432
-115.652 164.257 433
-116.391 164.257 433
-117.399 164.637 434
-118.139 164.637 434
-119.153 165.016 435
-119.894 165.016 435
-120.913 165.395 436
-121.936 165.775 437
-122.961 166.154 438
-123.708 166.154 438
-124.739 166.533 439
-125.773 166.913 440
-126.523 166.913 440
-127.273 166.913 440
-128.023 166.913 440
-129.066 167.292 441
-129.818 167.292 441
-130.866 167.671 442
-131.917 168.051 443
-133.271 168.809 445
-134.03 168.809 445
-134.788 168.809 445
-135.547 168.809 445
-136.306 168.809 445
-137.064 168.809 445
-159.067 192.708 508
-160.248 193.088 509
-161.115 193.088 509
-161.983 193.088 509
-162.851 193.088 509
-164.04 193.467 510
-164.91 193.467 510
-165.779 193.467 510
-166.975 193.846 511
-167.846 193.846 511
-168.718 193.846 511
-169.257 193.467 510
-169.459 192.708 508
-883.624 875.154 2307
-887.557 875.154 2307
-891.489 875.154 2307
-895.422 875.154 2307
-898.186 874.015 2304
-902.113 874.015 2304
-906.041 874.015 2304
-906.414 870.601 2295
-906.36 866.808 2285
-910.255 866.808 2285
-910.55 863.394 2276
-912.02 861.118 2270
-912.258 857.704 2261
-916.112 857.704 2261
-914.677 852.772 2248
-917.284 851.634 2245
-921.111 851.634 2245
-924.938 851.634 2245
-928.765 851.634 2245
-930.1 849.358 2239
-932.666 848.22 2236
-936.477 848.22 2236
-940.289 848.22 2236
-934.39 839.495 2213
-935.619 837.219 2207
-939.381 837.219 2207
-939.298 833.805 2198
-937.038 828.494 2184
-939.469 827.356 2181
-943.187 827.356 2181
-945.602 826.218 2178
-945.393 822.804 2169
-948.215 822.045 2167
-951.909 822.045 2167
-955.604 822.045 2167
-959.298 822.045 2167
-961.659 820.907 2164
-965.348 820.907 2164
-969.037 820.907 2164
-971.377 819.769 2161
-971.452 816.734 2153
-975.122 816.734 2153
-974.701 813.32 2144
-977.443 812.561 2142
-981.095 812.561 2142
-984.746 812.561 2142
-988.398 812.561 2142
-990.66 811.423 2139
-992.912 810.285 2136
-996.553 810.285 2136
-1000.19 810.285 2136
-1003.84 810.285 2136
-1007.48 810.285 2136
-1011.12 810.285 2136
-1012.38 808.388 2131
-1014.59 807.25 2128
-1016.78 806.112 2125
-1020.4 806.112 2125
-1021.62 804.216 2120
-1025.23 804.216 2120
-1027.39 803.078 2117
-1031 803.078 2117
-1032.16 801.181 2112
-1035.76 801.181 2112
-1037.89 800.043 2109
-1041.48 800.043 2109
-1042.6 798.146 2104
-1044.69 797.008 2101
-1048.28 797.008 2101
-1051.86 797.008 2101
-1052.93 795.111 2096
-1054.99 793.973 2093
-1056.03 792.077 2088
-1059.59 792.077 2088
-1058.05 788.283 2078
-1058.53 786.007 2072
-1061.04 785.248 2070
-1064.57 785.248 2070
1493.17 1529.07 4049
1486.27 1529.07 4049
1479.37 1529.07 4049
1472.46 1529.07 4049
1465.56 1529.07 4049
1455.06 1525.29 4039
1448.17 1525.29 4039
1427.72 1510.94 4001
1420.9 1510.94 4001
1410.55 1507.16 3991
1403.75 1507.16 3991
1387.14 1496.59 3963
1380.39 1496.59 3963
1380.22 1503.77 3982
1373.43 1503.77 3982
1366.64 1503.77 3982
1356.44 1499.99 3972
1349.66 1499.99 3972
1333.43 1489.42 3944
1326.7 1489.42 3944
1319.98 1489.42 3944
1313.26 1489.42 3944
1306.53 1489.42 3944
1299.81 1489.42 3944
1293.09 1489.42 3944
1292.56 1496.59 3963
1288.72 1499.99 3972
1285.18 1503.77 3982
1278.39 1503.77 3982
1286.93 1521.89 4030
1280.06 1521.89 4030
1273.19 1521.89 4030
1260.04 1514.34 4010
1238.51 1496.59 3963
1223.05 1486.02 3935
1216.34 1486.02 3935
1203.8 1478.84 3916
1186.11 1465.25 3880
1165.82 1448.25 3835
1159.28 1448.25 3835
1144.93 1438.43 3809
1138.44 1438.43 3809
1131.94 1438.43 3809
1125.45 1438.43 3809
1118.96 1438.43 3809
1112.46 1438.43 3809
1103.36 1435.04 3800
1096.88 1435.04 3800
1088.1 1432.01 3792
1081.64 1432.01 3792
1072.62 1428.62 3783
1066.17 1428.62 3783
1052.44 1418.8 3757
1043.81 1415.78 3749
1037.42 1415.78 3749
1031.03 1415.78 3749
1019.99 1409.36 3732
1013.63 1409.36 3732
1005.11 1406.33 3724
998.759 1406.33 3724
987.88 1399.91 3707
981.56 1399.91 3707
977.609 1403.31 3716
971.274 1403.31 3716
964.939 1403.31 3716
958.604 1403.31 3716
952.269 1403.31 3716
945.934 1403.31 3716
939.6 1403.31 3716
933.265 1403.31 3716
924.685 1399.91 3707
918.365 1399.91 3707
908.109 1393.87 3691
901.817 1393.87 3691
895.525 1393.87 3691
889.233 1393.87 3691
882.94 1393.87 3691
876.648 1393.87 3691
872.242 1396.89 3699
867.809 1399.91 3707
861.49 1399.91 3707
859.092 1406.33 3724
852.744 1406.33 3724
846.395 1406.33 3724
840.047 1406.33 3724
833.698 1406.33 3724
827.35 1406.33 3724
821.001 1406.33 3724
814.653 1406.33 3724
808.304 1406.33 3724
803.679 1409.36 3732
799.026 1412.38 3740
792.65 1412.38 3740
786.274 1412.38 3740
779.898 1412.38 3740
775.384 1415.78 3749
768.993 1415.78 3749
766.06 1422.2 3766
759.64 1422.2 3766
753.22 1422.2 3766
743.429 1415.78 3749
737.037 1415.78 3749
727.333 1409.36 3732
720.971 1409.36 3732
713.077 1406.33 3724
706.729 1406.33 3724
700.38 1406.33 3724
694.032 1406.33 3724
687.683 1406.33 3724
679.871 1403.31 3716
670.455 1396.89 3699
664.149 1396.89 3699
656.42 1393.87 3691
648.719 1390.85 3683
642.44 1390.85 3683
636.162 1390.85 3683
628.515 1387.83 3675
620.896 1384.81 3667
614.644 1384.81 3667
608.393 1384.81 3667
602.142 1384.81 3667
595.89 1384.81 3667
588.192 1381.41 3658
581.956 1381.41 3658
575.72 1381.41 3658
569.484 1381.41 3658
563.248 1381.41 3658
557.012 1381.41 3658
550.776 1381.41 3658
543.349 1378.39 3650
535.95 1375.37 3642
529.741 1375.37 3642
523.532 1375.37 3642
517.324 1375.37 3642
511.115 1375.37 3642
504.906 1375.37 3642
497.739 1372.72 3635
490.46 1369.7 3627
481.073 1360.64 3603
474.931 1360.64 3603
466.837 1354.98 3588
459.693 1351.95 3580
451.689 1346.29 3565
445.612 1346.29 3565
437.562 1340.25 3549
430.661 1337.6 3542
424.622 1337.6 3542
418.584 1337.6 3542
412.546 1337.6 3542
401.343 1320.61 3497
391.311 1307.02 3461
383.852 1301.73 3447
377.976 1301.73 3447
370.588 1296.44 3433
360.274 1280.58 3391
-11.1346 168.05 445
-11.8932 168.05 445
-12.6518 168.05 445
-13.3803 167.673 444
-14.1372 167.673 444
-14.8605 167.295 443
-15.6157 167.295 443
-16.297 166.54 441
-17.0102 166.162 440
-17.7199 165.784 439
-18.4683 165.784 439
-19.2167 165.784 439
-19.965 165.784 439
-20.7134 165.784 439
-21.4618 165.784 439
-22.2102 165.784 439
-22.9063 165.407 438
-23.545 164.651 436
-24.2882 164.651 436
-25.0315 164.651 436
-25.6565 163.896 434
-26.3964 163.896 434
-28.4089 158.609 420
-29.1249 158.609 420
-29.8409 158.609 420
-30.5569 158.609 420
-31.2728 158.609 420
-31.9888 158.609 420
-32.627 158.232 419
-33.2617 157.854 418
-33.9743 157.854 418
-34.6039 157.476 417
-35.2301 157.099 416
-35.8528 156.721 415
-36.5603 156.721 415
-37.178 156.343 414
-37.8837 156.343 414
-38.4963 155.966 413
-39.2004 155.966 413
-39.9044 155.966 413
-40.5102 155.588 412
-41.1125 155.21 411
-41.7114 154.833 410
-42.4103 154.833 410
-43.0041 154.455 409
-43.5945 154.077 408
-44.1815 153.7 407
-44.8754 153.7 407
-45.5692 153.7 407
-46.1494 153.322 406
-46.8415 153.322 406
-47.5336 153.322 406
-48.2257 153.322 406
-48.9179 153.322 406
-49.4878 152.945 405
-50.1782 152.945 405
-50.8686 152.945 405
-51.5591 152.945 405
-67.4505 148.413 393
-68.4671 149.168 395
-69.1405 149.168 395
-69.8139 149.168 395
-70.6657 149.546 396
-71.521 149.923 397
-72.1977 149.923 397
-73.0581 150.301 398
-73.7366 150.301 398
-74.4151 150.301 398
-75.0935 150.301 398
-75.772 150.301 398
-76.6426 150.679 399
-77.5166 151.056 400
-78.1985 151.056 400
-78.8804 151.056 400
-79.5623 151.056 400
-80.2442 151.056 400
-80.9261 151.056 400
-81.608 151.056 400
-82.4956 151.434 401
-83.1792 151.434 401
-83.8628 151.434 401
-84.5464 151.434 401
-85.4426 151.812 402
-86.1279 151.812 402
-86.8132 151.812 402
-87.7162 152.189 403
-88.4032 152.189 403
-89.0902 152.189 403
-90 152.567 404
-90.6887 152.567 404
-91.6036 152.945 405
-92.294 152.945 405
-92.9844 152.945 405
-102.165 159.742 423
-102.886 159.742 423
-103.607 159.742 423
-104.575 160.12 424
-105.546 160.497 425
-106.27 160.497 425
-107.247 160.875 426
-107.973 160.875 426
-108.954 161.253 427
-109.682 161.253 427
-110.669 161.63 428
-111.659 162.008 429
-112.914 162.763 431
-113.649 162.763 431
-114.649 163.141 432
-115.652 163.519 433
-116.391 163.519 433
-117.399 163.896 434
-118.411 164.274 435
-119.427 164.651 436
-120.17 164.651 436
-121.191 165.029 437
-122.215 165.407 438
-123.242 165.784 439
-123.99 165.784 439
-124.739 165.784 439
-125.773 166.162 440
-126.523 166.162 440
-127.273 166.162 440
-128.023 166.162 440
-129.066 166.54 441
-129.818 166.54 441
-130.866 166.917 442
-131.917 167.295 443
-132.972 167.673 444
-133.729 167.673 444
-134.788 168.05 445
-135.547 168.05 445
-136.306 168.05 445
-159.693 192.597 510
-160.563 192.597 510
-161.432 192.597 510
-161.983 192.219 509
-162.851 192.219 509
-164.04 192.597 510
-164.91 192.597 510
-165.779 192.597 510
-166.975 192.975 511
-167.846 192.975 511
-168.718 192.975 511
-169.257 192.597 510
-169.459 191.842 508
-886.305 873.861 2314
-890.25 873.861 2314
-894.194 873.861 2314
-895.422 871.218 2307
-898.186 870.085 2304
-902.113 870.085 2304
-906.041 870.085 2304
-906.414 866.686 2295
-906.36 862.909 2285
-910.255 862.909 2285
-910.55 859.511 2276
-909.609 854.979 2264
-910.644 852.336 2257
-914.492 852.336 2257
-913.457 847.804 2245
-917.284 847.804 2245
-921.111 847.804 2245
-924.938 847.804 2245
-925.042 844.405 2236
-928.854 844.405 2236
-931.414 843.272 2233
-935.221 843.272 2233
-933.981 838.74 2221
-933.123 834.586 2210
-933.075 831.188 2201
-936.828 831.188 2201
-939.298 830.055 2198
-937.038 824.768 2184
-938.177 822.502 2178
-941.89 822.502 2178
-944.3 821.369 2175
-945.393 819.103 2169
-949.09 819.103 2169
-952.788 819.103 2169
-955.604 818.348 2167
-959.298 818.348 2167
-961.659 817.215 2164
-965.348 817.215 2164
-969.037 817.215 2164
-971.377 816.082 2161
-970.098 811.928 2150
-973.763 811.928 2150
-974.701 809.662 2144
-977.443 808.907 2142
-981.095 808.907 2142
-984.746 808.907 2142
-988.398 808.907 2142
-990.66 807.774 2139
-992.912 806.641 2136
-996.553 806.641 2136
-1000.19 806.641 2136
-1003.84 806.641 2136
-1007.48 806.641 2136
-1011.12 806.641 2136
-1012.38 804.753 2131
-1014.59 803.62 2128
-1016.78 802.487 2125
-1020.4 802.487 2125
-1021.62 800.599 2120
-1025.23 800.599 2120
-1027.39 799.466 2117
-1031 799.466 2117
-1032.16 797.578 2112
-1035.76 797.578 2112
-1037.89 796.445 2109
-1041.48 796.445 2109
-1042.6 794.556 2104
-1044.69 793.424 2101
-1046.78 792.291 2098
-1050.36 792.291 2098
-1051.42 790.402 2093
-1053.98 789.647 2091
-1054.51 787.381 2085
-1058.06 787.381 2085
-1056.53 783.605 2075
-1057.51 781.717 2070
-1055.91 777.94 2060
-1059.43 777.94 2060
1507.92 1537.2 4089
1500.95 1537.2 4089
1493.98 1537.2 4089
1487.01 1537.2 4089
1480.04 1537.2 4089
1462.26 1525.92 4059
1455.34 1525.92 4059
1438.07 1515.02 4030
1431.2 1515.02 4030
1410.55 1500.36 3991
1403.75 1500.36 3991
1390.29 1493.21 3972
1387 1496.97 3982
1383.33 1500.36 3991
1376.53 1500.36 3991
1369.73 1500.36 3991
1359.85 1496.97 3982
1353.06 1496.97 3982
1346.27 1496.97 3982
1336.12 1493.21 3972
1326.34 1489.83 3963
1319.58 1489.83 3963
1312.83 1489.83 3963
1309.04 1493.21 3972
1302.27 1493.21 3972
1304.95 1504.12 4001
1304.3 1511.26 4020
1297.44 1511.26 4020
1290.59 1511.26 4020
1286.93 1515.02 4030
1280.06 1515.02 4030
1273.19 1515.02 4030
1260.04 1507.5 4010
1238.51 1489.83 3963
1223.05 1479.3 3935
1216.34 1479.3 3935
1203.8 1472.16 3916
1186.11 1458.63 3880
1165.82 1441.71 3835
1159.28 1441.71 3835
1144.93 1431.94 3809
1138.44 1431.94 3809
1131.94 1431.94 3809
1125.45 1431.94 3809
1118.96 1431.94 3809
1112.46 1431.94 3809
1103.36 1428.55 3800
1096.88 1428.55 3800
1088.1 1425.54 3792
1081.64 1425.54 3792
1072.62 1422.16 3783
1066.17 1422.16 3783
1052.44 1412.39 3757
1043.81 1409.38 3749
1037.42 1409.38 3749
1031.03 1409.38 3749
1024.64 1409.38 3749
1018.25 1409.38 3749
1009.43 1406 3740
1003.05 1406 3740
994.542 1402.99 3732
988.18 1402.99 3732
983.923 1406 3740
977.547 1406 3740
971.171 1406 3740
962.732 1402.99 3732
956.369 1402.99 3732
950.007 1402.99 3732
943.645 1402.99 3732
935.274 1399.98 3724
926.93 1396.97 3716
920.595 1396.97 3716
912.046 1393.59 3707
903.772 1390.58 3699
895.525 1387.58 3691
891.16 1390.58 3699
884.854 1390.58 3699
880.448 1393.59 3707
874.129 1393.59 3707
873.662 1402.99 3732
867.3 1402.99 3732
860.938 1402.99 3732
854.576 1402.99 3732
848.213 1402.99 3732
841.851 1402.99 3732
835.489 1402.99 3732
829.127 1402.99 3732
822.765 1402.99 3732
816.403 1402.99 3732
810.041 1402.99 3732
803.679 1402.99 3732
800.948 1409.38 3749
794.557 1409.38 3749
788.166 1409.38 3749
781.775 1409.38 3749
778.9 1415.77 3766
772.48 1415.77 3766
767.687 1418.78 3774
761.253 1418.78 3774
754.82 1418.78 3774
748.386 1418.78 3774
738.61 1412.39 3757
730.646 1409.38 3749
724.255 1409.38 3749
714.609 1402.99 3732
708.247 1402.99 3732
701.885 1402.99 3732
695.523 1402.99 3732
687.683 1399.98 3724
679.871 1396.97 3716
671.905 1393.59 3707
665.585 1393.59 3707
656.42 1387.58 3691
650.128 1387.58 3691
643.836 1387.58 3691
637.544 1387.58 3691
629.883 1384.57 3683
622.25 1381.56 3675
615.985 1381.56 3675
609.72 1381.56 3675
603.455 1381.56 3675
595.89 1378.55 3667
589.639 1378.55 3667
583.388 1378.55 3667
575.72 1375.17 3658
569.484 1375.17 3658
563.248 1375.17 3658
557.012 1375.17 3658
550.776 1375.17 3658
543.349 1372.16 3650
535.95 1369.15 3642
529.741 1369.15 3642
523.532 1369.15 3642
517.324 1369.15 3642
511.115 1369.15 3642
504.906 1369.15 3642
497.739 1366.52 3635
490.46 1363.52 3627
481.073 1354.49 3603
474.931 1354.49 3603
466.837 1348.85 3588
459.693 1345.85 3580
451.689 1340.21 3565
445.612 1340.21 3565
437.562 1334.19 3549
430.661 1331.56 3542
424.622 1331.56 3542
418.584 1331.56 3542
412.546 1331.56 3542
401.343 1314.64 3497
391.311 1301.11 3461
383.852 1295.85 3447
377.976 1295.85 3447
372.1 1295.85 3447
366.223 1295.85 3447
-11.8397 166.539 443
-12.5949 166.539 443
-13.3501 166.539 443
-14.1053 166.539 443
-14.7934 165.787 441
-15.5452 165.787 441
-16.297 165.787 441
-17.0102 165.411 440
-17.7199 165.035 439
-18.4683 165.035 439
-19.2167 165.035 439
-19.965 165.035 439
-20.7134 165.035 439
-21.4618 165.035 439
-22.2102 165.035 439
-22.9063 164.659 438
-23.545 163.908 436
-24.2882 163.908 436
-25.0315 163.908 436
-28.4089 157.893 420
-29.1249 157.893 420
-29.8409 157.893 420
-30.5569 157.893 420
-31.2728 157.893 420
-31.9888 157.893 420
-32.627 157.517 419
-33.2617 157.141 418
-33.9743 157.141 418
-34.6039 156.765 417
-35.2301 156.389 416
-35.8528 156.013 415
-36.5603 156.013 415
-37.178 155.637 414
-37.8837 155.637 414
-38.4963 155.261 413
-39.2004 155.261 413
-39.9044 155.261 413
-40.5102 154.885 412
-41.1125 154.509 411
-41.7114 154.133 410
-42.4103 154.133 410
-43.0041 153.757 409
-43.5945 153.381 408
-44.1815 153.005 407
-44.8754 153.005 407
-45.5692 153.005 407
-46.1494 152.63 406
-46.8415 152.63 406
-47.5336 152.63 406
-48.2257 152.63 406
-48.7974 152.254 405
-49.4878 152.254 405
-50.1782 152.254 405
-50.8686 152.254 405
-51.5591 152.254 405
-68.6405 148.87 396
-69.3156 148.87 396
-69.9906 148.87 396
-70.6657 148.87 396
-71.8813 149.998 399
-72.5614 149.998 399
-73.2416 149.998 399
-73.9218 149.998 399
-74.602 149.998 399
-75.0935 149.622 398
-75.772 149.622 398
-76.6426 149.998 399
-77.5166 150.374 400
-78.1985 150.374 400
-78.8804 150.374 400
-79.5623 150.374 400
-80.2442 150.374 400
-80.9261 150.374 400
-81.608 150.374 400
-82.4956 150.75 401
-83.1792 150.75 401
-83.8628 150.75 401
-84.5464 150.75 401
-85.4426 151.126 402
-86.1279 151.126 402
-86.8132 151.126 402
-87.7162 151.502 403
-88.4032 151.502 403
-89.0902 151.502 403
-90 151.878 404
-90.6887 151.878 404
-91.6036 152.254 405
-92.294 152.254 405
-92.9844 152.254 405
-102.165 159.02 423
-102.886 159.02 423
-103.607 159.02 423
-104.575 159.396 424
-105.546 159.772 425
-106.27 159.772 425
-107.247 160.148 426
-107.973 160.148 426
-108.954 160.524 427
-109.682 160.524 427
-110.669 160.9 428
-111.659 161.276 429
-112.914 162.028 431
-113.649 162.028 431
-114.649 162.404 432
-115.652 162.78 433
-116.391 162.78 433
-117.399 163.156 434
-118.411 163.532 435
-119.427 163.908 436
-120.17 163.908 436
-121.191 164.284 437
-122.215 164.659 438
-123.242 165.035 439
-123.99 165.035 439
-124.739 165.035 439
-125.773 165.411 440
-126.523 165.411 440
-127.273 165.411 440
-128.023 165.411 440
-128.773 165.411 440
-129.524 165.411 440
-130.866 166.163 442
-131.917 166.539 443
-132.672 166.539 443
-133.427 166.539 443
-134.183 166.539 443
-134.938 166.539 443
-135.693 166.539 443
-159.693 191.727 510
-160.563 191.727 510
-161.432 191.727 510
-162.301 191.727 510
-163.171 191.727 510
-164.04 191.727 510
-165.233 192.103 511
-166.104 192.103 511
-166.975 192.103 511
-167.846 192.103 511
-168.718 192.103 511
-169.257 191.727 510
-886.305 869.913 2314
-890.25 869.913 2314
-894.194 869.913 2314
-895.422 867.282 2307
-897.016 865.026 2301
-900.939 865.026 2301
-902.502 862.77 2295
-905.229 861.643 2292
-905.17 857.883 2282
-909.06 857.883 2282
-909.35 854.5 2273
-909.609 851.116 2264
-910.644 848.485 2257
-914.492 848.485 2257
-913.457 843.974 2245
-917.284 843.974 2245
-921.111 843.974 2245
-924.938 843.974 2245
-925.042 840.59 2236
-928.854 840.59 2236
-931.414 839.462 2233
-935.221 839.462 2233
-933.981 834.951 2221
-933.123 830.816 2210
-933.075 827.432 2201
-936.828 827.432 2201
-939.298 826.305 2198
-937.038 821.042 2184
-938.177 818.786 2178
-941.89 818.786 2178
-944.3 817.658 2175
-945.393 815.403 2169
-949.09 815.403 2169
-952.788 815.403 2169
-955.604 814.651 2167
-959.298 814.651 2167
-961.659 813.523 2164
-965.348 813.523 2164
-969.037 813.523 2164
-970.029 811.267 2158
-970.098 808.26 2150
-973.763 808.26 2150
-974.701 806.004 2144
-977.443 805.252 2142
-981.095 805.252 2142
-984.746 805.252 2142
-988.398 805.252 2142
-990.66 804.125 2139
-994.306 804.125 2139
-997.953 804.125 2139
-1000.19 802.997 2136
-1003.84 802.997 2136
-1006.06 801.869 2133
-1009.7 801.869 2133
-1012.38 801.117 2131
-1014.59 799.989 2128
-1016.78 798.861 2125
-1020.4 798.861 2125
-1021.62 796.982 2120
-1025.23 796.982 2120
-1027.39 795.854 2117
-1031 795.854 2117
-1032.16 793.974 2112
-1035.76 793.974 2112
-1039.36 793.974 2112
-1042.96 793.974 2112
-1042.6 790.967 2104
-1044.69 789.839 2101
-1046.78 788.711 2098
-1050.36 788.711 2098
-1051.42 786.832 2093
-1050.96 783.824 2085
-1053.5 783.072 2083
-1057.05 783.072 2083
-1053.98 778.185 2070
-1054.96 776.305 2065
-1051.81 771.418 2052
-1055.31 771.418 2052
1507.92 1530.22 4089
1500.95 1530.22 4089
1493.98 1530.22 4089
1487.01 1530.22 4089
1480.04 1530.22 4089
1473.07 1530.22 4089
1466.1 1530.22 4089
1459.13 1530.22 4089
1448.6 1526.48 4079
1424.33 1508.14 4030
1417.46 1508.14 4030
1403.59 1500.66 4010
1400.24 1504.4 4020
1396.85 1508.14 4030
1389.98 1508.14 4030
1383.11 1508.14 4030
1376.24 1508.14 4030
1365.97 1504.4 4020
1359.12 1504.4 4020
1342.51 1493.55 3991
1335.71 1493.55 3991
1332.24 1497.29 4001
1325.41 1497.29 4001
1318.59 1497.29 4001
1311.77 1497.29 4001
1314.41 1508.14 4030
1316.95 1518.99 4059
1310.03 1518.99 4059
1306.32 1522.74 4069
1299.38 1522.74 4069
1292.45 1522.74 4069
1285.51 1522.74 4069
1266.32 1508.14 4030
1247.26 1493.55 3991
1240.46 1493.55 3991
1221.91 1479.33 3953
1206.56 1468.85 3925
1186.11 1452.01 3880
1168.56 1438.54 3844
1162 1438.54 3844
1144.93 1425.44 3809
1138.44 1425.44 3809
1134.62 1428.81 3818
1130.47 1431.8 3826
1123.95 1431.8 3826
1117.43 1431.8 3826
1110.91 1431.8 3826
1104.38 1431.8 3826
1090.4 1422.07 3800
1083.92 1422.07 3800
1077.44 1422.07 3800
1070.97 1422.07 3800
1059.73 1415.71 3783
1046.04 1405.98 3757
1039.63 1405.98 3757
1033.23 1405.98 3757
1024.64 1402.98 3749
1018.25 1402.98 3749
1009.43 1399.62 3740
1003.05 1399.62 3740
994.542 1396.62 3732
988.18 1396.62 3732
983.923 1399.62 3740
977.547 1399.62 3740
971.171 1399.62 3740
962.732 1396.62 3732
956.369 1396.62 3732
950.007 1396.62 3732
943.645 1396.62 3732
935.274 1393.63 3724
926.93 1390.63 3716
920.595 1390.63 3716
912.046 1387.27 3707
903.772 1384.27 3699
895.525 1381.28 3691
891.16 1384.27 3699
884.854 1384.27 3699
880.448 1387.27 3707
881.91 1399.62 3740
875.535 1399.62 3740
869.159 1399.62 3740
862.783 1399.62 3740
856.407 1399.62 3740
850.032 1399.62 3740
843.656 1399.62 3740
837.28 1399.62 3740
830.904 1399.62 3740
824.529 1399.62 3740
818.153 1399.62 3740
810.041 1396.62 3732
803.679 1396.62 3732
800.948 1402.98 3749
794.557 1402.98 3749
788.166 1402.98 3749
781.775 1402.98 3749
780.555 1412.34 3774
774.121 1412.34 3774
767.687 1412.34 3774
761.253 1412.34 3774
754.82 1412.34 3774
748.386 1412.34 3774
738.61 1405.98 3757
732.205 1405.98 3757
725.801 1405.98 3757
714.609 1396.62 3732
708.247 1396.62 3732
701.885 1396.62 3732
695.523 1396.62 3732
687.683 1393.63 3724
679.871 1390.63 3716
671.905 1387.27 3707
665.585 1387.27 3707
656.42 1381.28 3691
650.128 1381.28 3691
643.836 1381.28 3691
637.544 1381.28 3691
631.252 1381.28 3691
624.959 1381.28 3691
618.667 1381.28 3691
612.375 1381.28 3691
606.083 1381.28 3691
597.19 1375.29 3675
589.639 1372.3 3667
583.388 1372.3 3667
577.136 1372.3 3667
570.885 1372.3 3667
564.634 1372.3 3667
558.383 1372.3 3667
552.131 1372.3 3667
544.54 1368.93 3658
538.304 1368.93 3658
532.068 1368.93 3658
524.682 1365.93 3650
518.46 1365.93 3650
512.238 1365.93 3650
506.015 1365.93 3650
499.793 1365.93 3650
492.489 1362.94 3642
484.277 1357.33 3627
478.094 1357.33 3627
468.788 1348.35 3603
460.72 1342.73 3588
453.59 1339.74 3580
447.487 1339.74 3580
439.535 1334.13 3565
431.512 1328.14 3549
425.462 1328.14 3549
419.411 1328.14 3549
412.546 1325.52 3542
404.786 1319.9 3527
395.382 1308.68 3497
389.42 1308.68 3497
379.511 1295.21 3461
372.1 1289.97 3447
366.223 1289.97 3447
-11.8397 165.783 443
-12.5949 165.783 443
-13.3501 165.783 443
-14.0735 165.409 442
-14.7934 165.035 441
-15.5452 165.035 441
-16.2601 164.661 440
-17.0102 164.661 440
-17.7199 164.286 439
-18.4683 164.286 439
-19.2167 164.286 439
-19.965 164.286 439
-20.7134 164.286 439
-21.4129 163.912 438
-22.1596 163.912 438
-22.8017 163.164 436
-23.545 163.164 436
-28.4089 157.176 420
-29.1249 157.176 420
-29.8409 157.176 420
-30.5569 157.176 420
-31.2728 157.176 420
-31.9888 157.176 420
-32.627 156.802 419
-33.2617 156.428 418
-33.9743 156.428 418
-34.6039 156.053 417
-35.2301 155.679 416
-35.8528 155.305 415
-36.5603 155.305 415
-37.178 154.931 414
-37.7922 154.556 413
-38.4963 154.556 413
-39.2004 154.556 413
-39.8078 154.182 412
-40.5102 154.182 412
-41.1125 153.808 411
-41.7114 153.434 410
-42.4103 153.434 410
-43.0041 153.06 409
-43.5945 152.685 408
-44.1815 152.311 407
-44.8754 152.311 407
-45.5692 152.311 407
-46.1494 151.937 406
-46.8415 151.937 406
-47.5336 151.937 406
-48.2257 151.937 406
-48.7974 151.563 405
-49.4878 151.563 405
-50.1782 151.563 405
-50.8686 151.563 405
-51.5591 151.563 405
-68.6405 148.195 396
-69.3156 148.195 396
-69.9906 148.195 396
-70.6657 148.195 396
-71.8813 149.317 399
-72.5614 149.317 399
-73.2416 149.317 399
-73.9218 149.317 399
-74.602 149.317 399
-75.0935 148.943 398
-75.9624 149.317 399
-76.6426 149.317 399
-77.5166 149.691 400
-78.1985 149.691 400
-78.8804 149.691 400
-79.5623 149.691 400
-80.2442 149.691 400
-80.9261 149.691 400
-81.608 149.691 400
-82.4956 150.066 401
-83.1792 150.066 401
-83.8628 150.066 401
-84.5464 150.066 401
-85.4426 150.44 402
-86.1279 150.44 402
-86.8132 150.44 402
-87.7162 150.814 403
-88.6225 151.188 404
-89.3113 151.188 404
-90 151.188 404
-90.6887 151.188 404
-91.6036 151.563 405
-92.294 151.563 405
-92.9844 151.563 405
-102.165 158.299 423
-102.886 158.299 423
-103.607 158.299 423
-104.575 158.673 424
-105.546 159.047 425
-106.27 159.047 425
-107.247 159.421 426
-107.973 159.421 426
-108.954 159.796 427
-109.682 159.796 427
-110.669 160.17 428
-111.659 160.544 429
-112.914 161.293 431
-113.649 161.293 431
-114.649 161.667 432
-115.652 162.041 433
-116.391 162.041 433
-117.399 162.415 434
-118.411 162.789 435
-119.427 163.164 436
-120.17 163.164 436
-121.191 163.538 437
-122.215 163.912 438
-123.242 164.286 439
-123.99 164.286 439
-124.739 164.286 439
-125.773 164.661 440
-126.523 164.661 440
-127.273 164.661 440
-128.023 164.661 440
-128.773 164.661 440
-129.524 164.661 440
-130.866 165.409 442
-131.917 165.783 443
-132.672 165.783 443
-133.427 165.783 443
-134.183 165.783 443
-134.938 165.783 443
-135.693 165.783 443
-159.693 190.857 510
-160.563 190.857 510
-161.432 190.857 510
-162.301 190.857 510
-163.171 190.857 510
-164.04 190.857 510
-165.233 191.231 511
-166.104 191.231 511
-166.975 191.231 511
-167.846 191.231 511
-168.718 191.231 511
-886.305 865.965 2314
-890.25 865.965 2314
-894.194 865.965 2314
-895.422 863.346 2307
-897.016 861.1 2301
-900.939 861.1 2301
-902.502 858.855 2295
-903.65 856.235 2288
-901.6 850.622 2273
-905.475 850.622 2273
-904.549 846.131 2261
-906.797 844.634 2257
-903.382 837.898 2239
-907.199 837.898 2239
-908.574 835.653 2233
-912.381 835.653 2233
-916.188 835.653 2233
-919.994 835.653 2233
-923.801 835.653 2233
-923.869 832.285 2224
-925.158 830.039 2218
-928.939 830.039 2218
-930.617 828.168 2213
-929.323 823.677 2201
-931.804 822.555 2198
-935.551 822.555 2198
-935.451 819.187 2189
-935.751 816.193 2181
-938.177 815.07 2178
-941.89 815.07 2178
-944.3 813.947 2175
-945.393 811.702 2169
-949.09 811.702 2169
-952.788 811.702 2169
-955.604 810.954 2167
-959.298 810.954 2167
-961.659 809.831 2164
-965.348 809.831 2164
-969.037 809.831 2164
-970.029 807.586 2158
-970.098 804.592 2150
-973.763 804.592 2150
-974.701 802.346 2144
-977.443 801.598 2142
-981.095 801.598 2142
-984.746 801.598 2142
-988.398 801.598 2142
-990.66 800.475 2139
-994.306 800.475 2139
-997.953 800.475 2139
-1000.19 799.352 2136
-1003.84 799.352 2136
-1006.06 798.23 2133
-1009.7 798.23 2133
-1012.38 797.481 2131
-1014.59 796.359 2128
-1016.78 795.236 2125
-1020.4 795.236 2125
-1021.62 793.365 2120
-1025.23 793.365 2120
-1027.39 792.242 2117
-1031 792.242 2117
-1032.16 790.371 2112
-1035.76 790.371 2112
-1039.36 790.371 2112
-1042.96 790.371 2112
-1042.6 787.377 2104
-1044.69 786.254 2101
-1046.78 785.132 2098
-1050.36 785.132 2098
-1050.42 782.512 2091
-1050.96 780.267 2085
-1051.98 778.396 2080
-1055.53 778.396 2080
-1052.45 773.531 2067
-1052.4 770.911 2060
-1050.28 766.795 2049
-1053.77 766.795 2049
1507.92 1523.24 4089
1500.95 1523.24 4089
1493.98 1523.24 4089
1487.01 1523.24 4089
1480.04 1523.24 4089
1473.07 1523.24 4089
1466.1 1523.24 4089
1459.13 1523.24 4089
1448.6 1519.52 4079
1441.65 1519.52 4079
1434.7 1519.52 4079
1420.74 1512.07 4059
1410.34 1508.34 4049
1403.44 1508.34 4049
1399.98 1512.07 4059
1393.07 1512.07 4059
1386.15 1512.07 4059
1369.37 1501.27 4030
1362.5 1501.27 4030
1352.27 1497.54 4020
1348.76 1501.27 4030
1344.89 1504.62 4039
1338 1504.62 4039
1331.12 1504.62 4039
1327.51 1508.34 4049
1323.87 1512.07 4059
1323.44 1519.52 4079
1316.49 1519.52 4079
1309.53 1519.52 4079
1302.58 1519.52 4079
1295.62 1519.52 4079
1288.67 1519.52 4079
1278.57 1515.79 4069
1250.39 1490.46 4001
1243.57 1490.46 4001
1225 1476.31 3963
1206.56 1462.15 3925
1183.36 1442.03 3871
1168.56 1431.98 3844
1162 1431.98 3844
1147.63 1422.29 3818
1141.13 1422.29 3818
1134.62 1422.29 3818
1135.79 1431.98 3844
1129.24 1431.98 3844
1122.68 1431.98 3844
1113.52 1428.62 3835
1106.98 1428.62 3835
1097.86 1425.27 3826
1091.34 1425.27 3826
1082.55 1422.29 3818
1076.04 1422.29 3818
1067.01 1418.94 3809
1050.77 1405.9 3774
1042.12 1402.92 3766
1035.7 1402.92 3766
1029.28 1402.92 3766
1022.86 1402.92 3766
1014.01 1399.57 3757
1010.02 1402.92 3766
1003.6 1402.92 3766
997.183 1402.92 3766
995.235 1409.25 3783
988.786 1409.25 3783
982.337 1409.25 3783
971.502 1402.92 3766
965.082 1402.92 3766
958.662 1402.92 3766
952.242 1402.92 3766
943.562 1399.57 3757
932.917 1393.23 3740
926.541 1393.23 3740
914.26 1384.29 3716
907.925 1384.29 3716
901.59 1384.29 3716
895.256 1384.29 3716
888.921 1384.29 3716
882.586 1384.29 3716
881.91 1393.23 3740
875.535 1393.23 3740
869.159 1393.23 3740
862.783 1393.23 3740
856.407 1393.23 3740
850.032 1393.23 3740
843.656 1393.23 3740
837.28 1393.23 3740
830.904 1393.23 3740
824.529 1393.23 3740
818.153 1393.23 3740
810.041 1390.25 3732
803.679 1390.25 3732
800.948 1396.59 3749
794.557 1396.59 3749
788.166 1396.59 3749
781.775 1396.59 3749
780.555 1405.9 3774
774.121 1405.9 3774
767.687 1405.9 3774
761.253 1405.9 3774
754.82 1405.9 3774
748.386 1405.9 3774
738.61 1399.57 3757
732.205 1399.57 3757
725.801 1399.57 3757
714.609 1390.25 3732
708.247 1390.25 3732
701.885 1390.25 3732
695.523 1390.25 3732
689.16 1390.25 3732
679.871 1384.29 3716
671.905 1380.94 3707
665.585 1380.94 3707
656.42 1374.98 3691
650.128 1374.98 3691
643.836 1374.98 3691
637.544 1374.98 3691
631.252 1374.98 3691
624.959 1374.98 3691
618.667 1374.98 3691
612.375 1374.98 3691
606.083 1374.98 3691
597.19 1369.02 3675
590.925 1369.02 3675
584.661 1369.02 3675
577.136 1366.04 3667
570.885 1366.04 3667
564.634 1366.04 3667
558.383 1366.04 3667
552.131 1366.04 3667
545.88 1366.04 3667
539.629 1366.04 3667
534.541 1369.02 3675
528.276 1369.02 3675
523.147 1372 3683
516.869 1372 3683
510.59 1372 3683
502.121 1366.04 3667
493.571 1359.71 3650
486.28 1356.73 3642
480.071 1356.73 3642
471.911 1351.14 3627
464.701 1348.16 3619
456.504 1342.2 3603
450.362 1342.2 3603
443.233 1339.22 3595
435.281 1333.63 3580
429.178 1333.63 3580
423.075 1333.63 3580
416.04 1330.65 3572
407.311 1322.08 3549
398.774 1313.89 3527
392.761 1313.89 3527
385.103 1308.3 3512
375.986 1297.5 3483
366.967 1286.69 3454
361.079 1286.69 3454
-11.8397 165.027 443
-12.5949 165.027 443
-13.3501 165.027 443
-14.0735 164.655 442
-14.7599 163.91 440
-15.51 163.91 440
-16.2601 163.91 440
-17.0102 163.91 440
-17.7199 163.537 439
-18.4683 163.537 439
-19.2167 163.537 439
-19.965 163.537 439
-20.6662 163.165 438
-21.364 162.792 437
-22.109 162.792 437
-22.8017 162.42 436
-23.4909 162.047 435
-28.4089 156.459 420
-29.1249 156.459 420
-29.8409 156.459 420
-30.5569 156.459 420
-31.2728 156.459 420
-31.9888 156.459 420
-32.627 156.087 419
-33.2617 155.714 418
-33.9743 155.714 418
-34.6039 155.342 417
-35.2301 154.969 416
-35.8528 154.597 415
-36.5603 154.597 415
-37.178 154.224 414
-37.8837 154.224 414
-38.4963 153.852 413
-39.2004 153.852 413
-39.8078 153.479 412
-40.5102 153.479 412
-41.1125 153.107 411
-41.7114 152.734 410
-42.4103 152.734 410
-43.0041 152.362 409
-43.5945 151.989 408
-44.1815 151.617 407
-44.8754 151.617 407
-45.5692 151.617 407
-46.1494 151.244 406
-46.8415 151.244 406
-47.5336 151.244 406
-48.2257 151.244 406
-48.7974 150.872 405
-49.4878 150.872 405
-50.1782 150.872 405
-50.743 150.499 404
-51.4318 150.499 404
-68.6405 147.519 396
-69.3156 147.519 396
-69.9906 147.519 396
-70.6657 147.519 396
-71.8813 148.637 399
-72.5614 148.637 399
-73.2416 148.637 399
-73.9218 148.637 399
-74.602 148.637 399
-75.2822 148.637 399
-75.9624 148.637 399
-76.6426 148.637 399
-77.5166 149.009 400
-78.1985 149.009 400
-78.8804 149.009 400
-79.5623 149.009 400
-80.2442 149.009 400
-80.9261 149.009 400
-81.608 149.009 400
-82.4956 149.382 401
-83.1792 149.382 401
-83.8628 149.382 401
-84.5464 149.382 401
-85.4426 149.754 402
-86.1279 149.754 402
-87.0291 150.127 403
-87.7162 150.127 403
-88.6225 150.499 404
-89.3113 150.499 404
-90 150.499 404
-90.6887 150.499 404
-91.6036 150.872 405
-92.294 150.872 405
-92.9844 150.872 405
-102.165 157.577 423
-102.886 157.577 423
-103.607 157.577 423
-104.575 157.95 424
-105.546 158.322 425
-106.27 158.322 425
-107.247 158.695 426
-108.226 159.067 427
-109.21 159.44 428
-109.939 159.44 428
-110.927 159.812 429
-111.919 160.185 430
-112.914 160.557 431
-113.649 160.557 431
-114.649 160.93 432
-115.652 161.302 433
-116.391 161.302 433
-117.399 161.675 434
-118.411 162.047 435
-119.427 162.42 436
-120.17 162.42 436
-121.191 162.792 437
-122.215 163.165 438
-123.242 163.537 439
-123.99 163.537 439
-124.739 163.537 439
-125.773 163.91 440
-126.523 163.91 440
-127.273 163.91 440
-128.023 163.91 440
-128.773 163.91 440
-129.524 163.91 440
-130.866 164.655 442
-131.917 165.027 443
-132.672 165.027 443
-133.427 165.027 443
-134.183 165.027 443
-134.938 165.027 443
-135.693 165.027 443
-159.693 189.987 510
-160.563 189.987 510
-161.432 189.987 510
-162.301 189.987 510
-163.171 189.987 510
-164.04 189.987 510
-165.233 190.359 511
-166.104 190.359 511
-166.975 190.359 511
-167.846 190.359 511
-168.718 190.359 511
-883.624 859.41 2307
-887.557 859.41 2307
-891.489 859.41 2307
-895.422 859.41 2307
-897.016 857.174 2301
-900.939 857.174 2301
-901.322 853.822 2292
-902.465 851.214 2285
-896.84 842.274 2261
-900.695 842.274 2261
-902.949 840.784 2257
-905.591 839.666 2254
-902.171 832.961 2236
-905.983 832.961 2236
-907.354 830.725 2230
-911.155 830.725 2230
-914.957 830.725 2230
-918.758 830.725 2230
-921.319 829.608 2227
-921.377 826.255 2218
-923.072 824.392 2213
-926.845 824.392 2213
-925.571 819.922 2201
-928.056 818.805 2198
-927.988 815.452 2189
-931.72 815.452 2189
-933.315 813.589 2184
-934.464 811.354 2178
-936.884 810.237 2175
-940.592 810.237 2175
-944.3 810.237 2175
-945.393 808.002 2169
-949.09 808.002 2169
-952.788 808.002 2169
-955.604 807.256 2167
-959.298 807.256 2167
-961.659 806.139 2164
-965.348 806.139 2164
-967.693 805.021 2161
-970.029 803.904 2158
-968.744 799.806 2147
-972.405 799.806 2147
-974.701 798.688 2144
-977.443 797.943 2142
-981.095 797.943 2142
-984.746 797.943 2142
-988.398 797.943 2142
-990.66 796.826 2139
-994.306 796.826 2139
-997.953 796.826 2139
-1000.19 795.708 2136
-1003.84 795.708 2136
-1005.12 793.846 2131
-1008.75 793.846 2131
-1012.38 793.846 2131
-1013.16 791.61 2125
-1015.34 790.493 2122
-1018.96 790.493 2122
-1021.62 789.748 2120
-1025.23 789.748 2120
-1027.39 788.63 2117
-1031 788.63 2117
-1032.16 786.768 2112
-1035.76 786.768 2112
-1039.36 786.768 2112
-1042.96 786.768 2112
-1042.6 783.788 2104
-1044.69 782.67 2101
-1046.78 781.552 2098
-1050.36 781.552 2098
-1050.42 778.945 2091
-1050.96 776.71 2085
-1051.98 774.847 2080
-1055.53 774.847 2080
-1052.45 770.004 2067
-1052.4 767.397 2060
-1050.28 763.299 2049
-1053.77 763.299 2049
1507.92 1516.27 4089
1500.95 1516.27 4089
1493.98 1516.27 4089
1480.04 1516.27 4089
1473.07 1516.27 4089
1466.1 1516.27 4089
1459.13 1516.27 4089
1448.6 1512.56 4079
1441.65 1512.56 4079
1434.7 1512.56 4079
1420.74 1505.14 4059
1410.34 1501.44 4049
1403.44 1501.44 4049
1399.98 1505.14 4059
1393.07 1505.14 4059
1386.15 1505.14 4059
1369.37 1494.39 4030
1362.5 1494.39 4030
1352.27 1490.68 4020
1348.76 1494.39 4030
1344.89 1497.73 4039
1338 1497.73 4039
1331.12 1497.73 4039
1327.51 1501.44 4049
1323.87 1505.14 4059
1323.44 1512.56 4079
1316.49 1512.56 4079
1309.53 1512.56 4079
1302.58 1512.56 4079
1295.62 1512.56 4079
1288.67 1512.56 4079
1278.57 1508.85 4069
1250.39 1483.64 4001
1243.57 1483.64 4001
1225 1469.55 3963
1212.4 1462.5 3944
1183.36 1435.43 3871
1168.56 1425.42 3844
1162 1425.42 3844
1147.63 1415.78 3818
1141.13 1415.78 3818
1142.34 1425.42 3844
1135.79 1425.42 3844
1129.24 1425.42 3844
1130.57 1435.43 3871
1123.97 1435.43 3871
1117.37 1435.43 3871
1103.03 1425.42 3844
1096.47 1425.42 3844
1089.92 1425.42 3844
1083.37 1425.42 3844
1067.01 1412.44 3809
1058.01 1409.1 3800
1046.83 1402.8 3783
1040.38 1402.8 3783
1033.93 1402.8 3783
1027.48 1402.8 3783
1021.03 1402.8 3783
1017 1406.14 3792
1010.53 1406.14 3792
1004.07 1406.14 3792
999.707 1409.1 3800
993.229 1409.1 3800
986.751 1409.1 3800
980.273 1409.1 3800
973.795 1409.1 3800
967.317 1409.1 3800
956.541 1402.8 3783
947.831 1399.46 3774
937.157 1393.16 3757
930.752 1393.16 3757
920.165 1386.85 3740
911.835 1383.89 3732
903.532 1380.92 3724
897.183 1380.92 3724
890.835 1380.92 3724
888.286 1386.85 3740
884.033 1390.19 3749
881.621 1396.49 3766
875.201 1396.49 3766
868.781 1396.49 3766
862.361 1396.49 3766
855.941 1396.49 3766
849.521 1396.49 3766
839.295 1390.19 3749
832.904 1390.19 3749
826.513 1390.19 3749
820.122 1390.19 3749
813.731 1390.19 3749
807.339 1390.19 3749
800.948 1390.19 3749
794.557 1390.19 3749
788.166 1390.19 3749
786.988 1399.46 3774
780.555 1399.46 3774
774.121 1399.46 3774
771.349 1406.14 3792
764.884 1406.14 3792
758.42 1406.14 3792
751.955 1406.14 3792
743.722 1402.8 3783
732.205 1393.16 3757
725.801 1393.16 3757
716.141 1386.85 3740
708.247 1383.89 3732
701.885 1383.89 3732
695.523 1383.89 3732
689.16 1383.89 3732
679.871 1377.95 3716
671.905 1374.62 3707
665.585 1374.62 3707
656.42 1368.68 3691
650.128 1368.68 3691
643.836 1368.68 3691
637.544 1368.68 3691
631.252 1368.68 3691
624.959 1368.68 3691
618.667 1368.68 3691
612.375 1368.68 3691
606.083 1368.68 3691
597.19 1362.75 3675
590.925 1362.75 3675
584.661 1362.75 3675
577.136 1359.78 3667
570.885 1359.78 3667
564.634 1359.78 3667
558.383 1359.78 3667
552.131 1359.78 3667
545.88 1359.78 3667
540.806 1362.75 3675
535.705 1365.72 3683
529.426 1365.72 3683
524.284 1368.68 3691
517.992 1368.68 3691
511.699 1368.68 3691
504.312 1365.72 3683
495.869 1359.78 3667
487.348 1353.48 3650
481.126 1353.48 3650
473.863 1350.51 3642
465.728 1344.95 3627
458.531 1341.98 3619
452.362 1341.98 3619
444.22 1336.05 3603
437.105 1333.09 3595
430.976 1333.09 3595
424.848 1333.09 3595
417.904 1330.49 3588
409.951 1324.56 3572
401.261 1316.03 3549
395.211 1316.03 3549
388.393 1313.43 3542
379.116 1302.31 3512
370.792 1294.15 3490
364.842 1294.15 3490
-11.8664 164.643 444
-12.6233 164.643 444
-13.3803 164.643 444
-14.1053 164.272 443
-14.7934 163.53 441
-15.5452 163.53 441
-16.2601 163.159 440
-17.0102 163.159 440
-17.7199 162.788 439
-18.4683 162.788 439
-19.2167 162.788 439
-19.965 162.788 439
-20.6662 162.418 438
-21.4129 162.418 438
-22.109 162.047 437
-22.8017 161.676 436
-23.4909 161.305 435
-28.4089 155.743 420
-29.1249 155.743 420
-29.8409 155.743 420
-30.5569 155.743 420
-31.2728 155.743 420
-31.9888 155.743 420
-32.627 155.372 419
-33.2617 155.001 418
-33.9743 155.001 418
-34.6039 154.63 417
-35.2301 154.26 416
-35.8528 153.889 415
-36.5603 153.889 415
-37.178 153.518 414
-37.8837 153.518 414
-38.4963 153.147 413
-39.2004 153.147 413
-39.8078 152.776 412
-40.5102 152.776 412
-41.1125 152.406 411
-41.7114 152.035 410
-42.4103 152.035 410
-43.0041 151.664 409
-43.5945 151.293 408
-44.1815 150.922 407
-44.8754 150.922 407
-45.4572 150.551 406
-46.1494 150.551 406
-46.8415 150.551 406
-47.5336 150.551 406
-48.107 150.181 405
-48.7974 150.181 405
-49.3656 149.81 404
-50.0543 149.81 404
-50.6174 149.439 403
-51.3045 149.439 403
-51.8625 149.068 402
-68.6405 146.843 396
-69.3156 146.843 396
-69.9906 146.843 396
-70.6657 146.843 396
-71.8813 147.956 399
-72.5614 147.956 399
-73.2416 147.956 399
-73.9218 147.956 399
-74.602 147.956 399
-75.2822 147.956 399
-75.9624 147.956 399
-76.6426 147.956 399
-77.5166 148.327 400
-78.1985 148.327 400
-78.8804 148.327 400
-79.5623 148.327 400
-80.2442 148.327 400
-80.9261 148.327 400
-81.608 148.327 400
-82.4956 148.697 401
-83.1792 148.697 401
-83.8628 148.697 401
-84.5464 148.697 401
-85.4426 149.068 402
-86.1279 149.068 402
-87.0291 149.439 403
-87.7162 149.439 403
-88.6225 149.81 404
-89.3113 149.81 404
-90 149.81 404
-90.9132 150.181 405
-91.6036 150.181 405
-92.294 150.181 405
-92.9844 150.181 405
-102.406 157.226 424
-103.129 157.226 424
-103.852 157.226 424
-104.821 157.597 425
-105.794 157.968 426
-106.521 157.968 426
-107.498 158.339 427
-108.226 158.339 427
-109.21 158.709 428
-109.939 158.709 428
-111.186 159.451 430
-112.179 159.822 431
-112.914 159.822 431
-113.649 159.822 431
-114.649 160.193 432
-115.92 160.934 434
-116.659 160.934 434
-117.399 160.934 434
-118.411 161.305 435
-119.427 161.676 436
-120.17 161.676 436
-121.191 162.047 437
-122.215 162.418 438
-123.242 162.788 439
-123.99 162.788 439
-124.739 162.788 439
-125.773 163.159 440
-126.523 163.159 440
-127.273 163.159 440
-128.023 163.159 440
-129.066 163.53 441
-129.818 163.53 441
-130.866 163.901 442
-131.917 164.272 443
-132.672 164.272 443
-133.427 164.272 443
-134.183 164.272 443
-134.938 164.272 443
-135.693 164.272 443
-160.319 189.858 512
-161.192 189.858 512
-162.065 189.858 512
-162.301 189.116 510
-163.171 189.116 510
-164.04 189.116 510
-164.91 189.116 510
-883.624 855.474 2307
-887.557 855.474 2307
-891.489 855.474 2307
-895.422 855.474 2307
-897.016 853.249 2301
-900.939 853.249 2301
-901.322 849.911 2292
-902.465 847.316 2285
-896.84 838.416 2261
-900.695 838.416 2261
-902.949 836.933 2257
-903.181 833.595 2248
-900.961 828.033 2233
-904.767 828.033 2233
-904.912 824.696 2224
-911.155 826.921 2230
-914.957 826.921 2230
-918.758 826.921 2230
-920.078 824.696 2224
-919.299 820.617 2213
-921.821 819.504 2210
-925.588 819.504 2210
-924.309 815.055 2198
-925.523 812.83 2192
-926.716 810.605 2186
-930.443 810.605 2186
-933.315 809.863 2184
-933.177 806.526 2175
-935.592 805.413 2172
-939.295 805.413 2172
-941.695 804.301 2169
-945.393 804.301 2169
-948.215 803.559 2167
-951.909 803.559 2167
-955.604 803.559 2167
-957.97 802.447 2164
-960.326 801.334 2161
-964.01 801.334 2161
-966.35 800.222 2158
-967.781 798.368 2153
-967.391 795.031 2144
-971.046 795.031 2144
-973.792 794.289 2142
-977.443 794.289 2142
-981.095 794.289 2142
-984.746 794.289 2142
-987.013 793.176 2139
-990.66 793.176 2139
-992.912 792.064 2136
-996.553 792.064 2136
-1000.19 792.064 2136
-1002.43 790.952 2133
-1005.12 790.21 2131
-1008.75 790.21 2131
-1012.38 790.21 2131
-1013.16 787.985 2125
-1015.34 786.873 2122
-1018.96 786.873 2122
-1022.58 786.873 2122
-1023.78 785.018 2117
-1027.39 785.018 2117
-1031 785.018 2117
-1032.16 783.164 2112
-1035.76 783.164 2112
-1037.89 782.052 2109
-1041.48 782.052 2109
-1042.6 780.198 2104
-1044.69 779.085 2101
-1045.78 777.231 2096
-1049.35 777.231 2096
-1048.91 774.265 2088
-1050.96 773.152 2085
-1051.98 771.298 2080
-1055.53 771.298 2080
-1051.44 765.736 2065
-1050.87 762.77 2057
-1050.28 759.803 2049
-1053.77 759.803 2049
1452.16 1509.29 4089
1445.19 1509.29 4089
1438.21 1509.29 4089
1427.74 1505.6 4079
1413.82 1498.22 4059
1406.9 1498.22 4059
1399.98 1498.22 4059
1393.07 1498.22 4059
1386.15 1498.22 4059
1379.23 1498.22 4059
1372.31 1498.22 4059
1355.63 1487.51 4030
1351.77 1490.84 4039
1344.89 1490.84 4039
1338 1490.84 4039
1331.12 1490.84 4039
1327.51 1494.53 4049
1323.87 1498.22 4059
1323.44 1505.6 4079
1316.49 1505.6 4079
1309.53 1505.6 4079
1302.58 1505.6 4079
1295.62 1505.6 4079
1288.67 1505.6 4079
1278.57 1501.91 4069
1250.39 1476.81 4001
1243.57 1476.81 4001
1225 1462.78 3963
1212.4 1455.77 3944
1183.36 1428.83 3871
1165.82 1415.54 3835
1159.28 1415.54 3835
1147.63 1409.26 3818
1141.13 1409.26 3818
1142.34 1418.86 3844
1135.79 1418.86 3844
1129.24 1418.86 3844
1130.57 1428.83 3871
1123.97 1428.83 3871
1117.37 1428.83 3871
1103.03 1418.86 3844
1096.47 1418.86 3844
1089.92 1418.86 3844
1083.37 1418.86 3844
1067.01 1405.94 3809
1058.01 1402.62 3800
1051.53 1402.62 3800
1045.05 1402.62 3800
1038.58 1402.62 3800
1032.1 1402.62 3800
1025.62 1402.62 3800
1021.56 1405.94 3809
1015.06 1405.94 3809
1008.57 1405.94 3809
1004.44 1409.26 3818
997.934 1409.26 3818
991.425 1409.26 3818
982.595 1405.94 3809
976.102 1405.94 3809
969.608 1405.94 3809
960.839 1402.62 3800
950.092 1396.34 3783
941.398 1393.02 3774
934.964 1393.02 3774
924.348 1386.75 3757
913.789 1380.47 3740
907.413 1380.47 3740
901.038 1380.47 3740
894.662 1380.47 3740
890.424 1383.79 3749
888.041 1390.07 3766
885.601 1396.34 3783
879.152 1396.34 3783
874.779 1399.67 3792
874.268 1409.26 3818
867.76 1409.26 3818
861.251 1409.26 3818
850.712 1402.62 3800
844.234 1402.62 3800
837.756 1402.62 3800
829.528 1399.67 3792
821.11 1396.34 3783
814.661 1396.34 3783
810.135 1399.67 3792
803.671 1399.67 3792
797.206 1399.67 3792
790.742 1399.67 3792
785.932 1402.62 3800
779.454 1402.62 3800
774.807 1405.94 3809
768.313 1405.94 3809
761.82 1405.94 3809
755.327 1405.94 3809
745.491 1399.67 3792
732.205 1386.75 3757
725.801 1386.75 3757
719.396 1386.75 3757
709.765 1380.47 3740
703.389 1380.47 3740
697.013 1380.47 3740
689.16 1377.52 3732
682.798 1377.52 3732
673.536 1371.61 3716
667.201 1371.61 3716
657.843 1365.34 3699
651.537 1365.34 3699
643.836 1362.39 3691
637.544 1362.39 3691
631.252 1362.39 3691
624.959 1362.39 3691
618.667 1362.39 3691
612.375 1362.39 3691
606.083 1362.39 3691
598.49 1359.43 3683
590.925 1356.48 3675
584.661 1356.48 3675
578.396 1356.48 3675
570.885 1353.53 3667
565.866 1356.48 3675
559.601 1356.48 3675
553.336 1356.48 3675
545.88 1353.53 3667
540.806 1356.48 3675
535.705 1359.43 3683
529.426 1359.43 3683
524.284 1362.39 3691
517.992 1362.39 3691
511.699 1362.39 3691
504.312 1359.43 3683
495.869 1353.53 3667
487.348 1347.25 3650
481.126 1347.25 3650
473.863 1344.3 3642
465.728 1338.76 3627
458.531 1335.81 3619
452.362 1335.81 3619
444.22 1329.9 3603
437.105 1326.95 3595
430.976 1326.95 3595
424.848 1326.95 3595
417.904 1324.37 3588
409.951 1318.46 3572
401.261 1309.97 3549
395.211 1309.97 3549
388.393 1307.39 3542
382.355 1307.39 3542
376.317 1307.39 3542
370.278 1307.39 3542
361.978 1299.27 3520
-11.8664 163.885 444
-12.6233 163.885 444
-13.3803 163.885 444
-14.1053 163.516 443
-14.7934 162.778 441
-15.5452 162.778 441
-16.2601 162.409 440
-17.0102 162.409 440
-17.7199 162.039 439
-18.4683 162.039 439
-19.2167 162.039 439
-19.965 162.039 439
-20.6662 161.67 438
-21.4129 161.67 438
-22.109 161.301 437
-22.7494 160.563 435
-28.4089 155.026 420
-29.1249 155.026 420
-29.8409 155.026 420
-30.5569 155.026 420
-31.2728 155.026 420
-31.9888 155.026 420
-32.627 154.657 419
-33.2617 154.288 418
-33.9743 154.288 418
-34.6039 153.919 417
-35.2301 153.55 416
-35.8528 153.181 415
-36.5603 153.181 415
-37.178 152.812 414
-37.8837 152.812 414
-38.4963 152.443 413
-39.2004 152.443 413
-39.8078 152.073 412
-40.5102 152.073 412
-41.1125 151.704 411
-41.8131 151.704 411
-42.4103 151.335 410
-43.0041 150.966 409
-43.5945 150.597 408
-44.1815 150.228 407
-44.8754 150.228 407
-45.4572 149.859 406
-46.1494 149.859 406
-46.7261 149.49 405
-47.4165 149.49 405
-48.107 149.49 405
-48.7974 149.49 405
-49.2434 148.751 403
-49.9304 148.751 403
-50.6174 148.751 403
-51.1771 148.382 402
-51.8625 148.382 402
-52.2863 147.644 400
-52.9682 147.644 400
-53.6501 147.644 400
-54.1962 147.275 399
-54.8764 147.275 399
-55.5566 147.275 399
-56.0958 146.906 398
-56.7743 146.906 398
-57.4528 146.906 398
-58.1313 146.906 398
-68.4671 145.799 395
-69.1405 145.799 395
-69.9906 146.168 396
-70.8442 146.537 397
-71.8813 147.275 399
-72.5614 147.275 399
-73.2416 147.275 399
-73.9218 147.275 399
-74.602 147.275 399
-75.2822 147.275 399
-75.9624 147.275 399
-76.6426 147.275 399
-77.5166 147.644 400
-78.1985 147.644 400
-78.8804 147.644 400
-79.5623 147.644 400
-80.2442 147.644 400
-80.9261 147.644 400
-81.608 147.644 400
-82.4956 148.013 401
-83.1792 148.013 401
-83.8628 148.013 401
-84.5464 148.013 401
-85.4426 148.382 402
-86.1279 148.382 402
-87.0291 148.751 403
-87.7162 148.751 403
-88.6225 149.121 404
-89.3113 149.121 404
-90 149.121 404
-90.9132 149.49 405
-91.6036 149.49 405
-92.294 149.49 405
-92.9844 149.49 405
-101.684 156.503 424
-102.406 156.503 424
-103.129 156.503 424
-103.852 156.503 424
-104.821 156.872 425
-105.794 157.241 426
-106.521 157.241 426
-107.498 157.61 427
-108.226 157.61 427
-109.21 157.979 428
-109.939 157.979 428
-111.186 158.717 430
-112.179 159.087 431
-112.914 159.087 431
-113.649 159.087 431
-114.914 159.825 433
-115.92 160.194 434
-116.659 160.194 434
-117.399 160.194 434
-118.411 160.563 435
-119.427 160.932 436
-120.17 160.932 436
-121.191 161.301 437
-122.215 161.67 438
-123.242 162.039 439
-123.99 162.039 439
-124.739 162.039 439
-125.773 162.409 440
-126.523 162.409 440
-127.273 162.409 440
-128.023 162.409 440
-129.066 162.778 441
-129.818 162.778 441
-130.866 163.147 442
-131.917 163.516 443
-132.672 163.516 443
-133.427 163.516 443
-134.183 163.516 443
-160.319 188.985 512
-161.192 188.985 512
-162.065 188.985 512
-162.938 188.985 512
-163.171 188.246 510
-880.177 848.216 2298
-884.094 848.216 2298
-889.171 849.323 2301
-893.093 849.323 2301
-897.016 849.323 2301
-899.764 848.216 2298
-899.749 844.525 2288
-901.28 842.31 2282
-895.254 833.082 2257
-899.101 833.082 2257
-901.749 831.975 2254
-903.181 829.76 2248
-900.961 824.223 2233
-904.767 824.223 2233
-906.133 822.009 2227
-911.155 823.116 2230
-914.957 823.116 2230
-918.758 823.116 2230
-920.078 820.901 2224
-919.299 816.841 2213
-921.821 815.734 2210
-925.588 815.734 2210
-924.309 811.305 2198
-925.523 809.09 2192
-926.716 806.875 2186
-930.443 806.875 2186
-933.315 806.137 2184
-933.177 802.815 2175
-935.592 801.708 2172
-939.295 801.708 2172
-941.695 800.6 2169
-945.393 800.6 2169
-948.215 799.862 2167
-951.909 799.862 2167
-955.604 799.862 2167
-956.642 797.648 2161
-960.326 797.648 2161
-964.01 797.648 2161
-966.35 796.54 2158
-967.781 794.695 2153
-967.391 791.373 2144
-971.046 791.373 2144
-973.792 790.634 2142
-977.443 790.634 2142
-981.095 790.634 2142
-984.746 790.634 2142
-987.013 789.527 2139
-990.66 789.527 2139
-992.912 788.42 2136
-996.553 788.42 2136
-1000.19 788.42 2136
-1002.43 787.312 2133
-1005.12 786.574 2131
-1008.75 786.574 2131
-1012.38 786.574 2131
-1013.16 784.36 2125
-1015.34 783.252 2122
-1018.96 783.252 2122
-1022.58 783.252 2122
-1023.78 781.407 2117
-1027.39 781.407 2117
-1031 781.407 2117
-1032.16 779.561 2112
-1034.29 778.454 2109
-1037.89 778.454 2109
-1041.48 778.454 2109
-1041.11 775.501 2101
-1043.2 774.394 2098
-1044.28 772.548 2093
-1047.85 772.548 2093
-1048.91 770.702 2088
-1048.44 767.75 2080
-1049.45 765.904 2075
-1052.99 765.904 2075
-1049.91 761.106 2062
-1048.31 757.414 2052
-1046.69 753.723 2042
-1050.17 753.723 2042
1452.16 1502.32 4089
1445.19 1502.32 4089
1438.21 1502.32 4089
1427.74 1498.64 4079
1420.79 1498.64 4079
1413.84 1498.64 4079
1406.88 1498.64 4079
1399.93 1498.64 4079
1389.56 1494.97 4069
1379.23 1491.29 4059
1372.31 1491.29 4059
1355.63 1480.64 4030
1351.77 1483.95 4039
1344.89 1483.95 4039
1338 1483.95 4039
1331.12 1483.95 4039
1324.23 1483.95 4039
1320.61 1487.62 4049
1320.19 1494.97 4069
1313.26 1494.97 4069
1309.53 1498.64 4079
1302.58 1498.64 4079
1295.62 1498.64 4079
1288.67 1498.64 4079
1269.15 1483.95 4039
1250.39 1469.98 4001
1243.57 1469.98 4001
1225 1456.02 3963
1212.4 1449.04 3944
1183.36 1422.22 3871
1165.82 1409 3835
1159.28 1409 3835
1150.04 1405.69 3826
1146.21 1409 3835
1142.34 1412.3 3844
1138.45 1415.61 3853
1131.88 1415.61 3853
1135.83 1428.84 3889
1129.2 1428.84 3889
1122.57 1428.84 3889
1115.94 1428.84 3889
1109.31 1428.84 3889
1102.68 1428.84 3889
1096.05 1428.84 3889
1076.81 1412.3 3844
1060.52 1399.44 3809
1051.53 1396.14 3800
1045.05 1396.14 3800
1038.58 1396.14 3800
1032.1 1396.14 3800
1025.62 1396.14 3800
1021.56 1399.44 3809
1015.06 1399.44 3809
1008.57 1399.44 3809
1004.44 1402.75 3818
997.934 1402.75 3818
991.425 1402.75 3818
982.595 1399.44 3809
976.102 1399.44 3809
969.608 1399.44 3809
960.839 1396.14 3800
950.092 1389.89 3783
941.398 1386.58 3774
934.964 1386.58 3774
924.348 1380.34 3757
913.789 1374.09 3740
907.413 1374.09 3740
901.038 1374.09 3740
894.662 1374.09 3740
890.424 1377.4 3749
892.05 1389.89 3783
893.795 1402.75 3818
887.286 1402.75 3818
882.623 1405.69 3826
880.222 1412.3 3844
873.669 1412.3 3844
867.116 1412.3 3844
856.533 1405.69 3826
850.011 1405.69 3826
843.488 1405.69 3826
836.966 1405.69 3826
828.707 1402.75 3818
822.198 1402.75 3818
817.399 1405.69 3826
810.877 1405.69 3826
806.246 1409 3835
799.709 1409 3835
793.171 1409 3835
786.633 1409 3835
780.096 1409 3835
773.558 1409 3835
767.02 1409 3835
758.698 1405.69 3826
748.833 1399.44 3809
739.027 1393.2 3792
732.562 1393.2 3792
719.396 1380.34 3757
711.473 1377.4 3749
703.389 1374.09 3740
697.013 1374.09 3740
690.638 1374.09 3740
682.798 1371.15 3732
673.536 1365.27 3716
667.201 1365.27 3716
657.843 1359.03 3699
651.537 1359.03 3699
643.836 1356.09 3691
637.544 1356.09 3691
629.883 1353.15 3683
624.959 1356.09 3691
618.667 1356.09 3691
612.375 1356.09 3691
606.083 1356.09 3691
599.79 1356.09 3691
590.925 1350.21 3675
584.661 1350.21 3675
578.396 1350.21 3675
572.131 1350.21 3675
565.866 1350.21 3675
559.601 1350.21 3675
553.336 1350.21 3675
545.88 1347.27 3667
540.806 1350.21 3675
535.705 1353.15 3683
529.426 1353.15 3683
524.284 1356.09 3691
517.992 1356.09 3691
511.699 1356.09 3691
504.312 1353.15 3683
496.951 1350.21 3675
489.618 1347.27 3667
483.367 1347.27 3667
474.904 1341.03 3650
466.755 1335.51 3635
459.545 1332.58 3627
453.362 1332.58 3627
445.206 1326.7 3611
438.077 1323.76 3603
431.935 1323.76 3603
425.793 1323.76 3603
418.719 1320.82 3595
411.787 1318.25 3588
403.861 1312.37 3572
397.772 1312.37 3572
390.915 1309.8 3565
382.355 1301.35 3542
376.317 1301.35 3542
370.278 1301.35 3542
361.978 1293.26 3520
-11.8664 163.128 444
-12.6233 163.128 444
-13.3803 163.128 444
-14.1053 162.76 443
-14.8605 162.76 443
-15.6157 162.76 443
-16.2601 161.658 440
-17.0102 161.658 440
-17.7199 161.29 439
-18.4683 161.29 439
-19.2167 161.29 439
-19.965 161.29 439
-20.6662 160.923 438
-21.4129 160.923 438
-22.109 160.556 437
-22.7494 159.821 435
-29.1249 154.31 420
-29.8409 154.31 420
-30.5569 154.31 420
-31.2728 154.31 420
-31.9888 154.31 420
-32.5491 153.575 418
-33.2617 153.575 418
-33.9743 153.575 418
-34.6039 153.208 417
-35.2301 152.84 416
-35.8528 152.473 415
-36.5603 152.473 415
-37.178 152.105 414
-37.8837 152.105 414
-38.4963 151.738 413
-39.2004 151.738 413
-39.8078 151.371 412
-40.5102 151.371 412
-41.1125 151.003 411
-41.8131 151.003 411
-42.4103 150.636 410
-43.0041 150.268 409
-43.5945 149.901 408
-44.1815 149.534 407
-44.8754 149.534 407
-45.4572 149.166 406
-46.1494 149.166 406
-46.7261 148.799 405
-47.4165 148.799 405
-48.107 148.799 405
-48.7974 148.799 405
-49.2434 148.064 403
-49.9304 148.064 403
-50.6174 148.064 403
-51.1771 147.697 402
-51.8625 147.697 402
-52.2863 146.962 400
-52.9682 146.962 400
-53.6501 146.962 400
-54.1962 146.594 399
-54.8764 146.594 399
-55.5566 146.594 399
-56.0958 146.227 398
-56.7743 146.227 398
-57.4528 146.227 398
-58.1313 146.227 398
-68.6405 145.492 396
-69.3156 145.492 396
-69.9906 145.492 396
-70.8442 145.859 397
-72.0614 146.962 400
-72.7433 146.962 400
-73.4252 146.962 400
-74.1071 146.962 400
-74.789 146.962 400
-75.2822 146.594 399
-75.9624 146.594 399
-76.8347 146.962 400
-77.5166 146.962 400
-78.1985 146.962 400
-78.8804 146.962 400
-79.5623 146.962 400
-80.2442 146.962 400
-80.9261 146.962 400
-81.812 147.329 401
-82.4956 147.329 401
-83.1792 147.329 401
-83.8628 147.329 401
-84.7573 147.697 402
-85.4426 147.697 402
-86.1279 147.697 402
-87.0291 148.064 403
-87.9338 148.431 404
-88.6225 148.431 404
-89.3113 148.431 404
-90.2227 148.799 405
-90.9132 148.799 405
-91.6036 148.799 405
-92.294 148.799 405
-92.9844 148.799 405
-101.684 155.779 424
-102.406 155.779 424
-103.129 155.779 424
-103.852 155.779 424
-104.821 156.147 425
-105.794 156.514 426
-106.521 156.514 426
-107.498 156.882 427
-108.226 156.882 427
-109.21 157.249 428
-109.939 157.249 428
-111.186 157.984 430
-112.179 158.351 431
-112.914 158.351 431
-113.649 158.351 431
-114.914 159.086 433
-115.92 159.453 434
-116.659 159.453 434
-117.399 159.453 434
-118.411 159.821 435
-119.427 160.188 436
-120.17 160.188 436
-121.191 160.556 437
-122.215 160.923 438
-123.242 161.29 439
-123.99 161.29 439
-124.739 161.29 439
-125.773 161.658 440
-126.523 161.658 440
-127.273 161.658 440
-128.314 162.025 441
-129.066 162.025 441
-129.818 162.025 441
-130.866 162.393 442
-131.917 162.76 443
-132.672 162.76 443
-133.427 162.76 443
-134.183 162.76 443
-160.319 188.111 512
-161.192 188.111 512
-162.065 188.111 512
-162.938 188.111 512
-880.177 844.295 2298
-884.094 844.295 2298
-888.012 844.295 2298
-891.929 844.295 2298
-895.847 844.295 2298
-895.849 840.621 2288
-898.569 839.519 2285
-898.91 836.212 2276
-899.22 832.906 2267
-897.906 828.129 2254
-899.348 825.925 2248
-903.181 825.925 2248
-900.961 820.414 2233
-904.767 820.414 2233
-906.133 818.209 2227
-911.155 819.312 2230
-914.957 819.312 2230
-918.758 819.312 2230
-920.078 817.107 2224
-919.299 813.066 2213
-920.569 810.861 2207
-924.332 810.861 2207
-924.309 807.555 2198
-924.256 804.248 2189
-925.868 802.411 2184
-929.592 802.411 2184
-932.033 801.309 2181
-933.177 799.104 2175
-935.592 798.002 2172
-939.295 798.002 2172
-941.695 796.9 2169
-944.521 796.165 2167
-946.902 795.063 2164
-950.591 795.063 2164
-954.281 795.063 2164
-956.642 793.961 2161
-960.326 793.961 2161
-964.01 793.961 2161
-966.35 792.858 2158
-968.68 791.756 2155
-968.744 788.817 2147
-972.405 788.817 2147
-973.792 786.98 2142
-977.443 786.98 2142
-981.095 786.98 2142
-984.746 786.98 2142
-987.013 785.878 2139
-990.66 785.878 2139
-992.912 784.776 2136
-996.553 784.776 2136
-1000.19 784.776 2136
-1002.43 783.673 2133
-1005.12 782.939 2131
-1008.75 782.939 2131
-1012.38 782.939 2131
-1013.16 780.734 2125
-1015.34 779.632 2122
-1018.96 779.632 2122
-1022.58 779.632 2122
-1023.78 777.795 2117
-1027.39 777.795 2117
-1031 777.795 2117
-1032.16 775.958 2112
-1034.29 774.856 2109
-1037.89 774.856 2109
-1041.48 774.856 2109
-1039.63 770.814 2098
-1043.2 770.814 2098
-1044.28 768.977 2093
-1047.85 768.977 2093
-1046.4 765.303 2083
-1047.43 763.466 2078
-1046.92 760.527 2070
-1050.45 760.527 2070
-1044.82 753.914 2052
-1044.23 750.974 2044
-1042.59 747.3 2034
-1046.05 747.3 2034
1452.16 1495.34 4089
1445.19 1495.34 4089
1438.21 1495.34 4089
1431.24 1495.34 4089
1424.27 1495.34 4089
1417.3 1495.34 4089
1410.33 1495.34 4089
1399.93 1491.68 4079
1389.56 1488.03 4069
1379.23 1484.37 4059
1372.31 1484.37 4059
1355.63 1473.76 4030
1351.77 1477.05 4039
1344.89 1477.05 4039
1338 1477.05 4039
1331.12 1477.05 4039
1324.23 1477.05 4039
1320.61 1480.71 4049
1320.19 1488.03 4069
1313.26 1488.03 4069
1309.53 1491.68 4079
1302.58 1491.68 4079
1295.62 1491.68 4079
1276.03 1477.05 4039
1266.32 1473.76 4030
1244.45 1456.21 3982
1237.66 1456.21 3982
1225 1449.26 3963
1212.4 1442.31 3944
1188.87 1422.2 3889
1182.24 1422.2 3889
1164.72 1409.04 3853
1155.45 1405.74 3844
1151.59 1409.04 3853
1155.72 1422.2 3889
1149.09 1422.2 3889
1147.75 1428.78 3907
1141.08 1428.78 3907
1134.42 1428.78 3907
1127.76 1428.78 3907
1123.69 1432.07 3916
1117.01 1432.07 3916
1110.33 1432.07 3916
1103.66 1432.07 3916
1089.42 1422.2 3889
1067.75 1402.45 3835
1054.02 1392.94 3809
1047.53 1392.94 3809
1041.04 1392.94 3809
1034.54 1392.94 3809
1028.05 1392.94 3809
1026.11 1399.16 3826
1019.59 1399.16 3826
1013.07 1399.16 3826
1006.55 1399.16 3826
1000.03 1399.16 3826
993.503 1399.16 3826
986.98 1399.16 3826
980.458 1399.16 3826
973.936 1399.16 3826
963.115 1392.94 3809
954.361 1389.65 3800
943.643 1383.44 3783
937.193 1383.44 3783
926.562 1377.22 3766
917.943 1373.93 3757
911.538 1373.93 3757
907.302 1377.22 3766
900.882 1377.22 3766
898.499 1383.44 3783
892.05 1383.44 3783
893.795 1396.24 3818
887.286 1396.24 3818
882.623 1399.16 3826
880.222 1405.74 3844
873.669 1405.74 3844
867.116 1405.74 3844
856.533 1399.16 3826
850.011 1399.16 3826
843.488 1399.16 3826
836.966 1399.16 3826
828.707 1396.24 3818
822.198 1396.24 3818
817.399 1399.16 3826
810.877 1399.16 3826
806.246 1402.45 3835
799.709 1402.45 3835
793.171 1402.45 3835
786.633 1402.45 3835
780.096 1402.45 3835
773.558 1402.45 3835
767.02 1402.45 3835
758.698 1399.16 3826
748.833 1392.94 3809
739.027 1386.73 3792
732.562 1386.73 3792
719.396 1373.93 3757
711.473 1371 3749
703.389 1367.71 3740
697.013 1367.71 3740
690.638 1367.71 3740
682.798 1364.79 3732
673.536 1358.93 3716
667.201 1358.93 3716
657.843 1352.72 3699
651.537 1352.72 3699
643.836 1349.79 3691
637.544 1349.79 3691
629.883 1346.87 3683
624.959 1349.79 3691
618.667 1349.79 3691
612.375 1349.79 3691
606.083 1349.79 3691
599.79 1349.79 3691
592.212 1346.87 3683
585.933 1346.87 3683
579.655 1346.87 3683
573.376 1346.87 3683
565.866 1343.94 3675
559.601 1343.94 3675
553.336 1343.94 3675
547.071 1343.94 3675
540.806 1343.94 3675
536.868 1349.79 3691
530.576 1349.79 3691
524.284 1349.79 3691
517.992 1349.79 3691
511.699 1349.79 3691
504.312 1346.87 3683
496.951 1343.94 3675
489.618 1341.02 3667
483.367 1341.02 3667
474.904 1334.8 3650
466.755 1329.31 3635
459.545 1326.39 3627
453.362 1326.39 3627
447.179 1326.39 3627
438.077 1317.61 3603
431.935 1317.61 3603
425.793 1317.61 3603
418.719 1314.68 3595
412.59 1314.68 3595
405.67 1312.13 3588
399.554 1312.13 3588
391.683 1306.27 3572
383.974 1300.79 3557
377.06 1297.86 3549
371.01 1297.86 3549
364.96 1297.86 3549
-14.1053 162.004 443
-14.8605 162.004 443
-15.6157 162.004 443
-16.2601 160.907 440
-16.9715 160.542 439
-17.7199 160.542 439
-18.4683 160.542 439
-19.2167 160.542 439
-19.965 160.542 439
-20.6662 160.176 438
-21.4129 160.176 438
-22.109 159.81 437
-22.7494 159.079 435
-29.1942 153.959 421
-29.9119 153.959 421
-30.6296 153.959 421
-31.3473 153.959 421
-31.9888 153.593 420
-32.627 153.228 419
-33.3413 153.228 419
-33.9743 152.862 418
-34.6039 152.496 417
-35.2301 152.13 416
-35.8528 151.765 415
-36.5603 151.765 415
-37.178 151.399 414
-37.7922 151.033 413
-38.4963 151.033 413
-39.2004 151.033 413
-39.8078 150.668 412
-40.5102 150.668 412
-41.1125 150.302 411
-41.8131 150.302 411
-42.4103 149.936 410
-43.0041 149.571 409
-43.5945 149.205 408
-44.1815 148.839 407
-44.8754 148.839 407
-45.4572 148.473 406
-46.1494 148.473 406
-46.7261 148.108 405
-47.4165 148.108 405
-48.107 148.108 405
-48.6769 147.742 404
-49.2434 147.376 403
-49.9304 147.376 403
-50.4918 147.011 402
-51.1771 147.011 402
-51.6044 146.279 400
-52.2863 146.279 400
-52.9682 146.279 400
-53.6501 146.279 400
-54.1962 145.914 399
-54.8764 145.914 399
-55.5566 145.914 399
-56.0958 145.548 398
-56.7743 145.548 398
-57.4528 145.548 398
-58.1313 145.548 398
-58.662 145.182 397
-68.8138 145.182 397
-69.4906 145.182 397
-70.1674 145.182 397
-71.2011 145.914 399
-72.0614 146.279 400
-72.7433 146.279 400
-73.4252 146.279 400
-74.1071 146.279 400
-74.789 146.279 400
-75.2822 145.914 399
-76.1528 146.279 400
-76.8347 146.279 400
-77.5166 146.279 400
-78.1985 146.279 400
-78.8804 146.279 400
-79.5623 146.279 400
-80.2442 146.279 400
-80.9261 146.279 400
-81.812 146.645 401
-82.4956 146.645 401
-83.1792 146.645 401
-84.072 147.011 402
-84.7573 147.011 402
-85.6551 147.376 403
-86.3421 147.376 403
-87.2451 147.742 404
-87.9338 147.742 404
-88.8419 148.108 405
-89.5323 148.108 405
-90.2227 148.108 405
-90.9132 148.108 405
-91.6036 148.108 405
-92.294 148.108 405
-92.9844 148.108 405
-99.7651 154.325 422
-100.485 154.325 422
-101.684 155.056 424
-102.406 155.056 424
-103.129 155.056 424
-103.852 155.056 424
-104.821 155.422 425
-105.794 155.787 426
-106.521 155.787 426
-107.498 156.153 427
-108.226 156.153 427
-109.21 156.519 428
-109.939 156.519 428
-111.186 157.25 430
-112.179 157.616 431
-112.914 157.616 431
-113.649 157.616 431
-114.914 158.347 433
-115.92 158.713 434
-116.659 158.713 434
-117.399 158.713 434
-118.411 159.079 435
-119.427 159.444 436
-120.17 159.444 436
-121.191 159.81 437
-122.215 160.176 438
-122.961 160.176 438
-123.99 160.542 439
-124.739 160.542 439
-125.773 160.907 440
-126.523 160.907 440
-127.273 160.907 440
-128.314 161.273 441
-129.066 161.273 441
-129.818 161.273 441
-130.866 161.639 442
-131.917 162.004 443
-132.672 162.004 443
-133.427 162.004 443
-160.319 187.237 512
-161.192 187.237 512
-162.065 187.237 512
-162.938 187.237 512
-880.177 840.374 2298
-884.094 840.374 2298
-888.012 840.374 2298
-889.6 838.18 2292
-893.508 838.18 2292
-894.674 835.62 2285
-895.03 832.329 2276
-895.356 829.038 2267
-899.22 829.038 2267
-895.516 822.09 2248
-899.348 822.09 2248
-899.565 818.798 2239
-902.171 817.701 2236
-905.983 817.701 2236
-907.354 815.507 2230
-911.155 815.507 2230
-913.726 814.41 2227
-917.522 814.41 2227
-920.078 813.313 2224
-918.053 808.193 2210
-920.569 807.096 2207
-924.332 807.096 2207
-923.048 802.707 2195
-922.99 799.416 2186
-925.868 798.685 2184
-929.592 798.685 2184
-932.033 797.588 2181
-931.889 794.296 2172
-935.592 794.296 2172
-939.295 794.296 2172
-942.997 794.296 2172
-944.521 792.468 2167
-948.215 792.468 2167
-951.909 792.468 2167
-954.281 791.371 2164
-956.642 790.274 2161
-960.326 790.274 2161
-964.01 790.274 2161
-966.35 789.177 2158
-968.68 788.08 2155
-968.744 785.154 2147
-972.405 785.154 2147
-973.792 783.326 2142
-977.443 783.326 2142
-981.095 783.326 2142
-984.746 783.326 2142
-987.013 782.228 2139
-990.66 782.228 2139
-992.912 781.131 2136
-996.553 781.131 2136
-1000.19 781.131 2136
-1002.43 780.034 2133
-1005.12 779.303 2131
-1008.75 779.303 2131
-1012.38 779.303 2131
-1013.16 777.109 2125
-1015.34 776.012 2122
-1018.96 776.012 2122
-1021.62 775.28 2120
-1023.78 774.183 2117
-1027.39 774.183 2117
-1031 774.183 2117
-1032.16 772.355 2112
-1034.29 771.257 2109
-1037.89 771.257 2109
-1041.48 771.257 2109
-1039.63 767.235 2098
-1043.2 767.235 2098
-1044.28 765.406 2093
-1047.85 765.406 2093
-1046.4 761.749 2083
-1047.43 759.921 2078
-1046.92 756.995 2070
-1050.45 756.995 2070
-1044.82 750.413 2052
-1044.23 747.487 2044
-1042.59 743.83 2034
-1046.05 743.83 2034
1445.19 1488.36 4089
1438.21 1488.36 4089
1431.24 1488.36 4089
1424.27 1488.36 4089
1417.3 1488.36 4089
1410.33 1488.36 4089
1399.93 1484.72 4079
1389.56 1481.08 4069
1379.23 1477.44 4059
1372.31 1477.44 4059
1355.63 1466.89 4030
1348.76 1466.89 4030
1341.89 1466.89 4030
1335.02 1466.89 4030
1328.15 1466.89 4030
1321.28 1466.89 4030
1317.35 1470.16 4039
1310.46 1470.16 4039
1303.58 1470.16 4039
1296.69 1470.16 4039
1289.8 1470.16 4039
1282.92 1470.16 4039
1276.03 1470.16 4039
1266.32 1466.89 4030
1253.2 1459.61 4010
1246.36 1459.61 4010
1230.87 1449.42 3982
1221.01 1445.78 3972
1202.93 1432.31 3935
1196.22 1432.31 3935
1175.61 1415.57 3889
1158.16 1402.46 3853
1165.04 1418.84 3898
1163.74 1425.39 3916
1157.06 1425.39 3916
1169.78 1449.42 3982
1162.99 1449.42 3982
1156.2 1449.42 3982
1149.41 1449.42 3982
1142.62 1449.42 3982
1132.98 1445.78 3972
1126.21 1445.78 3972
1119.44 1445.78 3972
1096.98 1425.39 3916
1075.27 1405.74 3862
1068.69 1405.74 3862
1054.68 1395.91 3835
1045.68 1392.63 3826
1034.54 1386.45 3809
1028.05 1386.45 3809
1026.11 1392.63 3826
1019.59 1392.63 3826
1013.07 1392.63 3826
1011.28 1399.19 3844
1004.73 1399.19 3844
998.177 1399.19 3844
991.624 1399.19 3844
985.071 1399.19 3844
978.518 1399.19 3844
969.689 1395.91 3835
958.882 1389.72 3818
945.888 1380.26 3792
939.423 1380.26 3792
928.53 1373.71 3774
920.142 1370.79 3766
917.846 1376.98 3783
913.565 1380.26 3792
907.101 1380.26 3792
900.637 1380.26 3792
904.312 1395.91 3835
899.881 1399.19 3844
893.328 1399.19 3844
899.232 1418.84 3898
892.587 1418.84 3898
885.942 1418.84 3898
879.297 1418.84 3898
872.652 1418.84 3898
862.008 1412.29 3880
855.393 1412.29 3880
846.81 1409.01 3871
840.211 1409.01 3871
831.674 1405.74 3862
825.09 1405.74 3862
816.599 1402.46 3853
808.138 1399.19 3844
801.585 1399.19 3844
795.032 1399.19 3844
788.479 1399.19 3844
781.926 1399.19 3844
775.373 1399.19 3844
768.82 1399.19 3844
762.267 1399.19 3844
750.603 1389.72 3818
739.027 1380.26 3792
732.562 1380.26 3792
719.396 1367.52 3757
711.473 1364.61 3749
703.389 1361.33 3740
697.013 1361.33 3740
690.638 1361.33 3740
682.798 1358.42 3732
673.536 1352.59 3716
667.201 1352.59 3716
657.843 1346.41 3699
651.537 1346.41 3699
643.836 1343.49 3691
637.544 1343.49 3691
629.883 1340.58 3683
624.959 1343.49 3691
618.667 1343.49 3691
612.375 1343.49 3691
606.083 1343.49 3691
599.79 1343.49 3691
592.212 1340.58 3683
585.933 1340.58 3683
579.655 1340.58 3683
573.376 1340.58 3683
565.866 1337.67 3675
559.601 1337.67 3675
553.336 1337.67 3675
547.071 1337.67 3675
540.806 1337.67 3675
536.868 1343.49 3691
530.576 1343.49 3691
524.284 1343.49 3691
517.992 1343.49 3691
511.699 1343.49 3691
504.312 1340.58 3683
496.951 1337.67 3675
489.618 1334.76 3667
483.367 1334.76 3667
474.904 1328.57 3650
467.654 1325.66 3642
460.558 1323.11 3635
454.362 1323.11 3635
447.179 1320.2 3627
440.023 1317.29 3619
432.894 1314.38 3611
426.738 1314.38 3611
420.583 1314.38 3611
414.427 1314.38 3611
406.462 1308.55 3595
400.333 1308.55 3595
393.437 1306 3588
386.457 1303.09 3580
377.91 1294.72 3557
373.415 1300.18 3572
367.325 1300.18 3572
361.236 1300.18 3572
-14.1053 161.248 443
-14.8605 161.248 443
-15.6157 161.248 443
-16.2601 160.157 440
-16.9715 159.793 439
-17.7199 159.793 439
-18.4683 159.793 439
-19.2167 159.793 439
-19.965 159.793 439
-20.6662 159.429 438
-21.4129 159.429 438
-22.109 159.065 437
-22.7494 158.337 435
-29.1942 153.241 421
-29.9119 153.241 421
-30.6296 153.241 421
-31.3473 153.241 421
-31.9888 152.877 420
-32.627 152.513 419
-33.3413 152.513 419
-33.9743 152.149 418
-34.6039 151.785 417
-35.2301 151.421 416
-35.8528 151.057 415
-36.5603 151.057 415
-37.0882 150.329 413
-37.7922 150.329 413
-38.4031 149.965 412
-39.1054 149.965 412
-39.8078 149.965 412
-40.4118 149.601 411
-41.0125 149.237 410
-41.7114 149.237 410
-42.3069 148.873 409
-42.899 148.509 408
-43.4877 148.145 407
-44.073 147.781 406
-44.7651 147.781 406
-45.4572 147.781 406
-46.0357 147.417 405
-46.7261 147.417 405
-47.4165 147.417 405
-47.9882 147.053 404
-48.6769 147.053 404
-49.1212 146.325 402
-49.8065 146.325 402
-50.4918 146.325 402
-51.0498 145.961 401
-51.6044 145.597 400
-52.2863 145.597 400
-52.9682 145.597 400
-53.6501 145.597 400
-54.1962 145.233 399
-54.8764 145.233 399
-55.5566 145.233 399
-56.0958 144.869 398
-56.7743 144.869 398
-57.4528 144.869 398
-58.1313 144.869 398
-58.662 144.505 397
-68.8138 144.505 397
-69.4906 144.505 397
-70.1674 144.505 397
-71.2011 145.233 399
-72.0614 145.597 400
-72.7433 145.597 400
-73.4252 145.597 400
-74.1071 145.597 400
-74.789 145.597 400
-75.4709 145.597 400
-76.1528 145.597 400
-76.8347 145.597 400
-77.5166 145.597 400
-78.1985 145.597 400
-78.8804 145.597 400
-79.7612 145.961 401
-80.4448 145.961 401
-81.1284 145.961 401
-81.812 145.961 401
-82.4956 145.961 401
-83.1792 145.961 401
-84.072 146.325 402
-84.7573 146.325 402
-85.6551 146.689 403
-86.3421 146.689 403
-87.2451 147.053 404
-88.1515 147.417 405
-88.8419 147.417 405
-89.5323 147.417 405
-90.2227 147.417 405
-90.9132 147.417 405
-91.6036 147.417 405
-92.294 147.417 405
-92.9844 147.417 405
-99.7651 153.605 422
-100.485 153.605 422
-101.684 154.333 424
-102.406 154.333 424
-103.129 154.333 424
-103.852 154.333 424
-104.821 154.697 425
-105.794 155.061 426
-106.521 155.061 426
-107.498 155.425 427
-108.226 155.425 427
-109.21 155.789 428
-109.939 155.789 428
-111.186 156.517 430
-112.179 156.881 431
-112.914 156.881 431
-113.912 157.245 432
-114.914 157.609 433
-115.92 157.973 434
-116.659 157.973 434
-117.67 158.337 435
-118.411 158.337 435
-119.427 158.701 436
-120.17 158.701 436
-121.191 159.065 437
-122.494 159.793 439
-123.242 159.793 439
-123.99 159.793 439
-124.739 159.793 439
-125.773 160.157 440
-126.523 160.157 440
-127.273 160.157 440
-128.314 160.521 441
-129.066 160.521 441
-129.818 160.521 441
-131.162 161.248 443
-131.917 161.248 443
-132.672 161.248 443
-133.427 161.248 443
-880.177 836.454 2298
-884.094 836.454 2298
-888.012 836.454 2298
-889.6 834.27 2292
-893.508 834.27 2292
-897.415 834.27 2292
-896.21 829.538 2279
-895.356 825.17 2267
-899.22 825.17 2267
-895.516 818.254 2248
-899.348 818.254 2248
-899.565 814.978 2239
-903.382 814.978 2239
-905.983 813.886 2236
-907.354 811.702 2230
-911.155 811.702 2230
-914.957 811.702 2230
-917.522 810.61 2227
-920.078 809.518 2224
-916.807 803.33 2207
-919.318 802.239 2204
-923.075 802.239 2204
-921.786 797.871 2192
-922.99 795.687 2186
-925.868 794.959 2184
-929.592 794.959 2184
-930.751 792.775 2178
-931.889 790.591 2172
-935.592 790.591 2172
-939.295 790.591 2172
-942.997 790.591 2172
-944.521 788.771 2167
-948.215 788.771 2167
-951.909 788.771 2167
-954.281 787.679 2164
-956.642 786.587 2161
-960.326 786.587 2161
-964.01 786.587 2161
-966.35 785.495 2158
-968.68 784.403 2155
-968.744 781.491 2147
-972.405 781.491 2147
-974.701 780.399 2144
-977.443 779.671 2142
-981.095 779.671 2142
-984.746 779.671 2142
-988.398 779.671 2142
-990.66 778.579 2139
-994.306 778.579 2139
-997.953 778.579 2139
-1000.19 777.487 2136
-1002.43 776.395 2133
-1005.12 775.667 2131
-1008.75 775.667 2131
-1010.96 774.575 2128
-1011.73 772.391 2122
-1014.39 771.663 2120
-1018 771.663 2120
-1021.62 771.663 2120
-1023.78 770.571 2117
-1024.96 768.751 2112
-1028.56 768.751 2112
-1032.16 768.751 2112
-1034.29 767.659 2109
-1033.95 764.747 2101
-1037.53 764.747 2101
-1039.63 763.655 2098
-1040.72 761.835 2093
-1043.29 761.107 2091
-1046.85 761.107 2091
-1046.4 758.195 2083
-1045.92 755.284 2075
-1045.41 752.372 2067
-1048.93 752.372 2067
-1044.82 746.912 2052
-1044.23 744 2044
-1042.59 740.36 2034
-1046.05 740.36 2034
1445.19 1481.39 4089
1438.21 1481.39 4089
1431.24 1481.39 4089
1424.27 1481.39 4089
1417.3 1481.39 4089
1410.33 1481.39 4089
1399.93 1477.76 4079
1389.56 1474.14 4069
1379.23 1470.52 4059
1372.31 1470.52 4059
1355.63 1460.01 4030
1345.41 1456.39 4020
1341.89 1460.01 4030
1335.02 1460.01 4030
1328.15 1460.01 4030
1321.28 1460.01 4030
1314.41 1460.01 4030
1310.46 1463.27 4039
1303.58 1463.27 4039
1296.69 1463.27 4039
1289.8 1463.27 4039
1282.92 1463.27 4039
1273.19 1460.01 4030
1263.18 1456.39 4020
1253.2 1452.77 4010
1246.36 1452.77 4010
1230.87 1442.62 3982
1221.01 1439 3972
1202.93 1425.6 3935
1196.22 1425.6 3935
1175.61 1408.93 3889
1158.16 1395.89 3853
1165.04 1412.19 3898
1163.74 1418.71 3916
1157.06 1418.71 3916
1169.78 1442.62 3982
1162.99 1442.62 3982
1156.2 1442.62 3982
1149.41 1442.62 3982
1142.62 1442.62 3982
1132.98 1439 3972
1126.21 1439 3972
1119.44 1439 3972
1096.98 1418.71 3916
1075.27 1399.15 3862
1068.69 1399.15 3862
1062.1 1399.15 3862
1050.6 1392.63 3844
1041.6 1389.37 3835
1032.64 1386.11 3826
1026.11 1386.11 3826
1036.38 1408.93 3889
1029.75 1408.93 3889
1023.12 1408.93 3889
1016.49 1408.93 3889
1009.86 1408.93 3889
993.945 1395.89 3853
987.377 1395.89 3853
980.809 1395.89 3853
971.965 1392.63 3844
963.151 1389.37 3835
954.369 1386.11 3826
947.846 1386.11 3826
934.927 1376.69 3800
928.449 1376.69 3800
921.971 1376.69 3800
921.757 1386.11 3826
915.234 1386.11 3826
910.85 1389.37 3835
914.923 1405.67 3880
908.309 1405.67 3880
910.061 1418.71 3916
907.768 1425.6 3935
901.06 1425.6 3935
894.352 1425.6 3935
887.643 1425.6 3935
876.682 1418.71 3916
870.006 1418.71 3916
861.346 1415.45 3907
854.685 1415.45 3907
848.025 1415.45 3907
841.365 1415.45 3907
834.704 1415.45 3907
826.136 1412.19 3898
817.599 1408.93 3889
810.969 1408.93 3889
804.339 1408.93 3889
794.018 1402.41 3871
787.418 1402.41 3871
780.819 1402.41 3871
774.22 1402.41 3871
765.836 1399.15 3862
752.175 1386.11 3826
739.027 1373.79 3792
732.562 1373.79 3792
722.651 1367.27 3774
711.473 1358.21 3749
705.082 1358.21 3749
698.691 1358.21 3749
690.638 1354.95 3740
682.798 1352.05 3732
673.536 1346.25 3716
667.201 1346.25 3716
657.843 1340.1 3699
651.537 1340.1 3699
643.836 1337.2 3691
637.544 1337.2 3691
629.883 1334.3 3683
624.959 1337.2 3691
618.667 1337.2 3691
612.375 1337.2 3691
606.083 1337.2 3691
599.79 1337.2 3691
592.212 1334.3 3683
585.933 1334.3 3683
579.655 1334.3 3683
573.376 1334.3 3683
565.866 1331.4 3675
559.601 1331.4 3675
553.336 1331.4 3675
547.071 1331.4 3675
540.806 1331.4 3675
536.868 1337.2 3691
530.576 1337.2 3691
524.284 1337.2 3691
517.992 1337.2 3691
511.699 1337.2 3691
504.312 1334.3 3683
496.951 1331.4 3675
489.618 1328.5 3667
483.367 1328.5 3667
474.904 1322.34 3650
467.654 1319.45 3642
460.558 1316.91 3635
454.362 1316.91 3635
447.179 1314.01 3627
440.023 1311.11 3619
432.894 1308.21 3611
426.738 1308.21 3611
420.583 1308.21 3611
414.427 1308.21 3611
406.462 1302.42 3595
400.333 1302.42 3595
394.205 1302.42 3595
388.076 1302.42 3595
381.948 1302.42 3595
375.819 1302.42 3595
369.69 1302.42 3595
363.562 1302.42 3595
356.737 1299.88 3588
350.621 1299.88 3588
-15.4747 159.044 439
-16.2231 159.044 439
-16.9715 159.044 439
-17.7199 159.044 439
-18.4683 159.044 439
-19.2167 159.044 439
-19.965 159.044 439
-20.6662 158.681 438
-21.4129 158.681 438
-22.109 158.319 437
-22.7494 157.594 435
-29.1942 152.522 421
-29.9119 152.522 421
-30.6296 152.522 421
-31.3473 152.522 421
-31.9888 152.16 420
-32.627 151.798 419
-33.3413 151.798 419
-33.9743 151.436 418
-34.6039 151.073 417
-35.2301 150.711 416
-35.8528 150.349 415
-36.5603 150.349 415
-37.178 149.986 414
-37.7922 149.624 413
-38.4031 149.262 412
-39.1054 149.262 412
-39.8078 149.262 412
-40.4118 148.9 411
-41.0125 148.537 410
-41.7114 148.537 410
-42.3069 148.175 409
-42.7939 147.45 407
-43.4877 147.45 407
-44.073 147.088 406
-44.7651 147.088 406
-45.4572 147.088 406
-46.0357 146.726 405
-46.6107 146.364 404
-47.2995 146.364 404
-47.9882 146.364 404
-48.5564 146.001 403
-49.1212 145.639 402
-49.8065 145.639 402
-50.3662 145.277 401
-51.0498 145.277 401
-51.6044 144.914 400
-52.2863 144.914 400
-52.9682 144.914 400
-53.6501 144.914 400
-54.1962 144.552 399
-54.8764 144.552 399
-55.5566 144.552 399
-56.0958 144.19 398
-56.7743 144.19 398
-57.4528 144.19 398
-58.1313 144.19 398
-58.662 143.828 397
-59.1894 143.465 396
-68.8138 143.828 397
-69.4906 143.828 397
-70.3441 144.19 398
-71.2011 144.552 399
-71.8813 144.552 399
-72.7433 144.914 400
-73.4252 144.914 400
-74.1071 144.914 400
-74.789 144.914 400
-75.4709 144.914 400
-76.1528 144.914 400
-76.8347 144.914 400
-77.5166 144.914 400
-78.1985 144.914 400
-78.8804 144.914 400
-79.7612 145.277 401
-80.4448 145.277 401
-81.1284 145.277 401
-81.812 145.277 401
-82.4956 145.277 401
-83.1792 145.277 401
-84.072 145.639 402
-84.7573 145.639 402
-85.6551 146.001 403
-86.3421 146.001 403
-87.2451 146.364 404
-88.1515 146.726 405
-88.8419 146.726 405
-89.5323 146.726 405
-90.2227 146.726 405
-90.9132 146.726 405
-91.6036 146.726 405
-92.294 146.726 405
-92.9844 146.726 405
-98.5763 152.16 420
-99.7651 152.885 422
-100.485 152.885 422
-101.684 153.609 424
-102.406 153.609 424
-103.129 153.609 424
-104.097 153.972 425
-105.068 154.334 426
-106.043 154.696 427
-106.771 154.696 427
-107.498 154.696 427
-108.48 155.058 428
-109.465 155.421 429
-110.196 155.421 429
-111.444 156.145 431
-112.44 156.508 432
-113.176 156.508 432
-113.912 156.508 432
-114.914 156.87 433
-115.92 157.232 434
-116.659 157.232 434
-117.67 157.594 435
-118.411 157.594 435
-119.701 158.319 437
-120.446 158.319 437
-121.468 158.681 438
-122.494 159.044 439
-123.242 159.044 439
-123.99 159.044 439
-124.739 159.044 439
-125.773 159.406 440
-126.523 159.406 440
-127.563 159.768 441
-128.314 159.768 441
-129.066 159.768 441
-129.818 159.768 441
-131.162 160.493 443
-131.917 160.493 443
-132.672 160.493 443
-133.427 160.493 443
-877.878 830.359 2292
-881.786 830.359 2292
-885.693 830.359 2292
-889.6 830.359 2292
-893.508 830.359 2292
-897.415 830.359 2292
-896.21 825.65 2279
-895.356 821.302 2267
-899.22 821.302 2267
-895.516 814.419 2248
-899.348 814.419 2248
-899.565 811.158 2239
-903.382 811.158 2239
-905.983 810.071 2236
-907.354 807.898 2230
-911.155 807.898 2230
-914.957 807.898 2230
-917.522 806.811 2227
-920.078 805.724 2224
-916.807 799.565 2207
-919.318 798.478 2204
-923.075 798.478 2204
-921.786 794.131 2192
-922.99 791.957 2186
-925.868 791.233 2184
-929.592 791.233 2184
-930.751 789.059 2178
-931.889 786.885 2172
-935.592 786.885 2172
-939.295 786.885 2172
-942.997 786.885 2172
-944.521 785.074 2167
-948.215 785.074 2167
-951.909 785.074 2167
-954.281 783.987 2164
-956.642 782.9 2161
-958.992 781.813 2158
-962.671 781.813 2158
-966.35 781.813 2158
-967.781 780.002 2153
-968.744 777.828 2147
-972.405 777.828 2147
-974.701 776.741 2144
-977.443 776.017 2142
-981.095 776.017 2142
-984.746 776.017 2142
-988.398 776.017 2142
-992.049 776.017 2142
-994.306 774.93 2139
-997.953 774.93 2139
-1000.19 773.843 2136
-1003.84 773.843 2136
-1006.06 772.756 2133
-1009.7 772.756 2133
-1010.96 770.945 2128
-1011.73 768.771 2122
-1014.39 768.046 2120
-1018 768.046 2120
-1020.17 766.959 2117
-1022.33 765.873 2114
-1024.96 765.148 2112
-1028.56 765.148 2112
-1030.7 764.061 2109
-1032.82 762.974 2106
-1033.95 761.163 2101
-1037.53 761.163 2101
-1038.63 759.351 2096
-1039.72 757.54 2091
-1040.29 755.366 2085
-1043.85 755.366 2085
-1043.89 752.83 2078
-1043.4 749.932 2070
-1044.4 748.121 2065
-1047.92 748.121 2065
-1043.29 742.324 2049
-1044.23 740.513 2044
-1041.56 736.165 2032
-1045.03 736.165 2032
1438.21 1474.41 4089
1431.24 1474.41 4089
1424.27 1474.41 4089
1417.3 1474.41 4089
1410.33 1474.41 4089
1399.93 1470.81 4079
1389.56 1467.2 4069
1379.23 1463.59 4059
1372.31 1463.59 4059
1352.27 1449.53 4020
1345.41 1449.53 4020
1341.89 1453.14 4030
1335.02 1453.14 4030
1328.15 1453.14 4030
1321.28 1453.14 4030
1314.41 1453.14 4030
1310.46 1456.38 4039
1303.58 1456.38 4039
1296.69 1456.38 4039
1289.8 1456.38 4039
1282.92 1456.38 4039
1276.03 1456.38 4039
1266.32 1453.14 4030
1259.45 1453.14 4030
1252.58 1453.14 4030
1242.62 1449.53 4020
1232.69 1445.93 4010
1220.05 1439.07 3991
1213.24 1439.07 3991
1200.7 1432.22 3972
1191.22 1428.98 3963
1195.82 1442.68 4001
1191.68 1445.93 4010
1184.84 1445.93 4010
1183.88 1453.14 4030
1177.01 1453.14 4030
1170.14 1453.14 4030
1163.27 1453.14 4030
1153.53 1449.53 4020
1143.82 1445.93 4010
1136.99 1445.93 4010
1130.15 1445.93 4010
1112.67 1432.22 3972
1095.6 1418.88 3935
1088.89 1418.88 3935
1062.1 1392.56 3862
1050.6 1386.07 3844
1041.6 1382.82 3835
1032.64 1379.58 3826
1026.11 1379.58 3826
1036.38 1402.3 3889
1029.75 1402.3 3889
1023.12 1402.3 3889
1016.49 1402.3 3889
1009.86 1402.3 3889
993.945 1389.31 3853
987.377 1389.31 3853
980.809 1389.31 3853
971.965 1386.07 3844
963.151 1382.82 3835
954.369 1379.58 3826
947.846 1379.58 3826
934.927 1370.2 3800
928.449 1370.2 3800
921.971 1370.2 3800
921.757 1379.58 3826
915.234 1379.58 3826
925.813 1405.54 3898
923.412 1412.03 3916
916.736 1412.03 3916
916.568 1422.13 3944
914.227 1428.98 3963
907.471 1428.98 3963
900.715 1428.98 3963
893.959 1428.98 3963
884.965 1425.37 3953
878.226 1425.37 3953
869.503 1422.13 3944
860.811 1418.88 3935
854.102 1418.88 3935
849.332 1422.13 3944
842.609 1422.13 3944
835.885 1422.13 3944
827.27 1418.88 3935
820.562 1418.88 3935
813.853 1418.88 3935
805.094 1415.28 3925
796.572 1412.03 3916
789.896 1412.03 3916
783.221 1412.03 3916
769.406 1399.05 3880
762.791 1399.05 3880
744.094 1376.69 3818
737.585 1376.69 3818
726.098 1367.32 3792
716.217 1360.83 3774
706.586 1354.7 3757
700.182 1354.7 3757
693.777 1354.7 3757
685.909 1351.81 3749
676.436 1345.68 3732
670.074 1345.68 3732
660.867 1339.91 3716
651.537 1333.78 3699
645.231 1333.78 3699
638.926 1333.78 3699
631.252 1330.9 3691
624.959 1330.9 3691
618.667 1330.9 3691
612.375 1330.9 3691
606.083 1330.9 3691
599.79 1330.9 3691
592.212 1328.02 3683
585.933 1328.02 3683
579.655 1328.02 3683
573.376 1328.02 3683
567.097 1328.02 3683
560.819 1328.02 3683
554.54 1328.02 3683
548.262 1328.02 3683
541.983 1328.02 3683
536.868 1330.9 3691
530.576 1330.9 3691
524.284 1330.9 3691
517.992 1330.9 3691
511.699 1330.9 3691
504.312 1328.02 3683
498.033 1328.02 3683
489.618 1322.25 3667
483.367 1322.25 3667
475.944 1319 3658
468.681 1316.12 3650
461.445 1313.23 3642
455.237 1313.23 3642
447.179 1307.82 3627
440.995 1307.82 3627
433.853 1304.94 3619
427.684 1304.94 3619
421.514 1304.94 3619
415.345 1304.94 3619
408.271 1302.05 3611
402.115 1302.05 3611
395.959 1302.05 3611
388.076 1296.28 3595
381.948 1296.28 3595
375.819 1296.28 3595
369.69 1296.28 3595
363.562 1296.28 3595
356.737 1293.76 3588
350.621 1293.76 3588
-15.4747 158.295 439
-16.2231 158.295 439
-16.9715 158.295 439
-17.7199 158.295 439
-18.4683 158.295 439
-19.2167 158.295 439
-19.965 158.295 439
-20.6662 157.934 438
-21.4129 157.934 438
-22.109 157.573 437
-22.7494 156.852 435
-29.1942 151.804 421
-29.9119 151.804 421
-30.6296 151.804 421
-31.3473 151.804 421
-31.9888 151.444 420
-32.627 151.083 419
-33.3413 151.083 419
-33.9743 150.722 418
-34.6039 150.362 417
-35.2301 150.001 416
-35.8528 149.641 415
-36.5603 149.641 415
-37.178 149.28 414
-37.7922 148.919 413
-38.4031 148.559 412
-39.1054 148.559 412
-39.8078 148.559 412
-40.4118 148.198 411
-41.0125 147.838 410
-41.7114 147.838 410
-42.2035 147.117 408
-42.7939 146.756 407
-43.4877 146.756 407
-44.073 146.395 406
-44.7651 146.395 406
-45.4572 146.395 406
-46.0357 146.035 405
-46.6107 145.674 404
-47.2995 145.674 404
-47.9882 145.674 404
-48.5564 145.314 403
-49.1212 144.953 402
-49.8065 144.953 402
-50.3662 144.593 401
-51.0498 144.593 401
-51.6044 144.232 400
-52.2863 144.232 400
-52.9682 144.232 400
-53.6501 144.232 400
-54.1962 143.871 399
-54.8764 143.871 399
-55.5566 143.871 399
-56.0958 143.511 398
-56.7743 143.511 398
-57.4528 143.511 398
-58.1313 143.511 398
-58.662 143.15 397
-59.1894 142.79 396
-68.8138 143.15 397
-69.4906 143.15 397
-70.3441 143.511 398
-71.3795 144.232 400
-72.0614 144.232 400
-72.7433 144.232 400
-73.4252 144.232 400
-74.1071 144.232 400
-74.789 144.232 400
-75.4709 144.232 400
-76.1528 144.232 400
-76.8347 144.232 400
-77.5166 144.232 400
-78.1985 144.232 400
-78.8804 144.232 400
-79.7612 144.593 401
-80.4448 144.593 401
-81.1284 144.593 401
-81.812 144.593 401
-82.4956 144.593 401
-83.1792 144.593 401
-84.072 144.953 402
-84.7573 144.953 402
-85.6551 145.314 403
-86.3421 145.314 403
-87.2451 145.674 404
-88.1515 146.035 405
-88.8419 146.035 405
-89.7534 146.395 406
-90.4455 146.395 406
-91.1376 146.395 406
-91.8298 146.395 406
-92.5219 146.395 406
-92.9844 146.035 405
-98.5763 151.444 420
-99.2923 151.444 420
-100.008 151.444 420
-101.444 152.525 423
-102.406 152.886 424
-103.129 152.886 424
-104.097 153.246 425
-105.068 153.607 426
-106.043 153.968 427
-106.771 153.968 427
-107.498 153.968 427
-108.48 154.328 428
-109.465 154.689 429
-110.196 154.689 429
-111.444 155.41 431
-112.44 155.771 432
-113.176 155.771 432
-113.912 155.771 432
-114.914 156.131 433
-115.92 156.492 434
-116.659 156.492 434
-117.67 156.852 435
-118.411 156.852 435
-119.701 157.573 437
-120.446 157.573 437
-121.468 157.934 438
-122.494 158.295 439
-123.242 158.295 439
-123.99 158.295 439
-125.023 158.655 440
-125.773 158.655 440
-126.523 158.655 440
-127.563 159.016 441
-128.314 159.016 441
-129.066 159.016 441
-129.818 159.016 441
-131.162 159.737 443
-131.917 159.737 443
-132.672 159.737 443
-133.427 159.737 443
-877.878 826.449 2292
-881.786 826.449 2292
-885.693 826.449 2292
-889.6 826.449 2292
-893.508 826.449 2292
-897.415 826.449 2292
-896.21 821.762 2279
-895.356 817.435 2267
-899.22 817.435 2267
-895.516 810.584 2248
-899.348 810.584 2248
-899.565 807.338 2239
-903.382 807.338 2239
-905.983 806.257 2236
-907.354 804.093 2230
-911.155 804.093 2230
-914.957 804.093 2230
-917.522 803.011 2227
-918.836 800.848 2221
-915.561 794.718 2204
-918.067 793.636 2201
-920.562 792.555 2198
-920.525 789.309 2189
-922.145 787.506 2184
-923.325 785.343 2178
-927.038 785.343 2178
-930.751 785.343 2178
-931.889 783.179 2172
-934.3 782.098 2169
-937.997 782.098 2169
-940.827 781.377 2167
-944.521 781.377 2167
-946.902 780.295 2164
-950.591 780.295 2164
-954.281 780.295 2164
-956.642 779.213 2161
-958.992 778.131 2158
-962.671 778.131 2158
-966.35 778.131 2158
-967.781 776.328 2153
-968.744 774.165 2147
-972.405 774.165 2147
-974.701 773.083 2144
-978.356 773.083 2144
-982.011 773.083 2144
-985.666 773.083 2144
-989.321 773.083 2144
-992.976 773.083 2144
-996.631 773.083 2144
-999.353 772.362 2142
-1001.6 771.28 2139
-1003.84 770.199 2136
-1007.48 770.199 2136
-1009.7 769.117 2133
-1013.33 769.117 2133
-1014.59 767.314 2128
-1018.21 767.314 2128
-1018.96 765.151 2122
-1021.62 764.429 2120
-1023.78 763.348 2117
-1027.39 763.348 2117
-1028.56 761.545 2112
-1032.16 761.545 2112
-1031.84 758.66 2104
-1033.95 757.578 2101
-1037.53 757.578 2101
-1036.16 753.972 2091
-1039.72 753.972 2091
-1039.29 751.088 2083
-1042.85 751.088 2083
-1039.87 746.4 2070
-1040.87 744.597 2065
-1039.34 740.992 2055
-1042.84 740.992 2055
-1040.74 737.025 2044
-1040.65 734.501 2037
-1040.54 731.977 2030
-1044 731.977 2030
1445.19 1467.43 4089
1438.21 1467.43 4089
1431.24 1467.43 4089
1424.27 1467.43 4089
1417.3 1467.43 4089
1410.33 1467.43 4089
1399.93 1463.85 4079
1389.56 1460.26 4069
1379.23 1456.67 4059
1372.31 1456.67 4059
1352.27 1442.67 4020
1345.41 1442.67 4020
1341.89 1446.26 4030
1335.02 1446.26 4030
1328.15 1446.26 4030
1321.28 1446.26 4030
1314.41 1446.26 4030
1313.71 1453.08 4049
1306.8 1453.08 4049
1299.9 1453.08 4049
1293 1453.08 4049
1286.1 1453.08 4049
1279.19 1453.08 4049
1281.72 1463.85 4079
1274.76 1463.85 4079
1267.81 1463.85 4079
1260.86 1463.85 4079
1256.98 1467.43 4089
1250.01 1467.43 4089
1243.03 1467.43 4089
1233.04 1463.85 4079
1226.09 1463.85 4079
1219.13 1463.85 4079
1212.18 1463.85 4079
1184.84 1439.08 4010
1183.88 1446.26 4030
1177.01 1446.26 4030
1170.14 1446.26 4030
1163.27 1446.26 4030
1153.53 1442.67 4020
1143.82 1439.08 4010
1136.99 1439.08 4010
1130.15 1439.08 4010
1123.31 1439.08 4010
1116.48 1439.08 4010
1109.64 1439.08 4010
1089.88 1422.22 3963
1080.39 1418.63 3953
1071.21 1415.4 3944
1064.49 1415.4 3944
1050.25 1405.35 3916
1043.58 1405.35 3916
1036.9 1405.35 3916
1032.59 1408.58 3925
1025.9 1408.58 3925
1019.21 1408.58 3925
1012.52 1408.58 3925
1005.83 1408.58 3925
999.137 1408.58 3925
987.894 1402.12 3907
978.974 1398.89 3898
972.328 1398.89 3898
961.224 1392.43 3880
947.967 1382.74 3853
939.199 1379.51 3844
932.646 1379.51 3844
926.093 1379.51 3844
928.152 1392.43 3880
925.813 1398.89 3898
923.412 1405.35 3916
916.736 1405.35 3916
916.568 1415.4 3944
914.227 1422.22 3963
907.471 1422.22 3963
900.715 1422.22 3963
893.959 1422.22 3963
884.965 1418.63 3953
878.226 1418.63 3953
869.503 1415.4 3944
860.811 1412.17 3935
854.102 1412.17 3935
849.332 1415.4 3944
842.609 1415.4 3944
835.885 1415.4 3944
827.27 1412.17 3935
820.562 1412.17 3935
813.853 1412.17 3935
805.094 1408.58 3925
796.572 1405.35 3916
789.896 1405.35 3916
783.221 1405.35 3916
769.406 1392.43 3880
762.791 1392.43 3880
744.094 1370.18 3818
737.585 1370.18 3818
731.076 1370.18 3818
717.925 1357.62 3783
709.784 1354.39 3774
703.35 1354.39 3774
695.439 1351.52 3766
687.372 1348.29 3757
679.518 1345.42 3749
673.126 1345.42 3749
663.712 1339.32 3732
655.941 1336.45 3724
648.197 1333.57 3716
641.862 1333.57 3716
633.988 1330.34 3707
627.668 1330.34 3707
620.008 1327.47 3699
613.702 1327.47 3699
607.396 1327.47 3699
601.09 1327.47 3699
593.498 1324.6 3691
587.206 1324.6 3691
580.914 1324.6 3691
574.622 1324.6 3691
567.097 1321.73 3683
560.819 1321.73 3683
554.54 1321.73 3683
548.262 1321.73 3683
543.16 1324.6 3691
538.032 1327.47 3699
531.726 1327.47 3699
525.42 1327.47 3699
519.114 1327.47 3699
512.808 1327.47 3699
506.502 1327.47 3699
498.033 1321.73 3683
491.754 1321.73 3683
485.476 1321.73 3683
477.115 1315.99 3667
469.708 1312.76 3658
462.459 1309.89 3650
456.237 1309.89 3650
449.028 1307.02 3642
441.968 1304.51 3635
435.771 1304.51 3635
429.575 1304.51 3635
423.378 1304.51 3635
417.181 1304.51 3635
410.984 1304.51 3635
404.788 1304.51 3635
396.836 1298.76 3619
389.803 1295.89 3611
382.798 1293.02 3603
376.655 1293.02 3603
369.69 1290.15 3595
363.562 1290.15 3595
356.737 1287.64 3588
350.621 1287.64 3588
-15.4747 157.546 439
-16.2231 157.546 439
-16.9715 157.546 439
-17.7199 157.546 439
-18.4683 157.546 439
-19.2167 157.546 439
-19.965 157.546 439
-20.6662 157.187 438
-21.4129 157.187 438
-22.109 156.828 437
-22.7494 156.11 435
-29.1942 151.086 421
-29.9119 151.086 421
-30.6296 151.086 421
-31.3473 151.086 421
-31.9888 150.727 420
-32.627 150.368 419
-33.3413 150.368 419
-34.0555 150.368 419
-34.6039 149.65 417
-35.2301 149.291 416
-35.8528 148.933 415
-36.5603 148.933 415
-37.178 148.574 414
-37.7922 148.215 413
-38.4031 147.856 412
-39.1054 147.856 412
-39.8078 147.856 412
-40.4118 147.497 411
-41.0125 147.138 410
-41.7114 147.138 410
-42.2035 146.421 408
-42.7939 146.062 407
-43.4877 146.062 407
-44.073 145.703 406
-44.7651 145.703 406
-45.3453 145.344 405
-46.0357 145.344 405
-46.6107 144.985 404
-47.2995 144.985 404
-47.8694 144.626 403
-48.4359 144.267 402
-48.999 143.908 401
-49.6826 143.908 401
-50.3662 143.908 401
-50.9225 143.55 400
-51.6044 143.55 400
-52.2863 143.55 400
-52.9682 143.55 400
-53.6501 143.55 400
-54.1962 143.191 399
-54.8764 143.191 399
-55.5566 143.191 399
-56.0958 142.832 398
-56.7743 142.832 398
-57.3085 142.473 397
-57.9852 142.473 397
-58.662 142.473 397
-59.3388 142.473 397
-59.8644 142.114 396
-60.5395 142.114 396
-68.8138 142.473 397
-69.4906 142.473 397
-70.3441 142.832 398
-71.3795 143.55 400
-72.0614 143.55 400
-72.7433 143.55 400
-73.4252 143.55 400
-74.1071 143.55 400
-74.789 143.55 400
-75.4709 143.55 400
-76.1528 143.55 400
-76.8347 143.55 400
-77.5166 143.55 400
-78.1985 143.55 400
-78.8804 143.55 400
-79.7612 143.908 401
-80.4448 143.908 401
-81.1284 143.908 401
-81.812 143.908 401
-82.7013 144.267 402
-83.3867 144.267 402
-84.072 144.267 402
-84.9681 144.626 403
-85.8677 144.985 404
-86.5564 144.985 404
-87.4611 145.344 405
-88.3691 145.703 406
-89.0613 145.703 406
-89.7534 145.703 406
-90.6683 146.062 407
-91.3621 146.062 407
-92.056 146.062 407
-92.9777 146.421 408
-93.6732 146.421 408
-95.2939 147.856 412
-95.9963 147.856 412
-98.5763 150.727 420
-99.2923 150.727 420
-100.008 150.727 420
-101.444 151.804 423
-102.648 152.521 425
-103.372 152.521 425
-104.097 152.521 425
-105.068 152.88 426
-106.043 153.239 427
-106.771 153.239 427
-107.498 153.239 427
-108.48 153.598 428
-109.465 153.957 429
-110.196 153.957 429
-111.444 154.675 431
-112.44 155.033 432
-113.176 155.033 432
-113.912 155.033 432
-114.914 155.392 433
-115.92 155.751 434
-116.659 155.751 434
-117.67 156.11 435
-118.411 156.11 435
-119.701 156.828 437
-120.446 156.828 437
-121.468 157.187 438
-122.494 157.546 439
-123.242 157.546 439
-123.99 157.546 439
-125.023 157.904 440
-125.773 157.904 440
-126.523 157.904 440
-127.563 158.263 441
-128.314 158.263 441
-129.066 158.263 441
-129.818 158.263 441
-130.866 158.622 442
-131.619 158.622 442
-132.373 158.622 442
-876.259 824.692 2298
-880.177 824.692 2298
-884.094 824.692 2298
-885.693 822.539 2292
-889.6 822.539 2292
-893.508 822.539 2292
-894.674 820.027 2285
-896.21 817.873 2279
-894.171 812.49 2264
-898.03 812.49 2264
-895.516 806.748 2248
-898.148 805.672 2245
-898.359 802.442 2236
-902.171 802.442 2236
-905.983 802.442 2236
-907.354 800.289 2230
-911.155 800.289 2230
-914.957 800.289 2230
-915.05 797.059 2221
-916.354 794.905 2215
-914.315 789.881 2201
-918.067 789.881 2201
-918.049 786.651 2192
-917.161 782.704 2181
-919.612 781.627 2178
-920.781 779.474 2172
-924.484 779.474 2172
-928.187 779.474 2172
-929.744 777.679 2167
-933.438 777.679 2167
-937.133 777.679 2167
-940.827 777.679 2167
-943.213 776.603 2164
-945.59 775.526 2161
-949.274 775.526 2161
-952.958 775.526 2161
-955.313 774.45 2158
-958.992 774.45 2158
-962.671 774.45 2158
-965.007 773.373 2155
-966.433 771.579 2150
-968.744 770.502 2147
-972.405 770.502 2147
-974.701 769.425 2144
-978.356 769.425 2144
-982.011 769.425 2144
-985.666 769.425 2144
-989.321 769.425 2144
-992.976 769.425 2144
-996.631 769.425 2144
-999.353 768.708 2142
-1001.6 767.631 2139
-1003.84 766.554 2136
-1007.48 766.554 2136
-1009.7 765.478 2133
-1013.33 765.478 2133
-1014.59 763.683 2128
-1018.21 763.683 2128
-1018.96 761.53 2122
-1021.62 760.812 2120
-1023.78 759.736 2117
-1027.39 759.736 2117
-1029.54 758.659 2114
-1032.16 757.941 2112
-1031.84 755.07 2104
-1033.95 753.994 2101
-1037.53 753.994 2101
-1036.16 750.405 2091
-1039.72 750.405 2091
-1039.29 747.534 2083
-1042.85 747.534 2083
-1039.87 742.869 2070
-1040.87 741.074 2065
-1039.34 737.486 2055
-1042.84 737.486 2055
-1040.74 733.538 2044
-1040.65 731.026 2037
-1040.54 728.514 2030
-1044 728.514 2030
1445.19 1460.46 4089
1438.21 1460.46 4089
1431.24 1460.46 4089
1424.27 1460.46 4089
1417.3 1460.46 4089
1410.33 1460.46 4089
1399.93 1456.89 4079
1389.56 1453.32 4069
1372.43 1442.6 4039
1365.54 1442.6 4039
1352.27 1435.81 4020
1342.07 1432.24 4010
1338.56 1435.81 4020
1331.71 1435.81 4020
1324.86 1435.81 4020
1318 1435.81 4020
1314.41 1439.39 4030
1313.71 1446.17 4049
1306.8 1446.17 4049
1309.53 1456.89 4079
1302.58 1456.89 4079
1295.62 1456.89 4079
1279.19 1446.17 4049
1281.72 1456.89 4079
1274.76 1456.89 4079
1267.81 1456.89 4079
1260.86 1456.89 4079
1256.98 1460.46 4089
1250.01 1460.46 4089
1243.03 1460.46 4089
1236.06 1460.46 4089
1226.09 1456.89 4079
1219.13 1456.89 4079
1212.18 1456.89 4079
1184.84 1432.24 4010
1183.88 1439.39 4030
1177.01 1439.39 4030
1170.14 1439.39 4030
1163.27 1439.39 4030
1153.53 1435.81 4020
1143.82 1432.24 4010
1136.99 1432.24 4010
1130.15 1432.24 4010
1142.64 1456.89 4079
1135.69 1456.89 4079
1128.74 1456.89 4079
1116.28 1449.74 4059
1106.63 1446.17 4049
1099.73 1446.17 4049
1095.52 1449.74 4059
1088.6 1449.74 4059
1081.68 1449.74 4059
1074.76 1449.74 4059
1067.85 1449.74 4059
1060.93 1449.74 4059
1051.41 1446.17 4049
1044.51 1446.17 4049
1037.6 1446.17 4049
1023.32 1435.81 4020
1016.47 1435.81 4020
1002.33 1425.46 3991
995.527 1425.46 3991
984.016 1418.67 3972
970.356 1408.67 3944
965.831 1411.88 3953
959.092 1411.88 3953
952.354 1411.88 3953
950.16 1418.67 3972
945.764 1422.24 3982
938.975 1422.24 3982
932.187 1422.24 3982
927.49 1425.46 3991
925.07 1432.24 4010
918.234 1432.24 4010
911.398 1432.24 4010
904.562 1432.24 4010
893.472 1425.46 3991
886.668 1425.46 3991
879.865 1425.46 3991
873.061 1425.46 3991
864.304 1422.24 3982
857.516 1422.24 3982
850.727 1422.24 3982
837.793 1411.88 3953
831.054 1411.88 3953
824.315 1411.88 3953
817.576 1411.88 3953
807.145 1405.45 3935
798.403 1401.88 3925
791.712 1401.88 3925
785.021 1401.88 3925
776.545 1398.67 3916
762.791 1385.81 3880
756.177 1385.81 3880
744.347 1376.17 3853
731.076 1363.67 3818
717.925 1351.17 3783
709.784 1347.95 3774
703.35 1347.95 3774
695.439 1345.09 3766
687.372 1341.88 3757
679.518 1339.02 3749
673.126 1339.02 3749
663.712 1332.95 3732
655.941 1330.09 3724
648.197 1327.23 3716
641.862 1327.23 3716
633.988 1324.02 3707
627.668 1324.02 3707
620.008 1321.16 3699
613.702 1321.16 3699
607.396 1321.16 3699
601.09 1321.16 3699
593.498 1318.31 3691
587.206 1318.31 3691
580.914 1318.31 3691
574.622 1318.31 3691
569.561 1321.16 3699
563.255 1321.16 3699
556.949 1321.16 3699
549.453 1318.31 3691
544.338 1321.16 3699
540.505 1327.23 3716
534.17 1327.23 3716
527.835 1327.23 3716
521.5 1327.23 3716
515.165 1327.23 3716
507.598 1324.02 3707
500.197 1321.16 3699
492.823 1318.31 3691
486.53 1318.31 3691
479.197 1315.45 3683
471.891 1312.59 3675
465.626 1312.59 3675
459.362 1312.59 3675
451.001 1306.52 3658
443.792 1303.66 3650
436.611 1300.8 3642
430.402 1300.8 3642
424.193 1300.8 3642
417.984 1300.8 3642
411.776 1300.8 3642
405.567 1300.8 3642
399.358 1300.8 3642
392.394 1298.3 3635
383.647 1289.73 3611
377.492 1289.73 3611
370.513 1286.88 3603
363.562 1284.02 3595
356.737 1281.52 3588
350.621 1281.52 3588
-15.4747 156.797 439
-16.2231 156.797 439
-16.9715 156.797 439
-17.7199 156.797 439
-18.4683 156.797 439
-19.2167 156.797 439
-19.965 156.797 439
-20.6662 156.439 438
-21.4129 156.439 438
-22.109 156.082 437
-22.7494 155.368 435
-29.2636 150.725 422
-29.983 150.725 422
-30.7024 150.725 422
-31.3473 150.368 421
-31.9888 150.01 420
-32.627 149.653 419
-33.3413 149.653 419
-34.0555 149.653 419
-34.6039 148.939 417
-35.2301 148.582 416
-35.8528 148.225 415
-36.5603 148.225 415
-37.178 147.867 414
-37.7922 147.51 413
-38.4031 147.153 412
-39.1054 147.153 412
-39.8078 147.153 412
-40.4118 146.796 411
-40.9124 146.082 409
-41.6097 146.082 409
-42.2035 145.724 408
-42.7939 145.367 407
-43.4877 145.367 407
-44.073 145.01 406
-44.7651 145.01 406
-45.3453 144.653 405
-45.922 144.296 404
-46.4954 143.939 403
-47.1824 143.939 403
-47.7506 143.581 402
-48.4359 143.581 402
-48.999 143.224 401
-49.6826 143.224 401
-50.3662 143.224 401
-50.9225 142.867 400
-51.6044 142.867 400
-52.2863 142.867 400
-52.9682 142.867 400
-53.6501 142.867 400
-54.1962 142.51 399
-54.8764 142.51 399
-55.5566 142.51 399
-56.0958 142.153 398
-56.7743 142.153 398
-57.3085 141.796 397
-57.9852 141.796 397
-58.662 141.796 397
-59.3388 141.796 397
-59.8644 141.438 396
-60.5395 141.438 396
-68.8138 141.796 397
-69.4906 141.796 397
-70.3441 142.153 398
-71.3795 142.867 400
-72.0614 142.867 400
-72.7433 142.867 400
-73.4252 142.867 400
-74.1071 142.867 400
-74.789 142.867 400
-75.4709 142.867 400
-76.1528 142.867 400
-76.8347 142.867 400
-77.5166 142.867 400
-78.1985 142.867 400
-79.0776 143.224 401
-79.7612 143.224 401
-80.4448 143.224 401
-81.1284 143.224 401
-81.812 143.224 401
-82.7013 143.581 402
-83.3867 143.581 402
-84.2811 143.939 403
-85.1789 144.296 404
-86.0802 144.653 405
-86.7706 144.653 405
-87.677 145.01 406
-88.3691 145.01 406
-89.0613 145.01 406
-89.9745 145.367 407
-90.6683 145.367 407
-91.5866 145.724 408
-92.2821 145.724 408
-93.2056 146.082 409
-94.1324 146.439 410
-95.2939 147.153 412
-95.9963 147.153 412
-98.3416 149.653 419
-99.2923 150.01 420
-100.008 150.01 420
-101.444 151.082 423
-102.648 151.796 425
-103.372 151.796 425
-104.097 151.796 425
-105.068 152.153 426
-106.043 152.511 427
-106.771 152.511 427
-107.498 152.511 427
-108.48 152.868 428
-109.21 152.868 428
-110.196 153.225 429
-111.703 154.296 432
-112.44 154.296 432
-113.176 154.296 432
-113.912 154.296 432
-114.914 154.654 433
-115.92 155.011 434
-116.659 155.011 434
-117.67 155.368 435
-118.411 155.368 435
-119.701 156.082 437
-120.446 156.082 437
-121.468 156.439 438
-122.494 156.797 439
-123.242 156.797 439
-124.273 157.154 440
-125.023 157.154 440
-125.773 157.154 440
-126.523 157.154 440
-127.563 157.511 441
-128.314 157.511 441
-129.066 157.511 441
-129.818 157.511 441
-130.866 157.868 442
-131.619 157.868 442
-132.373 157.868 442
-873.48 821.843 2301
-877.403 821.843 2301
-881.326 821.843 2301
-884.094 820.771 2298
-885.693 818.628 2292
-889.6 818.628 2292
-893.508 818.628 2292
-894.674 816.128 2285
-896.21 813.985 2279
-894.171 808.628 2264
-898.03 808.628 2264
-895.516 802.913 2248
-898.148 801.841 2245
-895.949 796.484 2230
-899.75 796.484 2230
-902.336 795.412 2227
-903.691 793.269 2221
-907.478 793.269 2221
-911.264 793.269 2221
-912.578 791.126 2215
-913.045 788.269 2207
-911.822 783.983 2195
-915.564 783.983 2195
-915.537 780.768 2186
-915.899 777.911 2178
-917.079 775.768 2172
-919.51 774.697 2169
-923.207 774.697 2169
-924.768 772.911 2164
-928.457 772.911 2164
-930.854 771.839 2161
-934.538 771.839 2161
-938.222 771.839 2161
-941.906 771.839 2161
-944.277 770.768 2158
-947.956 770.768 2158
-951.635 770.768 2158
-953.985 769.696 2155
-957.659 769.696 2155
-961.333 769.696 2155
-964.111 768.982 2153
-965.084 766.839 2147
-968.744 766.839 2147
-972.405 766.839 2147
-974.701 765.767 2144
-978.356 765.767 2144
-983.385 766.839 2147
-987.045 766.839 2147
-990.705 766.839 2147
-992.976 765.767 2144
-996.631 765.767 2144
-999.353 765.053 2142
-1003 765.053 2142
-1003.84 762.91 2136
-1007.48 762.91 2136
-1011.12 762.91 2136
-1013.33 761.839 2133
-1014.59 760.053 2128
-1018.21 760.053 2128
-1018.96 757.91 2122
-1022.58 757.91 2122
-1023.78 756.124 2117
-1027.39 756.124 2117
-1029.54 755.052 2114
-1032.16 754.338 2112
-1031.84 751.481 2104
-1033.95 750.409 2101
-1035.06 748.623 2096
-1036.16 746.838 2091
-1035.74 743.98 2083
-1036.8 742.194 2078
-1040.34 742.194 2078
-1037.35 737.551 2065
-1035.83 733.98 2055
-1033.77 730.051 2044
-1037.26 730.051 2044
-1037.18 727.551 2037
-1037.08 725.05 2030
-1036.44 722.193 2022
-1039.88 722.193 2022
1465.56 1439.26 4049
1462.26 1442.82 4059
1455.34 1442.82 4059
1448.42 1442.82 4059
1437.95 1439.26 4049
1445.19 1453.48 4089
1438.21 1453.48 4089
1431.24 1453.48 4089
1420.79 1449.93 4079
1413.84 1449.93 4079
1406.88 1449.93 4079
1399.93 1449.93 4079
1386.15 1442.82 4059
1365.97 1428.96 4020
1359.12 1428.96 4020
1345.88 1422.2 4001
1335.71 1418.65 3991
1335.23 1425.4 4010
1328.4 1425.4 4010
1321.56 1425.4 4010
1318 1428.96 4020
1314.41 1432.51 4030
1316.95 1442.82 4059
1310.03 1442.82 4059
1309.53 1449.93 4079
1302.58 1449.93 4079
1295.62 1449.93 4079
1279.19 1439.26 4049
1281.72 1449.93 4079
1274.76 1449.93 4079
1267.81 1449.93 4079
1260.86 1449.93 4079
1256.98 1453.48 4089
1250.01 1453.48 4089
1243.03 1453.48 4089
1236.06 1453.48 4089
1226.09 1449.93 4079
1219.13 1449.93 4079
1212.18 1449.93 4079
1142.64 1449.93 4079
1135.69 1449.93 4079
1128.74 1449.93 4079
1119.03 1446.37 4069
1112.1 1446.37 4069
1105.16 1446.37 4069
1098.22 1446.37 4069
1091.29 1446.37 4069
1089.68 1453.48 4089
1082.71 1453.48 4089
1075.74 1453.48 4089
1068.77 1453.48 4089
1059.2 1449.93 4079
1047.09 1442.82 4059
1040.17 1442.82 4059
1030.7 1439.26 4049
1019 1432.51 4030
1009.61 1428.96 4020
1002.76 1428.96 4020
988.723 1418.65 3991
977.245 1411.89 3972
970.473 1411.89 3972
968.312 1418.65 3991
961.508 1418.65 3991
957.097 1422.2 4001
950.276 1422.2 4001
945.578 1425.4 4010
938.742 1425.4 4010
931.906 1425.4 4010
927.377 1428.96 4020
920.523 1428.96 4020
913.67 1428.96 4020
904.562 1425.4 4010
897.726 1425.4 4010
890.89 1425.4 4010
884.053 1425.4 4010
877.217 1425.4 4010
866.257 1418.65 3991
859.454 1418.65 3991
852.65 1418.65 3991
843.939 1415.45 3982
835.048 1411.89 3972
828.277 1411.89 3972
817.576 1405.14 3953
810.837 1405.14 3953
798.403 1395.19 3925
791.712 1395.19 3925
785.021 1395.19 3925
778.329 1395.19 3925
768.1 1388.79 3907
761.439 1388.79 3907
749.563 1379.19 3880
734.332 1363.2 3835
722.86 1353.95 3809
713.169 1347.91 3792
706.705 1347.91 3792
698.578 1344.71 3783
689.019 1338.67 3766
680.968 1335.47 3757
674.563 1335.47 3757
666.735 1332.63 3749
657.35 1326.58 3732
649.592 1323.74 3724
643.244 1323.74 3724
636.895 1323.74 3724
629.192 1320.9 3716
622.857 1320.9 3716
616.523 1320.9 3716
610.188 1320.9 3716
602.39 1317.7 3707
596.071 1317.7 3707
589.751 1317.7 3707
583.432 1317.7 3707
575.867 1314.85 3699
569.561 1314.85 3699
563.255 1314.85 3699
556.949 1314.85 3699
549.453 1312.01 3691
544.338 1314.85 3699
540.505 1320.9 3716
534.17 1320.9 3716
527.835 1320.9 3716
521.5 1320.9 3716
515.165 1320.9 3716
507.598 1317.7 3707
500.197 1314.85 3699
492.823 1312.01 3691
486.53 1312.01 3691
479.197 1309.16 3683
471.891 1306.32 3675
465.626 1306.32 3675
459.362 1306.32 3675
451.001 1300.28 3658
443.792 1297.43 3650
436.611 1294.59 3642
430.402 1294.59 3642
424.193 1294.59 3642
417.984 1294.59 3642
411.776 1294.59 3642
407.349 1300.28 3658
401.113 1300.28 3658
394.877 1300.28 3658
387.791 1297.43 3650
381.569 1297.43 3650
371.336 1283.57 3611
363.562 1277.88 3595
356.737 1275.4 3588
350.621 1275.4 3588
-15.4747 156.048 439
-16.2231 156.048 439
-16.9715 156.048 439
-17.7199 156.048 439
-18.4683 156.048 439
-19.2167 156.048 439
-19.965 156.048 439
-20.6662 155.692 438
-21.4129 155.692 438
-22.109 155.337 437
-22.7494 154.626 435
-29.4022 150.716 424
-30.1251 150.716 424
-30.8479 150.716 424
-31.4218 150.005 422
-32.065 149.649 421
-32.627 148.938 419
-33.3413 148.938 419
-34.0555 148.938 419
-34.6868 148.583 418
-35.2301 147.872 416
-35.8528 147.517 415
-36.5603 147.517 415
-37.178 147.161 414
-37.7922 146.806 413
-38.4031 146.45 412
-39.1054 146.45 412
-39.8078 146.45 412
-40.4118 146.095 411
-40.9124 145.384 409
-41.6097 145.384 409
-42.2035 145.028 408
-42.7939 144.673 407
-43.3808 144.317 406
-43.9644 143.962 405
-44.6548 143.962 405
-45.3453 143.962 405
-45.922 143.606 404
-46.4954 143.251 403
-47.1824 143.251 403
-47.7506 142.896 402
-48.4359 142.896 402
-48.999 142.54 401
-49.6826 142.54 401
-50.2406 142.185 400
-50.9225 142.185 400
-51.6044 142.185 400
-52.1556 141.829 399
-52.8358 141.829 399
-53.516 141.829 399
-54.1962 141.829 399
-54.8764 141.829 399
-55.5566 141.829 399
-56.0958 141.474 398
-56.7743 141.474 398
-57.3085 141.118 397
-57.9852 141.118 397
-58.662 141.118 397
-59.3388 141.118 397
-59.8644 140.763 396
-60.5395 140.763 396
-61.2146 140.763 396
-68.8138 141.118 397
-69.4906 141.118 397
-70.3441 141.474 398
-71.2011 141.829 399
-71.8813 141.829 399
-72.7433 142.185 400
-73.4252 142.185 400
-74.1071 142.185 400
-74.789 142.185 400
-75.4709 142.185 400
-76.1528 142.185 400
-76.8347 142.185 400
-77.5166 142.185 400
-78.1985 142.185 400
-79.0776 142.54 401
-79.7612 142.54 401
-80.4448 142.54 401
-81.1284 142.54 401
-81.812 142.54 401
-82.7013 142.896 402
-83.3867 142.896 402
-84.2811 143.251 403
-85.1789 143.606 404
-86.0802 143.962 405
-86.7706 143.962 405
-87.677 144.317 406
-88.3691 144.317 406
-89.0613 144.317 406
-89.9745 144.673 407
-90.6683 144.673 407
-91.5866 145.028 408
-92.2821 145.028 408
-93.2056 145.384 409
-94.5916 146.45 412
-95.2939 146.45 412
-96.2293 146.806 413
-98.3416 148.938 419
-99.2923 149.294 420
-100.008 149.294 420
-101.444 150.36 423
-102.648 151.071 425
-103.372 151.071 425
-104.097 151.071 425
-105.068 151.427 426
-106.043 151.782 427
-106.771 151.782 427
-107.498 151.782 427
-108.733 152.493 429
-109.465 152.493 429
-110.196 152.493 429
-111.703 153.559 432
-112.44 153.559 432
-113.176 153.559 432
-114.176 153.915 433
-114.914 153.915 433
-115.92 154.27 434
-116.659 154.27 434
-117.67 154.626 435
-118.684 154.981 436
-119.427 154.981 436
-120.446 155.337 437
-121.468 155.692 438
-122.494 156.048 439
-123.242 156.048 439
-124.273 156.403 440
-125.023 156.403 440
-126.059 156.759 441
-126.811 156.759 441
-127.563 156.759 441
-128.314 156.759 441
-129.066 156.759 441
-129.818 156.759 441
-130.57 156.759 441
-873.48 817.917 2301
-877.403 817.917 2301
-881.326 817.917 2301
-884.094 816.851 2298
-885.693 814.718 2292
-889.6 814.718 2292
-893.508 814.718 2292
-894.674 812.23 2285
-892.671 806.898 2270
-890.221 801.21 2254
-894.064 801.21 2254
-893.126 796.945 2242
-894.548 794.812 2236
-895.949 792.679 2230
-899.75 792.679 2230
-902.336 791.613 2227
-903.691 789.48 2221
-907.478 789.48 2221
-911.264 789.48 2221
-912.578 787.347 2215
-913.045 784.504 2207
-911.822 780.238 2195
-915.564 780.238 2195
-915.537 777.039 2186
-915.899 774.195 2178
-917.079 772.062 2172
-919.51 770.996 2169
-923.207 770.996 2169
-924.768 769.219 2164
-928.457 769.219 2164
-930.854 768.152 2161
-934.538 768.152 2161
-938.222 768.152 2161
-941.906 768.152 2161
-944.277 767.086 2158
-947.956 767.086 2158
-951.635 767.086 2158
-953.985 766.02 2155
-957.659 766.02 2155
-960.441 765.309 2153
-964.111 765.309 2153
-965.084 763.176 2147
-968.744 763.176 2147
-972.405 763.176 2147
-974.701 762.11 2144
-978.356 762.11 2144
-983.385 763.176 2147
-987.045 763.176 2147
-990.705 763.176 2147
-992.976 762.11 2144
-996.631 762.11 2144
-999.353 761.399 2142
-1003 761.399 2142
-1003.84 759.266 2136
-1007.48 759.266 2136
-1011.12 759.266 2136
-1013.33 758.2 2133
-1014.59 756.422 2128
-1018.21 756.422 2128
-1018.96 754.289 2122
-1022.58 754.289 2122
-1023.78 752.512 2117
-1027.39 752.512 2117
-1029.54 751.446 2114
-1032.16 750.735 2112
-1030.37 746.825 2101
-1033.95 746.825 2101
-1033.58 743.981 2093
-1033.18 741.137 2085
-1034.25 739.36 2080
-1036.8 738.649 2078
-1037.34 736.516 2072
-1032.33 730.474 2055
-1032.81 728.341 2049
-1030.23 724.075 2037
-1033.71 724.075 2037
-1034.63 722.298 2032
-1032.99 718.743 2022
-1032.85 716.255 2015
-1036.28 716.255 2015
1465.56 1432.36 4049
1462.26 1435.89 4059
1455.34 1435.89 4059
1448.42 1435.89 4059
1437.95 1432.36 4049
1431.05 1432.36 4049
1424.15 1432.36 4049
1403.59 1418.56 4010
1410.34 1432.36 4049
1403.44 1432.36 4049
1396.54 1432.36 4049
1389.63 1432.36 4049
1382.73 1432.36 4049
1365.97 1422.1 4020
1359.12 1422.1 4020
1352.27 1422.1 4020
1345.41 1422.1 4020
1335.23 1418.56 4010
1331.71 1422.1 4020
1324.86 1422.1 4020
1321.28 1425.63 4030
1323.87 1435.89 4059
1326.68 1446.51 4089
1319.71 1446.51 4089
1312.74 1446.51 4089
1302.58 1442.97 4079
1295.62 1442.97 4079
1256.98 1446.51 4089
1250.01 1446.51 4089
1243.03 1446.51 4089
1236.06 1446.51 4089
1226.09 1442.97 4079
1219.13 1442.97 4079
1212.18 1442.97 4079
1142.64 1442.97 4079
1135.69 1442.97 4079
1128.74 1442.97 4079
1119.03 1439.43 4069
1112.1 1439.43 4069
1105.16 1439.43 4069
1098.22 1439.43 4069
1091.29 1439.43 4069
1089.68 1446.51 4089
1082.71 1446.51 4089
1075.74 1446.51 4089
1068.77 1446.51 4089
1059.2 1442.97 4079
1047.09 1435.89 4059
1040.17 1435.89 4059
1030.7 1432.36 4049
1019 1425.63 4030
1009.61 1422.1 4020
1002.76 1422.1 4020
988.723 1411.84 3991
977.245 1405.12 3972
970.473 1405.12 3972
968.312 1411.84 3991
961.508 1411.84 3991
957.097 1415.38 4001
952.414 1418.56 4010
947.936 1422.1 4020
941.083 1422.1 4020
934.23 1422.1 4020
929.683 1425.63 4030
922.813 1425.63 4030
915.943 1425.63 4030
909.073 1425.63 4030
897.726 1418.56 4010
890.89 1418.56 4010
884.053 1418.56 4010
877.217 1418.56 4010
868.428 1415.38 4001
861.607 1415.38 4001
854.786 1415.38 4001
843.939 1408.65 3982
835.048 1405.12 3972
828.277 1405.12 3972
821.506 1405.12 3972
812.888 1401.93 3963
802.268 1395.21 3944
795.544 1395.21 3944
788.821 1395.21 3944
778.329 1388.49 3925
769.869 1385.31 3916
763.193 1385.31 3916
754.779 1382.12 3907
736.055 1359.84 3844
726.086 1353.47 3826
719.563 1353.47 3826
708.196 1344.27 3800
700.24 1341.44 3792
692.129 1338.26 3783
684.049 1335.07 3774
677.615 1335.07 3774
668.158 1329.06 3757
660.344 1326.23 3749
652.383 1323.05 3740
646.007 1323.05 3740
639.632 1323.05 3740
633.256 1323.05 3740
625.539 1320.22 3732
619.177 1320.22 3732
612.815 1320.22 3732
606.453 1320.22 3732
598.804 1317.39 3724
592.456 1317.39 3724
586.107 1317.39 3724
579.759 1317.39 3724
573.411 1317.39 3724
567.062 1317.39 3724
558.154 1311.37 3707
551.834 1311.37 3707
546.839 1314.56 3716
543.995 1323.05 3740
537.62 1323.05 3740
531.244 1323.05 3740
524.868 1323.05 3740
518.492 1323.05 3740
509.926 1317.39 3724
501.278 1311.37 3707
494.959 1311.37 3707
488.639 1311.37 3707
481.279 1308.54 3699
474.973 1308.54 3699
467.654 1305.71 3691
461.361 1305.71 3691
455.069 1305.71 3691
446.832 1300.05 3675
440.567 1300.05 3675
435.247 1302.88 3683
428.969 1302.88 3683
422.69 1302.88 3683
415.507 1300.05 3675
409.242 1300.05 3675
402.977 1300.05 3675
394.877 1294.04 3658
387.791 1291.21 3650
381.569 1291.21 3650
371.336 1277.41 3611
362.854 1269.27 3588
356.737 1269.27 3588
350.621 1269.27 3588
-15.4747 155.299 439
-16.2231 155.299 439
-16.9715 155.299 439
-17.7199 155.299 439
-18.4683 155.299 439
-19.2167 155.299 439
-19.965 155.299 439
-20.6662 154.945 438
-21.4129 154.945 438
-22.109 154.591 437
-22.7494 153.884 435
-29.4022 149.992 424
-30.1251 149.992 424
-30.8479 149.992 424
-31.4218 149.285 422
-32.065 148.931 421
-32.627 148.224 419
-33.3413 148.224 419
-34.0555 148.224 419
-34.6868 147.87 418
-35.2301 147.162 416
-35.8528 146.809 415
-36.5603 146.809 415
-37.0882 146.101 413
-37.7922 146.101 413
-38.4031 145.747 412
-39.1054 145.747 412
-39.7112 145.393 411
-40.3135 145.04 410
-40.8124 144.332 408
-41.4062 143.978 407
-42.1 143.978 407
-42.7939 143.978 407
-43.3808 143.625 406
-43.9644 143.271 405
-44.6548 143.271 405
-45.3453 143.271 405
-45.922 142.917 404
-46.4954 142.563 403
-47.1824 142.563 403
-47.7506 142.21 402
-48.4359 142.21 402
-48.999 141.856 401
-49.6826 141.856 401
-50.2406 141.502 400
-50.9225 141.502 400
-51.6044 141.502 400
-52.1556 141.148 399
-52.8358 141.148 399
-53.516 141.148 399
-54.1962 141.148 399
-54.8764 141.148 399
-55.5566 141.148 399
-56.0958 140.795 398
-56.7743 140.795 398
-57.4528 140.795 398
-58.1313 140.795 398
-58.662 140.441 397
-59.3388 140.441 397
-60.318 141.148 399
-60.9981 141.148 399
-61.6783 141.148 399
-62.3585 141.148 399
-63.0387 141.148 399
-63.5592 140.795 398
-68.8138 140.441 397
-69.4906 140.441 397
-70.3441 140.795 398
-71.2011 141.148 399
-71.8813 141.148 399
-72.7433 141.502 400
-73.4252 141.502 400
-74.1071 141.502 400
-74.789 141.502 400
-75.4709 141.502 400
-76.1528 141.502 400
-76.8347 141.502 400
-77.5166 141.502 400
-78.1985 141.502 400
-79.0776 141.856 401
-79.7612 141.856 401
-80.4448 141.856 401
-81.1284 141.856 401
-82.016 142.21 402
-82.9071 142.563 403
-83.5941 142.563 403
-84.4902 142.917 404
-85.3898 143.271 405
-86.0802 143.271 405
-86.7706 143.271 405
-87.677 143.625 406
-88.5868 143.978 407
-89.2806 143.978 407
-89.9745 143.978 407
-90.8911 144.332 408
-91.8111 144.686 409
-92.5083 144.686 409
-93.4334 145.04 410
-94.5916 145.747 412
-95.2939 145.747 412
-96.2293 146.101 413
-97.8722 147.516 417
-99.0559 148.224 419
-99.7702 148.224 419
-101.444 149.639 423
-102.648 150.346 425
-103.372 150.346 425
-104.097 150.346 425
-105.068 150.7 426
-106.043 151.054 427
-106.771 151.054 427
-107.498 151.054 427
-108.733 151.761 429
-109.465 151.761 429
-110.196 151.761 429
-111.703 152.822 432
-112.44 152.822 432
-113.176 152.822 432
-114.176 153.176 433
-114.914 153.176 433
-115.92 153.53 434
-116.659 153.53 434
-117.67 153.884 435
-118.684 154.237 436
-119.427 154.237 436
-120.446 154.591 437
-121.468 154.945 438
-122.494 155.299 439
-123.242 155.299 439
-124.273 155.652 440
-125.023 155.652 440
-126.059 156.006 441
-126.811 156.006 441
-127.852 156.36 442
-128.605 156.36 442
-129.359 156.36 442
-130.112 156.36 442
-130.57 156.006 441
-873.48 813.991 2301
-877.403 813.991 2301
-881.326 813.991 2301
-884.094 812.93 2298
-884.147 809.392 2288
-886.883 808.331 2285
-890.779 808.331 2285
-893.499 807.27 2282
-892.671 803.025 2270
-887.852 795.242 2248
-891.684 795.242 2248
-888.346 788.875 2230
-892.147 788.875 2230
-892.333 785.691 2221
-896.119 785.691 2221
-899.905 785.691 2221
-901.25 783.568 2215
-905.026 783.568 2215
-908.802 783.568 2215
-909.282 780.738 2207
-911.804 779.677 2204
-908.083 773.309 2186
-911.81 773.309 2186
-912.186 770.479 2178
-913.376 768.357 2172
-915.812 767.296 2169
-919.51 767.296 2169
-921.079 765.527 2164
-924.768 765.527 2164
-927.17 764.466 2161
-930.854 764.466 2161
-934.538 764.466 2161
-938.222 764.466 2161
-940.598 763.404 2158
-944.277 763.404 2158
-946.638 762.343 2155
-950.312 762.343 2155
-953.985 762.343 2155
-957.659 762.343 2155
-960.441 761.635 2153
-964.111 761.635 2153
-965.084 759.513 2147
-968.744 759.513 2147
-972.405 759.513 2147
-974.701 758.452 2144
-978.356 758.452 2144
-983.385 759.513 2147
-987.045 759.513 2147
-990.705 759.513 2147
-992.976 758.452 2144
-996.631 758.452 2144
-999.353 757.744 2142
-1003 757.744 2142
-1003.84 755.622 2136
-1007.48 755.622 2136
-1011.12 755.622 2136
-1013.33 754.56 2133
-1014.59 752.792 2128
-1018.21 752.792 2128
-1018.96 750.669 2122
-1022.58 750.669 2122
-1023.78 748.9 2117
-1027.39 748.9 2117
-1028.56 747.132 2112
-1029.23 745.009 2106
-1028.9 742.179 2098
-1032.47 742.179 2098
-1032.59 739.703 2091
-1032.19 736.873 2083
-1033.26 735.104 2078
-1036.8 735.104 2078
-1034.84 731.213 2067
-1029.32 724.845 2049
-1029.28 722.369 2042
-1027.71 718.831 2032
-1031.17 718.831 2032
-1029.54 715.294 2022
-1030.43 713.525 2017
-1027.72 709.28 2005
-1031.14 709.28 2005
1465.56 1425.45 4049
1462.26 1428.97 4059
1455.34 1428.97 4059
1448.42 1428.97 4059
1437.95 1425.45 4049
1431.05 1425.45 4049
1424.15 1425.45 4049
1403.59 1411.72 4010
1410.34 1425.45 4049
1406.9 1428.97 4059
1399.98 1428.97 4059
1393.07 1428.97 4059
1386.15 1428.97 4059
1382.62 1432.49 4069
1375.69 1432.49 4069
1368.75 1432.49 4069
1355.12 1425.45 4049
1341.89 1418.76 4030
1335.02 1418.76 4030
1328.15 1418.76 4030
1321.28 1418.76 4030
1323.87 1428.97 4059
1326.68 1439.53 4089
1319.71 1439.53 4089
1312.74 1439.53 4089
1256.98 1439.53 4089
1250.01 1439.53 4089
1243.03 1439.53 4089
1236.06 1439.53 4089
1229.09 1439.53 4089
1216.15 1432.49 4069
1209.21 1432.49 4069
1145.44 1439.53 4089
1138.47 1439.53 4089
1131.5 1439.53 4089
1121.78 1436.01 4079
1112.1 1432.49 4069
1110.59 1439.53 4089
1103.62 1439.53 4089
1096.65 1439.53 4089
1089.68 1439.53 4089
1082.71 1439.53 4089
1075.74 1439.53 4089
1068.77 1439.53 4089
1061.8 1439.53 4089
1052.25 1436.01 4079
1045.29 1436.01 4079
1033.25 1428.97 4059
1023.8 1425.45 4049
1014.39 1421.93 4039
1007.5 1421.93 4039
995.907 1415.24 4020
981.919 1405.03 3991
977.559 1408.55 4001
970.738 1408.55 4001
963.918 1408.55 4001
959.25 1411.72 4010
952.414 1411.72 4010
947.936 1415.24 4020
941.083 1415.24 4020
934.23 1415.24 4020
929.683 1418.76 4030
922.813 1418.76 4030
915.943 1418.76 4030
909.073 1418.76 4030
897.726 1411.72 4010
890.89 1411.72 4010
884.053 1411.72 4010
877.217 1411.72 4010
868.428 1408.55 4001
861.607 1408.55 4001
854.786 1408.55 4001
843.939 1401.86 3982
835.048 1398.34 3972
828.277 1398.34 3972
821.506 1398.34 3972
812.888 1395.17 3963
802.268 1388.48 3944
795.544 1388.48 3944
788.821 1388.48 3944
778.329 1381.79 3925
769.869 1378.63 3916
763.193 1378.63 3916
756.517 1378.63 3916
748.118 1375.46 3907
729.502 1353.28 3844
722.949 1353.28 3844
714.718 1350.11 3835
701.717 1337.79 3800
695.239 1337.79 3800
688.761 1337.79 3800
680.847 1334.97 3792
671.181 1328.63 3774
663.339 1325.82 3766
655.349 1322.65 3757
648.944 1322.65 3757
642.539 1322.65 3757
637.658 1325.82 3766
631.238 1325.82 3766
624.818 1325.82 3766
618.398 1325.82 3766
611.978 1325.82 3766
604.111 1322.65 3757
597.706 1322.65 3757
591.301 1322.65 3757
584.896 1322.65 3757
578.492 1322.65 3757
572.087 1322.65 3757
564.478 1319.83 3749
558.087 1319.83 3749
552.873 1322.65 3757
548.941 1328.63 3774
542.507 1328.63 3774
536.073 1328.63 3774
527.254 1322.65 3757
520.849 1322.65 3757
513.349 1319.83 3749
505.741 1316.66 3740
499.365 1316.66 3740
492.989 1316.66 3740
486.614 1316.66 3740
477.156 1308.22 3716
470.821 1308.22 3716
464.486 1308.22 3716
456.056 1302.23 3699
448.777 1299.41 3691
443.444 1302.23 3699
438.083 1305.05 3707
431.764 1305.05 3707
425.444 1305.05 3707
419.125 1305.05 3707
412.805 1305.05 3707
404.731 1299.41 3691
397.576 1296.6 3683
389.597 1290.96 3667
383.346 1290.96 3667
371.336 1271.25 3611
-16.9715 154.55 439
-17.7199 154.55 439
-18.4683 154.55 439
-19.2167 154.55 439
-19.9196 154.198 438
-20.6662 154.198 438
-21.4129 154.198 438
-22.109 153.846 437
-22.7494 153.141 435
-23.4369 152.789 434
-24.1768 152.789 434
-29.4022 149.269 424
-30.1251 149.269 424
-30.8479 149.269 424
-31.5707 149.269 424
-32.065 148.213 421
-32.627 147.509 419
-33.3413 147.509 419
-34.0555 147.509 419
-34.6868 147.157 418
-35.3147 146.805 417
-36.0256 146.805 417
-36.6484 146.453 416
-37.178 145.748 414
-37.7922 145.396 413
-38.4031 145.044 412
-39.1054 145.044 412
-39.8078 145.044 412
-40.3135 144.34 410
-40.9124 143.988 409
-41.6097 143.988 409
-42.1 143.284 407
-42.7939 143.284 407
-43.3808 142.932 406
-43.9644 142.58 405
-44.6548 142.58 405
-45.2333 142.228 404
-45.922 142.228 404
-46.38 141.524 402
-47.0653 141.524 402
-47.7506 141.524 402
-48.3154 141.172 401
-48.999 141.172 401
-49.6826 141.172 401
-50.2406 140.82 400
-50.9225 140.82 400
-51.4754 140.468 399
-52.1556 140.468 399
-52.8358 140.468 399
-53.516 140.468 399
-54.1962 140.468 399
-54.8764 140.468 399
-55.5566 140.468 399
-56.0958 140.116 398
-56.7743 140.116 398
-57.4528 140.116 398
-58.1313 140.116 398
-58.662 139.764 397
-59.3388 139.764 397
-60.318 140.468 399
-60.9981 140.468 399
-61.6783 140.468 399
-62.3585 140.468 399
-63.0387 140.468 399
-63.5592 140.116 398
-64.0763 139.764 397
-64.7531 139.764 397
-68.137 139.764 397
-68.8138 139.764 397
-69.6656 140.116 398
-70.3441 140.116 398
-71.2011 140.468 399
-71.8813 140.468 399
-72.7433 140.82 400
-73.4252 140.82 400
-74.1071 140.82 400
-74.789 140.82 400
-75.4709 140.82 400
-76.1528 140.82 400
-76.8347 140.82 400
-77.5166 140.82 400
-78.1985 140.82 400
-79.0776 141.172 401
-79.7612 141.172 401
-80.4448 141.172 401
-81.1284 141.172 401
-82.016 141.524 402
-82.9071 141.876 403
-83.5941 141.876 403
-84.4902 142.228 404
-85.3898 142.58 405
-86.0802 142.58 405
-86.9849 142.932 406
-87.677 142.932 406
-88.5868 143.284 407
-89.2806 143.284 407
-90.1955 143.636 408
-91.3366 144.34 410
-92.26 144.692 411
-92.9607 144.692 411
-93.8892 145.044 412
-94.8212 145.396 413
-95.5252 145.396 413
-96.6953 146.1 415
-97.8722 146.805 417
-99.0559 147.509 419
-99.7702 147.509 419
-100.964 148.213 421
-102.406 149.269 424
-103.129 149.269 424
-104.097 149.621 425
-105.068 149.973 426
-106.043 150.325 427
-106.771 150.325 427
-107.498 150.325 427
-108.733 151.029 429
-109.465 151.029 429
-110.453 151.381 430
-111.703 152.085 432
-112.7 152.437 433
-113.438 152.437 433
-114.176 152.437 433
-114.914 152.437 433
-115.92 152.789 434
-116.659 152.789 434
-117.67 153.141 435
-118.684 153.494 436
-119.427 153.494 436
-120.446 153.846 437
-121.468 154.198 438
-122.494 154.55 439
-123.242 154.55 439
-124.273 154.902 440
-125.023 154.902 440
-126.059 155.254 441
-126.811 155.254 441
-127.852 155.606 442
-128.605 155.606 442
-129.359 155.606 442
-130.112 155.606 442
-855.102 800.208 2273
-858.976 800.208 2273
-870.064 806.897 2292
-873.971 806.897 2292
-877.878 806.897 2292
-881.786 806.897 2292
-882.988 804.433 2285
-885.719 803.377 2282
-889.609 803.377 2282
-888.801 799.152 2270
-885.199 792.463 2251
-881.927 786.126 2233
-885.734 786.126 2233
-883.565 780.845 2218
-887.346 780.845 2218
-889.922 779.789 2215
-893.698 779.789 2215
-894.233 776.973 2207
-896.774 775.917 2204
-900.532 775.917 2204
-904.289 775.917 2204
-906.81 774.861 2201
-906.839 771.692 2192
-907.253 768.876 2184
-910.976 768.876 2184
-909.673 764.651 2172
-912.114 763.595 2169
-913.701 761.835 2164
-917.39 761.835 2164
-921.079 761.835 2164
-923.486 760.779 2161
-927.17 760.779 2161
-930.854 760.779 2161
-934.538 760.779 2161
-936.919 759.722 2158
-940.598 759.722 2158
-944.277 759.722 2158
-946.638 758.666 2155
-950.312 758.666 2155
-953.1 757.962 2153
-956.77 757.962 2153
-960.441 757.962 2153
-962.768 756.906 2150
-965.084 755.85 2147
-968.744 755.85 2147
-972.405 755.85 2147
-974.701 754.794 2144
-978.356 754.794 2144
-982.011 754.794 2144
-985.666 754.794 2144
-989.321 754.794 2144
-992.976 754.794 2144
-996.631 754.794 2144
-999.353 754.09 2142
-1003 754.09 2142
-1003.84 751.977 2136
-1007.48 751.977 2136
-1009.7 750.921 2133
-1012.38 750.217 2131
-1014.59 749.161 2128
-1018.21 749.161 2128
-1018.96 747.049 2122
-1021.62 746.345 2120
-1023.78 745.288 2117
-1027.39 745.288 2117
-1028.56 743.528 2112
-1029.23 741.416 2106
-1028.9 738.599 2098
-1032.47 738.599 2098
-1032.59 736.135 2091
-1032.19 733.319 2083
-1033.26 731.559 2078
-1036.8 731.559 2078
-1034.84 727.686 2067
-1029.32 721.349 2049
-1029.28 718.885 2042
-1027.71 715.364 2032
-1031.17 715.364 2032
-1029.54 711.844 2022
-1030.43 710.084 2017
-1027.72 705.859 2005
-1031.14 705.859 2005
1461.94 1415.04 4039
1458.66 1418.54 4049
1451.76 1418.54 4049
1444.85 1418.54 4049
1431.2 1411.88 4030
1414.08 1401.72 4001
1410.43 1404.88 4010
1403.59 1404.88 4010
1410.34 1418.54 4049
1406.9 1422.04 4059
1399.98 1422.04 4059
1393.07 1422.04 4059
1386.15 1422.04 4059
1382.62 1425.55 4069
1375.69 1425.55 4069
1368.75 1425.55 4069
1355.12 1418.54 4049
1341.89 1411.88 4030
1335.02 1411.88 4030
1328.15 1411.88 4030
1321.28 1411.88 4030
1323.87 1422.04 4059
1326.68 1432.55 4089
1319.71 1432.55 4089
1312.74 1432.55 4089
1256.98 1432.55 4089
1250.01 1432.55 4089
1243.03 1432.55 4089
1236.06 1432.55 4089
1229.09 1432.55 4089
1216.15 1425.55 4069
1209.21 1425.55 4069
1145.44 1432.55 4089
1138.47 1432.55 4089
1131.5 1432.55 4089
1121.78 1429.05 4079
1112.1 1425.55 4069
1110.59 1432.55 4089
1103.62 1432.55 4089
1096.65 1432.55 4089
1075.74 1432.55 4089
1068.77 1432.55 4089
1061.8 1432.55 4089
1054.83 1432.55 4089
1047.85 1432.55 4089
1038.34 1429.05 4079
1026.33 1422.04 4059
1016.9 1418.54 4049
1009.99 1418.54 4049
998.385 1411.88 4030
986.594 1404.88 4010
982.201 1408.38 4020
975.348 1408.38 4020
968.495 1408.38 4020
961.642 1408.38 4020
954.789 1408.38 4020
947.936 1408.38 4020
941.083 1408.38 4020
934.23 1408.38 4020
931.76 1415.04 4039
924.874 1415.04 4039
917.989 1415.04 4039
911.103 1415.04 4039
904.218 1415.04 4039
897.332 1415.04 4039
886.258 1408.38 4020
879.405 1408.38 4020
872.552 1408.38 4020
865.699 1408.38 4020
856.709 1404.88 4010
847.966 1401.72 4001
841.145 1401.72 4001
834.324 1401.72 4001
821.506 1391.56 3972
814.735 1391.56 3972
802.268 1381.75 3944
795.544 1381.75 3944
788.821 1381.75 3944
782.097 1381.75 3944
775.374 1381.75 3944
768.65 1381.75 3944
756.517 1371.94 3916
748.118 1368.79 3907
729.502 1346.72 3844
722.949 1346.72 3844
714.718 1343.57 3835
701.717 1331.3 3800
695.239 1331.3 3800
688.761 1331.3 3800
680.847 1328.5 3792
671.181 1322.2 3774
663.339 1319.39 3766
655.349 1316.24 3757
648.944 1316.24 3757
642.539 1316.24 3757
637.658 1319.39 3766
631.238 1319.39 3766
624.818 1319.39 3766
618.398 1319.39 3766
611.978 1319.39 3766
604.111 1316.24 3757
597.706 1316.24 3757
591.301 1316.24 3757
584.896 1316.24 3757
579.878 1319.39 3766
573.457 1319.39 3766
567.037 1319.39 3766
560.617 1319.39 3766
556.699 1325.35 3783
550.25 1325.35 3783
543.801 1325.35 3783
537.352 1325.35 3783
530.903 1325.35 3783
524.454 1325.35 3783
516.772 1322.2 3774
506.958 1313.44 3749
500.567 1313.44 3749
494.176 1313.44 3749
487.785 1313.44 3749
480.238 1310.28 3740
472.848 1307.48 3732
466.486 1307.48 3732
458.152 1301.88 3716
450.722 1298.72 3707
444.403 1298.72 3707
439.147 1301.88 3716
432.812 1301.88 3716
426.477 1301.88 3716
420.142 1301.88 3716
413.808 1301.88 3716
406.486 1298.72 3707
398.439 1293.12 3691
391.297 1290.31 3683
385.018 1290.31 3683
-16.9715 153.801 439
-17.7199 153.801 439
-18.4683 153.801 439
-19.2167 153.801 439
-19.9196 153.45 438
-20.6662 153.45 438
-21.4129 153.45 438
-22.109 153.1 437
-22.7494 152.399 435
-23.4909 152.399 435
-24.2325 152.399 435
-29.4022 148.546 424
-30.1251 148.546 424
-30.8479 148.546 424
-31.5707 148.546 424
-32.065 147.495 421
-32.627 146.794 419
-33.3413 146.794 419
-34.0555 146.794 419
-34.6868 146.443 418
-35.3147 146.093 417
-36.0256 146.093 417
-36.6484 145.743 416
-37.178 145.042 414
-37.8837 145.042 414
-38.4031 144.341 412
-39.1054 144.341 412
-39.8078 144.341 412
-40.3135 143.641 410
-40.9124 143.29 409
-41.6097 143.29 409
-42.1 142.59 407
-42.7939 142.59 407
-43.3808 142.239 406
-43.9644 141.889 405
-44.6548 141.889 405
-45.2333 141.539 404
-45.8083 141.188 403
-46.38 140.838 402
-47.0653 140.838 402
-47.6318 140.488 401
-48.3154 140.488 401
-48.8768 140.137 400
-49.5587 140.137 400
-50.2406 140.137 400
-50.9225 140.137 400
-51.4754 139.787 399
-52.1556 139.787 399
-52.8358 139.787 399
-53.516 139.787 399
-54.1962 139.787 399
-54.8764 139.787 399
-55.5566 139.787 399
-56.0958 139.437 398
-56.7743 139.437 398
-57.4528 139.437 398
-58.1313 139.437 398
-58.662 139.086 397
-59.3388 139.086 397
-60.318 139.787 399
-60.9981 139.787 399
-61.6783 139.787 399
-62.3585 139.787 399
-63.0387 139.787 399
-63.5592 139.437 398
-64.0763 139.086 397
-64.7531 139.086 397
-68.137 139.086 397
-68.8138 139.086 397
-69.6656 139.437 398
-70.3441 139.437 398
-71.2011 139.787 399
-71.8813 139.787 399
-72.5614 139.787 399
-73.2416 139.787 399
-73.9218 139.787 399
-74.602 139.787 399
-75.2822 139.787 399
-76.1528 140.137 400
-76.8347 140.137 400
-77.5166 140.137 400
-78.1985 140.137 400
-79.0776 140.488 401
-79.7612 140.488 401
-80.4448 140.488 401
-81.1284 140.488 401
-82.016 140.838 402
-82.9071 141.188 403
-83.5941 141.188 403
-84.4902 141.539 404
-85.6006 142.239 406
-86.2928 142.239 406
-86.9849 142.239 406
-87.893 142.59 407
-88.8045 142.94 408
-89.5 142.94 408
-90.6377 143.641 410
-91.5594 143.991 411
-92.26 143.991 411
-93.1869 144.341 412
-94.1171 144.692 413
-95.0508 145.042 414
-95.7565 145.042 414
-96.9283 145.743 416
-98.1069 146.443 418
-99.0559 146.794 419
-99.7702 146.794 419
-100.724 147.144 420
-102.165 148.195 423
-102.886 148.195 423
-104.097 148.896 425
-105.068 149.246 426
-106.043 149.597 427
-106.771 149.597 427
-107.498 149.597 427
-108.733 150.297 429
-109.465 150.297 429
-110.453 150.648 430
-111.703 151.348 432
-112.7 151.699 433
-113.438 151.699 433
-114.176 151.699 433
-114.914 151.699 433
-115.92 152.049 434
-116.659 152.049 434
-117.67 152.399 435
-118.684 152.75 436
-119.427 152.75 436
-120.446 153.1 437
-121.468 153.45 438
-122.494 153.801 439
-123.242 153.801 439
-124.273 154.151 440
-125.307 154.501 441
-126.059 154.501 441
-126.811 154.501 441
-128.141 155.202 443
-128.896 155.202 443
-129.651 155.202 443
-130.407 155.202 443
-845.235 790.725 2257
-855.102 796.33 2273
-858.976 796.33 2273
-870.064 802.987 2292
-873.971 802.987 2292
-877.878 802.987 2292
-881.786 802.987 2292
-882.988 800.534 2285
-885.719 799.483 2282
-889.609 799.483 2282
-888.801 795.279 2270
-885.199 788.623 2251
-881.927 782.316 2233
-885.734 782.316 2233
-883.565 777.061 2218
-887.346 777.061 2218
-884.297 771.105 2201
-888.049 771.105 2201
-891.802 771.105 2201
-893.112 769.003 2195
-896.854 769.003 2195
-900.596 769.003 2195
-903.102 767.952 2192
-903.529 765.15 2184
-903.514 761.997 2175
-907.222 761.997 2175
-908.417 759.895 2169
-910.012 758.143 2164
-913.701 758.143 2164
-917.39 758.143 2164
-919.802 757.092 2161
-922.204 756.041 2158
-925.883 756.041 2158
-929.562 756.041 2158
-933.24 756.041 2158
-936.919 756.041 2158
-939.291 754.99 2155
-942.964 754.99 2155
-945.759 754.289 2153
-949.43 754.289 2153
-953.1 754.289 2153
-956.77 754.289 2153
-959.102 753.238 2150
-962.768 753.238 2150
-965.084 752.187 2147
-968.744 752.187 2147
-971.046 751.136 2144
-973.792 750.435 2142
-977.443 750.435 2142
-981.095 750.435 2142
-984.746 750.435 2142
-988.398 750.435 2142
-992.049 750.435 2142
-995.701 750.435 2142
-999.353 750.435 2142
-1001.6 749.384 2139
-1003.84 748.333 2136
-1007.48 748.333 2136
-1009.7 747.282 2133
-1012.38 746.581 2131
-1013.16 744.479 2125
-1016.78 744.479 2125
-1018.96 743.428 2122
-1020.17 741.677 2117
-1022.33 740.626 2114
-1025.93 740.626 2114
-1028.56 739.925 2112
-1029.23 737.823 2106
-1028.9 735.02 2098
-1032.47 735.02 2098
-1032.59 732.568 2091
-1032.19 729.765 2083
-1033.26 728.013 2078
-1036.8 728.013 2078
-1034.84 724.159 2067
-1028.31 717.153 2047
-1027.77 714.35 2039
-1026.69 711.197 2030
-1030.15 711.197 2030
-1029.54 708.394 2022
-1030.43 706.642 2017
-1027.72 702.438 2005
-1031.14 702.438 2005
1420.9 1394.9 4001
1414.08 1394.9 4001
1410.43 1398.03 4010
1403.59 1398.03 4010
1410.34 1411.63 4049
1406.9 1415.12 4059
1399.98 1415.12 4059
1393.07 1415.12 4059
1386.15 1415.12 4059
1382.62 1418.6 4069
1375.69 1418.6 4069
1368.75 1418.6 4069
1355.12 1411.63 4049
1341.89 1405.01 4030
1335.02 1405.01 4030
1328.15 1405.01 4030
1323.87 1415.12 4059
1316.95 1415.12 4059
1310.03 1415.12 4059
1250.01 1425.58 4089
1243.03 1425.58 4089
1236.06 1425.58 4089
1229.09 1425.58 4089
1145.44 1425.58 4089
1138.47 1425.58 4089
1131.5 1425.58 4089
1121.78 1422.09 4079
1112.1 1418.6 4069
1110.59 1425.58 4089
1103.62 1425.58 4089
1096.65 1425.58 4089
1075.74 1425.58 4089
1068.77 1425.58 4089
1061.8 1425.58 4089
1054.83 1425.58 4089
1047.85 1425.58 4089
1040.88 1425.58 4089
1033.91 1425.58 4089
1024.43 1422.09 4079
1017.48 1422.09 4079
1003.09 1411.63 4049
993.729 1408.15 4039
989.287 1411.63 4049
982.384 1411.63 4049
975.482 1411.63 4049
968.579 1411.63 4049
961.677 1411.63 4049
957.132 1415.12 4059
950.213 1415.12 4059
945.617 1418.6 4069
938.68 1418.6 4069
934.034 1422.09 4079
927.08 1422.09 4079
920.126 1422.09 4079
913.173 1422.09 4079
906.219 1422.09 4079
897.061 1418.6 4069
887.937 1415.12 4059
881.017 1415.12 4059
874.097 1415.12 4059
865.041 1411.63 4049
856.019 1408.15 4039
845.14 1401.52 4020
838.286 1401.52 4020
827.504 1394.9 4001
816.786 1388.27 3982
806.133 1381.65 3963
799.377 1381.65 3963
792.621 1381.65 3963
785.865 1381.65 3963
779.109 1381.65 3963
772.353 1381.65 3963
761.927 1375.02 3944
749.842 1365.26 3916
734.626 1349.57 3871
728.027 1349.57 3871
716.396 1340.16 3844
709.843 1340.16 3844
701.643 1337.02 3835
695.105 1337.02 3835
685.515 1331.1 3818
679.007 1331.1 3818
670.913 1327.96 3809
664.419 1327.96 3809
656.371 1324.82 3800
648.525 1322.03 3792
644.939 1327.96 3809
638.446 1327.96 3809
631.952 1327.96 3809
625.459 1327.96 3809
618.965 1327.96 3809
612.472 1327.96 3809
603.274 1322.03 3792
595.393 1318.89 3783
587.543 1315.76 3774
581.109 1315.76 3774
574.676 1315.76 3774
567.037 1312.97 3766
560.617 1312.97 3766
556.699 1318.89 3783
550.25 1318.89 3783
543.801 1318.89 3783
537.352 1318.89 3783
530.903 1318.89 3783
524.454 1318.89 3783
516.772 1315.76 3774
506.958 1307.04 3749
500.567 1307.04 3749
494.176 1307.04 3749
487.785 1307.04 3749
480.238 1303.9 3740
472.848 1301.11 3732
466.486 1301.11 3732
458.152 1295.54 3716
450.722 1292.4 3707
444.403 1292.4 3707
439.147 1295.54 3716
432.812 1295.54 3716
426.477 1295.54 3716
420.142 1295.54 3716
413.808 1295.54 3716
406.486 1292.4 3707
400.166 1292.4 3707
392.147 1286.82 3691
385.855 1286.82 3691
-17.6795 152.703 438
-18.4262 152.703 438
-19.1729 152.703 438
-19.9196 152.703 438
-20.6191 152.354 437
-21.364 152.354 437
-22.0584 152.006 436
-22.7494 151.657 435
-23.4909 151.657 435
-24.2325 151.657 435
-29.4022 147.822 424
-30.1251 147.822 424
-30.8479 147.822 424
-31.5707 147.822 424
-32.065 146.776 421
-32.627 146.079 419
-33.3413 146.079 419
-34.0555 146.079 419
-34.6868 145.73 418
-35.3147 145.382 417
-36.0256 145.382 417
-36.7365 145.382 417
-37.178 144.336 414
-37.8837 144.336 414
-38.4031 143.639 412
-39.1054 143.639 412
-39.8078 143.639 412
-40.3135 142.941 410
-40.9124 142.593 409
-41.6097 142.593 409
-42.1 141.895 407
-42.6887 141.547 406
-43.3808 141.547 406
-43.8559 140.849 404
-44.5446 140.849 404
-45.1213 140.501 403
-45.6947 140.152 402
-46.2646 139.803 401
-46.9482 139.803 401
-47.6318 139.803 401
-48.1949 139.455 400
-48.8768 139.455 400
-49.5587 139.455 400
-50.2406 139.455 400
-50.7952 139.106 399
-51.4754 139.106 399
-52.1556 139.106 399
-52.8358 139.106 399
-53.516 139.106 399
-54.1962 139.106 399
-54.8764 139.106 399
-55.5566 139.106 399
-56.0958 138.758 398
-56.7743 138.758 398
-57.4528 138.758 398
-58.1313 138.758 398
-58.8098 138.758 398
-59.3388 138.409 397
-60.318 139.106 399
-60.9981 139.106 399
-61.6783 139.106 399
-62.3585 139.106 399
-63.0387 139.106 399
-63.5592 138.758 398
-64.0763 138.409 397
-64.7531 138.409 397
-65.4299 138.409 397
-66.1067 138.409 397
-66.7835 138.409 397
-67.4602 138.409 397
-68.3086 138.758 398
-68.9871 138.758 398
-69.6656 138.758 398
-70.5209 139.106 399
-71.2011 139.106 399
-71.8813 139.106 399
-72.5614 139.106 399
-73.2416 139.106 399
-73.9218 139.106 399
-74.602 139.106 399
-75.2822 139.106 399
-76.1528 139.455 400
-76.8347 139.455 400
-77.5166 139.455 400
-78.1985 139.455 400
-78.8804 139.455 400
-79.7612 139.803 401
-80.4448 139.803 401
-81.1284 139.803 401
-82.016 140.152 402
-82.9071 140.501 403
-83.5941 140.501 403
-84.4902 140.849 404
-85.6006 141.547 406
-86.2928 141.547 406
-86.9849 141.547 406
-87.893 141.895 407
-88.8045 142.244 408
-89.5 142.244 408
-90.6377 142.941 410
-91.5594 143.29 411
-92.26 143.29 411
-93.1869 143.639 412
-94.1171 143.987 413
-95.5099 145.033 416
-96.2191 145.033 416
-97.3943 145.73 418
-98.1069 145.73 418
-99.0559 146.079 419
-100.008 146.428 420
-100.964 146.776 421
-102.165 147.474 423
-102.886 147.474 423
-104.097 148.171 425
-105.068 148.519 426
-106.043 148.868 427
-106.771 148.868 427
-107.498 148.868 427
-108.733 149.565 429
-109.465 149.565 429
-110.453 149.914 430
-111.703 150.611 432
-112.7 150.96 433
-113.438 150.96 433
-114.176 150.96 433
-114.914 150.96 433
-115.92 151.309 434
-116.659 151.309 434
-117.67 151.657 435
-118.684 152.006 436
-119.427 152.006 436
-120.446 152.354 437
-121.468 152.703 438
-122.773 153.4 440
-123.523 153.4 440
-124.273 153.4 440
-125.307 153.749 441
-126.345 154.098 442
-127.098 154.098 442
-128.43 154.795 444
-129.187 154.795 444
-129.944 154.795 444
-130.701 154.795 444
-845.235 786.874 2257
-855.102 792.452 2273
-858.976 792.452 2273
-862.851 792.452 2273
-866.726 792.452 2273
-870.601 792.452 2273
-874.476 792.452 2273
-876.032 790.36 2267
-878.733 789.314 2264
-882.592 789.314 2264
-881.362 784.782 2251
-878.121 778.507 2233
-876.003 773.277 2218
-879.784 773.277 2218
-880.378 770.488 2210
-880.545 767.35 2201
-884.297 767.35 2201
-888.049 767.35 2201
-891.802 767.35 2201
-893.112 765.258 2195
-896.854 765.258 2195
-900.596 765.258 2195
-903.102 764.213 2192
-903.529 761.424 2184
-903.514 758.286 2175
-907.222 758.286 2175
-908.417 756.194 2169
-910.012 754.451 2164
-913.701 754.451 2164
-917.39 754.451 2164
-919.802 753.405 2161
-922.204 752.359 2158
-925.883 752.359 2158
-929.562 752.359 2158
-933.24 752.359 2158
-936.919 752.359 2158
-939.291 751.313 2155
-942.964 751.313 2155
-945.759 750.616 2153
-949.43 750.616 2153
-951.772 749.57 2150
-955.437 749.57 2150
-959.102 749.57 2150
-962.768 749.57 2150
-963.736 747.478 2144
-967.391 747.478 2144
-970.14 746.781 2142
-973.792 746.781 2142
-977.443 746.781 2142
-981.095 746.781 2142
-984.746 746.781 2142
-988.398 746.781 2142
-992.049 746.781 2142
-995.701 746.781 2142
-997.953 745.735 2139
-1001.6 745.735 2139
-1002.43 743.643 2133
-1006.06 743.643 2133
-1008.75 742.946 2131
-1012.38 742.946 2131
-1011.73 739.808 2122
-1015.34 739.808 2122
-1016.56 738.065 2117
-1018.72 737.019 2114
-1019.91 735.276 2109
-1023.5 735.276 2109
-1025.64 734.23 2106
-1025.32 731.441 2098
-1027.92 730.743 2096
-1031.49 730.743 2096
-1031.11 727.954 2088
-1029.72 724.468 2078
-1029.28 721.679 2070
-1032.81 721.679 2070
-1032.33 718.89 2062
-1025.8 711.917 2042
-1026.76 710.174 2037
-1027.71 708.431 2032
-1027.62 705.99 2025
-1029.54 704.944 2022
-1029.41 702.504 2015
-1027.72 699.017 2005
-1031.14 699.017 2005
1061.8 1418.6 4089
1054.83 1418.6 4089
1047.85 1418.6 4089
1040.88 1418.6 4089
1033.91 1418.6 4089
1024.43 1415.13 4079
1017.48 1415.13 4079
1003.09 1404.72 4049
993.729 1401.25 4039
989.287 1404.72 4049
982.384 1404.72 4049
975.482 1404.72 4049
968.579 1404.72 4049
961.677 1404.72 4049
957.132 1408.19 4059
950.213 1408.19 4059
945.617 1411.66 4069
938.68 1411.66 4069
934.034 1415.13 4079
927.08 1415.13 4079
920.126 1415.13 4079
913.173 1415.13 4079
906.219 1415.13 4079
897.061 1411.66 4069
887.937 1408.19 4059
887.529 1418.6 4089
880.558 1418.6 4089
873.587 1418.6 4089
862.378 1411.66 4069
853.339 1408.19 4059
846.419 1408.19 4059
833.502 1398.13 4030
824.58 1394.66 4020
811.828 1384.6 3991
805.025 1384.6 3991
796.421 1381.48 3982
791.417 1384.6 3991
784.614 1384.6 3991
777.81 1384.6 3991
767.336 1378.01 3972
756.926 1371.42 3953
743.166 1358.58 3916
736.49 1358.58 3916
721.428 1342.97 3871
714.829 1342.97 3871
704.936 1336.73 3853
698.368 1336.73 3853
691.799 1336.73 3853
683.63 1333.6 3844
677.077 1333.6 3844
670.524 1333.6 3844
662.417 1330.48 3835
654.34 1327.36 3826
649.341 1330.48 3835
644.312 1333.6 3844
637.759 1333.6 3844
631.206 1333.6 3844
624.653 1333.6 3844
618.1 1333.6 3844
610.115 1330.48 3835
600.902 1324.58 3818
594.393 1324.58 3818
587.884 1324.58 3818
578.635 1318.34 3800
572.157 1318.34 3800
564.488 1315.56 3792
558.023 1315.56 3792
551.559 1315.56 3792
545.095 1315.56 3792
537.352 1312.44 3783
530.903 1312.44 3783
524.454 1312.44 3783
516.772 1309.32 3774
509.257 1306.54 3766
502.837 1306.54 3766
496.417 1306.54 3766
488.825 1303.42 3757
482.421 1303.42 3757
476.016 1303.42 3757
467.486 1297.52 3740
459.138 1291.97 3724
450.722 1286.07 3707
444.403 1286.07 3707
439.147 1289.2 3716
432.812 1289.2 3716
426.477 1289.2 3716
420.142 1289.2 3716
413.808 1289.2 3716
407.473 1289.2 3716
400.166 1286.07 3707
392.147 1280.52 3691
385.855 1280.52 3691
-17.6795 151.956 438
-18.4262 151.956 438
-19.1729 151.956 438
-19.9196 151.956 438
-20.6191 151.609 437
-21.364 151.609 437
-22.109 151.609 437
-22.7494 150.915 435
-23.4909 150.915 435
-24.2325 150.915 435
-32.5491 145.017 418
-33.2617 145.017 418
-33.9743 145.017 418
-34.6868 145.017 418
-35.3147 144.67 417
-36.0256 144.67 417
-36.7365 144.67 417
-37.178 143.629 414
-37.8837 143.629 414
-38.4031 142.936 412
-39.1054 142.936 412
-39.8078 142.936 412
-40.3135 142.242 410
-40.9124 141.895 409
-41.6097 141.895 409
-42.1 141.201 407
-42.6887 140.854 406
-43.3808 140.854 406
-43.8559 140.16 404
-44.5446 140.16 404
-45.1213 139.813 403
-45.6947 139.466 402
-46.2646 139.119 401
-46.9482 139.119 401
-47.6318 139.119 401
-48.1949 138.772 400
-48.8768 138.772 400
-49.5587 138.772 400
-50.2406 138.772 400
-50.7952 138.425 399
-51.4754 138.425 399
-52.1556 138.425 399
-52.8358 138.425 399
-53.516 138.425 399
-54.1962 138.425 399
-54.8764 138.425 399
-55.5566 138.425 399
-56.0958 138.079 398
-56.7743 138.079 398
-57.4528 138.079 398
-58.1313 138.079 398
-58.8098 138.079 398
-59.3388 137.732 397
-60.1668 138.079 398
-60.8453 138.079 398
-61.5238 138.079 398
-62.2022 138.079 398
-62.8807 138.079 398
-63.5592 138.079 398
-64.0763 137.732 397
-64.7531 137.732 397
-65.4299 137.732 397
-66.1067 137.732 397
-66.7835 137.732 397
-67.6302 138.079 398
-68.3086 138.079 398
-68.9871 138.079 398
-69.6656 138.079 398
-70.5209 138.425 399
-71.2011 138.425 399
-71.8813 138.425 399
-72.5614 138.425 399
-73.2416 138.425 399
-73.9218 138.425 399
-74.602 138.425 399
-75.4709 138.772 400
-76.1528 138.772 400
-76.8347 138.772 400
-77.5166 138.772 400
-78.1985 138.772 400
-78.8804 138.772 400
-79.7612 139.119 401
-80.4448 139.119 401
-81.1284 139.119 401
-82.2201 139.813 403
-82.9071 139.813 403
-83.8015 140.16 404
-84.6994 140.507 405
-85.6006 140.854 406
-86.2928 140.854 406
-86.9849 140.854 406
-88.1089 141.548 408
-89.2398 142.242 410
-89.9387 142.242 410
-90.8587 142.589 411
-91.7822 142.936 412
-92.4845 142.936 412
-93.413 143.283 413
-94.345 143.629 414
-95.5099 144.323 416
-96.2191 144.323 416
-97.3943 145.017 418
-98.1069 145.017 418
-99.0559 145.364 419
-100.008 145.711 420
-100.964 146.058 421
-102.165 146.752 423
-102.886 146.752 423
-103.852 147.099 424
-105.068 147.793 426
-105.794 147.793 426
-106.521 147.793 426
-107.498 148.14 427
-108.48 148.486 428
-109.21 148.486 428
-110.453 149.18 430
-111.703 149.874 432
-112.7 150.221 433
-113.438 150.221 433
-114.176 150.221 433
-114.914 150.221 433
-115.92 150.568 434
-116.659 150.568 434
-117.67 150.915 435
-118.956 151.609 437
-119.701 151.609 437
-120.721 151.956 438
-121.745 152.303 439
-122.773 152.65 440
-123.523 152.65 440
-124.555 152.997 441
-125.591 153.344 442
-126.345 153.344 442
-127.673 154.037 444
-128.72 154.384 445
-129.478 154.384 445
-130.237 154.384 445
-130.995 154.384 445
-793.444 748.677 2158
-803.403 754.575 2175
-807.11 754.575 2175
-825.73 768.452 2215
-846.733 784.411 2261
-855.102 788.574 2273
-858.976 788.574 2273
-862.851 788.574 2273
-863.294 785.452 2264
-867.154 785.452 2264
-871.013 785.452 2264
-871.009 781.983 2254
-873.687 780.942 2251
-877.524 780.942 2251
-876.663 776.779 2239
-872.222 769.493 2218
-872.843 766.718 2210
-876.611 766.718 2210
-876.793 763.595 2201
-880.545 763.595 2201
-883.092 762.554 2198
-886.839 762.554 2198
-889.371 761.514 2195
-891.892 760.473 2192
-895.629 760.473 2192
-899.365 760.473 2192
-901.866 759.432 2189
-903.529 757.697 2184
-901.022 752.493 2169
-904.719 752.493 2169
-908.417 752.493 2169
-908.75 749.718 2161
-912.434 749.718 2161
-916.118 749.718 2161
-919.802 749.718 2161
-920.922 747.636 2155
-925.883 748.677 2158
-929.562 748.677 2158
-933.24 748.677 2158
-936.919 748.677 2158
-939.291 747.636 2155
-942.964 747.636 2155
-945.759 746.943 2153
-949.43 746.943 2153
-951.772 745.902 2150
-955.437 745.902 2150
-959.102 745.902 2150
-962.768 745.902 2150
-963.736 743.82 2144
-967.391 743.82 2144
-970.14 743.126 2142
-973.792 743.126 2142
-977.443 743.126 2142
-981.095 743.126 2142
-984.746 743.126 2142
-988.398 743.126 2142
-992.049 743.126 2142
-995.701 743.126 2142
-997.953 742.085 2139
-1001.6 742.085 2139
-1002.43 740.004 2133
-1006.06 740.004 2133
-1008.75 739.31 2131
-1012.38 739.31 2131
-1011.73 736.188 2122
-1015.34 736.188 2122
-1016.56 734.453 2117
-1018.72 733.412 2114
-1019.91 731.678 2109
-1023.5 731.678 2109
-1023.2 728.902 2101
-1024.34 727.167 2096
-1025.46 725.433 2091
-1029.03 725.433 2091
-1028.64 722.657 2083
-1026.74 718.841 2072
-1027.79 717.106 2067
-1031.31 717.106 2067
-1031.33 714.678 2060
-1024.29 707.392 2039
-1024.24 704.964 2032
-1027.71 704.964 2032
-1028.63 703.229 2027
-1029.54 701.495 2022
-1030.43 699.76 2017
-1033.87 699.76 2017
-1032.68 696.638 2008
1054.83 1411.62 4089
1047.85 1411.62 4089
1040.88 1411.62 4089
1033.91 1411.62 4089
1026.94 1411.62 4089
1019.97 1411.62 4089
1013 1411.62 4089
1001.11 1404.72 4069
996.617 1408.17 4079
989.663 1408.17 4079
982.709 1408.17 4079
968.579 1397.82 4049
961.677 1397.82 4049
957.132 1401.27 4059
950.213 1401.27 4059
945.617 1404.72 4069
938.68 1404.72 4069
934.034 1408.17 4079
927.08 1408.17 4079
920.126 1408.17 4079
913.173 1408.17 4079
906.219 1408.17 4079
897.061 1404.72 4069
887.937 1401.27 4059
887.529 1411.62 4089
880.558 1411.62 4089
873.587 1411.62 4089
862.378 1404.72 4069
853.339 1401.27 4059
846.419 1401.27 4059
833.502 1391.26 4030
824.58 1387.8 4020
811.828 1377.79 3991
805.025 1377.79 3991
796.421 1374.69 3982
791.417 1377.79 3991
784.614 1377.79 3991
777.81 1377.79 3991
771.006 1377.79 3991
760.564 1371.23 3972
748.479 1361.57 3944
741.756 1361.57 3944
728.137 1348.79 3907
718.152 1342.58 3889
709.876 1339.47 3880
703.262 1339.47 3880
696.647 1339.47 3880
685.231 1330.15 3853
678.663 1330.15 3853
672.094 1330.15 3853
665.526 1330.15 3853
657.418 1327.04 3844
652.389 1330.15 3853
645.821 1330.15 3853
639.252 1330.15 3853
634.162 1333.26 3862
627.578 1333.26 3862
620.994 1333.26 3862
614.411 1333.26 3862
603.577 1323.94 3835
595.639 1320.83 3826
589.116 1320.83 3826
581.376 1318.07 3818
572.157 1311.85 3800
564.488 1309.09 3792
558.023 1309.09 3792
551.559 1309.09 3792
545.095 1309.09 3792
537.352 1305.99 3783
530.903 1305.99 3783
524.454 1305.99 3783
515.677 1300.12 3766
510.338 1302.88 3774
503.905 1302.88 3774
497.471 1302.88 3774
491.037 1302.88 3774
483.576 1300.12 3766
477.156 1300.12 3766
469.611 1297.01 3757
461.111 1291.14 3740
452.789 1285.62 3724
446.441 1285.62 3724
440.092 1285.62 3724
433.744 1285.62 3724
427.395 1285.62 3724
421.047 1285.62 3724
413.808 1282.86 3716
407.473 1282.86 3716
401.138 1282.86 3716
394.803 1282.86 3716
387.527 1279.75 3707
-18.4262 151.209 438
-19.1729 151.209 438
-19.9196 151.209 438
-20.6662 151.209 438
-21.4129 151.209 438
-22.109 150.863 437
-22.8017 150.518 436
-23.4909 150.173 435
-24.2325 150.173 435
-33.1821 143.959 417
-33.893 143.959 417
-34.6039 143.959 417
-35.3147 143.959 417
-36.0256 143.959 417
-36.7365 143.959 417
-37.178 142.923 414
-37.8837 142.923 414
-38.4031 142.233 412
-39.1054 142.233 412
-39.8078 142.233 412
-40.3135 141.542 410
-40.8124 140.852 408
-41.5079 140.852 408
-42.1 140.507 407
-42.6887 140.161 406
-43.274 139.816 405
-43.8559 139.471 404
-44.5446 139.471 404
-45.0094 138.78 402
-45.581 138.435 401
-46.2646 138.435 401
-46.9482 138.435 401
-47.6318 138.435 401
-48.1949 138.09 400
-48.8768 138.09 400
-49.5587 138.09 400
-50.2406 138.09 400
-50.7952 137.745 399
-51.4754 137.745 399
-52.1556 137.745 399
-52.8358 137.745 399
-53.516 137.745 399
-54.1962 137.745 399
-54.8764 137.745 399
-55.5566 137.745 399
-56.0958 137.4 398
-56.7743 137.4 398
-57.4528 137.4 398
-58.1313 137.4 398
-58.8098 137.4 398
-59.4883 137.4 398
-60.1668 137.4 398
-60.8453 137.4 398
-61.5238 137.4 398
-62.2022 137.4 398
-62.8807 137.4 398
-63.5592 137.4 398
-64.0763 137.054 397
-64.7531 137.054 397
-65.4299 137.054 397
-66.1067 137.054 397
-66.7835 137.054 397
-67.6302 137.4 398
-68.3086 137.4 398
-68.9871 137.4 398
-69.6656 137.4 398
-70.5209 137.745 399
-71.2011 137.745 399
-71.8813 137.745 399
-72.5614 137.745 399
-73.2416 137.745 399
-74.1071 138.09 400
-74.789 138.09 400
-75.4709 138.09 400
-76.1528 138.09 400
-76.8347 138.09 400
-77.5166 138.09 400
-78.1985 138.09 400
-79.0776 138.435 401
-79.7612 138.435 401
-80.4448 138.435 401
-81.3307 138.78 402
-82.2201 139.126 403
-82.9071 139.126 403
-83.8015 139.471 404
-84.6994 139.816 405
-85.6006 140.161 406
-86.2928 140.161 406
-87.1991 140.507 407
-88.1089 140.852 408
-89.2398 141.542 410
-89.9387 141.542 410
-91.0798 142.233 412
-92.0049 142.578 413
-92.709 142.578 413
-93.413 142.578 413
-94.8008 143.614 416
-95.7395 143.959 417
-96.4504 143.959 417
-97.3943 144.304 418
-98.3416 144.649 419
-99.0559 144.649 419
-100.246 145.34 421
-101.444 146.03 423
-102.406 146.375 424
-103.129 146.375 424
-104.097 146.721 425
-105.068 147.066 426
-105.794 147.066 426
-106.771 147.411 427
-107.75 147.756 428
-108.733 148.102 429
-109.465 148.102 429
-110.71 148.792 431
-111.703 149.137 432
-112.7 149.482 433
-113.438 149.482 433
-114.176 149.482 433
-115.18 149.828 434
-115.92 149.828 434
-117.197 150.518 436
-118.211 150.863 437
-118.956 150.863 437
-119.701 150.863 437
-120.721 151.209 438
-121.745 151.554 439
-122.773 151.899 440
-123.523 151.899 440
-124.555 152.244 441
-125.591 152.589 442
-126.345 152.589 442
-127.673 153.28 444
-128.72 153.625 445
-129.478 153.625 445
-130.237 153.625 445
-130.995 153.625 445
-799.695 750.864 2175
-816.331 762.947 2210
-820.098 762.947 2210
-840.269 778.137 2254
-850.103 783.661 2270
-855.102 784.696 2273
-858.976 784.696 2273
-862.851 784.696 2273
-864.438 782.625 2267
-868.303 782.625 2267
-867.166 778.137 2254
-869.849 777.101 2251
-871.358 775.03 2245
-875.185 775.03 2245
-871.965 768.816 2227
-870.256 763.983 2213
-870.474 760.876 2204
-874.231 760.876 2204
-876.793 759.84 2201
-880.545 759.84 2201
-883.092 758.804 2198
-886.839 758.804 2198
-889.371 757.769 2195
-891.892 756.733 2192
-895.629 756.733 2192
-899.365 756.733 2192
-900.63 754.662 2186
-903.529 753.971 2184
-901.022 748.793 2169
-904.719 748.793 2169
-908.417 748.793 2169
-908.75 746.031 2161
-912.434 746.031 2161
-916.118 746.031 2161
-919.802 746.031 2161
-920.922 743.96 2155
-925.883 744.995 2158
-929.562 744.995 2158
-933.24 744.995 2158
-936.919 744.995 2158
-939.291 743.96 2155
-942.964 743.96 2155
-945.759 743.269 2153
-949.43 743.269 2153
-951.772 742.234 2150
-955.437 742.234 2150
-959.102 742.234 2150
-961.424 741.198 2147
-963.736 740.162 2144
-967.391 740.162 2144
-970.14 739.472 2142
-972.428 738.436 2139
-976.074 738.436 2139
-979.721 738.436 2139
-983.367 738.436 2139
-987.013 738.436 2139
-990.66 738.436 2139
-994.306 738.436 2139
-997.953 738.436 2139
-1000.19 737.4 2136
-1001.49 735.674 2131
-1005.12 735.674 2131
-1008.75 735.674 2131
-1009.53 733.603 2125
-1010.77 731.877 2120
-1014.39 731.877 2120
-1015.12 729.805 2114
-1017.76 729.115 2112
-1019.91 728.079 2109
-1023.5 728.079 2109
-1023.2 725.318 2101
-1024.34 723.591 2096
-1026.44 722.556 2093
-1030.01 722.556 2093
-1029.63 719.794 2085
-1028.23 716.342 2075
-1029.28 714.616 2070
-1032.81 714.616 2070
-1031.33 711.163 2060
-1025.8 704.949 2042
-1026.76 703.223 2037
-1030.23 703.223 2037
-1028.63 699.771 2027
-1031.07 699.081 2025
-1030.43 696.319 2017
-1033.87 696.319 2017
-1032.68 693.212 2008
1033.91 1404.65 4089
1026.94 1404.65 4089
1019.97 1404.65 4089
1013 1404.65 4089
1006.03 1404.65 4089
999.06 1404.65 4089
992.089 1404.65 4089
982.709 1401.21 4079
887.529 1404.65 4089
880.558 1404.65 4089
873.587 1404.65 4089
866.616 1404.65 4089
855.441 1397.78 4069
848.504 1397.78 4069
839.5 1394.34 4059
826.631 1384.38 4030
817.727 1380.95 4020
810.874 1380.95 4020
800.221 1374.42 4001
795.185 1377.51 4010
788.349 1377.51 4010
781.513 1377.51 4010
771.006 1370.98 3991
760.564 1364.46 3972
748.479 1354.84 3944
741.756 1354.84 3944
728.137 1342.13 3907
718.152 1335.94 3889
709.876 1332.85 3880
703.262 1332.85 3880
696.647 1332.85 3880
685.231 1323.58 3853
678.663 1323.58 3853
672.094 1323.58 3853
665.526 1323.58 3853
657.418 1320.49 3844
652.389 1323.58 3853
645.821 1323.58 3853
639.252 1323.58 3853
634.162 1326.67 3862
627.578 1326.67 3862
620.994 1326.67 3862
614.411 1326.67 3862
603.577 1317.39 3835
595.639 1314.3 3826
589.116 1314.3 3826
581.376 1311.55 3818
572.157 1305.37 3800
564.488 1302.62 3792
558.023 1302.62 3792
551.559 1302.62 3792
545.095 1302.62 3792
537.352 1299.53 3783
530.903 1299.53 3783
524.454 1299.53 3783
515.677 1293.69 3766
510.338 1296.44 3774
505.106 1299.53 3783
498.657 1299.53 3783
492.208 1299.53 3783
484.604 1296.44 3774
478.17 1296.44 3774
471.736 1296.44 3774
462.22 1287.85 3749
453.762 1282.01 3732
447.4 1282.01 3732
441.038 1282.01 3732
435.608 1284.76 3740
430.265 1287.85 3749
424.778 1290.6 3757
418.373 1290.6 3757
411.969 1290.6 3757
403.729 1284.76 3740
397.353 1284.76 3740
390.141 1282.01 3732
381.208 1273.42 3707
-18.4262 150.461 438
-19.1729 150.461 438
-19.9196 150.461 438
-20.6662 150.461 438
-21.4129 150.461 438
-22.109 150.118 437
-22.8017 149.774 436
-23.4909 149.431 435
-24.2325 149.431 435
-33.1821 143.247 417
-33.893 143.247 417
-34.6039 143.247 417
-35.3147 143.247 417
-36.0256 143.247 417
-36.7365 143.247 417
-37.178 142.217 414
-37.7922 141.873 413
-38.4031 141.53 412
-39.1054 141.53 412
-39.7112 141.186 411
-40.3135 140.843 410
-40.8124 140.156 408
-41.5079 140.156 408
-42.1 139.812 407
-42.6887 139.469 406
-43.274 139.125 405
-43.8559 138.782 404
-44.5446 138.782 404
-45.0094 138.095 402
-45.581 137.751 401
-46.2646 137.751 401
-46.9482 137.751 401
-47.6318 137.751 401
-48.1949 137.408 400
-48.8768 137.408 400
-49.5587 137.408 400
-50.2406 137.408 400
-50.7952 137.064 399
-51.4754 137.064 399
-52.1556 137.064 399
-52.8358 137.064 399
-53.516 137.064 399
-54.1962 137.064 399
-54.8764 137.064 399
-55.5566 137.064 399
-56.0958 136.72 398
-56.7743 136.72 398
-57.4528 136.72 398
-58.1313 136.72 398
-58.8098 136.72 398
-59.4883 136.72 398
-60.1668 136.72 398
-60.8453 136.72 398
-61.5238 136.72 398
-62.2022 136.72 398
-62.8807 136.72 398
-63.5592 136.72 398
-64.0763 136.377 397
-64.7531 136.377 397
-65.4299 136.377 397
-66.1067 136.377 397
-66.7835 136.377 397
-67.6302 136.72 398
-68.3086 136.72 398
-68.9871 136.72 398
-69.6656 136.72 398
-70.5209 137.064 399
-71.2011 137.064 399
-71.8813 137.064 399
-72.5614 137.064 399
-73.2416 137.064 399
-74.1071 137.408 400
-74.789 137.408 400
-75.4709 137.408 400
-76.1528 137.408 400
-76.8347 137.408 400
-77.5166 137.408 400
-78.1985 137.408 400
-79.0776 137.751 401
-79.7612 137.751 401
-80.4448 137.751 401
-81.3307 138.095 402
-82.2201 138.438 403
-82.9071 138.438 403
-83.8015 138.782 404
-84.6994 139.125 405
-85.6006 139.469 406
-86.2928 139.469 406
-87.1991 139.812 407
-88.1089 140.156 408
-89.2398 140.843 410
-90.1581 141.186 411
-91.0798 141.53 412
-92.0049 141.873 413
-92.709 141.873 413
-93.6392 142.217 414
-95.0287 143.247 417
-95.7395 143.247 417
-96.6817 143.591 418
-97.3943 143.591 418
-98.5763 144.278 420
-99.2923 144.278 420
-100.485 144.965 422
-101.684 145.652 424
-102.648 145.995 425
-103.372 145.995 425
-104.342 146.339 426
-105.315 146.683 427
-106.043 146.683 427
-107.021 147.026 428
-108.002 147.37 429
-109.24 148.057 431
-109.975 148.057 431
-110.71 148.057 431
-111.703 148.4 432
-112.7 148.744 433
-113.438 148.744 433
-114.176 148.744 433
-115.18 149.087 434
-115.92 149.087 434
-117.466 150.118 437
-118.481 150.461 438
-119.228 150.461 438
-119.975 150.461 438
-120.997 150.805 439
-122.023 151.148 440
-123.052 151.492 441
-123.804 151.492 441
-124.838 151.835 442
-126.16 152.522 444
-126.916 152.522 444
-127.961 152.866 445
-129.009 153.209 446
-129.769 153.209 446
-130.529 153.209 446
-131.29 153.209 446
-812.563 759.177 2210
-823.719 766.047 2230
-827.52 766.047 2230
-846.233 779.788 2270
-851.227 780.818 2273
-855.102 780.818 2273
-858.976 780.818 2273
-862.851 780.818 2273
-864.438 778.757 2267
-868.303 778.757 2267
-867.166 774.291 2254
-869.849 773.261 2251
-871.358 771.2 2245
-875.185 771.2 2245
-871.965 765.016 2227
-870.256 760.207 2213
-870.474 757.115 2204
-874.231 757.115 2204
-876.793 756.085 2201
-880.545 756.085 2201
-879.476 751.963 2189
-883.208 751.963 2189
-886.94 751.963 2189
-889.451 750.932 2186
-893.177 750.932 2186
-896.904 750.932 2186
-899.806 750.245 2184
-902.288 749.215 2181
-901.022 745.092 2169
-904.719 745.092 2169
-907.579 744.405 2167
-908.75 742.344 2161
-912.434 742.344 2161
-916.118 742.344 2161
-919.802 742.344 2161
-920.922 740.283 2155
-925.883 741.314 2158
-929.562 741.314 2158
-933.24 741.314 2158
-936.919 741.314 2158
-939.291 740.283 2155
-942.964 740.283 2155
-945.759 739.596 2153
-949.43 739.596 2153
-951.772 738.565 2150
-955.437 738.565 2150
-957.764 737.535 2147
-960.081 736.504 2144
-963.736 736.504 2144
-967.391 736.504 2144
-968.781 734.787 2139
-972.428 734.787 2139
-974.705 733.756 2136
-978.347 733.756 2136
-981.988 733.756 2136
-985.629 733.756 2136
-989.271 733.756 2136
-992.912 733.756 2136
-996.553 733.756 2136
-998.79 732.726 2133
-1001.49 732.039 2131
-1005.12 732.039 2131
-1005.91 729.977 2125
-1009.53 729.977 2125
-1010.77 728.26 2120
-1014.39 728.26 2120
-1014.16 725.512 2112
-1016.31 724.481 2109
-1019.91 724.481 2109
-1023.5 724.481 2109
-1021.74 720.703 2098
-1024.34 720.015 2096
-1026.44 718.985 2093
-1030.01 718.985 2093
-1029.63 716.237 2085
-1028.23 712.802 2075
-1029.28 711.084 2070
-1032.81 711.084 2070
-1031.33 707.649 2060
-1025.8 701.465 2042
-1026.76 699.748 2037
-1030.23 699.748 2037
-1028.63 696.313 2027
-1031.07 695.626 2025
-1030.43 692.878 2017
-1033.87 692.878 2017
-1032.68 689.786 2008
1033.91 1397.67 4089
1026.94 1397.67 4089
1019.97 1397.67 4089
1013 1397.67 4089
1006.03 1397.67 4089
999.06 1397.67 4089
992.089 1397.67 4089
982.709 1394.25 4079
880.558 1397.67 4089
873.587 1397.67 4089
866.616 1397.67 4089
859.646 1397.67 4089
852.675 1397.67 4089
841.568 1390.84 4069
832.58 1387.42 4059
817.727 1374.09 4020
810.874 1374.09 4020
802.021 1370.67 4010
797.168 1374.09 4020
790.315 1374.09 4020
783.462 1374.09 4020
774.677 1370.67 4010
762.479 1361.1 3982
753.793 1357.68 3972
747.022 1357.68 3972
733.355 1345.03 3935
723.138 1338.54 3916
713.169 1332.39 3898
706.524 1332.39 3898
699.879 1332.39 3898
690.033 1326.23 3880
683.418 1326.23 3880
676.804 1326.23 3880
668.635 1323.16 3871
660.497 1320.08 3862
653.913 1320.08 3862
647.329 1320.08 3862
640.745 1320.08 3862
635.64 1323.16 3871
629.041 1323.16 3871
622.441 1323.16 3871
614.411 1320.08 3862
607.827 1320.08 3862
597.04 1310.85 3835
590.502 1310.85 3835
581.376 1305.04 3818
572.157 1298.89 3800
564.488 1296.15 3792
558.023 1296.15 3792
551.559 1296.15 3792
545.095 1296.15 3792
537.352 1293.08 3783
530.903 1293.08 3783
523.206 1290 3774
515.677 1287.27 3766
510.338 1290 3774
505.106 1293.08 3783
498.657 1293.08 3783
492.208 1293.08 3783
484.604 1290 3774
478.17 1290 3774
471.736 1290 3774
462.22 1281.46 3749
453.762 1275.65 3732
447.4 1275.65 3732
441.038 1275.65 3732
435.608 1278.38 3740
430.265 1281.46 3749
424.778 1284.19 3757
418.373 1284.19 3757
411.969 1284.19 3757
405.564 1284.19 3757
399.159 1284.19 3757
390.141 1275.65 3732
382.133 1270.18 3716
375.799 1270.18 3716
369.464 1270.18 3716
363.129 1270.18 3716
-19.9196 149.714 438
-20.6662 149.714 438
-21.4129 149.714 438
-22.109 149.372 437
-22.8017 149.03 436
-33.1821 142.536 417
-33.893 142.536 417
-34.6039 142.536 417
-35.3147 142.536 417
-36.0256 142.536 417
-36.7365 142.536 417
-37.178 141.51 414
-37.7922 141.169 413
-38.4963 141.169 413
-39.2004 141.169 413
-39.7112 140.485 411
-40.3135 140.143 410
-40.8124 139.46 408
-41.5079 139.46 408
-42.1 139.118 407
-42.6887 138.776 406
-43.274 138.434 405
-43.8559 138.092 404
-44.5446 138.092 404
-45.0094 137.409 402
-45.581 137.067 401
-46.2646 137.067 401
-46.9482 137.067 401
-47.6318 137.067 401
-48.1949 136.725 400
-48.8768 136.725 400
-49.5587 136.725 400
-50.2406 136.725 400
-50.7952 136.383 399
-51.4754 136.383 399
-52.1556 136.383 399
-52.8358 136.383 399
-53.516 136.383 399
-54.1962 136.383 399
-54.8764 136.383 399
-55.5566 136.383 399
-56.0958 136.041 398
-56.7743 136.041 398
-57.4528 136.041 398
-58.1313 136.041 398
-58.8098 136.041 398
-59.4883 136.041 398
-60.1668 136.041 398
-60.8453 136.041 398
-61.5238 136.041 398
-62.2022 136.041 398
-62.8807 136.041 398
-63.5592 136.041 398
-64.0763 135.7 397
-64.7531 135.7 397
-65.4299 135.7 397
-66.1067 135.7 397
-66.7835 135.7 397
-67.6302 136.041 398
-68.3086 136.041 398
-68.9871 136.041 398
-69.6656 136.041 398
-70.5209 136.383 399
-71.2011 136.383 399
-71.8813 136.383 399
-72.5614 136.383 399
-73.2416 136.383 399
-74.1071 136.725 400
-74.789 136.725 400
-75.4709 136.725 400
-76.1528 136.725 400
-76.8347 136.725 400
-77.5166 136.725 400
-78.1985 136.725 400
-79.0776 137.067 401
-79.7612 137.067 401
-80.4448 137.067 401
-81.3307 137.409 402
-82.2201 137.751 403
-82.9071 137.751 403
-83.8015 138.092 404
-84.6994 138.434 405
-85.6006 138.776 406
-86.2928 138.776 406
-87.1991 139.118 407
-88.1089 139.46 408
-89.2398 140.143 410
-90.1581 140.485 411
-91.0798 140.827 412
-92.0049 141.169 413
-92.709 141.169 413
-93.6392 141.51 414
-95.0287 142.536 417
-95.7395 142.536 417
-96.6817 142.878 418
-97.3943 142.878 418
-98.811 143.903 421
-99.5287 143.903 421
-100.723 144.587 423
-101.923 145.27 425
-102.648 145.27 425
-103.616 145.612 426
-104.587 145.954 427
-105.561 146.296 428
-106.291 146.296 428
-107.021 146.296 428
-108.254 146.979 430
-109.24 147.321 431
-109.975 147.321 431
-110.967 147.663 432
-111.962 148.005 433
-112.7 148.005 433
-113.438 148.005 433
-114.44 148.347 434
-115.71 149.03 436
-116.454 149.03 436
-117.735 149.714 438
-118.481 149.714 438
-119.5 150.056 439
-120.249 150.056 439
-120.997 150.056 439
-122.023 150.398 440
-123.331 151.081 442
-124.084 151.081 442
-125.12 151.423 443
-126.444 152.107 445
-127.202 152.107 445
-128.248 152.448 446
-129.298 152.79 447
-130.351 153.132 448
-131.115 153.132 448
-132.173 153.474 449
-132.938 153.474 449
-133.704 153.474 449
-812.563 755.406 2210
-823.719 762.242 2230
-827.52 762.242 2230
-846.233 775.915 2270
-851.227 776.94 2273
-855.102 776.94 2273
-858.976 776.94 2273
-862.851 776.94 2273
-864.438 774.889 2267
-868.303 774.889 2267
-866.012 769.42 2251
-867.531 767.37 2245
-870.194 766.344 2242
-874.016 766.344 2242
-868.441 758.141 2218
-866.716 753.355 2204
-869.289 752.33 2201
-873.041 752.33 2201
-875.598 751.304 2198
-878.145 750.279 2195
-879.476 748.228 2189
-883.208 748.228 2189
-886.94 748.228 2189
-889.451 747.203 2186
-893.177 747.203 2186
-896.904 747.203 2186
-899.806 746.519 2184
-902.288 745.494 2181
-901.022 741.392 2169
-904.719 741.392 2169
-907.579 740.708 2167
-908.75 738.657 2161
-912.434 738.657 2161
-916.118 738.657 2161
-919.802 738.657 2161
-920.922 736.606 2155
-925.883 737.632 2158
-929.562 737.632 2158
-933.24 737.632 2158
-936.919 737.632 2158
-939.291 736.606 2155
-942.964 736.606 2155
-945.759 735.923 2153
-949.43 735.923 2153
-950.444 733.872 2147
-954.104 733.872 2147
-956.426 732.846 2144
-960.081 732.846 2144
-961.488 731.137 2139
-965.135 731.137 2139
-968.781 731.137 2139
-971.064 730.112 2136
-973.336 729.087 2133
-976.972 729.087 2133
-980.609 729.087 2133
-985.629 730.112 2136
-989.271 730.112 2136
-992.912 730.112 2136
-995.154 729.087 2133
-997.853 728.403 2131
-998.666 726.352 2125
-1002.29 726.352 2125
-1005.91 726.352 2125
-1008.11 725.327 2122
-1010.77 724.643 2120
-1014.39 724.643 2120
-1014.16 721.909 2112
-1016.31 720.883 2109
-1019.91 720.883 2109
-1023.5 720.883 2109
-1021.74 717.123 2098
-1024.34 716.439 2096
-1026.44 715.414 2093
-1030.01 715.414 2093
-1029.63 712.68 2085
-1028.23 709.261 2075
-1029.28 707.552 2070
-1032.81 707.552 2070
-1031.33 704.134 2060
-1025.8 697.982 2042
-1026.76 696.273 2037
-1030.23 696.273 2037
-1028.63 692.854 2027
-1031.07 692.171 2025
-1031.97 690.462 2020
-1035.41 690.462 2020
-1032.68 686.36 2008
1019.97 1390.7 4089
1013 1390.7 4089
1006.03 1390.7 4089
999.06 1390.7 4089
992.089 1390.7 4089
880.558 1390.7 4089
873.587 1390.7 4089
866.616 1390.7 4089
859.646 1390.7 4089
852.675 1390.7 4089
845.704 1390.7 4089
834.631 1383.89 4069
823.626 1377.09 4049
816.724 1377.09 4049
804.021 1367.23 4020
799.151 1370.63 4030
792.281 1370.63 4030
785.411 1370.63 4030
776.609 1367.23 4020
766.117 1360.77 4001
755.691 1354.3 3982
748.903 1354.3 3982
736.71 1344.44 3953
726.647 1338.32 3935
718.109 1334.92 3925
711.418 1334.92 3925
703.111 1331.86 3916
694.835 1328.8 3907
688.174 1328.8 3907
681.514 1328.8 3907
673.299 1325.74 3898
666.654 1325.74 3898
658.485 1322.67 3889
651.855 1322.67 3889
645.225 1322.67 3889
638.595 1322.67 3889
631.966 1322.67 3889
625.336 1322.67 3889
618.706 1322.67 3889
610.66 1319.61 3880
599.842 1310.43 3853
593.274 1310.43 3853
583.964 1304.31 3835
572.157 1292.41 3800
564.488 1289.68 3792
558.023 1289.68 3792
551.559 1289.68 3792
545.095 1289.68 3792
538.63 1289.68 3792
532.166 1289.68 3792
524.454 1286.62 3783
515.677 1280.84 3766
510.338 1283.56 3774
506.308 1289.68 3792
499.844 1289.68 3792
493.379 1289.68 3792
486.915 1289.68 3792
480.451 1289.68 3792
473.986 1289.68 3792
464.316 1280.84 3766
455.829 1275.06 3749
449.438 1275.06 3749
441.983 1272 3740
436.656 1275.06 3749
431.183 1277.78 3757
424.778 1277.78 3757
418.373 1277.78 3757
411.969 1277.78 3757
405.564 1277.78 3757
399.159 1277.78 3757
390.141 1269.28 3732
382.133 1263.84 3716
375.799 1263.84 3716
369.464 1263.84 3716
363.129 1263.84 3716
-33.1821 141.824 417
-33.893 141.824 417
-34.6039 141.824 417
-35.3147 141.824 417
-36.0256 141.824 417
-36.6484 141.484 416
-37.178 140.804 414
-37.7922 140.464 413
-38.4963 140.464 413
-39.2004 140.464 413
-39.7112 139.784 411
-40.3135 139.444 410
-40.8124 138.764 408
-41.5079 138.764 408
-42.1 138.423 407
-42.6887 138.083 406
-43.274 137.743 405
-43.8559 137.403 404
-44.5446 137.403 404
-45.0094 136.723 402
-45.581 136.383 401
-46.2646 136.383 401
-46.9482 136.383 401
-47.6318 136.383 401
-48.1949 136.043 400
-48.8768 136.043 400
-49.5587 136.043 400
-50.2406 136.043 400
-50.7952 135.703 399
-51.4754 135.703 399
-52.1556 135.703 399
-52.8358 135.703 399
-53.516 135.703 399
-54.1962 135.703 399
-54.8764 135.703 399
-55.5566 135.703 399
-56.0958 135.362 398
-56.7743 135.362 398
-57.4528 135.362 398
-58.1313 135.362 398
-58.8098 135.362 398
-59.4883 135.362 398
-60.1668 135.362 398
-60.8453 135.362 398
-61.5238 135.362 398
-62.2022 135.362 398
-62.8807 135.362 398
-63.5592 135.362 398
-64.0763 135.022 397
-64.7531 135.022 397
-65.4299 135.022 397
-66.1067 135.022 397
-66.7835 135.022 397
-67.6302 135.362 398
-68.3086 135.362 398
-68.9871 135.362 398
-69.6656 135.362 398
-70.5209 135.703 399
-71.2011 135.703 399
-71.8813 135.703 399
-72.5614 135.703 399
-73.2416 135.703 399
-74.1071 136.043 400
-74.789 136.043 400
-75.4709 136.043 400
-76.1528 136.043 400
-76.8347 136.043 400
-77.5166 136.043 400
-78.394 136.383 401
-79.0776 136.383 401
-79.7612 136.383 401
-80.4448 136.383 401
-81.3307 136.723 402
-82.2201 137.063 403
-82.9071 137.063 403
-83.8015 137.403 404
-84.6994 137.743 405
-85.6006 138.083 406
-86.2928 138.083 406
-87.1991 138.423 407
-88.3249 139.104 409
-89.0221 139.104 409
-90.1581 139.784 411
-91.0798 140.124 412
-92.2277 140.804 414
-92.9335 140.804 414
-93.6392 140.804 414
-95.0287 141.824 417
-95.7395 141.824 417
-96.6817 142.165 418
-97.3943 142.165 418
-98.811 143.185 421
-99.5287 143.185 421
-100.723 143.865 423
-101.923 144.545 425
-102.648 144.545 425
-103.616 144.885 426
-104.587 145.226 427
-105.561 145.566 428
-106.291 145.566 428
-107.021 145.566 428
-108.254 146.246 430
-109.24 146.586 431
-109.975 146.586 431
-110.967 146.926 432
-111.962 147.266 433
-112.7 147.266 433
-113.438 147.266 433
-114.44 147.606 434
-115.71 148.286 436
-116.454 148.286 436
-117.735 148.967 438
-118.481 148.967 438
-119.5 149.307 439
-120.249 149.307 439
-120.997 149.307 439
-122.3 149.987 441
-123.331 150.327 442
-124.084 150.327 442
-125.403 151.007 444
-126.444 151.347 445
-127.202 151.347 445
-128.536 152.028 447
-129.587 152.368 448
-130.642 152.708 449
-131.407 152.708 449
-132.173 152.708 449
-132.938 152.708 449
-133.704 152.708 449
-819.917 758.438 2230
-830.367 764.56 2248
-834.2 764.56 2248
-847.352 773.062 2273
-851.227 773.062 2273
-855.102 773.062 2273
-858.976 773.062 2273
-862.851 773.062 2273
-864.438 771.022 2267
-868.303 771.022 2267
-864.858 764.56 2248
-866.372 762.519 2242
-869.029 761.499 2239
-872.846 761.499 2239
-865.308 751.636 2210
-865.537 748.575 2201
-864.549 744.493 2189
-868.281 744.493 2189
-872.013 744.493 2189
-874.544 743.473 2186
-878.271 743.473 2186
-881.997 743.473 2186
-884.914 742.793 2184
-888.637 742.793 2184
-892.36 742.793 2184
-896.083 742.793 2184
-898.57 741.773 2181
-898.565 738.712 2172
-900.191 737.011 2167
-903.885 737.011 2167
-905.066 734.97 2161
-908.75 734.97 2161
-912.434 734.97 2161
-916.118 734.97 2161
-918.525 733.95 2158
-920.922 732.93 2155
-924.596 732.93 2155
-928.269 732.93 2155
-931.943 732.93 2155
-935.617 732.93 2155
-938.419 732.25 2153
-942.089 732.25 2153
-945.759 732.25 2153
-948.107 731.229 2150
-950.444 730.209 2147
-954.104 730.209 2147
-956.426 729.189 2144
-960.081 729.189 2144
-961.488 727.488 2139
-965.135 727.488 2139
-968.781 727.488 2139
-971.064 726.468 2136
-973.336 725.447 2133
-976.972 725.447 2133
-980.609 725.447 2133
-985.629 726.468 2136
-989.271 726.468 2136
-992.912 726.468 2136
-995.154 725.447 2133
-997.853 724.767 2131
-998.666 722.727 2125
-1002.29 722.727 2125
-1005.91 722.727 2125
-1008.11 721.706 2122
-1010.77 721.026 2120
-1014.39 721.026 2120
-1014.16 718.305 2112
-1016.31 717.285 2109
-1019.91 717.285 2109
-1023.5 717.285 2109
-1021.74 713.544 2098
-1024.34 712.863 2096
-1026.44 711.843 2093
-1030.01 711.843 2093
-1029.63 709.122 2085
-1028.23 705.721 2075
-1029.28 704.021 2070
-1032.81 704.021 2070
-1031.33 700.62 2060
-1025.8 694.498 2042
-1026.76 692.797 2037
-1030.23 692.797 2037
-1028.63 689.396 2027
-1031.07 688.716 2025
-1031.97 687.015 2020
-1035.41 687.015 2020
-1032.68 682.934 2008
866.616 1383.72 4089
859.646 1383.72 4089
852.675 1383.72 4089
845.704 1383.72 4089
834.631 1376.95 4069
823.626 1370.18 4049
816.724 1370.18 4049
804.021 1360.37 4020
799.151 1363.75 4030
792.281 1363.75 4030
785.411 1363.75 4030
778.541 1363.75 4030
769.756 1360.37 4020
757.399 1350.56 3991
750.595 1350.56 3991
740.251 1344.13 3972
729.971 1337.7 3953
719.939 1331.61 3935
713.231 1331.61 3935
706.522 1331.61 3935
699.814 1331.61 3935
693.106 1331.61 3935
686.398 1331.61 3935
677.962 1328.22 3925
668.193 1322.13 3907
660.008 1319.09 3898
654.872 1322.13 3907
648.211 1322.13 3907
643.029 1325.18 3916
637.816 1328.22 3925
631.124 1328.22 3925
624.433 1328.22 3925
614.909 1322.13 3907
604.045 1312.99 3880
597.431 1312.99 3880
585.335 1300.81 3844
576.071 1294.72 3826
565.679 1285.92 3800
559.201 1285.92 3800
552.723 1285.92 3800
546.245 1285.92 3800
539.766 1285.92 3800
533.288 1285.92 3800
524.454 1280.17 3783
516.772 1277.12 3774
511.555 1280.17 3783
507.376 1285.92 3800
500.898 1285.92 3800
494.42 1285.92 3800
489.098 1288.97 3809
482.604 1288.97 3809
476.111 1288.97 3809
467.522 1283.21 3792
459.963 1280.17 3783
453.514 1280.17 3783
443.047 1268.66 3749
436.656 1268.66 3749
431.183 1271.37 3757
424.778 1271.37 3757
418.373 1271.37 3757
411.969 1271.37 3757
405.564 1271.37 3757
399.159 1271.37 3757
390.141 1262.91 3732
382.133 1257.5 3716
375.799 1257.5 3716
369.464 1257.5 3716
363.129 1257.5 3716
-33.1821 141.113 417
-33.893 141.113 417
-34.6039 141.113 417
-35.3147 141.113 417
-36.0256 141.113 417
-36.6484 140.775 416
-37.178 140.098 414
-37.7922 139.759 413
-38.4963 139.759 413
-39.2004 139.759 413
-39.7112 139.083 411
-40.3135 138.744 410
-40.8124 138.067 408
-41.5079 138.067 408
-42.1 137.729 407
-42.6887 137.391 406
-43.274 137.052 405
-43.8559 136.714 404
-44.5446 136.714 404
-45.0094 136.037 402
-45.581 135.699 401
-46.2646 135.699 401
-46.9482 135.699 401
-47.513 135.36 400
-48.1949 135.36 400
-48.8768 135.36 400
-49.5587 135.36 400
-50.2406 135.36 400
-50.7952 135.022 399
-51.4754 135.022 399
-52.1556 135.022 399
-52.8358 135.022 399
-53.516 135.022 399
-54.1962 135.022 399
-54.8764 135.022 399
-55.5566 135.022 399
-56.0958 134.683 398
-56.7743 134.683 398
-57.4528 134.683 398
-58.1313 134.683 398
-58.8098 134.683 398
-59.4883 134.683 398
-60.1668 134.683 398
-60.8453 134.683 398
-61.5238 134.683 398
-62.2022 134.683 398
-62.8807 134.683 398
-63.5592 134.683 398
-64.0763 134.345 397
-64.7531 134.345 397
-65.4299 134.345 397
-66.1067 134.345 397
-66.7835 134.345 397
-67.6302 134.683 398
-68.3086 134.683 398
-68.9871 134.683 398
-69.6656 134.683 398
-70.5209 135.022 399
-71.2011 135.022 399
-71.8813 135.022 399
-72.5614 135.022 399
-73.4252 135.36 400
-74.1071 135.36 400
-74.789 135.36 400
-75.4709 135.36 400
-76.1528 135.36 400
-77.0268 135.699 401
-77.7104 135.699 401
-78.394 135.699 401
-79.0776 135.699 401
-79.9601 136.037 402
-80.6454 136.037 402
-81.3307 136.037 402
-82.4241 136.714 404
-83.1128 136.714 404
-83.8015 136.714 404
-84.6994 137.052 405
-85.6006 137.391 406
-86.2928 137.391 406
-87.1991 137.729 407
-88.3249 138.406 409
-89.0221 138.406 409
-90.1581 139.083 411
-91.0798 139.421 412
-92.2277 140.098 414
-92.9335 140.098 414
-93.6392 140.098 414
-95.0287 141.113 417
-95.7395 141.113 417
-96.6817 141.451 418
-97.6273 141.79 419
-98.811 142.467 421
-99.5287 142.467 421
-100.961 143.482 424
-101.923 143.82 425
-102.648 143.82 425
-103.616 144.159 426
-104.587 144.497 427
-105.561 144.835 428
-106.291 144.835 428
-107.271 145.174 429
-108.506 145.851 431
-109.494 146.189 432
-110.23 146.189 432
-110.967 146.189 432
-111.962 146.527 433
-112.7 146.527 433
-113.7 146.866 434
-114.44 146.866 434
-115.71 147.543 436
-116.454 147.543 436
-117.735 148.219 438
-118.481 148.219 438
-119.5 148.558 439
-120.249 148.558 439
-120.997 148.558 439
-122.3 149.235 441
-123.331 149.573 442
-124.084 149.573 442
-125.403 150.25 444
-126.444 150.588 445
-127.202 150.588 445
-128.536 151.265 447
-129.587 151.603 448
-130.642 151.942 449
-131.407 151.942 449
-132.173 151.942 449
-132.938 151.942 449
-133.704 151.942 449
-824.899 762.755 2254
-828.741 762.755 2254
-832.584 762.755 2254
-836.426 762.755 2254
-847.352 769.184 2273
-851.227 769.184 2273
-855.102 769.184 2273
-858.976 769.184 2273
-862.851 769.184 2273
-862.15 765.124 2261
-866.005 765.124 2261
-862.549 758.694 2242
-865.212 757.679 2239
-864.372 753.618 2227
-868.168 753.618 2227
-861.784 744.82 2201
-860.818 740.759 2189
-862.575 739.067 2184
-866.298 739.067 2184
-870.021 739.067 2184
-873.744 739.067 2184
-876.262 738.052 2181
-879.98 738.052 2181
-883.698 738.052 2181
-887.416 738.052 2181
-891.134 738.052 2181
-894.852 738.052 2181
-897.334 737.036 2178
-897.324 733.991 2169
-898.944 732.299 2164
-902.633 732.299 2164
-905.066 731.284 2161
-907.488 730.268 2158
-911.167 730.268 2158
-914.846 730.268 2158
-917.248 729.253 2155
-920.922 729.253 2155
-924.596 729.253 2155
-928.269 729.253 2155
-931.943 729.253 2155
-935.617 729.253 2155
-938.419 728.576 2153
-942.089 728.576 2153
-943.124 726.546 2147
-946.784 726.546 2147
-949.116 725.531 2144
-952.771 725.531 2144
-956.426 725.531 2144
-957.842 723.839 2139
-961.488 723.839 2139
-965.135 723.839 2139
-967.422 722.823 2136
-969.7 721.808 2133
-973.336 721.808 2133
-976.972 721.808 2133
-980.609 721.808 2133
-984.245 721.808 2133
-987.881 721.808 2133
-991.517 721.808 2133
-994.221 721.132 2131
-996.448 720.116 2128
-998.666 719.101 2125
-1002.29 719.101 2125
-1005.91 719.101 2125
-1008.11 718.086 2122
-1010.77 717.409 2120
-1014.39 717.409 2120
-1014.16 714.702 2112
-1016.31 713.687 2109
-1019.91 713.687 2109
-1023.5 713.687 2109
-1021.74 709.964 2098
-1024.34 709.287 2096
-1026.44 708.272 2093
-1030.01 708.272 2093
-1029.63 705.565 2085
-1028.23 702.181 2075
-1029.28 700.489 2070
-1032.81 700.489 2070
-1031.33 697.105 2060
-1025.8 691.014 2042
-1026.76 689.322 2037
-1030.23 689.322 2037
-1028.63 685.938 2027
-1031.07 685.261 2025
-1031.97 683.569 2020
-1035.41 683.569 2020
-1032.68 679.508 2008
859.646 1376.74 4089
852.675 1376.74 4089
845.704 1376.74 4089
834.631 1370.01 4069
825.66 1366.64 4059
818.741 1366.64 4059
807.821 1359.91 4039
800.936 1359.91 4039
794.05 1359.91 4039
787.165 1359.91 4039
778.541 1356.88 4030
769.756 1353.51 4020
757.399 1343.75 3991
750.595 1343.75 3991
740.251 1337.35 3972
729.971 1330.95 3953
719.939 1324.89 3935
713.231 1324.89 3935
706.522 1324.89 3935
699.814 1324.89 3935
693.106 1324.89 3935
686.398 1324.89 3935
677.962 1321.53 3925
668.193 1315.47 3907
660.008 1312.43 3898
654.872 1315.47 3907
648.211 1315.47 3907
643.029 1318.5 3916
637.816 1321.53 3925
631.124 1321.53 3925
624.433 1321.53 3925
614.909 1315.47 3907
604.045 1306.37 3880
597.431 1306.37 3880
590.817 1306.37 3880
580.137 1297.28 3853
569.549 1288.19 3826
563.027 1288.19 3826
556.504 1288.19 3826
549.982 1288.19 3826
542.323 1285.5 3818
535.815 1285.5 3818
526.81 1279.44 3800
516.772 1270.68 3774
511.555 1273.71 3783
507.376 1279.44 3800
500.898 1279.44 3800
497.803 1288.19 3826
491.281 1288.19 3826
484.758 1288.19 3826
478.236 1288.19 3826
469.618 1282.47 3809
462.03 1279.44 3800
455.552 1279.44 3800
445.056 1267.99 3766
437.588 1264.96 3757
432.216 1267.99 3766
426.7 1270.68 3774
420.266 1270.68 3774
415.806 1276.75 3792
409.342 1276.75 3792
402.878 1276.75 3792
396.413 1276.75 3792
383.779 1256.54 3732
375.799 1251.16 3716
369.464 1251.16 3716
363.129 1251.16 3716
-33.1821 140.402 417
-33.893 140.402 417
-34.6039 140.402 417
-35.2301 140.065 416
-35.9392 140.065 416
-36.6484 140.065 416
-37.178 139.391 414
-37.7922 139.055 413
-38.4963 139.055 413
-39.2004 139.055 413
-39.7112 138.381 411
-40.2152 137.708 409
-40.8124 137.371 408
-41.5079 137.371 408
-41.9966 136.698 406
-42.6887 136.698 406
-43.274 136.361 405
-43.8559 136.025 404
-44.5446 136.025 404
-45.0094 135.351 402
-45.581 135.014 401
-46.1492 134.678 400
-46.8311 134.678 400
-47.513 134.678 400
-48.1949 134.678 400
-48.8768 134.678 400
-49.5587 134.678 400
-50.2406 134.678 400
-50.7952 134.341 399
-51.4754 134.341 399
-52.1556 134.341 399
-52.8358 134.341 399
-53.516 134.341 399
-54.1962 134.341 399
-54.8764 134.341 399
-55.5566 134.341 399
-56.0958 134.004 398
-56.7743 134.004 398
-57.4528 134.004 398
-58.1313 134.004 398
-58.8098 134.004 398
-59.4883 134.004 398
-60.1668 134.004 398
-60.8453 134.004 398
-61.5238 134.004 398
-62.2022 134.004 398
-62.8807 134.004 398
-63.5592 134.004 398
-64.0763 133.668 397
-64.7531 133.668 397
-65.4299 133.668 397
-66.1067 133.668 397
-66.7835 133.668 397
-67.6302 134.004 398
-68.3086 134.004 398
-68.9871 134.004 398
-69.6656 134.004 398
-70.5209 134.341 399
-71.2011 134.341 399
-71.8813 134.341 399
-72.5614 134.341 399
-73.4252 134.678 400
-74.1071 134.678 400
-74.789 134.678 400
-75.4709 134.678 400
-76.3432 135.014 401
-77.0268 135.014 401
-77.7104 135.014 401
-78.394 135.014 401
-79.2748 135.351 402
-79.9601 135.351 402
-80.6454 135.351 402
-81.533 135.688 403
-82.4241 136.025 404
-83.1128 136.025 404
-84.0089 136.361 405
-84.6994 136.361 405
-85.6006 136.698 406
-86.2928 136.698 406
-87.4134 137.371 408
-88.5408 138.045 410
-89.2398 138.045 410
-90.1581 138.381 411
-91.0798 138.718 412
-92.2277 139.391 414
-92.9335 139.391 414
-93.6392 139.391 414
-95.2565 140.738 418
-95.9691 140.738 418
-96.6817 140.738 418
-97.6273 141.075 419
-98.811 141.748 421
-99.5287 141.748 421
-101.199 143.095 425
-102.163 143.432 426
-102.889 143.432 426
-103.616 143.432 426
-104.587 143.769 427
-105.808 144.442 429
-106.539 144.442 429
-107.521 144.779 430
-108.757 145.452 432
-109.494 145.452 432
-110.23 145.452 432
-111.223 145.789 433
-111.962 145.789 433
-112.7 145.789 433
-113.7 146.125 434
-114.703 146.462 435
-115.976 147.135 437
-116.721 147.135 437
-117.735 147.472 438
-118.752 147.809 439
-119.5 147.809 439
-120.249 147.809 439
-120.997 147.809 439
-122.3 148.482 441
-123.052 148.482 441
-124.365 149.156 443
-125.403 149.492 444
-126.728 150.166 446
-127.488 150.166 446
-128.536 150.502 447
-129.587 150.839 448
-130.642 151.176 449
-131.407 151.176 449
-132.467 151.512 450
-133.234 151.512 450
-134.001 151.512 450
-832.079 772.714 2295
-835.991 772.714 2295
-839.904 772.714 2295
-839.036 768.337 2282
-842.926 768.337 2282
-842.364 764.296 2270
-849.588 767.327 2279
-853.474 767.327 2279
-857.359 767.327 2279
-860.11 766.317 2276
-862.851 765.306 2273
-862.15 761.266 2261
-866.005 761.266 2261
-862.549 754.869 2242
-865.212 753.859 2239
-864.372 749.818 2227
-868.168 749.818 2227
-861.784 741.064 2201
-860.818 737.024 2189
-862.575 735.341 2184
-866.298 735.341 2184
-870.021 735.341 2184
-873.744 735.341 2184
-876.262 734.331 2181
-879.98 734.331 2181
-883.698 734.331 2181
-887.416 734.331 2181
-891.134 734.331 2181
-894.852 734.331 2181
-897.334 733.32 2178
-897.324 730.29 2169
-898.944 728.607 2164
-902.633 728.607 2164
-905.066 727.597 2161
-907.488 726.587 2158
-911.167 726.587 2158
-914.846 726.587 2158
-917.248 725.576 2155
-920.067 724.903 2153
-923.737 724.903 2153
-927.408 724.903 2153
-931.078 724.903 2153
-934.748 724.903 2153
-935.804 722.883 2147
-939.464 722.883 2147
-941.806 721.873 2144
-944.579 721.199 2142
-948.231 721.199 2142
-951.882 721.199 2142
-954.195 720.189 2139
-957.842 720.189 2139
-960.14 719.179 2136
-963.781 719.179 2136
-966.064 718.169 2133
-969.7 718.169 2133
-972.424 717.496 2131
-976.056 717.496 2131
-979.689 717.496 2131
-983.322 717.496 2131
-986.955 717.496 2131
-990.588 717.496 2131
-992.821 716.486 2128
-996.448 716.486 2128
-998.666 715.476 2125
-1002.29 715.476 2125
-1005.91 715.476 2125
-1008.11 714.466 2122
-1010.77 713.792 2120
-1014.39 713.792 2120
-1014.16 711.099 2112
-1016.31 710.089 2109
-1019.91 710.089 2109
-1023.5 710.089 2109
-1021.74 706.385 2098
-1024.34 705.711 2096
-1025.46 704.028 2091
-1029.03 704.028 2091
-1027.16 700.324 2080
-1026.74 697.631 2072
-1024.31 693.59 2060
-1027.82 693.59 2060
-1028.83 691.907 2055
-1025.8 687.53 2042
-1024.24 684.163 2032
-1027.71 684.163 2032
-1028.63 682.48 2027
-1028.52 680.123 2020
-1030.43 679.113 2017
-1033.87 679.113 2017
-1032.68 676.082 2008
859.646 1369.77 4089
852.675 1369.77 4089
845.704 1369.77 4089
836.682 1366.42 4079
825.66 1359.72 4059
818.741 1359.72 4059
809.821 1356.37 4049
802.919 1356.37 4049
796.016 1356.37 4049
789.114 1356.37 4049
780.279 1353.02 4039
771.67 1350 4030
762.903 1346.65 4020
756.049 1346.65 4020
745.655 1340.29 4001
733.479 1330.57 3972
725.062 1327.56 3963
718.306 1327.56 3963
709.754 1324.21 3953
699.814 1318.18 3935
693.106 1318.18 3935
686.398 1318.18 3935
679.69 1318.18 3935
672.982 1318.18 3935
664.58 1314.83 3925
657.889 1314.83 3925
651.198 1314.83 3925
647.627 1321.19 3944
640.903 1321.19 3944
634.18 1321.19 3944
627.456 1321.19 3944
619.316 1318.18 3935
608.249 1308.8 3907
601.588 1308.8 3907
590.817 1299.75 3880
580.137 1290.71 3853
569.549 1281.67 3826
563.027 1281.67 3826
556.504 1281.67 3826
549.982 1281.67 3826
542.323 1278.99 3818
535.815 1278.99 3818
526.81 1272.96 3800
516.772 1264.25 3774
511.555 1267.26 3783
507.376 1272.96 3800
500.898 1272.96 3800
497.803 1281.67 3826
491.281 1281.67 3826
484.758 1281.67 3826
478.236 1281.67 3826
469.618 1275.97 3809
462.03 1272.96 3800
455.552 1272.96 3800
445.056 1261.57 3766
437.588 1258.55 3757
432.216 1261.57 3766
428.735 1270.28 3792
422.271 1270.28 3792
416.684 1272.96 3800
410.206 1272.96 3800
403.728 1272.96 3800
397.25 1272.96 3800
383.779 1250.18 3732
375.799 1244.82 3716
369.464 1244.82 3716
363.129 1244.82 3716
-33.1821 139.69 417
-33.893 139.69 417
-34.6039 139.69 417
-35.2301 139.355 416
-35.9392 139.355 416
-36.6484 139.355 416
-37.178 138.685 414
-37.7922 138.35 413
-38.4963 138.35 413
-39.2004 138.35 413
-39.7112 137.68 411
-40.2152 137.01 409
-40.8124 136.675 408
-41.5079 136.675 408
-41.9966 136.005 406
-42.5836 135.67 405
-43.1671 135.335 404
-43.7473 135 403
-44.4343 135 403
-45.0094 134.665 402
-45.581 134.33 401
-46.1492 133.995 400
-46.8311 133.995 400
-47.513 133.995 400
-48.1949 133.995 400
-48.8768 133.995 400
-49.5587 133.995 400
-50.2406 133.995 400
-50.7952 133.66 399
-51.4754 133.66 399
-52.1556 133.66 399
-52.8358 133.66 399
-53.516 133.66 399
-54.1962 133.66 399
-54.8764 133.66 399
-55.5566 133.66 399
-56.0958 133.325 398
-56.7743 133.325 398
-57.4528 133.325 398
-58.1313 133.325 398
-58.8098 133.325 398
-59.4883 133.325 398
-60.1668 133.325 398
-60.8453 133.325 398
-61.5238 133.325 398
-62.2022 133.325 398
-62.8807 133.325 398
-63.5592 133.325 398
-64.2377 133.325 398
-64.9162 133.325 398
-65.5947 133.325 398
-66.2732 133.325 398
-66.9517 133.325 398
-67.6302 133.325 398
-68.3086 133.325 398
-68.9871 133.325 398
-69.6656 133.325 398
-70.5209 133.66 399
-71.2011 133.66 399
-71.8813 133.66 399
-72.5614 133.66 399
-73.4252 133.995 400
-74.1071 133.995 400
-74.789 133.995 400
-75.4709 133.995 400
-76.3432 134.33 401
-77.0268 134.33 401
-77.7104 134.33 401
-78.394 134.33 401
-79.2748 134.665 402
-79.9601 134.665 402
-80.6454 134.665 402
-81.533 135 403
-82.4241 135.335 404
-83.1128 135.335 404
-84.0089 135.67 405
-84.6994 135.67 405
-85.6006 136.005 406
-86.2928 136.005 406
-87.4134 136.675 408
-88.5408 137.345 410
-89.2398 137.345 410
-90.1581 137.68 411
-91.0798 138.015 412
-92.2277 138.685 414
-92.9335 138.685 414
-93.6392 138.685 414
-95.2565 140.025 418
-95.9691 140.025 418
-96.913 140.36 419
-97.6273 140.36 419
-99.2804 141.7 423
-100.002 141.7 423
-101.437 142.705 426
-102.163 142.705 426
-102.889 142.705 426
-103.859 143.04 427
-104.832 143.375 428
-105.808 143.71 429
-106.539 143.71 429
-107.521 144.045 430
-108.757 144.715 432
-109.494 144.715 432
-110.23 144.715 432
-111.223 145.05 433
-112.22 145.385 434
-112.96 145.385 434
-113.962 145.72 435
-114.967 146.055 436
-116.241 146.725 438
-116.988 146.725 438
-118.003 147.06 439
-119.022 147.395 440
-119.772 147.395 440
-120.522 147.395 440
-121.273 147.395 440
-122.577 148.065 442
-123.331 148.065 442
-124.646 148.735 444
-125.685 149.07 445
-127.012 149.74 447
-127.774 149.74 447
-128.824 150.075 448
-129.587 150.075 448
-130.642 150.41 449
-131.407 150.41 449
-132.467 150.745 450
-133.234 150.745 450
-134.001 150.745 450
-832.079 768.798 2295
-835.991 768.798 2295
-839.904 768.798 2295
-839.036 764.443 2282
-842.926 764.443 2282
-842.364 760.423 2270
-849.588 763.438 2279
-853.474 763.438 2279
-857.359 763.438 2279
-860.11 762.433 2276
-862.851 761.428 2273
-859.481 755.064 2254
-863.324 755.064 2254
-861.395 750.039 2239
-860.575 746.019 2227
-858.938 741.329 2213
-862.71 741.329 2213
-858.261 734.294 2192
-858.851 731.614 2184
-861.39 730.609 2181
-865.108 730.609 2181
-868.826 730.609 2181
-872.544 730.609 2181
-876.262 730.609 2181
-879.98 730.609 2181
-883.698 730.609 2181
-887.416 730.609 2181
-891.134 730.609 2181
-894.852 730.609 2181
-897.334 729.604 2178
-897.324 726.59 2169
-898.944 724.915 2164
-902.633 724.915 2164
-905.066 723.91 2161
-907.488 722.905 2158
-911.167 722.905 2158
-914.846 722.905 2158
-917.248 721.9 2155
-920.067 721.23 2153
-923.737 721.23 2153
-927.408 721.23 2153
-931.078 721.23 2153
-934.748 721.23 2153
-935.804 719.22 2147
-939.464 719.22 2147
-941.806 718.215 2144
-944.579 717.545 2142
-946.902 716.54 2139
-950.549 716.54 2139
-952.857 715.535 2136
-956.498 715.535 2136
-958.791 714.53 2133
-962.427 714.53 2133
-966.064 714.53 2133
-968.791 713.86 2131
-971.055 712.855 2128
-974.682 712.855 2128
-978.31 712.855 2128
-981.938 712.855 2128
-985.565 712.855 2128
-989.193 712.855 2128
-992.821 712.855 2128
-995.044 711.85 2125
-997.256 710.845 2122
-1000.87 710.845 2122
-1004.49 710.845 2122
-1008.11 710.845 2122
-1010.77 710.175 2120
-1014.39 710.175 2120
-1014.16 707.495 2112
-1016.31 706.49 2109
-1018.46 705.485 2106
-1022.05 705.485 2106
-1020.77 702.135 2096
-1022.88 701.131 2093
-1023.99 699.456 2088
-1027.55 699.456 2088
-1023.21 694.096 2072
-1021.79 690.746 2062
-1021.82 688.401 2055
-1025.32 688.401 2055
-1023.32 684.716 2044
-1023.29 682.371 2037
-1023.23 680.026 2030
-1026.69 680.026 2030
-1027.62 678.351 2025
-1028.52 676.676 2020
-1029.41 675.001 2015
-1032.85 675.001 2015
-1032.68 672.657 2008
859.646 1362.79 4089
852.675 1362.79 4089
845.704 1362.79 4089
836.682 1359.46 4079
829.729 1359.46 4079
822.775 1359.46 4079
811.821 1352.79 4059
804.902 1352.79 4059
797.982 1352.79 4059
791.062 1352.79 4059
782.211 1349.46 4049
775.309 1349.46 4049
764.8 1343.13 4030
757.93 1343.13 4030
749.196 1339.79 4020
738.835 1333.46 4001
728.538 1327.13 3982
721.75 1327.13 3982
713.166 1323.8 3972
706.394 1323.8 3972
699.623 1323.8 3972
692.852 1323.8 3972
684.526 1320.8 3963
676.06 1317.46 3953
667.797 1314.46 3944
662.582 1317.46 3953
655.843 1317.46 3953
653.866 1327.13 3982
647.078 1327.13 3982
640.29 1327.13 3982
633.502 1327.13 3982
626.713 1327.13 3982
614.009 1314.46 3944
607.285 1314.46 3944
597.669 1308.13 3925
586.912 1299.13 3898
574.908 1287.14 3862
568.324 1287.14 3862
561.741 1287.14 3862
553.863 1284.14 3853
547.295 1284.14 3853
540.726 1284.14 3853
529.306 1272.47 3818
520.332 1266.47 3800
513.854 1266.47 3800
513.251 1281.14 3844
506.698 1281.14 3844
500.145 1281.14 3844
495.903 1287.14 3862
489.32 1287.14 3862
482.736 1287.14 3862
473.933 1281.14 3844
465.191 1275.14 3826
458.669 1275.14 3826
448.128 1263.81 3792
439.568 1257.81 3774
434.167 1260.81 3783
428.735 1263.81 3792
422.271 1263.81 3792
416.684 1266.47 3800
410.206 1266.47 3800
403.728 1266.47 3800
397.25 1266.47 3800
383.779 1243.81 3732
-34.5209 138.645 416
-35.2301 138.645 416
-35.9392 138.645 416
-36.4722 137.979 414
-37.178 137.979 414
-37.7922 137.646 413
-38.4963 137.646 413
-39.1054 137.312 412
-39.6146 136.646 410
-40.1169 135.979 408
-40.7124 135.646 407
-41.4062 135.646 407
-41.9966 135.313 406
-42.5836 134.979 405
-43.1671 134.646 404
-43.8559 134.646 404
-44.4343 134.313 403
-45.0094 133.979 402
-45.581 133.646 401
-46.2646 133.646 401
-46.9482 133.646 401
-47.513 133.313 400
-48.1949 133.313 400
-48.8768 133.313 400
-49.5587 133.313 400
-50.2406 133.313 400
-50.7952 132.98 399
-51.4754 132.98 399
-52.1556 132.98 399
-52.8358 132.98 399
-53.516 132.98 399
-54.1962 132.98 399
-54.8764 132.98 399
-55.5566 132.98 399
-56.2368 132.98 399
-56.7743 132.646 398
-57.4528 132.646 398
-58.1313 132.646 398
-58.8098 132.646 398
-59.4883 132.646 398
-60.1668 132.646 398
-60.8453 132.646 398
-61.5238 132.646 398
-62.2022 132.646 398
-62.8807 132.646 398
-63.5592 132.646 398
-64.2377 132.646 398
-64.9162 132.646 398
-65.5947 132.646 398
-66.2732 132.646 398
-66.9517 132.646 398
-67.6302 132.646 398
-68.3086 132.646 398
-68.9871 132.646 398
-69.6656 132.646 398
-70.5209 132.98 399
-71.2011 132.98 399
-71.8813 132.98 399
-72.5614 132.98 399
-73.2416 132.98 399
-74.1071 133.313 400
-74.789 133.313 400
-75.4709 133.313 400
-76.3432 133.646 401
-77.0268 133.646 401
-77.7104 133.646 401
-78.394 133.646 401
-79.2748 133.979 402
-79.9601 133.979 402
-80.846 134.313 403
-81.7354 134.646 404
-82.4241 134.646 404
-83.1128 134.646 404
-84.0089 134.979 405
-84.9085 135.313 406
-85.6006 135.313 406
-86.2928 135.313 406
-87.4134 135.979 408
-88.5408 136.646 410
-89.2398 136.646 410
-90.1581 136.979 411
-91.0798 137.312 412
-92.2277 137.979 414
-92.9335 137.979 414
-93.8654 138.312 415
-95.2565 139.312 418
-95.9691 139.312 418
-96.913 139.645 419
-97.6273 139.645 419
-99.2804 140.978 423
-100.002 140.978 423
-101.437 141.978 426
-102.163 141.978 426
-102.889 141.978 426
-103.859 142.312 427
-104.832 142.645 428
-105.808 142.978 429
-106.539 142.978 429
-107.521 143.311 430
-108.757 143.978 432
-109.494 143.978 432
-110.23 143.978 432
-111.223 144.311 433
-112.22 144.644 434
-112.96 144.644 434
-113.962 144.978 435
-114.967 145.311 436
-116.241 145.978 438
-116.988 145.978 438
-118.003 146.311 439
-119.022 146.644 440
-119.772 146.644 440
-120.796 146.977 441
-121.824 147.311 442
-123.132 147.977 444
-123.889 147.977 444
-125.488 148.977 447
-126.25 148.977 447
-127.296 149.31 448
-128.06 149.31 448
-128.824 149.31 448
-129.877 149.644 449
-130.642 149.644 449
-131.7 149.977 450
-132.467 149.977 450
-133.234 149.977 450
-134.001 149.977 450
-836.105 772.215 2317
-840.055 772.215 2317
-844.005 772.215 2317
-847.955 772.215 2317
-843.816 764.883 2295
-847.728 764.883 2295
-846.817 760.55 2282
-851.825 761.55 2285
-855.721 761.55 2285
-859.616 761.55 2285
-863.511 761.55 2285
-863.99 758.55 2276
-863.294 754.551 2264
-867.154 754.551 2264
-864.858 749.218 2248
-860.575 742.219 2227
-858.938 737.554 2213
-862.71 737.554 2213
-859.435 731.554 2195
-859.638 728.555 2186
-862.575 727.888 2184
-866.298 727.888 2184
-870.021 727.888 2184
-873.744 727.888 2184
-876.262 726.888 2181
-879.98 726.888 2181
-883.698 726.888 2181
-887.416 726.888 2181
-891.134 726.888 2181
-894.852 726.888 2181
-897.334 725.889 2178
-897.324 722.889 2169
-898.944 721.223 2164
-902.633 721.223 2164
-905.066 720.223 2161
-907.488 719.223 2158
-911.167 719.223 2158
-914.846 719.223 2158
-917.248 718.223 2155
-920.067 717.557 2153
-923.737 717.557 2153
-927.408 717.557 2153
-931.078 717.557 2153
-933.446 716.557 2150
-934.496 714.557 2144
-938.151 714.557 2144
-940.927 713.891 2142
-943.256 712.891 2139
-946.902 712.891 2139
-950.549 712.891 2139
-952.857 711.891 2136
-956.498 711.891 2136
-958.791 710.891 2133
-962.427 710.891 2133
-966.064 710.891 2133
-968.791 710.224 2131
-971.055 709.224 2128
-974.682 709.224 2128
-978.31 709.224 2128
-981.938 709.224 2128
-985.565 709.224 2128
-989.193 709.224 2128
-992.821 709.224 2128
-995.044 708.225 2125
-997.256 707.225 2122
-1000.87 707.225 2122
-1004.49 707.225 2122
-1008.11 707.225 2122
-1010.77 706.558 2120
-1014.39 706.558 2120
-1014.16 703.892 2112
-1016.31 702.892 2109
-1018.46 701.892 2106
-1022.05 701.892 2106
-1020.77 698.56 2096
-1020.43 695.893 2088
-1020.07 693.227 2080
-1023.61 693.227 2080
-1023.21 690.561 2072
-1020.8 686.561 2060
-1018.84 682.895 2049
-1022.33 682.895 2049
-1022.32 680.562 2042
-1019.77 676.563 2030
-1021.72 675.563 2027
-1025.18 675.563 2027
-1025.08 673.23 2020
-1027 672.23 2017
-1027.88 670.564 2012
-1031.31 670.564 2012
-1032.68 669.231 2008
850.59 1352.5 4079
843.636 1352.5 4079
836.682 1352.5 4079
829.729 1352.5 4079
822.775 1352.5 4079
811.821 1345.87 4059
806.885 1349.18 4069
799.948 1349.18 4069
793.011 1349.18 4069
784.143 1345.87 4059
775.309 1342.55 4049
766.508 1339.24 4039
759.623 1339.24 4039
752.737 1339.24 4039
742.343 1332.94 4020
732.014 1326.64 4001
725.193 1326.64 4001
716.577 1323.32 3991
708.173 1320.34 3982
701.385 1320.34 3982
694.596 1320.34 3982
687.808 1320.34 3982
679.309 1317.02 3972
672.538 1317.02 3972
665.767 1317.02 3972
658.996 1317.02 3972
653.866 1320.34 3982
648.541 1323.32 3991
641.737 1323.32 3991
634.933 1323.32 3991
628.13 1323.32 3991
616.967 1314.04 3963
610.211 1314.04 3963
597.669 1301.44 3925
586.912 1292.48 3898
577.588 1286.52 3880
570.973 1286.52 3880
563.05 1283.53 3871
556.451 1283.53 3871
549.852 1283.53 3871
543.253 1283.53 3871
531.663 1271.59 3835
522.797 1265.96 3818
516.288 1265.96 3818
515.654 1280.55 3862
509.071 1280.55 3862
502.487 1280.55 3862
499.37 1289.5 3889
492.741 1289.5 3889
486.111 1289.5 3889
479.481 1289.5 3889
470.663 1283.53 3871
464.064 1283.53 3871
451.201 1265.96 3818
442.596 1259.99 3800
434.167 1254.35 3783
429.64 1259.99 3800
423.162 1259.99 3800
416.684 1259.99 3800
410.206 1259.99 3800
403.728 1259.99 3800
397.25 1259.99 3800
-34.3549 137.273 414
-35.0607 137.273 414
-35.7664 137.273 414
-36.4722 137.273 414
-37.0882 136.941 413
-37.7922 136.941 413
-38.4963 136.941 413
-39.1054 136.609 412
-39.5179 135.615 409
-40.0185 134.951 407
-40.6123 134.62 406
-41.3045 134.62 406
-41.9966 134.62 406
-42.5836 134.288 405
-43.1671 133.957 404
-43.8559 133.957 404
-44.4343 133.625 403
-45.0094 133.294 402
-45.581 132.962 401
-46.2646 132.962 401
-46.9482 132.962 401
-47.513 132.63 400
-48.1949 132.63 400
-48.8768 132.63 400
-49.5587 132.63 400
-50.2406 132.63 400
-50.7952 132.299 399
-51.4754 132.299 399
-52.1556 132.299 399
-52.8358 132.299 399
-53.516 132.299 399
-54.1962 132.299 399
-54.8764 132.299 399
-55.5566 132.299 399
-56.2368 132.299 399
-56.7743 131.967 398
-57.5972 132.299 399
-58.2774 132.299 399
-58.9576 132.299 399
-59.6378 132.299 399
-60.318 132.299 399
-60.9981 132.299 399
-61.6783 132.299 399
-62.2022 131.967 398
-62.8807 131.967 398
-63.5592 131.967 398
-64.2377 131.967 398
-64.9162 131.967 398
-65.7595 132.299 399
-66.4397 132.299 399
-67.1199 132.299 399
-67.6302 131.967 398
-68.3086 131.967 398
-68.9871 131.967 398
-69.8407 132.299 399
-70.5209 132.299 399
-71.2011 132.299 399
-71.8813 132.299 399
-72.5614 132.299 399
-73.4252 132.63 400
-74.1071 132.63 400
-74.789 132.63 400
-75.4709 132.63 400
-76.3432 132.962 401
-77.0268 132.962 401
-77.7104 132.962 401
-78.5895 133.294 402
-79.2748 133.294 402
-79.9601 133.294 402
-80.846 133.625 403
-81.7354 133.957 404
-82.6281 134.288 405
-83.3185 134.288 405
-84.2164 134.62 406
-84.9085 134.62 406
-85.8115 134.951 407
-86.5053 134.951 407
-87.4134 135.283 408
-88.5408 135.946 410
-89.2398 135.946 410
-90.1581 136.278 411
-91.3009 136.941 413
-92.2277 137.273 414
-92.9335 137.273 414
-93.8654 137.604 415
-95.2565 138.599 418
-95.9691 138.599 418
-96.913 138.93 419
-97.8603 139.262 420
-99.2804 140.257 423
-100.711 141.251 426
-101.437 141.251 426
-102.403 141.583 427
-103.131 141.583 427
-103.859 141.583 427
-104.832 141.915 428
-106.055 142.578 430
-106.788 142.578 430
-107.521 142.578 430
-108.757 143.241 432
-109.494 143.241 432
-110.23 143.241 432
-111.223 143.572 433
-112.479 144.236 435
-113.22 144.236 435
-114.224 144.567 436
-115.231 144.899 437
-116.507 145.562 439
-117.255 145.562 439
-118.272 145.893 440
-119.293 146.225 441
-120.045 146.225 441
-120.796 146.225 441
-121.824 146.557 442
-123.132 147.22 444
-123.889 147.22 444
-125.488 148.215 447
-126.25 148.215 447
-127.296 148.546 448
-128.06 148.546 448
-128.824 148.546 448
-129.877 148.878 449
-130.642 148.878 449
-131.7 149.209 450
-132.467 149.209 450
-133.234 149.209 450
-839.714 771.578 2327
-843.681 771.578 2327
-847.648 771.578 2327
-847.955 768.262 2317
-851.905 768.262 2317
-849.945 762.957 2301
-852.754 761.962 2298
-856.671 761.962 2298
-860.589 761.962 2298
-864.506 761.962 2298
-866.157 759.972 2292
-868.545 758.646 2288
-867.87 754.667 2276
-871.75 754.667 2276
-871.013 750.688 2264
-867.531 744.388 2245
-864.372 738.42 2227
-868.168 738.42 2227
-864.134 731.788 2207
-863.177 727.81 2195
-864.549 725.82 2189
-868.281 725.82 2189
-872.013 725.82 2189
-873.744 724.162 2184
-876.262 723.167 2181
-879.98 723.167 2181
-883.698 723.167 2181
-887.416 723.167 2181
-891.134 723.167 2181
-894.852 723.167 2181
-896.098 721.178 2175
-896.496 718.525 2167
-898.944 717.531 2164
-902.633 717.531 2164
-905.066 716.536 2161
-907.488 715.541 2158
-909.901 714.547 2155
-913.574 714.547 2155
-917.248 714.547 2155
-920.067 713.883 2153
-922.45 712.889 2150
-926.116 712.889 2150
-929.781 712.889 2150
-933.446 712.889 2150
-934.496 710.899 2144
-938.151 710.899 2144
-939.61 709.241 2139
-943.256 709.241 2139
-944.246 707.252 2133
-947.883 707.252 2133
-951.519 707.252 2133
-955.155 707.252 2133
-958.791 707.252 2133
-962.427 707.252 2133
-965.158 706.589 2131
-967.427 705.594 2128
-971.055 705.594 2128
-974.682 705.594 2128
-976.931 704.599 2125
-979.169 703.604 2122
-982.787 703.604 2122
-986.404 703.604 2122
-990.021 703.604 2122
-993.639 703.604 2122
-997.256 703.604 2122
-1000.87 703.604 2122
-1004.49 703.604 2122
-1007.16 702.941 2120
-1009.34 701.947 2117
-1012.95 701.947 2117
-1014.16 700.289 2112
-1016.31 699.294 2109
-1014.59 695.647 2098
-1018.17 695.647 2098
-1020.77 694.984 2096
-1020.43 692.331 2088
-1020.07 689.678 2080
-1023.61 689.678 2080
-1023.21 687.026 2072
-1020.8 683.047 2060
-1018.84 679.399 2049
-1022.33 679.399 2049
-1022.32 677.078 2042
-1019.77 673.099 2030
-1021.72 672.105 2027
-1025.18 672.105 2027
-1025.08 669.784 2020
-1027 668.789 2017
-1027.88 667.131 2012
-1031.31 667.131 2012
-1032.68 665.805 2008
836.682 1345.54 4079
829.729 1345.54 4079
822.775 1345.54 4079
813.821 1342.24 4069
806.885 1342.24 4069
799.948 1342.24 4069
793.011 1342.24 4069
784.143 1338.94 4059
775.309 1335.64 4049
766.508 1332.34 4039
759.623 1332.34 4039
752.737 1332.34 4039
742.343 1326.08 4020
732.014 1319.81 4001
725.193 1319.81 4001
716.577 1316.51 3991
708.173 1313.54 3982
701.385 1313.54 3982
694.596 1313.54 3982
687.808 1313.54 3982
679.309 1310.24 3972
672.538 1310.24 3972
665.767 1310.24 3972
658.996 1310.24 3972
653.866 1313.54 3982
648.541 1316.51 3991
641.737 1316.51 3991
634.933 1316.51 3991
628.13 1316.51 3991
616.967 1307.27 3963
610.211 1307.27 3963
599.192 1298.04 3935
586.912 1285.83 3898
577.588 1279.9 3880
570.973 1279.9 3880
563.05 1276.93 3871
556.451 1276.93 3871
549.852 1276.93 3871
543.253 1276.93 3871
531.663 1265.05 3835
522.797 1259.44 3818
516.288 1259.44 3818
515.654 1273.96 3862
509.071 1273.96 3862
502.487 1273.96 3862
501.682 1288.8 3907
495.021 1288.8 3907
488.361 1288.8 3907
480.591 1285.83 3898
470.663 1276.93 3871
464.064 1276.93 3871
452.147 1262.08 3826
442.596 1253.51 3800
434.167 1247.9 3783
429.64 1253.51 3800
423.162 1253.51 3800
416.684 1253.51 3800
410.206 1253.51 3800
403.728 1253.51 3800
-35.0607 136.566 414
-35.7664 136.566 414
-36.4722 136.566 414
-37.0882 136.236 413
-37.7007 135.906 412
-38.3099 135.577 411
-39.0105 135.577 411
-39.4213 134.587 408
-40.0185 134.257 407
-40.7124 134.257 407
-41.4062 134.257 407
-41.9966 133.927 406
-42.5836 133.597 405
-43.274 133.597 405
-43.9644 133.597 405
-44.5446 133.267 404
-45.1213 132.938 403
-45.6947 132.608 402
-46.2646 132.278 401
-46.9482 132.278 401
-47.513 131.948 400
-48.1949 131.948 400
-48.8768 131.948 400
-49.5587 131.948 400
-50.2406 131.948 400
-50.7952 131.618 399
-51.4754 131.618 399
-52.1556 131.618 399
-52.8358 131.618 399
-53.516 131.618 399
-54.1962 131.618 399
-54.8764 131.618 399
-55.5566 131.618 399
-56.2368 131.618 399
-56.917 131.618 399
-57.5972 131.618 399
-58.2774 131.618 399
-58.9576 131.618 399
-59.6378 131.618 399
-60.318 131.618 399
-60.9981 131.618 399
-61.6783 131.618 399
-62.2022 131.288 398
-62.8807 131.288 398
-63.5592 131.288 398
-64.2377 131.288 398
-64.9162 131.288 398
-65.7595 131.618 399
-66.4397 131.618 399
-67.1199 131.618 399
-67.6302 131.288 398
-68.3086 131.288 398
-68.9871 131.288 398
-69.8407 131.618 399
-70.5209 131.618 399
-71.2011 131.618 399
-71.8813 131.618 399
-72.5614 131.618 399
-73.4252 131.948 400
-74.1071 131.948 400
-74.789 131.948 400
-75.6596 132.278 401
-76.3432 132.278 401
-77.0268 132.278 401
-77.9042 132.608 402
-78.5895 132.608 402
-79.472 132.938 403
-80.159 132.938 403
-81.0466 133.267 404
-81.9377 133.597 405
-82.6281 133.597 405
-83.3185 133.597 405
-84.2164 133.927 406
-85.1176 134.257 407
-85.8115 134.257 407
-86.7178 134.587 408
-87.6276 134.917 409
-88.7568 135.577 411
-89.4574 135.577 411
-90.3774 135.906 412
-91.5219 136.566 414
-92.4505 136.896 415
-93.1579 136.896 415
-94.3178 137.556 417
-95.4844 138.216 419
-96.1987 138.216 419
-97.1443 138.545 420
-98.7923 139.865 424
-99.5151 139.865 424
-100.711 140.525 426
-101.675 140.854 427
-102.403 140.854 427
-103.131 140.854 427
-104.102 141.184 428
-104.832 141.184 428
-106.055 141.844 430
-106.788 141.844 430
-107.521 141.844 430
-108.757 142.504 432
-109.494 142.504 432
-110.485 142.834 433
-111.223 142.834 433
-112.479 143.493 435
-113.22 143.493 435
-114.224 143.823 436
-115.495 144.483 438
-116.772 145.143 440
-117.522 145.143 440
-118.541 145.473 441
-119.293 145.473 441
-120.045 145.473 441
-121.07 145.803 442
-122.099 146.132 443
-123.964 147.452 447
-124.726 147.452 447
-125.769 147.782 448
-126.532 147.782 448
-127.296 147.782 448
-128.06 147.782 448
-129.111 148.112 449
-129.877 148.112 449
-130.642 148.112 449
-131.7 148.441 450
-132.467 148.441 450
-133.234 148.441 450
-839.714 767.607 2327
-843.681 767.607 2327
-847.648 767.607 2327
-850.151 766.288 2323
-854.111 766.288 2323
-852.161 761.01 2307
-854.98 760.02 2304
-858.908 760.02 2304
-862.836 760.02 2304
-866.764 760.02 2304
-868.424 758.041 2298
-870.064 756.062 2292
-873.971 756.062 2292
-874.048 752.763 2282
-871.013 746.826 2264
-867.531 740.558 2245
-869.029 738.579 2239
-872.846 738.579 2239
-865.308 729.013 2210
-866.716 727.033 2204
-866.919 724.065 2195
-870.661 724.065 2195
-874.403 724.065 2195
-873.744 720.436 2184
-876.262 719.446 2181
-879.98 719.446 2181
-882.482 718.457 2178
-886.195 718.457 2178
-889.908 718.457 2178
-893.621 718.457 2178
-894.862 716.478 2172
-896.496 714.828 2167
-897.698 712.849 2161
-901.382 712.849 2161
-903.81 711.859 2158
-906.227 710.87 2155
-909.901 710.87 2155
-913.574 710.87 2155
-915.12 709.221 2150
-918.785 709.221 2150
-922.45 709.221 2150
-926.116 709.221 2150
-929.781 709.221 2150
-930.841 707.241 2144
-933.624 706.582 2142
-937.276 706.582 2142
-939.61 705.592 2139
-940.61 703.613 2133
-944.246 703.613 2133
-947.883 703.613 2133
-951.519 703.613 2133
-954.26 702.953 2131
-956.544 701.963 2128
-960.171 701.963 2128
-963.799 701.963 2128
-966.063 700.974 2125
-968.317 699.984 2122
-971.934 699.984 2122
-975.552 699.984 2122
-979.169 699.984 2122
-982.787 699.984 2122
-986.404 699.984 2122
-989.089 699.324 2120
-992.703 699.324 2120
-994.907 698.335 2117
-998.516 698.335 2117
-1002.12 698.335 2117
-1005.73 698.335 2117
-1009.34 698.335 2117
-1012.95 698.335 2117
-1014.16 696.685 2112
-1013.9 694.047 2104
-1014.59 692.067 2098
-1018.17 692.067 2098
-1018.33 689.758 2091
-1020.43 688.769 2088
-1020.07 686.13 2080
-1023.61 686.13 2080
-1022.22 682.831 2070
-1020.8 679.532 2060
-1018.84 675.904 2049
-1022.33 675.904 2049
-1022.32 673.595 2042
-1019.77 669.636 2030
-1020.71 667.987 2025
-1024.16 667.987 2025
-1023.56 665.348 2017
-1027 665.348 2017
-1027.88 663.698 2012
-1031.31 663.698 2012
-1032.68 662.379 2008
838.734 1341.86 4089
831.763 1341.86 4089
824.792 1341.86 4089
815.821 1338.58 4079
808.868 1338.58 4079
801.914 1338.58 4079
794.96 1338.58 4079
786.075 1335.3 4069
777.223 1332.02 4059
768.406 1328.74 4049
761.504 1328.74 4049
752.737 1325.45 4039
745.852 1325.45 4039
735.49 1319.22 4020
728.637 1319.22 4020
718.373 1312.98 4001
711.552 1312.98 4001
702.97 1309.7 3991
696.166 1309.7 3991
689.362 1309.7 3991
681.02 1306.75 3982
672.538 1303.47 3972
667.443 1306.75 3982
660.655 1306.75 3982
655.344 1309.7 3991
651.628 1315.94 4010
644.792 1315.94 4010
637.956 1315.94 4010
628.13 1309.7 3991
618.368 1303.47 3972
611.597 1303.47 3972
599.192 1291.32 3935
586.912 1279.18 3898
577.588 1273.28 3880
570.973 1273.28 3880
563.05 1270.32 3871
556.451 1270.32 3871
549.852 1270.32 3871
543.253 1270.32 3871
531.663 1258.51 3835
522.797 1252.93 3818
516.288 1252.93 3818
515.654 1267.37 3862
509.071 1267.37 3862
502.487 1267.37 3862
501.682 1282.14 3907
495.021 1282.14 3907
488.361 1282.14 3907
480.591 1279.18 3898
470.663 1270.32 3871
464.064 1270.32 3871
452.147 1255.56 3826
442.596 1247.02 3800
434.167 1241.44 3783
429.64 1247.02 3800
423.162 1247.02 3800
416.684 1247.02 3800
410.206 1247.02 3800
403.728 1247.02 3800
-35.1454 136.188 415
-35.8528 136.188 415
-36.5603 136.188 415
-37.2678 136.188 415
-37.7007 135.204 412
-38.3099 134.875 411
-39.0105 134.875 411
-39.5179 134.219 409
-40.0185 133.563 407
-40.7124 133.563 407
-41.4062 133.563 407
-41.9966 133.235 406
-42.5836 132.906 405
-43.274 132.906 405
-43.9644 132.906 405
-44.5446 132.578 404
-45.1213 132.25 403
-45.6947 131.922 402
-46.2646 131.594 401
-46.9482 131.594 401
-47.6318 131.594 401
-48.1949 131.266 400
-48.8768 131.266 400
-49.5587 131.266 400
-50.2406 131.266 400
-50.9225 131.266 400
-51.4754 130.937 399
-52.1556 130.937 399
-52.8358 130.937 399
-53.516 130.937 399
-54.1962 130.937 399
-54.8764 130.937 399
-55.5566 130.937 399
-56.2368 130.937 399
-56.917 130.937 399
-57.5972 130.937 399
-58.2774 130.937 399
-58.9576 130.937 399
-59.6378 130.937 399
-60.318 130.937 399
-60.9981 130.937 399
-61.6783 130.937 399
-62.3585 130.937 399
-63.0387 130.937 399
-63.7189 130.937 399
-64.3991 130.937 399
-65.0793 130.937 399
-65.7595 130.937 399
-66.4397 130.937 399
-67.1199 130.937 399
-67.8001 130.937 399
-68.4803 130.937 399
-69.1605 130.937 399
-69.8407 130.937 399
-70.5209 130.937 399
-71.2011 130.937 399
-71.8813 130.937 399
-72.5614 130.937 399
-73.4252 131.266 400
-74.1071 131.266 400
-74.789 131.266 400
-75.6596 131.594 401
-76.3432 131.594 401
-77.0268 131.594 401
-77.9042 131.922 402
-78.5895 131.922 402
-79.472 132.25 403
-80.159 132.25 403
-81.0466 132.578 404
-81.9377 132.906 405
-82.6281 132.906 405
-83.3185 132.906 405
-84.2164 133.235 406
-85.1176 133.563 407
-85.8115 133.563 407
-86.7178 133.891 408
-87.6276 134.219 409
-88.7568 134.875 411
-89.4574 134.875 411
-90.3774 135.204 412
-91.5219 135.86 414
-92.4505 136.188 415
-93.1579 136.188 415
-94.3178 136.844 417
-95.4844 137.501 419
-96.1987 137.501 419
-97.8382 138.813 423
-99.2583 139.798 426
-99.9845 139.798 426
-100.947 140.126 427
-101.675 140.126 427
-102.643 140.454 428
-103.372 140.454 428
-104.102 140.454 428
-105.077 140.782 429
-106.055 141.11 430
-106.788 141.11 430
-107.771 141.439 431
-108.757 141.767 432
-109.494 141.767 432
-110.485 142.095 433
-111.223 142.095 433
-112.479 142.751 435
-113.22 142.751 435
-114.486 143.408 437
-115.758 144.064 439
-116.772 144.392 440
-117.789 144.72 441
-118.81 145.048 442
-119.834 145.377 443
-120.589 145.377 443
-121.344 145.377 443
-122.375 145.705 444
-124.241 147.017 448
-125.005 147.017 448
-125.769 147.017 448
-126.815 147.346 449
-127.58 147.346 449
-128.346 147.346 449
-129.111 147.346 449
-130.166 147.674 450
-130.933 147.674 450
-131.7 147.674 450
-132.467 147.674 450
-133.234 147.674 450
-839.714 763.637 2327
-843.681 763.637 2327
-847.648 763.637 2327
-850.151 762.325 2323
-854.111 762.325 2323
-852.161 757.074 2307
-854.98 756.09 2304
-858.908 756.09 2304
-862.836 756.09 2304
-866.764 756.09 2304
-868.424 754.121 2298
-870.064 752.152 2292
-873.971 752.152 2292
-874.048 748.87 2282
-871.013 742.963 2264
-867.531 736.728 2245
-869.029 734.759 2239
-872.846 734.759 2239
-865.308 725.242 2210
-866.716 723.273 2204
-866.919 720.32 2195
-870.661 720.32 2195
-874.403 720.32 2195
-873.744 716.71 2184
-876.262 715.725 2181
-879.98 715.725 2181
-882.482 714.741 2178
-886.195 714.741 2178
-889.908 714.741 2178
-893.621 714.741 2178
-894.862 712.772 2172
-896.496 711.131 2167
-897.698 709.162 2161
-901.382 709.162 2161
-903.81 708.178 2158
-906.227 707.193 2155
-909.901 707.193 2155
-913.574 707.193 2155
-915.12 705.552 2150
-918.785 705.552 2150
-922.45 705.552 2150
-926.116 705.552 2150
-929.781 705.552 2150
-930.841 703.583 2144
-933.624 702.927 2142
-937.276 702.927 2142
-939.61 701.943 2139
-940.61 699.974 2133
-944.246 699.974 2133
-947.883 699.974 2133
-950.627 699.317 2131
-952.916 698.333 2128
-956.544 698.333 2128
-960.171 698.333 2128
-962.44 697.348 2125
-966.063 697.348 2125
-968.317 696.364 2122
-971.934 696.364 2122
-975.552 696.364 2122
-978.246 695.707 2120
-981.86 695.707 2120
-985.474 695.707 2120
-989.089 695.707 2120
-991.298 694.723 2117
-993.497 693.738 2114
-998.516 694.723 2117
-1002.12 694.723 2117
-1005.73 694.723 2117
-1009.34 694.723 2117
-1012.95 694.723 2117
-1014.16 693.082 2112
-1011.01 688.488 2098
-1014.59 688.488 2098
-1018.17 688.488 2098
-1016.87 685.206 2088
-1018.97 684.222 2085
-1017.62 680.94 2075
-1021.15 680.94 2075
-1020.74 678.315 2067
-1018.32 674.377 2055
-1016.35 670.767 2044
-1019.84 670.767 2044
-1018.31 667.485 2034
-1018.27 665.188 2027
-1019.2 663.547 2022
-1022.65 663.547 2022
-1023.56 661.907 2017
-1025.98 661.25 2015
-1027.88 660.266 2012
-1031.31 660.266 2012
-1031.14 657.969 2005
838.734 1334.89 4089
831.763 1334.89 4089
824.792 1334.89 4089
817.821 1334.89 4089
810.851 1334.89 4089
803.88 1334.89 4089
796.909 1334.89 4089
788.007 1331.62 4079
779.138 1328.36 4069
770.304 1325.09 4059
763.384 1325.09 4059
756.465 1325.09 4059
747.698 1321.83 4049
738.966 1318.56 4039
732.081 1318.56 4039
723.579 1315.62 4030
716.709 1315.62 4030
709.839 1315.62 4030
702.969 1315.62 4030
692.644 1309.1 4010
682.559 1302.89 3991
674.231 1299.95 3982
667.443 1299.95 3982
660.655 1299.95 3982
655.344 1302.89 3991
651.628 1309.1 4010
644.792 1309.1 4010
637.956 1309.1 4010
628.13 1302.89 3991
618.368 1296.69 3972
611.597 1296.69 3972
599.192 1284.61 3935
586.912 1272.53 3898
576.248 1263.72 3871
569.649 1263.72 3871
563.05 1263.72 3871
556.451 1263.72 3871
547.295 1257.84 3853
540.726 1257.84 3853
531.663 1251.97 3835
521.565 1243.48 3809
516.288 1246.42 3818
515.654 1260.78 3862
509.071 1260.78 3862
502.487 1260.78 3862
501.682 1275.47 3907
495.021 1275.47 3907
488.361 1275.47 3907
480.591 1272.53 3898
473.945 1272.53 3898
467.3 1272.53 3898
452.147 1249.03 3826
442.596 1240.54 3800
-35.1454 135.48 415
-35.8528 135.48 415
-36.5603 135.48 415
-37.2678 135.48 415
-37.6092 134.174 411
-38.3099 134.174 411
-39.0105 134.174 411
-39.5179 133.521 409
-40.0185 132.868 407
-40.7124 132.868 407
-41.4062 132.868 407
-41.9966 132.542 406
-42.5836 132.215 405
-43.274 132.215 405
-43.9644 132.215 405
-44.5446 131.889 404
-45.1213 131.562 403
-45.6947 131.236 402
-46.2646 130.91 401
-46.9482 130.91 401
-47.6318 130.91 401
-48.3154 130.91 401
-48.8768 130.583 400
-49.5587 130.583 400
-50.2406 130.583 400
-50.9225 130.583 400
-51.6044 130.583 400
-52.2863 130.583 400
-52.9682 130.583 400
-53.516 130.257 399
-54.1962 130.257 399
-54.8764 130.257 399
-55.5566 130.257 399
-56.2368 130.257 399
-56.917 130.257 399
-57.5972 130.257 399
-58.2774 130.257 399
-58.9576 130.257 399
-59.6378 130.257 399
-60.318 130.257 399
-60.9981 130.257 399
-61.6783 130.257 399
-62.3585 130.257 399
-63.0387 130.257 399
-63.7189 130.257 399
-64.3991 130.257 399
-65.0793 130.257 399
-65.7595 130.257 399
-66.4397 130.257 399
-67.1199 130.257 399
-67.8001 130.257 399
-68.4803 130.257 399
-69.1605 130.257 399
-69.8407 130.257 399
-70.5209 130.257 399
-71.2011 130.257 399
-71.8813 130.257 399
-72.7433 130.583 400
-73.4252 130.583 400
-74.1071 130.583 400
-74.789 130.583 400
-75.6596 130.91 401
-76.5336 131.236 402
-77.2189 131.236 402
-77.9042 131.236 402
-78.5895 131.236 402
-79.472 131.562 403
-80.159 131.562 403
-81.0466 131.889 404
-81.9377 132.215 405
-82.8321 132.542 406
-83.5242 132.542 406
-84.2164 132.542 406
-85.1176 132.868 407
-85.8115 132.868 407
-86.7178 133.195 408
-87.8419 133.848 410
-88.7568 134.174 411
-89.4574 134.174 411
-90.5968 134.827 413
-91.743 135.48 415
-92.4505 135.48 415
-93.6069 136.133 417
-94.7701 136.786 419
-95.7123 137.112 420
-96.4283 137.112 420
-97.8382 138.092 423
-99.2583 139.071 426
-99.9845 139.071 426
-100.947 139.397 427
-101.675 139.397 427
-102.643 139.724 428
-103.372 139.724 428
-104.102 139.724 428
-105.077 140.05 429
-106.055 140.377 430
-106.788 140.377 430
-107.771 140.703 431
-108.757 141.03 432
-109.494 141.03 432
-110.485 141.356 433
-111.223 141.356 433
-112.479 142.009 435
-113.22 142.009 435
-114.486 142.662 437
-115.758 143.315 439
-116.772 143.641 440
-117.789 143.968 441
-118.81 144.294 442
-119.834 144.621 443
-120.589 144.621 443
-121.892 145.274 445
-122.651 145.274 445
-124.241 146.253 448
-125.005 146.253 448
-126.049 146.58 449
-126.815 146.58 449
-127.58 146.58 449
-128.346 146.58 449
-129.111 146.58 449
-130.166 146.906 450
-130.933 146.906 450
-131.7 146.906 450
-132.467 146.906 450
-133.234 146.906 450
-839.714 759.667 2327
-843.681 759.667 2327
-847.648 759.667 2327
-850.151 758.361 2323
-854.111 758.361 2323
-852.161 753.138 2307
-854.98 752.159 2304
-858.908 752.159 2304
-862.836 752.159 2304
-866.764 752.159 2304
-868.424 750.2 2298
-870.064 748.241 2292
-873.971 748.241 2292
-874.048 744.977 2282
-871.013 739.1 2264
-867.531 732.898 2245
-869.029 730.939 2239
-872.846 730.939 2239
-865.308 721.472 2210
-866.716 719.513 2204
-866.919 716.575 2195
-870.661 716.575 2195
-874.403 716.575 2195
-873.744 712.984 2184
-876.262 712.004 2181
-879.98 712.004 2181
-882.482 711.025 2178
-886.195 711.025 2178
-888.683 710.046 2175
-892.39 710.046 2175
-894.862 709.066 2172
-895.255 706.455 2164
-897.698 705.475 2161
-901.382 705.475 2161
-903.81 704.496 2158
-906.227 703.517 2155
-909.056 702.864 2153
-912.727 702.864 2153
-915.12 701.884 2150
-918.785 701.884 2150
-921.163 700.905 2147
-924.823 700.905 2147
-927.186 699.925 2144
-929.973 699.273 2142
-932.317 698.293 2139
-935.963 698.293 2139
-938.292 697.314 2136
-940.61 696.334 2133
-943.361 695.682 2131
-946.994 695.682 2131
-950.627 695.682 2131
-952.916 694.702 2128
-956.544 694.702 2128
-960.171 694.702 2128
-962.44 693.723 2125
-966.063 693.723 2125
-968.317 692.743 2122
-971.934 692.743 2122
-975.552 692.743 2122
-978.246 692.091 2120
-981.86 692.091 2120
-985.474 692.091 2120
-989.089 692.091 2120
-991.298 691.111 2117
-993.497 690.132 2114
-998.516 691.111 2117
-1002.12 691.111 2117
-1005.73 691.111 2117
-1009.34 691.111 2117
-1012.95 691.111 2117
-1014.16 689.479 2112
-1011.01 684.908 2098
-1014.59 684.908 2098
-1018.17 684.908 2098
-1016.87 681.644 2088
-1017.99 680.012 2083
-1017.62 677.4 2075
-1021.15 677.4 2075
-1019.75 674.135 2065
-1016.83 669.891 2052
-1015.36 666.627 2042
-1018.84 666.627 2042
-1017.31 663.362 2032
-1017.26 661.077 2025
-1016.68 658.465 2017
-1020.12 658.465 2017
-1022.54 657.812 2015
-1024.45 656.833 2012
-1024.3 654.548 2005
-1027.72 654.548 2005
-1028.57 652.916 2000
838.734 1327.91 4089
831.763 1327.91 4089
824.792 1327.91 4089
817.821 1327.91 4089
810.851 1327.91 4089
803.88 1327.91 4089
796.909 1327.91 4089
789.939 1327.91 4089
782.968 1327.91 4089
775.997 1327.91 4089
767.146 1324.66 4079
758.328 1321.41 4069
751.392 1321.41 4069
742.626 1318.17 4059
735.706 1318.17 4059
726.991 1314.92 4049
718.31 1311.67 4039
711.424 1311.67 4039
704.539 1311.67 4039
696.099 1308.75 4030
687.519 1305.5 4020
678.972 1302.25 4010
672.136 1302.25 4010
663.807 1299.33 4001
658.464 1302.25 4010
651.628 1302.25 4010
644.792 1302.25 4010
637.956 1302.25 4010
631.12 1302.25 4010
621.326 1296.08 3991
614.522 1296.08 3991
599.192 1277.9 3935
588.267 1268.8 3907
573.568 1251.27 3853
567 1251.27 3853
559.123 1248.35 3844
551.276 1245.42 3835
544.738 1245.42 3835
538.2 1245.42 3835
525.701 1231.46 3792
515.677 1223.01 3766
516.288 1239.9 3818
510.848 1242.5 3826
504.325 1242.5 3826
502.487 1254.19 3862
501.682 1268.8 3907
495.021 1268.8 3907
488.361 1268.8 3907
480.591 1265.88 3898
473.945 1265.88 3898
467.3 1265.88 3898
-35.1454 134.772 415
-35.8528 134.772 415
-36.5603 134.772 415
-37.2678 134.772 415
-37.7007 133.798 412
-38.4031 133.798 412
-39.0105 133.473 411
-39.5179 132.823 409
-40.0185 132.174 407
-40.7124 132.174 407
-41.4062 132.174 407
-41.9966 131.849 406
-42.5836 131.524 405
-43.274 131.524 405
-43.9644 131.524 405
-44.5446 131.2 404
-45.1213 130.875 403
-45.6947 130.55 402
-46.2646 130.225 401
-46.9482 130.225 401
-47.6318 130.225 401
-48.3154 130.225 401
-48.8768 129.901 400
-49.5587 129.901 400
-50.2406 129.901 400
-50.9225 129.901 400
-51.6044 129.901 400
-52.2863 129.901 400
-52.9682 129.901 400
-53.516 129.576 399
-54.1962 129.576 399
-54.8764 129.576 399
-55.5566 129.576 399
-56.2368 129.576 399
-56.917 129.576 399
-57.5972 129.576 399
-58.2774 129.576 399
-58.9576 129.576 399
-59.6378 129.576 399
-60.318 129.576 399
-60.9981 129.576 399
-61.6783 129.576 399
-62.3585 129.576 399
-63.0387 129.576 399
-63.7189 129.576 399
-64.3991 129.576 399
-65.0793 129.576 399
-65.7595 129.576 399
-66.4397 129.576 399
-67.1199 129.576 399
-67.8001 129.576 399
-68.4803 129.576 399
-69.1605 129.576 399
-69.8407 129.576 399
-70.5209 129.576 399
-71.2011 129.576 399
-71.8813 129.576 399
-72.7433 129.901 400
-73.4252 129.901 400
-74.1071 129.901 400
-74.976 130.225 401
-75.6596 130.225 401
-76.5336 130.55 402
-77.2189 130.55 402
-77.9042 130.55 402
-78.5895 130.55 402
-79.6692 131.2 404
-80.3579 131.2 404
-81.0466 131.2 404
-81.9377 131.524 405
-82.8321 131.849 406
-83.5242 131.849 406
-84.2164 131.849 406
-85.1176 132.174 407
-85.8115 132.174 407
-86.7178 132.499 408
-87.8419 133.148 410
-88.7568 133.473 411
-89.4574 133.473 411
-90.5968 134.122 413
-92.1851 135.421 417
-92.896 135.421 417
-93.8314 135.746 418
-94.7701 136.071 419
-96.1681 137.045 422
-96.8875 137.045 422
-98.3008 138.019 425
-99.2583 138.344 426
-99.9845 138.344 426
-100.947 138.669 427
-101.913 138.994 428
-102.643 138.994 428
-103.372 138.994 428
-104.345 139.318 429
-105.322 139.643 430
-106.055 139.643 430
-107.036 139.968 431
-108.021 140.293 432
-109.009 140.617 433
-109.747 140.617 433
-110.485 140.617 433
-111.48 140.942 434
-112.737 141.592 436
-113.481 141.592 436
-114.748 142.241 438
-115.758 142.566 439
-116.507 142.566 439
-118.056 143.54 442
-119.079 143.865 443
-120.104 144.19 444
-120.861 144.19 444
-121.892 144.514 445
-122.651 144.514 445
-124.241 145.489 448
-125.005 145.489 448
-126.049 145.814 449
-126.815 145.814 449
-127.58 145.814 449
-128.346 145.814 449
-129.111 145.814 449
-130.166 146.138 450
-130.933 146.138 450
-131.7 146.138 450
-838.27 754.398 2323
-842.23 754.398 2323
-846.191 754.398 2323
-850.151 754.398 2323
-854.111 754.398 2323
-852.161 749.202 2307
-854.98 748.228 2304
-858.908 748.228 2304
-862.836 748.228 2304
-866.764 748.228 2304
-868.424 746.279 2298
-870.064 744.331 2292
-873.971 744.331 2292
-869.452 737.186 2270
-869.859 734.264 2261
-865.212 727.119 2239
-860.878 720.299 2218
-864.66 720.299 2218
-865.308 717.701 2210
-865.537 714.778 2201
-864.549 710.881 2189
-868.281 710.881 2189
-872.013 710.881 2189
-872.544 708.283 2181
-876.262 708.283 2181
-879.98 708.283 2181
-881.267 706.335 2175
-884.975 706.335 2175
-887.457 705.361 2172
-891.16 705.361 2172
-893.626 704.386 2169
-895.255 702.763 2164
-897.698 701.788 2161
-901.382 701.788 2161
-903.81 700.814 2158
-905.386 699.19 2153
-909.056 699.19 2153
-912.727 699.19 2153
-916.397 699.19 2153
-917.503 697.242 2147
-919.876 696.268 2144
-923.531 696.268 2144
-927.186 696.268 2144
-929.973 695.618 2142
-932.317 694.644 2139
-935.963 694.644 2139
-938.292 693.67 2136
-939.728 692.046 2131
-943.361 692.046 2131
-946.994 692.046 2131
-949.288 691.072 2128
-952.916 691.072 2128
-955.195 690.097 2125
-958.818 690.097 2125
-961.082 689.123 2122
-964.699 689.123 2122
-967.404 688.474 2120
-971.018 688.474 2120
-974.632 688.474 2120
-978.246 688.474 2120
-981.86 688.474 2120
-985.474 688.474 2120
-987.689 687.499 2117
-989.893 686.525 2114
-993.497 686.525 2114
-997.101 686.525 2114
-1000.7 686.525 2114
-1004.31 686.525 2114
-1007.91 686.525 2114
-1011.52 686.525 2114
-1014.16 685.876 2112
-1011.01 681.329 2098
-1012.17 679.705 2093
-1015.74 679.705 2093
-1016.87 678.082 2088
-1017.99 676.458 2083
-1017.62 673.86 2075
-1021.15 673.86 2075
-1019.75 670.612 2065
-1016.83 666.39 2052
-1015.36 663.143 2042
-1018.84 663.143 2042
-1017.31 659.895 2032
-1017.26 657.622 2025
-1016.68 655.024 2017
-1020.12 655.024 2017
-1022.54 654.375 2015
-1024.45 653.4 2012
-1024.3 651.127 2005
-1027.72 651.127 2005
-1028.57 649.503 2000
838.734 1320.93 4089
831.763 1320.93 4089
824.792 1320.93 4089
817.821 1320.93 4089
810.851 1320.93 4089
803.88 1320.93 4089
796.909 1320.93 4089
789.939 1320.93 4089
782.968 1320.93 4089
775.997 1320.93 4089
767.146 1317.7 4079
758.328 1314.47 4069
751.392 1314.47 4069
742.626 1311.24 4059
735.706 1311.24 4059
726.991 1308.01 4049
718.31 1304.78 4039
711.424 1304.78 4039
704.539 1304.78 4039
696.099 1301.87 4030
687.519 1298.64 4020
678.972 1295.41 4010
672.136 1295.41 4010
663.807 1292.51 4001
658.464 1295.41 4010
651.628 1295.41 4010
644.792 1295.41 4010
637.956 1295.41 4010
631.12 1295.41 4010
621.326 1289.27 3991
614.522 1289.27 3991
601.932 1277 3953
589.623 1265.05 3916
580.267 1259.23 3898
573.622 1259.23 3898
563.05 1250.51 3871
551.276 1238.88 3835
544.738 1238.88 3835
538.2 1238.88 3835
525.701 1224.99 3792
515.677 1216.59 3766
516.288 1233.39 3818
510.848 1235.97 3826
504.325 1235.97 3826
502.487 1247.6 3862
501.682 1262.14 3907
495.021 1262.14 3907
488.361 1262.14 3907
480.591 1259.23 3898
473.945 1259.23 3898
467.3 1259.23 3898
-35.1454 134.064 415
-35.8528 134.064 415
-36.5603 134.064 415
-36.9984 133.095 412
-37.7007 133.095 412
-38.4031 133.095 412
-39.0105 132.772 411
-39.5179 132.126 409
-40.0185 131.48 407
-40.6123 131.157 406
-41.3045 131.157 406
-41.9966 131.157 406
-42.5836 130.833 405
-43.274 130.833 405
-43.9644 130.833 405
-44.5446 130.51 404
-45.2333 130.51 404
-45.6947 129.864 402
-46.38 129.864 402
-47.0653 129.864 402
-47.6318 129.541 401
-48.3154 129.541 401
-48.8768 129.218 400
-49.5587 129.218 400
-50.2406 129.218 400
-50.9225 129.218 400
-51.6044 129.218 400
-52.2863 129.218 400
-52.9682 129.218 400
-53.6501 129.218 400
-54.1962 128.895 399
-54.8764 128.895 399
-55.5566 128.895 399
-56.2368 128.895 399
-56.917 128.895 399
-57.5972 128.895 399
-58.2774 128.895 399
-58.9576 128.895 399
-59.6378 128.895 399
-60.318 128.895 399
-60.9981 128.895 399
-61.6783 128.895 399
-62.3585 128.895 399
-63.0387 128.895 399
-63.7189 128.895 399
-64.3991 128.895 399
-65.0793 128.895 399
-65.7595 128.895 399
-66.4397 128.895 399
-67.1199 128.895 399
-67.8001 128.895 399
-68.4803 128.895 399
-69.1605 128.895 399
-69.8407 128.895 399
-70.5209 128.895 399
-71.2011 128.895 399
-71.8813 128.895 399
-72.7433 129.218 400
-73.4252 129.218 400
-74.1071 129.218 400
-74.976 129.541 401
-75.6596 129.541 401
-76.5336 129.864 402
-77.2189 129.864 402
-77.9042 129.864 402
-78.785 130.187 403
-79.6692 130.51 404
-80.3579 130.51 404
-81.2472 130.833 405
-81.9377 130.833 405
-82.8321 131.157 406
-83.5242 131.157 406
-84.4238 131.48 407
-85.1176 131.48 407
-85.8115 131.48 407
-86.9304 132.126 409
-87.8419 132.449 410
-88.9727 133.095 412
-89.6751 133.095 412
-90.5968 133.418 413
-92.1851 134.71 417
-92.896 134.71 417
-94.0558 135.356 419
-94.9963 135.679 420
-96.1681 136.325 422
-97.3467 136.971 424
-98.5321 137.617 426
-99.4913 137.94 427
-100.219 137.94 427
-101.184 138.264 428
-102.151 138.587 429
-102.883 138.587 429
-103.614 138.587 429
-104.589 138.91 430
-105.567 139.233 431
-106.301 139.233 431
-107.284 139.556 432
-108.021 139.556 432
-109.009 139.879 433
-109.747 139.879 433
-110.74 140.202 434
-111.737 140.525 435
-112.996 141.171 437
-113.741 141.171 437
-115.01 141.817 439
-116.022 142.14 440
-116.772 142.14 440
-118.323 143.109 443
-119.347 143.432 444
-120.375 143.755 445
-121.133 143.755 445
-121.892 143.755 445
-122.926 144.078 446
-123.687 144.078 446
-125.284 145.047 449
-126.33 145.371 450
-127.097 145.371 450
-127.864 145.371 450
-128.632 145.371 450
-129.399 145.371 450
-130.166 145.371 450
-130.642 145.047 449
-838.27 750.435 2323
-842.23 750.435 2323
-846.191 750.435 2323
-850.151 750.435 2323
-854.111 750.435 2323
-852.161 745.266 2307
-854.98 744.297 2304
-858.908 744.297 2304
-862.836 744.297 2304
-866.764 744.297 2304
-868.424 742.359 2298
-870.064 740.42 2292
-873.971 740.42 2292
-869.452 733.313 2270
-869.859 730.406 2261
-865.212 723.299 2239
-860.878 716.515 2218
-864.66 716.515 2218
-865.308 713.931 2210
-865.537 711.023 2201
-864.549 707.147 2189
-868.281 707.147 2189
-872.013 707.147 2189
-872.544 704.562 2181
-876.262 704.562 2181
-879.98 704.562 2181
-882.482 703.593 2178
-884.975 702.624 2175
-887.457 701.655 2172
-891.16 701.655 2172
-891.566 699.071 2164
-895.255 699.071 2164
-897.698 698.102 2161
-901.382 698.102 2161
-903.81 697.132 2158
-905.386 695.517 2153
-909.056 695.517 2153
-912.727 695.517 2153
-916.397 695.517 2153
-917.503 693.579 2147
-919.876 692.61 2144
-923.531 692.61 2144
-927.186 692.61 2144
-929.973 691.964 2142
-932.317 690.995 2139
-935.963 690.995 2139
-938.292 690.025 2136
-939.728 688.41 2131
-943.361 688.41 2131
-946.994 688.41 2131
-949.288 687.441 2128
-951.573 686.472 2125
-953.847 685.503 2122
-957.464 685.503 2122
-961.082 685.503 2122
-963.79 684.857 2120
-964.666 682.918 2114
-968.27 682.918 2114
-971.874 682.918 2114
-975.478 682.918 2114
-979.081 682.918 2114
-982.685 682.918 2114
-985.356 682.272 2112
-988.956 682.272 2112
-991.147 681.303 2109
-994.742 681.303 2109
-998.338 681.303 2109
-1001.93 681.303 2109
-1005.53 681.303 2109
-1009.12 681.303 2109
-1012.72 681.303 2109
-1011.01 677.75 2098
-1011.2 675.488 2091
-1014.77 675.488 2091
-1014.44 672.904 2083
-1014.08 670.32 2075
-1013.69 667.735 2067
-1017.22 667.735 2067
-1015.8 664.505 2057
-1011.88 659.659 2042
-1011.38 657.075 2034
-1014.85 657.075 2034
-1014.81 654.813 2027
-1013.24 651.583 2017
-1015.67 650.937 2015
-1019.11 650.937 2015
-1020 649.322 2010
-1022.41 648.676 2008
-1023.28 647.06 2003
-1026.7 647.06 2003
-1027.54 645.445 1998
831.763 1313.96 4089
824.792 1313.96 4089
817.821 1313.96 4089
810.851 1313.96 4089
803.88 1313.96 4089
796.909 1313.96 4089
789.939 1313.96 4089
782.968 1313.96 4089
775.997 1313.96 4089
769.026 1313.96 4089
762.056 1313.96 4089
753.238 1310.74 4079
746.285 1310.74 4079
739.331 1310.74 4079
730.582 1307.53 4069
721.867 1304.32 4059
714.947 1304.32 4059
708.028 1304.32 4059
701.108 1304.32 4059
689.229 1295 4030
680.666 1291.78 4020
673.812 1291.78 4020
665.3 1288.57 4010
658.464 1288.57 4010
651.628 1288.57 4010
644.792 1288.57 4010
637.956 1288.57 4010
631.12 1288.57 4010
621.326 1282.47 3991
614.522 1282.47 3991
601.932 1270.26 3953
589.623 1258.37 3916
580.267 1252.58 3898
573.622 1252.58 3898
563.05 1243.91 3871
551.276 1232.34 3835
542.323 1226.87 3818
535.815 1226.87 3818
525.701 1218.52 3792
515.677 1210.16 3766
509.257 1210.16 3766
502.837 1210.16 3766
496.417 1210.16 3766
-35.1454 133.356 415
-35.8528 133.356 415
-36.5603 133.356 415
-36.9984 132.392 412
-37.7007 132.392 412
-38.4031 132.392 412
-39.0105 132.071 411
-39.6146 131.749 410
-40.1169 131.107 408
-40.6123 130.464 406
-41.3045 130.464 406
-41.9966 130.464 406
-42.5836 130.142 405
-43.274 130.142 405
-43.9644 130.142 405
-44.5446 129.821 404
-45.2333 129.821 404
-45.8083 129.5 403
-46.4954 129.5 403
-47.0653 129.178 402
-47.6318 128.857 401
-48.3154 128.857 401
-48.8768 128.536 400
-49.5587 128.536 400
-50.2406 128.536 400
-50.9225 128.536 400
-51.6044 128.536 400
-52.2863 128.536 400
-52.9682 128.536 400
-53.6501 128.536 400
-54.1962 128.214 399
-54.8764 128.214 399
-55.5566 128.214 399
-56.2368 128.214 399
-56.917 128.214 399
-57.5972 128.214 399
-58.2774 128.214 399
-58.9576 128.214 399
-59.6378 128.214 399
-60.318 128.214 399
-60.9981 128.214 399
-61.6783 128.214 399
-62.3585 128.214 399
-63.0387 128.214 399
-63.7189 128.214 399
-64.3991 128.214 399
-65.0793 128.214 399
-65.7595 128.214 399
-66.4397 128.214 399
-67.1199 128.214 399
-67.8001 128.214 399
-68.4803 128.214 399
-69.1605 128.214 399
-69.8407 128.214 399
-70.5209 128.214 399
-71.2011 128.214 399
-71.8813 128.214 399
-72.7433 128.536 400
-73.4252 128.536 400
-74.1071 128.536 400
-74.976 128.857 401
-75.6596 128.857 401
-76.5336 129.178 402
-77.2189 129.178 402
-77.9042 129.178 402
-78.785 129.5 403
-79.6692 129.821 404
-80.3579 129.821 404
-81.2472 130.142 405
-81.9377 130.142 405
-82.8321 130.464 406
-83.5242 130.464 406
-84.4238 130.785 407
-85.1176 130.785 407
-85.8115 130.785 407
-86.9304 131.428 409
-87.8419 131.749 410
-88.9727 132.392 412
-89.6751 132.392 412
-90.5968 132.713 413
-92.1851 133.999 417
-92.896 133.999 417
-94.0558 134.641 419
-94.9963 134.963 420
-96.1681 135.605 422
-97.3467 136.248 424
-98.7634 137.212 427
-99.7243 137.533 428
-100.454 137.533 428
-101.42 137.855 429
-102.389 138.176 430
-103.122 138.176 430
-103.856 138.176 430
-104.832 138.497 431
-105.811 138.819 432
-106.548 138.819 432
-107.284 138.819 432
-108.271 139.14 433
-109.009 139.14 433
-109.747 139.14 433
-110.74 139.461 434
-111.994 140.104 436
-112.996 140.425 437
-113.741 140.425 437
-115.01 141.068 439
-116.022 141.389 440
-116.772 141.389 440
-118.323 142.353 443
-119.347 142.675 444
-120.375 142.996 445
-121.133 142.996 445
-121.892 142.996 445
-122.926 143.317 446
-123.687 143.317 446
-125.563 144.603 450
-126.33 144.603 450
-127.097 144.603 450
-127.864 144.603 450
-128.632 144.603 450
-129.399 144.603 450
-130.166 144.603 450
-837.188 745.508 2320
-841.143 745.508 2320
-845.098 745.508 2320
-846.857 743.58 2314
-850.802 743.58 2314
-852.161 741.33 2307
-854.98 740.366 2304
-857.79 739.402 2301
-861.712 739.402 2301
-865.635 739.402 2301
-866.157 736.51 2292
-870.064 736.51 2292
-873.971 736.51 2292
-867.154 727.513 2264
-861.395 719.479 2239
-861.734 716.587 2230
-860.878 712.731 2218
-864.66 712.731 2218
-862.959 708.232 2204
-861.997 704.376 2192
-864.549 703.412 2189
-868.281 703.412 2189
-870.021 701.805 2184
-872.544 700.841 2181
-876.262 700.841 2181
-879.98 700.841 2181
-882.482 699.877 2178
-886.195 699.877 2178
-887.457 697.949 2172
-891.16 697.949 2172
-891.566 695.379 2164
-895.255 695.379 2164
-897.698 694.415 2161
-901.382 694.415 2161
-903.81 693.451 2158
-905.386 691.844 2153
-909.056 691.844 2153
-912.727 691.844 2153
-916.397 691.844 2153
-917.503 689.916 2147
-919.876 688.952 2144
-923.531 688.952 2144
-927.186 688.952 2144
-929.973 688.309 2142
-932.317 687.345 2139
-935.963 687.345 2139
-938.292 686.381 2136
-939.728 684.774 2131
-943.361 684.774 2131
-946.994 684.774 2131
-947.95 682.846 2125
-950.229 681.882 2122
-953.847 681.882 2122
-957.464 681.882 2122
-961.082 681.882 2122
-961.062 679.312 2114
-964.666 679.312 2114
-968.27 679.312 2114
-971.874 679.312 2114
-974.555 678.669 2112
-976.766 677.705 2109
-980.361 677.705 2109
-982.557 676.741 2106
-986.147 676.741 2106
-988.797 676.098 2104
-992.384 676.098 2104
-995.971 676.098 2104
-999.558 676.098 2104
-1003.14 676.098 2104
-1006.73 676.098 2104
-1010.32 676.098 2104
-1007.64 671.921 2091
-1007.34 669.35 2083
-1010.89 669.35 2083
-1012 667.743 2078
-1011.64 665.173 2070
-1011.24 662.602 2062
-1014.76 662.602 2062
-1014.81 660.353 2055
-1009.4 654.569 2037
-1010.38 652.962 2032
-1013.85 652.962 2032
-1014.81 651.355 2027
-1014.75 649.106 2020
-1015.67 647.499 2015
-1019.11 647.499 2015
-1021.02 646.535 2012
-1022.41 645.25 2008
-1023.28 643.643 2003
-1026.7 643.643 2003
-1027.54 642.036 1998
831.763 1306.98 4089
824.792 1306.98 4089
817.821 1306.98 4089
810.851 1306.98 4089
803.88 1306.98 4089
789.939 1306.98 4089
782.968 1306.98 4089
775.997 1306.98 4089
769.026 1306.98 4089
762.056 1306.98 4089
755.085 1306.98 4089
748.114 1306.98 4089
739.331 1303.78 4079
730.582 1300.59 4069
723.645 1300.59 4069
716.709 1300.59 4069
708.028 1297.39 4059
701.108 1297.39 4059
689.229 1288.12 4030
682.359 1288.12 4030
673.812 1284.93 4020
665.3 1281.73 4010
658.464 1281.73 4010
651.628 1281.73 4010
644.792 1281.73 4010
637.956 1281.73 4010
631.12 1281.73 4010
622.883 1278.85 4001
616.062 1278.85 4001
607.719 1275.66 3991
589.623 1251.68 3916
580.267 1245.93 3898
573.622 1245.93 3898
564.359 1240.18 3880
556.451 1237.3 3871
542.323 1220.36 3818
535.815 1220.36 3818
522.097 1203.74 3766
-20.9022 141.598 443
-21.6574 141.598 443
-22.4126 141.598 443
-23.1678 141.598 443
-23.923 141.598 443
-35.1454 132.648 415
-35.8528 132.648 415
-36.5603 132.648 415
-36.9984 131.689 412
-37.7007 131.689 412
-38.4031 131.689 412
-39.0105 131.369 411
-39.6146 131.05 410
-40.1169 130.41 408
-40.6123 129.771 406
-41.3045 129.771 406
-41.9966 129.771 406
-42.6887 129.771 406
-43.274 129.452 405
-43.9644 129.452 405
-44.6548 129.452 405
-45.2333 129.132 404
-45.8083 128.812 403
-46.4954 128.812 403
-47.0653 128.493 402
-47.7506 128.493 402
-48.3154 128.173 401
-48.999 128.173 401
-49.6826 128.173 401
-50.2406 127.853 400
-50.9225 127.853 400
-51.6044 127.853 400
-52.2863 127.853 400
-52.9682 127.853 400
-53.6501 127.853 400
-54.332 127.853 400
-55.0139 127.853 400
-55.5566 127.534 399
-56.2368 127.534 399
-56.917 127.534 399
-57.5972 127.534 399
-58.2774 127.534 399
-58.9576 127.534 399
-59.6378 127.534 399
-60.318 127.534 399
-60.9981 127.534 399
-61.6783 127.534 399
-62.3585 127.534 399
-63.0387 127.534 399
-63.7189 127.534 399
-64.3991 127.534 399
-65.0793 127.534 399
-65.7595 127.534 399
-66.4397 127.534 399
-67.1199 127.534 399
-67.8001 127.534 399
-68.4803 127.534 399
-69.1605 127.534 399
-69.8407 127.534 399
-70.5209 127.534 399
-71.2011 127.534 399
-71.8813 127.534 399
-72.7433 127.853 400
-73.4252 127.853 400
-74.1071 127.853 400
-74.976 128.173 401
-75.6596 128.173 401
-76.5336 128.493 402
-77.2189 128.493 402
-78.098 128.812 403
-78.785 128.812 403
-79.6692 129.132 404
-80.3579 129.132 404
-81.2472 129.452 405
-82.14 129.771 406
-82.8321 129.771 406
-83.5242 129.771 406
-84.4238 130.091 407
-85.5359 130.73 409
-86.2331 130.73 409
-87.1429 131.05 410
-88.0561 131.369 411
-88.9727 131.689 412
-89.6751 131.689 412
-90.8162 132.328 414
-92.4062 133.607 418
-93.1188 133.607 418
-94.2803 134.246 420
-95.901 135.525 424
-96.6239 135.525 424
-97.8059 136.164 426
-98.7634 136.483 427
-99.7243 136.803 428
-100.454 136.803 428
-101.42 137.123 429
-102.389 137.442 430
-103.122 137.442 430
-103.856 137.442 430
-104.832 137.762 431
-105.811 138.082 432
-106.548 138.082 432
-107.284 138.082 432
-108.271 138.401 433
-109.009 138.401 433
-109.747 138.401 433
-110.74 138.721 434
-111.994 139.36 436
-112.996 139.68 437
-113.741 139.68 437
-115.01 140.319 439
-116.022 140.639 440
-116.772 140.639 440
-118.323 141.598 443
-119.347 141.917 444
-120.375 142.237 445
-121.133 142.237 445
-122.166 142.556 446
-122.926 142.556 446
-123.687 142.556 446
-125.563 143.835 450
-126.33 143.835 450
-127.097 143.835 450
-127.864 143.835 450
-128.632 143.835 450
-129.399 143.835 450
-130.166 143.835 450
-831.078 739.632 2314
-836.105 740.591 2317
-840.055 740.591 2317
-844.005 740.591 2317
-846.857 739.632 2314
-850.802 739.632 2314
-851.053 736.435 2304
-853.867 735.476 2301
-857.79 735.476 2301
-861.712 735.476 2301
-865.635 735.476 2301
-866.157 732.6 2292
-866.268 729.403 2282
-870.158 729.403 2282
-869.452 725.568 2270
-866.012 719.495 2251
-865.212 715.659 2239
-869.029 715.659 2239
-866.999 710.865 2224
-865.308 706.39 2210
-864.357 702.554 2198
-865.734 700.636 2192
-869.471 700.636 2192
-870.818 698.719 2186
-872.544 697.12 2181
-876.262 697.12 2181
-879.98 697.12 2181
-882.482 696.161 2178
-886.195 696.161 2178
-886.231 693.285 2169
-889.929 693.285 2169
-891.566 691.687 2164
-894.014 690.728 2161
-897.698 690.728 2161
-901.382 690.728 2161
-903.81 689.769 2158
-905.386 688.171 2153
-909.056 688.171 2153
-912.727 688.171 2153
-915.12 687.212 2150
-916.221 685.294 2144
-919.876 685.294 2144
-923.531 685.294 2144
-927.186 685.294 2144
-929.973 684.655 2142
-932.317 683.696 2139
-935.963 683.696 2139
-936.974 681.778 2133
-939.728 681.139 2131
-942.033 680.18 2128
-945.661 680.18 2128
-947.95 679.221 2125
-950.229 678.262 2122
-953.847 678.262 2122
-957.464 678.262 2122
-961.082 678.262 2122
-961.062 675.705 2114
-964.666 675.705 2114
-968.27 675.705 2114
-971.874 675.705 2114
-974.555 675.066 2112
-976.766 674.107 2109
-980.361 674.107 2109
-982.557 673.148 2106
-986.147 673.148 2106
-988.797 672.509 2104
-992.384 672.509 2104
-995.971 672.509 2104
-999.558 672.509 2104
-1003.14 672.509 2104
-1006.73 672.509 2104
-1010.32 672.509 2104
-1007.64 668.353 2091
-1007.34 665.796 2083
-1010.89 665.796 2083
-1009.08 662.28 2072
-1010.17 660.682 2067
-1008.79 657.486 2057
-1012.3 657.486 2057
-1013.33 655.888 2052
-1009.4 651.093 2037
-1010.38 649.495 2032
-1013.85 649.495 2032
-1013.81 647.258 2025
-1014.75 645.659 2020
-1015.67 644.061 2015
-1019.11 644.061 2015
-1021.02 643.102 2012
-1022.41 641.824 2008
-1023.28 640.226 2003
-1026.7 640.226 2003
-1028.57 639.267 2000
789.939 1300 4089
782.968 1300 4089
775.997 1300 4089
769.026 1300 4089
762.056 1300 4089
755.085 1300 4089
748.114 1300 4089
741.144 1300 4089
732.377 1296.83 4079
723.645 1293.65 4069
716.709 1293.65 4069
708.028 1290.47 4059
701.108 1290.47 4059
689.229 1281.25 4030
682.359 1281.25 4030
673.812 1278.07 4020
665.3 1274.89 4010
658.464 1274.89 4010
651.628 1274.89 4010
644.792 1274.89 4010
637.956 1274.89 4010
631.12 1274.89 4010
622.883 1272.03 4001
616.062 1272.03 4001
607.719 1268.85 3991
589.623 1245 3916
580.267 1239.28 3898
573.622 1239.28 3898
564.359 1233.56 3880
556.451 1230.7 3871
-20.9022 140.842 443
-21.6574 140.842 443
-22.4126 140.842 443
-23.1678 140.842 443
-23.923 140.842 443
-35.1454 131.94 415
-35.8528 131.94 415
-36.5603 131.94 415
-37.0882 131.304 413
-37.7922 131.304 413
-38.4963 131.304 413
-39.1054 130.986 412
-39.7112 130.668 411
-40.2152 130.032 409
-40.7124 129.396 407
-41.4062 129.396 407
-41.9966 129.078 406
-42.6887 129.078 406
-43.274 128.761 405
-43.9644 128.761 405
-44.6548 128.761 405
-45.2333 128.443 404
-45.8083 128.125 403
-46.4954 128.125 403
-47.0653 127.807 402
-47.7506 127.807 402
-48.3154 127.489 401
-48.999 127.489 401
-49.6826 127.489 401
-50.2406 127.171 400
-50.9225 127.171 400
-51.6044 127.171 400
-52.2863 127.171 400
-52.9682 127.171 400
-53.6501 127.171 400
-54.332 127.171 400
-55.0139 127.171 400
-55.5566 126.853 399
-56.2368 126.853 399
-56.917 126.853 399
-57.5972 126.853 399
-58.2774 126.853 399
-58.9576 126.853 399
-59.6378 126.853 399
-60.318 126.853 399
-60.9981 126.853 399
-61.6783 126.853 399
-62.3585 126.853 399
-63.0387 126.853 399
-63.7189 126.853 399
-64.3991 126.853 399
-65.0793 126.853 399
-65.7595 126.853 399
-66.4397 126.853 399
-67.1199 126.853 399
-67.8001 126.853 399
-68.4803 126.853 399
-69.1605 126.853 399
-69.8407 126.853 399
-70.5209 126.853 399
-71.2011 126.853 399
-72.0614 127.171 400
-72.7433 127.171 400
-73.4252 127.171 400
-74.1071 127.171 400
-74.976 127.489 401
-75.8483 127.807 402
-76.5336 127.807 402
-77.2189 127.807 402
-78.098 128.125 403
-78.9805 128.443 404
-79.8664 128.761 405
-80.5568 128.761 405
-81.2472 128.761 405
-82.14 129.078 406
-82.8321 129.078 406
-83.73 129.396 407
-84.6312 129.714 408
-85.745 130.35 410
-86.444 130.35 410
-87.3555 130.668 411
-88.0561 130.668 411
-88.9727 130.986 412
-89.6751 130.986 412
-91.2549 132.258 416
-92.6273 133.212 419
-93.3416 133.212 419
-94.5048 133.847 421
-96.3534 135.437 426
-97.0796 135.437 426
-97.8059 135.437 426
-98.7634 135.755 427
-99.7243 136.073 428
-100.454 136.073 428
-101.656 136.709 430
-102.389 136.709 430
-103.122 136.709 430
-104.097 137.027 431
-105.075 137.345 432
-105.811 137.345 432
-106.548 137.345 432
-107.533 137.663 433
-108.271 137.663 433
-109.261 137.98 434
-110.001 137.98 434
-111.251 138.616 436
-112.251 138.934 437
-112.996 138.934 437
-114.261 139.57 439
-115.272 139.888 440
-116.286 140.206 441
-117.037 140.206 441
-118.59 141.16 444
-119.616 141.478 445
-120.375 141.478 445
-121.133 141.478 445
-122.166 141.796 446
-122.926 141.796 446
-123.687 141.796 446
-125.563 143.067 450
-126.33 143.067 450
-127.097 143.067 450
-127.864 143.067 450
-128.632 143.067 450
-129.399 143.067 450
-130.166 143.067 450
-831.078 735.684 2314
-837.188 737.591 2320
-841.143 737.591 2320
-845.098 737.591 2320
-847.955 736.638 2317
-851.905 736.638 2317
-851.053 732.504 2304
-853.867 731.551 2301
-857.79 731.551 2301
-861.712 731.551 2301
-865.635 731.551 2301
-867.29 729.643 2295
-866.268 725.51 2282
-870.158 725.51 2282
-869.452 721.695 2270
-866.012 715.654 2251
-865.212 711.839 2239
-869.029 711.839 2239
-866.999 707.07 2224
-865.308 702.619 2210
-865.537 699.758 2201
-869.289 699.758 2201
-870.661 697.85 2195
-870.818 694.989 2186
-872.544 693.399 2181
-876.262 693.399 2181
-879.98 693.399 2181
-882.482 692.446 2178
-886.195 692.446 2178
-886.231 689.584 2169
-889.929 689.584 2169
-890.33 687.041 2161
-894.014 687.041 2161
-896.452 686.087 2158
-900.131 686.087 2158
-903.81 686.087 2158
-905.386 684.497 2153
-909.056 684.497 2153
-912.727 684.497 2153
-915.12 683.544 2150
-916.221 681.636 2144
-919.876 681.636 2144
-923.531 681.636 2144
-927.186 681.636 2144
-929.973 681 2142
-932.317 680.046 2139
-935.963 680.046 2139
-936.974 678.139 2133
-939.728 677.503 2131
-942.033 676.549 2128
-945.661 676.549 2128
-947.95 675.595 2125
-950.229 674.642 2122
-953.847 674.642 2122
-957.464 674.642 2122
-960.176 674.006 2120
-961.062 672.098 2114
-963.753 671.462 2112
-967.354 671.462 2112
-969.575 670.509 2109
-971.786 669.555 2106
-975.376 669.555 2106
-978.967 669.555 2106
-980.224 667.965 2101
-982.401 667.011 2098
-985.977 667.011 2098
-992.384 668.919 2104
-995.971 668.919 2104
-999.558 668.919 2104
-1003.14 668.919 2104
-1006.73 668.919 2104
-1007.44 667.011 2098
-1004.75 662.878 2085
-1004.92 660.653 2078
-1008.46 660.653 2078
-1009.08 658.745 2072
-1010.17 657.156 2067
-1008.79 653.976 2057
-1012.3 653.976 2057
-1013.33 652.387 2052
-1009.4 647.618 2037
-1010.38 646.028 2032
-1013.85 646.028 2032
-1013.81 643.803 2025
-1014.75 642.213 2020
-1015.67 640.623 2015
-1019.11 640.623 2015
-1021.02 639.67 2012
-1022.41 638.398 2008
-1023.28 636.808 2003
-1026.7 636.808 2003
-1028.57 635.855 2000
762.056 1293.03 4089
755.085 1293.03 4089
748.114 1293.03 4089
741.144 1293.03 4089
732.377 1289.87 4079
723.645 1286.7 4069
716.709 1286.7 4069
708.028 1283.54 4059
701.108 1283.54 4059
689.229 1274.37 4030
682.359 1274.37 4030
673.812 1271.21 4020
665.3 1268.05 4010
658.464 1268.05 4010
651.628 1268.05 4010
644.792 1268.05 4010
637.956 1268.05 4010
631.12 1268.05 4010
622.883 1265.2 4001
616.062 1265.2 4001
607.719 1262.04 3991
589.623 1238.32 3916
580.267 1232.63 3898
573.622 1232.63 3898
564.359 1226.94 3880
556.451 1224.09 3871
-20.9022 140.086 443
-21.8529 141.351 447
-22.6149 141.351 447
-23.377 141.351 447
-24.139 141.351 447
-34.1368 132.813 420
-34.8528 132.813 420
-35.5688 132.813 420
-36.1984 132.497 419
-36.7365 131.864 417
-37.0882 130.599 413
-37.7922 130.599 413
-38.4963 130.599 413
-39.2004 130.599 413
-39.8078 130.283 412
-40.3135 129.651 410
-41.0125 129.651 410
-41.5079 129.018 408
-41.9966 128.386 406
-42.6887 128.386 406
-43.274 128.07 405
-43.9644 128.07 405
-44.6548 128.07 405
-45.2333 127.753 404
-45.8083 127.437 403
-46.4954 127.437 403
-47.1824 127.437 403
-47.7506 127.121 402
-48.4359 127.121 402
-49.1212 127.121 402
-49.6826 126.805 401
-50.3662 126.805 401
-50.9225 126.488 400
-51.6044 126.488 400
-52.2863 126.488 400
-52.9682 126.488 400
-53.6501 126.488 400
-54.332 126.488 400
-55.0139 126.488 400
-55.6958 126.488 400
-56.3777 126.488 400
-56.917 126.172 399
-57.5972 126.172 399
-58.2774 126.172 399
-58.9576 126.172 399
-59.6378 126.172 399
-60.318 126.172 399
-60.9981 126.172 399
-61.6783 126.172 399
-62.3585 126.172 399
-63.0387 126.172 399
-63.7189 126.172 399
-64.3991 126.172 399
-65.0793 126.172 399
-65.7595 126.172 399
-66.4397 126.172 399
-67.1199 126.172 399
-67.8001 126.172 399
-68.4803 126.172 399
-69.1605 126.172 399
-69.8407 126.172 399
-70.5209 126.172 399
-71.2011 126.172 399
-72.0614 126.488 400
-72.7433 126.488 400
-73.4252 126.488 400
-74.1071 126.488 400
-74.976 126.805 401
-75.8483 127.121 402
-76.7239 127.437 403
-77.411 127.437 403
-78.2918 127.753 404
-78.9805 127.753 404
-79.8664 128.07 405
-80.5568 128.07 405
-81.4479 128.386 406
-82.14 128.386 406
-82.8321 128.386 406
-83.9357 129.018 408
-84.8387 129.334 409
-85.9542 129.967 411
-86.6548 129.967 411
-87.3555 129.967 411
-88.2704 130.283 412
-89.1887 130.599 413
-89.8927 130.599 413
-91.4743 131.864 417
-92.8483 132.813 420
-93.5643 132.813 420
-94.9538 133.762 423
-96.3534 134.71 426
-97.0796 134.71 426
-98.0354 135.026 427
-98.9947 135.343 428
-99.9573 135.659 429
-100.689 135.659 429
-101.656 135.975 430
-102.628 136.291 431
-103.362 136.291 431
-104.339 136.608 432
-105.318 136.924 433
-106.056 136.924 433
-106.795 136.924 433
-107.533 136.924 433
-108.521 137.24 434
-109.764 137.872 436
-110.508 137.872 436
-111.506 138.189 437
-112.765 138.821 439
-113.513 138.821 439
-114.522 139.137 440
-115.534 139.454 441
-116.813 140.086 443
-117.568 140.086 443
-118.59 140.402 444
-119.616 140.718 445
-120.645 141.035 446
-121.406 141.035 446
-122.166 141.035 446
-123.202 141.351 447
-123.964 141.351 447
-125.563 142.3 450
-126.33 142.3 450
-127.38 142.616 451
-128.149 142.616 451
-128.917 142.616 451
-129.686 142.616 451
-130.455 142.616 451
-831.078 731.736 2314
-837.188 733.633 2320
-841.143 733.633 2320
-845.098 733.633 2320
-847.955 732.684 2317
-851.905 732.684 2317
-851.053 728.574 2304
-853.867 727.625 2301
-857.79 727.625 2301
-861.712 727.625 2301
-865.635 727.625 2301
-867.29 725.728 2295
-866.268 721.617 2282
-870.158 721.617 2282
-869.452 717.822 2270
-866.012 711.814 2251
-865.212 708.019 2239
-869.029 708.019 2239
-866.999 703.276 2224
-865.308 698.849 2210
-865.537 696.003 2201
-869.289 696.003 2201
-870.661 694.105 2195
-870.818 691.259 2186
-871.344 688.73 2178
-875.057 688.73 2178
-878.77 688.73 2178
-882.482 688.73 2178
-884.975 687.781 2175
-885.414 685.251 2167
-889.108 685.251 2167
-890.33 683.354 2161
-894.014 683.354 2161
-896.452 682.405 2158
-900.131 682.405 2158
-902.553 681.457 2155
-905.386 680.824 2153
-907.79 679.876 2150
-911.455 679.876 2150
-915.12 679.876 2150
-916.221 677.978 2144
-919.876 677.978 2144
-923.531 677.978 2144
-927.186 677.978 2144
-929.973 677.346 2142
-932.317 676.397 2139
-935.963 676.397 2139
-936.974 674.5 2133
-938.405 672.919 2128
-940.705 671.97 2125
-944.328 671.97 2125
-946.612 671.021 2122
-950.229 671.021 2122
-952.948 670.389 2120
-956.562 670.389 2120
-958.817 669.44 2117
-960.153 667.859 2112
-962.384 666.91 2109
-965.98 666.91 2109
-968.196 665.962 2106
-970.863 665.329 2104
-973.061 664.381 2101
-976.642 664.381 2101
-976.492 661.851 2093
-980.06 661.851 2093
-983.628 661.851 2093
-988.611 662.8 2096
-992.184 662.8 2096
-995.757 662.8 2096
-999.33 662.8 2096
-1002.9 662.8 2096
-1006.48 662.8 2096
-1001.38 657.108 2078
-1002.02 655.21 2072
-1005.55 655.21 2072
-1005.67 652.997 2065
-1007.73 652.048 2062
-1006.34 648.886 2052
-1009.84 648.886 2052
-1009.38 646.356 2044
-1009.4 644.143 2037
-1009.39 641.929 2030
-1012.85 641.929 2030
-1013.81 640.348 2025
-1013.24 637.818 2017
-1015.67 637.186 2015
-1019.11 637.186 2015
-1021.02 636.237 2012
-1022.41 634.972 2008
-1023.28 633.391 2003
-1026.7 633.391 2003
-1028.57 632.442 2000
755.085 1286.05 4089
748.114 1286.05 4089
741.144 1286.05 4089
732.377 1282.91 4079
723.645 1279.76 4069
716.709 1279.76 4069
708.028 1276.62 4059
697.654 1270.33 4039
689.229 1267.5 4030
682.359 1267.5 4030
670.628 1258.37 4001
663.807 1258.37 4001
656.986 1258.37 4001
650.166 1258.37 4001
643.345 1258.37 4001
636.524 1258.37 4001
629.704 1258.37 4001
622.883 1258.37 4001
614.522 1255.23 3991
604.826 1249.25 3972
589.623 1231.64 3916
578.927 1223.15 3889
572.298 1223.15 3889
-20.9022 139.33 443
-21.8529 140.588 447
-22.6149 140.588 447
-23.377 140.588 447
-24.139 140.588 447
-32.7827 132.411 421
-33.5004 132.411 421
-34.2181 132.411 421
-34.8528 132.096 420
-35.5688 132.096 420
-36.1984 131.782 419
-36.7365 131.153 417
-37.178 130.209 414
-37.7922 129.895 413
-38.4963 129.895 413
-39.2004 129.895 413
-39.8078 129.58 412
-40.3135 128.951 410
-41.0125 128.951 410
-41.5079 128.322 408
-42.1 128.008 407
-42.6887 127.693 406
-43.274 127.379 405
-43.9644 127.379 405
-44.6548 127.379 405
-45.2333 127.064 404
-45.8083 126.75 403
-46.4954 126.75 403
-47.1824 126.75 403
-47.7506 126.435 402
-48.4359 126.435 402
-49.1212 126.435 402
-49.8065 126.435 402
-50.3662 126.121 401
-51.0498 126.121 401
-51.7334 126.121 401
-52.2863 125.806 400
-52.9682 125.806 400
-53.6501 125.806 400
-54.332 125.806 400
-55.0139 125.806 400
-55.6958 125.806 400
-56.3777 125.806 400
-57.0596 125.806 400
-57.7415 125.806 400
-58.4234 125.806 400
-58.9576 125.492 399
-59.6378 125.492 399
-60.318 125.492 399
-60.9981 125.492 399
-61.6783 125.492 399
-62.3585 125.492 399
-63.0387 125.492 399
-63.7189 125.492 399
-64.3991 125.492 399
-65.0793 125.492 399
-65.7595 125.492 399
-66.4397 125.492 399
-67.1199 125.492 399
-67.8001 125.492 399
-68.4803 125.492 399
-69.1605 125.492 399
-69.8407 125.492 399
-70.6976 125.806 400
-71.3795 125.806 400
-72.0614 125.806 400
-72.7433 125.806 400
-73.6088 126.121 401
-74.2924 126.121 401
-74.976 126.121 401
-75.8483 126.435 402
-76.7239 126.75 403
-77.411 126.75 403
-78.2918 127.064 404
-78.9805 127.064 404
-79.8664 127.379 405
-80.5568 127.379 405
-81.4479 127.693 406
-82.14 127.693 406
-82.8321 127.693 406
-83.9357 128.322 408
-84.8387 128.637 409
-85.9542 129.266 411
-86.6548 129.266 411
-87.3555 129.266 411
-88.2704 129.58 412
-89.1887 129.895 413
-89.8927 129.895 413
-91.4743 131.153 417
-92.8483 132.096 420
-93.5643 132.096 420
-94.9538 133.04 423
-96.3534 133.983 426
-97.0796 133.983 426
-98.0354 134.298 427
-98.9947 134.612 428
-99.9573 134.927 429
-100.689 134.927 429
-101.893 135.556 431
-102.866 135.871 432
-103.602 135.871 432
-104.58 136.185 433
-105.318 136.185 433
-106.301 136.5 434
-107.041 136.5 434
-107.781 136.5 434
-109.021 137.129 436
-110.016 137.443 437
-110.761 137.443 437
-112.016 138.072 439
-113.022 138.387 440
-113.772 138.387 440
-114.782 138.701 441
-115.796 139.016 442
-117.077 139.645 444
-117.834 139.645 444
-118.858 139.959 445
-119.885 140.274 446
-120.645 140.274 446
-121.678 140.588 447
-122.44 140.588 447
-123.477 140.903 448
-124.241 140.903 448
-125.563 141.532 450
-126.611 141.846 451
-127.38 141.846 451
-128.149 141.846 451
-128.917 141.846 451
-129.686 141.846 451
-130.455 141.846 451
-831.078 727.788 2314
-837.188 729.675 2320
-841.143 729.675 2320
-845.098 729.675 2320
-847.955 728.731 2317
-851.905 728.731 2317
-851.053 724.643 2304
-853.867 723.699 2301
-857.79 723.699 2301
-861.712 723.699 2301
-865.635 723.699 2301
-867.29 721.812 2295
-866.268 717.723 2282
-870.158 717.723 2282
-869.452 713.949 2270
-866.012 707.973 2251
-865.212 704.199 2239
-869.029 704.199 2239
-864.66 697.594 2218
-865.308 695.078 2210
-865.537 692.248 2201
-869.289 692.248 2201
-870.661 690.361 2195
-870.818 687.53 2186
-871.344 685.014 2178
-875.057 685.014 2178
-878.77 685.014 2178
-882.482 685.014 2178
-884.975 684.07 2175
-887.457 683.127 2172
-889.108 681.554 2167
-890.33 679.667 2161
-894.014 679.667 2161
-896.452 678.724 2158
-900.131 678.724 2158
-902.553 677.78 2155
-905.386 677.151 2153
-907.79 676.207 2150
-911.455 676.207 2150
-915.12 676.207 2150
-916.221 674.32 2144
-919.876 674.32 2144
-923.531 674.32 2144
-927.186 674.32 2144
-929.973 673.691 2142
-932.317 672.748 2139
-935.963 672.748 2139
-936.974 670.861 2133
-938.405 669.288 2128
-940.705 668.345 2125
-944.328 668.345 2125
-946.612 667.401 2122
-949.334 666.772 2120
-952.948 666.772 2120
-956.562 666.772 2120
-958.817 665.828 2117
-958.789 663.312 2109
-960.103 661.74 2104
-963.69 661.74 2104
-967.276 661.74 2104
-970.863 661.74 2104
-974.45 661.74 2104
-972.924 658.28 2093
-974.159 656.707 2088
-977.718 656.707 2088
-981.278 656.707 2088
-987.196 658.28 2093
-990.764 658.28 2093
-995.757 659.224 2096
-999.33 659.224 2096
-1002.9 659.224 2096
-1005.04 658.28 2093
-998.484 651.675 2072
-1001.05 651.046 2070
-1004.58 651.046 2070
-1005.67 649.474 2065
-1002.84 645.385 2052
-1003.88 643.812 2047
-1007.37 643.812 2047
-1008.39 642.24 2042
-1006.92 639.095 2032
-1006.9 636.893 2025
-1010.36 636.893 2025
-1012.31 635.949 2022
-1013.24 634.377 2017
-1015.67 633.748 2015
-1019.11 633.748 2015
-1020 632.175 2010
-1022.41 631.546 2008
-1023.28 629.974 2003
-1026.7 629.974 2003
-1026.51 627.772 1996
744.455 1272.82 4069
737.518 1272.82 4069
730.582 1272.82 4069
721.867 1269.69 4059
714.947 1269.69 4059
706.283 1266.56 4049
696.099 1260.62 4030
684.269 1251.55 4001
677.448 1251.55 4001
667.443 1245.61 3982
658.996 1242.48 3972
656.986 1251.55 4001
650.166 1251.55 4001
643.345 1251.55 4001
636.524 1251.55 4001
628.13 1248.42 3991
621.326 1248.42 3991
611.597 1242.48 3972
603.455 1239.66 3963
585.557 1216.51 3889
-21.8529 139.826 447
-22.6149 139.826 447
-23.377 139.826 447
-24.139 139.826 447
-32.7827 131.693 421
-33.5004 131.693 421
-34.2181 131.693 421
-34.8528 131.38 420
-35.5688 131.38 420
-36.1984 131.067 419
-36.7365 130.441 417
-37.178 129.503 414
-37.7922 129.19 413
-38.4963 129.19 413
-39.2004 129.19 413
-39.8078 128.877 412
-40.3135 128.252 410
-41.0125 128.252 410
-41.5079 127.626 408
-42.1 127.313 407
-42.6887 127 406
-43.3808 127 406
-44.073 127 406
-44.6548 126.688 405
-45.3453 126.688 405
-45.922 126.375 404
-46.6107 126.375 404
-47.1824 126.062 403
-47.8694 126.062 403
-48.4359 125.749 402
-49.1212 125.749 402
-49.8065 125.749 402
-50.4918 125.749 402
-51.0498 125.436 401
-51.7334 125.436 401
-52.417 125.436 401
-53.1007 125.436 401
-53.7843 125.436 401
-54.4679 125.436 401
-55.0139 125.124 400
-55.6958 125.124 400
-56.3777 125.124 400
-57.0596 125.124 400
-57.7415 125.124 400
-58.4234 125.124 400
-59.1053 125.124 400
-59.7872 125.124 400
-60.4691 125.124 400
-60.9981 124.811 399
-61.6783 124.811 399
-62.3585 124.811 399
-63.0387 124.811 399
-63.7189 124.811 399
-64.3991 124.811 399
-65.0793 124.811 399
-65.7595 124.811 399
-66.4397 124.811 399
-67.1199 124.811 399
-67.8001 124.811 399
-68.4803 124.811 399
-69.1605 124.811 399
-70.0157 125.124 400
-70.6976 125.124 400
-71.3795 125.124 400
-72.0614 125.124 400
-72.7433 125.124 400
-73.6088 125.436 401
-74.2924 125.436 401
-75.1629 125.749 402
-75.8483 125.749 402
-76.9143 126.375 404
-77.6031 126.375 404
-78.2918 126.375 404
-79.176 126.688 405
-79.8664 126.688 405
-80.5568 126.688 405
-81.4479 127 406
-82.3423 127.313 407
-83.0361 127.313 407
-84.1414 127.939 409
-85.2535 128.564 411
-85.9542 128.564 411
-86.6548 128.564 411
-87.568 128.877 412
-88.4846 129.19 413
-89.1887 129.19 413
-90.3281 129.816 415
-92.1323 131.38 420
-92.8483 131.38 420
-94.0099 132.005 422
-95.4027 132.944 425
-96.3534 133.257 426
-97.0796 133.257 426
-98.0354 133.569 427
-98.9947 133.882 428
-99.9573 134.195 429
-100.689 134.195 429
-101.893 134.821 431
-102.866 135.133 432
-103.602 135.133 432
-104.58 135.446 433
-105.318 135.446 433
-106.301 135.759 434
-107.041 135.759 434
-107.781 135.759 434
-109.021 136.385 436
-110.016 136.698 437
-110.761 136.698 437
-112.016 137.323 439
-113.022 137.636 440
-113.772 137.636 440
-114.782 137.949 441
-115.796 138.262 442
-117.077 138.887 444
-117.834 138.887 444
-118.858 139.2 445
-119.885 139.513 446
-120.645 139.513 446
-121.678 139.826 447
-122.44 139.826 447
-123.753 140.451 449
-124.519 140.451 449
-125.842 141.077 451
-127.172 141.702 453
-127.945 141.702 453
-128.717 141.702 453
-129.489 141.702 453
-129.974 141.39 452
-130.744 141.39 452
-837.188 725.717 2320
-841.143 725.717 2320
-845.098 725.717 2320
-846.857 723.84 2314
-850.802 723.84 2314
-849.945 719.773 2301
-853.867 719.773 2301
-856.671 718.835 2298
-860.589 718.835 2298
-864.506 718.835 2298
-864.645 715.707 2288
-865.129 712.892 2279
-869.014 712.892 2279
-868.303 709.138 2267
-861.395 700.379 2239
-859.416 695.687 2224
-863.207 695.687 2224
-861.541 691.308 2210
-861.784 688.493 2201
-863.177 686.616 2195
-866.919 686.616 2195
-867.091 683.8 2186
-870.818 683.8 2186
-871.344 681.298 2178
-875.057 681.298 2178
-878.77 681.298 2178
-881.267 680.359 2175
-883.754 679.421 2172
-887.457 679.421 2172
-889.108 677.857 2167
-890.33 675.98 2161
-892.773 675.042 2158
-896.452 675.042 2158
-898.88 674.103 2155
-902.553 674.103 2155
-904.124 672.539 2150
-906.523 671.601 2147
-910.183 671.601 2147
-913.843 671.601 2147
-916.221 670.662 2144
-919.876 670.662 2144
-923.531 670.662 2144
-926.321 670.037 2142
-928.67 669.098 2139
-931.009 668.16 2136
-934.65 668.16 2136
-936.974 667.221 2133
-937.082 664.719 2125
-940.705 664.719 2125
-942.994 663.781 2122
-946.612 663.781 2122
-949.334 663.155 2120
-952.948 663.155 2120
-956.562 663.155 2120
-960.176 663.155 2120
-958.789 659.714 2109
-961.016 658.776 2106
-964.606 658.776 2106
-968.196 658.776 2106
-970.863 658.15 2104
-974.45 658.15 2104
-974.318 655.648 2096
-974.159 653.145 2088
-977.718 653.145 2088
-982.688 654.083 2091
-987.196 654.709 2093
-990.764 654.709 2093
-995.757 655.648 2096
-999.33 655.648 2096
-1002.9 655.648 2096
-1005.04 654.709 2093
-998.484 648.14 2072
-1001.05 647.515 2070
-1004.58 647.515 2070
-1005.67 645.951 2065
-1000.4 640.32 2047
-1002.41 639.382 2044
-1005.9 639.382 2044
-1008.39 638.756 2042
-1006.92 635.628 2032
-1006.9 633.438 2025
-1010.36 633.438 2025
-1009.8 630.936 2017
-1010.73 629.372 2012
-1013.15 628.746 2010
-1016.58 628.746 2010
-1018.99 628.12 2008
-1020.89 627.182 2005
-1021.75 625.618 2000
-1025.16 625.618 2000
-1024.97 623.428 1993
744.455 1265.88 4069
737.518 1265.88 4069
730.582 1265.88 4069
721.867 1262.77 4059
714.947 1262.77 4059
706.283 1259.66 4049
696.099 1253.74 4030
684.269 1244.72 4001
677.448 1244.72 4001
667.443 1238.81 3982
658.996 1235.7 3972
656.986 1244.72 4001
650.166 1244.72 4001
643.345 1244.72 4001
636.524 1244.72 4001
628.13 1241.61 3991
621.326 1241.61 3991
601.588 1215.48 3907
592.187 1209.88 3889
-20.6017 140.93 453
-21.374 140.93 453
-22.1462 140.93 453
-22.6655 139.374 448
-23.4293 139.374 448
-24.193 139.374 448
-32.7827 130.974 421
-33.5004 130.974 421
-34.2181 130.974 421
-34.9358 130.974 421
-35.6535 130.974 421
-36.1984 130.352 419
-36.7365 129.73 417
-37.178 128.797 414
-37.7922 128.485 413
-38.4963 128.485 413
-39.1054 128.174 412
-39.7112 127.863 411
-40.2152 127.241 409
-40.9124 127.241 409
-41.5079 126.93 408
-42.1 126.619 407
-42.6887 126.308 406
-43.3808 126.308 406
-44.073 126.308 406
-44.6548 125.997 405
-45.3453 125.997 405
-45.922 125.686 404
-46.6107 125.686 404
-47.1824 125.374 403
-47.8694 125.374 403
-48.4359 125.063 402
-49.1212 125.063 402
-49.8065 125.063 402
-50.4918 125.063 402
-51.0498 124.752 401
-51.7334 124.752 401
-52.417 124.752 401
-53.1007 124.752 401
-53.7843 124.752 401
-54.4679 124.752 401
-55.0139 124.441 400
-55.6958 124.441 400
-56.3777 124.441 400
-57.0596 124.441 400
-57.7415 124.441 400
-58.4234 124.441 400
-59.1053 124.441 400
-59.7872 124.441 400
-60.4691 124.441 400
-61.151 124.441 400
-61.6783 124.13 399
-62.3585 124.13 399
-63.0387 124.13 399
-63.7189 124.13 399
-64.3991 124.13 399
-65.0793 124.13 399
-65.7595 124.13 399
-66.4397 124.13 399
-67.1199 124.13 399
-67.8001 124.13 399
-68.4803 124.13 399
-69.3338 124.441 400
-70.0157 124.441 400
-70.6976 124.441 400
-71.3795 124.441 400
-72.0614 124.441 400
-72.9252 124.752 401
-73.6088 124.752 401
-74.2924 124.752 401
-75.1629 125.063 402
-76.0369 125.374 403
-76.9143 125.686 404
-77.6031 125.686 404
-78.4856 125.997 405
-79.176 125.997 405
-79.8664 125.997 405
-80.7557 126.308 406
-81.6485 126.619 407
-82.5446 126.93 408
-83.2402 126.93 408
-84.5529 127.863 411
-85.4609 128.174 412
-86.1633 128.174 412
-86.8657 128.174 412
-87.7806 128.485 413
-88.9131 129.108 415
-89.6206 129.108 415
-90.7634 129.73 417
-92.1323 130.663 420
-92.8483 130.663 420
-94.2326 131.597 423
-95.4027 132.219 425
-96.5796 132.841 427
-97.3075 132.841 427
-98.0354 132.841 427
-99.226 133.463 429
-99.9573 133.463 429
-100.923 133.774 430
-102.129 134.396 432
-102.866 134.396 432
-103.602 134.396 432
-104.58 134.708 433
-105.561 135.019 434
-106.546 135.33 435
-107.288 135.33 435
-108.029 135.33 435
-109.271 135.952 437
-110.016 135.952 437
-111.268 136.574 439
-112.016 136.574 439
-113.278 137.196 441
-114.03 137.196 441
-115.042 137.507 442
-116.32 138.13 444
-117.34 138.441 445
-118.099 138.441 445
-119.125 138.752 446
-120.154 139.063 447
-120.916 139.063 447
-121.678 139.063 447
-122.44 139.063 447
-123.753 139.685 449
-124.519 139.685 449
-125.842 140.307 451
-127.172 140.93 453
-127.945 140.93 453
-128.717 140.93 453
-129.489 140.93 453
-129.974 140.618 452
-130.744 140.618 452
-838.177 715.848 2301
-842.099 715.848 2301
-846.022 715.848 2301
-849.945 715.848 2301
-853.867 715.848 2301
-855.553 713.981 2295
-859.465 713.981 2295
-862.249 713.048 2292
-863.511 710.87 2285
-866.268 709.937 2282
-870.158 709.937 2282
-868.303 705.27 2267
-860.241 695.626 2236
-855.165 688.471 2213
-858.938 688.471 2213
-859.202 685.671 2204
-860.61 683.804 2198
-861.997 681.937 2192
-865.734 681.937 2192
-866.298 679.449 2184
-868.826 678.515 2181
-870.143 676.649 2175
-873.851 676.649 2175
-877.559 676.649 2175
-880.051 675.715 2172
-883.754 675.715 2172
-887.457 675.715 2172
-887.877 673.227 2164
-889.094 671.36 2158
-892.773 671.36 2158
-896.452 671.36 2158
-898.88 670.427 2155
-902.553 670.427 2155
-902.863 667.938 2147
-906.523 667.938 2147
-910.183 667.938 2147
-912.566 667.005 2144
-916.221 667.005 2144
-919.876 667.005 2144
-923.531 667.005 2144
-926.321 666.382 2142
-927.368 664.516 2136
-931.009 664.516 2136
-934.65 664.516 2136
-936.095 662.96 2131
-937.082 661.094 2125
-940.705 661.094 2125
-942.994 660.16 2122
-946.612 660.16 2122
-949.334 659.538 2120
-952.948 659.538 2120
-956.562 659.538 2120
-960.176 659.538 2120
-957.425 655.183 2106
-961.016 655.183 2106
-964.606 655.183 2106
-968.196 655.183 2106
-970.863 654.56 2104
-974.45 654.56 2104
-974.318 652.072 2096
-974.159 649.583 2088
-977.718 649.583 2088
-982.688 650.516 2091
-986.252 650.516 2091
-989.817 650.516 2091
-994.332 651.138 2093
-997.9 651.138 2093
-1001.47 651.138 2093
-1005.04 651.138 2093
-997.52 643.983 2070
-1001.05 643.983 2070
-1003.12 643.05 2067
-1005.67 642.427 2065
-1000.4 636.828 2047
-1002.41 635.894 2044
-1005.9 635.894 2044
-1008.39 635.272 2042
-1006.92 632.161 2032
-1006.9 629.983 2025
-1010.36 629.983 2025
-1009.8 627.494 2017
-1010.73 625.939 2012
-1013.15 625.317 2010
-1016.58 625.317 2010
-1018.99 624.695 2008
-1020.89 623.761 2005
-1021.75 622.206 2000
-1025.16 622.206 2000
-1024.97 620.028 1993
744.455 1258.94 4069
737.518 1258.94 4069
730.582 1258.94 4069
721.867 1255.84 4059
714.947 1255.84 4059
702.969 1246.87 4030
691.09 1237.9 4001
681.02 1232.02 3982
674.231 1232.02 3982
659.565 1217.48 3935
651.198 1214.38 3925
641.551 1208.81 3907
634.891 1208.81 3907
628.23 1208.81 3907
621.57 1208.81 3907
614.909 1208.81 3907
608.249 1208.81 3907
601.588 1208.81 3907
592.187 1203.24 3889
-20.6017 140.157 453
-21.374 140.157 453
-22.1462 140.157 453
-22.9185 140.157 453
-23.6907 140.157 453
-24.409 139.847 452
-25.1795 139.847 452
-32.2935 131.184 424
-33.0163 131.184 424
-33.7391 131.184 424
-34.3807 130.875 423
-34.9358 130.256 421
-35.6535 130.256 421
-36.1984 129.637 419
-36.5603 128.4 415
-37.0882 127.781 413
-37.7007 127.471 412
-38.4031 127.471 412
-39.1054 127.471 412
-39.6146 126.853 410
-40.2152 126.543 409
-40.9124 126.543 409
-41.5079 126.234 408
-42.1 125.924 407
-42.6887 125.615 406
-43.3808 125.615 406
-44.073 125.615 406
-44.6548 125.306 405
-45.3453 125.306 405
-45.922 124.996 404
-46.6107 124.996 404
-47.2995 124.996 404
-47.9882 124.996 404
-48.5564 124.687 403
-49.2434 124.687 403
-49.8065 124.377 402
-50.4918 124.377 402
-51.1771 124.377 402
-51.8625 124.377 402
-52.417 124.068 401
-53.1007 124.068 401
-53.7843 124.068 401
-54.4679 124.068 401
-55.1515 124.068 401
-55.6958 123.759 400
-56.3777 123.759 400
-57.0596 123.759 400
-57.7415 123.759 400
-58.4234 123.759 400
-59.1053 123.759 400
-59.7872 123.759 400
-60.4691 123.759 400
-61.151 123.759 400
-61.6783 123.449 399
-62.3585 123.449 399
-63.0387 123.449 399
-63.7189 123.449 399
-64.3991 123.449 399
-65.0793 123.449 399
-65.7595 123.449 399
-66.4397 123.449 399
-67.1199 123.449 399
-67.8001 123.449 399
-68.4803 123.449 399
-69.3338 123.759 400
-70.0157 123.759 400
-70.6976 123.759 400
-71.3795 123.759 400
-72.0614 123.759 400
-72.9252 124.068 401
-73.6088 124.068 401
-74.2924 124.068 401
-75.1629 124.377 402
-76.2256 124.996 404
-76.9143 124.996 404
-77.7951 125.306 405
-78.4856 125.306 405
-79.3715 125.615 406
-80.0636 125.615 406
-80.9546 125.924 407
-81.8491 126.234 408
-82.9492 126.853 410
-83.6482 126.853 410
-84.7586 127.471 412
-85.4609 127.471 412
-86.1633 127.471 412
-87.0765 127.781 413
-87.9931 128.09 414
-89.1274 128.709 416
-89.8365 128.709 416
-90.981 129.328 418
-92.1323 129.947 420
-92.8483 129.947 420
-94.2326 130.875 423
-95.4027 131.494 425
-96.5796 132.112 427
-97.3075 132.112 427
-98.4946 132.731 429
-99.4573 133.041 430
-100.19 133.041 430
-101.393 133.659 432
-102.129 133.659 432
-103.104 133.969 433
-103.842 133.969 433
-104.822 134.278 434
-105.805 134.588 435
-106.546 134.588 435
-107.288 134.588 435
-108.526 135.206 437
-109.771 135.825 439
-110.52 135.825 439
-111.268 135.825 439
-112.271 136.135 440
-113.278 136.444 441
-114.03 136.444 441
-115.303 137.063 443
-116.582 137.682 445
-117.34 137.682 445
-118.364 137.991 446
-119.392 138.3 447
-120.154 138.3 447
-120.916 138.3 447
-121.678 138.3 447
-122.44 138.3 447
-123.753 138.919 449
-124.519 138.919 449
-126.4 140.157 453
-127.172 140.157 453
-127.945 140.157 453
-128.717 140.157 453
-129.489 140.157 453
-130.261 140.157 453
-131.034 140.157 453
-838.177 711.922 2301
-844.295 713.778 2307
-848.228 713.778 2307
-852.161 713.778 2307
-853.867 711.922 2301
-855.553 710.066 2295
-859.465 710.066 2295
-862.249 709.137 2292
-864.645 707.9 2288
-866.268 706.043 2282
-870.158 706.043 2282
-868.303 701.402 2267
-860.241 691.811 2236
-855.165 684.695 2213
-858.938 684.695 2213
-859.202 681.91 2204
-860.61 680.054 2198
-861.997 678.198 2192
-865.734 678.198 2192
-866.298 675.723 2184
-868.826 674.794 2181
-868.943 672.01 2172
-872.646 672.01 2172
-876.349 672.01 2172
-880.051 672.01 2172
-882.534 671.082 2169
-886.231 671.082 2169
-887.877 669.535 2164
-889.094 667.678 2158
-891.532 666.75 2155
-895.206 666.75 2155
-898.88 666.75 2155
-901.716 666.131 2153
-902.863 664.275 2147
-906.523 664.275 2147
-910.183 664.275 2147
-912.566 663.347 2144
-916.221 663.347 2144
-919.876 663.347 2144
-922.67 662.728 2142
-925.024 661.8 2139
-927.368 660.871 2136
-931.009 660.871 2136
-933.338 659.943 2133
-936.095 659.325 2131
-937.082 657.468 2125
-940.705 657.468 2125
-942.994 656.54 2122
-946.612 656.54 2122
-949.334 655.921 2120
-952.948 655.921 2120
-956.562 655.921 2120
-960.176 655.921 2120
-957.425 651.59 2106
-961.016 651.59 2106
-964.606 651.59 2106
-968.196 651.59 2106
-970.863 650.971 2104
-974.45 650.971 2104
-974.318 648.496 2096
-974.159 646.02 2088
-977.718 646.02 2088
-982.688 646.949 2091
-986.252 646.949 2091
-989.817 646.949 2091
-993.382 646.949 2091
-996.946 646.949 2091
-1000.51 646.949 2091
-1002.63 646.02 2088
-997.52 640.451 2070
-1001.05 640.451 2070
-1002.15 638.904 2065
-1000.8 635.81 2055
-1000.4 633.335 2047
-1001.43 631.788 2042
-1004.91 631.788 2042
-1004.44 629.313 2034
-1004.44 627.147 2027
-1004.42 624.981 2020
-1007.86 624.981 2020
-1008.8 623.435 2015
-1008.72 621.269 2008
-1010.63 620.341 2005
-1014.05 620.341 2005
-1016.45 619.722 2003
-1017.32 618.175 1998
-1019.71 617.556 1996
-1023.11 617.556 1996
-1021.37 614.462 1986
744.455 1251.99 4069
737.518 1251.99 4069
730.582 1251.99 4069
720.088 1245.84 4049
713.186 1245.84 4049
702.969 1239.99 4030
691.09 1231.07 4001
677.77 1219.38 3963
671.014 1219.38 3963
659.565 1210.76 3935
648.211 1202.15 3907
640.073 1199.38 3898
633.428 1199.38 3898
623.889 1193.84 3880
617.274 1193.84 3880
612.076 1196.61 3889
605.446 1196.61 3889
598.817 1196.61 3889
590.817 1193.84 3880
-20.6017 139.384 453
-21.374 139.384 453
-22.1462 139.384 453
-22.9185 139.384 453
-23.6907 139.384 453
-24.409 139.076 452
-25.1795 139.076 452
-26.6615 138.768 451
-27.4303 138.768 451
-28.1992 138.768 451
-31.7196 131.076 426
-32.4458 131.076 426
-33.172 131.076 426
-33.8187 130.769 425
-34.4619 130.461 424
-35.0188 129.845 422
-35.7382 129.845 422
-36.1984 128.922 419
-36.6484 127.999 416
-37.0882 127.076 413
-37.7007 126.769 412
-38.4031 126.769 412
-39.1054 126.769 412
-39.7112 126.461 411
-40.3135 126.153 410
-41.0125 126.153 410
-41.5079 125.538 408
-42.1 125.23 407
-42.6887 124.922 406
-43.3808 124.922 406
-44.073 124.922 406
-44.7651 124.922 406
-45.3453 124.615 405
-46.0357 124.615 405
-46.7261 124.615 405
-47.2995 124.307 404
-47.9882 124.307 404
-48.6769 124.307 404
-49.3656 124.307 404
-49.9304 123.999 403
-50.4918 123.692 402
-51.1771 123.692 402
-51.8625 123.692 402
-52.5478 123.692 402
-53.2331 123.692 402
-53.7843 123.384 401
-54.4679 123.384 401
-55.1515 123.384 401
-55.8351 123.384 401
-56.3777 123.076 400
-57.0596 123.076 400
-57.7415 123.076 400
-58.4234 123.076 400
-59.1053 123.076 400
-59.7872 123.076 400
-60.4691 123.076 400
-61.151 123.076 400
-61.8329 123.076 400
-62.5148 123.076 400
-63.1967 123.076 400
-63.8786 123.076 400
-64.5605 123.076 400
-65.2424 123.076 400
-65.9243 123.076 400
-66.6062 123.076 400
-67.2881 123.076 400
-67.97 123.076 400
-68.6519 123.076 400
-69.3338 123.076 400
-70.0157 123.076 400
-70.6976 123.076 400
-71.3795 123.076 400
-72.2416 123.384 401
-72.9252 123.384 401
-73.7923 123.692 402
-74.4776 123.692 402
-75.3499 123.999 403
-76.2256 124.307 404
-76.9143 124.307 404
-77.7951 124.615 405
-78.4856 124.615 405
-79.3715 124.922 406
-80.0636 124.922 406
-80.9546 125.23 407
-81.8491 125.538 408
-82.9492 126.153 410
-83.6482 126.153 410
-84.7586 126.769 412
-85.4609 126.769 412
-86.1633 126.769 412
-87.0765 127.076 413
-87.9931 127.384 414
-89.1274 127.999 416
-89.8365 127.999 416
-90.981 128.615 418
-92.1323 129.23 420
-92.8483 129.23 420
-94.2326 130.153 423
-95.4027 130.769 425
-96.5796 131.384 427
-97.3075 131.384 427
-98.4946 131.999 429
-99.6886 132.615 431
-100.423 132.615 431
-101.393 132.922 432
-102.366 133.23 433
-103.342 133.538 434
-104.082 133.538 434
-105.063 133.845 435
-106.048 134.153 436
-106.791 134.153 436
-108.028 134.768 438
-109.023 135.076 439
-109.771 135.076 439
-110.52 135.076 439
-111.521 135.384 440
-112.271 135.384 440
-113.535 135.999 442
-114.289 135.999 442
-115.823 136.922 445
-116.844 137.23 446
-117.604 137.23 446
-118.364 137.23 446
-119.392 137.538 447
-120.154 137.538 447
-120.916 137.538 447
-121.678 137.538 447
-122.714 137.845 448
-123.753 138.153 449
-124.519 138.153 449
-126.4 139.384 453
-127.172 139.384 453
-127.945 139.384 453
-128.717 139.384 453
-129.489 139.384 453
-130.261 139.384 453
-131.034 139.384 453
-838.177 707.996 2301
-844.295 709.842 2307
-848.228 709.842 2307
-852.161 709.842 2307
-853.867 707.996 2301
-855.553 706.15 2295
-859.465 706.15 2295
-862.249 705.227 2292
-864.645 703.996 2288
-866.268 702.15 2282
-870.158 702.15 2282
-868.303 697.535 2267
-860.241 687.996 2236
-852.847 679.073 2207
-856.609 679.073 2207
-858.032 677.227 2201
-860.61 676.304 2198
-859.638 672.612 2186
-863.365 672.612 2186
-866.298 671.996 2184
-866.436 669.227 2175
-868.943 668.304 2172
-872.646 668.304 2172
-876.349 668.304 2172
-880.051 668.304 2172
-882.534 667.381 2169
-886.231 667.381 2169
-887.877 665.843 2164
-889.094 663.996 2158
-891.532 663.073 2155
-895.206 663.073 2155
-898.88 663.073 2155
-901.716 662.458 2153
-902.863 660.612 2147
-906.523 660.612 2147
-910.183 660.612 2147
-912.566 659.689 2144
-916.221 659.689 2144
-919.876 659.689 2144
-922.67 659.073 2142
-925.024 658.15 2139
-927.368 657.227 2136
-931.009 657.227 2136
-933.338 656.304 2133
-936.095 655.689 2131
-937.082 653.843 2125
-940.705 653.843 2125
-942.994 652.92 2122
-944.381 651.381 2117
-947.99 651.381 2117
-951.599 651.381 2117
-955.208 651.381 2117
-957.458 650.458 2114
-957.425 647.997 2106
-961.016 647.997 2106
-964.606 647.997 2106
-968.196 647.997 2106
-969.479 646.458 2101
-973.061 646.458 2101
-974.318 644.92 2096
-974.159 642.458 2088
-977.718 642.458 2088
-981.278 642.458 2088
-984.837 642.458 2088
-988.397 642.458 2088
-991.956 642.458 2088
-995.516 642.458 2088
-997.64 641.535 2085
-997.833 639.381 2078
-995.111 635.381 2065
-998.631 635.381 2065
-997.298 632.304 2055
-997.88 630.458 2049
-996.485 627.381 2039
-997.509 625.843 2034
-1000.98 625.843 2034
-1000.99 623.689 2027
-1000.97 621.535 2020
-1000.44 619.074 2012
-1003.87 619.074 2012
-1003.8 616.92 2005
-1006.21 616.304 2003
-1007.1 614.766 1998
-1010.51 614.766 1998
-1013.92 614.766 1998
-1014.78 613.227 1993
-1015.62 611.689 1988
-1019.01 611.689 1988
-1018.8 609.535 1981
744.455 1245.05 4069
737.518 1245.05 4069
730.582 1245.05 4069
720.088 1238.93 4049
713.186 1238.93 4049
701.225 1230.06 4020
689.362 1221.18 3991
677.77 1212.62 3963
671.014 1212.62 3963
659.565 1204.05 3935
651.198 1200.99 3925
641.551 1195.48 3907
634.891 1195.48 3907
623.889 1187.22 3880
617.274 1187.22 3880
610.66 1187.22 3880
604.045 1187.22 3880
-21.4684 139.223 455
-22.244 139.223 455
-23.0197 139.223 455
-23.743 138.917 454
-24.517 138.917 454
-25.2909 138.917 454
-26.0649 138.917 454
-26.7797 138.611 453
-27.4912 138.305 452
-28.1992 137.999 451
-31.7196 130.349 426
-32.4458 130.349 426
-33.172 130.349 426
-33.8187 130.043 425
-34.4619 129.737 424
-35.0188 129.125 422
-35.7382 129.125 422
-36.1984 128.208 419
-36.6484 127.29 416
-37.0882 126.372 413
-37.7007 126.066 412
-38.4031 126.066 412
-39.1054 126.066 412
-39.7112 125.76 411
-40.3135 125.454 410
-41.0125 125.454 410
-41.5079 124.842 408
-42.1 124.536 407
-42.7939 124.536 407
-43.4877 124.536 407
-44.073 124.23 406
-44.7651 124.23 406
-45.4572 124.23 406
-46.0357 123.924 405
-46.7261 123.924 405
-47.4165 123.924 405
-48.107 123.924 405
-48.6769 123.618 404
-49.3656 123.618 404
-50.0543 123.618 404
-50.6174 123.312 403
-51.1771 123.006 402
-51.8625 123.006 402
-52.5478 123.006 402
-53.2331 123.006 402
-53.9184 123.006 402
-54.6037 123.006 402
-55.1515 122.7 401
-55.8351 122.7 401
-56.5187 122.7 401
-57.2023 122.7 401
-57.8859 122.7 401
-58.5695 122.7 401
-59.2531 122.7 401
-59.9367 122.7 401
-60.6203 122.7 401
-61.151 122.394 400
-61.8329 122.394 400
-62.5148 122.394 400
-63.1967 122.394 400
-63.8786 122.394 400
-64.5605 122.394 400
-65.4055 122.7 401
-66.0891 122.7 401
-66.7727 122.7 401
-67.4563 122.7 401
-68.1399 122.7 401
-68.8235 122.7 401
-69.5071 122.7 401
-70.1908 122.7 401
-70.8744 122.7 401
-71.558 122.7 401
-72.2416 122.7 401
-73.107 123.006 402
-73.9759 123.312 403
-74.6629 123.312 403
-75.5369 123.618 404
-76.4143 123.924 405
-77.1047 123.924 405
-77.7951 123.924 405
-78.6794 124.23 406
-79.3715 124.23 406
-80.0636 124.23 406
-81.1535 124.842 408
-82.0497 125.148 409
-82.9492 125.454 410
-83.6482 125.454 410
-84.7586 126.066 412
-85.4609 126.066 412
-86.1633 126.066 412
-87.0765 126.372 413
-87.9931 126.678 414
-89.3416 127.596 417
-90.0525 127.596 417
-91.1987 128.208 419
-92.7904 129.431 423
-93.5115 129.431 423
-94.6782 130.043 425
-95.6272 130.349 426
-96.5796 130.655 427
-97.5354 130.961 428
-98.7242 131.573 430
-99.6886 131.879 431
-100.423 131.879 431
-101.393 132.185 432
-102.366 132.491 433
-103.342 132.797 434
-104.082 132.797 434
-105.063 133.103 435
-106.048 133.409 436
-106.791 133.409 436
-108.028 134.021 438
-109.023 134.327 439
-109.771 134.327 439
-110.52 134.327 439
-111.521 134.633 440
-112.271 134.633 440
-113.535 135.245 442
-114.289 135.245 442
-115.823 136.163 445
-116.844 136.469 446
-117.604 136.469 446
-118.364 136.469 446
-119.392 136.775 447
-120.154 136.775 447
-120.916 136.775 447
-121.678 136.775 447
-122.714 137.081 448
-124.304 137.999 451
-125.073 137.999 451
-126.679 138.917 454
-127.453 138.917 454
-128.227 138.917 454
-129.001 138.917 454
-129.775 138.917 454
-130.549 138.917 454
-131.034 138.611 453
-845.759 707.13 2311
-849.699 707.13 2311
-853.638 707.13 2311
-857.578 707.13 2311
-857.79 704.07 2301
-861.712 704.07 2301
-863.378 702.235 2295
-864.645 700.093 2288
-866.268 698.257 2282
-870.158 698.257 2282
-868.303 693.667 2267
-859.087 683.263 2233
-852.847 675.308 2207
-856.609 675.308 2207
-858.032 673.472 2201
-860.61 672.554 2198
-860.818 669.8 2189
-864.549 669.8 2189
-867.091 668.882 2186
-866.436 665.516 2175
-868.943 664.598 2172
-872.646 664.598 2172
-876.349 664.598 2172
-878.836 663.68 2169
-882.534 663.68 2169
-886.231 663.68 2169
-887.877 662.151 2164
-887.858 659.397 2155
-890.705 658.785 2153
-894.375 658.785 2153
-898.045 658.785 2153
-901.716 658.785 2153
-902.863 656.949 2147
-906.523 656.949 2147
-908.911 656.031 2144
-912.566 656.031 2144
-915.366 655.419 2142
-919.018 655.419 2142
-921.377 654.501 2139
-923.726 653.583 2136
-926.065 652.665 2133
-929.701 652.665 2133
-932.463 652.053 2131
-934.778 651.135 2128
-935.759 649.299 2122
-939.377 649.299 2122
-942.994 649.299 2122
-944.381 647.769 2117
-947.99 647.769 2117
-951.599 647.769 2117
-955.208 647.769 2117
-957.458 646.851 2114
-957.425 644.403 2106
-961.016 644.403 2106
-964.606 644.403 2106
-968.196 644.403 2106
-969.479 642.874 2101
-973.061 642.874 2101
-974.318 641.344 2096
-974.159 638.896 2088
-977.718 638.896 2088
-981.278 638.896 2088
-984.837 638.896 2088
-988.397 638.896 2088
-991.956 638.896 2088
-995.516 638.896 2088
-997.64 637.978 2085
-997.833 635.836 2078
-995.111 631.858 2065
-998.631 631.858 2065
-997.298 628.798 2055
-997.88 626.962 2049
-992.087 621.149 2030
-990.643 618.089 2020
-994.087 618.089 2020
-993.58 615.641 2012
-996.019 615.029 2010
-996.959 613.499 2005
-1000.38 613.499 2005
-1000.29 611.357 1998
-1001.19 609.827 1993
-1003.57 609.215 1991
-1006.97 609.215 1991
-1008.84 608.297 1988
-1011.21 607.685 1986
-1012.04 606.155 1981
-1015.42 606.155 1981
-1017.77 605.543 1979
744.455 1238.11 4069
737.518 1238.11 4069
730.582 1238.11 4069
720.088 1232.02 4049
713.186 1232.02 4049
701.225 1223.2 4020
689.362 1214.38 3991
677.77 1205.86 3963
671.014 1205.86 3963
659.565 1197.34 3935
651.198 1194.29 3925
641.551 1188.82 3907
634.891 1188.82 3907
623.889 1180.6 3880
617.274 1180.6 3880
610.66 1180.6 3880
604.045 1180.6 3880
-21.4684 138.447 455
-22.244 138.447 455
-23.0197 138.447 455
-23.7953 138.447 455
-24.517 138.142 454
-25.2909 138.142 454
-26.0649 138.142 454
-26.7797 137.838 453
-27.4912 137.534 452
-28.1992 137.23 451
-30.9934 129.623 426
-31.7196 129.623 426
-32.4458 129.623 426
-33.172 129.623 426
-33.8983 129.623 426
-34.4619 129.014 424
-35.1847 129.014 424
-35.9076 129.014 424
-36.3712 128.101 421
-36.9127 127.493 419
-37.178 125.971 414
-37.7922 125.667 413
-38.4963 125.667 413
-39.1054 125.363 412
-39.7112 125.058 411
-40.4118 125.058 411
-41.1125 125.058 411
-41.7114 124.754 410
-42.2035 124.146 408
-42.7939 123.841 407
-43.4877 123.841 407
-44.073 123.537 406
-44.7651 123.537 406
-45.4572 123.537 406
-46.0357 123.233 405
-46.7261 123.233 405
-47.4165 123.233 405
-48.107 123.233 405
-48.6769 122.928 404
-49.3656 122.928 404
-50.0543 122.928 404
-50.6174 122.624 403
-51.1771 122.32 402
-51.8625 122.32 402
-52.5478 122.32 402
-53.2331 122.32 402
-53.9184 122.32 402
-54.6037 122.32 402
-55.1515 122.016 401
-55.8351 122.016 401
-56.5187 122.016 401
-57.2023 122.016 401
-57.8859 122.016 401
-58.5695 122.016 401
-59.2531 122.016 401
-59.9367 122.016 401
-60.6203 122.016 401
-61.3039 122.016 401
-61.9875 122.016 401
-62.6711 122.016 401
-63.3547 122.016 401
-64.0383 122.016 401
-64.7219 122.016 401
-65.4055 122.016 401
-66.0891 122.016 401
-66.7727 122.016 401
-67.4563 122.016 401
-68.1399 122.016 401
-68.8235 122.016 401
-69.5071 122.016 401
-70.1908 122.016 401
-70.8744 122.016 401
-71.558 122.016 401
-72.4217 122.32 402
-73.107 122.32 402
-73.9759 122.624 403
-74.6629 122.624 403
-75.5369 122.928 404
-76.4143 123.233 405
-77.1047 123.233 405
-77.7951 123.233 405
-78.6794 123.537 406
-79.3715 123.537 406
-80.0636 123.537 406
-81.1535 124.146 408
-82.2503 124.754 410
-82.9492 124.754 410
-83.6482 124.754 410
-84.7586 125.363 412
-85.4609 125.363 412
-86.1633 125.363 412
-87.0765 125.667 413
-87.9931 125.971 414
-89.3416 126.884 417
-90.0525 126.884 417
-91.1987 127.493 419
-93.2291 129.318 425
-93.9537 129.318 425
-94.901 129.623 426
-95.8517 129.927 427
-96.5796 129.927 427
-97.9912 130.84 430
-99.1834 131.448 432
-99.9198 131.448 432
-100.656 131.448 432
-101.627 131.753 433
-102.366 131.753 433
-103.342 132.057 434
-104.082 132.057 434
-105.305 132.665 436
-106.534 133.274 438
-107.281 133.274 438
-108.274 133.578 439
-109.023 133.578 439
-110.021 133.883 440
-110.771 133.883 440
-111.521 133.883 440
-112.271 133.883 440
-114.049 135.1 444
-114.806 135.1 444
-116.083 135.708 446
-116.844 135.708 446
-117.604 135.708 446
-118.63 136.012 447
-119.392 136.012 447
-120.154 136.012 447
-120.916 136.012 447
-121.95 136.317 448
-122.714 136.317 448
-124.304 137.23 451
-125.073 137.23 451
-126.679 138.142 454
-127.453 138.142 454
-128.227 138.142 454
-129.001 138.142 454
-129.775 138.142 454
-130.549 138.142 454
-131.034 137.838 453
-845.759 703.187 2311
-849.699 703.187 2311
-853.638 703.187 2311
-857.578 703.187 2311
-857.79 700.145 2301
-861.712 700.145 2301
-863.378 698.319 2295
-864.645 696.189 2288
-866.268 694.363 2282
-870.158 694.363 2282
-867.154 688.886 2264
-857.933 678.541 2230
-852.847 671.542 2207
-856.609 671.542 2207
-856.863 668.804 2198
-859.435 667.891 2195
-861.997 666.978 2192
-865.734 666.978 2192
-868.281 666.066 2189
-867.631 662.718 2178
-870.143 661.806 2175
-873.851 661.806 2175
-876.349 660.893 2172
-878.836 659.98 2169
-881.72 659.371 2167
-885.414 659.371 2167
-886.646 657.546 2161
-887.034 655.112 2153
-890.705 655.112 2153
-894.375 655.112 2153
-896.794 654.199 2150
-900.459 654.199 2150
-901.601 652.373 2144
-905.256 652.373 2144
-908.063 651.764 2142
-911.715 651.764 2142
-915.366 651.764 2142
-919.018 651.764 2142
-920.085 649.939 2136
-922.429 649.026 2133
-925.197 648.417 2131
-928.83 648.417 2131
-931.15 647.505 2128
-932.142 645.679 2122
-934.878 645.07 2120
-938.492 645.07 2120
-940.772 644.157 2117
-942.151 642.636 2112
-945.751 642.636 2112
-949.352 642.636 2112
-952.952 642.636 2112
-956.553 642.636 2112
-957.425 640.81 2106
-961.016 640.81 2106
-962.316 639.289 2101
-965.897 639.289 2101
-968.095 638.376 2098
-971.671 638.376 2098
-972.924 636.855 2093
-971.826 633.812 2083
-975.377 633.812 2083
-978.928 633.812 2083
-982.479 633.812 2083
-986.03 633.812 2083
-989.581 633.812 2083
-993.132 633.812 2083
-994.291 632.291 2078
-993.991 629.856 2070
-988.846 624.379 2052
-992.344 624.379 2052
-990.99 621.337 2042
-992.036 619.815 2037
-992.087 617.685 2030
-990.643 614.642 2020
-994.087 614.642 2020
-993.58 612.208 2012
-996.019 611.6 2010
-996.959 610.078 2005
-1000.38 610.078 2005
-1000.29 607.948 1998
-1001.19 606.427 1993
-1003.57 605.818 1991
-1006.97 605.818 1991
-1008.84 604.906 1988
-1011.21 604.297 1986
-1012.04 602.776 1981
-1015.42 602.776 1981
-1017.77 602.167 1979
744.455 1231.17 4069
737.518 1231.17 4069
730.582 1231.17 4069
720.088 1225.12 4049
713.186 1225.12 4049
701.225 1216.34 4020
689.362 1207.57 3991
677.77 1199.09 3963
671.014 1199.09 3963
659.565 1190.62 3935
651.198 1187.6 3925
641.551 1182.15 3907
634.891 1182.15 3907
-21.4684 137.67 455
-22.244 137.67 455
-23.0197 137.67 455
-23.7953 137.67 455
-24.517 137.368 454
-25.2909 137.368 454
-26.0649 137.368 454
-26.7797 137.065 453
-27.4912 136.763 452
-28.1992 136.46 451
-28.9038 136.158 450
-29.6709 136.158 450
-29.2206 130.711 432
-29.957 130.711 432
-30.6935 130.711 432
-31.1389 129.501 428
-31.7196 128.896 426
-32.4458 128.896 426
-33.172 128.896 426
-33.8983 128.896 426
-34.6245 128.896 426
-35.3507 128.896 426
-35.9076 128.291 424
-36.3712 127.383 421
-36.9127 126.778 419
-37.3576 125.87 416
-38.0668 125.87 416
-38.5895 125.265 414
-39.2004 124.962 413
-39.8078 124.66 412
-40.4118 124.357 411
-41.1125 124.357 411
-41.8131 124.357 411
-42.3069 123.752 409
-42.899 123.45 408
-43.5945 123.45 408
-44.1815 123.147 407
-44.7651 122.844 406
-45.4572 122.844 406
-46.1494 122.844 406
-46.8415 122.844 406
-47.4165 122.542 405
-48.107 122.542 405
-48.7974 122.542 405
-49.4878 122.542 405
-50.1782 122.542 405
-50.743 122.239 404
-51.3045 121.937 403
-51.9915 121.937 403
-52.5478 121.634 402
-53.2331 121.634 402
-53.9184 121.634 402
-54.6037 121.634 402
-55.289 121.634 402
-55.8351 121.332 401
-56.5187 121.332 401
-57.2023 121.332 401
-57.8859 121.332 401
-58.5695 121.332 401
-59.2531 121.332 401
-59.9367 121.332 401
-60.6203 121.332 401
-61.3039 121.332 401
-61.9875 121.332 401
-62.6711 121.332 401
-63.3547 121.332 401
-64.0383 121.332 401
-64.7219 121.332 401
-65.4055 121.332 401
-66.0891 121.332 401
-66.7727 121.332 401
-67.4563 121.332 401
-68.1399 121.332 401
-68.8235 121.332 401
-69.5071 121.332 401
-70.1908 121.332 401
-70.8744 121.332 401
-71.558 121.332 401
-72.4217 121.634 402
-73.107 121.634 402
-73.9759 121.937 403
-74.6629 121.937 403
-75.5369 122.239 404
-76.4143 122.542 405
-77.1047 122.542 405
-77.9872 122.844 406
-78.6794 122.844 406
-79.567 123.147 407
-80.2608 123.147 407
-81.5514 124.055 410
-82.2503 124.055 410
-82.9492 124.055 410
-84.0562 124.66 412
-84.7586 124.66 412
-85.4609 124.66 412
-86.1633 124.66 412
-87.0765 124.962 413
-87.9931 125.265 414
-89.3416 126.173 417
-90.0525 126.173 417
-91.1987 126.778 419
-93.4485 128.896 426
-94.1747 128.896 426
-95.1237 129.198 427
-96.0761 129.501 428
-96.8058 129.501 428
-98.2191 130.409 431
-99.1834 130.711 432
-100.151 131.014 433
-100.889 131.014 433
-101.627 131.014 433
-102.602 131.316 434
-103.342 131.316 434
-104.082 131.316 434
-105.305 131.922 436
-106.534 132.527 438
-107.281 132.527 438
-108.274 132.829 439
-109.271 133.132 440
-110.021 133.132 440
-110.771 133.132 440
-111.521 133.132 440
-112.527 133.434 441
-114.049 134.342 444
-115.065 134.645 445
-116.083 134.947 446
-117.106 135.25 447
-117.868 135.25 447
-118.63 135.25 447
-119.659 135.552 448
-120.423 135.552 448
-121.186 135.552 448
-122.222 135.855 449
-123.262 136.158 450
-124.304 136.46 451
-125.073 136.46 451
-126.679 137.368 454
-127.453 137.368 454
-128.227 137.368 454
-129.001 137.368 454
-129.775 137.368 454
-130.549 137.368 454
-845.759 699.245 2311
-849.699 699.245 2311
-853.638 699.245 2311
-857.578 699.245 2311
-857.79 696.219 2301
-861.712 696.219 2301
-863.378 694.404 2295
-864.645 692.286 2288
-866.268 690.47 2282
-870.158 690.47 2282
-867.154 685.024 2264
-857.933 674.736 2230
-852.847 667.777 2207
-856.609 667.777 2207
-856.863 665.054 2198
-859.435 664.146 2195
-861.997 663.239 2192
-865.734 663.239 2192
-868.281 662.331 2189
-867.631 659.003 2178
-870.143 658.095 2175
-873.851 658.095 2175
-876.349 657.187 2172
-878.836 656.279 2169
-881.72 655.674 2167
-885.414 655.674 2167
-886.646 653.859 2161
-887.034 651.438 2153
-889.464 650.531 2150
-893.129 650.531 2150
-895.543 649.623 2147
-899.203 649.623 2147
-900.76 648.11 2142
-904.412 648.11 2142
-906.791 647.202 2139
-910.438 647.202 2139
-912.802 646.294 2136
-916.444 646.294 2136
-918.793 645.387 2133
-921.564 644.782 2131
-923.894 643.874 2128
-927.522 643.874 2128
-929.837 642.966 2125
-931.263 641.453 2120
-932.232 639.638 2114
-935.835 639.638 2114
-939.439 639.638 2114
-942.151 639.033 2112
-943.065 637.217 2106
-946.655 637.217 2106
-950.245 637.217 2106
-953.835 637.217 2106
-953.788 634.797 2098
-957.365 634.797 2098
-960.941 634.797 2098
-964.518 634.797 2098
-967.172 634.192 2096
-970.745 634.192 2096
-968.275 630.258 2083
-970.426 629.35 2080
-973.972 629.35 2080
-977.518 629.35 2080
-981.064 629.35 2080
-984.61 629.35 2080
-988.156 629.35 2080
-991.702 629.35 2080
-990.463 626.325 2070
-990.15 623.904 2062
-984.027 617.853 2042
-987.508 617.853 2042
-985.166 614.222 2030
-987.165 613.314 2027
-987.2 611.196 2020
-986.72 608.776 2012
-990.15 608.776 2012
-992.592 608.17 2010
-993.541 606.658 2005
-993.479 604.54 1998
-996.885 604.54 1998
-997.788 603.027 1993
-998.674 601.514 1988
-1002.06 601.514 1988
-1005.45 601.514 1988
-1006.81 600.304 1984
-1008.67 599.396 1981
-1012.04 599.396 1981
-1015.42 599.396 1981
-1015.2 597.278 1974
744.455 1224.22 4069
737.518 1224.22 4069
730.582 1224.22 4069
718.31 1215.2 4039
711.424 1215.2 4039
-21.4684 136.894 455
-22.244 136.894 455
-23.0197 136.894 455
-23.7953 136.894 455
-24.517 136.593 454
-25.2909 136.593 454
-26.0649 136.593 454
-26.7797 136.292 453
-27.4912 135.992 452
-28.2617 135.992 452
-29.0323 135.992 452
-29.6709 135.39 450
-29.2206 129.974 432
-29.957 129.974 432
-30.6935 129.974 432
-31.1389 128.771 428
-31.7941 128.47 427
-32.522 128.47 427
-33.172 128.169 426
-33.8983 128.169 426
-34.6245 128.169 426
-35.3507 128.169 426
-35.9076 127.567 424
-36.3712 126.665 421
-36.9127 126.063 419
-37.4474 125.461 417
-38.1583 125.461 417
-38.5895 124.559 414
-39.2004 124.258 413
-39.8078 123.957 412
-40.4118 123.656 411
-41.1125 123.656 411
-41.8131 123.656 411
-42.4103 123.355 410
-42.899 122.753 408
-43.5945 122.753 408
-44.2901 122.753 408
-44.8754 122.453 407
-45.4572 122.152 406
-46.1494 122.152 406
-46.8415 122.152 406
-47.5336 122.152 406
-48.2257 122.152 406
-48.9179 122.152 406
-49.61 122.152 406
-50.1782 121.851 405
-50.8686 121.851 405
-51.4318 121.55 404
-52.1205 121.55 404
-52.6785 121.249 403
-53.3655 121.249 403
-54.0525 121.249 403
-54.7395 121.249 403
-55.289 120.948 402
-55.9743 120.948 402
-56.6596 120.948 402
-57.3449 120.948 402
-58.0302 120.948 402
-58.7155 120.948 402
-59.2531 120.647 401
-59.9367 120.647 401
-60.6203 120.647 401
-61.3039 120.647 401
-61.9875 120.647 401
-62.6711 120.647 401
-63.3547 120.647 401
-64.0383 120.647 401
-64.7219 120.647 401
-65.4055 120.647 401
-66.0891 120.647 401
-66.7727 120.647 401
-67.4563 120.647 401
-68.1399 120.647 401
-68.8235 120.647 401
-69.5071 120.647 401
-70.1908 120.647 401
-71.0511 120.948 402
-71.7364 120.948 402
-72.4217 120.948 402
-73.2889 121.249 403
-73.9759 121.249 403
-74.8482 121.55 404
-75.7239 121.851 405
-76.4143 121.851 405
-77.1047 121.851 405
-77.9872 122.152 406
-78.6794 122.152 406
-79.567 122.453 407
-80.2608 122.453 407
-81.5514 123.355 410
-82.2503 123.355 410
-82.9492 123.355 410
-84.0562 123.957 412
-84.7586 123.957 412
-85.4609 123.957 412
-86.1633 123.957 412
-87.0765 124.258 413
-87.9931 124.559 414
-89.3416 125.461 417
-90.0525 125.461 417
-91.1987 126.063 419
-93.4485 128.169 426
-94.1747 128.169 426
-95.1237 128.47 427
-96.0761 128.771 428
-96.8058 128.771 428
-98.2191 129.673 431
-99.1834 129.974 432
-100.151 130.275 433
-100.889 130.275 433
-101.627 130.275 433
-102.602 130.576 434
-103.342 130.576 434
-104.322 130.877 435
-105.788 131.779 438
-106.778 132.08 439
-107.526 132.08 439
-108.521 132.381 440
-109.271 132.381 440
-110.271 132.682 441
-111.023 132.682 441
-111.775 132.682 441
-112.782 132.983 442
-114.049 133.585 444
-115.323 134.186 446
-116.344 134.487 447
-117.106 134.487 447
-117.868 134.487 447
-118.63 134.487 447
-119.659 134.788 448
-120.423 134.788 448
-121.186 134.788 448
-122.222 135.089 449
-123.262 135.39 450
-124.304 135.691 451
-125.073 135.691 451
-125.842 135.691 451
-845.759 695.302 2311
-849.699 695.302 2311
-853.638 695.302 2311
-853.867 692.293 2301
-855.553 690.488 2295
-859.465 690.488 2295
-860.744 688.382 2288
-862.378 686.577 2282
-862.851 683.869 2273
-866.726 683.869 2273
-862.175 677.25 2251
-854.47 668.224 2221
-851.687 663.109 2204
-855.445 663.109 2204
-856.863 661.304 2198
-859.435 660.401 2195
-861.997 659.499 2192
-865.734 659.499 2192
-868.281 658.596 2189
-867.631 655.287 2178
-870.143 654.384 2175
-873.851 654.384 2175
-876.349 653.481 2172
-878.836 652.579 2169
-881.72 651.977 2167
-885.414 651.977 2167
-886.646 650.172 2161
-887.034 647.765 2153
-889.464 646.862 2150
-893.129 646.862 2150
-895.543 645.96 2147
-899.203 645.96 2147
-900.76 644.456 2142
-904.412 644.456 2142
-906.791 643.553 2139
-910.438 643.553 2139
-912.802 642.65 2136
-916.444 642.65 2136
-918.793 641.748 2133
-921.564 641.146 2131
-923.894 640.243 2128
-927.522 640.243 2128
-929.837 639.341 2125
-931.263 637.836 2120
-932.232 636.031 2114
-935.835 636.031 2114
-939.439 636.031 2114
-942.151 635.43 2112
-943.065 633.624 2106
-946.655 633.624 2106
-950.245 633.624 2106
-953.835 633.624 2106
-952.879 630.616 2096
-956.452 630.616 2096
-960.025 630.616 2096
-962.219 629.713 2093
-965.787 629.713 2093
-969.355 629.713 2093
-968.275 626.704 2083
-969.493 625.2 2078
-973.036 625.2 2078
-976.578 625.2 2078
-980.121 625.2 2078
-980.823 623.395 2072
-983.405 622.793 2070
-986.934 622.793 2070
-986.635 620.386 2062
-985.348 617.378 2052
-978.245 610.758 2030
-981.705 610.758 2030
-983.71 609.856 2027
-981.321 606.245 2015
-983.29 605.343 2012
-986.72 605.343 2012
-986.705 603.237 2005
-989.136 602.635 2003
-990.073 601.131 1998
-990.993 599.626 1993
-994.39 599.626 1993
-996.786 599.025 1991
-996.664 596.919 1984
-1000.05 596.919 1984
-1003.43 596.919 1984
-1005.29 596.016 1981
-1006.63 594.813 1977
-1008.47 593.91 1974
-1011.83 593.91 1974
-1014.17 593.308 1972
-21.4684 136.118 455
-22.244 136.118 455
-23.0197 136.118 455
-23.7953 136.118 455
-24.517 135.819 454
-25.2909 135.819 454
-26.0649 135.819 454
-26.7797 135.52 453
-27.4912 135.22 452
-28.2617 135.22 452
-29.0323 135.22 452
-29.6709 134.622 450
-29.2206 129.237 432
-29.957 129.237 432
-30.6935 129.237 432
-31.1389 128.041 428
-31.7941 127.741 427
-32.522 127.741 427
-33.172 127.442 426
-33.8983 127.442 426
-34.6245 127.442 426
-35.3507 127.442 426
-35.9076 126.844 424
-36.3712 125.946 421
-36.9127 125.348 419
-37.4474 124.75 417
-38.1583 124.75 417
-38.5895 123.852 414
-39.2004 123.553 413
-39.8078 123.254 412
-40.4118 122.955 411
-41.1125 122.955 411
-41.8131 122.955 411
-42.4103 122.656 410
-43.1093 122.656 410
-43.8082 122.656 410
-44.2901 122.057 408
-44.9856 122.057 408
-45.6811 122.057 408
-46.3767 122.057 408
-46.9569 121.758 407
-47.6507 121.758 407
-48.3445 121.758 407
-49.0383 121.758 407
-49.61 121.459 406
-50.3021 121.459 406
-50.8686 121.16 405
-51.5591 121.16 405
-52.2495 121.16 405
-52.8092 120.861 404
-53.4979 120.861 404
-54.0525 120.562 403
-54.7395 120.562 403
-55.4265 120.562 403
-56.1135 120.562 403
-56.6596 120.262 402
-57.3449 120.262 402
-58.0302 120.262 402
-58.7155 120.262 402
-59.4008 120.262 402
-60.0862 120.262 402
-60.7715 120.262 402
-61.3039 119.963 401
-61.9875 119.963 401
-62.6711 119.963 401
-63.3547 119.963 401
-64.0383 119.963 401
-64.7219 119.963 401
-65.4055 119.963 401
-66.0891 119.963 401
-66.9392 120.262 402
-67.6245 120.262 402
-68.3099 120.262 402
-68.9952 120.262 402
-69.6805 120.262 402
-70.3658 120.262 402
-71.0511 120.262 402
-71.7364 120.262 402
-72.6019 120.562 403
-73.4707 120.861 404
-74.1595 120.861 404
-75.0334 121.16 405
-75.7239 121.16 405
-76.603 121.459 406
-77.2951 121.459 406
-77.9872 121.459 406
-78.8731 121.758 407
-79.958 122.356 409
-80.6552 122.356 409
-81.5514 122.656 410
-82.4509 122.955 411
-83.1516 122.955 411
-84.0562 123.254 412
-84.7586 123.254 412
-85.6684 123.553 413
-86.3724 123.553 413
-87.2873 123.852 414
-88.4182 124.451 416
-89.3416 124.75 417
-90.4844 125.348 419
-92.0693 126.545 423
-93.4485 127.442 426
-94.1747 127.442 426
-95.1237 127.741 427
-96.0761 128.041 428
-96.8058 128.041 428
-98.4469 129.237 432
-99.1834 129.237 432
-100.151 129.536 433
-100.889 129.536 433
-101.627 129.536 433
-102.602 129.835 434
-103.342 129.835 434
-104.322 130.135 435
-105.788 131.032 438
-106.778 131.331 439
-107.526 131.331 439
-108.521 131.63 440
-109.271 131.63 440
-110.271 131.93 441
-111.023 131.93 441
-111.775 131.93 441
-112.782 132.229 442
-113.535 132.229 442
-115.323 133.425 446
-116.344 133.725 447
-117.106 133.725 447
-117.868 133.725 447
-118.63 133.725 447
-119.659 134.024 448
-120.423 134.024 448
-121.186 134.024 448
-122.222 134.323 449
-123.262 134.622 450
-124.304 134.921 451
-125.073 134.921 451
-125.842 134.921 451
-839.904 686.573 2295
-843.816 686.573 2295
-847.728 686.573 2295
-845.703 681.786 2279
-849.588 681.786 2279
-853.474 681.786 2279
-857.359 681.786 2279
-857.843 679.094 2270
-854.5 673.409 2251
-858.337 673.409 2251
-850.684 664.435 2221
-844.468 656.656 2195
-847.05 655.759 2192
-850.787 655.759 2192
-854.524 655.759 2192
-858.261 655.759 2192
-860.818 654.862 2189
-864.549 654.862 2189
-867.091 653.964 2186
-868.826 652.468 2181
-870.143 650.673 2175
-873.851 650.673 2175
-876.349 649.776 2172
-878.836 648.878 2169
-881.72 648.28 2167
-885.414 648.28 2167
-886.646 646.485 2161
-885.798 643.194 2150
-889.464 643.194 2150
-893.129 643.194 2150
-895.543 642.297 2147
-897.946 641.399 2144
-899.499 639.904 2139
-903.145 639.904 2139
-906.791 639.904 2139
-909.161 639.006 2136
-912.802 639.006 2136
-916.444 639.006 2136
-918.793 638.109 2133
-918.969 635.715 2125
-922.592 635.715 2125
-926.215 635.715 2125
-928.524 634.818 2122
-931.263 634.219 2120
-931.35 631.826 2112
-934.95 631.826 2112
-938.55 631.826 2112
-942.151 631.826 2112
-943.065 630.031 2106
-946.655 630.031 2106
-950.245 630.031 2106
-953.835 630.031 2106
-952.879 627.04 2096
-956.452 627.04 2096
-960.025 627.04 2096
-962.219 626.142 2093
-965.787 626.142 2093
-969.355 626.142 2093
-968.275 623.151 2083
-969.493 621.655 2078
-973.036 621.655 2078
-976.578 621.655 2078
-980.121 621.655 2078
-980.823 619.86 2072
-983.405 619.261 2070
-986.934 619.261 2070
-986.635 616.868 2062
-985.348 613.877 2052
-978.245 607.295 2030
-981.705 607.295 2030
-983.71 606.398 2027
-981.321 602.808 2015
-979.869 599.816 2005
-983.287 599.816 2005
-984.245 598.32 2000
-986.667 597.722 1998
-987.595 596.226 1993
-990.993 596.226 1993
-991.895 594.73 1988
-993.282 593.534 1984
-995.157 592.636 1981
-997.526 592.038 1979
-1000.9 592.038 1979
-1003.26 591.44 1977
-1005.1 590.542 1974
-1007.44 589.944 1972
-1010.81 589.944 1972
-1011.6 588.448 1967
-21.4684 135.342 455
-22.244 135.342 455
-23.0197 135.342 455
-23.7953 135.342 455
-24.571 135.342 455
-25.2909 135.044 454
-26.0649 135.044 454
-26.7797 134.747 453
-27.552 134.747 453
-28.2617 134.449 452
-29.0323 134.449 452
-29.7369 134.152 451
-29.2206 128.5 432
-29.957 128.5 432
-30.6224 128.203 431
-31.2116 127.608 429
-31.7941 127.013 427
-32.522 127.013 427
-33.172 126.715 426
-33.8983 126.715 426
-34.6245 126.715 426
-35.3507 126.715 426
-35.9922 126.418 425
-36.4576 125.526 422
-37.0889 125.228 421
-37.627 124.633 419
-38.3413 124.633 419
-38.5895 123.146 414
-39.1054 122.551 412
-39.8078 122.551 412
-40.5102 122.551 412
-41.2125 122.551 412
-41.8131 122.254 411
-42.5138 122.254 411
-43.1093 121.956 410
-43.8082 121.956 410
-44.2901 121.361 408
-44.9856 121.361 408
-45.6811 121.361 408
-46.3767 121.361 408
-46.9569 121.064 407
-47.6507 121.064 407
-48.3445 121.064 407
-49.0383 121.064 407
-49.61 120.766 406
-50.3021 120.766 406
-50.8686 120.469 405
-51.5591 120.469 405
-52.2495 120.469 405
-52.8092 120.171 404
-53.4979 120.171 404
-54.0525 119.874 403
-54.7395 119.874 403
-55.4265 119.874 403
-56.1135 119.874 403
-56.6596 119.577 402
-57.3449 119.577 402
-58.0302 119.577 402
-58.8616 119.874 403
-59.5486 119.874 403
-60.2356 119.874 403
-60.9226 119.874 403
-61.4568 119.577 402
-62.2967 119.874 403
-62.9837 119.874 403
-63.6707 119.874 403
-64.3577 119.874 403
-65.0447 119.874 403
-65.7317 119.874 403
-66.4187 119.874 403
-67.1058 119.874 403
-67.7928 119.874 403
-68.4798 119.874 403
-69.1668 119.874 403
-69.8538 119.874 403
-70.5408 119.874 403
-71.2278 119.874 403
-72.0933 120.171 404
-72.9622 120.469 405
-73.6526 120.469 405
-74.343 120.469 405
-75.0334 120.469 405
-75.9108 120.766 406
-76.603 120.766 406
-77.2951 120.766 406
-77.9872 120.766 406
-78.8731 121.064 407
-80.1535 121.956 410
-80.8524 121.956 410
-81.7503 122.254 411
-82.6515 122.551 412
-83.3539 122.551 412
-84.2603 122.849 413
-84.9643 122.849 413
-85.6684 122.849 413
-86.3724 122.849 413
-87.4982 123.443 415
-88.6307 124.038 417
-89.3416 124.038 417
-91.1323 125.526 422
-92.287 126.121 424
-93.4485 126.715 426
-94.1747 126.715 426
-95.1237 127.013 427
-96.3006 127.608 429
-97.032 127.608 429
-98.4469 128.5 432
-99.413 128.798 433
-100.151 128.798 433
-100.889 128.798 433
-101.862 129.095 434
-102.838 129.393 435
-103.58 129.393 435
-105.041 130.285 438
-106.029 130.582 439
-107.021 130.88 440
-107.771 130.88 440
-108.521 130.88 440
-109.519 131.177 441
-110.271 131.177 441
-111.023 131.177 441
-112.028 131.475 442
-113.037 131.772 443
-113.792 131.772 443
-115.323 132.665 446
-116.344 132.962 447
-117.106 132.962 447
-117.868 132.962 447
-118.63 132.962 447
-119.659 133.259 448
-120.423 133.259 448
-121.186 133.259 448
-122.222 133.557 449
-122.988 133.557 449
-123.753 133.557 449
-124.519 133.557 449
-819.409 666 2239
-823.226 666 2239
-827.043 666 2239
-827.52 663.323 2230
-833.558 665.107 2236
-837.37 665.107 2236
-841.182 665.107 2236
-844.994 665.107 2236
-847.667 664.215 2233
-851.474 664.215 2233
-846.471 657.373 2210
-842.159 651.127 2189
-844.732 650.234 2186
-848.458 650.234 2186
-851.405 649.64 2184
-855.911 650.234 2186
-859.638 650.234 2186
-863.365 650.234 2186
-866.298 649.64 2184
-868.826 648.747 2181
-870.143 646.963 2175
-873.851 646.963 2175
-876.349 646.07 2172
-878.026 644.583 2167
-880.499 643.69 2164
-884.188 643.69 2164
-885.415 641.906 2158
-885.798 639.526 2150
-888.222 638.634 2147
-891.882 638.634 2147
-894.291 637.741 2144
-897.946 637.741 2144
-899.499 636.254 2139
-903.145 636.254 2139
-905.52 635.362 2136
-909.161 635.362 2136
-911.52 634.469 2133
-915.157 634.469 2133
-916.639 632.982 2128
-918.969 632.09 2125
-921.289 631.197 2122
-924.907 631.197 2122
-927.649 630.603 2120
-929.946 629.71 2117
-931.35 628.223 2112
-934.95 628.223 2112
-938.55 628.223 2112
-942.151 628.223 2112
-943.065 626.438 2106
-946.655 626.438 2106
-949.342 625.843 2104
-952.929 625.843 2104
-952.879 623.464 2096
-956.452 623.464 2096
-958.651 622.571 2093
-962.219 622.571 2093
-963.48 621.084 2088
-967.04 621.084 2088
-966.88 618.704 2080
-965.761 615.73 2070
-966.948 614.243 2065
-970.469 614.243 2065
-973.989 614.243 2065
-977.509 614.243 2065
-978.654 612.755 2060
-982.166 612.755 2060
-981.85 610.376 2052
-976.705 605.022 2034
-975.835 602.344 2025
-979.287 602.344 2025
-977.886 599.37 2015
-979.86 598.477 2012
-979.869 596.395 2005
-983.287 596.395 2005
-984.245 594.908 2000
-986.667 594.313 1998
-987.595 592.826 1993
-990.993 592.826 1993
-991.895 591.339 1988
-993.282 590.149 1984
-995.157 589.256 1981
-997.526 588.661 1979
-1000.9 588.661 1979
-1003.26 588.067 1977
-1005.1 587.174 1974
-1007.44 586.579 1972
-1010.81 586.579 1972
-1011.6 585.092 1967
-21.4684 134.565 455
-22.244 134.565 455
-23.0197 134.565 455
-23.7953 134.565 455
-24.571 134.565 455
-25.2909 134.27 454
-26.0649 134.27 454
-26.8389 134.27 454
-27.6128 134.27 454
-28.3242 133.974 453
-29.0965 133.974 453
-29.7369 133.382 451
-29.2206 127.763 432
-29.8183 127.172 430
-30.5514 127.172 430
-31.2116 126.876 429
-31.7941 126.284 427
-32.522 126.284 427
-33.2499 126.284 427
-33.9778 126.284 427
-34.6245 125.989 426
-35.3507 125.989 426
-35.9922 125.693 425
-36.6304 125.397 424
-37.177 124.806 422
-37.8964 124.806 422
-38.3413 123.918 419
-38.4031 121.848 412
-39.1054 121.848 412
-39.9044 122.144 413
-40.6085 122.144 413
-41.3125 122.144 413
-41.9149 121.848 412
-42.5138 121.552 411
-43.2144 121.552 411
-43.9151 121.552 411
-44.5072 121.257 410
-45.2061 121.257 410
-45.7931 120.961 409
-46.4904 120.961 409
-47.1876 120.961 409
-47.7678 120.665 408
-48.4633 120.665 408
-49.1588 120.665 408
-49.7322 120.369 407
-50.3021 120.074 406
-50.9942 120.074 406
-51.6864 120.074 406
-52.3785 120.074 406
-52.9399 119.778 405
-53.6303 119.778 405
-54.3208 119.778 405
-54.8754 119.482 404
-55.5641 119.482 404
-56.2528 119.482 404
-56.9415 119.482 404
-57.6302 119.482 404
-58.3189 119.482 404
-59.0077 119.482 404
-59.5486 119.186 403
-60.2356 119.186 403
-60.9226 119.186 403
-61.4568 118.891 402
-62.2967 119.186 403
-62.9837 119.186 403
-63.6707 119.186 403
-64.3577 119.186 403
-65.0447 119.186 403
-65.7317 119.186 403
-66.4187 119.186 403
-67.1058 119.186 403
-67.7928 119.186 403
-68.4798 119.186 403
-69.1668 119.186 403
-69.8538 119.186 403
-70.5408 119.186 403
-71.2278 119.186 403
-72.0933 119.482 404
-72.9622 119.778 405
-73.6526 119.778 405
-74.343 119.778 405
-75.0334 119.778 405
-75.9108 120.074 406
-76.603 120.074 406
-77.2951 120.074 406
-78.1793 120.369 407
-79.0669 120.665 408
-80.1535 121.257 410
-81.0496 121.552 411
-81.9492 121.848 412
-82.8521 122.144 413
-83.5562 122.144 413
-84.2603 122.144 413
-84.9643 122.144 413
-85.8758 122.44 414
-86.5816 122.44 414
-87.709 123.031 416
-88.8433 123.623 418
-89.5559 123.623 418
-91.1323 124.806 422
-92.5046 125.693 425
-93.4485 125.989 426
-94.3958 126.284 427
-95.1237 126.284 427
-96.5251 127.172 430
-97.2581 127.172 430
-98.6748 128.059 433
-99.413 128.059 433
-100.151 128.059 433
-101.122 128.355 434
-102.097 128.65 435
-103.311 129.242 437
-104.056 129.242 437
-105.281 129.833 439
-106.512 130.425 441
-107.264 130.425 441
-108.016 130.425 441
-108.768 130.425 441
-109.519 130.425 441
-110.521 130.721 442
-111.275 130.721 442
-112.028 130.721 442
-113.292 131.312 444
-114.049 131.312 444
-115.323 131.904 446
-116.344 132.199 447
-117.106 132.199 447
-117.868 132.199 447
-118.63 132.199 447
-119.392 132.199 447
-120.423 132.495 448
-121.186 132.495 448
-121.95 132.495 448
-122.714 132.495 448
-123.477 132.495 448
-124.241 132.495 448
-819.409 662.18 2239
-823.226 662.18 2239
-827.043 662.18 2239
-827.52 659.518 2230
-833.558 661.292 2236
-837.37 661.292 2236
-841.182 661.292 2236
-844.994 661.292 2236
-847.667 660.405 2233
-851.474 660.405 2233
-846.471 653.603 2210
-842.159 647.392 2189
-844.732 646.505 2186
-848.458 646.505 2186
-851.405 645.913 2184
-855.911 646.505 2186
-859.638 646.505 2186
-863.365 646.505 2186
-866.298 645.913 2184
-868.826 645.026 2181
-870.143 643.252 2175
-873.851 643.252 2175
-874.331 640.886 2167
-878.026 640.886 2167
-878.058 638.224 2158
-881.737 638.224 2158
-884.185 637.337 2155
-885.798 635.858 2150
-886.981 634.084 2144
-890.636 634.084 2144
-894.291 634.084 2144
-897.109 633.492 2142
-898.237 631.718 2136
-901.878 631.718 2136
-904.248 630.83 2133
-907.884 630.83 2133
-911.52 630.83 2133
-915.157 630.83 2133
-915.347 628.464 2125
-916.807 626.986 2120
-920.421 626.986 2120
-924.035 626.986 2120
-927.649 626.986 2120
-929.946 626.098 2117
-932.232 625.211 2114
-935.835 625.211 2114
-939.439 625.211 2114
-942.151 624.62 2112
-942.169 622.254 2104
-945.756 622.254 2104
-947.989 621.366 2101
-951.571 621.366 2101
-950.606 618.409 2091
-954.171 618.409 2091
-956.361 617.522 2088
-958.542 616.634 2085
-961.173 616.043 2083
-964.724 616.043 2083
-962.232 612.198 2070
-962.029 609.832 2062
-964.607 609.241 2060
-968.119 609.241 2060
-971.631 609.241 2060
-973.722 608.353 2057
-974.854 606.875 2052
-978.352 606.875 2052
-975.63 603.03 2039
-972.383 598.89 2025
-971.016 595.932 2015
-974.451 595.932 2015
-974.489 593.862 2008
-975.477 592.383 2003
-975.471 590.313 1996
-978.874 590.313 1996
-979.816 588.834 1991
-981.728 587.947 1988
-985.117 587.947 1988
-988.506 587.947 1988
-989.9 586.764 1984
-991.78 585.877 1981
-994.152 585.285 1979
-997.526 585.285 1979
-998.371 583.806 1974
-1001.74 583.806 1974
-1003.06 582.623 1970
-1006.42 582.623 1970
-1008.24 581.736 1967
-1009.54 580.553 1963
-21.4684 133.789 455
-22.244 133.789 455
-23.0197 133.789 455
-23.7953 133.789 455
-24.571 133.789 455
-25.2909 133.495 454
-26.0649 133.495 454
-26.8389 133.495 454
-27.6128 133.495 454
-28.3242 133.201 453
-29.0965 133.201 453
-29.8028 132.907 452
-29.2206 127.026 432
-29.8183 126.438 430
-30.5514 126.438 430
-31.2116 126.144 429
-31.8685 125.85 428
-32.5981 125.85 428
-33.3278 125.85 428
-33.9778 125.556 427
-34.7058 125.556 427
-35.4337 125.556 427
-36.0769 125.262 426
-36.7168 124.968 425
-37.3532 124.674 424
-38.076 124.674 424
-38.3413 123.204 419
-38.4031 121.145 412
-39.9597 123.792 421
-40.6774 123.792 421
-41.3951 123.792 421
-42.0128 123.498 420
-42.5253 122.909 418
-42.6172 121.145 412
-43.2144 120.851 411
-43.9151 120.851 411
-44.6157 120.851 411
-45.3164 120.851 411
-45.9051 120.557 410
-46.604 120.557 410
-47.303 120.557 410
-47.8848 120.263 409
-48.5821 120.263 409
-49.2793 120.263 409
-49.8544 119.969 408
-50.426 119.675 407
-51.1198 119.675 407
-51.8137 119.675 407
-52.5075 119.675 407
-53.0706 119.381 406
-53.7628 119.381 406
-54.4549 119.381 406
-55.147 119.381 406
-55.8391 119.381 406
-56.5313 119.381 406
-57.2234 119.381 406
-57.7729 119.087 405
-58.4633 119.087 405
-59.1537 119.087 405
-59.8441 119.087 405
-60.5346 119.087 405
-61.225 119.087 405
-61.7625 118.793 404
-62.4512 118.793 404
-63.14 118.793 404
-63.8287 118.793 404
-64.5174 118.793 404
-65.2061 118.793 404
-65.8948 118.793 404
-66.5836 118.793 404
-67.2723 118.793 404
-67.961 118.793 404
-68.6497 118.793 404
-69.3384 118.793 404
-70.0271 118.793 404
-70.7159 118.793 404
-71.4046 118.793 404
-72.2718 119.087 405
-72.9622 119.087 405
-73.6526 119.087 405
-74.343 119.087 405
-75.2187 119.381 406
-75.9108 119.381 406
-76.603 119.381 406
-77.2951 119.381 406
-78.1793 119.675 407
-79.0669 119.969 408
-80.1535 120.557 410
-81.0496 120.851 411
-81.9492 121.145 412
-82.8521 121.439 413
-83.5562 121.439 413
-84.2603 121.439 413
-84.9643 121.439 413
-85.8758 121.733 414
-86.5816 121.733 414
-87.709 122.321 416
-88.8433 122.909 418
-89.5559 122.909 418
-91.1323 124.086 422
-92.5046 124.968 425
-93.4485 125.262 426
-94.3958 125.556 427
-95.1237 125.556 427
-96.5251 126.438 430
-97.2581 126.438 430
-98.6748 127.32 433
-99.413 127.32 433
-100.151 127.32 433
-101.355 127.908 435
-102.566 128.496 437
-103.548 128.79 438
-104.294 128.79 438
-105.76 129.672 441
-106.995 130.261 443
-107.751 130.261 443
-108.506 130.261 443
-109.261 130.261 443
-110.016 130.261 443
-110.521 129.966 442
-111.275 129.966 442
-112.535 130.555 444
-113.547 130.849 445
-114.306 130.849 445
-115.582 131.437 447
-116.344 131.437 447
-117.106 131.437 447
-117.868 131.437 447
-118.63 131.437 447
-119.392 131.437 447
-120.423 131.731 448
-121.186 131.731 448
-121.95 131.731 448
-122.714 131.731 448
-123.477 131.731 448
-816.115 655.713 2230
-819.917 655.713 2230
-823.719 655.713 2230
-824.18 653.067 2221
-825.73 651.303 2215
-829.506 651.303 2215
-833.282 651.303 2215
-836.302 650.715 2213
-838.936 649.832 2210
-842.703 649.832 2210
-840.726 645.422 2195
-841.005 642.775 2186
-840.481 639.541 2175
-845.353 640.423 2178
-849.066 640.423 2178
-855.128 642.187 2184
-858.851 642.187 2184
-862.575 642.187 2184
-863.918 640.423 2178
-866.436 639.541 2175
-868.943 638.659 2172
-872.646 638.659 2172
-874.331 637.189 2167
-878.026 637.189 2167
-878.058 634.542 2158
-881.737 634.542 2158
-884.185 633.66 2155
-885.798 632.19 2150
-886.981 630.426 2144
-890.636 630.426 2144
-894.291 630.426 2144
-897.109 629.838 2142
-898.237 628.073 2136
-901.878 628.073 2136
-904.248 627.191 2133
-907.884 627.191 2133
-911.52 627.191 2133
-915.157 627.191 2133
-915.347 624.839 2125
-916.807 623.369 2120
-920.421 623.369 2120
-924.035 623.369 2120
-927.649 623.369 2120
-929.946 622.487 2117
-933.555 622.487 2117
-937.163 622.487 2117
-940.772 622.487 2117
-944.381 622.487 2117
-944.408 620.134 2109
-948.003 620.134 2109
-949.342 618.664 2104
-951.571 617.782 2101
-951.515 615.43 2093
-955.083 615.43 2093
-956.361 613.959 2088
-958.542 613.077 2085
-961.173 612.489 2083
-964.724 612.489 2083
-962.232 608.667 2070
-961.095 605.726 2060
-963.202 604.844 2057
-966.709 604.844 2057
-970.216 604.844 2057
-973.722 604.844 2057
-974.854 603.374 2052
-978.352 603.374 2052
-972.28 597.493 2032
-969.982 593.964 2020
-967.643 590.436 2008
-971.066 590.436 2008
-973.033 589.554 2005
-973.042 587.496 1998
-971.561 584.555 1988
-974.95 584.555 1988
-977.355 583.967 1986
-980.741 583.967 1986
-983.135 583.379 1984
-986.517 583.379 1984
-988.403 582.497 1981
-990.779 581.909 1979
-990.636 579.85 1972
-993.998 579.85 1972
-997.359 579.85 1972
-999.706 579.262 1970
-1001.54 578.38 1967
-1004.89 578.38 1967
-1006.19 577.204 1963
-1006.97 575.734 1958
-21.4684 133.013 455
-22.244 133.013 455
-23.0197 133.013 455
-23.7953 133.013 455
-24.571 133.013 455
-25.3467 133.013 455
-26.1223 133.013 455
-26.8389 132.72 454
-27.6128 132.72 454
-28.3242 132.428 453
-29.0965 132.428 453
-29.8028 132.136 452
-29.0853 125.704 430
-29.8183 125.704 430
-30.5514 125.704 430
-31.2116 125.412 429
-31.8685 125.12 428
-32.5981 125.12 428
-33.3278 125.12 428
-33.9778 124.827 427
-34.7058 124.827 427
-35.4337 124.827 427
-36.0769 124.535 426
-36.7168 124.243 425
-37.3532 123.95 424
-38.076 123.95 424
-39.9597 123.073 421
-40.6774 123.073 421
-41.3951 123.073 421
-42.0128 122.781 420
-42.5253 122.196 418
-42.6172 120.442 412
-43.3196 120.442 412
-44.0219 120.442 412
-44.6157 120.15 411
-45.3164 120.15 411
-46.017 120.15 411
-46.7177 120.15 411
-47.4183 120.15 411
-48.0019 119.858 410
-48.7009 119.858 410
-49.3998 119.858 410
-49.9766 119.565 409
-50.5499 119.273 408
-51.2454 119.273 408
-51.941 119.273 408
-52.5075 118.981 407
-53.2013 118.981 407
-53.7628 118.688 406
-54.4549 118.688 406
-55.147 118.688 406
-55.8391 118.688 406
-56.5313 118.688 406
-57.2234 118.688 406
-57.9155 118.688 406
-58.6077 118.688 406
-59.2998 118.688 406
-59.9919 118.688 406
-60.684 118.688 406
-61.225 118.396 405
-61.9154 118.396 405
-62.6058 118.396 405
-63.2963 118.396 405
-63.9867 118.396 405
-64.6771 118.396 405
-65.3675 118.396 405
-66.0579 118.396 405
-66.5836 118.104 404
-67.2723 118.104 404
-67.961 118.104 404
-68.6497 118.104 404
-69.3384 118.104 404
-70.2005 118.396 405
-70.8909 118.396 405
-71.5813 118.396 405
-72.2718 118.396 405
-72.9622 118.396 405
-73.8345 118.688 406
-74.5266 118.688 406
-75.2187 118.688 406
-76.0978 118.981 407
-76.7916 118.981 407
-77.4855 118.981 407
-78.3714 119.273 408
-79.4545 119.858 410
-80.1535 119.858 410
-81.2468 120.442 412
-82.1481 120.735 413
-82.8521 120.735 413
-83.5562 120.735 413
-84.4643 121.027 414
-85.17 121.027 414
-86.2907 121.612 416
-86.9998 121.612 416
-87.9199 121.904 417
-89.0558 122.489 419
-89.7701 122.489 419
-91.7801 124.243 425
-92.7223 124.535 426
-93.4485 124.535 426
-94.3958 124.827 427
-95.792 125.704 430
-96.974 126.289 432
-97.7105 126.289 432
-98.9027 126.874 434
-99.6426 126.874 434
-100.382 126.874 434
-101.355 127.166 435
-102.566 127.751 437
-103.548 128.043 438
-104.294 128.043 438
-105.76 128.92 441
-106.995 129.505 443
-107.751 129.505 443
-108.506 129.505 443
-109.261 129.505 443
-110.016 129.505 443
-110.521 129.212 442
-111.275 129.212 442
-112.535 129.797 444
-113.547 130.089 445
-114.306 130.089 445
-115.582 130.674 447
-116.344 130.674 447
-117.106 130.674 447
-117.868 130.674 447
-118.63 130.674 447
-119.392 130.674 447
-120.154 130.674 447
-120.916 130.674 447
-811.724 648.401 2218
-815.505 648.401 2218
-819.286 648.401 2218
-814.532 641.677 2195
-820.511 643.431 2201
-824.263 643.431 2201
-828.015 643.431 2201
-831.767 643.431 2201
-834.381 642.554 2198
-838.128 642.554 2198
-837.278 639.046 2186
-835.619 634.953 2172
-837.389 633.491 2167
-841.86 634.076 2169
-845.557 634.076 2169
-850.43 634.953 2172
-854.132 634.953 2172
-857.835 634.953 2172
-861.538 634.953 2172
-865.241 634.953 2172
-866.943 633.491 2167
-870.637 633.491 2167
-874.331 633.491 2167
-874.379 630.86 2158
-878.058 630.86 2158
-881.737 630.86 2158
-883.364 629.399 2153
-884.562 627.645 2147
-886.981 626.768 2144
-890.636 626.768 2144
-893.457 626.183 2142
-897.109 626.183 2142
-896.975 623.552 2133
-900.612 623.552 2133
-904.248 623.552 2133
-907.884 623.552 2133
-911.52 623.552 2133
-915.157 623.552 2133
-915.347 621.213 2125
-916.807 619.752 2120
-920.421 619.752 2120
-924.035 619.752 2120
-927.649 619.752 2120
-929.946 618.875 2117
-933.555 618.875 2117
-937.163 618.875 2117
-940.772 618.875 2117
-944.381 618.875 2117
-944.408 616.536 2109
-948.003 616.536 2109
-949.342 615.074 2104
-952.929 615.074 2104
-951.515 611.859 2093
-955.083 611.859 2093
-956.361 610.397 2088
-958.542 609.52 2085
-961.173 608.935 2083
-964.724 608.935 2083
-962.232 605.135 2070
-961.095 602.212 2060
-963.202 601.335 2057
-966.709 601.335 2057
-970.216 601.335 2057
-973.722 601.335 2057
-974.854 599.873 2052
-978.352 599.873 2052
-972.28 594.026 2032
-969.982 590.518 2020
-967.643 587.01 2008
-971.066 587.01 2008
-973.033 586.133 2005
-973.042 584.087 1998
-970.584 580.579 1986
-973.969 580.579 1986
-976.371 579.994 1984
-979.753 579.994 1984
-981.649 579.117 1981
-985.026 579.117 1981
-986.407 577.948 1977
-987.274 576.486 1972
-990.636 576.486 1972
-993.998 576.486 1972
-994.831 575.024 1967
-998.184 575.024 1967
-999.5 573.855 1963
-1002.85 573.855 1963
-1004.66 572.978 1960
-1005.94 571.809 1956
-21.4684 132.236 455
-22.244 132.236 455
-23.0197 132.236 455
-23.7953 132.236 455
-24.571 132.236 455
-25.3467 132.236 455
-26.1223 132.236 455
-26.8389 131.946 454
-27.6128 131.946 454
-28.3868 131.946 454
-29.1607 131.946 454
-29.8687 131.655 453
-29.0853 124.971 430
-29.8183 124.971 430
-30.5514 124.971 430
-31.2844 124.971 430
-31.8685 124.389 428
-32.5981 124.389 428
-33.3278 124.389 428
-34.0574 124.389 428
-34.787 124.389 428
-35.5167 124.389 428
-36.0769 123.808 426
-36.7168 123.518 425
-37.4413 123.518 425
-38.1658 123.518 425
-38.7988 123.227 424
-39.6148 123.518 425
-40.3394 123.518 425
-41.0639 123.518 425
-41.5917 122.936 423
-42.1128 122.355 421
-42.7287 122.064 420
-43.031 120.902 416
-43.7402 120.902 416
-44.0219 119.739 412
-44.6157 119.449 411
-45.3164 119.449 411
-46.017 119.449 411
-46.7177 119.449 411
-47.4183 119.449 411
-48.0019 119.158 410
-48.7009 119.158 410
-49.3998 119.158 410
-49.9766 118.868 409
-50.5499 118.577 408
-51.2454 118.577 408
-51.941 118.577 408
-52.5075 118.286 407
-53.2013 118.286 407
-53.7628 117.996 406
-54.4549 117.996 406
-55.147 117.996 406
-55.8391 117.996 406
-56.5313 117.996 406
-57.2234 117.996 406
-57.9155 117.996 406
-58.6077 117.996 406
-59.2998 117.996 406
-59.9919 117.996 406
-60.684 117.996 406
-61.3762 117.996 406
-61.9154 117.705 405
-62.6058 117.705 405
-63.2963 117.705 405
-63.9867 117.705 405
-64.6771 117.705 405
-65.3675 117.705 405
-66.0579 117.705 405
-66.7484 117.705 405
-67.4388 117.705 405
-68.1292 117.705 405
-68.8196 117.705 405
-69.5101 117.705 405
-70.2005 117.705 405
-70.8909 117.705 405
-71.5813 117.705 405
-72.4502 117.996 406
-73.1423 117.996 406
-73.8345 117.996 406
-74.5266 117.996 406
-75.404 118.286 407
-76.0978 118.286 407
-76.9803 118.577 408
-77.6759 118.577 408
-78.7556 119.158 410
-79.8421 119.739 412
-80.5444 119.739 412
-81.444 120.03 413
-82.347 120.321 414
-83.2534 120.611 415
-83.9608 120.611 415
-84.8723 120.902 416
-85.7872 121.193 417
-86.4981 121.193 417
-87.4181 121.483 418
-88.3415 121.774 419
-89.906 122.936 423
-90.6271 122.936 423
-91.9961 123.808 426
-93.5929 124.971 430
-94.326 124.971 430
-95.5011 125.552 432
-96.2376 125.552 432
-96.974 125.552 432
-98.1629 126.133 434
-99.1306 126.424 435
-99.8722 126.424 435
-100.614 126.424 435
-101.821 127.005 437
-102.801 127.296 438
-103.548 127.296 438
-104.294 127.296 438
-105.76 128.168 441
-106.995 128.749 443
-107.751 128.749 443
-108.506 128.749 443
-109.261 128.749 443
-110.016 128.749 443
-110.771 128.749 443
-111.778 129.04 444
-112.789 129.33 445
-113.802 129.621 446
-114.563 129.621 446
-115.582 129.911 447
-116.344 129.911 447
-117.106 129.911 447
-117.868 129.911 447
-118.63 129.911 447
-119.392 129.911 447
-120.154 129.911 447
-780.258 622.529 2142
-788.668 626.307 2155
-797.489 630.376 2169
-801.186 630.376 2169
-804.884 630.376 2169
-814.919 635.316 2186
-818.646 635.316 2186
-822.372 635.316 2186
-826.099 635.316 2186
-829.825 635.316 2186
-833.552 635.316 2186
-830.767 630.376 2169
-831.387 628.051 2161
-835.071 628.051 2161
-838.755 628.051 2161
-842.439 628.051 2161
-846.123 628.051 2161
-849.807 628.051 2161
-853.491 628.051 2161
-857.175 628.051 2161
-860.859 628.051 2161
-864.543 628.051 2161
-868.227 628.051 2161
-871.911 628.051 2161
-874.379 627.179 2158
-876.837 626.307 2155
-880.511 626.307 2155
-883.364 625.726 2153
-883.326 623.11 2144
-886.154 622.529 2142
-889.805 622.529 2142
-893.457 622.529 2142
-895.852 621.657 2139
-896.975 619.913 2133
-900.612 619.913 2133
-904.248 619.913 2133
-907.884 619.913 2133
-910.666 619.332 2131
-914.299 619.332 2131
-915.347 617.588 2125
-916.807 616.135 2120
-920.421 616.135 2120
-924.035 616.135 2120
-927.649 616.135 2120
-929.946 615.263 2117
-933.555 615.263 2117
-937.163 615.263 2117
-940.772 615.263 2117
-944.381 615.263 2117
-944.408 612.938 2109
-948.003 612.938 2109
-949.342 611.485 2104
-952.929 611.485 2104
-951.515 608.288 2093
-955.083 608.288 2093
-956.361 606.835 2088
-957.622 605.382 2083
-959.789 604.51 2080
-963.335 604.51 2080
-962.232 601.603 2070
-961.095 598.697 2060
-963.202 597.825 2057
-966.709 597.825 2057
-969.272 597.244 2055
-972.776 597.244 2055
-974.854 596.372 2052
-978.352 596.372 2052
-971.323 589.978 2030
-969.982 587.072 2020
-966.197 582.712 2005
-969.615 582.712 2005
-970.607 581.259 2000
-972.068 580.097 1996
-970.584 577.19 1986
-973.969 577.19 1986
-976.371 576.609 1984
-979.753 576.609 1984
-981.649 575.737 1981
-985.026 575.737 1981
-986.407 574.575 1977
-987.274 573.122 1972
-990.636 573.122 1972
-993.998 573.122 1972
-994.831 571.668 1967
-998.184 571.668 1967
-999.5 570.506 1963
-1002.85 570.506 1963
-1004.66 569.634 1960
-1005.94 568.471 1956
-21.5155 131.749 456
-22.2929 131.749 456
-23.0703 131.749 456
-23.8476 131.749 456
-24.625 131.749 456
-25.3467 131.46 455
-26.1223 131.46 455
-26.898 131.46 455
-27.6736 131.46 455
-28.3868 131.171 454
-29.1607 131.171 454
-29.8687 130.882 453
-29.0853 124.237 430
-30.5811 127.415 441
-31.3329 127.415 441
-32.0847 127.415 441
-32.8365 127.415 441
-33.5883 127.415 441
-33.7171 125.104 433
-34.2961 124.526 431
-35.0309 124.526 431
-35.5997 123.948 429
-36.0769 123.081 426
-36.7168 122.792 425
-37.4413 122.792 425
-38.1658 122.792 425
-38.7988 122.504 424
-39.6148 122.792 425
-40.3394 122.792 425
-41.0639 122.792 425
-41.6901 122.504 424
-42.3128 122.215 423
-42.7287 121.348 420
-43.1344 120.481 417
-43.8453 120.481 417
-44.2356 119.614 414
-44.7243 119.036 412
-45.4267 119.036 412
-46.129 119.036 412
-46.8314 119.036 412
-47.5337 119.036 412
-48.119 118.748 411
-48.7009 118.459 410
-49.3998 118.459 410
-50.0988 118.459 410
-50.6738 118.17 409
-51.371 118.17 409
-52.0683 118.17 409
-52.6365 117.881 408
-53.3321 117.881 408
-53.8952 117.592 407
-54.589 117.592 407
-55.2828 117.592 407
-55.9767 117.592 407
-56.6705 117.592 407
-57.3643 117.592 407
-57.9155 117.303 406
-58.6077 117.303 406
-59.2998 117.303 406
-59.9919 117.303 406
-60.684 117.303 406
-61.3762 117.303 406
-61.9154 117.014 405
-62.6058 117.014 405
-63.2963 117.014 405
-63.9867 117.014 405
-64.6771 117.014 405
-65.3675 117.014 405
-66.0579 117.014 405
-66.7484 117.014 405
-67.4388 117.014 405
-68.1292 117.014 405
-68.8196 117.014 405
-69.5101 117.014 405
-70.2005 117.014 405
-70.8909 117.014 405
-71.5813 117.014 405
-72.4502 117.303 406
-73.1423 117.303 406
-73.8345 117.303 406
-74.5266 117.303 406
-75.404 117.592 407
-76.0978 117.592 407
-76.9803 117.881 408
-78.0566 118.459 410
-79.1397 119.036 412
-80.0359 119.325 413
-80.74 119.325 413
-81.6412 119.614 414
-82.7448 120.192 416
-83.454 120.192 416
-84.1631 120.192 416
-85.0763 120.481 417
-85.9929 120.77 418
-86.7055 120.77 418
-87.6272 121.059 419
-88.3415 121.059 419
-89.906 122.215 423
-91.2699 123.081 426
-92.8599 124.237 430
-93.5929 124.237 430
-95.2034 125.393 434
-95.9433 125.393 434
-96.6831 125.393 434
-97.423 125.393 434
-98.389 125.682 435
-99.3585 125.971 436
-100.331 126.26 437
-101.076 126.26 437
-102.054 126.548 438
-102.801 126.548 438
-103.784 126.837 439
-104.532 126.837 439
-105.76 127.415 441
-106.995 127.993 443
-107.751 127.993 443
-108.506 127.993 443
-109.261 127.993 443
-110.264 128.282 444
-111.021 128.282 444
-112.03 128.571 445
-113.042 128.86 446
-114.058 129.149 447
-114.82 129.149 447
-115.582 129.149 447
-116.344 129.149 447
-117.106 129.149 447
-117.868 129.149 447
-118.63 129.149 447
-119.392 129.149 447
-120.154 129.149 447
-780.258 618.874 2142
-788.668 622.63 2155
-797.489 626.675 2169
-801.186 626.675 2169
-804.884 626.675 2169
-814.919 631.587 2186
-818.646 631.587 2186
-822.372 631.587 2186
-826.099 631.587 2186
-829.825 631.587 2186
-833.552 631.587 2186
-830.767 626.675 2169
-831.387 624.364 2161
-835.071 624.364 2161
-838.755 624.364 2161
-842.439 624.364 2161
-846.123 624.364 2161
-849.807 624.364 2161
-853.491 624.364 2161
-857.175 624.364 2161
-860.859 624.364 2161
-864.543 624.364 2161
-868.227 624.364 2161
-870.7 623.497 2158
-873.163 622.63 2155
-876.837 622.63 2155
-880.511 622.63 2155
-883.364 622.052 2153
-883.326 619.452 2144
-886.154 618.874 2142
-889.805 618.874 2142
-893.457 618.874 2142
-894.596 617.141 2136
-896.975 616.274 2133
-900.612 616.274 2133
-903.4 615.696 2131
-907.033 615.696 2131
-909.384 614.829 2128
-913.011 614.829 2128
-915.347 613.962 2125
-916.807 612.518 2120
-920.421 612.518 2120
-924.035 612.518 2120
-927.649 612.518 2120
-929.946 611.651 2117
-933.555 611.651 2117
-937.163 611.651 2117
-940.772 611.651 2117
-943.043 610.784 2114
-944.408 609.34 2109
-948.003 609.34 2109
-949.342 607.895 2104
-952.929 607.895 2104
-950.606 604.139 2091
-954.171 604.139 2091
-956.361 603.272 2088
-957.622 601.828 2083
-959.789 600.961 2080
-963.335 600.961 2080
-962.232 598.072 2070
-961.095 595.182 2060
-958.52 591.426 2047
-962.009 591.426 2047
-965.499 591.426 2047
-968.989 591.426 2047
-970.103 589.982 2042
-973.584 589.982 2042
-967.495 584.203 2022
-965.18 580.736 2010
-963.788 577.847 2000
-967.197 577.847 2000
-969.636 577.269 1998
-969.633 575.247 1991
-969.606 573.224 1984
-972.989 573.224 1984
-973.91 571.78 1979
-974.815 570.335 1974
-977.189 569.757 1972
-980.551 569.757 1972
-983.912 569.757 1972
-984.771 568.313 1967
-986.115 567.157 1963
-989.461 567.157 1963
-991.29 566.29 1960
-994.632 566.29 1960
-997.973 566.29 1960
-1001.31 566.29 1960
-1002.61 565.134 1956
-1003.37 563.69 1951
-21.5155 130.971 456
-22.2929 130.971 456
-23.0703 130.971 456
-23.8476 130.971 456
-24.625 130.971 456
-25.3467 130.684 455
-26.1223 130.684 455
-26.898 130.684 455
-27.6736 130.684 455
-28.4493 130.684 455
-29.225 130.684 455
-29.9347 130.397 454
-30.3028 128.673 448
-31.0665 128.673 448
-31.8302 128.673 448
-32.3757 127.812 445
-32.9854 127.237 443
-33.5883 126.663 441
-34.3401 126.663 441
-35.0919 126.663 441
-35.6811 126.088 439
-36.0146 124.652 434
-36.1616 122.642 427
-36.7168 122.067 425
-37.4413 122.067 425
-38.1658 122.067 425
-38.7988 121.78 424
-39.6148 122.067 425
-40.3394 122.067 425
-41.0639 122.067 425
-41.6901 121.78 424
-42.3128 121.493 423
-42.7287 120.631 420
-43.2379 120.057 418
-43.9504 120.057 418
-44.5562 119.77 417
-44.9414 118.908 414
-45.6472 118.908 414
-46.3529 118.908 414
-47.0587 118.908 414
-47.5337 118.334 412
-48.2361 118.334 412
-48.9384 118.334 412
-49.5203 118.046 411
-50.221 118.046 411
-50.7977 117.759 410
-51.4967 117.759 410
-52.1956 117.759 410
-52.8945 117.759 410
-53.3321 117.185 408
-54.0276 117.185 408
-54.7231 117.185 408
-55.4187 117.185 408
-56.1142 117.185 408
-56.6705 116.897 407
-57.3643 116.897 407
-58.0582 116.897 407
-58.752 116.897 407
-59.4458 116.897 407
-60.1397 116.897 407
-60.684 116.61 406
-61.3762 116.61 406
-62.0683 116.61 406
-62.7604 116.61 406
-63.4525 116.61 406
-64.1447 116.61 406
-64.8368 116.61 406
-65.5289 116.61 406
-66.2211 116.61 406
-66.9132 116.61 406
-67.6053 116.61 406
-68.2974 116.61 406
-68.9896 116.61 406
-69.6817 116.61 406
-70.3738 116.61 406
-71.0659 116.61 406
-71.7581 116.61 406
-72.4502 116.61 406
-73.1423 116.61 406
-74.0163 116.897 407
-74.7101 116.897 407
-75.5892 117.185 408
-76.6587 117.759 410
-77.3577 117.759 410
-78.0566 117.759 410
-79.1397 118.334 412
-80.0359 118.621 413
-80.74 118.621 413
-81.6412 118.908 414
-82.7448 119.482 416
-83.454 119.482 416
-84.1631 119.482 416
-85.0763 119.77 417
-85.9929 120.057 418
-86.7055 120.057 418
-87.6272 120.344 419
-88.3415 120.344 419
-89.906 121.493 423
-91.2699 122.355 426
-92.8599 123.503 430
-93.5929 123.503 430
-95.2034 124.652 434
-95.9433 124.652 434
-96.6831 124.652 434
-97.423 124.652 434
-98.389 124.94 435
-99.3585 125.227 436
-100.331 125.514 437
-101.076 125.514 437
-102.287 126.088 439
-103.036 126.088 439
-103.784 126.088 439
-105.009 126.663 441
-105.76 126.663 441
-106.995 127.237 443
-107.751 127.237 443
-108.751 127.525 444
-109.754 127.812 445
-110.513 127.812 445
-111.271 127.812 445
-112.282 128.099 446
-113.296 128.386 447
-114.058 128.386 447
-114.82 128.386 447
-115.582 128.386 447
-116.344 128.386 447
-117.106 128.386 447
-117.868 128.386 447
-118.63 128.386 447
-119.392 128.386 447
-120.154 128.386 447
-780.258 615.22 2142
-786.838 617.517 2150
-792.341 618.953 2155
-796.015 618.953 2155
-803.029 621.538 2164
-807.836 622.4 2167
-811.53 622.4 2167
-815.224 622.4 2167
-818.919 622.4 2167
-822.613 622.4 2167
-826.307 622.4 2167
-826.554 619.815 2158
-829.079 618.953 2155
-831.979 618.379 2153
-836.426 618.953 2155
-840.1 618.953 2155
-846.123 620.677 2161
-849.807 620.677 2161
-853.491 620.677 2161
-855.985 619.815 2158
-859.664 619.815 2158
-863.342 619.815 2158
-867.021 619.815 2158
-870.7 619.815 2158
-873.163 618.953 2155
-876.837 618.953 2155
-880.511 618.953 2155
-883.364 618.379 2153
-883.326 615.794 2144
-886.154 615.22 2142
-889.805 615.22 2142
-893.457 615.22 2142
-894.596 613.496 2136
-896.975 612.635 2133
-900.612 612.635 2133
-903.4 612.06 2131
-907.033 612.06 2131
-909.384 611.199 2128
-913.011 611.199 2128
-915.347 610.337 2125
-916.807 608.901 2120
-920.421 608.901 2120
-924.035 608.901 2120
-927.649 608.901 2120
-929.946 608.039 2117
-933.555 608.039 2117
-937.163 608.039 2117
-940.772 608.039 2117
-942.151 606.603 2112
-944.408 605.742 2109
-948.003 605.742 2109
-949.342 604.305 2104
-947.947 601.146 2093
-949.242 599.71 2088
-952.802 599.71 2088
-952.697 597.412 2080
-953.944 595.976 2075
-955.174 594.54 2070
-958.703 594.54 2070
-957.584 591.668 2060
-955.03 587.934 2047
-956.179 586.498 2042
-959.66 586.498 2042
-963.141 586.498 2042
-966.622 586.498 2042
-967.728 585.062 2037
-971.2 585.062 2037
-962.711 577.881 2012
-960.378 574.435 2000
-962.824 573.86 1998
-966.23 573.86 1998
-966.239 571.85 1991
-966.224 569.839 1984
-967.163 568.403 1979
-970.536 568.403 1979
-971.45 566.967 1974
-973.827 566.393 1972
-977.189 566.393 1972
-980.551 566.393 1972
-982.914 565.818 1970
-982.768 563.808 1963
-984.608 562.946 1960
-987.949 562.946 1960
-991.29 562.946 1960
-994.632 562.946 1960
-995.936 561.797 1956
-999.271 561.797 1956
-1002.61 561.797 1956
-1001.31 559.212 1947
-21.5155 130.193 456
-22.2929 130.193 456
-23.0703 130.193 456
-23.8476 130.193 456
-24.625 130.193 456
-25.4024 130.193 456
-26.1797 130.193 456
-26.9571 130.193 456
-27.6736 129.908 455
-28.4493 129.908 455
-29.225 129.908 455
-29.9347 129.622 454
-30.3028 127.909 448
-31.0665 127.909 448
-31.8302 127.909 448
-32.3757 127.053 445
-32.9854 126.481 443
-33.5883 125.91 441
-34.3401 125.91 441
-35.0919 125.91 441
-35.6811 125.339 439
-36.0146 123.912 434
-36.1616 121.913 427
-36.7168 121.342 425
-37.4413 121.342 425
-38.1658 121.342 425
-38.7988 121.057 424
-39.6148 121.342 425
-40.3394 121.342 425
-41.0639 121.342 425
-41.6901 121.057 424
-42.3128 120.771 423
-42.7287 119.915 420
-43.2379 119.344 418
-43.9504 119.344 418
-44.663 119.344 418
-45.2671 119.058 417
-45.8677 118.773 416
-46.5769 118.773 416
-47.286 118.773 416
-47.7645 118.202 414
-48.3532 117.916 413
-49.0572 117.916 413
-49.6408 117.631 412
-50.3431 117.631 412
-51.0455 117.631 412
-51.7479 117.631 412
-52.4502 117.631 412
-53.1526 117.631 412
-53.7242 117.345 411
-54.4249 117.345 411
-55.1255 117.345 411
-55.6903 117.06 410
-56.2517 116.774 409
-56.949 116.774 409
-57.6462 116.774 409
-58.2008 116.489 408
-58.8964 116.489 408
-59.4458 116.203 407
-60.1397 116.203 407
-60.8335 116.203 407
-61.5273 116.203 407
-62.2212 116.203 407
-62.915 116.203 407
-63.6088 116.203 407
-64.3027 116.203 407
-64.9965 116.203 407
-65.6903 116.203 407
-66.3842 116.203 407
-67.078 116.203 407
-67.7718 116.203 407
-68.4657 116.203 407
-68.9896 115.918 406
-69.6817 115.918 406
-70.5471 116.203 407
-71.241 116.203 407
-71.9348 116.203 407
-72.6286 116.203 407
-73.3225 116.203 407
-74.1982 116.489 408
-74.8937 116.489 408
-75.9598 117.06 410
-76.8457 117.345 411
-77.5463 117.345 411
-78.4374 117.631 412
-79.1397 117.631 412
-80.2297 118.202 414
-80.9354 118.202 414
-82.0356 118.773 416
-82.9437 119.058 417
-83.6546 119.058 417
-84.3655 119.058 417
-85.2803 119.344 418
-85.9929 119.344 418
-86.7055 119.344 418
-87.6272 119.629 419
-89.8174 121.628 426
-90.5436 121.628 426
-92.5553 123.341 432
-93.7237 123.912 434
-94.4636 123.912 434
-95.4228 124.197 435
-96.1643 124.197 435
-96.9059 124.197 435
-97.6475 124.197 435
-98.6152 124.483 436
-99.5864 124.768 437
-100.561 125.054 438
-101.308 125.054 438
-102.287 125.339 439
-103.036 125.339 439
-103.784 125.339 439
-105.009 125.91 441
-105.76 125.91 441
-106.995 126.481 443
-107.751 126.481 443
-108.751 126.767 444
-109.754 127.053 445
-110.513 127.053 445
-111.271 127.053 445
-112.282 127.338 446
-113.296 127.624 447
-114.058 127.624 447
-114.82 127.624 447
-115.582 127.624 447
-116.344 127.624 447
-117.106 127.624 447
-117.868 127.624 447
-118.63 127.624 447
-119.392 127.624 447
-120.154 127.624 447
-783.172 613.849 2150
-786.838 613.849 2150
-792.341 615.277 2155
-796.015 615.277 2155
-800.802 616.133 2158
-806.718 617.846 2164
-810.407 617.846 2164
-814.096 617.846 2164
-817.785 617.846 2164
-821.474 617.846 2164
-825.163 617.846 2164
-825.405 615.277 2155
-828.309 614.706 2153
-831.979 614.706 2153
-836.426 615.277 2155
-840.1 615.277 2155
-844.948 616.133 2158
-848.627 616.133 2158
-852.306 616.133 2158
-855.985 616.133 2158
-859.664 616.133 2158
-863.342 616.133 2158
-867.021 616.133 2158
-869.49 615.277 2155
-873.163 615.277 2155
-876.837 615.277 2155
-880.511 615.277 2155
-883.364 614.706 2153
-883.326 612.136 2144
-886.154 611.565 2142
-889.805 611.565 2142
-892.206 610.709 2139
-894.596 609.852 2136
-896.134 608.425 2131
-899.767 608.425 2131
-903.4 608.425 2131
-907.033 608.425 2131
-909.384 607.568 2128
-913.011 607.568 2128
-914.055 605.855 2122
-916.807 605.284 2120
-919.119 604.427 2117
-922.728 604.427 2117
-926.337 604.427 2117
-928.628 603.571 2114
-932.232 603.571 2114
-935.835 603.571 2114
-939.439 603.571 2114
-942.151 603 2112
-944.408 602.143 2109
-948.003 602.143 2109
-949.342 600.716 2104
-947.947 597.575 2093
-949.242 596.148 2088
-952.802 596.148 2088
-952.697 593.863 2080
-953.944 592.436 2075
-955.174 591.008 2070
-958.703 591.008 2070
-957.584 588.153 2060
-955.03 584.442 2047
-956.179 583.014 2042
-959.66 583.014 2042
-963.141 583.014 2042
-966.622 583.014 2042
-967.728 581.587 2037
-971.2 581.587 2037
-962.711 574.449 2012
-960.378 571.023 2000
-962.824 570.452 1998
-966.23 570.452 1998
-966.239 568.453 1991
-966.224 566.454 1984
-967.163 565.027 1979
-970.536 565.027 1979
-970.465 563.028 1972
-973.827 563.028 1972
-977.189 563.028 1972
-980.551 563.028 1972
-982.914 562.457 1970
-982.768 560.459 1963
-984.608 559.602 1960
-987.949 559.602 1960
-990.279 559.031 1958
-993.617 559.031 1958
-995.936 558.46 1956
-999.271 558.46 1956
-1001.07 557.604 1953
-1001.31 555.891 1947
-22.2929 129.415 456
-23.0703 129.415 456
-23.8476 129.415 456
-24.625 129.415 456
-25.4024 129.415 456
-26.1797 129.415 456
-26.9571 129.415 456
-27.7345 129.415 456
-28.4493 129.131 455
-29.225 129.131 455
-29.9347 128.848 454
-30.4381 127.712 450
-31.1359 127.429 449
-31.9013 127.429 449
-32.5212 126.861 447
-33.1343 126.293 445
-33.7406 125.726 443
-34.3401 125.158 441
-35.0919 125.158 441
-35.8437 125.158 441
-36.4295 124.59 439
-36.7544 123.171 434
-36.7168 120.617 425
-37.4413 120.617 425
-38.1658 120.617 425
-38.7988 120.333 424
-39.5216 120.333 424
-40.2444 120.333 424
-40.9673 120.333 424
-41.5917 120.05 423
-42.1128 119.482 421
-42.627 118.914 419
-43.3413 118.914 419
-44.0556 118.914 419
-44.663 118.631 418
-45.2671 118.347 417
-45.8677 118.063 416
-46.5769 118.063 416
-47.286 118.063 416
-47.7645 117.495 414
-48.3532 117.212 413
-49.0572 117.212 413
-49.6408 116.928 412
-50.3431 116.928 412
-51.0455 116.928 412
-51.7479 116.928 412
-52.4502 116.928 412
-53.1526 116.928 412
-53.7242 116.644 411
-54.4249 116.644 411
-55.1255 116.644 411
-55.6903 116.36 410
-56.2517 116.076 409
-56.949 116.076 409
-57.6462 116.076 409
-58.2008 115.793 408
-58.8964 115.793 408
-59.4458 115.509 407
-60.2874 115.793 408
-60.983 115.793 408
-61.6785 115.793 408
-62.374 115.793 408
-63.0696 115.793 408
-63.7651 115.793 408
-64.4607 115.793 408
-65.1562 115.793 408
-65.8517 115.793 408
-66.3842 115.509 407
-67.078 115.509 407
-67.7718 115.509 407
-68.4657 115.509 407
-69.1595 115.509 407
-69.8533 115.509 407
-70.5471 115.509 407
-71.416 115.793 408
-72.1116 115.793 408
-72.8071 115.793 408
-73.6828 116.076 409
-74.38 116.076 409
-75.2608 116.36 410
-76.1451 116.644 411
-77.0327 116.928 412
-77.735 116.928 412
-78.4374 116.928 412
-79.5239 117.495 414
-80.2297 117.495 414
-81.3264 118.063 416
-82.2328 118.347 417
-83.1426 118.631 418
-83.8552 118.631 418
-84.5678 118.631 418
-85.4844 118.914 419
-86.1987 118.914 419
-86.913 118.914 419
-88.0455 119.482 421
-89.8174 120.901 426
-92.0314 122.888 433
-93.1981 123.455 435
-94.1556 123.739 436
-94.8989 123.739 436
-95.6421 123.739 436
-96.3854 123.739 436
-97.1287 123.739 436
-97.872 123.739 436
-98.8414 124.023 437
-99.8143 124.307 438
-100.791 124.59 439
-101.539 124.59 439
-102.287 124.59 439
-103.27 124.874 440
-104.02 124.874 440
-105.009 125.158 441
-106.24 125.726 443
-107.478 126.293 445
-108.237 126.293 445
-108.996 126.293 445
-110.001 126.577 446
-111.01 126.861 447
-111.772 126.861 447
-112.534 126.861 447
-113.296 126.861 447
-114.313 127.145 448
-115.076 127.145 448
-115.84 127.145 448
-116.604 127.145 448
-117.368 127.145 448
-118.131 127.145 448
-118.63 126.861 447
-784.265 611.033 2153
-787.936 611.033 2153
-791.606 611.033 2153
-795.276 611.033 2153
-799.689 611.6 2155
-805.599 613.303 2161
-809.283 613.303 2161
-812.967 613.303 2161
-816.651 613.303 2161
-820.335 613.303 2161
-824.019 613.303 2161
-825.405 611.6 2155
-828.309 611.033 2153
-829.661 609.33 2147
-835.65 611.033 2153
-839.32 611.033 2153
-843.774 611.6 2155
-848.627 612.452 2158
-852.306 612.452 2158
-855.985 612.452 2158
-859.664 612.452 2158
-863.342 612.452 2158
-867.021 612.452 2158
-869.49 611.6 2155
-872.353 611.033 2153
-876.023 611.033 2153
-879.694 611.033 2153
-882.133 610.181 2150
-883.326 608.478 2144
-886.154 607.911 2142
-889.805 607.911 2142
-892.206 607.059 2139
-894.596 606.208 2136
-896.134 604.789 2131
-899.767 604.789 2131
-903.4 604.789 2131
-907.033 604.789 2131
-909.384 603.937 2128
-913.011 603.937 2128
-914.055 602.235 2122
-915.51 600.816 2117
-919.119 600.816 2117
-922.728 600.816 2117
-925.024 599.964 2114
-928.628 599.964 2114
-932.232 599.964 2114
-935.835 599.964 2114
-939.439 599.964 2114
-942.151 599.397 2112
-942.169 597.126 2104
-945.756 597.126 2104
-946.635 595.423 2098
-947.041 593.437 2091
-945.605 590.315 2080
-949.151 590.315 2080
-950.407 588.896 2075
-951.646 587.477 2070
-951.483 585.206 2062
-954.998 585.206 2062
-953.865 582.368 2052
-952.697 579.53 2042
-952.432 577.26 2034
-955.9 577.26 2034
-959.367 577.26 2034
-962.835 577.26 2034
-965.352 576.692 2032
-968.816 576.692 2032
-960.797 569.881 2008
-960.378 567.61 2000
-960.414 565.624 1993
-963.812 565.624 1993
-964.783 564.205 1988
-966.224 563.07 1984
-967.163 561.651 1979
-970.536 561.651 1979
-970.465 559.664 1972
-973.827 559.664 1972
-977.189 559.664 1972
-980.551 559.664 1972
-982.914 559.096 1970
-982.768 557.11 1963
-984.608 556.258 1960
-987.949 556.258 1960
-990.279 555.691 1958
-993.617 555.691 1958
-995.936 555.123 1956
-999.271 555.123 1956
-1001.07 554.272 1953
-1001.31 552.569 1947
-22.2929 128.637 456
-23.0703 128.637 456
-23.8476 128.637 456
-24.625 128.637 456
-25.4024 128.637 456
-26.1797 128.637 456
-26.9571 128.637 456
-27.7345 128.637 456
-28.4493 128.355 455
-29.225 128.355 455
-29.8028 127.509 452
-30.5057 127.227 451
-31.1359 126.662 449
-31.9013 126.662 449
-32.594 126.38 448
-33.2088 125.816 446
-33.8168 125.252 444
-34.4958 124.97 443
-35.251 124.97 443
-35.8437 124.406 441
-36.5955 124.406 441
-37.2626 124.124 440
-38.0127 124.124 440
-38.2342 122.431 434
-38.1658 119.892 425
-38.8903 119.892 425
-39.6148 119.892 425
-40.3394 119.892 425
-41.0639 119.892 425
-41.5917 119.328 423
-42.1128 118.764 421
-42.7287 118.482 420
-43.4447 118.482 420
-44.0556 118.2 419
-44.7699 118.2 419
-45.3756 117.917 418
-45.9779 117.635 417
-46.6888 117.635 417
-47.3997 117.635 417
-47.9952 117.353 416
-48.4702 116.789 414
-49.176 116.789 414
-49.7613 116.507 413
-50.3431 116.225 412
-51.0455 116.225 412
-51.7479 116.225 412
-52.4502 116.225 412
-53.1526 116.225 412
-53.8549 116.225 412
-54.5573 116.225 412
-55.2596 116.225 412
-55.8262 115.943 411
-56.3893 115.661 410
-57.0882 115.661 410
-57.7872 115.661 410
-58.3435 115.379 409
-59.0407 115.379 409
-59.5919 115.096 408
-60.2874 115.096 408
-60.983 115.096 408
-61.6785 115.096 408
-62.374 115.096 408
-63.0696 115.096 408
-63.7651 115.096 408
-64.4607 115.096 408
-65.1562 115.096 408
-65.8517 115.096 408
-66.3842 114.814 407
-67.078 114.814 407
-67.7718 114.814 407
-68.4657 114.814 407
-69.1595 114.814 407
-69.8533 114.814 407
-70.5471 114.814 407
-71.416 115.096 408
-72.1116 115.096 408
-72.8071 115.096 408
-73.6828 115.379 409
-74.38 115.379 409
-75.2608 115.661 410
-76.1451 115.943 411
-77.0327 116.225 412
-77.735 116.225 412
-78.8181 116.789 414
-79.9081 117.353 416
-80.6173 117.353 416
-81.5219 117.635 417
-82.43 117.917 418
-83.1426 117.917 418
-83.8552 117.917 418
-84.7701 118.2 419
-85.4844 118.2 419
-86.6101 118.764 421
-87.3278 118.764 421
-90.5551 122.149 433
-91.2933 122.149 433
-92.8816 123.277 437
-93.6266 123.277 437
-94.5875 123.559 438
-95.3342 123.559 438
-96.0809 123.559 438
-96.8275 123.559 438
-97.5742 123.559 438
-98.3209 123.559 438
-99.0676 123.559 438
-100.042 123.842 439
-100.791 123.842 439
-101.539 123.842 439
-102.52 124.124 440
-103.27 124.124 440
-104.02 124.124 440
-105.009 124.406 441
-106.72 125.534 445
-107.72 125.816 446
-108.48 125.816 446
-109.485 126.098 447
-110.494 126.38 448
-111.258 126.38 448
-112.022 126.38 448
-112.785 126.38 448
-113.549 126.38 448
-114.313 126.38 448
-115.076 126.38 448
-116.099 126.662 449
-116.864 126.662 449
-117.63 126.662 449
-118.131 126.38 448
-118.63 126.098 447
-784.265 607.359 2153
-787.936 607.359 2153
-791.606 607.359 2153
-795.276 607.359 2153
-799.689 607.924 2155
-805.599 609.616 2161
-809.283 609.616 2161
-812.967 609.616 2161
-816.651 609.616 2161
-820.335 609.616 2161
-824.019 609.616 2161
-825.405 607.924 2155
-828.309 607.359 2153
-829.661 605.667 2147
-835.65 607.359 2153
-839.32 607.359 2153
-843.774 607.924 2155
-848.627 608.77 2158
-852.306 608.77 2158
-855.985 608.77 2158
-859.664 608.77 2158
-863.342 608.77 2158
-867.021 608.77 2158
-868.683 607.359 2153
-872.353 607.359 2153
-876.023 607.359 2153
-879.694 607.359 2153
-880.902 605.667 2147
-883.326 604.82 2144
-886.981 604.82 2144
-890.636 604.82 2144
-892.206 603.41 2139
-894.596 602.564 2136
-896.134 601.153 2131
-899.767 601.153 2131
-903.4 601.153 2131
-907.033 601.153 2131
-908.102 599.461 2125
-911.724 599.461 2125
-914.055 598.614 2122
-915.51 597.204 2117
-917.816 596.357 2114
-921.42 596.357 2114
-925.024 596.357 2114
-927.749 595.793 2112
-931.35 595.793 2112
-934.95 595.793 2112
-938.55 595.793 2112
-939.474 594.101 2106
-940.826 592.69 2101
-944.407 592.69 2101
-944.379 590.433 2093
-944.324 588.177 2085
-943.332 585.356 2075
-946.87 585.356 2075
-948.117 583.945 2070
-947.968 581.688 2062
-948.253 579.714 2055
-951.756 579.714 2055
-951.541 577.457 2047
-948.965 573.79 2034
-950.559 572.661 2030
-954.02 572.661 2030
-957.481 572.661 2030
-960.941 572.661 2030
-962.977 571.815 2027
-966.432 571.815 2027
-959.361 565.609 2005
-959.418 563.634 1998
-959.451 561.659 1991
-962.845 561.659 1991
-964.783 560.813 1988
-964.763 558.838 1981
-966.185 557.71 1977
-969.556 557.71 1977
-970.465 556.299 1972
-973.827 556.299 1972
-976.198 555.735 1970
-979.556 555.735 1970
-981.418 554.889 1967
-981.266 552.914 1960
-983.603 552.35 1958
-986.941 552.35 1958
-990.279 552.35 1958
-992.602 551.786 1956
-994.409 550.94 1953
-997.738 550.94 1953
-1000.04 550.375 1951
-1001.31 549.247 1947
-23.0703 127.859 456
-23.8476 127.859 456
-24.625 127.859 456
-25.4024 127.859 456
-26.1797 127.859 456
-26.9571 127.859 456
-27.7345 127.859 456
-28.4493 127.579 455
-29.225 127.579 455
-29.8687 127.018 453
-30.5057 126.457 451
-31.1359 125.896 449
-31.9013 125.896 449
-32.594 125.616 448
-33.2088 125.055 446
-33.8168 124.494 444
-34.4958 124.214 443
-35.251 124.214 443
-35.8437 123.653 441
-36.5955 123.653 441
-37.3473 123.653 441
-38.099 123.653 441
-38.7627 123.373 440
-38.974 121.691 434
-39.6224 121.41 433
-39.9877 120.289 429
-40.719 120.289 429
-41.1605 119.447 426
-41.7884 119.167 425
-42.3128 118.606 423
-42.7287 117.765 420
-43.4447 117.765 420
-44.1607 117.765 420
-44.7699 117.485 419
-45.3756 117.204 418
-46.0882 117.204 418
-46.8008 117.204 418
-47.3997 116.924 417
-48.1106 116.924 417
-48.5873 116.363 415
-49.2948 116.363 415
-49.8818 116.083 414
-50.4653 115.802 413
-51.1694 115.802 413
-51.8735 115.802 413
-52.5775 115.802 413
-53.2816 115.802 413
-53.9856 115.802 413
-54.6897 115.802 413
-55.2596 115.522 412
-55.962 115.522 412
-56.5268 115.242 411
-57.2275 115.242 411
-57.7872 114.961 410
-58.4861 114.961 410
-59.0407 114.681 409
-59.7379 114.681 409
-60.4352 114.681 409
-61.1324 114.681 409
-61.8297 114.681 409
-62.5269 114.681 409
-63.0696 114.4 408
-63.7651 114.4 408
-64.4607 114.4 408
-65.1562 114.4 408
-65.8517 114.4 408
-66.5473 114.4 408
-67.2428 114.4 408
-67.7718 114.12 407
-68.4657 114.12 407
-69.1595 114.12 407
-69.8533 114.12 407
-70.7205 114.4 408
-71.416 114.4 408
-72.1116 114.4 408
-72.9855 114.681 409
-73.8629 114.961 410
-74.5619 114.961 410
-75.4444 115.242 411
-76.3303 115.522 412
-77.0327 115.522 412
-77.735 115.522 412
-78.8181 116.083 414
-79.9081 116.643 416
-80.6173 116.643 416
-81.5219 116.924 417
-82.43 117.204 418
-83.1426 117.204 418
-83.8552 117.204 418
-84.7701 117.485 419
-85.4844 117.485 419
-86.6101 118.045 421
-87.3278 118.045 421
-90.5551 121.41 433
-91.2933 121.41 433
-92.8816 122.532 437
-93.6266 122.532 437
-94.5875 122.812 438
-95.3342 122.812 438
-96.0809 122.812 438
-96.8275 122.812 438
-97.5742 122.812 438
-98.3209 122.812 438
-99.0676 122.812 438
-100.042 123.093 439
-100.791 123.093 439
-101.539 123.093 439
-102.52 123.373 440
-103.27 123.373 440
-104.02 123.373 440
-105.009 123.653 441
-106.96 125.055 446
-107.961 125.336 447
-108.723 125.336 447
-109.73 125.616 448
-110.494 125.616 448
-111.258 125.616 448
-112.022 125.616 448
-112.785 125.616 448
-113.549 125.616 448
-114.313 125.616 448
-115.333 125.896 449
-116.099 125.896 449
-116.864 125.896 449
-117.63 125.896 449
-118.395 125.896 449
-118.63 125.336 447
-784.265 603.686 2153
-787.936 603.686 2153
-791.606 603.686 2153
-795.276 603.686 2153
-798.947 603.686 2153
-803.362 604.247 2155
-808.16 605.088 2158
-811.839 605.088 2158
-815.517 605.088 2158
-819.196 605.088 2158
-822.875 605.088 2158
-824.639 603.686 2153
-826.001 602.004 2147
-829.661 602.004 2147
-835.65 603.686 2153
-839.32 603.686 2153
-843.774 604.247 2155
-848.627 605.088 2158
-852.306 605.088 2158
-855.985 605.088 2158
-859.664 605.088 2158
-863.342 605.088 2158
-867.021 605.088 2158
-868.683 603.686 2153
-872.353 603.686 2153
-876.023 603.686 2153
-879.694 603.686 2153
-880.902 602.004 2147
-883.326 601.163 2144
-886.981 601.163 2144
-890.636 601.163 2144
-892.206 599.761 2139
-894.596 598.919 2136
-896.134 597.517 2131
-899.767 597.517 2131
-903.4 597.517 2131
-907.033 597.517 2131
-908.102 595.835 2125
-911.724 595.835 2125
-914.055 594.994 2122
-915.51 593.592 2117
-917.816 592.751 2114
-921.42 592.751 2114
-925.024 592.751 2114
-927.749 592.19 2112
-931.35 592.19 2112
-934.95 592.19 2112
-938.55 592.19 2112
-938.582 589.947 2104
-939.482 588.264 2098
-943.059 588.264 2098
-942.123 585.461 2088
-941.154 582.657 2078
-941.059 580.413 2070
-944.588 580.413 2070
-945.827 579.012 2065
-947.048 577.61 2060
-946.868 575.366 2052
-950.367 575.366 2052
-950.146 573.123 2044
-948.965 570.319 2034
-948.218 567.796 2025
-951.67 567.796 2025
-955.122 567.796 2025
-958.575 567.796 2025
-960.601 566.955 2022
-964.048 566.955 2022
-958.404 561.627 2003
-958.457 559.664 1996
-958.005 557.421 1988
-961.394 557.421 1988
-963.812 556.86 1986
-963.789 554.898 1979
-966.185 554.337 1977
-969.556 554.337 1977
-970.465 552.935 1972
-972.839 552.374 1970
-974.711 551.533 1967
-978.064 551.533 1967
-980.42 550.972 1965
-981.266 549.57 1960
-983.603 549.01 1958
-986.941 549.01 1958
-989.267 548.449 1956
-991.079 547.607 1953
-994.409 547.607 1953
-997.738 547.607 1953
-1000.04 547.047 1951
-1001.31 545.925 1947
-6.47868 137.95 495
-7.32253 137.95 495
-8.16638 137.95 495
-9.01023 137.95 495
-24.625 127.081 456
-25.4024 127.081 456
-26.1797 127.081 456
-26.9571 127.081 456
-27.7345 127.081 456
-28.5118 127.081 456
-29.225 126.803 455
-29.8687 126.245 453
-30.5057 125.688 451
-31.1359 125.13 449
-31.9013 125.13 449
-32.594 124.852 448
-33.2088 124.294 446
-33.8168 123.737 444
-34.4958 123.458 443
-35.251 123.458 443
-35.8437 122.901 441
-36.5955 122.901 441
-37.3473 122.901 441
-38.099 122.901 441
-38.7627 122.622 440
-38.974 120.95 434
-39.6224 120.671 433
-39.9877 119.557 429
-40.719 119.557 429
-41.1605 118.721 426
-41.7884 118.442 425
-42.3128 117.885 423
-42.7287 117.048 420
-43.4447 117.048 420
-44.1607 117.048 420
-44.8767 117.048 420
-45.3756 116.491 418
-46.0882 116.491 418
-46.8008 116.491 418
-47.3997 116.212 417
-48.1106 116.212 417
-48.5873 115.655 415
-49.2948 115.655 415
-49.8818 115.376 414
-50.4653 115.098 413
-51.1694 115.098 413
-51.8735 115.098 413
-52.5775 115.098 413
-53.2816 115.098 413
-53.9856 115.098 413
-54.6897 115.098 413
-55.3938 115.098 413
-55.962 114.819 412
-56.6643 114.819 412
-57.3667 114.819 412
-57.9281 114.54 411
-58.6288 114.54 411
-59.1851 114.262 410
-59.884 114.262 410
-60.583 114.262 410
-61.1324 113.983 409
-61.8297 113.983 409
-62.5269 113.983 409
-63.2242 113.983 409
-63.9214 113.983 409
-64.6186 113.983 409
-65.3159 113.983 409
-66.0131 113.983 409
-66.5473 113.704 408
-67.2428 113.704 408
-67.9383 113.704 408
-68.6339 113.704 408
-69.3294 113.704 408
-70.0249 113.704 408
-70.7205 113.704 408
-71.416 113.704 408
-72.2883 113.983 409
-73.164 114.262 410
-73.8629 114.262 410
-74.5619 114.262 410
-75.628 114.819 412
-76.3303 114.819 412
-77.2196 115.098 413
-77.9237 115.098 413
-79.1989 115.934 416
-80.2923 116.491 418
-81.0048 116.491 418
-81.7174 116.491 418
-82.6272 116.77 419
-83.3415 116.77 419
-84.0558 116.77 419
-84.7701 116.77 419
-86.7085 118.442 425
-87.433 118.442 425
-89.817 120.671 433
-91.3917 121.786 437
-92.1366 121.786 437
-93.0942 122.065 438
-94.0551 122.344 439
-94.8035 122.344 439
-95.5518 122.344 439
-96.3002 122.344 439
-97.0486 122.344 439
-97.797 122.344 439
-98.5454 122.344 439
-99.2938 122.344 439
-100.042 122.344 439
-100.791 122.344 439
-101.77 122.622 440
-102.52 122.622 440
-103.27 122.622 440
-104.02 122.622 440
-105.009 122.901 441
-106.96 124.294 446
-107.961 124.573 447
-108.723 124.573 447
-109.73 124.852 448
-110.494 124.852 448
-111.258 124.852 448
-112.022 124.852 448
-112.785 124.852 448
-113.549 124.852 448
-114.313 124.852 448
-115.333 125.13 449
-116.099 125.13 449
-116.864 125.13 449
-117.63 125.13 449
-118.395 125.13 449
-784.265 600.013 2153
-787.936 600.013 2153
-791.606 600.013 2153
-795.276 600.013 2153
-798.947 600.013 2153
-801.499 599.177 2150
-805.164 599.177 2150
-808.829 599.177 2150
-812.494 599.177 2150
-816.159 599.177 2150
-819.825 599.177 2150
-822.341 598.341 2147
-824.077 596.947 2142
-827.729 596.947 2142
-832.157 597.505 2144
-835.812 597.505 2144
-842.99 600.013 2153
-846.661 600.013 2153
-852.306 601.406 2158
-855.985 601.406 2158
-859.664 601.406 2158
-861.342 600.013 2153
-865.012 600.013 2153
-868.683 600.013 2153
-869.922 598.341 2147
-873.582 598.341 2147
-877.242 598.341 2147
-880.902 598.341 2147
-883.326 597.505 2144
-886.981 597.505 2144
-890.636 597.505 2144
-892.206 596.111 2139
-893.339 594.439 2133
-896.134 593.882 2131
-899.767 593.882 2131
-903.4 593.882 2131
-905.756 593.046 2128
-906.82 591.374 2122
-910.437 591.374 2122
-913.193 590.816 2120
-914.212 589.144 2114
-917.816 589.144 2114
-921.42 589.144 2114
-924.149 588.587 2112
-927.749 588.587 2112
-930.027 587.751 2109
-933.622 587.751 2109
-937.217 587.751 2109
-938.582 586.357 2104
-939.482 584.685 2098
-943.059 584.685 2098
-942.123 581.898 2088
-941.154 579.111 2078
-941.059 576.882 2070
-944.588 576.882 2070
-945.827 575.488 2065
-947.048 574.095 2060
-946.868 571.865 2052
-950.367 571.865 2052
-950.146 569.636 2044
-948.965 566.849 2034
-948.218 564.341 2025
-951.67 564.341 2025
-955.122 564.341 2025
-958.575 564.341 2025
-960.601 563.505 2022
-964.048 563.505 2022
-958.404 558.21 2003
-958.457 556.259 1996
-958.005 554.03 1988
-961.394 554.03 1988
-963.812 553.472 1986
-963.789 551.521 1979
-963.742 549.571 1972
-967.104 549.571 1972
-969.481 549.013 1970
-971.358 548.177 1967
-973.72 547.62 1965
-977.07 547.62 1965
-979.422 547.062 1963
-980.265 545.669 1958
-982.598 545.112 1956
-985.933 545.112 1956
-987.75 544.276 1953
-990.064 543.718 1951
-993.39 543.718 1951
-996.716 543.718 1951
-999.017 543.161 1949
-1001.31 542.603 1947
-4.81033 137.659 497
-5.65759 137.659 497
-6.50485 137.659 497
-7.35211 137.659 497
-8.19937 137.659 497
-9.01023 137.105 495
-9.85408 137.105 495
-24.679 126.58 457
-25.4581 126.58 457
-26.2371 126.58 457
-26.9571 126.303 456
-27.7345 126.303 456
-28.5118 126.303 456
-29.225 126.026 455
-29.8687 125.472 453
-30.5057 124.918 451
-31.2052 124.641 450
-31.9723 124.641 450
-32.594 124.087 448
-33.2088 123.533 446
-33.8929 123.256 445
-34.5737 122.979 444
-35.3306 122.979 444
-35.9249 122.426 442
-36.5955 122.149 441
-37.3473 122.149 441
-38.099 122.149 441
-38.8508 122.149 441
-39.5128 121.872 440
-39.7139 120.21 434
-40.3605 119.933 433
-41.0987 119.933 433
-41.4504 118.825 429
-41.8867 117.994 426
-42.3128 117.163 423
-42.8305 116.609 421
-43.5482 116.609 421
-44.1607 116.332 420
-44.8767 116.332 420
-45.3756 115.778 418
-46.0882 115.778 418
-46.8008 115.778 418
-47.3997 115.501 417
-48.1106 115.501 417
-48.5873 114.947 415
-49.2948 114.947 415
-49.8818 114.67 414
-50.4653 114.393 413
-51.1694 114.393 413
-51.8735 114.393 413
-52.5775 114.393 413
-53.2816 114.393 413
-53.9856 114.393 413
-54.6897 114.393 413
-55.3938 114.393 413
-55.962 114.116 412
-56.6643 114.116 412
-57.3667 114.116 412
-57.9281 113.839 411
-58.6288 113.839 411
-59.1851 113.562 410
-59.884 113.562 410
-60.583 113.562 410
-61.2819 113.562 410
-61.9809 113.562 410
-62.6798 113.562 410
-63.3787 113.562 410
-64.0777 113.562 410
-64.7766 113.562 410
-65.4756 113.562 410
-66.0131 113.285 409
-66.7104 113.285 409
-67.4076 113.285 409
-68.1049 113.285 409
-68.8021 113.285 409
-69.4993 113.285 409
-70.1966 113.285 409
-70.8938 113.285 409
-71.5911 113.285 409
-72.465 113.562 410
-73.164 113.562 410
-74.0431 113.839 411
-74.7437 113.839 411
-75.628 114.116 412
-76.3303 114.116 412
-77.2196 114.393 413
-78.4897 115.224 416
-79.7701 116.055 419
-80.6764 116.332 420
-81.3924 116.332 420
-82.1084 116.332 420
-82.8244 116.332 420
-83.5404 116.332 420
-84.2564 116.332 420
-86.5909 118.548 428
-87.3206 118.548 428
-89.2845 120.21 434
-90.2318 120.487 435
-91.6008 121.318 438
-92.3475 121.318 438
-93.3067 121.595 439
-94.2693 121.872 440
-95.0194 121.872 440
-95.7695 121.872 440
-96.5196 121.872 440
-97.2697 121.872 440
-97.797 121.595 439
-98.5454 121.595 439
-99.2938 121.595 439
-100.042 121.595 439
-100.791 121.595 439
-101.77 121.872 440
-102.52 121.872 440
-103.27 121.872 440
-104.02 121.872 440
-105.009 122.149 441
-106.96 123.533 446
-107.961 123.81 447
-108.723 123.81 447
-109.73 124.087 448
-110.494 124.087 448
-111.258 124.087 448
-112.022 124.087 448
-112.785 124.087 448
-113.549 124.087 448
-114.313 124.087 448
-115.333 124.364 449
-116.099 124.364 449
-116.864 124.364 449
-117.63 124.364 449
-118.395 124.364 449
-779.812 598.555 2161
-783.495 598.555 2161
-787.179 598.555 2161
-790.863 598.555 2161
-794.547 598.555 2161
-798.231 598.555 2161
-798.947 596.34 2153
-801.499 595.509 2150
-805.164 595.509 2150
-808.829 595.509 2150
-812.494 595.509 2150
-816.159 595.509 2150
-819.825 595.509 2150
-821.192 593.847 2144
-824.077 593.293 2142
-827.729 593.293 2142
-833.321 594.678 2147
-836.981 594.678 2147
-841.816 595.509 2150
-846.661 596.34 2153
-850.331 596.34 2153
-854.001 596.34 2153
-857.672 596.34 2153
-861.342 596.34 2153
-865.012 596.34 2153
-867.472 595.509 2150
-869.922 594.678 2147
-873.582 594.678 2147
-877.242 594.678 2147
-880.902 594.678 2147
-883.326 593.847 2144
-886.981 593.847 2144
-890.636 593.847 2144
-892.206 592.462 2139
-892.502 590.246 2131
-894.873 589.415 2128
-898.5 589.415 2128
-902.128 589.415 2128
-905.756 589.415 2128
-905.965 587.199 2120
-909.579 587.199 2120
-911.901 586.368 2117
-913.347 584.983 2112
-916.948 584.983 2112
-920.548 584.983 2112
-921.523 583.322 2106
-925.114 583.322 2106
-928.704 583.322 2106
-932.294 583.322 2106
-935.884 583.322 2106
-938.582 582.768 2104
-937.243 579.721 2093
-940.811 579.721 2093
-942.123 578.336 2088
-939.795 574.735 2075
-939.695 572.519 2067
-943.219 572.519 2067
-943.536 570.58 2060
-944.75 569.195 2055
-943.177 566.149 2044
-946.662 566.149 2044
-949.216 565.595 2042
-948.032 562.825 2032
-948.218 560.886 2025
-951.67 560.886 2025
-955.122 560.886 2025
-957.154 560.055 2022
-958.226 558.67 2017
-961.664 558.67 2017
-956.969 553.962 2000
-957.017 552.023 1993
-958.005 550.638 1988
-961.394 550.638 1988
-961.386 548.699 1981
-962.815 547.591 1977
-963.742 546.206 1972
-967.104 546.206 1972
-969.481 545.652 1970
-971.358 544.821 1967
-973.72 544.267 1965
-977.07 544.267 1965
-979.422 543.713 1963
-980.265 542.328 1958
-982.598 541.774 1956
-985.933 541.774 1956
-987.75 540.943 1953
-990.064 540.39 1951
-993.39 540.39 1951
-996.716 540.39 1951
-999.017 539.836 1949
-1001.31 539.282 1947
-4.81033 136.812 497
-5.65759 136.812 497
-6.50485 136.812 497
-7.35211 136.812 497
-8.19937 136.812 497
-9.01023 136.261 495
-9.85408 136.261 495
-10.6763 135.986 494
-11.5185 135.986 494
-24.733 126.076 458
-25.5138 126.076 458
-26.2945 126.076 458
-27.0162 125.801 457
-27.7345 125.525 456
-28.5118 125.525 456
-29.225 125.25 455
-29.8687 124.699 453
-30.5057 124.149 451
-31.2052 123.874 450
-31.9723 123.874 450
-32.594 123.323 448
-33.2088 122.773 446
-33.9691 122.773 446
-34.7294 122.773 446
-35.3306 122.222 444
-35.9249 121.671 442
-36.5955 121.396 441
-37.3473 121.396 441
-38.099 121.396 441
-38.8508 121.396 441
-39.5128 121.121 440
-40.0799 120.57 438
-40.8266 120.57 438
-41.0987 119.194 433
-41.4504 118.093 429
-41.8867 117.267 426
-42.4129 116.716 424
-42.9322 116.166 422
-43.6516 116.166 422
-44.1607 115.615 420
-44.8767 115.615 420
-45.3756 115.065 418
-46.0882 115.065 418
-46.8008 115.065 418
-47.3997 114.79 417
-48.1106 114.79 417
-48.5873 114.239 415
-49.2948 114.239 415
-49.8818 113.964 414
-50.5875 113.964 414
-51.1694 113.688 413
-51.8735 113.688 413
-52.5775 113.688 413
-53.2816 113.688 413
-53.9856 113.688 413
-54.6897 113.688 413
-55.3938 113.688 413
-56.0978 113.688 413
-56.6643 113.413 412
-57.3667 113.413 412
-58.0691 113.413 412
-58.6288 113.138 411
-59.3294 113.138 411
-60.0301 113.138 411
-60.583 112.863 410
-61.2819 112.863 410
-61.9809 112.863 410
-62.6798 112.863 410
-63.3787 112.863 410
-64.0777 112.863 410
-64.7766 112.863 410
-65.4756 112.863 410
-66.0131 112.587 409
-66.7104 112.587 409
-67.4076 112.587 409
-68.1049 112.587 409
-68.8021 112.587 409
-69.4993 112.587 409
-70.1966 112.587 409
-70.8938 112.587 409
-71.5911 112.587 409
-72.465 112.863 410
-73.164 112.863 410
-74.0431 113.138 411
-74.7437 113.138 411
-75.628 113.413 412
-76.3303 113.413 412
-77.2196 113.688 413
-78.4897 114.514 416
-79.9604 115.615 420
-80.8685 115.891 421
-81.5862 115.891 421
-82.3039 115.891 421
-83.0216 115.891 421
-83.9382 116.166 422
-84.6576 116.166 422
-88.0071 119.744 435
-88.7487 119.744 435
-89.4903 119.744 435
-90.6467 120.295 437
-91.6008 120.57 438
-92.3475 120.57 438
-93.3067 120.846 439
-94.2693 121.121 440
-95.0194 121.121 440
-95.7695 121.121 440
-96.5196 121.121 440
-97.2697 121.121 440
-97.797 120.846 439
-98.5454 120.846 439
-99.2938 120.846 439
-100.042 120.846 439
-100.791 120.846 439
-101.77 121.121 440
-102.52 121.121 440
-103.27 121.121 440
-104.02 121.121 440
-105.009 121.396 441
-106.96 122.773 446
-107.961 123.048 447
-108.723 123.048 447
-109.73 123.323 448
-110.494 123.323 448
-111.258 123.323 448
-112.022 123.323 448
-112.785 123.323 448
-113.549 123.323 448
-776.128 594.869 2161
-780.894 595.694 2164
-784.583 595.694 2164
-789.365 596.52 2167
-793.059 596.52 2167
-796.753 596.52 2167
-800.448 596.52 2167
-803.029 595.694 2164
-803.362 593.217 2155
-807.036 593.217 2155
-810.71 593.217 2155
-814.384 593.217 2155
-817.298 592.666 2153
-820.969 592.666 2153
-823.49 591.841 2150
-826.001 591.015 2147
-829.661 591.015 2147
-834.485 591.841 2150
-838.151 591.841 2150
-841.816 591.841 2150
-846.661 592.666 2153
-850.331 592.666 2153
-854.001 592.666 2153
-857.672 592.666 2153
-861.342 592.666 2153
-865.012 592.666 2153
-865.051 590.189 2144
-868.706 590.189 2144
-872.361 590.189 2144
-876.016 590.189 2144
-879.671 590.189 2144
-883.326 590.189 2144
-884.913 588.812 2139
-888.559 588.812 2139
-889.703 587.161 2133
-891.245 585.784 2128
-893.611 584.959 2125
-897.234 584.959 2125
-900.857 584.959 2125
-903.202 584.133 2122
-904.683 582.756 2117
-908.292 582.756 2117
-909.747 581.38 2112
-912.05 580.554 2109
-914.343 579.728 2106
-917.933 579.728 2106
-921.523 579.728 2106
-924.235 579.178 2104
-927.822 579.178 2104
-931.409 579.178 2104
-934.995 579.178 2104
-935.013 576.976 2096
-935.004 574.773 2088
-938.564 574.773 2088
-939.867 573.397 2083
-938.436 570.369 2072
-938.786 568.442 2065
-942.306 568.442 2065
-943.536 567.066 2060
-943.37 564.864 2052
-942.254 562.111 2042
-945.735 562.111 2042
-945.498 559.909 2034
-945.699 557.982 2027
-948.218 557.431 2025
-951.67 557.431 2025
-952.764 556.055 2020
-954.788 555.229 2017
-955.851 553.853 2012
-959.281 553.853 2012
-956.969 550.549 2000
-956.057 548.072 1991
-957.041 546.696 1986
-960.427 546.696 1986
-959.445 544.218 1977
-961.354 543.392 1974
-963.742 542.842 1972
-967.104 542.842 1972
-968.005 541.465 1967
-970.37 540.915 1965
-973.72 540.915 1965
-977.07 540.915 1965
-977.925 539.538 1960
-980.265 538.988 1958
-981.091 537.611 1953
-984.421 537.611 1953
-986.738 537.061 1951
-990.064 537.061 1951
-992.372 536.51 1949
-995.695 536.51 1949
-999.017 536.51 1949
-999.768 535.134 1944
-4.81033 135.964 497
-5.65759 135.964 497
-6.50485 135.964 497
-7.35211 135.964 497
-8.19937 135.964 497
-9.01023 135.416 495
-9.85408 135.416 495
-10.6763 135.143 494
-11.5185 135.143 494
-24.733 125.294 458
-25.5138 125.294 458
-26.2945 125.294 458
-27.0162 125.021 457
-27.7345 124.747 456
-28.5118 124.747 456
-29.2892 124.747 456
-29.9347 124.2 454
-30.641 123.927 453
-31.2746 123.379 451
-32.0434 123.379 451
-32.6667 122.832 449
-33.2832 122.285 447
-33.9691 122.012 446
-34.7294 122.012 446
-35.4102 121.738 445
-35.9249 120.917 442
-36.5955 120.644 441
-37.3473 120.644 441
-38.099 120.644 441
-38.8508 120.644 441
-39.5128 120.37 440
-40.0799 119.823 438
-40.8266 119.823 438
-41.1936 118.729 434
-41.7402 118.182 432
-42.0834 117.087 428
-42.5129 116.267 425
-43.1357 115.993 424
-43.8585 115.993 424
-44.1607 114.899 420
-44.7699 114.625 419
-45.3756 114.352 418
-46.0882 114.352 418
-46.6888 114.078 417
-47.3997 114.078 417
-47.9952 113.805 416
-48.5873 113.531 415
-49.2948 113.531 415
-50.0023 113.531 415
-50.5875 113.257 414
-51.2933 113.257 414
-51.9991 113.257 414
-52.7048 113.257 414
-53.2816 112.984 413
-53.9856 112.984 413
-54.6897 112.984 413
-55.3938 112.984 413
-56.0978 112.984 413
-56.6643 112.71 412
-57.3667 112.71 412
-58.0691 112.71 412
-58.7714 112.71 412
-59.3294 112.437 411
-60.0301 112.437 411
-60.7307 112.437 411
-61.4314 112.437 411
-62.132 112.437 411
-62.8327 112.437 411
-63.5333 112.437 411
-64.234 112.437 411
-64.7766 112.163 410
-65.4756 112.163 410
-66.1745 112.163 410
-66.8735 112.163 410
-67.4076 111.89 409
-68.1049 111.89 409
-68.8021 111.89 409
-69.4993 111.89 409
-70.1966 111.89 409
-70.8938 111.89 409
-71.5911 111.89 409
-72.465 112.163 410
-73.164 112.163 410
-74.0431 112.437 411
-74.7437 112.437 411
-75.628 112.71 412
-76.5156 112.984 413
-77.2196 112.984 413
-79.0558 114.625 419
-79.9604 114.899 420
-80.8685 115.172 421
-81.5862 115.172 421
-82.3039 115.172 421
-83.0216 115.172 421
-83.9382 115.446 422
-84.6576 115.446 422
-88.0071 119.002 435
-88.7487 119.002 435
-89.4903 119.002 435
-90.6467 119.549 437
-91.6008 119.823 438
-92.3475 119.823 438
-93.3067 120.097 439
-94.2693 120.37 440
-95.0194 120.37 440
-95.7695 120.37 440
-96.5196 120.37 440
-97.2697 120.37 440
-97.797 120.097 439
-98.5454 120.097 439
-99.2938 120.097 439
-100.042 120.097 439
-100.791 120.097 439
-101.539 120.097 439
-102.52 120.37 440
-103.27 120.37 440
-104.02 120.37 440
-105.009 120.644 441
-106.96 122.012 446
-107.961 122.285 447
-108.967 122.559 448
-109.73 122.559 448
-110.494 122.559 448
-111.258 122.559 448
-112.022 122.559 448
-112.785 122.559 448
-113.549 122.559 448
-776.128 591.182 2161
-780.894 592.002 2164
-784.583 592.002 2164
-789.365 592.823 2167
-793.059 592.823 2167
-796.753 592.823 2167
-800.448 592.823 2167
-803.029 592.002 2164
-803.362 589.54 2155
-807.036 589.54 2155
-810.71 589.54 2155
-814.384 589.54 2155
-817.298 588.993 2153
-820.969 588.993 2153
-823.49 588.172 2150
-826.001 587.352 2147
-829.661 587.352 2147
-834.485 588.172 2150
-838.151 588.172 2150
-841.816 588.172 2150
-846.661 588.993 2153
-850.331 588.993 2153
-854.001 588.993 2153
-857.672 588.993 2153
-861.342 588.993 2153
-865.012 588.993 2153
-865.051 586.531 2144
-868.706 586.531 2144
-872.361 586.531 2144
-876.016 586.531 2144
-879.671 586.531 2144
-883.326 586.531 2144
-884.913 585.163 2139
-888.559 585.163 2139
-889.703 583.522 2133
-891.245 582.154 2128
-893.611 581.333 2125
-897.234 581.333 2125
-900.857 581.333 2125
-903.202 580.513 2122
-904.683 579.145 2117
-908.292 579.145 2117
-909.747 577.777 2112
-912.05 576.956 2109
-914.343 576.135 2106
-917.933 576.135 2106
-921.523 576.135 2106
-924.235 575.588 2104
-927.822 575.588 2104
-931.409 575.588 2104
-934.995 575.588 2104
-935.013 573.4 2096
-935.004 571.211 2088
-938.564 571.211 2088
-939.867 569.843 2083
-938.436 566.834 2072
-938.786 564.919 2065
-942.306 564.919 2065
-941.246 562.183 2055
-939.693 559.174 2044
-940.87 557.806 2039
-944.346 557.806 2039
-943.638 555.344 2030
-945.699 554.523 2027
-945.877 552.609 2020
-949.32 552.609 2020
-951.349 551.788 2017
-953.841 551.241 2015
-954.901 549.873 2010
-958.327 549.873 2010
-956.969 547.137 2000
-956.057 544.675 1991
-957.041 543.307 1986
-960.427 543.307 1986
-959.445 540.845 1977
-960.38 539.477 1972
-963.742 539.477 1972
-967.104 539.477 1972
-967.02 537.562 1965
-970.37 537.562 1965
-972.729 537.015 1963
-976.076 537.015 1963
-977.925 536.194 1960
-979.264 535.1 1956
-980.086 533.732 1951
-983.412 533.732 1951
-986.738 533.732 1951
-989.049 533.185 1949
-992.372 533.185 1949
-995.695 533.185 1949
-997.992 532.638 1947
-998.74 531.27 1942
-4.81033 135.116 497
-5.65759 135.116 497
-6.50485 135.116 497
-7.33732 134.844 496
-8.18287 134.844 496
-9.01023 134.572 495
-9.83417 134.3 494
-10.6763 134.3 494
-11.5185 134.3 494
-24.0568 125.057 460
-24.841 125.057 460
-25.6252 125.057 460
-26.352 124.785 459
-27.0753 124.513 458
-27.7953 124.241 457
-28.5743 124.241 457
-29.2892 123.969 456
-29.9347 123.426 454
-30.641 123.154 453
-31.2746 122.61 451
-32.0434 122.61 451
-32.6667 122.066 449
-33.2832 121.523 447
-33.9691 121.251 446
-34.7294 121.251 446
-35.4102 120.979 445
-35.9249 120.163 442
-36.5955 119.891 441
-37.3473 119.891 441
-38.099 119.891 441
-38.8508 119.891 441
-39.5128 119.619 440
-40.0799 119.076 438
-40.8266 119.076 438
-41.1936 117.988 434
-41.7402 117.445 432
-42.0834 116.357 428
-42.5129 115.542 425
-43.1357 115.27 424
-43.8585 115.27 424
-44.1607 114.182 420
-44.7699 113.91 419
-45.3756 113.639 418
-46.0882 113.639 418
-46.6888 113.367 417
-47.3997 113.367 417
-47.9952 113.095 416
-48.5873 112.823 415
-49.2948 112.823 415
-50.0023 112.823 415
-50.5875 112.551 414
-51.2933 112.551 414
-51.9991 112.551 414
-52.7048 112.551 414
-53.4106 112.551 414
-54.1164 112.551 414
-54.8221 112.551 414
-55.3938 112.279 413
-56.0978 112.279 413
-56.8019 112.279 413
-57.5059 112.279 413
-58.0691 112.007 412
-58.7714 112.007 412
-59.4738 112.007 412
-60.1761 112.007 412
-60.7307 111.735 411
-61.4314 111.735 411
-62.132 111.735 411
-62.8327 111.735 411
-63.5333 111.735 411
-64.234 111.735 411
-64.9346 111.735 411
-65.6353 111.735 411
-66.1745 111.464 410
-66.8735 111.464 410
-67.4076 111.192 409
-68.1049 111.192 409
-68.8021 111.192 409
-69.4993 111.192 409
-70.1966 111.192 409
-70.8938 111.192 409
-71.5911 111.192 409
-72.465 111.464 410
-73.164 111.464 410
-74.0431 111.735 411
-74.7437 111.735 411
-75.628 112.007 412
-77.6272 113.91 419
-78.3415 113.91 419
-79.4331 114.454 421
-80.1508 114.454 421
-80.8685 114.454 421
-81.9738 114.998 423
-82.6949 114.998 423
-83.416 114.998 423
-84.1371 114.998 423
-87.8674 119.076 438
-88.6141 119.076 438
-89.3608 119.076 438
-90.1074 119.076 438
-90.6467 118.804 437
-91.6008 119.076 438
-92.5583 119.348 439
-93.5192 119.619 440
-94.2693 119.619 440
-95.0194 119.619 440
-95.7695 119.619 440
-96.5196 119.619 440
-97.2697 119.619 440
-98.0198 119.619 440
-98.5454 119.348 439
-99.2938 119.348 439
-100.042 119.348 439
-100.791 119.348 439
-101.539 119.348 439
-102.287 119.348 439
-103.036 119.348 439
-103.784 119.348 439
-104.771 119.619 440
-106.72 120.979 445
-107.961 121.523 447
-108.967 121.794 448
-109.73 121.794 448
-110.494 121.794 448
-111.258 121.794 448
-112.022 121.794 448
-777.205 588.31 2164
-782.698 589.67 2169
-786.396 589.67 2169
-793.372 592.116 2178
-797.085 592.116 2178
-800.798 592.116 2178
-804.511 592.116 2178
-804.884 589.67 2169
-806.718 588.31 2164
-810.407 588.31 2164
-812.967 587.495 2161
-816.651 587.495 2161
-819.196 586.679 2158
-822.875 586.679 2158
-823.49 584.504 2150
-827.155 584.504 2150
-830.82 584.504 2150
-834.485 584.504 2150
-838.151 584.504 2150
-841.816 584.504 2150
-846.661 585.32 2153
-850.331 585.32 2153
-854.001 585.32 2153
-857.672 585.32 2153
-861.342 585.32 2153
-865.012 585.32 2153
-865.051 582.873 2144
-867.896 582.329 2142
-872.361 582.873 2144
-876.016 582.873 2144
-879.671 582.873 2144
-883.326 582.873 2144
-883.672 580.698 2136
-887.313 580.698 2136
-888.869 579.339 2131
-888.732 576.892 2122
-892.35 576.892 2122
-895.967 576.892 2122
-899.585 576.892 2122
-903.202 576.892 2122
-904.683 575.533 2117
-908.292 575.533 2117
-909.747 574.174 2112
-910.753 572.542 2106
-913.475 571.999 2104
-917.061 571.999 2104
-920.648 571.999 2104
-924.235 571.999 2104
-927.822 571.999 2104
-931.409 571.999 2104
-934.995 571.999 2104
-935.013 569.824 2096
-935.004 567.649 2088
-938.564 567.649 2088
-939.867 566.29 2083
-938.436 563.299 2072
-938.786 561.396 2065
-942.306 561.396 2065
-941.246 558.677 2055
-939.693 555.687 2044
-940.87 554.328 2039
-944.346 554.328 2039
-943.638 551.881 2030
-945.699 551.065 2027
-945.877 549.162 2020
-949.32 549.162 2020
-951.349 548.347 2017
-953.841 547.803 2015
-954.901 546.444 2010
-958.327 546.444 2010
-956.969 543.725 2000
-956.057 541.278 1991
-957.041 539.919 1986
-960.427 539.919 1986
-959.445 537.472 1977
-960.38 536.113 1972
-963.742 536.113 1972
-967.104 536.113 1972
-967.02 534.21 1965
-969.383 533.666 1963
-971.242 532.85 1960
-974.584 532.85 1960
-976.927 532.307 1958
-979.264 531.763 1956
-980.086 530.404 1951
-983.412 530.404 1951
-985.727 529.86 1949
-988.034 529.316 1947
-991.354 529.316 1947
-994.673 529.316 1947
-997.992 529.316 1947
-998.74 527.957 1942
-4.81033 134.268 497
-5.65759 134.268 497
-6.50485 134.268 497
-7.33732 133.998 496
-8.18287 133.998 496
-9.01023 133.727 495
-9.83417 133.457 494
-10.6331 132.917 492
-11.4718 132.917 492
-24.0568 124.272 460
-24.841 124.272 460
-25.6252 124.272 460
-26.4094 124.272 460
-27.0753 123.732 458
-27.7953 123.461 457
-28.5743 123.461 457
-29.2892 123.191 456
-30.0006 122.921 455
-30.7086 122.651 454
-31.4826 122.651 454
-32.1144 122.111 452
-32.7395 121.57 450
-33.3577 121.03 448
-34.0453 120.76 447
-34.8073 120.76 447
-35.4897 120.49 446
-36.0062 119.679 443
-36.6784 119.409 442
-37.3473 119.139 441
-38.099 119.139 441
-38.8508 119.139 441
-39.5128 118.869 440
-40.0799 118.328 438
-40.8266 118.328 438
-41.1936 117.248 434
-41.8368 116.978 433
-42.3783 116.437 431
-42.813 115.627 428
-43.5426 115.627 428
-43.8585 114.546 424
-43.9504 112.925 418
-44.663 112.925 418
-45.3756 112.925 418
-46.0882 112.925 418
-46.6888 112.655 417
-47.3997 112.655 417
-47.9952 112.385 416
-48.5873 112.115 415
-49.2948 112.115 415
-50.0023 112.115 415
-50.5875 111.845 414
-51.2933 111.845 414
-51.9991 111.845 414
-52.7048 111.845 414
-53.4106 111.845 414
-54.1164 111.845 414
-54.8221 111.845 414
-55.3938 111.575 413
-56.0978 111.575 413
-56.8019 111.575 413
-57.5059 111.575 413
-58.0691 111.304 412
-58.7714 111.304 412
-59.4738 111.304 412
-60.1761 111.304 412
-60.7307 111.034 411
-61.4314 111.034 411
-62.132 111.034 411
-62.8327 111.034 411
-63.5333 111.034 411
-64.234 111.034 411
-64.9346 111.034 411
-65.6353 111.034 411
-66.1745 110.764 410
-66.8735 110.764 410
-67.5724 110.764 410
-68.2714 110.764 410
-68.8021 110.494 409
-69.4993 110.494 409
-70.1966 110.494 409
-70.8938 110.494 409
-71.5911 110.494 409
-72.465 110.764 410
-73.3424 111.034 411
-74.4034 111.575 413
-75.1075 111.575 413
-76.9129 113.196 419
-77.9977 113.736 421
-78.7154 113.736 421
-79.8105 114.276 423
-80.722 114.546 424
-81.4448 114.546 424
-82.1676 114.546 424
-82.8904 114.546 424
-83.8104 114.816 425
-84.5349 114.816 425
-87.8674 118.328 438
-88.6141 118.328 438
-89.5648 118.599 439
-90.3132 118.599 439
-91.0615 118.599 439
-91.8099 118.599 439
-92.5583 118.599 439
-93.5192 118.869 440
-94.4836 119.139 441
-95.2354 119.139 441
-95.9872 119.139 441
-96.739 119.139 441
-97.4907 119.139 441
-98.0198 118.869 440
-98.7699 118.869 440
-99.2938 118.599 439
-100.042 118.599 439
-100.791 118.599 439
-101.539 118.599 439
-102.287 118.599 439
-103.036 118.599 439
-103.784 118.599 439
-104.771 118.869 440
-107.679 121.3 449
-108.444 121.3 449
-109.94 122.111 452
-110.71 122.111 452
-111.481 122.111 452
-112.251 122.111 452
-788.339 592.993 2195
-792.081 592.993 2195
-795.823 592.993 2195
-799.564 592.993 2195
-803.306 592.993 2195
-805.945 592.183 2192
-806.727 590.021 2184
-810.45 590.021 2184
-814.173 590.021 2184
-813.403 586.78 2172
-815.977 585.969 2169
-816.651 583.808 2161
-820.335 583.808 2161
-824.019 583.808 2161
-824.639 581.647 2153
-827.155 580.836 2150
-830.82 580.836 2150
-834.485 580.836 2150
-838.151 580.836 2150
-841.816 580.836 2150
-845.481 580.836 2150
-849.146 580.836 2150
-852.811 580.836 2150
-856.477 580.836 2150
-858.942 580.026 2147
-862.602 580.026 2147
-865.051 579.215 2144
-866.68 577.864 2139
-870.327 577.864 2139
-873.973 577.864 2139
-877.62 577.864 2139
-880.03 577.054 2136
-883.672 577.054 2136
-886.067 576.244 2133
-887.617 574.893 2128
-888.732 573.272 2122
-892.35 573.272 2122
-895.967 573.272 2122
-899.585 573.272 2122
-901.074 571.921 2117
-902.546 570.57 2112
-906.147 570.57 2112
-907.163 568.949 2106
-909.888 568.409 2104
-913.475 568.409 2104
-917.061 568.409 2104
-919.336 567.599 2101
-924.235 568.409 2104
-927.822 568.409 2104
-931.409 568.409 2104
-934.995 568.409 2104
-935.013 566.248 2096
-937.243 565.437 2093
-938.564 564.086 2088
-939.867 562.736 2083
-938.436 559.764 2072
-938.786 557.873 2065
-942.306 557.873 2065
-939.872 554.361 2052
-938.773 551.659 2042
-939.947 550.309 2037
-943.42 550.309 2037
-943.638 548.417 2030
-944.766 547.067 2025
-944.472 544.905 2017
-947.911 544.905 2017
-950.406 544.365 2015
-951.474 543.014 2010
-952.525 541.664 2005
-955.943 541.664 2005
-956.012 539.772 1998
-956.057 537.881 1991
-957.041 536.531 1986
-960.427 536.531 1986
-959.445 534.099 1977
-960.38 532.748 1972
-963.742 532.748 1972
-967.104 532.748 1972
-967.02 530.857 1965
-969.383 530.317 1963
-971.242 529.506 1960
-974.584 529.506 1960
-976.927 528.966 1958
-979.264 528.426 1956
-980.086 527.075 1951
-983.412 527.075 1951
-985.727 526.535 1949
-988.034 525.994 1947
-991.354 525.994 1947
-994.673 525.994 1947
-997.992 525.994 1947
-998.74 524.644 1942
-4.80066 133.151 496
-5.64621 133.151 496
-6.49177 133.151 496
-7.32253 132.883 495
-8.16638 132.883 495
-8.99203 132.614 494
-9.83417 132.614 494
-10.6331 132.078 492
-11.4718 132.078 492
-24.0568 123.487 460
-24.895 123.756 461
-25.6809 123.756 461
-26.4668 123.756 461
-27.1344 123.219 459
-27.7953 122.682 457
-28.5743 122.682 457
-29.2892 122.413 456
-30.0006 122.145 455
-30.7763 122.145 455
-31.5519 122.145 455
-32.1855 121.608 453
-32.7395 120.803 450
-33.4322 120.534 449
-34.1214 120.266 448
-34.8852 120.266 448
-35.5693 119.997 447
-36.1688 119.46 445
-36.6784 118.655 442
-37.4319 118.655 442
-38.1854 118.655 442
-38.8508 118.387 441
-39.6026 118.387 441
-40.0799 117.581 438
-40.8266 117.581 438
-41.3834 117.044 436
-41.8368 116.239 433
-42.575 116.239 433
-43.3132 116.239 433
-44.0513 116.239 433
-44.7895 116.239 433
-45.7379 116.776 435
-46.4795 116.776 435
-47.221 116.776 435
-46.0882 112.212 418
-46.6888 111.944 417
-47.286 111.675 416
-47.9952 111.675 416
-48.7044 111.675 416
-49.2948 111.407 415
-50.0023 111.407 415
-50.5875 111.138 414
-51.2933 111.138 414
-51.9991 111.138 414
-52.7048 111.138 414
-53.4106 111.138 414
-54.1164 111.138 414
-54.8221 111.138 414
-55.5279 111.138 414
-56.0978 110.87 413
-56.8019 110.87 413
-57.5059 110.87 413
-58.0691 110.602 412
-58.7714 110.602 412
-59.4738 110.602 412
-60.1761 110.602 412
-60.7307 110.333 411
-61.4314 110.333 411
-62.132 110.333 411
-62.8327 110.333 411
-63.5333 110.333 411
-64.234 110.333 411
-64.9346 110.333 411
-65.6353 110.333 411
-66.1745 110.065 410
-66.8735 110.065 410
-67.5724 110.065 410
-68.2714 110.065 410
-68.8021 109.796 409
-69.4993 109.796 409
-70.1966 109.796 409
-70.8938 109.796 409
-71.5911 109.796 409
-72.465 110.065 410
-73.3424 110.333 411
-74.4034 110.87 413
-75.1075 110.87 413
-76.9129 112.481 419
-77.9977 113.018 421
-78.7154 113.018 421
-79.8105 113.554 423
-80.722 113.823 424
-81.4448 113.823 424
-82.3614 114.091 425
-83.0859 114.091 425
-83.8104 114.091 425
-87.3196 117.85 439
-88.068 117.85 439
-88.8164 117.85 439
-89.7688 118.118 440
-90.5189 118.118 440
-91.4764 118.387 441
-92.2282 118.387 441
-93.1908 118.655 442
-93.9443 118.655 442
-94.6978 118.655 442
-95.4513 118.655 442
-96.2048 118.655 442
-96.9583 118.655 442
-97.7118 118.655 442
-98.2425 118.387 441
-98.7699 118.118 440
-99.52 118.118 440
-100.27 118.118 440
-101.02 118.118 440
-101.539 117.85 439
-102.287 117.85 439
-103.27 118.118 440
-104.02 118.118 440
-108.104 121.876 454
-108.878 121.876 454
-109.652 121.876 454
-110.913 122.413 456
-111.69 122.413 456
-112.467 122.413 456
-113.245 122.413 456
-792.648 592.47 2207
-796.411 592.47 2207
-800.173 592.47 2207
-802.843 591.664 2204
-806.6 591.664 2204
-808.151 590.054 2198
-808.574 587.638 2189
-811.192 586.832 2186
-814.919 586.832 2186
-815.65 584.685 2178
-818.234 583.879 2175
-819.674 582.269 2169
-823.372 582.269 2169
-824.019 580.121 2161
-824.639 577.973 2153
-828.309 577.973 2153
-831.979 577.973 2153
-834.485 577.168 2150
-838.151 577.168 2150
-841.816 577.168 2150
-845.481 577.168 2150
-849.146 577.168 2150
-852.811 577.168 2150
-856.477 577.168 2150
-858.942 576.363 2147
-862.602 576.363 2147
-865.051 575.557 2144
-866.68 574.215 2139
-870.327 574.215 2139
-873.973 574.215 2139
-877.62 574.215 2139
-880.03 573.41 2136
-883.672 573.41 2136
-886.067 572.604 2133
-887.617 571.262 2128
-886.638 568.309 2117
-890.247 568.309 2117
-893.856 568.309 2117
-897.465 568.309 2117
-898.946 566.967 2112
-902.546 566.967 2112
-906.147 566.967 2112
-907.163 565.356 2106
-909.888 564.819 2104
-913.475 564.819 2104
-917.061 564.819 2104
-920.648 564.819 2104
-924.235 564.819 2104
-927.822 564.819 2104
-931.409 564.819 2104
-933.662 564.014 2101
-933.675 561.866 2093
-937.243 561.866 2093
-937.215 559.719 2085
-936.258 557.034 2075
-937.53 555.692 2070
-936.513 553.008 2060
-940.025 553.008 2060
-938.498 550.055 2049
-938.773 548.175 2042
-938.563 546.028 2034
-942.03 546.028 2034
-943.638 544.954 2030
-942.433 542.27 2020
-944.472 541.464 2017
-947.911 541.464 2017
-948.047 539.585 2010
-949.107 538.243 2005
-950.15 536.901 2000
-953.559 536.901 2000
-953.619 535.021 1993
-954.616 533.679 1988
-956.077 532.605 1984
-959.46 532.605 1984
-959.445 530.726 1977
-960.38 529.384 1972
-962.764 528.847 1970
-966.123 528.847 1970
-966.036 526.968 1963
-969.383 526.968 1963
-970.251 525.626 1958
-973.589 525.626 1958
-975.929 525.089 1956
-976.76 523.746 1951
-980.086 523.746 1951
-983.412 523.746 1951
-984.715 522.673 1947
-988.034 522.673 1947
-991.354 522.673 1947
-994.673 522.673 1947
-997.992 522.673 1947
-996.683 520.257 1938
-4.7813 131.772 494
-5.62344 131.772 494
-6.46559 131.772 494
-7.30773 131.772 494
-8.14988 131.772 494
-8.99203 131.772 494
-9.79436 131.238 492
-10.6331 131.238 492
-11.4718 131.238 492
-24.895 122.969 461
-25.6809 122.969 461
-26.4668 122.969 461
-27.1344 122.436 459
-27.7953 121.902 457
-28.5743 121.902 457
-29.2892 121.635 456
-30.0665 121.635 456
-30.7763 121.369 455
-31.5519 121.369 455
-32.2565 121.102 454
-32.7395 120.035 450
-33.4322 119.768 449
-34.1214 119.501 448
-34.8852 119.501 448
-35.6489 119.501 448
-36.2501 118.968 446
-36.7614 118.168 443
-37.5166 118.168 443
-38.1854 117.901 442
-38.9389 117.901 442
-39.6026 117.634 441
-40.2629 117.367 440
-41.013 117.367 440
-41.6682 117.101 439
-42.4166 117.101 439
-43.0666 116.834 438
-43.8133 116.834 438
-44.3565 116.3 436
-45.0998 116.3 436
-45.8431 116.3 436
-46.5863 116.3 436
-47.3296 116.3 436
-48.0729 116.3 436
-48.7042 116.034 435
-49.4457 116.034 435
-47.9952 110.966 416
-48.7044 110.966 416
-49.2948 110.699 415
-49.8818 110.432 414
-50.5875 110.432 414
-51.2933 110.432 414
-51.9991 110.432 414
-52.7048 110.432 414
-53.4106 110.432 414
-54.1164 110.432 414
-54.8221 110.432 414
-55.5279 110.432 414
-56.0978 110.165 413
-56.8019 110.165 413
-57.5059 110.165 413
-58.6288 109.632 411
-59.3294 109.632 411
-60.0301 109.632 411
-60.7307 109.632 411
-61.4314 109.632 411
-62.132 109.632 411
-62.8327 109.632 411
-63.5333 109.632 411
-64.234 109.632 411
-64.9346 109.632 411
-65.6353 109.632 411
-66.1745 109.365 410
-66.8735 109.365 410
-67.5724 109.365 410
-68.2714 109.365 410
-68.8021 109.098 409
-69.4993 109.098 409
-70.1966 109.098 409
-70.8938 109.098 409
-71.5911 109.098 409
-77.9441 117.634 441
-79.2313 118.434 444
-80.3485 118.968 446
-81.1088 118.968 446
-81.8691 118.968 446
-78.183 112.566 422
-79.2763 113.1 424
-79.9992 113.1 424
-80.722 113.1 424
-81.4448 113.1 424
-82.3614 113.366 425
-83.0859 113.366 425
-83.8104 113.366 425
-87.3196 117.101 439
-88.068 117.101 439
-88.8164 117.101 439
-89.7688 117.367 440
-90.5189 117.367 440
-91.4764 117.634 441
-92.2282 117.634 441
-93.1908 117.901 442
-93.9443 117.901 442
-94.6978 117.901 442
-95.4513 117.901 442
-96.2048 117.901 442
-96.9583 117.901 442
-97.7118 117.901 442
-98.2425 117.634 441
-98.7699 117.367 440
-99.52 117.367 440
-100.27 117.367 440
-101.02 117.367 440
-101.539 117.101 439
-102.287 117.101 439
-107.26 121.902 457
-108.039 121.902 457
-108.819 121.902 457
-109.598 121.902 457
-110.135 121.635 456
-111.156 121.902 457
-111.935 121.902 457
-112.714 121.902 457
-113.493 121.902 457
-792.648 588.704 2207
-796.411 588.704 2207
-800.173 588.704 2207
-802.843 587.904 2204
-806.6 587.904 2204
-808.151 586.304 2198
-808.574 583.903 2189
-811.192 583.103 2186
-814.919 583.103 2186
-815.65 580.969 2178
-818.234 580.169 2175
-819.674 578.568 2169
-823.372 578.568 2169
-824.019 576.434 2161
-824.639 574.3 2153
-828.309 574.3 2153
-831.979 574.3 2153
-834.485 573.5 2150
-838.151 573.5 2150
-841.816 573.5 2150
-845.481 573.5 2150
-849.146 573.5 2150
-851.621 572.7 2147
-855.282 572.7 2147
-858.942 572.7 2147
-862.602 572.7 2147
-863.034 570.566 2139
-866.68 570.566 2139
-870.327 570.566 2139
-873.973 570.566 2139
-877.62 570.566 2139
-880.03 569.766 2136
-883.672 569.766 2136
-886.067 568.965 2133
-888.869 568.432 2131
-887.895 565.498 2120
-891.509 565.498 2120
-893.856 564.697 2117
-897.465 564.697 2117
-901.074 564.697 2117
-904.683 564.697 2117
-907.005 563.897 2114
-908.455 562.563 2109
-912.05 562.563 2109
-915.645 562.563 2109
-917.933 561.763 2106
-920.648 561.23 2104
-924.235 561.23 2104
-927.822 561.23 2104
-931.409 561.23 2104
-933.662 560.429 2101
-933.675 558.296 2093
-937.243 558.296 2093
-937.215 556.162 2085
-936.258 553.494 2075
-933.907 550.026 2062
-934.24 548.159 2055
-937.743 548.159 2055
-935.292 544.692 2042
-936.474 543.358 2037
-936.717 541.491 2030
-940.178 541.491 2030
-941.314 540.157 2025
-941.034 538.023 2017
-941.194 536.156 2010
-944.621 536.156 2010
-944.746 534.289 2003
-945.794 532.955 1998
-946.824 531.621 1993
-950.222 531.621 1993
-952.662 531.088 1991
-953.656 529.754 1986
-953.668 527.887 1979
-957.042 527.887 1979
-957.989 526.553 1974
-960.38 526.019 1972
-961.298 524.686 1967
-964.651 524.686 1967
-966.036 523.619 1963
-966.913 522.285 1958
-970.251 522.285 1958
-973.589 522.285 1958
-974.432 520.951 1953
-976.76 520.418 1951
-978.077 519.351 1947
-981.396 519.351 1947
-984.715 519.351 1947
-988.034 519.351 1947
-989.826 518.551 1944
-993.14 518.551 1944
-996.454 518.551 1944
-996.683 516.95 1938
-3.9551 131.459 496
-4.80066 131.459 496
-5.64621 131.459 496
-6.47868 131.194 495
-7.30773 130.929 494
-8.14988 130.929 494
-8.99203 130.929 494
-9.81426 130.664 493
-10.6547 130.664 493
-11.4951 130.664 493
-24.895 122.183 461
-25.6809 122.183 461
-26.4668 122.183 461
-27.1936 121.918 460
-27.8561 121.387 458
-28.6369 121.387 458
-29.2892 120.857 456
-30.0665 120.857 456
-30.7763 120.592 455
-31.5519 120.592 455
-32.2565 120.327 454
-32.7395 119.267 450
-33.4322 119.002 449
-34.1214 118.737 448
-34.8852 118.737 448
-35.6489 118.737 448
-36.2501 118.207 446
-36.7614 117.412 443
-37.5166 117.412 443
-38.1854 117.147 442
-38.9389 117.147 442
-39.6026 116.882 441
-40.2629 116.617 440
-41.013 116.617 440
-41.6682 116.352 439
-42.4166 116.352 439
-43.0666 116.087 438
-43.8133 116.087 438
-44.3565 115.557 436
-45.0998 115.557 436
-45.9482 115.822 437
-46.6932 115.822 437
-47.4381 115.822 437
-48.1831 115.822 437
-48.9281 115.822 437
-49.6731 115.822 437
-47.9952 110.256 416
-48.7044 110.256 416
-49.2948 109.991 415
-49.8818 109.726 414
-50.5875 109.726 414
-51.2933 109.726 414
-51.9991 109.726 414
-52.7048 109.726 414
-53.4106 109.726 414
-54.1164 109.726 414
-54.8221 109.726 414
-55.5279 109.726 414
-56.0978 109.461 413
-56.8019 109.461 413
-57.5059 109.461 413
-58.6288 108.931 411
-59.3294 108.931 411
-60.0301 108.931 411
-60.7307 108.931 411
-61.4314 108.931 411
-62.132 108.931 411
-62.8327 108.931 411
-63.5333 108.931 411
-64.234 108.931 411
-64.9346 108.931 411
-65.6353 108.931 411
-66.1745 108.666 410
-66.8735 108.666 410
-67.4076 108.401 409
-68.1049 108.401 409
-68.8021 108.401 409
-69.3294 108.136 408
-70.0249 108.136 408
-76.4405 116.882 441
-77.1923 116.882 441
-78.6511 117.942 445
-79.7666 118.472 447
-80.5286 118.472 447
-81.4725 118.737 448
-82.2362 118.737 448
-83.1852 119.002 449
-83.9507 119.002 449
-84.9048 119.267 450
-85.8623 119.532 451
-87.0153 120.062 453
-87.7876 120.062 453
-88.5598 120.062 453
-87.36 117.412 443
-88.1152 117.412 443
-88.8704 117.412 443
-89.6256 117.412 443
-90.3809 117.412 443
-91.1361 117.412 443
-91.8913 117.412 443
-92.6465 117.412 443
-93.4017 117.412 443
-94.3694 117.677 444
-95.1263 117.677 444
-95.8832 117.677 444
-96.4225 117.412 443
-96.9583 117.147 442
-97.7118 117.147 442
-98.2425 116.882 441
-98.9943 116.882 441
-99.7461 116.882 441
-100.498 116.882 441
-101.25 116.882 441
-102.002 116.882 441
-107.26 121.122 457
-108.039 121.122 457
-108.819 121.122 457
-109.598 121.122 457
-110.135 120.857 456
-111.156 121.122 457
-111.935 121.122 457
-112.714 121.122 457
-113.493 121.122 457
-788.886 584.939 2207
-796.599 587.854 2218
-800.38 587.854 2218
-804.161 587.854 2218
-803.936 584.939 2207
-807.698 584.939 2207
-808.151 582.554 2198
-808.574 580.168 2189
-811.192 579.373 2186
-814.919 579.373 2186
-815.65 577.253 2178
-818.234 576.458 2175
-819.674 574.868 2169
-823.372 574.868 2169
-824.019 572.747 2161
-824.639 570.627 2153
-828.309 570.627 2153
-831.979 570.627 2153
-834.485 569.832 2150
-838.151 569.832 2150
-841.816 569.832 2150
-845.481 569.832 2150
-847.961 569.037 2147
-851.621 569.037 2147
-855.282 569.037 2147
-858.942 569.037 2147
-862.602 569.037 2147
-861.824 566.121 2136
-865.465 566.121 2136
-869.106 566.121 2136
-872.748 566.121 2136
-876.389 566.121 2136
-880.03 566.121 2136
-883.672 566.121 2136
-886.067 565.326 2133
-888.869 564.796 2131
-887.895 561.881 2120
-891.509 561.881 2120
-893.856 561.086 2117
-897.465 561.086 2117
-901.074 561.086 2117
-904.683 561.086 2117
-907.005 560.29 2114
-908.455 558.965 2109
-912.05 558.965 2109
-915.645 558.965 2109
-917.933 558.17 2106
-920.648 557.64 2104
-924.235 557.64 2104
-927.822 557.64 2104
-931.409 557.64 2104
-933.662 556.845 2101
-933.675 554.725 2093
-937.243 554.725 2093
-937.215 552.604 2085
-936.258 549.954 2075
-933.907 546.508 2062
-934.24 544.653 2055
-937.743 544.653 2055
-935.292 541.208 2042
-936.474 539.883 2037
-936.717 538.027 2030
-940.178 538.027 2030
-941.314 536.702 2025
-941.034 534.582 2017
-941.194 532.727 2010
-944.621 532.727 2010
-944.746 530.871 2003
-945.794 529.546 1998
-946.824 528.221 1993
-950.222 528.221 1993
-952.662 527.691 1991
-953.656 526.366 1986
-953.668 524.51 1979
-957.042 524.51 1979
-957.989 523.185 1974
-960.38 522.655 1972
-961.298 521.33 1967
-964.651 521.33 1967
-964.56 519.475 1960
-966.913 518.945 1958
-969.26 518.414 1956
-972.595 518.414 1956
-974.432 517.619 1953
-975.759 516.559 1949
-978.077 516.029 1947
-981.396 516.029 1947
-983.198 515.234 1944
-986.512 515.234 1944
-989.826 515.234 1944
-993.14 515.234 1944
-994.404 514.174 1940
-995.14 512.849 1935
-3.9551 130.613 496
-4.80066 130.613 496
-5.64621 130.613 496
-6.49177 130.613 496
-7.32253 130.349 495
-8.16638 130.349 495
-8.99203 130.086 494
-9.81426 129.823 493
-10.6547 129.823 493
-11.4951 129.823 493
-24.895 121.396 461
-25.6809 121.396 461
-26.4668 121.396 461
-27.2527 121.396 461
-27.9169 120.869 459
-28.6994 120.869 459
-29.3534 120.343 457
-30.0665 120.079 456
-30.7763 119.816 455
-31.5519 119.816 455
-32.2565 119.553 454
-32.8122 118.763 451
-33.4322 118.236 449
-34.1214 117.973 448
-34.8852 117.973 448
-35.6489 117.973 448
-36.2501 117.446 446
-36.7614 116.656 443
-37.5166 116.656 443
-38.1854 116.393 442
-38.9389 116.393 442
-39.6924 116.393 442
-40.4459 116.393 442
-41.1062 116.129 441
-41.858 116.129 441
-42.6098 116.129 441
-43.3616 116.129 441
-44.1134 116.129 441
-44.56 115.339 438
-45.0998 114.813 436
-45.9482 115.076 437
-46.6932 115.076 437
-47.4381 115.076 437
-48.1831 115.076 437
-48.9281 115.076 437
-49.6731 115.076 437
-49.176 109.019 414
-49.8818 109.019 414
-50.5875 109.019 414
-51.2933 109.019 414
-51.9991 109.019 414
-52.7048 109.019 414
-53.4106 109.019 414
-54.1164 109.019 414
-54.8221 109.019 414
-55.5279 109.019 414
-59.3294 108.229 411
-60.0301 108.229 411
-60.7307 108.229 411
-61.4314 108.229 411
-62.132 108.229 411
-62.8327 108.229 411
-63.5333 108.229 411
-64.234 108.229 411
-64.9346 108.229 411
-65.6353 108.229 411
-66.1745 107.966 410
-66.8735 107.966 410
-67.4076 107.703 409
-68.1049 107.703 409
-68.8021 107.703 409
-69.3294 107.439 408
-70.0249 107.439 408
-76.9605 116.919 444
-77.7174 116.919 444
-78.6511 117.183 445
-79.9451 117.973 448
-80.7088 117.973 448
-81.6544 118.236 449
-82.6034 118.499 450
-83.3705 118.499 450
-84.1376 118.499 450
-85.0934 118.763 451
-86.243 119.289 453
-87.5916 120.079 456
-88.3689 120.079 456
-89.1463 120.079 456
-89.7265 119.816 455
-90.5021 119.816 455
-89.2717 117.183 445
-89.828 116.919 444
-90.5849 116.919 444
-91.1361 116.656 443
-91.8913 116.656 443
-92.6465 116.656 443
-93.6125 116.919 444
-94.582 117.183 445
-95.3406 117.183 445
-96.0992 117.183 445
-96.6401 116.919 444
-97.1777 116.656 443
-97.9329 116.656 443
-98.4653 116.393 442
-99.2188 116.393 442
-99.9723 116.393 442
-100.726 116.393 442
-104.923 120.343 457
-105.702 120.343 457
-106.481 120.343 457
-107.495 120.606 458
-108.276 120.606 458
-109.057 120.606 458
-109.837 120.606 458
-110.377 120.343 457
-111.156 120.343 457
-112.18 120.606 458
-112.961 120.606 458
-113.741 120.606 458
-791.171 585.65 2224
-801.397 590.39 2242
-805.219 590.39 2242
-809.041 590.39 2242
-812.863 590.39 2242
-813.407 588.02 2233
-817.213 588.02 2233
-813.666 582.754 2213
-808.574 576.434 2189
-812.306 576.434 2189
-816.037 576.434 2189
-816.773 574.327 2181
-820.491 574.327 2181
-821.942 572.747 2175
-825.65 572.747 2175
-825.163 569.85 2164
-825.405 567.48 2155
-828.309 566.954 2153
-831.979 566.954 2153
-835.65 566.954 2153
-839.32 566.954 2153
-841.816 566.164 2150
-845.481 566.164 2150
-849.146 566.164 2150
-852.811 566.164 2150
-855.282 565.374 2147
-858.942 565.374 2147
-861.396 564.584 2144
-861.824 562.477 2136
-865.465 562.477 2136
-869.106 562.477 2136
-872.748 562.477 2136
-876.389 562.477 2136
-880.03 562.477 2136
-883.672 562.477 2136
-886.067 561.687 2133
-888.869 561.16 2131
-887.895 558.264 2120
-891.509 558.264 2120
-895.123 558.264 2120
-897.465 557.474 2117
-901.074 557.474 2117
-904.683 557.474 2117
-907.005 556.684 2114
-909.747 556.157 2112
-913.347 556.157 2112
-916.948 556.157 2112
-917.933 554.577 2106
-920.648 554.05 2104
-924.235 554.05 2104
-927.822 554.05 2104
-931.409 554.05 2104
-933.662 553.26 2101
-933.675 551.154 2093
-937.243 551.154 2093
-937.215 549.047 2085
-936.258 546.414 2075
-933.001 542.464 2060
-934.24 541.147 2055
-936.374 540.357 2052
-933.918 536.934 2039
-933.256 534.564 2030
-934.41 533.247 2025
-937.862 533.247 2025
-938.99 531.931 2020
-937.768 529.297 2010
-937.917 527.454 2003
-941.331 527.454 2003
-942.387 526.137 1998
-943.427 524.821 1993
-945.874 524.294 1991
-949.268 524.294 1991
-950.27 522.977 1986
-952.695 522.451 1984
-952.704 520.607 1977
-956.074 520.607 1977
-957.018 519.291 1972
-957.945 517.974 1967
-960.321 517.447 1965
-963.671 517.447 1965
-964.56 516.131 1960
-966.913 515.604 1958
-969.26 515.077 1956
-972.595 515.077 1956
-974.432 514.287 1953
-975.759 513.234 1949
-978.077 512.707 1947
-981.396 512.707 1947
-983.198 511.917 1944
-986.512 511.917 1944
-989.826 511.917 1944
-993.14 511.917 1944
-994.404 510.864 1940
-995.14 509.547 1935
-3.9551 129.766 496
-4.80066 129.766 496
-5.64621 129.766 496
-6.49177 129.766 496
-7.32253 129.505 495
-8.16638 129.505 495
-8.99203 129.243 494
-9.81426 128.982 493
-10.6547 128.982 493
-11.4951 128.982 493
-24.895 120.61 461
-25.6809 120.61 461
-26.4668 120.61 461
-27.2527 120.61 461
-27.9169 120.086 459
-28.6994 120.086 459
-29.3534 119.563 457
-30.1325 119.563 457
-30.8439 119.301 456
-31.6213 119.301 456
-32.2565 118.778 454
-32.8122 117.993 451
-33.4322 117.47 449
-34.1214 117.208 448
-34.8852 117.208 448
-35.6489 117.208 448
-36.2501 116.685 446
-36.7614 115.9 443
-37.5166 115.9 443
-38.1854 115.639 442
-38.9389 115.639 442
-39.6924 115.639 442
-40.4459 115.639 442
-41.1062 115.377 441
-41.858 115.377 441
-42.6098 115.377 441
-43.3616 115.377 441
-44.1134 115.377 441
-44.6617 114.854 439
-45.3067 114.592 438
-46.0533 114.592 438
-46.8 114.592 438
-47.5467 114.592 438
-48.2934 114.592 438
-49.0401 114.592 438
-49.7867 114.592 438
-50.5334 114.592 438
-50.5875 108.313 414
-51.2933 108.313 414
-51.9991 108.313 414
-52.7048 108.313 414
-58.7714 107.79 412
-59.4738 107.79 412
-60.1761 107.79 412
-60.7307 107.528 411
-61.4314 107.528 411
-62.132 107.528 411
-62.8327 107.528 411
-63.5333 107.528 411
-64.234 107.528 411
-64.9346 107.528 411
-65.6353 107.528 411
-66.1745 107.267 410
-66.8735 107.267 410
-67.2428 106.743 408
-67.9383 106.743 408
-68.6339 106.743 408
-69.3294 106.743 408
-70.0249 106.743 408
-76.9605 116.162 444
-77.7174 116.162 444
-78.6511 116.424 445
-79.9451 117.208 448
-80.7088 117.208 448
-81.6544 117.47 449
-82.6034 117.732 450
-83.3705 117.732 450
-84.1376 117.732 450
-85.0934 117.993 451
-86.243 118.517 453
-87.5916 119.301 456
-88.3689 119.301 456
-89.1463 119.301 456
-89.7265 119.04 455
-90.5021 119.04 455
-89.6729 116.947 447
-90.0303 116.424 445
-90.7889 116.424 445
-91.5475 116.424 445
-92.3061 116.424 445
-93.0647 116.424 445
-93.8233 116.424 445
-94.582 116.424 445
-95.3406 116.424 445
-96.0992 116.424 445
-96.8578 116.424 445
-97.1777 115.9 443
-97.9329 115.9 443
-98.6881 115.9 443
-99.4433 115.9 443
-100.198 115.9 443
-104.144 119.563 457
-104.923 119.563 457
-105.934 119.825 458
-106.714 119.825 458
-107.73 120.086 459
-108.512 120.086 459
-109.295 120.086 459
-110.077 120.086 459
-110.618 119.825 458
-111.399 119.825 458
-112.18 119.825 458
-112.961 119.825 458
-113.741 119.825 458
-791.171 581.856 2224
-801.397 586.565 2242
-805.219 586.565 2242
-809.041 586.565 2242
-812.863 586.565 2242
-813.407 584.211 2233
-817.213 584.211 2233
-813.666 578.978 2213
-808.574 572.699 2189
-812.306 572.699 2189
-816.037 572.699 2189
-818.646 571.914 2186
-822.372 571.914 2186
-821.942 569.036 2175
-825.65 569.036 2175
-825.163 566.158 2164
-826.554 564.589 2158
-830.233 564.589 2158
-835.071 565.373 2161
-838.755 565.373 2161
-842.439 565.373 2161
-843.774 563.804 2155
-847.447 563.804 2155
-850.331 563.28 2153
-852.811 562.496 2150
-856.477 562.496 2150
-860.142 562.496 2150
-862.602 561.711 2147
-865.051 560.926 2144
-867.896 560.403 2142
-871.548 560.403 2142
-875.199 560.403 2142
-876.389 558.833 2136
-880.03 558.833 2136
-883.672 558.833 2136
-886.067 558.048 2133
-889.703 558.048 2133
-887.895 554.647 2120
-891.509 554.647 2120
-895.123 554.647 2120
-897.465 553.862 2117
-901.074 553.862 2117
-904.683 553.862 2117
-907.005 553.077 2114
-909.747 552.554 2112
-913.347 552.554 2112
-916.948 552.554 2112
-917.933 550.984 2106
-920.648 550.461 2104
-924.235 550.461 2104
-927.822 550.461 2104
-930.081 549.676 2101
-932.329 548.891 2098
-932.783 547.06 2091
-936.348 547.06 2091
-937.215 545.49 2085
-934.001 541.565 2070
-930.737 537.641 2055
-934.24 537.641 2055
-934.092 535.548 2047
-933.002 532.932 2037
-931.877 530.316 2027
-934.41 529.792 2025
-937.862 529.792 2025
-937.595 527.699 2017
-937.768 525.868 2010
-937.917 524.037 2003
-941.331 524.037 2003
-942.387 522.728 1998
-943.427 521.42 1993
-945.874 520.897 1991
-949.268 520.897 1991
-950.27 519.589 1986
-952.695 519.066 1984
-952.704 517.234 1977
-956.074 517.234 1977
-957.018 515.926 1972
-957.945 514.618 1967
-960.321 514.095 1965
-963.671 514.095 1965
-964.56 512.787 1960
-965.926 511.74 1956
-969.26 511.74 1956
-972.595 511.74 1956
-973.435 510.432 1951
-974.758 509.386 1947
-976.57 508.601 1944
-979.884 508.601 1944
-982.187 508.077 1942
-985.497 508.077 1942
-987.789 507.554 1940
-991.097 507.554 1940
-994.404 507.554 1940
-995.14 506.246 1935
-3.9551 128.92 496
-4.80066 128.92 496
-5.64621 128.92 496
-6.49177 128.92 496
-7.33732 128.92 496
-8.16638 128.66 495
-8.99203 128.4 494
-9.81426 128.14 493
-10.6547 128.14 493
-11.4951 128.14 493
-24.895 119.823 461
-25.6809 119.823 461
-26.4668 119.823 461
-27.2527 119.823 461
-27.9169 119.303 459
-28.6994 119.303 459
-29.4176 119.043 458
-30.1325 118.783 457
-30.8439 118.523 456
-31.6213 118.523 456
-32.2565 118.004 454
-32.9577 117.744 453
-33.5811 117.224 451
-34.3499 117.224 451
-34.963 116.704 449
-35.6489 116.444 448
-36.2501 115.924 446
-36.7614 115.144 443
-37.5166 115.144 443
-38.1854 114.885 442
-38.9389 114.885 442
-39.6924 114.885 442
-40.4459 114.885 442
-41.1062 114.625 441
-41.858 114.625 441
-42.6098 114.625 441
-43.3616 114.625 441
-44.1134 114.625 441
-44.6617 114.105 439
-45.4101 114.105 439
-46.1585 114.105 439
-46.9069 114.105 439
-47.6553 114.105 439
-48.2934 113.845 438
-49.0401 113.845 438
-49.7867 113.845 438
-50.5334 113.845 438
-58.7714 107.087 412
-59.4738 107.087 412
-60.1761 107.087 412
-60.7307 106.827 411
-61.4314 106.827 411
-62.132 106.827 411
-62.8327 106.827 411
-63.5333 106.827 411
-64.234 106.827 411
-65.3159 106.307 409
-66.0131 106.307 409
-66.7104 106.307 409
-67.2428 106.047 408
-67.9383 106.047 408
-68.6339 106.047 408
-69.3294 106.047 408
-70.0249 106.047 408
-77.1339 115.664 445
-77.8925 115.664 445
-78.6511 115.664 445
-79.9451 116.444 448
-80.7088 116.444 448
-81.6544 116.704 449
-82.6034 116.964 450
-83.3705 116.964 450
-84.1376 116.964 450
-85.0934 117.224 451
-86.243 117.744 453
-87.5916 118.523 456
-88.3689 118.523 456
-89.1463 118.523 456
-89.7265 118.263 455
-90.5021 118.263 455
-89.6729 116.184 447
-90.0303 115.664 445
-90.7889 115.664 445
-91.5475 115.664 445
-92.3061 115.664 445
-93.0647 115.664 445
-93.8233 115.664 445
-94.582 115.664 445
-95.3406 115.664 445
-96.0992 115.664 445
-96.8578 115.664 445
-97.1777 115.144 443
-97.9329 115.144 443
-98.6881 115.144 443
-99.4433 115.144 443
-100.198 115.144 443
-104.144 118.783 457
-104.923 118.783 457
-105.934 119.043 458
-106.714 119.043 458
-107.965 119.563 460
-108.749 119.563 460
-109.533 119.563 460
-110.317 119.563 460
-111.101 119.563 460
-111.885 119.563 460
-112.67 119.563 460
-113.454 119.563 460
-113.741 119.043 458
-789.5 593.917 2285
-793.395 593.917 2285
-797.29 593.917 2285
-799.082 592.357 2279
-802.967 592.357 2279
-800.479 587.679 2261
-791.171 578.062 2224
-801.397 582.74 2242
-805.219 582.74 2242
-809.041 582.74 2242
-812.863 582.74 2242
-813.407 580.401 2233
-817.213 580.401 2233
-813.666 575.202 2213
-808.574 568.964 2189
-812.306 568.964 2189
-816.037 568.964 2189
-818.646 568.185 2186
-822.372 568.185 2186
-821.942 565.325 2175
-825.65 565.325 2175
-825.163 562.466 2164
-826.554 560.907 2158
-830.233 560.907 2158
-835.071 561.687 2161
-838.755 561.687 2161
-842.439 561.687 2161
-843.774 560.127 2155
-847.447 560.127 2155
-850.331 559.607 2153
-852.811 558.827 2150
-856.477 558.827 2150
-860.142 558.827 2150
-862.602 558.048 2147
-865.051 557.268 2144
-868.706 557.268 2144
-872.361 557.268 2144
-875.199 556.748 2142
-878.851 556.748 2142
-881.266 555.968 2139
-884.913 555.968 2139
-887.313 555.189 2136
-889.703 554.409 2133
-887.895 551.03 2120
-891.509 551.03 2120
-895.123 551.03 2120
-897.465 550.25 2117
-901.074 550.25 2117
-904.683 550.25 2117
-907.005 549.47 2114
-909.747 548.951 2112
-913.347 548.951 2112
-916.948 548.951 2112
-917.933 547.391 2106
-920.648 546.871 2104
-924.235 546.871 2104
-927.822 546.871 2104
-930.081 546.091 2101
-932.329 545.312 2098
-932.783 543.492 2091
-936.348 543.492 2091
-934.968 540.633 2080
-934.001 538.034 2070
-930.737 534.135 2055
-934.24 534.135 2055
-932.724 531.276 2044
-931.628 528.677 2034
-930.958 526.338 2025
-934.41 526.338 2025
-937.862 526.338 2025
-936.665 523.738 2015
-936.835 521.919 2008
-937.917 520.619 2003
-941.331 520.619 2003
-941.444 518.8 1996
-943.427 518.02 1993
-945.874 517.5 1991
-949.268 517.5 1991
-950.27 516.201 1986
-952.695 515.681 1984
-952.704 513.861 1977
-956.074 513.861 1977
-957.018 512.562 1972
-957.945 511.262 1967
-960.321 510.742 1965
-963.671 510.742 1965
-964.56 509.443 1960
-965.926 508.403 1956
-969.26 508.403 1956
-972.595 508.403 1956
-972.437 506.584 1949
-974.758 506.064 1947
-975.565 504.764 1942
-978.876 504.764 1942
-982.187 504.764 1942
-984.482 504.244 1940
-987.789 504.244 1940
-991.097 504.244 1940
-994.404 504.244 1940
-993.083 501.905 1931
-3.9551 128.074 496
-4.80066 128.074 496
-5.64621 128.074 496
-6.49177 128.074 496
-7.33732 128.074 496
-8.14988 127.558 494
-8.97382 127.299 493
-9.81426 127.299 493
-10.6331 127.041 492
-11.4718 127.041 492
-24.949 119.295 462
-25.7366 119.295 462
-26.5242 119.295 462
-27.2527 119.036 461
-27.9777 118.778 460
-28.7619 118.778 460
-29.4176 118.262 458
-30.1325 118.004 457
-30.8439 117.745 456
-31.6213 117.745 456
-32.2565 117.229 454
-32.9577 116.971 453
-33.5811 116.454 451
-34.3499 116.454 451
-34.963 115.938 449
-35.5693 115.422 447
-36.1688 114.905 445
-36.7614 114.389 443
-37.5166 114.389 443
-38.1854 114.13 442
-38.9389 114.13 442
-39.6026 113.872 441
-40.3544 113.872 441
-41.1062 113.872 441
-41.858 113.872 441
-42.6098 113.872 441
-43.3616 113.872 441
-44.1134 113.872 441
-44.6617 113.356 439
-45.4101 113.356 439
-46.2636 113.614 440
-47.0137 113.614 440
-47.7638 113.614 440
-48.5139 113.614 440
-49.264 113.614 440
-49.9004 113.356 439
-50.5334 113.098 438
-56.8939 113.872 441
-57.7764 114.13 442
-58.5299 114.13 442
-59.2834 114.13 442
-60.0369 114.13 442
-61.0655 114.647 444
-61.8224 114.647 444
-62.5793 114.647 444
-63.0509 114.13 442
-63.8044 114.13 442
-64.5579 114.13 442
-60.7307 106.126 411
-61.4314 106.126 411
-62.132 106.126 411
-62.8327 106.126 411
-63.3787 105.868 410
-67.2428 105.351 408
-67.9383 105.351 408
-68.6339 105.351 408
-69.3294 105.351 408
-76.3753 114.905 445
-77.1339 114.905 445
-77.8925 114.905 445
-78.6511 114.905 445
-79.9451 115.68 448
-80.7088 115.68 448
-81.6544 115.938 449
-82.6034 116.196 450
-83.3705 116.196 450
-84.1376 116.196 450
-85.0934 116.454 451
-86.243 116.971 453
-87.5916 117.745 456
-88.3689 117.745 456
-89.1463 117.745 456
-88.5432 115.938 449
-89.3087 115.938 449
-89.6729 115.422 447
-91.8511 117.229 454
-92.6251 117.229 454
-93.399 117.229 454
-94.173 117.229 454
-95.3652 117.745 456
-96.1426 117.745 456
-96.9199 117.745 456
-97.6973 117.745 456
-97.6109 116.713 452
-97.2931 115.422 447
-98.0551 115.422 447
-98.8172 115.422 447
-101.584 117.745 456
-102.586 118.004 457
-103.365 118.004 457
-104.372 118.262 458
-105.153 118.262 458
-106.396 118.778 460
-107.18 118.778 460
-107.965 118.778 460
-108.749 118.778 460
-109.533 118.778 460
-110.317 118.778 460
-111.101 118.778 460
-111.885 118.778 460
-112.67 118.778 460
-113.454 118.778 460
-113.741 118.262 458
-789.5 590.018 2285
-793.395 590.018 2285
-797.29 590.018 2285
-799.082 588.469 2279
-802.967 588.469 2279
-800.479 583.821 2261
-791.171 574.267 2224
-798.18 576.591 2233
-814.198 585.37 2267
-818.062 585.37 2267
-821.927 585.37 2267
-817.778 579.69 2245
-821.605 579.69 2245
-814.402 571.943 2215
-814.115 569.103 2204
-816.759 568.328 2201
-820.511 568.328 2201
-819.769 565.23 2189
-823.501 565.23 2189
-824.209 563.164 2181
-827.927 563.164 2181
-828.213 560.84 2172
-828.852 558.774 2164
-832.541 558.774 2164
-836.23 558.774 2164
-839.919 558.774 2164
-843.608 558.774 2164
-846.123 558 2161
-849.807 558 2161
-851.121 556.45 2155
-854.001 555.934 2153
-856.477 555.159 2150
-860.142 555.159 2150
-863.807 555.159 2150
-865.051 553.61 2144
-868.706 553.61 2144
-872.361 553.61 2144
-875.199 553.094 2142
-878.851 553.094 2142
-881.266 552.319 2139
-884.913 552.319 2139
-887.313 551.544 2136
-889.703 550.77 2133
-887.895 547.413 2120
-891.509 547.413 2120
-893.856 546.638 2117
-897.465 546.638 2117
-899.797 545.864 2114
-903.401 545.864 2114
-907.005 545.864 2114
-909.747 545.347 2112
-913.347 545.347 2112
-916.948 545.347 2112
-917.933 543.798 2106
-920.648 543.281 2104
-922.917 542.507 2101
-926.499 542.507 2101
-928.752 541.732 2098
-931.44 541.216 2096
-931.445 539.15 2088
-935.004 539.15 2088
-934.968 537.084 2080
-934.001 534.502 2070
-930.737 530.629 2055
-934.24 530.629 2055
-932.724 527.789 2044
-931.628 525.207 2034
-930.958 522.883 2025
-934.41 522.883 2025
-937.862 522.883 2025
-936.665 520.301 2015
-936.835 518.493 2008
-937.917 517.202 2003
-941.331 517.202 2003
-941.444 515.394 1996
-943.427 514.62 1993
-945.874 514.103 1991
-949.268 514.103 1991
-950.27 512.812 1986
-952.695 512.296 1984
-952.704 510.488 1977
-956.074 510.488 1977
-957.018 509.197 1972
-957.945 507.906 1967
-960.321 507.39 1965
-963.671 507.39 1965
-963.576 505.582 1958
-965.926 505.066 1956
-969.26 505.066 1956
-972.595 505.066 1956
-972.437 503.258 1949
-974.758 502.742 1947
-975.565 501.451 1942
-978.876 501.451 1942
-981.175 500.934 1940
-984.482 500.934 1940
-987.789 500.934 1940
-991.097 500.934 1940
-993.379 500.418 1938
-993.083 498.611 1931
-3.9551 127.228 496
-4.80066 127.228 496
-5.64621 127.228 496
-6.49177 127.228 496
-7.33732 127.228 496
-8.14988 126.715 494
-8.97382 126.458 493
-9.79436 126.202 492
-10.6331 126.202 492
-11.4718 126.202 492
-24.2137 118.763 463
-25.003 118.763 463
-25.7923 118.763 463
-26.5242 118.506 462
-27.2527 118.25 461
-28.0386 118.25 461
-28.7619 117.993 460
-29.4176 117.48 458
-30.1325 117.224 457
-30.8439 116.967 456
-31.6213 116.967 456
-32.3276 116.711 455
-33.0305 116.454 454
-33.73 116.198 453
-34.5022 116.198 453
-35.0409 115.428 450
-35.6489 114.915 448
-36.3313 114.659 447
-36.9274 114.146 445
-37.686 114.146 445
-38.2718 113.633 443
-38.9389 113.376 442
-39.6026 113.12 441
-40.3544 113.12 441
-41.1062 113.12 441
-41.9529 113.376 442
-42.7064 113.376 442
-43.4599 113.376 442
-44.1134 113.12 441
-44.8652 113.12 441
-45.5135 112.863 440
-46.2636 112.863 440
-47.0137 112.863 440
-47.7638 112.863 440
-48.5139 112.863 440
-49.264 112.863 440
-49.9004 112.607 439
-50.5334 112.35 438
-56.8939 113.12 441
-57.7764 113.376 442
-58.5299 113.376 442
-59.2834 113.376 442
-60.0369 113.376 442
-61.0655 113.889 444
-61.8224 113.889 444
-62.5793 113.889 444
-63.0509 113.376 442
-63.8044 113.376 442
-64.5579 113.376 442
-60.7307 105.425 411
-61.4314 105.425 411
-62.132 105.425 411
-62.8327 105.425 411
-63.3787 105.168 410
-67.2428 104.655 408
-67.9383 104.655 408
-68.6339 104.655 408
-69.3294 104.655 408
-76.3753 114.146 445
-77.1339 114.146 445
-77.8925 114.146 445
-78.6511 114.146 445
-79.9451 114.915 448
-80.7088 114.915 448
-81.6544 115.172 449
-82.6034 115.428 450
-83.3705 115.428 450
-84.1376 115.428 450
-85.0934 115.685 451
-85.8623 115.685 451
-86.6311 115.685 451
-86.8186 114.915 448
-87.5823 114.915 448
-88.346 114.915 448
-89.1098 114.915 448
-91.4784 116.967 456
-92.2557 116.967 456
-93.0331 116.967 456
-93.8105 116.967 456
-94.5878 116.967 456
-95.7835 117.48 458
-96.5643 117.48 458
-97.345 117.48 458
-98.1258 117.48 458
-98.9066 117.48 458
-99.6873 117.48 458
-100.249 117.224 457
-101.249 117.48 458
-102.475 117.993 460
-103.259 117.993 460
-104.044 117.993 460
-104.828 117.993 460
-105.842 118.25 461
-106.627 118.25 461
-107.413 118.25 461
-108.199 118.25 461
-108.985 118.25 461
-109.771 118.25 461
-110.557 118.25 461
-111.584 118.506 462
-112.372 118.506 462
-113.159 118.506 462
-113.947 118.506 462
-789.5 586.12 2285
-793.395 586.12 2285
-797.29 586.12 2285
-799.082 584.581 2279
-802.967 584.581 2279
-800.479 579.964 2261
-793.306 572.012 2230
-798.18 572.781 2233
-814.198 581.503 2267
-818.062 581.503 2267
-821.927 581.503 2267
-817.778 575.859 2245
-821.605 575.859 2245
-814.402 568.164 2215
-814.115 565.343 2204
-817.872 565.343 2204
-821.629 565.343 2204
-822.016 563.034 2195
-823.501 561.495 2189
-824.209 559.443 2181
-827.927 559.443 2181
-829.357 557.904 2175
-831.916 557.134 2172
-832.541 555.082 2164
-836.23 555.082 2164
-839.919 555.082 2164
-843.608 555.082 2164
-847.297 555.082 2164
-850.987 555.082 2164
-853.491 554.313 2161
-854.001 552.261 2153
-857.672 552.261 2153
-861.342 552.261 2153
-863.807 551.491 2150
-865.051 549.952 2144
-868.706 549.952 2144
-872.361 549.952 2144
-876.016 549.952 2144
-879.671 549.952 2144
-881.266 548.67 2139
-884.913 548.67 2139
-887.313 547.9 2136
-889.703 547.131 2133
-887.895 543.796 2120
-891.509 543.796 2120
-893.856 543.026 2117
-897.465 543.026 2117
-901.074 543.026 2117
-904.683 543.026 2117
-907.005 542.257 2114
-909.747 541.744 2112
-913.347 541.744 2112
-916.948 541.744 2112
-917.933 540.205 2106
-920.648 539.692 2104
-922.917 538.922 2101
-926.499 538.922 2101
-928.752 538.153 2098
-931.44 537.64 2096
-929.214 534.305 2083
-932.765 534.305 2083
-934.069 533.023 2078
-931.745 529.688 2065
-929.378 526.353 2052
-932.876 526.353 2052
-932.724 524.301 2044
-930.712 521.223 2032
-930.958 519.428 2025
-934.41 519.428 2025
-934.157 517.376 2017
-936.665 516.863 2015
-936.835 515.067 2008
-937.917 513.785 2003
-939.921 513.015 2000
-940.029 511.22 1993
-942.48 510.707 1991
-944.449 509.937 1988
-947.838 509.937 1988
-949.313 508.911 1984
-951.255 508.141 1981
-951.259 506.346 1974
-954.624 506.346 1974
-957.018 505.833 1972
-956.971 504.037 1965
-960.321 504.037 1965
-963.671 504.037 1965
-963.576 502.242 1958
-965.926 501.729 1956
-969.26 501.729 1956
-972.595 501.729 1956
-973.435 500.446 1951
-974.758 499.42 1947
-975.565 498.138 1942
-978.876 498.138 1942
-981.175 497.625 1940
-984.482 497.625 1940
-987.789 497.625 1940
-991.097 497.625 1940
-993.379 497.112 1938
-993.083 495.316 1931
-3.9551 126.382 496
-4.80066 126.382 496
-5.64621 126.382 496
-6.47868 126.127 495
-7.32253 126.127 495
-8.14988 125.872 494
-8.97382 125.617 493
-9.79436 125.362 492
-10.6331 125.362 492
-11.4718 125.362 492
-21.893 118.228 464
-22.684 118.228 464
-23.475 118.228 464
-24.266 118.228 464
-25.057 118.228 464
-25.848 118.228 464
-26.5242 117.718 462
-27.2527 117.463 461
-28.0386 117.463 461
-28.7619 117.209 460
-29.4176 116.699 458
-30.1984 116.699 458
-30.9116 116.444 457
-31.6906 116.444 457
-32.3986 116.189 456
-33.0305 115.68 454
-33.73 115.425 453
-34.5022 115.425 453
-35.2745 115.425 453
-35.808 114.661 450
-36.4126 114.151 448
-37.0934 113.896 447
-37.8554 113.896 447
-38.6174 113.896 447
-39.3794 113.896 447
-40.0516 113.641 446
-40.812 113.641 446
-41.1994 112.622 442
-41.9529 112.622 442
-42.7064 112.622 442
-43.4599 112.622 442
-44.2134 112.622 442
-44.8652 112.367 441
-45.617 112.367 441
-46.3688 112.367 441
-47.1206 112.367 441
-47.8724 112.367 441
-48.5139 112.113 440
-49.264 112.113 440
-49.9004 111.858 439
-56.8939 112.367 441
-57.7764 112.622 442
-58.5299 112.622 442
-59.2834 112.622 442
-60.0369 112.622 442
-61.0655 113.132 444
-61.8224 113.132 444
-62.5793 113.132 444
-63.0509 112.622 442
-63.8044 112.622 442
-64.5579 112.622 442
-60.7307 104.723 411
-61.4314 104.723 411
-62.132 104.723 411
-62.8327 104.723 411
-76.3753 113.387 445
-77.1339 113.387 445
-77.8925 113.387 445
-78.6511 113.387 445
-79.4097 113.387 445
-80.1683 113.387 445
-81.6544 114.406 449
-82.4198 114.406 449
-83.1852 114.406 449
-83.5767 113.896 447
-84.3387 113.896 447
-85.2911 114.151 448
-86.0549 114.151 448
-86.8186 114.151 448
-87.5823 114.151 448
-88.5432 114.406 449
-89.3087 114.406 449
-91.4784 116.189 456
-92.2557 116.189 456
-93.2371 116.444 457
-94.0162 116.444 457
-95.0027 116.699 458
-96.2017 117.209 460
-97.1968 117.463 461
-97.9827 117.463 461
-98.7685 117.463 461
-99.5544 117.463 461
-100.558 117.718 462
-101.346 117.718 462
-102.133 117.718 462
-102.921 117.718 462
-103.933 117.973 463
-104.722 117.973 463
-105.511 117.973 463
-106.301 117.973 463
-107.09 117.973 463
-107.879 117.973 463
-108.669 117.973 463
-109.458 117.973 463
-110.247 117.973 463
-111.037 117.973 463
-112.067 118.228 464
-112.858 118.228 464
-113.649 118.228 464
-114.44 118.228 464
-789.5 582.221 2285
-793.395 582.221 2285
-797.29 582.221 2285
-799.082 580.693 2279
-802.967 580.693 2279
-800.479 576.106 2261
-793.306 568.207 2230
-798.18 568.972 2233
-814.198 577.635 2267
-818.062 577.635 2267
-821.927 577.635 2267
-817.778 572.029 2245
-821.605 572.029 2245
-814.402 564.385 2215
-814.115 561.582 2204
-817.872 561.582 2204
-821.629 561.582 2204
-822.016 559.289 2195
-823.501 557.76 2189
-826.099 556.996 2186
-829.825 556.996 2186
-830.501 554.958 2178
-831.916 553.429 2172
-834.465 552.664 2169
-838.162 552.664 2169
-841.084 552.155 2167
-843.608 551.39 2164
-847.297 551.39 2164
-850.987 551.39 2164
-853.491 550.626 2161
-854.795 549.097 2155
-857.672 548.588 2153
-861.342 548.588 2153
-865.012 548.588 2153
-865.051 546.294 2144
-868.706 546.294 2144
-872.361 546.294 2144
-876.016 546.294 2144
-879.671 546.294 2144
-881.266 545.02 2139
-884.913 545.02 2139
-887.313 544.256 2136
-889.703 543.491 2133
-887.895 540.179 2120
-891.509 540.179 2120
-895.123 540.179 2120
-897.465 539.415 2117
-901.074 539.415 2117
-904.683 539.415 2117
-907.005 538.65 2114
-909.747 538.141 2112
-913.347 538.141 2112
-916.948 538.141 2112
-917.061 536.102 2104
-920.648 536.102 2104
-922.917 535.338 2101
-926.499 535.338 2101
-928.752 534.573 2098
-931.44 534.064 2096
-927.876 529.987 2080
-931.422 529.987 2080
-932.72 528.713 2075
-931.745 526.165 2065
-927.113 521.579 2047
-930.603 521.579 2047
-928.16 518.266 2034
-928.422 516.483 2027
-928.659 514.699 2020
-932.102 514.699 2020
-933.23 513.425 2015
-933.411 511.641 2008
-934.502 510.367 2003
-937.917 510.367 2003
-938.041 508.584 1996
-939.086 507.31 1991
-941.06 506.545 1988
-943.499 506.036 1986
-946.884 506.036 1986
-947.878 504.762 1981
-949.334 503.742 1977
-952.704 503.742 1977
-953.656 502.468 1972
-954.592 501.194 1967
-956.971 500.685 1965
-960.321 500.685 1965
-962.69 500.175 1963
-963.576 498.901 1958
-965.926 498.392 1956
-969.26 498.392 1956
-972.595 498.392 1956
-973.435 497.118 1951
-974.758 496.098 1947
-974.561 494.315 1940
-977.868 494.315 1940
-981.175 494.315 1940
-984.482 494.315 1940
-987.789 494.315 1940
-991.097 494.315 1940
-993.379 493.805 1938
-993.083 492.022 1931
-3.94713 125.282 495
-4.79098 125.282 495
-5.63483 125.282 495
-6.47868 125.282 495
-7.32253 125.282 495
-8.13338 124.776 493
-8.95562 124.523 492
-9.79436 124.523 492
-10.6331 124.523 492
-11.4718 124.523 492
-21.893 117.436 464
-22.684 117.436 464
-23.475 117.436 464
-24.266 117.436 464
-25.057 117.436 464
-25.848 117.436 464
-26.5242 116.93 462
-27.2527 116.677 461
-28.0386 116.677 461
-28.7619 116.424 460
-29.4176 115.918 458
-30.1984 115.918 458
-30.9116 115.665 457
-31.6906 115.665 457
-32.3986 115.411 456
-33.1033 115.158 455
-33.8045 114.905 454
-34.5784 114.905 454
-35.2745 114.652 453
-35.808 113.893 450
-36.4126 113.387 448
-37.1763 113.387 448
-37.9401 113.387 448
-38.6174 113.134 447
-39.3794 113.134 447
-40.1414 113.134 447
-40.9035 113.134 447
-41.1994 111.868 442
-41.9529 111.868 442
-42.7064 111.868 442
-43.4599 111.868 442
-44.2134 111.868 442
-44.8652 111.615 441
-45.7204 111.868 442
-46.4739 111.868 442
-47.2274 111.868 442
-47.9809 111.868 442
-48.5139 111.362 440
-49.264 111.362 440
-56.8939 111.615 441
-57.7764 111.868 442
-58.5299 111.868 442
-59.2834 111.868 442
-60.3086 112.374 444
-61.0655 112.374 444
-61.8224 112.374 444
-62.5793 112.374 444
-63.0509 111.868 442
-63.8044 111.868 442
-64.5579 111.868 442
-60.7307 104.022 411
-61.2819 103.769 410
-61.9809 103.769 410
-62.6798 103.769 410
-77.1339 112.627 445
-77.8925 112.627 445
-78.6511 112.627 445
-79.4097 112.627 445
-80.1683 112.627 445
-81.1088 112.881 446
-82.0527 113.134 447
-82.8147 113.134 447
-83.5767 113.134 447
-84.3387 113.134 447
-85.1008 113.134 447
-86.0549 113.387 448
-86.8186 113.387 448
-87.5823 113.387 448
-88.5432 113.64 449
-89.3087 113.64 449
-91.4784 115.411 456
-92.2557 115.411 456
-93.2371 115.665 457
-94.0162 115.665 457
-95.0027 115.918 458
-96.2017 116.424 460
-97.1968 116.677 461
-97.9827 116.677 461
-98.7685 116.677 461
-99.5544 116.677 461
-100.558 116.93 462
-101.346 116.93 462
-102.133 116.93 462
-102.921 116.93 462
-103.933 117.183 463
-104.722 117.183 463
-105.511 117.183 463
-106.301 117.183 463
-107.09 117.183 463
-107.879 117.183 463
-108.669 117.183 463
-109.458 117.183 463
-110.247 117.183 463
-111.276 117.436 464
-112.309 117.689 465
-113.102 117.689 465
-113.894 117.689 465
-114.687 117.689 465
-791.01 573.767 2267
-794.874 573.767 2267
-798.739 573.767 2267
-798.001 570.477 2254
-793.306 564.403 2230
-798.18 565.162 2233
-807.374 568.958 2248
-811.206 568.958 2248
-815.038 568.958 2248
-814.499 565.921 2236
-818.311 565.921 2236
-814.402 560.606 2215
-814.115 557.822 2204
-817.872 557.822 2204
-821.629 557.822 2204
-822.016 555.544 2195
-823.501 554.026 2189
-826.099 553.266 2186
-829.825 553.266 2186
-830.501 551.242 2178
-831.916 549.723 2172
-834.465 548.964 2169
-838.162 548.964 2169
-841.084 548.458 2167
-843.608 547.698 2164
-847.297 547.698 2164
-850.987 547.698 2164
-853.491 546.939 2161
-854.795 545.42 2155
-857.672 544.914 2153
-861.342 544.914 2153
-865.012 544.914 2153
-865.051 542.636 2144
-868.706 542.636 2144
-872.361 542.636 2144
-876.016 542.636 2144
-879.671 542.636 2144
-882.502 542.13 2142
-886.154 542.13 2142
-888.559 541.371 2139
-889.703 539.852 2133
-887.895 536.562 2120
-891.509 536.562 2120
-895.123 536.562 2120
-897.465 535.803 2117
-901.074 535.803 2117
-904.683 535.803 2117
-907.005 535.044 2114
-909.747 534.537 2112
-913.347 534.537 2112
-916.948 534.537 2112
-917.061 532.513 2104
-920.648 532.513 2104
-922.917 531.753 2101
-926.499 531.753 2101
-928.752 530.994 2098
-931.44 530.488 2096
-927.876 526.438 2080
-931.422 526.438 2080
-929.124 523.148 2067
-925.88 519.352 2052
-924.849 516.821 2042
-928.33 516.821 2042
-926.335 513.784 2030
-925.215 511.253 2020
-926.36 509.987 2015
-929.795 509.987 2015
-931.841 509.228 2012
-931.087 506.95 2003
-932.169 505.684 1998
-935.575 505.684 1998
-938.041 505.178 1996
-937.671 503.154 1988
-940.113 502.647 1986
-943.499 502.647 1986
-945.931 502.141 1984
-947.878 501.382 1981
-949.334 500.369 1977
-952.704 500.369 1977
-952.689 498.598 1970
-954.592 497.839 1967
-956.971 497.332 1965
-960.321 497.332 1965
-961.219 496.067 1960
-962.591 495.054 1956
-965.926 495.054 1956
-969.26 495.054 1956
-972.595 495.054 1956
-973.435 493.789 1951
-975.759 493.283 1949
-979.082 493.283 1949
-978.876 491.511 1942
-981.175 491.005 1940
-984.482 491.005 1940
-987.789 491.005 1940
-991.097 491.005 1940
-994.404 491.005 1940
-994.111 489.233 1933
-3.94713 124.438 495
-4.79098 124.438 495
-5.63483 124.438 495
-6.47868 124.438 495
-7.32253 124.438 495
-8.13338 123.935 493
-8.95562 123.684 492
-9.79436 123.684 492
-10.6331 123.684 492
-11.4718 123.684 492
-21.893 116.645 464
-22.684 116.645 464
-23.475 116.645 464
-24.266 116.645 464
-25.057 116.645 464
-25.848 116.645 464
-26.5242 116.142 462
-27.2527 115.89 461
-28.0386 115.89 461
-28.7619 115.639 460
-29.4176 115.136 458
-30.1984 115.136 458
-30.9116 114.885 457
-31.6906 114.885 457
-32.3986 114.633 456
-33.1033 114.382 455
-33.8045 114.131 454
-34.5784 114.131 454
-35.2745 113.879 453
-35.808 113.125 450
-36.4126 112.622 448
-37.1763 112.622 448
-37.9401 112.622 448
-38.6174 112.371 447
-39.3794 112.371 447
-40.1414 112.371 447
-40.9035 112.371 447
-41.1994 111.114 442
-41.9529 111.114 442
-42.7064 111.114 442
-43.4599 111.114 442
-44.2134 111.114 442
-44.8652 110.863 441
-45.7204 111.114 442
-46.4739 111.114 442
-47.2274 111.114 442
-47.9809 111.114 442
-48.5139 110.611 440
-49.264 110.611 440
-56.8939 110.863 441
-57.7764 111.114 442
-58.5299 111.114 442
-59.2834 111.114 442
-60.3086 111.617 444
-61.0655 111.617 444
-61.8224 111.617 444
-62.5793 111.617 444
-63.0509 111.114 442
-63.8044 111.114 442
-64.5579 111.114 442
-60.7307 103.321 411
-61.2819 103.07 410
-76.4405 110.863 441
-77.1923 110.863 441
-77.9441 110.863 441
-78.6959 110.863 441
-79.4477 110.863 441
-81.1088 112.12 446
-82.0527 112.371 447
-82.8147 112.371 447
-83.5767 112.371 447
-84.3387 112.371 447
-85.2911 112.622 448
-86.2469 112.874 449
-87.0124 112.874 449
-87.9733 113.125 450
-89.1348 113.628 452
-89.9054 113.628 452
-91.679 114.885 457
-92.4581 114.885 457
-93.4412 115.136 458
-94.2219 115.136 458
-95.4176 115.639 460
-96.4109 115.89 461
-97.1968 115.89 461
-97.9827 115.89 461
-98.9828 116.142 462
-99.7704 116.142 462
-100.558 116.142 462
-101.346 116.142 462
-102.133 116.142 462
-103.144 116.393 463
-103.933 116.393 463
-104.722 116.393 463
-105.511 116.393 463
-106.301 116.393 463
-107.09 116.393 463
-107.879 116.393 463
-108.669 116.393 463
-109.458 116.393 463
-110.247 116.393 463
-111.276 116.645 464
-112.309 116.896 465
-113.102 116.896 465
-113.894 116.896 465
-114.687 116.896 465
-774.959 558.336 2221
-781.901 560.598 2230
-785.703 560.598 2230
-789.504 560.598 2230
-791.171 559.09 2224
-794.963 559.09 2224
-807.374 565.123 2248
-811.206 565.123 2248
-815.038 565.123 2248
-814.499 562.106 2236
-818.311 562.106 2236
-811.46 554.816 2207
-814.115 554.062 2204
-817.872 554.062 2204
-821.629 554.062 2204
-824.263 553.308 2201
-823.501 550.291 2189
-827.232 550.291 2189
-830.964 550.291 2189
-831.645 548.28 2181
-831.916 546.017 2172
-834.465 545.263 2169
-838.162 545.263 2169
-841.86 545.263 2169
-843.608 544.006 2164
-847.297 544.006 2164
-850.987 544.006 2164
-852.306 542.498 2158
-854.795 541.744 2155
-858.468 541.744 2155
-862.142 541.744 2155
-865.816 541.744 2155
-866.262 539.733 2147
-868.706 538.979 2144
-872.361 538.979 2144
-876.016 538.979 2144
-879.671 538.979 2144
-882.502 538.476 2142
-886.154 538.476 2142
-888.559 537.722 2139
-889.703 536.213 2133
-887.895 532.945 2120
-891.509 532.945 2120
-895.123 532.945 2120
-897.465 532.191 2117
-901.074 532.191 2117
-904.683 532.191 2117
-907.005 531.437 2114
-909.747 530.934 2112
-913.347 530.934 2112
-916.948 530.934 2112
-917.061 528.923 2104
-919.336 528.169 2101
-921.599 527.415 2098
-925.176 527.415 2098
-927.867 526.912 2096
-930.107 526.158 2093
-926.984 522.387 2078
-930.526 522.387 2078
-929.124 519.622 2067
-925.88 515.851 2052
-924.849 513.337 2042
-928.33 513.337 2042
-926.335 510.32 2030
-925.215 507.806 2020
-926.36 506.549 2015
-929.795 506.549 2015
-931.841 505.795 2012
-931.087 503.533 2003
-932.169 502.276 1998
-935.575 502.276 1998
-938.041 501.773 1996
-937.671 499.762 1988
-940.113 499.259 1986
-943.499 499.259 1986
-945.931 498.756 1984
-947.878 498.002 1981
-949.334 496.997 1977
-952.704 496.997 1977
-952.689 495.237 1970
-954.592 494.483 1967
-956.971 493.98 1965
-960.321 493.98 1965
-961.219 492.723 1960
-962.591 491.717 1956
-965.926 491.717 1956
-969.26 491.717 1956
-971.103 490.963 1953
-973.435 490.46 1951
-975.759 489.958 1949
-979.082 489.958 1949
-978.876 488.198 1942
-982.187 488.198 1942
-985.497 488.198 1942
-988.808 488.198 1942
-992.118 488.198 1942
-995.429 488.198 1942
-994.111 485.935 1933
-3.11581 124.093 497
-3.96307 124.093 497
-4.81033 124.093 497
-5.64621 123.843 496
-6.47868 123.593 495
-7.32253 123.593 495
-8.13338 123.094 493
-8.95562 122.844 492
-9.79436 122.844 492
-10.6331 122.844 492
-11.4718 122.844 492
-21.893 115.853 464
-22.684 115.853 464
-23.475 115.853 464
-24.266 115.853 464
-25.057 115.853 464
-25.848 115.853 464
-26.5816 115.603 463
-27.3118 115.354 462
-28.0994 115.354 462
-28.7619 114.854 460
-29.4819 114.605 459
-30.1984 114.355 458
-30.9116 114.105 457
-31.6906 114.105 457
-32.3986 113.856 456
-33.1033 113.606 455
-33.8045 113.356 454
-34.5784 113.356 454
-35.2745 113.106 453
-35.8876 112.607 451
-36.5752 112.357 450
-37.3423 112.357 450
-37.9401 111.858 448
-38.6174 111.608 447
-39.3794 111.608 447
-40.1414 111.608 447
-40.9035 111.608 447
-42.6098 110.11 441
-43.3616 110.11 441
-44.1134 110.11 441
-44.8652 110.11 441
-45.7204 110.36 442
-46.4739 110.36 442
-47.2274 110.36 442
-47.9809 110.36 442
-56.8939 110.11 441
-57.7764 110.36 442
-58.5299 110.36 442
-59.2834 110.36 442
-60.3086 110.859 444
-61.0655 110.859 444
-61.8224 110.859 444
-62.5793 110.859 444
-63.0509 110.36 442
-63.8044 110.36 442
-64.5579 110.36 442
-60.583 102.37 410
-61.2819 102.37 410
-76.4405 110.11 441
-77.1923 110.11 441
-77.9441 110.11 441
-79.4097 111.109 445
-80.1683 111.109 445
-81.2906 111.608 447
-82.2362 111.858 448
-83 111.858 448
-83.7637 111.858 448
-84.7161 112.108 449
-85.4815 112.108 449
-86.439 112.357 450
-87.2062 112.357 450
-88.3643 112.857 452
-89.9237 113.856 456
-90.701 113.856 456
-91.8796 114.355 458
-92.6604 114.355 458
-93.4412 114.355 458
-94.2219 114.355 458
-95.4176 114.854 460
-96.62 115.354 462
-97.4076 115.354 462
-98.1952 115.354 462
-98.9828 115.354 462
-99.9863 115.603 463
-100.776 115.603 463
-101.565 115.603 463
-102.354 115.603 463
-103.144 115.603 463
-103.933 115.603 463
-104.722 115.603 463
-105.739 115.853 464
-106.53 115.853 464
-107.321 115.853 464
-108.112 115.853 464
-108.903 115.853 464
-109.694 115.853 464
-110.485 115.853 464
-111.516 116.103 465
-112.309 116.103 465
-113.102 116.103 465
-113.894 116.103 465
-114.687 116.103 465
-756.33 546.556 2189
-760.062 546.556 2189
-774.959 554.546 2221
-781.901 556.793 2230
-785.703 556.793 2230
-789.504 556.793 2230
-791.171 555.295 2224
-794.963 555.295 2224
-798.754 555.295 2224
-802.545 555.295 2224
-806.337 555.295 2224
-802.843 550.302 2204
-806.6 550.302 2204
-810.357 550.302 2204
-814.115 550.302 2204
-817.872 550.302 2204
-821.629 550.302 2204
-824.263 549.553 2201
-823.501 546.556 2189
-827.232 546.556 2189
-830.964 546.556 2189
-831.645 544.559 2181
-831.916 542.312 2172
-834.465 541.563 2169
-838.162 541.563 2169
-841.86 541.563 2169
-843.608 540.314 2164
-846.123 539.565 2161
-849.807 539.565 2161
-852.306 538.816 2158
-854.795 538.067 2155
-858.468 538.067 2155
-862.142 538.067 2155
-865.816 538.067 2155
-866.262 536.07 2147
-868.706 535.321 2144
-872.361 535.321 2144
-876.016 535.321 2144
-879.671 535.321 2144
-882.502 534.821 2142
-886.154 534.821 2142
-888.559 534.072 2139
-889.703 532.574 2133
-887.895 529.328 2120
-891.509 529.328 2120
-893.856 528.579 2117
-897.465 528.579 2117
-901.074 528.579 2117
-904.683 528.579 2117
-907.005 527.83 2114
-909.747 527.331 2112
-913.347 527.331 2112
-916.948 527.331 2112
-917.061 525.333 2104
-918.023 523.835 2098
-920.721 523.336 2096
-924.294 523.336 2096
-926.539 522.587 2093
-930.107 522.587 2093
-924.307 517.343 2072
-927.839 517.343 2072
-928.225 515.596 2065
-922.27 510.352 2044
-924.849 509.853 2042
-928.33 509.853 2042
-926.335 506.857 2030
-923.841 503.611 2017
-926.36 503.112 2015
-929.795 503.112 2015
-931.841 502.362 2012
-931.087 500.115 2003
-931.236 498.368 1996
-934.639 498.368 1996
-938.041 498.368 1996
-936.727 495.871 1986
-939.166 495.371 1984
-942.549 495.371 1984
-945.931 495.371 1984
-946.921 494.123 1979
-947.893 492.874 1974
-951.259 492.874 1974
-951.238 491.127 1967
-954.592 491.127 1967
-955.997 490.128 1963
-959.343 490.128 1963
-961.219 489.379 1960
-962.591 488.38 1956
-965.926 488.38 1956
-969.26 488.38 1956
-971.103 487.631 1953
-973.435 487.132 1951
-975.759 486.632 1949
-979.082 486.632 1949
-978.876 484.885 1942
-982.187 484.885 1942
-985.497 484.885 1942
-988.808 484.885 1942
-992.118 484.885 1942
-995.429 484.885 1942
-994.111 482.637 1933
-3.11581 123.245 497
-3.96307 123.245 497
-4.81033 123.245 497
-5.64621 122.997 496
-6.47868 122.749 495
-7.32253 122.749 495
-8.13338 122.253 493
-8.95562 122.005 492
-9.79436 122.005 492
-10.6331 122.005 492
-11.4718 122.005 492
-21.893 115.061 464
-22.684 115.061 464
-23.475 115.061 464
-24.266 115.061 464
-25.057 115.061 464
-25.848 115.061 464
-26.5816 114.813 463
-27.3118 114.565 462
-28.0994 114.565 462
-28.8245 114.317 461
-29.4819 113.821 459
-30.1984 113.573 458
-30.9116 113.325 457
-31.6906 113.325 457
-32.3986 113.078 456
-33.176 113.078 456
-33.8045 112.582 454
-34.5784 112.582 454
-35.2745 112.334 453
-36.0467 112.334 453
-36.5752 111.59 450
-37.3423 111.59 450
-56.8939 109.358 441
-57.7764 109.606 442
-58.5299 109.606 442
-59.2834 109.606 442
-60.0369 109.606 442
-60.7904 109.606 442
-61.5439 109.606 442
-76.4405 109.358 441
-77.1923 109.358 441
-77.9441 109.358 441
-79.4097 110.35 445
-80.1683 110.35 445
-81.2906 110.846 447
-82.2362 111.094 448
-83 111.094 448
-83.7637 111.094 448
-84.7161 111.342 449
-85.4815 111.342 449
-86.8232 112.086 452
-87.5938 112.086 452
-88.7553 112.582 454
-90.3181 113.573 458
-91.0988 113.573 458
-92.0802 113.821 459
-92.8627 113.821 459
-93.6452 113.821 459
-94.4277 113.821 459
-95.8324 114.565 462
-96.62 114.565 462
-97.4076 114.565 462
-98.1952 114.565 462
-98.9828 114.565 462
-99.9863 114.813 463
-100.776 114.813 463
-101.565 114.813 463
-102.354 114.813 463
-103.144 114.813 463
-103.933 114.813 463
-104.948 115.061 464
-105.739 115.061 464
-106.53 115.061 464
-107.321 115.061 464
-108.112 115.061 464
-108.903 115.061 464
-109.931 115.309 465
-110.723 115.309 465
-111.516 115.309 465
-112.55 115.557 466
-113.345 115.557 466
-114.139 115.557 466
-114.934 115.557 466
-756.33 542.822 2189
-760.062 542.822 2189
-774.959 550.757 2221
-778.745 550.757 2221
-782.532 550.757 2221
-786.318 550.757 2221
-785.124 547.285 2207
-789.958 548.029 2210
-798.754 551.501 2224
-802.545 551.501 2224
-806.337 551.501 2224
-802.843 546.541 2204
-806.6 546.541 2204
-810.357 546.541 2204
-814.115 546.541 2204
-817.872 546.541 2204
-821.629 546.541 2204
-824.263 545.797 2201
-823.501 542.822 2189
-827.232 542.822 2189
-830.964 542.822 2189
-831.645 540.838 2181
-831.916 538.606 2172
-834.465 537.862 2169
-838.162 537.862 2169
-841.86 537.862 2169
-843.608 536.622 2164
-846.123 535.878 2161
-849.807 535.878 2161
-852.306 535.134 2158
-854.795 534.391 2155
-858.468 534.391 2155
-862.142 534.391 2155
-865.816 534.391 2155
-867.472 533.151 2150
-868.706 531.663 2144
-872.361 531.663 2144
-876.016 531.663 2144
-879.671 531.663 2144
-882.502 531.167 2142
-886.154 531.167 2142
-889.805 531.167 2142
-888.869 528.439 2131
-886.638 524.967 2117
-890.247 524.967 2117
-892.589 524.223 2114
-896.193 524.223 2114
-899.797 524.223 2114
-903.401 524.223 2114
-907.005 524.223 2114
-910.608 524.223 2114
-913.347 523.727 2112
-916.948 523.727 2112
-917.933 522.24 2106
-918.023 520.256 2098
-919.403 519.016 2093
-922.971 519.016 2093
-926.539 519.016 2093
-929.218 518.52 2091
-924.307 513.808 2072
-927.839 513.808 2072
-929.124 512.568 2067
-922.27 506.865 2044
-924.849 506.369 2042
-928.33 506.369 2042
-926.335 503.393 2030
-923.841 500.17 2017
-926.36 499.674 2015
-929.795 499.674 2015
-931.841 498.93 2012
-932.017 497.194 2005
-931.236 494.962 1996
-934.639 494.962 1996
-936.632 494.218 1993
-936.727 492.482 1986
-939.166 491.986 1984
-942.549 491.986 1984
-944.5 491.242 1981
-946.921 490.747 1979
-947.893 489.507 1974
-951.259 489.507 1974
-951.238 487.771 1967
-954.592 487.771 1967
-955.997 486.779 1963
-959.343 486.779 1963
-962.69 486.779 1963
-962.591 485.043 1956
-965.926 485.043 1956
-969.26 485.043 1956
-971.103 484.299 1953
-973.435 483.803 1951
-975.759 483.307 1949
-979.082 483.307 1949
-978.876 481.571 1942
-982.187 481.571 1942
-985.497 481.571 1942
-988.808 481.571 1942
-992.118 481.571 1942
-995.429 481.571 1942
-994.111 479.34 1933
-3.11581 122.397 497
-3.96307 122.397 497
-4.81033 122.397 497
-5.64621 122.15 496
-6.47868 121.904 495
-7.32253 121.904 495
-8.13338 121.412 493
-8.95562 121.165 492
-9.79436 121.165 492
-10.6331 121.165 492
-11.4718 121.165 492
-21.893 114.27 464
-22.684 114.27 464
-23.475 114.27 464
-24.266 114.27 464
-25.057 114.27 464
-25.848 114.27 464
-26.5816 114.023 463
-27.3118 113.777 462
-28.0994 113.777 462
-28.8245 113.531 461
-29.4819 113.038 459
-30.2644 113.038 459
-31.0468 113.038 459
-31.76 112.792 458
-32.4697 112.546 457
-33.176 112.3 456
-33.8789 112.053 455
-34.6546 112.053 455
-35.3524 111.807 454
-36.0467 111.561 453
-36.5752 110.822 450
-37.3423 110.822 450
-76.4405 108.605 441
-77.1923 108.605 441
-78.4743 109.344 444
-79.5882 109.837 446
-80.3485 109.837 446
-81.4725 110.329 448
-82.4198 110.576 449
-83.1852 110.576 449
-83.9507 110.576 449
-84.7161 110.576 449
-85.6719 110.822 450
-86.8232 111.314 452
-87.5938 111.314 452
-88.7553 111.807 454
-90.3181 112.792 458
-91.0988 112.792 458
-92.0802 113.038 459
-92.8627 113.038 459
-93.6452 113.038 459
-94.4277 113.038 459
-95.8324 113.777 462
-96.62 113.777 462
-97.4076 113.777 462
-98.1952 113.777 462
-98.9828 113.777 462
-99.9863 114.023 463
-100.776 114.023 463
-101.565 114.023 463
-102.354 114.023 463
-103.144 114.023 463
-103.933 114.023 463
-104.948 114.27 464
-105.739 114.27 464
-106.53 114.27 464
-107.321 114.27 464
-108.112 114.27 464
-108.903 114.27 464
-109.931 114.516 465
-110.723 114.516 465
-111.756 114.762 466
-112.55 114.762 466
-113.588 115.009 467
-114.384 115.009 467
-115.18 115.009 467
-756.33 539.087 2189
-760.062 539.087 2189
-766.934 541.304 2198
-772.785 542.781 2204
-778.656 544.259 2210
-782.424 544.259 2210
-786.191 544.259 2210
-791.746 545.49 2215
-795.522 545.49 2215
-799.298 545.49 2215
-803.074 545.49 2215
-802.843 542.781 2204
-806.6 542.781 2204
-810.357 542.781 2204
-814.115 542.781 2204
-817.872 542.781 2204
-821.629 542.781 2204
-824.263 542.042 2201
-823.501 539.087 2189
-827.232 539.087 2189
-830.964 539.087 2189
-830.501 536.378 2178
-831.916 534.9 2172
-834.465 534.162 2169
-838.162 534.162 2169
-841.86 534.162 2169
-843.608 532.93 2164
-846.123 532.191 2161
-849.807 532.191 2161
-852.306 531.453 2158
-854.795 530.714 2155
-858.468 530.714 2155
-862.142 530.714 2155
-865.012 530.221 2153
-867.472 529.482 2150
-868.706 528.005 2144
-872.361 528.005 2144
-876.016 528.005 2144
-879.671 528.005 2144
-883.326 528.005 2144
-886.981 528.005 2144
-890.636 528.005 2144
-889.703 525.296 2133
-887.895 522.094 2120
-891.509 522.094 2120
-892.589 520.617 2114
-896.193 520.617 2114
-899.797 520.617 2114
-903.401 520.617 2114
-907.005 520.617 2114
-910.608 520.617 2114
-914.212 520.617 2114
-917.816 520.617 2114
-917.933 518.647 2106
-919.336 517.415 2101
-919.403 515.445 2093
-922.971 515.445 2093
-926.539 515.445 2093
-929.218 514.952 2091
-926.984 511.751 2078
-930.526 511.751 2078
-929.124 509.042 2067
-924.526 504.609 2049
-924.849 502.885 2042
-928.33 502.885 2042
-926.335 499.93 2030
-923.841 496.728 2017
-926.36 496.236 2015
-929.795 496.236 2015
-931.841 495.497 2012
-932.017 493.773 2005
-931.236 491.557 1996
-934.639 491.557 1996
-936.632 490.818 1993
-935.784 488.601 1984
-937.746 487.863 1981
-941.123 487.863 1981
-943.547 487.37 1979
-945.964 486.878 1977
-947.893 486.139 1974
-951.259 486.139 1974
-951.238 484.415 1967
-953.621 483.922 1965
-955.997 483.43 1963
-959.343 483.43 1963
-962.69 483.43 1963
-962.591 481.706 1956
-964.444 480.967 1953
-967.774 480.967 1953
-971.103 480.967 1953
-973.435 480.475 1951
-975.759 479.982 1949
-979.082 479.982 1949
-978.876 478.258 1942
-981.175 477.766 1940
-984.482 477.766 1940
-987.789 477.766 1940
-991.097 477.766 1940
-994.404 477.766 1940
-993.083 475.549 1931
-3.11581 121.549 497
-3.96307 121.549 497
-4.81033 121.549 497
-5.64621 121.304 496
-6.46559 120.815 494
-7.30773 120.815 494
-8.11688 120.326 492
-8.95562 120.326 492
-9.77445 120.081 491
-10.6115 120.081 491
-11.4485 120.081 491
-21.893 113.478 464
-22.684 113.478 464
-23.475 113.478 464
-24.266 113.478 464
-25.057 113.478 464
-25.848 113.478 464
-26.5816 113.234 463
-27.3118 112.989 462
-28.0994 112.989 462
-28.8245 112.744 461
-29.5461 112.5 460
-30.2644 112.255 459
-31.0468 112.255 459
-31.76 112.011 458
-32.4697 111.766 457
-33.176 111.522 456
-33.8789 111.277 455
-34.6546 111.277 455
-35.3524 111.032 454
-36.0467 110.788 453
-76.2036 108.587 444
-76.9605 108.587 444
-77.7174 108.587 444
-78.6511 108.831 445
-79.7666 109.32 447
-80.5286 109.32 447
-81.4725 109.565 448
-82.4198 109.81 449
-83.1852 109.81 449
-83.9507 109.81 449
-84.9048 110.054 450
-85.8623 110.299 451
-86.8232 110.543 452
-87.9813 111.032 454
-89.1463 111.522 456
-90.7125 112.5 460
-91.4966 112.5 460
-92.4814 112.744 461
-93.2673 112.744 461
-94.0532 112.744 461
-94.6334 112.5 460
-95.8324 112.989 462
-96.8291 113.234 463
-97.6184 113.234 463
-98.4077 113.234 463
-99.197 113.234 463
-100.202 113.478 464
-100.993 113.478 464
-101.784 113.478 464
-102.575 113.478 464
-103.366 113.478 464
-104.157 113.478 464
-104.948 113.478 464
-105.739 113.478 464
-106.76 113.723 465
-107.553 113.723 465
-108.345 113.723 465
-109.138 113.723 465
-109.931 113.723 465
-110.723 113.723 465
-111.756 113.967 466
-112.55 113.967 466
-113.588 114.212 467
-114.384 114.212 467
-115.18 114.212 467
-754.603 534.13 2184
-758.326 534.13 2184
-764.84 536.086 2192
-771.733 538.287 2201
-779.713 541.222 2213
-783.486 541.222 2213
-787.258 541.222 2213
-791.746 541.711 2215
-795.522 541.711 2215
-799.298 541.711 2215
-803.074 541.711 2215
-802.843 539.021 2204
-806.6 539.021 2204
-810.357 539.021 2204
-814.115 539.021 2204
-817.872 539.021 2204
-821.629 539.021 2204
-824.263 538.287 2201
-824.629 536.086 2192
-826.099 534.619 2186
-829.825 534.619 2186
-829.357 531.928 2175
-833.065 531.928 2175
-835.619 531.195 2172
-839.322 531.195 2172
-841.86 530.461 2169
-843.608 529.238 2164
-847.297 529.238 2164
-850.987 529.238 2164
-852.306 527.771 2158
-854.795 527.037 2155
-857.672 526.548 2153
-861.342 526.548 2153
-865.012 526.548 2153
-867.472 525.814 2150
-868.706 524.347 2144
-872.361 524.347 2144
-876.016 524.347 2144
-879.671 524.347 2144
-883.326 524.347 2144
-886.981 524.347 2144
-890.636 524.347 2144
-889.703 521.657 2133
-887.895 518.477 2120
-891.509 518.477 2120
-892.589 517.01 2114
-896.193 517.01 2114
-899.797 517.01 2114
-903.401 517.01 2114
-907.005 517.01 2114
-910.608 517.01 2114
-914.212 517.01 2114
-917.816 517.01 2114
-917.933 515.054 2106
-919.336 513.831 2101
-918.524 511.385 2091
-922.089 511.385 2091
-925.654 511.385 2091
-929.218 511.385 2091
-926.984 508.206 2078
-930.526 508.206 2078
-929.124 505.515 2067
-924.526 501.113 2049
-924.849 499.401 2042
-928.33 499.401 2042
-926.335 496.467 2030
-923.841 493.287 2017
-926.36 492.798 2015
-929.795 492.798 2015
-931.841 492.064 2012
-932.017 490.352 2005
-931.236 488.151 1996
-934.639 488.151 1996
-936.632 487.418 1993
-935.784 485.217 1984
-937.746 484.483 1981
-941.123 484.483 1981
-943.547 483.994 1979
-945.964 483.505 1977
-947.893 482.771 1974
-951.259 482.771 1974
-951.238 481.059 1967
-953.621 480.57 1965
-955.997 480.081 1963
-959.343 480.081 1963
-962.69 480.081 1963
-962.591 478.369 1956
-964.444 477.635 1953
-967.774 477.635 1953
-970.109 477.146 1951
-973.435 477.146 1951
-974.758 476.168 1947
-978.077 476.168 1947
-977.868 474.456 1940
-981.175 474.456 1940
-984.482 474.456 1940
-987.789 474.456 1940
-990.075 473.967 1938
-991.841 473.233 1935
-993.083 472.255 1931
-3.11581 120.701 497
-3.96307 120.701 497
-4.81033 120.701 497
-5.64621 120.458 496
-6.46559 119.972 494
-7.30773 119.972 494
-8.11688 119.486 492
-8.95562 119.486 492
-9.77445 119.244 491
-10.6115 119.244 491
-11.4485 119.244 491
-12.2855 119.244 491
-21.893 112.686 464
-22.684 112.686 464
-23.475 112.686 464
-24.266 112.686 464
-25.057 112.686 464
-25.848 112.686 464
-26.5816 112.444 463
-27.3118 112.201 462
-28.0994 112.201 462
-28.8245 111.958 461
-29.5461 111.715 460
-30.2644 111.472 459
-31.0468 111.472 459
-31.76 111.229 458
-32.4697 110.986 457
-33.2488 110.986 457
-33.9534 110.744 456
-34.7307 110.744 456
-35.4302 110.501 455
-36.1263 110.258 454
-76.2036 107.829 444
-76.9605 107.829 444
-77.8925 108.072 445
-78.6511 108.072 445
-79.9451 108.801 448
-80.7088 108.801 448
-81.6544 109.044 449
-82.6034 109.286 450
-83.3705 109.286 450
-84.1376 109.286 450
-85.0934 109.529 451
-86.243 110.015 453
-87.0153 110.015 453
-88.3689 110.744 456
-90.3193 112.201 462
-91.1069 112.201 462
-91.8945 112.201 462
-92.682 112.201 462
-93.4696 112.201 462
-94.2572 112.201 462
-95.0448 112.201 462
-95.8324 112.201 462
-96.8291 112.444 463
-97.6184 112.444 463
-98.4077 112.444 463
-99.4113 112.686 464
-100.202 112.686 464
-100.993 112.686 464
-101.784 112.686 464
-102.575 112.686 464
-103.366 112.686 464
-104.157 112.686 464
-105.174 112.929 465
-105.967 112.929 465
-106.76 112.929 465
-107.553 112.929 465
-108.345 112.929 465
-109.373 113.172 466
-110.167 113.172 466
-110.962 113.172 466
-112.236 113.658 468
-113.516 114.144 470
-114.318 114.144 470
-115.119 114.144 470
-115.427 113.658 468
-754.603 530.403 2184
-758.326 530.403 2184
-764.84 532.346 2192
-771.733 534.532 2201
-779.713 537.446 2213
-783.486 537.446 2213
-787.258 537.446 2213
-791.746 537.932 2215
-795.522 537.932 2215
-799.298 537.932 2215
-803.074 537.932 2215
-802.843 535.261 2204
-806.6 535.261 2204
-810.357 535.261 2204
-814.115 535.261 2204
-817.872 535.261 2204
-821.629 535.261 2204
-823.139 533.803 2198
-826.887 533.803 2198
-826.099 530.889 2186
-829.825 530.889 2186
-833.552 530.889 2186
-834.214 528.946 2178
-836.773 528.218 2175
-840.481 528.218 2175
-844.189 528.218 2175
-845.557 526.761 2169
-848.472 526.275 2167
-852.166 526.275 2167
-853.491 524.818 2161
-857.175 524.818 2161
-858.468 523.361 2155
-862.142 523.361 2155
-865.816 523.361 2155
-867.472 522.146 2150
-871.137 522.146 2150
-874.803 522.146 2150
-877.242 521.418 2147
-880.902 521.418 2147
-883.326 520.689 2144
-886.981 520.689 2144
-890.636 520.689 2144
-889.703 518.018 2133
-887.895 514.86 2120
-891.509 514.86 2120
-893.856 514.132 2117
-896.193 513.403 2114
-899.797 513.403 2114
-903.401 513.403 2114
-907.005 513.403 2114
-910.608 513.403 2114
-914.212 513.403 2114
-917.816 513.403 2114
-917.933 511.46 2106
-919.336 510.246 2101
-918.524 507.818 2091
-922.089 507.818 2091
-925.654 507.818 2091
-929.218 507.818 2091
-926.984 504.66 2078
-930.526 504.66 2078
-929.124 501.989 2067
-924.526 497.617 2049
-924.849 495.917 2042
-928.33 495.917 2042
-926.335 493.003 2030
-923.841 489.846 2017
-926.36 489.36 2015
-929.795 489.36 2015
-931.841 488.632 2012
-932.017 486.932 2005
-929.836 484.017 1993
-933.234 484.017 1993
-935.692 483.532 1991
-934.369 481.103 1981
-935.853 480.132 1977
-939.223 480.132 1977
-942.593 480.132 1977
-944.528 479.403 1974
-946.933 478.917 1972
-950.295 478.917 1972
-950.271 477.217 1965
-952.651 476.732 1963
-955.997 476.732 1963
-959.343 476.732 1963
-960.238 475.517 1958
-961.115 474.303 1953
-964.444 474.303 1953
-967.774 474.303 1953
-970.109 473.817 1951
-973.435 473.817 1951
-974.758 472.846 1947
-978.077 472.846 1947
-977.868 471.146 1940
-981.175 471.146 1940
-984.482 471.146 1940
-987.789 471.146 1940
-990.075 470.66 1938
-991.841 469.932 1935
-993.083 468.96 1931
-3.10955 119.612 496
-3.9551 119.612 496
-4.80066 119.612 496
-5.64621 119.612 496
-6.46559 119.129 494
-7.30773 119.129 494
-8.11688 118.647 492
-8.93742 118.406 491
-9.77445 118.406 491
-10.6115 118.406 491
-11.4485 118.406 491
-12.2855 118.406 491
-21.893 111.895 464
-22.684 111.895 464
-23.475 111.895 464
-24.266 111.895 464
-25.057 111.895 464
-25.848 111.895 464
-26.5816 111.654 463
-27.3118 111.413 462
-28.0994 111.413 462
-28.8245 111.171 461
-29.5461 110.93 460
-30.2644 110.689 459
-31.0468 110.689 459
-31.8293 110.689 459
-32.5407 110.448 458
-33.2488 110.207 457
-34.0278 110.207 457
-34.7307 109.966 456
-35.5081 109.966 456
-36.1263 109.483 454
-76.2036 107.072 444
-76.9605 107.072 444
-77.8925 107.313 445
-78.6511 107.313 445
-79.9451 108.036 448
-80.7088 108.036 448
-81.6544 108.278 449
-82.6034 108.519 450
-83.3705 108.519 450
-84.1376 108.519 450
-85.0934 108.76 451
-86.243 109.242 453
-87.0153 109.242 453
-89.3379 111.171 461
-90.5148 111.654 463
-91.3041 111.654 463
-92.0934 111.654 463
-92.8827 111.654 463
-93.672 111.654 463
-94.4613 111.654 463
-95.0448 111.413 462
-96.2473 111.895 464
-97.0383 111.895 464
-97.8293 111.895 464
-98.6203 111.895 464
-99.4113 111.895 464
-100.418 112.136 465
-101.211 112.136 465
-102.004 112.136 465
-102.796 112.136 465
-103.589 112.136 465
-104.382 112.136 465
-105.174 112.136 465
-106.195 112.377 466
-106.99 112.377 466
-107.784 112.377 466
-108.578 112.377 466
-109.607 112.618 467
-110.64 112.859 468
-111.438 112.859 468
-112.715 113.342 470
-113.758 113.583 471
-114.561 113.583 471
-115.364 113.583 471
-115.427 112.859 468
-752.53 525.23 2178
-756.242 525.23 2178
-762.049 526.677 2184
-771.733 530.777 2201
-779.713 533.671 2213
-783.486 533.671 2213
-787.258 533.671 2213
-791.746 534.153 2215
-796.599 534.877 2218
-800.38 534.877 2218
-804.161 534.877 2218
-805.028 532.947 2210
-808.796 532.947 2210
-810.357 531.5 2204
-814.115 531.5 2204
-817.872 531.5 2204
-821.629 531.5 2204
-825.386 531.5 2204
-829.144 531.5 2204
-829.5 529.33 2195
-833.242 529.33 2195
-835.84 528.607 2192
-837.278 527.16 2186
-839.081 525.954 2181
-842.799 525.954 2181
-845.353 525.23 2178
-847.897 524.507 2175
-850.43 523.783 2172
-854.132 523.783 2172
-855.86 522.578 2167
-857.175 521.131 2161
-860.859 521.131 2161
-864.543 521.131 2161
-868.227 521.131 2161
-869.49 519.684 2155
-871.137 518.478 2150
-874.803 518.478 2150
-878.468 518.478 2150
-880.902 517.755 2147
-884.562 517.755 2147
-888.222 517.755 2147
-890.636 517.031 2144
-890.954 515.102 2136
-888.732 511.726 2122
-892.35 511.726 2122
-895.123 511.243 2120
-898.737 511.243 2120
-902.351 511.243 2120
-905.965 511.243 2120
-909.579 511.243 2120
-913.193 511.243 2120
-915.51 510.52 2117
-919.119 510.52 2117
-917.933 507.867 2106
-919.336 506.662 2101
-919.403 504.732 2093
-922.971 504.732 2093
-926.539 504.732 2093
-930.107 504.732 2093
-926.984 501.115 2078
-930.526 501.115 2078
-930.473 499.186 2070
-924.526 494.122 2049
-922.584 491.228 2037
-926.057 491.228 2037
-926.335 489.54 2030
-922.925 485.923 2015
-924.981 485.199 2012
-928.411 485.199 2012
-928.599 483.511 2005
-929.693 482.305 2000
-928.903 480.135 1991
-932.297 480.135 1991
-930.992 477.723 1981
-933.426 477.241 1979
-934.433 476.035 1974
-937.798 476.035 1974
-940.209 475.553 1972
-943.571 475.553 1972
-943.572 473.865 1965
-946.921 473.865 1965
-949.304 473.383 1963
-951.195 472.659 1960
-954.536 472.659 1960
-957.877 472.659 1960
-960.238 472.177 1958
-960.131 470.489 1951
-963.457 470.489 1951
-966.783 470.489 1951
-970.109 470.489 1951
-972.437 470.006 1949
-973.256 468.801 1944
-976.57 468.801 1944
-976.86 467.354 1938
-978.646 466.63 1935
-981.945 466.63 1935
-985.244 466.63 1935
-988.542 466.63 1935
-991.841 466.63 1935
-990.511 464.46 1926
-3.10955 118.765 496
-3.9551 118.765 496
-4.80066 118.765 496
-5.64621 118.765 496
-6.46559 118.287 494
-7.30773 118.287 494
-8.11688 117.808 492
-8.93742 117.568 491
-9.77445 117.568 491
-10.6115 117.568 491
-11.4485 117.568 491
-12.2855 117.568 491
-21.893 111.103 464
-22.684 111.103 464
-23.475 111.103 464
-24.266 111.103 464
-25.057 111.103 464
-25.848 111.103 464
-26.5816 110.864 463
-27.3118 110.624 462
-28.0994 110.624 462
-28.8245 110.385 461
-29.5461 110.145 460
-30.3303 110.145 460
-31.1145 110.145 460
-31.8293 109.906 459
-32.5407 109.666 458
-33.2488 109.427 457
-34.0278 109.427 457
-34.8069 109.427 457
-35.5081 109.188 456
-36.1263 108.709 454
-77.8925 106.554 445
-79.1813 107.272 448
-80.1235 107.511 449
-80.8889 107.511 449
-81.8362 107.751 450
-82.9705 108.23 452
-83.741 108.23 452
-84.6985 108.469 453
-85.4708 108.469 453
-87.0046 109.427 457
-87.7836 109.427 457
-89.3379 110.385 461
-90.5148 110.864 463
-91.3041 110.864 463
-92.0934 110.864 463
-92.8827 110.864 463
-93.672 110.864 463
-94.4613 110.864 463
-95.0448 110.624 462
-96.2473 111.103 464
-97.0383 111.103 464
-97.8293 111.103 464
-98.6203 111.103 464
-99.4113 111.103 464
-100.418 111.343 465
-101.211 111.343 465
-102.004 111.343 465
-102.796 111.343 465
-103.589 111.343 465
-104.382 111.343 465
-105.174 111.343 465
-106.195 111.582 466
-106.99 111.582 466
-107.784 111.582 466
-108.578 111.582 466
-109.607 111.822 467
-110.64 112.061 468
-111.438 112.061 468
-112.955 112.779 471
-113.758 112.779 471
-114.561 112.779 471
-115.364 112.779 471
-115.427 112.061 468
-749.42 519.359 2169
-753.118 519.359 2169
-759.955 521.514 2178
-769.629 525.585 2195
-779.713 529.895 2213
-783.486 529.895 2213
-787.97 530.374 2215
-792.818 531.092 2218
-796.599 531.092 2218
-800.38 531.092 2218
-804.161 531.092 2218
-805.028 529.177 2210
-808.796 529.177 2210
-810.357 527.74 2204
-814.115 527.74 2204
-817.872 527.74 2204
-821.629 527.74 2204
-825.386 527.74 2204
-829.144 527.74 2204
-829.5 525.585 2195
-833.242 525.585 2195
-835.84 524.867 2192
-837.278 523.43 2186
-839.081 522.233 2181
-842.799 522.233 2181
-845.353 521.514 2178
-847.897 520.796 2175
-850.43 520.078 2172
-854.132 520.078 2172
-855.86 518.881 2167
-857.175 517.444 2161
-860.859 517.444 2161
-864.543 517.444 2161
-868.227 517.444 2161
-869.49 516.007 2155
-872.353 515.528 2153
-876.023 515.528 2153
-879.694 515.528 2153
-883.364 515.528 2153
-887.034 515.528 2153
-890.705 515.528 2153
-893.129 514.81 2150
-893.457 512.894 2142
-892.502 510.261 2131
-896.134 510.261 2131
-895.967 508.105 2122
-898.737 507.627 2120
-902.351 507.627 2120
-905.965 507.627 2120
-909.579 507.627 2120
-913.193 507.627 2120
-916.807 507.627 2120
-920.421 507.627 2120
-919.241 504.993 2109
-919.336 503.077 2101
-921.599 502.359 2098
-925.176 502.359 2098
-928.752 502.359 2098
-930.107 501.162 2093
-926.984 497.57 2078
-930.526 497.57 2078
-930.473 495.654 2070
-924.526 490.626 2049
-922.584 487.753 2037
-926.057 487.753 2037
-922.684 484.161 2022
-920.635 481.287 2010
-920.844 479.611 2003
-924.258 479.611 2003
-926.283 478.893 2000
-926.439 477.217 1993
-926.571 475.541 1986
-929.956 475.541 1986
-930.052 473.865 1979
-931.068 472.667 1974
-933.486 472.189 1972
-936.848 472.189 1972
-940.209 472.189 1972
-942.614 471.71 1970
-943.572 470.512 1965
-946.921 470.512 1965
-947.853 469.315 1960
-950.224 468.836 1958
-953.562 468.836 1958
-956.9 468.836 1958
-959.257 468.357 1956
-960.131 467.16 1951
-962.469 466.681 1949
-965.792 466.681 1949
-968.12 466.202 1947
-971.439 466.202 1947
-972.255 465.005 1942
-975.565 465.005 1942
-976.86 464.047 1938
-978.646 463.329 1935
-981.945 463.329 1935
-985.244 463.329 1935
-988.542 463.329 1935
-990.816 462.85 1933
-988.454 460.216 1922
-3.10955 117.919 496
-3.9551 117.919 496
-4.80066 117.919 496
-5.64621 117.919 496
-6.46559 117.444 494
-7.30773 117.444 494
-8.11688 116.968 492
-8.93742 116.731 491
-9.77445 116.731 491
-10.6115 116.731 491
-11.4485 116.731 491
-12.2855 116.731 491
-21.102 110.312 464
-21.893 110.312 464
-22.684 110.312 464
-23.475 110.312 464
-24.266 110.312 464
-25.057 110.312 464
-25.848 110.312 464
-26.5816 110.074 463
-27.3118 109.836 462
-28.0994 109.836 462
-28.8245 109.598 461
-29.5461 109.361 460
-30.3303 109.361 460
-31.1145 109.361 460
-31.8293 109.123 459
-32.5407 108.885 458
-33.2488 108.647 457
-34.0278 108.647 457
-34.8069 108.647 457
-35.5081 108.41 456
-36.1263 107.934 454
-79.1813 106.508 448
-80.1235 106.745 449
-81.7897 107.934 454
-82.7455 108.172 455
-83.7047 108.41 456
-84.4821 108.41 456
-85.4464 108.647 457
-86.2255 108.647 457
-87.0046 108.647 457
-88.552 109.598 461
-89.5317 109.836 462
-90.5148 110.074 463
-91.3041 110.074 463
-92.2923 110.312 464
-93.0833 110.312 464
-93.8743 110.312 464
-94.6653 110.312 464
-95.2505 110.074 463
-96.2473 110.312 464
-97.0383 110.312 464
-97.8293 110.312 464
-98.6203 110.312 464
-99.4113 110.312 464
-100.418 110.549 465
-101.211 110.549 465
-102.004 110.549 465
-102.796 110.549 465
-103.589 110.549 465
-104.382 110.549 465
-105.401 110.787 466
-106.195 110.787 466
-106.99 110.787 466
-107.784 110.787 466
-108.811 111.025 467
-109.607 111.025 467
-110.64 111.263 468
-111.438 111.263 468
-112.955 111.976 471
-113.758 111.976 471
-114.561 111.976 471
-115.364 111.976 471
-747.692 514.47 2164
-751.381 514.47 2164
-756.815 515.659 2169
-769.629 521.84 2195
-776.542 523.98 2204
-780.299 523.98 2204
-787.97 526.595 2215
-792.818 527.308 2218
-796.599 527.308 2218
-800.38 527.308 2218
-804.161 527.308 2218
-805.028 525.406 2210
-808.796 525.406 2210
-810.357 523.98 2204
-814.115 523.98 2204
-817.872 523.98 2204
-821.629 523.98 2204
-825.386 523.98 2204
-829.144 523.98 2204
-831.767 523.267 2201
-835.519 523.267 2201
-835.84 521.127 2192
-837.278 519.701 2186
-839.081 518.512 2181
-842.799 518.512 2181
-846.518 518.512 2181
-849.066 517.799 2178
-851.604 517.085 2175
-855.312 517.085 2175
-857.835 516.372 2172
-860.348 515.659 2169
-860.859 513.757 2161
-864.543 513.757 2161
-868.227 513.757 2161
-871.911 513.757 2161
-873.163 512.331 2155
-876.837 512.331 2155
-879.694 511.855 2153
-883.364 511.855 2153
-887.034 511.855 2153
-890.705 511.855 2153
-893.129 511.142 2150
-893.457 509.24 2142
-892.502 506.625 2131
-896.134 506.625 2131
-895.967 504.485 2122
-898.737 504.01 2120
-902.351 504.01 2120
-905.965 504.01 2120
-909.579 504.01 2120
-913.193 504.01 2120
-916.807 504.01 2120
-920.421 504.01 2120
-919.241 501.395 2109
-919.336 499.493 2101
-921.599 498.779 2098
-925.176 498.779 2098
-928.752 498.779 2098
-930.107 497.591 2093
-926.984 494.025 2078
-930.526 494.025 2078
-930.473 492.123 2070
-924.526 487.13 2049
-922.584 484.277 2037
-926.057 484.277 2037
-922.684 480.711 2022
-920.635 477.858 2010
-920.844 476.194 2003
-924.258 476.194 2003
-926.283 475.481 2000
-926.439 473.817 1993
-926.571 472.152 1986
-929.956 472.152 1986
-930.052 470.488 1979
-931.068 469.3 1974
-933.486 468.824 1972
-936.848 468.824 1972
-940.209 468.824 1972
-942.614 468.349 1970
-943.572 467.16 1965
-946.921 467.16 1965
-947.853 465.971 1960
-950.224 465.496 1958
-953.562 465.496 1958
-956.9 465.496 1958
-959.257 465.02 1956
-960.131 463.832 1951
-961.481 462.881 1947
-964.8 462.881 1947
-968.12 462.881 1947
-969.942 462.167 1944
-971.253 461.216 1940
-974.561 461.216 1940
-976.86 460.741 1938
-978.646 460.028 1935
-981.945 460.028 1935
-985.244 460.028 1935
-987.521 459.552 1933
-987.228 457.888 1926
-987.425 456.462 1920
-3.10955 117.073 496
-3.9551 117.073 496
-4.80066 117.073 496
-5.64621 117.073 496
-6.46559 116.601 494
-7.30773 116.601 494
-8.11688 116.129 492
-8.93742 115.893 491
-9.77445 115.893 491
-10.6115 115.893 491
-11.4485 115.893 491
-12.2855 115.893 491
-21.1475 109.756 465
-21.9402 109.756 465
-22.7329 109.756 465
-23.475 109.52 464
-24.266 109.52 464
-25.057 109.52 464
-25.848 109.52 464
-26.5816 109.284 463
-27.3118 109.048 462
-28.0994 109.048 462
-28.887 109.048 462
-29.6103 108.812 461
-30.3303 108.576 460
-31.1145 108.576 460
-31.8987 108.576 460
-32.5407 108.104 458
-33.3215 108.104 458
-34.1023 108.104 458
-34.8069 107.868 457
-35.5081 107.632 456
-79.1813 105.743 448
-80.1235 105.979 449
-82.15 107.632 456
-83.1092 107.868 457
-84.0719 108.104 458
-84.8526 108.104 458
-85.8204 108.34 459
-86.7915 108.576 460
-87.5757 108.576 460
-88.7441 109.048 462
-89.7255 109.284 463
-90.5148 109.284 463
-91.3041 109.284 463
-92.2923 109.52 464
-93.0833 109.52 464
-93.8743 109.52 464
-94.6653 109.52 464
-95.2505 109.284 463
-96.2473 109.52 464
-97.0383 109.52 464
-97.8293 109.52 464
-98.6203 109.52 464
-99.4113 109.52 464
-100.418 109.756 465
-101.211 109.756 465
-102.004 109.756 465
-102.796 109.756 465
-103.589 109.756 465
-104.382 109.756 465
-105.401 109.992 466
-106.195 109.992 466
-106.99 109.992 466
-107.784 109.992 466
-108.811 110.228 467
-109.607 110.228 467
-110.64 110.464 468
-111.438 110.464 468
-112.955 111.172 471
-113.758 111.172 471
-114.561 111.172 471
-115.364 111.172 471
-747.692 510.778 2164
-751.381 510.778 2164
-756.815 511.958 2169
-769.629 518.095 2195
-776.542 520.22 2204
-780.299 520.22 2204
-787.97 522.816 2215
-792.818 523.524 2218
-796.599 523.524 2218
-800.38 523.524 2218
-804.161 523.524 2218
-805.028 521.636 2210
-808.796 521.636 2210
-810.357 520.22 2204
-814.115 520.22 2204
-816.759 519.511 2201
-821.629 520.22 2204
-825.386 520.22 2204
-829.144 520.22 2204
-831.767 519.511 2201
-835.519 519.511 2201
-835.84 517.387 2192
-837.278 515.971 2186
-839.081 514.791 2181
-842.799 514.791 2181
-846.518 514.791 2181
-849.066 514.083 2178
-852.779 514.083 2178
-856.492 514.083 2178
-857.835 512.667 2172
-861.538 512.667 2172
-865.241 512.667 2172
-868.943 512.667 2172
-871.441 511.958 2169
-871.911 510.07 2161
-875.594 510.07 2161
-879.278 510.07 2161
-882.962 510.07 2161
-886.646 510.07 2161
-890.33 510.07 2161
-894.014 510.07 2161
-895.206 508.654 2155
-896.794 507.474 2150
-894.596 504.169 2136
-898.237 504.169 2136
-897.234 501.573 2125
-898.737 500.393 2120
-903.202 500.865 2122
-908.102 501.573 2125
-911.724 501.573 2125
-915.347 501.573 2125
-917.672 500.865 2122
-921.289 500.865 2122
-924.035 500.393 2120
-919.336 495.908 2101
-921.599 495.2 2098
-925.176 495.2 2098
-928.752 495.2 2098
-931.44 494.728 2096
-926.984 490.479 2078
-930.526 490.479 2078
-926.877 486.703 2062
-919.112 480.802 2037
-920.32 479.622 2032
-923.784 479.622 2032
-921.772 476.789 2020
-918.345 473.249 2005
-919.464 472.069 2000
-922.874 472.069 2000
-926.283 472.069 2000
-926.439 470.416 1993
-924.238 467.584 1981
-927.615 467.584 1981
-930.052 467.112 1979
-930.124 465.46 1972
-933.486 465.46 1972
-936.848 465.46 1972
-939.256 464.988 1970
-942.614 464.988 1970
-943.572 463.807 1965
-946.921 463.807 1965
-947.853 462.627 1960
-950.224 462.155 1958
-953.562 462.155 1958
-956.9 462.155 1958
-959.257 461.683 1956
-959.146 460.031 1949
-961.481 459.559 1947
-964.8 459.559 1947
-968.12 459.559 1947
-969.942 458.851 1944
-971.253 457.907 1940
-974.561 457.907 1940
-976.86 457.434 1938
-978.646 456.726 1935
-981.945 456.726 1935
-985.244 456.726 1935
-987.521 456.254 1933
-987.228 454.602 1926
-987.425 453.186 1920
-3.10955 116.227 496
-3.9551 116.227 496
-4.80066 116.227 496
-5.63483 115.992 495
-6.46559 115.758 494
-7.30773 115.758 494
-8.10039 115.055 491
-8.93742 115.055 491
-9.77445 115.055 491
-10.6115 115.055 491
-11.4485 115.055 491
-12.2855 115.055 491
-13.0691 114.586 489
-13.9027 114.586 489
-21.1475 108.963 465
-21.9402 108.963 465
-22.7329 108.963 465
-23.5256 108.963 465
-24.266 108.728 464
-25.057 108.728 464
-25.848 108.728 464
-26.5816 108.494 463
-27.3118 108.26 462
-28.0994 108.26 462
-28.887 108.26 462
-29.6103 108.025 461
-30.3303 107.791 460
-31.1145 107.791 460
-31.8987 107.791 460
-32.5407 107.322 458
-33.3215 107.322 458
-34.1023 107.322 458
-34.8069 107.088 457
-35.586 107.088 457
-82.15 106.854 456
-83.1092 107.088 457
-84.0719 107.322 458
-84.8526 107.322 458
-85.8204 107.557 459
-86.7915 107.791 460
-87.5757 107.791 460
-88.7441 108.26 462
-89.7255 108.494 463
-90.7103 108.728 464
-91.5013 108.728 464
-92.2923 108.728 464
-93.0833 108.728 464
-93.8743 108.728 464
-94.6653 108.728 464
-95.2505 108.494 463
-96.2473 108.728 464
-97.0383 108.728 464
-97.8293 108.728 464
-98.6203 108.728 464
-99.4113 108.728 464
-100.418 108.963 465
-101.211 108.963 465
-102.004 108.963 465
-102.796 108.963 465
-103.589 108.963 465
-104.382 108.963 465
-105.401 109.197 466
-106.195 109.197 466
-106.99 109.197 466
-107.784 109.197 466
-108.811 109.431 467
-109.607 109.431 467
-110.404 109.431 467
-111.2 109.431 467
-745.619 505.68 2158
-749.298 505.68 2158
-755.071 507.086 2164
-768.577 513.647 2192
-776.542 516.459 2204
-780.299 516.459 2204
-787.97 519.037 2215
-792.818 519.74 2218
-796.599 519.74 2218
-800.38 519.74 2218
-804.161 519.74 2218
-805.028 517.865 2210
-808.796 517.865 2210
-810.357 516.459 2204
-814.115 516.459 2204
-816.759 515.756 2201
-821.629 516.459 2204
-825.386 516.459 2204
-829.144 516.459 2204
-831.767 515.756 2201
-835.519 515.756 2201
-835.84 513.647 2192
-837.278 512.241 2186
-839.081 511.07 2181
-842.799 511.07 2181
-846.518 511.07 2181
-849.066 510.367 2178
-852.779 510.367 2178
-856.492 510.367 2178
-860.205 510.367 2178
-863.918 510.367 2178
-867.631 510.367 2178
-870.143 509.664 2175
-873.851 509.664 2175
-876.349 508.961 2172
-880.051 508.961 2172
-882.534 508.258 2169
-886.231 508.258 2169
-889.929 508.258 2169
-893.626 508.258 2169
-897.324 508.258 2169
-898.944 507.086 2164
-896.794 503.806 2150
-900.459 503.806 2150
-899.499 501.228 2139
-897.234 497.947 2125
-898.737 496.776 2120
-903.202 497.244 2122
-908.102 497.947 2125
-911.724 497.947 2125
-915.347 497.947 2125
-917.672 497.244 2122
-921.289 497.244 2122
-924.035 496.776 2120
-919.336 492.324 2101
-921.599 491.621 2098
-925.176 491.621 2098
-928.752 491.621 2098
-931.44 491.152 2096
-926.984 486.934 2078
-930.526 486.934 2078
-926.877 483.185 2062
-919.112 477.327 2037
-915.79 473.812 2022
-919.237 473.812 2022
-918.121 471.468 2012
-916.055 468.656 2000
-919.464 468.656 2000
-922.874 468.656 2000
-924.431 467.719 1996
-922.255 464.907 1984
-924.238 464.204 1981
-927.615 464.204 1981
-926.762 462.095 1972
-930.124 462.095 1972
-933.486 462.095 1972
-936.848 462.095 1972
-939.256 461.627 1970
-940.222 460.455 1965
-941.171 459.283 1960
-944.512 459.283 1960
-946.886 458.815 1958
-949.253 458.346 1956
-952.588 458.346 1956
-955.922 458.346 1956
-956.805 457.174 1951
-959.146 456.706 1949
-961.481 456.237 1947
-964.8 456.237 1947
-966.628 455.534 1944
-969.942 455.534 1944
-971.253 454.597 1940
-974.561 454.597 1940
-976.86 454.128 1938
-978.646 453.425 1935
-980.93 452.956 1933
-984.225 452.956 1933
-983.944 451.316 1926
-986.203 450.847 1924
-987.425 449.91 1920
-3.10328 115.148 495
-3.94713 115.148 495
-4.79098 115.148 495
-5.63483 115.148 495
-6.4525 114.683 493
-7.29294 114.683 493
-8.10039 114.217 491
-8.91922 113.985 490
-9.75454 113.985 490
-10.5899 113.985 490
-11.4252 113.985 490
-12.2605 113.985 490
-13.0691 113.752 489
-13.9027 113.752 489
-21.1475 108.169 465
-21.9402 108.169 465
-22.7329 108.169 465
-23.5256 108.169 465
-24.266 107.937 464
-25.057 107.937 464
-25.848 107.937 464
-26.5816 107.704 463
-27.3118 107.471 462
-28.0994 107.471 462
-28.887 107.471 462
-29.6103 107.239 461
-30.3303 107.006 460
-31.1145 107.006 460
-31.8987 107.006 460
-32.5407 106.541 458
-33.3215 106.541 458
-34.1023 106.541 458
-34.8069 106.308 457
-35.586 106.308 457
-80.5953 106.076 456
-81.3726 106.076 456
-82.15 106.076 456
-83.2911 106.541 458
-84.2554 106.774 459
-85.0379 106.774 459
-86.0074 107.006 460
-86.7915 107.006 460
-87.5757 107.006 460
-88.9362 107.704 463
-89.7255 107.704 463
-90.7103 107.937 464
-91.5013 107.937 464
-92.2923 107.937 464
-93.0833 107.937 464
-93.8743 107.937 464
-94.6653 107.937 464
-95.2505 107.704 463
-96.2473 107.937 464
-97.0383 107.937 464
-97.8293 107.937 464
-98.6203 107.937 464
-99.4113 107.937 464
-100.418 108.169 465
-101.211 108.169 465
-102.004 108.169 465
-102.796 108.169 465
-103.589 108.169 465
-104.382 108.169 465
-105.401 108.402 466
-106.195 108.402 466
-106.99 108.402 466
-107.784 108.402 466
-108.578 108.402 466
-109.373 108.402 466
-110.167 108.402 466
-775.485 512.001 2201
-779.237 512.001 2201
-787.97 515.258 2215
-791.746 515.258 2215
-795.522 515.258 2215
-799.298 515.258 2215
-802.349 514.793 2213
-805.028 514.095 2210
-808.796 514.095 2210
-805.945 509.908 2192
-810.79 510.605 2195
-814.532 510.605 2195
-820.511 512.001 2201
-824.263 512.001 2201
-828.015 512.001 2201
-829.5 510.605 2195
-832.103 509.908 2192
-834.696 509.21 2189
-835.363 507.349 2181
-837.927 506.651 2178
-841.64 506.651 2178
-845.353 506.651 2178
-849.066 506.651 2178
-852.779 506.651 2178
-856.492 506.651 2178
-860.205 506.651 2178
-863.918 506.651 2178
-867.631 506.651 2178
-870.143 505.953 2175
-873.851 505.953 2175
-876.349 505.255 2172
-880.051 505.255 2172
-883.754 505.255 2172
-888.683 505.953 2175
-892.39 505.953 2175
-896.098 505.953 2175
-897.324 504.557 2169
-901.022 504.557 2169
-898.88 501.301 2155
-902.553 501.301 2155
-904.124 500.138 2150
-900.612 496.183 2133
-898.737 493.159 2120
-903.202 493.624 2122
-908.102 494.322 2125
-911.724 494.322 2125
-915.347 494.322 2125
-918.969 494.322 2125
-921.289 493.624 2122
-924.035 493.159 2120
-919.336 488.739 2101
-921.599 488.041 2098
-925.176 488.041 2098
-928.752 488.041 2098
-931.44 487.576 2096
-926.984 483.389 2078
-930.526 483.389 2078
-926.877 479.667 2062
-915.953 472.223 2030
-911.261 468.036 2012
-914.691 468.036 2012
-914.014 465.942 2003
-910.559 462.453 1988
-912.109 461.522 1984
-915.491 461.522 1984
-918.873 461.522 1984
-919.931 460.359 1979
-919.106 458.266 1970
-922.464 458.266 1970
-923.473 457.102 1965
-925.879 456.637 1963
-929.226 456.637 1963
-932.572 456.637 1963
-935.918 456.637 1963
-939.265 456.637 1963
-939.25 455.009 1956
-942.584 455.009 1956
-945.919 455.009 1956
-949.253 455.009 1956
-951.127 454.311 1953
-954.456 454.311 1953
-955.824 453.38 1949
-958.162 452.915 1947
-960 452.217 1944
-963.314 452.217 1944
-966.628 452.217 1944
-969.942 452.217 1944
-971.253 451.287 1940
-974.561 451.287 1940
-975.348 450.124 1935
-977.635 449.658 1933
-977.378 448.03 1926
-980.661 448.03 1926
-983.944 448.03 1926
-985.177 447.1 1922
-983.826 445.006 1913
-3.10328 114.303 495
-3.94713 114.303 495
-4.79098 114.303 495
-5.63483 114.303 495
-6.4525 113.842 493
-7.29294 113.842 493
-8.08389 113.149 490
-8.91922 113.149 490
-9.75454 113.149 490
-10.5899 113.149 490
-11.4252 113.149 490
-12.2605 113.149 490
-13.0691 112.918 489
-13.9027 112.918 489
-20.4861 108.069 468
-21.2839 108.069 468
-22.0817 108.069 468
-22.7818 107.607 466
-23.5256 107.376 465
-24.266 107.145 464
-25.057 107.145 464
-25.848 107.145 464
-26.5816 106.914 463
-27.3118 106.683 462
-28.0994 106.683 462
-28.887 106.683 462
-29.6103 106.452 461
-30.3303 106.221 460
-31.1145 106.221 460
-31.8987 106.221 460
-32.5407 105.76 458
-33.3215 105.76 458
-34.1023 105.76 458
-34.8069 105.529 457
-35.586 105.529 457
-80.5953 105.298 456
-81.3726 105.298 456
-82.5103 105.76 458
-83.4729 105.99 459
-84.2554 105.99 459
-85.2232 106.221 460
-86.1943 106.452 461
-87.1689 106.683 462
-87.9565 106.683 462
-88.9362 106.914 463
-89.9193 107.145 464
-90.7103 107.145 464
-91.5013 107.145 464
-92.2923 107.145 464
-93.0833 107.145 464
-93.8743 107.145 464
-94.6653 107.145 464
-95.2505 106.914 463
-96.2473 107.145 464
-97.0383 107.145 464
-97.8293 107.145 464
-98.6203 107.145 464
-99.4113 107.145 464
-100.418 107.376 465
-101.211 107.376 465
-102.004 107.376 465
-102.796 107.376 465
-103.589 107.376 465
-104.382 107.376 465
-105.401 107.607 466
-106.195 107.607 466
-106.99 107.607 466
-107.784 107.607 466
-108.578 107.607 466
-794.735 506.168 2192
-798.472 506.168 2192
-802.208 506.168 2192
-804.842 505.475 2189
-805.619 503.628 2181
-810.45 504.32 2184
-814.173 504.32 2184
-822.016 506.861 2195
-825.758 506.861 2195
-829.5 506.861 2195
-830.964 505.475 2189
-833.552 504.782 2186
-833.065 502.242 2175
-837.927 502.935 2178
-841.64 502.935 2178
-845.353 502.935 2178
-849.066 502.935 2178
-852.779 502.935 2178
-856.492 502.935 2178
-861.39 503.628 2181
-866.298 504.32 2184
-870.021 504.32 2184
-873.744 504.32 2184
-877.467 504.32 2184
-879.98 503.628 2181
-883.698 503.628 2181
-887.416 503.628 2181
-888.683 502.242 2175
-892.39 502.242 2175
-896.098 502.242 2175
-897.324 500.857 2169
-901.022 500.857 2169
-898.88 497.624 2155
-902.553 497.624 2155
-904.124 496.469 2150
-900.612 492.544 2133
-892.802 486.309 2106
-897.669 487.002 2109
-906.82 490.004 2122
-911.724 490.696 2125
-915.347 490.696 2125
-918.969 490.696 2125
-921.289 490.004 2122
-924.035 489.542 2120
-918.023 484.462 2098
-920.721 484 2096
-924.294 484 2096
-927.867 484 2096
-926.552 481.46 2085
-924.307 478.458 2072
-927.839 478.458 2072
-924.629 474.994 2057
-915.953 468.759 2030
-911.261 464.603 2012
-914.691 464.603 2012
-914.014 462.525 2003
-910.559 459.061 1988
-912.109 458.137 1984
-915.491 458.137 1984
-918.873 458.137 1984
-919.931 456.983 1979
-919.106 454.904 1970
-922.464 454.904 1970
-923.473 453.75 1965
-925.879 453.288 1963
-929.226 453.288 1963
-932.572 453.288 1963
-935.918 453.288 1963
-939.265 453.288 1963
-939.25 451.672 1956
-942.584 451.672 1956
-945.919 451.672 1956
-949.253 451.672 1956
-951.127 450.979 1953
-954.456 450.979 1953
-955.824 450.055 1949
-958.162 449.593 1947
-959.012 448.439 1942
-962.323 448.439 1942
-965.633 448.439 1942
-968.944 448.439 1942
-971.253 447.977 1940
-974.561 447.977 1940
-975.348 446.822 1935
-977.635 446.361 1933
-977.378 444.744 1926
-980.661 444.744 1926
-982.923 444.282 1924
-984.152 443.359 1920
-982.797 441.28 1911
-3.10328 113.459 495
-3.94713 113.459 495
-4.79098 113.459 495
-5.63483 113.459 495
-6.4525 113 493
-7.29294 113 493
-8.08389 112.313 490
-8.91922 112.313 490
-9.75454 112.313 490
-10.5899 112.313 490
-11.4019 112.084 489
-12.2105 111.854 488
-13.0424 111.854 488
-13.8743 111.854 488
-18.3246 108.645 474
-19.1326 108.645 474
-19.9407 108.645 474
-20.6174 107.958 471
-21.4203 107.958 471
-22.1289 107.499 469
-22.8796 107.27 468
-23.5762 106.812 466
-24.3706 106.812 466
-25.111 106.583 465
-25.848 106.353 464
-26.5816 106.124 463
-27.3118 105.895 462
-28.0994 105.895 462
-28.887 105.895 462
-29.6103 105.666 461
-30.3303 105.437 460
-31.1145 105.437 460
-31.8987 105.437 460
-32.6118 105.207 459
-33.3215 104.978 458
-34.1023 104.978 458
-34.8069 104.749 457
-35.586 104.749 457
-80.9488 104.978 458
-81.7295 104.978 458
-82.6905 105.207 459
-83.8367 105.666 461
-84.6225 105.666 461
-85.779 106.124 463
-86.5683 106.124 463
-87.3576 106.124 463
-88.1469 106.124 463
-89.1283 106.353 464
-89.9193 106.353 464
-90.7103 106.353 464
-91.5013 106.353 464
-92.2923 106.353 464
-93.0833 106.353 464
-93.8743 106.353 464
-94.6653 106.353 464
-95.2505 106.124 463
-96.2473 106.353 464
-97.0383 106.353 464
-97.8293 106.353 464
-98.6203 106.353 464
-99.4113 106.353 464
-100.202 106.353 464
-100.993 106.353 464
-102.004 106.583 465
-102.796 106.583 465
-103.589 106.583 465
-104.382 106.583 465
-105.401 106.812 466
-106.195 106.812 466
-106.99 106.812 466
-107.784 106.812 466
-108.578 106.812 466
-794.889 497.844 2172
-798.592 497.844 2172
-802.294 497.844 2172
-808.224 499.219 2178
-811.937 499.219 2178
-819.769 501.74 2189
-823.501 501.74 2189
-827.232 501.74 2189
-830.964 501.74 2189
-829.357 498.531 2175
-833.065 498.531 2175
-837.927 499.219 2178
-841.64 499.219 2178
-846.518 499.907 2181
-851.405 500.594 2184
-855.128 500.594 2184
-858.851 500.594 2184
-863.365 501.053 2186
-867.091 501.053 2186
-873.208 502.428 2192
-876.945 502.428 2192
-880.681 502.428 2192
-881.19 500.594 2184
-884.914 500.594 2184
-888.637 500.594 2184
-893.177 501.053 2186
-896.904 501.053 2186
-900.63 501.053 2186
-899.806 498.531 2175
-903.514 498.531 2175
-898.88 493.947 2155
-902.553 493.947 2155
-904.124 492.801 2150
-900.612 488.905 2133
-892.802 482.716 2106
-894.264 481.57 2101
-897.845 481.57 2101
-911.724 487.071 2125
-915.347 487.071 2125
-918.969 487.071 2125
-920.421 485.925 2120
-917.933 482.716 2106
-915.835 479.736 2093
-919.403 479.736 2093
-922.971 479.736 2093
-926.539 479.736 2093
-920.775 474.923 2072
-917.616 471.485 2057
-921.122 471.485 2057
-916.538 467.359 2039
-907.831 461.17 2012
-907.185 459.107 2003
-910.6 459.107 2003
-907.169 455.669 1988
-908.726 454.752 1984
-906.592 452.002 1972
-909.954 452.002 1972
-913.315 452.002 1972
-913.423 450.397 1965
-916.773 450.397 1965
-920.123 450.397 1965
-921.123 449.251 1960
-924.464 449.251 1960
-927.805 449.251 1960
-931.147 449.251 1960
-934.488 449.251 1960
-937.829 449.251 1960
-936.849 447.188 1951
-940.175 447.188 1951
-943.501 447.188 1951
-945.856 446.73 1949
-949.179 446.73 1949
-952.501 446.73 1949
-954.843 446.272 1947
-956.686 445.584 1944
-959.012 445.126 1942
-962.323 445.126 1942
-965.633 445.126 1942
-968.944 445.126 1942
-972.255 445.126 1942
-975.565 445.126 1942
-976.86 444.209 1938
-977.635 443.063 1933
-977.378 441.458 1926
-980.661 441.458 1926
-982.923 441 1924
-984.152 440.083 1920
-982.797 438.02 1911
-3.10328 112.614 495
-3.94713 112.614 495
-4.79098 112.614 495
-5.62344 112.387 494
-6.43941 111.932 492
-7.27815 111.932 492
-8.08389 111.477 490
-8.90101 111.249 489
-9.73463 111.249 489
-10.5683 111.249 489
-11.4019 111.249 489
-12.2105 111.022 488
-13.0424 111.022 488
-13.8743 111.022 488
-17.6643 108.747 478
-18.4792 108.747 478
-19.2941 108.747 478
-19.9407 107.837 474
-20.6174 107.154 471
-21.4203 107.154 471
-22.1289 106.699 469
-22.8796 106.472 468
-23.5762 106.017 466
-24.3706 106.017 466
-25.111 105.789 465
-25.848 105.562 464
-26.5816 105.334 463
-27.3118 105.107 462
-28.0994 105.107 462
-28.887 105.107 462
-29.6746 105.107 462
-30.3962 104.879 461
-31.1821 104.879 461
-31.8987 104.652 460
-32.6118 104.424 459
-33.3215 104.197 458
-34.1023 104.197 458
-34.8069 103.969 457
-35.586 103.969 457
-80.9488 104.197 458
-81.7295 104.197 458
-82.6905 104.424 459
-83.8367 104.879 461
-84.6225 104.879 461
-85.779 105.334 463
-86.5683 105.334 463
-87.3576 105.334 463
-88.1469 105.334 463
-89.1283 105.562 464
-89.9193 105.562 464
-90.7103 105.562 464
-91.5013 105.562 464
-92.2923 105.562 464
-93.0833 105.562 464
-93.8743 105.562 464
-94.6653 105.562 464
-95.2505 105.334 463
-96.2473 105.562 464
-97.0383 105.562 464
-97.8293 105.562 464
-98.6203 105.562 464
-99.4113 105.562 464
-100.202 105.562 464
-100.993 105.562 464
-102.004 105.789 465
-102.796 105.789 465
-103.589 105.789 465
-104.382 105.789 465
-105.401 106.017 466
-106.195 106.017 466
-106.99 106.017 466
-107.784 106.017 466
-108.578 106.017 466
-794.889 494.138 2172
-798.592 494.138 2172
-802.294 494.138 2172
-808.224 495.503 2178
-811.937 495.503 2178
-819.769 498.006 2189
-823.501 498.006 2189
-827.232 498.006 2189
-830.964 498.006 2189
-829.357 494.821 2175
-834.214 495.503 2178
-839.081 496.186 2181
-842.799 496.186 2181
-847.682 496.868 2184
-852.185 497.323 2186
-855.911 497.323 2186
-859.638 497.323 2186
-864.549 498.006 2189
-868.281 498.006 2189
-874.403 499.371 2195
-878.145 499.371 2195
-881.887 499.371 2195
-885.629 499.371 2195
-889.371 499.371 2195
-893.112 499.371 2195
-895.629 498.688 2192
-899.365 498.688 2192
-903.102 498.688 2192
-901.047 495.503 2178
-903.514 494.821 2175
-898.88 490.271 2155
-902.553 490.271 2155
-904.124 489.133 2150
-900.612 485.266 2133
-892.802 479.123 2106
-894.264 477.985 2101
-897.845 477.985 2101
-901.427 477.985 2101
-905.009 477.985 2101
-908.591 477.985 2101
-895.597 448.182 1970
-898.956 448.182 1970
-902.314 448.182 1970
-905.672 448.182 1970
-909.031 448.182 1970
-910.073 447.045 1965
-912.494 446.59 1963
-914.44 445.907 1960
-917.782 445.907 1960
-920.183 445.452 1958
-923.521 445.452 1958
-927.805 445.907 1960
-931.147 445.907 1960
-934.488 445.907 1960
-937.829 445.907 1960
-936.849 443.86 1951
-940.175 443.86 1951
-943.501 443.86 1951
-945.856 443.405 1949
-949.179 443.405 1949
-952.501 443.405 1949
-953.372 442.267 1944
-955.702 441.812 1942
-959.012 441.812 1942
-962.323 441.812 1942
-965.633 441.812 1942
-968.944 441.812 1942
-972.255 441.812 1942
-975.565 441.812 1942
-976.86 440.902 1938
-977.635 439.765 1933
-977.378 438.172 1926
-980.661 438.172 1926
-981.901 437.262 1922
-981.589 435.67 1915
-981.768 434.305 1909
-5.57791 110.641 490
-6.41324 110.641 490
-7.24856 110.641 490
-8.06739 110.415 489
-8.88281 110.189 488
-9.71473 110.189 488
-10.5466 110.189 488
-11.3786 110.189 488
-12.1604 109.738 486
-12.9622 109.512 485
-17.6643 107.931 478
-18.4792 107.931 478
-19.2941 107.931 478
-19.9407 107.028 474
-20.6174 106.351 471
-21.4203 106.351 471
-22.1289 105.899 469
-22.8796 105.673 468
-23.5762 105.222 466
-24.3706 105.222 466
-25.111 104.996 465
-25.848 104.77 464
-26.5816 104.544 463
-27.3118 104.319 462
-28.0994 104.319 462
-28.887 104.319 462
-29.6746 104.319 462
-30.3962 104.093 461
-31.1821 104.093 461
-31.8987 103.867 460
-32.6118 103.641 459
-33.3215 103.415 458
-34.1023 103.415 458
-34.8069 103.19 457
-35.586 103.19 457
-80.9488 103.415 458
-82.2649 104.093 461
-83.2309 104.319 462
-84.3822 104.77 464
-85.1732 104.77 464
-85.9642 104.77 464
-86.7552 104.77 464
-87.5462 104.77 464
-88.3372 104.77 464
-89.1283 104.77 464
-89.9193 104.77 464
-90.7103 104.77 464
-91.5013 104.77 464
-92.2923 104.77 464
-93.0833 104.77 464
-93.8743 104.77 464
-94.6653 104.77 464
-95.2505 104.544 463
-96.2473 104.77 464
-97.0383 104.77 464
-97.8293 104.77 464
-98.6203 104.77 464
-99.4113 104.77 464
-100.202 104.77 464
-100.993 104.77 464
-101.784 104.77 464
-102.796 104.996 465
-103.589 104.996 465
-104.382 104.996 465
-105.174 104.996 465
-106.195 105.222 466
-106.99 105.222 466
-107.784 105.222 466
-108.345 104.996 465
-800.448 489.304 2167
-807.11 491.11 2175
-810.818 491.11 2175
-815.65 491.787 2178
-819.362 491.787 2178
-823.075 491.787 2178
-826.788 491.787 2178
-828.213 490.433 2172
-834.214 491.787 2178
-839.081 492.465 2181
-842.799 492.465 2181
-847.682 493.142 2184
-852.185 493.594 2186
-855.911 493.594 2186
-859.638 493.594 2186
-864.549 494.271 2189
-868.281 494.271 2189
-874.403 495.626 2195
-878.145 495.626 2195
-881.887 495.626 2195
-885.629 495.626 2195
-889.371 495.626 2195
-893.112 495.626 2195
-895.629 494.949 2192
-899.365 494.949 2192
-903.102 494.949 2192
-901.047 491.787 2178
-903.514 491.11 2175
-898.88 486.594 2155
-902.553 486.594 2155
-904.124 485.465 2150
-900.612 481.626 2133
-892.802 475.53 2106
-894.264 474.401 2101
-897.845 474.401 2101
-901.427 474.401 2101
-905.009 474.401 2101
-908.591 474.401 2101
-926.871 440.531 1951
-930.197 440.531 1951
-933.523 440.531 1951
-935.889 440.08 1949
-939.211 440.08 1949
-942.534 440.08 1949
-945.856 440.08 1949
-949.179 440.08 1949
-952.501 440.08 1949
-953.372 438.951 1944
-955.702 438.499 1942
-959.012 438.499 1942
-962.323 438.499 1942
-965.633 438.499 1942
-968.944 438.499 1942
-972.255 438.499 1942
-975.565 438.499 1942
-976.86 437.596 1938
-976.623 436.015 1931
-976.363 434.435 1924
-979.643 434.435 1924
-980.879 433.532 1920
-981.589 432.403 1915
-979.197 429.919 1904
-3.08447 110.253 492
-3.9232 110.253 492
-4.76194 110.253 492
-5.60068 110.253 492
-6.42632 110.029 491
-7.26336 110.029 491
-8.06739 109.581 489
-8.84641 108.909 486
-9.67491 108.909 486
-10.5034 108.909 486
-11.3319 108.909 486
-12.1354 108.684 485
-12.9355 108.46 484
-13.7322 108.236 483
-14.5555 108.236 483
-16.9552 107.788 481
-17.7752 107.788 481
-18.5952 107.788 481
-19.4152 107.788 481
-19.9827 106.443 475
-20.7925 106.443 475
-21.4203 105.547 471
-22.1289 105.099 469
-22.8796 104.875 468
-23.5762 104.427 466
-24.3706 104.427 466
-25.111 104.203 465
-25.848 103.978 464
-26.5816 103.754 463
-27.3709 103.754 463
-28.1602 103.754 463
-28.887 103.53 462
-29.6746 103.53 462
-30.3962 103.306 461
-31.1821 103.306 461
-31.8987 103.082 460
-32.6118 102.858 459
-33.3215 102.634 458
-34.1023 102.634 458
-34.8069 102.41 457
-35.586 102.41 457
-82.4433 103.53 462
-83.4111 103.754 463
-84.3822 103.978 464
-85.1732 103.978 464
-85.9642 103.978 464
-86.7552 103.978 464
-87.5462 103.978 464
-88.3372 103.978 464
-89.1283 103.978 464
-89.9193 103.978 464
-90.7103 103.978 464
-91.5013 103.978 464
-92.2923 103.978 464
-93.0833 103.978 464
-93.8743 103.978 464
-94.6653 103.978 464
-95.4563 103.978 464
-96.4547 104.203 465
-97.2474 104.203 465
-98.0401 104.203 465
-98.6203 103.978 464
-99.4113 103.978 464
-100.202 103.978 464
-100.993 103.978 464
-101.784 103.978 464
-102.575 103.978 464
-103.589 104.203 465
-104.382 104.203 465
-105.174 104.203 465
-106.195 104.427 466
-106.99 104.427 466
-107.784 104.427 466
-807.11 487.399 2175
-810.818 487.399 2175
-815.65 488.071 2178
-819.362 488.071 2178
-823.075 488.071 2178
-826.788 488.071 2178
-827.07 486.055 2169
-834.214 488.071 2178
-839.081 488.744 2181
-842.799 488.744 2181
-847.682 489.416 2184
-852.185 489.864 2186
-855.911 489.864 2186
-859.638 489.864 2186
-864.549 490.536 2189
-868.281 490.536 2189
-874.403 491.881 2195
-878.145 491.881 2195
-881.887 491.881 2195
-885.629 491.881 2195
-889.371 491.881 2195
-893.112 491.881 2195
-895.629 491.209 2192
-899.365 491.209 2192
-903.102 491.209 2192
-901.047 488.071 2178
-903.514 487.399 2175
-926.871 437.203 1951
-930.197 437.203 1951
-933.523 437.203 1951
-935.889 436.754 1949
-939.211 436.754 1949
-942.534 436.754 1949
-945.856 436.754 1949
-949.179 436.754 1949
-952.501 436.754 1949
-953.372 435.634 1944
-956.686 435.634 1944
-960 435.634 1944
-964.8 436.306 1947
-968.12 436.306 1947
-971.439 436.306 1947
-972.255 435.186 1942
-975.565 435.186 1942
-978.876 435.186 1942
-976.623 432.721 1931
-976.363 431.152 1924
-979.643 431.152 1924
-979.857 429.808 1918
-981.589 429.135 1915
-981.768 427.791 1909
-3.08447 109.414 492
-3.9232 109.414 492
-4.76194 109.414 492
-5.60068 109.414 492
-6.42632 109.191 491
-7.26336 109.191 491
-8.06739 108.746 489
-8.84641 108.079 486
-9.67491 108.079 486
-10.5034 108.079 486
-11.3319 108.079 486
-12.1104 107.635 484
-12.9088 107.412 483
-13.7322 107.412 483
-14.5555 107.412 483
-16.9552 106.967 481
-17.7752 106.967 481
-18.5952 106.967 481
-19.4152 106.967 481
-19.9827 105.633 475
-20.7925 105.633 475
-21.4658 104.966 472
-22.1761 104.521 470
-22.9284 104.299 469
-23.6268 103.854 467
-24.4229 103.854 467
-25.111 103.409 465
-25.848 103.187 464
-26.5816 102.964 463
-27.3709 102.964 463
-28.1602 102.964 463
-28.887 102.742 462
-29.6746 102.742 462
-30.3962 102.52 461
-31.1821 102.52 461
-31.8987 102.297 460
-32.6118 102.075 459
-33.3943 102.075 459
-34.1768 102.075 459
-34.8069 101.63 457
-82.4433 102.742 462
-83.4111 102.964 463
-84.3822 103.187 464
-85.1732 103.187 464
-85.9642 103.187 464
-86.7552 103.187 464
-87.5462 103.187 464
-88.3372 103.187 464
-89.1283 103.187 464
-90.113 103.409 465
-90.9058 103.409 465
-91.6985 103.409 465
-92.4912 103.409 465
-93.2839 103.409 465
-94.0766 103.409 465
-94.6653 103.187 464
-95.4563 103.187 464
-96.4547 103.409 465
-97.2474 103.409 465
-98.0401 103.409 465
-98.6203 103.187 464
-99.4113 103.187 464
-100.202 103.187 464
-100.993 103.187 464
-101.784 103.187 464
-102.575 103.187 464
-103.589 103.409 465
-104.382 103.409 465
-105.174 103.409 465
-106.195 103.632 466
-106.99 103.632 466
-107.784 103.632 466
-810.45 485.69 2184
-814.173 485.69 2184
-817.897 485.69 2184
-821.62 485.69 2184
-825.343 485.69 2184
-826.788 484.356 2178
-827.07 482.354 2169
-831.916 483.021 2172
-837.927 484.356 2178
-841.64 484.356 2178
-847.682 485.69 2184
-851.405 485.69 2184
-855.128 485.69 2184
-858.851 485.69 2184
-862.575 485.69 2184
-868.281 486.802 2189
-873.208 487.469 2192
-876.945 487.469 2192
-880.681 487.469 2192
-929.217 431.873 1942
-934.928 432.984 1947
-938.247 432.984 1947
-941.566 432.984 1947
-945.856 433.429 1949
-949.179 433.429 1949
-952.501 433.429 1949
-953.372 432.317 1944
-956.686 432.317 1944
-961.481 432.984 1947
-964.8 432.984 1947
-968.12 432.984 1947
-971.439 432.984 1947
-973.256 432.317 1944
-976.57 432.317 1944
-978.876 431.873 1942
-978.646 430.316 1935
-977.378 428.314 1926
-980.661 428.314 1926
-980.879 426.98 1920
-981.589 425.868 1915
-982.797 424.979 1911
-3.08447 108.574 492
-3.9232 108.574 492
-4.76194 108.574 492
-5.60068 108.574 492
-6.42632 108.354 491
-7.26336 108.354 491
-8.06739 107.912 489
-8.84641 107.25 486
-9.67491 107.25 486
-10.5034 107.25 486
-11.3319 107.25 486
-12.1104 106.809 484
-12.9088 106.588 483
-13.7322 106.588 483
-14.5555 106.588 483
-16.9552 106.147 481
-17.7752 106.147 481
-18.5952 106.147 481
-19.4152 106.147 481
-19.9827 104.823 475
-20.7925 104.823 475
-21.4658 104.161 472
-22.2233 103.94 471
-22.9773 103.719 470
-23.6774 103.278 468
-24.4752 103.278 468
-25.165 102.837 466
-25.9037 102.616 465
-26.639 102.395 464
-27.43 102.395 464
-28.1602 102.175 463
-28.9495 102.175 463
-29.6746 101.954 462
-30.3962 101.733 461
-31.1821 101.733 461
-31.8987 101.513 460
-32.6828 101.513 460
-33.3943 101.292 459
-34.1768 101.292 459
-34.9592 101.292 459
-82.4433 101.954 462
-83.4111 102.175 463
-84.3822 102.395 464
-85.1732 102.395 464
-85.9642 102.395 464
-86.7552 102.395 464
-87.5462 102.395 464
-88.3372 102.395 464
-89.1283 102.395 464
-90.113 102.616 465
-90.9058 102.616 465
-91.6985 102.616 465
-92.4912 102.616 465
-93.2839 102.616 465
-94.0766 102.616 465
-94.8693 102.616 465
-95.662 102.616 465
-96.4547 102.616 465
-97.2474 102.616 465
-98.0401 102.616 465
-98.6203 102.395 464
-99.4113 102.395 464
-100.202 102.395 464
-100.993 102.395 464
-101.784 102.395 464
-102.575 102.395 464
-103.589 102.616 465
-104.382 102.616 465
-105.174 102.616 465
-106.195 102.837 466
-106.99 102.837 466
-107.784 102.837 466
-810.45 481.964 2184
-814.173 481.964 2184
-817.897 481.964 2184
-821.62 481.964 2184
-825.343 481.964 2184
-826.788 480.64 2178
-827.07 478.654 2169
-831.916 479.316 2172
-837.927 480.64 2178
-841.64 480.64 2178
-847.682 481.964 2184
-851.405 481.964 2184
-855.128 481.964 2184
-858.851 481.964 2184
-862.575 481.964 2184
-868.281 483.067 2189
-873.208 483.729 2192
-876.945 483.729 2192
-880.681 483.729 2192
-946.744 429.001 1944
-950.058 429.001 1944
-953.372 429.001 1944
-956.686 429.001 1944
-961.481 429.663 1947
-964.8 429.663 1947
-968.12 429.663 1947
-971.439 429.663 1947
-973.256 429.001 1944
-976.57 429.001 1944
-978.876 428.559 1942
-978.646 427.015 1935
-977.378 425.028 1926
-980.661 425.028 1926
-980.879 423.704 1920
-981.589 422.601 1915
-982.797 421.718 1911
-3.08447 107.735 492
-3.9232 107.735 492
-4.76194 107.735 492
-5.60068 107.735 492
-6.42632 107.516 491
-7.26336 107.516 491
-8.06739 107.078 489
-8.84641 106.421 486
-9.67491 106.421 486
-10.5034 106.421 486
-11.3086 106.202 485
-12.1104 105.983 484
-12.9088 105.764 483
-13.7037 105.545 482
-14.5254 105.545 482
-16.9552 105.326 481
-17.7752 105.326 481
-18.5952 105.326 481
-19.2941 104.669 478
-19.9827 104.012 475
-20.7925 104.012 475
-21.4658 103.355 472
-22.2233 103.136 471
-22.9773 102.917 470
-23.6774 102.479 468
-24.4752 102.479 468
-25.165 102.042 466
-25.9037 101.823 465
-26.639 101.604 464
-27.43 101.604 464
-28.1602 101.385 463
-28.9495 101.385 463
-29.6746 101.166 462
-30.4622 101.166 462
-31.2498 101.166 462
-31.968 100.947 461
-32.6828 100.728 460
-33.3943 100.509 459
-34.1768 100.509 459
-34.9592 100.509 459
-82.4433 101.166 462
-83.4111 101.385 463
-84.3822 101.604 464
-85.1732 101.604 464
-85.9642 101.604 464
-86.7552 101.604 464
-87.5462 101.604 464
-88.3372 101.604 464
-89.3203 101.823 465
-90.113 101.823 465
-90.9058 101.823 465
-91.6985 101.823 465
-92.4912 101.823 465
-93.2839 101.823 465
-94.0766 101.823 465
-94.8693 101.823 465
-95.662 101.823 465
-96.4547 101.823 465
-97.2474 101.823 465
-98.0401 101.823 465
-98.6203 101.604 464
-99.4113 101.604 464
-100.202 101.604 464
-100.993 101.604 464
-101.784 101.604 464
-102.575 101.604 464
-103.366 101.604 464
-104.157 101.604 464
-105.174 101.823 465
-106.195 102.042 466
-106.99 102.042 466
-107.784 102.042 466
-810.45 478.238 2184
-814.173 478.238 2184
-817.897 478.238 2184
-821.62 478.238 2184
-825.343 478.238 2184
-826.788 476.924 2178
-827.07 474.953 2169
-830.001 474.515 2167
-833.695 474.515 2167
-956.686 425.684 1944
-961.481 426.341 1947
-964.8 426.341 1947
-968.12 426.341 1947
-971.439 426.341 1947
-973.256 425.684 1944
-976.57 425.684 1944
-978.876 425.246 1942
-978.646 423.713 1935
-979.915 422.837 1931
-983.207 422.837 1931
-980.879 420.429 1920
-981.589 419.334 1915
-982.797 418.458 1911
-5.56653 106.244 489
-6.40015 106.244 489
-7.23377 106.244 489
-8.0179 105.592 486
-8.8282 105.375 485
-9.65501 105.375 485
-10.4602 105.157 484
-11.2853 105.157 484
-12.0854 104.94 483
-12.882 104.723 482
-13.7037 104.723 482
-14.5254 104.723 482
-16.8495 103.854 478
-17.6643 103.854 478
-18.4792 103.854 478
-19.2941 103.854 478
-19.9407 102.985 474
-20.7487 102.985 474
-21.4658 102.55 472
-22.2233 102.333 471
-23.0262 102.333 471
-23.728 101.898 469
-24.5275 101.898 469
-25.219 101.464 467
-25.9594 101.246 466
-26.6964 101.029 465
-27.4891 101.029 465
-28.221 100.812 464
-28.9495 100.595 463
-29.6746 100.377 462
-30.4622 100.377 462
-31.2498 100.377 462
-31.968 100.16 461
-32.6828 99.9429 460
-33.3943 99.7256 459
-34.1768 99.7256 459
-34.9592 99.7256 459
-84.3822 100.812 464
-85.1732 100.812 464
-85.9642 100.812 464
-86.9422 101.029 465
-87.7349 101.029 465
-88.5276 101.029 465
-89.3203 101.029 465
-90.113 101.029 465
-90.9058 101.029 465
-91.6985 101.029 465
-92.4912 101.029 465
-93.2839 101.029 465
-94.0766 101.029 465
-94.8693 101.029 465
-95.662 101.029 465
-96.2473 100.812 464
-97.0383 100.812 464
-815.65 473.208 2178
-819.362 473.208 2178
-823.075 473.208 2178
-826.788 473.208 2178
-956.686 422.367 1944
-960 422.367 1944
-964.8 423.019 1947
-968.12 423.019 1947
-971.439 423.019 1947
-973.256 422.367 1944
-976.57 422.367 1944
-978.876 421.933 1942
-978.646 420.412 1935
-979.915 419.543 1931
-983.207 419.543 1931
-980.879 417.153 1920
-981.589 416.067 1915
-979.197 413.677 1904
-3.05939 105.194 488
-3.89131 105.194 488
-4.72323 105.194 488
-5.56653 105.409 489
-6.40015 105.409 489
-7.23377 105.409 489
-8.0179 104.763 486
-8.8282 104.547 485
-9.65501 104.547 485
-10.4386 104.116 483
-11.262 104.116 483
-12.0854 104.116 483
-12.882 103.9 482
-13.6753 103.685 481
-14.4953 103.685 481
-15.2834 103.469 480
-16.0011 102.823 477
-16.8142 102.823 477
-17.6274 102.823 477
-18.4019 102.607 476
-19.173 102.391 475
-19.9407 102.176 474
-20.7487 102.176 474
-21.4658 101.745 472
-22.2705 101.745 472
-23.0262 101.529 471
-23.8292 101.529 471
-24.6321 101.529 471
-25.327 101.098 469
-26.0151 100.667 467
-26.7538 100.451 466
-27.5483 100.451 466
-28.221 100.02 464
-29.012 100.02 464
-29.7388 99.8048 463
-30.5281 99.8048 463
-31.2498 99.5892 462
-31.968 99.3736 461
-32.7539 99.3736 461
-33.467 99.1581 460
-34.2512 99.1581 460
-84.3822 100.02 464
-85.1732 100.02 464
-86.1495 100.236 465
-86.9422 100.236 465
-87.7349 100.236 465
-88.5276 100.236 465
-89.3203 100.236 465
-90.113 100.236 465
-90.9058 100.236 465
-91.6985 100.236 465
-964.8 419.697 1947
-968.12 419.697 1947
-971.439 419.697 1947
-973.256 419.051 1944
-976.57 419.051 1944
-978.876 418.62 1942
-978.646 417.111 1935
-980.93 416.68 1933
-983.207 416.248 1931
-980.879 413.877 1920
-981.589 412.799 1915
-979.197 410.428 1904
-3.05939 104.361 488
-3.89131 104.361 488
-4.72323 104.361 488
-5.55514 104.361 488
-6.37397 104.147 487
-7.20418 104.147 487
-8.0014 103.72 485
-8.8282 103.72 485
-9.6351 103.506 484
-10.4386 103.292 483
-11.262 103.292 483
-12.0854 103.292 483
-12.882 103.078 482
-13.6753 102.864 481
-14.4953 102.864 481
-15.2834 102.65 480
-16.0011 102.009 477
-16.8142 102.009 477
-17.6274 102.009 477
-18.4019 101.795 476
-19.173 101.581 475
-19.9407 101.367 474
-20.7487 101.367 474
-21.4658 100.94 472
-22.2705 100.94 472
-23.0262 100.726 471
-23.8292 100.726 471
-24.6321 100.726 471
-25.327 100.298 469
-26.0151 99.8703 467
-26.7538 99.6564 466
-27.5483 99.6564 466
-28.221 99.2287 464
-29.012 99.2287 464
-29.803 99.2287 464
-30.594 99.2287 464
-31.2498 98.801 462
-31.968 98.5871 461
-32.7539 98.5871 461
-33.5398 98.5871 461
-34.2512 98.3733 460
-86.1495 99.4426 465
-86.9422 99.4426 465
-87.7349 99.4426 465
-88.5276 99.4426 465
-89.3203 99.4426 465
-90.113 99.4426 465
-90.9058 99.4426 465
-968.944 415.306 1942
-972.255 415.306 1942
-975.565 415.306 1942
-977.868 414.879 1940
-977.635 413.382 1933
-980.93 413.382 1933
-982.189 412.526 1929
-978.325 409.532 1915
-979.539 408.677 1911
-978.168 406.752 1902
-3.05939 103.529 488
-3.89131 103.529 488
-4.72323 103.529 488
-5.55514 103.529 488
-6.37397 103.316 487
-7.20418 103.316 487
-8.0014 102.892 485
-8.8282 102.892 485
-9.61519 102.468 483
-10.4386 102.468 483
-11.262 102.468 483
-12.0603 102.256 482
-12.8553 102.044 481
-13.6753 102.044 481
-14.4953 102.044 481
-15.2834 101.831 480
-16.0011 101.195 477
-16.8142 101.195 477
-17.6274 101.195 477
-18.3632 100.771 475
-19.173 100.771 475
-19.8986 100.346 473
-20.705 100.346 473
-21.4658 100.134 472
-22.2705 100.134 472
-23.0262 99.9221 471
-23.8292 99.9221 471
-24.6321 99.9221 471
-25.327 99.4978 469
-26.0151 99.0735 467
-26.7538 98.8614 466
-27.5483 98.8614 466
-28.221 98.4371 464
-29.012 98.4371 464
-29.803 98.4371 464
-30.594 98.4371 464
-31.2498 98.0128 462
-31.968 97.8006 461
-32.7539 97.8006 461
-33.5398 97.8006 461
-34.2512 97.5885 460
-86.1495 98.6492 465
-86.9422 98.6492 465
-87.7349 98.6492 465
-88.5276 98.6492 465
-89.3203 98.6492 465
-971.253 411.569 1940
-974.561 411.569 1940
-977.868 411.569 1940
-978.646 410.508 1935
-981.945 410.508 1935
-982.189 409.235 1929
-980.879 407.326 1920
-980.564 405.841 1913
-983.826 405.841 1913
-3.05939 102.696 488
-3.89131 102.696 488
-4.72323 102.696 488
-5.55514 102.696 488
-6.37397 102.486 487
-7.20418 102.486 487
-8.0014 102.065 485
-8.7918 101.644 483
-9.61519 101.644 483
-10.417 101.433 482
-11.2387 101.433 482
-12.0603 101.433 482
-12.8553 101.223 481
-13.6469 101.013 480
-14.4651 101.013 480
-15.2516 100.802 479
-16.0011 100.381 477
-16.779 100.171 476
-17.5904 100.171 476
-18.3632 99.9603 475
-19.1326 99.7499 474
-19.8986 99.5394 473
-20.705 99.5394 473
-21.4658 99.329 472
-22.2705 99.329 472
-23.0262 99.1185 471
-23.8292 99.1185 471
-24.6321 99.1185 471
-25.381 98.9081 470
-26.0708 98.4872 468
-26.8113 98.2768 467
-27.6074 98.2768 467
-28.221 97.6454 464
-29.012 97.6454 464
-29.803 97.6454 464
-30.594 97.6454 464
-31.2498 97.2245 462
-31.968 97.0141 461
-32.7539 97.0141 461
-33.5398 97.0141 461
-971.253 408.259 1940
-974.561 408.259 1940
-977.868 408.259 1940
-981.175 408.259 1940
-984.482 408.259 1940
-985.244 407.207 1935
-985.477 405.944 1929
-984.152 404.05 1920
-987.425 404.05 1920
-2.22747 101.863 488
-3.05939 101.863 488
-3.89131 101.863 488
-4.72323 101.863 488
-5.55514 101.863 488
-6.37397 101.655 487
-7.20418 101.655 487
-8.0014 101.237 485
-8.7918 100.82 483
-9.61519 100.82 483
-10.417 100.611 482
-11.2387 100.611 482
-12.0353 100.402 481
-12.8286 100.194 480
-13.6469 100.194 480
-14.4651 100.194 480
-15.2197 99.7761 478
-16.0011 99.5674 477
-16.779 99.3586 476
-17.5904 99.3586 476
-18.3632 99.1499 475
-19.1326 98.9412 474
-19.8986 98.7324 473
-20.705 98.7324 473
-21.4658 98.5237 472
-22.2705 98.5237 472
-23.0262 98.315 471
-23.8292 98.315 471
-24.6321 98.315 471
-25.381 98.1062 470
-26.0708 97.6888 468
-26.8113 97.48 467
-27.6074 97.48 467
-28.2818 97.0625 465
-29.012 96.8538 464
-29.803 96.8538 464
-30.594 96.8538 464
-31.3174 96.6451 463
-32.0373 96.4363 462
-32.7539 96.2276 461
-33.5398 96.2276 461
-971.253 404.949 1940
-974.561 404.949 1940
-982.404 406.828 1949
-985.727 406.828 1949
-989.049 406.828 1949
-992.372 406.828 1949
-993.14 405.784 1944
-996.454 405.784 1944
-999.768 405.784 1944
-2.22747 101.031 488
-3.05939 101.031 488
-3.89131 101.031 488
-4.71355 100.824 487
-5.54376 100.824 487
-6.37397 100.824 487
-7.20418 100.824 487
-8.0014 100.41 485
-8.7918 99.9958 483
-9.59528 99.7887 482
-10.417 99.7887 482
-11.2387 99.7887 482
-12.0353 99.5817 481
-12.8286 99.3747 480
-13.6469 99.3747 480
-14.4651 99.3747 480
-15.2197 98.9606 478
-16.0011 98.7536 477
-16.779 98.5465 476
-17.5904 98.5465 476
-18.3632 98.3395 475
-19.1326 98.1325 474
-19.8986 97.9254 473
-20.705 97.9254 473
-21.4658 97.7184 472
-22.2705 97.7184 472
-23.0262 97.5114 471
-23.8292 97.5114 471
-24.6321 97.5114 471
-25.381 97.3044 470
-26.0708 96.8903 468
-26.8687 96.8903 468
-27.6665 96.8903 468
-28.2818 96.2692 465
-29.0746 96.2692 465
-29.803 96.0622 464
-30.594 96.0622 464
-31.3174 95.8551 463
-32.0373 95.6481 462
-32.7539 95.4411 461
-33.5398 95.4411 461
-982.404 403.503 1949
-985.727 403.503 1949
-989.049 403.503 1949
-992.372 403.503 1949
-993.14 402.467 1944
-996.454 402.467 1944
-999.768 402.467 1944
1.09568 99.7877 486
0.267176 99.7877 486
-0.561331 99.7877 486
-1.38984 99.7877 486
-2.22747 100.198 488
-3.05939 100.198 488
-3.89131 100.198 488
-4.71355 99.993 487
-5.54376 99.993 487
-6.36088 99.7877 486
-7.18939 99.7877 486
-8.0014 99.5824 485
-8.7918 99.1717 483
-9.59528 98.9664 482
-10.3954 98.761 481
-11.2153 98.761 481
-12.0353 98.761 481
-12.8286 98.5557 480
-13.6184 98.3504 479
-14.435 98.3504 479
-15.2197 98.1451 478
-16.0011 97.9398 477
-16.779 97.7344 476
-17.5904 97.7344 476
-18.3632 97.5291 475
-19.1326 97.3238 474
-19.8986 97.1185 473
-20.705 97.1185 473
-21.4658 96.9131 472
-22.2705 96.9131 472
-23.0262 96.7078 471
-23.8292 96.7078 471
-24.6321 96.7078 471
-25.381 96.5025 470
-26.0708 96.0918 468
-26.8687 96.0918 468
-27.6665 96.0918 468
-28.2818 95.4759 465
-29.0746 95.4759 465
-29.803 95.2705 464
-30.594 95.2705 464
-31.3174 95.0652 463
-32.0373 94.8599 462
-32.7539 94.6546 461
-33.5398 94.6546 461
-982.404 400.177 1949
-989.267 401.615 1956
-992.602 401.615 1956
-995.936 401.615 1956
-999.271 401.615 1956
-999.017 400.177 1949
-1002.34 400.177 1949
1.09568 98.9585 486
0.267176 98.9585 486
-0.561331 98.9585 486
-1.38984 98.9585 486
-2.22291 99.1621 487
-3.05312 99.1621 487
-3.88333 99.1621 487
-4.71355 99.1621 487
-5.54376 99.1621 487
-6.34779 98.7549 485
-7.1746 98.7549 485
-7.9849 98.5513 484
-8.77359 98.144 482
-9.57538 97.9404 481
-10.3954 97.9404 481
-11.2153 97.9404 481
-12.0103 97.7368 480
-12.8286 97.7368 480
-13.6184 97.5332 479
-14.435 97.5332 479
-15.1879 97.1259 477
-15.9675 96.9223 476
-16.7437 96.7187 475
-17.5535 96.7187 475
-18.3632 96.7187 475
-19.1326 96.5151 474
-19.8986 96.3115 473
-20.705 96.3115 473
-21.4658 96.1078 472
-22.2705 96.1078 472
-23.0751 96.1078 472
-23.8797 96.1078 472
-24.6321 95.9042 471
-25.435 95.9042 471
-26.1265 95.497 469
-26.8687 95.2934 468
-27.6665 95.2934 468
-28.2818 94.6825 465
-29.0746 94.6825 465
-29.8673 94.6825 465
-30.66 94.6825 465
-31.3174 94.2753 463
-32.0373 94.0717 462
-989.267 398.277 1956
-992.602 398.277 1956
-995.936 398.277 1956
-999.271 398.277 1956
-1001.07 397.667 1953
-1004.4 397.667 1953
1.09568 98.1293 486
0.267176 98.1293 486
-0.561331 98.1293 486
-1.38984 98.1293 486
-2.22291 98.3313 487
-3.05312 98.3313 487
-3.88333 98.3313 487
-4.71355 98.3313 487
-5.54376 98.3313 487
-6.34779 97.9274 485
-7.1746 97.9274 485
-7.9849 97.7255 484
-8.77359 97.3217 482
-9.57538 97.1198 481
-10.3954 97.1198 481
-11.2153 97.1198 481
-12.0103 96.9179 480
-12.8019 96.716 479
-13.59 96.514 478
-14.4049 96.514 478
-15.1879 96.3121 477
-15.9675 96.1102 476
-16.7437 95.9083 475
-17.5535 95.9083 475
-18.3632 95.9083 475
-19.1326 95.7064 474
-19.8986 95.5045 473
-20.705 95.5045 473
-21.5113 95.5045 473
-22.2705 95.3026 472
-23.0751 95.3026 472
-23.8797 95.3026 472
-24.6321 95.1007 471
-25.435 95.1007 471
-26.1265 94.6968 469
-26.9261 94.6968 469
-27.7256 94.6968 469
-28.3427 94.0911 466
-29.0746 93.8892 465
-29.8673 93.8892 465
-30.66 93.8892 465
-31.3174 93.4854 463
-32.1067 93.4854 463
-989.267 394.94 1956
-992.602 394.94 1956
-995.936 394.94 1956
-999.271 394.94 1956
-1001.07 394.335 1953
-1004.4 394.335 1953
-0.561331 97.3002 486
-1.38984 97.3002 486
-2.22291 97.5004 487
-3.05312 97.5004 487
-3.88333 97.5004 487
-4.71355 97.5004 487
-5.52099 97.1 485
-6.33471 96.8998 484
-7.1598 96.8998 484
-7.9684 96.6996 483
-8.75539 96.2991 481
-9.57538 96.2991 481
-10.3954 96.2991 481
-11.192 96.0989 480
-12.0103 96.0989 480
-12.8019 95.8987 479
-13.59 95.6985 478
-14.4049 95.6985 478
-15.1879 95.4983 477
-15.9675 95.2981 476
-16.779 95.2981 476
-17.5904 95.2981 476
-18.3632 95.0979 475
-19.1326 94.8977 474
-19.8986 94.6975 473
-20.705 94.6975 473
-21.5113 94.6975 473
-22.2705 94.4973 472
-23.0751 94.4973 472
-23.8797 94.4973 472
-24.6321 94.2971 471
-25.435 94.2971 471
-26.1265 93.8967 469
-26.9261 93.8967 469
-27.7256 93.8967 469
-28.3427 93.2961 466
-29.1371 93.2961 466
-29.8673 93.0958 465
-30.66 93.0958 465
-31.3174 92.6954 463
-32.1067 92.6954 463
-1001.07 391.003 1953
-1004.4 391.003 1953
-0.561331 96.471 486
-1.38984 96.471 486
-2.21835 96.471 486
-3.04685 96.471 486
-3.87536 96.471 486
-4.70387 96.471 486
-5.50961 96.074 484
-6.32162 95.8755 483
-7.14501 95.8755 483
-7.9684 95.8755 483
-8.75539 95.4785 481
-9.57538 95.4785 481
-10.3954 95.4785 481
-11.192 95.28 480
-11.9853 95.0815 479
-12.7751 94.883 478
-13.5616 94.6845 477
-14.3747 94.6845 477
-15.1879 94.6845 477
-15.9675 94.486 476
-16.779 94.486 476
-17.5904 94.486 476
-18.3632 94.2875 475
-19.1326 94.089 474
-19.8986 93.8905 473
-20.705 93.8905 473
-21.5113 93.8905 473
-22.2705 93.692 472
-23.0751 93.692 472
-23.8797 93.692 472
-24.6321 93.4935 471
-25.435 93.4935 471
-26.1265 93.0965 469
-26.9261 93.0965 469
-27.7256 93.0965 469
-28.3427 92.501 466
-29.1371 92.501 466
-29.8673 92.3025 465
-30.66 92.3025 465
-31.3174 91.9055 463
-32.1067 91.9055 463
-0.561331 95.6418 486
-1.38984 95.6418 486
-2.21835 95.6418 486
-3.04685 95.6418 486
-3.87536 95.6418 486
-4.69419 95.4451 485
-5.50961 95.2483 484
-6.32162 95.0515 483
-7.14501 95.0515 483
-7.95191 94.8547 482
-8.75539 94.6579 481
-9.55547 94.4611 480
-10.3737 94.4611 480
-11.192 94.4611 480
-11.9853 94.2643 479
-12.7751 94.0675 478
-13.5616 93.8707 477
-14.3747 93.8707 477
-15.1561 93.6739 476
-15.9675 93.6739 476
-16.779 93.6739 476
-17.5904 93.6739 476
-18.3632 93.4771 475
-19.1326 93.2803 474
-19.8986 93.0835 473
-20.705 93.0835 473
-21.5113 93.0835 473
-22.2705 92.8867 472
-23.0751 92.8867 472
-23.8797 92.8867 472
-24.6321 92.6899 471
-25.435 92.6899 471
-26.1265 92.2963 469
-26.9261 92.2963 469
-27.7256 92.2963 469
-28.3427 91.706 466
-29.1371 91.706 466
-29.8673 91.5092 465
-30.66 91.5092 465
-31.3174 91.1156 463
-32.1067 91.1156 463
-0.561331 94.8127 486
-1.38984 94.8127 486
-2.21835 94.8127 486
-3.04685 94.8127 486
-3.87536 94.8127 486
-4.69419 94.6176 485
-5.50961 94.4225 484
-6.32162 94.2274 483
-7.14501 94.2274 483
-7.95191 94.0323 482
-8.75539 93.8372 481
-9.55547 93.6422 480
-10.3737 93.6422 480
-11.192 93.6422 480
-11.9853 93.4471 479
-12.7751 93.252 478
-13.5616 93.0569 477
-14.3747 93.0569 477
-15.1561 92.8618 476
-15.9675 92.8618 476
-16.779 92.8618 476
-17.5904 92.8618 476
-18.3632 92.6667 475
-19.1326 92.4716 474
-19.8986 92.2765 473
-20.705 92.2765 473
-21.5113 92.2765 473
-22.2705 92.0814 472
-23.0751 92.0814 472
-23.8797 92.0814 472
-24.6321 91.8864 471
-25.435 91.8864 471
-26.1823 91.6913 470
-26.9835 91.6913 470
-27.7256 91.4962 469
-28.3427 90.9109 466
-29.1371 90.9109 466
-29.9315 90.9109 466
-30.7259 90.9109 466
-31.3174 90.3257 463
-0.561331 93.9835 486
-1.38984 93.9835 486
-2.21835 93.9835 486
-3.04058 93.7901 485
-3.86739 93.7901 485
-4.69419 93.7901 485
-5.49822 93.4034 483
-6.30853 93.21 482
-7.13022 93.21 482
-7.95191 93.21 482
-8.75539 93.0166 481
-9.55547 92.8232 480
-10.3737 92.8232 480
-11.192 92.8232 480
-11.9853 92.6298 479
-12.7751 92.4365 478
-13.5616 92.2431 477
-14.3747 92.2431 477
-15.1561 92.0497 476
-15.9675 92.0497 476
-16.779 92.0497 476
-17.5904 92.0497 476
-18.3632 91.8563 475
-19.1326 91.6629 474
-19.8986 91.4696 473
-20.705 91.4696 473
-21.5113 91.4696 473
-22.2705 91.2762 472
-23.0751 91.2762 472
-23.8797 91.2762 472
-24.6321 91.0828 471
-25.435 91.0828 471
-26.1823 90.8894 470
-26.9835 90.8894 470
-27.7256 90.696 469
-28.4643 90.5026 468
-29.1371 90.1159 466
-29.9315 90.1159 466
-30.7259 90.1159 466
-31.3174 89.5357 463
0.267176 93.1543 486
-0.561331 93.1543 486
-1.38984 93.1543 486
-2.21378 92.9627 485
-3.04058 92.9627 485
-3.86739 92.9627 485
-4.69419 92.9627 485
-5.49822 92.5793 483
-6.30853 92.3876 482
-7.13022 92.3876 482
-7.95191 92.3876 482
-8.75539 92.196 481
-9.55547 92.0043 480
-10.3737 92.0043 480
-11.192 92.0043 480
-11.9853 91.8126 479
-12.7484 91.4293 477
-13.5616 91.4293 477
-14.3747 91.4293 477
-15.1561 91.2376 476
-15.9675 91.2376 476
-16.7437 91.0459 475
-17.5535 91.0459 475
-18.3246 90.8542 474
-19.1326 90.8542 474
-19.8986 90.6626 473
-20.705 90.6626 473
-21.5113 90.6626 473
-22.2705 90.4709 472
-23.0751 90.4709 472
-23.8797 90.4709 472
-24.6321 90.2792 471
-25.381 90.0875 470
-26.1823 90.0875 470
-26.9835 90.0875 470
-27.7256 89.8959 469
-28.4643 89.7042 468
-29.1371 89.3208 466
-29.9315 89.3208 466
-30.7259 89.3208 466
-31.3174 88.7458 463
0.267176 92.3252 486
-0.561331 92.3252 486
-1.38984 92.3252 486
-2.21378 92.1352 485
-3.04058 92.1352 485
-3.86739 92.1352 485
-4.68451 91.9452 484
-5.49822 91.7553 483
-6.30853 91.5653 482
-7.13022 91.5653 482
-7.95191 91.5653 482
-8.75539 91.3753 481
-9.55547 91.1854 480
-10.3737 91.1854 480
-11.192 91.1854 480
-11.9853 90.9954 479
-12.7751 90.8054 478
-13.59 90.8054 478
-14.3747 90.6154 477
-15.1879 90.6154 477
-15.9675 90.4255 476
-16.7437 90.2355 475
-17.5535 90.2355 475
-18.3632 90.2355 475
-19.1326 90.0455 474
-19.8986 89.8556 473
-20.705 89.8556 473
-21.5113 89.8556 473
-22.2705 89.6656 472
-23.0751 89.6656 472
-23.8797 89.6656 472
-24.6321 89.4756 471
-25.435 89.4756 471
-26.1823 89.2857 470
-26.9835 89.2857 470
-27.7847 89.2857 470
-28.4643 88.9057 468
0.267176 91.496 486
-0.561331 91.496 486
-1.38984 91.496 486
-2.21378 91.3077 485
-3.04058 91.3077 485
-3.86739 91.3077 485
-4.68451 91.1195 484
-5.49822 90.9312 483
-6.30853 90.743 482
-7.13022 90.743 482
-7.95191 90.743 482
-8.75539 90.5547 481
-9.55547 90.3664 480
-10.3737 90.3664 480
-11.192 90.3664 480
-12.0103 90.3664 480
-12.7751 89.9899 478
-13.59 89.9899 478
-14.4049 89.9899 478
-15.1879 89.8016 477
-15.9675 89.6134 476
-16.779 89.6134 476
-17.5904 89.6134 476
-18.3632 89.4251 475
-19.1326 89.2369 474
-19.8986 89.0486 473
-20.705 89.0486 473
-21.5113 89.0486 473
-22.2705 88.8603 472
-23.0751 88.8603 472
-23.8797 88.8603 472
-24.6321 88.6721 471
-25.435 88.6721 471
-26.1823 88.4838 470
-26.9835 88.4838 470
-27.7847 88.4838 470
0.267176 90.6668 486
-0.561331 90.6668 486
-1.38984 90.6668 486
-2.21378 90.4803 485
-3.04058 90.4803 485
-3.86739 90.4803 485
-4.68451 90.2937 484
-5.49822 90.1072 483
-6.30853 89.9206 482
-7.13022 89.9206 482
-7.95191 89.9206 482
-8.75539 89.7341 481
-9.55547 89.5475 480
-10.3737 89.5475 480
-11.192 89.5475 480
-12.0103 89.5475 480
-12.7751 89.1744 478
-13.59 89.1744 478
-14.4049 89.1744 478
-15.1879 88.9878 477
-15.9675 88.8013 476
-16.779 88.8013 476
-17.5904 88.8013 476
-18.3632 88.6147 475
-19.1326 88.4282 474
-19.9407 88.4282 474
-20.7487 88.4282 474
-21.5113 88.2416 473
-22.2705 88.055 472
-23.0751 88.055 472
-23.8797 88.055 472
-24.6321 87.8685 471
-25.435 87.8685 471
-26.1823 87.6819 470
-26.9835 87.6819 470
-27.7847 87.6819 470
0.266627 89.6528 485
-0.560176 89.6528 485
-1.38698 89.6528 485
-2.21378 89.6528 485
-3.04058 89.6528 485
-3.86739 89.6528 485
-4.68451 89.468 484
-5.49822 89.2831 483
-6.30853 89.0983 482
-7.13022 89.0983 482
-7.95191 89.0983 482
-8.75539 88.9134 481
-9.55547 88.7286 480
-10.3737 88.7286 480
-11.192 88.7286 480
-12.0103 88.7286 480
-12.7751 88.3589 478
-13.59 88.3589 478
-14.4049 88.3589 478
-15.1879 88.174 477
-15.9675 87.9892 476
-16.779 87.9892 476
-17.5904 87.9892 476
-18.3632 87.8043 475
-19.1326 87.6195 474
-19.9407 87.6195 474
-20.7487 87.6195 474
-21.5113 87.4346 473
-22.2705 87.2498 472
-23.0751 87.2498 472
-23.8797 87.2498 472
-24.6321 87.0649 471
-25.435 87.0649 471
-26.1823 86.8801 470
-26.9835 86.8801 470
-27.7847 86.8801 470
0.266627 88.8254 485
-0.560176 88.8254 485
-1.38698 88.8254 485
-2.21378 88.8254 485
-3.04058 88.8254 485
-3.86739 88.8254 485
-4.68451 88.6422 484
-5.49822 88.4591 483
-6.30853 88.2759 482
-7.13022 88.2759 482
-7.95191 88.2759 482
-8.75539 88.0928 481
-9.55547 87.9096 480
-10.3737 87.9096 480
-11.192 87.9096 480
-12.0103 87.9096 480
-12.7751 87.5434 478
-13.59 87.5434 478
-14.4049 87.5434 478
-15.1879 87.3602 477
-15.9675 87.1771 476
-16.779 87.1771 476
-17.5904 87.1771 476
-18.3632 86.9939 475
-19.1326 86.8108 474
-19.9407 86.8108 474
-20.7487 86.8108 474
-21.5113 86.6276 473
-22.2705 86.4445 472
-23.0751 86.4445 472
-23.8797 86.4445 472
-24.6321 86.2613 471
-25.435 86.2613 471
-26.238 86.2613 471
-27.0409 86.2613 471
-27.7847 86.0782 470
0.266627 87.9979 485
-0.560176 87.9979 485
-1.38698 87.9979 485
-2.21378 87.9979 485
-3.04058 87.9979 485
-3.86739 87.9979 485
-4.68451 87.8165 484
-5.49822 87.635 483
-6.30853 87.4536 482
-7.13022 87.4536 482
-7.95191 87.4536 482
-8.75539 87.2721 481
-9.55547 87.0907 480
-10.3737 87.0907 480
-11.192 87.0907 480
-12.0103 87.0907 480
-12.7751 86.7278 478
-13.59 86.7278 478
-14.4049 86.7278 478
-15.1879 86.5464 477
-15.9675 86.365 476
-16.779 86.365 476
-17.5904 86.365 476
-18.3632 86.1835 475
-19.1326 86.0021 474
-19.9407 86.0021 474
-20.7487 86.0021 474
-21.5113 85.8206 473
-22.2705 85.6392 472
-23.0751 85.6392 472
-23.8797 85.6392 472
-24.6844 85.6392 472
-25.489 85.6392 472
-26.238 85.4578 471
-27.0409 85.4578 471
-0.560176 87.1704 485
-1.38698 87.1704 485
-2.21378 87.1704 485
-3.04058 87.1704 485
-3.86739 87.1704 485
-4.68451 86.9907 484
-5.49822 86.811 483
-6.30853 86.6312 482
-7.13022 86.6312 482
-7.95191 86.6312 482
-8.75539 86.4515 481
-9.55547 86.2718 480
-10.3737 86.2718 480
-11.192 86.2718 480
-12.0103 86.2718 480
-12.8019 86.092 479
-13.6184 86.092 479
-14.4049 85.9123 478
-15.2197 85.9123 478
-16.0011 85.7326 477
-16.8142 85.7326 477
-17.5904 85.5528 476
-18.3632 85.3731 475
-19.1326 85.1934 474
-19.9407 85.1934 474
-20.7487 85.1934 474
-21.5113 85.0136 473
-22.2705 84.8339 472
-23.0751 84.8339 472
-23.8797 84.8339 472
-24.6844 84.8339 472
-25.489 84.8339 472
-26.238 84.6542 471
-27.0409 84.6542 471
-0.557866 85.9869 483
-1.38126 85.9869 483
-2.20922 86.165 484
-3.03431 86.165 484
-3.85941 86.165 484
-4.67483 85.9869 483
-5.48684 85.8089 482
-6.30853 85.8089 482
-7.13022 85.8089 482
-7.95191 85.8089 482
-8.75539 85.6309 481
-9.57538 85.6309 481
-10.3954 85.6309 481
-11.192 85.4529 480
-12.0103 85.4529 480
-12.8019 85.2748 479
-13.6184 85.2748 479
-14.4049 85.0968 478
-15.2197 85.0968 478
-16.0011 84.9188 477
-16.8142 84.9188 477
-17.5904 84.7407 476
-18.3632 84.5627 475
-19.1326 84.3847 474
-19.9407 84.3847 474
-20.7487 84.3847 474
-21.5113 84.2067 473
-22.2705 84.0286 472
-23.0751 84.0286 472
-23.8797 84.0286 472
-24.6844 84.0286 472
-25.489 84.0286 472
-0.557866 85.1629 483
-1.38126 85.1629 483
-2.20465 85.1629 483
-3.02805 85.1629 483
-3.85144 85.1629 483
-4.67483 85.1629 483
-5.48684 84.9866 482
-6.30853 84.9866 482
-7.13022 84.9866 482
-7.95191 84.9866 482
-8.75539 84.8102 481
-9.57538 84.8102 481
-10.3954 84.8102 481
-11.2153 84.8102 481
-12.0103 84.6339 480
-12.8286 84.6339 480
-13.6469 84.6339 480
-14.435 84.4576 479
-15.2197 84.2813 478
-16.0011 84.105 477
-16.8142 84.105 477
-17.6274 84.105 477
-18.3632 83.7523 475
-19.1326 83.576 474
-19.9407 83.576 474
-20.7487 83.576 474
-21.5568 83.576 474
-22.2705 83.2234 472
-23.0751 83.2234 472
-23.8797 83.2234 472
-24.6844 83.2234 472
-25.489 83.2234 472
-0.557866 84.3388 483
-1.38126 84.3388 483
-2.20465 84.3388 483
-3.02805 84.3388 483
-3.85144 84.3388 483
-4.67483 84.3388 483
-5.48684 84.1642 482
-6.30853 84.1642 482
-7.13022 84.1642 482
-7.95191 84.1642 482
-8.77359 84.1642 482
-9.57538 83.9896 481
-10.3954 83.9896 481
-11.2153 83.9896 481
-12.0353 83.9896 481
-12.8286 83.815 480
-13.6469 83.815 480
-14.435 83.6404 479
-15.2516 83.6404 479
-16.0346 83.4658 478
-16.8495 83.4658 478
-17.6274 83.2911 477
-18.4019 83.1165 476
-19.173 82.9419 475
-19.9827 82.9419 475
-20.7487 82.7673 474
-21.5568 82.7673 474
-22.2705 82.4181 472
-23.0751 82.4181 472
-23.8797 82.4181 472
-24.6844 82.4181 472
-25.489 82.4181 472
-2.20465 83.5148 483
-3.02805 83.5148 483
-3.85144 83.5148 483
-4.67483 83.5148 483
-5.48684 83.3419 482
-6.30853 83.3419 482
-7.13022 83.3419 482
-7.95191 83.3419 482
-8.77359 83.3419 482
-9.57538 83.169 481
-10.3954 83.169 481
-11.2153 83.169 481
-12.0353 83.169 481
-12.8286 82.9961 480
-13.6469 82.9961 480
-14.4651 82.9961 480
-15.2516 82.8232 479
-16.0346 82.6502 478
-16.8495 82.6502 478
-17.6643 82.6502 478
-18.4019 82.3044 476
-19.173 82.1315 475
-19.9827 82.1315 475
-20.7487 81.9586 474
-21.5568 81.9586 474
-22.2705 81.6128 472
-23.0751 81.6128 472
-23.8797 81.6128 472
-24.6844 81.6128 472
-25.489 81.6128 472
-3.02178 82.5195 482
-3.84346 82.5195 482
-4.66515 82.5195 482
-5.48684 82.5195 482
-6.30853 82.5195 482
-7.13022 82.5195 482
-7.95191 82.5195 482
-8.77359 82.5195 482
-9.59528 82.5195 482
-10.417 82.5195 482
-11.2153 82.3483 481
-12.0353 82.3483 481
-12.8286 82.1771 480
-13.6469 82.1771 480
-14.4651 82.1771 480
-15.2516 82.0059 479
-16.0346 81.8347 478
-16.8495 81.8347 478
-17.6643 81.8347 478
-18.4019 81.4923 476
-19.173 81.3211 475
-19.9827 81.3211 475
-20.7487 81.1499 474
-21.5568 81.1499 474
-22.2705 80.8075 472
-23.0751 80.8075 472
-23.8797 80.8075 472
-3.02178 81.6972 482
-3.85144 81.8667 483
-4.67483 81.8667 483
-5.49822 81.8667 483
-6.32162 81.8667 483
-7.14501 81.8667 483
-7.9684 81.8667 483
-8.77359 81.6972 482
-9.59528 81.6972 482
-10.417 81.6972 482
-11.2387 81.6972 482
-12.0353 81.5277 481
-12.8286 81.3582 480
-13.6469 81.3582 480
-14.4651 81.3582 480
-15.2516 81.1887 479
-16.0346 81.0192 478
-16.8495 81.0192 478
-17.6643 81.0192 478
-18.4019 80.6802 476
-19.173 80.5107 475
-19.9827 80.5107 475
-20.7925 80.5107 475
-21.6023 80.5107 475
-22.3648 80.3412 474
-23.1729 80.3412 474
-3.02178 80.8749 482
-3.85144 81.0426 483
-4.67483 81.0426 483
-5.49822 81.0426 483
-6.32162 81.0426 483
-7.14501 81.0426 483
-7.9684 81.0426 483
-8.77359 80.8749 482
-9.59528 80.8749 482
-10.417 80.8749 482
-11.2387 80.8749 482
-12.0353 80.7071 481
-12.8286 80.5393 480
-13.6469 80.5393 480
-14.4651 80.5393 480
-15.2516 80.3715 479
-16.0346 80.2037 478
-16.8495 80.2037 478
-17.6643 80.2037 478
-18.4019 79.8681 476
-19.173 79.7003 475
-19.9827 79.7003 475
-20.7925 79.7003 475
-21.6023 79.7003 475
-22.412 79.7003 475
-23.2218 79.7003 475
-3.02178 80.0525 482
-3.85144 80.2186 483
-4.67483 80.2186 483
-5.49822 80.2186 483
-6.32162 80.2186 483
-7.14501 80.2186 483
-7.9684 80.2186 483
-8.77359 80.0525 482
-9.59528 80.0525 482
-10.417 80.0525 482
-11.2387 80.0525 482
-12.0353 79.8864 481
-12.8286 79.7203 480
-13.6469 79.7203 480
-14.4651 79.7203 480
-15.2516 79.5543 479
-16.0346 79.3882 478
-16.8495 79.3882 478
-17.6643 79.3882 478
-18.4019 79.056 476
-19.173 78.8899 475
-20.0248 79.056 476
-20.8363 79.056 476
-21.6477 79.056 476
-22.412 78.8899 475
-23.2218 78.8899 475
-3.02178 79.2302 482
-3.85144 79.3945 483
-4.67483 79.3945 483
-5.49822 79.3945 483
-6.32162 79.3945 483
-7.14501 79.3945 483
-7.9684 79.3945 483
-8.77359 79.2302 482
-9.59528 79.2302 482
-10.417 79.2302 482
-11.2387 79.2302 482
-12.0353 79.0658 481
-12.8286 78.9014 480
-13.6469 78.9014 480
-14.4651 78.9014 480
-15.2516 78.737 479
-16.0346 78.5727 478
-16.8495 78.5727 478
-17.6274 78.4083 477
-18.3632 78.0795 475
-19.173 78.0795 475
-20.0248 78.2439 476
-20.8363 78.2439 476
-21.6477 78.2439 476
-22.412 78.0795 475
-23.2218 78.0795 475
-3.02178 78.4078 482
-3.85144 78.5705 483
-4.67483 78.5705 483
-5.49822 78.5705 483
-6.32162 78.5705 483
-7.14501 78.5705 483
-7.9684 78.5705 483
-8.77359 78.4078 482
-9.59528 78.4078 482
-10.417 78.4078 482
-11.2153 78.2452 481
-12.0353 78.2452 481
-12.8286 78.0825 480
-13.6469 78.0825 480
-14.4651 78.0825 480
-15.2516 77.9198 479
-16.0346 77.7571 478
-16.8495 77.7571 478
-17.6274 77.5945 477
-18.3632 77.2691 475
-19.173 77.2691 475
-20.0248 77.4318 476
-20.8363 77.4318 476
-21.6477 77.4318 476
-3.02178 77.5855 482
-3.85144 77.7465 483
-4.67483 77.7465 483
-5.49822 77.7465 483
-6.32162 77.7465 483
-7.14501 77.7465 483
-7.9684 77.7465 483
-8.77359 77.5855 482
-9.59528 77.5855 482
-10.417 77.5855 482
-11.2387 77.5855 482
-12.0603 77.5855 482
-12.882 77.5855 482
-13.6469 77.2636 480
-14.4651 77.2636 480
-15.2516 77.1026 479
-16.0346 76.9416 478
-16.8495 76.9416 478
-17.6643 76.9416 478
-18.3632 76.4587 475
-19.173 76.4587 475
-19.9827 76.4587 475
-20.7487 76.2978 474
-3.02178 76.7631 482
-3.84346 76.7631 482
-4.67483 76.9224 483
-5.49822 76.9224 483
-6.32162 76.9224 483
-7.14501 76.9224 483
-7.9684 76.9224 483
-8.77359 76.7631 482
-9.59528 76.7631 482
-10.417 76.7631 482
-11.2387 76.7631 482
-12.0603 76.7631 482
-12.882 76.7631 482
-13.6469 76.4446 480
-14.4651 76.4446 480
-15.2516 76.2854 479
-16.0346 76.1261 478
-16.8495 76.1261 478
-17.6643 76.1261 478
-18.3632 75.6483 475
-19.173 75.6483 475
-19.9827 75.6483 475
-20.7487 75.4891 474
-3.02178 75.9408 482
-3.84346 75.9408 482
-4.66515 75.9408 482
-5.48684 75.9408 482
-6.30853 75.9408 482
-7.13022 75.9408 482
-7.95191 75.9408 482
-8.77359 75.9408 482
-9.59528 75.9408 482
-10.417 75.9408 482
-11.2387 75.9408 482
-12.0603 75.9408 482
-12.882 75.9408 482
-13.6469 75.6257 480
-14.4651 75.6257 480
-15.2516 75.4681 479
-16.0346 75.3106 478
-16.8495 75.3106 478
-17.6643 75.3106 478
-18.3632 74.8379 475
-19.173 74.8379 475
-19.9827 74.8379 475
-20.7487 74.6804 474
-3.02178 75.1185 482
-3.84346 75.1185 482
-4.66515 75.1185 482
-5.48684 75.1185 482
-6.30853 75.1185 482
-7.13022 75.1185 482
-7.95191 75.1185 482
-8.77359 75.1185 482
-9.59528 75.1185 482
-10.417 75.1185 482
-11.2387 75.1185 482
-12.0603 75.1185 482
-12.882 75.1185 482
-13.6469 74.8068 480
-14.4651 74.8068 480
-15.2516 74.6509 479
-16.0346 74.4951 478
-16.8495 74.4951 478
-17.6643 74.4951 478
-18.3632 74.0275 475
-19.173 74.0275 475
-19.9827 74.0275 475
-3.02178 74.2961 482
-3.84346 74.2961 482
-4.66515 74.2961 482
-5.48684 74.2961 482
-6.30853 74.2961 482
-7.13022 74.2961 482
-7.95191 74.2961 482
-8.77359 74.2961 482
-9.59528 74.2961 482
-10.417 74.2961 482
-11.2387 74.2961 482
-12.0603 74.2961 482
-12.882 74.2961 482
-13.6469 73.9878 480
-14.4651 73.9878 480
-15.2516 73.8337 479
-16.0346 73.6796 478
-16.8495 73.6796 478
-17.6274 73.5254 477
-18.3632 73.2171 475
-19.173 73.2171 475
-19.9827 73.2171 475
-3.02178 73.4738 482
-3.84346 73.4738 482
-4.66515 73.4738 482
-5.48684 73.4738 482
-6.30853 73.4738 482
-7.13022 73.4738 482
-7.95191 73.4738 482
-8.77359 73.4738 482
-9.59528 73.4738 482
-10.417 73.4738 482
-11.2153 73.3213 481
-12.0353 73.3213 481
-12.8553 73.3213 481
-13.6469 73.1689 480
-14.4651 73.1689 480
-15.2516 73.0165 479
-16.0346 72.864 478
-16.8495 72.864 478
-17.6274 72.7116 477
-18.3632 72.4067 475
-19.173 72.4067 475
-19.9827 72.4067 475
-3.02178 72.6514 482
-3.84346 72.6514 482
-4.66515 72.6514 482
-5.48684 72.6514 482
-6.30853 72.6514 482
-7.13022 72.6514 482
-7.95191 72.6514 482
-8.77359 72.6514 482
-9.59528 72.6514 482
-10.3954 72.5007 481
-11.2153 72.5007 481
-12.0353 72.5007 481
-12.8553 72.5007 481
-13.6469 72.35 480
-14.435 72.1992 479
-15.2197 72.0485 478
-16.0346 72.0485 478
-16.8495 72.0485 478
-17.6274 71.8978 477
-18.3632 71.5963 475
-3.01551 71.6801 481
-3.83549 71.6801 481
-4.65547 71.6801 481
-5.47546 71.6801 481
-6.30853 71.8291 482
-7.13022 71.8291 482
-7.95191 71.8291 482
-8.75539 71.6801 481
-9.57538 71.6801 481
-10.3954 71.6801 481
-11.2153 71.6801 481
-12.0353 71.6801 481
-12.8553 71.6801 481
-13.6469 71.5311 480
-14.435 71.382 479
-15.2197 71.233 478
-16.0011 71.084 477
-16.8142 71.084 477
-17.5904 70.935 476
-18.3632 70.7859 475
-3.01551 70.8594 481
-3.83549 70.8594 481
-4.65547 70.8594 481
-5.47546 70.8594 481
-6.30853 71.0067 482
-7.13022 71.0067 482
-7.95191 71.0067 482
-8.75539 70.8594 481
-9.57538 70.8594 481
-10.3954 70.8594 481
-11.2153 70.8594 481
-12.0353 70.8594 481
-12.8553 70.8594 481
-13.6469 70.7121 480
-14.435 70.5648 479
-15.1879 70.2702 477
-15.9675 70.1228 476
-16.779 70.1228 476
-17.5535 69.9755 475
-18.3246 69.8282 474
-3.01551 70.0388 481
-3.83549 70.0388 481
-4.65547 70.0388 481
-5.47546 70.0388 481
-6.29544 70.0388 481
-7.11543 70.0388 481
-7.93541 70.0388 481
-8.75539 70.0388 481
-9.57538 70.0388 481
-10.3954 70.0388 481
-11.2153 70.0388 481
-12.0353 70.0388 481
-12.8553 70.0388 481
-13.6469 69.8932 480
-14.435 69.7476 479
-15.1879 69.4564 477
-15.9675 69.3107 476
-16.779 69.3107 476
-17.5535 69.1651 475
-18.3246 69.0195 474
-3.01551 69.2182 481
-3.83549 69.2182 481
-4.65547 69.2182 481
-5.47546 69.2182 481
-6.29544 69.2182 481
-7.11543 69.2182 481
-7.93541 69.2182 481
-8.75539 69.2182 481
-9.57538 69.2182 481
-10.3737 69.0743 480
-11.192 69.0743 480
-12.0103 69.0743 480
-12.8286 69.0743 480
-13.6469 69.0743 480
-14.4049 68.7864 478
-15.1561 68.4986 476
-15.934 68.3547 475
-16.7437 68.3547 475
-17.5535 68.3547 475
-18.3246 68.2108 474
-3.00924 68.2553 480
-3.82752 68.2553 480
-4.6458 68.2553 480
-5.46407 68.2553 480
-6.28235 68.2553 480
-7.10063 68.2553 480
-7.91891 68.2553 480
-8.73719 68.2553 480
-9.55547 68.2553 480
-10.3737 68.2553 480
-11.1687 68.1131 479
-11.9853 68.1131 479
-12.8019 68.1131 479
-13.6184 68.1131 479
-14.4049 67.9709 478
-15.1561 67.6865 476
-15.934 67.5443 475
-16.7437 67.5443 475
-17.5165 67.4021 474
1166.36 574.474 4089
1159.39 574.474 4089
1152.42 574.474 4089
1142.64 573.069 4079
1135.69 573.069 4079
1131.5 574.474 4089
1124.53 574.474 4089
1117.56 574.474 4089
-3.00924 67.4364 480
-3.82752 67.4364 480
-4.6458 67.4364 480
-5.46407 67.4364 480
-6.28235 67.4364 480
-7.10063 67.4364 480
-7.91891 67.4364 480
-8.73719 67.4364 480
-9.55547 67.4364 480
-10.3737 67.4364 480
-11.1687 67.2959 479
-11.9853 67.2959 479
-12.8019 67.2959 479
-13.6184 67.2959 479
-14.4049 67.1554 478
-15.1561 66.8744 476
-15.934 66.7339 475
-16.7437 66.7339 475
-17.5165 66.5934 474
1173.33 567.497 4089
1166.36 567.497 4089
1159.39 567.497 4089
1152.42 567.497 4089
1142.64 566.11 4079
1135.69 566.11 4079
1131.5 567.497 4089
1124.53 567.497 4089
1117.56 567.497 4089
1107.88 566.11 4079
1100.92 566.11 4079
-3.00924 66.6175 480
-3.82752 66.6175 480
-4.6458 66.6175 480
-5.46407 66.6175 480
-6.28235 66.6175 480
-7.10063 66.6175 480
-7.91891 66.6175 480
-8.73719 66.6175 480
-9.55547 66.6175 480
-10.3521 66.4787 479
-11.1454 66.3399 478
-11.9603 66.3399 478
-12.7751 66.3399 478
-13.59 66.3399 478
-14.3747 66.2011 477
-15.1561 66.0623 476
-15.934 65.9235 475
-16.7437 65.9235 475
-17.5165 65.7848 474
1187.27 560.521 4089
1180.3 560.521 4089
1173.33 560.521 4089
1166.36 560.521 4089
1159.39 560.521 4089
1152.42 560.521 4089
1142.64 559.15 4079
1135.69 559.15 4079
1131.5 560.521 4089
1124.53 560.521 4089
1117.56 560.521 4089
1107.88 559.15 4079
1100.92 559.15 4079
-2.18639 65.6615 479
-3.00297 65.6615 479
-3.81954 65.6615 479
-4.63612 65.6615 479
-5.45269 65.6615 479
-6.26927 65.6615 479
-7.08584 65.6615 479
-7.90241 65.6615 479
-8.71899 65.6615 479
-9.53556 65.6615 479
-10.3305 65.5244 478
-11.1221 65.3873 477
-11.9352 65.3873 477
-12.7484 65.3873 477
-13.5616 65.3873 477
-14.3747 65.3873 477
-15.1242 65.1131 475
-15.934 65.1131 475
-16.7437 65.1131 475
1187.27 553.545 4089
1180.3 553.545 4089
1173.33 553.545 4089
1166.36 553.545 4089
1159.39 553.545 4089
1149.6 552.191 4079
1139.84 550.838 4069
1132.91 550.838 4069
1128.74 552.191 4079
1121.78 552.191 4079
1114.83 552.191 4079
1107.88 552.191 4079
1100.92 552.191 4079
-2.18639 64.8442 479
-3.00297 64.8442 479
-3.81954 64.8442 479
-4.63612 64.8442 479
-5.45269 64.8442 479
-6.26927 64.8442 479
-7.08584 64.8442 479
-7.90241 64.8442 479
-8.70079 64.7089 478
-9.51565 64.7089 478
-10.3089 64.5735 477
-11.0988 64.4381 476
-11.9102 64.4381 476
-12.7217 64.4381 476
-13.5331 64.4381 476
-14.3446 64.4381 476
-15.1242 64.3027 475
-15.9004 64.1674 474
-16.7085 64.1674 474
-17.4796 64.032 473
1187.27 546.569 4089
1180.3 546.569 4089
1173.33 546.569 4089
1166.36 546.569 4089
1159.39 546.569 4089
1146.78 543.895 4069
1139.84 543.895 4069
1132.91 543.895 4069
1125.97 543.895 4069
1119.03 543.895 4069
1114.83 545.232 4079
1110.59 546.569 4089
1103.62 546.569 4089
1096.65 546.569 4089
-1.36982 64.027 479
-2.18639 64.027 479
-3.00297 64.027 479
-3.81954 64.027 479
-4.63612 64.027 479
-5.45269 64.027 479
-6.26927 64.027 479
-7.08584 64.027 479
-7.90241 64.027 479
-8.70079 63.8933 478
-9.51565 63.8933 478
-10.3089 63.7597 477
-11.0988 63.626 476
-11.9102 63.626 476
-12.7217 63.626 476
-13.5331 63.626 476
-14.3446 63.626 476
-15.0924 63.3587 474
-15.9004 63.3587 474
-16.7085 63.3587 474
-17.4796 63.225 473
1187.27 539.592 4089
1180.3 539.592 4089
1173.33 539.592 4089
1163.5 538.273 4079
1156.55 538.273 4079
1146.78 536.953 4069
1139.84 536.953 4069
1132.91 536.953 4069
1125.97 536.953 4069
1119.03 536.953 4069
1114.83 538.273 4079
1110.59 539.592 4089
1103.62 539.592 4089
1096.65 539.592 4089
1089.68 539.592 4089
1082.71 539.592 4089
1075.74 539.592 4089
1068.77 539.592 4089
-1.36982 63.2098 479
-2.18639 63.2098 479
-3.00297 63.2098 479
-3.81954 63.2098 479
-4.63612 63.2098 479
-5.44131 63.0778 478
-6.25618 63.0778 478
-7.07105 63.0778 478
-7.88592 63.0778 478
-8.70079 63.0778 478
-9.51565 63.0778 478
-10.3089 62.9459 477
-11.0988 62.8139 476
-11.9102 62.8139 476
-12.7217 62.8139 476
-13.5047 62.6819 475
-14.3145 62.6819 475
-15.0924 62.55 474
-15.9004 62.55 474
-16.7085 62.55 474
-17.4796 62.418 473
1191.32 531.314 4079
1187.27 532.616 4089
1180.3 532.616 4089
1173.33 532.616 4089
1163.5 531.314 4079
1156.55 531.314 4079
1146.78 530.011 4069
1139.84 530.011 4069
1132.91 530.011 4069
1125.97 530.011 4069
1119.03 530.011 4069
1114.83 531.314 4079
1110.59 532.616 4089
1103.62 532.616 4089
1096.65 532.616 4089
1089.68 532.616 4089
1082.71 532.616 4089
1075.74 532.616 4089
1068.77 532.616 4089
1061.8 532.616 4089
1054.83 532.616 4089
1047.85 532.616 4089
1040.88 532.616 4089
1033.91 532.616 4089
0.262778 62.2623 478
-0.552091 62.2623 478
-1.36982 62.3926 479
-2.18639 62.3926 479
-3.00297 62.3926 479
-3.81954 62.3926 479
-4.63612 62.3926 479
-5.44131 62.2623 478
-6.25618 62.2623 478
-7.05625 62.132 477
-7.86942 62.132 477
-8.68258 62.132 477
-9.49575 62.132 477
-10.3089 62.132 477
-11.0754 61.8715 475
-11.8852 61.8715 475
-12.695 61.8715 475
-13.5047 61.8715 475
-14.3145 61.8715 475
-15.0924 61.7413 474
-15.8669 61.611 473
-16.6732 61.611 473
1191.32 524.354 4079
1184.37 524.354 4079
1177.41 524.354 4079
1170.46 524.354 4079
1160.65 523.069 4069
1153.72 523.069 4069
1143.96 521.784 4059
1137.04 521.784 4059
1130.12 521.784 4059
1125.97 523.069 4069
1119.03 523.069 4069
1112.1 523.069 4069
1110.59 525.64 4089
1103.62 525.64 4089
1096.65 525.64 4089
1089.68 525.64 4089
1082.71 525.64 4089
1075.74 525.64 4089
1068.77 525.64 4089
1061.8 525.64 4089
1054.83 525.64 4089
1047.85 525.64 4089
1040.88 525.64 4089
1033.91 525.64 4089
0.262778 61.4468 478
-0.552091 61.4468 478
-1.36696 61.4468 478
-2.18183 61.4468 478
-2.9967 61.4468 478
-3.81157 61.4468 478
-4.62644 61.4468 478
-5.44131 61.4468 478
-6.25618 61.4468 478
-7.05625 61.3182 477
-7.86942 61.3182 477
-8.68258 61.3182 477
-9.49575 61.3182 477
-10.3089 61.3182 477
-11.0754 61.0611 475
-11.8852 61.0611 475
-12.695 61.0611 475
-13.5047 61.0611 475
-14.3145 61.0611 475
-15.0924 60.9326 474
-15.9004 60.9326 474
-16.6732 60.804 473
1201.21 518.664 4089
1194.24 518.664 4089
1187.27 518.664 4089
1177.41 517.395 4079
1167.59 516.127 4069
1157.8 514.858 4059
1150.88 514.858 4059
1141.14 513.59 4049
1137.04 514.858 4059
1130.12 514.858 4059
1125.97 516.127 4069
1119.03 516.127 4069
1112.1 516.127 4069
1107.88 517.395 4079
1103.62 518.664 4089
1096.65 518.664 4089
1089.68 518.664 4089
1082.71 518.664 4089
1075.74 518.664 4089
1068.77 518.664 4089
1061.8 518.664 4089
1054.83 518.664 4089
1047.85 518.664 4089
1040.88 518.664 4089
1033.91 518.664 4089
1026.94 518.664 4089
1019.97 518.664 4089
1013 518.664 4089
0.262778 60.6313 478
-0.552091 60.6313 478
-1.36696 60.6313 478
-2.18183 60.6313 478
-2.9967 60.6313 478
-3.81157 60.6313 478
-4.62644 60.6313 478
-5.44131 60.6313 478
-6.25618 60.6313 478
-7.05625 60.5044 477
-7.86942 60.5044 477
-8.68258 60.5044 477
-9.49575 60.5044 477
-10.3089 60.5044 477
-11.0754 60.2507 475
-11.8852 60.2507 475
-12.695 60.2507 475
-13.5047 60.2507 475
-14.3145 60.2507 475
-15.0924 60.1239 474
-15.9004 60.1239 474
1201.21 511.687 4089
1194.24 511.687 4089
1187.27 511.687 4089
1177.41 510.436 4079
1164.72 507.933 4059
1157.8 507.933 4059
1150.88 507.933 4059
1141.14 506.682 4049
1137.04 507.933 4059
1132.91 509.185 4069
1125.97 509.185 4069
1119.03 509.185 4069
1112.1 509.185 4069
1107.88 510.436 4079
1103.62 511.687 4089
1096.65 511.687 4089
1089.68 511.687 4089
1082.71 511.687 4089
1075.74 511.687 4089
1068.77 511.687 4089
1061.8 511.687 4089
1054.83 511.687 4089
1047.85 511.687 4089
1040.88 511.687 4089
1031.39 510.436 4079
1026.94 511.687 4089
1019.97 511.687 4089
1013 511.687 4089
0.262778 59.8158 478
-0.552091 59.8158 478
-1.36696 59.8158 478
-2.18183 59.8158 478
-2.9967 59.8158 478
-3.81157 59.8158 478
-4.62644 59.8158 478
-5.44131 59.8158 478
-6.25618 59.8158 478
-7.05625 59.6906 477
-7.86942 59.6906 477
-8.68258 59.6906 477
-9.49575 59.6906 477
-10.2873 59.5655 476
-11.0754 59.4403 475
-11.8852 59.4403 475
-12.695 59.4403 475
-13.5047 59.4403 475
-14.3145 59.4403 475
-15.0924 59.3152 474
-15.9004 59.3152 474
1201.21 504.711 4089
1194.24 504.711 4089
1187.27 504.711 4089
1177.41 503.477 4079
1164.72 501.008 4059
1157.8 501.008 4059
1150.88 501.008 4059
1141.14 499.774 4049
1139.84 502.243 4069
1132.91 502.243 4069
1125.97 502.243 4069
1119.03 502.243 4069
1114.83 503.477 4079
1107.88 503.477 4079
1103.62 504.711 4089
1096.65 504.711 4089
1089.68 504.711 4089
1082.71 504.711 4089
1075.74 504.711 4089
1068.77 504.711 4089
1061.8 504.711 4089
1054.83 504.711 4089
1047.85 504.711 4089
1040.88 504.711 4089
1033.91 504.711 4089
1026.94 504.711 4089
1019.97 504.711 4089
1013 504.711 4089
0.262778 59.0002 478
-0.552091 59.0002 478
-1.36696 59.0002 478
-2.18183 59.0002 478
-2.9967 59.0002 478
-3.81157 59.0002 478
-4.62644 59.0002 478
-5.42992 58.8768 477
-6.24309 58.8768 477
-7.04146 58.7534 476
-7.85292 58.7534 476
-8.66438 58.7534 476
-9.47584 58.7534 476
-10.2873 58.7534 476
-11.0754 58.6299 475
-11.8602 58.5065 474
-12.6682 58.5065 474
-13.4763 58.5065 474
-14.2843 58.5065 474
-15.0924 58.5065 474
-15.9004 58.5065 474
1208.18 497.735 4089
1201.21 497.735 4089
1194.24 497.735 4089
1184.37 496.518 4079
1174.53 495.3 4069
1164.72 494.083 4059
1154.95 492.866 4049
1148.04 492.866 4049
1141.14 492.866 4049
1139.84 495.3 4069
1132.91 495.3 4069
1125.97 495.3 4069
1119.03 495.3 4069
1114.83 496.518 4079
1107.88 496.518 4079
1103.62 497.735 4089
1096.65 497.735 4089
1089.68 497.735 4089
1082.71 497.735 4089
1075.74 497.735 4089
1068.77 497.735 4089
1061.8 497.735 4089
1054.83 497.735 4089
1047.85 497.735 4089
1040.88 497.735 4089
1033.91 497.735 4089
1026.94 497.735 4089
1019.97 497.735 4089
1013 497.735 4089
-1.36696 58.1847 478
-2.18183 58.1847 478
-2.9967 58.1847 478
-3.81157 58.1847 478
-4.62644 58.1847 478
-5.42992 58.063 477
-6.24309 58.063 477
-7.04146 57.9413 476
-7.85292 57.9413 476
-8.66438 57.9413 476
-9.47584 57.9413 476
-10.2873 57.9413 476
-11.0521 57.6978 474
-11.8602 57.6978 474
-12.6682 57.6978 474
-13.4763 57.6978 474
-14.2843 57.6978 474
-15.0924 57.6978 474
-15.9004 57.6978 474
-16.6732 57.5761 473
1222.12 490.759 4089
1215.15 490.759 4089
1208.18 490.759 4089
1201.21 490.759 4089
1194.24 490.759 4089
1184.37 489.559 4079
1171.64 487.158 4059
1164.72 487.158 4059
1154.95 485.958 4049
1148.04 485.958 4049
1141.14 485.958 4049
1139.84 488.358 4069
1132.91 488.358 4069
1125.97 488.358 4069
1119.03 488.358 4069
1114.83 489.559 4079
1107.88 489.559 4079
1100.92 489.559 4079
1096.65 490.759 4089
1089.68 490.759 4089
1082.71 490.759 4089
1075.74 490.759 4089
1068.77 490.759 4089
1061.8 490.759 4089
1054.83 490.759 4089
1047.85 490.759 4089
1040.88 490.759 4089
1033.91 490.759 4089
1026.94 490.759 4089
1019.97 490.759 4089
1013 490.759 4089
74.2931 68.531 571
73.3197 68.531 571
72.3463 68.531 571
71.3729 68.531 571
-1.36696 57.3692 478
-2.18183 57.3692 478
-2.9967 57.3692 478
-3.81157 57.3692 478
-4.62644 57.3692 478
-5.42992 57.2492 477
-6.24309 57.2492 477
-7.04146 57.1292 476
-7.85292 57.1292 476
-8.66438 57.1292 476
-9.47584 57.1292 476
-10.2873 57.1292 476
-11.0521 56.8891 474
-11.8602 56.8891 474
-12.6682 56.8891 474
-13.4763 56.8891 474
-14.2843 56.8891 474
-15.0924 56.8891 474
-15.9004 56.8891 474
-16.6732 56.7691 473
1256.98 483.782 4089
1250.01 483.782 4089
1243.03 483.782 4089
1236.06 483.782 4089
1226.09 482.599 4079
1222.12 483.782 4089
1215.15 483.782 4089
1208.18 483.782 4089
1201.21 483.782 4089
1194.24 483.782 4089
1184.37 482.599 4079
1171.64 480.233 4059
1161.85 479.05 4049
1154.95 479.05 4049
1148.04 479.05 4049
1141.14 479.05 4049
1139.84 481.416 4069
1135.69 482.599 4079
1128.74 482.599 4079
1121.78 482.599 4079
1114.83 482.599 4079
1107.88 482.599 4079
1100.92 482.599 4079
1096.65 483.782 4089
1089.68 483.782 4089
1082.71 483.782 4089
1075.74 483.782 4089
1068.77 483.782 4089
1061.8 483.782 4089
1054.83 483.782 4089
1047.85 483.782 4089
1040.88 483.782 4089
1031.39 482.599 4079
1024.43 482.599 4079
1017.48 482.599 4079
1010.52 482.599 4079
82.5117 67.9117 574
81.5331 67.9117 574
80.5546 67.9117 574
79.5761 67.9117 574
78.5976 67.9117 574
77.619 67.9117 574
76.6405 67.9117 574
75.5302 67.7934 573
74.5534 67.7934 573
73.5765 67.7934 573
72.473 67.6751 572
71.3729 67.5568 571
70.2762 67.4385 570
69.3045 67.4385 570
-2.17727 56.4354 477
-2.99043 56.4354 477
-3.80359 56.4354 477
-4.61676 56.4354 477
-5.42992 56.4354 477
-6.24309 56.4354 477
-7.04146 56.3171 476
-7.85292 56.3171 476
-8.66438 56.3171 476
-9.47584 56.3171 476
-10.2657 56.1987 475
-11.0521 56.0804 474
-11.8602 56.0804 474
-12.6682 56.0804 474
-13.4763 56.0804 474
-14.2843 56.0804 474
-15.0605 55.9621 473
-15.8669 55.9621 473
-16.6732 55.9621 473
1256.98 476.806 4089
1250.01 476.806 4089
1243.03 476.806 4089
1236.06 476.806 4089
1226.09 475.64 4079
1222.12 476.806 4089
1215.15 476.806 4089
1208.18 476.806 4089
1198.27 475.64 4079
1191.32 475.64 4079
1184.37 475.64 4079
1171.64 473.308 4059
1161.85 472.142 4049
1154.95 472.142 4049
1148.04 472.142 4049
1141.14 472.142 4049
1139.84 474.474 4069
1135.69 475.64 4079
1128.74 475.64 4079
1121.78 475.64 4079
1114.83 475.64 4079
1107.88 475.64 4079
1100.92 475.64 4079
1096.65 476.806 4089
1089.68 476.806 4089
1082.71 476.806 4089
1075.74 476.806 4089
1068.77 476.806 4089
1061.8 476.806 4089
1054.83 476.806 4089
1047.85 476.806 4089
1040.88 476.806 4089
1031.39 475.64 4079
1024.43 475.64 4079
1017.48 475.64 4079
1010.52 475.64 4079
1001.11 474.474 4069
994.173 474.474 4069
982.709 475.64 4079
975.756 475.64 4079
968.802 475.64 4079
959.49 474.474 4069
82.5117 66.9324 574
81.5331 66.9324 574
80.5546 66.9324 574
79.5761 66.9324 574
78.5976 66.9324 574
77.619 66.9324 574
76.6405 66.9324 574
75.5302 66.8158 573
74.5534 66.8158 573
73.5765 66.8158 573
72.473 66.6992 572
71.3729 66.5826 571
70.2762 66.466 570
69.3045 66.466 570
-2.17727 55.6216 477
-2.99043 55.6216 477
-3.80359 55.6216 477
-4.61676 55.6216 477
-5.41854 55.505 476
-6.23 55.505 476
-7.02667 55.3883 475
-7.83642 55.3883 475
-8.64618 55.3883 475
-9.45593 55.3883 475
-10.2657 55.3883 475
-11.0521 55.2717 474
-11.8602 55.2717 474
-12.6682 55.2717 474
-13.4763 55.2717 474
-14.2843 55.2717 474
-15.0605 55.1551 473
-15.8669 55.1551 473
-16.6732 55.1551 473
1277.89 469.83 4089
1270.92 469.83 4089
1263.95 469.83 4089
1256.98 469.83 4089
1250.01 469.83 4089
1243.03 469.83 4089
1236.06 469.83 4089
1226.09 468.681 4079
1219.13 468.681 4079
1212.18 468.681 4079
1205.23 468.681 4079
1198.27 468.681 4079
1191.32 468.681 4079
1181.46 467.532 4069
1171.64 466.383 4059
1161.85 465.234 4049
1154.95 465.234 4049
1148.04 465.234 4049
1141.14 465.234 4049
1139.84 467.532 4069
1135.69 468.681 4079
1128.74 468.681 4079
1121.78 468.681 4079
1114.83 468.681 4079
1107.88 468.681 4079
1100.92 468.681 4079
1093.97 468.681 4079
1087.01 468.681 4079
1080.06 468.681 4079
1073.11 468.681 4079
1066.15 468.681 4079
1061.8 469.83 4089
1054.83 469.83 4089
1047.85 469.83 4089
1040.88 469.83 4089
1031.39 468.681 4079
1024.43 468.681 4079
1017.48 468.681 4079
1010.52 468.681 4079
1001.11 467.532 4069
994.173 467.532 4069
984.81 466.383 4059
982.709 468.681 4079
975.756 468.681 4079
968.802 468.681 4079
959.49 467.532 4069
86.1246 65.7233 572
85.1495 65.7233 572
84.1744 65.7233 572
83.3447 65.8382 573
82.5117 65.9531 574
81.5331 65.9531 574
80.5546 65.9531 574
79.5761 65.9531 574
78.5976 65.9531 574
77.619 65.9531 574
76.6405 65.9531 574
75.5302 65.8382 573
74.5534 65.8382 573
73.5765 65.8382 573
72.473 65.7233 572
71.3729 65.6084 571
70.2762 65.4935 570
69.3045 65.4935 570
68.2129 65.3786 569
67.1247 65.2637 568
66.04 65.1488 567
65.0734 65.1488 567
-2.17727 54.8077 477
-2.99043 54.8077 477
-3.80359 54.8077 477
-4.61676 54.8077 477
-5.42992 54.8077 477
-6.24309 54.8077 477
-7.04146 54.6928 476
-7.85292 54.6928 476
-8.66438 54.6928 476
-9.47584 54.6928 476
-10.2657 54.5779 475
-11.0754 54.5779 475
-11.8602 54.463 474
-12.6682 54.463 474
-13.4478 54.3481 473
-14.2542 54.3481 473
-15.0605 54.3481 473
-15.8669 54.3481 473
-16.6732 54.3481 473
1284.86 462.854 4089
1277.89 462.854 4089
1270.92 462.854 4089
1263.95 462.854 4089
1256.98 462.854 4089
1250.01 462.854 4089
1239.99 461.722 4079
1233.04 461.722 4079
1226.09 461.722 4079
1219.13 461.722 4079
1212.18 461.722 4079
1202.27 460.59 4069
1195.34 460.59 4069
1188.4 460.59 4069
1178.56 459.458 4059
1168.75 458.326 4049
1158.98 457.194 4039
1152.09 457.194 4039
1145.21 457.194 4039
1141.14 458.326 4049
1137.04 459.458 4059
1132.91 460.59 4069
1125.97 460.59 4069
1119.03 460.59 4069
1114.83 461.722 4079
1107.88 461.722 4079
1100.92 461.722 4079
1093.97 461.722 4079
1087.01 461.722 4079
1080.06 461.722 4079
1073.11 461.722 4079
1066.15 461.722 4079
1059.2 461.722 4079
1052.25 461.722 4079
1045.29 461.722 4079
1038.34 461.722 4079
1028.86 460.59 4069
1021.92 460.59 4069
1012.49 459.458 4059
1008.05 460.59 4069
1001.11 460.59 4069
994.173 460.59 4069
984.81 459.458 4059
982.709 461.722 4079
975.756 461.722 4079
968.802 461.722 4079
959.49 460.59 4069
86.9475 64.6343 571
86.1246 64.7474 572
85.1495 64.7474 572
84.1744 64.7474 572
83.3447 64.8606 573
82.5117 64.9738 574
81.5331 64.9738 574
80.5546 64.9738 574
79.5761 64.9738 574
78.4606 64.8606 573
77.4838 64.8606 573
76.507 64.8606 573
75.3984 64.7474 572
74.4232 64.7474 572
73.4481 64.7474 572
72.3463 64.6343 571
71.2479 64.5211 570
70.1529 64.4079 569
69.1829 64.4079 569
68.2129 64.4079 569
67.1247 64.2947 568
66.04 64.1815 567
65.0734 64.1815 567
-2.18639 54.2203 479
-3.00297 54.2203 479
-3.81954 54.2203 479
-4.62644 54.1071 478
-5.44131 54.1071 478
-6.25618 54.1071 478
-7.05625 53.9939 477
-7.86942 53.9939 477
-8.68258 53.9939 477
-9.49575 53.9939 477
-10.2873 53.8807 476
-11.0988 53.8807 476
-11.8852 53.7675 475
-12.695 53.7675 475
-13.4478 53.5412 473
-14.2542 53.5412 473
-15.0605 53.5412 473
-15.8669 53.5412 473
1305.77 455.877 4089
1298.8 455.877 4089
1291.83 455.877 4089
1284.86 455.877 4089
1277.89 455.877 4089
1270.92 455.877 4089
1263.95 455.877 4089
1256.98 455.877 4089
1250.01 455.877 4089
1239.99 454.763 4079
1233.04 454.763 4079
1226.09 454.763 4079
1219.13 454.763 4079
1212.18 454.763 4079
1202.27 453.648 4069
1195.34 453.648 4069
1188.4 453.648 4069
1178.56 452.533 4059
1165.87 450.303 4039
1158.98 450.303 4039
1152.09 450.303 4039
1145.21 450.303 4039
1141.14 451.418 4049
1137.04 452.533 4059
1132.91 453.648 4069
1125.97 453.648 4069
1121.78 454.763 4079
1114.83 454.763 4079
1107.88 454.763 4079
1100.92 454.763 4079
1091.29 453.648 4069
1084.35 453.648 4069
1077.41 453.648 4069
1070.48 453.648 4069
1063.54 453.648 4069
1056.6 453.648 4069
1049.67 453.648 4069
1042.73 453.648 4069
1033.25 452.533 4059
1023.8 451.418 4049
1016.9 451.418 4049
1005.25 449.3 4030
1003.09 451.418 4049
998.65 452.533 4059
991.73 452.533 4059
984.81 452.533 4059
977.891 452.533 4059
970.971 452.533 4059
964.052 452.533 4059
945.578 447.07 4010
86.9475 63.6601 571
86.1246 63.7716 572
85.1495 63.7716 572
84.1744 63.7716 572
83.3447 63.883 573
82.5117 63.9945 574
81.5331 63.9945 574
80.5546 63.9945 574
79.5761 63.9945 574
78.4606 63.883 573
77.4838 63.883 573
76.507 63.883 573
75.3984 63.7716 572
74.4232 63.7716 572
73.4481 63.7716 572
72.3463 63.6601 571
71.2479 63.5486 570
70.1529 63.4371 569
69.1829 63.4371 569
68.2129 63.4371 569
67.1247 63.3256 568
66.04 63.2141 567
65.0734 63.2141 567
63.9937 63.1026 566
-2.18639 53.4031 479
-3.00297 53.4031 479
-3.81954 53.4031 479
-4.62644 53.2916 478
-5.44131 53.2916 478
-6.25618 53.2916 478
-7.05625 53.1801 477
-7.86942 53.1801 477
-8.68258 53.1801 477
-9.49575 53.1801 477
-10.2873 53.0686 476
-11.0988 53.0686 476
-11.8852 52.9571 475
-12.695 52.9571 475
1305.77 448.901 4089
1298.8 448.901 4089
1291.83 448.901 4089
1284.86 448.901 4089
1277.89 448.901 4089
1270.92 448.901 4089
1260.86 447.803 4079
1253.9 447.803 4079
1246.95 447.803 4079
1236.96 446.706 4069
1230.02 446.706 4069
1220.08 445.608 4059
1213.16 445.608 4059
1206.24 445.608 4059
1199.32 445.608 4059
1192.4 445.608 4059
1185.48 445.608 4059
1175.65 444.51 4049
1165.87 443.412 4039
1158.98 443.412 4039
1152.09 443.412 4039
1145.21 443.412 4039
1141.14 444.51 4049
1139.84 446.706 4069
1135.69 447.803 4079
1128.74 447.803 4079
1121.78 447.803 4079
1114.83 447.803 4079
1107.88 447.803 4079
1100.92 447.803 4079
1093.97 447.803 4079
1084.35 446.706 4069
1077.41 446.706 4069
1070.48 446.706 4069
1063.54 446.706 4069
1056.6 446.706 4069
1049.67 446.706 4069
1042.73 446.706 4069
1033.25 445.608 4059
1023.8 444.51 4049
1016.9 444.51 4049
1005.25 442.424 4030
998.385 442.424 4030
989.054 441.326 4020
982.201 441.326 4020
975.348 441.326 4020
968.495 441.326 4020
959.25 440.228 4010
952.414 440.228 4010
88.7386 62.5761 570
87.7669 62.5761 570
86.9475 62.6859 571
85.9741 62.6859 571
85.1495 62.7957 572
84.1744 62.7957 572
83.1993 62.7957 572
82.3679 62.9054 573
81.3911 62.9054 573
80.4143 62.9054 573
79.4375 62.9054 573
78.3237 62.7957 572
77.3486 62.7957 572
76.3735 62.7957 572
75.3984 62.7957 572
74.4232 62.7957 572
73.4481 62.7957 572
72.3463 62.6859 571
71.2479 62.5761 570
70.1529 62.4663 569
69.1829 62.4663 569
68.2129 62.4663 569
67.1247 62.3565 568
66.04 62.2468 567
65.0734 62.2468 567
63.9937 62.137 566
-2.18639 52.5859 479
-3.00297 52.5859 479
-3.81954 52.5859 479
-4.63612 52.5859 479
-5.44131 52.4761 478
-6.25618 52.4761 478
-7.05625 52.3663 477
-7.86942 52.3663 477
-8.68258 52.3663 477
-9.49575 52.3663 477
-10.3089 52.3663 477
-11.0988 52.2565 476
-11.8852 52.1467 475
-12.695 52.1467 475
1319.71 441.925 4089
1312.74 441.925 4089
1305.77 441.925 4089
1298.8 441.925 4089
1291.83 441.925 4089
1281.72 440.844 4079
1274.76 440.844 4079
1261.59 438.683 4059
1251.58 437.602 4049
1244.68 437.602 4049
1237.78 437.602 4049
1230.88 437.602 4049
1223.97 437.602 4049
1220.08 438.683 4059
1213.16 438.683 4059
1206.24 438.683 4059
1199.32 438.683 4059
1189.46 437.602 4049
1182.56 437.602 4049
1175.65 437.602 4049
1165.87 436.521 4039
1158.98 436.521 4039
1152.09 436.521 4039
1142.66 435.548 4030
1141.14 437.602 4049
1139.84 439.763 4069
1135.69 440.844 4079
1128.74 440.844 4079
1121.78 440.844 4079
1114.83 440.844 4079
1107.88 440.844 4079
1100.92 440.844 4079
1093.97 440.844 4079
1084.35 439.763 4069
1077.41 439.763 4069
1070.48 439.763 4069
1063.54 439.763 4069
1056.6 439.763 4069
1049.67 439.763 4069
1042.73 439.763 4069
1030.7 437.602 4049
1019 435.548 4030
1012.13 435.548 4030
1000.27 433.387 4010
991.2 432.414 4001
989.054 434.468 4020
982.201 434.468 4020
975.348 434.468 4020
968.495 434.468 4020
959.25 433.387 4010
952.414 433.387 4010
94.0711 61.2794 567
93.2687 61.3875 568
92.463 61.4955 569
91.4929 61.4955 569
90.5229 61.4955 569
89.5529 61.4955 569
88.7386 61.6036 570
87.7669 61.6036 570
86.7952 61.6036 570
85.8235 61.6036 570
84.8518 61.6036 570
83.8801 61.6036 570
83.0538 61.7117 571
82.2242 61.8198 572
81.2491 61.8198 572
80.2739 61.8198 572
79.2988 61.8198 572
78.1868 61.7117 571
77.2134 61.7117 571
76.24 61.7117 571
75.2665 61.7117 571
74.2931 61.7117 571
73.3197 61.7117 571
72.2196 61.6036 570
71.2479 61.6036 570
70.1529 61.4955 569
69.1829 61.4955 569
68.2129 61.4955 569
67.1247 61.3875 568
66.04 61.2794 567
65.0734 61.2794 567
63.9937 61.1713 566
63.0288 61.1713 566
62.0639 61.1713 566
61.0991 61.1713 566
60.1342 61.1713 566
-2.18639 51.7687 479
-3.00297 51.7687 479
-3.81954 51.7687 479
-4.63612 51.7687 479
-5.44131 51.6606 478
-6.25618 51.6606 478
-7.05625 51.5525 477
-7.86942 51.5525 477
-8.70079 51.6606 478
-9.51565 51.6606 478
-10.3305 51.6606 478
-11.0988 51.4444 476
-11.8852 51.3363 475
-12.695 51.3363 475
1319.71 434.949 4089
1312.74 434.949 4089
1305.77 434.949 4089
1295.62 433.885 4079
1285.51 432.821 4069
1275.43 431.758 4059
1268.51 431.758 4059
1258.49 430.694 4049
1248.49 429.63 4039
1241.61 429.63 4039
1234.72 429.63 4039
1227.84 429.63 4039
1220.95 429.63 4039
1214.06 429.63 4039
1210.17 430.694 4049
1203.27 430.694 4049
1196.36 430.694 4049
1189.46 430.694 4049
1182.56 430.694 4049
1172.75 429.63 4039
1165.87 429.63 4039
1156.4 428.673 4030
1149.53 428.673 4030
1142.66 428.673 4030
1141.14 430.694 4049
1139.84 432.821 4069
1138.47 434.949 4089
1131.5 434.949 4089
1124.53 434.949 4089
1117.56 434.949 4089
1110.59 434.949 4089
1100.92 433.885 4079
1093.97 433.885 4079
1084.35 432.821 4069
1077.41 432.821 4069
1070.48 432.821 4069
1063.54 432.821 4069
1056.6 432.821 4069
1049.67 432.821 4069
1042.73 432.821 4069
1030.7 430.694 4049
1019 428.673 4030
1012.13 428.673 4030
998.021 425.588 4001
991.2 425.588 4001
984.38 425.588 4001
977.559 425.588 4001
970.738 425.588 4001
963.918 425.588 4001
99.1661 59.8865 563
98.2064 59.8865 563
97.592 60.0993 565
96.6289 60.0993 565
95.835 60.2057 566
94.8701 60.2057 566
94.0711 60.312 567
93.2687 60.4184 568
92.463 60.5248 569
91.4929 60.5248 569
90.5229 60.5248 569
89.5529 60.5248 569
88.7386 60.6311 570
87.7669 60.6311 570
86.7952 60.6311 570
85.8235 60.6311 570
84.8518 60.6311 570
83.8801 60.6311 570
82.9084 60.6311 570
82.0804 60.7375 571
81.107 60.7375 571
80.1336 60.7375 571
79.1602 60.7375 571
78.1868 60.7375 571
77.2134 60.7375 571
76.24 60.7375 571
75.2665 60.7375 571
74.2931 60.7375 571
73.3197 60.7375 571
72.2196 60.6311 570
71.2479 60.6311 570
70.1529 60.5248 569
69.1829 60.5248 569
68.2129 60.5248 569
67.1247 60.4184 568
66.04 60.312 567
65.0734 60.312 567
63.9937 60.2057 566
63.0288 60.2057 566
62.0639 60.2057 566
61.0991 60.2057 566
60.1342 60.2057 566
-2.18639 50.9514 479
-3.00297 50.9514 479
-3.81954 50.9514 479
-4.63612 50.9514 479
-5.44131 50.8451 478
-6.25618 50.8451 478
-7.05625 50.7387 477
-7.88592 50.8451 478
-8.70079 50.8451 478
-9.51565 50.8451 478
-10.3305 50.8451 478
-11.0988 50.6323 476
-11.8852 50.526 475
-12.695 50.526 475
1319.71 427.972 4089
1312.74 427.972 4089
1305.77 427.972 4089
1295.62 426.926 4079
1285.51 425.879 4069
1275.43 424.832 4059
1268.51 424.832 4059
1258.49 423.786 4049
1248.49 422.739 4039
1241.61 422.739 4039
1237.78 423.786 4049
1230.88 423.786 4049
1223.97 423.786 4049
1214.06 422.739 4039
1210.17 423.786 4049
1203.27 423.786 4049
1196.36 423.786 4049
1189.46 423.786 4049
1182.56 423.786 4049
1172.75 422.739 4039
1165.87 422.739 4039
1158.98 422.739 4039
1152.09 422.739 4039
1145.21 422.739 4039
1143.96 424.832 4059
1142.64 426.926 4079
1138.47 427.972 4089
1131.5 427.972 4089
1124.53 427.972 4089
1117.56 427.972 4089
1110.59 427.972 4089
1103.62 427.972 4089
1093.97 426.926 4079
1084.35 425.879 4069
1077.41 425.879 4069
1070.48 425.879 4069
1063.54 425.879 4069
1056.6 425.879 4069
1049.67 425.879 4069
1042.73 425.879 4069
1030.7 423.786 4049
1019 421.797 4030
1012.13 421.797 4030
1000.27 419.704 4010
991.2 418.762 4001
984.38 418.762 4001
977.559 418.762 4001
970.738 418.762 4001
959.34 416.773 3982
99.1661 58.926 563
98.2064 58.926 563
97.592 59.1353 565
96.6289 59.1353 565
95.835 59.24 566
94.8701 59.24 566
94.0711 59.3447 567
93.2687 59.4493 568
92.463 59.554 569
91.4929 59.554 569
90.5229 59.554 569
89.5529 59.554 569
88.7386 59.6587 570
87.7669 59.6587 570
86.7952 59.6587 570
85.6729 59.554 569
84.7029 59.554 569
83.7329 59.554 569
82.9084 59.6587 570
82.0804 59.7633 571
81.107 59.7633 571
80.1336 59.7633 571
79.1602 59.7633 571
78.1868 59.7633 571
77.2134 59.7633 571
76.24 59.7633 571
75.2665 59.7633 571
74.2931 59.7633 571
73.3197 59.7633 571
72.2196 59.6587 570
71.2479 59.6587 570
70.1529 59.554 569
69.1829 59.554 569
68.2129 59.554 569
67.1247 59.4493 568
66.04 59.3447 567
65.0734 59.3447 567
63.9937 59.24 566
63.0288 59.24 566
62.0639 59.24 566
61.0991 59.24 566
60.1342 59.24 566
-2.9967 50.0295 478
-3.81157 50.0295 478
-4.62644 50.0295 478
-5.44131 50.0295 478
-6.25618 50.0295 478
-7.05625 49.9249 477
-7.88592 50.0295 478
-8.70079 50.0295 478
-9.51565 50.0295 478
-10.3305 50.0295 478
1316.49 419.967 4079
1309.53 419.967 4079
1302.58 419.967 4079
1292.45 418.937 4069
1282.35 417.907 4059
1275.43 417.907 4059
1268.51 417.907 4059
1258.49 416.878 4049
1248.49 415.848 4039
1241.61 415.848 4039
1237.78 416.878 4049
1230.88 416.878 4049
1223.97 416.878 4049
1214.06 415.848 4039
1210.17 416.878 4049
1203.27 416.878 4049
1196.36 416.878 4049
1189.46 416.878 4049
1182.56 416.878 4049
1172.75 415.848 4039
1165.87 415.848 4039
1158.98 415.848 4039
1154.95 416.878 4049
1148.04 416.878 4049
1143.96 417.907 4059
1142.64 419.967 4079
1138.47 420.996 4089
1131.5 420.996 4089
1124.53 420.996 4089
1117.56 420.996 4089
1110.59 420.996 4089
1103.62 420.996 4089
1093.97 419.967 4079
1084.35 418.937 4069
1077.41 418.937 4069
1070.48 418.937 4069
1063.54 418.937 4069
1056.6 418.937 4069
1049.67 418.937 4069
1042.73 418.937 4069
1030.7 416.878 4049
1019 414.922 4030
1012.13 414.922 4030
1002.76 413.892 4020
993.43 412.862 4010
986.594 412.862 4010
979.758 412.862 4010
972.922 412.862 4010
963.918 411.936 4001
101.864 57.8625 562
100.906 57.8625 562
100.126 57.9655 563
99.3423 58.0684 564
98.3808 58.0684 564
97.592 58.1714 565
96.6289 58.1714 565
95.835 58.2743 566
94.8701 58.2743 566
93.9052 58.2743 566
93.1045 58.3773 567
92.3004 58.4803 568
91.3321 58.4803 568
90.3639 58.4803 568
89.5529 58.5832 569
88.5829 58.5832 569
87.6129 58.5832 569
86.6429 58.5832 569
85.6729 58.5832 569
84.7029 58.5832 569
83.5858 58.4803 568
82.7629 58.5832 569
81.7929 58.5832 569
81.107 58.7891 571
80.1336 58.7891 571
79.1602 58.7891 571
78.0499 58.6862 570
77.0781 58.6862 570
76.1064 58.6862 570
75.1347 58.6862 570
74.163 58.6862 570
73.1913 58.6862 570
72.2196 58.6862 570
71.1229 58.5832 569
70.1529 58.5832 569
69.1829 58.5832 569
68.093 58.4803 568
67.1247 58.4803 568
66.04 58.3773 567
65.0734 58.3773 567
63.9937 58.2743 566
63.0288 58.2743 566
62.0639 58.2743 566
61.0991 58.2743 566
60.1342 58.2743 566
-2.9967 49.214 478
-3.81157 49.214 478
-4.62644 49.214 478
-5.44131 49.214 478
-6.25618 49.214 478
-7.07105 49.214 478
-7.90241 49.317 479
-8.71899 49.317 479
-9.53556 49.317 479
-10.3305 49.214 478
1316.49 413.007 4079
1309.53 413.007 4079
1302.58 413.007 4079
1292.45 411.995 4069
1282.35 410.982 4059
1275.43 410.982 4059
1268.51 410.982 4059
1261.59 410.982 4059
1251.58 409.97 4049
1244.68 409.97 4049
1237.78 409.97 4049
1230.88 409.97 4049
1223.97 409.97 4049
1217.07 409.97 4049
1210.17 409.97 4049
1203.27 409.97 4049
1196.36 409.97 4049
1189.46 409.97 4049
1182.56 409.97 4049
1175.65 409.97 4049
1165.87 408.957 4039
1158.98 408.957 4039
1154.95 409.97 4049
1148.04 409.97 4049
1143.96 410.982 4059
1142.64 413.007 4079
1138.47 414.02 4089
1131.5 414.02 4089
1124.53 414.02 4089
1117.56 414.02 4089
1110.59 414.02 4089
1103.62 414.02 4089
1093.97 413.007 4079
1084.35 411.995 4069
1077.41 411.995 4069
1070.48 411.995 4069
1063.54 411.995 4069
1056.6 411.995 4069
1049.67 411.995 4069
1042.73 411.995 4069
1030.7 409.97 4049
1019 408.046 4030
1012.13 408.046 4030
1002.76 407.033 4020
993.43 406.021 4010
986.594 406.021 4010
979.758 406.021 4010
972.922 406.021 4010
963.918 405.11 4001
102.822 56.9037 562
101.864 56.9037 562
100.906 56.9037 562
100.126 57.0049 563
99.3423 57.1062 564
98.3808 57.1062 564
97.4193 57.1062 564
96.6289 57.2074 565
95.6657 57.2074 565
94.7025 57.2074 565
93.9052 57.3087 566
92.9403 57.3087 566
91.9754 57.3087 566
91.0106 57.3087 566
90.0457 57.3087 566
89.0808 57.3087 566
88.1159 57.3087 566
87.151 57.3087 566
86.1861 57.3087 566
85.2212 57.3087 566
84.2563 57.3087 566
83.2915 57.3087 566
82.6175 57.5112 568
81.7929 57.6124 569
80.8229 57.6124 569
79.8529 57.6124 569
78.8829 57.6124 569
77.9129 57.6124 569
76.9429 57.6124 569
75.9729 57.6124 569
75.0029 57.6124 569
74.0329 57.6124 569
73.0629 57.6124 569
71.9662 57.5112 568
70.9979 57.5112 568
70.0296 57.5112 568
69.0613 57.5112 568
68.093 57.5112 568
67.0066 57.4099 567
65.9235 57.3087 566
64.9586 57.3087 566
63.9937 57.3087 566
62.9175 57.2074 565
61.9543 57.2074 565
60.9911 57.2074 565
60.0279 57.2074 565
-4.62644 48.3985 478
-5.44131 48.3985 478
-6.25618 48.3985 478
-7.10063 48.601 480
-7.91891 48.601 480
-8.73719 48.601 480
-9.55547 48.601 480
-10.3737 48.601 480
1316.49 406.048 4079
1309.53 406.048 4079
1302.58 406.048 4079
1289.27 404.057 4059
1282.35 404.057 4059
1275.43 404.057 4059
1268.51 404.057 4059
1261.59 404.057 4059
1251.58 403.062 4049
1244.68 403.062 4049
1240.83 404.057 4059
1233.92 404.057 4059
1227 404.057 4059
1220.08 404.057 4059
1213.16 404.057 4059
1206.24 404.057 4059
1199.32 404.057 4059
1192.4 404.057 4059
1185.48 404.057 4059
1175.65 403.062 4049
1165.87 402.066 4039
1158.98 402.066 4039
1154.95 403.062 4049
1148.04 403.062 4049
1143.96 404.057 4059
1142.64 406.048 4079
1138.47 407.044 4089
1131.5 407.044 4089
1124.53 407.044 4089
1117.56 407.044 4089
1110.59 407.044 4089
1100.92 406.048 4079
1091.29 405.053 4069
1084.35 405.053 4069
1077.41 405.053 4069
1070.48 405.053 4069
1063.54 405.053 4069
1056.6 405.053 4069
1049.67 405.053 4069
1040.17 404.057 4059
1030.7 403.062 4049
1019 401.17 4030
1012.13 401.17 4030
1002.76 400.175 4020
993.43 399.179 4010
986.594 399.179 4010
979.758 399.179 4010
972.922 399.179 4010
963.918 398.284 4001
102.822 55.9449 562
101.864 55.9449 562
100.906 55.9449 562
100.126 56.0444 563
99.3423 56.1439 564
98.3808 56.1439 564
97.4193 56.1439 564
96.6289 56.2435 565
95.6657 56.2435 565
94.7025 56.2435 565
93.9052 56.343 566
92.9403 56.343 566
91.9754 56.343 566
91.0106 56.343 566
90.0457 56.343 566
89.0808 56.343 566
88.1159 56.343 566
87.151 56.343 566
86.1861 56.343 566
85.2212 56.343 566
84.2563 56.343 566
83.2915 56.343 566
82.3266 56.343 566
81.5054 56.4426 567
80.6809 56.5421 568
79.7126 56.5421 568
78.7443 56.5421 568
77.776 56.5421 568
76.8077 56.5421 568
75.8394 56.5421 568
74.8711 56.5421 568
73.9028 56.5421 568
72.9345 56.5421 568
71.9662 56.5421 568
70.9979 56.5421 568
69.9063 56.4426 567
68.9397 56.4426 567
67.9731 56.4426 567
67.0066 56.4426 567
65.9235 56.343 566
64.9586 56.343 566
63.8806 56.2435 565
62.9175 56.2435 565
61.9543 56.2435 565
60.9911 56.2435 565
-4.62644 47.583 478
-5.44131 47.583 478
-6.25618 47.583 478
-7.10063 47.7821 480
-7.91891 47.7821 480
-8.73719 47.7821 480
-9.55547 47.7821 480
-10.3737 47.7821 480
1316.49 399.089 4079
1309.53 399.089 4079
1302.58 399.089 4079
1289.27 397.132 4059
1282.35 397.132 4059
1275.43 397.132 4059
1268.51 397.132 4059
1261.59 397.132 4059
1254.67 397.132 4059
1247.75 397.132 4059
1240.83 397.132 4059
1233.92 397.132 4059
1227 397.132 4059
1220.08 397.132 4059
1213.16 397.132 4059
1206.24 397.132 4059
1199.32 397.132 4059
1192.4 397.132 4059
1185.48 397.132 4059
1175.65 396.154 4049
1165.87 395.175 4039
1158.98 395.175 4039
1154.95 396.154 4049
1148.04 396.154 4049
1143.96 397.132 4059
1142.64 399.089 4079
1135.69 399.089 4079
1128.74 399.089 4079
1121.78 399.089 4079
1114.83 399.089 4079
1107.88 399.089 4079
1098.22 398.111 4069
1088.6 397.132 4059
1081.68 397.132 4059
1077.41 398.111 4069
1070.48 398.111 4069
1063.54 398.111 4069
1054.01 397.132 4059
1047.09 397.132 4059
1040.17 397.132 4059
1025.87 394.295 4030
1016.47 393.316 4020
1009.61 393.316 4020
1002.76 393.316 4020
991.2 391.457 4001
984.38 391.457 4001
977.559 391.457 4001
102.822 54.986 562
101.864 54.986 562
100.906 54.986 562
100.126 55.0839 563
99.1661 55.0839 563
98.2064 55.0839 563
97.4193 55.1817 564
96.4578 55.1817 564
95.4964 55.1817 564
94.5349 55.1817 564
93.5734 55.1817 564
92.7761 55.2795 565
91.8129 55.2795 565
90.8498 55.2795 565
89.8866 55.2795 565
88.9234 55.2795 565
88.1159 55.3774 566
87.151 55.3774 566
86.1861 55.3774 566
85.2212 55.3774 566
84.2563 55.3774 566
83.2915 55.3774 566
82.3266 55.3774 566
81.5054 55.4752 567
80.6809 55.5731 568
79.7126 55.5731 568
78.7443 55.5731 568
77.776 55.5731 568
76.8077 55.5731 568
75.8394 55.5731 568
74.8711 55.5731 568
73.9028 55.5731 568
72.9345 55.5731 568
71.9662 55.5731 568
70.9979 55.5731 568
69.9063 55.4752 567
68.9397 55.4752 567
67.9731 55.4752 567
67.0066 55.4752 567
65.9235 55.3774 566
64.9586 55.3774 566
63.8806 55.2795 565
62.9175 55.2795 565
61.9543 55.2795 565
60.9911 55.2795 565
-5.44131 46.7675 478
-6.25618 46.7675 478
-7.10063 46.9632 480
-7.91891 46.9632 480
-8.73719 46.9632 480
-9.55547 46.9632 480
-10.3737 46.9632 480
1313.26 391.168 4069
1306.32 391.168 4069
1299.38 391.168 4069
1289.27 390.207 4059
1282.35 390.207 4059
1275.43 390.207 4059
1268.51 390.207 4059
1261.59 390.207 4059
1254.67 390.207 4059
1247.75 390.207 4059
1240.83 390.207 4059
1233.92 390.207 4059
1227 390.207 4059
1220.08 390.207 4059
1213.16 390.207 4059
1206.24 390.207 4059
1199.32 390.207 4059
1192.4 390.207 4059
1185.48 390.207 4059
1175.65 389.246 4049
1165.87 388.284 4039
1158.98 388.284 4039
1154.95 389.246 4049
1148.04 389.246 4049
1143.96 390.207 4059
1142.64 392.13 4079
1135.69 392.13 4079
1128.74 392.13 4079
1121.78 392.13 4079
1114.83 392.13 4079
1107.88 392.13 4079
1098.22 391.168 4069
1088.6 390.207 4059
1081.68 390.207 4059
1077.41 391.168 4069
1070.48 391.168 4069
1063.54 391.168 4069
1054.01 390.207 4059
1047.09 390.207 4059
1040.17 390.207 4059
1025.87 387.419 4030
1016.47 386.458 4020
1009.61 386.458 4020
1002.76 386.458 4020
991.2 384.631 4001
984.38 384.631 4001
977.559 384.631 4001
102.822 54.0272 562
101.864 54.0272 562
100.906 54.0272 562
99.9481 54.0272 562
99.1661 54.1233 563
98.2064 54.1233 563
97.2466 54.1233 563
96.2868 54.1233 563
95.4964 54.2195 564
94.5349 54.2195 564
93.5734 54.2195 564
92.6119 54.2195 564
91.6504 54.2195 564
90.689 54.2195 564
89.7275 54.2195 564
88.9234 54.3156 565
87.9602 54.3156 565
86.997 54.3156 565
86.0338 54.3156 565
85.0707 54.3156 565
84.1075 54.3156 565
83.1443 54.3156 565
82.3266 54.4117 566
81.5054 54.5079 567
80.5388 54.5079 567
79.5723 54.5079 567
78.6057 54.5079 567
77.6391 54.5079 567
76.8077 54.604 568
75.8394 54.604 568
74.8711 54.604 568
73.9028 54.604 568
72.9345 54.604 568
71.9662 54.604 568
70.9979 54.604 568
69.9063 54.5079 567
68.9397 54.5079 567
67.9731 54.5079 567
67.0066 54.5079 567
65.9235 54.4117 566
64.9586 54.4117 566
63.8806 54.3156 565
62.9175 54.3156 565
-5.44131 45.952 478
-6.25618 45.952 478
-7.10063 46.1442 480
-7.91891 46.1442 480
-8.73719 46.1442 480
-9.55547 46.1442 480
-10.3305 45.952 478
1330.39 385.171 4079
1323.44 385.171 4079
1316.49 385.171 4079
1306.32 384.226 4069
1299.38 384.226 4069
1289.27 383.282 4059
1282.35 383.282 4059
1275.43 383.282 4059
1268.51 383.282 4059
1261.59 383.282 4059
1254.67 383.282 4059
1247.75 383.282 4059
1240.83 383.282 4059
1233.92 383.282 4059
1227 383.282 4059
1220.08 383.282 4059
1213.16 383.282 4059
1206.24 383.282 4059
1199.32 383.282 4059
1192.4 383.282 4059
1185.48 383.282 4059
1175.65 382.338 4049
1165.87 381.393 4039
1158.98 381.393 4039
1152.09 381.393 4039
1145.21 381.393 4039
1141.14 382.338 4049
1139.84 384.226 4069
1135.69 385.171 4079
1128.74 385.171 4079
1121.78 385.171 4079
1112.1 384.226 4069
1105.16 384.226 4069
1098.22 384.226 4069
1088.6 383.282 4059
1081.68 383.282 4059
1077.41 384.226 4069
1070.48 384.226 4069
1063.54 384.226 4069
1054.01 383.282 4059
1047.09 383.282 4059
1037.6 382.338 4049
1025.87 380.544 4030
1016.47 379.599 4020
1009.61 379.599 4020
1002.76 379.599 4020
991.2 377.805 4001
102.639 52.9739 561
101.683 52.9739 561
100.906 53.0684 562
99.9481 53.0684 562
98.99 53.0684 562
98.0319 53.0684 562
97.0739 53.0684 562
96.1158 53.0684 562
95.327 53.1628 563
94.3673 53.1628 563
93.4075 53.1628 563
92.4477 53.1628 563
91.6504 53.2572 564
90.689 53.2572 564
89.7275 53.2572 564
88.766 53.2572 564
87.9602 53.3516 565
86.997 53.3516 565
86.0338 53.3516 565
85.0707 53.3516 565
84.1075 53.3516 565
83.1443 53.3516 565
82.3266 53.4461 566
81.3617 53.4461 566
80.5388 53.5405 567
79.5723 53.5405 567
78.6057 53.5405 567
77.6391 53.5405 567
76.6725 53.5405 567
75.7059 53.5405 567
74.7393 53.5405 567
73.9028 53.6349 568
72.9345 53.6349 568
71.9662 53.6349 568
70.8729 53.5405 567
69.9063 53.5405 567
68.9397 53.5405 567
67.9731 53.5405 567
67.0066 53.5405 567
65.9235 53.4461 566
64.9586 53.4461 566
63.8806 53.3516 565
1330.39 378.211 4079
1323.44 378.211 4079
1316.49 378.211 4079
1303.11 376.357 4059
1296.19 376.357 4059
1282.92 374.503 4039
1276.03 374.503 4039
1269.15 374.503 4039
1262.26 374.503 4039
1255.38 374.503 4039
1248.49 374.503 4039
1241.61 374.503 4039
1237.78 375.43 4049
1230.88 375.43 4049
1223.97 375.43 4049
1214.06 374.503 4039
1207.18 374.503 4039
1200.29 374.503 4039
1196.36 375.43 4049
1189.46 375.43 4049
1182.56 375.43 4049
1170.14 373.668 4030
1165.87 374.503 4039
1158.98 374.503 4039
1152.09 374.503 4039
1145.21 374.503 4039
1141.14 375.43 4049
1139.84 377.284 4069
1132.91 377.284 4069
1125.97 377.284 4069
1119.03 377.284 4069
1112.1 377.284 4069
1105.16 377.284 4069
1095.52 376.357 4059
1088.6 376.357 4059
1081.68 376.357 4059
1074.76 376.357 4059
1067.85 376.357 4059
1060.93 376.357 4059
1054.01 376.357 4059
1047.09 376.357 4059
1035.04 374.503 4039
1020.77 371.814 4010
1009.13 370.052 3991
1002.33 370.052 3991
993.282 369.217 3982
102.857 51.6459 557
102.639 52.0168 561
101.683 52.0168 561
100.906 52.1095 562
99.9481 52.1095 562
98.99 52.1095 562
98.0319 52.1095 562
97.0739 52.1095 562
96.1158 52.1095 562
95.327 52.2023 563
94.3673 52.2023 563
93.4075 52.2023 563
92.4477 52.2023 563
91.6504 52.295 564
90.689 52.295 564
89.7275 52.295 564
88.766 52.295 564
87.9602 52.3877 565
86.997 52.3877 565
86.0338 52.3877 565
85.0707 52.3877 565
84.1075 52.3877 565
83.1443 52.3877 565
82.1811 52.3877 565
81.2179 52.3877 565
80.3968 52.4804 566
79.4319 52.4804 566
78.467 52.4804 566
77.6391 52.5731 567
76.6725 52.5731 567
75.7059 52.5731 567
74.7393 52.5731 567
73.7727 52.5731 567
72.8061 52.5731 567
71.8395 52.5731 567
70.8729 52.5731 567
69.9063 52.5731 567
68.9397 52.5731 567
67.9731 52.5731 567
66.8884 52.4804 566
65.807 52.3877 565
64.8438 52.3877 565
1340.62 372.162 4089
1333.65 372.162 4089
1326.68 372.162 4089
1316.49 371.252 4079
1303.11 369.432 4059
1296.19 369.432 4059
1282.92 367.612 4039
1276.03 367.612 4039
1269.15 367.612 4039
1262.26 367.612 4039
1255.38 367.612 4039
1248.49 367.612 4039
1241.61 367.612 4039
1237.78 368.522 4049
1230.88 368.522 4049
1223.97 368.522 4049
1214.06 367.612 4039
1207.18 367.612 4039
1200.29 367.612 4039
1196.36 368.522 4049
1189.46 368.522 4049
1182.56 368.522 4049
1170.14 366.792 4030
1160.38 365.882 4020
1156.4 366.792 4030
1152.09 367.612 4039
1145.21 367.612 4039
1141.14 368.522 4049
1137.04 369.432 4059
1132.91 370.342 4069
1125.97 370.342 4069
1119.03 370.342 4069
1109.36 369.432 4059
1102.44 369.432 4059
1095.52 369.432 4059
1083.24 367.612 4039
1076.35 367.612 4039
1074.76 369.432 4059
1067.85 369.432 4059
1060.93 369.432 4059
1051.41 368.522 4049
1044.51 368.522 4049
1032.74 366.792 4030
1015.94 363.243 3991
1006.86 362.424 3982
1000.07 362.424 3982
981.558 358.146 3935
102.857 50.6956 557
102.456 50.9687 560
101.502 50.9687 560
100.547 50.9687 560
99.5924 50.9687 560
98.8138 51.0597 561
97.8575 51.0597 561
96.9011 51.0597 561
95.9448 51.0597 561
95.1577 51.1507 562
94.1996 51.1507 562
93.2416 51.1507 562
92.2835 51.1507 562
91.4879 51.2417 563
90.5282 51.2417 563
89.5684 51.2417 563
88.766 51.3327 564
87.8045 51.3327 564
86.8431 51.3327 564
85.8816 51.3327 564
84.9201 51.3327 564
83.9586 51.3327 564
82.9971 51.3327 564
82.1811 51.4238 565
81.2179 51.4238 565
80.3968 51.5148 566
79.4319 51.5148 566
78.467 51.5148 566
77.6391 51.6058 567
76.6725 51.6058 567
75.7059 51.6058 567
74.7393 51.6058 567
73.7727 51.6058 567
72.8061 51.6058 567
71.8395 51.6058 567
70.8729 51.6058 567
69.9063 51.6058 567
68.9397 51.6058 567
67.9731 51.6058 567
66.8884 51.5148 566
65.807 51.4238 565
64.8438 51.4238 565
1340.62 365.186 4089
1333.65 365.186 4089
1326.68 365.186 4089
1316.49 364.293 4079
1293.8 359.917 4030
1286.93 359.917 4030
1280.06 359.917 4030
1273.19 359.917 4030
1266.32 359.917 4030
1259.45 359.917 4030
1252.58 359.917 4030
1245.71 359.917 4030
1238.84 359.917 4030
1231.97 359.917 4030
1225.1 359.917 4030
1218.23 359.917 4030
1211.36 359.917 4030
1204.49 359.917 4030
1197.62 359.917 4030
1190.75 359.917 4030
1183.88 359.917 4030
1177.01 359.917 4030
1167.23 359.024 4020
1160.38 359.024 4020
1156.4 359.917 4030
1152.09 360.721 4039
1145.21 360.721 4039
1141.14 361.614 4049
1137.04 362.507 4059
1132.91 363.4 4069
1125.97 363.4 4069
1119.03 363.4 4069
1109.36 362.507 4059
1102.44 362.507 4059
1095.52 362.507 4059
1083.24 360.721 4039
1076.35 360.721 4039
1074.76 362.507 4059
1067.85 362.507 4059
1060.93 362.507 4059
1051.41 361.614 4049
1044.51 361.614 4049
1032.74 359.917 4030
1015.94 356.434 3991
1006.86 355.63 3982
1000.07 355.63 3982
981.558 351.432 3935
102.857 49.7453 557
101.907 49.7453 557
101.139 49.8346 558
100.188 49.8346 558
99.2367 49.8346 558
98.4616 49.9239 559
97.5086 49.9239 559
96.5557 49.9239 559
95.6027 49.9239 559
94.8191 50.0133 560
93.8644 50.0133 560
93.0757 50.1026 561
92.2835 50.1919 562
91.3254 50.1919 562
90.3674 50.1919 562
89.4093 50.1919 562
88.6086 50.2812 563
87.6488 50.2812 563
86.6891 50.2812 563
85.7293 50.2812 563
84.7695 50.2812 563
83.9586 50.3705 564
82.9971 50.3705 564
82.0357 50.3705 564
81.2179 50.4598 565
80.2548 50.4598 565
79.2916 50.4598 565
78.3284 50.4598 565
77.3652 50.4598 565
76.402 50.4598 565
75.4388 50.4598 565
74.4757 50.4598 565
73.5125 50.4598 565
72.5493 50.4598 565
71.5861 50.4598 565
70.6229 50.4598 565
69.6597 50.4598 565
68.6966 50.4598 565
67.7334 50.4598 565
66.7702 50.4598 565
65.6905 50.3705 564
64.7291 50.3705 564
1340.62 358.21 4089
1333.65 358.21 4089
1326.68 358.21 4089
1316.49 357.334 4079
1293.8 353.041 4030
1286.93 353.041 4030
1280.06 353.041 4030
1273.19 353.041 4030
1266.32 353.041 4030
1259.45 353.041 4030
1252.58 353.041 4030
1245.71 353.041 4030
1238.84 353.041 4030
1231.97 353.041 4030
1222.06 352.165 4020
1215.21 352.165 4020
1205.35 351.289 4010
1201.5 352.165 4020
1194.65 352.165 4020
1187.79 352.165 4020
1180.94 352.165 4020
1174.09 352.165 4020
1164.33 351.289 4010
1157.49 351.289 4010
1153.53 352.165 4020
1149.53 353.041 4030
1142.66 353.041 4030
1141.14 354.706 4049
1137.04 355.582 4059
1130.12 355.582 4059
1123.2 355.582 4059
1116.28 355.582 4059
1106.63 354.706 4049
1099.73 354.706 4049
1090.13 353.83 4039
1080.83 353.041 4030
1073.96 353.041 4030
1067.09 353.041 4030
1060.22 353.041 4030
1053.35 353.041 4030
1046.48 353.041 4030
1039.61 353.041 4030
1022.74 349.625 3991
1011.1 347.96 3972
992.446 343.843 3925
985.755 343.843 3925
974.573 342.266 3907
104.568 48.7074 556
103.62 48.7074 556
102.857 48.795 557
101.907 48.795 557
100.958 48.795 557
100.008 48.795 557
99.0588 48.795 557
98.1093 48.795 557
97.1597 48.795 557
96.2102 48.795 557
95.6027 48.9702 559
94.6497 48.9702 559
93.6968 48.9702 559
92.9098 49.0578 560
92.1193 49.1454 561
91.1629 49.1454 561
90.2066 49.1454 561
89.4093 49.233 562
88.4512 49.233 562
87.6488 49.3206 563
86.6891 49.3206 563
85.7293 49.3206 563
84.7695 49.3206 563
83.8098 49.3206 563
82.85 49.3206 563
82.0357 49.4082 564
81.0742 49.4082 564
80.2548 49.4959 565
79.2916 49.4959 565
78.3284 49.4959 565
77.3652 49.4959 565
76.402 49.4959 565
75.4388 49.4959 565
74.4757 49.4959 565
73.5125 49.4959 565
72.5493 49.4959 565
71.5861 49.4959 565
70.6229 49.4959 565
69.6597 49.4959 565
68.6966 49.4959 565
67.6135 49.4082 564
66.5338 49.3206 563
65.5741 49.3206 563
64.6143 49.3206 563
1340.62 351.234 4089
1333.65 351.234 4089
1326.68 351.234 4089
1316.49 350.375 4079
1293.8 346.166 4030
1286.93 346.166 4030
1280.06 346.166 4030
1273.19 346.166 4030
1266.32 346.166 4030
1259.45 346.166 4030
1252.58 346.166 4030
1245.71 346.166 4030
1238.84 346.166 4030
1231.97 346.166 4030
1222.06 345.307 4020
1215.21 345.307 4020
1205.35 344.448 4010
1198.51 344.448 4010
1189 343.675 4001
1182.18 343.675 4001
1175.36 343.675 4001
1168.54 343.675 4001
1161.72 343.675 4001
1154.9 343.675 4001
1150.66 344.448 4010
1146.68 345.307 4020
1139.82 345.307 4020
1138.32 346.939 4039
1134.24 347.798 4049
1127.34 347.798 4049
1120.43 347.798 4049
1113.53 347.798 4049
1101.44 346.166 4030
1094.57 346.166 4030
1085 345.307 4020
1078.14 345.307 4020
1066.23 343.675 4001
1064.44 345.307 4020
1057.59 345.307 4020
1050.73 345.307 4020
1043.88 345.307 4020
1037.03 345.307 4020
1017.87 341.184 3972
999.137 337.146 3925
983.343 334.054 3889
976.713 334.054 3889
963.349 331.735 3862
104.947 47.5011 553
104.568 47.7588 556
103.62 47.7588 556
102.857 47.8447 557
101.907 47.8447 557
100.958 47.8447 557
100.008 47.8447 557
99.0588 47.8447 557
98.1093 47.8447 557
97.1597 47.8447 557
96.2102 47.8447 557
95.6027 48.0165 559
94.6497 48.0165 559
93.6968 48.0165 559
92.9098 48.1024 560
92.1193 48.1883 561
91.1629 48.1883 561
90.2066 48.1883 561
89.4093 48.2742 562
88.4512 48.2742 562
87.6488 48.3601 563
86.6891 48.3601 563
85.7293 48.3601 563
84.7695 48.3601 563
83.8098 48.3601 563
82.85 48.3601 563
82.0357 48.446 564
81.0742 48.446 564
80.1127 48.446 564
79.1512 48.446 564
78.1898 48.446 564
77.2283 48.446 564
76.2668 48.446 564
75.3053 48.446 564
74.3438 48.446 564
73.3824 48.446 564
72.4209 48.446 564
71.4594 48.446 564
70.4979 48.446 564
69.4132 48.3601 563
68.4534 48.3601 563
67.4936 48.3601 563
66.5338 48.3601 563
65.4576 48.2742 562
64.4995 48.2742 562
1340.62 344.257 4089
1333.65 344.257 4089
1326.68 344.257 4089
1316.49 343.415 4079
1293.8 339.29 4030
1286.93 339.29 4030
1280.06 339.29 4030
1273.19 339.29 4030
1266.32 339.29 4030
1259.45 339.29 4030
1252.58 339.29 4030
1245.71 339.29 4030
1238.84 339.29 4030
1231.97 339.29 4030
1222.06 338.448 4020
1215.21 338.448 4020
1205.35 337.606 4010
1198.51 337.606 4010
1189 336.848 4001
1182.18 336.848 4001
1175.36 336.848 4001
1168.54 336.848 4001
1161.72 336.848 4001
1152.01 336.007 3991
1148.08 336.848 4001
1146.68 338.448 4020
1139.82 338.448 4020
1138.32 340.048 4039
1131.44 340.048 4039
1124.55 340.048 4039
1117.67 340.048 4039
1110.78 340.048 4039
1098.7 338.448 4020
1091.85 338.448 4020
1085 338.448 4020
1073.05 336.848 4001
1063.56 336.007 3991
1064.44 338.448 4020
1057.59 338.448 4020
1050.73 338.448 4020
1043.88 338.448 4020
1037.03 338.448 4020
1017.87 334.407 3972
999.137 330.45 3925
983.343 327.419 3889
976.713 327.419 3889
958.859 323.63 3844
104.947 46.5577 553
104.568 46.8102 556
103.62 46.8102 556
102.672 46.8102 556
101.725 46.8102 556
100.777 46.8102 556
99.8288 46.8102 556
98.881 46.8102 556
97.9332 46.8102 556
96.9853 46.8102 556
96.0375 46.8102 556
95.2607 46.8944 557
94.4804 46.9786 558
93.5292 46.9786 558
92.7438 47.0628 559
91.9551 47.147 560
91.1629 47.2312 561
90.2066 47.2312 561
89.2502 47.2312 561
88.4512 47.3154 562
87.4932 47.3154 562
86.5351 47.3154 562
85.577 47.3154 562
84.619 47.3154 562
83.6609 47.3154 562
82.7028 47.3154 562
81.7448 47.3154 562
80.9304 47.3996 563
80.1127 47.4838 564
79.1512 47.4838 564
78.1898 47.4838 564
77.2283 47.4838 564
76.2668 47.4838 564
75.3053 47.4838 564
74.3438 47.4838 564
73.3824 47.4838 564
72.4209 47.4838 564
71.4594 47.4838 564
70.4979 47.4838 564
69.4132 47.3996 563
68.4534 47.3996 563
67.4936 47.3996 563
66.5338 47.3996 563
65.4576 47.3154 562
64.4995 47.3154 562
1340.62 337.281 4089
1333.65 337.281 4089
1326.68 337.281 4089
1316.49 336.456 4079
1293.8 332.414 4030
1286.93 332.414 4030
1276.88 331.59 4020
1270.03 331.59 4020
1266.32 332.414 4030
1259.45 332.414 4030
1252.58 332.414 4030
1245.71 332.414 4030
1238.84 332.414 4030
1231.97 332.414 4030
1222.06 331.59 4020
1215.21 331.59 4020
1202.64 330.022 4001
1195.82 330.022 4001
1186.03 329.198 3991
1179.23 329.198 3991
1172.42 329.198 3991
1165.62 329.198 3991
1158.81 329.198 3991
1152.01 329.198 3991
1148.08 330.022 4001
1146.68 331.59 4020
1139.82 331.59 4020
1138.32 333.157 4039
1131.44 333.157 4039
1124.55 333.157 4039
1117.67 333.157 4039
1110.78 333.157 4039
1098.7 331.59 4020
1091.85 331.59 4020
1085 331.59 4020
1073.05 330.022 4001
1063.56 329.198 3991
1064.44 331.59 4020
1057.59 331.59 4020
1050.73 331.59 4020
1043.88 331.59 4020
1037.03 331.59 4020
1017.87 327.63 3972
999.137 323.754 3925
983.343 320.784 3889
976.713 320.784 3889
958.859 317.072 3844
104.947 45.6142 553
104.38 45.7792 555
103.434 45.7792 555
102.488 45.7792 555
101.725 45.8616 556
100.777 45.8616 556
99.8288 45.8616 556
98.881 45.8616 556
97.9332 45.8616 556
96.9853 45.8616 556
95.8647 45.7792 555
95.0896 45.8616 556
94.1418 45.8616 556
93.3616 45.9441 557
92.412 45.9441 557
91.6267 46.0266 558
90.8379 46.1091 559
89.885 46.1091 559
88.932 46.1091 559
88.2938 46.2741 561
87.3375 46.2741 561
86.3811 46.2741 561
85.4248 46.2741 561
84.4684 46.2741 561
83.512 46.2741 561
82.5557 46.2741 561
81.5993 46.2741 561
80.7867 46.3566 562
79.8286 46.3566 562
78.8706 46.3566 562
77.9125 46.3566 562
76.9544 46.3566 562
75.9964 46.3566 562
75.0383 46.3566 562
74.0802 46.3566 562
73.1221 46.3566 562
72.1641 46.3566 562
71.206 46.3566 562
70.3729 46.439 563
69.4132 46.439 563
68.4534 46.439 563
67.4936 46.439 563
1340.62 330.305 4089
1333.65 330.305 4089
1326.68 330.305 4089
1316.49 329.497 4079
1293.8 325.539 4030
1286.93 325.539 4030
1276.88 324.731 4020
1273.19 325.539 4030
1269.15 326.266 4039
1262.26 326.266 4039
1255.38 326.266 4039
1248.49 326.266 4039
1238.84 325.539 4030
1231.97 325.539 4030
1225.1 325.539 4030
1215.21 324.731 4020
1205.35 323.923 4010
1198.51 323.923 4010
1189 323.196 4001
1176.57 321.661 3982
1169.78 321.661 3982
1162.99 321.661 3982
1156.2 321.661 3982
1149.41 321.661 3982
1145.21 322.388 3991
1141.26 323.196 4001
1134.44 323.196 4001
1135.79 325.539 4030
1128.92 325.539 4030
1122.05 325.539 4030
1115.18 325.539 4030
1105.56 324.731 4020
1093.51 323.196 4001
1086.69 323.196 4001
1079.87 323.196 4001
1070.37 322.388 3991
1061.16 321.661 3982
1056.76 322.388 3991
1049.96 322.388 3991
1043.15 322.388 3991
1036.35 322.388 3991
1029.54 322.388 3991
1017.87 320.854 3972
989.973 314.149 3889
971.965 310.514 3844
965.412 310.514 3844
105.698 44.5899 552
104.947 44.6707 553
104.192 44.7515 554
103.247 44.7515 554
102.303 44.7515 554
101.542 44.8323 555
100.595 44.8323 555
99.6493 44.8323 555
98.7031 44.8323 555
97.757 44.8323 555
96.8109 44.8323 555
95.8647 44.8323 555
94.9186 44.8323 555
93.9725 44.8323 555
93.0263 44.8323 555
92.0802 44.8323 555
91.2983 44.913 556
90.3504 44.913 556
89.4026 44.913 556
88.6138 44.9938 557
87.9791 45.1554 559
87.0261 45.1554 559
86.0732 45.1554 559
85.1202 45.1554 559
84.1673 45.1554 559
83.2143 45.1554 559
82.2614 45.1554 559
81.3084 45.1554 559
80.4992 45.2362 560
79.5445 45.2362 560
78.5899 45.2362 560
77.7738 45.3169 561
76.8175 45.3169 561
75.8611 45.3169 561
74.9048 45.3169 561
73.9484 45.3169 561
72.992 45.3169 561
72.0357 45.3169 561
71.0793 45.3169 561
69.8729 45.1554 559
68.5501 44.913 556
67.6023 44.913 556
1340.62 323.329 4089
1333.65 323.329 4089
1326.68 323.329 4089
1316.49 322.538 4079
1293.8 318.663 4030
1286.93 318.663 4030
1276.88 317.872 4020
1273.19 318.663 4030
1269.15 319.375 4039
1262.26 319.375 4039
1255.38 319.375 4039
1248.49 319.375 4039
1241.61 319.375 4039
1234.72 319.375 4039
1225.1 318.663 4030
1218.23 318.663 4030
1205.35 317.082 4010
1198.51 317.082 4010
1189 316.37 4001
1176.57 314.868 3982
1169.78 314.868 3982
1162.99 314.868 3982
1156.2 314.868 3982
1149.41 314.868 3982
1145.21 315.579 3991
1141.26 316.37 4001
1134.44 316.37 4001
1135.79 318.663 4030
1128.92 318.663 4030
1122.05 318.663 4030
1115.18 318.663 4030
1105.56 317.872 4020
1090.78 315.579 3991
1083.97 315.579 3991
1077.17 315.579 3991
1062.86 313.365 3963
1056.1 313.365 3963
1056.76 315.579 3991
1049.96 315.579 3991
1043.15 315.579 3991
1036.35 315.579 3991
1029.54 315.579 3991
1022.74 315.579 3991
989.973 307.514 3889
965.391 301.9 3818
958.882 301.9 3818
105.698 43.6482 552
104.947 43.7272 553
104.192 43.8063 554
103.247 43.8063 554
102.303 43.8063 554
101.542 43.8854 555
100.595 43.8854 555
99.6493 43.8854 555
98.7031 43.8854 555
97.757 43.8854 555
96.8109 43.8854 555
95.8647 43.8854 555
94.9186 43.8854 555
93.9725 43.8854 555
93.0263 43.8854 555
92.0802 43.8854 555
91.2983 43.9645 556
90.3504 43.9645 556
89.4026 43.9645 556
88.6138 44.0435 557
87.9791 44.2017 559
87.0261 44.2017 559
86.0732 44.2017 559
85.1202 44.2017 559
84.1673 44.2017 559
83.2143 44.2017 559
82.2614 44.2017 559
81.3084 44.2017 559
80.3554 44.2017 559
79.4025 44.2017 559
78.4495 44.2017 559
77.4966 44.2017 559
76.5436 44.2017 559
75.5907 44.2017 559
74.6377 44.2017 559
73.6848 44.2017 559
72.7318 44.2017 559
71.7789 44.2017 559
70.8259 44.2017 559
69.498 43.9645 556
68.3035 43.8063 554
66.9943 43.5691 551
66.055 43.5691 551
1340.62 316.352 4089
1333.65 316.352 4089
1326.68 316.352 4089
1316.49 315.579 4079
1293.8 311.788 4030
1286.93 311.788 4030
1276.88 311.014 4020
1273.19 311.788 4030
1269.15 312.484 4039
1262.26 312.484 4039
1255.38 312.484 4039
1248.49 312.484 4039
1241.61 312.484 4039
1234.72 312.484 4039
1227.84 312.484 4039
1218.23 311.788 4030
1208.35 311.014 4020
1201.5 311.014 4020
1191.68 310.24 4010
1176.57 308.074 3982
1169.78 308.074 3982
1162.99 308.074 3982
1156.2 308.074 3982
1152.01 308.77 3991
1148.08 309.544 4001
1141.26 309.544 4001
1134.44 309.544 4001
1135.79 311.788 4030
1128.92 311.788 4030
1122.05 311.788 4030
1115.18 311.788 4030
1108.31 311.788 4030
1090.78 308.77 3991
1083.97 308.77 3991
1077.17 308.77 3991
1065.27 307.3 3972
1058.5 307.3 3972
1059.41 309.544 4001
1052.59 309.544 4001
1048.12 310.24 4010
1041.28 310.24 4010
1034.45 310.24 4010
1022.74 308.77 3991
107.775 42.7838 553
106.832 42.7838 553
105.889 42.7838 553
104.757 42.7064 552
104.004 42.7838 553
103.061 42.7838 553
102.303 42.8611 554
101.359 42.8611 554
100.414 42.8611 554
99.4697 42.8611 554
98.5253 42.8611 554
97.5809 42.8611 554
96.6364 42.8611 554
95.692 42.8611 554
94.7476 42.8611 554
93.8032 42.8611 554
92.8587 42.8611 554
91.9143 42.8611 554
91.1341 42.9385 555
90.1879 42.9385 555
89.2418 42.9385 555
88.2957 42.9385 555
87.6643 43.0932 557
86.7148 43.0932 557
85.7652 43.0932 557
84.8157 43.0932 557
83.8661 43.0932 557
82.9166 43.0932 557
81.967 43.0932 557
81.1629 43.1706 558
80.2117 43.1706 558
79.4025 43.248 559
78.4495 43.248 559
77.4966 43.248 559
76.5436 43.248 559
75.5907 43.248 559
74.6377 43.248 559
73.6848 43.248 559
72.7318 43.248 559
71.7789 43.248 559
70.8259 43.248 559
69.498 43.0159 556
68.3035 42.8611 554
66.9943 42.629 551
66.055 42.629 551
64.5248 42.2422 546
63.4776 42.1648 545
45.2227 39.2249 507
44.3584 39.2249 507
43.4941 39.2249 507
42.6298 39.2249 507
41.7655 39.2249 507
40.9012 39.2249 507
1340.62 309.376 4089
1333.65 309.376 4089
1326.68 309.376 4089
1310.03 307.106 4059
1290.59 304.155 4020
1283.74 304.155 4020
1276.88 304.155 4020
1273.19 304.912 4030
1269.15 305.593 4039
1262.26 305.593 4039
1255.38 305.593 4039
1248.49 305.593 4039
1241.61 305.593 4039
1234.72 305.593 4039
1227.84 305.593 4039
1218.23 304.912 4030
1208.35 304.155 4020
1201.5 304.155 4020
1191.68 303.399 4010
1176.57 301.28 3982
1169.78 301.28 3982
1162.99 301.28 3982
1156.2 301.28 3982
1152.01 301.961 3991
1148.08 302.718 4001
1141.26 302.718 4001
1134.44 302.718 4001
1135.79 304.912 4030
1128.92 304.912 4030
1122.05 304.912 4030
1115.18 304.912 4030
1108.31 304.912 4030
1090.78 301.961 3991
1083.97 301.961 3991
1077.17 301.961 3991
1065.27 300.524 3972
1058.5 300.524 3972
1059.41 302.718 4001
1052.59 302.718 4001
1048.12 303.399 4010
1041.28 303.399 4010
1034.45 303.399 4010
1022.74 301.961 3991
108.717 41.8403 553
107.775 41.8403 553
106.832 41.8403 553
105.889 41.8403 553
104.757 41.7646 552
103.816 41.7646 552
102.875 41.7646 552
101.934 41.7646 552
101.176 41.8403 553
100.233 41.8403 553
99.2902 41.8403 553
98.3475 41.8403 553
97.4047 41.8403 553
96.462 41.8403 553
95.5193 41.8403 553
94.5766 41.8403 553
93.6338 41.8403 553
92.8587 41.9159 554
91.9143 41.9159 554
90.9699 41.9159 554
90.0254 41.9159 554
89.081 41.9159 554
88.1366 41.9159 554
87.3495 41.9916 555
86.4034 41.9916 555
85.4573 41.9916 555
84.5111 41.9916 555
83.565 41.9916 555
82.6189 41.9916 555
81.6727 41.9916 555
80.872 42.0673 556
79.9242 42.0673 556
78.9764 42.0673 556
78.0285 42.0673 556
77.0807 42.0673 556
76.1328 42.0673 556
75.185 42.0673 556
74.2372 42.0673 556
73.2893 42.0673 556
72.2114 41.9916 555
71.2652 41.9916 555
70.3191 41.9916 555
69.248 41.9159 554
68.057 41.7646 552
66.9943 41.689 551
66.055 41.689 551
64.5248 41.3107 546
63.4776 41.235 545
45.9961 38.2842 506
45.2227 38.3599 507
44.3584 38.3599 507
43.4941 38.3599 507
42.6298 38.3599 507
41.7655 38.3599 507
40.9012 38.3599 507
1337.35 301.66 4079
1330.39 301.66 4079
1323.44 301.66 4079
1310.03 300.181 4059
1293.8 298.036 4030
1286.93 298.036 4030
1273.71 296.557 4010
1270.03 297.297 4020
1269.15 298.702 4039
1262.26 298.702 4039
1255.38 298.702 4039
1248.49 298.702 4039
1241.61 298.702 4039
1234.72 298.702 4039
1227.84 298.702 4039
1220.95 298.702 4039
1208.35 297.297 4020
1201.5 297.297 4020
1191.68 296.557 4010
1176.57 294.487 3982
1166.84 293.747 3972
1162.99 294.487 3982
1156.2 294.487 3982
1152.01 295.152 3991
1148.08 295.892 4001
1141.26 295.892 4001
1134.44 295.892 4001
1135.79 298.036 4030
1128.92 298.036 4030
1122.05 298.036 4030
1115.18 298.036 4030
1108.31 298.036 4030
1088.32 294.487 3982
1081.53 294.487 3982
1074.74 294.487 3982
1065.27 293.747 3972
1058.5 293.747 3972
1059.41 295.892 4001
1052.59 295.892 4001
1048.12 296.557 4010
1041.28 296.557 4010
1034.45 296.557 4010
109.66 40.8968 553
108.717 40.8968 553
107.775 40.8968 553
106.832 40.8968 553
105.889 40.8968 553
104.757 40.8229 552
103.816 40.8229 552
102.875 40.8229 552
101.934 40.8229 552
100.993 40.8229 552
100.052 40.8229 552
99.1106 40.8229 552
98.1696 40.8229 552
97.2286 40.8229 552
96.2876 40.8229 552
95.3466 40.8229 552
94.4055 40.8229 552
93.4645 40.8229 552
92.6911 40.8968 553
91.7484 40.8968 553
90.8057 40.8968 553
90.0254 40.9708 554
89.081 40.9708 554
88.1366 40.9708 554
87.1921 40.9708 554
86.2477 40.9708 554
85.3033 40.9708 554
84.3588 40.9708 554
83.4144 40.9708 554
82.47 40.9708 554
81.5256 40.9708 554
80.7266 41.0447 555
79.7804 41.0447 555
78.8343 41.0447 555
77.8882 41.0447 555
77.0807 41.1187 556
76.1328 41.1187 556
75.185 41.1187 556
74.1036 41.0447 555
73.1575 41.0447 555
72.0813 40.9708 554
71.1368 40.9708 554
70.0657 40.8968 553
68.998 40.8229 552
67.9337 40.7489 551
66.7512 40.601 549
65.8153 40.601 549
64.5248 40.3791 546
63.4776 40.3052 545
45.9961 37.421 506
45.2227 37.4949 507
44.3584 37.4949 507
43.4941 37.4949 507
42.6298 37.4949 507
41.7655 37.4949 507
40.9012 37.4949 507
1337.35 294.701 4079
1330.39 294.701 4079
1323.44 294.701 4079
1313.26 293.979 4069
1293.8 291.161 4030
1286.93 291.161 4030
1273.71 289.716 4010
1273.19 291.161 4030
1269.15 291.811 4039
1265.39 292.534 4049
1258.49 292.534 4049
1254.67 293.256 4059
1247.75 293.256 4059
1240.83 293.256 4059
1230.88 292.534 4049
1220.95 291.811 4039
1208.35 290.438 4020
1201.5 290.438 4020
1189 289.066 4001
1176.57 287.693 3982
1166.84 286.97 3972
1160.07 286.97 3972
1150.68 286.32 3963
1149.41 287.693 3982
1145.21 288.343 3991
1138.4 288.343 3991
1131.6 288.343 3991
1135.79 291.161 4030
1128.92 291.161 4030
1122.05 291.161 4030
1115.18 291.161 4030
1105.56 290.438 4020
1085.58 286.97 3972
1078.81 286.97 3972
1072.04 286.97 3972
1057.76 284.947 3944
1058.5 286.97 3972
1059.41 289.066 4001
1052.59 289.066 4001
1048.12 289.716 4010
1041.28 289.716 4010
1034.45 289.716 4010
109.66 39.9533 553
108.717 39.9533 553
107.775 39.9533 553
106.832 39.9533 553
105.889 39.9533 553
104.757 39.8811 552
103.816 39.8811 552
102.875 39.8811 552
101.934 39.8811 552
100.993 39.8811 552
100.052 39.8811 552
99.1106 39.8811 552
98.1696 39.8811 552
97.2286 39.8811 552
96.2876 39.8811 552
95.3466 39.8811 552
94.4055 39.8811 552
93.4645 39.8811 552
92.6911 39.9533 553
91.7484 39.9533 553
90.8057 39.9533 553
90.0254 40.0256 554
89.081 40.0256 554
88.1366 40.0256 554
87.1921 40.0256 554
86.2477 40.0256 554
85.3033 40.0256 554
84.3588 40.0256 554
83.4144 40.0256 554
82.47 40.0256 554
81.5256 40.0256 554
80.7266 40.0978 555
79.7804 40.0978 555
78.8343 40.0978 555
77.8882 40.0978 555
76.8034 40.0256 554
75.859 40.0256 554
74.9146 40.0256 554
73.9701 40.0256 554
72.7621 39.8811 552
71.821 39.8811 552
70.88 39.8811 552
69.939 39.8811 552
68.873 39.8088 551
67.6871 39.6643 549
66.508 39.5198 547
65.5755 39.5198 547
64.4066 39.3754 545
63.3611 39.3031 544
45.9961 36.5577 506
45.2227 36.6299 507
44.3584 36.6299 507
43.4941 36.6299 507
42.6298 36.6299 507
41.7655 36.6299 507
40.9012 36.6299 507
1337.35 287.742 4079
1330.39 287.742 4079
1323.44 287.742 4079
1313.26 287.036 4069
1293.8 284.285 4030
1286.93 284.285 4030
1273.71 282.874 4010
1273.19 284.285 4030
1269.15 284.92 4039
1265.39 285.626 4049
1258.49 285.626 4049
1254.67 286.331 4059
1247.75 286.331 4059
1240.83 286.331 4059
1230.88 285.626 4049
1220.95 284.92 4039
1208.35 283.58 4020
1201.5 283.58 4020
1189 282.24 4001
1176.57 280.899 3982
1166.84 280.194 3972
1160.07 280.194 3972
1150.68 279.559 3963
1143.93 279.559 3963
1139.75 280.194 3972
1138.4 281.534 3991
1131.6 281.534 3991
1127.61 282.24 4001
1126.12 283.58 4020
1119.26 283.58 4020
1112.41 283.58 4020
1095.11 280.899 3982
1072.74 276.878 3925
1066.05 276.878 3925
1056.93 276.243 3916
1050.25 276.243 3916
1051.04 278.219 3944
1044.31 278.219 3944
1037.59 278.219 3944
109.66 39.0099 553
108.717 39.0099 553
107.775 39.0099 553
106.832 39.0099 553
105.889 39.0099 553
104.757 38.9393 552
103.816 38.9393 552
102.875 38.9393 552
101.749 38.8688 551
100.81 38.8688 551
99.8704 38.8688 551
98.9311 38.8688 551
97.9918 38.8688 551
97.0525 38.8688 551
96.1131 38.8688 551
95.1738 38.8688 551
94.2345 38.8688 551
93.2952 38.8688 551
92.5235 38.9393 552
91.5825 38.9393 552
90.6414 38.9393 552
89.7004 38.9393 552
88.9202 39.0099 553
87.9775 39.0099 553
87.0348 39.0099 553
86.092 39.0099 553
85.1493 39.0099 553
84.2066 39.0099 553
83.2639 39.0099 553
82.3211 39.0099 553
81.3784 39.0099 553
80.5811 39.0804 554
79.6367 39.0804 554
78.6923 39.0804 554
77.7478 39.0804 554
76.8034 39.0804 554
75.859 39.0804 554
74.9146 39.0804 554
73.9701 39.0804 554
72.7621 38.9393 552
71.821 38.9393 552
70.88 38.9393 552
69.939 38.9393 552
68.873 38.8688 551
67.6871 38.7277 549
66.508 38.5866 547
65.5755 38.5866 547
64.4066 38.4455 545
63.3611 38.375 544
48.6799 35.7649 507
47.8156 35.7649 507
46.9513 35.7649 507
45.9961 35.6944 506
45.1335 35.6944 506
44.2709 35.6944 506
43.4083 35.6944 506
42.5457 35.6944 506
41.6831 35.6944 506
40.8205 35.6944 506
1337.35 280.783 4079
1330.39 280.783 4079
1323.44 280.783 4079
1313.26 280.094 4069
1293.8 277.41 4030
1286.93 277.41 4030
1273.71 276.033 4010
1273.19 277.41 4030
1269.15 278.029 4039
1265.39 278.718 4049
1258.49 278.718 4049
1254.67 279.406 4059
1247.75 279.406 4059
1240.83 279.406 4059
1230.88 278.718 4049
1220.95 278.029 4039
1208.35 276.721 4020
1201.5 276.721 4020
1189 275.413 4001
1176.57 274.105 3982
1166.84 273.417 3972
1160.07 273.417 3972
1150.68 272.798 3963
1143.93 272.798 3963
1139.75 273.417 3972
1138.4 274.725 3991
1131.6 274.725 3991
1127.61 275.413 4001
1126.12 276.721 4020
1119.26 276.721 4020
1112.41 276.721 4020
1095.11 274.105 3982
1072.74 270.182 3925
1066.05 270.182 3925
1056.93 269.562 3916
1050.25 269.562 3916
1051.04 271.49 3944
1044.31 271.49 3944
1037.59 271.49 3944
113.302 38.3417 557
112.352 38.3417 557
111.403 38.3417 557
110.057 38.2041 555
109.111 38.2041 555
107.775 38.0664 553
106.832 38.0664 553
105.698 37.9975 552
104.757 37.9975 552
103.816 37.9975 552
102.688 37.9287 551
101.749 37.9287 551
100.81 37.9287 551
99.8704 37.9287 551
98.7515 37.8599 550
97.8139 37.8599 550
96.8763 37.8599 550
95.9387 37.8599 550
95.0011 37.8599 550
94.0635 37.8599 550
93.2952 37.9287 551
92.3559 37.9287 551
91.4166 37.9287 551
90.4772 37.9287 551
89.5379 37.9287 551
88.7594 37.9975 552
87.8184 37.9975 552
86.8774 37.9975 552
85.9363 37.9975 552
84.9953 37.9975 552
84.0543 37.9975 552
83.1133 37.9975 552
82.1723 37.9975 552
81.2312 37.9975 552
80.2902 37.9975 552
79.3492 37.9975 552
78.5502 38.0664 553
77.6075 38.0664 553
76.6648 38.0664 553
75.7221 38.0664 553
74.7793 38.0664 553
73.7031 37.9975 552
72.7621 37.9975 552
71.5608 37.8599 550
70.4948 37.791 549
69.5589 37.791 549
68.623 37.791 549
67.4405 37.6534 547
66.2648 37.5157 545
65.3357 37.5157 545
64.1703 37.378 543
63.2446 37.378 543
48.6799 34.8999 507
47.8156 34.8999 507
46.9513 34.8999 507
45.9961 34.8311 506
45.1335 34.8311 506
44.2709 34.8311 506
43.4083 34.8311 506
42.5457 34.8311 506
41.6831 34.8311 506
40.8205 34.8311 506
1354.57 274.495 4089
1347.6 274.495 4089
1340.62 274.495 4089
1330.39 273.823 4079
1323.44 273.823 4079
1306.8 271.81 4049
1296.69 271.138 4039
1286.93 270.534 4030
1273.71 269.191 4010
1266.87 269.191 4010
1269.15 271.138 4039
1265.39 271.81 4049
1258.49 271.81 4049
1254.67 272.481 4059
1247.75 272.481 4059
1240.83 272.481 4059
1230.88 271.81 4049
1220.95 271.138 4039
1208.35 269.863 4020
1201.5 269.863 4020
1189 268.587 4001
1176.57 267.312 3982
1166.84 266.641 3972
1160.07 266.641 3972
1147.78 265.365 3953
1143.93 266.036 3963
1139.75 266.641 3972
1132.98 266.641 3972
1126.21 266.641 3972
1127.61 268.587 4001
1120.79 268.587 4001
1113.97 268.587 4001
1107.15 268.587 4001
1079.43 263.485 3925
1062.9 261.069 3889
1056.27 261.069 3889
1039.92 258.652 3853
1028.53 257.444 3835
120.805 38.2641 570
119.833 38.2641 570
118.862 38.2641 570
117.476 38.1299 568
116.508 38.1299 568
115.54 38.1299 568
113.764 37.8613 564
111.403 37.3914 557
110.255 37.3243 556
109.307 37.3243 556
107.775 37.1229 553
106.832 37.1229 553
105.698 37.0558 552
104.757 37.0558 552
103.816 37.0558 552
102.688 36.9887 551
101.564 36.9215 550
100.444 36.8544 549
99.5079 36.8544 549
98.572 36.8544 549
97.8139 36.9215 550
96.8763 36.9215 550
95.9387 36.9215 550
95.0011 36.9215 550
94.0635 36.9215 550
93.1259 36.9215 550
92.1883 36.9215 550
91.2507 36.9215 550
90.4772 36.9887 551
89.5379 36.9887 551
88.5986 36.9887 551
87.6593 36.9887 551
86.8774 37.0558 552
85.9363 37.0558 552
84.9953 37.0558 552
84.0543 37.0558 552
83.1133 37.0558 552
82.1723 37.0558 552
81.2312 37.0558 552
80.2902 37.0558 552
79.3492 37.0558 552
78.4082 37.0558 552
77.4672 37.0558 552
76.5261 37.0558 552
75.5851 37.0558 552
74.6441 37.0558 552
73.5696 36.9887 551
72.4984 36.9215 550
71.4307 36.8544 549
70.4948 36.8544 549
69.5589 36.8544 549
68.373 36.7201 547
67.3172 36.653 546
66.0217 36.4516 543
65.096 36.4516 543
64.1703 36.4516 543
63.2446 36.4516 543
51.1717 33.9678 506
50.3091 33.9678 506
49.5442 34.0349 507
48.6799 34.0349 507
47.8156 34.0349 507
46.9513 34.0349 507
45.9961 33.9678 506
45.1335 33.9678 506
44.2709 33.9678 506
43.4083 33.9678 506
42.4616 33.9007 505
41.5183 33.8335 504
40.6591 33.8335 504
1368.75 266.21 4069
1361.81 266.21 4069
1354.88 266.21 4069
1354.57 267.518 4089
1347.6 267.518 4089
1340.62 267.518 4089
1330.39 266.864 4079
1313.71 264.901 4049
1303.58 264.247 4039
1296.69 264.247 4039
1277.67 261.761 4001
1264.81 260.518 3982
1264.03 261.761 4001
1260.04 262.35 4010
1253.2 262.35 4010
1246.36 262.35 4010
1242.62 263.004 4020
1235.77 263.004 4020
1228.91 263.004 4020
1222.06 263.004 4020
1215.21 263.004 4020
1208.35 263.004 4020
1195.82 261.761 4001
1180.38 259.864 3972
1173.61 259.864 3972
1161.26 258.621 3953
1154.52 258.621 3953
1142.55 257.443 3935
1138.44 258.032 3944
1137.17 259.275 3963
1132.98 259.864 3972
1126.21 259.864 3972
1124.8 261.107 3991
1117.99 261.107 3991
1111.19 261.107 3991
1104.39 261.107 3991
1079.43 256.789 3925
1053.06 252.078 3853
1046.49 252.078 3853
1035.07 250.901 3835
120.805 37.2916 570
119.833 37.2916 570
118.862 37.2916 570
117.476 37.1608 568
116.508 37.1608 568
115.54 37.1608 568
113.764 36.8991 564
111.403 36.4411 557
110.255 36.3757 556
109.307 36.3757 556
107.775 36.1794 553
106.832 36.1794 553
105.698 36.114 552
104.567 36.0486 551
103.628 36.0486 551
102.688 36.0486 551
101.564 35.9832 550
100.444 35.9177 549
99.5079 35.9177 549
98.572 35.9177 549
97.8139 35.9832 550
96.8763 35.9832 550
95.9387 35.9832 550
95.0011 35.9832 550
94.0635 35.9832 550
93.1259 35.9832 550
92.1883 35.9832 550
91.2507 35.9832 550
90.4772 36.0486 551
89.5379 36.0486 551
88.5986 36.0486 551
87.6593 36.0486 551
86.8774 36.114 552
85.9363 36.114 552
84.9953 36.114 552
84.0543 36.114 552
83.1133 36.114 552
82.1723 36.114 552
81.2312 36.114 552
80.2902 36.114 552
79.3492 36.114 552
78.4082 36.114 552
77.4672 36.114 552
76.5261 36.114 552
75.4482 36.0486 551
74.3736 35.9832 550
73.436 35.9832 550
72.3666 35.9177 549
71.3006 35.8523 548
70.238 35.7869 547
69.3055 35.7869 547
68.248 35.7215 546
67.1939 35.656 545
51.9315 33.0391 505
51.1717 33.1045 506
50.3091 33.1045 506
49.5442 33.1699 507
48.6799 33.1699 507
47.8156 33.1699 507
46.9513 33.1699 507
45.9961 33.1045 506
45.1335 33.1045 506
44.2709 33.1045 506
43.4083 33.1045 506
42.3775 32.9737 504
41.436 32.9082 503
40.5785 32.9082 503
1368.75 259.268 4069
1361.81 259.268 4069
1354.88 259.268 4069
1354.57 260.542 4089
1347.6 260.542 4089
1340.62 260.542 4089
1330.39 259.905 4079
1313.71 257.993 4049
1303.58 257.356 4039
1296.69 257.356 4039
1277.67 254.935 4001
1264.81 253.724 3982
1264.03 254.935 4001
1260.04 255.508 4010
1253.2 255.508 4010
1246.36 255.508 4010
1242.62 256.146 4020
1235.77 256.146 4020
1228.91 256.146 4020
1222.06 256.146 4020
1215.21 256.146 4020
1208.35 256.146 4020
1195.82 254.935 4001
1180.38 253.087 3972
1173.61 253.087 3972
1161.26 251.877 3953
1154.52 251.877 3953
1142.55 250.73 3935
1135.85 250.73 3935
1131.72 251.303 3944
1132.98 253.087 3972
1126.21 253.087 3972
1119.44 253.087 3972
1112.67 253.087 3972
1105.9 253.087 3972
1096.64 252.514 3963
1079.43 250.092 3925
121.777 36.3192 570
120.805 36.3192 570
119.833 36.3192 570
118.862 36.3192 570
117.476 36.1917 568
116.508 36.1917 568
115.54 36.1917 568
113.764 35.9369 564
111.403 35.4908 557
110.255 35.4271 556
109.307 35.4271 556
107.775 35.236 553
106.639 35.1722 552
105.506 35.1085 551
104.377 35.0448 550
103.44 35.0448 550
102.316 34.9811 549
101.195 34.9174 548
100.261 34.9174 548
99.3267 34.9174 548
98.3924 34.9174 548
97.4582 34.9174 548
96.524 34.9174 548
95.5898 34.9174 548
94.6556 34.9174 548
93.7214 34.9174 548
92.7872 34.9174 548
92.0207 34.9811 549
91.0847 34.9811 549
90.313 35.0448 550
89.3754 35.0448 550
88.5986 35.1085 551
87.6593 35.1085 551
86.72 35.1085 551
85.9363 35.1722 552
84.9953 35.1722 552
84.0543 35.1722 552
83.1133 35.1722 552
82.1723 35.1722 552
81.2312 35.1722 552
80.2902 35.1722 552
79.3492 35.1722 552
78.4082 35.1722 552
77.4672 35.1722 552
76.5261 35.1722 552
75.4482 35.1085 551
74.3736 35.0448 550
73.436 35.0448 550
72.3666 34.9811 549
71.3006 34.9174 548
70.238 34.8537 547
69.3055 34.8537 547
68.248 34.7899 546
67.1939 34.7262 545
51.9315 32.1775 505
51.1717 32.2412 506
50.3091 32.2412 506
49.5442 32.3049 507
48.6799 32.3049 507
47.8156 32.3049 507
46.9513 32.3049 507
45.9961 32.2412 506
45.0443 32.1775 505
44.1834 32.1775 505
43.2367 32.1138 504
42.2934 32.0501 503
41.3536 31.9863 502
40.4978 31.9863 502
39.4051 31.7952 499
1396.39 253.566 4089
1389.42 253.566 4089
1382.45 253.566 4089
1368.75 252.326 4069
1361.81 252.326 4069
1354.88 252.326 4069
1344.63 251.706 4059
1331.12 250.465 4039
1324.23 250.465 4039
1317.35 250.465 4039
1304.3 249.287 4020
1288.08 247.489 3991
1281.28 247.489 3991
1268.41 246.311 3972
1258.78 245.752 3963
1252.02 245.752 3963
1245.27 245.752 3963
1241.32 246.311 3972
1234.55 246.311 3972
1230.87 246.931 3982
1226.85 247.489 3991
1220.05 247.489 3991
1213.24 247.489 3991
1206.44 247.489 3991
1199.64 247.489 3991
1187.15 246.311 3972
1172.06 244.574 3944
1165.34 244.574 3944
1158.61 244.574 3944
1151.89 244.574 3944
1142.55 244.016 3935
1127.76 242.28 3907
1131.72 244.574 3944
1132.98 246.311 3972
1126.21 246.311 3972
1119.44 246.311 3972
1112.67 246.311 3972
1105.9 246.311 3972
1096.64 245.752 3963
1079.43 243.396 3925
123.61 35.5947 574
122.631 35.5947 574
121.653 35.5947 574
120.254 35.4707 572
118.862 35.3467 570
117.476 35.2227 568
116.508 35.2227 568
115.54 35.2227 568
113.764 34.9746 564
111.403 34.5405 557
110.057 34.4165 555
109.111 34.4165 555
107.775 34.2925 553
106.446 34.1685 551
105.315 34.1064 550
104.187 34.0444 549
103.252 34.0444 549
102.129 33.9824 548
101.01 33.9204 547
99.8949 33.8584 546
98.9641 33.8584 546
98.0333 33.8584 546
97.1026 33.8584 546
96.1718 33.8584 546
95.241 33.8584 546
94.3102 33.8584 546
93.3794 33.8584 546
92.4486 33.8584 546
91.6854 33.9204 547
90.7529 33.9204 547
89.9846 33.9824 548
89.2129 34.0444 549
88.277 34.0444 549
87.3411 34.0444 549
86.4052 34.0444 549
85.625 34.1064 550
84.6874 34.1064 550
83.7498 34.1064 550
82.8121 34.1064 550
81.8745 34.1064 550
80.9369 34.1064 550
79.9993 34.1064 550
79.0617 34.1064 550
78.1241 34.1064 550
77.1865 34.1064 550
76.2489 34.1064 550
75.1743 34.0444 549
74.2384 34.0444 549
73.3025 34.0444 549
72.103 33.9204 547
70.9103 33.7964 545
69.8528 33.7344 544
68.9254 33.7344 544
67.873 33.6724 543
51.9315 31.3159 505
51.1717 31.3779 506
50.3091 31.3779 506
49.4465 31.3779 506
48.6799 31.4399 507
47.8156 31.4399 507
46.9513 31.4399 507
45.9961 31.3779 506
45.0443 31.3159 505
44.1834 31.3159 505
43.2367 31.2539 504
42.2934 31.1919 503
41.3536 31.1299 502
40.4978 31.1299 502
39.4051 30.9438 499
38.3999 30.8198 497
37.4771 30.7578 496
36.6315 30.7578 496
1410.33 246.59 4089
1403.36 246.59 4089
1396.39 246.59 4089
1389.42 246.59 4089
1382.45 246.59 4089
1368.75 245.384 4069
1361.81 245.384 4069
1344.89 243.574 4039
1338 243.574 4039
1324.86 242.429 4020
1318 242.429 4020
1311.15 242.429 4020
1298.13 241.283 4001
1281.95 239.534 3972
1275.18 239.534 3972
1256.59 237.303 3935
1246.71 236.7 3925
1246.02 237.845 3944
1239.3 237.845 3944
1232.57 237.845 3944
1228.65 238.388 3953
1225 238.991 3963
1221.01 239.534 3972
1214.24 239.534 3972
1207.47 239.534 3972
1200.7 239.534 3972
1193.93 239.534 3972
1178.79 237.845 3944
1163.74 236.157 3916
1157.06 236.157 3916
1147.75 235.614 3907
1141.08 235.614 3907
1134.42 235.614 3907
1119.97 233.986 3880
1121.1 235.614 3907
1117.01 236.157 3916
1110.33 236.157 3916
1106.2 236.7 3925
1099.5 236.7 3925
1092.81 236.7 3925
1083.63 236.157 3916
133.86 34.736 576
132.878 34.736 576
131.896 34.736 576
130.687 34.6757 575
129.706 34.6757 575
128.726 34.6757 575
127.524 34.6154 574
126.545 34.6154 574
125.567 34.6154 574
124.588 34.6154 574
123.61 34.6154 574
122.631 34.6154 574
121.653 34.6154 574
120.254 34.4948 572
119.07 34.4345 571
117.476 34.2536 568
116.508 34.2536 568
115.54 34.2536 568
113.764 34.0124 564
111.403 33.5902 557
110.057 33.4696 555
109.111 33.4696 555
107.775 33.349 553
106.446 33.2284 551
105.315 33.1681 550
104.187 33.1078 549
103.252 33.1078 549
102.129 33.0475 548
101.01 32.9872 547
99.529 32.8063 544
98.6016 32.8063 544
97.6743 32.8063 544
96.9247 32.8666 545
95.9956 32.8666 545
95.0665 32.8666 545
94.1375 32.8666 545
93.2084 32.8666 545
92.2793 32.8666 545
91.5178 32.9269 546
90.587 32.9269 546
89.8204 32.9872 547
88.8879 32.9872 547
87.9554 32.9872 547
87.0229 32.9872 547
86.2478 33.0475 548
85.4693 33.1078 549
84.5334 33.1078 549
83.5975 33.1078 549
82.6616 33.1078 549
81.7257 33.1078 549
80.7898 33.1078 549
79.8539 33.1078 549
78.7742 33.0475 548
77.84 33.0475 548
76.9058 33.0475 548
75.9716 33.0475 548
74.9005 32.9872 547
73.8327 32.9269 546
72.902 32.9269 546
71.8393 32.8666 545
70.7802 32.8063 544
69.7244 32.7459 543
68.7987 32.7459 543
67.873 32.7459 543
52.5833 30.3337 503
51.8286 30.394 504
51.0706 30.4543 505
50.2097 30.4543 505
49.3488 30.4543 505
48.5839 30.5146 506
47.7213 30.5146 506
46.8587 30.5146 506
45.9052 30.4543 505
44.9551 30.394 504
44.0959 30.394 504
43.1509 30.3337 503
42.1253 30.2131 501
41.1888 30.1528 500
40.3364 30.1528 500
39.4051 30.0925 499
38.3999 29.9719 497
37.4771 29.9116 496
36.6315 29.9116 496
1487.01 239.613 4089
1480.04 239.613 4089
1473.07 239.613 4089
1410.33 239.613 4089
1403.36 239.613 4089
1396.39 239.613 4089
1389.42 239.613 4089
1382.45 239.613 4089
1368.75 238.441 4069
1361.81 238.441 4069
1344.89 236.683 4039
1331.71 235.57 4020
1321.56 234.984 4010
1314.72 234.984 4010
1301.69 233.871 3991
1291.97 233.343 3982
1279.05 232.23 3963
1272.29 232.23 3963
1259.47 231.117 3944
1252.74 231.117 3944
1246.02 231.117 3944
1239.3 231.117 3944
1232.57 231.117 3944
1223.05 230.589 3935
1221.91 231.644 3953
1218.24 232.23 3963
1211.49 232.23 3963
1204.73 232.23 3963
1194.95 231.644 3953
1188.21 231.644 3953
1173.11 230.003 3925
1155.72 227.894 3889
1149.09 227.894 3889
1137.17 226.839 3871
1130.57 226.839 3871
1121.36 226.311 3862
1109.58 225.257 3844
1110.77 226.839 3871
1109.31 227.894 3889
1102.68 227.894 3889
1096.05 227.894 3889
1089.42 227.894 3889
1082.79 227.894 3889
143.44 33.9291 579
142.453 33.9291 579
141.466 33.9291 579
140.479 33.9291 579
139.251 33.8705 578
138.266 33.8705 578
137.281 33.8705 578
136.059 33.8119 577
134.842 33.7533 576
133.86 33.7533 576
132.878 33.7533 576
131.896 33.7533 576
130.687 33.6947 575
129.706 33.6947 575
128.726 33.6947 575
127.524 33.6361 574
126.545 33.6361 574
125.567 33.6361 574
124.588 33.6361 574
123.61 33.6361 574
122.631 33.6361 574
121.653 33.6361 574
120.254 33.5189 572
119.07 33.4603 571
117.476 33.2845 568
116.508 33.2845 568
115.133 33.1673 566
113.563 32.9915 563
111.203 32.5813 556
109.66 32.4055 553
108.717 32.4055 553
107.385 32.2883 551
106.252 32.2297 550
104.932 32.1125 548
103.808 32.0539 547
102.875 32.0539 547
101.757 31.9953 546
100.641 31.9367 545
99.529 31.8781 544
98.6016 31.8781 544
97.6743 31.8781 544
96.9247 31.9367 545
95.9956 31.9367 545
95.0665 31.9367 545
94.1375 31.9367 545
93.2084 31.9367 545
92.2793 31.9367 545
91.5178 31.9953 546
90.587 31.9953 546
89.8204 32.0539 547
88.8879 32.0539 547
87.9554 32.0539 547
87.0229 32.0539 547
86.2478 32.1125 548
85.4693 32.1711 549
84.5334 32.1711 549
83.5975 32.1711 549
82.6616 32.1711 549
81.7257 32.1711 549
80.7898 32.1711 549
79.8539 32.1711 549
78.7742 32.1125 548
77.84 32.1125 548
76.9058 32.1125 548
75.9716 32.1125 548
74.7635 31.9953 546
73.6975 31.9367 545
72.7684 31.9367 545
71.8393 31.9367 545
70.65 31.8195 543
69.7244 31.8195 543
68.7987 31.8195 543
67.873 31.8195 543
55.1558 29.4756 503
54.2983 29.4756 503
53.4408 29.4756 503
52.5833 29.4756 503
51.7258 29.4756 503
50.8683 29.4756 503
50.0108 29.4756 503
49.2511 29.5342 504
48.3919 29.5342 504
47.5327 29.5342 504
46.6735 29.5342 504
45.8143 29.5342 504
44.8659 29.4756 503
44.0084 29.4756 503
42.9794 29.3584 501
42.0412 29.2998 500
41.1064 29.2412 499
40.2558 29.2412 499
39.2472 29.124 497
38.3999 29.124 497
37.4771 29.0654 496
36.6315 29.0654 496
35.786 29.0654 496
34.87 29.0068 495
33.9574 28.9482 494
33.1152 28.9482 494
32.2731 28.9482 494
1487.01 232.637 4089
1480.04 232.637 4089
1473.07 232.637 4089
1410.33 232.637 4089
1403.36 232.637 4089
1396.39 232.637 4089
1389.42 232.637 4089
1375.69 231.499 4069
1365.39 230.93 4059
1358.47 230.93 4059
1344.89 229.792 4039
1331.71 228.712 4020
1321.56 228.143 4010
1314.72 228.143 4010
1301.69 227.062 3991
1291.97 226.55 3982
1279.05 225.469 3963
1272.29 225.469 3963
1262.34 224.9 3953
1255.6 224.9 3953
1248.86 224.9 3953
1242.12 224.9 3953
1235.39 224.9 3953
1225.85 224.388 3944
1221.91 224.9 3953
1218.24 225.469 3963
1211.49 225.469 3963
1204.73 225.469 3963
1194.95 224.9 3953
1188.21 224.9 3953
1173.11 223.307 3925
1155.72 221.258 3889
1149.09 221.258 3889
1137.17 220.234 3871
1130.57 220.234 3871
1121.36 219.722 3862
1109.58 218.698 3844
1088.1 215.74 3792
1081.64 215.74 3792
1075.18 215.74 3792
1066.17 215.228 3783
1054.96 214.261 3766
1048.54 214.261 3766
143.44 32.9413 579
142.453 32.9413 579
141.466 32.9413 579
140.479 32.9413 579
139.492 32.9413 579
138.505 32.9413 579
137.281 32.8844 578
136.059 32.8275 577
135.076 32.8275 577
134.092 32.8275 577
132.878 32.7706 576
131.896 32.7706 576
130.687 32.7137 575
129.706 32.7137 575
128.726 32.7137 575
127.746 32.7137 575
126.545 32.6568 574
125.567 32.6568 574
124.588 32.6568 574
123.61 32.6568 574
122.418 32.5999 573
121.441 32.5999 573
120.254 32.543 572
119.07 32.4861 571
116.649 32.0879 564
115.687 32.0879 564
114.726 32.0879 564
113.563 32.031 563
111.203 31.6327 556
109.66 31.4621 553
108.717 31.4621 553
107.19 31.2914 550
105.866 31.1776 548
104.74 31.1207 547
103.618 31.0638 546
102.687 31.0638 546
101.384 30.95 544
100.456 30.95 544
99.3461 30.8931 543
98.6016 30.95 544
97.6743 30.95 544
96.7469 30.95 544
95.8195 30.95 544
94.8921 30.95 544
93.9647 30.95 544
93.0373 30.95 544
92.11 30.95 544
91.1826 30.95 544
90.2552 30.95 544
89.492 31.0069 545
88.7254 31.0638 546
87.9554 31.1207 547
87.0229 31.1207 547
86.0904 31.1207 547
85.3136 31.1776 548
84.3794 31.1776 548
83.4452 31.1776 548
82.511 31.1776 548
81.5768 31.1776 548
80.6426 31.1776 548
79.7084 31.1776 548
78.7742 31.1776 548
77.698 31.1207 547
76.7655 31.1207 547
75.6943 31.0638 546
74.7635 31.0638 546
73.6975 31.0069 545
72.7684 31.0069 545
71.8393 31.0069 545
70.65 30.8931 543
69.7244 30.8931 543
68.7987 30.8931 543
67.873 30.8931 543
59.5614 28.6743 504
58.7022 28.6743 504
57.843 28.6743 504
56.9838 28.6743 504
56.1246 28.6743 504
55.2654 28.6743 504
54.4062 28.6743 504
53.547 28.6743 504
52.5833 28.6174 503
51.7258 28.6174 503
50.8683 28.6174 503
50.0108 28.6174 503
49.2511 28.6743 504
48.3919 28.6743 504
47.5327 28.6743 504
46.6735 28.6743 504
45.8143 28.6743 504
44.8659 28.6174 503
44.0084 28.6174 503
42.8936 28.4467 500
41.9571 28.3898 499
41.0241 28.3329 498
40.1751 28.3329 498
39.2472 28.276 497
38.3226 28.2191 496
37.4771 28.2191 496
36.6315 28.2191 496
35.786 28.2191 496
34.87 28.1622 495
33.9574 28.1053 494
33.1152 28.1053 494
32.2731 28.1053 494
1475.71 222.902 4039
1487.01 225.661 4089
1480.04 225.661 4089
1473.07 225.661 4089
1466.1 225.661 4089
1417.31 224.557 4069
1410.37 224.557 4069
1410.33 225.661 4089
1403.36 225.661 4089
1396.39 225.661 4089
1389.42 225.661 4089
1375.69 224.557 4069
1365.39 224.005 4059
1358.47 224.005 4059
1344.89 222.902 4039
1331.71 221.853 4020
1321.56 221.301 4010
1314.72 221.301 4010
1301.69 220.253 3991
1291.97 219.756 3982
1279.05 218.707 3963
1272.29 218.707 3963
1262.34 218.155 3953
1255.6 218.155 3953
1248.86 218.155 3953
1242.12 218.155 3953
1235.39 218.155 3953
1225.85 217.659 3944
1221.91 218.155 3953
1215.17 218.155 3953
1208.43 218.155 3953
1201.69 218.155 3953
1189.51 217.162 3935
1182.8 217.162 3935
1167.73 215.617 3907
1150.37 213.63 3871
1138.45 212.637 3853
1131.88 212.637 3853
1125.31 212.637 3853
1118.74 212.637 3853
1094.57 209.27 3792
1088.1 209.27 3792
1081.64 209.27 3792
1075.18 209.27 3792
1066.17 208.774 3783
1054.96 207.835 3766
1048.54 207.835 3766
143.688 32.0086 580
142.699 32.0086 580
141.711 32.0086 580
140.722 32.0086 580
139.492 31.9535 579
138.505 31.9535 579
137.518 31.9535 579
136.059 31.8431 577
135.076 31.8431 577
134.092 31.8431 577
132.878 31.7879 576
131.896 31.7879 576
130.687 31.7327 575
129.706 31.7327 575
128.726 31.7327 575
127.746 31.7327 575
126.545 31.6775 574
125.567 31.6775 574
124.588 31.6775 574
123.394 31.6223 573
122.418 31.6223 573
121.441 31.6223 573
120.254 31.5671 572
119.07 31.512 571
116.649 31.1256 564
115.687 31.1256 564
114.726 31.1256 564
113.563 31.0705 563
111.203 30.6841 556
109.66 30.5186 553
108.717 30.5186 553
107.19 30.353 550
105.866 30.2426 548
104.549 30.1323 546
103.239 30.0219 544
102.311 30.0219 544
101.197 29.9667 543
100.272 29.9667 543
99.3461 29.9667 543
98.4204 29.9667 543
97.4947 29.9667 543
96.569 29.9667 543
95.6433 29.9667 543
94.7177 29.9667 543
93.792 29.9667 543
92.8663 29.9667 543
91.9406 29.9667 543
91.1826 30.0219 544
90.2552 30.0219 544
89.3278 30.0219 544
88.5629 30.0771 545
87.7946 30.1323 546
86.8638 30.1323 546
85.9331 30.1323 546
85.1579 30.1875 547
84.3794 30.2426 548
83.4452 30.2426 548
82.511 30.2426 548
81.5768 30.2426 548
80.6426 30.2426 548
79.7084 30.2426 548
78.6305 30.1875 547
77.5559 30.1323 546
76.6251 30.1323 546
75.5557 30.0771 545
74.6266 30.0771 545
73.5623 30.0219 544
72.6349 30.0219 544
71.7075 30.0219 544
70.65 29.9667 543
69.7244 29.9667 543
68.7987 29.9667 543
59.5614 27.8144 504
58.7022 27.8144 504
57.843 27.8144 504
56.9838 27.8144 504
56.1246 27.8144 504
55.2654 27.8144 504
54.4062 27.8144 504
53.547 27.8144 504
52.5833 27.7592 503
51.623 27.704 502
50.7672 27.704 502
49.9114 27.704 502
49.0556 27.704 502
48.3919 27.8144 504
47.5327 27.8144 504
46.6735 27.8144 504
45.8143 27.8144 504
44.8659 27.7592 503
44.0084 27.7592 503
42.8936 27.5937 500
41.9571 27.5385 499
41.0241 27.4833 498
40.1751 27.4833 498
39.2472 27.4281 497
38.3226 27.3729 496
37.4771 27.3729 496
36.6315 27.3729 496
35.786 27.3729 496
34.87 27.3177 495
33.9574 27.2625 494
33.1152 27.2625 494
32.2731 27.2625 494
1475.71 216.011 4039
1479.74 217.615 4069
1480.04 218.685 4089
1473.07 218.685 4089
1466.1 218.685 4089
1455.56 218.15 4079
1448.6 218.15 4079
1441.65 218.15 4079
1424.15 216.545 4049
1417.24 216.545 4049
1417.31 217.615 4069
1410.37 217.615 4069
1403.43 217.615 4069
1393.07 217.08 4059
1386.15 217.08 4059
1375.83 216.545 4049
1365.54 216.011 4039
1355.63 215.529 4030
1348.76 215.529 4030
1341.89 215.529 4030
1328.4 214.46 4010
1318.59 213.978 4001
1311.77 213.978 4001
1301.69 213.443 3991
1294.89 213.443 3991
1279.05 211.946 3963
1272.29 211.946 3963
1265.53 211.946 3963
1261.64 212.427 3972
1254.87 212.427 3972
1248.1 212.427 3972
1241.32 212.427 3972
1225.85 210.93 3944
1219.13 210.93 3944
1212.4 210.93 3944
1205.68 210.93 3944
1198.96 210.93 3944
1183.77 209.432 3916
1177.09 209.432 3916
1167.73 208.951 3907
1150.37 207.026 3871
1135.79 205.582 3844
1116.31 203.229 3800
1109.83 203.229 3800
1095.81 201.838 3774
143.688 31.0191 580
142.699 31.0191 580
141.711 31.0191 580
140.722 31.0191 580
139.492 30.9656 579
138.505 30.9656 579
137.518 30.9656 579
136.059 30.8587 577
135.076 30.8587 577
134.092 30.8587 577
132.878 30.8052 576
131.896 30.8052 576
130.687 30.7517 575
129.706 30.7517 575
128.726 30.7517 575
127.746 30.7517 575
126.545 30.6982 574
125.567 30.6982 574
124.588 30.6982 574
123.394 30.6447 573
122.418 30.6447 573
121.441 30.6447 573
120.254 30.5912 572
119.07 30.5378 571
117.063 30.2704 566
116.098 30.2704 566
114.929 30.2169 565
113.563 30.1099 563
111.203 29.7355 556
109.66 29.5751 553
108.717 29.5751 553
107.19 29.4147 550
105.866 29.3077 548
104.549 29.2007 546
103.239 29.0938 544
102.311 29.0938 544
101.197 29.0403 543
100.272 29.0403 543
99.1631 28.9868 542
98.2391 28.9868 542
97.3152 28.9868 542
96.3912 28.9868 542
95.4672 28.9868 542
94.5432 28.9868 542
93.6193 28.9868 542
92.6953 28.9868 542
91.7713 28.9868 542
91.015 29.0403 543
90.0893 29.0403 543
89.3278 29.0938 544
88.4004 29.0938 544
87.6338 29.1473 545
86.7048 29.1473 545
85.7757 29.1473 545
84.8466 29.1473 545
84.0715 29.2007 546
83.1407 29.2007 546
82.2099 29.2007 546
81.2791 29.2007 546
80.3483 29.2007 546
79.4175 29.2007 546
78.343 29.1473 545
77.2718 29.0938 544
76.3445 29.0938 544
75.4171 29.0938 544
74.4897 29.0938 544
73.5623 29.0938 544
72.6349 29.0938 544
71.7075 29.0938 544
70.65 29.0403 543
62.2622 27.008 505
61.5229 27.0615 506
60.6603 27.0615 506
59.7977 27.0615 506
58.8187 27.008 505
57.9578 27.008 505
56.9838 26.9545 504
56.1246 26.9545 504
55.2654 26.9545 504
54.4062 26.9545 504
53.547 26.9545 504
52.5833 26.901 503
51.623 26.8476 502
50.7672 26.8476 502
49.9114 26.8476 502
49.0556 26.8476 502
48.3919 26.9545 504
47.5327 26.9545 504
46.6735 26.9545 504
45.8143 26.9545 504
44.8659 26.901 503
44.0084 26.901 503
42.8936 26.7406 500
41.9571 26.6871 499
41.0241 26.6336 498
40.1751 26.6336 498
39.2472 26.5802 497
38.3226 26.5267 496
37.4771 26.5267 496
36.6315 26.5267 496
35.786 26.5267 496
34.87 26.4732 495
33.9574 26.4197 494
33.1152 26.4197 494
32.2731 26.4197 494
1475.71 209.12 4039
1479.74 210.673 4069
1480.04 211.708 4089
1473.07 211.708 4089
1466.1 211.708 4089
1455.56 211.191 4079
1448.6 211.191 4079
1441.65 211.191 4079
1424.15 209.637 4049
1417.24 209.637 4049
1417.31 210.673 4069
1410.37 210.673 4069
1403.43 210.673 4069
1393.07 210.155 4059
1386.15 210.155 4059
1375.83 209.637 4049
1365.54 209.12 4039
1355.63 208.654 4030
1348.76 208.654 4030
1341.89 208.654 4030
1328.4 207.618 4010
1318.59 207.152 4001
1311.77 207.152 4001
1301.69 206.634 3991
1294.89 206.634 3991
1279.05 205.185 3963
1272.29 205.185 3963
1265.53 205.185 3963
1261.64 205.651 3972
1254.87 205.651 3972
1248.1 205.651 3972
1241.32 205.651 3972
1225.85 204.201 3944
1216.34 203.735 3935
1209.64 203.735 3935
1199.87 203.217 3925
1193.18 203.217 3925
1181.05 202.285 3907
1174.39 202.285 3907
1156.97 200.421 3871
1142.34 199.023 3844
1122.79 196.745 3800
143.688 30.0296 580
142.699 30.0296 580
141.711 30.0296 580
140.722 30.0296 580
139.492 29.9778 579
138.505 29.9778 579
137.518 29.9778 579
136.059 29.8742 577
135.076 29.8742 577
134.092 29.8742 577
132.878 29.8225 576
131.896 29.8225 576
130.687 29.7707 575
129.706 29.7707 575
128.726 29.7707 575
127.524 29.7189 574
126.545 29.7189 574
125.567 29.7189 574
124.371 29.6671 573
123.394 29.6671 573
122.204 29.6154 572
121.229 29.6154 572
120.043 29.5636 571
119.07 29.5636 571
117.063 29.3047 566
116.098 29.3047 566
114.929 29.2529 565
113.563 29.1494 563
111.203 28.787 556
109.66 28.6316 553
108.717 28.6316 553
107.19 28.4763 550
105.48 28.2692 546
104.166 28.1657 544
103.049 28.1139 543
102.123 28.1139 543
101.197 28.1139 543
100.087 28.0621 542
99.1631 28.0621 542
98.2391 28.0621 542
97.3152 28.0621 542
96.3912 28.0621 542
95.4672 28.0621 542
94.5432 28.0621 542
93.6193 28.0621 542
92.6953 28.0621 542
91.7713 28.0621 542
91.015 28.1139 543
90.0893 28.1139 543
89.3278 28.1657 544
88.4004 28.1657 544
87.6338 28.2174 545
86.7048 28.2174 545
85.7757 28.2174 545
84.8466 28.2174 545
84.0715 28.2692 546
83.1407 28.2692 546
82.2099 28.2692 546
81.2791 28.2692 546
80.3483 28.2692 546
79.4175 28.2692 546
78.343 28.2174 545
77.2718 28.1657 544
76.3445 28.1657 544
75.2784 28.1139 543
74.3528 28.1139 543
62.2622 26.1464 505
61.5229 26.1982 506
60.6603 26.1982 506
59.7977 26.1982 506
58.8187 26.1464 505
57.9578 26.1464 505
56.9838 26.0947 504
56.1246 26.0947 504
55.2654 26.0947 504
54.4062 26.0947 504
53.4408 26.0429 503
52.5833 26.0429 503
51.623 25.9911 502
50.7672 25.9911 502
49.812 25.9393 501
49.0556 25.9911 502
48.2959 26.0429 503
47.4384 26.0429 503
46.5809 26.0429 503
45.7234 26.0429 503
44.7767 25.9911 502
43.9209 25.9911 502
42.8936 25.8876 500
41.9571 25.8358 499
41.0241 25.784 498
40.1751 25.784 498
39.1682 25.6805 496
38.3226 25.6805 496
37.4771 25.6805 496
36.6315 25.6805 496
35.7138 25.6287 495
34.87 25.6287 495
33.9574 25.5769 494
33.1152 25.5769 494
32.2078 25.5251 493
1468.77 201.277 4020
1468.83 202.229 4039
1476.42 204.231 4079
1469.47 204.231 4079
1462.51 204.231 4079
1455.56 204.231 4079
1448.6 204.231 4079
1441.65 204.231 4079
1424.15 202.729 4049
1417.24 202.729 4049
1410.34 202.729 4049
1403.44 202.729 4049
1396.54 202.729 4049
1389.63 202.729 4049
1382.73 202.729 4049
1375.83 202.729 4049
1362.5 201.778 4030
1355.63 201.778 4030
1348.76 201.778 4030
1338.56 201.277 4020
1325.41 200.326 4001
1318.59 200.326 4001
1311.77 200.326 4001
1301.69 199.825 3991
1294.89 199.825 3991
1279.05 198.423 3963
1272.29 198.423 3963
1265.53 198.423 3963
1261.64 198.874 3972
1254.87 198.874 3972
1248.1 198.874 3972
1241.32 198.874 3972
1225.85 197.472 3944
1216.34 197.021 3935
1209.64 197.021 3935
1199.87 196.521 3925
1193.18 196.521 3925
1181.05 195.62 3907
1174.39 195.62 3907
1156.97 193.817 3871
1142.34 192.465 3844
1122.79 190.262 3800
143.688 29.04 580
142.699 29.04 580
141.711 29.04 580
140.722 29.04 580
139.492 28.99 579
138.505 28.99 579
137.518 28.99 579
131.667 28.7897 575
130.687 28.7897 575
129.706 28.7897 575
128.502 28.7396 574
127.524 28.7396 574
126.325 28.6895 573
125.348 28.6895 573
124.371 28.6895 573
123.179 28.6395 572
122.204 28.6395 572
121.229 28.6395 572
120.043 28.5894 571
118.236 28.3891 567
117.063 28.3391 566
116.098 28.3391 566
114.929 28.289 565
113.563 28.1888 563
111.203 27.8384 556
109.462 27.6381 552
108.521 27.6381 552
106.995 27.4879 549
105.286 27.2876 545
103.974 27.1875 543
102.859 27.1374 542
101.935 27.1374 542
101.011 27.1374 542
100.087 27.1374 542
98.9801 27.0873 541
98.2391 27.1374 542
97.3152 27.1374 542
96.3912 27.1374 542
95.4672 27.1374 542
94.5432 27.1374 542
93.6193 27.1374 542
92.6953 27.1374 542
91.7713 27.1374 542
90.8473 27.1374 542
89.9234 27.1374 542
89.1636 27.1875 543
88.4004 27.2375 544
87.473 27.2375 544
86.5457 27.2375 544
85.6183 27.2375 544
84.6909 27.2375 544
83.9175 27.2876 545
82.9884 27.2876 545
82.0593 27.2876 545
81.1302 27.2876 545
80.2011 27.2876 545
79.1266 27.2375 544
78.1992 27.2375 544
77.1298 27.1875 543
76.2041 27.1875 543
75.2784 27.1875 543
74.3528 27.1875 543
62.2622 25.2848 505
61.5229 25.3349 506
60.6603 25.3349 506
59.7977 25.3349 506
58.8187 25.2848 505
57.9578 25.2848 505
56.9838 25.2348 504
56.1246 25.2348 504
55.2654 25.2348 504
54.4062 25.2348 504
53.4408 25.1847 503
52.5833 25.1847 503
51.623 25.1346 502
50.7672 25.1346 502
49.812 25.0846 501
49.0556 25.1346 502
48.2959 25.1847 503
47.4384 25.1847 503
46.5809 25.1847 503
45.6325 25.1346 502
44.6875 25.0846 501
43.8334 25.0846 501
42.8078 24.9844 499
41.873 24.9344 498
41.0241 24.9344 498
40.1751 24.9344 498
39.1682 24.8342 496
38.3226 24.8342 496
36.4838 24.7341 494
35.6417 24.7341 494
34.7995 24.7341 494
33.8886 24.684 493
33.0482 24.684 493
32.2078 24.684 493
1468.77 194.419 4020
1468.83 195.338 4039
1472.8 196.789 4069
1465.86 196.789 4069
1458.93 196.789 4069
1451.99 196.789 4069
1445.05 196.789 4069
1434.58 196.305 4059
1424.15 195.821 4049
1417.24 195.821 4049
1410.34 195.821 4049
1403.44 195.821 4049
1396.54 195.821 4049
1389.63 195.821 4049
1382.73 195.821 4049
1375.83 195.821 4049
1362.5 194.902 4030
1352.27 194.419 4020
1345.41 194.419 4020
1328.91 193.016 3991
1319.12 192.581 3982
1312.33 192.581 3982
1305.54 192.581 3982
1295.49 192.097 3972
1288.72 192.097 3972
1275.82 191.179 3953
1269.08 191.179 3953
1262.34 191.179 3953
1255.6 191.179 3953
1246.02 190.743 3944
1239.3 190.743 3944
1232.57 190.743 3944
1217.15 189.389 3916
1210.47 189.389 3916
1203.8 189.389 3916
1194.37 188.954 3907
1187.71 188.954 3907
1170.16 187.213 3871
1163.57 187.213 3871
1156.97 187.213 3871
1129.27 183.779 3800
143.688 28.0505 580
142.699 28.0505 580
141.711 28.0505 580
140.722 28.0505 580
139.492 28.0021 579
138.505 28.0021 579
137.518 28.0021 579
130.232 27.7119 573
129.255 27.7119 573
128.278 27.7119 573
127.302 27.7119 573
126.325 27.7119 573
125.348 27.7119 573
124.154 27.6636 572
123.179 27.6636 572
121.99 27.6152 571
121.017 27.6152 571
119.623 27.5185 569
118.027 27.3734 566
117.063 27.3734 566
116.098 27.3734 566
114.929 27.325 565
113.361 27.1799 562
110.403 26.6963 552
108.867 26.5512 549
107.931 26.5512 549
106.216 26.3578 545
104.9 26.2611 543
103.591 26.1643 541
102.479 26.116 540
101.559 26.116 540
100.638 26.116 540
99.9024 26.1643 541
98.9801 26.1643 541
98.0579 26.1643 541
97.1356 26.1643 541
96.2133 26.1643 541
95.2911 26.1643 541
94.3688 26.1643 541
93.4465 26.1643 541
92.5243 26.1643 541
91.602 26.1643 541
90.6797 26.1643 541
89.7575 26.1643 541
88.9994 26.2127 542
88.2379 26.2611 543
87.3122 26.2611 543
86.3866 26.2611 543
85.4609 26.2611 543
84.6909 26.3094 544
83.7635 26.3094 544
82.8361 26.3094 544
81.9087 26.3094 544
80.9814 26.3094 544
80.054 26.3094 544
78.9811 26.2611 543
78.0555 26.2611 543
77.1298 26.2611 543
76.2041 26.2611 543
75.1398 26.2127 542
62.2622 24.4233 505
61.4014 24.4233 505
60.5405 24.4233 505
59.6796 24.4233 505
58.8187 24.4233 505
57.9578 24.4233 505
56.9838 24.3749 504
56.1246 24.3749 504
55.2654 24.3749 504
54.4062 24.3749 504
53.4408 24.3265 503
52.4788 24.2782 502
51.623 24.2782 502
50.7672 24.2782 502
49.812 24.2298 501
48.9579 24.2298 501
48.1998 24.2782 502
47.3441 24.2782 502
46.4883 24.2782 502
45.6325 24.2782 502
44.6875 24.2298 501
43.8334 24.2298 501
42.8078 24.1331 499
41.873 24.0847 498
41.0241 24.0847 498
40.1751 24.0847 498
39.1682 23.988 496
38.3226 23.988 496
36.4838 23.8913 494
35.6417 23.8913 494
34.7995 23.8913 494
33.8886 23.8429 493
33.0482 23.8429 493
32.2078 23.8429 493
1468.77 187.56 4020
1468.83 188.447 4039
1469.18 189.38 4059
1462.26 189.38 4059
1458.93 189.846 4069
1451.99 189.846 4069
1445.05 189.846 4069
1434.58 189.38 4059
1424.15 188.913 4049
1413.74 188.447 4039
1406.86 188.447 4039
1399.97 188.447 4039
1393.09 188.447 4039
1383.11 188.027 4030
1376.24 188.027 4030
1365.97 187.56 4020
1355.74 187.094 4010
1342.51 186.207 3991
1335.71 186.207 3991
1325.91 185.787 3982
1315.81 185.321 3972
1309.04 185.321 3972
1302.27 185.321 3972
1289.3 184.434 3953
1279.64 184.014 3944
1270.01 183.594 3935
1263.3 183.594 3935
1250.53 182.708 3916
1243.85 182.708 3916
1234.33 182.288 3907
1227.67 182.288 3907
1218.2 181.868 3898
1205.96 181.028 3880
1191 179.769 3853
1184.43 179.769 3853
1169.61 178.509 3826
1163.08 178.509 3826
1143.56 176.503 3783
1137.11 176.503 3783
1125.58 175.709 3766
143.688 27.0609 580
142.699 27.0609 580
141.711 27.0609 580
140.479 27.0143 579
139.492 27.0143 579
138.505 27.0143 579
130.232 26.7343 573
129.255 26.7343 573
128.278 26.7343 573
127.302 26.7343 573
126.325 26.7343 573
125.348 26.7343 573
124.154 26.6877 572
123.179 26.6877 572
121.99 26.641 571
121.017 26.641 571
119.623 26.5477 569
118.027 26.4077 566
117.063 26.4077 566
116.098 26.4077 566
114.929 26.3611 565
113.361 26.2211 562
110.403 25.7545 552
108.867 25.6146 549
107.931 25.6146 549
106.216 25.4279 545
104.9 25.3346 543
103.591 25.2413 541
102.479 25.1947 540
101.559 25.1947 540
100.638 25.1947 540
99.9024 25.2413 541
98.9801 25.2413 541
98.0579 25.2413 541
96.9561 25.1947 540
96.0355 25.1947 540
95.1149 25.1947 540
94.1944 25.1947 540
93.2738 25.1947 540
92.3532 25.1947 540
91.4327 25.1947 540
90.6797 25.2413 541
89.7575 25.2413 541
88.8352 25.2413 541
88.0754 25.288 542
87.1515 25.288 542
86.2275 25.288 542
85.3035 25.288 542
84.5352 25.3346 543
83.6095 25.3346 543
82.6839 25.3346 543
81.7582 25.3346 543
80.8325 25.3346 543
79.9068 25.3346 543
78.8357 25.288 542
77.9117 25.288 542
76.9877 25.288 542
76.0638 25.288 542
75.0012 25.2413 541
62.7482 23.4217 502
62.139 23.515 504
61.4014 23.5617 505
60.5405 23.5617 505
59.6796 23.5617 505
58.7022 23.515 504
57.843 23.515 504
56.9838 23.515 504
56.1246 23.515 504
55.1558 23.4684 503
54.2983 23.4684 503
53.4408 23.4684 503
52.4788 23.4217 502
51.5201 23.3751 501
50.6661 23.3751 501
49.812 23.3751 501
48.9579 23.3751 501
48.1038 23.3751 501
47.2497 23.3751 501
46.3957 23.3751 501
45.5416 23.3751 501
44.5983 23.3284 500
43.7459 23.3284 500
42.8078 23.2817 499
41.873 23.2351 498
40.8593 23.1418 496
40.0138 23.1418 496
1468.77 180.702 4020
1468.83 181.556 4039
1469.18 182.455 4059
1462.26 182.455 4059
1458.93 182.904 4069
1451.99 182.904 4069
1445.05 182.904 4069
1434.58 182.455 4059
1424.15 182.005 4049
1413.74 181.556 4039
1406.86 181.556 4039
1399.97 181.556 4039
1393.09 181.556 4039
1383.11 181.151 4030
1376.24 181.151 4030
1365.97 180.702 4020
1355.74 180.252 4010
1342.51 179.398 3991
1335.71 179.398 3991
1325.91 178.994 3982
1315.81 178.544 3972
1299.81 177.286 3944
1293.09 177.286 3944
1280.16 176.431 3925
1273.47 176.431 3925
1260.97 175.622 3907
1254.31 175.622 3907
1241.9 174.813 3889
1235.27 174.813 3889
1228.64 174.813 3889
1222.01 174.813 3889
1206.95 173.6 3862
1183.89 171.217 3809
1164.1 169.284 3766
1157.68 169.284 3766
1143.32 168.116 3740
1136.94 168.116 3740
1123.31 167.037 3716
1104.65 165.194 3675
1098.39 165.194 3675
143.44 26.0264 579
142.453 26.0264 579
141.466 26.0264 579
140.479 26.0264 579
130.232 25.7567 573
129.255 25.7567 573
128.278 25.7567 573
127.302 25.7567 573
125.884 25.6668 571
124.911 25.6668 571
123.72 25.6219 570
122.748 25.6219 570
121.563 25.5769 569
120.593 25.5769 569
119.203 25.487 567
118.027 25.4421 566
116.856 25.3971 565
115.893 25.3971 565
114.522 25.3072 563
111.546 24.8577 553
109.603 24.633 548
107.677 24.4082 543
106.555 24.3633 542
105.631 24.3633 542
104.514 24.3183 541
103.4 24.2734 540
102.29 24.2284 539
101.371 24.2284 539
100.452 24.2284 539
99.5331 24.2284 539
98.6142 24.2284 539
97.8766 24.2734 540
96.9561 24.2734 540
96.0355 24.2734 540
95.1149 24.2734 540
94.1944 24.2734 540
93.2738 24.2734 540
92.3532 24.2734 540
91.4327 24.2734 540
90.6797 24.3183 541
89.7575 24.3183 541
88.8352 24.3183 541
88.0754 24.3633 542
87.1515 24.3633 542
86.2275 24.3633 542
85.3035 24.3633 542
84.5352 24.4082 543
83.6095 24.4082 543
82.6839 24.4082 543
81.7582 24.4082 543
80.8325 24.4082 543
79.9068 24.4082 543
78.8357 24.3633 542
77.9117 24.3633 542
76.9877 24.3633 542
76.0638 24.3633 542
75.0012 24.3183 541
67.7476 22.5203 501
66.8936 22.5203 501
66.0395 22.5203 501
65.1854 22.5203 501
64.3313 22.5203 501
63.4772 22.5203 501
62.7482 22.5652 502
62.0157 22.6102 503
61.2798 22.6551 504
60.4206 22.6551 504
59.5614 22.6551 504
58.5857 22.6102 503
57.7282 22.6102 503
56.8707 22.6102 503
56.0132 22.6102 503
55.1558 22.6102 503
54.2983 22.6102 503
53.4408 22.6102 503
52.4788 22.5652 502
51.5201 22.5203 501
50.6661 22.5203 501
49.812 22.5203 501
48.8602 22.4753 500
48.1038 22.5203 501
47.2497 22.5203 501
46.3957 22.5203 501
45.5416 22.5203 501
44.5983 22.4753 500
43.7459 22.4753 500
42.8078 22.4304 499
1468.77 173.843 4020
1468.83 174.665 4039
1465.56 175.097 4049
1458.66 175.097 4049
1455.34 175.53 4059
1448.42 175.53 4059
1441.5 175.53 4059
1431.05 175.097 4049
1424.15 175.097 4049
1413.74 174.665 4039
1406.86 174.665 4039
1396.85 174.276 4030
1383.08 173.411 4010
1376.25 173.411 4010
1369.41 173.411 4010
1362.58 173.411 4010
1352.7 173.022 4001
1339.49 172.2 3982
1332.7 172.2 3982
1319.58 171.378 3963
1309.51 170.946 3953
1299.81 170.557 3944
1293.09 170.557 3944
1280.16 169.735 3925
1273.47 169.735 3925
1260.97 168.957 3907
1254.31 168.957 3907
1241.9 168.178 3889
1235.27 168.178 3889
1228.64 168.178 3889
1222.01 168.178 3889
1206.95 167.011 3862
1183.89 164.719 3809
1164.1 162.859 3766
1157.68 162.859 3766
1143.32 161.735 3740
1136.94 161.735 3740
1123.31 160.697 3716
1104.65 158.924 3675
1098.39 158.924 3675
129.55 24.6494 570
128.579 24.6494 570
127.607 24.6494 570
126.635 24.6494 570
125.443 24.6062 569
124.473 24.6062 569
123.286 24.5629 568
122.102 24.5197 567
121.136 24.5197 567
120.169 24.5197 567
118.992 24.4764 566
117.819 24.4332 565
116.442 24.3467 563
115.482 24.3467 563
112.488 23.9143 553
110.537 23.698 548
108.603 23.4818 543
107.479 23.4386 542
106.358 23.3953 541
105.436 23.3953 541
104.321 23.3521 540
103.209 23.3088 539
102.1 23.2656 538
101.183 23.2656 538
100.266 23.2656 538
99.3484 23.2656 538
98.4313 23.2656 538
97.6954 23.3088 539
96.7765 23.3088 539
96.0355 23.3521 540
95.1149 23.3521 540
94.1944 23.3521 540
93.2738 23.3521 540
92.3532 23.3521 540
91.4327 23.3521 540
90.5121 23.3521 540
89.5916 23.3521 540
88.8352 23.3953 541
88.0754 23.4386 542
87.1515 23.4386 542
86.2275 23.4386 542
85.3035 23.4386 542
84.3795 23.4386 542
83.4556 23.4386 542
82.5316 23.4386 542
81.6076 23.4386 542
80.6836 23.4386 542
79.7597 23.4386 542
78.8357 23.4386 542
77.768 23.3953 541
76.8457 23.3953 541
75.9234 23.3953 541
75.0012 23.3953 541
67.8829 21.7088 502
67.0271 21.7088 502
66.1713 21.7088 502
65.3155 21.7088 502
64.4597 21.7088 502
63.6039 21.7088 502
62.7482 21.7088 502
62.0157 21.752 503
61.2798 21.7953 504
60.4206 21.7953 504
59.5614 21.7953 504
58.5857 21.752 503
57.7282 21.752 503
56.8707 21.752 503
56.0132 21.752 503
55.1558 21.752 503
54.2983 21.752 503
53.4408 21.752 503
52.4788 21.7088 502
51.5201 21.6655 501
50.6661 21.6655 501
49.812 21.6655 501
48.8602 21.6223 500
48.1038 21.6655 501
47.2497 21.6655 501
46.3957 21.6655 501
45.5416 21.6655 501
44.5091 21.579 499
43.6585 21.579 499
42.6362 21.4926 497
41.6208 21.4061 495
1489.48 167.774 4039
1482.6 167.774 4039
1475.71 167.774 4039
1465.55 167.4 4030
1458.68 167.4 4030
1451.81 167.4 4030
1448.17 167.774 4039
1441.28 167.774 4039
1434.4 167.774 4039
1424.33 167.4 4030
1417.46 167.4 4030
1407.09 166.985 4020
1400.24 166.985 4020
1389.92 166.569 4010
1379.98 166.195 4001
1376.25 166.569 4010
1369.41 166.569 4010
1362.58 166.569 4010
1352.7 166.195 4001
1342.51 165.78 3991
1335.71 165.78 3991
1319.58 164.617 3963
1303.55 163.454 3935
1296.84 163.454 3935
1290.13 163.454 3935
1277.23 162.665 3916
1267.63 162.291 3907
1260.97 162.291 3907
1254.31 162.291 3907
1241.9 161.543 3889
1235.27 161.543 3889
1220.11 160.422 3862
1213.53 160.422 3862
1198.51 159.3 3835
1175.81 157.14 3783
1156.07 155.354 3740
1149.69 155.354 3740
1140.87 155.022 3732
1129.64 154.357 3716
1110.92 152.654 3675
1094.73 151.283 3642
1088.52 151.283 3642
129.323 23.6354 569
128.353 23.6354 569
127.383 23.6354 569
126.413 23.6354 569
125.223 23.5939 568
124.254 23.5939 568
123.069 23.5523 567
122.102 23.5523 567
120.922 23.5108 566
119.957 23.5108 566
118.992 23.5108 566
117.402 23.3862 563
116.442 23.3862 563
115.482 23.3862 563
112.488 22.9708 553
110.537 22.7631 548
108.603 22.5554 543
107.281 22.4723 541
106.162 22.4308 540
105.241 22.4308 540
104.321 22.4308 540
103.209 22.3892 539
102.1 22.3477 538
101.183 22.3477 538
100.266 22.3477 538
99.3484 22.3477 538
98.4313 22.3477 538
97.5141 22.3477 538
96.597 22.3477 538
95.8577 22.3892 539
94.9388 22.3892 539
94.0199 22.3892 539
93.1011 22.3892 539
92.1822 22.3892 539
91.2634 22.3892 539
90.3445 22.3892 539
89.4256 22.3892 539
88.8352 22.4723 541
88.0754 22.5139 542
87.1515 22.5139 542
86.2275 22.5139 542
85.3035 22.5139 542
84.3795 22.5139 542
83.4556 22.5139 542
82.5316 22.5139 542
81.6076 22.5139 542
80.6836 22.5139 542
79.7597 22.5139 542
78.6902 22.4723 541
77.768 22.4723 541
76.8457 22.4723 541
75.9234 22.4723 541
68.6017 20.8108 501
67.8829 20.8523 502
67.0271 20.8523 502
66.1713 20.8523 502
65.3155 20.8523 502
64.4597 20.8523 502
63.6039 20.8523 502
62.7482 20.8523 502
61.8924 20.8523 502
61.1582 20.8939 503
60.3007 20.8939 503
59.4432 20.8939 503
58.5857 20.8939 503
57.7282 20.8939 503
56.7577 20.8523 502
56.0132 20.8939 503
55.1558 20.8939 503
54.2983 20.8939 503
53.3345 20.8523 502
52.3742 20.8108 501
51.5201 20.8108 501
50.6661 20.8108 501
49.7126 20.7692 500
48.8602 20.7692 500
48.0078 20.7692 500
47.1554 20.7692 500
46.3031 20.7692 500
45.4507 20.7692 500
44.5091 20.7277 499
43.6585 20.7277 499
42.6362 20.6446 497
41.6208 20.5615 495
1489.48 160.883 4039
1482.6 160.883 4039
1475.71 160.883 4039
1465.55 160.524 4030
1458.68 160.524 4030
1451.81 160.524 4030
1444.94 160.524 4030
1438.07 160.524 4030
1431.2 160.524 4030
1420.8 160.126 4020
1413.95 160.126 4020
1407.09 160.126 4020
1400.24 160.126 4020
1393.39 160.126 4020
1389.98 160.524 4030
1386.2 160.883 4039
1379.32 160.883 4039
1372.43 160.883 4039
1362.5 160.524 4030
1345.88 159.369 4001
1339.06 159.369 4001
1322.58 158.214 3972
1312.83 157.856 3963
1299.81 157.099 3944
1293.09 157.099 3944
1283.43 156.74 3935
1273.47 156.342 3925
1263.88 155.984 3916
1257.2 155.984 3916
1247.65 155.625 3907
1240.99 155.625 3907
1228.64 154.908 3889
1222.01 154.908 3889
1187.57 151.363 3800
1170.52 150.009 3766
1151.12 148.336 3724
1144.77 148.336 3724
1138.43 148.336 3724
1129.64 148.017 3716
1103.36 145.388 3650
1092.63 144.791 3635
1086.43 144.791 3635
129.323 22.6646 569
128.353 22.6646 569
127.383 22.6646 569
126.413 22.6646 569
125.223 22.6248 568
124.254 22.6248 568
123.069 22.585 567
122.102 22.585 567
120.922 22.5451 566
119.957 22.5451 566
118.992 22.5451 566
117.402 22.4256 563
116.442 22.4256 563
115.482 22.4256 563
112.488 22.0273 553
110.537 21.8281 548
108.603 21.629 543
107.281 21.5493 541
106.162 21.5095 540
105.241 21.5095 540
104.321 21.5095 540
103.209 21.4697 539
102.1 21.4298 538
101.183 21.4298 538
100.266 21.4298 538
99.3484 21.4298 538
98.4313 21.4298 538
97.5141 21.4298 538
96.4174 21.39 537
95.6798 21.4298 538
94.7626 21.4298 538
93.8455 21.4298 538
92.9283 21.4298 538
92.0112 21.4298 538
91.094 21.4298 538
90.3445 21.4697 539
89.4256 21.4697 539
88.671 21.5095 540
87.9129 21.5493 541
87.1515 21.5891 542
86.2275 21.5891 542
85.3035 21.5891 542
84.3795 21.5891 542
83.4556 21.5891 542
82.5316 21.5891 542
81.6076 21.5891 542
80.6836 21.5891 542
79.7597 21.5891 542
78.6902 21.5493 541
70.0103 20.1154 505
69.1494 20.1154 505
68.2885 20.1154 505
67.2941 20.0755 504
66.1713 19.9959 502
65.3155 19.9959 502
64.4597 19.9959 502
63.6039 19.9959 502
62.7482 19.9959 502
61.8924 19.9959 502
61.0366 19.9959 502
60.1808 19.9959 502
59.325 19.9959 502
58.4692 19.9959 502
57.6135 19.9959 502
56.6446 19.956 501
55.7905 19.956 501
54.9365 19.956 501
54.0824 19.956 501
53.2283 19.956 501
52.3742 19.956 501
51.4173 19.9162 500
50.5649 19.9162 500
49.7126 19.9162 500
48.7625 19.8764 499
47.9118 19.8764 499
47.0611 19.8764 499
46.1178 19.8365 498
45.2689 19.8365 498
44.1523 19.717 495
43.3085 19.717 495
42.4646 19.717 495
41.6208 19.717 495
1489.48 153.992 4039
1482.6 153.992 4039
1475.71 153.992 4039
1468.83 153.992 4039
1465.56 154.373 4049
1458.66 154.373 4049
1451.76 154.373 4049
1444.85 154.373 4049
1437.95 154.373 4049
1427.51 153.992 4039
1417.46 153.649 4030
1413.74 153.992 4039
1410.34 154.373 4049
1403.44 154.373 4049
1396.54 154.373 4049
1393.07 154.755 4059
1386.15 154.755 4059
1379.23 154.755 4059
1365.54 153.992 4039
1348.9 152.886 4010
1342.07 152.886 4010
1332.24 152.543 4001
1315.81 151.438 3972
1306.07 151.094 3963
1299.31 151.094 3963
1283.43 150.027 3935
1273.47 149.646 3925
1263.88 149.302 3916
1257.2 149.302 3916
1247.65 148.959 3907
1240.99 148.959 3907
1228.64 148.273 3889
1222.01 148.273 3889
1185.07 144.575 3792
1162.44 142.592 3740
1151.12 141.982 3724
1144.77 141.982 3724
1138.43 141.982 3724
129.096 21.6557 568
128.127 21.6557 568
127.159 21.6557 568
125.969 21.6176 567
125.002 21.6176 567
124.035 21.6176 567
122.852 21.5795 566
121.887 21.5795 566
120.922 21.5795 566
119.957 21.5795 566
118.572 21.5032 564
117.402 21.4651 563
115.201 21.2363 557
113.226 21.0457 552
112.285 21.0457 552
110.335 20.8551 547
108.403 20.6644 542
107.082 20.5882 540
106.162 20.5882 540
105.241 20.5882 540
104.127 20.5501 539
103.017 20.5119 538
101.91 20.4738 537
100.995 20.4738 537
100.079 20.4738 537
99.1638 20.4738 537
98.2483 20.4738 537
97.3329 20.4738 537
96.4174 20.4738 537
95.6798 20.5119 538
94.7626 20.5119 538
93.8455 20.5119 538
92.9283 20.5119 538
92.0112 20.5119 538
91.094 20.5119 538
90.3445 20.5501 539
89.4256 20.5501 539
88.671 20.5882 540
87.9129 20.6263 541
87.1515 20.6644 542
86.2275 20.6644 542
85.3035 20.6644 542
84.3795 20.6644 542
83.4556 20.6644 542
82.5316 20.6644 542
81.6076 20.6644 542
80.6836 20.6644 542
79.7597 20.6644 542
78.6902 20.6263 541
72.7368 19.2919 506
71.8742 19.2919 506
71.0116 19.2919 506
70.149 19.2919 506
69.2864 19.2919 506
68.4238 19.2919 506
67.2941 19.2156 504
66.3031 19.1775 503
65.3155 19.1394 502
64.4597 19.1394 502
63.6039 19.1394 502
62.7482 19.1394 502
61.8924 19.1394 502
61.0366 19.1394 502
60.1808 19.1394 502
59.325 19.1394 502
58.3528 19.1013 501
57.4987 19.1013 501
56.6446 19.1013 501
55.7905 19.1013 501
54.9365 19.1013 501
54.0824 19.1013 501
53.2283 19.1013 501
52.2697 19.0631 500
51.3145 19.025 499
50.4638 19.025 499
49.6131 19.025 499
48.6647 18.9869 498
47.8158 18.9869 498
46.9668 18.9869 498
46.0252 18.9488 497
44.9962 18.8725 495
44.1523 18.8725 495
43.3085 18.8725 495
42.4646 18.8725 495
41.6208 18.8725 495
40.1179 18.5675 487
1489.48 147.101 4039
1482.6 147.101 4039
1475.71 147.101 4039
1468.83 147.101 4039
1465.56 147.465 4049
1458.66 147.465 4049
1451.76 147.465 4049
1444.85 147.465 4049
1437.95 147.465 4049
1427.51 147.101 4039
1417.46 146.773 4030
1413.74 147.101 4039
1410.34 147.465 4049
1403.44 147.465 4049
1396.54 147.465 4049
1393.07 147.829 4059
1386.15 147.829 4059
1379.23 147.829 4059
1365.54 147.101 4039
1348.9 146.045 4010
1342.07 146.045 4010
1332.24 145.717 4001
1315.81 144.661 3972
1306.07 144.333 3963
1299.31 144.333 3963
1283.43 143.313 3935
1273.47 142.949 3925
1263.88 142.621 3916
1257.2 142.621 3916
1247.65 142.294 3907
1240.99 142.294 3907
1228.64 141.638 3889
1222.01 141.638 3889
1185.07 138.105 3792
1162.44 136.211 3740
1151.12 135.629 3724
1144.77 135.629 3724
1138.43 135.629 3724
128.641 20.6138 566
127.676 20.6138 566
126.711 20.6138 566
125.746 20.6138 566
124.561 20.5774 565
123.598 20.5774 565
122.635 20.5774 565
121.241 20.5046 563
120.067 20.4681 562
119.109 20.4681 562
118.151 20.4681 562
116.151 20.286 557
114.374 20.1404 553
112.405 19.9583 548
111.471 19.9583 548
109.529 19.7762 543
108.203 19.7033 541
106.884 19.6305 539
105.769 19.5941 538
104.851 19.5941 538
103.741 19.5576 537
102.634 19.5212 536
101.531 19.4848 535
100.619 19.4848 535
99.7065 19.4848 535
98.7944 19.4848 535
97.8824 19.4848 535
97.1516 19.5212 536
96.2379 19.5212 536
95.502 19.5576 537
94.5865 19.5576 537
93.6711 19.5576 537
92.7556 19.5576 537
91.8402 19.5576 537
90.9247 19.5576 537
90.0093 19.5576 537
89.0938 19.5576 537
88.5068 19.6305 539
87.7504 19.6669 540
86.9907 19.7033 541
86.0684 19.7033 541
85.1461 19.7033 541
84.2238 19.7033 541
83.3016 19.7033 541
82.3793 19.7033 541
72.7368 18.4286 506
71.8742 18.4286 506
71.0116 18.4286 506
70.149 18.4286 506
69.2864 18.4286 506
68.4238 18.4286 506
67.2941 18.3558 504
66.3031 18.3193 503
65.3155 18.2829 502
64.4597 18.2829 502
63.6039 18.2829 502
62.7482 18.2829 502
61.8924 18.2829 502
61.0366 18.2829 502
60.1808 18.2829 502
59.325 18.2829 502
58.3528 18.2465 501
57.4987 18.2465 501
56.6446 18.2465 501
55.7905 18.2465 501
54.9365 18.2465 501
54.0824 18.2465 501
53.2283 18.2465 501
52.2697 18.2101 500
51.3145 18.1737 499
50.4638 18.1737 499
49.6131 18.1737 499
48.6647 18.1372 498
47.8158 18.1372 498
46.9668 18.1372 498
46.0252 18.1008 497
44.9962 18.028 495
44.1523 18.028 495
43.3085 18.028 495
42.0357 17.8459 490
41.1163 17.8095 489
40.1179 17.7366 487
39.207 17.7002 486
38.3785 17.7002 486
37.3955 17.6274 484
36.4948 17.5909 483
35.6714 17.5909 483
34.848 17.5909 483
1489.48 140.21 4039
1482.6 140.21 4039
1479.37 140.557 4049
1476.1 140.904 4059
1469.18 140.904 4059
1462.26 140.904 4059
1455.34 140.904 4059
1448.42 140.904 4059
1441.5 140.904 4059
1431.05 140.557 4049
1420.63 140.21 4039
1417.24 140.557 4049
1413.82 140.904 4059
1406.9 140.904 4059
1399.98 140.904 4059
1393.07 140.904 4059
1386.15 140.904 4059
1379.23 140.904 4059
1372.31 140.904 4059
1352.27 139.551 4020
1345.41 139.551 4020
1332.24 138.891 4001
1315.81 137.884 3972
1306.07 137.572 3963
1299.31 137.572 3963
1283.43 136.6 3935
1273.47 136.253 3925
1263.88 135.94 3916
1257.2 135.94 3916
1247.65 135.628 3907
1240.99 135.628 3907
1228.64 135.003 3889
1222.01 135.003 3889
1185.07 131.636 3792
1162.44 129.831 3740
129.148 19.5787 564
128.414 19.6134 565
127.451 19.6134 565
126.488 19.6134 565
125.524 19.6134 565
124.341 19.5787 564
123.379 19.5787 564
122.201 19.544 563
121.026 19.5093 562
119.64 19.4399 560
118.686 19.4399 560
117.1 19.3357 557
115.317 19.1969 553
113.546 19.058 549
111.585 18.8845 544
110.047 18.7803 541
109.125 18.7803 541
107.803 18.7109 539
106.686 18.6762 538
105.572 18.6415 537
104.656 18.6415 537
103.548 18.6067 536
102.443 18.572 535
101.341 18.5373 534
100.43 18.5373 534
99.5201 18.5373 534
98.6098 18.5373 534
97.6994 18.5373 534
96.9704 18.572 535
96.0583 18.572 535
95.1463 18.572 535
94.2342 18.572 535
93.3222 18.572 535
92.4102 18.572 535
91.4981 18.572 535
90.5861 18.572 535
89.674 18.572 535
88.5961 18.5373 534
88.1784 18.6415 537
87.5879 18.7109 539
86.8299 18.7456 540
85.9093 18.7456 540
84.9887 18.7456 540
84.0682 18.7456 540
83.1476 18.7456 540
72.7368 17.5653 506
71.8742 17.5653 506
71.0116 17.5653 506
70.149 17.5653 506
69.2864 17.5653 506
68.4238 17.5653 506
67.2941 17.4959 504
66.3031 17.4612 503
65.3155 17.4265 502
64.4597 17.4265 502
63.6039 17.4265 502
62.7482 17.4265 502
61.8924 17.4265 502
61.0366 17.4265 502
60.1808 17.4265 502
59.2068 17.3917 501
58.2363 17.357 500
57.3839 17.357 500
56.5315 17.357 500
55.7905 17.3917 501
54.9365 17.3917 501
54.0824 17.3917 501
53.1221 17.357 500
52.1651 17.3223 499
51.3145 17.3223 499
50.4638 17.3223 499
49.5137 17.2876 498
48.567 17.2529 497
47.6237 17.2182 496
46.7782 17.2182 496
45.84 17.1835 495
44.8144 17.114 493
43.7955 17.0446 491
42.9585 17.0446 491
42.0357 17.0099 490
41.1163 16.9752 489
40.1179 16.9058 487
39.207 16.871 486
38.3785 16.871 486
37.3955 16.8016 484
36.4948 16.7669 483
35.6714 16.7669 483
34.848 16.7669 483
1490.33 134.639 4079
1483.37 134.639 4079
1476.42 134.639 4079
1469.47 134.639 4079
1458.93 134.309 4069
1448.42 133.979 4059
1441.5 133.979 4059
1431.05 133.649 4049
1420.63 133.319 4039
1417.24 133.649 4049
1413.82 133.979 4059
1406.9 133.979 4059
1403.43 134.309 4069
1399.93 134.639 4079
1392.98 134.639 4079
1386.02 134.639 4079
1375.69 134.309 4069
1352.27 132.692 4020
1345.41 132.692 4020
1335.23 132.362 4010
1315.81 131.108 3972
1302.77 130.48 3953
1296.04 130.48 3953
1280.16 129.556 3925
1270.55 129.259 3916
1263.88 129.259 3916
1257.2 129.259 3916
1247.65 128.962 3907
1240.99 128.962 3907
1228.64 128.368 3889
1222.01 128.368 3889
1182.26 124.869 3783
129.148 18.6165 564
128.414 18.6495 565
127.451 18.6495 565
126.488 18.6495 565
125.524 18.6495 565
124.341 18.6165 564
123.379 18.6165 564
122.201 18.5835 563
121.026 18.5505 562
119.64 18.4845 560
118.686 18.4845 560
117.1 18.3854 557
115.317 18.2534 553
113.546 18.1214 549
111.585 17.9563 544
110.047 17.8573 541
109.125 17.8573 541
107.803 17.7913 539
106.686 17.7583 538
105.572 17.7253 537
104.656 17.7253 537
103.548 17.6923 536
102.443 17.6593 535
101.341 17.6263 534
100.43 17.6263 534
99.5201 17.6263 534
98.6098 17.6263 534
97.6994 17.6263 534
96.7891 17.6263 534
95.8788 17.6263 534
94.9684 17.6263 534
94.0581 17.6263 534
93.1478 17.6263 534
92.2374 17.6263 534
91.3271 17.6263 534
90.4168 17.6263 534
89.5064 17.6263 534
88.4302 17.5932 533
87.5216 17.5932 533
86.9379 17.6593 535
86.5083 17.7583 538
85.5911 17.7583 538
84.674 17.7583 538
83.7568 17.7583 538
82.8396 17.7583 538
72.7368 16.702 506
71.8742 16.702 506
71.0116 16.702 506
70.149 16.702 506
69.2864 16.702 506
68.4238 16.702 506
67.2941 16.636 504
66.3031 16.603 503
65.4456 16.603 503
64.4597 16.57 502
63.6039 16.57 502
62.6232 16.537 501
61.7691 16.537 501
60.915 16.537 501
59.941 16.504 500
59.0887 16.504 500
58.2363 16.504 500
57.3839 16.504 500
56.4185 16.471 499
55.5678 16.471 499
54.7171 16.471 499
53.8665 16.471 499
53.0158 16.471 499
52.1651 16.471 499
51.2116 16.438 498
50.3627 16.438 498
49.4143 16.405 497
48.4693 16.3719 496
47.5277 16.3389 495
46.6839 16.3389 495
45.6548 16.2729 493
44.6326 16.2069 491
43.7063 16.1739 490
42.871 16.1739 490
41.9499 16.1409 489
41.0322 16.1079 488
40.1179 16.0749 487
39.207 16.0419 486
38.3785 16.0419 486
37.3955 15.9759 484
36.4948 15.9428 483
35.6714 15.9428 483
34.848 15.9428 483
1490.33 127.68 4079
1483.37 127.68 4079
1476.42 127.68 4079
1469.47 127.68 4079
1458.93 127.367 4069
1448.42 127.054 4059
1441.5 127.054 4059
1431.05 126.741 4049
1420.63 126.428 4039
1417.24 126.741 4049
1413.82 127.054 4059
1406.9 127.054 4059
1406.88 127.68 4079
1399.93 127.68 4079
1392.98 127.68 4079
1386.02 127.68 4079
1375.69 127.367 4069
1352.27 125.833 4020
1345.41 125.833 4020
1335.23 125.52 4010
1315.81 124.331 3972
1293.55 122.86 3925
1286.86 122.86 3925
1277.23 122.578 3916
1270.55 122.578 3916
1260.97 122.296 3907
1254.31 122.296 3907
1247.65 122.296 3907
1240.99 122.296 3907
137.568 17.7482 567
136.601 17.7482 567
135.635 17.7482 567
134.43 17.7169 566
133.23 17.6856 565
132.033 17.6542 564
131.071 17.6542 564
130.11 17.6542 564
129.148 17.6542 564
128.187 17.6542 564
127.225 17.6542 564
126.264 17.6542 564
125.08 17.6229 563
124.12 17.6229 563
123.16 17.6229 563
121.984 17.5916 562
120.595 17.529 560
119.213 17.4664 558
117.838 17.4038 556
116.89 17.4038 556
115.108 17.2786 552
112.512 17.0282 544
110.97 16.9343 541
110.047 16.9343 541
109.125 16.9343 541
107.403 16.8091 537
106.487 16.8091 537
105.375 16.7778 536
104.462 16.7778 536
103.161 16.7152 534
102.251 16.7152 534
101.151 16.6839 533
100.242 16.6839 533
99.3337 16.6839 533
98.4251 16.6839 533
97.5165 16.6839 533
96.7891 16.7152 534
95.8788 16.7152 534
94.9684 16.7152 534
94.0581 16.7152 534
93.1478 16.7152 534
92.2374 16.7152 534
91.3271 16.7152 534
90.4168 16.7152 534
89.5064 16.7152 534
88.4302 16.6839 533
87.5216 16.6839 533
86.9379 16.7465 535
86.5083 16.8404 538
85.5911 16.8404 538
84.674 16.8404 538
83.7568 16.8404 538
82.8396 16.8404 538
72.7368 15.8387 506
71.8742 15.8387 506
71.0116 15.8387 506
70.149 15.8387 506
69.2864 15.8387 506
68.4238 15.8387 506
67.2941 15.7761 504
66.3031 15.7448 503
65.4456 15.7448 503
64.4597 15.7135 502
63.4772 15.6822 501
62.6232 15.6822 501
61.6458 15.6509 500
60.7934 15.6509 500
59.941 15.6509 500
59.0887 15.6509 500
58.1198 15.6196 499
57.2692 15.6196 499
56.4185 15.6196 499
55.5678 15.6196 499
54.7171 15.6196 499
53.8665 15.6196 499
53.0158 15.6196 499
52.0606 15.5883 498
51.1088 15.557 497
50.2615 15.557 497
49.4143 15.557 497
48.4693 15.5257 496
47.3357 15.4318 493
46.4953 15.4318 493
45.5622 15.4005 492
44.6326 15.3692 491
43.6171 15.3066 489
42.696 15.2753 488
41.8641 15.2753 488
40.9481 15.244 487
40.0355 15.2127 486
39.207 15.2127 486
38.3785 15.2127 486
37.3955 15.1501 484
36.4193 15.0875 482
35.5237 15.0562 481
34.7037 15.0562 481
1490.33 120.721 4079
1483.37 120.721 4079
1476.42 120.721 4079
1469.47 120.721 4079
1458.93 120.425 4069
1448.42 120.129 4059
1441.5 120.129 4059
1431.05 119.833 4049
1417.46 119.271 4030
1417.24 119.833 4049
1413.82 120.129 4059
1406.9 120.129 4059
1406.88 120.721 4079
1399.93 120.721 4079
1392.98 120.721 4079
1386.02 120.721 4079
1375.69 120.425 4069
1352.27 118.975 4020
1345.41 118.975 4020
1335.23 118.679 4010
1315.81 117.554 3972
1299.81 116.726 3944
1293.09 116.726 3944
1277.23 115.897 3916
1270.55 115.897 3916
1260.97 115.631 3907
1254.31 115.631 3907
1247.65 115.631 3907
1240.99 115.631 3907
137.568 16.7808 567
136.601 16.7808 567
135.635 16.7808 567
134.43 16.7512 566
133.23 16.7216 565
132.033 16.692 564
131.071 16.692 564
130.11 16.692 564
128.919 16.6624 563
127.959 16.6624 563
127 16.6624 563
126.04 16.6624 563
125.08 16.6624 563
123.9 16.6328 562
122.942 16.6328 562
121.767 16.6032 561
120.595 16.5736 560
119.427 16.544 559
118.474 16.544 559
115.418 16.2481 549
114.482 16.2481 549
111.892 16.0113 541
110.97 16.0113 541
109.234 15.8929 537
108.318 15.8929 537
107.003 15.8337 535
105.892 15.8041 534
104.982 15.8041 534
104.072 15.8041 534
102.968 15.7745 533
101.868 15.7449 532
100.961 15.7449 532
100.054 15.7449 532
99.1474 15.7449 532
98.2404 15.7449 532
97.3335 15.7449 532
96.6079 15.7745 533
95.6992 15.7745 533
94.7906 15.7745 533
94.0581 15.8041 534
93.1478 15.8041 534
92.2374 15.8041 534
91.1561 15.7745 533
90.0781 15.7449 532
89.1712 15.7449 532
88.0984 15.7153 531
87.5216 15.7745 533
86.6129 15.7745 533
85.7043 15.7745 533
84.7957 15.7745 533
83.887 15.7745 533
82.8227 15.7449 532
81.9158 15.7449 532
72.7368 14.9755 506
71.8742 14.9755 506
71.0116 14.9755 506
70.149 14.9755 506
69.2864 14.9755 506
68.4238 14.9755 506
67.2941 14.9163 504
66.3031 14.8867 503
65.4456 14.8867 503
64.4597 14.8571 502
63.4772 14.8275 501
62.6232 14.8275 501
61.6458 14.7979 500
60.7934 14.7979 500
59.941 14.7979 500
59.0887 14.7979 500
58.1198 14.7683 499
57.2692 14.7683 499
56.4185 14.7683 499
55.5678 14.7683 499
54.7171 14.7683 499
53.8665 14.7683 499
53.0158 14.7683 499
52.0606 14.7387 498
51.1088 14.7091 497
50.2615 14.7091 497
49.4143 14.7091 497
48.4693 14.6795 496
47.3357 14.5907 493
46.4953 14.5907 493
45.5622 14.5611 492
44.6326 14.5315 491
43.6171 14.4723 489
42.696 14.4427 488
41.8641 14.4427 488
40.6118 14.2947 483
39.706 14.2652 482
38.8843 14.2652 482
38.0626 14.2652 482
37.1637 14.2356 481
36.2682 14.206 480
35.3022 14.1468 478
34.4873 14.1468 478
33.4611 14.058 475
1490.33 113.762 4079
1483.37 113.762 4079
1476.42 113.762 4079
1455.34 113.204 4059
1448.42 113.204 4059
1441.5 113.204 4059
1431.05 112.925 4049
1417.46 112.395 4030
1417.24 112.925 4049
1417.31 113.483 4069
1410.37 113.483 4069
1410.33 114.041 4089
1403.36 114.041 4089
1396.39 114.041 4089
1389.42 114.041 4089
1379.07 113.762 4079
1355.63 112.395 4030
1348.76 112.395 4030
1335.23 111.837 4010
1309.51 110.248 3953
1299.81 109.997 3944
1293.09 109.997 3944
1277.23 109.216 3916
1270.55 109.216 3916
1260.97 108.965 3907
1254.31 108.965 3907
1239.03 108.212 3880
137.568 15.8134 567
136.601 15.8134 567
135.635 15.8134 567
134.43 15.7855 566
133.23 15.7577 565
132.033 15.7298 564
131.071 15.7298 564
130.11 15.7298 564
128.919 15.7019 563
127.959 15.7019 563
127 15.7019 563
125.816 15.674 562
124.858 15.674 562
123.679 15.6461 561
122.723 15.6461 561
121.55 15.6182 560
120.38 15.5903 559
119.427 15.5903 559
118.474 15.5903 559
116.259 15.423 553
112.189 15.0046 538
111.065 14.9767 537
110.149 14.9767 537
108.827 14.921 535
107.915 14.921 535
106.403 14.8373 532
105.298 14.8094 531
104.392 14.8094 531
103.487 14.8094 531
102.582 14.8094 531
101.677 14.8094 531
100.771 14.8094 531
99.8662 14.8094 531
98.961 14.8094 531
98.0558 14.8094 531
97.3335 14.8373 532
96.4266 14.8373 532
95.5197 14.8373 532
94.6127 14.8373 532
93.7058 14.8373 532
92.7989 14.8373 532
91.892 14.8373 532
90.985 14.8373 532
89.9088 14.8094 531
89.0036 14.8094 531
88.0984 14.8094 531
87.1931 14.8094 531
86.2879 14.8094 531
85.3827 14.8094 531
72.7368 14.1122 506
71.8742 14.1122 506
71.0116 14.1122 506
70.149 14.1122 506
69.2864 14.1122 506
68.4238 14.1122 506
67.2941 14.0564 504
66.1713 14.0006 502
65.3155 14.0006 502
64.4597 14.0006 502
63.4772 13.9727 501
62.6232 13.9727 501
61.6458 13.9448 500
60.7934 13.9448 500
59.941 13.9448 500
59.0887 13.9448 500
58.1198 13.9169 499
57.2692 13.9169 499
56.4185 13.9169 499
55.5678 13.9169 499
54.7171 13.9169 499
53.8665 13.9169 499
53.0158 13.9169 499
51.9561 13.8612 497
51.1088 13.8612 497
50.2615 13.8612 497
49.3149 13.8333 496
48.3716 13.8054 495
47.3357 13.7496 493
46.4953 13.7496 493
45.4696 13.6938 491
44.4508 13.638 489
43.528 13.6101 488
42.5211 13.5544 486
41.6925 13.5544 486
40.6118 13.4707 483
39.706 13.4428 482
38.8843 13.4428 482
38.0626 13.4428 482
37.1637 13.4149 481
36.2682 13.387 480
35.3022 13.3313 478
34.4873 13.3313 478
33.4611 13.2476 475
32.4451 13.1639 472
31.1712 12.9687 465
30.3785 12.9687 465
1451.99 106.541 4069
1445.05 106.541 4069
1438.12 106.541 4069
1424.15 106.017 4049
1420.74 106.279 4059
1424.27 107.065 4089
1417.3 107.065 4089
1410.33 107.065 4089
1403.36 107.065 4089
1396.39 107.065 4089
1389.42 107.065 4089
1379.07 106.803 4079
1365.39 106.279 4059
1358.47 106.279 4059
1341.89 105.52 4030
1331.71 105.258 4020
1324.86 105.258 4020
1318 105.258 4020
1286.36 103.268 3944
1270.55 102.535 3916
1260.97 102.299 3907
1254.31 102.299 3907
137.325 14.8199 566
136.36 14.8199 566
135.395 14.8199 566
134.43 14.8199 566
132.994 14.7675 564
132.033 14.7675 564
131.071 14.7675 564
129.879 14.7413 563
128.919 14.7413 563
127.959 14.7413 563
127 14.7413 563
125.816 14.7152 562
124.858 14.7152 562
123.679 14.689 561
122.723 14.689 561
121.55 14.6628 560
120.38 14.6366 559
119.427 14.6366 559
118.474 14.6366 559
116.259 14.4795 553
113.44 14.2438 544
111.065 14.0606 537
110.149 14.0606 537
108.827 14.0082 535
107.915 14.0082 535
106.403 13.9296 532
105.298 13.9035 531
104.392 13.9035 531
103.487 13.9035 531
102.582 13.9035 531
101.677 13.9035 531
100.771 13.9035 531
99.8662 13.9035 531
98.961 13.9035 531
98.0558 13.9035 531
97.3335 13.9296 532
96.4266 13.9296 532
95.5197 13.9296 532
94.4349 13.9035 531
93.5297 13.9035 531
92.6245 13.9035 531
91.7192 13.9035 531
90.814 13.9035 531
89.7395 13.8773 530
88.836 13.8773 530
87.9324 13.8773 530
86.8647 13.8511 529
73.4539 13.2227 505
72.593 13.2227 505
71.7321 13.2227 505
71.0116 13.2489 506
70.149 13.2489 506
69.2864 13.2489 506
68.2885 13.2227 505
67.2941 13.1965 504
66.1713 13.1441 502
65.3155 13.1441 502
64.3313 13.118 501
63.4772 13.118 501
62.4982 13.0918 500
61.6458 13.0918 500
60.7934 13.0918 500
59.941 13.0918 500
58.9705 13.0656 499
58.1198 13.0656 499
57.2692 13.0656 499
56.4185 13.0656 499
55.5678 13.0656 499
54.7171 13.0656 499
53.8665 13.0656 499
52.9096 13.0394 498
51.9561 13.0132 497
51.006 12.987 496
50.1604 12.987 496
49.2154 12.9609 495
48.2739 12.9347 494
47.1437 12.8561 491
46.3066 12.8561 491
45.377 12.8299 490
44.3599 12.7776 488
43.2604 12.699 485
42.2586 12.6467 483
41.4352 12.6467 483
40.4436 12.5943 481
39.6236 12.5943 481
38.8037 12.5943 481
37.9837 12.5943 481
37.0864 12.5681 480
36.117 12.5157 478
35.2283 12.4896 477
34.4151 12.4896 477
33.4611 12.4372 475
32.4451 12.3586 472
31.1712 12.1753 465
30.3785 12.1753 465
1451.99 99.5987 4069
1448.6 99.8435 4079
1441.65 99.8435 4079
1434.7 99.8435 4079
1431.24 100.088 4089
1424.27 100.088 4089
1417.3 100.088 4089
1410.33 100.088 4089
1403.36 100.088 4089
1396.39 100.088 4089
1389.42 100.088 4089
1382.45 100.088 4089
1375.48 100.088 4089
1368.51 100.088 4089
1361.54 100.088 4089
1354.57 100.088 4089
1324.86 98.3993 4020
1318 98.3993 4020
1286.36 96.539 3944
1270.55 95.8537 3916
137.083 13.8298 565
136.119 13.8298 565
135.156 13.8298 565
133.955 13.8053 564
132.994 13.8053 564
131.798 13.7808 563
130.839 13.7808 563
129.879 13.7808 563
128.69 13.7563 562
127.732 13.7563 562
126.774 13.7563 562
125.816 13.7563 562
124.636 13.7318 561
123.459 13.7074 560
122.504 13.7074 560
121.115 13.6584 558
119.733 13.6095 556
118.572 13.585 555
117.202 13.536 553
116.259 13.536 553
113.44 13.3157 544
111.065 13.1444 537
110.149 13.1444 537
108.217 13.022 532
107.31 13.022 532
106.203 12.9975 531
105.298 12.9975 531
104.392 12.9975 531
103.487 12.9975 531
102.582 12.9975 531
101.485 12.973 530
100.582 12.973 530
99.6782 12.973 530
98.7746 12.973 530
98.0558 12.9975 531
97.1506 12.9975 531
96.2454 12.9975 531
95.3401 12.9975 531
94.4349 12.9975 531
93.5297 12.9975 531
92.6245 12.9975 531
91.7192 12.9975 531
90.814 12.9975 531
89.7395 12.973 530
88.836 12.973 530
87.9324 12.973 530
86.8647 12.9486 529
73.4539 12.3611 505
72.593 12.3611 505
71.7321 12.3611 505
71.0116 12.3856 506
70.149 12.3856 506
69.2864 12.3856 506
68.2885 12.3611 505
67.2941 12.3366 504
66.0395 12.2632 501
65.1854 12.2632 501
64.3313 12.2632 501
63.3505 12.2387 500
62.4982 12.2387 500
61.5225 12.2142 499
60.6718 12.2142 499
59.8212 12.2142 499
58.9705 12.2142 499
58.0033 12.1898 498
57.1544 12.1898 498
56.3054 12.1898 498
55.3451 12.1653 497
54.4978 12.1653 497
53.6506 12.1653 497
52.8033 12.1653 497
51.8515 12.1408 496
50.8003 12.0919 494
49.9582 12.0919 494
49.0166 12.0674 493
48.0784 12.0429 492
47.0477 11.9939 490
46.2123 11.9939 490
45.1918 11.945 488
44.0872 11.8716 485
42.9928 11.7981 482
42.0836 11.7737 481
41.2636 11.7737 481
40.3595 11.7492 480
39.5413 11.7492 480
38.723 11.7492 480
37.9047 11.7492 480
36.9319 11.7002 478
36.0415 11.6757 477
35.0806 11.6268 475
34.1987 11.6023 474
33.3906 11.6023 474
32.4451 11.5534 472
31.3723 11.4554 468
30.3785 11.382 465
29.5858 11.382 465
28.7931 11.382 465
1451.99 92.6566 4069
1448.6 92.8843 4079
1441.65 92.8843 4079
1434.7 92.8843 4079
1431.24 93.112 4089
1424.27 93.112 4089
1417.3 93.112 4089
1410.33 93.112 4089
1403.36 93.112 4089
1396.39 93.112 4089
1386.02 92.8843 4079
1382.45 93.112 4089
1375.48 93.112 4089
1368.51 93.112 4089
1361.54 93.112 4089
1354.57 93.112 4089
1324.86 91.5408 4020
1318 91.5408 4020
1286.36 89.8102 3944
1270.55 89.1726 3916
151.535 13.1163 576
150.553 13.1163 576
149.571 13.1163 576
148.331 13.0935 575
146.838 13.048 573
145.861 13.048 573
144.632 13.0252 572
143.154 12.9797 570
141.434 12.9113 567
136.84 12.843 564
135.878 12.843 564
134.917 12.843 564
133.955 12.843 564
132.758 12.8203 563
131.564 12.7975 562
130.606 12.7975 562
129.648 12.7975 562
128.69 12.7975 562
127.505 12.7747 561
126.548 12.7747 561
125.592 12.7747 561
124.413 12.752 560
123.459 12.752 560
122.504 12.752 560
121.115 12.7064 558
119.518 12.6381 555
118.572 12.6381 555
116.99 12.5698 552
116.049 12.5698 552
113.44 12.3876 544
111.271 12.251 538
110.149 12.2282 537
108.013 12.0916 531
107.108 12.0916 531
106.203 12.0916 531
105.298 12.0916 531
104.392 12.0916 531
103.487 12.0916 531
102.389 12.0688 530
101.485 12.0688 530
100.582 12.0688 530
99.6782 12.0688 530
98.7746 12.0688 530
97.8711 12.0688 530
96.9676 12.0688 530
96.0641 12.0688 530
95.1606 12.0688 530
94.2571 12.0688 530
93.3535 12.0688 530
92.45 12.0688 530
91.5465 12.0688 530
90.643 12.0688 530
89.5702 12.046 529
88.6683 12.046 529
87.7665 12.046 529
73.4539 11.4995 505
72.593 11.4995 505
71.7321 11.4995 505
70.8712 11.4995 505
70.0103 11.4995 505
69.1494 11.4995 505
68.1533 11.4768 504
67.0271 11.4312 502
66.0395 11.4084 501
65.1854 11.4084 501
64.3313 11.4084 501
63.3505 11.3857 500
62.4982 11.3857 500
61.5225 11.3629 499
60.6718 11.3629 499
59.8212 11.3629 499
58.9705 11.3629 499
58.0033 11.3401 498
57.1544 11.3401 498
56.3054 11.3401 498
55.3451 11.3174 497
54.4978 11.3174 497
53.6506 11.3174 497
52.8033 11.3174 497
51.8515 11.2946 496
50.8003 11.249 494
49.9582 11.249 494
49.0166 11.2263 493
48.0784 11.2035 492
47.0477 11.158 490
46.2123 11.158 490
45.1918 11.1124 488
44.0872 11.0441 485
42.9928 10.9758 482
42.0836 10.953 481
41.2636 10.953 481
40.3595 10.9302 480
39.3765 10.8847 478
38.5616 10.8847 478
37.7468 10.8847 478
36.8546 10.8619 477
35.8904 10.8164 475
35.0067 10.7936 474
34.1265 10.7708 473
33.3202 10.7708 473
32.4451 10.7481 472
31.3723 10.657 468
30.3785 10.5887 465
29.5858 10.5887 465
28.7931 10.5887 465
1448.6 85.9251 4079
1441.65 85.9251 4079
1438.21 86.1357 4089
1431.24 86.1357 4089
1424.27 86.1357 4089
1417.3 86.1357 4089
1382.45 86.1357 4089
1375.48 86.1357 4089
1368.51 86.1357 4089
1361.54 86.1357 4089
1354.57 86.1357 4089
151.535 12.1336 576
150.553 12.1336 576
149.571 12.1336 576
148.331 12.1125 575
146.838 12.0704 573
145.861 12.0704 573
144.632 12.0493 572
143.154 12.0072 570
141.434 11.944 567
136.84 11.8808 564
135.878 11.8808 564
134.917 11.8808 564
133.955 11.8808 564
132.758 11.8597 563
131.564 11.8387 562
130.606 11.8387 562
129.648 11.8387 562
128.69 11.8387 562
127.505 11.8176 561
126.548 11.8176 561
125.592 11.8176 561
124.413 11.7965 560
123.018 11.7544 558
122.067 11.7544 558
120.464 11.6912 555
119.303 11.6701 554
118.145 11.6491 553
116.566 11.5859 550
115.629 11.5859 550
113.857 11.5016 546
112.306 11.4384 543
110.149 11.312 537
108.217 11.2067 532
107.31 11.2067 532
106.203 11.1856 531
105.298 11.1856 531
104.196 11.1646 530
103.292 11.1646 530
102.389 11.1646 530
101.485 11.1646 530
100.392 11.1435 529
99.4901 11.1435 529
98.5883 11.1435 529
97.6865 11.1435 529
96.7847 11.1435 529
95.8828 11.1435 529
94.981 11.1435 529
94.0792 11.1435 529
93.1774 11.1435 529
92.2756 11.1435 529
91.3738 11.1435 529
90.472 11.1435 529
89.4008 11.1224 528
88.5007 11.1224 528
87.2688 11.0803 526
73.4539 10.6379 505
72.593 10.6379 505
71.7321 10.6379 505
70.5905 10.5958 503
69.7331 10.5958 503
68.8756 10.5958 503
68.0181 10.5958 503
66.8936 10.5537 501
66.0395 10.5537 501
65.1854 10.5537 501
64.2029 10.5326 500
63.2238 10.5116 499
62.3732 10.5116 499
61.5225 10.5116 499
60.6718 10.5116 499
59.8212 10.5116 499
58.8523 10.4905 498
58.0033 10.4905 498
57.1544 10.4905 498
56.1924 10.4694 497
55.2337 10.4484 496
54.3882 10.4484 496
53.5426 10.4484 496
52.6971 10.4484 496
51.6424 10.4062 494
50.6975 10.3852 493
49.857 10.3852 493
48.9172 10.3641 492
47.883 10.322 490
46.8556 10.2798 488
46.0237 10.2798 488
44.914 10.2166 485
43.8145 10.1534 482
42.9036 10.1324 481
41.9961 10.1113 480
41.1778 10.1113 480
40.3595 10.1113 480
39.3765 10.0692 478
38.5616 10.0692 478
37.7468 10.0692 478
36.8546 10.0481 477
35.8904 10.006 475
35.0067 9.98492 474
34.1265 9.96386 473
33.3202 9.96386 473
32.4451 9.94279 472
31.3723 9.85853 468
30.3785 9.79533 465
29.5858 9.79533 465
28.7931 9.79533 465
1448.6 78.9659 4079
1441.65 78.9659 4079
1438.21 79.1595 4089
1431.24 79.1595 4089
1424.27 79.1595 4089
1375.48 79.1595 4089
1368.51 79.1595 4089
1361.54 79.1595 4089
151.535 11.1509 576
150.553 11.1509 576
149.571 11.1509 576
148.331 11.1315 575
146.838 11.0928 573
145.861 11.0928 573
144.632 11.0734 572
143.154 11.0347 570
141.434 10.9766 567
136.84 10.9186 564
135.878 10.9186 564
134.917 10.9186 564
133.718 10.8992 563
132.522 10.8798 562
131.564 10.8798 562
130.606 10.8798 562
129.648 10.8798 562
128.461 10.8605 561
127.505 10.8605 561
126.548 10.8605 561
125.368 10.8411 560
124.413 10.8411 560
123.018 10.8024 558
122.067 10.8024 558
120.464 10.7443 555
119.303 10.725 554
118.145 10.7056 553
116.566 10.6475 550
115.629 10.6475 550
113.857 10.5701 546
112.306 10.512 543
110.559 10.4346 539
108.217 10.2991 532
107.31 10.2991 532
106.203 10.2797 531
105.298 10.2797 531
104.196 10.2603 530
103.292 10.2603 530
102.389 10.2603 530
101.485 10.2603 530
100.392 10.241 529
99.4901 10.241 529
98.5883 10.241 529
97.6865 10.241 529
96.7847 10.241 529
95.8828 10.241 529
94.981 10.241 529
94.0792 10.241 529
93.0013 10.2216 528
92.1012 10.2216 528
91.2011 10.2216 528
90.1299 10.2023 527
89.2315 10.2023 527
88.3331 10.2023 527
72.3055 9.73764 503
71.448 9.73764 503
70.5905 9.73764 503
69.7331 9.73764 503
68.8756 9.73764 503
68.0181 9.73764 503
65.7758 9.66021 499
64.9252 9.66021 499
64.0745 9.66021 499
63.2238 9.66021 499
62.3732 9.66021 499
61.3992 9.64085 498
60.5502 9.64085 498
59.7013 9.64085 498
58.8523 9.64085 498
57.8869 9.62149 497
57.0396 9.62149 497
56.0793 9.60213 496
55.2337 9.60213 496
54.3882 9.60213 496
53.5426 9.60213 496
52.6971 9.60213 496
51.5379 9.54405 493
50.4918 9.50533 491
49.6548 9.50533 491
48.8177 9.50533 491
47.6875 9.44726 488
46.6636 9.40854 486
45.5522 9.35046 483
44.7288 9.35046 483
43.7236 9.31174 481
42.8144 9.29238 480
41.9086 9.27302 479
41.092 9.27302 479
40.1914 9.25367 478
39.3765 9.25367 478
38.4003 9.21495 476
37.5888 9.21495 476
36.7001 9.19559 475
35.8148 9.17623 474
35.0067 9.17623 474
34.1265 9.15687 473
33.3202 9.15687 473
32.4451 9.13751 472
31.3723 9.06007 468
30.3785 9.002 465
29.5858 9.002 465
28.7312 8.98264 464
1448.6 72.0067 4079
1441.65 72.0067 4079
1438.21 72.1832 4089
1431.24 72.1832 4089
1424.27 72.1832 4089
1375.48 72.1832 4089
1368.51 72.1832 4089
1361.54 72.1832 4089
159.667 10.1858 577
158.683 10.1858 577
157.7 10.1858 577
156.173 10.1505 575
152.517 10.1681 576
151.535 10.1681 576
150.553 10.1681 576
149.311 10.1505 575
148.331 10.1505 575
146.838 10.1152 573
145.861 10.1152 573
144.632 10.0975 572
143.154 10.0622 570
141.434 10.0093 567
139.972 9.97396 565
139.009 9.97396 565
137.557 9.93865 563
136.597 9.93865 563
135.397 9.921 562
134.439 9.921 562
133.48 9.921 562
132.287 9.90335 561
131.096 9.8857 560
130.141 9.8857 560
128.956 9.86804 559
127.774 9.85039 558
126.823 9.85039 558
125.872 9.85039 558
124.473 9.81508 556
123.525 9.81508 556
122.357 9.79743 555
121.192 9.77978 554
120.247 9.77978 554
119.087 9.76213 553
117.931 9.74447 552
116.354 9.69151 549
115.418 9.69151 549
113.857 9.63855 546
112.306 9.58559 543
110.559 9.51498 539
108.217 9.39141 532
107.31 9.39141 532
106.203 9.37376 531
105.099 9.3561 530
104.196 9.3561 530
103.292 9.3561 530
102.389 9.3561 530
101.294 9.33845 529
100.392 9.33845 529
99.4901 9.33845 529
98.5883 9.33845 529
97.5018 9.3208 528
96.6017 9.3208 528
95.7016 9.3208 528
94.8015 9.3208 528
93.9014 9.3208 528
93.0013 9.3208 528
92.1012 9.3208 528
91.2011 9.3208 528
90.1299 9.30315 527
89.2315 9.30315 527
88.3331 9.30315 527
72.3055 8.87947 503
71.448 8.87947 503
70.5905 8.87947 503
69.7331 8.87947 503
68.8756 8.87947 503
68.0181 8.87947 503
65.644 8.79121 498
64.7951 8.79121 498
63.9461 8.79121 498
62.9704 8.77356 497
62.1232 8.77356 497
61.2759 8.77356 497
60.4287 8.77356 497
59.5814 8.77356 497
58.7341 8.77356 497
57.7704 8.7559 496
56.9249 8.7559 496
56.0793 8.7559 496
55.2337 8.7559 496
54.3882 8.7559 496
53.5426 8.7559 496
49.5663 8.50876 482
48.8457 8.52641 483
48.0223 8.52641 483
47.1989 8.52641 483
46.3755 8.52641 483
45.3635 8.49111 481
44.5435 8.49111 481
43.6327 8.47345 480
42.7252 8.4558 479
41.8211 8.43815 478
41.0062 8.43815 478
40.1073 8.4205 477
39.2118 8.40284 476
38.3196 8.38519 475
37.5099 8.38519 475
36.6228 8.36754 474
35.8148 8.36754 474
34.9329 8.34988 473
34.1265 8.34988 473
33.3202 8.34988 473
32.4451 8.33223 472
31.3723 8.26162 468
30.3132 8.19101 464
29.5222 8.19101 464
28.7312 8.19101 464
27.8198 8.1557 462
164.3 9.18543 576
163.318 9.18543 576
162.336 9.18543 576
161.354 9.18543 576
160.65 9.20138 577
159.667 9.20138 577
158.683 9.20138 577
157.7 9.20138 577
156.173 9.16948 575
155.192 9.16948 575
154.48 9.18543 576
153.498 9.18543 576
152.517 9.18543 576
151.535 9.18543 576
150.553 9.18543 576
149.311 9.16948 575
148.073 9.15353 574
146.582 9.12164 572
145.607 9.12164 572
144.379 9.10569 571
142.652 9.05785 568
141.434 9.04191 567
139.972 9.01001 565
139.009 9.01001 565
137.557 8.97812 563
136.597 8.97812 563
135.397 8.96217 562
134.439 8.96217 562
133.243 8.94623 561
132.051 8.93028 560
130.862 8.91433 559
129.909 8.91433 559
128.725 8.89838 558
127.545 8.88244 557
126.368 8.86649 556
125.421 8.86649 556
124.249 8.85054 555
123.303 8.85054 555
122.136 8.8346 554
120.973 8.81865 553
120.03 8.81865 553
118.872 8.8027 552
117.504 8.77081 550
116.142 8.73891 548
115.208 8.73891 548
113.857 8.70702 546
112.512 8.67513 544
110.97 8.62729 541
110.047 8.62729 541
107.31 8.48376 532
106.203 8.46782 531
105.099 8.45187 530
104.196 8.45187 530
103.292 8.45187 530
102.389 8.45187 530
101.294 8.43592 529
100.202 8.41998 528
99.302 8.41998 528
98.4019 8.41998 528
97.5018 8.41998 528
96.4187 8.40403 527
95.5203 8.40403 527
94.6219 8.40403 527
93.7235 8.40403 527
92.8251 8.40403 527
91.9267 8.40403 527
91.0283 8.40403 527
90.1299 8.40403 527
89.0622 8.38808 526
88.1655 8.38808 526
65.644 7.94157 498
64.7951 7.94157 498
63.9461 7.94157 498
62.9704 7.92562 497
62.1232 7.92562 497
61.2759 7.92562 497
60.4287 7.92562 497
59.5814 7.92562 497
58.7341 7.92562 497
57.7704 7.90967 496
56.9249 7.90967 496
56.0793 7.90967 496
55.2337 7.90967 496
54.3882 7.90967 496
53.5426 7.90967 496
49.5663 7.68642 482
48.8457 7.70236 483
48.0223 7.70236 483
47.1989 7.70236 483
46.3755 7.70236 483
45.3635 7.67047 481
44.5435 7.67047 481
43.6327 7.65452 480
42.7252 7.63858 479
41.8211 7.62263 478
41.0062 7.62263 478
40.1073 7.60668 477
39.1294 7.57479 475
38.2389 7.55884 474
37.4309 7.55884 474
36.6228 7.55884 474
35.8148 7.55884 474
34.9329 7.5429 473
34.1265 7.5429 473
33.3202 7.5429 473
32.4451 7.52695 472
31.3053 7.44721 467
30.3132 7.39937 464
29.5222 7.39937 464
28.6693 7.38343 463
27.8198 7.36748 462
164.3 8.20271 576
163.318 8.20271 576
162.336 8.20271 576
161.354 8.20271 576
160.65 8.21695 577
159.667 8.21695 577
158.683 8.21695 577
157.7 8.21695 577
156.173 8.18847 575
155.192 8.18847 575
154.48 8.20271 576
153.498 8.20271 576
152.517 8.20271 576
151.535 8.20271 576
150.553 8.20271 576
149.311 8.18847 575
148.073 8.17423 574
146.582 8.14575 572
145.607 8.14575 572
144.379 8.13151 571
142.652 8.08879 568
141.434 8.07455 567
139.972 8.04606 565
139.009 8.04606 565
137.557 8.01758 563
136.597 8.01758 563
135.397 8.00334 562
134.439 8.00334 562
133.243 7.9891 561
132.051 7.97486 560
130.862 7.96062 559
129.909 7.96062 559
128.725 7.94638 558
127.545 7.93214 557
126.368 7.9179 556
125.421 7.9179 556
124.249 7.90366 555
123.303 7.90366 555
121.916 7.87517 553
120.973 7.87517 553
120.03 7.87517 553
118.657 7.84669 551
117.29 7.81821 549
116.142 7.80397 548
115.208 7.80397 548
113.857 7.77549 546
112.512 7.74701 544
110.97 7.70428 541
110.047 7.70428 541
107.31 7.57612 532
106.203 7.56188 531
105.099 7.54764 530
104.196 7.54764 530
103.292 7.54764 530
102.389 7.54764 530
101.294 7.53339 529
100.202 7.51915 528
99.302 7.51915 528
98.4019 7.51915 528
97.3171 7.50491 527
96.4187 7.50491 527
95.5203 7.50491 527
94.4424 7.49067 526
93.5457 7.49067 526
92.4728 7.47643 525
91.5779 7.47643 525
90.6829 7.47643 525
89.6169 7.46219 524
88.3849 7.43371 522
65.5122 7.07769 497
64.665 7.07769 497
63.8177 7.07769 497
62.8437 7.06345 496
61.7482 7.03497 494
60.906 7.03497 494
60.0639 7.03497 494
59.2218 7.03497 494
58.3796 7.03497 494
57.5375 7.03497 494
56.6953 7.03497 494
55.7401 7.02072 493
54.7883 7.00648 492
49.5663 6.86408 482
48.7446 6.86408 482
47.9229 6.86408 482
47.1012 6.86408 482
46.2795 6.86408 482
45.2692 6.83559 480
44.4509 6.83559 480
43.5418 6.82135 479
42.636 6.80711 478
41.7336 6.79287 477
40.9205 6.79287 477
40.0232 6.77863 476
39.1294 6.76439 475
38.2389 6.75015 474
37.4309 6.75015 474
36.6228 6.75015 474
35.8148 6.75015 474
35.0067 6.75015 474
34.1987 6.75015 474
33.3202 6.73591 473
32.4451 6.72167 472
31.3053 6.65046 467
30.3132 6.60774 464
29.5222 6.60774 464
28.6693 6.5935 463
27.8198 6.57926 462
167.246 7.22 576
166.264 7.22 576
165.282 7.22 576
164.3 7.22 576
163.318 7.22 576
162.336 7.22 576
161.354 7.22 576
160.65 7.23253 577
159.667 7.23253 577
158.683 7.23253 577
157.426 7.22 576
156.173 7.20746 575
155.192 7.20746 575
154.48 7.22 576
153.498 7.22 576
152.517 7.22 576
151.272 7.20746 575
150.291 7.20746 575
149.051 7.19493 574
147.815 7.18239 573
146.326 7.15732 571
145.352 7.15732 571
143.873 7.13225 569
142.652 7.11972 568
140.935 7.08212 565
139.724 7.06958 564
138.763 7.06958 564
137.557 7.05705 563
136.597 7.05705 563
135.397 7.04451 562
134.439 7.04451 562
133.243 7.03198 561
131.815 7.00691 559
130.628 6.99437 558
129.677 6.99437 558
128.495 6.98184 557
127.316 6.9693 556
126.141 6.95677 555
125.195 6.95677 555
124.249 6.95677 555
123.08 6.94423 554
121.916 6.9317 553
120.973 6.9317 553
120.03 6.9317 553
118.657 6.90663 551
117.29 6.88156 549
116.142 6.86903 548
115.208 6.86903 548
113.857 6.84396 546
112.512 6.81889 544
110.97 6.78128 541
110.047 6.78128 541
107.713 6.69354 534
106.203 6.65594 531
105.099 6.6434 530
104.196 6.6434 530
103.292 6.6434 530
102.389 6.6434 530
101.294 6.63087 529
100.202 6.61833 528
99.302 6.61833 528
98.4019 6.61833 528
97.3171 6.6058 527
96.4187 6.6058 527
95.5203 6.6058 527
94.4424 6.59326 526
93.5457 6.59326 526
92.4728 6.58073 525
91.0546 6.54312 522
90.1647 6.54312 522
88.9327 6.51805 520
88.0463 6.51805 520
65.3804 6.21722 496
64.5348 6.21722 496
63.6893 6.21722 496
62.5903 6.19215 494
61.6232 6.17962 493
60.7827 6.17962 493
59.9423 6.17962 493
59.1019 6.17962 493
58.2614 6.17962 493
57.421 6.17962 493
56.5805 6.17962 493
55.627 6.16708 492
54.7883 6.16708 492
49.4634 6.0292 481
48.7446 6.04173 482
47.9229 6.04173 482
47.1012 6.04173 482
46.2795 6.04173 482
45.2692 6.01666 480
44.4509 6.01666 480
43.4509 5.9916 478
42.5468 5.97906 477
41.6461 5.96653 476
40.8347 5.96653 476
39.9391 5.95399 475
39.047 5.94146 474
38.2389 5.94146 474
37.4309 5.94146 474
36.6228 5.94146 474
35.8148 5.94146 474
35.0067 5.94146 474
34.1987 5.94146 474
33.3202 5.92892 473
32.4451 5.91639 472
31.2383 5.84118 466
30.2479 5.80357 463
29.4586 5.80357 463
28.4835 5.76597 460
27.6391 5.75344 459
167.246 6.23728 576
166.264 6.23728 576
165.282 6.23728 576
164.3 6.23728 576
163.318 6.23728 576
162.336 6.23728 576
161.354 6.23728 576
160.372 6.23728 576
159.39 6.23728 576
158.408 6.23728 576
157.153 6.22645 575
155.901 6.21562 574
154.923 6.21562 574
154.212 6.22645 575
153.232 6.22645 575
152.252 6.22645 575
151.272 6.22645 575
150.291 6.22645 575
148.792 6.2048 573
147.557 6.19397 572
145.813 6.16148 569
144.588 6.15065 568
143.62 6.15065 568
142.401 6.13982 567
140.935 6.11817 565
139.724 6.10734 564
138.763 6.10734 564
137.557 6.09651 563
136.355 6.08568 562
135.156 6.07485 561
134.199 6.07485 561
133.005 6.06402 560
131.579 6.04237 558
130.394 6.03154 557
129.444 6.03154 557
128.264 6.02071 556
127.087 6.00988 555
125.914 5.99905 554
124.969 5.99905 554
124.025 5.99905 554
122.858 5.98822 553
121.916 5.98822 553
120.754 5.9774 552
119.813 5.9774 552
118.441 5.95574 550
117.076 5.93408 548
115.718 5.91242 546
114.788 5.91242 546
113.44 5.89077 544
111.892 5.85828 541
110.765 5.84745 540
109.844 5.84745 540
107.713 5.78248 534
106.203 5.74999 531
105.099 5.73917 530
104.196 5.73917 530
103.292 5.73917 530
102.389 5.73917 530
101.102 5.71751 528
100.202 5.71751 528
99.302 5.71751 528
98.2155 5.70668 527
97.3171 5.70668 527
96.2358 5.69585 526
95.3391 5.69585 526
94.2628 5.68502 525
93.19 5.67419 524
91.9444 5.65254 522
91.0546 5.65254 522
90.1647 5.65254 522
88.9327 5.63088 520
88.0463 5.63088 520
65.3804 5.37099 496
64.5348 5.37099 496
63.6893 5.37099 496
62.5903 5.34934 494
61.7482 5.34934 494
60.7827 5.33851 493
59.9423 5.33851 493
59.1019 5.33851 493
58.2614 5.33851 493
57.421 5.33851 493
56.5805 5.33851 493
55.627 5.32768 492
54.677 5.31685 491
49.3606 5.19773 480
48.6435 5.20856 481
47.8235 5.20856 481
47.0035 5.20856 481
46.1835 5.20856 481
45.2692 5.19773 480
44.4509 5.19773 480
43.36 5.16525 477
42.4576 5.15442 476
41.5586 5.14359 475
40.7489 5.14359 475
39.9391 5.14359 475
39.047 5.13276 474
38.2389 5.13276 474
37.4309 5.13276 474
36.6228 5.13276 474
35.8148 5.13276 474
35.0067 5.13276 474
34.1987 5.13276 474
33.3202 5.12193 473
32.4451 5.11111 472
30.9701 5.00282 462
30.1172 4.99199 461
29.1404 4.95951 458
28.3597 4.95951 458
27.5187 4.94868 457
26.7396 4.94868 457
25.0713 4.92702 455
24.2956 4.92702 455
23.5199 4.92702 455
22.7443 4.92702 455
21.9686 4.92702 455
21.193 4.92702 455
20.4173 4.92702 455
19.6416 4.92702 455
18.866 4.92702 455
169.6 5.23632 574
168.622 5.23632 574
167.935 5.24544 575
167.246 5.25457 576
166.264 5.25457 576
165.282 5.25457 576
164.3 5.25457 576
163.318 5.25457 576
162.336 5.25457 576
161.354 5.25457 576
160.372 5.25457 576
159.39 5.25457 576
158.408 5.25457 576
157.153 5.24544 575
155.901 5.23632 574
154.653 5.2272 573
153.676 5.2272 573
152.699 5.2272 573
151.722 5.2272 573
150.745 5.2272 573
149.769 5.2272 573
148.532 5.21808 572
147.041 5.19983 570
145.557 5.18159 568
144.334 5.17246 567
143.367 5.17246 567
142.15 5.16334 566
140.686 5.1451 564
139.477 5.13597 563
138.517 5.13597 563
137.557 5.13597 563
136.112 5.11773 561
134.915 5.10861 560
133.96 5.10861 560
132.768 5.09948 559
131.343 5.08124 557
129.926 5.06299 555
128.979 5.06299 555
127.803 5.05387 554
126.858 5.05387 554
125.687 5.04475 553
124.744 5.04475 553
123.801 5.04475 553
122.858 5.04475 553
121.695 5.03563 552
120.535 5.0265 551
119.596 5.0265 551
118.226 5.00826 549
116.649 4.98089 546
115.718 4.98089 546
114.788 4.98089 546
113.44 4.96265 544
111.685 4.92616 540
110.559 4.91703 539
109.641 4.91703 539
107.713 4.87142 534
106.203 4.84405 531
105.099 4.83493 530
104.196 4.83493 530
103.292 4.83493 530
102.196 4.82581 529
101.102 4.81669 528
100.012 4.80756 527
99.1139 4.80756 527
98.2155 4.80756 527
97.1325 4.79844 526
96.0528 4.78932 525
95.1578 4.78932 525
94.0833 4.7802 524
92.8343 4.76195 522
91.7683 4.75283 521
90.7057 4.74371 520
89.8192 4.74371 520
88.7617 4.73458 519
87.877 4.73458 519
65.2486 4.51564 495
64.4047 4.51564 495
63.5609 4.51564 495
62.5903 4.50652 494
61.7482 4.50652 494
60.7827 4.4974 493
59.9423 4.4974 493
59.1019 4.4974 493
58.2614 4.4974 493
57.421 4.4974 493
56.5805 4.4974 493
55.627 4.48828 492
54.677 4.47915 491
49.3606 4.37881 480
48.6435 4.38793 481
47.8235 4.38793 481
47.0035 4.38793 481
46.1835 4.38793 481
45.2692 4.37881 480
44.4509 4.37881 480
43.36 4.35144 477
42.4576 4.34231 476
41.5586 4.33319 475
40.7489 4.33319 475
39.9391 4.33319 475
39.047 4.32407 474
38.1583 4.31495 473
37.3519 4.31495 473
36.5456 4.31495 473
35.7392 4.31495 473
34.9329 4.31495 473
34.1265 4.31495 473
33.2498 4.30582 472
31.8265 4.22372 463
30.9031 4.20548 461
29.9865 4.18723 459
29.0768 4.16899 457
28.2977 4.16899 457
27.5187 4.16899 457
26.7396 4.16899 457
25.9037 4.15986 456
25.1264 4.15986 456
24.349 4.15986 456
23.5716 4.15986 456
22.7443 4.15074 455
21.9686 4.15074 455
21.193 4.15074 455
20.4173 4.15074 455
19.6416 4.15074 455
18.866 4.15074 455
169.6 4.25702 574
168.622 4.25702 574
167.935 4.26443 575
167.246 4.27185 576
166.264 4.27185 576
165.282 4.27185 576
164.3 4.27185 576
163.034 4.26443 575
162.054 4.26443 575
161.074 4.26443 575
160.094 4.26443 575
159.113 4.26443 575
158.133 4.26443 575
156.88 4.25702 574
155.629 4.2496 573
154.653 4.2496 573
153.676 4.2496 573
152.699 4.2496 573
151.722 4.2496 573
150.745 4.2496 573
149.769 4.2496 573
148.532 4.24218 572
147.041 4.22735 570
145.557 4.21252 568
144.334 4.2051 567
143.367 4.2051 567
142.15 4.19769 566
140.686 4.18285 564
139.477 4.17544 563
138.517 4.17544 563
137.557 4.17544 563
136.112 4.1606 561
134.915 4.15319 560
133.96 4.15319 560
132.768 4.14577 559
131.343 4.13094 557
129.926 4.11611 555
128.979 4.11611 555
127.803 4.10869 554
126.858 4.10869 554
125.687 4.10127 553
124.744 4.10127 553
123.801 4.10127 553
122.858 4.10127 553
121.695 4.09386 552
120.535 4.08644 551
119.596 4.08644 551
118.226 4.07161 549
116.649 4.04936 546
115.295 4.03453 544
114.367 4.03453 544
113.023 4.01969 542
111.478 3.99744 539
110.559 3.99744 539
109.641 3.99744 539
107.713 3.96036 534
106.203 3.93811 531
105.099 3.9307 530
104.196 3.9307 530
103.292 3.9307 530
102.002 3.91586 528
100.911 3.90845 527
100.012 3.90845 527
99.1139 3.90845 527
98.0292 3.90103 526
96.9478 3.89361 525
95.6869 3.87878 523
94.6141 3.87136 522
93.7242 3.87136 522
92.8343 3.87136 522
91.5922 3.85653 520
90.5313 3.84912 519
89.6465 3.84912 519
88.5907 3.8417 518
87.5383 3.83428 517
85.8189 3.7972 512
84.9461 3.7972 512
65.2486 3.67112 495
64.4047 3.67112 495
63.5609 3.67112 495
62.5903 3.66371 494
61.7482 3.66371 494
60.7827 3.65629 493
59.9423 3.65629 493
59.1019 3.65629 493
58.1433 3.64887 492
57.3045 3.64887 492
56.4658 3.64887 492
49.3606 3.55988 480
48.5423 3.55988 480
47.7241 3.55988 480
46.9058 3.55988 480
46.0875 3.55988 480
45.1749 3.55246 479
44.3583 3.55246 479
43.2691 3.53021 476
42.2792 3.51538 474
41.4712 3.51538 474
40.6631 3.51538 474
39.8551 3.51538 474
38.9646 3.50796 473
38.1583 3.50796 473
37.3519 3.50796 473
36.5456 3.50796 473
35.7392 3.50796 473
34.9329 3.50796 473
34.1265 3.50796 473
33.2498 3.50054 472
31.8265 3.4338 463
30.9031 3.41896 461
29.9865 3.40413 459
29.0768 3.3893 457
28.2977 3.3893 457
27.5187 3.3893 457
26.7396 3.3893 457
25.9037 3.38188 456
25.1264 3.38188 456
24.349 3.38188 456
23.5716 3.38188 456
22.7443 3.37447 455
21.9686 3.37447 455
21.193 3.37447 455
20.4173 3.37447 455
19.6416 3.37447 455
18.866 3.37447 455
170.876 3.28342 575
169.896 3.28342 575
168.916 3.28342 575
167.935 3.28342 575
166.955 3.28342 575
165.975 3.28342 575
164.995 3.28342 575
164.014 3.28342 575
162.751 3.27771 574
161.772 3.27771 574
160.794 3.27771 574
159.815 3.27771 574
158.837 3.27771 574
157.858 3.27771 574
156.606 3.272 573
155.358 3.26629 572
154.383 3.26629 572
153.676 3.272 573
152.699 3.272 573
151.722 3.272 573
150.482 3.26629 572
149.507 3.26629 572
148.272 3.26058 571
146.525 3.24345 568
145.301 3.23774 567
144.079 3.23203 566
143.114 3.23203 566
141.898 3.22632 565
140.686 3.22061 564
139.477 3.2149 563
138.517 3.2149 563
137.068 3.20348 561
135.869 3.19777 560
134.674 3.19206 559
133.721 3.19206 559
132.293 3.18064 557
130.872 3.16922 555
129.692 3.16351 554
128.747 3.16351 554
127.803 3.16351 554
126.629 3.1578 553
125.687 3.1578 553
124.744 3.1578 553
123.801 3.1578 553
122.636 3.15209 552
121.695 3.15209 552
120.535 3.14638 551
119.596 3.14638 551
118.226 3.13496 549
116.649 3.11783 546
115.295 3.1064 544
114.367 3.1064 544
113.023 3.09498 542
111.478 3.07785 539
110.559 3.07785 539
109.641 3.07785 539
107.713 3.0493 534
106.203 3.03217 531
105.099 3.02646 530
104.196 3.02646 530
103.292 3.02646 530
102.002 3.01504 528
100.911 3.00933 527
100.012 3.00933 527
99.1139 3.00933 527
98.0292 3.00362 526
96.9478 2.99791 525
95.6869 2.98649 523
94.6141 2.98078 522
93.7242 2.98078 522
92.8343 2.98078 522
91.5922 2.96936 520
90.1824 2.95223 517
89.301 2.95223 517
88.4197 2.95223 517
87.1997 2.94081 515
85.8189 2.92368 512
84.9461 2.92368 512
66.2602 2.79805 490
65.4248 2.79805 490
64.8531 2.80947 492
64.2746 2.82089 494
63.4325 2.82089 494
62.5903 2.82089 494
61.7482 2.82089 494
60.7827 2.81518 493
59.9423 2.81518 493
58.5025 2.78663 488
49.3606 2.74095 480
48.5423 2.74095 480
47.7241 2.74095 480
46.9058 2.74095 480
46.0875 2.74095 480
45.0806 2.72952 478
44.2657 2.72952 478
43.0873 2.70668 474
42.2792 2.70668 474
41.3837 2.70097 473
40.5773 2.70097 473
39.771 2.70097 473
38.8822 2.69526 472
38.0776 2.69526 472
37.273 2.69526 472
36.4683 2.69526 472
35.6637 2.69526 472
34.859 2.69526 472
34.0544 2.69526 472
32.6158 2.64387 463
31.7577 2.63816 462
30.9031 2.63245 461
29.9865 2.62103 459
29.0768 2.60961 457
28.2977 2.60961 457
27.5187 2.60961 457
26.7396 2.60961 457
25.9037 2.6039 456
25.1264 2.6039 456
24.349 2.6039 456
23.5716 2.6039 456
22.7443 2.59819 455
21.9686 2.59819 455
21.193 2.59819 455
20.4173 2.59819 455
19.6416 2.59819 455
18.866 2.59819 455
171.856 2.30241 575
170.876 2.30241 575
169.896 2.30241 575
168.916 2.30241 575
167.643 2.29841 574
166.665 2.29841 574
165.686 2.29841 574
164.708 2.29841 574
163.729 2.29841 574
162.751 2.29841 574
161.772 2.29841 574
160.514 2.29441 573
159.537 2.29441 573
158.56 2.29441 573
157.583 2.29441 573
156.333 2.2904 572
155.358 2.2904 572
154.383 2.2904 572
153.408 2.2904 572
152.433 2.2904 572
151.457 2.2904 572
150.219 2.2864 571
149.246 2.2864 571
147.493 2.27439 568
146.267 2.27038 567
145.044 2.26638 566
144.079 2.26638 566
143.114 2.26638 566
141.898 2.26237 565
140.686 2.25837 564
139.229 2.25036 562
138.271 2.25036 562
137.068 2.24636 561
135.627 2.23835 559
134.192 2.23034 557
133.242 2.23034 557
132.055 2.22633 556
130.636 2.21833 554
129.692 2.21833 554
128.747 2.21833 554
127.572 2.21432 553
126.629 2.21432 553
125.687 2.21432 553
124.744 2.21432 553
123.577 2.21032 552
122.636 2.21032 552
121.475 2.20631 551
120.317 2.20231 550
119.379 2.20231 550
118.226 2.19831 549
116.649 2.18629 546
115.295 2.17828 544
114.367 2.17828 544
113.023 2.17028 542
111.478 2.15826 539
110.149 2.15025 537
109.234 2.15025 537
107.511 2.13424 533
106.203 2.12623 531
105.099 2.12223 530
103.999 2.11822 529
103.097 2.11822 529
101.809 2.11021 527
100.911 2.11021 527
99.8226 2.10621 526
98.9259 2.10621 526
97.8428 2.1022 525
96.5785 2.0942 523
95.504 2.09019 522
94.6141 2.09019 522
93.7242 2.09019 522
92.4786 2.08218 520
91.2399 2.07418 518
90.1824 2.07017 517
89.301 2.07017 517
88.4197 2.07017 517
87.1997 2.06216 515
85.8189 2.05015 512
84.9461 2.05015 512
83.7448 2.04214 510
82.5504 2.03413 508
66.2602 1.96206 490
65.4248 1.96206 490
64.8531 1.97007 492
64.0144 1.97007 492
63.3041 1.97407 493
62.4636 1.97407 493
61.6232 1.97407 493
60.7827 1.97407 493
59.9423 1.97407 493
58.5025 1.95405 488
50.6784 1.91 477
49.8653 1.91 477
49.2578 1.91801 479
48.5423 1.92202 480
47.7241 1.92202 480
46.9058 1.92202 480
45.9915 1.91801 479
45.0806 1.91401 478
44.2657 1.91401 478
43.0873 1.89799 474
42.19 1.89399 473
41.3837 1.89399 473
40.5773 1.89399 473
39.771 1.89399 473
38.8822 1.88998 472
38.0776 1.88998 472
37.273 1.88998 472
36.4683 1.88998 472
35.6637 1.88998 472
34.859 1.88998 472
34.0544 1.88998 472
32.4749 1.84594 461
31.689 1.84594 461
30.8361 1.84193 460
29.9865 1.83793 459
29.0768 1.82992 457
28.2977 1.82992 457
27.5187 1.82992 457
26.7396 1.82992 457
25.9037 1.82591 456
25.1264 1.82591 456
24.349 1.82591 456
23.5199 1.82191 455
22.7443 1.82191 455
21.9686 1.82191 455
21.193 1.82191 455
20.4173 1.82191 455
19.6416 1.82191 455
18.866 1.82191 455
173.817 1.32141 575
172.837 1.32141 575
171.856 1.32141 575
170.876 1.32141 575
169.896 1.32141 575
168.916 1.32141 575
167.935 1.32141 575
166.665 1.31911 574
165.686 1.31911 574
164.708 1.31911 574
163.729 1.31911 574
162.751 1.31911 574
161.772 1.31911 574
160.514 1.31681 573
159.537 1.31681 573
158.56 1.31681 573
157.583 1.31681 573
156.333 1.31451 572
155.358 1.31451 572
154.383 1.31451 572
153.408 1.31451 572
152.433 1.31451 572
150.663 1.30762 569
149.43 1.30532 568
148.462 1.30532 568
147.234 1.30302 567
146.009 1.30072 566
145.044 1.30072 566
143.825 1.29842 565
142.862 1.29842 565
141.647 1.29613 564
140.436 1.29383 563
139.229 1.29153 562
138.271 1.29153 562
136.58 1.28464 559
135.384 1.28234 558
133.951 1.27774 556
133.003 1.27774 556
131.818 1.27544 555
130.636 1.27315 554
129.457 1.27085 553
128.515 1.27085 553
127.572 1.27085 553
126.629 1.27085 553
125.232 1.26625 551
124.293 1.26625 551
123.353 1.26625 551
122.414 1.26625 551
121.254 1.26395 550
120.098 1.26165 549
119.162 1.26165 549
117.795 1.25706 547
116.222 1.25016 544
114.871 1.24557 542
113.947 1.24557 542
112.814 1.24327 541
111.271 1.23638 538
110.149 1.23408 537
109.234 1.23408 537
107.31 1.22259 532
106.003 1.21799 530
105.099 1.21799 530
103.803 1.21339 528
102.902 1.21339 528
101.616 1.2088 526
100.719 1.2088 526
99.6328 1.2065 525
98.7378 1.2065 525
97.4701 1.2019 523
96.3938 1.19961 522
95.138 1.19501 520
94.2516 1.19501 520
93.3651 1.19501 520
92.3008 1.19271 519
91.0637 1.18812 517
90.1824 1.18812 517
89.301 1.18812 517
88.0776 1.18352 515
86.6917 1.17663 512
85.6513 1.17433 511
84.7802 1.17433 511
83.7448 1.17203 510
82.5504 1.16743 508
66.2602 1.12607 490
65.4248 1.12607 490
64.5895 1.12607 490
63.7542 1.12607 490
63.3041 1.13296 493
62.4636 1.13296 493
61.6232 1.13296 493
60.7827 1.13296 493
59.9423 1.13296 493
58.5025 1.12147 488
57.5524 1.11917 487
50.6784 1.09619 477
49.8653 1.09619 477
49.2578 1.10079 479
48.5423 1.10309 480
47.7241 1.10309 480
46.9058 1.10309 480
45.9915 1.10079 479
45.0806 1.09849 478
44.2657 1.09849 478
43.0873 1.0893 474
42.19 1.087 473
41.3837 1.087 473
40.5773 1.087 473
39.771 1.087 473
38.8822 1.0847 472
38.0776 1.0847 472
37.273 1.0847 472
33.0443 1.05253 458
32.2635 1.05253 458
31.4828 1.05253 458
30.702 1.05253 458
29.9212 1.05253 458
29.0768 1.05023 457
28.2977 1.05023 457
27.4585 1.04793 456
26.6811 1.04793 456
25.9037 1.04793 456
25.1264 1.04793 456
24.2956 1.04563 455
23.5199 1.04563 455
22.7443 1.04563 455
21.9686 1.04563 455
21.1464 1.04334 454
20.3724 1.04334 454
19.5985 1.04334 454
18.8245 1.04334 454
173.817 0.340395 575
172.837 0.340395 575
171.856 0.340395 575
170.876 0.340395 575
169.896 0.340395 575
168.916 0.340395 575
167.935 0.340395 575
166.665 0.339803 574
165.686 0.339803 574
164.708 0.339803 574
163.729 0.339803 574
162.467 0.339211 573
161.49 0.339211 573
160.514 0.339211 573
159.258 0.33862 572
158.283 0.33862 572
157.308 0.33862 572
156.06 0.338028 571
154.815 0.337436 570
153.573 0.336844 569
152.603 0.336844 569
151.633 0.336844 569
150.663 0.336844 569
149.43 0.336252 568
148.462 0.336252 568
147.234 0.33566 567
146.009 0.335068 566
145.044 0.335068 566
143.825 0.334476 565
142.862 0.334476 565
141.647 0.333884 564
140.436 0.333292 563
139.229 0.3327 562
138.271 0.3327 562
136.58 0.330924 559
135.384 0.330332 558
133.951 0.329148 556
133.003 0.329148 556
131.818 0.328556 555
130.636 0.327964 554
129.457 0.327372 553
128.515 0.327372 553
127.572 0.327372 553
126.629 0.327372 553
125.232 0.326188 551
124.293 0.326188 551
123.353 0.326188 551
122.414 0.326188 551
121.254 0.325596 550
120.317 0.325596 550
119.162 0.325004 549
117.58 0.323228 546
116.222 0.322044 544
114.871 0.32086 542
113.947 0.32086 542
112.814 0.320268 541
111.271 0.318492 538
110.149 0.3179 537
109.234 0.3179 537
107.511 0.315532 533
106.003 0.313756 530
105.099 0.313756 530
103.803 0.312572 528
102.902 0.312572 528
101.809 0.31198 527
100.719 0.311388 526
99.2532 0.309612 523
98.3617 0.309612 523
97.2837 0.30902 522
96.0245 0.307836 520
95.138 0.307836 520
94.0703 0.307244 519
93.1855 0.307244 519
92.3008 0.307244 519
91.0637 0.30606 517
89.8335 0.304876 515
88.9556 0.304876 515
88.0776 0.304876 515
86.6917 0.3031 512
85.4837 0.301916 510
84.6142 0.301916 510
83.7448 0.301916 510
82.5504 0.300732 508
66.1249 0.289484 489
65.2913 0.289484 489
64.4577 0.289484 489
63.6241 0.289484 489
62.7904 0.289484 489
61.8301 0.288892 488
60.9982 0.288892 488
60.043 0.2883 487
59.2128 0.2883 487
58.3826 0.2883 487
57.5524 0.2883 487
50.6784 0.28238 477
49.8653 0.28238 477
49.0521 0.28238 477
48.4412 0.283564 479
47.6246 0.283564 479
46.8081 0.283564 479
45.8955 0.282972 478
45.0806 0.282972 478
44.2657 0.282972 478
43.0873 0.280604 474
42.19 0.280012 473
41.3837 0.280012 473
40.5773 0.280012 473
39.6869 0.27942 472
33.0443 0.271132 458
32.2635 0.271132 458
31.4828 0.271132 458
30.702 0.271132 458
29.9212 0.271132 458
29.0768 0.27054 457
28.2977 0.27054 457
27.4585 0.269948 456
26.6811 0.269948 456
25.9037 0.269948 456
25.1264 0.269948 456
24.2956 0.269356 455
23.5199 0.269356 455
22.7443 0.269356 455
21.9686 0.269356 455
21.1464 0.268764 454
20.3724 0.268764 454
19.5985 0.268764 454
18.8245 0.268764 454
173.817 -0.640614 575
172.837 -0.640614 575
171.856 -0.640614 575
170.876 -0.640614 575
169.896 -0.640614 575
168.916 -0.640614 575
167.935 -0.640614 575
166.665 -0.6395 574
165.686 -0.6395 574
164.708 -0.6395 574
163.729 -0.6395 574
162.467 -0.638386 573
161.49 -0.638386 573
160.233 -0.637272 572
159.258 -0.637272 572
158.006 -0.636158 571
157.033 -0.636158 571
155.786 -0.635044 570
154.543 -0.633929 569
153.303 -0.632815 568
152.335 -0.632815 568
151.367 -0.632815 568
150.398 -0.632815 568
149.167 -0.631701 567
148.2 -0.631701 567
146.974 -0.630587 566
146.009 -0.630587 566
144.788 -0.629473 565
143.57 -0.628359 564
142.609 -0.628359 564
141.396 -0.627245 563
140.187 -0.626131 562
138.981 -0.625017 561
138.025 -0.625017 561
136.58 -0.622788 559
135.142 -0.62056 557
133.951 -0.619446 556
133.003 -0.619446 556
131.818 -0.618332 555
130.4 -0.616104 553
129.457 -0.616104 553
128.515 -0.616104 553
127.341 -0.61499 552
126.171 -0.613875 551
125.232 -0.613875 551
124.293 -0.613875 551
123.353 -0.613875 551
122.192 -0.612761 550
121.254 -0.612761 550
120.317 -0.612761 550
119.162 -0.611647 549
117.58 -0.608305 546
116.222 -0.606077 544
114.871 -0.603848 542
113.947 -0.603848 542
112.814 -0.602734 541
111.271 -0.599392 538
110.149 -0.598278 537
109.234 -0.598278 537
107.511 -0.593821 533
106.003 -0.590479 530
105.099 -0.590479 530
103.803 -0.588251 528
102.902 -0.588251 528
101.809 -0.587137 527
100.719 -0.586023 526
99.443 -0.583794 524
98.5497 -0.583794 524
97.2837 -0.581566 522
96.0245 -0.579338 520
95.138 -0.579338 520
94.0703 -0.578224 519
93.1855 -0.578224 519
92.3008 -0.578224 519
91.0637 -0.575996 517
89.8335 -0.573767 515
88.9556 -0.573767 515
87.7356 -0.571539 513
86.6917 -0.570425 512
85.4837 -0.568197 510
84.6142 -0.568197 510
83.5806 -0.567083 509
82.5504 -0.565969 508
66.9586 -0.544801 489
66.1249 -0.544801 489
65.2913 -0.544801 489
64.4577 -0.544801 489
63.6241 -0.544801 489
62.7904 -0.544801 489
61.8301 -0.543686 488
60.8732 -0.542572 487
60.043 -0.542572 487
59.2128 -0.542572 487
58.3826 -0.542572 487
57.5524 -0.542572 487
50.6784 -0.531431 477
49.8653 -0.531431 477
49.0521 -0.531431 477
48.2389 -0.531431 477
47.4258 -0.531431 477
46.6126 -0.531431 477
45.7994 -0.531431 477
44.9863 -0.531431 477
44.1731 -0.531431 477
33.0443 -0.510263 458
32.2635 -0.510263 458
31.4828 -0.510263 458
30.702 -0.510263 458
29.8559 -0.509149 457
29.0132 -0.508035 456
28.2358 -0.508035 456
27.4585 -0.508035 456
26.6226 -0.506921 455
25.8469 -0.506921 455
25.0713 -0.506921 455
24.2956 -0.506921 455
23.5199 -0.506921 455
22.6943 -0.505807 454
21.9203 -0.505807 454
21.1464 -0.505807 454
20.3276 -0.504692 453
19.5121 -0.503578 452
18.7416 -0.503578 452
174.493 -1.6188 574
173.817 -1.62162 575
172.837 -1.62162 575
171.856 -1.62162 575
170.876 -1.62162 575
169.896 -1.62162 575
168.916 -1.62162 575
167.643 -1.6188 574
166.665 -1.6188 574
165.686 -1.6188 574
164.708 -1.6188 574
163.729 -1.6188 574
162.467 -1.61598 573
161.49 -1.61598 573
160.233 -1.61316 572
158.98 -1.61034 571
157.73 -1.60752 570
156.758 -1.60752 570
155.513 -1.6047 569
154.271 -1.60188 568
153.033 -1.59906 567
152.067 -1.59906 567
151.1 -1.59906 567
150.133 -1.59906 567
148.904 -1.59624 566
147.939 -1.59624 566
146.974 -1.59624 566
145.751 -1.59342 565
144.788 -1.59342 565
143.825 -1.59342 565
142.609 -1.5906 564
141.396 -1.58778 563
140.187 -1.58496 562
138.733 -1.57932 560
137.779 -1.57932 560
136.335 -1.57368 558
134.899 -1.56804 556
133.71 -1.56522 555
132.764 -1.56522 555
131.58 -1.5624 554
130.4 -1.55958 553
129.223 -1.55676 552
128.282 -1.55676 552
127.341 -1.55676 552
126.171 -1.55394 551
125.232 -1.55394 551
124.293 -1.55394 551
123.353 -1.55394 551
122.192 -1.55112 550
121.254 -1.55112 550
120.317 -1.55112 550
119.162 -1.5483 549
117.58 -1.53984 546
116.222 -1.5342 544
114.871 -1.52856 542
113.947 -1.52856 542
112.814 -1.52574 541
111.271 -1.51728 538
110.149 -1.51446 537
109.234 -1.51446 537
107.511 -1.50317 533
106.003 -1.49471 530
105.099 -1.49471 530
103.803 -1.48907 528
102.902 -1.48907 528
101.809 -1.48625 527
100.719 -1.48343 526
99.443 -1.47779 524
98.5497 -1.47779 524
97.2837 -1.47215 522
96.0245 -1.46651 520
95.138 -1.46651 520
94.0703 -1.46369 519
93.1855 -1.46369 519
92.1229 -1.46087 518
91.0637 -1.45805 517
89.8335 -1.45241 515
88.9556 -1.45241 515
87.7356 -1.44677 513
86.6917 -1.44395 512
85.4837 -1.43831 510
84.6142 -1.43831 510
83.5806 -1.43549 509
82.5504 -1.43267 508
66.9586 -1.37909 489
66.1249 -1.37909 489
65.2913 -1.37909 489
64.4577 -1.37909 489
63.6241 -1.37909 489
62.7904 -1.37909 489
61.8301 -1.37627 488
60.7482 -1.37062 486
59.9197 -1.37062 486
59.2128 -1.37344 487
58.3826 -1.37344 487
57.5524 -1.37344 487
56.4892 -1.3678 485
55.6624 -1.3678 485
48.9493 -1.34242 476
48.1378 -1.34242 476
47.3264 -1.34242 476
46.5149 -1.34242 476
45.7034 -1.34242 476
34.5303 -1.28884 457
33.7512 -1.28884 457
32.9722 -1.28884 457
32.1931 -1.28884 457
31.414 -1.28884 457
30.635 -1.28884 457
29.7906 -1.28602 456
29.0132 -1.28602 456
28.2358 -1.28602 456
27.3982 -1.2832 455
26.6226 -1.2832 455
25.8469 -1.2832 455
25.0713 -1.2832 455
24.2956 -1.2832 455
23.4682 -1.28038 454
22.6943 -1.28038 454
21.9203 -1.28038 454
21.0998 -1.27756 453
20.3276 -1.27756 453
19.5121 -1.27474 452
18.7416 -1.27474 452
17.971 -1.27474 452
176.501 -2.58453 571
175.528 -2.58453 571
174.554 -2.58453 571
174.493 -2.59811 574
173.817 -2.60263 575
172.837 -2.60263 575
171.856 -2.60263 575
170.876 -2.60263 575
169.896 -2.60263 575
168.916 -2.60263 575
167.643 -2.59811 574
166.665 -2.59811 574
165.686 -2.59811 574
164.708 -2.59811 574
163.729 -2.59811 574
162.467 -2.59358 573
161.49 -2.59358 573
160.233 -2.58905 572
158.98 -2.58453 571
157.73 -2.58 570
156.758 -2.58 570
155.513 -2.57548 569
154.271 -2.57095 568
153.033 -2.56642 567
152.067 -2.56642 567
151.1 -2.56642 567
150.133 -2.56642 567
148.904 -2.5619 566
147.939 -2.5619 566
146.974 -2.5619 566
145.751 -2.55737 565
144.788 -2.55737 565
143.825 -2.55737 565
142.609 -2.55284 564
141.396 -2.54832 563
140.187 -2.54379 562
138.733 -2.53474 560
137.779 -2.53474 560
136.335 -2.52569 558
134.899 -2.51663 556
133.469 -2.50758 554
132.525 -2.50758 554
131.58 -2.50758 554
130.4 -2.50305 553
129.223 -2.49853 552
128.282 -2.49853 552
127.341 -2.49853 552
126.171 -2.494 551
125.232 -2.494 551
124.293 -2.494 551
123.129 -2.48948 550
122.192 -2.48948 550
121.034 -2.48495 549
120.098 -2.48495 549
118.945 -2.48042 548
117.58 -2.47137 546
116.222 -2.46232 544
114.871 -2.45326 542
113.947 -2.45326 542
112.814 -2.44874 541
111.271 -2.43516 538
110.149 -2.43063 537
109.234 -2.43063 537
107.511 -2.41253 533
106.003 -2.39895 530
105.099 -2.39895 530
103.803 -2.3899 528
102.902 -2.3899 528
101.809 -2.38537 527
100.719 -2.38084 526
99.443 -2.37179 524
98.5497 -2.37179 524
97.2837 -2.36274 522
96.0245 -2.35369 520
94.9551 -2.34916 519
94.0703 -2.34916 519
93.1855 -2.34916 519
92.1229 -2.34463 518
90.8876 -2.33558 516
89.8335 -2.33105 515
88.9556 -2.33105 515
87.5646 -2.31748 512
86.3531 -2.30842 510
85.4837 -2.30842 510
84.6142 -2.30842 510
83.5806 -2.3039 509
66.9586 -2.21337 489
66.1249 -2.21337 489
65.2913 -2.21337 489
64.4577 -2.21337 489
63.494 -2.20884 488
62.662 -2.20884 488
61.8301 -2.20884 488
60.7482 -2.19979 486
59.9197 -2.19979 486
59.2128 -2.20432 487
58.3826 -2.20432 487
57.5524 -2.20432 487
56.4892 -2.19526 485
55.6624 -2.19526 485
48.9493 -2.15453 476
48.1378 -2.15453 476
47.3264 -2.15453 476
46.5149 -2.15453 476
45.7034 -2.15453 476
35.3094 -2.06853 457
34.5303 -2.06853 457
33.7512 -2.06853 457
32.9722 -2.06853 457
32.1227 -2.064 456
31.3453 -2.064 456
30.5679 -2.064 456
29.7906 -2.064 456
28.9496 -2.05947 455
28.1739 -2.05947 455
27.3982 -2.05947 455
26.6226 -2.05947 455
25.8469 -2.05947 455
25.0713 -2.05947 455
24.2956 -2.05947 455
23.4682 -2.05495 454
22.6943 -2.05495 454
21.9203 -2.05495 454
21.0998 -2.05042 453
20.3276 -2.05042 453
19.5553 -2.05042 453
18.7831 -2.05042 453
18.0108 -2.05042 453
17.2005 -2.0459 452
176.501 -3.55871 571
175.528 -3.55871 571
174.554 -3.55871 571
174.493 -3.57741 574
173.515 -3.57741 574
172.536 -3.57741 574
171.557 -3.57741 574
170.579 -3.57741 574
169.6 -3.57741 574
168.622 -3.57741 574
167.643 -3.57741 574
166.665 -3.57741 574
165.686 -3.57741 574
164.421 -3.57118 573
163.444 -3.57118 573
162.184 -3.56495 572
161.209 -3.56495 572
159.953 -3.55871 571
158.701 -3.55248 570
157.453 -3.54625 569
156.483 -3.54625 569
155.24 -3.54002 568
154.271 -3.54002 568
153.033 -3.53378 567
152.067 -3.53378 567
151.1 -3.53378 567
149.869 -3.52755 566
148.904 -3.52755 566
147.939 -3.52755 566
146.974 -3.52755 566
145.751 -3.52132 565
144.788 -3.52132 565
143.825 -3.52132 565
142.609 -3.51509 564
141.396 -3.50885 563
140.187 -3.50262 562
138.733 -3.49016 560
137.779 -3.49016 560
136.335 -3.47769 558
134.899 -3.46523 556
133.469 -3.45276 554
132.525 -3.45276 554
131.58 -3.45276 554
130.4 -3.44653 553
129.223 -3.4403 552
128.282 -3.4403 552
127.341 -3.4403 552
126.171 -3.43406 551
125.232 -3.43406 551
124.293 -3.43406 551
123.129 -3.42783 550
122.192 -3.42783 550
121.034 -3.4216 549
120.098 -3.4216 549
118.728 -3.40914 547
117.365 -3.39667 545
116.222 -3.39044 544
115.083 -3.38421 543
114.157 -3.38421 543
112.814 -3.37174 541
111.271 -3.35304 538
109.944 -3.34058 536
109.03 -3.34058 536
107.511 -3.32188 533
106.003 -3.30318 530
105.099 -3.30318 530
103.803 -3.29072 528
102.902 -3.29072 528
101.809 -3.28449 527
100.719 -3.27825 526
99.443 -3.26579 524
98.5497 -3.26579 524
97.2837 -3.25332 522
95.8398 -3.23463 519
94.9551 -3.23463 519
93.8891 -3.22839 518
93.006 -3.22839 518
91.9451 -3.22216 517
90.7115 -3.2097 515
89.6591 -3.20347 514
88.7828 -3.20347 514
87.5646 -3.191 512
86.3531 -3.17854 510
85.4837 -3.17854 510
84.6142 -3.17854 510
66.9586 -3.04765 489
66.1249 -3.04765 489
65.2913 -3.04765 489
64.3259 -3.04142 488
63.494 -3.04142 488
62.662 -3.04142 488
61.8301 -3.04142 488
60.7482 -3.02896 486
59.9197 -3.02896 486
59.0912 -3.02896 486
58.2627 -3.02896 486
57.4342 -3.02896 486
56.4892 -3.02273 485
55.6624 -3.02273 485
35.3094 -2.84822 457
34.5303 -2.84822 457
33.7512 -2.84822 457
32.9722 -2.84822 457
32.1227 -2.84198 456
31.3453 -2.84198 456
30.5679 -2.84198 456
29.7906 -2.84198 456
28.9496 -2.83575 455
28.1739 -2.83575 455
27.3982 -2.83575 455
26.6226 -2.83575 455
25.8469 -2.83575 455
25.0713 -2.83575 455
24.2956 -2.83575 455
23.4682 -2.82952 454
22.6943 -2.82952 454
21.9203 -2.82952 454
21.0998 -2.82329 453
20.3276 -2.82329 453
19.5553 -2.82329 453
18.7831 -2.82329 453
18.0108 -2.82329 453
17.2005 -2.81705 452
177.164 -4.52496 570
176.501 -4.5329 571
175.528 -4.5329 571
174.554 -4.5329 571
174.189 -4.54878 573
173.212 -4.54878 573
172.235 -4.54878 573
171.259 -4.54878 573
170.282 -4.54878 573
169.305 -4.54878 573
168.328 -4.54878 573
167.351 -4.54878 573
166.374 -4.54878 573
165.398 -4.54878 573
164.421 -4.54878 573
163.159 -4.54084 572
162.184 -4.54084 572
161.209 -4.54084 572
159.953 -4.5329 571
158.701 -4.52496 570
157.453 -4.51702 569
156.483 -4.51702 569
155.24 -4.50908 568
154 -4.50114 567
153.033 -4.50114 567
152.067 -4.50114 567
150.834 -4.49321 566
149.869 -4.49321 566
148.904 -4.49321 566
147.939 -4.49321 566
146.974 -4.49321 566
145.751 -4.48527 565
144.788 -4.48527 565
143.825 -4.48527 565
142.609 -4.47733 564
141.396 -4.46939 563
140.187 -4.46145 562
138.733 -4.44557 560
137.779 -4.44557 560
136.335 -4.4297 558
134.899 -4.41382 556
133.469 -4.39794 554
132.525 -4.39794 554
131.58 -4.39794 554
130.4 -4.39001 553
129.223 -4.38207 552
128.282 -4.38207 552
127.111 -4.37413 551
126.171 -4.37413 551
125.005 -4.36619 550
124.067 -4.36619 550
123.129 -4.36619 550
121.97 -4.35825 549
120.813 -4.35031 548
119.879 -4.35031 548
118.728 -4.34237 547
117.365 -4.3265 545
116.222 -4.31856 544
115.083 -4.31062 543
114.157 -4.31062 543
112.814 -4.29474 541
111.271 -4.27093 538
109.944 -4.25505 536
109.03 -4.25505 536
107.511 -4.23123 533
106.003 -4.20742 530
105.099 -4.20742 530
103.803 -4.19154 528
102.902 -4.19154 528
101.809 -4.1836 527
100.719 -4.17566 526
99.443 -4.15979 524
98.5497 -4.15979 524
97.2837 -4.14391 522
95.8398 -4.12009 519
94.9551 -4.12009 519
93.8891 -4.11216 518
93.006 -4.11216 518
91.9451 -4.10422 517
90.7115 -4.08834 515
89.6591 -4.0804 514
88.7828 -4.0804 514
87.5646 -4.06453 512
86.3531 -4.04865 510
85.4837 -4.04865 510
84.6142 -4.04865 510
66.9586 -3.88194 489
66.1249 -3.88194 489
65.2913 -3.88194 489
64.3259 -3.874 488
63.494 -3.874 488
62.662 -3.874 488
61.7034 -3.86606 487
60.7482 -3.85812 486
59.9197 -3.85812 486
59.0912 -3.85812 486
58.2627 -3.85812 486
57.316 -3.85019 485
35.3094 -3.62791 457
34.5303 -3.62791 457
33.7512 -3.62791 457
32.9 -3.61997 456
32.1227 -3.61997 456
31.3453 -3.61997 456
30.5679 -3.61997 456
29.7906 -3.61997 456
28.9496 -3.61203 455
28.1739 -3.61203 455
27.3982 -3.61203 455
26.6226 -3.61203 455
25.8469 -3.61203 455
25.0713 -3.61203 455
24.2956 -3.61203 455
23.4682 -3.60409 454
22.6943 -3.60409 454
21.9203 -3.60409 454
21.0998 -3.59615 453
20.3276 -3.59615 453
19.5553 -3.59615 453
18.7831 -3.59615 453
18.0108 -3.59615 453
17.2005 -3.58821 452
177.164 -5.49744 570
176.192 -5.49744 570
175.22 -5.49744 570
174.249 -5.49744 570
173.581 -5.50708 571
172.91 -5.51673 572
171.935 -5.51673 572
170.96 -5.51673 572
169.985 -5.51673 572
169.009 -5.51673 572
168.034 -5.51673 572
167.059 -5.51673 572
166.084 -5.51673 572
165.109 -5.51673 572
164.134 -5.51673 572
163.159 -5.51673 572
161.9 -5.50708 571
160.927 -5.50708 571
159.673 -5.49744 570
158.423 -5.48779 569
157.176 -5.47815 568
156.208 -5.47815 568
154.966 -5.4685 567
154 -5.4685 567
152.763 -5.45886 566
151.798 -5.45886 566
150.834 -5.45886 566
149.869 -5.45886 566
148.904 -5.45886 566
147.939 -5.45886 566
146.714 -5.44922 565
145.751 -5.44922 565
144.788 -5.44922 565
143.825 -5.44922 565
142.609 -5.43957 564
141.396 -5.42993 563
140.187 -5.42028 562
138.733 -5.40099 560
137.779 -5.40099 560
136.335 -5.3817 558
134.656 -5.35277 555
133.469 -5.34312 554
132.525 -5.34312 554
131.58 -5.34312 554
130.4 -5.33348 553
129.223 -5.32384 552
128.282 -5.32384 552
127.111 -5.31419 551
126.171 -5.31419 551
125.005 -5.30455 550
124.067 -5.30455 550
123.129 -5.30455 550
121.97 -5.2949 549
120.813 -5.28526 548
119.879 -5.28526 548
118.728 -5.27561 547
117.365 -5.25632 545
116.222 -5.24668 544
115.083 -5.23703 543
114.157 -5.23703 543
108.918 -5.1213 531
108.013 -5.1213 531
107.108 -5.1213 531
106.003 -5.11165 530
105.099 -5.11165 530
103.803 -5.09236 528
102.902 -5.09236 528
101.809 -5.08272 527
100.719 -5.07307 526
99.443 -5.05379 524
98.5497 -5.05379 524
97.2837 -5.0345 522
95.8398 -5.00556 519
94.7721 -4.99592 518
93.8891 -4.99592 518
93.006 -4.99592 518
91.9451 -4.98627 517
90.7115 -4.96698 515
89.6591 -4.95734 514
88.7828 -4.95734 514
87.5646 -4.93805 512
86.3531 -4.91876 510
85.4837 -4.91876 510
84.6142 -4.91876 510
66.9586 -4.71622 489
66.1249 -4.71622 489
65.2913 -4.71622 489
64.3259 -4.70658 488
63.494 -4.70658 488
62.662 -4.70658 488
61.7034 -4.69693 487
60.7482 -4.68729 486
59.9197 -4.68729 486
59.0912 -4.68729 486
58.1428 -4.67765 485
35.8515 -4.37866 454
35.2321 -4.39795 456
34.4547 -4.39795 456
33.6774 -4.39795 456
32.9 -4.39795 456
32.1227 -4.39795 456
31.3453 -4.39795 456
30.5679 -4.39795 456
29.7252 -4.38831 455
28.9496 -4.38831 455
28.1739 -4.38831 455
27.338 -4.37866 454
26.5641 -4.37866 454
25.7901 -4.37866 454
25.0162 -4.37866 454
24.2422 -4.37866 454
23.4682 -4.37866 454
22.6943 -4.37866 454
21.9203 -4.37866 454
21.0998 -4.36902 453
20.3276 -4.36902 453
19.5553 -4.36902 453
18.7831 -4.36902 453
18.0108 -4.36902 453
17.2005 -4.35937 452
177.164 -6.46992 570
176.192 -6.46992 570
175.22 -6.46992 570
174.249 -6.46992 570
173.581 -6.48127 571
172.91 -6.49262 572
171.935 -6.49262 572
170.96 -6.49262 572
169.985 -6.49262 572
169.009 -6.49262 572
168.034 -6.49262 572
167.059 -6.49262 572
166.084 -6.49262 572
165.109 -6.49262 572
164.134 -6.49262 572
163.159 -6.49262 572
161.9 -6.48127 571
160.927 -6.48127 571
159.673 -6.46992 570
158.423 -6.45857 569
157.176 -6.44722 568
156.208 -6.44722 568
154.966 -6.43587 567
154 -6.43587 567
152.763 -6.42451 566
151.798 -6.42451 566
150.834 -6.42451 566
149.869 -6.42451 566
148.641 -6.41316 565
147.678 -6.41316 565
146.714 -6.41316 565
145.751 -6.41316 565
144.532 -6.40181 564
143.57 -6.40181 564
142.609 -6.40181 564
141.396 -6.39046 563
140.187 -6.37911 562
138.733 -6.35641 560
137.779 -6.35641 560
136.335 -6.33371 558
134.656 -6.29966 555
133.469 -6.28831 554
132.525 -6.28831 554
131.58 -6.28831 554
130.164 -6.2656 552
129.223 -6.2656 552
128.282 -6.2656 552
127.111 -6.25425 551
125.942 -6.2429 550
125.005 -6.2429 550
124.067 -6.2429 550
122.906 -6.23155 549
121.97 -6.23155 549
120.813 -6.2202 548
119.879 -6.2202 548
118.728 -6.20885 547
117.365 -6.18615 545
116.222 -6.1748 544
103.016 -5.94778 524
102.123 -5.94778 524
101.23 -5.94778 524
100.336 -5.94778 524
99.2532 -5.93643 523
98.3617 -5.93643 523
96.7246 -5.89103 519
95.8398 -5.89103 519
94.7721 -5.87968 518
93.7078 -5.86833 517
92.8265 -5.86833 517
91.5894 -5.84563 515
90.5353 -5.83428 514
89.4847 -5.82293 513
88.6101 -5.82293 513
87.3935 -5.80022 511
86.3531 -5.78887 510
65.9897 -5.53916 488
65.1578 -5.53916 488
64.3259 -5.53916 488
63.494 -5.53916 488
62.662 -5.53916 488
61.7034 -5.52781 487
60.7482 -5.51646 486
59.9197 -5.51646 486
59.0912 -5.51646 486
58.1428 -5.50511 485
35.8515 -5.15323 454
35.0776 -5.15323 454
34.3036 -5.15323 454
33.5297 -5.15323 454
32.7557 -5.15323 454
31.9818 -5.15323 454
31.2078 -5.15323 454
30.4338 -5.15323 454
29.6599 -5.15323 454
28.8859 -5.15323 454
28.112 -5.15323 454
27.338 -5.15323 454
26.5641 -5.15323 454
25.7901 -5.15323 454
25.0162 -5.15323 454
24.2422 -5.15323 454
23.4682 -5.15323 454
22.6443 -5.14188 453
21.8721 -5.14188 453
21.0998 -5.14188 453
20.3276 -5.14188 453
19.5553 -5.14188 453
18.7831 -5.14188 453
18.0108 -5.14188 453
17.2005 -5.13053 452
177.164 -7.4424 570
176.192 -7.4424 570
175.22 -7.4424 570
174.249 -7.4424 570
173.277 -7.4424 570
172.305 -7.4424 570
171.334 -7.4424 570
170.362 -7.4424 570
169.687 -7.45545 571
168.714 -7.45545 571
167.741 -7.45545 571
166.767 -7.45545 571
165.794 -7.45545 571
164.82 -7.45545 571
163.847 -7.45545 571
162.588 -7.4424 570
161.617 -7.4424 570
160.645 -7.4424 570
159.393 -7.42934 569
158.423 -7.42934 569
156.9 -7.40323 567
155.933 -7.40323 567
154.966 -7.40323 567
153.728 -7.39017 566
152.763 -7.39017 566
151.798 -7.39017 566
150.834 -7.39017 566
149.869 -7.39017 566
148.641 -7.37711 565
147.678 -7.37711 565
146.714 -7.37711 565
145.751 -7.37711 565
144.532 -7.36406 564
143.57 -7.36406 564
142.609 -7.36406 564
141.396 -7.351 563
140.187 -7.33794 562
138.733 -7.31183 560
137.779 -7.31183 560
136.335 -7.28572 558
134.656 -7.24654 555
133.469 -7.23349 554
132.525 -7.23349 554
131.58 -7.23349 554
130.164 -7.20737 552
129.223 -7.20737 552
128.282 -7.20737 552
127.111 -7.19432 551
125.942 -7.18126 550
125.005 -7.18126 550
124.067 -7.18126 550
122.906 -7.1682 549
121.97 -7.1682 549
120.813 -7.15515 548
119.879 -7.15515 548
118.728 -7.14209 547
117.365 -7.11598 545
116.222 -7.10292 544
94.4062 -6.73733 516
93.5266 -6.73733 516
92.6469 -6.73733 516
91.4116 -6.71121 514
90.5353 -6.71121 514
89.4847 -6.69816 513
88.6101 -6.69816 513
66.6847 -6.35868 487
65.8545 -6.35868 487
65.0243 -6.35868 487
64.1941 -6.35868 487
63.3638 -6.35868 487
62.5336 -6.35868 487
61.5767 -6.34562 486
60.6232 -6.33257 485
59.7964 -6.33257 485
58.9696 -6.33257 485
35.8515 -5.9278 454
35.0776 -5.9278 454
34.3036 -5.9278 454
33.5297 -5.9278 454
32.7557 -5.9278 454
31.9818 -5.9278 454
31.2078 -5.9278 454
30.4338 -5.9278 454
29.6599 -5.9278 454
28.8859 -5.9278 454
28.112 -5.9278 454
27.338 -5.9278 454
26.5641 -5.9278 454
25.7901 -5.9278 454
25.0162 -5.9278 454
24.2422 -5.9278 454
23.4682 -5.9278 454
22.6443 -5.91475 453
21.8721 -5.91475 453
21.0998 -5.91475 453
20.3276 -5.91475 453
19.5553 -5.91475 453
18.7831 -5.91475 453
18.0108 -5.91475 453
17.2005 -5.90169 452
176.853 -8.40011 569
175.883 -8.40011 569
174.913 -8.40011 569
173.943 -8.40011 569
172.973 -8.40011 569
172.003 -8.40011 569
171.033 -8.40011 569
170.063 -8.40011 569
169.39 -8.41488 570
168.419 -8.41488 570
167.447 -8.41488 570
166.475 -8.41488 570
165.503 -8.41488 570
164.532 -8.41488 570
163.56 -8.41488 570
162.303 -8.40011 569
161.333 -8.40011 569
160.363 -8.40011 569
159.393 -8.40011 569
158.145 -8.38535 568
156.9 -8.37059 567
155.933 -8.37059 567
154.693 -8.35582 566
153.728 -8.35582 566
152.493 -8.34106 565
151.53 -8.34106 565
150.567 -8.34106 565
149.604 -8.34106 565
148.641 -8.34106 565
147.678 -8.34106 565
146.714 -8.34106 565
145.493 -8.3263 564
144.532 -8.3263 564
143.57 -8.3263 564
142.609 -8.3263 564
141.396 -8.31154 563
139.937 -8.28201 561
138.486 -8.25248 559
137.533 -8.25248 559
136.091 -8.22296 557
134.656 -8.19343 555
133.469 -8.17867 554
132.525 -8.17867 554
131.343 -8.16391 553
130.164 -8.14914 552
129.223 -8.14914 552
128.282 -8.14914 552
127.111 -8.13438 551
125.942 -8.11962 550
125.005 -8.11962 550
124.067 -8.11962 550
122.906 -8.10485 549
121.747 -8.09009 548
120.813 -8.09009 548
119.879 -8.09009 548
118.511 -8.06057 546
117.365 -8.0458 545
116.222 -8.03104 544
94.4062 -7.61768 516
93.5266 -7.61768 516
92.6469 -7.61768 516
91.4116 -7.58815 514
90.5353 -7.58815 514
89.4847 -7.57339 513
88.6101 -7.57339 513
67.3763 -7.17479 486
66.6847 -7.18955 487
65.8545 -7.18955 487
65.0243 -7.18955 487
64.1941 -7.18955 487
63.2337 -7.17479 486
62.4052 -7.17479 486
61.45 -7.16003 485
60.4982 -7.14526 484
59.6731 -7.14526 484
58.848 -7.14526 484
38.1734 -6.70237 454
37.3994 -6.70237 454
36.6255 -6.70237 454
35.8515 -6.70237 454
35.0776 -6.70237 454
34.3036 -6.70237 454
33.5297 -6.70237 454
32.7557 -6.70237 454
31.9818 -6.70237 454
31.2078 -6.70237 454
30.4338 -6.70237 454
29.6599 -6.70237 454
28.8223 -6.68761 453
28.0501 -6.68761 453
27.2778 -6.68761 453
26.5641 -6.70237 454
25.7901 -6.70237 454
25.0162 -6.70237 454
24.2422 -6.70237 454
23.4682 -6.70237 454
22.6443 -6.68761 453
21.8721 -6.68761 453
21.0998 -6.68761 453
20.3276 -6.68761 453
19.5121 -6.67285 452
18.7416 -6.67285 452
17.971 -6.67285 452
176.542 -9.35442 568
175.574 -9.35442 568
174.606 -9.35442 568
173.637 -9.35442 568
172.669 -9.35442 568
172.003 -9.37089 569
171.033 -9.37089 569
170.063 -9.37089 569
169.093 -9.37089 569
168.123 -9.37089 569
167.153 -9.37089 569
166.183 -9.37089 569
165.213 -9.37089 569
164.243 -9.37089 569
162.986 -9.35442 568
162.018 -9.35442 568
161.05 -9.35442 568
160.081 -9.35442 568
159.113 -9.35442 568
157.866 -9.33795 567
156.623 -9.32148 566
155.658 -9.32148 566
154.693 -9.32148 566
153.457 -9.30501 565
152.493 -9.30501 565
151.53 -9.30501 565
150.567 -9.30501 565
149.604 -9.30501 565
148.641 -9.30501 565
147.678 -9.30501 565
146.455 -9.28854 564
145.493 -9.28854 564
144.532 -9.28854 564
143.57 -9.28854 564
142.356 -9.27207 563
141.145 -9.2556 562
139.688 -9.22266 560
138.238 -9.18973 558
137.287 -9.18973 558
135.847 -9.15679 556
134.414 -9.12385 554
133.469 -9.12385 554
132.525 -9.12385 554
131.343 -9.10738 553
130.164 -9.09091 552
128.989 -9.07444 551
128.05 -9.07444 551
127.111 -9.07444 551
125.942 -9.05797 550
124.777 -9.04151 549
123.841 -9.04151 549
122.682 -9.02504 548
121.525 -9.00857 547
120.372 -8.9921 546
119.442 -8.9921 546
118.294 -8.97563 545
117.149 -8.95916 544
116.008 -8.94269 543
68.8913 -7.98749 485
68.0644 -7.98749 485
67.3763 -8.00395 486
66.6847 -8.02042 487
65.8545 -8.02042 487
65.0243 -8.02042 487
64.1941 -8.02042 487
63.2337 -8.00395 486
62.4052 -8.00395 486
61.45 -7.98749 485
60.4982 -7.97102 484
59.6731 -7.97102 484
58.848 -7.97102 484
43.4951 -7.46048 453
42.7228 -7.46048 453
41.9506 -7.46048 453
41.1783 -7.46048 453
40.4953 -7.47695 454
39.7213 -7.47695 454
38.9474 -7.47695 454
38.1734 -7.47695 454
37.3994 -7.47695 454
36.6255 -7.47695 454
35.8515 -7.47695 454
35.0776 -7.47695 454
34.3036 -7.47695 454
33.5297 -7.47695 454
32.7557 -7.47695 454
31.9113 -7.46048 453
31.1391 -7.46048 453
30.3668 -7.46048 453
29.5946 -7.46048 453
28.8223 -7.46048 453
28.0501 -7.46048 453
27.2778 -7.46048 453
26.5056 -7.46048 453
25.7333 -7.46048 453
25.0162 -7.47695 454
24.2422 -7.47695 454
23.4682 -7.47695 454
22.6443 -7.46048 453
21.8721 -7.46048 453
21.0998 -7.46048 453
20.2827 -7.44401 452
19.5121 -7.44401 452
18.7416 -7.44401 452
176.542 -10.3235 568
175.574 -10.3235 568
174.606 -10.3235 568
173.637 -10.3235 568
172.669 -10.3235 568
172.003 -10.3417 569
171.033 -10.3417 569
170.063 -10.3417 569
169.093 -10.3417 569
168.123 -10.3417 569
167.153 -10.3417 569
166.183 -10.3417 569
165.213 -10.3417 569
164.243 -10.3417 569
162.986 -10.3235 568
162.018 -10.3235 568
161.05 -10.3235 568
160.081 -10.3235 568
159.113 -10.3235 568
157.866 -10.3053 567
156.623 -10.2871 566
155.658 -10.2871 566
154.693 -10.2871 566
153.457 -10.269 565
152.493 -10.269 565
151.53 -10.269 565
150.567 -10.269 565
149.604 -10.269 565
148.641 -10.269 565
147.678 -10.269 565
146.455 -10.2508 564
145.235 -10.2326 563
144.275 -10.2326 563
143.316 -10.2326 563
142.103 -10.2144 562
141.145 -10.2144 562
139.439 -10.1599 559
137.99 -10.1236 557
137.041 -10.1236 557
135.847 -10.1054 556
134.414 -10.069 554
133.228 -10.0509 553
132.286 -10.0509 553
131.105 -10.0327 552
130.164 -10.0327 552
128.989 -10.0145 551
128.05 -10.0145 551
127.111 -10.0145 551
125.713 -9.97816 549
124.55 -9.95998 548
123.616 -9.95998 548
122.458 -9.94181 547
121.525 -9.94181 547
120.372 -9.92363 546
119.442 -9.92363 546
118.294 -9.90546 545
117.149 -9.88728 544
116.008 -9.86911 543
68.8913 -8.81495 485
68.0644 -8.81495 485
67.3763 -8.83312 486
66.5478 -8.83312 486
65.7193 -8.83312 486
64.8908 -8.83312 486
64.0622 -8.83312 486
63.1036 -8.81495 485
62.2768 -8.81495 485
61.3233 -8.79677 484
60.3732 -8.7786 483
59.4265 -8.76042 482
58.6049 -8.76042 482
44.1696 -8.21517 452
43.4951 -8.23334 453
42.7228 -8.23334 453
41.9506 -8.23334 453
41.1783 -8.23334 453
40.4953 -8.25152 454
39.7213 -8.25152 454
38.9474 -8.25152 454
38.1734 -8.25152 454
37.3994 -8.25152 454
36.6255 -8.25152 454
35.8515 -8.25152 454
35.0776 -8.25152 454
34.3036 -8.25152 454
33.4558 -8.23334 453
32.6836 -8.23334 453
31.9113 -8.23334 453
31.1391 -8.23334 453
30.3668 -8.23334 453
29.5946 -8.23334 453
28.8223 -8.23334 453
28.0501 -8.23334 453
27.2778 -8.23334 453
26.5056 -8.23334 453
25.7333 -8.23334 453
24.9611 -8.23334 453
24.1888 -8.23334 453
23.4166 -8.23334 453
22.6443 -8.23334 453
21.8721 -8.23334 453
21.0532 -8.21517 452
20.2378 -8.19699 451
19.4258 -8.17882 450
18.6587 -8.17882 450
176.542 -11.2926 568
175.574 -11.2926 568
174.606 -11.2926 568
173.637 -11.2926 568
172.669 -11.2926 568
171.701 -11.2926 568
170.732 -11.2926 568
169.764 -11.2926 568
168.796 -11.2926 568
167.828 -11.2926 568
166.859 -11.2926 568
165.891 -11.2926 568
164.923 -11.2926 568
163.954 -11.2926 568
162.699 -11.2727 567
161.733 -11.2727 567
160.766 -11.2727 567
159.799 -11.2727 567
158.833 -11.2727 567
157.588 -11.2528 566
156.623 -11.2528 566
155.658 -11.2528 566
154.42 -11.2329 565
153.185 -11.213 564
152.224 -11.213 564
151.262 -11.213 564
150.301 -11.213 564
149.339 -11.213 564
148.378 -11.213 564
147.416 -11.213 564
146.455 -11.213 564
145.235 -11.1931 563
144.275 -11.1931 563
143.316 -11.1931 563
142.103 -11.1733 562
141.145 -11.1733 562
139.439 -11.1136 559
137.99 -11.0739 557
137.041 -11.0739 557
135.847 -11.054 556
134.414 -11.0142 554
133.228 -10.9943 553
132.286 -10.9943 553
131.105 -10.9745 552
130.164 -10.9745 552
128.989 -10.9546 551
128.05 -10.9546 551
127.111 -10.9546 551
125.713 -10.9148 549
124.55 -10.8949 548
123.616 -10.8949 548
122.458 -10.875 547
121.525 -10.875 547
120.372 -10.8552 546
119.442 -10.8552 546
118.294 -10.8353 545
117.149 -10.8154 544
116.008 -10.7955 543
68.8913 -9.64241 485
68.0644 -9.64241 485
67.3763 -9.66229 486
66.5478 -9.66229 486
65.7193 -9.66229 486
64.7572 -9.64241 485
63.9304 -9.64241 485
62.9735 -9.62253 484
62.1484 -9.62253 484
61.1966 -9.60264 483
60.2482 -9.58276 482
59.4265 -9.58276 482
58.6049 -9.58276 482
44.1696 -8.98633 452
43.4951 -9.00621 453
42.7228 -9.00621 453
41.9506 -9.00621 453
41.1783 -9.00621 453
40.4953 -9.02609 454
39.7213 -9.02609 454
38.9474 -9.02609 454
38.1734 -9.02609 454
37.3994 -9.02609 454
36.6255 -9.02609 454
35.8515 -9.02609 454
35.0776 -9.02609 454
34.3036 -9.02609 454
33.4558 -9.00621 453
32.6836 -9.00621 453
31.9113 -9.00621 453
31.1391 -9.00621 453
30.3668 -9.00621 453
29.5946 -9.00621 453
28.8223 -9.00621 453
28.0501 -9.00621 453
27.2778 -9.00621 453
26.5056 -9.00621 453
25.7333 -9.00621 453
24.9611 -9.00621 453
24.1888 -9.00621 453
23.4166 -9.00621 453
22.6443 -9.00621 453
21.8721 -9.00621 453
21.0532 -8.98633 452
20.2378 -8.96644 451
19.4258 -8.94656 450
18.6587 -8.94656 450
176.542 -12.2616 568
175.574 -12.2616 568
174.606 -12.2616 568
173.637 -12.2616 568
172.669 -12.2616 568
171.701 -12.2616 568
170.732 -12.2616 568
169.764 -12.2616 568
168.499 -12.24 567
167.532 -12.24 567
166.566 -12.24 567
165.599 -12.24 567
164.632 -12.24 567
163.666 -12.24 567
162.699 -12.24 567
161.733 -12.24 567
160.482 -12.2184 566
159.518 -12.2184 566
158.553 -12.2184 566
157.588 -12.2184 566
156.346 -12.1969 565
155.383 -12.1969 565
154.146 -12.1753 564
153.185 -12.1753 564
152.224 -12.1753 564
151.262 -12.1753 564
150.301 -12.1753 564
149.339 -12.1753 564
148.378 -12.1753 564
147.416 -12.1753 564
146.195 -12.1537 563
145.235 -12.1537 563
144.275 -12.1537 563
143.316 -12.1537 563
142.103 -12.1321 562
141.145 -12.1321 562
139.439 -12.0673 559
137.99 -12.0242 557
137.041 -12.0242 557
135.847 -12.0026 556
134.414 -11.9594 554
133.228 -11.9378 553
132.286 -11.9378 553
131.105 -11.9162 552
130.164 -11.9162 552
128.989 -11.8946 551
128.05 -11.8946 551
126.88 -11.873 550
125.713 -11.8515 549
124.55 -11.8299 548
123.616 -11.8299 548
122.458 -11.8083 547
121.303 -11.7867 546
120.152 -11.7651 545
119.223 -11.7651 545
118.077 -11.7435 544
117.149 -11.7435 544
116.008 -11.7219 543
115.083 -11.7219 543
76.3325 -10.4699 485
75.5057 -10.4699 485
74.6789 -10.4699 485
67.099 -10.4483 484
66.2739 -10.4483 484
65.4488 -10.4483 484
64.6237 -10.4483 484
63.7986 -10.4483 484
62.8434 -10.4267 483
62.02 -10.4267 483
61.0699 -10.4051 482
60.2482 -10.4051 482
44.2673 -9.77907 453
43.4951 -9.77907 453
42.7228 -9.77907 453
41.9506 -9.77907 453
41.2692 -9.80066 454
40.4953 -9.80066 454
39.7213 -9.80066 454
38.9474 -9.80066 454
38.1734 -9.80066 454
37.3994 -9.80066 454
36.6255 -9.80066 454
35.8515 -9.80066 454
35.0776 -9.80066 454
34.3036 -9.80066 454
33.4558 -9.77907 453
32.6836 -9.77907 453
31.9113 -9.77907 453
31.1391 -9.77907 453
30.3668 -9.77907 453
29.5946 -9.77907 453
28.8223 -9.77907 453
28.0501 -9.77907 453
27.2778 -9.77907 453
26.5056 -9.77907 453
25.7333 -9.77907 453
24.9611 -9.77907 453
24.1888 -9.77907 453
23.4166 -9.77907 453
22.6443 -9.77907 453
21.8721 -9.77907 453
21.0066 -9.7359 451
20.2378 -9.7359 451
19.4258 -9.71431 450
18.6587 -9.71431 450
176.542 -13.2307 568
175.574 -13.2307 568
174.606 -13.2307 568
173.637 -13.2307 568
172.365 -13.2074 567
171.398 -13.2074 567
170.432 -13.2074 567
169.465 -13.2074 567
168.499 -13.2074 567
167.532 -13.2074 567
166.566 -13.2074 567
165.599 -13.2074 567
164.632 -13.2074 567
163.666 -13.2074 567
162.412 -13.1841 566
161.447 -13.1841 566
160.482 -13.1841 566
159.518 -13.1841 566
158.553 -13.1841 566
157.309 -13.1608 565
156.069 -13.1375 564
155.108 -13.1375 564
154.146 -13.1375 564
153.185 -13.1375 564
152.224 -13.1375 564
151.262 -13.1375 564
150.301 -13.1375 564
149.339 -13.1375 564
148.378 -13.1375 564
147.416 -13.1375 564
146.195 -13.1142 563
145.235 -13.1142 563
144.275 -13.1142 563
143.316 -13.1142 563
142.103 -13.0909 562
141.145 -13.0909 562
139.439 -13.021 559
138.486 -13.021 559
137.041 -12.9745 557
135.847 -12.9512 556
134.414 -12.9046 554
133.228 -12.8813 553
132.286 -12.8813 553
131.105 -12.858 552
129.929 -12.8347 551
128.755 -12.8114 550
127.817 -12.8114 550
126.88 -12.8114 550
125.484 -12.7648 548
124.323 -12.7415 547
123.39 -12.7415 547
122.234 -12.7182 546
121.081 -12.6949 545
120.152 -12.6949 545
119.223 -12.6949 545
118.077 -12.6716 544
116.934 -12.6483 543
116.008 -12.6483 543
115.083 -12.6483 543
77.0002 -11.274 484
76.3325 -11.2973 485
75.5057 -11.2973 485
74.6789 -11.2973 485
73.5475 -11.2507 483
68.3231 -11.2042 481
67.5031 -11.2042 481
67.099 -11.274 484
66.2739 -11.274 484
65.4488 -11.274 484
64.6237 -11.274 484
63.7986 -11.274 484
62.8434 -11.2507 483
62.02 -11.2507 483
61.0699 -11.2274 482
60.2482 -11.2274 482
45.0396 -10.5519 453
44.2673 -10.5519 453
43.4951 -10.5519 453
42.7228 -10.5519 453
41.9506 -10.5519 453
41.2692 -10.5752 454
40.4953 -10.5752 454
39.7213 -10.5752 454
38.9474 -10.5752 454
38.1734 -10.5752 454
37.3994 -10.5752 454
36.6255 -10.5752 454
35.8515 -10.5752 454
35.0776 -10.5752 454
34.3036 -10.5752 454
33.5297 -10.5752 454
32.6836 -10.5519 453
31.9113 -10.5519 453
31.1391 -10.5519 453
30.3668 -10.5519 453
29.5946 -10.5519 453
28.8223 -10.5519 453
28.0501 -10.5519 453
27.2778 -10.5519 453
26.5056 -10.5519 453
25.7333 -10.5519 453
24.9611 -10.5519 453
24.1888 -10.5519 453
23.4166 -10.5519 453
22.6443 -10.5519 453
21.8721 -10.5519 453
21.0066 -10.5054 451
20.1929 -10.4821 450
19.4258 -10.4821 450
18.6587 -10.4821 450
176.542 -14.1998 568
175.574 -14.1998 568
174.606 -14.1998 568
173.637 -14.1998 568
172.365 -14.1748 567
171.398 -14.1748 567
170.432 -14.1748 567
169.465 -14.1748 567
168.499 -14.1748 567
167.532 -14.1748 567
166.566 -14.1748 567
165.599 -14.1748 567
164.632 -14.1748 567
163.666 -14.1748 567
162.412 -14.1498 566
161.447 -14.1498 566
160.482 -14.1498 566
159.518 -14.1498 566
158.553 -14.1498 566
157.309 -14.1248 565
156.069 -14.0998 564
155.108 -14.0998 564
154.146 -14.0998 564
153.185 -14.0998 564
152.224 -14.0998 564
151.262 -14.0998 564
150.301 -14.0998 564
149.339 -14.0998 564
148.378 -14.0998 564
147.416 -14.0998 564
146.195 -14.0748 563
145.235 -14.0748 563
144.019 -14.0498 562
143.061 -14.0498 562
142.103 -14.0498 562
140.894 -14.0248 561
139.439 -13.9748 559
138.486 -13.9748 559
137.041 -13.9248 557
135.602 -13.8748 555
134.171 -13.8248 553
132.987 -13.7998 552
132.046 -13.7998 552
130.868 -13.7748 551
129.693 -13.7498 550
128.755 -13.7498 550
127.817 -13.7498 550
126.419 -13.6998 548
125.255 -13.6748 547
123.868 -13.6248 545
122.939 -13.6248 545
121.786 -13.5998 544
120.637 -13.5748 543
119.711 -13.5748 543
118.785 -13.5748 543
117.86 -13.5748 543
116.934 -13.5748 543
116.008 -13.5748 543
115.083 -13.5748 543
77.0002 -12.0998 484
76.3325 -12.1248 485
75.5057 -12.1248 485
74.6789 -12.1248 485
73.5475 -12.0748 483
68.3231 -12.0248 481
67.5031 -12.0248 481
66.8217 -12.0498 482
66 -12.0498 482
65.1784 -12.0498 482
64.3567 -12.0498 482
63.535 -12.0498 482
62.5832 -12.0248 481
61.7632 -12.0248 481
60.9432 -12.0248 481
46.6869 -11.3498 454
45.913 -11.3498 454
45.139 -11.3498 454
44.2673 -11.3248 453
43.4951 -11.3248 453
42.7228 -11.3248 453
42.0432 -11.3498 454
41.2692 -11.3498 454
40.4953 -11.3498 454
39.7213 -11.3498 454
38.9474 -11.3498 454
38.1734 -11.3498 454
37.3994 -11.3498 454
36.6255 -11.3498 454
35.8515 -11.3498 454
35.0776 -11.3498 454
34.3036 -11.3498 454
33.5297 -11.3498 454
32.6836 -11.3248 453
31.9113 -11.3248 453
31.1391 -11.3248 453
30.3668 -11.3248 453
29.5946 -11.3248 453
28.8223 -11.3248 453
28.0501 -11.3248 453
27.2778 -11.3248 453
26.447 -11.2998 452
25.7333 -11.3248 453
24.9611 -11.3248 453
24.1888 -11.3248 453
23.4166 -11.3248 453
22.6443 -11.3248 453
21.8721 -11.3248 453
21.0066 -11.2748 451
176.231 -15.1421 567
175.265 -15.1421 567
174.298 -15.1421 567
173.332 -15.1421 567
172.365 -15.1421 567
171.398 -15.1421 567
170.432 -15.1421 567
169.465 -15.1421 567
168.499 -15.1421 567
167.532 -15.1421 567
166.566 -15.1421 567
165.307 -15.1154 566
164.342 -15.1154 566
163.377 -15.1154 566
162.412 -15.1154 566
161.447 -15.1154 566
160.482 -15.1154 566
159.518 -15.1154 566
158.273 -15.0887 565
157.309 -15.0887 565
156.069 -15.062 564
155.108 -15.062 564
154.146 -15.062 564
152.913 -15.0353 563
152.224 -15.062 564
151.262 -15.062 564
150.301 -15.062 564
149.339 -15.062 564
148.378 -15.062 564
147.416 -15.062 564
146.195 -15.0353 563
145.235 -15.0353 563
144.019 -15.0086 562
143.061 -15.0086 562
142.103 -15.0086 562
140.894 -14.9819 561
139.439 -14.9285 559
138.486 -14.9285 559
137.041 -14.8751 557
135.602 -14.8216 555
134.171 -14.7682 553
132.987 -14.7415 552
132.046 -14.7415 552
130.868 -14.7148 551
129.693 -14.6881 550
128.755 -14.6881 550
127.817 -14.6881 550
126.419 -14.6347 548
125.255 -14.608 547
123.868 -14.5546 545
122.939 -14.5546 545
121.786 -14.5279 544
120.637 -14.5012 543
119.711 -14.5012 543
118.785 -14.5012 543
117.86 -14.5012 543
116.719 -14.4745 542
77.0002 -12.9255 484
76.1751 -12.9255 484
75.35 -12.9255 484
74.5249 -12.9255 484
73.5475 -12.8988 483
72.5736 -12.8721 482
71.7519 -12.8721 482
70.783 -12.8454 481
69.963 -12.8454 481
69.1431 -12.8454 481
68.3231 -12.8454 481
67.5031 -12.8454 481
66.6831 -12.8454 481
65.8631 -12.8454 481
65.0431 -12.8454 481
64.2232 -12.8454 481
63.4032 -12.8454 481
62.5832 -12.8454 481
61.7632 -12.8454 481
60.9432 -12.8454 481
46.6869 -12.1244 454
45.913 -12.1244 454
45.139 -12.1244 454
44.2673 -12.0977 453
43.4951 -12.0977 453
42.7228 -12.0977 453
42.0432 -12.1244 454
41.2692 -12.1244 454
40.4953 -12.1244 454
39.7213 -12.1244 454
38.9474 -12.1244 454
38.1734 -12.1244 454
37.3994 -12.1244 454
36.6255 -12.1244 454
35.8515 -12.1244 454
35.0776 -12.1244 454
34.3036 -12.1244 454
33.5297 -12.1244 454
32.6836 -12.0977 453
31.9113 -12.0977 453
31.1391 -12.0977 453
30.3668 -12.0977 453
29.5946 -12.0977 453
28.8223 -12.0977 453
28.0501 -12.0977 453
27.2778 -12.0977 453
26.447 -12.071 452
25.7333 -12.0977 453
24.9611 -12.0977 453
24.1888 -12.0977 453
23.4166 -12.0977 453
22.6443 -12.0977 453
21.8721 -12.0977 453
21.0066 -12.0443 451
176.542 -16.1379 568
175.574 -16.1379 568
174.606 -16.1379 568
173.332 -16.1095 567
172.365 -16.1095 567
171.398 -16.1095 567
170.432 -16.1095 567
169.465 -16.1095 567
168.499 -16.1095 567
167.532 -16.1095 567
166.566 -16.1095 567
165.307 -16.0811 566
164.342 -16.0811 566
163.377 -16.0811 566
162.412 -16.0811 566
161.447 -16.0811 566
160.199 -16.0526 565
159.236 -16.0526 565
158.273 -16.0526 565
157.031 -16.0242 564
156.069 -16.0242 564
155.108 -16.0242 564
153.873 -15.9958 563
152.913 -15.9958 563
151.954 -15.9958 563
150.994 -15.9958 563
150.034 -15.9958 563
149.074 -15.9958 563
148.115 -15.9958 563
147.155 -15.9958 563
146.195 -15.9958 563
144.977 -15.9674 562
144.019 -15.9674 562
143.061 -15.9674 562
141.85 -15.939 561
140.643 -15.9106 560
139.189 -15.8538 558
138.238 -15.8538 558
136.795 -15.7969 556
135.358 -15.7401 554
133.928 -15.6833 552
132.746 -15.6549 551
131.807 -15.6549 551
130.868 -15.6549 551
129.693 -15.6265 550
128.521 -15.5981 549
127.585 -15.5981 549
126.419 -15.5697 548
124.797 -15.4844 545
123.641 -15.456 544
122.714 -15.456 544
121.786 -15.456 544
120.637 -15.4276 543
119.711 -15.4276 543
118.785 -15.4276 543
117.86 -15.4276 543
116.719 -15.3992 542
76.8411 -13.7229 483
76.0177 -13.7229 483
75.1943 -13.7229 483
74.3709 -13.7229 483
73.3952 -13.6945 482
72.5736 -13.6945 482
71.7519 -13.6945 482
70.783 -13.6661 481
69.963 -13.6661 481
69.1431 -13.6661 481
68.3231 -13.6661 481
67.5031 -13.6661 481
66.6831 -13.6661 481
65.8631 -13.6661 481
65.0431 -13.6661 481
64.2232 -13.6661 481
63.4032 -13.6661 481
62.5832 -13.6661 481
61.7632 -13.6661 481
46.6869 -12.8989 454
45.913 -12.8989 454
45.139 -12.8989 454
44.2673 -12.8705 453
43.4951 -12.8705 453
42.7228 -12.8705 453
42.0432 -12.8989 454
41.2692 -12.8989 454
40.4953 -12.8989 454
39.7213 -12.8989 454
38.9474 -12.8989 454
38.1734 -12.8989 454
37.3994 -12.8989 454
36.6255 -12.8989 454
35.8515 -12.8989 454
35.0776 -12.8989 454
34.3036 -12.8989 454
33.5297 -12.8989 454
32.6836 -12.8705 453
31.9113 -12.8705 453
31.1391 -12.8705 453
30.3668 -12.8705 453
29.5946 -12.8705 453
28.8223 -12.8705 453
28.0501 -12.8705 453
27.2778 -12.8705 453
176.542 -17.107 568
175.574 -17.107 568
174.606 -17.107 568
173.637 -17.107 568
172.669 -17.107 568
171.701 -17.107 568
170.732 -17.107 568
169.764 -17.107 568
168.499 -17.0768 567
167.532 -17.0768 567
166.566 -17.0768 567
165.599 -17.0768 567
164.342 -17.0467 566
163.377 -17.0467 566
162.412 -17.0467 566
161.447 -17.0467 566
160.199 -17.0166 565
159.236 -17.0166 565
158.273 -17.0166 565
157.031 -16.9865 564
156.069 -16.9865 564
155.108 -16.9865 564
153.873 -16.9564 563
152.642 -16.9262 562
151.954 -16.9564 563
150.994 -16.9564 563
150.034 -16.9564 563
149.074 -16.9564 563
148.115 -16.9564 563
147.155 -16.9564 563
145.935 -16.9262 562
144.719 -16.8961 561
143.763 -16.8961 561
142.807 -16.8961 561
141.597 -16.866 560
140.14 -16.8058 558
138.69 -16.7455 556
137.247 -16.6853 554
136.303 -16.6853 554
135.114 -16.6552 553
133.928 -16.6251 552
132.746 -16.5949 551
131.807 -16.5949 551
130.63 -16.5648 550
129.457 -16.5347 549
128.287 -16.5046 548
127.353 -16.5046 548
126.188 -16.4745 547
124.797 -16.4142 545
123.641 -16.3841 544
122.714 -16.3841 544
121.562 -16.354 543
120.637 -16.354 543
119.711 -16.354 543
118.785 -16.354 543
117.86 -16.354 543
76.8411 -14.5469 483
76.0177 -14.5469 483
75.1943 -14.5469 483
74.3709 -14.5469 483
73.3952 -14.5168 482
72.5736 -14.5168 482
71.7519 -14.5168 482
70.783 -14.4867 481
69.963 -14.4867 481
69.1431 -14.4867 481
68.3231 -14.4867 481
67.5031 -14.4867 481
66.6831 -14.4867 481
65.8631 -14.4867 481
65.0431 -14.4867 481
64.2232 -14.4867 481
63.4032 -14.4867 481
62.5832 -14.4867 481
61.7632 -14.4867 481
46.6869 -13.6735 454
45.913 -13.6735 454
45.139 -13.6735 454
44.2673 -13.6434 453
43.4951 -13.6434 453
42.7228 -13.6434 453
42.0432 -13.6735 454
41.2692 -13.6735 454
40.4953 -13.6735 454
39.7213 -13.6735 454
38.9474 -13.6735 454
38.1734 -13.6735 454
37.3994 -13.6735 454
36.6255 -13.6735 454
35.8515 -13.6735 454
35.0776 -13.6735 454
34.3036 -13.6735 454
33.5297 -13.6735 454
32.6836 -13.6434 453
31.9113 -13.6434 453
31.1391 -13.6434 453
30.3668 -13.6434 453
29.5946 -13.6434 453
28.8223 -13.6434 453
28.0501 -13.6434 453
176.542 -18.076 568
175.574 -18.076 568
174.606 -18.076 568
173.637 -18.076 568
172.669 -18.076 568
171.701 -18.076 568
170.732 -18.076 568
169.764 -18.076 568
168.499 -18.0442 567
167.532 -18.0442 567
166.566 -18.0442 567
165.599 -18.0442 567
164.342 -18.0124 566
163.377 -18.0124 566
162.412 -18.0124 566
161.447 -18.0124 566
160.199 -17.9805 565
159.236 -17.9805 565
158.273 -17.9805 565
157.031 -17.9487 564
156.069 -17.9487 564
155.108 -17.9487 564
153.873 -17.9169 563
152.642 -17.8851 562
151.954 -17.9169 563
150.994 -17.9169 563
150.034 -17.9169 563
149.074 -17.9169 563
148.115 -17.9169 563
147.155 -17.9169 563
145.935 -17.8851 562
144.719 -17.8533 561
143.507 -17.8214 560
142.552 -17.8214 560
141.344 -17.7896 559
139.889 -17.726 557
138.441 -17.6623 555
136.999 -17.5987 553
136.056 -17.5987 553
135.114 -17.5987 553
133.686 -17.535 551
132.506 -17.5032 550
131.568 -17.5032 550
130.63 -17.5032 550
129.457 -17.4714 549
128.287 -17.4395 548
127.353 -17.4395 548
125.957 -17.3759 546
124.568 -17.3122 544
123.414 -17.2804 543
122.488 -17.2804 543
121.338 -17.2486 542
120.414 -17.2486 542
119.27 -17.2168 541
118.348 -17.2168 541
76.682 -15.3392 482
75.8603 -15.3392 482
75.0386 -15.3392 482
74.2169 -15.3392 482
73.3952 -15.3392 482
72.423 -15.3073 481
71.603 -15.3073 481
70.783 -15.3073 481
69.8176 -15.2755 480
68.9993 -15.2755 480
68.181 -15.2755 480
67.3627 -15.2755 480
66.5445 -15.2755 480
65.7262 -15.2755 480
64.9079 -15.2755 480
64.0896 -15.2755 480
63.2714 -15.2755 480
62.323 -15.2437 479
61.5064 -15.2437 479
46.6869 -14.4481 454
45.913 -14.4481 454
45.139 -14.4481 454
44.2673 -14.4163 453
43.4951 -14.4163 453
42.7228 -14.4163 453
42.0432 -14.4481 454
41.2692 -14.4481 454
40.4953 -14.4481 454
39.7213 -14.4481 454
38.9474 -14.4481 454
38.1734 -14.4481 454
37.3994 -14.4481 454
36.6255 -14.4481 454
35.8515 -14.4481 454
35.0776 -14.4481 454
34.3036 -14.4481 454
33.5297 -14.4481 454
32.6836 -14.4163 453
31.9113 -14.4163 453
31.1391 -14.4163 453
30.3668 -14.4163 453
29.5946 -14.4163 453
28.8223 -14.4163 453
28.0501 -14.4163 453
176.542 -19.0451 568
175.574 -19.0451 568
174.606 -19.0451 568
173.637 -19.0451 568
172.669 -19.0451 568
171.701 -19.0451 568
170.732 -19.0451 568
169.764 -19.0451 568
168.499 -19.0116 567
167.532 -19.0116 567
166.566 -19.0116 567
165.599 -19.0116 567
164.342 -18.978 566
163.377 -18.978 566
162.412 -18.978 566
161.162 -18.9445 565
160.199 -18.9445 565
159.236 -18.9445 565
157.992 -18.911 564
157.031 -18.911 564
156.069 -18.911 564
155.108 -18.911 564
153.6 -18.8439 562
152.37 -18.8104 561
151.684 -18.8439 562
150.726 -18.8439 562
149.768 -18.8439 562
148.81 -18.8439 562
147.851 -18.8439 562
146.893 -18.8439 562
145.676 -18.8104 561
144.719 -18.8104 561
143.507 -18.7768 560
142.552 -18.7768 560
141.344 -18.7433 559
139.889 -18.6763 557
138.441 -18.6092 555
136.999 -18.5421 553
136.056 -18.5421 553
135.114 -18.5421 553
133.686 -18.4751 551
132.506 -18.4415 550
131.568 -18.4415 550
130.63 -18.4415 550
129.457 -18.408 549
128.287 -18.3745 548
127.353 -18.3745 548
125.957 -18.3074 546
124.568 -18.2404 544
123.414 -18.2068 543
122.488 -18.2068 543
121.338 -18.1733 542
120.414 -18.1733 542
119.27 -18.1398 541
118.348 -18.1398 541
78.1629 -16.128 481
77.3429 -16.128 481
76.5229 -16.128 481
75.7029 -16.128 481
74.8829 -16.128 481
74.063 -16.128 481
73.243 -16.128 481
72.2724 -16.0944 480
71.4541 -16.0944 480
70.6359 -16.0944 480
69.8176 -16.0944 480
68.9993 -16.0944 480
68.181 -16.0944 480
67.3627 -16.0944 480
66.5445 -16.0944 480
65.7262 -16.0944 480
64.9079 -16.0944 480
63.9561 -16.0609 479
63.1395 -16.0609 479
62.1929 -16.0274 478
61.378 -16.0274 478
46.6869 -15.2227 454
45.913 -15.2227 454
45.139 -15.2227 454
44.2673 -15.1891 453
43.4951 -15.1891 453
42.7228 -15.1891 453
42.0432 -15.2227 454
41.2692 -15.2227 454
40.4953 -15.2227 454
39.7213 -15.2227 454
38.9474 -15.2227 454
38.1734 -15.2227 454
37.3994 -15.2227 454
36.6255 -15.2227 454
35.8515 -15.2227 454
35.0776 -15.2227 454
34.2281 -15.1891 453
33.4558 -15.1891 453
32.6836 -15.1891 453
31.9113 -15.1891 453
31.1391 -15.1891 453
30.3668 -15.1891 453
29.5946 -15.1891 453
28.8223 -15.1891 453
28.0501 -15.1891 453
175.574 -20.0142 568
174.606 -20.0142 568
173.637 -20.0142 568
172.669 -20.0142 568
171.701 -20.0142 568
170.732 -20.0142 568
169.465 -19.9789 567
168.499 -19.9789 567
167.532 -19.9789 567
166.566 -19.9789 567
165.599 -19.9789 567
164.342 -19.9437 566
163.377 -19.9437 566
162.412 -19.9437 566
161.162 -19.9084 565
160.199 -19.9084 565
159.236 -19.9084 565
157.992 -19.8732 564
157.031 -19.8732 564
155.793 -19.838 563
154.833 -19.838 563
153.327 -19.7675 561
152.099 -19.7323 560
151.414 -19.7675 561
150.457 -19.7675 561
149.501 -19.7675 561
148.28 -19.7323 560
147.325 -19.7323 560
146.371 -19.7323 560
145.416 -19.7323 560
144.461 -19.7323 560
143.25 -19.697 559
142.297 -19.697 559
140.839 -19.6266 557
139.638 -19.5913 556
138.191 -19.5208 554
136.999 -19.4856 553
136.056 -19.4856 553
134.869 -19.4504 552
133.443 -19.3799 550
132.506 -19.3799 550
131.568 -19.3799 550
130.155 -19.3094 548
129.221 -19.3094 548
128.053 -19.2742 547
127.12 -19.2742 547
125.726 -19.2037 545
124.339 -19.1332 543
123.186 -19.098 542
122.262 -19.098 542
121.115 -19.0628 541
120.192 -19.0628 541
119.27 -19.0628 541
118.348 -19.0628 541
78.1629 -16.9486 481
77.3429 -16.9486 481
76.5229 -16.9486 481
75.7029 -16.9486 481
74.8829 -16.9486 481
74.063 -16.9486 481
73.0907 -16.9134 480
72.1219 -16.8781 479
71.3053 -16.8781 479
70.4887 -16.8781 479
69.8176 -16.9134 480
68.9993 -16.9134 480
68.181 -16.9134 480
67.3627 -16.9134 480
66.5445 -16.9134 480
65.7262 -16.9134 480
64.9079 -16.9134 480
63.9561 -16.8781 479
63.1395 -16.8781 479
62.1929 -16.8429 478
61.378 -16.8429 478
48.0223 -15.9268 452
47.4609 -15.9972 454
46.6869 -15.9972 454
45.913 -15.9972 454
45.139 -15.9972 454
44.365 -15.9972 454
43.4951 -15.962 453
42.7228 -15.962 453
41.9506 -15.962 453
41.2692 -15.9972 454
40.4953 -15.9972 454
39.7213 -15.9972 454
38.8616 -15.962 453
38.0893 -15.962 453
37.3171 -15.962 453
36.5448 -15.962 453
35.7726 -15.962 453
35.0003 -15.962 453
34.2281 -15.962 453
33.4558 -15.962 453
32.6836 -15.962 453
31.9113 -15.962 453
31.1391 -15.962 453
30.3668 -15.962 453
29.5946 -15.962 453
28.8223 -15.962 453
175.574 -20.9832 568
174.606 -20.9832 568
173.637 -20.9832 568
172.365 -20.9463 567
171.398 -20.9463 567
170.432 -20.9463 567
169.465 -20.9463 567
168.499 -20.9463 567
167.532 -20.9463 567
166.566 -20.9463 567
165.599 -20.9463 567
164.342 -20.9093 566
163.377 -20.9093 566
162.125 -20.8724 565
161.162 -20.8724 565
159.632 -20.7985 563
158.672 -20.7985 563
157.712 -20.7985 563
156.753 -20.7985 563
155.516 -20.7616 562
154.558 -20.7616 562
153.053 -20.6877 560
151.827 -20.6507 559
150.874 -20.6507 559
150.189 -20.6877 560
149.235 -20.6877 560
148.28 -20.6877 560
147.325 -20.6877 560
146.371 -20.6877 560
145.416 -20.6877 560
143.687 -20.5769 557
142.738 -20.5769 557
141.788 -20.5769 557
140.586 -20.5399 556
139.387 -20.503 555
137.942 -20.4291 553
136.751 -20.3921 552
135.81 -20.3921 552
134.869 -20.3921 552
133.443 -20.3183 550
132.024 -20.2444 548
131.09 -20.2444 548
129.918 -20.2074 547
128.985 -20.2074 547
127.819 -20.1705 546
126.888 -20.1705 546
125.496 -20.0966 544
124.11 -20.0227 542
122.959 -19.9858 541
122.037 -19.9858 541
121.115 -19.9858 541
120.192 -19.9858 541
119.27 -19.9858 541
118.348 -19.9858 541
78.1629 -17.7692 481
77.3429 -17.7692 481
76.5229 -17.7692 481
75.7029 -17.7692 481
74.8829 -17.7692 481
74.063 -17.7692 481
73.0907 -17.7323 480
72.2724 -17.7323 480
71.4541 -17.7323 480
70.4887 -17.6954 479
69.8176 -17.7323 480
68.9993 -17.7323 480
68.181 -17.7323 480
67.3627 -17.7323 480
66.5445 -17.7323 480
65.7262 -17.7323 480
64.9079 -17.7323 480
63.9561 -17.6954 479
63.1395 -17.6954 479
62.1929 -17.6584 478
61.378 -17.6584 478
48.0223 -16.6979 452
47.4609 -16.7718 454
46.6869 -16.7718 454
45.913 -16.7718 454
45.139 -16.7718 454
44.365 -16.7718 454
43.4951 -16.7349 453
42.7228 -16.7349 453
41.9506 -16.7349 453
41.1783 -16.7349 453
40.4061 -16.7349 453
39.6338 -16.7349 453
38.8616 -16.7349 453
38.0893 -16.7349 453
37.3171 -16.7349 453
36.5448 -16.7349 453
35.7726 -16.7349 453
35.0003 -16.7349 453
34.2281 -16.7349 453
33.4558 -16.7349 453
32.6836 -16.7349 453
31.9113 -16.7349 453
31.1391 -16.7349 453
30.3668 -16.7349 453
29.5946 -16.7349 453
28.8223 -16.7349 453
175.265 -21.9136 567
174.298 -21.9136 567
173.332 -21.9136 567
172.365 -21.9136 567
171.398 -21.9136 567
170.432 -21.9136 567
169.465 -21.9136 567
168.499 -21.9136 567
167.532 -21.9136 567
166.566 -21.9136 567
165.599 -21.9136 567
164.342 -21.875 566
163.377 -21.875 566
162.125 -21.8363 565
161.162 -21.8363 565
159.632 -21.759 563
158.672 -21.759 563
157.712 -21.759 563
156.753 -21.759 563
155.516 -21.7204 562
154.558 -21.7204 562
153.053 -21.6431 560
151.827 -21.6045 559
150.874 -21.6045 559
150.189 -21.6431 560
149.235 -21.6431 560
148.28 -21.6431 560
147.325 -21.6431 560
146.371 -21.6431 560
145.416 -21.6431 560
141.025 -21.4112 554
140.08 -21.4112 554
139.136 -21.4112 554
137.692 -21.3339 552
136.751 -21.3339 552
135.81 -21.3339 552
134.625 -21.2953 551
133.443 -21.2566 550
78.1629 -18.5899 481
77.3429 -18.5899 481
76.5229 -18.5899 481
75.5455 -18.5512 480
74.7273 -18.5512 480
73.909 -18.5512 480
73.0907 -18.5512 480
72.2724 -18.5512 480
71.4541 -18.5512 480
70.4887 -18.5126 479
69.6721 -18.5126 479
68.9993 -18.5512 480
68.181 -18.5512 480
67.3627 -18.5512 480
66.5445 -18.5512 480
65.7262 -18.5512 480
64.9079 -18.5512 480
63.9561 -18.5126 479
63.1395 -18.5126 479
62.1929 -18.4739 478
61.378 -18.4739 478
48.0223 -17.4691 452
47.4609 -17.5464 454
46.6869 -17.5464 454
45.913 -17.5464 454
45.139 -17.5464 454
44.365 -17.5464 454
43.4951 -17.5077 453
42.8171 -17.5464 454
42.0432 -17.5464 454
41.2692 -17.5464 454
40.4061 -17.5077 453
39.6338 -17.5077 453
38.8616 -17.5077 453
38.0893 -17.5077 453
37.3171 -17.5077 453
36.5448 -17.5077 453
35.7726 -17.5077 453
35.0003 -17.5077 453
34.2281 -17.5077 453
33.4558 -17.5077 453
32.6836 -17.5077 453
31.9113 -17.5077 453
31.1391 -17.5077 453
30.3668 -17.5077 453
174.647 -22.8003 565
173.683 -22.8003 565
172.72 -22.8003 565
171.757 -22.8003 565
170.794 -22.8003 565
169.831 -22.8003 565
168.868 -22.8003 565
167.904 -22.8003 565
166.941 -22.8003 565
165.978 -22.8003 565
165.015 -22.8003 565
164.052 -22.8003 565
163.088 -22.8003 565
161.838 -22.7599 564
160.592 -22.7196 563
159.632 -22.7196 563
158.672 -22.7196 563
157.712 -22.7196 563
156.474 -22.6792 562
141.025 -22.3564 554
140.08 -22.3564 554
139.136 -22.3564 554
137.692 -22.2757 552
136.751 -22.2757 552
135.81 -22.2757 552
134.625 -22.2353 551
133.443 -22.195 550
78.1629 -19.4105 481
77.3429 -19.4105 481
76.5229 -19.4105 481
75.5455 -19.3702 480
74.7273 -19.3702 480
73.909 -19.3702 480
73.0907 -19.3702 480
72.2724 -19.3702 480
71.4541 -19.3702 480
70.4887 -19.3298 479
69.6721 -19.3298 479
68.9993 -19.3702 480
68.181 -19.3702 480
67.3627 -19.3702 480
66.5445 -19.3702 480
65.7262 -19.3702 480
64.9079 -19.3702 480
63.9561 -19.3298 479
63.1395 -19.3298 479
62.1929 -19.2894 478
61.378 -19.2894 478
48.0223 -18.2402 452
47.4609 -18.3209 454
46.6869 -18.3209 454
45.913 -18.3209 454
45.139 -18.3209 454
44.365 -18.3209 454
43.4951 -18.2806 453
42.8171 -18.3209 454
42.0432 -18.3209 454
41.2692 -18.3209 454
40.4061 -18.2806 453
39.6338 -18.2806 453
38.8616 -18.2806 453
38.0893 -18.2806 453
37.3171 -18.2806 453
36.5448 -18.2806 453
35.7726 -18.2806 453
35.0003 -18.2806 453
34.2281 -18.2806 453
33.4558 -18.2806 453
32.6836 -18.2806 453
31.9113 -18.2806 453
31.1391 -18.2806 453
30.3668 -18.2806 453
174.647 -23.7642 565
173.683 -23.7642 565
172.72 -23.7642 565
171.757 -23.7642 565
170.794 -23.7642 565
169.831 -23.7642 565
168.868 -23.7642 565
78.0004 -20.1891 480
77.1821 -20.1891 480
76.3638 -20.1891 480
75.5455 -20.1891 480
74.7273 -20.1891 480
73.909 -20.1891 480
73.0907 -20.1891 480
72.2724 -20.1891 480
71.4541 -20.1891 480
70.4887 -20.147 479
69.6721 -20.147 479
68.8556 -20.147 479
68.039 -20.147 479
67.2224 -20.147 479
66.4058 -20.147 479
65.5893 -20.147 479
64.7727 -20.147 479
63.8226 -20.105 478
63.0077 -20.105 478
62.0627 -20.0629 477
61.2496 -20.0629 477
45.913 -19.0955 454
45.139 -19.0955 454
44.365 -19.0955 454
43.5911 -19.0955 454
42.8171 -19.0955 454
42.0432 -19.0955 454
41.2692 -19.0955 454
40.4953 -19.0955 454
39.6338 -19.0535 453
38.8616 -19.0535 453
38.0893 -19.0535 453
37.3171 -19.0535 453
36.5448 -19.0535 453
35.7726 -19.0535 453
35.0003 -19.0535 453
34.2281 -19.0535 453
33.4558 -19.0535 453
32.6836 -19.0535 453
31.9113 -19.0535 453
31.1391 -19.0535 453
30.3668 -19.0535 453
174.647 -24.7282 565
173.683 -24.7282 565
172.72 -24.7282 565
171.757 -24.7282 565
170.794 -24.7282 565
169.831 -24.7282 565
78.0004 -21.008 480
77.1821 -21.008 480
76.3638 -21.008 480
75.5455 -21.008 480
74.7273 -21.008 480
73.909 -21.008 480
73.0907 -21.008 480
72.2724 -21.008 480
71.4541 -21.008 480
70.4887 -20.9643 479
69.6721 -20.9643 479
68.8556 -20.9643 479
68.039 -20.9643 479
67.2224 -20.9643 479
66.4058 -20.9643 479
65.5893 -20.9643 479
64.7727 -20.9643 479
63.8226 -20.9205 478
63.0077 -20.9205 478
62.0627 -20.8767 477
61.2496 -20.8767 477
45.139 -19.8701 454
44.365 -19.8701 454
43.5911 -19.8701 454
42.8171 -19.8701 454
42.0432 -19.8701 454
41.2692 -19.8701 454
40.4953 -19.8701 454
39.7213 -19.8701 454
38.9474 -19.8701 454
38.1734 -19.8701 454
37.3994 -19.8701 454
36.6255 -19.8701 454
35.8515 -19.8701 454
35.0776 -19.8701 454
34.3036 -19.8701 454
33.4558 -19.8263 453
32.6836 -19.8263 453
31.9113 -19.8263 453
31.1391 -19.8263 453
30.3668 -19.8263 453
174.647 -25.6921 565
173.683 -25.6921 565
172.72 -25.6921 565
171.757 -25.6921 565
170.794 -25.6921 565
169.831 -25.6921 565
78.0004 -21.8269 480
77.1821 -21.8269 480
76.3638 -21.8269 480
75.5455 -21.8269 480
74.7273 -21.8269 480
73.909 -21.8269 480
73.0907 -21.8269 480
72.1219 -21.7815 479
71.3053 -21.7815 479
70.4887 -21.7815 479
69.5267 -21.736 478
68.7118 -21.736 478
67.8969 -21.736 478
67.0821 -21.736 478
66.4058 -21.7815 479
65.5893 -21.7815 479
64.7727 -21.7815 479
63.8226 -21.736 478
62.8759 -21.6905 477
61.9326 -21.6451 476
61.1212 -21.6451 476
45.139 -20.6447 454
44.365 -20.6447 454
43.5911 -20.6447 454
42.8171 -20.6447 454
42.0432 -20.6447 454
41.2692 -20.6447 454
40.4953 -20.6447 454
39.7213 -20.6447 454
38.9474 -20.6447 454
38.1734 -20.6447 454
37.3994 -20.6447 454
36.6255 -20.6447 454
35.8515 -20.6447 454
35.0776 -20.6447 454
34.3036 -20.6447 454
33.4558 -20.5992 453
32.6836 -20.5992 453
31.9113 -20.5992 453
31.1391 -20.5992 453
78.6544 -22.5987 479
78.0004 -22.6459 480
77.1821 -22.6459 480
76.3638 -22.6459 480
75.5455 -22.6459 480
74.7273 -22.6459 480
73.909 -22.6459 480
72.9384 -22.5987 479
71.9713 -22.5515 478
71.1564 -22.5515 478
70.3415 -22.5515 478
69.5267 -22.5515 478
68.7118 -22.5515 478
67.8969 -22.5515 478
67.0821 -22.5515 478
66.2672 -22.5515 478
65.4523 -22.5515 478
64.6375 -22.5515 478
63.8226 -22.5515 478
62.7441 -22.4572 476
61.8025 -22.41 475
60.9928 -22.41 475
44.365 -21.4192 454
43.5911 -21.4192 454
42.8171 -21.4192 454
42.0432 -21.4192 454
41.2692 -21.4192 454
40.4953 -21.4192 454
39.7213 -21.4192 454
38.9474 -21.4192 454
38.1734 -21.4192 454
37.3994 -21.4192 454
36.6255 -21.4192 454
35.8515 -21.4192 454
35.0776 -21.4192 454
34.3036 -21.4192 454
33.4558 -21.372 453
32.6836 -21.372 453
31.9113 -21.372 453
31.1391 -21.372 453
78.6544 -23.4159 479
77.8379 -23.4159 479
77.0213 -23.4159 479
76.2047 -23.4159 479
75.3882 -23.4159 479
74.5716 -23.4159 479
73.755 -23.4159 479
72.7862 -23.367 478
71.9713 -23.367 478
71.1564 -23.367 478
70.3415 -23.367 478
69.3812 -23.3182 477
68.5681 -23.3182 477
67.8969 -23.367 478
67.0821 -23.367 478
66.2672 -23.367 478
65.4523 -23.367 478
64.6375 -23.367 478
63.8226 -23.367 478
62.8759 -23.3182 477
61.8025 -23.2204 475
60.9928 -23.2204 475
41.2692 -22.1938 454
40.4953 -22.1938 454
39.7213 -22.1938 454
38.9474 -22.1938 454
38.1734 -22.1938 454
37.3994 -22.1938 454
36.6255 -22.1938 454
35.8515 -22.1938 454
35.0776 -22.1938 454
34.3036 -22.1938 454
78.6544 -24.2331 479
77.8379 -24.2331 479
77.0213 -24.2331 479
76.2047 -24.2331 479
75.3882 -24.2331 479
74.5716 -24.2331 479
73.755 -24.2331 479
72.7862 -24.1826 478
71.9713 -24.1826 478
71.1564 -24.1826 478
70.3415 -24.1826 478
69.3812 -24.132 477
68.5681 -24.132 477
67.8969 -24.1826 478
67.0821 -24.1826 478
66.2672 -24.1826 478
65.4523 -24.1826 478
64.6375 -24.1826 478
63.8226 -24.1826 478
62.8759 -24.132 477
61.8025 -24.0308 475
60.9928 -24.0308 475
78.6544 -25.0504 479
77.8379 -25.0504 479
77.0213 -25.0504 479
76.2047 -25.0504 479
75.3882 -25.0504 479
74.5716 -25.0504 479
73.601 -24.9981 478
72.7862 -24.9981 478
71.8207 -24.9458 477
71.0076 -24.9458 477
70.1944 -24.9458 477
69.3812 -24.9458 477
68.5681 -24.9458 477
67.7549 -24.9458 477
66.9417 -24.9458 477
66.1286 -24.9458 477
65.4523 -24.9981 478
64.6375 -24.9981 478
63.8226 -24.9981 478
62.8759 -24.9458 477
78.6544 -25.8676 479
77.8379 -25.8676 479
77.0213 -25.8676 479
76.2047 -25.8676 479
75.3882 -25.8676 479
74.5716 -25.8676 479
73.601 -25.8136 478
72.7862 -25.8136 478
71.9713 -25.8136 478
71.1564 -25.8136 478
70.1944 -25.7596 477
69.2358 -25.7056 476
68.5681 -25.7596 477
67.7549 -25.7596 477
66.9417 -25.7596 477
66.2672 -25.8136 478
65.4523 -25.8136 478
64.6375 -25.8136 478
63.8226 -25.8136 478
78.6544 -26.6848 479
77.8379 -26.6848 479
77.0213 -26.6848 479
76.2047 -26.6848 479
75.2308 -26.6291 478
74.4159 -26.6291 478
73.601 -26.6291 478
72.7862 -26.6291 478
71.9713 -26.6291 478
71.1564 -26.6291 478
70.3415 -26.6291 478
69.3812 -26.5734 477
68.5681 -26.5734 477
67.8969 -26.6291 478
67.0821 -26.6291 478
66.2672 -26.6291 478
65.4523 -26.6291 478
64.6375 -26.6291 478
63.8226 -26.6291 478
76.0456 -27.4446 478
75.2308 -27.4446 478
74.4159 -27.4446 478
73.601 -27.4446 478
72.7862 -27.4446 478
71.9713 -27.4446 478
71.1564 -27.4446 478
70.3415 -27.4446 478
69.3812 -27.3872 477
68.5681 -27.3872 477
67.8969 -27.4446 478
67.0821 -27.4446 478
66.2672 -27.4446 478
65.4523 -27.4446 478
64.6375 -27.4446 478
63.8226 -27.4446 478
74.4159 -28.2601 478
73.601 -28.2601 478
72.7862 -28.2601 478
71.9713 -28.2601 478
71.1564 -28.2601 478
70.3415 -28.2601 478
69.3812 -28.201 477
68.5681 -28.201 477
67.8969 -28.2601 478
67.0821 -28.2601 478
66.2672 -28.2601 478
65.4523 -28.2601 478
64.6375 -28.2601 478
63.8226 -28.2601 478
72.7862 -29.0757 478
71.9713 -29.0757 478
71.1564 -29.0757 478
70.1944 -29.0148 477
69.2358 -28.954 476
68.5681 -29.0148 477
67.8969 -29.0757 478
67.0821 -29.0757 478
66.2672 -29.0757 478
65.4523 -29.0757 478
64.6375 -29.0757 478
63.8226 -29.0757 478
72.6339 -29.8286 477
71.8207 -29.8286 477
71.0076 -29.8286 477
70.1944 -29.8286 477
69.2358 -29.7661 476
68.5681 -29.8286 477
67.8969 -29.8912 478
67.0821 -29.8912 478
66.2672 -29.8912 478
72.6339 -30.6425 477
71.8207 -30.6425 477
71.0076 -30.6425 477
70.1944 -30.6425 477
69.2358 -30.5782 476
68.5681 -30.6425 477
67.8969 -30.7067 478
67.0821 -30.7067 478
66.2672 -30.7067 478
